2025-05-17 00:00:54,945 - INFO - 
==================================================
EMA Cross Analysis - 1000PEPE/USDT
Time: 2025-05-16 23:55:00+09:00
Type: dead
Cross Character (Current): Weak
Cross Character (New): Weak
Price at Cross: 0.013513

1. Pre-Cross Pattern (15min):
EMA Distance Changes (%): ['0.168', '0.095', '0.025', '0.005']
EMA12 Changes (%): ['-0.186', '-0.115', '-0.122', '-0.052']
Price Changes (%): ['-1.121', '0.280', '-0.160', '0.331']
Candle Analysis:
    Body Sizes (%): ['1.117', '0.288', '0.161', '0.331']
    Upper Shadows (%): ['0.005', '0.188', '0.296', '0.194']
    Lower Shadows (%): ['0.012', '0.448', '0.291', '0.000']
Volumes: [np.float64(712541052.0), np.float64(612278288.0), np.float64(473575214.0), np.float64(232231316.0)]
2025-05-17 00:00:54,946 - INFO - 
2. Post-Cross Movement (30min):
5min Price Changes (%): ['0.289']
Maximum Change: 0.289% after 5 minutes
Candle Analysis:
    Body Sizes (%): ['0.289']
    Upper Shadows (%): ['0.021']
    Lower Shadows (%): ['0.007']
Volumes: [np.float64(95019604.0)]
==================================================
2025-05-17 00:05:32,545 - INFO - 
==================================================
EMA Cross Analysis - 1000PEPE/USDT
Time: 2025-05-17 00:00:00+09:00
Type: golden
Cross Character (Current): Weak
Cross Character (New): Weak
Price at Cross: 0.0136467

1. Pre-Cross Pattern (15min):
EMA Distance Changes (%): ['0.095', '0.025', '0.005', '0.051']
EMA12 Changes (%): ['-0.115', '-0.122', '-0.052', '0.107']
Price Changes (%): ['0.280', '-0.160', '0.331', '0.989']
Candle Analysis:
    Body Sizes (%): ['0.288', '0.161', '0.331', '0.989']
    Upper Shadows (%): ['0.188', '0.296', '0.194', '0.000']
    Lower Shadows (%): ['0.448', '0.291', '0.000', '0.007']
Volumes: [np.float64(612278288.0), np.float64(473575214.0), np.float64(232231316.0), np.float64(478322230.0)]
2025-05-17 00:05:32,545 - INFO - 
2. Post-Cross Movement (30min):
5min Price Changes (%): ['-0.114']
Maximum Change: -0.114% after 5 minutes
Candle Analysis:
    Body Sizes (%): ['0.114']
    Upper Shadows (%): ['0.067']
    Lower Shadows (%): ['0.051']
Volumes: [np.float64(90450672.0)]
==================================================
2025-05-17 00:10:14,272 - INFO - 
==================================================
EMA Cross Analysis - EOS/USDT
Time: 2025-05-17 00:05:00+09:00
Type: golden
Cross Character (Current): Weak
Cross Character (New): Weak
Price at Cross: 0.854

1. Pre-Cross Pattern (15min):
EMA Distance Changes (%): ['0.033', '0.070', '0.051', '0.020']
EMA12 Changes (%): ['-0.090', '-0.076', '0.026', '0.131']
Price Changes (%): ['-0.590', '0.000', '0.593', '0.708']
Candle Analysis:
    Body Sizes (%): ['0.590', '0.000', '0.713', '0.589']
    Upper Shadows (%): ['0.118', '0.119', '0.119', '0.118']
    Lower Shadows (%): ['0.236', '0.356', '0.000', '0.118']
Volumes: [np.float64(630922.4), np.float64(393567.6), np.float64(576695.5), np.float64(1864418.6)]
2025-05-17 00:10:14,272 - INFO - 
2. Post-Cross Movement (30min):
5min Price Changes (%): ['0.000']
Maximum Change: 0.000% after 0 minutes
Candle Analysis:
    Body Sizes (%): ['0.000']
    Upper Shadows (%): ['0.117']
    Lower Shadows (%): ['0.117']
Volumes: [np.float64(31136.9)]
==================================================
2025-05-17 00:15:58,239 - INFO - 
==================================================
EMA Cross Analysis - DOGE/USDT
Time: 2025-05-17 00:15:00+09:00
Type: golden
Cross Character (Current): Weak
Cross Character (New): Weak
Price at Cross: 0.22875

1. Pre-Cross Pattern (15min):
EMA Distance Changes (%): ['0.129', '0.093', '0.038', '0.019']
EMA12 Changes (%): ['0.086', '0.052', '0.093', '0.106']
Price Changes (%): ['0.769', '-0.136', '0.316', '0.180']
Candle Analysis:
    Body Sizes (%): ['0.765', '0.136', '0.321', '0.180']
    Upper Shadows (%): ['0.018', '0.018', '0.281', '0.004']
    Lower Shadows (%): ['0.031', '0.092', '0.000', '0.048']
Volumes: [np.float64(26357588.0), np.float64(21093895.0), np.float64(32655083.0), np.float64(4829242.0)]
2025-05-17 00:15:58,240 - INFO - 
2. Post-Cross Movement (30min):
5min Price Changes (%): []
Maximum Change: 0.000% after 0 minutes
Candle Analysis:
    Body Sizes (%): []
    Upper Shadows (%): []
    Lower Shadows (%): []
Volumes: []
==================================================
2025-05-17 00:15:58,474 - INFO - 
==================================================
EMA Cross Analysis - XLM/USDT
Time: 2025-05-17 00:15:00+09:00
Type: golden
Cross Character (Current): Weak
Cross Character (New): Weak
Price at Cross: 0.29981

1. Pre-Cross Pattern (15min):
EMA Distance Changes (%): ['0.080', '0.047', '0.010', '0.028']
EMA12 Changes (%): ['0.054', '0.052', '0.066', '0.072']
Price Changes (%): ['0.440', '0.043', '0.144', '0.104']
Candle Analysis:
    Body Sizes (%): ['0.437', '0.043', '0.147', '0.104']
    Upper Shadows (%): ['0.047', '0.027', '0.181', '0.013']
    Lower Shadows (%): ['0.050', '0.110', '0.000', '0.033']
Volumes: [np.float64(2269035.0), np.float64(561103.0), np.float64(849213.0), np.float64(108144.0)]
2025-05-17 00:15:58,474 - INFO - 
2. Post-Cross Movement (30min):
5min Price Changes (%): []
Maximum Change: 0.000% after 0 minutes
Candle Analysis:
    Body Sizes (%): []
    Upper Shadows (%): []
    Lower Shadows (%): []
Volumes: []
==================================================
2025-05-17 00:16:01,784 - INFO - 
==================================================
EMA Cross Analysis - PENGU/USDT
Time: 2025-05-17 00:15:00+09:00
Type: golden
Cross Character (Current): Weak
Cross Character (New): Weak
Price at Cross: 0.013676

1. Pre-Cross Pattern (15min):
EMA Distance Changes (%): ['0.177', '0.124', '0.040', '0.018']
EMA12 Changes (%): ['0.143', '0.079', '0.145', '0.107']
Price Changes (%): ['0.983', '-0.271', '0.507', '-0.102']
Candle Analysis:
    Body Sizes (%): ['0.968', '0.256', '0.484', '0.110']
    Upper Shadows (%): ['0.037', '0.073', '0.389', '0.037']
    Lower Shadows (%): ['0.007', '0.088', '0.000', '0.073']
Volumes: [np.float64(37510420.0), np.float64(44291820.0), np.float64(65726638.0), np.float64(5036826.0)]
2025-05-17 00:16:01,784 - INFO - 
2. Post-Cross Movement (30min):
5min Price Changes (%): []
Maximum Change: 0.000% after 0 minutes
Candle Analysis:
    Body Sizes (%): []
    Upper Shadows (%): []
    Lower Shadows (%): []
Volumes: []
==================================================
2025-05-17 00:20:36,306 - INFO - 
==================================================
EMA Cross Analysis - DOGE/USDT
Time: 2025-05-17 00:20:00+09:00
Type: golden
Cross Character (Current): Weak
Cross Character (New): Weak
Price at Cross: 0.22782

1. Pre-Cross Pattern (15min):
EMA Distance Changes (%): ['0.093', '0.038', '0.011', '0.008']
EMA12 Changes (%): ['0.052', '0.093', '0.047', '0.036']
Price Changes (%): ['-0.136', '0.316', '-0.206', '-0.022']
Candle Analysis:
    Body Sizes (%): ['0.136', '0.321', '0.206', '0.026']
    Upper Shadows (%): ['0.018', '0.281', '0.210', '0.092']
    Lower Shadows (%): ['0.092', '0.000', '0.022', '0.004']
Volumes: [np.float64(21093895.0), np.float64(32655083.0), np.float64(21624135.0), np.float64(2043288.0)]
2025-05-17 00:20:36,307 - INFO - 
2. Post-Cross Movement (30min):
5min Price Changes (%): []
Maximum Change: 0.000% after 0 minutes
Candle Analysis:
    Body Sizes (%): []
    Upper Shadows (%): []
    Lower Shadows (%): []
Volumes: []
==================================================
2025-05-17 00:20:36,572 - INFO - 
==================================================
EMA Cross Analysis - XLM/USDT
Time: 2025-05-17 00:15:00+09:00
Type: golden
Cross Character (Current): Weak
Cross Character (New): Weak
Price at Cross: 0.29914

1. Pre-Cross Pattern (15min):
EMA Distance Changes (%): ['0.080', '0.047', '0.010', '0.011']
EMA12 Changes (%): ['0.054', '0.052', '0.066', '0.038']
Price Changes (%): ['0.440', '0.043', '0.144', '-0.120']
Candle Analysis:
    Body Sizes (%): ['0.437', '0.043', '0.147', '0.120']
    Upper Shadows (%): ['0.047', '0.027', '0.181', '0.117']
    Lower Shadows (%): ['0.050', '0.110', '0.000', '0.023']
Volumes: [np.float64(2269035.0), np.float64(561103.0), np.float64(849213.0), np.float64(632178.0)]
2025-05-17 00:20:36,572 - INFO - 
2. Post-Cross Movement (30min):
5min Price Changes (%): ['-0.050']
Maximum Change: -0.050% after 5 minutes
Candle Analysis:
    Body Sizes (%): ['0.050']
    Upper Shadows (%): ['0.030']
    Lower Shadows (%): ['0.010']
Volumes: [np.float64(28324.0)]
==================================================
2025-05-17 00:25:13,832 - INFO - 
==================================================
EMA Cross Analysis - DOGE/USDT
Time: 2025-05-17 00:20:00+09:00
Type: golden
Cross Character (Current): Weak
Cross Character (New): Weak
Price at Cross: 0.22773

1. Pre-Cross Pattern (15min):
EMA Distance Changes (%): ['0.093', '0.038', '0.011', '0.005']
EMA12 Changes (%): ['0.052', '0.093', '0.047', '0.030']
Price Changes (%): ['-0.136', '0.316', '-0.206', '-0.061']
Candle Analysis:
    Body Sizes (%): ['0.136', '0.321', '0.206', '0.066']
    Upper Shadows (%): ['0.018', '0.281', '0.210', '0.092']
    Lower Shadows (%): ['0.092', '0.000', '0.022', '0.110']
Volumes: [np.float64(21093895.0), np.float64(32655083.0), np.float64(21624135.0), np.float64(14194911.0)]
2025-05-17 00:25:13,832 - INFO - 
2. Post-Cross Movement (30min):
5min Price Changes (%): ['0.075']
Maximum Change: 0.075% after 5 minutes
Candle Analysis:
    Body Sizes (%): ['0.075']
    Upper Shadows (%): ['0.009']
    Lower Shadows (%): ['0.026']
Volumes: [np.float64(573066.0)]
==================================================
2025-05-17 00:31:03,252 - INFO - 
==================================================
EMA Cross Analysis - PENGU/USDT
Time: 2025-05-17 00:30:00+09:00
Type: golden
Cross Character (Current): Weak
Cross Character (New): Weak
Price at Cross: 0.013604

1. Pre-Cross Pattern (15min):
EMA Distance Changes (%): ['0.038', '0.031', '0.010', '0.000']
EMA12 Changes (%): ['-0.002', '0.009', '0.035', '0.018']
Price Changes (%): ['-0.804', '0.074', '0.177', '-0.073']
Candle Analysis:
    Body Sizes (%): ['0.811', '0.074', '0.177', '0.073']
    Upper Shadows (%): ['0.037', '0.081', '0.096', '0.147']
    Lower Shadows (%): ['0.110', '0.199', '0.103', '0.066']
Volumes: [np.float64(24527716.0), np.float64(19464631.0), np.float64(17796127.0), np.float64(7499978.0)]
2025-05-17 00:31:03,252 - INFO - 
2. Post-Cross Movement (30min):
5min Price Changes (%): []
Maximum Change: 0.000% after 0 minutes
Candle Analysis:
    Body Sizes (%): []
    Upper Shadows (%): []
    Lower Shadows (%): []
Volumes: []
==================================================
2025-05-17 00:35:39,092 - INFO - 
==================================================
EMA Cross Analysis - ARPA/USDT
Time: 2025-05-17 00:35:00+09:00
Type: golden
Cross Character (Current): Weak
Cross Character (New): Weak
Price at Cross: 0.02614

1. Pre-Cross Pattern (15min):
EMA Distance Changes (%): ['0.060', '0.045', '0.011', '0.009']
EMA12 Changes (%): ['0.045', '0.020', '0.058', '0.038']
Price Changes (%): ['-0.038', '-0.115', '0.268', '-0.076']
Candle Analysis:
    Body Sizes (%): ['0.077', '0.115', '0.268', '0.038']
    Upper Shadows (%): ['0.077', '0.077', '0.077', '0.000']
    Lower Shadows (%): ['0.115', '0.000', '0.000', '0.000']
Volumes: [np.float64(281430.0), np.float64(60430.0), np.float64(278026.0), np.float64(1835.0)]
2025-05-17 00:35:39,092 - INFO - 
2. Post-Cross Movement (30min):
5min Price Changes (%): []
Maximum Change: 0.000% after 0 minutes
Candle Analysis:
    Body Sizes (%): []
    Upper Shadows (%): []
    Lower Shadows (%): []
Volumes: []
==================================================
2025-05-17 00:35:40,976 - INFO - 
==================================================
EMA Cross Analysis - ATA/USDT
Time: 2025-05-17 00:35:00+09:00
Type: golden
Cross Character (Current): Weak
Cross Character (New): Weak
Price at Cross: 0.0608

1. Pre-Cross Pattern (15min):
EMA Distance Changes (%): ['0.034', '0.036', '0.011', '0.009']
EMA12 Changes (%): ['0.020', '-0.008', '0.044', '0.037']
Price Changes (%): ['-0.328', '-0.165', '0.330', '0.000']
Candle Analysis:
    Body Sizes (%): ['0.164', '0.329', '0.330', '0.000']
    Upper Shadows (%): ['0.164', '0.000', '0.165', '0.000']
    Lower Shadows (%): ['0.000', '0.000', '0.000', '0.164']
Volumes: [np.float64(60280.0), np.float64(35570.0), np.float64(50355.0), np.float64(5865.0)]
2025-05-17 00:35:40,976 - INFO - 
2. Post-Cross Movement (30min):
5min Price Changes (%): []
Maximum Change: 0.000% after 0 minutes
Candle Analysis:
    Body Sizes (%): []
    Upper Shadows (%): []
    Lower Shadows (%): []
Volumes: []
==================================================
2025-05-17 00:35:44,078 - INFO - 
==================================================
EMA Cross Analysis - MELANIA/USDT
Time: 2025-05-17 00:35:00+09:00
Type: golden
Cross Character (Current): Weak
Cross Character (New): Weak
Price at Cross: 0.3508

1. Pre-Cross Pattern (15min):
EMA Distance Changes (%): ['0.027', '0.023', '0.007', '0.007']
EMA12 Changes (%): ['0.019', '0.003', '0.029', '0.025']
Price Changes (%): ['0.000', '-0.086', '0.171', '0.000']
Candle Analysis:
    Body Sizes (%): ['0.000', '0.057', '0.171', '0.000']
    Upper Shadows (%): ['0.114', '0.143', '0.171', '0.029']
    Lower Shadows (%): ['0.285', '0.114', '0.114', '0.057']
Volumes: [np.float64(176646.65), np.float64(69637.97), np.float64(118300.41), np.float64(7019.13)]
2025-05-17 00:35:44,078 - INFO - 
2. Post-Cross Movement (30min):
5min Price Changes (%): []
Maximum Change: 0.000% after 0 minutes
Candle Analysis:
    Body Sizes (%): []
    Upper Shadows (%): []
    Lower Shadows (%): []
Volumes: []
==================================================
2025-05-17 00:40:11,942 - INFO - 
==================================================
EMA Cross Analysis - HIPPO/USDT
Time: 2025-05-17 00:40:00+09:00
Type: dead
Cross Character (Current): Weak
Cross Character (New): Weak
Price at Cross: 0.003775

1. Pre-Cross Pattern (15min):
EMA Distance Changes (%): ['0.060', '0.059', '0.008', '0.034']
EMA12 Changes (%): ['-0.143', '0.008', '-0.090', '-0.080']
Price Changes (%): ['-0.423', '0.849', '-0.632', '-0.026']
Candle Analysis:
    Body Sizes (%): ['0.370', '0.903', '0.605', '0.000']
    Upper Shadows (%): ['0.212', '0.186', '0.632', '0.053']
    Lower Shadows (%): ['0.212', '0.133', '0.263', '0.106']
Volumes: [np.float64(82492158.0), np.float64(51543397.0), np.float64(45134827.0), np.float64(1383627.0)]
2025-05-17 00:40:11,943 - INFO - 
2. Post-Cross Movement (30min):
5min Price Changes (%): []
Maximum Change: 0.000% after 0 minutes
Candle Analysis:
    Body Sizes (%): []
    Upper Shadows (%): []
    Lower Shadows (%): []
Volumes: []
==================================================
2025-05-17 00:40:19,815 - INFO - 
==================================================
EMA Cross Analysis - HIVE/USDT
Time: 2025-05-17 00:40:00+09:00
Type: dead
Cross Character (Current): Weak
Cross Character (New): Weak
Price at Cross: 0.27383

1. Pre-Cross Pattern (15min):
EMA Distance Changes (%): ['0.035', '0.029', '0.010', '0.004']
EMA12 Changes (%): ['-0.052', '-0.007', '-0.032', '-0.026']
Price Changes (%): ['0.165', '0.241', '-0.168', '0.007']
Candle Analysis:
    Body Sizes (%): ['0.117', '0.208', '0.179', '0.007']
    Upper Shadows (%): ['0.070', '0.040', '0.368', '0.026']
    Lower Shadows (%): ['0.033', '0.132', '0.190', '0.018']
Volumes: [np.float64(141287.0), np.float64(82172.0), np.float64(186749.0), np.float64(3133.0)]
2025-05-17 00:40:19,815 - INFO - 
2. Post-Cross Movement (30min):
5min Price Changes (%): []
Maximum Change: 0.000% after 0 minutes
Candle Analysis:
    Body Sizes (%): []
    Upper Shadows (%): []
    Lower Shadows (%): []
Volumes: []
==================================================
2025-05-17 00:46:02,922 - INFO - 
==================================================
EMA Cross Analysis - EOS/USDT
Time: 2025-05-17 00:40:00+09:00
Type: dead
Cross Character (Current): Weak
Cross Character (New): Weak
Price at Cross: 0.844

1. Pre-Cross Pattern (15min):
EMA Distance Changes (%): ['0.119', '0.094', '0.044', '0.005']
EMA12 Changes (%): ['0.068', '-0.033', '-0.082', '-0.088']
Price Changes (%): ['0.235', '-0.586', '-0.354', '-0.118']
Candle Analysis:
    Body Sizes (%): ['0.235', '0.586', '0.354', '0.118']
    Upper Shadows (%): ['0.118', '0.117', '0.118', '0.118']
    Lower Shadows (%): ['0.118', '0.117', '0.118', '0.000']
Volumes: [np.float64(439390.6), np.float64(725418.8), np.float64(867134.3), np.float64(434184.8)]
2025-05-17 00:46:02,922 - INFO - 
2. Post-Cross Movement (30min):
5min Price Changes (%): ['0.000']
Maximum Change: 0.000% after 0 minutes
Candle Analysis:
    Body Sizes (%): ['0.000']
    Upper Shadows (%): ['0.355']
    Lower Shadows (%): ['0.000']
Volumes: [np.float64(144963.9)]
==================================================
2025-05-17 00:46:05,866 - INFO - 
==================================================
EMA Cross Analysis - HIVE/USDT
Time: 2025-05-17 00:45:00+09:00
Type: dead
Cross Character (Current): Weak
Cross Character (New): Weak
Price at Cross: 0.27393

1. Pre-Cross Pattern (15min):
EMA Distance Changes (%): ['0.029', '0.010', '0.000', '0.009']
EMA12 Changes (%): ['-0.007', '-0.032', '-0.017', '-0.017']
Price Changes (%): ['0.241', '-0.168', '0.062', '-0.018']
Candle Analysis:
    Body Sizes (%): ['0.208', '0.179', '0.062', '0.026']
    Upper Shadows (%): ['0.040', '0.368', '0.256', '0.088']
    Lower Shadows (%): ['0.132', '0.190', '0.040', '0.011']
Volumes: [np.float64(82172.0), np.float64(186749.0), np.float64(125078.0), np.float64(11346.0)]
2025-05-17 00:46:05,866 - INFO - 
2. Post-Cross Movement (30min):
5min Price Changes (%): []
Maximum Change: 0.000% after 0 minutes
Candle Analysis:
    Body Sizes (%): []
    Upper Shadows (%): []
    Lower Shadows (%): []
Volumes: []
==================================================
2025-05-17 00:50:35,264 - INFO - 
==================================================
EMA Cross Analysis - HIPPO/USDT
Time: 2025-05-17 00:45:00+09:00
Type: dead
Cross Character (Current): Weak
Cross Character (New): Weak
Price at Cross: 0.003785

1. Pre-Cross Pattern (15min):
EMA Distance Changes (%): ['0.059', '0.008', '0.012', '0.010']
EMA12 Changes (%): ['0.008', '-0.090', '0.009', '-0.041']
Price Changes (%): ['0.849', '-0.632', '0.556', '-0.316']
Candle Analysis:
    Body Sizes (%): ['0.903', '0.605', '0.583', '0.316']
    Upper Shadows (%): ['0.186', '0.632', '0.450', '0.421']
    Lower Shadows (%): ['0.133', '0.263', '0.106', '0.237']
Volumes: [np.float64(51543397.0), np.float64(45134827.0), np.float64(45080977.0), np.float64(36382974.0)]
2025-05-17 00:50:35,264 - INFO - 
2. Post-Cross Movement (30min):
5min Price Changes (%): ['0.264']
Maximum Change: 0.264% after 5 minutes
Candle Analysis:
    Body Sizes (%): ['0.264']
    Upper Shadows (%): ['0.026']
    Lower Shadows (%): ['0.026']
Volumes: [np.float64(3151221.0)]
==================================================
2025-05-17 00:50:41,632 - INFO - 
==================================================
EMA Cross Analysis - PENGU/USDT
Time: 2025-05-17 00:45:00+09:00
Type: golden
Cross Character (Current): Weak
Cross Character (New): Weak
Price at Cross: 0.013686

1. Pre-Cross Pattern (15min):
EMA Distance Changes (%): ['0.003', '0.031', '0.003', '0.054']
EMA12 Changes (%): ['0.013', '-0.054', '0.049', '0.110']
Price Changes (%): ['-0.110', '-0.419', '0.613', '0.448']
Candle Analysis:
    Body Sizes (%): ['0.110', '0.419', '0.613', '0.448']
    Upper Shadows (%): ['0.191', '0.294', '0.185', '0.154']
    Lower Shadows (%): ['0.191', '0.103', '0.059', '0.000']
Volumes: [np.float64(18182862.0), np.float64(17953142.0), np.float64(15866663.0), np.float64(16890929.0)]
2025-05-17 00:50:41,633 - INFO - 
2. Post-Cross Movement (30min):
5min Price Changes (%): ['-0.058']
Maximum Change: -0.058% after 5 minutes
Candle Analysis:
    Body Sizes (%): ['0.066']
    Upper Shadows (%): ['0.102']
    Lower Shadows (%): ['0.000']
Volumes: [np.float64(6218123.0)]
==================================================
2025-05-17 00:50:43,457 - INFO - 
==================================================
EMA Cross Analysis - HIVE/USDT
Time: 2025-05-17 00:45:00+09:00
Type: dead
Cross Character (Current): Weak
Cross Character (New): Weak
Price at Cross: 0.27345

1. Pre-Cross Pattern (15min):
EMA Distance Changes (%): ['0.029', '0.010', '0.000', '0.023']
EMA12 Changes (%): ['-0.007', '-0.032', '-0.017', '-0.044']
Price Changes (%): ['0.241', '-0.168', '0.062', '-0.193']
Candle Analysis:
    Body Sizes (%): ['0.208', '0.179', '0.062', '0.201']
    Upper Shadows (%): ['0.040', '0.368', '0.256', '0.193']
    Lower Shadows (%): ['0.132', '0.190', '0.040', '0.102']
Volumes: [np.float64(82172.0), np.float64(186749.0), np.float64(125078.0), np.float64(87604.0)]
2025-05-17 00:50:43,457 - INFO - 
2. Post-Cross Movement (30min):
5min Price Changes (%): ['0.161']
Maximum Change: 0.161% after 5 minutes
Candle Analysis:
    Body Sizes (%): ['0.128']
    Upper Shadows (%): ['0.026']
    Lower Shadows (%): ['0.011']
Volumes: [np.float64(10135.0)]
==================================================
2025-05-17 00:55:22,917 - INFO - 
==================================================
EMA Cross Analysis - MELANIA/USDT
Time: 2025-05-17 00:50:00+09:00
Type: golden
Cross Character (Current): Weak
Cross Character (New): Weak
Price at Cross: 0.3512

1. Pre-Cross Pattern (15min):
EMA Distance Changes (%): ['0.025', '0.026', '0.017', '0.008']
EMA12 Changes (%): ['-0.037', '-0.005', '0.013', '0.046']
Price Changes (%): ['-0.399', '0.172', '0.114', '0.228']
Candle Analysis:
    Body Sizes (%): ['0.399', '0.200', '0.114', '0.228']
    Upper Shadows (%): ['0.057', '0.115', '0.200', '0.029']
    Lower Shadows (%): ['0.171', '0.057', '0.000', '0.171']
Volumes: [np.float64(179804.26), np.float64(123526.44), np.float64(89378.43), np.float64(45496.11)]
2025-05-17 00:55:22,918 - INFO - 
2. Post-Cross Movement (30min):
5min Price Changes (%): ['0.000']
Maximum Change: 0.000% after 0 minutes
Candle Analysis:
    Body Sizes (%): ['0.028']
    Upper Shadows (%): ['0.000']
    Lower Shadows (%): ['0.057']
Volumes: [np.float64(1351.41)]
==================================================
2025-05-17 01:00:59,000 - INFO - 
==================================================
EMA Cross Analysis - BAKE/USDT
Time: 2025-05-17 01:00:00+09:00
Type: golden
Cross Character (Current): Weak
Cross Character (New): Weak
Price at Cross: 0.1388

1. Pre-Cross Pattern (15min):
EMA Distance Changes (%): ['0.222', '0.137', '0.064', '0.000']
EMA12 Changes (%): ['0.010', '0.131', '0.122', '0.114']
Price Changes (%): ['0.073', '0.800', '0.072', '0.072']
Candle Analysis:
    Body Sizes (%): ['0.000', '0.727', '0.072', '0.072']
    Upper Shadows (%): ['0.218', '0.218', '0.649', '0.072']
    Lower Shadows (%): ['0.073', '0.073', '0.144', '0.000']
Volumes: [np.float64(98112.0), np.float64(546818.0), np.float64(1064901.0), np.float64(36145.0)]
2025-05-17 01:00:59,000 - INFO - 
2. Post-Cross Movement (30min):
5min Price Changes (%): []
Maximum Change: 0.000% after 0 minutes
Candle Analysis:
    Body Sizes (%): []
    Upper Shadows (%): []
    Lower Shadows (%): []
Volumes: []
==================================================
2025-05-17 01:01:04,447 - INFO - 
==================================================
EMA Cross Analysis - WLD/USDT
Time: 2025-05-17 01:00:00+09:00
Type: golden
Cross Character (Current): Weak
Cross Character (New): Weak
Price at Cross: 1.1718

1. Pre-Cross Pattern (15min):
EMA Distance Changes (%): ['0.141', '0.103', '0.027', '0.043']
EMA12 Changes (%): ['0.009', '0.052', '0.132', '0.133']
Price Changes (%): ['0.026', '0.293', '0.567', '0.137']
Candle Analysis:
    Body Sizes (%): ['0.009', '0.293', '0.584', '0.154']
    Upper Shadows (%): ['0.379', '0.026', '0.327', '0.017']
    Lower Shadows (%): ['0.121', '0.078', '0.258', '0.145']
Volumes: [np.float64(237329.0), np.float64(174494.0), np.float64(881094.0), np.float64(308487.0)]
2025-05-17 01:01:04,447 - INFO - 
2. Post-Cross Movement (30min):
5min Price Changes (%): []
Maximum Change: 0.000% after 0 minutes
Candle Analysis:
    Body Sizes (%): []
    Upper Shadows (%): []
    Lower Shadows (%): []
Volumes: []
==================================================
2025-05-17 01:01:06,231 - INFO - 
==================================================
EMA Cross Analysis - MOVE/USDT
Time: 2025-05-17 01:00:00+09:00
Type: golden
Cross Character (Current): Weak
Cross Character (New): Weak
Price at Cross: 0.1978

1. Pre-Cross Pattern (15min):
EMA Distance Changes (%): ['0.050', '0.023', '0.001', '0.029']
EMA12 Changes (%): ['-0.000', '0.047', '0.039', '0.057']
Price Changes (%): ['0.102', '0.305', '0.000', '0.152']
Candle Analysis:
    Body Sizes (%): ['0.000', '0.254', '0.051', '0.152']
    Upper Shadows (%): ['0.356', '0.000', '0.051', '0.000']
    Lower Shadows (%): ['0.102', '0.102', '0.101', '0.101']
Volumes: [np.float64(233567.0), np.float64(383443.0), np.float64(211769.0), np.float64(171722.0)]
2025-05-17 01:01:06,231 - INFO - 
2. Post-Cross Movement (30min):
5min Price Changes (%): []
Maximum Change: 0.000% after 0 minutes
Candle Analysis:
    Body Sizes (%): []
    Upper Shadows (%): []
    Lower Shadows (%): []
Volumes: []
==================================================
2025-05-17 01:01:08,241 - INFO - 
==================================================
EMA Cross Analysis - VANA/USDT
Time: 2025-05-17 00:55:00+09:00
Type: golden
Cross Character (Current): Weak
Cross Character (New): Weak
Price at Cross: 6.131

1. Pre-Cross Pattern (15min):
EMA Distance Changes (%): ['0.030', '0.029', '0.014', '0.008']
EMA12 Changes (%): ['0.002', '-0.004', '0.025', '0.041']
Price Changes (%): ['-0.196', '-0.033', '0.180', '0.131']
Candle Analysis:
    Body Sizes (%): ['0.180', '0.098', '0.147', '0.147']
    Upper Shadows (%): ['0.229', '0.262', '0.016', '0.000']
    Lower Shadows (%): ['0.033', '0.098', '0.114', '0.049']
Volumes: [np.float64(7460.31), np.float64(3536.97), np.float64(1757.91), np.float64(3651.38)]
2025-05-17 01:01:08,241 - INFO - 
2. Post-Cross Movement (30min):
5min Price Changes (%): ['0.147']
Maximum Change: 0.147% after 5 minutes
Candle Analysis:
    Body Sizes (%): ['0.147']
    Upper Shadows (%): ['0.016']
    Lower Shadows (%): ['0.098']
Volumes: [np.float64(2673.85)]
==================================================
2025-05-17 01:05:34,629 - INFO - 
==================================================
EMA Cross Analysis - TIA/USDT
Time: 2025-05-17 01:05:00+09:00
Type: golden
Cross Character (Current): Weak
Cross Character (New): Weak
Price at Cross: 2.7526

1. Pre-Cross Pattern (15min):
EMA Distance Changes (%): ['0.086', '0.054', '0.002', '0.039']
EMA12 Changes (%): ['0.036', '0.050', '0.093', '0.079']
Price Changes (%): ['0.234', '0.128', '0.328', '0.004']
Candle Analysis:
    Body Sizes (%): ['0.230', '0.135', '0.321', '0.000']
    Upper Shadows (%): ['0.018', '0.022', '0.109', '0.167']
    Lower Shadows (%): ['0.077', '0.172', '0.066', '0.007']
Volumes: [np.float64(55660.0), np.float64(90300.0), np.float64(150137.0), np.float64(20851.0)]
2025-05-17 01:05:34,629 - INFO - 
2. Post-Cross Movement (30min):
5min Price Changes (%): []
Maximum Change: 0.000% after 0 minutes
Candle Analysis:
    Body Sizes (%): []
    Upper Shadows (%): []
    Lower Shadows (%): []
Volumes: []
==================================================
2025-05-17 01:05:34,863 - INFO - 
==================================================
EMA Cross Analysis - DOGS/USDT
Time: 2025-05-17 01:05:00+09:00
Type: golden
Cross Character (Current): Weak
Cross Character (New): Weak
Price at Cross: 0.0001914

1. Pre-Cross Pattern (15min):
EMA Distance Changes (%): ['0.106', '0.076', '0.001', '0.053']
EMA12 Changes (%): ['0.041', '0.043', '0.133', '0.105']
Price Changes (%): ['0.422', '0.053', '0.631', '-0.052']
Candle Analysis:
    Body Sizes (%): ['0.369', '0.158', '0.631', '0.052']
    Upper Shadows (%): ['0.000', '0.000', '0.053', '0.209']
    Lower Shadows (%): ['0.053', '0.211', '0.053', '0.000']
Volumes: [np.float64(76622664.0), np.float64(168633938.0), np.float64(477388709.0), np.float64(35244270.0)]
2025-05-17 01:05:34,864 - INFO - 
2. Post-Cross Movement (30min):
5min Price Changes (%): []
Maximum Change: 0.000% after 0 minutes
Candle Analysis:
    Body Sizes (%): []
    Upper Shadows (%): []
    Lower Shadows (%): []
Volumes: []
==================================================
2025-05-17 01:05:36,696 - INFO - 
==================================================
EMA Cross Analysis - BAKE/USDT
Time: 2025-05-17 01:00:00+09:00
Type: golden
Cross Character (Current): Weak
Cross Character (New): Weak
Price at Cross: 0.1394

1. Pre-Cross Pattern (15min):
EMA Distance Changes (%): ['0.222', '0.137', '0.064', '0.034']
EMA12 Changes (%): ['0.010', '0.131', '0.122', '0.181']
Price Changes (%): ['0.073', '0.800', '0.072', '0.505']
Candle Analysis:
    Body Sizes (%): ['0.000', '0.727', '0.072', '0.505']
    Upper Shadows (%): ['0.218', '0.218', '0.649', '0.072']
    Lower Shadows (%): ['0.073', '0.073', '0.144', '0.000']
Volumes: [np.float64(98112.0), np.float64(546818.0), np.float64(1064901.0), np.float64(310608.0)]
2025-05-17 01:05:36,697 - INFO - 
2. Post-Cross Movement (30min):
5min Price Changes (%): ['-0.143']
Maximum Change: -0.143% after 5 minutes
Candle Analysis:
    Body Sizes (%): ['0.215']
    Upper Shadows (%): ['0.072']
    Lower Shadows (%): ['0.000']
Volumes: [np.float64(60941.0)]
==================================================
2025-05-17 01:05:37,630 - INFO - 
==================================================
EMA Cross Analysis - LINK/USDT
Time: 2025-05-17 01:05:00+09:00
Type: golden
Cross Character (Current): Weak
Cross Character (New): Weak
Price at Cross: 16.286

1. Pre-Cross Pattern (15min):
EMA Distance Changes (%): ['0.079', '0.054', '0.005', '0.024']
EMA12 Changes (%): ['0.020', '0.038', '0.087', '0.055']
Price Changes (%): ['0.167', '0.136', '0.357', '-0.117']
Candle Analysis:
    Body Sizes (%): ['0.167', '0.142', '0.363', '0.123']
    Upper Shadows (%): ['0.037', '0.012', '0.074', '0.110']
    Lower Shadows (%): ['0.068', '0.136', '0.105', '0.000']
Volumes: [np.float64(23926.8), np.float64(31603.61), np.float64(192240.77), np.float64(7812.55)]
2025-05-17 01:05:37,630 - INFO - 
2. Post-Cross Movement (30min):
5min Price Changes (%): []
Maximum Change: 0.000% after 0 minutes
Candle Analysis:
    Body Sizes (%): []
    Upper Shadows (%): []
    Lower Shadows (%): []
Volumes: []
==================================================
2025-05-17 01:05:38,580 - INFO - 
==================================================
EMA Cross Analysis - PHA/USDT
Time: 2025-05-17 01:05:00+09:00
Type: golden
Cross Character (Current): Weak
Cross Character (New): Weak
Price at Cross: 0.13768

1. Pre-Cross Pattern (15min):
EMA Distance Changes (%): ['0.089', '0.064', '0.019', '0.024']
EMA12 Changes (%): ['0.015', '0.035', '0.078', '0.081']
Price Changes (%): ['0.308', '0.146', '0.314', '0.095']
Candle Analysis:
    Body Sizes (%): ['0.264', '0.146', '0.314', '0.022']
    Upper Shadows (%): ['0.000', '0.037', '0.102', '0.087']
    Lower Shadows (%): ['0.000', '0.095', '0.036', '0.000']
Volumes: [np.float64(18506.0), np.float64(17031.0), np.float64(62945.0), np.float64(6540.0)]
2025-05-17 01:05:38,580 - INFO - 
2. Post-Cross Movement (30min):
5min Price Changes (%): []
Maximum Change: 0.000% after 0 minutes
Candle Analysis:
    Body Sizes (%): []
    Upper Shadows (%): []
    Lower Shadows (%): []
Volumes: []
==================================================
2025-05-17 01:05:39,529 - INFO - 
==================================================
EMA Cross Analysis - GALA/USDT
Time: 2025-05-17 01:05:00+09:00
Type: golden
Cross Character (Current): Weak
Cross Character (New): Weak
Price at Cross: 0.02038

1. Pre-Cross Pattern (15min):
EMA Distance Changes (%): ['0.081', '0.057', '0.002', '0.040']
EMA12 Changes (%): ['0.031', '0.034', '0.097', '0.082']
Price Changes (%): ['0.148', '0.049', '0.444', '0.000']
Candle Analysis:
    Body Sizes (%): ['0.148', '0.099', '0.444', '0.000']
    Upper Shadows (%): ['0.049', '0.049', '0.148', '0.196']
    Lower Shadows (%): ['0.148', '0.247', '0.148', '0.000']
Volumes: [np.float64(5129851.0), np.float64(5114897.0), np.float64(18211316.0), np.float64(1893809.0)]
2025-05-17 01:05:39,530 - INFO - 
2. Post-Cross Movement (30min):
5min Price Changes (%): []
Maximum Change: 0.000% after 0 minutes
Candle Analysis:
    Body Sizes (%): []
    Upper Shadows (%): []
    Lower Shadows (%): []
Volumes: []
==================================================
2025-05-17 01:05:40,237 - INFO - 
==================================================
EMA Cross Analysis - DOT/USDT
Time: 2025-05-17 01:00:00+09:00
Type: golden
Cross Character (Current): Weak
Cross Character (New): Weak
Price at Cross: 4.92

1. Pre-Cross Pattern (15min):
EMA Distance Changes (%): ['0.100', '0.079', '0.046', '0.003']
EMA12 Changes (%): ['-0.008', '0.025', '0.053', '0.088']
Price Changes (%): ['-0.020', '0.205', '0.204', '0.285']
Candle Analysis:
    Body Sizes (%): ['0.020', '0.184', '0.204', '0.306']
    Upper Shadows (%): ['0.266', '0.000', '0.020', '0.122']
    Lower Shadows (%): ['0.082', '0.082', '0.204', '0.082']
Volumes: [np.float64(71329.8), np.float64(31580.7), np.float64(86694.2), np.float64(126112.9)]
2025-05-17 01:05:40,238 - INFO - 
2. Post-Cross Movement (30min):
5min Price Changes (%): ['-0.061']
Maximum Change: -0.061% after 5 minutes
Candle Analysis:
    Body Sizes (%): ['0.061']
    Upper Shadows (%): ['0.142']
    Lower Shadows (%): ['0.020']
Volumes: [np.float64(21266.8)]
==================================================
2025-05-17 01:05:40,944 - INFO - 
==================================================
EMA Cross Analysis - THETA/USDT
Time: 2025-05-17 01:05:00+09:00
Type: golden
Cross Character (Current): Weak
Cross Character (New): Weak
Price at Cross: 0.9167

1. Pre-Cross Pattern (15min):
EMA Distance Changes (%): ['0.100', '0.080', '0.020', '0.020']
EMA12 Changes (%): ['-0.001', '0.025', '0.104', '0.074']
Price Changes (%): ['0.253', '0.165', '0.537', '-0.087']
Candle Analysis:
    Body Sizes (%): ['0.220', '0.176', '0.537', '0.131']
    Upper Shadows (%): ['0.033', '0.011', '0.088', '0.196']
    Lower Shadows (%): ['0.022', '0.154', '0.077', '0.000']
Volumes: [np.float64(15304.7), np.float64(17501.3), np.float64(111549.1), np.float64(44713.4)]
2025-05-17 01:05:40,944 - INFO - 
2. Post-Cross Movement (30min):
5min Price Changes (%): []
Maximum Change: 0.000% after 0 minutes
Candle Analysis:
    Body Sizes (%): []
    Upper Shadows (%): []
    Lower Shadows (%): []
Volumes: []
==================================================
2025-05-17 01:05:41,176 - INFO - 
==================================================
EMA Cross Analysis - ARPA/USDT
Time: 2025-05-17 01:00:00+09:00
Type: golden
Cross Character (Current): Weak
Cross Character (New): Weak
Price at Cross: 0.02617

1. Pre-Cross Pattern (15min):
EMA Distance Changes (%): ['0.044', '0.037', '0.022', '0.012']
EMA12 Changes (%): ['-0.026', '0.008', '0.024', '0.062']
Price Changes (%): ['-0.115', '0.192', '0.115', '0.268']
Candle Analysis:
    Body Sizes (%): ['0.153', '0.154', '0.077', '0.230']
    Upper Shadows (%): ['0.230', '0.077', '0.000', '0.115']
    Lower Shadows (%): ['0.038', '0.000', '0.192', '0.077']
Volumes: [np.float64(154919.0), np.float64(242113.0), np.float64(135357.0), np.float64(516019.0)]
2025-05-17 01:05:41,176 - INFO - 
2. Post-Cross Movement (30min):
5min Price Changes (%): ['-0.038']
Maximum Change: -0.038% after 5 minutes
Candle Analysis:
    Body Sizes (%): ['0.038']
    Upper Shadows (%): ['0.076']
    Lower Shadows (%): ['0.000']
Volumes: [np.float64(179861.0)]
==================================================
2025-05-17 01:05:41,873 - INFO - 
==================================================
EMA Cross Analysis - ADA/USDT
Time: 2025-05-17 01:00:00+09:00
Type: golden
Cross Character (Current): Weak
Cross Character (New): Weak
Price at Cross: 0.7815

1. Pre-Cross Pattern (15min):
EMA Distance Changes (%): ['0.109', '0.080', '0.043', '0.018']
EMA12 Changes (%): ['0.014', '0.040', '0.059', '0.112']
Price Changes (%): ['-0.039', '0.180', '0.167', '0.398']
Candle Analysis:
    Body Sizes (%): ['0.052', '0.168', '0.167', '0.398']
    Upper Shadows (%): ['0.245', '0.039', '0.039', '0.026']
    Lower Shadows (%): ['0.116', '0.090', '0.129', '0.013']
Volumes: [np.float64(1247479.0), np.float64(1423674.0), np.float64(1182753.0), np.float64(2586813.0)]
2025-05-17 01:05:41,873 - INFO - 
2. Post-Cross Movement (30min):
5min Price Changes (%): ['-0.102']
Maximum Change: -0.102% after 5 minutes
Candle Analysis:
    Body Sizes (%): ['0.090']
    Upper Shadows (%): ['0.128']
    Lower Shadows (%): ['0.000']
Volumes: [np.float64(663241.0)]
==================================================
2025-05-17 01:05:42,098 - INFO - 
==================================================
EMA Cross Analysis - WLD/USDT
Time: 2025-05-17 01:00:00+09:00
Type: golden
Cross Character (Current): Weak
Cross Character (New): Weak
Price at Cross: 1.1758

1. Pre-Cross Pattern (15min):
EMA Distance Changes (%): ['0.141', '0.103', '0.027', '0.070']
EMA12 Changes (%): ['0.009', '0.052', '0.132', '0.186']
Price Changes (%): ['0.026', '0.293', '0.567', '0.479']
Candle Analysis:
    Body Sizes (%): ['0.009', '0.293', '0.584', '0.496']
    Upper Shadows (%): ['0.379', '0.026', '0.327', '0.034']
    Lower Shadows (%): ['0.121', '0.078', '0.258', '0.145']
Volumes: [np.float64(237329.0), np.float64(174494.0), np.float64(881094.0), np.float64(986392.0)]
2025-05-17 01:05:42,099 - INFO - 
2. Post-Cross Movement (30min):
5min Price Changes (%): ['-0.230']
Maximum Change: -0.230% after 5 minutes
Candle Analysis:
    Body Sizes (%): ['0.238']
    Upper Shadows (%): ['0.162']
    Lower Shadows (%): ['0.000']
Volumes: [np.float64(105644.0)]
==================================================
2025-05-17 01:05:42,345 - INFO - 
==================================================
EMA Cross Analysis - RENDER/USDT
Time: 2025-05-17 01:05:00+09:00
Type: golden
Cross Character (Current): Weak
Cross Character (New): Weak
Price at Cross: 4.925

1. Pre-Cross Pattern (15min):
EMA Distance Changes (%): ['0.081', '0.055', '0.007', '0.027']
EMA12 Changes (%): ['-0.004', '0.037', '0.085', '0.065']
Price Changes (%): ['0.164', '0.265', '0.346', '-0.041']
Candle Analysis:
    Body Sizes (%): ['0.143', '0.286', '0.346', '0.061']
    Upper Shadows (%): ['0.082', '0.000', '0.102', '0.142']
    Lower Shadows (%): ['0.020', '0.102', '0.041', '0.000']
Volumes: [np.float64(8540.3), np.float64(13178.4), np.float64(24120.1), np.float64(8222.0)]
2025-05-17 01:05:42,345 - INFO - 
2. Post-Cross Movement (30min):
5min Price Changes (%): []
Maximum Change: 0.000% after 0 minutes
Candle Analysis:
    Body Sizes (%): []
    Upper Shadows (%): []
    Lower Shadows (%): []
Volumes: []
==================================================
2025-05-17 01:05:42,818 - INFO - 
==================================================
EMA Cross Analysis - AIXBT/USDT
Time: 2025-05-17 01:05:00+09:00
Type: golden
Cross Character (Current): Weak
Cross Character (New): Weak
Price at Cross: 0.18899

1. Pre-Cross Pattern (15min):
EMA Distance Changes (%): ['0.161', '0.121', '0.049', '0.001']
EMA12 Changes (%): ['0.033', '0.054', '0.121', '0.089']
Price Changes (%): ['0.369', '0.170', '0.489', '-0.090']
Candle Analysis:
    Body Sizes (%): ['0.331', '0.192', '0.462', '0.153']
    Upper Shadows (%): ['0.037', '0.032', '0.351', '0.275']
    Lower Shadows (%): ['0.037', '0.234', '0.005', '0.000']
Volumes: [np.float64(322393.0), np.float64(432074.0), np.float64(937898.0), np.float64(116681.0)]
2025-05-17 01:05:42,818 - INFO - 
2. Post-Cross Movement (30min):
5min Price Changes (%): []
Maximum Change: 0.000% after 0 minutes
Candle Analysis:
    Body Sizes (%): []
    Upper Shadows (%): []
    Lower Shadows (%): []
Volumes: []
==================================================
2025-05-17 01:05:43,087 - INFO - 
==================================================
EMA Cross Analysis - ATA/USDT
Time: 2025-05-17 01:00:00+09:00
Type: golden
Cross Character (Current): Weak
Cross Character (New): Weak
Price at Cross: 0.0609

1. Pre-Cross Pattern (15min):
EMA Distance Changes (%): ['0.038', '0.025', '0.000', '0.031']
EMA12 Changes (%): ['-0.035', '0.021', '0.043', '0.062']
Price Changes (%): ['-0.165', '0.331', '0.165', '0.164']
Candle Analysis:
    Body Sizes (%): ['0.329', '0.165', '0.165', '0.164']
    Upper Shadows (%): ['0.165', '0.000', '0.000', '0.164']
    Lower Shadows (%): ['0.000', '0.165', '0.165', '0.000']
Volumes: [np.float64(27001.0), np.float64(43266.0), np.float64(40282.0), np.float64(82371.0)]
2025-05-17 01:05:43,087 - INFO - 
2. Post-Cross Movement (30min):
5min Price Changes (%): ['0.000']
Maximum Change: 0.000% after 0 minutes
Candle Analysis:
    Body Sizes (%): ['0.164']
    Upper Shadows (%): ['0.000']
    Lower Shadows (%): ['0.000']
Volumes: [np.float64(8884.0)]
==================================================
2025-05-17 01:05:43,722 - INFO - 
==================================================
EMA Cross Analysis - AVAX/USDT
Time: 2025-05-17 01:00:00+09:00
Type: golden
Cross Character (Current): Weak
Cross Character (New): Weak
Price at Cross: 23.835

1. Pre-Cross Pattern (15min):
EMA Distance Changes (%): ['0.125', '0.093', '0.058', '0.004']
EMA12 Changes (%): ['0.016', '0.044', '0.055', '0.112']
Price Changes (%): ['-0.084', '0.199', '0.114', '0.426']
Candle Analysis:
    Body Sizes (%): ['0.084', '0.190', '0.122', '0.426']
    Upper Shadows (%): ['0.245', '0.034', '0.013', '0.017']
    Lower Shadows (%): ['0.101', '0.059', '0.148', '0.038']
Volumes: [np.float64(20840.0), np.float64(17027.0), np.float64(17292.0), np.float64(51744.0)]
2025-05-17 01:05:43,722 - INFO - 
2. Post-Cross Movement (30min):
5min Price Changes (%): ['-0.176']
Maximum Change: -0.176% after 5 minutes
Candle Analysis:
    Body Sizes (%): ['0.185']
    Upper Shadows (%): ['0.130']
    Lower Shadows (%): ['0.000']
Volumes: [np.float64(9088.0)]
==================================================
2025-05-17 01:05:43,962 - INFO - 
==================================================
EMA Cross Analysis - MOVE/USDT
Time: 2025-05-17 01:00:00+09:00
Type: golden
Cross Character (Current): Weak
Cross Character (New): Weak
Price at Cross: 0.1982

1. Pre-Cross Pattern (15min):
EMA Distance Changes (%): ['0.050', '0.023', '0.001', '0.045']
EMA12 Changes (%): ['-0.000', '0.047', '0.039', '0.088']
Price Changes (%): ['0.102', '0.305', '0.000', '0.354']
Candle Analysis:
    Body Sizes (%): ['0.000', '0.254', '0.051', '0.354']
    Upper Shadows (%): ['0.356', '0.000', '0.051', '0.051']
    Lower Shadows (%): ['0.102', '0.102', '0.101', '0.101']
Volumes: [np.float64(233567.0), np.float64(383443.0), np.float64(211769.0), np.float64(699026.0)]
2025-05-17 01:05:43,962 - INFO - 
2. Post-Cross Movement (30min):
5min Price Changes (%): ['-0.151']
Maximum Change: -0.151% after 5 minutes
Candle Analysis:
    Body Sizes (%): ['0.202']
    Upper Shadows (%): ['0.101']
    Lower Shadows (%): ['0.000']
Volumes: [np.float64(158690.0)]
==================================================
2025-05-17 01:10:12,042 - INFO - 
==================================================
EMA Cross Analysis - TIA/USDT
Time: 2025-05-17 01:05:00+09:00
Type: golden
Cross Character (Current): Weak
Cross Character (New): Weak
Price at Cross: 2.7425

1. Pre-Cross Pattern (15min):
EMA Distance Changes (%): ['0.086', '0.054', '0.002', '0.010']
EMA12 Changes (%): ['0.036', '0.050', '0.093', '0.023']
Price Changes (%): ['0.234', '0.128', '0.328', '-0.363']
Candle Analysis:
    Body Sizes (%): ['0.230', '0.135', '0.321', '0.367']
    Upper Shadows (%): ['0.018', '0.022', '0.109', '0.167']
    Lower Shadows (%): ['0.077', '0.172', '0.066', '0.018']
Volumes: [np.float64(55660.0), np.float64(90300.0), np.float64(150137.0), np.float64(150905.0)]
2025-05-17 01:10:12,042 - INFO - 
2. Post-Cross Movement (30min):
5min Price Changes (%): ['0.055']
Maximum Change: 0.055% after 5 minutes
Candle Analysis:
    Body Sizes (%): ['0.058']
    Upper Shadows (%): ['0.004']
    Lower Shadows (%): ['0.011']
Volumes: [np.float64(1764.0)]
==================================================
2025-05-17 01:10:12,267 - INFO - 
==================================================
EMA Cross Analysis - DOGS/USDT
Time: 2025-05-17 01:05:00+09:00
Type: golden
Cross Character (Current): Weak
Cross Character (New): Weak
Price at Cross: 0.0001909

1. Pre-Cross Pattern (15min):
EMA Distance Changes (%): ['0.106', '0.076', '0.001', '0.032']
EMA12 Changes (%): ['0.041', '0.043', '0.133', '0.064']
Price Changes (%): ['0.422', '0.053', '0.631', '-0.313']
Candle Analysis:
    Body Sizes (%): ['0.369', '0.158', '0.631', '0.313']
    Upper Shadows (%): ['0.000', '0.000', '0.053', '0.209']
    Lower Shadows (%): ['0.053', '0.211', '0.053', '0.157']
Volumes: [np.float64(76622664.0), np.float64(168633938.0), np.float64(477388709.0), np.float64(246476246.0)]
2025-05-17 01:10:12,267 - INFO - 
2. Post-Cross Movement (30min):
5min Price Changes (%): ['0.052']
Maximum Change: 0.052% after 5 minutes
Candle Analysis:
    Body Sizes (%): ['0.052']
    Upper Shadows (%): ['0.000']
    Lower Shadows (%): ['0.000']
Volumes: [np.float64(5183933.0)]
==================================================
2025-05-17 01:10:15,061 - INFO - 
==================================================
EMA Cross Analysis - LINK/USDT
Time: 2025-05-17 01:05:00+09:00
Type: golden
Cross Character (Current): Weak
Cross Character (New): Weak
Price at Cross: 16.254

1. Pre-Cross Pattern (15min):
EMA Distance Changes (%): ['0.079', '0.054', '0.005', '0.009']
EMA12 Changes (%): ['0.020', '0.038', '0.087', '0.025']
Price Changes (%): ['0.167', '0.136', '0.357', '-0.313']
Candle Analysis:
    Body Sizes (%): ['0.167', '0.142', '0.363', '0.319']
    Upper Shadows (%): ['0.037', '0.012', '0.074', '0.110']
    Lower Shadows (%): ['0.068', '0.136', '0.105', '0.000']
Volumes: [np.float64(23926.8), np.float64(31603.61), np.float64(192240.77), np.float64(68130.84)]
2025-05-17 01:10:15,062 - INFO - 
2. Post-Cross Movement (30min):
5min Price Changes (%): ['0.049']
Maximum Change: 0.049% after 5 minutes
Candle Analysis:
    Body Sizes (%): ['0.049']
    Upper Shadows (%): ['0.006']
    Lower Shadows (%): ['0.000']
Volumes: [np.float64(3320.2)]
==================================================
2025-05-17 01:10:16,011 - INFO - 
==================================================
EMA Cross Analysis - PHA/USDT
Time: 2025-05-17 01:05:00+09:00
Type: golden
Cross Character (Current): Weak
Cross Character (New): Weak
Price at Cross: 0.13774

1. Pre-Cross Pattern (15min):
EMA Distance Changes (%): ['0.089', '0.064', '0.019', '0.027']
EMA12 Changes (%): ['0.015', '0.035', '0.078', '0.087']
Price Changes (%): ['0.308', '0.146', '0.314', '0.138']
Candle Analysis:
    Body Sizes (%): ['0.264', '0.146', '0.314', '0.065']
    Upper Shadows (%): ['0.000', '0.037', '0.102', '0.044']
    Lower Shadows (%): ['0.000', '0.095', '0.036', '0.109']
Volumes: [np.float64(18506.0), np.float64(17031.0), np.float64(62945.0), np.float64(86201.0)]
2025-05-17 01:10:16,011 - INFO - 
2. Post-Cross Movement (30min):
5min Price Changes (%): ['-0.029']
Maximum Change: -0.029% after 5 minutes
Candle Analysis:
    Body Sizes (%): ['0.022']
    Upper Shadows (%): ['0.000']
    Lower Shadows (%): ['0.000']
Volumes: [np.float64(1835.0)]
==================================================
2025-05-17 01:10:16,932 - INFO - 
==================================================
EMA Cross Analysis - GALA/USDT
Time: 2025-05-17 01:05:00+09:00
Type: golden
Cross Character (Current): Weak
Cross Character (New): Weak
Price at Cross: 0.02029

1. Pre-Cross Pattern (15min):
EMA Distance Changes (%): ['0.081', '0.057', '0.002', '0.005']
EMA12 Changes (%): ['0.031', '0.034', '0.097', '0.014']
Price Changes (%): ['0.148', '0.049', '0.444', '-0.442']
Candle Analysis:
    Body Sizes (%): ['0.148', '0.099', '0.444', '0.442']
    Upper Shadows (%): ['0.049', '0.049', '0.148', '0.196']
    Lower Shadows (%): ['0.148', '0.247', '0.148', '0.000']
Volumes: [np.float64(5129851.0), np.float64(5114897.0), np.float64(18211316.0), np.float64(15391027.0)]
2025-05-17 01:10:16,933 - INFO - 
2. Post-Cross Movement (30min):
5min Price Changes (%): ['0.099']
Maximum Change: 0.099% after 5 minutes
Candle Analysis:
    Body Sizes (%): ['0.148']
    Upper Shadows (%): ['0.000']
    Lower Shadows (%): ['0.000']
Volumes: [np.float64(138846.0)]
==================================================
2025-05-17 01:10:18,340 - INFO - 
==================================================
EMA Cross Analysis - THETA/USDT
Time: 2025-05-17 01:05:00+09:00
Type: golden
Cross Character (Current): Weak
Cross Character (New): Weak
Price at Cross: 0.9146

1. Pre-Cross Pattern (15min):
EMA Distance Changes (%): ['0.100', '0.080', '0.020', '0.001']
EMA12 Changes (%): ['-0.001', '0.025', '0.104', '0.039']
Price Changes (%): ['0.253', '0.165', '0.537', '-0.316']
Candle Analysis:
    Body Sizes (%): ['0.220', '0.176', '0.537', '0.360']
    Upper Shadows (%): ['0.033', '0.011', '0.088', '0.196']
    Lower Shadows (%): ['0.022', '0.154', '0.077', '0.076']
Volumes: [np.float64(15304.7), np.float64(17501.3), np.float64(111549.1), np.float64(126826.2)]
2025-05-17 01:10:18,340 - INFO - 
2. Post-Cross Movement (30min):
5min Price Changes (%): ['-0.098']
Maximum Change: -0.098% after 5 minutes
Candle Analysis:
    Body Sizes (%): ['0.087']
    Upper Shadows (%): ['0.000']
    Lower Shadows (%): ['0.087']
Volumes: [np.float64(64874.3)]
==================================================
2025-05-17 01:10:19,741 - INFO - 
==================================================
EMA Cross Analysis - RENDER/USDT
Time: 2025-05-17 01:05:00+09:00
Type: golden
Cross Character (Current): Weak
Cross Character (New): Weak
Price at Cross: 4.916

1. Pre-Cross Pattern (15min):
EMA Distance Changes (%): ['0.081', '0.055', '0.007', '0.012']
EMA12 Changes (%): ['-0.004', '0.037', '0.085', '0.037']
Price Changes (%): ['0.164', '0.265', '0.346', '-0.223']
Candle Analysis:
    Body Sizes (%): ['0.143', '0.286', '0.346', '0.244']
    Upper Shadows (%): ['0.082', '0.000', '0.102', '0.142']
    Lower Shadows (%): ['0.020', '0.102', '0.041', '0.061']
Volumes: [np.float64(8540.3), np.float64(13178.4), np.float64(24120.1), np.float64(21032.4)]
2025-05-17 01:10:19,741 - INFO - 
2. Post-Cross Movement (30min):
5min Price Changes (%): ['0.041']
Maximum Change: 0.041% after 5 minutes
Candle Analysis:
    Body Sizes (%): ['0.061']
    Upper Shadows (%): ['0.041']
    Lower Shadows (%): ['0.000']
Volumes: [np.float64(2339.9)]
==================================================
2025-05-17 01:10:20,195 - INFO - 
==================================================
EMA Cross Analysis - AIXBT/USDT
Time: 2025-05-17 01:10:00+09:00
Type: golden
Cross Character (Current): Weak
Cross Character (New): Weak
Price at Cross: 0.18875

1. Pre-Cross Pattern (15min):
EMA Distance Changes (%): ['0.121', '0.049', '0.017', '0.016']
EMA12 Changes (%): ['0.054', '0.121', '0.055', '0.060']
Price Changes (%): ['0.170', '0.489', '-0.307', '0.090']
Candle Analysis:
    Body Sizes (%): ['0.192', '0.462', '0.370', '0.095']
    Upper Shadows (%): ['0.032', '0.351', '0.275', '0.005']
    Lower Shadows (%): ['0.234', '0.005', '0.106', '0.037']
Volumes: [np.float64(432074.0), np.float64(937898.0), np.float64(545125.0), np.float64(21805.0)]
2025-05-17 01:10:20,195 - INFO - 
2. Post-Cross Movement (30min):
5min Price Changes (%): []
Maximum Change: 0.000% after 0 minutes
Candle Analysis:
    Body Sizes (%): []
    Upper Shadows (%): []
    Lower Shadows (%): []
Volumes: []
==================================================
2025-05-17 01:15:58,074 - INFO - 
==================================================
EMA Cross Analysis - TIA/USDT
Time: 2025-05-17 01:10:00+09:00
Type: dead
Cross Character (Current): Weak
Cross Character (New): Weak
Price at Cross: 2.7301

1. Pre-Cross Pattern (15min):
EMA Distance Changes (%): ['0.054', '0.002', '0.010', '0.017']
EMA12 Changes (%): ['0.050', '0.093', '0.023', '-0.051']
Price Changes (%): ['0.128', '0.328', '-0.363', '-0.452']
Candle Analysis:
    Body Sizes (%): ['0.135', '0.321', '0.367', '0.449']
    Upper Shadows (%): ['0.022', '0.109', '0.167', '0.204']
    Lower Shadows (%): ['0.172', '0.066', '0.018', '0.004']
Volumes: [np.float64(90300.0), np.float64(150137.0), np.float64(150905.0), np.float64(117107.0)]
2025-05-17 01:15:58,074 - INFO - 
2. Post-Cross Movement (30min):
5min Price Changes (%): ['0.198']
Maximum Change: 0.198% after 5 minutes
Candle Analysis:
    Body Sizes (%): ['0.201']
    Upper Shadows (%): ['0.062']
    Lower Shadows (%): ['0.000']
Volumes: [np.float64(23727.0)]
==================================================
2025-05-17 01:15:58,299 - INFO - 
==================================================
EMA Cross Analysis - DOGS/USDT
Time: 2025-05-17 01:10:00+09:00
Type: dead
Cross Character (Current): Weak
Cross Character (New): Weak
Price at Cross: 0.0001894

1. Pre-Cross Pattern (15min):
EMA Distance Changes (%): ['0.076', '0.001', '0.032', '0.005']
EMA12 Changes (%): ['0.043', '0.133', '0.064', '-0.067']
Price Changes (%): ['0.053', '0.631', '-0.313', '-0.786']
Candle Analysis:
    Body Sizes (%): ['0.158', '0.631', '0.313', '0.786']
    Upper Shadows (%): ['0.000', '0.053', '0.209', '0.210']
    Lower Shadows (%): ['0.211', '0.053', '0.157', '0.000']
Volumes: [np.float64(168633938.0), np.float64(477388709.0), np.float64(246476246.0), np.float64(411867445.0)]
2025-05-17 01:15:58,300 - INFO - 
2. Post-Cross Movement (30min):
5min Price Changes (%): ['0.264']
Maximum Change: 0.264% after 5 minutes
Candle Analysis:
    Body Sizes (%): ['0.211']
    Upper Shadows (%): ['0.106']
    Lower Shadows (%): ['0.053']
Volumes: [np.float64(97791491.0)]
==================================================
2025-05-17 01:16:00,408 - INFO - 
==================================================
EMA Cross Analysis - FXS/USDT
Time: 2025-05-17 01:10:00+09:00
Type: dead
Cross Character (Current): Weak
Cross Character (New): Weak
Price at Cross: 2.995

1. Pre-Cross Pattern (15min):
EMA Distance Changes (%): ['0.061', '0.044', '0.020', '0.077']
EMA12 Changes (%): ['0.004', '-0.025', '-0.039', '-0.183']
Price Changes (%): ['0.046', '-0.185', '-0.119', '-0.972']
Candle Analysis:
    Body Sizes (%): ['0.016', '0.178', '0.119', '0.992']
    Upper Shadows (%): ['0.066', '0.023', '0.499', '0.026']
    Lower Shadows (%): ['0.165', '0.841', '0.007', '0.000']
Volumes: [np.float64(1797.8), np.float64(23407.4), np.float64(13146.7), np.float64(10291.5)]
2025-05-17 01:16:00,408 - INFO - 
2. Post-Cross Movement (30min):
5min Price Changes (%): ['0.137']
Maximum Change: 0.137% after 5 minutes
Candle Analysis:
    Body Sizes (%): ['0.107']
    Upper Shadows (%): ['0.000']
    Lower Shadows (%): ['0.073']
Volumes: [np.float64(5312.2)]
==================================================
2025-05-17 01:16:01,110 - INFO - 
==================================================
EMA Cross Analysis - LINK/USDT
Time: 2025-05-17 01:10:00+09:00
Type: dead
Cross Character (Current): Weak
Cross Character (New): Weak
Price at Cross: 16.207

1. Pre-Cross Pattern (15min):
EMA Distance Changes (%): ['0.054', '0.005', '0.009', '0.004']
EMA12 Changes (%): ['0.038', '0.087', '0.025', '-0.023']
Price Changes (%): ['0.136', '0.357', '-0.313', '-0.289']
Candle Analysis:
    Body Sizes (%): ['0.142', '0.363', '0.319', '0.289']
    Upper Shadows (%): ['0.012', '0.074', '0.110', '0.123']
    Lower Shadows (%): ['0.136', '0.105', '0.000', '0.006']
Volumes: [np.float64(31603.61), np.float64(192240.77), np.float64(68130.84), np.float64(38435.85)]
2025-05-17 01:16:01,110 - INFO - 
2. Post-Cross Movement (30min):
5min Price Changes (%): ['0.062']
Maximum Change: 0.062% after 5 minutes
Candle Analysis:
    Body Sizes (%): ['0.068']
    Upper Shadows (%): ['0.117']
    Lower Shadows (%): ['0.000']
Volumes: [np.float64(10134.41)]
==================================================
2025-05-17 01:16:02,032 - INFO - 
==================================================
EMA Cross Analysis - PHA/USDT
Time: 2025-05-17 01:15:00+09:00
Type: dead
Cross Character (Current): Weak
Cross Character (New): Weak
Price at Cross: 0.13685

1. Pre-Cross Pattern (15min):
EMA Distance Changes (%): ['0.019', '0.027', '0.005', '0.006']
EMA12 Changes (%): ['0.078', '0.087', '-0.039', '-0.020']
Price Changes (%): ['0.314', '0.138', '-0.733', '0.088']
Candle Analysis:
    Body Sizes (%): ['0.314', '0.065', '0.726', '0.095']
    Upper Shadows (%): ['0.102', '0.044', '0.007', '0.095']
    Lower Shadows (%): ['0.036', '0.109', '0.044', '0.000']
Volumes: [np.float64(62945.0), np.float64(86201.0), np.float64(89160.0), np.float64(3428.0)]
2025-05-17 01:16:02,032 - INFO - 
2. Post-Cross Movement (30min):
5min Price Changes (%): []
Maximum Change: 0.000% after 0 minutes
Candle Analysis:
    Body Sizes (%): []
    Upper Shadows (%): []
    Lower Shadows (%): []
Volumes: []
==================================================
2025-05-17 01:16:02,981 - INFO - 
==================================================
EMA Cross Analysis - GALA/USDT
Time: 2025-05-17 01:10:00+09:00
Type: dead
Cross Character (Current): Weak
Cross Character (New): Weak
Price at Cross: 0.0202

1. Pre-Cross Pattern (15min):
EMA Distance Changes (%): ['0.057', '0.002', '0.005', '0.025']
EMA12 Changes (%): ['0.034', '0.097', '0.014', '-0.057']
Price Changes (%): ['0.049', '0.444', '-0.442', '-0.444']
Candle Analysis:
    Body Sizes (%): ['0.099', '0.444', '0.442', '0.394']
    Upper Shadows (%): ['0.049', '0.148', '0.196', '0.296']
    Lower Shadows (%): ['0.247', '0.148', '0.000', '0.000']
Volumes: [np.float64(5114897.0), np.float64(18211316.0), np.float64(15391027.0), np.float64(14702606.0)]
2025-05-17 01:16:02,982 - INFO - 
2. Post-Cross Movement (30min):
5min Price Changes (%): ['0.149']
Maximum Change: 0.149% after 5 minutes
Candle Analysis:
    Body Sizes (%): ['0.099']
    Upper Shadows (%): ['0.148']
    Lower Shadows (%): ['0.049']
Volumes: [np.float64(4832575.0)]
==================================================
2025-05-17 01:16:04,412 - INFO - 
==================================================
EMA Cross Analysis - THETA/USDT
Time: 2025-05-17 01:10:00+09:00
Type: dead
Cross Character (Current): Weak
Cross Character (New): Weak
Price at Cross: 0.9098

1. Pre-Cross Pattern (15min):
EMA Distance Changes (%): ['0.080', '0.020', '0.001', '0.024']
EMA12 Changes (%): ['0.025', '0.104', '0.039', '-0.048']
Price Changes (%): ['0.165', '0.537', '-0.316', '-0.525']
Candle Analysis:
    Body Sizes (%): ['0.176', '0.537', '0.360', '0.514']
    Upper Shadows (%): ['0.011', '0.088', '0.196', '0.000']
    Lower Shadows (%): ['0.154', '0.077', '0.076', '0.000']
Volumes: [np.float64(17501.3), np.float64(111549.1), np.float64(126826.2), np.float64(151693.4)]
2025-05-17 01:16:04,413 - INFO - 
2. Post-Cross Movement (30min):
5min Price Changes (%): ['0.143']
Maximum Change: 0.143% after 5 minutes
Candle Analysis:
    Body Sizes (%): ['0.143']
    Upper Shadows (%): ['0.044']
    Lower Shadows (%): ['0.000']
Volumes: [np.float64(16638.5)]
==================================================
2025-05-17 01:16:04,640 - INFO - 
==================================================
EMA Cross Analysis - ARPA/USDT
Time: 2025-05-17 01:15:00+09:00
Type: dead
Cross Character (Current): Weak
Cross Character (New): Weak
Price at Cross: 0.02603

1. Pre-Cross Pattern (15min):
EMA Distance Changes (%): ['0.012', '0.020', '0.007', '0.009']
EMA12 Changes (%): ['0.062', '0.017', '-0.021', '-0.030']
Price Changes (%): ['0.268', '-0.229', '-0.230', '-0.077']
Candle Analysis:
    Body Sizes (%): ['0.230', '0.229', '0.230', '0.000']
    Upper Shadows (%): ['0.115', '0.076', '0.115', '0.154']
    Lower Shadows (%): ['0.077', '0.000', '0.000', '0.000']
Volumes: [np.float64(516019.0), np.float64(431161.0), np.float64(477859.0), np.float64(192652.0)]
2025-05-17 01:16:04,640 - INFO - 
2. Post-Cross Movement (30min):
5min Price Changes (%): []
Maximum Change: 0.000% after 0 minutes
Candle Analysis:
    Body Sizes (%): []
    Upper Shadows (%): []
    Lower Shadows (%): []
Volumes: []
==================================================
2025-05-17 01:16:05,820 - INFO - 
==================================================
EMA Cross Analysis - RENDER/USDT
Time: 2025-05-17 01:10:00+09:00
Type: dead
Cross Character (Current): Weak
Cross Character (New): Weak
Price at Cross: 4.894

1. Pre-Cross Pattern (15min):
EMA Distance Changes (%): ['0.055', '0.007', '0.012', '0.008']
EMA12 Changes (%): ['0.037', '0.085', '0.037', '-0.038']
Price Changes (%): ['0.265', '0.346', '-0.223', '-0.448']
Candle Analysis:
    Body Sizes (%): ['0.286', '0.346', '0.244', '0.427']
    Upper Shadows (%): ['0.000', '0.102', '0.142', '0.163']
    Lower Shadows (%): ['0.102', '0.041', '0.061', '0.000']
Volumes: [np.float64(13178.4), np.float64(24120.1), np.float64(21032.4), np.float64(23254.9)]
2025-05-17 01:16:05,821 - INFO - 
2. Post-Cross Movement (30min):
5min Price Changes (%): ['0.061']
Maximum Change: 0.061% after 5 minutes
Candle Analysis:
    Body Sizes (%): ['0.061']
    Upper Shadows (%): ['0.123']
    Lower Shadows (%): ['0.000']
Volumes: [np.float64(4551.7)]
==================================================
2025-05-17 01:16:06,532 - INFO - 
==================================================
EMA Cross Analysis - ATA/USDT
Time: 2025-05-17 01:15:00+09:00
Type: dead
Cross Character (Current): Weak
Cross Character (New): Weak
Price at Cross: 0.0605

1. Pre-Cross Pattern (15min):
EMA Distance Changes (%): ['0.031', '0.043', '0.012', '0.012']
EMA12 Changes (%): ['0.062', '0.027', '-0.053', '-0.045']
Price Changes (%): ['0.164', '-0.164', '-0.493', '0.000']
Candle Analysis:
    Body Sizes (%): ['0.164', '0.328', '0.493', '0.165']
    Upper Shadows (%): ['0.164', '0.000', '0.164', '0.000']
    Lower Shadows (%): ['0.000', '0.000', '0.000', '0.000']
Volumes: [np.float64(82371.0), np.float64(70703.0), np.float64(44636.0), np.float64(1851.0)]
2025-05-17 01:16:06,532 - INFO - 
2. Post-Cross Movement (30min):
5min Price Changes (%): []
Maximum Change: 0.000% after 0 minutes
Candle Analysis:
    Body Sizes (%): []
    Upper Shadows (%): []
    Lower Shadows (%): []
Volumes: []
==================================================
2025-05-17 01:20:37,190 - INFO - 
==================================================
EMA Cross Analysis - HIPPO/USDT
Time: 2025-05-17 01:20:00+09:00
Type: dead
Cross Character (Current): Weak
Cross Character (New): Weak
Price at Cross: 0.003761

1. Pre-Cross Pattern (15min):
EMA Distance Changes (%): ['0.137', '0.137', '0.033', '0.050']
EMA12 Changes (%): ['0.114', '0.019', '-0.182', '-0.154']
Price Changes (%): ['0.367', '-0.496', '-1.286', '0.000']
Candle Analysis:
    Body Sizes (%): ['0.367', '0.470', '1.312', '0.000']
    Upper Shadows (%): ['0.157', '0.810', '0.604', '0.133']
    Lower Shadows (%): ['0.000', '0.366', '0.315', '0.186']
Volumes: [np.float64(42031001.0), np.float64(171509609.0), np.float64(169388832.0), np.float64(12267078.0)]
2025-05-17 01:20:37,191 - INFO - 
2. Post-Cross Movement (30min):
5min Price Changes (%): []
Maximum Change: 0.000% after 0 minutes
Candle Analysis:
    Body Sizes (%): []
    Upper Shadows (%): []
    Lower Shadows (%): []
Volumes: []
==================================================
2025-05-17 01:20:37,895 - INFO - 
==================================================
EMA Cross Analysis - 1000PEPE/USDT
Time: 2025-05-17 01:20:00+09:00
Type: dead
Cross Character (Current): Weak
Cross Character (New): Weak
Price at Cross: 0.0134731

1. Pre-Cross Pattern (15min):
EMA Distance Changes (%): ['0.188', '0.114', '0.020', '0.061']
EMA12 Changes (%): ['0.025', '-0.117', '-0.166', '-0.151']
Price Changes (%): ['-0.508', '-0.899', '-0.436', '-0.066']
Candle Analysis:
    Body Sizes (%): ['0.504', '0.899', '0.449', '0.080']
    Upper Shadows (%): ['0.244', '0.121', '0.415', '0.062']
    Lower Shadows (%): ['0.045', '0.001', '0.292', '0.067']
Volumes: [np.float64(336986516.0), np.float64(421870352.0), np.float64(786349600.0), np.float64(53120424.0)]
2025-05-17 01:20:37,895 - INFO - 
2. Post-Cross Movement (30min):
5min Price Changes (%): []
Maximum Change: 0.000% after 0 minutes
Candle Analysis:
    Body Sizes (%): []
    Upper Shadows (%): []
    Lower Shadows (%): []
Volumes: []
==================================================
2025-05-17 01:20:39,288 - INFO - 
==================================================
EMA Cross Analysis - PHA/USDT
Time: 2025-05-17 01:15:00+09:00
Type: dead
Cross Character (Current): Weak
Cross Character (New): Weak
Price at Cross: 0.13614

1. Pre-Cross Pattern (15min):
EMA Distance Changes (%): ['0.019', '0.027', '0.005', '0.047']
EMA12 Changes (%): ['0.078', '0.087', '-0.039', '-0.100']
Price Changes (%): ['0.314', '0.138', '-0.733', '-0.432']
Candle Analysis:
    Body Sizes (%): ['0.314', '0.065', '0.726', '0.424']
    Upper Shadows (%): ['0.102', '0.044', '0.007', '0.227']
    Lower Shadows (%): ['0.036', '0.109', '0.044', '0.015']
Volumes: [np.float64(62945.0), np.float64(86201.0), np.float64(89160.0), np.float64(39923.0)]
2025-05-17 01:20:39,289 - INFO - 
2. Post-Cross Movement (30min):
5min Price Changes (%): ['0.066']
Maximum Change: 0.066% after 5 minutes
Candle Analysis:
    Body Sizes (%): ['0.066']
    Upper Shadows (%): ['0.015']
    Lower Shadows (%): ['0.000']
Volumes: [np.float64(1830.0)]
==================================================
2025-05-17 01:20:40,017 - INFO - 
==================================================
EMA Cross Analysis - XLM/USDT
Time: 2025-05-17 01:20:00+09:00
Type: dead
Cross Character (Current): Weak
Cross Character (New): Weak
Price at Cross: 0.29758

1. Pre-Cross Pattern (15min):
EMA Distance Changes (%): ['0.080', '0.062', '0.017', '0.017']
EMA12 Changes (%): ['0.011', '-0.023', '-0.078', '-0.063']
Price Changes (%): ['-0.180', '-0.207', '-0.382', '0.020']
Candle Analysis:
    Body Sizes (%): ['0.187', '0.207', '0.382', '0.020']
    Upper Shadows (%): ['0.113', '0.104', '0.151', '0.034']
    Lower Shadows (%): ['0.027', '0.000', '0.100', '0.017']
Volumes: [np.float64(793540.0), np.float64(454888.0), np.float64(1021199.0), np.float64(109374.0)]
2025-05-17 01:20:40,017 - INFO - 
2. Post-Cross Movement (30min):
5min Price Changes (%): []
Maximum Change: 0.000% after 0 minutes
Candle Analysis:
    Body Sizes (%): []
    Upper Shadows (%): []
    Lower Shadows (%): []
Volumes: []
==================================================
2025-05-17 01:20:40,978 - INFO - 
==================================================
EMA Cross Analysis - DOT/USDT
Time: 2025-05-17 01:15:00+09:00
Type: dead
Cross Character (Current): Weak
Cross Character (New): Weak
Price at Cross: 4.868

1. Pre-Cross Pattern (15min):
EMA Distance Changes (%): ['0.003', '0.019', '0.005', '0.042']
EMA12 Changes (%): ['0.088', '0.031', '-0.024', '-0.090']
Price Changes (%): ['0.285', '-0.285', '-0.326', '-0.450']
Candle Analysis:
    Body Sizes (%): ['0.306', '0.285', '0.306', '0.450']
    Upper Shadows (%): ['0.122', '0.142', '0.102', '0.245']
    Lower Shadows (%): ['0.082', '0.061', '0.000', '0.061']
Volumes: [np.float64(126112.9), np.float64(115319.2), np.float64(64026.7), np.float64(172268.5)]
2025-05-17 01:20:40,978 - INFO - 
2. Post-Cross Movement (30min):
5min Price Changes (%): ['0.041']
Maximum Change: 0.041% after 5 minutes
Candle Analysis:
    Body Sizes (%): ['0.062']
    Upper Shadows (%): ['0.062']
    Lower Shadows (%): ['0.000']
Volumes: [np.float64(20292.9)]
==================================================
2025-05-17 01:20:41,912 - INFO - 
==================================================
EMA Cross Analysis - ARPA/USDT
Time: 2025-05-17 01:15:00+09:00
Type: dead
Cross Character (Current): Weak
Cross Character (New): Weak
Price at Cross: 0.02592

1. Pre-Cross Pattern (15min):
EMA Distance Changes (%): ['0.012', '0.020', '0.007', '0.042']
EMA12 Changes (%): ['0.062', '0.017', '-0.021', '-0.095']
Price Changes (%): ['0.268', '-0.229', '-0.230', '-0.499']
Candle Analysis:
    Body Sizes (%): ['0.230', '0.229', '0.230', '0.423']
    Upper Shadows (%): ['0.115', '0.076', '0.115', '0.154']
    Lower Shadows (%): ['0.077', '0.000', '0.000', '0.192']
Volumes: [np.float64(516019.0), np.float64(431161.0), np.float64(477859.0), np.float64(834139.0)]
2025-05-17 01:20:41,913 - INFO - 
2. Post-Cross Movement (30min):
5min Price Changes (%): ['0.039']
Maximum Change: 0.039% after 5 minutes
Candle Analysis:
    Body Sizes (%): ['0.039']
    Upper Shadows (%): ['0.077']
    Lower Shadows (%): ['0.000']
Volumes: [np.float64(199358.0)]
==================================================
2025-05-17 01:20:42,154 - INFO - 
==================================================
EMA Cross Analysis - EOS/USDT
Time: 2025-05-17 01:15:00+09:00
Type: dead
Cross Character (Current): Weak
Cross Character (New): Weak
Price at Cross: 0.841

1. Pre-Cross Pattern (15min):
EMA Distance Changes (%): ['0.051', '0.076', '0.048', '0.032']
EMA12 Changes (%): ['0.087', '0.056', '-0.043', '-0.146']
Price Changes (%): ['0.235', '-0.117', '-0.587', '-0.708']
Candle Analysis:
    Body Sizes (%): ['0.235', '0.000', '0.587', '0.708']
    Upper Shadows (%): ['0.235', '0.235', '0.000', '0.118']
    Lower Shadows (%): ['0.353', '0.117', '0.000', '0.118']
Volumes: [np.float64(1002578.9), np.float64(415167.6), np.float64(652802.6), np.float64(766014.2)]
2025-05-17 01:20:42,155 - INFO - 
2. Post-Cross Movement (30min):
5min Price Changes (%): ['0.119']
Maximum Change: 0.119% after 5 minutes
Candle Analysis:
    Body Sizes (%): ['0.000']
    Upper Shadows (%): ['0.119']
    Lower Shadows (%): ['0.119']
Volumes: [np.float64(102342.5)]
==================================================
2025-05-17 01:20:42,858 - INFO - 
==================================================
EMA Cross Analysis - WLD/USDT
Time: 2025-05-17 01:20:00+09:00
Type: dead
Cross Character (Current): Weak
Cross Character (New): Weak
Price at Cross: 1.1579

1. Pre-Cross Pattern (15min):
EMA Distance Changes (%): ['0.099', '0.075', '0.026', '0.014']
EMA12 Changes (%): ['0.064', '-0.032', '-0.085', '-0.072']
Price Changes (%): ['-0.595', '-0.556', '-0.379', '0.000']
Candle Analysis:
    Body Sizes (%): ['0.604', '0.565', '0.387', '0.000']
    Upper Shadows (%): ['0.162', '0.308', '0.327', '0.104']
    Lower Shadows (%): ['0.000', '0.000', '0.138', '0.035']
Volumes: [np.float64(427489.0), np.float64(491739.0), np.float64(527518.0), np.float64(62389.0)]
2025-05-17 01:20:42,858 - INFO - 
2. Post-Cross Movement (30min):
5min Price Changes (%): []
Maximum Change: 0.000% after 0 minutes
Candle Analysis:
    Body Sizes (%): []
    Upper Shadows (%): []
    Lower Shadows (%): []
Volumes: []
==================================================
2025-05-17 01:20:43,341 - INFO - 
==================================================
EMA Cross Analysis - PENGU/USDT
Time: 2025-05-17 01:20:00+09:00
Type: dead
Cross Character (Current): Weak
Cross Character (New): Weak
Price at Cross: 0.013474

1. Pre-Cross Pattern (15min):
EMA Distance Changes (%): ['0.153', '0.118', '0.021', '0.060']
EMA12 Changes (%): ['0.042', '-0.046', '-0.172', '-0.151']
Price Changes (%): ['-0.117', '-0.527', '-0.868', '-0.037']
Candle Analysis:
    Body Sizes (%): ['0.124', '0.519', '0.868', '0.037']
    Upper Shadows (%): ['0.212', '0.329', '0.353', '0.148']
    Lower Shadows (%): ['0.110', '0.059', '0.118', '0.067']
Volumes: [np.float64(19805571.0), np.float64(21297122.0), np.float64(61210147.0), np.float64(5994995.0)]
2025-05-17 01:20:43,341 - INFO - 
2. Post-Cross Movement (30min):
5min Price Changes (%): []
Maximum Change: 0.000% after 0 minutes
Candle Analysis:
    Body Sizes (%): []
    Upper Shadows (%): []
    Lower Shadows (%): []
Volumes: []
==================================================
2025-05-17 01:20:43,826 - INFO - 
==================================================
EMA Cross Analysis - ATA/USDT
Time: 2025-05-17 01:15:00+09:00
Type: dead
Cross Character (Current): Weak
Cross Character (New): Weak
Price at Cross: 0.0603

1. Pre-Cross Pattern (15min):
EMA Distance Changes (%): ['0.031', '0.043', '0.012', '0.038']
EMA12 Changes (%): ['0.062', '0.027', '-0.053', '-0.096']
Price Changes (%): ['0.164', '-0.164', '-0.493', '-0.331']
Candle Analysis:
    Body Sizes (%): ['0.164', '0.328', '0.493', '0.495']
    Upper Shadows (%): ['0.164', '0.000', '0.164', '0.165']
    Lower Shadows (%): ['0.000', '0.000', '0.000', '0.165']
Volumes: [np.float64(82371.0), np.float64(70703.0), np.float64(44636.0), np.float64(39174.0)]
2025-05-17 01:20:43,826 - INFO - 
2. Post-Cross Movement (30min):
5min Price Changes (%): ['0.000']
Maximum Change: 0.000% after 0 minutes
Candle Analysis:
    Body Sizes (%): ['0.166']
    Upper Shadows (%): ['0.000']
    Lower Shadows (%): ['0.000']
Volumes: [np.float64(8809.0)]
==================================================
2025-05-17 01:20:44,476 - INFO - 
==================================================
EMA Cross Analysis - AVAX/USDT
Time: 2025-05-17 01:15:00+09:00
Type: dead
Cross Character (Current): Weak
Cross Character (New): Weak
Price at Cross: 23.589

1. Pre-Cross Pattern (15min):
EMA Distance Changes (%): ['0.004', '0.030', '0.027', '0.013']
EMA12 Changes (%): ['0.112', '0.050', '-0.001', '-0.073']
Price Changes (%): ['0.426', '-0.285', '-0.282', '-0.468']
Candle Analysis:
    Body Sizes (%): ['0.426', '0.294', '0.286', '0.473']
    Upper Shadows (%): ['0.017', '0.130', '0.130', '0.198']
    Lower Shadows (%): ['0.038', '0.013', '0.000', '0.118']
Volumes: [np.float64(51744.0), np.float64(29328.0), np.float64(27856.0), np.float64(48413.0)]
2025-05-17 01:20:44,477 - INFO - 
2. Post-Cross Movement (30min):
5min Price Changes (%): ['0.059']
Maximum Change: 0.059% after 5 minutes
Candle Analysis:
    Body Sizes (%): ['0.051']
    Upper Shadows (%): ['0.038']
    Lower Shadows (%): ['0.025']
Volumes: [np.float64(3820.0)]
==================================================
2025-05-17 01:20:44,725 - INFO - 
==================================================
EMA Cross Analysis - MOVE/USDT
Time: 2025-05-17 01:15:00+09:00
Type: dead
Cross Character (Current): Weak
Cross Character (New): Weak
Price at Cross: 0.1959

1. Pre-Cross Pattern (15min):
EMA Distance Changes (%): ['0.045', '0.064', '0.046', '0.013']
EMA12 Changes (%): ['0.088', '0.043', '-0.026', '-0.108']
Price Changes (%): ['0.354', '-0.202', '-0.404', '-0.558']
Candle Analysis:
    Body Sizes (%): ['0.354', '0.252', '0.354', '0.558']
    Upper Shadows (%): ['0.051', '0.101', '0.202', '0.203']
    Lower Shadows (%): ['0.101', '0.151', '0.000', '0.152']
Volumes: [np.float64(699026.0), np.float64(602549.0), np.float64(621634.0), np.float64(717740.0)]
2025-05-17 01:20:44,726 - INFO - 
2. Post-Cross Movement (30min):
5min Price Changes (%): ['-0.051']
Maximum Change: -0.051% after 5 minutes
Candle Analysis:
    Body Sizes (%): ['0.051']
    Upper Shadows (%): ['0.051']
    Lower Shadows (%): ['0.000']
Volumes: [np.float64(70849.0)]
==================================================
2025-05-17 01:20:46,774 - INFO - 
==================================================
EMA Cross Analysis - VANA/USDT
Time: 2025-05-17 01:15:00+09:00
Type: dead
Cross Character (Current): Weak
Cross Character (New): Weak
Price at Cross: 6.078

1. Pre-Cross Pattern (15min):
EMA Distance Changes (%): ['0.037', '0.051', '0.040', '0.020']
EMA12 Changes (%): ['0.057', '0.033', '-0.015', '-0.110']
Price Changes (%): ['0.147', '-0.098', '-0.277', '-0.638']
Candle Analysis:
    Body Sizes (%): ['0.147', '0.114', '0.245', '0.605']
    Upper Shadows (%): ['0.114', '0.114', '0.163', '0.164']
    Lower Shadows (%): ['0.098', '0.147', '0.098', '0.180']
Volumes: [np.float64(5306.68), np.float64(6091.82), np.float64(3443.13), np.float64(10813.96)]
2025-05-17 01:20:46,775 - INFO - 
2. Post-Cross Movement (30min):
5min Price Changes (%): ['-0.033']
Maximum Change: -0.033% after 5 minutes
Candle Analysis:
    Body Sizes (%): ['0.049']
    Upper Shadows (%): ['0.049']
    Lower Shadows (%): ['0.016']
Volumes: [np.float64(1775.79)]
==================================================
2025-05-17 01:20:47,014 - INFO - 
==================================================
EMA Cross Analysis - MELANIA/USDT
Time: 2025-05-17 01:15:00+09:00
Type: dead
Cross Character (Current): Weak
Cross Character (New): Weak
Price at Cross: 0.3472

1. Pre-Cross Pattern (15min):
EMA Distance Changes (%): ['0.095', '0.097', '0.052', '0.032']
EMA12 Changes (%): ['0.118', '0.017', '-0.074', '-0.154']
Price Changes (%): ['0.455', '-0.538', '-0.569', '-0.601']
Candle Analysis:
    Body Sizes (%): ['0.426', '0.538', '0.598', '0.601']
    Upper Shadows (%): ['0.142', '0.170', '0.000', '0.200']
    Lower Shadows (%): ['0.028', '0.000', '0.000', '0.057']
Volumes: [np.float64(132176.04), np.float64(111140.83), np.float64(118061.97), np.float64(265727.31)]
2025-05-17 01:20:47,015 - INFO - 
2. Post-Cross Movement (30min):
5min Price Changes (%): ['0.058']
Maximum Change: 0.058% after 5 minutes
Candle Analysis:
    Body Sizes (%): ['0.058']
    Upper Shadows (%): ['0.058']
    Lower Shadows (%): ['0.000']
Volumes: [np.float64(12632.87)]
==================================================
2025-05-17 01:25:14,850 - INFO - 
==================================================
EMA Cross Analysis - HIPPO/USDT
Time: 2025-05-17 01:20:00+09:00
Type: dead
Cross Character (Current): Weak
Cross Character (New): Weak
Price at Cross: 0.003774

1. Pre-Cross Pattern (15min):
EMA Distance Changes (%): ['0.137', '0.137', '0.033', '0.022']
EMA12 Changes (%): ['0.114', '0.019', '-0.182', '-0.102']
Price Changes (%): ['0.367', '-0.496', '-1.286', '0.346']
Candle Analysis:
    Body Sizes (%): ['0.367', '0.470', '1.312', '0.346']
    Upper Shadows (%): ['0.157', '0.810', '0.604', '0.319']
    Lower Shadows (%): ['0.000', '0.366', '0.315', '0.186']
Volumes: [np.float64(42031001.0), np.float64(171509609.0), np.float64(169388832.0), np.float64(99566161.0)]
2025-05-17 01:25:14,851 - INFO - 
2. Post-Cross Movement (30min):
5min Price Changes (%): ['0.079']
Maximum Change: 0.079% after 5 minutes
Candle Analysis:
    Body Sizes (%): ['0.079']
    Upper Shadows (%): ['0.000']
    Lower Shadows (%): ['0.000']
Volumes: [np.float64(935693.0)]
==================================================
2025-05-17 01:25:15,532 - INFO - 
==================================================
EMA Cross Analysis - 1000PEPE/USDT
Time: 2025-05-17 01:20:00+09:00
Type: dead
Cross Character (Current): Weak
Cross Character (New): Weak
Price at Cross: 0.0134595

1. Pre-Cross Pattern (15min):
EMA Distance Changes (%): ['0.188', '0.114', '0.020', '0.069']
EMA12 Changes (%): ['0.025', '-0.117', '-0.166', '-0.166']
Price Changes (%): ['-0.508', '-0.899', '-0.436', '-0.167']
Candle Analysis:
    Body Sizes (%): ['0.504', '0.899', '0.449', '0.181']
    Upper Shadows (%): ['0.244', '0.121', '0.415', '0.062']
    Lower Shadows (%): ['0.045', '0.001', '0.292', '0.375']
Volumes: [np.float64(336986516.0), np.float64(421870352.0), np.float64(786349600.0), np.float64(528269022.0)]
2025-05-17 01:25:15,532 - INFO - 
2. Post-Cross Movement (30min):
5min Price Changes (%): ['0.082']
Maximum Change: 0.082% after 5 minutes
Candle Analysis:
    Body Sizes (%): ['0.082']
    Upper Shadows (%): ['0.025']
    Lower Shadows (%): ['0.068']
Volumes: [np.float64(16248824.0)]
==================================================
2025-05-17 01:25:17,583 - INFO - 
==================================================
EMA Cross Analysis - XLM/USDT
Time: 2025-05-17 01:20:00+09:00
Type: dead
Cross Character (Current): Weak
Cross Character (New): Weak
Price at Cross: 0.29686

1. Pre-Cross Pattern (15min):
EMA Distance Changes (%): ['0.080', '0.062', '0.017', '0.036']
EMA12 Changes (%): ['0.011', '-0.023', '-0.078', '-0.100']
Price Changes (%): ['-0.180', '-0.207', '-0.382', '-0.222']
Candle Analysis:
    Body Sizes (%): ['0.187', '0.207', '0.382', '0.222']
    Upper Shadows (%): ['0.113', '0.104', '0.151', '0.054']
    Lower Shadows (%): ['0.027', '0.000', '0.100', '0.087']
Volumes: [np.float64(793540.0), np.float64(454888.0), np.float64(1021199.0), np.float64(693312.0)]
2025-05-17 01:25:17,584 - INFO - 
2. Post-Cross Movement (30min):
5min Price Changes (%): ['0.024']
Maximum Change: 0.024% after 5 minutes
Candle Analysis:
    Body Sizes (%): ['0.027']
    Upper Shadows (%): ['0.003']
    Lower Shadows (%): ['0.024']
Volumes: [np.float64(10428.0)]
==================================================
2025-05-17 01:25:20,191 - INFO - 
==================================================
EMA Cross Analysis - ADA/USDT
Time: 2025-05-17 01:25:00+09:00
Type: dead
Cross Character (Current): Weak
Cross Character (New): Weak
Price at Cross: 0.7741

1. Pre-Cross Pattern (15min):
EMA Distance Changes (%): ['0.069', '0.044', '0.005', '0.023']
EMA12 Changes (%): ['0.031', '-0.037', '-0.069', '-0.053']
Price Changes (%): ['-0.231', '-0.411', '-0.245', '0.039']
Candle Analysis:
    Body Sizes (%): ['0.218', '0.424', '0.245', '0.039']
    Upper Shadows (%): ['0.179', '0.218', '0.090', '0.039']
    Lower Shadows (%): ['0.013', '0.116', '0.052', '0.026']
Volumes: [np.float64(1555952.0), np.float64(2419345.0), np.float64(1758467.0), np.float64(139918.0)]
2025-05-17 01:25:20,191 - INFO - 
2. Post-Cross Movement (30min):
5min Price Changes (%): []
Maximum Change: 0.000% after 0 minutes
Candle Analysis:
    Body Sizes (%): []
    Upper Shadows (%): []
    Lower Shadows (%): []
Volumes: []
==================================================
2025-05-17 01:25:20,427 - INFO - 
==================================================
EMA Cross Analysis - WLD/USDT
Time: 2025-05-17 01:20:00+09:00
Type: dead
Cross Character (Current): Weak
Cross Character (New): Weak
Price at Cross: 1.1538

1. Pre-Cross Pattern (15min):
EMA Distance Changes (%): ['0.099', '0.075', '0.026', '0.042']
EMA12 Changes (%): ['0.064', '-0.032', '-0.085', '-0.126']
Price Changes (%): ['-0.595', '-0.556', '-0.379', '-0.354']
Candle Analysis:
    Body Sizes (%): ['0.604', '0.565', '0.387', '0.354']
    Upper Shadows (%): ['0.162', '0.308', '0.327', '0.104']
    Lower Shadows (%): ['0.000', '0.000', '0.138', '0.069']
Volumes: [np.float64(427489.0), np.float64(491739.0), np.float64(527518.0), np.float64(551797.0)]
2025-05-17 01:25:20,427 - INFO - 
2. Post-Cross Movement (30min):
5min Price Changes (%): ['0.095']
Maximum Change: 0.095% after 5 minutes
Candle Analysis:
    Body Sizes (%): ['0.087']
    Upper Shadows (%): ['0.000']
    Lower Shadows (%): ['0.035']
Volumes: [np.float64(16984.0)]
==================================================
2025-05-17 01:25:20,897 - INFO - 
==================================================
EMA Cross Analysis - PENGU/USDT
Time: 2025-05-17 01:20:00+09:00
Type: dead
Cross Character (Current): Weak
Cross Character (New): Weak
Price at Cross: 0.013449

1. Pre-Cross Pattern (15min):
EMA Distance Changes (%): ['0.153', '0.118', '0.021', '0.075']
EMA12 Changes (%): ['0.042', '-0.046', '-0.172', '-0.180']
Price Changes (%): ['-0.117', '-0.527', '-0.868', '-0.223']
Candle Analysis:
    Body Sizes (%): ['0.124', '0.519', '0.868', '0.223']
    Upper Shadows (%): ['0.212', '0.329', '0.353', '0.341']
    Lower Shadows (%): ['0.110', '0.059', '0.118', '0.059']
Volumes: [np.float64(19805571.0), np.float64(21297122.0), np.float64(61210147.0), np.float64(47996550.0)]
2025-05-17 01:25:20,897 - INFO - 
2. Post-Cross Movement (30min):
5min Price Changes (%): ['-0.104']
Maximum Change: -0.104% after 5 minutes
Candle Analysis:
    Body Sizes (%): ['0.097']
    Upper Shadows (%): ['0.030']
    Lower Shadows (%): ['0.000']
Volumes: [np.float64(1574069.0)]
==================================================
2025-05-17 01:31:01,370 - INFO - 
==================================================
EMA Cross Analysis - BAKE/USDT
Time: 2025-05-17 01:30:00+09:00
Type: dead
Cross Character (Current): Weak
Cross Character (New): Weak
Price at Cross: 0.1377

1. Pre-Cross Pattern (15min):
EMA Distance Changes (%): ['0.070', '0.038', '0.013', '0.007']
EMA12 Changes (%): ['-0.034', '-0.051', '-0.044', '-0.037']
Price Changes (%): ['-0.361', '-0.145', '0.000', '0.000']
Candle Analysis:
    Body Sizes (%): ['0.361', '0.145', '0.073', '0.000']
    Upper Shadows (%): ['0.289', '0.145', '0.073', '0.073']
    Lower Shadows (%): ['0.072', '0.145', '0.073', '0.073']
Volumes: [np.float64(144174.0), np.float64(116768.0), np.float64(82377.0), np.float64(41785.0)]
2025-05-17 01:31:01,370 - INFO - 
2. Post-Cross Movement (30min):
5min Price Changes (%): []
Maximum Change: 0.000% after 0 minutes
Candle Analysis:
    Body Sizes (%): []
    Upper Shadows (%): []
    Lower Shadows (%): []
Volumes: []
==================================================
2025-05-17 01:31:06,597 - INFO - 
==================================================
EMA Cross Analysis - ADA/USDT
Time: 2025-05-17 01:25:00+09:00
Type: dead
Cross Character (Current): Weak
Cross Character (New): Weak
Price at Cross: 0.7741

1. Pre-Cross Pattern (15min):
EMA Distance Changes (%): ['0.069', '0.044', '0.005', '0.023']
EMA12 Changes (%): ['0.031', '-0.037', '-0.069', '-0.053']
Price Changes (%): ['-0.231', '-0.411', '-0.245', '0.039']
Candle Analysis:
    Body Sizes (%): ['0.218', '0.424', '0.245', '0.039']
    Upper Shadows (%): ['0.179', '0.218', '0.090', '0.142']
    Lower Shadows (%): ['0.013', '0.116', '0.052', '0.026']
Volumes: [np.float64(1555952.0), np.float64(2419345.0), np.float64(1758467.0), np.float64(1318299.0)]
2025-05-17 01:31:06,597 - INFO - 
2. Post-Cross Movement (30min):
5min Price Changes (%): ['0.090']
Maximum Change: 0.090% after 5 minutes
Candle Analysis:
    Body Sizes (%): ['0.090']
    Upper Shadows (%): ['0.052']
    Lower Shadows (%): ['0.000']
Volumes: [np.float64(314822.0)]
==================================================
2025-05-17 01:35:39,102 - INFO - 
==================================================
EMA Cross Analysis - BAKE/USDT
Time: 2025-05-17 01:30:00+09:00
Type: dead
Cross Character (Current): Weak
Cross Character (New): Weak
Price at Cross: 0.137

1. Pre-Cross Pattern (15min):
EMA Distance Changes (%): ['0.070', '0.038', '0.013', '0.048']
EMA12 Changes (%): ['-0.034', '-0.051', '-0.044', '-0.115']
Price Changes (%): ['-0.361', '-0.145', '0.000', '-0.508']
Candle Analysis:
    Body Sizes (%): ['0.361', '0.145', '0.073', '0.508']
    Upper Shadows (%): ['0.289', '0.145', '0.073', '0.073']
    Lower Shadows (%): ['0.072', '0.145', '0.073', '0.000']
Volumes: [np.float64(144174.0), np.float64(116768.0), np.float64(82377.0), np.float64(139888.0)]
2025-05-17 01:35:39,102 - INFO - 
2. Post-Cross Movement (30min):
5min Price Changes (%): ['0.073']
Maximum Change: 0.073% after 5 minutes
Candle Analysis:
    Body Sizes (%): ['0.073']
    Upper Shadows (%): ['0.000']
    Lower Shadows (%): ['0.146']
Volumes: [np.float64(65553.0)]
==================================================
2025-05-17 01:35:41,464 - INFO - 
==================================================
EMA Cross Analysis - DOGE/USDT
Time: 2025-05-17 01:30:00+09:00
Type: dead
Cross Character (Current): Weak
Cross Character (New): Weak
Price at Cross: 0.2263

1. Pre-Cross Pattern (15min):
EMA Distance Changes (%): ['0.186', '0.118', '0.071', '0.002']
EMA12 Changes (%): ['-0.070', '-0.105', '-0.073', '-0.129']
Price Changes (%): ['-0.524', '-0.299', '0.101', '-0.440']
Candle Analysis:
    Body Sizes (%): ['0.528', '0.299', '0.106', '0.436']
    Upper Shadows (%): ['0.218', '0.114', '0.123', '0.132']
    Lower Shadows (%): ['0.100', '0.057', '0.044', '0.066']
Volumes: [np.float64(50632518.0), np.float64(29842535.0), np.float64(18966942.0), np.float64(25854078.0)]
2025-05-17 01:35:41,465 - INFO - 
2. Post-Cross Movement (30min):
5min Price Changes (%): ['0.137']
Maximum Change: 0.137% after 5 minutes
Candle Analysis:
    Body Sizes (%): ['0.141']
    Upper Shadows (%): ['0.027']
    Lower Shadows (%): ['0.031']
Volumes: [np.float64(3273331.0)]
==================================================
2025-05-17 01:40:16,643 - INFO - 
==================================================
EMA Cross Analysis - HIPPO/USDT
Time: 2025-05-17 01:35:00+09:00
Type: dead
Cross Character (Current): Weak
Cross Character (New): Weak
Price at Cross: 0.003794

1. Pre-Cross Pattern (15min):
EMA Distance Changes (%): ['0.022', '0.034', '0.006', '0.002']
EMA12 Changes (%): ['-0.102', '0.105', '-0.049', '-0.013']
Price Changes (%): ['0.346', '1.245', '-0.890', '0.185']
Candle Analysis:
    Body Sizes (%): ['0.346', '1.245', '0.890', '0.211']
    Upper Shadows (%): ['0.319', '0.742', '0.471', '0.449']
    Lower Shadows (%): ['0.186', '0.318', '0.157', '0.713']
Volumes: [np.float64(99566161.0), np.float64(161954960.0), np.float64(73601835.0), np.float64(87391875.0)]
2025-05-17 01:40:16,644 - INFO - 
2. Post-Cross Movement (30min):
5min Price Changes (%): ['-0.053']
Maximum Change: -0.053% after 5 minutes
Candle Analysis:
    Body Sizes (%): ['0.053']
    Upper Shadows (%): ['0.105']
    Lower Shadows (%): ['0.079']
Volumes: [np.float64(2801387.0)]
==================================================
2025-05-17 02:10:24,187 - INFO - 
==================================================
EMA Cross Analysis - EOS/USDT
Time: 2025-05-17 02:10:00+09:00
Type: golden
Cross Character (Current): Weak
Cross Character (New): Weak
Price at Cross: 0.849

1. Pre-Cross Pattern (15min):
EMA Distance Changes (%): ['0.118', '0.050', '0.025', '0.004']
EMA12 Changes (%): ['0.070', '0.114', '0.042', '0.053']
Price Changes (%): ['0.000', '0.354', '-0.353', '0.118']
Candle Analysis:
    Body Sizes (%): ['0.000', '0.472', '0.353', '0.118']
    Upper Shadows (%): ['0.118', '0.000', '0.118', '0.118']
    Lower Shadows (%): ['0.118', '0.118', '0.118', '0.000']
Volumes: [np.float64(223551.0), np.float64(431902.8), np.float64(393043.0), np.float64(119693.2)]
2025-05-17 02:10:24,187 - INFO - 
2. Post-Cross Movement (30min):
5min Price Changes (%): []
Maximum Change: 0.000% after 0 minutes
Candle Analysis:
    Body Sizes (%): []
    Upper Shadows (%): []
    Lower Shadows (%): []
Volumes: []
==================================================
2025-05-17 02:16:09,599 - INFO - 
==================================================
EMA Cross Analysis - BNB/USDT
Time: 2025-05-17 02:15:00+09:00
Type: golden
Cross Character (Current): Weak
Cross Character (New): Weak
Price at Cross: 652.8

1. Pre-Cross Pattern (15min):
EMA Distance Changes (%): ['0.011', '0.010', '0.002', '0.010']
EMA12 Changes (%): ['0.020', '0.001', '0.015', '0.022']
Price Changes (%): ['-0.002', '-0.106', '0.094', '0.060']
Candle Analysis:
    Body Sizes (%): ['0.000', '0.106', '0.094', '0.061']
    Upper Shadows (%): ['0.054', '0.000', '0.000', '0.000']
    Lower Shadows (%): ['0.035', '0.048', '0.021', '0.008']
Volumes: [np.float64(891.18), np.float64(1482.07), np.float64(573.4), np.float64(206.08)]
2025-05-17 02:16:09,599 - INFO - 
2. Post-Cross Movement (30min):
5min Price Changes (%): []
Maximum Change: 0.000% after 0 minutes
Candle Analysis:
    Body Sizes (%): []
    Upper Shadows (%): []
    Lower Shadows (%): []
Volumes: []
==================================================
2025-05-17 02:16:10,252 - INFO - 
==================================================
EMA Cross Analysis - EOS/USDT
Time: 2025-05-17 02:10:00+09:00
Type: golden
Cross Character (Current): Weak
Cross Character (New): Weak
Price at Cross: 0.85

1. Pre-Cross Pattern (15min):
EMA Distance Changes (%): ['0.118', '0.050', '0.025', '0.014']
EMA12 Changes (%): ['0.070', '0.114', '0.042', '0.072']
Price Changes (%): ['0.000', '0.354', '-0.353', '0.236']
Candle Analysis:
    Body Sizes (%): ['0.000', '0.472', '0.353', '0.236']
    Upper Shadows (%): ['0.118', '0.000', '0.118', '0.236']
    Lower Shadows (%): ['0.118', '0.118', '0.118', '0.000']
Volumes: [np.float64(223551.0), np.float64(431902.8), np.float64(393043.0), np.float64(463055.9)]
2025-05-17 02:16:10,252 - INFO - 
2. Post-Cross Movement (30min):
5min Price Changes (%): ['0.118']
Maximum Change: 0.118% after 5 minutes
Candle Analysis:
    Body Sizes (%): ['0.118']
    Upper Shadows (%): ['0.118']
    Lower Shadows (%): ['0.000']
Volumes: [np.float64(66617.4)]
==================================================
2025-05-17 02:20:47,075 - INFO - 
==================================================
EMA Cross Analysis - BNB/USDT
Time: 2025-05-17 02:15:00+09:00
Type: golden
Cross Character (Current): Weak
Cross Character (New): Weak
Price at Cross: 653.21

1. Pre-Cross Pattern (15min):
EMA Distance Changes (%): ['0.011', '0.010', '0.002', '0.015']
EMA12 Changes (%): ['0.020', '0.001', '0.015', '0.031']
Price Changes (%): ['-0.002', '-0.106', '0.094', '0.123']
Candle Analysis:
    Body Sizes (%): ['0.000', '0.106', '0.094', '0.124']
    Upper Shadows (%): ['0.054', '0.000', '0.000', '0.002']
    Lower Shadows (%): ['0.035', '0.048', '0.021', '0.008']
Volumes: [np.float64(891.18), np.float64(1482.07), np.float64(573.4), np.float64(876.02)]
2025-05-17 02:20:47,075 - INFO - 
2. Post-Cross Movement (30min):
5min Price Changes (%): ['0.015']
Maximum Change: 0.015% after 5 minutes
Candle Analysis:
    Body Sizes (%): ['0.014']
    Upper Shadows (%): ['0.000']
    Lower Shadows (%): ['0.005']
Volumes: [np.float64(221.47)]
==================================================
2025-05-17 02:25:21,119 - INFO - 
==================================================
EMA Cross Analysis - BAKE/USDT
Time: 2025-05-17 02:25:00+09:00
Type: golden
Cross Character (Current): Weak
Cross Character (New): Weak
Price at Cross: 0.1383

1. Pre-Cross Pattern (15min):
EMA Distance Changes (%): ['0.092', '0.051', '0.018', '0.013']
EMA12 Changes (%): ['-0.028', '0.066', '0.056', '0.058']
Price Changes (%): ['0.146', '0.582', '0.000', '0.072']
Candle Analysis:
    Body Sizes (%): ['0.146', '0.509', '0.000', '0.072']
    Upper Shadows (%): ['0.073', '0.000', '0.000', '0.000']
    Lower Shadows (%): ['0.000', '0.073', '0.217', '0.000']
Volumes: [np.float64(50797.0), np.float64(90515.0), np.float64(47099.0), np.float64(1649.0)]
2025-05-17 02:25:21,119 - INFO - 
2. Post-Cross Movement (30min):
5min Price Changes (%): []
Maximum Change: 0.000% after 0 minutes
Candle Analysis:
    Body Sizes (%): []
    Upper Shadows (%): []
    Lower Shadows (%): []
Volumes: []
==================================================
2025-05-17 02:25:25,306 - INFO - 
==================================================
EMA Cross Analysis - THETA/USDT
Time: 2025-05-17 02:25:00+09:00
Type: golden
Cross Character (Current): Weak
Cross Character (New): Weak
Price at Cross: 0.9127

1. Pre-Cross Pattern (15min):
EMA Distance Changes (%): ['0.095', '0.047', '0.017', '0.011']
EMA12 Changes (%): ['0.000', '0.078', '0.051', '0.053']
Price Changes (%): ['0.099', '0.506', '-0.099', '0.066']
Candle Analysis:
    Body Sizes (%): ['0.088', '0.506', '0.088', '0.055']
    Upper Shadows (%): ['0.088', '0.033', '0.022', '0.000']
    Lower Shadows (%): ['0.088', '0.033', '0.077', '0.000']
Volumes: [np.float64(42855.3), np.float64(55653.8), np.float64(25432.6), np.float64(1475.8)]
2025-05-17 02:25:25,306 - INFO - 
2. Post-Cross Movement (30min):
5min Price Changes (%): []
Maximum Change: 0.000% after 0 minutes
Candle Analysis:
    Body Sizes (%): []
    Upper Shadows (%): []
    Lower Shadows (%): []
Volumes: []
==================================================
2025-05-17 02:30:01,388 - INFO - 
==================================================
EMA Cross Analysis - THETA/USDT
Time: 2025-05-17 02:30:00+09:00
Type: golden
Cross Character (Current): Weak
Cross Character (New): Weak
Price at Cross: 0.9106

1. Pre-Cross Pattern (15min):
EMA Distance Changes (%): ['0.047', '0.017', '0.008', '0.001']
EMA12 Changes (%): ['0.078', '0.051', '0.016', '0.015']
Price Changes (%): ['0.506', '-0.099', '-0.175', '0.011']
Candle Analysis:
    Body Sizes (%): ['0.506', '0.088', '0.186', '0.000']
    Upper Shadows (%): ['0.033', '0.022', '0.175', '0.000']
    Lower Shadows (%): ['0.033', '0.077', '0.066', '0.000']
Volumes: [np.float64(55653.8), np.float64(25432.6), np.float64(22749.3), np.float64(6.6)]
2025-05-17 02:30:01,388 - INFO - 
2. Post-Cross Movement (30min):
5min Price Changes (%): []
Maximum Change: 0.000% after 0 minutes
Candle Analysis:
    Body Sizes (%): []
    Upper Shadows (%): []
    Lower Shadows (%): []
Volumes: []
==================================================
2025-05-17 02:31:08,398 - INFO - 
==================================================
EMA Cross Analysis - BAKE/USDT
Time: 2025-05-17 02:30:00+09:00
Type: golden
Cross Character (Current): Weak
Cross Character (New): Weak
Price at Cross: 0.1381

1. Pre-Cross Pattern (15min):
EMA Distance Changes (%): ['0.051', '0.018', '0.010', '0.009']
EMA12 Changes (%): ['0.066', '0.056', '0.014', '0.034']
Price Changes (%): ['0.582', '0.000', '-0.217', '0.145']
Candle Analysis:
    Body Sizes (%): ['0.509', '0.000', '0.217', '0.072']
    Upper Shadows (%): ['0.000', '0.000', '0.072', '0.000']
    Lower Shadows (%): ['0.073', '0.217', '0.000', '0.072']
Volumes: [np.float64(90515.0), np.float64(47099.0), np.float64(81683.0), np.float64(21929.0)]
2025-05-17 02:31:08,398 - INFO - 
2. Post-Cross Movement (30min):
5min Price Changes (%): []
Maximum Change: 0.000% after 0 minutes
Candle Analysis:
    Body Sizes (%): []
    Upper Shadows (%): []
    Lower Shadows (%): []
Volumes: []
==================================================
2025-05-17 02:35:44,041 - INFO - 
==================================================
EMA Cross Analysis - HIPPO/USDT
Time: 2025-05-17 02:35:00+09:00
Type: dead
Cross Character (Current): Weak
Cross Character (New): Weak
Price at Cross: 0.003775

1. Pre-Cross Pattern (15min):
EMA Distance Changes (%): ['0.215', '0.177', '0.080', '0.000']
EMA12 Changes (%): ['0.043', '-0.044', '-0.162', '-0.142']
Price Changes (%): ['-0.052', '-0.523', '-0.814', '-0.026']
Candle Analysis:
    Body Sizes (%): ['0.052', '0.523', '0.814', '0.053']
    Upper Shadows (%): ['0.392', '0.235', '0.552', '0.106']
    Lower Shadows (%): ['0.183', '0.235', '0.394', '0.106']
Volumes: [np.float64(28684565.0), np.float64(47930640.0), np.float64(140711151.0), np.float64(13278567.0)]
2025-05-17 02:35:44,042 - INFO - 
2. Post-Cross Movement (30min):
5min Price Changes (%): []
Maximum Change: 0.000% after 0 minutes
Candle Analysis:
    Body Sizes (%): []
    Upper Shadows (%): []
    Lower Shadows (%): []
Volumes: []
==================================================
2025-05-17 02:35:47,305 - INFO - 
==================================================
EMA Cross Analysis - GRASS/USDT
Time: 2025-05-17 02:35:00+09:00
Type: dead
Cross Character (Current): Weak
Cross Character (New): Weak
Price at Cross: 1.9504

1. Pre-Cross Pattern (15min):
EMA Distance Changes (%): ['0.054', '0.056', '0.000', '0.055']
EMA12 Changes (%): ['0.065', '0.011', '-0.100', '-0.106']
Price Changes (%): ['0.305', '-0.284', '-0.712', '-0.138']
Candle Analysis:
    Body Sizes (%): ['0.305', '0.289', '0.737', '0.154']
    Upper Shadows (%): ['0.051', '0.289', '0.854', '0.082']
    Lower Shadows (%): ['0.147', '0.152', '0.112', '0.292']
Volumes: [np.float64(33343.3), np.float64(102155.1), np.float64(211884.5), np.float64(95045.6)]
2025-05-17 02:35:47,305 - INFO - 
2. Post-Cross Movement (30min):
5min Price Changes (%): []
Maximum Change: 0.000% after 0 minutes
Candle Analysis:
    Body Sizes (%): []
    Upper Shadows (%): []
    Lower Shadows (%): []
Volumes: []
==================================================
2025-05-17 02:35:47,957 - INFO - 
==================================================
EMA Cross Analysis - BNB/USDT
Time: 2025-05-17 02:35:00+09:00
Type: dead
Cross Character (Current): Weak
Cross Character (New): Weak
Price at Cross: 650.85

1. Pre-Cross Pattern (15min):
EMA Distance Changes (%): ['0.024', '0.025', '0.012', '0.004']
EMA12 Changes (%): ['0.021', '0.005', '-0.022', '-0.030']
Price Changes (%): ['-0.037', '-0.083', '-0.169', '-0.074']
Candle Analysis:
    Body Sizes (%): ['0.038', '0.083', '0.169', '0.075']
    Upper Shadows (%): ['0.015', '0.035', '0.008', '0.018']
    Lower Shadows (%): ['0.011', '0.017', '0.000', '0.031']
Volumes: [np.float64(805.77), np.float64(569.13), np.float64(808.67), np.float64(2023.33)]
2025-05-17 02:35:47,957 - INFO - 
2. Post-Cross Movement (30min):
5min Price Changes (%): []
Maximum Change: 0.000% after 0 minutes
Candle Analysis:
    Body Sizes (%): []
    Upper Shadows (%): []
    Lower Shadows (%): []
Volumes: []
==================================================
2025-05-17 02:40:20,769 - INFO - 
==================================================
EMA Cross Analysis - HIPPO/USDT
Time: 2025-05-17 02:35:00+09:00
Type: dead
Cross Character (Current): Weak
Cross Character (New): Weak
Price at Cross: 0.003722

1. Pre-Cross Pattern (15min):
EMA Distance Changes (%): ['0.215', '0.177', '0.080', '0.114']
EMA12 Changes (%): ['0.043', '-0.044', '-0.162', '-0.356']
Price Changes (%): ['-0.052', '-0.523', '-0.814', '-1.430']
Candle Analysis:
    Body Sizes (%): ['0.052', '0.523', '0.814', '1.352']
    Upper Shadows (%): ['0.392', '0.235', '0.552', '0.186']
    Lower Shadows (%): ['0.183', '0.235', '0.394', '0.477']
Volumes: [np.float64(28684565.0), np.float64(47930640.0), np.float64(140711151.0), np.float64(218098324.0)]
2025-05-17 02:40:20,769 - INFO - 
2. Post-Cross Movement (30min):
5min Price Changes (%): ['0.054']
Maximum Change: 0.054% after 5 minutes
Candle Analysis:
    Body Sizes (%): ['0.027']
    Upper Shadows (%): ['0.134']
    Lower Shadows (%): ['0.027']
Volumes: [np.float64(4017208.0)]
==================================================
2025-05-17 02:40:24,118 - INFO - 
==================================================
EMA Cross Analysis - GRASS/USDT
Time: 2025-05-17 02:35:00+09:00
Type: dead
Cross Character (Current): Weak
Cross Character (New): Weak
Price at Cross: 1.9447

1. Pre-Cross Pattern (15min):
EMA Distance Changes (%): ['0.054', '0.056', '0.000', '0.078']
EMA12 Changes (%): ['0.065', '0.011', '-0.100', '-0.150']
Price Changes (%): ['0.305', '-0.284', '-0.712', '-0.430']
Candle Analysis:
    Body Sizes (%): ['0.305', '0.289', '0.737', '0.445']
    Upper Shadows (%): ['0.051', '0.289', '0.854', '0.082']
    Lower Shadows (%): ['0.147', '0.152', '0.112', '0.307']
Volumes: [np.float64(33343.3), np.float64(102155.1), np.float64(211884.5), np.float64(175815.6)]
2025-05-17 02:40:24,118 - INFO - 
2. Post-Cross Movement (30min):
5min Price Changes (%): ['0.026']
Maximum Change: 0.026% after 5 minutes
Candle Analysis:
    Body Sizes (%): ['0.015']
    Upper Shadows (%): ['0.036']
    Lower Shadows (%): ['0.062']
Volumes: [np.float64(4765.5)]
==================================================
2025-05-17 02:40:24,771 - INFO - 
==================================================
EMA Cross Analysis - BNB/USDT
Time: 2025-05-17 02:35:00+09:00
Type: dead
Cross Character (Current): Weak
Cross Character (New): Weak
Price at Cross: 650.11

1. Pre-Cross Pattern (15min):
EMA Distance Changes (%): ['0.024', '0.025', '0.012', '0.013']
EMA12 Changes (%): ['0.021', '0.005', '-0.022', '-0.047']
Price Changes (%): ['-0.037', '-0.083', '-0.169', '-0.187']
Candle Analysis:
    Body Sizes (%): ['0.038', '0.083', '0.169', '0.189']
    Upper Shadows (%): ['0.015', '0.035', '0.008', '0.018']
    Lower Shadows (%): ['0.011', '0.017', '0.000', '0.049']
Volumes: [np.float64(805.77), np.float64(569.13), np.float64(808.67), np.float64(10332.28)]
2025-05-17 02:40:24,772 - INFO - 
2. Post-Cross Movement (30min):
5min Price Changes (%): ['-0.026']
Maximum Change: -0.026% after 5 minutes
Candle Analysis:
    Body Sizes (%): ['0.026']
    Upper Shadows (%): ['0.000']
    Lower Shadows (%): ['0.003']
Volumes: [np.float64(373.62)]
==================================================
2025-05-17 02:50:48,098 - INFO - 
==================================================
EMA Cross Analysis - EOS/USDT
Time: 2025-05-17 02:50:00+09:00
Type: dead
Cross Character (Current): Weak
Cross Character (New): Weak
Price at Cross: 0.842

1. Pre-Cross Pattern (15min):
EMA Distance Changes (%): ['0.082', '0.074', '0.030', '0.024']
EMA12 Changes (%): ['-0.003', '-0.002', '-0.075', '-0.099']
Price Changes (%): ['-0.118', '0.000', '-0.472', '-0.237']
Candle Analysis:
    Body Sizes (%): ['0.118', '0.118', '0.354', '0.237']
    Upper Shadows (%): ['0.118', '0.000', '0.236', '0.118']
    Lower Shadows (%): ['0.236', '0.236', '0.236', '0.118']
Volumes: [np.float64(343990.5), np.float64(183193.9), np.float64(925360.2), np.float64(209617.5)]
2025-05-17 02:50:48,098 - INFO - 
2. Post-Cross Movement (30min):
5min Price Changes (%): []
Maximum Change: 0.000% after 0 minutes
Candle Analysis:
    Body Sizes (%): []
    Upper Shadows (%): []
    Lower Shadows (%): []
Volumes: []
==================================================
2025-05-17 02:55:24,981 - INFO - 
==================================================
EMA Cross Analysis - EOS/USDT
Time: 2025-05-17 02:50:00+09:00
Type: dead
Cross Character (Current): Weak
Cross Character (New): Weak
Price at Cross: 0.842

1. Pre-Cross Pattern (15min):
EMA Distance Changes (%): ['0.082', '0.074', '0.030', '0.024']
EMA12 Changes (%): ['-0.003', '-0.002', '-0.075', '-0.099']
Price Changes (%): ['-0.118', '0.000', '-0.472', '-0.237']
Candle Analysis:
    Body Sizes (%): ['0.118', '0.118', '0.354', '0.237']
    Upper Shadows (%): ['0.118', '0.000', '0.236', '0.118']
    Lower Shadows (%): ['0.236', '0.236', '0.236', '0.237']
Volumes: [np.float64(343990.5), np.float64(183193.9), np.float64(925360.2), np.float64(482839.5)]
2025-05-17 02:55:24,981 - INFO - 
2. Post-Cross Movement (30min):
5min Price Changes (%): ['-0.238']
Maximum Change: -0.238% after 5 minutes
Candle Analysis:
    Body Sizes (%): ['0.119']
    Upper Shadows (%): ['0.000']
    Lower Shadows (%): ['0.000']
Volumes: [np.float64(42005.3)]
==================================================
2025-05-17 03:25:27,664 - INFO - 
==================================================
EMA Cross Analysis - PENGU/USDT
Time: 2025-05-17 03:25:00+09:00
Type: golden
Cross Character (Current): Weak
Cross Character (New): Weak
Price at Cross: 0.013598

1. Pre-Cross Pattern (15min):
EMA Distance Changes (%): ['0.151', '0.086', '0.024', '0.063']
EMA12 Changes (%): ['0.188', '0.106', '0.107', '0.166']
Price Changes (%): ['0.578', '-0.339', '0.111', '0.488']
Candle Analysis:
    Body Sizes (%): ['0.571', '0.354', '0.126', '0.488']
    Upper Shadows (%): ['0.148', '0.346', '0.311', '0.000']
    Lower Shadows (%): ['0.000', '0.243', '0.296', '0.015']
Volumes: [np.float64(39117913.0), np.float64(35399565.0), np.float64(24157330.0), np.float64(2424979.0)]
2025-05-17 03:25:27,664 - INFO - 
2. Post-Cross Movement (30min):
5min Price Changes (%): []
Maximum Change: 0.000% after 0 minutes
Candle Analysis:
    Body Sizes (%): []
    Upper Shadows (%): []
    Lower Shadows (%): []
Volumes: []
==================================================
2025-05-17 03:30:03,207 - INFO - 
==================================================
EMA Cross Analysis - PENGU/USDT
Time: 2025-05-17 03:25:00+09:00
Type: golden
Cross Character (Current): Weak
Cross Character (New): Weak
Price at Cross: 0.013543

1. Pre-Cross Pattern (15min):
EMA Distance Changes (%): ['0.151', '0.086', '0.024', '0.031']
EMA12 Changes (%): ['0.188', '0.106', '0.107', '0.103']
Price Changes (%): ['0.578', '-0.339', '0.111', '0.081']
Candle Analysis:
    Body Sizes (%): ['0.571', '0.354', '0.126', '0.081']
    Upper Shadows (%): ['0.148', '0.346', '0.311', '0.547']
    Lower Shadows (%): ['0.000', '0.243', '0.296', '0.015']
Volumes: [np.float64(39117913.0), np.float64(35399565.0), np.float64(24157330.0), np.float64(24727511.0)]
2025-05-17 03:30:03,207 - INFO - 
2. Post-Cross Movement (30min):
5min Price Changes (%): ['0.007']
Maximum Change: 0.007% after 5 minutes
Candle Analysis:
    Body Sizes (%): ['0.022']
    Upper Shadows (%): ['0.000']
    Lower Shadows (%): ['0.015']
Volumes: [np.float64(193249.0)]
==================================================
2025-05-17 03:40:30,637 - INFO - 
==================================================
EMA Cross Analysis - BRETT/USDT
Time: 2025-05-17 03:40:00+09:00
Type: golden
Cross Character (Current): Weak
Cross Character (New): Weak
Price at Cross: 0.07134

1. Pre-Cross Pattern (15min):
EMA Distance Changes (%): ['0.202', '0.126', '0.049', '0.006']
EMA12 Changes (%): ['0.016', '0.116', '0.131', '0.099']
Price Changes (%): ['0.042', '0.664', '0.211', '-0.070']
Candle Analysis:
    Body Sizes (%): ['0.042', '0.678', '0.225', '0.070']
    Upper Shadows (%): ['0.495', '0.127', '0.042', '0.084']
    Lower Shadows (%): ['0.028', '0.339', '0.154', '0.000']
Volumes: [np.float64(185622.0), np.float64(543139.0), np.float64(400732.0), np.float64(112143.0)]
2025-05-17 03:40:30,637 - INFO - 
2. Post-Cross Movement (30min):
5min Price Changes (%): []
Maximum Change: 0.000% after 0 minutes
Candle Analysis:
    Body Sizes (%): []
    Upper Shadows (%): []
    Lower Shadows (%): []
Volumes: []
==================================================
2025-05-17 03:55:31,118 - INFO - 
==================================================
EMA Cross Analysis - BRETT/USDT
Time: 2025-05-17 03:55:00+09:00
Type: dead
Cross Character (Current): Weak
Cross Character (New): Weak
Price at Cross: 0.07086

1. Pre-Cross Pattern (15min):
EMA Distance Changes (%): ['0.037', '0.023', '0.001', '0.008']
EMA12 Changes (%): ['0.017', '0.021', '0.044', '-0.017']
Price Changes (%): ['-0.602', '0.042', '0.169', '-0.352']
Candle Analysis:
    Body Sizes (%): ['0.602', '0.056', '0.169', '0.366']
    Upper Shadows (%): ['0.084', '0.395', '0.282', '0.014']
    Lower Shadows (%): ['0.000', '0.310', '0.338', '0.000']
Volumes: [np.float64(430246.0), np.float64(401328.0), np.float64(294693.0), np.float64(62050.0)]
2025-05-17 03:55:31,118 - INFO - 
2. Post-Cross Movement (30min):
5min Price Changes (%): []
Maximum Change: 0.000% after 0 minutes
Candle Analysis:
    Body Sizes (%): []
    Upper Shadows (%): []
    Lower Shadows (%): []
Volumes: []
==================================================
2025-05-17 04:05:53,513 - INFO - 
==================================================
EMA Cross Analysis - SUI/USDT
Time: 2025-05-17 04:05:00+09:00
Type: golden
Cross Character (Current): Weak
Cross Character (New): Weak
Price at Cross: 3.8573

1. Pre-Cross Pattern (15min):
EMA Distance Changes (%): ['0.034', '0.025', '0.003', '0.028']
EMA12 Changes (%): ['0.044', '0.013', '0.039', '0.059']
Price Changes (%): ['0.229', '-0.153', '0.182', '0.164']
Candle Analysis:
    Body Sizes (%): ['0.226', '0.148', '0.187', '0.164']
    Upper Shadows (%): ['0.065', '0.109', '0.185', '0.005']
    Lower Shadows (%): ['0.115', '0.042', '0.140', '0.003']
Volumes: [np.float64(375177.9), np.float64(344701.6), np.float64(453553.8), np.float64(44523.1)]
2025-05-17 04:05:53,513 - INFO - 
2. Post-Cross Movement (30min):
5min Price Changes (%): []
Maximum Change: 0.000% after 0 minutes
Candle Analysis:
    Body Sizes (%): []
    Upper Shadows (%): []
    Lower Shadows (%): []
Volumes: []
==================================================
2025-05-17 04:10:22,222 - INFO - 
==================================================
EMA Cross Analysis - TIA/USDT
Time: 2025-05-17 04:10:00+09:00
Type: golden
Cross Character (Current): Weak
Cross Character (New): Weak
Price at Cross: 2.7253

1. Pre-Cross Pattern (15min):
EMA Distance Changes (%): ['0.072', '0.038', '0.011', '0.022']
EMA12 Changes (%): ['0.021', '0.055', '0.046', '0.062']
Price Changes (%): ['-0.059', '0.243', '-0.004', '0.147']
Candle Analysis:
    Body Sizes (%): ['0.063', '0.250', '0.004', '0.154']
    Upper Shadows (%): ['0.214', '0.295', '0.294', '0.000']
    Lower Shadows (%): ['0.110', '0.103', '0.220', '0.022']
Volumes: [np.float64(124146.0), np.float64(121265.0), np.float64(77497.0), np.float64(2830.0)]
2025-05-17 04:10:22,222 - INFO - 
2. Post-Cross Movement (30min):
5min Price Changes (%): []
Maximum Change: 0.000% after 0 minutes
Candle Analysis:
    Body Sizes (%): []
    Upper Shadows (%): []
    Lower Shadows (%): []
Volumes: []
==================================================
2025-05-17 04:10:25,271 - INFO - 
==================================================
EMA Cross Analysis - POL/USDT
Time: 2025-05-17 04:10:00+09:00
Type: golden
Cross Character (Current): Weak
Cross Character (New): Weak
Price at Cross: 0.24122

1. Pre-Cross Pattern (15min):
EMA Distance Changes (%): ['0.045', '0.026', '0.011', '0.009']
EMA12 Changes (%): ['0.004', '0.030', '0.024', '0.037']
Price Changes (%): ['-0.162', '0.175', '-0.008', '0.108']
Candle Analysis:
    Body Sizes (%): ['0.174', '0.183', '0.000', '0.120']
    Upper Shadows (%): ['0.058', '0.208', '0.237', '0.000']
    Lower Shadows (%): ['0.008', '0.116', '0.170', '0.000']
Volumes: [np.float64(107481.0), np.float64(265713.0), np.float64(162434.0), np.float64(9397.0)]
2025-05-17 04:10:25,271 - INFO - 
2. Post-Cross Movement (30min):
5min Price Changes (%): []
Maximum Change: 0.000% after 0 minutes
Candle Analysis:
    Body Sizes (%): []
    Upper Shadows (%): []
    Lower Shadows (%): []
Volumes: []
==================================================
2025-05-17 04:10:28,761 - INFO - 
==================================================
EMA Cross Analysis - XRP/USDT
Time: 2025-05-17 04:10:00+09:00
Type: golden
Cross Character (Current): Weak
Cross Character (New): Weak
Price at Cross: 2.415

1. Pre-Cross Pattern (15min):
EMA Distance Changes (%): ['0.041', '0.031', '0.012', '0.016']
EMA12 Changes (%): ['0.001', '0.014', '0.032', '0.051']
Price Changes (%): ['-0.137', '0.083', '0.133', '0.153']
Candle Analysis:
    Body Sizes (%): ['0.133', '0.087', '0.133', '0.153']
    Upper Shadows (%): ['0.025', '0.216', '0.050', '0.000']
    Lower Shadows (%): ['0.050', '0.058', '0.046', '0.004']
Volumes: [np.float64(841536.7), np.float64(1426813.0), np.float64(1665069.8), np.float64(132056.3)]
2025-05-17 04:10:28,761 - INFO - 
2. Post-Cross Movement (30min):
5min Price Changes (%): []
Maximum Change: 0.000% after 0 minutes
Candle Analysis:
    Body Sizes (%): []
    Upper Shadows (%): []
    Lower Shadows (%): []
Volumes: []
==================================================
2025-05-17 04:10:30,454 - INFO - 
==================================================
EMA Cross Analysis - SUI/USDT
Time: 2025-05-17 04:05:00+09:00
Type: golden
Cross Character (Current): Weak
Cross Character (New): Weak
Price at Cross: 3.8553

1. Pre-Cross Pattern (15min):
EMA Distance Changes (%): ['0.034', '0.025', '0.003', '0.024']
EMA12 Changes (%): ['0.044', '0.013', '0.039', '0.050']
Price Changes (%): ['0.229', '-0.153', '0.182', '0.112']
Candle Analysis:
    Body Sizes (%): ['0.226', '0.148', '0.187', '0.112']
    Upper Shadows (%): ['0.065', '0.109', '0.185', '0.169']
    Lower Shadows (%): ['0.115', '0.042', '0.140', '0.052']
Volumes: [np.float64(375177.9), np.float64(344701.6), np.float64(453553.8), np.float64(362614.8)]
2025-05-17 04:10:30,454 - INFO - 
2. Post-Cross Movement (30min):
5min Price Changes (%): ['0.163']
Maximum Change: 0.163% after 5 minutes
Candle Analysis:
    Body Sizes (%): ['0.158']
    Upper Shadows (%): ['0.000']
    Lower Shadows (%): ['0.029']
Volumes: [np.float64(23775.3)]
==================================================
2025-05-17 04:15:04,504 - INFO - 
==================================================
EMA Cross Analysis - XRP/USDT
Time: 2025-05-17 04:10:00+09:00
Type: golden
Cross Character (Current): Weak
Cross Character (New): Weak
Price at Cross: 2.414

1. Pre-Cross Pattern (15min):
EMA Distance Changes (%): ['0.041', '0.031', '0.012', '0.012']
EMA12 Changes (%): ['0.001', '0.014', '0.032', '0.045']
Price Changes (%): ['-0.137', '0.083', '0.133', '0.112']
Candle Analysis:
    Body Sizes (%): ['0.133', '0.087', '0.133', '0.112']
    Upper Shadows (%): ['0.025', '0.216', '0.050', '0.058']
    Lower Shadows (%): ['0.050', '0.058', '0.046', '0.029']
Volumes: [np.float64(841536.7), np.float64(1426813.0), np.float64(1665069.8), np.float64(1171285.5)]
2025-05-17 04:15:04,505 - INFO - 
2. Post-Cross Movement (30min):
5min Price Changes (%): ['0.012']
Maximum Change: 0.012% after 5 minutes
Candle Analysis:
    Body Sizes (%): ['0.008']
    Upper Shadows (%): ['0.004']
    Lower Shadows (%): ['0.000']
Volumes: [np.float64(8840.6)]
==================================================
2025-05-17 04:16:08,999 - INFO - 
==================================================
EMA Cross Analysis - TIA/USDT
Time: 2025-05-17 04:10:00+09:00
Type: golden
Cross Character (Current): Weak
Cross Character (New): Weak
Price at Cross: 2.7187

1. Pre-Cross Pattern (15min):
EMA Distance Changes (%): ['0.072', '0.038', '0.011', '0.002']
EMA12 Changes (%): ['0.021', '0.055', '0.046', '0.024']
Price Changes (%): ['-0.059', '0.243', '-0.004', '-0.096']
Candle Analysis:
    Body Sizes (%): ['0.063', '0.250', '0.004', '0.088']
    Upper Shadows (%): ['0.214', '0.295', '0.294', '0.250']
    Lower Shadows (%): ['0.110', '0.103', '0.220', '0.129']
Volumes: [np.float64(124146.0), np.float64(121265.0), np.float64(77497.0), np.float64(81627.0)]
2025-05-17 04:16:08,999 - INFO - 
2. Post-Cross Movement (30min):
5min Price Changes (%): ['-0.070']
Maximum Change: -0.070% after 5 minutes
Candle Analysis:
    Body Sizes (%): ['0.070']
    Upper Shadows (%): ['0.051']
    Lower Shadows (%): ['0.040']
Volumes: [np.float64(18329.0)]
==================================================
2025-05-17 04:20:51,490 - INFO - 
==================================================
EMA Cross Analysis - XRP/USDT
Time: 2025-05-17 04:20:00+09:00
Type: dead
Cross Character (Current): Weak
Cross Character (New): Weak
Price at Cross: 2.405

1. Pre-Cross Pattern (15min):
EMA Distance Changes (%): ['0.012', '0.012', '0.004', '0.005']
EMA12 Changes (%): ['0.032', '0.045', '-0.013', '-0.018']
Price Changes (%): ['0.133', '0.112', '-0.331', '-0.042']
Candle Analysis:
    Body Sizes (%): ['0.133', '0.112', '0.336', '0.042']
    Upper Shadows (%): ['0.050', '0.058', '0.037', '0.096']
    Lower Shadows (%): ['0.046', '0.029', '0.066', '0.000']
Volumes: [np.float64(1665069.8), np.float64(1171285.5), np.float64(1373938.4), np.float64(625239.2)]
2025-05-17 04:20:51,490 - INFO - 
2. Post-Cross Movement (30min):
5min Price Changes (%): []
Maximum Change: 0.000% after 0 minutes
Candle Analysis:
    Body Sizes (%): []
    Upper Shadows (%): []
    Lower Shadows (%): []
Volumes: []
==================================================
2025-05-17 04:20:52,387 - INFO - 
==================================================
EMA Cross Analysis - PENGU/USDT
Time: 2025-05-17 04:15:00+09:00
Type: dead
Cross Character (Current): Weak
Cross Character (New): Weak
Price at Cross: 0.0134

1. Pre-Cross Pattern (15min):
EMA Distance Changes (%): ['0.118', '0.098', '0.056', '0.005']
EMA12 Changes (%): ['-0.007', '-0.021', '-0.068', '-0.108']
Price Changes (%): ['0.037', '-0.096', '-0.326', '-0.327']
Candle Analysis:
    Body Sizes (%): ['0.015', '0.089', '0.334', '0.342']
    Upper Shadows (%): ['0.385', '0.415', '0.252', '0.007']
    Lower Shadows (%): ['0.267', '0.252', '0.148', '0.171']
Volumes: [np.float64(16298209.0), np.float64(14865614.0), np.float64(13188270.0), np.float64(34299495.0)]
2025-05-17 04:20:52,387 - INFO - 
2. Post-Cross Movement (30min):
5min Price Changes (%): ['-0.082']
Maximum Change: -0.082% after 5 minutes
Candle Analysis:
    Body Sizes (%): ['0.067']
    Upper Shadows (%): ['0.097']
    Lower Shadows (%): ['0.015']
Volumes: [np.float64(4650404.0)]
==================================================
2025-05-17 04:30:06,386 - INFO - 
==================================================
EMA Cross Analysis - ATA/USDT
Time: 2025-05-17 04:25:00+09:00
Type: golden
Cross Character (Current): Weak
Cross Character (New): Weak
Price at Cross: 0.0603

1. Pre-Cross Pattern (15min):
EMA Distance Changes (%): ['0.088', '0.081', '0.048', '0.018']
EMA12 Changes (%): ['0.031', '0.001', '0.052', '0.121']
Price Changes (%): ['0.000', '-0.167', '0.334', '0.500']
Candle Analysis:
    Body Sizes (%): ['0.000', '0.333', '0.334', '0.333']
    Upper Shadows (%): ['0.334', '0.000', '0.167', '0.166']
    Lower Shadows (%): ['0.167', '0.000', '0.000', '0.000']
Volumes: [np.float64(96730.0), np.float64(138137.0), np.float64(157037.0), np.float64(76306.0)]
2025-05-17 04:30:06,386 - INFO - 
2. Post-Cross Movement (30min):
5min Price Changes (%): ['0.166']
Maximum Change: 0.166% after 5 minutes
Candle Analysis:
    Body Sizes (%): ['0.166']
    Upper Shadows (%): ['0.000']
    Lower Shadows (%): ['0.000']
Volumes: [np.float64(621.0)]
==================================================
2025-05-17 04:30:07,693 - INFO - 
==================================================
EMA Cross Analysis - HIVE/USDT
Time: 2025-05-17 04:30:00+09:00
Type: golden
Cross Character (Current): Weak
Cross Character (New): Weak
Price at Cross: 0.27302

1. Pre-Cross Pattern (15min):
EMA Distance Changes (%): ['0.096', '0.076', '0.019', '0.024']
EMA12 Changes (%): ['-0.009', '0.024', '0.099', '0.081']
Price Changes (%): ['-0.122', '0.207', '0.508', '-0.015']
Candle Analysis:
    Body Sizes (%): ['0.140', '0.207', '0.501', '0.007']
    Upper Shadows (%): ['0.026', '0.000', '0.132', '0.000']
    Lower Shadows (%): ['0.258', '0.052', '0.007', '0.000']
Volumes: [np.float64(82968.0), np.float64(35901.0), np.float64(45034.0), np.float64(253.0)]
2025-05-17 04:30:07,693 - INFO - 
2. Post-Cross Movement (30min):
5min Price Changes (%): []
Maximum Change: 0.000% after 0 minutes
Candle Analysis:
    Body Sizes (%): []
    Upper Shadows (%): []
    Lower Shadows (%): []
Volumes: []
==================================================
2025-05-17 04:30:08,343 - INFO - 
==================================================
EMA Cross Analysis - ONDOUSDT
Time: 2025-05-17 04:30:00+09:00
Type: golden
Cross Character (Current): Weak
Cross Character (New): Weak
Price at Cross: 0.9669

1. Pre-Cross Pattern (15min):
EMA Distance Changes (%): ['0.063', '0.046', '0.013', '0.013']
EMA12 Changes (%): ['-0.013', '0.024', '0.057', '0.048']
Price Changes (%): ['-0.145', '0.229', '0.238', '0.000']
Candle Analysis:
    Body Sizes (%): ['0.156', '0.218', '0.249', '0.021']
    Upper Shadows (%): ['0.083', '0.000', '0.156', '0.010']
    Lower Shadows (%): ['0.145', '0.062', '0.021', '0.010']
Volumes: [np.float64(334602.6), np.float64(230666.3), np.float64(201610.1), np.float64(722.4)]
2025-05-17 04:30:08,343 - INFO - 
2. Post-Cross Movement (30min):
5min Price Changes (%): []
Maximum Change: 0.000% after 0 minutes
Candle Analysis:
    Body Sizes (%): []
    Upper Shadows (%): []
    Lower Shadows (%): []
Volumes: []
==================================================
2025-05-17 04:31:11,841 - INFO - 
==================================================
EMA Cross Analysis - FXS/USDT
Time: 2025-05-17 04:30:00+09:00
Type: golden
Cross Character (Current): Weak
Cross Character (New): Weak
Price at Cross: 2.9894

1. Pre-Cross Pattern (15min):
EMA Distance Changes (%): ['0.097', '0.071', '0.006', '0.060']
EMA12 Changes (%): ['-0.005', '0.036', '0.116', '0.127']
Price Changes (%): ['-0.088', '0.264', '0.556', '0.184']
Candle Analysis:
    Body Sizes (%): ['0.078', '0.250', '0.536', '0.168']
    Upper Shadows (%): ['0.152', '0.084', '0.172', '0.017']
    Lower Shadows (%): ['0.142', '0.034', '0.034', '0.003']
Volumes: [np.float64(3646.1), np.float64(2084.0), np.float64(6535.7), np.float64(593.1)]
2025-05-17 04:31:11,842 - INFO - 
2. Post-Cross Movement (30min):
5min Price Changes (%): []
Maximum Change: 0.000% after 0 minutes
Candle Analysis:
    Body Sizes (%): []
    Upper Shadows (%): []
    Lower Shadows (%): []
Volumes: []
==================================================
2025-05-17 04:35:45,899 - INFO - 
==================================================
EMA Cross Analysis - BAN/USDT
Time: 2025-05-17 04:30:00+09:00
Type: golden
Cross Character (Current): Weak
Cross Character (New): Weak
Price at Cross: 0.06068

1. Pre-Cross Pattern (15min):
EMA Distance Changes (%): ['0.107', '0.089', '0.058', '0.023']
EMA12 Changes (%): ['-0.017', '0.019', '0.046', '0.149']
Price Changes (%): ['-0.200', '0.217', '0.200', '0.714']
Candle Analysis:
    Body Sizes (%): ['0.183', '0.217', '0.233', '0.680']
    Upper Shadows (%): ['0.083', '0.000', '0.133', '0.199']
    Lower Shadows (%): ['0.017', '0.050', '0.000', '0.017']
Volumes: [np.float64(38059.0), np.float64(25163.0), np.float64(49313.0), np.float64(327292.0)]
2025-05-17 04:35:45,899 - INFO - 
2. Post-Cross Movement (30min):
5min Price Changes (%): ['-0.115']
Maximum Change: -0.115% after 5 minutes
Candle Analysis:
    Body Sizes (%): ['0.148']
    Upper Shadows (%): ['0.033']
    Lower Shadows (%): ['0.099']
Volumes: [np.float64(62735.0)]
==================================================
2025-05-17 04:35:47,649 - INFO - 
==================================================
EMA Cross Analysis - FXS/USDT
Time: 2025-05-17 04:30:00+09:00
Type: golden
Cross Character (Current): Weak
Cross Character (New): Weak
Price at Cross: 2.9944

1. Pre-Cross Pattern (15min):
EMA Distance Changes (%): ['0.097', '0.071', '0.006', '0.073']
EMA12 Changes (%): ['-0.005', '0.036', '0.116', '0.153']
Price Changes (%): ['-0.088', '0.264', '0.556', '0.352']
Candle Analysis:
    Body Sizes (%): ['0.078', '0.250', '0.536', '0.335']
    Upper Shadows (%): ['0.152', '0.084', '0.172', '0.101']
    Lower Shadows (%): ['0.142', '0.034', '0.034', '0.003']
Volumes: [np.float64(3646.1), np.float64(2084.0), np.float64(6535.7), np.float64(6795.8)]
2025-05-17 04:35:47,650 - INFO - 
2. Post-Cross Movement (30min):
5min Price Changes (%): ['0.013']
Maximum Change: 0.013% after 5 minutes
Candle Analysis:
    Body Sizes (%): ['0.027']
    Upper Shadows (%): ['0.003']
    Lower Shadows (%): ['0.003']
Volumes: [np.float64(99.0)]
==================================================
2025-05-17 04:35:48,530 - INFO - 
==================================================
EMA Cross Analysis - POL/USDT
Time: 2025-05-17 04:30:00+09:00
Type: golden
Cross Character (Current): Weak
Cross Character (New): Weak
Price at Cross: 0.24145

1. Pre-Cross Pattern (15min):
EMA Distance Changes (%): ['0.030', '0.033', '0.012', '0.017']
EMA12 Changes (%): ['-0.053', '-0.011', '0.037', '0.054']
Price Changes (%): ['-0.423', '0.217', '0.300', '0.149']
Candle Analysis:
    Body Sizes (%): ['0.440', '0.221', '0.295', '0.141']
    Upper Shadows (%): ['0.029', '0.071', '0.062', '0.054']
    Lower Shadows (%): ['0.050', '0.000', '0.017', '0.095']
Volumes: [np.float64(615487.0), np.float64(139579.0), np.float64(69700.0), np.float64(117328.0)]
2025-05-17 04:35:48,530 - INFO - 
2. Post-Cross Movement (30min):
5min Price Changes (%): ['-0.054']
Maximum Change: -0.054% after 5 minutes
Candle Analysis:
    Body Sizes (%): ['0.050']
    Upper Shadows (%): ['0.041']
    Lower Shadows (%): ['0.000']
Volumes: [np.float64(5380.0)]
==================================================
2025-05-17 04:35:51,705 - INFO - 
==================================================
EMA Cross Analysis - ARPA/USDT
Time: 2025-05-17 04:30:00+09:00
Type: golden
Cross Character (Current): Weak
Cross Character (New): Weak
Price at Cross: 0.02597

1. Pre-Cross Pattern (15min):
EMA Distance Changes (%): ['0.111', '0.099', '0.051', '0.008']
EMA12 Changes (%): ['-0.041', '0.007', '0.078', '0.107']
Price Changes (%): ['-0.117', '0.272', '0.465', '0.270']
Candle Analysis:
    Body Sizes (%): ['0.155', '0.272', '0.427', '0.232']
    Upper Shadows (%): ['0.078', '0.039', '0.116', '0.039']
    Lower Shadows (%): ['0.078', '0.039', '0.039', '0.039']
Volumes: [np.float64(277927.0), np.float64(197911.0), np.float64(487683.0), np.float64(625870.0)]
2025-05-17 04:35:51,705 - INFO - 
2. Post-Cross Movement (30min):
5min Price Changes (%): ['-0.077']
Maximum Change: -0.077% after 5 minutes
Candle Analysis:
    Body Sizes (%): ['0.115']
    Upper Shadows (%): ['0.000']
    Lower Shadows (%): ['0.000']
Volumes: [np.float64(18153.0)]
==================================================
2025-05-17 04:35:51,924 - INFO - 
==================================================
EMA Cross Analysis - EOS/USDT
Time: 2025-05-17 04:35:00+09:00
Type: golden
Cross Character (Current): Weak
Cross Character (New): Weak
Price at Cross: 0.847

1. Pre-Cross Pattern (15min):
EMA Distance Changes (%): ['0.124', '0.079', '0.025', '0.018']
EMA12 Changes (%): ['0.015', '0.068', '0.094', '0.079']
Price Changes (%): ['0.238', '0.356', '0.237', '0.000']
Candle Analysis:
    Body Sizes (%): ['0.238', '0.356', '0.237', '0.000']
    Upper Shadows (%): ['0.119', '0.238', '0.000', '0.118']
    Lower Shadows (%): ['0.000', '0.000', '0.118', '0.118']
Volumes: [np.float64(431567.4), np.float64(270448.1), np.float64(222843.1), np.float64(63366.1)]
2025-05-17 04:35:51,924 - INFO - 
2. Post-Cross Movement (30min):
5min Price Changes (%): []
Maximum Change: 0.000% after 0 minutes
Candle Analysis:
    Body Sizes (%): []
    Upper Shadows (%): []
    Lower Shadows (%): []
Volumes: []
==================================================
2025-05-17 04:35:52,580 - INFO - 
==================================================
EMA Cross Analysis - WLD/USDT
Time: 2025-05-17 04:35:00+09:00
Type: golden
Cross Character (Current): Weak
Cross Character (New): Weak
Price at Cross: 1.1543

1. Pre-Cross Pattern (15min):
EMA Distance Changes (%): ['0.114', '0.078', '0.024', '0.006']
EMA12 Changes (%): ['0.021', '0.052', '0.094', '0.054']
Price Changes (%): ['0.314', '0.226', '0.321', '-0.164']
Candle Analysis:
    Body Sizes (%): ['0.305', '0.217', '0.312', '0.164']
    Upper Shadows (%): ['0.000', '0.165', '0.061', '0.026']
    Lower Shadows (%): ['0.096', '0.078', '0.043', '0.017']
Volumes: [np.float64(251471.0), np.float64(219310.0), np.float64(241782.0), np.float64(27762.0)]
2025-05-17 04:35:52,580 - INFO - 
2. Post-Cross Movement (30min):
5min Price Changes (%): []
Maximum Change: 0.000% after 0 minutes
Candle Analysis:
    Body Sizes (%): []
    Upper Shadows (%): []
    Lower Shadows (%): []
Volumes: []
==================================================
2025-05-17 04:35:54,053 - INFO - 
==================================================
EMA Cross Analysis - AVAX/USDT
Time: 2025-05-17 04:30:00+09:00
Type: golden
Cross Character (Current): Weak
Cross Character (New): Weak
Price at Cross: 23.575

1. Pre-Cross Pattern (15min):
EMA Distance Changes (%): ['0.070', '0.060', '0.032', '0.001']
EMA12 Changes (%): ['-0.017', '0.011', '0.045', '0.058']
Price Changes (%): ['-0.230', '0.166', '0.234', '0.127']
Candle Analysis:
    Body Sizes (%): ['0.247', '0.162', '0.238', '0.123']
    Upper Shadows (%): ['0.026', '0.026', '0.072', '0.051']
    Lower Shadows (%): ['0.102', '0.102', '0.043', '0.081']
Volumes: [np.float64(17538.0), np.float64(14907.0), np.float64(13261.0), np.float64(13676.0)]
2025-05-17 04:35:54,053 - INFO - 
2. Post-Cross Movement (30min):
5min Price Changes (%): ['-0.042']
Maximum Change: -0.042% after 5 minutes
Candle Analysis:
    Body Sizes (%): ['0.042']
    Upper Shadows (%): ['0.042']
    Lower Shadows (%): ['0.038']
Volumes: [np.float64(1973.0)]
==================================================
2025-05-17 04:35:54,707 - INFO - 
==================================================
EMA Cross Analysis - HIVE/USDT
Time: 2025-05-17 04:30:00+09:00
Type: golden
Cross Character (Current): Weak
Cross Character (New): Weak
Price at Cross: 0.27306

1. Pre-Cross Pattern (15min):
EMA Distance Changes (%): ['0.096', '0.076', '0.019', '0.025']
EMA12 Changes (%): ['-0.009', '0.024', '0.099', '0.084']
Price Changes (%): ['-0.122', '0.207', '0.508', '0.000']
Candle Analysis:
    Body Sizes (%): ['0.140', '0.207', '0.501', '0.007']
    Upper Shadows (%): ['0.026', '0.000', '0.132', '0.088']
    Lower Shadows (%): ['0.258', '0.052', '0.007', '0.146']
Volumes: [np.float64(82968.0), np.float64(35901.0), np.float64(45034.0), np.float64(58708.0)]
2025-05-17 04:35:54,707 - INFO - 
2. Post-Cross Movement (30min):
5min Price Changes (%): ['-0.048']
Maximum Change: -0.048% after 5 minutes
Candle Analysis:
    Body Sizes (%): ['0.037']
    Upper Shadows (%): ['0.018']
    Lower Shadows (%): ['0.029']
Volumes: [np.float64(13031.0)]
==================================================
2025-05-17 04:35:55,363 - INFO - 
==================================================
EMA Cross Analysis - ONDOUSDT
Time: 2025-05-17 04:30:00+09:00
Type: golden
Cross Character (Current): Weak
Cross Character (New): Weak
Price at Cross: 0.9685

1. Pre-Cross Pattern (15min):
EMA Distance Changes (%): ['0.063', '0.046', '0.013', '0.026']
EMA12 Changes (%): ['-0.013', '0.024', '0.057', '0.074']
Price Changes (%): ['-0.145', '0.229', '0.238', '0.165']
Candle Analysis:
    Body Sizes (%): ['0.156', '0.218', '0.249', '0.145']
    Upper Shadows (%): ['0.083', '0.000', '0.156', '0.072']
    Lower Shadows (%): ['0.145', '0.062', '0.021', '0.062']
Volumes: [np.float64(334602.6), np.float64(230666.3), np.float64(201610.1), np.float64(202470.9)]
2025-05-17 04:35:55,363 - INFO - 
2. Post-Cross Movement (30min):
5min Price Changes (%): ['-0.041']
Maximum Change: -0.041% after 5 minutes
Candle Analysis:
    Body Sizes (%): ['0.041']
    Upper Shadows (%): ['0.052']
    Lower Shadows (%): ['0.021']
Volumes: [np.float64(28777.1)]
==================================================
2025-05-17 04:40:26,860 - INFO - 
==================================================
EMA Cross Analysis - ATOM/USDT
Time: 2025-05-17 04:35:00+09:00
Type: golden
Cross Character (Current): Weak
Cross Character (New): Weak
Price at Cross: 4.913

1. Pre-Cross Pattern (15min):
EMA Distance Changes (%): ['0.094', '0.064', '0.029', '0.006']
EMA12 Changes (%): ['-0.004', '0.044', '0.059', '0.063']
Price Changes (%): ['0.205', '0.307', '0.143', '0.081']
Candle Analysis:
    Body Sizes (%): ['0.185', '0.307', '0.143', '0.081']
    Upper Shadows (%): ['0.000', '0.082', '0.020', '0.081']
    Lower Shadows (%): ['0.062', '0.020', '0.082', '0.061']
Volumes: [np.float64(15551.28), np.float64(23749.01), np.float64(43690.78), np.float64(65157.71)]
2025-05-17 04:40:26,860 - INFO - 
2. Post-Cross Movement (30min):
5min Price Changes (%): ['-0.020']
Maximum Change: -0.020% after 5 minutes
Candle Analysis:
    Body Sizes (%): ['0.020']
    Upper Shadows (%): ['0.000']
    Lower Shadows (%): ['0.000']
Volumes: [np.float64(1262.35)]
==================================================
2025-05-17 04:40:30,011 - INFO - 
==================================================
EMA Cross Analysis - EOS/USDT
Time: 2025-05-17 04:35:00+09:00
Type: golden
Cross Character (Current): Weak
Cross Character (New): Weak
Price at Cross: 0.846

1. Pre-Cross Pattern (15min):
EMA Distance Changes (%): ['0.124', '0.079', '0.025', '0.009']
EMA12 Changes (%): ['0.015', '0.068', '0.094', '0.061']
Price Changes (%): ['0.238', '0.356', '0.237', '-0.118']
Candle Analysis:
    Body Sizes (%): ['0.238', '0.356', '0.237', '0.118']
    Upper Shadows (%): ['0.119', '0.238', '0.000', '0.118']
    Lower Shadows (%): ['0.000', '0.000', '0.118', '0.118']
Volumes: [np.float64(431567.4), np.float64(270448.1), np.float64(222843.1), np.float64(250042.1)]
2025-05-17 04:40:30,011 - INFO - 
2. Post-Cross Movement (30min):
5min Price Changes (%): ['0.000']
Maximum Change: 0.000% after 0 minutes
Candle Analysis:
    Body Sizes (%): ['0.000']
    Upper Shadows (%): ['0.000']
    Lower Shadows (%): ['0.118']
Volumes: [np.float64(13985.3)]
==================================================
2025-05-17 04:40:30,666 - INFO - 
==================================================
EMA Cross Analysis - WLD/USDT
Time: 2025-05-17 04:35:00+09:00
Type: golden
Cross Character (Current): Weak
Cross Character (New): Weak
Price at Cross: 1.1539

1. Pre-Cross Pattern (15min):
EMA Distance Changes (%): ['0.114', '0.078', '0.024', '0.003']
EMA12 Changes (%): ['0.021', '0.052', '0.094', '0.048']
Price Changes (%): ['0.314', '0.226', '0.321', '-0.199']
Candle Analysis:
    Body Sizes (%): ['0.305', '0.217', '0.312', '0.199']
    Upper Shadows (%): ['0.000', '0.165', '0.061', '0.026']
    Lower Shadows (%): ['0.096', '0.078', '0.043', '0.112']
Volumes: [np.float64(251471.0), np.float64(219310.0), np.float64(241782.0), np.float64(154529.0)]
2025-05-17 04:40:30,666 - INFO - 
2. Post-Cross Movement (30min):
5min Price Changes (%): ['-0.069']
Maximum Change: -0.069% after 5 minutes
Candle Analysis:
    Body Sizes (%): ['0.061']
    Upper Shadows (%): ['0.000']
    Lower Shadows (%): ['0.043']
Volumes: [np.float64(39724.0)]
==================================================
2025-05-17 04:45:07,476 - INFO - 
==================================================
EMA Cross Analysis - WLD/USDT
Time: 2025-05-17 04:40:00+09:00
Type: dead
Cross Character (Current): Weak
Cross Character (New): Weak
Price at Cross: 1.1493

1. Pre-Cross Pattern (15min):
EMA Distance Changes (%): ['0.078', '0.024', '0.003', '0.008']
EMA12 Changes (%): ['0.052', '0.094', '0.048', '-0.021']
Price Changes (%): ['0.226', '0.321', '-0.199', '-0.399']
Candle Analysis:
    Body Sizes (%): ['0.217', '0.312', '0.199', '0.390']
    Upper Shadows (%): ['0.165', '0.061', '0.026', '0.000']
    Lower Shadows (%): ['0.078', '0.043', '0.112', '0.026']
Volumes: [np.float64(219310.0), np.float64(241782.0), np.float64(154529.0), np.float64(166171.0)]
2025-05-17 04:45:07,476 - INFO - 
2. Post-Cross Movement (30min):
5min Price Changes (%): ['-0.026']
Maximum Change: -0.026% after 5 minutes
Candle Analysis:
    Body Sizes (%): ['0.017']
    Upper Shadows (%): ['0.000']
    Lower Shadows (%): ['0.000']
Volumes: [np.float64(1544.0)]
==================================================
2025-05-17 04:50:50,264 - INFO - 
==================================================
EMA Cross Analysis - POL/USDT
Time: 2025-05-17 04:50:00+09:00
Type: dead
Cross Character (Current): Weak
Cross Character (New): Weak
Price at Cross: 0.24048

1. Pre-Cross Pattern (15min):
EMA Distance Changes (%): ['0.027', '0.020', '0.001', '0.006']
EMA12 Changes (%): ['0.022', '-0.009', '-0.034', '-0.013']
Price Changes (%): ['-0.153', '-0.178', '-0.170', '0.100']
Candle Analysis:
    Body Sizes (%): ['0.149', '0.170', '0.166', '0.108']
    Upper Shadows (%): ['0.041', '0.017', '0.125', '0.000']
    Lower Shadows (%): ['0.046', '0.029', '0.000', '0.004']
Volumes: [np.float64(68372.0), np.float64(159491.0), np.float64(113409.0), np.float64(23609.0)]
2025-05-17 04:50:50,264 - INFO - 
2. Post-Cross Movement (30min):
5min Price Changes (%): []
Maximum Change: 0.000% after 0 minutes
Candle Analysis:
    Body Sizes (%): []
    Upper Shadows (%): []
    Lower Shadows (%): []
Volumes: []
==================================================
2025-05-17 04:50:50,733 - INFO - 
==================================================
EMA Cross Analysis - ATOM/USDT
Time: 2025-05-17 04:45:00+09:00
Type: dead
Cross Character (Current): Weak
Cross Character (New): Weak
Price at Cross: 4.888

1. Pre-Cross Pattern (15min):
EMA Distance Changes (%): ['0.029', '0.006', '0.007', '0.007']
EMA12 Changes (%): ['0.059', '0.063', '0.003', '-0.026']
Price Changes (%): ['0.143', '0.081', '-0.326', '-0.184']
Candle Analysis:
    Body Sizes (%): ['0.143', '0.081', '0.326', '0.163']
    Upper Shadows (%): ['0.020', '0.081', '0.061', '0.143']
    Lower Shadows (%): ['0.082', '0.061', '0.102', '0.000']
Volumes: [np.float64(43690.78), np.float64(65157.71), np.float64(102851.29), np.float64(15473.12)]
2025-05-17 04:50:50,733 - INFO - 
2. Post-Cross Movement (30min):
5min Price Changes (%): ['0.102']
Maximum Change: 0.102% after 5 minutes
Candle Analysis:
    Body Sizes (%): ['0.102']
    Upper Shadows (%): ['0.000']
    Lower Shadows (%): ['0.000']
Volumes: [np.float64(1864.8)]
==================================================
2025-05-17 04:50:55,712 - INFO - 
==================================================
EMA Cross Analysis - AVAX/USDT
Time: 2025-05-17 04:45:00+09:00
Type: dead
Cross Character (Current): Weak
Cross Character (New): Weak
Price at Cross: 23.45

1. Pre-Cross Pattern (15min):
EMA Distance Changes (%): ['0.001', '0.012', '0.012', '0.008']
EMA12 Changes (%): ['0.058', '0.023', '0.000', '-0.036']
Price Changes (%): ['0.127', '-0.170', '-0.123', '-0.238']
Candle Analysis:
    Body Sizes (%): ['0.123', '0.170', '0.119', '0.234']
    Upper Shadows (%): ['0.051', '0.042', '0.047', '0.149']
    Lower Shadows (%): ['0.081', '0.034', '0.013', '0.000']
Volumes: [np.float64(13676.0), np.float64(9214.0), np.float64(30523.0), np.float64(17390.0)]
2025-05-17 04:50:55,712 - INFO - 
2. Post-Cross Movement (30min):
5min Price Changes (%): ['0.094']
Maximum Change: 0.094% after 5 minutes
Candle Analysis:
    Body Sizes (%): ['0.081']
    Upper Shadows (%): ['0.013']
    Lower Shadows (%): ['0.000']
Volumes: [np.float64(4202.0)]
==================================================
2025-05-17 04:55:26,652 - INFO - 
==================================================
EMA Cross Analysis - 1000PEPE/USDT
Time: 2025-05-17 04:55:00+09:00
Type: golden
Cross Character (Current): Weak
Cross Character (New): Weak
Price at Cross: 0.0134292

1. Pre-Cross Pattern (15min):
EMA Distance Changes (%): ['0.046', '0.048', '0.018', '0.013']
EMA12 Changes (%): ['0.042', '-0.011', '0.050', '0.059']
Price Changes (%): ['0.004', '-0.299', '0.386', '0.105']
Candle Analysis:
    Body Sizes (%): ['0.002', '0.295', '0.381', '0.101']
    Upper Shadows (%): ['0.079', '0.204', '0.014', '0.001']
    Lower Shadows (%): ['0.092', '0.025', '0.030', '0.023']
Volumes: [np.float64(76585146.0), np.float64(132229061.0), np.float64(107923843.0), np.float64(10818493.0)]
2025-05-17 04:55:26,653 - INFO - 
2. Post-Cross Movement (30min):
5min Price Changes (%): []
Maximum Change: 0.000% after 0 minutes
Candle Analysis:
    Body Sizes (%): []
    Upper Shadows (%): []
    Lower Shadows (%): []
Volumes: []
==================================================
2025-05-17 04:55:28,179 - INFO - 
==================================================
EMA Cross Analysis - ORDI/USDT
Time: 2025-05-17 04:55:00+09:00
Type: golden
Cross Character (Current): Weak
Cross Character (New): Weak
Price at Cross: 9.798

1. Pre-Cross Pattern (15min):
EMA Distance Changes (%): ['0.096', '0.077', '0.030', '0.016']
EMA12 Changes (%): ['0.045', '0.023', '0.079', '0.084']
Price Changes (%): ['-0.072', '-0.102', '0.390', '0.112']
Candle Analysis:
    Body Sizes (%): ['0.061', '0.092', '0.379', '0.102']
    Upper Shadows (%): ['0.102', '0.277', '0.000', '0.010']
    Lower Shadows (%): ['0.061', '0.041', '0.072', '0.041']
Volumes: [np.float64(14874.8), np.float64(18245.3), np.float64(19528.1), np.float64(3817.9)]
2025-05-17 04:55:28,179 - INFO - 
2. Post-Cross Movement (30min):
5min Price Changes (%): []
Maximum Change: 0.000% after 0 minutes
Candle Analysis:
    Body Sizes (%): []
    Upper Shadows (%): []
    Lower Shadows (%): []
Volumes: []
==================================================
2025-05-17 04:55:35,053 - INFO - 
==================================================
EMA Cross Analysis - MELANIA/USDT
Time: 2025-05-17 04:55:00+09:00
Type: golden
Cross Character (Current): Weak
Cross Character (New): Weak
Price at Cross: 0.3458

1. Pre-Cross Pattern (15min):
EMA Distance Changes (%): ['0.060', '0.060', '0.019', '0.015']
EMA12 Changes (%): ['0.007', '-0.007', '0.070', '0.064']
Price Changes (%): ['-0.203', '-0.087', '0.494', '0.029']
Candle Analysis:
    Body Sizes (%): ['0.174', '0.087', '0.436', '0.000']
    Upper Shadows (%): ['0.000', '0.349', '0.029', '0.058']
    Lower Shadows (%): ['0.058', '0.029', '0.000', '0.029']
Volumes: [np.float64(55084.8), np.float64(114878.48), np.float64(98814.53), np.float64(39974.28)]
2025-05-17 04:55:35,054 - INFO - 
2. Post-Cross Movement (30min):
5min Price Changes (%): []
Maximum Change: 0.000% after 0 minutes
Candle Analysis:
    Body Sizes (%): []
    Upper Shadows (%): []
    Lower Shadows (%): []
Volumes: []
==================================================
2025-05-17 05:00:04,290 - INFO - 
==================================================
EMA Cross Analysis - 1000PEPE/USDT
Time: 2025-05-17 04:55:00+09:00
Type: golden
Cross Character (Current): Weak
Cross Character (New): Weak
Price at Cross: 0.0134341

1. Pre-Cross Pattern (15min):
EMA Distance Changes (%): ['0.046', '0.048', '0.018', '0.016']
EMA12 Changes (%): ['0.042', '-0.011', '0.050', '0.065']
Price Changes (%): ['0.004', '-0.299', '0.386', '0.142']
Candle Analysis:
    Body Sizes (%): ['0.002', '0.295', '0.381', '0.138']
    Upper Shadows (%): ['0.079', '0.204', '0.014', '0.233']
    Lower Shadows (%): ['0.092', '0.025', '0.030', '0.023']
Volumes: [np.float64(76585146.0), np.float64(132229061.0), np.float64(107923843.0), np.float64(235231713.0)]
2025-05-17 05:00:04,291 - INFO - 
2. Post-Cross Movement (30min):
5min Price Changes (%): ['-0.008']
Maximum Change: -0.008% after 5 minutes
Candle Analysis:
    Body Sizes (%): ['0.007']
    Upper Shadows (%): ['0.000']
    Lower Shadows (%): ['0.001']
Volumes: [np.float64(206229.0)]
==================================================
2025-05-17 05:00:05,656 - INFO - 
==================================================
EMA Cross Analysis - ORDI/USDT
Time: 2025-05-17 04:55:00+09:00
Type: golden
Cross Character (Current): Weak
Cross Character (New): Weak
Price at Cross: 9.792

1. Pre-Cross Pattern (15min):
EMA Distance Changes (%): ['0.096', '0.077', '0.030', '0.011']
EMA12 Changes (%): ['0.045', '0.023', '0.079', '0.075']
Price Changes (%): ['-0.072', '-0.102', '0.390', '0.051']
Candle Analysis:
    Body Sizes (%): ['0.061', '0.092', '0.379', '0.041']
    Upper Shadows (%): ['0.102', '0.277', '0.000', '0.266']
    Lower Shadows (%): ['0.061', '0.041', '0.072', '0.041']
Volumes: [np.float64(14874.8), np.float64(18245.3), np.float64(19528.1), np.float64(22867.5)]
2025-05-17 05:00:05,657 - INFO - 
2. Post-Cross Movement (30min):
5min Price Changes (%): ['-0.020']
Maximum Change: -0.020% after 5 minutes
Candle Analysis:
    Body Sizes (%): ['0.010']
    Upper Shadows (%): ['0.000']
    Lower Shadows (%): ['0.020']
Volumes: [np.float64(150.9)]
==================================================
2025-05-17 05:00:05,875 - INFO - 
==================================================
EMA Cross Analysis - DOGE/USDT
Time: 2025-05-17 05:00:00+09:00
Type: golden
Cross Character (Current): Weak
Cross Character (New): Weak
Price at Cross: 0.22687

1. Pre-Cross Pattern (15min):
EMA Distance Changes (%): ['0.113', '0.080', '0.035', '0.000']
EMA12 Changes (%): ['-0.014', '0.046', '0.075', '0.064']
Price Changes (%): ['-0.168', '0.377', '0.234', '0.000']
Candle Analysis:
    Body Sizes (%): ['0.164', '0.373', '0.234', '0.004']
    Upper Shadows (%): ['0.226', '0.000', '0.080', '0.000']
    Lower Shadows (%): ['0.022', '0.018', '0.022', '0.004']
Volumes: [np.float64(7156661.0), np.float64(6306894.0), np.float64(13963462.0), np.float64(183663.0)]
2025-05-17 05:00:05,876 - INFO - 
2. Post-Cross Movement (30min):
5min Price Changes (%): []
Maximum Change: 0.000% after 0 minutes
Candle Analysis:
    Body Sizes (%): []
    Upper Shadows (%): []
    Lower Shadows (%): []
Volumes: []
==================================================
2025-05-17 05:00:08,669 - INFO - 
==================================================
EMA Cross Analysis - WLD/USDT
Time: 2025-05-17 04:55:00+09:00
Type: golden
Cross Character (Current): Weak
Cross Character (New): Weak
Price at Cross: 1.1552

1. Pre-Cross Pattern (15min):
EMA Distance Changes (%): ['0.008', '0.028', '0.019', '0.016']
EMA12 Changes (%): ['-0.021', '-0.040', '0.013', '0.066']
Price Changes (%): ['-0.399', '-0.148', '0.305', '0.356']
Candle Analysis:
    Body Sizes (%): ['0.390', '0.139', '0.296', '0.347']
    Upper Shadows (%): ['0.000', '0.296', '0.000', '0.096']
    Lower Shadows (%): ['0.026', '0.035', '0.009', '0.000']
Volumes: [np.float64(166171.0), np.float64(249596.0), np.float64(153321.0), np.float64(256798.0)]
2025-05-17 05:00:08,669 - INFO - 
2. Post-Cross Movement (30min):
5min Price Changes (%): ['-0.095']
Maximum Change: -0.095% after 5 minutes
Candle Analysis:
    Body Sizes (%): ['0.087']
    Upper Shadows (%): ['0.000']
    Lower Shadows (%): ['0.017']
Volumes: [np.float64(39683.0)]
==================================================
2025-05-17 05:00:12,605 - INFO - 
==================================================
EMA Cross Analysis - MELANIA/USDT
Time: 2025-05-17 04:55:00+09:00
Type: golden
Cross Character (Current): Weak
Cross Character (New): Weak
Price at Cross: 0.3467

1. Pre-Cross Pattern (15min):
EMA Distance Changes (%): ['0.060', '0.060', '0.019', '0.036']
EMA12 Changes (%): ['0.007', '-0.007', '0.070', '0.104']
Price Changes (%): ['-0.203', '-0.087', '0.494', '0.289']
Candle Analysis:
    Body Sizes (%): ['0.174', '0.087', '0.436', '0.260']
    Upper Shadows (%): ['0.000', '0.349', '0.029', '0.058']
    Lower Shadows (%): ['0.058', '0.029', '0.000', '0.029']
Volumes: [np.float64(55084.8), np.float64(114878.48), np.float64(98814.53), np.float64(104883.81)]
2025-05-17 05:00:12,605 - INFO - 
2. Post-Cross Movement (30min):
5min Price Changes (%): ['-0.202']
Maximum Change: -0.202% after 5 minutes
Candle Analysis:
    Body Sizes (%): ['0.173']
    Upper Shadows (%): ['0.000']
    Lower Shadows (%): ['0.000']
Volumes: [np.float64(26838.85)]
==================================================
2025-05-17 05:01:13,708 - INFO - 
==================================================
EMA Cross Analysis - ORCA/USDT
Time: 2025-05-17 05:00:00+09:00
Type: golden
Cross Character (Current): Weak
Cross Character (New): Weak
Price at Cross: 2.669

1. Pre-Cross Pattern (15min):
EMA Distance Changes (%): ['0.041', '0.030', '0.009', '0.001']
EMA12 Changes (%): ['-0.030', '0.015', '0.036', '0.019']
Price Changes (%): ['-0.262', '0.263', '0.150', '-0.075']
Candle Analysis:
    Body Sizes (%): ['0.225', '0.263', '0.112', '0.037']
    Upper Shadows (%): ['0.188', '0.038', '0.112', '0.000']
    Lower Shadows (%): ['0.000', '0.000', '0.000', '0.112']
Volumes: [np.float64(5464.0), np.float64(5815.3), np.float64(3705.5), np.float64(3774.7)]
2025-05-17 05:01:13,708 - INFO - 
2. Post-Cross Movement (30min):
5min Price Changes (%): []
Maximum Change: 0.000% after 0 minutes
Candle Analysis:
    Body Sizes (%): []
    Upper Shadows (%): []
    Lower Shadows (%): []
Volumes: []
==================================================
2025-05-17 05:01:16,298 - INFO - 
==================================================
EMA Cross Analysis - PHA/USDT
Time: 2025-05-17 05:00:00+09:00
Type: golden
Cross Character (Current): Weak
Cross Character (New): Weak
Price at Cross: 0.13476

1. Pre-Cross Pattern (15min):
EMA Distance Changes (%): ['0.057', '0.037', '0.009', '0.011']
EMA12 Changes (%): ['0.009', '0.030', '0.049', '0.037']
Price Changes (%): ['-0.193', '0.141', '0.156', '-0.030']
Candle Analysis:
    Body Sizes (%): ['0.193', '0.156', '0.119', '0.030']
    Upper Shadows (%): ['0.119', '0.000', '0.089', '0.000']
    Lower Shadows (%): ['0.045', '0.134', '0.000', '0.208']
Volumes: [np.float64(39715.0), np.float64(16879.0), np.float64(52264.0), np.float64(20544.0)]
2025-05-17 05:01:16,298 - INFO - 
2. Post-Cross Movement (30min):
5min Price Changes (%): []
Maximum Change: 0.000% after 0 minutes
Candle Analysis:
    Body Sizes (%): []
    Upper Shadows (%): []
    Lower Shadows (%): []
Volumes: []
==================================================
2025-05-17 05:05:51,556 - INFO - 
==================================================
EMA Cross Analysis - POL/USDT
Time: 2025-05-17 05:00:00+09:00
Type: dead
Cross Character (Current): Weak
Cross Character (New): Weak
Price at Cross: 0.24019

1. Pre-Cross Pattern (15min):
EMA Distance Changes (%): ['0.001', '0.007', '0.017', '0.003']
EMA12 Changes (%): ['-0.034', '0.012', '0.021', '-0.037']
Price Changes (%): ['-0.170', '0.262', '0.071', '-0.353']
Candle Analysis:
    Body Sizes (%): ['0.166', '0.271', '0.075', '0.349']
    Upper Shadows (%): ['0.125', '0.004', '0.100', '0.012']
    Lower Shadows (%): ['0.000', '0.037', '0.029', '0.037']
Volumes: [np.float64(113409.0), np.float64(171053.0), np.float64(125660.0), np.float64(158271.0)]
2025-05-17 05:05:51,557 - INFO - 
2. Post-Cross Movement (30min):
5min Price Changes (%): ['-0.004']
Maximum Change: -0.004% after 5 minutes
Candle Analysis:
    Body Sizes (%): ['0.021']
    Upper Shadows (%): ['0.050']
    Lower Shadows (%): ['0.004']
Volumes: [np.float64(20538.0)]
==================================================
2025-05-17 05:05:52,025 - INFO - 
==================================================
EMA Cross Analysis - ATOM/USDT
Time: 2025-05-17 05:00:00+09:00
Type: dead
Cross Character (Current): Weak
Cross Character (New): Weak
Price at Cross: 4.887

1. Pre-Cross Pattern (15min):
EMA Distance Changes (%): ['0.007', '0.003', '0.016', '0.002']
EMA12 Changes (%): ['-0.026', '0.019', '0.025', '-0.032']
Price Changes (%): ['-0.184', '0.266', '0.061', '-0.347']
Candle Analysis:
    Body Sizes (%): ['0.163', '0.266', '0.041', '0.326']
    Upper Shadows (%): ['0.143', '0.000', '0.082', '0.041']
    Lower Shadows (%): ['0.000', '0.000', '0.020', '0.041']
Volumes: [np.float64(15473.12), np.float64(7077.61), np.float64(10254.77), np.float64(25679.92)]
2025-05-17 05:05:52,025 - INFO - 
2. Post-Cross Movement (30min):
5min Price Changes (%): ['0.020']
Maximum Change: 0.020% after 5 minutes
Candle Analysis:
    Body Sizes (%): ['0.041']
    Upper Shadows (%): ['0.041']
    Lower Shadows (%): ['0.020']
Volumes: [np.float64(3012.17)]
==================================================
2025-05-17 05:05:56,978 - INFO - 
==================================================
EMA Cross Analysis - AVAX/USDT
Time: 2025-05-17 05:05:00+09:00
Type: dead
Cross Character (Current): Weak
Cross Character (New): Weak
Price at Cross: 23.482

1. Pre-Cross Pattern (15min):
EMA Distance Changes (%): ['0.003', '0.022', '0.008', '0.000']
EMA12 Changes (%): ['0.020', '0.038', '-0.024', '-0.015']
Price Changes (%): ['0.328', '0.136', '-0.361', '0.034']
Candle Analysis:
    Body Sizes (%): ['0.316', '0.132', '0.352', '0.034']
    Upper Shadows (%): ['0.013', '0.043', '0.021', '0.081']
    Lower Shadows (%): ['0.000', '0.013', '0.004', '0.009']
Volumes: [np.float64(18138.0), np.float64(31185.0), np.float64(19046.0), np.float64(3129.0)]
2025-05-17 05:05:56,978 - INFO - 
2. Post-Cross Movement (30min):
5min Price Changes (%): []
Maximum Change: 0.000% after 0 minutes
Candle Analysis:
    Body Sizes (%): []
    Upper Shadows (%): []
    Lower Shadows (%): []
Volumes: []
==================================================
2025-05-17 05:10:29,999 - INFO - 
==================================================
EMA Cross Analysis - DOGE/USDT
Time: 2025-05-17 05:10:00+09:00
Type: golden
Cross Character (Current): Weak
Cross Character (New): Weak
Price at Cross: 0.22655

1. Pre-Cross Pattern (15min):
EMA Distance Changes (%): ['0.035', '0.031', '0.006', '0.012']
EMA12 Changes (%): ['0.075', '0.004', '0.043', '0.034']
Price Changes (%): ['0.234', '-0.383', '0.257', '-0.013']
Candle Analysis:
    Body Sizes (%): ['0.234', '0.379', '0.266', '0.009']
    Upper Shadows (%): ['0.080', '0.004', '0.164', '0.031']
    Lower Shadows (%): ['0.022', '0.044', '0.035', '0.035']
Volumes: [np.float64(13963462.0), np.float64(11314369.0), np.float64(8341165.0), np.float64(429552.0)]
2025-05-17 05:10:29,999 - INFO - 
2. Post-Cross Movement (30min):
5min Price Changes (%): []
Maximum Change: 0.000% after 0 minutes
Candle Analysis:
    Body Sizes (%): []
    Upper Shadows (%): []
    Lower Shadows (%): []
Volumes: []
==================================================
2025-05-17 05:10:30,650 - INFO - 
==================================================
EMA Cross Analysis - TNSR/USDT
Time: 2025-05-17 05:10:00+09:00
Type: golden
Cross Character (Current): Weak
Cross Character (New): Weak
Price at Cross: 0.1626

1. Pre-Cross Pattern (15min):
EMA Distance Changes (%): ['0.056', '0.064', '0.025', '0.006']
EMA12 Changes (%): ['0.052', '-0.022', '0.067', '0.056']
Price Changes (%): ['0.309', '-0.431', '0.557', '0.000']
Candle Analysis:
    Body Sizes (%): ['0.185', '0.308', '0.619', '0.000']
    Upper Shadows (%): ['0.000', '0.000', '0.000', '0.000']
    Lower Shadows (%): ['0.000', '0.000', '0.000', '0.000']
Volumes: [np.float64(34626.3), np.float64(53691.1), np.float64(36906.9), np.float64(0.0)]
2025-05-17 05:10:30,650 - INFO - 
2. Post-Cross Movement (30min):
5min Price Changes (%): []
Maximum Change: 0.000% after 0 minutes
Candle Analysis:
    Body Sizes (%): []
    Upper Shadows (%): []
    Lower Shadows (%): []
Volumes: []
==================================================
2025-05-17 05:10:30,866 - INFO - 
==================================================
EMA Cross Analysis - GRASS/USDT
Time: 2025-05-17 05:05:00+09:00
Type: golden
Cross Character (Current): Weak
Cross Character (New): Weak
Price at Cross: 1.9615

1. Pre-Cross Pattern (15min):
EMA Distance Changes (%): ['0.054', '0.024', '0.022', '0.038']
EMA12 Changes (%): ['0.014', '0.049', '-0.000', '0.114']
Price Changes (%): ['0.195', '0.246', '-0.271', '0.740']
Candle Analysis:
    Body Sizes (%): ['0.165', '0.246', '0.241', '0.755']
    Upper Shadows (%): ['0.087', '0.139', '0.082', '0.416']
    Lower Shadows (%): ['0.041', '0.005', '0.056', '0.005']
Volumes: [np.float64(18684.4), np.float64(19308.3), np.float64(28088.5), np.float64(127396.6)]
2025-05-17 05:10:30,867 - INFO - 
2. Post-Cross Movement (30min):
5min Price Changes (%): ['0.158']
Maximum Change: 0.158% after 5 minutes
Candle Analysis:
    Body Sizes (%): ['0.153']
    Upper Shadows (%): ['0.020']
    Lower Shadows (%): ['0.000']
Volumes: [np.float64(3359.1)]
==================================================
2025-05-17 05:10:35,399 - INFO - 
==================================================
EMA Cross Analysis - ZEN/USDT
Time: 2025-05-17 05:05:00+09:00
Type: golden
Cross Character (Current): Weak
Cross Character (New): Weak
Price at Cross: 9.499

1. Pre-Cross Pattern (15min):
EMA Distance Changes (%): ['0.060', '0.028', '0.024', '0.005']
EMA12 Changes (%): ['0.033', '0.054', '0.003', '0.053']
Price Changes (%): ['0.381', '0.169', '-0.274', '0.327']
Candle Analysis:
    Body Sizes (%): ['0.381', '0.137', '0.274', '0.317']
    Upper Shadows (%): ['0.000', '0.116', '0.084', '0.042']
    Lower Shadows (%): ['0.000', '0.032', '0.000', '0.053']
Volumes: [np.float64(642.6), np.float64(1155.5), np.float64(2387.9), np.float64(860.2)]
2025-05-17 05:10:35,399 - INFO - 
2. Post-Cross Movement (30min):
5min Price Changes (%): ['-0.021']
Maximum Change: -0.021% after 5 minutes
Candle Analysis:
    Body Sizes (%): ['0.021']
    Upper Shadows (%): ['0.021']
    Lower Shadows (%): ['0.053']
Volumes: [np.float64(125.0)]
==================================================
2025-05-17 05:15:05,798 - INFO - 
==================================================
EMA Cross Analysis - POL/USDT
Time: 2025-05-17 05:10:00+09:00
Type: dead
Cross Character (Current): Weak
Cross Character (New): Weak
Price at Cross: 0.24045

1. Pre-Cross Pattern (15min):
EMA Distance Changes (%): ['0.017', '0.003', '0.001', '0.007']
EMA12 Changes (%): ['0.021', '-0.037', '0.007', '-0.016']
Price Changes (%): ['0.071', '-0.353', '0.250', '-0.141']
Candle Analysis:
    Body Sizes (%): ['0.075', '0.349', '0.275', '0.137']
    Upper Shadows (%): ['0.100', '0.012', '0.071', '0.058']
    Lower Shadows (%): ['0.029', '0.037', '0.054', '0.021']
Volumes: [np.float64(125660.0), np.float64(158271.0), np.float64(114558.0), np.float64(84633.0)]
2025-05-17 05:15:05,798 - INFO - 
2. Post-Cross Movement (30min):
5min Price Changes (%): ['-0.025']
Maximum Change: -0.025% after 5 minutes
Candle Analysis:
    Body Sizes (%): ['0.025']
    Upper Shadows (%): ['0.000']
    Lower Shadows (%): ['0.008']
Volumes: [np.float64(9273.0)]
==================================================
2025-05-17 05:15:06,453 - INFO - 
==================================================
EMA Cross Analysis - PHA/USDT
Time: 2025-05-17 05:10:00+09:00
Type: dead
Cross Character (Current): Weak
Cross Character (New): Weak
Price at Cross: 0.13439

1. Pre-Cross Pattern (15min):
EMA Distance Changes (%): ['0.009', '0.020', '0.002', '0.002']
EMA12 Changes (%): ['0.049', '-0.021', '0.039', '-0.008']
Price Changes (%): ['0.156', '-0.408', '0.372', '-0.267']
Candle Analysis:
    Body Sizes (%): ['0.119', '0.408', '0.372', '0.275']
    Upper Shadows (%): ['0.089', '0.030', '0.089', '0.059']
    Lower Shadows (%): ['0.000', '0.007', '0.000', '0.022']
Volumes: [np.float64(52264.0), np.float64(95030.0), np.float64(38076.0), np.float64(30541.0)]
2025-05-17 05:15:06,453 - INFO - 
2. Post-Cross Movement (30min):
5min Price Changes (%): ['-0.030']
Maximum Change: -0.030% after 5 minutes
Candle Analysis:
    Body Sizes (%): ['0.000']
    Upper Shadows (%): ['0.000']
    Lower Shadows (%): ['0.000']
Volumes: [np.float64(395.0)]
==================================================
2025-05-17 05:15:06,888 - INFO - 
==================================================
EMA Cross Analysis - DOGE/USDT
Time: 2025-05-17 05:10:00+09:00
Type: golden
Cross Character (Current): Weak
Cross Character (New): Weak
Price at Cross: 0.22633

1. Pre-Cross Pattern (15min):
EMA Distance Changes (%): ['0.035', '0.031', '0.006', '0.005']
EMA12 Changes (%): ['0.075', '0.004', '0.043', '0.020']
Price Changes (%): ['0.234', '-0.383', '0.257', '-0.110']
Candle Analysis:
    Body Sizes (%): ['0.234', '0.379', '0.266', '0.106']
    Upper Shadows (%): ['0.080', '0.004', '0.164', '0.071']
    Lower Shadows (%): ['0.022', '0.044', '0.035', '0.004']
Volumes: [np.float64(13963462.0), np.float64(11314369.0), np.float64(8341165.0), np.float64(5897148.0)]
2025-05-17 05:15:06,889 - INFO - 
2. Post-Cross Movement (30min):
5min Price Changes (%): ['-0.044']
Maximum Change: -0.044% after 5 minutes
Candle Analysis:
    Body Sizes (%): ['0.040']
    Upper Shadows (%): ['0.000']
    Lower Shadows (%): ['0.000']
Volumes: [np.float64(147063.0)]
==================================================
2025-05-17 05:15:07,537 - INFO - 
==================================================
EMA Cross Analysis - TNSR/USDT
Time: 2025-05-17 05:15:00+09:00
Type: golden
Cross Character (Current): Weak
Cross Character (New): Weak
Price at Cross: 0.1624

1. Pre-Cross Pattern (15min):
EMA Distance Changes (%): ['0.064', '0.025', '0.003', '0.013']
EMA12 Changes (%): ['-0.022', '0.067', '0.037', '0.032']
Price Changes (%): ['-0.431', '0.557', '-0.123', '0.000']
Candle Analysis:
    Body Sizes (%): ['0.308', '0.619', '0.123', '0.000']
    Upper Shadows (%): ['0.000', '0.000', '0.123', '0.000']
    Lower Shadows (%): ['0.000', '0.000', '0.000', '0.000']
Volumes: [np.float64(53691.1), np.float64(36906.9), np.float64(24145.5), np.float64(0.0)]
2025-05-17 05:15:07,538 - INFO - 
2. Post-Cross Movement (30min):
5min Price Changes (%): []
Maximum Change: 0.000% after 0 minutes
Candle Analysis:
    Body Sizes (%): []
    Upper Shadows (%): []
    Lower Shadows (%): []
Volumes: []
==================================================
2025-05-17 05:20:51,547 - INFO - 
==================================================
EMA Cross Analysis - FXS/USDT
Time: 2025-05-17 05:20:00+09:00
Type: dead
Cross Character (Current): Weak
Cross Character (New): Weak
Price at Cross: 2.9565

1. Pre-Cross Pattern (15min):
EMA Distance Changes (%): ['0.080', '0.046', '0.001', '0.035']
EMA12 Changes (%): ['-0.048', '-0.054', '-0.079', '-0.070']
Price Changes (%): ['0.108', '-0.091', '-0.213', '-0.020']
Candle Analysis:
    Body Sizes (%): ['0.115', '0.071', '0.196', '0.007']
    Upper Shadows (%): ['0.047', '0.000', '0.024', '0.003']
    Lower Shadows (%): ['0.189', '0.071', '0.186', '0.054']
Volumes: [np.float64(4292.2), np.float64(2399.3), np.float64(2196.7), np.float64(352.0)]
2025-05-17 05:20:51,548 - INFO - 
2. Post-Cross Movement (30min):
5min Price Changes (%): []
Maximum Change: 0.000% after 0 minutes
Candle Analysis:
    Body Sizes (%): []
    Upper Shadows (%): []
    Lower Shadows (%): []
Volumes: []
==================================================
2025-05-17 05:20:51,864 - INFO - 
==================================================
EMA Cross Analysis - 1000PEPE/USDT
Time: 2025-05-17 05:15:00+09:00
Type: dead
Cross Character (Current): Weak
Cross Character (New): Weak
Price at Cross: 0.0133151

1. Pre-Cross Pattern (15min):
EMA Distance Changes (%): ['0.003', '0.016', '0.014', '0.030']
EMA12 Changes (%): ['-0.024', '0.025', '-0.000', '-0.082']
Price Changes (%): ['-0.508', '0.296', '-0.139', '-0.536']
Candle Analysis:
    Body Sizes (%): ['0.507', '0.297', '0.134', '0.530']
    Upper Shadows (%): ['0.044', '0.204', '0.172', '0.000']
    Lower Shadows (%): ['0.054', '0.020', '0.094', '0.140']
Volumes: [np.float64(134608560.0), np.float64(101081195.0), np.float64(90631000.0), np.float64(242253299.0)]
2025-05-17 05:20:51,865 - INFO - 
2. Post-Cross Movement (30min):
5min Price Changes (%): ['-0.112']
Maximum Change: -0.112% after 5 minutes
Candle Analysis:
    Body Sizes (%): ['0.112']
    Upper Shadows (%): ['0.007']
    Lower Shadows (%): ['0.002']
Volumes: [np.float64(15107553.0)]
==================================================
2025-05-17 05:20:53,615 - INFO - 
==================================================
EMA Cross Analysis - DOGE/USDT
Time: 2025-05-17 05:15:00+09:00
Type: dead
Cross Character (Current): Weak
Cross Character (New): Weak
Price at Cross: 0.2257

1. Pre-Cross Pattern (15min):
EMA Distance Changes (%): ['0.031', '0.006', '0.005', '0.009']
EMA12 Changes (%): ['0.004', '0.043', '0.020', '-0.026']
Price Changes (%): ['-0.383', '0.257', '-0.110', '-0.278']
Candle Analysis:
    Body Sizes (%): ['0.379', '0.266', '0.106', '0.274']
    Upper Shadows (%): ['0.004', '0.164', '0.071', '0.000']
    Lower Shadows (%): ['0.044', '0.035', '0.004', '0.088']
Volumes: [np.float64(11314369.0), np.float64(8341165.0), np.float64(5897148.0), np.float64(8593309.0)]
2025-05-17 05:20:53,615 - INFO - 
2. Post-Cross Movement (30min):
5min Price Changes (%): ['-0.049']
Maximum Change: -0.049% after 5 minutes
Candle Analysis:
    Body Sizes (%): ['0.044']
    Upper Shadows (%): ['0.022']
    Lower Shadows (%): ['0.000']
Volumes: [np.float64(709990.0)]
==================================================
2025-05-17 05:20:55,795 - INFO - 
==================================================
EMA Cross Analysis - EOS/USDT
Time: 2025-05-17 05:20:00+09:00
Type: dead
Cross Character (Current): Weak
Cross Character (New): Weak
Price at Cross: 0.84

1. Pre-Cross Pattern (15min):
EMA Distance Changes (%): ['0.083', '0.059', '0.021', '0.019']
EMA12 Changes (%): ['-0.041', '-0.034', '-0.065', '-0.074']
Price Changes (%): ['-0.237', '0.000', '-0.237', '-0.119']
Candle Analysis:
    Body Sizes (%): ['0.237', '0.119', '0.237', '0.119']
    Upper Shadows (%): ['0.118', '0.238', '0.000', '0.000']
    Lower Shadows (%): ['0.237', '0.119', '0.237', '0.000']
Volumes: [np.float64(553160.0), np.float64(367740.8), np.float64(215060.2), np.float64(12606.3)]
2025-05-17 05:20:55,795 - INFO - 
2. Post-Cross Movement (30min):
5min Price Changes (%): []
Maximum Change: 0.000% after 0 minutes
Candle Analysis:
    Body Sizes (%): []
    Upper Shadows (%): []
    Lower Shadows (%): []
Volumes: []
==================================================
2025-05-17 05:20:57,940 - INFO - 
==================================================
EMA Cross Analysis - AVAX/USDT
Time: 2025-05-17 05:15:00+09:00
Type: dead
Cross Character (Current): Weak
Cross Character (New): Weak
Price at Cross: 23.416

1. Pre-Cross Pattern (15min):
EMA Distance Changes (%): ['0.008', '0.016', '0.011', '0.021']
EMA12 Changes (%): ['-0.024', '0.018', '-0.009', '-0.060']
Price Changes (%): ['-0.361', '0.247', '-0.153', '-0.340']
Candle Analysis:
    Body Sizes (%): ['0.352', '0.247', '0.149', '0.336']
    Upper Shadows (%): ['0.021', '0.179', '0.068', '0.000']
    Lower Shadows (%): ['0.004', '0.009', '0.030', '0.068']
Volumes: [np.float64(19046.0), np.float64(12618.0), np.float64(9405.0), np.float64(15823.0)]
2025-05-17 05:20:57,941 - INFO - 
2. Post-Cross Movement (30min):
5min Price Changes (%): ['-0.051']
Maximum Change: -0.051% after 5 minutes
Candle Analysis:
    Body Sizes (%): ['0.043']
    Upper Shadows (%): ['0.009']
    Lower Shadows (%): ['0.038']
Volumes: [np.float64(3500.0)]
==================================================
2025-05-17 05:20:59,028 - INFO - 
==================================================
EMA Cross Analysis - ZEN/USDT
Time: 2025-05-17 05:15:00+09:00
Type: dead
Cross Character (Current): Weak
Cross Character (New): Weak
Price at Cross: 9.429

1. Pre-Cross Pattern (15min):
EMA Distance Changes (%): ['0.024', '0.005', '0.010', '0.027']
EMA12 Changes (%): ['0.003', '0.053', '0.011', '-0.071']
Price Changes (%): ['-0.274', '0.327', '-0.221', '-0.517']
Candle Analysis:
    Body Sizes (%): ['0.274', '0.317', '0.221', '0.506']
    Upper Shadows (%): ['0.084', '0.042', '0.063', '0.000']
    Lower Shadows (%): ['0.000', '0.053', '0.011', '0.053']
Volumes: [np.float64(2387.9), np.float64(860.2), np.float64(1236.2), np.float64(791.9)]
2025-05-17 05:20:59,029 - INFO - 
2. Post-Cross Movement (30min):
5min Price Changes (%): ['-0.053']
Maximum Change: -0.053% after 5 minutes
Candle Analysis:
    Body Sizes (%): ['0.042']
    Upper Shadows (%): ['0.021']
    Lower Shadows (%): ['0.021']
Volumes: [np.float64(82.2)]
==================================================
2025-05-17 05:21:00,300 - INFO - 
==================================================
EMA Cross Analysis - MELANIA/USDT
Time: 2025-05-17 05:20:00+09:00
Type: dead
Cross Character (Current): Weak
Cross Character (New): Weak
Price at Cross: 0.3428

1. Pre-Cross Pattern (15min):
EMA Distance Changes (%): ['0.070', '0.070', '0.027', '0.021']
EMA12 Changes (%): ['0.053', '0.009', '-0.073', '-0.088']
Price Changes (%): ['0.203', '-0.231', '-0.521', '-0.175']
Candle Analysis:
    Body Sizes (%): ['0.232', '0.202', '0.521', '0.146']
    Upper Shadows (%): ['0.174', '0.000', '0.029', '0.000']
    Lower Shadows (%): ['0.087', '0.000', '0.116', '0.058']
Volumes: [np.float64(87500.56), np.float64(48791.6), np.float64(84330.74), np.float64(22880.71)]
2025-05-17 05:21:00,301 - INFO - 
2. Post-Cross Movement (30min):
5min Price Changes (%): []
Maximum Change: 0.000% after 0 minutes
Candle Analysis:
    Body Sizes (%): []
    Upper Shadows (%): []
    Lower Shadows (%): []
Volumes: []
==================================================
2025-05-17 05:25:28,743 - INFO - 
==================================================
EMA Cross Analysis - FXS/USDT
Time: 2025-05-17 05:20:00+09:00
Type: dead
Cross Character (Current): Weak
Cross Character (New): Weak
Price at Cross: 2.9527

1. Pre-Cross Pattern (15min):
EMA Distance Changes (%): ['0.080', '0.046', '0.001', '0.045']
EMA12 Changes (%): ['-0.048', '-0.054', '-0.079', '-0.089']
Price Changes (%): ['0.108', '-0.091', '-0.213', '-0.149']
Candle Analysis:
    Body Sizes (%): ['0.115', '0.071', '0.196', '0.135']
    Upper Shadows (%): ['0.047', '0.000', '0.024', '0.017']
    Lower Shadows (%): ['0.189', '0.071', '0.186', '0.027']
Volumes: [np.float64(4292.2), np.float64(2399.3), np.float64(2196.7), np.float64(2158.6)]
2025-05-17 05:25:28,743 - INFO - 
2. Post-Cross Movement (30min):
5min Price Changes (%): ['-0.058']
Maximum Change: -0.058% after 5 minutes
Candle Analysis:
    Body Sizes (%): ['0.037']
    Upper Shadows (%): ['0.000']
    Lower Shadows (%): ['0.000']
Volumes: [np.float64(76.1)]
==================================================
2025-05-17 05:25:32,886 - INFO - 
==================================================
EMA Cross Analysis - EOS/USDT
Time: 2025-05-17 05:20:00+09:00
Type: dead
Cross Character (Current): Weak
Cross Character (New): Weak
Price at Cross: 0.841

1. Pre-Cross Pattern (15min):
EMA Distance Changes (%): ['0.083', '0.059', '0.021', '0.010']
EMA12 Changes (%): ['-0.041', '-0.034', '-0.065', '-0.055']
Price Changes (%): ['-0.237', '0.000', '-0.237', '0.000']
Candle Analysis:
    Body Sizes (%): ['0.237', '0.119', '0.237', '0.000']
    Upper Shadows (%): ['0.118', '0.238', '0.000', '0.119']
    Lower Shadows (%): ['0.237', '0.119', '0.237', '0.238']
Volumes: [np.float64(553160.0), np.float64(367740.8), np.float64(215060.2), np.float64(242629.0)]
2025-05-17 05:25:32,886 - INFO - 
2. Post-Cross Movement (30min):
5min Price Changes (%): ['-0.119']
Maximum Change: -0.119% after 5 minutes
Candle Analysis:
    Body Sizes (%): ['0.119']
    Upper Shadows (%): ['0.000']
    Lower Shadows (%): ['0.000']
Volumes: [np.float64(1462.6)]
==================================================
2025-05-17 05:25:33,537 - INFO - 
==================================================
EMA Cross Analysis - WLD/USDT
Time: 2025-05-17 05:25:00+09:00
Type: dead
Cross Character (Current): Weak
Cross Character (New): Weak
Price at Cross: 1.147

1. Pre-Cross Pattern (15min):
EMA Distance Changes (%): ['0.070', '0.041', '0.009', '0.021']
EMA12 Changes (%): ['0.035', '-0.047', '-0.055', '-0.056']
Price Changes (%): ['-0.173', '-0.494', '-0.104', '-0.061']
Candle Analysis:
    Body Sizes (%): ['0.173', '0.485', '0.096', '0.061']
    Upper Shadows (%): ['0.112', '0.000', '0.061', '0.026']
    Lower Shadows (%): ['0.009', '0.113', '0.122', '0.000']
Volumes: [np.float64(165153.0), np.float64(219100.0), np.float64(174660.0), np.float64(25680.0)]
2025-05-17 05:25:33,537 - INFO - 
2. Post-Cross Movement (30min):
5min Price Changes (%): []
Maximum Change: 0.000% after 0 minutes
Candle Analysis:
    Body Sizes (%): []
    Upper Shadows (%): []
    Lower Shadows (%): []
Volumes: []
==================================================
2025-05-17 05:25:33,974 - INFO - 
==================================================
EMA Cross Analysis - PENGU/USDT
Time: 2025-05-17 05:20:00+09:00
Type: dead
Cross Character (Current): Weak
Cross Character (New): Weak
Price at Cross: 0.013405

1. Pre-Cross Pattern (15min):
EMA Distance Changes (%): ['0.124', '0.105', '0.054', '0.016']
EMA12 Changes (%): ['0.063', '-0.021', '-0.082', '-0.127']
Price Changes (%): ['0.555', '-0.479', '-0.422', '-0.372']
Candle Analysis:
    Body Sizes (%): ['0.563', '0.479', '0.407', '0.372']
    Upper Shadows (%): ['0.393', '0.265', '0.074', '0.282']
    Lower Shadows (%): ['0.067', '0.029', '0.244', '0.067']
Volumes: [np.float64(20259686.0), np.float64(12237509.0), np.float64(34587634.0), np.float64(20768817.0)]
2025-05-17 05:25:33,974 - INFO - 
2. Post-Cross Movement (30min):
5min Price Changes (%): ['-0.037']
Maximum Change: -0.037% after 5 minutes
Candle Analysis:
    Body Sizes (%): ['0.007']
    Upper Shadows (%): ['0.082']
    Lower Shadows (%): ['0.030']
Volumes: [np.float64(2132201.0)]
==================================================
2025-05-17 05:25:36,318 - INFO - 
==================================================
EMA Cross Analysis - ONDOUSDT
Time: 2025-05-17 05:25:00+09:00
Type: dead
Cross Character (Current): Weak
Cross Character (New): Weak
Price at Cross: 0.9618

1. Pre-Cross Pattern (15min):
EMA Distance Changes (%): ['0.082', '0.044', '0.014', '0.015']
EMA12 Changes (%): ['-0.002', '-0.062', '-0.052', '-0.054']
Price Changes (%): ['-0.217', '-0.393', '0.000', '-0.062']
Candle Analysis:
    Body Sizes (%): ['0.227', '0.383', '0.010', '0.052']
    Upper Shadows (%): ['0.062', '0.000', '0.031', '0.000']
    Lower Shadows (%): ['0.000', '0.093', '0.125', '0.031']
Volumes: [np.float64(160542.8), np.float64(207085.9), np.float64(193170.4), np.float64(13786.8)]
2025-05-17 05:25:36,318 - INFO - 
2. Post-Cross Movement (30min):
5min Price Changes (%): []
Maximum Change: 0.000% after 0 minutes
Candle Analysis:
    Body Sizes (%): []
    Upper Shadows (%): []
    Lower Shadows (%): []
Volumes: []
==================================================
2025-05-17 05:25:37,361 - INFO - 
==================================================
EMA Cross Analysis - MELANIA/USDT
Time: 2025-05-17 05:20:00+09:00
Type: dead
Cross Character (Current): Weak
Cross Character (New): Weak
Price at Cross: 0.3435

1. Pre-Cross Pattern (15min):
EMA Distance Changes (%): ['0.070', '0.070', '0.027', '0.005']
EMA12 Changes (%): ['0.053', '0.009', '-0.073', '-0.057']
Price Changes (%): ['0.203', '-0.231', '-0.521', '0.029']
Candle Analysis:
    Body Sizes (%): ['0.232', '0.202', '0.521', '0.058']
    Upper Shadows (%): ['0.174', '0.000', '0.029', '0.029']
    Lower Shadows (%): ['0.087', '0.000', '0.116', '0.291']
Volumes: [np.float64(87500.56), np.float64(48791.6), np.float64(84330.74), np.float64(87262.3)]
2025-05-17 05:25:37,361 - INFO - 
2. Post-Cross Movement (30min):
5min Price Changes (%): ['-0.262']
Maximum Change: -0.262% after 5 minutes
Candle Analysis:
    Body Sizes (%): ['0.320']
    Upper Shadows (%): ['0.000']
    Lower Shadows (%): ['0.058']
Volumes: [np.float64(33087.17)]
==================================================
2025-05-17 05:30:09,438 - INFO - 
==================================================
EMA Cross Analysis - ARPA/USDT
Time: 2025-05-17 05:30:00+09:00
Type: dead
Cross Character (Current): Weak
Cross Character (New): Weak
Price at Cross: 0.02574

1. Pre-Cross Pattern (15min):
EMA Distance Changes (%): ['0.063', '0.038', '0.002', '0.029']
EMA12 Changes (%): ['-0.047', '-0.040', '-0.064', '-0.060']
Price Changes (%): ['-0.348', '0.000', '-0.194', '-0.039']
Candle Analysis:
    Body Sizes (%): ['0.348', '0.039', '0.194', '0.078']
    Upper Shadows (%): ['0.000', '0.039', '0.000', '0.000']
    Lower Shadows (%): ['0.116', '0.155', '0.000', '0.000']
Volumes: [np.float64(344375.0), np.float64(339803.0), np.float64(366941.0), np.float64(9572.0)]
2025-05-17 05:30:09,438 - INFO - 
2. Post-Cross Movement (30min):
5min Price Changes (%): []
Maximum Change: 0.000% after 0 minutes
Candle Analysis:
    Body Sizes (%): []
    Upper Shadows (%): []
    Lower Shadows (%): []
Volumes: []
==================================================
2025-05-17 05:30:10,307 - INFO - 
==================================================
EMA Cross Analysis - WLD/USDT
Time: 2025-05-17 05:25:00+09:00
Type: dead
Cross Character (Current): Weak
Cross Character (New): Weak
Price at Cross: 1.1475

1. Pre-Cross Pattern (15min):
EMA Distance Changes (%): ['0.070', '0.041', '0.009', '0.018']
EMA12 Changes (%): ['0.035', '-0.047', '-0.055', '-0.050']
Price Changes (%): ['-0.173', '-0.494', '-0.104', '-0.017']
Candle Analysis:
    Body Sizes (%): ['0.173', '0.485', '0.096', '0.017']
    Upper Shadows (%): ['0.112', '0.000', '0.061', '0.148']
    Lower Shadows (%): ['0.009', '0.113', '0.122', '0.044']
Volumes: [np.float64(165153.0), np.float64(219100.0), np.float64(174660.0), np.float64(123450.0)]
2025-05-17 05:30:10,307 - INFO - 
2. Post-Cross Movement (30min):
5min Price Changes (%): ['-0.009']
Maximum Change: -0.009% after 5 minutes
Candle Analysis:
    Body Sizes (%): ['0.009']
    Upper Shadows (%): ['0.000']
    Lower Shadows (%): ['0.026']
Volumes: [np.float64(5911.0)]
==================================================
2025-05-17 05:30:13,097 - INFO - 
==================================================
EMA Cross Analysis - ONDOUSDT
Time: 2025-05-17 05:25:00+09:00
Type: dead
Cross Character (Current): Weak
Cross Character (New): Weak
Price at Cross: 0.9623

1. Pre-Cross Pattern (15min):
EMA Distance Changes (%): ['0.082', '0.044', '0.014', '0.011']
EMA12 Changes (%): ['-0.002', '-0.062', '-0.052', '-0.046']
Price Changes (%): ['-0.217', '-0.393', '0.000', '-0.010']
Candle Analysis:
    Body Sizes (%): ['0.227', '0.383', '0.010', '0.000']
    Upper Shadows (%): ['0.062', '0.000', '0.031', '0.073']
    Lower Shadows (%): ['0.000', '0.093', '0.125', '0.094']
Volumes: [np.float64(160542.8), np.float64(207085.9), np.float64(193170.4), np.float64(101924.3)]
2025-05-17 05:30:13,097 - INFO - 
2. Post-Cross Movement (30min):
5min Price Changes (%): ['-0.073']
Maximum Change: -0.073% after 5 minutes
Candle Analysis:
    Body Sizes (%): ['0.073']
    Upper Shadows (%): ['0.000']
    Lower Shadows (%): ['0.000']
Volumes: [np.float64(5503.2)]
==================================================
2025-05-17 05:30:13,533 - INFO - 
==================================================
EMA Cross Analysis - BRETT/USDT
Time: 2025-05-17 05:30:00+09:00
Type: dead
Cross Character (Current): Weak
Cross Character (New): Weak
Price at Cross: 0.0708

1. Pre-Cross Pattern (15min):
EMA Distance Changes (%): ['0.164', '0.091', '0.030', '0.024']
EMA12 Changes (%): ['-0.099', '-0.116', '-0.105', '-0.100']
Price Changes (%): ['-0.532', '-0.211', '-0.042', '-0.071']
Candle Analysis:
    Body Sizes (%): ['0.518', '0.183', '0.028', '0.042']
    Upper Shadows (%): ['0.014', '0.084', '0.113', '0.000']
    Lower Shadows (%): ['0.196', '0.070', '0.127', '0.085']
Volumes: [np.float64(252273.0), np.float64(405061.0), np.float64(142138.0), np.float64(18737.0)]
2025-05-17 05:30:13,533 - INFO - 
2. Post-Cross Movement (30min):
5min Price Changes (%): []
Maximum Change: 0.000% after 0 minutes
Candle Analysis:
    Body Sizes (%): []
    Upper Shadows (%): []
    Lower Shadows (%): []
Volumes: []
==================================================
2025-05-17 05:35:49,226 - INFO - 
==================================================
EMA Cross Analysis - TIA/USDT
Time: 2025-05-17 05:35:00+09:00
Type: dead
Cross Character (Current): Weak
Cross Character (New): Weak
Price at Cross: 2.707

1. Pre-Cross Pattern (15min):
EMA Distance Changes (%): ['0.147', '0.124', '0.050', '0.006']
EMA12 Changes (%): ['-0.021', '-0.022', '-0.126', '-0.099']
Price Changes (%): ['-0.048', '-0.029', '-0.697', '0.048']
Candle Analysis:
    Body Sizes (%): ['0.048', '0.018', '0.697', '0.044']
    Upper Shadows (%): ['0.051', '0.088', '0.000', '0.044']
    Lower Shadows (%): ['0.238', '0.095', '0.070', '0.052']
Volumes: [np.float64(70349.0), np.float64(57972.0), np.float64(195821.0), np.float64(18723.0)]
2025-05-17 05:35:49,226 - INFO - 
2. Post-Cross Movement (30min):
5min Price Changes (%): []
Maximum Change: 0.000% after 0 minutes
Candle Analysis:
    Body Sizes (%): []
    Upper Shadows (%): []
    Lower Shadows (%): []
Volumes: []
==================================================
2025-05-17 05:35:49,665 - INFO - 
==================================================
EMA Cross Analysis - BAN/USDT
Time: 2025-05-17 05:30:00+09:00
Type: dead
Cross Character (Current): Weak
Cross Character (New): Weak
Price at Cross: 0.05977

1. Pre-Cross Pattern (15min):
EMA Distance Changes (%): ['0.115', '0.075', '0.042', '0.034']
EMA12 Changes (%): ['-0.029', '-0.060', '-0.053', '-0.140']
Price Changes (%): ['-0.215', '-0.232', '-0.017', '-0.615']
Candle Analysis:
    Body Sizes (%): ['0.232', '0.183', '0.000', '0.599']
    Upper Shadows (%): ['0.033', '0.000', '0.067', '0.000']
    Lower Shadows (%): ['0.033', '0.066', '0.150', '0.166']
Volumes: [np.float64(29626.0), np.float64(47069.0), np.float64(32314.0), np.float64(116801.0)]
2025-05-17 05:35:49,665 - INFO - 
2. Post-Cross Movement (30min):
5min Price Changes (%): ['-0.033']
Maximum Change: -0.033% after 5 minutes
Candle Analysis:
    Body Sizes (%): ['0.067']
    Upper Shadows (%): ['0.000']
    Lower Shadows (%): ['0.067']
Volumes: [np.float64(3063.0)]
==================================================
2025-05-17 05:35:53,146 - INFO - 
==================================================
EMA Cross Analysis - ORDI/USDT
Time: 2025-05-17 05:30:00+09:00
Type: dead
Cross Character (Current): Weak
Cross Character (New): Weak
Price at Cross: 9.653

1. Pre-Cross Pattern (15min):
EMA Distance Changes (%): ['0.124', '0.105', '0.083', '0.021']
EMA12 Changes (%): ['-0.033', '-0.018', '-0.026', '-0.189']
Price Changes (%): ['-0.641', '0.061', '-0.072', '-1.086']
Candle Analysis:
    Body Sizes (%): ['0.601', '0.072', '0.072', '1.096']
    Upper Shadows (%): ['0.000', '0.092', '0.061', '0.000']
    Lower Shadows (%): ['0.132', '0.113', '0.061', '0.164']
Volumes: [np.float64(22663.7), np.float64(18053.4), np.float64(8721.6), np.float64(85388.9)]
2025-05-17 05:35:53,147 - INFO - 
2. Post-Cross Movement (30min):
5min Price Changes (%): ['0.073']
Maximum Change: 0.073% after 5 minutes
Candle Analysis:
    Body Sizes (%): ['0.052']
    Upper Shadows (%): ['0.031']
    Lower Shadows (%): ['0.052']
Volumes: [np.float64(4517.0)]
==================================================
2025-05-17 05:35:54,234 - INFO - 
==================================================
EMA Cross Analysis - GRASS/USDT
Time: 2025-05-17 05:30:00+09:00
Type: dead
Cross Character (Current): Weak
Cross Character (New): Weak
Price at Cross: 1.9291

1. Pre-Cross Pattern (15min):
EMA Distance Changes (%): ['0.105', '0.079', '0.053', '0.040']
EMA12 Changes (%): ['0.013', '-0.035', '-0.040', '-0.171']
Price Changes (%): ['-0.661', '-0.297', '-0.067', '-0.894']
Candle Analysis:
    Body Sizes (%): ['0.651', '0.312', '0.098', '0.899']
    Upper Shadows (%): ['0.000', '0.041', '0.000', '0.000']
    Lower Shadows (%): ['0.025', '0.138', '0.098', '0.057']
Volumes: [np.float64(27510.4), np.float64(26784.1), np.float64(16406.9), np.float64(63392.7)]
2025-05-17 05:35:54,234 - INFO - 
2. Post-Cross Movement (30min):
5min Price Changes (%): ['-0.005']
Maximum Change: -0.005% after 5 minutes
Candle Analysis:
    Body Sizes (%): ['0.005']
    Upper Shadows (%): ['0.093']
    Lower Shadows (%): ['0.057']
Volumes: [np.float64(6683.3)]
==================================================
2025-05-17 05:35:55,324 - INFO - 
==================================================
EMA Cross Analysis - ARPA/USDT
Time: 2025-05-17 05:30:00+09:00
Type: dead
Cross Character (Current): Weak
Cross Character (New): Weak
Price at Cross: 0.0256

1. Pre-Cross Pattern (15min):
EMA Distance Changes (%): ['0.063', '0.038', '0.002', '0.073']
EMA12 Changes (%): ['-0.047', '-0.040', '-0.064', '-0.143']
Price Changes (%): ['-0.348', '0.000', '-0.194', '-0.583']
Candle Analysis:
    Body Sizes (%): ['0.348', '0.039', '0.194', '0.621']
    Upper Shadows (%): ['0.000', '0.039', '0.000', '0.000']
    Lower Shadows (%): ['0.116', '0.155', '0.000', '0.039']
Volumes: [np.float64(344375.0), np.float64(339803.0), np.float64(366941.0), np.float64(1184373.0)]
2025-05-17 05:35:55,324 - INFO - 
2. Post-Cross Movement (30min):
5min Price Changes (%): ['-0.039']
Maximum Change: -0.039% after 5 minutes
Candle Analysis:
    Body Sizes (%): ['0.078']
    Upper Shadows (%): ['0.000']
    Lower Shadows (%): ['0.000']
Volumes: [np.float64(69453.0)]
==================================================
2025-05-17 05:35:55,758 - INFO - 
==================================================
EMA Cross Analysis - XRP/USDT
Time: 2025-05-17 05:35:00+09:00
Type: dead
Cross Character (Current): Weak
Cross Character (New): Weak
Price at Cross: 2.3984

1. Pre-Cross Pattern (15min):
EMA Distance Changes (%): ['0.102', '0.095', '0.029', '0.018']
EMA12 Changes (%): ['0.008', '0.001', '-0.115', '-0.086']
Price Changes (%): ['-0.021', '-0.037', '-0.754', '0.075']
Candle Analysis:
    Body Sizes (%): ['0.017', '0.033', '0.754', '0.071']
    Upper Shadows (%): ['0.054', '0.033', '0.017', '0.008']
    Lower Shadows (%): ['0.033', '0.033', '0.037', '0.008']
Volumes: [np.float64(704152.4), np.float64(509265.6), np.float64(5694946.6), np.float64(375923.1)]
2025-05-17 05:35:55,759 - INFO - 
2. Post-Cross Movement (30min):
5min Price Changes (%): []
Maximum Change: 0.000% after 0 minutes
Candle Analysis:
    Body Sizes (%): []
    Upper Shadows (%): []
    Lower Shadows (%): []
Volumes: []
==================================================
2025-05-17 05:35:57,450 - INFO - 
==================================================
EMA Cross Analysis - SUI/USDT
Time: 2025-05-17 05:35:00+09:00
Type: dead
Cross Character (Current): Weak
Cross Character (New): Weak
Price at Cross: 3.8338

1. Pre-Cross Pattern (15min):
EMA Distance Changes (%): ['0.137', '0.126', '0.049', '0.006']
EMA12 Changes (%): ['-0.020', '-0.001', '-0.132', '-0.098']
Price Changes (%): ['-0.016', '0.104', '-0.852', '0.089']
Candle Analysis:
    Body Sizes (%): ['0.013', '0.104', '0.852', '0.089']
    Upper Shadows (%): ['0.036', '0.052', '0.000', '0.000']
    Lower Shadows (%): ['0.181', '0.070', '0.047', '0.050']
Volumes: [np.float64(281614.2), np.float64(180183.7), np.float64(1285473.9), np.float64(84682.0)]
2025-05-17 05:35:57,450 - INFO - 
2. Post-Cross Movement (30min):
5min Price Changes (%): []
Maximum Change: 0.000% after 0 minutes
Candle Analysis:
    Body Sizes (%): []
    Upper Shadows (%): []
    Lower Shadows (%): []
Volumes: []
==================================================
2025-05-17 05:35:59,415 - INFO - 
==================================================
EMA Cross Analysis - BRETT/USDT
Time: 2025-05-17 05:30:00+09:00
Type: dead
Cross Character (Current): Weak
Cross Character (New): Weak
Price at Cross: 0.07015

1. Pre-Cross Pattern (15min):
EMA Distance Changes (%): ['0.164', '0.091', '0.030', '0.099']
EMA12 Changes (%): ['-0.099', '-0.116', '-0.105', '-0.240']
Price Changes (%): ['-0.532', '-0.211', '-0.042', '-0.988']
Candle Analysis:
    Body Sizes (%): ['0.518', '0.183', '0.028', '0.960']
    Upper Shadows (%): ['0.014', '0.084', '0.113', '0.000']
    Lower Shadows (%): ['0.196', '0.070', '0.127', '0.028']
Volumes: [np.float64(252273.0), np.float64(405061.0), np.float64(142138.0), np.float64(1710751.0)]
2025-05-17 05:35:59,415 - INFO - 
2. Post-Cross Movement (30min):
5min Price Changes (%): ['0.071']
Maximum Change: 0.071% after 5 minutes
Candle Analysis:
    Body Sizes (%): ['0.043']
    Upper Shadows (%): ['0.014']
    Lower Shadows (%): ['0.071']
Volumes: [np.float64(120479.0)]
==================================================
2025-05-17 05:40:26,219 - INFO - 
==================================================
EMA Cross Analysis - TIA/USDT
Time: 2025-05-17 05:40:00+09:00
Type: dead
Cross Character (Current): Weak
Cross Character (New): Weak
Price at Cross: 2.7078

1. Pre-Cross Pattern (15min):
EMA Distance Changes (%): ['0.124', '0.050', '0.003', '0.040']
EMA12 Changes (%): ['-0.022', '-0.126', '-0.084', '-0.082']
Price Changes (%): ['-0.029', '-0.697', '0.152', '-0.074']
Candle Analysis:
    Body Sizes (%): ['0.018', '0.697', '0.148', '0.074']
    Upper Shadows (%): ['0.088', '0.000', '0.015', '0.004']
    Lower Shadows (%): ['0.095', '0.070', '0.163', '0.000']
Volumes: [np.float64(57972.0), np.float64(195821.0), np.float64(129755.0), np.float64(8276.0)]
2025-05-17 05:40:26,220 - INFO - 
2. Post-Cross Movement (30min):
5min Price Changes (%): []
Maximum Change: 0.000% after 0 minutes
Candle Analysis:
    Body Sizes (%): []
    Upper Shadows (%): []
    Lower Shadows (%): []
Volumes: []
==================================================
2025-05-17 05:40:32,755 - INFO - 
==================================================
EMA Cross Analysis - XRP/USDT
Time: 2025-05-17 05:35:00+09:00
Type: dead
Cross Character (Current): Weak
Cross Character (New): Weak
Price at Cross: 2.3955

1. Pre-Cross Pattern (15min):
EMA Distance Changes (%): ['0.102', '0.095', '0.029', '0.028']
EMA12 Changes (%): ['0.008', '0.001', '-0.115', '-0.105']
Price Changes (%): ['-0.021', '-0.037', '-0.754', '-0.046']
Candle Analysis:
    Body Sizes (%): ['0.017', '0.033', '0.754', '0.050']
    Upper Shadows (%): ['0.054', '0.033', '0.017', '0.079']
    Lower Shadows (%): ['0.033', '0.033', '0.037', '0.092']
Volumes: [np.float64(704152.4), np.float64(509265.6), np.float64(5694946.6), np.float64(2215731.7)]
2025-05-17 05:40:32,755 - INFO - 
2. Post-Cross Movement (30min):
5min Price Changes (%): ['-0.021']
Maximum Change: -0.021% after 5 minutes
Candle Analysis:
    Body Sizes (%): ['0.021']
    Upper Shadows (%): ['0.004']
    Lower Shadows (%): ['0.025']
Volumes: [np.float64(245686.6)]
==================================================
2025-05-17 05:40:34,445 - INFO - 
==================================================
EMA Cross Analysis - SUI/USDT
Time: 2025-05-17 05:40:00+09:00
Type: dead
Cross Character (Current): Weak
Cross Character (New): Weak
Price at Cross: 3.8314

1. Pre-Cross Pattern (15min):
EMA Distance Changes (%): ['0.126', '0.049', '0.000', '0.049']
EMA12 Changes (%): ['-0.001', '-0.132', '-0.086', '-0.095']
Price Changes (%): ['0.104', '-0.852', '0.170', '-0.143']
Candle Analysis:
    Body Sizes (%): ['0.104', '0.852', '0.170', '0.143']
    Upper Shadows (%): ['0.052', '0.000', '0.008', '0.000']
    Lower Shadows (%): ['0.070', '0.047', '0.084', '0.000']
Volumes: [np.float64(180183.7), np.float64(1285473.9), np.float64(681807.3), np.float64(48912.2)]
2025-05-17 05:40:34,446 - INFO - 
2. Post-Cross Movement (30min):
5min Price Changes (%): []
Maximum Change: 0.000% after 0 minutes
Candle Analysis:
    Body Sizes (%): []
    Upper Shadows (%): []
    Lower Shadows (%): []
Volumes: []
==================================================
2025-05-17 05:45:10,781 - INFO - 
==================================================
EMA Cross Analysis - ATA/USDT
Time: 2025-05-17 05:45:00+09:00
Type: dead
Cross Character (Current): Weak
Cross Character (New): Weak
Price at Cross: 0.0598

1. Pre-Cross Pattern (15min):
EMA Distance Changes (%): ['0.149', '0.083', '0.004', '0.045']
EMA12 Changes (%): ['-0.154', '-0.105', '-0.140', '-0.093']
Price Changes (%): ['-0.829', '0.167', '-0.334', '0.168']
Candle Analysis:
    Body Sizes (%): ['0.993', '0.000', '0.334', '0.000']
    Upper Shadows (%): ['0.000', '0.167', '0.167', '0.000']
    Lower Shadows (%): ['0.166', '0.167', '0.000', '0.000']
Volumes: [np.float64(279039.0), np.float64(91746.0), np.float64(62011.0), np.float64(13074.0)]
2025-05-17 05:45:10,781 - INFO - 
2. Post-Cross Movement (30min):
5min Price Changes (%): []
Maximum Change: 0.000% after 0 minutes
Candle Analysis:
    Body Sizes (%): []
    Upper Shadows (%): []
    Lower Shadows (%): []
Volumes: []
==================================================
2025-05-17 05:45:11,214 - INFO - 
==================================================
EMA Cross Analysis - SUI/USDT
Time: 2025-05-17 05:40:00+09:00
Type: dead
Cross Character (Current): Weak
Cross Character (New): Weak
Price at Cross: 3.8171

1. Pre-Cross Pattern (15min):
EMA Distance Changes (%): ['0.126', '0.049', '0.000', '0.079']
EMA12 Changes (%): ['-0.001', '-0.132', '-0.086', '-0.152']
Price Changes (%): ['0.104', '-0.852', '0.170', '-0.516']
Candle Analysis:
    Body Sizes (%): ['0.104', '0.852', '0.170', '0.516']
    Upper Shadows (%): ['0.052', '0.000', '0.008', '0.000']
    Lower Shadows (%): ['0.070', '0.047', '0.084', '0.042']
Volumes: [np.float64(180183.7), np.float64(1285473.9), np.float64(681807.3), np.float64(666822.4)]
2025-05-17 05:45:11,214 - INFO - 
2. Post-Cross Movement (30min):
5min Price Changes (%): ['0.068']
Maximum Change: 0.068% after 5 minutes
Candle Analysis:
    Body Sizes (%): ['0.065']
    Upper Shadows (%): ['0.000']
    Lower Shadows (%): ['0.000']
Volumes: [np.float64(6977.3)]
==================================================
2025-05-17 05:46:14,095 - INFO - 
==================================================
EMA Cross Analysis - TIA/USDT
Time: 2025-05-17 05:40:00+09:00
Type: dead
Cross Character (Current): Weak
Cross Character (New): Weak
Price at Cross: 2.697

1. Pre-Cross Pattern (15min):
EMA Distance Changes (%): ['0.124', '0.050', '0.003', '0.073']
EMA12 Changes (%): ['-0.022', '-0.126', '-0.084', '-0.143']
Price Changes (%): ['-0.029', '-0.697', '0.152', '-0.472']
Candle Analysis:
    Body Sizes (%): ['0.018', '0.697', '0.148', '0.472']
    Upper Shadows (%): ['0.088', '0.000', '0.015', '0.004']
    Lower Shadows (%): ['0.095', '0.070', '0.163', '0.055']
Volumes: [np.float64(57972.0), np.float64(195821.0), np.float64(129755.0), np.float64(139083.0)]
2025-05-17 05:46:14,096 - INFO - 
2. Post-Cross Movement (30min):
5min Price Changes (%): ['-0.119']
Maximum Change: -0.119% after 5 minutes
Candle Analysis:
    Body Sizes (%): ['0.122']
    Upper Shadows (%): ['0.085']
    Lower Shadows (%): ['0.015']
Volumes: [np.float64(62419.0)]
==================================================
2025-05-17 05:50:56,733 - INFO - 
==================================================
EMA Cross Analysis - ATA/USDT
Time: 2025-05-17 05:45:00+09:00
Type: dead
Cross Character (Current): Weak
Cross Character (New): Weak
Price at Cross: 0.0598

1. Pre-Cross Pattern (15min):
EMA Distance Changes (%): ['0.149', '0.083', '0.004', '0.045']
EMA12 Changes (%): ['-0.154', '-0.105', '-0.140', '-0.093']
Price Changes (%): ['-0.829', '0.167', '-0.334', '0.168']
Candle Analysis:
    Body Sizes (%): ['0.993', '0.000', '0.334', '0.000']
    Upper Shadows (%): ['0.000', '0.167', '0.167', '0.167']
    Lower Shadows (%): ['0.166', '0.167', '0.000', '0.167']
Volumes: [np.float64(279039.0), np.float64(91746.0), np.float64(62011.0), np.float64(145749.0)]
2025-05-17 05:50:56,733 - INFO - 
2. Post-Cross Movement (30min):
5min Price Changes (%): ['0.000']
Maximum Change: 0.000% after 0 minutes
Candle Analysis:
    Body Sizes (%): ['0.000']
    Upper Shadows (%): ['0.000']
    Lower Shadows (%): ['0.000']
Volumes: [np.float64(2900.0)]
==================================================
2025-05-17 06:15:10,677 - INFO - 
==================================================
EMA Cross Analysis - SUI/USDT
Time: 2025-05-17 06:10:00+09:00
Type: golden
Cross Character (Current): Weak
Cross Character (New): Weak
Price at Cross: 3.8758

1. Pre-Cross Pattern (15min):
EMA Distance Changes (%): ['0.117', '0.087', '0.056', '0.006']
EMA12 Changes (%): ['0.017', '0.040', '0.048', '0.111']
Price Changes (%): ['0.378', '0.166', '0.091', '0.459']
Candle Analysis:
    Body Sizes (%): ['0.376', '0.166', '0.093', '0.461']
    Upper Shadows (%): ['0.196', '0.047', '0.195', '0.005']
    Lower Shadows (%): ['0.151', '0.070', '0.026', '0.005']
Volumes: [np.float64(890558.7), np.float64(426337.8), np.float64(617830.6), np.float64(589100.6)]
2025-05-17 06:15:10,677 - INFO - 
2. Post-Cross Movement (30min):
5min Price Changes (%): ['-0.163']
Maximum Change: -0.163% after 5 minutes
Candle Analysis:
    Body Sizes (%): ['0.163']
    Upper Shadows (%): ['0.005']
    Lower Shadows (%): ['0.000']
Volumes: [np.float64(44424.5)]
==================================================
2025-05-17 06:25:25,336 - INFO - 
==================================================
EMA Cross Analysis - TIA/USDT
Time: 2025-05-17 06:25:00+09:00
Type: golden
Cross Character (Current): Weak
Cross Character (New): Weak
Price at Cross: 2.7262

1. Pre-Cross Pattern (15min):
EMA Distance Changes (%): ['0.043', '0.032', '0.003', '0.017']
EMA12 Changes (%): ['0.086', '0.015', '0.051', '0.039']
Price Changes (%): ['0.530', '-0.377', '0.254', '-0.029']
Candle Analysis:
    Body Sizes (%): ['0.526', '0.370', '0.254', '0.026']
    Upper Shadows (%): ['0.004', '0.000', '0.118', '0.000']
    Lower Shadows (%): ['0.004', '0.040', '0.092', '0.055']
Volumes: [np.float64(86332.0), np.float64(76206.0), np.float64(75243.0), np.float64(3882.0)]
2025-05-17 06:25:25,336 - INFO - 
2. Post-Cross Movement (30min):
5min Price Changes (%): []
Maximum Change: 0.000% after 0 minutes
Candle Analysis:
    Body Sizes (%): []
    Upper Shadows (%): []
    Lower Shadows (%): []
Volumes: []
==================================================
2025-05-17 06:25:27,524 - INFO - 
==================================================
EMA Cross Analysis - FXS/USDT
Time: 2025-05-17 06:25:00+09:00
Type: golden
Cross Character (Current): Weak
Cross Character (New): Weak
Price at Cross: 2.9796

1. Pre-Cross Pattern (15min):
EMA Distance Changes (%): ['0.086', '0.090', '0.031', '0.016']
EMA12 Changes (%): ['0.013', '-0.019', '0.100', '0.087']
Price Changes (%): ['0.434', '-0.196', '0.758', '0.013']
Candle Analysis:
    Body Sizes (%): ['0.390', '0.172', '0.758', '0.050']
    Upper Shadows (%): ['0.291', '0.000', '0.010', '0.000']
    Lower Shadows (%): ['0.152', '0.284', '0.000', '0.034']
Volumes: [np.float64(8433.3), np.float64(10099.2), np.float64(10170.0), np.float64(102.3)]
2025-05-17 06:25:27,524 - INFO - 
2. Post-Cross Movement (30min):
5min Price Changes (%): []
Maximum Change: 0.000% after 0 minutes
Candle Analysis:
    Body Sizes (%): []
    Upper Shadows (%): []
    Lower Shadows (%): []
Volumes: []
==================================================
2025-05-17 06:25:28,406 - INFO - 
==================================================
EMA Cross Analysis - POL/USDT
Time: 2025-05-17 06:25:00+09:00
Type: golden
Cross Character (Current): Weak
Cross Character (New): Weak
Price at Cross: 0.24072

1. Pre-Cross Pattern (15min):
EMA Distance Changes (%): ['0.082', '0.049', '0.008', '0.016']
EMA12 Changes (%): ['0.126', '0.052', '0.072', '0.046']
Price Changes (%): ['0.651', '-0.348', '0.183', '-0.100']
Candle Analysis:
    Body Sizes (%): ['0.655', '0.348', '0.187', '0.091']
    Upper Shadows (%): ['0.000', '0.000', '0.054', '0.000']
    Lower Shadows (%): ['0.000', '0.029', '0.012', '0.050']
Volumes: [np.float64(345453.0), np.float64(173724.0), np.float64(123556.0), np.float64(20694.0)]
2025-05-17 06:25:28,406 - INFO - 
2. Post-Cross Movement (30min):
5min Price Changes (%): []
Maximum Change: 0.000% after 0 minutes
Candle Analysis:
    Body Sizes (%): []
    Upper Shadows (%): []
    Lower Shadows (%): []
Volumes: []
==================================================
2025-05-17 06:30:04,632 - INFO - 
==================================================
EMA Cross Analysis - FXS/USDT
Time: 2025-05-17 06:30:00+09:00
Type: golden
Cross Character (Current): Weak
Cross Character (New): Weak
Price at Cross: 2.9714

1. Pre-Cross Pattern (15min):
EMA Distance Changes (%): ['0.090', '0.031', '0.003', '0.016']
EMA12 Changes (%): ['-0.019', '0.100', '0.050', '0.036']
Price Changes (%): ['-0.196', '0.758', '-0.225', '-0.037']
Candle Analysis:
    Body Sizes (%): ['0.172', '0.758', '0.188', '0.013']
    Upper Shadows (%): ['0.000', '0.010', '0.074', '0.000']
    Lower Shadows (%): ['0.284', '0.000', '0.198', '0.000']
Volumes: [np.float64(10099.2), np.float64(10170.0), np.float64(4577.6), np.float64(3.4)]
2025-05-17 06:30:04,632 - INFO - 
2. Post-Cross Movement (30min):
5min Price Changes (%): []
Maximum Change: 0.000% after 0 minutes
Candle Analysis:
    Body Sizes (%): []
    Upper Shadows (%): []
    Lower Shadows (%): []
Volumes: []
==================================================
2025-05-17 06:30:05,452 - INFO - 
==================================================
EMA Cross Analysis - POL/USDT
Time: 2025-05-17 06:25:00+09:00
Type: golden
Cross Character (Current): Weak
Cross Character (New): Weak
Price at Cross: 0.24028

1. Pre-Cross Pattern (15min):
EMA Distance Changes (%): ['0.082', '0.049', '0.008', '0.002']
EMA12 Changes (%): ['0.126', '0.052', '0.072', '0.018']
Price Changes (%): ['0.651', '-0.348', '0.183', '-0.282']
Candle Analysis:
    Body Sizes (%): ['0.655', '0.348', '0.187', '0.274']
    Upper Shadows (%): ['0.000', '0.000', '0.054', '0.000']
    Lower Shadows (%): ['0.000', '0.029', '0.012', '0.000']
Volumes: [np.float64(345453.0), np.float64(173724.0), np.float64(123556.0), np.float64(65446.0)]
2025-05-17 06:30:05,453 - INFO - 
2. Post-Cross Movement (30min):
5min Price Changes (%): ['0.008']
Maximum Change: 0.008% after 5 minutes
Candle Analysis:
    Body Sizes (%): ['0.000']
    Upper Shadows (%): ['0.000']
    Lower Shadows (%): ['0.000']
Volumes: [np.float64(202.0)]
==================================================
2025-05-17 06:30:10,650 - INFO - 
==================================================
EMA Cross Analysis - SUI/USDT
Time: 2025-05-17 06:30:00+09:00
Type: dead
Cross Character (Current): Weak
Cross Character (New): Weak
Price at Cross: 3.846

1. Pre-Cross Pattern (15min):
EMA Distance Changes (%): ['0.010', '0.024', '0.009', '0.006']
EMA12 Changes (%): ['0.010', '0.027', '-0.026', '-0.027']
Price Changes (%): ['-0.544', '0.125', '-0.319', '-0.031']
Candle Analysis:
    Body Sizes (%): ['0.544', '0.122', '0.311', '0.029']
    Upper Shadows (%): ['0.005', '0.132', '0.000', '0.003']
    Lower Shadows (%): ['0.028', '0.018', '0.067', '0.000']
Volumes: [np.float64(502379.7), np.float64(209233.0), np.float64(237031.8), np.float64(4423.3)]
2025-05-17 06:30:10,650 - INFO - 
2. Post-Cross Movement (30min):
5min Price Changes (%): []
Maximum Change: 0.000% after 0 minutes
Candle Analysis:
    Body Sizes (%): []
    Upper Shadows (%): []
    Lower Shadows (%): []
Volumes: []
==================================================
2025-05-17 06:35:48,665 - INFO - 
==================================================
EMA Cross Analysis - TIA/USDT
Time: 2025-05-17 06:30:00+09:00
Type: golden
Cross Character (Current): Weak
Cross Character (New): Weak
Price at Cross: 2.7314

1. Pre-Cross Pattern (15min):
EMA Distance Changes (%): ['0.032', '0.003', '0.006', '0.030']
EMA12 Changes (%): ['0.015', '0.051', '-0.006', '0.069']
Price Changes (%): ['-0.377', '0.254', '-0.323', '0.486']
Candle Analysis:
    Body Sizes (%): ['0.370', '0.254', '0.319', '0.486']
    Upper Shadows (%): ['0.000', '0.118', '0.136', '0.007']
    Lower Shadows (%): ['0.040', '0.092', '0.011', '0.611']
Volumes: [np.float64(76206.0), np.float64(75243.0), np.float64(62676.0), np.float64(182698.0)]
2025-05-17 06:35:48,666 - INFO - 
2. Post-Cross Movement (30min):
5min Price Changes (%): ['-0.249']
Maximum Change: -0.249% after 5 minutes
Candle Analysis:
    Body Sizes (%): ['0.245']
    Upper Shadows (%): ['0.348']
    Lower Shadows (%): ['0.015']
Volumes: [np.float64(198393.0)]
==================================================
2025-05-17 06:35:50,847 - INFO - 
==================================================
EMA Cross Analysis - FXS/USDT
Time: 2025-05-17 06:30:00+09:00
Type: golden
Cross Character (Current): Weak
Cross Character (New): Weak
Price at Cross: 2.9862

1. Pre-Cross Pattern (15min):
EMA Distance Changes (%): ['0.090', '0.031', '0.003', '0.055']
EMA12 Changes (%): ['-0.019', '0.100', '0.050', '0.113']
Price Changes (%): ['-0.196', '0.758', '-0.225', '0.461']
Candle Analysis:
    Body Sizes (%): ['0.172', '0.758', '0.188', '0.485']
    Upper Shadows (%): ['0.000', '0.010', '0.074', '0.020']
    Lower Shadows (%): ['0.284', '0.000', '0.198', '0.262']
Volumes: [np.float64(10099.2), np.float64(10170.0), np.float64(4577.6), np.float64(22845.3)]
2025-05-17 06:35:50,847 - INFO - 
2. Post-Cross Movement (30min):
5min Price Changes (%): ['-0.392']
Maximum Change: -0.392% after 5 minutes
Candle Analysis:
    Body Sizes (%): ['0.362']
    Upper Shadows (%): ['0.000']
    Lower Shadows (%): ['0.044']
Volumes: [np.float64(2743.8)]
==================================================
2025-05-17 06:50:48,646 - INFO - 
==================================================
EMA Cross Analysis - DOGS/USDT
Time: 2025-05-17 06:50:00+09:00
Type: golden
Cross Character (Current): Weak
Cross Character (New): Weak
Price at Cross: 0.000184

1. Pre-Cross Pattern (15min):
EMA Distance Changes (%): ['0.197', '0.103', '0.037', '0.019']
EMA12 Changes (%): ['0.173', '0.154', '0.113', '0.104']
Price Changes (%): ['0.382', '0.054', '-0.109', '0.054']
Candle Analysis:
    Body Sizes (%): ['0.382', '0.000', '0.109', '0.000']
    Upper Shadows (%): ['0.164', '0.163', '0.054', '0.000']
    Lower Shadows (%): ['0.382', '0.435', '0.109', '0.000']
Volumes: [np.float64(670973009.0), np.float64(337978086.0), np.float64(126152028.0), np.float64(6996170.0)]
2025-05-17 06:50:48,646 - INFO - 
2. Post-Cross Movement (30min):
5min Price Changes (%): []
Maximum Change: 0.000% after 0 minutes
Candle Analysis:
    Body Sizes (%): []
    Upper Shadows (%): []
    Lower Shadows (%): []
Volumes: []
==================================================
2025-05-17 06:50:51,042 - INFO - 
==================================================
EMA Cross Analysis - ACX/USDT
Time: 2025-05-17 06:50:00+09:00
Type: golden
Cross Character (Current): Weak
Cross Character (New): Weak
Price at Cross: 0.2339

1. Pre-Cross Pattern (15min):
EMA Distance Changes (%): ['0.072', '0.035', '0.013', '0.005']
EMA12 Changes (%): ['0.056', '0.061', '0.038', '0.032']
Price Changes (%): ['0.086', '0.086', '-0.085', '0.000']
Candle Analysis:
    Body Sizes (%): ['0.086', '0.086', '0.043', '0.000']
    Upper Shadows (%): ['0.257', '0.086', '0.085', '0.043']
    Lower Shadows (%): ['0.214', '0.043', '0.085', '0.000']
Volumes: [np.float64(35260.8), np.float64(15942.7), np.float64(6755.1), np.float64(561.3)]
2025-05-17 06:50:51,042 - INFO - 
2. Post-Cross Movement (30min):
5min Price Changes (%): []
Maximum Change: 0.000% after 0 minutes
Candle Analysis:
    Body Sizes (%): []
    Upper Shadows (%): []
    Lower Shadows (%): []
Volumes: []
==================================================
2025-05-17 06:50:52,346 - INFO - 
==================================================
EMA Cross Analysis - ORDI/USDT
Time: 2025-05-17 06:50:00+09:00
Type: golden
Cross Character (Current): Weak
Cross Character (New): Weak
Price at Cross: 9.774

1. Pre-Cross Pattern (15min):
EMA Distance Changes (%): ['0.109', '0.070', '0.011', '0.039']
EMA12 Changes (%): ['0.077', '0.059', '0.104', '0.096']
Price Changes (%): ['0.051', '-0.041', '0.349', '0.051']
Candle Analysis:
    Body Sizes (%): ['0.041', '0.041', '0.349', '0.051']
    Upper Shadows (%): ['0.329', '0.195', '0.000', '0.010']
    Lower Shadows (%): ['0.534', '0.154', '0.000', '0.000']
Volumes: [np.float64(20471.2), np.float64(15729.9), np.float64(28025.8), np.float64(1806.4)]
2025-05-17 06:50:52,346 - INFO - 
2. Post-Cross Movement (30min):
5min Price Changes (%): []
Maximum Change: 0.000% after 0 minutes
Candle Analysis:
    Body Sizes (%): []
    Upper Shadows (%): []
    Lower Shadows (%): []
Volumes: []
==================================================
2025-05-17 06:50:53,218 - INFO - 
==================================================
EMA Cross Analysis - TNSR/USDT
Time: 2025-05-17 06:50:00+09:00
Type: golden
Cross Character (Current): Weak
Cross Character (New): Weak
Price at Cross: 0.1619

1. Pre-Cross Pattern (15min):
EMA Distance Changes (%): ['0.094', '0.064', '0.035', '0.002']
EMA12 Changes (%): ['0.029', '0.044', '0.046', '0.068']
Price Changes (%): ['-0.186', '0.124', '0.062', '0.186']
Candle Analysis:
    Body Sizes (%): ['0.186', '0.124', '0.124', '0.124']
    Upper Shadows (%): ['0.309', '0.124', '0.062', '0.062']
    Lower Shadows (%): ['0.433', '0.000', '0.000', '0.000']
Volumes: [np.float64(74049.2), np.float64(39268.1), np.float64(24234.6), np.float64(15289.2)]
2025-05-17 06:50:53,218 - INFO - 
2. Post-Cross Movement (30min):
5min Price Changes (%): []
Maximum Change: 0.000% after 0 minutes
Candle Analysis:
    Body Sizes (%): []
    Upper Shadows (%): []
    Lower Shadows (%): []
Volumes: []
==================================================
2025-05-17 06:55:25,417 - INFO - 
==================================================
EMA Cross Analysis - TIA/USDT
Time: 2025-05-17 06:55:00+09:00
Type: dead
Cross Character (Current): Weak
Cross Character (New): Weak
Price at Cross: 2.7118

1. Pre-Cross Pattern (15min):
EMA Distance Changes (%): ['0.065', '0.070', '0.030', '0.001']
EMA12 Changes (%): ['0.035', '0.018', '-0.066', '-0.057']
Price Changes (%): ['-0.011', '-0.077', '-0.528', '-0.007']
Candle Analysis:
    Body Sizes (%): ['0.011', '0.081', '0.528', '0.011']
    Upper Shadows (%): ['0.121', '0.015', '0.055', '0.022']
    Lower Shadows (%): ['0.099', '0.099', '0.000', '0.000']
Volumes: [np.float64(65758.0), np.float64(47276.0), np.float64(232891.0), np.float64(7620.0)]
2025-05-17 06:55:25,417 - INFO - 
2. Post-Cross Movement (30min):
5min Price Changes (%): []
Maximum Change: 0.000% after 0 minutes
Candle Analysis:
    Body Sizes (%): []
    Upper Shadows (%): []
    Lower Shadows (%): []
Volumes: []
==================================================
2025-05-17 06:55:33,643 - INFO - 
==================================================
EMA Cross Analysis - SUI/USDT
Time: 2025-05-17 06:55:00+09:00
Type: dead
Cross Character (Current): Weak
Cross Character (New): Weak
Price at Cross: 3.8405

1. Pre-Cross Pattern (15min):
EMA Distance Changes (%): ['0.042', '0.044', '0.012', '0.017']
EMA12 Changes (%): ['0.026', '0.011', '-0.057', '-0.053']
Price Changes (%): ['0.041', '-0.070', '-0.430', '-0.029']
Candle Analysis:
    Body Sizes (%): ['0.041', '0.070', '0.430', '0.029']
    Upper Shadows (%): ['0.122', '0.000', '0.010', '0.000']
    Lower Shadows (%): ['0.073', '0.124', '0.005', '0.026']
Volumes: [np.float64(273266.6), np.float64(106250.6), np.float64(162691.9), np.float64(21916.5)]
2025-05-17 06:55:33,643 - INFO - 
2. Post-Cross Movement (30min):
5min Price Changes (%): []
Maximum Change: 0.000% after 0 minutes
Candle Analysis:
    Body Sizes (%): []
    Upper Shadows (%): []
    Lower Shadows (%): []
Volumes: []
==================================================
2025-05-17 07:00:10,546 - INFO - 
==================================================
EMA Cross Analysis - SUI/USDT
Time: 2025-05-17 06:55:00+09:00
Type: dead
Cross Character (Current): Weak
Cross Character (New): Weak
Price at Cross: 3.8406

1. Pre-Cross Pattern (15min):
EMA Distance Changes (%): ['0.042', '0.044', '0.012', '0.017']
EMA12 Changes (%): ['0.026', '0.011', '-0.057', '-0.052']
Price Changes (%): ['0.041', '-0.070', '-0.430', '-0.026']
Candle Analysis:
    Body Sizes (%): ['0.041', '0.070', '0.430', '0.026']
    Upper Shadows (%): ['0.122', '0.000', '0.010', '0.141']
    Lower Shadows (%): ['0.073', '0.124', '0.005', '0.102']
Volumes: [np.float64(273266.6), np.float64(106250.6), np.float64(162691.9), np.float64(187100.7)]
2025-05-17 07:00:10,547 - INFO - 
2. Post-Cross Movement (30min):
5min Price Changes (%): ['0.023']
Maximum Change: 0.023% after 5 minutes
Candle Analysis:
    Body Sizes (%): ['0.023']
    Upper Shadows (%): ['0.000']
    Lower Shadows (%): ['0.104']
Volumes: [np.float64(8503.0)]
==================================================
2025-05-17 07:01:13,404 - INFO - 
==================================================
EMA Cross Analysis - TIA/USDT
Time: 2025-05-17 06:55:00+09:00
Type: dead
Cross Character (Current): Weak
Cross Character (New): Weak
Price at Cross: 2.709

1. Pre-Cross Pattern (15min):
EMA Distance Changes (%): ['0.065', '0.070', '0.030', '0.010']
EMA12 Changes (%): ['0.035', '0.018', '-0.066', '-0.073']
Price Changes (%): ['-0.011', '-0.077', '-0.528', '-0.111']
Candle Analysis:
    Body Sizes (%): ['0.011', '0.081', '0.528', '0.114']
    Upper Shadows (%): ['0.121', '0.015', '0.055', '0.129']
    Lower Shadows (%): ['0.099', '0.099', '0.000', '0.070']
Volumes: [np.float64(65758.0), np.float64(47276.0), np.float64(232891.0), np.float64(91828.0)]
2025-05-17 07:01:13,405 - INFO - 
2. Post-Cross Movement (30min):
5min Price Changes (%): ['-0.041']
Maximum Change: -0.041% after 5 minutes
Candle Analysis:
    Body Sizes (%): ['0.041']
    Upper Shadows (%): ['0.151']
    Lower Shadows (%): ['0.004']
Volumes: [np.float64(40767.0)]
==================================================
2025-05-17 07:10:28,184 - INFO - 
==================================================
EMA Cross Analysis - POL/USDT
Time: 2025-05-17 07:05:00+09:00
Type: dead
Cross Character (Current): Weak
Cross Character (New): Weak
Price at Cross: 0.23909

1. Pre-Cross Pattern (15min):
EMA Distance Changes (%): ['0.085', '0.075', '0.039', '0.007']
EMA12 Changes (%): ['-0.024', '-0.008', '-0.058', '-0.083']
Price Changes (%): ['-0.377', '0.079', '-0.337', '-0.217']
Candle Analysis:
    Body Sizes (%): ['0.361', '0.092', '0.333', '0.209']
    Upper Shadows (%): ['0.000', '0.125', '0.042', '0.033']
    Lower Shadows (%): ['0.000', '0.083', '0.200', '0.046']
Volumes: [np.float64(58272.0), np.float64(74684.0), np.float64(233381.0), np.float64(181947.0)]
2025-05-17 07:10:28,184 - INFO - 
2. Post-Cross Movement (30min):
5min Price Changes (%): ['-0.105']
Maximum Change: -0.105% after 5 minutes
Candle Analysis:
    Body Sizes (%): ['0.096']
    Upper Shadows (%): ['0.000']
    Lower Shadows (%): ['0.000']
Volumes: [np.float64(19355.0)]
==================================================
2025-05-17 07:30:03,432 - INFO - 
==================================================
EMA Cross Analysis - FXS/USDT
Time: 2025-05-17 07:25:00+09:00
Type: dead
Cross Character (Current): Weak
Cross Character (New): Weak
Price at Cross: 2.9513

1. Pre-Cross Pattern (15min):
EMA Distance Changes (%): ['0.050', '0.023', '0.021', '0.031']
EMA12 Changes (%): ['-0.067', '-0.044', '-0.001', '-0.097']
Price Changes (%): ['-0.145', '0.084', '0.240', '-0.626']
Candle Analysis:
    Body Sizes (%): ['0.115', '0.139', '0.250', '0.600']
    Upper Shadows (%): ['0.024', '0.000', '0.192', '0.000']
    Lower Shadows (%): ['0.159', '0.189', '0.057', '0.020']
Volumes: [np.float64(4484.8), np.float64(4766.1), np.float64(4615.7), np.float64(1309.8)]
2025-05-17 07:30:03,433 - INFO - 
2. Post-Cross Movement (30min):
5min Price Changes (%): ['-0.010']
Maximum Change: -0.010% after 5 minutes
Candle Analysis:
    Body Sizes (%): ['0.003']
    Upper Shadows (%): ['0.000']
    Lower Shadows (%): ['0.000']
Volumes: [np.float64(25.6)]
==================================================
2025-05-17 07:45:09,651 - INFO - 
==================================================
EMA Cross Analysis - HIVE/USDT
Time: 2025-05-17 07:40:00+09:00
Type: dead
Cross Character (Current): Weak
Cross Character (New): Weak
Price at Cross: 0.27335

1. Pre-Cross Pattern (15min):
EMA Distance Changes (%): ['0.075', '0.044', '0.022', '0.002']
EMA12 Changes (%): ['-0.012', '-0.051', '-0.035', '-0.043']
Price Changes (%): ['-0.204', '-0.266', '0.055', '-0.091']
Candle Analysis:
    Body Sizes (%): ['0.215', '0.244', '0.051', '0.084']
    Upper Shadows (%): ['0.138', '0.040', '0.124', '0.011']
    Lower Shadows (%): ['0.066', '0.000', '0.069', '0.084']
Volumes: [np.float64(149628.0), np.float64(198819.0), np.float64(78352.0), np.float64(83732.0)]
2025-05-17 07:45:09,651 - INFO - 
2. Post-Cross Movement (30min):
5min Price Changes (%): ['0.099']
Maximum Change: 0.099% after 5 minutes
Candle Analysis:
    Body Sizes (%): ['0.091']
    Upper Shadows (%): ['0.000']
    Lower Shadows (%): ['0.000']
Volumes: [np.float64(1828.0)]
==================================================
2025-05-17 08:10:26,720 - INFO - 
==================================================
EMA Cross Analysis - FXS/USDT
Time: 2025-05-17 08:10:00+09:00
Type: golden
Cross Character (Current): Weak
Cross Character (New): Weak
Price at Cross: 2.9823

1. Pre-Cross Pattern (15min):
EMA Distance Changes (%): ['0.154', '0.105', '0.047', '0.010']
EMA12 Changes (%): ['0.013', '0.071', '0.099', '0.103']
Price Changes (%): ['0.438', '0.392', '0.249', '0.128']
Candle Analysis:
    Body Sizes (%): ['0.431', '0.344', '0.283', '0.121']
    Upper Shadows (%): ['0.051', '0.101', '0.024', '0.020']
    Lower Shadows (%): ['0.027', '0.128', '0.084', '0.030']
Volumes: [np.float64(3615.2), np.float64(6448.7), np.float64(4799.4), np.float64(631.2)]
2025-05-17 08:10:26,720 - INFO - 
2. Post-Cross Movement (30min):
5min Price Changes (%): []
Maximum Change: 0.000% after 0 minutes
Candle Analysis:
    Body Sizes (%): []
    Upper Shadows (%): []
    Lower Shadows (%): []
Volumes: []
==================================================
2025-05-17 08:10:33,641 - INFO - 
==================================================
EMA Cross Analysis - HIVE/USDT
Time: 2025-05-17 08:05:00+09:00
Type: golden
Cross Character (Current): Weak
Cross Character (New): Weak
Price at Cross: 0.27445

1. Pre-Cross Pattern (15min):
EMA Distance Changes (%): ['0.032', '0.034', '0.014', '0.003']
EMA12 Changes (%): ['-0.053', '-0.009', '0.033', '0.030']
Price Changes (%): ['-0.318', '0.238', '0.259', '0.018']
Candle Analysis:
    Body Sizes (%): ['0.361', '0.267', '0.256', '0.004']
    Upper Shadows (%): ['0.000', '0.066', '0.018', '0.029']
    Lower Shadows (%): ['0.077', '0.026', '0.121', '0.197']
Volumes: [np.float64(262323.0), np.float64(85662.0), np.float64(105821.0), np.float64(138894.0)]
2025-05-17 08:10:33,642 - INFO - 
2. Post-Cross Movement (30min):
5min Price Changes (%): ['-0.007']
Maximum Change: -0.007% after 5 minutes
Candle Analysis:
    Body Sizes (%): ['0.033']
    Upper Shadows (%): ['0.000']
    Lower Shadows (%): ['0.000']
Volumes: [np.float64(6363.0)]
==================================================
2025-05-17 08:15:03,156 - INFO - 
==================================================
EMA Cross Analysis - FXS/USDT
Time: 2025-05-17 08:10:00+09:00
Type: golden
Cross Character (Current): Weak
Cross Character (New): Weak
Price at Cross: 3.0091

1. Pre-Cross Pattern (15min):
EMA Distance Changes (%): ['0.154', '0.105', '0.047', '0.081']
EMA12 Changes (%): ['0.013', '0.071', '0.099', '0.242']
Price Changes (%): ['0.438', '0.392', '0.249', '1.027']
Candle Analysis:
    Body Sizes (%): ['0.431', '0.344', '0.283', '1.021']
    Upper Shadows (%): ['0.051', '0.101', '0.024', '0.097']
    Lower Shadows (%): ['0.027', '0.128', '0.084', '0.030']
Volumes: [np.float64(3615.2), np.float64(6448.7), np.float64(4799.4), np.float64(24341.0)]
2025-05-17 08:15:03,156 - INFO - 
2. Post-Cross Movement (30min):
5min Price Changes (%): ['-0.030']
Maximum Change: -0.030% after 5 minutes
Candle Analysis:
    Body Sizes (%): ['0.027']
    Upper Shadows (%): ['0.000']
    Lower Shadows (%): ['0.000']
Volumes: [np.float64(97.6)]
==================================================
2025-05-17 08:15:06,953 - INFO - 
==================================================
EMA Cross Analysis - EOS/USDT
Time: 2025-05-17 08:15:00+09:00
Type: golden
Cross Character (Current): Weak
Cross Character (New): Weak
Price at Cross: 0.841

1. Pre-Cross Pattern (15min):
EMA Distance Changes (%): ['0.102', '0.065', '0.026', '0.005']
EMA12 Changes (%): ['0.023', '0.056', '0.066', '0.056']
Price Changes (%): ['0.239', '0.239', '0.119', '0.000']
Candle Analysis:
    Body Sizes (%): ['0.239', '0.239', '0.119', '0.000']
    Upper Shadows (%): ['0.120', '0.000', '0.000', '0.000']
    Lower Shadows (%): ['0.000', '0.358', '0.238', '0.000']
Volumes: [np.float64(596644.4), np.float64(407950.1), np.float64(242842.4), np.float64(68.6)]
2025-05-17 08:15:06,954 - INFO - 
2. Post-Cross Movement (30min):
5min Price Changes (%): []
Maximum Change: 0.000% after 0 minutes
Candle Analysis:
    Body Sizes (%): []
    Upper Shadows (%): []
    Lower Shadows (%): []
Volumes: []
==================================================
2025-05-17 08:20:56,122 - INFO - 
==================================================
EMA Cross Analysis - HIVE/USDT
Time: 2025-05-17 08:15:00+09:00
Type: dead
Cross Character (Current): Weak
Cross Character (New): Weak
Price at Cross: 0.273

1. Pre-Cross Pattern (15min):
EMA Distance Changes (%): ['0.014', '0.003', '0.013', '0.019']
EMA12 Changes (%): ['0.033', '0.030', '0.020', '-0.059']
Price Changes (%): ['0.259', '0.018', '-0.036', '-0.492']
Candle Analysis:
    Body Sizes (%): ['0.256', '0.004', '0.004', '0.441']
    Upper Shadows (%): ['0.018', '0.029', '0.098', '0.055']
    Lower Shadows (%): ['0.121', '0.197', '0.080', '0.000']
Volumes: [np.float64(105821.0), np.float64(138894.0), np.float64(116724.0), np.float64(110203.0)]
2025-05-17 08:20:56,123 - INFO - 
2. Post-Cross Movement (30min):
5min Price Changes (%): ['-0.062']
Maximum Change: -0.062% after 5 minutes
Candle Analysis:
    Body Sizes (%): ['0.077']
    Upper Shadows (%): ['0.018']
    Lower Shadows (%): ['0.070']
Volumes: [np.float64(44253.0)]
==================================================
2025-05-17 08:30:05,316 - INFO - 
==================================================
EMA Cross Analysis - GRASS/USDT
Time: 2025-05-17 08:30:00+09:00
Type: golden
Cross Character (Current): Weak
Cross Character (New): Weak
Price at Cross: 1.9309

1. Pre-Cross Pattern (15min):
EMA Distance Changes (%): ['0.272', '0.174', '0.068', '0.011']
EMA12 Changes (%): ['0.106', '0.150', '0.180', '0.144']
Price Changes (%): ['-0.109', '0.391', '0.338', '-0.047']
Candle Analysis:
    Body Sizes (%): ['0.125', '0.386', '0.338', '0.047']
    Upper Shadows (%): ['0.260', '0.036', '0.005', '0.005']
    Lower Shadows (%): ['0.219', '0.068', '0.182', '0.005']
Volumes: [np.float64(30978.3), np.float64(28989.5), np.float64(33537.9), np.float64(687.1)]
2025-05-17 08:30:05,316 - INFO - 
2. Post-Cross Movement (30min):
5min Price Changes (%): []
Maximum Change: 0.000% after 0 minutes
Candle Analysis:
    Body Sizes (%): []
    Upper Shadows (%): []
    Lower Shadows (%): []
Volumes: []
==================================================
2025-05-17 08:35:50,903 - INFO - 
==================================================
EMA Cross Analysis - XLM/USDT
Time: 2025-05-17 08:35:00+09:00
Type: golden
Cross Character (Current): Weak
Cross Character (New): Weak
Price at Cross: 0.29428

1. Pre-Cross Pattern (15min):
EMA Distance Changes (%): ['0.063', '0.034', '0.010', '0.012']
EMA12 Changes (%): ['0.030', '0.048', '0.041', '0.042']
Price Changes (%): ['0.153', '0.150', '0.000', '0.048']
Candle Analysis:
    Body Sizes (%): ['0.157', '0.157', '0.017', '0.037']
    Upper Shadows (%): ['0.024', '0.058', '0.119', '0.020']
    Lower Shadows (%): ['0.058', '0.048', '0.126', '0.048']
Volumes: [np.float64(461408.0), np.float64(233350.0), np.float64(425995.0), np.float64(47681.0)]
2025-05-17 08:35:50,903 - INFO - 
2. Post-Cross Movement (30min):
5min Price Changes (%): []
Maximum Change: 0.000% after 0 minutes
Candle Analysis:
    Body Sizes (%): []
    Upper Shadows (%): []
    Lower Shadows (%): []
Volumes: []
==================================================
2025-05-17 08:35:51,555 - INFO - 
==================================================
EMA Cross Analysis - GRASS/USDT
Time: 2025-05-17 08:30:00+09:00
Type: golden
Cross Character (Current): Weak
Cross Character (New): Weak
Price at Cross: 1.9304

1. Pre-Cross Pattern (15min):
EMA Distance Changes (%): ['0.272', '0.174', '0.068', '0.009']
EMA12 Changes (%): ['0.106', '0.150', '0.180', '0.140']
Price Changes (%): ['-0.109', '0.391', '0.338', '-0.072']
Candle Analysis:
    Body Sizes (%): ['0.125', '0.386', '0.338', '0.072']
    Upper Shadows (%): ['0.260', '0.036', '0.005', '0.197']
    Lower Shadows (%): ['0.219', '0.068', '0.182', '0.311']
Volumes: [np.float64(30978.3), np.float64(28989.5), np.float64(33537.9), np.float64(31814.1)]
2025-05-17 08:35:51,555 - INFO - 
2. Post-Cross Movement (30min):
5min Price Changes (%): ['0.010']
Maximum Change: 0.010% after 5 minutes
Candle Analysis:
    Body Sizes (%): ['0.031']
    Upper Shadows (%): ['0.010']
    Lower Shadows (%): ['0.109']
Volumes: [np.float64(5911.4)]
==================================================
2025-05-17 08:40:23,654 - INFO - 
==================================================
EMA Cross Analysis - DOGS/USDT
Time: 2025-05-17 08:40:00+09:00
Type: golden
Cross Character (Current): Weak
Cross Character (New): Weak
Price at Cross: 0.0001824

1. Pre-Cross Pattern (15min):
EMA Distance Changes (%): ['0.114', '0.081', '0.024', '0.013']
EMA12 Changes (%): ['0.046', '0.048', '0.100', '0.067']
Price Changes (%): ['0.276', '0.055', '0.385', '-0.110']
Candle Analysis:
    Body Sizes (%): ['0.331', '0.000', '0.330', '0.055']
    Upper Shadows (%): ['0.166', '0.220', '0.000', '0.000']
    Lower Shadows (%): ['0.055', '0.275', '0.220', '0.055']
Volumes: [np.float64(222311393.0), np.float64(360596508.0), np.float64(192785414.0), np.float64(29121252.0)]
2025-05-17 08:40:23,654 - INFO - 
2. Post-Cross Movement (30min):
5min Price Changes (%): []
Maximum Change: 0.000% after 0 minutes
Candle Analysis:
    Body Sizes (%): []
    Upper Shadows (%): []
    Lower Shadows (%): []
Volumes: []
==================================================
2025-05-17 08:40:26,051 - INFO - 
==================================================
EMA Cross Analysis - ACX/USDT
Time: 2025-05-17 08:40:00+09:00
Type: golden
Cross Character (Current): Weak
Cross Character (New): Weak
Price at Cross: 0.2329

1. Pre-Cross Pattern (15min):
EMA Distance Changes (%): ['0.089', '0.051', '0.010', '0.022']
EMA12 Changes (%): ['0.056', '0.061', '0.071', '0.060']
Price Changes (%): ['0.172', '0.086', '0.129', '0.000']
Candle Analysis:
    Body Sizes (%): ['0.129', '0.086', '0.172', '0.000']
    Upper Shadows (%): ['0.043', '0.215', '0.000', '0.000']
    Lower Shadows (%): ['0.086', '0.043', '0.000', '0.000']
Volumes: [np.float64(6840.2), np.float64(13334.6), np.float64(15691.2), np.float64(0.0)]
2025-05-17 08:40:26,051 - INFO - 
2. Post-Cross Movement (30min):
5min Price Changes (%): []
Maximum Change: 0.000% after 0 minutes
Candle Analysis:
    Body Sizes (%): []
    Upper Shadows (%): []
    Lower Shadows (%): []
Volumes: []
==================================================
2025-05-17 08:40:27,796 - INFO - 
==================================================
EMA Cross Analysis - XLM/USDT
Time: 2025-05-17 08:35:00+09:00
Type: golden
Cross Character (Current): Weak
Cross Character (New): Weak
Price at Cross: 0.29461

1. Pre-Cross Pattern (15min):
EMA Distance Changes (%): ['0.063', '0.034', '0.010', '0.021']
EMA12 Changes (%): ['0.030', '0.048', '0.041', '0.059']
Price Changes (%): ['0.153', '0.150', '0.000', '0.160']
Candle Analysis:
    Body Sizes (%): ['0.157', '0.157', '0.017', '0.150']
    Upper Shadows (%): ['0.024', '0.058', '0.119', '0.000']
    Lower Shadows (%): ['0.058', '0.048', '0.126', '0.048']
Volumes: [np.float64(461408.0), np.float64(233350.0), np.float64(425995.0), np.float64(345695.0)]
2025-05-17 08:40:27,796 - INFO - 
2. Post-Cross Movement (30min):
5min Price Changes (%): ['-0.020']
Maximum Change: -0.020% after 5 minutes
Candle Analysis:
    Body Sizes (%): ['0.017']
    Upper Shadows (%): ['0.003']
    Lower Shadows (%): ['0.027']
Volumes: [np.float64(76760.0)]
==================================================
2025-05-17 08:40:29,756 - INFO - 
==================================================
EMA Cross Analysis - EOS/USDT
Time: 2025-05-17 08:35:00+09:00
Type: golden
Cross Character (Current): Weak
Cross Character (New): Weak
Price at Cross: 0.843

1. Pre-Cross Pattern (15min):
EMA Distance Changes (%): ['0.097', '0.068', '0.054', '0.005']
EMA12 Changes (%): ['-0.059', '0.042', '0.017', '0.106']
Price Changes (%): ['0.120', '0.600', '-0.119', '0.597']
Candle Analysis:
    Body Sizes (%): ['0.000', '0.600', '0.119', '0.477']
    Upper Shadows (%): ['0.120', '0.000', '0.238', '0.000']
    Lower Shadows (%): ['0.120', '0.120', '0.119', '0.238']
Volumes: [np.float64(409284.3), np.float64(230149.1), np.float64(612353.1), np.float64(658060.0)]
2025-05-17 08:40:29,757 - INFO - 
2. Post-Cross Movement (30min):
5min Price Changes (%): ['-0.119']
Maximum Change: -0.119% after 5 minutes
Candle Analysis:
    Body Sizes (%): ['0.000']
    Upper Shadows (%): ['0.000']
    Lower Shadows (%): ['0.119']
Volumes: [np.float64(51574.6)]
==================================================
2025-05-17 08:45:05,141 - INFO - 
==================================================
EMA Cross Analysis - BNB/USDT
Time: 2025-05-17 08:45:00+09:00
Type: golden
Cross Character (Current): Weak
Cross Character (New): Weak
Price at Cross: 647.01

1. Pre-Cross Pattern (15min):
EMA Distance Changes (%): ['0.040', '0.019', '0.008', '0.001']
EMA12 Changes (%): ['0.016', '0.034', '0.020', '0.016']
Price Changes (%): ['-0.017', '0.138', '-0.062', '-0.002']
Candle Analysis:
    Body Sizes (%): ['0.015', '0.136', '0.062', '0.000']
    Upper Shadows (%): ['0.046', '0.000', '0.002', '0.000']
    Lower Shadows (%): ['0.060', '0.022', '0.062', '0.000']
Volumes: [np.float64(1126.85), np.float64(877.28), np.float64(2538.46), np.float64(1.06)]
2025-05-17 08:45:05,141 - INFO - 
2. Post-Cross Movement (30min):
5min Price Changes (%): []
Maximum Change: 0.000% after 0 minutes
Candle Analysis:
    Body Sizes (%): []
    Upper Shadows (%): []
    Lower Shadows (%): []
Volumes: []
==================================================
2025-05-17 08:50:50,343 - INFO - 
==================================================
EMA Cross Analysis - XLM/USDT
Time: 2025-05-17 08:50:00+09:00
Type: dead
Cross Character (Current): Weak
Cross Character (New): Weak
Price at Cross: 0.29306

1. Pre-Cross Pattern (15min):
EMA Distance Changes (%): ['0.021', '0.022', '0.004', '0.010']
EMA12 Changes (%): ['0.059', '0.004', '-0.032', '-0.027']
Price Changes (%): ['0.160', '-0.295', '-0.231', '0.000']
Candle Analysis:
    Body Sizes (%): ['0.150', '0.292', '0.228', '0.000']
    Upper Shadows (%): ['0.000', '0.003', '0.106', '0.010']
    Lower Shadows (%): ['0.048', '0.037', '0.082', '0.027']
Volumes: [np.float64(345695.0), np.float64(415306.0), np.float64(752671.0), np.float64(28757.0)]
2025-05-17 08:50:50,343 - INFO - 
2. Post-Cross Movement (30min):
5min Price Changes (%): []
Maximum Change: 0.000% after 0 minutes
Candle Analysis:
    Body Sizes (%): []
    Upper Shadows (%): []
    Lower Shadows (%): []
Volumes: []
==================================================
2025-05-17 08:50:51,649 - INFO - 
==================================================
EMA Cross Analysis - BNB/USDT
Time: 2025-05-17 08:50:00+09:00
Type: golden
Cross Character (Current): Weak
Cross Character (New): Weak
Price at Cross: 646.56

1. Pre-Cross Pattern (15min):
EMA Distance Changes (%): ['0.019', '0.008', '0.002', '0.001']
EMA12 Changes (%): ['0.034', '0.020', '0.011', '0.004']
Price Changes (%): ['0.138', '-0.062', '-0.037', '-0.034']
Candle Analysis:
    Body Sizes (%): ['0.136', '0.062', '0.036', '0.032']
    Upper Shadows (%): ['0.000', '0.002', '0.057', '0.000']
    Lower Shadows (%): ['0.022', '0.062', '0.099', '0.002']
Volumes: [np.float64(877.28), np.float64(2538.46), np.float64(1703.92), np.float64(204.29)]
2025-05-17 08:50:51,649 - INFO - 
2. Post-Cross Movement (30min):
5min Price Changes (%): []
Maximum Change: 0.000% after 0 minutes
Candle Analysis:
    Body Sizes (%): []
    Upper Shadows (%): []
    Lower Shadows (%): []
Volumes: []
==================================================
2025-05-17 08:55:27,301 - INFO - 
==================================================
EMA Cross Analysis - XLM/USDT
Time: 2025-05-17 08:50:00+09:00
Type: dead
Cross Character (Current): Weak
Cross Character (New): Weak
Price at Cross: 0.29324

1. Pre-Cross Pattern (15min):
EMA Distance Changes (%): ['0.021', '0.022', '0.004', '0.005']
EMA12 Changes (%): ['0.059', '0.004', '-0.032', '-0.018']
Price Changes (%): ['0.160', '-0.295', '-0.231', '0.061']
Candle Analysis:
    Body Sizes (%): ['0.150', '0.292', '0.228', '0.061']
    Upper Shadows (%): ['0.000', '0.003', '0.106', '0.014']
    Lower Shadows (%): ['0.048', '0.037', '0.082', '0.164']
Volumes: [np.float64(345695.0), np.float64(415306.0), np.float64(752671.0), np.float64(548393.0)]
2025-05-17 08:55:27,302 - INFO - 
2. Post-Cross Movement (30min):
5min Price Changes (%): ['-0.072']
Maximum Change: -0.072% after 5 minutes
Candle Analysis:
    Body Sizes (%): ['0.068']
    Upper Shadows (%): ['0.000']
    Lower Shadows (%): ['0.000']
Volumes: [np.float64(65874.0)]
==================================================
2025-05-17 09:05:51,796 - INFO - 
==================================================
EMA Cross Analysis - GRASS/USDT
Time: 2025-05-17 09:05:00+09:00
Type: dead
Cross Character (Current): Weak
Cross Character (New): Weak
Price at Cross: 1.9094

1. Pre-Cross Pattern (15min):
EMA Distance Changes (%): ['0.071', '0.068', '0.033', '0.004']
EMA12 Changes (%): ['-0.018', '0.004', '-0.058', '-0.066']
Price Changes (%): ['-0.037', '0.125', '-0.396', '-0.115']
Candle Analysis:
    Body Sizes (%): ['0.052', '0.136', '0.391', '0.089']
    Upper Shadows (%): ['0.047', '0.094', '0.057', '0.000']
    Lower Shadows (%): ['0.355', '0.110', '0.068', '0.157']
Volumes: [np.float64(26486.0), np.float64(19635.0), np.float64(49775.3), np.float64(15101.9)]
2025-05-17 09:05:51,796 - INFO - 
2. Post-Cross Movement (30min):
5min Price Changes (%): []
Maximum Change: 0.000% after 0 minutes
Candle Analysis:
    Body Sizes (%): []
    Upper Shadows (%): []
    Lower Shadows (%): []
Volumes: []
==================================================
2025-05-17 09:05:53,103 - INFO - 
==================================================
EMA Cross Analysis - EOS/USDT
Time: 2025-05-17 09:05:00+09:00
Type: dead
Cross Character (Current): Weak
Cross Character (New): Weak
Price at Cross: 0.836

1. Pre-Cross Pattern (15min):
EMA Distance Changes (%): ['0.043', '0.052', '0.020', '0.005']
EMA12 Changes (%): ['0.049', '0.023', '-0.054', '-0.046']
Price Changes (%): ['0.238', '-0.119', '-0.476', '0.000']
Candle Analysis:
    Body Sizes (%): ['0.238', '0.238', '0.358', '0.000']
    Upper Shadows (%): ['0.000', '0.238', '0.715', '0.120']
    Lower Shadows (%): ['0.238', '0.119', '0.000', '0.239']
Volumes: [np.float64(675928.3), np.float64(1053820.0), np.float64(1853735.2), np.float64(380859.7)]
2025-05-17 09:05:53,103 - INFO - 
2. Post-Cross Movement (30min):
5min Price Changes (%): []
Maximum Change: 0.000% after 0 minutes
Candle Analysis:
    Body Sizes (%): []
    Upper Shadows (%): []
    Lower Shadows (%): []
Volumes: []
==================================================
2025-05-17 09:10:29,028 - INFO - 
==================================================
EMA Cross Analysis - GRASS/USDT
Time: 2025-05-17 09:10:00+09:00
Type: dead
Cross Character (Current): Weak
Cross Character (New): Weak
Price at Cross: 1.9064

1. Pre-Cross Pattern (15min):
EMA Distance Changes (%): ['0.068', '0.033', '0.019', '0.028']
EMA12 Changes (%): ['0.004', '-0.058', '-0.023', '-0.087']
Price Changes (%): ['0.125', '-0.396', '0.167', '-0.439']
Candle Analysis:
    Body Sizes (%): ['0.136', '0.391', '0.194', '0.413']
    Upper Shadows (%): ['0.094', '0.057', '0.136', '0.010']
    Lower Shadows (%): ['0.110', '0.068', '0.246', '0.000']
Volumes: [np.float64(19635.0), np.float64(49775.3), np.float64(49788.8), np.float64(4034.1)]
2025-05-17 09:10:29,028 - INFO - 
2. Post-Cross Movement (30min):
5min Price Changes (%): []
Maximum Change: 0.000% after 0 minutes
Candle Analysis:
    Body Sizes (%): []
    Upper Shadows (%): []
    Lower Shadows (%): []
Volumes: []
==================================================
2025-05-17 09:15:05,706 - INFO - 
==================================================
EMA Cross Analysis - GRASS/USDT
Time: 2025-05-17 09:10:00+09:00
Type: dead
Cross Character (Current): Weak
Cross Character (New): Weak
Price at Cross: 1.9078

1. Pre-Cross Pattern (15min):
EMA Distance Changes (%): ['0.068', '0.033', '0.019', '0.022']
EMA12 Changes (%): ['0.004', '-0.058', '-0.023', '-0.076']
Price Changes (%): ['0.125', '-0.396', '0.167', '-0.366']
Candle Analysis:
    Body Sizes (%): ['0.136', '0.391', '0.194', '0.340']
    Upper Shadows (%): ['0.094', '0.057', '0.136', '0.010']
    Lower Shadows (%): ['0.110', '0.068', '0.246', '0.334']
Volumes: [np.float64(19635.0), np.float64(49775.3), np.float64(49788.8), np.float64(39692.7)]
2025-05-17 09:15:05,706 - INFO - 
2. Post-Cross Movement (30min):
5min Price Changes (%): ['-0.063']
Maximum Change: -0.063% after 5 minutes
Candle Analysis:
    Body Sizes (%): ['0.052']
    Upper Shadows (%): ['0.000']
    Lower Shadows (%): ['0.031']
Volumes: [np.float64(241.1)]
==================================================
2025-05-17 09:15:07,034 - INFO - 
==================================================
EMA Cross Analysis - EOS/USDT
Time: 2025-05-17 09:15:00+09:00
Type: dead
Cross Character (Current): Weak
Cross Character (New): Weak
Price at Cross: 0.835

1. Pre-Cross Pattern (15min):
EMA Distance Changes (%): ['0.020', '0.033', '0.004', '0.028']
EMA12 Changes (%): ['-0.054', '0.028', '-0.050', '-0.061']
Price Changes (%): ['-0.476', '0.478', '-0.476', '-0.120']
Candle Analysis:
    Body Sizes (%): ['0.358', '0.478', '0.476', '0.000']
    Upper Shadows (%): ['0.715', '0.000', '0.000', '0.120']
    Lower Shadows (%): ['0.000', '0.239', '0.238', '0.120']
Volumes: [np.float64(1853735.2), np.float64(1273588.5), np.float64(677072.3), np.float64(32592.0)]
2025-05-17 09:15:07,034 - INFO - 
2. Post-Cross Movement (30min):
5min Price Changes (%): []
Maximum Change: 0.000% after 0 minutes
Candle Analysis:
    Body Sizes (%): []
    Upper Shadows (%): []
    Lower Shadows (%): []
Volumes: []
==================================================
2025-05-17 09:20:49,725 - INFO - 
==================================================
EMA Cross Analysis - FXS/USDT
Time: 2025-05-17 09:15:00+09:00
Type: dead
Cross Character (Current): Weak
Cross Character (New): Weak
Price at Cross: 2.9486

1. Pre-Cross Pattern (15min):
EMA Distance Changes (%): ['0.221', '0.131', '0.058', '0.041']
EMA12 Changes (%): ['-0.149', '-0.142', '-0.122', '-0.181']
Price Changes (%): ['-0.463', '-0.101', '-0.010', '-0.509']
Candle Analysis:
    Body Sizes (%): ['0.500', '0.061', '0.007', '0.536']
    Upper Shadows (%): ['0.023', '0.388', '0.125', '0.219']
    Lower Shadows (%): ['0.040', '0.040', '0.476', '0.007']
Volumes: [np.float64(9490.4), np.float64(9407.3), np.float64(9674.2), np.float64(9605.5)]
2025-05-17 09:20:49,726 - INFO - 
2. Post-Cross Movement (30min):
5min Price Changes (%): ['0.102']
Maximum Change: 0.102% after 5 minutes
Candle Analysis:
    Body Sizes (%): ['0.085']
    Upper Shadows (%): ['0.044']
    Lower Shadows (%): ['0.248']
Volumes: [np.float64(2158.5)]
==================================================
2025-05-17 09:20:53,937 - INFO - 
==================================================
EMA Cross Analysis - EOS/USDT
Time: 2025-05-17 09:15:00+09:00
Type: dead
Cross Character (Current): Weak
Cross Character (New): Weak
Price at Cross: 0.828

1. Pre-Cross Pattern (15min):
EMA Distance Changes (%): ['0.020', '0.033', '0.004', '0.095']
EMA12 Changes (%): ['-0.054', '0.028', '-0.050', '-0.189']
Price Changes (%): ['-0.476', '0.478', '-0.476', '-0.957']
Candle Analysis:
    Body Sizes (%): ['0.358', '0.478', '0.476', '0.838']
    Upper Shadows (%): ['0.715', '0.000', '0.000', '0.120']
    Lower Shadows (%): ['0.000', '0.239', '0.238', '0.240']
Volumes: [np.float64(1853735.2), np.float64(1273588.5), np.float64(677072.3), np.float64(2052568.3)]
2025-05-17 09:20:53,937 - INFO - 
2. Post-Cross Movement (30min):
5min Price Changes (%): ['0.121']
Maximum Change: 0.121% after 5 minutes
Candle Analysis:
    Body Sizes (%): ['0.242']
    Upper Shadows (%): ['0.000']
    Lower Shadows (%): ['0.000']
Volumes: [np.float64(226649.3)]
==================================================
2025-05-17 09:51:00,262 - INFO - 
==================================================
EMA Cross Analysis - HIVE/USDT
Time: 2025-05-17 09:50:00+09:00
Type: golden
Cross Character (Current): Weak
Cross Character (New): Weak
Price at Cross: 0.2749

1. Pre-Cross Pattern (15min):
EMA Distance Changes (%): ['0.227', '0.151', '0.058', '0.011']
EMA12 Changes (%): ['0.012', '0.111', '0.158', '0.126']
Price Changes (%): ['-0.494', '0.654', '0.416', '-0.051']
Candle Analysis:
    Body Sizes (%): ['0.483', '0.676', '0.383', '0.018']
    Upper Shadows (%): ['0.205', '0.118', '0.288', '0.018']
    Lower Shadows (%): ['0.603', '0.059', '0.237', '0.167']
Volumes: [np.float64(1653342.0), np.float64(1003871.0), np.float64(1585538.0), np.float64(184272.0)]
2025-05-17 09:51:00,262 - INFO - 
2. Post-Cross Movement (30min):
5min Price Changes (%): []
Maximum Change: 0.000% after 0 minutes
Candle Analysis:
    Body Sizes (%): []
    Upper Shadows (%): []
    Lower Shadows (%): []
Volumes: []
==================================================
2025-05-17 09:55:37,972 - INFO - 
==================================================
EMA Cross Analysis - HIVE/USDT
Time: 2025-05-17 09:50:00+09:00
Type: golden
Cross Character (Current): Weak
Cross Character (New): Weak
Price at Cross: 0.27523

1. Pre-Cross Pattern (15min):
EMA Distance Changes (%): ['0.227', '0.151', '0.058', '0.020']
EMA12 Changes (%): ['0.012', '0.111', '0.158', '0.145']
Price Changes (%): ['-0.494', '0.654', '0.416', '0.069']
Candle Analysis:
    Body Sizes (%): ['0.483', '0.676', '0.383', '0.102']
    Upper Shadows (%): ['0.205', '0.118', '0.288', '0.244']
    Lower Shadows (%): ['0.603', '0.059', '0.237', '0.185']
Volumes: [np.float64(1653342.0), np.float64(1003871.0), np.float64(1585538.0), np.float64(722583.0)]
2025-05-17 09:55:37,972 - INFO - 
2. Post-Cross Movement (30min):
5min Price Changes (%): ['0.054']
Maximum Change: 0.054% after 5 minutes
Candle Analysis:
    Body Sizes (%): ['0.051']
    Upper Shadows (%): ['0.116']
    Lower Shadows (%): ['0.015']
Volumes: [np.float64(82973.0)]
==================================================
2025-05-17 10:21:03,345 - INFO - 
==================================================
EMA Cross Analysis - HIVE/USDT
Time: 2025-05-17 10:20:00+09:00
Type: dead
Cross Character (Current): Weak
Cross Character (New): Weak
Price at Cross: 0.2687

1. Pre-Cross Pattern (15min):
EMA Distance Changes (%): ['0.217', '0.175', '0.045', '0.099']
EMA12 Changes (%): ['0.144', '-0.053', '-0.225', '-0.268']
Price Changes (%): ['0.407', '-1.129', '-1.175', '-0.504']
Candle Analysis:
    Body Sizes (%): ['0.396', '1.129', '1.142', '0.515']
    Upper Shadows (%): ['0.163', '0.105', '0.132', '0.052']
    Lower Shadows (%): ['0.073', '0.206', '0.018', '0.207']
Volumes: [np.float64(601144.0), np.float64(1561592.0), np.float64(1068836.0), np.float64(414056.0)]
2025-05-17 10:21:03,345 - INFO - 
2. Post-Cross Movement (30min):
5min Price Changes (%): []
Maximum Change: 0.000% after 0 minutes
Candle Analysis:
    Body Sizes (%): []
    Upper Shadows (%): []
    Lower Shadows (%): []
Volumes: []
==================================================
2025-05-17 10:25:41,005 - INFO - 
==================================================
EMA Cross Analysis - HIVE/USDT
Time: 2025-05-17 10:20:00+09:00
Type: dead
Cross Character (Current): Weak
Cross Character (New): Weak
Price at Cross: 0.2685

1. Pre-Cross Pattern (15min):
EMA Distance Changes (%): ['0.217', '0.175', '0.045', '0.105']
EMA12 Changes (%): ['0.144', '-0.053', '-0.225', '-0.279']
Price Changes (%): ['0.407', '-1.129', '-1.175', '-0.578']
Candle Analysis:
    Body Sizes (%): ['0.396', '1.129', '1.142', '0.589']
    Upper Shadows (%): ['0.163', '0.105', '0.132', '0.052']
    Lower Shadows (%): ['0.073', '0.206', '0.018', '0.333']
Volumes: [np.float64(601144.0), np.float64(1561592.0), np.float64(1068836.0), np.float64(1235452.0)]
2025-05-17 10:25:41,005 - INFO - 
2. Post-Cross Movement (30min):
5min Price Changes (%): ['-0.104']
Maximum Change: -0.104% after 5 minutes
Candle Analysis:
    Body Sizes (%): ['0.149']
    Upper Shadows (%): ['0.074']
    Lower Shadows (%): ['0.007']
Volumes: [np.float64(70047.0)]
==================================================
2025-05-17 10:30:11,649 - INFO - 
==================================================
EMA Cross Analysis - FXS/USDT
Time: 2025-05-17 10:30:00+09:00
Type: golden
Cross Character (Current): Weak
Cross Character (New): Weak
Price at Cross: 2.9808

1. Pre-Cross Pattern (15min):
EMA Distance Changes (%): ['0.221', '0.115', '0.053', '0.003']
EMA12 Changes (%): ['0.106', '0.173', '0.104', '0.102']
Price Changes (%): ['0.733', '0.539', '-0.271', '0.094']
Candle Analysis:
    Body Sizes (%): ['0.729', '0.542', '0.285', '0.118']
    Upper Shadows (%): ['0.339', '0.114', '0.050', '0.027']
    Lower Shadows (%): ['0.000', '0.101', '0.549', '0.003']
Volumes: [np.float64(49460.4), np.float64(32709.0), np.float64(59525.6), np.float64(547.7)]
2025-05-17 10:30:11,649 - INFO - 
2. Post-Cross Movement (30min):
5min Price Changes (%): []
Maximum Change: 0.000% after 0 minutes
Candle Analysis:
    Body Sizes (%): []
    Upper Shadows (%): []
    Lower Shadows (%): []
Volumes: []
==================================================
2025-05-17 10:40:35,710 - INFO - 
==================================================
EMA Cross Analysis - FXS/USDT
Time: 2025-05-17 10:40:00+09:00
Type: golden
Cross Character (Current): Weak
Cross Character (New): Weak
Price at Cross: 2.9765

1. Pre-Cross Pattern (15min):
EMA Distance Changes (%): ['0.053', '0.044', '0.017', '0.021']
EMA12 Changes (%): ['0.104', '0.011', '0.045', '0.071']
Price Changes (%): ['-0.271', '-0.497', '0.236', '0.212']
Candle Analysis:
    Body Sizes (%): ['0.285', '0.474', '0.229', '0.209']
    Upper Shadows (%): ['0.050', '0.225', '0.169', '0.000']
    Lower Shadows (%): ['0.549', '0.010', '0.304', '0.034']
Volumes: [np.float64(59525.6), np.float64(14765.2), np.float64(11800.1), np.float64(1357.9)]
2025-05-17 10:40:35,710 - INFO - 
2. Post-Cross Movement (30min):
5min Price Changes (%): []
Maximum Change: 0.000% after 0 minutes
Candle Analysis:
    Body Sizes (%): []
    Upper Shadows (%): []
    Lower Shadows (%): []
Volumes: []
==================================================
2025-05-17 10:45:13,499 - INFO - 
==================================================
EMA Cross Analysis - FXS/USDT
Time: 2025-05-17 10:40:00+09:00
Type: golden
Cross Character (Current): Weak
Cross Character (New): Weak
Price at Cross: 2.9786

1. Pre-Cross Pattern (15min):
EMA Distance Changes (%): ['0.053', '0.044', '0.017', '0.026']
EMA12 Changes (%): ['0.104', '0.011', '0.045', '0.082']
Price Changes (%): ['-0.271', '-0.497', '0.236', '0.283']
Candle Analysis:
    Body Sizes (%): ['0.285', '0.474', '0.229', '0.279']
    Upper Shadows (%): ['0.050', '0.225', '0.169', '0.141']
    Lower Shadows (%): ['0.549', '0.010', '0.304', '0.037']
Volumes: [np.float64(59525.6), np.float64(14765.2), np.float64(11800.1), np.float64(13787.9)]
2025-05-17 10:45:13,499 - INFO - 
2. Post-Cross Movement (30min):
5min Price Changes (%): ['-0.222']
Maximum Change: -0.222% after 5 minutes
Candle Analysis:
    Body Sizes (%): ['0.238']
    Upper Shadows (%): ['0.000']
    Lower Shadows (%): ['0.047']
Volumes: [np.float64(1158.5)]
==================================================
2025-05-17 10:45:20,645 - INFO - 
==================================================
EMA Cross Analysis - HIVE/USDT
Time: 2025-05-17 10:40:00+09:00
Type: golden
Cross Character (Current): Weak
Cross Character (New): Weak
Price at Cross: 0.2757

1. Pre-Cross Pattern (15min):
EMA Distance Changes (%): ['0.105', '0.061', '0.026', '0.054']
EMA12 Changes (%): ['-0.018', '0.070', '0.059', '0.152']
Price Changes (%): ['1.445', '0.551', '0.004', '0.661']
Candle Analysis:
    Body Sizes (%): ['1.400', '0.543', '0.051', '0.668']
    Upper Shadows (%): ['0.011', '0.624', '0.321', '0.051']
    Lower Shadows (%): ['0.354', '0.000', '0.588', '0.237']
Volumes: [np.float64(1087511.0), np.float64(2677901.0), np.float64(1340693.0), np.float64(460913.0)]
2025-05-17 10:45:20,646 - INFO - 
2. Post-Cross Movement (30min):
5min Price Changes (%): ['-0.098']
Maximum Change: -0.098% after 5 minutes
Candle Analysis:
    Body Sizes (%): ['0.073']
    Upper Shadows (%): ['0.018']
    Lower Shadows (%): ['0.076']
Volumes: [np.float64(24940.0)]
==================================================
2025-05-17 12:30:23,629 - INFO - 
==================================================
EMA Cross Analysis - XRP/USDT
Time: 2025-05-17 12:25:00+09:00
Type: golden
Cross Character (Current): Weak
Cross Character (New): Weak
Price at Cross: 2.3535

1. Pre-Cross Pattern (15min):
EMA Distance Changes (%): ['0.031', '0.037', '0.035', '0.009']
EMA12 Changes (%): ['0.010', '-0.015', '-0.001', '0.078']
Price Changes (%): ['-0.017', '-0.149', '0.073', '0.517']
Candle Analysis:
    Body Sizes (%): ['0.021', '0.154', '0.073', '0.521']
    Upper Shadows (%): ['0.000', '0.030', '0.017', '0.030']
    Lower Shadows (%): ['0.094', '0.081', '0.150', '0.000']
Volumes: [np.float64(951507.9), np.float64(1567604.0), np.float64(1484525.8), np.float64(1485014.1)]
2025-05-17 12:30:23,629 - INFO - 
2. Post-Cross Movement (30min):
5min Price Changes (%): ['-0.051']
Maximum Change: -0.051% after 5 minutes
Candle Analysis:
    Body Sizes (%): ['0.055']
    Upper Shadows (%): ['0.000']
    Lower Shadows (%): ['0.034']
Volumes: [np.float64(346935.0)]
==================================================
2025-05-17 12:35:09,322 - INFO - 
==================================================
EMA Cross Analysis - RENDER/USDT
Time: 2025-05-17 12:35:00+09:00
Type: golden
Cross Character (Current): Weak
Cross Character (New): Weak
Price at Cross: 4.52

1. Pre-Cross Pattern (15min):
EMA Distance Changes (%): ['0.130', '0.080', '0.029', '0.012']
EMA12 Changes (%): ['-0.031', '0.076', '0.088', '0.075']
Price Changes (%): ['0.112', '0.669', '0.155', '0.000']
Candle Analysis:
    Body Sizes (%): ['0.112', '0.669', '0.155', '0.022']
    Upper Shadows (%): ['0.067', '0.045', '0.155', '0.000']
    Lower Shadows (%): ['0.201', '0.000', '0.089', '0.000']
Volumes: [np.float64(25404.7), np.float64(60415.6), np.float64(38565.3), np.float64(28.9)]
2025-05-17 12:35:09,327 - INFO - 
2. Post-Cross Movement (30min):
5min Price Changes (%): []
Maximum Change: 0.000% after 0 minutes
Candle Analysis:
    Body Sizes (%): []
    Upper Shadows (%): []
    Lower Shadows (%): []
Volumes: []
==================================================
2025-05-17 12:40:56,066 - INFO - 
==================================================
EMA Cross Analysis - RENDER/USDT
Time: 2025-05-17 12:35:00+09:00
Type: golden
Cross Character (Current): Weak
Cross Character (New): Weak
Price at Cross: 4.543

1. Pre-Cross Pattern (15min):
EMA Distance Changes (%): ['0.130', '0.080', '0.029', '0.052']
EMA12 Changes (%): ['-0.031', '0.076', '0.088', '0.153']
Price Changes (%): ['0.112', '0.669', '0.155', '0.509']
Candle Analysis:
    Body Sizes (%): ['0.112', '0.669', '0.155', '0.531']
    Upper Shadows (%): ['0.067', '0.045', '0.155', '0.133']
    Lower Shadows (%): ['0.201', '0.000', '0.089', '0.022']
Volumes: [np.float64(25404.7), np.float64(60415.6), np.float64(38565.3), np.float64(52481.9)]
2025-05-17 12:40:56,067 - INFO - 
2. Post-Cross Movement (30min):
5min Price Changes (%): ['0.000']
Maximum Change: 0.000% after 0 minutes
Candle Analysis:
    Body Sizes (%): ['0.000']
    Upper Shadows (%): ['0.022']
    Lower Shadows (%): ['0.044']
Volumes: [np.float64(8048.4)]
==================================================
2025-05-17 12:40:57,168 - INFO - 
==================================================
EMA Cross Analysis - SUI/USDT
Time: 2025-05-17 12:40:00+09:00
Type: golden
Cross Character (Current): Weak
Cross Character (New): Weak
Price at Cross: 3.7452

1. Pre-Cross Pattern (15min):
EMA Distance Changes (%): ['0.163', '0.101', '0.033', '0.013']
EMA12 Changes (%): ['0.032', '0.095', '0.117', '0.084']
Price Changes (%): ['0.616', '0.440', '0.235', '-0.096']
Candle Analysis:
    Body Sizes (%): ['0.616', '0.438', '0.227', '0.101']
    Upper Shadows (%): ['0.011', '0.030', '0.008', '0.000']
    Lower Shadows (%): ['0.000', '0.099', '0.016', '0.088']
Volumes: [np.float64(558214.6), np.float64(1481035.5), np.float64(916947.1), np.float64(70966.0)]
2025-05-17 12:40:57,168 - INFO - 
2. Post-Cross Movement (30min):
5min Price Changes (%): []
Maximum Change: 0.000% after 0 minutes
Candle Analysis:
    Body Sizes (%): []
    Upper Shadows (%): []
    Lower Shadows (%): []
Volumes: []
==================================================
2025-05-17 12:40:58,576 - INFO - 
==================================================
EMA Cross Analysis - ZEN/USDT
Time: 2025-05-17 12:35:00+09:00
Type: golden
Cross Character (Current): Weak
Cross Character (New): Weak
Price at Cross: 9.071

1. Pre-Cross Pattern (15min):
EMA Distance Changes (%): ['0.119', '0.084', '0.048', '0.007']
EMA12 Changes (%): ['-0.051', '0.050', '0.056', '0.101']
Price Changes (%): ['0.145', '0.613', '0.089', '0.343']
Candle Analysis:
    Body Sizes (%): ['0.112', '0.635', '0.066', '0.343']
    Upper Shadows (%): ['0.112', '0.000', '0.155', '0.066']
    Lower Shadows (%): ['0.156', '0.000', '0.155', '0.088']
Volumes: [np.float64(2053.8), np.float64(1373.3), np.float64(1356.8), np.float64(1350.4)]
2025-05-17 12:40:58,577 - INFO - 
2. Post-Cross Movement (30min):
5min Price Changes (%): ['0.033']
Maximum Change: 0.033% after 5 minutes
Candle Analysis:
    Body Sizes (%): ['0.033']
    Upper Shadows (%): ['0.066']
    Lower Shadows (%): ['0.066']
Volumes: [np.float64(2094.3)]
==================================================
2025-05-17 12:40:59,045 - INFO - 
==================================================
EMA Cross Analysis - USUAL/USDT
Time: 2025-05-17 12:35:00+09:00
Type: golden
Cross Character (Current): Weak
Cross Character (New): Weak
Price at Cross: 0.1262

1. Pre-Cross Pattern (15min):
EMA Distance Changes (%): ['0.172', '0.118', '0.056', '0.031']
EMA12 Changes (%): ['-0.039', '0.078', '0.103', '0.161']
Price Changes (%): ['0.161', '0.723', '0.239', '0.478']
Candle Analysis:
    Body Sizes (%): ['0.080', '0.723', '0.319', '0.478']
    Upper Shadows (%): ['0.161', '0.000', '0.160', '0.000']
    Lower Shadows (%): ['0.322', '0.161', '0.160', '0.000']
Volumes: [np.float64(431431.0), np.float64(382337.0), np.float64(295503.0), np.float64(688202.0)]
2025-05-17 12:40:59,045 - INFO - 
2. Post-Cross Movement (30min):
5min Price Changes (%): ['-0.079']
Maximum Change: -0.079% after 5 minutes
Candle Analysis:
    Body Sizes (%): ['0.000']
    Upper Shadows (%): ['0.079']
    Lower Shadows (%): ['0.079']
Volumes: [np.float64(108181.0)]
==================================================
2025-05-17 12:45:29,255 - INFO - 
==================================================
EMA Cross Analysis - POL/USDT
Time: 2025-05-17 12:45:00+09:00
Type: golden
Cross Character (Current): Weak
Cross Character (New): Weak
Price at Cross: 0.23296

1. Pre-Cross Pattern (15min):
EMA Distance Changes (%): ['0.134', '0.069', '0.009', '0.042']
EMA12 Changes (%): ['0.086', '0.107', '0.106', '0.097']
Price Changes (%): ['0.177', '0.220', '0.099', '0.047']
Candle Analysis:
    Body Sizes (%): ['0.181', '0.228', '0.103', '0.064']
    Upper Shadows (%): ['0.056', '0.034', '0.095', '0.017']
    Lower Shadows (%): ['0.155', '0.060', '0.095', '0.004']
Volumes: [np.float64(394320.0), np.float64(175267.0), np.float64(166420.0), np.float64(10390.0)]
2025-05-17 12:45:29,255 - INFO - 
2. Post-Cross Movement (30min):
5min Price Changes (%): []
Maximum Change: 0.000% after 0 minutes
Candle Analysis:
    Body Sizes (%): []
    Upper Shadows (%): []
    Lower Shadows (%): []
Volumes: []
==================================================
2025-05-17 12:45:29,726 - INFO - 
==================================================
EMA Cross Analysis - ATOM/USDT
Time: 2025-05-17 12:45:00+09:00
Type: golden
Cross Character (Current): Weak
Cross Character (New): Weak
Price at Cross: 4.73

1. Pre-Cross Pattern (15min):
EMA Distance Changes (%): ['0.110', '0.075', '0.032', '0.005']
EMA12 Changes (%): ['0.041', '0.051', '0.072', '0.068']
Price Changes (%): ['0.085', '0.106', '0.191', '0.042']
Candle Analysis:
    Body Sizes (%): ['0.085', '0.106', '0.191', '0.063']
    Upper Shadows (%): ['0.042', '0.085', '0.085', '0.000']
    Lower Shadows (%): ['0.085', '0.085', '0.064', '0.042']
Volumes: [np.float64(28040.97), np.float64(18449.4), np.float64(36005.44), np.float64(4132.76)]
2025-05-17 12:45:29,726 - INFO - 
2. Post-Cross Movement (30min):
5min Price Changes (%): []
Maximum Change: 0.000% after 0 minutes
Candle Analysis:
    Body Sizes (%): []
    Upper Shadows (%): []
    Lower Shadows (%): []
Volumes: []
==================================================
2025-05-17 12:45:30,180 - INFO - 
==================================================
EMA Cross Analysis - ORDI/USDT
Time: 2025-05-17 12:45:00+09:00
Type: golden
Cross Character (Current): Weak
Cross Character (New): Weak
Price at Cross: 9.406

1. Pre-Cross Pattern (15min):
EMA Distance Changes (%): ['0.185', '0.103', '0.027', '0.048']
EMA12 Changes (%): ['0.078', '0.132', '0.132', '0.143']
Price Changes (%): ['0.344', '0.428', '0.128', '0.202']
Candle Analysis:
    Body Sizes (%): ['0.344', '0.407', '0.117', '0.202']
    Upper Shadows (%): ['0.150', '0.032', '0.373', '0.011']
    Lower Shadows (%): ['0.172', '0.150', '0.192', '0.043']
Volumes: [np.float64(33812.4), np.float64(25717.6), np.float64(43706.7), np.float64(2145.4)]
2025-05-17 12:45:30,180 - INFO - 
2. Post-Cross Movement (30min):
5min Price Changes (%): []
Maximum Change: 0.000% after 0 minutes
Candle Analysis:
    Body Sizes (%): []
    Upper Shadows (%): []
    Lower Shadows (%): []
Volumes: []
==================================================
2025-05-17 12:45:30,656 - INFO - 
==================================================
EMA Cross Analysis - XLM/USDT
Time: 2025-05-17 12:40:00+09:00
Type: golden
Cross Character (Current): Weak
Cross Character (New): Weak
Price at Cross: 0.28967

1. Pre-Cross Pattern (15min):
EMA Distance Changes (%): ['0.096', '0.061', '0.034', '0.012']
EMA12 Changes (%): ['0.030', '0.053', '0.044', '0.084']
Price Changes (%): ['0.442', '0.177', '-0.007', '0.305']
Candle Analysis:
    Body Sizes (%): ['0.442', '0.180', '0.007', '0.308']
    Upper Shadows (%): ['0.000', '0.042', '0.073', '0.087']
    Lower Shadows (%): ['0.063', '0.101', '0.059', '0.024']
Volumes: [np.float64(445659.0), np.float64(501896.0), np.float64(653252.0), np.float64(2781362.0)]
2025-05-17 12:45:30,656 - INFO - 
2. Post-Cross Movement (30min):
5min Price Changes (%): ['0.097']
Maximum Change: 0.097% after 5 minutes
Candle Analysis:
    Body Sizes (%): ['0.097']
    Upper Shadows (%): ['0.000']
    Lower Shadows (%): ['0.024']
Volumes: [np.float64(112665.0)]
==================================================
2025-05-17 12:45:31,130 - INFO - 
==================================================
EMA Cross Analysis - TNSR/USDT
Time: 2025-05-17 12:45:00+09:00
Type: golden
Cross Character (Current): Weak
Cross Character (New): Weak
Price at Cross: 0.1552

1. Pre-Cross Pattern (15min):
EMA Distance Changes (%): ['0.196', '0.128', '0.047', '0.026']
EMA12 Changes (%): ['0.063', '0.103', '0.137', '0.136']
Price Changes (%): ['0.195', '0.325', '0.324', '0.129']
Candle Analysis:
    Body Sizes (%): ['0.260', '0.325', '0.259', '0.194']
    Upper Shadows (%): ['0.130', '0.065', '0.194', '0.000']
    Lower Shadows (%): ['0.065', '0.065', '0.194', '0.000']
Volumes: [np.float64(83873.0), np.float64(32020.1), np.float64(68827.2), np.float64(8306.3)]
2025-05-17 12:45:31,130 - INFO - 
2. Post-Cross Movement (30min):
5min Price Changes (%): []
Maximum Change: 0.000% after 0 minutes
Candle Analysis:
    Body Sizes (%): []
    Upper Shadows (%): []
    Lower Shadows (%): []
Volumes: []
==================================================
2025-05-17 12:45:31,361 - INFO - 
==================================================
EMA Cross Analysis - GRASS/USDT
Time: 2025-05-17 12:45:00+09:00
Type: golden
Cross Character (Current): Weak
Cross Character (New): Weak
Price at Cross: 1.8783

1. Pre-Cross Pattern (15min):
EMA Distance Changes (%): ['0.256', '0.140', '0.047', '0.058']
EMA12 Changes (%): ['0.079', '0.186', '0.160', '0.200']
Price Changes (%): ['0.346', '0.771', '0.016', '0.417']
Candle Analysis:
    Body Sizes (%): ['0.362', '0.776', '0.032', '0.406']
    Upper Shadows (%): ['0.103', '0.167', '0.123', '0.000']
    Lower Shadows (%): ['0.130', '0.092', '0.209', '0.032']
Volumes: [np.float64(51816.8), np.float64(76576.8), np.float64(61042.2), np.float64(18328.3)]
2025-05-17 12:45:31,361 - INFO - 
2. Post-Cross Movement (30min):
5min Price Changes (%): []
Maximum Change: 0.000% after 0 minutes
Candle Analysis:
    Body Sizes (%): []
    Upper Shadows (%): []
    Lower Shadows (%): []
Volumes: []
==================================================
2025-05-17 12:45:33,197 - INFO - 
==================================================
EMA Cross Analysis - ADA/USDT
Time: 2025-05-17 12:40:00+09:00
Type: golden
Cross Character (Current): Weak
Cross Character (New): Weak
Price at Cross: 0.7497

1. Pre-Cross Pattern (15min):
EMA Distance Changes (%): ['0.144', '0.102', '0.055', '0.002']
EMA12 Changes (%): ['0.039', '0.060', '0.076', '0.103']
Price Changes (%): ['0.648', '0.174', '0.161', '0.254']
Candle Analysis:
    Body Sizes (%): ['0.662', '0.188', '0.161', '0.241']
    Upper Shadows (%): ['0.000', '0.054', '0.080', '0.120']
    Lower Shadows (%): ['0.000', '0.121', '0.054', '0.040']
Volumes: [np.float64(1051069.0), np.float64(1359264.0), np.float64(1439525.0), np.float64(1732940.0)]
2025-05-17 12:45:33,197 - INFO - 
2. Post-Cross Movement (30min):
5min Price Changes (%): ['0.120']
Maximum Change: 0.120% after 5 minutes
Candle Analysis:
    Body Sizes (%): ['0.120']
    Upper Shadows (%): ['0.000']
    Lower Shadows (%): ['0.027']
Volumes: [np.float64(268442.0)]
==================================================
2025-05-17 12:45:33,433 - INFO - 
==================================================
EMA Cross Analysis - WLD/USDT
Time: 2025-05-17 12:45:00+09:00
Type: golden
Cross Character (Current): Weak
Cross Character (New): Weak
Price at Cross: 1.0863

1. Pre-Cross Pattern (15min):
EMA Distance Changes (%): ['0.222', '0.136', '0.061', '0.005']
EMA12 Changes (%): ['0.091', '0.135', '0.125', '0.120']
Price Changes (%): ['0.176', '0.370', '0.074', '0.092']
Candle Analysis:
    Body Sizes (%): ['0.167', '0.379', '0.074', '0.083']
    Upper Shadows (%): ['0.121', '0.056', '0.175', '0.037']
    Lower Shadows (%): ['0.074', '0.037', '0.184', '0.009']
Volumes: [np.float64(225945.0), np.float64(240072.0), np.float64(288749.0), np.float64(13812.0)]
2025-05-17 12:45:33,433 - INFO - 
2. Post-Cross Movement (30min):
5min Price Changes (%): []
Maximum Change: 0.000% after 0 minutes
Candle Analysis:
    Body Sizes (%): []
    Upper Shadows (%): []
    Lower Shadows (%): []
Volumes: []
==================================================
2025-05-17 12:45:34,763 - INFO - 
==================================================
EMA Cross Analysis - SUI/USDT
Time: 2025-05-17 12:40:00+09:00
Type: golden
Cross Character (Current): Weak
Cross Character (New): Weak
Price at Cross: 3.7608

1. Pre-Cross Pattern (15min):
EMA Distance Changes (%): ['0.163', '0.101', '0.033', '0.046']
EMA12 Changes (%): ['0.032', '0.095', '0.117', '0.148']
Price Changes (%): ['0.616', '0.440', '0.235', '0.320']
Candle Analysis:
    Body Sizes (%): ['0.616', '0.438', '0.227', '0.315']
    Upper Shadows (%): ['0.011', '0.030', '0.008', '0.109']
    Lower Shadows (%): ['0.000', '0.099', '0.016', '0.189']
Volumes: [np.float64(558214.6), np.float64(1481035.5), np.float64(916947.1), np.float64(1033009.9)]
2025-05-17 12:45:34,763 - INFO - 
2. Post-Cross Movement (30min):
5min Price Changes (%): ['0.170']
Maximum Change: 0.170% after 5 minutes
Candle Analysis:
    Body Sizes (%): ['0.162']
    Upper Shadows (%): ['0.008']
    Lower Shadows (%): ['0.008']
Volumes: [np.float64(147019.1)]
==================================================
2025-05-17 12:45:34,997 - INFO - 
==================================================
EMA Cross Analysis - AVAX/USDT
Time: 2025-05-17 12:40:00+09:00
Type: golden
Cross Character (Current): Weak
Cross Character (New): Weak
Price at Cross: 22.692

1. Pre-Cross Pattern (15min):
EMA Distance Changes (%): ['0.123', '0.090', '0.046', '0.004']
EMA12 Changes (%): ['0.050', '0.046', '0.071', '0.090']
Price Changes (%): ['0.619', '0.022', '0.212', '0.194']
Candle Analysis:
    Body Sizes (%): ['0.628', '0.022', '0.221', '0.199']
    Upper Shadows (%): ['0.000', '0.084', '0.022', '0.110']
    Lower Shadows (%): ['0.000', '0.115', '0.080', '0.031']
Volumes: [np.float64(20338.0), np.float64(20150.0), np.float64(16735.0), np.float64(24557.0)]
2025-05-17 12:45:34,997 - INFO - 
2. Post-Cross Movement (30min):
5min Price Changes (%): ['0.018']
Maximum Change: 0.018% after 5 minutes
Candle Analysis:
    Body Sizes (%): ['0.018']
    Upper Shadows (%): ['0.035']
    Lower Shadows (%): ['0.026']
Volumes: [np.float64(4030.0)]
==================================================
2025-05-17 12:45:35,232 - INFO - 
==================================================
EMA Cross Analysis - MOVE/USDT
Time: 2025-05-17 12:45:00+09:00
Type: golden
Cross Character (Current): Weak
Cross Character (New): Weak
Price at Cross: 0.1855

1. Pre-Cross Pattern (15min):
EMA Distance Changes (%): ['0.176', '0.108', '0.038', '0.027']
EMA12 Changes (%): ['0.034', '0.104', '0.122', '0.120']
Price Changes (%): ['-0.054', '0.489', '0.216', '0.108']
Candle Analysis:
    Body Sizes (%): ['0.000', '0.544', '0.271', '0.054']
    Upper Shadows (%): ['0.163', '0.054', '0.108', '0.000']
    Lower Shadows (%): ['0.163', '0.054', '0.108', '0.000']
Volumes: [np.float64(564241.0), np.float64(421157.0), np.float64(453247.0), np.float64(32719.0)]
2025-05-17 12:45:35,232 - INFO - 
2. Post-Cross Movement (30min):
5min Price Changes (%): []
Maximum Change: 0.000% after 0 minutes
Candle Analysis:
    Body Sizes (%): []
    Upper Shadows (%): []
    Lower Shadows (%): []
Volumes: []
==================================================
2025-05-17 12:50:06,643 - INFO - 
==================================================
EMA Cross Analysis - POL/USDT
Time: 2025-05-17 12:45:00+09:00
Type: golden
Cross Character (Current): Weak
Cross Character (New): Weak
Price at Cross: 0.23255

1. Pre-Cross Pattern (15min):
EMA Distance Changes (%): ['0.134', '0.069', '0.009', '0.028']
EMA12 Changes (%): ['0.086', '0.107', '0.106', '0.069']
Price Changes (%): ['0.177', '0.220', '0.099', '-0.129']
Candle Analysis:
    Body Sizes (%): ['0.181', '0.228', '0.103', '0.112']
    Upper Shadows (%): ['0.056', '0.034', '0.095', '0.163']
    Lower Shadows (%): ['0.155', '0.060', '0.095', '0.000']
Volumes: [np.float64(394320.0), np.float64(175267.0), np.float64(166420.0), np.float64(193799.0)]
2025-05-17 12:50:06,643 - INFO - 
2. Post-Cross Movement (30min):
5min Price Changes (%): ['0.004']
Maximum Change: 0.004% after 5 minutes
Candle Analysis:
    Body Sizes (%): ['0.009']
    Upper Shadows (%): ['0.000']
    Lower Shadows (%): ['0.004']
Volumes: [np.float64(203.0)]
==================================================
2025-05-17 12:50:07,525 - INFO - 
==================================================
EMA Cross Analysis - ORDI/USDT
Time: 2025-05-17 12:45:00+09:00
Type: golden
Cross Character (Current): Weak
Cross Character (New): Weak
Price at Cross: 9.371

1. Pre-Cross Pattern (15min):
EMA Distance Changes (%): ['0.185', '0.103', '0.027', '0.018']
EMA12 Changes (%): ['0.078', '0.132', '0.132', '0.085']
Price Changes (%): ['0.344', '0.428', '0.128', '-0.170']
Candle Analysis:
    Body Sizes (%): ['0.344', '0.407', '0.117', '0.170']
    Upper Shadows (%): ['0.150', '0.032', '0.373', '0.320']
    Lower Shadows (%): ['0.172', '0.150', '0.192', '0.011']
Volumes: [np.float64(33812.4), np.float64(25717.6), np.float64(43706.7), np.float64(34040.0)]
2025-05-17 12:50:07,526 - INFO - 
2. Post-Cross Movement (30min):
5min Price Changes (%): ['0.043']
Maximum Change: 0.043% after 5 minutes
Candle Analysis:
    Body Sizes (%): ['0.053']
    Upper Shadows (%): ['0.021']
    Lower Shadows (%): ['0.011']
Volumes: [np.float64(1460.0)]
==================================================
2025-05-17 12:50:08,449 - INFO - 
==================================================
EMA Cross Analysis - TNSR/USDT
Time: 2025-05-17 12:45:00+09:00
Type: golden
Cross Character (Current): Weak
Cross Character (New): Weak
Price at Cross: 0.1547

1. Pre-Cross Pattern (15min):
EMA Distance Changes (%): ['0.196', '0.128', '0.047', '0.000']
EMA12 Changes (%): ['0.063', '0.103', '0.137', '0.086']
Price Changes (%): ['0.195', '0.325', '0.324', '-0.194']
Candle Analysis:
    Body Sizes (%): ['0.260', '0.325', '0.259', '0.129']
    Upper Shadows (%): ['0.130', '0.065', '0.194', '0.258']
    Lower Shadows (%): ['0.065', '0.065', '0.194', '0.000']
Volumes: [np.float64(83873.0), np.float64(32020.1), np.float64(68827.2), np.float64(31178.1)]
2025-05-17 12:50:08,449 - INFO - 
2. Post-Cross Movement (30min):
5min Price Changes (%): ['0.000']
Maximum Change: 0.000% after 0 minutes
Candle Analysis:
    Body Sizes (%): ['0.000']
    Upper Shadows (%): ['0.000']
    Lower Shadows (%): ['0.000']
Volumes: [np.float64(0.0)]
==================================================
2025-05-17 12:50:08,683 - INFO - 
==================================================
EMA Cross Analysis - GRASS/USDT
Time: 2025-05-17 12:45:00+09:00
Type: golden
Cross Character (Current): Weak
Cross Character (New): Weak
Price at Cross: 1.8798

1. Pre-Cross Pattern (15min):
EMA Distance Changes (%): ['0.256', '0.140', '0.047', '0.065']
EMA12 Changes (%): ['0.079', '0.186', '0.160', '0.212']
Price Changes (%): ['0.346', '0.771', '0.016', '0.497']
Candle Analysis:
    Body Sizes (%): ['0.362', '0.776', '0.032', '0.486']
    Upper Shadows (%): ['0.103', '0.167', '0.123', '0.064']
    Lower Shadows (%): ['0.130', '0.092', '0.209', '0.032']
Volumes: [np.float64(51816.8), np.float64(76576.8), np.float64(61042.2), np.float64(71430.1)]
2025-05-17 12:50:08,683 - INFO - 
2. Post-Cross Movement (30min):
5min Price Changes (%): ['0.043']
Maximum Change: 0.043% after 5 minutes
Candle Analysis:
    Body Sizes (%): ['0.059']
    Upper Shadows (%): ['0.000']
    Lower Shadows (%): ['0.000']
Volumes: [np.float64(559.5)]
==================================================
2025-05-17 12:50:10,746 - INFO - 
==================================================
EMA Cross Analysis - WLD/USDT
Time: 2025-05-17 12:50:00+09:00
Type: golden
Cross Character (Current): Weak
Cross Character (New): Weak
Price at Cross: 1.0838

1. Pre-Cross Pattern (15min):
EMA Distance Changes (%): ['0.136', '0.061', '0.018', '0.021']
EMA12 Changes (%): ['0.135', '0.125', '0.076', '0.073']
Price Changes (%): ['0.370', '0.074', '-0.193', '0.055']
Candle Analysis:
    Body Sizes (%): ['0.379', '0.074', '0.203', '0.046']
    Upper Shadows (%): ['0.056', '0.175', '0.157', '0.046']
    Lower Shadows (%): ['0.037', '0.184', '0.000', '0.000']
Volumes: [np.float64(240072.0), np.float64(288749.0), np.float64(175685.0), np.float64(7638.0)]
2025-05-17 12:50:10,747 - INFO - 
2. Post-Cross Movement (30min):
5min Price Changes (%): []
Maximum Change: 0.000% after 0 minutes
Candle Analysis:
    Body Sizes (%): []
    Upper Shadows (%): []
    Lower Shadows (%): []
Volumes: []
==================================================
2025-05-17 12:50:12,549 - INFO - 
==================================================
EMA Cross Analysis - MOVE/USDT
Time: 2025-05-17 12:45:00+09:00
Type: golden
Cross Character (Current): Weak
Cross Character (New): Weak
Price at Cross: 0.1849

1. Pre-Cross Pattern (15min):
EMA Distance Changes (%): ['0.176', '0.108', '0.038', '0.001']
EMA12 Changes (%): ['0.034', '0.104', '0.122', '0.069']
Price Changes (%): ['-0.054', '0.489', '0.216', '-0.216']
Candle Analysis:
    Body Sizes (%): ['0.000', '0.544', '0.271', '0.270']
    Upper Shadows (%): ['0.163', '0.054', '0.108', '0.216']
    Lower Shadows (%): ['0.163', '0.054', '0.108', '0.000']
Volumes: [np.float64(564241.0), np.float64(421157.0), np.float64(453247.0), np.float64(265946.0)]
2025-05-17 12:50:12,549 - INFO - 
2. Post-Cross Movement (30min):
5min Price Changes (%): ['0.000']
Maximum Change: 0.000% after 0 minutes
Candle Analysis:
    Body Sizes (%): ['0.000']
    Upper Shadows (%): ['0.000']
    Lower Shadows (%): ['0.000']
Volumes: [np.float64(6591.0)]
==================================================
2025-05-17 12:50:13,703 - INFO - 
==================================================
EMA Cross Analysis - ONDOUSDT
Time: 2025-05-17 12:50:00+09:00
Type: golden
Cross Character (Current): Weak
Cross Character (New): Weak
Price at Cross: 0.9221

1. Pre-Cross Pattern (15min):
EMA Distance Changes (%): ['0.142', '0.075', '0.022', '0.022']
EMA12 Changes (%): ['0.084', '0.108', '0.093', '0.082']
Price Changes (%): ['0.262', '0.239', '0.011', '0.022']
Candle Analysis:
    Body Sizes (%): ['0.284', '0.250', '0.022', '0.022']
    Upper Shadows (%): ['0.022', '0.076', '0.228', '0.000']
    Lower Shadows (%): ['0.055', '0.022', '0.011', '0.011']
Volumes: [np.float64(666537.1), np.float64(711019.1), np.float64(793250.8), np.float64(8544.9)]
2025-05-17 12:50:13,703 - INFO - 
2. Post-Cross Movement (30min):
5min Price Changes (%): []
Maximum Change: 0.000% after 0 minutes
Candle Analysis:
    Body Sizes (%): []
    Upper Shadows (%): []
    Lower Shadows (%): []
Volumes: []
==================================================
2025-05-17 12:50:14,803 - INFO - 
==================================================
EMA Cross Analysis - MELANIA/USDT
Time: 2025-05-17 12:45:00+09:00
Type: golden
Cross Character (Current): Weak
Cross Character (New): Weak
Price at Cross: 0.3288

1. Pre-Cross Pattern (15min):
EMA Distance Changes (%): ['0.424', '0.287', '0.139', '0.001']
EMA12 Changes (%): ['0.073', '0.200', '0.245', '0.255']
Price Changes (%): ['0.217', '0.897', '0.490', '0.305']
Candle Analysis:
    Body Sizes (%): ['0.248', '0.959', '0.521', '0.336']
    Upper Shadows (%): ['0.124', '0.062', '0.245', '0.458']
    Lower Shadows (%): ['0.155', '0.031', '0.368', '0.000']
Volumes: [np.float64(325856.14), np.float64(300936.49), np.float64(730273.33), np.float64(796931.82)]
2025-05-17 12:50:14,803 - INFO - 
2. Post-Cross Movement (30min):
5min Price Changes (%): ['0.182']
Maximum Change: 0.182% after 5 minutes
Candle Analysis:
    Body Sizes (%): ['0.122']
    Upper Shadows (%): ['0.000']
    Lower Shadows (%): ['0.000']
Volumes: [np.float64(14659.75)]
==================================================
2025-05-17 12:51:15,049 - INFO - 
==================================================
EMA Cross Analysis - TIA/USDT
Time: 2025-05-17 12:50:00+09:00
Type: golden
Cross Character (Current): Weak
Cross Character (New): Weak
Price at Cross: 2.637

1. Pre-Cross Pattern (15min):
EMA Distance Changes (%): ['0.132', '0.065', '0.002', '0.045']
EMA12 Changes (%): ['0.105', '0.110', '0.113', '0.090']
Price Changes (%): ['0.324', '0.137', '0.133', '-0.034']
Candle Analysis:
    Body Sizes (%): ['0.328', '0.129', '0.137', '0.034']
    Upper Shadows (%): ['0.046', '0.099', '0.277', '0.087']
    Lower Shadows (%): ['0.072', '0.125', '0.023', '0.019']
Volumes: [np.float64(95345.0), np.float64(123079.0), np.float64(274569.0), np.float64(14115.0)]
2025-05-17 12:51:15,049 - INFO - 
2. Post-Cross Movement (30min):
5min Price Changes (%): []
Maximum Change: 0.000% after 0 minutes
Candle Analysis:
    Body Sizes (%): []
    Upper Shadows (%): []
    Lower Shadows (%): []
Volumes: []
==================================================
2025-05-17 12:51:18,131 - INFO - 
==================================================
EMA Cross Analysis - ATOM/USDT
Time: 2025-05-17 12:45:00+09:00
Type: golden
Cross Character (Current): Weak
Cross Character (New): Weak
Price at Cross: 4.727

1. Pre-Cross Pattern (15min):
EMA Distance Changes (%): ['0.110', '0.075', '0.032', '0.000']
EMA12 Changes (%): ['0.041', '0.051', '0.072', '0.058']
Price Changes (%): ['0.085', '0.106', '0.191', '-0.021']
Candle Analysis:
    Body Sizes (%): ['0.085', '0.106', '0.191', '0.000']
    Upper Shadows (%): ['0.042', '0.085', '0.085', '0.148']
    Lower Shadows (%): ['0.085', '0.085', '0.064', '0.042']
Volumes: [np.float64(28040.97), np.float64(18449.4), np.float64(36005.44), np.float64(24936.73)]
2025-05-17 12:51:18,131 - INFO - 
2. Post-Cross Movement (30min):
5min Price Changes (%): ['-0.127']
Maximum Change: -0.127% after 5 minutes
Candle Analysis:
    Body Sizes (%): ['0.127']
    Upper Shadows (%): ['0.021']
    Lower Shadows (%): ['0.021']
Volumes: [np.float64(28703.08)]
==================================================
2025-05-17 12:55:50,177 - INFO - 
==================================================
EMA Cross Analysis - TIA/USDT
Time: 2025-05-17 12:50:00+09:00
Type: golden
Cross Character (Current): Weak
Cross Character (New): Weak
Price at Cross: 2.6511

1. Pre-Cross Pattern (15min):
EMA Distance Changes (%): ['0.132', '0.065', '0.002', '0.087']
EMA12 Changes (%): ['0.105', '0.110', '0.113', '0.173']
Price Changes (%): ['0.324', '0.137', '0.133', '0.500']
Candle Analysis:
    Body Sizes (%): ['0.328', '0.129', '0.137', '0.500']
    Upper Shadows (%): ['0.046', '0.099', '0.277', '0.042']
    Lower Shadows (%): ['0.072', '0.125', '0.023', '0.053']
Volumes: [np.float64(95345.0), np.float64(123079.0), np.float64(274569.0), np.float64(104234.0)]
2025-05-17 12:55:50,177 - INFO - 
2. Post-Cross Movement (30min):
5min Price Changes (%): ['0.196']
Maximum Change: 0.196% after 5 minutes
Candle Analysis:
    Body Sizes (%): ['0.200']
    Upper Shadows (%): ['0.015']
    Lower Shadows (%): ['0.019']
Volumes: [np.float64(49415.0)]
==================================================
2025-05-17 12:55:50,639 - INFO - 
==================================================
EMA Cross Analysis - BAN/USDT
Time: 2025-05-17 12:50:00+09:00
Type: golden
Cross Character (Current): Weak
Cross Character (New): Weak
Price at Cross: 0.05761

1. Pre-Cross Pattern (15min):
EMA Distance Changes (%): ['0.197', '0.109', '0.050', '0.007']
EMA12 Changes (%): ['0.060', '0.140', '0.099', '0.103']
Price Changes (%): ['0.298', '0.576', '-0.122', '0.122']
Candle Analysis:
    Body Sizes (%): ['0.280', '0.629', '0.104', '0.139']
    Upper Shadows (%): ['0.035', '0.454', '0.174', '0.000']
    Lower Shadows (%): ['0.140', '0.035', '0.000', '0.122']
Volumes: [np.float64(207637.0), np.float64(303436.0), np.float64(55080.0), np.float64(40743.0)]
2025-05-17 12:55:50,640 - INFO - 
2. Post-Cross Movement (30min):
5min Price Changes (%): ['0.069']
Maximum Change: 0.069% after 5 minutes
Candle Analysis:
    Body Sizes (%): ['0.052']
    Upper Shadows (%): ['0.017']
    Lower Shadows (%): ['0.000']
Volumes: [np.float64(20330.0)]
==================================================
2025-05-17 12:55:51,109 - INFO - 
==================================================
EMA Cross Analysis - ORCA/USDT
Time: 2025-05-17 12:50:00+09:00
Type: golden
Cross Character (Current): Weak
Cross Character (New): Weak
Price at Cross: 2.552

1. Pre-Cross Pattern (15min):
EMA Distance Changes (%): ['0.170', '0.092', '0.049', '0.013']
EMA12 Changes (%): ['0.092', '0.126', '0.070', '0.114']
Price Changes (%): ['0.276', '0.315', '-0.235', '0.354']
Candle Analysis:
    Body Sizes (%): ['0.316', '0.354', '0.196', '0.354']
    Upper Shadows (%): ['0.039', '0.118', '0.196', '0.039']
    Lower Shadows (%): ['0.000', '0.039', '0.000', '0.000']
Volumes: [np.float64(9356.1), np.float64(9245.3), np.float64(8094.4), np.float64(5492.9)]
2025-05-17 12:55:51,110 - INFO - 
2. Post-Cross Movement (30min):
5min Price Changes (%): ['0.118']
Maximum Change: 0.118% after 5 minutes
Candle Analysis:
    Body Sizes (%): ['0.078']
    Upper Shadows (%): ['0.000']
    Lower Shadows (%): ['0.039']
Volumes: [np.float64(1361.7)]
==================================================
2025-05-17 12:55:51,789 - INFO - 
==================================================
EMA Cross Analysis - NEAR/USDT
Time: 2025-05-17 12:50:00+09:00
Type: golden
Cross Character (Current): Weak
Cross Character (New): Weak
Price at Cross: 2.758

1. Pre-Cross Pattern (15min):
EMA Distance Changes (%): ['0.170', '0.106', '0.068', '0.004']
EMA12 Changes (%): ['0.069', '0.097', '0.060', '0.129']
Price Changes (%): ['0.293', '0.255', '-0.146', '0.510']
Candle Analysis:
    Body Sizes (%): ['0.329', '0.292', '0.109', '0.547']
    Upper Shadows (%): ['0.000', '0.109', '0.182', '0.036']
    Lower Shadows (%): ['0.073', '0.036', '0.036', '0.000']
Volumes: [np.float64(101743.0), np.float64(90707.0), np.float64(80057.0), np.float64(172498.0)]
2025-05-17 12:55:51,789 - INFO - 
2. Post-Cross Movement (30min):
5min Price Changes (%): ['0.073']
Maximum Change: 0.073% after 5 minutes
Candle Analysis:
    Body Sizes (%): ['0.109']
    Upper Shadows (%): ['0.000']
    Lower Shadows (%): ['0.036']
Volumes: [np.float64(30303.0)]
==================================================
2025-05-17 12:55:52,262 - INFO - 
==================================================
EMA Cross Analysis - BAKE/USDT
Time: 2025-05-17 12:55:00+09:00
Type: golden
Cross Character (Current): Weak
Cross Character (New): Weak
Price at Cross: 0.1316

1. Pre-Cross Pattern (15min):
EMA Distance Changes (%): ['0.097', '0.061', '0.008', '0.033']
EMA12 Changes (%): ['0.079', '0.055', '0.094', '0.079']
Price Changes (%): ['-0.152', '-0.076', '0.305', '0.000']
Candle Analysis:
    Body Sizes (%): ['0.076', '0.076', '0.381', '0.000']
    Upper Shadows (%): ['0.152', '0.152', '0.000', '0.000']
    Lower Shadows (%): ['0.228', '0.000', '0.076', '0.000']
Volumes: [np.float64(88437.0), np.float64(43868.0), np.float64(72979.0), np.float64(9948.0)]
2025-05-17 12:55:52,262 - INFO - 
2. Post-Cross Movement (30min):
5min Price Changes (%): []
Maximum Change: 0.000% after 0 minutes
Candle Analysis:
    Body Sizes (%): []
    Upper Shadows (%): []
    Lower Shadows (%): []
Volumes: []
==================================================
2025-05-17 12:55:52,968 - INFO - 
==================================================
EMA Cross Analysis - ACX/USDT
Time: 2025-05-17 12:55:00+09:00
Type: golden
Cross Character (Current): Weak
Cross Character (New): Weak
Price at Cross: 0.2277

1. Pre-Cross Pattern (15min):
EMA Distance Changes (%): ['0.122', '0.058', '0.005', '0.051']
EMA12 Changes (%): ['0.100', '0.105', '0.096', '0.108']
Price Changes (%): ['0.265', '0.132', '0.044', '0.176']
Candle Analysis:
    Body Sizes (%): ['0.309', '0.132', '0.088', '0.176']
    Upper Shadows (%): ['0.133', '0.088', '0.000', '0.000']
    Lower Shadows (%): ['0.088', '0.044', '0.088', '0.000']
Volumes: [np.float64(12926.8), np.float64(39882.2), np.float64(7222.1), np.float64(1740.9)]
2025-05-17 12:55:52,968 - INFO - 
2. Post-Cross Movement (30min):
5min Price Changes (%): []
Maximum Change: 0.000% after 0 minutes
Candle Analysis:
    Body Sizes (%): []
    Upper Shadows (%): []
    Lower Shadows (%): []
Volumes: []
==================================================
2025-05-17 12:55:53,208 - INFO - 
==================================================
EMA Cross Analysis - LINK/USDT
Time: 2025-05-17 12:55:00+09:00
Type: golden
Cross Character (Current): Weak
Cross Character (New): Weak
Price at Cross: 15.502

1. Pre-Cross Pattern (15min):
EMA Distance Changes (%): ['0.105', '0.069', '0.017', '0.029']
EMA12 Changes (%): ['0.074', '0.054', '0.092', '0.087']
Price Changes (%): ['0.188', '-0.052', '0.298', '0.058']
Candle Analysis:
    Body Sizes (%): ['0.194', '0.052', '0.291', '0.065']
    Upper Shadows (%): ['0.071', '0.155', '0.000', '0.000']
    Lower Shadows (%): ['0.071', '0.006', '0.084', '0.039']
Volumes: [np.float64(37304.3), np.float64(59452.27), np.float64(31271.97), np.float64(7900.65)]
2025-05-17 12:55:53,209 - INFO - 
2. Post-Cross Movement (30min):
5min Price Changes (%): []
Maximum Change: 0.000% after 0 minutes
Candle Analysis:
    Body Sizes (%): []
    Upper Shadows (%): []
    Lower Shadows (%): []
Volumes: []
==================================================
2025-05-17 12:55:54,561 - INFO - 
==================================================
EMA Cross Analysis - DOGE/USDT
Time: 2025-05-17 12:50:00+09:00
Type: golden
Cross Character (Current): Weak
Cross Character (New): Weak
Price at Cross: 0.21798

1. Pre-Cross Pattern (15min):
EMA Distance Changes (%): ['0.119', '0.073', '0.036', '0.008']
EMA12 Changes (%): ['0.049', '0.072', '0.061', '0.081']
Price Changes (%): ['0.222', '0.198', '0.005', '0.188']
Candle Analysis:
    Body Sizes (%): ['0.226', '0.198', '0.005', '0.188']
    Upper Shadows (%): ['0.037', '0.166', '0.257', '0.009']
    Lower Shadows (%): ['0.092', '0.064', '0.060', '0.156']
Volumes: [np.float64(15241413.0), np.float64(12567022.0), np.float64(15249044.0), np.float64(10908928.0)]
2025-05-17 12:55:54,561 - INFO - 
2. Post-Cross Movement (30min):
5min Price Changes (%): ['0.041']
Maximum Change: 0.041% after 5 minutes
Candle Analysis:
    Body Sizes (%): ['0.041']
    Upper Shadows (%): ['0.005']
    Lower Shadows (%): ['0.055']
Volumes: [np.float64(2956428.0)]
==================================================
2025-05-17 12:55:55,026 - INFO - 
==================================================
EMA Cross Analysis - GALA/USDT
Time: 2025-05-17 12:55:00+09:00
Type: golden
Cross Character (Current): Weak
Cross Character (New): Weak
Price at Cross: 0.01889

1. Pre-Cross Pattern (15min):
EMA Distance Changes (%): ['0.170', '0.104', '0.016', '0.056']
EMA12 Changes (%): ['0.153', '0.105', '0.154', '0.139']
Price Changes (%): ['0.320', '-0.159', '0.426', '0.053']
Candle Analysis:
    Body Sizes (%): ['0.320', '0.106', '0.372', '0.053']
    Upper Shadows (%): ['0.160', '0.266', '0.000', '0.000']
    Lower Shadows (%): ['0.107', '0.000', '0.106', '0.106']
Volumes: [np.float64(23214426.0), np.float64(17516219.0), np.float64(9319254.0), np.float64(2107702.0)]
2025-05-17 12:55:55,026 - INFO - 
2. Post-Cross Movement (30min):
5min Price Changes (%): []
Maximum Change: 0.000% after 0 minutes
Candle Analysis:
    Body Sizes (%): []
    Upper Shadows (%): []
    Lower Shadows (%): []
Volumes: []
==================================================
2025-05-17 12:55:55,712 - INFO - 
==================================================
EMA Cross Analysis - DOT/USDT
Time: 2025-05-17 12:55:00+09:00
Type: golden
Cross Character (Current): Weak
Cross Character (New): Weak
Price at Cross: 4.685

1. Pre-Cross Pattern (15min):
EMA Distance Changes (%): ['0.116', '0.074', '0.014', '0.036']
EMA12 Changes (%): ['0.097', '0.066', '0.105', '0.095']
Price Changes (%): ['0.279', '-0.107', '0.321', '0.043']
Candle Analysis:
    Body Sizes (%): ['0.300', '0.107', '0.321', '0.021']
    Upper Shadows (%): ['0.043', '0.128', '0.021', '0.000']
    Lower Shadows (%): ['0.064', '0.000', '0.107', '0.064']
Volumes: [np.float64(88704.1), np.float64(62723.3), np.float64(64119.8), np.float64(33165.1)]
2025-05-17 12:55:55,712 - INFO - 
2. Post-Cross Movement (30min):
5min Price Changes (%): []
Maximum Change: 0.000% after 0 minutes
Candle Analysis:
    Body Sizes (%): []
    Upper Shadows (%): []
    Lower Shadows (%): []
Volumes: []
==================================================
2025-05-17 12:55:57,526 - INFO - 
==================================================
EMA Cross Analysis - WLD/USDT
Time: 2025-05-17 12:50:00+09:00
Type: golden
Cross Character (Current): Weak
Cross Character (New): Weak
Price at Cross: 1.0863

1. Pre-Cross Pattern (15min):
EMA Distance Changes (%): ['0.136', '0.061', '0.018', '0.040']
EMA12 Changes (%): ['0.135', '0.125', '0.076', '0.108']
Price Changes (%): ['0.370', '0.074', '-0.193', '0.286']
Candle Analysis:
    Body Sizes (%): ['0.379', '0.074', '0.203', '0.277']
    Upper Shadows (%): ['0.056', '0.175', '0.157', '0.000']
    Lower Shadows (%): ['0.037', '0.184', '0.000', '0.157']
Volumes: [np.float64(240072.0), np.float64(288749.0), np.float64(175685.0), np.float64(271917.0)]
2025-05-17 12:55:57,526 - INFO - 
2. Post-Cross Movement (30min):
5min Price Changes (%): ['0.120']
Maximum Change: 0.120% after 5 minutes
Candle Analysis:
    Body Sizes (%): ['0.129']
    Upper Shadows (%): ['0.055']
    Lower Shadows (%): ['0.092']
Volumes: [np.float64(93794.0)]
==================================================
2025-05-17 12:56:00,008 - INFO - 
==================================================
EMA Cross Analysis - COW/USDT
Time: 2025-05-17 12:55:00+09:00
Type: golden
Cross Character (Current): Weak
Cross Character (New): Weak
Price at Cross: 0.3568

1. Pre-Cross Pattern (15min):
EMA Distance Changes (%): ['0.131', '0.074', '0.006', '0.057']
EMA12 Changes (%): ['0.130', '0.092', '0.122', '0.120']
Price Changes (%): ['0.113', '-0.112', '0.281', '0.112']
Candle Analysis:
    Body Sizes (%): ['0.169', '0.112', '0.253', '0.112']
    Upper Shadows (%): ['0.169', '0.337', '0.028', '0.000']
    Lower Shadows (%): ['0.084', '0.000', '0.141', '0.056']
Volumes: [np.float64(19082.0), np.float64(31793.0), np.float64(11675.0), np.float64(1046.0)]
2025-05-17 12:56:00,008 - INFO - 
2. Post-Cross Movement (30min):
5min Price Changes (%): []
Maximum Change: 0.000% after 0 minutes
Candle Analysis:
    Body Sizes (%): []
    Upper Shadows (%): []
    Lower Shadows (%): []
Volumes: []
==================================================
2025-05-17 12:56:00,477 - INFO - 
==================================================
EMA Cross Analysis - ONDOUSDT
Time: 2025-05-17 12:50:00+09:00
Type: golden
Cross Character (Current): Weak
Cross Character (New): Weak
Price at Cross: 0.9239

1. Pre-Cross Pattern (15min):
EMA Distance Changes (%): ['0.142', '0.075', '0.022', '0.037']
EMA12 Changes (%): ['0.084', '0.108', '0.093', '0.112']
Price Changes (%): ['0.262', '0.239', '0.011', '0.217']
Candle Analysis:
    Body Sizes (%): ['0.284', '0.250', '0.022', '0.217']
    Upper Shadows (%): ['0.022', '0.076', '0.228', '0.000']
    Lower Shadows (%): ['0.055', '0.022', '0.011', '0.141']
Volumes: [np.float64(666537.1), np.float64(711019.1), np.float64(793250.8), np.float64(495455.3)]
2025-05-17 12:56:00,477 - INFO - 
2. Post-Cross Movement (30min):
5min Price Changes (%): ['0.011']
Maximum Change: 0.011% after 5 minutes
Candle Analysis:
    Body Sizes (%): ['0.022']
    Upper Shadows (%): ['0.032']
    Lower Shadows (%): ['0.054']
Volumes: [np.float64(99592.7)]
==================================================
2025-05-17 13:00:29,872 - INFO - 
==================================================
EMA Cross Analysis - BAKE/USDT
Time: 2025-05-17 12:55:00+09:00
Type: golden
Cross Character (Current): Weak
Cross Character (New): Weak
Price at Cross: 0.1316

1. Pre-Cross Pattern (15min):
EMA Distance Changes (%): ['0.097', '0.061', '0.008', '0.033']
EMA12 Changes (%): ['0.079', '0.055', '0.094', '0.079']
Price Changes (%): ['-0.152', '-0.076', '0.305', '0.000']
Candle Analysis:
    Body Sizes (%): ['0.076', '0.076', '0.381', '0.000']
    Upper Shadows (%): ['0.152', '0.152', '0.000', '0.076']
    Lower Shadows (%): ['0.228', '0.000', '0.076', '0.000']
Volumes: [np.float64(88437.0), np.float64(43868.0), np.float64(72979.0), np.float64(45069.0)]
2025-05-17 13:00:29,872 - INFO - 
2. Post-Cross Movement (30min):
5min Price Changes (%): ['-0.076']
Maximum Change: -0.076% after 5 minutes
Candle Analysis:
    Body Sizes (%): ['0.076']
    Upper Shadows (%): ['0.076']
    Lower Shadows (%): ['0.000']
Volumes: [np.float64(38209.0)]
==================================================
2025-05-17 13:00:30,345 - INFO - 
==================================================
EMA Cross Analysis - 1000PEPE/USDT
Time: 2025-05-17 13:00:00+09:00
Type: golden
Cross Character (Current): Weak
Cross Character (New): Weak
Price at Cross: 0.0125033

1. Pre-Cross Pattern (15min):
EMA Distance Changes (%): ['0.150', '0.087', '0.024', '0.017']
EMA12 Changes (%): ['0.042', '0.099', '0.111', '0.077']
Price Changes (%): ['-0.002', '0.412', '0.174', '-0.107']
Candle Analysis:
    Body Sizes (%): ['0.000', '0.412', '0.174', '0.100']
    Upper Shadows (%): ['0.322', '0.024', '0.014', '0.020']
    Lower Shadows (%): ['0.018', '0.104', '0.041', '0.038']
Volumes: [np.float64(170988906.0), np.float64(170455989.0), np.float64(191684912.0), np.float64(19190672.0)]
2025-05-17 13:00:30,345 - INFO - 
2. Post-Cross Movement (30min):
5min Price Changes (%): []
Maximum Change: 0.000% after 0 minutes
Candle Analysis:
    Body Sizes (%): []
    Upper Shadows (%): []
    Lower Shadows (%): []
Volumes: []
==================================================
2025-05-17 13:00:30,578 - INFO - 
==================================================
EMA Cross Analysis - ACX/USDT
Time: 2025-05-17 12:55:00+09:00
Type: golden
Cross Character (Current): Weak
Cross Character (New): Weak
Price at Cross: 0.2273

1. Pre-Cross Pattern (15min):
EMA Distance Changes (%): ['0.122', '0.058', '0.005', '0.037']
EMA12 Changes (%): ['0.100', '0.105', '0.096', '0.081']
Price Changes (%): ['0.265', '0.132', '0.044', '0.000']
Candle Analysis:
    Body Sizes (%): ['0.309', '0.132', '0.088', '0.000']
    Upper Shadows (%): ['0.133', '0.088', '0.000', '0.176']
    Lower Shadows (%): ['0.088', '0.044', '0.088', '0.044']
Volumes: [np.float64(12926.8), np.float64(39882.2), np.float64(7222.1), np.float64(5275.5)]
2025-05-17 13:00:30,578 - INFO - 
2. Post-Cross Movement (30min):
5min Price Changes (%): ['-0.044']
Maximum Change: -0.044% after 5 minutes
Candle Analysis:
    Body Sizes (%): ['0.044']
    Upper Shadows (%): ['0.044']
    Lower Shadows (%): ['0.044']
Volumes: [np.float64(3207.3)]
==================================================
2025-05-17 13:00:30,806 - INFO - 
==================================================
EMA Cross Analysis - LINK/USDT
Time: 2025-05-17 12:55:00+09:00
Type: golden
Cross Character (Current): Weak
Cross Character (New): Weak
Price at Cross: 15.507

1. Pre-Cross Pattern (15min):
EMA Distance Changes (%): ['0.105', '0.069', '0.017', '0.032']
EMA12 Changes (%): ['0.074', '0.054', '0.092', '0.092']
Price Changes (%): ['0.188', '-0.052', '0.298', '0.090']
Candle Analysis:
    Body Sizes (%): ['0.194', '0.052', '0.291', '0.097']
    Upper Shadows (%): ['0.071', '0.155', '0.000', '0.026']
    Lower Shadows (%): ['0.071', '0.006', '0.084', '0.039']
Volumes: [np.float64(37304.3), np.float64(59452.27), np.float64(31271.97), np.float64(53908.88)]
2025-05-17 13:00:30,806 - INFO - 
2. Post-Cross Movement (30min):
5min Price Changes (%): ['-0.064']
Maximum Change: -0.064% after 5 minutes
Candle Analysis:
    Body Sizes (%): ['0.064']
    Upper Shadows (%): ['0.000']
    Lower Shadows (%): ['0.039']
Volumes: [np.float64(5129.02)]
==================================================
2025-05-17 13:00:32,681 - INFO - 
==================================================
EMA Cross Analysis - GALA/USDT
Time: 2025-05-17 12:55:00+09:00
Type: golden
Cross Character (Current): Weak
Cross Character (New): Weak
Price at Cross: 0.01889

1. Pre-Cross Pattern (15min):
EMA Distance Changes (%): ['0.170', '0.104', '0.016', '0.056']
EMA12 Changes (%): ['0.153', '0.105', '0.154', '0.139']
Price Changes (%): ['0.320', '-0.159', '0.426', '0.053']
Candle Analysis:
    Body Sizes (%): ['0.320', '0.106', '0.372', '0.053']
    Upper Shadows (%): ['0.160', '0.266', '0.000', '0.106']
    Lower Shadows (%): ['0.107', '0.000', '0.106', '0.106']
Volumes: [np.float64(23214426.0), np.float64(17516219.0), np.float64(9319254.0), np.float64(12065698.0)]
2025-05-17 13:00:32,681 - INFO - 
2. Post-Cross Movement (30min):
5min Price Changes (%): ['-0.106']
Maximum Change: -0.106% after 5 minutes
Candle Analysis:
    Body Sizes (%): ['0.106']
    Upper Shadows (%): ['0.000']
    Lower Shadows (%): ['0.053']
Volumes: [np.float64(2264075.0)]
==================================================
2025-05-17 13:00:33,390 - INFO - 
==================================================
EMA Cross Analysis - DOT/USDT
Time: 2025-05-17 12:55:00+09:00
Type: golden
Cross Character (Current): Weak
Cross Character (New): Weak
Price at Cross: 4.683

1. Pre-Cross Pattern (15min):
EMA Distance Changes (%): ['0.116', '0.074', '0.014', '0.033']
EMA12 Changes (%): ['0.097', '0.066', '0.105', '0.089']
Price Changes (%): ['0.279', '-0.107', '0.321', '0.000']
Candle Analysis:
    Body Sizes (%): ['0.300', '0.107', '0.321', '0.021']
    Upper Shadows (%): ['0.043', '0.128', '0.021', '0.064']
    Lower Shadows (%): ['0.064', '0.000', '0.107', '0.085']
Volumes: [np.float64(88704.1), np.float64(62723.3), np.float64(64119.8), np.float64(67465.2)]
2025-05-17 13:00:33,391 - INFO - 
2. Post-Cross Movement (30min):
5min Price Changes (%): ['-0.128']
Maximum Change: -0.128% after 5 minutes
Candle Analysis:
    Body Sizes (%): ['0.107']
    Upper Shadows (%): ['0.021']
    Lower Shadows (%): ['0.000']
Volumes: [np.float64(11651.5)]
==================================================
2025-05-17 13:00:34,327 - INFO - 
==================================================
EMA Cross Analysis - ARPA/USDT
Time: 2025-05-17 13:00:00+09:00
Type: golden
Cross Character (Current): Weak
Cross Character (New): Weak
Price at Cross: 0.02488

1. Pre-Cross Pattern (15min):
EMA Distance Changes (%): ['0.073', '0.038', '0.011', '0.007']
EMA12 Changes (%): ['0.014', '0.056', '0.047', '0.034']
Price Changes (%): ['-0.321', '0.282', '0.000', '-0.040']
Candle Analysis:
    Body Sizes (%): ['0.281', '0.322', '0.000', '0.080']
    Upper Shadows (%): ['0.241', '0.000', '0.121', '0.000']
    Lower Shadows (%): ['0.000', '0.081', '0.040', '0.000']
Volumes: [np.float64(552967.0), np.float64(296157.0), np.float64(312159.0), np.float64(76755.0)]
2025-05-17 13:00:34,327 - INFO - 
2. Post-Cross Movement (30min):
5min Price Changes (%): []
Maximum Change: 0.000% after 0 minutes
Candle Analysis:
    Body Sizes (%): []
    Upper Shadows (%): []
    Lower Shadows (%): []
Volumes: []
==================================================
2025-05-17 13:00:36,200 - INFO - 
==================================================
EMA Cross Analysis - ATA/USDT
Time: 2025-05-17 13:00:00+09:00
Type: golden
Cross Character (Current): Weak
Cross Character (New): Weak
Price at Cross: 0.0581

1. Pre-Cross Pattern (15min):
EMA Distance Changes (%): ['0.124', '0.057', '0.005', '0.022']
EMA12 Changes (%): ['0.068', '0.111', '0.094', '0.052']
Price Changes (%): ['-0.172', '0.345', '0.000', '-0.172']
Candle Analysis:
    Body Sizes (%): ['0.344', '0.172', '0.172', '0.172']
    Upper Shadows (%): ['0.172', '0.172', '0.000', '0.000']
    Lower Shadows (%): ['0.000', '0.172', '0.000', '0.000']
Volumes: [np.float64(57160.0), np.float64(20486.0), np.float64(18821.0), np.float64(27842.0)]
2025-05-17 13:00:36,200 - INFO - 
2. Post-Cross Movement (30min):
5min Price Changes (%): []
Maximum Change: 0.000% after 0 minutes
Candle Analysis:
    Body Sizes (%): []
    Upper Shadows (%): []
    Lower Shadows (%): []
Volumes: []
==================================================
2025-05-17 13:00:37,765 - INFO - 
==================================================
EMA Cross Analysis - COW/USDT
Time: 2025-05-17 12:55:00+09:00
Type: golden
Cross Character (Current): Weak
Cross Character (New): Weak
Price at Cross: 0.357

1. Pre-Cross Pattern (15min):
EMA Distance Changes (%): ['0.131', '0.074', '0.006', '0.061']
EMA12 Changes (%): ['0.130', '0.092', '0.122', '0.129']
Price Changes (%): ['0.113', '-0.112', '0.281', '0.168']
Candle Analysis:
    Body Sizes (%): ['0.169', '0.112', '0.253', '0.168']
    Upper Shadows (%): ['0.169', '0.337', '0.028', '0.084']
    Lower Shadows (%): ['0.084', '0.000', '0.141', '0.056']
Volumes: [np.float64(19082.0), np.float64(31793.0), np.float64(11675.0), np.float64(23221.0)]
2025-05-17 13:00:37,765 - INFO - 
2. Post-Cross Movement (30min):
5min Price Changes (%): ['-0.028']
Maximum Change: -0.028% after 5 minutes
Candle Analysis:
    Body Sizes (%): ['0.028']
    Upper Shadows (%): ['0.000']
    Lower Shadows (%): ['0.056']
Volumes: [np.float64(32028.0)]
==================================================
2025-05-17 13:05:08,281 - INFO - 
==================================================
EMA Cross Analysis - 1000PEPE/USDT
Time: 2025-05-17 13:00:00+09:00
Type: golden
Cross Character (Current): Weak
Cross Character (New): Weak
Price at Cross: 0.0125097

1. Pre-Cross Pattern (15min):
EMA Distance Changes (%): ['0.150', '0.087', '0.024', '0.022']
EMA12 Changes (%): ['0.042', '0.099', '0.111', '0.085']
Price Changes (%): ['-0.002', '0.412', '0.174', '-0.056']
Candle Analysis:
    Body Sizes (%): ['0.000', '0.412', '0.174', '0.049']
    Upper Shadows (%): ['0.322', '0.024', '0.014', '0.188']
    Lower Shadows (%): ['0.018', '0.104', '0.041', '0.154']
Volumes: [np.float64(170988906.0), np.float64(170455989.0), np.float64(191684912.0), np.float64(269787401.0)]
2025-05-17 13:05:08,282 - INFO - 
2. Post-Cross Movement (30min):
5min Price Changes (%): ['0.085']
Maximum Change: 0.085% after 5 minutes
Candle Analysis:
    Body Sizes (%): ['0.085']
    Upper Shadows (%): ['0.009']
    Lower Shadows (%): ['0.000']
Volumes: [np.float64(7174905.0)]
==================================================
2025-05-17 13:05:11,971 - INFO - 
==================================================
EMA Cross Analysis - THETA/USDT
Time: 2025-05-17 13:05:00+09:00
Type: golden
Cross Character (Current): Weak
Cross Character (New): Weak
Price at Cross: 0.8611

1. Pre-Cross Pattern (15min):
EMA Distance Changes (%): ['0.124', '0.061', '0.019', '0.016']
EMA12 Changes (%): ['0.108', '0.104', '0.074', '0.064']
Price Changes (%): ['0.408', '0.081', '-0.093', '0.012']
Candle Analysis:
    Body Sizes (%): ['0.408', '0.081', '0.093', '0.012']
    Upper Shadows (%): ['0.000', '0.128', '0.255', '0.012']
    Lower Shadows (%): ['0.070', '0.046', '0.093', '0.000']
Volumes: [np.float64(37747.8), np.float64(44481.3), np.float64(83257.6), np.float64(4211.5)]
2025-05-17 13:05:11,972 - INFO - 
2. Post-Cross Movement (30min):
5min Price Changes (%): []
Maximum Change: 0.000% after 0 minutes
Candle Analysis:
    Body Sizes (%): []
    Upper Shadows (%): []
    Lower Shadows (%): []
Volumes: []
==================================================
2025-05-17 13:05:12,200 - INFO - 
==================================================
EMA Cross Analysis - ARPA/USDT
Time: 2025-05-17 13:00:00+09:00
Type: golden
Cross Character (Current): Weak
Cross Character (New): Weak
Price at Cross: 0.02494

1. Pre-Cross Pattern (15min):
EMA Distance Changes (%): ['0.073', '0.038', '0.011', '0.026']
EMA12 Changes (%): ['0.014', '0.056', '0.047', '0.071']
Price Changes (%): ['-0.321', '0.282', '0.000', '0.201']
Candle Analysis:
    Body Sizes (%): ['0.281', '0.322', '0.000', '0.161']
    Upper Shadows (%): ['0.241', '0.000', '0.121', '0.120']
    Lower Shadows (%): ['0.000', '0.081', '0.040', '0.080']
Volumes: [np.float64(552967.0), np.float64(296157.0), np.float64(312159.0), np.float64(501376.0)]
2025-05-17 13:05:12,200 - INFO - 
2. Post-Cross Movement (30min):
5min Price Changes (%): ['0.080']
Maximum Change: 0.080% after 5 minutes
Candle Analysis:
    Body Sizes (%): ['0.080']
    Upper Shadows (%): ['0.000']
    Lower Shadows (%): ['0.000']
Volumes: [np.float64(18347.0)]
==================================================
2025-05-17 13:05:14,060 - INFO - 
==================================================
EMA Cross Analysis - ATA/USDT
Time: 2025-05-17 13:00:00+09:00
Type: golden
Cross Character (Current): Weak
Cross Character (New): Weak
Price at Cross: 0.0581

1. Pre-Cross Pattern (15min):
EMA Distance Changes (%): ['0.124', '0.057', '0.005', '0.022']
EMA12 Changes (%): ['0.068', '0.111', '0.094', '0.052']
Price Changes (%): ['-0.172', '0.345', '0.000', '-0.172']
Candle Analysis:
    Body Sizes (%): ['0.344', '0.172', '0.172', '0.172']
    Upper Shadows (%): ['0.172', '0.172', '0.000', '0.172']
    Lower Shadows (%): ['0.000', '0.172', '0.000', '0.000']
Volumes: [np.float64(57160.0), np.float64(20486.0), np.float64(18821.0), np.float64(104931.0)]
2025-05-17 13:05:14,061 - INFO - 
2. Post-Cross Movement (30min):
5min Price Changes (%): ['0.000']
Maximum Change: 0.000% after 0 minutes
Candle Analysis:
    Body Sizes (%): ['0.000']
    Upper Shadows (%): ['0.000']
    Lower Shadows (%): ['0.000']
Volumes: [np.float64(0.0)]
==================================================
2025-05-17 13:10:55,979 - INFO - 
==================================================
EMA Cross Analysis - PHA/USDT
Time: 2025-05-17 13:10:00+09:00
Type: golden
Cross Character (Current): Weak
Cross Character (New): Weak
Price at Cross: 0.12643

1. Pre-Cross Pattern (15min):
EMA Distance Changes (%): ['0.125', '0.063', '0.015', '0.026']
EMA12 Changes (%): ['0.068', '0.102', '0.084', '0.077']
Price Changes (%): ['0.016', '0.286', '-0.016', '0.040']
Candle Analysis:
    Body Sizes (%): ['0.008', '0.270', '0.040', '0.008']
    Upper Shadows (%): ['0.286', '0.190', '0.079', '0.016']
    Lower Shadows (%): ['0.063', '0.016', '0.301', '0.024']
Volumes: [np.float64(32184.0), np.float64(106072.0), np.float64(127289.0), np.float64(39110.0)]
2025-05-17 13:10:55,979 - INFO - 
2. Post-Cross Movement (30min):
5min Price Changes (%): []
Maximum Change: 0.000% after 0 minutes
Candle Analysis:
    Body Sizes (%): []
    Upper Shadows (%): []
    Lower Shadows (%): []
Volumes: []
==================================================
2025-05-17 13:10:58,309 - INFO - 
==================================================
EMA Cross Analysis - THETA/USDT
Time: 2025-05-17 13:05:00+09:00
Type: golden
Cross Character (Current): Weak
Cross Character (New): Weak
Price at Cross: 0.8598

1. Pre-Cross Pattern (15min):
EMA Distance Changes (%): ['0.124', '0.061', '0.019', '0.004']
EMA12 Changes (%): ['0.108', '0.104', '0.074', '0.041']
Price Changes (%): ['0.408', '0.081', '-0.093', '-0.139']
Candle Analysis:
    Body Sizes (%): ['0.408', '0.081', '0.093', '0.139']
    Upper Shadows (%): ['0.000', '0.128', '0.255', '0.139']
    Lower Shadows (%): ['0.070', '0.046', '0.093', '0.209']
Volumes: [np.float64(37747.8), np.float64(44481.3), np.float64(83257.6), np.float64(104583.8)]
2025-05-17 13:10:58,309 - INFO - 
2. Post-Cross Movement (30min):
5min Price Changes (%): ['0.163']
Maximum Change: 0.163% after 5 minutes
Candle Analysis:
    Body Sizes (%): ['0.163']
    Upper Shadows (%): ['0.000']
    Lower Shadows (%): ['0.012']
Volumes: [np.float64(12949.9)]
==================================================
2025-05-17 13:15:33,760 - INFO - 
==================================================
EMA Cross Analysis - PHA/USDT
Time: 2025-05-17 13:10:00+09:00
Type: golden
Cross Character (Current): Weak
Cross Character (New): Weak
Price at Cross: 0.12656

1. Pre-Cross Pattern (15min):
EMA Distance Changes (%): ['0.125', '0.063', '0.015', '0.034']
EMA12 Changes (%): ['0.068', '0.102', '0.084', '0.093']
Price Changes (%): ['0.016', '0.286', '-0.016', '0.142']
Candle Analysis:
    Body Sizes (%): ['0.008', '0.270', '0.040', '0.095']
    Upper Shadows (%): ['0.286', '0.190', '0.079', '0.016']
    Lower Shadows (%): ['0.063', '0.016', '0.301', '0.087']
Volumes: [np.float64(32184.0), np.float64(106072.0), np.float64(127289.0), np.float64(146109.0)]
2025-05-17 13:15:33,760 - INFO - 
2. Post-Cross Movement (30min):
5min Price Changes (%): ['0.237']
Maximum Change: 0.237% after 5 minutes
Candle Analysis:
    Body Sizes (%): ['0.213']
    Upper Shadows (%): ['0.039']
    Lower Shadows (%): ['0.016']
Volumes: [np.float64(20066.0)]
==================================================
2025-05-17 13:15:35,615 - INFO - 
==================================================
EMA Cross Analysis - ZRO/USDT
Time: 2025-05-17 13:10:00+09:00
Type: golden
Cross Character (Current): Weak
Cross Character (New): Weak
Price at Cross: 2.6448

1. Pre-Cross Pattern (15min):
EMA Distance Changes (%): ['0.087', '0.047', '0.018', '0.009']
EMA12 Changes (%): ['0.080', '0.065', '0.048', '0.050']
Price Changes (%): ['-0.004', '-0.015', '-0.042', '0.057']
Candle Analysis:
    Body Sizes (%): ['0.000', '0.011', '0.049', '0.068']
    Upper Shadows (%): ['0.132', '0.189', '0.231', '0.000']
    Lower Shadows (%): ['0.110', '0.200', '0.125', '0.110']
Volumes: [np.float64(19235.9), np.float64(99358.1), np.float64(19113.9), np.float64(20251.1)]
2025-05-17 13:15:35,615 - INFO - 
2. Post-Cross Movement (30min):
5min Price Changes (%): ['-0.004']
Maximum Change: -0.004% after 5 minutes
Candle Analysis:
    Body Sizes (%): ['0.008']
    Upper Shadows (%): ['0.057']
    Lower Shadows (%): ['0.095']
Volumes: [np.float64(1243.8)]
==================================================
2025-05-17 13:20:15,295 - INFO - 
==================================================
EMA Cross Analysis - PENGU/USDT
Time: 2025-05-17 13:20:00+09:00
Type: golden
Cross Character (Current): Weak
Cross Character (New): Weak
Price at Cross: 0.01246

1. Pre-Cross Pattern (15min):
EMA Distance Changes (%): ['0.095', '0.053', '0.002', '0.049']
EMA12 Changes (%): ['0.091', '0.069', '0.090', '0.099']
Price Changes (%): ['-0.169', '-0.056', '0.209', '0.145']
Candle Analysis:
    Body Sizes (%): ['0.169', '0.056', '0.209', '0.153']
    Upper Shadows (%): ['0.305', '0.346', '0.193', '0.000']
    Lower Shadows (%): ['0.378', '0.169', '0.193', '0.032']
Volumes: [np.float64(36663263.0), np.float64(18464426.0), np.float64(12231426.0), np.float64(1904416.0)]
2025-05-17 13:20:15,295 - INFO - 
2. Post-Cross Movement (30min):
5min Price Changes (%): []
Maximum Change: 0.000% after 0 minutes
Candle Analysis:
    Body Sizes (%): []
    Upper Shadows (%): []
    Lower Shadows (%): []
Volumes: []
==================================================
2025-05-17 13:20:15,516 - INFO - 
==================================================
EMA Cross Analysis - AIXBT/USDT
Time: 2025-05-17 13:15:00+09:00
Type: golden
Cross Character (Current): Weak
Cross Character (New): Weak
Price at Cross: 0.16967

1. Pre-Cross Pattern (15min):
EMA Distance Changes (%): ['0.078', '0.069', '0.045', '0.014']
EMA12 Changes (%): ['0.014', '0.006', '0.037', '0.107']
Price Changes (%): ['-0.130', '-0.042', '0.208', '0.492']
Candle Analysis:
    Body Sizes (%): ['0.113', '0.042', '0.214', '0.486']
    Upper Shadows (%): ['0.196', '0.314', '0.000', '0.012']
    Lower Shadows (%): ['0.083', '0.190', '0.160', '0.089']
Volumes: [np.float64(748157.0), np.float64(672380.0), np.float64(645149.0), np.float64(931009.0)]
2025-05-17 13:20:15,516 - INFO - 
2. Post-Cross Movement (30min):
5min Price Changes (%): ['0.071']
Maximum Change: 0.071% after 5 minutes
Candle Analysis:
    Body Sizes (%): ['0.088']
    Upper Shadows (%): ['0.006']
    Lower Shadows (%): ['0.077']
Volumes: [np.float64(118976.0)]
==================================================
2025-05-17 13:20:18,122 - INFO - 
==================================================
EMA Cross Analysis - BRETT/USDT
Time: 2025-05-17 13:20:00+09:00
Type: golden
Cross Character (Current): Weak
Cross Character (New): Weak
Price at Cross: 0.06611

1. Pre-Cross Pattern (15min):
EMA Distance Changes (%): ['0.068', '0.061', '0.024', '0.015']
EMA12 Changes (%): ['0.045', '0.005', '0.063', '0.072']
Price Changes (%): ['0.228', '-0.212', '0.380', '0.121']
Candle Analysis:
    Body Sizes (%): ['0.228', '0.197', '0.380', '0.136']
    Upper Shadows (%): ['0.046', '0.076', '0.076', '0.000']
    Lower Shadows (%): ['0.046', '0.152', '0.076', '0.061']
Volumes: [np.float64(232239.0), np.float64(180921.0), np.float64(310245.0), np.float64(75023.0)]
2025-05-17 13:20:18,122 - INFO - 
2. Post-Cross Movement (30min):
5min Price Changes (%): []
Maximum Change: 0.000% after 0 minutes
Candle Analysis:
    Body Sizes (%): []
    Upper Shadows (%): []
    Lower Shadows (%): []
Volumes: []
==================================================
2025-05-17 13:25:54,826 - INFO - 
==================================================
EMA Cross Analysis - BOME/USDT
Time: 2025-05-17 13:25:00+09:00
Type: golden
Cross Character (Current): Weak
Cross Character (New): Weak
Price at Cross: 0.002126

1. Pre-Cross Pattern (15min):
EMA Distance Changes (%): ['0.071', '0.031', '0.004', '0.029']
EMA12 Changes (%): ['0.052', '0.066', '0.049', '0.063']
Price Changes (%): ['-0.047', '0.141', '-0.047', '0.141']
Candle Analysis:
    Body Sizes (%): ['0.094', '0.141', '0.047', '0.189']
    Upper Shadows (%): ['0.141', '0.236', '0.377', '0.094']
    Lower Shadows (%): ['0.094', '0.094', '0.047', '0.000']
Volumes: [np.float64(26814021.0), np.float64(52659288.0), np.float64(99600528.0), np.float64(6839918.0)]
2025-05-17 13:25:54,826 - INFO - 
2. Post-Cross Movement (30min):
5min Price Changes (%): []
Maximum Change: 0.000% after 0 minutes
Candle Analysis:
    Body Sizes (%): []
    Upper Shadows (%): []
    Lower Shadows (%): []
Volumes: []
==================================================
2025-05-17 13:26:01,684 - INFO - 
==================================================
EMA Cross Analysis - PENGU/USDT
Time: 2025-05-17 13:20:00+09:00
Type: golden
Cross Character (Current): Weak
Cross Character (New): Weak
Price at Cross: 0.012454

1. Pre-Cross Pattern (15min):
EMA Distance Changes (%): ['0.095', '0.053', '0.002', '0.045']
EMA12 Changes (%): ['0.091', '0.069', '0.090', '0.091']
Price Changes (%): ['-0.169', '-0.056', '0.209', '0.096']
Candle Analysis:
    Body Sizes (%): ['0.169', '0.056', '0.209', '0.104']
    Upper Shadows (%): ['0.305', '0.346', '0.193', '0.169']
    Lower Shadows (%): ['0.378', '0.169', '0.193', '0.193']
Volumes: [np.float64(36663263.0), np.float64(18464426.0), np.float64(12231426.0), np.float64(21228096.0)]
2025-05-17 13:26:01,684 - INFO - 
2. Post-Cross Movement (30min):
5min Price Changes (%): ['0.072']
Maximum Change: 0.072% after 5 minutes
Candle Analysis:
    Body Sizes (%): ['0.072']
    Upper Shadows (%): ['0.137']
    Lower Shadows (%): ['0.048']
Volumes: [np.float64(3462230.0)]
==================================================
2025-05-17 13:26:04,509 - INFO - 
==================================================
EMA Cross Analysis - BRETT/USDT
Time: 2025-05-17 13:20:00+09:00
Type: golden
Cross Character (Current): Weak
Cross Character (New): Weak
Price at Cross: 0.0663

1. Pre-Cross Pattern (15min):
EMA Distance Changes (%): ['0.068', '0.061', '0.024', '0.038']
EMA12 Changes (%): ['0.045', '0.005', '0.063', '0.116']
Price Changes (%): ['0.228', '-0.212', '0.380', '0.409']
Candle Analysis:
    Body Sizes (%): ['0.228', '0.197', '0.380', '0.424']
    Upper Shadows (%): ['0.046', '0.076', '0.076', '0.242']
    Lower Shadows (%): ['0.046', '0.152', '0.076', '0.061']
Volumes: [np.float64(232239.0), np.float64(180921.0), np.float64(310245.0), np.float64(1434821.0)]
2025-05-17 13:26:04,509 - INFO - 
2. Post-Cross Movement (30min):
5min Price Changes (%): ['0.106']
Maximum Change: 0.106% after 5 minutes
Candle Analysis:
    Body Sizes (%): ['0.075']
    Upper Shadows (%): ['0.166']
    Lower Shadows (%): ['0.075']
Volumes: [np.float64(273357.0)]
==================================================
2025-05-17 13:26:04,906 - INFO - 
==================================================
EMA Cross Analysis - VANA/USDT
Time: 2025-05-17 13:25:00+09:00
Type: golden
Cross Character (Current): Weak
Cross Character (New): Weak
Price at Cross: 5.7

1. Pre-Cross Pattern (15min):
EMA Distance Changes (%): ['0.129', '0.059', '0.020', '0.024']
EMA12 Changes (%): ['0.043', '0.115', '0.068', '0.082']
Price Changes (%): ['0.035', '0.511', '-0.193', '0.158']
Candle Analysis:
    Body Sizes (%): ['0.018', '0.493', '0.193', '0.176']
    Upper Shadows (%): ['0.106', '0.053', '0.105', '0.070']
    Lower Shadows (%): ['0.106', '0.106', '0.035', '0.000']
Volumes: [np.float64(4431.01), np.float64(6181.88), np.float64(3872.89), np.float64(433.0)]
2025-05-17 13:26:04,906 - INFO - 
2. Post-Cross Movement (30min):
5min Price Changes (%): []
Maximum Change: 0.000% after 0 minutes
Candle Analysis:
    Body Sizes (%): []
    Upper Shadows (%): []
    Lower Shadows (%): []
Volumes: []
==================================================
2025-05-17 13:30:32,382 - INFO - 
==================================================
EMA Cross Analysis - BOME/USDT
Time: 2025-05-17 13:25:00+09:00
Type: golden
Cross Character (Current): Weak
Cross Character (New): Weak
Price at Cross: 0.00213

1. Pre-Cross Pattern (15min):
EMA Distance Changes (%): ['0.071', '0.031', '0.004', '0.044']
EMA12 Changes (%): ['0.052', '0.066', '0.049', '0.092']
Price Changes (%): ['-0.047', '0.141', '-0.047', '0.330']
Candle Analysis:
    Body Sizes (%): ['0.094', '0.141', '0.047', '0.377']
    Upper Shadows (%): ['0.141', '0.236', '0.377', '0.000']
    Lower Shadows (%): ['0.094', '0.094', '0.047', '0.047']
Volumes: [np.float64(26814021.0), np.float64(52659288.0), np.float64(99600528.0), np.float64(42823526.0)]
2025-05-17 13:30:32,382 - INFO - 
2. Post-Cross Movement (30min):
5min Price Changes (%): ['-0.188']
Maximum Change: -0.188% after 5 minutes
Candle Analysis:
    Body Sizes (%): ['0.141']
    Upper Shadows (%): ['0.047']
    Lower Shadows (%): ['0.000']
Volumes: [np.float64(6449649.0)]
==================================================
2025-05-17 13:30:42,462 - INFO - 
==================================================
EMA Cross Analysis - VANA/USDT
Time: 2025-05-17 13:25:00+09:00
Type: golden
Cross Character (Current): Weak
Cross Character (New): Weak
Price at Cross: 5.706

1. Pre-Cross Pattern (15min):
EMA Distance Changes (%): ['0.129', '0.059', '0.020', '0.032']
EMA12 Changes (%): ['0.043', '0.115', '0.068', '0.098']
Price Changes (%): ['0.035', '0.511', '-0.193', '0.264']
Candle Analysis:
    Body Sizes (%): ['0.018', '0.493', '0.193', '0.281']
    Upper Shadows (%): ['0.106', '0.053', '0.105', '0.105']
    Lower Shadows (%): ['0.106', '0.106', '0.035', '0.000']
Volumes: [np.float64(4431.01), np.float64(6181.88), np.float64(3872.89), np.float64(4959.17)]
2025-05-17 13:30:42,462 - INFO - 
2. Post-Cross Movement (30min):
5min Price Changes (%): ['-0.018']
Maximum Change: -0.018% after 5 minutes
Candle Analysis:
    Body Sizes (%): ['0.000']
    Upper Shadows (%): ['0.035']
    Lower Shadows (%): ['0.053']
Volumes: [np.float64(1083.25)]
==================================================
2025-05-17 13:40:56,057 - INFO - 
==================================================
EMA Cross Analysis - DOGS/USDT
Time: 2025-05-17 13:35:00+09:00
Type: golden
Cross Character (Current): Weak
Cross Character (New): Weak
Price at Cross: 0.0001776

1. Pre-Cross Pattern (15min):
EMA Distance Changes (%): ['0.147', '0.129', '0.106', '0.000']
EMA12 Changes (%): ['-0.038', '0.011', '0.027', '0.190']
Price Changes (%): ['-0.171', '0.286', '0.114', '1.081']
Candle Analysis:
    Body Sizes (%): ['0.114', '0.286', '0.114', '1.081']
    Upper Shadows (%): ['0.171', '0.000', '0.285', '0.000']
    Lower Shadows (%): ['0.057', '0.057', '0.171', '0.000']
Volumes: [np.float64(193326212.0), np.float64(220089788.0), np.float64(235126190.0), np.float64(449634553.0)]
2025-05-17 13:40:56,058 - INFO - 
2. Post-Cross Movement (30min):
5min Price Changes (%): ['0.000']
Maximum Change: 0.000% after 0 minutes
Candle Analysis:
    Body Sizes (%): ['0.056']
    Upper Shadows (%): ['0.000']
    Lower Shadows (%): ['0.056']
Volumes: [np.float64(46541888.0)]
==================================================
2025-05-17 14:00:44,330 - INFO - 
==================================================
EMA Cross Analysis - HIVE/USDT
Time: 2025-05-17 14:00:00+09:00
Type: dead
Cross Character (Current): Weak
Cross Character (New): Weak
Price at Cross: 0.27867

1. Pre-Cross Pattern (15min):
EMA Distance Changes (%): ['0.153', '0.070', '0.018', '0.014']
EMA12 Changes (%): ['-0.061', '-0.139', '-0.088', '-0.059']
Price Changes (%): ['-0.513', '-0.565', '0.191', '0.104']
Candle Analysis:
    Body Sizes (%): ['0.509', '0.573', '0.180', '0.090']
    Upper Shadows (%): ['0.028', '0.004', '0.443', '0.007']
    Lower Shadows (%): ['0.114', '0.064', '0.029', '0.043']
Volumes: [np.float64(400475.0), np.float64(446084.0), np.float64(348151.0), np.float64(26077.0)]
2025-05-17 14:00:44,330 - INFO - 
2. Post-Cross Movement (30min):
5min Price Changes (%): []
Maximum Change: 0.000% after 0 minutes
Candle Analysis:
    Body Sizes (%): []
    Upper Shadows (%): []
    Lower Shadows (%): []
Volumes: []
==================================================
2025-05-17 14:05:21,948 - INFO - 
==================================================
EMA Cross Analysis - HIVE/USDT
Time: 2025-05-17 14:00:00+09:00
Type: dead
Cross Character (Current): Weak
Cross Character (New): Weak
Price at Cross: 0.27807

1. Pre-Cross Pattern (15min):
EMA Distance Changes (%): ['0.153', '0.070', '0.018', '0.031']
EMA12 Changes (%): ['-0.061', '-0.139', '-0.088', '-0.092']
Price Changes (%): ['-0.513', '-0.565', '0.191', '-0.111']
Candle Analysis:
    Body Sizes (%): ['0.509', '0.573', '0.180', '0.126']
    Upper Shadows (%): ['0.028', '0.004', '0.443', '0.169']
    Lower Shadows (%): ['0.114', '0.064', '0.029', '0.377']
Volumes: [np.float64(400475.0), np.float64(446084.0), np.float64(348151.0), np.float64(377717.0)]
2025-05-17 14:05:21,949 - INFO - 
2. Post-Cross Movement (30min):
5min Price Changes (%): ['0.032']
Maximum Change: 0.032% after 5 minutes
Candle Analysis:
    Body Sizes (%): ['0.004']
    Upper Shadows (%): ['0.018']
    Lower Shadows (%): ['0.025']
Volumes: [np.float64(2607.0)]
==================================================
2025-05-17 14:20:14,721 - INFO - 
==================================================
EMA Cross Analysis - DOGS/USDT
Time: 2025-05-17 14:20:00+09:00
Type: dead
Cross Character (Current): Weak
Cross Character (New): Weak
Price at Cross: 0.000175

1. Pre-Cross Pattern (15min):
EMA Distance Changes (%): ['0.163', '0.119', '0.056', '0.004']
EMA12 Changes (%): ['-0.042', '-0.062', '-0.105', '-0.106']
Price Changes (%): ['-0.789', '-0.170', '-0.341', '-0.114']
Candle Analysis:
    Body Sizes (%): ['0.789', '0.170', '0.341', '0.057']
    Upper Shadows (%): ['0.056', '0.227', '0.228', '0.000']
    Lower Shadows (%): ['0.000', '0.057', '0.114', '0.000']
Volumes: [np.float64(198030380.0), np.float64(264267664.0), np.float64(387035074.0), np.float64(6810000.0)]
2025-05-17 14:20:14,721 - INFO - 
2. Post-Cross Movement (30min):
5min Price Changes (%): []
Maximum Change: 0.000% after 0 minutes
Candle Analysis:
    Body Sizes (%): []
    Upper Shadows (%): []
    Lower Shadows (%): []
Volumes: []
==================================================
2025-05-17 14:26:01,087 - INFO - 
==================================================
EMA Cross Analysis - DOGS/USDT
Time: 2025-05-17 14:20:00+09:00
Type: dead
Cross Character (Current): Weak
Cross Character (New): Weak
Price at Cross: 0.0001744

1. Pre-Cross Pattern (15min):
EMA Distance Changes (%): ['0.163', '0.119', '0.056', '0.031']
EMA12 Changes (%): ['-0.042', '-0.062', '-0.105', '-0.159']
Price Changes (%): ['-0.789', '-0.170', '-0.341', '-0.457']
Candle Analysis:
    Body Sizes (%): ['0.789', '0.170', '0.341', '0.400']
    Upper Shadows (%): ['0.056', '0.227', '0.228', '0.114']
    Lower Shadows (%): ['0.000', '0.057', '0.114', '0.057']
Volumes: [np.float64(198030380.0), np.float64(264267664.0), np.float64(387035074.0), np.float64(360520622.0)]
2025-05-17 14:26:01,088 - INFO - 
2. Post-Cross Movement (30min):
5min Price Changes (%): ['0.229']
Maximum Change: 0.229% after 5 minutes
Candle Analysis:
    Body Sizes (%): ['0.172']
    Upper Shadows (%): ['0.057']
    Lower Shadows (%): ['0.057']
Volumes: [np.float64(8414340.0)]
==================================================
2025-05-17 14:26:03,531 - INFO - 
==================================================
EMA Cross Analysis - ACX/USDT
Time: 2025-05-17 14:20:00+09:00
Type: dead
Cross Character (Current): Weak
Cross Character (New): Weak
Price at Cross: 0.2252

1. Pre-Cross Pattern (15min):
EMA Distance Changes (%): ['0.145', '0.113', '0.066', '0.007']
EMA12 Changes (%): ['-0.024', '-0.041', '-0.075', '-0.131']
Price Changes (%): ['-0.132', '-0.132', '-0.265', '-0.442']
Candle Analysis:
    Body Sizes (%): ['0.132', '0.176', '0.309', '0.442']
    Upper Shadows (%): ['0.044', '0.044', '0.132', '0.000']
    Lower Shadows (%): ['0.132', '0.000', '0.044', '0.000']
Volumes: [np.float64(17486.2), np.float64(21019.1), np.float64(21544.9), np.float64(11300.5)]
2025-05-17 14:26:03,532 - INFO - 
2. Post-Cross Movement (30min):
5min Price Changes (%): ['0.178']
Maximum Change: 0.178% after 5 minutes
Candle Analysis:
    Body Sizes (%): ['0.133']
    Upper Shadows (%): ['0.000']
    Lower Shadows (%): ['0.000']
Volumes: [np.float64(1785.6)]
==================================================
2025-05-17 14:26:06,488 - INFO - 
==================================================
EMA Cross Analysis - ZRO/USDT
Time: 2025-05-17 14:25:00+09:00
Type: dead
Cross Character (Current): Weak
Cross Character (New): Weak
Price at Cross: 2.631

1. Pre-Cross Pattern (15min):
EMA Distance Changes (%): ['0.185', '0.110', '0.023', '0.035']
EMA12 Changes (%): ['-0.085', '-0.118', '-0.150', '-0.108']
Price Changes (%): ['-0.381', '-0.299', '-0.330', '0.129']
Candle Analysis:
    Body Sizes (%): ['0.381', '0.303', '0.322', '0.129']
    Upper Shadows (%): ['0.000', '0.178', '0.000', '0.046']
    Lower Shadows (%): ['0.019', '0.076', '0.121', '0.000']
Volumes: [np.float64(27706.1), np.float64(52248.3), np.float64(29030.2), np.float64(7169.9)]
2025-05-17 14:26:06,488 - INFO - 
2. Post-Cross Movement (30min):
5min Price Changes (%): []
Maximum Change: 0.000% after 0 minutes
Candle Analysis:
    Body Sizes (%): []
    Upper Shadows (%): []
    Lower Shadows (%): []
Volumes: []
==================================================
2025-05-17 14:26:08,721 - INFO - 
==================================================
EMA Cross Analysis - AIXBT/USDT
Time: 2025-05-17 14:25:00+09:00
Type: dead
Cross Character (Current): Weak
Cross Character (New): Weak
Price at Cross: 0.1679

1. Pre-Cross Pattern (15min):
EMA Distance Changes (%): ['0.165', '0.092', '0.000', '0.063']
EMA12 Changes (%): ['-0.077', '-0.116', '-0.164', '-0.121']
Price Changes (%): ['-0.154', '-0.331', '-0.428', '0.119']
Candle Analysis:
    Body Sizes (%): ['0.165', '0.337', '0.422', '0.107']
    Upper Shadows (%): ['0.165', '0.213', '0.113', '0.149']
    Lower Shadows (%): ['0.089', '0.130', '0.042', '0.000']
Volumes: [np.float64(446386.0), np.float64(642343.0), np.float64(960630.0), np.float64(150840.0)]
2025-05-17 14:26:08,721 - INFO - 
2. Post-Cross Movement (30min):
5min Price Changes (%): []
Maximum Change: 0.000% after 0 minutes
Candle Analysis:
    Body Sizes (%): []
    Upper Shadows (%): []
    Lower Shadows (%): []
Volumes: []
==================================================
2025-05-17 14:30:43,920 - INFO - 
==================================================
EMA Cross Analysis - ZRO/USDT
Time: 2025-05-17 14:25:00+09:00
Type: dead
Cross Character (Current): Weak
Cross Character (New): Weak
Price at Cross: 2.6385

1. Pre-Cross Pattern (15min):
EMA Distance Changes (%): ['0.185', '0.110', '0.023', '0.012']
EMA12 Changes (%): ['-0.085', '-0.118', '-0.150', '-0.064']
Price Changes (%): ['-0.381', '-0.299', '-0.330', '0.415']
Candle Analysis:
    Body Sizes (%): ['0.381', '0.303', '0.322', '0.415']
    Upper Shadows (%): ['0.000', '0.178', '0.000', '0.027']
    Lower Shadows (%): ['0.019', '0.076', '0.121', '0.000']
Volumes: [np.float64(27706.1), np.float64(52248.3), np.float64(29030.2), np.float64(26361.2)]
2025-05-17 14:30:43,921 - INFO - 
2. Post-Cross Movement (30min):
5min Price Changes (%): ['-0.136']
Maximum Change: -0.136% after 5 minutes
Candle Analysis:
    Body Sizes (%): ['0.125']
    Upper Shadows (%): ['0.053']
    Lower Shadows (%): ['0.023']
Volumes: [np.float64(7723.8)]
==================================================
2025-05-17 14:30:46,135 - INFO - 
==================================================
EMA Cross Analysis - AIXBT/USDT
Time: 2025-05-17 14:25:00+09:00
Type: dead
Cross Character (Current): Weak
Cross Character (New): Weak
Price at Cross: 0.16822

1. Pre-Cross Pattern (15min):
EMA Distance Changes (%): ['0.165', '0.092', '0.000', '0.048']
EMA12 Changes (%): ['-0.077', '-0.116', '-0.164', '-0.092']
Price Changes (%): ['-0.154', '-0.331', '-0.428', '0.310']
Candle Analysis:
    Body Sizes (%): ['0.165', '0.337', '0.422', '0.298']
    Upper Shadows (%): ['0.165', '0.213', '0.113', '0.113']
    Lower Shadows (%): ['0.089', '0.130', '0.042', '0.000']
Volumes: [np.float64(446386.0), np.float64(642343.0), np.float64(960630.0), np.float64(399503.0)]
2025-05-17 14:30:46,136 - INFO - 
2. Post-Cross Movement (30min):
5min Price Changes (%): ['-0.178']
Maximum Change: -0.178% after 5 minutes
Candle Analysis:
    Body Sizes (%): ['0.172']
    Upper Shadows (%): ['0.006']
    Lower Shadows (%): ['0.000']
Volumes: [np.float64(183397.0)]
==================================================
2025-05-17 14:30:49,143 - INFO - 
==================================================
EMA Cross Analysis - VANA/USDT
Time: 2025-05-17 14:30:00+09:00
Type: dead
Cross Character (Current): Weak
Cross Character (New): Weak
Price at Cross: 5.671

1. Pre-Cross Pattern (15min):
EMA Distance Changes (%): ['0.098', '0.041', '0.021', '0.003']
EMA12 Changes (%): ['-0.072', '-0.096', '-0.032', '-0.044']
Price Changes (%): ['-0.246', '-0.229', '0.318', '-0.106']
Candle Analysis:
    Body Sizes (%): ['0.246', '0.229', '0.300', '0.088']
    Upper Shadows (%): ['0.141', '0.300', '0.071', '0.035']
    Lower Shadows (%): ['0.070', '0.035', '0.000', '0.000']
Volumes: [np.float64(11699.95), np.float64(10757.78), np.float64(2694.85), np.float64(419.31)]
2025-05-17 14:30:49,143 - INFO - 
2. Post-Cross Movement (30min):
5min Price Changes (%): []
Maximum Change: 0.000% after 0 minutes
Candle Analysis:
    Body Sizes (%): []
    Upper Shadows (%): []
    Lower Shadows (%): []
Volumes: []
==================================================
2025-05-17 14:35:17,614 - INFO - 
==================================================
EMA Cross Analysis - HIPPO/USDT
Time: 2025-05-17 14:35:00+09:00
Type: golden
Cross Character (Current): Weak
Cross Character (New): Weak
Price at Cross: 0.002852

1. Pre-Cross Pattern (15min):
EMA Distance Changes (%): ['0.210', '0.111', '0.000', '0.072']
EMA12 Changes (%): ['-0.033', '0.158', '0.199', '0.141']
Price Changes (%): ['0.178', '1.210', '0.422', '-0.175']
Candle Analysis:
    Body Sizes (%): ['0.214', '1.174', '0.457', '0.140']
    Upper Shadows (%): ['0.107', '0.071', '0.246', '0.000']
    Lower Shadows (%): ['1.569', '0.284', '0.492', '0.000']
Volumes: [np.float64(134680299.0), np.float64(153329108.0), np.float64(62808002.0), np.float64(753213.0)]
2025-05-17 14:35:17,614 - INFO - 
2. Post-Cross Movement (30min):
5min Price Changes (%): []
Maximum Change: 0.000% after 0 minutes
Candle Analysis:
    Body Sizes (%): []
    Upper Shadows (%): []
    Lower Shadows (%): []
Volumes: []
==================================================
2025-05-17 14:35:20,722 - INFO - 
==================================================
EMA Cross Analysis - TNSR/USDT
Time: 2025-05-17 14:30:00+09:00
Type: dead
Cross Character (Current): Weak
Cross Character (New): Weak
Price at Cross: 0.1543

1. Pre-Cross Pattern (15min):
EMA Distance Changes (%): ['0.145', '0.066', '0.039', '0.003']
EMA12 Changes (%): ['-0.132', '-0.132', '-0.042', '-0.075']
Price Changes (%): ['-0.130', '-0.130', '0.455', '-0.259']
Candle Analysis:
    Body Sizes (%): ['0.194', '0.130', '0.389', '0.194']
    Upper Shadows (%): ['0.129', '0.195', '0.000', '0.000']
    Lower Shadows (%): ['0.065', '0.000', '0.000', '0.065']
Volumes: [np.float64(38485.6), np.float64(57386.8), np.float64(26802.7), np.float64(30942.0)]
2025-05-17 14:35:20,722 - INFO - 
2. Post-Cross Movement (30min):
5min Price Changes (%): ['0.000']
Maximum Change: 0.000% after 0 minutes
Candle Analysis:
    Body Sizes (%): ['0.000']
    Upper Shadows (%): ['0.000']
    Lower Shadows (%): ['0.000']
Volumes: [np.float64(205.3)]
==================================================
2025-05-17 14:35:23,832 - INFO - 
==================================================
EMA Cross Analysis - ATA/USDT
Time: 2025-05-17 14:35:00+09:00
Type: dead
Cross Character (Current): Weak
Cross Character (New): Weak
Price at Cross: 0.058

1. Pre-Cross Pattern (15min):
EMA Distance Changes (%): ['0.130', '0.070', '0.023', '0.015']
EMA12 Changes (%): ['-0.145', '-0.096', '-0.082', '-0.069']
Price Changes (%): ['-0.344', '0.173', '0.000', '0.000']
Candle Analysis:
    Body Sizes (%): ['0.515', '0.000', '0.172', '0.000']
    Upper Shadows (%): ['0.000', '0.172', '0.172', '0.172']
    Lower Shadows (%): ['0.000', '0.172', '0.000', '0.000']
Volumes: [np.float64(36543.0), np.float64(52737.0), np.float64(93750.0), np.float64(5535.0)]
2025-05-17 14:35:23,832 - INFO - 
2. Post-Cross Movement (30min):
5min Price Changes (%): []
Maximum Change: 0.000% after 0 minutes
Candle Analysis:
    Body Sizes (%): []
    Upper Shadows (%): []
    Lower Shadows (%): []
Volumes: []
==================================================
2025-05-17 14:35:26,631 - INFO - 
==================================================
EMA Cross Analysis - VANA/USDT
Time: 2025-05-17 14:30:00+09:00
Type: dead
Cross Character (Current): Weak
Cross Character (New): Weak
Price at Cross: 5.668

1. Pre-Cross Pattern (15min):
EMA Distance Changes (%): ['0.098', '0.041', '0.021', '0.007']
EMA12 Changes (%): ['-0.072', '-0.096', '-0.032', '-0.052']
Price Changes (%): ['-0.246', '-0.229', '0.318', '-0.159']
Candle Analysis:
    Body Sizes (%): ['0.246', '0.229', '0.300', '0.141']
    Upper Shadows (%): ['0.141', '0.300', '0.071', '0.035']
    Lower Shadows (%): ['0.070', '0.035', '0.000', '0.088']
Volumes: [np.float64(11699.95), np.float64(10757.78), np.float64(2694.85), np.float64(5921.4)]
2025-05-17 14:35:26,631 - INFO - 
2. Post-Cross Movement (30min):
5min Price Changes (%): ['0.018']
Maximum Change: 0.018% after 5 minutes
Candle Analysis:
    Body Sizes (%): ['0.018']
    Upper Shadows (%): ['0.000']
    Lower Shadows (%): ['0.000']
Volumes: [np.float64(226.32)]
==================================================
2025-05-17 14:35:26,853 - INFO - 
==================================================
EMA Cross Analysis - MELANIA/USDT
Time: 2025-05-17 14:30:00+09:00
Type: dead
Cross Character (Current): Weak
Cross Character (New): Weak
Price at Cross: 0.3254

1. Pre-Cross Pattern (15min):
EMA Distance Changes (%): ['0.148', '0.075', '0.039', '0.015']
EMA12 Changes (%): ['-0.086', '-0.119', '-0.059', '-0.097']
Price Changes (%): ['-0.275', '-0.306', '0.276', '-0.306']
Candle Analysis:
    Body Sizes (%): ['0.244', '0.306', '0.246', '0.306']
    Upper Shadows (%): ['0.031', '0.092', '0.123', '0.214']
    Lower Shadows (%): ['0.092', '0.061', '0.000', '0.061']
Volumes: [np.float64(86064.15), np.float64(127631.89), np.float64(89334.66), np.float64(113191.42)]
2025-05-17 14:35:26,854 - INFO - 
2. Post-Cross Movement (30min):
5min Price Changes (%): ['0.092']
Maximum Change: 0.092% after 5 minutes
Candle Analysis:
    Body Sizes (%): ['0.061']
    Upper Shadows (%): ['0.000']
    Lower Shadows (%): ['0.000']
Volumes: [np.float64(1188.34)]
==================================================
2025-05-17 14:41:02,708 - INFO - 
==================================================
EMA Cross Analysis - BAN/USDT
Time: 2025-05-17 14:40:00+09:00
Type: dead
Cross Character (Current): Weak
Cross Character (New): Weak
Price at Cross: 0.05742

1. Pre-Cross Pattern (15min):
EMA Distance Changes (%): ['0.105', '0.070', '0.026', '0.011']
EMA12 Changes (%): ['-0.033', '-0.052', '-0.076', '-0.067']
Price Changes (%): ['0.383', '-0.156', '-0.209', '-0.017']
Candle Analysis:
    Body Sizes (%): ['0.383', '0.121', '0.209', '0.000']
    Upper Shadows (%): ['0.087', '0.069', '0.000', '0.000']
    Lower Shadows (%): ['0.000', '0.017', '0.052', '0.017']
Volumes: [np.float64(70358.0), np.float64(22315.0), np.float64(41427.0), np.float64(4327.0)]
2025-05-17 14:41:02,708 - INFO - 
2. Post-Cross Movement (30min):
5min Price Changes (%): []
Maximum Change: 0.000% after 0 minutes
Candle Analysis:
    Body Sizes (%): []
    Upper Shadows (%): []
    Lower Shadows (%): []
Volumes: []
==================================================
2025-05-17 14:41:02,931 - INFO - 
==================================================
EMA Cross Analysis - BOME/USDT
Time: 2025-05-17 14:40:00+09:00
Type: dead
Cross Character (Current): Weak
Cross Character (New): Weak
Price at Cross: 0.00211

1. Pre-Cross Pattern (15min):
EMA Distance Changes (%): ['0.171', '0.104', '0.005', '0.069']
EMA12 Changes (%): ['-0.047', '-0.104', '-0.175', '-0.141']
Price Changes (%): ['0.424', '-0.423', '-0.566', '0.047']
Candle Analysis:
    Body Sizes (%): ['0.424', '0.469', '0.566', '0.000']
    Upper Shadows (%): ['0.094', '0.047', '0.047', '0.142']
    Lower Shadows (%): ['0.000', '0.141', '0.094', '0.047']
Volumes: [np.float64(27112267.0), np.float64(37825118.0), np.float64(73990382.0), np.float64(10231921.0)]
2025-05-17 14:41:02,931 - INFO - 
2. Post-Cross Movement (30min):
5min Price Changes (%): []
Maximum Change: 0.000% after 0 minutes
Candle Analysis:
    Body Sizes (%): []
    Upper Shadows (%): []
    Lower Shadows (%): []
Volumes: []
==================================================
2025-05-17 14:41:04,729 - INFO - 
==================================================
EMA Cross Analysis - 1000PEPE/USDT
Time: 2025-05-17 14:40:00+09:00
Type: dead
Cross Character (Current): Weak
Cross Character (New): Weak
Price at Cross: 0.0124358

1. Pre-Cross Pattern (15min):
EMA Distance Changes (%): ['0.103', '0.075', '0.027', '0.024']
EMA12 Changes (%): ['-0.006', '-0.039', '-0.083', '-0.093']
Price Changes (%): ['0.571', '-0.221', '-0.323', '-0.150']
Candle Analysis:
    Body Sizes (%): ['0.571', '0.221', '0.323', '0.153']
    Upper Shadows (%): ['0.075', '0.161', '0.032', '0.124']
    Lower Shadows (%): ['0.000', '0.124', '0.036', '0.159']
Volumes: [np.float64(179546323.0), np.float64(152582590.0), np.float64(91393795.0), np.float64(154666316.0)]
2025-05-17 14:41:04,729 - INFO - 
2. Post-Cross Movement (30min):
5min Price Changes (%): []
Maximum Change: 0.000% after 0 minutes
Candle Analysis:
    Body Sizes (%): []
    Upper Shadows (%): []
    Lower Shadows (%): []
Volumes: []
==================================================
2025-05-17 14:41:05,172 - INFO - 
==================================================
EMA Cross Analysis - LINK/USDT
Time: 2025-05-17 14:40:00+09:00
Type: dead
Cross Character (Current): Weak
Cross Character (New): Weak
Price at Cross: 15.437

1. Pre-Cross Pattern (15min):
EMA Distance Changes (%): ['0.127', '0.084', '0.035', '0.006']
EMA12 Changes (%): ['-0.037', '-0.066', '-0.082', '-0.073']
Price Changes (%): ['0.162', '-0.226', '-0.168', '-0.026']
Candle Analysis:
    Body Sizes (%): ['0.162', '0.226', '0.168', '0.026']
    Upper Shadows (%): ['0.045', '0.110', '0.045', '0.045']
    Lower Shadows (%): ['0.000', '0.071', '0.019', '0.000']
Volumes: [np.float64(73799.85), np.float64(50132.82), np.float64(41913.94), np.float64(8207.94)]
2025-05-17 14:41:05,172 - INFO - 
2. Post-Cross Movement (30min):
5min Price Changes (%): []
Maximum Change: 0.000% after 0 minutes
Candle Analysis:
    Body Sizes (%): []
    Upper Shadows (%): []
    Lower Shadows (%): []
Volumes: []
==================================================
2025-05-17 14:41:05,393 - INFO - 
==================================================
EMA Cross Analysis - POL/USDT
Time: 2025-05-17 14:40:00+09:00
Type: dead
Cross Character (Current): Weak
Cross Character (New): Weak
Price at Cross: 0.23208

1. Pre-Cross Pattern (15min):
EMA Distance Changes (%): ['0.098', '0.064', '0.022', '0.014']
EMA12 Changes (%): ['-0.017', '-0.051', '-0.071', '-0.066']
Price Changes (%): ['0.301', '-0.236', '-0.185', '-0.034']
Candle Analysis:
    Body Sizes (%): ['0.297', '0.236', '0.185', '0.039']
    Upper Shadows (%): ['0.000', '0.094', '0.043', '0.073']
    Lower Shadows (%): ['0.000', '0.043', '0.039', '0.013']
Volumes: [np.float64(156473.0), np.float64(83834.0), np.float64(134175.0), np.float64(84256.0)]
2025-05-17 14:41:05,394 - INFO - 
2. Post-Cross Movement (30min):
5min Price Changes (%): []
Maximum Change: 0.000% after 0 minutes
Candle Analysis:
    Body Sizes (%): []
    Upper Shadows (%): []
    Lower Shadows (%): []
Volumes: []
==================================================
2025-05-17 14:41:06,503 - INFO - 
==================================================
EMA Cross Analysis - DOGE/USDT
Time: 2025-05-17 14:40:00+09:00
Type: dead
Cross Character (Current): Weak
Cross Character (New): Weak
Price at Cross: 0.21731

1. Pre-Cross Pattern (15min):
EMA Distance Changes (%): ['0.096', '0.061', '0.017', '0.016']
EMA12 Changes (%): ['-0.025', '-0.055', '-0.075', '-0.061']
Price Changes (%): ['0.257', '-0.220', '-0.188', '0.014']
Candle Analysis:
    Body Sizes (%): ['0.257', '0.225', '0.193', '0.014']
    Upper Shadows (%): ['0.023', '0.101', '0.073', '0.106']
    Lower Shadows (%): ['0.005', '0.096', '0.028', '0.000']
Volumes: [np.float64(8405352.0), np.float64(10399033.0), np.float64(11706148.0), np.float64(3626824.0)]
2025-05-17 14:41:06,504 - INFO - 
2. Post-Cross Movement (30min):
5min Price Changes (%): []
Maximum Change: 0.000% after 0 minutes
Candle Analysis:
    Body Sizes (%): []
    Upper Shadows (%): []
    Lower Shadows (%): []
Volumes: []
==================================================
2025-05-17 14:41:06,957 - INFO - 
==================================================
EMA Cross Analysis - GALA/USDT
Time: 2025-05-17 14:40:00+09:00
Type: dead
Cross Character (Current): Weak
Cross Character (New): Weak
Price at Cross: 0.01876

1. Pre-Cross Pattern (15min):
EMA Distance Changes (%): ['0.119', '0.076', '0.024', '0.021']
EMA12 Changes (%): ['-0.011', '-0.066', '-0.089', '-0.083']
Price Changes (%): ['0.586', '-0.371', '-0.213', '-0.053']
Candle Analysis:
    Body Sizes (%): ['0.532', '0.318', '0.213', '0.106']
    Upper Shadows (%): ['0.000', '0.159', '0.159', '0.000']
    Lower Shadows (%): ['0.000', '0.106', '0.000', '0.053']
Volumes: [np.float64(7925782.0), np.float64(9163041.0), np.float64(8221206.0), np.float64(2390460.0)]
2025-05-17 14:41:06,957 - INFO - 
2. Post-Cross Movement (30min):
5min Price Changes (%): []
Maximum Change: 0.000% after 0 minutes
Candle Analysis:
    Body Sizes (%): []
    Upper Shadows (%): []
    Lower Shadows (%): []
Volumes: []
==================================================
2025-05-17 14:41:09,391 - INFO - 
==================================================
EMA Cross Analysis - WLD/USDT
Time: 2025-05-17 14:40:00+09:00
Type: dead
Cross Character (Current): Weak
Cross Character (New): Weak
Price at Cross: 1.0822

1. Pre-Cross Pattern (15min):
EMA Distance Changes (%): ['0.128', '0.089', '0.032', '0.016']
EMA12 Changes (%): ['-0.044', '-0.057', '-0.096', '-0.087']
Price Changes (%): ['0.304', '-0.129', '-0.313', '-0.037']
Candle Analysis:
    Body Sizes (%): ['0.295', '0.129', '0.313', '0.046']
    Upper Shadows (%): ['0.046', '0.120', '0.101', '0.111']
    Lower Shadows (%): ['0.000', '0.074', '0.018', '0.055']
Volumes: [np.float64(213559.0), np.float64(197516.0), np.float64(163739.0), np.float64(69945.0)]
2025-05-17 14:41:09,391 - INFO - 
2. Post-Cross Movement (30min):
5min Price Changes (%): []
Maximum Change: 0.000% after 0 minutes
Candle Analysis:
    Body Sizes (%): []
    Upper Shadows (%): []
    Lower Shadows (%): []
Volumes: []
==================================================
2025-05-17 14:41:10,290 - INFO - 
==================================================
EMA Cross Analysis - ATA/USDT
Time: 2025-05-17 14:35:00+09:00
Type: dead
Cross Character (Current): Weak
Cross Character (New): Weak
Price at Cross: 0.0579

1. Pre-Cross Pattern (15min):
EMA Distance Changes (%): ['0.130', '0.070', '0.023', '0.029']
EMA12 Changes (%): ['-0.145', '-0.096', '-0.082', '-0.095']
Price Changes (%): ['-0.344', '0.173', '0.000', '-0.172']
Candle Analysis:
    Body Sizes (%): ['0.515', '0.000', '0.172', '0.172']
    Upper Shadows (%): ['0.000', '0.172', '0.172', '0.172']
    Lower Shadows (%): ['0.000', '0.172', '0.000', '0.172']
Volumes: [np.float64(36543.0), np.float64(52737.0), np.float64(93750.0), np.float64(44082.0)]
2025-05-17 14:41:10,290 - INFO - 
2. Post-Cross Movement (30min):
5min Price Changes (%): ['0.000']
Maximum Change: 0.000% after 0 minutes
Candle Analysis:
    Body Sizes (%): ['0.172']
    Upper Shadows (%): ['0.000']
    Lower Shadows (%): ['0.000']
Volumes: [np.float64(940.0)]
==================================================
2025-05-17 14:41:12,406 - INFO - 
==================================================
EMA Cross Analysis - USUAL/USDT
Time: 2025-05-17 14:35:00+09:00
Type: dead
Cross Character (Current): Weak
Cross Character (New): Weak
Price at Cross: 0.1253

1. Pre-Cross Pattern (15min):
EMA Distance Changes (%): ['0.132', '0.091', '0.045', '0.016']
EMA12 Changes (%): ['-0.114', '-0.060', '-0.075', '-0.112']
Price Changes (%): ['-0.080', '0.239', '-0.159', '-0.318']
Candle Analysis:
    Body Sizes (%): ['0.000', '0.239', '0.238', '0.318']
    Upper Shadows (%): ['0.239', '0.239', '0.000', '0.000']
    Lower Shadows (%): ['0.159', '0.000', '0.079', '0.000']
Volumes: [np.float64(757683.0), np.float64(324663.0), np.float64(272814.0), np.float64(87905.0)]
2025-05-17 14:41:12,406 - INFO - 
2. Post-Cross Movement (30min):
5min Price Changes (%): ['0.000']
Maximum Change: 0.000% after 0 minutes
Candle Analysis:
    Body Sizes (%): ['0.000']
    Upper Shadows (%): ['0.080']
    Lower Shadows (%): ['0.080']
Volumes: [np.float64(89892.0)]
==================================================
2025-05-17 14:41:12,632 - INFO - 
==================================================
EMA Cross Analysis - BRETT/USDT
Time: 2025-05-17 14:40:00+09:00
Type: dead
Cross Character (Current): Weak
Cross Character (New): Weak
Price at Cross: 0.06562

1. Pre-Cross Pattern (15min):
EMA Distance Changes (%): ['0.118', '0.069', '0.003', '0.064']
EMA12 Changes (%): ['-0.026', '-0.078', '-0.117', '-0.127']
Price Changes (%): ['0.761', '-0.363', '-0.334', '-0.183']
Candle Analysis:
    Body Sizes (%): ['0.746', '0.363', '0.303', '0.198']
    Upper Shadows (%): ['0.304', '0.045', '0.030', '0.030']
    Lower Shadows (%): ['0.000', '0.091', '0.015', '0.183']
Volumes: [np.float64(1320106.0), np.float64(190923.0), np.float64(143937.0), np.float64(1053271.0)]
2025-05-17 14:41:12,632 - INFO - 
2. Post-Cross Movement (30min):
5min Price Changes (%): []
Maximum Change: 0.000% after 0 minutes
Candle Analysis:
    Body Sizes (%): []
    Upper Shadows (%): []
    Lower Shadows (%): []
Volumes: []
==================================================
2025-05-17 14:45:40,231 - INFO - 
==================================================
EMA Cross Analysis - BAN/USDT
Time: 2025-05-17 14:40:00+09:00
Type: dead
Cross Character (Current): Weak
Cross Character (New): Weak
Price at Cross: 0.05739

1. Pre-Cross Pattern (15min):
EMA Distance Changes (%): ['0.105', '0.070', '0.026', '0.015']
EMA12 Changes (%): ['-0.033', '-0.052', '-0.076', '-0.075']
Price Changes (%): ['0.383', '-0.156', '-0.209', '-0.070']
Candle Analysis:
    Body Sizes (%): ['0.383', '0.121', '0.209', '0.052']
    Upper Shadows (%): ['0.087', '0.069', '0.000', '0.157']
    Lower Shadows (%): ['0.000', '0.017', '0.052', '0.000']
Volumes: [np.float64(70358.0), np.float64(22315.0), np.float64(41427.0), np.float64(27216.0)]
2025-05-17 14:45:40,231 - INFO - 
2. Post-Cross Movement (30min):
5min Price Changes (%): ['-0.105']
Maximum Change: -0.105% after 5 minutes
Candle Analysis:
    Body Sizes (%): ['0.070']
    Upper Shadows (%): ['0.000']
    Lower Shadows (%): ['0.035']
Volumes: [np.float64(1770.0)]
==================================================
2025-05-17 14:45:40,455 - INFO - 
==================================================
EMA Cross Analysis - BOME/USDT
Time: 2025-05-17 14:40:00+09:00
Type: dead
Cross Character (Current): Weak
Cross Character (New): Weak
Price at Cross: 0.002105

1. Pre-Cross Pattern (15min):
EMA Distance Changes (%): ['0.171', '0.104', '0.005', '0.088']
EMA12 Changes (%): ['-0.047', '-0.104', '-0.175', '-0.177']
Price Changes (%): ['0.424', '-0.423', '-0.566', '-0.190']
Candle Analysis:
    Body Sizes (%): ['0.424', '0.469', '0.566', '0.237']
    Upper Shadows (%): ['0.094', '0.047', '0.047', '0.190']
    Lower Shadows (%): ['0.000', '0.141', '0.094', '0.047']
Volumes: [np.float64(27112267.0), np.float64(37825118.0), np.float64(73990382.0), np.float64(62601469.0)]
2025-05-17 14:45:40,456 - INFO - 
2. Post-Cross Movement (30min):
5min Price Changes (%): ['-0.190']
Maximum Change: -0.190% after 5 minutes
Candle Analysis:
    Body Sizes (%): ['0.190']
    Upper Shadows (%): ['0.000']
    Lower Shadows (%): ['0.048']
Volumes: [np.float64(23708634.0)]
==================================================
2025-05-17 14:45:40,687 - INFO - 
==================================================
EMA Cross Analysis - ORCA/USDT
Time: 2025-05-17 14:40:00+09:00
Type: dead
Cross Character (Current): Weak
Cross Character (New): Weak
Price at Cross: 2.538

1. Pre-Cross Pattern (15min):
EMA Distance Changes (%): ['0.130', '0.093', '0.047', '0.006']
EMA12 Changes (%): ['-0.021', '-0.054', '-0.075', '-0.094']
Price Changes (%): ['0.275', '-0.235', '-0.196', '-0.197']
Candle Analysis:
    Body Sizes (%): ['0.314', '0.196', '0.235', '0.157']
    Upper Shadows (%): ['0.000', '0.157', '0.039', '0.118']
    Lower Shadows (%): ['0.000', '0.039', '0.000', '0.000']
Volumes: [np.float64(4028.2), np.float64(6172.4), np.float64(6002.6), np.float64(4849.5)]
2025-05-17 14:45:40,687 - INFO - 
2. Post-Cross Movement (30min):
5min Price Changes (%): ['-0.118']
Maximum Change: -0.118% after 5 minutes
Candle Analysis:
    Body Sizes (%): ['0.079']
    Upper Shadows (%): ['0.000']
    Lower Shadows (%): ['0.000']
Volumes: [np.float64(4093.0)]
==================================================
2025-05-17 14:45:41,794 - INFO - 
==================================================
EMA Cross Analysis - BAKE/USDT
Time: 2025-05-17 14:45:00+09:00
Type: dead
Cross Character (Current): Weak
Cross Character (New): Weak
Price at Cross: 0.131

1. Pre-Cross Pattern (15min):
EMA Distance Changes (%): ['0.142', '0.099', '0.046', '0.008']
EMA12 Changes (%): ['-0.018', '-0.062', '-0.088', '-0.098']
Price Changes (%): ['-0.076', '-0.303', '-0.228', '-0.152']
Candle Analysis:
    Body Sizes (%): ['0.076', '0.303', '0.228', '0.076']
    Upper Shadows (%): ['0.076', '0.000', '0.152', '0.000']
    Lower Shadows (%): ['0.152', '0.000', '0.152', '0.000']
Volumes: [np.float64(83248.0), np.float64(90905.0), np.float64(140507.0), np.float64(64021.0)]
2025-05-17 14:45:41,794 - INFO - 
2. Post-Cross Movement (30min):
5min Price Changes (%): []
Maximum Change: 0.000% after 0 minutes
Candle Analysis:
    Body Sizes (%): []
    Upper Shadows (%): []
    Lower Shadows (%): []
Volumes: []
==================================================
2025-05-17 14:45:42,237 - INFO - 
==================================================
EMA Cross Analysis - 1000PEPE/USDT
Time: 2025-05-17 14:40:00+09:00
Type: dead
Cross Character (Current): Weak
Cross Character (New): Weak
Price at Cross: 0.0124333

1. Pre-Cross Pattern (15min):
EMA Distance Changes (%): ['0.103', '0.075', '0.027', '0.026']
EMA12 Changes (%): ['-0.006', '-0.039', '-0.083', '-0.096']
Price Changes (%): ['0.571', '-0.221', '-0.323', '-0.170']
Candle Analysis:
    Body Sizes (%): ['0.571', '0.221', '0.323', '0.173']
    Upper Shadows (%): ['0.075', '0.161', '0.032', '0.124']
    Lower Shadows (%): ['0.000', '0.124', '0.036', '0.139']
Volumes: [np.float64(179546323.0), np.float64(152582590.0), np.float64(91393795.0), np.float64(227431823.0)]
2025-05-17 14:45:42,238 - INFO - 
2. Post-Cross Movement (30min):
5min Price Changes (%): ['-0.211']
Maximum Change: -0.211% after 5 minutes
Candle Analysis:
    Body Sizes (%): ['0.210']
    Upper Shadows (%): ['0.001']
    Lower Shadows (%): ['0.023']
Volumes: [np.float64(117007081.0)]
==================================================
2025-05-17 14:45:42,684 - INFO - 
==================================================
EMA Cross Analysis - LINK/USDT
Time: 2025-05-17 14:40:00+09:00
Type: dead
Cross Character (Current): Weak
Cross Character (New): Weak
Price at Cross: 15.432

1. Pre-Cross Pattern (15min):
EMA Distance Changes (%): ['0.127', '0.084', '0.035', '0.008']
EMA12 Changes (%): ['-0.037', '-0.066', '-0.082', '-0.078']
Price Changes (%): ['0.162', '-0.226', '-0.168', '-0.058']
Candle Analysis:
    Body Sizes (%): ['0.162', '0.226', '0.168', '0.058']
    Upper Shadows (%): ['0.045', '0.110', '0.045', '0.110']
    Lower Shadows (%): ['0.000', '0.071', '0.019', '0.013']
Volumes: [np.float64(73799.85), np.float64(50132.82), np.float64(41913.94), np.float64(50493.05)]
2025-05-17 14:45:42,684 - INFO - 
2. Post-Cross Movement (30min):
5min Price Changes (%): ['-0.149']
Maximum Change: -0.149% after 5 minutes
Candle Analysis:
    Body Sizes (%): ['0.143']
    Upper Shadows (%): ['0.000']
    Lower Shadows (%): ['0.019']
Volumes: [np.float64(14384.27)]
==================================================
2025-05-17 14:45:42,917 - INFO - 
==================================================
EMA Cross Analysis - POL/USDT
Time: 2025-05-17 14:40:00+09:00
Type: dead
Cross Character (Current): Weak
Cross Character (New): Weak
Price at Cross: 0.23189

1. Pre-Cross Pattern (15min):
EMA Distance Changes (%): ['0.098', '0.064', '0.022', '0.020']
EMA12 Changes (%): ['-0.017', '-0.051', '-0.071', '-0.078']
Price Changes (%): ['0.301', '-0.236', '-0.185', '-0.116']
Candle Analysis:
    Body Sizes (%): ['0.297', '0.236', '0.185', '0.121']
    Upper Shadows (%): ['0.000', '0.094', '0.043', '0.082']
    Lower Shadows (%): ['0.000', '0.043', '0.039', '0.009']
Volumes: [np.float64(156473.0), np.float64(83834.0), np.float64(134175.0), np.float64(190860.0)]
2025-05-17 14:45:42,917 - INFO - 
2. Post-Cross Movement (30min):
5min Price Changes (%): ['-0.168']
Maximum Change: -0.168% after 5 minutes
Candle Analysis:
    Body Sizes (%): ['0.172']
    Upper Shadows (%): ['0.022']
    Lower Shadows (%): ['0.000']
Volumes: [np.float64(125178.0)]
==================================================
2025-05-17 14:45:44,029 - INFO - 
==================================================
EMA Cross Analysis - DOGE/USDT
Time: 2025-05-17 14:40:00+09:00
Type: dead
Cross Character (Current): Weak
Cross Character (New): Weak
Price at Cross: 0.21727

1. Pre-Cross Pattern (15min):
EMA Distance Changes (%): ['0.096', '0.061', '0.017', '0.018']
EMA12 Changes (%): ['-0.025', '-0.055', '-0.075', '-0.064']
Price Changes (%): ['0.257', '-0.220', '-0.188', '-0.005']
Candle Analysis:
    Body Sizes (%): ['0.257', '0.225', '0.193', '0.005']
    Upper Shadows (%): ['0.023', '0.101', '0.073', '0.143']
    Lower Shadows (%): ['0.005', '0.096', '0.028', '0.018']
Volumes: [np.float64(8405352.0), np.float64(10399033.0), np.float64(11706148.0), np.float64(7692264.0)]
2025-05-17 14:45:44,030 - INFO - 
2. Post-Cross Movement (30min):
5min Price Changes (%): ['-0.087']
Maximum Change: -0.087% after 5 minutes
Candle Analysis:
    Body Sizes (%): ['0.087']
    Upper Shadows (%): ['0.000']
    Lower Shadows (%): ['0.106']
Volumes: [np.float64(5915316.0)]
==================================================
2025-05-17 14:45:44,472 - INFO - 
==================================================
EMA Cross Analysis - GALA/USDT
Time: 2025-05-17 14:40:00+09:00
Type: dead
Cross Character (Current): Weak
Cross Character (New): Weak
Price at Cross: 0.01872

1. Pre-Cross Pattern (15min):
EMA Distance Changes (%): ['0.119', '0.076', '0.024', '0.038']
EMA12 Changes (%): ['-0.011', '-0.066', '-0.089', '-0.116']
Price Changes (%): ['0.586', '-0.371', '-0.213', '-0.266']
Candle Analysis:
    Body Sizes (%): ['0.532', '0.318', '0.213', '0.319']
    Upper Shadows (%): ['0.000', '0.159', '0.159', '0.053']
    Lower Shadows (%): ['0.000', '0.106', '0.000', '0.053']
Volumes: [np.float64(7925782.0), np.float64(9163041.0), np.float64(8221206.0), np.float64(7796182.0)]
2025-05-17 14:45:44,472 - INFO - 
2. Post-Cross Movement (30min):
5min Price Changes (%): ['-0.107']
Maximum Change: -0.107% after 5 minutes
Candle Analysis:
    Body Sizes (%): ['0.053']
    Upper Shadows (%): ['0.000']
    Lower Shadows (%): ['0.053']
Volumes: [np.float64(2309352.0)]
==================================================
2025-05-17 14:45:44,929 - INFO - 
==================================================
EMA Cross Analysis - GRASS/USDT
Time: 2025-05-17 14:45:00+09:00
Type: dead
Cross Character (Current): Weak
Cross Character (New): Weak
Price at Cross: 1.8522

1. Pre-Cross Pattern (15min):
EMA Distance Changes (%): ['0.232', '0.143', '0.056', '0.061']
EMA12 Changes (%): ['-0.071', '-0.140', '-0.148', '-0.215']
Price Changes (%): ['-0.620', '-0.517', '-0.193', '-0.590']
Candle Analysis:
    Body Sizes (%): ['0.604', '0.517', '0.204', '0.612']
    Upper Shadows (%): ['0.005', '0.053', '0.252', '0.000']
    Lower Shadows (%): ['0.074', '0.080', '0.021', '0.027']
Volumes: [np.float64(30024.1), np.float64(34429.9), np.float64(31280.1), np.float64(59009.3)]
2025-05-17 14:45:44,929 - INFO - 
2. Post-Cross Movement (30min):
5min Price Changes (%): []
Maximum Change: 0.000% after 0 minutes
Candle Analysis:
    Body Sizes (%): []
    Upper Shadows (%): []
    Lower Shadows (%): []
Volumes: []
==================================================
2025-05-17 14:45:45,815 - INFO - 
==================================================
EMA Cross Analysis - THETA/USDT
Time: 2025-05-17 14:45:00+09:00
Type: dead
Cross Character (Current): Weak
Cross Character (New): Weak
Price at Cross: 0.8575

1. Pre-Cross Pattern (15min):
EMA Distance Changes (%): ['0.117', '0.078', '0.030', '0.019']
EMA12 Changes (%): ['-0.026', '-0.058', '-0.081', '-0.090']
Price Changes (%): ['-0.104', '-0.232', '-0.209', '-0.140']
Candle Analysis:
    Body Sizes (%): ['0.081', '0.232', '0.221', '0.116']
    Upper Shadows (%): ['0.104', '0.000', '0.128', '0.000']
    Lower Shadows (%): ['0.127', '0.139', '0.023', '0.012']
Volumes: [np.float64(46090.8), np.float64(50236.5), np.float64(79145.6), np.float64(15119.2)]
2025-05-17 14:45:45,815 - INFO - 
2. Post-Cross Movement (30min):
5min Price Changes (%): []
Maximum Change: 0.000% after 0 minutes
Candle Analysis:
    Body Sizes (%): []
    Upper Shadows (%): []
    Lower Shadows (%): []
Volumes: []
==================================================
2025-05-17 14:45:46,938 - INFO - 
==================================================
EMA Cross Analysis - WLD/USDT
Time: 2025-05-17 14:40:00+09:00
Type: dead
Cross Character (Current): Weak
Cross Character (New): Weak
Price at Cross: 1.0812

1. Pre-Cross Pattern (15min):
EMA Distance Changes (%): ['0.128', '0.089', '0.032', '0.023']
EMA12 Changes (%): ['-0.044', '-0.057', '-0.096', '-0.101']
Price Changes (%): ['0.304', '-0.129', '-0.313', '-0.129']
Candle Analysis:
    Body Sizes (%): ['0.295', '0.129', '0.313', '0.139']
    Upper Shadows (%): ['0.046', '0.120', '0.101', '0.175']
    Lower Shadows (%): ['0.000', '0.074', '0.018', '0.000']
Volumes: [np.float64(213559.0), np.float64(197516.0), np.float64(163739.0), np.float64(256656.0)]
2025-05-17 14:45:46,938 - INFO - 
2. Post-Cross Movement (30min):
5min Price Changes (%): ['-0.166']
Maximum Change: -0.166% after 5 minutes
Candle Analysis:
    Body Sizes (%): ['0.176']
    Upper Shadows (%): ['0.000']
    Lower Shadows (%): ['0.028']
Volumes: [np.float64(99491.0)]
==================================================
2025-05-17 14:45:48,766 - INFO - 
==================================================
EMA Cross Analysis - MOVE/USDT
Time: 2025-05-17 14:45:00+09:00
Type: dead
Cross Character (Current): Weak
Cross Character (New): Weak
Price at Cross: 0.1847

1. Pre-Cross Pattern (15min):
EMA Distance Changes (%): ['0.153', '0.093', '0.045', '0.011']
EMA12 Changes (%): ['-0.072', '-0.094', '-0.079', '-0.100']
Price Changes (%): ['-0.269', '-0.216', '0.000', '-0.216']
Candle Analysis:
    Body Sizes (%): ['0.269', '0.323', '0.108', '0.162']
    Upper Shadows (%): ['0.161', '0.000', '0.216', '0.000']
    Lower Shadows (%): ['0.000', '0.000', '0.000', '0.108']
Volumes: [np.float64(292364.0), np.float64(319996.0), np.float64(233024.0), np.float64(180864.0)]
2025-05-17 14:45:48,766 - INFO - 
2. Post-Cross Movement (30min):
5min Price Changes (%): []
Maximum Change: 0.000% after 0 minutes
Candle Analysis:
    Body Sizes (%): []
    Upper Shadows (%): []
    Lower Shadows (%): []
Volumes: []
==================================================
2025-05-17 14:45:49,876 - INFO - 
==================================================
EMA Cross Analysis - ONDOUSDT
Time: 2025-05-17 14:45:00+09:00
Type: dead
Cross Character (Current): Weak
Cross Character (New): Weak
Price at Cross: 0.9175

1. Pre-Cross Pattern (15min):
EMA Distance Changes (%): ['0.099', '0.057', '0.009', '0.041']
EMA12 Changes (%): ['-0.046', '-0.067', '-0.084', '-0.096']
Price Changes (%): ['-0.238', '-0.184', '-0.174', '-0.163']
Candle Analysis:
    Body Sizes (%): ['0.227', '0.173', '0.163', '0.163']
    Upper Shadows (%): ['0.097', '0.065', '0.130', '0.000']
    Lower Shadows (%): ['0.087', '0.076', '0.011', '0.011']
Volumes: [np.float64(484685.3), np.float64(304542.4), np.float64(381374.7), np.float64(158945.8)]
2025-05-17 14:45:49,876 - INFO - 
2. Post-Cross Movement (30min):
5min Price Changes (%): []
Maximum Change: 0.000% after 0 minutes
Candle Analysis:
    Body Sizes (%): []
    Upper Shadows (%): []
    Lower Shadows (%): []
Volumes: []
==================================================
2025-05-17 14:45:50,317 - INFO - 
==================================================
EMA Cross Analysis - BRETT/USDT
Time: 2025-05-17 14:40:00+09:00
Type: dead
Cross Character (Current): Weak
Cross Character (New): Weak
Price at Cross: 0.06552

1. Pre-Cross Pattern (15min):
EMA Distance Changes (%): ['0.118', '0.069', '0.003', '0.076']
EMA12 Changes (%): ['-0.026', '-0.078', '-0.117', '-0.150']
Price Changes (%): ['0.761', '-0.363', '-0.334', '-0.335']
Candle Analysis:
    Body Sizes (%): ['0.746', '0.363', '0.303', '0.350']
    Upper Shadows (%): ['0.304', '0.045', '0.030', '0.030']
    Lower Shadows (%): ['0.000', '0.091', '0.015', '0.030']
Volumes: [np.float64(1320106.0), np.float64(190923.0), np.float64(143937.0), np.float64(1283384.0)]
2025-05-17 14:45:50,318 - INFO - 
2. Post-Cross Movement (30min):
5min Price Changes (%): ['-0.321']
Maximum Change: -0.321% after 5 minutes
Candle Analysis:
    Body Sizes (%): ['0.290']
    Upper Shadows (%): ['0.000']
    Lower Shadows (%): ['0.000']
Volumes: [np.float64(110890.0)]
==================================================
2025-05-17 14:50:19,530 - INFO - 
==================================================
EMA Cross Analysis - BAKE/USDT
Time: 2025-05-17 14:45:00+09:00
Type: dead
Cross Character (Current): Weak
Cross Character (New): Weak
Price at Cross: 0.1309

1. Pre-Cross Pattern (15min):
EMA Distance Changes (%): ['0.142', '0.099', '0.046', '0.014']
EMA12 Changes (%): ['-0.018', '-0.062', '-0.088', '-0.109']
Price Changes (%): ['-0.076', '-0.303', '-0.228', '-0.229']
Candle Analysis:
    Body Sizes (%): ['0.076', '0.303', '0.228', '0.153']
    Upper Shadows (%): ['0.076', '0.000', '0.152', '0.076']
    Lower Shadows (%): ['0.152', '0.000', '0.152', '0.153']
Volumes: [np.float64(83248.0), np.float64(90905.0), np.float64(140507.0), np.float64(150927.0)]
2025-05-17 14:50:19,530 - INFO - 
2. Post-Cross Movement (30min):
5min Price Changes (%): ['0.000']
Maximum Change: 0.000% after 0 minutes
Candle Analysis:
    Body Sizes (%): ['0.000']
    Upper Shadows (%): ['0.076']
    Lower Shadows (%): ['0.000']
Volumes: [np.float64(5997.0)]
==================================================
2025-05-17 14:50:21,075 - INFO - 
==================================================
EMA Cross Analysis - ATOM/USDT
Time: 2025-05-17 14:50:00+09:00
Type: dead
Cross Character (Current): Weak
Cross Character (New): Weak
Price at Cross: 4.727

1. Pre-Cross Pattern (15min):
EMA Distance Changes (%): ['0.123', '0.088', '0.039', '0.002']
EMA12 Changes (%): ['-0.056', '-0.051', '-0.082', '-0.073']
Price Changes (%): ['-0.231', '-0.021', '-0.253', '-0.021']
Candle Analysis:
    Body Sizes (%): ['0.231', '0.042', '0.232', '0.021']
    Upper Shadows (%): ['0.063', '0.148', '0.021', '0.042']
    Lower Shadows (%): ['0.000', '0.000', '0.127', '0.000']
Volumes: [np.float64(21735.84), np.float64(11411.07), np.float64(48021.39), np.float64(4154.28)]
2025-05-17 14:50:21,075 - INFO - 
2. Post-Cross Movement (30min):
5min Price Changes (%): []
Maximum Change: 0.000% after 0 minutes
Candle Analysis:
    Body Sizes (%): []
    Upper Shadows (%): []
    Lower Shadows (%): []
Volumes: []
==================================================
2025-05-17 14:50:21,298 - INFO - 
==================================================
EMA Cross Analysis - PHA/USDT
Time: 2025-05-17 14:50:00+09:00
Type: dead
Cross Character (Current): Weak
Cross Character (New): Weak
Price at Cross: 0.12603

1. Pre-Cross Pattern (15min):
EMA Distance Changes (%): ['0.120', '0.076', '0.015', '0.033']
EMA12 Changes (%): ['-0.063', '-0.068', '-0.106', '-0.091']
Price Changes (%): ['-0.110', '-0.095', '-0.316', '-0.008']
Candle Analysis:
    Body Sizes (%): ['0.236', '0.040', '0.301', '0.016']
    Upper Shadows (%): ['0.016', '0.198', '0.000', '0.056']
    Lower Shadows (%): ['0.134', '0.063', '0.206', '0.000']
Volumes: [np.float64(31807.0), np.float64(159099.0), np.float64(119600.0), np.float64(7118.0)]
2025-05-17 14:50:21,298 - INFO - 
2. Post-Cross Movement (30min):
5min Price Changes (%): []
Maximum Change: 0.000% after 0 minutes
Candle Analysis:
    Body Sizes (%): []
    Upper Shadows (%): []
    Lower Shadows (%): []
Volumes: []
==================================================
2025-05-17 14:50:22,626 - INFO - 
==================================================
EMA Cross Analysis - GRASS/USDT
Time: 2025-05-17 14:45:00+09:00
Type: dead
Cross Character (Current): Weak
Cross Character (New): Weak
Price at Cross: 1.8497

1. Pre-Cross Pattern (15min):
EMA Distance Changes (%): ['0.232', '0.143', '0.056', '0.072']
EMA12 Changes (%): ['-0.071', '-0.140', '-0.148', '-0.236']
Price Changes (%): ['-0.620', '-0.517', '-0.193', '-0.725']
Candle Analysis:
    Body Sizes (%): ['0.604', '0.517', '0.204', '0.746']
    Upper Shadows (%): ['0.005', '0.053', '0.252', '0.000']
    Lower Shadows (%): ['0.074', '0.080', '0.021', '0.263']
Volumes: [np.float64(30024.1), np.float64(34429.9), np.float64(31280.1), np.float64(117358.9)]
2025-05-17 14:50:22,626 - INFO - 
2. Post-Cross Movement (30min):
5min Price Changes (%): ['0.027']
Maximum Change: 0.027% after 5 minutes
Candle Analysis:
    Body Sizes (%): ['0.032']
    Upper Shadows (%): ['0.130']
    Lower Shadows (%): ['0.027']
Volumes: [np.float64(5789.4)]
==================================================
2025-05-17 14:50:23,526 - INFO - 
==================================================
EMA Cross Analysis - THETA/USDT
Time: 2025-05-17 14:45:00+09:00
Type: dead
Cross Character (Current): Weak
Cross Character (New): Weak
Price at Cross: 0.856

1. Pre-Cross Pattern (15min):
EMA Distance Changes (%): ['0.117', '0.078', '0.030', '0.033']
EMA12 Changes (%): ['-0.026', '-0.058', '-0.081', '-0.117']
Price Changes (%): ['-0.104', '-0.232', '-0.209', '-0.314']
Candle Analysis:
    Body Sizes (%): ['0.081', '0.232', '0.221', '0.291']
    Upper Shadows (%): ['0.104', '0.000', '0.128', '0.000']
    Lower Shadows (%): ['0.127', '0.139', '0.023', '0.105']
Volumes: [np.float64(46090.8), np.float64(50236.5), np.float64(79145.6), np.float64(62321.1)]
2025-05-17 14:50:23,526 - INFO - 
2. Post-Cross Movement (30min):
5min Price Changes (%): ['0.000']
Maximum Change: 0.000% after 0 minutes
Candle Analysis:
    Body Sizes (%): ['0.012']
    Upper Shadows (%): ['0.082']
    Lower Shadows (%): ['0.047']
Volumes: [np.float64(5794.3)]
==================================================
2025-05-17 14:50:23,749 - INFO - 
==================================================
EMA Cross Analysis - ARPA/USDT
Time: 2025-05-17 14:50:00+09:00
Type: dead
Cross Character (Current): Weak
Cross Character (New): Weak
Price at Cross: 0.02485

1. Pre-Cross Pattern (15min):
EMA Distance Changes (%): ['0.130', '0.085', '0.016', '0.041']
EMA12 Changes (%): ['-0.067', '-0.069', '-0.120', '-0.108']
Price Changes (%): ['-0.279', '-0.080', '-0.401', '-0.040']
Candle Analysis:
    Body Sizes (%): ['0.279', '0.120', '0.361', '0.080']
    Upper Shadows (%): ['0.080', '0.160', '0.000', '0.040']
    Lower Shadows (%): ['0.040', '0.000', '0.080', '0.000']
Volumes: [np.float64(168599.0), np.float64(219858.0), np.float64(161625.0), np.float64(72242.0)]
2025-05-17 14:50:23,749 - INFO - 
2. Post-Cross Movement (30min):
5min Price Changes (%): []
Maximum Change: 0.000% after 0 minutes
Candle Analysis:
    Body Sizes (%): []
    Upper Shadows (%): []
    Lower Shadows (%): []
Volumes: []
==================================================
2025-05-17 14:50:24,855 - INFO - 
==================================================
EMA Cross Analysis - RENDER/USDT
Time: 2025-05-17 14:50:00+09:00
Type: dead
Cross Character (Current): Weak
Cross Character (New): Weak
Price at Cross: 4.526

1. Pre-Cross Pattern (15min):
EMA Distance Changes (%): ['0.190', '0.137', '0.058', '0.011']
EMA12 Changes (%): ['-0.062', '-0.076', '-0.131', '-0.125']
Price Changes (%): ['-0.110', '-0.154', '-0.440', '-0.088']
Candle Analysis:
    Body Sizes (%): ['0.131', '0.176', '0.418', '0.088']
    Upper Shadows (%): ['0.066', '0.132', '0.000', '0.044']
    Lower Shadows (%): ['0.022', '0.022', '0.132', '0.022']
Volumes: [np.float64(13011.4), np.float64(11192.4), np.float64(43389.5), np.float64(7827.6)]
2025-05-17 14:50:24,855 - INFO - 
2. Post-Cross Movement (30min):
5min Price Changes (%): []
Maximum Change: 0.000% after 0 minutes
Candle Analysis:
    Body Sizes (%): []
    Upper Shadows (%): []
    Lower Shadows (%): []
Volumes: []
==================================================
2025-05-17 14:50:25,088 - INFO - 
==================================================
EMA Cross Analysis - PENGU/USDT
Time: 2025-05-17 14:45:00+09:00
Type: dead
Cross Character (Current): Weak
Cross Character (New): Weak
Price at Cross: 0.012333

1. Pre-Cross Pattern (15min):
EMA Distance Changes (%): ['0.177', '0.125', '0.071', '0.027']
EMA12 Changes (%): ['-0.063', '-0.074', '-0.086', '-0.177']
Price Changes (%): ['-0.495', '-0.137', '-0.153', '-0.676']
Candle Analysis:
    Body Sizes (%): ['0.495', '0.137', '0.153', '0.684']
    Upper Shadows (%): ['0.008', '0.201', '0.185', '0.000']
    Lower Shadows (%): ['0.088', '0.032', '0.064', '0.209']
Volumes: [np.float64(7990970.0), np.float64(9147441.0), np.float64(10560045.0), np.float64(50845629.0)]
2025-05-17 14:50:25,088 - INFO - 
2. Post-Cross Movement (30min):
5min Price Changes (%): ['-0.089']
Maximum Change: -0.089% after 5 minutes
Candle Analysis:
    Body Sizes (%): ['0.073']
    Upper Shadows (%): ['0.081']
    Lower Shadows (%): ['0.065']
Volumes: [np.float64(5964049.0)]
==================================================
2025-05-17 14:50:26,355 - INFO - 
==================================================
EMA Cross Analysis - MOVE/USDT
Time: 2025-05-17 14:45:00+09:00
Type: dead
Cross Character (Current): Weak
Cross Character (New): Weak
Price at Cross: 0.1843

1. Pre-Cross Pattern (15min):
EMA Distance Changes (%): ['0.153', '0.093', '0.045', '0.028']
EMA12 Changes (%): ['-0.072', '-0.094', '-0.079', '-0.133']
Price Changes (%): ['-0.269', '-0.216', '0.000', '-0.432']
Candle Analysis:
    Body Sizes (%): ['0.269', '0.323', '0.108', '0.378']
    Upper Shadows (%): ['0.161', '0.000', '0.216', '0.000']
    Lower Shadows (%): ['0.000', '0.000', '0.000', '0.162']
Volumes: [np.float64(292364.0), np.float64(319996.0), np.float64(233024.0), np.float64(509792.0)]
2025-05-17 14:50:26,355 - INFO - 
2. Post-Cross Movement (30min):
5min Price Changes (%): ['0.054']
Maximum Change: 0.054% after 5 minutes
Candle Analysis:
    Body Sizes (%): ['0.000']
    Upper Shadows (%): ['0.000']
    Lower Shadows (%): ['0.054']
Volumes: [np.float64(30195.0)]
==================================================
2025-05-17 14:50:27,239 - INFO - 
==================================================
EMA Cross Analysis - ZEN/USDT
Time: 2025-05-17 14:50:00+09:00
Type: dead
Cross Character (Current): Weak
Cross Character (New): Weak
Price at Cross: 9.042

1. Pre-Cross Pattern (15min):
EMA Distance Changes (%): ['0.136', '0.095', '0.022', '0.038']
EMA12 Changes (%): ['-0.036', '-0.060', '-0.128', '-0.112']
Price Changes (%): ['-0.055', '-0.187', '-0.506', '-0.022']
Candle Analysis:
    Body Sizes (%): ['0.066', '0.198', '0.462', '0.055']
    Upper Shadows (%): ['0.033', '0.022', '0.000', '0.033']
    Lower Shadows (%): ['0.121', '0.000', '0.088', '0.022']
Volumes: [np.float64(2195.7), np.float64(1010.7), np.float64(4987.0), np.float64(217.0)]
2025-05-17 14:50:27,239 - INFO - 
2. Post-Cross Movement (30min):
5min Price Changes (%): []
Maximum Change: 0.000% after 0 minutes
Candle Analysis:
    Body Sizes (%): []
    Upper Shadows (%): []
    Lower Shadows (%): []
Volumes: []
==================================================
2025-05-17 14:50:27,464 - INFO - 
==================================================
EMA Cross Analysis - ONDOUSDT
Time: 2025-05-17 14:45:00+09:00
Type: dead
Cross Character (Current): Weak
Cross Character (New): Weak
Price at Cross: 0.9167

1. Pre-Cross Pattern (15min):
EMA Distance Changes (%): ['0.099', '0.057', '0.009', '0.048']
EMA12 Changes (%): ['-0.046', '-0.067', '-0.084', '-0.109']
Price Changes (%): ['-0.238', '-0.184', '-0.174', '-0.250']
Candle Analysis:
    Body Sizes (%): ['0.227', '0.173', '0.163', '0.250']
    Upper Shadows (%): ['0.097', '0.065', '0.130', '0.000']
    Lower Shadows (%): ['0.087', '0.076', '0.011', '0.087']
Volumes: [np.float64(484685.3), np.float64(304542.4), np.float64(381374.7), np.float64(750143.3)]
2025-05-17 14:50:27,464 - INFO - 
2. Post-Cross Movement (30min):
5min Price Changes (%): ['0.022']
Maximum Change: 0.022% after 5 minutes
Candle Analysis:
    Body Sizes (%): ['0.022']
    Upper Shadows (%): ['0.044']
    Lower Shadows (%): ['0.055']
Volumes: [np.float64(93293.6)]
==================================================
2025-05-17 14:55:02,488 - INFO - 
==================================================
EMA Cross Analysis - ZEN/USDT
Time: 2025-05-17 14:50:00+09:00
Type: dead
Cross Character (Current): Weak
Cross Character (New): Weak
Price at Cross: 9.065

1. Pre-Cross Pattern (15min):
EMA Distance Changes (%): ['0.136', '0.095', '0.022', '0.018']
EMA12 Changes (%): ['-0.036', '-0.060', '-0.128', '-0.073']
Price Changes (%): ['-0.055', '-0.187', '-0.506', '0.232']
Candle Analysis:
    Body Sizes (%): ['0.066', '0.198', '0.462', '0.199']
    Upper Shadows (%): ['0.033', '0.022', '0.000', '0.000']
    Lower Shadows (%): ['0.121', '0.000', '0.088', '0.133']
Volumes: [np.float64(2195.7), np.float64(1010.7), np.float64(4987.0), np.float64(2165.2)]
2025-05-17 14:55:02,488 - INFO - 
2. Post-Cross Movement (30min):
5min Price Changes (%): ['-0.033']
Maximum Change: -0.033% after 5 minutes
Candle Analysis:
    Body Sizes (%): ['0.011']
    Upper Shadows (%): ['0.000']
    Lower Shadows (%): ['0.000']
Volumes: [np.float64(24.2)]
==================================================
2025-05-17 14:56:05,492 - INFO - 
==================================================
EMA Cross Analysis - NEAR/USDT
Time: 2025-05-17 14:55:00+09:00
Type: dead
Cross Character (Current): Weak
Cross Character (New): Weak
Price at Cross: 2.757

1. Pre-Cross Pattern (15min):
EMA Distance Changes (%): ['0.149', '0.084', '0.034', '0.002']
EMA12 Changes (%): ['-0.065', '-0.105', '-0.083', '-0.065']
Price Changes (%): ['-0.036', '-0.326', '0.036', '0.036']
Candle Analysis:
    Body Sizes (%): ['0.072', '0.290', '0.036', '0.073']
    Upper Shadows (%): ['0.181', '0.000', '0.109', '0.036']
    Lower Shadows (%): ['0.000', '0.109', '0.109', '0.000']
Volumes: [np.float64(71642.0), np.float64(131583.0), np.float64(65147.0), np.float64(10797.0)]
2025-05-17 14:56:05,492 - INFO - 
2. Post-Cross Movement (30min):
5min Price Changes (%): []
Maximum Change: 0.000% after 0 minutes
Candle Analysis:
    Body Sizes (%): []
    Upper Shadows (%): []
    Lower Shadows (%): []
Volumes: []
==================================================
2025-05-17 14:56:07,452 - INFO - 
==================================================
EMA Cross Analysis - ATOM/USDT
Time: 2025-05-17 14:50:00+09:00
Type: dead
Cross Character (Current): Weak
Cross Character (New): Weak
Price at Cross: 4.727

1. Pre-Cross Pattern (15min):
EMA Distance Changes (%): ['0.123', '0.088', '0.039', '0.002']
EMA12 Changes (%): ['-0.056', '-0.051', '-0.082', '-0.073']
Price Changes (%): ['-0.231', '-0.021', '-0.253', '-0.021']
Candle Analysis:
    Body Sizes (%): ['0.231', '0.042', '0.232', '0.021']
    Upper Shadows (%): ['0.063', '0.148', '0.021', '0.106']
    Lower Shadows (%): ['0.000', '0.000', '0.127', '0.106']
Volumes: [np.float64(21735.84), np.float64(11411.07), np.float64(48021.39), np.float64(25374.32)]
2025-05-17 14:56:07,452 - INFO - 
2. Post-Cross Movement (30min):
5min Price Changes (%): ['0.063']
Maximum Change: 0.063% after 5 minutes
Candle Analysis:
    Body Sizes (%): ['0.063']
    Upper Shadows (%): ['0.000']
    Lower Shadows (%): ['0.000']
Volumes: [np.float64(2511.33)]
==================================================
2025-05-17 14:56:07,675 - INFO - 
==================================================
EMA Cross Analysis - PHA/USDT
Time: 2025-05-17 14:50:00+09:00
Type: dead
Cross Character (Current): Weak
Cross Character (New): Weak
Price at Cross: 0.12627

1. Pre-Cross Pattern (15min):
EMA Distance Changes (%): ['0.120', '0.076', '0.015', '0.018']
EMA12 Changes (%): ['-0.063', '-0.068', '-0.106', '-0.062']
Price Changes (%): ['-0.110', '-0.095', '-0.316', '0.182']
Candle Analysis:
    Body Sizes (%): ['0.236', '0.040', '0.301', '0.175']
    Upper Shadows (%): ['0.016', '0.198', '0.000', '0.032']
    Lower Shadows (%): ['0.134', '0.063', '0.206', '0.056']
Volumes: [np.float64(31807.0), np.float64(159099.0), np.float64(119600.0), np.float64(29647.0)]
2025-05-17 14:56:07,675 - INFO - 
2. Post-Cross Movement (30min):
5min Price Changes (%): ['-0.071']
Maximum Change: -0.071% after 5 minutes
Candle Analysis:
    Body Sizes (%): ['0.032']
    Upper Shadows (%): ['0.040']
    Lower Shadows (%): ['0.008']
Volumes: [np.float64(2395.0)]
==================================================
2025-05-17 14:56:07,895 - INFO - 
==================================================
EMA Cross Analysis - ORDI/USDT
Time: 2025-05-17 14:55:00+09:00
Type: dead
Cross Character (Current): Weak
Cross Character (New): Weak
Price at Cross: 9.37

1. Pre-Cross Pattern (15min):
EMA Distance Changes (%): ['0.206', '0.123', '0.053', '0.006']
EMA12 Changes (%): ['-0.091', '-0.130', '-0.117', '-0.106']
Price Changes (%): ['-0.159', '-0.351', '-0.043', '-0.043']
Candle Analysis:
    Body Sizes (%): ['0.170', '0.340', '0.043', '0.053']
    Upper Shadows (%): ['0.138', '0.117', '0.256', '0.053']
    Lower Shadows (%): ['0.042', '0.170', '0.171', '0.000']
Volumes: [np.float64(17487.9), np.float64(43330.2), np.float64(55226.6), np.float64(3362.8)]
2025-05-17 14:56:07,895 - INFO - 
2. Post-Cross Movement (30min):
5min Price Changes (%): []
Maximum Change: 0.000% after 0 minutes
Candle Analysis:
    Body Sizes (%): []
    Upper Shadows (%): []
    Lower Shadows (%): []
Volumes: []
==================================================
2025-05-17 14:56:10,109 - INFO - 
==================================================
EMA Cross Analysis - ARPA/USDT
Time: 2025-05-17 14:50:00+09:00
Type: dead
Cross Character (Current): Weak
Cross Character (New): Weak
Price at Cross: 0.02489

1. Pre-Cross Pattern (15min):
EMA Distance Changes (%): ['0.130', '0.085', '0.016', '0.028']
EMA12 Changes (%): ['-0.067', '-0.069', '-0.120', '-0.083']
Price Changes (%): ['-0.279', '-0.080', '-0.401', '0.121']
Candle Analysis:
    Body Sizes (%): ['0.279', '0.120', '0.361', '0.080']
    Upper Shadows (%): ['0.080', '0.160', '0.000', '0.040']
    Lower Shadows (%): ['0.040', '0.000', '0.080', '0.121']
Volumes: [np.float64(168599.0), np.float64(219858.0), np.float64(161625.0), np.float64(140274.0)]
2025-05-17 14:56:10,110 - INFO - 
2. Post-Cross Movement (30min):
5min Price Changes (%): ['0.000']
Maximum Change: 0.000% after 0 minutes
Candle Analysis:
    Body Sizes (%): ['0.040']
    Upper Shadows (%): ['0.000']
    Lower Shadows (%): ['0.000']
Volumes: [np.float64(9402.0)]
==================================================
2025-05-17 14:56:11,235 - INFO - 
==================================================
EMA Cross Analysis - RENDER/USDT
Time: 2025-05-17 14:50:00+09:00
Type: dead
Cross Character (Current): Weak
Cross Character (New): Weak
Price at Cross: 4.528

1. Pre-Cross Pattern (15min):
EMA Distance Changes (%): ['0.190', '0.137', '0.058', '0.008']
EMA12 Changes (%): ['-0.062', '-0.076', '-0.131', '-0.118']
Price Changes (%): ['-0.110', '-0.154', '-0.440', '-0.044']
Candle Analysis:
    Body Sizes (%): ['0.131', '0.176', '0.418', '0.044']
    Upper Shadows (%): ['0.066', '0.132', '0.000', '0.066']
    Lower Shadows (%): ['0.022', '0.022', '0.132', '0.177']
Volumes: [np.float64(13011.4), np.float64(11192.4), np.float64(43389.5), np.float64(32340.3)]
2025-05-17 14:56:11,236 - INFO - 
2. Post-Cross Movement (30min):
5min Price Changes (%): ['-0.022']
Maximum Change: -0.022% after 5 minutes
Candle Analysis:
    Body Sizes (%): ['0.022']
    Upper Shadows (%): ['0.088']
    Lower Shadows (%): ['0.000']
Volumes: [np.float64(3814.5)]
==================================================
2025-05-17 15:00:42,737 - INFO - 
==================================================
EMA Cross Analysis - NEAR/USDT
Time: 2025-05-17 14:55:00+09:00
Type: dead
Cross Character (Current): Weak
Cross Character (New): Weak
Price at Cross: 2.752

1. Pre-Cross Pattern (15min):
EMA Distance Changes (%): ['0.149', '0.084', '0.034', '0.016']
EMA12 Changes (%): ['-0.065', '-0.105', '-0.083', '-0.093']
Price Changes (%): ['-0.036', '-0.326', '0.036', '-0.145']
Candle Analysis:
    Body Sizes (%): ['0.072', '0.290', '0.036', '0.109']
    Upper Shadows (%): ['0.181', '0.000', '0.109', '0.109']
    Lower Shadows (%): ['0.000', '0.109', '0.109', '0.109']
Volumes: [np.float64(71642.0), np.float64(131583.0), np.float64(65147.0), np.float64(108498.0)]
2025-05-17 15:00:42,738 - INFO - 
2. Post-Cross Movement (30min):
5min Price Changes (%): ['0.000']
Maximum Change: 0.000% after 0 minutes
Candle Analysis:
    Body Sizes (%): ['0.036']
    Upper Shadows (%): ['0.073']
    Lower Shadows (%): ['0.036']
Volumes: [np.float64(26398.0)]
==================================================
2025-05-17 15:00:45,171 - INFO - 
==================================================
EMA Cross Analysis - ORDI/USDT
Time: 2025-05-17 14:55:00+09:00
Type: dead
Cross Character (Current): Weak
Cross Character (New): Weak
Price at Cross: 9.363

1. Pre-Cross Pattern (15min):
EMA Distance Changes (%): ['0.206', '0.123', '0.053', '0.012']
EMA12 Changes (%): ['-0.091', '-0.130', '-0.117', '-0.117']
Price Changes (%): ['-0.159', '-0.351', '-0.043', '-0.117']
Candle Analysis:
    Body Sizes (%): ['0.170', '0.340', '0.043', '0.128']
    Upper Shadows (%): ['0.138', '0.117', '0.256', '0.053']
    Lower Shadows (%): ['0.042', '0.170', '0.171', '0.203']
Volumes: [np.float64(17487.9), np.float64(43330.2), np.float64(55226.6), np.float64(21243.0)]
2025-05-17 15:00:45,172 - INFO - 
2. Post-Cross Movement (30min):
5min Price Changes (%): ['0.107']
Maximum Change: 0.107% after 5 minutes
Candle Analysis:
    Body Sizes (%): ['0.117']
    Upper Shadows (%): ['0.000']
    Lower Shadows (%): ['0.000']
Volumes: [np.float64(4334.8)]
==================================================
2025-05-17 15:00:49,805 - INFO - 
==================================================
EMA Cross Analysis - AVAX/USDT
Time: 2025-05-17 15:00:00+09:00
Type: dead
Cross Character (Current): Weak
Cross Character (New): Weak
Price at Cross: 22.763

1. Pre-Cross Pattern (15min):
EMA Distance Changes (%): ['0.114', '0.062', '0.016', '0.014']
EMA12 Changes (%): ['-0.090', '-0.083', '-0.080', '-0.056']
Price Changes (%): ['-0.245', '-0.040', '-0.066', '0.079']
Candle Analysis:
    Body Sizes (%): ['0.241', '0.026', '0.066', '0.070']
    Upper Shadows (%): ['0.000', '0.123', '0.066', '0.044']
    Lower Shadows (%): ['0.145', '0.097', '0.105', '0.000']
Volumes: [np.float64(30132.0), np.float64(22173.0), np.float64(14046.0), np.float64(2862.0)]
2025-05-17 15:00:49,805 - INFO - 
2. Post-Cross Movement (30min):
5min Price Changes (%): []
Maximum Change: 0.000% after 0 minutes
Candle Analysis:
    Body Sizes (%): []
    Upper Shadows (%): []
    Lower Shadows (%): []
Volumes: []
==================================================
2025-05-17 15:00:50,689 - INFO - 
==================================================
EMA Cross Analysis - COW/USDT
Time: 2025-05-17 14:55:00+09:00
Type: dead
Cross Character (Current): Weak
Cross Character (New): Weak
Price at Cross: 0.3556

1. Pre-Cross Pattern (15min):
EMA Distance Changes (%): ['0.253', '0.159', '0.077', '0.000']
EMA12 Changes (%): ['-0.095', '-0.145', '-0.136', '-0.136']
Price Changes (%): ['-0.362', '-0.419', '-0.084', '-0.140']
Candle Analysis:
    Body Sizes (%): ['0.334', '0.391', '0.112', '0.112']
    Upper Shadows (%): ['0.139', '0.000', '0.112', '0.140']
    Lower Shadows (%): ['0.000', '0.140', '0.084', '0.084']
Volumes: [np.float64(91857.0), np.float64(210403.0), np.float64(30138.0), np.float64(55995.0)]
2025-05-17 15:00:50,689 - INFO - 
2. Post-Cross Movement (30min):
5min Price Changes (%): ['0.056']
Maximum Change: 0.056% after 5 minutes
Candle Analysis:
    Body Sizes (%): ['0.028']
    Upper Shadows (%): ['0.028']
    Lower Shadows (%): ['0.000']
Volumes: [np.float64(15587.0)]
==================================================
2025-05-17 15:15:46,048 - INFO - 
==================================================
EMA Cross Analysis - ATOM/USDT
Time: 2025-05-17 15:15:00+09:00
Type: golden
Cross Character (Current): Weak
Cross Character (New): Weak
Price at Cross: 4.754

1. Pre-Cross Pattern (15min):
EMA Distance Changes (%): ['0.026', '0.025', '0.005', '0.010']
EMA12 Changes (%): ['0.017', '-0.002', '0.034', '0.029']
Price Changes (%): ['0.487', '-0.105', '0.232', '0.000']
Candle Analysis:
    Body Sizes (%): ['0.487', '0.105', '0.232', '0.000']
    Upper Shadows (%): ['0.042', '0.021', '0.021', '0.021']
    Lower Shadows (%): ['0.000', '0.063', '0.063', '0.042']
Volumes: [np.float64(51377.74), np.float64(27972.13), np.float64(31447.4), np.float64(6156.46)]
2025-05-17 15:15:46,048 - INFO - 
2. Post-Cross Movement (30min):
5min Price Changes (%): []
Maximum Change: 0.000% after 0 minutes
Candle Analysis:
    Body Sizes (%): []
    Upper Shadows (%): []
    Lower Shadows (%): []
Volumes: []
==================================================
2025-05-17 15:15:47,615 - INFO - 
==================================================
EMA Cross Analysis - GRASS/USDT
Time: 2025-05-17 15:10:00+09:00
Type: golden
Cross Character (Current): Weak
Cross Character (New): Weak
Price at Cross: 1.8937

1. Pre-Cross Pattern (15min):
EMA Distance Changes (%): ['0.180', '0.161', '0.095', '0.005']
EMA12 Changes (%): ['-0.094', '0.010', '0.103', '0.181']
Price Changes (%): ['0.178', '0.586', '0.615', '0.606']
Candle Analysis:
    Body Sizes (%): ['0.183', '0.591', '0.615', '0.590']
    Upper Shadows (%): ['0.000', '0.081', '0.289', '0.282']
    Lower Shadows (%): ['0.285', '0.065', '0.000', '0.064']
Volumes: [np.float64(35262.0), np.float64(53796.3), np.float64(77790.9), np.float64(109727.0)]
2025-05-17 15:15:47,615 - INFO - 
2. Post-Cross Movement (30min):
5min Price Changes (%): ['-0.100']
Maximum Change: -0.100% after 5 minutes
Candle Analysis:
    Body Sizes (%): ['0.063']
    Upper Shadows (%): ['0.127']
    Lower Shadows (%): ['0.058']
Volumes: [np.float64(5845.1)]
==================================================
2025-05-17 15:15:48,960 - INFO - 
==================================================
EMA Cross Analysis - EOS/USDT
Time: 2025-05-17 15:15:00+09:00
Type: golden
Cross Character (Current): Weak
Cross Character (New): Weak
Price at Cross: 0.814

1. Pre-Cross Pattern (15min):
EMA Distance Changes (%): ['0.170', '0.115', '0.042', '0.006']
EMA12 Changes (%): ['0.028', '0.081', '0.125', '0.087']
Price Changes (%): ['0.622', '0.371', '0.369', '-0.123']
Candle Analysis:
    Body Sizes (%): ['0.497', '0.247', '0.369', '0.245']
    Upper Shadows (%): ['0.124', '0.000', '0.000', '0.000']
    Lower Shadows (%): ['0.124', '0.123', '0.246', '0.123']
Volumes: [np.float64(516977.0), np.float64(492853.4), np.float64(807142.4), np.float64(230681.6)]
2025-05-17 15:15:48,960 - INFO - 
2. Post-Cross Movement (30min):
5min Price Changes (%): []
Maximum Change: 0.000% after 0 minutes
Candle Analysis:
    Body Sizes (%): []
    Upper Shadows (%): []
    Lower Shadows (%): []
Volumes: []
==================================================
2025-05-17 15:15:49,847 - INFO - 
==================================================
EMA Cross Analysis - RENDER/USDT
Time: 2025-05-17 15:10:00+09:00
Type: golden
Cross Character (Current): Weak
Cross Character (New): Weak
Price at Cross: 4.574

1. Pre-Cross Pattern (15min):
EMA Distance Changes (%): ['0.072', '0.052', '0.031', '0.005']
EMA12 Changes (%): ['-0.124', '0.027', '0.033', '0.065']
Price Changes (%): ['-0.155', '0.863', '0.066', '0.241']
Candle Analysis:
    Body Sizes (%): ['0.155', '0.840', '0.088', '0.219']
    Upper Shadows (%): ['0.088', '0.088', '0.110', '0.022']
    Lower Shadows (%): ['0.110', '0.000', '0.132', '0.131']
Volumes: [np.float64(18273.7), np.float64(81324.1), np.float64(24846.0), np.float64(12302.9)]
2025-05-17 15:15:49,848 - INFO - 
2. Post-Cross Movement (30min):
5min Price Changes (%): ['-0.131']
Maximum Change: -0.131% after 5 minutes
Candle Analysis:
    Body Sizes (%): ['0.109']
    Upper Shadows (%): ['0.000']
    Lower Shadows (%): ['0.022']
Volumes: [np.float64(3540.3)]
==================================================
2025-05-17 15:15:52,251 - INFO - 
==================================================
EMA Cross Analysis - ZEN/USDT
Time: 2025-05-17 15:10:00+09:00
Type: golden
Cross Character (Current): Weak
Cross Character (New): Weak
Price at Cross: 9.151

1. Pre-Cross Pattern (15min):
EMA Distance Changes (%): ['0.057', '0.049', '0.033', '0.017']
EMA12 Changes (%): ['-0.077', '0.006', '0.025', '0.091']
Price Changes (%): ['-0.099', '0.464', '0.132', '0.450']
Candle Analysis:
    Body Sizes (%): ['0.077', '0.431', '0.154', '0.439']
    Upper Shadows (%): ['0.099', '0.110', '0.044', '0.000']
    Lower Shadows (%): ['0.088', '0.000', '0.176', '0.000']
Volumes: [np.float64(1811.0), np.float64(1357.7), np.float64(833.9), np.float64(4031.0)]
2025-05-17 15:15:52,252 - INFO - 
2. Post-Cross Movement (30min):
5min Price Changes (%): ['-0.142']
Maximum Change: -0.142% after 5 minutes
Candle Analysis:
    Body Sizes (%): ['0.087']
    Upper Shadows (%): ['0.000']
    Lower Shadows (%): ['0.011']
Volumes: [np.float64(1164.6)]
==================================================
2025-05-17 15:20:20,119 - INFO - 
==================================================
EMA Cross Analysis - TIA/USDT
Time: 2025-05-17 15:20:00+09:00
Type: dead
Cross Character (Current): Weak
Cross Character (New): Weak
Price at Cross: 2.646

1. Pre-Cross Pattern (15min):
EMA Distance Changes (%): ['0.028', '0.042', '0.013', '0.007']
EMA12 Changes (%): ['-0.018', '0.032', '-0.050', '-0.036']
Price Changes (%): ['-0.222', '0.306', '-0.504', '0.045']
Candle Analysis:
    Body Sizes (%): ['0.218', '0.306', '0.504', '0.049']
    Upper Shadows (%): ['0.075', '0.030', '0.000', '0.019']
    Lower Shadows (%): ['0.004', '0.015', '0.087', '0.000']
Volumes: [np.float64(57571.0), np.float64(51294.0), np.float64(54711.0), np.float64(6041.0)]
2025-05-17 15:20:20,119 - INFO - 
2. Post-Cross Movement (30min):
5min Price Changes (%): []
Maximum Change: 0.000% after 0 minutes
Candle Analysis:
    Body Sizes (%): []
    Upper Shadows (%): []
    Lower Shadows (%): []
Volumes: []
==================================================
2025-05-17 15:20:26,580 - INFO - 
==================================================
EMA Cross Analysis - EOS/USDT
Time: 2025-05-17 15:20:00+09:00
Type: golden
Cross Character (Current): Weak
Cross Character (New): Weak
Price at Cross: 0.813

1. Pre-Cross Pattern (15min):
EMA Distance Changes (%): ['0.115', '0.042', '0.004', '0.026']
EMA12 Changes (%): ['0.081', '0.125', '0.068', '0.057']
Price Changes (%): ['0.371', '0.369', '-0.245', '0.000']
Candle Analysis:
    Body Sizes (%): ['0.247', '0.369', '0.368', '0.123']
    Upper Shadows (%): ['0.000', '0.000', '0.000', '0.000']
    Lower Shadows (%): ['0.123', '0.246', '0.368', '0.000']
Volumes: [np.float64(492853.4), np.float64(807142.4), np.float64(777879.4), np.float64(3878.6)]
2025-05-17 15:20:26,581 - INFO - 
2. Post-Cross Movement (30min):
5min Price Changes (%): []
Maximum Change: 0.000% after 0 minutes
Candle Analysis:
    Body Sizes (%): []
    Upper Shadows (%): []
    Lower Shadows (%): []
Volumes: []
==================================================
2025-05-17 15:25:06,375 - INFO - 
==================================================
EMA Cross Analysis - ZEN/USDT
Time: 2025-05-17 15:20:00+09:00
Type: dead
Cross Character (Current): Weak
Cross Character (New): Weak
Price at Cross: 9.084

1. Pre-Cross Pattern (15min):
EMA Distance Changes (%): ['0.033', '0.017', '0.003', '0.014']
EMA12 Changes (%): ['0.025', '0.091', '-0.025', '-0.033']
Price Changes (%): ['0.132', '0.450', '-0.656', '-0.077']
Candle Analysis:
    Body Sizes (%): ['0.154', '0.439', '0.601', '0.154']
    Upper Shadows (%): ['0.044', '0.000', '0.000', '0.055']
    Lower Shadows (%): ['0.176', '0.000', '0.000', '0.110']
Volumes: [np.float64(833.9), np.float64(4031.0), np.float64(2189.6), np.float64(1827.6)]
2025-05-17 15:25:06,375 - INFO - 
2. Post-Cross Movement (30min):
5min Price Changes (%): ['0.033']
Maximum Change: 0.033% after 5 minutes
Candle Analysis:
    Body Sizes (%): ['0.000']
    Upper Shadows (%): ['0.000']
    Lower Shadows (%): ['0.000']
Volumes: [np.float64(1.5)]
==================================================
2025-05-17 15:26:07,927 - INFO - 
==================================================
EMA Cross Analysis - TIA/USDT
Time: 2025-05-17 15:20:00+09:00
Type: dead
Cross Character (Current): Weak
Cross Character (New): Weak
Price at Cross: 2.6412

1. Pre-Cross Pattern (15min):
EMA Distance Changes (%): ['0.028', '0.042', '0.013', '0.021']
EMA12 Changes (%): ['-0.018', '0.032', '-0.050', '-0.064']
Price Changes (%): ['-0.222', '0.306', '-0.504', '-0.136']
Candle Analysis:
    Body Sizes (%): ['0.218', '0.306', '0.504', '0.132']
    Upper Shadows (%): ['0.075', '0.030', '0.000', '0.083']
    Lower Shadows (%): ['0.004', '0.015', '0.087', '0.231']
Volumes: [np.float64(57571.0), np.float64(51294.0), np.float64(54711.0), np.float64(85391.0)]
2025-05-17 15:26:07,927 - INFO - 
2. Post-Cross Movement (30min):
5min Price Changes (%): ['0.102']
Maximum Change: 0.102% after 5 minutes
Candle Analysis:
    Body Sizes (%): ['0.102']
    Upper Shadows (%): ['0.023']
    Lower Shadows (%): ['0.000']
Volumes: [np.float64(6403.0)]
==================================================
2025-05-17 15:26:09,537 - INFO - 
==================================================
EMA Cross Analysis - NEAR/USDT
Time: 2025-05-17 15:20:00+09:00
Type: dead
Cross Character (Current): Weak
Cross Character (New): Weak
Price at Cross: 2.761

1. Pre-Cross Pattern (15min):
EMA Distance Changes (%): ['0.010', '0.037', '0.017', '0.004']
EMA12 Changes (%): ['0.017', '0.053', '-0.033', '-0.039']
Price Changes (%): ['-0.072', '0.253', '-0.504', '-0.072']
Candle Analysis:
    Body Sizes (%): ['0.036', '0.217', '0.468', '0.072']
    Upper Shadows (%): ['0.108', '0.036', '0.036', '0.072']
    Lower Shadows (%): ['0.144', '0.072', '0.072', '0.253']
Volumes: [np.float64(74866.0), np.float64(75321.0), np.float64(79033.0), np.float64(141324.0)]
2025-05-17 15:26:09,538 - INFO - 
2. Post-Cross Movement (30min):
5min Price Changes (%): ['0.072']
Maximum Change: 0.072% after 5 minutes
Candle Analysis:
    Body Sizes (%): ['0.072']
    Upper Shadows (%): ['0.000']
    Lower Shadows (%): ['0.072']
Volumes: [np.float64(25866.0)]
==================================================
2025-05-17 15:30:48,930 - INFO - 
==================================================
EMA Cross Analysis - XLM/USDT
Time: 2025-05-17 15:25:00+09:00
Type: dead
Cross Character (Current): Weak
Cross Character (New): Weak
Price at Cross: 0.28983

1. Pre-Cross Pattern (15min):
EMA Distance Changes (%): ['0.057', '0.037', '0.019', '0.009']
EMA12 Changes (%): ['0.032', '-0.031', '-0.030', '-0.051']
Price Changes (%): ['0.186', '-0.377', '-0.028', '-0.162']
Candle Analysis:
    Body Sizes (%): ['0.189', '0.371', '0.028', '0.158']
    Upper Shadows (%): ['0.014', '0.000', '0.110', '0.014']
    Lower Shadows (%): ['0.062', '0.051', '0.148', '0.028']
Volumes: [np.float64(185621.0), np.float64(510483.0), np.float64(309532.0), np.float64(302753.0)]
2025-05-17 15:30:48,930 - INFO - 
2. Post-Cross Movement (30min):
5min Price Changes (%): ['-0.079']
Maximum Change: -0.079% after 5 minutes
Candle Analysis:
    Body Sizes (%): ['0.083']
    Upper Shadows (%): ['0.000']
    Lower Shadows (%): ['0.024']
Volumes: [np.float64(128614.0)]
==================================================
2025-05-17 15:30:53,107 - INFO - 
==================================================
EMA Cross Analysis - AVAX/USDT
Time: 2025-05-17 15:25:00+09:00
Type: dead
Cross Character (Current): Weak
Cross Character (New): Weak
Price at Cross: 22.773

1. Pre-Cross Pattern (15min):
EMA Distance Changes (%): ['0.055', '0.045', '0.029', '0.003']
EMA12 Changes (%): ['0.044', '-0.013', '-0.025', '-0.057']
Price Changes (%): ['0.214', '-0.323', '-0.092', '-0.232']
Candle Analysis:
    Body Sizes (%): ['0.214', '0.323', '0.088', '0.228']
    Upper Shadows (%): ['0.026', '0.004', '0.096', '0.009']
    Lower Shadows (%): ['0.087', '0.065', '0.127', '0.026']
Volumes: [np.float64(13092.0), np.float64(27943.0), np.float64(11739.0), np.float64(17665.0)]
2025-05-17 15:30:53,107 - INFO - 
2. Post-Cross Movement (30min):
5min Price Changes (%): ['-0.149']
Maximum Change: -0.149% after 5 minutes
Candle Analysis:
    Body Sizes (%): ['0.154']
    Upper Shadows (%): ['0.004']
    Lower Shadows (%): ['0.000']
Volumes: [np.float64(2838.0)]
==================================================
2025-05-17 15:40:03,952 - INFO - 
==================================================
EMA Cross Analysis - DOT/USDT
Time: 2025-05-17 15:40:00+09:00
Type: dead
Cross Character (Current): Weak
Cross Character (New): Weak
Price at Cross: 4.689

1. Pre-Cross Pattern (15min):
EMA Distance Changes (%): ['0.064', '0.039', '0.007', '0.020']
EMA12 Changes (%): ['-0.047', '-0.039', '-0.056', '-0.051']
Price Changes (%): ['-0.212', '0.000', '-0.149', '-0.021']
Candle Analysis:
    Body Sizes (%): ['0.191', '0.000', '0.128', '0.000']
    Upper Shadows (%): ['0.064', '0.255', '0.106', '0.000']
    Lower Shadows (%): ['0.021', '0.192', '0.106', '0.000']
Volumes: [np.float64(55442.1), np.float64(74377.7), np.float64(56032.2), np.float64(1.5)]
2025-05-17 15:40:03,952 - INFO - 
2. Post-Cross Movement (30min):
5min Price Changes (%): []
Maximum Change: 0.000% after 0 minutes
Candle Analysis:
    Body Sizes (%): []
    Upper Shadows (%): []
    Lower Shadows (%): []
Volumes: []
==================================================
2025-05-17 15:45:47,337 - INFO - 
==================================================
EMA Cross Analysis - NEAR/USDT
Time: 2025-05-17 15:45:00+09:00
Type: golden
Cross Character (Current): Weak
Cross Character (New): Weak
Price at Cross: 2.78

1. Pre-Cross Pattern (15min):
EMA Distance Changes (%): ['0.060', '0.075', '0.037', '0.010']
EMA12 Changes (%): ['-0.052', '-0.038', '0.062', '0.086']
Price Changes (%): ['0.000', '0.036', '0.617', '0.216']
Candle Analysis:
    Body Sizes (%): ['0.000', '0.036', '0.617', '0.252']
    Upper Shadows (%): ['0.327', '0.145', '0.000', '0.000']
    Lower Shadows (%): ['0.145', '0.073', '0.036', '0.000']
Volumes: [np.float64(79117.0), np.float64(123890.0), np.float64(78766.0), np.float64(14406.0)]
2025-05-17 15:45:47,337 - INFO - 
2. Post-Cross Movement (30min):
5min Price Changes (%): []
Maximum Change: 0.000% after 0 minutes
Candle Analysis:
    Body Sizes (%): []
    Upper Shadows (%): []
    Lower Shadows (%): []
Volumes: []
==================================================
2025-05-17 15:45:52,313 - INFO - 
==================================================
EMA Cross Analysis - EOS/USDT
Time: 2025-05-17 15:40:00+09:00
Type: golden
Cross Character (Current): Weak
Cross Character (New): Weak
Price at Cross: 0.814

1. Pre-Cross Pattern (15min):
EMA Distance Changes (%): ['0.013', '0.000', '0.000', '0.039']
EMA12 Changes (%): ['-0.019', '0.022', '-0.000', '0.076']
Price Changes (%): ['-0.123', '0.247', '-0.123', '0.494']
Candle Analysis:
    Body Sizes (%): ['0.123', '0.123', '0.246', '0.494']
    Upper Shadows (%): ['0.247', '0.123', '0.123', '0.123']
    Lower Shadows (%): ['0.000', '0.370', '0.123', '0.123']
Volumes: [np.float64(198661.1), np.float64(426606.9), np.float64(419674.7), np.float64(479506.2)]
2025-05-17 15:45:52,314 - INFO - 
2. Post-Cross Movement (30min):
5min Price Changes (%): ['0.369']
Maximum Change: 0.369% after 5 minutes
Candle Analysis:
    Body Sizes (%): ['0.245']
    Upper Shadows (%): ['0.000']
    Lower Shadows (%): ['0.123']
Volumes: [np.float64(193851.7)]
==================================================
2025-05-17 15:45:53,197 - INFO - 
==================================================
EMA Cross Analysis - RENDER/USDT
Time: 2025-05-17 15:45:00+09:00
Type: golden
Cross Character (Current): Weak
Cross Character (New): Weak
Price at Cross: 4.578

1. Pre-Cross Pattern (15min):
EMA Distance Changes (%): ['0.076', '0.079', '0.033', '0.014']
EMA12 Changes (%): ['-0.027', '-0.016', '0.077', '0.086']
Price Changes (%): ['0.199', '0.044', '0.594', '0.131']
Candle Analysis:
    Body Sizes (%): ['0.176', '0.044', '0.594', '0.131']
    Upper Shadows (%): ['0.088', '0.264', '0.000', '0.000']
    Lower Shadows (%): ['0.132', '0.110', '0.044', '0.022']
Volumes: [np.float64(35477.6), np.float64(31678.0), np.float64(31261.3), np.float64(8060.4)]
2025-05-17 15:45:53,197 - INFO - 
2. Post-Cross Movement (30min):
5min Price Changes (%): []
Maximum Change: 0.000% after 0 minutes
Candle Analysis:
    Body Sizes (%): []
    Upper Shadows (%): []
    Lower Shadows (%): []
Volumes: []
==================================================
2025-05-17 15:45:55,636 - INFO - 
==================================================
EMA Cross Analysis - ZEN/USDT
Time: 2025-05-17 15:45:00+09:00
Type: golden
Cross Character (Current): Weak
Cross Character (New): Weak
Price at Cross: 9.153

1. Pre-Cross Pattern (15min):
EMA Distance Changes (%): ['0.060', '0.072', '0.038', '0.016']
EMA12 Changes (%): ['-0.047', '-0.032', '0.054', '0.100']
Price Changes (%): ['-0.044', '0.055', '0.529', '0.351']
Candle Analysis:
    Body Sizes (%): ['0.055', '0.044', '0.529', '0.384']
    Upper Shadows (%): ['0.110', '0.033', '0.000', '0.022']
    Lower Shadows (%): ['0.154', '0.121', '0.066', '0.000']
Volumes: [np.float64(946.0), np.float64(2001.7), np.float64(1573.1), np.float64(454.9)]
2025-05-17 15:45:55,636 - INFO - 
2. Post-Cross Movement (30min):
5min Price Changes (%): []
Maximum Change: 0.000% after 0 minutes
Candle Analysis:
    Body Sizes (%): []
    Upper Shadows (%): []
    Lower Shadows (%): []
Volumes: []
==================================================
2025-05-17 15:50:24,997 - INFO - 
==================================================
EMA Cross Analysis - NEAR/USDT
Time: 2025-05-17 15:50:00+09:00
Type: golden
Cross Character (Current): Weak
Cross Character (New): Weak
Price at Cross: 2.77

1. Pre-Cross Pattern (15min):
EMA Distance Changes (%): ['0.075', '0.037', '0.004', '0.007']
EMA12 Changes (%): ['-0.038', '0.062', '0.058', '0.022']
Price Changes (%): ['0.036', '0.617', '0.036', '-0.180']
Candle Analysis:
    Body Sizes (%): ['0.036', '0.617', '0.072', '0.144']
    Upper Shadows (%): ['0.145', '0.000', '0.216', '0.000']
    Lower Shadows (%): ['0.073', '0.036', '0.000', '0.000']
Volumes: [np.float64(123890.0), np.float64(78766.0), np.float64(75301.0), np.float64(1774.0)]
2025-05-17 15:50:24,997 - INFO - 
2. Post-Cross Movement (30min):
5min Price Changes (%): []
Maximum Change: 0.000% after 0 minutes
Candle Analysis:
    Body Sizes (%): []
    Upper Shadows (%): []
    Lower Shadows (%): []
Volumes: []
==================================================
2025-05-17 15:50:30,812 - INFO - 
==================================================
EMA Cross Analysis - RENDER/USDT
Time: 2025-05-17 15:45:00+09:00
Type: golden
Cross Character (Current): Weak
Cross Character (New): Weak
Price at Cross: 4.575

1. Pre-Cross Pattern (15min):
EMA Distance Changes (%): ['0.076', '0.079', '0.033', '0.009']
EMA12 Changes (%): ['-0.027', '-0.016', '0.077', '0.076']
Price Changes (%): ['0.199', '0.044', '0.594', '0.066']
Candle Analysis:
    Body Sizes (%): ['0.176', '0.044', '0.594', '0.066']
    Upper Shadows (%): ['0.088', '0.264', '0.000', '0.241']
    Lower Shadows (%): ['0.132', '0.110', '0.044', '0.022']
Volumes: [np.float64(35477.6), np.float64(31678.0), np.float64(31261.3), np.float64(19417.7)]
2025-05-17 15:50:30,813 - INFO - 
2. Post-Cross Movement (30min):
5min Price Changes (%): ['-0.153']
Maximum Change: -0.153% after 5 minutes
Candle Analysis:
    Body Sizes (%): ['0.131']
    Upper Shadows (%): ['0.000']
    Lower Shadows (%): ['0.000']
Volumes: [np.float64(1145.6)]
==================================================
2025-05-17 15:50:33,200 - INFO - 
==================================================
EMA Cross Analysis - ZEN/USDT
Time: 2025-05-17 15:50:00+09:00
Type: golden
Cross Character (Current): Weak
Cross Character (New): Weak
Price at Cross: 9.121

1. Pre-Cross Pattern (15min):
EMA Distance Changes (%): ['0.072', '0.038', '0.000', '0.018']
EMA12 Changes (%): ['-0.032', '0.054', '0.068', '0.036']
Price Changes (%): ['0.055', '0.529', '0.143', '-0.142']
Candle Analysis:
    Body Sizes (%): ['0.044', '0.529', '0.175', '0.088']
    Upper Shadows (%): ['0.033', '0.000', '0.230', '0.000']
    Lower Shadows (%): ['0.121', '0.066', '0.000', '0.000']
Volumes: [np.float64(2001.7), np.float64(1573.1), np.float64(1962.9), np.float64(110.6)]
2025-05-17 15:50:33,200 - INFO - 
2. Post-Cross Movement (30min):
5min Price Changes (%): []
Maximum Change: 0.000% after 0 minutes
Candle Analysis:
    Body Sizes (%): []
    Upper Shadows (%): []
    Lower Shadows (%): []
Volumes: []
==================================================
2025-05-17 15:55:08,645 - INFO - 
==================================================
EMA Cross Analysis - NEAR/USDT
Time: 2025-05-17 15:50:00+09:00
Type: golden
Cross Character (Current): Weak
Cross Character (New): Weak
Price at Cross: 2.769

1. Pre-Cross Pattern (15min):
EMA Distance Changes (%): ['0.075', '0.037', '0.004', '0.004']
EMA12 Changes (%): ['-0.038', '0.062', '0.058', '0.016']
Price Changes (%): ['0.036', '0.617', '0.036', '-0.216']
Candle Analysis:
    Body Sizes (%): ['0.036', '0.617', '0.072', '0.180']
    Upper Shadows (%): ['0.145', '0.000', '0.216', '0.000']
    Lower Shadows (%): ['0.073', '0.036', '0.000', '0.108']
Volumes: [np.float64(123890.0), np.float64(78766.0), np.float64(75301.0), np.float64(83812.0)]
2025-05-17 15:55:08,645 - INFO - 
2. Post-Cross Movement (30min):
5min Price Changes (%): ['0.072']
Maximum Change: 0.072% after 5 minutes
Candle Analysis:
    Body Sizes (%): ['0.108']
    Upper Shadows (%): ['0.000']
    Lower Shadows (%): ['0.000']
Volumes: [np.float64(545.0)]
==================================================
2025-05-17 15:55:10,207 - INFO - 
==================================================
EMA Cross Analysis - ZEN/USDT
Time: 2025-05-17 15:50:00+09:00
Type: golden
Cross Character (Current): Weak
Cross Character (New): Weak
Price at Cross: 9.115

1. Pre-Cross Pattern (15min):
EMA Distance Changes (%): ['0.072', '0.038', '0.000', '0.013']
EMA12 Changes (%): ['-0.032', '0.054', '0.068', '0.025']
Price Changes (%): ['0.055', '0.529', '0.143', '-0.208']
Candle Analysis:
    Body Sizes (%): ['0.044', '0.529', '0.175', '0.153']
    Upper Shadows (%): ['0.033', '0.000', '0.230', '0.000']
    Lower Shadows (%): ['0.121', '0.066', '0.000', '0.088']
Volumes: [np.float64(2001.7), np.float64(1573.1), np.float64(1962.9), np.float64(1381.3)]
2025-05-17 15:55:10,208 - INFO - 
2. Post-Cross Movement (30min):
5min Price Changes (%): ['0.000']
Maximum Change: 0.000% after 0 minutes
Candle Analysis:
    Body Sizes (%): ['0.000']
    Upper Shadows (%): ['0.000']
    Lower Shadows (%): ['0.000']
Volumes: [np.float64(0.0)]
==================================================
2025-05-17 16:00:50,545 - INFO - 
==================================================
EMA Cross Analysis - POL/USDT
Time: 2025-05-17 15:55:00+09:00
Type: golden
Cross Character (Current): Weak
Cross Character (New): Weak
Price at Cross: 0.23324

1. Pre-Cross Pattern (15min):
EMA Distance Changes (%): ['0.079', '0.041', '0.028', '0.001']
EMA12 Changes (%): ['0.059', '0.062', '0.019', '0.052']
Price Changes (%): ['0.552', '0.082', '-0.219', '0.232']
Candle Analysis:
    Body Sizes (%): ['0.565', '0.090', '0.214', '0.223']
    Upper Shadows (%): ['0.000', '0.189', '0.000', '0.034']
    Lower Shadows (%): ['0.004', '0.000', '0.064', '0.056']
Volumes: [np.float64(260132.0), np.float64(254483.0), np.float64(166379.0), np.float64(74371.0)]
2025-05-17 16:00:50,545 - INFO - 
2. Post-Cross Movement (30min):
5min Price Changes (%): ['-0.099']
Maximum Change: -0.099% after 5 minutes
Candle Analysis:
    Body Sizes (%): ['0.103']
    Upper Shadows (%): ['0.000']
    Lower Shadows (%): ['0.021']
Volumes: [np.float64(44026.0)]
==================================================
2025-05-17 16:05:25,607 - INFO - 
==================================================
EMA Cross Analysis - BAN/USDT
Time: 2025-05-17 16:05:00+09:00
Type: golden
Cross Character (Current): Weak
Cross Character (New): Weak
Price at Cross: 0.05762

1. Pre-Cross Pattern (15min):
EMA Distance Changes (%): ['0.080', '0.048', '0.014', '0.006']
EMA12 Changes (%): ['0.011', '0.049', '0.060', '0.035']
Price Changes (%): ['-0.330', '0.261', '0.122', '-0.104']
Candle Analysis:
    Body Sizes (%): ['0.312', '0.313', '0.122', '0.104']
    Upper Shadows (%): ['0.000', '0.313', '0.104', '0.000']
    Lower Shadows (%): ['0.035', '0.000', '0.087', '0.000']
Volumes: [np.float64(37979.0), np.float64(84262.0), np.float64(64250.0), np.float64(2493.0)]
2025-05-17 16:05:25,607 - INFO - 
2. Post-Cross Movement (30min):
5min Price Changes (%): []
Maximum Change: 0.000% after 0 minutes
Candle Analysis:
    Body Sizes (%): []
    Upper Shadows (%): []
    Lower Shadows (%): []
Volumes: []
==================================================
2025-05-17 16:05:29,603 - INFO - 
==================================================
EMA Cross Analysis - XLM/USDT
Time: 2025-05-17 16:00:00+09:00
Type: golden
Cross Character (Current): Weak
Cross Character (New): Weak
Price at Cross: 0.2912

1. Pre-Cross Pattern (15min):
EMA Distance Changes (%): ['0.035', '0.038', '0.019', '0.001']
EMA12 Changes (%): ['0.019', '-0.010', '0.029', '0.038']
Price Changes (%): ['0.083', '-0.169', '0.245', '0.082']
Candle Analysis:
    Body Sizes (%): ['0.083', '0.165', '0.248', '0.082']
    Upper Shadows (%): ['0.148', '0.000', '0.014', '0.055']
    Lower Shadows (%): ['0.000', '0.028', '0.000', '0.151']
Volumes: [np.float64(441705.0), np.float64(312788.0), np.float64(201637.0), np.float64(302686.0)]
2025-05-17 16:05:29,603 - INFO - 
2. Post-Cross Movement (30min):
5min Price Changes (%): ['-0.103']
Maximum Change: -0.103% after 5 minutes
Candle Analysis:
    Body Sizes (%): ['0.100']
    Upper Shadows (%): ['0.000']
    Lower Shadows (%): ['0.000']
Volumes: [np.float64(46848.0)]
==================================================
2025-05-17 16:05:33,759 - INFO - 
==================================================
EMA Cross Analysis - AVAX/USDT
Time: 2025-05-17 16:00:00+09:00
Type: golden
Cross Character (Current): Weak
Cross Character (New): Weak
Price at Cross: 22.894

1. Pre-Cross Pattern (15min):
EMA Distance Changes (%): ['0.018', '0.024', '0.012', '0.010']
EMA12 Changes (%): ['0.029', '-0.014', '0.020', '0.039']
Price Changes (%): ['0.092', '-0.249', '0.202', '0.149']
Candle Analysis:
    Body Sizes (%): ['0.092', '0.241', '0.206', '0.149']
    Upper Shadows (%): ['0.175', '0.000', '0.009', '0.127']
    Lower Shadows (%): ['0.000', '0.009', '0.009', '0.092']
Volumes: [np.float64(17719.0), np.float64(22308.0), np.float64(7014.0), np.float64(25893.0)]
2025-05-17 16:05:33,760 - INFO - 
2. Post-Cross Movement (30min):
5min Price Changes (%): ['-0.153']
Maximum Change: -0.153% after 5 minutes
Candle Analysis:
    Body Sizes (%): ['0.149']
    Upper Shadows (%): ['0.000']
    Lower Shadows (%): ['0.009']
Volumes: [np.float64(1327.0)]
==================================================
2025-05-17 16:05:35,091 - INFO - 
==================================================
EMA Cross Analysis - ONDOUSDT
Time: 2025-05-17 16:05:00+09:00
Type: golden
Cross Character (Current): Weak
Cross Character (New): Weak
Price at Cross: 0.9232

1. Pre-Cross Pattern (15min):
EMA Distance Changes (%): ['0.075', '0.044', '0.003', '0.014']
EMA12 Changes (%): ['-0.000', '0.048', '0.074', '0.033']
Price Changes (%): ['-0.260', '0.315', '0.217', '-0.195']
Candle Analysis:
    Body Sizes (%): ['0.260', '0.315', '0.217', '0.184']
    Upper Shadows (%): ['0.000', '0.054', '0.000', '0.000']
    Lower Shadows (%): ['0.033', '0.000', '0.087', '0.000']
Volumes: [np.float64(299468.1), np.float64(299990.6), np.float64(434574.9), np.float64(93264.6)]
2025-05-17 16:05:35,091 - INFO - 
2. Post-Cross Movement (30min):
5min Price Changes (%): []
Maximum Change: 0.000% after 0 minutes
Candle Analysis:
    Body Sizes (%): []
    Upper Shadows (%): []
    Lower Shadows (%): []
Volumes: []
==================================================
2025-05-17 16:10:02,847 - INFO - 
==================================================
EMA Cross Analysis - TIA/USDT
Time: 2025-05-17 16:05:00+09:00
Type: golden
Cross Character (Current): Weak
Cross Character (New): Weak
Price at Cross: 2.6603

1. Pre-Cross Pattern (15min):
EMA Distance Changes (%): ['0.133', '0.097', '0.046', '0.001']
EMA12 Changes (%): ['-0.018', '0.051', '0.083', '0.084']
Price Changes (%): ['-0.253', '0.428', '0.260', '0.090']
Candle Analysis:
    Body Sizes (%): ['0.264', '0.432', '0.264', '0.090']
    Upper Shadows (%): ['0.000', '0.030', '0.102', '0.060']
    Lower Shadows (%): ['0.064', '0.000', '0.241', '0.263']
Volumes: [np.float64(72658.0), np.float64(49827.0), np.float64(173344.0), np.float64(129117.0)]
2025-05-17 16:10:02,847 - INFO - 
2. Post-Cross Movement (30min):
5min Price Changes (%): ['-0.071']
Maximum Change: -0.071% after 5 minutes
Candle Analysis:
    Body Sizes (%): ['0.068']
    Upper Shadows (%): ['0.000']
    Lower Shadows (%): ['0.000']
Volumes: [np.float64(2890.0)]
==================================================
2025-05-17 16:10:05,027 - INFO - 
==================================================
EMA Cross Analysis - 1000PEPE/USDT
Time: 2025-05-17 16:10:00+09:00
Type: golden
Cross Character (Current): Weak
Cross Character (New): Weak
Price at Cross: 0.0125045

1. Pre-Cross Pattern (15min):
EMA Distance Changes (%): ['0.148', '0.098', '0.037', '0.005']
EMA12 Changes (%): ['0.042', '0.075', '0.104', '0.075']
Price Changes (%): ['0.288', '0.259', '0.262', '-0.081']
Candle Analysis:
    Body Sizes (%): ['0.299', '0.266', '0.262', '0.080']
    Upper Shadows (%): ['0.048', '0.026', '0.010', '0.000']
    Lower Shadows (%): ['0.023', '0.189', '0.304', '0.001']
Volumes: [np.float64(90047511.0), np.float64(245995499.0), np.float64(276685013.0), np.float64(1906879.0)]
2025-05-17 16:10:05,028 - INFO - 
2. Post-Cross Movement (30min):
5min Price Changes (%): []
Maximum Change: 0.000% after 0 minutes
Candle Analysis:
    Body Sizes (%): []
    Upper Shadows (%): []
    Lower Shadows (%): []
Volumes: []
==================================================
2025-05-17 16:10:06,153 - INFO - 
==================================================
EMA Cross Analysis - ATOM/USDT
Time: 2025-05-17 16:05:00+09:00
Type: golden
Cross Character (Current): Weak
Cross Character (New): Weak
Price at Cross: 4.758

1. Pre-Cross Pattern (15min):
EMA Distance Changes (%): ['0.080', '0.056', '0.031', '0.004']
EMA12 Changes (%): ['-0.008', '0.036', '0.040', '0.063']
Price Changes (%): ['-0.148', '0.275', '0.063', '0.190']
Candle Analysis:
    Body Sizes (%): ['0.127', '0.275', '0.084', '0.211']
    Upper Shadows (%): ['0.000', '0.000', '0.000', '0.000']
    Lower Shadows (%): ['0.042', '0.000', '0.190', '0.147']
Volumes: [np.float64(13580.87), np.float64(9268.2), np.float64(18447.24), np.float64(46774.49)]
2025-05-17 16:10:06,154 - INFO - 
2. Post-Cross Movement (30min):
5min Price Changes (%): ['-0.021']
Maximum Change: -0.021% after 5 minutes
Candle Analysis:
    Body Sizes (%): ['0.042']
    Upper Shadows (%): ['0.000']
    Lower Shadows (%): ['0.000']
Volumes: [np.float64(379.31)]
==================================================
2025-05-17 16:10:06,610 - INFO - 
==================================================
EMA Cross Analysis - ORDI/USDT
Time: 2025-05-17 16:10:00+09:00
Type: golden
Cross Character (Current): Weak
Cross Character (New): Weak
Price at Cross: 9.421

1. Pre-Cross Pattern (15min):
EMA Distance Changes (%): ['0.107', '0.055', '0.018', '0.001']
EMA12 Changes (%): ['0.097', '0.087', '0.063', '0.034']
Price Changes (%): ['0.737', '0.032', '-0.064', '-0.127']
Candle Analysis:
    Body Sizes (%): ['0.704', '0.042', '0.053', '0.127']
    Upper Shadows (%): ['0.032', '0.106', '0.106', '0.000']
    Lower Shadows (%): ['0.000', '0.339', '0.403', '0.011']
Volumes: [np.float64(22557.6), np.float64(22694.3), np.float64(26051.9), np.float64(468.4)]
2025-05-17 16:10:06,610 - INFO - 
2. Post-Cross Movement (30min):
5min Price Changes (%): []
Maximum Change: 0.000% after 0 minutes
Candle Analysis:
    Body Sizes (%): []
    Upper Shadows (%): []
    Lower Shadows (%): []
Volumes: []
==================================================
2025-05-17 16:10:06,842 - INFO - 
==================================================
EMA Cross Analysis - DOGE/USDT
Time: 2025-05-17 16:05:00+09:00
Type: golden
Cross Character (Current): Weak
Cross Character (New): Weak
Price at Cross: 0.21856

1. Pre-Cross Pattern (15min):
EMA Distance Changes (%): ['0.095', '0.071', '0.036', '0.007']
EMA12 Changes (%): ['-0.000', '0.032', '0.058', '0.078']
Price Changes (%): ['-0.207', '0.212', '0.198', '0.188']
Candle Analysis:
    Body Sizes (%): ['0.207', '0.216', '0.202', '0.188']
    Upper Shadows (%): ['0.000', '0.041', '0.028', '0.023']
    Lower Shadows (%): ['0.046', '0.000', '0.106', '0.211']
Volumes: [np.float64(10457401.0), np.float64(6990339.0), np.float64(13710200.0), np.float64(14244254.0)]
2025-05-17 16:10:06,842 - INFO - 
2. Post-Cross Movement (30min):
5min Price Changes (%): ['-0.059']
Maximum Change: -0.059% after 5 minutes
Candle Analysis:
    Body Sizes (%): ['0.059']
    Upper Shadows (%): ['0.000']
    Lower Shadows (%): ['0.005']
Volumes: [np.float64(408516.0)]
==================================================
2025-05-17 16:10:07,298 - INFO - 
==================================================
EMA Cross Analysis - GALA/USDT
Time: 2025-05-17 16:10:00+09:00
Type: golden
Cross Character (Current): Weak
Cross Character (New): Weak
Price at Cross: 0.01885

1. Pre-Cross Pattern (15min):
EMA Distance Changes (%): ['0.144', '0.089', '0.028', '0.011']
EMA12 Changes (%): ['0.072', '0.086', '0.105', '0.073']
Price Changes (%): ['0.481', '0.160', '0.212', '-0.106']
Candle Analysis:
    Body Sizes (%): ['0.481', '0.213', '0.212', '0.106']
    Upper Shadows (%): ['0.000', '0.053', '0.053', '0.000']
    Lower Shadows (%): ['0.000', '0.266', '0.319', '0.000']
Volumes: [np.float64(4322975.0), np.float64(8816315.0), np.float64(6946003.0), np.float64(185398.0)]
2025-05-17 16:10:07,298 - INFO - 
2. Post-Cross Movement (30min):
5min Price Changes (%): []
Maximum Change: 0.000% after 0 minutes
Candle Analysis:
    Body Sizes (%): []
    Upper Shadows (%): []
    Lower Shadows (%): []
Volumes: []
==================================================
2025-05-17 16:10:08,626 - INFO - 
==================================================
EMA Cross Analysis - THETA/USDT
Time: 2025-05-17 16:10:00+09:00
Type: golden
Cross Character (Current): Weak
Cross Character (New): Weak
Price at Cross: 0.8631

1. Pre-Cross Pattern (15min):
EMA Distance Changes (%): ['0.105', '0.066', '0.014', '0.021']
EMA12 Changes (%): ['0.045', '0.060', '0.092', '0.065']
Price Changes (%): ['0.397', '0.139', '0.267', '-0.081']
Candle Analysis:
    Body Sizes (%): ['0.362', '0.139', '0.267', '0.069']
    Upper Shadows (%): ['0.000', '0.081', '0.023', '0.000']
    Lower Shadows (%): ['0.000', '0.151', '0.267', '0.000']
Volumes: [np.float64(15345.3), np.float64(207845.3), np.float64(73847.7), np.float64(1071.0)]
2025-05-17 16:10:08,626 - INFO - 
2. Post-Cross Movement (30min):
5min Price Changes (%): []
Maximum Change: 0.000% after 0 minutes
Candle Analysis:
    Body Sizes (%): []
    Upper Shadows (%): []
    Lower Shadows (%): []
Volumes: []
==================================================
2025-05-17 16:10:09,731 - INFO - 
==================================================
EMA Cross Analysis - WLD/USDT
Time: 2025-05-17 16:10:00+09:00
Type: golden
Cross Character (Current): Weak
Cross Character (New): Weak
Price at Cross: 1.0889

1. Pre-Cross Pattern (15min):
EMA Distance Changes (%): ['0.174', '0.098', '0.025', '0.025']
EMA12 Changes (%): ['0.058', '0.120', '0.127', '0.095']
Price Changes (%): ['0.417', '0.462', '0.165', '-0.083']
Candle Analysis:
    Body Sizes (%): ['0.427', '0.452', '0.193', '0.055']
    Upper Shadows (%): ['0.000', '0.000', '0.083', '0.000']
    Lower Shadows (%): ['0.037', '0.295', '0.147', '0.018']
Volumes: [np.float64(125492.0), np.float64(1103751.0), np.float64(616972.0), np.float64(12252.0)]
2025-05-17 16:10:09,731 - INFO - 
2. Post-Cross Movement (30min):
5min Price Changes (%): []
Maximum Change: 0.000% after 0 minutes
Candle Analysis:
    Body Sizes (%): []
    Upper Shadows (%): []
    Lower Shadows (%): []
Volumes: []
==================================================
2025-05-17 16:10:12,590 - INFO - 
==================================================
EMA Cross Analysis - ONDOUSDT
Time: 2025-05-17 16:05:00+09:00
Type: golden
Cross Character (Current): Weak
Cross Character (New): Weak
Price at Cross: 0.9271

1. Pre-Cross Pattern (15min):
EMA Distance Changes (%): ['0.075', '0.044', '0.003', '0.048']
EMA12 Changes (%): ['-0.000', '0.048', '0.074', '0.098']
Price Changes (%): ['-0.260', '0.315', '0.217', '0.227']
Candle Analysis:
    Body Sizes (%): ['0.260', '0.315', '0.217', '0.238']
    Upper Shadows (%): ['0.000', '0.054', '0.000', '0.043']
    Lower Shadows (%): ['0.033', '0.000', '0.087', '0.184']
Volumes: [np.float64(299468.1), np.float64(299990.6), np.float64(434574.9), np.float64(477634.0)]
2025-05-17 16:10:12,590 - INFO - 
2. Post-Cross Movement (30min):
5min Price Changes (%): ['-0.119']
Maximum Change: -0.119% after 5 minutes
Candle Analysis:
    Body Sizes (%): ['0.119']
    Upper Shadows (%): ['0.000']
    Lower Shadows (%): ['0.000']
Volumes: [np.float64(101093.2)]
==================================================
2025-05-17 16:11:14,303 - INFO - 
==================================================
EMA Cross Analysis - BAN/USDT
Time: 2025-05-17 16:05:00+09:00
Type: golden
Cross Character (Current): Weak
Cross Character (New): Weak
Price at Cross: 0.05777

1. Pre-Cross Pattern (15min):
EMA Distance Changes (%): ['0.080', '0.048', '0.014', '0.026']
EMA12 Changes (%): ['0.011', '0.049', '0.060', '0.075']
Price Changes (%): ['-0.330', '0.261', '0.122', '0.156']
Candle Analysis:
    Body Sizes (%): ['0.312', '0.313', '0.122', '0.156']
    Upper Shadows (%): ['0.000', '0.313', '0.104', '0.069']
    Lower Shadows (%): ['0.035', '0.000', '0.087', '0.139']
Volumes: [np.float64(37979.0), np.float64(84262.0), np.float64(64250.0), np.float64(105583.0)]
2025-05-17 16:11:14,303 - INFO - 
2. Post-Cross Movement (30min):
5min Price Changes (%): ['0.208']
Maximum Change: 0.208% after 5 minutes
Candle Analysis:
    Body Sizes (%): ['0.156']
    Upper Shadows (%): ['0.000']
    Lower Shadows (%): ['0.000']
Volumes: [np.float64(12180.0)]
==================================================
2025-05-17 16:15:51,856 - INFO - 
==================================================
EMA Cross Analysis - 1000PEPE/USDT
Time: 2025-05-17 16:10:00+09:00
Type: golden
Cross Character (Current): Weak
Cross Character (New): Weak
Price at Cross: 0.0125062

1. Pre-Cross Pattern (15min):
EMA Distance Changes (%): ['0.148', '0.098', '0.037', '0.006']
EMA12 Changes (%): ['0.042', '0.075', '0.104', '0.077']
Price Changes (%): ['0.288', '0.259', '0.262', '-0.067']
Candle Analysis:
    Body Sizes (%): ['0.299', '0.266', '0.262', '0.066']
    Upper Shadows (%): ['0.048', '0.026', '0.010', '0.229']
    Lower Shadows (%): ['0.023', '0.189', '0.304', '0.109']
Volumes: [np.float64(90047511.0), np.float64(245995499.0), np.float64(276685013.0), np.float64(365287801.0)]
2025-05-17 16:15:51,857 - INFO - 
2. Post-Cross Movement (30min):
5min Price Changes (%): ['0.197']
Maximum Change: 0.197% after 5 minutes
Candle Analysis:
    Body Sizes (%): ['0.196']
    Upper Shadows (%): ['0.030']
    Lower Shadows (%): ['0.062']
Volumes: [np.float64(90124201.0)]
==================================================
2025-05-17 16:15:52,303 - INFO - 
==================================================
EMA Cross Analysis - LINK/USDT
Time: 2025-05-17 16:15:00+09:00
Type: golden
Cross Character (Current): Weak
Cross Character (New): Weak
Price at Cross: 15.504

1. Pre-Cross Pattern (15min):
EMA Distance Changes (%): ['0.067', '0.030', '0.009', '0.014']
EMA12 Changes (%): ['0.037', '0.062', '0.036', '0.043']
Price Changes (%): ['0.084', '0.200', '-0.103', '0.077']
Candle Analysis:
    Body Sizes (%): ['0.084', '0.207', '0.090', '0.077']
    Upper Shadows (%): ['0.097', '0.052', '0.174', '0.000']
    Lower Shadows (%): ['0.116', '0.155', '0.006', '0.019']
Volumes: [np.float64(37846.53), np.float64(60917.65), np.float64(39526.85), np.float64(3777.21)]
2025-05-17 16:15:52,303 - INFO - 
2. Post-Cross Movement (30min):
5min Price Changes (%): []
Maximum Change: 0.000% after 0 minutes
Candle Analysis:
    Body Sizes (%): []
    Upper Shadows (%): []
    Lower Shadows (%): []
Volumes: []
==================================================
2025-05-17 16:15:54,076 - INFO - 
==================================================
EMA Cross Analysis - GALA/USDT
Time: 2025-05-17 16:15:00+09:00
Type: golden
Cross Character (Current): Weak
Cross Character (New): Weak
Price at Cross: 0.01882

1. Pre-Cross Pattern (15min):
EMA Distance Changes (%): ['0.089', '0.028', '0.010', '0.013']
EMA12 Changes (%): ['0.086', '0.105', '0.032', '0.043']
Price Changes (%): ['0.160', '0.212', '-0.371', '0.106']
Candle Analysis:
    Body Sizes (%): ['0.213', '0.212', '0.371', '0.053']
    Upper Shadows (%): ['0.053', '0.053', '0.265', '0.000']
    Lower Shadows (%): ['0.266', '0.319', '0.000', '0.000']
Volumes: [np.float64(8816315.0), np.float64(6946003.0), np.float64(16036572.0), np.float64(1931679.0)]
2025-05-17 16:15:54,077 - INFO - 
2. Post-Cross Movement (30min):
5min Price Changes (%): []
Maximum Change: 0.000% after 0 minutes
Candle Analysis:
    Body Sizes (%): []
    Upper Shadows (%): []
    Lower Shadows (%): []
Volumes: []
==================================================
2025-05-17 16:15:55,404 - INFO - 
==================================================
EMA Cross Analysis - THETA/USDT
Time: 2025-05-17 16:10:00+09:00
Type: golden
Cross Character (Current): Weak
Cross Character (New): Weak
Price at Cross: 0.8623

1. Pre-Cross Pattern (15min):
EMA Distance Changes (%): ['0.105', '0.066', '0.014', '0.013']
EMA12 Changes (%): ['0.045', '0.060', '0.092', '0.051']
Price Changes (%): ['0.397', '0.139', '0.267', '-0.174']
Candle Analysis:
    Body Sizes (%): ['0.362', '0.139', '0.267', '0.162']
    Upper Shadows (%): ['0.000', '0.081', '0.023', '0.162']
    Lower Shadows (%): ['0.000', '0.151', '0.267', '0.012']
Volumes: [np.float64(15345.3), np.float64(207845.3), np.float64(73847.7), np.float64(47573.1)]
2025-05-17 16:15:55,404 - INFO - 
2. Post-Cross Movement (30min):
5min Price Changes (%): ['0.093']
Maximum Change: 0.093% after 5 minutes
Candle Analysis:
    Body Sizes (%): ['0.104']
    Upper Shadows (%): ['0.023']
    Lower Shadows (%): ['0.023']
Volumes: [np.float64(5574.9)]
==================================================
2025-05-17 16:15:56,507 - INFO - 
==================================================
EMA Cross Analysis - WLD/USDT
Time: 2025-05-17 16:10:00+09:00
Type: golden
Cross Character (Current): Weak
Cross Character (New): Weak
Price at Cross: 1.0876

1. Pre-Cross Pattern (15min):
EMA Distance Changes (%): ['0.174', '0.098', '0.025', '0.016']
EMA12 Changes (%): ['0.058', '0.120', '0.127', '0.076']
Price Changes (%): ['0.417', '0.462', '0.165', '-0.202']
Candle Analysis:
    Body Sizes (%): ['0.427', '0.452', '0.193', '0.174']
    Upper Shadows (%): ['0.000', '0.000', '0.083', '0.119']
    Lower Shadows (%): ['0.037', '0.295', '0.147', '0.037']
Volumes: [np.float64(125492.0), np.float64(1103751.0), np.float64(616972.0), np.float64(241680.0)]
2025-05-17 16:15:56,508 - INFO - 
2. Post-Cross Movement (30min):
5min Price Changes (%): ['-0.028']
Maximum Change: -0.028% after 5 minutes
Candle Analysis:
    Body Sizes (%): ['0.037']
    Upper Shadows (%): ['0.000']
    Lower Shadows (%): ['0.055']
Volumes: [np.float64(66337.0)]
==================================================
2025-05-17 16:20:29,251 - INFO - 
==================================================
EMA Cross Analysis - FXS/USDT
Time: 2025-05-17 16:20:00+09:00
Type: dead
Cross Character (Current): Weak
Cross Character (New): Weak
Price at Cross: 3.0722

1. Pre-Cross Pattern (15min):
EMA Distance Changes (%): ['0.058', '0.033', '0.004', '0.024']
EMA12 Changes (%): ['0.010', '-0.039', '-0.052', '-0.053']
Price Changes (%): ['0.296', '-0.308', '-0.123', '-0.059']
Candle Analysis:
    Body Sizes (%): ['0.279', '0.285', '0.110', '0.033']
    Upper Shadows (%): ['0.247', '0.042', '0.101', '0.013']
    Lower Shadows (%): ['0.247', '0.194', '0.419', '0.120']
Volumes: [np.float64(15789.7), np.float64(14702.8), np.float64(22536.3), np.float64(1160.5)]
2025-05-17 16:20:29,252 - INFO - 
2. Post-Cross Movement (30min):
5min Price Changes (%): []
Maximum Change: 0.000% after 0 minutes
Candle Analysis:
    Body Sizes (%): []
    Upper Shadows (%): []
    Lower Shadows (%): []
Volumes: []
==================================================
2025-05-17 16:20:29,916 - INFO - 
==================================================
EMA Cross Analysis - LINK/USDT
Time: 2025-05-17 16:20:00+09:00
Type: golden
Cross Character (Current): Weak
Cross Character (New): Weak
Price at Cross: 15.477

1. Pre-Cross Pattern (15min):
EMA Distance Changes (%): ['0.030', '0.009', '0.005', '0.003']
EMA12 Changes (%): ['0.062', '0.036', '0.007', '0.015']
Price Changes (%): ['0.200', '-0.103', '-0.155', '0.058']
Candle Analysis:
    Body Sizes (%): ['0.207', '0.090', '0.155', '0.058']
    Upper Shadows (%): ['0.052', '0.174', '0.129', '0.006']
    Lower Shadows (%): ['0.155', '0.006', '0.058', '0.006']
Volumes: [np.float64(60917.65), np.float64(39526.85), np.float64(30620.15), np.float64(1527.13)]
2025-05-17 16:20:29,917 - INFO - 
2. Post-Cross Movement (30min):
5min Price Changes (%): []
Maximum Change: 0.000% after 0 minutes
Candle Analysis:
    Body Sizes (%): []
    Upper Shadows (%): []
    Lower Shadows (%): []
Volumes: []
==================================================
2025-05-17 16:20:31,686 - INFO - 
==================================================
EMA Cross Analysis - GALA/USDT
Time: 2025-05-17 16:20:00+09:00
Type: golden
Cross Character (Current): Weak
Cross Character (New): Weak
Price at Cross: 0.0188

1. Pre-Cross Pattern (15min):
EMA Distance Changes (%): ['0.028', '0.010', '0.004', '0.010']
EMA12 Changes (%): ['0.105', '0.032', '0.010', '0.025']
Price Changes (%): ['0.212', '-0.371', '-0.106', '0.106']
Candle Analysis:
    Body Sizes (%): ['0.212', '0.371', '0.159', '0.160']
    Upper Shadows (%): ['0.053', '0.265', '0.159', '0.000']
    Lower Shadows (%): ['0.319', '0.000', '0.106', '0.000']
Volumes: [np.float64(6946003.0), np.float64(16036572.0), np.float64(5106194.0), np.float64(473574.0)]
2025-05-17 16:20:31,686 - INFO - 
2. Post-Cross Movement (30min):
5min Price Changes (%): []
Maximum Change: 0.000% after 0 minutes
Candle Analysis:
    Body Sizes (%): []
    Upper Shadows (%): []
    Lower Shadows (%): []
Volumes: []
==================================================
2025-05-17 16:25:05,622 - INFO - 
==================================================
EMA Cross Analysis - ORCA/USDT
Time: 2025-05-17 16:25:00+09:00
Type: golden
Cross Character (Current): Weak
Cross Character (New): Weak
Price at Cross: 2.551

1. Pre-Cross Pattern (15min):
EMA Distance Changes (%): ['0.097', '0.080', '0.022', '0.018']
EMA12 Changes (%): ['0.051', '0.019', '0.101', '0.073']
Price Changes (%): ['0.000', '-0.157', '0.551', '-0.078']
Candle Analysis:
    Body Sizes (%): ['0.000', '0.157', '0.551', '0.000']
    Upper Shadows (%): ['0.197', '0.236', '0.000', '0.000']
    Lower Shadows (%): ['0.079', '0.000', '0.000', '0.000']
Volumes: [np.float64(7426.8), np.float64(3965.2), np.float64(9422.1), np.float64(8.9)]
2025-05-17 16:25:05,622 - INFO - 
2. Post-Cross Movement (30min):
5min Price Changes (%): []
Maximum Change: 0.000% after 0 minutes
Candle Analysis:
    Body Sizes (%): []
    Upper Shadows (%): []
    Lower Shadows (%): []
Volumes: []
==================================================
2025-05-17 16:25:07,568 - INFO - 
==================================================
EMA Cross Analysis - LINK/USDT
Time: 2025-05-17 16:20:00+09:00
Type: golden
Cross Character (Current): Weak
Cross Character (New): Weak
Price at Cross: 15.516

1. Pre-Cross Pattern (15min):
EMA Distance Changes (%): ['0.030', '0.009', '0.005', '0.023']
EMA12 Changes (%): ['0.062', '0.036', '0.007', '0.054']
Price Changes (%): ['0.200', '-0.103', '-0.155', '0.310']
Candle Analysis:
    Body Sizes (%): ['0.207', '0.090', '0.155', '0.310']
    Upper Shadows (%): ['0.052', '0.174', '0.129', '0.058']
    Lower Shadows (%): ['0.155', '0.006', '0.058', '0.006']
Volumes: [np.float64(60917.65), np.float64(39526.85), np.float64(30620.15), np.float64(51132.4)]
2025-05-17 16:25:07,568 - INFO - 
2. Post-Cross Movement (30min):
5min Price Changes (%): ['0.006']
Maximum Change: 0.006% after 5 minutes
Candle Analysis:
    Body Sizes (%): ['0.013']
    Upper Shadows (%): ['0.000']
    Lower Shadows (%): ['0.013']
Volumes: [np.float64(692.22)]
==================================================
2025-05-17 16:25:09,367 - INFO - 
==================================================
EMA Cross Analysis - GALA/USDT
Time: 2025-05-17 16:20:00+09:00
Type: golden
Cross Character (Current): Weak
Cross Character (New): Weak
Price at Cross: 0.01892

1. Pre-Cross Pattern (15min):
EMA Distance Changes (%): ['0.028', '0.010', '0.004', '0.060']
EMA12 Changes (%): ['0.105', '0.032', '0.010', '0.123']
Price Changes (%): ['0.212', '-0.371', '-0.106', '0.745']
Candle Analysis:
    Body Sizes (%): ['0.212', '0.371', '0.159', '0.799']
    Upper Shadows (%): ['0.053', '0.265', '0.159', '0.000']
    Lower Shadows (%): ['0.319', '0.000', '0.106', '0.000']
Volumes: [np.float64(6946003.0), np.float64(16036572.0), np.float64(5106194.0), np.float64(4836739.0)]
2025-05-17 16:25:09,367 - INFO - 
2. Post-Cross Movement (30min):
5min Price Changes (%): ['0.000']
Maximum Change: 0.000% after 0 minutes
Candle Analysis:
    Body Sizes (%): ['0.053']
    Upper Shadows (%): ['0.000']
    Lower Shadows (%): ['0.000']
Volumes: [np.float64(5526.0)]
==================================================
2025-05-17 16:25:15,128 - INFO - 
==================================================
EMA Cross Analysis - BRETT/USDT
Time: 2025-05-17 16:25:00+09:00
Type: golden
Cross Character (Current): Weak
Cross Character (New): Weak
Price at Cross: 0.06608

1. Pre-Cross Pattern (15min):
EMA Distance Changes (%): ['0.131', '0.118', '0.051', '0.007']
EMA12 Changes (%): ['0.002', '0.006', '0.111', '0.106']
Price Changes (%): ['-0.486', '0.031', '0.686', '0.076']
Candle Analysis:
    Body Sizes (%): ['0.501', '0.015', '0.702', '0.091']
    Upper Shadows (%): ['0.228', '0.351', '0.061', '0.045']
    Lower Shadows (%): ['0.015', '0.076', '0.046', '0.015']
Volumes: [np.float64(744950.0), np.float64(242857.0), np.float64(731845.0), np.float64(55499.0)]
2025-05-17 16:25:15,128 - INFO - 
2. Post-Cross Movement (30min):
5min Price Changes (%): []
Maximum Change: 0.000% after 0 minutes
Candle Analysis:
    Body Sizes (%): []
    Upper Shadows (%): []
    Lower Shadows (%): []
Volumes: []
==================================================
2025-05-17 16:30:52,117 - INFO - 
==================================================
EMA Cross Analysis - ORCA/USDT
Time: 2025-05-17 16:25:00+09:00
Type: golden
Cross Character (Current): Weak
Cross Character (New): Weak
Price at Cross: 2.549

1. Pre-Cross Pattern (15min):
EMA Distance Changes (%): ['0.097', '0.080', '0.022', '0.011']
EMA12 Changes (%): ['0.051', '0.019', '0.101', '0.061']
Price Changes (%): ['0.000', '-0.157', '0.551', '-0.157']
Candle Analysis:
    Body Sizes (%): ['0.000', '0.157', '0.551', '0.078']
    Upper Shadows (%): ['0.197', '0.236', '0.000', '0.078']
    Lower Shadows (%): ['0.079', '0.000', '0.000', '0.078']
Volumes: [np.float64(7426.8), np.float64(3965.2), np.float64(9422.1), np.float64(4460.9)]
2025-05-17 16:30:52,117 - INFO - 
2. Post-Cross Movement (30min):
5min Price Changes (%): ['-0.078']
Maximum Change: -0.078% after 5 minutes
Candle Analysis:
    Body Sizes (%): ['0.039']
    Upper Shadows (%): ['0.000']
    Lower Shadows (%): ['0.000']
Volumes: [np.float64(393.9)]
==================================================
2025-05-17 16:30:53,456 - INFO - 
==================================================
EMA Cross Analysis - FXS/USDT
Time: 2025-05-17 16:25:00+09:00
Type: dead
Cross Character (Current): Weak
Cross Character (New): Weak
Price at Cross: 3.0745

1. Pre-Cross Pattern (15min):
EMA Distance Changes (%): ['0.033', '0.004', '0.010', '0.013']
EMA12 Changes (%): ['-0.039', '-0.052', '0.012', '-0.043']
Price Changes (%): ['-0.308', '-0.123', '0.361', '-0.344']
Candle Analysis:
    Body Sizes (%): ['0.285', '0.110', '0.387', '0.363']
    Upper Shadows (%): ['0.042', '0.101', '0.107', '0.104']
    Lower Shadows (%): ['0.194', '0.419', '0.153', '0.107']
Volumes: [np.float64(14702.8), np.float64(22536.3), np.float64(17545.4), np.float64(7362.3)]
2025-05-17 16:30:53,456 - INFO - 
2. Post-Cross Movement (30min):
5min Price Changes (%): ['-0.072']
Maximum Change: -0.072% after 5 minutes
Candle Analysis:
    Body Sizes (%): ['0.075']
    Upper Shadows (%): ['0.062']
    Lower Shadows (%): ['0.059']
Volumes: [np.float64(1446.0)]
==================================================
2025-05-17 16:30:59,238 - INFO - 
==================================================
EMA Cross Analysis - ATA/USDT
Time: 2025-05-17 16:30:00+09:00
Type: golden
Cross Character (Current): Weak
Cross Character (New): Weak
Price at Cross: 0.0581

1. Pre-Cross Pattern (15min):
EMA Distance Changes (%): ['0.090', '0.045', '0.010', '0.004']
EMA12 Changes (%): ['-0.008', '0.073', '0.062', '0.026']
Price Changes (%): ['-0.172', '0.518', '0.000', '-0.172']
Candle Analysis:
    Body Sizes (%): ['0.172', '0.345', '0.000', '0.343']
    Upper Shadows (%): ['0.172', '0.172', '0.172', '0.000']
    Lower Shadows (%): ['0.000', '0.000', '0.000', '0.000']
Volumes: [np.float64(45402.0), np.float64(87704.0), np.float64(3732.0), np.float64(14040.0)]
2025-05-17 16:30:59,239 - INFO - 
2. Post-Cross Movement (30min):
5min Price Changes (%): []
Maximum Change: 0.000% after 0 minutes
Candle Analysis:
    Body Sizes (%): []
    Upper Shadows (%): []
    Lower Shadows (%): []
Volumes: []
==================================================
2025-05-17 16:31:01,646 - INFO - 
==================================================
EMA Cross Analysis - BRETT/USDT
Time: 2025-05-17 16:30:00+09:00
Type: golden
Cross Character (Current): Weak
Cross Character (New): Weak
Price at Cross: 0.06591

1. Pre-Cross Pattern (15min):
EMA Distance Changes (%): ['0.118', '0.051', '0.002', '0.025']
EMA12 Changes (%): ['0.006', '0.111', '0.089', '0.052']
Price Changes (%): ['0.031', '0.686', '-0.030', '-0.151']
Candle Analysis:
    Body Sizes (%): ['0.015', '0.702', '0.015', '0.121']
    Upper Shadows (%): ['0.351', '0.061', '0.333', '0.000']
    Lower Shadows (%): ['0.076', '0.046', '0.061', '0.000']
Volumes: [np.float64(242857.0), np.float64(731845.0), np.float64(378396.0), np.float64(14122.0)]
2025-05-17 16:31:01,646 - INFO - 
2. Post-Cross Movement (30min):
5min Price Changes (%): []
Maximum Change: 0.000% after 0 minutes
Candle Analysis:
    Body Sizes (%): []
    Upper Shadows (%): []
    Lower Shadows (%): []
Volumes: []
==================================================
2025-05-17 16:35:29,885 - INFO - 
==================================================
EMA Cross Analysis - ORCA/USDT
Time: 2025-05-17 16:35:00+09:00
Type: dead
Cross Character (Current): Weak
Cross Character (New): Weak
Price at Cross: 2.537

1. Pre-Cross Pattern (15min):
EMA Distance Changes (%): ['0.022', '0.011', '0.003', '0.007']
EMA12 Changes (%): ['0.101', '0.061', '-0.015', '-0.019']
Price Changes (%): ['0.551', '-0.157', '-0.432', '-0.039']
Candle Analysis:
    Body Sizes (%): ['0.551', '0.078', '0.392', '0.079']
    Upper Shadows (%): ['0.000', '0.078', '0.000', '0.000']
    Lower Shadows (%): ['0.000', '0.078', '0.000', '0.000']
Volumes: [np.float64(9422.1), np.float64(4460.9), np.float64(18390.0), np.float64(142.0)]
2025-05-17 16:35:29,886 - INFO - 
2. Post-Cross Movement (30min):
5min Price Changes (%): []
Maximum Change: 0.000% after 0 minutes
Candle Analysis:
    Body Sizes (%): []
    Upper Shadows (%): []
    Lower Shadows (%): []
Volumes: []
==================================================
2025-05-17 16:35:30,781 - INFO - 
==================================================
EMA Cross Analysis - HIPPO/USDT
Time: 2025-05-17 16:35:00+09:00
Type: golden
Cross Character (Current): Weak
Cross Character (New): Weak
Price at Cross: 0.002831

1. Pre-Cross Pattern (15min):
EMA Distance Changes (%): ['0.173', '0.111', '0.016', '0.044']
EMA12 Changes (%): ['0.060', '0.095', '0.168', '0.115']
Price Changes (%): ['0.897', '0.284', '0.567', '-0.176']
Candle Analysis:
    Body Sizes (%): ['0.861', '0.284', '0.603', '0.141']
    Upper Shadows (%): ['0.466', '0.391', '0.071', '0.423']
    Lower Shadows (%): ['0.072', '0.213', '0.177', '0.141']
Volumes: [np.float64(68873353.0), np.float64(75991979.0), np.float64(76251712.0), np.float64(21232244.0)]
2025-05-17 16:35:30,781 - INFO - 
2. Post-Cross Movement (30min):
5min Price Changes (%): []
Maximum Change: 0.000% after 0 minutes
Candle Analysis:
    Body Sizes (%): []
    Upper Shadows (%): []
    Lower Shadows (%): []
Volumes: []
==================================================
2025-05-17 16:35:39,427 - INFO - 
==================================================
EMA Cross Analysis - BRETT/USDT
Time: 2025-05-17 16:30:00+09:00
Type: golden
Cross Character (Current): Weak
Cross Character (New): Weak
Price at Cross: 0.06576

1. Pre-Cross Pattern (15min):
EMA Distance Changes (%): ['0.118', '0.051', '0.002', '0.007']
EMA12 Changes (%): ['0.006', '0.111', '0.089', '0.017']
Price Changes (%): ['0.031', '0.686', '-0.030', '-0.379']
Candle Analysis:
    Body Sizes (%): ['0.015', '0.702', '0.015', '0.349']
    Upper Shadows (%): ['0.351', '0.061', '0.333', '0.000']
    Lower Shadows (%): ['0.076', '0.046', '0.061', '0.212']
Volumes: [np.float64(242857.0), np.float64(731845.0), np.float64(378396.0), np.float64(498487.0)]
2025-05-17 16:35:39,427 - INFO - 
2. Post-Cross Movement (30min):
5min Price Changes (%): ['-0.167']
Maximum Change: -0.167% after 5 minutes
Candle Analysis:
    Body Sizes (%): ['0.107']
    Upper Shadows (%): ['0.015']
    Lower Shadows (%): ['0.015']
Volumes: [np.float64(122064.0)]
==================================================
2025-05-17 16:40:07,621 - INFO - 
==================================================
EMA Cross Analysis - ORCA/USDT
Time: 2025-05-17 16:35:00+09:00
Type: dead
Cross Character (Current): Weak
Cross Character (New): Weak
Price at Cross: 2.529

1. Pre-Cross Pattern (15min):
EMA Distance Changes (%): ['0.022', '0.011', '0.003', '0.032']
EMA12 Changes (%): ['0.101', '0.061', '-0.015', '-0.067']
Price Changes (%): ['0.551', '-0.157', '-0.432', '-0.355']
Candle Analysis:
    Body Sizes (%): ['0.551', '0.078', '0.392', '0.394']
    Upper Shadows (%): ['0.000', '0.078', '0.000', '0.000']
    Lower Shadows (%): ['0.000', '0.078', '0.000', '0.000']
Volumes: [np.float64(9422.1), np.float64(4460.9), np.float64(18390.0), np.float64(4764.0)]
2025-05-17 16:40:07,621 - INFO - 
2. Post-Cross Movement (30min):
5min Price Changes (%): ['0.040']
Maximum Change: 0.040% after 5 minutes
Candle Analysis:
    Body Sizes (%): ['0.000']
    Upper Shadows (%): ['0.000']
    Lower Shadows (%): ['0.000']
Volumes: [np.float64(12.6)]
==================================================
2025-05-17 16:40:08,506 - INFO - 
==================================================
EMA Cross Analysis - HIPPO/USDT
Time: 2025-05-17 16:35:00+09:00
Type: golden
Cross Character (Current): Weak
Cross Character (New): Weak
Price at Cross: 0.002827

1. Pre-Cross Pattern (15min):
EMA Distance Changes (%): ['0.173', '0.111', '0.016', '0.033']
EMA12 Changes (%): ['0.060', '0.095', '0.168', '0.093']
Price Changes (%): ['0.897', '0.284', '0.567', '-0.317']
Candle Analysis:
    Body Sizes (%): ['0.861', '0.284', '0.603', '0.282']
    Upper Shadows (%): ['0.466', '0.391', '0.071', '0.423']
    Lower Shadows (%): ['0.072', '0.213', '0.177', '0.317']
Volumes: [np.float64(68873353.0), np.float64(75991979.0), np.float64(76251712.0), np.float64(50969390.0)]
2025-05-17 16:40:08,506 - INFO - 
2. Post-Cross Movement (30min):
5min Price Changes (%): ['-0.035']
Maximum Change: -0.035% after 5 minutes
Candle Analysis:
    Body Sizes (%): ['0.000']
    Upper Shadows (%): ['0.071']
    Lower Shadows (%): ['0.071']
Volumes: [np.float64(1596948.0)]
==================================================
2025-05-17 16:40:09,166 - INFO - 
==================================================
EMA Cross Analysis - 1000PEPE/USDT
Time: 2025-05-17 16:40:00+09:00
Type: dead
Cross Character (Current): Weak
Cross Character (New): Weak
Price at Cross: 0.0123906

1. Pre-Cross Pattern (15min):
EMA Distance Changes (%): ['0.106', '0.081', '0.021', '0.027']
EMA12 Changes (%): ['0.068', '-0.034', '-0.105', '-0.088']
Price Changes (%): ['-0.104', '-0.590', '-0.495', '0.002']
Candle Analysis:
    Body Sizes (%): ['0.104', '0.588', '0.495', '0.003']
    Upper Shadows (%): ['0.183', '0.049', '0.021', '0.015']
    Lower Shadows (%): ['0.038', '0.233', '0.092', '0.014']
Volumes: [np.float64(151201346.0), np.float64(372511531.0), np.float64(438728417.0), np.float64(1868825.0)]
2025-05-17 16:40:09,166 - INFO - 
2. Post-Cross Movement (30min):
5min Price Changes (%): []
Maximum Change: 0.000% after 0 minutes
Candle Analysis:
    Body Sizes (%): []
    Upper Shadows (%): []
    Lower Shadows (%): []
Volumes: []
==================================================
2025-05-17 16:40:09,610 - INFO - 
==================================================
EMA Cross Analysis - LINK/USDT
Time: 2025-05-17 16:35:00+09:00
Type: dead
Cross Character (Current): Weak
Cross Character (New): Weak
Price at Cross: 15.412

1. Pre-Cross Pattern (15min):
EMA Distance Changes (%): ['0.023', '0.043', '0.034', '0.001']
EMA12 Changes (%): ['0.054', '0.041', '-0.012', '-0.063']
Price Changes (%): ['0.310', '-0.026', '-0.303', '-0.343']
Candle Analysis:
    Body Sizes (%): ['0.310', '0.019', '0.303', '0.349']
    Upper Shadows (%): ['0.058', '0.090', '0.000', '0.013']
    Lower Shadows (%): ['0.006', '0.032', '0.013', '0.000']
Volumes: [np.float64(51132.4), np.float64(29245.71), np.float64(40227.75), np.float64(28434.31)]
2025-05-17 16:40:09,610 - INFO - 
2. Post-Cross Movement (30min):
5min Price Changes (%): ['-0.013']
Maximum Change: -0.013% after 5 minutes
Candle Analysis:
    Body Sizes (%): ['0.006']
    Upper Shadows (%): ['0.006']
    Lower Shadows (%): ['0.000']
Volumes: [np.float64(585.28)]
==================================================
2025-05-17 16:40:12,741 - INFO - 
==================================================
EMA Cross Analysis - THETA/USDT
Time: 2025-05-17 16:40:00+09:00
Type: dead
Cross Character (Current): Weak
Cross Character (New): Weak
Price at Cross: 0.8564

1. Pre-Cross Pattern (15min):
EMA Distance Changes (%): ['0.090', '0.075', '0.027', '0.013']
EMA12 Changes (%): ['0.061', '-0.018', '-0.081', '-0.073']
Price Changes (%): ['-0.035', '-0.451', '-0.430', '-0.023']
Candle Analysis:
    Body Sizes (%): ['0.023', '0.451', '0.442', '0.012']
    Upper Shadows (%): ['0.127', '0.012', '0.012', '0.000']
    Lower Shadows (%): ['0.058', '0.035', '0.000', '0.000']
Volumes: [np.float64(99046.9), np.float64(180385.9), np.float64(182979.4), np.float64(636.0)]
2025-05-17 16:40:12,741 - INFO - 
2. Post-Cross Movement (30min):
5min Price Changes (%): []
Maximum Change: 0.000% after 0 minutes
Candle Analysis:
    Body Sizes (%): []
    Upper Shadows (%): []
    Lower Shadows (%): []
Volumes: []
==================================================
2025-05-17 16:40:13,880 - INFO - 
==================================================
EMA Cross Analysis - WLD/USDT
Time: 2025-05-17 16:35:00+09:00
Type: dead
Cross Character (Current): Weak
Cross Character (New): Weak
Price at Cross: 1.0772

1. Pre-Cross Pattern (15min):
EMA Distance Changes (%): ['0.058', '0.074', '0.054', '0.001']
EMA12 Changes (%): ['0.059', '0.040', '-0.028', '-0.098']
Price Changes (%): ['0.221', '-0.064', '-0.396', '-0.490']
Candle Analysis:
    Body Sizes (%): ['0.240', '0.074', '0.386', '0.499']
    Upper Shadows (%): ['0.166', '0.110', '0.037', '0.009']
    Lower Shadows (%): ['0.065', '0.046', '0.037', '0.018']
Volumes: [np.float64(323997.0), np.float64(187973.0), np.float64(303922.0), np.float64(433796.0)]
2025-05-17 16:40:13,880 - INFO - 
2. Post-Cross Movement (30min):
5min Price Changes (%): ['0.019']
Maximum Change: 0.019% after 5 minutes
Candle Analysis:
    Body Sizes (%): ['0.019']
    Upper Shadows (%): ['0.019']
    Lower Shadows (%): ['0.019']
Volumes: [np.float64(17600.0)]
==================================================
2025-05-17 16:40:17,169 - INFO - 
==================================================
EMA Cross Analysis - BRETT/USDT
Time: 2025-05-17 16:35:00+09:00
Type: dead
Cross Character (Current): Weak
Cross Character (New): Weak
Price at Cross: 0.06544

1. Pre-Cross Pattern (15min):
EMA Distance Changes (%): ['0.051', '0.002', '0.007', '0.025']
EMA12 Changes (%): ['0.111', '0.089', '0.017', '-0.061']
Price Changes (%): ['0.686', '-0.030', '-0.379', '-0.487']
Candle Analysis:
    Body Sizes (%): ['0.702', '0.015', '0.349', '0.426']
    Upper Shadows (%): ['0.061', '0.333', '0.000', '0.015']
    Lower Shadows (%): ['0.046', '0.061', '0.212', '0.030']
Volumes: [np.float64(731845.0), np.float64(378396.0), np.float64(498487.0), np.float64(590348.0)]
2025-05-17 16:40:17,169 - INFO - 
2. Post-Cross Movement (30min):
5min Price Changes (%): ['0.000']
Maximum Change: 0.000% after 0 minutes
Candle Analysis:
    Body Sizes (%): ['0.015']
    Upper Shadows (%): ['0.000']
    Lower Shadows (%): ['0.015']
Volumes: [np.float64(16774.0)]
==================================================
2025-05-17 16:45:53,259 - INFO - 
==================================================
EMA Cross Analysis - TIA/USDT
Time: 2025-05-17 16:45:00+09:00
Type: dead
Cross Character (Current): Weak
Cross Character (New): Weak
Price at Cross: 2.6399

1. Pre-Cross Pattern (15min):
EMA Distance Changes (%): ['0.137', '0.093', '0.038', '0.002']
EMA12 Changes (%): ['0.008', '-0.065', '-0.093', '-0.071']
Price Changes (%): ['-0.360', '-0.467', '-0.250', '0.053']
Candle Analysis:
    Body Sizes (%): ['0.360', '0.467', '0.246', '0.061']
    Upper Shadows (%): ['0.015', '0.026', '0.087', '0.030']
    Lower Shadows (%): ['0.041', '0.004', '0.030', '0.008']
Volumes: [np.float64(143492.0), np.float64(133535.0), np.float64(91098.0), np.float64(16749.0)]
2025-05-17 16:45:53,259 - INFO - 
2. Post-Cross Movement (30min):
5min Price Changes (%): []
Maximum Change: 0.000% after 0 minutes
Candle Analysis:
    Body Sizes (%): []
    Upper Shadows (%): []
    Lower Shadows (%): []
Volumes: []
==================================================
2025-05-17 16:45:55,730 - INFO - 
==================================================
EMA Cross Analysis - 1000PEPE/USDT
Time: 2025-05-17 16:40:00+09:00
Type: dead
Cross Character (Current): Weak
Cross Character (New): Weak
Price at Cross: 0.0123665

1. Pre-Cross Pattern (15min):
EMA Distance Changes (%): ['0.106', '0.081', '0.021', '0.042']
EMA12 Changes (%): ['0.068', '-0.034', '-0.105', '-0.118']
Price Changes (%): ['-0.104', '-0.590', '-0.495', '-0.193']
Candle Analysis:
    Body Sizes (%): ['0.104', '0.588', '0.495', '0.191']
    Upper Shadows (%): ['0.183', '0.049', '0.021', '0.193']
    Lower Shadows (%): ['0.038', '0.233', '0.092', '0.043']
Volumes: [np.float64(151201346.0), np.float64(372511531.0), np.float64(438728417.0), np.float64(172110447.0)]
2025-05-17 16:45:55,730 - INFO - 
2. Post-Cross Movement (30min):
5min Price Changes (%): ['0.117']
Maximum Change: 0.117% after 5 minutes
Candle Analysis:
    Body Sizes (%): ['0.121']
    Upper Shadows (%): ['0.045']
    Lower Shadows (%): ['0.032']
Volumes: [np.float64(32972381.0)]
==================================================
2025-05-17 16:45:56,408 - INFO - 
==================================================
EMA Cross Analysis - POL/USDT
Time: 2025-05-17 16:45:00+09:00
Type: dead
Cross Character (Current): Weak
Cross Character (New): Weak
Price at Cross: 0.23171

1. Pre-Cross Pattern (15min):
EMA Distance Changes (%): ['0.127', '0.077', '0.026', '0.018']
EMA12 Changes (%): ['-0.016', '-0.079', '-0.087', '-0.082']
Price Changes (%): ['-0.402', '-0.429', '-0.129', '-0.052']
Candle Analysis:
    Body Sizes (%): ['0.397', '0.420', '0.134', '0.052']
    Upper Shadows (%): ['0.009', '0.013', '0.095', '0.004']
    Lower Shadows (%): ['0.030', '0.004', '0.013', '0.047']
Volumes: [np.float64(173713.0), np.float64(464053.0), np.float64(238877.0), np.float64(60033.0)]
2025-05-17 16:45:56,408 - INFO - 
2. Post-Cross Movement (30min):
5min Price Changes (%): []
Maximum Change: 0.000% after 0 minutes
Candle Analysis:
    Body Sizes (%): []
    Upper Shadows (%): []
    Lower Shadows (%): []
Volumes: []
==================================================
2025-05-17 16:45:57,526 - INFO - 
==================================================
EMA Cross Analysis - DOGE/USDT
Time: 2025-05-17 16:40:00+09:00
Type: dead
Cross Character (Current): Weak
Cross Character (New): Weak
Price at Cross: 0.21649

1. Pre-Cross Pattern (15min):
EMA Distance Changes (%): ['0.077', '0.071', '0.033', '0.019']
EMA12 Changes (%): ['0.042', '-0.001', '-0.063', '-0.094']
Price Changes (%): ['0.005', '-0.238', '-0.404', '-0.267']
Candle Analysis:
    Body Sizes (%): ['0.005', '0.243', '0.399', '0.267']
    Upper Shadows (%): ['0.137', '0.023', '0.009', '0.046']
    Lower Shadows (%): ['0.027', '0.041', '0.023', '0.014']
Volumes: [np.float64(7044609.0), np.float64(8865959.0), np.float64(16142399.0), np.float64(12551143.0)]
2025-05-17 16:45:57,526 - INFO - 
2. Post-Cross Movement (30min):
5min Price Changes (%): ['-0.023']
Maximum Change: -0.023% after 5 minutes
Candle Analysis:
    Body Sizes (%): ['0.023']
    Upper Shadows (%): ['0.000']
    Lower Shadows (%): ['0.037']
Volumes: [np.float64(2588260.0)]
==================================================
2025-05-17 16:45:57,746 - INFO - 
==================================================
EMA Cross Analysis - XLM/USDT
Time: 2025-05-17 16:45:00+09:00
Type: dead
Cross Character (Current): Weak
Cross Character (New): Weak
Price at Cross: 0.28972

1. Pre-Cross Pattern (15min):
EMA Distance Changes (%): ['0.120', '0.086', '0.039', '0.001']
EMA12 Changes (%): ['0.014', '-0.049', '-0.079', '-0.071']
Price Changes (%): ['-0.147', '-0.391', '-0.248', '-0.028']
Candle Analysis:
    Body Sizes (%): ['0.144', '0.394', '0.241', '0.014']
    Upper Shadows (%): ['0.055', '0.003', '0.059', '0.000']
    Lower Shadows (%): ['0.031', '0.000', '0.038', '0.062']
Volumes: [np.float64(504178.0), np.float64(388120.0), np.float64(341820.0), np.float64(135755.0)]
2025-05-17 16:45:57,746 - INFO - 
2. Post-Cross Movement (30min):
5min Price Changes (%): []
Maximum Change: 0.000% after 0 minutes
Candle Analysis:
    Body Sizes (%): []
    Upper Shadows (%): []
    Lower Shadows (%): []
Volumes: []
==================================================
2025-05-17 16:45:57,970 - INFO - 
==================================================
EMA Cross Analysis - GALA/USDT
Time: 2025-05-17 16:40:00+09:00
Type: dead
Cross Character (Current): Weak
Cross Character (New): Weak
Price at Cross: 0.01865

1. Pre-Cross Pattern (15min):
EMA Distance Changes (%): ['0.093', '0.084', '0.042', '0.022']
EMA12 Changes (%): ['0.072', '-0.005', '-0.070', '-0.116']
Price Changes (%): ['-0.211', '-0.424', '-0.426', '-0.374']
Candle Analysis:
    Body Sizes (%): ['0.159', '0.424', '0.478', '0.321']
    Upper Shadows (%): ['0.053', '0.053', '0.000', '0.107']
    Lower Shadows (%): ['0.053', '0.053', '0.053', '0.000']
Volumes: [np.float64(5706117.0), np.float64(9599715.0), np.float64(7060031.0), np.float64(5467555.0)]
2025-05-17 16:45:57,970 - INFO - 
2. Post-Cross Movement (30min):
5min Price Changes (%): ['0.000']
Maximum Change: 0.000% after 0 minutes
Candle Analysis:
    Body Sizes (%): ['0.000']
    Upper Shadows (%): ['0.054']
    Lower Shadows (%): ['0.107']
Volumes: [np.float64(1766807.0)]
==================================================
2025-05-17 16:45:59,329 - INFO - 
==================================================
EMA Cross Analysis - THETA/USDT
Time: 2025-05-17 16:40:00+09:00
Type: dead
Cross Character (Current): Weak
Cross Character (New): Weak
Price at Cross: 0.8532

1. Pre-Cross Pattern (15min):
EMA Distance Changes (%): ['0.090', '0.075', '0.027', '0.043']
EMA12 Changes (%): ['0.061', '-0.018', '-0.081', '-0.130']
Price Changes (%): ['-0.035', '-0.451', '-0.430', '-0.397']
Candle Analysis:
    Body Sizes (%): ['0.023', '0.451', '0.442', '0.385']
    Upper Shadows (%): ['0.127', '0.012', '0.012', '0.035']
    Lower Shadows (%): ['0.058', '0.035', '0.000', '0.012']
Volumes: [np.float64(99046.9), np.float64(180385.9), np.float64(182979.4), np.float64(87228.3)]
2025-05-17 16:45:59,329 - INFO - 
2. Post-Cross Movement (30min):
5min Price Changes (%): ['-0.035']
Maximum Change: -0.035% after 5 minutes
Candle Analysis:
    Body Sizes (%): ['0.035']
    Upper Shadows (%): ['0.000']
    Lower Shadows (%): ['0.164']
Volumes: [np.float64(68509.5)]
==================================================
2025-05-17 16:46:01,958 - INFO - 
==================================================
EMA Cross Analysis - AVAX/USDT
Time: 2025-05-17 16:45:00+09:00
Type: dead
Cross Character (Current): Weak
Cross Character (New): Weak
Price at Cross: 22.734

1. Pre-Cross Pattern (15min):
EMA Distance Changes (%): ['0.123', '0.079', '0.025', '0.026']
EMA12 Changes (%): ['-0.007', '-0.067', '-0.092', '-0.094']
Price Changes (%): ['-0.348', '-0.397', '-0.232', '-0.101']
Candle Analysis:
    Body Sizes (%): ['0.344', '0.402', '0.228', '0.105']
    Upper Shadows (%): ['0.000', '0.009', '0.066', '0.000']
    Lower Shadows (%): ['0.004', '0.035', '0.026', '0.000']
Volumes: [np.float64(27915.0), np.float64(23199.0), np.float64(27422.0), np.float64(6320.0)]
2025-05-17 16:46:01,958 - INFO - 
2. Post-Cross Movement (30min):
5min Price Changes (%): []
Maximum Change: 0.000% after 0 minutes
Candle Analysis:
    Body Sizes (%): []
    Upper Shadows (%): []
    Lower Shadows (%): []
Volumes: []
==================================================
2025-05-17 16:50:31,015 - INFO - 
==================================================
EMA Cross Analysis - TIA/USDT
Time: 2025-05-17 16:45:00+09:00
Type: dead
Cross Character (Current): Weak
Cross Character (New): Weak
Price at Cross: 2.635

1. Pre-Cross Pattern (15min):
EMA Distance Changes (%): ['0.137', '0.093', '0.038', '0.017']
EMA12 Changes (%): ['0.008', '-0.065', '-0.093', '-0.099']
Price Changes (%): ['-0.360', '-0.467', '-0.250', '-0.133']
Candle Analysis:
    Body Sizes (%): ['0.360', '0.467', '0.246', '0.125']
    Upper Shadows (%): ['0.015', '0.026', '0.087', '0.091']
    Lower Shadows (%): ['0.041', '0.004', '0.030', '0.148']
Volumes: [np.float64(143492.0), np.float64(133535.0), np.float64(91098.0), np.float64(166409.0)]
2025-05-17 16:50:31,015 - INFO - 
2. Post-Cross Movement (30min):
5min Price Changes (%): ['0.061']
Maximum Change: 0.061% after 5 minutes
Candle Analysis:
    Body Sizes (%): ['0.072']
    Upper Shadows (%): ['0.011']
    Lower Shadows (%): ['0.049']
Volumes: [np.float64(9241.0)]
==================================================
2025-05-17 16:50:31,459 - INFO - 
==================================================
EMA Cross Analysis - BAN/USDT
Time: 2025-05-17 16:45:00+09:00
Type: dead
Cross Character (Current): Weak
Cross Character (New): Weak
Price at Cross: 0.0572

1. Pre-Cross Pattern (15min):
EMA Distance Changes (%): ['0.146', '0.104', '0.046', '0.015']
EMA12 Changes (%): ['0.022', '-0.062', '-0.098', '-0.109']
Price Changes (%): ['-0.225', '-0.519', '-0.296', '-0.175']
Candle Analysis:
    Body Sizes (%): ['0.207', '0.502', '0.296', '0.209']
    Upper Shadows (%): ['0.000', '0.017', '0.070', '0.070']
    Lower Shadows (%): ['0.069', '0.069', '0.000', '0.227']
Volumes: [np.float64(59507.0), np.float64(77270.0), np.float64(43034.0), np.float64(60939.0)]
2025-05-17 16:50:31,460 - INFO - 
2. Post-Cross Movement (30min):
5min Price Changes (%): ['-0.017']
Maximum Change: -0.017% after 5 minutes
Candle Analysis:
    Body Sizes (%): ['0.070']
    Upper Shadows (%): ['0.000']
    Lower Shadows (%): ['0.000']
Volumes: [np.float64(11151.0)]
==================================================
2025-05-17 16:50:34,106 - INFO - 
==================================================
EMA Cross Analysis - POL/USDT
Time: 2025-05-17 16:45:00+09:00
Type: dead
Cross Character (Current): Weak
Cross Character (New): Weak
Price at Cross: 0.23147

1. Pre-Cross Pattern (15min):
EMA Distance Changes (%): ['0.127', '0.077', '0.026', '0.026']
EMA12 Changes (%): ['-0.016', '-0.079', '-0.087', '-0.097']
Price Changes (%): ['-0.402', '-0.429', '-0.129', '-0.155']
Candle Analysis:
    Body Sizes (%): ['0.397', '0.420', '0.134', '0.155']
    Upper Shadows (%): ['0.009', '0.013', '0.095', '0.004']
    Lower Shadows (%): ['0.030', '0.004', '0.013', '0.082']
Volumes: [np.float64(173713.0), np.float64(464053.0), np.float64(238877.0), np.float64(152824.0)]
2025-05-17 16:50:34,106 - INFO - 
2. Post-Cross Movement (30min):
5min Price Changes (%): ['0.065']
Maximum Change: 0.065% after 5 minutes
Candle Analysis:
    Body Sizes (%): ['0.069']
    Upper Shadows (%): ['0.013']
    Lower Shadows (%): ['0.017']
Volumes: [np.float64(18383.0)]
==================================================
2025-05-17 16:50:35,452 - INFO - 
==================================================
EMA Cross Analysis - XLM/USDT
Time: 2025-05-17 16:45:00+09:00
Type: dead
Cross Character (Current): Weak
Cross Character (New): Weak
Price at Cross: 0.28953

1. Pre-Cross Pattern (15min):
EMA Distance Changes (%): ['0.120', '0.086', '0.039', '0.007']
EMA12 Changes (%): ['0.014', '-0.049', '-0.079', '-0.081']
Price Changes (%): ['-0.147', '-0.391', '-0.248', '-0.093']
Candle Analysis:
    Body Sizes (%): ['0.144', '0.394', '0.241', '0.079']
    Upper Shadows (%): ['0.055', '0.003', '0.059', '0.000']
    Lower Shadows (%): ['0.031', '0.000', '0.038', '0.166']
Volumes: [np.float64(504178.0), np.float64(388120.0), np.float64(341820.0), np.float64(660466.0)]
2025-05-17 16:50:35,453 - INFO - 
2. Post-Cross Movement (30min):
5min Price Changes (%): ['0.003']
Maximum Change: 0.003% after 5 minutes
Candle Analysis:
    Body Sizes (%): ['0.031']
    Upper Shadows (%): ['0.010']
    Lower Shadows (%): ['0.041']
Volumes: [np.float64(47956.0)]
==================================================
2025-05-17 16:50:39,630 - INFO - 
==================================================
EMA Cross Analysis - AVAX/USDT
Time: 2025-05-17 16:45:00+09:00
Type: dead
Cross Character (Current): Weak
Cross Character (New): Weak
Price at Cross: 22.719

1. Pre-Cross Pattern (15min):
EMA Distance Changes (%): ['0.123', '0.079', '0.025', '0.031']
EMA12 Changes (%): ['-0.007', '-0.067', '-0.092', '-0.104']
Price Changes (%): ['-0.348', '-0.397', '-0.232', '-0.167']
Candle Analysis:
    Body Sizes (%): ['0.344', '0.402', '0.228', '0.171']
    Upper Shadows (%): ['0.000', '0.009', '0.066', '0.000']
    Lower Shadows (%): ['0.004', '0.035', '0.026', '0.127']
Volumes: [np.float64(27915.0), np.float64(23199.0), np.float64(27422.0), np.float64(28381.0)]
2025-05-17 16:50:39,630 - INFO - 
2. Post-Cross Movement (30min):
5min Price Changes (%): ['-0.009']
Maximum Change: -0.009% after 5 minutes
Candle Analysis:
    Body Sizes (%): ['0.004']
    Upper Shadows (%): ['0.031']
    Lower Shadows (%): ['0.053']
Volumes: [np.float64(3036.0)]
==================================================
2025-05-17 16:50:40,968 - INFO - 
==================================================
EMA Cross Analysis - ONDOUSDT
Time: 2025-05-17 16:50:00+09:00
Type: dead
Cross Character (Current): Weak
Cross Character (New): Weak
Price at Cross: 0.9187

1. Pre-Cross Pattern (15min):
EMA Distance Changes (%): ['0.134', '0.073', '0.027', '0.012']
EMA12 Changes (%): ['-0.039', '-0.098', '-0.079', '-0.071']
Price Changes (%): ['-0.346', '-0.423', '0.022', '-0.022']
Candle Analysis:
    Body Sizes (%): ['0.346', '0.423', '0.033', '0.011']
    Upper Shadows (%): ['0.011', '0.033', '0.022', '0.011']
    Lower Shadows (%): ['0.011', '0.011', '0.207', '0.044']
Volumes: [np.float64(295619.6), np.float64(392782.9), np.float64(739637.5), np.float64(59389.7)]
2025-05-17 16:50:40,968 - INFO - 
2. Post-Cross Movement (30min):
5min Price Changes (%): []
Maximum Change: 0.000% after 0 minutes
Candle Analysis:
    Body Sizes (%): []
    Upper Shadows (%): []
    Lower Shadows (%): []
Volumes: []
==================================================
2025-05-17 16:55:10,150 - INFO - 
==================================================
EMA Cross Analysis - NEAR/USDT
Time: 2025-05-17 16:55:00+09:00
Type: dead
Cross Character (Current): Weak
Cross Character (New): Weak
Price at Cross: 2.761

1. Pre-Cross Pattern (15min):
EMA Distance Changes (%): ['0.130', '0.079', '0.033', '0.006']
EMA12 Changes (%): ['-0.079', '-0.078', '-0.077', '-0.071']
Price Changes (%): ['-0.324', '-0.072', '-0.072', '-0.036']
Candle Analysis:
    Body Sizes (%): ['0.360', '0.072', '0.036', '0.072']
    Upper Shadows (%): ['0.036', '0.072', '0.145', '0.000']
    Lower Shadows (%): ['0.000', '0.145', '0.036', '0.000']
Volumes: [np.float64(62684.0), np.float64(105735.0), np.float64(67301.0), np.float64(7247.0)]
2025-05-17 16:55:10,150 - INFO - 
2. Post-Cross Movement (30min):
5min Price Changes (%): []
Maximum Change: 0.000% after 0 minutes
Candle Analysis:
    Body Sizes (%): []
    Upper Shadows (%): []
    Lower Shadows (%): []
Volumes: []
==================================================
2025-05-17 16:55:12,155 - INFO - 
==================================================
EMA Cross Analysis - ATOM/USDT
Time: 2025-05-17 16:55:00+09:00
Type: dead
Cross Character (Current): Weak
Cross Character (New): Weak
Price at Cross: 4.731

1. Pre-Cross Pattern (15min):
EMA Distance Changes (%): ['0.073', '0.040', '0.012', '0.015']
EMA12 Changes (%): ['-0.048', '-0.054', '-0.049', '-0.051']
Price Changes (%): ['-0.169', '-0.084', '-0.021', '-0.063']
Candle Analysis:
    Body Sizes (%): ['0.147', '0.084', '0.021', '0.063']
    Upper Shadows (%): ['0.042', '0.000', '0.042', '0.000']
    Lower Shadows (%): ['0.000', '0.084', '0.063', '0.000']
Volumes: [np.float64(24800.75), np.float64(31458.56), np.float64(17395.9), np.float64(699.12)]
2025-05-17 16:55:12,155 - INFO - 
2. Post-Cross Movement (30min):
5min Price Changes (%): []
Maximum Change: 0.000% after 0 minutes
Candle Analysis:
    Body Sizes (%): []
    Upper Shadows (%): []
    Lower Shadows (%): []
Volumes: []
==================================================
2025-05-17 16:55:14,370 - INFO - 
==================================================
EMA Cross Analysis - BNB/USDT
Time: 2025-05-17 16:55:00+09:00
Type: dead
Cross Character (Current): Weak
Cross Character (New): Weak
Price at Cross: 642.97

1. Pre-Cross Pattern (15min):
EMA Distance Changes (%): ['0.040', '0.022', '0.008', '0.005']
EMA12 Changes (%): ['-0.032', '-0.030', '-0.024', '-0.025']
Price Changes (%): ['-0.134', '-0.016', '0.009', '-0.030']
Candle Analysis:
    Body Sizes (%): ['0.135', '0.017', '0.008', '0.030']
    Upper Shadows (%): ['0.023', '0.000', '0.008', '0.000']
    Lower Shadows (%): ['0.000', '0.068', '0.054', '0.000']
Volumes: [np.float64(692.89), np.float64(1272.77), np.float64(1382.14), np.float64(106.46)]
2025-05-17 16:55:14,370 - INFO - 
2. Post-Cross Movement (30min):
5min Price Changes (%): []
Maximum Change: 0.000% after 0 minutes
Candle Analysis:
    Body Sizes (%): []
    Upper Shadows (%): []
    Lower Shadows (%): []
Volumes: []
==================================================
2025-05-17 16:55:16,981 - INFO - 
==================================================
EMA Cross Analysis - SUI/USDT
Time: 2025-05-17 16:50:00+09:00
Type: dead
Cross Character (Current): Weak
Cross Character (New): Weak
Price at Cross: 3.7906

1. Pre-Cross Pattern (15min):
EMA Distance Changes (%): ['0.152', '0.096', '0.048', '0.008']
EMA12 Changes (%): ['-0.056', '-0.085', '-0.079', '-0.101']
Price Changes (%): ['-0.186', '-0.249', '-0.042', '-0.226']
Candle Analysis:
    Body Sizes (%): ['0.189', '0.252', '0.042', '0.221']
    Upper Shadows (%): ['0.010', '0.068', '0.058', '0.053']
    Lower Shadows (%): ['0.047', '0.008', '0.184', '0.008']
Volumes: [np.float64(1317645.4), np.float64(464055.7), np.float64(1049821.1), np.float64(539516.8)]
2025-05-17 16:55:16,981 - INFO - 
2. Post-Cross Movement (30min):
5min Price Changes (%): ['-0.053']
Maximum Change: -0.053% after 5 minutes
Candle Analysis:
    Body Sizes (%): ['0.053']
    Upper Shadows (%): ['0.021']
    Lower Shadows (%): ['0.003']
Volumes: [np.float64(73614.7)]
==================================================
2025-05-17 16:55:18,306 - INFO - 
==================================================
EMA Cross Analysis - ZEN/USDT
Time: 2025-05-17 16:55:00+09:00
Type: dead
Cross Character (Current): Weak
Cross Character (New): Weak
Price at Cross: 9.072

1. Pre-Cross Pattern (15min):
EMA Distance Changes (%): ['0.149', '0.075', '0.028', '0.024']
EMA12 Changes (%): ['-0.120', '-0.121', '-0.079', '-0.096']
Price Changes (%): ['-0.721', '-0.132', '0.154', '-0.187']
Candle Analysis:
    Body Sizes (%): ['0.699', '0.110', '0.143', '0.165']
    Upper Shadows (%): ['0.000', '0.066', '0.011', '0.000']
    Lower Shadows (%): ['0.044', '0.099', '0.022', '0.011']
Volumes: [np.float64(5236.4), np.float64(1745.2), np.float64(1197.1), np.float64(96.4)]
2025-05-17 16:55:18,306 - INFO - 
2. Post-Cross Movement (30min):
5min Price Changes (%): []
Maximum Change: 0.000% after 0 minutes
Candle Analysis:
    Body Sizes (%): []
    Upper Shadows (%): []
    Lower Shadows (%): []
Volumes: []
==================================================
2025-05-17 16:55:18,529 - INFO - 
==================================================
EMA Cross Analysis - ONDOUSDT
Time: 2025-05-17 16:50:00+09:00
Type: dead
Cross Character (Current): Weak
Cross Character (New): Weak
Price at Cross: 0.9198

1. Pre-Cross Pattern (15min):
EMA Distance Changes (%): ['0.134', '0.073', '0.027', '0.003']
EMA12 Changes (%): ['-0.039', '-0.098', '-0.079', '-0.052']
Price Changes (%): ['-0.346', '-0.423', '0.022', '0.098']
Candle Analysis:
    Body Sizes (%): ['0.346', '0.423', '0.033', '0.109']
    Upper Shadows (%): ['0.011', '0.033', '0.022', '0.044']
    Lower Shadows (%): ['0.011', '0.011', '0.207', '0.054']
Volumes: [np.float64(295619.6), np.float64(392782.9), np.float64(739637.5), np.float64(445188.9)]
2025-05-17 16:55:18,530 - INFO - 
2. Post-Cross Movement (30min):
5min Price Changes (%): ['-0.130']
Maximum Change: -0.130% after 5 minutes
Candle Analysis:
    Body Sizes (%): ['0.120']
    Upper Shadows (%): ['0.000']
    Lower Shadows (%): ['0.011']
Volumes: [np.float64(41289.5)]
==================================================
2025-05-17 17:01:00,717 - INFO - 
==================================================
EMA Cross Analysis - BNB/USDT
Time: 2025-05-17 16:55:00+09:00
Type: dead
Cross Character (Current): Weak
Cross Character (New): Weak
Price at Cross: 643.02

1. Pre-Cross Pattern (15min):
EMA Distance Changes (%): ['0.040', '0.022', '0.008', '0.005']
EMA12 Changes (%): ['-0.032', '-0.030', '-0.024', '-0.023']
Price Changes (%): ['-0.134', '-0.016', '0.009', '-0.022']
Candle Analysis:
    Body Sizes (%): ['0.135', '0.017', '0.008', '0.022']
    Upper Shadows (%): ['0.023', '0.000', '0.008', '0.068']
    Lower Shadows (%): ['0.000', '0.068', '0.054', '0.072']
Volumes: [np.float64(692.89), np.float64(1272.77), np.float64(1382.14), np.float64(2465.14)]
2025-05-17 17:01:00,717 - INFO - 
2. Post-Cross Movement (30min):
5min Price Changes (%): ['0.068']
Maximum Change: 0.068% after 5 minutes
Candle Analysis:
    Body Sizes (%): ['0.068']
    Upper Shadows (%): ['0.137']
    Lower Shadows (%): ['0.011']
Volumes: [np.float64(2413.04)]
==================================================
2025-05-17 17:05:34,101 - INFO - 
==================================================
EMA Cross Analysis - NEAR/USDT
Time: 2025-05-17 17:05:00+09:00
Type: dead
Cross Character (Current): Weak
Cross Character (New): Weak
Price at Cross: 2.766

1. Pre-Cross Pattern (15min):
EMA Distance Changes (%): ['0.033', '0.028', '0.004', '0.015']
EMA12 Changes (%): ['-0.077', '-0.004', '-0.043', '-0.036']
Price Changes (%): ['-0.072', '0.398', '-0.252', '0.000']
Candle Analysis:
    Body Sizes (%): ['0.036', '0.362', '0.216', '0.000']
    Upper Shadows (%): ['0.145', '0.000', '0.180', '0.072']
    Lower Shadows (%): ['0.036', '0.253', '0.000', '0.000']
Volumes: [np.float64(67301.0), np.float64(144417.0), np.float64(158353.0), np.float64(8033.0)]
2025-05-17 17:05:34,102 - INFO - 
2. Post-Cross Movement (30min):
5min Price Changes (%): []
Maximum Change: 0.000% after 0 minutes
Candle Analysis:
    Body Sizes (%): []
    Upper Shadows (%): []
    Lower Shadows (%): []
Volumes: []
==================================================
2025-05-17 17:10:11,681 - INFO - 
==================================================
EMA Cross Analysis - NEAR/USDT
Time: 2025-05-17 17:05:00+09:00
Type: dead
Cross Character (Current): Weak
Cross Character (New): Weak
Price at Cross: 2.77

1. Pre-Cross Pattern (15min):
EMA Distance Changes (%): ['0.033', '0.028', '0.004', '0.003']
EMA12 Changes (%): ['-0.077', '-0.004', '-0.043', '-0.014']
Price Changes (%): ['-0.072', '0.398', '-0.252', '0.145']
Candle Analysis:
    Body Sizes (%): ['0.036', '0.362', '0.216', '0.145']
    Upper Shadows (%): ['0.145', '0.000', '0.180', '0.072']
    Lower Shadows (%): ['0.036', '0.253', '0.000', '0.072']
Volumes: [np.float64(67301.0), np.float64(144417.0), np.float64(158353.0), np.float64(95843.0)]
2025-05-17 17:10:11,681 - INFO - 
2. Post-Cross Movement (30min):
5min Price Changes (%): ['-0.217']
Maximum Change: -0.217% after 5 minutes
Candle Analysis:
    Body Sizes (%): ['0.181']
    Upper Shadows (%): ['0.000']
    Lower Shadows (%): ['0.000']
Volumes: [np.float64(8126.0)]
==================================================
2025-05-17 17:10:12,353 - INFO - 
==================================================
EMA Cross Analysis - FXS/USDT
Time: 2025-05-17 17:10:00+09:00
Type: golden
Cross Character (Current): Weak
Cross Character (New): Weak
Price at Cross: 3.1004

1. Pre-Cross Pattern (15min):
EMA Distance Changes (%): ['0.178', '0.158', '0.065', '0.006']
EMA12 Changes (%): ['0.001', '0.013', '0.156', '0.129']
Price Changes (%): ['0.501', '0.078', '0.944', '-0.019']
Candle Analysis:
    Body Sizes (%): ['0.468', '0.049', '0.960', '0.035']
    Upper Shadows (%): ['0.105', '0.550', '0.091', '0.181']
    Lower Shadows (%): ['0.082', '0.241', '0.000', '0.000']
Volumes: [np.float64(6383.2), np.float64(30351.8), np.float64(37723.8), np.float64(1402.2)]
2025-05-17 17:10:12,353 - INFO - 
2. Post-Cross Movement (30min):
5min Price Changes (%): []
Maximum Change: 0.000% after 0 minutes
Candle Analysis:
    Body Sizes (%): []
    Upper Shadows (%): []
    Lower Shadows (%): []
Volumes: []
==================================================
2025-05-17 17:10:16,574 - INFO - 
==================================================
EMA Cross Analysis - EOS/USDT
Time: 2025-05-17 17:10:00+09:00
Type: dead
Cross Character (Current): Weak
Cross Character (New): Weak
Price at Cross: 0.811

1. Pre-Cross Pattern (15min):
EMA Distance Changes (%): ['0.157', '0.108', '0.049', '0.009']
EMA12 Changes (%): ['-0.041', '-0.072', '-0.099', '-0.103']
Price Changes (%): ['0.123', '-0.245', '-0.246', '-0.123']
Candle Analysis:
    Body Sizes (%): ['0.123', '0.123', '0.123', '0.123']
    Upper Shadows (%): ['0.000', '0.123', '0.123', '0.123']
    Lower Shadows (%): ['0.368', '0.245', '0.123', '0.000']
Volumes: [np.float64(509089.4), np.float64(946021.6), np.float64(585331.4), np.float64(20024.3)]
2025-05-17 17:10:16,575 - INFO - 
2. Post-Cross Movement (30min):
5min Price Changes (%): []
Maximum Change: 0.000% after 0 minutes
Candle Analysis:
    Body Sizes (%): []
    Upper Shadows (%): []
    Lower Shadows (%): []
Volumes: []
==================================================
2025-05-17 17:10:20,103 - INFO - 
==================================================
EMA Cross Analysis - ONDOUSDT
Time: 2025-05-17 17:10:00+09:00
Type: dead
Cross Character (Current): Weak
Cross Character (New): Weak
Price at Cross: 0.9203

1. Pre-Cross Pattern (15min):
EMA Distance Changes (%): ['0.009', '0.009', '0.009', '0.012']
EMA12 Changes (%): ['0.023', '0.001', '0.002', '-0.040']
Price Changes (%): ['0.435', '-0.119', '0.011', '-0.271']
Candle Analysis:
    Body Sizes (%): ['0.446', '0.119', '0.022', '0.260']
    Upper Shadows (%): ['0.011', '0.108', '0.228', '0.000']
    Lower Shadows (%): ['0.283', '0.054', '0.054', '0.000']
Volumes: [np.float64(617435.4), np.float64(563490.7), np.float64(418488.2), np.float64(33768.7)]
2025-05-17 17:10:20,103 - INFO - 
2. Post-Cross Movement (30min):
5min Price Changes (%): []
Maximum Change: 0.000% after 0 minutes
Candle Analysis:
    Body Sizes (%): []
    Upper Shadows (%): []
    Lower Shadows (%): []
Volumes: []
==================================================
2025-05-17 17:10:20,540 - INFO - 
==================================================
EMA Cross Analysis - BRETT/USDT
Time: 2025-05-17 17:05:00+09:00
Type: golden
Cross Character (Current): Weak
Cross Character (New): Weak
Price at Cross: 0.06603

1. Pre-Cross Pattern (15min):
EMA Distance Changes (%): ['0.154', '0.106', '0.057', '0.003']
EMA12 Changes (%): ['-0.068', '0.069', '0.080', '0.107']
Price Changes (%): ['0.092', '0.828', '0.137', '0.258']
Candle Analysis:
    Body Sizes (%): ['0.123', '0.843', '0.122', '0.273']
    Upper Shadows (%): ['0.292', '0.000', '0.274', '0.167']
    Lower Shadows (%): ['0.200', '0.123', '0.243', '0.015']
Volumes: [np.float64(1835419.0), np.float64(422322.0), np.float64(505068.0), np.float64(670445.0)]
2025-05-17 17:10:20,541 - INFO - 
2. Post-Cross Movement (30min):
5min Price Changes (%): ['-0.394']
Maximum Change: -0.394% after 5 minutes
Candle Analysis:
    Body Sizes (%): ['0.303']
    Upper Shadows (%): ['0.000']
    Lower Shadows (%): ['0.000']
Volumes: [np.float64(39165.0)]
==================================================
2025-05-17 17:15:58,438 - INFO - 
==================================================
EMA Cross Analysis - FXS/USDT
Time: 2025-05-17 17:10:00+09:00
Type: golden
Cross Character (Current): Weak
Cross Character (New): Weak
Price at Cross: 3.1023

1. Pre-Cross Pattern (15min):
EMA Distance Changes (%): ['0.178', '0.158', '0.065', '0.011']
EMA12 Changes (%): ['0.001', '0.013', '0.156', '0.138']
Price Changes (%): ['0.501', '0.078', '0.944', '0.042']
Candle Analysis:
    Body Sizes (%): ['0.468', '0.049', '0.960', '0.026']
    Upper Shadows (%): ['0.105', '0.550', '0.091', '0.377']
    Lower Shadows (%): ['0.082', '0.241', '0.000', '0.164']
Volumes: [np.float64(6383.2), np.float64(30351.8), np.float64(37723.8), np.float64(32095.9)]
2025-05-17 17:15:58,438 - INFO - 
2. Post-Cross Movement (30min):
5min Price Changes (%): ['0.235']
Maximum Change: 0.235% after 5 minutes
Candle Analysis:
    Body Sizes (%): ['0.171']
    Upper Shadows (%): ['0.142']
    Lower Shadows (%): ['0.110']
Volumes: [np.float64(5819.9)]
==================================================
2025-05-17 17:16:02,689 - INFO - 
==================================================
EMA Cross Analysis - EOS/USDT
Time: 2025-05-17 17:10:00+09:00
Type: dead
Cross Character (Current): Weak
Cross Character (New): Weak
Price at Cross: 0.811

1. Pre-Cross Pattern (15min):
EMA Distance Changes (%): ['0.157', '0.108', '0.049', '0.009']
EMA12 Changes (%): ['-0.041', '-0.072', '-0.099', '-0.103']
Price Changes (%): ['0.123', '-0.245', '-0.246', '-0.123']
Candle Analysis:
    Body Sizes (%): ['0.123', '0.123', '0.123', '0.123']
    Upper Shadows (%): ['0.000', '0.123', '0.123', '0.369']
    Lower Shadows (%): ['0.368', '0.245', '0.123', '0.123']
Volumes: [np.float64(509089.4), np.float64(946021.6), np.float64(585331.4), np.float64(412352.5)]
2025-05-17 17:16:02,690 - INFO - 
2. Post-Cross Movement (30min):
5min Price Changes (%): ['0.000']
Maximum Change: 0.000% after 0 minutes
Candle Analysis:
    Body Sizes (%): ['0.000']
    Upper Shadows (%): ['0.247']
    Lower Shadows (%): ['0.000']
Volumes: [np.float64(173084.5)]
==================================================
2025-05-17 17:16:03,579 - INFO - 
==================================================
EMA Cross Analysis - RENDER/USDT
Time: 2025-05-17 17:15:00+09:00
Type: dead
Cross Character (Current): Weak
Cross Character (New): Weak
Price at Cross: 4.558

1. Pre-Cross Pattern (15min):
EMA Distance Changes (%): ['0.033', '0.027', '0.000', '0.021']
EMA12 Changes (%): ['-0.026', '-0.006', '-0.048', '-0.041']
Price Changes (%): ['-0.175', '0.110', '-0.284', '0.000']
Candle Analysis:
    Body Sizes (%): ['0.153', '0.110', '0.284', '0.000']
    Upper Shadows (%): ['0.066', '0.153', '0.000', '0.197']
    Lower Shadows (%): ['0.066', '0.044', '0.088', '0.044']
Volumes: [np.float64(18008.6), np.float64(19114.2), np.float64(27276.2), np.float64(2192.3)]
2025-05-17 17:16:03,579 - INFO - 
2. Post-Cross Movement (30min):
5min Price Changes (%): []
Maximum Change: 0.000% after 0 minutes
Candle Analysis:
    Body Sizes (%): []
    Upper Shadows (%): []
    Lower Shadows (%): []
Volumes: []
==================================================
2025-05-17 17:16:06,206 - INFO - 
==================================================
EMA Cross Analysis - ONDOUSDT
Time: 2025-05-17 17:10:00+09:00
Type: dead
Cross Character (Current): Weak
Cross Character (New): Weak
Price at Cross: 0.9214

1. Pre-Cross Pattern (15min):
EMA Distance Changes (%): ['0.009', '0.009', '0.009', '0.002']
EMA12 Changes (%): ['0.023', '0.001', '0.002', '-0.021']
Price Changes (%): ['0.435', '-0.119', '0.011', '-0.152']
Candle Analysis:
    Body Sizes (%): ['0.446', '0.119', '0.022', '0.141']
    Upper Shadows (%): ['0.011', '0.108', '0.228', '0.141']
    Lower Shadows (%): ['0.283', '0.054', '0.054', '0.184']
Volumes: [np.float64(617435.4), np.float64(563490.7), np.float64(418488.2), np.float64(320813.3)]
2025-05-17 17:16:06,206 - INFO - 
2. Post-Cross Movement (30min):
5min Price Changes (%): ['0.174']
Maximum Change: 0.174% after 5 minutes
Candle Analysis:
    Body Sizes (%): ['0.163']
    Upper Shadows (%): ['0.098']
    Lower Shadows (%): ['0.000']
Volumes: [np.float64(124957.3)]
==================================================
2025-05-17 17:20:40,180 - INFO - 
==================================================
EMA Cross Analysis - ARPA/USDT
Time: 2025-05-17 17:20:00+09:00
Type: golden
Cross Character (Current): Weak
Cross Character (New): Weak
Price at Cross: 0.02495

1. Pre-Cross Pattern (15min):
EMA Distance Changes (%): ['0.088', '0.057', '0.036', '0.004']
EMA12 Changes (%): ['0.033', '0.047', '0.033', '0.071']
Price Changes (%): ['-0.121', '0.121', '-0.040', '0.281']
Candle Analysis:
    Body Sizes (%): ['0.080', '0.161', '0.000', '0.281']
    Upper Shadows (%): ['0.040', '0.121', '0.281', '0.000']
    Lower Shadows (%): ['0.161', '0.201', '0.121', '0.000']
Volumes: [np.float64(228139.0), np.float64(250183.0), np.float64(305652.0), np.float64(20059.0)]
2025-05-17 17:20:40,180 - INFO - 
2. Post-Cross Movement (30min):
5min Price Changes (%): []
Maximum Change: 0.000% after 0 minutes
Candle Analysis:
    Body Sizes (%): []
    Upper Shadows (%): []
    Lower Shadows (%): []
Volumes: []
==================================================
2025-05-17 17:20:41,287 - INFO - 
==================================================
EMA Cross Analysis - RENDER/USDT
Time: 2025-05-17 17:15:00+09:00
Type: dead
Cross Character (Current): Weak
Cross Character (New): Weak
Price at Cross: 4.57

1. Pre-Cross Pattern (15min):
EMA Distance Changes (%): ['0.033', '0.027', '0.000', '0.000']
EMA12 Changes (%): ['-0.026', '-0.006', '-0.048', '-0.001']
Price Changes (%): ['-0.175', '0.110', '-0.284', '0.263']
Candle Analysis:
    Body Sizes (%): ['0.153', '0.110', '0.284', '0.263']
    Upper Shadows (%): ['0.066', '0.153', '0.000', '0.241']
    Lower Shadows (%): ['0.066', '0.044', '0.088', '0.044']
Volumes: [np.float64(18008.6), np.float64(19114.2), np.float64(27276.2), np.float64(25733.3)]
2025-05-17 17:20:41,287 - INFO - 
2. Post-Cross Movement (30min):
5min Price Changes (%): ['0.372']
Maximum Change: 0.372% after 5 minutes
Candle Analysis:
    Body Sizes (%): ['0.394']
    Upper Shadows (%): ['0.000']
    Lower Shadows (%): ['0.000']
Volumes: [np.float64(4959.9)]
==================================================
2025-05-17 17:20:41,951 - INFO - 
==================================================
EMA Cross Analysis - ATA/USDT
Time: 2025-05-17 17:20:00+09:00
Type: golden
Cross Character (Current): Weak
Cross Character (New): Weak
Price at Cross: 0.0583

1. Pre-Cross Pattern (15min):
EMA Distance Changes (%): ['0.071', '0.051', '0.021', '0.030']
EMA12 Changes (%): ['0.034', '0.029', '0.051', '0.096']
Price Changes (%): ['0.173', '0.000', '0.172', '0.344']
Candle Analysis:
    Body Sizes (%): ['0.346', '0.000', '0.000', '0.344']
    Upper Shadows (%): ['0.173', '0.345', '0.172', '0.000']
    Lower Shadows (%): ['0.000', '0.172', '0.172', '0.172']
Volumes: [np.float64(102161.0), np.float64(145838.0), np.float64(57111.0), np.float64(13587.0)]
2025-05-17 17:20:41,951 - INFO - 
2. Post-Cross Movement (30min):
5min Price Changes (%): []
Maximum Change: 0.000% after 0 minutes
Candle Analysis:
    Body Sizes (%): []
    Upper Shadows (%): []
    Lower Shadows (%): []
Volumes: []
==================================================
2025-05-17 17:20:43,924 - INFO - 
==================================================
EMA Cross Analysis - ONDOUSDT
Time: 2025-05-17 17:15:00+09:00
Type: golden
Cross Character (Current): Weak
Cross Character (New): Weak
Price at Cross: 0.9237

1. Pre-Cross Pattern (15min):
EMA Distance Changes (%): ['0.009', '0.009', '0.002', '0.008']
EMA12 Changes (%): ['0.001', '0.002', '-0.021', '0.020']
Price Changes (%): ['-0.119', '0.011', '-0.152', '0.250']
Candle Analysis:
    Body Sizes (%): ['0.119', '0.022', '0.141', '0.239']
    Upper Shadows (%): ['0.108', '0.228', '0.141', '0.250']
    Lower Shadows (%): ['0.054', '0.054', '0.184', '0.000']
Volumes: [np.float64(563490.7), np.float64(418488.2), np.float64(320813.3), np.float64(554273.2)]
2025-05-17 17:20:43,924 - INFO - 
2. Post-Cross Movement (30min):
5min Price Changes (%): ['0.314']
Maximum Change: 0.314% after 5 minutes
Candle Analysis:
    Body Sizes (%): ['0.325']
    Upper Shadows (%): ['0.011']
    Lower Shadows (%): ['0.032']
Volumes: [np.float64(74076.8)]
==================================================
2025-05-17 17:25:18,294 - INFO - 
==================================================
EMA Cross Analysis - XRP/USDT
Time: 2025-05-17 17:25:00+09:00
Type: dead
Cross Character (Current): Weak
Cross Character (New): Weak
Price at Cross: 2.369

1. Pre-Cross Pattern (15min):
EMA Distance Changes (%): ['0.044', '0.028', '0.004', '0.014']
EMA12 Changes (%): ['-0.023', '-0.025', '-0.042', '-0.033']
Price Changes (%): ['-0.021', '-0.034', '-0.135', '0.017']
Candle Analysis:
    Body Sizes (%): ['0.021', '0.038', '0.135', '0.013']
    Upper Shadows (%): ['0.055', '0.169', '0.249', '0.008']
    Lower Shadows (%): ['0.206', '0.126', '0.164', '0.004']
Volumes: [np.float64(1694923.0), np.float64(2307578.8), np.float64(2829961.6), np.float64(91051.2)]
2025-05-17 17:25:18,294 - INFO - 
2. Post-Cross Movement (30min):
5min Price Changes (%): []
Maximum Change: 0.000% after 0 minutes
Candle Analysis:
    Body Sizes (%): []
    Upper Shadows (%): []
    Lower Shadows (%): []
Volumes: []
==================================================
2025-05-17 17:25:21,559 - INFO - 
==================================================
EMA Cross Analysis - ONDOUSDT
Time: 2025-05-17 17:20:00+09:00
Type: dead
Cross Character (Current): Weak
Cross Character (New): Weak
Price at Cross: 0.9214

1. Pre-Cross Pattern (15min):
EMA Distance Changes (%): ['0.009', '0.002', '0.008', '0.003']
EMA12 Changes (%): ['0.002', '-0.021', '0.020', '-0.021']
Price Changes (%): ['0.011', '-0.152', '0.250', '-0.249']
Candle Analysis:
    Body Sizes (%): ['0.022', '0.141', '0.239', '0.238']
    Upper Shadows (%): ['0.228', '0.141', '0.250', '0.336']
    Lower Shadows (%): ['0.054', '0.184', '0.000', '0.314']
Volumes: [np.float64(418488.2), np.float64(320813.3), np.float64(554273.2), np.float64(723629.1)]
2025-05-17 17:25:21,560 - INFO - 
2. Post-Cross Movement (30min):
5min Price Changes (%): ['-0.054']
Maximum Change: -0.054% after 5 minutes
Candle Analysis:
    Body Sizes (%): ['0.054']
    Upper Shadows (%): ['0.022']
    Lower Shadows (%): ['0.000']
Volumes: [np.float64(31675.1)]
==================================================
2025-05-17 17:25:22,005 - INFO - 
==================================================
EMA Cross Analysis - BRETT/USDT
Time: 2025-05-17 17:20:00+09:00
Type: dead
Cross Character (Current): Weak
Cross Character (New): Weak
Price at Cross: 0.06537

1. Pre-Cross Pattern (15min):
EMA Distance Changes (%): ['0.003', '0.024', '0.021', '0.017']
EMA12 Changes (%): ['0.107', '0.042', '-0.002', '-0.070']
Price Changes (%): ['0.258', '-0.318', '-0.243', '-0.442']
Candle Analysis:
    Body Sizes (%): ['0.273', '0.227', '0.289', '0.427']
    Upper Shadows (%): ['0.167', '0.152', '0.197', '0.427']
    Lower Shadows (%): ['0.015', '0.258', '0.121', '0.228']
Volumes: [np.float64(670445.0), np.float64(412305.0), np.float64(760606.0), np.float64(793093.0)]
2025-05-17 17:25:22,005 - INFO - 
2. Post-Cross Movement (30min):
5min Price Changes (%): ['-0.031']
Maximum Change: -0.031% after 5 minutes
Candle Analysis:
    Body Sizes (%): ['0.061']
    Upper Shadows (%): ['0.015']
    Lower Shadows (%): ['0.000']
Volumes: [np.float64(30519.0)]
==================================================
2025-05-17 17:31:04,574 - INFO - 
==================================================
EMA Cross Analysis - ARPA/USDT
Time: 2025-05-17 17:30:00+09:00
Type: golden
Cross Character (Current): Weak
Cross Character (New): Weak
Price at Cross: 0.02497

1. Pre-Cross Pattern (15min):
EMA Distance Changes (%): ['0.036', '0.044', '0.009', '0.032']
EMA12 Changes (%): ['0.033', '-0.022', '0.062', '0.077']
Price Changes (%): ['-0.040', '-0.322', '0.524', '0.160']
Candle Analysis:
    Body Sizes (%): ['0.000', '0.322', '0.484', '0.120']
    Upper Shadows (%): ['0.281', '0.281', '0.202', '0.040']
    Lower Shadows (%): ['0.121', '0.121', '0.081', '0.000']
Volumes: [np.float64(305652.0), np.float64(497562.0), np.float64(172371.0), np.float64(71563.0)]
2025-05-17 17:31:04,574 - INFO - 
2. Post-Cross Movement (30min):
5min Price Changes (%): []
Maximum Change: 0.000% after 0 minutes
Candle Analysis:
    Body Sizes (%): []
    Upper Shadows (%): []
    Lower Shadows (%): []
Volumes: []
==================================================
2025-05-17 17:31:05,676 - INFO - 
==================================================
EMA Cross Analysis - RENDER/USDT
Time: 2025-05-17 17:25:00+09:00
Type: golden
Cross Character (Current): Weak
Cross Character (New): Weak
Price at Cross: 4.591

1. Pre-Cross Pattern (15min):
EMA Distance Changes (%): ['0.000', '0.000', '0.016', '0.024']
EMA12 Changes (%): ['-0.048', '-0.001', '-0.031', '0.075']
Price Changes (%): ['-0.284', '0.263', '-0.197', '0.658']
Candle Analysis:
    Body Sizes (%): ['0.284', '0.263', '0.175', '0.614']
    Upper Shadows (%): ['0.000', '0.241', '0.394', '0.044']
    Lower Shadows (%): ['0.088', '0.044', '0.175', '0.022']
Volumes: [np.float64(27276.2), np.float64(25733.3), np.float64(38854.0), np.float64(44641.5)]
2025-05-17 17:31:05,676 - INFO - 
2. Post-Cross Movement (30min):
5min Price Changes (%): ['0.065']
Maximum Change: 0.065% after 5 minutes
Candle Analysis:
    Body Sizes (%): ['0.087']
    Upper Shadows (%): ['0.153']
    Lower Shadows (%): ['0.022']
Volumes: [np.float64(12278.0)]
==================================================
2025-05-17 17:31:06,388 - INFO - 
==================================================
EMA Cross Analysis - ATA/USDT
Time: 2025-05-17 17:30:00+09:00
Type: golden
Cross Character (Current): Weak
Cross Character (New): Weak
Price at Cross: 0.0582

1. Pre-Cross Pattern (15min):
EMA Distance Changes (%): ['0.021', '0.038', '0.024', '0.015']
EMA12 Changes (%): ['0.051', '-0.037', '0.022', '0.072']
Price Changes (%): ['0.172', '-0.516', '0.346', '0.345']
Candle Analysis:
    Body Sizes (%): ['0.000', '0.516', '0.346', '0.172']
    Upper Shadows (%): ['0.172', '0.344', '0.346', '0.000']
    Lower Shadows (%): ['0.172', '0.344', '0.173', '0.000']
Volumes: [np.float64(57111.0), np.float64(117989.0), np.float64(64040.0), np.float64(26392.0)]
2025-05-17 17:31:06,388 - INFO - 
2. Post-Cross Movement (30min):
5min Price Changes (%): []
Maximum Change: 0.000% after 0 minutes
Candle Analysis:
    Body Sizes (%): []
    Upper Shadows (%): []
    Lower Shadows (%): []
Volumes: []
==================================================
2025-05-17 17:31:08,345 - INFO - 
==================================================
EMA Cross Analysis - ONDOUSDT
Time: 2025-05-17 17:25:00+09:00
Type: golden
Cross Character (Current): Weak
Cross Character (New): Weak
Price at Cross: 0.9263

1. Pre-Cross Pattern (15min):
EMA Distance Changes (%): ['0.002', '0.008', '0.003', '0.030']
EMA12 Changes (%): ['-0.021', '0.020', '-0.021', '0.064']
Price Changes (%): ['-0.152', '0.250', '-0.249', '0.532']
Candle Analysis:
    Body Sizes (%): ['0.141', '0.239', '0.238', '0.532']
    Upper Shadows (%): ['0.141', '0.250', '0.336', '0.087']
    Lower Shadows (%): ['0.184', '0.000', '0.314', '0.076']
Volumes: [np.float64(320813.3), np.float64(554273.2), np.float64(723629.1), np.float64(458766.3)]
2025-05-17 17:31:08,345 - INFO - 
2. Post-Cross Movement (30min):
5min Price Changes (%): ['0.097']
Maximum Change: 0.097% after 5 minutes
Candle Analysis:
    Body Sizes (%): ['0.097']
    Upper Shadows (%): ['0.130']
    Lower Shadows (%): ['0.000']
Volumes: [np.float64(192322.3)]
==================================================
2025-05-17 17:35:42,337 - INFO - 
==================================================
EMA Cross Analysis - ARPA/USDT
Time: 2025-05-17 17:30:00+09:00
Type: golden
Cross Character (Current): Weak
Cross Character (New): Weak
Price at Cross: 0.02492

1. Pre-Cross Pattern (15min):
EMA Distance Changes (%): ['0.036', '0.044', '0.009', '0.016']
EMA12 Changes (%): ['0.033', '-0.022', '0.062', '0.047']
Price Changes (%): ['-0.040', '-0.322', '0.524', '-0.040']
Candle Analysis:
    Body Sizes (%): ['0.000', '0.322', '0.484', '0.080']
    Upper Shadows (%): ['0.281', '0.281', '0.202', '0.200']
    Lower Shadows (%): ['0.121', '0.121', '0.081', '0.040']
Volumes: [np.float64(305652.0), np.float64(497562.0), np.float64(172371.0), np.float64(241285.0)]
2025-05-17 17:35:42,337 - INFO - 
2. Post-Cross Movement (30min):
5min Price Changes (%): ['0.080']
Maximum Change: 0.080% after 5 minutes
Candle Analysis:
    Body Sizes (%): ['0.040']
    Upper Shadows (%): ['0.000']
    Lower Shadows (%): ['0.000']
Volumes: [np.float64(81094.0)]
==================================================
2025-05-17 17:35:44,122 - INFO - 
==================================================
EMA Cross Analysis - ATA/USDT
Time: 2025-05-17 17:35:00+09:00
Type: golden
Cross Character (Current): Weak
Cross Character (New): Weak
Price at Cross: 0.0582

1. Pre-Cross Pattern (15min):
EMA Distance Changes (%): ['0.038', '0.024', '0.012', '0.024']
EMA12 Changes (%): ['-0.037', '0.022', '0.019', '0.069']
Price Changes (%): ['-0.516', '0.346', '0.000', '0.345']
Candle Analysis:
    Body Sizes (%): ['0.516', '0.346', '0.172', '0.345']
    Upper Shadows (%): ['0.344', '0.346', '0.344', '0.000']
    Lower Shadows (%): ['0.344', '0.173', '0.000', '0.000']
Volumes: [np.float64(117989.0), np.float64(64040.0), np.float64(111282.0), np.float64(6662.0)]
2025-05-17 17:35:44,123 - INFO - 
2. Post-Cross Movement (30min):
5min Price Changes (%): []
Maximum Change: 0.000% after 0 minutes
Candle Analysis:
    Body Sizes (%): []
    Upper Shadows (%): []
    Lower Shadows (%): []
Volumes: []
==================================================
2025-05-17 17:40:20,257 - INFO - 
==================================================
EMA Cross Analysis - XRP/USDT
Time: 2025-05-17 17:40:00+09:00
Type: dead
Cross Character (Current): Weak
Cross Character (New): Weak
Price at Cross: 2.3718

1. Pre-Cross Pattern (15min):
EMA Distance Changes (%): ['0.017', '0.016', '0.006', '0.002']
EMA12 Changes (%): ['0.025', '0.000', '-0.015', '-0.016']
Price Changes (%): ['0.397', '-0.139', '-0.101', '-0.021']
Candle Analysis:
    Body Sizes (%): ['0.393', '0.143', '0.101', '0.021']
    Upper Shadows (%): ['0.017', '0.160', '0.109', '0.000']
    Lower Shadows (%): ['0.008', '0.013', '0.093', '0.034']
Volumes: [np.float64(1650166.2), np.float64(1492072.5), np.float64(891373.9), np.float64(37686.2)]
2025-05-17 17:40:20,257 - INFO - 
2. Post-Cross Movement (30min):
5min Price Changes (%): []
Maximum Change: 0.000% after 0 minutes
Candle Analysis:
    Body Sizes (%): []
    Upper Shadows (%): []
    Lower Shadows (%): []
Volumes: []
==================================================
2025-05-17 17:46:06,693 - INFO - 
==================================================
EMA Cross Analysis - XRP/USDT
Time: 2025-05-17 17:40:00+09:00
Type: dead
Cross Character (Current): Weak
Cross Character (New): Weak
Price at Cross: 2.3699

1. Pre-Cross Pattern (15min):
EMA Distance Changes (%): ['0.017', '0.016', '0.006', '0.009']
EMA12 Changes (%): ['0.025', '0.000', '-0.015', '-0.029']
Price Changes (%): ['0.397', '-0.139', '-0.101', '-0.101']
Candle Analysis:
    Body Sizes (%): ['0.393', '0.143', '0.101', '0.101']
    Upper Shadows (%): ['0.017', '0.160', '0.109', '0.084']
    Lower Shadows (%): ['0.008', '0.013', '0.093', '0.080']
Volumes: [np.float64(1650166.2), np.float64(1492072.5), np.float64(891373.9), np.float64(992869.9)]
2025-05-17 17:46:06,694 - INFO - 
2. Post-Cross Movement (30min):
5min Price Changes (%): ['0.139']
Maximum Change: 0.139% after 5 minutes
Candle Analysis:
    Body Sizes (%): ['0.139']
    Upper Shadows (%): ['0.000']
    Lower Shadows (%): ['0.013']
Volumes: [np.float64(149295.3)]
==================================================
2025-05-17 17:50:43,050 - INFO - 
==================================================
EMA Cross Analysis - DOT/USDT
Time: 2025-05-17 17:50:00+09:00
Type: dead
Cross Character (Current): Weak
Cross Character (New): Weak
Price at Cross: 4.706

1. Pre-Cross Pattern (15min):
EMA Distance Changes (%): ['0.052', '0.034', '0.000', '0.026']
EMA12 Changes (%): ['-0.006', '-0.028', '-0.060', '-0.051']
Price Changes (%): ['-0.169', '-0.148', '-0.233', '0.000']
Candle Analysis:
    Body Sizes (%): ['0.148', '0.148', '0.233', '0.000']
    Upper Shadows (%): ['0.148', '0.127', '0.127', '0.064']
    Lower Shadows (%): ['0.042', '0.085', '0.085', '0.042']
Volumes: [np.float64(42672.7), np.float64(60946.8), np.float64(94938.4), np.float64(17244.3)]
2025-05-17 17:50:43,050 - INFO - 
2. Post-Cross Movement (30min):
5min Price Changes (%): []
Maximum Change: 0.000% after 0 minutes
Candle Analysis:
    Body Sizes (%): []
    Upper Shadows (%): []
    Lower Shadows (%): []
Volumes: []
==================================================
2025-05-17 17:50:43,932 - INFO - 
==================================================
EMA Cross Analysis - ARPA/USDT
Time: 2025-05-17 17:50:00+09:00
Type: dead
Cross Character (Current): Weak
Cross Character (New): Weak
Price at Cross: 0.02482

1. Pre-Cross Pattern (15min):
EMA Distance Changes (%): ['0.026', '0.026', '0.008', '0.004']
EMA12 Changes (%): ['0.021', '0.005', '-0.033', '-0.022']
Price Changes (%): ['-0.120', '-0.080', '-0.241', '0.040']
Candle Analysis:
    Body Sizes (%): ['0.160', '0.040', '0.201', '0.040']
    Upper Shadows (%): ['0.080', '0.201', '0.121', '0.000']
    Lower Shadows (%): ['0.080', '0.121', '0.000', '0.040']
Volumes: [np.float64(359802.0), np.float64(506197.0), np.float64(150039.0), np.float64(54331.0)]
2025-05-17 17:50:43,932 - INFO - 
2. Post-Cross Movement (30min):
5min Price Changes (%): []
Maximum Change: 0.000% after 0 minutes
Candle Analysis:
    Body Sizes (%): []
    Upper Shadows (%): []
    Lower Shadows (%): []
Volumes: []
==================================================
2025-05-17 17:50:45,047 - INFO - 
==================================================
EMA Cross Analysis - RENDER/USDT
Time: 2025-05-17 17:45:00+09:00
Type: dead
Cross Character (Current): Weak
Cross Character (New): Weak
Price at Cross: 4.555

1. Pre-Cross Pattern (15min):
EMA Distance Changes (%): ['0.039', '0.026', '0.014', '0.016']
EMA12 Changes (%): ['0.033', '-0.019', '-0.020', '-0.057']
Price Changes (%): ['-0.196', '-0.306', '-0.022', '-0.263']
Candle Analysis:
    Body Sizes (%): ['0.174', '0.306', '0.022', '0.285']
    Upper Shadows (%): ['0.240', '0.262', '0.263', '0.175']
    Lower Shadows (%): ['0.065', '0.109', '0.088', '0.066']
Volumes: [np.float64(37310.8), np.float64(71656.2), np.float64(18682.7), np.float64(18169.2)]
2025-05-17 17:50:45,047 - INFO - 
2. Post-Cross Movement (30min):
5min Price Changes (%): ['0.198']
Maximum Change: 0.198% after 5 minutes
Candle Analysis:
    Body Sizes (%): ['0.198']
    Upper Shadows (%): ['0.022']
    Lower Shadows (%): ['0.044']
Volumes: [np.float64(10090.6)]
==================================================
2025-05-17 17:50:47,430 - INFO - 
==================================================
EMA Cross Analysis - ZEN/USDT
Time: 2025-05-17 17:50:00+09:00
Type: dead
Cross Character (Current): Weak
Cross Character (New): Weak
Price at Cross: 9.104

1. Pre-Cross Pattern (15min):
EMA Distance Changes (%): ['0.067', '0.050', '0.015', '0.011']
EMA12 Changes (%): ['0.009', '-0.023', '-0.060', '-0.049']
Price Changes (%): ['-0.131', '-0.197', '-0.263', '0.011']
Candle Analysis:
    Body Sizes (%): ['0.175', '0.186', '0.263', '0.066']
    Upper Shadows (%): ['0.175', '0.197', '0.131', '0.011']
    Lower Shadows (%): ['0.153', '0.033', '0.121', '0.044']
Volumes: [np.float64(1129.2), np.float64(1412.5), np.float64(1804.2), np.float64(77.5)]
2025-05-17 17:50:47,430 - INFO - 
2. Post-Cross Movement (30min):
5min Price Changes (%): []
Maximum Change: 0.000% after 0 minutes
Candle Analysis:
    Body Sizes (%): []
    Upper Shadows (%): []
    Lower Shadows (%): []
Volumes: []
==================================================
2025-05-17 17:50:48,094 - INFO - 
==================================================
EMA Cross Analysis - BRETT/USDT
Time: 2025-05-17 17:45:00+09:00
Type: dead
Cross Character (Current): Weak
Cross Character (New): Weak
Price at Cross: 0.06538

1. Pre-Cross Pattern (15min):
EMA Distance Changes (%): ['0.018', '0.012', '0.000', '0.032']
EMA12 Changes (%): ['0.007', '-0.009', '-0.021', '-0.063']
Price Changes (%): ['-0.288', '-0.091', '-0.091', '-0.290']
Candle Analysis:
    Body Sizes (%): ['0.304', '0.076', '0.076', '0.290']
    Upper Shadows (%): ['0.228', '0.244', '0.366', '0.198']
    Lower Shadows (%): ['0.000', '0.198', '0.046', '0.122']
Volumes: [np.float64(374267.0), np.float64(326540.0), np.float64(256591.0), np.float64(312471.0)]
2025-05-17 17:50:48,094 - INFO - 
2. Post-Cross Movement (30min):
5min Price Changes (%): ['0.138']
Maximum Change: 0.138% after 5 minutes
Candle Analysis:
    Body Sizes (%): ['0.168']
    Upper Shadows (%): ['0.015']
    Lower Shadows (%): ['0.015']
Volumes: [np.float64(70537.0)]
==================================================
2025-05-17 17:55:20,665 - INFO - 
==================================================
EMA Cross Analysis - DOT/USDT
Time: 2025-05-17 17:50:00+09:00
Type: dead
Cross Character (Current): Weak
Cross Character (New): Weak
Price at Cross: 4.708

1. Pre-Cross Pattern (15min):
EMA Distance Changes (%): ['0.052', '0.034', '0.000', '0.023']
EMA12 Changes (%): ['-0.006', '-0.028', '-0.060', '-0.044']
Price Changes (%): ['-0.169', '-0.148', '-0.233', '0.042']
Candle Analysis:
    Body Sizes (%): ['0.148', '0.148', '0.233', '0.042']
    Upper Shadows (%): ['0.148', '0.127', '0.127', '0.064']
    Lower Shadows (%): ['0.042', '0.085', '0.085', '0.149']
Volumes: [np.float64(42672.7), np.float64(60946.8), np.float64(94938.4), np.float64(70268.8)]
2025-05-17 17:55:20,666 - INFO - 
2. Post-Cross Movement (30min):
5min Price Changes (%): ['-0.064']
Maximum Change: -0.064% after 5 minutes
Candle Analysis:
    Body Sizes (%): ['0.064']
    Upper Shadows (%): ['0.064']
    Lower Shadows (%): ['0.000']
Volumes: [np.float64(1448.6)]
==================================================
2025-05-17 17:55:21,555 - INFO - 
==================================================
EMA Cross Analysis - ARPA/USDT
Time: 2025-05-17 17:50:00+09:00
Type: dead
Cross Character (Current): Weak
Cross Character (New): Weak
Price at Cross: 0.02482

1. Pre-Cross Pattern (15min):
EMA Distance Changes (%): ['0.026', '0.026', '0.008', '0.004']
EMA12 Changes (%): ['0.021', '0.005', '-0.033', '-0.022']
Price Changes (%): ['-0.120', '-0.080', '-0.241', '0.040']
Candle Analysis:
    Body Sizes (%): ['0.160', '0.040', '0.201', '0.040']
    Upper Shadows (%): ['0.080', '0.201', '0.121', '0.121']
    Lower Shadows (%): ['0.080', '0.121', '0.000', '0.081']
Volumes: [np.float64(359802.0), np.float64(506197.0), np.float64(150039.0), np.float64(228432.0)]
2025-05-17 17:55:21,555 - INFO - 
2. Post-Cross Movement (30min):
5min Price Changes (%): ['-0.040']
Maximum Change: -0.040% after 5 minutes
Candle Analysis:
    Body Sizes (%): ['0.081']
    Upper Shadows (%): ['0.040']
    Lower Shadows (%): ['0.000']
Volumes: [np.float64(13387.0)]
==================================================
2025-05-17 17:55:25,080 - INFO - 
==================================================
EMA Cross Analysis - ZEN/USDT
Time: 2025-05-17 17:50:00+09:00
Type: dead
Cross Character (Current): Weak
Cross Character (New): Weak
Price at Cross: 9.112

1. Pre-Cross Pattern (15min):
EMA Distance Changes (%): ['0.067', '0.050', '0.015', '0.004']
EMA12 Changes (%): ['0.009', '-0.023', '-0.060', '-0.035']
Price Changes (%): ['-0.131', '-0.197', '-0.263', '0.099']
Candle Analysis:
    Body Sizes (%): ['0.175', '0.186', '0.263', '0.154']
    Upper Shadows (%): ['0.175', '0.197', '0.131', '0.066']
    Lower Shadows (%): ['0.153', '0.033', '0.121', '0.077']
Volumes: [np.float64(1129.2), np.float64(1412.5), np.float64(1804.2), np.float64(1831.8)]
2025-05-17 17:55:25,080 - INFO - 
2. Post-Cross Movement (30min):
5min Price Changes (%): ['-0.110']
Maximum Change: -0.110% after 5 minutes
Candle Analysis:
    Body Sizes (%): ['0.121']
    Upper Shadows (%): ['0.055']
    Lower Shadows (%): ['0.000']
Volumes: [np.float64(141.2)]
==================================================
2025-05-17 17:55:25,302 - INFO - 
==================================================
EMA Cross Analysis - ONDOUSDT
Time: 2025-05-17 17:55:00+09:00
Type: dead
Cross Character (Current): Weak
Cross Character (New): Weak
Price at Cross: 0.9205

1. Pre-Cross Pattern (15min):
EMA Distance Changes (%): ['0.044', '0.020', '0.004', '0.016']
EMA12 Changes (%): ['-0.008', '-0.041', '-0.027', '-0.039']
Price Changes (%): ['-0.184', '-0.227', '0.054', '-0.109']
Candle Analysis:
    Body Sizes (%): ['0.173', '0.249', '0.065', '0.109']
    Upper Shadows (%): ['0.108', '0.162', '0.119', '0.033']
    Lower Shadows (%): ['0.076', '0.076', '0.054', '0.033']
Volumes: [np.float64(217408.5), np.float64(323691.6), np.float64(253926.8), np.float64(69502.5)]
2025-05-17 17:55:25,303 - INFO - 
2. Post-Cross Movement (30min):
5min Price Changes (%): []
Maximum Change: 0.000% after 0 minutes
Candle Analysis:
    Body Sizes (%): []
    Upper Shadows (%): []
    Lower Shadows (%): []
Volumes: []
==================================================
2025-05-17 18:01:12,156 - INFO - 
==================================================
EMA Cross Analysis - ONDOUSDT
Time: 2025-05-17 17:55:00+09:00
Type: dead
Cross Character (Current): Weak
Cross Character (New): Weak
Price at Cross: 0.9182

1. Pre-Cross Pattern (15min):
EMA Distance Changes (%): ['0.044', '0.020', '0.004', '0.036']
EMA12 Changes (%): ['-0.008', '-0.041', '-0.027', '-0.078']
Price Changes (%): ['-0.184', '-0.227', '0.054', '-0.358']
Candle Analysis:
    Body Sizes (%): ['0.173', '0.249', '0.065', '0.358']
    Upper Shadows (%): ['0.108', '0.162', '0.119', '0.033']
    Lower Shadows (%): ['0.076', '0.076', '0.054', '0.011']
Volumes: [np.float64(217408.5), np.float64(323691.6), np.float64(253926.8), np.float64(341288.7)]
2025-05-17 18:01:12,156 - INFO - 
2. Post-Cross Movement (30min):
5min Price Changes (%): ['0.120']
Maximum Change: 0.120% after 5 minutes
Candle Analysis:
    Body Sizes (%): ['0.131']
    Upper Shadows (%): ['0.033']
    Lower Shadows (%): ['0.054']
Volumes: [np.float64(201322.0)]
==================================================
2025-05-17 18:10:21,120 - INFO - 
==================================================
EMA Cross Analysis - ATOM/USDT
Time: 2025-05-17 18:10:00+09:00
Type: dead
Cross Character (Current): Weak
Cross Character (New): Weak
Price at Cross: 4.741

1. Pre-Cross Pattern (15min):
EMA Distance Changes (%): ['0.040', '0.015', '0.001', '0.015']
EMA12 Changes (%): ['-0.056', '-0.041', '-0.025', '-0.031']
Price Changes (%): ['-0.336', '0.042', '0.063', '-0.063']
Candle Analysis:
    Body Sizes (%): ['0.357', '0.042', '0.042', '0.063']
    Upper Shadows (%): ['0.021', '0.127', '0.105', '0.021']
    Lower Shadows (%): ['0.021', '0.190', '0.569', '0.000']
Volumes: [np.float64(30646.15), np.float64(51872.18), np.float64(82502.92), np.float64(3126.08)]
2025-05-17 18:10:21,120 - INFO - 
2. Post-Cross Movement (30min):
5min Price Changes (%): []
Maximum Change: 0.000% after 0 minutes
Candle Analysis:
    Body Sizes (%): []
    Upper Shadows (%): []
    Lower Shadows (%): []
Volumes: []
==================================================
2025-05-17 18:16:08,096 - INFO - 
==================================================
EMA Cross Analysis - ATOM/USDT
Time: 2025-05-17 18:10:00+09:00
Type: dead
Cross Character (Current): Weak
Cross Character (New): Weak
Price at Cross: 4.732

1. Pre-Cross Pattern (15min):
EMA Distance Changes (%): ['0.040', '0.015', '0.001', '0.031']
EMA12 Changes (%): ['-0.056', '-0.041', '-0.025', '-0.060']
Price Changes (%): ['-0.336', '0.042', '0.063', '-0.253']
Candle Analysis:
    Body Sizes (%): ['0.357', '0.042', '0.042', '0.253']
    Upper Shadows (%): ['0.021', '0.127', '0.105', '0.021']
    Lower Shadows (%): ['0.021', '0.190', '0.569', '0.148']
Volumes: [np.float64(30646.15), np.float64(51872.18), np.float64(82502.92), np.float64(27749.82)]
2025-05-17 18:16:08,096 - INFO - 
2. Post-Cross Movement (30min):
5min Price Changes (%): ['-0.085']
Maximum Change: -0.085% after 5 minutes
Candle Analysis:
    Body Sizes (%): ['0.106']
    Upper Shadows (%): ['0.085']
    Lower Shadows (%): ['0.021']
Volumes: [np.float64(6051.25)]
==================================================
2025-05-17 18:16:11,413 - INFO - 
==================================================
EMA Cross Analysis - ADA/USDT
Time: 2025-05-17 18:15:00+09:00
Type: dead
Cross Character (Current): Weak
Cross Character (New): Weak
Price at Cross: 0.7662

1. Pre-Cross Pattern (15min):
EMA Distance Changes (%): ['0.090', '0.065', '0.035', '0.014']
EMA12 Changes (%): ['-0.036', '-0.034', '-0.049', '-0.089']
Price Changes (%): ['-0.013', '-0.026', '-0.130', '-0.312']
Candle Analysis:
    Body Sizes (%): ['0.013', '0.026', '0.117', '0.299']
    Upper Shadows (%): ['0.182', '0.143', '0.052', '0.065']
    Lower Shadows (%): ['0.286', '0.585', '0.299', '0.000']
Volumes: [np.float64(2541372.0), np.float64(5009447.0), np.float64(1823860.0), np.float64(448952.0)]
2025-05-17 18:16:11,413 - INFO - 
2. Post-Cross Movement (30min):
5min Price Changes (%): []
Maximum Change: 0.000% after 0 minutes
Candle Analysis:
    Body Sizes (%): []
    Upper Shadows (%): []
    Lower Shadows (%): []
Volumes: []
==================================================
2025-05-17 18:20:43,602 - INFO - 
==================================================
EMA Cross Analysis - HIPPO/USDT
Time: 2025-05-17 18:20:00+09:00
Type: dead
Cross Character (Current): Weak
Cross Character (New): Weak
Price at Cross: 0.002778

1. Pre-Cross Pattern (15min):
EMA Distance Changes (%): ['0.210', '0.154', '0.004', '0.124']
EMA12 Changes (%): ['-0.066', '-0.078', '-0.267', '-0.243']
Price Changes (%): ['0.035', '-0.142', '-1.313', '-0.108']
Candle Analysis:
    Body Sizes (%): ['0.035', '0.177', '1.278', '0.144']
    Upper Shadows (%): ['0.248', '0.035', '0.071', '0.036']
    Lower Shadows (%): ['0.567', '0.390', '1.810', '0.072']
Volumes: [np.float64(59956845.0), np.float64(28546804.0), np.float64(266685857.0), np.float64(9474880.0)]
2025-05-17 18:20:43,602 - INFO - 
2. Post-Cross Movement (30min):
5min Price Changes (%): []
Maximum Change: 0.000% after 0 minutes
Candle Analysis:
    Body Sizes (%): []
    Upper Shadows (%): []
    Lower Shadows (%): []
Volumes: []
==================================================
2025-05-17 18:20:48,695 - INFO - 
==================================================
EMA Cross Analysis - ADA/USDT
Time: 2025-05-17 18:15:00+09:00
Type: dead
Cross Character (Current): Weak
Cross Character (New): Weak
Price at Cross: 0.7663

1. Pre-Cross Pattern (15min):
EMA Distance Changes (%): ['0.090', '0.065', '0.035', '0.013']
EMA12 Changes (%): ['-0.036', '-0.034', '-0.049', '-0.088']
Price Changes (%): ['-0.013', '-0.026', '-0.130', '-0.299']
Candle Analysis:
    Body Sizes (%): ['0.013', '0.026', '0.117', '0.286']
    Upper Shadows (%): ['0.182', '0.143', '0.052', '0.065']
    Lower Shadows (%): ['0.286', '0.585', '0.299', '0.273']
Volumes: [np.float64(2541372.0), np.float64(5009447.0), np.float64(1823860.0), np.float64(2589840.0)]
2025-05-17 18:20:48,695 - INFO - 
2. Post-Cross Movement (30min):
5min Price Changes (%): ['0.039']
Maximum Change: 0.039% after 5 minutes
Candle Analysis:
    Body Sizes (%): ['0.039']
    Upper Shadows (%): ['0.065']
    Lower Shadows (%): ['0.026']
Volumes: [np.float64(150862.0)]
==================================================
2025-05-17 18:25:21,124 - INFO - 
==================================================
EMA Cross Analysis - HIPPO/USDT
Time: 2025-05-17 18:20:00+09:00
Type: dead
Cross Character (Current): Weak
Cross Character (New): Weak
Price at Cross: 0.002763

1. Pre-Cross Pattern (15min):
EMA Distance Changes (%): ['0.210', '0.154', '0.004', '0.168']
EMA12 Changes (%): ['-0.066', '-0.078', '-0.267', '-0.325']
Price Changes (%): ['0.035', '-0.142', '-1.313', '-0.647']
Candle Analysis:
    Body Sizes (%): ['0.035', '0.177', '1.278', '0.683']
    Upper Shadows (%): ['0.248', '0.035', '0.071', '0.036']
    Lower Shadows (%): ['0.567', '0.390', '1.810', '0.144']
Volumes: [np.float64(59956845.0), np.float64(28546804.0), np.float64(266685857.0), np.float64(72614416.0)]
2025-05-17 18:25:21,124 - INFO - 
2. Post-Cross Movement (30min):
5min Price Changes (%): ['0.000']
Maximum Change: 0.000% after 0 minutes
Candle Analysis:
    Body Sizes (%): ['0.000']
    Upper Shadows (%): ['0.145']
    Lower Shadows (%): ['0.109']
Volumes: [np.float64(5705743.0)]
==================================================
2025-05-17 18:55:27,169 - INFO - 
==================================================
EMA Cross Analysis - BAN/USDT
Time: 2025-05-17 18:55:00+09:00
Type: golden
Cross Character (Current): Weak
Cross Character (New): Weak
Price at Cross: 0.05768

1. Pre-Cross Pattern (15min):
EMA Distance Changes (%): ['0.232', '0.161', '0.059', '0.016']
EMA12 Changes (%): ['0.063', '0.104', '0.174', '0.137']
Price Changes (%): ['0.457', '0.332', '0.557', '-0.069']
Candle Analysis:
    Body Sizes (%): ['0.492', '0.350', '0.628', '0.104']
    Upper Shadows (%): ['0.351', '0.017', '0.070', '0.000']
    Lower Shadows (%): ['0.000', '0.087', '0.052', '0.000']
Volumes: [np.float64(316743.0), np.float64(132185.0), np.float64(216445.0), np.float64(28428.0)]
2025-05-17 18:55:27,169 - INFO - 
2. Post-Cross Movement (30min):
5min Price Changes (%): []
Maximum Change: 0.000% after 0 minutes
Candle Analysis:
    Body Sizes (%): []
    Upper Shadows (%): []
    Lower Shadows (%): []
Volumes: []
==================================================
2025-05-17 18:55:30,804 - INFO - 
==================================================
EMA Cross Analysis - ORDI/USDT
Time: 2025-05-17 18:50:00+09:00
Type: golden
Cross Character (Current): Weak
Cross Character (New): Weak
Price at Cross: 9.391

1. Pre-Cross Pattern (15min):
EMA Distance Changes (%): ['0.245', '0.173', '0.070', '0.015']
EMA12 Changes (%): ['0.038', '0.103', '0.174', '0.157']
Price Changes (%): ['0.227', '0.463', '0.557', '0.064']
Candle Analysis:
    Body Sizes (%): ['0.237', '0.452', '0.557', '0.064']
    Upper Shadows (%): ['0.151', '0.129', '0.246', '0.032']
    Lower Shadows (%): ['0.086', '0.086', '0.000', '0.448']
Volumes: [np.float64(20238.7), np.float64(27210.9), np.float64(62176.9), np.float64(36001.5)]
2025-05-17 18:55:30,804 - INFO - 
2. Post-Cross Movement (30min):
5min Price Changes (%): ['-0.064']
Maximum Change: -0.064% after 5 minutes
Candle Analysis:
    Body Sizes (%): ['0.064']
    Upper Shadows (%): ['0.032']
    Lower Shadows (%): ['0.053']
Volumes: [np.float64(1715.5)]
==================================================
2025-05-17 18:55:35,872 - INFO - 
==================================================
EMA Cross Analysis - GOAT/USDT
Time: 2025-05-17 18:55:00+09:00
Type: golden
Cross Character (Current): Strong
Cross Character (New): Strong
Price at Cross: 0.12918

1. Pre-Cross Pattern (15min):
EMA Distance Changes (%): ['0.498', '0.316', '0.087', '0.071']
EMA12 Changes (%): ['0.247', '0.282', '0.400', '0.298']
Price Changes (%): ['1.278', '0.470', '1.038', '-0.247']
Candle Analysis:
    Body Sizes (%): ['1.294', '0.478', '1.006', '0.216']
    Upper Shadows (%): ['0.357', '0.886', '0.000', '0.023']
    Lower Shadows (%): ['0.119', '0.251', '0.608', '0.077']
Volumes: [np.float64(4504862.0), np.float64(5301944.0), np.float64(4751908.0), np.float64(482214.0)]
2025-05-17 18:55:35,872 - INFO - 
2. Post-Cross Movement (30min):
5min Price Changes (%): []
Maximum Change: 0.000% after 0 minutes
Candle Analysis:
    Body Sizes (%): []
    Upper Shadows (%): []
    Lower Shadows (%): []
Volumes: []
==================================================
2025-05-17 19:00:05,322 - INFO - 
==================================================
EMA Cross Analysis - BOME/USDT
Time: 2025-05-17 19:00:00+09:00
Type: golden
Cross Character (Current): Weak
Cross Character (New): Weak
Price at Cross: 0.002086

1. Pre-Cross Pattern (15min):
EMA Distance Changes (%): ['0.218', '0.138', '0.058', '0.001']
EMA12 Changes (%): ['0.138', '0.124', '0.134', '0.106']
Price Changes (%): ['0.337', '0.048', '0.192', '-0.048']
Candle Analysis:
    Body Sizes (%): ['0.337', '0.048', '0.192', '0.000']
    Upper Shadows (%): ['0.530', '0.000', '0.096', '0.000']
    Lower Shadows (%): ['0.000', '0.384', '0.048', '0.000']
Volumes: [np.float64(85952421.0), np.float64(32883028.0), np.float64(54974329.0), np.float64(1003278.0)]
2025-05-17 19:00:05,322 - INFO - 
2. Post-Cross Movement (30min):
5min Price Changes (%): []
Maximum Change: 0.000% after 0 minutes
Candle Analysis:
    Body Sizes (%): []
    Upper Shadows (%): []
    Lower Shadows (%): []
Volumes: []
==================================================
2025-05-17 19:00:13,808 - INFO - 
==================================================
EMA Cross Analysis - GOAT/USDT
Time: 2025-05-17 18:55:00+09:00
Type: golden
Cross Character (Current): Strong
Cross Character (New): Strong
Price at Cross: 0.12921

1. Pre-Cross Pattern (15min):
EMA Distance Changes (%): ['0.498', '0.316', '0.087', '0.073']
EMA12 Changes (%): ['0.247', '0.282', '0.400', '0.302']
Price Changes (%): ['1.278', '0.470', '1.038', '-0.224']
Candle Analysis:
    Body Sizes (%): ['1.294', '0.478', '1.006', '0.193']
    Upper Shadows (%): ['0.357', '0.886', '0.000', '0.216']
    Lower Shadows (%): ['0.119', '0.251', '0.608', '0.471']
Volumes: [np.float64(4504862.0), np.float64(5301944.0), np.float64(4751908.0), np.float64(3917892.0)]
2025-05-17 19:00:13,808 - INFO - 
2. Post-Cross Movement (30min):
5min Price Changes (%): ['-0.054']
Maximum Change: -0.054% after 5 minutes
Candle Analysis:
    Body Sizes (%): ['0.070']
    Upper Shadows (%): ['0.240']
    Lower Shadows (%): ['0.046']
Volumes: [np.float64(641407.0)]
==================================================
2025-05-17 19:00:15,138 - INFO - 
==================================================
EMA Cross Analysis - BRETT/USDT
Time: 2025-05-17 19:00:00+09:00
Type: golden
Cross Character (Current): Weak
Cross Character (New): Weak
Price at Cross: 0.0656

1. Pre-Cross Pattern (15min):
EMA Distance Changes (%): ['0.125', '0.059', '0.003', '0.020']
EMA12 Changes (%): ['0.096', '0.109', '0.100', '0.044']
Price Changes (%): ['0.306', '0.183', '0.046', '-0.258']
Candle Analysis:
    Body Sizes (%): ['0.321', '0.168', '0.030', '0.258']
    Upper Shadows (%): ['0.413', '0.061', '0.091', '0.030']
    Lower Shadows (%): ['0.046', '0.137', '0.061', '0.000']
Volumes: [np.float64(332905.0), np.float64(564675.0), np.float64(274778.0), np.float64(39323.0)]
2025-05-17 19:00:15,139 - INFO - 
2. Post-Cross Movement (30min):
5min Price Changes (%): []
Maximum Change: 0.000% after 0 minutes
Candle Analysis:
    Body Sizes (%): []
    Upper Shadows (%): []
    Lower Shadows (%): []
Volumes: []
==================================================
2025-05-17 19:01:16,430 - INFO - 
==================================================
EMA Cross Analysis - BAN/USDT
Time: 2025-05-17 19:00:00+09:00
Type: golden
Cross Character (Current): Weak
Cross Character (New): Weak
Price at Cross: 0.05742

1. Pre-Cross Pattern (15min):
EMA Distance Changes (%): ['0.161', '0.059', '0.005', '0.022']
EMA12 Changes (%): ['0.104', '0.174', '0.096', '0.052']
Price Changes (%): ['0.332', '0.557', '-0.329', '-0.191']
Candle Analysis:
    Body Sizes (%): ['0.350', '0.628', '0.364', '0.209']
    Upper Shadows (%): ['0.017', '0.070', '0.087', '0.000']
    Lower Shadows (%): ['0.087', '0.052', '0.000', '0.174']
Volumes: [np.float64(132185.0), np.float64(216445.0), np.float64(61701.0), np.float64(30974.0)]
2025-05-17 19:01:16,430 - INFO - 
2. Post-Cross Movement (30min):
5min Price Changes (%): []
Maximum Change: 0.000% after 0 minutes
Candle Analysis:
    Body Sizes (%): []
    Upper Shadows (%): []
    Lower Shadows (%): []
Volumes: []
==================================================
2025-05-17 19:05:51,966 - INFO - 
==================================================
EMA Cross Analysis - DOGS/USDT
Time: 2025-05-17 19:00:00+09:00
Type: golden
Cross Character (Current): Weak
Cross Character (New): Weak
Price at Cross: 0.000172

1. Pre-Cross Pattern (15min):
EMA Distance Changes (%): ['0.259', '0.161', '0.082', '0.013']
EMA12 Changes (%): ['0.127', '0.153', '0.129', '0.172']
Price Changes (%): ['0.294', '0.293', '0.000', '0.409']
Candle Analysis:
    Body Sizes (%): ['0.294', '0.293', '0.058', '0.409']
    Upper Shadows (%): ['0.470', '0.000', '0.234', '0.117']
    Lower Shadows (%): ['0.059', '0.468', '0.175', '0.234']
Volumes: [np.float64(427315968.0), np.float64(187080221.0), np.float64(287023557.0), np.float64(722673706.0)]
2025-05-17 19:05:51,967 - INFO - 
2. Post-Cross Movement (30min):
5min Price Changes (%): ['-0.116']
Maximum Change: -0.116% after 5 minutes
Candle Analysis:
    Body Sizes (%): ['0.116']
    Upper Shadows (%): ['0.116']
    Lower Shadows (%): ['0.116']
Volumes: [np.float64(79046104.0)]
==================================================
2025-05-17 19:05:52,189 - INFO - 
==================================================
EMA Cross Analysis - BAN/USDT
Time: 2025-05-17 19:00:00+09:00
Type: golden
Cross Character (Current): Weak
Cross Character (New): Weak
Price at Cross: 0.05754

1. Pre-Cross Pattern (15min):
EMA Distance Changes (%): ['0.161', '0.059', '0.005', '0.039']
EMA12 Changes (%): ['0.104', '0.174', '0.096', '0.084']
Price Changes (%): ['0.332', '0.557', '-0.329', '0.017']
Candle Analysis:
    Body Sizes (%): ['0.350', '0.628', '0.364', '0.000']
    Upper Shadows (%): ['0.017', '0.070', '0.087', '0.000']
    Lower Shadows (%): ['0.087', '0.052', '0.000', '0.417']
Volumes: [np.float64(132185.0), np.float64(216445.0), np.float64(61701.0), np.float64(70988.0)]
2025-05-17 19:05:52,189 - INFO - 
2. Post-Cross Movement (30min):
5min Price Changes (%): ['-0.209']
Maximum Change: -0.209% after 5 minutes
Candle Analysis:
    Body Sizes (%): ['0.139']
    Upper Shadows (%): ['0.000']
    Lower Shadows (%): ['0.000']
Volumes: [np.float64(5914.0)]
==================================================
2025-05-17 19:05:52,408 - INFO - 
==================================================
EMA Cross Analysis - BOME/USDT
Time: 2025-05-17 19:00:00+09:00
Type: golden
Cross Character (Current): Weak
Cross Character (New): Weak
Price at Cross: 0.002096

1. Pre-Cross Pattern (15min):
EMA Distance Changes (%): ['0.218', '0.138', '0.058', '0.039']
EMA12 Changes (%): ['0.138', '0.124', '0.134', '0.180']
Price Changes (%): ['0.337', '0.048', '0.192', '0.431']
Candle Analysis:
    Body Sizes (%): ['0.337', '0.048', '0.192', '0.479']
    Upper Shadows (%): ['0.530', '0.000', '0.096', '0.096']
    Lower Shadows (%): ['0.000', '0.384', '0.048', '0.288']
Volumes: [np.float64(85952421.0), np.float64(32883028.0), np.float64(54974329.0), np.float64(82066114.0)]
2025-05-17 19:05:52,408 - INFO - 
2. Post-Cross Movement (30min):
5min Price Changes (%): ['-0.286']
Maximum Change: -0.286% after 5 minutes
Candle Analysis:
    Body Sizes (%): ['0.286']
    Upper Shadows (%): ['0.048']
    Lower Shadows (%): ['0.048']
Volumes: [np.float64(6141803.0)]
==================================================
2025-05-17 19:05:54,322 - INFO - 
==================================================
EMA Cross Analysis - 1000PEPE/USDT
Time: 2025-05-17 19:05:00+09:00
Type: golden
Cross Character (Current): Weak
Cross Character (New): Weak
Price at Cross: 0.0124152

1. Pre-Cross Pattern (15min):
EMA Distance Changes (%): ['0.037', '0.031', '0.001', '0.007']
EMA12 Changes (%): ['0.056', '0.006', '0.054', '0.016']
Price Changes (%): ['0.120', '-0.272', '0.322', '-0.198']
Candle Analysis:
    Body Sizes (%): ['0.118', '0.262', '0.333', '0.199']
    Upper Shadows (%): ['0.000', '0.099', '0.000', '0.020']
    Lower Shadows (%): ['0.296', '0.031', '0.270', '0.000']
Volumes: [np.float64(206352975.0), np.float64(128425342.0), np.float64(143612496.0), np.float64(15064712.0)]
2025-05-17 19:05:54,322 - INFO - 
2. Post-Cross Movement (30min):
5min Price Changes (%): []
Maximum Change: 0.000% after 0 minutes
Candle Analysis:
    Body Sizes (%): []
    Upper Shadows (%): []
    Lower Shadows (%): []
Volumes: []
==================================================
2025-05-17 19:05:55,210 - INFO - 
==================================================
EMA Cross Analysis - MOODENG/USDT
Time: 2025-05-17 19:05:00+09:00
Type: golden
Cross Character (Current): Weak
Cross Character (New): Weak
Price at Cross: 0.17774

1. Pre-Cross Pattern (15min):
EMA Distance Changes (%): ['0.231', '0.178', '0.037', '0.055']
EMA12 Changes (%): ['0.185', '0.071', '0.248', '0.173']
Price Changes (%): ['0.357', '-0.548', '1.216', '-0.236']
Candle Analysis:
    Body Sizes (%): ['0.363', '0.554', '1.222', '0.241']
    Upper Shadows (%): ['0.057', '0.136', '0.222', '0.051']
    Lower Shadows (%): ['0.573', '0.113', '0.273', '0.039']
Volumes: [np.float64(13162301.0), np.float64(8347629.0), np.float64(20846471.0), np.float64(2061953.0)]
2025-05-17 19:05:55,210 - INFO - 
2. Post-Cross Movement (30min):
5min Price Changes (%): []
Maximum Change: 0.000% after 0 minutes
Candle Analysis:
    Body Sizes (%): []
    Upper Shadows (%): []
    Lower Shadows (%): []
Volumes: []
==================================================
2025-05-17 19:06:02,286 - INFO - 
==================================================
EMA Cross Analysis - BRETT/USDT
Time: 2025-05-17 19:00:00+09:00
Type: golden
Cross Character (Current): Weak
Cross Character (New): Weak
Price at Cross: 0.066

1. Pre-Cross Pattern (15min):
EMA Distance Changes (%): ['0.125', '0.059', '0.003', '0.068']
EMA12 Changes (%): ['0.096', '0.109', '0.100', '0.138']
Price Changes (%): ['0.306', '0.183', '0.046', '0.350']
Candle Analysis:
    Body Sizes (%): ['0.321', '0.168', '0.030', '0.350']
    Upper Shadows (%): ['0.413', '0.061', '0.091', '0.274']
    Lower Shadows (%): ['0.046', '0.137', '0.061', '0.517']
Volumes: [np.float64(332905.0), np.float64(564675.0), np.float64(274778.0), np.float64(1823662.0)]
2025-05-17 19:06:02,286 - INFO - 
2. Post-Cross Movement (30min):
5min Price Changes (%): ['-0.136']
Maximum Change: -0.136% after 5 minutes
Candle Analysis:
    Body Sizes (%): ['0.151']
    Upper Shadows (%): ['0.258']
    Lower Shadows (%): ['0.030']
Volumes: [np.float64(723614.0)]
==================================================
2025-05-17 19:10:29,658 - INFO - 
==================================================
EMA Cross Analysis - TIA/USDT
Time: 2025-05-17 19:10:00+09:00
Type: golden
Cross Character (Current): Weak
Cross Character (New): Weak
Price at Cross: 2.6499

1. Pre-Cross Pattern (15min):
EMA Distance Changes (%): ['0.133', '0.087', '0.012', '0.046']
EMA12 Changes (%): ['0.019', '0.069', '0.133', '0.111']
Price Changes (%): ['-0.163', '0.342', '0.482', '-0.011']
Candle Analysis:
    Body Sizes (%): ['0.167', '0.346', '0.478', '0.019']
    Upper Shadows (%): ['0.076', '0.000', '0.000', '0.087']
    Lower Shadows (%): ['0.000', '0.278', '0.197', '0.068']
Volumes: [np.float64(85150.0), np.float64(127706.0), np.float64(148189.0), np.float64(69016.0)]
2025-05-17 19:10:29,658 - INFO - 
2. Post-Cross Movement (30min):
5min Price Changes (%): []
Maximum Change: 0.000% after 0 minutes
Candle Analysis:
    Body Sizes (%): []
    Upper Shadows (%): []
    Lower Shadows (%): []
Volumes: []
==================================================
2025-05-17 19:10:32,219 - INFO - 
==================================================
EMA Cross Analysis - 1000PEPE/USDT
Time: 2025-05-17 19:05:00+09:00
Type: golden
Cross Character (Current): Weak
Cross Character (New): Weak
Price at Cross: 0.0124747

1. Pre-Cross Pattern (15min):
EMA Distance Changes (%): ['0.037', '0.031', '0.001', '0.045']
EMA12 Changes (%): ['0.056', '0.006', '0.054', '0.089']
Price Changes (%): ['0.120', '-0.272', '0.322', '0.281']
Candle Analysis:
    Body Sizes (%): ['0.118', '0.262', '0.333', '0.280']
    Upper Shadows (%): ['0.000', '0.099', '0.000', '0.058']
    Lower Shadows (%): ['0.296', '0.031', '0.270', '0.268']
Volumes: [np.float64(206352975.0), np.float64(128425342.0), np.float64(143612496.0), np.float64(198372805.0)]
2025-05-17 19:10:32,220 - INFO - 
2. Post-Cross Movement (30min):
5min Price Changes (%): ['0.135']
Maximum Change: 0.135% after 5 minutes
Candle Analysis:
    Body Sizes (%): ['0.142']
    Upper Shadows (%): ['0.013']
    Lower Shadows (%): ['0.021']
Volumes: [np.float64(29252188.0)]
==================================================
2025-05-17 19:10:33,103 - INFO - 
==================================================
EMA Cross Analysis - MOODENG/USDT
Time: 2025-05-17 19:05:00+09:00
Type: golden
Cross Character (Current): Weak
Cross Character (New): Weak
Price at Cross: 0.18109

1. Pre-Cross Pattern (15min):
EMA Distance Changes (%): ['0.231', '0.178', '0.037', '0.201']
EMA12 Changes (%): ['0.185', '0.071', '0.248', '0.466']
Price Changes (%): ['0.357', '-0.548', '1.216', '1.645']
Candle Analysis:
    Body Sizes (%): ['0.363', '0.554', '1.222', '1.639']
    Upper Shadows (%): ['0.057', '0.136', '0.222', '0.090']
    Lower Shadows (%): ['0.573', '0.113', '0.273', '0.281']
Volumes: [np.float64(13162301.0), np.float64(8347629.0), np.float64(20846471.0), np.float64(35162641.0)]
2025-05-17 19:10:33,103 - INFO - 
2. Post-Cross Movement (30min):
5min Price Changes (%): ['-0.204']
Maximum Change: -0.204% after 5 minutes
Candle Analysis:
    Body Sizes (%): ['0.210']
    Upper Shadows (%): ['0.017']
    Lower Shadows (%): ['0.353']
Volumes: [np.float64(2709683.0)]
==================================================
2025-05-17 19:10:33,606 - INFO - 
==================================================
EMA Cross Analysis - PHA/USDT
Time: 2025-05-17 19:05:00+09:00
Type: golden
Cross Character (Current): Weak
Cross Character (New): Weak
Price at Cross: 0.12605

1. Pre-Cross Pattern (15min):
EMA Distance Changes (%): ['0.076', '0.048', '0.035', '0.025']
EMA12 Changes (%): ['0.070', '0.045', '0.017', '0.113']
Price Changes (%): ['0.144', '-0.096', '-0.136', '0.639']
Candle Analysis:
    Body Sizes (%): ['0.128', '0.104', '0.120', '0.599']
    Upper Shadows (%): ['0.000', '0.040', '0.000', '0.000']
    Lower Shadows (%): ['0.239', '0.008', '0.215', '0.128']
Volumes: [np.float64(32399.0), np.float64(30807.0), np.float64(120271.0), np.float64(79560.0)]
2025-05-17 19:10:33,606 - INFO - 
2. Post-Cross Movement (30min):
5min Price Changes (%): ['0.040']
Maximum Change: 0.040% after 5 minutes
Candle Analysis:
    Body Sizes (%): ['0.048']
    Upper Shadows (%): ['0.119']
    Lower Shadows (%): ['0.087']
Volumes: [np.float64(75362.0)]
==================================================
2025-05-17 19:10:34,493 - INFO - 
==================================================
EMA Cross Analysis - GALA/USDT
Time: 2025-05-17 19:10:00+09:00
Type: golden
Cross Character (Current): Weak
Cross Character (New): Weak
Price at Cross: 0.0188

1. Pre-Cross Pattern (15min):
EMA Distance Changes (%): ['0.150', '0.118', '0.049', '0.022']
EMA12 Changes (%): ['0.018', '0.040', '0.116', '0.131']
Price Changes (%): ['-0.054', '0.161', '0.536', '0.213']
Candle Analysis:
    Body Sizes (%): ['0.054', '0.215', '0.590', '0.160']
    Upper Shadows (%): ['0.107', '0.000', '0.054', '0.000']
    Lower Shadows (%): ['0.000', '0.322', '0.268', '0.000']
Volumes: [np.float64(4424310.0), np.float64(7331083.0), np.float64(13439478.0), np.float64(2278988.0)]
2025-05-17 19:10:34,493 - INFO - 
2. Post-Cross Movement (30min):
5min Price Changes (%): []
Maximum Change: 0.000% after 0 minutes
Candle Analysis:
    Body Sizes (%): []
    Upper Shadows (%): []
    Lower Shadows (%): []
Volumes: []
==================================================
2025-05-17 19:10:36,928 - INFO - 
==================================================
EMA Cross Analysis - WLD/USDT
Time: 2025-05-17 19:10:00+09:00
Type: golden
Cross Character (Current): Weak
Cross Character (New): Weak
Price at Cross: 1.0811

1. Pre-Cross Pattern (15min):
EMA Distance Changes (%): ['0.115', '0.079', '0.033', '0.016']
EMA12 Changes (%): ['0.001', '0.051', '0.078', '0.090']
Price Changes (%): ['-0.205', '0.326', '0.223', '0.157']
Candle Analysis:
    Body Sizes (%): ['0.205', '0.335', '0.214', '0.148']
    Upper Shadows (%): ['0.028', '0.000', '0.074', '0.000']
    Lower Shadows (%): ['0.000', '0.214', '0.269', '0.019']
Volumes: [np.float64(122225.0), np.float64(189625.0), np.float64(328684.0), np.float64(49962.0)]
2025-05-17 19:10:36,928 - INFO - 
2. Post-Cross Movement (30min):
5min Price Changes (%): []
Maximum Change: 0.000% after 0 minutes
Candle Analysis:
    Body Sizes (%): []
    Upper Shadows (%): []
    Lower Shadows (%): []
Volumes: []
==================================================
2025-05-17 19:10:37,151 - INFO - 
==================================================
EMA Cross Analysis - RENDER/USDT
Time: 2025-05-17 19:10:00+09:00
Type: golden
Cross Character (Current): Weak
Cross Character (New): Weak
Price at Cross: 4.577

1. Pre-Cross Pattern (15min):
EMA Distance Changes (%): ['0.065', '0.047', '0.019', '0.016']
EMA12 Changes (%): ['0.011', '0.026', '0.046', '0.066']
Price Changes (%): ['-0.197', '0.110', '0.153', '0.175']
Candle Analysis:
    Body Sizes (%): ['0.197', '0.110', '0.153', '0.175']
    Upper Shadows (%): ['0.044', '0.000', '0.110', '0.000']
    Lower Shadows (%): ['0.000', '0.154', '0.219', '0.000']
Volumes: [np.float64(12225.4), np.float64(15784.9), np.float64(18126.2), np.float64(3930.7)]
2025-05-17 19:10:37,151 - INFO - 
2. Post-Cross Movement (30min):
5min Price Changes (%): []
Maximum Change: 0.000% after 0 minutes
Candle Analysis:
    Body Sizes (%): []
    Upper Shadows (%): []
    Lower Shadows (%): []
Volumes: []
==================================================
2025-05-17 19:10:37,594 - INFO - 
==================================================
EMA Cross Analysis - AIXBT/USDT
Time: 2025-05-17 19:10:00+09:00
Type: golden
Cross Character (Current): Weak
Cross Character (New): Weak
Price at Cross: 0.16598

1. Pre-Cross Pattern (15min):
EMA Distance Changes (%): ['0.209', '0.159', '0.055', '0.044']
EMA12 Changes (%): ['0.077', '0.067', '0.178', '0.185']
Price Changes (%): ['0.122', '0.012', '0.785', '0.223']
Candle Analysis:
    Body Sizes (%): ['0.110', '0.037', '0.767', '0.217']
    Upper Shadows (%): ['0.219', '0.012', '0.061', '0.012']
    Lower Shadows (%): ['0.073', '0.444', '0.201', '0.018']
Volumes: [np.float64(833654.0), np.float64(585597.0), np.float64(1329343.0), np.float64(150203.0)]
2025-05-17 19:10:37,594 - INFO - 
2. Post-Cross Movement (30min):
5min Price Changes (%): []
Maximum Change: 0.000% after 0 minutes
Candle Analysis:
    Body Sizes (%): []
    Upper Shadows (%): []
    Lower Shadows (%): []
Volumes: []
==================================================
2025-05-17 19:10:39,560 - INFO - 
==================================================
EMA Cross Analysis - ZEN/USDT
Time: 2025-05-17 19:10:00+09:00
Type: golden
Cross Character (Current): Weak
Cross Character (New): Weak
Price at Cross: 9.141

1. Pre-Cross Pattern (15min):
EMA Distance Changes (%): ['0.113', '0.070', '0.021', '0.014']
EMA12 Changes (%): ['0.017', '0.065', '0.086', '0.064']
Price Changes (%): ['-0.022', '0.330', '0.197', '-0.055']
Candle Analysis:
    Body Sizes (%): ['0.099', '0.341', '0.197', '0.044']
    Upper Shadows (%): ['0.209', '0.000', '0.044', '0.055']
    Lower Shadows (%): ['0.000', '0.220', '0.274', '0.000']
Volumes: [np.float64(1008.5), np.float64(3163.4), np.float64(1976.9), np.float64(954.5)]
2025-05-17 19:10:39,560 - INFO - 
2. Post-Cross Movement (30min):
5min Price Changes (%): []
Maximum Change: 0.000% after 0 minutes
Candle Analysis:
    Body Sizes (%): []
    Upper Shadows (%): []
    Lower Shadows (%): []
Volumes: []
==================================================
2025-05-17 19:10:40,001 - INFO - 
==================================================
EMA Cross Analysis - USUAL/USDT
Time: 2025-05-17 19:10:00+09:00
Type: golden
Cross Character (Current): Weak
Cross Character (New): Weak
Price at Cross: 0.1242

1. Pre-Cross Pattern (15min):
EMA Distance Changes (%): ['0.142', '0.098', '0.017', '0.059']
EMA12 Changes (%): ['0.061', '0.064', '0.142', '0.145']
Price Changes (%): ['0.000', '0.081', '0.568', '0.161']
Candle Analysis:
    Body Sizes (%): ['0.000', '0.162', '0.568', '0.161']
    Upper Shadows (%): ['0.244', '0.081', '0.162', '0.000']
    Lower Shadows (%): ['0.081', '0.162', '0.162', '0.000']
Volumes: [np.float64(475738.0), np.float64(393116.0), np.float64(685640.0), np.float64(66039.0)]
2025-05-17 19:10:40,001 - INFO - 
2. Post-Cross Movement (30min):
5min Price Changes (%): []
Maximum Change: 0.000% after 0 minutes
Candle Analysis:
    Body Sizes (%): []
    Upper Shadows (%): []
    Lower Shadows (%): []
Volumes: []
==================================================
2025-05-17 19:10:40,614 - INFO - 
==================================================
EMA Cross Analysis - VANA/USDT
Time: 2025-05-17 19:05:00+09:00
Type: golden
Cross Character (Current): Weak
Cross Character (New): Weak
Price at Cross: 5.651

1. Pre-Cross Pattern (15min):
EMA Distance Changes (%): ['0.115', '0.100', '0.047', '0.022']
EMA12 Changes (%): ['0.041', '0.013', '0.088', '0.126']
Price Changes (%): ['0.125', '-0.143', '0.500', '0.337']
Candle Analysis:
    Body Sizes (%): ['0.125', '0.125', '0.536', '0.320']
    Upper Shadows (%): ['0.018', '0.143', '0.036', '0.071']
    Lower Shadows (%): ['0.250', '0.000', '0.232', '0.142']
Volumes: [np.float64(1544.94), np.float64(9419.34), np.float64(5476.2), np.float64(12636.56)]
2025-05-17 19:10:40,614 - INFO - 
2. Post-Cross Movement (30min):
5min Price Changes (%): ['0.106']
Maximum Change: 0.106% after 5 minutes
Candle Analysis:
    Body Sizes (%): ['0.106']
    Upper Shadows (%): ['0.000']
    Lower Shadows (%): ['0.000']
Volumes: [np.float64(1197.94)]
==================================================
2025-05-17 19:11:42,809 - INFO - 
==================================================
EMA Cross Analysis - HIPPO/USDT
Time: 2025-05-17 19:10:00+09:00
Type: golden
Cross Character (Current): Weak
Cross Character (New): Weak
Price at Cross: 0.00284

1. Pre-Cross Pattern (15min):
EMA Distance Changes (%): ['0.232', '0.137', '0.069', '0.019']
EMA12 Changes (%): ['-0.041', '0.146', '0.113', '0.161']
Price Changes (%): ['-0.036', '1.180', '-0.071', '0.424']
Candle Analysis:
    Body Sizes (%): ['0.071', '1.216', '0.035', '0.389']
    Upper Shadows (%): ['0.322', '0.179', '0.495', '0.353']
    Lower Shadows (%): ['0.036', '0.465', '0.283', '0.000']
Volumes: [np.float64(31237449.0), np.float64(87474834.0), np.float64(80033742.0), np.float64(55260474.0)]
2025-05-17 19:11:42,809 - INFO - 
2. Post-Cross Movement (30min):
5min Price Changes (%): []
Maximum Change: 0.000% after 0 minutes
Candle Analysis:
    Body Sizes (%): []
    Upper Shadows (%): []
    Lower Shadows (%): []
Volumes: []
==================================================
2025-05-17 19:15:07,807 - INFO - 
==================================================
EMA Cross Analysis - TIA/USDT
Time: 2025-05-17 19:10:00+09:00
Type: golden
Cross Character (Current): Weak
Cross Character (New): Weak
Price at Cross: 2.6508

1. Pre-Cross Pattern (15min):
EMA Distance Changes (%): ['0.133', '0.087', '0.012', '0.048']
EMA12 Changes (%): ['0.019', '0.069', '0.133', '0.116']
Price Changes (%): ['-0.163', '0.342', '0.482', '0.023']
Candle Analysis:
    Body Sizes (%): ['0.167', '0.346', '0.478', '0.015']
    Upper Shadows (%): ['0.076', '0.000', '0.000', '0.177']
    Lower Shadows (%): ['0.000', '0.278', '0.197', '0.087']
Volumes: [np.float64(85150.0), np.float64(127706.0), np.float64(148189.0), np.float64(165119.0)]
2025-05-17 19:15:07,808 - INFO - 
2. Post-Cross Movement (30min):
5min Price Changes (%): ['0.015']
Maximum Change: 0.015% after 5 minutes
Candle Analysis:
    Body Sizes (%): ['0.019']
    Upper Shadows (%): ['0.026']
    Lower Shadows (%): ['0.008']
Volumes: [np.float64(2860.0)]
==================================================
2025-05-17 19:15:09,589 - INFO - 
==================================================
EMA Cross Analysis - HIPPO/USDT
Time: 2025-05-17 19:10:00+09:00
Type: golden
Cross Character (Current): Weak
Cross Character (New): Weak
Price at Cross: 0.002848

1. Pre-Cross Pattern (15min):
EMA Distance Changes (%): ['0.232', '0.137', '0.069', '0.041']
EMA12 Changes (%): ['-0.041', '0.146', '0.113', '0.205']
Price Changes (%): ['-0.036', '1.180', '-0.071', '0.707']
Candle Analysis:
    Body Sizes (%): ['0.071', '1.216', '0.035', '0.672']
    Upper Shadows (%): ['0.322', '0.179', '0.495', '0.389']
    Lower Shadows (%): ['0.036', '0.465', '0.283', '0.000']
Volumes: [np.float64(31237449.0), np.float64(87474834.0), np.float64(80033742.0), np.float64(110097526.0)]
2025-05-17 19:15:09,589 - INFO - 
2. Post-Cross Movement (30min):
5min Price Changes (%): ['-0.035']
Maximum Change: -0.035% after 5 minutes
Candle Analysis:
    Body Sizes (%): ['0.000']
    Upper Shadows (%): ['0.035']
    Lower Shadows (%): ['0.176']
Volumes: [np.float64(1164428.0)]
==================================================
2025-05-17 19:15:09,808 - INFO - 
==================================================
EMA Cross Analysis - BAKE/USDT
Time: 2025-05-17 19:15:00+09:00
Type: golden
Cross Character (Current): Weak
Cross Character (New): Weak
Price at Cross: 0.1306

1. Pre-Cross Pattern (15min):
EMA Distance Changes (%): ['0.172', '0.088', '0.022', '0.030']
EMA12 Changes (%): ['0.049', '0.137', '0.115', '0.098']
Price Changes (%): ['0.077', '0.616', '0.000', '0.000']
Candle Analysis:
    Body Sizes (%): ['0.077', '0.539', '0.077', '0.000']
    Upper Shadows (%): ['0.077', '0.154', '0.153', '0.000']
    Lower Shadows (%): ['0.308', '0.154', '0.000', '0.000']
Volumes: [np.float64(133281.0), np.float64(165915.0), np.float64(75440.0), np.float64(4663.0)]
2025-05-17 19:15:09,808 - INFO - 
2. Post-Cross Movement (30min):
5min Price Changes (%): []
Maximum Change: 0.000% after 0 minutes
Candle Analysis:
    Body Sizes (%): []
    Upper Shadows (%): []
    Lower Shadows (%): []
Volumes: []
==================================================
2025-05-17 19:15:10,952 - INFO - 
==================================================
EMA Cross Analysis - POL/USDT
Time: 2025-05-17 19:15:00+09:00
Type: golden
Cross Character (Current): Weak
Cross Character (New): Weak
Price at Cross: 0.23252

1. Pre-Cross Pattern (15min):
EMA Distance Changes (%): ['0.073', '0.037', '0.004', '0.024']
EMA12 Changes (%): ['0.039', '0.058', '0.059', '0.054']
Price Changes (%): ['0.255', '0.164', '0.060', '0.026']
Candle Analysis:
    Body Sizes (%): ['0.264', '0.160', '0.056', '0.030']
    Upper Shadows (%): ['0.000', '0.095', '0.121', '0.013']
    Lower Shadows (%): ['0.112', '0.177', '0.000', '0.000']
Volumes: [np.float64(454431.0), np.float64(272439.0), np.float64(135755.0), np.float64(36648.0)]
2025-05-17 19:15:10,952 - INFO - 
2. Post-Cross Movement (30min):
5min Price Changes (%): []
Maximum Change: 0.000% after 0 minutes
Candle Analysis:
    Body Sizes (%): []
    Upper Shadows (%): []
    Lower Shadows (%): []
Volumes: []
==================================================
2025-05-17 19:15:11,393 - INFO - 
==================================================
EMA Cross Analysis - ATOM/USDT
Time: 2025-05-17 19:15:00+09:00
Type: golden
Cross Character (Current): Weak
Cross Character (New): Weak
Price at Cross: 4.763

1. Pre-Cross Pattern (15min):
EMA Distance Changes (%): ['0.096', '0.061', '0.015', '0.023']
EMA12 Changes (%): ['0.017', '0.053', '0.081', '0.071']
Price Changes (%): ['0.169', '0.253', '0.232', '0.021']
Candle Analysis:
    Body Sizes (%): ['0.190', '0.253', '0.232', '0.042']
    Upper Shadows (%): ['0.021', '0.042', '0.021', '0.000']
    Lower Shadows (%): ['0.148', '0.190', '0.000', '0.021']
Volumes: [np.float64(16303.44), np.float64(17206.64), np.float64(23284.08), np.float64(1323.42)]
2025-05-17 19:15:11,394 - INFO - 
2. Post-Cross Movement (30min):
5min Price Changes (%): []
Maximum Change: 0.000% after 0 minutes
Candle Analysis:
    Body Sizes (%): []
    Upper Shadows (%): []
    Lower Shadows (%): []
Volumes: []
==================================================
2025-05-17 19:15:12,501 - INFO - 
==================================================
EMA Cross Analysis - GALA/USDT
Time: 2025-05-17 19:15:00+09:00
Type: golden
Cross Character (Current): Weak
Cross Character (New): Weak
Price at Cross: 0.01875

1. Pre-Cross Pattern (15min):
EMA Distance Changes (%): ['0.118', '0.049', '0.003', '0.037']
EMA12 Changes (%): ['0.040', '0.116', '0.082', '0.077']
Price Changes (%): ['0.161', '0.536', '-0.107', '0.053']
Candle Analysis:
    Body Sizes (%): ['0.215', '0.590', '0.160', '0.053']
    Upper Shadows (%): ['0.000', '0.054', '0.213', '0.000']
    Lower Shadows (%): ['0.322', '0.268', '0.053', '0.000']
Volumes: [np.float64(7331083.0), np.float64(13439478.0), np.float64(10498088.0), np.float64(604306.0)]
2025-05-17 19:15:12,501 - INFO - 
2. Post-Cross Movement (30min):
5min Price Changes (%): []
Maximum Change: 0.000% after 0 minutes
Candle Analysis:
    Body Sizes (%): []
    Upper Shadows (%): []
    Lower Shadows (%): []
Volumes: []
==================================================
2025-05-17 19:15:12,723 - INFO - 
==================================================
EMA Cross Analysis - TNSR/USDT
Time: 2025-05-17 19:15:00+09:00
Type: golden
Cross Character (Current): Weak
Cross Character (New): Weak
Price at Cross: 0.1523

1. Pre-Cross Pattern (15min):
EMA Distance Changes (%): ['0.170', '0.106', '0.018', '0.051']
EMA12 Changes (%): ['0.057', '0.099', '0.155', '0.131']
Price Changes (%): ['0.465', '0.331', '0.462', '0.000']
Candle Analysis:
    Body Sizes (%): ['0.532', '0.397', '0.462', '0.000']
    Upper Shadows (%): ['0.067', '0.199', '0.264', '0.000']
    Lower Shadows (%): ['0.133', '0.265', '0.000', '0.000']
Volumes: [np.float64(51193.5), np.float64(95616.3), np.float64(350494.2), np.float64(17952.5)]
2025-05-17 19:15:12,723 - INFO - 
2. Post-Cross Movement (30min):
5min Price Changes (%): []
Maximum Change: 0.000% after 0 minutes
Candle Analysis:
    Body Sizes (%): []
    Upper Shadows (%): []
    Lower Shadows (%): []
Volumes: []
==================================================
2025-05-17 19:15:13,400 - INFO - 
==================================================
EMA Cross Analysis - ZRO/USDT
Time: 2025-05-17 19:15:00+09:00
Type: golden
Cross Character (Current): Weak
Cross Character (New): Weak
Price at Cross: 2.6047

1. Pre-Cross Pattern (15min):
EMA Distance Changes (%): ['0.172', '0.105', '0.051', '0.004']
EMA12 Changes (%): ['0.081', '0.106', '0.088', '0.101']
Price Changes (%): ['0.484', '0.243', '-0.012', '0.169']
Candle Analysis:
    Body Sizes (%): ['0.484', '0.239', '0.015', '0.177']
    Upper Shadows (%): ['0.004', '0.123', '0.188', '0.027']
    Lower Shadows (%): ['0.209', '0.343', '0.058', '0.015']
Volumes: [np.float64(25943.4), np.float64(46028.2), np.float64(20685.6), np.float64(2807.5)]
2025-05-17 19:15:13,400 - INFO - 
2. Post-Cross Movement (30min):
5min Price Changes (%): []
Maximum Change: 0.000% after 0 minutes
Candle Analysis:
    Body Sizes (%): []
    Upper Shadows (%): []
    Lower Shadows (%): []
Volumes: []
==================================================
2025-05-17 19:15:14,078 - INFO - 
==================================================
EMA Cross Analysis - ARPA/USDT
Time: 2025-05-17 19:10:00+09:00
Type: golden
Cross Character (Current): Weak
Cross Character (New): Weak
Price at Cross: 0.02491

1. Pre-Cross Pattern (15min):
EMA Distance Changes (%): ['0.134', '0.096', '0.043', '0.008']
EMA12 Changes (%): ['0.004', '0.053', '0.089', '0.093']
Price Changes (%): ['-0.161', '0.323', '0.282', '0.121']
Candle Analysis:
    Body Sizes (%): ['0.161', '0.323', '0.282', '0.121']
    Upper Shadows (%): ['0.121', '0.040', '0.161', '0.161']
    Lower Shadows (%): ['0.000', '0.162', '0.161', '0.000']
Volumes: [np.float64(318709.0), np.float64(495199.0), np.float64(770774.0), np.float64(202174.0)]
2025-05-17 19:15:14,078 - INFO - 
2. Post-Cross Movement (30min):
5min Price Changes (%): ['0.000']
Maximum Change: 0.000% after 0 minutes
Candle Analysis:
    Body Sizes (%): ['0.040']
    Upper Shadows (%): ['0.000']
    Lower Shadows (%): ['0.000']
Volumes: [np.float64(1631.0)]
==================================================
2025-05-17 19:15:14,964 - INFO - 
==================================================
EMA Cross Analysis - WLD/USDT
Time: 2025-05-17 19:10:00+09:00
Type: golden
Cross Character (Current): Weak
Cross Character (New): Weak
Price at Cross: 1.0796

1. Pre-Cross Pattern (15min):
EMA Distance Changes (%): ['0.115', '0.079', '0.033', '0.005']
EMA12 Changes (%): ['0.001', '0.051', '0.078', '0.069']
Price Changes (%): ['-0.205', '0.326', '0.223', '0.019']
Candle Analysis:
    Body Sizes (%): ['0.205', '0.335', '0.214', '0.009']
    Upper Shadows (%): ['0.028', '0.000', '0.074', '0.213']
    Lower Shadows (%): ['0.000', '0.214', '0.269', '0.019']
Volumes: [np.float64(122225.0), np.float64(189625.0), np.float64(328684.0), np.float64(211492.0)]
2025-05-17 19:15:14,964 - INFO - 
2. Post-Cross Movement (30min):
5min Price Changes (%): ['0.056']
Maximum Change: 0.056% after 5 minutes
Candle Analysis:
    Body Sizes (%): ['0.056']
    Upper Shadows (%): ['0.019']
    Lower Shadows (%): ['0.009']
Volumes: [np.float64(21949.0)]
==================================================
2025-05-17 19:15:15,184 - INFO - 
==================================================
EMA Cross Analysis - RENDER/USDT
Time: 2025-05-17 19:10:00+09:00
Type: golden
Cross Character (Current): Weak
Cross Character (New): Weak
Price at Cross: 4.579

1. Pre-Cross Pattern (15min):
EMA Distance Changes (%): ['0.065', '0.047', '0.019', '0.020']
EMA12 Changes (%): ['0.011', '0.026', '0.046', '0.073']
Price Changes (%): ['-0.197', '0.110', '0.153', '0.219']
Candle Analysis:
    Body Sizes (%): ['0.197', '0.110', '0.153', '0.219']
    Upper Shadows (%): ['0.044', '0.000', '0.110', '0.197']
    Lower Shadows (%): ['0.000', '0.154', '0.219', '0.000']
Volumes: [np.float64(12225.4), np.float64(15784.9), np.float64(18126.2), np.float64(33791.3)]
2025-05-17 19:15:15,184 - INFO - 
2. Post-Cross Movement (30min):
5min Price Changes (%): ['0.066']
Maximum Change: 0.066% after 5 minutes
Candle Analysis:
    Body Sizes (%): ['0.066']
    Upper Shadows (%): ['0.000']
    Lower Shadows (%): ['0.066']
Volumes: [np.float64(1134.8)]
==================================================
2025-05-17 19:15:15,631 - INFO - 
==================================================
EMA Cross Analysis - AIXBT/USDT
Time: 2025-05-17 19:10:00+09:00
Type: golden
Cross Character (Current): Weak
Cross Character (New): Weak
Price at Cross: 0.16565

1. Pre-Cross Pattern (15min):
EMA Distance Changes (%): ['0.209', '0.159', '0.055', '0.028']
EMA12 Changes (%): ['0.077', '0.067', '0.178', '0.154']
Price Changes (%): ['0.122', '0.012', '0.785', '0.024']
Candle Analysis:
    Body Sizes (%): ['0.110', '0.037', '0.767', '0.018']
    Upper Shadows (%): ['0.219', '0.012', '0.061', '0.326']
    Lower Shadows (%): ['0.073', '0.444', '0.201', '0.018']
Volumes: [np.float64(833654.0), np.float64(585597.0), np.float64(1329343.0), np.float64(991129.0)]
2025-05-17 19:15:15,631 - INFO - 
2. Post-Cross Movement (30min):
5min Price Changes (%): ['0.054']
Maximum Change: 0.054% after 5 minutes
Candle Analysis:
    Body Sizes (%): ['0.054']
    Upper Shadows (%): ['0.145']
    Lower Shadows (%): ['0.018']
Volumes: [np.float64(395973.0)]
==================================================
2025-05-17 19:15:15,852 - INFO - 
==================================================
EMA Cross Analysis - ATA/USDT
Time: 2025-05-17 19:15:00+09:00
Type: golden
Cross Character (Current): Weak
Cross Character (New): Weak
Price at Cross: 0.0579

1. Pre-Cross Pattern (15min):
EMA Distance Changes (%): ['0.127', '0.075', '0.020', '0.023']
EMA12 Changes (%): ['0.064', '0.081', '0.095', '0.081']
Price Changes (%): ['0.348', '0.173', '0.173', '0.000']
Candle Analysis:
    Body Sizes (%): ['0.348', '0.347', '0.000', '0.000']
    Upper Shadows (%): ['0.174', '0.174', '0.345', '0.000']
    Lower Shadows (%): ['0.348', '0.000', '0.173', '0.000']
Volumes: [np.float64(123146.0), np.float64(94583.0), np.float64(98183.0), np.float64(0.0)]
2025-05-17 19:15:15,852 - INFO - 
2. Post-Cross Movement (30min):
5min Price Changes (%): []
Maximum Change: 0.000% after 0 minutes
Candle Analysis:
    Body Sizes (%): []
    Upper Shadows (%): []
    Lower Shadows (%): []
Volumes: []
==================================================
2025-05-17 19:15:16,469 - INFO - 
==================================================
EMA Cross Analysis - AVAX/USDT
Time: 2025-05-17 19:15:00+09:00
Type: golden
Cross Character (Current): Weak
Cross Character (New): Weak
Price at Cross: 22.827

1. Pre-Cross Pattern (15min):
EMA Distance Changes (%): ['0.087', '0.057', '0.022', '0.006']
EMA12 Changes (%): ['0.026', '0.045', '0.059', '0.052']
Price Changes (%): ['0.233', '0.145', '0.140', '0.013']
Candle Analysis:
    Body Sizes (%): ['0.238', '0.141', '0.140', '0.018']
    Upper Shadows (%): ['0.000', '0.110', '0.075', '0.004']
    Lower Shadows (%): ['0.128', '0.211', '0.000', '0.022']
Volumes: [np.float64(29241.0), np.float64(24940.0), np.float64(34497.0), np.float64(1854.0)]
2025-05-17 19:15:16,469 - INFO - 
2. Post-Cross Movement (30min):
5min Price Changes (%): []
Maximum Change: 0.000% after 0 minutes
Candle Analysis:
    Body Sizes (%): []
    Upper Shadows (%): []
    Lower Shadows (%): []
Volumes: []
==================================================
2025-05-17 19:15:17,586 - INFO - 
==================================================
EMA Cross Analysis - ZEN/USDT
Time: 2025-05-17 19:10:00+09:00
Type: golden
Cross Character (Current): Weak
Cross Character (New): Weak
Price at Cross: 9.133

1. Pre-Cross Pattern (15min):
EMA Distance Changes (%): ['0.113', '0.070', '0.021', '0.007']
EMA12 Changes (%): ['0.017', '0.065', '0.086', '0.050']
Price Changes (%): ['-0.022', '0.330', '0.197', '-0.142']
Candle Analysis:
    Body Sizes (%): ['0.099', '0.341', '0.197', '0.131']
    Upper Shadows (%): ['0.209', '0.000', '0.044', '0.109']
    Lower Shadows (%): ['0.000', '0.220', '0.274', '0.000']
Volumes: [np.float64(1008.5), np.float64(3163.4), np.float64(1976.9), np.float64(1960.6)]
2025-05-17 19:15:17,586 - INFO - 
2. Post-Cross Movement (30min):
5min Price Changes (%): ['0.044']
Maximum Change: 0.044% after 5 minutes
Candle Analysis:
    Body Sizes (%): ['0.033']
    Upper Shadows (%): ['0.000']
    Lower Shadows (%): ['0.033']
Volumes: [np.float64(366.3)]
==================================================
2025-05-17 19:15:18,031 - INFO - 
==================================================
EMA Cross Analysis - USUAL/USDT
Time: 2025-05-17 19:10:00+09:00
Type: golden
Cross Character (Current): Weak
Cross Character (New): Weak
Price at Cross: 0.124

1. Pre-Cross Pattern (15min):
EMA Distance Changes (%): ['0.142', '0.098', '0.017', '0.046']
EMA12 Changes (%): ['0.061', '0.064', '0.142', '0.120']
Price Changes (%): ['0.000', '0.081', '0.568', '0.000']
Candle Analysis:
    Body Sizes (%): ['0.000', '0.162', '0.568', '0.000']
    Upper Shadows (%): ['0.244', '0.081', '0.162', '0.484']
    Lower Shadows (%): ['0.081', '0.162', '0.162', '0.000']
Volumes: [np.float64(475738.0), np.float64(393116.0), np.float64(685640.0), np.float64(697192.0)]
2025-05-17 19:15:18,031 - INFO - 
2. Post-Cross Movement (30min):
5min Price Changes (%): ['0.081']
Maximum Change: 0.081% after 5 minutes
Candle Analysis:
    Body Sizes (%): ['0.161']
    Upper Shadows (%): ['0.081']
    Lower Shadows (%): ['0.000']
Volumes: [np.float64(81128.0)]
==================================================
2025-05-17 19:15:18,884 - INFO - 
==================================================
EMA Cross Analysis - MELANIA/USDT
Time: 2025-05-17 19:15:00+09:00
Type: golden
Cross Character (Current): Weak
Cross Character (New): Weak
Price at Cross: 0.3236

1. Pre-Cross Pattern (15min):
EMA Distance Changes (%): ['0.148', '0.080', '0.002', '0.071']
EMA12 Changes (%): ['0.078', '0.109', '0.140', '0.142']
Price Changes (%): ['0.344', '0.280', '0.310', '0.155']
Candle Analysis:
    Body Sizes (%): ['0.344', '0.249', '0.310', '0.124']
    Upper Shadows (%): ['0.000', '0.124', '0.497', '0.000']
    Lower Shadows (%): ['0.281', '0.156', '0.000', '0.000']
Volumes: [np.float64(106307.78), np.float64(156541.0), np.float64(439383.46), np.float64(14151.1)]
2025-05-17 19:15:18,884 - INFO - 
2. Post-Cross Movement (30min):
5min Price Changes (%): []
Maximum Change: 0.000% after 0 minutes
Candle Analysis:
    Body Sizes (%): []
    Upper Shadows (%): []
    Lower Shadows (%): []
Volumes: []
==================================================
2025-05-17 19:20:56,015 - INFO - 
==================================================
EMA Cross Analysis - BAKE/USDT
Time: 2025-05-17 19:15:00+09:00
Type: golden
Cross Character (Current): Weak
Cross Character (New): Weak
Price at Cross: 0.1309

1. Pre-Cross Pattern (15min):
EMA Distance Changes (%): ['0.172', '0.088', '0.022', '0.048']
EMA12 Changes (%): ['0.049', '0.137', '0.115', '0.133']
Price Changes (%): ['0.077', '0.616', '0.000', '0.230']
Candle Analysis:
    Body Sizes (%): ['0.077', '0.539', '0.077', '0.230']
    Upper Shadows (%): ['0.077', '0.154', '0.153', '0.230']
    Lower Shadows (%): ['0.308', '0.154', '0.000', '0.000']
Volumes: [np.float64(133281.0), np.float64(165915.0), np.float64(75440.0), np.float64(122541.0)]
2025-05-17 19:20:56,015 - INFO - 
2. Post-Cross Movement (30min):
5min Price Changes (%): ['-0.076']
Maximum Change: -0.076% after 5 minutes
Candle Analysis:
    Body Sizes (%): ['0.076']
    Upper Shadows (%): ['0.000']
    Lower Shadows (%): ['0.076']
Volumes: [np.float64(19111.0)]
==================================================
2025-05-17 19:20:57,119 - INFO - 
==================================================
EMA Cross Analysis - POL/USDT
Time: 2025-05-17 19:15:00+09:00
Type: golden
Cross Character (Current): Weak
Cross Character (New): Weak
Price at Cross: 0.23237

1. Pre-Cross Pattern (15min):
EMA Distance Changes (%): ['0.073', '0.037', '0.004', '0.019']
EMA12 Changes (%): ['0.039', '0.058', '0.059', '0.044']
Price Changes (%): ['0.255', '0.164', '0.060', '-0.039']
Candle Analysis:
    Body Sizes (%): ['0.264', '0.160', '0.056', '0.034']
    Upper Shadows (%): ['0.000', '0.095', '0.121', '0.254']
    Lower Shadows (%): ['0.112', '0.177', '0.000', '0.000']
Volumes: [np.float64(454431.0), np.float64(272439.0), np.float64(135755.0), np.float64(261903.0)]
2025-05-17 19:20:57,119 - INFO - 
2. Post-Cross Movement (30min):
5min Price Changes (%): ['-0.017']
Maximum Change: -0.017% after 5 minutes
Candle Analysis:
    Body Sizes (%): ['0.013']
    Upper Shadows (%): ['0.077']
    Lower Shadows (%): ['0.026']
Volumes: [np.float64(54146.0)]
==================================================
2025-05-17 19:20:57,563 - INFO - 
==================================================
EMA Cross Analysis - ATOM/USDT
Time: 2025-05-17 19:15:00+09:00
Type: golden
Cross Character (Current): Weak
Cross Character (New): Weak
Price at Cross: 4.764

1. Pre-Cross Pattern (15min):
EMA Distance Changes (%): ['0.096', '0.061', '0.015', '0.025']
EMA12 Changes (%): ['0.017', '0.053', '0.081', '0.075']
Price Changes (%): ['0.169', '0.253', '0.232', '0.042']
Candle Analysis:
    Body Sizes (%): ['0.190', '0.253', '0.232', '0.063']
    Upper Shadows (%): ['0.021', '0.042', '0.021', '0.273']
    Lower Shadows (%): ['0.148', '0.190', '0.000', '0.021']
Volumes: [np.float64(16303.44), np.float64(17206.64), np.float64(23284.08), np.float64(24648.41)]
2025-05-17 19:20:57,564 - INFO - 
2. Post-Cross Movement (30min):
5min Price Changes (%): ['0.063']
Maximum Change: 0.063% after 5 minutes
Candle Analysis:
    Body Sizes (%): ['0.063']
    Upper Shadows (%): ['0.063']
    Lower Shadows (%): ['0.021']
Volumes: [np.float64(2825.61)]
==================================================
2025-05-17 19:20:58,706 - INFO - 
==================================================
EMA Cross Analysis - GALA/USDT
Time: 2025-05-17 19:15:00+09:00
Type: golden
Cross Character (Current): Weak
Cross Character (New): Weak
Price at Cross: 0.01877

1. Pre-Cross Pattern (15min):
EMA Distance Changes (%): ['0.118', '0.049', '0.003', '0.045']
EMA12 Changes (%): ['0.040', '0.116', '0.082', '0.094']
Price Changes (%): ['0.161', '0.536', '-0.107', '0.160']
Candle Analysis:
    Body Sizes (%): ['0.215', '0.590', '0.160', '0.160']
    Upper Shadows (%): ['0.000', '0.054', '0.213', '0.320']
    Lower Shadows (%): ['0.322', '0.268', '0.053', '0.000']
Volumes: [np.float64(7331083.0), np.float64(13439478.0), np.float64(10498088.0), np.float64(14414134.0)]
2025-05-17 19:20:58,706 - INFO - 
2. Post-Cross Movement (30min):
5min Price Changes (%): ['0.000']
Maximum Change: 0.000% after 0 minutes
Candle Analysis:
    Body Sizes (%): ['0.000']
    Upper Shadows (%): ['0.107']
    Lower Shadows (%): ['0.053']
Volumes: [np.float64(899464.0)]
==================================================
2025-05-17 19:20:58,925 - INFO - 
==================================================
EMA Cross Analysis - TNSR/USDT
Time: 2025-05-17 19:15:00+09:00
Type: golden
Cross Character (Current): Weak
Cross Character (New): Weak
Price at Cross: 0.1523

1. Pre-Cross Pattern (15min):
EMA Distance Changes (%): ['0.170', '0.106', '0.018', '0.051']
EMA12 Changes (%): ['0.057', '0.099', '0.155', '0.131']
Price Changes (%): ['0.465', '0.331', '0.462', '0.000']
Candle Analysis:
    Body Sizes (%): ['0.532', '0.397', '0.462', '0.000']
    Upper Shadows (%): ['0.067', '0.199', '0.264', '0.460']
    Lower Shadows (%): ['0.133', '0.265', '0.000', '0.000']
Volumes: [np.float64(51193.5), np.float64(95616.3), np.float64(350494.2), np.float64(128508.4)]
2025-05-17 19:20:58,925 - INFO - 
2. Post-Cross Movement (30min):
5min Price Changes (%): ['0.000']
Maximum Change: 0.000% after 0 minutes
Candle Analysis:
    Body Sizes (%): ['0.000']
    Upper Shadows (%): ['0.066']
    Lower Shadows (%): ['0.000']
Volumes: [np.float64(25812.5)]
==================================================
2025-05-17 19:20:59,595 - INFO - 
==================================================
EMA Cross Analysis - ZRO/USDT
Time: 2025-05-17 19:20:00+09:00
Type: golden
Cross Character (Current): Weak
Cross Character (New): Weak
Price at Cross: 2.6009

1. Pre-Cross Pattern (15min):
EMA Distance Changes (%): ['0.105', '0.051', '0.005', '0.029']
EMA12 Changes (%): ['0.106', '0.088', '0.083', '0.065']
Price Changes (%): ['0.243', '-0.012', '0.054', '-0.031']
Candle Analysis:
    Body Sizes (%): ['0.239', '0.015', '0.062', '0.031']
    Upper Shadows (%): ['0.123', '0.188', '0.319', '0.096']
    Lower Shadows (%): ['0.343', '0.058', '0.015', '0.004']
Volumes: [np.float64(46028.2), np.float64(20685.6), np.float64(33961.6), np.float64(4894.1)]
2025-05-17 19:20:59,595 - INFO - 
2. Post-Cross Movement (30min):
5min Price Changes (%): []
Maximum Change: 0.000% after 0 minutes
Candle Analysis:
    Body Sizes (%): []
    Upper Shadows (%): []
    Lower Shadows (%): []
Volumes: []
==================================================
2025-05-17 19:21:00,038 - INFO - 
==================================================
EMA Cross Analysis - THETA/USDT
Time: 2025-05-17 19:20:00+09:00
Type: golden
Cross Character (Current): Weak
Cross Character (New): Weak
Price at Cross: 0.8555

1. Pre-Cross Pattern (15min):
EMA Distance Changes (%): ['0.129', '0.071', '0.018', '0.022']
EMA12 Changes (%): ['0.076', '0.093', '0.093', '0.073']
Price Changes (%): ['0.388', '0.187', '0.094', '-0.035']
Candle Analysis:
    Body Sizes (%): ['0.376', '0.187', '0.129', '0.035']
    Upper Shadows (%): ['0.024', '0.105', '0.374', '0.117']
    Lower Shadows (%): ['0.200', '0.000', '0.012', '0.000']
Volumes: [np.float64(49089.4), np.float64(61983.1), np.float64(122953.0), np.float64(11629.6)]
2025-05-17 19:21:00,038 - INFO - 
2. Post-Cross Movement (30min):
5min Price Changes (%): []
Maximum Change: 0.000% after 0 minutes
Candle Analysis:
    Body Sizes (%): []
    Upper Shadows (%): []
    Lower Shadows (%): []
Volumes: []
==================================================
2025-05-17 19:21:01,590 - INFO - 
==================================================
EMA Cross Analysis - PENGU/USDT
Time: 2025-05-17 19:20:00+09:00
Type: golden
Cross Character (Current): Weak
Cross Character (New): Weak
Price at Cross: 0.01227

1. Pre-Cross Pattern (15min):
EMA Distance Changes (%): ['0.115', '0.067', '0.026', '0.000']
EMA12 Changes (%): ['0.119', '0.077', '0.069', '0.048']
Price Changes (%): ['0.400', '-0.155', '0.024', '-0.065']
Candle Analysis:
    Body Sizes (%): ['0.384', '0.163', '0.033', '0.041']
    Upper Shadows (%): ['0.065', '0.277', '0.505', '0.163']
    Lower Shadows (%): ['0.269', '0.033', '0.073', '0.008']
Volumes: [np.float64(27669192.0), np.float64(35277396.0), np.float64(26468256.0), np.float64(6192099.0)]
2025-05-17 19:21:01,590 - INFO - 
2. Post-Cross Movement (30min):
5min Price Changes (%): []
Maximum Change: 0.000% after 0 minutes
Candle Analysis:
    Body Sizes (%): []
    Upper Shadows (%): []
    Lower Shadows (%): []
Volumes: []
==================================================
2025-05-17 19:21:02,033 - INFO - 
==================================================
EMA Cross Analysis - ATA/USDT
Time: 2025-05-17 19:15:00+09:00
Type: golden
Cross Character (Current): Weak
Cross Character (New): Weak
Price at Cross: 0.0579

1. Pre-Cross Pattern (15min):
EMA Distance Changes (%): ['0.127', '0.075', '0.020', '0.023']
EMA12 Changes (%): ['0.064', '0.081', '0.095', '0.081']
Price Changes (%): ['0.348', '0.173', '0.173', '0.000']
Candle Analysis:
    Body Sizes (%): ['0.348', '0.347', '0.000', '0.172']
    Upper Shadows (%): ['0.174', '0.174', '0.345', '0.172']
    Lower Shadows (%): ['0.348', '0.000', '0.173', '0.000']
Volumes: [np.float64(123146.0), np.float64(94583.0), np.float64(98183.0), np.float64(66166.0)]
2025-05-17 19:21:02,033 - INFO - 
2. Post-Cross Movement (30min):
5min Price Changes (%): ['-0.173']
Maximum Change: -0.173% after 5 minutes
Candle Analysis:
    Body Sizes (%): ['0.173']
    Upper Shadows (%): ['0.173']
    Lower Shadows (%): ['0.000']
Volumes: [np.float64(37978.0)]
==================================================
2025-05-17 19:21:02,632 - INFO - 
==================================================
EMA Cross Analysis - AVAX/USDT
Time: 2025-05-17 19:20:00+09:00
Type: golden
Cross Character (Current): Weak
Cross Character (New): Weak
Price at Cross: 22.806

1. Pre-Cross Pattern (15min):
EMA Distance Changes (%): ['0.057', '0.022', '0.007', '0.011']
EMA12 Changes (%): ['0.045', '0.059', '0.027', '0.034']
Price Changes (%): ['0.145', '0.140', '-0.149', '0.070']
Candle Analysis:
    Body Sizes (%): ['0.141', '0.140', '0.145', '0.079']
    Upper Shadows (%): ['0.110', '0.075', '0.223', '0.061']
    Lower Shadows (%): ['0.211', '0.000', '0.026', '0.013']
Volumes: [np.float64(24940.0), np.float64(34497.0), np.float64(51208.0), np.float64(7577.0)]
2025-05-17 19:21:02,632 - INFO - 
2. Post-Cross Movement (30min):
5min Price Changes (%): []
Maximum Change: 0.000% after 0 minutes
Candle Analysis:
    Body Sizes (%): []
    Upper Shadows (%): []
    Lower Shadows (%): []
Volumes: []
==================================================
2025-05-17 19:21:03,534 - INFO - 
==================================================
EMA Cross Analysis - COW/USDT
Time: 2025-05-17 19:20:00+09:00
Type: golden
Cross Character (Current): Weak
Cross Character (New): Weak
Price at Cross: 0.3544

1. Pre-Cross Pattern (15min):
EMA Distance Changes (%): ['0.160', '0.096', '0.028', '0.025']
EMA12 Changes (%): ['0.127', '0.103', '0.117', '0.099']
Price Changes (%): ['0.597', '-0.028', '0.198', '0.000']
Candle Analysis:
    Body Sizes (%): ['0.569', '0.028', '0.198', '0.028']
    Upper Shadows (%): ['0.085', '0.198', '0.368', '0.113']
    Lower Shadows (%): ['0.199', '0.000', '0.000', '0.000']
Volumes: [np.float64(69384.0), np.float64(26876.0), np.float64(81606.0), np.float64(6451.0)]
2025-05-17 19:21:03,534 - INFO - 
2. Post-Cross Movement (30min):
5min Price Changes (%): []
Maximum Change: 0.000% after 0 minutes
Candle Analysis:
    Body Sizes (%): []
    Upper Shadows (%): []
    Lower Shadows (%): []
Volumes: []
==================================================
2025-05-17 19:21:05,036 - INFO - 
==================================================
EMA Cross Analysis - MELANIA/USDT
Time: 2025-05-17 19:15:00+09:00
Type: golden
Cross Character (Current): Weak
Cross Character (New): Weak
Price at Cross: 0.3234

1. Pre-Cross Pattern (15min):
EMA Distance Changes (%): ['0.148', '0.080', '0.002', '0.066']
EMA12 Changes (%): ['0.078', '0.109', '0.140', '0.133']
Price Changes (%): ['0.344', '0.280', '0.310', '0.093']
Candle Analysis:
    Body Sizes (%): ['0.344', '0.249', '0.310', '0.062']
    Upper Shadows (%): ['0.000', '0.124', '0.497', '0.464']
    Lower Shadows (%): ['0.281', '0.156', '0.000', '0.000']
Volumes: [np.float64(106307.78), np.float64(156541.0), np.float64(439383.46), np.float64(307918.78)]
2025-05-17 19:21:05,036 - INFO - 
2. Post-Cross Movement (30min):
5min Price Changes (%): ['-0.155']
Maximum Change: -0.155% after 5 minutes
Candle Analysis:
    Body Sizes (%): ['0.093']
    Upper Shadows (%): ['0.093']
    Lower Shadows (%): ['0.062']
Volumes: [np.float64(76732.87)]
==================================================
2025-05-17 19:25:34,105 - INFO - 
==================================================
EMA Cross Analysis - ACX/USDT
Time: 2025-05-17 19:25:00+09:00
Type: golden
Cross Character (Current): Weak
Cross Character (New): Weak
Price at Cross: 0.2249

1. Pre-Cross Pattern (15min):
EMA Distance Changes (%): ['0.099', '0.064', '0.011', '0.027']
EMA12 Changes (%): ['0.064', '0.054', '0.094', '0.072']
Price Changes (%): ['0.134', '0.000', '0.312', '-0.044']
Candle Analysis:
    Body Sizes (%): ['0.089', '0.045', '0.357', '0.044']
    Upper Shadows (%): ['0.045', '0.312', '0.089', '0.000']
    Lower Shadows (%): ['0.045', '0.000', '0.000', '0.000']
Volumes: [np.float64(12476.5), np.float64(28953.1), np.float64(17383.8), np.float64(3436.5)]
2025-05-17 19:25:34,106 - INFO - 
2. Post-Cross Movement (30min):
5min Price Changes (%): []
Maximum Change: 0.000% after 0 minutes
Candle Analysis:
    Body Sizes (%): []
    Upper Shadows (%): []
    Lower Shadows (%): []
Volumes: []
==================================================
2025-05-17 19:25:34,327 - INFO - 
==================================================
EMA Cross Analysis - LINK/USDT
Time: 2025-05-17 19:25:00+09:00
Type: golden
Cross Character (Current): Weak
Cross Character (New): Weak
Price at Cross: 15.409

1. Pre-Cross Pattern (15min):
EMA Distance Changes (%): ['0.071', '0.063', '0.023', '0.007']
EMA12 Changes (%): ['0.032', '0.006', '0.068', '0.055']
Price Changes (%): ['0.026', '-0.137', '0.404', '-0.013']
Candle Analysis:
    Body Sizes (%): ['0.026', '0.137', '0.404', '0.006']
    Upper Shadows (%): ['0.130', '0.195', '0.007', '0.013']
    Lower Shadows (%): ['0.000', '0.000', '0.020', '0.045']
Volumes: [np.float64(43688.64), np.float64(47107.18), np.float64(56803.52), np.float64(4850.85)]
2025-05-17 19:25:34,327 - INFO - 
2. Post-Cross Movement (30min):
5min Price Changes (%): []
Maximum Change: 0.000% after 0 minutes
Candle Analysis:
    Body Sizes (%): []
    Upper Shadows (%): []
    Lower Shadows (%): []
Volumes: []
==================================================
2025-05-17 19:25:35,652 - INFO - 
==================================================
EMA Cross Analysis - DOGE/USDT
Time: 2025-05-17 19:20:00+09:00
Type: golden
Cross Character (Current): Weak
Cross Character (New): Weak
Price at Cross: 0.21677

1. Pre-Cross Pattern (15min):
EMA Distance Changes (%): ['0.078', '0.044', '0.027', '0.001']
EMA12 Changes (%): ['0.048', '0.055', '0.026', '0.051']
Price Changes (%): ['0.273', '0.092', '-0.129', '0.189']
Candle Analysis:
    Body Sizes (%): ['0.273', '0.088', '0.129', '0.185']
    Upper Shadows (%): ['0.060', '0.129', '0.138', '0.065']
    Lower Shadows (%): ['0.153', '0.000', '0.014', '0.037']
Volumes: [np.float64(11848929.0), np.float64(13643627.0), np.float64(12443926.0), np.float64(7717777.0)]
2025-05-17 19:25:35,652 - INFO - 
2. Post-Cross Movement (30min):
5min Price Changes (%): ['-0.088']
Maximum Change: -0.088% after 5 minutes
Candle Analysis:
    Body Sizes (%): ['0.088']
    Upper Shadows (%): ['0.018']
    Lower Shadows (%): ['0.000']
Volumes: [np.float64(2421591.0)]
==================================================
2025-05-17 19:25:36,981 - INFO - 
==================================================
EMA Cross Analysis - ZRO/USDT
Time: 2025-05-17 19:20:00+09:00
Type: golden
Cross Character (Current): Weak
Cross Character (New): Weak
Price at Cross: 2.6083

1. Pre-Cross Pattern (15min):
EMA Distance Changes (%): ['0.105', '0.051', '0.005', '0.052']
EMA12 Changes (%): ['0.106', '0.088', '0.083', '0.109']
Price Changes (%): ['0.243', '-0.012', '0.054', '0.254']
Candle Analysis:
    Body Sizes (%): ['0.239', '0.015', '0.062', '0.254']
    Upper Shadows (%): ['0.123', '0.188', '0.319', '0.077']
    Lower Shadows (%): ['0.343', '0.058', '0.015', '0.054']
Volumes: [np.float64(46028.2), np.float64(20685.6), np.float64(33961.6), np.float64(27150.1)]
2025-05-17 19:25:36,981 - INFO - 
2. Post-Cross Movement (30min):
5min Price Changes (%): ['-0.104']
Maximum Change: -0.104% after 5 minutes
Candle Analysis:
    Body Sizes (%): ['0.100']
    Upper Shadows (%): ['0.008']
    Lower Shadows (%): ['0.000']
Volumes: [np.float64(2495.0)]
==================================================
2025-05-17 19:25:37,423 - INFO - 
==================================================
EMA Cross Analysis - THETA/USDT
Time: 2025-05-17 19:20:00+09:00
Type: golden
Cross Character (Current): Weak
Cross Character (New): Weak
Price at Cross: 0.8592

1. Pre-Cross Pattern (15min):
EMA Distance Changes (%): ['0.129', '0.071', '0.018', '0.056']
EMA12 Changes (%): ['0.076', '0.093', '0.093', '0.140']
Price Changes (%): ['0.388', '0.187', '0.094', '0.397']
Candle Analysis:
    Body Sizes (%): ['0.376', '0.187', '0.129', '0.397']
    Upper Shadows (%): ['0.024', '0.105', '0.374', '0.070']
    Lower Shadows (%): ['0.200', '0.000', '0.012', '0.035']
Volumes: [np.float64(49089.4), np.float64(61983.1), np.float64(122953.0), np.float64(45389.3)]
2025-05-17 19:25:37,423 - INFO - 
2. Post-Cross Movement (30min):
5min Price Changes (%): ['-0.081']
Maximum Change: -0.081% after 5 minutes
Candle Analysis:
    Body Sizes (%): ['0.081']
    Upper Shadows (%): ['0.035']
    Lower Shadows (%): ['0.012']
Volumes: [np.float64(14688.5)]
==================================================
2025-05-17 19:25:38,975 - INFO - 
==================================================
EMA Cross Analysis - PENGU/USDT
Time: 2025-05-17 19:20:00+09:00
Type: golden
Cross Character (Current): Weak
Cross Character (New): Weak
Price at Cross: 0.012348

1. Pre-Cross Pattern (15min):
EMA Distance Changes (%): ['0.115', '0.067', '0.026', '0.051']
EMA12 Changes (%): ['0.119', '0.077', '0.069', '0.146']
Price Changes (%): ['0.400', '-0.155', '0.024', '0.570']
Candle Analysis:
    Body Sizes (%): ['0.384', '0.163', '0.033', '0.595']
    Upper Shadows (%): ['0.065', '0.277', '0.505', '0.057']
    Lower Shadows (%): ['0.269', '0.033', '0.073', '0.049']
Volumes: [np.float64(27669192.0), np.float64(35277396.0), np.float64(26468256.0), np.float64(21649849.0)]
2025-05-17 19:25:38,975 - INFO - 
2. Post-Cross Movement (30min):
5min Price Changes (%): ['-0.081']
Maximum Change: -0.081% after 5 minutes
Candle Analysis:
    Body Sizes (%): ['0.073']
    Upper Shadows (%): ['0.024']
    Lower Shadows (%): ['0.105']
Volumes: [np.float64(3753470.0)]
==================================================
2025-05-17 19:25:40,033 - INFO - 
==================================================
EMA Cross Analysis - AVAX/USDT
Time: 2025-05-17 19:20:00+09:00
Type: golden
Cross Character (Current): Weak
Cross Character (New): Weak
Price at Cross: 22.87

1. Pre-Cross Pattern (15min):
EMA Distance Changes (%): ['0.057', '0.022', '0.007', '0.034']
EMA12 Changes (%): ['0.045', '0.059', '0.027', '0.077']
Price Changes (%): ['0.145', '0.140', '-0.149', '0.351']
Candle Analysis:
    Body Sizes (%): ['0.141', '0.140', '0.145', '0.360']
    Upper Shadows (%): ['0.110', '0.075', '0.223', '0.053']
    Lower Shadows (%): ['0.211', '0.000', '0.026', '0.013']
Volumes: [np.float64(24940.0), np.float64(34497.0), np.float64(51208.0), np.float64(27300.0)]
2025-05-17 19:25:40,033 - INFO - 
2. Post-Cross Movement (30min):
5min Price Changes (%): ['-0.079']
Maximum Change: -0.079% after 5 minutes
Candle Analysis:
    Body Sizes (%): ['0.079']
    Upper Shadows (%): ['0.000']
    Lower Shadows (%): ['0.031']
Volumes: [np.float64(4163.0)]
==================================================
2025-05-17 19:25:40,254 - INFO - 
==================================================
EMA Cross Analysis - MOVE/USDT
Time: 2025-05-17 19:25:00+09:00
Type: golden
Cross Character (Current): Weak
Cross Character (New): Weak
Price at Cross: 0.183

1. Pre-Cross Pattern (15min):
EMA Distance Changes (%): ['0.089', '0.059', '0.013', '0.010']
EMA12 Changes (%): ['0.073', '0.045', '0.080', '0.043']
Price Changes (%): ['-0.109', '-0.109', '0.274', '-0.164']
Candle Analysis:
    Body Sizes (%): ['0.164', '0.055', '0.219', '0.164']
    Upper Shadows (%): ['0.164', '0.437', '0.055', '0.000']
    Lower Shadows (%): ['0.109', '0.000', '0.055', '0.000']
Volumes: [np.float64(1607055.0), np.float64(736315.0), np.float64(287387.0), np.float64(35430.0)]
2025-05-17 19:25:40,254 - INFO - 
2. Post-Cross Movement (30min):
5min Price Changes (%): []
Maximum Change: 0.000% after 0 minutes
Candle Analysis:
    Body Sizes (%): []
    Upper Shadows (%): []
    Lower Shadows (%): []
Volumes: []
==================================================
2025-05-17 19:25:40,921 - INFO - 
==================================================
EMA Cross Analysis - COW/USDT
Time: 2025-05-17 19:20:00+09:00
Type: golden
Cross Character (Current): Weak
Cross Character (New): Weak
Price at Cross: 0.3552

1. Pre-Cross Pattern (15min):
EMA Distance Changes (%): ['0.160', '0.096', '0.028', '0.043']
EMA12 Changes (%): ['0.127', '0.103', '0.117', '0.134']
Price Changes (%): ['0.597', '-0.028', '0.198', '0.226']
Candle Analysis:
    Body Sizes (%): ['0.569', '0.028', '0.198', '0.254']
    Upper Shadows (%): ['0.085', '0.198', '0.368', '0.113']
    Lower Shadows (%): ['0.199', '0.000', '0.000', '0.000']
Volumes: [np.float64(69384.0), np.float64(26876.0), np.float64(81606.0), np.float64(39720.0)]
2025-05-17 19:25:40,921 - INFO - 
2. Post-Cross Movement (30min):
5min Price Changes (%): ['-0.084']
Maximum Change: -0.084% after 5 minutes
Candle Analysis:
    Body Sizes (%): ['0.084']
    Upper Shadows (%): ['0.000']
    Lower Shadows (%): ['0.000']
Volumes: [np.float64(4061.0)]
==================================================
2025-05-17 19:25:41,363 - INFO - 
==================================================
EMA Cross Analysis - ONDOUSDT
Time: 2025-05-17 19:25:00+09:00
Type: golden
Cross Character (Current): Weak
Cross Character (New): Weak
Price at Cross: 0.9224

1. Pre-Cross Pattern (15min):
EMA Distance Changes (%): ['0.073', '0.065', '0.021', '0.006']
EMA12 Changes (%): ['0.026', '0.005', '0.076', '0.048']
Price Changes (%): ['-0.022', '-0.109', '0.468', '-0.108']
Candle Analysis:
    Body Sizes (%): ['0.022', '0.098', '0.468', '0.108']
    Upper Shadows (%): ['0.152', '0.261', '0.000', '0.032']
    Lower Shadows (%): ['0.043', '0.011', '0.022', '0.022']
Volumes: [np.float64(442714.5), np.float64(604207.9), np.float64(428996.6), np.float64(263784.4)]
2025-05-17 19:25:41,363 - INFO - 
2. Post-Cross Movement (30min):
5min Price Changes (%): []
Maximum Change: 0.000% after 0 minutes
Candle Analysis:
    Body Sizes (%): []
    Upper Shadows (%): []
    Lower Shadows (%): []
Volumes: []
==================================================
2025-05-17 19:30:10,532 - INFO - 
==================================================
EMA Cross Analysis - NEAR/USDT
Time: 2025-05-17 19:30:00+09:00
Type: golden
Cross Character (Current): Weak
Cross Character (New): Weak
Price at Cross: 2.766

1. Pre-Cross Pattern (15min):
EMA Distance Changes (%): ['0.078', '0.038', '0.008', '0.015']
EMA12 Changes (%): ['0.014', '0.067', '0.051', '0.043']
Price Changes (%): ['-0.109', '0.363', '-0.036', '0.000']
Candle Analysis:
    Body Sizes (%): ['0.072', '0.363', '0.036', '0.036']
    Upper Shadows (%): ['0.290', '0.073', '0.181', '0.000']
    Lower Shadows (%): ['0.000', '0.073', '0.145', '0.036']
Volumes: [np.float64(65312.0), np.float64(74655.0), np.float64(57033.0), np.float64(1403.0)]
2025-05-17 19:30:10,532 - INFO - 
2. Post-Cross Movement (30min):
5min Price Changes (%): []
Maximum Change: 0.000% after 0 minutes
Candle Analysis:
    Body Sizes (%): []
    Upper Shadows (%): []
    Lower Shadows (%): []
Volumes: []
==================================================
2025-05-17 19:30:11,660 - INFO - 
==================================================
EMA Cross Analysis - ACX/USDT
Time: 2025-05-17 19:25:00+09:00
Type: golden
Cross Character (Current): Weak
Cross Character (New): Weak
Price at Cross: 0.2248

1. Pre-Cross Pattern (15min):
EMA Distance Changes (%): ['0.099', '0.064', '0.011', '0.024']
EMA12 Changes (%): ['0.064', '0.054', '0.094', '0.065']
Price Changes (%): ['0.134', '0.000', '0.312', '-0.089']
Candle Analysis:
    Body Sizes (%): ['0.089', '0.045', '0.357', '0.089']
    Upper Shadows (%): ['0.045', '0.312', '0.089', '0.000']
    Lower Shadows (%): ['0.045', '0.000', '0.000', '0.133']
Volumes: [np.float64(12476.5), np.float64(28953.1), np.float64(17383.8), np.float64(21227.3)]
2025-05-17 19:30:11,660 - INFO - 
2. Post-Cross Movement (30min):
5min Price Changes (%): ['-0.044']
Maximum Change: -0.044% after 5 minutes
Candle Analysis:
    Body Sizes (%): ['0.000']
    Upper Shadows (%): ['0.000']
    Lower Shadows (%): ['0.000']
Volumes: [np.float64(229.5)]
==================================================
2025-05-17 19:30:11,882 - INFO - 
==================================================
EMA Cross Analysis - LINK/USDT
Time: 2025-05-17 19:25:00+09:00
Type: golden
Cross Character (Current): Weak
Cross Character (New): Weak
Price at Cross: 15.409

1. Pre-Cross Pattern (15min):
EMA Distance Changes (%): ['0.071', '0.063', '0.023', '0.007']
EMA12 Changes (%): ['0.032', '0.006', '0.068', '0.055']
Price Changes (%): ['0.026', '-0.137', '0.404', '-0.013']
Candle Analysis:
    Body Sizes (%): ['0.026', '0.137', '0.404', '0.006']
    Upper Shadows (%): ['0.130', '0.195', '0.007', '0.136']
    Lower Shadows (%): ['0.000', '0.000', '0.020', '0.097']
Volumes: [np.float64(43688.64), np.float64(47107.18), np.float64(56803.52), np.float64(51721.07)]
2025-05-17 19:30:11,882 - INFO - 
2. Post-Cross Movement (30min):
5min Price Changes (%): ['0.026']
Maximum Change: 0.026% after 5 minutes
Candle Analysis:
    Body Sizes (%): ['0.032']
    Upper Shadows (%): ['0.006']
    Lower Shadows (%): ['0.000']
Volumes: [np.float64(1601.65)]
==================================================
2025-05-17 19:30:17,806 - INFO - 
==================================================
EMA Cross Analysis - MOVE/USDT
Time: 2025-05-17 19:25:00+09:00
Type: golden
Cross Character (Current): Weak
Cross Character (New): Weak
Price at Cross: 0.1828

1. Pre-Cross Pattern (15min):
EMA Distance Changes (%): ['0.089', '0.059', '0.013', '0.001']
EMA12 Changes (%): ['0.073', '0.045', '0.080', '0.026']
Price Changes (%): ['-0.109', '-0.109', '0.274', '-0.273']
Candle Analysis:
    Body Sizes (%): ['0.164', '0.055', '0.219', '0.273']
    Upper Shadows (%): ['0.164', '0.437', '0.055', '0.055']
    Lower Shadows (%): ['0.109', '0.000', '0.055', '0.000']
Volumes: [np.float64(1607055.0), np.float64(736315.0), np.float64(287387.0), np.float64(137802.0)]
2025-05-17 19:30:17,806 - INFO - 
2. Post-Cross Movement (30min):
5min Price Changes (%): ['0.109']
Maximum Change: 0.109% after 5 minutes
Candle Analysis:
    Body Sizes (%): ['0.055']
    Upper Shadows (%): ['0.000']
    Lower Shadows (%): ['0.000']
Volumes: [np.float64(12988.0)]
==================================================
2025-05-17 19:30:18,930 - INFO - 
==================================================
EMA Cross Analysis - ONDOUSDT
Time: 2025-05-17 19:30:00+09:00
Type: golden
Cross Character (Current): Weak
Cross Character (New): Weak
Price at Cross: 0.921

1. Pre-Cross Pattern (15min):
EMA Distance Changes (%): ['0.065', '0.021', '0.005', '0.006']
EMA12 Changes (%): ['0.005', '0.076', '0.028', '0.020']
Price Changes (%): ['-0.109', '0.468', '-0.238', '-0.022']
Candle Analysis:
    Body Sizes (%): ['0.098', '0.468', '0.238', '0.011']
    Upper Shadows (%): ['0.261', '0.000', '0.043', '0.043']
    Lower Shadows (%): ['0.011', '0.022', '0.000', '0.011']
Volumes: [np.float64(604207.9), np.float64(428996.6), np.float64(496205.8), np.float64(13474.4)]
2025-05-17 19:30:18,930 - INFO - 
2. Post-Cross Movement (30min):
5min Price Changes (%): []
Maximum Change: 0.000% after 0 minutes
Candle Analysis:
    Body Sizes (%): []
    Upper Shadows (%): []
    Lower Shadows (%): []
Volumes: []
==================================================
2025-05-17 19:35:57,955 - INFO - 
==================================================
EMA Cross Analysis - ACX/USDT
Time: 2025-05-17 19:35:00+09:00
Type: dead
Cross Character (Current): Weak
Cross Character (New): Weak
Price at Cross: 0.2233

1. Pre-Cross Pattern (15min):
EMA Distance Changes (%): ['0.011', '0.024', '0.012', '0.012']
EMA12 Changes (%): ['0.094', '0.065', '-0.020', '-0.045']
Price Changes (%): ['0.312', '-0.089', '-0.489', '-0.179']
Candle Analysis:
    Body Sizes (%): ['0.357', '0.089', '0.445', '0.179']
    Upper Shadows (%): ['0.089', '0.000', '0.000', '0.000']
    Lower Shadows (%): ['0.000', '0.133', '0.000', '0.000']
Volumes: [np.float64(17383.8), np.float64(21227.3), np.float64(38963.2), np.float64(1152.7)]
2025-05-17 19:35:57,955 - INFO - 
2. Post-Cross Movement (30min):
5min Price Changes (%): []
Maximum Change: 0.000% after 0 minutes
Candle Analysis:
    Body Sizes (%): []
    Upper Shadows (%): []
    Lower Shadows (%): []
Volumes: []
==================================================
2025-05-17 19:36:04,477 - INFO - 
==================================================
EMA Cross Analysis - MOVE/USDT
Time: 2025-05-17 19:35:00+09:00
Type: dead
Cross Character (Current): Weak
Cross Character (New): Weak
Price at Cross: 0.1823

1. Pre-Cross Pattern (15min):
EMA Distance Changes (%): ['0.013', '0.001', '0.004', '0.007']
EMA12 Changes (%): ['0.080', '0.026', '0.005', '-0.021']
Price Changes (%): ['0.274', '-0.273', '-0.109', '-0.164']
Candle Analysis:
    Body Sizes (%): ['0.219', '0.273', '0.164', '0.164']
    Upper Shadows (%): ['0.055', '0.055', '0.055', '0.055']
    Lower Shadows (%): ['0.055', '0.000', '0.164', '0.000']
Volumes: [np.float64(287387.0), np.float64(137802.0), np.float64(510326.0), np.float64(66755.0)]
2025-05-17 19:36:04,477 - INFO - 
2. Post-Cross Movement (30min):
5min Price Changes (%): []
Maximum Change: 0.000% after 0 minutes
Candle Analysis:
    Body Sizes (%): []
    Upper Shadows (%): []
    Lower Shadows (%): []
Volumes: []
==================================================
2025-05-17 19:40:35,935 - INFO - 
==================================================
EMA Cross Analysis - ACX/USDT
Time: 2025-05-17 19:35:00+09:00
Type: dead
Cross Character (Current): Weak
Cross Character (New): Weak
Price at Cross: 0.2234

1. Pre-Cross Pattern (15min):
EMA Distance Changes (%): ['0.011', '0.024', '0.012', '0.009']
EMA12 Changes (%): ['0.094', '0.065', '-0.020', '-0.038']
Price Changes (%): ['0.312', '-0.089', '-0.489', '-0.134']
Candle Analysis:
    Body Sizes (%): ['0.357', '0.089', '0.445', '0.134']
    Upper Shadows (%): ['0.089', '0.000', '0.000', '0.000']
    Lower Shadows (%): ['0.000', '0.133', '0.000', '0.045']
Volumes: [np.float64(17383.8), np.float64(21227.3), np.float64(38963.2), np.float64(19855.8)]
2025-05-17 19:40:35,936 - INFO - 
2. Post-Cross Movement (30min):
5min Price Changes (%): ['0.000']
Maximum Change: 0.000% after 0 minutes
Candle Analysis:
    Body Sizes (%): ['0.000']
    Upper Shadows (%): ['0.000']
    Lower Shadows (%): ['0.000']
Volumes: [np.float64(3918.4)]
==================================================
2025-05-17 19:40:36,160 - INFO - 
==================================================
EMA Cross Analysis - LINK/USDT
Time: 2025-05-17 19:35:00+09:00
Type: dead
Cross Character (Current): Weak
Cross Character (New): Weak
Price at Cross: 15.325

1. Pre-Cross Pattern (15min):
EMA Distance Changes (%): ['0.023', '0.007', '0.011', '0.010']
EMA12 Changes (%): ['0.068', '0.055', '0.009', '-0.039']
Price Changes (%): ['0.404', '-0.013', '-0.247', '-0.299']
Candle Analysis:
    Body Sizes (%): ['0.404', '0.006', '0.240', '0.299']
    Upper Shadows (%): ['0.007', '0.136', '0.039', '0.033']
    Lower Shadows (%): ['0.020', '0.097', '0.019', '0.013']
Volumes: [np.float64(56803.52), np.float64(51721.07), np.float64(36406.35), np.float64(48202.6)]
2025-05-17 19:40:36,160 - INFO - 
2. Post-Cross Movement (30min):
5min Price Changes (%): ['0.020']
Maximum Change: 0.020% after 5 minutes
Candle Analysis:
    Body Sizes (%): ['0.020']
    Upper Shadows (%): ['0.013']
    Lower Shadows (%): ['0.020']
Volumes: [np.float64(2688.95)]
==================================================
2025-05-17 19:40:37,519 - INFO - 
==================================================
EMA Cross Analysis - DOGE/USDT
Time: 2025-05-17 19:40:00+09:00
Type: dead
Cross Character (Current): Weak
Cross Character (New): Weak
Price at Cross: 0.21567

1. Pre-Cross Pattern (15min):
EMA Distance Changes (%): ['0.027', '0.029', '0.003', '0.016']
EMA12 Changes (%): ['0.050', '0.008', '-0.047', '-0.037']
Price Changes (%): ['0.042', '-0.221', '-0.347', '0.019']
Candle Analysis:
    Body Sizes (%): ['0.042', '0.217', '0.351', '0.019']
    Upper Shadows (%): ['0.134', '0.060', '0.042', '0.014']
    Lower Shadows (%): ['0.115', '0.018', '0.032', '0.023']
Volumes: [np.float64(9905294.0), np.float64(6794455.0), np.float64(13100381.0), np.float64(971137.0)]
2025-05-17 19:40:37,519 - INFO - 
2. Post-Cross Movement (30min):
5min Price Changes (%): []
Maximum Change: 0.000% after 0 minutes
Candle Analysis:
    Body Sizes (%): []
    Upper Shadows (%): []
    Lower Shadows (%): []
Volumes: []
==================================================
2025-05-17 19:40:40,690 - INFO - 
==================================================
EMA Cross Analysis - RENDER/USDT
Time: 2025-05-17 19:40:00+09:00
Type: dead
Cross Character (Current): Weak
Cross Character (New): Weak
Price at Cross: 4.548

1. Pre-Cross Pattern (15min):
EMA Distance Changes (%): ['0.052', '0.050', '0.017', '0.008']
EMA12 Changes (%): ['0.007', '0.003', '-0.055', '-0.047']
Price Changes (%): ['-0.327', '-0.022', '-0.372', '0.000']
Candle Analysis:
    Body Sizes (%): ['0.306', '0.044', '0.351', '0.022']
    Upper Shadows (%): ['0.000', '0.088', '0.088', '0.022']
    Lower Shadows (%): ['0.000', '0.088', '0.110', '0.044']
Volumes: [np.float64(15573.8), np.float64(18687.9), np.float64(40384.1), np.float64(3969.4)]
2025-05-17 19:40:40,690 - INFO - 
2. Post-Cross Movement (30min):
5min Price Changes (%): []
Maximum Change: 0.000% after 0 minutes
Candle Analysis:
    Body Sizes (%): []
    Upper Shadows (%): []
    Lower Shadows (%): []
Volumes: []
==================================================
2025-05-17 19:40:42,194 - INFO - 
==================================================
EMA Cross Analysis - MOVE/USDT
Time: 2025-05-17 19:35:00+09:00
Type: dead
Cross Character (Current): Weak
Cross Character (New): Weak
Price at Cross: 0.1824

1. Pre-Cross Pattern (15min):
EMA Distance Changes (%): ['0.013', '0.001', '0.004', '0.003']
EMA12 Changes (%): ['0.080', '0.026', '0.005', '-0.013']
Price Changes (%): ['0.274', '-0.273', '-0.109', '-0.110']
Candle Analysis:
    Body Sizes (%): ['0.219', '0.273', '0.164', '0.110']
    Upper Shadows (%): ['0.055', '0.055', '0.055', '0.055']
    Lower Shadows (%): ['0.055', '0.000', '0.164', '0.110']
Volumes: [np.float64(287387.0), np.float64(137802.0), np.float64(510326.0), np.float64(360629.0)]
2025-05-17 19:40:42,194 - INFO - 
2. Post-Cross Movement (30min):
5min Price Changes (%): ['0.110']
Maximum Change: 0.110% after 5 minutes
Candle Analysis:
    Body Sizes (%): ['0.110']
    Upper Shadows (%): ['0.000']
    Lower Shadows (%): ['0.055']
Volumes: [np.float64(22950.0)]
==================================================
2025-05-17 19:45:13,789 - INFO - 
==================================================
EMA Cross Analysis - POL/USDT
Time: 2025-05-17 19:45:00+09:00
Type: dead
Cross Character (Current): Weak
Cross Character (New): Weak
Price at Cross: 0.23114

1. Pre-Cross Pattern (15min):
EMA Distance Changes (%): ['0.068', '0.042', '0.011', '0.015']
EMA12 Changes (%): ['-0.004', '-0.041', '-0.053', '-0.048']
Price Changes (%): ['-0.301', '-0.241', '-0.121', '-0.022']
Candle Analysis:
    Body Sizes (%): ['0.288', '0.241', '0.117', '0.035']
    Upper Shadows (%): ['0.030', '0.056', '0.143', '0.000']
    Lower Shadows (%): ['0.021', '0.047', '0.112', '0.000']
Volumes: [np.float64(118157.0), np.float64(392167.0), np.float64(634144.0), np.float64(10744.0)]
2025-05-17 19:45:13,789 - INFO - 
2. Post-Cross Movement (30min):
5min Price Changes (%): []
Maximum Change: 0.000% after 0 minutes
Candle Analysis:
    Body Sizes (%): []
    Upper Shadows (%): []
    Lower Shadows (%): []
Volumes: []
==================================================
2025-05-17 19:45:14,912 - INFO - 
==================================================
EMA Cross Analysis - DOGE/USDT
Time: 2025-05-17 19:40:00+09:00
Type: dead
Cross Character (Current): Weak
Cross Character (New): Weak
Price at Cross: 0.21524

1. Pre-Cross Pattern (15min):
EMA Distance Changes (%): ['0.027', '0.029', '0.003', '0.032']
EMA12 Changes (%): ['0.050', '0.008', '-0.047', '-0.067']
Price Changes (%): ['0.042', '-0.221', '-0.347', '-0.181']
Candle Analysis:
    Body Sizes (%): ['0.042', '0.217', '0.351', '0.181']
    Upper Shadows (%): ['0.134', '0.060', '0.042', '0.065']
    Lower Shadows (%): ['0.115', '0.018', '0.032', '0.028']
Volumes: [np.float64(9905294.0), np.float64(6794455.0), np.float64(13100381.0), np.float64(14890893.0)]
2025-05-17 19:45:14,912 - INFO - 
2. Post-Cross Movement (30min):
5min Price Changes (%): ['0.014']
Maximum Change: 0.014% after 5 minutes
Candle Analysis:
    Body Sizes (%): ['0.014']
    Upper Shadows (%): ['0.033']
    Lower Shadows (%): ['0.033']
Volumes: [np.float64(403246.0)]
==================================================
2025-05-17 19:45:18,039 - INFO - 
==================================================
EMA Cross Analysis - RENDER/USDT
Time: 2025-05-17 19:40:00+09:00
Type: dead
Cross Character (Current): Weak
Cross Character (New): Weak
Price at Cross: 4.546

1. Pre-Cross Pattern (15min):
EMA Distance Changes (%): ['0.052', '0.050', '0.017', '0.012']
EMA12 Changes (%): ['0.007', '0.003', '-0.055', '-0.053']
Price Changes (%): ['-0.327', '-0.022', '-0.372', '-0.044']
Candle Analysis:
    Body Sizes (%): ['0.306', '0.044', '0.351', '0.022']
    Upper Shadows (%): ['0.000', '0.088', '0.088', '0.132']
    Lower Shadows (%): ['0.000', '0.088', '0.110', '0.066']
Volumes: [np.float64(15573.8), np.float64(18687.9), np.float64(40384.1), np.float64(21546.7)]
2025-05-17 19:45:18,039 - INFO - 
2. Post-Cross Movement (30min):
5min Price Changes (%): ['0.000']
Maximum Change: 0.000% after 0 minutes
Candle Analysis:
    Body Sizes (%): ['0.000']
    Upper Shadows (%): ['0.022']
    Lower Shadows (%): ['0.022']
Volumes: [np.float64(160.4)]
==================================================
2025-05-17 19:55:37,502 - INFO - 
==================================================
EMA Cross Analysis - POL/USDT
Time: 2025-05-17 19:50:00+09:00
Type: dead
Cross Character (Current): Weak
Cross Character (New): Weak
Price at Cross: 0.23133

1. Pre-Cross Pattern (15min):
EMA Distance Changes (%): ['0.042', '0.011', '0.008', '0.011']
EMA12 Changes (%): ['-0.041', '-0.053', '-0.005', '-0.035']
Price Changes (%): ['-0.241', '-0.121', '0.260', '-0.198']
Candle Analysis:
    Body Sizes (%): ['0.241', '0.117', '0.247', '0.220']
    Upper Shadows (%): ['0.056', '0.143', '0.030', '0.095']
    Lower Shadows (%): ['0.047', '0.112', '0.052', '0.000']
Volumes: [np.float64(392167.0), np.float64(634144.0), np.float64(205446.0), np.float64(462677.0)]
2025-05-17 19:55:37,502 - INFO - 
2. Post-Cross Movement (30min):
5min Price Changes (%): ['0.030']
Maximum Change: 0.030% after 5 minutes
Candle Analysis:
    Body Sizes (%): ['0.017']
    Upper Shadows (%): ['0.000']
    Lower Shadows (%): ['0.004']
Volumes: [np.float64(18438.0)]
==================================================
2025-05-17 19:55:43,253 - INFO - 
==================================================
EMA Cross Analysis - MOVE/USDT
Time: 2025-05-17 19:50:00+09:00
Type: dead
Cross Character (Current): Weak
Cross Character (New): Weak
Price at Cross: 0.1824

1. Pre-Cross Pattern (15min):
EMA Distance Changes (%): ['0.003', '0.008', '0.001', '0.005']
EMA12 Changes (%): ['-0.013', '-0.011', '0.016', '-0.012']
Price Changes (%): ['-0.110', '0.000', '0.164', '-0.164']
Candle Analysis:
    Body Sizes (%): ['0.110', '0.000', '0.110', '0.164']
    Upper Shadows (%): ['0.055', '0.219', '0.164', '0.219']
    Lower Shadows (%): ['0.110', '0.055', '0.000', '0.000']
Volumes: [np.float64(360629.0), np.float64(223774.0), np.float64(224884.0), np.float64(171693.0)]
2025-05-17 19:55:43,253 - INFO - 
2. Post-Cross Movement (30min):
5min Price Changes (%): ['-0.055']
Maximum Change: -0.055% after 5 minutes
Candle Analysis:
    Body Sizes (%): ['0.055']
    Upper Shadows (%): ['0.000']
    Lower Shadows (%): ['0.000']
Volumes: [np.float64(6320.0)]
==================================================
2025-05-17 19:55:44,139 - INFO - 
==================================================
EMA Cross Analysis - ZEN/USDT
Time: 2025-05-17 19:55:00+09:00
Type: dead
Cross Character (Current): Weak
Cross Character (New): Weak
Price at Cross: 9.101

1. Pre-Cross Pattern (15min):
EMA Distance Changes (%): ['0.033', '0.026', '0.012', '0.001']
EMA12 Changes (%): ['-0.056', '-0.009', '-0.023', '-0.023']
Price Changes (%): ['-0.209', '0.253', '-0.099', '-0.022']
Candle Analysis:
    Body Sizes (%): ['0.220', '0.187', '0.110', '0.011']
    Upper Shadows (%): ['0.099', '0.044', '0.154', '0.000']
    Lower Shadows (%): ['0.000', '0.000', '0.000', '0.033']
Volumes: [np.float64(657.2), np.float64(599.0), np.float64(1072.2), np.float64(15.2)]
2025-05-17 19:55:44,139 - INFO - 
2. Post-Cross Movement (30min):
5min Price Changes (%): []
Maximum Change: 0.000% after 0 minutes
Candle Analysis:
    Body Sizes (%): []
    Upper Shadows (%): []
    Lower Shadows (%): []
Volumes: []
==================================================
2025-05-17 20:06:01,299 - INFO - 
==================================================
EMA Cross Analysis - PHA/USDT
Time: 2025-05-17 20:05:00+09:00
Type: dead
Cross Character (Current): Weak
Cross Character (New): Weak
Price at Cross: 0.125

1. Pre-Cross Pattern (15min):
EMA Distance Changes (%): ['0.082', '0.064', '0.033', '0.002']
EMA12 Changes (%): ['-0.012', '-0.024', '-0.051', '-0.063']
Price Changes (%): ['0.024', '-0.088', '-0.199', '-0.128']
Candle Analysis:
    Body Sizes (%): ['0.016', '0.080', '0.223', '0.096']
    Upper Shadows (%): ['0.303', '0.008', '0.239', '0.048']
    Lower Shadows (%): ['0.303', '0.127', '0.072', '0.056']
Volumes: [np.float64(310547.0), np.float64(45150.0), np.float64(218652.0), np.float64(24872.0)]
2025-05-17 20:06:01,300 - INFO - 
2. Post-Cross Movement (30min):
5min Price Changes (%): []
Maximum Change: 0.000% after 0 minutes
Candle Analysis:
    Body Sizes (%): []
    Upper Shadows (%): []
    Lower Shadows (%): []
Volumes: []
==================================================
2025-05-17 20:06:07,335 - INFO - 
==================================================
EMA Cross Analysis - ZEN/USDT
Time: 2025-05-17 20:00:00+09:00
Type: dead
Cross Character (Current): Weak
Cross Character (New): Weak
Price at Cross: 9.092

1. Pre-Cross Pattern (15min):
EMA Distance Changes (%): ['0.026', '0.012', '0.009', '0.011']
EMA12 Changes (%): ['-0.009', '-0.023', '-0.004', '-0.037']
Price Changes (%): ['0.253', '-0.099', '0.099', '-0.219']
Candle Analysis:
    Body Sizes (%): ['0.187', '0.110', '0.110', '0.230']
    Upper Shadows (%): ['0.044', '0.154', '0.044', '0.077']
    Lower Shadows (%): ['0.000', '0.000', '0.110', '0.022']
Volumes: [np.float64(599.0), np.float64(1072.2), np.float64(540.1), np.float64(1292.9)]
2025-05-17 20:06:07,336 - INFO - 
2. Post-Cross Movement (30min):
5min Price Changes (%): ['-0.121']
Maximum Change: -0.121% after 5 minutes
Candle Analysis:
    Body Sizes (%): ['0.110']
    Upper Shadows (%): ['0.000']
    Lower Shadows (%): ['0.044']
Volumes: [np.float64(466.2)]
==================================================
2025-05-17 20:10:38,119 - INFO - 
==================================================
EMA Cross Analysis - POL/USDT
Time: 2025-05-17 20:05:00+09:00
Type: dead
Cross Character (Current): Weak
Cross Character (New): Weak
Price at Cross: 0.23146

1. Pre-Cross Pattern (15min):
EMA Distance Changes (%): ['0.011', '0.010', '0.001', '0.012']
EMA12 Changes (%): ['-0.035', '-0.000', '0.020', '-0.024']
Price Changes (%): ['-0.198', '0.190', '0.134', '-0.267']
Candle Analysis:
    Body Sizes (%): ['0.220', '0.177', '0.134', '0.259']
    Upper Shadows (%): ['0.095', '0.004', '0.194', '0.069']
    Lower Shadows (%): ['0.000', '0.073', '0.017', '0.004']
Volumes: [np.float64(462677.0), np.float64(78289.0), np.float64(186568.0), np.float64(525940.0)]
2025-05-17 20:10:38,119 - INFO - 
2. Post-Cross Movement (30min):
5min Price Changes (%): ['0.043']
Maximum Change: 0.043% after 5 minutes
Candle Analysis:
    Body Sizes (%): ['0.043']
    Upper Shadows (%): ['0.004']
    Lower Shadows (%): ['0.000']
Volumes: [np.float64(9533.0)]
==================================================
2025-05-17 20:10:42,122 - INFO - 
==================================================
EMA Cross Analysis - WLD/USDT
Time: 2025-05-17 20:05:00+09:00
Type: dead
Cross Character (Current): Weak
Cross Character (New): Weak
Price at Cross: 1.0736

1. Pre-Cross Pattern (15min):
EMA Distance Changes (%): ['0.043', '0.039', '0.023', '0.003']
EMA12 Changes (%): ['-0.019', '-0.002', '-0.026', '-0.046']
Price Changes (%): ['-0.176', '0.093', '-0.158', '-0.158']
Candle Analysis:
    Body Sizes (%): ['0.176', '0.093', '0.158', '0.149']
    Upper Shadows (%): ['0.148', '0.065', '0.139', '0.028']
    Lower Shadows (%): ['0.009', '0.028', '0.009', '0.009']
Volumes: [np.float64(128279.0), np.float64(116566.0), np.float64(163288.0), np.float64(151378.0)]
2025-05-17 20:10:42,122 - INFO - 
2. Post-Cross Movement (30min):
5min Price Changes (%): ['0.037']
Maximum Change: 0.037% after 5 minutes
Candle Analysis:
    Body Sizes (%): ['0.037']
    Upper Shadows (%): ['0.000']
    Lower Shadows (%): ['0.019']
Volumes: [np.float64(12716.0)]
==================================================
2025-05-17 20:15:12,504 - INFO - 
==================================================
EMA Cross Analysis - TIA/USDT
Time: 2025-05-17 20:15:00+09:00
Type: dead
Cross Character (Current): Weak
Cross Character (New): Weak
Price at Cross: 2.628

1. Pre-Cross Pattern (15min):
EMA Distance Changes (%): ['0.069', '0.047', '0.020', '0.008']
EMA12 Changes (%): ['0.007', '-0.033', '-0.045', '-0.051']
Price Changes (%): ['-0.030', '-0.258', '-0.106', '-0.084']
Candle Analysis:
    Body Sizes (%): ['0.045', '0.258', '0.110', '0.084']
    Upper Shadows (%): ['0.363', '0.057', '0.091', '0.000']
    Lower Shadows (%): ['0.000', '0.049', '0.049', '0.008']
Volumes: [np.float64(113376.0), np.float64(120253.0), np.float64(56386.0), np.float64(2335.0)]
2025-05-17 20:15:12,504 - INFO - 
2. Post-Cross Movement (30min):
5min Price Changes (%): []
Maximum Change: 0.000% after 0 minutes
Candle Analysis:
    Body Sizes (%): []
    Upper Shadows (%): []
    Lower Shadows (%): []
Volumes: []
==================================================
2025-05-17 20:15:14,967 - INFO - 
==================================================
EMA Cross Analysis - 1000PEPE/USDT
Time: 2025-05-17 20:15:00+09:00
Type: dead
Cross Character (Current): Weak
Cross Character (New): Weak
Price at Cross: 0.0123737

1. Pre-Cross Pattern (15min):
EMA Distance Changes (%): ['0.084', '0.059', '0.020', '0.019']
EMA12 Changes (%): ['-0.019', '-0.036', '-0.068', '-0.072']
Price Changes (%): ['-0.249', '-0.129', '-0.244', '-0.095']
Candle Analysis:
    Body Sizes (%): ['0.249', '0.129', '0.244', '0.094']
    Upper Shadows (%): ['0.190', '0.072', '0.126', '0.000']
    Lower Shadows (%): ['0.000', '0.014', '0.032', '0.027']
Volumes: [np.float64(88417451.0), np.float64(87746430.0), np.float64(195739964.0), np.float64(9687745.0)]
2025-05-17 20:15:14,967 - INFO - 
2. Post-Cross Movement (30min):
5min Price Changes (%): []
Maximum Change: 0.000% after 0 minutes
Candle Analysis:
    Body Sizes (%): []
    Upper Shadows (%): []
    Lower Shadows (%): []
Volumes: []
==================================================
2025-05-17 20:15:16,313 - INFO - 
==================================================
EMA Cross Analysis - PHA/USDT
Time: 2025-05-17 20:10:00+09:00
Type: dead
Cross Character (Current): Weak
Cross Character (New): Weak
Price at Cross: 0.12502

1. Pre-Cross Pattern (15min):
EMA Distance Changes (%): ['0.064', '0.033', '0.013', '0.017']
EMA12 Changes (%): ['-0.024', '-0.051', '-0.034', '-0.055']
Price Changes (%): ['-0.088', '-0.199', '0.056', '-0.168']
Candle Analysis:
    Body Sizes (%): ['0.080', '0.223', '0.088', '0.192']
    Upper Shadows (%): ['0.008', '0.239', '0.072', '0.120']
    Lower Shadows (%): ['0.127', '0.072', '0.152', '0.048']
Volumes: [np.float64(45150.0), np.float64(218652.0), np.float64(59319.0), np.float64(26587.0)]
2025-05-17 20:15:16,313 - INFO - 
2. Post-Cross Movement (30min):
5min Price Changes (%): ['-0.080']
Maximum Change: -0.080% after 5 minutes
Candle Analysis:
    Body Sizes (%): ['0.040']
    Upper Shadows (%): ['0.008']
    Lower Shadows (%): ['0.000']
Volumes: [np.float64(1436.0)]
==================================================
2025-05-17 20:15:18,815 - INFO - 
==================================================
EMA Cross Analysis - ARPA/USDT
Time: 2025-05-17 20:15:00+09:00
Type: dead
Cross Character (Current): Weak
Cross Character (New): Weak
Price at Cross: 0.02471

1. Pre-Cross Pattern (15min):
EMA Distance Changes (%): ['0.082', '0.049', '0.013', '0.026']
EMA12 Changes (%): ['-0.011', '-0.052', '-0.063', '-0.072']
Price Changes (%): ['-0.040', '-0.282', '-0.121', '-0.121']
Candle Analysis:
    Body Sizes (%): ['0.080', '0.201', '0.081', '0.081']
    Upper Shadows (%): ['0.161', '0.000', '0.081', '0.000']
    Lower Shadows (%): ['0.000', '0.000', '0.000', '0.000']
Volumes: [np.float64(240687.0), np.float64(688166.0), np.float64(104654.0), np.float64(9101.0)]
2025-05-17 20:15:18,815 - INFO - 
2. Post-Cross Movement (30min):
5min Price Changes (%): []
Maximum Change: 0.000% after 0 minutes
Candle Analysis:
    Body Sizes (%): []
    Upper Shadows (%): []
    Lower Shadows (%): []
Volumes: []
==================================================
2025-05-17 20:15:20,623 - INFO - 
==================================================
EMA Cross Analysis - ATA/USDT
Time: 2025-05-17 20:15:00+09:00
Type: dead
Cross Character (Current): Weak
Cross Character (New): Weak
Price at Cross: 0.0576

1. Pre-Cross Pattern (15min):
EMA Distance Changes (%): ['0.077', '0.034', '0.001', '0.012']
EMA12 Changes (%): ['-0.021', '-0.071', '-0.060', '-0.024']
Price Changes (%): ['-0.173', '-0.347', '0.000', '0.174']
Candle Analysis:
    Body Sizes (%): ['0.345', '0.347', '0.174', '0.000']
    Upper Shadows (%): ['0.000', '0.000', '0.347', '0.000']
    Lower Shadows (%): ['0.000', '0.000', '0.000', '0.000']
Volumes: [np.float64(146928.0), np.float64(123883.0), np.float64(118207.0), np.float64(130.0)]
2025-05-17 20:15:20,623 - INFO - 
2. Post-Cross Movement (30min):
5min Price Changes (%): []
Maximum Change: 0.000% after 0 minutes
Candle Analysis:
    Body Sizes (%): []
    Upper Shadows (%): []
    Lower Shadows (%): []
Volumes: []
==================================================
2025-05-17 20:15:21,238 - INFO - 
==================================================
EMA Cross Analysis - AVAX/USDT
Time: 2025-05-17 20:15:00+09:00
Type: dead
Cross Character (Current): Weak
Cross Character (New): Weak
Price at Cross: 22.737

1. Pre-Cross Pattern (15min):
EMA Distance Changes (%): ['0.034', '0.020', '0.002', '0.011']
EMA12 Changes (%): ['0.006', '-0.023', '-0.031', '-0.025']
Price Changes (%): ['-0.009', '-0.180', '-0.075', '0.004']
Candle Analysis:
    Body Sizes (%): ['0.009', '0.171', '0.075', '0.004']
    Upper Shadows (%): ['0.307', '0.035', '0.070', '0.000']
    Lower Shadows (%): ['0.035', '0.013', '0.057', '0.066']
Volumes: [np.float64(20244.0), np.float64(17871.0), np.float64(18382.0), np.float64(1361.0)]
2025-05-17 20:15:21,238 - INFO - 
2. Post-Cross Movement (30min):
5min Price Changes (%): []
Maximum Change: 0.000% after 0 minutes
Candle Analysis:
    Body Sizes (%): []
    Upper Shadows (%): []
    Lower Shadows (%): []
Volumes: []
==================================================
2025-05-17 20:15:21,461 - INFO - 
==================================================
EMA Cross Analysis - MOVE/USDT
Time: 2025-05-17 20:10:00+09:00
Type: dead
Cross Character (Current): Weak
Cross Character (New): Weak
Price at Cross: 0.1822

1. Pre-Cross Pattern (15min):
EMA Distance Changes (%): ['0.001', '0.011', '0.011', '0.006']
EMA12 Changes (%): ['0.007', '0.023', '0.002', '-0.032']
Price Changes (%): ['0.110', '0.110', '-0.109', '-0.219']
Candle Analysis:
    Body Sizes (%): ['0.110', '0.110', '0.109', '0.164']
    Upper Shadows (%): ['0.000', '0.164', '0.055', '0.219']
    Lower Shadows (%): ['0.164', '0.110', '0.000', '0.000']
Volumes: [np.float64(184810.0), np.float64(355688.0), np.float64(201748.0), np.float64(522987.0)]
2025-05-17 20:15:21,462 - INFO - 
2. Post-Cross Movement (30min):
5min Price Changes (%): ['-0.055']
Maximum Change: -0.055% after 5 minutes
Candle Analysis:
    Body Sizes (%): ['0.055']
    Upper Shadows (%): ['0.000']
    Lower Shadows (%): ['0.055']
Volumes: [np.float64(45403.0)]
==================================================
2025-05-17 20:20:58,750 - INFO - 
==================================================
EMA Cross Analysis - TIA/USDT
Time: 2025-05-17 20:15:00+09:00
Type: dead
Cross Character (Current): Weak
Cross Character (New): Weak
Price at Cross: 2.6185

1. Pre-Cross Pattern (15min):
EMA Distance Changes (%): ['0.069', '0.047', '0.020', '0.037']
EMA12 Changes (%): ['0.007', '-0.033', '-0.045', '-0.106']
Price Changes (%): ['-0.030', '-0.258', '-0.106', '-0.445']
Candle Analysis:
    Body Sizes (%): ['0.045', '0.258', '0.110', '0.445']
    Upper Shadows (%): ['0.363', '0.057', '0.091', '0.122']
    Lower Shadows (%): ['0.000', '0.049', '0.049', '0.042']
Volumes: [np.float64(113376.0), np.float64(120253.0), np.float64(56386.0), np.float64(141668.0)]
2025-05-17 20:20:58,750 - INFO - 
2. Post-Cross Movement (30min):
5min Price Changes (%): ['0.137']
Maximum Change: 0.137% after 5 minutes
Candle Analysis:
    Body Sizes (%): ['0.141']
    Upper Shadows (%): ['0.031']
    Lower Shadows (%): ['0.011']
Volumes: [np.float64(22659.0)]
==================================================
2025-05-17 20:21:00,767 - INFO - 
==================================================
EMA Cross Analysis - BAKE/USDT
Time: 2025-05-17 20:20:00+09:00
Type: dead
Cross Character (Current): Weak
Cross Character (New): Weak
Price at Cross: 0.1294

1. Pre-Cross Pattern (15min):
EMA Distance Changes (%): ['0.151', '0.110', '0.027', '0.027']
EMA12 Changes (%): ['-0.028', '-0.059', '-0.144', '-0.099']
Price Changes (%): ['-0.153', '-0.230', '-0.615', '0.155']
Candle Analysis:
    Body Sizes (%): ['0.077', '0.154', '0.539', '0.155']
    Upper Shadows (%): ['0.077', '0.154', '0.154', '0.000']
    Lower Shadows (%): ['0.077', '0.077', '0.000', '0.077']
Volumes: [np.float64(187847.0), np.float64(124153.0), np.float64(290542.0), np.float64(23887.0)]
2025-05-17 20:21:00,767 - INFO - 
2. Post-Cross Movement (30min):
5min Price Changes (%): []
Maximum Change: 0.000% after 0 minutes
Candle Analysis:
    Body Sizes (%): []
    Upper Shadows (%): []
    Lower Shadows (%): []
Volumes: []
==================================================
2025-05-17 20:21:01,210 - INFO - 
==================================================
EMA Cross Analysis - 1000PEPE/USDT
Time: 2025-05-17 20:15:00+09:00
Type: dead
Cross Character (Current): Weak
Cross Character (New): Weak
Price at Cross: 0.0123171

1. Pre-Cross Pattern (15min):
EMA Distance Changes (%): ['0.084', '0.059', '0.020', '0.056']
EMA12 Changes (%): ['-0.019', '-0.036', '-0.068', '-0.142']
Price Changes (%): ['-0.249', '-0.129', '-0.244', '-0.552']
Candle Analysis:
    Body Sizes (%): ['0.249', '0.129', '0.244', '0.551']
    Upper Shadows (%): ['0.190', '0.072', '0.126', '0.129']
    Lower Shadows (%): ['0.000', '0.014', '0.032', '0.029']
Volumes: [np.float64(88417451.0), np.float64(87746430.0), np.float64(195739964.0), np.float64(309975524.0)]
2025-05-17 20:21:01,210 - INFO - 
2. Post-Cross Movement (30min):
5min Price Changes (%): ['0.166']
Maximum Change: 0.166% after 5 minutes
Candle Analysis:
    Body Sizes (%): ['0.161']
    Upper Shadows (%): ['0.019']
    Lower Shadows (%): ['0.012']
Volumes: [np.float64(58004992.0)]
==================================================
2025-05-17 20:21:03,471 - INFO - 
==================================================
EMA Cross Analysis - GALA/USDT
Time: 2025-05-17 20:15:00+09:00
Type: dead
Cross Character (Current): Weak
Cross Character (New): Weak
Price at Cross: 0.01857

1. Pre-Cross Pattern (15min):
EMA Distance Changes (%): ['0.131', '0.092', '0.059', '0.009']
EMA12 Changes (%): ['-0.010', '-0.058', '-0.049', '-0.124']
Price Changes (%): ['-0.160', '-0.320', '0.000', '-0.536']
Candle Analysis:
    Body Sizes (%): ['0.160', '0.320', '0.054', '0.482']
    Upper Shadows (%): ['0.213', '0.000', '0.161', '0.161']
    Lower Shadows (%): ['0.000', '0.160', '0.000', '0.375']
Volumes: [np.float64(4181017.0), np.float64(21347947.0), np.float64(3637594.0), np.float64(24018138.0)]
2025-05-17 20:21:03,471 - INFO - 
2. Post-Cross Movement (30min):
5min Price Changes (%): ['0.269']
Maximum Change: 0.269% after 5 minutes
Candle Analysis:
    Body Sizes (%): ['0.215']
    Upper Shadows (%): ['0.000']
    Lower Shadows (%): ['0.000']
Volumes: [np.float64(2413104.0)]
==================================================
2025-05-17 20:21:04,358 - INFO - 
==================================================
EMA Cross Analysis - ZRO/USDT
Time: 2025-05-17 20:15:00+09:00
Type: dead
Cross Character (Current): Weak
Cross Character (New): Weak
Price at Cross: 2.5791

1. Pre-Cross Pattern (15min):
EMA Distance Changes (%): ['0.108', '0.087', '0.054', '0.002']
EMA12 Changes (%): ['0.008', '-0.026', '-0.051', '-0.101']
Price Changes (%): ['-0.027', '-0.212', '-0.189', '-0.379']
Candle Analysis:
    Body Sizes (%): ['0.035', '0.215', '0.193', '0.382']
    Upper Shadows (%): ['0.254', '0.065', '0.039', '0.112']
    Lower Shadows (%): ['0.008', '0.058', '0.050', '0.058']
Volumes: [np.float64(28256.6), np.float64(18681.4), np.float64(21699.9), np.float64(52540.5)]
2025-05-17 20:21:04,358 - INFO - 
2. Post-Cross Movement (30min):
5min Price Changes (%): ['0.182']
Maximum Change: 0.182% after 5 minutes
Candle Analysis:
    Body Sizes (%): ['0.186']
    Upper Shadows (%): ['0.035']
    Lower Shadows (%): ['0.000']
Volumes: [np.float64(5410.6)]
==================================================
2025-05-17 20:21:04,818 - INFO - 
==================================================
EMA Cross Analysis - THETA/USDT
Time: 2025-05-17 20:20:00+09:00
Type: dead
Cross Character (Current): Weak
Cross Character (New): Weak
Price at Cross: 0.8493

1. Pre-Cross Pattern (15min):
EMA Distance Changes (%): ['0.081', '0.053', '0.007', '0.029']
EMA12 Changes (%): ['-0.024', '-0.042', '-0.082', '-0.068']
Price Changes (%): ['-0.199', '-0.141', '-0.305', '0.012']
Candle Analysis:
    Body Sizes (%): ['0.187', '0.129', '0.305', '0.047']
    Upper Shadows (%): ['0.035', '0.070', '0.164', '0.082']
    Lower Shadows (%): ['0.023', '0.035', '0.070', '0.000']
Volumes: [np.float64(166267.8), np.float64(56390.3), np.float64(34373.0), np.float64(7341.6)]
2025-05-17 20:21:04,818 - INFO - 
2. Post-Cross Movement (30min):
5min Price Changes (%): []
Maximum Change: 0.000% after 0 minutes
Candle Analysis:
    Body Sizes (%): []
    Upper Shadows (%): []
    Lower Shadows (%): []
Volumes: []
==================================================
2025-05-17 20:21:05,039 - INFO - 
==================================================
EMA Cross Analysis - ARPA/USDT
Time: 2025-05-17 20:15:00+09:00
Type: dead
Cross Character (Current): Weak
Cross Character (New): Weak
Price at Cross: 0.02463

1. Pre-Cross Pattern (15min):
EMA Distance Changes (%): ['0.082', '0.049', '0.013', '0.052']
EMA12 Changes (%): ['-0.011', '-0.052', '-0.063', '-0.121']
Price Changes (%): ['-0.040', '-0.282', '-0.121', '-0.445']
Candle Analysis:
    Body Sizes (%): ['0.080', '0.201', '0.081', '0.404']
    Upper Shadows (%): ['0.161', '0.000', '0.081', '0.081']
    Lower Shadows (%): ['0.000', '0.000', '0.000', '0.040']
Volumes: [np.float64(240687.0), np.float64(688166.0), np.float64(104654.0), np.float64(294656.0)]
2025-05-17 20:21:05,039 - INFO - 
2. Post-Cross Movement (30min):
5min Price Changes (%): ['0.122']
Maximum Change: 0.122% after 5 minutes
Candle Analysis:
    Body Sizes (%): ['0.122']
    Upper Shadows (%): ['0.000']
    Lower Shadows (%): ['0.000']
Volumes: [np.float64(53683.0)]
==================================================
2025-05-17 20:21:06,372 - INFO - 
==================================================
EMA Cross Analysis - PENGU/USDT
Time: 2025-05-17 20:15:00+09:00
Type: dead
Cross Character (Current): Weak
Cross Character (New): Weak
Price at Cross: 0.012192

1. Pre-Cross Pattern (15min):
EMA Distance Changes (%): ['0.072', '0.047', '0.042', '0.007']
EMA12 Changes (%): ['-0.012', '-0.038', '-0.003', '-0.087']
Price Changes (%): ['-0.171', '-0.179', '0.188', '-0.547']
Candle Analysis:
    Body Sizes (%): ['0.163', '0.179', '0.180', '0.555']
    Upper Shadows (%): ['0.285', '0.057', '0.090', '0.114']
    Lower Shadows (%): ['0.008', '0.082', '0.033', '0.131']
Volumes: [np.float64(15623916.0), np.float64(15700036.0), np.float64(6967322.0), np.float64(29856046.0)]
2025-05-17 20:21:06,372 - INFO - 
2. Post-Cross Movement (30min):
5min Price Changes (%): ['0.033']
Maximum Change: 0.033% after 5 minutes
Candle Analysis:
    Body Sizes (%): ['0.041']
    Upper Shadows (%): ['0.230']
    Lower Shadows (%): ['0.000']
Volumes: [np.float64(4591145.0)]
==================================================
2025-05-17 20:21:06,822 - INFO - 
==================================================
EMA Cross Analysis - ATA/USDT
Time: 2025-05-17 20:15:00+09:00
Type: dead
Cross Character (Current): Weak
Cross Character (New): Weak
Price at Cross: 0.0573

1. Pre-Cross Pattern (15min):
EMA Distance Changes (%): ['0.077', '0.034', '0.001', '0.054']
EMA12 Changes (%): ['-0.021', '-0.071', '-0.060', '-0.104']
Price Changes (%): ['-0.173', '-0.347', '0.000', '-0.348']
Candle Analysis:
    Body Sizes (%): ['0.345', '0.347', '0.174', '0.521']
    Upper Shadows (%): ['0.000', '0.000', '0.347', '0.174']
    Lower Shadows (%): ['0.000', '0.000', '0.000', '0.000']
Volumes: [np.float64(146928.0), np.float64(123883.0), np.float64(118207.0), np.float64(95291.0)]
2025-05-17 20:21:06,822 - INFO - 
2. Post-Cross Movement (30min):
5min Price Changes (%): ['0.000']
Maximum Change: 0.000% after 0 minutes
Candle Analysis:
    Body Sizes (%): ['0.174']
    Upper Shadows (%): ['0.000']
    Lower Shadows (%): ['0.000']
Volumes: [np.float64(24543.0)]
==================================================
2025-05-17 20:21:07,438 - INFO - 
==================================================
EMA Cross Analysis - AVAX/USDT
Time: 2025-05-17 20:15:00+09:00
Type: dead
Cross Character (Current): Weak
Cross Character (New): Weak
Price at Cross: 22.682

1. Pre-Cross Pattern (15min):
EMA Distance Changes (%): ['0.034', '0.020', '0.002', '0.030']
EMA12 Changes (%): ['0.006', '-0.023', '-0.031', '-0.062']
Price Changes (%): ['-0.009', '-0.180', '-0.075', '-0.238']
Candle Analysis:
    Body Sizes (%): ['0.009', '0.171', '0.075', '0.238']
    Upper Shadows (%): ['0.307', '0.035', '0.070', '0.202']
    Lower Shadows (%): ['0.035', '0.013', '0.057', '0.053']
Volumes: [np.float64(20244.0), np.float64(17871.0), np.float64(18382.0), np.float64(17867.0)]
2025-05-17 20:21:07,439 - INFO - 
2. Post-Cross Movement (30min):
5min Price Changes (%): ['-0.018']
Maximum Change: -0.018% after 5 minutes
Candle Analysis:
    Body Sizes (%): ['0.022']
    Upper Shadows (%): ['0.128']
    Lower Shadows (%): ['0.004']
Volumes: [np.float64(30481.0)]
==================================================
2025-05-17 20:21:08,327 - INFO - 
==================================================
EMA Cross Analysis - COW/USDT
Time: 2025-05-17 20:20:00+09:00
Type: dead
Cross Character (Current): Weak
Cross Character (New): Weak
Price at Cross: 0.351

1. Pre-Cross Pattern (15min):
EMA Distance Changes (%): ['0.121', '0.074', '0.003', '0.044']
EMA12 Changes (%): ['-0.050', '-0.073', '-0.127', '-0.090']
Price Changes (%): ['-0.367', '-0.198', '-0.426', '0.114']
Candle Analysis:
    Body Sizes (%): ['0.339', '0.227', '0.426', '0.057']
    Upper Shadows (%): ['0.000', '0.085', '0.142', '0.114']
    Lower Shadows (%): ['0.028', '0.028', '0.000', '0.000']
Volumes: [np.float64(59100.0), np.float64(16643.0), np.float64(20355.0), np.float64(8167.0)]
2025-05-17 20:21:08,327 - INFO - 
2. Post-Cross Movement (30min):
5min Price Changes (%): []
Maximum Change: 0.000% after 0 minutes
Candle Analysis:
    Body Sizes (%): []
    Upper Shadows (%): []
    Lower Shadows (%): []
Volumes: []
==================================================
2025-05-17 20:25:38,269 - INFO - 
==================================================
EMA Cross Analysis - BAKE/USDT
Time: 2025-05-17 20:20:00+09:00
Type: dead
Cross Character (Current): Weak
Cross Character (New): Weak
Price at Cross: 0.1291

1. Pre-Cross Pattern (15min):
EMA Distance Changes (%): ['0.151', '0.110', '0.027', '0.045']
EMA12 Changes (%): ['-0.028', '-0.059', '-0.144', '-0.134']
Price Changes (%): ['-0.153', '-0.230', '-0.615', '-0.077']
Candle Analysis:
    Body Sizes (%): ['0.077', '0.154', '0.539', '0.077']
    Upper Shadows (%): ['0.077', '0.154', '0.154', '0.155']
    Lower Shadows (%): ['0.077', '0.077', '0.000', '0.310']
Volumes: [np.float64(187847.0), np.float64(124153.0), np.float64(290542.0), np.float64(362157.0)]
2025-05-17 20:25:38,269 - INFO - 
2. Post-Cross Movement (30min):
5min Price Changes (%): ['0.000']
Maximum Change: 0.000% after 0 minutes
Candle Analysis:
    Body Sizes (%): ['0.078']
    Upper Shadows (%): ['0.000']
    Lower Shadows (%): ['0.000']
Volumes: [np.float64(13325.0)]
==================================================
2025-05-17 20:25:42,280 - INFO - 
==================================================
EMA Cross Analysis - THETA/USDT
Time: 2025-05-17 20:20:00+09:00
Type: dead
Cross Character (Current): Weak
Cross Character (New): Weak
Price at Cross: 0.8486

1. Pre-Cross Pattern (15min):
EMA Distance Changes (%): ['0.081', '0.053', '0.007', '0.036']
EMA12 Changes (%): ['-0.024', '-0.042', '-0.082', '-0.081']
Price Changes (%): ['-0.199', '-0.141', '-0.305', '-0.071']
Candle Analysis:
    Body Sizes (%): ['0.187', '0.129', '0.305', '0.035']
    Upper Shadows (%): ['0.035', '0.070', '0.164', '0.224']
    Lower Shadows (%): ['0.023', '0.035', '0.070', '0.047']
Volumes: [np.float64(166267.8), np.float64(56390.3), np.float64(34373.0), np.float64(22659.8)]
2025-05-17 20:25:42,280 - INFO - 
2. Post-Cross Movement (30min):
5min Price Changes (%): ['0.024']
Maximum Change: 0.024% after 5 minutes
Candle Analysis:
    Body Sizes (%): ['0.012']
    Upper Shadows (%): ['0.024']
    Lower Shadows (%): ['0.047']
Volumes: [np.float64(10965.6)]
==================================================
2025-05-17 20:25:45,868 - INFO - 
==================================================
EMA Cross Analysis - COW/USDT
Time: 2025-05-17 20:20:00+09:00
Type: dead
Cross Character (Current): Weak
Cross Character (New): Weak
Price at Cross: 0.3509

1. Pre-Cross Pattern (15min):
EMA Distance Changes (%): ['0.121', '0.074', '0.003', '0.047']
EMA12 Changes (%): ['-0.050', '-0.073', '-0.127', '-0.094']
Price Changes (%): ['-0.367', '-0.198', '-0.426', '0.086']
Candle Analysis:
    Body Sizes (%): ['0.339', '0.227', '0.426', '0.029']
    Upper Shadows (%): ['0.000', '0.085', '0.142', '0.200']
    Lower Shadows (%): ['0.028', '0.028', '0.000', '0.029']
Volumes: [np.float64(59100.0), np.float64(16643.0), np.float64(20355.0), np.float64(15524.0)]
2025-05-17 20:25:45,868 - INFO - 
2. Post-Cross Movement (30min):
5min Price Changes (%): ['0.114']
Maximum Change: 0.114% after 5 minutes
Candle Analysis:
    Body Sizes (%): ['0.114']
    Upper Shadows (%): ['0.000']
    Lower Shadows (%): ['0.000']
Volumes: [np.float64(6005.0)]
==================================================
2025-05-17 20:30:18,575 - INFO - 
==================================================
EMA Cross Analysis - TNSR/USDT
Time: 2025-05-17 20:30:00+09:00
Type: dead
Cross Character (Current): Weak
Cross Character (New): Weak
Price at Cross: 0.1509

1. Pre-Cross Pattern (15min):
EMA Distance Changes (%): ['0.116', '0.073', '0.028', '0.013']
EMA12 Changes (%): ['-0.102', '-0.066', '-0.076', '-0.075']
Price Changes (%): ['-0.527', '0.132', '-0.132', '-0.066']
Candle Analysis:
    Body Sizes (%): ['0.461', '0.132', '0.066', '0.132']
    Upper Shadows (%): ['0.000', '0.132', '0.132', '0.000']
    Lower Shadows (%): ['0.000', '0.066', '0.331', '0.000']
Volumes: [np.float64(53597.3), np.float64(29050.8), np.float64(84529.9), np.float64(22661.2)]
2025-05-17 20:30:18,575 - INFO - 
2. Post-Cross Movement (30min):
5min Price Changes (%): []
Maximum Change: 0.000% after 0 minutes
Candle Analysis:
    Body Sizes (%): []
    Upper Shadows (%): []
    Lower Shadows (%): []
Volumes: []
==================================================
2025-05-17 20:30:24,123 - INFO - 
==================================================
EMA Cross Analysis - BRETT/USDT
Time: 2025-05-17 20:30:00+09:00
Type: dead
Cross Character (Current): Weak
Cross Character (New): Weak
Price at Cross: 0.06558

1. Pre-Cross Pattern (15min):
EMA Distance Changes (%): ['0.142', '0.103', '0.042', '0.001']
EMA12 Changes (%): ['-0.089', '-0.054', '-0.104', '-0.076']
Price Changes (%): ['-0.394', '0.137', '-0.380', '0.076']
Candle Analysis:
    Body Sizes (%): ['0.379', '0.122', '0.395', '0.061']
    Upper Shadows (%): ['0.121', '0.152', '0.061', '0.000']
    Lower Shadows (%): ['0.061', '0.015', '0.182', '0.046']
Volumes: [np.float64(229364.0), np.float64(167659.0), np.float64(684607.0), np.float64(9904.0)]
2025-05-17 20:30:24,123 - INFO - 
2. Post-Cross Movement (30min):
5min Price Changes (%): []
Maximum Change: 0.000% after 0 minutes
Candle Analysis:
    Body Sizes (%): []
    Upper Shadows (%): []
    Lower Shadows (%): []
Volumes: []
==================================================
2025-05-17 20:30:24,739 - INFO - 
==================================================
EMA Cross Analysis - MELANIA/USDT
Time: 2025-05-17 20:30:00+09:00
Type: dead
Cross Character (Current): Weak
Cross Character (New): Weak
Price at Cross: 0.3204

1. Pre-Cross Pattern (15min):
EMA Distance Changes (%): ['0.093', '0.052', '0.006', '0.025']
EMA12 Changes (%): ['-0.056', '-0.067', '-0.080', '-0.059']
Price Changes (%): ['-0.341', '-0.125', '-0.156', '0.062']
Candle Analysis:
    Body Sizes (%): ['0.341', '0.156', '0.156', '0.062']
    Upper Shadows (%): ['0.310', '0.218', '0.218', '0.000']
    Lower Shadows (%): ['0.031', '0.000', '0.281', '0.031']
Volumes: [np.float64(104168.1), np.float64(64843.79), np.float64(347548.43), np.float64(15557.74)]
2025-05-17 20:30:24,739 - INFO - 
2. Post-Cross Movement (30min):
5min Price Changes (%): []
Maximum Change: 0.000% after 0 minutes
Candle Analysis:
    Body Sizes (%): []
    Upper Shadows (%): []
    Lower Shadows (%): []
Volumes: []
==================================================
2025-05-17 20:36:07,325 - INFO - 
==================================================
EMA Cross Analysis - PENGU/USDT
Time: 2025-05-17 20:35:00+09:00
Type: golden
Cross Character (Current): Weak
Cross Character (New): Weak
Price at Cross: 0.012305

1. Pre-Cross Pattern (15min):
EMA Distance Changes (%): ['0.044', '0.071', '0.018', '0.022']
EMA12 Changes (%): ['-0.072', '-0.059', '0.091', '0.075']
Price Changes (%): ['0.008', '0.016', '0.918', '-0.016']
Candle Analysis:
    Body Sizes (%): ['0.016', '0.016', '0.910', '0.008']
    Upper Shadows (%): ['0.312', '0.156', '0.066', '0.114']
    Lower Shadows (%): ['0.033', '0.377', '0.254', '0.187']
Volumes: [np.float64(15930487.0), np.float64(16474345.0), np.float64(47665865.0), np.float64(3126147.0)]
2025-05-17 20:36:07,325 - INFO - 
2. Post-Cross Movement (30min):
5min Price Changes (%): []
Maximum Change: 0.000% after 0 minutes
Candle Analysis:
    Body Sizes (%): []
    Upper Shadows (%): []
    Lower Shadows (%): []
Volumes: []
==================================================
2025-05-17 20:40:39,219 - INFO - 
==================================================
EMA Cross Analysis - BAKE/USDT
Time: 2025-05-17 20:40:00+09:00
Type: golden
Cross Character (Current): Weak
Cross Character (New): Weak
Price at Cross: 0.131

1. Pre-Cross Pattern (15min):
EMA Distance Changes (%): ['0.114', '0.085', '0.019', '0.039']
EMA12 Changes (%): ['-0.137', '0.038', '0.115', '0.109']
Price Changes (%): ['-0.155', '1.009', '0.538', '0.076']
Candle Analysis:
    Body Sizes (%): ['0.078', '1.009', '0.538', '0.000']
    Upper Shadows (%): ['0.078', '0.000', '0.000', '0.000']
    Lower Shadows (%): ['0.233', '0.000', '0.077', '0.000']
Volumes: [np.float64(123173.0), np.float64(253295.0), np.float64(203232.0), np.float64(15288.0)]
2025-05-17 20:40:39,219 - INFO - 
2. Post-Cross Movement (30min):
5min Price Changes (%): []
Maximum Change: 0.000% after 0 minutes
Candle Analysis:
    Body Sizes (%): []
    Upper Shadows (%): []
    Lower Shadows (%): []
Volumes: []
==================================================
2025-05-17 20:40:43,373 - INFO - 
==================================================
EMA Cross Analysis - THETA/USDT
Time: 2025-05-17 20:40:00+09:00
Type: golden
Cross Character (Current): Weak
Cross Character (New): Weak
Price at Cross: 0.8549

1. Pre-Cross Pattern (15min):
EMA Distance Changes (%): ['0.077', '0.059', '0.021', '0.004']
EMA12 Changes (%): ['-0.084', '0.024', '0.064', '0.045']
Price Changes (%): ['-0.106', '0.625', '0.281', '-0.058']
Candle Analysis:
    Body Sizes (%): ['0.118', '0.625', '0.293', '0.070']
    Upper Shadows (%): ['0.082', '0.012', '0.000', '0.012']
    Lower Shadows (%): ['0.165', '0.000', '0.094', '0.000']
Volumes: [np.float64(42698.2), np.float64(53558.0), np.float64(56167.5), np.float64(1003.7)]
2025-05-17 20:40:43,373 - INFO - 
2. Post-Cross Movement (30min):
5min Price Changes (%): []
Maximum Change: 0.000% after 0 minutes
Candle Analysis:
    Body Sizes (%): []
    Upper Shadows (%): []
    Lower Shadows (%): []
Volumes: []
==================================================
2025-05-17 20:40:44,938 - INFO - 
==================================================
EMA Cross Analysis - PENGU/USDT
Time: 2025-05-17 20:35:00+09:00
Type: golden
Cross Character (Current): Weak
Cross Character (New): Weak
Price at Cross: 0.012335

1. Pre-Cross Pattern (15min):
EMA Distance Changes (%): ['0.044', '0.071', '0.018', '0.041']
EMA12 Changes (%): ['-0.072', '-0.059', '0.091', '0.112']
Price Changes (%): ['0.008', '0.016', '0.918', '0.228']
Candle Analysis:
    Body Sizes (%): ['0.016', '0.016', '0.910', '0.252']
    Upper Shadows (%): ['0.312', '0.156', '0.066', '0.033']
    Lower Shadows (%): ['0.033', '0.377', '0.254', '0.187']
Volumes: [np.float64(15930487.0), np.float64(16474345.0), np.float64(47665865.0), np.float64(17269443.0)]
2025-05-17 20:40:44,938 - INFO - 
2. Post-Cross Movement (30min):
5min Price Changes (%): ['-0.024']
Maximum Change: -0.024% after 5 minutes
Candle Analysis:
    Body Sizes (%): ['0.032']
    Upper Shadows (%): ['0.032']
    Lower Shadows (%): ['0.105']
Volumes: [np.float64(4892540.0)]
==================================================
2025-05-17 20:40:46,245 - INFO - 
==================================================
EMA Cross Analysis - MOVE/USDT
Time: 2025-05-17 20:40:00+09:00
Type: golden
Cross Character (Current): Weak
Cross Character (New): Weak
Price at Cross: 0.1832

1. Pre-Cross Pattern (15min):
EMA Distance Changes (%): ['0.127', '0.079', '0.025', '0.014']
EMA12 Changes (%): ['-0.065', '0.072', '0.094', '0.071']
Price Changes (%): ['0.055', '0.827', '0.219', '-0.055']
Candle Analysis:
    Body Sizes (%): ['0.000', '0.827', '0.219', '0.055']
    Upper Shadows (%): ['0.276', '0.055', '0.000', '0.055']
    Lower Shadows (%): ['0.276', '0.055', '0.219', '0.000']
Volumes: [np.float64(720871.0), np.float64(305984.0), np.float64(222394.0), np.float64(28743.0)]
2025-05-17 20:40:46,245 - INFO - 
2. Post-Cross Movement (30min):
5min Price Changes (%): []
Maximum Change: 0.000% after 0 minutes
Candle Analysis:
    Body Sizes (%): []
    Upper Shadows (%): []
    Lower Shadows (%): []
Volumes: []
==================================================
2025-05-17 20:45:16,835 - INFO - 
==================================================
EMA Cross Analysis - BAKE/USDT
Time: 2025-05-17 20:40:00+09:00
Type: golden
Cross Character (Current): Weak
Cross Character (New): Weak
Price at Cross: 0.1309

1. Pre-Cross Pattern (15min):
EMA Distance Changes (%): ['0.114', '0.085', '0.019', '0.032']
EMA12 Changes (%): ['-0.137', '0.038', '0.115', '0.097']
Price Changes (%): ['-0.155', '1.009', '0.538', '0.000']
Candle Analysis:
    Body Sizes (%): ['0.078', '1.009', '0.538', '0.076']
    Upper Shadows (%): ['0.078', '0.000', '0.000', '0.000']
    Lower Shadows (%): ['0.233', '0.000', '0.077', '0.153']
Volumes: [np.float64(123173.0), np.float64(253295.0), np.float64(203232.0), np.float64(140653.0)]
2025-05-17 20:45:16,835 - INFO - 
2. Post-Cross Movement (30min):
5min Price Changes (%): ['0.000']
Maximum Change: 0.000% after 0 minutes
Candle Analysis:
    Body Sizes (%): ['0.076']
    Upper Shadows (%): ['0.000']
    Lower Shadows (%): ['0.000']
Volumes: [np.float64(19968.0)]
==================================================
2025-05-17 20:45:18,684 - INFO - 
==================================================
EMA Cross Analysis - PHA/USDT
Time: 2025-05-17 20:40:00+09:00
Type: golden
Cross Character (Current): Weak
Cross Character (New): Weak
Price at Cross: 0.12622

1. Pre-Cross Pattern (15min):
EMA Distance Changes (%): ['0.170', '0.120', '0.052', '0.015']
EMA12 Changes (%): ['-0.084', '0.069', '0.115', '0.123']
Price Changes (%): ['0.113', '0.916', '0.366', '0.167']
Candle Analysis:
    Body Sizes (%): ['0.056', '0.884', '0.414', '0.206']
    Upper Shadows (%): ['0.169', '0.064', '0.000', '0.032']
    Lower Shadows (%): ['0.080', '0.000', '0.088', '0.000']
Volumes: [np.float64(45603.0), np.float64(127010.0), np.float64(54990.0), np.float64(102567.0)]
2025-05-17 20:45:18,685 - INFO - 
2. Post-Cross Movement (30min):
5min Price Changes (%): ['-0.016']
Maximum Change: -0.016% after 5 minutes
Candle Analysis:
    Body Sizes (%): ['0.016']
    Upper Shadows (%): ['0.000']
    Lower Shadows (%): ['0.008']
Volumes: [np.float64(1167.0)]
==================================================
2025-05-17 20:45:19,581 - INFO - 
==================================================
EMA Cross Analysis - GALA/USDT
Time: 2025-05-17 20:40:00+09:00
Type: golden
Cross Character (Current): Weak
Cross Character (New): Weak
Price at Cross: 0.01874

1. Pre-Cross Pattern (15min):
EMA Distance Changes (%): ['0.089', '0.059', '0.023', '0.001']
EMA12 Changes (%): ['-0.065', '0.044', '0.062', '0.044']
Price Changes (%): ['0.108', '0.645', '0.160', '-0.053']
Candle Analysis:
    Body Sizes (%): ['0.054', '0.645', '0.160', '0.053']
    Upper Shadows (%): ['0.108', '0.054', '0.000', '0.053']
    Lower Shadows (%): ['0.215', '0.108', '0.160', '0.160']
Volumes: [np.float64(7804004.0), np.float64(10370233.0), np.float64(5713857.0), np.float64(4865592.0)]
2025-05-17 20:45:19,582 - INFO - 
2. Post-Cross Movement (30min):
5min Price Changes (%): ['-0.053']
Maximum Change: -0.053% after 5 minutes
Candle Analysis:
    Body Sizes (%): ['0.000']
    Upper Shadows (%): ['0.000']
    Lower Shadows (%): ['0.053']
Volumes: [np.float64(178107.0)]
==================================================
2025-05-17 20:45:20,497 - INFO - 
==================================================
EMA Cross Analysis - ZRO/USDT
Time: 2025-05-17 20:45:00+09:00
Type: golden
Cross Character (Current): Weak
Cross Character (New): Weak
Price at Cross: 2.5981

1. Pre-Cross Pattern (15min):
EMA Distance Changes (%): ['0.056', '0.026', '0.002', '0.015']
EMA12 Changes (%): ['0.030', '0.051', '0.042', '0.032']
Price Changes (%): ['0.644', '0.166', '-0.008', '-0.027']
Candle Analysis:
    Body Sizes (%): ['0.640', '0.181', '0.008', '0.008']
    Upper Shadows (%): ['0.031', '0.027', '0.031', '0.012']
    Lower Shadows (%): ['0.043', '0.200', '0.123', '0.015']
Volumes: [np.float64(28463.9), np.float64(22331.0), np.float64(9887.6), np.float64(645.9)]
2025-05-17 20:45:20,498 - INFO - 
2. Post-Cross Movement (30min):
5min Price Changes (%): []
Maximum Change: 0.000% after 0 minutes
Candle Analysis:
    Body Sizes (%): []
    Upper Shadows (%): []
    Lower Shadows (%): []
Volumes: []
==================================================
2025-05-17 20:45:20,962 - INFO - 
==================================================
EMA Cross Analysis - THETA/USDT
Time: 2025-05-17 20:40:00+09:00
Type: golden
Cross Character (Current): Weak
Cross Character (New): Weak
Price at Cross: 0.8548

1. Pre-Cross Pattern (15min):
EMA Distance Changes (%): ['0.077', '0.059', '0.021', '0.003']
EMA12 Changes (%): ['-0.084', '0.024', '0.064', '0.043']
Price Changes (%): ['-0.106', '0.625', '0.281', '-0.070']
Candle Analysis:
    Body Sizes (%): ['0.118', '0.625', '0.293', '0.082']
    Upper Shadows (%): ['0.082', '0.012', '0.000', '0.012']
    Lower Shadows (%): ['0.165', '0.000', '0.094', '0.105']
Volumes: [np.float64(42698.2), np.float64(53558.0), np.float64(56167.5), np.float64(16128.3)]
2025-05-17 20:45:20,962 - INFO - 
2. Post-Cross Movement (30min):
5min Price Changes (%): ['-0.047']
Maximum Change: -0.047% after 5 minutes
Candle Analysis:
    Body Sizes (%): ['0.047']
    Upper Shadows (%): ['0.000']
    Lower Shadows (%): ['0.023']
Volumes: [np.float64(2266.4)]
==================================================
2025-05-17 20:45:22,963 - INFO - 
==================================================
EMA Cross Analysis - ATA/USDT
Time: 2025-05-17 20:45:00+09:00
Type: golden
Cross Character (Current): Weak
Cross Character (New): Weak
Price at Cross: 0.0579

1. Pre-Cross Pattern (15min):
EMA Distance Changes (%): ['0.142', '0.090', '0.035', '0.008']
EMA12 Changes (%): ['-0.002', '0.078', '0.093', '0.079']
Price Changes (%): ['0.524', '0.522', '0.173', '0.000']
Candle Analysis:
    Body Sizes (%): ['0.349', '0.347', '0.173', '0.000']
    Upper Shadows (%): ['0.175', '0.000', '0.173', '0.173']
    Lower Shadows (%): ['0.175', '0.174', '0.000', '0.000']
Volumes: [np.float64(49983.0), np.float64(146932.0), np.float64(44929.0), np.float64(906.0)]
2025-05-17 20:45:22,963 - INFO - 
2. Post-Cross Movement (30min):
5min Price Changes (%): []
Maximum Change: 0.000% after 0 minutes
Candle Analysis:
    Body Sizes (%): []
    Upper Shadows (%): []
    Lower Shadows (%): []
Volumes: []
==================================================
2025-05-17 20:45:23,600 - INFO - 
==================================================
EMA Cross Analysis - AVAX/USDT
Time: 2025-05-17 20:45:00+09:00
Type: golden
Cross Character (Current): Weak
Cross Character (New): Weak
Price at Cross: 22.803

1. Pre-Cross Pattern (15min):
EMA Distance Changes (%): ['0.076', '0.041', '0.012', '0.004']
EMA12 Changes (%): ['0.017', '0.056', '0.050', '0.030']
Price Changes (%): ['0.503', '0.268', '0.018', '-0.079']
Candle Analysis:
    Body Sizes (%): ['0.499', '0.281', '0.009', '0.079']
    Upper Shadows (%): ['0.035', '0.018', '0.039', '0.000']
    Lower Shadows (%): ['0.018', '0.026', '0.110', '0.009']
Volumes: [np.float64(20665.0), np.float64(23979.0), np.float64(12234.0), np.float64(2403.0)]
2025-05-17 20:45:23,600 - INFO - 
2. Post-Cross Movement (30min):
5min Price Changes (%): []
Maximum Change: 0.000% after 0 minutes
Candle Analysis:
    Body Sizes (%): []
    Upper Shadows (%): []
    Lower Shadows (%): []
Volumes: []
==================================================
2025-05-17 20:45:23,834 - INFO - 
==================================================
EMA Cross Analysis - MOVE/USDT
Time: 2025-05-17 20:40:00+09:00
Type: golden
Cross Character (Current): Weak
Cross Character (New): Weak
Price at Cross: 0.183

1. Pre-Cross Pattern (15min):
EMA Distance Changes (%): ['0.127', '0.079', '0.025', '0.005']
EMA12 Changes (%): ['-0.065', '0.072', '0.094', '0.054']
Price Changes (%): ['0.055', '0.827', '0.219', '-0.164']
Candle Analysis:
    Body Sizes (%): ['0.000', '0.827', '0.219', '0.164']
    Upper Shadows (%): ['0.276', '0.055', '0.000', '0.055']
    Lower Shadows (%): ['0.276', '0.055', '0.219', '0.164']
Volumes: [np.float64(720871.0), np.float64(305984.0), np.float64(222394.0), np.float64(237786.0)]
2025-05-17 20:45:23,835 - INFO - 
2. Post-Cross Movement (30min):
5min Price Changes (%): ['-0.055']
Maximum Change: -0.055% after 5 minutes
Candle Analysis:
    Body Sizes (%): ['0.109']
    Upper Shadows (%): ['0.000']
    Lower Shadows (%): ['0.000']
Volumes: [np.float64(4265.0)]
==================================================
2025-05-17 20:45:24,734 - INFO - 
==================================================
EMA Cross Analysis - ZEN/USDT
Time: 2025-05-17 20:45:00+09:00
Type: golden
Cross Character (Current): Weak
Cross Character (New): Weak
Price at Cross: 9.141

1. Pre-Cross Pattern (15min):
EMA Distance Changes (%): ['0.109', '0.053', '0.012', '0.023']
EMA12 Changes (%): ['0.051', '0.092', '0.071', '0.065']
Price Changes (%): ['0.663', '0.318', '-0.044', '0.033']
Candle Analysis:
    Body Sizes (%): ['0.652', '0.296', '0.055', '0.011']
    Upper Shadows (%): ['0.144', '0.011', '0.022', '0.000']
    Lower Shadows (%): ['0.000', '0.077', '0.131', '0.044']
Volumes: [np.float64(3759.7), np.float64(1775.9), np.float64(899.1), np.float64(562.5)]
2025-05-17 20:45:24,734 - INFO - 
2. Post-Cross Movement (30min):
5min Price Changes (%): []
Maximum Change: 0.000% after 0 minutes
Candle Analysis:
    Body Sizes (%): []
    Upper Shadows (%): []
    Lower Shadows (%): []
Volumes: []
==================================================
2025-05-17 20:51:04,304 - INFO - 
==================================================
EMA Cross Analysis - POL/USDT
Time: 2025-05-17 20:50:00+09:00
Type: golden
Cross Character (Current): Weak
Cross Character (New): Weak
Price at Cross: 0.23246

1. Pre-Cross Pattern (15min):
EMA Distance Changes (%): ['0.073', '0.043', '0.008', '0.022']
EMA12 Changes (%): ['0.049', '0.047', '0.062', '0.057']
Price Changes (%): ['0.229', '0.039', '0.147', '0.030']
Candle Analysis:
    Body Sizes (%): ['0.242', '0.022', '0.147', '0.030']
    Upper Shadows (%): ['0.000', '0.009', '0.138', '0.017']
    Lower Shadows (%): ['0.073', '0.065', '0.017', '0.009']
Volumes: [np.float64(87555.0), np.float64(74567.0), np.float64(146705.0), np.float64(20163.0)]
2025-05-17 20:51:04,304 - INFO - 
2. Post-Cross Movement (30min):
5min Price Changes (%): []
Maximum Change: 0.000% after 0 minutes
Candle Analysis:
    Body Sizes (%): []
    Upper Shadows (%): []
    Lower Shadows (%): []
Volumes: []
==================================================
2025-05-17 20:51:06,758 - INFO - 
==================================================
EMA Cross Analysis - ZRO/USDT
Time: 2025-05-17 20:45:00+09:00
Type: golden
Cross Character (Current): Weak
Cross Character (New): Weak
Price at Cross: 2.5991

1. Pre-Cross Pattern (15min):
EMA Distance Changes (%): ['0.056', '0.026', '0.002', '0.018']
EMA12 Changes (%): ['0.030', '0.051', '0.042', '0.037']
Price Changes (%): ['0.644', '0.166', '-0.008', '0.012']
Candle Analysis:
    Body Sizes (%): ['0.640', '0.181', '0.008', '0.031']
    Upper Shadows (%): ['0.031', '0.027', '0.031', '0.208']
    Lower Shadows (%): ['0.043', '0.200', '0.123', '0.038']
Volumes: [np.float64(28463.9), np.float64(22331.0), np.float64(9887.6), np.float64(13591.8)]
2025-05-17 20:51:06,759 - INFO - 
2. Post-Cross Movement (30min):
5min Price Changes (%): ['-0.046']
Maximum Change: -0.046% after 5 minutes
Candle Analysis:
    Body Sizes (%): ['0.046']
    Upper Shadows (%): ['0.042']
    Lower Shadows (%): ['0.008']
Volumes: [np.float64(3512.6)]
==================================================
2025-05-17 20:51:07,421 - INFO - 
==================================================
EMA Cross Analysis - ARPA/USDT
Time: 2025-05-17 20:50:00+09:00
Type: golden
Cross Character (Current): Weak
Cross Character (New): Weak
Price at Cross: 0.02487

1. Pre-Cross Pattern (15min):
EMA Distance Changes (%): ['0.060', '0.039', '0.016', '0.009']
EMA12 Changes (%): ['0.053', '0.032', '0.040', '0.046']
Price Changes (%): ['0.081', '-0.080', '0.081', '0.080']
Candle Analysis:
    Body Sizes (%): ['0.121', '0.080', '0.121', '0.040']
    Upper Shadows (%): ['0.040', '0.000', '0.161', '0.000']
    Lower Shadows (%): ['0.081', '0.080', '0.000', '0.000']
Volumes: [np.float64(129664.0), np.float64(69617.0), np.float64(63176.0), np.float64(4069.0)]
2025-05-17 20:51:07,421 - INFO - 
2. Post-Cross Movement (30min):
5min Price Changes (%): []
Maximum Change: 0.000% after 0 minutes
Candle Analysis:
    Body Sizes (%): []
    Upper Shadows (%): []
    Lower Shadows (%): []
Volumes: []
==================================================
2025-05-17 20:51:08,307 - INFO - 
==================================================
EMA Cross Analysis - WLD/USDT
Time: 2025-05-17 20:45:00+09:00
Type: golden
Cross Character (Current): Weak
Cross Character (New): Weak
Price at Cross: 1.0799

1. Pre-Cross Pattern (15min):
EMA Distance Changes (%): ['0.110', '0.062', '0.027', '0.011']
EMA12 Changes (%): ['0.044', '0.077', '0.058', '0.070']
Price Changes (%): ['0.636', '0.260', '-0.046', '0.139']
Candle Analysis:
    Body Sizes (%): ['0.627', '0.279', '0.046', '0.148']
    Upper Shadows (%): ['0.028', '0.009', '0.046', '0.139']
    Lower Shadows (%): ['0.019', '0.084', '0.074', '0.074']
Volumes: [np.float64(213087.0), np.float64(186729.0), np.float64(193097.0), np.float64(190085.0)]
2025-05-17 20:51:08,307 - INFO - 
2. Post-Cross Movement (30min):
5min Price Changes (%): ['-0.028']
Maximum Change: -0.028% after 5 minutes
Candle Analysis:
    Body Sizes (%): ['0.037']
    Upper Shadows (%): ['0.046']
    Lower Shadows (%): ['0.000']
Volumes: [np.float64(40618.0)]
==================================================
2025-05-17 20:51:09,206 - INFO - 
==================================================
EMA Cross Analysis - ATA/USDT
Time: 2025-05-17 20:45:00+09:00
Type: golden
Cross Character (Current): Weak
Cross Character (New): Weak
Price at Cross: 0.058

1. Pre-Cross Pattern (15min):
EMA Distance Changes (%): ['0.142', '0.090', '0.035', '0.022']
EMA12 Changes (%): ['-0.002', '0.078', '0.093', '0.105']
Price Changes (%): ['0.524', '0.522', '0.173', '0.173']
Candle Analysis:
    Body Sizes (%): ['0.349', '0.347', '0.173', '0.173']
    Upper Shadows (%): ['0.175', '0.000', '0.173', '0.345']
    Lower Shadows (%): ['0.175', '0.174', '0.000', '0.000']
Volumes: [np.float64(49983.0), np.float64(146932.0), np.float64(44929.0), np.float64(142098.0)]
2025-05-17 20:51:09,207 - INFO - 
2. Post-Cross Movement (30min):
5min Price Changes (%): ['0.000']
Maximum Change: 0.000% after 0 minutes
Candle Analysis:
    Body Sizes (%): ['0.000']
    Upper Shadows (%): ['0.172']
    Lower Shadows (%): ['0.000']
Volumes: [np.float64(2980.0)]
==================================================
2025-05-17 20:51:09,827 - INFO - 
==================================================
EMA Cross Analysis - AVAX/USDT
Time: 2025-05-17 20:45:00+09:00
Type: golden
Cross Character (Current): Weak
Cross Character (New): Weak
Price at Cross: 22.829

1. Pre-Cross Pattern (15min):
EMA Distance Changes (%): ['0.076', '0.041', '0.012', '0.013']
EMA12 Changes (%): ['0.017', '0.056', '0.050', '0.048']
Price Changes (%): ['0.503', '0.268', '0.018', '0.035']
Candle Analysis:
    Body Sizes (%): ['0.499', '0.281', '0.009', '0.035']
    Upper Shadows (%): ['0.035', '0.018', '0.039', '0.149']
    Lower Shadows (%): ['0.018', '0.026', '0.110', '0.088']
Volumes: [np.float64(20665.0), np.float64(23979.0), np.float64(12234.0), np.float64(18918.0)]
2025-05-17 20:51:09,827 - INFO - 
2. Post-Cross Movement (30min):
5min Price Changes (%): ['0.158']
Maximum Change: 0.158% after 5 minutes
Candle Analysis:
    Body Sizes (%): ['0.153']
    Upper Shadows (%): ['0.009']
    Lower Shadows (%): ['0.000']
Volumes: [np.float64(3919.0)]
==================================================
2025-05-17 20:51:10,743 - INFO - 
==================================================
EMA Cross Analysis - COW/USDT
Time: 2025-05-17 20:50:00+09:00
Type: golden
Cross Character (Current): Weak
Cross Character (New): Weak
Price at Cross: 0.354

1. Pre-Cross Pattern (15min):
EMA Distance Changes (%): ['0.045', '0.026', '0.003', '0.023']
EMA12 Changes (%): ['0.055', '0.029', '0.042', '0.049']
Price Changes (%): ['0.284', '-0.113', '0.113', '0.085']
Candle Analysis:
    Body Sizes (%): ['0.284', '0.141', '0.113', '0.057']
    Upper Shadows (%): ['0.028', '0.028', '0.255', '0.028']
    Lower Shadows (%): ['0.198', '0.113', '0.000', '0.000']
Volumes: [np.float64(17543.0), np.float64(14054.0), np.float64(11440.0), np.float64(1427.0)]
2025-05-17 20:51:10,743 - INFO - 
2. Post-Cross Movement (30min):
5min Price Changes (%): []
Maximum Change: 0.000% after 0 minutes
Candle Analysis:
    Body Sizes (%): []
    Upper Shadows (%): []
    Lower Shadows (%): []
Volumes: []
==================================================
2025-05-17 20:51:10,963 - INFO - 
==================================================
EMA Cross Analysis - ZEN/USDT
Time: 2025-05-17 20:45:00+09:00
Type: golden
Cross Character (Current): Weak
Cross Character (New): Weak
Price at Cross: 9.164

1. Pre-Cross Pattern (15min):
EMA Distance Changes (%): ['0.109', '0.053', '0.012', '0.043']
EMA12 Changes (%): ['0.051', '0.092', '0.071', '0.104']
Price Changes (%): ['0.663', '0.318', '-0.044', '0.285']
Candle Analysis:
    Body Sizes (%): ['0.652', '0.296', '0.055', '0.241']
    Upper Shadows (%): ['0.144', '0.011', '0.022', '0.120']
    Lower Shadows (%): ['0.000', '0.077', '0.131', '0.077']
Volumes: [np.float64(3759.7), np.float64(1775.9), np.float64(899.1), np.float64(3502.4)]
2025-05-17 20:51:10,964 - INFO - 
2. Post-Cross Movement (30min):
5min Price Changes (%): ['0.065']
Maximum Change: 0.065% after 5 minutes
Candle Analysis:
    Body Sizes (%): ['0.076']
    Upper Shadows (%): ['0.044']
    Lower Shadows (%): ['0.000']
Volumes: [np.float64(225.4)]
==================================================
2025-05-17 20:55:39,513 - INFO - 
==================================================
EMA Cross Analysis - ORCA/USDT
Time: 2025-05-17 20:55:00+09:00
Type: golden
Cross Character (Current): Weak
Cross Character (New): Weak
Price at Cross: 2.513

1. Pre-Cross Pattern (15min):
EMA Distance Changes (%): ['0.091', '0.048', '0.011', '0.008']
EMA12 Changes (%): ['0.052', '0.069', '0.064', '0.036']
Price Changes (%): ['-0.040', '0.159', '0.040', '-0.119']
Candle Analysis:
    Body Sizes (%): ['0.040', '0.119', '0.040', '0.080']
    Upper Shadows (%): ['0.040', '0.119', '0.159', '0.080']
    Lower Shadows (%): ['0.080', '0.040', '0.000', '0.000']
Volumes: [np.float64(4514.3), np.float64(6120.6), np.float64(2935.3), np.float64(1415.9)]
2025-05-17 20:55:39,514 - INFO - 
2. Post-Cross Movement (30min):
5min Price Changes (%): []
Maximum Change: 0.000% after 0 minutes
Candle Analysis:
    Body Sizes (%): []
    Upper Shadows (%): []
    Lower Shadows (%): []
Volumes: []
==================================================
2025-05-17 20:55:41,744 - INFO - 
==================================================
EMA Cross Analysis - POL/USDT
Time: 2025-05-17 20:50:00+09:00
Type: golden
Cross Character (Current): Weak
Cross Character (New): Weak
Price at Cross: 0.23224

1. Pre-Cross Pattern (15min):
EMA Distance Changes (%): ['0.073', '0.043', '0.008', '0.015']
EMA12 Changes (%): ['0.049', '0.047', '0.062', '0.043']
Price Changes (%): ['0.229', '0.039', '0.147', '-0.065']
Candle Analysis:
    Body Sizes (%): ['0.242', '0.022', '0.147', '0.065']
    Upper Shadows (%): ['0.000', '0.009', '0.138', '0.120']
    Lower Shadows (%): ['0.073', '0.065', '0.017', '0.000']
Volumes: [np.float64(87555.0), np.float64(74567.0), np.float64(146705.0), np.float64(64260.0)]
2025-05-17 20:55:41,744 - INFO - 
2. Post-Cross Movement (30min):
5min Price Changes (%): ['-0.129']
Maximum Change: -0.129% after 5 minutes
Candle Analysis:
    Body Sizes (%): ['0.138']
    Upper Shadows (%): ['0.000']
    Lower Shadows (%): ['0.000']
Volumes: [np.float64(11811.0)]
==================================================
2025-05-17 20:55:44,857 - INFO - 
==================================================
EMA Cross Analysis - ARPA/USDT
Time: 2025-05-17 20:55:00+09:00
Type: golden
Cross Character (Current): Weak
Cross Character (New): Weak
Price at Cross: 0.02482

1. Pre-Cross Pattern (15min):
EMA Distance Changes (%): ['0.039', '0.016', '0.000', '0.005']
EMA12 Changes (%): ['0.032', '0.040', '0.027', '0.011']
Price Changes (%): ['-0.080', '0.081', '-0.040', '-0.081']
Candle Analysis:
    Body Sizes (%): ['0.080', '0.121', '0.080', '0.081']
    Upper Shadows (%): ['0.000', '0.161', '0.121', '0.000']
    Lower Shadows (%): ['0.080', '0.000', '0.000', '0.000']
Volumes: [np.float64(69617.0), np.float64(63176.0), np.float64(48552.0), np.float64(122899.0)]
2025-05-17 20:55:44,857 - INFO - 
2. Post-Cross Movement (30min):
5min Price Changes (%): []
Maximum Change: 0.000% after 0 minutes
Candle Analysis:
    Body Sizes (%): []
    Upper Shadows (%): []
    Lower Shadows (%): []
Volumes: []
==================================================
2025-05-17 20:55:48,112 - INFO - 
==================================================
EMA Cross Analysis - COW/USDT
Time: 2025-05-17 20:50:00+09:00
Type: golden
Cross Character (Current): Weak
Cross Character (New): Weak
Price at Cross: 0.3543

1. Pre-Cross Pattern (15min):
EMA Distance Changes (%): ['0.045', '0.026', '0.003', '0.029']
EMA12 Changes (%): ['0.055', '0.029', '0.042', '0.062']
Price Changes (%): ['0.284', '-0.113', '0.113', '0.170']
Candle Analysis:
    Body Sizes (%): ['0.284', '0.141', '0.113', '0.141']
    Upper Shadows (%): ['0.028', '0.028', '0.255', '0.028']
    Lower Shadows (%): ['0.198', '0.113', '0.000', '0.000']
Volumes: [np.float64(17543.0), np.float64(14054.0), np.float64(11440.0), np.float64(29745.0)]
2025-05-17 20:55:48,112 - INFO - 
2. Post-Cross Movement (30min):
5min Price Changes (%): ['-0.339']
Maximum Change: -0.339% after 5 minutes
Candle Analysis:
    Body Sizes (%): ['0.311']
    Upper Shadows (%): ['0.000']
    Lower Shadows (%): ['0.000']
Volumes: [np.float64(6778.0)]
==================================================
2025-05-17 21:00:21,628 - INFO - 
==================================================
EMA Cross Analysis - ZRO/USDT
Time: 2025-05-17 21:00:00+09:00
Type: dead
Cross Character (Current): Weak
Cross Character (New): Weak
Price at Cross: 2.5866

1. Pre-Cross Pattern (15min):
EMA Distance Changes (%): ['0.018', '0.029', '0.006', '0.015']
EMA12 Changes (%): ['0.037', '0.025', '-0.041', '-0.040']
Price Changes (%): ['0.012', '-0.042', '-0.404', '-0.035']
Candle Analysis:
    Body Sizes (%): ['0.031', '0.042', '0.396', '0.039']
    Upper Shadows (%): ['0.208', '0.219', '0.004', '0.027']
    Lower Shadows (%): ['0.038', '0.012', '0.123', '0.046']
Volumes: [np.float64(13591.8), np.float64(18229.0), np.float64(28902.7), np.float64(5171.7)]
2025-05-17 21:00:21,628 - INFO - 
2. Post-Cross Movement (30min):
5min Price Changes (%): []
Maximum Change: 0.000% after 0 minutes
Candle Analysis:
    Body Sizes (%): []
    Upper Shadows (%): []
    Lower Shadows (%): []
Volumes: []
==================================================
2025-05-17 21:00:25,587 - INFO - 
==================================================
EMA Cross Analysis - COW/USDT
Time: 2025-05-17 21:00:00+09:00
Type: dead
Cross Character (Current): Weak
Cross Character (New): Weak
Price at Cross: 0.3516

1. Pre-Cross Pattern (15min):
EMA Distance Changes (%): ['0.003', '0.029', '0.007', '0.024']
EMA12 Changes (%): ['0.042', '0.062', '-0.039', '-0.059']
Price Changes (%): ['0.113', '0.170', '-0.593', '-0.170']
Candle Analysis:
    Body Sizes (%): ['0.113', '0.141', '0.565', '0.199']
    Upper Shadows (%): ['0.255', '0.028', '0.000', '0.000']
    Lower Shadows (%): ['0.000', '0.000', '0.085', '0.000']
Volumes: [np.float64(11440.0), np.float64(29745.0), np.float64(12512.0), np.float64(7127.0)]
2025-05-17 21:00:25,587 - INFO - 
2. Post-Cross Movement (30min):
5min Price Changes (%): []
Maximum Change: 0.000% after 0 minutes
Candle Analysis:
    Body Sizes (%): []
    Upper Shadows (%): []
    Lower Shadows (%): []
Volumes: []
==================================================
2025-05-17 21:06:07,939 - INFO - 
==================================================
EMA Cross Analysis - ZRO/USDT
Time: 2025-05-17 21:00:00+09:00
Type: dead
Cross Character (Current): Weak
Cross Character (New): Weak
Price at Cross: 2.5892

1. Pre-Cross Pattern (15min):
EMA Distance Changes (%): ['0.018', '0.029', '0.006', '0.007']
EMA12 Changes (%): ['0.037', '0.025', '-0.041', '-0.025']
Price Changes (%): ['0.012', '-0.042', '-0.404', '0.066']
Candle Analysis:
    Body Sizes (%): ['0.031', '0.042', '0.396', '0.062']
    Upper Shadows (%): ['0.208', '0.219', '0.004', '0.170']
    Lower Shadows (%): ['0.038', '0.012', '0.123', '0.128']
Volumes: [np.float64(13591.8), np.float64(18229.0), np.float64(28902.7), np.float64(50857.6)]
2025-05-17 21:06:07,939 - INFO - 
2. Post-Cross Movement (30min):
5min Price Changes (%): ['-0.031']
Maximum Change: -0.031% after 5 minutes
Candle Analysis:
    Body Sizes (%): ['0.050']
    Upper Shadows (%): ['0.019']
    Lower Shadows (%): ['0.116']
Volumes: [np.float64(9433.0)]
==================================================
2025-05-17 21:06:08,161 - INFO - 
==================================================
EMA Cross Analysis - BNB/USDT
Time: 2025-05-17 21:05:00+09:00
Type: golden
Cross Character (Current): Weak
Cross Character (New): Weak
Price at Cross: 641.72

1. Pre-Cross Pattern (15min):
EMA Distance Changes (%): ['0.014', '0.011', '0.003', '0.001']
EMA12 Changes (%): ['0.017', '0.003', '0.014', '0.008']
Price Changes (%): ['0.009', '-0.076', '0.080', '-0.030']
Candle Analysis:
    Body Sizes (%): ['0.009', '0.075', '0.078', '0.030']
    Upper Shadows (%): ['0.065', '0.002', '0.012', '0.014']
    Lower Shadows (%): ['0.000', '0.036', '0.050', '0.019']
Volumes: [np.float64(762.85), np.float64(913.41), np.float64(2378.1), np.float64(332.51)]
2025-05-17 21:06:08,161 - INFO - 
2. Post-Cross Movement (30min):
5min Price Changes (%): []
Maximum Change: 0.000% after 0 minutes
Candle Analysis:
    Body Sizes (%): []
    Upper Shadows (%): []
    Lower Shadows (%): []
Volumes: []
==================================================
2025-05-17 21:06:11,980 - INFO - 
==================================================
EMA Cross Analysis - COW/USDT
Time: 2025-05-17 21:00:00+09:00
Type: dead
Cross Character (Current): Weak
Cross Character (New): Weak
Price at Cross: 0.3523

1. Pre-Cross Pattern (15min):
EMA Distance Changes (%): ['0.003', '0.029', '0.007', '0.009']
EMA12 Changes (%): ['0.042', '0.062', '-0.039', '-0.029']
Price Changes (%): ['0.113', '0.170', '-0.593', '0.028']
Candle Analysis:
    Body Sizes (%): ['0.113', '0.141', '0.565', '0.000']
    Upper Shadows (%): ['0.255', '0.028', '0.000', '0.057']
    Lower Shadows (%): ['0.000', '0.000', '0.085', '0.199']
Volumes: [np.float64(11440.0), np.float64(29745.0), np.float64(12512.0), np.float64(30993.0)]
2025-05-17 21:06:11,980 - INFO - 
2. Post-Cross Movement (30min):
5min Price Changes (%): ['-0.170']
Maximum Change: -0.170% after 5 minutes
Candle Analysis:
    Body Sizes (%): ['0.227']
    Upper Shadows (%): ['0.000']
    Lower Shadows (%): ['0.028']
Volumes: [np.float64(21450.0)]
==================================================
2025-05-17 21:10:44,552 - INFO - 
==================================================
EMA Cross Analysis - GALA/USDT
Time: 2025-05-17 21:05:00+09:00
Type: dead
Cross Character (Current): Weak
Cross Character (New): Weak
Price at Cross: 0.01865

1. Pre-Cross Pattern (15min):
EMA Distance Changes (%): ['0.058', '0.038', '0.018', '0.007']
EMA12 Changes (%): ['0.052', '-0.030', '-0.033', '-0.045']
Price Changes (%): ['0.000', '-0.479', '-0.054', '-0.107']
Candle Analysis:
    Body Sizes (%): ['0.053', '0.479', '0.000', '0.161']
    Upper Shadows (%): ['0.160', '0.000', '0.161', '0.054']
    Lower Shadows (%): ['0.000', '0.107', '0.161', '0.214']
Volumes: [np.float64(5438374.0), np.float64(6151191.0), np.float64(9687913.0), np.float64(8865208.0)]
2025-05-17 21:10:44,552 - INFO - 
2. Post-Cross Movement (30min):
5min Price Changes (%): ['-0.054']
Maximum Change: -0.054% after 5 minutes
Candle Analysis:
    Body Sizes (%): ['0.054']
    Upper Shadows (%): ['0.000']
    Lower Shadows (%): ['0.107']
Volumes: [np.float64(1304840.0)]
==================================================
2025-05-17 21:10:48,708 - INFO - 
==================================================
EMA Cross Analysis - MOVE/USDT
Time: 2025-05-17 21:10:00+09:00
Type: dead
Cross Character (Current): Weak
Cross Character (New): Weak
Price at Cross: 0.1821

1. Pre-Cross Pattern (15min):
EMA Distance Changes (%): ['0.037', '0.035', '0.015', '0.005']
EMA12 Changes (%): ['-0.019', '0.001', '-0.033', '-0.036']
Price Changes (%): ['-0.382', '0.110', '-0.219', '-0.055']
Candle Analysis:
    Body Sizes (%): ['0.382', '0.110', '0.219', '0.000']
    Upper Shadows (%): ['0.000', '0.000', '0.000', '0.000']
    Lower Shadows (%): ['0.109', '0.164', '0.164', '0.110']
Volumes: [np.float64(178958.0), np.float64(349881.0), np.float64(404443.0), np.float64(63371.0)]
2025-05-17 21:10:48,708 - INFO - 
2. Post-Cross Movement (30min):
5min Price Changes (%): []
Maximum Change: 0.000% after 0 minutes
Candle Analysis:
    Body Sizes (%): []
    Upper Shadows (%): []
    Lower Shadows (%): []
Volumes: []
==================================================
2025-05-17 21:15:20,122 - INFO - 
==================================================
EMA Cross Analysis - POL/USDT
Time: 2025-05-17 21:10:00+09:00
Type: dead
Cross Character (Current): Weak
Cross Character (New): Weak
Price at Cross: 0.23104

1. Pre-Cross Pattern (15min):
EMA Distance Changes (%): ['0.008', '0.023', '0.020', '0.005']
EMA12 Changes (%): ['-0.012', '0.031', '-0.003', '-0.046']
Price Changes (%): ['-0.310', '0.268', '-0.194', '-0.281']
Candle Analysis:
    Body Sizes (%): ['0.319', '0.259', '0.194', '0.268']
    Upper Shadows (%): ['0.000', '0.000', '0.026', '0.181']
    Lower Shadows (%): ['0.069', '0.065', '0.090', '0.009']
Volumes: [np.float64(83173.0), np.float64(272164.0), np.float64(246856.0), np.float64(144515.0)]
2025-05-17 21:15:20,122 - INFO - 
2. Post-Cross Movement (30min):
5min Price Changes (%): ['0.095']
Maximum Change: 0.095% after 5 minutes
Candle Analysis:
    Body Sizes (%): ['0.091']
    Upper Shadows (%): ['0.004']
    Lower Shadows (%): ['0.000']
Volumes: [np.float64(38926.0)]
==================================================
2025-05-17 21:15:21,976 - INFO - 
==================================================
EMA Cross Analysis - TNSR/USDT
Time: 2025-05-17 21:15:00+09:00
Type: dead
Cross Character (Current): Weak
Cross Character (New): Weak
Price at Cross: 0.1513

1. Pre-Cross Pattern (15min):
EMA Distance Changes (%): ['0.074', '0.059', '0.026', '0.001']
EMA12 Changes (%): ['0.014', '-0.019', '-0.056', '-0.048']
Price Changes (%): ['0.330', '-0.197', '-0.264', '0.000']
Candle Analysis:
    Body Sizes (%): ['0.264', '0.197', '0.198', '0.066']
    Upper Shadows (%): ['0.000', '0.000', '0.264', '0.000']
    Lower Shadows (%): ['0.264', '0.329', '0.066', '0.066']
Volumes: [np.float64(93782.2), np.float64(74312.0), np.float64(111406.9), np.float64(22474.6)]
2025-05-17 21:15:21,976 - INFO - 
2. Post-Cross Movement (30min):
5min Price Changes (%): []
Maximum Change: 0.000% after 0 minutes
Candle Analysis:
    Body Sizes (%): []
    Upper Shadows (%): []
    Lower Shadows (%): []
Volumes: []
==================================================
2025-05-17 21:15:23,085 - INFO - 
==================================================
EMA Cross Analysis - THETA/USDT
Time: 2025-05-17 21:15:00+09:00
Type: dead
Cross Character (Current): Weak
Cross Character (New): Weak
Price at Cross: 0.8508

1. Pre-Cross Pattern (15min):
EMA Distance Changes (%): ['0.057', '0.040', '0.003', '0.019']
EMA12 Changes (%): ['0.011', '-0.025', '-0.066', '-0.042']
Price Changes (%): ['0.164', '-0.222', '-0.293', '0.094']
Candle Analysis:
    Body Sizes (%): ['0.152', '0.234', '0.270', '0.082']
    Upper Shadows (%): ['0.035', '0.023', '0.176', '0.000']
    Lower Shadows (%): ['0.059', '0.164', '0.023', '0.012']
Volumes: [np.float64(121946.7), np.float64(19541.0), np.float64(36799.9), np.float64(3961.7)]
2025-05-17 21:15:23,085 - INFO - 
2. Post-Cross Movement (30min):
5min Price Changes (%): []
Maximum Change: 0.000% after 0 minutes
Candle Analysis:
    Body Sizes (%): []
    Upper Shadows (%): []
    Lower Shadows (%): []
Volumes: []
==================================================
2025-05-17 21:15:24,691 - INFO - 
==================================================
EMA Cross Analysis - PENGU/USDT
Time: 2025-05-17 21:10:00+09:00
Type: dead
Cross Character (Current): Weak
Cross Character (New): Weak
Price at Cross: 0.012186

1. Pre-Cross Pattern (15min):
EMA Distance Changes (%): ['0.098', '0.097', '0.052', '0.008']
EMA12 Changes (%): ['-0.044', '0.014', '-0.074', '-0.107']
Price Changes (%): ['-0.536', '0.335', '-0.553', '-0.295']
Candle Analysis:
    Body Sizes (%): ['0.536', '0.351', '0.561', '0.286']
    Upper Shadows (%): ['0.008', '0.000', '0.033', '0.139']
    Lower Shadows (%): ['0.211', '0.163', '0.187', '0.074']
Volumes: [np.float64(22903239.0), np.float64(18952559.0), np.float64(23622010.0), np.float64(25736395.0)]
2025-05-17 21:15:24,691 - INFO - 
2. Post-Cross Movement (30min):
5min Price Changes (%): ['0.164']
Maximum Change: 0.164% after 5 minutes
Candle Analysis:
    Body Sizes (%): ['0.156']
    Upper Shadows (%): ['0.000']
    Lower Shadows (%): ['0.025']
Volumes: [np.float64(2525297.0)]
==================================================
2025-05-17 21:15:25,150 - INFO - 
==================================================
EMA Cross Analysis - ATA/USDT
Time: 2025-05-17 21:10:00+09:00
Type: dead
Cross Character (Current): Weak
Cross Character (New): Weak
Price at Cross: 0.0574

1. Pre-Cross Pattern (15min):
EMA Distance Changes (%): ['0.035', '0.034', '0.019', '0.020']
EMA12 Changes (%): ['-0.027', '0.004', '-0.024', '-0.073']
Price Changes (%): ['-0.518', '0.174', '-0.173', '-0.347']
Candle Analysis:
    Body Sizes (%): ['0.690', '0.174', '0.173', '0.347']
    Upper Shadows (%): ['0.000', '0.174', '0.173', '0.174']
    Lower Shadows (%): ['0.000', '0.174', '0.347', '0.000']
Volumes: [np.float64(77327.0), np.float64(148428.0), np.float64(95296.0), np.float64(96020.0)]
2025-05-17 21:15:25,151 - INFO - 
2. Post-Cross Movement (30min):
5min Price Changes (%): ['0.174']
Maximum Change: 0.174% after 5 minutes
Candle Analysis:
    Body Sizes (%): ['0.000']
    Upper Shadows (%): ['0.174']
    Lower Shadows (%): ['0.174']
Volumes: [np.float64(33143.0)]
==================================================
2025-05-17 21:15:25,758 - INFO - 
==================================================
EMA Cross Analysis - AVAX/USDT
Time: 2025-05-17 21:15:00+09:00
Type: dead
Cross Character (Current): Weak
Cross Character (New): Weak
Price at Cross: 22.757

1. Pre-Cross Pattern (15min):
EMA Distance Changes (%): ['0.029', '0.024', '0.003', '0.001']
EMA12 Changes (%): ['0.003', '-0.006', '-0.036', '-0.008']
Price Changes (%): ['0.079', '-0.053', '-0.202', '0.145']
Candle Analysis:
    Body Sizes (%): ['0.079', '0.075', '0.176', '0.132']
    Upper Shadows (%): ['0.101', '0.105', '0.259', '0.000']
    Lower Shadows (%): ['0.123', '0.206', '0.018', '0.000']
Volumes: [np.float64(29579.0), np.float64(21023.0), np.float64(19473.0), np.float64(4190.0)]
2025-05-17 21:15:25,758 - INFO - 
2. Post-Cross Movement (30min):
5min Price Changes (%): []
Maximum Change: 0.000% after 0 minutes
Candle Analysis:
    Body Sizes (%): []
    Upper Shadows (%): []
    Lower Shadows (%): []
Volumes: []
==================================================
2025-05-17 21:15:25,987 - INFO - 
==================================================
EMA Cross Analysis - MOVE/USDT
Time: 2025-05-17 21:10:00+09:00
Type: dead
Cross Character (Current): Weak
Cross Character (New): Weak
Price at Cross: 0.1816

1. Pre-Cross Pattern (15min):
EMA Distance Changes (%): ['0.037', '0.035', '0.015', '0.027']
EMA12 Changes (%): ['-0.019', '0.001', '-0.033', '-0.079']
Price Changes (%): ['-0.382', '0.110', '-0.219', '-0.329']
Candle Analysis:
    Body Sizes (%): ['0.382', '0.110', '0.219', '0.275']
    Upper Shadows (%): ['0.000', '0.000', '0.000', '0.220']
    Lower Shadows (%): ['0.109', '0.164', '0.164', '0.000']
Volumes: [np.float64(178958.0), np.float64(349881.0), np.float64(404443.0), np.float64(329155.0)]
2025-05-17 21:15:25,988 - INFO - 
2. Post-Cross Movement (30min):
5min Price Changes (%): ['0.220']
Maximum Change: 0.220% after 5 minutes
Candle Analysis:
    Body Sizes (%): ['0.165']
    Upper Shadows (%): ['0.000']
    Lower Shadows (%): ['0.055']
Volumes: [np.float64(150452.0)]
==================================================
2025-05-17 21:21:08,178 - INFO - 
==================================================
EMA Cross Analysis - TNSR/USDT
Time: 2025-05-17 21:20:00+09:00
Type: dead
Cross Character (Current): Weak
Cross Character (New): Weak
Price at Cross: 0.151

1. Pre-Cross Pattern (15min):
EMA Distance Changes (%): ['0.059', '0.026', '0.004', '0.034']
EMA12 Changes (%): ['-0.019', '-0.056', '-0.038', '-0.072']
Price Changes (%): ['-0.197', '-0.264', '0.066', '-0.264']
Candle Analysis:
    Body Sizes (%): ['0.197', '0.198', '0.000', '0.330']
    Upper Shadows (%): ['0.000', '0.264', '0.264', '0.000']
    Lower Shadows (%): ['0.329', '0.066', '0.132', '0.000']
Volumes: [np.float64(74312.0), np.float64(111406.9), np.float64(53211.9), np.float64(42000.2)]
2025-05-17 21:21:08,178 - INFO - 
2. Post-Cross Movement (30min):
5min Price Changes (%): []
Maximum Change: 0.000% after 0 minutes
Candle Analysis:
    Body Sizes (%): []
    Upper Shadows (%): []
    Lower Shadows (%): []
Volumes: []
==================================================
2025-05-17 21:21:09,326 - INFO - 
==================================================
EMA Cross Analysis - THETA/USDT
Time: 2025-05-17 21:15:00+09:00
Type: dead
Cross Character (Current): Weak
Cross Character (New): Weak
Price at Cross: 0.851

1. Pre-Cross Pattern (15min):
EMA Distance Changes (%): ['0.057', '0.040', '0.003', '0.017']
EMA12 Changes (%): ['0.011', '-0.025', '-0.066', '-0.038']
Price Changes (%): ['0.164', '-0.222', '-0.293', '0.118']
Candle Analysis:
    Body Sizes (%): ['0.152', '0.234', '0.270', '0.106']
    Upper Shadows (%): ['0.035', '0.023', '0.176', '0.212']
    Lower Shadows (%): ['0.059', '0.164', '0.023', '0.094']
Volumes: [np.float64(121946.7), np.float64(19541.0), np.float64(36799.9), np.float64(28909.5)]
2025-05-17 21:21:09,326 - INFO - 
2. Post-Cross Movement (30min):
5min Price Changes (%): ['-0.165']
Maximum Change: -0.165% after 5 minutes
Candle Analysis:
    Body Sizes (%): ['0.153']
    Upper Shadows (%): ['0.094']
    Lower Shadows (%): ['0.082']
Volumes: [np.float64(15862.1)]
==================================================
2025-05-17 21:21:13,199 - INFO - 
==================================================
EMA Cross Analysis - ZEN/USDT
Time: 2025-05-17 21:20:00+09:00
Type: dead
Cross Character (Current): Weak
Cross Character (New): Weak
Price at Cross: 9.08

1. Pre-Cross Pattern (15min):
EMA Distance Changes (%): ['0.080', '0.039', '0.019', '0.011']
EMA12 Changes (%): ['0.002', '-0.068', '-0.034', '-0.055']
Price Changes (%): ['-0.131', '-0.449', '0.154', '-0.176']
Candle Analysis:
    Body Sizes (%): ['0.142', '0.439', '0.099', '0.132']
    Upper Shadows (%): ['0.055', '0.033', '0.220', '0.077']
    Lower Shadows (%): ['0.263', '0.044', '0.077', '0.044']
Volumes: [np.float64(1636.1), np.float64(3467.0), np.float64(1357.0), np.float64(137.3)]
2025-05-17 21:21:13,199 - INFO - 
2. Post-Cross Movement (30min):
5min Price Changes (%): []
Maximum Change: 0.000% after 0 minutes
Candle Analysis:
    Body Sizes (%): []
    Upper Shadows (%): []
    Lower Shadows (%): []
Volumes: []
==================================================
2025-05-17 21:25:45,357 - INFO - 
==================================================
EMA Cross Analysis - TNSR/USDT
Time: 2025-05-17 21:20:00+09:00
Type: dead
Cross Character (Current): Weak
Cross Character (New): Weak
Price at Cross: 0.1516

1. Pre-Cross Pattern (15min):
EMA Distance Changes (%): ['0.059', '0.026', '0.004', '0.002']
EMA12 Changes (%): ['-0.019', '-0.056', '-0.038', '-0.011']
Price Changes (%): ['-0.197', '-0.264', '0.066', '0.132']
Candle Analysis:
    Body Sizes (%): ['0.197', '0.198', '0.000', '0.066']
    Upper Shadows (%): ['0.000', '0.264', '0.264', '0.066']
    Lower Shadows (%): ['0.329', '0.066', '0.132', '0.330']
Volumes: [np.float64(74312.0), np.float64(111406.9), np.float64(53211.9), np.float64(72926.4)]
2025-05-17 21:25:45,357 - INFO - 
2. Post-Cross Movement (30min):
5min Price Changes (%): ['-0.264']
Maximum Change: -0.264% after 5 minutes
Candle Analysis:
    Body Sizes (%): ['0.264']
    Upper Shadows (%): ['0.000']
    Lower Shadows (%): ['0.000']
Volumes: [np.float64(13270.6)]
==================================================
2025-05-17 21:25:50,443 - INFO - 
==================================================
EMA Cross Analysis - ZEN/USDT
Time: 2025-05-17 21:25:00+09:00
Type: dead
Cross Character (Current): Weak
Cross Character (New): Weak
Price at Cross: 9.089

1. Pre-Cross Pattern (15min):
EMA Distance Changes (%): ['0.039', '0.019', '0.022', '0.001']
EMA12 Changes (%): ['-0.068', '-0.034', '0.009', '-0.042']
Price Changes (%): ['-0.449', '0.154', '0.242', '-0.318']
Candle Analysis:
    Body Sizes (%): ['0.439', '0.099', '0.286', '0.296']
    Upper Shadows (%): ['0.033', '0.220', '0.055', '0.000']
    Lower Shadows (%): ['0.044', '0.077', '0.363', '0.000']
Volumes: [np.float64(3467.0), np.float64(1357.0), np.float64(2130.9), np.float64(306.8)]
2025-05-17 21:25:50,443 - INFO - 
2. Post-Cross Movement (30min):
5min Price Changes (%): []
Maximum Change: 0.000% after 0 minutes
Candle Analysis:
    Body Sizes (%): []
    Upper Shadows (%): []
    Lower Shadows (%): []
Volumes: []
==================================================
2025-05-17 21:36:05,200 - INFO - 
==================================================
EMA Cross Analysis - ORCA/USDT
Time: 2025-05-17 21:35:00+09:00
Type: dead
Cross Character (Current): Weak
Cross Character (New): Weak
Price at Cross: 2.506

1. Pre-Cross Pattern (15min):
EMA Distance Changes (%): ['0.011', '0.009', '0.001', '0.003']
EMA12 Changes (%): ['0.023', '0.001', '0.019', '-0.008']
Price Changes (%): ['0.160', '-0.120', '0.120', '-0.159']
Candle Analysis:
    Body Sizes (%): ['0.080', '0.120', '0.160', '0.120']
    Upper Shadows (%): ['0.040', '0.000', '0.040', '0.000']
    Lower Shadows (%): ['0.319', '0.279', '0.239', '0.040']
Volumes: [np.float64(7526.6), np.float64(4271.3), np.float64(8225.4), np.float64(1033.6)]
2025-05-17 21:36:05,200 - INFO - 
2. Post-Cross Movement (30min):
5min Price Changes (%): []
Maximum Change: 0.000% after 0 minutes
Candle Analysis:
    Body Sizes (%): []
    Upper Shadows (%): []
    Lower Shadows (%): []
Volumes: []
==================================================
2025-05-17 21:36:06,607 - INFO - 
==================================================
EMA Cross Analysis - FXS/USDT
Time: 2025-05-17 21:35:00+09:00
Type: dead
Cross Character (Current): Weak
Cross Character (New): Weak
Price at Cross: 3.1694

1. Pre-Cross Pattern (15min):
EMA Distance Changes (%): ['0.061', '0.038', '0.023', '0.005']
EMA12 Changes (%): ['0.006', '-0.037', '-0.023', '-0.051']
Price Changes (%): ['0.189', '-0.276', '0.054', '-0.202']
Candle Analysis:
    Body Sizes (%): ['0.214', '0.289', '0.044', '0.198']
    Upper Shadows (%): ['0.101', '0.053', '0.258', '0.016']
    Lower Shadows (%): ['0.412', '0.009', '0.161', '0.113']
Volumes: [np.float64(41169.6), np.float64(21751.5), np.float64(25132.0), np.float64(5469.2)]
2025-05-17 21:36:06,607 - INFO - 
2. Post-Cross Movement (30min):
5min Price Changes (%): []
Maximum Change: 0.000% after 0 minutes
Candle Analysis:
    Body Sizes (%): []
    Upper Shadows (%): []
    Lower Shadows (%): []
Volumes: []
==================================================
2025-05-17 21:36:09,822 - INFO - 
==================================================
EMA Cross Analysis - DOT/USDT
Time: 2025-05-17 21:35:00+09:00
Type: golden
Cross Character (Current): Weak
Cross Character (New): Weak
Price at Cross: 4.693

1. Pre-Cross Pattern (15min):
EMA Distance Changes (%): ['0.026', '0.020', '0.002', '0.007']
EMA12 Changes (%): ['0.017', '0.008', '0.033', '0.018']
Price Changes (%): ['0.107', '-0.043', '0.171', '-0.064']
Candle Analysis:
    Body Sizes (%): ['0.107', '0.043', '0.192', '0.064']
    Upper Shadows (%): ['0.085', '0.043', '0.043', '0.000']
    Lower Shadows (%): ['0.320', '0.277', '0.213', '0.128']
Volumes: [np.float64(97540.4), np.float64(64536.1), np.float64(85213.1), np.float64(9009.1)]
2025-05-17 21:36:09,822 - INFO - 
2. Post-Cross Movement (30min):
5min Price Changes (%): []
Maximum Change: 0.000% after 0 minutes
Candle Analysis:
    Body Sizes (%): []
    Upper Shadows (%): []
    Lower Shadows (%): []
Volumes: []
==================================================
2025-05-17 21:36:10,995 - INFO - 
==================================================
EMA Cross Analysis - EOS/USDT
Time: 2025-05-17 21:35:00+09:00
Type: golden
Cross Character (Current): Weak
Cross Character (New): Weak
Price at Cross: 0.799

1. Pre-Cross Pattern (15min):
EMA Distance Changes (%): ['0.163', '0.122', '0.047', '0.011']
EMA12 Changes (%): ['0.091', '0.057', '0.126', '0.107']
Price Changes (%): ['0.378', '-0.126', '0.503', '0.000']
Candle Analysis:
    Body Sizes (%): ['0.378', '0.126', '0.503', '0.125']
    Upper Shadows (%): ['0.126', '0.000', '0.252', '0.000']
    Lower Shadows (%): ['0.126', '0.251', '0.126', '0.125']
Volumes: [np.float64(1251840.5), np.float64(612675.2), np.float64(900502.3), np.float64(99309.5)]
2025-05-17 21:36:10,995 - INFO - 
2. Post-Cross Movement (30min):
5min Price Changes (%): []
Maximum Change: 0.000% after 0 minutes
Candle Analysis:
    Body Sizes (%): []
    Upper Shadows (%): []
    Lower Shadows (%): []
Volumes: []
==================================================
2025-05-17 21:40:42,087 - INFO - 
==================================================
EMA Cross Analysis - ORCA/USDT
Time: 2025-05-17 21:40:00+09:00
Type: dead
Cross Character (Current): Weak
Cross Character (New): Weak
Price at Cross: 2.504

1. Pre-Cross Pattern (15min):
EMA Distance Changes (%): ['0.009', '0.001', '0.009', '0.003']
EMA12 Changes (%): ['0.001', '0.019', '0.016', '-0.023']
Price Changes (%): ['-0.120', '0.120', '0.000', '-0.239']
Candle Analysis:
    Body Sizes (%): ['0.120', '0.160', '0.040', '0.199']
    Upper Shadows (%): ['0.000', '0.040', '0.159', '0.000']
    Lower Shadows (%): ['0.279', '0.239', '0.159', '0.000']
Volumes: [np.float64(4271.3), np.float64(8225.4), np.float64(4733.8), np.float64(497.4)]
2025-05-17 21:40:42,087 - INFO - 
2. Post-Cross Movement (30min):
5min Price Changes (%): []
Maximum Change: 0.000% after 0 minutes
Candle Analysis:
    Body Sizes (%): []
    Upper Shadows (%): []
    Lower Shadows (%): []
Volumes: []
==================================================
2025-05-17 21:40:44,435 - INFO - 
==================================================
EMA Cross Analysis - POL/USDT
Time: 2025-05-17 21:40:00+09:00
Type: dead
Cross Character (Current): Weak
Cross Character (New): Weak
Price at Cross: 0.2313

1. Pre-Cross Pattern (15min):
EMA Distance Changes (%): ['0.007', '0.000', '0.001', '0.011']
EMA12 Changes (%): ['0.009', '0.014', '0.001', '-0.023']
Price Changes (%): ['0.013', '0.039', '-0.065', '-0.155']
Candle Analysis:
    Body Sizes (%): ['0.022', '0.047', '0.078', '0.147']
    Upper Shadows (%): ['0.069', '0.017', '0.060', '0.000']
    Lower Shadows (%): ['0.298', '0.406', '0.099', '0.000']
Volumes: [np.float64(129856.0), np.float64(331470.0), np.float64(143826.0), np.float64(30475.0)]
2025-05-17 21:40:44,435 - INFO - 
2. Post-Cross Movement (30min):
5min Price Changes (%): []
Maximum Change: 0.000% after 0 minutes
Candle Analysis:
    Body Sizes (%): []
    Upper Shadows (%): []
    Lower Shadows (%): []
Volumes: []
==================================================
2025-05-17 21:40:44,670 - INFO - 
==================================================
EMA Cross Analysis - MOODENG/USDT
Time: 2025-05-17 21:40:00+09:00
Type: dead
Cross Character (Current): Weak
Cross Character (New): Weak
Price at Cross: 0.17906

1. Pre-Cross Pattern (15min):
EMA Distance Changes (%): ['0.249', '0.195', '0.078', '0.029']
EMA12 Changes (%): ['-0.147', '-0.065', '-0.198', '-0.194']
Price Changes (%): ['-0.754', '0.388', '-0.933', '-0.173']
Candle Analysis:
    Body Sizes (%): ['0.759', '0.394', '0.933', '0.156']
    Upper Shadows (%): ['0.000', '0.094', '0.011', '0.033']
    Lower Shadows (%): ['0.039', '0.499', '0.862', '0.100']
Volumes: [np.float64(15371709.0), np.float64(12546956.0), np.float64(14305759.0), np.float64(1596831.0)]
2025-05-17 21:40:44,670 - INFO - 
2. Post-Cross Movement (30min):
5min Price Changes (%): []
Maximum Change: 0.000% after 0 minutes
Candle Analysis:
    Body Sizes (%): []
    Upper Shadows (%): []
    Lower Shadows (%): []
Volumes: []
==================================================
2025-05-17 21:40:46,675 - INFO - 
==================================================
EMA Cross Analysis - DOT/USDT
Time: 2025-05-17 21:40:00+09:00
Type: dead
Cross Character (Current): Weak
Cross Character (New): Weak
Price at Cross: 4.683

1. Pre-Cross Pattern (15min):
EMA Distance Changes (%): ['0.020', '0.002', '0.002', '0.006']
EMA12 Changes (%): ['0.008', '0.033', '0.008', '-0.016']
Price Changes (%): ['-0.043', '0.171', '-0.128', '-0.149']
Candle Analysis:
    Body Sizes (%): ['0.043', '0.192', '0.128', '0.128']
    Upper Shadows (%): ['0.043', '0.043', '0.043', '0.000']
    Lower Shadows (%): ['0.277', '0.213', '0.064', '0.000']
Volumes: [np.float64(64536.1), np.float64(85213.1), np.float64(48499.5), np.float64(7863.1)]
2025-05-17 21:40:46,675 - INFO - 
2. Post-Cross Movement (30min):
5min Price Changes (%): []
Maximum Change: 0.000% after 0 minutes
Candle Analysis:
    Body Sizes (%): []
    Upper Shadows (%): []
    Lower Shadows (%): []
Volumes: []
==================================================
2025-05-17 21:40:47,768 - INFO - 
==================================================
EMA Cross Analysis - EOS/USDT
Time: 2025-05-17 21:35:00+09:00
Type: golden
Cross Character (Current): Weak
Cross Character (New): Weak
Price at Cross: 0.798

1. Pre-Cross Pattern (15min):
EMA Distance Changes (%): ['0.163', '0.122', '0.047', '0.001']
EMA12 Changes (%): ['0.091', '0.057', '0.126', '0.087']
Price Changes (%): ['0.378', '-0.126', '0.503', '-0.125']
Candle Analysis:
    Body Sizes (%): ['0.378', '0.126', '0.503', '0.000']
    Upper Shadows (%): ['0.126', '0.000', '0.252', '0.251']
    Lower Shadows (%): ['0.126', '0.251', '0.126', '0.125']
Volumes: [np.float64(1251840.5), np.float64(612675.2), np.float64(900502.3), np.float64(678458.6)]
2025-05-17 21:40:47,768 - INFO - 
2. Post-Cross Movement (30min):
5min Price Changes (%): ['-0.125']
Maximum Change: -0.125% after 5 minutes
Candle Analysis:
    Body Sizes (%): ['0.125']
    Upper Shadows (%): ['0.251']
    Lower Shadows (%): ['0.000']
Volumes: [np.float64(139869.7)]
==================================================
2025-05-17 21:40:49,320 - INFO - 
==================================================
EMA Cross Analysis - ATA/USDT
Time: 2025-05-17 21:35:00+09:00
Type: golden
Cross Character (Current): Weak
Cross Character (New): Weak
Price at Cross: 0.0578

1. Pre-Cross Pattern (15min):
EMA Distance Changes (%): ['0.036', '0.049', '0.016', '0.009']
EMA12 Changes (%): ['-0.003', '-0.029', '0.055', '0.047']
Price Changes (%): ['0.174', '-0.174', '0.522', '0.000']
Candle Analysis:
    Body Sizes (%): ['0.000', '0.347', '0.522', '0.000']
    Upper Shadows (%): ['0.174', '0.000', '0.000', '0.173']
    Lower Shadows (%): ['0.521', '0.173', '0.174', '0.173']
Volumes: [np.float64(81826.0), np.float64(25003.0), np.float64(150613.0), np.float64(24488.0)]
2025-05-17 21:40:49,320 - INFO - 
2. Post-Cross Movement (30min):
5min Price Changes (%): ['-0.173']
Maximum Change: -0.173% after 5 minutes
Candle Analysis:
    Body Sizes (%): ['0.345']
    Upper Shadows (%): ['0.000']
    Lower Shadows (%): ['0.000']
Volumes: [np.float64(42663.0)]
==================================================
2025-05-17 21:40:51,474 - INFO - 
==================================================
EMA Cross Analysis - USUAL/USDT
Time: 2025-05-17 21:40:00+09:00
Type: dead
Cross Character (Current): Weak
Cross Character (New): Weak
Price at Cross: 0.1238

1. Pre-Cross Pattern (15min):
EMA Distance Changes (%): ['0.057', '0.046', '0.031', '0.001']
EMA12 Changes (%): ['-0.030', '-0.013', '-0.024', '-0.057']
Price Changes (%): ['0.000', '0.081', '-0.081', '-0.242']
Candle Analysis:
    Body Sizes (%): ['0.000', '0.161', '0.081', '0.161']
    Upper Shadows (%): ['0.081', '0.161', '0.081', '0.000']
    Lower Shadows (%): ['0.322', '0.242', '0.242', '0.000']
Volumes: [np.float64(635458.0), np.float64(1039308.0), np.float64(679293.0), np.float64(130487.0)]
2025-05-17 21:40:51,474 - INFO - 
2. Post-Cross Movement (30min):
5min Price Changes (%): []
Maximum Change: 0.000% after 0 minutes
Candle Analysis:
    Body Sizes (%): []
    Upper Shadows (%): []
    Lower Shadows (%): []
Volumes: []
==================================================
2025-05-17 21:45:19,931 - INFO - 
==================================================
EMA Cross Analysis - ORCA/USDT
Time: 2025-05-17 21:40:00+09:00
Type: dead
Cross Character (Current): Weak
Cross Character (New): Weak
Price at Cross: 2.504

1. Pre-Cross Pattern (15min):
EMA Distance Changes (%): ['0.009', '0.001', '0.009', '0.003']
EMA12 Changes (%): ['0.001', '0.019', '0.016', '-0.023']
Price Changes (%): ['-0.120', '0.120', '0.000', '-0.239']
Candle Analysis:
    Body Sizes (%): ['0.120', '0.160', '0.040', '0.199']
    Upper Shadows (%): ['0.000', '0.040', '0.159', '0.000']
    Lower Shadows (%): ['0.279', '0.239', '0.159', '0.120']
Volumes: [np.float64(4271.3), np.float64(8225.4), np.float64(4733.8), np.float64(2972.6)]
2025-05-17 21:45:19,932 - INFO - 
2. Post-Cross Movement (30min):
5min Price Changes (%): ['-0.080']
Maximum Change: -0.080% after 5 minutes
Candle Analysis:
    Body Sizes (%): ['0.120']
    Upper Shadows (%): ['0.000']
    Lower Shadows (%): ['0.000']
Volumes: [np.float64(1071.9)]
==================================================
2025-05-17 21:45:22,124 - INFO - 
==================================================
EMA Cross Analysis - POL/USDT
Time: 2025-05-17 21:40:00+09:00
Type: dead
Cross Character (Current): Weak
Cross Character (New): Weak
Price at Cross: 0.23136

1. Pre-Cross Pattern (15min):
EMA Distance Changes (%): ['0.007', '0.000', '0.001', '0.009']
EMA12 Changes (%): ['0.009', '0.014', '0.001', '-0.019']
Price Changes (%): ['0.013', '0.039', '-0.065', '-0.130']
Candle Analysis:
    Body Sizes (%): ['0.022', '0.047', '0.078', '0.121']
    Upper Shadows (%): ['0.069', '0.017', '0.060', '0.000']
    Lower Shadows (%): ['0.298', '0.406', '0.099', '0.056']
Volumes: [np.float64(129856.0), np.float64(331470.0), np.float64(143826.0), np.float64(128720.0)]
2025-05-17 21:45:22,124 - INFO - 
2. Post-Cross Movement (30min):
5min Price Changes (%): ['-0.173']
Maximum Change: -0.173% after 5 minutes
Candle Analysis:
    Body Sizes (%): ['0.156']
    Upper Shadows (%): ['0.000']
    Lower Shadows (%): ['0.026']
Volumes: [np.float64(5542.0)]
==================================================
2025-05-17 21:45:22,348 - INFO - 
==================================================
EMA Cross Analysis - MOODENG/USDT
Time: 2025-05-17 21:40:00+09:00
Type: dead
Cross Character (Current): Weak
Cross Character (New): Weak
Price at Cross: 0.17968

1. Pre-Cross Pattern (15min):
EMA Distance Changes (%): ['0.249', '0.195', '0.078', '0.002']
EMA12 Changes (%): ['-0.147', '-0.065', '-0.198', '-0.142']
Price Changes (%): ['-0.754', '0.388', '-0.933', '0.173']
Candle Analysis:
    Body Sizes (%): ['0.759', '0.394', '0.933', '0.190']
    Upper Shadows (%): ['0.000', '0.094', '0.011', '0.017']
    Lower Shadows (%): ['0.039', '0.499', '0.862', '0.441']
Volumes: [np.float64(15371709.0), np.float64(12546956.0), np.float64(14305759.0), np.float64(9974178.0)]
2025-05-17 21:45:22,348 - INFO - 
2. Post-Cross Movement (30min):
5min Price Changes (%): ['-0.178']
Maximum Change: -0.178% after 5 minutes
Candle Analysis:
    Body Sizes (%): ['0.173']
    Upper Shadows (%): ['0.022']
    Lower Shadows (%): ['0.028']
Volumes: [np.float64(1031389.0)]
==================================================
2025-05-17 21:45:24,323 - INFO - 
==================================================
EMA Cross Analysis - DOT/USDT
Time: 2025-05-17 21:40:00+09:00
Type: dead
Cross Character (Current): Weak
Cross Character (New): Weak
Price at Cross: 4.686

1. Pre-Cross Pattern (15min):
EMA Distance Changes (%): ['0.020', '0.002', '0.002', '0.001']
EMA12 Changes (%): ['0.008', '0.033', '0.008', '-0.006']
Price Changes (%): ['-0.043', '0.171', '-0.128', '-0.085']
Candle Analysis:
    Body Sizes (%): ['0.043', '0.192', '0.128', '0.064']
    Upper Shadows (%): ['0.043', '0.043', '0.043', '0.000']
    Lower Shadows (%): ['0.277', '0.213', '0.064', '0.128']
Volumes: [np.float64(64536.1), np.float64(85213.1), np.float64(48499.5), np.float64(30405.4)]
2025-05-17 21:45:24,323 - INFO - 
2. Post-Cross Movement (30min):
5min Price Changes (%): ['-0.171']
Maximum Change: -0.171% after 5 minutes
Candle Analysis:
    Body Sizes (%): ['0.149']
    Upper Shadows (%): ['0.000']
    Lower Shadows (%): ['0.021']
Volumes: [np.float64(4537.9)]
==================================================
2025-05-17 21:45:26,952 - INFO - 
==================================================
EMA Cross Analysis - ATA/USDT
Time: 2025-05-17 21:45:00+09:00
Type: dead
Cross Character (Current): Weak
Cross Character (New): Weak
Price at Cross: 0.0575

1. Pre-Cross Pattern (15min):
EMA Distance Changes (%): ['0.016', '0.009', '0.015', '0.008']
EMA12 Changes (%): ['0.055', '0.047', '0.013', '-0.043']
Price Changes (%): ['0.522', '0.000', '-0.173', '-0.347']
Candle Analysis:
    Body Sizes (%): ['0.522', '0.000', '0.345', '0.174']
    Upper Shadows (%): ['0.000', '0.173', '0.000', '0.000']
    Lower Shadows (%): ['0.174', '0.173', '0.173', '0.000']
Volumes: [np.float64(150613.0), np.float64(24488.0), np.float64(61601.0), np.float64(364.0)]
2025-05-17 21:45:26,952 - INFO - 
2. Post-Cross Movement (30min):
5min Price Changes (%): []
Maximum Change: 0.000% after 0 minutes
Candle Analysis:
    Body Sizes (%): []
    Upper Shadows (%): []
    Lower Shadows (%): []
Volumes: []
==================================================
2025-05-17 21:45:27,560 - INFO - 
==================================================
EMA Cross Analysis - AVAX/USDT
Time: 2025-05-17 21:45:00+09:00
Type: dead
Cross Character (Current): Weak
Cross Character (New): Weak
Price at Cross: 22.7

1. Pre-Cross Pattern (15min):
EMA Distance Changes (%): ['0.029', '0.025', '0.007', '0.020']
EMA12 Changes (%): ['0.028', '-0.004', '-0.031', '-0.050']
Price Changes (%): ['0.176', '-0.180', '-0.184', '-0.150']
Candle Analysis:
    Body Sizes (%): ['0.176', '0.180', '0.171', '0.158']
    Upper Shadows (%): ['0.018', '0.061', '0.000', '0.000']
    Lower Shadows (%): ['0.202', '0.070', '0.053', '0.013']
Volumes: [np.float64(28542.0), np.float64(19568.0), np.float64(14760.0), np.float64(2379.0)]
2025-05-17 21:45:27,561 - INFO - 
2. Post-Cross Movement (30min):
5min Price Changes (%): []
Maximum Change: 0.000% after 0 minutes
Candle Analysis:
    Body Sizes (%): []
    Upper Shadows (%): []
    Lower Shadows (%): []
Volumes: []
==================================================
2025-05-17 21:45:27,780 - INFO - 
==================================================
EMA Cross Analysis - MOVE/USDT
Time: 2025-05-17 21:40:00+09:00
Type: dead
Cross Character (Current): Weak
Cross Character (New): Weak
Price at Cross: 0.1821

1. Pre-Cross Pattern (15min):
EMA Distance Changes (%): ['0.020', '0.005', '0.012', '0.006']
EMA12 Changes (%): ['0.011', '0.026', '0.031', '-0.033']
Price Changes (%): ['0.000', '0.110', '0.055', '-0.383']
Candle Analysis:
    Body Sizes (%): ['0.000', '0.110', '0.055', '0.383']
    Upper Shadows (%): ['0.110', '0.055', '0.164', '0.000']
    Lower Shadows (%): ['0.329', '0.329', '0.164', '0.000']
Volumes: [np.float64(262651.0), np.float64(423638.0), np.float64(399505.0), np.float64(305941.0)]
2025-05-17 21:45:27,780 - INFO - 
2. Post-Cross Movement (30min):
5min Price Changes (%): ['-0.110']
Maximum Change: -0.110% after 5 minutes
Candle Analysis:
    Body Sizes (%): ['0.110']
    Upper Shadows (%): ['0.000']
    Lower Shadows (%): ['0.000']
Volumes: [np.float64(17531.0)]
==================================================
2025-05-17 21:45:28,652 - INFO - 
==================================================
EMA Cross Analysis - ZEN/USDT
Time: 2025-05-17 21:45:00+09:00
Type: dead
Cross Character (Current): Weak
Cross Character (New): Weak
Price at Cross: 9.077

1. Pre-Cross Pattern (15min):
EMA Distance Changes (%): ['0.040', '0.044', '0.012', '0.021']
EMA12 Changes (%): ['0.043', '0.013', '-0.055', '-0.062']
Price Changes (%): ['0.285', '-0.153', '-0.427', '-0.099']
Candle Analysis:
    Body Sizes (%): ['0.307', '0.142', '0.438', '0.143']
    Upper Shadows (%): ['0.044', '0.088', '0.000', '0.011']
    Lower Shadows (%): ['0.230', '0.055', '0.022', '0.022']
Volumes: [np.float64(1743.1), np.float64(1500.5), np.float64(1526.9), np.float64(685.3)]
2025-05-17 21:45:28,652 - INFO - 
2. Post-Cross Movement (30min):
5min Price Changes (%): []
Maximum Change: 0.000% after 0 minutes
Candle Analysis:
    Body Sizes (%): []
    Upper Shadows (%): []
    Lower Shadows (%): []
Volumes: []
==================================================
2025-05-17 21:45:29,086 - INFO - 
==================================================
EMA Cross Analysis - USUAL/USDT
Time: 2025-05-17 21:45:00+09:00
Type: dead
Cross Character (Current): Weak
Cross Character (New): Weak
Price at Cross: 0.1237

1. Pre-Cross Pattern (15min):
EMA Distance Changes (%): ['0.046', '0.031', '0.005', '0.028']
EMA12 Changes (%): ['-0.013', '-0.024', '-0.045', '-0.063']
Price Changes (%): ['0.081', '-0.081', '-0.161', '-0.161']
Candle Analysis:
    Body Sizes (%): ['0.161', '0.081', '0.081', '0.242']
    Upper Shadows (%): ['0.161', '0.081', '0.081', '0.000']
    Lower Shadows (%): ['0.242', '0.242', '0.161', '0.081']
Volumes: [np.float64(1039308.0), np.float64(679293.0), np.float64(406707.0), np.float64(217245.0)]
2025-05-17 21:45:29,086 - INFO - 
2. Post-Cross Movement (30min):
5min Price Changes (%): []
Maximum Change: 0.000% after 0 minutes
Candle Analysis:
    Body Sizes (%): []
    Upper Shadows (%): []
    Lower Shadows (%): []
Volumes: []
==================================================
2025-05-17 21:51:06,675 - INFO - 
==================================================
EMA Cross Analysis - BAKE/USDT
Time: 2025-05-17 21:45:00+09:00
Type: dead
Cross Character (Current): Weak
Cross Character (New): Weak
Price at Cross: 0.1295

1. Pre-Cross Pattern (15min):
EMA Distance Changes (%): ['0.094', '0.084', '0.051', '0.012']
EMA12 Changes (%): ['0.049', '-0.006', '-0.052', '-0.115']
Price Changes (%): ['0.307', '-0.306', '-0.307', '-0.461']
Candle Analysis:
    Body Sizes (%): ['0.383', '0.229', '0.307', '0.385']
    Upper Shadows (%): ['0.000', '0.076', '0.000', '0.000']
    Lower Shadows (%): ['0.153', '0.000', '0.153', '0.077']
Volumes: [np.float64(122515.0), np.float64(131707.0), np.float64(86918.0), np.float64(142699.0)]
2025-05-17 21:51:06,676 - INFO - 
2. Post-Cross Movement (30min):
5min Price Changes (%): ['-0.154']
Maximum Change: -0.154% after 5 minutes
Candle Analysis:
    Body Sizes (%): ['0.077']
    Upper Shadows (%): ['0.077']
    Lower Shadows (%): ['0.000']
Volumes: [np.float64(49503.0)]
==================================================
2025-05-17 21:51:12,529 - INFO - 
==================================================
EMA Cross Analysis - ATA/USDT
Time: 2025-05-17 21:45:00+09:00
Type: dead
Cross Character (Current): Weak
Cross Character (New): Weak
Price at Cross: 0.0575

1. Pre-Cross Pattern (15min):
EMA Distance Changes (%): ['0.016', '0.009', '0.015', '0.008']
EMA12 Changes (%): ['0.055', '0.047', '0.013', '-0.043']
Price Changes (%): ['0.522', '0.000', '-0.173', '-0.347']
Candle Analysis:
    Body Sizes (%): ['0.522', '0.000', '0.345', '0.174']
    Upper Shadows (%): ['0.000', '0.173', '0.000', '0.174']
    Lower Shadows (%): ['0.174', '0.173', '0.173', '0.174']
Volumes: [np.float64(150613.0), np.float64(24488.0), np.float64(61601.0), np.float64(66329.0)]
2025-05-17 21:51:12,530 - INFO - 
2. Post-Cross Movement (30min):
5min Price Changes (%): ['0.000']
Maximum Change: 0.000% after 0 minutes
Candle Analysis:
    Body Sizes (%): ['0.000']
    Upper Shadows (%): ['0.000']
    Lower Shadows (%): ['0.000']
Volumes: [np.float64(18490.0)]
==================================================
2025-05-17 21:51:13,073 - INFO - 
==================================================
EMA Cross Analysis - AVAX/USDT
Time: 2025-05-17 21:45:00+09:00
Type: dead
Cross Character (Current): Weak
Cross Character (New): Weak
Price at Cross: 22.688

1. Pre-Cross Pattern (15min):
EMA Distance Changes (%): ['0.029', '0.025', '0.007', '0.024']
EMA12 Changes (%): ['0.028', '-0.004', '-0.031', '-0.058']
Price Changes (%): ['0.176', '-0.180', '-0.184', '-0.202']
Candle Analysis:
    Body Sizes (%): ['0.176', '0.180', '0.171', '0.211']
    Upper Shadows (%): ['0.018', '0.061', '0.000', '0.000']
    Lower Shadows (%): ['0.202', '0.070', '0.053', '0.097']
Volumes: [np.float64(28542.0), np.float64(19568.0), np.float64(14760.0), np.float64(16923.0)]
2025-05-17 21:51:13,073 - INFO - 
2. Post-Cross Movement (30min):
5min Price Changes (%): ['0.018']
Maximum Change: 0.018% after 5 minutes
Candle Analysis:
    Body Sizes (%): ['0.013']
    Upper Shadows (%): ['0.048']
    Lower Shadows (%): ['0.062']
Volumes: [np.float64(2082.0)]
==================================================
2025-05-17 21:51:14,115 - INFO - 
==================================================
EMA Cross Analysis - ZEN/USDT
Time: 2025-05-17 21:45:00+09:00
Type: dead
Cross Character (Current): Weak
Cross Character (New): Weak
Price at Cross: 9.078

1. Pre-Cross Pattern (15min):
EMA Distance Changes (%): ['0.040', '0.044', '0.012', '0.020']
EMA12 Changes (%): ['0.043', '0.013', '-0.055', '-0.060']
Price Changes (%): ['0.285', '-0.153', '-0.427', '-0.088']
Candle Analysis:
    Body Sizes (%): ['0.307', '0.142', '0.438', '0.132']
    Upper Shadows (%): ['0.044', '0.088', '0.000', '0.011']
    Lower Shadows (%): ['0.230', '0.055', '0.022', '0.121']
Volumes: [np.float64(1743.1), np.float64(1500.5), np.float64(1526.9), np.float64(1397.8)]
2025-05-17 21:51:14,116 - INFO - 
2. Post-Cross Movement (30min):
5min Price Changes (%): ['-0.066']
Maximum Change: -0.066% after 5 minutes
Candle Analysis:
    Body Sizes (%): ['0.077']
    Upper Shadows (%): ['0.044']
    Lower Shadows (%): ['0.055']
Volumes: [np.float64(1041.5)]
==================================================
2025-05-17 21:51:14,554 - INFO - 
==================================================
EMA Cross Analysis - USUAL/USDT
Time: 2025-05-17 21:45:00+09:00
Type: dead
Cross Character (Current): Weak
Cross Character (New): Weak
Price at Cross: 0.1239

1. Pre-Cross Pattern (15min):
EMA Distance Changes (%): ['0.046', '0.031', '0.005', '0.015']
EMA12 Changes (%): ['-0.013', '-0.024', '-0.045', '-0.038']
Price Changes (%): ['0.081', '-0.081', '-0.161', '0.000']
Candle Analysis:
    Body Sizes (%): ['0.161', '0.081', '0.081', '0.081']
    Upper Shadows (%): ['0.161', '0.081', '0.081', '0.000']
    Lower Shadows (%): ['0.242', '0.242', '0.161', '0.242']
Volumes: [np.float64(1039308.0), np.float64(679293.0), np.float64(406707.0), np.float64(410455.0)]
2025-05-17 21:51:14,554 - INFO - 
2. Post-Cross Movement (30min):
5min Price Changes (%): ['0.000']
Maximum Change: 0.000% after 0 minutes
Candle Analysis:
    Body Sizes (%): ['0.081']
    Upper Shadows (%): ['0.081']
    Lower Shadows (%): ['0.000']
Volumes: [np.float64(69223.0)]
==================================================
2025-05-17 21:55:41,408 - INFO - 
==================================================
EMA Cross Analysis - DOGS/USDT
Time: 2025-05-17 21:55:00+09:00
Type: dead
Cross Character (Current): Weak
Cross Character (New): Weak
Price at Cross: 0.0001723

1. Pre-Cross Pattern (15min):
EMA Distance Changes (%): ['0.076', '0.056', '0.016', '0.006']
EMA12 Changes (%): ['-0.043', '-0.028', '-0.068', '-0.040']
Price Changes (%): ['-0.231', '0.058', '-0.290', '0.116']
Candle Analysis:
    Body Sizes (%): ['0.174', '0.116', '0.290', '0.116']
    Upper Shadows (%): ['0.058', '0.000', '0.174', '0.000']
    Lower Shadows (%): ['0.231', '0.174', '0.058', '0.058']
Volumes: [np.float64(111442098.0), np.float64(139118611.0), np.float64(147533558.0), np.float64(39692739.0)]
2025-05-17 21:55:41,408 - INFO - 
2. Post-Cross Movement (30min):
5min Price Changes (%): []
Maximum Change: 0.000% after 0 minutes
Candle Analysis:
    Body Sizes (%): []
    Upper Shadows (%): []
    Lower Shadows (%): []
Volumes: []
==================================================
2025-05-17 21:55:44,971 - INFO - 
==================================================
EMA Cross Analysis - PHA/USDT
Time: 2025-05-17 21:55:00+09:00
Type: dead
Cross Character (Current): Weak
Cross Character (New): Weak
Price at Cross: 0.12533

1. Pre-Cross Pattern (15min):
EMA Distance Changes (%): ['0.057', '0.035', '0.005', '0.006']
EMA12 Changes (%): ['0.002', '-0.034', '-0.053', '-0.020']
Price Changes (%): ['-0.072', '-0.231', '-0.160', '0.160']
Candle Analysis:
    Body Sizes (%): ['0.056', '0.223', '0.120', '0.128']
    Upper Shadows (%): ['0.040', '0.000', '0.263', '0.032']
    Lower Shadows (%): ['0.151', '0.040', '0.024', '0.016']
Volumes: [np.float64(50245.0), np.float64(32121.0), np.float64(52312.0), np.float64(40577.0)]
2025-05-17 21:55:44,972 - INFO - 
2. Post-Cross Movement (30min):
5min Price Changes (%): []
Maximum Change: 0.000% after 0 minutes
Candle Analysis:
    Body Sizes (%): []
    Upper Shadows (%): []
    Lower Shadows (%): []
Volumes: []
==================================================
2025-05-17 21:55:52,139 - INFO - 
==================================================
EMA Cross Analysis - VANA/USDT
Time: 2025-05-17 21:55:00+09:00
Type: dead
Cross Character (Current): Weak
Cross Character (New): Weak
Price at Cross: 5.63

1. Pre-Cross Pattern (15min):
EMA Distance Changes (%): ['0.057', '0.035', '0.004', '0.013']
EMA12 Changes (%): ['0.000', '-0.035', '-0.054', '-0.032']
Price Changes (%): ['-0.124', '-0.230', '-0.160', '0.089']
Candle Analysis:
    Body Sizes (%): ['0.071', '0.230', '0.195', '0.071']
    Upper Shadows (%): ['0.000', '0.000', '0.177', '0.000']
    Lower Shadows (%): ['0.124', '0.124', '0.018', '0.000']
Volumes: [np.float64(2810.96), np.float64(3229.12), np.float64(1166.36), np.float64(153.63)]
2025-05-17 21:55:52,139 - INFO - 
2. Post-Cross Movement (30min):
5min Price Changes (%): []
Maximum Change: 0.000% after 0 minutes
Candle Analysis:
    Body Sizes (%): []
    Upper Shadows (%): []
    Lower Shadows (%): []
Volumes: []
==================================================
2025-05-17 22:00:18,019 - INFO - 
==================================================
EMA Cross Analysis - DOGS/USDT
Time: 2025-05-17 21:55:00+09:00
Type: dead
Cross Character (Current): Weak
Cross Character (New): Weak
Price at Cross: 0.0001721

1. Pre-Cross Pattern (15min):
EMA Distance Changes (%): ['0.076', '0.056', '0.016', '0.015']
EMA12 Changes (%): ['-0.043', '-0.028', '-0.068', '-0.058']
Price Changes (%): ['-0.231', '0.058', '-0.290', '0.000']
Candle Analysis:
    Body Sizes (%): ['0.174', '0.116', '0.290', '0.000']
    Upper Shadows (%): ['0.058', '0.000', '0.174', '0.291']
    Lower Shadows (%): ['0.231', '0.174', '0.058', '0.116']
Volumes: [np.float64(111442098.0), np.float64(139118611.0), np.float64(147533558.0), np.float64(99993690.0)]
2025-05-17 22:00:18,019 - INFO - 
2. Post-Cross Movement (30min):
5min Price Changes (%): ['0.000']
Maximum Change: 0.000% after 0 minutes
Candle Analysis:
    Body Sizes (%): ['0.000']
    Upper Shadows (%): ['0.000']
    Lower Shadows (%): ['0.058']
Volumes: [np.float64(19513850.0)]
==================================================
2025-05-17 22:00:21,876 - INFO - 
==================================================
EMA Cross Analysis - ATOM/USDT
Time: 2025-05-17 22:00:00+09:00
Type: dead
Cross Character (Current): Weak
Cross Character (New): Weak
Price at Cross: 4.754

1. Pre-Cross Pattern (15min):
EMA Distance Changes (%): ['0.138', '0.076', '0.023', '0.013']
EMA12 Changes (%): ['-0.044', '-0.102', '-0.089', '-0.066']
Price Changes (%): ['-0.146', '-0.419', '-0.021', '0.063']
Candle Analysis:
    Body Sizes (%): ['0.126', '0.419', '0.021', '0.063']
    Upper Shadows (%): ['0.000', '0.084', '0.147', '0.000']
    Lower Shadows (%): ['0.063', '0.105', '0.084', '0.000']
Volumes: [np.float64(23860.97), np.float64(83658.59), np.float64(34299.27), np.float64(2205.1)]
2025-05-17 22:00:21,877 - INFO - 
2. Post-Cross Movement (30min):
5min Price Changes (%): []
Maximum Change: 0.000% after 0 minutes
Candle Analysis:
    Body Sizes (%): []
    Upper Shadows (%): []
    Lower Shadows (%): []
Volumes: []
==================================================
2025-05-17 22:00:22,136 - INFO - 
==================================================
EMA Cross Analysis - PHA/USDT
Time: 2025-05-17 21:55:00+09:00
Type: dead
Cross Character (Current): Weak
Cross Character (New): Weak
Price at Cross: 0.12525

1. Pre-Cross Pattern (15min):
EMA Distance Changes (%): ['0.057', '0.035', '0.005', '0.011']
EMA12 Changes (%): ['0.002', '-0.034', '-0.053', '-0.030']
Price Changes (%): ['-0.072', '-0.231', '-0.160', '0.096']
Candle Analysis:
    Body Sizes (%): ['0.056', '0.223', '0.120', '0.064']
    Upper Shadows (%): ['0.040', '0.000', '0.263', '0.264']
    Lower Shadows (%): ['0.151', '0.040', '0.024', '0.048']
Volumes: [np.float64(50245.0), np.float64(32121.0), np.float64(52312.0), np.float64(73309.0)]
2025-05-17 22:00:22,137 - INFO - 
2. Post-Cross Movement (30min):
5min Price Changes (%): ['0.016']
Maximum Change: 0.016% after 5 minutes
Candle Analysis:
    Body Sizes (%): ['0.008']
    Upper Shadows (%): ['0.016']
    Lower Shadows (%): ['0.040']
Volumes: [np.float64(3063.0)]
==================================================
2025-05-17 22:00:25,259 - INFO - 
==================================================
EMA Cross Analysis - EOS/USDT
Time: 2025-05-17 22:00:00+09:00
Type: dead
Cross Character (Current): Weak
Cross Character (New): Weak
Price at Cross: 0.793

1. Pre-Cross Pattern (15min):
EMA Distance Changes (%): ['0.039', '0.028', '0.009', '0.006']
EMA12 Changes (%): ['0.004', '-0.016', '-0.033', '-0.028']
Price Changes (%): ['-0.376', '-0.126', '-0.126', '0.000']
Candle Analysis:
    Body Sizes (%): ['0.251', '0.126', '0.126', '0.126']
    Upper Shadows (%): ['0.125', '0.377', '0.126', '0.000']
    Lower Shadows (%): ['0.000', '0.000', '0.252', '0.000']
Volumes: [np.float64(224303.4), np.float64(167569.8), np.float64(296765.7), np.float64(5501.7)]
2025-05-17 22:00:25,259 - INFO - 
2. Post-Cross Movement (30min):
5min Price Changes (%): []
Maximum Change: 0.000% after 0 minutes
Candle Analysis:
    Body Sizes (%): []
    Upper Shadows (%): []
    Lower Shadows (%): []
Volumes: []
==================================================
2025-05-17 22:00:26,026 - INFO - 
==================================================
EMA Cross Analysis - WLD/USDT
Time: 2025-05-17 21:55:00+09:00
Type: dead
Cross Character (Current): Weak
Cross Character (New): Weak
Price at Cross: 1.0727

1. Pre-Cross Pattern (15min):
EMA Distance Changes (%): ['0.083', '0.062', '0.029', '0.006']
EMA12 Changes (%): ['-0.001', '-0.028', '-0.055', '-0.064']
Price Changes (%): ['-0.157', '-0.176', '-0.204', '-0.112']
Candle Analysis:
    Body Sizes (%): ['0.139', '0.195', '0.214', '0.121']
    Upper Shadows (%): ['0.000', '0.000', '0.121', '0.168']
    Lower Shadows (%): ['0.074', '0.093', '0.028', '0.037']
Volumes: [np.float64(202831.0), np.float64(187066.0), np.float64(137961.0), np.float64(143385.0)]
2025-05-17 22:00:26,026 - INFO - 
2. Post-Cross Movement (30min):
5min Price Changes (%): ['0.028']
Maximum Change: 0.028% after 5 minutes
Candle Analysis:
    Body Sizes (%): ['0.009']
    Upper Shadows (%): ['0.047']
    Lower Shadows (%): ['0.019']
Volumes: [np.float64(16006.0)]
==================================================
2025-05-17 22:00:30,252 - INFO - 
==================================================
EMA Cross Analysis - VANA/USDT
Time: 2025-05-17 21:55:00+09:00
Type: dead
Cross Character (Current): Weak
Cross Character (New): Weak
Price at Cross: 5.625

1. Pre-Cross Pattern (15min):
EMA Distance Changes (%): ['0.057', '0.035', '0.004', '0.020']
EMA12 Changes (%): ['0.000', '-0.035', '-0.054', '-0.046']
Price Changes (%): ['-0.124', '-0.230', '-0.160', '0.000']
Candle Analysis:
    Body Sizes (%): ['0.071', '0.230', '0.195', '0.018']
    Upper Shadows (%): ['0.000', '0.000', '0.177', '0.160']
    Lower Shadows (%): ['0.124', '0.124', '0.018', '0.089']
Volumes: [np.float64(2810.96), np.float64(3229.12), np.float64(1166.36), np.float64(1624.95)]
2025-05-17 22:00:30,252 - INFO - 
2. Post-Cross Movement (30min):
5min Price Changes (%): ['0.000']
Maximum Change: 0.000% after 0 minutes
Candle Analysis:
    Body Sizes (%): ['0.036']
    Upper Shadows (%): ['0.000']
    Lower Shadows (%): ['0.018']
Volumes: [np.float64(98.46)]
==================================================
2025-05-17 22:06:07,119 - INFO - 
==================================================
EMA Cross Analysis - BOME/USDT
Time: 2025-05-17 22:05:00+09:00
Type: dead
Cross Character (Current): Weak
Cross Character (New): Weak
Price at Cross: 0.002106

1. Pre-Cross Pattern (15min):
EMA Distance Changes (%): ['0.126', '0.076', '0.040', '0.004']
EMA12 Changes (%): ['-0.067', '-0.078', '-0.059', '-0.079']
Price Changes (%): ['-0.236', '-0.142', '0.047', '-0.190']
Candle Analysis:
    Body Sizes (%): ['0.236', '0.142', '0.000', '0.142']
    Upper Shadows (%): ['0.189', '0.142', '0.284', '0.000']
    Lower Shadows (%): ['0.047', '0.142', '0.379', '0.142']
Volumes: [np.float64(16763386.0), np.float64(57546682.0), np.float64(60702617.0), np.float64(10147570.0)]
2025-05-17 22:06:07,119 - INFO - 
2. Post-Cross Movement (30min):
5min Price Changes (%): []
Maximum Change: 0.000% after 0 minutes
Candle Analysis:
    Body Sizes (%): []
    Upper Shadows (%): []
    Lower Shadows (%): []
Volumes: []
==================================================
2025-05-17 22:06:10,185 - INFO - 
==================================================
EMA Cross Analysis - ATOM/USDT
Time: 2025-05-17 22:00:00+09:00
Type: dead
Cross Character (Current): Weak
Cross Character (New): Weak
Price at Cross: 4.752

1. Pre-Cross Pattern (15min):
EMA Distance Changes (%): ['0.138', '0.076', '0.023', '0.016']
EMA12 Changes (%): ['-0.044', '-0.102', '-0.089', '-0.072']
Price Changes (%): ['-0.146', '-0.419', '-0.021', '0.021']
Candle Analysis:
    Body Sizes (%): ['0.126', '0.419', '0.021', '0.021']
    Upper Shadows (%): ['0.000', '0.084', '0.147', '0.210']
    Lower Shadows (%): ['0.063', '0.105', '0.084', '0.084']
Volumes: [np.float64(23860.97), np.float64(83658.59), np.float64(34299.27), np.float64(26900.3)]
2025-05-17 22:06:10,186 - INFO - 
2. Post-Cross Movement (30min):
5min Price Changes (%): ['-0.126']
Maximum Change: -0.126% after 5 minutes
Candle Analysis:
    Body Sizes (%): ['0.126']
    Upper Shadows (%): ['0.000']
    Lower Shadows (%): ['0.105']
Volumes: [np.float64(7775.33)]
==================================================
2025-05-17 22:06:10,687 - INFO - 
==================================================
EMA Cross Analysis - ORDI/USDT
Time: 2025-05-17 22:05:00+09:00
Type: dead
Cross Character (Current): Weak
Cross Character (New): Weak
Price at Cross: 9.381

1. Pre-Cross Pattern (15min):
EMA Distance Changes (%): ['0.114', '0.052', '0.003', '0.052']
EMA12 Changes (%): ['-0.048', '-0.104', '-0.087', '-0.104']
Price Changes (%): ['-0.243', '-0.413', '0.011', '-0.202']
Candle Analysis:
    Body Sizes (%): ['0.243', '0.413', '0.011', '0.192']
    Upper Shadows (%): ['0.190', '0.074', '0.266', '0.000']
    Lower Shadows (%): ['0.021', '0.074', '0.255', '0.138']
Volumes: [np.float64(14616.0), np.float64(56960.3), np.float64(53276.8), np.float64(6171.4)]
2025-05-17 22:06:10,687 - INFO - 
2. Post-Cross Movement (30min):
5min Price Changes (%): []
Maximum Change: 0.000% after 0 minutes
Candle Analysis:
    Body Sizes (%): []
    Upper Shadows (%): []
    Lower Shadows (%): []
Volumes: []
==================================================
2025-05-17 22:06:13,403 - INFO - 
==================================================
EMA Cross Analysis - EOS/USDT
Time: 2025-05-17 22:05:00+09:00
Type: dead
Cross Character (Current): Weak
Cross Character (New): Weak
Price at Cross: 0.792

1. Pre-Cross Pattern (15min):
EMA Distance Changes (%): ['0.028', '0.009', '0.004', '0.020']
EMA12 Changes (%): ['-0.016', '-0.033', '-0.008', '-0.046']
Price Changes (%): ['-0.126', '-0.126', '0.126', '-0.252']
Candle Analysis:
    Body Sizes (%): ['0.126', '0.126', '0.253', '0.126']
    Upper Shadows (%): ['0.377', '0.126', '0.000', '0.126']
    Lower Shadows (%): ['0.000', '0.252', '0.126', '0.000']
Volumes: [np.float64(167569.8), np.float64(296765.7), np.float64(319709.7), np.float64(23399.8)]
2025-05-17 22:06:13,403 - INFO - 
2. Post-Cross Movement (30min):
5min Price Changes (%): []
Maximum Change: 0.000% after 0 minutes
Candle Analysis:
    Body Sizes (%): []
    Upper Shadows (%): []
    Lower Shadows (%): []
Volumes: []
==================================================
2025-05-17 22:06:15,379 - INFO - 
==================================================
EMA Cross Analysis - SUI/USDT
Time: 2025-05-17 22:00:00+09:00
Type: golden
Cross Character (Current): Weak
Cross Character (New): Weak
Price at Cross: 3.7795

1. Pre-Cross Pattern (15min):
EMA Distance Changes (%): ['0.014', '0.032', '0.022', '0.001']
EMA12 Changes (%): ['0.007', '-0.037', '0.015', '0.041']
Price Changes (%): ['-0.042', '-0.278', '0.300', '0.180']
Candle Analysis:
    Body Sizes (%): ['0.040', '0.273', '0.300', '0.170']
    Upper Shadows (%): ['0.027', '0.119', '0.013', '0.106']
    Lower Shadows (%): ['0.133', '0.011', '0.000', '0.196']
Volumes: [np.float64(195922.1), np.float64(265774.9), np.float64(288184.9), np.float64(669746.6)]
2025-05-17 22:06:15,379 - INFO - 
2. Post-Cross Movement (30min):
5min Price Changes (%): ['-0.114']
Maximum Change: -0.114% after 5 minutes
Candle Analysis:
    Body Sizes (%): ['0.114']
    Upper Shadows (%): ['0.000']
    Lower Shadows (%): ['0.138']
Volumes: [np.float64(87274.1)]
==================================================
2025-05-17 22:10:43,334 - INFO - 
==================================================
EMA Cross Analysis - BOME/USDT
Time: 2025-05-17 22:05:00+09:00
Type: dead
Cross Character (Current): Weak
Cross Character (New): Weak
Price at Cross: 0.002102

1. Pre-Cross Pattern (15min):
EMA Distance Changes (%): ['0.126', '0.076', '0.040', '0.019']
EMA12 Changes (%): ['-0.067', '-0.078', '-0.059', '-0.108']
Price Changes (%): ['-0.236', '-0.142', '0.047', '-0.379']
Candle Analysis:
    Body Sizes (%): ['0.236', '0.142', '0.000', '0.332']
    Upper Shadows (%): ['0.189', '0.142', '0.284', '0.000']
    Lower Shadows (%): ['0.047', '0.142', '0.379', '0.047']
Volumes: [np.float64(16763386.0), np.float64(57546682.0), np.float64(60702617.0), np.float64(43370231.0)]
2025-05-17 22:10:43,334 - INFO - 
2. Post-Cross Movement (30min):
5min Price Changes (%): ['0.190']
Maximum Change: 0.190% after 5 minutes
Candle Analysis:
    Body Sizes (%): ['0.190']
    Upper Shadows (%): ['0.048']
    Lower Shadows (%): ['0.000']
Volumes: [np.float64(8302068.0)]
==================================================
2025-05-17 22:10:47,052 - INFO - 
==================================================
EMA Cross Analysis - ORDI/USDT
Time: 2025-05-17 22:05:00+09:00
Type: dead
Cross Character (Current): Weak
Cross Character (New): Weak
Price at Cross: 9.354

1. Pre-Cross Pattern (15min):
EMA Distance Changes (%): ['0.114', '0.052', '0.003', '0.075']
EMA12 Changes (%): ['-0.048', '-0.104', '-0.087', '-0.148']
Price Changes (%): ['-0.243', '-0.413', '0.011', '-0.489']
Candle Analysis:
    Body Sizes (%): ['0.243', '0.413', '0.011', '0.479']
    Upper Shadows (%): ['0.190', '0.074', '0.266', '0.000']
    Lower Shadows (%): ['0.021', '0.074', '0.255', '0.074']
Volumes: [np.float64(14616.0), np.float64(56960.3), np.float64(53276.8), np.float64(33682.0)]
2025-05-17 22:10:47,052 - INFO - 
2. Post-Cross Movement (30min):
5min Price Changes (%): ['0.246']
Maximum Change: 0.246% after 5 minutes
Candle Analysis:
    Body Sizes (%): ['0.235']
    Upper Shadows (%): ['0.011']
    Lower Shadows (%): ['0.000']
Volumes: [np.float64(5574.0)]
==================================================
2025-05-17 22:10:49,716 - INFO - 
==================================================
EMA Cross Analysis - EOS/USDT
Time: 2025-05-17 22:05:00+09:00
Type: dead
Cross Character (Current): Weak
Cross Character (New): Weak
Price at Cross: 0.792

1. Pre-Cross Pattern (15min):
EMA Distance Changes (%): ['0.028', '0.009', '0.004', '0.020']
EMA12 Changes (%): ['-0.016', '-0.033', '-0.008', '-0.046']
Price Changes (%): ['-0.126', '-0.126', '0.126', '-0.252']
Candle Analysis:
    Body Sizes (%): ['0.126', '0.126', '0.253', '0.126']
    Upper Shadows (%): ['0.377', '0.126', '0.000', '0.126']
    Lower Shadows (%): ['0.000', '0.252', '0.126', '0.252']
Volumes: [np.float64(167569.8), np.float64(296765.7), np.float64(319709.7), np.float64(225763.2)]
2025-05-17 22:10:49,717 - INFO - 
2. Post-Cross Movement (30min):
5min Price Changes (%): ['0.000']
Maximum Change: 0.000% after 0 minutes
Candle Analysis:
    Body Sizes (%): ['0.126']
    Upper Shadows (%): ['0.126']
    Lower Shadows (%): ['0.000']
Volumes: [np.float64(21485.7)]
==================================================
2025-05-17 22:10:51,870 - INFO - 
==================================================
EMA Cross Analysis - SUI/USDT
Time: 2025-05-17 22:10:00+09:00
Type: golden
Cross Character (Current): Weak
Cross Character (New): Weak
Price at Cross: 3.7805

1. Pre-Cross Pattern (15min):
EMA Distance Changes (%): ['0.022', '0.001', '0.003', '0.017']
EMA12 Changes (%): ['0.015', '0.041', '-0.008', '0.040']
Price Changes (%): ['0.300', '0.180', '-0.273', '0.300']
Candle Analysis:
    Body Sizes (%): ['0.300', '0.170', '0.273', '0.297']
    Upper Shadows (%): ['0.013', '0.106', '0.037', '0.000']
    Lower Shadows (%): ['0.000', '0.196', '0.011', '0.000']
Volumes: [np.float64(288184.9), np.float64(669746.6), np.float64(454871.8), np.float64(78449.7)]
2025-05-17 22:10:51,870 - INFO - 
2. Post-Cross Movement (30min):
5min Price Changes (%): []
Maximum Change: 0.000% after 0 minutes
Candle Analysis:
    Body Sizes (%): []
    Upper Shadows (%): []
    Lower Shadows (%): []
Volumes: []
==================================================
2025-05-17 22:10:54,108 - INFO - 
==================================================
EMA Cross Analysis - BRETT/USDT
Time: 2025-05-17 22:05:00+09:00
Type: dead
Cross Character (Current): Weak
Cross Character (New): Weak
Price at Cross: 0.06574

1. Pre-Cross Pattern (15min):
EMA Distance Changes (%): ['0.120', '0.081', '0.044', '0.012']
EMA12 Changes (%): ['-0.048', '-0.057', '-0.060', '-0.102']
Price Changes (%): ['-0.437', '-0.106', '-0.076', '-0.334']
Candle Analysis:
    Body Sizes (%): ['0.437', '0.091', '0.076', '0.318']
    Upper Shadows (%): ['0.271', '0.318', '0.151', '0.015']
    Lower Shadows (%): ['0.060', '0.061', '0.424', '0.167']
Volumes: [np.float64(160817.0), np.float64(309166.0), np.float64(662005.0), np.float64(319395.0)]
2025-05-17 22:10:54,109 - INFO - 
2. Post-Cross Movement (30min):
5min Price Changes (%): ['0.274']
Maximum Change: 0.274% after 5 minutes
Candle Analysis:
    Body Sizes (%): ['0.274']
    Upper Shadows (%): ['0.000']
    Lower Shadows (%): ['0.000']
Volumes: [np.float64(60681.0)]
==================================================
2025-05-17 22:15:24,470 - INFO - 
==================================================
EMA Cross Analysis - PHA/USDT
Time: 2025-05-17 22:10:00+09:00
Type: golden
Cross Character (Current): Weak
Cross Character (New): Weak
Price at Cross: 0.12621

1. Pre-Cross Pattern (15min):
EMA Distance Changes (%): ['0.011', '0.027', '0.054', '0.005']
EMA12 Changes (%): ['-0.030', '-0.033', '-0.055', '0.106']
Price Changes (%): ['0.096', '-0.048', '-0.176', '0.992']
Candle Analysis:
    Body Sizes (%): ['0.064', '0.072', '0.192', '0.936']
    Upper Shadows (%): ['0.264', '0.168', '0.000', '0.160']
    Lower Shadows (%): ['0.048', '0.160', '0.088', '0.008']
Volumes: [np.float64(73309.0), np.float64(49451.0), np.float64(47934.0), np.float64(196465.0)]
2025-05-17 22:15:24,470 - INFO - 
2. Post-Cross Movement (30min):
5min Price Changes (%): ['-0.063']
Maximum Change: -0.063% after 5 minutes
Candle Analysis:
    Body Sizes (%): ['0.048']
    Upper Shadows (%): ['0.055']
    Lower Shadows (%): ['0.000']
Volumes: [np.float64(3091.0)]
==================================================
2025-05-17 22:15:29,188 - INFO - 
==================================================
EMA Cross Analysis - ATA/USDT
Time: 2025-05-17 22:15:00+09:00
Type: golden
Cross Character (Current): Weak
Cross Character (New): Weak
Price at Cross: 0.0578

1. Pre-Cross Pattern (15min):
EMA Distance Changes (%): ['0.075', '0.091', '0.019', '0.010']
EMA12 Changes (%): ['-0.048', '-0.041', '0.126', '0.053']
Price Changes (%): ['0.000', '0.000', '1.045', '-0.345']
Candle Analysis:
    Body Sizes (%): ['0.174', '0.000', '0.870', '0.173']
    Upper Shadows (%): ['0.174', '0.174', '0.174', '0.000']
    Lower Shadows (%): ['0.348', '0.348', '0.000', '0.000']
Volumes: [np.float64(183251.0), np.float64(40392.0), np.float64(140350.0), np.float64(12797.0)]
2025-05-17 22:15:29,189 - INFO - 
2. Post-Cross Movement (30min):
5min Price Changes (%): []
Maximum Change: 0.000% after 0 minutes
Candle Analysis:
    Body Sizes (%): []
    Upper Shadows (%): []
    Lower Shadows (%): []
Volumes: []
==================================================
2025-05-17 22:15:29,818 - INFO - 
==================================================
EMA Cross Analysis - SUI/USDT
Time: 2025-05-17 22:10:00+09:00
Type: golden
Cross Character (Current): Weak
Cross Character (New): Weak
Price at Cross: 3.7955

1. Pre-Cross Pattern (15min):
EMA Distance Changes (%): ['0.022', '0.001', '0.003', '0.049']
EMA12 Changes (%): ['0.015', '0.041', '-0.008', '0.101']
Price Changes (%): ['0.300', '0.180', '-0.273', '0.698']
Candle Analysis:
    Body Sizes (%): ['0.300', '0.170', '0.273', '0.695']
    Upper Shadows (%): ['0.013', '0.106', '0.037', '0.021']
    Lower Shadows (%): ['0.000', '0.196', '0.011', '0.000']
Volumes: [np.float64(288184.9), np.float64(669746.6), np.float64(454871.8), np.float64(847455.5)]
2025-05-17 22:15:29,818 - INFO - 
2. Post-Cross Movement (30min):
5min Price Changes (%): ['-0.076']
Maximum Change: -0.076% after 5 minutes
Candle Analysis:
    Body Sizes (%): ['0.074']
    Upper Shadows (%): ['0.050']
    Lower Shadows (%): ['0.032']
Volumes: [np.float64(92140.2)]
==================================================
2025-05-17 22:20:05,525 - INFO - 
==================================================
EMA Cross Analysis - GOAT/USDT
Time: 2025-05-17 22:20:00+09:00
Type: dead
Cross Character (Current): Weak
Cross Character (New): Weak
Price at Cross: 0.13485

1. Pre-Cross Pattern (15min):
EMA Distance Changes (%): ['0.199', '0.134', '0.021', '0.067']
EMA12 Changes (%): ['-0.201', '-0.094', '-0.200', '-0.164']
Price Changes (%): ['-0.843', '0.503', '-0.788', '0.037']
Candle Analysis:
    Body Sizes (%): ['0.836', '0.503', '0.788', '0.030']
    Upper Shadows (%): ['0.095', '0.096', '0.052', '0.015']
    Lower Shadows (%): ['0.081', '0.207', '0.140', '0.007']
Volumes: [np.float64(1296679.0), np.float64(2747131.0), np.float64(2652341.0), np.float64(10927.0)]
2025-05-17 22:20:05,525 - INFO - 
2. Post-Cross Movement (30min):
5min Price Changes (%): []
Maximum Change: 0.000% after 0 minutes
Candle Analysis:
    Body Sizes (%): []
    Upper Shadows (%): []
    Lower Shadows (%): []
Volumes: []
==================================================
2025-05-17 22:21:10,081 - INFO - 
==================================================
EMA Cross Analysis - BAKE/USDT
Time: 2025-05-17 22:20:00+09:00
Type: golden
Cross Character (Current): Weak
Cross Character (New): Weak
Price at Cross: 0.1306

1. Pre-Cross Pattern (15min):
EMA Distance Changes (%): ['0.148', '0.076', '0.025', '0.002']
EMA12 Changes (%): ['-0.031', '0.116', '0.086', '0.049']
Price Changes (%): ['0.000', '0.925', '-0.076', '-0.153']
Candle Analysis:
    Body Sizes (%): ['0.000', '0.847', '0.153', '0.153']
    Upper Shadows (%): ['0.077', '0.077', '0.076', '0.076']
    Lower Shadows (%): ['0.231', '0.077', '0.076', '0.000']
Volumes: [np.float64(86651.0), np.float64(205927.0), np.float64(363512.0), np.float64(87540.0)]
2025-05-17 22:21:10,081 - INFO - 
2. Post-Cross Movement (30min):
5min Price Changes (%): []
Maximum Change: 0.000% after 0 minutes
Candle Analysis:
    Body Sizes (%): []
    Upper Shadows (%): []
    Lower Shadows (%): []
Volumes: []
==================================================
2025-05-17 22:25:45,103 - INFO - 
==================================================
EMA Cross Analysis - BAN/USDT
Time: 2025-05-17 22:25:00+09:00
Type: dead
Cross Character (Current): Weak
Cross Character (New): Weak
Price at Cross: 0.05792

1. Pre-Cross Pattern (15min):
EMA Distance Changes (%): ['0.061', '0.059', '0.010', '0.034']
EMA12 Changes (%): ['0.006', '0.005', '-0.085', '-0.083']
Price Changes (%): ['0.604', '0.000', '-0.583', '-0.069']
Candle Analysis:
    Body Sizes (%): ['0.587', '0.051', '0.583', '0.052']
    Upper Shadows (%): ['0.121', '0.240', '0.000', '0.000']
    Lower Shadows (%): ['0.052', '0.017', '0.017', '0.017']
Volumes: [np.float64(126008.0), np.float64(39452.0), np.float64(57158.0), np.float64(6140.0)]
2025-05-17 22:25:45,103 - INFO - 
2. Post-Cross Movement (30min):
5min Price Changes (%): []
Maximum Change: 0.000% after 0 minutes
Candle Analysis:
    Body Sizes (%): []
    Upper Shadows (%): []
    Lower Shadows (%): []
Volumes: []
==================================================
2025-05-17 22:25:46,630 - INFO - 
==================================================
EMA Cross Analysis - HIPPO/USDT
Time: 2025-05-17 22:25:00+09:00
Type: dead
Cross Character (Current): Weak
Cross Character (New): Weak
Price at Cross: 0.002969

1. Pre-Cross Pattern (15min):
EMA Distance Changes (%): ['0.245', '0.168', '0.063', '0.002']
EMA12 Changes (%): ['-0.104', '-0.113', '-0.178', '-0.115']
Price Changes (%): ['0.034', '-0.168', '-0.537', '0.236']
Candle Analysis:
    Body Sizes (%): ['0.034', '0.235', '0.537', '0.236']
    Upper Shadows (%): ['0.436', '0.302', '0.067', '0.135']
    Lower Shadows (%): ['0.168', '0.134', '0.269', '0.000']
Volumes: [np.float64(29373508.0), np.float64(47231012.0), np.float64(83943620.0), np.float64(7915062.0)]
2025-05-17 22:25:46,630 - INFO - 
2. Post-Cross Movement (30min):
5min Price Changes (%): []
Maximum Change: 0.000% after 0 minutes
Candle Analysis:
    Body Sizes (%): []
    Upper Shadows (%): []
    Lower Shadows (%): []
Volumes: []
==================================================
2025-05-17 22:25:48,838 - INFO - 
==================================================
EMA Cross Analysis - PHA/USDT
Time: 2025-05-17 22:20:00+09:00
Type: dead
Cross Character (Current): Weak
Cross Character (New): Weak
Price at Cross: 0.12489

1. Pre-Cross Pattern (15min):
EMA Distance Changes (%): ['0.054', '0.005', '0.042', '0.004']
EMA12 Changes (%): ['-0.055', '0.106', '0.071', '-0.083']
Price Changes (%): ['-0.176', '0.992', '-0.119', '-0.928']
Candle Analysis:
    Body Sizes (%): ['0.192', '0.936', '0.103', '0.920']
    Upper Shadows (%): ['0.000', '0.160', '0.151', '0.016']
    Lower Shadows (%): ['0.088', '0.008', '0.024', '0.008']
Volumes: [np.float64(47934.0), np.float64(196465.0), np.float64(30538.0), np.float64(104981.0)]
2025-05-17 22:25:48,838 - INFO - 
2. Post-Cross Movement (30min):
5min Price Changes (%): ['0.120']
Maximum Change: 0.120% after 5 minutes
Candle Analysis:
    Body Sizes (%): ['0.104']
    Upper Shadows (%): ['0.000']
    Lower Shadows (%): ['0.000']
Volumes: [np.float64(13137.0)]
==================================================
2025-05-17 22:25:53,347 - INFO - 
==================================================
EMA Cross Analysis - AIXBT/USDT
Time: 2025-05-17 22:20:00+09:00
Type: dead
Cross Character (Current): Weak
Cross Character (New): Weak
Price at Cross: 0.16494

1. Pre-Cross Pattern (15min):
EMA Distance Changes (%): ['0.083', '0.096', '0.068', '0.010']
EMA12 Changes (%): ['-0.132', '0.038', '-0.040', '-0.141']
Price Changes (%): ['-0.584', '0.980', '-0.467', '-0.698']
Candle Analysis:
    Body Sizes (%): ['0.607', '0.980', '0.467', '0.692']
    Upper Shadows (%): ['0.012', '0.067', '0.000', '0.024']
    Lower Shadows (%): ['0.078', '0.000', '0.018', '0.102']
Volumes: [np.float64(1049494.0), np.float64(1221491.0), np.float64(404387.0), np.float64(537859.0)]
2025-05-17 22:25:53,347 - INFO - 
2. Post-Cross Movement (30min):
5min Price Changes (%): ['0.121']
Maximum Change: 0.121% after 5 minutes
Candle Analysis:
    Body Sizes (%): ['0.109']
    Upper Shadows (%): ['0.030']
    Lower Shadows (%): ['0.012']
Volumes: [np.float64(66744.0)]
==================================================
2025-05-17 22:25:54,736 - INFO - 
==================================================
EMA Cross Analysis - GOAT/USDT
Time: 2025-05-17 22:20:00+09:00
Type: dead
Cross Character (Current): Weak
Cross Character (New): Weak
Price at Cross: 0.13325

1. Pre-Cross Pattern (15min):
EMA Distance Changes (%): ['0.199', '0.134', '0.021', '0.163']
EMA12 Changes (%): ['-0.201', '-0.094', '-0.200', '-0.344']
Price Changes (%): ['-0.843', '0.503', '-0.788', '-1.150']
Candle Analysis:
    Body Sizes (%): ['0.836', '0.503', '0.788', '1.157']
    Upper Shadows (%): ['0.095', '0.096', '0.052', '0.045']
    Lower Shadows (%): ['0.081', '0.207', '0.140', '0.089']
Volumes: [np.float64(1296679.0), np.float64(2747131.0), np.float64(2652341.0), np.float64(6254230.0)]
2025-05-17 22:25:54,736 - INFO - 
2. Post-Cross Movement (30min):
5min Price Changes (%): ['0.150']
Maximum Change: 0.150% after 5 minutes
Candle Analysis:
    Body Sizes (%): ['0.173']
    Upper Shadows (%): ['0.113']
    Lower Shadows (%): ['0.000']
Volumes: [np.float64(554588.0)]
==================================================
2025-05-17 22:25:56,254 - INFO - 
==================================================
EMA Cross Analysis - BRETT/USDT
Time: 2025-05-17 22:20:00+09:00
Type: dead
Cross Character (Current): Weak
Cross Character (New): Weak
Price at Cross: 0.06546

1. Pre-Cross Pattern (15min):
EMA Distance Changes (%): ['0.012', '0.024', '0.025', '0.062']
EMA12 Changes (%): ['-0.102', '0.067', '0.006', '-0.163']
Price Changes (%): ['-0.334', '1.004', '-0.331', '-1.088']
Candle Analysis:
    Body Sizes (%): ['0.318', '1.004', '0.301', '1.073']
    Upper Shadows (%): ['0.015', '0.061', '0.060', '0.076']
    Lower Shadows (%): ['0.167', '0.000', '0.015', '0.091']
Volumes: [np.float64(319395.0), np.float64(385789.0), np.float64(210434.0), np.float64(665184.0)]
2025-05-17 22:25:56,255 - INFO - 
2. Post-Cross Movement (30min):
5min Price Changes (%): ['0.031']
Maximum Change: 0.031% after 5 minutes
Candle Analysis:
    Body Sizes (%): ['0.031']
    Upper Shadows (%): ['0.046']
    Lower Shadows (%): ['0.046']
Volumes: [np.float64(63851.0)]
==================================================
2025-05-17 22:25:56,901 - INFO - 
==================================================
EMA Cross Analysis - MELANIA/USDT
Time: 2025-05-17 22:25:00+09:00
Type: dead
Cross Character (Current): Weak
Cross Character (New): Weak
Price at Cross: 0.3213

1. Pre-Cross Pattern (15min):
EMA Distance Changes (%): ['0.089', '0.081', '0.025', '0.020']
EMA12 Changes (%): ['0.070', '-0.003', '-0.097', '-0.083']
Price Changes (%): ['0.558', '-0.400', '-0.619', '0.000']
Candle Analysis:
    Body Sizes (%): ['0.558', '0.400', '0.557', '0.031']
    Upper Shadows (%): ['0.093', '0.000', '0.000', '0.031']
    Lower Shadows (%): ['0.000', '0.062', '0.000', '0.000']
Volumes: [np.float64(157351.07), np.float64(73980.41), np.float64(318906.29), np.float64(21862.88)]
2025-05-17 22:25:56,901 - INFO - 
2. Post-Cross Movement (30min):
5min Price Changes (%): []
Maximum Change: 0.000% after 0 minutes
Candle Analysis:
    Body Sizes (%): []
    Upper Shadows (%): []
    Lower Shadows (%): []
Volumes: []
==================================================
2025-05-17 22:30:22,448 - INFO - 
==================================================
EMA Cross Analysis - BAN/USDT
Time: 2025-05-17 22:25:00+09:00
Type: dead
Cross Character (Current): Weak
Cross Character (New): Weak
Price at Cross: 0.05802

1. Pre-Cross Pattern (15min):
EMA Distance Changes (%): ['0.061', '0.059', '0.010', '0.020']
EMA12 Changes (%): ['0.006', '0.005', '-0.085', '-0.056']
Price Changes (%): ['0.604', '0.000', '-0.583', '0.104']
Candle Analysis:
    Body Sizes (%): ['0.587', '0.051', '0.583', '0.121']
    Upper Shadows (%): ['0.121', '0.240', '0.000', '0.052']
    Lower Shadows (%): ['0.052', '0.017', '0.017', '0.069']
Volumes: [np.float64(126008.0), np.float64(39452.0), np.float64(57158.0), np.float64(40232.0)]
2025-05-17 22:30:22,448 - INFO - 
2. Post-Cross Movement (30min):
5min Price Changes (%): ['-0.069']
Maximum Change: -0.069% after 5 minutes
Candle Analysis:
    Body Sizes (%): ['0.069']
    Upper Shadows (%): ['0.000']
    Lower Shadows (%): ['0.000']
Volumes: [np.float64(12913.0)]
==================================================
2025-05-17 22:30:34,217 - INFO - 
==================================================
EMA Cross Analysis - MELANIA/USDT
Time: 2025-05-17 22:25:00+09:00
Type: dead
Cross Character (Current): Weak
Cross Character (New): Weak
Price at Cross: 0.3213

1. Pre-Cross Pattern (15min):
EMA Distance Changes (%): ['0.089', '0.081', '0.025', '0.020']
EMA12 Changes (%): ['0.070', '-0.003', '-0.097', '-0.083']
Price Changes (%): ['0.558', '-0.400', '-0.619', '0.000']
Candle Analysis:
    Body Sizes (%): ['0.558', '0.400', '0.557', '0.031']
    Upper Shadows (%): ['0.093', '0.000', '0.000', '0.031']
    Lower Shadows (%): ['0.000', '0.062', '0.000', '0.249']
Volumes: [np.float64(157351.07), np.float64(73980.41), np.float64(318906.29), np.float64(184979.54)]
2025-05-17 22:30:34,218 - INFO - 
2. Post-Cross Movement (30min):
5min Price Changes (%): ['-0.062']
Maximum Change: -0.062% after 5 minutes
Candle Analysis:
    Body Sizes (%): ['0.093']
    Upper Shadows (%): ['0.000']
    Lower Shadows (%): ['0.031']
Volumes: [np.float64(5136.74)]
==================================================
2025-05-17 22:35:06,763 - INFO - 
==================================================
EMA Cross Analysis - SUI/USDT
Time: 2025-05-17 22:35:00+09:00
Type: dead
Cross Character (Current): Weak
Cross Character (New): Weak
Price at Cross: 3.759

1. Pre-Cross Pattern (15min):
EMA Distance Changes (%): ['0.068', '0.063', '0.019', '0.014']
EMA12 Changes (%): ['-0.008', '0.001', '-0.077', '-0.060']
Price Changes (%): ['-0.393', '0.050', '-0.506', '0.032']
Candle Analysis:
    Body Sizes (%): ['0.393', '0.048', '0.503', '0.035']
    Upper Shadows (%): ['0.047', '0.013', '0.005', '0.053']
    Lower Shadows (%): ['0.106', '0.074', '0.021', '0.000']
Volumes: [np.float64(495147.5), np.float64(266355.3), np.float64(796470.5), np.float64(17379.7)]
2025-05-17 22:35:06,764 - INFO - 
2. Post-Cross Movement (30min):
5min Price Changes (%): []
Maximum Change: 0.000% after 0 minutes
Candle Analysis:
    Body Sizes (%): []
    Upper Shadows (%): []
    Lower Shadows (%): []
Volumes: []
==================================================
2025-05-17 22:36:11,937 - INFO - 
==================================================
EMA Cross Analysis - HIPPO/USDT
Time: 2025-05-17 22:35:00+09:00
Type: dead
Cross Character (Current): Weak
Cross Character (New): Weak
Price at Cross: 0.002965

1. Pre-Cross Pattern (15min):
EMA Distance Changes (%): ['0.063', '0.073', '0.008', '0.056']
EMA12 Changes (%): ['-0.178', '0.029', '-0.114', '-0.123']
Price Changes (%): ['-0.537', '1.182', '-0.901', '-0.168']
Candle Analysis:
    Body Sizes (%): ['0.537', '1.182', '0.934', '0.202']
    Upper Shadows (%): ['0.067', '0.068', '0.233', '0.067']
    Lower Shadows (%): ['0.269', '0.000', '0.167', '0.034']
Volumes: [np.float64(83943620.0), np.float64(66851433.0), np.float64(54078765.0), np.float64(12075169.0)]
2025-05-17 22:36:11,937 - INFO - 
2. Post-Cross Movement (30min):
5min Price Changes (%): []
Maximum Change: 0.000% after 0 minutes
Candle Analysis:
    Body Sizes (%): []
    Upper Shadows (%): []
    Lower Shadows (%): []
Volumes: []
==================================================
2025-05-17 22:36:15,270 - INFO - 
==================================================
EMA Cross Analysis - GRASS/USDT
Time: 2025-05-17 22:35:00+09:00
Type: dead
Cross Character (Current): Weak
Cross Character (New): Weak
Price at Cross: 1.9441

1. Pre-Cross Pattern (15min):
EMA Distance Changes (%): ['0.071', '0.051', '0.002', '0.033']
EMA12 Changes (%): ['-0.107', '-0.026', '-0.088', '-0.066']
Price Changes (%): ['-0.527', '0.422', '-0.430', '0.057']
Candle Analysis:
    Body Sizes (%): ['0.507', '0.458', '0.441', '0.057']
    Upper Shadows (%): ['0.123', '0.293', '0.010', '0.211']
    Lower Shadows (%): ['0.138', '0.103', '0.118', '0.010']
Volumes: [np.float64(82960.9), np.float64(74531.1), np.float64(49611.0), np.float64(10941.0)]
2025-05-17 22:36:15,270 - INFO - 
2. Post-Cross Movement (30min):
5min Price Changes (%): []
Maximum Change: 0.000% after 0 minutes
Candle Analysis:
    Body Sizes (%): []
    Upper Shadows (%): []
    Lower Shadows (%): []
Volumes: []
==================================================
2025-05-17 22:40:46,619 - INFO - 
==================================================
EMA Cross Analysis - HIPPO/USDT
Time: 2025-05-17 22:35:00+09:00
Type: dead
Cross Character (Current): Weak
Cross Character (New): Weak
Price at Cross: 0.002936

1. Pre-Cross Pattern (15min):
EMA Distance Changes (%): ['0.063', '0.073', '0.008', '0.136']
EMA12 Changes (%): ['-0.178', '0.029', '-0.114', '-0.272']
Price Changes (%): ['-0.537', '1.182', '-0.901', '-1.145']
Candle Analysis:
    Body Sizes (%): ['0.537', '1.182', '0.934', '1.178']
    Upper Shadows (%): ['0.067', '0.068', '0.233', '0.067']
    Lower Shadows (%): ['0.269', '0.000', '0.167', '1.043']
Volumes: [np.float64(83943620.0), np.float64(66851433.0), np.float64(54078765.0), np.float64(223132084.0)]
2025-05-17 22:40:46,619 - INFO - 
2. Post-Cross Movement (30min):
5min Price Changes (%): ['-0.034']
Maximum Change: -0.034% after 5 minutes
Candle Analysis:
    Body Sizes (%): ['0.034']
    Upper Shadows (%): ['0.102']
    Lower Shadows (%): ['0.102']
Volumes: [np.float64(4718269.0)]
==================================================
2025-05-17 22:40:47,118 - INFO - 
==================================================
EMA Cross Analysis - FXS/USDT
Time: 2025-05-17 22:35:00+09:00
Type: dead
Cross Character (Current): Weak
Cross Character (New): Weak
Price at Cross: 3.1304

1. Pre-Cross Pattern (15min):
EMA Distance Changes (%): ['0.176', '0.169', '0.157', '0.016']
EMA12 Changes (%): ['-0.064', '0.013', '0.000', '-0.312']
Price Changes (%): ['-0.553', '0.440', '-0.072', '-2.028']
Candle Analysis:
    Body Sizes (%): ['0.550', '0.430', '0.091', '2.022']
    Upper Shadows (%): ['0.016', '0.091', '0.034', '0.009']
    Lower Shadows (%): ['0.062', '0.006', '0.447', '0.135']
Volumes: [np.float64(45228.2), np.float64(36181.9), np.float64(52127.5), np.float64(287538.3)]
2025-05-17 22:40:47,119 - INFO - 
2. Post-Cross Movement (30min):
5min Price Changes (%): ['-0.096']
Maximum Change: -0.096% after 5 minutes
Candle Analysis:
    Body Sizes (%): ['0.096']
    Upper Shadows (%): ['0.137']
    Lower Shadows (%): ['0.188']
Volumes: [np.float64(47609.0)]
==================================================
2025-05-17 22:40:50,279 - INFO - 
==================================================
EMA Cross Analysis - GRASS/USDT
Time: 2025-05-17 22:35:00+09:00
Type: dead
Cross Character (Current): Weak
Cross Character (New): Weak
Price at Cross: 1.9269

1. Pre-Cross Pattern (15min):
EMA Distance Changes (%): ['0.071', '0.051', '0.002', '0.104']
EMA12 Changes (%): ['-0.107', '-0.026', '-0.088', '-0.202']
Price Changes (%): ['-0.527', '0.422', '-0.430', '-0.829']
Candle Analysis:
    Body Sizes (%): ['0.507', '0.458', '0.441', '0.829']
    Upper Shadows (%): ['0.123', '0.293', '0.010', '0.268']
    Lower Shadows (%): ['0.138', '0.103', '0.118', '0.057']
Volumes: [np.float64(82960.9), np.float64(74531.1), np.float64(49611.0), np.float64(137023.5)]
2025-05-17 22:40:50,279 - INFO - 
2. Post-Cross Movement (30min):
5min Price Changes (%): ['0.311']
Maximum Change: 0.311% after 5 minutes
Candle Analysis:
    Body Sizes (%): ['0.280']
    Upper Shadows (%): ['0.078']
    Lower Shadows (%): ['0.000']
Volumes: [np.float64(11017.0)]
==================================================
2025-05-17 22:40:51,756 - INFO - 
==================================================
EMA Cross Analysis - EOS/USDT
Time: 2025-05-17 22:40:00+09:00
Type: dead
Cross Character (Current): Weak
Cross Character (New): Weak
Price at Cross: 0.792

1. Pre-Cross Pattern (15min):
EMA Distance Changes (%): ['0.101', '0.073', '0.020', '0.011']
EMA12 Changes (%): ['0.045', '-0.039', '-0.091', '-0.058']
Price Changes (%): ['0.125', '-0.501', '-0.378', '0.126']
Candle Analysis:
    Body Sizes (%): ['0.125', '0.376', '0.252', '0.126']
    Upper Shadows (%): ['0.125', '0.251', '0.252', '0.000']
    Lower Shadows (%): ['0.125', '0.125', '0.252', '0.000']
Volumes: [np.float64(314408.6), np.float64(497623.0), np.float64(695003.2), np.float64(3287.9)]
2025-05-17 22:40:51,757 - INFO - 
2. Post-Cross Movement (30min):
5min Price Changes (%): []
Maximum Change: 0.000% after 0 minutes
Candle Analysis:
    Body Sizes (%): []
    Upper Shadows (%): []
    Lower Shadows (%): []
Volumes: []
==================================================
2025-05-17 22:40:53,906 - INFO - 
==================================================
EMA Cross Analysis - SUI/USDT
Time: 2025-05-17 22:35:00+09:00
Type: dead
Cross Character (Current): Weak
Cross Character (New): Weak
Price at Cross: 3.7474

1. Pre-Cross Pattern (15min):
EMA Distance Changes (%): ['0.068', '0.063', '0.019', '0.039']
EMA12 Changes (%): ['-0.008', '0.001', '-0.077', '-0.108']
Price Changes (%): ['-0.393', '0.050', '-0.506', '-0.277']
Candle Analysis:
    Body Sizes (%): ['0.393', '0.048', '0.503', '0.274']
    Upper Shadows (%): ['0.047', '0.013', '0.005', '0.088']
    Lower Shadows (%): ['0.106', '0.074', '0.021', '0.101']
Volumes: [np.float64(495147.5), np.float64(266355.3), np.float64(796470.5), np.float64(1161731.1)]
2025-05-17 22:40:53,906 - INFO - 
2. Post-Cross Movement (30min):
5min Price Changes (%): ['0.093']
Maximum Change: 0.093% after 5 minutes
Candle Analysis:
    Body Sizes (%): ['0.093']
    Upper Shadows (%): ['0.035']
    Lower Shadows (%): ['0.021']
Volumes: [np.float64(118462.0)]
==================================================
2025-05-17 22:45:29,169 - INFO - 
==================================================
EMA Cross Analysis - EOS/USDT
Time: 2025-05-17 22:40:00+09:00
Type: dead
Cross Character (Current): Weak
Cross Character (New): Weak
Price at Cross: 0.791

1. Pre-Cross Pattern (15min):
EMA Distance Changes (%): ['0.101', '0.073', '0.020', '0.021']
EMA12 Changes (%): ['0.045', '-0.039', '-0.091', '-0.077']
Price Changes (%): ['0.125', '-0.501', '-0.378', '0.000']
Candle Analysis:
    Body Sizes (%): ['0.125', '0.376', '0.252', '0.000']
    Upper Shadows (%): ['0.125', '0.251', '0.252', '0.126']
    Lower Shadows (%): ['0.125', '0.125', '0.252', '0.253']
Volumes: [np.float64(314408.6), np.float64(497623.0), np.float64(695003.2), np.float64(343182.0)]
2025-05-17 22:45:29,169 - INFO - 
2. Post-Cross Movement (30min):
5min Price Changes (%): ['-0.253']
Maximum Change: -0.253% after 5 minutes
Candle Analysis:
    Body Sizes (%): ['0.127']
    Upper Shadows (%): ['0.127']
    Lower Shadows (%): ['0.000']
Volumes: [np.float64(49373.3)]
==================================================
2025-05-17 23:15:25,627 - INFO - 
==================================================
EMA Cross Analysis - FXS/USDT
Time: 2025-05-17 23:15:00+09:00
Type: golden
Cross Character (Current): Weak
Cross Character (New): Weak
Price at Cross: 3.2036

1. Pre-Cross Pattern (15min):
EMA Distance Changes (%): ['0.138', '0.096', '0.028', '0.035']
EMA12 Changes (%): ['0.126', '0.063', '0.118', '0.117']
Price Changes (%): ['0.814', '-0.282', '0.421', '0.112']
Candle Analysis:
    Body Sizes (%): ['0.763', '0.307', '0.421', '0.122']
    Upper Shadows (%): ['0.066', '0.238', '0.191', '0.200']
    Lower Shadows (%): ['0.013', '0.641', '0.176', '0.041']
Volumes: [np.float64(71345.4), np.float64(130991.1), np.float64(66041.5), np.float64(12041.7)]
2025-05-17 23:15:25,627 - INFO - 
2. Post-Cross Movement (30min):
5min Price Changes (%): []
Maximum Change: 0.000% after 0 minutes
Candle Analysis:
    Body Sizes (%): []
    Upper Shadows (%): []
    Lower Shadows (%): []
Volumes: []
==================================================
2025-05-17 23:15:30,125 - INFO - 
==================================================
EMA Cross Analysis - EOS/USDT
Time: 2025-05-17 23:10:00+09:00
Type: golden
Cross Character (Current): Weak
Cross Character (New): Weak
Price at Cross: 0.8

1. Pre-Cross Pattern (15min):
EMA Distance Changes (%): ['0.119', '0.065', '0.034', '0.032']
EMA12 Changes (%): ['-0.015', '0.085', '0.052', '0.122']
Price Changes (%): ['0.253', '0.631', '-0.125', '0.503']
Candle Analysis:
    Body Sizes (%): ['0.253', '0.631', '0.125', '0.503']
    Upper Shadows (%): ['0.127', '0.000', '0.125', '0.000']
    Lower Shadows (%): ['0.127', '0.126', '0.251', '0.251']
Volumes: [np.float64(329354.8), np.float64(739652.2), np.float64(360578.2), np.float64(508365.4)]
2025-05-17 23:15:30,125 - INFO - 
2. Post-Cross Movement (30min):
5min Price Changes (%): ['-0.125']
Maximum Change: -0.125% after 5 minutes
Candle Analysis:
    Body Sizes (%): ['0.125']
    Upper Shadows (%): ['0.000']
    Lower Shadows (%): ['0.000']
Volumes: [np.float64(65300.1)]
==================================================
2025-05-17 23:15:34,936 - INFO - 
==================================================
EMA Cross Analysis - MELANIA/USDT
Time: 2025-05-17 23:15:00+09:00
Type: golden
Cross Character (Current): Weak
Cross Character (New): Weak
Price at Cross: 0.3251

1. Pre-Cross Pattern (15min):
EMA Distance Changes (%): ['0.218', '0.140', '0.054', '0.032']
EMA12 Changes (%): ['0.055', '0.118', '0.148', '0.158']
Price Changes (%): ['0.468', '0.466', '0.309', '0.216']
Candle Analysis:
    Body Sizes (%): ['0.468', '0.435', '0.278', '0.216']
    Upper Shadows (%): ['0.031', '0.093', '0.124', '0.092']
    Lower Shadows (%): ['0.000', '0.062', '0.062', '0.000']
Volumes: [np.float64(144493.26), np.float64(103790.35), np.float64(144638.1), np.float64(84698.29)]
2025-05-17 23:15:34,936 - INFO - 
2. Post-Cross Movement (30min):
5min Price Changes (%): []
Maximum Change: 0.000% after 0 minutes
Candle Analysis:
    Body Sizes (%): []
    Upper Shadows (%): []
    Lower Shadows (%): []
Volumes: []
==================================================
2025-05-17 23:20:02,776 - INFO - 
==================================================
EMA Cross Analysis - FXS/USDT
Time: 2025-05-17 23:15:00+09:00
Type: golden
Cross Character (Current): Weak
Cross Character (New): Weak
Price at Cross: 3.2143

1. Pre-Cross Pattern (15min):
EMA Distance Changes (%): ['0.138', '0.096', '0.028', '0.061']
EMA12 Changes (%): ['0.126', '0.063', '0.118', '0.169']
Price Changes (%): ['0.814', '-0.282', '0.421', '0.447']
Candle Analysis:
    Body Sizes (%): ['0.763', '0.307', '0.421', '0.456']
    Upper Shadows (%): ['0.066', '0.238', '0.191', '0.263']
    Lower Shadows (%): ['0.013', '0.641', '0.176', '0.041']
Volumes: [np.float64(71345.4), np.float64(130991.1), np.float64(66041.5), np.float64(84150.0)]
2025-05-17 23:20:02,776 - INFO - 
2. Post-Cross Movement (30min):
5min Price Changes (%): ['0.009']
Maximum Change: 0.009% after 5 minutes
Candle Analysis:
    Body Sizes (%): ['0.003']
    Upper Shadows (%): ['0.040']
    Lower Shadows (%): ['0.000']
Volumes: [np.float64(630.8)]
==================================================
2025-05-17 23:20:05,542 - INFO - 
==================================================
EMA Cross Analysis - GRASS/USDT
Time: 2025-05-17 23:20:00+09:00
Type: golden
Cross Character (Current): Weak
Cross Character (New): Weak
Price at Cross: 1.9616

1. Pre-Cross Pattern (15min):
EMA Distance Changes (%): ['0.135', '0.073', '0.012', '0.043']
EMA12 Changes (%): ['0.059', '0.100', '0.109', '0.105']
Price Changes (%): ['0.345', '0.323', '0.158', '0.082']
Candle Analysis:
    Body Sizes (%): ['0.329', '0.323', '0.153', '0.025']
    Upper Shadows (%): ['0.139', '0.000', '0.184', '0.000']
    Lower Shadows (%): ['0.041', '0.297', '0.393', '0.000']
Volumes: [np.float64(45095.7), np.float64(54267.5), np.float64(221471.5), np.float64(61.6)]
2025-05-17 23:20:05,542 - INFO - 
2. Post-Cross Movement (30min):
5min Price Changes (%): []
Maximum Change: 0.000% after 0 minutes
Candle Analysis:
    Body Sizes (%): []
    Upper Shadows (%): []
    Lower Shadows (%): []
Volumes: []
==================================================
2025-05-17 23:20:09,029 - INFO - 
==================================================
EMA Cross Analysis - SUI/USDT
Time: 2025-05-17 23:20:00+09:00
Type: golden
Cross Character (Current): Weak
Cross Character (New): Weak
Price at Cross: 3.7878

1. Pre-Cross Pattern (15min):
EMA Distance Changes (%): ['0.145', '0.102', '0.035', '0.017']
EMA12 Changes (%): ['0.030', '0.060', '0.115', '0.096']
Price Changes (%): ['0.160', '0.228', '0.414', '-0.005']
Candle Analysis:
    Body Sizes (%): ['0.165', '0.226', '0.416', '0.005']
    Upper Shadows (%): ['0.019', '0.008', '0.032', '0.013']
    Lower Shadows (%): ['0.109', '0.154', '0.029', '0.018']
Volumes: [np.float64(429672.1), np.float64(542492.5), np.float64(962436.1), np.float64(15400.7)]
2025-05-17 23:20:09,029 - INFO - 
2. Post-Cross Movement (30min):
5min Price Changes (%): []
Maximum Change: 0.000% after 0 minutes
Candle Analysis:
    Body Sizes (%): []
    Upper Shadows (%): []
    Lower Shadows (%): []
Volumes: []
==================================================
2025-05-17 23:20:11,808 - INFO - 
==================================================
EMA Cross Analysis - MELANIA/USDT
Time: 2025-05-17 23:15:00+09:00
Type: golden
Cross Character (Current): Weak
Cross Character (New): Weak
Price at Cross: 0.3264

1. Pre-Cross Pattern (15min):
EMA Distance Changes (%): ['0.218', '0.140', '0.054', '0.063']
EMA12 Changes (%): ['0.055', '0.118', '0.148', '0.220']
Price Changes (%): ['0.468', '0.466', '0.309', '0.617']
Candle Analysis:
    Body Sizes (%): ['0.468', '0.435', '0.278', '0.617']
    Upper Shadows (%): ['0.031', '0.093', '0.124', '0.000']
    Lower Shadows (%): ['0.000', '0.062', '0.062', '0.000']
Volumes: [np.float64(144493.26), np.float64(103790.35), np.float64(144638.1), np.float64(210409.45)]
2025-05-17 23:20:11,808 - INFO - 
2. Post-Cross Movement (30min):
5min Price Changes (%): ['-0.061']
Maximum Change: -0.061% after 5 minutes
Candle Analysis:
    Body Sizes (%): ['0.000']
    Upper Shadows (%): ['0.061']
    Lower Shadows (%): ['0.000']
Volumes: [np.float64(6518.42)]
==================================================
2025-05-17 23:25:49,375 - INFO - 
==================================================
EMA Cross Analysis - 1000PEPE/USDT
Time: 2025-05-17 23:20:00+09:00
Type: golden
Cross Character (Current): Weak
Cross Character (New): Weak
Price at Cross: 0.01242

1. Pre-Cross Pattern (15min):
EMA Distance Changes (%): ['0.244', '0.175', '0.081', '0.019']
EMA12 Changes (%): ['0.082', '0.097', '0.158', '0.182']
Price Changes (%): ['0.341', '0.178', '0.492', '0.316']
Candle Analysis:
    Body Sizes (%): ['0.342', '0.170', '0.493', '0.316']
    Upper Shadows (%): ['0.025', '0.142', '0.128', '0.036']
    Lower Shadows (%): ['0.110', '0.124', '0.043', '0.169']
Volumes: [np.float64(260048172.0), np.float64(359741387.0), np.float64(497884434.0), np.float64(718384180.0)]
2025-05-17 23:25:49,375 - INFO - 
2. Post-Cross Movement (30min):
5min Price Changes (%): ['0.068']
Maximum Change: 0.068% after 5 minutes
Candle Analysis:
    Body Sizes (%): ['0.071']
    Upper Shadows (%): ['0.072']
    Lower Shadows (%): ['0.000']
Volumes: [np.float64(111353297.0)]
==================================================
2025-05-17 23:25:52,184 - INFO - 
==================================================
EMA Cross Analysis - GRASS/USDT
Time: 2025-05-17 23:20:00+09:00
Type: golden
Cross Character (Current): Weak
Cross Character (New): Weak
Price at Cross: 1.9661

1. Pre-Cross Pattern (15min):
EMA Distance Changes (%): ['0.135', '0.073', '0.012', '0.061']
EMA12 Changes (%): ['0.059', '0.100', '0.109', '0.140']
Price Changes (%): ['0.345', '0.323', '0.158', '0.311']
Candle Analysis:
    Body Sizes (%): ['0.329', '0.323', '0.153', '0.255']
    Upper Shadows (%): ['0.139', '0.000', '0.184', '0.015']
    Lower Shadows (%): ['0.041', '0.297', '0.393', '0.245']
Volumes: [np.float64(45095.7), np.float64(54267.5), np.float64(221471.5), np.float64(83508.1)]
2025-05-17 23:25:52,184 - INFO - 
2. Post-Cross Movement (30min):
5min Price Changes (%): ['0.203']
Maximum Change: 0.203% after 5 minutes
Candle Analysis:
    Body Sizes (%): ['0.224']
    Upper Shadows (%): ['0.005']
    Lower Shadows (%): ['0.066']
Volumes: [np.float64(12621.5)]
==================================================
2025-05-17 23:25:55,016 - INFO - 
==================================================
EMA Cross Analysis - AIXBT/USDT
Time: 2025-05-17 23:25:00+09:00
Type: golden
Cross Character (Current): Weak
Cross Character (New): Weak
Price at Cross: 0.16696

1. Pre-Cross Pattern (15min):
EMA Distance Changes (%): ['0.268', '0.195', '0.081', '0.005']
EMA12 Changes (%): ['0.057', '0.100', '0.193', '0.155']
Price Changes (%): ['0.182', '0.339', '0.699', '-0.048']
Candle Analysis:
    Body Sizes (%): ['0.139', '0.375', '0.699', '0.018']
    Upper Shadows (%): ['0.000', '0.097', '0.030', '0.066']
    Lower Shadows (%): ['0.254', '0.091', '0.151', '0.030']
Volumes: [np.float64(321772.0), np.float64(1351377.0), np.float64(1471949.0), np.float64(72461.0)]
2025-05-17 23:25:55,016 - INFO - 
2. Post-Cross Movement (30min):
5min Price Changes (%): []
Maximum Change: 0.000% after 0 minutes
Candle Analysis:
    Body Sizes (%): []
    Upper Shadows (%): []
    Lower Shadows (%): []
Volumes: []
==================================================
2025-05-17 23:25:55,249 - INFO - 
==================================================
EMA Cross Analysis - ATA/USDT
Time: 2025-05-17 23:20:00+09:00
Type: golden
Cross Character (Current): Weak
Cross Character (New): Weak
Price at Cross: 0.0579

1. Pre-Cross Pattern (15min):
EMA Distance Changes (%): ['0.127', '0.086', '0.040', '0.025']
EMA12 Changes (%): ['0.071', '0.060', '0.078', '0.119']
Price Changes (%): ['0.348', '0.000', '0.174', '0.347']
Candle Analysis:
    Body Sizes (%): ['0.348', '0.000', '0.174', '0.347']
    Upper Shadows (%): ['0.000', '0.174', '0.000', '0.173']
    Lower Shadows (%): ['0.000', '0.347', '0.174', '0.173']
Volumes: [np.float64(92827.0), np.float64(80078.0), np.float64(60050.0), np.float64(57855.0)]
2025-05-17 23:25:55,249 - INFO - 
2. Post-Cross Movement (30min):
5min Price Changes (%): ['-0.173']
Maximum Change: -0.173% after 5 minutes
Candle Analysis:
    Body Sizes (%): ['0.173']
    Upper Shadows (%): ['0.173']
    Lower Shadows (%): ['0.000']
Volumes: [np.float64(9828.0)]
==================================================
2025-05-17 23:25:55,674 - INFO - 
==================================================
EMA Cross Analysis - SUI/USDT
Time: 2025-05-17 23:20:00+09:00
Type: golden
Cross Character (Current): Weak
Cross Character (New): Weak
Price at Cross: 3.7977

1. Pre-Cross Pattern (15min):
EMA Distance Changes (%): ['0.145', '0.102', '0.035', '0.038']
EMA12 Changes (%): ['0.030', '0.060', '0.115', '0.137']
Price Changes (%): ['0.160', '0.228', '0.414', '0.256']
Candle Analysis:
    Body Sizes (%): ['0.165', '0.226', '0.416', '0.256']
    Upper Shadows (%): ['0.019', '0.008', '0.032', '0.011']
    Lower Shadows (%): ['0.109', '0.154', '0.029', '0.238']
Volumes: [np.float64(429672.1), np.float64(542492.5), np.float64(962436.1), np.float64(1045065.9)]
2025-05-17 23:25:55,674 - INFO - 
2. Post-Cross Movement (30min):
5min Price Changes (%): ['-0.045']
Maximum Change: -0.045% after 5 minutes
Candle Analysis:
    Body Sizes (%): ['0.047']
    Upper Shadows (%): ['0.005']
    Lower Shadows (%): ['0.047']
Volumes: [np.float64(157577.2)]
==================================================
2025-05-17 23:25:57,078 - INFO - 
==================================================
EMA Cross Analysis - ZEN/USDT
Time: 2025-05-17 23:25:00+09:00
Type: golden
Cross Character (Current): Weak
Cross Character (New): Weak
Price at Cross: 9.126

1. Pre-Cross Pattern (15min):
EMA Distance Changes (%): ['0.174', '0.106', '0.018', '0.047']
EMA12 Changes (%): ['0.074', '0.107', '0.155', '0.124']
Price Changes (%): ['-0.066', '0.287', '0.418', '-0.044']
Candle Analysis:
    Body Sizes (%): ['0.066', '0.276', '0.385', '0.000']
    Upper Shadows (%): ['0.044', '0.165', '0.000', '0.011']
    Lower Shadows (%): ['0.265', '0.033', '0.121', '0.077']
Volumes: [np.float64(3089.8), np.float64(6816.6), np.float64(1260.4), np.float64(150.8)]
2025-05-17 23:25:57,078 - INFO - 
2. Post-Cross Movement (30min):
5min Price Changes (%): []
Maximum Change: 0.000% after 0 minutes
Candle Analysis:
    Body Sizes (%): []
    Upper Shadows (%): []
    Lower Shadows (%): []
Volumes: []
==================================================
2025-05-17 23:25:57,311 - INFO - 
==================================================
EMA Cross Analysis - ONDOUSDT
Time: 2025-05-17 23:25:00+09:00
Type: golden
Cross Character (Current): Weak
Cross Character (New): Weak
Price at Cross: 0.9169

1. Pre-Cross Pattern (15min):
EMA Distance Changes (%): ['0.127', '0.076', '0.022', '0.019']
EMA12 Changes (%): ['0.070', '0.080', '0.094', '0.076']
Price Changes (%): ['0.131', '0.131', '0.175', '-0.022']
Candle Analysis:
    Body Sizes (%): ['0.131', '0.131', '0.186', '0.022']
    Upper Shadows (%): ['0.044', '0.077', '0.055', '0.022']
    Lower Shadows (%): ['0.131', '0.131', '0.120', '0.065']
Volumes: [np.float64(362460.4), np.float64(502402.8), np.float64(368576.5), np.float64(45319.1)]
2025-05-17 23:25:57,312 - INFO - 
2. Post-Cross Movement (30min):
5min Price Changes (%): []
Maximum Change: 0.000% after 0 minutes
Candle Analysis:
    Body Sizes (%): []
    Upper Shadows (%): []
    Lower Shadows (%): []
Volumes: []
==================================================
2025-05-17 23:30:24,138 - INFO - 
==================================================
EMA Cross Analysis - TIA/USDT
Time: 2025-05-17 23:25:00+09:00
Type: golden
Cross Character (Current): Weak
Cross Character (New): Weak
Price at Cross: 2.6387

1. Pre-Cross Pattern (15min):
EMA Distance Changes (%): ['0.265', '0.189', '0.092', '0.004']
EMA12 Changes (%): ['0.070', '0.109', '0.160', '0.174']
Price Changes (%): ['0.299', '0.318', '0.443', '0.247']
Candle Analysis:
    Body Sizes (%): ['0.288', '0.333', '0.443', '0.251']
    Upper Shadows (%): ['0.004', '0.115', '0.050', '0.163']
    Lower Shadows (%): ['0.127', '0.050', '0.210', '0.182']
Volumes: [np.float64(93787.0), np.float64(116907.0), np.float64(201398.0), np.float64(172233.0)]
2025-05-17 23:30:24,138 - INFO - 
2. Post-Cross Movement (30min):
5min Price Changes (%): ['-0.178']
Maximum Change: -0.178% after 5 minutes
Candle Analysis:
    Body Sizes (%): ['0.167']
    Upper Shadows (%): ['0.004']
    Lower Shadows (%): ['0.000']
Volumes: [np.float64(23268.0)]
==================================================
2025-05-17 23:30:24,608 - INFO - 
==================================================
EMA Cross Analysis - BAN/USDT
Time: 2025-05-17 23:30:00+09:00
Type: golden
Cross Character (Current): Weak
Cross Character (New): Weak
Price at Cross: 0.05835

1. Pre-Cross Pattern (15min):
EMA Distance Changes (%): ['0.165', '0.095', '0.025', '0.028']
EMA12 Changes (%): ['0.072', '0.112', '0.121', '0.099']
Price Changes (%): ['0.224', '0.327', '0.172', '-0.017']
Candle Analysis:
    Body Sizes (%): ['0.276', '0.293', '0.137', '0.017']
    Upper Shadows (%): ['0.035', '0.000', '0.206', '0.000']
    Lower Shadows (%): ['0.121', '0.138', '0.189', '0.069']
Volumes: [np.float64(78240.0), np.float64(82744.0), np.float64(129502.0), np.float64(15075.0)]
2025-05-17 23:30:24,609 - INFO - 
2. Post-Cross Movement (30min):
5min Price Changes (%): []
Maximum Change: 0.000% after 0 minutes
Candle Analysis:
    Body Sizes (%): []
    Upper Shadows (%): []
    Lower Shadows (%): []
Volumes: []
==================================================
2025-05-17 23:30:25,067 - INFO - 
==================================================
EMA Cross Analysis - ORCA/USDT
Time: 2025-05-17 23:30:00+09:00
Type: golden
Cross Character (Current): Weak
Cross Character (New): Weak
Price at Cross: 2.51

1. Pre-Cross Pattern (15min):
EMA Distance Changes (%): ['0.159', '0.080', '0.008', '0.042']
EMA12 Changes (%): ['0.095', '0.130', '0.128', '0.096']
Price Changes (%): ['0.281', '0.320', '0.120', '-0.080']
Candle Analysis:
    Body Sizes (%): ['0.240', '0.360', '0.080', '0.119']
    Upper Shadows (%): ['0.040', '0.000', '0.199', '0.000']
    Lower Shadows (%): ['0.080', '0.120', '0.120', '0.040']
Volumes: [np.float64(8264.2), np.float64(5465.6), np.float64(11731.9), np.float64(1097.3)]
2025-05-17 23:30:25,067 - INFO - 
2. Post-Cross Movement (30min):
5min Price Changes (%): []
Maximum Change: 0.000% after 0 minutes
Candle Analysis:
    Body Sizes (%): []
    Upper Shadows (%): []
    Lower Shadows (%): []
Volumes: []
==================================================
2025-05-17 23:30:26,922 - INFO - 
==================================================
EMA Cross Analysis - ACX/USDT
Time: 2025-05-17 23:25:00+09:00
Type: golden
Cross Character (Current): Weak
Cross Character (New): Weak
Price at Cross: 0.2241

1. Pre-Cross Pattern (15min):
EMA Distance Changes (%): ['0.272', '0.217', '0.110', '0.002']
EMA12 Changes (%): ['0.029', '0.066', '0.174', '0.203']
Price Changes (%): ['-0.045', '0.271', '0.767', '0.358']
Candle Analysis:
    Body Sizes (%): ['0.000', '0.271', '0.813', '0.403']
    Upper Shadows (%): ['0.090', '0.045', '0.090', '0.090']
    Lower Shadows (%): ['0.271', '0.136', '0.090', '0.134']
Volumes: [np.float64(24452.5), np.float64(25042.0), np.float64(154009.4), np.float64(52942.1)]
2025-05-17 23:30:26,922 - INFO - 
2. Post-Cross Movement (30min):
5min Price Changes (%): ['-0.178']
Maximum Change: -0.178% after 5 minutes
Candle Analysis:
    Body Sizes (%): ['0.134']
    Upper Shadows (%): ['0.045']
    Lower Shadows (%): ['0.045']
Volumes: [np.float64(12575.0)]
==================================================
2025-05-17 23:30:27,153 - INFO - 
==================================================
EMA Cross Analysis - LINK/USDT
Time: 2025-05-17 23:25:00+09:00
Type: golden
Cross Character (Current): Weak
Cross Character (New): Weak
Price at Cross: 15.352

1. Pre-Cross Pattern (15min):
EMA Distance Changes (%): ['0.156', '0.106', '0.050', '0.014']
EMA12 Changes (%): ['0.054', '0.075', '0.093', '0.116']
Price Changes (%): ['0.092', '0.190', '0.190', '0.242']
Candle Analysis:
    Body Sizes (%): ['0.092', '0.197', '0.196', '0.242']
    Upper Shadows (%): ['0.072', '0.059', '0.026', '0.111']
    Lower Shadows (%): ['0.157', '0.039', '0.144', '0.072']
Volumes: [np.float64(59704.73), np.float64(71133.05), np.float64(52546.0), np.float64(73294.9)]
2025-05-17 23:30:27,153 - INFO - 
2. Post-Cross Movement (30min):
5min Price Changes (%): ['-0.046']
Maximum Change: -0.046% after 5 minutes
Candle Analysis:
    Body Sizes (%): ['0.046']
    Upper Shadows (%): ['0.052']
    Lower Shadows (%): ['0.000']
Volumes: [np.float64(11680.05)]
==================================================
2025-05-17 23:30:27,387 - INFO - 
==================================================
EMA Cross Analysis - POL/USDT
Time: 2025-05-17 23:30:00+09:00
Type: golden
Cross Character (Current): Weak
Cross Character (New): Weak
Price at Cross: 0.23134

1. Pre-Cross Pattern (15min):
EMA Distance Changes (%): ['0.133', '0.073', '0.021', '0.014']
EMA12 Changes (%): ['0.072', '0.098', '0.089', '0.065']
Price Changes (%): ['0.230', '0.243', '0.039', '-0.069']
Candle Analysis:
    Body Sizes (%): ['0.221', '0.243', '0.052', '0.069']
    Upper Shadows (%): ['0.061', '0.013', '0.160', '0.039']
    Lower Shadows (%): ['0.043', '0.134', '0.117', '0.000']
Volumes: [np.float64(288257.0), np.float64(312642.0), np.float64(345289.0), np.float64(18983.0)]
2025-05-17 23:30:27,388 - INFO - 
2. Post-Cross Movement (30min):
5min Price Changes (%): []
Maximum Change: 0.000% after 0 minutes
Candle Analysis:
    Body Sizes (%): []
    Upper Shadows (%): []
    Lower Shadows (%): []
Volumes: []
==================================================
2025-05-17 23:30:28,095 - INFO - 
==================================================
EMA Cross Analysis - PHA/USDT
Time: 2025-05-17 23:25:00+09:00
Type: golden
Cross Character (Current): Weak
Cross Character (New): Weak
Price at Cross: 0.12647

1. Pre-Cross Pattern (15min):
EMA Distance Changes (%): ['0.170', '0.124', '0.063', '0.037']
EMA12 Changes (%): ['0.039', '0.064', '0.100', '0.185']
Price Changes (%): ['0.008', '0.200', '0.295', '0.653']
Candle Analysis:
    Body Sizes (%): ['0.024', '0.120', '0.359', '0.645']
    Upper Shadows (%): ['0.104', '0.048', '0.000', '0.183']
    Lower Shadows (%): ['0.224', '0.208', '0.128', '0.159']
Volumes: [np.float64(168357.0), np.float64(90831.0), np.float64(38977.0), np.float64(212123.0)]
2025-05-17 23:30:28,095 - INFO - 
2. Post-Cross Movement (30min):
5min Price Changes (%): ['-0.055']
Maximum Change: -0.055% after 5 minutes
Candle Analysis:
    Body Sizes (%): ['0.111']
    Upper Shadows (%): ['0.016']
    Lower Shadows (%): ['0.000']
Volumes: [np.float64(12047.0)]
==================================================
2025-05-17 23:30:29,010 - INFO - 
==================================================
EMA Cross Analysis - GALA/USDT
Time: 2025-05-17 23:30:00+09:00
Type: golden
Cross Character (Current): Weak
Cross Character (New): Weak
Price at Cross: 0.01869

1. Pre-Cross Pattern (15min):
EMA Distance Changes (%): ['0.212', '0.128', '0.026', '0.049']
EMA12 Changes (%): ['0.117', '0.133', '0.179', '0.143']
Price Changes (%): ['0.324', '0.215', '0.430', '-0.053']
Candle Analysis:
    Body Sizes (%): ['0.324', '0.269', '0.376', '0.000']
    Upper Shadows (%): ['0.054', '0.054', '0.268', '0.107']
    Lower Shadows (%): ['0.108', '0.215', '0.161', '0.054']
Volumes: [np.float64(16402066.0), np.float64(8935651.0), np.float64(17134815.0), np.float64(2155431.0)]
2025-05-17 23:30:29,010 - INFO - 
2. Post-Cross Movement (30min):
5min Price Changes (%): []
Maximum Change: 0.000% after 0 minutes
Candle Analysis:
    Body Sizes (%): []
    Upper Shadows (%): []
    Lower Shadows (%): []
Volumes: []
==================================================
2025-05-17 23:30:29,250 - INFO - 
==================================================
EMA Cross Analysis - TNSR/USDT
Time: 2025-05-17 23:25:00+09:00
Type: golden
Cross Character (Current): Weak
Cross Character (New): Weak
Price at Cross: 0.1518

1. Pre-Cross Pattern (15min):
EMA Distance Changes (%): ['0.198', '0.126', '0.058', '0.012']
EMA12 Changes (%): ['0.070', '0.111', '0.114', '0.127']
Price Changes (%): ['0.333', '0.332', '0.132', '0.198']
Candle Analysis:
    Body Sizes (%): ['0.333', '0.265', '0.132', '0.198']
    Upper Shadows (%): ['0.000', '0.066', '0.000', '0.198']
    Lower Shadows (%): ['0.067', '0.133', '0.198', '0.198']
Volumes: [np.float64(65022.8), np.float64(35988.2), np.float64(53976.5), np.float64(208110.3)]
2025-05-17 23:30:29,250 - INFO - 
2. Post-Cross Movement (30min):
5min Price Changes (%): ['-0.198']
Maximum Change: -0.198% after 5 minutes
Candle Analysis:
    Body Sizes (%): ['0.263']
    Upper Shadows (%): ['0.000']
    Lower Shadows (%): ['0.000']
Volumes: [np.float64(12416.0)]
==================================================
2025-05-17 23:30:30,171 - INFO - 
==================================================
EMA Cross Analysis - BNB/USDT
Time: 2025-05-17 23:25:00+09:00
Type: golden
Cross Character (Current): Weak
Cross Character (New): Weak
Price at Cross: 641.75

1. Pre-Cross Pattern (15min):
EMA Distance Changes (%): ['0.078', '0.051', '0.023', '0.004']
EMA12 Changes (%): ['0.042', '0.042', '0.047', '0.048']
Price Changes (%): ['0.072', '0.039', '0.076', '0.055']
Candle Analysis:
    Body Sizes (%): ['0.073', '0.039', '0.076', '0.056']
    Upper Shadows (%): ['0.023', '0.042', '0.000', '0.031']
    Lower Shadows (%): ['0.102', '0.050', '0.073', '0.051']
Volumes: [np.float64(1614.69), np.float64(1669.92), np.float64(1166.05), np.float64(1767.39)]
2025-05-17 23:30:30,172 - INFO - 
2. Post-Cross Movement (30min):
5min Price Changes (%): ['-0.072']
Maximum Change: -0.072% after 5 minutes
Candle Analysis:
    Body Sizes (%): ['0.072']
    Upper Shadows (%): ['0.019']
    Lower Shadows (%): ['0.002']
Volumes: [np.float64(440.19)]
==================================================
2025-05-17 23:30:30,410 - INFO - 
==================================================
EMA Cross Analysis - THETA/USDT
Time: 2025-05-17 23:25:00+09:00
Type: golden
Cross Character (Current): Weak
Cross Character (New): Weak
Price at Cross: 0.8559

1. Pre-Cross Pattern (15min):
EMA Distance Changes (%): ['0.230', '0.161', '0.078', '0.018']
EMA12 Changes (%): ['0.074', '0.099', '0.139', '0.175']
Price Changes (%): ['0.225', '0.236', '0.353', '0.375']
Candle Analysis:
    Body Sizes (%): ['0.236', '0.236', '0.389', '0.399']
    Upper Shadows (%): ['0.012', '0.047', '0.000', '0.106']
    Lower Shadows (%): ['0.154', '0.130', '0.106', '0.129']
Volumes: [np.float64(54168.4), np.float64(138067.0), np.float64(37272.9), np.float64(97115.7)]
2025-05-17 23:30:30,410 - INFO - 
2. Post-Cross Movement (30min):
5min Price Changes (%): ['-0.070']
Maximum Change: -0.070% after 5 minutes
Candle Analysis:
    Body Sizes (%): ['0.082']
    Upper Shadows (%): ['0.035']
    Lower Shadows (%): ['0.047']
Volumes: [np.float64(5857.6)]
==================================================
2025-05-17 23:30:31,579 - INFO - 
==================================================
EMA Cross Analysis - WLD/USDT
Time: 2025-05-17 23:30:00+09:00
Type: golden
Cross Character (Current): Weak
Cross Character (New): Weak
Price at Cross: 1.0786

1. Pre-Cross Pattern (15min):
EMA Distance Changes (%): ['0.176', '0.096', '0.021', '0.033']
EMA12 Changes (%): ['0.097', '0.129', '0.132', '0.103']
Price Changes (%): ['0.355', '0.307', '0.148', '-0.056']
Candle Analysis:
    Body Sizes (%): ['0.374', '0.307', '0.148', '0.046']
    Upper Shadows (%): ['0.056', '0.019', '0.251', '0.046']
    Lower Shadows (%): ['0.019', '0.186', '0.111', '0.028']
Volumes: [np.float64(367603.0), np.float64(337077.0), np.float64(466481.0), np.float64(35858.0)]
2025-05-17 23:30:31,579 - INFO - 
2. Post-Cross Movement (30min):
5min Price Changes (%): []
Maximum Change: 0.000% after 0 minutes
Candle Analysis:
    Body Sizes (%): []
    Upper Shadows (%): []
    Lower Shadows (%): []
Volumes: []
==================================================
2025-05-17 23:30:31,810 - INFO - 
==================================================
EMA Cross Analysis - RENDER/USDT
Time: 2025-05-17 23:30:00+09:00
Type: golden
Cross Character (Current): Weak
Cross Character (New): Weak
Price at Cross: 4.535

1. Pre-Cross Pattern (15min):
EMA Distance Changes (%): ['0.172', '0.106', '0.042', '0.002']
EMA12 Changes (%): ['0.071', '0.101', '0.110', '0.079']
Price Changes (%): ['0.155', '0.265', '0.154', '-0.088']
Candle Analysis:
    Body Sizes (%): ['0.133', '0.265', '0.177', '0.088']
    Upper Shadows (%): ['0.111', '0.022', '0.177', '0.022']
    Lower Shadows (%): ['0.111', '0.111', '0.066', '0.022']
Volumes: [np.float64(18491.6), np.float64(39260.8), np.float64(41033.5), np.float64(2450.0)]
2025-05-17 23:30:31,810 - INFO - 
2. Post-Cross Movement (30min):
5min Price Changes (%): []
Maximum Change: 0.000% after 0 minutes
Candle Analysis:
    Body Sizes (%): []
    Upper Shadows (%): []
    Lower Shadows (%): []
Volumes: []
==================================================
2025-05-17 23:30:32,047 - INFO - 
==================================================
EMA Cross Analysis - PENGU/USDT
Time: 2025-05-17 23:25:00+09:00
Type: golden
Cross Character (Current): Weak
Cross Character (New): Weak
Price at Cross: 0.012335

1. Pre-Cross Pattern (15min):
EMA Distance Changes (%): ['0.290', '0.203', '0.082', '0.035']
EMA12 Changes (%): ['0.096', '0.127', '0.204', '0.216']
Price Changes (%): ['0.528', '0.295', '0.622', '0.285']
Candle Analysis:
    Body Sizes (%): ['0.536', '0.295', '0.630', '0.285']
    Upper Shadows (%): ['0.008', '0.156', '0.025', '0.341']
    Lower Shadows (%): ['0.181', '0.386', '0.188', '0.293']
Volumes: [np.float64(19555678.0), np.float64(44990678.0), np.float64(31180006.0), np.float64(45147230.0)]
2025-05-17 23:30:32,047 - INFO - 
2. Post-Cross Movement (30min):
5min Price Changes (%): ['-0.122']
Maximum Change: -0.122% after 5 minutes
Candle Analysis:
    Body Sizes (%): ['0.122']
    Upper Shadows (%): ['0.024']
    Lower Shadows (%): ['0.024']
Volumes: [np.float64(4860564.0)]
==================================================
2025-05-17 23:30:32,290 - INFO - 
==================================================
EMA Cross Analysis - AIXBT/USDT
Time: 2025-05-17 23:25:00+09:00
Type: golden
Cross Character (Current): Weak
Cross Character (New): Weak
Price at Cross: 0.16797

1. Pre-Cross Pattern (15min):
EMA Distance Changes (%): ['0.268', '0.195', '0.081', '0.053']
EMA12 Changes (%): ['0.057', '0.100', '0.193', '0.249']
Price Changes (%): ['0.182', '0.339', '0.699', '0.557']
Candle Analysis:
    Body Sizes (%): ['0.139', '0.375', '0.699', '0.587']
    Upper Shadows (%): ['0.000', '0.097', '0.030', '0.246']
    Lower Shadows (%): ['0.254', '0.091', '0.151', '0.198']
Volumes: [np.float64(321772.0), np.float64(1351377.0), np.float64(1471949.0), np.float64(1006366.0)]
2025-05-17 23:30:32,290 - INFO - 
2. Post-Cross Movement (30min):
5min Price Changes (%): ['-0.131']
Maximum Change: -0.131% after 5 minutes
Candle Analysis:
    Body Sizes (%): ['0.113']
    Upper Shadows (%): ['0.024']
    Lower Shadows (%): ['0.042']
Volumes: [np.float64(75405.0)]
==================================================
2025-05-17 23:30:33,398 - INFO - 
==================================================
EMA Cross Analysis - MOVE/USDT
Time: 2025-05-17 23:30:00+09:00
Type: golden
Cross Character (Current): Weak
Cross Character (New): Weak
Price at Cross: 0.1824

1. Pre-Cross Pattern (15min):
EMA Distance Changes (%): ['0.250', '0.159', '0.066', '0.004']
EMA12 Changes (%): ['0.092', '0.138', '0.159', '0.126']
Price Changes (%): ['0.388', '0.386', '0.275', '-0.055']
Candle Analysis:
    Body Sizes (%): ['0.332', '0.386', '0.275', '0.110']
    Upper Shadows (%): ['0.111', '0.055', '0.275', '0.055']
    Lower Shadows (%): ['0.055', '0.221', '0.055', '0.055']
Volumes: [np.float64(612433.0), np.float64(618878.0), np.float64(636294.0), np.float64(32271.0)]
2025-05-17 23:30:33,399 - INFO - 
2. Post-Cross Movement (30min):
5min Price Changes (%): []
Maximum Change: 0.000% after 0 minutes
Candle Analysis:
    Body Sizes (%): []
    Upper Shadows (%): []
    Lower Shadows (%): []
Volumes: []
==================================================
2025-05-17 23:30:34,089 - INFO - 
==================================================
EMA Cross Analysis - COW/USDT
Time: 2025-05-17 23:30:00+09:00
Type: golden
Cross Character (Current): Weak
Cross Character (New): Weak
Price at Cross: 0.352

1. Pre-Cross Pattern (15min):
EMA Distance Changes (%): ['0.263', '0.154', '0.054', '0.025']
EMA12 Changes (%): ['0.152', '0.172', '0.172', '0.145']
Price Changes (%): ['0.430', '0.285', '0.171', '0.000']
Candle Analysis:
    Body Sizes (%): ['0.488', '0.314', '0.228', '0.028']
    Upper Shadows (%): ['0.057', '0.000', '0.285', '0.085']
    Lower Shadows (%): ['0.057', '0.285', '0.171', '0.000']
Volumes: [np.float64(32992.0), np.float64(22320.0), np.float64(42953.0), np.float64(1700.0)]
2025-05-17 23:30:34,089 - INFO - 
2. Post-Cross Movement (30min):
5min Price Changes (%): []
Maximum Change: 0.000% after 0 minutes
Candle Analysis:
    Body Sizes (%): []
    Upper Shadows (%): []
    Lower Shadows (%): []
Volumes: []
==================================================
2025-05-17 23:30:34,326 - INFO - 
==================================================
EMA Cross Analysis - ZEN/USDT
Time: 2025-05-17 23:25:00+09:00
Type: golden
Cross Character (Current): Weak
Cross Character (New): Weak
Price at Cross: 9.144

1. Pre-Cross Pattern (15min):
EMA Distance Changes (%): ['0.174', '0.106', '0.018', '0.063']
EMA12 Changes (%): ['0.074', '0.107', '0.155', '0.155']
Price Changes (%): ['-0.066', '0.287', '0.418', '0.153']
Candle Analysis:
    Body Sizes (%): ['0.066', '0.276', '0.385', '0.197']
    Upper Shadows (%): ['0.044', '0.165', '0.000', '0.340']
    Lower Shadows (%): ['0.265', '0.033', '0.121', '0.099']
Volumes: [np.float64(3089.8), np.float64(6816.6), np.float64(1260.4), np.float64(3458.3)]
2025-05-17 23:30:34,326 - INFO - 
2. Post-Cross Movement (30min):
5min Price Changes (%): ['-0.109']
Maximum Change: -0.109% after 5 minutes
Candle Analysis:
    Body Sizes (%): ['0.120']
    Upper Shadows (%): ['0.022']
    Lower Shadows (%): ['0.011']
Volumes: [np.float64(246.5)]
==================================================
2025-05-17 23:30:34,564 - INFO - 
==================================================
EMA Cross Analysis - ONDOUSDT
Time: 2025-05-17 23:25:00+09:00
Type: golden
Cross Character (Current): Weak
Cross Character (New): Weak
Price at Cross: 0.919

1. Pre-Cross Pattern (15min):
EMA Distance Changes (%): ['0.127', '0.076', '0.022', '0.037']
EMA12 Changes (%): ['0.070', '0.080', '0.094', '0.112']
Price Changes (%): ['0.131', '0.131', '0.175', '0.207']
Candle Analysis:
    Body Sizes (%): ['0.131', '0.131', '0.186', '0.207']
    Upper Shadows (%): ['0.044', '0.077', '0.055', '0.109']
    Lower Shadows (%): ['0.131', '0.131', '0.120', '0.131']
Volumes: [np.float64(362460.4), np.float64(502402.8), np.float64(368576.5), np.float64(704771.2)]
2025-05-17 23:30:34,565 - INFO - 
2. Post-Cross Movement (30min):
5min Price Changes (%): ['-0.054']
Maximum Change: -0.054% after 5 minutes
Candle Analysis:
    Body Sizes (%): ['0.054']
    Upper Shadows (%): ['0.033']
    Lower Shadows (%): ['0.033']
Volumes: [np.float64(68495.3)]
==================================================
2025-05-17 23:30:34,797 - INFO - 
==================================================
EMA Cross Analysis - USUAL/USDT
Time: 2025-05-17 23:30:00+09:00
Type: golden
Cross Character (Current): Weak
Cross Character (New): Weak
Price at Cross: 0.1245

1. Pre-Cross Pattern (15min):
EMA Distance Changes (%): ['0.239', '0.143', '0.035', '0.043']
EMA12 Changes (%): ['0.104', '0.151', '0.190', '0.148']
Price Changes (%): ['0.570', '0.405', '0.403', '-0.080']
Candle Analysis:
    Body Sizes (%): ['0.570', '0.405', '0.484', '0.080']
    Upper Shadows (%): ['0.081', '0.081', '0.161', '0.000']
    Lower Shadows (%): ['0.081', '0.243', '0.161', '0.080']
Volumes: [np.float64(1787368.0), np.float64(725084.0), np.float64(978195.0), np.float64(163695.0)]
2025-05-17 23:30:34,798 - INFO - 
2. Post-Cross Movement (30min):
5min Price Changes (%): []
Maximum Change: 0.000% after 0 minutes
Candle Analysis:
    Body Sizes (%): []
    Upper Shadows (%): []
    Lower Shadows (%): []
Volumes: []
==================================================
2025-05-17 23:30:35,418 - INFO - 
==================================================
EMA Cross Analysis - VANA/USDT
Time: 2025-05-17 23:30:00+09:00
Type: golden
Cross Character (Current): Weak
Cross Character (New): Weak
Price at Cross: 5.646

1. Pre-Cross Pattern (15min):
EMA Distance Changes (%): ['0.218', '0.148', '0.054', '0.011']
EMA12 Changes (%): ['0.107', '0.104', '0.160', '0.118']
Price Changes (%): ['0.465', '0.089', '0.462', '-0.106']
Candle Analysis:
    Body Sizes (%): ['0.465', '0.107', '0.426', '0.124']
    Upper Shadows (%): ['0.071', '0.053', '0.195', '0.035']
    Lower Shadows (%): ['0.018', '0.196', '0.107', '0.053']
Volumes: [np.float64(9692.93), np.float64(2264.23), np.float64(5798.97), np.float64(689.91)]
2025-05-17 23:30:35,418 - INFO - 
2. Post-Cross Movement (30min):
5min Price Changes (%): []
Maximum Change: 0.000% after 0 minutes
Candle Analysis:
    Body Sizes (%): []
    Upper Shadows (%): []
    Lower Shadows (%): []
Volumes: []
==================================================
2025-05-17 23:35:04,982 - INFO - 
==================================================
EMA Cross Analysis - ORDI/USDT
Time: 2025-05-17 23:35:00+09:00
Type: golden
Cross Character (Current): Weak
Cross Character (New): Weak
Price at Cross: 9.436

1. Pre-Cross Pattern (15min):
EMA Distance Changes (%): ['0.241', '0.135', '0.056', '0.007']
EMA12 Changes (%): ['0.136', '0.171', '0.133', '0.116']
Price Changes (%): ['0.534', '0.361', '-0.074', '0.021']
Candle Analysis:
    Body Sizes (%): ['0.545', '0.372', '0.074', '0.032']
    Upper Shadows (%): ['0.053', '0.223', '0.275', '0.000']
    Lower Shadows (%): ['0.150', '0.128', '0.180', '0.032']
Volumes: [np.float64(28536.7), np.float64(37556.1), np.float64(46910.8), np.float64(520.9)]
2025-05-17 23:35:04,983 - INFO - 
2. Post-Cross Movement (30min):
5min Price Changes (%): []
Maximum Change: 0.000% after 0 minutes
Candle Analysis:
    Body Sizes (%): []
    Upper Shadows (%): []
    Lower Shadows (%): []
Volumes: []
==================================================
2025-05-17 23:35:05,215 - INFO - 
==================================================
EMA Cross Analysis - DOGE/USDT
Time: 2025-05-17 23:30:00+09:00
Type: golden
Cross Character (Current): Weak
Cross Character (New): Weak
Price at Cross: 0.21576

1. Pre-Cross Pattern (15min):
EMA Distance Changes (%): ['0.157', '0.092', '0.040', '0.018']
EMA12 Changes (%): ['0.092', '0.103', '0.088', '0.107']
Price Changes (%): ['0.303', '0.163', '0.005', '0.209']
Candle Analysis:
    Body Sizes (%): ['0.308', '0.163', '0.000', '0.214']
    Upper Shadows (%): ['0.023', '0.033', '0.167', '0.093']
    Lower Shadows (%): ['0.065', '0.205', '0.158', '0.098']
Volumes: [np.float64(18806704.0), np.float64(18545984.0), np.float64(17882350.0), np.float64(21233170.0)]
2025-05-17 23:35:05,215 - INFO - 
2. Post-Cross Movement (30min):
5min Price Changes (%): ['0.005']
Maximum Change: 0.005% after 5 minutes
Candle Analysis:
    Body Sizes (%): ['0.005']
    Upper Shadows (%): ['0.000']
    Lower Shadows (%): ['0.028']
Volumes: [np.float64(226573.0)]
==================================================
2025-05-17 23:35:05,449 - INFO - 
==================================================
EMA Cross Analysis - XLM/USDT
Time: 2025-05-17 23:35:00+09:00
Type: golden
Cross Character (Current): Weak
Cross Character (New): Weak
Price at Cross: 0.28675

1. Pre-Cross Pattern (15min):
EMA Distance Changes (%): ['0.124', '0.067', '0.019', '0.016']
EMA12 Changes (%): ['0.074', '0.093', '0.082', '0.066']
Price Changes (%): ['0.084', '0.196', '0.021', '-0.017']
Candle Analysis:
    Body Sizes (%): ['0.087', '0.196', '0.021', '0.014']
    Upper Shadows (%): ['0.010', '0.059', '0.146', '0.000']
    Lower Shadows (%): ['0.164', '0.115', '0.105', '0.017']
Volumes: [np.float64(613316.0), np.float64(753589.0), np.float64(666207.0), np.float64(12428.0)]
2025-05-17 23:35:05,449 - INFO - 
2. Post-Cross Movement (30min):
5min Price Changes (%): []
Maximum Change: 0.000% after 0 minutes
Candle Analysis:
    Body Sizes (%): []
    Upper Shadows (%): []
    Lower Shadows (%): []
Volumes: []
==================================================
2025-05-17 23:35:05,687 - INFO - 
==================================================
EMA Cross Analysis - GALA/USDT
Time: 2025-05-17 23:30:00+09:00
Type: golden
Cross Character (Current): Weak
Cross Character (New): Weak
Price at Cross: 0.01875

1. Pre-Cross Pattern (15min):
EMA Distance Changes (%): ['0.212', '0.128', '0.026', '0.074']
EMA12 Changes (%): ['0.117', '0.133', '0.179', '0.192']
Price Changes (%): ['0.324', '0.215', '0.430', '0.267']
Candle Analysis:
    Body Sizes (%): ['0.324', '0.269', '0.376', '0.321']
    Upper Shadows (%): ['0.054', '0.054', '0.268', '0.589']
    Lower Shadows (%): ['0.108', '0.215', '0.161', '0.107']
Volumes: [np.float64(16402066.0), np.float64(8935651.0), np.float64(17134815.0), np.float64(58091841.0)]
2025-05-17 23:35:05,687 - INFO - 
2. Post-Cross Movement (30min):
5min Price Changes (%): ['-0.053']
Maximum Change: -0.053% after 5 minutes
Candle Analysis:
    Body Sizes (%): ['0.000']
    Upper Shadows (%): ['0.000']
    Lower Shadows (%): ['0.000']
Volumes: [np.float64(210426.0)]
==================================================
2025-05-17 23:35:06,299 - INFO - 
==================================================
EMA Cross Analysis - DOT/USDT
Time: 2025-05-17 23:35:00+09:00
Type: golden
Cross Character (Current): Weak
Cross Character (New): Weak
Price at Cross: 4.679

1. Pre-Cross Pattern (15min):
EMA Distance Changes (%): ['0.160', '0.085', '0.028', '0.016']
EMA12 Changes (%): ['0.089', '0.121', '0.099', '0.081']
Price Changes (%): ['0.215', '0.300', '-0.021', '-0.021']
Candle Analysis:
    Body Sizes (%): ['0.215', '0.300', '0.000', '0.000']
    Upper Shadows (%): ['0.000', '0.107', '0.214', '0.000']
    Lower Shadows (%): ['0.129', '0.064', '0.107', '0.000']
Volumes: [np.float64(89441.4), np.float64(116811.8), np.float64(138973.8), np.float64(213.7)]
2025-05-17 23:35:06,299 - INFO - 
2. Post-Cross Movement (30min):
5min Price Changes (%): []
Maximum Change: 0.000% after 0 minutes
Candle Analysis:
    Body Sizes (%): []
    Upper Shadows (%): []
    Lower Shadows (%): []
Volumes: []
==================================================
2025-05-17 23:35:07,246 - INFO - 
==================================================
EMA Cross Analysis - ARPA/USDT
Time: 2025-05-17 23:35:00+09:00
Type: golden
Cross Character (Current): Weak
Cross Character (New): Weak
Price at Cross: 0.0247

1. Pre-Cross Pattern (15min):
EMA Distance Changes (%): ['0.120', '0.054', '0.018', '0.010']
EMA12 Changes (%): ['0.093', '0.110', '0.062', '0.052']
Price Changes (%): ['0.244', '0.202', '-0.202', '0.000']
Candle Analysis:
    Body Sizes (%): ['0.284', '0.202', '0.202', '0.040']
    Upper Shadows (%): ['0.081', '0.121', '0.121', '0.000']
    Lower Shadows (%): ['0.081', '0.121', '0.000', '0.000']
Volumes: [np.float64(183636.0), np.float64(962956.0), np.float64(455317.0), np.float64(41312.0)]
2025-05-17 23:35:07,246 - INFO - 
2. Post-Cross Movement (30min):
5min Price Changes (%): []
Maximum Change: 0.000% after 0 minutes
Candle Analysis:
    Body Sizes (%): []
    Upper Shadows (%): []
    Lower Shadows (%): []
Volumes: []
==================================================
2025-05-17 23:35:08,190 - INFO - 
==================================================
EMA Cross Analysis - WLD/USDT
Time: 2025-05-17 23:30:00+09:00
Type: golden
Cross Character (Current): Weak
Cross Character (New): Weak
Price at Cross: 1.0798

1. Pre-Cross Pattern (15min):
EMA Distance Changes (%): ['0.176', '0.096', '0.021', '0.042']
EMA12 Changes (%): ['0.097', '0.129', '0.132', '0.120']
Price Changes (%): ['0.355', '0.307', '0.148', '0.056']
Candle Analysis:
    Body Sizes (%): ['0.374', '0.307', '0.148', '0.065']
    Upper Shadows (%): ['0.056', '0.019', '0.251', '0.278']
    Lower Shadows (%): ['0.019', '0.186', '0.111', '0.074']
Volumes: [np.float64(367603.0), np.float64(337077.0), np.float64(466481.0), np.float64(368459.0)]
2025-05-17 23:35:08,191 - INFO - 
2. Post-Cross Movement (30min):
5min Price Changes (%): ['0.037']
Maximum Change: 0.037% after 5 minutes
Candle Analysis:
    Body Sizes (%): ['0.037']
    Upper Shadows (%): ['0.000']
    Lower Shadows (%): ['0.000']
Volumes: [np.float64(1778.0)]
==================================================
2025-05-17 23:35:08,420 - INFO - 
==================================================
EMA Cross Analysis - RENDER/USDT
Time: 2025-05-17 23:30:00+09:00
Type: golden
Cross Character (Current): Weak
Cross Character (New): Weak
Price at Cross: 4.541

1. Pre-Cross Pattern (15min):
EMA Distance Changes (%): ['0.172', '0.106', '0.042', '0.012']
EMA12 Changes (%): ['0.071', '0.101', '0.110', '0.100']
Price Changes (%): ['0.155', '0.265', '0.154', '0.044']
Candle Analysis:
    Body Sizes (%): ['0.133', '0.265', '0.177', '0.044']
    Upper Shadows (%): ['0.111', '0.022', '0.177', '0.110']
    Lower Shadows (%): ['0.111', '0.111', '0.066', '0.264']
Volumes: [np.float64(18491.6), np.float64(39260.8), np.float64(41033.5), np.float64(110543.7)]
2025-05-17 23:35:08,421 - INFO - 
2. Post-Cross Movement (30min):
5min Price Changes (%): ['-0.022']
Maximum Change: -0.022% after 5 minutes
Candle Analysis:
    Body Sizes (%): ['0.000']
    Upper Shadows (%): ['0.022']
    Lower Shadows (%): ['0.022']
Volumes: [np.float64(1310.1)]
==================================================
2025-05-17 23:35:09,996 - INFO - 
==================================================
EMA Cross Analysis - MOVE/USDT
Time: 2025-05-17 23:30:00+09:00
Type: golden
Cross Character (Current): Weak
Cross Character (New): Weak
Price at Cross: 0.1826

1. Pre-Cross Pattern (15min):
EMA Distance Changes (%): ['0.250', '0.159', '0.066', '0.013']
EMA12 Changes (%): ['0.092', '0.138', '0.159', '0.143']
Price Changes (%): ['0.388', '0.386', '0.275', '0.055']
Candle Analysis:
    Body Sizes (%): ['0.332', '0.386', '0.275', '0.000']
    Upper Shadows (%): ['0.111', '0.055', '0.275', '0.219']
    Lower Shadows (%): ['0.055', '0.221', '0.055', '0.164']
Volumes: [np.float64(612433.0), np.float64(618878.0), np.float64(636294.0), np.float64(393803.0)]
2025-05-17 23:35:09,997 - INFO - 
2. Post-Cross Movement (30min):
5min Price Changes (%): ['0.000']
Maximum Change: 0.000% after 0 minutes
Candle Analysis:
    Body Sizes (%): ['0.000']
    Upper Shadows (%): ['0.000']
    Lower Shadows (%): ['0.000']
Volumes: [np.float64(0.0)]
==================================================
2025-05-17 23:35:10,232 - INFO - 
==================================================
EMA Cross Analysis - GOAT/USDT
Time: 2025-05-17 23:30:00+09:00
Type: golden
Cross Character (Current): Weak
Cross Character (New): Weak
Price at Cross: 0.13716

1. Pre-Cross Pattern (15min):
EMA Distance Changes (%): ['0.381', '0.287', '0.114', '0.019']
EMA12 Changes (%): ['0.003', '0.122', '0.293', '0.243']
Price Changes (%): ['0.149', '0.773', '1.225', '-0.022']
Candle Analysis:
    Body Sizes (%): ['0.156', '0.796', '1.210', '0.022']
    Upper Shadows (%): ['0.320', '0.082', '4.279', '0.190']
    Lower Shadows (%): ['0.313', '0.245', '0.487', '0.576']
Volumes: [np.float64(2218975.0), np.float64(2804816.0), np.float64(16859305.0), np.float64(3417051.0)]
2025-05-17 23:35:10,232 - INFO - 
2. Post-Cross Movement (30min):
5min Price Changes (%): ['-0.036']
Maximum Change: -0.036% after 5 minutes
Candle Analysis:
    Body Sizes (%): ['0.015']
    Upper Shadows (%): ['0.000']
    Lower Shadows (%): ['0.066']
Volumes: [np.float64(44073.0)]
==================================================
2025-05-17 23:35:10,700 - INFO - 
==================================================
EMA Cross Analysis - COW/USDT
Time: 2025-05-17 23:30:00+09:00
Type: golden
Cross Character (Current): Weak
Cross Character (New): Weak
Price at Cross: 0.3522

1. Pre-Cross Pattern (15min):
EMA Distance Changes (%): ['0.263', '0.154', '0.054', '0.029']
EMA12 Changes (%): ['0.152', '0.172', '0.172', '0.154']
Price Changes (%): ['0.430', '0.285', '0.171', '0.057']
Candle Analysis:
    Body Sizes (%): ['0.488', '0.314', '0.228', '0.028']
    Upper Shadows (%): ['0.057', '0.000', '0.285', '0.256']
    Lower Shadows (%): ['0.057', '0.285', '0.171', '0.142']
Volumes: [np.float64(32992.0), np.float64(22320.0), np.float64(42953.0), np.float64(37694.0)]
2025-05-17 23:35:10,700 - INFO - 
2. Post-Cross Movement (30min):
5min Price Changes (%): ['0.028']
Maximum Change: 0.028% after 5 minutes
Candle Analysis:
    Body Sizes (%): ['0.000']
    Upper Shadows (%): ['0.000']
    Lower Shadows (%): ['0.028']
Volumes: [np.float64(4690.0)]
==================================================
2025-05-17 23:35:11,408 - INFO - 
==================================================
EMA Cross Analysis - USUAL/USDT
Time: 2025-05-17 23:30:00+09:00
Type: golden
Cross Character (Current): Weak
Cross Character (New): Weak
Price at Cross: 0.1246

1. Pre-Cross Pattern (15min):
EMA Distance Changes (%): ['0.239', '0.143', '0.035', '0.050']
EMA12 Changes (%): ['0.104', '0.151', '0.190', '0.160']
Price Changes (%): ['0.570', '0.405', '0.403', '0.000']
Candle Analysis:
    Body Sizes (%): ['0.570', '0.405', '0.484', '0.000']
    Upper Shadows (%): ['0.081', '0.081', '0.161', '0.321']
    Lower Shadows (%): ['0.081', '0.243', '0.161', '0.161']
Volumes: [np.float64(1787368.0), np.float64(725084.0), np.float64(978195.0), np.float64(591243.0)]
2025-05-17 23:35:11,408 - INFO - 
2. Post-Cross Movement (30min):
5min Price Changes (%): ['0.000']
Maximum Change: 0.000% after 0 minutes
Candle Analysis:
    Body Sizes (%): ['0.000']
    Upper Shadows (%): ['0.080']
    Lower Shadows (%): ['0.000']
Volumes: [np.float64(43370.0)]
==================================================
2025-05-17 23:35:12,106 - INFO - 
==================================================
EMA Cross Analysis - VANA/USDT
Time: 2025-05-17 23:30:00+09:00
Type: golden
Cross Character (Current): Weak
Cross Character (New): Weak
Price at Cross: 5.651

1. Pre-Cross Pattern (15min):
EMA Distance Changes (%): ['0.218', '0.148', '0.054', '0.018']
EMA12 Changes (%): ['0.107', '0.104', '0.160', '0.132']
Price Changes (%): ['0.465', '0.089', '0.462', '-0.018']
Candle Analysis:
    Body Sizes (%): ['0.465', '0.107', '0.426', '0.035']
    Upper Shadows (%): ['0.071', '0.053', '0.195', '0.195']
    Lower Shadows (%): ['0.018', '0.196', '0.107', '0.142']
Volumes: [np.float64(9692.93), np.float64(2264.23), np.float64(5798.97), np.float64(6684.99)]
2025-05-17 23:35:12,107 - INFO - 
2. Post-Cross Movement (30min):
5min Price Changes (%): ['0.000']
Maximum Change: 0.000% after 0 minutes
Candle Analysis:
    Body Sizes (%): ['0.018']
    Upper Shadows (%): ['0.000']
    Lower Shadows (%): ['0.018']
Volumes: [np.float64(442.19)]
==================================================
2025-05-17 23:36:12,810 - INFO - 
==================================================
EMA Cross Analysis - DOGS/USDT
Time: 2025-05-17 23:35:00+09:00
Type: golden
Cross Character (Current): Weak
Cross Character (New): Weak
Price at Cross: 0.0001727

1. Pre-Cross Pattern (15min):
EMA Distance Changes (%): ['0.235', '0.112', '0.024', '0.041']
EMA12 Changes (%): ['0.168', '0.205', '0.155', '0.122']
Price Changes (%): ['0.643', '0.406', '-0.116', '-0.058']
Candle Analysis:
    Body Sizes (%): ['0.643', '0.465', '0.116', '0.000']
    Upper Shadows (%): ['0.058', '0.465', '0.116', '0.058']
    Lower Shadows (%): ['0.175', '0.000', '0.173', '0.000']
Volumes: [np.float64(450744955.0), np.float64(1403128436.0), np.float64(458919782.0), np.float64(15705849.0)]
2025-05-17 23:36:12,810 - INFO - 
2. Post-Cross Movement (30min):
5min Price Changes (%): []
Maximum Change: 0.000% after 0 minutes
Candle Analysis:
    Body Sizes (%): []
    Upper Shadows (%): []
    Lower Shadows (%): []
Volumes: []
==================================================
2025-05-17 23:36:13,039 - INFO - 
==================================================
EMA Cross Analysis - BAN/USDT
Time: 2025-05-17 23:30:00+09:00
Type: golden
Cross Character (Current): Weak
Cross Character (New): Weak
Price at Cross: 0.0583

1. Pre-Cross Pattern (15min):
EMA Distance Changes (%): ['0.165', '0.095', '0.025', '0.021']
EMA12 Changes (%): ['0.072', '0.112', '0.121', '0.086']
Price Changes (%): ['0.224', '0.327', '0.172', '-0.103']
Candle Analysis:
    Body Sizes (%): ['0.276', '0.293', '0.137', '0.103']
    Upper Shadows (%): ['0.035', '0.000', '0.206', '0.034']
    Lower Shadows (%): ['0.121', '0.138', '0.189', '0.069']
Volumes: [np.float64(78240.0), np.float64(82744.0), np.float64(129502.0), np.float64(89345.0)]
2025-05-17 23:36:13,039 - INFO - 
2. Post-Cross Movement (30min):
5min Price Changes (%): ['-0.240']
Maximum Change: -0.240% after 5 minutes
Candle Analysis:
    Body Sizes (%): ['0.257']
    Upper Shadows (%): ['0.000']
    Lower Shadows (%): ['0.017']
Volumes: [np.float64(14790.0)]
==================================================
2025-05-17 23:36:13,496 - INFO - 
==================================================
EMA Cross Analysis - ORCA/USDT
Time: 2025-05-17 23:30:00+09:00
Type: golden
Cross Character (Current): Weak
Cross Character (New): Weak
Price at Cross: 2.512

1. Pre-Cross Pattern (15min):
EMA Distance Changes (%): ['0.159', '0.080', '0.008', '0.049']
EMA12 Changes (%): ['0.095', '0.130', '0.128', '0.108']
Price Changes (%): ['0.281', '0.320', '0.120', '0.000']
Candle Analysis:
    Body Sizes (%): ['0.240', '0.360', '0.080', '0.040']
    Upper Shadows (%): ['0.040', '0.000', '0.199', '0.159']
    Lower Shadows (%): ['0.080', '0.120', '0.120', '0.159']
Volumes: [np.float64(8264.2), np.float64(5465.6), np.float64(11731.9), np.float64(10702.6)]
2025-05-17 23:36:13,497 - INFO - 
2. Post-Cross Movement (30min):
5min Price Changes (%): ['-0.040']
Maximum Change: -0.040% after 5 minutes
Candle Analysis:
    Body Sizes (%): ['0.000']
    Upper Shadows (%): ['0.040']
    Lower Shadows (%): ['0.040']
Volumes: [np.float64(1246.5)]
==================================================
2025-05-17 23:36:14,607 - INFO - 
==================================================
EMA Cross Analysis - BAKE/USDT
Time: 2025-05-17 23:30:00+09:00
Type: golden
Cross Character (Current): Weak
Cross Character (New): Weak
Price at Cross: 0.1314

1. Pre-Cross Pattern (15min):
EMA Distance Changes (%): ['0.160', '0.116', '0.049', '0.052']
EMA12 Changes (%): ['0.046', '0.063', '0.112', '0.190']
Price Changes (%): ['0.464', '0.154', '0.384', '0.613']
Candle Analysis:
    Body Sizes (%): ['0.464', '0.231', '0.462', '0.613']
    Upper Shadows (%): ['0.000', '0.308', '0.385', '0.077']
    Lower Shadows (%): ['0.077', '0.231', '0.000', '0.077']
Volumes: [np.float64(126199.0), np.float64(358121.0), np.float64(489774.0), np.float64(380693.0)]
2025-05-17 23:36:14,607 - INFO - 
2. Post-Cross Movement (30min):
5min Price Changes (%): ['-0.076']
Maximum Change: -0.076% after 5 minutes
Candle Analysis:
    Body Sizes (%): ['0.000']
    Upper Shadows (%): ['0.076']
    Lower Shadows (%): ['0.076']
Volumes: [np.float64(141176.0)]
==================================================
2025-05-17 23:36:15,578 - INFO - 
==================================================
EMA Cross Analysis - POL/USDT
Time: 2025-05-17 23:30:00+09:00
Type: golden
Cross Character (Current): Weak
Cross Character (New): Weak
Price at Cross: 0.23162

1. Pre-Cross Pattern (15min):
EMA Distance Changes (%): ['0.133', '0.073', '0.021', '0.023']
EMA12 Changes (%): ['0.072', '0.098', '0.089', '0.083']
Price Changes (%): ['0.230', '0.243', '0.039', '0.052']
Candle Analysis:
    Body Sizes (%): ['0.221', '0.243', '0.052', '0.052']
    Upper Shadows (%): ['0.061', '0.013', '0.160', '0.130']
    Lower Shadows (%): ['0.043', '0.134', '0.117', '0.091']
Volumes: [np.float64(288257.0), np.float64(312642.0), np.float64(345289.0), np.float64(240267.0)]
2025-05-17 23:36:15,578 - INFO - 
2. Post-Cross Movement (30min):
5min Price Changes (%): ['-0.065']
Maximum Change: -0.065% after 5 minutes
Candle Analysis:
    Body Sizes (%): ['0.060']
    Upper Shadows (%): ['0.013']
    Lower Shadows (%): ['0.047']
Volumes: [np.float64(89161.0)]
==================================================
2025-05-17 23:40:47,999 - INFO - 
==================================================
EMA Cross Analysis - DOGS/USDT
Time: 2025-05-17 23:35:00+09:00
Type: golden
Cross Character (Current): Weak
Cross Character (New): Weak
Price at Cross: 0.0001737

1. Pre-Cross Pattern (15min):
EMA Distance Changes (%): ['0.235', '0.112', '0.024', '0.086']
EMA12 Changes (%): ['0.168', '0.205', '0.155', '0.212']
Price Changes (%): ['0.643', '0.406', '-0.116', '0.521']
Candle Analysis:
    Body Sizes (%): ['0.643', '0.465', '0.116', '0.579']
    Upper Shadows (%): ['0.058', '0.465', '0.116', '0.000']
    Lower Shadows (%): ['0.175', '0.000', '0.173', '0.463']
Volumes: [np.float64(450744955.0), np.float64(1403128436.0), np.float64(458919782.0), np.float64(940982768.0)]
2025-05-17 23:40:47,999 - INFO - 
2. Post-Cross Movement (30min):
5min Price Changes (%): ['-0.461']
Maximum Change: -0.461% after 5 minutes
Candle Analysis:
    Body Sizes (%): ['0.461']
    Upper Shadows (%): ['0.058']
    Lower Shadows (%): ['0.000']
Volumes: [np.float64(222521720.0)]
==================================================
2025-05-17 23:40:51,943 - INFO - 
==================================================
EMA Cross Analysis - ORDI/USDT
Time: 2025-05-17 23:40:00+09:00
Type: golden
Cross Character (Current): Weak
Cross Character (New): Weak
Price at Cross: 9.419

1. Pre-Cross Pattern (15min):
EMA Distance Changes (%): ['0.135', '0.056', '0.018', '0.023']
EMA12 Changes (%): ['0.171', '0.133', '0.066', '0.077']
Price Changes (%): ['0.361', '-0.074', '-0.297', '0.138']
Candle Analysis:
    Body Sizes (%): ['0.372', '0.074', '0.286', '0.117']
    Upper Shadows (%): ['0.223', '0.275', '0.127', '0.032']
    Lower Shadows (%): ['0.128', '0.180', '0.042', '0.043']
Volumes: [np.float64(37556.1), np.float64(46910.8), np.float64(19572.5), np.float64(4434.8)]
2025-05-17 23:40:51,944 - INFO - 
2. Post-Cross Movement (30min):
5min Price Changes (%): []
Maximum Change: 0.000% after 0 minutes
Candle Analysis:
    Body Sizes (%): []
    Upper Shadows (%): []
    Lower Shadows (%): []
Volumes: []
==================================================
2025-05-17 23:40:52,410 - INFO - 
==================================================
EMA Cross Analysis - XLM/USDT
Time: 2025-05-17 23:40:00+09:00
Type: golden
Cross Character (Current): Weak
Cross Character (New): Weak
Price at Cross: 0.28604

1. Pre-Cross Pattern (15min):
EMA Distance Changes (%): ['0.067', '0.019', '0.005', '0.008']
EMA12 Changes (%): ['0.093', '0.082', '0.026', '0.024']
Price Changes (%): ['0.196', '0.021', '-0.282', '0.017']
Candle Analysis:
    Body Sizes (%): ['0.196', '0.021', '0.279', '0.017']
    Upper Shadows (%): ['0.059', '0.146', '0.024', '0.003']
    Lower Shadows (%): ['0.115', '0.105', '0.059', '0.021']
Volumes: [np.float64(753589.0), np.float64(666207.0), np.float64(519657.0), np.float64(79184.0)]
2025-05-17 23:40:52,410 - INFO - 
2. Post-Cross Movement (30min):
5min Price Changes (%): []
Maximum Change: 0.000% after 0 minutes
Candle Analysis:
    Body Sizes (%): []
    Upper Shadows (%): []
    Lower Shadows (%): []
Volumes: []
==================================================
2025-05-17 23:40:53,343 - INFO - 
==================================================
EMA Cross Analysis - DOT/USDT
Time: 2025-05-17 23:40:00+09:00
Type: golden
Cross Character (Current): Weak
Cross Character (New): Weak
Price at Cross: 4.662

1. Pre-Cross Pattern (15min):
EMA Distance Changes (%): ['0.085', '0.028', '0.008', '0.003']
EMA12 Changes (%): ['0.121', '0.099', '0.034', '0.019']
Price Changes (%): ['0.300', '-0.021', '-0.321', '-0.064']
Candle Analysis:
    Body Sizes (%): ['0.300', '0.000', '0.299', '0.064']
    Upper Shadows (%): ['0.107', '0.214', '0.021', '0.000']
    Lower Shadows (%): ['0.064', '0.107', '0.064', '0.021']
Volumes: [np.float64(116811.8), np.float64(138973.8), np.float64(73923.9), np.float64(12696.2)]
2025-05-17 23:40:53,343 - INFO - 
2. Post-Cross Movement (30min):
5min Price Changes (%): []
Maximum Change: 0.000% after 0 minutes
Candle Analysis:
    Body Sizes (%): []
    Upper Shadows (%): []
    Lower Shadows (%): []
Volumes: []
==================================================
2025-05-17 23:45:25,912 - INFO - 
==================================================
EMA Cross Analysis - BOME/USDT
Time: 2025-05-17 23:45:00+09:00
Type: golden
Cross Character (Current): Weak
Cross Character (New): Weak
Price at Cross: 0.002113

1. Pre-Cross Pattern (15min):
EMA Distance Changes (%): ['0.104', '0.062', '0.009', '0.052']
EMA12 Changes (%): ['0.158', '0.068', '0.094', '0.116']
Price Changes (%): ['-0.189', '-0.426', '0.238', '0.237']
Candle Analysis:
    Body Sizes (%): ['0.142', '0.426', '0.238', '0.190']
    Upper Shadows (%): ['0.142', '0.047', '0.190', '0.047']
    Lower Shadows (%): ['0.284', '0.142', '0.095', '0.000']
Volumes: [np.float64(56264518.0), np.float64(58198293.0), np.float64(48900123.0), np.float64(3874595.0)]
2025-05-17 23:45:25,912 - INFO - 
2. Post-Cross Movement (30min):
5min Price Changes (%): []
Maximum Change: 0.000% after 0 minutes
Candle Analysis:
    Body Sizes (%): []
    Upper Shadows (%): []
    Lower Shadows (%): []
Volumes: []
==================================================
2025-05-17 23:45:26,829 - INFO - 
==================================================
EMA Cross Analysis - NEAR/USDT
Time: 2025-05-17 23:45:00+09:00
Type: golden
Cross Character (Current): Weak
Cross Character (New): Weak
Price at Cross: 2.728

1. Pre-Cross Pattern (15min):
EMA Distance Changes (%): ['0.095', '0.069', '0.039', '0.003']
EMA12 Changes (%): ['0.118', '0.037', '0.049', '0.075']
Price Changes (%): ['0.073', '-0.403', '0.110', '0.220']
Candle Analysis:
    Body Sizes (%): ['0.110', '0.366', '0.110', '0.220']
    Upper Shadows (%): ['0.220', '0.037', '0.074', '0.000']
    Lower Shadows (%): ['0.073', '0.037', '0.074', '0.000']
Volumes: [np.float64(257381.0), np.float64(162886.0), np.float64(72445.0), np.float64(49617.0)]
2025-05-17 23:45:26,830 - INFO - 
2. Post-Cross Movement (30min):
5min Price Changes (%): []
Maximum Change: 0.000% after 0 minutes
Candle Analysis:
    Body Sizes (%): []
    Upper Shadows (%): []
    Lower Shadows (%): []
Volumes: []
==================================================
2025-05-17 23:45:28,700 - INFO - 
==================================================
EMA Cross Analysis - MOODENG/USDT
Time: 2025-05-17 23:40:00+09:00
Type: golden
Cross Character (Current): Weak
Cross Character (New): Weak
Price at Cross: 0.18124

1. Pre-Cross Pattern (15min):
EMA Distance Changes (%): ['0.218', '0.104', '0.062', '0.045']
EMA12 Changes (%): ['0.356', '0.194', '0.068', '0.199']
Price Changes (%): ['1.303', '-0.676', '-0.614', '0.913']
Candle Analysis:
    Body Sizes (%): ['1.297', '0.692', '0.636', '0.913']
    Upper Shadows (%): ['1.147', '0.082', '0.559', '0.039']
    Lower Shadows (%): ['0.217', '0.027', '0.050', '0.239']
Volumes: [np.float64(46427594.0), np.float64(16877358.0), np.float64(14558287.0), np.float64(11629613.0)]
2025-05-17 23:45:28,700 - INFO - 
2. Post-Cross Movement (30min):
5min Price Changes (%): ['0.028']
Maximum Change: 0.028% after 5 minutes
Candle Analysis:
    Body Sizes (%): ['0.028']
    Upper Shadows (%): ['0.248']
    Lower Shadows (%): ['0.017']
Volumes: [np.float64(2835868.0)]
==================================================
2025-05-17 23:45:29,413 - INFO - 
==================================================
EMA Cross Analysis - ORDI/USDT
Time: 2025-05-17 23:40:00+09:00
Type: golden
Cross Character (Current): Weak
Cross Character (New): Weak
Price at Cross: 9.465

1. Pre-Cross Pattern (15min):
EMA Distance Changes (%): ['0.135', '0.056', '0.018', '0.062']
EMA12 Changes (%): ['0.171', '0.133', '0.066', '0.153']
Price Changes (%): ['0.361', '-0.074', '-0.297', '0.627']
Candle Analysis:
    Body Sizes (%): ['0.372', '0.074', '0.286', '0.606']
    Upper Shadows (%): ['0.223', '0.275', '0.127', '0.106']
    Lower Shadows (%): ['0.128', '0.180', '0.042', '0.043']
Volumes: [np.float64(37556.1), np.float64(46910.8), np.float64(19572.5), np.float64(68134.5)]
2025-05-17 23:45:29,414 - INFO - 
2. Post-Cross Movement (30min):
5min Price Changes (%): ['0.190']
Maximum Change: 0.190% after 5 minutes
Candle Analysis:
    Body Sizes (%): ['0.190']
    Upper Shadows (%): ['0.032']
    Lower Shadows (%): ['0.000']
Volumes: [np.float64(2943.3)]
==================================================
2025-05-17 23:45:29,878 - INFO - 
==================================================
EMA Cross Analysis - XLM/USDT
Time: 2025-05-17 23:40:00+09:00
Type: golden
Cross Character (Current): Weak
Cross Character (New): Weak
Price at Cross: 0.28577

1. Pre-Cross Pattern (15min):
EMA Distance Changes (%): ['0.067', '0.019', '0.005', '0.001']
EMA12 Changes (%): ['0.093', '0.082', '0.026', '0.010']
Price Changes (%): ['0.196', '0.021', '-0.282', '-0.077']
Candle Analysis:
    Body Sizes (%): ['0.196', '0.021', '0.279', '0.077']
    Upper Shadows (%): ['0.059', '0.146', '0.024', '0.035']
    Lower Shadows (%): ['0.115', '0.105', '0.059', '0.010']
Volumes: [np.float64(753589.0), np.float64(666207.0), np.float64(519657.0), np.float64(456159.0)]
2025-05-17 23:45:29,878 - INFO - 
2. Post-Cross Movement (30min):
5min Price Changes (%): ['0.143']
Maximum Change: 0.143% after 5 minutes
Candle Analysis:
    Body Sizes (%): ['0.133']
    Upper Shadows (%): ['0.024']
    Lower Shadows (%): ['0.000']
Volumes: [np.float64(79384.0)]
==================================================
2025-05-17 23:45:30,825 - INFO - 
==================================================
EMA Cross Analysis - DOT/USDT
Time: 2025-05-17 23:40:00+09:00
Type: golden
Cross Character (Current): Weak
Cross Character (New): Weak
Price at Cross: 4.665

1. Pre-Cross Pattern (15min):
EMA Distance Changes (%): ['0.085', '0.028', '0.008', '0.008']
EMA12 Changes (%): ['0.121', '0.099', '0.034', '0.029']
Price Changes (%): ['0.300', '-0.021', '-0.321', '0.000']
Candle Analysis:
    Body Sizes (%): ['0.300', '0.000', '0.299', '0.000']
    Upper Shadows (%): ['0.107', '0.214', '0.021', '0.107']
    Lower Shadows (%): ['0.064', '0.107', '0.064', '0.129']
Volumes: [np.float64(116811.8), np.float64(138973.8), np.float64(73923.9), np.float64(55953.6)]
2025-05-17 23:45:30,826 - INFO - 
2. Post-Cross Movement (30min):
5min Price Changes (%): ['0.193']
Maximum Change: 0.193% after 5 minutes
Candle Analysis:
    Body Sizes (%): ['0.171']
    Upper Shadows (%): ['0.021']
    Lower Shadows (%): ['0.000']
Volumes: [np.float64(7124.0)]
==================================================
2025-05-17 23:45:31,060 - INFO - 
==================================================
EMA Cross Analysis - ZRO/USDT
Time: 2025-05-17 23:45:00+09:00
Type: golden
Cross Character (Current): Weak
Cross Character (New): Weak
Price at Cross: 2.5726

1. Pre-Cross Pattern (15min):
EMA Distance Changes (%): ['0.115', '0.085', '0.039', '0.004']
EMA12 Changes (%): ['0.091', '0.041', '0.076', '0.079']
Price Changes (%): ['-0.031', '-0.230', '0.265', '0.093']
Candle Analysis:
    Body Sizes (%): ['0.047', '0.214', '0.254', '0.089']
    Upper Shadows (%): ['0.171', '0.000', '0.023', '0.105']
    Lower Shadows (%): ['0.140', '0.105', '0.039', '0.000']
Volumes: [np.float64(52316.7), np.float64(32210.7), np.float64(21724.7), np.float64(9197.8)]
2025-05-17 23:45:31,061 - INFO - 
2. Post-Cross Movement (30min):
5min Price Changes (%): []
Maximum Change: 0.000% after 0 minutes
Candle Analysis:
    Body Sizes (%): []
    Upper Shadows (%): []
    Lower Shadows (%): []
Volumes: []
==================================================
2025-05-17 23:45:31,765 - INFO - 
==================================================
EMA Cross Analysis - ARPA/USDT
Time: 2025-05-17 23:45:00+09:00
Type: golden
Cross Character (Current): Weak
Cross Character (New): Weak
Price at Cross: 0.02467

1. Pre-Cross Pattern (15min):
EMA Distance Changes (%): ['0.018', '0.012', '0.008', '0.009']
EMA12 Changes (%): ['0.062', '0.009', '0.007', '0.031']
Price Changes (%): ['-0.202', '-0.283', '0.000', '0.162']
Candle Analysis:
    Body Sizes (%): ['0.202', '0.324', '0.041', '0.162']
    Upper Shadows (%): ['0.121', '0.040', '0.081', '0.000']
    Lower Shadows (%): ['0.000', '0.040', '0.041', '0.000']
Volumes: [np.float64(455317.0), np.float64(142971.0), np.float64(196826.0), np.float64(49947.0)]
2025-05-17 23:45:31,765 - INFO - 
2. Post-Cross Movement (30min):
5min Price Changes (%): []
Maximum Change: 0.000% after 0 minutes
Candle Analysis:
    Body Sizes (%): []
    Upper Shadows (%): []
    Lower Shadows (%): []
Volumes: []
==================================================
2025-05-17 23:50:05,991 - INFO - 
==================================================
EMA Cross Analysis - ATOM/USDT
Time: 2025-05-17 23:45:00+09:00
Type: golden
Cross Character (Current): Weak
Cross Character (New): Weak
Price at Cross: 4.771

1. Pre-Cross Pattern (15min):
EMA Distance Changes (%): ['0.123', '0.087', '0.056', '0.009']
EMA12 Changes (%): ['0.092', '0.052', '0.047', '0.118']
Price Changes (%): ['0.169', '-0.168', '0.021', '0.506']
Candle Analysis:
    Body Sizes (%): ['0.147', '0.168', '0.021', '0.484']
    Upper Shadows (%): ['0.211', '0.000', '0.063', '0.126']
    Lower Shadows (%): ['0.063', '0.084', '0.063', '0.000']
Volumes: [np.float64(121668.53), np.float64(18943.19), np.float64(14949.72), np.float64(109110.91)]
2025-05-17 23:50:05,991 - INFO - 
2. Post-Cross Movement (30min):
5min Price Changes (%): ['0.000']
Maximum Change: 0.000% after 0 minutes
Candle Analysis:
    Body Sizes (%): ['0.000']
    Upper Shadows (%): ['0.000']
    Lower Shadows (%): ['0.000']
Volumes: [np.float64(0.0)]
==================================================
2025-05-17 23:50:07,950 - INFO - 
==================================================
EMA Cross Analysis - ZRO/USDT
Time: 2025-05-17 23:50:00+09:00
Type: golden
Cross Character (Current): Weak
Cross Character (New): Weak
Price at Cross: 2.5684

1. Pre-Cross Pattern (15min):
EMA Distance Changes (%): ['0.085', '0.039', '0.004', '0.019']
EMA12 Changes (%): ['0.041', '0.076', '0.063', '0.044']
Price Changes (%): ['-0.230', '0.265', '-0.008', '-0.062']
Candle Analysis:
    Body Sizes (%): ['0.214', '0.254', '0.012', '0.058']
    Upper Shadows (%): ['0.000', '0.023', '0.265', '0.000']
    Lower Shadows (%): ['0.105', '0.039', '0.070', '0.000']
Volumes: [np.float64(32210.7), np.float64(21724.7), np.float64(74777.5), np.float64(35.8)]
2025-05-17 23:50:07,950 - INFO - 
2. Post-Cross Movement (30min):
5min Price Changes (%): []
Maximum Change: 0.000% after 0 minutes
Candle Analysis:
    Body Sizes (%): []
    Upper Shadows (%): []
    Lower Shadows (%): []
Volumes: []
==================================================
2025-05-17 23:50:08,618 - INFO - 
==================================================
EMA Cross Analysis - ARPA/USDT
Time: 2025-05-17 23:45:00+09:00
Type: golden
Cross Character (Current): Weak
Cross Character (New): Weak
Price at Cross: 0.02477

1. Pre-Cross Pattern (15min):
EMA Distance Changes (%): ['0.018', '0.012', '0.008', '0.041']
EMA12 Changes (%): ['0.062', '0.009', '0.007', '0.094']
Price Changes (%): ['-0.202', '-0.283', '0.000', '0.568']
Candle Analysis:
    Body Sizes (%): ['0.202', '0.324', '0.041', '0.568']
    Upper Shadows (%): ['0.121', '0.040', '0.081', '0.000']
    Lower Shadows (%): ['0.000', '0.040', '0.041', '0.000']
Volumes: [np.float64(455317.0), np.float64(142971.0), np.float64(196826.0), np.float64(363941.0)]
2025-05-17 23:50:08,618 - INFO - 
2. Post-Cross Movement (30min):
5min Price Changes (%): ['0.000']
Maximum Change: 0.000% after 0 minutes
Candle Analysis:
    Body Sizes (%): ['0.000']
    Upper Shadows (%): ['0.000']
    Lower Shadows (%): ['0.000']
Volumes: [np.float64(9112.0)]
==================================================
2025-05-17 23:50:09,052 - INFO - 
==================================================
EMA Cross Analysis - XRP/USDT
Time: 2025-05-17 23:45:00+09:00
Type: golden
Cross Character (Current): Weak
Cross Character (New): Weak
Price at Cross: 2.3457

1. Pre-Cross Pattern (15min):
EMA Distance Changes (%): ['0.076', '0.050', '0.028', '0.006']
EMA12 Changes (%): ['0.067', '0.040', '0.035', '0.063']
Price Changes (%): ['0.056', '-0.107', '0.004', '0.218']
Candle Analysis:
    Body Sizes (%): ['0.056', '0.102', '0.004', '0.214']
    Upper Shadows (%): ['0.158', '0.038', '0.094', '0.030']
    Lower Shadows (%): ['0.085', '0.107', '0.081', '0.000']
Volumes: [np.float64(1690788.9), np.float64(1564256.9), np.float64(843401.4), np.float64(1882027.7)]
2025-05-17 23:50:09,052 - INFO - 
2. Post-Cross Movement (30min):
5min Price Changes (%): ['-0.017']
Maximum Change: -0.017% after 5 minutes
Candle Analysis:
    Body Sizes (%): ['0.013']
    Upper Shadows (%): ['0.004']
    Lower Shadows (%): ['0.004']
Volumes: [np.float64(14525.0)]
==================================================
2025-05-17 23:50:10,610 - INFO - 
==================================================
EMA Cross Analysis - NEAR/USDT
Time: 2025-05-17 23:45:00+09:00
Type: golden
Cross Character (Current): Weak
Cross Character (New): Weak
Price at Cross: 2.729

1. Pre-Cross Pattern (15min):
EMA Distance Changes (%): ['0.095', '0.069', '0.039', '0.006']
EMA12 Changes (%): ['0.118', '0.037', '0.049', '0.081']
Price Changes (%): ['0.073', '-0.403', '0.110', '0.257']
Candle Analysis:
    Body Sizes (%): ['0.110', '0.366', '0.110', '0.257']
    Upper Shadows (%): ['0.220', '0.037', '0.074', '0.220']
    Lower Shadows (%): ['0.073', '0.037', '0.074', '0.000']
Volumes: [np.float64(257381.0), np.float64(162886.0), np.float64(72445.0), np.float64(167944.0)]
2025-05-17 23:50:10,610 - INFO - 
2. Post-Cross Movement (30min):
5min Price Changes (%): ['0.037']
Maximum Change: 0.037% after 5 minutes
Candle Analysis:
    Body Sizes (%): ['0.037']
    Upper Shadows (%): ['0.000']
    Lower Shadows (%): ['0.037']
Volumes: [np.float64(331.0)]
==================================================
2025-05-17 23:51:14,277 - INFO - 
==================================================
EMA Cross Analysis - BOME/USDT
Time: 2025-05-17 23:45:00+09:00
Type: golden
Cross Character (Current): Weak
Cross Character (New): Weak
Price at Cross: 0.002118

1. Pre-Cross Pattern (15min):
EMA Distance Changes (%): ['0.104', '0.062', '0.009', '0.070']
EMA12 Changes (%): ['0.158', '0.068', '0.094', '0.153']
Price Changes (%): ['-0.189', '-0.426', '0.238', '0.474']
Candle Analysis:
    Body Sizes (%): ['0.142', '0.426', '0.238', '0.427']
    Upper Shadows (%): ['0.142', '0.047', '0.190', '0.142']
    Lower Shadows (%): ['0.284', '0.142', '0.095', '0.000']
Volumes: [np.float64(56264518.0), np.float64(58198293.0), np.float64(48900123.0), np.float64(69968909.0)]
2025-05-17 23:51:14,277 - INFO - 
2. Post-Cross Movement (30min):
5min Price Changes (%): ['0.236']
Maximum Change: 0.236% after 5 minutes
Candle Analysis:
    Body Sizes (%): ['0.283']
    Upper Shadows (%): ['0.000']
    Lower Shadows (%): ['0.000']
Volumes: [np.float64(13124492.0)]
==================================================
2025-05-17 23:55:54,365 - INFO - 
==================================================
EMA Cross Analysis - ZRO/USDT
Time: 2025-05-17 23:50:00+09:00
Type: golden
Cross Character (Current): Weak
Cross Character (New): Weak
Price at Cross: 2.5753

1. Pre-Cross Pattern (15min):
EMA Distance Changes (%): ['0.085', '0.039', '0.004', '0.040']
EMA12 Changes (%): ['0.041', '0.076', '0.063', '0.085']
Price Changes (%): ['-0.230', '0.265', '-0.008', '0.206']
Candle Analysis:
    Body Sizes (%): ['0.214', '0.254', '0.012', '0.210']
    Upper Shadows (%): ['0.000', '0.023', '0.265', '0.054']
    Lower Shadows (%): ['0.105', '0.039', '0.070', '0.113']
Volumes: [np.float64(32210.7), np.float64(21724.7), np.float64(74777.5), np.float64(21731.0)]
2025-05-17 23:55:54,365 - INFO - 
2. Post-Cross Movement (30min):
5min Price Changes (%): ['-0.050']
Maximum Change: -0.050% after 5 minutes
Candle Analysis:
    Body Sizes (%): ['0.058']
    Upper Shadows (%): ['0.027']
    Lower Shadows (%): ['0.035']
Volumes: [np.float64(6249.8)]
==================================================
2025-05-17 23:55:57,378 - INFO - 
==================================================
EMA Cross Analysis - AVAX/USDT
Time: 2025-05-17 23:50:00+09:00
Type: golden
Cross Character (Current): Weak
Cross Character (New): Weak
Price at Cross: 22.703

1. Pre-Cross Pattern (15min):
EMA Distance Changes (%): ['0.119', '0.099', '0.051', '0.004']
EMA12 Changes (%): ['0.020', '0.021', '0.080', '0.099']
Price Changes (%): ['-0.345', '0.022', '0.403', '0.207']
Candle Analysis:
    Body Sizes (%): ['0.340', '0.022', '0.394', '0.207']
    Upper Shadows (%): ['0.027', '0.098', '0.111', '0.053']
    Lower Shadows (%): ['0.159', '0.049', '0.000', '0.013']
Volumes: [np.float64(62386.0), np.float64(17623.0), np.float64(30186.0), np.float64(22698.0)]
2025-05-17 23:55:57,379 - INFO - 
2. Post-Cross Movement (30min):
5min Price Changes (%): ['0.018']
Maximum Change: 0.018% after 5 minutes
Candle Analysis:
    Body Sizes (%): ['0.022']
    Upper Shadows (%): ['0.040']
    Lower Shadows (%): ['0.053']
Volumes: [np.float64(2332.0)]
==================================================
2025-05-17 23:55:58,030 - INFO - 
==================================================
EMA Cross Analysis - HIVE/USDT
Time: 2025-05-17 23:55:00+09:00
Type: golden
Cross Character (Current): Weak
Cross Character (New): Weak
Price at Cross: 0.25971

1. Pre-Cross Pattern (15min):
EMA Distance Changes (%): ['0.280', '0.165', '0.045', '0.044']
EMA12 Changes (%): ['0.112', '0.182', '0.210', '0.166']
Price Changes (%): ['0.456', '0.563', '0.363', '-0.069']
Candle Analysis:
    Body Sizes (%): ['0.460', '0.575', '0.297', '0.054']
    Upper Shadows (%): ['0.070', '0.043', '0.116', '0.035']
    Lower Shadows (%): ['0.070', '0.000', '0.035', '0.004']
Volumes: [np.float64(81987.0), np.float64(96268.0), np.float64(119064.0), np.float64(16729.0)]
2025-05-17 23:55:58,030 - INFO - 
2. Post-Cross Movement (30min):
5min Price Changes (%): []
Maximum Change: 0.000% after 0 minutes
Candle Analysis:
    Body Sizes (%): []
    Upper Shadows (%): []
    Lower Shadows (%): []
Volumes: []
==================================================
