2025-05-10 00:10:56,732 - INFO - 
==================================================
EMA Cross Analysis - GOAT/USDT
Time: 2025-05-10 00:05:00+09:00
Type: dead
Cross Character (Current): Weak
Cross Character (New): Weak
Price at Cross: 0.11265

1. Pre-Cross Pattern (15min):
EMA Distance Changes (%): ['0.168', '0.093', '0.052', '0.015']
EMA12 Changes (%): ['-0.127', '-0.119', '-0.065', '-0.121']
Price Changes (%): ['1.273', '-0.080', '0.239', '-0.433']
Candle Analysis:
    Body Sizes (%): ['1.237', '0.053', '0.248', '0.512']
    Upper Shadows (%): ['0.851', '1.009', '0.337', '1.157']
    Lower Shadows (%): ['0.323', '0.416', '1.444', '0.327']
Volumes: [np.float64(6951377.0), np.float64(7454682.0), np.float64(5782786.0), np.float64(5372519.0)]
2025-05-10 00:10:56,732 - INFO - 
2. Post-Cross Movement (30min):
5min Price Changes (%): ['-0.151']
Maximum Change: -0.151% after 5 minutes
Candle Analysis:
    Body Sizes (%): ['0.151']
    Upper Shadows (%): ['0.302']
    Lower Shadows (%): ['0.053']
Volumes: [np.float64(617543.0)]
==================================================
2025-05-10 00:15:29,983 - INFO - 
==================================================
EMA Cross Analysis - MOODENG/USDT
Time: 2025-05-10 00:10:00+09:00
Type: golden
Cross Character (Current): Weak
Cross Character (New): Strong
Price at Cross: 0.13194

1. Pre-Cross Pattern (15min):
EMA Distance Changes (%): ['0.591', '0.381', '0.208', '0.092']
EMA12 Changes (%): ['-0.218', '0.293', '0.283', '0.560']
Price Changes (%): ['1.051', '3.143', '0.233', '2.058']
Candle Analysis:
    Body Sizes (%): ['1.010', '3.159', '0.217', '2.058']
    Upper Shadows (%): ['1.171', '0.616', '1.891', '1.957']
    Lower Shadows (%): ['0.452', '1.848', '0.713', '0.657']
Volumes: [np.float64(40177685.0), np.float64(118571205.0), np.float64(86116781.0), np.float64(88520219.0)]
2025-05-10 00:15:29,983 - INFO - 
2. Post-Cross Movement (30min):
5min Price Changes (%): ['0.318']
Maximum Change: 0.318% after 5 minutes
Candle Analysis:
    Body Sizes (%): ['0.318']
    Upper Shadows (%): ['0.584']
    Lower Shadows (%): ['0.167']
Volumes: [np.float64(6600408.0)]
==================================================
2025-05-10 00:15:30,797 - INFO - 
==================================================
EMA Cross Analysis - ORDI/USDT
Time: 2025-05-10 00:15:00+09:00
Type: golden
Cross Character (Current): Weak
Cross Character (New): Weak
Price at Cross: 9.141

1. Pre-Cross Pattern (15min):
EMA Distance Changes (%): ['0.072', '0.060', '0.028', '0.006']
EMA12 Changes (%): ['0.013', '0.013', '0.053', '0.062']
Price Changes (%): ['-0.110', '0.011', '0.275', '0.110']
Candle Analysis:
    Body Sizes (%): ['0.132', '0.011', '0.297', '0.099']
    Upper Shadows (%): ['0.285', '0.659', '0.121', '0.077']
    Lower Shadows (%): ['0.351', '0.000', '0.395', '0.011']
Volumes: [np.float64(75691.3), np.float64(30175.7), np.float64(22760.2), np.float64(1785.1)]
2025-05-10 00:15:30,797 - INFO - 
2. Post-Cross Movement (30min):
5min Price Changes (%): []
Maximum Change: 0.000% after 0 minutes
Candle Analysis:
    Body Sizes (%): []
    Upper Shadows (%): []
    Lower Shadows (%): []
Volumes: []
==================================================
2025-05-10 00:15:31,684 - INFO - 
==================================================
EMA Cross Analysis - TNSR/USDT
Time: 2025-05-10 00:15:00+09:00
Type: golden
Cross Character (Current): Weak
Cross Character (New): Weak
Price at Cross: 0.1687

1. Pre-Cross Pattern (15min):
EMA Distance Changes (%): ['0.109', '0.098', '0.041', '0.018']
EMA12 Changes (%): ['-0.037', '0.005', '0.096', '0.109']
Price Changes (%): ['0.180', '0.240', '0.597', '0.178']
Candle Analysis:
    Body Sizes (%): ['0.180', '0.120', '0.658', '0.119']
    Upper Shadows (%): ['0.180', '0.179', '0.060', '0.059']
    Lower Shadows (%): ['0.120', '0.060', '0.120', '0.000']
Volumes: [np.float64(122786.1), np.float64(65702.2), np.float64(125577.3), np.float64(22147.7)]
2025-05-10 00:15:31,685 - INFO - 
2. Post-Cross Movement (30min):
5min Price Changes (%): []
Maximum Change: 0.000% after 0 minutes
Candle Analysis:
    Body Sizes (%): []
    Upper Shadows (%): []
    Lower Shadows (%): []
Volumes: []
==================================================
2025-05-10 00:15:32,155 - INFO - 
==================================================
EMA Cross Analysis - DOT/USDT
Time: 2025-05-10 00:10:00+09:00
Type: golden
Cross Character (Current): Weak
Cross Character (New): Weak
Price at Cross: 4.716

1. Pre-Cross Pattern (15min):
EMA Distance Changes (%): ['0.037', '0.045', '0.022', '0.027']
EMA12 Changes (%): ['0.042', '-0.020', '0.038', '0.092']
Price Changes (%): ['0.192', '-0.362', '0.363', '0.383']
Candle Analysis:
    Body Sizes (%): ['0.192', '0.383', '0.363', '0.383']
    Upper Shadows (%): ['0.064', '0.192', '0.171', '0.064']
    Lower Shadows (%): ['0.192', '0.064', '0.000', '0.192']
Volumes: [np.float64(164737.3), np.float64(179247.3), np.float64(94619.6), np.float64(174106.3)]
2025-05-10 00:15:32,155 - INFO - 
2. Post-Cross Movement (30min):
5min Price Changes (%): ['0.064']
Maximum Change: 0.064% after 5 minutes
Candle Analysis:
    Body Sizes (%): ['0.085']
    Upper Shadows (%): ['0.042']
    Lower Shadows (%): ['0.021']
Volumes: [np.float64(19970.6)]
==================================================
2025-05-10 00:15:32,389 - INFO - 
==================================================
EMA Cross Analysis - ZRO/USDT
Time: 2025-05-10 00:15:00+09:00
Type: golden
Cross Character (Current): Weak
Cross Character (New): Weak
Price at Cross: 2.9698

1. Pre-Cross Pattern (15min):
EMA Distance Changes (%): ['0.204', '0.115', '0.043', '0.018']
EMA12 Changes (%): ['0.027', '0.141', '0.124', '0.111']
Price Changes (%): ['0.204', '0.767', '0.034', '0.040']
Candle Analysis:
    Body Sizes (%): ['0.191', '0.761', '0.000', '0.047']
    Upper Shadows (%): ['0.102', '0.211', '0.273', '0.051']
    Lower Shadows (%): ['0.388', '0.000', '0.317', '0.024']
Volumes: [np.float64(49493.0), np.float64(58821.8), np.float64(46113.7), np.float64(5262.3)]
2025-05-10 00:15:32,389 - INFO - 
2. Post-Cross Movement (30min):
5min Price Changes (%): []
Maximum Change: 0.000% after 0 minutes
Candle Analysis:
    Body Sizes (%): []
    Upper Shadows (%): []
    Lower Shadows (%): []
Volumes: []
==================================================
2025-05-10 00:20:10,280 - INFO - 
==================================================
EMA Cross Analysis - ORDI/USDT
Time: 2025-05-10 00:20:00+09:00
Type: golden
Cross Character (Current): Weak
Cross Character (New): Weak
Price at Cross: 9.118

1. Pre-Cross Pattern (15min):
EMA Distance Changes (%): ['0.060', '0.028', '0.008', '0.002']
EMA12 Changes (%): ['0.013', '0.053', '0.033', '0.018']
Price Changes (%): ['0.011', '0.275', '-0.077', '-0.066']
Candle Analysis:
    Body Sizes (%): ['0.011', '0.297', '0.088', '0.088']
    Upper Shadows (%): ['0.659', '0.121', '0.175', '0.022']
    Lower Shadows (%): ['0.000', '0.395', '0.110', '0.000']
Volumes: [np.float64(30175.7), np.float64(22760.2), np.float64(17364.3), np.float64(507.4)]
2025-05-10 00:20:10,281 - INFO - 
2. Post-Cross Movement (30min):
5min Price Changes (%): []
Maximum Change: 0.000% after 0 minutes
Candle Analysis:
    Body Sizes (%): []
    Upper Shadows (%): []
    Lower Shadows (%): []
Volumes: []
==================================================
2025-05-10 00:20:11,199 - INFO - 
==================================================
EMA Cross Analysis - TNSR/USDT
Time: 2025-05-10 00:15:00+09:00
Type: golden
Cross Character (Current): Weak
Cross Character (New): Weak
Price at Cross: 0.1688

1. Pre-Cross Pattern (15min):
EMA Distance Changes (%): ['0.109', '0.098', '0.041', '0.023']
EMA12 Changes (%): ['-0.037', '0.005', '0.096', '0.118']
Price Changes (%): ['0.180', '0.240', '0.597', '0.238']
Candle Analysis:
    Body Sizes (%): ['0.180', '0.120', '0.658', '0.178']
    Upper Shadows (%): ['0.180', '0.179', '0.060', '0.178']
    Lower Shadows (%): ['0.120', '0.060', '0.120', '0.000']
Volumes: [np.float64(122786.1), np.float64(65702.2), np.float64(125577.3), np.float64(109484.8)]
2025-05-10 00:20:11,200 - INFO - 
2. Post-Cross Movement (30min):
5min Price Changes (%): ['0.059']
Maximum Change: 0.059% after 5 minutes
Candle Analysis:
    Body Sizes (%): ['0.059']
    Upper Shadows (%): ['0.000']
    Lower Shadows (%): ['0.000']
Volumes: [np.float64(1766.1)]
==================================================
2025-05-10 00:20:11,887 - INFO - 
==================================================
EMA Cross Analysis - ZRO/USDT
Time: 2025-05-10 00:20:00+09:00
Type: golden
Cross Character (Current): Weak
Cross Character (New): Weak
Price at Cross: 2.9594

1. Pre-Cross Pattern (15min):
EMA Distance Changes (%): ['0.115', '0.043', '0.015', '0.012']
EMA12 Changes (%): ['0.141', '0.124', '0.047', '0.050']
Price Changes (%): ['0.767', '0.034', '-0.374', '0.064']
Candle Analysis:
    Body Sizes (%): ['0.761', '0.000', '0.367', '0.061']
    Upper Shadows (%): ['0.211', '0.273', '0.098', '0.010']
    Lower Shadows (%): ['0.000', '0.317', '0.098', '0.034']
Volumes: [np.float64(58821.8), np.float64(46113.7), np.float64(50193.7), np.float64(1818.6)]
2025-05-10 00:20:11,887 - INFO - 
2. Post-Cross Movement (30min):
5min Price Changes (%): []
Maximum Change: 0.000% after 0 minutes
Candle Analysis:
    Body Sizes (%): []
    Upper Shadows (%): []
    Lower Shadows (%): []
Volumes: []
==================================================
2025-05-10 00:20:15,684 - INFO - 
==================================================
EMA Cross Analysis - GOAT/USDT
Time: 2025-05-10 00:15:00+09:00
Type: golden
Cross Character (Current): Weak
Cross Character (New): Weak
Price at Cross: 0.11415

1. Pre-Cross Pattern (15min):
EMA Distance Changes (%): ['0.052', '0.015', '0.006', '0.045']
EMA12 Changes (%): ['-0.065', '-0.121', '0.014', '0.099']
Price Changes (%): ['0.239', '-0.433', '0.763', '0.564']
Candle Analysis:
    Body Sizes (%): ['0.248', '0.512', '0.763', '0.528']
    Upper Shadows (%): ['0.337', '1.157', '0.586', '0.898']
    Lower Shadows (%): ['1.444', '0.327', '0.870', '0.009']
Volumes: [np.float64(5782786.0), np.float64(5372519.0), np.float64(5218880.0), np.float64(3976292.0)]
2025-05-10 00:20:15,685 - INFO - 
2. Post-Cross Movement (30min):
5min Price Changes (%): ['-0.508']
Maximum Change: -0.508% after 5 minutes
Candle Analysis:
    Body Sizes (%): ['0.465']
    Upper Shadows (%): ['0.000']
    Lower Shadows (%): ['0.000']
Volumes: [np.float64(202515.0)]
==================================================
2025-05-10 00:20:17,528 - INFO - 
==================================================
EMA Cross Analysis - VANA/USDT
Time: 2025-05-10 00:20:00+09:00
Type: golden
Cross Character (Current): Weak
Cross Character (New): Weak
Price at Cross: 6.272

1. Pre-Cross Pattern (15min):
EMA Distance Changes (%): ['0.087', '0.047', '0.001', '0.017']
EMA12 Changes (%): ['0.032', '0.064', '0.084', '0.034']
Price Changes (%): ['0.321', '0.240', '0.191', '-0.239']
Candle Analysis:
    Body Sizes (%): ['0.240', '0.368', '0.207', '0.175']
    Upper Shadows (%): ['0.144', '0.032', '0.048', '0.000']
    Lower Shadows (%): ['0.000', '0.240', '0.112', '0.000']
Volumes: [np.float64(4774.79), np.float64(8400.89), np.float64(5702.99), np.float64(324.38)]
2025-05-10 00:20:17,528 - INFO - 
2. Post-Cross Movement (30min):
5min Price Changes (%): []
Maximum Change: 0.000% after 0 minutes
Candle Analysis:
    Body Sizes (%): []
    Upper Shadows (%): []
    Lower Shadows (%): []
Volumes: []
==================================================
2025-05-10 00:25:55,681 - INFO - 
==================================================
EMA Cross Analysis - BOME/USDT
Time: 2025-05-10 00:25:00+09:00
Type: dead
Cross Character (Current): Weak
Cross Character (New): Weak
Price at Cross: 0.001932

1. Pre-Cross Pattern (15min):
EMA Distance Changes (%): ['0.152', '0.175', '0.058', '0.052']
EMA12 Changes (%): ['0.070', '0.067', '-0.202', '-0.203']
Price Changes (%): ['0.871', '0.051', '-1.676', '-0.207']
Candle Analysis:
    Body Sizes (%): ['0.923', '0.000', '1.676', '0.258']
    Upper Shadows (%): ['0.256', '0.102', '0.051', '0.207']
    Lower Shadows (%): ['0.000', '0.559', '0.305', '0.000']
Volumes: [np.float64(191359647.0), np.float64(188413588.0), np.float64(202031335.0), np.float64(37255786.0)]
2025-05-10 00:25:55,681 - INFO - 
2. Post-Cross Movement (30min):
5min Price Changes (%): []
Maximum Change: 0.000% after 0 minutes
Candle Analysis:
    Body Sizes (%): []
    Upper Shadows (%): []
    Lower Shadows (%): []
Volumes: []
==================================================
2025-05-10 00:25:58,874 - INFO - 
==================================================
EMA Cross Analysis - ATOM/USDT
Time: 2025-05-10 00:20:00+09:00
Type: dead
Cross Character (Current): Weak
Cross Character (New): Weak
Price at Cross: 4.889

1. Pre-Cross Pattern (15min):
EMA Distance Changes (%): ['0.076', '0.080', '0.075', '0.004']
EMA12 Changes (%): ['0.042', '0.020', '0.001', '-0.142']
Price Changes (%): ['0.223', '-0.101', '-0.101', '-0.932']
Candle Analysis:
    Body Sizes (%): ['0.203', '0.081', '0.101', '0.912']
    Upper Shadows (%): ['0.162', '0.040', '0.182', '0.000']
    Lower Shadows (%): ['0.000', '0.243', '0.101', '0.142']
Volumes: [np.float64(50337.39), np.float64(39153.28), np.float64(37978.73), np.float64(63005.58)]
2025-05-10 00:25:58,874 - INFO - 
2. Post-Cross Movement (30min):
5min Price Changes (%): ['0.020']
Maximum Change: 0.020% after 5 minutes
Candle Analysis:
    Body Sizes (%): ['0.000']
    Upper Shadows (%): ['0.143']
    Lower Shadows (%): ['0.082']
Volumes: [np.float64(11596.36)]
==================================================
2025-05-10 00:26:00,734 - INFO - 
==================================================
EMA Cross Analysis - DOT/USDT
Time: 2025-05-10 00:25:00+09:00
Type: dead
Cross Character (Current): Weak
Cross Character (New): Weak
Price at Cross: 4.676

1. Pre-Cross Pattern (15min):
EMA Distance Changes (%): ['0.027', '0.077', '0.029', '0.003']
EMA12 Changes (%): ['0.092', '0.100', '-0.082', '-0.056']
Price Changes (%): ['0.383', '0.148', '-1.080', '0.086']
Candle Analysis:
    Body Sizes (%): ['0.383', '0.170', '1.059', '0.064']
    Upper Shadows (%): ['0.064', '0.339', '0.000', '0.043']
    Lower Shadows (%): ['0.192', '0.042', '0.106', '0.086']
Volumes: [np.float64(174106.3), np.float64(183920.1), np.float64(227203.9), np.float64(36532.6)]
2025-05-10 00:26:00,734 - INFO - 
2. Post-Cross Movement (30min):
5min Price Changes (%): []
Maximum Change: 0.000% after 0 minutes
Candle Analysis:
    Body Sizes (%): []
    Upper Shadows (%): []
    Lower Shadows (%): []
Volumes: []
==================================================
2025-05-10 00:26:04,752 - INFO - 
==================================================
EMA Cross Analysis - GOAT/USDT
Time: 2025-05-10 00:20:00+09:00
Type: dead
Cross Character (Current): Weak
Cross Character (New): Weak
Price at Cross: 0.11183

1. Pre-Cross Pattern (15min):
EMA Distance Changes (%): ['0.015', '0.006', '0.045', '0.079']
EMA12 Changes (%): ['-0.121', '0.014', '0.099', '-0.231']
Price Changes (%): ['-0.433', '0.763', '0.564', '-2.032']
Candle Analysis:
    Body Sizes (%): ['0.512', '0.763', '0.528', '1.989']
    Upper Shadows (%): ['1.157', '0.586', '0.898', '0.000']
    Lower Shadows (%): ['0.327', '0.870', '0.009', '0.578']
Volumes: [np.float64(5372519.0), np.float64(5218880.0), np.float64(3976292.0), np.float64(5520161.0)]
2025-05-10 00:26:04,752 - INFO - 
2. Post-Cross Movement (30min):
5min Price Changes (%): ['0.545']
Maximum Change: 0.545% after 5 minutes
Candle Analysis:
    Body Sizes (%): ['0.527']
    Upper Shadows (%): ['0.331']
    Lower Shadows (%): ['0.000']
Volumes: [np.float64(846901.0)]
==================================================
2025-05-10 00:30:35,205 - INFO - 
==================================================
EMA Cross Analysis - BOME/USDT
Time: 2025-05-10 00:25:00+09:00
Type: dead
Cross Character (Current): Weak
Cross Character (New): Weak
Price at Cross: 0.001942

1. Pre-Cross Pattern (15min):
EMA Distance Changes (%): ['0.152', '0.175', '0.058', '0.011']
EMA12 Changes (%): ['0.070', '0.067', '-0.202', '-0.124']
Price Changes (%): ['0.871', '0.051', '-1.676', '0.310']
Candle Analysis:
    Body Sizes (%): ['0.923', '0.000', '1.676', '0.258']
    Upper Shadows (%): ['0.256', '0.102', '0.051', '0.258']
    Lower Shadows (%): ['0.000', '0.559', '0.305', '0.723']
Volumes: [np.float64(191359647.0), np.float64(188413588.0), np.float64(202031335.0), np.float64(235955519.0)]
2025-05-10 00:30:35,205 - INFO - 
2. Post-Cross Movement (30min):
5min Price Changes (%): ['0.000']
Maximum Change: 0.000% after 0 minutes
Candle Analysis:
    Body Sizes (%): ['0.051']
    Upper Shadows (%): ['0.206']
    Lower Shadows (%): ['0.103']
Volumes: [np.float64(11298558.0)]
==================================================
2025-05-10 00:30:40,318 - INFO - 
==================================================
EMA Cross Analysis - DOT/USDT
Time: 2025-05-10 00:30:00+09:00
Type: dead
Cross Character (Current): Weak
Cross Character (New): Weak
Price at Cross: 4.671

1. Pre-Cross Pattern (15min):
EMA Distance Changes (%): ['0.077', '0.029', '0.001', '0.033']
EMA12 Changes (%): ['0.100', '-0.082', '-0.050', '-0.065']
Price Changes (%): ['0.148', '-1.080', '0.128', '-0.150']
Candle Analysis:
    Body Sizes (%): ['0.170', '1.059', '0.107', '0.128']
    Upper Shadows (%): ['0.339', '0.000', '0.171', '0.043']
    Lower Shadows (%): ['0.042', '0.106', '0.342', '0.021']
Volumes: [np.float64(183920.1), np.float64(227203.9), np.float64(216804.0), np.float64(39952.2)]
2025-05-10 00:30:40,319 - INFO - 
2. Post-Cross Movement (30min):
5min Price Changes (%): []
Maximum Change: 0.000% after 0 minutes
Candle Analysis:
    Body Sizes (%): []
    Upper Shadows (%): []
    Lower Shadows (%): []
Volumes: []
==================================================
2025-05-10 00:35:19,453 - INFO - 
==================================================
EMA Cross Analysis - DOT/USDT
Time: 2025-05-10 00:30:00+09:00
Type: dead
Cross Character (Current): Weak
Cross Character (New): Weak
Price at Cross: 4.689

1. Pre-Cross Pattern (15min):
EMA Distance Changes (%): ['0.077', '0.029', '0.001', '0.003']
EMA12 Changes (%): ['0.100', '-0.082', '-0.050', '-0.006']
Price Changes (%): ['0.148', '-1.080', '0.128', '0.235']
Candle Analysis:
    Body Sizes (%): ['0.170', '1.059', '0.107', '0.257']
    Upper Shadows (%): ['0.339', '0.000', '0.171', '0.171']
    Lower Shadows (%): ['0.042', '0.106', '0.342', '0.406']
Volumes: [np.float64(183920.1), np.float64(227203.9), np.float64(216804.0), np.float64(241615.2)]
2025-05-10 00:35:19,453 - INFO - 
2. Post-Cross Movement (30min):
5min Price Changes (%): ['0.107']
Maximum Change: 0.107% after 5 minutes
Candle Analysis:
    Body Sizes (%): ['0.085']
    Upper Shadows (%): ['0.000']
    Lower Shadows (%): ['0.021']
Volumes: [np.float64(5025.1)]
==================================================
2025-05-10 00:40:00,548 - INFO - 
==================================================
EMA Cross Analysis - GOAT/USDT
Time: 2025-05-10 00:35:00+09:00
Type: golden
Cross Character (Current): Weak
Cross Character (New): Weak
Price at Cross: 0.11427

1. Pre-Cross Pattern (15min):
EMA Distance Changes (%): ['0.079', '0.095', '0.064', '0.011']
EMA12 Changes (%): ['-0.231', '-0.044', '0.046', '0.135']
Price Changes (%): ['-2.032', '1.002', '0.540', '0.625']
Candle Analysis:
    Body Sizes (%): ['1.989', '0.983', '0.540', '0.590']
    Upper Shadows (%): ['0.000', '0.483', '0.699', '0.572']
    Lower Shadows (%): ['0.578', '0.492', '1.160', '0.827']
Volumes: [np.float64(5520161.0), np.float64(5197104.0), np.float64(5571592.0), np.float64(4911681.0)]
2025-05-10 00:40:00,548 - INFO - 
2. Post-Cross Movement (30min):
5min Price Changes (%): ['0.149']
Maximum Change: 0.149% after 5 minutes
Candle Analysis:
    Body Sizes (%): ['0.096']
    Upper Shadows (%): ['0.000']
    Lower Shadows (%): ['0.044']
Volumes: [np.float64(37604.0)]
==================================================
2025-05-10 00:41:07,829 - INFO - 
==================================================
EMA Cross Analysis - TNSR/USDT
Time: 2025-05-10 00:35:00+09:00
Type: dead
Cross Character (Current): Weak
Cross Character (New): Weak
Price at Cross: 0.167

1. Pre-Cross Pattern (15min):
EMA Distance Changes (%): ['0.007', '0.036', '0.012', '0.022']
EMA12 Changes (%): ['-0.029', '0.058', '-0.042', '-0.063']
Price Changes (%): ['-0.829', '0.538', '-0.594', '-0.179']
Candle Analysis:
    Body Sizes (%): ['0.829', '0.598', '0.535', '0.239']
    Upper Shadows (%): ['0.059', '0.060', '0.000', '0.179']
    Lower Shadows (%): ['0.296', '0.120', '0.416', '0.239']
Volumes: [np.float64(121072.3), np.float64(56260.2), np.float64(115604.0), np.float64(61132.6)]
2025-05-10 00:41:07,829 - INFO - 
2. Post-Cross Movement (30min):
5min Price Changes (%): ['-0.120']
Maximum Change: -0.120% after 5 minutes
Candle Analysis:
    Body Sizes (%): ['0.180']
    Upper Shadows (%): ['0.060']
    Lower Shadows (%): ['0.120']
Volumes: [np.float64(20092.1)]
==================================================
2025-05-10 00:50:25,293 - INFO - 
==================================================
EMA Cross Analysis - PHA/USDT
Time: 2025-05-10 00:50:00+09:00
Type: golden
Cross Character (Current): Strong
Cross Character (New): Weak
Price at Cross: 0.1345

1. Pre-Cross Pattern (15min):
EMA Distance Changes (%): ['0.315', '0.182', '0.080', '0.013']
EMA12 Changes (%): ['0.101', '0.210', '0.172', '0.171']
Price Changes (%): ['1.069', '0.811', '-0.037', '0.164']
Candle Analysis:
    Body Sizes (%): ['1.062', '0.735', '0.022', '0.149']
    Upper Shadows (%): ['0.114', '0.060', '0.759', '0.097']
    Lower Shadows (%): ['0.000', '0.262', '0.335', '0.007']
Volumes: [np.float64(149240.0), np.float64(248259.0), np.float64(326595.0), np.float64(15427.0)]
2025-05-10 00:50:25,294 - INFO - 
2. Post-Cross Movement (30min):
5min Price Changes (%): []
Maximum Change: 0.000% after 0 minutes
Candle Analysis:
    Body Sizes (%): []
    Upper Shadows (%): []
    Lower Shadows (%): []
Volumes: []
==================================================
2025-05-10 00:50:30,760 - INFO - 
==================================================
EMA Cross Analysis - MOVE/USDT
Time: 2025-05-10 00:50:00+09:00
Type: dead
Cross Character (Current): Weak
Cross Character (New): Weak
Price at Cross: 0.1793

1. Pre-Cross Pattern (15min):
EMA Distance Changes (%): ['0.098', '0.068', '0.009', '0.025']
EMA12 Changes (%): ['-0.041', '-0.043', '-0.105', '-0.063']
Price Changes (%): ['0.056', '-0.056', '-0.445', '0.168']
Candle Analysis:
    Body Sizes (%): ['0.056', '0.000', '0.390', '0.168']
    Upper Shadows (%): ['0.278', '0.056', '0.167', '0.056']
    Lower Shadows (%): ['0.222', '0.556', '0.167', '0.000']
Volumes: [np.float64(1634647.0), np.float64(1527360.0), np.float64(1486505.0), np.float64(195639.0)]
2025-05-10 00:50:30,760 - INFO - 
2. Post-Cross Movement (30min):
5min Price Changes (%): []
Maximum Change: 0.000% after 0 minutes
Candle Analysis:
    Body Sizes (%): []
    Upper Shadows (%): []
    Lower Shadows (%): []
Volumes: []
==================================================
2025-05-10 00:50:31,436 - INFO - 
==================================================
EMA Cross Analysis - COW/USDT
Time: 2025-05-10 00:50:00+09:00
Type: dead
Cross Character (Current): Strong
Cross Character (New): Strong
Price at Cross: 0.356

1. Pre-Cross Pattern (15min):
EMA Distance Changes (%): ['0.635', '0.510', '0.163', '0.100']
EMA12 Changes (%): ['-0.257', '-0.143', '-0.601', '-0.469']
Price Changes (%): ['-3.416', '0.494', '-3.138', '0.282']
Candle Analysis:
    Body Sizes (%): ['3.391', '0.466', '3.138', '0.253']
    Upper Shadows (%): ['0.053', '0.137', '0.082', '0.141']
    Lower Shadows (%): ['0.450', '0.603', '0.546', '0.000']
Volumes: [np.float64(5834391.0), np.float64(1487193.0), np.float64(3595546.0), np.float64(116378.0)]
2025-05-10 00:50:31,436 - INFO - 
2. Post-Cross Movement (30min):
5min Price Changes (%): []
Maximum Change: 0.000% after 0 minutes
Candle Analysis:
    Body Sizes (%): []
    Upper Shadows (%): []
    Lower Shadows (%): []
Volumes: []
==================================================
2025-05-10 00:55:05,713 - INFO - 
==================================================
EMA Cross Analysis - DOT/USDT
Time: 2025-05-10 00:50:00+09:00
Type: golden
Cross Character (Current): Weak
Cross Character (New): Weak
Price at Cross: 4.717

1. Pre-Cross Pattern (15min):
EMA Distance Changes (%): ['0.012', '0.004', '0.014', '0.033']
EMA12 Changes (%): ['-0.018', '0.014', '-0.021', '0.091']
Price Changes (%): ['-0.085', '0.192', '-0.213', '0.705']
Candle Analysis:
    Body Sizes (%): ['0.107', '0.171', '0.234', '0.705']
    Upper Shadows (%): ['0.213', '0.021', '0.213', '0.299']
    Lower Shadows (%): ['0.192', '0.384', '0.213', '0.000']
Volumes: [np.float64(124503.8), np.float64(114893.6), np.float64(301916.5), np.float64(239650.0)]
2025-05-10 00:55:05,713 - INFO - 
2. Post-Cross Movement (30min):
5min Price Changes (%): ['0.021']
Maximum Change: 0.021% after 5 minutes
Candle Analysis:
    Body Sizes (%): ['0.021']
    Upper Shadows (%): ['0.021']
    Lower Shadows (%): ['0.000']
Volumes: [np.float64(1151.3)]
==================================================
2025-05-10 00:55:09,511 - INFO - 
==================================================
EMA Cross Analysis - MOVE/USDT
Time: 2025-05-10 00:50:00+09:00
Type: dead
Cross Character (Current): Weak
Cross Character (New): Weak
Price at Cross: 0.179

1. Pre-Cross Pattern (15min):
EMA Distance Changes (%): ['0.098', '0.068', '0.009', '0.038']
EMA12 Changes (%): ['-0.041', '-0.043', '-0.105', '-0.089']
Price Changes (%): ['0.056', '-0.056', '-0.445', '0.000']
Candle Analysis:
    Body Sizes (%): ['0.056', '0.000', '0.390', '0.000']
    Upper Shadows (%): ['0.278', '0.056', '0.167', '0.503']
    Lower Shadows (%): ['0.222', '0.556', '0.167', '0.000']
Volumes: [np.float64(1634647.0), np.float64(1527360.0), np.float64(1486505.0), np.float64(1077906.0)]
2025-05-10 00:55:09,511 - INFO - 
2. Post-Cross Movement (30min):
5min Price Changes (%): ['-0.056']
Maximum Change: -0.056% after 5 minutes
Candle Analysis:
    Body Sizes (%): ['0.056']
    Upper Shadows (%): ['0.056']
    Lower Shadows (%): ['0.000']
Volumes: [np.float64(7755.0)]
==================================================
2025-05-10 00:55:10,203 - INFO - 
==================================================
EMA Cross Analysis - COW/USDT
Time: 2025-05-10 00:50:00+09:00
Type: dead
Cross Character (Current): Strong
Cross Character (New): Strong
Price at Cross: 0.3565

1. Pre-Cross Pattern (15min):
EMA Distance Changes (%): ['0.635', '0.510', '0.163', '0.089']
EMA12 Changes (%): ['-0.257', '-0.143', '-0.601', '-0.448']
Price Changes (%): ['-3.416', '0.494', '-3.138', '0.423']
Candle Analysis:
    Body Sizes (%): ['3.391', '0.466', '3.138', '0.394']
    Upper Shadows (%): ['0.053', '0.137', '0.082', '0.845']
    Lower Shadows (%): ['0.450', '0.603', '0.546', '0.000']
Volumes: [np.float64(5834391.0), np.float64(1487193.0), np.float64(3595546.0), np.float64(1415840.0)]
2025-05-10 00:55:10,204 - INFO - 
2. Post-Cross Movement (30min):
5min Price Changes (%): ['0.056']
Maximum Change: 0.056% after 5 minutes
Candle Analysis:
    Body Sizes (%): ['0.056']
    Upper Shadows (%): ['0.028']
    Lower Shadows (%): ['0.028']
Volumes: [np.float64(34555.0)]
==================================================
2025-05-10 00:56:12,861 - INFO - 
==================================================
EMA Cross Analysis - BOME/USDT
Time: 2025-05-10 00:50:00+09:00
Type: golden
Cross Character (Current): Weak
Cross Character (New): Weak
Price at Cross: 0.001987

1. Pre-Cross Pattern (15min):
EMA Distance Changes (%): ['0.117', '0.130', '0.097', '0.055']
EMA12 Changes (%): ['-0.123', '-0.041', '0.044', '0.282']
Price Changes (%): ['-0.309', '0.413', '0.514', '1.585']
Candle Analysis:
    Body Sizes (%): ['0.309', '0.361', '0.462', '1.637']
    Upper Shadows (%): ['0.360', '0.052', '0.000', '0.818']
    Lower Shadows (%): ['0.257', '0.722', '0.360', '0.000']
Volumes: [np.float64(154285093.0), np.float64(114205741.0), np.float64(161788679.0), np.float64(504279142.0)]
2025-05-10 00:56:12,862 - INFO - 
2. Post-Cross Movement (30min):
5min Price Changes (%): ['0.000']
Maximum Change: 0.000% after 0 minutes
Candle Analysis:
    Body Sizes (%): ['0.000']
    Upper Shadows (%): ['0.252']
    Lower Shadows (%): ['0.252']
Volumes: [np.float64(111024244.0)]
==================================================
2025-05-10 00:56:14,466 - INFO - 
==================================================
EMA Cross Analysis - FXS/USDT
Time: 2025-05-10 00:50:00+09:00
Type: golden
Cross Character (Current): Weak
Cross Character (New): Weak
Price at Cross: 2.4529

1. Pre-Cross Pattern (15min):
EMA Distance Changes (%): ['0.043', '0.024', '0.035', '0.000']
EMA12 Changes (%): ['-0.024', '0.030', '-0.025', '0.064']
Price Changes (%): ['-0.115', '0.324', '-0.327', '0.553']
Candle Analysis:
    Body Sizes (%): ['0.172', '0.320', '0.315', '0.553']
    Upper Shadows (%): ['0.172', '0.000', '0.135', '0.336']
    Lower Shadows (%): ['0.086', '0.312', '0.282', '0.000']
Volumes: [np.float64(3943.4), np.float64(8168.0), np.float64(3988.0), np.float64(7496.5)]
2025-05-10 00:56:14,467 - INFO - 
2. Post-Cross Movement (30min):
5min Price Changes (%): ['0.318']
Maximum Change: 0.318% after 5 minutes
Candle Analysis:
    Body Sizes (%): ['0.355']
    Upper Shadows (%): ['0.020']
    Lower Shadows (%): ['0.000']
Volumes: [np.float64(879.6)]
==================================================
2025-05-10 00:56:15,761 - INFO - 
==================================================
EMA Cross Analysis - PHA/USDT
Time: 2025-05-10 00:50:00+09:00
Type: golden
Cross Character (Current): Strong
Cross Character (New): Weak
Price at Cross: 0.13608

1. Pre-Cross Pattern (15min):
EMA Distance Changes (%): ['0.315', '0.182', '0.080', '0.106']
EMA12 Changes (%): ['0.101', '0.210', '0.172', '0.353']
Price Changes (%): ['1.069', '0.811', '-0.037', '1.340']
Candle Analysis:
    Body Sizes (%): ['1.062', '0.735', '0.022', '1.325']
    Upper Shadows (%): ['0.114', '0.060', '0.759', '0.462']
    Lower Shadows (%): ['0.000', '0.262', '0.335', '0.104']
Volumes: [np.float64(149240.0), np.float64(248259.0), np.float64(326595.0), np.float64(1758185.0)]
2025-05-10 00:56:15,761 - INFO - 
2. Post-Cross Movement (30min):
5min Price Changes (%): ['0.625']
Maximum Change: 0.625% after 5 minutes
Candle Analysis:
    Body Sizes (%): ['0.676']
    Upper Shadows (%): ['0.081']
    Lower Shadows (%): ['0.066']
Volumes: [np.float64(256007.0)]
==================================================
2025-05-10 01:00:49,546 - INFO - 
==================================================
EMA Cross Analysis - DOGS/USDT
Time: 2025-05-10 01:00:00+09:00
Type: golden
Cross Character (Current): Weak
Cross Character (New): Weak
Price at Cross: 0.0001913

1. Pre-Cross Pattern (15min):
EMA Distance Changes (%): ['0.199', '0.151', '0.037', '0.048']
EMA12 Changes (%): ['-0.042', '0.062', '0.199', '0.160']
Price Changes (%): ['-0.212', '0.637', '0.949', '-0.052']
Candle Analysis:
    Body Sizes (%): ['0.265', '0.637', '0.896', '0.052']
    Upper Shadows (%): ['0.053', '0.318', '0.474', '0.366']
    Lower Shadows (%): ['0.371', '0.053', '0.000', '0.000']
Volumes: [np.float64(768176926.0), np.float64(1108058000.0), np.float64(1907396012.0), np.float64(217828304.0)]
2025-05-10 01:00:49,546 - INFO - 
2. Post-Cross Movement (30min):
5min Price Changes (%): []
Maximum Change: 0.000% after 0 minutes
Candle Analysis:
    Body Sizes (%): []
    Upper Shadows (%): []
    Lower Shadows (%): []
Volumes: []
==================================================
2025-05-10 01:00:52,147 - INFO - 
==================================================
EMA Cross Analysis - ACX/USDT
Time: 2025-05-10 01:00:00+09:00
Type: golden
Cross Character (Current): Weak
Cross Character (New): Weak
Price at Cross: 0.247

1. Pre-Cross Pattern (15min):
EMA Distance Changes (%): ['0.060', '0.047', '0.008', '0.029']
EMA12 Changes (%): ['-0.071', '0.015', '0.069', '0.071']
Price Changes (%): ['-0.488', '0.490', '0.366', '0.081']
Candle Analysis:
    Body Sizes (%): ['0.448', '0.449', '0.366', '0.041']
    Upper Shadows (%): ['0.081', '0.368', '0.000', '0.081']
    Lower Shadows (%): ['0.163', '0.000', '0.041', '0.000']
Volumes: [np.float64(74789.7), np.float64(23424.2), np.float64(26879.0), np.float64(17202.4)]
2025-05-10 01:00:52,147 - INFO - 
2. Post-Cross Movement (30min):
5min Price Changes (%): []
Maximum Change: 0.000% after 0 minutes
Candle Analysis:
    Body Sizes (%): []
    Upper Shadows (%): []
    Lower Shadows (%): []
Volumes: []
==================================================
2025-05-10 01:00:53,572 - INFO - 
==================================================
EMA Cross Analysis - ORDI/USDT
Time: 2025-05-10 01:00:00+09:00
Type: golden
Cross Character (Current): Weak
Cross Character (New): Weak
Price at Cross: 9.166

1. Pre-Cross Pattern (15min):
EMA Distance Changes (%): ['0.201', '0.152', '0.050', '0.024']
EMA12 Changes (%): ['-0.073', '0.062', '0.177', '0.136']
Price Changes (%): ['-0.430', '0.809', '0.802', '-0.087']
Candle Analysis:
    Body Sizes (%): ['0.441', '0.820', '0.791', '0.098']
    Upper Shadows (%): ['0.033', '0.521', '0.000', '0.153']
    Lower Shadows (%): ['0.232', '0.000', '0.055', '0.000']
Volumes: [np.float64(19695.0), np.float64(33993.7), np.float64(18784.2), np.float64(12053.1)]
2025-05-10 01:00:53,573 - INFO - 
2. Post-Cross Movement (30min):
5min Price Changes (%): []
Maximum Change: 0.000% after 0 minutes
Candle Analysis:
    Body Sizes (%): []
    Upper Shadows (%): []
    Lower Shadows (%): []
Volumes: []
==================================================
2025-05-10 01:00:56,168 - INFO - 
==================================================
EMA Cross Analysis - EOS/USDT
Time: 2025-05-10 01:00:00+09:00
Type: golden
Cross Character (Current): Weak
Cross Character (New): Weak
Price at Cross: 0.857

1. Pre-Cross Pattern (15min):
EMA Distance Changes (%): ['0.193', '0.131', '0.034', '0.023']
EMA12 Changes (%): ['0.001', '0.092', '0.168', '0.106']
Price Changes (%): ['0.000', '0.589', '0.585', '-0.233']
Candle Analysis:
    Body Sizes (%): ['0.118', '0.471', '0.585', '0.233']
    Upper Shadows (%): ['0.236', '0.471', '0.117', '0.116']
    Lower Shadows (%): ['0.118', '0.118', '0.234', '0.000']
Volumes: [np.float64(676529.2), np.float64(1182415.9), np.float64(928917.0), np.float64(153384.3)]
2025-05-10 01:00:56,168 - INFO - 
2. Post-Cross Movement (30min):
5min Price Changes (%): []
Maximum Change: 0.000% after 0 minutes
Candle Analysis:
    Body Sizes (%): []
    Upper Shadows (%): []
    Lower Shadows (%): []
Volumes: []
==================================================
2025-05-10 01:00:57,841 - INFO - 
==================================================
EMA Cross Analysis - ATA/USDT
Time: 2025-05-10 01:00:00+09:00
Type: golden
Cross Character (Current): Weak
Cross Character (New): Weak
Price at Cross: 0.0609

1. Pre-Cross Pattern (15min):
EMA Distance Changes (%): ['0.147', '0.088', '0.029', '0.031']
EMA12 Changes (%): ['-0.043', '0.091', '0.102', '0.112']
Price Changes (%): ['0.000', '0.831', '0.165', '0.164']
Candle Analysis:
    Body Sizes (%): ['0.331', '0.831', '0.330', '0.000']
    Upper Shadows (%): ['0.000', '0.166', '0.165', '0.164']
    Lower Shadows (%): ['0.166', '0.000', '0.000', '0.164']
Volumes: [np.float64(129894.0), np.float64(216306.0), np.float64(163004.0), np.float64(136574.0)]
2025-05-10 01:00:57,841 - INFO - 
2. Post-Cross Movement (30min):
5min Price Changes (%): []
Maximum Change: 0.000% after 0 minutes
Candle Analysis:
    Body Sizes (%): []
    Upper Shadows (%): []
    Lower Shadows (%): []
Volumes: []
==================================================
2025-05-10 01:05:28,752 - INFO - 
==================================================
EMA Cross Analysis - DOGS/USDT
Time: 2025-05-10 01:00:00+09:00
Type: golden
Cross Character (Current): Weak
Cross Character (New): Weak
Price at Cross: 0.0001921

1. Pre-Cross Pattern (15min):
EMA Distance Changes (%): ['0.199', '0.151', '0.037', '0.081']
EMA12 Changes (%): ['-0.042', '0.062', '0.199', '0.225']
Price Changes (%): ['-0.212', '0.637', '0.949', '0.366']
Candle Analysis:
    Body Sizes (%): ['0.265', '0.637', '0.896', '0.366']
    Upper Shadows (%): ['0.053', '0.318', '0.474', '1.567']
    Lower Shadows (%): ['0.371', '0.053', '0.000', '0.104']
Volumes: [np.float64(768176926.0), np.float64(1108058000.0), np.float64(1907396012.0), np.float64(6655088025.0)]
2025-05-10 01:05:28,752 - INFO - 
2. Post-Cross Movement (30min):
5min Price Changes (%): ['-0.469']
Maximum Change: -0.469% after 5 minutes
Candle Analysis:
    Body Sizes (%): ['0.520']
    Upper Shadows (%): ['0.156']
    Lower Shadows (%): ['0.104']
Volumes: [np.float64(699257313.0)]
==================================================
2025-05-10 01:05:32,682 - INFO - 
==================================================
EMA Cross Analysis - ORDI/USDT
Time: 2025-05-10 01:05:00+09:00
Type: golden
Cross Character (Current): Weak
Cross Character (New): Weak
Price at Cross: 9.129

1. Pre-Cross Pattern (15min):
EMA Distance Changes (%): ['0.152', '0.050', '0.017', '0.017']
EMA12 Changes (%): ['0.062', '0.177', '0.056', '0.064']
Price Changes (%): ['0.809', '0.802', '-0.600', '0.110']
Candle Analysis:
    Body Sizes (%): ['0.820', '0.791', '0.610', '0.099']
    Upper Shadows (%): ['0.521', '0.000', '0.447', '0.132']
    Lower Shadows (%): ['0.000', '0.055', '0.120', '0.132']
Volumes: [np.float64(33993.7), np.float64(18784.2), np.float64(64370.6), np.float64(6439.9)]
2025-05-10 01:05:32,683 - INFO - 
2. Post-Cross Movement (30min):
5min Price Changes (%): []
Maximum Change: 0.000% after 0 minutes
Candle Analysis:
    Body Sizes (%): []
    Upper Shadows (%): []
    Lower Shadows (%): []
Volumes: []
==================================================
2025-05-10 01:05:35,200 - INFO - 
==================================================
EMA Cross Analysis - EOS/USDT
Time: 2025-05-10 01:00:00+09:00
Type: golden
Cross Character (Current): Weak
Cross Character (New): Weak
Price at Cross: 0.855

1. Pre-Cross Pattern (15min):
EMA Distance Changes (%): ['0.193', '0.131', '0.034', '0.004']
EMA12 Changes (%): ['0.001', '0.092', '0.168', '0.070']
Price Changes (%): ['0.000', '0.589', '0.585', '-0.466']
Candle Analysis:
    Body Sizes (%): ['0.118', '0.471', '0.585', '0.466']
    Upper Shadows (%): ['0.236', '0.471', '0.117', '0.116']
    Lower Shadows (%): ['0.118', '0.118', '0.234', '0.116']
Volumes: [np.float64(676529.2), np.float64(1182415.9), np.float64(928917.0), np.float64(723966.8)]
2025-05-10 01:05:35,201 - INFO - 
2. Post-Cross Movement (30min):
5min Price Changes (%): ['-0.117']
Maximum Change: -0.117% after 5 minutes
Candle Analysis:
    Body Sizes (%): ['0.000']
    Upper Shadows (%): ['0.234']
    Lower Shadows (%): ['0.000']
Volumes: [np.float64(187572.0)]
==================================================
2025-05-10 01:05:36,875 - INFO - 
==================================================
EMA Cross Analysis - ATA/USDT
Time: 2025-05-10 01:00:00+09:00
Type: golden
Cross Character (Current): Weak
Cross Character (New): Weak
Price at Cross: 0.0608

1. Pre-Cross Pattern (15min):
EMA Distance Changes (%): ['0.147', '0.088', '0.029', '0.018']
EMA12 Changes (%): ['-0.043', '0.091', '0.102', '0.087']
Price Changes (%): ['0.000', '0.831', '0.165', '0.000']
Candle Analysis:
    Body Sizes (%): ['0.331', '0.831', '0.330', '0.164']
    Upper Shadows (%): ['0.000', '0.166', '0.165', '0.657']
    Lower Shadows (%): ['0.166', '0.000', '0.000', '0.000']
Volumes: [np.float64(129894.0), np.float64(216306.0), np.float64(163004.0), np.float64(445773.0)]
2025-05-10 01:05:36,875 - INFO - 
2. Post-Cross Movement (30min):
5min Price Changes (%): ['-0.164']
Maximum Change: -0.164% after 5 minutes
Candle Analysis:
    Body Sizes (%): ['0.164']
    Upper Shadows (%): ['0.000']
    Lower Shadows (%): ['0.000']
Volumes: [np.float64(40917.0)]
==================================================
2025-05-10 01:10:08,934 - INFO - 
==================================================
EMA Cross Analysis - BOME/USDT
Time: 2025-05-10 01:10:00+09:00
Type: dead
Cross Character (Current): Weak
Cross Character (New): Weak
Price at Cross: 0.001932

1. Pre-Cross Pattern (15min):
EMA Distance Changes (%): ['0.227', '0.263', '0.090', '0.030']
EMA12 Changes (%): ['0.348', '0.097', '-0.301', '-0.216']
Price Changes (%): ['0.705', '-1.249', '-2.480', '0.259']
Candle Analysis:
    Body Sizes (%): ['0.705', '1.249', '2.430', '0.259']
    Upper Shadows (%): ['0.000', '2.199', '0.608', '0.052']
    Lower Shadows (%): ['0.403', '0.400', '0.354', '0.000']
Volumes: [np.float64(377212753.0), np.float64(1665818666.0), np.float64(858878596.0), np.float64(8413828.0)]
2025-05-10 01:10:08,934 - INFO - 
2. Post-Cross Movement (30min):
5min Price Changes (%): []
Maximum Change: 0.000% after 0 minutes
Candle Analysis:
    Body Sizes (%): []
    Upper Shadows (%): []
    Lower Shadows (%): []
Volumes: []
==================================================
2025-05-10 01:10:12,434 - INFO - 
==================================================
EMA Cross Analysis - ORDI/USDT
Time: 2025-05-10 01:10:00+09:00
Type: golden
Cross Character (Current): Weak
Cross Character (New): Weak
Price at Cross: 9.119

1. Pre-Cross Pattern (15min):
EMA Distance Changes (%): ['0.050', '0.017', '0.019', '0.008']
EMA12 Changes (%): ['0.177', '0.056', '-0.005', '0.048']
Price Changes (%): ['0.802', '-0.600', '-0.340', '0.341']
Candle Analysis:
    Body Sizes (%): ['0.791', '0.610', '0.351', '0.308']
    Upper Shadows (%): ['0.000', '0.447', '0.899', '0.022']
    Lower Shadows (%): ['0.055', '0.120', '0.143', '0.000']
Volumes: [np.float64(18784.2), np.float64(64370.6), np.float64(82736.8), np.float64(5708.7)]
2025-05-10 01:10:12,435 - INFO - 
2. Post-Cross Movement (30min):
5min Price Changes (%): []
Maximum Change: 0.000% after 0 minutes
Candle Analysis:
    Body Sizes (%): []
    Upper Shadows (%): []
    Lower Shadows (%): []
Volumes: []
==================================================
2025-05-10 01:10:15,051 - INFO - 
==================================================
EMA Cross Analysis - EOS/USDT
Time: 2025-05-10 01:05:00+09:00
Type: dead
Cross Character (Current): Weak
Cross Character (New): Weak
Price at Cross: 0.848

1. Pre-Cross Pattern (15min):
EMA Distance Changes (%): ['0.131', '0.034', '0.004', '0.031']
EMA12 Changes (%): ['0.092', '0.168', '0.070', '-0.067']
Price Changes (%): ['0.589', '0.585', '-0.466', '-0.819']
Candle Analysis:
    Body Sizes (%): ['0.471', '0.585', '0.466', '0.703']
    Upper Shadows (%): ['0.471', '0.117', '0.116', '0.234']
    Lower Shadows (%): ['0.118', '0.234', '0.116', '0.000']
Volumes: [np.float64(1182415.9), np.float64(928917.0), np.float64(723966.8), np.float64(1048309.0)]
2025-05-10 01:10:15,051 - INFO - 
2. Post-Cross Movement (30min):
5min Price Changes (%): ['0.118']
Maximum Change: 0.118% after 5 minutes
Candle Analysis:
    Body Sizes (%): ['0.118']
    Upper Shadows (%): ['0.118']
    Lower Shadows (%): ['0.000']
Volumes: [np.float64(116127.0)]
==================================================
2025-05-10 01:10:16,759 - INFO - 
==================================================
EMA Cross Analysis - ATA/USDT
Time: 2025-05-10 01:05:00+09:00
Type: dead
Cross Character (Current): Weak
Cross Character (New): Weak
Price at Cross: 0.0602

1. Pre-Cross Pattern (15min):
EMA Distance Changes (%): ['0.088', '0.029', '0.018', '0.024']
EMA12 Changes (%): ['0.091', '0.102', '0.087', '-0.079']
Price Changes (%): ['0.831', '0.165', '0.000', '-0.987']
Candle Analysis:
    Body Sizes (%): ['0.831', '0.330', '0.164', '0.987']
    Upper Shadows (%): ['0.166', '0.165', '0.657', '0.164']
    Lower Shadows (%): ['0.000', '0.000', '0.000', '0.000']
Volumes: [np.float64(216306.0), np.float64(163004.0), np.float64(445773.0), np.float64(288307.0)]
2025-05-10 01:10:16,759 - INFO - 
2. Post-Cross Movement (30min):
5min Price Changes (%): ['0.332']
Maximum Change: 0.332% after 5 minutes
Candle Analysis:
    Body Sizes (%): ['0.166']
    Upper Shadows (%): ['0.000']
    Lower Shadows (%): ['0.000']
Volumes: [np.float64(18473.0)]
==================================================
2025-05-10 01:10:17,858 - INFO - 
==================================================
EMA Cross Analysis - GOAT/USDT
Time: 2025-05-10 01:05:00+09:00
Type: dead
Cross Character (Current): Weak
Cross Character (New): Weak
Price at Cross: 0.10782

1. Pre-Cross Pattern (15min):
EMA Distance Changes (%): ['0.500', '0.642', '0.379', '0.131']
EMA12 Changes (%): ['0.373', '0.354', '-0.460', '-0.897']
Price Changes (%): ['0.550', '0.256', '-4.835', '-3.378']
Candle Analysis:
    Body Sizes (%): ['0.507', '0.205', '4.876', '3.491']
    Upper Shadows (%): ['0.834', '0.419', '0.111', '0.519']
    Lower Shadows (%): ['0.215', '0.479', '0.350', '0.734']
Volumes: [np.float64(5506887.0), np.float64(4142775.0), np.float64(11083958.0), np.float64(17162672.0)]
2025-05-10 01:10:17,858 - INFO - 
2. Post-Cross Movement (30min):
5min Price Changes (%): ['0.204']
Maximum Change: 0.204% after 5 minutes
Candle Analysis:
    Body Sizes (%): ['0.185']
    Upper Shadows (%): ['0.325']
    Lower Shadows (%): ['0.111']
Volumes: [np.float64(1051011.0)]
==================================================
2025-05-10 01:16:01,149 - INFO - 
==================================================
EMA Cross Analysis - ORDI/USDT
Time: 2025-05-10 01:10:00+09:00
Type: golden
Cross Character (Current): Weak
Cross Character (New): Weak
Price at Cross: 9.185

1. Pre-Cross Pattern (15min):
EMA Distance Changes (%): ['0.050', '0.017', '0.019', '0.065']
EMA12 Changes (%): ['0.177', '0.056', '-0.005', '0.160']
Price Changes (%): ['0.802', '-0.600', '-0.340', '1.067']
Candle Analysis:
    Body Sizes (%): ['0.791', '0.610', '0.351', '1.034']
    Upper Shadows (%): ['0.000', '0.447', '0.899', '0.363']
    Lower Shadows (%): ['0.055', '0.120', '0.143', '0.000']
Volumes: [np.float64(18784.2), np.float64(64370.6), np.float64(82736.8), np.float64(111868.0)]
2025-05-10 01:16:01,149 - INFO - 
2. Post-Cross Movement (30min):
5min Price Changes (%): ['0.022']
Maximum Change: 0.022% after 5 minutes
Candle Analysis:
    Body Sizes (%): ['0.000']
    Upper Shadows (%): ['0.359']
    Lower Shadows (%): ['0.054']
Volumes: [np.float64(14280.4)]
==================================================
2025-05-10 01:20:41,799 - INFO - 
==================================================
EMA Cross Analysis - TNSR/USDT
Time: 2025-05-10 01:15:00+09:00
Type: golden
Cross Character (Current): Weak
Cross Character (New): Weak
Price at Cross: 0.1689

1. Pre-Cross Pattern (15min):
EMA Distance Changes (%): ['0.040', '0.108', '0.077', '0.004']
EMA12 Changes (%): ['-0.040', '-0.135', '0.042', '0.146']
Price Changes (%): ['-0.595', '-0.658', '1.024', '0.716']
Candle Analysis:
    Body Sizes (%): ['0.654', '0.718', '1.024', '0.656']
    Upper Shadows (%): ['0.059', '0.478', '0.000', '0.060']
    Lower Shadows (%): ['0.059', '0.000', '0.181', '0.358']
Volumes: [np.float64(325739.8), np.float64(253990.9), np.float64(227945.5), np.float64(89302.2)]
2025-05-10 01:20:41,800 - INFO - 
2. Post-Cross Movement (30min):
5min Price Changes (%): ['0.000']
Maximum Change: 0.000% after 0 minutes
Candle Analysis:
    Body Sizes (%): ['0.000']
    Upper Shadows (%): ['0.059']
    Lower Shadows (%): ['0.118']
Volumes: [np.float64(3464.4)]
==================================================
2025-05-10 01:20:43,592 - INFO - 
==================================================
EMA Cross Analysis - EOS/USDT
Time: 2025-05-10 01:15:00+09:00
Type: golden
Cross Character (Current): Weak
Cross Character (New): Weak
Price at Cross: 0.855

1. Pre-Cross Pattern (15min):
EMA Distance Changes (%): ['0.004', '0.031', '0.011', '0.023']
EMA12 Changes (%): ['0.070', '-0.067', '0.033', '0.064']
Price Changes (%): ['-0.466', '-0.819', '0.590', '0.234']
Candle Analysis:
    Body Sizes (%): ['0.466', '0.703', '0.590', '0.234']
    Upper Shadows (%): ['0.116', '0.234', '0.236', '0.117']
    Lower Shadows (%): ['0.116', '0.000', '0.000', '0.352']
Volumes: [np.float64(723966.8), np.float64(1048309.0), np.float64(1139651.9), np.float64(552234.7)]
2025-05-10 01:20:43,592 - INFO - 
2. Post-Cross Movement (30min):
5min Price Changes (%): ['0.000']
Maximum Change: 0.000% after 0 minutes
Candle Analysis:
    Body Sizes (%): ['0.000']
    Upper Shadows (%): ['0.117']
    Lower Shadows (%): ['0.117']
Volumes: [np.float64(57184.4)]
==================================================
2025-05-10 01:20:45,208 - INFO - 
==================================================
EMA Cross Analysis - ATA/USDT
Time: 2025-05-10 01:15:00+09:00
Type: golden
Cross Character (Current): Weak
Cross Character (New): Weak
Price at Cross: 0.0607

1. Pre-Cross Pattern (15min):
EMA Distance Changes (%): ['0.018', '0.024', '0.005', '0.024']
EMA12 Changes (%): ['0.087', '-0.079', '0.035', '0.055']
Price Changes (%): ['0.000', '-0.987', '0.664', '0.165']
Candle Analysis:
    Body Sizes (%): ['0.164', '0.987', '0.498', '0.000']
    Upper Shadows (%): ['0.657', '0.164', '0.332', '0.329']
    Lower Shadows (%): ['0.000', '0.000', '0.332', '0.494']
Volumes: [np.float64(445773.0), np.float64(288307.0), np.float64(286001.0), np.float64(187453.0)]
2025-05-10 01:20:45,208 - INFO - 
2. Post-Cross Movement (30min):
5min Price Changes (%): ['0.165']
Maximum Change: 0.165% after 5 minutes
Candle Analysis:
    Body Sizes (%): ['0.000']
    Upper Shadows (%): ['0.000']
    Lower Shadows (%): ['0.164']
Volumes: [np.float64(6472.0)]
==================================================
2025-05-10 01:20:47,998 - INFO - 
==================================================
EMA Cross Analysis - VANA/USDT
Time: 2025-05-10 01:20:00+09:00
Type: golden
Cross Character (Current): Weak
Cross Character (New): Weak
Price at Cross: 6.281

1. Pre-Cross Pattern (15min):
EMA Distance Changes (%): ['0.131', '0.112', '0.033', '0.014']
EMA12 Changes (%): ['-0.118', '0.016', '0.137', '0.086']
Price Changes (%): ['-0.705', '0.759', '0.801', '-0.191']
Candle Analysis:
    Body Sizes (%): ['0.673', '0.742', '0.785', '0.191']
    Upper Shadows (%): ['0.529', '0.065', '0.000', '0.016']
    Lower Shadows (%): ['0.096', '0.242', '0.368', '0.016']
Volumes: [np.float64(17497.26), np.float64(12324.67), np.float64(9070.28), np.float64(2689.54)]
2025-05-10 01:20:47,999 - INFO - 
2. Post-Cross Movement (30min):
5min Price Changes (%): []
Maximum Change: 0.000% after 0 minutes
Candle Analysis:
    Body Sizes (%): []
    Upper Shadows (%): []
    Lower Shadows (%): []
Volumes: []
==================================================
2025-05-10 01:25:19,263 - INFO - 
==================================================
EMA Cross Analysis - ACX/USDT
Time: 2025-05-10 01:25:00+09:00
Type: golden
Cross Character (Current): Weak
Cross Character (New): Weak
Price at Cross: 0.2471

1. Pre-Cross Pattern (15min):
EMA Distance Changes (%): ['0.086', '0.056', '0.005', '0.037']
EMA12 Changes (%): ['-0.004', '0.046', '0.089', '0.082']
Price Changes (%): ['0.780', '0.326', '0.325', '0.040']
Candle Analysis:
    Body Sizes (%): ['0.780', '0.326', '0.284', '0.081']
    Upper Shadows (%): ['0.123', '0.041', '0.041', '0.000']
    Lower Shadows (%): ['0.000', '0.285', '0.081', '0.000']
Volumes: [np.float64(64973.2), np.float64(30528.1), np.float64(72090.2), np.float64(5055.3)]
2025-05-10 01:25:19,263 - INFO - 
2. Post-Cross Movement (30min):
5min Price Changes (%): []
Maximum Change: 0.000% after 0 minutes
Candle Analysis:
    Body Sizes (%): []
    Upper Shadows (%): []
    Lower Shadows (%): []
Volumes: []
==================================================
2025-05-10 01:25:27,911 - INFO - 
==================================================
EMA Cross Analysis - VANA/USDT
Time: 2025-05-10 01:20:00+09:00
Type: golden
Cross Character (Current): Weak
Cross Character (New): Weak
Price at Cross: 6.288

1. Pre-Cross Pattern (15min):
EMA Distance Changes (%): ['0.131', '0.112', '0.033', '0.023']
EMA12 Changes (%): ['-0.118', '0.016', '0.137', '0.103']
Price Changes (%): ['-0.705', '0.759', '0.801', '-0.079']
Candle Analysis:
    Body Sizes (%): ['0.673', '0.742', '0.785', '0.079']
    Upper Shadows (%): ['0.529', '0.065', '0.000', '0.016']
    Lower Shadows (%): ['0.096', '0.242', '0.368', '0.381']
Volumes: [np.float64(17497.26), np.float64(12324.67), np.float64(9070.28), np.float64(6435.88)]
2025-05-10 01:25:27,911 - INFO - 
2. Post-Cross Movement (30min):
5min Price Changes (%): ['-0.064']
Maximum Change: -0.064% after 5 minutes
Candle Analysis:
    Body Sizes (%): ['0.080']
    Upper Shadows (%): ['0.000']
    Lower Shadows (%): ['0.127']
Volumes: [np.float64(560.12)]
==================================================
2025-05-10 01:35:54,129 - INFO - 
==================================================
EMA Cross Analysis - ACX/USDT
Time: 2025-05-10 01:30:00+09:00
Type: golden
Cross Character (Current): Weak
Cross Character (New): Weak
Price at Cross: 0.2467

1. Pre-Cross Pattern (15min):
EMA Distance Changes (%): ['0.056', '0.005', '0.005', '0.025']
EMA12 Changes (%): ['0.046', '0.089', '0.000', '0.057']
Price Changes (%): ['0.326', '0.325', '-0.486', '0.366']
Candle Analysis:
    Body Sizes (%): ['0.326', '0.284', '0.446', '0.366']
    Upper Shadows (%): ['0.041', '0.041', '0.203', '0.000']
    Lower Shadows (%): ['0.285', '0.081', '0.081', '0.041']
Volumes: [np.float64(30528.1), np.float64(72090.2), np.float64(75020.1), np.float64(32760.2)]
2025-05-10 01:35:54,130 - INFO - 
2. Post-Cross Movement (30min):
5min Price Changes (%): ['0.243']
Maximum Change: 0.243% after 5 minutes
Candle Analysis:
    Body Sizes (%): ['0.203']
    Upper Shadows (%): ['0.041']
    Lower Shadows (%): ['0.000']
Volumes: [np.float64(29519.1)]
==================================================
2025-05-10 01:36:02,520 - INFO - 
==================================================
EMA Cross Analysis - USUAL/USDT
Time: 2025-05-10 01:35:00+09:00
Type: golden
Cross Character (Current): Weak
Cross Character (New): Weak
Price at Cross: 0.1472

1. Pre-Cross Pattern (15min):
EMA Distance Changes (%): ['0.126', '0.090', '0.022', '0.053']
EMA12 Changes (%): ['0.175', '0.053', '0.119', '0.142']
Price Changes (%): ['0.410', '-0.612', '0.479', '0.272']
Candle Analysis:
    Body Sizes (%): ['0.410', '0.612', '0.479', '0.204']
    Upper Shadows (%): ['0.273', '0.408', '0.000', '0.136']
    Lower Shadows (%): ['0.137', '0.068', '0.068', '0.068']
Volumes: [np.float64(807920.0), np.float64(1152128.0), np.float64(943597.0), np.float64(417570.0)]
2025-05-10 01:36:02,520 - INFO - 
2. Post-Cross Movement (30min):
5min Price Changes (%): []
Maximum Change: 0.000% after 0 minutes
Candle Analysis:
    Body Sizes (%): []
    Upper Shadows (%): []
    Lower Shadows (%): []
Volumes: []
==================================================
2025-05-10 01:40:32,873 - INFO - 
==================================================
EMA Cross Analysis - BAN/USDT
Time: 2025-05-10 01:35:00+09:00
Type: golden
Cross Character (Current): Weak
Cross Character (New): Weak
Price at Cross: 0.06642

1. Pre-Cross Pattern (15min):
EMA Distance Changes (%): ['0.243', '0.182', '0.091', '0.006']
EMA12 Changes (%): ['0.114', '0.083', '0.150', '0.176']
Price Changes (%): ['-0.061', '-0.091', '0.516', '0.317']
Candle Analysis:
    Body Sizes (%): ['0.015', '0.106', '0.501', '0.257']
    Upper Shadows (%): ['0.379', '0.000', '0.167', '0.121']
    Lower Shadows (%): ['0.136', '0.243', '0.061', '0.030']
Volumes: [np.float64(672833.0), np.float64(186164.0), np.float64(353909.0), np.float64(278232.0)]
2025-05-10 01:40:32,873 - INFO - 
2. Post-Cross Movement (30min):
5min Price Changes (%): ['-0.045']
Maximum Change: -0.045% after 5 minutes
Candle Analysis:
    Body Sizes (%): ['0.045']
    Upper Shadows (%): ['0.136']
    Lower Shadows (%): ['0.000']
Volumes: [np.float64(35701.0)]
==================================================
2025-05-10 01:40:33,104 - INFO - 
==================================================
EMA Cross Analysis - BOME/USDT
Time: 2025-05-10 01:40:00+09:00
Type: dead
Cross Character (Current): Weak
Cross Character (New): Weak
Price at Cross: 0.001947

1. Pre-Cross Pattern (15min):
EMA Distance Changes (%): ['0.111', '0.074', '0.033', '0.020']
EMA12 Changes (%): ['-0.184', '-0.054', '-0.069', '-0.098']
Price Changes (%): ['-2.018', '0.669', '-0.153', '-0.256']
Candle Analysis:
    Body Sizes (%): ['1.969', '0.618', '0.204', '0.205']
    Upper Shadows (%): ['0.757', '0.103', '1.176', '0.103']
    Lower Shadows (%): ['0.252', '0.154', '0.102', '0.154']
Volumes: [np.float64(654457286.0), np.float64(344755236.0), np.float64(376784030.0), np.float64(47382634.0)]
2025-05-10 01:40:33,104 - INFO - 
2. Post-Cross Movement (30min):
5min Price Changes (%): []
Maximum Change: 0.000% after 0 minutes
Candle Analysis:
    Body Sizes (%): []
    Upper Shadows (%): []
    Lower Shadows (%): []
Volumes: []
==================================================
2025-05-10 01:40:37,688 - INFO - 
==================================================
EMA Cross Analysis - TNSR/USDT
Time: 2025-05-10 01:35:00+09:00
Type: dead
Cross Character (Current): Weak
Cross Character (New): Weak
Price at Cross: 0.167

1. Pre-Cross Pattern (15min):
EMA Distance Changes (%): ['0.057', '0.038', '0.021', '0.011']
EMA12 Changes (%): ['0.105', '-0.031', '-0.026', '-0.059']
Price Changes (%): ['-0.118', '-0.771', '0.000', '-0.239']
Candle Analysis:
    Body Sizes (%): ['0.118', '0.829', '0.000', '0.239']
    Upper Shadows (%): ['0.059', '0.237', '0.060', '0.478']
    Lower Shadows (%): ['0.296', '0.000', '0.418', '0.000']
Volumes: [np.float64(71581.8), np.float64(96484.7), np.float64(136223.3), np.float64(44993.4)]
2025-05-10 01:40:37,688 - INFO - 
2. Post-Cross Movement (30min):
5min Price Changes (%): ['-0.120']
Maximum Change: -0.120% after 5 minutes
Candle Analysis:
    Body Sizes (%): ['0.120']
    Upper Shadows (%): ['0.000']
    Lower Shadows (%): ['0.000']
Volumes: [np.float64(23848.8)]
==================================================
2025-05-10 01:40:39,429 - INFO - 
==================================================
EMA Cross Analysis - EOS/USDT
Time: 2025-05-10 01:40:00+09:00
Type: dead
Cross Character (Current): Weak
Cross Character (New): Weak
Price at Cross: 0.851

1. Pre-Cross Pattern (15min):
EMA Distance Changes (%): ['0.044', '0.027', '0.005', '0.004']
EMA12 Changes (%): ['0.013', '-0.025', '-0.040', '-0.015']
Price Changes (%): ['-0.117', '-0.234', '-0.118', '0.118']
Candle Analysis:
    Body Sizes (%): ['0.000', '0.117', '0.118', '0.118']
    Upper Shadows (%): ['0.234', '0.235', '0.470', '0.000']
    Lower Shadows (%): ['0.117', '0.117', '0.000', '0.000']
Volumes: [np.float64(364574.0), np.float64(399067.4), np.float64(529412.3), np.float64(14126.9)]
2025-05-10 01:40:39,430 - INFO - 
2. Post-Cross Movement (30min):
5min Price Changes (%): []
Maximum Change: 0.000% after 0 minutes
Candle Analysis:
    Body Sizes (%): []
    Upper Shadows (%): []
    Lower Shadows (%): []
Volumes: []
==================================================
2025-05-10 01:40:43,227 - INFO - 
==================================================
EMA Cross Analysis - USUAL/USDT
Time: 2025-05-10 01:35:00+09:00
Type: golden
Cross Character (Current): Weak
Cross Character (New): Weak
Price at Cross: 0.1465

1. Pre-Cross Pattern (15min):
EMA Distance Changes (%): ['0.126', '0.090', '0.022', '0.015']
EMA12 Changes (%): ['0.175', '0.053', '0.119', '0.069']
Price Changes (%): ['0.410', '-0.612', '0.479', '-0.204']
Candle Analysis:
    Body Sizes (%): ['0.410', '0.612', '0.479', '0.272']
    Upper Shadows (%): ['0.273', '0.408', '0.000', '0.613']
    Lower Shadows (%): ['0.137', '0.068', '0.068', '0.000']
Volumes: [np.float64(807920.0), np.float64(1152128.0), np.float64(943597.0), np.float64(1299316.0)]
2025-05-10 01:40:43,227 - INFO - 
2. Post-Cross Movement (30min):
5min Price Changes (%): ['-0.068']
Maximum Change: -0.068% after 5 minutes
Candle Analysis:
    Body Sizes (%): ['0.136']
    Upper Shadows (%): ['0.136']
    Lower Shadows (%): ['0.136']
Volumes: [np.float64(386377.0)]
==================================================
2025-05-10 01:45:13,417 - INFO - 
==================================================
EMA Cross Analysis - BOME/USDT
Time: 2025-05-10 01:40:00+09:00
Type: dead
Cross Character (Current): Weak
Cross Character (New): Weak
Price at Cross: 0.001949

1. Pre-Cross Pattern (15min):
EMA Distance Changes (%): ['0.111', '0.074', '0.033', '0.012']
EMA12 Changes (%): ['-0.184', '-0.054', '-0.069', '-0.082']
Price Changes (%): ['-2.018', '0.669', '-0.153', '-0.154']
Candle Analysis:
    Body Sizes (%): ['1.969', '0.618', '0.204', '0.103']
    Upper Shadows (%): ['0.757', '0.103', '1.176', '0.256']
    Lower Shadows (%): ['0.252', '0.154', '0.102', '0.564']
Volumes: [np.float64(654457286.0), np.float64(344755236.0), np.float64(376784030.0), np.float64(237505613.0)]
2025-05-10 01:45:13,417 - INFO - 
2. Post-Cross Movement (30min):
5min Price Changes (%): ['0.154']
Maximum Change: 0.154% after 5 minutes
Candle Analysis:
    Body Sizes (%): ['0.205']
    Upper Shadows (%): ['0.051']
    Lower Shadows (%): ['0.051']
Volumes: [np.float64(14492942.0)]
==================================================
2025-05-10 01:45:19,567 - INFO - 
==================================================
EMA Cross Analysis - EOS/USDT
Time: 2025-05-10 01:40:00+09:00
Type: dead
Cross Character (Current): Weak
Cross Character (New): Weak
Price at Cross: 0.851

1. Pre-Cross Pattern (15min):
EMA Distance Changes (%): ['0.044', '0.027', '0.005', '0.004']
EMA12 Changes (%): ['0.013', '-0.025', '-0.040', '-0.015']
Price Changes (%): ['-0.117', '-0.234', '-0.118', '0.118']
Candle Analysis:
    Body Sizes (%): ['0.000', '0.117', '0.118', '0.118']
    Upper Shadows (%): ['0.234', '0.235', '0.470', '0.235']
    Lower Shadows (%): ['0.117', '0.117', '0.000', '0.118']
Volumes: [np.float64(364574.0), np.float64(399067.4), np.float64(529412.3), np.float64(386209.8)]
2025-05-10 01:45:19,567 - INFO - 
2. Post-Cross Movement (30min):
5min Price Changes (%): ['0.118']
Maximum Change: 0.118% after 5 minutes
Candle Analysis:
    Body Sizes (%): ['0.235']
    Upper Shadows (%): ['0.000']
    Lower Shadows (%): ['0.000']
Volumes: [np.float64(23956.2)]
==================================================
2025-05-10 01:51:10,641 - INFO - 
==================================================
EMA Cross Analysis - ATA/USDT
Time: 2025-05-10 01:45:00+09:00
Type: dead
Cross Character (Current): Weak
Cross Character (New): Weak
Price at Cross: 0.0603

1. Pre-Cross Pattern (15min):
EMA Distance Changes (%): ['0.057', '0.031', '0.036', '0.000']
EMA12 Changes (%): ['0.009', '-0.043', '0.014', '-0.064']
Price Changes (%): ['0.165', '-0.330', '0.331', '-0.495']
Candle Analysis:
    Body Sizes (%): ['0.165', '0.330', '0.331', '0.659']
    Upper Shadows (%): ['0.000', '0.330', '0.166', '0.165']
    Lower Shadows (%): ['0.165', '0.000', '0.000', '0.000']
Volumes: [np.float64(102148.0), np.float64(101849.0), np.float64(166739.0), np.float64(95378.0)]
2025-05-10 01:51:10,641 - INFO - 
2. Post-Cross Movement (30min):
5min Price Changes (%): ['0.000']
Maximum Change: 0.000% after 0 minutes
Candle Analysis:
    Body Sizes (%): ['0.000']
    Upper Shadows (%): ['0.166']
    Lower Shadows (%): ['0.166']
Volumes: [np.float64(9582.0)]
==================================================
2025-05-10 01:55:42,136 - INFO - 
==================================================
EMA Cross Analysis - DOGS/USDT
Time: 2025-05-10 01:50:00+09:00
Type: dead
Cross Character (Current): Weak
Cross Character (New): Weak
Price at Cross: 0.000188

1. Pre-Cross Pattern (15min):
EMA Distance Changes (%): ['0.219', '0.187', '0.103', '0.004']
EMA12 Changes (%): ['-0.016', '-0.029', '-0.138', '-0.190']
Price Changes (%): ['0.000', '-0.105', '-0.736', '-0.476']
Candle Analysis:
    Body Sizes (%): ['0.000', '0.053', '0.736', '0.424']
    Upper Shadows (%): ['1.365', '0.420', '0.420', '0.212']
    Lower Shadows (%): ['0.052', '0.473', '0.105', '0.371']
Volumes: [np.float64(1432363150.0), np.float64(983597949.0), np.float64(1291459685.0), np.float64(1810657496.0)]
2025-05-10 01:55:42,137 - INFO - 
2. Post-Cross Movement (30min):
5min Price Changes (%): ['-0.053']
Maximum Change: -0.053% after 5 minutes
Candle Analysis:
    Body Sizes (%): ['0.053']
    Upper Shadows (%): ['0.106']
    Lower Shadows (%): ['0.053']
Volumes: [np.float64(110292623.0)]
==================================================
2025-05-10 01:55:44,624 - INFO - 
==================================================
EMA Cross Analysis - ACX/USDT
Time: 2025-05-10 01:55:00+09:00
Type: dead
Cross Character (Current): Weak
Cross Character (New): Weak
Price at Cross: 0.2451

1. Pre-Cross Pattern (15min):
EMA Distance Changes (%): ['0.041', '0.031', '0.006', '0.020']
EMA12 Changes (%): ['0.035', '-0.014', '-0.043', '-0.049']
Price Changes (%): ['0.203', '-0.284', '-0.203', '-0.082']
Candle Analysis:
    Body Sizes (%): ['0.244', '0.244', '0.203', '0.041']
    Upper Shadows (%): ['0.081', '0.244', '0.041', '0.082']
    Lower Shadows (%): ['0.081', '0.081', '0.203', '0.000']
Volumes: [np.float64(84263.8), np.float64(26492.4), np.float64(35222.0), np.float64(2594.0)]
2025-05-10 01:55:44,624 - INFO - 
2. Post-Cross Movement (30min):
5min Price Changes (%): []
Maximum Change: 0.000% after 0 minutes
Candle Analysis:
    Body Sizes (%): []
    Upper Shadows (%): []
    Lower Shadows (%): []
Volumes: []
==================================================
2025-05-10 01:55:52,537 - INFO - 
==================================================
EMA Cross Analysis - USUAL/USDT
Time: 2025-05-10 01:55:00+09:00
Type: dead
Cross Character (Current): Weak
Cross Character (New): Weak
Price at Cross: 0.1452

1. Pre-Cross Pattern (15min):
EMA Distance Changes (%): ['0.065', '0.050', '0.005', '0.037']
EMA12 Changes (%): ['0.100', '-0.021', '-0.081', '-0.079']
Price Changes (%): ['0.273', '-0.681', '-0.411', '-0.069']
Candle Analysis:
    Body Sizes (%): ['0.205', '0.681', '0.411', '0.138']
    Upper Shadows (%): ['0.068', '0.204', '0.069', '0.069']
    Lower Shadows (%): ['0.477', '0.136', '0.343', '0.000']
Volumes: [np.float64(1032545.0), np.float64(711717.0), np.float64(1233527.0), np.float64(176261.0)]
2025-05-10 01:55:52,537 - INFO - 
2. Post-Cross Movement (30min):
5min Price Changes (%): []
Maximum Change: 0.000% after 0 minutes
Candle Analysis:
    Body Sizes (%): []
    Upper Shadows (%): []
    Lower Shadows (%): []
Volumes: []
==================================================
2025-05-10 01:55:53,235 - INFO - 
==================================================
EMA Cross Analysis - VANA/USDT
Time: 2025-05-10 01:50:00+09:00
Type: dead
Cross Character (Current): Weak
Cross Character (New): Weak
Price at Cross: 6.216

1. Pre-Cross Pattern (15min):
EMA Distance Changes (%): ['0.040', '0.048', '0.034', '0.019']
EMA12 Changes (%): ['0.008', '0.021', '-0.019', '-0.097']
Price Changes (%): ['-0.112', '0.096', '-0.239', '-0.528']
Candle Analysis:
    Body Sizes (%): ['0.128', '0.064', '0.287', '0.544']
    Upper Shadows (%): ['0.383', '0.224', '0.255', '0.032']
    Lower Shadows (%): ['0.032', '0.112', '0.048', '0.112']
Volumes: [np.float64(7292.0), np.float64(3367.01), np.float64(13515.57), np.float64(17023.23)]
2025-05-10 01:55:53,235 - INFO - 
2. Post-Cross Movement (30min):
5min Price Changes (%): ['-0.080']
Maximum Change: -0.080% after 5 minutes
Candle Analysis:
    Body Sizes (%): ['0.129']
    Upper Shadows (%): ['0.096']
    Lower Shadows (%): ['0.000']
Volumes: [np.float64(2644.49)]
==================================================
2025-05-10 02:00:25,637 - INFO - 
==================================================
EMA Cross Analysis - ACX/USDT
Time: 2025-05-10 01:55:00+09:00
Type: dead
Cross Character (Current): Weak
Cross Character (New): Weak
Price at Cross: 0.2443

1. Pre-Cross Pattern (15min):
EMA Distance Changes (%): ['0.041', '0.031', '0.006', '0.046']
EMA12 Changes (%): ['0.035', '-0.014', '-0.043', '-0.099']
Price Changes (%): ['0.203', '-0.284', '-0.203', '-0.408']
Candle Analysis:
    Body Sizes (%): ['0.244', '0.244', '0.203', '0.367']
    Upper Shadows (%): ['0.081', '0.244', '0.041', '0.082']
    Lower Shadows (%): ['0.081', '0.081', '0.203', '0.122']
Volumes: [np.float64(84263.8), np.float64(26492.4), np.float64(35222.0), np.float64(42817.5)]
2025-05-10 02:00:25,637 - INFO - 
2. Post-Cross Movement (30min):
5min Price Changes (%): ['0.123']
Maximum Change: 0.123% after 5 minutes
Candle Analysis:
    Body Sizes (%): ['0.082']
    Upper Shadows (%): ['0.000']
    Lower Shadows (%): ['0.000']
Volumes: [np.float64(4082.6)]
==================================================
2025-05-10 02:00:27,089 - INFO - 
==================================================
EMA Cross Analysis - ORDI/USDT
Time: 2025-05-10 01:55:00+09:00
Type: dead
Cross Character (Current): Weak
Cross Character (New): Weak
Price at Cross: 9.037

1. Pre-Cross Pattern (15min):
EMA Distance Changes (%): ['0.171', '0.136', '0.079', '0.005']
EMA12 Changes (%): ['0.013', '-0.045', '-0.090', '-0.151']
Price Changes (%): ['0.340', '-0.361', '-0.340', '-0.485']
Candle Analysis:
    Body Sizes (%): ['0.340', '0.372', '0.329', '0.495']
    Upper Shadows (%): ['0.296', '0.394', '0.176', '0.132']
    Lower Shadows (%): ['0.033', '0.000', '0.318', '0.308']
Volumes: [np.float64(19794.1), np.float64(18570.7), np.float64(56695.8), np.float64(32400.5)]
2025-05-10 02:00:27,089 - INFO - 
2. Post-Cross Movement (30min):
5min Price Changes (%): ['0.266']
Maximum Change: 0.266% after 5 minutes
Candle Analysis:
    Body Sizes (%): ['0.277']
    Upper Shadows (%): ['0.000']
    Lower Shadows (%): ['0.000']
Volumes: [np.float64(2733.6)]
==================================================
2025-05-10 02:00:33,466 - INFO - 
==================================================
EMA Cross Analysis - USUAL/USDT
Time: 2025-05-10 01:55:00+09:00
Type: dead
Cross Character (Current): Weak
Cross Character (New): Weak
Price at Cross: 0.1447

1. Pre-Cross Pattern (15min):
EMA Distance Changes (%): ['0.065', '0.050', '0.005', '0.064']
EMA12 Changes (%): ['0.100', '-0.021', '-0.081', '-0.132']
Price Changes (%): ['0.273', '-0.681', '-0.411', '-0.413']
Candle Analysis:
    Body Sizes (%): ['0.205', '0.681', '0.411', '0.481']
    Upper Shadows (%): ['0.068', '0.204', '0.069', '0.069']
    Lower Shadows (%): ['0.477', '0.136', '0.343', '0.344']
Volumes: [np.float64(1032545.0), np.float64(711717.0), np.float64(1233527.0), np.float64(935521.0)]
2025-05-10 02:00:33,466 - INFO - 
2. Post-Cross Movement (30min):
5min Price Changes (%): ['0.276']
Maximum Change: 0.276% after 5 minutes
Candle Analysis:
    Body Sizes (%): ['0.346']
    Upper Shadows (%): ['0.069']
    Lower Shadows (%): ['0.000']
Volumes: [np.float64(75284.0)]
==================================================
2025-05-10 02:10:51,564 - INFO - 
==================================================
EMA Cross Analysis - TIA/USDT
Time: 2025-05-10 02:10:00+09:00
Type: golden
Cross Character (Current): Weak
Cross Character (New): Weak
Price at Cross: 2.9111

1. Pre-Cross Pattern (15min):
EMA Distance Changes (%): ['0.151', '0.130', '0.030', '0.045']
EMA12 Changes (%): ['-0.124', '0.017', '0.173', '0.143']
Price Changes (%): ['-0.453', '0.797', '1.034', '-0.024']
Candle Analysis:
    Body Sizes (%): ['0.456', '0.797', '1.027', '0.010']
    Upper Shadows (%): ['0.091', '0.168', '0.000', '0.086']
    Lower Shadows (%): ['0.285', '0.206', '0.219', '0.110']
Volumes: [np.float64(250407.0), np.float64(247375.0), np.float64(385382.0), np.float64(72474.0)]
2025-05-10 02:10:51,564 - INFO - 
2. Post-Cross Movement (30min):
5min Price Changes (%): []
Maximum Change: 0.000% after 0 minutes
Candle Analysis:
    Body Sizes (%): []
    Upper Shadows (%): []
    Lower Shadows (%): []
Volumes: []
==================================================
2025-05-10 02:11:00,939 - INFO - 
==================================================
EMA Cross Analysis - MOVE/USDT
Time: 2025-05-10 02:10:00+09:00
Type: golden
Cross Character (Current): Weak
Cross Character (New): Weak
Price at Cross: 0.1811

1. Pre-Cross Pattern (15min):
EMA Distance Changes (%): ['0.244', '0.189', '0.070', '0.023']
EMA12 Changes (%): ['-0.125', '0.066', '0.202', '0.171']
Price Changes (%): ['-0.337', '1.127', '0.948', '0.000']
Candle Analysis:
    Body Sizes (%): ['0.337', '1.127', '0.891', '0.000']
    Upper Shadows (%): ['0.056', '0.056', '0.334', '0.055']
    Lower Shadows (%): ['0.281', '0.113', '0.111', '0.221']
Volumes: [np.float64(1403412.0), np.float64(5487874.0), np.float64(2633664.0), np.float64(404484.0)]
2025-05-10 02:11:00,939 - INFO - 
2. Post-Cross Movement (30min):
5min Price Changes (%): []
Maximum Change: 0.000% after 0 minutes
Candle Analysis:
    Body Sizes (%): []
    Upper Shadows (%): []
    Lower Shadows (%): []
Volumes: []
==================================================
2025-05-10 02:15:31,120 - INFO - 
==================================================
EMA Cross Analysis - TIA/USDT
Time: 2025-05-10 02:10:00+09:00
Type: golden
Cross Character (Current): Weak
Cross Character (New): Weak
Price at Cross: 2.9063

1. Pre-Cross Pattern (15min):
EMA Distance Changes (%): ['0.151', '0.130', '0.030', '0.032']
EMA12 Changes (%): ['-0.124', '0.017', '0.173', '0.117']
Price Changes (%): ['-0.453', '0.797', '1.034', '-0.189']
Candle Analysis:
    Body Sizes (%): ['0.456', '0.797', '1.027', '0.175']
    Upper Shadows (%): ['0.091', '0.168', '0.000', '0.161']
    Lower Shadows (%): ['0.285', '0.206', '0.219', '0.052']
Volumes: [np.float64(250407.0), np.float64(247375.0), np.float64(385382.0), np.float64(230292.0)]
2025-05-10 02:15:31,121 - INFO - 
2. Post-Cross Movement (30min):
5min Price Changes (%): ['0.045']
Maximum Change: 0.045% after 5 minutes
Candle Analysis:
    Body Sizes (%): ['0.041']
    Upper Shadows (%): ['0.052']
    Lower Shadows (%): ['0.041']
Volumes: [np.float64(11097.0)]
==================================================
2025-05-10 02:15:36,283 - INFO - 
==================================================
EMA Cross Analysis - TNSR/USDT
Time: 2025-05-10 02:15:00+09:00
Type: golden
Cross Character (Current): Weak
Cross Character (New): Weak
Price at Cross: 0.1684

1. Pre-Cross Pattern (15min):
EMA Distance Changes (%): ['0.161', '0.119', '0.052', '0.006']
EMA12 Changes (%): ['-0.030', '0.057', '0.113', '0.105']
Price Changes (%): ['0.664', '0.540', '0.418', '0.059']
Candle Analysis:
    Body Sizes (%): ['0.604', '0.540', '0.418', '0.119']
    Upper Shadows (%): ['0.000', '0.060', '0.000', '0.059']
    Lower Shadows (%): ['0.181', '0.180', '0.000', '0.000']
Volumes: [np.float64(111504.8), np.float64(97528.7), np.float64(125556.3), np.float64(33402.9)]
2025-05-10 02:15:36,283 - INFO - 
2. Post-Cross Movement (30min):
5min Price Changes (%): []
Maximum Change: 0.000% after 0 minutes
Candle Analysis:
    Body Sizes (%): []
    Upper Shadows (%): []
    Lower Shadows (%): []
Volumes: []
==================================================
2025-05-10 02:15:40,341 - INFO - 
==================================================
EMA Cross Analysis - MOVE/USDT
Time: 2025-05-10 02:10:00+09:00
Type: golden
Cross Character (Current): Weak
Cross Character (New): Weak
Price at Cross: 0.1809

1. Pre-Cross Pattern (15min):
EMA Distance Changes (%): ['0.244', '0.189', '0.070', '0.014']
EMA12 Changes (%): ['-0.125', '0.066', '0.202', '0.154']
Price Changes (%): ['-0.337', '1.127', '0.948', '-0.110']
Candle Analysis:
    Body Sizes (%): ['0.337', '1.127', '0.891', '0.110']
    Upper Shadows (%): ['0.056', '0.056', '0.334', '0.276']
    Lower Shadows (%): ['0.281', '0.113', '0.111', '0.110']
Volumes: [np.float64(1403412.0), np.float64(5487874.0), np.float64(2633664.0), np.float64(1766922.0)]
2025-05-10 02:15:40,341 - INFO - 
2. Post-Cross Movement (30min):
5min Price Changes (%): ['0.055']
Maximum Change: 0.055% after 5 minutes
Candle Analysis:
    Body Sizes (%): ['0.000']
    Upper Shadows (%): ['0.000']
    Lower Shadows (%): ['0.221']
Volumes: [np.float64(220197.0)]
==================================================
2025-05-10 02:20:11,821 - INFO - 
==================================================
EMA Cross Analysis - ORCA/USDT
Time: 2025-05-10 02:20:00+09:00
Type: golden
Cross Character (Current): Weak
Cross Character (New): Weak
Price at Cross: 2.862

1. Pre-Cross Pattern (15min):
EMA Distance Changes (%): ['0.120', '0.103', '0.035', '0.018']
EMA12 Changes (%): ['0.051', '0.016', '0.117', '0.099']
Price Changes (%): ['0.388', '-0.176', '0.668', '0.000']
Candle Analysis:
    Body Sizes (%): ['0.352', '0.140', '0.633', '0.035']
    Upper Shadows (%): ['0.176', '0.176', '0.000', '0.000']
    Lower Shadows (%): ['0.106', '0.000', '0.000', '0.000']
Volumes: [np.float64(27103.1), np.float64(8902.6), np.float64(16733.5), np.float64(705.9)]
2025-05-10 02:20:11,821 - INFO - 
2. Post-Cross Movement (30min):
5min Price Changes (%): []
Maximum Change: 0.000% after 0 minutes
Candle Analysis:
    Body Sizes (%): []
    Upper Shadows (%): []
    Lower Shadows (%): []
Volumes: []
==================================================
2025-05-10 02:20:13,654 - INFO - 
==================================================
EMA Cross Analysis - ACX/USDT
Time: 2025-05-10 02:15:00+09:00
Type: golden
Cross Character (Current): Weak
Cross Character (New): Weak
Price at Cross: 0.2477

1. Pre-Cross Pattern (15min):
EMA Distance Changes (%): ['0.060', '0.035', '0.018', '0.047']
EMA12 Changes (%): ['-0.034', '0.040', '0.028', '0.124']
Price Changes (%): ['0.327', '0.449', '-0.041', '0.650']
Candle Analysis:
    Body Sizes (%): ['0.286', '0.408', '0.000', '0.609']
    Upper Shadows (%): ['0.164', '0.000', '0.163', '0.000']
    Lower Shadows (%): ['0.123', '0.204', '0.041', '0.041']
Volumes: [np.float64(67099.8), np.float64(26798.2), np.float64(12976.8), np.float64(40046.9)]
2025-05-10 02:20:13,654 - INFO - 
2. Post-Cross Movement (30min):
5min Price Changes (%): ['0.000']
Maximum Change: 0.000% after 0 minutes
Candle Analysis:
    Body Sizes (%): ['0.000']
    Upper Shadows (%): ['0.040']
    Lower Shadows (%): ['0.000']
Volumes: [np.float64(403.4)]
==================================================
2025-05-10 02:20:14,604 - INFO - 
==================================================
EMA Cross Analysis - ATOM/USDT
Time: 2025-05-10 02:15:00+09:00
Type: golden
Cross Character (Current): Weak
Cross Character (New): Weak
Price at Cross: 4.949

1. Pre-Cross Pattern (15min):
EMA Distance Changes (%): ['0.083', '0.051', '0.027', '0.036']
EMA12 Changes (%): ['0.004', '0.050', '0.040', '0.118']
Price Changes (%): ['0.533', '0.306', '-0.020', '0.549']
Candle Analysis:
    Body Sizes (%): ['0.533', '0.326', '0.020', '0.528']
    Upper Shadows (%): ['0.041', '0.041', '0.102', '0.000']
    Lower Shadows (%): ['0.246', '0.183', '0.061', '0.020']
Volumes: [np.float64(80199.7), np.float64(39925.95), np.float64(15878.61), np.float64(59726.79)]
2025-05-10 02:20:14,604 - INFO - 
2. Post-Cross Movement (30min):
5min Price Changes (%): ['-0.020']
Maximum Change: -0.020% after 5 minutes
Candle Analysis:
    Body Sizes (%): ['0.020']
    Upper Shadows (%): ['0.020']
    Lower Shadows (%): ['0.000']
Volumes: [np.float64(1855.0)]
==================================================
2025-05-10 02:20:16,030 - INFO - 
==================================================
EMA Cross Analysis - TNSR/USDT
Time: 2025-05-10 02:15:00+09:00
Type: golden
Cross Character (Current): Weak
Cross Character (New): Weak
Price at Cross: 0.1692

1. Pre-Cross Pattern (15min):
EMA Distance Changes (%): ['0.161', '0.119', '0.052', '0.044']
EMA12 Changes (%): ['-0.030', '0.057', '0.113', '0.178']
Price Changes (%): ['0.664', '0.540', '0.418', '0.535']
Candle Analysis:
    Body Sizes (%): ['0.604', '0.540', '0.418', '0.595']
    Upper Shadows (%): ['0.000', '0.060', '0.000', '0.238']
    Lower Shadows (%): ['0.181', '0.180', '0.000', '0.000']
Volumes: [np.float64(111504.8), np.float64(97528.7), np.float64(125556.3), np.float64(186213.7)]
2025-05-10 02:20:16,030 - INFO - 
2. Post-Cross Movement (30min):
5min Price Changes (%): ['0.000']
Maximum Change: 0.000% after 0 minutes
Candle Analysis:
    Body Sizes (%): ['0.000']
    Upper Shadows (%): ['0.059']
    Lower Shadows (%): ['0.000']
Volumes: [np.float64(4237.0)]
==================================================
2025-05-10 02:20:17,717 - INFO - 
==================================================
EMA Cross Analysis - EOS/USDT
Time: 2025-05-10 02:20:00+09:00
Type: golden
Cross Character (Current): Weak
Cross Character (New): Weak
Price at Cross: 0.854

1. Pre-Cross Pattern (15min):
EMA Distance Changes (%): ['0.091', '0.064', '0.033', '0.002']
EMA12 Changes (%): ['0.046', '0.039', '0.051', '0.061']
Price Changes (%): ['0.472', '0.000', '0.117', '0.117']
Candle Analysis:
    Body Sizes (%): ['0.472', '0.000', '0.235', '0.117']
    Upper Shadows (%): ['0.118', '0.117', '0.235', '0.117']
    Lower Shadows (%): ['0.118', '0.117', '0.000', '0.000']
Volumes: [np.float64(703914.0), np.float64(248349.6), np.float64(405620.9), np.float64(14076.4)]
2025-05-10 02:20:17,717 - INFO - 
2. Post-Cross Movement (30min):
5min Price Changes (%): []
Maximum Change: 0.000% after 0 minutes
Candle Analysis:
    Body Sizes (%): []
    Upper Shadows (%): []
    Lower Shadows (%): []
Volumes: []
==================================================
2025-05-10 02:20:19,614 - INFO - 
==================================================
EMA Cross Analysis - ATA/USDT
Time: 2025-05-10 02:15:00+09:00
Type: golden
Cross Character (Current): Weak
Cross Character (New): Weak
Price at Cross: 0.0608

1. Pre-Cross Pattern (15min):
EMA Distance Changes (%): ['0.108', '0.070', '0.053', '0.000']
EMA12 Changes (%): ['-0.023', '0.057', '0.022', '0.095']
Price Changes (%): ['0.668', '0.498', '-0.165', '0.496']
Candle Analysis:
    Body Sizes (%): ['0.500', '0.331', '0.165', '0.496']
    Upper Shadows (%): ['0.167', '0.166', '0.330', '0.331']
    Lower Shadows (%): ['0.167', '0.331', '0.000', '0.000']
Volumes: [np.float64(229950.0), np.float64(141680.0), np.float64(154467.0), np.float64(282018.0)]
2025-05-10 02:20:19,614 - INFO - 
2. Post-Cross Movement (30min):
5min Price Changes (%): ['0.000']
Maximum Change: 0.000% after 0 minutes
Candle Analysis:
    Body Sizes (%): ['0.164']
    Upper Shadows (%): ['0.000']
    Lower Shadows (%): ['0.000']
Volumes: [np.float64(4724.0)]
==================================================
2025-05-10 02:20:20,656 - INFO - 
==================================================
EMA Cross Analysis - GOAT/USDT
Time: 2025-05-10 02:20:00+09:00
Type: golden
Cross Character (Current): Strong
Cross Character (New): Strong
Price at Cross: 0.11514

1. Pre-Cross Pattern (15min):
EMA Distance Changes (%): ['0.468', '0.300', '0.086', '0.081']
EMA12 Changes (%): ['0.102', '0.252', '0.373', '0.317']
Price Changes (%): ['1.103', '1.073', '1.027', '0.017']
Candle Analysis:
    Body Sizes (%): ['1.112', '1.055', '0.991', '0.026']
    Upper Shadows (%): ['0.359', '0.275', '0.184', '0.156']
    Lower Shadows (%): ['0.179', '0.151', '0.096', '0.052']
Volumes: [np.float64(4003244.0), np.float64(4108101.0), np.float64(4383700.0), np.float64(112494.0)]
2025-05-10 02:20:20,656 - INFO - 
2. Post-Cross Movement (30min):
5min Price Changes (%): []
Maximum Change: 0.000% after 0 minutes
Candle Analysis:
    Body Sizes (%): []
    Upper Shadows (%): []
    Lower Shadows (%): []
Volumes: []
==================================================
2025-05-10 02:20:21,664 - INFO - 
==================================================
EMA Cross Analysis - HIVE/USDT
Time: 2025-05-10 02:20:00+09:00
Type: golden
Cross Character (Current): Weak
Cross Character (New): Weak
Price at Cross: 0.25985

1. Pre-Cross Pattern (15min):
EMA Distance Changes (%): ['0.119', '0.091', '0.031', '0.013']
EMA12 Changes (%): ['0.045', '0.038', '0.102', '0.081']
Price Changes (%): ['0.314', '0.000', '0.456', '-0.038']
Candle Analysis:
    Body Sizes (%): ['0.318', '0.012', '0.452', '0.023']
    Upper Shadows (%): ['0.143', '0.186', '0.000', '0.000']
    Lower Shadows (%): ['0.132', '0.062', '0.019', '0.000']
Volumes: [np.float64(36767.0), np.float64(30857.0), np.float64(35801.0), np.float64(2175.0)]
2025-05-10 02:20:21,664 - INFO - 
2. Post-Cross Movement (30min):
5min Price Changes (%): []
Maximum Change: 0.000% after 0 minutes
Candle Analysis:
    Body Sizes (%): []
    Upper Shadows (%): []
    Lower Shadows (%): []
Volumes: []
==================================================
2025-05-10 02:20:22,529 - INFO - 
==================================================
EMA Cross Analysis - USUAL/USDT
Time: 2025-05-10 02:20:00+09:00
Type: golden
Cross Character (Current): Weak
Cross Character (New): Weak
Price at Cross: 0.1469

1. Pre-Cross Pattern (15min):
EMA Distance Changes (%): ['0.080', '0.067', '0.002', '0.054']
EMA12 Changes (%): ['0.015', '0.013', '0.117', '0.109']
Price Changes (%): ['0.482', '0.000', '0.686', '0.068']
Candle Analysis:
    Body Sizes (%): ['0.482', '0.069', '0.686', '0.000']
    Upper Shadows (%): ['0.276', '0.206', '0.069', '0.000']
    Lower Shadows (%): ['0.276', '0.137', '0.000', '0.068']
Volumes: [np.float64(564815.0), np.float64(508120.0), np.float64(698812.0), np.float64(11436.0)]
2025-05-10 02:20:22,529 - INFO - 
2. Post-Cross Movement (30min):
5min Price Changes (%): []
Maximum Change: 0.000% after 0 minutes
Candle Analysis:
    Body Sizes (%): []
    Upper Shadows (%): []
    Lower Shadows (%): []
Volumes: []
==================================================
2025-05-10 02:26:00,822 - INFO - 
==================================================
EMA Cross Analysis - DOGS/USDT
Time: 2025-05-10 02:25:00+09:00
Type: golden
Cross Character (Current): Weak
Cross Character (New): Weak
Price at Cross: 0.0001909

1. Pre-Cross Pattern (15min):
EMA Distance Changes (%): ['0.240', '0.147', '0.041', '0.017']
EMA12 Changes (%): ['-0.045', '0.141', '0.184', '0.107']
Price Changes (%): ['0.159', '1.167', '0.420', '-0.313']
Candle Analysis:
    Body Sizes (%): ['0.159', '1.167', '0.420', '0.313']
    Upper Shadows (%): ['0.213', '0.318', '0.105', '0.104']
    Lower Shadows (%): ['0.106', '0.000', '0.157', '0.052']
Volumes: [np.float64(298422732.0), np.float64(908094852.0), np.float64(929275500.0), np.float64(385214218.0)]
2025-05-10 02:26:00,822 - INFO - 
2. Post-Cross Movement (30min):
5min Price Changes (%): []
Maximum Change: 0.000% after 0 minutes
Candle Analysis:
    Body Sizes (%): []
    Upper Shadows (%): []
    Lower Shadows (%): []
Volumes: []
==================================================
2025-05-10 02:26:01,476 - INFO - 
==================================================
EMA Cross Analysis - ORCA/USDT
Time: 2025-05-10 02:20:00+09:00
Type: golden
Cross Character (Current): Weak
Cross Character (New): Weak
Price at Cross: 2.862

1. Pre-Cross Pattern (15min):
EMA Distance Changes (%): ['0.120', '0.103', '0.035', '0.018']
EMA12 Changes (%): ['0.051', '0.016', '0.117', '0.099']
Price Changes (%): ['0.388', '-0.176', '0.668', '0.000']
Candle Analysis:
    Body Sizes (%): ['0.352', '0.140', '0.633', '0.035']
    Upper Shadows (%): ['0.176', '0.176', '0.000', '0.140']
    Lower Shadows (%): ['0.106', '0.000', '0.000', '0.140']
Volumes: [np.float64(27103.1), np.float64(8902.6), np.float64(16733.5), np.float64(15400.6)]
2025-05-10 02:26:01,477 - INFO - 
2. Post-Cross Movement (30min):
5min Price Changes (%): ['-0.035']
Maximum Change: -0.035% after 5 minutes
Candle Analysis:
    Body Sizes (%): ['0.035']
    Upper Shadows (%): ['0.035']
    Lower Shadows (%): ['0.000']
Volumes: [np.float64(1401.2)]
==================================================
2025-05-10 02:26:02,130 - INFO - 
==================================================
EMA Cross Analysis - NEAR/USDT
Time: 2025-05-10 02:25:00+09:00
Type: golden
Cross Character (Current): Weak
Cross Character (New): Weak
Price at Cross: 2.898

1. Pre-Cross Pattern (15min):
EMA Distance Changes (%): ['0.145', '0.100', '0.034', '0.010']
EMA12 Changes (%): ['0.053', '0.066', '0.114', '0.081']
Price Changes (%): ['-0.069', '0.139', '0.381', '-0.103']
Candle Analysis:
    Body Sizes (%): ['0.069', '0.139', '0.381', '0.069']
    Upper Shadows (%): ['0.208', '0.139', '0.035', '0.034']
    Lower Shadows (%): ['0.069', '0.069', '0.035', '0.069']
Volumes: [np.float64(208944.0), np.float64(697350.0), np.float64(347159.0), np.float64(32802.0)]
2025-05-10 02:26:02,130 - INFO - 
2. Post-Cross Movement (30min):
5min Price Changes (%): []
Maximum Change: 0.000% after 0 minutes
Candle Analysis:
    Body Sizes (%): []
    Upper Shadows (%): []
    Lower Shadows (%): []
Volumes: []
==================================================
2025-05-10 02:26:07,171 - INFO - 
==================================================
EMA Cross Analysis - EOS/USDT
Time: 2025-05-10 02:20:00+09:00
Type: golden
Cross Character (Current): Weak
Cross Character (New): Weak
Price at Cross: 0.854

1. Pre-Cross Pattern (15min):
EMA Distance Changes (%): ['0.091', '0.064', '0.033', '0.002']
EMA12 Changes (%): ['0.046', '0.039', '0.051', '0.061']
Price Changes (%): ['0.472', '0.000', '0.117', '0.117']
Candle Analysis:
    Body Sizes (%): ['0.472', '0.000', '0.235', '0.117']
    Upper Shadows (%): ['0.118', '0.117', '0.235', '0.234']
    Lower Shadows (%): ['0.118', '0.117', '0.000', '0.000']
Volumes: [np.float64(703914.0), np.float64(248349.6), np.float64(405620.9), np.float64(361075.0)]
2025-05-10 02:26:07,172 - INFO - 
2. Post-Cross Movement (30min):
5min Price Changes (%): ['0.000']
Maximum Change: 0.000% after 0 minutes
Candle Analysis:
    Body Sizes (%): ['0.117']
    Upper Shadows (%): ['0.117']
    Lower Shadows (%): ['0.000']
Volumes: [np.float64(80345.2)]
==================================================
2025-05-10 02:26:07,636 - INFO - 
==================================================
EMA Cross Analysis - ADA/USDT
Time: 2025-05-10 02:25:00+09:00
Type: golden
Cross Character (Current): Weak
Cross Character (New): Weak
Price at Cross: 0.7836

1. Pre-Cross Pattern (15min):
EMA Distance Changes (%): ['0.142', '0.079', '0.023', '0.010']
EMA12 Changes (%): ['0.009', '0.099', '0.097', '0.061']
Price Changes (%): ['-0.103', '0.590', '0.089', '-0.140']
Candle Analysis:
    Body Sizes (%): ['0.090', '0.577', '0.089', '0.127']
    Upper Shadows (%): ['0.115', '0.051', '0.089', '0.089']
    Lower Shadows (%): ['0.051', '0.038', '0.166', '0.013']
Volumes: [np.float64(1324990.0), np.float64(2585317.0), np.float64(3720179.0), np.float64(964026.0)]
2025-05-10 02:26:07,637 - INFO - 
2. Post-Cross Movement (30min):
5min Price Changes (%): []
Maximum Change: 0.000% after 0 minutes
Candle Analysis:
    Body Sizes (%): []
    Upper Shadows (%): []
    Lower Shadows (%): []
Volumes: []
==================================================
2025-05-10 02:26:09,331 - INFO - 
==================================================
EMA Cross Analysis - AVAX/USDT
Time: 2025-05-10 02:25:00+09:00
Type: golden
Cross Character (Current): Weak
Cross Character (New): Weak
Price at Cross: 23.265

1. Pre-Cross Pattern (15min):
EMA Distance Changes (%): ['0.215', '0.128', '0.026', '0.048']
EMA12 Changes (%): ['0.011', '0.134', '0.180', '0.142']
Price Changes (%): ['-0.143', '0.813', '0.427', '-0.064']
Candle Analysis:
    Body Sizes (%): ['0.148', '0.809', '0.427', '0.056']
    Upper Shadows (%): ['0.143', '0.431', '0.108', '0.064']
    Lower Shadows (%): ['0.030', '0.000', '0.030', '0.060']
Volumes: [np.float64(44708.0), np.float64(195263.0), np.float64(123613.0), np.float64(16401.0)]
2025-05-10 02:26:09,332 - INFO - 
2. Post-Cross Movement (30min):
5min Price Changes (%): []
Maximum Change: 0.000% after 0 minutes
Candle Analysis:
    Body Sizes (%): []
    Upper Shadows (%): []
    Lower Shadows (%): []
Volumes: []
==================================================
2025-05-10 02:26:10,082 - INFO - 
==================================================
EMA Cross Analysis - HIVE/USDT
Time: 2025-05-10 02:20:00+09:00
Type: golden
Cross Character (Current): Weak
Cross Character (New): Weak
Price at Cross: 0.2601

1. Pre-Cross Pattern (15min):
EMA Distance Changes (%): ['0.119', '0.091', '0.031', '0.021']
EMA12 Changes (%): ['0.045', '0.038', '0.102', '0.095']
Price Changes (%): ['0.314', '0.000', '0.456', '0.058']
Candle Analysis:
    Body Sizes (%): ['0.318', '0.012', '0.452', '0.073']
    Upper Shadows (%): ['0.143', '0.186', '0.000', '0.088']
    Lower Shadows (%): ['0.132', '0.062', '0.019', '0.108']
Volumes: [np.float64(36767.0), np.float64(30857.0), np.float64(35801.0), np.float64(45950.0)]
2025-05-10 02:26:10,082 - INFO - 
2. Post-Cross Movement (30min):
5min Price Changes (%): ['0.019']
Maximum Change: 0.019% after 5 minutes
Candle Analysis:
    Body Sizes (%): ['0.035']
    Upper Shadows (%): ['0.012']
    Lower Shadows (%): ['0.046']
Volumes: [np.float64(8195.0)]
==================================================
2025-05-10 02:26:10,529 - INFO - 
==================================================
EMA Cross Analysis - ZEN/USDT
Time: 2025-05-10 02:25:00+09:00
Type: golden
Cross Character (Current): Weak
Cross Character (New): Weak
Price at Cross: 9.891

1. Pre-Cross Pattern (15min):
EMA Distance Changes (%): ['0.108', '0.057', '0.016', '0.025']
EMA12 Changes (%): ['-0.005', '0.082', '0.072', '0.077']
Price Changes (%): ['-0.203', '0.560', '0.020', '0.101']
Candle Analysis:
    Body Sizes (%): ['0.152', '0.519', '0.000', '0.081']
    Upper Shadows (%): ['0.234', '0.041', '0.132', '0.061']
    Lower Shadows (%): ['0.000', '0.000', '0.283', '0.051']
Volumes: [np.float64(4656.0), np.float64(2857.3), np.float64(5948.7), np.float64(385.4)]
2025-05-10 02:26:10,529 - INFO - 
2. Post-Cross Movement (30min):
5min Price Changes (%): []
Maximum Change: 0.000% after 0 minutes
Candle Analysis:
    Body Sizes (%): []
    Upper Shadows (%): []
    Lower Shadows (%): []
Volumes: []
==================================================
2025-05-10 02:26:10,961 - INFO - 
==================================================
EMA Cross Analysis - USUAL/USDT
Time: 2025-05-10 02:20:00+09:00
Type: golden
Cross Character (Current): Weak
Cross Character (New): Weak
Price at Cross: 0.1476

1. Pre-Cross Pattern (15min):
EMA Distance Changes (%): ['0.080', '0.067', '0.002', '0.092']
EMA12 Changes (%): ['0.015', '0.013', '0.117', '0.183']
Price Changes (%): ['0.482', '0.000', '0.686', '0.545']
Candle Analysis:
    Body Sizes (%): ['0.482', '0.069', '0.686', '0.477']
    Upper Shadows (%): ['0.276', '0.206', '0.069', '0.408']
    Lower Shadows (%): ['0.276', '0.137', '0.000', '0.068']
Volumes: [np.float64(564815.0), np.float64(508120.0), np.float64(698812.0), np.float64(1510770.0)]
2025-05-10 02:26:10,961 - INFO - 
2. Post-Cross Movement (30min):
5min Price Changes (%): ['-0.136']
Maximum Change: -0.136% after 5 minutes
Candle Analysis:
    Body Sizes (%): ['0.203']
    Upper Shadows (%): ['0.068']
    Lower Shadows (%): ['0.000']
Volumes: [np.float64(71032.0)]
==================================================
2025-05-10 02:30:39,745 - INFO - 
==================================================
EMA Cross Analysis - DOGS/USDT
Time: 2025-05-10 02:25:00+09:00
Type: golden
Cross Character (Current): Weak
Cross Character (New): Weak
Price at Cross: 0.0001913

1. Pre-Cross Pattern (15min):
EMA Distance Changes (%): ['0.240', '0.147', '0.041', '0.033']
EMA12 Changes (%): ['-0.045', '0.141', '0.184', '0.139']
Price Changes (%): ['0.159', '1.167', '0.420', '-0.104']
Candle Analysis:
    Body Sizes (%): ['0.159', '1.167', '0.420', '0.104']
    Upper Shadows (%): ['0.213', '0.318', '0.105', '0.104']
    Lower Shadows (%): ['0.106', '0.000', '0.157', '0.470']
Volumes: [np.float64(298422732.0), np.float64(908094852.0), np.float64(929275500.0), np.float64(1324233015.0)]
2025-05-10 02:30:39,745 - INFO - 
2. Post-Cross Movement (30min):
5min Price Changes (%): ['0.000']
Maximum Change: 0.000% after 0 minutes
Candle Analysis:
    Body Sizes (%): ['0.000']
    Upper Shadows (%): ['0.209']
    Lower Shadows (%): ['0.052']
Volumes: [np.float64(53977361.0)]
==================================================
2025-05-10 02:30:41,050 - INFO - 
==================================================
EMA Cross Analysis - NEAR/USDT
Time: 2025-05-10 02:25:00+09:00
Type: golden
Cross Character (Current): Weak
Cross Character (New): Weak
Price at Cross: 2.906

1. Pre-Cross Pattern (15min):
EMA Distance Changes (%): ['0.145', '0.100', '0.034', '0.032']
EMA12 Changes (%): ['0.053', '0.066', '0.114', '0.123']
Price Changes (%): ['-0.069', '0.139', '0.381', '0.172']
Candle Analysis:
    Body Sizes (%): ['0.069', '0.139', '0.381', '0.207']
    Upper Shadows (%): ['0.208', '0.139', '0.035', '0.000']
    Lower Shadows (%): ['0.069', '0.069', '0.035', '0.138']
Volumes: [np.float64(208944.0), np.float64(697350.0), np.float64(347159.0), np.float64(107360.0)]
2025-05-10 02:30:41,050 - INFO - 
2. Post-Cross Movement (30min):
5min Price Changes (%): ['-0.103']
Maximum Change: -0.103% after 5 minutes
Candle Analysis:
    Body Sizes (%): ['0.103']
    Upper Shadows (%): ['0.034']
    Lower Shadows (%): ['0.000']
Volumes: [np.float64(12577.0)]
==================================================
2025-05-10 02:30:42,448 - INFO - 
==================================================
EMA Cross Analysis - LINK/USDT
Time: 2025-05-10 02:30:00+09:00
Type: golden
Cross Character (Current): Weak
Cross Character (New): Weak
Price at Cross: 15.976

1. Pre-Cross Pattern (15min):
EMA Distance Changes (%): ['0.115', '0.066', '0.023', '0.006']
EMA12 Changes (%): ['0.094', '0.078', '0.075', '0.052']
Price Changes (%): ['0.535', '-0.013', '0.056', '-0.069']
Candle Analysis:
    Body Sizes (%): ['0.535', '0.006', '0.056', '0.075']
    Upper Shadows (%): ['0.000', '0.138', '0.038', '0.088']
    Lower Shadows (%): ['0.000', '0.169', '0.181', '0.000']
Volumes: [np.float64(77499.5), np.float64(122264.05), np.float64(61677.22), np.float64(7949.28)]
2025-05-10 02:30:42,448 - INFO - 
2. Post-Cross Movement (30min):
5min Price Changes (%): []
Maximum Change: 0.000% after 0 minutes
Candle Analysis:
    Body Sizes (%): []
    Upper Shadows (%): []
    Lower Shadows (%): []
Volumes: []
==================================================
2025-05-10 02:30:43,876 - INFO - 
==================================================
EMA Cross Analysis - DOGE/USDT
Time: 2025-05-10 02:30:00+09:00
Type: golden
Cross Character (Current): Weak
Cross Character (New): Weak
Price at Cross: 0.20448

1. Pre-Cross Pattern (15min):
EMA Distance Changes (%): ['0.124', '0.055', '0.001', '0.033']
EMA12 Changes (%): ['0.125', '0.117', '0.096', '0.066']
Price Changes (%): ['0.442', '0.073', '-0.020', '-0.098']
Candle Analysis:
    Body Sizes (%): ['0.442', '0.068', '0.015', '0.103']
    Upper Shadows (%): ['0.044', '0.127', '0.103', '0.054']
    Lower Shadows (%): ['0.015', '0.186', '0.205', '0.005']
Volumes: [np.float64(54855791.0), np.float64(29904519.0), np.float64(14498718.0), np.float64(3183393.0)]
2025-05-10 02:30:43,876 - INFO - 
2. Post-Cross Movement (30min):
5min Price Changes (%): []
Maximum Change: 0.000% after 0 minutes
Candle Analysis:
    Body Sizes (%): []
    Upper Shadows (%): []
    Lower Shadows (%): []
Volumes: []
==================================================
2025-05-10 02:30:44,380 - INFO - 
==================================================
EMA Cross Analysis - GALA/USDT
Time: 2025-05-10 02:30:00+09:00
Type: golden
Cross Character (Current): Weak
Cross Character (New): Weak
Price at Cross: 0.01924

1. Pre-Cross Pattern (15min):
EMA Distance Changes (%): ['0.161', '0.086', '0.014', '0.042']
EMA12 Changes (%): ['0.106', '0.122', '0.127', '0.107']
Price Changes (%): ['0.736', '0.209', '0.156', '0.000']
Candle Analysis:
    Body Sizes (%): ['0.736', '0.209', '0.104', '0.000']
    Upper Shadows (%): ['0.053', '0.261', '0.000', '0.156']
    Lower Shadows (%): ['0.053', '0.052', '0.312', '0.000']
Volumes: [np.float64(17282714.0), np.float64(23747490.0), np.float64(9790305.0), np.float64(5095425.0)]
2025-05-10 02:30:44,380 - INFO - 
2. Post-Cross Movement (30min):
5min Price Changes (%): []
Maximum Change: 0.000% after 0 minutes
Candle Analysis:
    Body Sizes (%): []
    Upper Shadows (%): []
    Lower Shadows (%): []
Volumes: []
==================================================
2025-05-10 02:30:46,591 - INFO - 
==================================================
EMA Cross Analysis - ADA/USDT
Time: 2025-05-10 02:25:00+09:00
Type: golden
Cross Character (Current): Weak
Cross Character (New): Weak
Price at Cross: 0.7845

1. Pre-Cross Pattern (15min):
EMA Distance Changes (%): ['0.142', '0.079', '0.023', '0.019']
EMA12 Changes (%): ['0.009', '0.099', '0.097', '0.078']
Price Changes (%): ['-0.103', '0.590', '0.089', '-0.025']
Candle Analysis:
    Body Sizes (%): ['0.090', '0.577', '0.089', '0.013']
    Upper Shadows (%): ['0.115', '0.051', '0.089', '0.089']
    Lower Shadows (%): ['0.051', '0.038', '0.166', '0.293']
Volumes: [np.float64(1324990.0), np.float64(2585317.0), np.float64(3720179.0), np.float64(2754815.0)]
2025-05-10 02:30:46,591 - INFO - 
2. Post-Cross Movement (30min):
5min Price Changes (%): ['-0.064']
Maximum Change: -0.064% after 5 minutes
Candle Analysis:
    Body Sizes (%): ['0.076']
    Upper Shadows (%): ['0.089']
    Lower Shadows (%): ['0.000']
Volumes: [np.float64(273063.0)]
==================================================
2025-05-10 02:30:47,023 - INFO - 
==================================================
EMA Cross Analysis - RENDER/USDT
Time: 2025-05-10 02:30:00+09:00
Type: golden
Cross Character (Current): Weak
Cross Character (New): Weak
Price at Cross: 4.931

1. Pre-Cross Pattern (15min):
EMA Distance Changes (%): ['0.162', '0.109', '0.035', '0.013']
EMA12 Changes (%): ['0.102', '0.080', '0.127', '0.089']
Price Changes (%): ['0.552', '-0.041', '0.386', '-0.122']
Candle Analysis:
    Body Sizes (%): ['0.531', '0.041', '0.366', '0.122']
    Upper Shadows (%): ['0.041', '0.163', '0.000', '0.081']
    Lower Shadows (%): ['0.000', '0.203', '0.305', '0.000']
Volumes: [np.float64(28161.7), np.float64(29825.4), np.float64(58011.5), np.float64(9376.0)]
2025-05-10 02:30:47,023 - INFO - 
2. Post-Cross Movement (30min):
5min Price Changes (%): []
Maximum Change: 0.000% after 0 minutes
Candle Analysis:
    Body Sizes (%): []
    Upper Shadows (%): []
    Lower Shadows (%): []
Volumes: []
==================================================
2025-05-10 02:30:48,265 - INFO - 
==================================================
EMA Cross Analysis - AVAX/USDT
Time: 2025-05-10 02:25:00+09:00
Type: golden
Cross Character (Current): Weak
Cross Character (New): Weak
Price at Cross: 23.343

1. Pre-Cross Pattern (15min):
EMA Distance Changes (%): ['0.215', '0.128', '0.026', '0.075']
EMA12 Changes (%): ['0.011', '0.134', '0.180', '0.194']
Price Changes (%): ['-0.143', '0.813', '0.427', '0.271']
Candle Analysis:
    Body Sizes (%): ['0.148', '0.809', '0.427', '0.279']
    Upper Shadows (%): ['0.143', '0.431', '0.108', '0.021']
    Lower Shadows (%): ['0.030', '0.000', '0.030', '0.116']
Volumes: [np.float64(44708.0), np.float64(195263.0), np.float64(123613.0), np.float64(83940.0)]
2025-05-10 02:30:48,266 - INFO - 
2. Post-Cross Movement (30min):
5min Price Changes (%): ['-0.017']
Maximum Change: -0.017% after 5 minutes
Candle Analysis:
    Body Sizes (%): ['0.043']
    Upper Shadows (%): ['0.047']
    Lower Shadows (%): ['0.056']
Volumes: [np.float64(14217.0)]
==================================================
2025-05-10 02:30:50,471 - INFO - 
==================================================
EMA Cross Analysis - VANA/USDT
Time: 2025-05-10 02:30:00+09:00
Type: golden
Cross Character (Current): Weak
Cross Character (New): Weak
Price at Cross: 6.268

1. Pre-Cross Pattern (15min):
EMA Distance Changes (%): ['0.100', '0.067', '0.027', '0.009']
EMA12 Changes (%): ['0.087', '0.051', '0.068', '0.065']
Price Changes (%): ['0.659', '-0.144', '0.160', '0.048']
Candle Analysis:
    Body Sizes (%): ['0.675', '0.112', '0.144', '0.048']
    Upper Shadows (%): ['0.000', '0.016', '0.000', '0.064']
    Lower Shadows (%): ['0.000', '0.240', '0.176', '0.000']
Volumes: [np.float64(11045.21), np.float64(8138.55), np.float64(2635.08), np.float64(2701.56)]
2025-05-10 02:30:50,471 - INFO - 
2. Post-Cross Movement (30min):
5min Price Changes (%): []
Maximum Change: 0.000% after 0 minutes
Candle Analysis:
    Body Sizes (%): []
    Upper Shadows (%): []
    Lower Shadows (%): []
Volumes: []
==================================================
2025-05-10 02:35:21,282 - INFO - 
==================================================
EMA Cross Analysis - LINK/USDT
Time: 2025-05-10 02:30:00+09:00
Type: golden
Cross Character (Current): Weak
Cross Character (New): Weak
Price at Cross: 15.987

1. Pre-Cross Pattern (15min):
EMA Distance Changes (%): ['0.115', '0.066', '0.023', '0.012']
EMA12 Changes (%): ['0.094', '0.078', '0.075', '0.063']
Price Changes (%): ['0.535', '-0.013', '0.056', '0.000']
Candle Analysis:
    Body Sizes (%): ['0.535', '0.006', '0.056', '0.006']
    Upper Shadows (%): ['0.000', '0.138', '0.038', '0.088']
    Lower Shadows (%): ['0.000', '0.169', '0.181', '0.219']
Volumes: [np.float64(77499.5), np.float64(122264.05), np.float64(61677.22), np.float64(69183.65)]
2025-05-10 02:35:21,282 - INFO - 
2. Post-Cross Movement (30min):
5min Price Changes (%): ['-0.069']
Maximum Change: -0.069% after 5 minutes
Candle Analysis:
    Body Sizes (%): ['0.069']
    Upper Shadows (%): ['0.019']
    Lower Shadows (%): ['0.000']
Volumes: [np.float64(2164.75)]
==================================================
2025-05-10 02:35:22,755 - INFO - 
==================================================
EMA Cross Analysis - DOGE/USDT
Time: 2025-05-10 02:30:00+09:00
Type: golden
Cross Character (Current): Weak
Cross Character (New): Weak
Price at Cross: 0.20468

1. Pre-Cross Pattern (15min):
EMA Distance Changes (%): ['0.124', '0.055', '0.001', '0.041']
EMA12 Changes (%): ['0.125', '0.117', '0.096', '0.081']
Price Changes (%): ['0.442', '0.073', '-0.020', '0.000']
Candle Analysis:
    Body Sizes (%): ['0.442', '0.068', '0.015', '0.005']
    Upper Shadows (%): ['0.044', '0.127', '0.103', '0.088']
    Lower Shadows (%): ['0.015', '0.186', '0.205', '0.254']
Volumes: [np.float64(54855791.0), np.float64(29904519.0), np.float64(14498718.0), np.float64(16080032.0)]
2025-05-10 02:35:22,755 - INFO - 
2. Post-Cross Movement (30min):
5min Price Changes (%): ['-0.064']
Maximum Change: -0.064% after 5 minutes
Candle Analysis:
    Body Sizes (%): ['0.059']
    Upper Shadows (%): ['0.024']
    Lower Shadows (%): ['0.005']
Volumes: [np.float64(1397570.0)]
==================================================
2025-05-10 02:35:23,224 - INFO - 
==================================================
EMA Cross Analysis - GALA/USDT
Time: 2025-05-10 02:30:00+09:00
Type: golden
Cross Character (Current): Weak
Cross Character (New): Weak
Price at Cross: 0.01929

1. Pre-Cross Pattern (15min):
EMA Distance Changes (%): ['0.161', '0.086', '0.014', '0.063']
EMA12 Changes (%): ['0.106', '0.122', '0.127', '0.148']
Price Changes (%): ['0.736', '0.209', '0.156', '0.260']
Candle Analysis:
    Body Sizes (%): ['0.736', '0.209', '0.104', '0.260']
    Upper Shadows (%): ['0.053', '0.261', '0.000', '0.052']
    Lower Shadows (%): ['0.053', '0.052', '0.312', '0.312']
Volumes: [np.float64(17282714.0), np.float64(23747490.0), np.float64(9790305.0), np.float64(19095004.0)]
2025-05-10 02:35:23,224 - INFO - 
2. Post-Cross Movement (30min):
5min Price Changes (%): ['-0.156']
Maximum Change: -0.156% after 5 minutes
Candle Analysis:
    Body Sizes (%): ['0.156']
    Upper Shadows (%): ['0.052']
    Lower Shadows (%): ['0.000']
Volumes: [np.float64(1814582.0)]
==================================================
2025-05-10 02:35:25,282 - INFO - 
==================================================
EMA Cross Analysis - XRP/USDT
Time: 2025-05-10 02:35:00+09:00
Type: golden
Cross Character (Current): Weak
Cross Character (New): Weak
Price at Cross: 2.353

1. Pre-Cross Pattern (15min):
EMA Distance Changes (%): ['0.109', '0.057', '0.019', '0.009']
EMA12 Changes (%): ['0.092', '0.085', '0.066', '0.052']
Price Changes (%): ['0.034', '0.042', '-0.038', '-0.021']
Candle Analysis:
    Body Sizes (%): ['0.034', '0.042', '0.038', '0.021']
    Upper Shadows (%): ['0.060', '0.013', '0.106', '0.055']
    Lower Shadows (%): ['0.196', '0.174', '0.149', '0.000']
Volumes: [np.float64(3365715.9), np.float64(1952438.4), np.float64(2493949.2), np.float64(99712.5)]
2025-05-10 02:35:25,282 - INFO - 
2. Post-Cross Movement (30min):
5min Price Changes (%): []
Maximum Change: 0.000% after 0 minutes
Candle Analysis:
    Body Sizes (%): []
    Upper Shadows (%): []
    Lower Shadows (%): []
Volumes: []
==================================================
2025-05-10 02:35:25,931 - INFO - 
==================================================
EMA Cross Analysis - RENDER/USDT
Time: 2025-05-10 02:30:00+09:00
Type: golden
Cross Character (Current): Weak
Cross Character (New): Weak
Price at Cross: 4.941

1. Pre-Cross Pattern (15min):
EMA Distance Changes (%): ['0.162', '0.109', '0.035', '0.029']
EMA12 Changes (%): ['0.102', '0.080', '0.127', '0.120']
Price Changes (%): ['0.552', '-0.041', '0.386', '0.081']
Candle Analysis:
    Body Sizes (%): ['0.531', '0.041', '0.366', '0.081']
    Upper Shadows (%): ['0.041', '0.163', '0.000', '0.142']
    Lower Shadows (%): ['0.000', '0.203', '0.305', '0.203']
Volumes: [np.float64(28161.7), np.float64(29825.4), np.float64(58011.5), np.float64(36457.5)]
2025-05-10 02:35:25,932 - INFO - 
2. Post-Cross Movement (30min):
5min Price Changes (%): ['-0.061']
Maximum Change: -0.061% after 5 minutes
Candle Analysis:
    Body Sizes (%): ['0.061']
    Upper Shadows (%): ['0.061']
    Lower Shadows (%): ['0.020']
Volumes: [np.float64(2127.1)]
==================================================
2025-05-10 02:35:28,188 - INFO - 
==================================================
EMA Cross Analysis - COW/USDT
Time: 2025-05-10 02:35:00+09:00
Type: golden
Cross Character (Current): Strong
Cross Character (New): Weak
Price at Cross: 0.3652

1. Pre-Cross Pattern (15min):
EMA Distance Changes (%): ['0.257', '0.149', '0.028', '0.056']
EMA12 Changes (%): ['0.174', '0.172', '0.214', '0.159']
Price Changes (%): ['0.387', '0.165', '0.439', '-0.137']
Candle Analysis:
    Body Sizes (%): ['0.387', '0.138', '0.439', '0.109']
    Upper Shadows (%): ['0.193', '0.028', '0.110', '0.027']
    Lower Shadows (%): ['0.028', '0.275', '0.055', '0.000']
Volumes: [np.float64(397286.0), np.float64(132273.0), np.float64(337223.0), np.float64(13984.0)]
2025-05-10 02:35:28,188 - INFO - 
2. Post-Cross Movement (30min):
5min Price Changes (%): []
Maximum Change: 0.000% after 0 minutes
Candle Analysis:
    Body Sizes (%): []
    Upper Shadows (%): []
    Lower Shadows (%): []
Volumes: []
==================================================
2025-05-10 02:35:28,621 - INFO - 
==================================================
EMA Cross Analysis - ONDOUSDT
Time: 2025-05-10 02:35:00+09:00
Type: golden
Cross Character (Current): Weak
Cross Character (New): Weak
Price at Cross: 1.0178

1. Pre-Cross Pattern (15min):
EMA Distance Changes (%): ['0.137', '0.067', '0.013', '0.025']
EMA12 Changes (%): ['0.109', '0.115', '0.096', '0.072']
Price Changes (%): ['0.207', '0.147', '-0.010', '-0.059']
Candle Analysis:
    Body Sizes (%): ['0.217', '0.147', '0.010', '0.059']
    Upper Shadows (%): ['0.207', '0.010', '0.137', '0.039']
    Lower Shadows (%): ['0.099', '0.236', '0.295', '0.029']
Volumes: [np.float64(893207.3), np.float64(430542.7), np.float64(443737.5), np.float64(39175.5)]
2025-05-10 02:35:28,621 - INFO - 
2. Post-Cross Movement (30min):
5min Price Changes (%): []
Maximum Change: 0.000% after 0 minutes
Candle Analysis:
    Body Sizes (%): []
    Upper Shadows (%): []
    Lower Shadows (%): []
Volumes: []
==================================================
2025-05-10 02:35:29,511 - INFO - 
==================================================
EMA Cross Analysis - VANA/USDT
Time: 2025-05-10 02:30:00+09:00
Type: golden
Cross Character (Current): Weak
Cross Character (New): Weak
Price at Cross: 6.275

1. Pre-Cross Pattern (15min):
EMA Distance Changes (%): ['0.100', '0.067', '0.027', '0.018']
EMA12 Changes (%): ['0.087', '0.051', '0.068', '0.082']
Price Changes (%): ['0.659', '-0.144', '0.160', '0.160']
Candle Analysis:
    Body Sizes (%): ['0.675', '0.112', '0.144', '0.160']
    Upper Shadows (%): ['0.000', '0.016', '0.000', '0.112']
    Lower Shadows (%): ['0.000', '0.240', '0.176', '0.112']
Volumes: [np.float64(11045.21), np.float64(8138.55), np.float64(2635.08), np.float64(12377.29)]
2025-05-10 02:35:29,511 - INFO - 
2. Post-Cross Movement (30min):
5min Price Changes (%): ['0.032']
Maximum Change: 0.032% after 5 minutes
Candle Analysis:
    Body Sizes (%): ['0.000']
    Upper Shadows (%): ['0.048']
    Lower Shadows (%): ['0.032']
Volumes: [np.float64(130.49)]
==================================================
2025-05-10 02:40:01,558 - INFO - 
==================================================
EMA Cross Analysis - BNB/USDT
Time: 2025-05-10 02:40:00+09:00
Type: golden
Cross Character (Current): Weak
Cross Character (New): Weak
Price at Cross: 635.72

1. Pre-Cross Pattern (15min):
EMA Distance Changes (%): ['0.029', '0.017', '0.006', '0.003']
EMA12 Changes (%): ['0.023', '0.020', '0.018', '0.017']
Price Changes (%): ['-0.031', '0.002', '0.008', '0.009']
Candle Analysis:
    Body Sizes (%): ['0.030', '0.000', '0.009', '0.009']
    Upper Shadows (%): ['0.006', '0.036', '0.072', '0.002']
    Lower Shadows (%): ['0.063', '0.061', '0.047', '0.000']
Volumes: [np.float64(1235.37), np.float64(865.95), np.float64(1660.94), np.float64(9.09)]
2025-05-10 02:40:01,559 - INFO - 
2. Post-Cross Movement (30min):
5min Price Changes (%): []
Maximum Change: 0.000% after 0 minutes
Candle Analysis:
    Body Sizes (%): []
    Upper Shadows (%): []
    Lower Shadows (%): []
Volumes: []
==================================================
2025-05-10 02:40:03,914 - INFO - 
==================================================
EMA Cross Analysis - SUI/USDT
Time: 2025-05-10 02:40:00+09:00
Type: golden
Cross Character (Current): Weak
Cross Character (New): Weak
Price at Cross: 3.9299

1. Pre-Cross Pattern (15min):
EMA Distance Changes (%): ['0.138', '0.065', '0.011', '0.034']
EMA12 Changes (%): ['0.106', '0.121', '0.097', '0.084']
Price Changes (%): ['0.071', '0.201', '-0.033', '0.013']
Candle Analysis:
    Body Sizes (%): ['0.071', '0.199', '0.036', '0.013']
    Upper Shadows (%): ['0.000', '0.054', '0.229', '0.000']
    Lower Shadows (%): ['0.255', '0.212', '0.059', '0.000']
Volumes: [np.float64(519997.0), np.float64(730329.6), np.float64(1003840.4), np.float64(1507.4)]
2025-05-10 02:40:03,914 - INFO - 
2. Post-Cross Movement (30min):
5min Price Changes (%): []
Maximum Change: 0.000% after 0 minutes
Candle Analysis:
    Body Sizes (%): []
    Upper Shadows (%): []
    Lower Shadows (%): []
Volumes: []
==================================================
2025-05-10 02:40:04,994 - INFO - 
==================================================
EMA Cross Analysis - COW/USDT
Time: 2025-05-10 02:35:00+09:00
Type: golden
Cross Character (Current): Strong
Cross Character (New): Weak
Price at Cross: 0.3661

1. Pre-Cross Pattern (15min):
EMA Distance Changes (%): ['0.257', '0.149', '0.028', '0.075']
EMA12 Changes (%): ['0.174', '0.172', '0.214', '0.198']
Price Changes (%): ['0.387', '0.165', '0.439', '0.109']
Candle Analysis:
    Body Sizes (%): ['0.387', '0.138', '0.439', '0.137']
    Upper Shadows (%): ['0.193', '0.028', '0.110', '0.246']
    Lower Shadows (%): ['0.028', '0.275', '0.055', '0.137']
Volumes: [np.float64(397286.0), np.float64(132273.0), np.float64(337223.0), np.float64(258164.0)]
2025-05-10 02:40:04,995 - INFO - 
2. Post-Cross Movement (30min):
5min Price Changes (%): ['0.027']
Maximum Change: 0.027% after 5 minutes
Candle Analysis:
    Body Sizes (%): ['0.027']
    Upper Shadows (%): ['0.000']
    Lower Shadows (%): ['0.000']
Volumes: [np.float64(2879.0)]
==================================================
2025-05-10 02:40:05,430 - INFO - 
==================================================
EMA Cross Analysis - ONDOUSDT
Time: 2025-05-10 02:35:00+09:00
Type: golden
Cross Character (Current): Weak
Cross Character (New): Weak
Price at Cross: 1.017

1. Pre-Cross Pattern (15min):
EMA Distance Changes (%): ['0.137', '0.067', '0.013', '0.019']
EMA12 Changes (%): ['0.109', '0.115', '0.096', '0.060']
Price Changes (%): ['0.207', '0.147', '-0.010', '-0.137']
Candle Analysis:
    Body Sizes (%): ['0.217', '0.147', '0.010', '0.137']
    Upper Shadows (%): ['0.207', '0.010', '0.137', '0.137']
    Lower Shadows (%): ['0.099', '0.236', '0.295', '0.029']
Volumes: [np.float64(893207.3), np.float64(430542.7), np.float64(443737.5), np.float64(408197.8)]
2025-05-10 02:40:05,431 - INFO - 
2. Post-Cross Movement (30min):
5min Price Changes (%): ['0.020']
Maximum Change: 0.020% after 5 minutes
Candle Analysis:
    Body Sizes (%): ['0.020']
    Upper Shadows (%): ['0.010']
    Lower Shadows (%): ['0.000']
Volumes: [np.float64(3363.5)]
==================================================
2025-05-10 02:41:13,079 - INFO - 
==================================================
EMA Cross Analysis - ARPA/USDT
Time: 2025-05-10 02:40:00+09:00
Type: golden
Cross Character (Current): Weak
Cross Character (New): Weak
Price at Cross: 0.02684

1. Pre-Cross Pattern (15min):
EMA Distance Changes (%): ['0.071', '0.041', '0.008', '0.021']
EMA12 Changes (%): ['0.029', '0.048', '0.058', '0.055']
Price Changes (%): ['-0.075', '0.149', '0.112', '0.037']
Candle Analysis:
    Body Sizes (%): ['0.075', '0.112', '0.112', '0.037']
    Upper Shadows (%): ['0.075', '0.112', '0.075', '0.037']
    Lower Shadows (%): ['0.112', '0.037', '0.037', '0.075']
Volumes: [np.float64(311276.0), np.float64(696210.0), np.float64(376465.0), np.float64(138014.0)]
2025-05-10 02:41:13,079 - INFO - 
2. Post-Cross Movement (30min):
5min Price Changes (%): []
Maximum Change: 0.000% after 0 minutes
Candle Analysis:
    Body Sizes (%): []
    Upper Shadows (%): []
    Lower Shadows (%): []
Volumes: []
==================================================
2025-05-10 02:41:13,515 - INFO - 
==================================================
EMA Cross Analysis - XRP/USDT
Time: 2025-05-10 02:35:00+09:00
Type: golden
Cross Character (Current): Weak
Cross Character (New): Weak
Price at Cross: 2.3572

1. Pre-Cross Pattern (15min):
EMA Distance Changes (%): ['0.109', '0.057', '0.019', '0.023']
EMA12 Changes (%): ['0.092', '0.085', '0.066', '0.080']
Price Changes (%): ['0.034', '0.042', '-0.038', '0.157']
Candle Analysis:
    Body Sizes (%): ['0.034', '0.042', '0.038', '0.157']
    Upper Shadows (%): ['0.060', '0.013', '0.106', '0.170']
    Lower Shadows (%): ['0.196', '0.174', '0.149', '0.021']
Volumes: [np.float64(3365715.9), np.float64(1952438.4), np.float64(2493949.2), np.float64(4359151.0)]
2025-05-10 02:41:13,515 - INFO - 
2. Post-Cross Movement (30min):
5min Price Changes (%): ['0.055']
Maximum Change: 0.055% after 5 minutes
Candle Analysis:
    Body Sizes (%): ['0.055']
    Upper Shadows (%): ['0.038']
    Lower Shadows (%): ['0.081']
Volumes: [np.float64(478963.2)]
==================================================
2025-05-10 02:45:47,037 - INFO - 
==================================================
EMA Cross Analysis - POL/USDT
Time: 2025-05-10 02:45:00+09:00
Type: golden
Cross Character (Current): Weak
Cross Character (New): Weak
Price at Cross: 0.25309

1. Pre-Cross Pattern (15min):
EMA Distance Changes (%): ['0.059', '0.033', '0.009', '0.016']
EMA12 Changes (%): ['0.020', '0.042', '0.043', '0.046']
Price Changes (%): ['-0.119', '0.158', '0.051', '0.059']
Candle Analysis:
    Body Sizes (%): ['0.123', '0.151', '0.051', '0.075']
    Upper Shadows (%): ['0.079', '0.151', '0.059', '0.000']
    Lower Shadows (%): ['0.202', '0.075', '0.051', '0.016']
Volumes: [np.float64(395765.0), np.float64(354896.0), np.float64(141031.0), np.float64(12013.0)]
2025-05-10 02:45:47,037 - INFO - 
2. Post-Cross Movement (30min):
5min Price Changes (%): []
Maximum Change: 0.000% after 0 minutes
Candle Analysis:
    Body Sizes (%): []
    Upper Shadows (%): []
    Lower Shadows (%): []
Volumes: []
==================================================
2025-05-10 02:45:49,094 - INFO - 
==================================================
EMA Cross Analysis - GRASS/USDT
Time: 2025-05-10 02:40:00+09:00
Type: golden
Cross Character (Current): Weak
Cross Character (New): Weak
Price at Cross: 1.5974

1. Pre-Cross Pattern (15min):
EMA Distance Changes (%): ['0.139', '0.079', '0.035', '0.031']
EMA12 Changes (%): ['0.149', '0.097', '0.073', '0.123']
Price Changes (%): ['0.536', '-0.188', '-0.057', '0.396']
Candle Analysis:
    Body Sizes (%): ['0.536', '0.182', '0.069', '0.402']
    Upper Shadows (%): ['0.000', '0.150', '0.226', '0.157']
    Lower Shadows (%): ['0.006', '0.094', '0.038', '0.289']
Volumes: [np.float64(30344.6), np.float64(19982.3), np.float64(9456.4), np.float64(115628.0)]
2025-05-10 02:45:49,095 - INFO - 
2. Post-Cross Movement (30min):
5min Price Changes (%): ['-0.063']
Maximum Change: -0.063% after 5 minutes
Candle Analysis:
    Body Sizes (%): ['0.050']
    Upper Shadows (%): ['0.138']
    Lower Shadows (%): ['0.269']
Volumes: [np.float64(34353.6)]
==================================================
2025-05-10 02:45:49,750 - INFO - 
==================================================
EMA Cross Analysis - BNB/USDT
Time: 2025-05-10 02:40:00+09:00
Type: golden
Cross Character (Current): Weak
Cross Character (New): Weak
Price at Cross: 635.64

1. Pre-Cross Pattern (15min):
EMA Distance Changes (%): ['0.029', '0.017', '0.006', '0.002']
EMA12 Changes (%): ['0.023', '0.020', '0.018', '0.015']
Price Changes (%): ['-0.031', '0.002', '0.008', '-0.003']
Candle Analysis:
    Body Sizes (%): ['0.030', '0.000', '0.009', '0.003']
    Upper Shadows (%): ['0.006', '0.036', '0.072', '0.053']
    Lower Shadows (%): ['0.063', '0.061', '0.047', '0.022']
Volumes: [np.float64(1235.37), np.float64(865.95), np.float64(1660.94), np.float64(995.97)]
2025-05-10 02:45:49,750 - INFO - 
2. Post-Cross Movement (30min):
5min Price Changes (%): ['0.044']
Maximum Change: 0.044% after 5 minutes
Candle Analysis:
    Body Sizes (%): ['0.047']
    Upper Shadows (%): ['0.002']
    Lower Shadows (%): ['0.002']
Volumes: [np.float64(81.14)]
==================================================
2025-05-10 02:45:50,189 - INFO - 
==================================================
EMA Cross Analysis - ARPA/USDT
Time: 2025-05-10 02:40:00+09:00
Type: golden
Cross Character (Current): Weak
Cross Character (New): Weak
Price at Cross: 0.02682

1. Pre-Cross Pattern (15min):
EMA Distance Changes (%): ['0.071', '0.041', '0.008', '0.015']
EMA12 Changes (%): ['0.029', '0.048', '0.058', '0.043']
Price Changes (%): ['-0.075', '0.149', '0.112', '-0.037']
Candle Analysis:
    Body Sizes (%): ['0.075', '0.112', '0.112', '0.037']
    Upper Shadows (%): ['0.075', '0.112', '0.075', '0.075']
    Lower Shadows (%): ['0.112', '0.037', '0.037', '0.037']
Volumes: [np.float64(311276.0), np.float64(696210.0), np.float64(376465.0), np.float64(255006.0)]
2025-05-10 02:45:50,189 - INFO - 
2. Post-Cross Movement (30min):
5min Price Changes (%): ['0.000']
Maximum Change: 0.000% after 0 minutes
Candle Analysis:
    Body Sizes (%): ['0.037']
    Upper Shadows (%): ['0.000']
    Lower Shadows (%): ['0.000']
Volumes: [np.float64(2230.0)]
==================================================
2025-05-10 02:45:52,352 - INFO - 
==================================================
EMA Cross Analysis - SUI/USDT
Time: 2025-05-10 02:40:00+09:00
Type: golden
Cross Character (Current): Weak
Cross Character (New): Weak
Price at Cross: 3.9134

1. Pre-Cross Pattern (15min):
EMA Distance Changes (%): ['0.138', '0.065', '0.011', '0.000']
EMA12 Changes (%): ['0.106', '0.121', '0.097', '0.019']
Price Changes (%): ['0.071', '0.201', '-0.033', '-0.407']
Candle Analysis:
    Body Sizes (%): ['0.071', '0.199', '0.036', '0.407']
    Upper Shadows (%): ['0.000', '0.054', '0.229', '0.048']
    Lower Shadows (%): ['0.255', '0.212', '0.059', '0.000']
Volumes: [np.float64(519997.0), np.float64(730329.6), np.float64(1003840.4), np.float64(817728.7)]
2025-05-10 02:45:52,352 - INFO - 
2. Post-Cross Movement (30min):
5min Price Changes (%): ['0.095']
Maximum Change: 0.095% after 5 minutes
Candle Analysis:
    Body Sizes (%): ['0.097']
    Upper Shadows (%): ['0.146']
    Lower Shadows (%): ['0.013']
Volumes: [np.float64(133415.4)]
==================================================
2025-05-10 02:45:55,063 - INFO - 
==================================================
EMA Cross Analysis - MELANIA/USDT
Time: 2025-05-10 02:45:00+09:00
Type: golden
Cross Character (Current): Weak
Cross Character (New): Weak
Price at Cross: 0.3756

1. Pre-Cross Pattern (15min):
EMA Distance Changes (%): ['0.073', '0.049', '0.014', '0.024']
EMA12 Changes (%): ['0.087', '0.037', '0.060', '0.071']
Price Changes (%): ['-0.106', '-0.240', '0.187', '0.133']
Candle Analysis:
    Body Sizes (%): ['0.106', '0.266', '0.187', '0.160']
    Upper Shadows (%): ['0.240', '0.266', '0.347', '0.053']
    Lower Shadows (%): ['0.133', '0.027', '0.027', '0.027']
Volumes: [np.float64(124662.56), np.float64(93436.14), np.float64(48006.51), np.float64(24250.4)]
2025-05-10 02:45:55,063 - INFO - 
2. Post-Cross Movement (30min):
5min Price Changes (%): []
Maximum Change: 0.000% after 0 minutes
Candle Analysis:
    Body Sizes (%): []
    Upper Shadows (%): []
    Lower Shadows (%): []
Volumes: []
==================================================
2025-05-10 02:50:23,590 - INFO - 
==================================================
EMA Cross Analysis - HIPPO/USDT
Time: 2025-05-10 02:50:00+09:00
Type: golden
Cross Character (Current): Strong
Cross Character (New): Weak
Price at Cross: 0.003049

1. Pre-Cross Pattern (15min):
EMA Distance Changes (%): ['0.425', '0.276', '0.061', '0.109']
EMA12 Changes (%): ['0.209', '0.228', '0.379', '0.324']
Price Changes (%): ['0.975', '0.333', '1.195', '0.033']
Candle Analysis:
    Body Sizes (%): ['0.941', '0.333', '1.195', '0.033']
    Upper Shadows (%): ['0.336', '0.233', '0.498', '0.066']
    Lower Shadows (%): ['0.235', '0.200', '0.000', '0.000']
Volumes: [np.float64(40337203.0), np.float64(21846346.0), np.float64(63526522.0), np.float64(339092.0)]
2025-05-10 02:50:23,590 - INFO - 
2. Post-Cross Movement (30min):
5min Price Changes (%): []
Maximum Change: 0.000% after 0 minutes
Candle Analysis:
    Body Sizes (%): []
    Upper Shadows (%): []
    Lower Shadows (%): []
Volumes: []
==================================================
2025-05-10 02:50:24,917 - INFO - 
==================================================
EMA Cross Analysis - POL/USDT
Time: 2025-05-10 02:45:00+09:00
Type: golden
Cross Character (Current): Weak
Cross Character (New): Weak
Price at Cross: 0.25392

1. Pre-Cross Pattern (15min):
EMA Distance Changes (%): ['0.059', '0.033', '0.009', '0.042']
EMA12 Changes (%): ['0.020', '0.042', '0.043', '0.096']
Price Changes (%): ['-0.119', '0.158', '0.051', '0.387']
Candle Analysis:
    Body Sizes (%): ['0.123', '0.151', '0.051', '0.403']
    Upper Shadows (%): ['0.079', '0.151', '0.059', '0.040']
    Lower Shadows (%): ['0.202', '0.075', '0.051', '0.016']
Volumes: [np.float64(395765.0), np.float64(354896.0), np.float64(141031.0), np.float64(1212210.0)]
2025-05-10 02:50:24,918 - INFO - 
2. Post-Cross Movement (30min):
5min Price Changes (%): ['-0.075']
Maximum Change: -0.075% after 5 minutes
Candle Analysis:
    Body Sizes (%): ['0.075']
    Upper Shadows (%): ['0.000']
    Lower Shadows (%): ['0.000']
Volumes: [np.float64(9033.0)]
==================================================
2025-05-10 02:50:26,222 - INFO - 
==================================================
EMA Cross Analysis - XLM/USDT
Time: 2025-05-10 02:45:00+09:00
Type: golden
Cross Character (Current): Weak
Cross Character (New): Weak
Price at Cross: 0.29746

1. Pre-Cross Pattern (15min):
EMA Distance Changes (%): ['0.073', '0.051', '0.028', '0.024']
EMA12 Changes (%): ['0.034', '0.033', '0.037', '0.097']
Price Changes (%): ['-0.024', '0.024', '0.061', '0.425']
Candle Analysis:
    Body Sizes (%): ['0.027', '0.020', '0.054', '0.422']
    Upper Shadows (%): ['0.115', '0.172', '0.155', '0.098']
    Lower Shadows (%): ['0.142', '0.061', '0.128', '0.014']
Volumes: [np.float64(727216.0), np.float64(781713.0), np.float64(771201.0), np.float64(1509159.0)]
2025-05-10 02:50:26,223 - INFO - 
2. Post-Cross Movement (30min):
5min Price Changes (%): ['-0.044']
Maximum Change: -0.044% after 5 minutes
Candle Analysis:
    Body Sizes (%): ['0.047']
    Upper Shadows (%): ['0.007']
    Lower Shadows (%): ['0.074']
Volumes: [np.float64(123390.0)]
==================================================
2025-05-10 02:50:27,314 - INFO - 
==================================================
EMA Cross Analysis - ZRO/USDT
Time: 2025-05-10 02:50:00+09:00
Type: golden
Cross Character (Current): Weak
Cross Character (New): Weak
Price at Cross: 2.933

1. Pre-Cross Pattern (15min):
EMA Distance Changes (%): ['0.175', '0.123', '0.040', '0.025']
EMA12 Changes (%): ['0.063', '0.075', '0.143', '0.120']
Price Changes (%): ['0.079', '0.141', '0.517', '-0.007']
Candle Analysis:
    Body Sizes (%): ['0.117', '0.154', '0.528', '0.031']
    Upper Shadows (%): ['0.117', '0.137', '0.093', '0.044']
    Lower Shadows (%): ['0.110', '0.148', '0.007', '0.010']
Volumes: [np.float64(30294.4), np.float64(14578.9), np.float64(32196.4), np.float64(2377.2)]
2025-05-10 02:50:27,314 - INFO - 
2. Post-Cross Movement (30min):
5min Price Changes (%): []
Maximum Change: 0.000% after 0 minutes
Candle Analysis:
    Body Sizes (%): []
    Upper Shadows (%): []
    Lower Shadows (%): []
Volumes: []
==================================================
2025-05-10 02:50:31,865 - INFO - 
==================================================
EMA Cross Analysis - ZEN/USDT
Time: 2025-05-10 02:45:00+09:00
Type: golden
Cross Character (Current): Weak
Cross Character (New): Weak
Price at Cross: 9.878

1. Pre-Cross Pattern (15min):
EMA Distance Changes (%): ['0.027', '0.015', '0.007', '0.022']
EMA12 Changes (%): ['-0.006', '0.020', '0.012', '0.056']
Price Changes (%): ['0.081', '0.163', '-0.030', '0.294']
Candle Analysis:
    Body Sizes (%): ['0.051', '0.152', '0.030', '0.315']
    Upper Shadows (%): ['0.020', '0.061', '0.193', '0.244']
    Lower Shadows (%): ['0.275', '0.061', '0.071', '0.000']
Volumes: [np.float64(4107.8), np.float64(3131.7), np.float64(2459.5), np.float64(3006.5)]
2025-05-10 02:50:31,865 - INFO - 
2. Post-Cross Movement (30min):
5min Price Changes (%): ['0.111']
Maximum Change: 0.111% after 5 minutes
Candle Analysis:
    Body Sizes (%): ['0.071']
    Upper Shadows (%): ['0.010']
    Lower Shadows (%): ['0.000']
Volumes: [np.float64(447.4)]
==================================================
2025-05-10 02:50:33,123 - INFO - 
==================================================
EMA Cross Analysis - MELANIA/USDT
Time: 2025-05-10 02:45:00+09:00
Type: golden
Cross Character (Current): Weak
Cross Character (New): Weak
Price at Cross: 0.3765

1. Pre-Cross Pattern (15min):
EMA Distance Changes (%): ['0.073', '0.049', '0.014', '0.043']
EMA12 Changes (%): ['0.087', '0.037', '0.060', '0.108']
Price Changes (%): ['-0.106', '-0.240', '0.187', '0.373']
Candle Analysis:
    Body Sizes (%): ['0.106', '0.266', '0.187', '0.400']
    Upper Shadows (%): ['0.240', '0.266', '0.347', '0.400']
    Lower Shadows (%): ['0.133', '0.027', '0.027', '0.027']
Volumes: [np.float64(124662.56), np.float64(93436.14), np.float64(48006.51), np.float64(257022.4)]
2025-05-10 02:50:33,123 - INFO - 
2. Post-Cross Movement (30min):
5min Price Changes (%): ['0.080']
Maximum Change: 0.080% after 5 minutes
Candle Analysis:
    Body Sizes (%): ['0.053']
    Upper Shadows (%): ['0.000']
    Lower Shadows (%): ['0.000']
Volumes: [np.float64(14132.09)]
==================================================
2025-05-10 02:55:03,938 - INFO - 
==================================================
EMA Cross Analysis - ZRO/USDT
Time: 2025-05-10 02:50:00+09:00
Type: golden
Cross Character (Current): Weak
Cross Character (New): Weak
Price at Cross: 2.9336

1. Pre-Cross Pattern (15min):
EMA Distance Changes (%): ['0.175', '0.123', '0.040', '0.027']
EMA12 Changes (%): ['0.063', '0.075', '0.143', '0.123']
Price Changes (%): ['0.079', '0.141', '0.517', '0.014']
Candle Analysis:
    Body Sizes (%): ['0.117', '0.154', '0.528', '0.010']
    Upper Shadows (%): ['0.117', '0.137', '0.093', '0.130']
    Lower Shadows (%): ['0.110', '0.148', '0.007', '0.361']
Volumes: [np.float64(30294.4), np.float64(14578.9), np.float64(32196.4), np.float64(43070.3)]
2025-05-10 02:55:03,939 - INFO - 
2. Post-Cross Movement (30min):
5min Price Changes (%): ['-0.082']
Maximum Change: -0.082% after 5 minutes
Candle Analysis:
    Body Sizes (%): ['0.082']
    Upper Shadows (%): ['0.000']
    Lower Shadows (%): ['0.000']
Volumes: [np.float64(1662.7)]
==================================================
2025-05-10 02:55:08,877 - INFO - 
==================================================
EMA Cross Analysis - 1000PEPE/USDT
Time: 2025-05-10 02:55:00+09:00
Type: golden
Cross Character (Current): Strong
Cross Character (New): Weak
Price at Cross: 0.0124192

1. Pre-Cross Pattern (15min):
EMA Distance Changes (%): ['0.277', '0.142', '0.051', '0.018']
EMA12 Changes (%): ['0.069', '0.218', '0.157', '0.127']
Price Changes (%): ['-0.042', '1.032', '-0.171', '-0.036']
Candle Analysis:
    Body Sizes (%): ['0.048', '1.040', '0.170', '0.035']
    Upper Shadows (%): ['0.349', '0.284', '0.082', '0.000']
    Lower Shadows (%): ['0.114', '0.011', '0.664', '0.008']
Volumes: [np.float64(413316394.0), np.float64(919527179.0), np.float64(687928434.0), np.float64(4570315.0)]
2025-05-10 02:55:08,877 - INFO - 
2. Post-Cross Movement (30min):
5min Price Changes (%): []
Maximum Change: 0.000% after 0 minutes
Candle Analysis:
    Body Sizes (%): []
    Upper Shadows (%): []
    Lower Shadows (%): []
Volumes: []
==================================================
2025-05-10 02:56:11,237 - INFO - 
==================================================
EMA Cross Analysis - HIPPO/USDT
Time: 2025-05-10 02:50:00+09:00
Type: golden
Cross Character (Current): Strong
Cross Character (New): Weak
Price at Cross: 0.003058

1. Pre-Cross Pattern (15min):
EMA Distance Changes (%): ['0.425', '0.276', '0.061', '0.132']
EMA12 Changes (%): ['0.209', '0.228', '0.379', '0.371']
Price Changes (%): ['0.975', '0.333', '1.195', '0.328']
Candle Analysis:
    Body Sizes (%): ['0.941', '0.333', '1.195', '0.262']
    Upper Shadows (%): ['0.336', '0.233', '0.498', '0.557']
    Lower Shadows (%): ['0.235', '0.200', '0.000', '0.230']
Volumes: [np.float64(40337203.0), np.float64(21846346.0), np.float64(63526522.0), np.float64(31316445.0)]
2025-05-10 02:56:11,238 - INFO - 
2. Post-Cross Movement (30min):
5min Price Changes (%): ['-0.360']
Maximum Change: -0.360% after 5 minutes
Candle Analysis:
    Body Sizes (%): ['0.360']
    Upper Shadows (%): ['0.131']
    Lower Shadows (%): ['0.425']
Volumes: [np.float64(16696390.0)]
==================================================
2025-05-10 03:00:45,586 - INFO - 
==================================================
EMA Cross Analysis - BOME/USDT
Time: 2025-05-10 02:55:00+09:00
Type: golden
Cross Character (Current): Weak
Cross Character (New): Weak
Price at Cross: 0.001975

1. Pre-Cross Pattern (15min):
EMA Distance Changes (%): ['0.309', '0.252', '0.127', '0.023']
EMA12 Changes (%): ['-0.039', '0.062', '0.203', '0.275']
Price Changes (%): ['-0.103', '0.621', '0.978', '0.663']
Candle Analysis:
    Body Sizes (%): ['0.103', '0.674', '0.926', '0.663']
    Upper Shadows (%): ['0.569', '0.311', '0.051', '0.153']
    Lower Shadows (%): ['0.052', '0.000', '0.154', '0.051']
Volumes: [np.float64(142916060.0), np.float64(76388005.0), np.float64(129669973.0), np.float64(137131349.0)]
2025-05-10 03:00:45,587 - INFO - 
2. Post-Cross Movement (30min):
5min Price Changes (%): ['-0.304']
Maximum Change: -0.304% after 5 minutes
Candle Analysis:
    Body Sizes (%): ['0.253']
    Upper Shadows (%): ['0.101']
    Lower Shadows (%): ['0.101']
Volumes: [np.float64(32500905.0)]
==================================================
2025-05-10 03:00:47,345 - INFO - 
==================================================
EMA Cross Analysis - 1000PEPE/USDT
Time: 2025-05-10 02:55:00+09:00
Type: golden
Cross Character (Current): Strong
Cross Character (New): Weak
Price at Cross: 0.0124648

1. Pre-Cross Pattern (15min):
EMA Distance Changes (%): ['0.277', '0.142', '0.051', '0.047']
EMA12 Changes (%): ['0.069', '0.218', '0.157', '0.184']
Price Changes (%): ['-0.042', '1.032', '-0.171', '0.331']
Candle Analysis:
    Body Sizes (%): ['0.048', '1.040', '0.170', '0.332']
    Upper Shadows (%): ['0.349', '0.284', '0.082', '0.233']
    Lower Shadows (%): ['0.114', '0.011', '0.664', '0.072']
Volumes: [np.float64(413316394.0), np.float64(919527179.0), np.float64(687928434.0), np.float64(509232086.0)]
2025-05-10 03:00:47,345 - INFO - 
2. Post-Cross Movement (30min):
5min Price Changes (%): ['0.061']
Maximum Change: 0.061% after 5 minutes
Candle Analysis:
    Body Sizes (%): ['0.062']
    Upper Shadows (%): ['0.113']
    Lower Shadows (%): ['0.079']
Volumes: [np.float64(104296097.0)]
==================================================
2025-05-10 03:10:05,882 - INFO - 
==================================================
EMA Cross Analysis - SUI/USDT
Time: 2025-05-10 03:10:00+09:00
Type: dead
Cross Character (Current): Weak
Cross Character (New): Weak
Price at Cross: 3.901

1. Pre-Cross Pattern (15min):
EMA Distance Changes (%): ['0.090', '0.051', '0.021', '0.004']
EMA12 Changes (%): ['0.035', '-0.063', '-0.051', '-0.045']
Price Changes (%): ['-0.046', '-0.601', '0.013', '-0.008']
Candle Analysis:
    Body Sizes (%): ['0.046', '0.599', '0.003', '0.010']
    Upper Shadows (%): ['0.046', '0.064', '0.210', '0.005']
    Lower Shadows (%): ['0.227', '0.046', '0.028', '0.000']
Volumes: [np.float64(582569.1), np.float64(1434737.0), np.float64(696948.8), np.float64(3020.0)]
2025-05-10 03:10:05,882 - INFO - 
2. Post-Cross Movement (30min):
5min Price Changes (%): []
Maximum Change: 0.000% after 0 minutes
Candle Analysis:
    Body Sizes (%): []
    Upper Shadows (%): []
    Lower Shadows (%): []
Volumes: []
==================================================
2025-05-10 03:15:52,250 - INFO - 
==================================================
EMA Cross Analysis - SUI/USDT
Time: 2025-05-10 03:15:00+09:00
Type: dead
Cross Character (Current): Weak
Cross Character (New): Weak
Price at Cross: 3.9041

1. Pre-Cross Pattern (15min):
EMA Distance Changes (%): ['0.051', '0.021', '0.001', '0.014']
EMA12 Changes (%): ['-0.063', '-0.051', '-0.036', '-0.027']
Price Changes (%): ['-0.601', '0.013', '0.049', '0.023']
Candle Analysis:
    Body Sizes (%): ['0.599', '0.003', '0.046', '0.023']
    Upper Shadows (%): ['0.064', '0.210', '0.177', '0.108']
    Lower Shadows (%): ['0.046', '0.028', '0.195', '0.064']
Volumes: [np.float64(1434737.0), np.float64(696948.8), np.float64(675857.2), np.float64(66927.9)]
2025-05-10 03:15:52,250 - INFO - 
2. Post-Cross Movement (30min):
5min Price Changes (%): []
Maximum Change: 0.000% after 0 minutes
Candle Analysis:
    Body Sizes (%): []
    Upper Shadows (%): []
    Lower Shadows (%): []
Volumes: []
==================================================
2025-05-10 03:20:29,439 - INFO - 
==================================================
EMA Cross Analysis - SUI/USDT
Time: 2025-05-10 03:15:00+09:00
Type: dead
Cross Character (Current): Weak
Cross Character (New): Weak
Price at Cross: 3.9025

1. Pre-Cross Pattern (15min):
EMA Distance Changes (%): ['0.051', '0.021', '0.001', '0.017']
EMA12 Changes (%): ['-0.063', '-0.051', '-0.036', '-0.033']
Price Changes (%): ['-0.601', '0.013', '0.049', '-0.018']
Candle Analysis:
    Body Sizes (%): ['0.599', '0.003', '0.046', '0.018']
    Upper Shadows (%): ['0.064', '0.210', '0.177', '0.146']
    Lower Shadows (%): ['0.046', '0.028', '0.195', '0.410']
Volumes: [np.float64(1434737.0), np.float64(696948.8), np.float64(675857.2), np.float64(647579.0)]
2025-05-10 03:20:29,439 - INFO - 
2. Post-Cross Movement (30min):
5min Price Changes (%): ['0.028']
Maximum Change: 0.028% after 5 minutes
Candle Analysis:
    Body Sizes (%): ['0.026']
    Upper Shadows (%): ['0.046']
    Lower Shadows (%): ['0.031']
Volumes: [np.float64(58905.2)]
==================================================
2025-05-10 03:20:30,762 - INFO - 
==================================================
EMA Cross Analysis - ZEN/USDT
Time: 2025-05-10 03:20:00+09:00
Type: dead
Cross Character (Current): Weak
Cross Character (New): Weak
Price at Cross: 9.831

1. Pre-Cross Pattern (15min):
EMA Distance Changes (%): ['0.045', '0.022', '0.002', '0.012']
EMA12 Changes (%): ['-0.044', '-0.039', '-0.034', '-0.027']
Price Changes (%): ['-0.162', '-0.010', '-0.010', '0.010']
Candle Analysis:
    Body Sizes (%): ['0.162', '0.010', '0.010', '0.010']
    Upper Shadows (%): ['0.264', '0.153', '0.132', '0.010']
    Lower Shadows (%): ['0.000', '0.102', '0.356', '0.061']
Volumes: [np.float64(2466.3), np.float64(1217.5), np.float64(3513.4), np.float64(182.2)]
2025-05-10 03:20:30,762 - INFO - 
2. Post-Cross Movement (30min):
5min Price Changes (%): []
Maximum Change: 0.000% after 0 minutes
Candle Analysis:
    Body Sizes (%): []
    Upper Shadows (%): []
    Lower Shadows (%): []
Volumes: []
==================================================
2025-05-10 03:25:06,285 - INFO - 
==================================================
EMA Cross Analysis - ZEN/USDT
Time: 2025-05-10 03:20:00+09:00
Type: dead
Cross Character (Current): Weak
Cross Character (New): Weak
Price at Cross: 9.823

1. Pre-Cross Pattern (15min):
EMA Distance Changes (%): ['0.045', '0.022', '0.002', '0.019']
EMA12 Changes (%): ['-0.044', '-0.039', '-0.034', '-0.040']
Price Changes (%): ['-0.162', '-0.010', '-0.010', '-0.071']
Candle Analysis:
    Body Sizes (%): ['0.162', '0.010', '0.010', '0.092']
    Upper Shadows (%): ['0.264', '0.153', '0.132', '0.193']
    Lower Shadows (%): ['0.000', '0.102', '0.356', '0.010']
Volumes: [np.float64(2466.3), np.float64(1217.5), np.float64(3513.4), np.float64(2243.7)]
2025-05-10 03:25:06,285 - INFO - 
2. Post-Cross Movement (30min):
5min Price Changes (%): ['-0.020']
Maximum Change: -0.020% after 5 minutes
Candle Analysis:
    Body Sizes (%): ['0.000']
    Upper Shadows (%): ['0.000']
    Lower Shadows (%): ['0.000']
Volumes: [np.float64(4.0)]
==================================================
2025-05-10 03:25:07,371 - INFO - 
==================================================
EMA Cross Analysis - VANA/USDT
Time: 2025-05-10 03:20:00+09:00
Type: dead
Cross Character (Current): Weak
Cross Character (New): Weak
Price at Cross: 6.229

1. Pre-Cross Pattern (15min):
EMA Distance Changes (%): ['0.105', '0.079', '0.035', '0.003']
EMA12 Changes (%): ['-0.016', '-0.035', '-0.074', '-0.068']
Price Changes (%): ['0.064', '-0.144', '-0.288', '-0.032']
Candle Analysis:
    Body Sizes (%): ['0.048', '0.128', '0.256', '0.048']
    Upper Shadows (%): ['0.320', '0.064', '0.080', '0.096']
    Lower Shadows (%): ['0.000', '0.064', '0.304', '0.064']
Volumes: [np.float64(4666.53), np.float64(2591.56), np.float64(6296.38), np.float64(4060.71)]
2025-05-10 03:25:07,372 - INFO - 
2. Post-Cross Movement (30min):
5min Price Changes (%): ['-0.064']
Maximum Change: -0.064% after 5 minutes
Candle Analysis:
    Body Sizes (%): ['0.064']
    Upper Shadows (%): ['0.000']
    Lower Shadows (%): ['0.000']
Volumes: [np.float64(30.28)]
==================================================
2025-05-10 03:30:47,425 - INFO - 
==================================================
EMA Cross Analysis - ORDI/USDT
Time: 2025-05-10 03:30:00+09:00
Type: dead
Cross Character (Current): Weak
Cross Character (New): Weak
Price at Cross: 9.106

1. Pre-Cross Pattern (15min):
EMA Distance Changes (%): ['0.178', '0.086', '0.021', '0.034']
EMA12 Changes (%): ['-0.112', '-0.151', '-0.112', '-0.103']
Price Changes (%): ['-0.436', '-0.372', '0.110', '-0.055']
Candle Analysis:
    Body Sizes (%): ['0.436', '0.361', '0.121', '0.055']
    Upper Shadows (%): ['0.229', '0.186', '0.187', '0.198']
    Lower Shadows (%): ['0.272', '0.000', '0.066', '0.011']
Volumes: [np.float64(49481.6), np.float64(40545.3), np.float64(20611.1), np.float64(7168.2)]
2025-05-10 03:30:47,425 - INFO - 
2. Post-Cross Movement (30min):
5min Price Changes (%): []
Maximum Change: 0.000% after 0 minutes
Candle Analysis:
    Body Sizes (%): []
    Upper Shadows (%): []
    Lower Shadows (%): []
Volumes: []
==================================================
2025-05-10 03:35:24,343 - INFO - 
==================================================
EMA Cross Analysis - ORDI/USDT
Time: 2025-05-10 03:30:00+09:00
Type: dead
Cross Character (Current): Weak
Cross Character (New): Weak
Price at Cross: 9.116

1. Pre-Cross Pattern (15min):
EMA Distance Changes (%): ['0.178', '0.086', '0.021', '0.025']
EMA12 Changes (%): ['-0.112', '-0.151', '-0.112', '-0.086']
Price Changes (%): ['-0.436', '-0.372', '0.110', '0.055']
Candle Analysis:
    Body Sizes (%): ['0.436', '0.361', '0.121', '0.055']
    Upper Shadows (%): ['0.229', '0.186', '0.187', '0.230']
    Lower Shadows (%): ['0.272', '0.000', '0.066', '0.099']
Volumes: [np.float64(49481.6), np.float64(40545.3), np.float64(20611.1), np.float64(24566.4)]
2025-05-10 03:35:24,343 - INFO - 
2. Post-Cross Movement (30min):
5min Price Changes (%): ['-0.011']
Maximum Change: -0.011% after 5 minutes
Candle Analysis:
    Body Sizes (%): ['0.022']
    Upper Shadows (%): ['0.110']
    Lower Shadows (%): ['0.000']
Volumes: [np.float64(554.7)]
==================================================
2025-05-10 03:45:50,646 - INFO - 
==================================================
EMA Cross Analysis - PENGU/USDT
Time: 2025-05-10 03:40:00+09:00
Type: golden
Cross Character (Current): Weak
Cross Character (New): Weak
Price at Cross: 0.014391

1. Pre-Cross Pattern (15min):
EMA Distance Changes (%): ['0.202', '0.141', '0.069', '0.006']
EMA12 Changes (%): ['0.055', '0.089', '0.118', '0.137']
Price Changes (%): ['0.634', '0.273', '0.279', '0.237']
Candle Analysis:
    Body Sizes (%): ['0.627', '0.273', '0.300', '0.237']
    Upper Shadows (%): ['0.049', '0.308', '0.147', '0.035']
    Lower Shadows (%): ['0.141', '0.077', '0.000', '0.091']
Volumes: [np.float64(12121576.0), np.float64(41732055.0), np.float64(17039334.0), np.float64(33656278.0)]
2025-05-10 03:45:50,647 - INFO - 
2. Post-Cross Movement (30min):
5min Price Changes (%): ['-0.174']
Maximum Change: -0.174% after 5 minutes
Candle Analysis:
    Body Sizes (%): ['0.181']
    Upper Shadows (%): ['0.090']
    Lower Shadows (%): ['0.021']
Volumes: [np.float64(8736307.0)]
==================================================
2025-05-10 03:50:23,124 - INFO - 
==================================================
EMA Cross Analysis - POL/USDT
Time: 2025-05-10 03:50:00+09:00
Type: dead
Cross Character (Current): Weak
Cross Character (New): Weak
Price at Cross: 0.25229

1. Pre-Cross Pattern (15min):
EMA Distance Changes (%): ['0.045', '0.022', '0.002', '0.010']
EMA12 Changes (%): ['-0.010', '-0.036', '-0.036', '-0.023']
Price Changes (%): ['-0.130', '-0.182', '-0.036', '0.048']
Candle Analysis:
    Body Sizes (%): ['0.134', '0.178', '0.036', '0.044']
    Upper Shadows (%): ['0.016', '0.095', '0.115', '0.000']
    Lower Shadows (%): ['0.099', '0.028', '0.020', '0.004']
Volumes: [np.float64(217932.0), np.float64(180920.0), np.float64(328632.0), np.float64(2883.0)]
2025-05-10 03:50:23,125 - INFO - 
2. Post-Cross Movement (30min):
5min Price Changes (%): []
Maximum Change: 0.000% after 0 minutes
Candle Analysis:
    Body Sizes (%): []
    Upper Shadows (%): []
    Lower Shadows (%): []
Volumes: []
==================================================
2025-05-10 03:55:03,350 - INFO - 
==================================================
EMA Cross Analysis - AIXBT/USDT
Time: 2025-05-10 03:55:00+09:00
Type: golden
Cross Character (Current): Weak
Cross Character (New): Weak
Price at Cross: 0.20574

1. Pre-Cross Pattern (15min):
EMA Distance Changes (%): ['0.111', '0.056', '0.018', '0.021']
EMA12 Changes (%): ['-0.010', '0.089', '0.067', '0.072']
Price Changes (%): ['-0.312', '0.636', '-0.053', '0.102']
Candle Analysis:
    Body Sizes (%): ['0.317', '0.621', '0.058', '0.102']
    Upper Shadows (%): ['0.317', '0.240', '0.214', '0.000']
    Lower Shadows (%): ['0.224', '0.093', '0.457', '0.000']
Volumes: [np.float64(506788.0), np.float64(669828.0), np.float64(499088.0), np.float64(8699.0)]
2025-05-10 03:55:03,350 - INFO - 
2. Post-Cross Movement (30min):
5min Price Changes (%): []
Maximum Change: 0.000% after 0 minutes
Candle Analysis:
    Body Sizes (%): []
    Upper Shadows (%): []
    Lower Shadows (%): []
Volumes: []
==================================================
2025-05-10 03:56:09,816 - INFO - 
==================================================
EMA Cross Analysis - POL/USDT
Time: 2025-05-10 03:50:00+09:00
Type: dead
Cross Character (Current): Weak
Cross Character (New): Weak
Price at Cross: 0.25196

1. Pre-Cross Pattern (15min):
EMA Distance Changes (%): ['0.045', '0.022', '0.002', '0.021']
EMA12 Changes (%): ['-0.010', '-0.036', '-0.036', '-0.043']
Price Changes (%): ['-0.130', '-0.182', '-0.036', '-0.083']
Candle Analysis:
    Body Sizes (%): ['0.134', '0.178', '0.036', '0.087']
    Upper Shadows (%): ['0.016', '0.095', '0.115', '0.079']
    Lower Shadows (%): ['0.099', '0.028', '0.020', '0.182']
Volumes: [np.float64(217932.0), np.float64(180920.0), np.float64(328632.0), np.float64(856603.0)]
2025-05-10 03:56:09,816 - INFO - 
2. Post-Cross Movement (30min):
5min Price Changes (%): ['-0.111']
Maximum Change: -0.111% after 5 minutes
Candle Analysis:
    Body Sizes (%): ['0.119']
    Upper Shadows (%): ['0.016']
    Lower Shadows (%): ['0.052']
Volumes: [np.float64(50363.0)]
==================================================
2025-05-10 03:56:12,905 - INFO - 
==================================================
EMA Cross Analysis - ARPA/USDT
Time: 2025-05-10 03:55:00+09:00
Type: dead
Cross Character (Current): Weak
Cross Character (New): Weak
Price at Cross: 0.02675

1. Pre-Cross Pattern (15min):
EMA Distance Changes (%): ['0.045', '0.027', '0.013', '0.004']
EMA12 Changes (%): ['-0.026', '-0.028', '-0.023', '-0.031']
Price Changes (%): ['-0.037', '-0.037', '0.000', '-0.075']
Candle Analysis:
    Body Sizes (%): ['0.075', '0.037', '0.037', '0.075']
    Upper Shadows (%): ['0.112', '0.000', '0.149', '0.000']
    Lower Shadows (%): ['0.075', '0.037', '0.037', '0.000']
Volumes: [np.float64(232527.0), np.float64(296612.0), np.float64(277898.0), np.float64(9324.0)]
2025-05-10 03:56:12,905 - INFO - 
2. Post-Cross Movement (30min):
5min Price Changes (%): []
Maximum Change: 0.000% after 0 minutes
Candle Analysis:
    Body Sizes (%): []
    Upper Shadows (%): []
    Lower Shadows (%): []
Volumes: []
==================================================
2025-05-10 04:00:46,579 - INFO - 
==================================================
EMA Cross Analysis - ATOM/USDT
Time: 2025-05-10 04:00:00+09:00
Type: dead
Cross Character (Current): Weak
Cross Character (New): Weak
Price at Cross: 4.92

1. Pre-Cross Pattern (15min):
EMA Distance Changes (%): ['0.065', '0.041', '0.003', '0.030']
EMA12 Changes (%): ['0.017', '-0.038', '-0.067', '-0.063']
Price Changes (%): ['0.284', '-0.343', '-0.223', '-0.041']
Candle Analysis:
    Body Sizes (%): ['0.284', '0.364', '0.203', '0.020']
    Upper Shadows (%): ['0.061', '0.101', '0.041', '0.020']
    Lower Shadows (%): ['0.041', '0.081', '0.041', '0.061']
Volumes: [np.float64(23287.02), np.float64(14556.93), np.float64(64311.13), np.float64(15923.86)]
2025-05-10 04:00:46,579 - INFO - 
2. Post-Cross Movement (30min):
5min Price Changes (%): []
Maximum Change: 0.000% after 0 minutes
Candle Analysis:
    Body Sizes (%): []
    Upper Shadows (%): []
    Lower Shadows (%): []
Volumes: []
==================================================
2025-05-10 04:00:49,236 - INFO - 
==================================================
EMA Cross Analysis - ARPA/USDT
Time: 2025-05-10 03:55:00+09:00
Type: dead
Cross Character (Current): Weak
Cross Character (New): Weak
Price at Cross: 0.02675

1. Pre-Cross Pattern (15min):
EMA Distance Changes (%): ['0.045', '0.027', '0.013', '0.004']
EMA12 Changes (%): ['-0.026', '-0.028', '-0.023', '-0.031']
Price Changes (%): ['-0.037', '-0.037', '0.000', '-0.075']
Candle Analysis:
    Body Sizes (%): ['0.075', '0.037', '0.037', '0.075']
    Upper Shadows (%): ['0.112', '0.000', '0.149', '0.000']
    Lower Shadows (%): ['0.075', '0.037', '0.037', '0.037']
Volumes: [np.float64(232527.0), np.float64(296612.0), np.float64(277898.0), np.float64(99101.0)]
2025-05-10 04:00:49,236 - INFO - 
2. Post-Cross Movement (30min):
5min Price Changes (%): ['0.112']
Maximum Change: 0.112% after 5 minutes
Candle Analysis:
    Body Sizes (%): ['0.075']
    Upper Shadows (%): ['0.000']
    Lower Shadows (%): ['0.075']
Volumes: [np.float64(164584.0)]
==================================================
2025-05-10 04:00:50,760 - INFO - 
==================================================
EMA Cross Analysis - AIXBT/USDT
Time: 2025-05-10 03:55:00+09:00
Type: golden
Cross Character (Current): Weak
Cross Character (New): Weak
Price at Cross: 0.2061

1. Pre-Cross Pattern (15min):
EMA Distance Changes (%): ['0.111', '0.056', '0.018', '0.035']
EMA12 Changes (%): ['-0.010', '0.089', '0.067', '0.099']
Price Changes (%): ['-0.312', '0.636', '-0.053', '0.277']
Candle Analysis:
    Body Sizes (%): ['0.317', '0.621', '0.058', '0.277']
    Upper Shadows (%): ['0.317', '0.240', '0.214', '0.015']
    Lower Shadows (%): ['0.224', '0.093', '0.457', '0.248']
Volumes: [np.float64(506788.0), np.float64(669828.0), np.float64(499088.0), np.float64(420256.0)]
2025-05-10 04:00:50,761 - INFO - 
2. Post-Cross Movement (30min):
5min Price Changes (%): ['-0.019']
Maximum Change: -0.019% after 5 minutes
Candle Analysis:
    Body Sizes (%): ['0.019']
    Upper Shadows (%): ['0.126']
    Lower Shadows (%): ['0.082']
Volumes: [np.float64(130565.0)]
==================================================
2025-05-10 04:05:23,354 - INFO - 
==================================================
EMA Cross Analysis - MOODENG/USDT
Time: 2025-05-10 04:00:00+09:00
Type: dead
Cross Character (Current): Strong
Cross Character (New): Strong
Price at Cross: 0.14109

1. Pre-Cross Pattern (15min):
EMA Distance Changes (%): ['0.599', '0.333', '0.159', '0.014']
EMA12 Changes (%): ['-0.173', '-0.436', '-0.278', '-0.307']
Price Changes (%): ['-0.402', '-1.901', '0.618', '-0.466']
Candle Analysis:
    Body Sizes (%): ['0.444', '1.928', '0.589', '0.459']
    Upper Shadows (%): ['1.158', '0.536', '0.454', '0.543']
    Lower Shadows (%): ['0.388', '0.613', '1.263', '0.536']
Volumes: [np.float64(38738951.0), np.float64(40500853.0), np.float64(41037920.0), np.float64(28142890.0)]
2025-05-10 04:05:23,355 - INFO - 
2. Post-Cross Movement (30min):
5min Price Changes (%): ['-0.673']
Maximum Change: -0.673% after 5 minutes
Candle Analysis:
    Body Sizes (%): ['0.638']
    Upper Shadows (%): ['0.007']
    Lower Shadows (%): ['0.447']
Volumes: [np.float64(5682931.0)]
==================================================
2025-05-10 04:05:23,574 - INFO - 
==================================================
EMA Cross Analysis - ATOM/USDT
Time: 2025-05-10 04:00:00+09:00
Type: dead
Cross Character (Current): Weak
Cross Character (New): Weak
Price at Cross: 4.929

1. Pre-Cross Pattern (15min):
EMA Distance Changes (%): ['0.065', '0.041', '0.003', '0.015']
EMA12 Changes (%): ['0.017', '-0.038', '-0.067', '-0.035']
Price Changes (%): ['0.284', '-0.343', '-0.223', '0.142']
Candle Analysis:
    Body Sizes (%): ['0.284', '0.364', '0.203', '0.163']
    Upper Shadows (%): ['0.061', '0.101', '0.041', '0.000']
    Lower Shadows (%): ['0.041', '0.081', '0.041', '0.102']
Volumes: [np.float64(23287.02), np.float64(14556.93), np.float64(64311.13), np.float64(40133.03)]
2025-05-10 04:05:23,574 - INFO - 
2. Post-Cross Movement (30min):
5min Price Changes (%): ['-0.081']
Maximum Change: -0.081% after 5 minutes
Candle Analysis:
    Body Sizes (%): ['0.081']
    Upper Shadows (%): ['0.061']
    Lower Shadows (%): ['0.000']
Volumes: [np.float64(3322.0)]
==================================================
2025-05-10 04:05:24,006 - INFO - 
==================================================
EMA Cross Analysis - ORDI/USDT
Time: 2025-05-10 04:00:00+09:00
Type: golden
Cross Character (Current): Weak
Cross Character (New): Weak
Price at Cross: 9.218

1. Pre-Cross Pattern (15min):
EMA Distance Changes (%): ['0.052', '0.044', '0.030', '0.027']
EMA12 Changes (%): ['0.018', '0.008', '0.021', '0.105']
Price Changes (%): ['0.439', '-0.044', '0.087', '0.567']
Candle Analysis:
    Body Sizes (%): ['0.439', '0.076', '0.066', '0.589']
    Upper Shadows (%): ['0.132', '0.262', '0.011', '0.000']
    Lower Shadows (%): ['0.088', '0.240', '0.186', '0.087']
Volumes: [np.float64(13837.9), np.float64(13344.7), np.float64(11284.8), np.float64(26225.6)]
2025-05-10 04:05:24,006 - INFO - 
2. Post-Cross Movement (30min):
5min Price Changes (%): ['-0.087']
Maximum Change: -0.087% after 5 minutes
Candle Analysis:
    Body Sizes (%): ['0.076']
    Upper Shadows (%): ['0.022']
    Lower Shadows (%): ['0.043']
Volumes: [np.float64(1990.1)]
==================================================
2025-05-10 04:05:30,274 - INFO - 
==================================================
EMA Cross Analysis - BRETT/USDT
Time: 2025-05-10 04:00:00+09:00
Type: golden
Cross Character (Current): Weak
Cross Character (New): Weak
Price at Cross: 0.07716

1. Pre-Cross Pattern (15min):
EMA Distance Changes (%): ['0.012', '0.006', '0.007', '0.019']
EMA12 Changes (%): ['0.024', '0.009', '-0.003', '0.050']
Price Changes (%): ['0.313', '-0.078', '-0.065', '0.338']
Candle Analysis:
    Body Sizes (%): ['0.300', '0.091', '0.065', '0.325']
    Upper Shadows (%): ['0.208', '0.221', '0.065', '0.104']
    Lower Shadows (%): ['0.156', '0.260', '0.130', '0.091']
Volumes: [np.float64(227079.0), np.float64(302086.0), np.float64(223523.0), np.float64(1159824.0)]
2025-05-10 04:05:30,275 - INFO - 
2. Post-Cross Movement (30min):
5min Price Changes (%): ['0.078']
Maximum Change: 0.078% after 5 minutes
Candle Analysis:
    Body Sizes (%): ['0.065']
    Upper Shadows (%): ['0.013']
    Lower Shadows (%): ['0.065']
Volumes: [np.float64(54209.0)]
==================================================
2025-05-10 04:11:06,938 - INFO - 
==================================================
EMA Cross Analysis - BAN/USDT
Time: 2025-05-10 04:10:00+09:00
Type: dead
Cross Character (Current): Weak
Cross Character (New): Weak
Price at Cross: 0.06587

1. Pre-Cross Pattern (15min):
EMA Distance Changes (%): ['0.025', '0.032', '0.011', '0.003']
EMA12 Changes (%): ['-0.004', '0.017', '-0.037', '-0.024']
Price Changes (%): ['-0.045', '0.136', '-0.333', '0.046']
Candle Analysis:
    Body Sizes (%): ['0.091', '0.121', '0.348', '0.030']
    Upper Shadows (%): ['0.061', '0.182', '0.151', '0.046']
    Lower Shadows (%): ['0.030', '0.091', '0.197', '0.000']
Volumes: [np.float64(59554.0), np.float64(148398.0), np.float64(197400.0), np.float64(9999.0)]
2025-05-10 04:11:06,938 - INFO - 
2. Post-Cross Movement (30min):
5min Price Changes (%): []
Maximum Change: 0.000% after 0 minutes
Candle Analysis:
    Body Sizes (%): []
    Upper Shadows (%): []
    Lower Shadows (%): []
Volumes: []
==================================================
2025-05-10 04:11:08,627 - INFO - 
==================================================
EMA Cross Analysis - FXS/USDT
Time: 2025-05-10 04:10:00+09:00
Type: dead
Cross Character (Current): Weak
Cross Character (New): Weak
Price at Cross: 2.4694

1. Pre-Cross Pattern (15min):
EMA Distance Changes (%): ['0.132', '0.070', '0.022', '0.003']
EMA12 Changes (%): ['-0.099', '-0.101', '-0.081', '-0.045']
Price Changes (%): ['-0.363', '-0.118', '0.032', '0.154']
Candle Analysis:
    Body Sizes (%): ['0.339', '0.097', '0.004', '0.134']
    Upper Shadows (%): ['0.073', '0.263', '0.146', '0.000']
    Lower Shadows (%): ['0.000', '0.065', '0.081', '0.036']
Volumes: [np.float64(3881.2), np.float64(4571.2), np.float64(4067.3), np.float64(536.8)]
2025-05-10 04:11:08,627 - INFO - 
2. Post-Cross Movement (30min):
5min Price Changes (%): []
Maximum Change: 0.000% after 0 minutes
Candle Analysis:
    Body Sizes (%): []
    Upper Shadows (%): []
    Lower Shadows (%): []
Volumes: []
==================================================
2025-05-10 04:11:11,199 - INFO - 
==================================================
EMA Cross Analysis - TNSR/USDT
Time: 2025-05-10 04:10:00+09:00
Type: dead
Cross Character (Current): Weak
Cross Character (New): Weak
Price at Cross: 0.1682

1. Pre-Cross Pattern (15min):
EMA Distance Changes (%): ['0.080', '0.059', '0.023', '0.005']
EMA12 Changes (%): ['-0.119', '-0.028', '-0.060', '-0.051']
Price Changes (%): ['-0.474', '0.477', '-0.237', '0.000']
Candle Analysis:
    Body Sizes (%): ['0.474', '0.477', '0.237', '0.000']
    Upper Shadows (%): ['0.000', '0.000', '0.059', '0.297']
    Lower Shadows (%): ['0.000', '0.119', '0.356', '0.119']
Volumes: [np.float64(139049.1), np.float64(86875.1), np.float64(400534.9), np.float64(70628.9)]
2025-05-10 04:11:11,199 - INFO - 
2. Post-Cross Movement (30min):
5min Price Changes (%): []
Maximum Change: 0.000% after 0 minutes
Candle Analysis:
    Body Sizes (%): []
    Upper Shadows (%): []
    Lower Shadows (%): []
Volumes: []
==================================================
2025-05-10 04:15:43,299 - INFO - 
==================================================
EMA Cross Analysis - BAN/USDT
Time: 2025-05-10 04:10:00+09:00
Type: dead
Cross Character (Current): Weak
Cross Character (New): Weak
Price at Cross: 0.06572

1. Pre-Cross Pattern (15min):
EMA Distance Changes (%): ['0.025', '0.032', '0.011', '0.021']
EMA12 Changes (%): ['-0.004', '0.017', '-0.037', '-0.059']
Price Changes (%): ['-0.045', '0.136', '-0.333', '-0.182']
Candle Analysis:
    Body Sizes (%): ['0.091', '0.121', '0.348', '0.197']
    Upper Shadows (%): ['0.061', '0.182', '0.151', '0.076']
    Lower Shadows (%): ['0.030', '0.091', '0.197', '0.000']
Volumes: [np.float64(59554.0), np.float64(148398.0), np.float64(197400.0), np.float64(58242.0)]
2025-05-10 04:15:43,299 - INFO - 
2. Post-Cross Movement (30min):
5min Price Changes (%): ['-0.061']
Maximum Change: -0.061% after 5 minutes
Candle Analysis:
    Body Sizes (%): ['0.030']
    Upper Shadows (%): ['0.107']
    Lower Shadows (%): ['0.076']
Volumes: [np.float64(85048.0)]
==================================================
2025-05-10 04:15:44,389 - INFO - 
==================================================
EMA Cross Analysis - NEAR/USDT
Time: 2025-05-10 04:15:00+09:00
Type: dead
Cross Character (Current): Weak
Cross Character (New): Weak
Price at Cross: 2.871

1. Pre-Cross Pattern (15min):
EMA Distance Changes (%): ['0.130', '0.074', '0.013', '0.064']
EMA12 Changes (%): ['-0.012', '-0.089', '-0.107', '-0.144']
Price Changes (%): ['0.000', '-0.517', '-0.208', '-0.347']
Candle Analysis:
    Body Sizes (%): ['0.034', '0.483', '0.242', '0.347']
    Upper Shadows (%): ['0.069', '0.138', '0.069', '0.069']
    Lower Shadows (%): ['0.207', '0.000', '0.035', '0.069']
Volumes: [np.float64(125213.0), np.float64(335472.0), np.float64(99961.0), np.float64(255877.0)]
2025-05-10 04:15:44,389 - INFO - 
2. Post-Cross Movement (30min):
5min Price Changes (%): []
Maximum Change: 0.000% after 0 minutes
Candle Analysis:
    Body Sizes (%): []
    Upper Shadows (%): []
    Lower Shadows (%): []
Volumes: []
==================================================
2025-05-10 04:15:45,040 - INFO - 
==================================================
EMA Cross Analysis - FXS/USDT
Time: 2025-05-10 04:10:00+09:00
Type: dead
Cross Character (Current): Weak
Cross Character (New): Weak
Price at Cross: 2.4606

1. Pre-Cross Pattern (15min):
EMA Distance Changes (%): ['0.132', '0.070', '0.022', '0.031']
EMA12 Changes (%): ['-0.099', '-0.101', '-0.081', '-0.100']
Price Changes (%): ['-0.363', '-0.118', '0.032', '-0.203']
Candle Analysis:
    Body Sizes (%): ['0.339', '0.097', '0.004', '0.223']
    Upper Shadows (%): ['0.073', '0.263', '0.146', '0.231']
    Lower Shadows (%): ['0.000', '0.065', '0.081', '0.000']
Volumes: [np.float64(3881.2), np.float64(4571.2), np.float64(4067.3), np.float64(2294.0)]
2025-05-10 04:15:45,041 - INFO - 
2. Post-Cross Movement (30min):
5min Price Changes (%): ['-0.016']
Maximum Change: -0.016% after 5 minutes
Candle Analysis:
    Body Sizes (%): ['0.073']
    Upper Shadows (%): ['0.024']
    Lower Shadows (%): ['0.081']
Volumes: [np.float64(2142.8)]
==================================================
2025-05-10 04:15:45,708 - INFO - 
==================================================
EMA Cross Analysis - LINK/USDT
Time: 2025-05-10 04:15:00+09:00
Type: dead
Cross Character (Current): Weak
Cross Character (New): Weak
Price at Cross: 15.901

1. Pre-Cross Pattern (15min):
EMA Distance Changes (%): ['0.069', '0.048', '0.007', '0.044']
EMA12 Changes (%): ['-0.024', '-0.031', '-0.072', '-0.097']
Price Changes (%): ['0.044', '-0.069', '-0.300', '-0.238']
Candle Analysis:
    Body Sizes (%): ['0.044', '0.075', '0.306', '0.226']
    Upper Shadows (%): ['0.056', '0.113', '0.069', '0.038']
    Lower Shadows (%): ['0.106', '0.094', '0.025', '0.094']
Volumes: [np.float64(46738.34), np.float64(36362.67), np.float64(39442.73), np.float64(25984.8)]
2025-05-10 04:15:45,708 - INFO - 
2. Post-Cross Movement (30min):
5min Price Changes (%): []
Maximum Change: 0.000% after 0 minutes
Candle Analysis:
    Body Sizes (%): []
    Upper Shadows (%): []
    Lower Shadows (%): []
Volumes: []
==================================================
2025-05-10 04:15:46,803 - INFO - 
==================================================
EMA Cross Analysis - ORDI/USDT
Time: 2025-05-10 04:15:00+09:00
Type: dead
Cross Character (Current): Weak
Cross Character (New): Weak
Price at Cross: 9.124

1. Pre-Cross Pattern (15min):
EMA Distance Changes (%): ['0.027', '0.062', '0.042', '0.000']
EMA12 Changes (%): ['0.105', '0.072', '-0.030', '-0.076']
Price Changes (%): ['0.567', '-0.108', '-0.586', '-0.328']
Candle Analysis:
    Body Sizes (%): ['0.589', '0.098', '0.586', '0.328']
    Upper Shadows (%): ['0.000', '0.141', '0.119', '0.044']
    Lower Shadows (%): ['0.087', '0.108', '0.065', '0.164']
Volumes: [np.float64(26225.6), np.float64(20463.3), np.float64(38332.2), np.float64(12249.8)]
2025-05-10 04:15:46,803 - INFO - 
2. Post-Cross Movement (30min):
5min Price Changes (%): []
Maximum Change: 0.000% after 0 minutes
Candle Analysis:
    Body Sizes (%): []
    Upper Shadows (%): []
    Lower Shadows (%): []
Volumes: []
==================================================
2025-05-10 04:15:47,035 - INFO - 
==================================================
EMA Cross Analysis - DOGE/USDT
Time: 2025-05-10 04:15:00+09:00
Type: dead
Cross Character (Current): Weak
Cross Character (New): Weak
Price at Cross: 0.20341

1. Pre-Cross Pattern (15min):
EMA Distance Changes (%): ['0.057', '0.053', '0.015', '0.026']
EMA12 Changes (%): ['0.011', '-0.000', '-0.065', '-0.077']
Price Changes (%): ['0.186', '-0.064', '-0.420', '-0.142']
Candle Analysis:
    Body Sizes (%): ['0.186', '0.064', '0.420', '0.137']
    Upper Shadows (%): ['0.000', '0.088', '0.161', '0.010']
    Lower Shadows (%): ['0.064', '0.078', '0.020', '0.157']
Volumes: [np.float64(7845472.0), np.float64(9914015.0), np.float64(36347497.0), np.float64(8376722.0)]
2025-05-10 04:15:47,035 - INFO - 
2. Post-Cross Movement (30min):
5min Price Changes (%): []
Maximum Change: 0.000% after 0 minutes
Candle Analysis:
    Body Sizes (%): []
    Upper Shadows (%): []
    Lower Shadows (%): []
Volumes: []
==================================================
2025-05-10 04:15:47,250 - INFO - 
==================================================
EMA Cross Analysis - XLM/USDT
Time: 2025-05-10 04:10:00+09:00
Type: dead
Cross Character (Current): Weak
Cross Character (New): Weak
Price at Cross: 0.2953

1. Pre-Cross Pattern (15min):
EMA Distance Changes (%): ['0.040', '0.033', '0.021', '0.005']
EMA12 Changes (%): ['0.001', '-0.008', '-0.019', '-0.047']
Price Changes (%): ['0.024', '-0.054', '-0.081', '-0.199']
Candle Analysis:
    Body Sizes (%): ['0.024', '0.057', '0.078', '0.199']
    Upper Shadows (%): ['0.253', '0.088', '0.047', '0.101']
    Lower Shadows (%): ['0.095', '0.105', '0.017', '0.024']
Volumes: [np.float64(1290132.0), np.float64(732999.0), np.float64(462640.0), np.float64(644328.0)]
2025-05-10 04:15:47,250 - INFO - 
2. Post-Cross Movement (30min):
5min Price Changes (%): ['-0.305']
Maximum Change: -0.305% after 5 minutes
Candle Analysis:
    Body Sizes (%): ['0.295']
    Upper Shadows (%): ['0.024']
    Lower Shadows (%): ['0.054']
Volumes: [np.float64(749870.0)]
==================================================
2025-05-10 04:15:47,686 - INFO - 
==================================================
EMA Cross Analysis - TNSR/USDT
Time: 2025-05-10 04:10:00+09:00
Type: dead
Cross Character (Current): Weak
Cross Character (New): Weak
Price at Cross: 0.1676

1. Pre-Cross Pattern (15min):
EMA Distance Changes (%): ['0.080', '0.059', '0.023', '0.034']
EMA12 Changes (%): ['-0.119', '-0.028', '-0.060', '-0.106']
Price Changes (%): ['-0.474', '0.477', '-0.237', '-0.357']
Candle Analysis:
    Body Sizes (%): ['0.474', '0.477', '0.237', '0.357']
    Upper Shadows (%): ['0.000', '0.000', '0.059', '0.297']
    Lower Shadows (%): ['0.000', '0.119', '0.356', '0.059']
Volumes: [np.float64(139049.1), np.float64(86875.1), np.float64(400534.9), np.float64(199029.5)]
2025-05-10 04:15:47,686 - INFO - 
2. Post-Cross Movement (30min):
5min Price Changes (%): ['-0.298']
Maximum Change: -0.298% after 5 minutes
Candle Analysis:
    Body Sizes (%): ['0.239']
    Upper Shadows (%): ['0.000']
    Lower Shadows (%): ['0.000']
Volumes: [np.float64(31941.3)]
==================================================
2025-05-10 04:15:48,121 - INFO - 
==================================================
EMA Cross Analysis - DOT/USDT
Time: 2025-05-10 04:10:00+09:00
Type: dead
Cross Character (Current): Weak
Cross Character (New): Weak
Price at Cross: 4.745

1. Pre-Cross Pattern (15min):
EMA Distance Changes (%): ['0.118', '0.085', '0.041', '0.032']
EMA12 Changes (%): ['-0.084', '-0.045', '-0.074', '-0.133']
Price Changes (%): ['-0.272', '0.168', '-0.230', '-0.462']
Candle Analysis:
    Body Sizes (%): ['0.293', '0.168', '0.251', '0.462']
    Upper Shadows (%): ['0.021', '0.000', '0.021', '0.147']
    Lower Shadows (%): ['0.042', '0.084', '0.063', '0.021']
Volumes: [np.float64(102478.8), np.float64(101080.2), np.float64(106553.4), np.float64(229940.7)]
2025-05-10 04:15:48,121 - INFO - 
2. Post-Cross Movement (30min):
5min Price Changes (%): ['-0.105']
Maximum Change: -0.105% after 5 minutes
Candle Analysis:
    Body Sizes (%): ['0.105']
    Upper Shadows (%): ['0.063']
    Lower Shadows (%): ['0.148']
Volumes: [np.float64(46621.1)]
==================================================
2025-05-10 04:15:49,213 - INFO - 
==================================================
EMA Cross Analysis - EOS/USDT
Time: 2025-05-10 04:15:00+09:00
Type: dead
Cross Character (Current): Weak
Cross Character (New): Weak
Price at Cross: 0.85

1. Pre-Cross Pattern (15min):
EMA Distance Changes (%): ['0.075', '0.050', '0.019', '0.033']
EMA12 Changes (%): ['-0.025', '-0.039', '-0.051', '-0.097']
Price Changes (%): ['-0.117', '-0.117', '-0.117', '-0.352']
Candle Analysis:
    Body Sizes (%): ['0.000', '0.234', '0.234', '0.352']
    Upper Shadows (%): ['0.117', '0.000', '0.000', '0.000']
    Lower Shadows (%): ['0.117', '0.000', '0.117', '0.117']
Volumes: [np.float64(367256.7), np.float64(109523.1), np.float64(366655.2), np.float64(195785.3)]
2025-05-10 04:15:49,213 - INFO - 
2. Post-Cross Movement (30min):
5min Price Changes (%): []
Maximum Change: 0.000% after 0 minutes
Candle Analysis:
    Body Sizes (%): []
    Upper Shadows (%): []
    Lower Shadows (%): []
Volumes: []
==================================================
2025-05-10 04:15:49,645 - INFO - 
==================================================
EMA Cross Analysis - ADA/USDT
Time: 2025-05-10 04:10:00+09:00
Type: dead
Cross Character (Current): Weak
Cross Character (New): Weak
Price at Cross: 0.7807

1. Pre-Cross Pattern (15min):
EMA Distance Changes (%): ['0.095', '0.067', '0.031', '0.009']
EMA12 Changes (%): ['-0.034', '-0.040', '-0.060', '-0.072']
Price Changes (%): ['-0.153', '-0.077', '-0.166', '-0.141']
Candle Analysis:
    Body Sizes (%): ['0.153', '0.077', '0.166', '0.153']
    Upper Shadows (%): ['0.038', '0.064', '0.140', '0.192']
    Lower Shadows (%): ['0.025', '0.128', '0.051', '0.013']
Volumes: [np.float64(1094567.0), np.float64(2957413.0), np.float64(1653582.0), np.float64(2171397.0)]
2025-05-10 04:15:49,645 - INFO - 
2. Post-Cross Movement (30min):
5min Price Changes (%): ['-0.154']
Maximum Change: -0.154% after 5 minutes
Candle Analysis:
    Body Sizes (%): ['0.154']
    Upper Shadows (%): ['0.013']
    Lower Shadows (%): ['0.141']
Volumes: [np.float64(1092860.0)]
==================================================
2025-05-10 04:15:49,864 - INFO - 
==================================================
EMA Cross Analysis - WLD/USDT
Time: 2025-05-10 04:10:00+09:00
Type: dead
Cross Character (Current): Weak
Cross Character (New): Weak
Price at Cross: 1.1394

1. Pre-Cross Pattern (15min):
EMA Distance Changes (%): ['0.165', '0.136', '0.088', '0.012']
EMA12 Changes (%): ['-0.082', '-0.031', '-0.073', '-0.179']
Price Changes (%): ['-0.269', '0.252', '-0.304', '-0.766']
Candle Analysis:
    Body Sizes (%): ['0.269', '0.244', '0.295', '0.766']
    Upper Shadows (%): ['0.052', '0.061', '0.078', '0.139']
    Lower Shadows (%): ['0.069', '0.348', '0.061', '0.035']
Volumes: [np.float64(262521.0), np.float64(576822.0), np.float64(315556.0), np.float64(712387.0)]
2025-05-10 04:15:49,864 - INFO - 
2. Post-Cross Movement (30min):
5min Price Changes (%): ['-0.105']
Maximum Change: -0.105% after 5 minutes
Candle Analysis:
    Body Sizes (%): ['0.097']
    Upper Shadows (%): ['0.123']
    Lower Shadows (%): ['0.360']
Volumes: [np.float64(366438.0)]
==================================================
2025-05-10 04:15:51,342 - INFO - 
==================================================
EMA Cross Analysis - AVAX/USDT
Time: 2025-05-10 04:15:00+09:00
Type: dead
Cross Character (Current): Weak
Cross Character (New): Weak
Price at Cross: 23.041

1. Pre-Cross Pattern (15min):
EMA Distance Changes (%): ['0.118', '0.093', '0.027', '0.036']
EMA12 Changes (%): ['0.003', '-0.033', '-0.114', '-0.118']
Price Changes (%): ['0.181', '-0.228', '-0.560', '-0.139']
Candle Analysis:
    Body Sizes (%): ['0.177', '0.224', '0.560', '0.134']
    Upper Shadows (%): ['0.009', '0.082', '0.047', '0.048']
    Lower Shadows (%): ['0.026', '0.000', '0.009', '0.173']
Volumes: [np.float64(17772.0), np.float64(20730.0), np.float64(84419.0), np.float64(41500.0)]
2025-05-10 04:15:51,342 - INFO - 
2. Post-Cross Movement (30min):
5min Price Changes (%): []
Maximum Change: 0.000% after 0 minutes
Candle Analysis:
    Body Sizes (%): []
    Upper Shadows (%): []
    Lower Shadows (%): []
Volumes: []
==================================================
2025-05-10 04:15:52,647 - INFO - 
==================================================
EMA Cross Analysis - ONDOUSDT
Time: 2025-05-10 04:10:00+09:00
Type: dead
Cross Character (Current): Weak
Cross Character (New): Weak
Price at Cross: 1.0121

1. Pre-Cross Pattern (15min):
EMA Distance Changes (%): ['0.093', '0.075', '0.048', '0.002']
EMA12 Changes (%): ['-0.042', '-0.020', '-0.041', '-0.091']
Price Changes (%): ['-0.187', '0.098', '-0.157', '-0.364']
Candle Analysis:
    Body Sizes (%): ['0.196', '0.089', '0.157', '0.374']
    Upper Shadows (%): ['0.069', '0.059', '0.138', '0.069']
    Lower Shadows (%): ['0.020', '0.089', '0.049', '0.000']
Volumes: [np.float64(209858.6), np.float64(395976.2), np.float64(348777.4), np.float64(713387.8)]
2025-05-10 04:15:52,647 - INFO - 
2. Post-Cross Movement (30min):
5min Price Changes (%): ['-0.158']
Maximum Change: -0.158% after 5 minutes
Candle Analysis:
    Body Sizes (%): ['0.148']
    Upper Shadows (%): ['0.059']
    Lower Shadows (%): ['0.128']
Volumes: [np.float64(177253.6)]
==================================================
2025-05-10 04:15:53,084 - INFO - 
==================================================
EMA Cross Analysis - BRETT/USDT
Time: 2025-05-10 04:10:00+09:00
Type: dead
Cross Character (Current): Weak
Cross Character (New): Weak
Price at Cross: 0.07626

1. Pre-Cross Pattern (15min):
EMA Distance Changes (%): ['0.007', '0.019', '0.032', '0.044']
EMA12 Changes (%): ['-0.003', '0.050', '0.028', '-0.142']
Price Changes (%): ['-0.065', '0.338', '-0.091', '-1.077']
Candle Analysis:
    Body Sizes (%): ['0.065', '0.325', '0.104', '1.077']
    Upper Shadows (%): ['0.065', '0.104', '0.117', '0.143']
    Lower Shadows (%): ['0.130', '0.091', '0.117', '0.091']
Volumes: [np.float64(223523.0), np.float64(1159824.0), np.float64(452167.0), np.float64(480100.0)]
2025-05-10 04:15:53,085 - INFO - 
2. Post-Cross Movement (30min):
5min Price Changes (%): ['-0.367']
Maximum Change: -0.367% after 5 minutes
Candle Analysis:
    Body Sizes (%): ['0.380']
    Upper Shadows (%): ['0.013']
    Lower Shadows (%): ['0.262']
Volumes: [np.float64(278507.0)]
==================================================
2025-05-10 04:20:21,417 - INFO - 
==================================================
EMA Cross Analysis - NEAR/USDT
Time: 2025-05-10 04:15:00+09:00
Type: dead
Cross Character (Current): Weak
Cross Character (New): Weak
Price at Cross: 2.878

1. Pre-Cross Pattern (15min):
EMA Distance Changes (%): ['0.130', '0.074', '0.013', '0.044']
EMA12 Changes (%): ['-0.012', '-0.089', '-0.107', '-0.107']
Price Changes (%): ['0.000', '-0.517', '-0.208', '-0.104']
Candle Analysis:
    Body Sizes (%): ['0.034', '0.483', '0.242', '0.104']
    Upper Shadows (%): ['0.069', '0.138', '0.069', '0.069']
    Lower Shadows (%): ['0.207', '0.000', '0.035', '0.312']
Volumes: [np.float64(125213.0), np.float64(335472.0), np.float64(99961.0), np.float64(344865.0)]
2025-05-10 04:20:21,417 - INFO - 
2. Post-Cross Movement (30min):
5min Price Changes (%): ['0.069']
Maximum Change: 0.069% after 5 minutes
Candle Analysis:
    Body Sizes (%): ['0.069']
    Upper Shadows (%): ['0.000']
    Lower Shadows (%): ['0.035']
Volumes: [np.float64(3586.0)]
==================================================
2025-05-10 04:20:22,484 - INFO - 
==================================================
EMA Cross Analysis - 1000PEPE/USDT
Time: 2025-05-10 04:20:00+09:00
Type: dead
Cross Character (Current): Weak
Cross Character (New): Weak
Price at Cross: 0.0123163

1. Pre-Cross Pattern (15min):
EMA Distance Changes (%): ['0.179', '0.099', '0.025', '0.016']
EMA12 Changes (%): ['-0.032', '-0.130', '-0.128', '-0.075']
Price Changes (%): ['-0.520', '-0.672', '-0.114', '0.215']
Candle Analysis:
    Body Sizes (%): ['0.517', '0.672', '0.114', '0.210']
    Upper Shadows (%): ['0.087', '0.135', '0.098', '0.000']
    Lower Shadows (%): ['0.017', '0.202', '0.397', '0.008']
Volumes: [np.float64(236763005.0), np.float64(616550512.0), np.float64(440793138.0), np.float64(13811194.0)]
2025-05-10 04:20:22,484 - INFO - 
2. Post-Cross Movement (30min):
5min Price Changes (%): []
Maximum Change: 0.000% after 0 minutes
Candle Analysis:
    Body Sizes (%): []
    Upper Shadows (%): []
    Lower Shadows (%): []
Volumes: []
==================================================
2025-05-10 04:20:22,924 - INFO - 
==================================================
EMA Cross Analysis - LINK/USDT
Time: 2025-05-10 04:15:00+09:00
Type: dead
Cross Character (Current): Weak
Cross Character (New): Weak
Price at Cross: 15.93

1. Pre-Cross Pattern (15min):
EMA Distance Changes (%): ['0.069', '0.048', '0.007', '0.030']
EMA12 Changes (%): ['-0.024', '-0.031', '-0.072', '-0.070']
Price Changes (%): ['0.044', '-0.069', '-0.300', '-0.056']
Candle Analysis:
    Body Sizes (%): ['0.044', '0.075', '0.306', '0.044']
    Upper Shadows (%): ['0.056', '0.113', '0.069', '0.038']
    Lower Shadows (%): ['0.106', '0.094', '0.025', '0.276']
Volumes: [np.float64(46738.34), np.float64(36362.67), np.float64(39442.73), np.float64(65563.69)]
2025-05-10 04:20:22,924 - INFO - 
2. Post-Cross Movement (30min):
5min Price Changes (%): ['0.094']
Maximum Change: 0.094% after 5 minutes
Candle Analysis:
    Body Sizes (%): ['0.094']
    Upper Shadows (%): ['0.000']
    Lower Shadows (%): ['0.013']
Volumes: [np.float64(2666.44)]
==================================================
2025-05-10 04:20:24,266 - INFO - 
==================================================
EMA Cross Analysis - DOGE/USDT
Time: 2025-05-10 04:15:00+09:00
Type: dead
Cross Character (Current): Weak
Cross Character (New): Weak
Price at Cross: 0.20346

1. Pre-Cross Pattern (15min):
EMA Distance Changes (%): ['0.057', '0.053', '0.015', '0.024']
EMA12 Changes (%): ['0.011', '-0.000', '-0.065', '-0.073']
Price Changes (%): ['0.186', '-0.064', '-0.420', '-0.118']
Candle Analysis:
    Body Sizes (%): ['0.186', '0.064', '0.420', '0.113']
    Upper Shadows (%): ['0.000', '0.088', '0.161', '0.010']
    Lower Shadows (%): ['0.064', '0.078', '0.020', '0.182']
Volumes: [np.float64(7845472.0), np.float64(9914015.0), np.float64(36347497.0), np.float64(16301406.0)]
2025-05-10 04:20:24,267 - INFO - 
2. Post-Cross Movement (30min):
5min Price Changes (%): ['0.103']
Maximum Change: 0.103% after 5 minutes
Candle Analysis:
    Body Sizes (%): ['0.103']
    Upper Shadows (%): ['0.000']
    Lower Shadows (%): ['0.000']
Volumes: [np.float64(1447795.0)]
==================================================
2025-05-10 04:20:25,566 - INFO - 
==================================================
EMA Cross Analysis - ZRO/USDT
Time: 2025-05-10 04:20:00+09:00
Type: dead
Cross Character (Current): Weak
Cross Character (New): Weak
Price at Cross: 2.9136

1. Pre-Cross Pattern (15min):
EMA Distance Changes (%): ['0.087', '0.054', '0.019', '0.002']
EMA12 Changes (%): ['-0.005', '-0.050', '-0.061', '-0.038']
Price Changes (%): ['-0.130', '-0.301', '-0.120', '0.093']
Candle Analysis:
    Body Sizes (%): ['0.123', '0.315', '0.110', '0.058']
    Upper Shadows (%): ['0.123', '0.150', '0.079', '0.014']
    Lower Shadows (%): ['0.000', '0.017', '0.196', '0.007']
Volumes: [np.float64(14552.8), np.float64(14864.3), np.float64(25872.2), np.float64(973.2)]
2025-05-10 04:20:25,566 - INFO - 
2. Post-Cross Movement (30min):
5min Price Changes (%): []
Maximum Change: 0.000% after 0 minutes
Candle Analysis:
    Body Sizes (%): []
    Upper Shadows (%): []
    Lower Shadows (%): []
Volumes: []
==================================================
2025-05-10 04:20:26,434 - INFO - 
==================================================
EMA Cross Analysis - EOS/USDT
Time: 2025-05-10 04:15:00+09:00
Type: dead
Cross Character (Current): Weak
Cross Character (New): Weak
Price at Cross: 0.852

1. Pre-Cross Pattern (15min):
EMA Distance Changes (%): ['0.075', '0.050', '0.019', '0.014']
EMA12 Changes (%): ['-0.025', '-0.039', '-0.051', '-0.061']
Price Changes (%): ['-0.117', '-0.117', '-0.117', '-0.117']
Candle Analysis:
    Body Sizes (%): ['0.000', '0.234', '0.234', '0.117']
    Upper Shadows (%): ['0.117', '0.000', '0.000', '0.000']
    Lower Shadows (%): ['0.117', '0.000', '0.117', '0.352']
Volumes: [np.float64(367256.7), np.float64(109523.1), np.float64(366655.2), np.float64(381599.9)]
2025-05-10 04:20:26,434 - INFO - 
2. Post-Cross Movement (30min):
5min Price Changes (%): ['0.000']
Maximum Change: 0.000% after 0 minutes
Candle Analysis:
    Body Sizes (%): ['0.000']
    Upper Shadows (%): ['0.117']
    Lower Shadows (%): ['0.117']
Volumes: [np.float64(51366.5)]
==================================================
2025-05-10 04:20:28,569 - INFO - 
==================================================
EMA Cross Analysis - AVAX/USDT
Time: 2025-05-10 04:15:00+09:00
Type: dead
Cross Character (Current): Weak
Cross Character (New): Weak
Price at Cross: 23.075

1. Pre-Cross Pattern (15min):
EMA Distance Changes (%): ['0.118', '0.093', '0.027', '0.025']
EMA12 Changes (%): ['0.003', '-0.033', '-0.114', '-0.095']
Price Changes (%): ['0.181', '-0.228', '-0.560', '0.009']
Candle Analysis:
    Body Sizes (%): ['0.177', '0.224', '0.560', '0.013']
    Upper Shadows (%): ['0.009', '0.082', '0.047', '0.056']
    Lower Shadows (%): ['0.026', '0.000', '0.009', '0.308']
Volumes: [np.float64(17772.0), np.float64(20730.0), np.float64(84419.0), np.float64(62495.0)]
2025-05-10 04:20:28,569 - INFO - 
2. Post-Cross Movement (30min):
5min Price Changes (%): ['0.126']
Maximum Change: 0.126% after 5 minutes
Candle Analysis:
    Body Sizes (%): ['0.130']
    Upper Shadows (%): ['0.000']
    Lower Shadows (%): ['0.000']
Volumes: [np.float64(1729.0)]
==================================================
2025-05-10 04:25:02,306 - INFO - 
==================================================
EMA Cross Analysis - XRP/USDT
Time: 2025-05-10 04:25:00+09:00
Type: dead
Cross Character (Current): Weak
Cross Character (New): Weak
Price at Cross: 2.3468

1. Pre-Cross Pattern (15min):
EMA Distance Changes (%): ['0.100', '0.065', '0.029', '0.001']
EMA12 Changes (%): ['-0.013', '-0.053', '-0.061', '-0.053']
Price Changes (%): ['-0.085', '-0.276', '-0.106', '-0.004']
Candle Analysis:
    Body Sizes (%): ['0.089', '0.276', '0.106', '0.004']
    Upper Shadows (%): ['0.115', '0.021', '0.072', '0.000']
    Lower Shadows (%): ['0.008', '0.059', '0.209', '0.004']
Volumes: [np.float64(1526825.3), np.float64(2448935.2), np.float64(3067462.3), np.float64(12509.8)]
2025-05-10 04:25:02,306 - INFO - 
2. Post-Cross Movement (30min):
5min Price Changes (%): []
Maximum Change: 0.000% after 0 minutes
Candle Analysis:
    Body Sizes (%): []
    Upper Shadows (%): []
    Lower Shadows (%): []
Volumes: []
==================================================
2025-05-10 04:25:05,631 - INFO - 
==================================================
EMA Cross Analysis - USUAL/USDT
Time: 2025-05-10 04:25:00+09:00
Type: dead
Cross Character (Current): Weak
Cross Character (New): Weak
Price at Cross: 0.147

1. Pre-Cross Pattern (15min):
EMA Distance Changes (%): ['0.059', '0.034', '0.015', '0.001']
EMA12 Changes (%): ['-0.083', '-0.039', '-0.033', '-0.028']
Price Changes (%): ['-0.407', '0.204', '0.000', '0.000']
Candle Analysis:
    Body Sizes (%): ['0.407', '0.204', '0.000', '0.000']
    Upper Shadows (%): ['0.000', '0.068', '0.136', '0.000']
    Lower Shadows (%): ['0.136', '0.477', '0.340', '0.000']
Volumes: [np.float64(464739.0), np.float64(604378.0), np.float64(386407.0), np.float64(0.0)]
2025-05-10 04:25:05,631 - INFO - 
2. Post-Cross Movement (30min):
5min Price Changes (%): []
Maximum Change: 0.000% after 0 minutes
Candle Analysis:
    Body Sizes (%): []
    Upper Shadows (%): []
    Lower Shadows (%): []
Volumes: []
==================================================
2025-05-10 04:25:06,070 - INFO - 
==================================================
EMA Cross Analysis - 1000PEPE/USDT
Time: 2025-05-10 04:20:00+09:00
Type: dead
Cross Character (Current): Weak
Cross Character (New): Weak
Price at Cross: 0.0123037

1. Pre-Cross Pattern (15min):
EMA Distance Changes (%): ['0.179', '0.099', '0.025', '0.024']
EMA12 Changes (%): ['-0.032', '-0.130', '-0.128', '-0.091']
Price Changes (%): ['-0.520', '-0.672', '-0.114', '0.112']
Candle Analysis:
    Body Sizes (%): ['0.517', '0.672', '0.114', '0.107']
    Upper Shadows (%): ['0.087', '0.135', '0.098', '0.214']
    Lower Shadows (%): ['0.017', '0.202', '0.397', '0.407']
Volumes: [np.float64(236763005.0), np.float64(616550512.0), np.float64(440793138.0), np.float64(387807565.0)]
2025-05-10 04:25:06,071 - INFO - 
2. Post-Cross Movement (30min):
5min Price Changes (%): ['0.059']
Maximum Change: 0.059% after 5 minutes
Candle Analysis:
    Body Sizes (%): ['0.059']
    Upper Shadows (%): ['0.003']
    Lower Shadows (%): ['0.005']
Volumes: [np.float64(1688201.0)]
==================================================
2025-05-10 04:26:12,183 - INFO - 
==================================================
EMA Cross Analysis - ZRO/USDT
Time: 2025-05-10 04:20:00+09:00
Type: dead
Cross Character (Current): Weak
Cross Character (New): Weak
Price at Cross: 2.908

1. Pre-Cross Pattern (15min):
EMA Distance Changes (%): ['0.087', '0.054', '0.019', '0.018']
EMA12 Changes (%): ['-0.005', '-0.050', '-0.061', '-0.067']
Price Changes (%): ['-0.130', '-0.301', '-0.120', '-0.100']
Candle Analysis:
    Body Sizes (%): ['0.123', '0.315', '0.110', '0.134']
    Upper Shadows (%): ['0.123', '0.150', '0.079', '0.151']
    Lower Shadows (%): ['0.000', '0.017', '0.196', '0.306']
Volumes: [np.float64(14552.8), np.float64(14864.3), np.float64(25872.2), np.float64(28409.9)]
2025-05-10 04:26:12,183 - INFO - 
2. Post-Cross Movement (30min):
5min Price Changes (%): ['0.124']
Maximum Change: 0.124% after 5 minutes
Candle Analysis:
    Body Sizes (%): ['0.124']
    Upper Shadows (%): ['0.000']
    Lower Shadows (%): ['0.007']
Volumes: [np.float64(3361.6)]
==================================================
2025-05-10 04:30:43,692 - INFO - 
==================================================
EMA Cross Analysis - ORCA/USDT
Time: 2025-05-10 04:30:00+09:00
Type: dead
Cross Character (Current): Weak
Cross Character (New): Weak
Price at Cross: 2.858

1. Pre-Cross Pattern (15min):
EMA Distance Changes (%): ['0.051', '0.023', '0.017', '0.001']
EMA12 Changes (%): ['-0.049', '-0.047', '-0.007', '-0.033']
Price Changes (%): ['0.035', '-0.035', '0.210', '-0.175']
Candle Analysis:
    Body Sizes (%): ['0.035', '0.070', '0.175', '0.175']
    Upper Shadows (%): ['0.035', '0.140', '0.035', '0.035']
    Lower Shadows (%): ['0.350', '0.210', '0.105', '0.000']
Volumes: [np.float64(19523.8), np.float64(10244.7), np.float64(6476.7), np.float64(1581.7)]
2025-05-10 04:30:43,692 - INFO - 
2. Post-Cross Movement (30min):
5min Price Changes (%): []
Maximum Change: 0.000% after 0 minutes
Candle Analysis:
    Body Sizes (%): []
    Upper Shadows (%): []
    Lower Shadows (%): []
Volumes: []
==================================================
2025-05-10 04:30:46,557 - INFO - 
==================================================
EMA Cross Analysis - PHA/USDT
Time: 2025-05-10 04:25:00+09:00
Type: dead
Cross Character (Current): Weak
Cross Character (New): Weak
Price at Cross: 0.1382

1. Pre-Cross Pattern (15min):
EMA Distance Changes (%): ['0.101', '0.057', '0.017', '0.001']
EMA12 Changes (%): ['-0.072', '-0.071', '-0.069', '-0.032']
Price Changes (%): ['-0.014', '-0.065', '-0.058', '0.174']
Candle Analysis:
    Body Sizes (%): ['0.014', '0.072', '0.036', '0.188']
    Upper Shadows (%): ['0.138', '0.109', '0.268', '0.246']
    Lower Shadows (%): ['0.152', '0.623', '0.239', '0.007']
Volumes: [np.float64(64052.0), np.float64(379501.0), np.float64(111243.0), np.float64(92952.0)]
2025-05-10 04:30:46,557 - INFO - 
2. Post-Cross Movement (30min):
5min Price Changes (%): ['-0.123']
Maximum Change: -0.123% after 5 minutes
Candle Analysis:
    Body Sizes (%): ['0.159']
    Upper Shadows (%): ['0.014']
    Lower Shadows (%): ['0.000']
Volumes: [np.float64(6518.0)]
==================================================
2025-05-10 04:30:49,391 - INFO - 
==================================================
EMA Cross Analysis - XRP/USDT
Time: 2025-05-10 04:30:00+09:00
Type: dead
Cross Character (Current): Weak
Cross Character (New): Weak
Price at Cross: 2.3488

1. Pre-Cross Pattern (15min):
EMA Distance Changes (%): ['0.065', '0.029', '0.013', '0.006']
EMA12 Changes (%): ['-0.053', '-0.061', '-0.025', '-0.036']
Price Changes (%): ['-0.276', '-0.106', '0.175', '-0.094']
Candle Analysis:
    Body Sizes (%): ['0.276', '0.106', '0.175', '0.094']
    Upper Shadows (%): ['0.021', '0.072', '0.017', '0.009']
    Lower Shadows (%): ['0.059', '0.209', '0.030', '0.000']
Volumes: [np.float64(2448935.2), np.float64(3067462.3), np.float64(1190541.5), np.float64(315273.8)]
2025-05-10 04:30:49,391 - INFO - 
2. Post-Cross Movement (30min):
5min Price Changes (%): []
Maximum Change: 0.000% after 0 minutes
Candle Analysis:
    Body Sizes (%): []
    Upper Shadows (%): []
    Lower Shadows (%): []
Volumes: []
==================================================
2025-05-10 04:30:52,848 - INFO - 
==================================================
EMA Cross Analysis - USUAL/USDT
Time: 2025-05-10 04:30:00+09:00
Type: dead
Cross Character (Current): Weak
Cross Character (New): Weak
Price at Cross: 0.147

1. Pre-Cross Pattern (15min):
EMA Distance Changes (%): ['0.034', '0.015', '0.010', '0.004']
EMA12 Changes (%): ['-0.039', '-0.033', '-0.007', '-0.027']
Price Changes (%): ['0.204', '0.000', '0.136', '-0.136']
Candle Analysis:
    Body Sizes (%): ['0.204', '0.000', '0.204', '0.204']
    Upper Shadows (%): ['0.068', '0.136', '0.068', '0.000']
    Lower Shadows (%): ['0.477', '0.340', '0.068', '0.068']
Volumes: [np.float64(604378.0), np.float64(386407.0), np.float64(234627.0), np.float64(65357.0)]
2025-05-10 04:30:52,848 - INFO - 
2. Post-Cross Movement (30min):
5min Price Changes (%): []
Maximum Change: 0.000% after 0 minutes
Candle Analysis:
    Body Sizes (%): []
    Upper Shadows (%): []
    Lower Shadows (%): []
Volumes: []
==================================================
2025-05-10 04:35:20,518 - INFO - 
==================================================
EMA Cross Analysis - ORCA/USDT
Time: 2025-05-10 04:30:00+09:00
Type: dead
Cross Character (Current): Weak
Cross Character (New): Weak
Price at Cross: 2.856

1. Pre-Cross Pattern (15min):
EMA Distance Changes (%): ['0.051', '0.023', '0.017', '0.007']
EMA12 Changes (%): ['-0.049', '-0.047', '-0.007', '-0.044']
Price Changes (%): ['0.035', '-0.035', '0.210', '-0.244']
Candle Analysis:
    Body Sizes (%): ['0.035', '0.070', '0.175', '0.244']
    Upper Shadows (%): ['0.035', '0.140', '0.035', '0.035']
    Lower Shadows (%): ['0.350', '0.210', '0.105', '0.105']
Volumes: [np.float64(19523.8), np.float64(10244.7), np.float64(6476.7), np.float64(11516.5)]
2025-05-10 04:35:20,519 - INFO - 
2. Post-Cross Movement (30min):
5min Price Changes (%): ['0.070']
Maximum Change: 0.070% after 5 minutes
Candle Analysis:
    Body Sizes (%): ['0.070']
    Upper Shadows (%): ['0.035']
    Lower Shadows (%): ['0.000']
Volumes: [np.float64(110.8)]
==================================================
2025-05-10 04:35:23,788 - INFO - 
==================================================
EMA Cross Analysis - DOGE/USDT
Time: 2025-05-10 04:30:00+09:00
Type: golden
Cross Character (Current): Weak
Cross Character (New): Weak
Price at Cross: 0.20488

1. Pre-Cross Pattern (15min):
EMA Distance Changes (%): ['0.024', '0.039', '0.021', '0.004']
EMA12 Changes (%): ['-0.073', '-0.032', '0.027', '0.046']
Price Changes (%): ['-0.118', '0.197', '0.353', '0.147']
Candle Analysis:
    Body Sizes (%): ['0.113', '0.197', '0.353', '0.142']
    Upper Shadows (%): ['0.010', '0.025', '0.000', '0.132']
    Lower Shadows (%): ['0.182', '0.285', '0.015', '0.078']
Volumes: [np.float64(16301406.0), np.float64(25431862.0), np.float64(11490762.0), np.float64(13512455.0)]
2025-05-10 04:35:23,788 - INFO - 
2. Post-Cross Movement (30min):
5min Price Changes (%): ['0.059']
Maximum Change: 0.059% after 5 minutes
Candle Analysis:
    Body Sizes (%): ['0.059']
    Upper Shadows (%): ['0.010']
    Lower Shadows (%): ['0.029']
Volumes: [np.float64(384634.0)]
==================================================
2025-05-10 04:35:26,195 - INFO - 
==================================================
EMA Cross Analysis - XRP/USDT
Time: 2025-05-10 04:35:00+09:00
Type: dead
Cross Character (Current): Weak
Cross Character (New): Weak
Price at Cross: 2.3524

1. Pre-Cross Pattern (15min):
EMA Distance Changes (%): ['0.029', '0.013', '0.003', '0.002']
EMA12 Changes (%): ['-0.061', '-0.025', '-0.018', '-0.009']
Price Changes (%): ['-0.106', '0.175', '0.021', '0.038']
Candle Analysis:
    Body Sizes (%): ['0.106', '0.175', '0.021', '0.038']
    Upper Shadows (%): ['0.072', '0.017', '0.064', '0.038']
    Lower Shadows (%): ['0.209', '0.030', '0.136', '0.000']
Volumes: [np.float64(3067462.3), np.float64(1190541.5), np.float64(1123591.5), np.float64(54114.6)]
2025-05-10 04:35:26,195 - INFO - 
2. Post-Cross Movement (30min):
5min Price Changes (%): []
Maximum Change: 0.000% after 0 minutes
Candle Analysis:
    Body Sizes (%): []
    Upper Shadows (%): []
    Lower Shadows (%): []
Volumes: []
==================================================
2025-05-10 04:41:12,283 - INFO - 
==================================================
EMA Cross Analysis - XRP/USDT
Time: 2025-05-10 04:40:00+09:00
Type: dead
Cross Character (Current): Weak
Cross Character (New): Weak
Price at Cross: 2.352

1. Pre-Cross Pattern (15min):
EMA Distance Changes (%): ['0.013', '0.003', '0.001', '0.005']
EMA12 Changes (%): ['-0.025', '-0.018', '-0.003', '-0.012']
Price Changes (%): ['0.175', '0.021', '0.081', '-0.059']
Candle Analysis:
    Body Sizes (%): ['0.175', '0.021', '0.081', '0.059']
    Upper Shadows (%): ['0.017', '0.064', '0.021', '0.013']
    Lower Shadows (%): ['0.030', '0.136', '0.072', '0.000']
Volumes: [np.float64(1190541.5), np.float64(1123591.5), np.float64(700165.4), np.float64(191610.4)]
2025-05-10 04:41:12,283 - INFO - 
2. Post-Cross Movement (30min):
5min Price Changes (%): []
Maximum Change: 0.000% after 0 minutes
Candle Analysis:
    Body Sizes (%): []
    Upper Shadows (%): []
    Lower Shadows (%): []
Volumes: []
==================================================
2025-05-10 04:41:14,593 - INFO - 
==================================================
EMA Cross Analysis - HIVE/USDT
Time: 2025-05-10 04:35:00+09:00
Type: dead
Cross Character (Current): Weak
Cross Character (New): Weak
Price at Cross: 0.25924

1. Pre-Cross Pattern (15min):
EMA Distance Changes (%): ['0.028', '0.020', '0.011', '0.015']
EMA12 Changes (%): ['-0.031', '-0.011', '-0.015', '-0.048']
Price Changes (%): ['0.000', '0.104', '-0.038', '-0.231']
Candle Analysis:
    Body Sizes (%): ['0.015', '0.073', '0.038', '0.269']
    Upper Shadows (%): ['0.096', '0.000', '0.050', '0.019']
    Lower Shadows (%): ['0.196', '0.112', '0.058', '0.115']
Volumes: [np.float64(26773.0), np.float64(7769.0), np.float64(21940.0), np.float64(31555.0)]
2025-05-10 04:41:14,593 - INFO - 
2. Post-Cross Movement (30min):
5min Price Changes (%): ['-0.093']
Maximum Change: -0.093% after 5 minutes
Candle Analysis:
    Body Sizes (%): ['0.046']
    Upper Shadows (%): ['0.000']
    Lower Shadows (%): ['0.031']
Volumes: [np.float64(6623.0)]
==================================================
2025-05-10 04:45:48,597 - INFO - 
==================================================
EMA Cross Analysis - XRP/USDT
Time: 2025-05-10 04:40:00+09:00
Type: dead
Cross Character (Current): Weak
Cross Character (New): Weak
Price at Cross: 2.3519

1. Pre-Cross Pattern (15min):
EMA Distance Changes (%): ['0.013', '0.003', '0.001', '0.005']
EMA12 Changes (%): ['-0.025', '-0.018', '-0.003', '-0.012']
Price Changes (%): ['0.175', '0.021', '0.081', '-0.064']
Candle Analysis:
    Body Sizes (%): ['0.175', '0.021', '0.081', '0.064']
    Upper Shadows (%): ['0.017', '0.064', '0.021', '0.013']
    Lower Shadows (%): ['0.030', '0.136', '0.072', '0.153']
Volumes: [np.float64(1190541.5), np.float64(1123591.5), np.float64(700165.4), np.float64(1588863.3)]
2025-05-10 04:45:48,597 - INFO - 
2. Post-Cross Movement (30min):
5min Price Changes (%): ['-0.094']
Maximum Change: -0.094% after 5 minutes
Candle Analysis:
    Body Sizes (%): ['0.089']
    Upper Shadows (%): ['0.004']
    Lower Shadows (%): ['0.009']
Volumes: [np.float64(88044.9)]
==================================================
2025-05-10 04:45:49,263 - INFO - 
==================================================
EMA Cross Analysis - RENDER/USDT
Time: 2025-05-10 04:45:00+09:00
Type: dead
Cross Character (Current): Weak
Cross Character (New): Weak
Price at Cross: 4.927

1. Pre-Cross Pattern (15min):
EMA Distance Changes (%): ['0.061', '0.035', '0.018', '0.000']
EMA12 Changes (%): ['-0.011', '-0.040', '-0.028', '-0.033']
Price Changes (%): ['-0.121', '-0.203', '0.041', '-0.061']
Candle Analysis:
    Body Sizes (%): ['0.142', '0.203', '0.041', '0.081']
    Upper Shadows (%): ['0.040', '0.020', '0.101', '0.000']
    Lower Shadows (%): ['0.162', '0.122', '0.122', '0.041']
Volumes: [np.float64(10239.6), np.float64(12149.6), np.float64(10554.7), np.float64(961.2)]
2025-05-10 04:45:49,263 - INFO - 
2. Post-Cross Movement (30min):
5min Price Changes (%): []
Maximum Change: 0.000% after 0 minutes
Candle Analysis:
    Body Sizes (%): []
    Upper Shadows (%): []
    Lower Shadows (%): []
Volumes: []
==================================================
2025-05-10 04:45:49,485 - INFO - 
==================================================
EMA Cross Analysis - PENGU/USDT
Time: 2025-05-10 04:45:00+09:00
Type: dead
Cross Character (Current): Weak
Cross Character (New): Weak
Price at Cross: 0.014261

1. Pre-Cross Pattern (15min):
EMA Distance Changes (%): ['0.115', '0.069', '0.035', '0.014']
EMA12 Changes (%): ['-0.090', '-0.072', '-0.055', '-0.090']
Price Changes (%): ['-0.147', '0.028', '0.035', '-0.280']
Candle Analysis:
    Body Sizes (%): ['0.140', '0.042', '0.035', '0.280']
    Upper Shadows (%): ['0.056', '0.091', '0.084', '0.028']
    Lower Shadows (%): ['0.286', '0.238', '0.224', '0.056']
Volumes: [np.float64(16821411.0), np.float64(10724124.0), np.float64(7053197.0), np.float64(1385165.0)]
2025-05-10 04:45:49,486 - INFO - 
2. Post-Cross Movement (30min):
5min Price Changes (%): []
Maximum Change: 0.000% after 0 minutes
Candle Analysis:
    Body Sizes (%): []
    Upper Shadows (%): []
    Lower Shadows (%): []
Volumes: []
==================================================
2025-05-10 04:45:51,430 - INFO - 
==================================================
EMA Cross Analysis - COW/USDT
Time: 2025-05-10 04:40:00+09:00
Type: dead
Cross Character (Current): Weak
Cross Character (New): Weak
Price at Cross: 0.3635

1. Pre-Cross Pattern (15min):
EMA Distance Changes (%): ['0.067', '0.050', '0.031', '0.008']
EMA12 Changes (%): ['-0.044', '-0.024', '-0.029', '-0.071']
Price Changes (%): ['0.137', '0.082', '-0.055', '-0.302']
Candle Analysis:
    Body Sizes (%): ['0.110', '0.055', '0.055', '0.302']
    Upper Shadows (%): ['0.082', '0.110', '0.000', '0.000']
    Lower Shadows (%): ['0.110', '0.302', '0.164', '0.055']
Volumes: [np.float64(115370.0), np.float64(163657.0), np.float64(61678.0), np.float64(130597.0)]
2025-05-10 04:45:51,431 - INFO - 
2. Post-Cross Movement (30min):
5min Price Changes (%): ['-0.138']
Maximum Change: -0.138% after 5 minutes
Candle Analysis:
    Body Sizes (%): ['0.138']
    Upper Shadows (%): ['0.000']
    Lower Shadows (%): ['0.000']
Volumes: [np.float64(15207.0)]
==================================================
2025-05-10 04:50:19,708 - INFO - 
==================================================
EMA Cross Analysis - BOME/USDT
Time: 2025-05-10 04:50:00+09:00
Type: dead
Cross Character (Current): Weak
Cross Character (New): Weak
Price at Cross: 0.001944

1. Pre-Cross Pattern (15min):
EMA Distance Changes (%): ['0.174', '0.110', '0.033', '0.031']
EMA12 Changes (%): ['-0.081', '-0.100', '-0.131', '-0.119']
Price Changes (%): ['-0.761', '-0.205', '-0.308', '-0.051']
Candle Analysis:
    Body Sizes (%): ['0.761', '0.256', '0.359', '0.103']
    Upper Shadows (%): ['0.051', '0.102', '0.051', '0.051']
    Lower Shadows (%): ['0.051', '0.153', '0.205', '0.000']
Volumes: [np.float64(66158510.0), np.float64(42249091.0), np.float64(60177768.0), np.float64(5840823.0)]
2025-05-10 04:50:19,709 - INFO - 
2. Post-Cross Movement (30min):
5min Price Changes (%): []
Maximum Change: 0.000% after 0 minutes
Candle Analysis:
    Body Sizes (%): []
    Upper Shadows (%): []
    Lower Shadows (%): []
Volumes: []
==================================================
2025-05-10 04:50:22,975 - INFO - 
==================================================
EMA Cross Analysis - ORDI/USDT
Time: 2025-05-10 04:45:00+09:00
Type: dead
Cross Character (Current): Weak
Cross Character (New): Weak
Price at Cross: 9.131

1. Pre-Cross Pattern (15min):
EMA Distance Changes (%): ['0.070', '0.070', '0.036', '0.002']
EMA12 Changes (%): ['0.069', '0.009', '-0.056', '-0.067']
Price Changes (%): ['0.065', '-0.315', '-0.414', '-0.131']
Candle Analysis:
    Body Sizes (%): ['0.065', '0.326', '0.403', '0.142']
    Upper Shadows (%): ['0.250', '0.022', '0.054', '0.077']
    Lower Shadows (%): ['0.054', '0.174', '0.076', '0.219']
Volumes: [np.float64(24958.8), np.float64(14958.2), np.float64(13044.5), np.float64(12358.2)]
2025-05-10 04:50:22,975 - INFO - 
2. Post-Cross Movement (30min):
5min Price Changes (%): ['-0.066']
Maximum Change: -0.066% after 5 minutes
Candle Analysis:
    Body Sizes (%): ['0.088']
    Upper Shadows (%): ['0.066']
    Lower Shadows (%): ['0.000']
Volumes: [np.float64(2491.0)]
==================================================
2025-05-10 04:50:23,628 - INFO - 
==================================================
EMA Cross Analysis - GALA/USDT
Time: 2025-05-10 04:50:00+09:00
Type: dead
Cross Character (Current): Weak
Cross Character (New): Weak
Price at Cross: 0.01921

1. Pre-Cross Pattern (15min):
EMA Distance Changes (%): ['0.046', '0.034', '0.003', '0.026']
EMA12 Changes (%): ['0.008', '-0.017', '-0.055', '-0.054']
Price Changes (%): ['-0.052', '-0.155', '-0.259', '-0.052']
Candle Analysis:
    Body Sizes (%): ['0.052', '0.155', '0.208', '0.052']
    Upper Shadows (%): ['0.052', '0.000', '0.052', '0.104']
    Lower Shadows (%): ['0.259', '0.155', '0.104', '0.000']
Volumes: [np.float64(5276831.0), np.float64(5030924.0), np.float64(6266031.0), np.float64(1134153.0)]
2025-05-10 04:50:23,628 - INFO - 
2. Post-Cross Movement (30min):
5min Price Changes (%): []
Maximum Change: 0.000% after 0 minutes
Candle Analysis:
    Body Sizes (%): []
    Upper Shadows (%): []
    Lower Shadows (%): []
Volumes: []
==================================================
2025-05-10 04:50:24,937 - INFO - 
==================================================
EMA Cross Analysis - THETA/USDT
Time: 2025-05-10 04:50:00+09:00
Type: dead
Cross Character (Current): Weak
Cross Character (New): Weak
Price at Cross: 0.8874

1. Pre-Cross Pattern (15min):
EMA Distance Changes (%): ['0.204', '0.121', '0.040', '0.024']
EMA12 Changes (%): ['-0.093', '-0.132', '-0.137', '-0.116']
Price Changes (%): ['-0.867', '-0.348', '-0.169', '0.000']
Candle Analysis:
    Body Sizes (%): ['0.878', '0.336', '0.180', '0.011']
    Upper Shadows (%): ['0.044', '0.034', '0.000', '0.068']
    Lower Shadows (%): ['0.089', '0.292', '0.281', '0.034']
Volumes: [np.float64(411706.6), np.float64(226181.6), np.float64(70232.3), np.float64(26261.6)]
2025-05-10 04:50:24,937 - INFO - 
2. Post-Cross Movement (30min):
5min Price Changes (%): []
Maximum Change: 0.000% after 0 minutes
Candle Analysis:
    Body Sizes (%): []
    Upper Shadows (%): []
    Lower Shadows (%): []
Volumes: []
==================================================
2025-05-10 04:50:26,246 - INFO - 
==================================================
EMA Cross Analysis - RENDER/USDT
Time: 2025-05-10 04:45:00+09:00
Type: dead
Cross Character (Current): Weak
Cross Character (New): Weak
Price at Cross: 4.919

1. Pre-Cross Pattern (15min):
EMA Distance Changes (%): ['0.061', '0.035', '0.018', '0.013']
EMA12 Changes (%): ['-0.011', '-0.040', '-0.028', '-0.058']
Price Changes (%): ['-0.121', '-0.203', '0.041', '-0.223']
Candle Analysis:
    Body Sizes (%): ['0.142', '0.203', '0.041', '0.243']
    Upper Shadows (%): ['0.040', '0.020', '0.101', '0.000']
    Lower Shadows (%): ['0.162', '0.122', '0.122', '0.223']
Volumes: [np.float64(10239.6), np.float64(12149.6), np.float64(10554.7), np.float64(14278.8)]
2025-05-10 04:50:26,246 - INFO - 
2. Post-Cross Movement (30min):
5min Price Changes (%): ['-0.041']
Maximum Change: -0.041% after 5 minutes
Candle Analysis:
    Body Sizes (%): ['0.041']
    Upper Shadows (%): ['0.081']
    Lower Shadows (%): ['0.000']
Volumes: [np.float64(2591.3)]
==================================================
2025-05-10 04:50:26,464 - INFO - 
==================================================
EMA Cross Analysis - PENGU/USDT
Time: 2025-05-10 04:45:00+09:00
Type: dead
Cross Character (Current): Weak
Cross Character (New): Weak
Price at Cross: 0.014272

1. Pre-Cross Pattern (15min):
EMA Distance Changes (%): ['0.115', '0.069', '0.035', '0.008']
EMA12 Changes (%): ['-0.090', '-0.072', '-0.055', '-0.078']
Price Changes (%): ['-0.147', '0.028', '0.035', '-0.203']
Candle Analysis:
    Body Sizes (%): ['0.140', '0.042', '0.035', '0.203']
    Upper Shadows (%): ['0.056', '0.091', '0.084', '0.028']
    Lower Shadows (%): ['0.286', '0.238', '0.224', '0.224']
Volumes: [np.float64(16821411.0), np.float64(10724124.0), np.float64(7053197.0), np.float64(7910378.0)]
2025-05-10 04:50:26,464 - INFO - 
2. Post-Cross Movement (30min):
5min Price Changes (%): ['-0.007']
Maximum Change: -0.007% after 5 minutes
Candle Analysis:
    Body Sizes (%): ['0.007']
    Upper Shadows (%): ['0.098']
    Lower Shadows (%): ['0.014']
Volumes: [np.float64(1098344.0)]
==================================================
2025-05-10 04:50:29,855 - INFO - 
==================================================
EMA Cross Analysis - MELANIA/USDT
Time: 2025-05-10 04:50:00+09:00
Type: dead
Cross Character (Current): Weak
Cross Character (New): Weak
Price at Cross: 0.3752

1. Pre-Cross Pattern (15min):
EMA Distance Changes (%): ['0.060', '0.040', '0.011', '0.008']
EMA12 Changes (%): ['0.002', '-0.031', '-0.051', '-0.035']
Price Changes (%): ['0.027', '-0.213', '-0.160', '0.053']
Candle Analysis:
    Body Sizes (%): ['0.053', '0.186', '0.186', '0.107']
    Upper Shadows (%): ['0.106', '0.106', '0.160', '0.053']
    Lower Shadows (%): ['0.133', '0.106', '0.266', '0.000']
Volumes: [np.float64(107018.46), np.float64(179243.33), np.float64(157690.71), np.float64(57252.11)]
2025-05-10 04:50:29,855 - INFO - 
2. Post-Cross Movement (30min):
5min Price Changes (%): []
Maximum Change: 0.000% after 0 minutes
Candle Analysis:
    Body Sizes (%): []
    Upper Shadows (%): []
    Lower Shadows (%): []
Volumes: []
==================================================
2025-05-10 04:55:00,407 - INFO - 
==================================================
EMA Cross Analysis - THETA/USDT
Time: 2025-05-10 04:50:00+09:00
Type: dead
Cross Character (Current): Weak
Cross Character (New): Weak
Price at Cross: 0.8894

1. Pre-Cross Pattern (15min):
EMA Distance Changes (%): ['0.204', '0.121', '0.040', '0.006']
EMA12 Changes (%): ['-0.093', '-0.132', '-0.137', '-0.082']
Price Changes (%): ['-0.867', '-0.348', '-0.169', '0.225']
Candle Analysis:
    Body Sizes (%): ['0.878', '0.336', '0.180', '0.237']
    Upper Shadows (%): ['0.044', '0.034', '0.000', '0.034']
    Lower Shadows (%): ['0.089', '0.292', '0.281', '0.180']
Volumes: [np.float64(411706.6), np.float64(226181.6), np.float64(70232.3), np.float64(70749.9)]
2025-05-10 04:55:00,407 - INFO - 
2. Post-Cross Movement (30min):
5min Price Changes (%): ['-0.045']
Maximum Change: -0.045% after 5 minutes
Candle Analysis:
    Body Sizes (%): ['0.022']
    Upper Shadows (%): ['0.000']
    Lower Shadows (%): ['0.011']
Volumes: [np.float64(2240.4)]
==================================================
2025-05-10 04:55:04,983 - INFO - 
==================================================
EMA Cross Analysis - MELANIA/USDT
Time: 2025-05-10 04:50:00+09:00
Type: dead
Cross Character (Current): Weak
Cross Character (New): Weak
Price at Cross: 0.3755

1. Pre-Cross Pattern (15min):
EMA Distance Changes (%): ['0.060', '0.040', '0.011', '0.002']
EMA12 Changes (%): ['0.002', '-0.031', '-0.051', '-0.022']
Price Changes (%): ['0.027', '-0.213', '-0.160', '0.133']
Candle Analysis:
    Body Sizes (%): ['0.053', '0.186', '0.186', '0.187']
    Upper Shadows (%): ['0.106', '0.106', '0.160', '0.000']
    Lower Shadows (%): ['0.133', '0.106', '0.266', '0.187']
Volumes: [np.float64(107018.46), np.float64(179243.33), np.float64(157690.71), np.float64(160660.81)]
2025-05-10 04:55:04,983 - INFO - 
2. Post-Cross Movement (30min):
5min Price Changes (%): ['-0.027']
Maximum Change: -0.027% after 5 minutes
Candle Analysis:
    Body Sizes (%): ['0.000']
    Upper Shadows (%): ['0.000']
    Lower Shadows (%): ['0.053']
Volumes: [np.float64(5245.64)]
==================================================
2025-05-10 04:56:05,957 - INFO - 
==================================================
EMA Cross Analysis - BOME/USDT
Time: 2025-05-10 04:50:00+09:00
Type: dead
Cross Character (Current): Weak
Cross Character (New): Weak
Price at Cross: 0.001949

1. Pre-Cross Pattern (15min):
EMA Distance Changes (%): ['0.174', '0.110', '0.033', '0.011']
EMA12 Changes (%): ['-0.081', '-0.100', '-0.131', '-0.080']
Price Changes (%): ['-0.761', '-0.205', '-0.308', '0.206']
Candle Analysis:
    Body Sizes (%): ['0.761', '0.256', '0.359', '0.154']
    Upper Shadows (%): ['0.051', '0.102', '0.051', '0.154']
    Lower Shadows (%): ['0.051', '0.153', '0.205', '0.308']
Volumes: [np.float64(66158510.0), np.float64(42249091.0), np.float64(60177768.0), np.float64(44454766.0)]
2025-05-10 04:56:05,957 - INFO - 
2. Post-Cross Movement (30min):
5min Price Changes (%): ['-0.308']
Maximum Change: -0.308% after 5 minutes
Candle Analysis:
    Body Sizes (%): ['0.257']
    Upper Shadows (%): ['0.000']
    Lower Shadows (%): ['0.000']
Volumes: [np.float64(8883337.0)]
==================================================
2025-05-10 04:56:09,784 - INFO - 
==================================================
EMA Cross Analysis - GALA/USDT
Time: 2025-05-10 04:50:00+09:00
Type: dead
Cross Character (Current): Weak
Cross Character (New): Weak
Price at Cross: 0.01926

1. Pre-Cross Pattern (15min):
EMA Distance Changes (%): ['0.046', '0.034', '0.003', '0.005']
EMA12 Changes (%): ['0.008', '-0.017', '-0.055', '-0.014']
Price Changes (%): ['-0.052', '-0.155', '-0.259', '0.208']
Candle Analysis:
    Body Sizes (%): ['0.052', '0.155', '0.208', '0.208']
    Upper Shadows (%): ['0.052', '0.000', '0.052', '0.052']
    Lower Shadows (%): ['0.259', '0.155', '0.104', '0.260']
Volumes: [np.float64(5276831.0), np.float64(5030924.0), np.float64(6266031.0), np.float64(6031793.0)]
2025-05-10 04:56:09,784 - INFO - 
2. Post-Cross Movement (30min):
5min Price Changes (%): ['-0.052']
Maximum Change: -0.052% after 5 minutes
Candle Analysis:
    Body Sizes (%): ['0.000']
    Upper Shadows (%): ['0.000']
    Lower Shadows (%): ['0.104']
Volumes: [np.float64(2212784.0)]
==================================================
2025-05-10 04:56:10,875 - INFO - 
==================================================
EMA Cross Analysis - BNB/USDT
Time: 2025-05-10 04:55:00+09:00
Type: dead
Cross Character (Current): Weak
Cross Character (New): Weak
Price at Cross: 635.37

1. Pre-Cross Pattern (15min):
EMA Distance Changes (%): ['0.013', '0.006', '0.004', '0.003']
EMA12 Changes (%): ['-0.005', '-0.011', '-0.004', '-0.012']
Price Changes (%): ['-0.013', '-0.046', '0.038', '-0.058']
Candle Analysis:
    Body Sizes (%): ['0.011', '0.046', '0.036', '0.057']
    Upper Shadows (%): ['0.002', '0.013', '0.009', '0.000']
    Lower Shadows (%): ['0.052', '0.044', '0.076', '0.002']
Volumes: [np.float64(465.77), np.float64(661.64), np.float64(861.99), np.float64(156.39)]
2025-05-10 04:56:10,875 - INFO - 
2. Post-Cross Movement (30min):
5min Price Changes (%): []
Maximum Change: 0.000% after 0 minutes
Candle Analysis:
    Body Sizes (%): []
    Upper Shadows (%): []
    Lower Shadows (%): []
Volumes: []
==================================================
2025-05-10 04:56:12,958 - INFO - 
==================================================
EMA Cross Analysis - ATA/USDT
Time: 2025-05-10 04:55:00+09:00
Type: dead
Cross Character (Current): Weak
Cross Character (New): Weak
Price at Cross: 0.0608

1. Pre-Cross Pattern (15min):
EMA Distance Changes (%): ['0.114', '0.049', '0.023', '0.024']
EMA12 Changes (%): ['-0.070', '-0.109', '-0.042', '-0.086']
Price Changes (%): ['-0.327', '-0.328', '0.329', '-0.328']
Candle Analysis:
    Body Sizes (%): ['0.489', '0.491', '0.164', '0.164']
    Upper Shadows (%): ['0.000', '0.000', '0.000', '0.164']
    Lower Shadows (%): ['0.163', '0.000', '0.328', '0.000']
Volumes: [np.float64(208729.0), np.float64(168564.0), np.float64(99521.0), np.float64(9993.0)]
2025-05-10 04:56:12,959 - INFO - 
2. Post-Cross Movement (30min):
5min Price Changes (%): []
Maximum Change: 0.000% after 0 minutes
Candle Analysis:
    Body Sizes (%): []
    Upper Shadows (%): []
    Lower Shadows (%): []
Volumes: []
==================================================
2025-05-10 05:00:45,940 - INFO - 
==================================================
EMA Cross Analysis - GALA/USDT
Time: 2025-05-10 05:00:00+09:00
Type: dead
Cross Character (Current): Weak
Cross Character (New): Weak
Price at Cross: 0.01927

1. Pre-Cross Pattern (15min):
EMA Distance Changes (%): ['0.003', '0.005', '0.002', '0.001']
EMA12 Changes (%): ['-0.055', '-0.014', '0.012', '-0.006']
Price Changes (%): ['-0.259', '0.208', '0.156', '-0.104']
Candle Analysis:
    Body Sizes (%): ['0.208', '0.208', '0.208', '0.104']
    Upper Shadows (%): ['0.052', '0.052', '0.000', '0.000']
    Lower Shadows (%): ['0.104', '0.260', '0.104', '0.052']
Volumes: [np.float64(6266031.0), np.float64(6031793.0), np.float64(5488044.0), np.float64(775414.0)]
2025-05-10 05:00:45,940 - INFO - 
2. Post-Cross Movement (30min):
5min Price Changes (%): []
Maximum Change: 0.000% after 0 minutes
Candle Analysis:
    Body Sizes (%): []
    Upper Shadows (%): []
    Lower Shadows (%): []
Volumes: []
==================================================
2025-05-10 05:00:47,025 - INFO - 
==================================================
EMA Cross Analysis - BNB/USDT
Time: 2025-05-10 04:55:00+09:00
Type: dead
Cross Character (Current): Weak
Cross Character (New): Weak
Price at Cross: 635.47

1. Pre-Cross Pattern (15min):
EMA Distance Changes (%): ['0.013', '0.006', '0.004', '0.002']
EMA12 Changes (%): ['-0.005', '-0.011', '-0.004', '-0.010']
Price Changes (%): ['-0.013', '-0.046', '0.038', '-0.042']
Candle Analysis:
    Body Sizes (%): ['0.011', '0.046', '0.036', '0.041']
    Upper Shadows (%): ['0.002', '0.013', '0.009', '0.000']
    Lower Shadows (%): ['0.052', '0.044', '0.076', '0.061']
Volumes: [np.float64(465.77), np.float64(661.64), np.float64(861.99), np.float64(463.33)]
2025-05-10 05:00:47,025 - INFO - 
2. Post-Cross Movement (30min):
5min Price Changes (%): ['-0.006']
Maximum Change: -0.006% after 5 minutes
Candle Analysis:
    Body Sizes (%): ['0.008']
    Upper Shadows (%): ['0.069']
    Lower Shadows (%): ['0.016']
Volumes: [np.float64(721.22)]
==================================================
2025-05-10 05:00:47,897 - INFO - 
==================================================
EMA Cross Analysis - XRP/USDT
Time: 2025-05-10 05:00:00+09:00
Type: golden
Cross Character (Current): Weak
Cross Character (New): Weak
Price at Cross: 2.3565

1. Pre-Cross Pattern (15min):
EMA Distance Changes (%): ['0.023', '0.018', '0.001', '0.009']
EMA12 Changes (%): ['-0.035', '0.007', '0.029', '0.020']
Price Changes (%): ['-0.162', '0.238', '0.149', '-0.030']
Candle Analysis:
    Body Sizes (%): ['0.157', '0.238', '0.149', '0.030']
    Upper Shadows (%): ['0.004', '0.021', '0.000', '0.021']
    Lower Shadows (%): ['0.149', '0.072', '0.200', '0.068']
Volumes: [np.float64(1097582.5), np.float64(1238952.0), np.float64(1285691.7), np.float64(428665.2)]
2025-05-10 05:00:47,898 - INFO - 
2. Post-Cross Movement (30min):
5min Price Changes (%): []
Maximum Change: 0.000% after 0 minutes
Candle Analysis:
    Body Sizes (%): []
    Upper Shadows (%): []
    Lower Shadows (%): []
Volumes: []
==================================================
2025-05-10 05:00:49,204 - INFO - 
==================================================
EMA Cross Analysis - ATA/USDT
Time: 2025-05-10 04:55:00+09:00
Type: dead
Cross Character (Current): Weak
Cross Character (New): Weak
Price at Cross: 0.0608

1. Pre-Cross Pattern (15min):
EMA Distance Changes (%): ['0.114', '0.049', '0.023', '0.024']
EMA12 Changes (%): ['-0.070', '-0.109', '-0.042', '-0.086']
Price Changes (%): ['-0.327', '-0.328', '0.329', '-0.328']
Candle Analysis:
    Body Sizes (%): ['0.489', '0.491', '0.164', '0.164']
    Upper Shadows (%): ['0.000', '0.000', '0.000', '0.164']
    Lower Shadows (%): ['0.163', '0.000', '0.328', '0.000']
Volumes: [np.float64(208729.0), np.float64(168564.0), np.float64(99521.0), np.float64(60342.0)]
2025-05-10 05:00:49,204 - INFO - 
2. Post-Cross Movement (30min):
5min Price Changes (%): ['0.164']
Maximum Change: 0.164% after 5 minutes
Candle Analysis:
    Body Sizes (%): ['0.164']
    Upper Shadows (%): ['0.000']
    Lower Shadows (%): ['0.000']
Volumes: [np.float64(13609.0)]
==================================================
2025-05-10 05:05:19,227 - INFO - 
==================================================
EMA Cross Analysis - ORCA/USDT
Time: 2025-05-10 05:05:00+09:00
Type: golden
Cross Character (Current): Weak
Cross Character (New): Weak
Price at Cross: 2.875

1. Pre-Cross Pattern (15min):
EMA Distance Changes (%): ['0.051', '0.061', '0.021', '0.019']
EMA12 Changes (%): ['-0.013', '-0.027', '0.069', '0.074']
Price Changes (%): ['0.105', '-0.105', '0.595', '0.104']
Candle Analysis:
    Body Sizes (%): ['0.105', '0.035', '0.560', '0.035']
    Upper Shadows (%): ['0.035', '0.000', '0.035', '0.035']
    Lower Shadows (%): ['0.245', '0.140', '0.035', '0.035']
Volumes: [np.float64(10671.1), np.float64(7089.2), np.float64(16492.7), np.float64(1132.3)]
2025-05-10 05:05:19,227 - INFO - 
2. Post-Cross Movement (30min):
5min Price Changes (%): []
Maximum Change: 0.000% after 0 minutes
Candle Analysis:
    Body Sizes (%): []
    Upper Shadows (%): []
    Lower Shadows (%): []
Volumes: []
==================================================
2025-05-10 05:05:21,192 - INFO - 
==================================================
EMA Cross Analysis - LINK/USDT
Time: 2025-05-10 05:05:00+09:00
Type: golden
Cross Character (Current): Weak
Cross Character (New): Weak
Price at Cross: 16.014

1. Pre-Cross Pattern (15min):
EMA Distance Changes (%): ['0.036', '0.026', '0.013', '0.001']
EMA12 Changes (%): ['0.012', '0.015', '0.021', '0.025']
Price Changes (%): ['0.232', '0.031', '0.050', '0.050']
Candle Analysis:
    Body Sizes (%): ['0.251', '0.031', '0.050', '0.056']
    Upper Shadows (%): ['0.006', '0.050', '0.031', '0.000']
    Lower Shadows (%): ['0.113', '0.200', '0.144', '0.019']
Volumes: [np.float64(41640.45), np.float64(32022.88), np.float64(43705.61), np.float64(1953.31)]
2025-05-10 05:05:21,192 - INFO - 
2. Post-Cross Movement (30min):
5min Price Changes (%): []
Maximum Change: 0.000% after 0 minutes
Candle Analysis:
    Body Sizes (%): []
    Upper Shadows (%): []
    Lower Shadows (%): []
Volumes: []
==================================================
2025-05-10 05:05:24,895 - INFO - 
==================================================
EMA Cross Analysis - XRP/USDT
Time: 2025-05-10 05:00:00+09:00
Type: golden
Cross Character (Current): Weak
Cross Character (New): Weak
Price at Cross: 2.3575

1. Pre-Cross Pattern (15min):
EMA Distance Changes (%): ['0.023', '0.018', '0.001', '0.012']
EMA12 Changes (%): ['-0.035', '0.007', '0.029', '0.026']
Price Changes (%): ['-0.162', '0.238', '0.149', '0.013']
Candle Analysis:
    Body Sizes (%): ['0.157', '0.238', '0.149', '0.013']
    Upper Shadows (%): ['0.004', '0.021', '0.000', '0.042']
    Lower Shadows (%): ['0.149', '0.072', '0.200', '0.140']
Volumes: [np.float64(1097582.5), np.float64(1238952.0), np.float64(1285691.7), np.float64(1626919.6)]
2025-05-10 05:05:24,896 - INFO - 
2. Post-Cross Movement (30min):
5min Price Changes (%): ['0.025']
Maximum Change: 0.025% after 5 minutes
Candle Analysis:
    Body Sizes (%): ['0.030']
    Upper Shadows (%): ['0.004']
    Lower Shadows (%): ['0.030']
Volumes: [np.float64(251738.8)]
==================================================
2025-05-10 05:10:02,719 - INFO - 
==================================================
EMA Cross Analysis - COW/USDT
Time: 2025-05-10 05:10:00+09:00
Type: golden
Cross Character (Current): Weak
Cross Character (New): Weak
Price at Cross: 0.3662

1. Pre-Cross Pattern (15min):
EMA Distance Changes (%): ['0.072', '0.051', '0.015', '0.017']
EMA12 Changes (%): ['-0.046', '0.029', '0.062', '0.061']
Price Changes (%): ['-0.192', '0.440', '0.247', '0.055']
Candle Analysis:
    Body Sizes (%): ['0.192', '0.413', '0.274', '0.027']
    Upper Shadows (%): ['0.027', '0.028', '0.000', '0.027']
    Lower Shadows (%): ['0.055', '0.083', '0.137', '0.000']
Volumes: [np.float64(66447.0), np.float64(129764.0), np.float64(80402.0), np.float64(2266.0)]
2025-05-10 05:10:02,719 - INFO - 
2. Post-Cross Movement (30min):
5min Price Changes (%): []
Maximum Change: 0.000% after 0 minutes
Candle Analysis:
    Body Sizes (%): []
    Upper Shadows (%): []
    Lower Shadows (%): []
Volumes: []
==================================================
2025-05-10 05:11:05,200 - INFO - 
==================================================
EMA Cross Analysis - ORCA/USDT
Time: 2025-05-10 05:10:00+09:00
Type: golden
Cross Character (Current): Weak
Cross Character (New): Weak
Price at Cross: 2.869

1. Pre-Cross Pattern (15min):
EMA Distance Changes (%): ['0.061', '0.021', '0.009', '0.012']
EMA12 Changes (%): ['-0.027', '0.069', '0.020', '0.039']
Price Changes (%): ['-0.105', '0.595', '-0.244', '0.140']
Candle Analysis:
    Body Sizes (%): ['0.035', '0.560', '0.313', '0.140']
    Upper Shadows (%): ['0.000', '0.035', '0.070', '0.035']
    Lower Shadows (%): ['0.140', '0.035', '0.035', '0.035']
Volumes: [np.float64(7089.2), np.float64(16492.7), np.float64(15738.3), np.float64(2726.2)]
2025-05-10 05:11:05,201 - INFO - 
2. Post-Cross Movement (30min):
5min Price Changes (%): []
Maximum Change: 0.000% after 0 minutes
Candle Analysis:
    Body Sizes (%): []
    Upper Shadows (%): []
    Lower Shadows (%): []
Volumes: []
==================================================
2025-05-10 05:11:07,112 - INFO - 
==================================================
EMA Cross Analysis - LINK/USDT
Time: 2025-05-10 05:05:00+09:00
Type: golden
Cross Character (Current): Weak
Cross Character (New): Weak
Price at Cross: 16.021

1. Pre-Cross Pattern (15min):
EMA Distance Changes (%): ['0.036', '0.026', '0.013', '0.005']
EMA12 Changes (%): ['0.012', '0.015', '0.021', '0.032']
Price Changes (%): ['0.232', '0.031', '0.050', '0.094']
Candle Analysis:
    Body Sizes (%): ['0.251', '0.031', '0.050', '0.100']
    Upper Shadows (%): ['0.006', '0.050', '0.031', '0.000']
    Lower Shadows (%): ['0.113', '0.200', '0.144', '0.119']
Volumes: [np.float64(41640.45), np.float64(32022.88), np.float64(43705.61), np.float64(22038.21)]
2025-05-10 05:11:07,112 - INFO - 
2. Post-Cross Movement (30min):
5min Price Changes (%): ['0.150']
Maximum Change: 0.150% after 5 minutes
Candle Analysis:
    Body Sizes (%): ['0.150']
    Upper Shadows (%): ['0.006']
    Lower Shadows (%): ['0.025']
Volumes: [np.float64(14005.26)]
==================================================
2025-05-10 05:11:09,291 - INFO - 
==================================================
EMA Cross Analysis - GRASS/USDT
Time: 2025-05-10 05:05:00+09:00
Type: dead
Cross Character (Current): Weak
Cross Character (New): Weak
Price at Cross: 1.5924

1. Pre-Cross Pattern (15min):
EMA Distance Changes (%): ['0.090', '0.063', '0.024', '0.001']
EMA12 Changes (%): ['0.015', '-0.039', '-0.065', '-0.046']
Price Changes (%): ['0.326', '-0.337', '-0.207', '0.057']
Candle Analysis:
    Body Sizes (%): ['0.332', '0.331', '0.294', '0.044']
    Upper Shadows (%): ['0.025', '0.000', '0.213', '0.082']
    Lower Shadows (%): ['0.069', '0.075', '0.357', '0.214']
Volumes: [np.float64(18941.4), np.float64(11675.6), np.float64(40706.2), np.float64(11932.8)]
2025-05-10 05:11:09,291 - INFO - 
2. Post-Cross Movement (30min):
5min Price Changes (%): ['0.138']
Maximum Change: 0.138% after 5 minutes
Candle Analysis:
    Body Sizes (%): ['0.138']
    Upper Shadows (%): ['0.094']
    Lower Shadows (%): ['0.050']
Volumes: [np.float64(3195.1)]
==================================================
2025-05-10 05:15:41,838 - INFO - 
==================================================
EMA Cross Analysis - ORCA/USDT
Time: 2025-05-10 05:10:00+09:00
Type: golden
Cross Character (Current): Weak
Cross Character (New): Weak
Price at Cross: 2.866

1. Pre-Cross Pattern (15min):
EMA Distance Changes (%): ['0.061', '0.021', '0.009', '0.003']
EMA12 Changes (%): ['-0.027', '0.069', '0.020', '0.023']
Price Changes (%): ['-0.105', '0.595', '-0.244', '0.035']
Candle Analysis:
    Body Sizes (%): ['0.035', '0.560', '0.313', '0.035']
    Upper Shadows (%): ['0.000', '0.035', '0.070', '0.175']
    Lower Shadows (%): ['0.140', '0.035', '0.035', '0.035']
Volumes: [np.float64(7089.2), np.float64(16492.7), np.float64(15738.3), np.float64(9366.3)]
2025-05-10 05:15:41,839 - INFO - 
2. Post-Cross Movement (30min):
5min Price Changes (%): ['0.035']
Maximum Change: 0.035% after 5 minutes
Candle Analysis:
    Body Sizes (%): ['0.000']
    Upper Shadows (%): ['0.070']
    Lower Shadows (%): ['0.000']
Volumes: [np.float64(518.8)]
==================================================
2025-05-10 05:15:46,635 - INFO - 
==================================================
EMA Cross Analysis - BNB/USDT
Time: 2025-05-10 05:10:00+09:00
Type: golden
Cross Character (Current): Weak
Cross Character (New): Weak
Price at Cross: 637.13

1. Pre-Cross Pattern (15min):
EMA Distance Changes (%): ['0.002', '0.004', '0.004', '0.013']
EMA12 Changes (%): ['-0.010', '-0.004', '-0.001', '0.033']
Price Changes (%): ['-0.042', '0.027', '0.019', '0.215']
Candle Analysis:
    Body Sizes (%): ['0.041', '0.025', '0.019', '0.217']
    Upper Shadows (%): ['0.000', '0.044', '0.005', '0.143']
    Lower Shadows (%): ['0.061', '0.046', '0.058', '0.000']
Volumes: [np.float64(463.33), np.float64(1318.22), np.float64(516.38), np.float64(6093.12)]
2025-05-10 05:15:46,635 - INFO - 
2. Post-Cross Movement (30min):
5min Price Changes (%): ['0.030']
Maximum Change: 0.030% after 5 minutes
Candle Analysis:
    Body Sizes (%): ['0.030']
    Upper Shadows (%): ['0.000']
    Lower Shadows (%): ['0.000']
Volumes: [np.float64(189.16)]
==================================================
2025-05-10 05:15:48,377 - INFO - 
==================================================
EMA Cross Analysis - PENGU/USDT
Time: 2025-05-10 05:15:00+09:00
Type: golden
Cross Character (Current): Weak
Cross Character (New): Weak
Price at Cross: 0.014415

1. Pre-Cross Pattern (15min):
EMA Distance Changes (%): ['0.079', '0.086', '0.024', '0.029']
EMA12 Changes (%): ['-0.002', '-0.025', '0.107', '0.099']
Price Changes (%): ['0.273', '-0.147', '0.833', '0.056']
Candle Analysis:
    Body Sizes (%): ['0.273', '0.112', '0.840', '0.069']
    Upper Shadows (%): ['0.000', '0.042', '0.119', '0.160']
    Lower Shadows (%): ['0.582', '0.412', '0.056', '0.007']
Volumes: [np.float64(23514959.0), np.float64(10279776.0), np.float64(30921998.0), np.float64(5356985.0)]
2025-05-10 05:15:48,377 - INFO - 
2. Post-Cross Movement (30min):
5min Price Changes (%): []
Maximum Change: 0.000% after 0 minutes
Candle Analysis:
    Body Sizes (%): []
    Upper Shadows (%): []
    Lower Shadows (%): []
Volumes: []
==================================================
2025-05-10 05:15:50,287 - INFO - 
==================================================
EMA Cross Analysis - COW/USDT
Time: 2025-05-10 05:15:00+09:00
Type: golden
Cross Character (Current): Weak
Cross Character (New): Weak
Price at Cross: 0.3659

1. Pre-Cross Pattern (15min):
EMA Distance Changes (%): ['0.051', '0.015', '0.000', '0.023']
EMA12 Changes (%): ['0.029', '0.062', '0.027', '0.044']
Price Changes (%): ['0.440', '0.247', '-0.164', '0.137']
Candle Analysis:
    Body Sizes (%): ['0.413', '0.274', '0.191', '0.137']
    Upper Shadows (%): ['0.028', '0.000', '0.055', '0.082']
    Lower Shadows (%): ['0.083', '0.137', '0.027', '0.000']
Volumes: [np.float64(129764.0), np.float64(80402.0), np.float64(56197.0), np.float64(8875.0)]
2025-05-10 05:15:50,288 - INFO - 
2. Post-Cross Movement (30min):
5min Price Changes (%): []
Maximum Change: 0.000% after 0 minutes
Candle Analysis:
    Body Sizes (%): []
    Upper Shadows (%): []
    Lower Shadows (%): []
Volumes: []
==================================================
2025-05-10 05:20:20,288 - INFO - 
==================================================
EMA Cross Analysis - 1000PEPE/USDT
Time: 2025-05-10 05:20:00+09:00
Type: golden
Cross Character (Current): Weak
Cross Character (New): Weak
Price at Cross: 0.0123996

1. Pre-Cross Pattern (15min):
EMA Distance Changes (%): ['0.036', '0.044', '0.020', '0.008']
EMA12 Changes (%): ['0.023', '-0.021', '0.041', '0.050']
Price Changes (%): ['-0.019', '-0.259', '0.379', '0.101']
Candle Analysis:
    Body Sizes (%): ['0.021', '0.258', '0.379', '0.090']
    Upper Shadows (%): ['0.175', '0.265', '0.159', '0.057']
    Lower Shadows (%): ['0.392', '0.085', '0.068', '0.000']
Volumes: [np.float64(305201562.0), np.float64(280246256.0), np.float64(173303762.0), np.float64(12264815.0)]
2025-05-10 05:20:20,288 - INFO - 
2. Post-Cross Movement (30min):
5min Price Changes (%): []
Maximum Change: 0.000% after 0 minutes
Candle Analysis:
    Body Sizes (%): []
    Upper Shadows (%): []
    Lower Shadows (%): []
Volumes: []
==================================================
2025-05-10 05:20:25,083 - INFO - 
==================================================
EMA Cross Analysis - RENDER/USDT
Time: 2025-05-10 05:15:00+09:00
Type: golden
Cross Character (Current): Weak
Cross Character (New): Weak
Price at Cross: 4.954

1. Pre-Cross Pattern (15min):
EMA Distance Changes (%): ['0.015', '0.013', '0.017', '0.017']
EMA12 Changes (%): ['0.003', '0.002', '-0.010', '0.063']
Price Changes (%): ['0.061', '0.000', '-0.081', '0.466']
Candle Analysis:
    Body Sizes (%): ['0.041', '0.000', '0.101', '0.487']
    Upper Shadows (%): ['0.182', '0.061', '0.223', '0.061']
    Lower Shadows (%): ['0.223', '0.284', '0.041', '0.000']
Volumes: [np.float64(24584.8), np.float64(10629.0), np.float64(10173.9), np.float64(25967.0)]
2025-05-10 05:20:25,084 - INFO - 
2. Post-Cross Movement (30min):
5min Price Changes (%): ['0.101']
Maximum Change: 0.101% after 5 minutes
Candle Analysis:
    Body Sizes (%): ['0.081']
    Upper Shadows (%): ['0.061']
    Lower Shadows (%): ['0.000']
Volumes: [np.float64(2841.7)]
==================================================
2025-05-10 05:20:25,302 - INFO - 
==================================================
EMA Cross Analysis - PENGU/USDT
Time: 2025-05-10 05:15:00+09:00
Type: golden
Cross Character (Current): Weak
Cross Character (New): Weak
Price at Cross: 0.014503

1. Pre-Cross Pattern (15min):
EMA Distance Changes (%): ['0.079', '0.086', '0.024', '0.077']
EMA12 Changes (%): ['-0.002', '-0.025', '0.107', '0.194']
Price Changes (%): ['0.273', '-0.147', '0.833', '0.666']
Candle Analysis:
    Body Sizes (%): ['0.273', '0.112', '0.840', '0.680']
    Upper Shadows (%): ['0.000', '0.042', '0.119', '0.174']
    Lower Shadows (%): ['0.582', '0.412', '0.056', '0.007']
Volumes: [np.float64(23514959.0), np.float64(10279776.0), np.float64(30921998.0), np.float64(28562640.0)]
2025-05-10 05:20:25,302 - INFO - 
2. Post-Cross Movement (30min):
5min Price Changes (%): ['0.110']
Maximum Change: 0.110% after 5 minutes
Candle Analysis:
    Body Sizes (%): ['0.110']
    Upper Shadows (%): ['0.028']
    Lower Shadows (%): ['0.000']
Volumes: [np.float64(1180169.0)]
==================================================
2025-05-10 05:20:27,215 - INFO - 
==================================================
EMA Cross Analysis - COW/USDT
Time: 2025-05-10 05:15:00+09:00
Type: golden
Cross Character (Current): Weak
Cross Character (New): Weak
Price at Cross: 0.3662

1. Pre-Cross Pattern (15min):
EMA Distance Changes (%): ['0.051', '0.015', '0.000', '0.029']
EMA12 Changes (%): ['0.029', '0.062', '0.027', '0.057']
Price Changes (%): ['0.440', '0.247', '-0.164', '0.219']
Candle Analysis:
    Body Sizes (%): ['0.413', '0.274', '0.191', '0.219']
    Upper Shadows (%): ['0.028', '0.000', '0.055', '0.109']
    Lower Shadows (%): ['0.083', '0.137', '0.027', '0.000']
Volumes: [np.float64(129764.0), np.float64(80402.0), np.float64(56197.0), np.float64(76826.0)]
2025-05-10 05:20:27,215 - INFO - 
2. Post-Cross Movement (30min):
5min Price Changes (%): ['0.027']
Maximum Change: 0.027% after 5 minutes
Candle Analysis:
    Body Sizes (%): ['0.027']
    Upper Shadows (%): ['0.000']
    Lower Shadows (%): ['0.000']
Volumes: [np.float64(1666.0)]
==================================================
2025-05-10 05:20:28,697 - INFO - 
==================================================
EMA Cross Analysis - MELANIA/USDT
Time: 2025-05-10 05:15:00+09:00
Type: golden
Cross Character (Current): Weak
Cross Character (New): Weak
Price at Cross: 0.3779

1. Pre-Cross Pattern (15min):
EMA Distance Changes (%): ['0.019', '0.027', '0.028', '0.020']
EMA12 Changes (%): ['-0.016', '-0.018', '-0.007', '0.088']
Price Changes (%): ['0.000', '-0.027', '0.053', '0.612']
Candle Analysis:
    Body Sizes (%): ['0.027', '0.053', '0.053', '0.612']
    Upper Shadows (%): ['0.080', '0.053', '0.186', '0.293']
    Lower Shadows (%): ['0.240', '0.240', '0.213', '0.000']
Volumes: [np.float64(73703.43), np.float64(69141.8), np.float64(221283.38), np.float64(195273.78)]
2025-05-10 05:20:28,697 - INFO - 
2. Post-Cross Movement (30min):
5min Price Changes (%): ['0.132']
Maximum Change: 0.132% after 5 minutes
Candle Analysis:
    Body Sizes (%): ['0.106']
    Upper Shadows (%): ['0.026']
    Lower Shadows (%): ['0.000']
Volumes: [np.float64(4563.62)]
==================================================
2025-05-10 05:25:03,037 - INFO - 
==================================================
EMA Cross Analysis - 1000PEPE/USDT
Time: 2025-05-10 05:25:00+09:00
Type: golden
Cross Character (Current): Weak
Cross Character (New): Weak
Price at Cross: 0.0123814

1. Pre-Cross Pattern (15min):
EMA Distance Changes (%): ['0.044', '0.020', '0.002', '0.010']
EMA12 Changes (%): ['-0.021', '0.041', '0.032', '0.023']
Price Changes (%): ['-0.259', '0.379', '-0.018', '-0.028']
Candle Analysis:
    Body Sizes (%): ['0.258', '0.379', '0.028', '0.029']
    Upper Shadows (%): ['0.265', '0.159', '0.174', '0.000']
    Lower Shadows (%): ['0.085', '0.068', '0.257', '0.000']
Volumes: [np.float64(280246256.0), np.float64(173303762.0), np.float64(227075680.0), np.float64(669964.0)]
2025-05-10 05:25:03,037 - INFO - 
2. Post-Cross Movement (30min):
5min Price Changes (%): []
Maximum Change: 0.000% after 0 minutes
Candle Analysis:
    Body Sizes (%): []
    Upper Shadows (%): []
    Lower Shadows (%): []
Volumes: []
==================================================
2025-05-10 05:25:03,254 - INFO - 
==================================================
EMA Cross Analysis - VANA/USDT
Time: 2025-05-10 05:25:00+09:00
Type: golden
Cross Character (Current): Weak
Cross Character (New): Weak
Price at Cross: 6.26

1. Pre-Cross Pattern (15min):
EMA Distance Changes (%): ['0.117', '0.085', '0.029', '0.015']
EMA12 Changes (%): ['-0.042', '0.044', '0.096', '0.081']
Price Changes (%): ['-0.161', '0.516', '0.385', '0.000']
Candle Analysis:
    Body Sizes (%): ['0.177', '0.500', '0.337', '0.000']
    Upper Shadows (%): ['0.080', '0.258', '0.000', '0.000']
    Lower Shadows (%): ['0.048', '0.064', '0.000', '0.000']
Volumes: [np.float64(4686.31), np.float64(10999.85), np.float64(8897.43), np.float64(1.61)]
2025-05-10 05:25:03,254 - INFO - 
2. Post-Cross Movement (30min):
5min Price Changes (%): []
Maximum Change: 0.000% after 0 minutes
Candle Analysis:
    Body Sizes (%): []
    Upper Shadows (%): []
    Lower Shadows (%): []
Volumes: []
==================================================
2025-05-10 05:26:05,218 - INFO - 
==================================================
EMA Cross Analysis - NEAR/USDT
Time: 2025-05-10 05:20:00+09:00
Type: golden
Cross Character (Current): Weak
Cross Character (New): Weak
Price at Cross: 2.901

1. Pre-Cross Pattern (15min):
EMA Distance Changes (%): ['0.036', '0.025', '0.018', '0.006']
EMA12 Changes (%): ['0.045', '0.017', '0.009', '0.045']
Price Changes (%): ['0.104', '-0.138', '-0.035', '0.242']
Candle Analysis:
    Body Sizes (%): ['0.104', '0.104', '0.069', '0.242']
    Upper Shadows (%): ['0.000', '0.276', '0.104', '0.000']
    Lower Shadows (%): ['0.173', '0.035', '0.069', '0.035']
Volumes: [np.float64(51856.0), np.float64(163013.0), np.float64(187438.0), np.float64(61418.0)]
2025-05-10 05:26:05,218 - INFO - 
2. Post-Cross Movement (30min):
5min Price Changes (%): ['-0.034']
Maximum Change: -0.034% after 5 minutes
Candle Analysis:
    Body Sizes (%): ['0.000']
    Upper Shadows (%): ['0.034']
    Lower Shadows (%): ['0.034']
Volumes: [np.float64(7126.0)]
==================================================
2025-05-10 05:26:07,349 - INFO - 
==================================================
EMA Cross Analysis - PHA/USDT
Time: 2025-05-10 05:25:00+09:00
Type: golden
Cross Character (Current): Weak
Cross Character (New): Weak
Price at Cross: 0.13856

1. Pre-Cross Pattern (15min):
EMA Distance Changes (%): ['0.051', '0.038', '0.013', '0.004']
EMA12 Changes (%): ['-0.015', '0.017', '0.042', '0.031']
Price Changes (%): ['-0.224', '0.196', '0.181', '-0.029']
Candle Analysis:
    Body Sizes (%): ['0.231', '0.174', '0.166', '0.022']
    Upper Shadows (%): ['0.145', '0.174', '0.051', '0.014']
    Lower Shadows (%): ['0.029', '0.239', '0.051', '0.094']
Volumes: [np.float64(65454.0), np.float64(102914.0), np.float64(66082.0), np.float64(24096.0)]
2025-05-10 05:26:07,349 - INFO - 
2. Post-Cross Movement (30min):
5min Price Changes (%): []
Maximum Change: 0.000% after 0 minutes
Candle Analysis:
    Body Sizes (%): []
    Upper Shadows (%): []
    Lower Shadows (%): []
Volumes: []
==================================================
2025-05-10 05:30:42,872 - INFO - 
==================================================
EMA Cross Analysis - 1000PEPE/USDT
Time: 2025-05-10 05:25:00+09:00
Type: golden
Cross Character (Current): Weak
Cross Character (New): Weak
Price at Cross: 0.0124332

1. Pre-Cross Pattern (15min):
EMA Distance Changes (%): ['0.044', '0.020', '0.002', '0.043']
EMA12 Changes (%): ['-0.021', '0.041', '0.032', '0.087']
Price Changes (%): ['-0.259', '0.379', '-0.018', '0.390']
Candle Analysis:
    Body Sizes (%): ['0.258', '0.379', '0.028', '0.389']
    Upper Shadows (%): ['0.265', '0.159', '0.174', '0.065']
    Lower Shadows (%): ['0.085', '0.068', '0.257', '0.053']
Volumes: [np.float64(280246256.0), np.float64(173303762.0), np.float64(227075680.0), np.float64(265602592.0)]
2025-05-10 05:30:42,872 - INFO - 
2. Post-Cross Movement (30min):
5min Price Changes (%): ['-0.079']
Maximum Change: -0.079% after 5 minutes
Candle Analysis:
    Body Sizes (%): ['0.082']
    Upper Shadows (%): ['0.103']
    Lower Shadows (%): ['0.027']
Volumes: [np.float64(53941974.0)]
==================================================
2025-05-10 05:30:44,177 - INFO - 
==================================================
EMA Cross Analysis - PHA/USDT
Time: 2025-05-10 05:25:00+09:00
Type: golden
Cross Character (Current): Weak
Cross Character (New): Weak
Price at Cross: 0.13889

1. Pre-Cross Pattern (15min):
EMA Distance Changes (%): ['0.051', '0.038', '0.013', '0.023']
EMA12 Changes (%): ['-0.015', '0.017', '0.042', '0.068']
Price Changes (%): ['-0.224', '0.196', '0.181', '0.209']
Candle Analysis:
    Body Sizes (%): ['0.231', '0.174', '0.166', '0.260']
    Upper Shadows (%): ['0.145', '0.174', '0.051', '0.058']
    Lower Shadows (%): ['0.029', '0.239', '0.051', '0.094']
Volumes: [np.float64(65454.0), np.float64(102914.0), np.float64(66082.0), np.float64(79052.0)]
2025-05-10 05:30:44,177 - INFO - 
2. Post-Cross Movement (30min):
5min Price Changes (%): ['-0.014']
Maximum Change: -0.014% after 5 minutes
Candle Analysis:
    Body Sizes (%): ['0.029']
    Upper Shadows (%): ['0.022']
    Lower Shadows (%): ['0.014']
Volumes: [np.float64(22304.0)]
==================================================
2025-05-10 05:30:44,397 - INFO - 
==================================================
EMA Cross Analysis - ORDI/USDT
Time: 2025-05-10 05:25:00+09:00
Type: golden
Cross Character (Current): Weak
Cross Character (New): Weak
Price at Cross: 9.204

1. Pre-Cross Pattern (15min):
EMA Distance Changes (%): ['0.080', '0.055', '0.029', '0.015']
EMA12 Changes (%): ['-0.055', '0.037', '0.042', '0.081']
Price Changes (%): ['-0.197', '0.548', '0.065', '0.294']
Candle Analysis:
    Body Sizes (%): ['0.164', '0.548', '0.055', '0.305']
    Upper Shadows (%): ['0.131', '0.088', '0.065', '0.065']
    Lower Shadows (%): ['0.033', '0.000', '0.240', '0.054']
Volumes: [np.float64(14015.9), np.float64(19850.9), np.float64(22270.8), np.float64(15898.8)]
2025-05-10 05:30:44,398 - INFO - 
2. Post-Cross Movement (30min):
5min Price Changes (%): ['-0.076']
Maximum Change: -0.076% after 5 minutes
Candle Analysis:
    Body Sizes (%): ['0.076']
    Upper Shadows (%): ['0.033']
    Lower Shadows (%): ['0.043']
Volumes: [np.float64(3482.6)]
==================================================
2025-05-10 05:30:51,046 - INFO - 
==================================================
EMA Cross Analysis - VANA/USDT
Time: 2025-05-10 05:25:00+09:00
Type: golden
Cross Character (Current): Weak
Cross Character (New): Weak
Price at Cross: 6.268

1. Pre-Cross Pattern (15min):
EMA Distance Changes (%): ['0.117', '0.085', '0.029', '0.026']
EMA12 Changes (%): ['-0.042', '0.044', '0.096', '0.101']
Price Changes (%): ['-0.161', '0.516', '0.385', '0.128']
Candle Analysis:
    Body Sizes (%): ['0.177', '0.500', '0.337', '0.128']
    Upper Shadows (%): ['0.080', '0.258', '0.000', '0.000']
    Lower Shadows (%): ['0.048', '0.064', '0.000', '0.208']
Volumes: [np.float64(4686.31), np.float64(10999.85), np.float64(8897.43), np.float64(4159.86)]
2025-05-10 05:30:51,046 - INFO - 
2. Post-Cross Movement (30min):
5min Price Changes (%): ['-0.080']
Maximum Change: -0.080% after 5 minutes
Candle Analysis:
    Body Sizes (%): ['0.096']
    Upper Shadows (%): ['0.016']
    Lower Shadows (%): ['0.000']
Volumes: [np.float64(434.98)]
==================================================
2025-05-10 05:35:22,319 - INFO - 
==================================================
EMA Cross Analysis - GRASS/USDT
Time: 2025-05-10 05:30:00+09:00
Type: dead
Cross Character (Current): Weak
Cross Character (New): Weak
Price at Cross: 1.596

1. Pre-Cross Pattern (15min):
EMA Distance Changes (%): ['0.012', '0.006', '0.002', '0.000']
EMA12 Changes (%): ['0.009', '0.009', '0.016', '-0.005']
Price Changes (%): ['0.232', '0.006', '0.056', '-0.119']
Candle Analysis:
    Body Sizes (%): ['0.220', '0.013', '0.050', '0.113']
    Upper Shadows (%): ['0.176', '0.063', '0.038', '0.019']
    Lower Shadows (%): ['0.000', '0.100', '0.113', '0.156']
Volumes: [np.float64(18056.6), np.float64(7543.9), np.float64(2878.7), np.float64(15346.6)]
2025-05-10 05:35:22,319 - INFO - 
2. Post-Cross Movement (30min):
5min Price Changes (%): ['-0.094']
Maximum Change: -0.094% after 5 minutes
Candle Analysis:
    Body Sizes (%): ['0.081']
    Upper Shadows (%): ['0.006']
    Lower Shadows (%): ['0.025']
Volumes: [np.float64(319.1)]
==================================================
2025-05-10 05:41:06,861 - INFO - 
==================================================
EMA Cross Analysis - ORDI/USDT
Time: 2025-05-10 05:35:00+09:00
Type: dead
Cross Character (Current): Weak
Cross Character (New): Weak
Price at Cross: 9.13

1. Pre-Cross Pattern (15min):
EMA Distance Changes (%): ['0.029', '0.015', '0.031', '0.003']
EMA12 Changes (%): ['0.042', '0.081', '0.033', '-0.061']
Price Changes (%): ['0.065', '0.294', '-0.228', '-0.577']
Candle Analysis:
    Body Sizes (%): ['0.055', '0.305', '0.228', '0.566']
    Upper Shadows (%): ['0.065', '0.065', '0.033', '0.011']
    Lower Shadows (%): ['0.240', '0.054', '0.065', '0.250']
Volumes: [np.float64(22270.8), np.float64(15898.8), np.float64(13808.6), np.float64(17580.1)]
2025-05-10 05:41:06,862 - INFO - 
2. Post-Cross Movement (30min):
5min Price Changes (%): ['-0.022']
Maximum Change: -0.022% after 5 minutes
Candle Analysis:
    Body Sizes (%): ['0.022']
    Upper Shadows (%): ['0.033']
    Lower Shadows (%): ['0.055']
Volumes: [np.float64(1724.0)]
==================================================
2025-05-10 05:41:12,261 - INFO - 
==================================================
EMA Cross Analysis - COW/USDT
Time: 2025-05-10 05:35:00+09:00
Type: dead
Cross Character (Current): Weak
Cross Character (New): Weak
Price at Cross: 0.3637

1. Pre-Cross Pattern (15min):
EMA Distance Changes (%): ['0.039', '0.042', '0.026', '0.006']
EMA12 Changes (%): ['0.023', '0.011', '-0.025', '-0.059']
Price Changes (%): ['-0.164', '-0.055', '-0.219', '-0.247']
Candle Analysis:
    Body Sizes (%): ['0.164', '0.027', '0.246', '0.247']
    Upper Shadows (%): ['0.082', '0.082', '0.055', '0.027']
    Lower Shadows (%): ['0.055', '0.055', '0.027', '0.027']
Volumes: [np.float64(76368.0), np.float64(20100.0), np.float64(49466.0), np.float64(47097.0)]
2025-05-10 05:41:12,261 - INFO - 
2. Post-Cross Movement (30min):
5min Price Changes (%): ['-0.027']
Maximum Change: -0.027% after 5 minutes
Candle Analysis:
    Body Sizes (%): ['0.027']
    Upper Shadows (%): ['0.000']
    Lower Shadows (%): ['0.055']
Volumes: [np.float64(11569.0)]
==================================================
2025-05-10 05:45:40,346 - INFO - 
==================================================
EMA Cross Analysis - BAN/USDT
Time: 2025-05-10 05:45:00+09:00
Type: golden
Cross Character (Current): Weak
Cross Character (New): Weak
Price at Cross: 0.06609

1. Pre-Cross Pattern (15min):
EMA Distance Changes (%): ['0.230', '0.114', '0.035', '0.024']
EMA12 Changes (%): ['-0.030', '0.187', '0.139', '0.108']
Price Changes (%): ['0.000', '1.378', '-0.121', '-0.060']
Candle Analysis:
    Body Sizes (%): ['0.015', '1.378', '0.060', '0.060']
    Upper Shadows (%): ['0.123', '0.750', '0.091', '0.030']
    Lower Shadows (%): ['0.061', '0.046', '0.287', '0.000']
Volumes: [np.float64(69216.0), np.float64(1584349.0), np.float64(265414.0), np.float64(31317.0)]
2025-05-10 05:45:40,346 - INFO - 
2. Post-Cross Movement (30min):
5min Price Changes (%): []
Maximum Change: 0.000% after 0 minutes
Candle Analysis:
    Body Sizes (%): []
    Upper Shadows (%): []
    Lower Shadows (%): []
Volumes: []
==================================================
2025-05-10 05:45:42,306 - INFO - 
==================================================
EMA Cross Analysis - 1000PEPE/USDT
Time: 2025-05-10 05:45:00+09:00
Type: dead
Cross Character (Current): Weak
Cross Character (New): Weak
Price at Cross: 0.0123247

1. Pre-Cross Pattern (15min):
EMA Distance Changes (%): ['0.060', '0.035', '0.022', '0.010']
EMA12 Changes (%): ['0.040', '-0.040', '-0.020', '-0.058']
Price Changes (%): ['-0.220', '-0.478', '0.089', '-0.266']
Candle Analysis:
    Body Sizes (%): ['0.223', '0.474', '0.089', '0.266']
    Upper Shadows (%): ['0.103', '0.033', '0.254', '0.036']
    Lower Shadows (%): ['0.178', '0.234', '0.121', '0.015']
Volumes: [np.float64(265372880.0), np.float64(254472749.0), np.float64(125718364.0), np.float64(26040136.0)]
2025-05-10 05:45:42,306 - INFO - 
2. Post-Cross Movement (30min):
5min Price Changes (%): []
Maximum Change: 0.000% after 0 minutes
Candle Analysis:
    Body Sizes (%): []
    Upper Shadows (%): []
    Lower Shadows (%): []
Volumes: []
==================================================
2025-05-10 05:45:46,461 - INFO - 
==================================================
EMA Cross Analysis - XRP/USDT
Time: 2025-05-10 05:45:00+09:00
Type: dead
Cross Character (Current): Weak
Cross Character (New): Weak
Price at Cross: 2.3493

1. Pre-Cross Pattern (15min):
EMA Distance Changes (%): ['0.047', '0.030', '0.017', '0.004']
EMA12 Changes (%): ['-0.011', '-0.026', '-0.020', '-0.039']
Price Changes (%): ['-0.220', '-0.106', '0.009', '-0.140']
Candle Analysis:
    Body Sizes (%): ['0.220', '0.102', '0.004', '0.136']
    Upper Shadows (%): ['0.025', '0.013', '0.000', '0.017']
    Lower Shadows (%): ['0.021', '0.089', '0.077', '0.000']
Volumes: [np.float64(1401765.9), np.float64(979794.1), np.float64(533970.1), np.float64(128006.3)]
2025-05-10 05:45:46,461 - INFO - 
2. Post-Cross Movement (30min):
5min Price Changes (%): []
Maximum Change: 0.000% after 0 minutes
Candle Analysis:
    Body Sizes (%): []
    Upper Shadows (%): []
    Lower Shadows (%): []
Volumes: []
==================================================
2025-05-10 05:50:17,245 - INFO - 
==================================================
EMA Cross Analysis - BAN/USDT
Time: 2025-05-10 05:45:00+09:00
Type: golden
Cross Character (Current): Weak
Cross Character (New): Weak
Price at Cross: 0.06669

1. Pre-Cross Pattern (15min):
EMA Distance Changes (%): ['0.230', '0.114', '0.035', '0.095']
EMA12 Changes (%): ['-0.030', '0.187', '0.139', '0.249']
Price Changes (%): ['0.000', '1.378', '-0.121', '0.847']
Candle Analysis:
    Body Sizes (%): ['0.015', '1.378', '0.060', '0.847']
    Upper Shadows (%): ['0.123', '0.750', '0.091', '0.378']
    Lower Shadows (%): ['0.061', '0.046', '0.287', '0.060']
Volumes: [np.float64(69216.0), np.float64(1584349.0), np.float64(265414.0), np.float64(404765.0)]
2025-05-10 05:50:17,245 - INFO - 
2. Post-Cross Movement (30min):
5min Price Changes (%): ['-0.030']
Maximum Change: -0.030% after 5 minutes
Candle Analysis:
    Body Sizes (%): ['0.030']
    Upper Shadows (%): ['0.015']
    Lower Shadows (%): ['0.000']
Volumes: [np.float64(6643.0)]
==================================================
2025-05-10 05:50:17,462 - INFO - 
==================================================
EMA Cross Analysis - BOME/USDT
Time: 2025-05-10 05:45:00+09:00
Type: golden
Cross Character (Current): Weak
Cross Character (New): Weak
Price at Cross: 0.001984

1. Pre-Cross Pattern (15min):
EMA Distance Changes (%): ['0.039', '0.064', '0.054', '0.072']
EMA12 Changes (%): ['0.012', '-0.053', '0.010', '0.237']
Price Changes (%): ['-0.153', '-0.409', '0.359', '1.483']
Candle Analysis:
    Body Sizes (%): ['0.153', '0.409', '0.359', '1.483']
    Upper Shadows (%): ['0.306', '0.000', '0.051', '0.000']
    Lower Shadows (%): ['0.102', '0.204', '0.051', '0.051']
Volumes: [np.float64(37839714.0), np.float64(34624533.0), np.float64(28194629.0), np.float64(328683763.0)]
2025-05-10 05:50:17,463 - INFO - 
2. Post-Cross Movement (30min):
5min Price Changes (%): ['-0.151']
Maximum Change: -0.151% after 5 minutes
Candle Analysis:
    Body Sizes (%): ['0.151']
    Upper Shadows (%): ['0.151']
    Lower Shadows (%): ['0.050']
Volumes: [np.float64(29120762.0)]
==================================================
2025-05-10 05:50:20,731 - INFO - 
==================================================
EMA Cross Analysis - ORDI/USDT
Time: 2025-05-10 05:45:00+09:00
Type: golden
Cross Character (Current): Weak
Cross Character (New): Weak
Price at Cross: 9.208

1. Pre-Cross Pattern (15min):
EMA Distance Changes (%): ['0.031', '0.003', '0.022', '0.024']
EMA12 Changes (%): ['0.033', '-0.061', '-0.037', '0.085']
Price Changes (%): ['-0.228', '-0.577', '0.099', '0.755']
Candle Analysis:
    Body Sizes (%): ['0.228', '0.566', '0.099', '0.733']
    Upper Shadows (%): ['0.033', '0.011', '0.088', '0.077']
    Lower Shadows (%): ['0.065', '0.250', '0.077', '0.055']
Volumes: [np.float64(13808.6), np.float64(17580.1), np.float64(7582.5), np.float64(22713.6)]
2025-05-10 05:50:20,731 - INFO - 
2. Post-Cross Movement (30min):
5min Price Changes (%): ['0.043']
Maximum Change: 0.043% after 5 minutes
Candle Analysis:
    Body Sizes (%): ['0.054']
    Upper Shadows (%): ['0.000']
    Lower Shadows (%): ['0.033']
Volumes: [np.float64(2240.2)]
==================================================
2025-05-10 05:50:21,823 - INFO - 
==================================================
EMA Cross Analysis - GRASS/USDT
Time: 2025-05-10 05:45:00+09:00
Type: golden
Cross Character (Current): Weak
Cross Character (New): Weak
Price at Cross: 1.6049

1. Pre-Cross Pattern (15min):
EMA Distance Changes (%): ['0.000', '0.027', '0.018', '0.029']
EMA12 Changes (%): ['-0.005', '-0.051', '0.013', '0.088']
Price Changes (%): ['-0.119', '-0.307', '0.371', '0.495']
Candle Analysis:
    Body Sizes (%): ['0.113', '0.295', '0.339', '0.488']
    Upper Shadows (%): ['0.019', '0.006', '0.000', '0.006']
    Lower Shadows (%): ['0.156', '0.025', '0.038', '0.088']
Volumes: [np.float64(15346.6), np.float64(10127.1), np.float64(2537.2), np.float64(15475.4)]
2025-05-10 05:50:21,823 - INFO - 
2. Post-Cross Movement (30min):
5min Price Changes (%): ['-0.062']
Maximum Change: -0.062% after 5 minutes
Candle Analysis:
    Body Sizes (%): ['0.050']
    Upper Shadows (%): ['0.000']
    Lower Shadows (%): ['0.000']
Volumes: [np.float64(654.8)]
==================================================
2025-05-10 05:50:23,350 - INFO - 
==================================================
EMA Cross Analysis - XRP/USDT
Time: 2025-05-10 05:45:00+09:00
Type: dead
Cross Character (Current): Weak
Cross Character (New): Weak
Price at Cross: 2.35

1. Pre-Cross Pattern (15min):
EMA Distance Changes (%): ['0.047', '0.030', '0.017', '0.002']
EMA12 Changes (%): ['-0.011', '-0.026', '-0.020', '-0.034']
Price Changes (%): ['-0.220', '-0.106', '0.009', '-0.111']
Candle Analysis:
    Body Sizes (%): ['0.220', '0.102', '0.004', '0.106']
    Upper Shadows (%): ['0.025', '0.013', '0.000', '0.017']
    Lower Shadows (%): ['0.021', '0.089', '0.077', '0.115']
Volumes: [np.float64(1401765.9), np.float64(979794.1), np.float64(533970.1), np.float64(822637.2)]
2025-05-10 05:50:23,350 - INFO - 
2. Post-Cross Movement (30min):
5min Price Changes (%): ['0.000']
Maximum Change: 0.000% after 0 minutes
Candle Analysis:
    Body Sizes (%): ['0.000']
    Upper Shadows (%): ['0.000']
    Lower Shadows (%): ['0.021']
Volumes: [np.float64(47577.7)]
==================================================
2025-05-10 05:50:23,783 - INFO - 
==================================================
EMA Cross Analysis - WLD/USDT
Time: 2025-05-10 05:50:00+09:00
Type: golden
Cross Character (Current): Weak
Cross Character (New): Weak
Price at Cross: 1.1503

1. Pre-Cross Pattern (15min):
EMA Distance Changes (%): ['0.136', '0.105', '0.040', '0.014']
EMA12 Changes (%): ['0.000', '0.041', '0.110', '0.099']
Price Changes (%): ['-0.157', '0.263', '0.489', '0.043']
Candle Analysis:
    Body Sizes (%): ['0.157', '0.254', '0.481', '0.043']
    Upper Shadows (%): ['0.017', '0.044', '0.096', '0.017']
    Lower Shadows (%): ['0.254', '0.219', '0.184', '0.017']
Volumes: [np.float64(422078.0), np.float64(287579.0), np.float64(309396.0), np.float64(51885.0)]
2025-05-10 05:50:23,783 - INFO - 
2. Post-Cross Movement (30min):
5min Price Changes (%): []
Maximum Change: 0.000% after 0 minutes
Candle Analysis:
    Body Sizes (%): []
    Upper Shadows (%): []
    Lower Shadows (%): []
Volumes: []
==================================================
2025-05-10 05:50:24,660 - INFO - 
==================================================
EMA Cross Analysis - ATA/USDT
Time: 2025-05-10 05:50:00+09:00
Type: golden
Cross Character (Current): Weak
Cross Character (New): Weak
Price at Cross: 0.0612

1. Pre-Cross Pattern (15min):
EMA Distance Changes (%): ['0.021', '0.027', '0.019', '0.001']
EMA12 Changes (%): ['-0.018', '-0.015', '0.012', '0.036']
Price Changes (%): ['-0.327', '0.000', '0.164', '0.164']
Candle Analysis:
    Body Sizes (%): ['0.327', '0.000', '0.164', '0.000']
    Upper Shadows (%): ['0.000', '0.000', '0.164', '0.000']
    Lower Shadows (%): ['0.163', '0.164', '0.164', '0.163']
Volumes: [np.float64(69388.0), np.float64(7245.0), np.float64(73161.0), np.float64(726.0)]
2025-05-10 05:50:24,660 - INFO - 
2. Post-Cross Movement (30min):
5min Price Changes (%): []
Maximum Change: 0.000% after 0 minutes
Candle Analysis:
    Body Sizes (%): []
    Upper Shadows (%): []
    Lower Shadows (%): []
Volumes: []
==================================================
2025-05-10 05:50:25,046 - INFO - 
==================================================
EMA Cross Analysis - SUI/USDT
Time: 2025-05-10 05:50:00+09:00
Type: golden
Cross Character (Current): Weak
Cross Character (New): Weak
Price at Cross: 3.9046

1. Pre-Cross Pattern (15min):
EMA Distance Changes (%): ['0.020', '0.014', '0.007', '0.001']
EMA12 Changes (%): ['0.036', '0.009', '0.011', '0.014']
Price Changes (%): ['0.013', '-0.136', '0.023', '0.026']
Candle Analysis:
    Body Sizes (%): ['0.015', '0.136', '0.023', '0.026']
    Upper Shadows (%): ['0.148', '0.018', '0.074', '0.018']
    Lower Shadows (%): ['0.177', '0.207', '0.231', '0.000']
Volumes: [np.float64(332203.6), np.float64(380571.0), np.float64(323528.1), np.float64(5673.7)]
2025-05-10 05:50:25,046 - INFO - 
2. Post-Cross Movement (30min):
5min Price Changes (%): []
Maximum Change: 0.000% after 0 minutes
Candle Analysis:
    Body Sizes (%): []
    Upper Shadows (%): []
    Lower Shadows (%): []
Volumes: []
==================================================
2025-05-10 05:56:06,118 - INFO - 
==================================================
EMA Cross Analysis - ATOM/USDT
Time: 2025-05-10 05:55:00+09:00
Type: golden
Cross Character (Current): Weak
Cross Character (New): Weak
Price at Cross: 4.944

1. Pre-Cross Pattern (15min):
EMA Distance Changes (%): ['0.071', '0.052', '0.005', '0.030']
EMA12 Changes (%): ['-0.000', '0.025', '0.084', '0.067']
Price Changes (%): ['0.143', '0.163', '0.406', '-0.020']
Candle Analysis:
    Body Sizes (%): ['0.122', '0.142', '0.426', '0.020']
    Upper Shadows (%): ['0.000', '0.000', '0.020', '0.061']
    Lower Shadows (%): ['0.061', '0.081', '0.020', '0.000']
Volumes: [np.float64(15606.16), np.float64(9205.79), np.float64(48692.19), np.float64(4798.95)]
2025-05-10 05:56:06,118 - INFO - 
2. Post-Cross Movement (30min):
5min Price Changes (%): []
Maximum Change: 0.000% after 0 minutes
Candle Analysis:
    Body Sizes (%): []
    Upper Shadows (%): []
    Lower Shadows (%): []
Volumes: []
==================================================
2025-05-10 05:56:08,075 - INFO - 
==================================================
EMA Cross Analysis - ZRO/USDT
Time: 2025-05-10 05:50:00+09:00
Type: golden
Cross Character (Current): Weak
Cross Character (New): Weak
Price at Cross: 2.9288

1. Pre-Cross Pattern (15min):
EMA Distance Changes (%): ['0.068', '0.059', '0.028', '0.018']
EMA12 Changes (%): ['-0.015', '0.009', '0.051', '0.084']
Price Changes (%): ['-0.096', '0.138', '0.285', '0.264']
Candle Analysis:
    Body Sizes (%): ['0.089', '0.134', '0.285', '0.281']
    Upper Shadows (%): ['0.076', '0.014', '0.031', '0.079']
    Lower Shadows (%): ['0.072', '0.072', '0.213', '0.048']
Volumes: [np.float64(26311.7), np.float64(10333.5), np.float64(19863.1), np.float64(23389.9)]
2025-05-10 05:56:08,075 - INFO - 
2. Post-Cross Movement (30min):
5min Price Changes (%): ['0.020']
Maximum Change: 0.020% after 5 minutes
Candle Analysis:
    Body Sizes (%): ['0.068']
    Upper Shadows (%): ['0.000']
    Lower Shadows (%): ['0.000']
Volumes: [np.float64(2348.1)]
==================================================
2025-05-10 05:56:08,513 - INFO - 
==================================================
EMA Cross Analysis - THETA/USDT
Time: 2025-05-10 05:55:00+09:00
Type: golden
Cross Character (Current): Weak
Cross Character (New): Weak
Price at Cross: 0.8958

1. Pre-Cross Pattern (15min):
EMA Distance Changes (%): ['0.081', '0.059', '0.015', '0.019']
EMA12 Changes (%): ['-0.028', '0.030', '0.077', '0.064']
Price Changes (%): ['0.056', '0.348', '0.336', '-0.011']
Candle Analysis:
    Body Sizes (%): ['0.045', '0.326', '0.336', '0.011']
    Upper Shadows (%): ['0.000', '0.022', '0.000', '0.011']
    Lower Shadows (%): ['0.124', '0.112', '0.011', '0.022']
Volumes: [np.float64(41970.4), np.float64(43824.2), np.float64(47619.1), np.float64(5401.4)]
2025-05-10 05:56:08,513 - INFO - 
2. Post-Cross Movement (30min):
5min Price Changes (%): []
Maximum Change: 0.000% after 0 minutes
Candle Analysis:
    Body Sizes (%): []
    Upper Shadows (%): []
    Lower Shadows (%): []
Volumes: []
==================================================
2025-05-10 05:56:08,729 - INFO - 
==================================================
EMA Cross Analysis - ARPA/USDT
Time: 2025-05-10 05:55:00+09:00
Type: golden
Cross Character (Current): Weak
Cross Character (New): Weak
Price at Cross: 0.02677

1. Pre-Cross Pattern (15min):
EMA Distance Changes (%): ['0.134', '0.086', '0.035', '0.001']
EMA12 Changes (%): ['0.025', '0.074', '0.085', '0.066']
Price Changes (%): ['0.263', '0.338', '0.150', '-0.037']
Candle Analysis:
    Body Sizes (%): ['0.263', '0.300', '0.187', '0.037']
    Upper Shadows (%): ['0.038', '0.038', '0.000', '0.000']
    Lower Shadows (%): ['0.000', '0.113', '0.000', '0.000']
Volumes: [np.float64(232643.0), np.float64(605948.0), np.float64(279314.0), np.float64(1967.0)]
2025-05-10 05:56:08,729 - INFO - 
2. Post-Cross Movement (30min):
5min Price Changes (%): []
Maximum Change: 0.000% after 0 minutes
Candle Analysis:
    Body Sizes (%): []
    Upper Shadows (%): []
    Lower Shadows (%): []
Volumes: []
==================================================
2025-05-10 05:56:09,600 - INFO - 
==================================================
EMA Cross Analysis - WLD/USDT
Time: 2025-05-10 05:50:00+09:00
Type: golden
Cross Character (Current): Weak
Cross Character (New): Weak
Price at Cross: 1.1581

1. Pre-Cross Pattern (15min):
EMA Distance Changes (%): ['0.136', '0.105', '0.040', '0.068']
EMA12 Changes (%): ['0.000', '0.041', '0.110', '0.204']
Price Changes (%): ['-0.157', '0.263', '0.489', '0.722']
Candle Analysis:
    Body Sizes (%): ['0.157', '0.254', '0.481', '0.722']
    Upper Shadows (%): ['0.017', '0.044', '0.096', '0.000']
    Lower Shadows (%): ['0.254', '0.219', '0.184', '0.122']
Volumes: [np.float64(422078.0), np.float64(287579.0), np.float64(309396.0), np.float64(1102864.0)]
2025-05-10 05:56:09,600 - INFO - 
2. Post-Cross Movement (30min):
5min Price Changes (%): ['-0.207']
Maximum Change: -0.207% after 5 minutes
Candle Analysis:
    Body Sizes (%): ['0.199']
    Upper Shadows (%): ['0.078']
    Lower Shadows (%): ['0.035']
Volumes: [np.float64(154552.0)]
==================================================
2025-05-10 05:56:10,474 - INFO - 
==================================================
EMA Cross Analysis - ATA/USDT
Time: 2025-05-10 05:50:00+09:00
Type: golden
Cross Character (Current): Weak
Cross Character (New): Weak
Price at Cross: 0.0614

1. Pre-Cross Pattern (15min):
EMA Distance Changes (%): ['0.021', '0.027', '0.019', '0.027']
EMA12 Changes (%): ['-0.018', '-0.015', '0.012', '0.086']
Price Changes (%): ['-0.327', '0.000', '0.164', '0.491']
Candle Analysis:
    Body Sizes (%): ['0.327', '0.000', '0.164', '0.327']
    Upper Shadows (%): ['0.000', '0.000', '0.164', '0.000']
    Lower Shadows (%): ['0.163', '0.164', '0.164', '0.163']
Volumes: [np.float64(69388.0), np.float64(7245.0), np.float64(73161.0), np.float64(76067.0)]
2025-05-10 05:56:10,474 - INFO - 
2. Post-Cross Movement (30min):
5min Price Changes (%): ['0.000']
Maximum Change: 0.000% after 0 minutes
Candle Analysis:
    Body Sizes (%): ['0.000']
    Upper Shadows (%): ['0.000']
    Lower Shadows (%): ['0.163']
Volumes: [np.float64(17327.0)]
==================================================
2025-05-10 05:56:10,861 - INFO - 
==================================================
EMA Cross Analysis - SUI/USDT
Time: 2025-05-10 05:50:00+09:00
Type: golden
Cross Character (Current): Weak
Cross Character (New): Weak
Price at Cross: 3.9085

1. Pre-Cross Pattern (15min):
EMA Distance Changes (%): ['0.020', '0.014', '0.007', '0.009']
EMA12 Changes (%): ['0.036', '0.009', '0.011', '0.029']
Price Changes (%): ['0.013', '-0.136', '0.023', '0.126']
Candle Analysis:
    Body Sizes (%): ['0.015', '0.136', '0.023', '0.126']
    Upper Shadows (%): ['0.148', '0.018', '0.074', '0.013']
    Lower Shadows (%): ['0.177', '0.207', '0.231', '0.151']
Volumes: [np.float64(332203.6), np.float64(380571.0), np.float64(323528.1), np.float64(198026.2)]
2025-05-10 05:56:10,861 - INFO - 
2. Post-Cross Movement (30min):
5min Price Changes (%): ['-0.028']
Maximum Change: -0.028% after 5 minutes
Candle Analysis:
    Body Sizes (%): ['0.028']
    Upper Shadows (%): ['0.049']
    Lower Shadows (%): ['0.077']
Volumes: [np.float64(60124.9)]
==================================================
2025-05-10 05:56:11,683 - INFO - 
==================================================
EMA Cross Analysis - HIVE/USDT
Time: 2025-05-10 05:50:00+09:00
Type: golden
Cross Character (Current): Weak
Cross Character (New): Weak
Price at Cross: 0.26043

1. Pre-Cross Pattern (15min):
EMA Distance Changes (%): ['0.006', '0.003', '0.000', '0.018']
EMA12 Changes (%): ['0.006', '0.006', '0.004', '0.036']
Price Changes (%): ['-0.019', '0.008', '-0.008', '0.212']
Candle Analysis:
    Body Sizes (%): ['0.012', '0.012', '0.008', '0.215']
    Upper Shadows (%): ['0.038', '0.000', '0.000', '0.000']
    Lower Shadows (%): ['0.035', '0.073', '0.185', '0.000']
Volumes: [np.float64(15600.0), np.float64(20761.0), np.float64(17323.0), np.float64(24217.0)]
2025-05-10 05:56:11,683 - INFO - 
2. Post-Cross Movement (30min):
5min Price Changes (%): ['-0.004']
Maximum Change: -0.004% after 5 minutes
Candle Analysis:
    Body Sizes (%): ['0.015']
    Upper Shadows (%): ['0.000']
    Lower Shadows (%): ['0.000']
Volumes: [np.float64(1257.0)]
==================================================
2025-05-10 05:56:12,069 - INFO - 
==================================================
EMA Cross Analysis - ZEN/USDT
Time: 2025-05-10 05:55:00+09:00
Type: golden
Cross Character (Current): Weak
Cross Character (New): Weak
Price at Cross: 9.853

1. Pre-Cross Pattern (15min):
EMA Distance Changes (%): ['0.097', '0.066', '0.014', '0.027']
EMA12 Changes (%): ['0.004', '0.045', '0.090', '0.078']
Price Changes (%): ['0.082', '0.276', '0.336', '0.010']
Candle Analysis:
    Body Sizes (%): ['0.082', '0.276', '0.336', '0.020']
    Upper Shadows (%): ['0.112', '0.000', '0.020', '0.010']
    Lower Shadows (%): ['0.000', '0.143', '0.010', '0.041']
Volumes: [np.float64(1418.7), np.float64(1382.0), np.float64(1754.4), np.float64(511.5)]
2025-05-10 05:56:12,069 - INFO - 
2. Post-Cross Movement (30min):
5min Price Changes (%): []
Maximum Change: 0.000% after 0 minutes
Candle Analysis:
    Body Sizes (%): []
    Upper Shadows (%): []
    Lower Shadows (%): []
Volumes: []
==================================================
2025-05-10 06:00:42,941 - INFO - 
==================================================
EMA Cross Analysis - ATOM/USDT
Time: 2025-05-10 05:55:00+09:00
Type: golden
Cross Character (Current): Weak
Cross Character (New): Weak
Price at Cross: 4.951

1. Pre-Cross Pattern (15min):
EMA Distance Changes (%): ['0.071', '0.052', '0.005', '0.041']
EMA12 Changes (%): ['-0.000', '0.025', '0.084', '0.089']
Price Changes (%): ['0.143', '0.163', '0.406', '0.121']
Candle Analysis:
    Body Sizes (%): ['0.122', '0.142', '0.426', '0.121']
    Upper Shadows (%): ['0.000', '0.000', '0.020', '0.020']
    Lower Shadows (%): ['0.061', '0.081', '0.020', '0.061']
Volumes: [np.float64(15606.16), np.float64(9205.79), np.float64(48692.19), np.float64(31041.92)]
2025-05-10 06:00:42,942 - INFO - 
2. Post-Cross Movement (30min):
5min Price Changes (%): ['0.061']
Maximum Change: 0.061% after 5 minutes
Candle Analysis:
    Body Sizes (%): ['0.040']
    Upper Shadows (%): ['0.000']
    Lower Shadows (%): ['0.061']
Volumes: [np.float64(4084.72)]
==================================================
2025-05-10 06:00:44,682 - INFO - 
==================================================
EMA Cross Analysis - DOT/USDT
Time: 2025-05-10 06:00:00+09:00
Type: golden
Cross Character (Current): Weak
Cross Character (New): Weak
Price at Cross: 4.793

1. Pre-Cross Pattern (15min):
EMA Distance Changes (%): ['0.084', '0.056', '0.008', '0.032']
EMA12 Changes (%): ['0.023', '0.042', '0.084', '0.077']
Price Changes (%): ['0.294', '0.147', '0.314', '0.042']
Candle Analysis:
    Body Sizes (%): ['0.273', '0.147', '0.335', '0.042']
    Upper Shadows (%): ['0.000', '0.000', '0.063', '0.021']
    Lower Shadows (%): ['0.147', '0.021', '0.000', '0.021']
Volumes: [np.float64(57529.7), np.float64(60652.3), np.float64(119629.8), np.float64(6918.5)]
2025-05-10 06:00:44,682 - INFO - 
2. Post-Cross Movement (30min):
5min Price Changes (%): []
Maximum Change: 0.000% after 0 minutes
Candle Analysis:
    Body Sizes (%): []
    Upper Shadows (%): []
    Lower Shadows (%): []
Volumes: []
==================================================
2025-05-10 06:00:45,335 - INFO - 
==================================================
EMA Cross Analysis - THETA/USDT
Time: 2025-05-10 05:55:00+09:00
Type: golden
Cross Character (Current): Weak
Cross Character (New): Weak
Price at Cross: 0.897

1. Pre-Cross Pattern (15min):
EMA Distance Changes (%): ['0.081', '0.059', '0.015', '0.030']
EMA12 Changes (%): ['-0.028', '0.030', '0.077', '0.084']
Price Changes (%): ['0.056', '0.348', '0.336', '0.123']
Candle Analysis:
    Body Sizes (%): ['0.045', '0.326', '0.336', '0.145']
    Upper Shadows (%): ['0.000', '0.022', '0.000', '0.022']
    Lower Shadows (%): ['0.124', '0.112', '0.011', '0.022']
Volumes: [np.float64(41970.4), np.float64(43824.2), np.float64(47619.1), np.float64(46790.2)]
2025-05-10 06:00:45,336 - INFO - 
2. Post-Cross Movement (30min):
5min Price Changes (%): ['0.111']
Maximum Change: 0.111% after 5 minutes
Candle Analysis:
    Body Sizes (%): ['0.111']
    Upper Shadows (%): ['0.000']
    Lower Shadows (%): ['0.078']
Volumes: [np.float64(9306.0)]
==================================================
2025-05-10 06:00:45,552 - INFO - 
==================================================
EMA Cross Analysis - ARPA/USDT
Time: 2025-05-10 05:55:00+09:00
Type: golden
Cross Character (Current): Weak
Cross Character (New): Weak
Price at Cross: 0.02679

1. Pre-Cross Pattern (15min):
EMA Distance Changes (%): ['0.134', '0.086', '0.035', '0.007']
EMA12 Changes (%): ['0.025', '0.074', '0.085', '0.078']
Price Changes (%): ['0.263', '0.338', '0.150', '0.037']
Candle Analysis:
    Body Sizes (%): ['0.263', '0.300', '0.187', '0.112']
    Upper Shadows (%): ['0.038', '0.038', '0.000', '0.000']
    Lower Shadows (%): ['0.000', '0.113', '0.000', '0.037']
Volumes: [np.float64(232643.0), np.float64(605948.0), np.float64(279314.0), np.float64(278527.0)]
2025-05-10 06:00:45,553 - INFO - 
2. Post-Cross Movement (30min):
5min Price Changes (%): ['0.149']
Maximum Change: 0.149% after 5 minutes
Candle Analysis:
    Body Sizes (%): ['0.149']
    Upper Shadows (%): ['0.000']
    Lower Shadows (%): ['0.112']
Volumes: [np.float64(349312.0)]
==================================================
2025-05-10 06:00:48,776 - INFO - 
==================================================
EMA Cross Analysis - COW/USDT
Time: 2025-05-10 05:55:00+09:00
Type: golden
Cross Character (Current): Weak
Cross Character (New): Weak
Price at Cross: 0.3659

1. Pre-Cross Pattern (15min):
EMA Distance Changes (%): ['0.025', '0.029', '0.027', '0.002']
EMA12 Changes (%): ['-0.037', '-0.010', '-0.000', '0.050']
Price Changes (%): ['0.082', '0.137', '0.055', '0.329']
Candle Analysis:
    Body Sizes (%): ['0.082', '0.137', '0.055', '0.247']
    Upper Shadows (%): ['0.000', '0.000', '0.055', '0.000']
    Lower Shadows (%): ['0.137', '0.357', '0.055', '0.055']
Volumes: [np.float64(62587.0), np.float64(131240.0), np.float64(35408.0), np.float64(39593.0)]
2025-05-10 06:00:48,777 - INFO - 
2. Post-Cross Movement (30min):
5min Price Changes (%): ['0.027']
Maximum Change: 0.027% after 5 minutes
Candle Analysis:
    Body Sizes (%): ['0.027']
    Upper Shadows (%): ['0.027']
    Lower Shadows (%): ['0.027']
Volumes: [np.float64(11173.0)]
==================================================
2025-05-10 06:00:48,992 - INFO - 
==================================================
EMA Cross Analysis - ZEN/USDT
Time: 2025-05-10 05:55:00+09:00
Type: golden
Cross Character (Current): Weak
Cross Character (New): Weak
Price at Cross: 9.854

1. Pre-Cross Pattern (15min):
EMA Distance Changes (%): ['0.097', '0.066', '0.014', '0.028']
EMA12 Changes (%): ['0.004', '0.045', '0.090', '0.079']
Price Changes (%): ['0.082', '0.276', '0.336', '0.020']
Candle Analysis:
    Body Sizes (%): ['0.082', '0.276', '0.336', '0.030']
    Upper Shadows (%): ['0.112', '0.000', '0.020', '0.030']
    Lower Shadows (%): ['0.000', '0.143', '0.010', '0.091']
Volumes: [np.float64(1418.7), np.float64(1382.0), np.float64(1754.4), np.float64(1325.8)]
2025-05-10 06:00:48,992 - INFO - 
2. Post-Cross Movement (30min):
5min Price Changes (%): ['-0.020']
Maximum Change: -0.020% after 5 minutes
Candle Analysis:
    Body Sizes (%): ['0.020']
    Upper Shadows (%): ['0.000']
    Lower Shadows (%): ['0.030']
Volumes: [np.float64(140.2)]
==================================================
2025-05-10 06:05:18,163 - INFO - 
==================================================
EMA Cross Analysis - HIPPO/USDT
Time: 2025-05-10 06:05:00+09:00
Type: dead
Cross Character (Current): Weak
Cross Character (New): Weak
Price at Cross: 0.003011

1. Pre-Cross Pattern (15min):
EMA Distance Changes (%): ['0.137', '0.101', '0.045', '0.002']
EMA12 Changes (%): ['-0.089', '-0.050', '-0.093', '-0.084']
Price Changes (%): ['-1.405', '0.166', '-0.331', '-0.033']
Candle Analysis:
    Body Sizes (%): ['1.405', '0.166', '0.298', '0.066']
    Upper Shadows (%): ['1.307', '0.232', '0.364', '0.066']
    Lower Shadows (%): ['0.359', '0.365', '0.166', '0.000']
Volumes: [np.float64(159341679.0), np.float64(15123053.0), np.float64(13305752.0), np.float64(131257.0)]
2025-05-10 06:05:18,163 - INFO - 
2. Post-Cross Movement (30min):
5min Price Changes (%): []
Maximum Change: 0.000% after 0 minutes
Candle Analysis:
    Body Sizes (%): []
    Upper Shadows (%): []
    Lower Shadows (%): []
Volumes: []
==================================================
2025-05-10 06:05:21,651 - INFO - 
==================================================
EMA Cross Analysis - DOT/USDT
Time: 2025-05-10 06:00:00+09:00
Type: golden
Cross Character (Current): Weak
Cross Character (New): Weak
Price at Cross: 4.797

1. Pre-Cross Pattern (15min):
EMA Distance Changes (%): ['0.084', '0.056', '0.008', '0.039']
EMA12 Changes (%): ['0.023', '0.042', '0.084', '0.090']
Price Changes (%): ['0.294', '0.147', '0.314', '0.125']
Candle Analysis:
    Body Sizes (%): ['0.273', '0.147', '0.335', '0.125']
    Upper Shadows (%): ['0.000', '0.000', '0.063', '0.042']
    Lower Shadows (%): ['0.147', '0.021', '0.000', '0.021']
Volumes: [np.float64(57529.7), np.float64(60652.3), np.float64(119629.8), np.float64(76217.1)]
2025-05-10 06:05:21,651 - INFO - 
2. Post-Cross Movement (30min):
5min Price Changes (%): ['-0.021']
Maximum Change: -0.021% after 5 minutes
Candle Analysis:
    Body Sizes (%): ['0.021']
    Upper Shadows (%): ['0.021']
    Lower Shadows (%): ['0.000']
Volumes: [np.float64(13282.6)]
==================================================
2025-05-10 06:05:24,870 - INFO - 
==================================================
EMA Cross Analysis - AVAX/USDT
Time: 2025-05-10 06:05:00+09:00
Type: golden
Cross Character (Current): Weak
Cross Character (New): Weak
Price at Cross: 23.191

1. Pre-Cross Pattern (15min):
EMA Distance Changes (%): ['0.071', '0.035', '0.012', '0.010']
EMA12 Changes (%): ['0.040', '0.059', '0.040', '0.040']
Price Changes (%): ['0.377', '0.160', '-0.065', '0.043']
Candle Analysis:
    Body Sizes (%): ['0.377', '0.160', '0.073', '0.039']
    Upper Shadows (%): ['0.009', '0.030', '0.043', '0.026']
    Lower Shadows (%): ['0.004', '0.052', '0.237', '0.000']
Volumes: [np.float64(21464.0), np.float64(21694.0), np.float64(35722.0), np.float64(1890.0)]
2025-05-10 06:05:24,870 - INFO - 
2. Post-Cross Movement (30min):
5min Price Changes (%): []
Maximum Change: 0.000% after 0 minutes
Candle Analysis:
    Body Sizes (%): []
    Upper Shadows (%): []
    Lower Shadows (%): []
Volumes: []
==================================================
2025-05-10 06:10:01,313 - INFO - 
==================================================
EMA Cross Analysis - BRETT/USDT
Time: 2025-05-10 06:05:00+09:00
Type: golden
Cross Character (Current): Weak
Cross Character (New): Weak
Price at Cross: 0.07665

1. Pre-Cross Pattern (15min):
EMA Distance Changes (%): ['0.085', '0.038', '0.020', '0.004']
EMA12 Changes (%): ['0.084', '0.079', '0.031', '0.044']
Price Changes (%): ['0.144', '0.052', '-0.235', '0.118']
Candle Analysis:
    Body Sizes (%): ['0.131', '0.052', '0.222', '0.065']
    Upper Shadows (%): ['0.144', '0.065', '0.065', '0.261']
    Lower Shadows (%): ['0.144', '0.209', '0.143', '0.418']
Volumes: [np.float64(451570.0), np.float64(677573.0), np.float64(1263038.0), np.float64(2415876.0)]
2025-05-10 06:10:01,313 - INFO - 
2. Post-Cross Movement (30min):
5min Price Changes (%): ['0.052']
Maximum Change: 0.052% after 5 minutes
Candle Analysis:
    Body Sizes (%): ['0.039']
    Upper Shadows (%): ['0.000']
    Lower Shadows (%): ['0.000']
Volumes: [np.float64(17040.0)]
==================================================
2025-05-10 06:11:05,146 - INFO - 
==================================================
EMA Cross Analysis - POL/USDT
Time: 2025-05-10 06:10:00+09:00
Type: golden
Cross Character (Current): Weak
Cross Character (New): Weak
Price at Cross: 0.25277

1. Pre-Cross Pattern (15min):
EMA Distance Changes (%): ['0.051', '0.042', '0.007', '0.023']
EMA12 Changes (%): ['0.041', '0.010', '0.062', '0.057']
Price Changes (%): ['0.215', '-0.159', '0.345', '0.032']
Candle Analysis:
    Body Sizes (%): ['0.215', '0.170', '0.334', '0.032']
    Upper Shadows (%): ['0.000', '0.091', '0.000', '0.047']
    Lower Shadows (%): ['0.068', '0.059', '0.000', '0.028']
Volumes: [np.float64(207958.0), np.float64(223077.0), np.float64(95592.0), np.float64(43233.0)]
2025-05-10 06:11:05,146 - INFO - 
2. Post-Cross Movement (30min):
5min Price Changes (%): []
Maximum Change: 0.000% after 0 minutes
Candle Analysis:
    Body Sizes (%): []
    Upper Shadows (%): []
    Lower Shadows (%): []
Volumes: []
==================================================
2025-05-10 06:11:06,456 - INFO - 
==================================================
EMA Cross Analysis - XLM/USDT
Time: 2025-05-10 06:10:00+09:00
Type: golden
Cross Character (Current): Weak
Cross Character (New): Weak
Price at Cross: 0.29601

1. Pre-Cross Pattern (15min):
EMA Distance Changes (%): ['0.094', '0.060', '0.019', '0.016']
EMA12 Changes (%): ['0.066', '0.053', '0.070', '0.064']
Price Changes (%): ['0.295', '-0.017', '0.159', '0.034']
Candle Analysis:
    Body Sizes (%): ['0.302', '0.034', '0.146', '0.034']
    Upper Shadows (%): ['0.037', '0.027', '0.054', '0.000']
    Lower Shadows (%): ['0.024', '0.156', '0.064', '0.044']
Volumes: [np.float64(910715.0), np.float64(1123557.0), np.float64(880956.0), np.float64(261344.0)]
2025-05-10 06:11:06,456 - INFO - 
2. Post-Cross Movement (30min):
5min Price Changes (%): []
Maximum Change: 0.000% after 0 minutes
Candle Analysis:
    Body Sizes (%): []
    Upper Shadows (%): []
    Lower Shadows (%): []
Volumes: []
==================================================
2025-05-10 06:11:10,547 - INFO - 
==================================================
EMA Cross Analysis - AVAX/USDT
Time: 2025-05-10 06:05:00+09:00
Type: golden
Cross Character (Current): Weak
Cross Character (New): Weak
Price at Cross: 23.183

1. Pre-Cross Pattern (15min):
EMA Distance Changes (%): ['0.071', '0.035', '0.012', '0.007']
EMA12 Changes (%): ['0.040', '0.059', '0.040', '0.035']
Price Changes (%): ['0.377', '0.160', '-0.065', '0.009']
Candle Analysis:
    Body Sizes (%): ['0.377', '0.160', '0.073', '0.004']
    Upper Shadows (%): ['0.009', '0.030', '0.043', '0.060']
    Lower Shadows (%): ['0.004', '0.052', '0.237', '0.147']
Volumes: [np.float64(21464.0), np.float64(21694.0), np.float64(35722.0), np.float64(17180.0)]
2025-05-10 06:11:10,548 - INFO - 
2. Post-Cross Movement (30min):
5min Price Changes (%): ['0.043']
Maximum Change: 0.043% after 5 minutes
Candle Analysis:
    Body Sizes (%): ['0.043']
    Upper Shadows (%): ['0.000']
    Lower Shadows (%): ['0.043']
Volumes: [np.float64(5372.0)]
==================================================
2025-05-10 06:15:42,035 - INFO - 
==================================================
EMA Cross Analysis - POL/USDT
Time: 2025-05-10 06:10:00+09:00
Type: golden
Cross Character (Current): Weak
Cross Character (New): Weak
Price at Cross: 0.25325

1. Pre-Cross Pattern (15min):
EMA Distance Changes (%): ['0.051', '0.042', '0.007', '0.038']
EMA12 Changes (%): ['0.041', '0.010', '0.062', '0.086']
Price Changes (%): ['0.215', '-0.159', '0.345', '0.222']
Candle Analysis:
    Body Sizes (%): ['0.215', '0.170', '0.334', '0.222']
    Upper Shadows (%): ['0.000', '0.091', '0.000', '0.059']
    Lower Shadows (%): ['0.068', '0.059', '0.000', '0.028']
Volumes: [np.float64(207958.0), np.float64(223077.0), np.float64(95592.0), np.float64(320307.0)]
2025-05-10 06:15:42,035 - INFO - 
2. Post-Cross Movement (30min):
5min Price Changes (%): ['-0.012']
Maximum Change: -0.012% after 5 minutes
Candle Analysis:
    Body Sizes (%): ['0.012']
    Upper Shadows (%): ['0.004']
    Lower Shadows (%): ['0.067']
Volumes: [np.float64(41035.0)]
==================================================
2025-05-10 06:15:42,255 - INFO - 
==================================================
EMA Cross Analysis - MOODENG/USDT
Time: 2025-05-10 06:15:00+09:00
Type: golden
Cross Character (Current): Weak
Cross Character (New): Weak
Price at Cross: 0.14107

1. Pre-Cross Pattern (15min):
EMA Distance Changes (%): ['0.210', '0.200', '0.088', '0.005']
EMA12 Changes (%): ['0.210', '-0.006', '0.186', '0.169']
Price Changes (%): ['-0.071', '-1.178', '1.243', '0.078']
Candle Analysis:
    Body Sizes (%): ['0.078', '1.171', '1.235', '0.121']
    Upper Shadows (%): ['0.702', '0.596', '0.740', '0.490']
    Lower Shadows (%): ['1.156', '0.291', '1.235', '0.128']
Volumes: [np.float64(27311342.0), np.float64(28695302.0), np.float64(32212680.0), np.float64(4312595.0)]
2025-05-10 06:15:42,255 - INFO - 
2. Post-Cross Movement (30min):
5min Price Changes (%): []
Maximum Change: 0.000% after 0 minutes
Candle Analysis:
    Body Sizes (%): []
    Upper Shadows (%): []
    Lower Shadows (%): []
Volumes: []
==================================================
2025-05-10 06:15:43,376 - INFO - 
==================================================
EMA Cross Analysis - XLM/USDT
Time: 2025-05-10 06:10:00+09:00
Type: golden
Cross Character (Current): Weak
Cross Character (New): Weak
Price at Cross: 0.29609

1. Pre-Cross Pattern (15min):
EMA Distance Changes (%): ['0.094', '0.060', '0.019', '0.018']
EMA12 Changes (%): ['0.066', '0.053', '0.070', '0.068']
Price Changes (%): ['0.295', '-0.017', '0.159', '0.061']
Candle Analysis:
    Body Sizes (%): ['0.302', '0.034', '0.146', '0.061']
    Upper Shadows (%): ['0.037', '0.027', '0.054', '0.010']
    Lower Shadows (%): ['0.024', '0.156', '0.064', '0.057']
Volumes: [np.float64(910715.0), np.float64(1123557.0), np.float64(880956.0), np.float64(771703.0)]
2025-05-10 06:15:43,376 - INFO - 
2. Post-Cross Movement (30min):
5min Price Changes (%): ['0.064']
Maximum Change: 0.064% after 5 minutes
Candle Analysis:
    Body Sizes (%): ['0.061']
    Upper Shadows (%): ['0.054']
    Lower Shadows (%): ['0.000']
Volumes: [np.float64(155080.0)]
==================================================
2025-05-10 06:15:43,806 - INFO - 
==================================================
EMA Cross Analysis - TNSR/USDT
Time: 2025-05-10 06:15:00+09:00
Type: golden
Cross Character (Current): Weak
Cross Character (New): Weak
Price at Cross: 0.1686

1. Pre-Cross Pattern (15min):
EMA Distance Changes (%): ['0.158', '0.085', '0.009', '0.051']
EMA12 Changes (%): ['0.052', '0.118', '0.136', '0.115']
Price Changes (%): ['0.060', '0.478', '0.238', '0.000']
Candle Analysis:
    Body Sizes (%): ['0.060', '0.418', '0.297', '0.118']
    Upper Shadows (%): ['0.239', '0.060', '0.059', '0.000']
    Lower Shadows (%): ['0.000', '0.000', '0.059', '0.000']
Volumes: [np.float64(72819.5), np.float64(39731.0), np.float64(82955.0), np.float64(6756.2)]
2025-05-10 06:15:43,806 - INFO - 
2. Post-Cross Movement (30min):
5min Price Changes (%): []
Maximum Change: 0.000% after 0 minutes
Candle Analysis:
    Body Sizes (%): []
    Upper Shadows (%): []
    Lower Shadows (%): []
Volumes: []
==================================================
2025-05-10 06:20:18,400 - INFO - 
==================================================
EMA Cross Analysis - 1000PEPE/USDT
Time: 2025-05-10 06:20:00+09:00
Type: dead
Cross Character (Current): Weak
Cross Character (New): Weak
Price at Cross: 0.0122908

1. Pre-Cross Pattern (15min):
EMA Distance Changes (%): ['0.067', '0.067', '0.011', '0.045']
EMA12 Changes (%): ['0.036', '0.009', '-0.098', '-0.106']
Price Changes (%): ['0.388', '-0.134', '-0.691', '-0.147']
Candle Analysis:
    Body Sizes (%): ['0.389', '0.133', '0.693', '0.154']
    Upper Shadows (%): ['0.095', '0.317', '0.076', '0.030']
    Lower Shadows (%): ['0.206', '0.089', '0.107', '0.006']
Volumes: [np.float64(206350179.0), np.float64(256766185.0), np.float64(354105809.0), np.float64(36150566.0)]
2025-05-10 06:20:18,400 - INFO - 
2. Post-Cross Movement (30min):
5min Price Changes (%): []
Maximum Change: 0.000% after 0 minutes
Candle Analysis:
    Body Sizes (%): []
    Upper Shadows (%): []
    Lower Shadows (%): []
Volumes: []
==================================================
2025-05-10 06:20:19,283 - INFO - 
==================================================
EMA Cross Analysis - MOODENG/USDT
Time: 2025-05-10 06:15:00+09:00
Type: golden
Cross Character (Current): Weak
Cross Character (New): Weak
Price at Cross: 0.14308

1. Pre-Cross Pattern (15min):
EMA Distance Changes (%): ['0.210', '0.200', '0.088', '0.117']
EMA12 Changes (%): ['0.210', '-0.006', '0.186', '0.391']
Price Changes (%): ['-0.071', '-1.178', '1.243', '1.504']
Candle Analysis:
    Body Sizes (%): ['0.078', '1.171', '1.235', '1.547']
    Upper Shadows (%): ['0.702', '0.596', '0.740', '0.213']
    Lower Shadows (%): ['1.156', '0.291', '1.235', '0.894']
Volumes: [np.float64(27311342.0), np.float64(28695302.0), np.float64(32212680.0), np.float64(34500442.0)]
2025-05-10 06:20:19,283 - INFO - 
2. Post-Cross Movement (30min):
5min Price Changes (%): ['-0.510']
Maximum Change: -0.510% after 5 minutes
Candle Analysis:
    Body Sizes (%): ['0.496']
    Upper Shadows (%): ['0.063']
    Lower Shadows (%): ['0.161']
Volumes: [np.float64(2297699.0)]
==================================================
2025-05-10 06:20:20,806 - INFO - 
==================================================
EMA Cross Analysis - TNSR/USDT
Time: 2025-05-10 06:15:00+09:00
Type: golden
Cross Character (Current): Weak
Cross Character (New): Weak
Price at Cross: 0.1681

1. Pre-Cross Pattern (15min):
EMA Distance Changes (%): ['0.158', '0.085', '0.009', '0.028']
EMA12 Changes (%): ['0.052', '0.118', '0.136', '0.069']
Price Changes (%): ['0.060', '0.478', '0.238', '-0.297']
Candle Analysis:
    Body Sizes (%): ['0.060', '0.418', '0.297', '0.415']
    Upper Shadows (%): ['0.239', '0.060', '0.059', '0.000']
    Lower Shadows (%): ['0.000', '0.000', '0.059', '0.000']
Volumes: [np.float64(72819.5), np.float64(39731.0), np.float64(82955.0), np.float64(39276.4)]
2025-05-10 06:20:20,807 - INFO - 
2. Post-Cross Movement (30min):
5min Price Changes (%): ['0.000']
Maximum Change: 0.000% after 0 minutes
Candle Analysis:
    Body Sizes (%): ['0.000']
    Upper Shadows (%): ['0.000']
    Lower Shadows (%): ['0.000']
Volumes: [np.float64(7843.5)]
==================================================
2025-05-10 06:20:24,467 - INFO - 
==================================================
EMA Cross Analysis - AVAX/USDT
Time: 2025-05-10 06:15:00+09:00
Type: dead
Cross Character (Current): Weak
Cross Character (New): Weak
Price at Cross: 23.069

1. Pre-Cross Pattern (15min):
EMA Distance Changes (%): ['0.012', '0.007', '0.024', '0.005']
EMA12 Changes (%): ['0.040', '0.035', '0.034', '-0.052']
Price Changes (%): ['-0.065', '0.009', '0.030', '-0.522']
Candle Analysis:
    Body Sizes (%): ['0.073', '0.004', '0.030', '0.522']
    Upper Shadows (%): ['0.043', '0.060', '0.026', '0.108']
    Lower Shadows (%): ['0.237', '0.147', '0.056', '0.000']
Volumes: [np.float64(35722.0), np.float64(17180.0), np.float64(14128.0), np.float64(32133.0)]
2025-05-10 06:20:24,468 - INFO - 
2. Post-Cross Movement (30min):
5min Price Changes (%): ['-0.004']
Maximum Change: -0.004% after 5 minutes
Candle Analysis:
    Body Sizes (%): ['0.004']
    Upper Shadows (%): ['0.048']
    Lower Shadows (%): ['0.017']
Volumes: [np.float64(6751.0)]
==================================================
2025-05-10 06:26:03,062 - INFO - 
==================================================
EMA Cross Analysis - NEAR/USDT
Time: 2025-05-10 06:25:00+09:00
Type: dead
Cross Character (Current): Weak
Cross Character (New): Weak
Price at Cross: 2.885

1. Pre-Cross Pattern (15min):
EMA Distance Changes (%): ['0.100', '0.074', '0.022', '0.014']
EMA12 Changes (%): ['0.056', '-0.037', '-0.090', '-0.065']
Price Changes (%): ['0.207', '-0.550', '-0.380', '0.069']
Candle Analysis:
    Body Sizes (%): ['0.172', '0.550', '0.380', '0.069']
    Upper Shadows (%): ['0.034', '0.137', '0.000', '0.035']
    Lower Shadows (%): ['0.069', '0.000', '0.104', '0.000']
Volumes: [np.float64(70539.0), np.float64(179617.0), np.float64(155368.0), np.float64(41222.0)]
2025-05-10 06:26:03,062 - INFO - 
2. Post-Cross Movement (30min):
5min Price Changes (%): []
Maximum Change: 0.000% after 0 minutes
Candle Analysis:
    Body Sizes (%): []
    Upper Shadows (%): []
    Lower Shadows (%): []
Volumes: []
==================================================
2025-05-10 06:26:03,933 - INFO - 
==================================================
EMA Cross Analysis - 1000PEPE/USDT
Time: 2025-05-10 06:20:00+09:00
Type: dead
Cross Character (Current): Weak
Cross Character (New): Weak
Price at Cross: 0.0121925

1. Pre-Cross Pattern (15min):
EMA Distance Changes (%): ['0.067', '0.067', '0.011', '0.109']
EMA12 Changes (%): ['0.036', '0.009', '-0.098', '-0.228']
Price Changes (%): ['0.388', '-0.134', '-0.691', '-0.946']
Candle Analysis:
    Body Sizes (%): ['0.389', '0.133', '0.693', '0.952']
    Upper Shadows (%): ['0.095', '0.317', '0.076', '0.030']
    Lower Shadows (%): ['0.206', '0.089', '0.107', '0.229']
Volumes: [np.float64(206350179.0), np.float64(256766185.0), np.float64(354105809.0), np.float64(760315755.0)]
2025-05-10 06:26:03,934 - INFO - 
2. Post-Cross Movement (30min):
5min Price Changes (%): ['0.180']
Maximum Change: 0.180% after 5 minutes
Candle Analysis:
    Body Sizes (%): ['0.179']
    Upper Shadows (%): ['0.023']
    Lower Shadows (%): ['0.344']
Volumes: [np.float64(270111174.0)]
==================================================
2025-05-10 06:26:04,370 - INFO - 
==================================================
EMA Cross Analysis - LINK/USDT
Time: 2025-05-10 06:20:00+09:00
Type: dead
Cross Character (Current): Weak
Cross Character (New): Weak
Price at Cross: 15.919

1. Pre-Cross Pattern (15min):
EMA Distance Changes (%): ['0.086', '0.085', '0.044', '0.010']
EMA12 Changes (%): ['0.033', '0.009', '-0.066', '-0.098']
Price Changes (%): ['0.106', '-0.125', '-0.480', '-0.276']
Candle Analysis:
    Body Sizes (%): ['0.106', '0.125', '0.480', '0.282']
    Upper Shadows (%): ['0.037', '0.137', '0.112', '0.038']
    Lower Shadows (%): ['0.100', '0.012', '0.006', '0.069']
Volumes: [np.float64(40806.6), np.float64(54942.38), np.float64(97384.46), np.float64(58734.89)]
2025-05-10 06:26:04,370 - INFO - 
2. Post-Cross Movement (30min):
5min Price Changes (%): ['0.113']
Maximum Change: 0.113% after 5 minutes
Candle Analysis:
    Body Sizes (%): ['0.119']
    Upper Shadows (%): ['0.000']
    Lower Shadows (%): ['0.019']
Volumes: [np.float64(13479.31)]
==================================================
2025-05-10 06:26:05,899 - INFO - 
==================================================
EMA Cross Analysis - XLM/USDT
Time: 2025-05-10 06:20:00+09:00
Type: dead
Cross Character (Current): Weak
Cross Character (New): Weak
Price at Cross: 0.29396

1. Pre-Cross Pattern (15min):
EMA Distance Changes (%): ['0.019', '0.018', '0.022', '0.008']
EMA12 Changes (%): ['0.070', '0.068', '0.011', '-0.055']
Price Changes (%): ['0.159', '0.061', '-0.301', '-0.420']
Candle Analysis:
    Body Sizes (%): ['0.146', '0.061', '0.304', '0.417']
    Upper Shadows (%): ['0.054', '0.010', '0.115', '0.037']
    Lower Shadows (%): ['0.064', '0.057', '0.027', '0.007']
Volumes: [np.float64(880956.0), np.float64(771703.0), np.float64(848645.0), np.float64(1152176.0)]
2025-05-10 06:26:05,899 - INFO - 
2. Post-Cross Movement (30min):
5min Price Changes (%): ['0.116']
Maximum Change: 0.116% after 5 minutes
Candle Analysis:
    Body Sizes (%): ['0.109']
    Upper Shadows (%): ['0.000']
    Lower Shadows (%): ['0.010']
Volumes: [np.float64(95361.0)]
==================================================
2025-05-10 06:26:06,335 - INFO - 
==================================================
EMA Cross Analysis - TNSR/USDT
Time: 2025-05-10 06:25:00+09:00
Type: dead
Cross Character (Current): Weak
Cross Character (New): Weak
Price at Cross: 0.167

1. Pre-Cross Pattern (15min):
EMA Distance Changes (%): ['0.009', '0.028', '0.004', '0.015']
EMA12 Changes (%): ['0.136', '0.069', '-0.042', '-0.036']
Price Changes (%): ['0.238', '-0.297', '-0.654', '0.000']
Candle Analysis:
    Body Sizes (%): ['0.297', '0.415', '0.654', '0.060']
    Upper Shadows (%): ['0.059', '0.000', '0.000', '0.000']
    Lower Shadows (%): ['0.059', '0.000', '0.000', '0.060']
Volumes: [np.float64(82955.0), np.float64(39276.4), np.float64(67932.1), np.float64(6614.7)]
2025-05-10 06:26:06,335 - INFO - 
2. Post-Cross Movement (30min):
5min Price Changes (%): []
Maximum Change: 0.000% after 0 minutes
Candle Analysis:
    Body Sizes (%): []
    Upper Shadows (%): []
    Lower Shadows (%): []
Volumes: []
==================================================
2025-05-10 06:26:08,094 - INFO - 
==================================================
EMA Cross Analysis - XRP/USDT
Time: 2025-05-10 06:20:00+09:00
Type: dead
Cross Character (Current): Weak
Cross Character (New): Weak
Price at Cross: 2.3424

1. Pre-Cross Pattern (15min):
EMA Distance Changes (%): ['0.036', '0.045', '0.028', '0.021']
EMA12 Changes (%): ['0.040', '0.022', '-0.027', '-0.090']
Price Changes (%): ['0.195', '-0.076', '-0.292', '-0.438']
Candle Analysis:
    Body Sizes (%): ['0.199', '0.076', '0.292', '0.434']
    Upper Shadows (%): ['0.038', '0.047', '0.068', '0.055']
    Lower Shadows (%): ['0.055', '0.051', '0.000', '0.026']
Volumes: [np.float64(1624379.5), np.float64(1115537.6), np.float64(1729811.8), np.float64(2572051.7)]
2025-05-10 06:26:08,094 - INFO - 
2. Post-Cross Movement (30min):
5min Price Changes (%): ['0.149']
Maximum Change: 0.149% after 5 minutes
Candle Analysis:
    Body Sizes (%): ['0.145']
    Upper Shadows (%): ['0.000']
    Lower Shadows (%): ['0.000']
Volumes: [np.float64(530066.6)]
==================================================
2025-05-10 06:26:09,788 - INFO - 
==================================================
EMA Cross Analysis - SUI/USDT
Time: 2025-05-10 06:20:00+09:00
Type: dead
Cross Character (Current): Weak
Cross Character (New): Weak
Price at Cross: 3.8805

1. Pre-Cross Pattern (15min):
EMA Distance Changes (%): ['0.064', '0.065', '0.041', '0.014']
EMA12 Changes (%): ['0.047', '0.010', '-0.037', '-0.100']
Price Changes (%): ['0.026', '-0.189', '-0.299', '-0.444']
Candle Analysis:
    Body Sizes (%): ['0.023', '0.191', '0.302', '0.446']
    Upper Shadows (%): ['0.059', '0.049', '0.092', '0.113']
    Lower Shadows (%): ['0.125', '0.084', '0.018', '0.192']
Volumes: [np.float64(665027.1), np.float64(651211.2), np.float64(590153.1), np.float64(1781257.9)]
2025-05-10 06:26:09,788 - INFO - 
2. Post-Cross Movement (30min):
5min Price Changes (%): ['0.157']
Maximum Change: 0.157% after 5 minutes
Candle Analysis:
    Body Sizes (%): ['0.157']
    Upper Shadows (%): ['0.015']
    Lower Shadows (%): ['0.003']
Volumes: [np.float64(95774.5)]
==================================================
2025-05-10 06:30:39,941 - INFO - 
==================================================
EMA Cross Analysis - NEAR/USDT
Time: 2025-05-10 06:30:00+09:00
Type: dead
Cross Character (Current): Weak
Cross Character (New): Weak
Price at Cross: 2.889

1. Pre-Cross Pattern (15min):
EMA Distance Changes (%): ['0.074', '0.022', '0.005', '0.016']
EMA12 Changes (%): ['-0.037', '-0.090', '-0.028', '-0.040']
Price Changes (%): ['-0.550', '-0.380', '0.312', '-0.104']
Candle Analysis:
    Body Sizes (%): ['0.550', '0.380', '0.312', '0.138']
    Upper Shadows (%): ['0.137', '0.000', '0.000', '0.138']
    Lower Shadows (%): ['0.000', '0.104', '0.035', '0.035']
Volumes: [np.float64(179617.0), np.float64(155368.0), np.float64(84109.0), np.float64(81973.0)]
2025-05-10 06:30:39,942 - INFO - 
2. Post-Cross Movement (30min):
5min Price Changes (%): []
Maximum Change: 0.000% after 0 minutes
Candle Analysis:
    Body Sizes (%): []
    Upper Shadows (%): []
    Lower Shadows (%): []
Volumes: []
==================================================
2025-05-10 06:35:21,569 - INFO - 
==================================================
EMA Cross Analysis - EOS/USDT
Time: 2025-05-10 06:30:00+09:00
Type: golden
Cross Character (Current): Weak
Cross Character (New): Weak
Price at Cross: 0.856

1. Pre-Cross Pattern (15min):
EMA Distance Changes (%): ['0.044', '0.041', '0.020', '0.016']
EMA12 Changes (%): ['0.042', '-0.001', '0.035', '0.066']
Price Changes (%): ['-0.117', '-0.234', '0.235', '0.234']
Candle Analysis:
    Body Sizes (%): ['0.000', '0.117', '0.235', '0.352']
    Upper Shadows (%): ['0.234', '0.234', '0.000', '0.000']
    Lower Shadows (%): ['0.351', '0.117', '0.117', '0.000']
Volumes: [np.float64(589814.4), np.float64(198147.6), np.float64(212864.7), np.float64(224274.3)]
2025-05-10 06:35:21,569 - INFO - 
2. Post-Cross Movement (30min):
5min Price Changes (%): ['-0.117']
Maximum Change: -0.117% after 5 minutes
Candle Analysis:
    Body Sizes (%): ['0.000']
    Upper Shadows (%): ['0.117']
    Lower Shadows (%): ['0.000']
Volumes: [np.float64(377.0)]
==================================================
2025-05-10 06:45:39,350 - INFO - 
==================================================
EMA Cross Analysis - HIPPO/USDT
Time: 2025-05-10 06:45:00+09:00
Type: dead
Cross Character (Current): Weak
Cross Character (New): Weak
Price at Cross: 0.003011

1. Pre-Cross Pattern (15min):
EMA Distance Changes (%): ['0.125', '0.082', '0.023', '0.026']
EMA12 Changes (%): ['0.047', '-0.066', '-0.102', '-0.091']
Price Changes (%): ['-0.164', '-0.690', '-0.298', '-0.033']
Candle Analysis:
    Body Sizes (%): ['0.164', '0.690', '0.331', '0.033']
    Upper Shadows (%): ['1.936', '0.197', '0.563', '0.066']
    Lower Shadows (%): ['0.164', '0.690', '0.364', '0.033']
Volumes: [np.float64(65944497.0), np.float64(56271552.0), np.float64(12454720.0), np.float64(380333.0)]
2025-05-10 06:45:39,350 - INFO - 
2. Post-Cross Movement (30min):
5min Price Changes (%): []
Maximum Change: 0.000% after 0 minutes
Candle Analysis:
    Body Sizes (%): []
    Upper Shadows (%): []
    Lower Shadows (%): []
Volumes: []
==================================================
2025-05-10 06:45:41,752 - INFO - 
==================================================
EMA Cross Analysis - DOGE/USDT
Time: 2025-05-10 06:45:00+09:00
Type: dead
Cross Character (Current): Weak
Cross Character (New): Weak
Price at Cross: 0.20435

1. Pre-Cross Pattern (15min):
EMA Distance Changes (%): ['0.062', '0.057', '0.023', '0.006']
EMA12 Changes (%): ['0.024', '-0.000', '-0.057', '-0.053']
Price Changes (%): ['0.224', '-0.136', '-0.370', '-0.029']
Candle Analysis:
    Body Sizes (%): ['0.224', '0.136', '0.375', '0.029']
    Upper Shadows (%): ['0.039', '0.170', '0.083', '0.000']
    Lower Shadows (%): ['0.063', '0.078', '0.005', '0.098']
Volumes: [np.float64(5641415.0), np.float64(4192473.0), np.float64(6887987.0), np.float64(2716805.0)]
2025-05-10 06:45:41,752 - INFO - 
2. Post-Cross Movement (30min):
5min Price Changes (%): []
Maximum Change: 0.000% after 0 minutes
Candle Analysis:
    Body Sizes (%): []
    Upper Shadows (%): []
    Lower Shadows (%): []
Volumes: []
==================================================
2025-05-10 06:50:15,905 - INFO - 
==================================================
EMA Cross Analysis - NEAR/USDT
Time: 2025-05-10 06:50:00+09:00
Type: dead
Cross Character (Current): Weak
Cross Character (New): Weak
Price at Cross: 2.892

1. Pre-Cross Pattern (15min):
EMA Distance Changes (%): ['0.029', '0.019', '0.002', '0.011']
EMA12 Changes (%): ['0.025', '-0.016', '-0.029', '-0.025']
Price Changes (%): ['0.034', '-0.241', '-0.104', '0.000']
Candle Analysis:
    Body Sizes (%): ['0.034', '0.276', '0.069', '0.000']
    Upper Shadows (%): ['0.138', '0.069', '0.035', '0.035']
    Lower Shadows (%): ['0.207', '0.000', '0.000', '0.000']
Volumes: [np.float64(54442.0), np.float64(54257.0), np.float64(33150.0), np.float64(274.0)]
2025-05-10 06:50:15,905 - INFO - 
2. Post-Cross Movement (30min):
5min Price Changes (%): []
Maximum Change: 0.000% after 0 minutes
Candle Analysis:
    Body Sizes (%): []
    Upper Shadows (%): []
    Lower Shadows (%): []
Volumes: []
==================================================
2025-05-10 06:50:16,118 - INFO - 
==================================================
EMA Cross Analysis - HIPPO/USDT
Time: 2025-05-10 06:45:00+09:00
Type: dead
Cross Character (Current): Weak
Cross Character (New): Weak
Price at Cross: 0.002999

1. Pre-Cross Pattern (15min):
EMA Distance Changes (%): ['0.125', '0.082', '0.023', '0.058']
EMA12 Changes (%): ['0.047', '-0.066', '-0.102', '-0.152']
Price Changes (%): ['-0.164', '-0.690', '-0.298', '-0.432']
Candle Analysis:
    Body Sizes (%): ['0.164', '0.690', '0.331', '0.432']
    Upper Shadows (%): ['1.936', '0.197', '0.563', '0.066']
    Lower Shadows (%): ['0.164', '0.690', '0.364', '0.232']
Volumes: [np.float64(65944497.0), np.float64(56271552.0), np.float64(12454720.0), np.float64(12245046.0)]
2025-05-10 06:50:16,118 - INFO - 
2. Post-Cross Movement (30min):
5min Price Changes (%): ['0.067']
Maximum Change: 0.067% after 5 minutes
Candle Analysis:
    Body Sizes (%): ['0.067']
    Upper Shadows (%): ['0.100']
    Lower Shadows (%): ['0.000']
Volumes: [np.float64(687306.0)]
==================================================
2025-05-10 06:50:18,512 - INFO - 
==================================================
EMA Cross Analysis - DOGE/USDT
Time: 2025-05-10 06:45:00+09:00
Type: dead
Cross Character (Current): Weak
Cross Character (New): Weak
Price at Cross: 0.20448

1. Pre-Cross Pattern (15min):
EMA Distance Changes (%): ['0.062', '0.057', '0.023', '0.001']
EMA12 Changes (%): ['0.024', '-0.000', '-0.057', '-0.043']
Price Changes (%): ['0.224', '-0.136', '-0.370', '0.034']
Candle Analysis:
    Body Sizes (%): ['0.224', '0.136', '0.375', '0.034']
    Upper Shadows (%): ['0.039', '0.170', '0.083', '0.073']
    Lower Shadows (%): ['0.063', '0.078', '0.005', '0.127']
Volumes: [np.float64(5641415.0), np.float64(4192473.0), np.float64(6887987.0), np.float64(7517065.0)]
2025-05-10 06:50:18,512 - INFO - 
2. Post-Cross Movement (30min):
5min Price Changes (%): ['0.015']
Maximum Change: 0.015% after 5 minutes
Candle Analysis:
    Body Sizes (%): ['0.010']
    Upper Shadows (%): ['0.000']
    Lower Shadows (%): ['0.005']
Volumes: [np.float64(107009.0)]
==================================================
2025-05-10 06:50:18,732 - INFO - 
==================================================
EMA Cross Analysis - XLM/USDT
Time: 2025-05-10 06:50:00+09:00
Type: dead
Cross Character (Current): Weak
Cross Character (New): Weak
Price at Cross: 0.29461

1. Pre-Cross Pattern (15min):
EMA Distance Changes (%): ['0.024', '0.018', '0.006', '0.004']
EMA12 Changes (%): ['0.028', '-0.007', '-0.022', '-0.018']
Price Changes (%): ['0.024', '-0.200', '-0.102', '0.007']
Candle Analysis:
    Body Sizes (%): ['0.027', '0.200', '0.098', '0.007']
    Upper Shadows (%): ['0.156', '0.091', '0.020', '0.000']
    Lower Shadows (%): ['0.112', '0.037', '0.061', '0.020']
Volumes: [np.float64(607877.0), np.float64(324417.0), np.float64(434494.0), np.float64(72276.0)]
2025-05-10 06:50:18,732 - INFO - 
2. Post-Cross Movement (30min):
5min Price Changes (%): []
Maximum Change: 0.000% after 0 minutes
Candle Analysis:
    Body Sizes (%): []
    Upper Shadows (%): []
    Lower Shadows (%): []
Volumes: []
==================================================
2025-05-10 06:50:21,564 - INFO - 
==================================================
EMA Cross Analysis - RENDER/USDT
Time: 2025-05-10 06:50:00+09:00
Type: dead
Cross Character (Current): Weak
Cross Character (New): Weak
Price at Cross: 4.936

1. Pre-Cross Pattern (15min):
EMA Distance Changes (%): ['0.060', '0.034', '0.011', '0.005']
EMA12 Changes (%): ['0.031', '-0.042', '-0.039', '-0.030']
Price Changes (%): ['0.020', '-0.444', '-0.020', '0.020']
Candle Analysis:
    Body Sizes (%): ['0.020', '0.464', '0.041', '0.020']
    Upper Shadows (%): ['0.101', '0.040', '0.041', '0.000']
    Lower Shadows (%): ['0.061', '0.000', '0.020', '0.000']
Volumes: [np.float64(14647.8), np.float64(10996.6), np.float64(4778.6), np.float64(38.5)]
2025-05-10 06:50:21,564 - INFO - 
2. Post-Cross Movement (30min):
5min Price Changes (%): []
Maximum Change: 0.000% after 0 minutes
Candle Analysis:
    Body Sizes (%): []
    Upper Shadows (%): []
    Lower Shadows (%): []
Volumes: []
==================================================
2025-05-10 06:56:02,153 - INFO - 
==================================================
EMA Cross Analysis - FXS/USDT
Time: 2025-05-10 06:55:00+09:00
Type: golden
Cross Character (Current): Weak
Cross Character (New): Weak
Price at Cross: 2.4486

1. Pre-Cross Pattern (15min):
EMA Distance Changes (%): ['0.055', '0.031', '0.007', '0.014']
EMA12 Changes (%): ['0.054', '0.040', '0.042', '0.038']
Price Changes (%): ['0.201', '-0.037', '0.053', '0.016']
Candle Analysis:
    Body Sizes (%): ['0.213', '0.000', '0.029', '0.016']
    Upper Shadows (%): ['0.061', '0.127', '0.127', '0.000']
    Lower Shadows (%): ['0.172', '0.025', '0.012', '0.041']
Volumes: [np.float64(2032.8), np.float64(1294.9), np.float64(875.0), np.float64(64.8)]
2025-05-10 06:56:02,153 - INFO - 
2. Post-Cross Movement (30min):
5min Price Changes (%): []
Maximum Change: 0.000% after 0 minutes
Candle Analysis:
    Body Sizes (%): []
    Upper Shadows (%): []
    Lower Shadows (%): []
Volumes: []
==================================================
2025-05-10 06:56:08,198 - INFO - 
==================================================
EMA Cross Analysis - SUI/USDT
Time: 2025-05-10 06:55:00+09:00
Type: golden
Cross Character (Current): Weak
Cross Character (New): Weak
Price at Cross: 3.9135

1. Pre-Cross Pattern (15min):
EMA Distance Changes (%): ['0.025', '0.026', '0.004', '0.020']
EMA12 Changes (%): ['-0.019', '-0.005', '0.039', '0.045']
Price Changes (%): ['-0.164', '0.074', '0.280', '0.082']
Candle Analysis:
    Body Sizes (%): ['0.167', '0.077', '0.280', '0.082']
    Upper Shadows (%): ['0.169', '0.015', '0.015', '0.003']
    Lower Shadows (%): ['0.003', '0.072', '0.000', '0.000']
Volumes: [np.float64(220567.2), np.float64(134857.1), np.float64(182119.0), np.float64(145376.4)]
2025-05-10 06:56:08,198 - INFO - 
2. Post-Cross Movement (30min):
5min Price Changes (%): []
Maximum Change: 0.000% after 0 minutes
Candle Analysis:
    Body Sizes (%): []
    Upper Shadows (%): []
    Lower Shadows (%): []
Volumes: []
==================================================
2025-05-10 07:00:39,071 - INFO - 
==================================================
EMA Cross Analysis - FXS/USDT
Time: 2025-05-10 06:55:00+09:00
Type: golden
Cross Character (Current): Weak
Cross Character (New): Weak
Price at Cross: 2.4454

1. Pre-Cross Pattern (15min):
EMA Distance Changes (%): ['0.055', '0.031', '0.007', '0.003']
EMA12 Changes (%): ['0.054', '0.040', '0.042', '0.018']
Price Changes (%): ['0.201', '-0.037', '0.053', '-0.114']
Candle Analysis:
    Body Sizes (%): ['0.213', '0.000', '0.029', '0.114']
    Upper Shadows (%): ['0.061', '0.127', '0.127', '0.016']
    Lower Shadows (%): ['0.172', '0.025', '0.012', '0.053']
Volumes: [np.float64(2032.8), np.float64(1294.9), np.float64(875.0), np.float64(395.8)]
2025-05-10 07:00:39,071 - INFO - 
2. Post-Cross Movement (30min):
5min Price Changes (%): ['0.258']
Maximum Change: 0.258% after 5 minutes
Candle Analysis:
    Body Sizes (%): ['0.249']
    Upper Shadows (%): ['0.045']
    Lower Shadows (%): ['0.000']
Volumes: [np.float64(958.6)]
==================================================
2025-05-10 07:00:39,719 - INFO - 
==================================================
EMA Cross Analysis - LINK/USDT
Time: 2025-05-10 07:00:00+09:00
Type: golden
Cross Character (Current): Weak
Cross Character (New): Weak
Price at Cross: 16.06

1. Pre-Cross Pattern (15min):
EMA Distance Changes (%): ['0.053', '0.041', '0.018', '0.014']
EMA12 Changes (%): ['-0.027', '0.015', '0.039', '0.060']
Price Changes (%): ['0.069', '0.244', '0.169', '0.175']
Candle Analysis:
    Body Sizes (%): ['0.063', '0.251', '0.169', '0.168']
    Upper Shadows (%): ['0.188', '0.006', '0.006', '0.019']
    Lower Shadows (%): ['0.025', '0.000', '0.069', '0.000']
Volumes: [np.float64(47655.82), np.float64(12536.22), np.float64(28062.08), np.float64(7875.7)]
2025-05-10 07:00:39,719 - INFO - 
2. Post-Cross Movement (30min):
5min Price Changes (%): []
Maximum Change: 0.000% after 0 minutes
Candle Analysis:
    Body Sizes (%): []
    Upper Shadows (%): []
    Lower Shadows (%): []
Volumes: []
==================================================
2025-05-10 07:00:41,243 - INFO - 
==================================================
EMA Cross Analysis - XLM/USDT
Time: 2025-05-10 06:55:00+09:00
Type: dead
Cross Character (Current): Weak
Cross Character (New): Weak
Price at Cross: 0.29472

1. Pre-Cross Pattern (15min):
EMA Distance Changes (%): ['0.018', '0.006', '0.002', '0.004']
EMA12 Changes (%): ['-0.007', '-0.022', '-0.006', '-0.011']
Price Changes (%): ['-0.200', '-0.102', '0.081', '-0.037']
Candle Analysis:
    Body Sizes (%): ['0.200', '0.098', '0.081', '0.037']
    Upper Shadows (%): ['0.091', '0.020', '0.003', '0.088']
    Lower Shadows (%): ['0.037', '0.061', '0.020', '0.231']
Volumes: [np.float64(324417.0), np.float64(434494.0), np.float64(227845.0), np.float64(367732.0)]
2025-05-10 07:00:41,243 - INFO - 
2. Post-Cross Movement (30min):
5min Price Changes (%): ['0.221']
Maximum Change: 0.221% after 5 minutes
Candle Analysis:
    Body Sizes (%): ['0.217']
    Upper Shadows (%): ['0.041']
    Lower Shadows (%): ['0.000']
Volumes: [np.float64(199085.0)]
==================================================
2025-05-10 07:00:45,121 - INFO - 
==================================================
EMA Cross Analysis - SUI/USDT
Time: 2025-05-10 06:55:00+09:00
Type: golden
Cross Character (Current): Weak
Cross Character (New): Weak
Price at Cross: 3.912

1. Pre-Cross Pattern (15min):
EMA Distance Changes (%): ['0.025', '0.026', '0.004', '0.017']
EMA12 Changes (%): ['-0.019', '-0.005', '0.039', '0.039']
Price Changes (%): ['-0.164', '0.074', '0.280', '0.043']
Candle Analysis:
    Body Sizes (%): ['0.167', '0.077', '0.280', '0.043']
    Upper Shadows (%): ['0.169', '0.015', '0.015', '0.043']
    Lower Shadows (%): ['0.003', '0.072', '0.000', '0.056']
Volumes: [np.float64(220567.2), np.float64(134857.1), np.float64(182119.0), np.float64(447647.1)]
2025-05-10 07:00:45,121 - INFO - 
2. Post-Cross Movement (30min):
5min Price Changes (%): ['0.082']
Maximum Change: 0.082% after 5 minutes
Candle Analysis:
    Body Sizes (%): ['0.079']
    Upper Shadows (%): ['0.026']
    Lower Shadows (%): ['0.028']
Volumes: [np.float64(235362.2)]
==================================================
2025-05-10 07:05:16,681 - INFO - 
==================================================
EMA Cross Analysis - LINK/USDT
Time: 2025-05-10 07:00:00+09:00
Type: golden
Cross Character (Current): Weak
Cross Character (New): Weak
Price at Cross: 16.033

1. Pre-Cross Pattern (15min):
EMA Distance Changes (%): ['0.053', '0.041', '0.018', '0.000']
EMA12 Changes (%): ['-0.027', '0.015', '0.039', '0.034']
Price Changes (%): ['0.069', '0.244', '0.169', '0.006']
Candle Analysis:
    Body Sizes (%): ['0.063', '0.251', '0.169', '0.000']
    Upper Shadows (%): ['0.188', '0.006', '0.006', '0.206']
    Lower Shadows (%): ['0.025', '0.000', '0.069', '0.156']
Volumes: [np.float64(47655.82), np.float64(12536.22), np.float64(28062.08), np.float64(52140.95)]
2025-05-10 07:05:16,681 - INFO - 
2. Post-Cross Movement (30min):
5min Price Changes (%): ['-0.056']
Maximum Change: -0.056% after 5 minutes
Candle Analysis:
    Body Sizes (%): ['0.056']
    Upper Shadows (%): ['0.006']
    Lower Shadows (%): ['0.000']
Volumes: [np.float64(2919.35)]
==================================================
2025-05-10 07:11:01,482 - INFO - 
==================================================
EMA Cross Analysis - FXS/USDT
Time: 2025-05-10 07:10:00+09:00
Type: dead
Cross Character (Current): Weak
Cross Character (New): Weak
Price at Cross: 2.4392

1. Pre-Cross Pattern (15min):
EMA Distance Changes (%): ['0.003', '0.016', '0.006', '0.007']
EMA12 Changes (%): ['0.018', '0.026', '-0.017', '-0.025']
Price Changes (%): ['-0.114', '0.070', '-0.249', '-0.074']
Candle Analysis:
    Body Sizes (%): ['0.114', '0.061', '0.286', '0.078']
    Upper Shadows (%): ['0.016', '0.282', '0.000', '0.000']
    Lower Shadows (%): ['0.053', '0.110', '0.033', '0.037']
Volumes: [np.float64(395.8), np.float64(4317.9), np.float64(4426.6), np.float64(661.9)]
2025-05-10 07:11:01,482 - INFO - 
2. Post-Cross Movement (30min):
5min Price Changes (%): []
Maximum Change: 0.000% after 0 minutes
Candle Analysis:
    Body Sizes (%): []
    Upper Shadows (%): []
    Lower Shadows (%): []
Volumes: []
==================================================
2025-05-10 07:11:01,918 - INFO - 
==================================================
EMA Cross Analysis - ACX/USDT
Time: 2025-05-10 07:10:00+09:00
Type: dead
Cross Character (Current): Weak
Cross Character (New): Weak
Price at Cross: 0.2506

1. Pre-Cross Pattern (15min):
EMA Distance Changes (%): ['0.051', '0.028', '0.000', '0.009']
EMA12 Changes (%): ['-0.065', '-0.036', '-0.049', '-0.017']
Price Changes (%): ['-0.040', '0.120', '-0.120', '0.160']
Candle Analysis:
    Body Sizes (%): ['0.080', '0.120', '0.120', '0.120']
    Upper Shadows (%): ['0.000', '0.320', '0.040', '0.000']
    Lower Shadows (%): ['0.080', '0.000', '0.040', '0.000']
Volumes: [np.float64(21303.6), np.float64(33672.8), np.float64(11774.0), np.float64(740.6)]
2025-05-10 07:11:01,918 - INFO - 
2. Post-Cross Movement (30min):
5min Price Changes (%): []
Maximum Change: 0.000% after 0 minutes
Candle Analysis:
    Body Sizes (%): []
    Upper Shadows (%): []
    Lower Shadows (%): []
Volumes: []
==================================================
2025-05-10 07:11:02,351 - INFO - 
==================================================
EMA Cross Analysis - POL/USDT
Time: 2025-05-10 07:10:00+09:00
Type: dead
Cross Character (Current): Weak
Cross Character (New): Weak
Price at Cross: 0.25139

1. Pre-Cross Pattern (15min):
EMA Distance Changes (%): ['0.042', '0.042', '0.023', '0.003']
EMA12 Changes (%): ['-0.003', '0.006', '-0.031', '-0.046']
Price Changes (%): ['0.000', '0.052', '-0.230', '-0.131']
Candle Analysis:
    Body Sizes (%): ['0.008', '0.052', '0.218', '0.127']
    Upper Shadows (%): ['0.048', '0.119', '0.004', '0.024']
    Lower Shadows (%): ['0.186', '0.071', '0.071', '0.000']
Volumes: [np.float64(89655.0), np.float64(180463.0), np.float64(101257.0), np.float64(15790.0)]
2025-05-10 07:11:02,352 - INFO - 
2. Post-Cross Movement (30min):
5min Price Changes (%): []
Maximum Change: 0.000% after 0 minutes
Candle Analysis:
    Body Sizes (%): []
    Upper Shadows (%): []
    Lower Shadows (%): []
Volumes: []
==================================================
2025-05-10 07:11:06,275 - INFO - 
==================================================
EMA Cross Analysis - WLD/USDT
Time: 2025-05-10 07:10:00+09:00
Type: dead
Cross Character (Current): Weak
Cross Character (New): Weak
Price at Cross: 1.1441

1. Pre-Cross Pattern (15min):
EMA Distance Changes (%): ['0.044', '0.024', '0.005', '0.022']
EMA12 Changes (%): ['-0.026', '-0.032', '-0.033', '-0.050']
Price Changes (%): ['-0.252', '-0.070', '-0.035', '-0.148']
Candle Analysis:
    Body Sizes (%): ['0.244', '0.070', '0.044', '0.140']
    Upper Shadows (%): ['0.043', '0.262', '0.140', '0.035']
    Lower Shadows (%): ['0.191', '0.218', '0.148', '0.009']
Volumes: [np.float64(169330.0), np.float64(267116.0), np.float64(101058.0), np.float64(53127.0)]
2025-05-10 07:11:06,275 - INFO - 
2. Post-Cross Movement (30min):
5min Price Changes (%): []
Maximum Change: 0.000% after 0 minutes
Candle Analysis:
    Body Sizes (%): []
    Upper Shadows (%): []
    Lower Shadows (%): []
Volumes: []
==================================================
2025-05-10 07:15:38,367 - INFO - 
==================================================
EMA Cross Analysis - FXS/USDT
Time: 2025-05-10 07:10:00+09:00
Type: dead
Cross Character (Current): Weak
Cross Character (New): Weak
Price at Cross: 2.4343

1. Pre-Cross Pattern (15min):
EMA Distance Changes (%): ['0.003', '0.016', '0.006', '0.023']
EMA12 Changes (%): ['0.018', '0.026', '-0.017', '-0.056']
Price Changes (%): ['-0.114', '0.070', '-0.249', '-0.274']
Candle Analysis:
    Body Sizes (%): ['0.114', '0.061', '0.286', '0.279']
    Upper Shadows (%): ['0.016', '0.282', '0.000', '0.000']
    Lower Shadows (%): ['0.053', '0.110', '0.033', '0.000']
Volumes: [np.float64(395.8), np.float64(4317.9), np.float64(4426.6), np.float64(1925.2)]
2025-05-10 07:15:38,367 - INFO - 
2. Post-Cross Movement (30min):
5min Price Changes (%): ['0.000']
Maximum Change: 0.000% after 0 minutes
Candle Analysis:
    Body Sizes (%): ['0.000']
    Upper Shadows (%): ['0.000']
    Lower Shadows (%): ['0.000']
Volumes: [np.float64(21.7)]
==================================================
2025-05-10 07:15:38,804 - INFO - 
==================================================
EMA Cross Analysis - ACX/USDT
Time: 2025-05-10 07:10:00+09:00
Type: dead
Cross Character (Current): Weak
Cross Character (New): Weak
Price at Cross: 0.2503

1. Pre-Cross Pattern (15min):
EMA Distance Changes (%): ['0.051', '0.028', '0.000', '0.018']
EMA12 Changes (%): ['-0.065', '-0.036', '-0.049', '-0.035']
Price Changes (%): ['-0.040', '0.120', '-0.120', '0.040']
Candle Analysis:
    Body Sizes (%): ['0.080', '0.120', '0.120', '0.000']
    Upper Shadows (%): ['0.000', '0.320', '0.040', '0.120']
    Lower Shadows (%): ['0.080', '0.000', '0.040', '0.000']
Volumes: [np.float64(21303.6), np.float64(33672.8), np.float64(11774.0), np.float64(11847.5)]
2025-05-10 07:15:38,804 - INFO - 
2. Post-Cross Movement (30min):
5min Price Changes (%): ['0.040']
Maximum Change: 0.040% after 5 minutes
Candle Analysis:
    Body Sizes (%): ['0.000']
    Upper Shadows (%): ['0.000']
    Lower Shadows (%): ['0.000']
Volumes: [np.float64(79.6)]
==================================================
2025-05-10 07:15:39,239 - INFO - 
==================================================
EMA Cross Analysis - POL/USDT
Time: 2025-05-10 07:10:00+09:00
Type: dead
Cross Character (Current): Weak
Cross Character (New): Weak
Price at Cross: 0.25143

1. Pre-Cross Pattern (15min):
EMA Distance Changes (%): ['0.042', '0.042', '0.023', '0.001']
EMA12 Changes (%): ['-0.003', '0.006', '-0.031', '-0.044']
Price Changes (%): ['0.000', '0.052', '-0.230', '-0.115']
Candle Analysis:
    Body Sizes (%): ['0.008', '0.052', '0.218', '0.111']
    Upper Shadows (%): ['0.048', '0.119', '0.004', '0.044']
    Lower Shadows (%): ['0.186', '0.071', '0.071', '0.064']
Volumes: [np.float64(89655.0), np.float64(180463.0), np.float64(101257.0), np.float64(194770.0)]
2025-05-10 07:15:39,239 - INFO - 
2. Post-Cross Movement (30min):
5min Price Changes (%): ['-0.135']
Maximum Change: -0.135% after 5 minutes
Candle Analysis:
    Body Sizes (%): ['0.119']
    Upper Shadows (%): ['0.000']
    Lower Shadows (%): ['0.040']
Volumes: [np.float64(93179.0)]
==================================================
2025-05-10 07:15:42,508 - INFO - 
==================================================
EMA Cross Analysis - EOS/USDT
Time: 2025-05-10 07:15:00+09:00
Type: dead
Cross Character (Current): Weak
Cross Character (New): Weak
Price at Cross: 0.851

1. Pre-Cross Pattern (15min):
EMA Distance Changes (%): ['0.012', '0.020', '0.017', '0.005']
EMA12 Changes (%): ['-0.001', '0.017', '-0.003', '-0.039']
Price Changes (%): ['0.000', '0.117', '-0.117', '-0.234']
Candle Analysis:
    Body Sizes (%): ['0.000', '0.235', '0.117', '0.117']
    Upper Shadows (%): ['0.117', '0.000', '0.117', '0.000']
    Lower Shadows (%): ['0.352', '0.117', '0.234', '0.000']
Volumes: [np.float64(609547.3), np.float64(791444.5), np.float64(817333.1), np.float64(38771.3)]
2025-05-10 07:15:42,508 - INFO - 
2. Post-Cross Movement (30min):
5min Price Changes (%): []
Maximum Change: 0.000% after 0 minutes
Candle Analysis:
    Body Sizes (%): []
    Upper Shadows (%): []
    Lower Shadows (%): []
Volumes: []
==================================================
2025-05-10 07:15:43,159 - INFO - 
==================================================
EMA Cross Analysis - WLD/USDT
Time: 2025-05-10 07:10:00+09:00
Type: dead
Cross Character (Current): Weak
Cross Character (New): Weak
Price at Cross: 1.1449

1. Pre-Cross Pattern (15min):
EMA Distance Changes (%): ['0.044', '0.024', '0.005', '0.016']
EMA12 Changes (%): ['-0.026', '-0.032', '-0.033', '-0.040']
Price Changes (%): ['-0.252', '-0.070', '-0.035', '-0.079']
Candle Analysis:
    Body Sizes (%): ['0.244', '0.070', '0.044', '0.070']
    Upper Shadows (%): ['0.043', '0.262', '0.140', '0.035']
    Lower Shadows (%): ['0.191', '0.218', '0.148', '0.428']
Volumes: [np.float64(169330.0), np.float64(267116.0), np.float64(101058.0), np.float64(312714.0)]
2025-05-10 07:15:43,160 - INFO - 
2. Post-Cross Movement (30min):
5min Price Changes (%): ['-0.157']
Maximum Change: -0.157% after 5 minutes
Candle Analysis:
    Body Sizes (%): ['0.157']
    Upper Shadows (%): ['0.000']
    Lower Shadows (%): ['0.035']
Volumes: [np.float64(28635.0)]
==================================================
2025-05-10 07:15:45,946 - INFO - 
==================================================
EMA Cross Analysis - ONDOUSDT
Time: 2025-05-10 07:15:00+09:00
Type: golden
Cross Character (Current): Weak
Cross Character (New): Weak
Price at Cross: 1.0108

1. Pre-Cross Pattern (15min):
EMA Distance Changes (%): ['0.032', '0.013', '0.001', '0.007']
EMA12 Changes (%): ['0.058', '0.032', '0.022', '0.014']
Price Changes (%): ['0.267', '-0.109', '-0.030', '-0.030']
Candle Analysis:
    Body Sizes (%): ['0.257', '0.099', '0.030', '0.020']
    Upper Shadows (%): ['0.069', '0.069', '0.089', '0.010']
    Lower Shadows (%): ['0.079', '0.168', '0.198', '0.089']
Volumes: [np.float64(516626.9), np.float64(232687.7), np.float64(209232.8), np.float64(22418.1)]
2025-05-10 07:15:45,946 - INFO - 
2. Post-Cross Movement (30min):
5min Price Changes (%): []
Maximum Change: 0.000% after 0 minutes
Candle Analysis:
    Body Sizes (%): []
    Upper Shadows (%): []
    Lower Shadows (%): []
Volumes: []
==================================================
2025-05-10 07:20:20,994 - INFO - 
==================================================
EMA Cross Analysis - ATA/USDT
Time: 2025-05-10 07:20:00+09:00
Type: dead
Cross Character (Current): Weak
Cross Character (New): Weak
Price at Cross: 0.0611

1. Pre-Cross Pattern (15min):
EMA Distance Changes (%): ['0.110', '0.073', '0.030', '0.005']
EMA12 Changes (%): ['-0.007', '-0.056', '-0.073', '-0.061']
Price Changes (%): ['0.327', '-0.326', '-0.163', '0.000']
Candle Analysis:
    Body Sizes (%): ['0.327', '0.326', '0.163', '0.163']
    Upper Shadows (%): ['0.000', '0.163', '0.163', '0.000']
    Lower Shadows (%): ['0.000', '0.163', '0.327', '0.000']
Volumes: [np.float64(68521.0), np.float64(175864.0), np.float64(152297.0), np.float64(1398.0)]
2025-05-10 07:20:20,994 - INFO - 
2. Post-Cross Movement (30min):
5min Price Changes (%): []
Maximum Change: 0.000% after 0 minutes
Candle Analysis:
    Body Sizes (%): []
    Upper Shadows (%): []
    Lower Shadows (%): []
Volumes: []
==================================================
2025-05-10 07:26:07,024 - INFO - 
==================================================
EMA Cross Analysis - AVAX/USDT
Time: 2025-05-10 07:25:00+09:00
Type: golden
Cross Character (Current): Weak
Cross Character (New): Weak
Price at Cross: 23.162

1. Pre-Cross Pattern (15min):
EMA Distance Changes (%): ['0.027', '0.021', '0.004', '0.014']
EMA12 Changes (%): ['0.017', '0.009', '0.029', '0.034']
Price Changes (%): ['-0.048', '-0.035', '0.138', '0.060']
Candle Analysis:
    Body Sizes (%): ['0.043', '0.039', '0.138', '0.060']
    Upper Shadows (%): ['0.048', '0.061', '0.056', '0.009']
    Lower Shadows (%): ['0.151', '0.216', '0.000', '0.017']
Volumes: [np.float64(11884.0), np.float64(10684.0), np.float64(10796.0), np.float64(1803.0)]
2025-05-10 07:26:07,024 - INFO - 
2. Post-Cross Movement (30min):
5min Price Changes (%): []
Maximum Change: 0.000% after 0 minutes
Candle Analysis:
    Body Sizes (%): []
    Upper Shadows (%): []
    Lower Shadows (%): []
Volumes: []
==================================================
2025-05-10 07:30:37,122 - INFO - 
==================================================
EMA Cross Analysis - HIPPO/USDT
Time: 2025-05-10 07:25:00+09:00
Type: golden
Cross Character (Current): Weak
Cross Character (New): Weak
Price at Cross: 0.00304

1. Pre-Cross Pattern (15min):
EMA Distance Changes (%): ['0.046', '0.045', '0.044', '0.002']
EMA12 Changes (%): ['-0.048', '-0.005', '-0.004', '0.083']
Price Changes (%): ['-0.659', '0.232', '0.000', '0.562']
Candle Analysis:
    Body Sizes (%): ['0.659', '0.232', '0.000', '0.562']
    Upper Shadows (%): ['0.198', '0.696', '0.529', '0.099']
    Lower Shadows (%): ['0.000', '0.000', '0.662', '0.033']
Volumes: [np.float64(7179502.0), np.float64(22015102.0), np.float64(18258760.0), np.float64(24341228.0)]
2025-05-10 07:30:37,123 - INFO - 
2. Post-Cross Movement (30min):
5min Price Changes (%): ['0.000']
Maximum Change: 0.000% after 0 minutes
Candle Analysis:
    Body Sizes (%): ['0.000']
    Upper Shadows (%): ['0.099']
    Lower Shadows (%): ['0.000']
Volumes: [np.float64(359662.0)]
==================================================
2025-05-10 07:30:37,560 - INFO - 
==================================================
EMA Cross Analysis - FXS/USDT
Time: 2025-05-10 07:25:00+09:00
Type: golden
Cross Character (Current): Weak
Cross Character (New): Weak
Price at Cross: 2.4539

1. Pre-Cross Pattern (15min):
EMA Distance Changes (%): ['0.023', '0.041', '0.040', '0.005']
EMA12 Changes (%): ['-0.056', '-0.037', '-0.005', '0.082']
Price Changes (%): ['-0.274', '0.070', '0.168', '0.566']
Candle Analysis:
    Body Sizes (%): ['0.279', '0.070', '0.094', '0.566']
    Upper Shadows (%): ['0.000', '0.000', '0.025', '0.041']
    Lower Shadows (%): ['0.000', '0.234', '0.107', '0.008']
Volumes: [np.float64(1925.2), np.float64(1898.2), np.float64(3152.1), np.float64(3566.6)]
2025-05-10 07:30:37,560 - INFO - 
2. Post-Cross Movement (30min):
5min Price Changes (%): ['0.004']
Maximum Change: 0.004% after 5 minutes
Candle Analysis:
    Body Sizes (%): ['0.045']
    Upper Shadows (%): ['0.024']
    Lower Shadows (%): ['0.057']
Volumes: [np.float64(491.5)]
==================================================
2025-05-10 07:30:39,751 - INFO - 
==================================================
EMA Cross Analysis - XLM/USDT
Time: 2025-05-10 07:25:00+09:00
Type: golden
Cross Character (Current): Weak
Cross Character (New): Weak
Price at Cross: 0.29562

1. Pre-Cross Pattern (15min):
EMA Distance Changes (%): ['0.006', '0.011', '0.008', '0.013']
EMA12 Changes (%): ['-0.004', '-0.011', '0.005', '0.040']
Price Changes (%): ['-0.075', '-0.047', '0.092', '0.231']
Candle Analysis:
    Body Sizes (%): ['0.064', '0.047', '0.085', '0.234']
    Upper Shadows (%): ['0.098', '0.003', '0.064', '0.000']
    Lower Shadows (%): ['0.119', '0.244', '0.037', '0.017']
Volumes: [np.float64(501393.0), np.float64(491681.0), np.float64(443382.0), np.float64(474856.0)]
2025-05-10 07:30:39,751 - INFO - 
2. Post-Cross Movement (30min):
5min Price Changes (%): ['0.091']
Maximum Change: 0.091% after 5 minutes
Candle Analysis:
    Body Sizes (%): ['0.101']
    Upper Shadows (%): ['0.000']
    Lower Shadows (%): ['0.000']
Volumes: [np.float64(76084.0)]
==================================================
2025-05-10 07:30:42,369 - INFO - 
==================================================
EMA Cross Analysis - WLD/USDT
Time: 2025-05-10 07:30:00+09:00
Type: golden
Cross Character (Current): Weak
Cross Character (New): Weak
Price at Cross: 1.1542

1. Pre-Cross Pattern (15min):
EMA Distance Changes (%): ['0.059', '0.066', '0.016', '0.034']
EMA12 Changes (%): ['-0.085', '-0.022', '0.086', '0.094']
Price Changes (%): ['-0.332', '0.324', '0.681', '0.139']
Candle Analysis:
    Body Sizes (%): ['0.332', '0.324', '0.681', '0.148']
    Upper Shadows (%): ['0.035', '0.079', '0.044', '0.000']
    Lower Shadows (%): ['0.376', '0.061', '0.201', '0.017']
Volumes: [np.float64(430972.0), np.float64(330530.0), np.float64(365258.0), np.float64(42173.0)]
2025-05-10 07:30:42,369 - INFO - 
2. Post-Cross Movement (30min):
5min Price Changes (%): []
Maximum Change: 0.000% after 0 minutes
Candle Analysis:
    Body Sizes (%): []
    Upper Shadows (%): []
    Lower Shadows (%): []
Volumes: []
==================================================
2025-05-10 07:30:43,829 - INFO - 
==================================================
EMA Cross Analysis - AVAX/USDT
Time: 2025-05-10 07:25:00+09:00
Type: golden
Cross Character (Current): Weak
Cross Character (New): Weak
Price at Cross: 23.191

1. Pre-Cross Pattern (15min):
EMA Distance Changes (%): ['0.027', '0.021', '0.004', '0.024']
EMA12 Changes (%): ['0.017', '0.009', '0.029', '0.053']
Price Changes (%): ['-0.048', '-0.035', '0.138', '0.186']
Candle Analysis:
    Body Sizes (%): ['0.043', '0.039', '0.138', '0.186']
    Upper Shadows (%): ['0.048', '0.061', '0.056', '0.004']
    Lower Shadows (%): ['0.151', '0.216', '0.000', '0.017']
Volumes: [np.float64(11884.0), np.float64(10684.0), np.float64(10796.0), np.float64(13991.0)]
2025-05-10 07:30:43,829 - INFO - 
2. Post-Cross Movement (30min):
5min Price Changes (%): ['0.073']
Maximum Change: 0.073% after 5 minutes
Candle Analysis:
    Body Sizes (%): ['0.065']
    Upper Shadows (%): ['0.009']
    Lower Shadows (%): ['0.004']
Volumes: [np.float64(3310.0)]
==================================================
2025-05-10 07:30:45,135 - INFO - 
==================================================
EMA Cross Analysis - ONDOUSDT
Time: 2025-05-10 07:25:00+09:00
Type: golden
Cross Character (Current): Weak
Cross Character (New): Weak
Price at Cross: 1.0141

1. Pre-Cross Pattern (15min):
EMA Distance Changes (%): ['0.001', '0.009', '0.006', '0.029']
EMA12 Changes (%): ['0.022', '-0.016', '0.005', '0.066']
Price Changes (%): ['-0.030', '-0.227', '0.119', '0.406']
Candle Analysis:
    Body Sizes (%): ['0.030', '0.218', '0.109', '0.406']
    Upper Shadows (%): ['0.089', '0.109', '0.159', '0.000']
    Lower Shadows (%): ['0.198', '0.099', '0.020', '0.069']
Volumes: [np.float64(209232.8), np.float64(213931.7), np.float64(232070.1), np.float64(365295.0)]
2025-05-10 07:30:45,135 - INFO - 
2. Post-Cross Movement (30min):
5min Price Changes (%): ['0.049']
Maximum Change: 0.049% after 5 minutes
Candle Analysis:
    Body Sizes (%): ['0.059']
    Upper Shadows (%): ['0.059']
    Lower Shadows (%): ['0.010']
Volumes: [np.float64(50387.1)]
==================================================
2025-05-10 07:35:19,142 - INFO - 
==================================================
EMA Cross Analysis - WLD/USDT
Time: 2025-05-10 07:30:00+09:00
Type: golden
Cross Character (Current): Weak
Cross Character (New): Weak
Price at Cross: 1.1502

1. Pre-Cross Pattern (15min):
EMA Distance Changes (%): ['0.059', '0.066', '0.016', '0.006']
EMA12 Changes (%): ['-0.085', '-0.022', '0.086', '0.041']
Price Changes (%): ['-0.332', '0.324', '0.681', '-0.208']
Candle Analysis:
    Body Sizes (%): ['0.332', '0.324', '0.681', '0.200']
    Upper Shadows (%): ['0.035', '0.079', '0.044', '0.234']
    Lower Shadows (%): ['0.376', '0.061', '0.201', '0.052']
Volumes: [np.float64(430972.0), np.float64(330530.0), np.float64(365258.0), np.float64(267140.0)]
2025-05-10 07:35:19,142 - INFO - 
2. Post-Cross Movement (30min):
5min Price Changes (%): ['-0.148']
Maximum Change: -0.148% after 5 minutes
Candle Analysis:
    Body Sizes (%): ['0.148']
    Upper Shadows (%): ['0.000']
    Lower Shadows (%): ['0.009']
Volumes: [np.float64(18095.0)]
==================================================
2025-05-10 07:40:59,558 - INFO - 
==================================================
EMA Cross Analysis - HIPPO/USDT
Time: 2025-05-10 07:40:00+09:00
Type: dead
Cross Character (Current): Weak
Cross Character (New): Weak
Price at Cross: 0.003023

1. Pre-Cross Pattern (15min):
EMA Distance Changes (%): ['0.002', '0.025', '0.004', '0.006']
EMA12 Changes (%): ['0.083', '0.045', '-0.038', '-0.017']
Price Changes (%): ['0.562', '-0.164', '-0.494', '0.099']
Candle Analysis:
    Body Sizes (%): ['0.562', '0.164', '0.494', '0.099']
    Upper Shadows (%): ['0.099', '0.197', '0.000', '0.099']
    Lower Shadows (%): ['0.033', '0.099', '0.395', '0.033']
Volumes: [np.float64(24341228.0), np.float64(9102459.0), np.float64(16646892.0), np.float64(1549419.0)]
2025-05-10 07:40:59,558 - INFO - 
2. Post-Cross Movement (30min):
5min Price Changes (%): []
Maximum Change: 0.000% after 0 minutes
Candle Analysis:
    Body Sizes (%): []
    Upper Shadows (%): []
    Lower Shadows (%): []
Volumes: []
==================================================
2025-05-10 07:41:00,423 - INFO - 
==================================================
EMA Cross Analysis - ACX/USDT
Time: 2025-05-10 07:35:00+09:00
Type: golden
Cross Character (Current): Weak
Cross Character (New): Weak
Price at Cross: 0.2523

1. Pre-Cross Pattern (15min):
EMA Distance Changes (%): ['0.070', '0.033', '0.026', '0.027']
EMA12 Changes (%): ['-0.037', '0.061', '0.008', '0.099']
Price Changes (%): ['0.160', '0.600', '-0.278', '0.598']
Candle Analysis:
    Body Sizes (%): ['0.241', '0.600', '0.239', '0.638']
    Upper Shadows (%): ['0.080', '0.000', '0.199', '0.000']
    Lower Shadows (%): ['0.000', '0.000', '0.119', '0.000']
Volumes: [np.float64(33589.1), np.float64(20146.5), np.float64(30004.6), np.float64(47975.3)]
2025-05-10 07:41:00,424 - INFO - 
2. Post-Cross Movement (30min):
5min Price Changes (%): ['-0.119']
Maximum Change: -0.119% after 5 minutes
Candle Analysis:
    Body Sizes (%): ['0.158']
    Upper Shadows (%): ['0.000']
    Lower Shadows (%): ['0.000']
Volumes: [np.float64(9903.2)]
==================================================
2025-05-10 07:41:04,784 - INFO - 
==================================================
EMA Cross Analysis - WLD/USDT
Time: 2025-05-10 07:35:00+09:00
Type: dead
Cross Character (Current): Weak
Cross Character (New): Weak
Price at Cross: 1.1448

1. Pre-Cross Pattern (15min):
EMA Distance Changes (%): ['0.066', '0.016', '0.006', '0.014']
EMA12 Changes (%): ['-0.022', '0.086', '0.041', '-0.038']
Price Changes (%): ['0.324', '0.681', '-0.208', '-0.469']
Candle Analysis:
    Body Sizes (%): ['0.324', '0.681', '0.200', '0.469']
    Upper Shadows (%): ['0.079', '0.044', '0.234', '0.000']
    Lower Shadows (%): ['0.061', '0.201', '0.052', '0.052']
Volumes: [np.float64(330530.0), np.float64(365258.0), np.float64(267140.0), np.float64(158658.0)]
2025-05-10 07:41:04,784 - INFO - 
2. Post-Cross Movement (30min):
5min Price Changes (%): ['-0.131']
Maximum Change: -0.131% after 5 minutes
Candle Analysis:
    Body Sizes (%): ['0.131']
    Upper Shadows (%): ['0.000']
    Lower Shadows (%): ['0.166']
Volumes: [np.float64(215022.0)]
==================================================
2025-05-10 07:45:44,451 - INFO - 
==================================================
EMA Cross Analysis - ONDOUSDT
Time: 2025-05-10 07:45:00+09:00
Type: dead
Cross Character (Current): Weak
Cross Character (New): Weak
Price at Cross: 1.0084

1. Pre-Cross Pattern (15min):
EMA Distance Changes (%): ['0.039', '0.034', '0.011', '0.004']
EMA12 Changes (%): ['0.023', '-0.004', '-0.040', '-0.027']
Price Changes (%): ['-0.217', '-0.148', '-0.238', '0.040']
Candle Analysis:
    Body Sizes (%): ['0.207', '0.148', '0.247', '0.030']
    Upper Shadows (%): ['0.128', '0.010', '0.000', '0.079']
    Lower Shadows (%): ['0.010', '0.128', '0.148', '0.000']
Volumes: [np.float64(398020.3), np.float64(207166.2), np.float64(196480.6), np.float64(40211.4)]
2025-05-10 07:45:44,451 - INFO - 
2. Post-Cross Movement (30min):
5min Price Changes (%): []
Maximum Change: 0.000% after 0 minutes
Candle Analysis:
    Body Sizes (%): []
    Upper Shadows (%): []
    Lower Shadows (%): []
Volumes: []
==================================================
2025-05-10 07:50:13,140 - INFO - 
==================================================
EMA Cross Analysis - NEAR/USDT
Time: 2025-05-10 07:50:00+09:00
Type: dead
Cross Character (Current): Weak
Cross Character (New): Weak
Price at Cross: 2.89

1. Pre-Cross Pattern (15min):
EMA Distance Changes (%): ['0.078', '0.048', '0.015', '0.012']
EMA12 Changes (%): ['0.030', '-0.048', '-0.057', '-0.048']
Price Changes (%): ['0.034', '-0.482', '-0.104', '0.000']
Candle Analysis:
    Body Sizes (%): ['0.000', '0.482', '0.104', '0.035']
    Upper Shadows (%): ['0.069', '0.000', '0.277', '0.000']
    Lower Shadows (%): ['0.138', '0.069', '0.000', '0.000']
Volumes: [np.float64(64346.0), np.float64(79415.0), np.float64(168385.0), np.float64(2511.0)]
2025-05-10 07:50:13,140 - INFO - 
2. Post-Cross Movement (30min):
5min Price Changes (%): []
Maximum Change: 0.000% after 0 minutes
Candle Analysis:
    Body Sizes (%): []
    Upper Shadows (%): []
    Lower Shadows (%): []
Volumes: []
==================================================
2025-05-10 07:50:13,359 - INFO - 
==================================================
EMA Cross Analysis - HIPPO/USDT
Time: 2025-05-10 07:45:00+09:00
Type: dead
Cross Character (Current): Weak
Cross Character (New): Weak
Price at Cross: 0.003002

1. Pre-Cross Pattern (15min):
EMA Distance Changes (%): ['0.025', '0.004', '0.018', '0.050']
EMA12 Changes (%): ['0.045', '-0.038', '0.028', '-0.128']
Price Changes (%): ['-0.164', '-0.494', '0.397', '-0.989']
Candle Analysis:
    Body Sizes (%): ['0.164', '0.494', '0.397', '1.022']
    Upper Shadows (%): ['0.197', '0.000', '0.199', '0.297']
    Lower Shadows (%): ['0.099', '0.395', '0.033', '0.000']
Volumes: [np.float64(9102459.0), np.float64(16646892.0), np.float64(9732732.0), np.float64(10451199.0)]
2025-05-10 07:50:13,360 - INFO - 
2. Post-Cross Movement (30min):
5min Price Changes (%): ['0.167']
Maximum Change: 0.167% after 5 minutes
Candle Analysis:
    Body Sizes (%): ['0.167']
    Upper Shadows (%): ['0.033']
    Lower Shadows (%): ['0.000']
Volumes: [np.float64(664960.0)]
==================================================
2025-05-10 07:50:14,448 - INFO - 
==================================================
EMA Cross Analysis - LINK/USDT
Time: 2025-05-10 07:50:00+09:00
Type: dead
Cross Character (Current): Weak
Cross Character (New): Weak
Price at Cross: 15.958

1. Pre-Cross Pattern (15min):
EMA Distance Changes (%): ['0.064', '0.046', '0.012', '0.018']
EMA12 Changes (%): ['-0.004', '-0.025', '-0.060', '-0.056']
Price Changes (%): ['-0.081', '-0.137', '-0.256', '-0.031']
Candle Analysis:
    Body Sizes (%): ['0.081', '0.137', '0.256', '0.031']
    Upper Shadows (%): ['0.000', '0.012', '0.056', '0.000']
    Lower Shadows (%): ['0.056', '0.081', '0.000', '0.000']
Volumes: [np.float64(16516.2), np.float64(18921.05), np.float64(18697.83), np.float64(399.77)]
2025-05-10 07:50:14,448 - INFO - 
2. Post-Cross Movement (30min):
5min Price Changes (%): []
Maximum Change: 0.000% after 0 minutes
Candle Analysis:
    Body Sizes (%): []
    Upper Shadows (%): []
    Lower Shadows (%): []
Volumes: []
==================================================
2025-05-10 07:50:15,536 - INFO - 
==================================================
EMA Cross Analysis - ORDI/USDT
Time: 2025-05-10 07:50:00+09:00
Type: dead
Cross Character (Current): Weak
Cross Character (New): Weak
Price at Cross: 9.221

1. Pre-Cross Pattern (15min):
EMA Distance Changes (%): ['0.166', '0.083', '0.019', '0.025']
EMA12 Changes (%): ['-0.111', '-0.135', '-0.111', '-0.081']
Price Changes (%): ['-0.108', '-0.271', '0.022', '0.087']
Candle Analysis:
    Body Sizes (%): ['0.119', '0.260', '0.022', '0.087']
    Upper Shadows (%): ['0.119', '0.000', '0.575', '0.000']
    Lower Shadows (%): ['0.130', '0.292', '0.043', '0.033']
Volumes: [np.float64(10748.2), np.float64(14556.7), np.float64(22370.0), np.float64(956.1)]
2025-05-10 07:50:15,536 - INFO - 
2. Post-Cross Movement (30min):
5min Price Changes (%): []
Maximum Change: 0.000% after 0 minutes
Candle Analysis:
    Body Sizes (%): []
    Upper Shadows (%): []
    Lower Shadows (%): []
Volumes: []
==================================================
2025-05-10 07:50:20,069 - INFO - 
==================================================
EMA Cross Analysis - AVAX/USDT
Time: 2025-05-10 07:45:00+09:00
Type: dead
Cross Character (Current): Weak
Cross Character (New): Weak
Price at Cross: 23.062

1. Pre-Cross Pattern (15min):
EMA Distance Changes (%): ['0.034', '0.035', '0.020', '0.003']
EMA12 Changes (%): ['0.024', '0.007', '-0.025', '-0.042']
Price Changes (%): ['-0.138', '-0.086', '-0.199', '-0.134']
Candle Analysis:
    Body Sizes (%): ['0.147', '0.086', '0.199', '0.130']
    Upper Shadows (%): ['0.073', '0.000', '0.000', '0.178']
    Lower Shadows (%): ['0.022', '0.069', '0.065', '0.000']
Volumes: [np.float64(16420.0), np.float64(16113.0), np.float64(9477.0), np.float64(12041.0)]
2025-05-10 07:50:20,069 - INFO - 
2. Post-Cross Movement (30min):
5min Price Changes (%): ['0.013']
Maximum Change: 0.013% after 5 minutes
Candle Analysis:
    Body Sizes (%): ['0.009']
    Upper Shadows (%): ['0.004']
    Lower Shadows (%): ['0.013']
Volumes: [np.float64(643.0)]
==================================================
2025-05-10 07:50:21,374 - INFO - 
==================================================
EMA Cross Analysis - ONDOUSDT
Time: 2025-05-10 07:45:00+09:00
Type: dead
Cross Character (Current): Weak
Cross Character (New): Weak
Price at Cross: 1.0064

1. Pre-Cross Pattern (15min):
EMA Distance Changes (%): ['0.039', '0.034', '0.011', '0.020']
EMA12 Changes (%): ['0.023', '-0.004', '-0.040', '-0.058']
Price Changes (%): ['-0.217', '-0.148', '-0.238', '-0.159']
Candle Analysis:
    Body Sizes (%): ['0.207', '0.148', '0.247', '0.169']
    Upper Shadows (%): ['0.128', '0.010', '0.000', '0.179']
    Lower Shadows (%): ['0.010', '0.128', '0.148', '0.010']
Volumes: [np.float64(398020.3), np.float64(207166.2), np.float64(196480.6), np.float64(203588.3)]
2025-05-10 07:50:21,374 - INFO - 
2. Post-Cross Movement (30min):
5min Price Changes (%): ['-0.020']
Maximum Change: -0.020% after 5 minutes
Candle Analysis:
    Body Sizes (%): ['0.030']
    Upper Shadows (%): ['0.010']
    Lower Shadows (%): ['0.020']
Volumes: [np.float64(12803.2)]
==================================================
2025-05-10 07:55:58,405 - INFO - 
==================================================
EMA Cross Analysis - NEAR/USDT
Time: 2025-05-10 07:50:00+09:00
Type: dead
Cross Character (Current): Weak
Cross Character (New): Weak
Price at Cross: 2.883

1. Pre-Cross Pattern (15min):
EMA Distance Changes (%): ['0.078', '0.048', '0.015', '0.031']
EMA12 Changes (%): ['0.030', '-0.048', '-0.057', '-0.085']
Price Changes (%): ['0.034', '-0.482', '-0.104', '-0.242']
Candle Analysis:
    Body Sizes (%): ['0.000', '0.482', '0.104', '0.208']
    Upper Shadows (%): ['0.069', '0.000', '0.277', '0.069']
    Lower Shadows (%): ['0.138', '0.069', '0.000', '0.035']
Volumes: [np.float64(64346.0), np.float64(79415.0), np.float64(168385.0), np.float64(90009.0)]
2025-05-10 07:55:58,405 - INFO - 
2. Post-Cross Movement (30min):
5min Price Changes (%): ['0.069']
Maximum Change: 0.069% after 5 minutes
Candle Analysis:
    Body Sizes (%): ['0.035']
    Upper Shadows (%): ['0.035']
    Lower Shadows (%): ['0.000']
Volumes: [np.float64(7181.0)]
==================================================
2025-05-10 07:55:59,057 - INFO - 
==================================================
EMA Cross Analysis - FXS/USDT
Time: 2025-05-10 07:55:00+09:00
Type: dead
Cross Character (Current): Weak
Cross Character (New): Weak
Price at Cross: 2.4418

1. Pre-Cross Pattern (15min):
EMA Distance Changes (%): ['0.007', '0.006', '0.001', '0.002']
EMA12 Changes (%): ['0.008', '-0.001', '-0.008', '-0.006']
Price Changes (%): ['0.086', '-0.049', '-0.045', '0.004']
Candle Analysis:
    Body Sizes (%): ['0.086', '0.045', '0.008', '0.004']
    Upper Shadows (%): ['0.094', '0.102', '0.111', '0.000']
    Lower Shadows (%): ['0.025', '0.000', '0.020', '0.020']
Volumes: [np.float64(2714.0), np.float64(1294.1), np.float64(1061.7), np.float64(118.2)]
2025-05-10 07:55:59,057 - INFO - 
2. Post-Cross Movement (30min):
5min Price Changes (%): []
Maximum Change: 0.000% after 0 minutes
Candle Analysis:
    Body Sizes (%): []
    Upper Shadows (%): []
    Lower Shadows (%): []
Volumes: []
==================================================
2025-05-10 07:55:59,714 - INFO - 
==================================================
EMA Cross Analysis - LINK/USDT
Time: 2025-05-10 07:50:00+09:00
Type: dead
Cross Character (Current): Weak
Cross Character (New): Weak
Price at Cross: 15.942

1. Pre-Cross Pattern (15min):
EMA Distance Changes (%): ['0.064', '0.046', '0.012', '0.026']
EMA12 Changes (%): ['-0.004', '-0.025', '-0.060', '-0.071']
Price Changes (%): ['-0.081', '-0.137', '-0.256', '-0.132']
Candle Analysis:
    Body Sizes (%): ['0.081', '0.137', '0.256', '0.132']
    Upper Shadows (%): ['0.000', '0.012', '0.056', '0.050']
    Lower Shadows (%): ['0.056', '0.081', '0.000', '0.063']
Volumes: [np.float64(16516.2), np.float64(18921.05), np.float64(18697.83), np.float64(22898.04)]
2025-05-10 07:55:59,715 - INFO - 
2. Post-Cross Movement (30min):
5min Price Changes (%): ['-0.006']
Maximum Change: -0.006% after 5 minutes
Candle Analysis:
    Body Sizes (%): ['0.006']
    Upper Shadows (%): ['0.031']
    Lower Shadows (%): ['0.000']
Volumes: [np.float64(1988.05)]
==================================================
2025-05-10 07:56:00,369 - INFO - 
==================================================
EMA Cross Analysis - ATOM/USDT
Time: 2025-05-10 07:50:00+09:00
Type: dead
Cross Character (Current): Weak
Cross Character (New): Weak
Price at Cross: 4.913

1. Pre-Cross Pattern (15min):
EMA Distance Changes (%): ['0.066', '0.051', '0.026', '0.023']
EMA12 Changes (%): ['-0.007', '-0.019', '-0.041', '-0.090']
Price Changes (%): ['0.000', '-0.081', '-0.162', '-0.365']
Candle Analysis:
    Body Sizes (%): ['0.000', '0.081', '0.182', '0.365']
    Upper Shadows (%): ['0.081', '0.000', '0.142', '0.020']
    Lower Shadows (%): ['0.040', '0.182', '0.020', '0.041']
Volumes: [np.float64(7656.28), np.float64(14056.18), np.float64(8114.28), np.float64(23040.66)]
2025-05-10 07:56:00,370 - INFO - 
2. Post-Cross Movement (30min):
5min Price Changes (%): ['0.061']
Maximum Change: 0.061% after 5 minutes
Candle Analysis:
    Body Sizes (%): ['0.061']
    Upper Shadows (%): ['0.000']
    Lower Shadows (%): ['0.000']
Volumes: [np.float64(1980.01)]
==================================================
2025-05-10 07:56:00,620 - INFO - 
==================================================
EMA Cross Analysis - PHA/USDT
Time: 2025-05-10 07:55:00+09:00
Type: dead
Cross Character (Current): Weak
Cross Character (New): Weak
Price at Cross: 0.13827

1. Pre-Cross Pattern (15min):
EMA Distance Changes (%): ['0.171', '0.126', '0.026', '0.036']
EMA12 Changes (%): ['-0.037', '-0.063', '-0.174', '-0.115']
Price Changes (%): ['-0.215', '-0.208', '-0.784', '0.210']
Candle Analysis:
    Body Sizes (%): ['0.215', '0.215', '0.791', '0.174']
    Upper Shadows (%): ['0.000', '0.065', '0.050', '0.000']
    Lower Shadows (%): ['0.043', '0.000', '0.115', '0.000']
Volumes: [np.float64(23123.0), np.float64(123064.0), np.float64(230205.0), np.float64(7842.0)]
2025-05-10 07:56:00,620 - INFO - 
2. Post-Cross Movement (30min):
5min Price Changes (%): []
Maximum Change: 0.000% after 0 minutes
Candle Analysis:
    Body Sizes (%): []
    Upper Shadows (%): []
    Lower Shadows (%): []
Volumes: []
==================================================
2025-05-10 07:56:00,836 - INFO - 
==================================================
EMA Cross Analysis - ORDI/USDT
Time: 2025-05-10 07:50:00+09:00
Type: dead
Cross Character (Current): Weak
Cross Character (New): Weak
Price at Cross: 9.144

1. Pre-Cross Pattern (15min):
EMA Distance Changes (%): ['0.166', '0.083', '0.019', '0.092']
EMA12 Changes (%): ['-0.111', '-0.135', '-0.111', '-0.209']
Price Changes (%): ['-0.108', '-0.271', '0.022', '-0.749']
Candle Analysis:
    Body Sizes (%): ['0.119', '0.260', '0.022', '0.749']
    Upper Shadows (%): ['0.119', '0.000', '0.575', '0.087']
    Lower Shadows (%): ['0.130', '0.292', '0.043', '0.250']
Volumes: [np.float64(10748.2), np.float64(14556.7), np.float64(22370.0), np.float64(52162.5)]
2025-05-10 07:56:00,836 - INFO - 
2. Post-Cross Movement (30min):
5min Price Changes (%): ['0.033']
Maximum Change: 0.033% after 5 minutes
Candle Analysis:
    Body Sizes (%): ['0.033']
    Upper Shadows (%): ['0.098']
    Lower Shadows (%): ['0.000']
Volumes: [np.float64(6249.5)]
==================================================
2025-05-10 07:56:01,271 - INFO - 
==================================================
EMA Cross Analysis - XLM/USDT
Time: 2025-05-10 07:50:00+09:00
Type: dead
Cross Character (Current): Weak
Cross Character (New): Weak
Price at Cross: 0.29407

1. Pre-Cross Pattern (15min):
EMA Distance Changes (%): ['0.025', '0.014', '0.008', '0.017']
EMA12 Changes (%): ['0.015', '-0.017', '-0.010', '-0.047']
Price Changes (%): ['0.034', '-0.193', '0.027', '-0.251']
Candle Analysis:
    Body Sizes (%): ['0.034', '0.193', '0.027', '0.244']
    Upper Shadows (%): ['0.044', '0.000', '0.146', '0.054']
    Lower Shadows (%): ['0.064', '0.105', '0.000', '0.034']
Volumes: [np.float64(439804.0), np.float64(457047.0), np.float64(413321.0), np.float64(525803.0)]
2025-05-10 07:56:01,271 - INFO - 
2. Post-Cross Movement (30min):
5min Price Changes (%): ['0.037']
Maximum Change: 0.037% after 5 minutes
Candle Analysis:
    Body Sizes (%): ['0.037']
    Upper Shadows (%): ['0.000']
    Lower Shadows (%): ['0.003']
Volumes: [np.float64(35834.0)]
==================================================
2025-05-10 07:56:06,448 - INFO - 
==================================================
EMA Cross Analysis - ZEN/USDT
Time: 2025-05-10 07:50:00+09:00
Type: dead
Cross Character (Current): Weak
Cross Character (New): Weak
Price at Cross: 9.793

1. Pre-Cross Pattern (15min):
EMA Distance Changes (%): ['0.067', '0.048', '0.036', '0.002']
EMA12 Changes (%): ['0.014', '-0.027', '-0.015', '-0.068']
Price Changes (%): ['-0.010', '-0.254', '0.051', '-0.356']
Candle Analysis:
    Body Sizes (%): ['0.010', '0.254', '0.041', '0.356']
    Upper Shadows (%): ['0.051', '0.000', '0.224', '0.051']
    Lower Shadows (%): ['0.112', '0.030', '0.000', '0.031']
Volumes: [np.float64(528.1), np.float64(482.5), np.float64(605.3), np.float64(1099.3)]
2025-05-10 07:56:06,448 - INFO - 
2. Post-Cross Movement (30min):
5min Price Changes (%): ['-0.031']
Maximum Change: -0.031% after 5 minutes
Candle Analysis:
    Body Sizes (%): ['0.031']
    Upper Shadows (%): ['0.041']
    Lower Shadows (%): ['0.000']
Volumes: [np.float64(55.2)]
==================================================
2025-05-10 08:00:35,838 - INFO - 
==================================================
EMA Cross Analysis - FXS/USDT
Time: 2025-05-10 07:55:00+09:00
Type: dead
Cross Character (Current): Weak
Cross Character (New): Weak
Price at Cross: 2.4355

1. Pre-Cross Pattern (15min):
EMA Distance Changes (%): ['0.007', '0.006', '0.001', '0.022']
EMA12 Changes (%): ['0.008', '-0.001', '-0.008', '-0.046']
Price Changes (%): ['0.086', '-0.049', '-0.045', '-0.254']
Candle Analysis:
    Body Sizes (%): ['0.086', '0.045', '0.008', '0.254']
    Upper Shadows (%): ['0.094', '0.102', '0.111', '0.012']
    Lower Shadows (%): ['0.025', '0.000', '0.020', '0.000']
Volumes: [np.float64(2714.0), np.float64(1294.1), np.float64(1061.7), np.float64(1346.0)]
2025-05-10 08:00:35,839 - INFO - 
2. Post-Cross Movement (30min):
5min Price Changes (%): ['0.168']
Maximum Change: 0.168% after 5 minutes
Candle Analysis:
    Body Sizes (%): ['0.168']
    Upper Shadows (%): ['0.000']
    Lower Shadows (%): ['0.000']
Volumes: [np.float64(204.7)]
==================================================
2025-05-10 08:00:37,362 - INFO - 
==================================================
EMA Cross Analysis - PHA/USDT
Time: 2025-05-10 07:55:00+09:00
Type: dead
Cross Character (Current): Weak
Cross Character (New): Weak
Price at Cross: 0.13801

1. Pre-Cross Pattern (15min):
EMA Distance Changes (%): ['0.171', '0.126', '0.026', '0.051']
EMA12 Changes (%): ['-0.037', '-0.063', '-0.174', '-0.144']
Price Changes (%): ['-0.215', '-0.208', '-0.784', '0.022']
Candle Analysis:
    Body Sizes (%): ['0.215', '0.215', '0.791', '0.014']
    Upper Shadows (%): ['0.000', '0.065', '0.050', '0.312']
    Lower Shadows (%): ['0.043', '0.000', '0.115', '0.072']
Volumes: [np.float64(23123.0), np.float64(123064.0), np.float64(230205.0), np.float64(92432.0)]
2025-05-10 08:00:37,363 - INFO - 
2. Post-Cross Movement (30min):
5min Price Changes (%): ['0.022']
Maximum Change: 0.022% after 5 minutes
Candle Analysis:
    Body Sizes (%): ['0.007']
    Upper Shadows (%): ['0.007']
    Lower Shadows (%): ['0.051']
Volumes: [np.float64(27854.0)]
==================================================
2025-05-10 08:00:41,513 - INFO - 
==================================================
EMA Cross Analysis - ATA/USDT
Time: 2025-05-10 08:00:00+09:00
Type: dead
Cross Character (Current): Weak
Cross Character (New): Weak
Price at Cross: 0.0612

1. Pre-Cross Pattern (15min):
EMA Distance Changes (%): ['0.071', '0.036', '0.009', '0.013']
EMA12 Changes (%): ['-0.038', '-0.057', '-0.048', '-0.041']
Price Changes (%): ['-0.325', '-0.163', '0.000', '0.000']
Candle Analysis:
    Body Sizes (%): ['0.163', '0.163', '0.000', '0.000']
    Upper Shadows (%): ['0.163', '0.163', '0.163', '0.163']
    Lower Shadows (%): ['0.000', '0.000', '0.000', '0.000']
Volumes: [np.float64(70922.0), np.float64(9782.0), np.float64(18298.0), np.float64(7002.0)]
2025-05-10 08:00:41,514 - INFO - 
2. Post-Cross Movement (30min):
5min Price Changes (%): []
Maximum Change: 0.000% after 0 minutes
Candle Analysis:
    Body Sizes (%): []
    Upper Shadows (%): []
    Lower Shadows (%): []
Volumes: []
==================================================
2025-05-10 08:00:43,008 - INFO - 
==================================================
EMA Cross Analysis - COW/USDT
Time: 2025-05-10 08:00:00+09:00
Type: dead
Cross Character (Current): Weak
Cross Character (New): Weak
Price at Cross: 0.3656

1. Pre-Cross Pattern (15min):
EMA Distance Changes (%): ['0.119', '0.073', '0.010', '0.015']
EMA12 Changes (%): ['0.010', '-0.071', '-0.111', '-0.048']
Price Changes (%): ['-0.054', '-0.517', '-0.328', '0.302']
Candle Analysis:
    Body Sizes (%): ['0.054', '0.463', '0.355', '0.302']
    Upper Shadows (%): ['0.218', '0.000', '0.000', '0.055']
    Lower Shadows (%): ['0.082', '0.027', '0.082', '0.027']
Volumes: [np.float64(68922.0), np.float64(18678.0), np.float64(173551.0), np.float64(56350.0)]
2025-05-10 08:00:43,008 - INFO - 
2. Post-Cross Movement (30min):
5min Price Changes (%): []
Maximum Change: 0.000% after 0 minutes
Candle Analysis:
    Body Sizes (%): []
    Upper Shadows (%): []
    Lower Shadows (%): []
Volumes: []
==================================================
2025-05-10 08:00:44,250 - INFO - 
==================================================
EMA Cross Analysis - VANA/USDT
Time: 2025-05-10 07:55:00+09:00
Type: dead
Cross Character (Current): Weak
Cross Character (New): Weak
Price at Cross: 6.254

1. Pre-Cross Pattern (15min):
EMA Distance Changes (%): ['0.147', '0.108', '0.052', '0.014']
EMA12 Changes (%): ['-0.026', '-0.054', '-0.092', '-0.120']
Price Changes (%): ['-0.379', '-0.206', '-0.302', '-0.271']
Candle Analysis:
    Body Sizes (%): ['0.364', '0.206', '0.302', '0.271']
    Upper Shadows (%): ['0.016', '0.349', '0.016', '0.096']
    Lower Shadows (%): ['0.047', '0.048', '0.048', '0.016']
Volumes: [np.float64(6845.43), np.float64(3897.16), np.float64(3910.19), np.float64(11384.84)]
2025-05-10 08:00:44,251 - INFO - 
2. Post-Cross Movement (30min):
5min Price Changes (%): ['0.080']
Maximum Change: 0.080% after 5 minutes
Candle Analysis:
    Body Sizes (%): ['0.064']
    Upper Shadows (%): ['0.048']
    Lower Shadows (%): ['0.032']
Volumes: [np.float64(1070.18)]
==================================================
2025-05-10 08:05:18,072 - INFO - 
==================================================
EMA Cross Analysis - ATA/USDT
Time: 2025-05-10 08:00:00+09:00
Type: dead
Cross Character (Current): Weak
Cross Character (New): Weak
Price at Cross: 0.0613

1. Pre-Cross Pattern (15min):
EMA Distance Changes (%): ['0.071', '0.036', '0.009', '0.000']
EMA12 Changes (%): ['-0.038', '-0.057', '-0.048', '-0.016']
Price Changes (%): ['-0.325', '-0.163', '0.000', '0.163']
Candle Analysis:
    Body Sizes (%): ['0.163', '0.163', '0.000', '0.163']
    Upper Shadows (%): ['0.163', '0.163', '0.163', '0.000']
    Lower Shadows (%): ['0.000', '0.000', '0.000', '0.000']
Volumes: [np.float64(70922.0), np.float64(9782.0), np.float64(18298.0), np.float64(48189.0)]
2025-05-10 08:05:18,072 - INFO - 
2. Post-Cross Movement (30min):
5min Price Changes (%): ['-0.163']
Maximum Change: -0.163% after 5 minutes
Candle Analysis:
    Body Sizes (%): ['0.163']
    Upper Shadows (%): ['0.000']
    Lower Shadows (%): ['0.000']
Volumes: [np.float64(7892.0)]
==================================================
2025-05-10 08:05:19,551 - INFO - 
==================================================
EMA Cross Analysis - COW/USDT
Time: 2025-05-10 08:00:00+09:00
Type: dead
Cross Character (Current): Weak
Cross Character (New): Weak
Price at Cross: 0.3663

1. Pre-Cross Pattern (15min):
EMA Distance Changes (%): ['0.119', '0.073', '0.010', '0.000']
EMA12 Changes (%): ['0.010', '-0.071', '-0.111', '-0.018']
Price Changes (%): ['-0.054', '-0.517', '-0.328', '0.494']
Candle Analysis:
    Body Sizes (%): ['0.054', '0.463', '0.355', '0.494']
    Upper Shadows (%): ['0.218', '0.000', '0.000', '0.027']
    Lower Shadows (%): ['0.082', '0.027', '0.082', '0.027']
Volumes: [np.float64(68922.0), np.float64(18678.0), np.float64(173551.0), np.float64(118154.0)]
2025-05-10 08:05:19,552 - INFO - 
2. Post-Cross Movement (30min):
5min Price Changes (%): ['0.027']
Maximum Change: 0.027% after 5 minutes
Candle Analysis:
    Body Sizes (%): ['0.027']
    Upper Shadows (%): ['0.000']
    Lower Shadows (%): ['0.000']
Volumes: [np.float64(1095.0)]
==================================================
2025-05-10 08:11:00,118 - INFO - 
==================================================
EMA Cross Analysis - GALA/USDT
Time: 2025-05-10 08:05:00+09:00
Type: dead
Cross Character (Current): Weak
Cross Character (New): Weak
Price at Cross: 0.01923

1. Pre-Cross Pattern (15min):
EMA Distance Changes (%): ['0.116', '0.072', '0.040', '0.038']
EMA12 Changes (%): ['-0.071', '-0.068', '-0.050', '-0.145']
Price Changes (%): ['-0.412', '-0.052', '0.052', '-0.671']
Candle Analysis:
    Body Sizes (%): ['0.463', '0.000', '0.052', '0.671']
    Upper Shadows (%): ['0.103', '0.207', '0.310', '0.207']
    Lower Shadows (%): ['0.257', '0.155', '0.103', '0.103']
Volumes: [np.float64(12115439.0), np.float64(2867887.0), np.float64(11397463.0), np.float64(13997770.0)]
2025-05-10 08:11:00,119 - INFO - 
2. Post-Cross Movement (30min):
5min Price Changes (%): ['0.052']
Maximum Change: 0.052% after 5 minutes
Candle Analysis:
    Body Sizes (%): ['0.104']
    Upper Shadows (%): ['0.000']
    Lower Shadows (%): ['0.000']
Volumes: [np.float64(3813597.0)]
==================================================
2025-05-10 08:11:00,773 - INFO - 
==================================================
EMA Cross Analysis - DOT/USDT
Time: 2025-05-10 08:05:00+09:00
Type: dead
Cross Character (Current): Weak
Cross Character (New): Weak
Price at Cross: 4.761

1. Pre-Cross Pattern (15min):
EMA Distance Changes (%): ['0.098', '0.067', '0.046', '0.003']
EMA12 Changes (%): ['-0.049', '-0.045', '-0.031', '-0.088']
Price Changes (%): ['-0.396', '-0.021', '0.042', '-0.397']
Candle Analysis:
    Body Sizes (%): ['0.375', '0.042', '0.042', '0.397']
    Upper Shadows (%): ['0.083', '0.105', '0.188', '0.042']
    Lower Shadows (%): ['0.042', '0.042', '0.000', '0.063']
Volumes: [np.float64(84981.4), np.float64(70605.7), np.float64(46001.6), np.float64(312669.2)]
2025-05-10 08:11:00,774 - INFO - 
2. Post-Cross Movement (30min):
5min Price Changes (%): ['0.168']
Maximum Change: 0.168% after 5 minutes
Candle Analysis:
    Body Sizes (%): ['0.147']
    Upper Shadows (%): ['0.000']
    Lower Shadows (%): ['0.000']
Volumes: [np.float64(23736.5)]
==================================================
2025-05-10 08:15:34,158 - INFO - 
==================================================
EMA Cross Analysis - HIPPO/USDT
Time: 2025-05-10 08:15:00+09:00
Type: golden
Cross Character (Current): Weak
Cross Character (New): Weak
Price at Cross: 0.003047

1. Pre-Cross Pattern (15min):
EMA Distance Changes (%): ['0.117', '0.147', '0.063', '0.012']
EMA12 Changes (%): ['0.060', '-0.072', '0.138', '0.137']
Price Changes (%): ['1.034', '-0.793', '1.298', '0.131']
Candle Analysis:
    Body Sizes (%): ['1.034', '0.793', '1.265', '0.164']
    Upper Shadows (%): ['0.000', '0.264', '0.166', '0.099']
    Lower Shadows (%): ['0.033', '0.099', '0.000', '0.033']
Volumes: [np.float64(14735474.0), np.float64(13581854.0), np.float64(12818995.0), np.float64(2277790.0)]
2025-05-10 08:15:34,158 - INFO - 
2. Post-Cross Movement (30min):
5min Price Changes (%): []
Maximum Change: 0.000% after 0 minutes
Candle Analysis:
    Body Sizes (%): []
    Upper Shadows (%): []
    Lower Shadows (%): []
Volumes: []
==================================================
2025-05-10 08:15:34,595 - INFO - 
==================================================
EMA Cross Analysis - FXS/USDT
Time: 2025-05-10 08:10:00+09:00
Type: golden
Cross Character (Current): Weak
Cross Character (New): Weak
Price at Cross: 2.4517

1. Pre-Cross Pattern (15min):
EMA Distance Changes (%): ['0.022', '0.018', '0.006', '0.025']
EMA12 Changes (%): ['-0.046', '0.005', '0.021', '0.059']
Price Changes (%): ['-0.254', '0.287', '0.106', '0.270']
Candle Analysis:
    Body Sizes (%): ['0.254', '0.287', '0.082', '0.254']
    Upper Shadows (%): ['0.012', '0.082', '0.053', '0.000']
    Lower Shadows (%): ['0.000', '0.000', '0.270', '0.057']
Volumes: [np.float64(1346.0), np.float64(3420.6), np.float64(2291.8), np.float64(1859.6)]
2025-05-10 08:15:34,595 - INFO - 
2. Post-Cross Movement (30min):
5min Price Changes (%): ['-0.012']
Maximum Change: -0.012% after 5 minutes
Candle Analysis:
    Body Sizes (%): ['0.020']
    Upper Shadows (%): ['0.004']
    Lower Shadows (%): ['0.004']
Volumes: [np.float64(696.6)]
==================================================
2025-05-10 08:15:40,866 - INFO - 
==================================================
EMA Cross Analysis - AVAX/USDT
Time: 2025-05-10 08:15:00+09:00
Type: golden
Cross Character (Current): Weak
Cross Character (New): Weak
Price at Cross: 23.169

1. Pre-Cross Pattern (15min):
EMA Distance Changes (%): ['0.045', '0.049', '0.022', '0.003']
EMA12 Changes (%): ['-0.001', '-0.014', '0.045', '0.045']
Price Changes (%): ['0.200', '-0.082', '0.368', '0.047']
Candle Analysis:
    Body Sizes (%): ['0.195', '0.082', '0.355', '0.047']
    Upper Shadows (%): ['0.013', '0.004', '0.004', '0.013']
    Lower Shadows (%): ['0.009', '0.069', '0.000', '0.039']
Volumes: [np.float64(18377.0), np.float64(16526.0), np.float64(16510.0), np.float64(3035.0)]
2025-05-10 08:15:40,866 - INFO - 
2. Post-Cross Movement (30min):
5min Price Changes (%): []
Maximum Change: 0.000% after 0 minutes
Candle Analysis:
    Body Sizes (%): []
    Upper Shadows (%): []
    Lower Shadows (%): []
Volumes: []
==================================================
2025-05-10 08:15:42,996 - INFO - 
==================================================
EMA Cross Analysis - VANA/USDT
Time: 2025-05-10 08:10:00+09:00
Type: golden
Cross Character (Current): Weak
Cross Character (New): Weak
Price at Cross: 6.321

1. Pre-Cross Pattern (15min):
EMA Distance Changes (%): ['0.014', '0.017', '0.026', '0.011']
EMA12 Changes (%): ['-0.120', '-0.008', '-0.019', '0.067']
Price Changes (%): ['-0.271', '0.608', '-0.079', '0.541']
Candle Analysis:
    Body Sizes (%): ['0.271', '0.592', '0.079', '0.525']
    Upper Shadows (%): ['0.096', '0.016', '0.159', '0.000']
    Lower Shadows (%): ['0.016', '0.032', '0.223', '0.000']
Volumes: [np.float64(11384.84), np.float64(4785.61), np.float64(14453.14), np.float64(3796.51)]
2025-05-10 08:15:42,996 - INFO - 
2. Post-Cross Movement (30min):
5min Price Changes (%): ['0.063']
Maximum Change: 0.063% after 5 minutes
Candle Analysis:
    Body Sizes (%): ['0.079']
    Upper Shadows (%): ['0.000']
    Lower Shadows (%): ['0.032']
Volumes: [np.float64(208.48)]
==================================================
2025-05-10 08:20:11,087 - INFO - 
==================================================
EMA Cross Analysis - HIPPO/USDT
Time: 2025-05-10 08:20:00+09:00
Type: golden
Cross Character (Current): Weak
Cross Character (New): Weak
Price at Cross: 0.00304

1. Pre-Cross Pattern (15min):
EMA Distance Changes (%): ['0.147', '0.063', '0.014', '0.032']
EMA12 Changes (%): ['-0.072', '0.138', '0.086', '0.088']
Price Changes (%): ['-0.793', '1.298', '-0.197', '0.099']
Candle Analysis:
    Body Sizes (%): ['0.793', '1.265', '0.164', '0.099']
    Upper Shadows (%): ['0.264', '0.166', '0.263', '0.033']
    Lower Shadows (%): ['0.099', '0.000', '0.394', '0.066']
Volumes: [np.float64(13581854.0), np.float64(12818995.0), np.float64(11626122.0), np.float64(242154.0)]
2025-05-10 08:20:11,087 - INFO - 
2. Post-Cross Movement (30min):
5min Price Changes (%): []
Maximum Change: 0.000% after 0 minutes
Candle Analysis:
    Body Sizes (%): []
    Upper Shadows (%): []
    Lower Shadows (%): []
Volumes: []
==================================================
2025-05-10 08:20:11,958 - INFO - 
==================================================
EMA Cross Analysis - ACX/USDT
Time: 2025-05-10 08:20:00+09:00
Type: dead
Cross Character (Current): Weak
Cross Character (New): Weak
Price at Cross: 0.2503

1. Pre-Cross Pattern (15min):
EMA Distance Changes (%): ['0.068', '0.038', '0.002', '0.024']
EMA12 Changes (%): ['-0.099', '-0.048', '-0.065', '-0.049']
Price Changes (%): ['-0.517', '0.240', '-0.160', '0.040']
Candle Analysis:
    Body Sizes (%): ['0.517', '0.240', '0.160', '0.040']
    Upper Shadows (%): ['0.000', '0.000', '0.040', '0.000']
    Lower Shadows (%): ['0.000', '0.000', '0.000', '0.000']
Volumes: [np.float64(15853.5), np.float64(34439.4), np.float64(18075.4), np.float64(1432.7)]
2025-05-10 08:20:11,958 - INFO - 
2. Post-Cross Movement (30min):
5min Price Changes (%): []
Maximum Change: 0.000% after 0 minutes
Candle Analysis:
    Body Sizes (%): []
    Upper Shadows (%): []
    Lower Shadows (%): []
Volumes: []
==================================================
2025-05-10 08:20:17,796 - INFO - 
==================================================
EMA Cross Analysis - AVAX/USDT
Time: 2025-05-10 08:15:00+09:00
Type: golden
Cross Character (Current): Weak
Cross Character (New): Weak
Price at Cross: 23.167

1. Pre-Cross Pattern (15min):
EMA Distance Changes (%): ['0.045', '0.049', '0.022', '0.003']
EMA12 Changes (%): ['-0.001', '-0.014', '0.045', '0.044']
Price Changes (%): ['0.200', '-0.082', '0.368', '0.039']
Candle Analysis:
    Body Sizes (%): ['0.195', '0.082', '0.355', '0.039']
    Upper Shadows (%): ['0.013', '0.004', '0.004', '0.069']
    Lower Shadows (%): ['0.009', '0.069', '0.000', '0.086']
Volumes: [np.float64(18377.0), np.float64(16526.0), np.float64(16510.0), np.float64(15085.0)]
2025-05-10 08:20:17,796 - INFO - 
2. Post-Cross Movement (30min):
5min Price Changes (%): ['0.009']
Maximum Change: 0.009% after 5 minutes
Candle Analysis:
    Body Sizes (%): ['0.004']
    Upper Shadows (%): ['0.022']
    Lower Shadows (%): ['0.000']
Volumes: [np.float64(198.0)]
==================================================
2025-05-10 08:20:19,324 - INFO - 
==================================================
EMA Cross Analysis - USUAL/USDT
Time: 2025-05-10 08:20:00+09:00
Type: dead
Cross Character (Current): Weak
Cross Character (New): Weak
Price at Cross: 0.1509

1. Pre-Cross Pattern (15min):
EMA Distance Changes (%): ['0.039', '0.021', '0.001', '0.009']
EMA12 Changes (%): ['-0.131', '-0.030', '-0.035', '-0.020']
Price Changes (%): ['-0.596', '0.533', '-0.066', '0.066']
Candle Analysis:
    Body Sizes (%): ['0.596', '0.466', '0.000', '0.066']
    Upper Shadows (%): ['0.066', '0.000', '0.597', '0.000']
    Lower Shadows (%): ['0.132', '0.000', '0.066', '0.066']
Volumes: [np.float64(542712.0), np.float64(368561.0), np.float64(669814.0), np.float64(13244.0)]
2025-05-10 08:20:19,324 - INFO - 
2. Post-Cross Movement (30min):
5min Price Changes (%): []
Maximum Change: 0.000% after 0 minutes
Candle Analysis:
    Body Sizes (%): []
    Upper Shadows (%): []
    Lower Shadows (%): []
Volumes: []
==================================================
2025-05-10 08:25:57,541 - INFO - 
==================================================
EMA Cross Analysis - ACX/USDT
Time: 2025-05-10 08:20:00+09:00
Type: dead
Cross Character (Current): Weak
Cross Character (New): Weak
Price at Cross: 0.2507

1. Pre-Cross Pattern (15min):
EMA Distance Changes (%): ['0.068', '0.038', '0.002', '0.011']
EMA12 Changes (%): ['-0.099', '-0.048', '-0.065', '-0.024']
Price Changes (%): ['-0.517', '0.240', '-0.160', '0.200']
Candle Analysis:
    Body Sizes (%): ['0.517', '0.240', '0.160', '0.200']
    Upper Shadows (%): ['0.000', '0.000', '0.040', '0.000']
    Lower Shadows (%): ['0.000', '0.000', '0.000', '0.040']
Volumes: [np.float64(15853.5), np.float64(34439.4), np.float64(18075.4), np.float64(8283.6)]
2025-05-10 08:25:57,541 - INFO - 
2. Post-Cross Movement (30min):
5min Price Changes (%): ['-0.040']
Maximum Change: -0.040% after 5 minutes
Candle Analysis:
    Body Sizes (%): ['0.040']
    Upper Shadows (%): ['0.040']
    Lower Shadows (%): ['0.080']
Volumes: [np.float64(9321.3)]
==================================================
2025-05-10 08:26:01,237 - INFO - 
==================================================
EMA Cross Analysis - EOS/USDT
Time: 2025-05-10 08:25:00+09:00
Type: dead
Cross Character (Current): Weak
Cross Character (New): Weak
Price at Cross: 0.852

1. Pre-Cross Pattern (15min):
EMA Distance Changes (%): ['0.054', '0.032', '0.004', '0.017']
EMA12 Changes (%): ['0.001', '-0.035', '-0.048', '-0.040']
Price Changes (%): ['0.234', '-0.234', '-0.117', '0.000']
Candle Analysis:
    Body Sizes (%): ['0.234', '0.117', '0.234', '0.000']
    Upper Shadows (%): ['0.000', '0.234', '0.234', '0.117']
    Lower Shadows (%): ['0.117', '0.000', '0.000', '0.000']
Volumes: [np.float64(109898.9), np.float64(107449.0), np.float64(307012.9), np.float64(25368.6)]
2025-05-10 08:26:01,237 - INFO - 
2. Post-Cross Movement (30min):
5min Price Changes (%): []
Maximum Change: 0.000% after 0 minutes
Candle Analysis:
    Body Sizes (%): []
    Upper Shadows (%): []
    Lower Shadows (%): []
Volumes: []
==================================================
2025-05-10 08:26:02,341 - INFO - 
==================================================
EMA Cross Analysis - PENGU/USDT
Time: 2025-05-10 08:25:00+09:00
Type: dead
Cross Character (Current): Weak
Cross Character (New): Weak
Price at Cross: 0.014467

1. Pre-Cross Pattern (15min):
EMA Distance Changes (%): ['0.124', '0.081', '0.022', '0.030']
EMA12 Changes (%): ['0.020', '-0.067', '-0.102', '-0.097']
Price Changes (%): ['0.392', '-0.541', '-0.296', '-0.069']
Candle Analysis:
    Body Sizes (%): ['0.399', '0.534', '0.282', '0.055']
    Upper Shadows (%): ['0.447', '0.007', '0.062', '0.055']
    Lower Shadows (%): ['0.028', '0.069', '0.207', '0.097']
Volumes: [np.float64(19407892.0), np.float64(28086740.0), np.float64(27895669.0), np.float64(4246722.0)]
2025-05-10 08:26:02,341 - INFO - 
2. Post-Cross Movement (30min):
5min Price Changes (%): []
Maximum Change: 0.000% after 0 minutes
Candle Analysis:
    Body Sizes (%): []
    Upper Shadows (%): []
    Lower Shadows (%): []
Volumes: []
==================================================
2025-05-10 08:26:02,776 - INFO - 
==================================================
EMA Cross Analysis - ATA/USDT
Time: 2025-05-10 08:20:00+09:00
Type: golden
Cross Character (Current): Weak
Cross Character (New): Weak
Price at Cross: 0.0615

1. Pre-Cross Pattern (15min):
EMA Distance Changes (%): ['0.033', '0.033', '0.006', '0.015']
EMA12 Changes (%): ['-0.063', '-0.004', '0.047', '0.040']
Price Changes (%): ['-0.326', '0.327', '0.326', '0.000']
Candle Analysis:
    Body Sizes (%): ['0.326', '0.327', '0.326', '0.163']
    Upper Shadows (%): ['0.000', '0.164', '0.000', '0.163']
    Lower Shadows (%): ['0.163', '0.000', '0.000', '0.163']
Volumes: [np.float64(97495.0), np.float64(44907.0), np.float64(26465.0), np.float64(54499.0)]
2025-05-10 08:26:02,776 - INFO - 
2. Post-Cross Movement (30min):
5min Price Changes (%): ['0.000']
Maximum Change: 0.000% after 0 minutes
Candle Analysis:
    Body Sizes (%): ['0.000']
    Upper Shadows (%): ['0.000']
    Lower Shadows (%): ['0.000']
Volumes: [np.float64(1060.0)]
==================================================
2025-05-10 08:26:05,716 - INFO - 
==================================================
EMA Cross Analysis - MELANIA/USDT
Time: 2025-05-10 08:25:00+09:00
Type: dead
Cross Character (Current): Weak
Cross Character (New): Weak
Price at Cross: 0.3775

1. Pre-Cross Pattern (15min):
EMA Distance Changes (%): ['0.031', '0.023', '0.009', '0.003']
EMA12 Changes (%): ['-0.027', '-0.011', '-0.025', '-0.021']
Price Changes (%): ['-0.106', '0.079', '-0.106', '0.000']
Candle Analysis:
    Body Sizes (%): ['0.106', '0.079', '0.106', '0.000']
    Upper Shadows (%): ['0.106', '0.106', '0.026', '0.053']
    Lower Shadows (%): ['0.185', '0.000', '0.053', '0.026']
Volumes: [np.float64(139599.64), np.float64(92978.98), np.float64(30347.26), np.float64(15554.55)]
2025-05-10 08:26:05,716 - INFO - 
2. Post-Cross Movement (30min):
5min Price Changes (%): []
Maximum Change: 0.000% after 0 minutes
Candle Analysis:
    Body Sizes (%): []
    Upper Shadows (%): []
    Lower Shadows (%): []
Volumes: []
==================================================
2025-05-10 08:30:36,035 - INFO - 
==================================================
EMA Cross Analysis - XLM/USDT
Time: 2025-05-10 08:25:00+09:00
Type: golden
Cross Character (Current): Weak
Cross Character (New): Weak
Price at Cross: 0.29565

1. Pre-Cross Pattern (15min):
EMA Distance Changes (%): ['0.074', '0.052', '0.024', '0.004']
EMA12 Changes (%): ['0.008', '0.030', '0.047', '0.052']
Price Changes (%): ['0.371', '0.156', '0.136', '0.081']
Candle Analysis:
    Body Sizes (%): ['0.385', '0.173', '0.132', '0.078']
    Upper Shadows (%): ['0.000', '0.071', '0.000', '0.068']
    Lower Shadows (%): ['0.000', '0.044', '0.064', '0.054']
Volumes: [np.float64(565715.0), np.float64(507679.0), np.float64(485586.0), np.float64(474705.0)]
2025-05-10 08:30:36,035 - INFO - 
2. Post-Cross Movement (30min):
5min Price Changes (%): ['0.020']
Maximum Change: 0.020% after 5 minutes
Candle Analysis:
    Body Sizes (%): ['0.024']
    Upper Shadows (%): ['0.000']
    Lower Shadows (%): ['0.007']
Volumes: [np.float64(21100.0)]
==================================================
2025-05-10 08:30:39,087 - INFO - 
==================================================
EMA Cross Analysis - PENGU/USDT
Time: 2025-05-10 08:25:00+09:00
Type: dead
Cross Character (Current): Weak
Cross Character (New): Weak
Price at Cross: 0.01442

1. Pre-Cross Pattern (15min):
EMA Distance Changes (%): ['0.124', '0.081', '0.022', '0.056']
EMA12 Changes (%): ['0.020', '-0.067', '-0.102', '-0.147']
Price Changes (%): ['0.392', '-0.541', '-0.296', '-0.394']
Candle Analysis:
    Body Sizes (%): ['0.399', '0.534', '0.282', '0.380']
    Upper Shadows (%): ['0.447', '0.007', '0.062', '0.055']
    Lower Shadows (%): ['0.028', '0.069', '0.207', '0.111']
Volumes: [np.float64(19407892.0), np.float64(28086740.0), np.float64(27895669.0), np.float64(32964431.0)]
2025-05-10 08:30:39,088 - INFO - 
2. Post-Cross Movement (30min):
5min Price Changes (%): ['-0.160']
Maximum Change: -0.160% after 5 minutes
Candle Analysis:
    Body Sizes (%): ['0.160']
    Upper Shadows (%): ['0.007']
    Lower Shadows (%): ['0.173']
Volumes: [np.float64(11766152.0)]
==================================================
2025-05-10 08:30:42,481 - INFO - 
==================================================
EMA Cross Analysis - MELANIA/USDT
Time: 2025-05-10 08:25:00+09:00
Type: dead
Cross Character (Current): Weak
Cross Character (New): Weak
Price at Cross: 0.3773

1. Pre-Cross Pattern (15min):
EMA Distance Changes (%): ['0.031', '0.023', '0.009', '0.007']
EMA12 Changes (%): ['-0.027', '-0.011', '-0.025', '-0.029']
Price Changes (%): ['-0.106', '0.079', '-0.106', '-0.053']
Candle Analysis:
    Body Sizes (%): ['0.106', '0.079', '0.106', '0.053']
    Upper Shadows (%): ['0.106', '0.106', '0.026', '0.185']
    Lower Shadows (%): ['0.185', '0.000', '0.053', '0.185']
Volumes: [np.float64(139599.64), np.float64(92978.98), np.float64(30347.26), np.float64(184163.33)]
2025-05-10 08:30:42,481 - INFO - 
2. Post-Cross Movement (30min):
5min Price Changes (%): ['-0.080']
Maximum Change: -0.080% after 5 minutes
Candle Analysis:
    Body Sizes (%): ['0.080']
    Upper Shadows (%): ['0.133']
    Lower Shadows (%): ['0.000']
Volumes: [np.float64(36947.33)]
==================================================
2025-05-10 08:35:08,983 - INFO - 
==================================================
EMA Cross Analysis - BAN/USDT
Time: 2025-05-10 08:30:00+09:00
Type: dead
Cross Character (Current): Weak
Cross Character (New): Weak
Price at Cross: 0.06724

1. Pre-Cross Pattern (15min):
EMA Distance Changes (%): ['0.080', '0.048', '0.033', '0.002']
EMA12 Changes (%): ['-0.107', '-0.050', '-0.022', '-0.062']
Price Changes (%): ['-0.238', '0.268', '0.134', '-0.282']
Candle Analysis:
    Body Sizes (%): ['0.223', '0.283', '0.134', '0.282']
    Upper Shadows (%): ['0.104', '0.208', '0.267', '0.371']
    Lower Shadows (%): ['0.000', '0.074', '0.119', '0.030']
Volumes: [np.float64(88104.0), np.float64(162833.0), np.float64(223684.0), np.float64(157456.0)]
2025-05-10 08:35:08,983 - INFO - 
2. Post-Cross Movement (30min):
5min Price Changes (%): ['0.045']
Maximum Change: 0.045% after 5 minutes
Candle Analysis:
    Body Sizes (%): ['0.030']
    Upper Shadows (%): ['0.030']
    Lower Shadows (%): ['0.000']
Volumes: [np.float64(8983.0)]
==================================================
2025-05-10 08:35:10,072 - INFO - 
==================================================
EMA Cross Analysis - NEAR/USDT
Time: 2025-05-10 08:35:00+09:00
Type: golden
Cross Character (Current): Weak
Cross Character (New): Weak
Price at Cross: 2.905

1. Pre-Cross Pattern (15min):
EMA Distance Changes (%): ['0.091', '0.070', '0.029', '0.004']
EMA12 Changes (%): ['0.012', '0.026', '0.070', '0.059']
Price Changes (%): ['0.104', '0.104', '0.311', '0.000']
Candle Analysis:
    Body Sizes (%): ['0.104', '0.069', '0.276', '0.034']
    Upper Shadows (%): ['0.000', '0.104', '0.138', '0.000']
    Lower Shadows (%): ['0.138', '0.104', '0.035', '0.000']
Volumes: [np.float64(69794.0), np.float64(62529.0), np.float64(119886.0), np.float64(228.0)]
2025-05-10 08:35:10,072 - INFO - 
2. Post-Cross Movement (30min):
5min Price Changes (%): []
Maximum Change: 0.000% after 0 minutes
Candle Analysis:
    Body Sizes (%): []
    Upper Shadows (%): []
    Lower Shadows (%): []
Volumes: []
==================================================
2025-05-10 08:35:11,161 - INFO - 
==================================================
EMA Cross Analysis - ACX/USDT
Time: 2025-05-10 08:30:00+09:00
Type: golden
Cross Character (Current): Weak
Cross Character (New): Weak
Price at Cross: 0.2519

1. Pre-Cross Pattern (15min):
EMA Distance Changes (%): ['0.002', '0.011', '0.005', '0.022']
EMA12 Changes (%): ['-0.065', '-0.024', '0.010', '0.052']
Price Changes (%): ['-0.160', '0.200', '0.199', '0.279']
Candle Analysis:
    Body Sizes (%): ['0.160', '0.200', '0.199', '0.279']
    Upper Shadows (%): ['0.040', '0.000', '0.080', '0.000']
    Lower Shadows (%): ['0.000', '0.040', '0.160', '0.000']
Volumes: [np.float64(18075.4), np.float64(8283.6), np.float64(25466.8), np.float64(17415.3)]
2025-05-10 08:35:11,161 - INFO - 
2. Post-Cross Movement (30min):
5min Price Changes (%): ['0.040']
Maximum Change: 0.040% after 5 minutes
Candle Analysis:
    Body Sizes (%): ['0.000']
    Upper Shadows (%): ['0.000']
    Lower Shadows (%): ['0.000']
Volumes: [np.float64(74.8)]
==================================================
2025-05-10 08:35:11,859 - INFO - 
==================================================
EMA Cross Analysis - MOODENG/USDT
Time: 2025-05-10 08:35:00+09:00
Type: dead
Cross Character (Current): Strong
Cross Character (New): Weak
Price at Cross: 0.14246

1. Pre-Cross Pattern (15min):
EMA Distance Changes (%): ['0.320', '0.205', '0.052', '0.067']
EMA12 Changes (%): ['-0.351', '-0.169', '-0.264', '-0.220']
Price Changes (%): ['-1.563', '0.857', '-0.794', '0.028']
Candle Analysis:
    Body Sizes (%): ['1.556', '0.843', '0.815', '0.014']
    Upper Shadows (%): ['0.028', '0.351', '1.142', '0.168']
    Lower Shadows (%): ['1.681', '0.028', '0.292', '0.190']
Volumes: [np.float64(38559288.0), np.float64(14378282.0), np.float64(22150704.0), np.float64(417336.0)]
2025-05-10 08:35:11,860 - INFO - 
2. Post-Cross Movement (30min):
5min Price Changes (%): []
Maximum Change: 0.000% after 0 minutes
Candle Analysis:
    Body Sizes (%): []
    Upper Shadows (%): []
    Lower Shadows (%): []
Volumes: []
==================================================
2025-05-10 08:35:12,732 - INFO - 
==================================================
EMA Cross Analysis - DOGE/USDT
Time: 2025-05-10 08:35:00+09:00
Type: golden
Cross Character (Current): Weak
Cross Character (New): Weak
Price at Cross: 0.20519

1. Pre-Cross Pattern (15min):
EMA Distance Changes (%): ['0.049', '0.032', '0.010', '0.008']
EMA12 Changes (%): ['0.040', '0.025', '0.038', '0.034']
Price Changes (%): ['0.195', '-0.054', '0.107', '0.015']
Candle Analysis:
    Body Sizes (%): ['0.200', '0.054', '0.107', '0.010']
    Upper Shadows (%): ['0.064', '0.078', '0.127', '0.005']
    Lower Shadows (%): ['0.054', '0.102', '0.015', '0.000']
Volumes: [np.float64(9928008.0), np.float64(10561768.0), np.float64(9957682.0), np.float64(243916.0)]
2025-05-10 08:35:12,732 - INFO - 
2. Post-Cross Movement (30min):
5min Price Changes (%): []
Maximum Change: 0.000% after 0 minutes
Candle Analysis:
    Body Sizes (%): []
    Upper Shadows (%): []
    Lower Shadows (%): []
Volumes: []
==================================================
2025-05-10 08:35:13,166 - INFO - 
==================================================
EMA Cross Analysis - GALA/USDT
Time: 2025-05-10 08:30:00+09:00
Type: golden
Cross Character (Current): Weak
Cross Character (New): Weak
Price at Cross: 0.01948

1. Pre-Cross Pattern (15min):
EMA Distance Changes (%): ['0.062', '0.050', '0.033', '0.010']
EMA12 Changes (%): ['-0.022', '0.013', '0.027', '0.078']
Price Changes (%): ['0.052', '0.207', '0.103', '0.361']
Candle Analysis:
    Body Sizes (%): ['0.052', '0.155', '0.103', '0.361']
    Upper Shadows (%): ['0.103', '0.000', '0.103', '0.052']
    Lower Shadows (%): ['0.207', '0.413', '0.103', '0.000']
Volumes: [np.float64(4011789.0), np.float64(6204754.0), np.float64(4582062.0), np.float64(9625203.0)]
2025-05-10 08:35:13,166 - INFO - 
2. Post-Cross Movement (30min):
5min Price Changes (%): ['0.103']
Maximum Change: 0.103% after 5 minutes
Candle Analysis:
    Body Sizes (%): ['0.000']
    Upper Shadows (%): ['0.000']
    Lower Shadows (%): ['0.051']
Volumes: [np.float64(1669184.0)]
==================================================
2025-05-10 08:35:15,292 - INFO - 
==================================================
EMA Cross Analysis - EOS/USDT
Time: 2025-05-10 08:30:00+09:00
Type: dead
Cross Character (Current): Weak
Cross Character (New): Weak
Price at Cross: 0.853

1. Pre-Cross Pattern (15min):
EMA Distance Changes (%): ['0.032', '0.004', '0.002', '0.010']
EMA12 Changes (%): ['-0.035', '-0.048', '-0.004', '-0.022']
Price Changes (%): ['-0.234', '-0.117', '0.235', '-0.117']
Candle Analysis:
    Body Sizes (%): ['0.117', '0.234', '0.235', '0.000']
    Upper Shadows (%): ['0.234', '0.234', '0.000', '0.234']
    Lower Shadows (%): ['0.000', '0.000', '0.000', '0.117']
Volumes: [np.float64(107449.0), np.float64(307012.9), np.float64(146424.4), np.float64(456175.2)]
2025-05-10 08:35:15,292 - INFO - 
2. Post-Cross Movement (30min):
5min Price Changes (%): ['0.000']
Maximum Change: 0.000% after 0 minutes
Candle Analysis:
    Body Sizes (%): ['0.000']
    Upper Shadows (%): ['0.117']
    Lower Shadows (%): ['0.000']
Volumes: [np.float64(5023.5)]
==================================================
2025-05-10 08:35:18,511 - INFO - 
==================================================
EMA Cross Analysis - ZEN/USDT
Time: 2025-05-10 08:35:00+09:00
Type: golden
Cross Character (Current): Weak
Cross Character (New): Weak
Price at Cross: 9.849

1. Pre-Cross Pattern (15min):
EMA Distance Changes (%): ['0.064', '0.046', '0.019', '0.007']
EMA12 Changes (%): ['0.024', '0.025', '0.046', '0.047']
Price Changes (%): ['0.031', '0.031', '0.163', '0.051']
Candle Analysis:
    Body Sizes (%): ['0.041', '0.020', '0.173', '0.030']
    Upper Shadows (%): ['0.010', '0.061', '0.132', '0.020']
    Lower Shadows (%): ['0.356', '0.183', '0.000', '0.010']
Volumes: [np.float64(2285.1), np.float64(1402.2), np.float64(652.2), np.float64(56.0)]
2025-05-10 08:35:18,511 - INFO - 
2. Post-Cross Movement (30min):
5min Price Changes (%): []
Maximum Change: 0.000% after 0 minutes
Candle Analysis:
    Body Sizes (%): []
    Upper Shadows (%): []
    Lower Shadows (%): []
Volumes: []
==================================================
2025-05-10 08:35:19,755 - INFO - 
==================================================
EMA Cross Analysis - MELANIA/USDT
Time: 2025-05-10 08:30:00+09:00
Type: golden
Cross Character (Current): Weak
Cross Character (New): Weak
Price at Cross: 0.379

1. Pre-Cross Pattern (15min):
EMA Distance Changes (%): ['0.023', '0.009', '0.007', '0.016']
EMA12 Changes (%): ['-0.011', '-0.025', '-0.029', '0.044']
Price Changes (%): ['0.079', '-0.106', '-0.053', '0.451']
Candle Analysis:
    Body Sizes (%): ['0.079', '0.106', '0.053', '0.451']
    Upper Shadows (%): ['0.106', '0.026', '0.185', '0.000']
    Lower Shadows (%): ['0.000', '0.053', '0.185', '0.080']
Volumes: [np.float64(92978.98), np.float64(30347.26), np.float64(184163.33), np.float64(155877.99)]
2025-05-10 08:35:19,756 - INFO - 
2. Post-Cross Movement (30min):
5min Price Changes (%): ['0.000']
Maximum Change: 0.000% after 0 minutes
Candle Analysis:
    Body Sizes (%): ['0.053']
    Upper Shadows (%): ['0.026']
    Lower Shadows (%): ['0.000']
Volumes: [np.float64(5662.24)]
==================================================
2025-05-10 08:40:57,722 - INFO - 
==================================================
EMA Cross Analysis - MOODENG/USDT
Time: 2025-05-10 08:35:00+09:00
Type: dead
Cross Character (Current): Strong
Cross Character (New): Weak
Price at Cross: 0.14221

1. Pre-Cross Pattern (15min):
EMA Distance Changes (%): ['0.320', '0.205', '0.052', '0.081']
EMA12 Changes (%): ['-0.351', '-0.169', '-0.264', '-0.246']
Price Changes (%): ['-1.563', '0.857', '-0.794', '-0.147']
Candle Analysis:
    Body Sizes (%): ['1.556', '0.843', '0.815', '0.161']
    Upper Shadows (%): ['0.028', '0.351', '1.142', '1.271']
    Lower Shadows (%): ['1.681', '0.028', '0.292', '0.541']
Volumes: [np.float64(38559288.0), np.float64(14378282.0), np.float64(22150704.0), np.float64(20846251.0)]
2025-05-10 08:40:57,723 - INFO - 
2. Post-Cross Movement (30min):
5min Price Changes (%): ['-0.548']
Maximum Change: -0.548% after 5 minutes
Candle Analysis:
    Body Sizes (%): ['0.569']
    Upper Shadows (%): ['0.696']
    Lower Shadows (%): ['0.105']
Volumes: [np.float64(8011621.0)]
==================================================
2025-05-10 08:41:04,004 - INFO - 
==================================================
EMA Cross Analysis - ZEN/USDT
Time: 2025-05-10 08:35:00+09:00
Type: golden
Cross Character (Current): Weak
Cross Character (New): Weak
Price at Cross: 9.843

1. Pre-Cross Pattern (15min):
EMA Distance Changes (%): ['0.064', '0.046', '0.019', '0.002']
EMA12 Changes (%): ['0.024', '0.025', '0.046', '0.038']
Price Changes (%): ['0.031', '0.031', '0.163', '-0.010']
Candle Analysis:
    Body Sizes (%): ['0.041', '0.020', '0.173', '0.030']
    Upper Shadows (%): ['0.010', '0.061', '0.132', '0.081']
    Lower Shadows (%): ['0.356', '0.183', '0.000', '0.041']
Volumes: [np.float64(2285.1), np.float64(1402.2), np.float64(652.2), np.float64(1247.5)]
2025-05-10 08:41:04,004 - INFO - 
2. Post-Cross Movement (30min):
5min Price Changes (%): ['-0.051']
Maximum Change: -0.051% after 5 minutes
Candle Analysis:
    Body Sizes (%): ['0.051']
    Upper Shadows (%): ['0.000']
    Lower Shadows (%): ['0.000']
Volumes: [np.float64(215.1)]
==================================================
2025-05-10 08:41:05,264 - INFO - 
==================================================
EMA Cross Analysis - MELANIA/USDT
Time: 2025-05-10 08:35:00+09:00
Type: dead
Cross Character (Current): Weak
Cross Character (New): Weak
Price at Cross: 0.3771

1. Pre-Cross Pattern (15min):
EMA Distance Changes (%): ['0.009', '0.007', '0.016', '0.006']
EMA12 Changes (%): ['-0.025', '-0.029', '0.044', '-0.040']
Price Changes (%): ['-0.106', '-0.053', '0.451', '-0.501']
Candle Analysis:
    Body Sizes (%): ['0.106', '0.053', '0.451', '0.449']
    Upper Shadows (%): ['0.026', '0.185', '0.000', '0.079']
    Lower Shadows (%): ['0.053', '0.185', '0.080', '0.158']
Volumes: [np.float64(30347.26), np.float64(184163.33), np.float64(155877.99), np.float64(111602.46)]
2025-05-10 08:41:05,265 - INFO - 
2. Post-Cross Movement (30min):
5min Price Changes (%): ['-0.053']
Maximum Change: -0.053% after 5 minutes
Candle Analysis:
    Body Sizes (%): ['0.053']
    Upper Shadows (%): ['0.053']
    Lower Shadows (%): ['0.027']
Volumes: [np.float64(14769.45)]
==================================================
2025-05-10 08:45:36,541 - INFO - 
==================================================
EMA Cross Analysis - DOT/USDT
Time: 2025-05-10 08:40:00+09:00
Type: dead
Cross Character (Current): Weak
Cross Character (New): Weak
Price at Cross: 4.776

1. Pre-Cross Pattern (15min):
EMA Distance Changes (%): ['0.037', '0.033', '0.019', '0.000']
EMA12 Changes (%): ['0.034', '-0.003', '-0.022', '-0.035']
Price Changes (%): ['0.083', '-0.208', '-0.125', '-0.105']
Candle Analysis:
    Body Sizes (%): ['0.083', '0.208', '0.125', '0.105']
    Upper Shadows (%): ['0.167', '0.042', '0.125', '0.042']
    Lower Shadows (%): ['0.042', '0.167', '0.167', '0.146']
Volumes: [np.float64(76102.4), np.float64(91593.8), np.float64(94567.3), np.float64(59985.6)]
2025-05-10 08:45:36,541 - INFO - 
2. Post-Cross Movement (30min):
5min Price Changes (%): ['0.105']
Maximum Change: 0.105% after 5 minutes
Candle Analysis:
    Body Sizes (%): ['0.084']
    Upper Shadows (%): ['0.000']
    Lower Shadows (%): ['0.000']
Volumes: [np.float64(4883.4)]
==================================================
2025-05-10 08:45:37,631 - INFO - 
==================================================
EMA Cross Analysis - EOS/USDT
Time: 2025-05-10 08:40:00+09:00
Type: dead
Cross Character (Current): Weak
Cross Character (New): Weak
Price at Cross: 0.854

1. Pre-Cross Pattern (15min):
EMA Distance Changes (%): ['0.002', '0.010', '0.000', '0.001']
EMA12 Changes (%): ['-0.004', '-0.022', '0.018', '-0.003']
Price Changes (%): ['0.235', '-0.117', '0.234', '-0.117']
Candle Analysis:
    Body Sizes (%): ['0.235', '0.000', '0.234', '0.117']
    Upper Shadows (%): ['0.000', '0.234', '0.117', '0.117']
    Lower Shadows (%): ['0.000', '0.117', '0.000', '0.117']
Volumes: [np.float64(146424.4), np.float64(456175.2), np.float64(207283.9), np.float64(406276.7)]
2025-05-10 08:45:37,631 - INFO - 
2. Post-Cross Movement (30min):
5min Price Changes (%): ['-0.117']
Maximum Change: -0.117% after 5 minutes
Candle Analysis:
    Body Sizes (%): ['0.000']
    Upper Shadows (%): ['0.117']
    Lower Shadows (%): ['0.000']
Volumes: [np.float64(9661.1)]
==================================================
2025-05-10 08:50:08,347 - INFO - 
==================================================
EMA Cross Analysis - DOGS/USDT
Time: 2025-05-10 08:50:00+09:00
Type: dead
Cross Character (Current): Weak
Cross Character (New): Weak
Price at Cross: 0.0002076

1. Pre-Cross Pattern (15min):
EMA Distance Changes (%): ['0.173', '0.083', '0.018', '0.033']
EMA12 Changes (%): ['-0.107', '-0.149', '-0.112', '-0.095']
Price Changes (%): ['0.726', '-0.384', '0.096', '0.000']
Candle Analysis:
    Body Sizes (%): ['0.677', '0.432', '0.096', '0.048']
    Upper Shadows (%): ['0.629', '0.096', '0.916', '0.096']
    Lower Shadows (%): ['0.290', '0.864', '0.048', '0.000']
Volumes: [np.float64(2655105170.0), np.float64(1351114266.0), np.float64(2137218639.0), np.float64(10758251.0)]
2025-05-10 08:50:08,347 - INFO - 
2. Post-Cross Movement (30min):
5min Price Changes (%): []
Maximum Change: 0.000% after 0 minutes
Candle Analysis:
    Body Sizes (%): []
    Upper Shadows (%): []
    Lower Shadows (%): []
Volumes: []
==================================================
2025-05-10 08:50:09,654 - INFO - 
==================================================
EMA Cross Analysis - NEAR/USDT
Time: 2025-05-10 08:50:00+09:00
Type: golden
Cross Character (Current): Weak
Cross Character (New): Weak
Price at Cross: 2.898

1. Pre-Cross Pattern (15min):
EMA Distance Changes (%): ['0.010', '0.022', '0.010', '0.000']
EMA12 Changes (%): ['0.033', '-0.026', '0.021', '0.018']
Price Changes (%): ['-0.172', '-0.345', '0.277', '0.000']
Candle Analysis:
    Body Sizes (%): ['0.138', '0.345', '0.242', '0.000']
    Upper Shadows (%): ['0.138', '0.000', '0.000', '0.000']
    Lower Shadows (%): ['0.241', '0.034', '0.035', '0.035']
Volumes: [np.float64(96755.0), np.float64(75706.0), np.float64(68325.0), np.float64(154.0)]
2025-05-10 08:50:09,654 - INFO - 
2. Post-Cross Movement (30min):
5min Price Changes (%): []
Maximum Change: 0.000% after 0 minutes
Candle Analysis:
    Body Sizes (%): []
    Upper Shadows (%): []
    Lower Shadows (%): []
Volumes: []
==================================================
2025-05-10 08:50:11,183 - INFO - 
==================================================
EMA Cross Analysis - POL/USDT
Time: 2025-05-10 08:45:00+09:00
Type: golden
Cross Character (Current): Weak
Cross Character (New): Weak
Price at Cross: 0.25218

1. Pre-Cross Pattern (15min):
EMA Distance Changes (%): ['0.060', '0.034', '0.022', '0.005']
EMA12 Changes (%): ['0.060', '0.041', '0.019', '0.050']
Price Changes (%): ['0.135', '-0.063', '-0.103', '0.223']
Candle Analysis:
    Body Sizes (%): ['0.139', '0.063', '0.099', '0.219']
    Upper Shadows (%): ['0.000', '0.056', '0.028', '0.032']
    Lower Shadows (%): ['0.155', '0.139', '0.091', '0.083']
Volumes: [np.float64(129856.0), np.float64(124897.0), np.float64(165581.0), np.float64(143784.0)]
2025-05-10 08:50:11,183 - INFO - 
2. Post-Cross Movement (30min):
5min Price Changes (%): ['-0.008']
Maximum Change: -0.008% after 5 minutes
Candle Analysis:
    Body Sizes (%): ['0.004']
    Upper Shadows (%): ['0.000']
    Lower Shadows (%): ['0.000']
Volumes: [np.float64(412.0)]
==================================================
2025-05-10 08:50:11,834 - INFO - 
==================================================
EMA Cross Analysis - PHA/USDT
Time: 2025-05-10 08:45:00+09:00
Type: golden
Cross Character (Current): Weak
Cross Character (New): Weak
Price at Cross: 0.13989

1. Pre-Cross Pattern (15min):
EMA Distance Changes (%): ['0.077', '0.059', '0.043', '0.014']
EMA12 Changes (%): ['0.021', '0.023', '0.022', '0.104']
Price Changes (%): ['0.029', '0.036', '0.014', '0.553']
Candle Analysis:
    Body Sizes (%): ['0.043', '0.029', '0.014', '0.525']
    Upper Shadows (%): ['0.000', '0.244', '0.043', '0.022']
    Lower Shadows (%): ['0.302', '0.129', '0.158', '0.000']
Volumes: [np.float64(42188.0), np.float64(79976.0), np.float64(25564.0), np.float64(47018.0)]
2025-05-10 08:50:11,835 - INFO - 
2. Post-Cross Movement (30min):
5min Price Changes (%): ['0.007']
Maximum Change: 0.007% after 5 minutes
Candle Analysis:
    Body Sizes (%): ['0.014']
    Upper Shadows (%): ['0.000']
    Lower Shadows (%): ['0.000']
Volumes: [np.float64(110.0)]
==================================================
2025-05-10 08:50:12,273 - INFO - 
==================================================
EMA Cross Analysis - DOGE/USDT
Time: 2025-05-10 08:45:00+09:00
Type: golden
Cross Character (Current): Weak
Cross Character (New): Weak
Price at Cross: 0.20519

1. Pre-Cross Pattern (15min):
EMA Distance Changes (%): ['0.010', '0.004', '0.013', '0.006']
EMA12 Changes (%): ['0.038', '0.009', '-0.018', '0.035']
Price Changes (%): ['0.107', '-0.146', '-0.166', '0.328']
Candle Analysis:
    Body Sizes (%): ['0.107', '0.151', '0.166', '0.323']
    Upper Shadows (%): ['0.127', '0.068', '0.015', '0.005']
    Lower Shadows (%): ['0.015', '0.190', '0.059', '0.024']
Volumes: [np.float64(9957682.0), np.float64(8002077.0), np.float64(6790933.0), np.float64(9506592.0)]
2025-05-10 08:50:12,273 - INFO - 
2. Post-Cross Movement (30min):
5min Price Changes (%): ['0.000']
Maximum Change: 0.000% after 0 minutes
Candle Analysis:
    Body Sizes (%): ['0.005']
    Upper Shadows (%): ['0.000']
    Lower Shadows (%): ['0.000']
Volumes: [np.float64(143722.0)]
==================================================
2025-05-10 08:50:14,452 - INFO - 
==================================================
EMA Cross Analysis - EOS/USDT
Time: 2025-05-10 08:45:00+09:00
Type: golden
Cross Character (Current): Weak
Cross Character (New): Weak
Price at Cross: 0.856

1. Pre-Cross Pattern (15min):
EMA Distance Changes (%): ['0.010', '0.000', '0.001', '0.016']
EMA12 Changes (%): ['-0.022', '0.018', '-0.003', '0.033']
Price Changes (%): ['-0.117', '0.234', '-0.117', '0.234']
Candle Analysis:
    Body Sizes (%): ['0.000', '0.234', '0.117', '0.352']
    Upper Shadows (%): ['0.234', '0.117', '0.117', '0.000']
    Lower Shadows (%): ['0.117', '0.000', '0.117', '0.000']
Volumes: [np.float64(456175.2), np.float64(207283.9), np.float64(406276.7), np.float64(185860.4)]
2025-05-10 08:50:14,453 - INFO - 
2. Post-Cross Movement (30min):
5min Price Changes (%): ['-0.117']
Maximum Change: -0.117% after 5 minutes
Candle Analysis:
    Body Sizes (%): ['0.117']
    Upper Shadows (%): ['0.000']
    Lower Shadows (%): ['0.000']
Volumes: [np.float64(223.7)]
==================================================
2025-05-10 08:55:53,887 - INFO - 
==================================================
EMA Cross Analysis - DOGS/USDT
Time: 2025-05-10 08:50:00+09:00
Type: dead
Cross Character (Current): Weak
Cross Character (New): Weak
Price at Cross: 0.0002046

1. Pre-Cross Pattern (15min):
EMA Distance Changes (%): ['0.173', '0.083', '0.018', '0.150']
EMA12 Changes (%): ['-0.107', '-0.149', '-0.112', '-0.316']
Price Changes (%): ['0.726', '-0.384', '0.096', '-1.445']
Candle Analysis:
    Body Sizes (%): ['0.677', '0.432', '0.096', '1.493']
    Upper Shadows (%): ['0.629', '0.096', '0.916', '0.096']
    Lower Shadows (%): ['0.290', '0.864', '0.048', '0.433']
Volumes: [np.float64(2655105170.0), np.float64(1351114266.0), np.float64(2137218639.0), np.float64(1797907113.0)]
2025-05-10 08:55:53,888 - INFO - 
2. Post-Cross Movement (30min):
5min Price Changes (%): ['0.538']
Maximum Change: 0.538% after 5 minutes
Candle Analysis:
    Body Sizes (%): ['0.587']
    Upper Shadows (%): ['0.098']
    Lower Shadows (%): ['0.049']
Volumes: [np.float64(158378277.0)]
==================================================
2025-05-10 08:55:55,194 - INFO - 
==================================================
EMA Cross Analysis - NEAR/USDT
Time: 2025-05-10 08:50:00+09:00
Type: golden
Cross Character (Current): Weak
Cross Character (New): Weak
Price at Cross: 2.898

1. Pre-Cross Pattern (15min):
EMA Distance Changes (%): ['0.010', '0.022', '0.010', '0.000']
EMA12 Changes (%): ['0.033', '-0.026', '0.021', '0.018']
Price Changes (%): ['-0.172', '-0.345', '0.277', '0.000']
Candle Analysis:
    Body Sizes (%): ['0.138', '0.345', '0.242', '0.000']
    Upper Shadows (%): ['0.138', '0.000', '0.000', '0.035']
    Lower Shadows (%): ['0.241', '0.034', '0.035', '0.138']
Volumes: [np.float64(96755.0), np.float64(75706.0), np.float64(68325.0), np.float64(45549.0)]
2025-05-10 08:55:55,195 - INFO - 
2. Post-Cross Movement (30min):
5min Price Changes (%): ['0.035']
Maximum Change: 0.035% after 5 minutes
Candle Analysis:
    Body Sizes (%): ['0.035']
    Upper Shadows (%): ['0.000']
    Lower Shadows (%): ['0.000']
Volumes: [np.float64(10148.0)]
==================================================
2025-05-10 08:55:59,987 - INFO - 
==================================================
EMA Cross Analysis - EOS/USDT
Time: 2025-05-10 08:55:00+09:00
Type: dead
Cross Character (Current): Weak
Cross Character (New): Weak
Price at Cross: 0.854

1. Pre-Cross Pattern (15min):
EMA Distance Changes (%): ['0.001', '0.016', '0.001', '0.001']
EMA12 Changes (%): ['-0.003', '0.033', '-0.026', '-0.004']
Price Changes (%): ['-0.117', '0.234', '-0.350', '0.117']
Candle Analysis:
    Body Sizes (%): ['0.117', '0.352', '0.350', '0.117']
    Upper Shadows (%): ['0.117', '0.000', '0.000', '0.000']
    Lower Shadows (%): ['0.117', '0.000', '0.000', '0.000']
Volumes: [np.float64(406276.7), np.float64(185860.4), np.float64(136304.8), np.float64(1065.7)]
2025-05-10 08:55:59,987 - INFO - 
2. Post-Cross Movement (30min):
5min Price Changes (%): []
Maximum Change: 0.000% after 0 minutes
Candle Analysis:
    Body Sizes (%): []
    Upper Shadows (%): []
    Lower Shadows (%): []
Volumes: []
==================================================
2025-05-10 09:00:32,825 - INFO - 
==================================================
EMA Cross Analysis - 1000PEPE/USDT
Time: 2025-05-10 08:55:00+09:00
Type: golden
Cross Character (Current): Weak
Cross Character (New): Weak
Price at Cross: 0.0123701

1. Pre-Cross Pattern (15min):
EMA Distance Changes (%): ['0.104', '0.066', '0.039', '0.033']
EMA12 Changes (%): ['0.009', '0.059', '0.042', '0.134']
Price Changes (%): ['-0.378', '0.331', '-0.053', '0.641']
Candle Analysis:
    Body Sizes (%): ['0.378', '0.331', '0.056', '0.641']
    Upper Shadows (%): ['0.019', '0.003', '0.070', '0.068']
    Lower Shadows (%): ['0.026', '0.250', '0.137', '0.055']
Volumes: [np.float64(170587347.0), np.float64(204494556.0), np.float64(236077454.0), np.float64(509243070.0)]
2025-05-10 09:00:32,826 - INFO - 
2. Post-Cross Movement (30min):
5min Price Changes (%): ['0.206']
Maximum Change: 0.206% after 5 minutes
Candle Analysis:
    Body Sizes (%): ['0.206']
    Upper Shadows (%): ['0.002']
    Lower Shadows (%): ['0.099']
Volumes: [np.float64(143200087.0)]
==================================================
2025-05-10 09:00:36,745 - INFO - 
==================================================
EMA Cross Analysis - EOS/USDT
Time: 2025-05-10 09:00:00+09:00
Type: dead
Cross Character (Current): Weak
Cross Character (New): Weak
Price at Cross: 0.853

1. Pre-Cross Pattern (15min):
EMA Distance Changes (%): ['0.016', '0.001', '0.009', '0.004']
EMA12 Changes (%): ['0.033', '-0.026', '0.014', '-0.024']
Price Changes (%): ['0.234', '-0.350', '0.234', '-0.234']
Candle Analysis:
    Body Sizes (%): ['0.352', '0.350', '0.234', '0.117']
    Upper Shadows (%): ['0.000', '0.000', '0.117', '0.117']
    Lower Shadows (%): ['0.000', '0.000', '0.000', '0.000']
Volumes: [np.float64(185860.4), np.float64(136304.8), np.float64(210293.5), np.float64(113095.9)]
2025-05-10 09:00:36,745 - INFO - 
2. Post-Cross Movement (30min):
5min Price Changes (%): []
Maximum Change: 0.000% after 0 minutes
Candle Analysis:
    Body Sizes (%): []
    Upper Shadows (%): []
    Lower Shadows (%): []
Volumes: []
==================================================
2025-05-10 09:05:10,038 - INFO - 
==================================================
EMA Cross Analysis - LINK/USDT
Time: 2025-05-10 09:00:00+09:00
Type: golden
Cross Character (Current): Weak
Cross Character (New): Weak
Price at Cross: 16.09

1. Pre-Cross Pattern (15min):
EMA Distance Changes (%): ['0.027', '0.021', '0.011', '0.037']
EMA12 Changes (%): ['0.010', '0.009', '0.016', '0.091']
Price Changes (%): ['0.213', '0.000', '0.056', '0.506']
Candle Analysis:
    Body Sizes (%): ['0.213', '0.006', '0.063', '0.500']
    Upper Shadows (%): ['0.000', '0.006', '0.063', '0.006']
    Lower Shadows (%): ['0.056', '0.144', '0.000', '0.125']
Volumes: [np.float64(31437.71), np.float64(32825.75), np.float64(21847.96), np.float64(75869.44)]
2025-05-10 09:05:10,038 - INFO - 
2. Post-Cross Movement (30min):
5min Price Changes (%): ['-0.044']
Maximum Change: -0.044% after 5 minutes
Candle Analysis:
    Body Sizes (%): ['0.037']
    Upper Shadows (%): ['0.006']
    Lower Shadows (%): ['0.000']
Volumes: [np.float64(1657.04)]
==================================================
2025-05-10 09:05:10,692 - INFO - 
==================================================
EMA Cross Analysis - ATOM/USDT
Time: 2025-05-10 09:00:00+09:00
Type: golden
Cross Character (Current): Weak
Cross Character (New): Weak
Price at Cross: 4.963

1. Pre-Cross Pattern (15min):
EMA Distance Changes (%): ['0.090', '0.076', '0.036', '0.024']
EMA12 Changes (%): ['-0.002', '0.014', '0.065', '0.111']
Price Changes (%): ['0.102', '0.102', '0.345', '0.364']
Candle Analysis:
    Body Sizes (%): ['0.102', '0.102', '0.365', '0.384']
    Upper Shadows (%): ['0.061', '0.061', '0.000', '0.040']
    Lower Shadows (%): ['0.000', '0.081', '0.000', '0.121']
Volumes: [np.float64(11765.95), np.float64(16459.12), np.float64(34138.44), np.float64(77264.69)]
2025-05-10 09:05:10,692 - INFO - 
2. Post-Cross Movement (30min):
5min Price Changes (%): ['-0.040']
Maximum Change: -0.040% after 5 minutes
Candle Analysis:
    Body Sizes (%): ['0.020']
    Upper Shadows (%): ['0.020']
    Lower Shadows (%): ['0.000']
Volumes: [np.float64(226.67)]
==================================================
2025-05-10 09:05:11,129 - INFO - 
==================================================
EMA Cross Analysis - ORDI/USDT
Time: 2025-05-10 09:00:00+09:00
Type: golden
Cross Character (Current): Weak
Cross Character (New): Weak
Price at Cross: 9.317

1. Pre-Cross Pattern (15min):
EMA Distance Changes (%): ['0.175', '0.147', '0.086', '0.012']
EMA12 Changes (%): ['0.031', '0.028', '0.097', '0.177']
Price Changes (%): ['0.185', '0.011', '0.477', '0.616']
Candle Analysis:
    Body Sizes (%): ['0.174', '0.033', '0.477', '0.594']
    Upper Shadows (%): ['0.250', '0.456', '0.065', '0.032']
    Lower Shadows (%): ['0.065', '0.065', '0.000', '0.356']
Volumes: [np.float64(21325.2), np.float64(26325.6), np.float64(17941.0), np.float64(41761.7)]
2025-05-10 09:05:11,129 - INFO - 
2. Post-Cross Movement (30min):
5min Price Changes (%): ['-0.064']
Maximum Change: -0.064% after 5 minutes
Candle Analysis:
    Body Sizes (%): ['0.054']
    Upper Shadows (%): ['0.000']
    Lower Shadows (%): ['0.032']
Volumes: [np.float64(471.7)]
==================================================
2025-05-10 09:05:13,956 - INFO - 
==================================================
EMA Cross Analysis - ADA/USDT
Time: 2025-05-10 09:00:00+09:00
Type: golden
Cross Character (Current): Weak
Cross Character (New): Weak
Price at Cross: 0.783

1. Pre-Cross Pattern (15min):
EMA Distance Changes (%): ['0.082', '0.057', '0.049', '0.018']
EMA12 Changes (%): ['-0.008', '0.035', '0.008', '0.123']
Price Changes (%): ['0.103', '0.271', '-0.141', '0.759']
Candle Analysis:
    Body Sizes (%): ['0.090', '0.284', '0.141', '0.759']
    Upper Shadows (%): ['0.052', '0.039', '0.013', '0.013']
    Lower Shadows (%): ['0.026', '0.039', '0.013', '0.039']
Volumes: [np.float64(718825.0), np.float64(658955.0), np.float64(763390.0), np.float64(4539430.0)]
2025-05-10 09:05:13,956 - INFO - 
2. Post-Cross Movement (30min):
5min Price Changes (%): ['-0.064']
Maximum Change: -0.064% after 5 minutes
Candle Analysis:
    Body Sizes (%): ['0.064']
    Upper Shadows (%): ['0.051']
    Lower Shadows (%): ['0.000']
Volumes: [np.float64(301569.0)]
==================================================
2025-05-10 09:05:16,526 - INFO - 
==================================================
EMA Cross Analysis - COW/USDT
Time: 2025-05-10 09:00:00+09:00
Type: golden
Cross Character (Current): Weak
Cross Character (New): Weak
Price at Cross: 0.3673

1. Pre-Cross Pattern (15min):
EMA Distance Changes (%): ['0.047', '0.037', '0.009', '0.015']
EMA12 Changes (%): ['0.034', '0.012', '0.048', '0.045']
Price Changes (%): ['0.328', '-0.109', '0.246', '0.027']
Candle Analysis:
    Body Sizes (%): ['0.273', '0.136', '0.273', '0.054']
    Upper Shadows (%): ['0.082', '0.000', '0.027', '0.136']
    Lower Shadows (%): ['0.000', '0.273', '0.082', '1.062']
Volumes: [np.float64(85657.0), np.float64(65040.0), np.float64(42377.0), np.float64(685249.0)]
2025-05-10 09:05:16,527 - INFO - 
2. Post-Cross Movement (30min):
5min Price Changes (%): ['0.027']
Maximum Change: 0.027% after 5 minutes
Candle Analysis:
    Body Sizes (%): ['0.027']
    Upper Shadows (%): ['0.082']
    Lower Shadows (%): ['0.000']
Volumes: [np.float64(48326.0)]
==================================================
2025-05-10 09:05:16,962 - INFO - 
==================================================
EMA Cross Analysis - ONDOUSDT
Time: 2025-05-10 09:05:00+09:00
Type: golden
Cross Character (Current): Weak
Cross Character (New): Weak
Price at Cross: 1.0127

1. Pre-Cross Pattern (15min):
EMA Distance Changes (%): ['0.106', '0.100', '0.035', '0.011']
EMA12 Changes (%): ['-0.024', '-0.004', '0.110', '0.084']
Price Changes (%): ['0.010', '0.109', '0.736', '-0.059']
Candle Analysis:
    Body Sizes (%): ['0.010', '0.119', '0.726', '0.049']
    Upper Shadows (%): ['0.040', '0.060', '0.070', '0.020']
    Lower Shadows (%): ['0.139', '0.000', '0.109', '0.010']
Volumes: [np.float64(374354.2), np.float64(226382.4), np.float64(777711.8), np.float64(57963.1)]
2025-05-10 09:05:16,962 - INFO - 
2. Post-Cross Movement (30min):
5min Price Changes (%): []
Maximum Change: 0.000% after 0 minutes
Candle Analysis:
    Body Sizes (%): []
    Upper Shadows (%): []
    Lower Shadows (%): []
Volumes: []
==================================================
2025-05-10 09:05:18,006 - INFO - 
==================================================
EMA Cross Analysis - MELANIA/USDT
Time: 2025-05-10 09:00:00+09:00
Type: golden
Cross Character (Current): Weak
Cross Character (New): Weak
Price at Cross: 0.3801

1. Pre-Cross Pattern (15min):
EMA Distance Changes (%): ['0.058', '0.056', '0.029', '0.024']
EMA12 Changes (%): ['-0.045', '-0.005', '0.045', '0.099']
Price Changes (%): ['0.053', '0.212', '0.318', '0.396']
Candle Analysis:
    Body Sizes (%): ['0.080', '0.212', '0.265', '0.396']
    Upper Shadows (%): ['0.239', '0.027', '0.079', '0.079']
    Lower Shadows (%): ['0.000', '0.053', '0.026', '0.238']
Volumes: [np.float64(108497.21), np.float64(46543.67), np.float64(85720.29), np.float64(283154.92)]
2025-05-10 09:05:18,006 - INFO - 
2. Post-Cross Movement (30min):
5min Price Changes (%): ['0.132']
Maximum Change: 0.132% after 5 minutes
Candle Analysis:
    Body Sizes (%): ['0.132']
    Upper Shadows (%): ['0.105']
    Lower Shadows (%): ['0.000']
Volumes: [np.float64(25287.93)]
==================================================
2025-05-10 09:10:52,748 - INFO - 
==================================================
EMA Cross Analysis - DOGS/USDT
Time: 2025-05-10 09:10:00+09:00
Type: golden
Cross Character (Current): Weak
Cross Character (New): Weak
Price at Cross: 0.0002113

1. Pre-Cross Pattern (15min):
EMA Distance Changes (%): ['0.157', '0.124', '0.020', '0.083']
EMA12 Changes (%): ['-0.039', '0.041', '0.182', '0.198']
Price Changes (%): ['1.515', '0.481', '0.958', '0.285']
Candle Analysis:
    Body Sizes (%): ['1.565', '0.481', '0.958', '0.285']
    Upper Shadows (%): ['0.244', '0.289', '0.192', '0.000']
    Lower Shadows (%): ['0.049', '0.144', '0.575', '0.142']
Volumes: [np.float64(790919234.0), np.float64(1264186589.0), np.float64(1679547077.0), np.float64(321571248.0)]
2025-05-10 09:10:52,748 - INFO - 
2. Post-Cross Movement (30min):
5min Price Changes (%): []
Maximum Change: 0.000% after 0 minutes
Candle Analysis:
    Body Sizes (%): []
    Upper Shadows (%): []
    Lower Shadows (%): []
Volumes: []
==================================================
2025-05-10 09:10:59,054 - INFO - 
==================================================
EMA Cross Analysis - XRP/USDT
Time: 2025-05-10 09:05:00+09:00
Type: golden
Cross Character (Current): Weak
Cross Character (New): Weak
Price at Cross: 2.359

1. Pre-Cross Pattern (15min):
EMA Distance Changes (%): ['0.084', '0.077', '0.051', '0.004']
EMA12 Changes (%): ['0.018', '0.002', '0.039', '0.098']
Price Changes (%): ['0.162', '-0.085', '0.243', '0.417']
Candle Analysis:
    Body Sizes (%): ['0.162', '0.090', '0.248', '0.417']
    Upper Shadows (%): ['0.004', '0.034', '0.026', '0.013']
    Lower Shadows (%): ['0.047', '0.017', '0.017', '0.072']
Volumes: [np.float64(617922.0), np.float64(594354.0), np.float64(1438792.7), np.float64(3427689.1)]
2025-05-10 09:10:59,054 - INFO - 
2. Post-Cross Movement (30min):
5min Price Changes (%): ['-0.081']
Maximum Change: -0.081% after 5 minutes
Candle Analysis:
    Body Sizes (%): ['0.076']
    Upper Shadows (%): ['0.008']
    Lower Shadows (%): ['0.025']
Volumes: [np.float64(885251.4)]
==================================================
2025-05-10 09:10:59,490 - INFO - 
==================================================
EMA Cross Analysis - WLD/USDT
Time: 2025-05-10 09:10:00+09:00
Type: golden
Cross Character (Current): Weak
Cross Character (New): Weak
Price at Cross: 1.1485

1. Pre-Cross Pattern (15min):
EMA Distance Changes (%): ['0.151', '0.080', '0.000', '0.038']
EMA12 Changes (%): ['-0.005', '0.114', '0.142', '0.075']
Price Changes (%): ['0.053', '0.772', '0.296', '-0.295']
Candle Analysis:
    Body Sizes (%): ['0.061', '0.781', '0.296', '0.287']
    Upper Shadows (%): ['0.140', '0.088', '0.052', '0.009']
    Lower Shadows (%): ['0.070', '0.061', '0.453', '0.000']
Volumes: [np.float64(169482.0), np.float64(773431.0), np.float64(607591.0), np.float64(187479.0)]
2025-05-10 09:10:59,490 - INFO - 
2. Post-Cross Movement (30min):
5min Price Changes (%): []
Maximum Change: 0.000% after 0 minutes
Candle Analysis:
    Body Sizes (%): []
    Upper Shadows (%): []
    Lower Shadows (%): []
Volumes: []
==================================================
2025-05-10 09:11:02,294 - INFO - 
==================================================
EMA Cross Analysis - ONDOUSDT
Time: 2025-05-10 09:05:00+09:00
Type: golden
Cross Character (Current): Weak
Cross Character (New): Weak
Price at Cross: 1.0172

1. Pre-Cross Pattern (15min):
EMA Distance Changes (%): ['0.106', '0.100', '0.035', '0.046']
EMA12 Changes (%): ['-0.024', '-0.004', '0.110', '0.153']
Price Changes (%): ['0.010', '0.109', '0.736', '0.385']
Candle Analysis:
    Body Sizes (%): ['0.010', '0.119', '0.726', '0.395']
    Upper Shadows (%): ['0.040', '0.060', '0.070', '0.020']
    Lower Shadows (%): ['0.139', '0.000', '0.109', '0.217']
Volumes: [np.float64(374354.2), np.float64(226382.4), np.float64(777711.8), np.float64(1121338.6)]
2025-05-10 09:11:02,294 - INFO - 
2. Post-Cross Movement (30min):
5min Price Changes (%): ['-0.226']
Maximum Change: -0.226% after 5 minutes
Candle Analysis:
    Body Sizes (%): ['0.226']
    Upper Shadows (%): ['0.039']
    Lower Shadows (%): ['0.029']
Volumes: [np.float64(197088.7)]
==================================================
2025-05-10 09:15:29,537 - INFO - 
==================================================
EMA Cross Analysis - DOGS/USDT
Time: 2025-05-10 09:10:00+09:00
Type: golden
Cross Character (Current): Weak
Cross Character (New): Weak
Price at Cross: 0.0002116

1. Pre-Cross Pattern (15min):
EMA Distance Changes (%): ['0.157', '0.124', '0.020', '0.094']
EMA12 Changes (%): ['-0.039', '0.041', '0.182', '0.220']
Price Changes (%): ['1.515', '0.481', '0.958', '0.427']
Candle Analysis:
    Body Sizes (%): ['1.565', '0.481', '0.958', '0.427']
    Upper Shadows (%): ['0.244', '0.289', '0.192', '0.664']
    Lower Shadows (%): ['0.049', '0.144', '0.575', '0.142']
Volumes: [np.float64(790919234.0), np.float64(1264186589.0), np.float64(1679547077.0), np.float64(2392807510.0)]
2025-05-10 09:15:29,537 - INFO - 
2. Post-Cross Movement (30min):
5min Price Changes (%): ['0.520']
Maximum Change: 0.520% after 5 minutes
Candle Analysis:
    Body Sizes (%): ['0.520']
    Upper Shadows (%): ['0.000']
    Lower Shadows (%): ['0.000']
Volumes: [np.float64(52509693.0)]
==================================================
2025-05-10 09:15:31,844 - INFO - 
==================================================
EMA Cross Analysis - HIPPO/USDT
Time: 2025-05-10 09:10:00+09:00
Type: golden
Cross Character (Current): Weak
Cross Character (New): Weak
Price at Cross: 0.003057

1. Pre-Cross Pattern (15min):
EMA Distance Changes (%): ['0.074', '0.150', '0.111', '0.011']
EMA12 Changes (%): ['0.104', '-0.152', '0.050', '0.221']
Price Changes (%): ['1.032', '-1.549', '1.172', '1.158']
Candle Analysis:
    Body Sizes (%): ['0.999', '1.582', '1.172', '1.158']
    Upper Shadows (%): ['0.166', '0.033', '0.167', '0.232']
    Lower Shadows (%): ['0.000', '0.692', '0.033', '0.265']
Volumes: [np.float64(22424606.0), np.float64(73864886.0), np.float64(24014761.0), np.float64(34170607.0)]
2025-05-10 09:15:31,844 - INFO - 
2. Post-Cross Movement (30min):
5min Price Changes (%): ['-0.196']
Maximum Change: -0.196% after 5 minutes
Candle Analysis:
    Body Sizes (%): ['0.229']
    Upper Shadows (%): ['0.000']
    Lower Shadows (%): ['0.065']
Volumes: [np.float64(3766309.0)]
==================================================
2025-05-10 09:15:37,086 - INFO - 
==================================================
EMA Cross Analysis - WLD/USDT
Time: 2025-05-10 09:10:00+09:00
Type: golden
Cross Character (Current): Weak
Cross Character (New): Weak
Price at Cross: 1.1549

1. Pre-Cross Pattern (15min):
EMA Distance Changes (%): ['0.151', '0.080', '0.000', '0.082']
EMA12 Changes (%): ['-0.005', '0.114', '0.142', '0.161']
Price Changes (%): ['0.053', '0.772', '0.296', '0.260']
Candle Analysis:
    Body Sizes (%): ['0.061', '0.781', '0.296', '0.269']
    Upper Shadows (%): ['0.140', '0.088', '0.052', '0.122']
    Lower Shadows (%): ['0.070', '0.061', '0.453', '0.339']
Volumes: [np.float64(169482.0), np.float64(773431.0), np.float64(607591.0), np.float64(631226.0)]
2025-05-10 09:15:37,086 - INFO - 
2. Post-Cross Movement (30min):
5min Price Changes (%): ['0.329']
Maximum Change: 0.329% after 5 minutes
Candle Analysis:
    Body Sizes (%): ['0.338']
    Upper Shadows (%): ['0.069']
    Lower Shadows (%): ['0.035']
Volumes: [np.float64(64490.0)]
==================================================
2025-05-10 09:20:07,826 - INFO - 
==================================================
EMA Cross Analysis - BAN/USDT
Time: 2025-05-10 09:20:00+09:00
Type: golden
Cross Character (Current): Weak
Cross Character (New): Weak
Price at Cross: 0.06765

1. Pre-Cross Pattern (15min):
EMA Distance Changes (%): ['0.060', '0.072', '0.026', '0.008']
EMA12 Changes (%): ['-0.027', '-0.032', '0.078', '0.062']
Price Changes (%): ['-0.562', '-0.059', '0.684', '-0.030']
Candle Analysis:
    Body Sizes (%): ['0.532', '0.059', '0.684', '0.015']
    Upper Shadows (%): ['0.207', '0.253', '0.060', '0.000']
    Lower Shadows (%): ['0.237', '0.193', '0.208', '0.000']
Volumes: [np.float64(524997.0), np.float64(435381.0), np.float64(398556.0), np.float64(4368.0)]
2025-05-10 09:20:07,826 - INFO - 
2. Post-Cross Movement (30min):
5min Price Changes (%): []
Maximum Change: 0.000% after 0 minutes
Candle Analysis:
    Body Sizes (%): []
    Upper Shadows (%): []
    Lower Shadows (%): []
Volumes: []
==================================================
2025-05-10 09:25:53,756 - INFO - 
==================================================
EMA Cross Analysis - BAN/USDT
Time: 2025-05-10 09:20:00+09:00
Type: golden
Cross Character (Current): Weak
Cross Character (New): Weak
Price at Cross: 0.06871

1. Pre-Cross Pattern (15min):
EMA Distance Changes (%): ['0.060', '0.072', '0.026', '0.130']
EMA12 Changes (%): ['-0.027', '-0.032', '0.078', '0.304']
Price Changes (%): ['-0.562', '-0.059', '0.684', '1.537']
Candle Analysis:
    Body Sizes (%): ['0.532', '0.059', '0.684', '1.552']
    Upper Shadows (%): ['0.207', '0.253', '0.060', '0.000']
    Lower Shadows (%): ['0.237', '0.193', '0.208', '0.458']
Volumes: [np.float64(524997.0), np.float64(435381.0), np.float64(398556.0), np.float64(950233.0)]
2025-05-10 09:25:53,757 - INFO - 
2. Post-Cross Movement (30min):
5min Price Changes (%): ['0.073']
Maximum Change: 0.073% after 5 minutes
Candle Analysis:
    Body Sizes (%): ['0.073']
    Upper Shadows (%): ['0.000']
    Lower Shadows (%): ['0.175']
Volumes: [np.float64(132290.0)]
==================================================
2025-05-10 09:45:31,722 - INFO - 
==================================================
EMA Cross Analysis - BAN/USDT
Time: 2025-05-10 09:40:00+09:00
Type: dead
Cross Character (Current): Weak
Cross Character (New): Weak
Price at Cross: 0.06688

1. Pre-Cross Pattern (15min):
EMA Distance Changes (%): ['0.178', '0.101', '0.055', '0.026']
EMA12 Changes (%): ['0.108', '-0.127', '-0.073', '-0.146']
Price Changes (%): ['-0.946', '-1.411', '0.224', '-0.550']
Candle Analysis:
    Body Sizes (%): ['0.946', '1.483', '0.238', '0.580']
    Upper Shadows (%): ['0.073', '0.029', '0.343', '0.030']
    Lower Shadows (%): ['0.044', '0.000', '0.060', '0.104']
Volumes: [np.float64(520002.0), np.float64(652207.0), np.float64(214794.0), np.float64(141854.0)]
2025-05-10 09:45:31,723 - INFO - 
2. Post-Cross Movement (30min):
5min Price Changes (%): ['-0.015']
Maximum Change: -0.015% after 5 minutes
Candle Analysis:
    Body Sizes (%): ['0.030']
    Upper Shadows (%): ['0.000']
    Lower Shadows (%): ['0.075']
Volumes: [np.float64(25521.0)]
==================================================
2025-05-10 09:50:18,844 - INFO - 
==================================================
EMA Cross Analysis - USUAL/USDT
Time: 2025-05-10 09:50:00+09:00
Type: dead
Cross Character (Current): Strong
Cross Character (New): Strong
Price at Cross: 0.1494

1. Pre-Cross Pattern (15min):
EMA Distance Changes (%): ['0.453', '0.376', '0.149', '0.047']
EMA12 Changes (%): ['-0.176', '-0.079', '-0.388', '-0.350']
Price Changes (%): ['0.264', '0.460', '-2.094', '-0.134']
Candle Analysis:
    Body Sizes (%): ['0.264', '0.526', '2.030', '0.134']
    Upper Shadows (%): ['0.461', '0.197', '0.000', '0.067']
    Lower Shadows (%): ['0.000', '0.132', '1.506', '0.000']
Volumes: [np.float64(1246458.0), np.float64(1086347.0), np.float64(4947057.0), np.float64(72482.0)]
2025-05-10 09:50:18,844 - INFO - 
2. Post-Cross Movement (30min):
5min Price Changes (%): []
Maximum Change: 0.000% after 0 minutes
Candle Analysis:
    Body Sizes (%): []
    Upper Shadows (%): []
    Lower Shadows (%): []
Volumes: []
==================================================
2025-05-10 09:50:20,470 - INFO - 
==================================================
EMA Cross Analysis - MELANIA/USDT
Time: 2025-05-10 09:45:00+09:00
Type: dead
Cross Character (Current): Weak
Cross Character (New): Weak
Price at Cross: 0.3748

1. Pre-Cross Pattern (15min):
EMA Distance Changes (%): ['0.190', '0.098', '0.062', '0.033']
EMA12 Changes (%): ['-0.169', '-0.148', '-0.056', '-0.173']
Price Changes (%): ['-1.311', '-0.027', '0.452', '-0.820']
Candle Analysis:
    Body Sizes (%): ['1.260', '0.000', '0.425', '0.820']
    Upper Shadows (%): ['0.052', '0.638', '0.106', '0.053']
    Lower Shadows (%): ['0.052', '0.106', '0.159', '0.556']
Volumes: [np.float64(578549.8), np.float64(255434.51), np.float64(162433.24), np.float64(665959.48)]
2025-05-10 09:50:20,470 - INFO - 
2. Post-Cross Movement (30min):
5min Price Changes (%): ['0.160']
Maximum Change: 0.160% after 5 minutes
Candle Analysis:
    Body Sizes (%): ['0.133']
    Upper Shadows (%): ['0.000']
    Lower Shadows (%): ['0.000']
Volumes: [np.float64(20024.69)]
==================================================
2025-05-10 09:55:56,539 - INFO - 
==================================================
EMA Cross Analysis - ORCA/USDT
Time: 2025-05-10 09:55:00+09:00
Type: dead
Cross Character (Current): Strong
Cross Character (New): Weak
Price at Cross: 2.875

1. Pre-Cross Pattern (15min):
EMA Distance Changes (%): ['0.380', '0.240', '0.086', '0.050']
EMA12 Changes (%): ['-0.062', '-0.220', '-0.260', '-0.247']
Price Changes (%): ['0.068', '-1.094', '-0.484', '-0.174']
Candle Analysis:
    Body Sizes (%): ['0.034', '1.094', '0.484', '0.208']
    Upper Shadows (%): ['0.171', '0.000', '0.276', '0.139']
    Lower Shadows (%): ['0.171', '0.410', '0.035', '0.035']
Volumes: [np.float64(36152.6), np.float64(123438.0), np.float64(22068.6), np.float64(9297.0)]
2025-05-10 09:55:56,539 - INFO - 
2. Post-Cross Movement (30min):
5min Price Changes (%): []
Maximum Change: 0.000% after 0 minutes
Candle Analysis:
    Body Sizes (%): []
    Upper Shadows (%): []
    Lower Shadows (%): []
Volumes: []
==================================================
2025-05-10 09:55:58,009 - INFO - 
==================================================
EMA Cross Analysis - NEAR/USDT
Time: 2025-05-10 09:55:00+09:00
Type: dead
Cross Character (Current): Weak
Cross Character (New): Weak
Price at Cross: 2.877

1. Pre-Cross Pattern (15min):
EMA Distance Changes (%): ['0.282', '0.186', '0.087', '0.016']
EMA12 Changes (%): ['-0.019', '-0.148', '-0.162', '-0.185']
Price Changes (%): ['0.000', '-0.857', '-0.242', '-0.312']
Candle Analysis:
    Body Sizes (%): ['0.034', '0.857', '0.276', '0.277']
    Upper Shadows (%): ['0.206', '0.000', '0.311', '0.104']
    Lower Shadows (%): ['0.103', '0.446', '0.000', '0.069']
Volumes: [np.float64(158366.0), np.float64(351194.0), np.float64(334936.0), np.float64(43967.0)]
2025-05-10 09:55:58,009 - INFO - 
2. Post-Cross Movement (30min):
5min Price Changes (%): []
Maximum Change: 0.000% after 0 minutes
Candle Analysis:
    Body Sizes (%): []
    Upper Shadows (%): []
    Lower Shadows (%): []
Volumes: []
==================================================
2025-05-10 09:55:58,883 - INFO - 
==================================================
EMA Cross Analysis - 1000PEPE/USDT
Time: 2025-05-10 09:55:00+09:00
Type: dead
Cross Character (Current): Strong
Cross Character (New): Weak
Price at Cross: 0.0121621

1. Pre-Cross Pattern (15min):
EMA Distance Changes (%): ['0.439', '0.296', '0.164', '0.003']
EMA12 Changes (%): ['-0.088', '-0.217', '-0.210', '-0.296']
Price Changes (%): ['0.175', '-0.932', '-0.170', '-0.773']
Candle Analysis:
    Body Sizes (%): ['0.179', '0.928', '0.182', '0.768']
    Upper Shadows (%): ['0.213', '0.017', '0.336', '0.033']
    Lower Shadows (%): ['0.247', '0.951', '0.092', '0.017']
Volumes: [np.float64(570384871.0), np.float64(1369280822.0), np.float64(505267209.0), np.float64(202291534.0)]
2025-05-10 09:55:58,883 - INFO - 
2. Post-Cross Movement (30min):
5min Price Changes (%): []
Maximum Change: 0.000% after 0 minutes
Candle Analysis:
    Body Sizes (%): []
    Upper Shadows (%): []
    Lower Shadows (%): []
Volumes: []
==================================================
2025-05-10 09:56:00,117 - INFO - 
==================================================
EMA Cross Analysis - LINK/USDT
Time: 2025-05-10 09:55:00+09:00
Type: dead
Cross Character (Current): Weak
Cross Character (New): Weak
Price at Cross: 15.862

1. Pre-Cross Pattern (15min):
EMA Distance Changes (%): ['0.163', '0.083', '0.002', '0.087']
EMA12 Changes (%): ['-0.039', '-0.132', '-0.144', '-0.170']
Price Changes (%): ['0.075', '-0.648', '-0.207', '-0.314']
Candle Analysis:
    Body Sizes (%): ['0.075', '0.648', '0.207', '0.308']
    Upper Shadows (%): ['0.131', '0.000', '0.276', '0.057']
    Lower Shadows (%): ['0.075', '0.330', '0.000', '0.057']
Volumes: [np.float64(60719.2), np.float64(163964.19), np.float64(86534.85), np.float64(42521.94)]
2025-05-10 09:56:00,118 - INFO - 
2. Post-Cross Movement (30min):
5min Price Changes (%): []
Maximum Change: 0.000% after 0 minutes
Candle Analysis:
    Body Sizes (%): []
    Upper Shadows (%): []
    Lower Shadows (%): []
Volumes: []
==================================================
2025-05-10 09:56:00,789 - INFO - 
==================================================
EMA Cross Analysis - ATOM/USDT
Time: 2025-05-10 09:55:00+09:00
Type: dead
Cross Character (Current): Strong
Cross Character (New): Weak
Price at Cross: 4.89

1. Pre-Cross Pattern (15min):
EMA Distance Changes (%): ['0.297', '0.203', '0.096', '0.022']
EMA12 Changes (%): ['-0.046', '-0.141', '-0.178', '-0.210']
Price Changes (%): ['-0.382', '-0.665', '-0.386', '-0.387']
Candle Analysis:
    Body Sizes (%): ['0.382', '0.645', '0.406', '0.387']
    Upper Shadows (%): ['0.040', '0.000', '0.223', '0.041']
    Lower Shadows (%): ['0.020', '0.444', '0.000', '0.183']
Volumes: [np.float64(49714.27), np.float64(116874.11), np.float64(56703.42), np.float64(40055.25)]
2025-05-10 09:56:00,789 - INFO - 
2. Post-Cross Movement (30min):
5min Price Changes (%): []
Maximum Change: 0.000% after 0 minutes
Candle Analysis:
    Body Sizes (%): []
    Upper Shadows (%): []
    Lower Shadows (%): []
Volumes: []
==================================================
2025-05-10 09:56:02,244 - INFO - 
==================================================
EMA Cross Analysis - DOGE/USDT
Time: 2025-05-10 09:55:00+09:00
Type: dead
Cross Character (Current): Weak
Cross Character (New): Weak
Price at Cross: 0.20354

1. Pre-Cross Pattern (15min):
EMA Distance Changes (%): ['0.223', '0.136', '0.060', '0.029']
EMA12 Changes (%): ['-0.031', '-0.138', '-0.126', '-0.162']
Price Changes (%): ['0.053', '-0.724', '-0.064', '-0.357']
Candle Analysis:
    Body Sizes (%): ['0.049', '0.724', '0.064', '0.357']
    Upper Shadows (%): ['0.107', '0.005', '0.465', '0.010']
    Lower Shadows (%): ['0.112', '0.369', '0.020', '0.088']
Volumes: [np.float64(14790501.0), np.float64(46377694.0), np.float64(31644036.0), np.float64(11422235.0)]
2025-05-10 09:56:02,244 - INFO - 
2. Post-Cross Movement (30min):
5min Price Changes (%): []
Maximum Change: 0.000% after 0 minutes
Candle Analysis:
    Body Sizes (%): []
    Upper Shadows (%): []
    Lower Shadows (%): []
Volumes: []
==================================================
2025-05-10 09:56:04,455 - INFO - 
==================================================
EMA Cross Analysis - EOS/USDT
Time: 2025-05-10 09:55:00+09:00
Type: dead
Cross Character (Current): Weak
Cross Character (New): Weak
Price at Cross: 0.851

1. Pre-Cross Pattern (15min):
EMA Distance Changes (%): ['0.135', '0.091', '0.047', '0.008']
EMA12 Changes (%): ['0.008', '-0.065', '-0.073', '-0.098']
Price Changes (%): ['0.234', '-0.466', '-0.117', '-0.234']
Candle Analysis:
    Body Sizes (%): ['0.234', '0.466', '0.117', '0.234']
    Upper Shadows (%): ['0.117', '0.233', '0.351', '0.000']
    Lower Shadows (%): ['0.234', '0.233', '0.117', '0.117']
Volumes: [np.float64(339007.8), np.float64(755116.3), np.float64(507556.2), np.float64(222635.5)]
2025-05-10 09:56:04,455 - INFO - 
2. Post-Cross Movement (30min):
5min Price Changes (%): []
Maximum Change: 0.000% after 0 minutes
Candle Analysis:
    Body Sizes (%): []
    Upper Shadows (%): []
    Lower Shadows (%): []
Volumes: []
==================================================
2025-05-10 09:56:04,676 - INFO - 
==================================================
EMA Cross Analysis - XRP/USDT
Time: 2025-05-10 09:55:00+09:00
Type: dead
Cross Character (Current): Weak
Cross Character (New): Weak
Price at Cross: 2.3354

1. Pre-Cross Pattern (15min):
EMA Distance Changes (%): ['0.149', '0.111', '0.059', '0.004']
EMA12 Changes (%): ['0.010', '-0.053', '-0.084', '-0.113']
Price Changes (%): ['0.047', '-0.399', '-0.256', '-0.273']
Candle Analysis:
    Body Sizes (%): ['0.051', '0.395', '0.260', '0.273']
    Upper Shadows (%): ['0.098', '0.000', '0.128', '0.056']
    Lower Shadows (%): ['0.068', '0.255', '0.051', '0.021']
Volumes: [np.float64(1178919.5), np.float64(4903898.5), np.float64(2298384.6), np.float64(1399870.4)]
2025-05-10 09:56:04,676 - INFO - 
2. Post-Cross Movement (30min):
5min Price Changes (%): []
Maximum Change: 0.000% after 0 minutes
Candle Analysis:
    Body Sizes (%): []
    Upper Shadows (%): []
    Lower Shadows (%): []
Volumes: []
==================================================
2025-05-10 09:56:04,892 - INFO - 
==================================================
EMA Cross Analysis - ADA/USDT
Time: 2025-05-10 09:55:00+09:00
Type: dead
Cross Character (Current): Weak
Cross Character (New): Weak
Price at Cross: 0.7712

1. Pre-Cross Pattern (15min):
EMA Distance Changes (%): ['0.185', '0.110', '0.031', '0.062']
EMA12 Changes (%): ['-0.013', '-0.120', '-0.135', '-0.173']
Price Changes (%): ['0.231', '-0.704', '-0.219', '-0.387']
Candle Analysis:
    Body Sizes (%): ['0.218', '0.704', '0.206', '0.375']
    Upper Shadows (%): ['0.064', '0.000', '0.271', '0.039']
    Lower Shadows (%): ['0.141', '0.294', '0.013', '0.142']
Volumes: [np.float64(2374029.0), np.float64(4721072.0), np.float64(2307638.0), np.float64(2366744.0)]
2025-05-10 09:56:04,892 - INFO - 
2. Post-Cross Movement (30min):
5min Price Changes (%): []
Maximum Change: 0.000% after 0 minutes
Candle Analysis:
    Body Sizes (%): []
    Upper Shadows (%): []
    Lower Shadows (%): []
Volumes: []
==================================================
2025-05-10 09:56:05,327 - INFO - 
==================================================
EMA Cross Analysis - RENDER/USDT
Time: 2025-05-10 09:55:00+09:00
Type: dead
Cross Character (Current): Weak
Cross Character (New): Weak
Price at Cross: 4.907

1. Pre-Cross Pattern (15min):
EMA Distance Changes (%): ['0.260', '0.157', '0.029', '0.104']
EMA12 Changes (%): ['0.008', '-0.165', '-0.223', '-0.248']
Price Changes (%): ['0.320', '-1.118', '-0.545', '-0.386']
Candle Analysis:
    Body Sizes (%): ['0.320', '1.078', '0.525', '0.365']
    Upper Shadows (%): ['0.100', '0.000', '0.263', '0.061']
    Lower Shadows (%): ['0.000', '0.359', '0.000', '0.162']
Volumes: [np.float64(20607.9), np.float64(73452.3), np.float64(38622.5), np.float64(21837.4)]
2025-05-10 09:56:05,327 - INFO - 
2. Post-Cross Movement (30min):
5min Price Changes (%): []
Maximum Change: 0.000% after 0 minutes
Candle Analysis:
    Body Sizes (%): []
    Upper Shadows (%): []
    Lower Shadows (%): []
Volumes: []
==================================================
2025-05-10 09:56:05,763 - INFO - 
==================================================
EMA Cross Analysis - AIXBT/USDT
Time: 2025-05-10 09:55:00+09:00
Type: dead
Cross Character (Current): Strong
Cross Character (New): Weak
Price at Cross: 0.21358

1. Pre-Cross Pattern (15min):
EMA Distance Changes (%): ['0.754', '0.461', '0.124', '0.170']
EMA12 Changes (%): ['-0.135', '-0.475', '-0.570', '-0.531']
Price Changes (%): ['-0.605', '-2.366', '-1.108', '-0.308']
Candle Analysis:
    Body Sizes (%): ['0.600', '2.384', '1.117', '0.257']
    Upper Shadows (%): ['0.309', '0.162', '0.489', '0.140']
    Lower Shadows (%): ['0.152', '0.969', '0.120', '0.383']
Volumes: [np.float64(2079173.0), np.float64(7033684.0), np.float64(2553306.0), np.float64(849165.0)]
2025-05-10 09:56:05,764 - INFO - 
2. Post-Cross Movement (30min):
5min Price Changes (%): []
Maximum Change: 0.000% after 0 minutes
Candle Analysis:
    Body Sizes (%): []
    Upper Shadows (%): []
    Lower Shadows (%): []
Volumes: []
==================================================
2025-05-10 09:56:06,494 - INFO - 
==================================================
EMA Cross Analysis - SUI/USDT
Time: 2025-05-10 09:55:00+09:00
Type: dead
Cross Character (Current): Strong
Cross Character (New): Weak
Price at Cross: 3.8864

1. Pre-Cross Pattern (15min):
EMA Distance Changes (%): ['0.275', '0.159', '0.047', '0.065']
EMA12 Changes (%): ['-0.066', '-0.186', '-0.192', '-0.205']
Price Changes (%): ['-0.238', '-0.850', '-0.223', '-0.282']
Candle Analysis:
    Body Sizes (%): ['0.238', '0.848', '0.223', '0.280']
    Upper Shadows (%): ['0.116', '0.000', '0.210', '0.041']
    Lower Shadows (%): ['0.046', '0.485', '0.000', '0.036']
Volumes: [np.float64(590997.8), np.float64(4049572.9), np.float64(888064.0), np.float64(342435.4)]
2025-05-10 09:56:06,494 - INFO - 
2. Post-Cross Movement (30min):
5min Price Changes (%): []
Maximum Change: 0.000% after 0 minutes
Candle Analysis:
    Body Sizes (%): []
    Upper Shadows (%): []
    Lower Shadows (%): []
Volumes: []
==================================================
2025-05-10 09:56:07,490 - INFO - 
==================================================
EMA Cross Analysis - HIVE/USDT
Time: 2025-05-10 09:50:00+09:00
Type: dead
Cross Character (Current): Strong
Cross Character (New): Weak
Price at Cross: 0.2594

1. Pre-Cross Pattern (15min):
EMA Distance Changes (%): ['0.282', '0.244', '0.114', '0.001']
EMA12 Changes (%): ['-0.061', '-0.032', '-0.217', '-0.203']
Price Changes (%): ['-0.213', '0.129', '-1.240', '-0.123']
Candle Analysis:
    Body Sizes (%): ['0.175', '0.156', '1.195', '0.162']
    Upper Shadows (%): ['0.532', '0.225', '0.000', '0.319']
    Lower Shadows (%): ['0.019', '0.114', '0.361', '0.000']
Volumes: [np.float64(149548.0), np.float64(111667.0), np.float64(194978.0), np.float64(159524.0)]
2025-05-10 09:56:07,490 - INFO - 
2. Post-Cross Movement (30min):
5min Price Changes (%): ['-0.146']
Maximum Change: -0.146% after 5 minutes
Candle Analysis:
    Body Sizes (%): ['0.146']
    Upper Shadows (%): ['0.039']
    Lower Shadows (%): ['0.143']
Volumes: [np.float64(36358.0)]
==================================================
2025-05-10 09:56:08,268 - INFO - 
==================================================
EMA Cross Analysis - ONDOUSDT
Time: 2025-05-10 09:50:00+09:00
Type: dead
Cross Character (Current): Weak
Cross Character (New): Weak
Price at Cross: 1.0001

1. Pre-Cross Pattern (15min):
EMA Distance Changes (%): ['0.203', '0.182', '0.098', '0.004']
EMA12 Changes (%): ['-0.054', '-0.011', '-0.138', '-0.181']
Price Changes (%): ['-0.020', '0.228', '-0.839', '-0.418']
Candle Analysis:
    Body Sizes (%): ['0.010', '0.228', '0.829', '0.428']
    Upper Shadows (%): ['0.594', '0.079', '0.000', '0.179']
    Lower Shadows (%): ['0.069', '0.040', '0.415', '0.000']
Volumes: [np.float64(450920.5), np.float64(372160.2), np.float64(1263533.8), np.float64(702876.2)]
2025-05-10 09:56:08,268 - INFO - 
2. Post-Cross Movement (30min):
5min Price Changes (%): ['-0.570']
Maximum Change: -0.570% after 5 minutes
Candle Analysis:
    Body Sizes (%): ['0.590']
    Upper Shadows (%): ['0.010']
    Lower Shadows (%): ['0.140']
Volumes: [np.float64(1818675.0)]
==================================================
2025-05-10 09:56:08,792 - INFO - 
==================================================
EMA Cross Analysis - BRETT/USDT
Time: 2025-05-10 09:50:00+09:00
Type: dead
Cross Character (Current): Strong
Cross Character (New): Strong
Price at Cross: 0.07537

1. Pre-Cross Pattern (15min):
EMA Distance Changes (%): ['0.493', '0.410', '0.208', '0.122']
EMA12 Changes (%): ['-0.003', '-0.094', '-0.336', '-0.591']
Price Changes (%): ['0.755', '-0.597', '-1.674', '-2.028']
Candle Analysis:
    Body Sizes (%): ['0.768', '0.635', '1.674', '2.091']
    Upper Shadows (%): ['0.294', '0.140', '0.000', '0.429']
    Lower Shadows (%): ['0.115', '0.000', '0.946', '0.312']
Volumes: [np.float64(1227951.0), np.float64(721429.0), np.float64(3191740.0), np.float64(4754508.0)]
2025-05-10 09:56:08,792 - INFO - 
2. Post-Cross Movement (30min):
5min Price Changes (%): ['-0.172']
Maximum Change: -0.172% after 5 minutes
Candle Analysis:
    Body Sizes (%): ['0.159']
    Upper Shadows (%): ['0.159']
    Lower Shadows (%): ['0.292']
Volumes: [np.float64(863313.0)]
==================================================
2025-05-10 09:56:09,445 - INFO - 
==================================================
EMA Cross Analysis - VANA/USDT
Time: 2025-05-10 09:55:00+09:00
Type: dead
Cross Character (Current): Strong
Cross Character (New): Strong
Price at Cross: 6.235

1. Pre-Cross Pattern (15min):
EMA Distance Changes (%): ['0.530', '0.351', '0.163', '0.051']
EMA12 Changes (%): ['-0.064', '-0.279', '-0.309', '-0.382']
Price Changes (%): ['-0.187', '-1.467', '-0.475', '-0.796']
Candle Analysis:
    Body Sizes (%): ['0.202', '1.451', '0.491', '0.796']
    Upper Shadows (%): ['0.234', '0.078', '0.617', '0.000']
    Lower Shadows (%): ['0.078', '0.640', '0.079', '0.239']
Volumes: [np.float64(9733.59), np.float64(42879.63), np.float64(19760.32), np.float64(23547.37)]
2025-05-10 09:56:09,445 - INFO - 
2. Post-Cross Movement (30min):
5min Price Changes (%): []
Maximum Change: 0.000% after 0 minutes
Candle Analysis:
    Body Sizes (%): []
    Upper Shadows (%): []
    Lower Shadows (%): []
Volumes: []
==================================================
2025-05-10 10:00:39,417 - INFO - 
==================================================
EMA Cross Analysis - NEAR/USDT
Time: 2025-05-10 10:00:00+09:00
Type: dead
Cross Character (Current): Weak
Cross Character (New): Weak
Price at Cross: 2.886

1. Pre-Cross Pattern (15min):
EMA Distance Changes (%): ['0.186', '0.087', '0.006', '0.055']
EMA12 Changes (%): ['-0.148', '-0.162', '-0.143', '-0.116']
Price Changes (%): ['-0.857', '-0.242', '-0.035', '0.035']
Candle Analysis:
    Body Sizes (%): ['0.857', '0.276', '0.000', '0.069']
    Upper Shadows (%): ['0.000', '0.311', '0.104', '0.069']
    Lower Shadows (%): ['0.446', '0.000', '0.416', '0.104']
Volumes: [np.float64(351194.0), np.float64(334936.0), np.float64(214244.0), np.float64(34603.0)]
2025-05-10 10:00:39,417 - INFO - 
2. Post-Cross Movement (30min):
5min Price Changes (%): []
Maximum Change: 0.000% after 0 minutes
Candle Analysis:
    Body Sizes (%): []
    Upper Shadows (%): []
    Lower Shadows (%): []
Volumes: []
==================================================
2025-05-10 10:00:40,596 - INFO - 
==================================================
EMA Cross Analysis - ACX/USDT
Time: 2025-05-10 10:00:00+09:00
Type: dead
Cross Character (Current): Strong
Cross Character (New): Weak
Price at Cross: 0.2508

1. Pre-Cross Pattern (15min):
EMA Distance Changes (%): ['0.364', '0.214', '0.093', '0.003']
EMA12 Changes (%): ['-0.214', '-0.236', '-0.200', '-0.170']
Price Changes (%): ['-1.371', '-0.358', '0.000', '0.000']
Candle Analysis:
    Body Sizes (%): ['1.333', '0.358', '0.080', '0.040']
    Upper Shadows (%): ['0.000', '0.437', '0.040', '0.000']
    Lower Shadows (%): ['0.353', '0.040', '0.599', '0.040']
Volumes: [np.float64(88500.8), np.float64(56172.6), np.float64(81255.5), np.float64(10770.3)]
2025-05-10 10:00:40,597 - INFO - 
2. Post-Cross Movement (30min):
5min Price Changes (%): []
Maximum Change: 0.000% after 0 minutes
Candle Analysis:
    Body Sizes (%): []
    Upper Shadows (%): []
    Lower Shadows (%): []
Volumes: []
==================================================
2025-05-10 10:00:40,933 - INFO - 
==================================================
EMA Cross Analysis - LINK/USDT
Time: 2025-05-10 09:55:00+09:00
Type: dead
Cross Character (Current): Weak
Cross Character (New): Weak
Price at Cross: 15.913

1. Pre-Cross Pattern (15min):
EMA Distance Changes (%): ['0.163', '0.083', '0.002', '0.062']
EMA12 Changes (%): ['-0.039', '-0.132', '-0.144', '-0.121']
Price Changes (%): ['0.075', '-0.648', '-0.207', '0.006']
Candle Analysis:
    Body Sizes (%): ['0.075', '0.648', '0.207', '0.013']
    Upper Shadows (%): ['0.131', '0.000', '0.276', '0.094']
    Lower Shadows (%): ['0.075', '0.330', '0.000', '0.365']
Volumes: [np.float64(60719.2), np.float64(163964.19), np.float64(86534.85), np.float64(111113.98)]
2025-05-10 10:00:40,934 - INFO - 
2. Post-Cross Movement (30min):
5min Price Changes (%): ['0.082']
Maximum Change: 0.082% after 5 minutes
Candle Analysis:
    Body Sizes (%): ['0.075']
    Upper Shadows (%): ['0.057']
    Lower Shadows (%): ['0.044']
Volumes: [np.float64(17496.62)]
==================================================
2025-05-10 10:00:42,332 - INFO - 
==================================================
EMA Cross Analysis - DOGE/USDT
Time: 2025-05-10 09:55:00+09:00
Type: dead
Cross Character (Current): Weak
Cross Character (New): Weak
Price at Cross: 0.20358

1. Pre-Cross Pattern (15min):
EMA Distance Changes (%): ['0.223', '0.136', '0.060', '0.028']
EMA12 Changes (%): ['-0.031', '-0.138', '-0.126', '-0.159']
Price Changes (%): ['0.053', '-0.724', '-0.064', '-0.338']
Candle Analysis:
    Body Sizes (%): ['0.049', '0.724', '0.064', '0.338']
    Upper Shadows (%): ['0.107', '0.005', '0.465', '0.010']
    Lower Shadows (%): ['0.112', '0.369', '0.020', '0.147']
Volumes: [np.float64(14790501.0), np.float64(46377694.0), np.float64(31644036.0), np.float64(40253015.0)]
2025-05-10 10:00:42,332 - INFO - 
2. Post-Cross Movement (30min):
5min Price Changes (%): ['0.098']
Maximum Change: 0.098% after 5 minutes
Candle Analysis:
    Body Sizes (%): ['0.093']
    Upper Shadows (%): ['0.064']
    Lower Shadows (%): ['0.059']
Volumes: [np.float64(2921835.0)]
==================================================
2025-05-10 10:00:44,759 - INFO - 
==================================================
EMA Cross Analysis - XRP/USDT
Time: 2025-05-10 10:00:00+09:00
Type: dead
Cross Character (Current): Weak
Cross Character (New): Weak
Price at Cross: 2.3412

1. Pre-Cross Pattern (15min):
EMA Distance Changes (%): ['0.111', '0.059', '0.013', '0.021']
EMA12 Changes (%): ['-0.053', '-0.084', '-0.081', '-0.063']
Price Changes (%): ['-0.399', '-0.256', '-0.064', '0.038']
Candle Analysis:
    Body Sizes (%): ['0.395', '0.260', '0.064', '0.034']
    Upper Shadows (%): ['0.000', '0.128', '0.056', '0.060']
    Lower Shadows (%): ['0.255', '0.051', '0.239', '0.038']
Volumes: [np.float64(4903898.5), np.float64(2298384.6), np.float64(3544822.9), np.float64(283709.1)]
2025-05-10 10:00:44,759 - INFO - 
2. Post-Cross Movement (30min):
5min Price Changes (%): []
Maximum Change: 0.000% after 0 minutes
Candle Analysis:
    Body Sizes (%): []
    Upper Shadows (%): []
    Lower Shadows (%): []
Volumes: []
==================================================
2025-05-10 10:00:44,981 - INFO - 
==================================================
EMA Cross Analysis - ADA/USDT
Time: 2025-05-10 09:55:00+09:00
Type: dead
Cross Character (Current): Weak
Cross Character (New): Weak
Price at Cross: 0.7731

1. Pre-Cross Pattern (15min):
EMA Distance Changes (%): ['0.185', '0.110', '0.031', '0.042']
EMA12 Changes (%): ['-0.013', '-0.120', '-0.135', '-0.136']
Price Changes (%): ['0.231', '-0.704', '-0.219', '-0.142']
Candle Analysis:
    Body Sizes (%): ['0.218', '0.704', '0.206', '0.129']
    Upper Shadows (%): ['0.064', '0.000', '0.271', '0.039']
    Lower Shadows (%): ['0.141', '0.294', '0.013', '0.400']
Volumes: [np.float64(2374029.0), np.float64(4721072.0), np.float64(2307638.0), np.float64(5106864.0)]
2025-05-10 10:00:44,981 - INFO - 
2. Post-Cross Movement (30min):
5min Price Changes (%): ['0.039']
Maximum Change: 0.039% after 5 minutes
Candle Analysis:
    Body Sizes (%): ['0.026']
    Upper Shadows (%): ['0.078']
    Lower Shadows (%): ['0.116']
Volumes: [np.float64(319778.0)]
==================================================
2025-05-10 10:00:45,194 - INFO - 
==================================================
EMA Cross Analysis - WLD/USDT
Time: 2025-05-10 10:00:00+09:00
Type: dead
Cross Character (Current): Weak
Cross Character (New): Weak
Price at Cross: 1.1405

1. Pre-Cross Pattern (15min):
EMA Distance Changes (%): ['0.218', '0.114', '0.036', '0.016']
EMA12 Changes (%): ['-0.126', '-0.169', '-0.134', '-0.093']
Price Changes (%): ['-1.167', '-0.411', '0.061', '0.132']
Candle Analysis:
    Body Sizes (%): ['1.176', '0.420', '0.061', '0.123']
    Upper Shadows (%): ['0.000', '0.455', '0.176', '0.079']
    Lower Shadows (%): ['0.623', '0.000', '0.448', '0.105']
Volumes: [np.float64(1283112.0), np.float64(434295.0), np.float64(714876.0), np.float64(91981.0)]
2025-05-10 10:00:45,194 - INFO - 
2. Post-Cross Movement (30min):
5min Price Changes (%): []
Maximum Change: 0.000% after 0 minutes
Candle Analysis:
    Body Sizes (%): []
    Upper Shadows (%): []
    Lower Shadows (%): []
Volumes: []
==================================================
2025-05-10 10:00:45,416 - INFO - 
==================================================
EMA Cross Analysis - RENDER/USDT
Time: 2025-05-10 09:55:00+09:00
Type: dead
Cross Character (Current): Weak
Cross Character (New): Weak
Price at Cross: 4.921

1. Pre-Cross Pattern (15min):
EMA Distance Changes (%): ['0.260', '0.157', '0.029', '0.081']
EMA12 Changes (%): ['0.008', '-0.165', '-0.223', '-0.205']
Price Changes (%): ['0.320', '-1.118', '-0.545', '-0.102']
Candle Analysis:
    Body Sizes (%): ['0.320', '1.078', '0.525', '0.081']
    Upper Shadows (%): ['0.100', '0.000', '0.263', '0.061']
    Lower Shadows (%): ['0.000', '0.359', '0.000', '0.447']
Volumes: [np.float64(20607.9), np.float64(73452.3), np.float64(38622.5), np.float64(69776.8)]
2025-05-10 10:00:45,417 - INFO - 
2. Post-Cross Movement (30min):
5min Price Changes (%): ['0.041']
Maximum Change: 0.041% after 5 minutes
Candle Analysis:
    Body Sizes (%): ['0.041']
    Upper Shadows (%): ['0.061']
    Lower Shadows (%): ['0.061']
Volumes: [np.float64(3793.0)]
==================================================
2025-05-10 10:00:45,848 - INFO - 
==================================================
EMA Cross Analysis - AIXBT/USDT
Time: 2025-05-10 09:55:00+09:00
Type: dead
Cross Character (Current): Strong
Cross Character (New): Weak
Price at Cross: 0.21428

1. Pre-Cross Pattern (15min):
EMA Distance Changes (%): ['0.754', '0.461', '0.124', '0.143']
EMA12 Changes (%): ['-0.135', '-0.475', '-0.570', '-0.482']
Price Changes (%): ['-0.605', '-2.366', '-1.108', '0.019']
Candle Analysis:
    Body Sizes (%): ['0.600', '2.384', '1.117', '0.070']
    Upper Shadows (%): ['0.309', '0.162', '0.489', '0.299']
    Lower Shadows (%): ['0.152', '0.969', '0.120', '0.747']
Volumes: [np.float64(2079173.0), np.float64(7033684.0), np.float64(2553306.0), np.float64(2849775.0)]
2025-05-10 10:00:45,848 - INFO - 
2. Post-Cross Movement (30min):
5min Price Changes (%): ['0.098']
Maximum Change: 0.098% after 5 minutes
Candle Analysis:
    Body Sizes (%): ['0.075']
    Upper Shadows (%): ['0.047']
    Lower Shadows (%): ['0.271']
Volumes: [np.float64(263281.0)]
==================================================
2025-05-10 10:00:46,579 - INFO - 
==================================================
EMA Cross Analysis - SUI/USDT
Time: 2025-05-10 09:55:00+09:00
Type: dead
Cross Character (Current): Weak
Cross Character (New): Weak
Price at Cross: 3.8941

1. Pre-Cross Pattern (15min):
EMA Distance Changes (%): ['0.275', '0.159', '0.047', '0.049']
EMA12 Changes (%): ['-0.066', '-0.186', '-0.192', '-0.175']
Price Changes (%): ['-0.238', '-0.850', '-0.223', '-0.085']
Candle Analysis:
    Body Sizes (%): ['0.238', '0.848', '0.223', '0.082']
    Upper Shadows (%): ['0.116', '0.000', '0.210', '0.049']
    Lower Shadows (%): ['0.046', '0.485', '0.000', '0.236']
Volumes: [np.float64(590997.8), np.float64(4049572.9), np.float64(888064.0), np.float64(1321470.1)]
2025-05-10 10:00:46,579 - INFO - 
2. Post-Cross Movement (30min):
5min Price Changes (%): ['0.108']
Maximum Change: 0.108% after 5 minutes
Candle Analysis:
    Body Sizes (%): ['0.108']
    Upper Shadows (%): ['0.062']
    Lower Shadows (%): ['0.041']
Volumes: [np.float64(124216.7)]
==================================================
2025-05-10 10:00:46,799 - INFO - 
==================================================
EMA Cross Analysis - AVAX/USDT
Time: 2025-05-10 10:00:00+09:00
Type: dead
Cross Character (Current): Weak
Cross Character (New): Weak
Price at Cross: 23.099

1. Pre-Cross Pattern (15min):
EMA Distance Changes (%): ['0.178', '0.105', '0.028', '0.025']
EMA12 Changes (%): ['-0.093', '-0.116', '-0.132', '-0.099']
Price Changes (%): ['-0.617', '-0.246', '-0.220', '0.087']
Candle Analysis:
    Body Sizes (%): ['0.613', '0.254', '0.216', '0.082']
    Upper Shadows (%): ['0.000', '0.237', '0.035', '0.104']
    Lower Shadows (%): ['0.309', '0.039', '0.311', '0.113']
Volumes: [np.float64(87395.0), np.float64(40361.0), np.float64(84065.0), np.float64(8383.0)]
2025-05-10 10:00:46,799 - INFO - 
2. Post-Cross Movement (30min):
5min Price Changes (%): []
Maximum Change: 0.000% after 0 minutes
Candle Analysis:
    Body Sizes (%): []
    Upper Shadows (%): []
    Lower Shadows (%): []
Volumes: []
==================================================
2025-05-10 10:00:47,017 - INFO - 
==================================================
EMA Cross Analysis - MOVE/USDT
Time: 2025-05-10 10:00:00+09:00
Type: dead
Cross Character (Current): Strong
Cross Character (New): Strong
Price at Cross: 0.1876

1. Pre-Cross Pattern (15min):
EMA Distance Changes (%): ['0.560', '0.305', '0.102', '0.050']
EMA12 Changes (%): ['-0.314', '-0.411', '-0.341', '-0.273']
Price Changes (%): ['-1.970', '-0.952', '0.053', '0.107']
Candle Analysis:
    Body Sizes (%): ['1.970', '0.952', '0.053', '0.053']
    Upper Shadows (%): ['0.156', '0.635', '0.160', '0.107']
    Lower Shadows (%): ['0.726', '0.053', '0.801', '0.107']
Volumes: [np.float64(7462554.0), np.float64(2568778.0), np.float64(3795527.0), np.float64(232056.0)]
2025-05-10 10:00:47,017 - INFO - 
2. Post-Cross Movement (30min):
5min Price Changes (%): []
Maximum Change: 0.000% after 0 minutes
Candle Analysis:
    Body Sizes (%): []
    Upper Shadows (%): []
    Lower Shadows (%): []
Volumes: []
==================================================
2025-05-10 10:00:47,666 - INFO - 
==================================================
EMA Cross Analysis - COW/USDT
Time: 2025-05-10 10:00:00+09:00
Type: dead
Cross Character (Current): Strong
Cross Character (New): Strong
Price at Cross: 0.3639

1. Pre-Cross Pattern (15min):
EMA Distance Changes (%): ['0.538', '0.271', '0.067', '0.049']
EMA12 Changes (%): ['-0.415', '-0.432', '-0.346', '-0.210']
Price Changes (%): ['-2.705', '-0.523', '0.138', '0.553']
Candle Analysis:
    Body Sizes (%): ['2.731', '0.496', '0.194', '0.553']
    Upper Shadows (%): ['0.000', '0.578', '0.332', '0.055']
    Lower Shadows (%): ['0.803', '0.248', '0.332', '0.055']
Volumes: [np.float64(1625684.0), np.float64(888863.0), np.float64(471719.0), np.float64(80769.0)]
2025-05-10 10:00:47,667 - INFO - 
2. Post-Cross Movement (30min):
5min Price Changes (%): []
Maximum Change: 0.000% after 0 minutes
Candle Analysis:
    Body Sizes (%): []
    Upper Shadows (%): []
    Lower Shadows (%): []
Volumes: []
==================================================
2025-05-10 10:00:49,455 - INFO - 
==================================================
EMA Cross Analysis - VANA/USDT
Time: 2025-05-10 09:55:00+09:00
Type: dead
Cross Character (Current): Strong
Cross Character (New): Strong
Price at Cross: 6.24

1. Pre-Cross Pattern (15min):
EMA Distance Changes (%): ['0.530', '0.351', '0.163', '0.045']
EMA12 Changes (%): ['-0.064', '-0.279', '-0.309', '-0.370']
Price Changes (%): ['-0.187', '-1.467', '-0.475', '-0.716']
Candle Analysis:
    Body Sizes (%): ['0.202', '1.451', '0.491', '0.716']
    Upper Shadows (%): ['0.234', '0.078', '0.617', '0.016']
    Lower Shadows (%): ['0.078', '0.640', '0.079', '0.318']
Volumes: [np.float64(9733.59), np.float64(42879.63), np.float64(19760.32), np.float64(50532.26)]
2025-05-10 10:00:49,455 - INFO - 
2. Post-Cross Movement (30min):
5min Price Changes (%): ['-0.112']
Maximum Change: -0.112% after 5 minutes
Candle Analysis:
    Body Sizes (%): ['0.128']
    Upper Shadows (%): ['0.064']
    Lower Shadows (%): ['0.000']
Volumes: [np.float64(3644.7)]
==================================================
2025-05-10 10:05:19,970 - INFO - 
==================================================
EMA Cross Analysis - NEAR/USDT
Time: 2025-05-10 10:00:00+09:00
Type: dead
Cross Character (Current): Weak
Cross Character (New): Weak
Price at Cross: 2.9

1. Pre-Cross Pattern (15min):
EMA Distance Changes (%): ['0.186', '0.087', '0.006', '0.016']
EMA12 Changes (%): ['-0.148', '-0.162', '-0.143', '-0.042']
Price Changes (%): ['-0.857', '-0.242', '-0.035', '0.520']
Candle Analysis:
    Body Sizes (%): ['0.857', '0.276', '0.000', '0.555']
    Upper Shadows (%): ['0.000', '0.311', '0.104', '0.000']
    Lower Shadows (%): ['0.446', '0.000', '0.416', '0.104']
Volumes: [np.float64(351194.0), np.float64(334936.0), np.float64(214244.0), np.float64(160993.0)]
2025-05-10 10:05:19,970 - INFO - 
2. Post-Cross Movement (30min):
5min Price Changes (%): ['0.138']
Maximum Change: 0.138% after 5 minutes
Candle Analysis:
    Body Sizes (%): ['0.138']
    Upper Shadows (%): ['0.000']
    Lower Shadows (%): ['0.000']
Volumes: [np.float64(5901.0)]
==================================================
2025-05-10 10:05:21,150 - INFO - 
==================================================
EMA Cross Analysis - ACX/USDT
Time: 2025-05-10 10:05:00+09:00
Type: dead
Cross Character (Current): Strong
Cross Character (New): Weak
Price at Cross: 0.252

1. Pre-Cross Pattern (15min):
EMA Distance Changes (%): ['0.214', '0.093', '0.019', '0.023']
EMA12 Changes (%): ['-0.236', '-0.200', '-0.127', '-0.077']
Price Changes (%): ['-0.358', '0.000', '0.279', '0.199']
Candle Analysis:
    Body Sizes (%): ['0.358', '0.080', '0.239', '0.199']
    Upper Shadows (%): ['0.437', '0.040', '0.040', '0.080']
    Lower Shadows (%): ['0.040', '0.599', '0.120', '0.040']
Volumes: [np.float64(56172.6), np.float64(81255.5), np.float64(47164.5), np.float64(15147.4)]
2025-05-10 10:05:21,150 - INFO - 
2. Post-Cross Movement (30min):
5min Price Changes (%): []
Maximum Change: 0.000% after 0 minutes
Candle Analysis:
    Body Sizes (%): []
    Upper Shadows (%): []
    Lower Shadows (%): []
Volumes: []
==================================================
2025-05-10 10:05:27,582 - INFO - 
==================================================
EMA Cross Analysis - MOVE/USDT
Time: 2025-05-10 10:00:00+09:00
Type: dead
Cross Character (Current): Strong
Cross Character (New): Strong
Price at Cross: 0.1886

1. Pre-Cross Pattern (15min):
EMA Distance Changes (%): ['0.560', '0.305', '0.102', '0.008']
EMA12 Changes (%): ['-0.314', '-0.411', '-0.341', '-0.193']
Price Changes (%): ['-1.970', '-0.952', '0.053', '0.640']
Candle Analysis:
    Body Sizes (%): ['1.970', '0.952', '0.053', '0.587']
    Upper Shadows (%): ['0.156', '0.635', '0.160', '0.213']
    Lower Shadows (%): ['0.726', '0.053', '0.801', '0.107']
Volumes: [np.float64(7462554.0), np.float64(2568778.0), np.float64(3795527.0), np.float64(3420044.0)]
2025-05-10 10:05:27,583 - INFO - 
2. Post-Cross Movement (30min):
5min Price Changes (%): ['0.212']
Maximum Change: 0.212% after 5 minutes
Candle Analysis:
    Body Sizes (%): ['0.212']
    Upper Shadows (%): ['0.053']
    Lower Shadows (%): ['0.000']
Volumes: [np.float64(107069.0)]
==================================================
2025-05-10 10:05:28,233 - INFO - 
==================================================
EMA Cross Analysis - COW/USDT
Time: 2025-05-10 10:00:00+09:00
Type: dead
Cross Character (Current): Strong
Cross Character (New): Strong
Price at Cross: 0.3646

1. Pre-Cross Pattern (15min):
EMA Distance Changes (%): ['0.538', '0.271', '0.067', '0.033']
EMA12 Changes (%): ['-0.415', '-0.432', '-0.346', '-0.181']
Price Changes (%): ['-2.705', '-0.523', '0.138', '0.746']
Candle Analysis:
    Body Sizes (%): ['2.731', '0.496', '0.194', '0.746']
    Upper Shadows (%): ['0.000', '0.578', '0.332', '0.111']
    Lower Shadows (%): ['0.803', '0.248', '0.332', '0.055']
Volumes: [np.float64(1625684.0), np.float64(888863.0), np.float64(471719.0), np.float64(247229.0)]
2025-05-10 10:05:28,233 - INFO - 
2. Post-Cross Movement (30min):
5min Price Changes (%): ['0.219']
Maximum Change: 0.219% after 5 minutes
Candle Analysis:
    Body Sizes (%): ['0.219']
    Upper Shadows (%): ['0.000']
    Lower Shadows (%): ['0.000']
Volumes: [np.float64(11660.0)]
==================================================
2025-05-10 10:10:02,233 - INFO - 
==================================================
EMA Cross Analysis - XLM/USDT
Time: 2025-05-10 10:10:00+09:00
Type: dead
Cross Character (Current): Weak
Cross Character (New): Weak
Price at Cross: 0.29553

1. Pre-Cross Pattern (15min):
EMA Distance Changes (%): ['0.058', '0.033', '0.013', '0.003']
EMA12 Changes (%): ['-0.105', '-0.039', '-0.034', '-0.028']
Price Changes (%): ['-0.003', '0.326', '-0.003', '0.003']
Candle Analysis:
    Body Sizes (%): ['0.000', '0.326', '0.007', '0.003']
    Upper Shadows (%): ['0.075', '0.003', '0.095', '0.000']
    Lower Shadows (%): ['0.363', '0.136', '0.430', '0.000']
Volumes: [np.float64(1753004.0), np.float64(1204364.0), np.float64(953982.0), np.float64(226.0)]
2025-05-10 10:10:02,233 - INFO - 
2. Post-Cross Movement (30min):
5min Price Changes (%): []
Maximum Change: 0.000% after 0 minutes
Candle Analysis:
    Body Sizes (%): []
    Upper Shadows (%): []
    Lower Shadows (%): []
Volumes: []
==================================================
2025-05-10 10:10:04,264 - INFO - 
==================================================
EMA Cross Analysis - XRP/USDT
Time: 2025-05-10 10:05:00+09:00
Type: dead
Cross Character (Current): Weak
Cross Character (New): Weak
Price at Cross: 2.3478

1. Pre-Cross Pattern (15min):
EMA Distance Changes (%): ['0.059', '0.013', '0.001', '0.007']
EMA12 Changes (%): ['-0.084', '-0.081', '-0.020', '-0.016']
Price Changes (%): ['-0.256', '-0.064', '0.316', '0.004']
Candle Analysis:
    Body Sizes (%): ['0.260', '0.064', '0.312', '0.009']
    Upper Shadows (%): ['0.128', '0.056', '0.000', '0.119']
    Lower Shadows (%): ['0.051', '0.239', '0.038', '0.341']
Volumes: [np.float64(2298384.6), np.float64(3544822.9), np.float64(1350926.2), np.float64(1854818.2)]
2025-05-10 10:10:04,264 - INFO - 
2. Post-Cross Movement (30min):
5min Price Changes (%): ['0.004']
Maximum Change: 0.004% after 5 minutes
Candle Analysis:
    Body Sizes (%): ['0.000']
    Upper Shadows (%): ['0.000']
    Lower Shadows (%): ['0.004']
Volumes: [np.float64(695.1)]
==================================================
2025-05-10 10:10:06,225 - INFO - 
==================================================
EMA Cross Analysis - AVAX/USDT
Time: 2025-05-10 10:05:00+09:00
Type: dead
Cross Character (Current): Weak
Cross Character (New): Weak
Price at Cross: 23.177

1. Pre-Cross Pattern (15min):
EMA Distance Changes (%): ['0.105', '0.028', '0.008', '0.014']
EMA12 Changes (%): ['-0.116', '-0.132', '-0.034', '-0.042']
Price Changes (%): ['-0.246', '-0.220', '0.511', '-0.086']
Candle Analysis:
    Body Sizes (%): ['0.254', '0.216', '0.507', '0.086']
    Upper Shadows (%): ['0.237', '0.035', '0.022', '0.142']
    Lower Shadows (%): ['0.039', '0.311', '0.113', '0.349']
Volumes: [np.float64(40361.0), np.float64(84065.0), np.float64(46058.0), np.float64(28447.0)]
2025-05-10 10:10:06,225 - INFO - 
2. Post-Cross Movement (30min):
5min Price Changes (%): ['0.017']
Maximum Change: 0.017% after 5 minutes
Candle Analysis:
    Body Sizes (%): ['0.022']
    Upper Shadows (%): ['0.026']
    Lower Shadows (%): ['0.000']
Volumes: [np.float64(976.0)]
==================================================
2025-05-10 10:11:11,951 - INFO - 
==================================================
EMA Cross Analysis - ACX/USDT
Time: 2025-05-10 10:05:00+09:00
Type: dead
Cross Character (Current): Strong
Cross Character (New): Weak
Price at Cross: 0.2519

1. Pre-Cross Pattern (15min):
EMA Distance Changes (%): ['0.214', '0.093', '0.019', '0.026']
EMA12 Changes (%): ['-0.236', '-0.200', '-0.127', '-0.083']
Price Changes (%): ['-0.358', '0.000', '0.279', '0.159']
Candle Analysis:
    Body Sizes (%): ['0.358', '0.080', '0.239', '0.159']
    Upper Shadows (%): ['0.437', '0.040', '0.040', '0.199']
    Lower Shadows (%): ['0.040', '0.599', '0.120', '0.517']
Volumes: [np.float64(56172.6), np.float64(81255.5), np.float64(47164.5), np.float64(78845.3)]
2025-05-10 10:11:11,952 - INFO - 
2. Post-Cross Movement (30min):
5min Price Changes (%): ['0.079']
Maximum Change: 0.079% after 5 minutes
Candle Analysis:
    Body Sizes (%): ['0.079']
    Upper Shadows (%): ['0.079']
    Lower Shadows (%): ['0.000']
Volumes: [np.float64(14363.0)]
==================================================
2025-05-10 10:15:47,242 - INFO - 
==================================================
EMA Cross Analysis - TIA/USDT
Time: 2025-05-10 10:10:00+09:00
Type: dead
Cross Character (Current): Strong
Cross Character (New): Weak
Price at Cross: 3.026

1. Pre-Cross Pattern (15min):
EMA Distance Changes (%): ['0.312', '0.221', '0.110', '0.028']
EMA12 Changes (%): ['-0.239', '-0.128', '-0.181', '-0.248']
Price Changes (%): ['-0.285', '0.489', '-0.474', '-0.624']
Candle Analysis:
    Body Sizes (%): ['0.285', '0.470', '0.477', '0.621']
    Upper Shadows (%): ['0.239', '0.236', '0.124', '0.384']
    Lower Shadows (%): ['0.468', '0.164', '0.418', '0.072']
Volumes: [np.float64(542963.0), np.float64(219397.0), np.float64(215398.0), np.float64(371167.0)]
2025-05-10 10:15:47,243 - INFO - 
2. Post-Cross Movement (30min):
5min Price Changes (%): ['0.063']
Maximum Change: 0.063% after 5 minutes
Candle Analysis:
    Body Sizes (%): ['0.073']
    Upper Shadows (%): ['0.274']
    Lower Shadows (%): ['0.043']
Volumes: [np.float64(88766.0)]
==================================================
2025-05-10 10:15:49,303 - INFO - 
==================================================
EMA Cross Analysis - BAKE/USDT
Time: 2025-05-10 10:10:00+09:00
Type: dead
Cross Character (Current): Weak
Cross Character (New): Weak
Price at Cross: 0.1464

1. Pre-Cross Pattern (15min):
EMA Distance Changes (%): ['0.106', '0.092', '0.043', '0.013']
EMA12 Changes (%): ['-0.196', '-0.010', '-0.082', '-0.100']
Price Changes (%): ['0.275', '1.028', '-0.475', '-0.204']
Candle Analysis:
    Body Sizes (%): ['0.344', '1.028', '0.542', '0.204']
    Upper Shadows (%): ['0.138', '0.343', '0.068', '0.273']
    Lower Shadows (%): ['0.688', '0.069', '0.746', '0.613']
Volumes: [np.float64(588199.0), np.float64(711056.0), np.float64(392350.0), np.float64(261235.0)]
2025-05-10 10:15:49,304 - INFO - 
2. Post-Cross Movement (30min):
5min Price Changes (%): ['0.068']
Maximum Change: 0.068% after 5 minutes
Candle Analysis:
    Body Sizes (%): ['0.137']
    Upper Shadows (%): ['0.205']
    Lower Shadows (%): ['0.000']
Volumes: [np.float64(25289.0)]
==================================================
2025-05-10 10:15:53,671 - INFO - 
==================================================
EMA Cross Analysis - THETA/USDT
Time: 2025-05-10 10:10:00+09:00
Type: dead
Cross Character (Current): Weak
Cross Character (New): Weak
Price at Cross: 0.9

1. Pre-Cross Pattern (15min):
EMA Distance Changes (%): ['0.094', '0.064', '0.033', '0.011']
EMA12 Changes (%): ['-0.166', '-0.042', '-0.051', '-0.079']
Price Changes (%): ['0.235', '0.646', '-0.100', '-0.233']
Candle Analysis:
    Body Sizes (%): ['0.223', '0.635', '0.111', '0.233']
    Upper Shadows (%): ['0.089', '0.078', '0.277', '0.277']
    Lower Shadows (%): ['0.614', '0.123', '0.687', '0.067']
Volumes: [np.float64(330779.7), np.float64(117365.4), np.float64(257269.9), np.float64(65775.3)]
2025-05-10 10:15:53,671 - INFO - 
2. Post-Cross Movement (30min):
5min Price Changes (%): ['0.400']
Maximum Change: 0.400% after 5 minutes
Candle Analysis:
    Body Sizes (%): ['0.422']
    Upper Shadows (%): ['0.056']
    Lower Shadows (%): ['0.011']
Volumes: [np.float64(9541.5)]
==================================================
2025-05-10 10:20:32,635 - INFO - 
==================================================
EMA Cross Analysis - XRP/USDT
Time: 2025-05-10 10:15:00+09:00
Type: golden
Cross Character (Current): Weak
Cross Character (New): Weak
Price at Cross: 2.3584

1. Pre-Cross Pattern (15min):
EMA Distance Changes (%): ['0.001', '0.007', '0.003', '0.025']
EMA12 Changes (%): ['-0.020', '-0.016', '0.007', '0.054']
Price Changes (%): ['0.316', '0.004', '0.136', '0.315']
Candle Analysis:
    Body Sizes (%): ['0.312', '0.009', '0.132', '0.319']
    Upper Shadows (%): ['0.000', '0.119', '0.094', '0.085']
    Lower Shadows (%): ['0.038', '0.341', '0.004', '0.021']
Volumes: [np.float64(1350926.2), np.float64(1854818.2), np.float64(1418471.9), np.float64(2907069.8)]
2025-05-10 10:20:32,635 - INFO - 
2. Post-Cross Movement (30min):
5min Price Changes (%): ['0.047']
Maximum Change: 0.047% after 5 minutes
Candle Analysis:
    Body Sizes (%): ['0.051']
    Upper Shadows (%): ['0.025']
    Lower Shadows (%): ['0.008']
Volumes: [np.float64(153057.5)]
==================================================
2025-05-10 10:20:33,730 - INFO - 
==================================================
EMA Cross Analysis - AIXBT/USDT
Time: 2025-05-10 10:20:00+09:00
Type: golden
Cross Character (Current): Weak
Cross Character (New): Weak
Price at Cross: 0.22375

1. Pre-Cross Pattern (15min):
EMA Distance Changes (%): ['0.170', '0.157', '0.005', '0.111']
EMA12 Changes (%): ['0.031', '0.002', '0.270', '0.226']
Price Changes (%): ['0.972', '-0.154', '1.741', '-0.009']
Candle Analysis:
    Body Sizes (%): ['0.967', '0.154', '1.760', '0.009']
    Upper Shadows (%): ['0.105', '0.785', '0.091', '0.098']
    Lower Shadows (%): ['0.307', '0.195', '0.082', '0.255']
Volumes: [np.float64(2902076.0), np.float64(3953571.0), np.float64(1921857.0), np.float64(154662.0)]
2025-05-10 10:20:33,731 - INFO - 
2. Post-Cross Movement (30min):
5min Price Changes (%): []
Maximum Change: 0.000% after 0 minutes
Candle Analysis:
    Body Sizes (%): []
    Upper Shadows (%): []
    Lower Shadows (%): []
Volumes: []
==================================================
2025-05-10 10:20:35,033 - INFO - 
==================================================
EMA Cross Analysis - GOAT/USDT
Time: 2025-05-10 10:20:00+09:00
Type: dead
Cross Character (Current): Strong
Cross Character (New): Strong
Price at Cross: 0.15878

1. Pre-Cross Pattern (15min):
EMA Distance Changes (%): ['0.730', '0.467', '0.151', '0.040']
EMA12 Changes (%): ['-0.228', '-0.410', '-0.534', '-0.337']
Price Changes (%): ['2.431', '-1.428', '-1.235', '0.787']
Candle Analysis:
    Body Sizes (%): ['2.431', '1.440', '1.229', '0.838']
    Upper Shadows (%): ['1.291', '0.661', '1.944', '0.064']
    Lower Shadows (%): ['0.146', '0.315', '0.113', '0.127']
Volumes: [np.float64(27960925.0), np.float64(20647703.0), np.float64(22169747.0), np.float64(1031873.0)]
2025-05-10 10:20:35,033 - INFO - 
2. Post-Cross Movement (30min):
5min Price Changes (%): []
Maximum Change: 0.000% after 0 minutes
Candle Analysis:
    Body Sizes (%): []
    Upper Shadows (%): []
    Lower Shadows (%): []
Volumes: []
==================================================
2025-05-10 10:25:06,028 - INFO - 
==================================================
EMA Cross Analysis - NEAR/USDT
Time: 2025-05-10 10:20:00+09:00
Type: golden
Cross Character (Current): Weak
Cross Character (New): Weak
Price at Cross: 2.927

1. Pre-Cross Pattern (15min):
EMA Distance Changes (%): ['0.025', '0.040', '0.037', '0.026']
EMA12 Changes (%): ['-0.019', '-0.032', '-0.001', '0.116']
Price Changes (%): ['0.103', '-0.103', '0.172', '0.757']
Candle Analysis:
    Body Sizes (%): ['0.103', '0.138', '0.207', '0.757']
    Upper Shadows (%): ['0.103', '0.138', '0.138', '0.034']
    Lower Shadows (%): ['0.379', '0.034', '0.000', '0.034']
Volumes: [np.float64(138671.0), np.float64(71762.0), np.float64(89100.0), np.float64(90612.0)]
2025-05-10 10:25:06,028 - INFO - 
2. Post-Cross Movement (30min):
5min Price Changes (%): ['-0.034']
Maximum Change: -0.034% after 5 minutes
Candle Analysis:
    Body Sizes (%): ['0.000']
    Upper Shadows (%): ['0.000']
    Lower Shadows (%): ['0.000']
Volumes: [np.float64(1260.0)]
==================================================
2025-05-10 10:25:06,466 - INFO - 
==================================================
EMA Cross Analysis - BAKE/USDT
Time: 2025-05-10 10:25:00+09:00
Type: golden
Cross Character (Current): Weak
Cross Character (New): Weak
Price at Cross: 0.1476

1. Pre-Cross Pattern (15min):
EMA Distance Changes (%): ['0.013', '0.056', '0.018', '0.005']
EMA12 Changes (%): ['-0.100', '-0.085', '0.064', '0.044']
Price Changes (%): ['-0.204', '0.000', '0.888', '-0.068']
Candle Analysis:
    Body Sizes (%): ['0.204', '0.068', '0.888', '0.000']
    Upper Shadows (%): ['0.273', '0.342', '0.205', '0.000']
    Lower Shadows (%): ['0.613', '0.342', '0.000', '0.000']
Volumes: [np.float64(261235.0), np.float64(160936.0), np.float64(247642.0), np.float64(4116.0)]
2025-05-10 10:25:06,467 - INFO - 
2. Post-Cross Movement (30min):
5min Price Changes (%): []
Maximum Change: 0.000% after 0 minutes
Candle Analysis:
    Body Sizes (%): []
    Upper Shadows (%): []
    Lower Shadows (%): []
Volumes: []
==================================================
2025-05-10 10:25:10,483 - INFO - 
==================================================
EMA Cross Analysis - THETA/USDT
Time: 2025-05-10 10:20:00+09:00
Type: golden
Cross Character (Current): Weak
Cross Character (New): Weak
Price at Cross: 0.9101

1. Pre-Cross Pattern (15min):
EMA Distance Changes (%): ['0.033', '0.011', '0.018', '0.039']
EMA12 Changes (%): ['-0.051', '-0.079', '-0.016', '0.107']
Price Changes (%): ['-0.100', '-0.233', '0.333', '0.786']
Candle Analysis:
    Body Sizes (%): ['0.111', '0.233', '0.356', '0.775']
    Upper Shadows (%): ['0.277', '0.277', '0.345', '0.177']
    Lower Shadows (%): ['0.687', '0.067', '0.044', '0.000']
Volumes: [np.float64(257269.9), np.float64(65775.3), np.float64(81293.0), np.float64(65226.7)]
2025-05-10 10:25:10,483 - INFO - 
2. Post-Cross Movement (30min):
5min Price Changes (%): ['-0.132']
Maximum Change: -0.132% after 5 minutes
Candle Analysis:
    Body Sizes (%): ['0.132']
    Upper Shadows (%): ['0.000']
    Lower Shadows (%): ['0.022']
Volumes: [np.float64(29247.1)]
==================================================
2025-05-10 10:25:12,251 - INFO - 
==================================================
EMA Cross Analysis - AIXBT/USDT
Time: 2025-05-10 10:20:00+09:00
Type: golden
Cross Character (Current): Weak
Cross Character (New): Weak
Price at Cross: 0.22583

1. Pre-Cross Pattern (15min):
EMA Distance Changes (%): ['0.170', '0.157', '0.005', '0.183']
EMA12 Changes (%): ['0.031', '0.002', '0.270', '0.371']
Price Changes (%): ['0.972', '-0.154', '1.741', '0.921']
Candle Analysis:
    Body Sizes (%): ['0.967', '0.154', '1.760', '0.921']
    Upper Shadows (%): ['0.105', '0.785', '0.091', '0.804']
    Lower Shadows (%): ['0.307', '0.195', '0.082', '0.349']
Volumes: [np.float64(2902076.0), np.float64(3953571.0), np.float64(1921857.0), np.float64(2151634.0)]
2025-05-10 10:25:12,251 - INFO - 
2. Post-Cross Movement (30min):
5min Price Changes (%): ['0.004']
Maximum Change: 0.004% after 5 minutes
Candle Analysis:
    Body Sizes (%): ['0.004']
    Upper Shadows (%): ['0.000']
    Lower Shadows (%): ['0.213']
Volumes: [np.float64(93051.0)]
==================================================
2025-05-10 10:25:13,646 - INFO - 
==================================================
EMA Cross Analysis - SUI/USDT
Time: 2025-05-10 10:25:00+09:00
Type: golden
Cross Character (Current): Weak
Cross Character (New): Weak
Price at Cross: 3.9508

1. Pre-Cross Pattern (15min):
EMA Distance Changes (%): ['0.092', '0.081', '0.028', '0.013']
EMA12 Changes (%): ['-0.025', '0.007', '0.091', '0.076']
Price Changes (%): ['-0.005', '0.181', '0.552', '-0.008']
Candle Analysis:
    Body Sizes (%): ['0.008', '0.184', '0.552', '0.008']
    Upper Shadows (%): ['0.130', '0.293', '0.074', '0.008']
    Lower Shadows (%): ['0.041', '0.038', '0.000', '0.020']
Volumes: [np.float64(473271.6), np.float64(987328.0), np.float64(948792.9), np.float64(94456.4)]
2025-05-10 10:25:13,646 - INFO - 
2. Post-Cross Movement (30min):
5min Price Changes (%): []
Maximum Change: 0.000% after 0 minutes
Candle Analysis:
    Body Sizes (%): []
    Upper Shadows (%): []
    Lower Shadows (%): []
Volumes: []
==================================================
2025-05-10 10:25:13,865 - INFO - 
==================================================
EMA Cross Analysis - AVAX/USDT
Time: 2025-05-10 10:20:00+09:00
Type: golden
Cross Character (Current): Weak
Cross Character (New): Weak
Price at Cross: 23.391

1. Pre-Cross Pattern (15min):
EMA Distance Changes (%): ['0.014', '0.031', '0.026', '0.033']
EMA12 Changes (%): ['-0.042', '-0.035', '0.005', '0.111']
Price Changes (%): ['-0.086', '0.000', '0.229', '0.693']
Candle Analysis:
    Body Sizes (%): ['0.086', '0.004', '0.233', '0.697']
    Upper Shadows (%): ['0.142', '0.250', '0.129', '0.052']
    Lower Shadows (%): ['0.349', '0.009', '0.035', '0.017']
Volumes: [np.float64(28447.0), np.float64(17072.0), np.float64(20264.0), np.float64(26332.0)]
2025-05-10 10:25:13,866 - INFO - 
2. Post-Cross Movement (30min):
5min Price Changes (%): ['0.009']
Maximum Change: 0.009% after 5 minutes
Candle Analysis:
    Body Sizes (%): ['0.013']
    Upper Shadows (%): ['0.000']
    Lower Shadows (%): ['0.068']
Volumes: [np.float64(3975.0)]
==================================================
2025-05-10 10:25:14,302 - INFO - 
==================================================
EMA Cross Analysis - GOAT/USDT
Time: 2025-05-10 10:20:00+09:00
Type: dead
Cross Character (Current): Strong
Cross Character (New): Strong
Price at Cross: 0.15775

1. Pre-Cross Pattern (15min):
EMA Distance Changes (%): ['0.730', '0.467', '0.151', '0.092']
EMA12 Changes (%): ['-0.228', '-0.410', '-0.534', '-0.434']
Price Changes (%): ['2.431', '-1.428', '-1.235', '0.133']
Candle Analysis:
    Body Sizes (%): ['2.431', '1.440', '1.229', '0.184']
    Upper Shadows (%): ['1.291', '0.661', '1.944', '0.883']
    Lower Shadows (%): ['0.146', '0.315', '0.113', '0.565']
Volumes: [np.float64(27960925.0), np.float64(20647703.0), np.float64(22169747.0), np.float64(10999310.0)]
2025-05-10 10:25:14,303 - INFO - 
2. Post-Cross Movement (30min):
5min Price Changes (%): ['0.273']
Maximum Change: 0.273% after 5 minutes
Candle Analysis:
    Body Sizes (%): ['0.279']
    Upper Shadows (%): ['0.000']
    Lower Shadows (%): ['0.235']
Volumes: [np.float64(311123.0)]
==================================================
2025-05-10 10:25:14,525 - INFO - 
==================================================
EMA Cross Analysis - HIVE/USDT
Time: 2025-05-10 10:25:00+09:00
Type: golden
Cross Character (Current): Weak
Cross Character (New): Weak
Price at Cross: 0.26308

1. Pre-Cross Pattern (15min):
EMA Distance Changes (%): ['0.111', '0.087', '0.033', '0.002']
EMA12 Changes (%): ['-0.047', '0.029', '0.092', '0.063']
Price Changes (%): ['-0.092', '0.448', '0.439', '-0.095']
Candle Analysis:
    Body Sizes (%): ['0.088', '0.417', '0.419', '0.038']
    Upper Shadows (%): ['0.180', '0.237', '0.153', '0.000']
    Lower Shadows (%): ['0.000', '0.034', '0.000', '0.000']
Volumes: [np.float64(42978.0), np.float64(187361.0), np.float64(66448.0), np.float64(5758.0)]
2025-05-10 10:25:14,525 - INFO - 
2. Post-Cross Movement (30min):
5min Price Changes (%): []
Maximum Change: 0.000% after 0 minutes
Candle Analysis:
    Body Sizes (%): []
    Upper Shadows (%): []
    Lower Shadows (%): []
Volumes: []
==================================================
2025-05-10 10:30:55,035 - INFO - 
==================================================
EMA Cross Analysis - BAKE/USDT
Time: 2025-05-10 10:25:00+09:00
Type: golden
Cross Character (Current): Weak
Cross Character (New): Weak
Price at Cross: 0.148

1. Pre-Cross Pattern (15min):
EMA Distance Changes (%): ['0.013', '0.056', '0.018', '0.027']
EMA12 Changes (%): ['-0.100', '-0.085', '0.064', '0.085']
Price Changes (%): ['-0.204', '0.000', '0.888', '0.203']
Candle Analysis:
    Body Sizes (%): ['0.204', '0.068', '0.888', '0.271']
    Upper Shadows (%): ['0.273', '0.342', '0.205', '0.136']
    Lower Shadows (%): ['0.613', '0.342', '0.000', '0.136']
Volumes: [np.float64(261235.0), np.float64(160936.0), np.float64(247642.0), np.float64(271971.0)]
2025-05-10 10:30:55,035 - INFO - 
2. Post-Cross Movement (30min):
5min Price Changes (%): ['-0.473']
Maximum Change: -0.473% after 5 minutes
Candle Analysis:
    Body Sizes (%): ['0.406']
    Upper Shadows (%): ['0.068']
    Lower Shadows (%): ['0.068']
Volumes: [np.float64(46787.0)]
==================================================
2025-05-10 10:30:59,924 - INFO - 
==================================================
EMA Cross Analysis - ADA/USDT
Time: 2025-05-10 10:25:00+09:00
Type: golden
Cross Character (Current): Weak
Cross Character (New): Weak
Price at Cross: 0.783

1. Pre-Cross Pattern (15min):
EMA Distance Changes (%): ['0.097', '0.086', '0.041', '0.008']
EMA12 Changes (%): ['-0.042', '0.006', '0.074', '0.089']
Price Changes (%): ['-0.077', '0.271', '0.450', '0.166']
Candle Analysis:
    Body Sizes (%): ['0.064', '0.284', '0.463', '0.179']
    Upper Shadows (%): ['0.219', '0.142', '0.116', '0.051']
    Lower Shadows (%): ['0.129', '0.026', '0.000', '0.026']
Volumes: [np.float64(2172306.0), np.float64(1394145.0), np.float64(2325446.0), np.float64(2608316.0)]
2025-05-10 10:30:59,924 - INFO - 
2. Post-Cross Movement (30min):
5min Price Changes (%): ['-0.128']
Maximum Change: -0.128% after 5 minutes
Candle Analysis:
    Body Sizes (%): ['0.128']
    Upper Shadows (%): ['0.128']
    Lower Shadows (%): ['0.000']
Volumes: [np.float64(591926.0)]
==================================================
2025-05-10 10:31:01,498 - INFO - 
==================================================
EMA Cross Analysis - SUI/USDT
Time: 2025-05-10 10:25:00+09:00
Type: golden
Cross Character (Current): Weak
Cross Character (New): Weak
Price at Cross: 3.9642

1. Pre-Cross Pattern (15min):
EMA Distance Changes (%): ['0.092', '0.081', '0.028', '0.040']
EMA12 Changes (%): ['-0.025', '0.007', '0.091', '0.128']
Price Changes (%): ['-0.005', '0.181', '0.552', '0.332']
Candle Analysis:
    Body Sizes (%): ['0.008', '0.184', '0.552', '0.332']
    Upper Shadows (%): ['0.130', '0.293', '0.074', '0.046']
    Lower Shadows (%): ['0.041', '0.038', '0.000', '0.028']
Volumes: [np.float64(473271.6), np.float64(987328.0), np.float64(948792.9), np.float64(1451734.3)]
2025-05-10 10:31:01,498 - INFO - 
2. Post-Cross Movement (30min):
5min Price Changes (%): ['-0.106']
Maximum Change: -0.106% after 5 minutes
Candle Analysis:
    Body Sizes (%): ['0.106']
    Upper Shadows (%): ['0.040']
    Lower Shadows (%): ['0.000']
Volumes: [np.float64(164852.9)]
==================================================
2025-05-10 10:31:02,392 - INFO - 
==================================================
EMA Cross Analysis - HIVE/USDT
Time: 2025-05-10 10:25:00+09:00
Type: golden
Cross Character (Current): Weak
Cross Character (New): Weak
Price at Cross: 0.2635

1. Pre-Cross Pattern (15min):
EMA Distance Changes (%): ['0.111', '0.087', '0.033', '0.015']
EMA12 Changes (%): ['-0.047', '0.029', '0.092', '0.088']
Price Changes (%): ['-0.092', '0.448', '0.439', '0.065']
Candle Analysis:
    Body Sizes (%): ['0.088', '0.417', '0.419', '0.122']
    Upper Shadows (%): ['0.180', '0.237', '0.153', '0.034']
    Lower Shadows (%): ['0.000', '0.034', '0.000', '0.038']
Volumes: [np.float64(42978.0), np.float64(187361.0), np.float64(66448.0), np.float64(57072.0)]
2025-05-10 10:31:02,392 - INFO - 
2. Post-Cross Movement (30min):
5min Price Changes (%): ['-0.334']
Maximum Change: -0.334% after 5 minutes
Candle Analysis:
    Body Sizes (%): ['0.334']
    Upper Shadows (%): ['0.000']
    Lower Shadows (%): ['0.000']
Volumes: [np.float64(19732.0)]
==================================================
2025-05-10 10:35:33,886 - INFO - 
==================================================
EMA Cross Analysis - BAKE/USDT
Time: 2025-05-10 10:30:00+09:00
Type: dead
Cross Character (Current): Weak
Cross Character (New): Weak
Price at Cross: 0.1468

1. Pre-Cross Pattern (15min):
EMA Distance Changes (%): ['0.056', '0.018', '0.027', '0.002']
EMA12 Changes (%): ['-0.085', '0.064', '0.085', '-0.053']
Price Changes (%): ['0.000', '0.888', '0.203', '-0.811']
Candle Analysis:
    Body Sizes (%): ['0.068', '0.888', '0.271', '0.744']
    Upper Shadows (%): ['0.342', '0.205', '0.136', '0.068']
    Lower Shadows (%): ['0.342', '0.000', '0.136', '0.406']
Volumes: [np.float64(160936.0), np.float64(247642.0), np.float64(271971.0), np.float64(280999.0)]
2025-05-10 10:35:33,886 - INFO - 
2. Post-Cross Movement (30min):
5min Price Changes (%): ['-0.272']
Maximum Change: -0.272% after 5 minutes
Candle Analysis:
    Body Sizes (%): ['0.340']
    Upper Shadows (%): ['0.000']
    Lower Shadows (%): ['0.000']
Volumes: [np.float64(8068.0)]
==================================================
2025-05-10 10:35:34,763 - INFO - 
==================================================
EMA Cross Analysis - LINK/USDT
Time: 2025-05-10 10:35:00+09:00
Type: golden
Cross Character (Current): Weak
Cross Character (New): Weak
Price at Cross: 16.073

1. Pre-Cross Pattern (15min):
EMA Distance Changes (%): ['0.088', '0.046', '0.007', '0.019']
EMA12 Changes (%): ['0.040', '0.070', '0.069', '0.048']
Price Changes (%): ['0.394', '0.231', '0.062', '-0.062']
Candle Analysis:
    Body Sizes (%): ['0.401', '0.231', '0.068', '0.056']
    Upper Shadows (%): ['0.056', '0.019', '0.000', '0.044']
    Lower Shadows (%): ['0.006', '0.218', '0.274', '0.006']
Volumes: [np.float64(57338.52), np.float64(87024.63), np.float64(48912.79), np.float64(4434.12)]
2025-05-10 10:35:34,763 - INFO - 
2. Post-Cross Movement (30min):
5min Price Changes (%): []
Maximum Change: 0.000% after 0 minutes
Candle Analysis:
    Body Sizes (%): []
    Upper Shadows (%): []
    Lower Shadows (%): []
Volumes: []
==================================================
2025-05-10 10:35:36,158 - INFO - 
==================================================
EMA Cross Analysis - DOGE/USDT
Time: 2025-05-10 10:30:00+09:00
Type: golden
Cross Character (Current): Weak
Cross Character (New): Weak
Price at Cross: 0.20639

1. Pre-Cross Pattern (15min):
EMA Distance Changes (%): ['0.117', '0.079', '0.036', '0.013']
EMA12 Changes (%): ['-0.005', '0.057', '0.070', '0.090']
Price Changes (%): ['0.289', '0.400', '0.141', '0.199']
Candle Analysis:
    Body Sizes (%): ['0.294', '0.405', '0.146', '0.204']
    Upper Shadows (%): ['0.098', '0.132', '0.019', '0.015']
    Lower Shadows (%): ['0.024', '0.015', '0.063', '0.194']
Volumes: [np.float64(9442135.0), np.float64(17000855.0), np.float64(8114621.0), np.float64(12002376.0)]
2025-05-10 10:35:36,158 - INFO - 
2. Post-Cross Movement (30min):
5min Price Changes (%): ['0.102']
Maximum Change: 0.102% after 5 minutes
Candle Analysis:
    Body Sizes (%): ['0.102']
    Upper Shadows (%): ['0.131']
    Lower Shadows (%): ['0.000']
Volumes: [np.float64(7005930.0)]
==================================================
2025-05-10 10:35:39,208 - INFO - 
==================================================
EMA Cross Analysis - RENDER/USDT
Time: 2025-05-10 10:35:00+09:00
Type: golden
Cross Character (Current): Weak
Cross Character (New): Weak
Price at Cross: 5.0

1. Pre-Cross Pattern (15min):
EMA Distance Changes (%): ['0.130', '0.084', '0.029', '0.012']
EMA12 Changes (%): ['0.062', '0.071', '0.094', '0.076']
Price Changes (%): ['0.464', '0.120', '0.220', '-0.020']
Candle Analysis:
    Body Sizes (%): ['0.484', '0.140', '0.261', '0.040']
    Upper Shadows (%): ['0.040', '0.020', '0.020', '0.040']
    Lower Shadows (%): ['0.000', '0.080', '0.221', '0.060']
Volumes: [np.float64(21674.2), np.float64(12299.2), np.float64(28781.1), np.float64(1305.1)]
2025-05-10 10:35:39,208 - INFO - 
2. Post-Cross Movement (30min):
5min Price Changes (%): []
Maximum Change: 0.000% after 0 minutes
Candle Analysis:
    Body Sizes (%): []
    Upper Shadows (%): []
    Lower Shadows (%): []
Volumes: []
==================================================
2025-05-10 10:35:43,007 - INFO - 
==================================================
EMA Cross Analysis - MELANIA/USDT
Time: 2025-05-10 10:35:00+09:00
Type: golden
Cross Character (Current): Weak
Cross Character (New): Weak
Price at Cross: 0.38

1. Pre-Cross Pattern (15min):
EMA Distance Changes (%): ['0.095', '0.072', '0.014', '0.030']
EMA12 Changes (%): ['0.020', '0.029', '0.102', '0.082']
Price Changes (%): ['-0.079', '0.079', '0.502', '-0.026']
Candle Analysis:
    Body Sizes (%): ['0.079', '0.106', '0.529', '0.000']
    Upper Shadows (%): ['0.132', '0.185', '0.000', '0.053']
    Lower Shadows (%): ['0.079', '0.344', '0.370', '0.026']
Volumes: [np.float64(165583.29), np.float64(146147.91), np.float64(127938.7), np.float64(31699.67)]
2025-05-10 10:35:43,007 - INFO - 
2. Post-Cross Movement (30min):
5min Price Changes (%): []
Maximum Change: 0.000% after 0 minutes
Candle Analysis:
    Body Sizes (%): []
    Upper Shadows (%): []
    Lower Shadows (%): []
Volumes: []
==================================================
2025-05-10 10:40:13,522 - INFO - 
==================================================
EMA Cross Analysis - LINK/USDT
Time: 2025-05-10 10:40:00+09:00
Type: golden
Cross Character (Current): Weak
Cross Character (New): Weak
Price at Cross: 16.048

1. Pre-Cross Pattern (15min):
EMA Distance Changes (%): ['0.046', '0.007', '0.005', '0.008']
EMA12 Changes (%): ['0.070', '0.069', '0.003', '0.024']
Price Changes (%): ['0.231', '0.062', '-0.354', '0.137']
Candle Analysis:
    Body Sizes (%): ['0.231', '0.068', '0.348', '0.131']
    Upper Shadows (%): ['0.019', '0.000', '0.044', '0.000']
    Lower Shadows (%): ['0.218', '0.274', '0.019', '0.025']
Volumes: [np.float64(87024.63), np.float64(48912.79), np.float64(81111.42), np.float64(6955.31)]
2025-05-10 10:40:13,522 - INFO - 
2. Post-Cross Movement (30min):
5min Price Changes (%): []
Maximum Change: 0.000% after 0 minutes
Candle Analysis:
    Body Sizes (%): []
    Upper Shadows (%): []
    Lower Shadows (%): []
Volumes: []
==================================================
2025-05-10 10:40:18,030 - INFO - 
==================================================
EMA Cross Analysis - RENDER/USDT
Time: 2025-05-10 10:35:00+09:00
Type: golden
Cross Character (Current): Weak
Cross Character (New): Weak
Price at Cross: 5.004

1. Pre-Cross Pattern (15min):
EMA Distance Changes (%): ['0.130', '0.084', '0.029', '0.019']
EMA12 Changes (%): ['0.062', '0.071', '0.094', '0.089']
Price Changes (%): ['0.464', '0.120', '0.220', '0.060']
Candle Analysis:
    Body Sizes (%): ['0.484', '0.140', '0.261', '0.040']
    Upper Shadows (%): ['0.040', '0.020', '0.020', '0.100']
    Lower Shadows (%): ['0.000', '0.080', '0.221', '0.100']
Volumes: [np.float64(21674.2), np.float64(12299.2), np.float64(28781.1), np.float64(46466.1)]
2025-05-10 10:40:18,030 - INFO - 
2. Post-Cross Movement (30min):
5min Price Changes (%): ['-0.060']
Maximum Change: -0.060% after 5 minutes
Candle Analysis:
    Body Sizes (%): ['0.060']
    Upper Shadows (%): ['0.000']
    Lower Shadows (%): ['0.080']
Volumes: [np.float64(3268.0)]
==================================================
2025-05-10 10:40:21,827 - INFO - 
==================================================
EMA Cross Analysis - MELANIA/USDT
Time: 2025-05-10 10:35:00+09:00
Type: golden
Cross Character (Current): Weak
Cross Character (New): Weak
Price at Cross: 0.379

1. Pre-Cross Pattern (15min):
EMA Distance Changes (%): ['0.095', '0.072', '0.014', '0.009']
EMA12 Changes (%): ['0.020', '0.029', '0.102', '0.042']
Price Changes (%): ['-0.079', '0.079', '0.502', '-0.289']
Candle Analysis:
    Body Sizes (%): ['0.079', '0.106', '0.529', '0.263']
    Upper Shadows (%): ['0.132', '0.185', '0.000', '0.368']
    Lower Shadows (%): ['0.079', '0.344', '0.370', '0.000']
Volumes: [np.float64(165583.29), np.float64(146147.91), np.float64(127938.7), np.float64(375240.03)]
2025-05-10 10:40:21,827 - INFO - 
2. Post-Cross Movement (30min):
5min Price Changes (%): ['0.026']
Maximum Change: 0.026% after 5 minutes
Candle Analysis:
    Body Sizes (%): ['0.026']
    Upper Shadows (%): ['0.000']
    Lower Shadows (%): ['0.000']
Volumes: [np.float64(6445.55)]
==================================================
2025-05-10 10:46:00,325 - INFO - 
==================================================
EMA Cross Analysis - HIPPO/USDT
Time: 2025-05-10 10:45:00+09:00
Type: dead
Cross Character (Current): Weak
Cross Character (New): Strong
Price at Cross: 0.002875

1. Pre-Cross Pattern (15min):
EMA Distance Changes (%): ['1.552', '1.396', '0.572', '0.256']
EMA12 Changes (%): ['0.141', '-0.121', '-1.479', '-1.387']
Price Changes (%): ['-0.523', '-1.545', '-9.008', '-0.828']
Candle Analysis:
    Body Sizes (%): ['0.492', '1.545', '9.094', '0.862']
    Upper Shadows (%): ['0.000', '0.124', '0.031', '0.655']
    Lower Shadows (%): ['0.923', '0.000', '9.564', '1.483']
Volumes: [np.float64(18163575.0), np.float64(26738612.0), np.float64(968970220.0), np.float64(180326597.0)]
2025-05-10 10:46:00,325 - INFO - 
2. Post-Cross Movement (30min):
5min Price Changes (%): []
Maximum Change: 0.000% after 0 minutes
Candle Analysis:
    Body Sizes (%): []
    Upper Shadows (%): []
    Lower Shadows (%): []
Volumes: []
==================================================
2025-05-10 10:46:02,578 - INFO - 
==================================================
EMA Cross Analysis - ORDI/USDT
Time: 2025-05-10 10:45:00+09:00
Type: dead
Cross Character (Current): Weak
Cross Character (New): Weak
Price at Cross: 9.286

1. Pre-Cross Pattern (15min):
EMA Distance Changes (%): ['0.105', '0.083', '0.011', '0.015']
EMA12 Changes (%): ['0.017', '-0.027', '-0.127', '-0.050']
Price Changes (%): ['-0.160', '-0.268', '-0.676', '0.378']
Candle Analysis:
    Body Sizes (%): ['0.150', '0.289', '0.666', '0.357']
    Upper Shadows (%): ['0.000', '0.054', '0.268', '0.032']
    Lower Shadows (%): ['0.652', '0.161', '0.000', '0.032']
Volumes: [np.float64(34275.1), np.float64(15006.8), np.float64(25871.2), np.float64(5857.3)]
2025-05-10 10:46:02,578 - INFO - 
2. Post-Cross Movement (30min):
5min Price Changes (%): []
Maximum Change: 0.000% after 0 minutes
Candle Analysis:
    Body Sizes (%): []
    Upper Shadows (%): []
    Lower Shadows (%): []
Volumes: []
==================================================
2025-05-10 10:50:39,439 - INFO - 
==================================================
EMA Cross Analysis - HIPPO/USDT
Time: 2025-05-10 10:45:00+09:00
Type: dead
Cross Character (Current): Weak
Cross Character (New): Weak
Price at Cross: 0.002699

1. Pre-Cross Pattern (15min):
EMA Distance Changes (%): ['1.552', '1.396', '0.572', '0.793']
EMA12 Changes (%): ['0.141', '-0.121', '-1.479', '-2.244']
Price Changes (%): ['-0.523', '-1.545', '-9.008', '-6.899']
Candle Analysis:
    Body Sizes (%): ['0.492', '1.545', '9.094', '6.931']
    Upper Shadows (%): ['0.000', '0.124', '0.031', '0.655']
    Lower Shadows (%): ['0.923', '0.000', '9.564', '3.000']
Volumes: [np.float64(18163575.0), np.float64(26738612.0), np.float64(968970220.0), np.float64(666050384.0)]
2025-05-10 10:50:39,439 - INFO - 
2. Post-Cross Movement (30min):
5min Price Changes (%): ['-2.890']
Maximum Change: -2.890% after 5 minutes
Candle Analysis:
    Body Sizes (%): ['2.854']
    Upper Shadows (%): ['0.778']
    Lower Shadows (%): ['0.704']
Volumes: [np.float64(46660655.0)]
==================================================
2025-05-10 10:50:40,677 - INFO - 
==================================================
EMA Cross Analysis - FXS/USDT
Time: 2025-05-10 10:45:00+09:00
Type: dead
Cross Character (Current): Weak
Cross Character (New): Weak
Price at Cross: 2.4449

1. Pre-Cross Pattern (15min):
EMA Distance Changes (%): ['0.123', '0.100', '0.057', '0.034']
EMA12 Changes (%): ['-0.041', '-0.026', '-0.069', '-0.166']
Price Changes (%): ['0.134', '0.057', '-0.304', '-0.707']
Candle Analysis:
    Body Sizes (%): ['0.118', '0.008', '0.300', '0.723']
    Upper Shadows (%): ['0.324', '0.190', '0.121', '0.016']
    Lower Shadows (%): ['0.207', '0.146', '0.158', '0.028']
Volumes: [np.float64(5320.2), np.float64(1787.9), np.float64(5028.0), np.float64(7262.8)]
2025-05-10 10:50:40,678 - INFO - 
2. Post-Cross Movement (30min):
5min Price Changes (%): ['-0.078']
Maximum Change: -0.078% after 5 minutes
Candle Analysis:
    Body Sizes (%): ['0.123']
    Upper Shadows (%): ['0.000']
    Lower Shadows (%): ['0.078']
Volumes: [np.float64(495.3)]
==================================================
2025-05-10 10:50:42,294 - INFO - 
==================================================
EMA Cross Analysis - PHA/USDT
Time: 2025-05-10 10:50:00+09:00
Type: dead
Cross Character (Current): Weak
Cross Character (New): Weak
Price at Cross: 0.13911

1. Pre-Cross Pattern (15min):
EMA Distance Changes (%): ['0.289', '0.199', '0.085', '0.044']
EMA12 Changes (%): ['0.019', '-0.137', '-0.191', '-0.234']
Price Changes (%): ['0.162', '-0.994', '-0.491', '-0.472']
Candle Analysis:
    Body Sizes (%): ['0.155', '1.029', '0.449', '0.494']
    Upper Shadows (%): ['0.078', '0.162', '0.427', '0.079']
    Lower Shadows (%): ['0.191', '0.035', '0.100', '0.000']
Volumes: [np.float64(41838.0), np.float64(186581.0), np.float64(83183.0), np.float64(56252.0)]
2025-05-10 10:50:42,294 - INFO - 
2. Post-Cross Movement (30min):
5min Price Changes (%): []
Maximum Change: 0.000% after 0 minutes
Candle Analysis:
    Body Sizes (%): []
    Upper Shadows (%): []
    Lower Shadows (%): []
Volumes: []
==================================================
2025-05-10 10:50:42,510 - INFO - 
==================================================
EMA Cross Analysis - ORDI/USDT
Time: 2025-05-10 10:45:00+09:00
Type: dead
Cross Character (Current): Weak
Cross Character (New): Weak
Price at Cross: 9.202

1. Pre-Cross Pattern (15min):
EMA Distance Changes (%): ['0.105', '0.083', '0.011', '0.088']
EMA12 Changes (%): ['0.017', '-0.027', '-0.127', '-0.188']
Price Changes (%): ['-0.160', '-0.268', '-0.676', '-0.530']
Candle Analysis:
    Body Sizes (%): ['0.150', '0.289', '0.666', '0.551']
    Upper Shadows (%): ['0.000', '0.054', '0.268', '0.476']
    Lower Shadows (%): ['0.652', '0.161', '0.000', '0.162']
Volumes: [np.float64(34275.1), np.float64(15006.8), np.float64(25871.2), np.float64(23484.3)]
2025-05-10 10:50:42,510 - INFO - 
2. Post-Cross Movement (30min):
5min Price Changes (%): ['-0.598']
Maximum Change: -0.598% after 5 minutes
Candle Analysis:
    Body Sizes (%): ['0.608']
    Upper Shadows (%): ['0.000']
    Lower Shadows (%): ['0.109']
Volumes: [np.float64(14422.0)]
==================================================
2025-05-10 10:50:44,476 - INFO - 
==================================================
EMA Cross Analysis - THETA/USDT
Time: 2025-05-10 10:50:00+09:00
Type: dead
Cross Character (Current): Weak
Cross Character (New): Weak
Price at Cross: 0.8964

1. Pre-Cross Pattern (15min):
EMA Distance Changes (%): ['0.163', '0.122', '0.051', '0.036']
EMA12 Changes (%): ['0.040', '-0.056', '-0.121', '-0.158']
Price Changes (%): ['-0.362', '-0.583', '-0.476', '-0.367']
Candle Analysis:
    Body Sizes (%): ['0.351', '0.572', '0.465', '0.389']
    Upper Shadows (%): ['0.110', '0.132', '0.431', '0.022']
    Lower Shadows (%): ['0.208', '0.198', '0.089', '0.000']
Volumes: [np.float64(164664.8), np.float64(240561.5), np.float64(79488.8), np.float64(25700.1)]
2025-05-10 10:50:44,476 - INFO - 
2. Post-Cross Movement (30min):
5min Price Changes (%): []
Maximum Change: 0.000% after 0 minutes
Candle Analysis:
    Body Sizes (%): []
    Upper Shadows (%): []
    Lower Shadows (%): []
Volumes: []
==================================================
2025-05-10 10:50:45,352 - INFO - 
==================================================
EMA Cross Analysis - ADA/USDT
Time: 2025-05-10 10:50:00+09:00
Type: dead
Cross Character (Current): Weak
Cross Character (New): Weak
Price at Cross: 0.7753

1. Pre-Cross Pattern (15min):
EMA Distance Changes (%): ['0.061', '0.052', '0.016', '0.028']
EMA12 Changes (%): ['0.036', '-0.009', '-0.061', '-0.083']
Price Changes (%): ['-0.179', '-0.256', '-0.346', '-0.206']
Candle Analysis:
    Body Sizes (%): ['0.179', '0.269', '0.359', '0.219']
    Upper Shadows (%): ['0.077', '0.115', '0.282', '0.013']
    Lower Shadows (%): ['0.089', '0.026', '0.090', '0.026']
Volumes: [np.float64(1672004.0), np.float64(1531883.0), np.float64(2376679.0), np.float64(629173.0)]
2025-05-10 10:50:45,352 - INFO - 
2. Post-Cross Movement (30min):
5min Price Changes (%): []
Maximum Change: 0.000% after 0 minutes
Candle Analysis:
    Body Sizes (%): []
    Upper Shadows (%): []
    Lower Shadows (%): []
Volumes: []
==================================================
2025-05-10 10:50:45,786 - INFO - 
==================================================
EMA Cross Analysis - RENDER/USDT
Time: 2025-05-10 10:50:00+09:00
Type: dead
Cross Character (Current): Weak
Cross Character (New): Weak
Price at Cross: 4.963

1. Pre-Cross Pattern (15min):
EMA Distance Changes (%): ['0.019', '0.032', '0.028', '0.003']
EMA12 Changes (%): ['0.089', '0.029', '-0.004', '-0.056']
Price Changes (%): ['0.060', '-0.300', '-0.180', '-0.341']
Candle Analysis:
    Body Sizes (%): ['0.040', '0.300', '0.160', '0.341']
    Upper Shadows (%): ['0.100', '0.160', '0.501', '0.000']
    Lower Shadows (%): ['0.100', '0.060', '0.060', '0.020']
Volumes: [np.float64(46466.1), np.float64(22697.4), np.float64(31785.2), np.float64(3806.9)]
2025-05-10 10:50:45,786 - INFO - 
2. Post-Cross Movement (30min):
5min Price Changes (%): []
Maximum Change: 0.000% after 0 minutes
Candle Analysis:
    Body Sizes (%): []
    Upper Shadows (%): []
    Lower Shadows (%): []
Volumes: []
==================================================
2025-05-10 10:50:47,690 - INFO - 
==================================================
EMA Cross Analysis - HIVE/USDT
Time: 2025-05-10 10:45:00+09:00
Type: dead
Cross Character (Current): Weak
Cross Character (New): Weak
Price at Cross: 0.2609

1. Pre-Cross Pattern (15min):
EMA Distance Changes (%): ['0.038', '0.056', '0.044', '0.006']
EMA12 Changes (%): ['0.046', '0.041', '-0.015', '-0.090']
Price Changes (%): ['-0.178', '0.011', '-0.323', '-0.500']
Candle Analysis:
    Body Sizes (%): ['0.178', '0.034', '0.327', '0.443']
    Upper Shadows (%): ['0.000', '0.053', '0.000', '0.206']
    Lower Shadows (%): ['0.417', '0.171', '0.220', '0.015']
Volumes: [np.float64(67297.0), np.float64(23627.0), np.float64(39378.0), np.float64(66449.0)]
2025-05-10 10:50:47,690 - INFO - 
2. Post-Cross Movement (30min):
5min Price Changes (%): ['-0.230']
Maximum Change: -0.230% after 5 minutes
Candle Analysis:
    Body Sizes (%): ['0.245']
    Upper Shadows (%): ['0.000']
    Lower Shadows (%): ['0.000']
Volumes: [np.float64(12274.0)]
==================================================
2025-05-10 10:50:49,475 - INFO - 
==================================================
EMA Cross Analysis - MELANIA/USDT
Time: 2025-05-10 10:45:00+09:00
Type: dead
Cross Character (Current): Weak
Cross Character (New): Weak
Price at Cross: 0.3742

1. Pre-Cross Pattern (15min):
EMA Distance Changes (%): ['0.014', '0.009', '0.003', '0.080']
EMA12 Changes (%): ['0.102', '0.042', '-0.010', '-0.159']
Price Changes (%): ['0.502', '-0.289', '-0.290', '-0.979']
Candle Analysis:
    Body Sizes (%): ['0.529', '0.263', '0.290', '0.953']
    Upper Shadows (%): ['0.000', '0.368', '0.185', '0.741']
    Lower Shadows (%): ['0.370', '0.000', '0.396', '0.132']
Volumes: [np.float64(127938.7), np.float64(375240.03), np.float64(440332.57), np.float64(462148.1)]
2025-05-10 10:50:49,475 - INFO - 
2. Post-Cross Movement (30min):
5min Price Changes (%): ['-0.080']
Maximum Change: -0.080% after 5 minutes
Candle Analysis:
    Body Sizes (%): ['0.107']
    Upper Shadows (%): ['0.134']
    Lower Shadows (%): ['0.134']
Volumes: [np.float64(146573.21)]
==================================================
2025-05-10 10:55:18,014 - INFO - 
==================================================
EMA Cross Analysis - BOME/USDT
Time: 2025-05-10 10:50:00+09:00
Type: dead
Cross Character (Current): Weak
Cross Character (New): Strong
Price at Cross: 0.002045

1. Pre-Cross Pattern (15min):
EMA Distance Changes (%): ['0.375', '0.340', '0.192', '0.042']
EMA12 Changes (%): ['0.125', '-0.018', '-0.242', '-0.417']
Price Changes (%): ['0.236', '-0.801', '-1.473', '-1.398']
Candle Analysis:
    Body Sizes (%): ['0.189', '0.801', '1.426', '1.398']
    Upper Shadows (%): ['0.708', '0.518', '0.618', '0.000']
    Lower Shadows (%): ['0.472', '0.330', '0.238', '0.964']
Volumes: [np.float64(283401272.0), np.float64(211790094.0), np.float64(307465854.0), np.float64(441947709.0)]
2025-05-10 10:55:18,014 - INFO - 
2. Post-Cross Movement (30min):
5min Price Changes (%): ['0.196']
Maximum Change: 0.196% after 5 minutes
Candle Analysis:
    Body Sizes (%): ['0.196']
    Upper Shadows (%): ['0.196']
    Lower Shadows (%): ['0.000']
Volumes: [np.float64(9916795.0)]
==================================================
2025-05-10 10:55:21,228 - INFO - 
==================================================
EMA Cross Analysis - PHA/USDT
Time: 2025-05-10 10:50:00+09:00
Type: dead
Cross Character (Current): Weak
Cross Character (New): Weak
Price at Cross: 0.13895

1. Pre-Cross Pattern (15min):
EMA Distance Changes (%): ['0.289', '0.199', '0.085', '0.053']
EMA12 Changes (%): ['0.019', '-0.137', '-0.191', '-0.251']
Price Changes (%): ['0.162', '-0.994', '-0.491', '-0.587']
Candle Analysis:
    Body Sizes (%): ['0.155', '1.029', '0.449', '0.608']
    Upper Shadows (%): ['0.078', '0.162', '0.427', '0.079']
    Lower Shadows (%): ['0.191', '0.035', '0.100', '0.615']
Volumes: [np.float64(41838.0), np.float64(186581.0), np.float64(83183.0), np.float64(340604.0)]
2025-05-10 10:55:21,228 - INFO - 
2. Post-Cross Movement (30min):
5min Price Changes (%): ['0.122']
Maximum Change: 0.122% after 5 minutes
Candle Analysis:
    Body Sizes (%): ['0.209']
    Upper Shadows (%): ['0.022']
    Lower Shadows (%): ['0.000']
Volumes: [np.float64(7032.0)]
==================================================
2025-05-10 10:55:22,100 - INFO - 
==================================================
EMA Cross Analysis - GALA/USDT
Time: 2025-05-10 10:55:00+09:00
Type: dead
Cross Character (Current): Weak
Cross Character (New): Weak
Price at Cross: 0.01953

1. Pre-Cross Pattern (15min):
EMA Distance Changes (%): ['0.148', '0.098', '0.029', '0.013']
EMA12 Changes (%): ['-0.080', '-0.075', '-0.119', '-0.077']
Price Changes (%): ['-0.911', '-0.051', '-0.358', '0.154']
Candle Analysis:
    Body Sizes (%): ['0.861', '0.102', '0.409', '0.154']
    Upper Shadows (%): ['0.101', '0.613', '0.051', '0.051']
    Lower Shadows (%): ['0.000', '0.255', '0.358', '0.051']
Volumes: [np.float64(8528677.0), np.float64(17170521.0), np.float64(24516254.0), np.float64(254272.0)]
2025-05-10 10:55:22,100 - INFO - 
2. Post-Cross Movement (30min):
5min Price Changes (%): []
Maximum Change: 0.000% after 0 minutes
Candle Analysis:
    Body Sizes (%): []
    Upper Shadows (%): []
    Lower Shadows (%): []
Volumes: []
==================================================
2025-05-10 10:55:23,403 - INFO - 
==================================================
EMA Cross Analysis - THETA/USDT
Time: 2025-05-10 10:50:00+09:00
Type: dead
Cross Character (Current): Weak
Cross Character (New): Weak
Price at Cross: 0.8982

1. Pre-Cross Pattern (15min):
EMA Distance Changes (%): ['0.163', '0.122', '0.051', '0.020']
EMA12 Changes (%): ['0.040', '-0.056', '-0.121', '-0.128']
Price Changes (%): ['-0.362', '-0.583', '-0.476', '-0.167']
Candle Analysis:
    Body Sizes (%): ['0.351', '0.572', '0.465', '0.189']
    Upper Shadows (%): ['0.110', '0.132', '0.431', '0.022']
    Lower Shadows (%): ['0.208', '0.198', '0.089', '0.556']
Volumes: [np.float64(164664.8), np.float64(240561.5), np.float64(79488.8), np.float64(175879.7)]
2025-05-10 10:55:23,403 - INFO - 
2. Post-Cross Movement (30min):
5min Price Changes (%): ['0.134']
Maximum Change: 0.134% after 5 minutes
Candle Analysis:
    Body Sizes (%): ['0.122']
    Upper Shadows (%): ['0.000']
    Lower Shadows (%): ['0.045']
Volumes: [np.float64(10687.1)]
==================================================
2025-05-10 10:55:24,274 - INFO - 
==================================================
EMA Cross Analysis - ADA/USDT
Time: 2025-05-10 10:50:00+09:00
Type: dead
Cross Character (Current): Weak
Cross Character (New): Weak
Price at Cross: 0.7761

1. Pre-Cross Pattern (15min):
EMA Distance Changes (%): ['0.061', '0.052', '0.016', '0.020']
EMA12 Changes (%): ['0.036', '-0.009', '-0.061', '-0.068']
Price Changes (%): ['-0.179', '-0.256', '-0.346', '-0.103']
Candle Analysis:
    Body Sizes (%): ['0.179', '0.269', '0.359', '0.116']
    Upper Shadows (%): ['0.077', '0.115', '0.282', '0.013']
    Lower Shadows (%): ['0.089', '0.026', '0.090', '0.283']
Volumes: [np.float64(1672004.0), np.float64(1531883.0), np.float64(2376679.0), np.float64(2120469.0)]
2025-05-10 10:55:24,274 - INFO - 
2. Post-Cross Movement (30min):
5min Price Changes (%): ['0.142']
Maximum Change: 0.142% after 5 minutes
Candle Analysis:
    Body Sizes (%): ['0.155']
    Upper Shadows (%): ['0.013']
    Lower Shadows (%): ['0.000']
Volumes: [np.float64(143246.0)]
==================================================
2025-05-10 10:55:24,712 - INFO - 
==================================================
EMA Cross Analysis - RENDER/USDT
Time: 2025-05-10 10:50:00+09:00
Type: dead
Cross Character (Current): Weak
Cross Character (New): Weak
Price at Cross: 4.956

1. Pre-Cross Pattern (15min):
EMA Distance Changes (%): ['0.019', '0.032', '0.028', '0.014']
EMA12 Changes (%): ['0.089', '0.029', '-0.004', '-0.077']
Price Changes (%): ['0.060', '-0.300', '-0.180', '-0.482']
Candle Analysis:
    Body Sizes (%): ['0.040', '0.300', '0.160', '0.482']
    Upper Shadows (%): ['0.100', '0.160', '0.501', '0.000']
    Lower Shadows (%): ['0.100', '0.060', '0.060', '0.201']
Volumes: [np.float64(46466.1), np.float64(22697.4), np.float64(31785.2), np.float64(23849.9)]
2025-05-10 10:55:24,712 - INFO - 
2. Post-Cross Movement (30min):
5min Price Changes (%): ['0.121']
Maximum Change: 0.121% after 5 minutes
Candle Analysis:
    Body Sizes (%): ['0.141']
    Upper Shadows (%): ['0.040']
    Lower Shadows (%): ['0.000']
Volumes: [np.float64(5635.7)]
==================================================
2025-05-10 10:55:25,146 - INFO - 
==================================================
EMA Cross Analysis - AIXBT/USDT
Time: 2025-05-10 10:55:00+09:00
Type: dead
Cross Character (Current): Strong
Cross Character (New): Weak
Price at Cross: 0.21656

1. Pre-Cross Pattern (15min):
EMA Distance Changes (%): ['0.446', '0.292', '0.034', '0.147']
EMA12 Changes (%): ['-0.093', '-0.238', '-0.451', '-0.336']
Price Changes (%): ['-1.759', '-1.037', '-1.640', '0.315']
Candle Analysis:
    Body Sizes (%): ['1.754', '1.015', '1.640', '0.306']
    Upper Shadows (%): ['0.000', '0.483', '0.068', '0.134']
    Lower Shadows (%): ['0.018', '0.171', '0.364', '0.000']
Volumes: [np.float64(1537971.0), np.float64(1793815.0), np.float64(4082766.0), np.float64(127986.0)]
2025-05-10 10:55:25,146 - INFO - 
2. Post-Cross Movement (30min):
5min Price Changes (%): []
Maximum Change: 0.000% after 0 minutes
Candle Analysis:
    Body Sizes (%): []
    Upper Shadows (%): []
    Lower Shadows (%): []
Volumes: []
==================================================
2025-05-10 11:01:11,119 - INFO - 
==================================================
EMA Cross Analysis - DOGE/USDT
Time: 2025-05-10 11:00:00+09:00
Type: dead
Cross Character (Current): Weak
Cross Character (New): Weak
Price at Cross: 0.20501

1. Pre-Cross Pattern (15min):
EMA Distance Changes (%): ['0.042', '0.016', '0.002', '0.013']
EMA12 Changes (%): ['-0.027', '-0.043', '-0.025', '-0.028']
Price Changes (%): ['-0.335', '-0.132', '0.073', '-0.044']
Candle Analysis:
    Body Sizes (%): ['0.330', '0.132', '0.078', '0.044']
    Upper Shadows (%): ['0.277', '0.005', '0.224', '0.107']
    Lower Shadows (%): ['0.102', '0.302', '0.000', '0.015']
Volumes: [np.float64(16885319.0), np.float64(21558484.0), np.float64(13893585.0), np.float64(1608061.0)]
2025-05-10 11:01:11,119 - INFO - 
2. Post-Cross Movement (30min):
5min Price Changes (%): []
Maximum Change: 0.000% after 0 minutes
Candle Analysis:
    Body Sizes (%): []
    Upper Shadows (%): []
    Lower Shadows (%): []
Volumes: []
==================================================
2025-05-10 11:01:11,552 - INFO - 
==================================================
EMA Cross Analysis - GALA/USDT
Time: 2025-05-10 10:55:00+09:00
Type: dead
Cross Character (Current): Weak
Cross Character (New): Weak
Price at Cross: 0.01951

1. Pre-Cross Pattern (15min):
EMA Distance Changes (%): ['0.148', '0.098', '0.029', '0.021']
EMA12 Changes (%): ['-0.080', '-0.075', '-0.119', '-0.093']
Price Changes (%): ['-0.911', '-0.051', '-0.358', '0.051']
Candle Analysis:
    Body Sizes (%): ['0.861', '0.102', '0.409', '0.051']
    Upper Shadows (%): ['0.101', '0.613', '0.051', '0.564']
    Lower Shadows (%): ['0.000', '0.255', '0.358', '0.051']
Volumes: [np.float64(8528677.0), np.float64(17170521.0), np.float64(24516254.0), np.float64(4196785.0)]
2025-05-10 11:01:11,553 - INFO - 
2. Post-Cross Movement (30min):
5min Price Changes (%): ['0.154']
Maximum Change: 0.154% after 5 minutes
Candle Analysis:
    Body Sizes (%): ['0.154']
    Upper Shadows (%): ['0.308']
    Lower Shadows (%): ['0.103']
Volumes: [np.float64(1626009.0)]
==================================================
2025-05-10 11:05:48,996 - INFO - 
==================================================
EMA Cross Analysis - DOGE/USDT
Time: 2025-05-10 11:00:00+09:00
Type: dead
Cross Character (Current): Weak
Cross Character (New): Weak
Price at Cross: 0.20501

1. Pre-Cross Pattern (15min):
EMA Distance Changes (%): ['0.042', '0.016', '0.002', '0.013']
EMA12 Changes (%): ['-0.027', '-0.043', '-0.025', '-0.028']
Price Changes (%): ['-0.335', '-0.132', '0.073', '-0.044']
Candle Analysis:
    Body Sizes (%): ['0.330', '0.132', '0.078', '0.044']
    Upper Shadows (%): ['0.277', '0.005', '0.224', '0.258']
    Lower Shadows (%): ['0.102', '0.302', '0.000', '0.141']
Volumes: [np.float64(16885319.0), np.float64(21558484.0), np.float64(13893585.0), np.float64(10118168.0)]
2025-05-10 11:05:48,996 - INFO - 
2. Post-Cross Movement (30min):
5min Price Changes (%): ['0.200']
Maximum Change: 0.200% after 5 minutes
Candle Analysis:
    Body Sizes (%): ['0.190']
    Upper Shadows (%): ['0.010']
    Lower Shadows (%): ['0.000']
Volumes: [np.float64(1586419.0)]
==================================================
2025-05-10 11:05:50,306 - INFO - 
==================================================
EMA Cross Analysis - ZRO/USDT
Time: 2025-05-10 11:05:00+09:00
Type: dead
Cross Character (Current): Weak
Cross Character (New): Weak
Price at Cross: 3.011

1. Pre-Cross Pattern (15min):
EMA Distance Changes (%): ['0.217', '0.110', '0.010', '0.055']
EMA12 Changes (%): ['-0.158', '-0.175', '-0.175', '-0.124']
Price Changes (%): ['0.000', '-0.268', '-0.173', '0.160']
Candle Analysis:
    Body Sizes (%): ['0.007', '0.268', '0.189', '0.140']
    Upper Shadows (%): ['0.258', '0.321', '0.501', '0.113']
    Lower Shadows (%): ['0.656', '0.159', '0.050', '0.033']
Volumes: [np.float64(74105.7), np.float64(35027.3), np.float64(66177.0), np.float64(8485.7)]
2025-05-10 11:05:50,307 - INFO - 
2. Post-Cross Movement (30min):
5min Price Changes (%): []
Maximum Change: 0.000% after 0 minutes
Candle Analysis:
    Body Sizes (%): []
    Upper Shadows (%): []
    Lower Shadows (%): []
Volumes: []
==================================================
2025-05-10 11:05:51,393 - INFO - 
==================================================
EMA Cross Analysis - XRP/USDT
Time: 2025-05-10 11:00:00+09:00
Type: dead
Cross Character (Current): Weak
Cross Character (New): Weak
Price at Cross: 2.3471

1. Pre-Cross Pattern (15min):
EMA Distance Changes (%): ['0.066', '0.039', '0.020', '0.002']
EMA12 Changes (%): ['-0.048', '-0.044', '-0.031', '-0.039']
Price Changes (%): ['-0.314', '-0.017', '0.038', '-0.081']
Candle Analysis:
    Body Sizes (%): ['0.318', '0.021', '0.043', '0.081']
    Upper Shadows (%): ['0.174', '0.021', '0.204', '0.145']
    Lower Shadows (%): ['0.068', '0.230', '0.000', '0.119']
Volumes: [np.float64(1682457.9), np.float64(1690822.5), np.float64(828657.4), np.float64(1593243.9)]
2025-05-10 11:05:51,393 - INFO - 
2. Post-Cross Movement (30min):
5min Price Changes (%): ['0.136']
Maximum Change: 0.136% after 5 minutes
Candle Analysis:
    Body Sizes (%): ['0.141']
    Upper Shadows (%): ['0.017']
    Lower Shadows (%): ['0.013']
Volumes: [np.float64(230342.5)]
==================================================
2025-05-10 11:10:28,724 - INFO - 
==================================================
EMA Cross Analysis - ZRO/USDT
Time: 2025-05-10 11:05:00+09:00
Type: dead
Cross Character (Current): Weak
Cross Character (New): Weak
Price at Cross: 3.0284

1. Pre-Cross Pattern (15min):
EMA Distance Changes (%): ['0.217', '0.110', '0.010', '0.009']
EMA12 Changes (%): ['-0.158', '-0.175', '-0.175', '-0.036']
Price Changes (%): ['0.000', '-0.268', '-0.173', '0.738']
Candle Analysis:
    Body Sizes (%): ['0.007', '0.268', '0.189', '0.718']
    Upper Shadows (%): ['0.258', '0.321', '0.501', '0.033']
    Lower Shadows (%): ['0.656', '0.159', '0.050', '0.033']
Volumes: [np.float64(74105.7), np.float64(35027.3), np.float64(66177.0), np.float64(33326.2)]
2025-05-10 11:10:28,725 - INFO - 
2. Post-Cross Movement (30min):
5min Price Changes (%): ['0.109']
Maximum Change: 0.109% after 5 minutes
Candle Analysis:
    Body Sizes (%): ['0.106']
    Upper Shadows (%): ['0.030']
    Lower Shadows (%): ['0.013']
Volumes: [np.float64(3455.3)]
==================================================
2025-05-10 11:10:34,037 - INFO - 
==================================================
EMA Cross Analysis - VANA/USDT
Time: 2025-05-10 11:05:00+09:00
Type: golden
Cross Character (Current): Weak
Cross Character (New): Weak
Price at Cross: 6.57

1. Pre-Cross Pattern (15min):
EMA Distance Changes (%): ['0.186', '0.174', '0.137', '0.164']
EMA12 Changes (%): ['-0.099', '-0.006', '0.046', '0.573']
Price Changes (%): ['-0.380', '0.508', '0.332', '3.465']
Candle Analysis:
    Body Sizes (%): ['0.411', '0.540', '0.332', '3.481']
    Upper Shadows (%): ['0.000', '0.397', '0.411', '0.047']
    Lower Shadows (%): ['0.522', '0.000', '0.126', '0.110']
Volumes: [np.float64(11335.69), np.float64(11683.0), np.float64(19813.09), np.float64(170954.89)]
2025-05-10 11:10:34,038 - INFO - 
2. Post-Cross Movement (30min):
5min Price Changes (%): ['-0.304']
Maximum Change: -0.304% after 5 minutes
Candle Analysis:
    Body Sizes (%): ['0.304']
    Upper Shadows (%): ['0.441']
    Lower Shadows (%): ['0.548']
Volumes: [np.float64(65007.79)]
==================================================
2025-05-10 11:15:02,043 - INFO - 
==================================================
EMA Cross Analysis - DOGS/USDT
Time: 2025-05-10 11:15:00+09:00
Type: dead
Cross Character (Current): Strong
Cross Character (New): Weak
Price at Cross: 0.0002114

1. Pre-Cross Pattern (15min):
EMA Distance Changes (%): ['0.256', '0.158', '0.033', '0.062']
EMA12 Changes (%): ['-0.415', '-0.145', '-0.216', '-0.176']
Price Changes (%): ['-0.569', '1.383', '-0.611', '0.047']
Candle Analysis:
    Body Sizes (%): ['0.616', '1.383', '0.611', '0.095']
    Upper Shadows (%): ['1.280', '0.143', '0.188', '0.047']
    Lower Shadows (%): ['0.427', '0.811', '0.282', '0.047']
Volumes: [np.float64(1584803905.0), np.float64(1193270825.0), np.float64(862493047.0), np.float64(3057769.0)]
2025-05-10 11:15:02,043 - INFO - 
2. Post-Cross Movement (30min):
5min Price Changes (%): []
Maximum Change: 0.000% after 0 minutes
Candle Analysis:
    Body Sizes (%): []
    Upper Shadows (%): []
    Lower Shadows (%): []
Volumes: []
==================================================
2025-05-10 11:15:03,622 - INFO - 
==================================================
EMA Cross Analysis - BAKE/USDT
Time: 2025-05-10 11:10:00+09:00
Type: golden
Cross Character (Current): Weak
Cross Character (New): Weak
Price at Cross: 0.1503

1. Pre-Cross Pattern (15min):
EMA Distance Changes (%): ['0.279', '0.292', '0.181', '0.039']
EMA12 Changes (%): ['-0.038', '-0.064', '0.167', '0.404']
Price Changes (%): ['0.690', '-0.205', '1.441', '1.691']
Candle Analysis:
    Body Sizes (%): ['0.690', '0.274', '1.441', '1.760']
    Upper Shadows (%): ['0.276', '0.616', '0.618', '1.083']
    Lower Shadows (%): ['0.000', '0.137', '0.000', '0.135']
Volumes: [np.float64(242567.0), np.float64(312416.0), np.float64(1752672.0), np.float64(5753413.0)]
2025-05-10 11:15:03,622 - INFO - 
2. Post-Cross Movement (30min):
5min Price Changes (%): ['-0.200']
Maximum Change: -0.200% after 5 minutes
Candle Analysis:
    Body Sizes (%): ['0.133']
    Upper Shadows (%): ['0.000']
    Lower Shadows (%): ['0.067']
Volumes: [np.float64(64865.0)]
==================================================
2025-05-10 11:15:06,280 - INFO - 
==================================================
EMA Cross Analysis - GALA/USDT
Time: 2025-05-10 11:10:00+09:00
Type: golden
Cross Character (Current): Weak
Cross Character (New): Weak
Price at Cross: 0.01972

1. Pre-Cross Pattern (15min):
EMA Distance Changes (%): ['0.021', '0.060', '0.009', '0.036']
EMA12 Changes (%): ['-0.093', '-0.078', '0.091', '0.084']
Price Changes (%): ['0.051', '0.000', '1.025', '0.051']
Candle Analysis:
    Body Sizes (%): ['0.051', '0.000', '1.025', '0.051']
    Upper Shadows (%): ['0.564', '0.666', '0.051', '0.101']
    Lower Shadows (%): ['0.051', '0.205', '0.103', '0.304']
Volumes: [np.float64(4196785.0), np.float64(13133684.0), np.float64(18751610.0), np.float64(6045155.0)]
2025-05-10 11:15:06,280 - INFO - 
2. Post-Cross Movement (30min):
5min Price Changes (%): ['0.000']
Maximum Change: 0.000% after 0 minutes
Candle Analysis:
    Body Sizes (%): ['0.000']
    Upper Shadows (%): ['0.000']
    Lower Shadows (%): ['0.051']
Volumes: [np.float64(121045.0)]
==================================================
2025-05-10 11:15:07,585 - INFO - 
==================================================
EMA Cross Analysis - THETA/USDT
Time: 2025-05-10 11:15:00+09:00
Type: golden
Cross Character (Current): Weak
Cross Character (New): Weak
Price at Cross: 0.9083

1. Pre-Cross Pattern (15min):
EMA Distance Changes (%): ['0.101', '0.046', '0.001', '0.032']
EMA12 Changes (%): ['-0.071', '0.091', '0.081', '0.063']
Price Changes (%): ['0.078', '0.989', '0.022', '-0.033']
Candle Analysis:
    Body Sizes (%): ['0.067', '0.989', '0.033', '0.022']
    Upper Shadows (%): ['0.412', '0.022', '0.055', '0.000']
    Lower Shadows (%): ['0.122', '0.044', '0.209', '0.011']
Volumes: [np.float64(88197.1), np.float64(92256.7), np.float64(35458.1), np.float64(170.1)]
2025-05-10 11:15:07,585 - INFO - 
2. Post-Cross Movement (30min):
5min Price Changes (%): []
Maximum Change: 0.000% after 0 minutes
Candle Analysis:
    Body Sizes (%): []
    Upper Shadows (%): []
    Lower Shadows (%): []
Volumes: []
==================================================
2025-05-10 11:15:08,898 - INFO - 
==================================================
EMA Cross Analysis - RENDER/USDT
Time: 2025-05-10 11:10:00+09:00
Type: golden
Cross Character (Current): Weak
Cross Character (New): Weak
Price at Cross: 5.002

1. Pre-Cross Pattern (15min):
EMA Distance Changes (%): ['0.041', '0.058', '0.021', '0.023']
EMA12 Changes (%): ['-0.053', '-0.039', '0.063', '0.081']
Price Changes (%): ['0.081', '0.040', '0.625', '0.180']
Candle Analysis:
    Body Sizes (%): ['0.101', '0.040', '0.665', '0.180']
    Upper Shadows (%): ['0.444', '0.403', '0.000', '0.100']
    Lower Shadows (%): ['0.000', '0.101', '0.020', '0.200']
Volumes: [np.float64(23580.5), np.float64(32297.3), np.float64(27024.5), np.float64(41992.1)]
2025-05-10 11:15:08,898 - INFO - 
2. Post-Cross Movement (30min):
5min Price Changes (%): ['-0.060']
Maximum Change: -0.060% after 5 minutes
Candle Analysis:
    Body Sizes (%): ['0.040']
    Upper Shadows (%): ['0.000']
    Lower Shadows (%): ['0.060']
Volumes: [np.float64(2549.2)]
==================================================
2025-05-10 11:20:49,848 - INFO - 
==================================================
EMA Cross Analysis - DOGS/USDT
Time: 2025-05-10 11:15:00+09:00
Type: dead
Cross Character (Current): Strong
Cross Character (New): Weak
Price at Cross: 0.0002111

1. Pre-Cross Pattern (15min):
EMA Distance Changes (%): ['0.256', '0.158', '0.033', '0.073']
EMA12 Changes (%): ['-0.415', '-0.145', '-0.216', '-0.198']
Price Changes (%): ['-0.569', '1.383', '-0.611', '-0.095']
Candle Analysis:
    Body Sizes (%): ['0.616', '1.383', '0.611', '0.047']
    Upper Shadows (%): ['1.280', '0.143', '0.188', '0.473']
    Lower Shadows (%): ['0.427', '0.811', '0.282', '0.758']
Volumes: [np.float64(1584803905.0), np.float64(1193270825.0), np.float64(862493047.0), np.float64(1056332560.0)]
2025-05-10 11:20:49,848 - INFO - 
2. Post-Cross Movement (30min):
5min Price Changes (%): ['0.521']
Maximum Change: 0.521% after 5 minutes
Candle Analysis:
    Body Sizes (%): ['0.521']
    Upper Shadows (%): ['0.000']
    Lower Shadows (%): ['0.521']
Volumes: [np.float64(526135941.0)]
==================================================
2025-05-10 11:20:50,064 - INFO - 
==================================================
EMA Cross Analysis - BAN/USDT
Time: 2025-05-10 11:20:00+09:00
Type: golden
Cross Character (Current): Strong
Cross Character (New): Strong
Price at Cross: 0.06783

1. Pre-Cross Pattern (15min):
EMA Distance Changes (%): ['0.358', '0.239', '0.136', '0.028']
EMA12 Changes (%): ['0.015', '0.175', '0.164', '0.301']
Price Changes (%): ['0.060', '1.055', '0.104', '1.043']
Candle Analysis:
    Body Sizes (%): ['0.060', '1.070', '0.104', '1.088']
    Upper Shadows (%): ['0.166', '1.251', '0.134', '0.611']
    Lower Shadows (%): ['0.090', '0.060', '0.268', '0.104']
Volumes: [np.float64(303427.0), np.float64(779850.0), np.float64(305073.0), np.float64(558510.0)]
2025-05-10 11:20:50,065 - INFO - 
2. Post-Cross Movement (30min):
5min Price Changes (%): []
Maximum Change: 0.000% after 0 minutes
Candle Analysis:
    Body Sizes (%): []
    Upper Shadows (%): []
    Lower Shadows (%): []
Volumes: []
==================================================
2025-05-10 11:25:28,840 - INFO - 
==================================================
EMA Cross Analysis - BAN/USDT
Time: 2025-05-10 11:20:00+09:00
Type: golden
Cross Character (Current): Strong
Cross Character (New): Weak
Price at Cross: 0.06928

1. Pre-Cross Pattern (15min):
EMA Distance Changes (%): ['0.358', '0.239', '0.136', '0.194']
EMA12 Changes (%): ['0.015', '0.175', '0.164', '0.636']
Price Changes (%): ['0.060', '1.055', '0.104', '3.203']
Candle Analysis:
    Body Sizes (%): ['0.060', '1.070', '0.104', '3.249']
    Upper Shadows (%): ['0.166', '1.251', '0.134', '0.328']
    Lower Shadows (%): ['0.090', '0.060', '0.268', '0.104']
Volumes: [np.float64(303427.0), np.float64(779850.0), np.float64(305073.0), np.float64(2557063.0)]
2025-05-10 11:25:28,840 - INFO - 
2. Post-Cross Movement (30min):
5min Price Changes (%): ['-0.115']
Maximum Change: -0.115% after 5 minutes
Candle Analysis:
    Body Sizes (%): ['0.087']
    Upper Shadows (%): ['0.000']
    Lower Shadows (%): ['0.116']
Volumes: [np.float64(129895.0)]
==================================================
2025-05-10 11:30:13,368 - INFO - 
==================================================
EMA Cross Analysis - THETA/USDT
Time: 2025-05-10 11:30:00+09:00
Type: golden
Cross Character (Current): Weak
Cross Character (New): Weak
Price at Cross: 0.9058

1. Pre-Cross Pattern (15min):
EMA Distance Changes (%): ['0.037', '0.029', '0.011', '0.003']
EMA12 Changes (%): ['-0.070', '0.009', '0.032', '0.025']
Price Changes (%): ['-0.891', '0.444', '0.155', '-0.011']
Candle Analysis:
    Body Sizes (%): ['0.881', '0.433', '0.166', '0.000']
    Upper Shadows (%): ['0.044', '0.067', '0.033', '0.033']
    Lower Shadows (%): ['0.264', '0.067', '0.177', '0.000']
Volumes: [np.float64(134264.3), np.float64(54540.5), np.float64(16118.4), np.float64(878.0)]
2025-05-10 11:30:13,368 - INFO - 
2. Post-Cross Movement (30min):
5min Price Changes (%): []
Maximum Change: 0.000% after 0 minutes
Candle Analysis:
    Body Sizes (%): []
    Upper Shadows (%): []
    Lower Shadows (%): []
Volumes: []
==================================================
2025-05-10 11:30:14,239 - INFO - 
==================================================
EMA Cross Analysis - ADA/USDT
Time: 2025-05-10 11:25:00+09:00
Type: golden
Cross Character (Current): Weak
Cross Character (New): Weak
Price at Cross: 0.7814

1. Pre-Cross Pattern (15min):
EMA Distance Changes (%): ['0.035', '0.034', '0.013', '0.014']
EMA12 Changes (%): ['0.026', '-0.001', '0.034', '0.051']
Price Changes (%): ['0.103', '-0.154', '0.231', '0.141']
Candle Analysis:
    Body Sizes (%): ['0.103', '0.167', '0.231', '0.154']
    Upper Shadows (%): ['0.039', '0.128', '0.064', '0.064']
    Lower Shadows (%): ['0.077', '0.282', '0.090', '0.090']
Volumes: [np.float64(783571.0), np.float64(967325.0), np.float64(765437.0), np.float64(754447.0)]
2025-05-10 11:30:14,239 - INFO - 
2. Post-Cross Movement (30min):
5min Price Changes (%): ['-0.013']
Maximum Change: -0.013% after 5 minutes
Candle Analysis:
    Body Sizes (%): ['0.013']
    Upper Shadows (%): ['0.051']
    Lower Shadows (%): ['0.000']
Volumes: [np.float64(71461.0)]
==================================================
2025-05-10 11:35:58,372 - INFO - 
==================================================
EMA Cross Analysis - LINK/USDT
Time: 2025-05-10 11:30:00+09:00
Type: golden
Cross Character (Current): Weak
Cross Character (New): Weak
Price at Cross: 16.127

1. Pre-Cross Pattern (15min):
EMA Distance Changes (%): ['0.097', '0.080', '0.039', '0.029']
EMA12 Changes (%): ['-0.025', '0.018', '0.067', '0.126']
Price Changes (%): ['-0.312', '0.257', '0.337', '0.448']
Candle Analysis:
    Body Sizes (%): ['0.312', '0.251', '0.344', '0.448']
    Upper Shadows (%): ['0.069', '0.075', '0.044', '0.012']
    Lower Shadows (%): ['0.181', '0.044', '0.069', '0.187']
Volumes: [np.float64(60165.81), np.float64(44896.16), np.float64(63822.23), np.float64(171636.91)]
2025-05-10 11:35:58,372 - INFO - 
2. Post-Cross Movement (30min):
5min Price Changes (%): ['0.223']
Maximum Change: 0.223% after 5 minutes
Candle Analysis:
    Body Sizes (%): ['0.223']
    Upper Shadows (%): ['0.012']
    Lower Shadows (%): ['0.037']
Volumes: [np.float64(39037.43)]
==================================================
2025-05-10 11:36:01,515 - INFO - 
==================================================
EMA Cross Analysis - THETA/USDT
Time: 2025-05-10 11:30:00+09:00
Type: golden
Cross Character (Current): Weak
Cross Character (New): Weak
Price at Cross: 0.9074

1. Pre-Cross Pattern (15min):
EMA Distance Changes (%): ['0.037', '0.029', '0.011', '0.017']
EMA12 Changes (%): ['-0.070', '0.009', '0.032', '0.052']
Price Changes (%): ['-0.891', '0.444', '0.155', '0.166']
Candle Analysis:
    Body Sizes (%): ['0.881', '0.433', '0.166', '0.177']
    Upper Shadows (%): ['0.044', '0.067', '0.033', '0.011']
    Lower Shadows (%): ['0.264', '0.067', '0.177', '0.563']
Volumes: [np.float64(134264.3), np.float64(54540.5), np.float64(16118.4), np.float64(60480.8)]
2025-05-10 11:36:01,515 - INFO - 
2. Post-Cross Movement (30min):
5min Price Changes (%): ['0.187']
Maximum Change: 0.187% after 5 minutes
Candle Analysis:
    Body Sizes (%): ['0.198']
    Upper Shadows (%): ['0.033']
    Lower Shadows (%): ['0.000']
Volumes: [np.float64(15469.9)]
==================================================
2025-05-10 11:36:05,480 - INFO - 
==================================================
EMA Cross Analysis - ONDOUSDT
Time: 2025-05-10 11:30:00+09:00
Type: golden
Cross Character (Current): Weak
Cross Character (New): Weak
Price at Cross: 1.0149

1. Pre-Cross Pattern (15min):
EMA Distance Changes (%): ['0.102', '0.079', '0.042', '0.032']
EMA12 Changes (%): ['-0.027', '0.031', '0.060', '0.138']
Price Changes (%): ['-0.427', '0.349', '0.218', '0.565']
Candle Analysis:
    Body Sizes (%): ['0.417', '0.359', '0.228', '0.565']
    Upper Shadows (%): ['0.119', '0.060', '0.030', '0.010']
    Lower Shadows (%): ['0.179', '0.070', '0.109', '0.109']
Volumes: [np.float64(350269.1), np.float64(257891.2), np.float64(268071.7), np.float64(779755.6)]
2025-05-10 11:36:05,481 - INFO - 
2. Post-Cross Movement (30min):
5min Price Changes (%): ['0.236']
Maximum Change: 0.236% after 5 minutes
Candle Analysis:
    Body Sizes (%): ['0.236']
    Upper Shadows (%): ['0.069']
    Lower Shadows (%): ['0.039']
Volumes: [np.float64(290707.8)]
==================================================
2025-05-10 11:40:43,518 - INFO - 
==================================================
EMA Cross Analysis - GOAT/USDT
Time: 2025-05-10 11:40:00+09:00
Type: golden
Cross Character (Current): Strong
Cross Character (New): Strong
Price at Cross: 0.16306

1. Pre-Cross Pattern (15min):
EMA Distance Changes (%): ['0.314', '0.247', '0.069', '0.065']
EMA12 Changes (%): ['0.230', '0.089', '0.308', '0.252']
Price Changes (%): ['0.266', '-0.674', '1.506', '-0.049']
Candle Analysis:
    Body Sizes (%): ['0.298', '0.649', '1.487', '0.000']
    Upper Shadows (%): ['0.366', '0.482', '0.292', '0.754']
    Lower Shadows (%): ['0.769', '1.057', '0.137', '0.245']
Volumes: [np.float64(7643837.0), np.float64(7327617.0), np.float64(8663307.0), np.float64(2006383.0)]
2025-05-10 11:40:43,518 - INFO - 
2. Post-Cross Movement (30min):
5min Price Changes (%): []
Maximum Change: 0.000% after 0 minutes
Candle Analysis:
    Body Sizes (%): []
    Upper Shadows (%): []
    Lower Shadows (%): []
Volumes: []
==================================================
2025-05-10 11:45:18,453 - INFO - 
==================================================
EMA Cross Analysis - GRASS/USDT
Time: 2025-05-10 11:45:00+09:00
Type: dead
Cross Character (Current): Weak
Cross Character (New): Weak
Price at Cross: 1.6355

1. Pre-Cross Pattern (15min):
EMA Distance Changes (%): ['0.058', '0.042', '0.001', '0.020']
EMA12 Changes (%): ['0.017', '-0.022', '-0.073', '-0.040']
Price Changes (%): ['0.342', '-0.237', '-0.354', '0.147']
Candle Analysis:
    Body Sizes (%): ['0.336', '0.225', '0.366', '0.073']
    Upper Shadows (%): ['0.000', '0.000', '0.055', '0.000']
    Lower Shadows (%): ['0.073', '0.018', '0.000', '0.000']
Volumes: [np.float64(7710.4), np.float64(45132.1), np.float64(11557.4), np.float64(249.6)]
2025-05-10 11:45:18,453 - INFO - 
2. Post-Cross Movement (30min):
5min Price Changes (%): []
Maximum Change: 0.000% after 0 minutes
Candle Analysis:
    Body Sizes (%): []
    Upper Shadows (%): []
    Lower Shadows (%): []
Volumes: []
==================================================
2025-05-10 11:45:22,471 - INFO - 
==================================================
EMA Cross Analysis - GOAT/USDT
Time: 2025-05-10 11:40:00+09:00
Type: golden
Cross Character (Current): Strong
Cross Character (New): Weak
Price at Cross: 0.16512

1. Pre-Cross Pattern (15min):
EMA Distance Changes (%): ['0.314', '0.247', '0.069', '0.164']
EMA12 Changes (%): ['0.230', '0.089', '0.308', '0.450']
Price Changes (%): ['0.266', '-0.674', '1.506', '1.214']
Candle Analysis:
    Body Sizes (%): ['0.298', '0.649', '1.487', '1.263']
    Upper Shadows (%): ['0.366', '0.482', '0.292', '0.294']
    Lower Shadows (%): ['0.769', '1.057', '0.137', '0.638']
Volumes: [np.float64(7643837.0), np.float64(7327617.0), np.float64(8663307.0), np.float64(13677738.0)]
2025-05-10 11:45:22,471 - INFO - 
2. Post-Cross Movement (30min):
5min Price Changes (%): ['0.115']
Maximum Change: 0.115% after 5 minutes
Candle Analysis:
    Body Sizes (%): ['0.133']
    Upper Shadows (%): ['0.085']
    Lower Shadows (%): ['0.194']
Volumes: [np.float64(773085.0)]
==================================================
2025-05-10 11:51:04,719 - INFO - 
==================================================
EMA Cross Analysis - MOODENG/USDT
Time: 2025-05-10 11:50:00+09:00
Type: golden
Cross Character (Current): Strong
Cross Character (New): Weak
Price at Cross: 0.13225

1. Pre-Cross Pattern (15min):
EMA Distance Changes (%): ['0.614', '0.346', '0.055', '0.153']
EMA12 Changes (%): ['0.419', '0.434', '0.524', '0.404']
Price Changes (%): ['1.540', '0.513', '1.006', '-0.234']
Candle Analysis:
    Body Sizes (%): ['1.571', '0.513', '0.975', '0.226']
    Upper Shadows (%): ['0.638', '1.739', '1.607', '0.083']
    Lower Shadows (%): ['0.210', '0.015', '0.076', '0.475']
Volumes: [np.float64(20427811.0), np.float64(27262076.0), np.float64(21562435.0), np.float64(5339305.0)]
2025-05-10 11:51:04,719 - INFO - 
2. Post-Cross Movement (30min):
5min Price Changes (%): []
Maximum Change: 0.000% after 0 minutes
Candle Analysis:
    Body Sizes (%): []
    Upper Shadows (%): []
    Lower Shadows (%): []
Volumes: []
==================================================
2025-05-10 11:51:05,237 - INFO - 
==================================================
EMA Cross Analysis - PHA/USDT
Time: 2025-05-10 11:50:00+09:00
Type: golden
Cross Character (Current): Weak
Cross Character (New): Weak
Price at Cross: 0.14127

1. Pre-Cross Pattern (15min):
EMA Distance Changes (%): ['0.067', '0.052', '0.003', '0.025']
EMA12 Changes (%): ['0.054', '0.020', '0.088', '0.054']
Price Changes (%): ['0.327', '-0.170', '0.462', '-0.127']
Candle Analysis:
    Body Sizes (%): ['0.313', '0.170', '0.476', '0.099']
    Upper Shadows (%): ['0.213', '0.269', '0.064', '0.000']
    Lower Shadows (%): ['0.000', '0.000', '0.007', '0.007']
Volumes: [np.float64(63550.0), np.float64(41013.0), np.float64(148069.0), np.float64(12261.0)]
2025-05-10 11:51:05,237 - INFO - 
2. Post-Cross Movement (30min):
5min Price Changes (%): []
Maximum Change: 0.000% after 0 minutes
Candle Analysis:
    Body Sizes (%): []
    Upper Shadows (%): []
    Lower Shadows (%): []
Volumes: []
==================================================
2025-05-10 11:51:06,552 - INFO - 
==================================================
EMA Cross Analysis - GRASS/USDT
Time: 2025-05-10 11:45:00+09:00
Type: dead
Cross Character (Current): Weak
Cross Character (New): Weak
Price at Cross: 1.6381

1. Pre-Cross Pattern (15min):
EMA Distance Changes (%): ['0.058', '0.042', '0.001', '0.007']
EMA12 Changes (%): ['0.017', '-0.022', '-0.073', '-0.015']
Price Changes (%): ['0.342', '-0.237', '-0.354', '0.306']
Candle Analysis:
    Body Sizes (%): ['0.336', '0.225', '0.366', '0.233']
    Upper Shadows (%): ['0.000', '0.000', '0.055', '0.067']
    Lower Shadows (%): ['0.073', '0.018', '0.000', '0.000']
Volumes: [np.float64(7710.4), np.float64(45132.1), np.float64(11557.4), np.float64(6553.2)]
2025-05-10 11:51:06,552 - INFO - 
2. Post-Cross Movement (30min):
5min Price Changes (%): ['-0.226']
Maximum Change: -0.226% after 5 minutes
Candle Analysis:
    Body Sizes (%): ['0.214']
    Upper Shadows (%): ['0.000']
    Lower Shadows (%): ['0.031']
Volumes: [np.float64(5812.4)]
==================================================
2025-05-10 11:55:43,764 - INFO - 
==================================================
EMA Cross Analysis - MOODENG/USDT
Time: 2025-05-10 11:50:00+09:00
Type: golden
Cross Character (Current): Strong
Cross Character (New): Weak
Price at Cross: 0.13096

1. Pre-Cross Pattern (15min):
EMA Distance Changes (%): ['0.614', '0.346', '0.055', '0.076']
EMA12 Changes (%): ['0.419', '0.434', '0.524', '0.250']
Price Changes (%): ['1.540', '0.513', '1.006', '-1.207']
Candle Analysis:
    Body Sizes (%): ['1.571', '0.513', '0.975', '1.200']
    Upper Shadows (%): ['0.638', '1.739', '1.607', '0.083']
    Lower Shadows (%): ['0.210', '0.015', '0.076', '0.302']
Volumes: [np.float64(20427811.0), np.float64(27262076.0), np.float64(21562435.0), np.float64(20090853.0)]
2025-05-10 11:55:43,765 - INFO - 
2. Post-Cross Movement (30min):
5min Price Changes (%): ['0.023']
Maximum Change: 0.023% after 5 minutes
Candle Analysis:
    Body Sizes (%): ['0.015']
    Upper Shadows (%): ['0.130']
    Lower Shadows (%): ['0.176']
Volumes: [np.float64(1146785.0)]
==================================================
2025-05-10 11:55:44,292 - INFO - 
==================================================
EMA Cross Analysis - PHA/USDT
Time: 2025-05-10 11:50:00+09:00
Type: golden
Cross Character (Current): Weak
Cross Character (New): Weak
Price at Cross: 0.14148

1. Pre-Cross Pattern (15min):
EMA Distance Changes (%): ['0.067', '0.052', '0.003', '0.037']
EMA12 Changes (%): ['0.054', '0.020', '0.088', '0.077']
Price Changes (%): ['0.327', '-0.170', '0.462', '0.021']
Candle Analysis:
    Body Sizes (%): ['0.313', '0.170', '0.476', '0.050']
    Upper Shadows (%): ['0.213', '0.269', '0.064', '0.099']
    Lower Shadows (%): ['0.000', '0.000', '0.007', '0.149']
Volumes: [np.float64(63550.0), np.float64(41013.0), np.float64(148069.0), np.float64(56309.0)]
2025-05-10 11:55:44,292 - INFO - 
2. Post-Cross Movement (30min):
5min Price Changes (%): ['0.057']
Maximum Change: 0.057% after 5 minutes
Candle Analysis:
    Body Sizes (%): ['0.049']
    Upper Shadows (%): ['0.057']
    Lower Shadows (%): ['0.000']
Volumes: [np.float64(11819.0)]
==================================================
2025-05-10 11:55:51,001 - INFO - 
==================================================
EMA Cross Analysis - BRETT/USDT
Time: 2025-05-10 11:50:00+09:00
Type: golden
Cross Character (Current): Weak
Cross Character (New): Weak
Price at Cross: 0.07777

1. Pre-Cross Pattern (15min):
EMA Distance Changes (%): ['0.116', '0.082', '0.049', '0.008']
EMA12 Changes (%): ['0.143', '0.051', '0.051', '0.103']
Price Changes (%): ['0.103', '-0.450', '0.052', '0.387']
Candle Analysis:
    Body Sizes (%): ['0.103', '0.437', '0.052', '0.387']
    Upper Shadows (%): ['0.489', '0.141', '0.465', '0.219']
    Lower Shadows (%): ['0.232', '0.051', '0.052', '0.271']
Volumes: [np.float64(1204317.0), np.float64(392159.0), np.float64(488939.0), np.float64(640158.0)]
2025-05-10 11:55:51,001 - INFO - 
2. Post-Cross Movement (30min):
5min Price Changes (%): ['0.154']
Maximum Change: 0.154% after 5 minutes
Candle Analysis:
    Body Sizes (%): ['0.141']
    Upper Shadows (%): ['0.000']
    Lower Shadows (%): ['0.129']
Volumes: [np.float64(142456.0)]
==================================================
2025-05-10 12:00:24,226 - INFO - 
==================================================
EMA Cross Analysis - TNSR/USDT
Time: 2025-05-10 12:00:00+09:00
Type: dead
Cross Character (Current): Weak
Cross Character (New): Weak
Price at Cross: 0.1727

1. Pre-Cross Pattern (15min):
EMA Distance Changes (%): ['0.108', '0.081', '0.013', '0.036']
EMA12 Changes (%): ['0.020', '-0.036', '-0.119', '-0.092']
Price Changes (%): ['0.173', '-0.344', '-0.576', '0.058']
Candle Analysis:
    Body Sizes (%): ['0.115', '0.287', '0.576', '0.000']
    Upper Shadows (%): ['0.115', '0.000', '0.058', '0.000']
    Lower Shadows (%): ['0.000', '0.057', '0.058', '0.000']
Volumes: [np.float64(21122.3), np.float64(21552.3), np.float64(43074.2), np.float64(4401.6)]
2025-05-10 12:00:24,226 - INFO - 
2. Post-Cross Movement (30min):
5min Price Changes (%): []
Maximum Change: 0.000% after 0 minutes
Candle Analysis:
    Body Sizes (%): []
    Upper Shadows (%): []
    Lower Shadows (%): []
Volumes: []
==================================================
2025-05-10 12:05:02,090 - INFO - 
==================================================
EMA Cross Analysis - TNSR/USDT
Time: 2025-05-10 12:00:00+09:00
Type: dead
Cross Character (Current): Weak
Cross Character (New): Weak
Price at Cross: 0.1726

1. Pre-Cross Pattern (15min):
EMA Distance Changes (%): ['0.108', '0.081', '0.013', '0.040']
EMA12 Changes (%): ['0.020', '-0.036', '-0.119', '-0.101']
Price Changes (%): ['0.173', '-0.344', '-0.576', '0.000']
Candle Analysis:
    Body Sizes (%): ['0.115', '0.287', '0.576', '0.058']
    Upper Shadows (%): ['0.115', '0.000', '0.058', '0.347']
    Lower Shadows (%): ['0.000', '0.057', '0.058', '0.058']
Volumes: [np.float64(21122.3), np.float64(21552.3), np.float64(43074.2), np.float64(58704.7)]
2025-05-10 12:05:02,090 - INFO - 
2. Post-Cross Movement (30min):
5min Price Changes (%): ['0.000']
Maximum Change: 0.000% after 0 minutes
Candle Analysis:
    Body Sizes (%): ['0.000']
    Upper Shadows (%): ['0.000']
    Lower Shadows (%): ['0.000']
Volumes: [np.float64(428.0)]
==================================================
2025-05-10 12:05:07,670 - INFO - 
==================================================
EMA Cross Analysis - BRETT/USDT
Time: 2025-05-10 12:05:00+09:00
Type: dead
Cross Character (Current): Weak
Cross Character (New): Weak
Price at Cross: 0.07704

1. Pre-Cross Pattern (15min):
EMA Distance Changes (%): ['0.008', '0.033', '0.002', '0.028']
EMA12 Changes (%): ['0.103', '0.049', '-0.056', '-0.057']
Price Changes (%): ['0.387', '-0.244', '-0.632', '-0.065']
Candle Analysis:
    Body Sizes (%): ['0.387', '0.257', '0.632', '0.078']
    Upper Shadows (%): ['0.219', '0.219', '0.155', '0.000']
    Lower Shadows (%): ['0.271', '0.026', '0.039', '0.000']
Volumes: [np.float64(640158.0), np.float64(555968.0), np.float64(455599.0), np.float64(21335.0)]
2025-05-10 12:05:07,670 - INFO - 
2. Post-Cross Movement (30min):
5min Price Changes (%): []
Maximum Change: 0.000% after 0 minutes
Candle Analysis:
    Body Sizes (%): []
    Upper Shadows (%): []
    Lower Shadows (%): []
Volumes: []
==================================================
2025-05-10 12:06:12,598 - INFO - 
==================================================
EMA Cross Analysis - PHA/USDT
Time: 2025-05-10 12:00:00+09:00
Type: dead
Cross Character (Current): Weak
Cross Character (New): Weak
Price at Cross: 0.14047

1. Pre-Cross Pattern (15min):
EMA Distance Changes (%): ['0.003', '0.037', '0.023', '0.000']
EMA12 Changes (%): ['0.088', '0.077', '-0.023', '-0.041']
Price Changes (%): ['0.462', '0.021', '-0.573', '-0.142']
Candle Analysis:
    Body Sizes (%): ['0.476', '0.050', '0.580', '0.156']
    Upper Shadows (%): ['0.064', '0.099', '0.283', '0.384']
    Lower Shadows (%): ['0.007', '0.149', '0.085', '0.014']
Volumes: [np.float64(148069.0), np.float64(56309.0), np.float64(245269.0), np.float64(112750.0)]
2025-05-10 12:06:12,599 - INFO - 
2. Post-Cross Movement (30min):
5min Price Changes (%): ['0.406']
Maximum Change: 0.406% after 5 minutes
Candle Analysis:
    Body Sizes (%): ['0.406']
    Upper Shadows (%): ['0.000']
    Lower Shadows (%): ['0.085']
Volumes: [np.float64(17614.0)]
==================================================
2025-05-10 12:10:52,274 - INFO - 
==================================================
EMA Cross Analysis - BNB/USDT
Time: 2025-05-10 12:10:00+09:00
Type: dead
Cross Character (Current): Weak
Cross Character (New): Weak
Price at Cross: 663.76

1. Pre-Cross Pattern (15min):
EMA Distance Changes (%): ['0.193', '0.094', '0.005', '0.075']
EMA12 Changes (%): ['-0.033', '-0.164', '-0.157', '-0.153']
Price Changes (%): ['-0.399', '-0.885', '-0.117', '-0.131']
Candle Analysis:
    Body Sizes (%): ['0.398', '0.883', '0.116', '0.129']
    Upper Shadows (%): ['0.211', '0.001', '0.090', '0.026']
    Lower Shadows (%): ['0.010', '0.133', '0.222', '0.021']
Volumes: [np.float64(18419.05), np.float64(31440.98), np.float64(9708.46), np.float64(541.03)]
2025-05-10 12:10:52,274 - INFO - 
2. Post-Cross Movement (30min):
5min Price Changes (%): []
Maximum Change: 0.000% after 0 minutes
Candle Analysis:
    Body Sizes (%): []
    Upper Shadows (%): []
    Lower Shadows (%): []
Volumes: []
==================================================
2025-05-10 12:10:54,545 - INFO - 
==================================================
EMA Cross Analysis - ATA/USDT
Time: 2025-05-10 12:10:00+09:00
Type: dead
Cross Character (Current): Weak
Cross Character (New): Weak
Price at Cross: 0.0622

1. Pre-Cross Pattern (15min):
EMA Distance Changes (%): ['0.070', '0.060', '0.001', '0.019']
EMA12 Changes (%): ['-0.038', '-0.008', '-0.105', '-0.040']
Price Changes (%): ['-0.160', '0.161', '-0.641', '0.323']
Candle Analysis:
    Body Sizes (%): ['0.160', '0.000', '0.800', '0.161']
    Upper Shadows (%): ['0.160', '0.160', '0.160', '0.000']
    Lower Shadows (%): ['0.000', '0.160', '0.000', '0.000']
Volumes: [np.float64(19222.0), np.float64(72642.0), np.float64(156201.0), np.float64(119853.0)]
2025-05-10 12:10:54,545 - INFO - 
2. Post-Cross Movement (30min):
5min Price Changes (%): []
Maximum Change: 0.000% after 0 minutes
Candle Analysis:
    Body Sizes (%): []
    Upper Shadows (%): []
    Lower Shadows (%): []
Volumes: []
==================================================
2025-05-10 12:10:56,984 - INFO - 
==================================================
EMA Cross Analysis - BRETT/USDT
Time: 2025-05-10 12:05:00+09:00
Type: dead
Cross Character (Current): Weak
Cross Character (New): Weak
Price at Cross: 0.07709

1. Pre-Cross Pattern (15min):
EMA Distance Changes (%): ['0.008', '0.033', '0.002', '0.023']
EMA12 Changes (%): ['0.103', '0.049', '-0.056', '-0.047']
Price Changes (%): ['0.387', '-0.244', '-0.632', '0.000']
Candle Analysis:
    Body Sizes (%): ['0.387', '0.257', '0.632', '0.013']
    Upper Shadows (%): ['0.219', '0.219', '0.155', '0.259']
    Lower Shadows (%): ['0.271', '0.026', '0.039', '0.285']
Volumes: [np.float64(640158.0), np.float64(555968.0), np.float64(455599.0), np.float64(516739.0)]
2025-05-10 12:10:56,984 - INFO - 
2. Post-Cross Movement (30min):
5min Price Changes (%): ['0.117']
Maximum Change: 0.117% after 5 minutes
Candle Analysis:
    Body Sizes (%): ['0.091']
    Upper Shadows (%): ['0.156']
    Lower Shadows (%): ['0.000']
Volumes: [np.float64(73777.0)]
==================================================
2025-05-10 12:15:31,171 - INFO - 
==================================================
EMA Cross Analysis - BNB/USDT
Time: 2025-05-10 12:10:00+09:00
Type: dead
Cross Character (Current): Weak
Cross Character (New): Weak
Price at Cross: 664.25

1. Pre-Cross Pattern (15min):
EMA Distance Changes (%): ['0.193', '0.094', '0.005', '0.069']
EMA12 Changes (%): ['-0.033', '-0.164', '-0.157', '-0.142']
Price Changes (%): ['-0.399', '-0.885', '-0.117', '-0.057']
Candle Analysis:
    Body Sizes (%): ['0.398', '0.883', '0.116', '0.056']
    Upper Shadows (%): ['0.211', '0.001', '0.090', '0.099']
    Lower Shadows (%): ['0.010', '0.133', '0.222', '0.095']
Volumes: [np.float64(18419.05), np.float64(31440.98), np.float64(9708.46), np.float64(4021.59)]
2025-05-10 12:15:31,171 - INFO - 
2. Post-Cross Movement (30min):
5min Price Changes (%): ['0.000']
Maximum Change: 0.000% after 0 minutes
Candle Analysis:
    Body Sizes (%): ['0.003']
    Upper Shadows (%): ['0.047']
    Lower Shadows (%): ['0.000']
Volumes: [np.float64(201.43)]
==================================================
2025-05-10 12:15:33,446 - INFO - 
==================================================
EMA Cross Analysis - ATA/USDT
Time: 2025-05-10 12:10:00+09:00
Type: dead
Cross Character (Current): Weak
Cross Character (New): Weak
Price at Cross: 0.0622

1. Pre-Cross Pattern (15min):
EMA Distance Changes (%): ['0.070', '0.060', '0.001', '0.019']
EMA12 Changes (%): ['-0.038', '-0.008', '-0.105', '-0.040']
Price Changes (%): ['-0.160', '0.161', '-0.641', '0.323']
Candle Analysis:
    Body Sizes (%): ['0.160', '0.000', '0.800', '0.161']
    Upper Shadows (%): ['0.160', '0.160', '0.160', '0.161']
    Lower Shadows (%): ['0.000', '0.160', '0.000', '0.000']
Volumes: [np.float64(19222.0), np.float64(72642.0), np.float64(156201.0), np.float64(175588.0)]
2025-05-10 12:15:33,446 - INFO - 
2. Post-Cross Movement (30min):
5min Price Changes (%): ['0.000']
Maximum Change: 0.000% after 0 minutes
Candle Analysis:
    Body Sizes (%): ['0.000']
    Upper Shadows (%): ['0.000']
    Lower Shadows (%): ['0.000']
Volumes: [np.float64(2094.0)]
==================================================
2025-05-10 12:20:06,589 - INFO - 
==================================================
EMA Cross Analysis - 1000PEPE/USDT
Time: 2025-05-10 12:20:00+09:00
Type: dead
Cross Character (Current): Weak
Cross Character (New): Weak
Price at Cross: 0.012425

1. Pre-Cross Pattern (15min):
EMA Distance Changes (%): ['0.071', '0.055', '0.016', '0.018']
EMA12 Changes (%): ['0.064', '-0.022', '-0.068', '-0.063']
Price Changes (%): ['0.787', '-0.496', '-0.318', '-0.039']
Candle Analysis:
    Body Sizes (%): ['0.787', '0.495', '0.318', '0.033']
    Upper Shadows (%): ['0.143', '0.280', '0.197', '0.000']
    Lower Shadows (%): ['0.510', '0.115', '0.038', '0.014']
Volumes: [np.float64(597070598.0), np.float64(315772954.0), np.float64(200658695.0), np.float64(1447607.0)]
2025-05-10 12:20:06,589 - INFO - 
2. Post-Cross Movement (30min):
5min Price Changes (%): []
Maximum Change: 0.000% after 0 minutes
Candle Analysis:
    Body Sizes (%): []
    Upper Shadows (%): []
    Lower Shadows (%): []
Volumes: []
==================================================
2025-05-10 12:20:08,043 - INFO - 
==================================================
EMA Cross Analysis - PHA/USDT
Time: 2025-05-10 12:15:00+09:00
Type: dead
Cross Character (Current): Weak
Cross Character (New): Weak
Price at Cross: 0.14054

1. Pre-Cross Pattern (15min):
EMA Distance Changes (%): ['0.000', '0.012', '0.014', '0.004']
EMA12 Changes (%): ['-0.041', '-0.023', '0.048', '-0.031']
Price Changes (%): ['-0.142', '0.078', '0.441', '-0.467']
Candle Analysis:
    Body Sizes (%): ['0.156', '0.078', '0.448', '0.496']
    Upper Shadows (%): ['0.384', '0.441', '0.007', '0.085']
    Lower Shadows (%): ['0.014', '0.299', '0.000', '0.000']
Volumes: [np.float64(112750.0), np.float64(113487.0), np.float64(75049.0), np.float64(98411.0)]
2025-05-10 12:20:08,043 - INFO - 
2. Post-Cross Movement (30min):
5min Price Changes (%): ['-0.057']
Maximum Change: -0.057% after 5 minutes
Candle Analysis:
    Body Sizes (%): ['0.036']
    Upper Shadows (%): ['0.000']
    Lower Shadows (%): ['0.000']
Volumes: [np.float64(1259.0)]
==================================================
2025-05-10 12:25:54,924 - INFO - 
==================================================
EMA Cross Analysis - 1000PEPE/USDT
Time: 2025-05-10 12:20:00+09:00
Type: dead
Cross Character (Current): Weak
Cross Character (New): Weak
Price at Cross: 0.0124511

1. Pre-Cross Pattern (15min):
EMA Distance Changes (%): ['0.071', '0.055', '0.016', '0.002']
EMA12 Changes (%): ['0.064', '-0.022', '-0.068', '-0.031']
Price Changes (%): ['0.787', '-0.496', '-0.318', '0.171']
Candle Analysis:
    Body Sizes (%): ['0.787', '0.495', '0.318', '0.177']
    Upper Shadows (%): ['0.143', '0.280', '0.197', '0.138']
    Lower Shadows (%): ['0.510', '0.115', '0.038', '0.224']
Volumes: [np.float64(597070598.0), np.float64(315772954.0), np.float64(200658695.0), np.float64(133230307.0)]
2025-05-10 12:25:54,924 - INFO - 
2. Post-Cross Movement (30min):
5min Price Changes (%): ['-0.160']
Maximum Change: -0.160% after 5 minutes
Candle Analysis:
    Body Sizes (%): ['0.169']
    Upper Shadows (%): ['0.065']
    Lower Shadows (%): ['0.056']
Volumes: [np.float64(28365090.0)]
==================================================
2025-05-10 12:26:00,942 - INFO - 
==================================================
EMA Cross Analysis - SUI/USDT
Time: 2025-05-10 12:25:00+09:00
Type: dead
Cross Character (Current): Weak
Cross Character (New): Weak
Price at Cross: 3.9466

1. Pre-Cross Pattern (15min):
EMA Distance Changes (%): ['0.128', '0.064', '0.008', '0.038']
EMA12 Changes (%): ['-0.101', '-0.105', '-0.098', '-0.087']
Price Changes (%): ['0.061', '-0.124', '-0.061', '-0.025']
Candle Analysis:
    Body Sizes (%): ['0.061', '0.121', '0.061', '0.028']
    Upper Shadows (%): ['0.253', '0.253', '0.008', '0.015']
    Lower Shadows (%): ['0.035', '0.005', '0.180', '0.104']
Volumes: [np.float64(677483.1), np.float64(409730.9), np.float64(733251.8), np.float64(86668.2)]
2025-05-10 12:26:00,942 - INFO - 
2. Post-Cross Movement (30min):
5min Price Changes (%): []
Maximum Change: 0.000% after 0 minutes
Candle Analysis:
    Body Sizes (%): []
    Upper Shadows (%): []
    Lower Shadows (%): []
Volumes: []
==================================================
2025-05-10 12:30:39,738 - INFO - 
==================================================
EMA Cross Analysis - SUI/USDT
Time: 2025-05-10 12:25:00+09:00
Type: dead
Cross Character (Current): Weak
Cross Character (New): Weak
Price at Cross: 3.9616

1. Pre-Cross Pattern (15min):
EMA Distance Changes (%): ['0.128', '0.064', '0.008', '0.007']
EMA12 Changes (%): ['-0.101', '-0.105', '-0.098', '-0.029']
Price Changes (%): ['0.061', '-0.124', '-0.061', '0.355']
Candle Analysis:
    Body Sizes (%): ['0.061', '0.121', '0.061', '0.352']
    Upper Shadows (%): ['0.253', '0.253', '0.008', '0.109']
    Lower Shadows (%): ['0.035', '0.005', '0.180', '0.132']
Volumes: [np.float64(677483.1), np.float64(409730.9), np.float64(733251.8), np.float64(700216.8)]
2025-05-10 12:30:39,738 - INFO - 
2. Post-Cross Movement (30min):
5min Price Changes (%): ['0.076']
Maximum Change: 0.076% after 5 minutes
Candle Analysis:
    Body Sizes (%): ['0.073']
    Upper Shadows (%): ['0.013']
    Lower Shadows (%): ['0.043']
Volumes: [np.float64(112498.1)]
==================================================
2025-05-10 12:35:12,639 - INFO - 
==================================================
EMA Cross Analysis - ACX/USDT
Time: 2025-05-10 12:35:00+09:00
Type: golden
Cross Character (Current): Weak
Cross Character (New): Weak
Price at Cross: 0.2521

1. Pre-Cross Pattern (15min):
EMA Distance Changes (%): ['0.059', '0.035', '0.013', '0.001']
EMA12 Changes (%): ['0.022', '0.037', '0.038', '0.026']
Price Changes (%): ['0.079', '0.119', '0.040', '-0.040']
Candle Analysis:
    Body Sizes (%): ['0.119', '0.079', '0.040', '0.000']
    Upper Shadows (%): ['0.000', '0.000', '0.119', '0.000']
    Lower Shadows (%): ['0.358', '0.198', '0.119', '0.040']
Volumes: [np.float64(20921.0), np.float64(17945.4), np.float64(22080.7), np.float64(1667.1)]
2025-05-10 12:35:12,639 - INFO - 
2. Post-Cross Movement (30min):
5min Price Changes (%): []
Maximum Change: 0.000% after 0 minutes
Candle Analysis:
    Body Sizes (%): []
    Upper Shadows (%): []
    Lower Shadows (%): []
Volumes: []
==================================================
2025-05-10 12:35:18,052 - INFO - 
==================================================
EMA Cross Analysis - ATA/USDT
Time: 2025-05-10 12:35:00+09:00
Type: dead
Cross Character (Current): Weak
Cross Character (New): Weak
Price at Cross: 0.0623

1. Pre-Cross Pattern (15min):
EMA Distance Changes (%): ['0.012', '0.004', '0.003', '0.005']
EMA12 Changes (%): ['0.017', '0.014', '0.012', '-0.014']
Price Changes (%): ['0.161', '0.000', '0.000', '-0.160']
Candle Analysis:
    Body Sizes (%): ['0.000', '0.000', '0.000', '0.320']
    Upper Shadows (%): ['0.160', '0.160', '0.160', '0.000']
    Lower Shadows (%): ['0.321', '0.000', '0.160', '0.000']
Volumes: [np.float64(48227.0), np.float64(9974.0), np.float64(41250.0), np.float64(11479.0)]
2025-05-10 12:35:18,052 - INFO - 
2. Post-Cross Movement (30min):
5min Price Changes (%): []
Maximum Change: 0.000% after 0 minutes
Candle Analysis:
    Body Sizes (%): []
    Upper Shadows (%): []
    Lower Shadows (%): []
Volumes: []
==================================================
2025-05-10 12:41:00,341 - INFO - 
==================================================
EMA Cross Analysis - ACX/USDT
Time: 2025-05-10 12:40:00+09:00
Type: dead
Cross Character (Current): Weak
Cross Character (New): Weak
Price at Cross: 0.2512

1. Pre-Cross Pattern (15min):
EMA Distance Changes (%): ['0.035', '0.013', '0.001', '0.016']
EMA12 Changes (%): ['0.037', '0.038', '0.026', '-0.033']
Price Changes (%): ['0.119', '0.040', '-0.040', '-0.357']
Candle Analysis:
    Body Sizes (%): ['0.079', '0.040', '0.000', '0.397']
    Upper Shadows (%): ['0.000', '0.119', '0.317', '0.000']
    Lower Shadows (%): ['0.198', '0.119', '0.079', '0.000']
Volumes: [np.float64(17945.4), np.float64(22080.7), np.float64(40725.3), np.float64(14556.2)]
2025-05-10 12:41:00,341 - INFO - 
2. Post-Cross Movement (30min):
5min Price Changes (%): []
Maximum Change: 0.000% after 0 minutes
Candle Analysis:
    Body Sizes (%): []
    Upper Shadows (%): []
    Lower Shadows (%): []
Volumes: []
==================================================
2025-05-10 12:41:00,557 - INFO - 
==================================================
EMA Cross Analysis - LINK/USDT
Time: 2025-05-10 12:40:00+09:00
Type: dead
Cross Character (Current): Weak
Cross Character (New): Weak
Price at Cross: 15.979

1. Pre-Cross Pattern (15min):
EMA Distance Changes (%): ['0.089', '0.067', '0.031', '0.008']
EMA12 Changes (%): ['-0.001', '-0.029', '-0.061', '-0.069']
Price Changes (%): ['0.044', '-0.187', '-0.237', '-0.113']
Candle Analysis:
    Body Sizes (%): ['0.037', '0.187', '0.243', '0.106']
    Upper Shadows (%): ['0.000', '0.068', '0.081', '0.000']
    Lower Shadows (%): ['0.205', '0.000', '0.118', '0.000']
Volumes: [np.float64(38247.86), np.float64(25393.12), np.float64(62606.12), np.float64(10173.91)]
2025-05-10 12:41:00,557 - INFO - 
2. Post-Cross Movement (30min):
5min Price Changes (%): []
Maximum Change: 0.000% after 0 minutes
Candle Analysis:
    Body Sizes (%): []
    Upper Shadows (%): []
    Lower Shadows (%): []
Volumes: []
==================================================
2025-05-10 12:41:05,750 - INFO - 
==================================================
EMA Cross Analysis - ATA/USDT
Time: 2025-05-10 12:35:00+09:00
Type: dead
Cross Character (Current): Weak
Cross Character (New): Weak
Price at Cross: 0.0622

1. Pre-Cross Pattern (15min):
EMA Distance Changes (%): ['0.012', '0.004', '0.003', '0.017']
EMA12 Changes (%): ['0.017', '0.014', '0.012', '-0.039']
Price Changes (%): ['0.161', '0.000', '0.000', '-0.321']
Candle Analysis:
    Body Sizes (%): ['0.000', '0.000', '0.000', '0.480']
    Upper Shadows (%): ['0.160', '0.160', '0.160', '0.000']
    Lower Shadows (%): ['0.321', '0.000', '0.160', '0.000']
Volumes: [np.float64(48227.0), np.float64(9974.0), np.float64(41250.0), np.float64(37738.0)]
2025-05-10 12:41:05,750 - INFO - 
2. Post-Cross Movement (30min):
5min Price Changes (%): ['-0.161']
Maximum Change: -0.161% after 5 minutes
Candle Analysis:
    Body Sizes (%): ['0.321']
    Upper Shadows (%): ['0.000']
    Lower Shadows (%): ['0.000']
Volumes: [np.float64(9726.0)]
==================================================
2025-05-10 12:41:07,446 - INFO - 
==================================================
EMA Cross Analysis - ZEN/USDT
Time: 2025-05-10 12:40:00+09:00
Type: dead
Cross Character (Current): Weak
Cross Character (New): Weak
Price at Cross: 9.955

1. Pre-Cross Pattern (15min):
EMA Distance Changes (%): ['0.114', '0.078', '0.012', '0.068']
EMA12 Changes (%): ['0.003', '-0.053', '-0.116', '-0.151']
Price Changes (%): ['-0.188', '-0.357', '-0.468', '-0.340']
Candle Analysis:
    Body Sizes (%): ['0.139', '0.348', '0.448', '0.330']
    Upper Shadows (%): ['0.000', '0.070', '0.010', '0.000']
    Lower Shadows (%): ['0.288', '0.000', '0.030', '0.100']
Volumes: [np.float64(2699.7), np.float64(1244.9), np.float64(1452.4), np.float64(2942.5)]
2025-05-10 12:41:07,446 - INFO - 
2. Post-Cross Movement (30min):
5min Price Changes (%): []
Maximum Change: 0.000% after 0 minutes
Candle Analysis:
    Body Sizes (%): []
    Upper Shadows (%): []
    Lower Shadows (%): []
Volumes: []
==================================================
2025-05-10 12:41:08,206 - INFO - 
==================================================
EMA Cross Analysis - BRETT/USDT
Time: 2025-05-10 12:40:00+09:00
Type: golden
Cross Character (Current): Weak
Cross Character (New): Weak
Price at Cross: 0.07765

1. Pre-Cross Pattern (15min):
EMA Distance Changes (%): ['0.077', '0.060', '0.034', '0.011']
EMA12 Changes (%): ['-0.050', '0.022', '0.042', '0.082']
Price Changes (%): ['-0.207', '0.416', '0.155', '0.297']
Candle Analysis:
    Body Sizes (%): ['0.246', '0.416', '0.155', '0.271']
    Upper Shadows (%): ['0.013', '0.052', '0.285', '0.013']
    Lower Shadows (%): ['0.168', '0.026', '0.259', '0.103']
Volumes: [np.float64(131919.0), np.float64(2221971.0), np.float64(566042.0), np.float64(213832.0)]
2025-05-10 12:41:08,206 - INFO - 
2. Post-Cross Movement (30min):
5min Price Changes (%): []
Maximum Change: 0.000% after 0 minutes
Candle Analysis:
    Body Sizes (%): []
    Upper Shadows (%): []
    Lower Shadows (%): []
Volumes: []
==================================================
2025-05-10 12:45:38,965 - INFO - 
==================================================
EMA Cross Analysis - ACX/USDT
Time: 2025-05-10 12:40:00+09:00
Type: dead
Cross Character (Current): Weak
Cross Character (New): Weak
Price at Cross: 0.2515

1. Pre-Cross Pattern (15min):
EMA Distance Changes (%): ['0.035', '0.013', '0.001', '0.007']
EMA12 Changes (%): ['0.037', '0.038', '0.026', '-0.015']
Price Changes (%): ['0.119', '0.040', '-0.040', '-0.238']
Candle Analysis:
    Body Sizes (%): ['0.079', '0.040', '0.000', '0.278']
    Upper Shadows (%): ['0.000', '0.119', '0.317', '0.000']
    Lower Shadows (%): ['0.198', '0.119', '0.079', '0.119']
Volumes: [np.float64(17945.4), np.float64(22080.7), np.float64(40725.3), np.float64(37627.9)]
2025-05-10 12:45:38,965 - INFO - 
2. Post-Cross Movement (30min):
5min Price Changes (%): ['0.040']
Maximum Change: 0.040% after 5 minutes
Candle Analysis:
    Body Sizes (%): ['0.000']
    Upper Shadows (%): ['0.040']
    Lower Shadows (%): ['0.040']
Volumes: [np.float64(3571.4)]
==================================================
2025-05-10 12:45:39,186 - INFO - 
==================================================
EMA Cross Analysis - LINK/USDT
Time: 2025-05-10 12:45:00+09:00
Type: dead
Cross Character (Current): Weak
Cross Character (New): Weak
Price at Cross: 16.005

1. Pre-Cross Pattern (15min):
EMA Distance Changes (%): ['0.067', '0.031', '0.005', '0.015']
EMA12 Changes (%): ['-0.029', '-0.061', '-0.045', '-0.037']
Price Changes (%): ['-0.187', '-0.237', '0.044', '0.006']
Candle Analysis:
    Body Sizes (%): ['0.187', '0.243', '0.050', '0.000']
    Upper Shadows (%): ['0.068', '0.081', '0.088', '0.031']
    Lower Shadows (%): ['0.000', '0.118', '0.144', '0.031']
Volumes: [np.float64(25393.12), np.float64(62606.12), np.float64(38821.8), np.float64(2711.25)]
2025-05-10 12:45:39,186 - INFO - 
2. Post-Cross Movement (30min):
5min Price Changes (%): []
Maximum Change: 0.000% after 0 minutes
Candle Analysis:
    Body Sizes (%): []
    Upper Shadows (%): []
    Lower Shadows (%): []
Volumes: []
==================================================
2025-05-10 12:45:40,357 - INFO - 
==================================================
EMA Cross Analysis - ORDI/USDT
Time: 2025-05-10 12:45:00+09:00
Type: golden
Cross Character (Current): Weak
Cross Character (New): Weak
Price at Cross: 9.27

1. Pre-Cross Pattern (15min):
EMA Distance Changes (%): ['0.054', '0.044', '0.017', '0.007']
EMA12 Changes (%): ['0.028', '0.012', '0.045', '0.045']
Price Changes (%): ['-0.226', '-0.076', '0.227', '0.043']
Candle Analysis:
    Body Sizes (%): ['0.237', '0.065', '0.249', '0.043']
    Upper Shadows (%): ['0.054', '0.292', '0.108', '0.065']
    Lower Shadows (%): ['0.129', '0.076', '0.141', '0.022']
Volumes: [np.float64(12132.0), np.float64(17325.2), np.float64(17477.5), np.float64(3930.3)]
2025-05-10 12:45:40,357 - INFO - 
2. Post-Cross Movement (30min):
5min Price Changes (%): []
Maximum Change: 0.000% after 0 minutes
Candle Analysis:
    Body Sizes (%): []
    Upper Shadows (%): []
    Lower Shadows (%): []
Volumes: []
==================================================
2025-05-10 12:45:41,012 - INFO - 
==================================================
EMA Cross Analysis - GALA/USDT
Time: 2025-05-10 12:40:00+09:00
Type: dead
Cross Character (Current): Weak
Cross Character (New): Weak
Price at Cross: 0.01958

1. Pre-Cross Pattern (15min):
EMA Distance Changes (%): ['0.057', '0.048', '0.028', '0.008']
EMA12 Changes (%): ['-0.002', '-0.010', '-0.032', '-0.066']
Price Changes (%): ['-0.102', '-0.051', '-0.153', '-0.255']
Candle Analysis:
    Body Sizes (%): ['0.102', '0.102', '0.102', '0.204']
    Upper Shadows (%): ['0.102', '0.254', '0.204', '0.102']
    Lower Shadows (%): ['0.051', '0.000', '0.051', '0.051']
Volumes: [np.float64(7521042.0), np.float64(13594937.0), np.float64(15556308.0), np.float64(15914674.0)]
2025-05-10 12:45:41,012 - INFO - 
2. Post-Cross Movement (30min):
5min Price Changes (%): ['0.102']
Maximum Change: 0.102% after 5 minutes
Candle Analysis:
    Body Sizes (%): ['0.051']
    Upper Shadows (%): ['0.051']
    Lower Shadows (%): ['0.000']
Volumes: [np.float64(1089136.0)]
==================================================
2025-05-10 12:45:43,192 - INFO - 
==================================================
EMA Cross Analysis - ADA/USDT
Time: 2025-05-10 12:45:00+09:00
Type: dead
Cross Character (Current): Weak
Cross Character (New): Weak
Price at Cross: 0.7792

1. Pre-Cross Pattern (15min):
EMA Distance Changes (%): ['0.072', '0.043', '0.014', '0.009']
EMA12 Changes (%): ['-0.011', '-0.047', '-0.049', '-0.042']
Price Changes (%): ['-0.013', '-0.243', '-0.064', '0.000']
Candle Analysis:
    Body Sizes (%): ['0.013', '0.230', '0.051', '0.000']
    Upper Shadows (%): ['0.064', '0.038', '0.115', '0.000']
    Lower Shadows (%): ['0.077', '0.026', '0.090', '0.051']
Volumes: [np.float64(807970.0), np.float64(931587.0), np.float64(1005977.0), np.float64(99128.0)]
2025-05-10 12:45:43,193 - INFO - 
2. Post-Cross Movement (30min):
5min Price Changes (%): []
Maximum Change: 0.000% after 0 minutes
Candle Analysis:
    Body Sizes (%): []
    Upper Shadows (%): []
    Lower Shadows (%): []
Volumes: []
==================================================
2025-05-10 12:45:46,087 - INFO - 
==================================================
EMA Cross Analysis - ZEN/USDT
Time: 2025-05-10 12:40:00+09:00
Type: dead
Cross Character (Current): Weak
Cross Character (New): Weak
Price at Cross: 9.98

1. Pre-Cross Pattern (15min):
EMA Distance Changes (%): ['0.114', '0.078', '0.012', '0.048']
EMA12 Changes (%): ['0.003', '-0.053', '-0.116', '-0.112']
Price Changes (%): ['-0.188', '-0.357', '-0.468', '-0.090']
Candle Analysis:
    Body Sizes (%): ['0.139', '0.348', '0.448', '0.080']
    Upper Shadows (%): ['0.000', '0.070', '0.010', '0.030']
    Lower Shadows (%): ['0.288', '0.000', '0.030', '0.350']
Volumes: [np.float64(2699.7), np.float64(1244.9), np.float64(1452.4), np.float64(4347.2)]
2025-05-10 12:45:46,088 - INFO - 
2. Post-Cross Movement (30min):
5min Price Changes (%): ['0.080']
Maximum Change: 0.080% after 5 minutes
Candle Analysis:
    Body Sizes (%): ['0.040']
    Upper Shadows (%): ['0.010']
    Lower Shadows (%): ['0.010']
Volumes: [np.float64(83.1)]
==================================================
2025-05-10 12:45:46,848 - INFO - 
==================================================
EMA Cross Analysis - BRETT/USDT
Time: 2025-05-10 12:40:00+09:00
Type: golden
Cross Character (Current): Weak
Cross Character (New): Weak
Price at Cross: 0.07801

1. Pre-Cross Pattern (15min):
EMA Distance Changes (%): ['0.077', '0.060', '0.034', '0.048']
EMA12 Changes (%): ['-0.050', '0.022', '0.042', '0.153']
Price Changes (%): ['-0.207', '0.416', '0.155', '0.762']
Candle Analysis:
    Body Sizes (%): ['0.246', '0.416', '0.155', '0.736']
    Upper Shadows (%): ['0.013', '0.052', '0.285', '0.065']
    Lower Shadows (%): ['0.168', '0.026', '0.259', '0.103']
Volumes: [np.float64(131919.0), np.float64(2221971.0), np.float64(566042.0), np.float64(905407.0)]
2025-05-10 12:45:46,849 - INFO - 
2. Post-Cross Movement (30min):
5min Price Changes (%): ['0.141']
Maximum Change: 0.141% after 5 minutes
Candle Analysis:
    Body Sizes (%): ['0.141']
    Upper Shadows (%): ['0.000']
    Lower Shadows (%): ['0.000']
Volumes: [np.float64(81123.0)]
==================================================
2025-05-10 12:50:17,602 - INFO - 
==================================================
EMA Cross Analysis - 1000PEPE/USDT
Time: 2025-05-10 12:45:00+09:00
Type: golden
Cross Character (Current): Weak
Cross Character (New): Weak
Price at Cross: 0.0125453

1. Pre-Cross Pattern (15min):
EMA Distance Changes (%): ['0.010', '0.018', '0.003', '0.045']
EMA12 Changes (%): ['0.003', '-0.016', '0.027', '0.091']
Price Changes (%): ['0.141', '-0.123', '0.269', '0.441']
Candle Analysis:
    Body Sizes (%): ['0.143', '0.120', '0.269', '0.442']
    Upper Shadows (%): ['0.222', '0.339', '0.145', '0.022']
    Lower Shadows (%): ['0.137', '0.038', '0.140', '0.054']
Volumes: [np.float64(243188907.0), np.float64(145303612.0), np.float64(139888464.0), np.float64(190550498.0)]
2025-05-10 12:50:17,603 - INFO - 
2. Post-Cross Movement (30min):
5min Price Changes (%): ['-0.006']
Maximum Change: -0.006% after 5 minutes
Candle Analysis:
    Body Sizes (%): ['0.006']
    Upper Shadows (%): ['0.033']
    Lower Shadows (%): ['0.026']
Volumes: [np.float64(21619129.0)]
==================================================
2025-05-10 12:50:18,038 - INFO - 
==================================================
EMA Cross Analysis - LINK/USDT
Time: 2025-05-10 12:45:00+09:00
Type: dead
Cross Character (Current): Weak
Cross Character (New): Weak
Price at Cross: 16.013

1. Pre-Cross Pattern (15min):
EMA Distance Changes (%): ['0.067', '0.031', '0.005', '0.011']
EMA12 Changes (%): ['-0.029', '-0.061', '-0.045', '-0.030']
Price Changes (%): ['-0.187', '-0.237', '0.044', '0.056']
Candle Analysis:
    Body Sizes (%): ['0.187', '0.243', '0.050', '0.050']
    Upper Shadows (%): ['0.068', '0.081', '0.088', '0.162']
    Lower Shadows (%): ['0.000', '0.118', '0.144', '0.050']
Volumes: [np.float64(25393.12), np.float64(62606.12), np.float64(38821.8), np.float64(49402.79)]
2025-05-10 12:50:18,038 - INFO - 
2. Post-Cross Movement (30min):
5min Price Changes (%): ['-0.012']
Maximum Change: -0.012% after 5 minutes
Candle Analysis:
    Body Sizes (%): ['0.019']
    Upper Shadows (%): ['0.025']
    Lower Shadows (%): ['0.000']
Volumes: [np.float64(1959.93)]
==================================================
2025-05-10 12:50:19,220 - INFO - 
==================================================
EMA Cross Analysis - ORDI/USDT
Time: 2025-05-10 12:45:00+09:00
Type: golden
Cross Character (Current): Weak
Cross Character (New): Weak
Price at Cross: 9.283

1. Pre-Cross Pattern (15min):
EMA Distance Changes (%): ['0.054', '0.044', '0.017', '0.019']
EMA12 Changes (%): ['0.028', '0.012', '0.045', '0.067']
Price Changes (%): ['-0.226', '-0.076', '0.227', '0.183']
Candle Analysis:
    Body Sizes (%): ['0.237', '0.065', '0.249', '0.183']
    Upper Shadows (%): ['0.054', '0.292', '0.108', '0.259']
    Lower Shadows (%): ['0.129', '0.076', '0.141', '0.022']
Volumes: [np.float64(12132.0), np.float64(17325.2), np.float64(17477.5), np.float64(25046.1)]
2025-05-10 12:50:19,220 - INFO - 
2. Post-Cross Movement (30min):
5min Price Changes (%): ['-0.022']
Maximum Change: -0.022% after 5 minutes
Candle Analysis:
    Body Sizes (%): ['0.022']
    Upper Shadows (%): ['0.032']
    Lower Shadows (%): ['0.032']
Volumes: [np.float64(371.4)]
==================================================
2025-05-10 12:50:22,056 - INFO - 
==================================================
EMA Cross Analysis - ADA/USDT
Time: 2025-05-10 12:45:00+09:00
Type: dead
Cross Character (Current): Weak
Cross Character (New): Weak
Price at Cross: 0.7796

1. Pre-Cross Pattern (15min):
EMA Distance Changes (%): ['0.072', '0.043', '0.014', '0.005']
EMA12 Changes (%): ['-0.011', '-0.047', '-0.049', '-0.034']
Price Changes (%): ['-0.013', '-0.243', '-0.064', '0.051']
Candle Analysis:
    Body Sizes (%): ['0.013', '0.230', '0.051', '0.051']
    Upper Shadows (%): ['0.064', '0.038', '0.115', '0.180']
    Lower Shadows (%): ['0.077', '0.026', '0.090', '0.051']
Volumes: [np.float64(807970.0), np.float64(931587.0), np.float64(1005977.0), np.float64(869292.0)]
2025-05-10 12:50:22,056 - INFO - 
2. Post-Cross Movement (30min):
5min Price Changes (%): ['-0.051']
Maximum Change: -0.051% after 5 minutes
Candle Analysis:
    Body Sizes (%): ['0.051']
    Upper Shadows (%): ['0.013']
    Lower Shadows (%): ['0.000']
Volumes: [np.float64(14489.0)]
==================================================
2025-05-10 12:56:03,472 - INFO - 
==================================================
EMA Cross Analysis - DOGS/USDT
Time: 2025-05-10 12:55:00+09:00
Type: golden
Cross Character (Current): Weak
Cross Character (New): Weak
Price at Cross: 0.0002132

1. Pre-Cross Pattern (15min):
EMA Distance Changes (%): ['0.096', '0.076', '0.014', '0.041']
EMA12 Changes (%): ['0.064', '0.025', '0.108', '0.106']
Price Changes (%): ['-0.702', '-0.189', '0.567', '0.094']
Candle Analysis:
    Body Sizes (%): ['0.655', '0.189', '0.614', '0.047']
    Upper Shadows (%): ['0.187', '0.848', '0.000', '0.235']
    Lower Shadows (%): ['0.702', '0.189', '0.236', '0.141']
Volumes: [np.float64(1307240387.0), np.float64(877642149.0), np.float64(487420664.0), np.float64(180746373.0)]
2025-05-10 12:56:03,472 - INFO - 
2. Post-Cross Movement (30min):
5min Price Changes (%): []
Maximum Change: 0.000% after 0 minutes
Candle Analysis:
    Body Sizes (%): []
    Upper Shadows (%): []
    Lower Shadows (%): []
Volumes: []
==================================================
2025-05-10 12:56:07,961 - INFO - 
==================================================
EMA Cross Analysis - GALA/USDT
Time: 2025-05-10 12:50:00+09:00
Type: golden
Cross Character (Current): Weak
Cross Character (New): Weak
Price at Cross: 0.01972

1. Pre-Cross Pattern (15min):
EMA Distance Changes (%): ['0.028', '0.008', '0.028', '0.005']
EMA12 Changes (%): ['-0.032', '-0.066', '-0.040', '0.060']
Price Changes (%): ['-0.153', '-0.255', '0.102', '0.612']
Candle Analysis:
    Body Sizes (%): ['0.102', '0.204', '0.051', '0.612']
    Upper Shadows (%): ['0.204', '0.102', '0.306', '0.000']
    Lower Shadows (%): ['0.051', '0.051', '0.000', '0.000']
Volumes: [np.float64(15556308.0), np.float64(15914674.0), np.float64(12180623.0), np.float64(19528665.0)]
2025-05-10 12:56:07,961 - INFO - 
2. Post-Cross Movement (30min):
5min Price Changes (%): ['0.000']
Maximum Change: 0.000% after 0 minutes
Candle Analysis:
    Body Sizes (%): ['0.000']
    Upper Shadows (%): ['0.051']
    Lower Shadows (%): ['0.101']
Volumes: [np.float64(1952381.0)]
==================================================
2025-05-10 13:00:42,010 - INFO - 
==================================================
EMA Cross Analysis - DOGS/USDT
Time: 2025-05-10 12:55:00+09:00
Type: golden
Cross Character (Current): Weak
Cross Character (New): Weak
Price at Cross: 0.0002138

1. Pre-Cross Pattern (15min):
EMA Distance Changes (%): ['0.096', '0.076', '0.014', '0.064']
EMA12 Changes (%): ['0.064', '0.025', '0.108', '0.150']
Price Changes (%): ['-0.702', '-0.189', '0.567', '0.376']
Candle Analysis:
    Body Sizes (%): ['0.655', '0.189', '0.614', '0.328']
    Upper Shadows (%): ['0.187', '0.848', '0.000', '0.282']
    Lower Shadows (%): ['0.702', '0.189', '0.236', '0.141']
Volumes: [np.float64(1307240387.0), np.float64(877642149.0), np.float64(487420664.0), np.float64(483067125.0)]
2025-05-10 13:00:42,010 - INFO - 
2. Post-Cross Movement (30min):
5min Price Changes (%): ['-0.374']
Maximum Change: -0.374% after 5 minutes
Candle Analysis:
    Body Sizes (%): ['0.328']
    Upper Shadows (%): ['0.000']
    Lower Shadows (%): ['0.047']
Volumes: [np.float64(90271302.0)]
==================================================
2025-05-10 13:00:45,671 - INFO - 
==================================================
EMA Cross Analysis - PHA/USDT
Time: 2025-05-10 12:55:00+09:00
Type: golden
Cross Character (Current): Weak
Cross Character (New): Weak
Price at Cross: 0.14128

1. Pre-Cross Pattern (15min):
EMA Distance Changes (%): ['0.034', '0.030', '0.027', '0.009']
EMA12 Changes (%): ['-0.001', '0.002', '0.002', '0.065']
Price Changes (%): ['0.057', '0.021', '0.000', '0.412']
Candle Analysis:
    Body Sizes (%): ['0.043', '0.014', '0.028', '0.362']
    Upper Shadows (%): ['0.107', '0.199', '0.298', '0.099']
    Lower Shadows (%): ['0.220', '0.043', '0.099', '0.000']
Volumes: [np.float64(66656.0), np.float64(35294.0), np.float64(115161.0), np.float64(79953.0)]
2025-05-10 13:00:45,672 - INFO - 
2. Post-Cross Movement (30min):
5min Price Changes (%): ['-0.170']
Maximum Change: -0.170% after 5 minutes
Candle Analysis:
    Body Sizes (%): ['0.149']
    Upper Shadows (%): ['0.000']
    Lower Shadows (%): ['0.127']
Volumes: [np.float64(26605.0)]
==================================================
2025-05-10 13:00:46,981 - INFO - 
==================================================
EMA Cross Analysis - GRASS/USDT
Time: 2025-05-10 13:00:00+09:00
Type: golden
Cross Character (Current): Weak
Cross Character (New): Weak
Price at Cross: 1.6411

1. Pre-Cross Pattern (15min):
EMA Distance Changes (%): ['0.084', '0.064', '0.027', '0.002']
EMA12 Changes (%): ['-0.005', '0.026', '0.063', '0.051']
Price Changes (%): ['0.018', '0.196', '0.269', '-0.012']
Candle Analysis:
    Body Sizes (%): ['0.018', '0.184', '0.269', '0.018']
    Upper Shadows (%): ['0.171', '0.080', '0.110', '0.030']
    Lower Shadows (%): ['0.086', '0.037', '0.031', '0.085']
Volumes: [np.float64(35461.5), np.float64(11100.5), np.float64(35445.5), np.float64(5194.3)]
2025-05-10 13:00:46,981 - INFO - 
2. Post-Cross Movement (30min):
5min Price Changes (%): []
Maximum Change: 0.000% after 0 minutes
Candle Analysis:
    Body Sizes (%): []
    Upper Shadows (%): []
    Lower Shadows (%): []
Volumes: []
==================================================
2025-05-10 13:05:25,792 - INFO - 
==================================================
EMA Cross Analysis - GRASS/USDT
Time: 2025-05-10 13:00:00+09:00
Type: golden
Cross Character (Current): Weak
Cross Character (New): Weak
Price at Cross: 1.6414

1. Pre-Cross Pattern (15min):
EMA Distance Changes (%): ['0.084', '0.064', '0.027', '0.003']
EMA12 Changes (%): ['-0.005', '0.026', '0.063', '0.054']
Price Changes (%): ['0.018', '0.196', '0.269', '0.006']
Candle Analysis:
    Body Sizes (%): ['0.018', '0.184', '0.269', '0.000']
    Upper Shadows (%): ['0.171', '0.080', '0.110', '0.055']
    Lower Shadows (%): ['0.086', '0.037', '0.031', '0.104']
Volumes: [np.float64(35461.5), np.float64(11100.5), np.float64(35445.5), np.float64(11458.5)]
2025-05-10 13:05:25,793 - INFO - 
2. Post-Cross Movement (30min):
5min Price Changes (%): ['0.085']
Maximum Change: 0.085% after 5 minutes
Candle Analysis:
    Body Sizes (%): ['0.079']
    Upper Shadows (%): ['0.000']
    Lower Shadows (%): ['0.000']
Volumes: [np.float64(1117.7)]
==================================================
2025-05-10 13:05:29,537 - INFO - 
==================================================
EMA Cross Analysis - MOVE/USDT
Time: 2025-05-10 13:05:00+09:00
Type: golden
Cross Character (Current): Weak
Cross Character (New): Weak
Price at Cross: 0.1902

1. Pre-Cross Pattern (15min):
EMA Distance Changes (%): ['0.159', '0.111', '0.030', '0.045']
EMA12 Changes (%): ['0.014', '0.069', '0.140', '0.143']
Price Changes (%): ['0.160', '0.372', '0.529', '0.158']
Candle Analysis:
    Body Sizes (%): ['0.160', '0.319', '0.529', '0.105']
    Upper Shadows (%): ['0.160', '0.106', '0.159', '0.105']
    Lower Shadows (%): ['0.106', '0.053', '0.000', '0.000']
Volumes: [np.float64(567713.0), np.float64(564312.0), np.float64(2260574.0), np.float64(238019.0)]
2025-05-10 13:05:29,537 - INFO - 
2. Post-Cross Movement (30min):
5min Price Changes (%): []
Maximum Change: 0.000% after 0 minutes
Candle Analysis:
    Body Sizes (%): []
    Upper Shadows (%): []
    Lower Shadows (%): []
Volumes: []
==================================================
2025-05-10 13:10:03,264 - INFO - 
==================================================
EMA Cross Analysis - GALA/USDT
Time: 2025-05-10 13:05:00+09:00
Type: dead
Cross Character (Current): Weak
Cross Character (New): Weak
Price at Cross: 0.01948

1. Pre-Cross Pattern (15min):
EMA Distance Changes (%): ['0.005', '0.023', '0.012', '0.062']
EMA12 Changes (%): ['0.060', '0.035', '-0.017', '-0.140']
Price Changes (%): ['0.612', '-0.101', '-0.305', '-0.815']
Candle Analysis:
    Body Sizes (%): ['0.612', '0.101', '0.355', '0.815']
    Upper Shadows (%): ['0.000', '0.101', '0.000', '0.051']
    Lower Shadows (%): ['0.000', '0.000', '0.203', '0.051']
Volumes: [np.float64(19528665.0), np.float64(7594820.0), np.float64(13419890.0), np.float64(20460457.0)]
2025-05-10 13:10:03,264 - INFO - 
2. Post-Cross Movement (30min):
5min Price Changes (%): ['-0.051']
Maximum Change: -0.051% after 5 minutes
Candle Analysis:
    Body Sizes (%): ['0.000']
    Upper Shadows (%): ['0.000']
    Lower Shadows (%): ['0.000']
Volumes: [np.float64(13216.0)]
==================================================
2025-05-10 13:10:04,615 - INFO - 
==================================================
EMA Cross Analysis - ARPA/USDT
Time: 2025-05-10 13:05:00+09:00
Type: dead
Cross Character (Current): Weak
Cross Character (New): Weak
Price at Cross: 0.02756

1. Pre-Cross Pattern (15min):
EMA Distance Changes (%): ['0.012', '0.026', '0.034', '0.003']
EMA12 Changes (%): ['-0.018', '0.029', '0.019', '-0.067']
Price Changes (%): ['0.145', '0.289', '-0.036', '-0.541']
Candle Analysis:
    Body Sizes (%): ['0.109', '0.253', '0.000', '0.577']
    Upper Shadows (%): ['0.145', '0.000', '0.397', '0.108']
    Lower Shadows (%): ['0.000', '0.000', '0.144', '0.036']
Volumes: [np.float64(287322.0), np.float64(141788.0), np.float64(1108916.0), np.float64(800366.0)]
2025-05-10 13:10:04,615 - INFO - 
2. Post-Cross Movement (30min):
5min Price Changes (%): ['-0.036']
Maximum Change: -0.036% after 5 minutes
Candle Analysis:
    Body Sizes (%): ['0.000']
    Upper Shadows (%): ['0.000']
    Lower Shadows (%): ['0.000']
Volumes: [np.float64(17319.0)]
==================================================
2025-05-10 13:10:05,050 - INFO - 
==================================================
EMA Cross Analysis - XRP/USDT
Time: 2025-05-10 13:10:00+09:00
Type: dead
Cross Character (Current): Weak
Cross Character (New): Weak
Price at Cross: 2.3513

1. Pre-Cross Pattern (15min):
EMA Distance Changes (%): ['0.083', '0.063', '0.014', '0.024']
EMA12 Changes (%): ['0.013', '-0.027', '-0.085', '-0.072']
Price Changes (%): ['-0.008', '-0.245', '-0.402', '0.000']
Candle Analysis:
    Body Sizes (%): ['0.008', '0.249', '0.407', '0.004']
    Upper Shadows (%): ['0.021', '0.000', '0.072', '0.000']
    Lower Shadows (%): ['0.059', '0.051', '0.021', '0.009']
Volumes: [np.float64(848446.4), np.float64(1656401.3), np.float64(3175640.1), np.float64(58239.3)]
2025-05-10 13:10:05,050 - INFO - 
2. Post-Cross Movement (30min):
5min Price Changes (%): []
Maximum Change: 0.000% after 0 minutes
Candle Analysis:
    Body Sizes (%): []
    Upper Shadows (%): []
    Lower Shadows (%): []
Volumes: []
==================================================
2025-05-10 13:10:05,707 - INFO - 
==================================================
EMA Cross Analysis - RENDER/USDT
Time: 2025-05-10 13:10:00+09:00
Type: dead
Cross Character (Current): Weak
Cross Character (New): Weak
Price at Cross: 4.965

1. Pre-Cross Pattern (15min):
EMA Distance Changes (%): ['0.094', '0.067', '0.005', '0.045']
EMA12 Changes (%): ['0.045', '-0.039', '-0.110', '-0.096']
Price Changes (%): ['0.140', '-0.498', '-0.501', '-0.020']
Candle Analysis:
    Body Sizes (%): ['0.120', '0.479', '0.501', '0.020']
    Upper Shadows (%): ['0.060', '0.000', '0.200', '0.000']
    Lower Shadows (%): ['0.000', '0.080', '0.000', '0.000']
Volumes: [np.float64(8028.6), np.float64(16667.8), np.float64(24041.3), np.float64(10.1)]
2025-05-10 13:10:05,707 - INFO - 
2. Post-Cross Movement (30min):
5min Price Changes (%): []
Maximum Change: 0.000% after 0 minutes
Candle Analysis:
    Body Sizes (%): []
    Upper Shadows (%): []
    Lower Shadows (%): []
Volumes: []
==================================================
2025-05-10 13:10:07,103 - INFO - 
==================================================
EMA Cross Analysis - AVAX/USDT
Time: 2025-05-10 13:10:00+09:00
Type: dead
Cross Character (Current): Weak
Cross Character (New): Weak
Price at Cross: 23.275

1. Pre-Cross Pattern (15min):
EMA Distance Changes (%): ['0.108', '0.076', '0.005', '0.048']
EMA12 Changes (%): ['0.013', '-0.048', '-0.125', '-0.102']
Price Changes (%): ['0.068', '-0.383', '-0.547', '0.026']
Candle Analysis:
    Body Sizes (%): ['0.064', '0.387', '0.547', '0.021']
    Upper Shadows (%): ['0.145', '0.004', '0.043', '0.017']
    Lower Shadows (%): ['0.017', '0.089', '0.013', '0.004']
Volumes: [np.float64(16393.0), np.float64(34229.0), np.float64(46358.0), np.float64(847.0)]
2025-05-10 13:10:07,103 - INFO - 
2. Post-Cross Movement (30min):
5min Price Changes (%): []
Maximum Change: 0.000% after 0 minutes
Candle Analysis:
    Body Sizes (%): []
    Upper Shadows (%): []
    Lower Shadows (%): []
Volumes: []
==================================================
2025-05-10 13:10:08,415 - INFO - 
==================================================
EMA Cross Analysis - ONDOUSDT
Time: 2025-05-10 13:10:00+09:00
Type: dead
Cross Character (Current): Weak
Cross Character (New): Weak
Price at Cross: 1.0045

1. Pre-Cross Pattern (15min):
EMA Distance Changes (%): ['0.072', '0.062', '0.011', '0.031']
EMA12 Changes (%): ['0.049', '-0.009', '-0.090', '-0.078']
Price Changes (%): ['0.079', '-0.326', '-0.535', '-0.010']
Candle Analysis:
    Body Sizes (%): ['0.079', '0.326', '0.545', '0.010']
    Upper Shadows (%): ['0.207', '0.000', '0.168', '0.010']
    Lower Shadows (%): ['0.020', '0.099', '0.010', '0.040']
Volumes: [np.float64(319555.5), np.float64(303911.1), np.float64(544875.8), np.float64(41710.4)]
2025-05-10 13:10:08,415 - INFO - 
2. Post-Cross Movement (30min):
5min Price Changes (%): []
Maximum Change: 0.000% after 0 minutes
Candle Analysis:
    Body Sizes (%): []
    Upper Shadows (%): []
    Lower Shadows (%): []
Volumes: []
==================================================
2025-05-10 13:11:11,837 - INFO - 
==================================================
EMA Cross Analysis - BAKE/USDT
Time: 2025-05-10 13:10:00+09:00
Type: dead
Cross Character (Current): Weak
Cross Character (New): Weak
Price at Cross: 0.1472

1. Pre-Cross Pattern (15min):
EMA Distance Changes (%): ['0.103', '0.097', '0.042', '0.002']
EMA12 Changes (%): ['0.027', '0.002', '-0.092', '-0.078']
Price Changes (%): ['0.203', '-0.135', '-0.608', '0.000']
Candle Analysis:
    Body Sizes (%): ['0.135', '0.135', '0.608', '0.068']
    Upper Shadows (%): ['0.000', '0.000', '0.135', '0.136']
    Lower Shadows (%): ['0.000', '0.135', '0.135', '0.000']
Volumes: [np.float64(81946.0), np.float64(170093.0), np.float64(277304.0), np.float64(46534.0)]
2025-05-10 13:11:11,837 - INFO - 
2. Post-Cross Movement (30min):
5min Price Changes (%): []
Maximum Change: 0.000% after 0 minutes
Candle Analysis:
    Body Sizes (%): []
    Upper Shadows (%): []
    Lower Shadows (%): []
Volumes: []
==================================================
2025-05-10 13:11:12,438 - INFO - 
==================================================
EMA Cross Analysis - ACX/USDT
Time: 2025-05-10 13:05:00+09:00
Type: dead
Cross Character (Current): Weak
Cross Character (New): Weak
Price at Cross: 0.2502

1. Pre-Cross Pattern (15min):
EMA Distance Changes (%): ['0.035', '0.051', '0.028', '0.028']
EMA12 Changes (%): ['0.057', '0.036', '-0.037', '-0.104']
Price Changes (%): ['0.238', '-0.079', '-0.436', '-0.477']
Candle Analysis:
    Body Sizes (%): ['0.238', '0.119', '0.396', '0.477']
    Upper Shadows (%): ['0.159', '0.079', '0.079', '0.119']
    Lower Shadows (%): ['0.040', '0.158', '0.158', '0.000']
Volumes: [np.float64(18940.1), np.float64(37143.4), np.float64(54664.1), np.float64(20117.1)]
2025-05-10 13:11:12,438 - INFO - 
2. Post-Cross Movement (30min):
5min Price Changes (%): ['0.040']
Maximum Change: 0.040% after 5 minutes
Candle Analysis:
    Body Sizes (%): ['0.040']
    Upper Shadows (%): ['0.120']
    Lower Shadows (%): ['0.040']
Volumes: [np.float64(7693.8)]
==================================================
2025-05-10 13:11:13,633 - INFO - 
==================================================
EMA Cross Analysis - PHA/USDT
Time: 2025-05-10 13:05:00+09:00
Type: dead
Cross Character (Current): Weak
Cross Character (New): Weak
Price at Cross: 0.13944

1. Pre-Cross Pattern (15min):
EMA Distance Changes (%): ['0.027', '0.009', '0.005', '0.071']
EMA12 Changes (%): ['0.002', '0.065', '-0.007', '-0.145']
Price Changes (%): ['0.000', '0.412', '-0.403', '-0.903']
Candle Analysis:
    Body Sizes (%): ['0.028', '0.362', '0.382', '0.924']
    Upper Shadows (%): ['0.298', '0.099', '0.000', '0.092']
    Lower Shadows (%): ['0.099', '0.000', '0.156', '0.050']
Volumes: [np.float64(115161.0), np.float64(79953.0), np.float64(164631.0), np.float64(115753.0)]
2025-05-10 13:11:13,633 - INFO - 
2. Post-Cross Movement (30min):
5min Price Changes (%): ['-0.079']
Maximum Change: -0.079% after 5 minutes
Candle Analysis:
    Body Sizes (%): ['0.072']
    Upper Shadows (%): ['0.143']
    Lower Shadows (%): ['0.000']
Volumes: [np.float64(25178.0)]
==================================================
2025-05-10 13:11:14,860 - INFO - 
==================================================
EMA Cross Analysis - GRASS/USDT
Time: 2025-05-10 13:05:00+09:00
Type: dead
Cross Character (Current): Weak
Cross Character (New): Weak
Price at Cross: 1.6349

1. Pre-Cross Pattern (15min):
EMA Distance Changes (%): ['0.064', '0.027', '0.003', '0.005']
EMA12 Changes (%): ['0.026', '0.063', '0.054', '-0.015']
Price Changes (%): ['0.196', '0.269', '0.006', '-0.396']
Candle Analysis:
    Body Sizes (%): ['0.184', '0.269', '0.000', '0.402']
    Upper Shadows (%): ['0.080', '0.110', '0.055', '0.079']
    Lower Shadows (%): ['0.037', '0.031', '0.104', '0.067']
Volumes: [np.float64(11100.5), np.float64(35445.5), np.float64(11458.5), np.float64(24071.2)]
2025-05-10 13:11:14,861 - INFO - 
2. Post-Cross Movement (30min):
5min Price Changes (%): ['0.055']
Maximum Change: 0.055% after 5 minutes
Candle Analysis:
    Body Sizes (%): ['0.061']
    Upper Shadows (%): ['0.092']
    Lower Shadows (%): ['0.000']
Volumes: [np.float64(3770.6)]
==================================================
2025-05-10 13:15:49,333 - INFO - 
==================================================
EMA Cross Analysis - BAKE/USDT
Time: 2025-05-10 13:10:00+09:00
Type: dead
Cross Character (Current): Weak
Cross Character (New): Weak
Price at Cross: 0.1471

1. Pre-Cross Pattern (15min):
EMA Distance Changes (%): ['0.103', '0.097', '0.042', '0.007']
EMA12 Changes (%): ['0.027', '0.002', '-0.092', '-0.088']
Price Changes (%): ['0.203', '-0.135', '-0.608', '-0.068']
Candle Analysis:
    Body Sizes (%): ['0.135', '0.135', '0.608', '0.000']
    Upper Shadows (%): ['0.000', '0.000', '0.135', '0.272']
    Lower Shadows (%): ['0.000', '0.135', '0.135', '0.340']
Volumes: [np.float64(81946.0), np.float64(170093.0), np.float64(277304.0), np.float64(541514.0)]
2025-05-10 13:15:49,333 - INFO - 
2. Post-Cross Movement (30min):
5min Price Changes (%): ['-0.068']
Maximum Change: -0.068% after 5 minutes
Candle Analysis:
    Body Sizes (%): ['0.068']
    Upper Shadows (%): ['0.068']
    Lower Shadows (%): ['0.068']
Volumes: [np.float64(40517.0)]
==================================================
2025-05-10 13:15:52,478 - INFO - 
==================================================
EMA Cross Analysis - GRASS/USDT
Time: 2025-05-10 13:10:00+09:00
Type: golden
Cross Character (Current): Weak
Cross Character (New): Weak
Price at Cross: 1.6404

1. Pre-Cross Pattern (15min):
EMA Distance Changes (%): ['0.027', '0.003', '0.005', '0.016']
EMA12 Changes (%): ['0.063', '0.054', '-0.015', '0.039']
Price Changes (%): ['0.269', '0.006', '-0.396', '0.336']
Candle Analysis:
    Body Sizes (%): ['0.269', '0.000', '0.402', '0.343']
    Upper Shadows (%): ['0.110', '0.055', '0.079', '0.073']
    Lower Shadows (%): ['0.031', '0.104', '0.067', '0.000']
Volumes: [np.float64(35445.5), np.float64(11458.5), np.float64(24071.2), np.float64(16864.7)]
2025-05-10 13:15:52,478 - INFO - 
2. Post-Cross Movement (30min):
5min Price Changes (%): ['0.030']
Maximum Change: 0.030% after 5 minutes
Candle Analysis:
    Body Sizes (%): ['0.006']
    Upper Shadows (%): ['0.037']
    Lower Shadows (%): ['0.079']
Volumes: [np.float64(2198.4)]
==================================================
2025-05-10 13:15:54,000 - INFO - 
==================================================
EMA Cross Analysis - XRP/USDT
Time: 2025-05-10 13:10:00+09:00
Type: dead
Cross Character (Current): Weak
Cross Character (New): Weak
Price at Cross: 2.3569

1. Pre-Cross Pattern (15min):
EMA Distance Changes (%): ['0.083', '0.063', '0.014', '0.005']
EMA12 Changes (%): ['0.013', '-0.027', '-0.085', '-0.035']
Price Changes (%): ['-0.008', '-0.245', '-0.402', '0.238']
Candle Analysis:
    Body Sizes (%): ['0.008', '0.249', '0.407', '0.234']
    Upper Shadows (%): ['0.021', '0.000', '0.072', '0.004']
    Lower Shadows (%): ['0.059', '0.051', '0.021', '0.013']
Volumes: [np.float64(848446.4), np.float64(1656401.3), np.float64(3175640.1), np.float64(1319875.4)]
2025-05-10 13:15:54,000 - INFO - 
2. Post-Cross Movement (30min):
5min Price Changes (%): ['-0.106']
Maximum Change: -0.106% after 5 minutes
Candle Analysis:
    Body Sizes (%): ['0.110']
    Upper Shadows (%): ['0.000']
    Lower Shadows (%): ['0.013']
Volumes: [np.float64(214851.9)]
==================================================
2025-05-10 13:15:54,434 - INFO - 
==================================================
EMA Cross Analysis - WLD/USDT
Time: 2025-05-10 13:15:00+09:00
Type: dead
Cross Character (Current): Strong
Cross Character (New): Weak
Price at Cross: 1.1531

1. Pre-Cross Pattern (15min):
EMA Distance Changes (%): ['0.319', '0.184', '0.076', '0.022']
EMA12 Changes (%): ['-0.110', '-0.217', '-0.179', '-0.176']
Price Changes (%): ['-1.188', '-0.808', '0.035', '-0.165']
Candle Analysis:
    Body Sizes (%): ['1.163', '0.799', '0.035', '0.165']
    Upper Shadows (%): ['0.000', '0.172', '0.208', '0.009']
    Lower Shadows (%): ['0.280', '0.009', '0.355', '0.069']
Volumes: [np.float64(589503.0), np.float64(943932.0), np.float64(1088047.0), np.float64(95849.0)]
2025-05-10 13:15:54,434 - INFO - 
2. Post-Cross Movement (30min):
5min Price Changes (%): []
Maximum Change: 0.000% after 0 minutes
Candle Analysis:
    Body Sizes (%): []
    Upper Shadows (%): []
    Lower Shadows (%): []
Volumes: []
==================================================
2025-05-10 13:15:54,652 - INFO - 
==================================================
EMA Cross Analysis - RENDER/USDT
Time: 2025-05-10 13:10:00+09:00
Type: dead
Cross Character (Current): Weak
Cross Character (New): Weak
Price at Cross: 4.98

1. Pre-Cross Pattern (15min):
EMA Distance Changes (%): ['0.094', '0.067', '0.005', '0.021']
EMA12 Changes (%): ['0.045', '-0.039', '-0.110', '-0.050']
Price Changes (%): ['0.140', '-0.498', '-0.501', '0.282']
Candle Analysis:
    Body Sizes (%): ['0.120', '0.479', '0.501', '0.282']
    Upper Shadows (%): ['0.060', '0.000', '0.200', '0.101']
    Lower Shadows (%): ['0.000', '0.080', '0.000', '0.040']
Volumes: [np.float64(8028.6), np.float64(16667.8), np.float64(24041.3), np.float64(26484.0)]
2025-05-10 13:15:54,652 - INFO - 
2. Post-Cross Movement (30min):
5min Price Changes (%): ['-0.080']
Maximum Change: -0.080% after 5 minutes
Candle Analysis:
    Body Sizes (%): ['0.060']
    Upper Shadows (%): ['0.000']
    Lower Shadows (%): ['0.100']
Volumes: [np.float64(4746.5)]
==================================================
2025-05-10 13:15:55,999 - INFO - 
==================================================
EMA Cross Analysis - AVAX/USDT
Time: 2025-05-10 13:10:00+09:00
Type: dead
Cross Character (Current): Weak
Cross Character (New): Weak
Price at Cross: 23.314

1. Pre-Cross Pattern (15min):
EMA Distance Changes (%): ['0.108', '0.076', '0.005', '0.035']
EMA12 Changes (%): ['0.013', '-0.048', '-0.125', '-0.076']
Price Changes (%): ['0.068', '-0.383', '-0.547', '0.193']
Candle Analysis:
    Body Sizes (%): ['0.064', '0.387', '0.547', '0.189']
    Upper Shadows (%): ['0.145', '0.004', '0.043', '0.099']
    Lower Shadows (%): ['0.017', '0.089', '0.013', '0.009']
Volumes: [np.float64(16393.0), np.float64(34229.0), np.float64(46358.0), np.float64(29772.0)]
2025-05-10 13:15:55,999 - INFO - 
2. Post-Cross Movement (30min):
5min Price Changes (%): ['-0.056']
Maximum Change: -0.056% after 5 minutes
Candle Analysis:
    Body Sizes (%): ['0.056']
    Upper Shadows (%): ['0.013']
    Lower Shadows (%): ['0.077']
Volumes: [np.float64(6820.0)]
==================================================
2025-05-10 13:15:57,307 - INFO - 
==================================================
EMA Cross Analysis - ONDOUSDT
Time: 2025-05-10 13:10:00+09:00
Type: dead
Cross Character (Current): Weak
Cross Character (New): Weak
Price at Cross: 1.0062

1. Pre-Cross Pattern (15min):
EMA Distance Changes (%): ['0.072', '0.062', '0.011', '0.017']
EMA12 Changes (%): ['0.049', '-0.009', '-0.090', '-0.052']
Price Changes (%): ['0.079', '-0.326', '-0.535', '0.159']
Candle Analysis:
    Body Sizes (%): ['0.079', '0.326', '0.545', '0.159']
    Upper Shadows (%): ['0.207', '0.000', '0.168', '0.050']
    Lower Shadows (%): ['0.020', '0.099', '0.010', '0.149']
Volumes: [np.float64(319555.5), np.float64(303911.1), np.float64(544875.8), np.float64(364512.3)]
2025-05-10 13:15:57,307 - INFO - 
2. Post-Cross Movement (30min):
5min Price Changes (%): ['-0.010']
Maximum Change: -0.010% after 5 minutes
Candle Analysis:
    Body Sizes (%): ['0.000']
    Upper Shadows (%): ['0.089']
    Lower Shadows (%): ['0.070']
Volumes: [np.float64(48783.4)]
==================================================
2025-05-10 13:20:26,292 - INFO - 
==================================================
EMA Cross Analysis - DOGS/USDT
Time: 2025-05-10 13:15:00+09:00
Type: dead
Cross Character (Current): Weak
Cross Character (New): Weak
Price at Cross: 0.0002102

1. Pre-Cross Pattern (15min):
EMA Distance Changes (%): ['0.120', '0.089', '0.063', '0.014']
EMA12 Changes (%): ['0.119', '-0.044', '-0.037', '-0.140']
Price Changes (%): ['-0.047', '-0.936', '0.000', '-0.709']
Candle Analysis:
    Body Sizes (%): ['0.000', '0.936', '0.000', '0.662']
    Upper Shadows (%): ['0.047', '0.608', '0.331', '0.095']
    Lower Shadows (%): ['0.796', '0.187', '0.709', '0.473']
Volumes: [np.float64(625690584.0), np.float64(1516002367.0), np.float64(673017852.0), np.float64(857989746.0)]
2025-05-10 13:20:26,292 - INFO - 
2. Post-Cross Movement (30min):
5min Price Changes (%): ['-0.238']
Maximum Change: -0.238% after 5 minutes
Candle Analysis:
    Body Sizes (%): ['0.190']
    Upper Shadows (%): ['0.048']
    Lower Shadows (%): ['0.048']
Volumes: [np.float64(53591965.0)]
==================================================
2025-05-10 13:20:33,398 - INFO - 
==================================================
EMA Cross Analysis - WLD/USDT
Time: 2025-05-10 13:20:00+09:00
Type: dead
Cross Character (Current): Weak
Cross Character (New): Weak
Price at Cross: 1.1577

1. Pre-Cross Pattern (15min):
EMA Distance Changes (%): ['0.184', '0.076', '0.011', '0.042']
EMA12 Changes (%): ['-0.217', '-0.179', '-0.115', '-0.098']
Price Changes (%): ['-0.808', '0.035', '0.242', '-0.009']
Candle Analysis:
    Body Sizes (%): ['0.799', '0.035', '0.242', '0.009']
    Upper Shadows (%): ['0.172', '0.208', '0.173', '0.078']
    Lower Shadows (%): ['0.009', '0.355', '0.494', '0.121']
Volumes: [np.float64(943932.0), np.float64(1088047.0), np.float64(606058.0), np.float64(42078.0)]
2025-05-10 13:20:33,398 - INFO - 
2. Post-Cross Movement (30min):
5min Price Changes (%): []
Maximum Change: 0.000% after 0 minutes
Candle Analysis:
    Body Sizes (%): []
    Upper Shadows (%): []
    Lower Shadows (%): []
Volumes: []
==================================================
2025-05-10 13:20:35,400 - INFO - 
==================================================
EMA Cross Analysis - GOAT/USDT
Time: 2025-05-10 13:20:00+09:00
Type: dead
Cross Character (Current): Strong
Cross Character (New): Weak
Price at Cross: 0.16035

1. Pre-Cross Pattern (15min):
EMA Distance Changes (%): ['0.295', '0.194', '0.014', '0.110']
EMA12 Changes (%): ['-0.193', '-0.150', '-0.318', '-0.233']
Price Changes (%): ['-1.599', '0.093', '-1.253', '0.244']
Candle Analysis:
    Body Sizes (%): ['1.605', '0.031', '1.235', '0.275']
    Upper Shadows (%): ['0.547', '0.358', '0.358', '0.075']
    Lower Shadows (%): ['0.000', '0.618', '0.834', '0.450']
Volumes: [np.float64(8553007.0), np.float64(7590620.0), np.float64(16064341.0), np.float64(1451453.0)]
2025-05-10 13:20:35,400 - INFO - 
2. Post-Cross Movement (30min):
5min Price Changes (%): []
Maximum Change: 0.000% after 0 minutes
Candle Analysis:
    Body Sizes (%): []
    Upper Shadows (%): []
    Lower Shadows (%): []
Volumes: []
==================================================
2025-05-10 13:25:12,132 - INFO - 
==================================================
EMA Cross Analysis - WLD/USDT
Time: 2025-05-10 13:20:00+09:00
Type: dead
Cross Character (Current): Weak
Cross Character (New): Weak
Price at Cross: 1.1555

1. Pre-Cross Pattern (15min):
EMA Distance Changes (%): ['0.184', '0.076', '0.011', '0.057']
EMA12 Changes (%): ['-0.217', '-0.179', '-0.115', '-0.127']
Price Changes (%): ['-0.808', '0.035', '0.242', '-0.199']
Candle Analysis:
    Body Sizes (%): ['0.799', '0.035', '0.242', '0.199']
    Upper Shadows (%): ['0.172', '0.208', '0.173', '0.078']
    Lower Shadows (%): ['0.009', '0.355', '0.494', '0.138']
Volumes: [np.float64(943932.0), np.float64(1088047.0), np.float64(606058.0), np.float64(395945.0)]
2025-05-10 13:25:12,132 - INFO - 
2. Post-Cross Movement (30min):
5min Price Changes (%): ['0.035']
Maximum Change: 0.035% after 5 minutes
Candle Analysis:
    Body Sizes (%): ['0.035']
    Upper Shadows (%): ['0.035']
    Lower Shadows (%): ['0.026']
Volumes: [np.float64(18291.0)]
==================================================
2025-05-10 13:25:14,139 - INFO - 
==================================================
EMA Cross Analysis - GOAT/USDT
Time: 2025-05-10 13:20:00+09:00
Type: dead
Cross Character (Current): Strong
Cross Character (New): Weak
Price at Cross: 0.16157

1. Pre-Cross Pattern (15min):
EMA Distance Changes (%): ['0.295', '0.194', '0.014', '0.049']
EMA12 Changes (%): ['-0.193', '-0.150', '-0.318', '-0.118']
Price Changes (%): ['-1.599', '0.093', '-1.253', '1.007']
Candle Analysis:
    Body Sizes (%): ['1.605', '0.031', '1.235', '1.038']
    Upper Shadows (%): ['0.547', '0.358', '0.358', '0.269']
    Lower Shadows (%): ['0.000', '0.618', '0.834', '0.450']
Volumes: [np.float64(8553007.0), np.float64(7590620.0), np.float64(16064341.0), np.float64(6973475.0)]
2025-05-10 13:25:14,139 - INFO - 
2. Post-Cross Movement (30min):
5min Price Changes (%): ['1.040']
Maximum Change: 1.040% after 5 minutes
Candle Analysis:
    Body Sizes (%): ['1.027']
    Upper Shadows (%): ['0.142']
    Lower Shadows (%): ['0.000']
Volumes: [np.float64(1080018.0)]
==================================================
2025-05-10 13:46:02,103 - INFO - 
==================================================
EMA Cross Analysis - BAKE/USDT
Time: 2025-05-10 13:45:00+09:00
Type: golden
Cross Character (Current): Weak
Cross Character (New): Weak
Price at Cross: 0.1481

1. Pre-Cross Pattern (15min):
EMA Distance Changes (%): ['0.074', '0.057', '0.022', '0.000']
EMA12 Changes (%): ['-0.024', '0.021', '0.060', '0.040']
Price Changes (%): ['0.068', '0.271', '0.271', '-0.067']
Candle Analysis:
    Body Sizes (%): ['0.068', '0.271', '0.203', '0.135']
    Upper Shadows (%): ['0.068', '0.271', '0.338', '0.000']
    Lower Shadows (%): ['0.407', '0.000', '0.135', '0.000']
Volumes: [np.float64(211301.0), np.float64(377435.0), np.float64(609015.0), np.float64(30263.0)]
2025-05-10 13:46:02,103 - INFO - 
2. Post-Cross Movement (30min):
5min Price Changes (%): []
Maximum Change: 0.000% after 0 minutes
Candle Analysis:
    Body Sizes (%): []
    Upper Shadows (%): []
    Lower Shadows (%): []
Volumes: []
==================================================
2025-05-10 13:46:08,232 - INFO - 
==================================================
EMA Cross Analysis - ATA/USDT
Time: 2025-05-10 13:45:00+09:00
Type: golden
Cross Character (Current): Weak
Cross Character (New): Weak
Price at Cross: 0.0625

1. Pre-Cross Pattern (15min):
EMA Distance Changes (%): ['0.075', '0.042', '0.003', '0.027']
EMA12 Changes (%): ['0.062', '0.052', '0.069', '0.058']
Price Changes (%): ['0.322', '0.000', '0.160', '0.000']
Candle Analysis:
    Body Sizes (%): ['0.161', '0.000', '0.000', '0.000']
    Upper Shadows (%): ['0.161', '0.481', '0.160', '0.000']
    Lower Shadows (%): ['0.161', '0.160', '0.320', '0.160']
Volumes: [np.float64(122957.0), np.float64(199659.0), np.float64(91005.0), np.float64(40011.0)]
2025-05-10 13:46:08,232 - INFO - 
2. Post-Cross Movement (30min):
5min Price Changes (%): []
Maximum Change: 0.000% after 0 minutes
Candle Analysis:
    Body Sizes (%): []
    Upper Shadows (%): []
    Lower Shadows (%): []
Volumes: []
==================================================
2025-05-10 13:50:38,977 - INFO - 
==================================================
EMA Cross Analysis - TIA/USDT
Time: 2025-05-10 13:45:00+09:00
Type: golden
Cross Character (Current): Weak
Cross Character (New): Weak
Price at Cross: 3.0508

1. Pre-Cross Pattern (15min):
EMA Distance Changes (%): ['0.118', '0.099', '0.056', '0.026']
EMA12 Changes (%): ['-0.016', '0.019', '0.068', '0.151']
Price Changes (%): ['0.007', '0.212', '0.337', '0.603']
Candle Analysis:
    Body Sizes (%): ['0.007', '0.212', '0.334', '0.603']
    Upper Shadows (%): ['0.285', '0.103', '0.017', '0.073']
    Lower Shadows (%): ['0.308', '0.000', '0.076', '0.063']
Volumes: [np.float64(133386.0), np.float64(104160.0), np.float64(92236.0), np.float64(185600.0)]
2025-05-10 13:50:38,977 - INFO - 
2. Post-Cross Movement (30min):
5min Price Changes (%): ['0.233']
Maximum Change: 0.233% after 5 minutes
Candle Analysis:
    Body Sizes (%): ['0.206']
    Upper Shadows (%): ['0.052']
    Lower Shadows (%): ['0.033']
Volumes: [np.float64(63763.0)]
==================================================
2025-05-10 13:50:39,651 - INFO - 
==================================================
EMA Cross Analysis - BOME/USDT
Time: 2025-05-10 13:50:00+09:00
Type: golden
Cross Character (Current): Weak
Cross Character (New): Weak
Price at Cross: 0.002067

1. Pre-Cross Pattern (15min):
EMA Distance Changes (%): ['0.196', '0.110', '0.034', '0.026']
EMA12 Changes (%): ['0.066', '0.138', '0.132', '0.112']
Price Changes (%): ['0.244', '0.536', '0.097', '0.000']
Candle Analysis:
    Body Sizes (%): ['0.293', '0.536', '0.097', '0.048']
    Upper Shadows (%): ['0.098', '0.000', '0.194', '0.048']
    Lower Shadows (%): ['0.000', '0.049', '0.387', '0.048']
Volumes: [np.float64(60530369.0), np.float64(42420916.0), np.float64(41795649.0), np.float64(5447348.0)]
2025-05-10 13:50:39,651 - INFO - 
2. Post-Cross Movement (30min):
5min Price Changes (%): []
Maximum Change: 0.000% after 0 minutes
Candle Analysis:
    Body Sizes (%): []
    Upper Shadows (%): []
    Lower Shadows (%): []
Volumes: []
==================================================
2025-05-10 13:50:41,067 - INFO - 
==================================================
EMA Cross Analysis - BAKE/USDT
Time: 2025-05-10 13:45:00+09:00
Type: golden
Cross Character (Current): Weak
Cross Character (New): Weak
Price at Cross: 0.1486

1. Pre-Cross Pattern (15min):
EMA Distance Changes (%): ['0.074', '0.057', '0.022', '0.027']
EMA12 Changes (%): ['-0.024', '0.021', '0.060', '0.092']
Price Changes (%): ['0.068', '0.271', '0.271', '0.270']
Candle Analysis:
    Body Sizes (%): ['0.068', '0.271', '0.203', '0.202']
    Upper Shadows (%): ['0.068', '0.271', '0.338', '0.270']
    Lower Shadows (%): ['0.407', '0.000', '0.135', '0.202']
Volumes: [np.float64(211301.0), np.float64(377435.0), np.float64(609015.0), np.float64(243810.0)]
2025-05-10 13:50:41,068 - INFO - 
2. Post-Cross Movement (30min):
5min Price Changes (%): ['0.202']
Maximum Change: 0.202% after 5 minutes
Candle Analysis:
    Body Sizes (%): ['0.134']
    Upper Shadows (%): ['0.000']
    Lower Shadows (%): ['0.000']
Volumes: [np.float64(14077.0)]
==================================================
2025-05-10 13:50:41,304 - INFO - 
==================================================
EMA Cross Analysis - FXS/USDT
Time: 2025-05-10 13:45:00+09:00
Type: golden
Cross Character (Current): Weak
Cross Character (New): Weak
Price at Cross: 2.4538

1. Pre-Cross Pattern (15min):
EMA Distance Changes (%): ['0.098', '0.072', '0.037', '0.006']
EMA12 Changes (%): ['0.040', '0.036', '0.058', '0.079']
Price Changes (%): ['0.147', '0.012', '0.180', '0.192']
Candle Analysis:
    Body Sizes (%): ['0.147', '0.020', '0.176', '0.188']
    Upper Shadows (%): ['0.074', '0.184', '0.000', '0.139']
    Lower Shadows (%): ['0.082', '0.049', '0.143', '0.012']
Volumes: [np.float64(3023.3), np.float64(1551.2), np.float64(3980.5), np.float64(3218.5)]
2025-05-10 13:50:41,304 - INFO - 
2. Post-Cross Movement (30min):
5min Price Changes (%): ['-0.033']
Maximum Change: -0.033% after 5 minutes
Candle Analysis:
    Body Sizes (%): ['0.012']
    Upper Shadows (%): ['0.000']
    Lower Shadows (%): ['0.008']
Volumes: [np.float64(38.7)]
==================================================
2025-05-10 13:50:47,218 - INFO - 
==================================================
EMA Cross Analysis - ATA/USDT
Time: 2025-05-10 13:45:00+09:00
Type: golden
Cross Character (Current): Weak
Cross Character (New): Weak
Price at Cross: 0.0627

1. Pre-Cross Pattern (15min):
EMA Distance Changes (%): ['0.075', '0.042', '0.003', '0.052']
EMA12 Changes (%): ['0.062', '0.052', '0.069', '0.108']
Price Changes (%): ['0.322', '0.000', '0.160', '0.320']
Candle Analysis:
    Body Sizes (%): ['0.161', '0.000', '0.000', '0.320']
    Upper Shadows (%): ['0.161', '0.481', '0.160', '0.000']
    Lower Shadows (%): ['0.161', '0.160', '0.320', '0.160']
Volumes: [np.float64(122957.0), np.float64(199659.0), np.float64(91005.0), np.float64(99439.0)]
2025-05-10 13:50:47,218 - INFO - 
2. Post-Cross Movement (30min):
5min Price Changes (%): ['-0.159']
Maximum Change: -0.159% after 5 minutes
Candle Analysis:
    Body Sizes (%): ['0.000']
    Upper Shadows (%): ['0.160']
    Lower Shadows (%): ['0.000']
Volumes: [np.float64(1510.0)]
==================================================
2025-05-10 13:55:18,615 - INFO - 
==================================================
EMA Cross Analysis - BOME/USDT
Time: 2025-05-10 13:50:00+09:00
Type: golden
Cross Character (Current): Weak
Cross Character (New): Weak
Price at Cross: 0.002061

1. Pre-Cross Pattern (15min):
EMA Distance Changes (%): ['0.196', '0.110', '0.034', '0.003']
EMA12 Changes (%): ['0.066', '0.138', '0.132', '0.067']
Price Changes (%): ['0.244', '0.536', '0.097', '-0.290']
Candle Analysis:
    Body Sizes (%): ['0.293', '0.536', '0.097', '0.338']
    Upper Shadows (%): ['0.098', '0.000', '0.194', '0.048']
    Lower Shadows (%): ['0.000', '0.049', '0.387', '0.242']
Volumes: [np.float64(60530369.0), np.float64(42420916.0), np.float64(41795649.0), np.float64(65794694.0)]
2025-05-10 13:55:18,615 - INFO - 
2. Post-Cross Movement (30min):
5min Price Changes (%): ['-0.049']
Maximum Change: -0.049% after 5 minutes
Candle Analysis:
    Body Sizes (%): ['0.049']
    Upper Shadows (%): ['0.000']
    Lower Shadows (%): ['0.097']
Volumes: [np.float64(1612042.0)]
==================================================
2025-05-10 13:55:20,701 - INFO - 
==================================================
EMA Cross Analysis - ACX/USDT
Time: 2025-05-10 13:55:00+09:00
Type: golden
Cross Character (Current): Weak
Cross Character (New): Weak
Price at Cross: 0.2527

1. Pre-Cross Pattern (15min):
EMA Distance Changes (%): ['0.098', '0.057', '0.009', '0.033']
EMA12 Changes (%): ['-0.010', '0.065', '0.085', '0.078']
Price Changes (%): ['-0.357', '0.478', '0.198', '0.040']
Candle Analysis:
    Body Sizes (%): ['0.318', '0.398', '0.159', '0.040']
    Upper Shadows (%): ['0.238', '0.000', '0.119', '0.000']
    Lower Shadows (%): ['0.159', '0.040', '0.079', '0.000']
Volumes: [np.float64(146736.3), np.float64(12634.3), np.float64(34781.2), np.float64(2018.2)]
2025-05-10 13:55:20,701 - INFO - 
2. Post-Cross Movement (30min):
5min Price Changes (%): []
Maximum Change: 0.000% after 0 minutes
Candle Analysis:
    Body Sizes (%): []
    Upper Shadows (%): []
    Lower Shadows (%): []
Volumes: []
==================================================
2025-05-10 13:55:27,881 - INFO - 
==================================================
EMA Cross Analysis - ZEN/USDT
Time: 2025-05-10 13:55:00+09:00
Type: golden
Cross Character (Current): Weak
Cross Character (New): Weak
Price at Cross: 10.076

1. Pre-Cross Pattern (15min):
EMA Distance Changes (%): ['0.057', '0.029', '0.001', '0.027']
EMA12 Changes (%): ['0.004', '0.046', '0.050', '0.054']
Price Changes (%): ['0.130', '0.279', '0.070', '0.079']
Candle Analysis:
    Body Sizes (%): ['0.140', '0.249', '0.010', '0.089']
    Upper Shadows (%): ['0.130', '0.050', '0.040', '0.020']
    Lower Shadows (%): ['0.170', '0.289', '0.258', '0.000']
Volumes: [np.float64(8690.9), np.float64(1402.7), np.float64(1436.0), np.float64(64.3)]
2025-05-10 13:55:27,881 - INFO - 
2. Post-Cross Movement (30min):
5min Price Changes (%): []
Maximum Change: 0.000% after 0 minutes
Candle Analysis:
    Body Sizes (%): []
    Upper Shadows (%): []
    Lower Shadows (%): []
Volumes: []
==================================================
2025-05-10 14:00:02,753 - INFO - 
==================================================
EMA Cross Analysis - XRP/USDT
Time: 2025-05-10 13:55:00+09:00
Type: golden
Cross Character (Current): Weak
Cross Character (New): Weak
Price at Cross: 2.365

1. Pre-Cross Pattern (15min):
EMA Distance Changes (%): ['0.032', '0.022', '0.014', '0.002']
EMA12 Changes (%): ['-0.006', '0.015', '0.013', '0.029']
Price Changes (%): ['0.098', '0.136', '0.000', '0.114']
Candle Analysis:
    Body Sizes (%): ['0.098', '0.131', '0.000', '0.114']
    Upper Shadows (%): ['0.013', '0.055', '0.059', '0.034']
    Lower Shadows (%): ['0.034', '0.064', '0.047', '0.144']
Volumes: [np.float64(584925.7), np.float64(667034.5), np.float64(526479.5), np.float64(555024.7)]
2025-05-10 14:00:02,753 - INFO - 
2. Post-Cross Movement (30min):
5min Price Changes (%): ['0.068']
Maximum Change: 0.068% after 5 minutes
Candle Analysis:
    Body Sizes (%): ['0.063']
    Upper Shadows (%): ['0.008']
    Lower Shadows (%): ['0.004']
Volumes: [np.float64(123925.2)]
==================================================
2025-05-10 14:00:04,598 - INFO - 
==================================================
EMA Cross Analysis - AVAX/USDT
Time: 2025-05-10 14:00:00+09:00
Type: golden
Cross Character (Current): Weak
Cross Character (New): Weak
Price at Cross: 23.51

1. Pre-Cross Pattern (15min):
EMA Distance Changes (%): ['0.114', '0.086', '0.038', '0.008']
EMA12 Changes (%): ['0.019', '0.039', '0.079', '0.084']
Price Changes (%): ['0.244', '0.145', '0.299', '0.115']
Candle Analysis:
    Body Sizes (%): ['0.240', '0.141', '0.312', '0.102']
    Upper Shadows (%): ['0.004', '0.017', '0.064', '0.000']
    Lower Shadows (%): ['0.120', '0.051', '0.081', '0.000']
Volumes: [np.float64(10810.0), np.float64(17727.0), np.float64(26905.0), np.float64(5531.0)]
2025-05-10 14:00:04,598 - INFO - 
2. Post-Cross Movement (30min):
5min Price Changes (%): []
Maximum Change: 0.000% after 0 minutes
Candle Analysis:
    Body Sizes (%): []
    Upper Shadows (%): []
    Lower Shadows (%): []
Volumes: []
==================================================
2025-05-10 14:00:05,717 - INFO - 
==================================================
EMA Cross Analysis - ZEN/USDT
Time: 2025-05-10 13:55:00+09:00
Type: golden
Cross Character (Current): Weak
Cross Character (New): Weak
Price at Cross: 10.07

1. Pre-Cross Pattern (15min):
EMA Distance Changes (%): ['0.057', '0.029', '0.001', '0.022']
EMA12 Changes (%): ['0.004', '0.046', '0.050', '0.045']
Price Changes (%): ['0.130', '0.279', '0.070', '0.020']
Candle Analysis:
    Body Sizes (%): ['0.140', '0.249', '0.010', '0.030']
    Upper Shadows (%): ['0.130', '0.050', '0.040', '0.159']
    Lower Shadows (%): ['0.170', '0.289', '0.258', '0.119']
Volumes: [np.float64(8690.9), np.float64(1402.7), np.float64(1436.0), np.float64(5252.0)]
2025-05-10 14:00:05,717 - INFO - 
2. Post-Cross Movement (30min):
5min Price Changes (%): ['0.149']
Maximum Change: 0.149% after 5 minutes
Candle Analysis:
    Body Sizes (%): ['0.159']
    Upper Shadows (%): ['0.020']
    Lower Shadows (%): ['0.000']
Volumes: [np.float64(918.7)]
==================================================
2025-05-10 14:00:05,942 - INFO - 
==================================================
EMA Cross Analysis - ONDOUSDT
Time: 2025-05-10 14:00:00+09:00
Type: golden
Cross Character (Current): Weak
Cross Character (New): Weak
Price at Cross: 1.0112

1. Pre-Cross Pattern (15min):
EMA Distance Changes (%): ['0.060', '0.029', '0.011', '0.011']
EMA12 Changes (%): ['0.050', '0.052', '0.030', '0.042']
Price Changes (%): ['0.318', '0.059', '-0.089', '0.109']
Candle Analysis:
    Body Sizes (%): ['0.328', '0.049', '0.089', '0.109']
    Upper Shadows (%): ['0.040', '0.069', '0.030', '0.030']
    Lower Shadows (%): ['0.199', '0.188', '0.237', '0.000']
Volumes: [np.float64(367758.3), np.float64(836926.9), np.float64(419751.0), np.float64(93904.1)]
2025-05-10 14:00:05,942 - INFO - 
2. Post-Cross Movement (30min):
5min Price Changes (%): []
Maximum Change: 0.000% after 0 minutes
Candle Analysis:
    Body Sizes (%): []
    Upper Shadows (%): []
    Lower Shadows (%): []
Volumes: []
==================================================
2025-05-10 14:01:10,013 - INFO - 
==================================================
EMA Cross Analysis - ACX/USDT
Time: 2025-05-10 13:55:00+09:00
Type: golden
Cross Character (Current): Weak
Cross Character (New): Weak
Price at Cross: 0.2525

1. Pre-Cross Pattern (15min):
EMA Distance Changes (%): ['0.098', '0.057', '0.009', '0.026']
EMA12 Changes (%): ['-0.010', '0.065', '0.085', '0.066']
Price Changes (%): ['-0.357', '0.478', '0.198', '-0.040']
Candle Analysis:
    Body Sizes (%): ['0.318', '0.398', '0.159', '0.040']
    Upper Shadows (%): ['0.238', '0.000', '0.119', '0.040']
    Lower Shadows (%): ['0.159', '0.040', '0.079', '0.238']
Volumes: [np.float64(146736.3), np.float64(12634.3), np.float64(34781.2), np.float64(10740.0)]
2025-05-10 14:01:10,013 - INFO - 
2. Post-Cross Movement (30min):
5min Price Changes (%): ['0.079']
Maximum Change: 0.079% after 5 minutes
Candle Analysis:
    Body Sizes (%): ['0.040']
    Upper Shadows (%): ['0.119']
    Lower Shadows (%): ['0.040']
Volumes: [np.float64(15264.2)]
==================================================
2025-05-10 14:05:53,678 - INFO - 
==================================================
EMA Cross Analysis - AVAX/USDT
Time: 2025-05-10 14:05:00+09:00
Type: golden
Cross Character (Current): Weak
Cross Character (New): Weak
Price at Cross: 23.461

1. Pre-Cross Pattern (15min):
EMA Distance Changes (%): ['0.086', '0.038', '0.008', '0.015']
EMA12 Changes (%): ['0.039', '0.079', '0.053', '0.044']
Price Changes (%): ['0.145', '0.299', '-0.085', '-0.009']
Candle Analysis:
    Body Sizes (%): ['0.141', '0.312', '0.098', '0.009']
    Upper Shadows (%): ['0.017', '0.064', '0.132', '0.026']
    Lower Shadows (%): ['0.051', '0.081', '0.000', '0.060']
Volumes: [np.float64(17727.0), np.float64(26905.0), np.float64(47918.0), np.float64(3041.0)]
2025-05-10 14:05:53,679 - INFO - 
2. Post-Cross Movement (30min):
5min Price Changes (%): []
Maximum Change: 0.000% after 0 minutes
Candle Analysis:
    Body Sizes (%): []
    Upper Shadows (%): []
    Lower Shadows (%): []
Volumes: []
==================================================
2025-05-10 14:05:55,002 - INFO - 
==================================================
EMA Cross Analysis - ONDOUSDT
Time: 2025-05-10 14:00:00+09:00
Type: golden
Cross Character (Current): Weak
Cross Character (New): Weak
Price at Cross: 1.0116

1. Pre-Cross Pattern (15min):
EMA Distance Changes (%): ['0.060', '0.029', '0.011', '0.014']
EMA12 Changes (%): ['0.050', '0.052', '0.030', '0.048']
Price Changes (%): ['0.318', '0.059', '-0.089', '0.149']
Candle Analysis:
    Body Sizes (%): ['0.328', '0.049', '0.089', '0.149']
    Upper Shadows (%): ['0.040', '0.069', '0.030', '0.000']
    Lower Shadows (%): ['0.199', '0.188', '0.237', '0.079']
Volumes: [np.float64(367758.3), np.float64(836926.9), np.float64(419751.0), np.float64(474325.7)]
2025-05-10 14:05:55,003 - INFO - 
2. Post-Cross Movement (30min):
5min Price Changes (%): ['-0.079']
Maximum Change: -0.079% after 5 minutes
Candle Analysis:
    Body Sizes (%): ['0.079']
    Upper Shadows (%): ['0.049']
    Lower Shadows (%): ['0.010']
Volumes: [np.float64(43672.0)]
==================================================
2025-05-10 14:10:31,103 - INFO - 
==================================================
EMA Cross Analysis - RENDER/USDT
Time: 2025-05-10 14:05:00+09:00
Type: golden
Cross Character (Current): Weak
Cross Character (New): Weak
Price at Cross: 4.999

1. Pre-Cross Pattern (15min):
EMA Distance Changes (%): ['0.059', '0.031', '0.014', '0.002']
EMA12 Changes (%): ['0.043', '0.046', '0.029', '0.028']
Price Changes (%): ['0.160', '0.060', '-0.060', '0.020']
Candle Analysis:
    Body Sizes (%): ['0.140', '0.060', '0.060', '0.000']
    Upper Shadows (%): ['0.020', '0.060', '0.200', '0.080']
    Lower Shadows (%): ['0.060', '0.200', '0.000', '0.100']
Volumes: [np.float64(17166.6), np.float64(20138.2), np.float64(20684.5), np.float64(10537.9)]
2025-05-10 14:10:31,103 - INFO - 
2. Post-Cross Movement (30min):
5min Price Changes (%): ['0.040']
Maximum Change: 0.040% after 5 minutes
Candle Analysis:
    Body Sizes (%): ['0.040']
    Upper Shadows (%): ['0.020']
    Lower Shadows (%): ['0.020']
Volumes: [np.float64(1300.7)]
==================================================
2025-05-10 14:10:32,380 - INFO - 
==================================================
EMA Cross Analysis - AVAX/USDT
Time: 2025-05-10 14:05:00+09:00
Type: golden
Cross Character (Current): Weak
Cross Character (New): Weak
Price at Cross: 23.513

1. Pre-Cross Pattern (15min):
EMA Distance Changes (%): ['0.086', '0.038', '0.008', '0.033']
EMA12 Changes (%): ['0.039', '0.079', '0.053', '0.078']
Price Changes (%): ['0.145', '0.299', '-0.085', '0.213']
Candle Analysis:
    Body Sizes (%): ['0.141', '0.312', '0.098', '0.213']
    Upper Shadows (%): ['0.017', '0.064', '0.132', '0.000']
    Lower Shadows (%): ['0.051', '0.081', '0.000', '0.098']
Volumes: [np.float64(17727.0), np.float64(26905.0), np.float64(47918.0), np.float64(25890.0)]
2025-05-10 14:10:32,380 - INFO - 
2. Post-Cross Movement (30min):
5min Price Changes (%): ['-0.013']
Maximum Change: -0.013% after 5 minutes
Candle Analysis:
    Body Sizes (%): ['0.013']
    Upper Shadows (%): ['0.030']
    Lower Shadows (%): ['0.034']
Volumes: [np.float64(3575.0)]
==================================================
2025-05-10 14:15:04,089 - INFO - 
==================================================
EMA Cross Analysis - HIPPO/USDT
Time: 2025-05-10 14:15:00+09:00
Type: golden
Cross Character (Current): Weak
Cross Character (New): Weak
Price at Cross: 0.00285

1. Pre-Cross Pattern (15min):
EMA Distance Changes (%): ['0.251', '0.135', '0.038', '0.041']
EMA12 Changes (%): ['0.099', '0.187', '0.169', '0.148']
Price Changes (%): ['0.106', '0.672', '0.070', '0.035']
Candle Analysis:
    Body Sizes (%): ['0.071', '0.636', '0.035', '0.000']
    Upper Shadows (%): ['0.283', '0.283', '0.316', '0.000']
    Lower Shadows (%): ['0.354', '0.035', '0.246', '0.000']
Volumes: [np.float64(12862815.0), np.float64(17156333.0), np.float64(12766420.0), np.float64(67308.0)]
2025-05-10 14:15:04,089 - INFO - 
2. Post-Cross Movement (30min):
5min Price Changes (%): []
Maximum Change: 0.000% after 0 minutes
Candle Analysis:
    Body Sizes (%): []
    Upper Shadows (%): []
    Lower Shadows (%): []
Volumes: []
==================================================
2025-05-10 14:15:04,750 - INFO - 
==================================================
EMA Cross Analysis - 1000PEPE/USDT
Time: 2025-05-10 14:10:00+09:00
Type: dead
Cross Character (Current): Weak
Cross Character (New): Weak
Price at Cross: 0.0124677

1. Pre-Cross Pattern (15min):
EMA Distance Changes (%): ['0.045', '0.032', '0.030', '0.006']
EMA12 Changes (%): ['-0.065', '-0.018', '0.001', '-0.065']
Price Changes (%): ['0.042', '0.242', '0.106', '-0.430']
Candle Analysis:
    Body Sizes (%): ['0.042', '0.241', '0.106', '0.431']
    Upper Shadows (%): ['0.092', '0.095', '0.134', '0.057']
    Lower Shadows (%): ['0.304', '0.173', '0.101', '0.123']
Volumes: [np.float64(201829229.0), np.float64(303984675.0), np.float64(140838373.0), np.float64(166759952.0)]
2025-05-10 14:15:04,750 - INFO - 
2. Post-Cross Movement (30min):
5min Price Changes (%): ['0.026']
Maximum Change: 0.026% after 5 minutes
Candle Analysis:
    Body Sizes (%): ['0.028']
    Upper Shadows (%): ['0.048']
    Lower Shadows (%): ['0.012']
Volumes: [np.float64(6600093.0)]
==================================================
2025-05-10 14:15:09,121 - INFO - 
==================================================
EMA Cross Analysis - XRP/USDT
Time: 2025-05-10 14:10:00+09:00
Type: dead
Cross Character (Current): Weak
Cross Character (New): Weak
Price at Cross: 2.3584

1. Pre-Cross Pattern (15min):
EMA Distance Changes (%): ['0.002', '0.006', '0.007', '0.004']
EMA12 Changes (%): ['0.029', '0.007', '0.003', '-0.020']
Price Changes (%): ['0.114', '-0.110', '-0.021', '-0.148']
Candle Analysis:
    Body Sizes (%): ['0.114', '0.114', '0.021', '0.148']
    Upper Shadows (%): ['0.034', '0.072', '0.051', '0.013']
    Lower Shadows (%): ['0.144', '0.025', '0.055', '0.051']
Volumes: [np.float64(555024.7), np.float64(1175769.6), np.float64(971303.1), np.float64(866730.0)]
2025-05-10 14:15:09,121 - INFO - 
2. Post-Cross Movement (30min):
5min Price Changes (%): ['0.042']
Maximum Change: 0.042% after 5 minutes
Candle Analysis:
    Body Sizes (%): ['0.038']
    Upper Shadows (%): ['0.000']
    Lower Shadows (%): ['0.004']
Volumes: [np.float64(59586.0)]
==================================================
2025-05-10 14:15:10,466 - INFO - 
==================================================
EMA Cross Analysis - ATA/USDT
Time: 2025-05-10 14:10:00+09:00
Type: dead
Cross Character (Current): Weak
Cross Character (New): Weak
Price at Cross: 0.0621

1. Pre-Cross Pattern (15min):
EMA Distance Changes (%): ['0.070', '0.044', '0.023', '0.006']
EMA12 Changes (%): ['0.010', '-0.040', '-0.034', '-0.054']
Price Changes (%): ['-0.160', '-0.321', '0.000', '-0.161']
Candle Analysis:
    Body Sizes (%): ['0.160', '0.480', '0.000', '0.321']
    Upper Shadows (%): ['0.000', '0.000', '0.161', '0.000']
    Lower Shadows (%): ['0.160', '0.000', '0.161', '0.161']
Volumes: [np.float64(62718.0), np.float64(145766.0), np.float64(98074.0), np.float64(104474.0)]
2025-05-10 14:15:10,466 - INFO - 
2. Post-Cross Movement (30min):
5min Price Changes (%): ['0.161']
Maximum Change: 0.161% after 5 minutes
Candle Analysis:
    Body Sizes (%): ['0.161']
    Upper Shadows (%): ['0.000']
    Lower Shadows (%): ['0.000']
Volumes: [np.float64(436.0)]
==================================================
2025-05-10 14:20:51,861 - INFO - 
==================================================
EMA Cross Analysis - HIPPO/USDT
Time: 2025-05-10 14:15:00+09:00
Type: golden
Cross Character (Current): Weak
Cross Character (New): Weak
Price at Cross: 0.002852

1. Pre-Cross Pattern (15min):
EMA Distance Changes (%): ['0.251', '0.135', '0.038', '0.046']
EMA12 Changes (%): ['0.099', '0.187', '0.169', '0.159']
Price Changes (%): ['0.106', '0.672', '0.070', '0.105']
Candle Analysis:
    Body Sizes (%): ['0.071', '0.636', '0.035', '0.070']
    Upper Shadows (%): ['0.283', '0.283', '0.316', '0.632']
    Lower Shadows (%): ['0.354', '0.035', '0.246', '0.281']
Volumes: [np.float64(12862815.0), np.float64(17156333.0), np.float64(12766420.0), np.float64(12219441.0)]
2025-05-10 14:20:51,861 - INFO - 
2. Post-Cross Movement (30min):
5min Price Changes (%): ['-0.105']
Maximum Change: -0.105% after 5 minutes
Candle Analysis:
    Body Sizes (%): ['0.140']
    Upper Shadows (%): ['0.000']
    Lower Shadows (%): ['0.210']
Volumes: [np.float64(5400648.0)]
==================================================
2025-05-10 14:20:55,008 - INFO - 
==================================================
EMA Cross Analysis - TNSR/USDT
Time: 2025-05-10 14:20:00+09:00
Type: golden
Cross Character (Current): Weak
Cross Character (New): Weak
Price at Cross: 0.1735

1. Pre-Cross Pattern (15min):
EMA Distance Changes (%): ['0.086', '0.065', '0.024', '0.013']
EMA12 Changes (%): ['0.055', '0.029', '0.069', '0.067']
Price Changes (%): ['0.232', '-0.116', '0.289', '0.058']
Candle Analysis:
    Body Sizes (%): ['0.174', '0.116', '0.231', '0.000']
    Upper Shadows (%): ['0.058', '0.000', '0.347', '0.000']
    Lower Shadows (%): ['0.116', '0.231', '0.000', '0.173']
Volumes: [np.float64(48691.4), np.float64(36933.0), np.float64(79120.0), np.float64(24384.9)]
2025-05-10 14:20:55,008 - INFO - 
2. Post-Cross Movement (30min):
5min Price Changes (%): []
Maximum Change: 0.000% after 0 minutes
Candle Analysis:
    Body Sizes (%): []
    Upper Shadows (%): []
    Lower Shadows (%): []
Volumes: []
==================================================
2025-05-10 14:25:28,450 - INFO - 
==================================================
EMA Cross Analysis - DOGS/USDT
Time: 2025-05-10 14:25:00+09:00
Type: dead
Cross Character (Current): Weak
Cross Character (New): Weak
Price at Cross: 0.0002099

1. Pre-Cross Pattern (15min):
EMA Distance Changes (%): ['0.289', '0.175', '0.040', '0.063']
EMA12 Changes (%): ['0.015', '-0.182', '-0.233', '-0.191']
Price Changes (%): ['-0.559', '-1.264', '-0.522', '0.048']
Candle Analysis:
    Body Sizes (%): ['0.512', '1.264', '0.474', '0.048']
    Upper Shadows (%): ['0.140', '0.000', '0.712', '0.238']
    Lower Shadows (%): ['0.326', '0.094', '0.237', '0.143']
Volumes: [np.float64(961619363.0), np.float64(832194371.0), np.float64(2299709711.0), np.float64(957597603.0)]
2025-05-10 14:25:28,450 - INFO - 
2. Post-Cross Movement (30min):
5min Price Changes (%): []
Maximum Change: 0.000% after 0 minutes
Candle Analysis:
    Body Sizes (%): []
    Upper Shadows (%): []
    Lower Shadows (%): []
Volumes: []
==================================================
2025-05-10 14:25:29,848 - INFO - 
==================================================
EMA Cross Analysis - NEAR/USDT
Time: 2025-05-10 14:25:00+09:00
Type: dead
Cross Character (Current): Weak
Cross Character (New): Weak
Price at Cross: 2.929

1. Pre-Cross Pattern (15min):
EMA Distance Changes (%): ['0.067', '0.044', '0.018', '0.006']
EMA12 Changes (%): ['-0.047', '-0.034', '-0.045', '-0.043']
Price Changes (%): ['-0.170', '0.034', '-0.102', '-0.034']
Candle Analysis:
    Body Sizes (%): ['0.136', '0.000', '0.102', '0.000']
    Upper Shadows (%): ['0.034', '0.341', '0.239', '0.068']
    Lower Shadows (%): ['0.102', '0.068', '0.068', '0.034']
Volumes: [np.float64(68007.0), np.float64(191457.0), np.float64(87881.0), np.float64(3754.0)]
2025-05-10 14:25:29,848 - INFO - 
2. Post-Cross Movement (30min):
5min Price Changes (%): []
Maximum Change: 0.000% after 0 minutes
Candle Analysis:
    Body Sizes (%): []
    Upper Shadows (%): []
    Lower Shadows (%): []
Volumes: []
==================================================
2025-05-10 14:25:31,375 - INFO - 
==================================================
EMA Cross Analysis - POL/USDT
Time: 2025-05-10 14:20:00+09:00
Type: dead
Cross Character (Current): Weak
Cross Character (New): Weak
Price at Cross: 0.2553

1. Pre-Cross Pattern (15min):
EMA Distance Changes (%): ['0.096', '0.062', '0.021', '0.012']
EMA12 Changes (%): ['-0.032', '-0.052', '-0.069', '-0.061']
Price Changes (%): ['-0.066', '-0.160', '-0.168', '-0.016']
Candle Analysis:
    Body Sizes (%): ['0.039', '0.148', '0.172', '0.031']
    Upper Shadows (%): ['0.078', '0.062', '0.137', '0.333']
    Lower Shadows (%): ['0.055', '0.051', '0.074', '0.016']
Volumes: [np.float64(73915.0), np.float64(222879.0), np.float64(616731.0), np.float64(273611.0)]
2025-05-10 14:25:31,376 - INFO - 
2. Post-Cross Movement (30min):
5min Price Changes (%): ['-0.051']
Maximum Change: -0.051% after 5 minutes
Candle Analysis:
    Body Sizes (%): ['0.051']
    Upper Shadows (%): ['0.000']
    Lower Shadows (%): ['0.004']
Volumes: [np.float64(39177.0)]
==================================================
2025-05-10 14:25:32,779 - INFO - 
==================================================
EMA Cross Analysis - XLM/USDT
Time: 2025-05-10 14:25:00+09:00
Type: dead
Cross Character (Current): Weak
Cross Character (New): Weak
Price at Cross: 0.29876

1. Pre-Cross Pattern (15min):
EMA Distance Changes (%): ['0.072', '0.057', '0.020', '0.003']
EMA12 Changes (%): ['-0.028', '-0.019', '-0.062', '-0.041']
Price Changes (%): ['-0.093', '0.030', '-0.297', '0.074']
Candle Analysis:
    Body Sizes (%): ['0.093', '0.030', '0.284', '0.070']
    Upper Shadows (%): ['0.040', '0.174', '0.167', '0.000']
    Lower Shadows (%): ['0.113', '0.063', '0.060', '0.030']
Volumes: [np.float64(468954.0), np.float64(622199.0), np.float64(600312.0), np.float64(91217.0)]
2025-05-10 14:25:32,779 - INFO - 
2. Post-Cross Movement (30min):
5min Price Changes (%): []
Maximum Change: 0.000% after 0 minutes
Candle Analysis:
    Body Sizes (%): []
    Upper Shadows (%): []
    Lower Shadows (%): []
Volumes: []
==================================================
2025-05-10 14:25:33,214 - INFO - 
==================================================
EMA Cross Analysis - TNSR/USDT
Time: 2025-05-10 14:20:00+09:00
Type: golden
Cross Character (Current): Weak
Cross Character (New): Weak
Price at Cross: 0.1733

1. Pre-Cross Pattern (15min):
EMA Distance Changes (%): ['0.086', '0.065', '0.024', '0.003']
EMA12 Changes (%): ['0.055', '0.029', '0.069', '0.050']
Price Changes (%): ['0.232', '-0.116', '0.289', '-0.058']
Candle Analysis:
    Body Sizes (%): ['0.174', '0.116', '0.231', '0.115']
    Upper Shadows (%): ['0.058', '0.000', '0.347', '0.115']
    Lower Shadows (%): ['0.116', '0.231', '0.000', '0.058']
Volumes: [np.float64(48691.4), np.float64(36933.0), np.float64(79120.0), np.float64(52856.9)]
2025-05-10 14:25:33,214 - INFO - 
2. Post-Cross Movement (30min):
5min Price Changes (%): ['0.000']
Maximum Change: 0.000% after 0 minutes
Candle Analysis:
    Body Sizes (%): ['0.058']
    Upper Shadows (%): ['0.000']
    Lower Shadows (%): ['0.058']
Volumes: [np.float64(1070.8)]
==================================================
2025-05-10 14:30:06,688 - INFO - 
==================================================
EMA Cross Analysis - DOGS/USDT
Time: 2025-05-10 14:25:00+09:00
Type: dead
Cross Character (Current): Weak
Cross Character (New): Weak
Price at Cross: 0.0002103

1. Pre-Cross Pattern (15min):
EMA Distance Changes (%): ['0.289', '0.175', '0.040', '0.047']
EMA12 Changes (%): ['0.015', '-0.182', '-0.233', '-0.162']
Price Changes (%): ['-0.559', '-1.264', '-0.522', '0.238']
Candle Analysis:
    Body Sizes (%): ['0.512', '1.264', '0.474', '0.238']
    Upper Shadows (%): ['0.140', '0.000', '0.712', '0.620']
    Lower Shadows (%): ['0.326', '0.094', '0.237', '0.191']
Volumes: [np.float64(961619363.0), np.float64(832194371.0), np.float64(2299709711.0), np.float64(2487365433.0)]
2025-05-10 14:30:06,688 - INFO - 
2. Post-Cross Movement (30min):
5min Price Changes (%): ['-0.048']
Maximum Change: -0.048% after 5 minutes
Candle Analysis:
    Body Sizes (%): ['0.048']
    Upper Shadows (%): ['0.000']
    Lower Shadows (%): ['0.000']
Volumes: [np.float64(691613.0)]
==================================================
2025-05-10 14:30:08,959 - INFO - 
==================================================
EMA Cross Analysis - 1000PEPE/USDT
Time: 2025-05-10 14:25:00+09:00
Type: golden
Cross Character (Current): Weak
Cross Character (New): Weak
Price at Cross: 0.0125582

1. Pre-Cross Pattern (15min):
EMA Distance Changes (%): ['0.006', '0.019', '0.021', '0.012']
EMA12 Changes (%): ['-0.065', '-0.027', '-0.006', '0.061']
Price Changes (%): ['-0.430', '0.188', '0.106', '0.430']
Candle Analysis:
    Body Sizes (%): ['0.431', '0.189', '0.102', '0.431']
    Upper Shadows (%): ['0.057', '0.296', '0.278', '0.012']
    Lower Shadows (%): ['0.123', '0.256', '0.183', '0.170']
Volumes: [np.float64(166759952.0), np.float64(284054762.0), np.float64(141715630.0), np.float64(139447508.0)]
2025-05-10 14:30:08,959 - INFO - 
2. Post-Cross Movement (30min):
5min Price Changes (%): ['-0.018']
Maximum Change: -0.018% after 5 minutes
Candle Analysis:
    Body Sizes (%): ['0.018']
    Upper Shadows (%): ['0.067']
    Lower Shadows (%): ['0.009']
Volumes: [np.float64(12900443.0)]
==================================================
2025-05-10 14:30:10,359 - INFO - 
==================================================
EMA Cross Analysis - PHA/USDT
Time: 2025-05-10 14:25:00+09:00
Type: golden
Cross Character (Current): Weak
Cross Character (New): Weak
Price at Cross: 0.14065

1. Pre-Cross Pattern (15min):
EMA Distance Changes (%): ['0.091', '0.052', '0.024', '0.010']
EMA12 Changes (%): ['0.057', '0.063', '0.046', '0.063']
Price Changes (%): ['0.100', '0.093', '-0.043', '0.157']
Candle Analysis:
    Body Sizes (%): ['0.093', '0.057', '0.014', '0.157']
    Upper Shadows (%): ['0.021', '0.299', '0.278', '0.171']
    Lower Shadows (%): ['0.143', '0.271', '0.313', '0.107']
Volumes: [np.float64(40139.0), np.float64(142716.0), np.float64(158732.0), np.float64(26394.0)]
2025-05-10 14:30:10,359 - INFO - 
2. Post-Cross Movement (30min):
5min Price Changes (%): ['-0.036']
Maximum Change: -0.036% after 5 minutes
Candle Analysis:
    Body Sizes (%): ['0.099']
    Upper Shadows (%): ['0.000']
    Lower Shadows (%): ['0.014']
Volumes: [np.float64(1839.0)]
==================================================
2025-05-10 14:35:55,275 - INFO - 
==================================================
EMA Cross Analysis - NEAR/USDT
Time: 2025-05-10 14:35:00+09:00
Type: dead
Cross Character (Current): Weak
Cross Character (New): Weak
Price at Cross: 2.934

1. Pre-Cross Pattern (15min):
EMA Distance Changes (%): ['0.018', '0.013', '0.004', '0.003']
EMA12 Changes (%): ['-0.045', '-0.006', '-0.016', '-0.013']
Price Changes (%): ['-0.102', '0.205', '-0.068', '0.000']
Candle Analysis:
    Body Sizes (%): ['0.102', '0.239', '0.034', '0.000']
    Upper Shadows (%): ['0.239', '0.000', '0.000', '0.102']
    Lower Shadows (%): ['0.068', '0.034', '0.204', '0.034']
Volumes: [np.float64(87881.0), np.float64(102898.0), np.float64(77507.0), np.float64(10310.0)]
2025-05-10 14:35:55,276 - INFO - 
2. Post-Cross Movement (30min):
5min Price Changes (%): []
Maximum Change: 0.000% after 0 minutes
Candle Analysis:
    Body Sizes (%): []
    Upper Shadows (%): []
    Lower Shadows (%): []
Volumes: []
==================================================
2025-05-10 14:35:58,216 - INFO - 
==================================================
EMA Cross Analysis - XLM/USDT
Time: 2025-05-10 14:30:00+09:00
Type: dead
Cross Character (Current): Weak
Cross Character (New): Weak
Price at Cross: 0.29902

1. Pre-Cross Pattern (15min):
EMA Distance Changes (%): ['0.057', '0.020', '0.012', '0.003']
EMA12 Changes (%): ['-0.019', '-0.062', '-0.014', '-0.026']
Price Changes (%): ['0.030', '-0.297', '0.255', '-0.094']
Candle Analysis:
    Body Sizes (%): ['0.030', '0.284', '0.251', '0.094']
    Upper Shadows (%): ['0.174', '0.167', '0.084', '0.040']
    Lower Shadows (%): ['0.063', '0.060', '0.030', '0.254']
Volumes: [np.float64(622199.0), np.float64(600312.0), np.float64(424962.0), np.float64(549647.0)]
2025-05-10 14:35:58,216 - INFO - 
2. Post-Cross Movement (30min):
5min Price Changes (%): ['-0.084']
Maximum Change: -0.084% after 5 minutes
Candle Analysis:
    Body Sizes (%): ['0.084']
    Upper Shadows (%): ['0.040']
    Lower Shadows (%): ['0.037']
Volumes: [np.float64(80451.0)]
==================================================
2025-05-10 14:36:03,631 - INFO - 
==================================================
EMA Cross Analysis - ONDOUSDT
Time: 2025-05-10 14:35:00+09:00
Type: dead
Cross Character (Current): Weak
Cross Character (New): Weak
Price at Cross: 1.0085

1. Pre-Cross Pattern (15min):
EMA Distance Changes (%): ['0.009', '0.010', '0.001', '0.001']
EMA12 Changes (%): ['-0.017', '0.002', '-0.015', '-0.005']
Price Changes (%): ['-0.089', '0.109', '-0.109', '0.050']
Candle Analysis:
    Body Sizes (%): ['0.079', '0.119', '0.109', '0.040']
    Upper Shadows (%): ['0.248', '0.060', '0.059', '0.050']
    Lower Shadows (%): ['0.040', '0.069', '0.248', '0.099']
Volumes: [np.float64(317741.6), np.float64(147250.2), np.float64(325312.7), np.float64(70457.6)]
2025-05-10 14:36:03,631 - INFO - 
2. Post-Cross Movement (30min):
5min Price Changes (%): []
Maximum Change: 0.000% after 0 minutes
Candle Analysis:
    Body Sizes (%): []
    Upper Shadows (%): []
    Lower Shadows (%): []
Volumes: []
==================================================
2025-05-10 14:40:33,364 - INFO - 
==================================================
EMA Cross Analysis - NEAR/USDT
Time: 2025-05-10 14:35:00+09:00
Type: dead
Cross Character (Current): Weak
Cross Character (New): Weak
Price at Cross: 2.935

1. Pre-Cross Pattern (15min):
EMA Distance Changes (%): ['0.018', '0.013', '0.004', '0.001']
EMA12 Changes (%): ['-0.045', '-0.006', '-0.016', '-0.008']
Price Changes (%): ['-0.102', '0.205', '-0.068', '0.034']
Candle Analysis:
    Body Sizes (%): ['0.102', '0.239', '0.034', '0.034']
    Upper Shadows (%): ['0.239', '0.000', '0.000', '0.136']
    Lower Shadows (%): ['0.068', '0.034', '0.204', '0.136']
Volumes: [np.float64(87881.0), np.float64(102898.0), np.float64(77507.0), np.float64(55854.0)]
2025-05-10 14:40:33,364 - INFO - 
2. Post-Cross Movement (30min):
5min Price Changes (%): ['0.068']
Maximum Change: 0.068% after 5 minutes
Candle Analysis:
    Body Sizes (%): ['0.068']
    Upper Shadows (%): ['0.000']
    Lower Shadows (%): ['0.000']
Volumes: [np.float64(7225.0)]
==================================================
2025-05-10 14:40:33,582 - INFO - 
==================================================
EMA Cross Analysis - HIPPO/USDT
Time: 2025-05-10 14:35:00+09:00
Type: dead
Cross Character (Current): Weak
Cross Character (New): Weak
Price at Cross: 0.002777

1. Pre-Cross Pattern (15min):
EMA Distance Changes (%): ['0.068', '0.100', '0.080', '0.077']
EMA12 Changes (%): ['0.047', '0.073', '-0.025', '-0.288']
Price Changes (%): ['-0.561', '0.212', '-0.563', '-1.734']
Candle Analysis:
    Body Sizes (%): ['0.596', '0.212', '0.598', '1.769']
    Upper Shadows (%): ['0.210', '0.000', '0.141', '0.460']
    Lower Shadows (%): ['0.070', '0.353', '0.281', '2.724']
Volumes: [np.float64(15480107.0), np.float64(8492207.0), np.float64(9578509.0), np.float64(97639036.0)]
2025-05-10 14:40:33,582 - INFO - 
2. Post-Cross Movement (30min):
5min Price Changes (%): ['0.324']
Maximum Change: 0.324% after 5 minutes
Candle Analysis:
    Body Sizes (%): ['0.288']
    Upper Shadows (%): ['0.072']
    Lower Shadows (%): ['0.036']
Volumes: [np.float64(4565470.0)]
==================================================
2025-05-10 14:40:35,106 - INFO - 
==================================================
EMA Cross Analysis - MOODENG/USDT
Time: 2025-05-10 14:40:00+09:00
Type: dead
Cross Character (Current): Strong
Cross Character (New): Strong
Price at Cross: 0.13109

1. Pre-Cross Pattern (15min):
EMA Distance Changes (%): ['0.518', '0.304', '0.123', '0.011']
EMA12 Changes (%): ['-0.351', '-0.334', '-0.299', '-0.237']
Price Changes (%): ['-0.770', '-0.236', '-0.107', '0.115']
Candle Analysis:
    Body Sizes (%): ['0.763', '0.244', '0.099', '0.107']
    Upper Shadows (%): ['0.801', '0.693', '0.534', '0.176']
    Lower Shadows (%): ['0.672', '0.068', '0.565', '0.168']
Volumes: [np.float64(21805845.0), np.float64(14495129.0), np.float64(16536604.0), np.float64(1245619.0)]
2025-05-10 14:40:35,106 - INFO - 
2. Post-Cross Movement (30min):
5min Price Changes (%): []
Maximum Change: 0.000% after 0 minutes
Candle Analysis:
    Body Sizes (%): []
    Upper Shadows (%): []
    Lower Shadows (%): []
Volumes: []
==================================================
2025-05-10 14:45:12,816 - INFO - 
==================================================
EMA Cross Analysis - NEAR/USDT
Time: 2025-05-10 14:40:00+09:00
Type: golden
Cross Character (Current): Weak
Cross Character (New): Weak
Price at Cross: 2.941

1. Pre-Cross Pattern (15min):
EMA Distance Changes (%): ['0.013', '0.004', '0.001', '0.012']
EMA12 Changes (%): ['-0.006', '-0.016', '-0.008', '0.024']
Price Changes (%): ['0.205', '-0.068', '0.034', '0.204']
Candle Analysis:
    Body Sizes (%): ['0.239', '0.034', '0.034', '0.204']
    Upper Shadows (%): ['0.000', '0.000', '0.136', '0.034']
    Lower Shadows (%): ['0.034', '0.204', '0.136', '0.000']
Volumes: [np.float64(102898.0), np.float64(77507.0), np.float64(55854.0), np.float64(63658.0)]
2025-05-10 14:45:12,816 - INFO - 
2. Post-Cross Movement (30min):
5min Price Changes (%): ['0.034']
Maximum Change: 0.034% after 5 minutes
Candle Analysis:
    Body Sizes (%): ['0.000']
    Upper Shadows (%): ['0.000']
    Lower Shadows (%): ['0.000']
Volumes: [np.float64(4551.0)]
==================================================
2025-05-10 14:45:16,936 - INFO - 
==================================================
EMA Cross Analysis - ZRO/USDT
Time: 2025-05-10 14:45:00+09:00
Type: golden
Cross Character (Current): Weak
Cross Character (New): Weak
Price at Cross: 3.0023

1. Pre-Cross Pattern (15min):
EMA Distance Changes (%): ['0.085', '0.044', '0.004', '0.030']
EMA12 Changes (%): ['0.040', '0.066', '0.072', '0.065']
Price Changes (%): ['0.214', '0.207', '0.107', '0.027']
Candle Analysis:
    Body Sizes (%): ['0.214', '0.254', '0.090', '0.020']
    Upper Shadows (%): ['0.000', '0.020', '0.187', '0.020']
    Lower Shadows (%): ['0.164', '0.080', '0.043', '0.000']
Volumes: [np.float64(20561.5), np.float64(27314.1), np.float64(35871.8), np.float64(493.7)]
2025-05-10 14:45:16,936 - INFO - 
2. Post-Cross Movement (30min):
5min Price Changes (%): []
Maximum Change: 0.000% after 0 minutes
Candle Analysis:
    Body Sizes (%): []
    Upper Shadows (%): []
    Lower Shadows (%): []
Volumes: []
==================================================
2025-05-10 14:51:02,291 - INFO - 
==================================================
EMA Cross Analysis - LINK/USDT
Time: 2025-05-10 14:50:00+09:00
Type: golden
Cross Character (Current): Weak
Cross Character (New): Weak
Price at Cross: 16.015

1. Pre-Cross Pattern (15min):
EMA Distance Changes (%): ['0.050', '0.030', '0.013', '0.004']
EMA12 Changes (%): ['0.022', '0.030', '0.028', '0.032']
Price Changes (%): ['0.131', '0.075', '0.019', '0.050']
Candle Analysis:
    Body Sizes (%): ['0.138', '0.075', '0.019', '0.056']
    Upper Shadows (%): ['0.006', '0.088', '0.012', '0.062']
    Lower Shadows (%): ['0.063', '0.000', '0.112', '0.000']
Volumes: [np.float64(21008.44), np.float64(37593.38), np.float64(18541.47), np.float64(13309.76)]
2025-05-10 14:51:02,292 - INFO - 
2. Post-Cross Movement (30min):
5min Price Changes (%): []
Maximum Change: 0.000% after 0 minutes
Candle Analysis:
    Body Sizes (%): []
    Upper Shadows (%): []
    Lower Shadows (%): []
Volumes: []
==================================================
2025-05-10 14:51:03,996 - INFO - 
==================================================
EMA Cross Analysis - XLM/USDT
Time: 2025-05-10 14:45:00+09:00
Type: golden
Cross Character (Current): Weak
Cross Character (New): Weak
Price at Cross: 0.30003

1. Pre-Cross Pattern (15min):
EMA Distance Changes (%): ['0.003', '0.012', '0.006', '0.011']
EMA12 Changes (%): ['-0.026', '-0.019', '0.010', '0.031']
Price Changes (%): ['-0.094', '0.017', '0.174', '0.147']
Candle Analysis:
    Body Sizes (%): ['0.094', '0.017', '0.174', '0.150']
    Upper Shadows (%): ['0.040', '0.023', '0.030', '0.000']
    Lower Shadows (%): ['0.254', '0.184', '0.043', '0.057']
Volumes: [np.float64(549647.0), np.float64(648459.0), np.float64(303817.0), np.float64(377629.0)]
2025-05-10 14:51:03,996 - INFO - 
2. Post-Cross Movement (30min):
5min Price Changes (%): ['0.003']
Maximum Change: 0.003% after 5 minutes
Candle Analysis:
    Body Sizes (%): ['0.007']
    Upper Shadows (%): ['0.050']
    Lower Shadows (%): ['0.003']
Volumes: [np.float64(98550.0)]
==================================================
2025-05-10 14:51:04,217 - INFO - 
==================================================
EMA Cross Analysis - GALA/USDT
Time: 2025-05-10 14:50:00+09:00
Type: golden
Cross Character (Current): Weak
Cross Character (New): Weak
Price at Cross: 0.01968

1. Pre-Cross Pattern (15min):
EMA Distance Changes (%): ['0.148', '0.117', '0.050', '0.002']
EMA12 Changes (%): ['-0.019', '0.039', '0.111', '0.094']
Price Changes (%): ['0.000', '0.359', '0.511', '0.000']
Candle Analysis:
    Body Sizes (%): ['0.051', '0.359', '0.459', '0.000']
    Upper Shadows (%): ['0.102', '0.103', '0.000', '0.102']
    Lower Shadows (%): ['0.205', '0.051', '0.000', '0.000']
Volumes: [np.float64(8389241.0), np.float64(3748340.0), np.float64(9014088.0), np.float64(1187455.0)]
2025-05-10 14:51:04,218 - INFO - 
2. Post-Cross Movement (30min):
5min Price Changes (%): []
Maximum Change: 0.000% after 0 minutes
Candle Analysis:
    Body Sizes (%): []
    Upper Shadows (%): []
    Lower Shadows (%): []
Volumes: []
==================================================
2025-05-10 14:51:05,086 - INFO - 
==================================================
EMA Cross Analysis - ZRO/USDT
Time: 2025-05-10 14:45:00+09:00
Type: golden
Cross Character (Current): Weak
Cross Character (New): Weak
Price at Cross: 3.0058

1. Pre-Cross Pattern (15min):
EMA Distance Changes (%): ['0.085', '0.044', '0.004', '0.039']
EMA12 Changes (%): ['0.040', '0.066', '0.072', '0.083']
Price Changes (%): ['0.214', '0.207', '0.107', '0.143']
Candle Analysis:
    Body Sizes (%): ['0.214', '0.254', '0.090', '0.137']
    Upper Shadows (%): ['0.000', '0.020', '0.187', '0.097']
    Lower Shadows (%): ['0.164', '0.080', '0.043', '0.130']
Volumes: [np.float64(20561.5), np.float64(27314.1), np.float64(35871.8), np.float64(11021.8)]
2025-05-10 14:51:05,087 - INFO - 
2. Post-Cross Movement (30min):
5min Price Changes (%): ['0.070']
Maximum Change: 0.070% after 5 minutes
Candle Analysis:
    Body Sizes (%): ['0.063']
    Upper Shadows (%): ['0.060']
    Lower Shadows (%): ['0.003']
Volumes: [np.float64(6982.1)]
==================================================
2025-05-10 14:51:05,743 - INFO - 
==================================================
EMA Cross Analysis - ARPA/USDT
Time: 2025-05-10 14:50:00+09:00
Type: golden
Cross Character (Current): Weak
Cross Character (New): Weak
Price at Cross: 0.02772

1. Pre-Cross Pattern (15min):
EMA Distance Changes (%): ['0.090', '0.064', '0.011', '0.036']
EMA12 Changes (%): ['0.010', '0.037', '0.093', '0.089']
Price Changes (%): ['-0.036', '0.182', '0.399', '0.072']
Candle Analysis:
    Body Sizes (%): ['0.073', '0.182', '0.435', '0.072']
    Upper Shadows (%): ['0.145', '0.036', '0.036', '0.036']
    Lower Shadows (%): ['0.000', '0.036', '0.000', '0.036']
Volumes: [np.float64(450957.0), np.float64(293912.0), np.float64(496287.0), np.float64(20938.0)]
2025-05-10 14:51:05,743 - INFO - 
2. Post-Cross Movement (30min):
5min Price Changes (%): []
Maximum Change: 0.000% after 0 minutes
Candle Analysis:
    Body Sizes (%): []
    Upper Shadows (%): []
    Lower Shadows (%): []
Volumes: []
==================================================
2025-05-10 14:55:41,218 - INFO - 
==================================================
EMA Cross Analysis - LINK/USDT
Time: 2025-05-10 14:50:00+09:00
Type: golden
Cross Character (Current): Weak
Cross Character (New): Weak
Price at Cross: 16.069

1. Pre-Cross Pattern (15min):
EMA Distance Changes (%): ['0.050', '0.030', '0.013', '0.031']
EMA12 Changes (%): ['0.022', '0.030', '0.028', '0.084']
Price Changes (%): ['0.131', '0.075', '0.019', '0.387']
Candle Analysis:
    Body Sizes (%): ['0.138', '0.075', '0.019', '0.394']
    Upper Shadows (%): ['0.006', '0.088', '0.012', '0.000']
    Lower Shadows (%): ['0.063', '0.000', '0.112', '0.000']
Volumes: [np.float64(21008.44), np.float64(37593.38), np.float64(18541.47), np.float64(59054.24)]
2025-05-10 14:55:41,218 - INFO - 
2. Post-Cross Movement (30min):
5min Price Changes (%): ['0.000']
Maximum Change: 0.000% after 0 minutes
Candle Analysis:
    Body Sizes (%): ['0.006']
    Upper Shadows (%): ['0.056']
    Lower Shadows (%): ['0.019']
Volumes: [np.float64(15682.95)]
==================================================
2025-05-10 14:55:43,145 - INFO - 
==================================================
EMA Cross Analysis - GALA/USDT
Time: 2025-05-10 14:50:00+09:00
Type: golden
Cross Character (Current): Weak
Cross Character (New): Weak
Price at Cross: 0.01979

1. Pre-Cross Pattern (15min):
EMA Distance Changes (%): ['0.148', '0.117', '0.050', '0.046']
EMA12 Changes (%): ['-0.019', '0.039', '0.111', '0.181']
Price Changes (%): ['0.000', '0.359', '0.511', '0.559']
Candle Analysis:
    Body Sizes (%): ['0.051', '0.359', '0.459', '0.559']
    Upper Shadows (%): ['0.102', '0.103', '0.000', '0.051']
    Lower Shadows (%): ['0.205', '0.051', '0.000', '0.000']
Volumes: [np.float64(8389241.0), np.float64(3748340.0), np.float64(9014088.0), np.float64(19088298.0)]
2025-05-10 14:55:43,145 - INFO - 
2. Post-Cross Movement (30min):
5min Price Changes (%): ['-0.051']
Maximum Change: -0.051% after 5 minutes
Candle Analysis:
    Body Sizes (%): ['0.101']
    Upper Shadows (%): ['0.000']
    Lower Shadows (%): ['0.051']
Volumes: [np.float64(2264120.0)]
==================================================
2025-05-10 14:55:44,689 - INFO - 
==================================================
EMA Cross Analysis - ARPA/USDT
Time: 2025-05-10 14:50:00+09:00
Type: golden
Cross Character (Current): Weak
Cross Character (New): Weak
Price at Cross: 0.02776

1. Pre-Cross Pattern (15min):
EMA Distance Changes (%): ['0.090', '0.064', '0.011', '0.047']
EMA12 Changes (%): ['0.010', '0.037', '0.093', '0.112']
Price Changes (%): ['-0.036', '0.182', '0.399', '0.217']
Candle Analysis:
    Body Sizes (%): ['0.073', '0.182', '0.435', '0.217']
    Upper Shadows (%): ['0.145', '0.036', '0.036', '0.036']
    Lower Shadows (%): ['0.000', '0.036', '0.000', '0.036']
Volumes: [np.float64(450957.0), np.float64(293912.0), np.float64(496287.0), np.float64(213525.0)]
2025-05-10 14:55:44,689 - INFO - 
2. Post-Cross Movement (30min):
5min Price Changes (%): ['0.108']
Maximum Change: 0.108% after 5 minutes
Candle Analysis:
    Body Sizes (%): ['0.072']
    Upper Shadows (%): ['0.036']
    Lower Shadows (%): ['0.000']
Volumes: [np.float64(18784.0)]
==================================================
2025-05-10 14:55:45,125 - INFO - 
==================================================
EMA Cross Analysis - XRP/USDT
Time: 2025-05-10 14:55:00+09:00
Type: golden
Cross Character (Current): Weak
Cross Character (New): Weak
Price at Cross: 2.3673

1. Pre-Cross Pattern (15min):
EMA Distance Changes (%): ['0.042', '0.034', '0.004', '0.021']
EMA12 Changes (%): ['0.012', '0.010', '0.052', '0.047']
Price Changes (%): ['0.110', '0.000', '0.284', '0.017']
Candle Analysis:
    Body Sizes (%): ['0.110', '0.004', '0.280', '0.017']
    Upper Shadows (%): ['0.042', '0.047', '0.000', '0.025']
    Lower Shadows (%): ['0.030', '0.080', '0.153', '0.025']
Volumes: [np.float64(992173.3), np.float64(609428.9), np.float64(1058230.8), np.float64(531225.7)]
2025-05-10 14:55:45,125 - INFO - 
2. Post-Cross Movement (30min):
5min Price Changes (%): []
Maximum Change: 0.000% after 0 minutes
Candle Analysis:
    Body Sizes (%): []
    Upper Shadows (%): []
    Lower Shadows (%): []
Volumes: []
==================================================
2025-05-10 14:55:45,342 - INFO - 
==================================================
EMA Cross Analysis - ADA/USDT
Time: 2025-05-10 14:55:00+09:00
Type: golden
Cross Character (Current): Weak
Cross Character (New): Weak
Price at Cross: 0.7824

1. Pre-Cross Pattern (15min):
EMA Distance Changes (%): ['0.086', '0.063', '0.015', '0.026']
EMA12 Changes (%): ['0.012', '0.032', '0.083', '0.078']
Price Changes (%): ['0.129', '0.141', '0.359', '0.051']
Candle Analysis:
    Body Sizes (%): ['0.129', '0.141', '0.372', '0.064']
    Upper Shadows (%): ['0.039', '0.000', '0.013', '0.064']
    Lower Shadows (%): ['0.000', '0.077', '0.051', '0.000']
Volumes: [np.float64(516675.0), np.float64(641570.0), np.float64(1380460.0), np.float64(546269.0)]
2025-05-10 14:55:45,342 - INFO - 
2. Post-Cross Movement (30min):
5min Price Changes (%): []
Maximum Change: 0.000% after 0 minutes
Candle Analysis:
    Body Sizes (%): []
    Upper Shadows (%): []
    Lower Shadows (%): []
Volumes: []
==================================================
2025-05-10 14:55:45,558 - INFO - 
==================================================
EMA Cross Analysis - WLD/USDT
Time: 2025-05-10 14:55:00+09:00
Type: golden
Cross Character (Current): Weak
Cross Character (New): Weak
Price at Cross: 1.1695

1. Pre-Cross Pattern (15min):
EMA Distance Changes (%): ['0.130', '0.097', '0.022', '0.043']
EMA12 Changes (%): ['0.026', '0.044', '0.130', '0.123']
Price Changes (%): ['0.242', '0.147', '0.603', '0.086']
Candle Analysis:
    Body Sizes (%): ['0.251', '0.147', '0.594', '0.077']
    Upper Shadows (%): ['0.000', '0.043', '0.017', '0.043']
    Lower Shadows (%): ['0.164', '0.207', '0.086', '0.068']
Volumes: [np.float64(154116.0), np.float64(142141.0), np.float64(327900.0), np.float64(103693.0)]
2025-05-10 14:55:45,558 - INFO - 
2. Post-Cross Movement (30min):
5min Price Changes (%): []
Maximum Change: 0.000% after 0 minutes
Candle Analysis:
    Body Sizes (%): []
    Upper Shadows (%): []
    Lower Shadows (%): []
Volumes: []
==================================================
2025-05-10 14:55:45,992 - INFO - 
==================================================
EMA Cross Analysis - PENGU/USDT
Time: 2025-05-10 14:55:00+09:00
Type: golden
Cross Character (Current): Weak
Cross Character (New): Weak
Price at Cross: 0.013788

1. Pre-Cross Pattern (15min):
EMA Distance Changes (%): ['0.138', '0.117', '0.060', '0.014']
EMA12 Changes (%): ['-0.040', '0.020', '0.092', '0.137']
Price Changes (%): ['-0.015', '0.352', '0.490', '0.379']
Candle Analysis:
    Body Sizes (%): ['0.007', '0.360', '0.505', '0.371']
    Upper Shadows (%): ['0.103', '0.022', '0.527', '0.116']
    Lower Shadows (%): ['0.147', '0.169', '0.249', '0.000']
Volumes: [np.float64(24719764.0), np.float64(12465894.0), np.float64(110441549.0), np.float64(34289702.0)]
2025-05-10 14:55:45,992 - INFO - 
2. Post-Cross Movement (30min):
5min Price Changes (%): []
Maximum Change: 0.000% after 0 minutes
Candle Analysis:
    Body Sizes (%): []
    Upper Shadows (%): []
    Lower Shadows (%): []
Volumes: []
==================================================
2025-05-10 14:55:46,211 - INFO - 
==================================================
EMA Cross Analysis - AIXBT/USDT
Time: 2025-05-10 14:55:00+09:00
Type: golden
Cross Character (Current): Weak
Cross Character (New): Weak
Price at Cross: 0.21626

1. Pre-Cross Pattern (15min):
EMA Distance Changes (%): ['0.192', '0.164', '0.042', '0.062']
EMA12 Changes (%): ['-0.007', '0.027', '0.212', '0.195']
Price Changes (%): ['0.202', '0.211', '1.228', '0.106']
Candle Analysis:
    Body Sizes (%): ['0.212', '0.230', '1.242', '0.079']
    Upper Shadows (%): ['0.000', '0.174', '0.141', '0.139']
    Lower Shadows (%): ['0.184', '0.488', '0.084', '0.069']
Volumes: [np.float64(655877.0), np.float64(752904.0), np.float64(1980059.0), np.float64(139927.0)]
2025-05-10 14:55:46,211 - INFO - 
2. Post-Cross Movement (30min):
5min Price Changes (%): []
Maximum Change: 0.000% after 0 minutes
Candle Analysis:
    Body Sizes (%): []
    Upper Shadows (%): []
    Lower Shadows (%): []
Volumes: []
==================================================
2025-05-10 14:55:46,426 - INFO - 
==================================================
EMA Cross Analysis - ATA/USDT
Time: 2025-05-10 14:55:00+09:00
Type: golden
Cross Character (Current): Weak
Cross Character (New): Weak
Price at Cross: 0.0625

1. Pre-Cross Pattern (15min):
EMA Distance Changes (%): ['0.058', '0.028', '0.005', '0.027']
EMA12 Changes (%): ['0.029', '0.049', '0.042', '0.060']
Price Changes (%): ['0.484', '0.161', '0.000', '0.160']
Candle Analysis:
    Body Sizes (%): ['0.322', '0.000', '0.161', '0.000']
    Upper Shadows (%): ['0.161', '0.160', '0.161', '0.000']
    Lower Shadows (%): ['0.161', '0.321', '0.321', '0.000']
Volumes: [np.float64(101883.0), np.float64(137832.0), np.float64(376288.0), np.float64(29608.0)]
2025-05-10 14:55:46,427 - INFO - 
2. Post-Cross Movement (30min):
5min Price Changes (%): []
Maximum Change: 0.000% after 0 minutes
Candle Analysis:
    Body Sizes (%): []
    Upper Shadows (%): []
    Lower Shadows (%): []
Volumes: []
==================================================
2025-05-10 15:00:20,171 - INFO - 
==================================================
EMA Cross Analysis - POL/USDT
Time: 2025-05-10 15:00:00+09:00
Type: golden
Cross Character (Current): Weak
Cross Character (New): Weak
Price at Cross: 0.25688

1. Pre-Cross Pattern (15min):
EMA Distance Changes (%): ['0.074', '0.053', '0.021', '0.008']
EMA12 Changes (%): ['-0.002', '0.030', '0.055', '0.053']
Price Changes (%): ['0.192', '0.207', '0.187', '0.047']
Candle Analysis:
    Body Sizes (%): ['0.188', '0.192', '0.179', '0.043']
    Upper Shadows (%): ['0.165', '0.000', '0.078', '0.000']
    Lower Shadows (%): ['0.047', '0.043', '0.000', '0.043']
Volumes: [np.float64(636683.0), np.float64(180878.0), np.float64(305648.0), np.float64(38565.0)]
2025-05-10 15:00:20,171 - INFO - 
2. Post-Cross Movement (30min):
5min Price Changes (%): []
Maximum Change: 0.000% after 0 minutes
Candle Analysis:
    Body Sizes (%): []
    Upper Shadows (%): []
    Lower Shadows (%): []
Volumes: []
==================================================
2025-05-10 15:00:23,860 - INFO - 
==================================================
EMA Cross Analysis - XRP/USDT
Time: 2025-05-10 14:55:00+09:00
Type: golden
Cross Character (Current): Weak
Cross Character (New): Weak
Price at Cross: 2.372

1. Pre-Cross Pattern (15min):
EMA Distance Changes (%): ['0.042', '0.034', '0.004', '0.036']
EMA12 Changes (%): ['0.012', '0.010', '0.052', '0.078']
Price Changes (%): ['0.110', '0.000', '0.284', '0.215']
Candle Analysis:
    Body Sizes (%): ['0.110', '0.004', '0.280', '0.215']
    Upper Shadows (%): ['0.042', '0.047', '0.000', '0.025']
    Lower Shadows (%): ['0.030', '0.080', '0.153', '0.025']
Volumes: [np.float64(992173.3), np.float64(609428.9), np.float64(1058230.8), np.float64(2770177.9)]
2025-05-10 15:00:23,860 - INFO - 
2. Post-Cross Movement (30min):
5min Price Changes (%): ['0.042']
Maximum Change: 0.042% after 5 minutes
Candle Analysis:
    Body Sizes (%): ['0.038']
    Upper Shadows (%): ['0.051']
    Lower Shadows (%): ['0.008']
Volumes: [np.float64(410310.4)]
==================================================
2025-05-10 15:00:24,078 - INFO - 
==================================================
EMA Cross Analysis - ADA/USDT
Time: 2025-05-10 14:55:00+09:00
Type: golden
Cross Character (Current): Weak
Cross Character (New): Weak
Price at Cross: 0.7849

1. Pre-Cross Pattern (15min):
EMA Distance Changes (%): ['0.086', '0.063', '0.015', '0.051']
EMA12 Changes (%): ['0.012', '0.032', '0.083', '0.127']
Price Changes (%): ['0.129', '0.141', '0.359', '0.371']
Candle Analysis:
    Body Sizes (%): ['0.129', '0.141', '0.372', '0.384']
    Upper Shadows (%): ['0.039', '0.000', '0.013', '0.090']
    Lower Shadows (%): ['0.000', '0.077', '0.051', '0.000']
Volumes: [np.float64(516675.0), np.float64(641570.0), np.float64(1380460.0), np.float64(3113781.0)]
2025-05-10 15:00:24,078 - INFO - 
2. Post-Cross Movement (30min):
5min Price Changes (%): ['0.051']
Maximum Change: 0.051% after 5 minutes
Candle Analysis:
    Body Sizes (%): ['0.038']
    Upper Shadows (%): ['0.038']
    Lower Shadows (%): ['0.051']
Volumes: [np.float64(369009.0)]
==================================================
2025-05-10 15:00:24,293 - INFO - 
==================================================
EMA Cross Analysis - WLD/USDT
Time: 2025-05-10 14:55:00+09:00
Type: golden
Cross Character (Current): Weak
Cross Character (New): Weak
Price at Cross: 1.1715

1. Pre-Cross Pattern (15min):
EMA Distance Changes (%): ['0.130', '0.097', '0.022', '0.056']
EMA12 Changes (%): ['0.026', '0.044', '0.130', '0.150']
Price Changes (%): ['0.242', '0.147', '0.603', '0.257']
Candle Analysis:
    Body Sizes (%): ['0.251', '0.147', '0.594', '0.248']
    Upper Shadows (%): ['0.000', '0.043', '0.017', '0.103']
    Lower Shadows (%): ['0.164', '0.207', '0.086', '0.068']
Volumes: [np.float64(154116.0), np.float64(142141.0), np.float64(327900.0), np.float64(533444.0)]
2025-05-10 15:00:24,294 - INFO - 
2. Post-Cross Movement (30min):
5min Price Changes (%): ['-0.043']
Maximum Change: -0.043% after 5 minutes
Candle Analysis:
    Body Sizes (%): ['0.043']
    Upper Shadows (%): ['0.077']
    Lower Shadows (%): ['0.085']
Volumes: [np.float64(78639.0)]
==================================================
2025-05-10 15:00:24,730 - INFO - 
==================================================
EMA Cross Analysis - PENGU/USDT
Time: 2025-05-10 14:55:00+09:00
Type: golden
Cross Character (Current): Weak
Cross Character (New): Weak
Price at Cross: 0.013872

1. Pre-Cross Pattern (15min):
EMA Distance Changes (%): ['0.138', '0.117', '0.060', '0.063']
EMA12 Changes (%): ['-0.040', '0.020', '0.092', '0.231']
Price Changes (%): ['-0.015', '0.352', '0.490', '0.990']
Candle Analysis:
    Body Sizes (%): ['0.007', '0.360', '0.505', '0.983']
    Upper Shadows (%): ['0.103', '0.022', '0.527', '0.240']
    Lower Shadows (%): ['0.147', '0.169', '0.249', '0.000']
Volumes: [np.float64(24719764.0), np.float64(12465894.0), np.float64(110441549.0), np.float64(135225922.0)]
2025-05-10 15:00:24,730 - INFO - 
2. Post-Cross Movement (30min):
5min Price Changes (%): ['-0.159']
Maximum Change: -0.159% after 5 minutes
Candle Analysis:
    Body Sizes (%): ['0.166']
    Upper Shadows (%): ['0.022']
    Lower Shadows (%): ['0.137']
Volumes: [np.float64(8155013.0)]
==================================================
2025-05-10 15:00:24,948 - INFO - 
==================================================
EMA Cross Analysis - AIXBT/USDT
Time: 2025-05-10 14:55:00+09:00
Type: golden
Cross Character (Current): Weak
Cross Character (New): Weak
Price at Cross: 0.21531

1. Pre-Cross Pattern (15min):
EMA Distance Changes (%): ['0.192', '0.164', '0.042', '0.027']
EMA12 Changes (%): ['-0.007', '0.027', '0.212', '0.127']
Price Changes (%): ['0.202', '0.211', '1.228', '-0.333']
Candle Analysis:
    Body Sizes (%): ['0.212', '0.230', '1.242', '0.361']
    Upper Shadows (%): ['0.000', '0.174', '0.141', '0.421']
    Lower Shadows (%): ['0.184', '0.488', '0.084', '0.106']
Volumes: [np.float64(655877.0), np.float64(752904.0), np.float64(1980059.0), np.float64(1614682.0)]
2025-05-10 15:00:24,949 - INFO - 
2. Post-Cross Movement (30min):
5min Price Changes (%): ['-0.297']
Maximum Change: -0.297% after 5 minutes
Candle Analysis:
    Body Sizes (%): ['0.339']
    Upper Shadows (%): ['0.065']
    Lower Shadows (%): ['0.000']
Volumes: [np.float64(176529.0)]
==================================================
2025-05-10 15:00:25,168 - INFO - 
==================================================
EMA Cross Analysis - ATA/USDT
Time: 2025-05-10 14:55:00+09:00
Type: golden
Cross Character (Current): Weak
Cross Character (New): Weak
Price at Cross: 0.0625

1. Pre-Cross Pattern (15min):
EMA Distance Changes (%): ['0.058', '0.028', '0.005', '0.027']
EMA12 Changes (%): ['0.029', '0.049', '0.042', '0.060']
Price Changes (%): ['0.484', '0.161', '0.000', '0.160']
Candle Analysis:
    Body Sizes (%): ['0.322', '0.000', '0.161', '0.000']
    Upper Shadows (%): ['0.161', '0.160', '0.161', '0.320']
    Lower Shadows (%): ['0.161', '0.321', '0.321', '0.000']
Volumes: [np.float64(101883.0), np.float64(137832.0), np.float64(376288.0), np.float64(157514.0)]
2025-05-10 15:00:25,168 - INFO - 
2. Post-Cross Movement (30min):
5min Price Changes (%): ['0.000']
Maximum Change: 0.000% after 0 minutes
Candle Analysis:
    Body Sizes (%): ['0.000']
    Upper Shadows (%): ['0.160']
    Lower Shadows (%): ['0.160']
Volumes: [np.float64(11325.0)]
==================================================
2025-05-10 15:00:25,557 - INFO - 
==================================================
EMA Cross Analysis - SUI/USDT
Time: 2025-05-10 14:55:00+09:00
Type: golden
Cross Character (Current): Weak
Cross Character (New): Weak
Price at Cross: 3.9677

1. Pre-Cross Pattern (15min):
EMA Distance Changes (%): ['0.124', '0.102', '0.046', '0.010']
EMA12 Changes (%): ['-0.008', '0.026', '0.092', '0.101']
Price Changes (%): ['0.204', '0.211', '0.454', '0.154']
Candle Analysis:
    Body Sizes (%): ['0.204', '0.211', '0.454', '0.154']
    Upper Shadows (%): ['0.071', '0.000', '0.005', '0.088']
    Lower Shadows (%): ['0.048', '0.058', '0.018', '0.076']
Volumes: [np.float64(258030.9), np.float64(261221.0), np.float64(819226.5), np.float64(1088974.3)]
2025-05-10 15:00:25,557 - INFO - 
2. Post-Cross Movement (30min):
5min Price Changes (%): ['0.013']
Maximum Change: 0.013% after 5 minutes
Candle Analysis:
    Body Sizes (%): ['0.015']
    Upper Shadows (%): ['0.025']
    Lower Shadows (%): ['0.083']
Volumes: [np.float64(96131.9)]
==================================================
2025-05-10 15:00:26,646 - INFO - 
==================================================
EMA Cross Analysis - COW/USDT
Time: 2025-05-10 15:00:00+09:00
Type: golden
Cross Character (Current): Weak
Cross Character (New): Weak
Price at Cross: 0.3608

1. Pre-Cross Pattern (15min):
EMA Distance Changes (%): ['0.145', '0.071', '0.001', '0.045']
EMA12 Changes (%): ['0.033', '0.123', '0.125', '0.089']
Price Changes (%): ['0.280', '0.614', '0.139', '-0.111']
Candle Analysis:
    Body Sizes (%): ['0.280', '0.586', '0.055', '0.083']
    Upper Shadows (%): ['0.000', '0.056', '0.166', '0.000']
    Lower Shadows (%): ['0.028', '0.000', '0.111', '0.083']
Volumes: [np.float64(44963.0), np.float64(84971.0), np.float64(112511.0), np.float64(94231.0)]
2025-05-10 15:00:26,646 - INFO - 
2. Post-Cross Movement (30min):
5min Price Changes (%): []
Maximum Change: 0.000% after 0 minutes
Candle Analysis:
    Body Sizes (%): []
    Upper Shadows (%): []
    Lower Shadows (%): []
Volumes: []
==================================================
2025-05-10 15:05:04,357 - INFO - 
==================================================
EMA Cross Analysis - COW/USDT
Time: 2025-05-10 15:00:00+09:00
Type: golden
Cross Character (Current): Weak
Cross Character (New): Weak
Price at Cross: 0.3608

1. Pre-Cross Pattern (15min):
EMA Distance Changes (%): ['0.145', '0.071', '0.001', '0.045']
EMA12 Changes (%): ['0.033', '0.123', '0.125', '0.089']
Price Changes (%): ['0.280', '0.614', '0.139', '-0.111']
Candle Analysis:
    Body Sizes (%): ['0.280', '0.586', '0.055', '0.083']
    Upper Shadows (%): ['0.000', '0.056', '0.166', '0.000']
    Lower Shadows (%): ['0.028', '0.000', '0.111', '0.415']
Volumes: [np.float64(44963.0), np.float64(84971.0), np.float64(112511.0), np.float64(220640.0)]
2025-05-10 15:05:04,358 - INFO - 
2. Post-Cross Movement (30min):
5min Price Changes (%): ['-0.028']
Maximum Change: -0.028% after 5 minutes
Candle Analysis:
    Body Sizes (%): ['0.000']
    Upper Shadows (%): ['0.028']
    Lower Shadows (%): ['0.028']
Volumes: [np.float64(1595.0)]
==================================================
2025-05-10 15:06:09,271 - INFO - 
==================================================
EMA Cross Analysis - POL/USDT
Time: 2025-05-10 15:00:00+09:00
Type: golden
Cross Character (Current): Weak
Cross Character (New): Weak
Price at Cross: 0.2573

1. Pre-Cross Pattern (15min):
EMA Distance Changes (%): ['0.074', '0.053', '0.021', '0.021']
EMA12 Changes (%): ['-0.002', '0.030', '0.055', '0.079']
Price Changes (%): ['0.192', '0.207', '0.187', '0.210']
Candle Analysis:
    Body Sizes (%): ['0.188', '0.192', '0.179', '0.206']
    Upper Shadows (%): ['0.165', '0.000', '0.078', '0.000']
    Lower Shadows (%): ['0.047', '0.043', '0.000', '0.070']
Volumes: [np.float64(636683.0), np.float64(180878.0), np.float64(305648.0), np.float64(444474.0)]
2025-05-10 15:06:09,271 - INFO - 
2. Post-Cross Movement (30min):
5min Price Changes (%): ['-0.047']
Maximum Change: -0.047% after 5 minutes
Candle Analysis:
    Body Sizes (%): ['0.019']
    Upper Shadows (%): ['0.039']
    Lower Shadows (%): ['0.023']
Volumes: [np.float64(97890.0)]
==================================================
2025-05-10 15:06:15,169 - INFO - 
==================================================
EMA Cross Analysis - HIVE/USDT
Time: 2025-05-10 15:05:00+09:00
Type: golden
Cross Character (Current): Weak
Cross Character (New): Weak
Price at Cross: 0.26095

1. Pre-Cross Pattern (15min):
EMA Distance Changes (%): ['0.096', '0.060', '0.025', '0.004']
EMA12 Changes (%): ['0.072', '0.056', '0.059', '0.053']
Price Changes (%): ['0.416', '-0.031', '0.077', '0.019']
Candle Analysis:
    Body Sizes (%): ['0.400', '0.050', '0.092', '0.031']
    Upper Shadows (%): ['0.000', '0.027', '0.169', '0.057']
    Lower Shadows (%): ['0.000', '0.027', '0.123', '0.000']
Volumes: [np.float64(22264.0), np.float64(34948.0), np.float64(57866.0), np.float64(10934.0)]
2025-05-10 15:06:15,169 - INFO - 
2. Post-Cross Movement (30min):
5min Price Changes (%): []
Maximum Change: 0.000% after 0 minutes
Candle Analysis:
    Body Sizes (%): []
    Upper Shadows (%): []
    Lower Shadows (%): []
Volumes: []
==================================================
2025-05-10 15:10:53,842 - INFO - 
==================================================
EMA Cross Analysis - HIVE/USDT
Time: 2025-05-10 15:05:00+09:00
Type: golden
Cross Character (Current): Weak
Cross Character (New): Weak
Price at Cross: 0.26171

1. Pre-Cross Pattern (15min):
EMA Distance Changes (%): ['0.096', '0.060', '0.025', '0.027']
EMA12 Changes (%): ['0.072', '0.056', '0.059', '0.098']
Price Changes (%): ['0.416', '-0.031', '0.077', '0.310']
Candle Analysis:
    Body Sizes (%): ['0.400', '0.050', '0.092', '0.322']
    Upper Shadows (%): ['0.000', '0.027', '0.169', '0.011']
    Lower Shadows (%): ['0.000', '0.027', '0.123', '0.000']
Volumes: [np.float64(22264.0), np.float64(34948.0), np.float64(57866.0), np.float64(36259.0)]
2025-05-10 15:10:53,842 - INFO - 
2. Post-Cross Movement (30min):
5min Price Changes (%): ['0.023']
Maximum Change: 0.023% after 5 minutes
Candle Analysis:
    Body Sizes (%): ['0.057']
    Upper Shadows (%): ['0.031']
    Lower Shadows (%): ['0.011']
Volumes: [np.float64(4069.0)]
==================================================
2025-05-10 15:10:55,675 - INFO - 
==================================================
EMA Cross Analysis - MELANIA/USDT
Time: 2025-05-10 15:10:00+09:00
Type: golden
Cross Character (Current): Weak
Cross Character (New): Weak
Price at Cross: 0.3765

1. Pre-Cross Pattern (15min):
EMA Distance Changes (%): ['0.144', '0.101', '0.044', '0.018']
EMA12 Changes (%): ['0.013', '0.061', '0.097', '0.115']
Price Changes (%): ['0.188', '0.321', '0.294', '0.213']
Candle Analysis:
    Body Sizes (%): ['0.215', '0.348', '0.320', '0.240']
    Upper Shadows (%): ['0.107', '0.000', '0.080', '0.053']
    Lower Shadows (%): ['0.081', '0.348', '0.134', '0.000']
Volumes: [np.float64(259699.29), np.float64(453641.86), np.float64(303155.52), np.float64(42593.68)]
2025-05-10 15:10:55,675 - INFO - 
2. Post-Cross Movement (30min):
5min Price Changes (%): []
Maximum Change: 0.000% after 0 minutes
Candle Analysis:
    Body Sizes (%): []
    Upper Shadows (%): []
    Lower Shadows (%): []
Volumes: []
==================================================
2025-05-10 15:15:32,589 - INFO - 
==================================================
EMA Cross Analysis - MOVE/USDT
Time: 2025-05-10 15:10:00+09:00
Type: golden
Cross Character (Current): Weak
Cross Character (New): Weak
Price at Cross: 0.1885

1. Pre-Cross Pattern (15min):
EMA Distance Changes (%): ['0.160', '0.117', '0.052', '0.003']
EMA12 Changes (%): ['0.062', '0.060', '0.109', '0.100']
Price Changes (%): ['0.375', '0.053', '0.373', '0.053']
Candle Analysis:
    Body Sizes (%): ['0.321', '0.053', '0.319', '0.053']
    Upper Shadows (%): ['0.000', '0.213', '0.053', '0.212']
    Lower Shadows (%): ['0.000', '0.160', '0.053', '0.106']
Volumes: [np.float64(928730.0), np.float64(1419202.0), np.float64(713261.0), np.float64(809796.0)]
2025-05-10 15:15:32,590 - INFO - 
2. Post-Cross Movement (30min):
5min Price Changes (%): ['0.000']
Maximum Change: 0.000% after 0 minutes
Candle Analysis:
    Body Sizes (%): ['0.053']
    Upper Shadows (%): ['0.053']
    Lower Shadows (%): ['0.212']
Volumes: [np.float64(325904.0)]
==================================================
2025-05-10 15:15:32,823 - INFO - 
==================================================
EMA Cross Analysis - GOAT/USDT
Time: 2025-05-10 15:15:00+09:00
Type: dead
Cross Character (Current): Strong
Cross Character (New): Weak
Price at Cross: 0.16434

1. Pre-Cross Pattern (15min):
EMA Distance Changes (%): ['0.278', '0.145', '0.030', '0.104']
EMA12 Changes (%): ['-0.408', '-0.208', '-0.199', '-0.250']
Price Changes (%): ['-2.358', '0.921', '-0.145', '-0.539']
Candle Analysis:
    Body Sizes (%): ['2.335', '0.933', '0.103', '0.551']
    Upper Shadows (%): ['0.143', '0.037', '0.955', '0.024']
    Lower Shadows (%): ['0.393', '0.305', '0.907', '0.018']
Volumes: [np.float64(19677887.0), np.float64(10604789.0), np.float64(11262812.0), np.float64(516961.0)]
2025-05-10 15:15:32,823 - INFO - 
2. Post-Cross Movement (30min):
5min Price Changes (%): []
Maximum Change: 0.000% after 0 minutes
Candle Analysis:
    Body Sizes (%): []
    Upper Shadows (%): []
    Lower Shadows (%): []
Volumes: []
==================================================
2025-05-10 15:15:34,859 - INFO - 
==================================================
EMA Cross Analysis - MELANIA/USDT
Time: 2025-05-10 15:10:00+09:00
Type: golden
Cross Character (Current): Weak
Cross Character (New): Weak
Price at Cross: 0.3759

1. Pre-Cross Pattern (15min):
EMA Distance Changes (%): ['0.144', '0.101', '0.044', '0.006']
EMA12 Changes (%): ['0.013', '0.061', '0.097', '0.090']
Price Changes (%): ['0.188', '0.321', '0.294', '0.053']
Candle Analysis:
    Body Sizes (%): ['0.215', '0.348', '0.320', '0.080']
    Upper Shadows (%): ['0.107', '0.000', '0.080', '0.559']
    Lower Shadows (%): ['0.081', '0.348', '0.134', '0.000']
Volumes: [np.float64(259699.29), np.float64(453641.86), np.float64(303155.52), np.float64(334295.95)]
2025-05-10 15:15:34,860 - INFO - 
2. Post-Cross Movement (30min):
5min Price Changes (%): ['-0.053']
Maximum Change: -0.053% after 5 minutes
Candle Analysis:
    Body Sizes (%): ['0.027']
    Upper Shadows (%): ['0.053']
    Lower Shadows (%): ['0.027']
Volumes: [np.float64(6147.59)]
==================================================
2025-05-10 15:20:09,038 - INFO - 
==================================================
EMA Cross Analysis - BNB/USDT
Time: 2025-05-10 15:15:00+09:00
Type: golden
Cross Character (Current): Weak
Cross Character (New): Weak
Price at Cross: 662.56

1. Pre-Cross Pattern (15min):
EMA Distance Changes (%): ['0.085', '0.047', '0.026', '0.003']
EMA12 Changes (%): ['0.042', '0.061', '0.035', '0.052']
Price Changes (%): ['0.153', '0.162', '-0.106', '0.148']
Candle Analysis:
    Body Sizes (%): ['0.153', '0.163', '0.107', '0.147']
    Upper Shadows (%): ['0.000', '0.015', '0.024', '0.000']
    Lower Shadows (%): ['0.018', '0.053', '0.050', '0.076']
Volumes: [np.float64(3855.12), np.float64(2884.69), np.float64(3776.24), np.float64(2795.86)]
2025-05-10 15:20:09,038 - INFO - 
2. Post-Cross Movement (30min):
5min Price Changes (%): ['0.009']
Maximum Change: 0.009% after 5 minutes
Candle Analysis:
    Body Sizes (%): ['0.011']
    Upper Shadows (%): ['0.006']
    Lower Shadows (%): ['0.000']
Volumes: [np.float64(90.53)]
==================================================
2025-05-10 15:20:12,471 - INFO - 
==================================================
EMA Cross Analysis - GOAT/USDT
Time: 2025-05-10 15:15:00+09:00
Type: dead
Cross Character (Current): Strong
Cross Character (New): Weak
Price at Cross: 0.1654

1. Pre-Cross Pattern (15min):
EMA Distance Changes (%): ['0.278', '0.145', '0.030', '0.052']
EMA12 Changes (%): ['-0.408', '-0.208', '-0.199', '-0.153']
Price Changes (%): ['-2.358', '0.921', '-0.145', '0.103']
Candle Analysis:
    Body Sizes (%): ['2.335', '0.933', '0.103', '0.091']
    Upper Shadows (%): ['0.143', '0.037', '0.955', '0.127']
    Lower Shadows (%): ['0.393', '0.305', '0.907', '1.132']
Volumes: [np.float64(19677887.0), np.float64(10604789.0), np.float64(11262812.0), np.float64(6827178.0)]
2025-05-10 15:20:12,471 - INFO - 
2. Post-Cross Movement (30min):
5min Price Changes (%): ['0.187']
Maximum Change: 0.187% after 5 minutes
Candle Analysis:
    Body Sizes (%): ['0.139']
    Upper Shadows (%): ['0.073']
    Lower Shadows (%): ['0.133']
Volumes: [np.float64(279217.0)]
==================================================
2025-05-10 15:30:38,324 - INFO - 
==================================================
EMA Cross Analysis - GOAT/USDT
Time: 2025-05-10 15:25:00+09:00
Type: golden
Cross Character (Current): Weak
Cross Character (New): Weak
Price at Cross: 0.1699

1. Pre-Cross Pattern (15min):
EMA Distance Changes (%): ['0.030', '0.052', '0.113', '0.053']
EMA12 Changes (%): ['-0.199', '-0.153', '-0.125', '0.305']
Price Changes (%): ['-0.145', '0.103', '0.030', '2.690']
Candle Analysis:
    Body Sizes (%): ['0.103', '0.091', '0.018', '2.659']
    Upper Shadows (%): ['0.955', '0.127', '0.731', '0.248']
    Lower Shadows (%): ['0.907', '1.132', '0.381', '0.000']
Volumes: [np.float64(11262812.0), np.float64(6827178.0), np.float64(5526054.0), np.float64(10589874.0)]
2025-05-10 15:30:38,324 - INFO - 
2. Post-Cross Movement (30min):
5min Price Changes (%): ['0.259']
Maximum Change: 0.259% after 5 minutes
Candle Analysis:
    Body Sizes (%): ['0.241']
    Upper Shadows (%): ['0.029']
    Lower Shadows (%): ['0.435']
Volumes: [np.float64(2038195.0)]
==================================================
2025-05-10 15:35:09,206 - INFO - 
==================================================
EMA Cross Analysis - HIPPO/USDT
Time: 2025-05-10 15:30:00+09:00
Type: golden
Cross Character (Current): Strong
Cross Character (New): Weak
Price at Cross: 0.002854

1. Pre-Cross Pattern (15min):
EMA Distance Changes (%): ['0.274', '0.220', '0.108', '0.024']
EMA12 Changes (%): ['0.138', '0.067', '0.183', '0.242']
Price Changes (%): ['1.619', '-0.319', '0.817', '0.564']
Candle Analysis:
    Body Sizes (%): ['1.619', '0.319', '0.817', '0.564']
    Upper Shadows (%): ['0.180', '0.177', '0.142', '0.211']
    Lower Shadows (%): ['0.072', '0.177', '0.000', '0.282']
Volumes: [np.float64(36955306.0), np.float64(11542567.0), np.float64(13671432.0), np.float64(17596884.0)]
2025-05-10 15:35:09,206 - INFO - 
2. Post-Cross Movement (30min):
5min Price Changes (%): ['0.000']
Maximum Change: 0.000% after 0 minutes
Candle Analysis:
    Body Sizes (%): ['0.000']
    Upper Shadows (%): ['0.070']
    Lower Shadows (%): ['0.105']
Volumes: [np.float64(337537.0)]
==================================================
2025-05-10 15:40:56,402 - INFO - 
==================================================
EMA Cross Analysis - DOGS/USDT
Time: 2025-05-10 15:40:00+09:00
Type: golden
Cross Character (Current): Weak
Cross Character (New): Weak
Price at Cross: 0.0002136

1. Pre-Cross Pattern (15min):
EMA Distance Changes (%): ['0.302', '0.205', '0.107', '0.001']
EMA12 Changes (%): ['-0.017', '0.139', '0.161', '0.195']
Price Changes (%): ['0.334', '1.000', '0.283', '0.376']
Candle Analysis:
    Body Sizes (%): ['0.239', '1.000', '0.236', '0.423']
    Upper Shadows (%): ['0.477', '0.286', '0.612', '0.329']
    Lower Shadows (%): ['0.000', '0.190', '0.188', '0.094']
Volumes: [np.float64(716816858.0), np.float64(1204775047.0), np.float64(2129050879.0), np.float64(809470378.0)]
2025-05-10 15:40:56,403 - INFO - 
2. Post-Cross Movement (30min):
5min Price Changes (%): []
Maximum Change: 0.000% after 0 minutes
Candle Analysis:
    Body Sizes (%): []
    Upper Shadows (%): []
    Lower Shadows (%): []
Volumes: []
==================================================
2025-05-10 15:45:35,388 - INFO - 
==================================================
EMA Cross Analysis - DOGS/USDT
Time: 2025-05-10 15:40:00+09:00
Type: golden
Cross Character (Current): Weak
Cross Character (New): Weak
Price at Cross: 0.0002136

1. Pre-Cross Pattern (15min):
EMA Distance Changes (%): ['0.302', '0.205', '0.107', '0.001']
EMA12 Changes (%): ['-0.017', '0.139', '0.161', '0.195']
Price Changes (%): ['0.334', '1.000', '0.283', '0.376']
Candle Analysis:
    Body Sizes (%): ['0.239', '1.000', '0.236', '0.423']
    Upper Shadows (%): ['0.477', '0.286', '0.612', '0.705']
    Lower Shadows (%): ['0.000', '0.190', '0.188', '0.376']
Volumes: [np.float64(716816858.0), np.float64(1204775047.0), np.float64(2129050879.0), np.float64(2733141522.0)]
2025-05-10 15:45:35,388 - INFO - 
2. Post-Cross Movement (30min):
5min Price Changes (%): ['0.375']
Maximum Change: 0.375% after 5 minutes
Candle Analysis:
    Body Sizes (%): ['0.375']
    Upper Shadows (%): ['0.140']
    Lower Shadows (%): ['0.094']
Volumes: [np.float64(259935018.0)]
==================================================
2025-05-10 15:50:27,065 - INFO - 
==================================================
EMA Cross Analysis - MELANIA/USDT
Time: 2025-05-10 15:50:00+09:00
Type: dead
Cross Character (Current): Weak
Cross Character (New): Weak
Price at Cross: 0.3734

1. Pre-Cross Pattern (15min):
EMA Distance Changes (%): ['0.117', '0.074', '0.020', '0.006']
EMA12 Changes (%): ['-0.031', '-0.067', '-0.094', '-0.047']
Price Changes (%): ['-0.240', '-0.267', '-0.241', '0.215']
Candle Analysis:
    Body Sizes (%): ['0.240', '0.267', '0.214', '0.215']
    Upper Shadows (%): ['0.186', '0.080', '0.187', '0.000']
    Lower Shadows (%): ['0.053', '0.053', '0.054', '0.000']
Volumes: [np.float64(91542.5), np.float64(176698.08), np.float64(161983.18), np.float64(34075.5)]
2025-05-10 15:50:27,065 - INFO - 
2. Post-Cross Movement (30min):
5min Price Changes (%): []
Maximum Change: 0.000% after 0 minutes
Candle Analysis:
    Body Sizes (%): []
    Upper Shadows (%): []
    Lower Shadows (%): []
Volumes: []
==================================================
2025-05-10 15:55:03,451 - INFO - 
==================================================
EMA Cross Analysis - MELANIA/USDT
Time: 2025-05-10 15:55:00+09:00
Type: dead
Cross Character (Current): Weak
Cross Character (New): Weak
Price at Cross: 0.3737

1. Pre-Cross Pattern (15min):
EMA Distance Changes (%): ['0.074', '0.020', '0.002', '0.013']
EMA12 Changes (%): ['-0.067', '-0.094', '-0.030', '-0.030']
Price Changes (%): ['-0.267', '-0.241', '0.322', '-0.027']
Candle Analysis:
    Body Sizes (%): ['0.267', '0.214', '0.322', '0.000']
    Upper Shadows (%): ['0.080', '0.187', '0.000', '0.000']
    Lower Shadows (%): ['0.053', '0.054', '0.081', '0.000']
Volumes: [np.float64(176698.08), np.float64(161983.18), np.float64(225000.59), np.float64(318.71)]
2025-05-10 15:55:03,451 - INFO - 
2. Post-Cross Movement (30min):
5min Price Changes (%): []
Maximum Change: 0.000% after 0 minutes
Candle Analysis:
    Body Sizes (%): []
    Upper Shadows (%): []
    Lower Shadows (%): []
Volumes: []
==================================================
2025-05-10 15:56:11,564 - INFO - 
==================================================
EMA Cross Analysis - AIXBT/USDT
Time: 2025-05-10 15:55:00+09:00
Type: dead
Cross Character (Current): Weak
Cross Character (New): Weak
Price at Cross: 0.21195

1. Pre-Cross Pattern (15min):
EMA Distance Changes (%): ['0.284', '0.181', '0.074', '0.030']
EMA12 Changes (%): ['0.009', '-0.163', '-0.180', '-0.188']
Price Changes (%): ['-0.769', '-1.109', '-0.272', '-0.235']
Candle Analysis:
    Body Sizes (%): ['0.765', '1.132', '0.258', '0.221']
    Upper Shadows (%): ['0.193', '0.446', '0.216', '0.066']
    Lower Shadows (%): ['0.023', '0.056', '0.371', '0.132']
Volumes: [np.float64(1767715.0), np.float64(1951795.0), np.float64(2085720.0), np.float64(389184.0)]
2025-05-10 15:56:11,564 - INFO - 
2. Post-Cross Movement (30min):
5min Price Changes (%): []
Maximum Change: 0.000% after 0 minutes
Candle Analysis:
    Body Sizes (%): []
    Upper Shadows (%): []
    Lower Shadows (%): []
Volumes: []
==================================================
2025-05-10 16:00:49,773 - INFO - 
==================================================
EMA Cross Analysis - AIXBT/USDT
Time: 2025-05-10 15:55:00+09:00
Type: dead
Cross Character (Current): Weak
Cross Character (New): Weak
Price at Cross: 0.21122

1. Pre-Cross Pattern (15min):
EMA Distance Changes (%): ['0.284', '0.181', '0.074', '0.058']
EMA12 Changes (%): ['0.009', '-0.163', '-0.180', '-0.240']
Price Changes (%): ['-0.769', '-1.109', '-0.272', '-0.579']
Candle Analysis:
    Body Sizes (%): ['0.765', '1.132', '0.258', '0.565']
    Upper Shadows (%): ['0.193', '0.446', '0.216', '0.066']
    Lower Shadows (%): ['0.023', '0.056', '0.371', '0.899']
Volumes: [np.float64(1767715.0), np.float64(1951795.0), np.float64(2085720.0), np.float64(4531520.0)]
2025-05-10 16:00:49,773 - INFO - 
2. Post-Cross Movement (30min):
5min Price Changes (%): ['-0.440']
Maximum Change: -0.440% after 5 minutes
Candle Analysis:
    Body Sizes (%): ['0.417']
    Upper Shadows (%): ['0.071']
    Lower Shadows (%): ['0.028']
Volumes: [np.float64(489190.0)]
==================================================
2025-05-10 16:30:52,850 - INFO - 
==================================================
EMA Cross Analysis - XLM/USDT
Time: 2025-05-10 16:30:00+09:00
Type: dead
Cross Character (Current): Weak
Cross Character (New): Weak
Price at Cross: 0.29994

1. Pre-Cross Pattern (15min):
EMA Distance Changes (%): ['0.079', '0.039', '0.008', '0.019']
EMA12 Changes (%): ['-0.017', '-0.066', '-0.054', '-0.051']
Price Changes (%): ['0.123', '-0.336', '0.017', '-0.040']
Candle Analysis:
    Body Sizes (%): ['0.126', '0.339', '0.017', '0.037']
    Upper Shadows (%): ['0.003', '0.130', '0.050', '0.000']
    Lower Shadows (%): ['0.213', '0.003', '0.200', '0.073']
Volumes: [np.float64(2170069.0), np.float64(1459225.0), np.float64(1085891.0), np.float64(103060.0)]
2025-05-10 16:30:52,851 - INFO - 
2. Post-Cross Movement (30min):
5min Price Changes (%): []
Maximum Change: 0.000% after 0 minutes
Candle Analysis:
    Body Sizes (%): []
    Upper Shadows (%): []
    Lower Shadows (%): []
Volumes: []
==================================================
2025-05-10 16:35:28,937 - INFO - 
==================================================
EMA Cross Analysis - MOODENG/USDT
Time: 2025-05-10 16:30:00+09:00
Type: golden
Cross Character (Current): Strong
Cross Character (New): Strong
Price at Cross: 0.13451

1. Pre-Cross Pattern (15min):
EMA Distance Changes (%): ['0.323', '0.274', '0.164', '0.082']
EMA12 Changes (%): ['0.306', '0.057', '0.171', '0.459']
Price Changes (%): ['0.822', '-1.290', '0.795', '2.025']
Candle Analysis:
    Body Sizes (%): ['0.837', '1.290', '0.772', '2.041']
    Upper Shadows (%): ['0.236', '0.053', '0.191', '0.341']
    Lower Shadows (%): ['0.213', '0.015', '0.497', '0.394']
Volumes: [np.float64(15339575.0), np.float64(11543946.0), np.float64(13928500.0), np.float64(27258911.0)]
2025-05-10 16:35:28,938 - INFO - 
2. Post-Cross Movement (30min):
5min Price Changes (%): ['-0.186']
Maximum Change: -0.186% after 5 minutes
Candle Analysis:
    Body Sizes (%): ['0.186']
    Upper Shadows (%): ['0.208']
    Lower Shadows (%): ['0.037']
Volumes: [np.float64(1676626.0)]
==================================================
2025-05-10 16:35:30,028 - INFO - 
==================================================
EMA Cross Analysis - XLM/USDT
Time: 2025-05-10 16:35:00+09:00
Type: dead
Cross Character (Current): Weak
Cross Character (New): Weak
Price at Cross: 0.30078

1. Pre-Cross Pattern (15min):
EMA Distance Changes (%): ['0.039', '0.008', '0.002', '0.002']
EMA12 Changes (%): ['-0.066', '-0.054', '-0.011', '-0.007']
Price Changes (%): ['-0.336', '0.017', '0.223', '0.017']
Candle Analysis:
    Body Sizes (%): ['0.339', '0.017', '0.227', '0.017']
    Upper Shadows (%): ['0.130', '0.050', '0.013', '0.067']
    Lower Shadows (%): ['0.003', '0.200', '0.110', '0.007']
Volumes: [np.float64(1459225.0), np.float64(1085891.0), np.float64(838631.0), np.float64(143515.0)]
2025-05-10 16:35:30,028 - INFO - 
2. Post-Cross Movement (30min):
5min Price Changes (%): []
Maximum Change: 0.000% after 0 minutes
Candle Analysis:
    Body Sizes (%): []
    Upper Shadows (%): []
    Lower Shadows (%): []
Volumes: []
==================================================
2025-05-10 16:35:33,295 - INFO - 
==================================================
EMA Cross Analysis - AIXBT/USDT
Time: 2025-05-10 16:35:00+09:00
Type: golden
Cross Character (Current): Weak
Cross Character (New): Weak
Price at Cross: 0.21634

1. Pre-Cross Pattern (15min):
EMA Distance Changes (%): ['0.113', '0.125', '0.022', '0.066']
EMA12 Changes (%): ['-0.109', '-0.040', '0.179', '0.170']
Price Changes (%): ['-1.085', '0.344', '1.389', '0.116']
Candle Analysis:
    Body Sizes (%): ['1.104', '0.344', '1.398', '0.139']
    Upper Shadows (%): ['0.312', '0.047', '0.122', '0.148']
    Lower Shadows (%): ['0.000', '0.918', '0.375', '0.009']
Volumes: [np.float64(1230298.0), np.float64(1427119.0), np.float64(1597590.0), np.float64(164034.0)]
2025-05-10 16:35:33,295 - INFO - 
2. Post-Cross Movement (30min):
5min Price Changes (%): []
Maximum Change: 0.000% after 0 minutes
Candle Analysis:
    Body Sizes (%): []
    Upper Shadows (%): []
    Lower Shadows (%): []
Volumes: []
==================================================
2025-05-10 16:40:10,351 - INFO - 
==================================================
EMA Cross Analysis - AIXBT/USDT
Time: 2025-05-10 16:35:00+09:00
Type: golden
Cross Character (Current): Weak
Cross Character (New): Weak
Price at Cross: 0.21749

1. Pre-Cross Pattern (15min):
EMA Distance Changes (%): ['0.113', '0.125', '0.022', '0.108']
EMA12 Changes (%): ['-0.109', '-0.040', '0.179', '0.252']
Price Changes (%): ['-1.085', '0.344', '1.389', '0.648']
Candle Analysis:
    Body Sizes (%): ['1.104', '0.344', '1.398', '0.671']
    Upper Shadows (%): ['0.312', '0.047', '0.122', '0.338']
    Lower Shadows (%): ['0.000', '0.918', '0.375', '0.019']
Volumes: [np.float64(1230298.0), np.float64(1427119.0), np.float64(1597590.0), np.float64(1844505.0)]
2025-05-10 16:40:10,351 - INFO - 
2. Post-Cross Movement (30min):
5min Price Changes (%): ['-0.037']
Maximum Change: -0.037% after 5 minutes
Candle Analysis:
    Body Sizes (%): ['0.028']
    Upper Shadows (%): ['0.051']
    Lower Shadows (%): ['0.156']
Volumes: [np.float64(100486.0)]
==================================================
2025-05-10 16:45:51,726 - INFO - 
==================================================
EMA Cross Analysis - ACX/USDT
Time: 2025-05-10 16:45:00+09:00
Type: dead
Cross Character (Current): Strong
Cross Character (New): Weak
Price at Cross: 0.2532

1. Pre-Cross Pattern (15min):
EMA Distance Changes (%): ['0.312', '0.161', '0.059', '0.021']
EMA12 Changes (%): ['-0.203', '-0.244', '-0.171', '-0.145']
Price Changes (%): ['-1.513', '-0.473', '0.238', '0.000']
Candle Analysis:
    Body Sizes (%): ['1.552', '0.473', '0.277', '0.039']
    Upper Shadows (%): ['0.194', '0.236', '0.475', '0.000']
    Lower Shadows (%): ['0.310', '0.118', '0.000', '0.079']
Volumes: [np.float64(628846.3), np.float64(139129.5), np.float64(150492.1), np.float64(5792.0)]
2025-05-10 16:45:51,726 - INFO - 
2. Post-Cross Movement (30min):
5min Price Changes (%): []
Maximum Change: 0.000% after 0 minutes
Candle Analysis:
    Body Sizes (%): []
    Upper Shadows (%): []
    Lower Shadows (%): []
Volumes: []
==================================================
2025-05-10 17:20:40,429 - INFO - 
==================================================
EMA Cross Analysis - BNB/USDT
Time: 2025-05-10 17:20:00+09:00
Type: dead
Cross Character (Current): Weak
Cross Character (New): Weak
Price at Cross: 660.81

1. Pre-Cross Pattern (15min):
EMA Distance Changes (%): ['0.049', '0.024', '0.002', '0.013']
EMA12 Changes (%): ['-0.017', '-0.040', '-0.039', '-0.029']
Price Changes (%): ['-0.128', '-0.163', '-0.036', '0.027']
Candle Analysis:
    Body Sizes (%): ['0.128', '0.162', '0.035', '0.029']
    Upper Shadows (%): ['0.148', '0.103', '0.127', '0.015']
    Lower Shadows (%): ['0.056', '0.029', '0.073', '0.035']
Volumes: [np.float64(7563.47), np.float64(3810.83), np.float64(2534.42), np.float64(203.54)]
2025-05-10 17:20:40,429 - INFO - 
2. Post-Cross Movement (30min):
5min Price Changes (%): []
Maximum Change: 0.000% after 0 minutes
Candle Analysis:
    Body Sizes (%): []
    Upper Shadows (%): []
    Lower Shadows (%): []
Volumes: []
==================================================
2025-05-10 17:25:18,868 - INFO - 
==================================================
EMA Cross Analysis - BNB/USDT
Time: 2025-05-10 17:20:00+09:00
Type: dead
Cross Character (Current): Weak
Cross Character (New): Weak
Price at Cross: 661.12

1. Pre-Cross Pattern (15min):
EMA Distance Changes (%): ['0.049', '0.024', '0.002', '0.009']
EMA12 Changes (%): ['-0.017', '-0.040', '-0.039', '-0.022']
Price Changes (%): ['-0.128', '-0.163', '-0.036', '0.074']
Candle Analysis:
    Body Sizes (%): ['0.128', '0.162', '0.035', '0.076']
    Upper Shadows (%): ['0.148', '0.103', '0.127', '0.100']
    Lower Shadows (%): ['0.056', '0.029', '0.073', '0.035']
Volumes: [np.float64(7563.47), np.float64(3810.83), np.float64(2534.42), np.float64(1504.88)]
2025-05-10 17:25:18,868 - INFO - 
2. Post-Cross Movement (30min):
5min Price Changes (%): ['0.024']
Maximum Change: 0.024% after 5 minutes
Candle Analysis:
    Body Sizes (%): ['0.024']
    Upper Shadows (%): ['0.005']
    Lower Shadows (%): ['0.000']
Volumes: [np.float64(119.28)]
==================================================
2025-05-10 17:46:04,818 - INFO - 
==================================================
EMA Cross Analysis - BAKE/USDT
Time: 2025-05-10 17:45:00+09:00
Type: dead
Cross Character (Current): Weak
Cross Character (New): Weak
Price at Cross: 0.1489

1. Pre-Cross Pattern (15min):
EMA Distance Changes (%): ['0.169', '0.101', '0.047', '0.007']
EMA12 Changes (%): ['-0.113', '-0.106', '-0.090', '-0.097']
Price Changes (%): ['-0.930', '-0.067', '0.000', '-0.134']
Candle Analysis:
    Body Sizes (%): ['0.930', '0.000', '0.067', '0.134']
    Upper Shadows (%): ['0.000', '0.335', '0.067', '0.000']
    Lower Shadows (%): ['0.133', '0.335', '0.201', '0.000']
Volumes: [np.float64(1039359.0), np.float64(784926.0), np.float64(245071.0), np.float64(15920.0)]
2025-05-10 17:46:04,818 - INFO - 
2. Post-Cross Movement (30min):
5min Price Changes (%): []
Maximum Change: 0.000% after 0 minutes
Candle Analysis:
    Body Sizes (%): []
    Upper Shadows (%): []
    Lower Shadows (%): []
Volumes: []
==================================================
2025-05-10 17:50:42,744 - INFO - 
==================================================
EMA Cross Analysis - BAKE/USDT
Time: 2025-05-10 17:45:00+09:00
Type: dead
Cross Character (Current): Weak
Cross Character (New): Weak
Price at Cross: 0.1479

1. Pre-Cross Pattern (15min):
EMA Distance Changes (%): ['0.169', '0.101', '0.047', '0.061']
EMA12 Changes (%): ['-0.113', '-0.106', '-0.090', '-0.199']
Price Changes (%): ['-0.930', '-0.067', '0.000', '-0.805']
Candle Analysis:
    Body Sizes (%): ['0.930', '0.000', '0.067', '0.805']
    Upper Shadows (%): ['0.000', '0.335', '0.067', '0.067']
    Lower Shadows (%): ['0.133', '0.335', '0.201', '0.134']
Volumes: [np.float64(1039359.0), np.float64(784926.0), np.float64(245071.0), np.float64(775159.0)]
2025-05-10 17:50:42,745 - INFO - 
2. Post-Cross Movement (30min):
5min Price Changes (%): ['0.068']
Maximum Change: 0.068% after 5 minutes
Candle Analysis:
    Body Sizes (%): ['0.068']
    Upper Shadows (%): ['0.135']
    Lower Shadows (%): ['0.000']
Volumes: [np.float64(157559.0)]
==================================================
2025-05-10 17:50:48,613 - INFO - 
==================================================
EMA Cross Analysis - AIXBT/USDT
Time: 2025-05-10 17:50:00+09:00
Type: dead
Cross Character (Current): Strong
Cross Character (New): Strong
Price at Cross: 0.21037

1. Pre-Cross Pattern (15min):
EMA Distance Changes (%): ['0.355', '0.262', '0.119', '0.101']
EMA12 Changes (%): ['-0.036', '-0.131', '-0.239', '-0.398']
Price Changes (%): ['-0.510', '-0.652', '-0.842', '-1.286']
Candle Analysis:
    Body Sizes (%): ['0.488', '0.661', '0.856', '1.286']
    Upper Shadows (%): ['0.110', '0.051', '0.042', '0.080']
    Lower Shadows (%): ['0.469', '0.361', '0.000', '0.000']
Volumes: [np.float64(711606.0), np.float64(1056051.0), np.float64(785988.0), np.float64(1205637.0)]
2025-05-10 17:50:48,613 - INFO - 
2. Post-Cross Movement (30min):
5min Price Changes (%): []
Maximum Change: 0.000% after 0 minutes
Candle Analysis:
    Body Sizes (%): []
    Upper Shadows (%): []
    Lower Shadows (%): []
Volumes: []
==================================================
2025-05-10 17:55:23,179 - INFO - 
==================================================
EMA Cross Analysis - ORCA/USDT
Time: 2025-05-10 17:55:00+09:00
Type: dead
Cross Character (Current): Weak
Cross Character (New): Weak
Price at Cross: 2.919

1. Pre-Cross Pattern (15min):
EMA Distance Changes (%): ['0.242', '0.179', '0.066', '0.017']
EMA12 Changes (%): ['-0.060', '-0.087', '-0.194', '-0.149']
Price Changes (%): ['-0.305', '-0.238', '-0.783', '0.103']
Candle Analysis:
    Body Sizes (%): ['0.305', '0.204', '0.783', '0.103']
    Upper Shadows (%): ['0.000', '0.000', '0.000', '0.000']
    Lower Shadows (%): ['0.135', '0.034', '0.476', '0.034']
Volumes: [np.float64(30818.3), np.float64(23214.1), np.float64(60793.7), np.float64(4097.8)]
2025-05-10 17:55:23,179 - INFO - 
2. Post-Cross Movement (30min):
5min Price Changes (%): []
Maximum Change: 0.000% after 0 minutes
Candle Analysis:
    Body Sizes (%): []
    Upper Shadows (%): []
    Lower Shadows (%): []
Volumes: []
==================================================
2025-05-10 17:55:28,507 - INFO - 
==================================================
EMA Cross Analysis - ARPA/USDT
Time: 2025-05-10 17:55:00+09:00
Type: dead
Cross Character (Current): Weak
Cross Character (New): Weak
Price at Cross: 0.02766

1. Pre-Cross Pattern (15min):
EMA Distance Changes (%): ['0.176', '0.129', '0.027', '0.039']
EMA12 Changes (%): ['-0.046', '-0.067', '-0.178', '-0.123']
Price Changes (%): ['0.036', '-0.179', '-0.791', '0.181']
Candle Analysis:
    Body Sizes (%): ['0.072', '0.144', '0.791', '0.181']
    Upper Shadows (%): ['0.036', '0.036', '0.000', '0.000']
    Lower Shadows (%): ['0.144', '0.000', '0.359', '0.036']
Volumes: [np.float64(381505.0), np.float64(288767.0), np.float64(1721934.0), np.float64(36703.0)]
2025-05-10 17:55:28,507 - INFO - 
2. Post-Cross Movement (30min):
5min Price Changes (%): []
Maximum Change: 0.000% after 0 minutes
Candle Analysis:
    Body Sizes (%): []
    Upper Shadows (%): []
    Lower Shadows (%): []
Volumes: []
==================================================
2025-05-10 17:55:30,028 - INFO - 
==================================================
EMA Cross Analysis - AIXBT/USDT
Time: 2025-05-10 17:50:00+09:00
Type: dead
Cross Character (Current): Strong
Cross Character (New): Strong
Price at Cross: 0.21131

1. Pre-Cross Pattern (15min):
EMA Distance Changes (%): ['0.355', '0.262', '0.119', '0.065']
EMA12 Changes (%): ['-0.036', '-0.131', '-0.239', '-0.331']
Price Changes (%): ['-0.510', '-0.652', '-0.842', '-0.845']
Candle Analysis:
    Body Sizes (%): ['0.488', '0.661', '0.856', '0.845']
    Upper Shadows (%): ['0.110', '0.051', '0.042', '0.080']
    Lower Shadows (%): ['0.469', '0.361', '0.000', '1.502']
Volumes: [np.float64(711606.0), np.float64(1056051.0), np.float64(785988.0), np.float64(9357251.0)]
2025-05-10 17:55:30,029 - INFO - 
2. Post-Cross Movement (30min):
5min Price Changes (%): ['0.393']
Maximum Change: 0.393% after 5 minutes
Candle Analysis:
    Body Sizes (%): ['0.393']
    Upper Shadows (%): ['0.014']
    Lower Shadows (%): ['0.000']
Volumes: [np.float64(189326.0)]
==================================================
2025-05-10 17:55:32,095 - INFO - 
==================================================
EMA Cross Analysis - GOAT/USDT
Time: 2025-05-10 17:50:00+09:00
Type: dead
Cross Character (Current): Weak
Cross Character (New): Strong
Price at Cross: 0.16588

1. Pre-Cross Pattern (15min):
EMA Distance Changes (%): ['0.394', '0.381', '0.277', '0.034']
EMA12 Changes (%): ['0.277', '0.022', '-0.153', '-0.552']
Price Changes (%): ['1.485', '-1.355', '-1.113', '-2.772']
Candle Analysis:
    Body Sizes (%): ['1.480', '1.355', '1.101', '2.807']
    Upper Shadows (%): ['0.458', '0.314', '0.214', '0.064']
    Lower Shadows (%): ['0.075', '0.114', '0.400', '1.184']
Volumes: [np.float64(13597316.0), np.float64(8589508.0), np.float64(8237451.0), np.float64(26213232.0)]
2025-05-10 17:55:32,095 - INFO - 
2. Post-Cross Movement (30min):
5min Price Changes (%): ['-0.199']
Maximum Change: -0.199% after 5 minutes
Candle Analysis:
    Body Sizes (%): ['0.181']
    Upper Shadows (%): ['0.211']
    Lower Shadows (%): ['0.018']
Volumes: [np.float64(1000203.0)]
==================================================
2025-05-10 17:55:33,962 - INFO - 
==================================================
EMA Cross Analysis - VANA/USDT
Time: 2025-05-10 17:50:00+09:00
Type: dead
Cross Character (Current): Strong
Cross Character (New): Strong
Price at Cross: 6.713

1. Pre-Cross Pattern (15min):
EMA Distance Changes (%): ['0.318', '0.234', '0.177', '0.008']
EMA12 Changes (%): ['-0.090', '-0.116', '-0.076', '-0.329']
Price Changes (%): ['-0.321', '-0.263', '0.147', '-1.727']
Candle Analysis:
    Body Sizes (%): ['0.292', '0.249', '0.161', '1.699']
    Upper Shadows (%): ['0.160', '0.000', '0.220', '0.000']
    Lower Shadows (%): ['0.015', '0.483', '0.073', '0.410']
Volumes: [np.float64(13794.54), np.float64(25646.58), np.float64(18084.66), np.float64(85722.12)]
2025-05-10 17:55:33,962 - INFO - 
2. Post-Cross Movement (30min):
5min Price Changes (%): ['0.179']
Maximum Change: 0.179% after 5 minutes
Candle Analysis:
    Body Sizes (%): ['0.164']
    Upper Shadows (%): ['0.000']
    Lower Shadows (%): ['0.104']
Volumes: [np.float64(3652.61)]
==================================================
2025-05-10 18:00:07,470 - INFO - 
==================================================
EMA Cross Analysis - ARPA/USDT
Time: 2025-05-10 17:55:00+09:00
Type: dead
Cross Character (Current): Weak
Cross Character (New): Weak
Price at Cross: 0.02779

1. Pre-Cross Pattern (15min):
EMA Distance Changes (%): ['0.176', '0.129', '0.027', '0.002']
EMA12 Changes (%): ['-0.046', '-0.067', '-0.178', '-0.051']
Price Changes (%): ['0.036', '-0.179', '-0.791', '0.652']
Candle Analysis:
    Body Sizes (%): ['0.072', '0.144', '0.791', '0.652']
    Upper Shadows (%): ['0.036', '0.036', '0.000', '0.000']
    Lower Shadows (%): ['0.144', '0.000', '0.359', '0.036']
Volumes: [np.float64(381505.0), np.float64(288767.0), np.float64(1721934.0), np.float64(298964.0)]
2025-05-10 18:00:07,470 - INFO - 
2. Post-Cross Movement (30min):
5min Price Changes (%): ['-0.072']
Maximum Change: -0.072% after 5 minutes
Candle Analysis:
    Body Sizes (%): ['0.108']
    Upper Shadows (%): ['0.000']
    Lower Shadows (%): ['0.000']
Volumes: [np.float64(29013.0)]
==================================================
2025-05-10 18:00:08,404 - INFO - 
==================================================
EMA Cross Analysis - WLD/USDT
Time: 2025-05-10 18:00:00+09:00
Type: dead
Cross Character (Current): Strong
Cross Character (New): Weak
Price at Cross: 1.1834

1. Pre-Cross Pattern (15min):
EMA Distance Changes (%): ['0.274', '0.138', '0.058', '0.009']
EMA12 Changes (%): ['-0.068', '-0.226', '-0.132', '-0.120']
Price Changes (%): ['0.118', '-1.099', '0.390', '-0.051']
Candle Analysis:
    Body Sizes (%): ['0.126', '1.115', '0.407', '0.051']
    Upper Shadows (%): ['0.285', '0.025', '0.161', '0.025']
    Lower Shadows (%): ['0.042', '0.570', '0.204', '0.076']
Volumes: [np.float64(329867.0), np.float64(2025647.0), np.float64(707215.0), np.float64(26874.0)]
2025-05-10 18:00:08,404 - INFO - 
2. Post-Cross Movement (30min):
5min Price Changes (%): []
Maximum Change: 0.000% after 0 minutes
Candle Analysis:
    Body Sizes (%): []
    Upper Shadows (%): []
    Lower Shadows (%): []
Volumes: []
==================================================
2025-05-10 18:00:12,460 - INFO - 
==================================================
EMA Cross Analysis - MELANIA/USDT
Time: 2025-05-10 18:00:00+09:00
Type: dead
Cross Character (Current): Strong
Cross Character (New): Weak
Price at Cross: 0.3743

1. Pre-Cross Pattern (15min):
EMA Distance Changes (%): ['0.264', '0.127', '0.044', '0.017']
EMA12 Changes (%): ['-0.063', '-0.228', '-0.141', '-0.111']
Price Changes (%): ['-0.554', '-1.140', '0.349', '0.053']
Candle Analysis:
    Body Sizes (%): ['0.554', '1.140', '0.322', '0.027']
    Upper Shadows (%): ['0.000', '0.000', '0.134', '0.000']
    Lower Shadows (%): ['0.000', '0.292', '0.027', '0.080']
Volumes: [np.float64(204305.26), np.float64(830886.27), np.float64(181499.56), np.float64(10570.18)]
2025-05-10 18:00:12,460 - INFO - 
2. Post-Cross Movement (30min):
5min Price Changes (%): []
Maximum Change: 0.000% after 0 minutes
Candle Analysis:
    Body Sizes (%): []
    Upper Shadows (%): []
    Lower Shadows (%): []
Volumes: []
==================================================
2025-05-10 18:01:14,266 - INFO - 
==================================================
EMA Cross Analysis - ORCA/USDT
Time: 2025-05-10 17:55:00+09:00
Type: dead
Cross Character (Current): Weak
Cross Character (New): Weak
Price at Cross: 2.925

1. Pre-Cross Pattern (15min):
EMA Distance Changes (%): ['0.242', '0.179', '0.066', '0.001']
EMA12 Changes (%): ['-0.060', '-0.087', '-0.194', '-0.117']
Price Changes (%): ['-0.305', '-0.238', '-0.783', '0.309']
Candle Analysis:
    Body Sizes (%): ['0.305', '0.204', '0.783', '0.309']
    Upper Shadows (%): ['0.000', '0.000', '0.000', '0.000']
    Lower Shadows (%): ['0.135', '0.034', '0.476', '0.274']
Volumes: [np.float64(30818.3), np.float64(23214.1), np.float64(60793.7), np.float64(29166.2)]
2025-05-10 18:01:14,267 - INFO - 
2. Post-Cross Movement (30min):
5min Price Changes (%): ['-0.137']
Maximum Change: -0.137% after 5 minutes
Candle Analysis:
    Body Sizes (%): ['0.103']
    Upper Shadows (%): ['0.034']
    Lower Shadows (%): ['0.103']
Volumes: [np.float64(5917.8)]
==================================================
2025-05-10 18:05:51,146 - INFO - 
==================================================
EMA Cross Analysis - BAN/USDT
Time: 2025-05-10 18:05:00+09:00
Type: dead
Cross Character (Current): Weak
Cross Character (New): Strong
Price at Cross: 0.07124

1. Pre-Cross Pattern (15min):
EMA Distance Changes (%): ['0.409', '0.366', '0.146', '0.003']
EMA12 Changes (%): ['0.131', '-0.031', '-0.379', '-0.260']
Price Changes (%): ['-0.624', '-0.914', '-2.300', '0.409']
Candle Analysis:
    Body Sizes (%): ['0.651', '0.914', '2.327', '0.423']
    Upper Shadows (%): ['0.244', '0.205', '0.055', '0.099']
    Lower Shadows (%): ['0.393', '0.368', '0.138', '0.014']
Volumes: [np.float64(851941.0), np.float64(824290.0), np.float64(1315305.0), np.float64(372098.0)]
2025-05-10 18:05:51,146 - INFO - 
2. Post-Cross Movement (30min):
5min Price Changes (%): []
Maximum Change: 0.000% after 0 minutes
Candle Analysis:
    Body Sizes (%): []
    Upper Shadows (%): []
    Lower Shadows (%): []
Volumes: []
==================================================
2025-05-10 18:05:51,378 - INFO - 
==================================================
EMA Cross Analysis - BOME/USDT
Time: 2025-05-10 18:05:00+09:00
Type: dead
Cross Character (Current): Strong
Cross Character (New): Strong
Price at Cross: 0.002127

1. Pre-Cross Pattern (15min):
EMA Distance Changes (%): ['0.535', '0.400', '0.168', '0.057']
EMA12 Changes (%): ['-0.269', '-0.179', '-0.390', '-0.402']
Price Changes (%): ['-1.006', '0.323', '-1.566', '-0.468']
Candle Analysis:
    Body Sizes (%): ['1.006', '0.323', '1.566', '0.468']
    Upper Shadows (%): ['0.137', '0.092', '0.092', '0.140']
    Lower Shadows (%): ['0.823', '0.601', '0.645', '0.094']
Volumes: [np.float64(399081358.0), np.float64(207719960.0), np.float64(576578080.0), np.float64(47152293.0)]
2025-05-10 18:05:51,378 - INFO - 
2. Post-Cross Movement (30min):
5min Price Changes (%): []
Maximum Change: 0.000% after 0 minutes
Candle Analysis:
    Body Sizes (%): []
    Upper Shadows (%): []
    Lower Shadows (%): []
Volumes: []
==================================================
2025-05-10 18:05:52,248 - INFO - 
==================================================
EMA Cross Analysis - NEAR/USDT
Time: 2025-05-10 18:05:00+09:00
Type: dead
Cross Character (Current): Weak
Cross Character (New): Weak
Price at Cross: 2.953

1. Pre-Cross Pattern (15min):
EMA Distance Changes (%): ['0.171', '0.138', '0.055', '0.023']
EMA12 Changes (%): ['-0.106', '-0.038', '-0.141', '-0.140']
Price Changes (%): ['-1.001', '0.337', '-0.705', '-0.135']
Candle Analysis:
    Body Sizes (%): ['0.968', '0.337', '0.739', '0.135']
    Upper Shadows (%): ['0.000', '0.034', '0.000', '0.135']
    Lower Shadows (%): ['0.367', '0.067', '0.201', '0.034']
Volumes: [np.float64(653849.0), np.float64(119358.0), np.float64(321240.0), np.float64(27066.0)]
2025-05-10 18:05:52,248 - INFO - 
2. Post-Cross Movement (30min):
5min Price Changes (%): []
Maximum Change: 0.000% after 0 minutes
Candle Analysis:
    Body Sizes (%): []
    Upper Shadows (%): []
    Lower Shadows (%): []
Volumes: []
==================================================
2025-05-10 18:05:52,465 - INFO - 
==================================================
EMA Cross Analysis - HIPPO/USDT
Time: 2025-05-10 18:05:00+09:00
Type: dead
Cross Character (Current): Strong
Cross Character (New): Weak
Price at Cross: 0.002821

1. Pre-Cross Pattern (15min):
EMA Distance Changes (%): ['0.923', '0.594', '0.126', '0.277']
EMA12 Changes (%): ['-0.584', '-0.487', '-0.801', '-0.724']
Price Changes (%): ['-4.098', '0.069', '-2.583', '-0.283']
Candle Analysis:
    Body Sizes (%): ['4.066', '0.069', '2.583', '0.283']
    Upper Shadows (%): ['0.033', '0.517', '0.241', '0.389']
    Lower Shadows (%): ['2.281', '1.309', '0.172', '0.389']
Volumes: [np.float64(274174904.0), np.float64(38501640.0), np.float64(57338259.0), np.float64(16682506.0)]
2025-05-10 18:05:52,465 - INFO - 
2. Post-Cross Movement (30min):
5min Price Changes (%): []
Maximum Change: 0.000% after 0 minutes
Candle Analysis:
    Body Sizes (%): []
    Upper Shadows (%): []
    Lower Shadows (%): []
Volumes: []
==================================================
2025-05-10 18:05:53,861 - INFO - 
==================================================
EMA Cross Analysis - LINK/USDT
Time: 2025-05-10 18:05:00+09:00
Type: dead
Cross Character (Current): Weak
Cross Character (New): Weak
Price at Cross: 16.146

1. Pre-Cross Pattern (15min):
EMA Distance Changes (%): ['0.244', '0.172', '0.069', '0.014']
EMA12 Changes (%): ['-0.132', '-0.103', '-0.174', '-0.148']
Price Changes (%): ['-0.679', '0.062', '-0.573', '0.000']
Candle Analysis:
    Body Sizes (%): ['0.691', '0.062', '0.579', '0.006']
    Upper Shadows (%): ['0.000', '0.136', '0.043', '0.111']
    Lower Shadows (%): ['0.324', '0.203', '0.166', '0.031']
Volumes: [np.float64(292286.99), np.float64(102947.89), np.float64(147313.23), np.float64(21680.39)]
2025-05-10 18:05:53,861 - INFO - 
2. Post-Cross Movement (30min):
5min Price Changes (%): []
Maximum Change: 0.000% after 0 minutes
Candle Analysis:
    Body Sizes (%): []
    Upper Shadows (%): []
    Lower Shadows (%): []
Volumes: []
==================================================
2025-05-10 18:05:54,076 - INFO - 
==================================================
EMA Cross Analysis - POL/USDT
Time: 2025-05-10 18:05:00+09:00
Type: dead
Cross Character (Current): Weak
Cross Character (New): Weak
Price at Cross: 0.258

1. Pre-Cross Pattern (15min):
EMA Distance Changes (%): ['0.229', '0.162', '0.066', '0.011']
EMA12 Changes (%): ['-0.160', '-0.095', '-0.161', '-0.137']
Price Changes (%): ['-0.900', '0.267', '-0.528', '-0.004']
Candle Analysis:
    Body Sizes (%): ['0.885', '0.263', '0.536', '0.012']
    Upper Shadows (%): ['0.011', '0.004', '0.073', '0.124']
    Lower Shadows (%): ['0.226', '0.093', '0.251', '0.019']
Volumes: [np.float64(1853280.0), np.float64(1506352.0), np.float64(1463233.0), np.float64(150418.0)]
2025-05-10 18:05:54,076 - INFO - 
2. Post-Cross Movement (30min):
5min Price Changes (%): []
Maximum Change: 0.000% after 0 minutes
Candle Analysis:
    Body Sizes (%): []
    Upper Shadows (%): []
    Lower Shadows (%): []
Volumes: []
==================================================
2025-05-10 18:05:54,511 - INFO - 
==================================================
EMA Cross Analysis - ATOM/USDT
Time: 2025-05-10 18:05:00+09:00
Type: dead
Cross Character (Current): Weak
Cross Character (New): Weak
Price at Cross: 4.956

1. Pre-Cross Pattern (15min):
EMA Distance Changes (%): ['0.124', '0.098', '0.039', '0.003']
EMA12 Changes (%): ['-0.092', '-0.031', '-0.101', '-0.076']
Price Changes (%): ['-0.521', '0.302', '-0.482', '0.061']
Candle Analysis:
    Body Sizes (%): ['0.501', '0.302', '0.482', '0.081']
    Upper Shadows (%): ['0.000', '0.000', '0.080', '0.141']
    Lower Shadows (%): ['0.421', '0.060', '0.161', '0.000']
Volumes: [np.float64(125016.04), np.float64(22372.39), np.float64(92007.01), np.float64(12893.77)]
2025-05-10 18:05:54,511 - INFO - 
2. Post-Cross Movement (30min):
5min Price Changes (%): []
Maximum Change: 0.000% after 0 minutes
Candle Analysis:
    Body Sizes (%): []
    Upper Shadows (%): []
    Lower Shadows (%): []
Volumes: []
==================================================
2025-05-10 18:05:54,730 - INFO - 
==================================================
EMA Cross Analysis - PHA/USDT
Time: 2025-05-10 18:05:00+09:00
Type: dead
Cross Character (Current): Strong
Cross Character (New): Weak
Price at Cross: 0.14052

1. Pre-Cross Pattern (15min):
EMA Distance Changes (%): ['0.353', '0.269', '0.118', '0.011']
EMA12 Changes (%): ['-0.192', '-0.108', '-0.254', '-0.229']
Price Changes (%): ['-0.875', '0.360', '-1.062', '-0.085']
Candle Analysis:
    Body Sizes (%): ['0.903', '0.424', '1.083', '0.071']
    Upper Shadows (%): ['0.000', '0.064', '0.098', '0.156']
    Lower Shadows (%): ['0.791', '0.177', '0.028', '0.249']
Volumes: [np.float64(620602.0), np.float64(149497.0), np.float64(284003.0), np.float64(125740.0)]
2025-05-10 18:05:54,730 - INFO - 
2. Post-Cross Movement (30min):
5min Price Changes (%): []
Maximum Change: 0.000% after 0 minutes
Candle Analysis:
    Body Sizes (%): []
    Upper Shadows (%): []
    Lower Shadows (%): []
Volumes: []
==================================================
2025-05-10 18:05:55,942 - INFO - 
==================================================
EMA Cross Analysis - TNSR/USDT
Time: 2025-05-10 18:05:00+09:00
Type: dead
Cross Character (Current): Weak
Cross Character (New): Weak
Price at Cross: 0.1764

1. Pre-Cross Pattern (15min):
EMA Distance Changes (%): ['0.138', '0.083', '0.007', '0.038']
EMA12 Changes (%): ['-0.193', '-0.085', '-0.133', '-0.087']
Price Changes (%): ['-0.846', '0.512', '-0.396', '0.170']
Candle Analysis:
    Body Sizes (%): ['0.790', '0.512', '0.396', '0.170']
    Upper Shadows (%): ['0.000', '0.000', '0.000', '0.000']
    Lower Shadows (%): ['0.282', '0.057', '0.226', '0.170']
Volumes: [np.float64(267174.8), np.float64(92858.0), np.float64(104034.3), np.float64(5146.2)]
2025-05-10 18:05:55,942 - INFO - 
2. Post-Cross Movement (30min):
5min Price Changes (%): []
Maximum Change: 0.000% after 0 minutes
Candle Analysis:
    Body Sizes (%): []
    Upper Shadows (%): []
    Lower Shadows (%): []
Volumes: []
==================================================
2025-05-10 18:05:56,593 - INFO - 
==================================================
EMA Cross Analysis - ZRO/USDT
Time: 2025-05-10 18:00:00+09:00
Type: dead
Cross Character (Current): Strong
Cross Character (New): Weak
Price at Cross: 2.9916

1. Pre-Cross Pattern (15min):
EMA Distance Changes (%): ['0.258', '0.139', '0.068', '0.058']
EMA12 Changes (%): ['-0.063', '-0.196', '-0.114', '-0.231']
Price Changes (%): ['-0.364', '-0.929', '0.342', '-0.881']
Candle Analysis:
    Body Sizes (%): ['0.381', '0.945', '0.326', '0.898']
    Upper Shadows (%): ['0.085', '0.013', '0.030', '0.010']
    Lower Shadows (%): ['0.043', '0.382', '0.193', '0.205']
Volumes: [np.float64(35006.5), np.float64(146179.9), np.float64(45376.0), np.float64(62900.3)]
2025-05-10 18:05:56,593 - INFO - 
2. Post-Cross Movement (30min):
5min Price Changes (%): ['0.114']
Maximum Change: 0.114% after 5 minutes
Candle Analysis:
    Body Sizes (%): ['0.114']
    Upper Shadows (%): ['0.040']
    Lower Shadows (%): ['0.134']
Volumes: [np.float64(9388.9)]
==================================================
2025-05-10 18:05:57,694 - INFO - 
==================================================
EMA Cross Analysis - XRP/USDT
Time: 2025-05-10 18:05:00+09:00
Type: dead
Cross Character (Current): Weak
Cross Character (New): Weak
Price at Cross: 2.3695

1. Pre-Cross Pattern (15min):
EMA Distance Changes (%): ['0.122', '0.080', '0.010', '0.045']
EMA12 Changes (%): ['-0.097', '-0.062', '-0.125', '-0.103']
Price Changes (%): ['-0.436', '0.130', '-0.471', '0.017']
Candle Analysis:
    Body Sizes (%): ['0.436', '0.130', '0.471', '0.017']
    Upper Shadows (%): ['0.004', '0.021', '0.042', '0.055']
    Lower Shadows (%): ['0.268', '0.109', '0.080', '0.076']
Volumes: [np.float64(7929343.4), np.float64(2376175.8), np.float64(4081476.4), np.float64(875178.8)]
2025-05-10 18:05:57,694 - INFO - 
2. Post-Cross Movement (30min):
5min Price Changes (%): []
Maximum Change: 0.000% after 0 minutes
Candle Analysis:
    Body Sizes (%): []
    Upper Shadows (%): []
    Lower Shadows (%): []
Volumes: []
==================================================
2025-05-10 18:05:58,131 - INFO - 
==================================================
EMA Cross Analysis - WLD/USDT
Time: 2025-05-10 18:00:00+09:00
Type: dead
Cross Character (Current): Strong
Cross Character (New): Weak
Price at Cross: 1.1696

1. Pre-Cross Pattern (15min):
EMA Distance Changes (%): ['0.274', '0.138', '0.058', '0.103']
EMA12 Changes (%): ['-0.068', '-0.226', '-0.132', '-0.298']
Price Changes (%): ['0.118', '-1.099', '0.390', '-1.216']
Candle Analysis:
    Body Sizes (%): ['0.126', '1.115', '0.407', '1.216']
    Upper Shadows (%): ['0.285', '0.025', '0.161', '0.025']
    Lower Shadows (%): ['0.042', '0.570', '0.204', '0.296']
Volumes: [np.float64(329867.0), np.float64(2025647.0), np.float64(707215.0), np.float64(976543.0)]
2025-05-10 18:05:58,132 - INFO - 
2. Post-Cross Movement (30min):
5min Price Changes (%): ['0.051']
Maximum Change: 0.051% after 5 minutes
Candle Analysis:
    Body Sizes (%): ['0.060']
    Upper Shadows (%): ['0.094']
    Lower Shadows (%): ['0.197']
Volumes: [np.float64(150567.0)]
==================================================
2025-05-10 18:05:59,092 - INFO - 
==================================================
EMA Cross Analysis - ATA/USDT
Time: 2025-05-10 18:05:00+09:00
Type: dead
Cross Character (Current): Weak
Cross Character (New): Weak
Price at Cross: 0.0624

1. Pre-Cross Pattern (15min):
EMA Distance Changes (%): ['0.178', '0.139', '0.045', '0.030']
EMA12 Changes (%): ['-0.171', '-0.047', '-0.162', '-0.137']
Price Changes (%): ['-0.951', '0.640', '-0.795', '0.000']
Candle Analysis:
    Body Sizes (%): ['0.951', '0.640', '0.795', '0.161']
    Upper Shadows (%): ['0.475', '0.160', '0.477', '0.000']
    Lower Shadows (%): ['0.475', '0.160', '0.318', '0.000']
Volumes: [np.float64(520412.0), np.float64(203591.0), np.float64(405330.0), np.float64(34818.0)]
2025-05-10 18:05:59,092 - INFO - 
2. Post-Cross Movement (30min):
5min Price Changes (%): []
Maximum Change: 0.000% after 0 minutes
Candle Analysis:
    Body Sizes (%): []
    Upper Shadows (%): []
    Lower Shadows (%): []
Volumes: []
==================================================
2025-05-10 18:05:59,477 - INFO - 
==================================================
EMA Cross Analysis - SUI/USDT
Time: 2025-05-10 18:00:00+09:00
Type: dead
Cross Character (Current): Weak
Cross Character (New): Weak
Price at Cross: 3.9371

1. Pre-Cross Pattern (15min):
EMA Distance Changes (%): ['0.183', '0.123', '0.089', '0.010']
EMA12 Changes (%): ['-0.001', '-0.092', '-0.047', '-0.178']
Price Changes (%): ['-0.130', '-0.594', '0.199', '-0.901']
Candle Analysis:
    Body Sizes (%): ['0.133', '0.594', '0.207', '0.906']
    Upper Shadows (%): ['0.138', '0.005', '0.144', '0.091']
    Lower Shadows (%): ['0.000', '0.331', '0.166', '0.174']
Volumes: [np.float64(645737.0), np.float64(2823671.1), np.float64(679852.0), np.float64(3629461.9)]
2025-05-10 18:05:59,478 - INFO - 
2. Post-Cross Movement (30min):
5min Price Changes (%): ['-0.114']
Maximum Change: -0.114% after 5 minutes
Candle Analysis:
    Body Sizes (%): ['0.114']
    Upper Shadows (%): ['0.069']
    Lower Shadows (%): ['0.145']
Volumes: [np.float64(959092.1)]
==================================================
2025-05-10 18:06:00,348 - INFO - 
==================================================
EMA Cross Analysis - HIVE/USDT
Time: 2025-05-10 18:05:00+09:00
Type: dead
Cross Character (Current): Weak
Cross Character (New): Weak
Price at Cross: 0.26146

1. Pre-Cross Pattern (15min):
EMA Distance Changes (%): ['0.140', '0.104', '0.035', '0.017']
EMA12 Changes (%): ['-0.131', '-0.048', '-0.117', '-0.095']
Price Changes (%): ['-0.604', '0.413', '-0.499', '0.027']
Candle Analysis:
    Body Sizes (%): ['0.593', '0.413', '0.502', '0.034']
    Upper Shadows (%): ['0.004', '0.000', '0.008', '0.054']
    Lower Shadows (%): ['0.350', '0.000', '0.126', '0.057']
Volumes: [np.float64(185113.0), np.float64(50330.0), np.float64(125161.0), np.float64(3541.0)]
2025-05-10 18:06:00,348 - INFO - 
2. Post-Cross Movement (30min):
5min Price Changes (%): []
Maximum Change: 0.000% after 0 minutes
Candle Analysis:
    Body Sizes (%): []
    Upper Shadows (%): []
    Lower Shadows (%): []
Volumes: []
==================================================
2025-05-10 18:10:30,647 - INFO - 
==================================================
EMA Cross Analysis - BAN/USDT
Time: 2025-05-10 18:10:00+09:00
Type: dead
Cross Character (Current): Strong
Cross Character (New): Strong
Price at Cross: 0.07158

1. Pre-Cross Pattern (15min):
EMA Distance Changes (%): ['0.366', '0.146', '0.045', '0.044']
EMA12 Changes (%): ['-0.031', '-0.379', '-0.169', '-0.163']
Price Changes (%): ['-0.914', '-2.300', '1.015', '-0.126']
Candle Analysis:
    Body Sizes (%): ['0.914', '2.327', '1.029', '0.126']
    Upper Shadows (%): ['0.205', '0.055', '0.169', '0.028']
    Lower Shadows (%): ['0.368', '0.138', '0.014', '0.000']
Volumes: [np.float64(824290.0), np.float64(1315305.0), np.float64(967650.0), np.float64(16597.0)]
2025-05-10 18:10:30,647 - INFO - 
2. Post-Cross Movement (30min):
5min Price Changes (%): []
Maximum Change: 0.000% after 0 minutes
Candle Analysis:
    Body Sizes (%): []
    Upper Shadows (%): []
    Lower Shadows (%): []
Volumes: []
==================================================
2025-05-10 18:10:30,997 - INFO - 
==================================================
EMA Cross Analysis - BOME/USDT
Time: 2025-05-10 18:05:00+09:00
Type: dead
Cross Character (Current): Strong
Cross Character (New): Strong
Price at Cross: 0.002135

1. Pre-Cross Pattern (15min):
EMA Distance Changes (%): ['0.535', '0.400', '0.168', '0.027']
EMA12 Changes (%): ['-0.269', '-0.179', '-0.390', '-0.346']
Price Changes (%): ['-1.006', '0.323', '-1.566', '-0.094']
Candle Analysis:
    Body Sizes (%): ['1.006', '0.323', '1.566', '0.094']
    Upper Shadows (%): ['0.137', '0.092', '0.092', '0.421']
    Lower Shadows (%): ['0.823', '0.601', '0.645', '0.468']
Volumes: [np.float64(399081358.0), np.float64(207719960.0), np.float64(576578080.0), np.float64(174478876.0)]
2025-05-10 18:10:30,997 - INFO - 
2. Post-Cross Movement (30min):
5min Price Changes (%): ['-0.094']
Maximum Change: -0.094% after 5 minutes
Candle Analysis:
    Body Sizes (%): ['0.140']
    Upper Shadows (%): ['0.000']
    Lower Shadows (%): ['0.140']
Volumes: [np.float64(9587100.0)]
==================================================
2025-05-10 18:10:31,892 - INFO - 
==================================================
EMA Cross Analysis - NEAR/USDT
Time: 2025-05-10 18:05:00+09:00
Type: dead
Cross Character (Current): Weak
Cross Character (New): Weak
Price at Cross: 2.958

1. Pre-Cross Pattern (15min):
EMA Distance Changes (%): ['0.171', '0.138', '0.055', '0.009']
EMA12 Changes (%): ['-0.106', '-0.038', '-0.141', '-0.114']
Price Changes (%): ['-1.001', '0.337', '-0.705', '0.034']
Candle Analysis:
    Body Sizes (%): ['0.968', '0.337', '0.739', '0.034']
    Upper Shadows (%): ['0.000', '0.034', '0.000', '0.203']
    Lower Shadows (%): ['0.367', '0.067', '0.201', '0.169']
Volumes: [np.float64(653849.0), np.float64(119358.0), np.float64(321240.0), np.float64(142924.0)]
2025-05-10 18:10:31,892 - INFO - 
2. Post-Cross Movement (30min):
5min Price Changes (%): ['-0.169']
Maximum Change: -0.169% after 5 minutes
Candle Analysis:
    Body Sizes (%): ['0.135']
    Upper Shadows (%): ['0.034']
    Lower Shadows (%): ['0.034']
Volumes: [np.float64(7870.0)]
==================================================
2025-05-10 18:10:32,108 - INFO - 
==================================================
EMA Cross Analysis - HIPPO/USDT
Time: 2025-05-10 18:05:00+09:00
Type: dead
Cross Character (Current): Strong
Cross Character (New): Weak
Price at Cross: 0.002789

1. Pre-Cross Pattern (15min):
EMA Distance Changes (%): ['0.923', '0.594', '0.126', '0.372']
EMA12 Changes (%): ['-0.584', '-0.487', '-0.801', '-0.891']
Price Changes (%): ['-4.098', '0.069', '-2.583', '-1.414']
Candle Analysis:
    Body Sizes (%): ['4.066', '0.069', '2.583', '1.414']
    Upper Shadows (%): ['0.033', '0.517', '0.241', '0.389']
    Lower Shadows (%): ['2.281', '1.309', '0.172', '2.121']
Volumes: [np.float64(274174904.0), np.float64(38501640.0), np.float64(57338259.0), np.float64(160048315.0)]
2025-05-10 18:10:32,109 - INFO - 
2. Post-Cross Movement (30min):
5min Price Changes (%): ['0.072']
Maximum Change: 0.072% after 5 minutes
Candle Analysis:
    Body Sizes (%): ['0.072']
    Upper Shadows (%): ['0.359']
    Lower Shadows (%): ['0.179']
Volumes: [np.float64(6848133.0)]
==================================================
2025-05-10 18:10:33,289 - INFO - 
==================================================
EMA Cross Analysis - LINK/USDT
Time: 2025-05-10 18:05:00+09:00
Type: dead
Cross Character (Current): Weak
Cross Character (New): Weak
Price at Cross: 16.168

1. Pre-Cross Pattern (15min):
EMA Distance Changes (%): ['0.244', '0.172', '0.069', '0.003']
EMA12 Changes (%): ['-0.132', '-0.103', '-0.174', '-0.127']
Price Changes (%): ['-0.679', '0.062', '-0.573', '0.136']
Candle Analysis:
    Body Sizes (%): ['0.691', '0.062', '0.579', '0.130']
    Upper Shadows (%): ['0.000', '0.136', '0.043', '0.105']
    Lower Shadows (%): ['0.324', '0.203', '0.166', '0.068']
Volumes: [np.float64(292286.99), np.float64(102947.89), np.float64(147313.23), np.float64(88072.85)]
2025-05-10 18:10:33,289 - INFO - 
2. Post-Cross Movement (30min):
5min Price Changes (%): ['-0.093']
Maximum Change: -0.093% after 5 minutes
Candle Analysis:
    Body Sizes (%): ['0.093']
    Upper Shadows (%): ['0.012']
    Lower Shadows (%): ['0.031']
Volumes: [np.float64(10515.31)]
==================================================
2025-05-10 18:10:33,508 - INFO - 
==================================================
EMA Cross Analysis - POL/USDT
Time: 2025-05-10 18:10:00+09:00
Type: dead
Cross Character (Current): Weak
Cross Character (New): Weak
Price at Cross: 0.25805

1. Pre-Cross Pattern (15min):
EMA Distance Changes (%): ['0.162', '0.066', '0.001', '0.060']
EMA12 Changes (%): ['-0.095', '-0.161', '-0.115', '-0.117']
Price Changes (%): ['0.267', '-0.528', '0.143', '-0.128']
Candle Analysis:
    Body Sizes (%): ['0.263', '0.536', '0.136', '0.112']
    Upper Shadows (%): ['0.004', '0.073', '0.140', '0.023']
    Lower Shadows (%): ['0.093', '0.251', '0.050', '0.000']
Volumes: [np.float64(1506352.0), np.float64(1463233.0), np.float64(439235.0), np.float64(37603.0)]
2025-05-10 18:10:33,508 - INFO - 
2. Post-Cross Movement (30min):
5min Price Changes (%): []
Maximum Change: 0.000% after 0 minutes
Candle Analysis:
    Body Sizes (%): []
    Upper Shadows (%): []
    Lower Shadows (%): []
Volumes: []
==================================================
2025-05-10 18:10:33,940 - INFO - 
==================================================
EMA Cross Analysis - ATOM/USDT
Time: 2025-05-10 18:10:00+09:00
Type: dead
Cross Character (Current): Weak
Cross Character (New): Weak
Price at Cross: 4.959

1. Pre-Cross Pattern (15min):
EMA Distance Changes (%): ['0.098', '0.039', '0.013', '0.019']
EMA12 Changes (%): ['-0.031', '-0.101', '-0.045', '-0.060']
Price Changes (%): ['0.302', '-0.482', '0.262', '-0.141']
Candle Analysis:
    Body Sizes (%): ['0.302', '0.482', '0.283', '0.141']
    Upper Shadows (%): ['0.000', '0.080', '0.101', '0.000']
    Lower Shadows (%): ['0.060', '0.161', '0.000', '0.000']
Volumes: [np.float64(22372.39), np.float64(92007.01), np.float64(50617.72), np.float64(4449.2)]
2025-05-10 18:10:33,940 - INFO - 
2. Post-Cross Movement (30min):
5min Price Changes (%): []
Maximum Change: 0.000% after 0 minutes
Candle Analysis:
    Body Sizes (%): []
    Upper Shadows (%): []
    Lower Shadows (%): []
Volumes: []
==================================================
2025-05-10 18:10:34,156 - INFO - 
==================================================
EMA Cross Analysis - PHA/USDT
Time: 2025-05-10 18:05:00+09:00
Type: dead
Cross Character (Current): Strong
Cross Character (New): Weak
Price at Cross: 0.14069

1. Pre-Cross Pattern (15min):
EMA Distance Changes (%): ['0.353', '0.269', '0.118', '0.002']
EMA12 Changes (%): ['-0.192', '-0.108', '-0.254', '-0.210']
Price Changes (%): ['-0.875', '0.360', '-1.062', '0.036']
Candle Analysis:
    Body Sizes (%): ['0.903', '0.424', '1.083', '0.050']
    Upper Shadows (%): ['0.000', '0.064', '0.098', '0.348']
    Lower Shadows (%): ['0.791', '0.177', '0.028', '0.320']
Volumes: [np.float64(620602.0), np.float64(149497.0), np.float64(284003.0), np.float64(316478.0)]
2025-05-10 18:10:34,156 - INFO - 
2. Post-Cross Movement (30min):
5min Price Changes (%): ['-0.100']
Maximum Change: -0.100% after 5 minutes
Candle Analysis:
    Body Sizes (%): ['0.057']
    Upper Shadows (%): ['0.050']
    Lower Shadows (%): ['0.000']
Volumes: [np.float64(17432.0)]
==================================================
2025-05-10 18:10:35,367 - INFO - 
==================================================
EMA Cross Analysis - TNSR/USDT
Time: 2025-05-10 18:05:00+09:00
Type: dead
Cross Character (Current): Weak
Cross Character (New): Weak
Price at Cross: 0.1767

1. Pre-Cross Pattern (15min):
EMA Distance Changes (%): ['0.138', '0.083', '0.007', '0.025']
EMA12 Changes (%): ['-0.193', '-0.085', '-0.133', '-0.061']
Price Changes (%): ['-0.846', '0.512', '-0.396', '0.341']
Candle Analysis:
    Body Sizes (%): ['0.790', '0.512', '0.396', '0.341']
    Upper Shadows (%): ['0.000', '0.000', '0.000', '0.114']
    Lower Shadows (%): ['0.282', '0.057', '0.226', '0.170']
Volumes: [np.float64(267174.8), np.float64(92858.0), np.float64(104034.3), np.float64(77216.9)]
2025-05-10 18:10:35,367 - INFO - 
2. Post-Cross Movement (30min):
5min Price Changes (%): ['-0.113']
Maximum Change: -0.113% after 5 minutes
Candle Analysis:
    Body Sizes (%): ['0.113']
    Upper Shadows (%): ['0.000']
    Lower Shadows (%): ['0.000']
Volumes: [np.float64(10291.9)]
==================================================
2025-05-10 18:10:37,112 - INFO - 
==================================================
EMA Cross Analysis - XRP/USDT
Time: 2025-05-10 18:05:00+09:00
Type: dead
Cross Character (Current): Weak
Cross Character (New): Weak
Price at Cross: 2.3725

1. Pre-Cross Pattern (15min):
EMA Distance Changes (%): ['0.122', '0.080', '0.010', '0.035']
EMA12 Changes (%): ['-0.097', '-0.062', '-0.125', '-0.084']
Price Changes (%): ['-0.436', '0.130', '-0.471', '0.144']
Candle Analysis:
    Body Sizes (%): ['0.436', '0.130', '0.471', '0.144']
    Upper Shadows (%): ['0.004', '0.021', '0.042', '0.089']
    Lower Shadows (%): ['0.268', '0.109', '0.080', '0.076']
Volumes: [np.float64(7929343.4), np.float64(2376175.8), np.float64(4081476.4), np.float64(2806267.1)]
2025-05-10 18:10:37,113 - INFO - 
2. Post-Cross Movement (30min):
5min Price Changes (%): ['-0.080']
Maximum Change: -0.080% after 5 minutes
Candle Analysis:
    Body Sizes (%): ['0.084']
    Upper Shadows (%): ['0.017']
    Lower Shadows (%): ['0.030']
Volumes: [np.float64(316947.6)]
==================================================
2025-05-10 18:10:37,330 - INFO - 
==================================================
EMA Cross Analysis - ADA/USDT
Time: 2025-05-10 18:10:00+09:00
Type: dead
Cross Character (Current): Weak
Cross Character (New): Weak
Price at Cross: 0.7885

1. Pre-Cross Pattern (15min):
EMA Distance Changes (%): ['0.233', '0.127', '0.040', '0.037']
EMA12 Changes (%): ['-0.097', '-0.173', '-0.149', '-0.141']
Price Changes (%): ['0.177', '-0.592', '-0.013', '-0.101']
Candle Analysis:
    Body Sizes (%): ['0.177', '0.604', '0.025', '0.101']
    Upper Shadows (%): ['0.101', '0.025', '0.165', '0.013']
    Lower Shadows (%): ['0.126', '0.164', '0.165', '0.038']
Volumes: [np.float64(3042427.0), np.float64(5755999.0), np.float64(3768085.0), np.float64(425153.0)]
2025-05-10 18:10:37,330 - INFO - 
2. Post-Cross Movement (30min):
5min Price Changes (%): []
Maximum Change: 0.000% after 0 minutes
Candle Analysis:
    Body Sizes (%): []
    Upper Shadows (%): []
    Lower Shadows (%): []
Volumes: []
==================================================
2025-05-10 18:10:37,982 - INFO - 
==================================================
EMA Cross Analysis - PENGU/USDT
Time: 2025-05-10 18:10:00+09:00
Type: dead
Cross Character (Current): Strong
Cross Character (New): Weak
Price at Cross: 0.013922

1. Pre-Cross Pattern (15min):
EMA Distance Changes (%): ['0.362', '0.166', '0.009', '0.124']
EMA12 Changes (%): ['-0.115', '-0.330', '-0.274', '-0.250']
Price Changes (%): ['0.590', '-1.527', '0.043', '-0.115']
Candle Analysis:
    Body Sizes (%): ['0.590', '1.568', '0.065', '0.115']
    Upper Shadows (%): ['0.142', '0.028', '0.503', '0.000']
    Lower Shadows (%): ['0.213', '0.721', '0.129', '0.172']
Volumes: [np.float64(52976229.0), np.float64(126379771.0), np.float64(44536936.0), np.float64(7198360.0)]
2025-05-10 18:10:37,982 - INFO - 
2. Post-Cross Movement (30min):
5min Price Changes (%): []
Maximum Change: 0.000% after 0 minutes
Candle Analysis:
    Body Sizes (%): []
    Upper Shadows (%): []
    Lower Shadows (%): []
Volumes: []
==================================================
2025-05-10 18:10:38,509 - INFO - 
==================================================
EMA Cross Analysis - ATA/USDT
Time: 2025-05-10 18:05:00+09:00
Type: dead
Cross Character (Current): Weak
Cross Character (New): Weak
Price at Cross: 0.0625

1. Pre-Cross Pattern (15min):
EMA Distance Changes (%): ['0.178', '0.139', '0.045', '0.018']
EMA12 Changes (%): ['-0.171', '-0.047', '-0.162', '-0.113']
Price Changes (%): ['-0.951', '0.640', '-0.795', '0.160']
Candle Analysis:
    Body Sizes (%): ['0.951', '0.640', '0.795', '0.321']
    Upper Shadows (%): ['0.475', '0.160', '0.477', '0.321']
    Lower Shadows (%): ['0.475', '0.160', '0.318', '0.000']
Volumes: [np.float64(520412.0), np.float64(203591.0), np.float64(405330.0), np.float64(157522.0)]
2025-05-10 18:10:38,510 - INFO - 
2. Post-Cross Movement (30min):
5min Price Changes (%): ['0.160']
Maximum Change: 0.160% after 5 minutes
Candle Analysis:
    Body Sizes (%): ['0.000']
    Upper Shadows (%): ['0.000']
    Lower Shadows (%): ['0.160']
Volumes: [np.float64(4169.0)]
==================================================
2025-05-10 18:10:39,769 - INFO - 
==================================================
EMA Cross Analysis - HIVE/USDT
Time: 2025-05-10 18:05:00+09:00
Type: dead
Cross Character (Current): Weak
Cross Character (New): Weak
Price at Cross: 0.26172

1. Pre-Cross Pattern (15min):
EMA Distance Changes (%): ['0.140', '0.104', '0.035', '0.009']
EMA12 Changes (%): ['-0.131', '-0.048', '-0.117', '-0.080']
Price Changes (%): ['-0.604', '0.413', '-0.499', '0.126']
Candle Analysis:
    Body Sizes (%): ['0.593', '0.413', '0.502', '0.134']
    Upper Shadows (%): ['0.004', '0.000', '0.008', '0.134']
    Lower Shadows (%): ['0.350', '0.000', '0.126', '0.057']
Volumes: [np.float64(185113.0), np.float64(50330.0), np.float64(125161.0), np.float64(52069.0)]
2025-05-10 18:10:39,770 - INFO - 
2. Post-Cross Movement (30min):
5min Price Changes (%): ['-0.111']
Maximum Change: -0.111% after 5 minutes
Candle Analysis:
    Body Sizes (%): ['0.057']
    Upper Shadows (%): ['0.000']
    Lower Shadows (%): ['0.023']
Volumes: [np.float64(19628.0)]
==================================================
2025-05-10 18:10:40,429 - INFO - 
==================================================
EMA Cross Analysis - ONDOUSDT
Time: 2025-05-10 18:10:00+09:00
Type: dead
Cross Character (Current): Weak
Cross Character (New): Weak
Price at Cross: 1.0214

1. Pre-Cross Pattern (15min):
EMA Distance Changes (%): ['0.221', '0.102', '0.019', '0.060']
EMA12 Changes (%): ['-0.085', '-0.197', '-0.145', '-0.148']
Price Changes (%): ['0.361', '-0.816', '0.147', '-0.166']
Candle Analysis:
    Body Sizes (%): ['0.370', '0.825', '0.137', '0.127']
    Upper Shadows (%): ['0.088', '0.039', '0.166', '0.059']
    Lower Shadows (%): ['0.127', '0.291', '0.157', '0.049']
Volumes: [np.float64(1057750.3), np.float64(1182939.7), np.float64(702407.9), np.float64(126553.8)]
2025-05-10 18:10:40,429 - INFO - 
2. Post-Cross Movement (30min):
5min Price Changes (%): []
Maximum Change: 0.000% after 0 minutes
Candle Analysis:
    Body Sizes (%): []
    Upper Shadows (%): []
    Lower Shadows (%): []
Volumes: []
==================================================
2025-05-10 18:10:40,951 - INFO - 
==================================================
EMA Cross Analysis - BRETT/USDT
Time: 2025-05-10 18:10:00+09:00
Type: dead
Cross Character (Current): Strong
Cross Character (New): Weak
Price at Cross: 0.08064

1. Pre-Cross Pattern (15min):
EMA Distance Changes (%): ['0.550', '0.281', '0.082', '0.084']
EMA12 Changes (%): ['-0.178', '-0.446', '-0.336', '-0.302']
Price Changes (%): ['0.404', '-1.937', '0.286', '-0.111']
Candle Analysis:
    Body Sizes (%): ['0.342', '2.009', '0.311', '0.111']
    Upper Shadows (%): ['0.171', '0.000', '0.385', '0.025']
    Lower Shadows (%): ['0.648', '0.377', '0.149', '0.087']
Volumes: [np.float64(1661691.0), np.float64(4305489.0), np.float64(2008447.0), np.float64(217890.0)]
2025-05-10 18:10:40,951 - INFO - 
2. Post-Cross Movement (30min):
5min Price Changes (%): []
Maximum Change: 0.000% after 0 minutes
Candle Analysis:
    Body Sizes (%): []
    Upper Shadows (%): []
    Lower Shadows (%): []
Volumes: []
==================================================
2025-05-10 18:15:09,317 - INFO - 
==================================================
EMA Cross Analysis - DOGS/USDT
Time: 2025-05-10 18:15:00+09:00
Type: dead
Cross Character (Current): Strong
Cross Character (New): Strong
Price at Cross: 0.0002227

1. Pre-Cross Pattern (15min):
EMA Distance Changes (%): ['0.466', '0.270', '0.086', '0.049']
EMA12 Changes (%): ['-0.397', '-0.303', '-0.311', '-0.244']
Price Changes (%): ['-1.504', '0.225', '-0.358', '0.135']
Candle Analysis:
    Body Sizes (%): ['1.460', '0.225', '0.314', '0.135']
    Upper Shadows (%): ['0.088', '0.404', '0.090', '0.000']
    Lower Shadows (%): ['0.442', '0.539', '1.076', '0.045']
Volumes: [np.float64(2392880464.0), np.float64(1147257820.0), np.float64(1580407919.0), np.float64(76908480.0)]
2025-05-10 18:15:09,318 - INFO - 
2. Post-Cross Movement (30min):
5min Price Changes (%): []
Maximum Change: 0.000% after 0 minutes
Candle Analysis:
    Body Sizes (%): []
    Upper Shadows (%): []
    Lower Shadows (%): []
Volumes: []
==================================================
2025-05-10 18:15:09,556 - INFO - 
==================================================
EMA Cross Analysis - BAN/USDT
Time: 2025-05-10 18:10:00+09:00
Type: dead
Cross Character (Current): Strong
Cross Character (New): Weak
Price at Cross: 0.07154

1. Pre-Cross Pattern (15min):
EMA Distance Changes (%): ['0.366', '0.146', '0.045', '0.048']
EMA12 Changes (%): ['-0.031', '-0.379', '-0.169', '-0.171']
Price Changes (%): ['-0.914', '-2.300', '1.015', '-0.181']
Candle Analysis:
    Body Sizes (%): ['0.914', '2.327', '1.029', '0.181']
    Upper Shadows (%): ['0.205', '0.055', '0.169', '0.028']
    Lower Shadows (%): ['0.368', '0.138', '0.014', '1.005']
Volumes: [np.float64(824290.0), np.float64(1315305.0), np.float64(967650.0), np.float64(698882.0)]
2025-05-10 18:15:09,557 - INFO - 
2. Post-Cross Movement (30min):
5min Price Changes (%): ['0.000']
Maximum Change: 0.000% after 0 minutes
Candle Analysis:
    Body Sizes (%): ['0.000']
    Upper Shadows (%): ['0.028']
    Lower Shadows (%): ['0.056']
Volumes: [np.float64(5371.0)]
==================================================
2025-05-10 18:15:12,409 - INFO - 
==================================================
EMA Cross Analysis - POL/USDT
Time: 2025-05-10 18:10:00+09:00
Type: dead
Cross Character (Current): Weak
Cross Character (New): Weak
Price at Cross: 0.25826

1. Pre-Cross Pattern (15min):
EMA Distance Changes (%): ['0.162', '0.066', '0.001', '0.053']
EMA12 Changes (%): ['-0.095', '-0.161', '-0.115', '-0.104']
Price Changes (%): ['0.267', '-0.528', '0.143', '-0.046']
Candle Analysis:
    Body Sizes (%): ['0.263', '0.536', '0.136', '0.031']
    Upper Shadows (%): ['0.004', '0.073', '0.140', '0.074']
    Lower Shadows (%): ['0.093', '0.251', '0.050', '0.279']
Volumes: [np.float64(1506352.0), np.float64(1463233.0), np.float64(439235.0), np.float64(615317.0)]
2025-05-10 18:15:12,409 - INFO - 
2. Post-Cross Movement (30min):
5min Price Changes (%): ['0.000']
Maximum Change: 0.000% after 0 minutes
Candle Analysis:
    Body Sizes (%): ['0.012']
    Upper Shadows (%): ['0.058']
    Lower Shadows (%): ['0.043']
Volumes: [np.float64(89959.0)]
==================================================
2025-05-10 18:15:13,282 - INFO - 
==================================================
EMA Cross Analysis - ORDI/USDT
Time: 2025-05-10 18:15:00+09:00
Type: dead
Cross Character (Current): Strong
Cross Character (New): Weak
Price at Cross: 9.63

1. Pre-Cross Pattern (15min):
EMA Distance Changes (%): ['0.487', '0.245', '0.040', '0.108']
EMA12 Changes (%): ['-0.508', '-0.383', '-0.354', '-0.274']
Price Changes (%): ['-1.447', '0.323', '-0.187', '0.177']
Candle Analysis:
    Body Sizes (%): ['1.447', '0.312', '0.187', '0.166']
    Upper Shadows (%): ['0.010', '0.312', '0.042', '0.073']
    Lower Shadows (%): ['0.503', '0.385', '0.550', '0.000']
Volumes: [np.float64(173194.7), np.float64(101172.2), np.float64(60509.3), np.float64(2470.2)]
2025-05-10 18:15:13,282 - INFO - 
2. Post-Cross Movement (30min):
5min Price Changes (%): []
Maximum Change: 0.000% after 0 minutes
Candle Analysis:
    Body Sizes (%): []
    Upper Shadows (%): []
    Lower Shadows (%): []
Volumes: []
==================================================
2025-05-10 18:15:16,107 - INFO - 
==================================================
EMA Cross Analysis - ADA/USDT
Time: 2025-05-10 18:10:00+09:00
Type: dead
Cross Character (Current): Weak
Cross Character (New): Weak
Price at Cross: 0.791

1. Pre-Cross Pattern (15min):
EMA Distance Changes (%): ['0.233', '0.127', '0.040', '0.012']
EMA12 Changes (%): ['-0.097', '-0.173', '-0.149', '-0.093']
Price Changes (%): ['0.177', '-0.592', '-0.013', '0.215']
Candle Analysis:
    Body Sizes (%): ['0.177', '0.604', '0.025', '0.215']
    Upper Shadows (%): ['0.101', '0.025', '0.165', '0.000']
    Lower Shadows (%): ['0.126', '0.164', '0.165', '0.266']
Volumes: [np.float64(3042427.0), np.float64(5755999.0), np.float64(3768085.0), np.float64(2534551.0)]
2025-05-10 18:15:16,107 - INFO - 
2. Post-Cross Movement (30min):
5min Price Changes (%): ['0.063']
Maximum Change: 0.063% after 5 minutes
Candle Analysis:
    Body Sizes (%): ['0.063']
    Upper Shadows (%): ['0.088']
    Lower Shadows (%): ['0.013']
Volumes: [np.float64(787415.0)]
==================================================
2025-05-10 18:15:16,761 - INFO - 
==================================================
EMA Cross Analysis - PENGU/USDT
Time: 2025-05-10 18:10:00+09:00
Type: dead
Cross Character (Current): Strong
Cross Character (New): Weak
Price at Cross: 0.013979

1. Pre-Cross Pattern (15min):
EMA Distance Changes (%): ['0.362', '0.166', '0.009', '0.091']
EMA12 Changes (%): ['-0.115', '-0.330', '-0.274', '-0.188']
Price Changes (%): ['0.590', '-1.527', '0.043', '0.294']
Candle Analysis:
    Body Sizes (%): ['0.590', '1.568', '0.065', '0.294']
    Upper Shadows (%): ['0.142', '0.028', '0.503', '0.143']
    Lower Shadows (%): ['0.213', '0.721', '0.129', '0.287']
Volumes: [np.float64(52976229.0), np.float64(126379771.0), np.float64(44536936.0), np.float64(33677682.0)]
2025-05-10 18:15:16,761 - INFO - 
2. Post-Cross Movement (30min):
5min Price Changes (%): ['0.136']
Maximum Change: 0.136% after 5 minutes
Candle Analysis:
    Body Sizes (%): ['0.136']
    Upper Shadows (%): ['0.000']
    Lower Shadows (%): ['0.021']
Volumes: [np.float64(764803.0)]
==================================================
2025-05-10 18:15:19,201 - INFO - 
==================================================
EMA Cross Analysis - ONDOUSDT
Time: 2025-05-10 18:10:00+09:00
Type: dead
Cross Character (Current): Weak
Cross Character (New): Weak
Price at Cross: 1.023

1. Pre-Cross Pattern (15min):
EMA Distance Changes (%): ['0.221', '0.102', '0.019', '0.047']
EMA12 Changes (%): ['-0.085', '-0.197', '-0.145', '-0.124']
Price Changes (%): ['0.361', '-0.816', '0.147', '-0.010']
Candle Analysis:
    Body Sizes (%): ['0.370', '0.825', '0.137', '0.029']
    Upper Shadows (%): ['0.088', '0.039', '0.166', '0.039']
    Lower Shadows (%): ['0.127', '0.291', '0.157', '0.293']
Volumes: [np.float64(1057750.3), np.float64(1182939.7), np.float64(702407.9), np.float64(617387.2)]
2025-05-10 18:15:19,201 - INFO - 
2. Post-Cross Movement (30min):
5min Price Changes (%): ['0.137']
Maximum Change: 0.137% after 5 minutes
Candle Analysis:
    Body Sizes (%): ['0.147']
    Upper Shadows (%): ['0.068']
    Lower Shadows (%): ['0.010']
Volumes: [np.float64(135486.6)]
==================================================
2025-05-10 18:15:19,729 - INFO - 
==================================================
EMA Cross Analysis - BRETT/USDT
Time: 2025-05-10 18:10:00+09:00
Type: dead
Cross Character (Current): Strong
Cross Character (New): Strong
Price at Cross: 0.08111

1. Pre-Cross Pattern (15min):
EMA Distance Changes (%): ['0.550', '0.281', '0.082', '0.037']
EMA12 Changes (%): ['-0.178', '-0.446', '-0.336', '-0.214']
Price Changes (%): ['0.404', '-1.937', '0.286', '0.471']
Candle Analysis:
    Body Sizes (%): ['0.342', '2.009', '0.311', '0.471']
    Upper Shadows (%): ['0.171', '0.000', '0.385', '0.074']
    Lower Shadows (%): ['0.648', '0.377', '0.149', '0.347']
Volumes: [np.float64(1661691.0), np.float64(4305489.0), np.float64(2008447.0), np.float64(1661617.0)]
2025-05-10 18:15:19,729 - INFO - 
2. Post-Cross Movement (30min):
5min Price Changes (%): ['0.062']
Maximum Change: 0.062% after 5 minutes
Candle Analysis:
    Body Sizes (%): ['0.074']
    Upper Shadows (%): ['0.025']
    Lower Shadows (%): ['0.136']
Volumes: [np.float64(69167.0)]
==================================================
2025-05-10 18:20:57,183 - INFO - 
==================================================
EMA Cross Analysis - DOGS/USDT
Time: 2025-05-10 18:20:00+09:00
Type: dead
Cross Character (Current): Strong
Cross Character (New): Weak
Price at Cross: 0.0002251

1. Pre-Cross Pattern (15min):
EMA Distance Changes (%): ['0.270', '0.086', '0.036', '0.002']
EMA12 Changes (%): ['-0.303', '-0.311', '-0.081', '-0.068']
Price Changes (%): ['0.225', '-0.358', '1.214', '0.000']
Candle Analysis:
    Body Sizes (%): ['0.225', '0.314', '1.214', '0.000']
    Upper Shadows (%): ['0.404', '0.090', '0.495', '0.133']
    Lower Shadows (%): ['0.539', '1.076', '0.045', '0.178']
Volumes: [np.float64(1147257820.0), np.float64(1580407919.0), np.float64(2776674436.0), np.float64(161370184.0)]
2025-05-10 18:20:57,183 - INFO - 
2. Post-Cross Movement (30min):
5min Price Changes (%): []
Maximum Change: 0.000% after 0 minutes
Candle Analysis:
    Body Sizes (%): []
    Upper Shadows (%): []
    Lower Shadows (%): []
Volumes: []
==================================================
2025-05-10 18:21:00,763 - INFO - 
==================================================
EMA Cross Analysis - ATOM/USDT
Time: 2025-05-10 18:15:00+09:00
Type: dead
Cross Character (Current): Weak
Cross Character (New): Weak
Price at Cross: 4.973

1. Pre-Cross Pattern (15min):
EMA Distance Changes (%): ['0.039', '0.013', '0.006', '0.002']
EMA12 Changes (%): ['-0.101', '-0.045', '-0.010', '-0.015']
Price Changes (%): ['-0.482', '0.262', '0.181', '-0.040']
Candle Analysis:
    Body Sizes (%): ['0.482', '0.283', '0.181', '0.020']
    Upper Shadows (%): ['0.080', '0.101', '0.020', '0.121']
    Lower Shadows (%): ['0.161', '0.000', '0.262', '0.141']
Volumes: [np.float64(92007.01), np.float64(50617.72), np.float64(46849.49), np.float64(25596.3)]
2025-05-10 18:21:00,763 - INFO - 
2. Post-Cross Movement (30min):
5min Price Changes (%): ['0.161']
Maximum Change: 0.161% after 5 minutes
Candle Analysis:
    Body Sizes (%): ['0.161']
    Upper Shadows (%): ['0.040']
    Lower Shadows (%): ['0.000']
Volumes: [np.float64(10774.02)]
==================================================
2025-05-10 18:21:01,195 - INFO - 
==================================================
EMA Cross Analysis - ORDI/USDT
Time: 2025-05-10 18:15:00+09:00
Type: dead
Cross Character (Current): Strong
Cross Character (New): Weak
Price at Cross: 9.653

1. Pre-Cross Pattern (15min):
EMA Distance Changes (%): ['0.487', '0.245', '0.040', '0.088']
EMA12 Changes (%): ['-0.508', '-0.383', '-0.354', '-0.238']
Price Changes (%): ['-1.447', '0.323', '-0.187', '0.416']
Candle Analysis:
    Body Sizes (%): ['1.447', '0.312', '0.187', '0.406']
    Upper Shadows (%): ['0.010', '0.312', '0.042', '0.125']
    Lower Shadows (%): ['0.503', '0.385', '0.550', '0.291']
Volumes: [np.float64(173194.7), np.float64(101172.2), np.float64(60509.3), np.float64(70178.5)]
2025-05-10 18:21:01,196 - INFO - 
2. Post-Cross Movement (30min):
5min Price Changes (%): ['0.352']
Maximum Change: 0.352% after 5 minutes
Candle Analysis:
    Body Sizes (%): ['0.373']
    Upper Shadows (%): ['0.000']
    Lower Shadows (%): ['0.000']
Volumes: [np.float64(43166.8)]
==================================================
2025-05-10 18:21:02,076 - INFO - 
==================================================
EMA Cross Analysis - TNSR/USDT
Time: 2025-05-10 18:15:00+09:00
Type: golden
Cross Character (Current): Weak
Cross Character (New): Weak
Price at Cross: 0.1783

1. Pre-Cross Pattern (15min):
EMA Distance Changes (%): ['0.007', '0.025', '0.018', '0.028']
EMA12 Changes (%): ['-0.133', '-0.061', '0.009', '0.086']
Price Changes (%): ['-0.396', '0.341', '0.396', '0.507']
Candle Analysis:
    Body Sizes (%): ['0.396', '0.341', '0.396', '0.451']
    Upper Shadows (%): ['0.000', '0.114', '0.113', '0.000']
    Lower Shadows (%): ['0.226', '0.170', '0.113', '0.000']
Volumes: [np.float64(104034.3), np.float64(77216.9), np.float64(72118.0), np.float64(73549.0)]
2025-05-10 18:21:02,076 - INFO - 
2. Post-Cross Movement (30min):
5min Price Changes (%): ['-0.112']
Maximum Change: -0.112% after 5 minutes
Candle Analysis:
    Body Sizes (%): ['0.112']
    Upper Shadows (%): ['0.000']
    Lower Shadows (%): ['0.112']
Volumes: [np.float64(32721.1)]
==================================================
2025-05-10 18:21:02,295 - INFO - 
==================================================
EMA Cross Analysis - GRASS/USDT
Time: 2025-05-10 18:20:00+09:00
Type: dead
Cross Character (Current): Weak
Cross Character (New): Weak
Price at Cross: 1.6822

1. Pre-Cross Pattern (15min):
EMA Distance Changes (%): ['0.158', '0.085', '0.029', '0.001']
EMA12 Changes (%): ['-0.219', '-0.115', '-0.095', '-0.055']
Price Changes (%): ['-0.411', '0.461', '0.018', '0.167']
Candle Analysis:
    Body Sizes (%): ['0.405', '0.479', '0.030', '0.155']
    Upper Shadows (%): ['0.095', '0.054', '0.470', '0.000']
    Lower Shadows (%): ['0.483', '0.275', '0.161', '0.000']
Volumes: [np.float64(67878.2), np.float64(67931.2), np.float64(57798.8), np.float64(9760.6)]
2025-05-10 18:21:02,295 - INFO - 
2. Post-Cross Movement (30min):
5min Price Changes (%): []
Maximum Change: 0.000% after 0 minutes
Candle Analysis:
    Body Sizes (%): []
    Upper Shadows (%): []
    Lower Shadows (%): []
Volumes: []
==================================================
2025-05-10 18:25:36,151 - INFO - 
==================================================
EMA Cross Analysis - DOGS/USDT
Time: 2025-05-10 18:20:00+09:00
Type: dead
Cross Character (Current): Strong
Cross Character (New): Weak
Price at Cross: 0.000223

1. Pre-Cross Pattern (15min):
EMA Distance Changes (%): ['0.270', '0.086', '0.036', '0.077']
EMA12 Changes (%): ['-0.303', '-0.311', '-0.081', '-0.211']
Price Changes (%): ['0.225', '-0.358', '1.214', '-0.933']
Candle Analysis:
    Body Sizes (%): ['0.225', '0.314', '1.214', '0.933']
    Upper Shadows (%): ['0.404', '0.090', '0.495', '0.133']
    Lower Shadows (%): ['0.539', '1.076', '0.045', '0.089']
Volumes: [np.float64(1147257820.0), np.float64(1580407919.0), np.float64(2776674436.0), np.float64(1739318673.0)]
2025-05-10 18:25:36,151 - INFO - 
2. Post-Cross Movement (30min):
5min Price Changes (%): ['-0.179']
Maximum Change: -0.179% after 5 minutes
Candle Analysis:
    Body Sizes (%): ['0.224']
    Upper Shadows (%): ['0.000']
    Lower Shadows (%): ['0.000']
Volumes: [np.float64(108807477.0)]
==================================================
2025-05-10 18:25:37,456 - INFO - 
==================================================
EMA Cross Analysis - NEAR/USDT
Time: 2025-05-10 18:25:00+09:00
Type: golden
Cross Character (Current): Weak
Cross Character (New): Weak
Price at Cross: 2.988

1. Pre-Cross Pattern (15min):
EMA Distance Changes (%): ['0.045', '0.041', '0.007', '0.024']
EMA12 Changes (%): ['-0.071', '0.002', '0.059', '0.060']
Price Changes (%): ['0.169', '0.405', '0.370', '0.067']
Candle Analysis:
    Body Sizes (%): ['0.203', '0.371', '0.370', '0.033']
    Upper Shadows (%): ['0.068', '0.034', '0.067', '0.067']
    Lower Shadows (%): ['0.271', '0.034', '0.000', '0.033']
Volumes: [np.float64(193277.0), np.float64(86678.0), np.float64(161850.0), np.float64(13264.0)]
2025-05-10 18:25:37,456 - INFO - 
2. Post-Cross Movement (30min):
5min Price Changes (%): []
Maximum Change: 0.000% after 0 minutes
Candle Analysis:
    Body Sizes (%): []
    Upper Shadows (%): []
    Lower Shadows (%): []
Volumes: []
==================================================
2025-05-10 18:25:39,556 - INFO - 
==================================================
EMA Cross Analysis - ATOM/USDT
Time: 2025-05-10 18:20:00+09:00
Type: golden
Cross Character (Current): Weak
Cross Character (New): Weak
Price at Cross: 4.987

1. Pre-Cross Pattern (15min):
EMA Distance Changes (%): ['0.013', '0.006', '0.002', '0.014']
EMA12 Changes (%): ['-0.045', '-0.010', '-0.015', '0.031']
Price Changes (%): ['0.262', '0.181', '-0.040', '0.282']
Candle Analysis:
    Body Sizes (%): ['0.283', '0.181', '0.020', '0.282']
    Upper Shadows (%): ['0.101', '0.020', '0.121', '0.080']
    Lower Shadows (%): ['0.000', '0.262', '0.141', '0.000']
Volumes: [np.float64(50617.72), np.float64(46849.49), np.float64(25596.3), np.float64(39898.99)]
2025-05-10 18:25:39,556 - INFO - 
2. Post-Cross Movement (30min):
5min Price Changes (%): ['0.000']
Maximum Change: 0.000% after 0 minutes
Candle Analysis:
    Body Sizes (%): ['0.000']
    Upper Shadows (%): ['0.080']
    Lower Shadows (%): ['0.000']
Volumes: [np.float64(1702.94)]
==================================================
2025-05-10 18:25:41,296 - INFO - 
==================================================
EMA Cross Analysis - GRASS/USDT
Time: 2025-05-10 18:20:00+09:00
Type: dead
Cross Character (Current): Weak
Cross Character (New): Weak
Price at Cross: 1.678

1. Pre-Cross Pattern (15min):
EMA Distance Changes (%): ['0.158', '0.085', '0.029', '0.021']
EMA12 Changes (%): ['-0.219', '-0.115', '-0.095', '-0.093']
Price Changes (%): ['-0.411', '0.461', '0.018', '-0.083']
Candle Analysis:
    Body Sizes (%): ['0.405', '0.479', '0.030', '0.095']
    Upper Shadows (%): ['0.095', '0.054', '0.470', '0.155']
    Lower Shadows (%): ['0.483', '0.275', '0.161', '0.173']
Volumes: [np.float64(67878.2), np.float64(67931.2), np.float64(57798.8), np.float64(58882.5)]
2025-05-10 18:25:41,297 - INFO - 
2. Post-Cross Movement (30min):
5min Price Changes (%): ['-0.089']
Maximum Change: -0.089% after 5 minutes
Candle Analysis:
    Body Sizes (%): ['0.095']
    Upper Shadows (%): ['0.060']
    Lower Shadows (%): ['0.030']
Volumes: [np.float64(778.2)]
==================================================
2025-05-10 18:30:16,457 - INFO - 
==================================================
EMA Cross Analysis - NEAR/USDT
Time: 2025-05-10 18:25:00+09:00
Type: golden
Cross Character (Current): Weak
Cross Character (New): Weak
Price at Cross: 2.982

1. Pre-Cross Pattern (15min):
EMA Distance Changes (%): ['0.045', '0.041', '0.007', '0.008']
EMA12 Changes (%): ['-0.071', '0.002', '0.059', '0.029']
Price Changes (%): ['0.169', '0.405', '0.370', '-0.134']
Candle Analysis:
    Body Sizes (%): ['0.203', '0.371', '0.370', '0.167']
    Upper Shadows (%): ['0.068', '0.034', '0.067', '0.100']
    Lower Shadows (%): ['0.271', '0.034', '0.000', '0.100']
Volumes: [np.float64(193277.0), np.float64(86678.0), np.float64(161850.0), np.float64(99391.0)]
2025-05-10 18:30:16,458 - INFO - 
2. Post-Cross Movement (30min):
5min Price Changes (%): ['0.067']
Maximum Change: 0.067% after 5 minutes
Candle Analysis:
    Body Sizes (%): ['0.034']
    Upper Shadows (%): ['0.034']
    Lower Shadows (%): ['0.000']
Volumes: [np.float64(5725.0)]
==================================================
2025-05-10 18:30:19,595 - INFO - 
==================================================
EMA Cross Analysis - GALA/USDT
Time: 2025-05-10 18:30:00+09:00
Type: dead
Cross Character (Current): Weak
Cross Character (New): Weak
Price at Cross: 0.02011

1. Pre-Cross Pattern (15min):
EMA Distance Changes (%): ['0.055', '0.044', '0.012', '0.017']
EMA12 Changes (%): ['-0.059', '-0.012', '-0.056', '-0.055']
Price Changes (%): ['0.449', '0.248', '-0.297', '-0.050']
Candle Analysis:
    Body Sizes (%): ['0.399', '0.248', '0.297', '0.099']
    Upper Shadows (%): ['0.000', '0.050', '0.149', '0.050']
    Lower Shadows (%): ['0.150', '0.099', '0.198', '0.000']
Volumes: [np.float64(12740380.0), np.float64(10880596.0), np.float64(8400648.0), np.float64(392640.0)]
2025-05-10 18:30:19,595 - INFO - 
2. Post-Cross Movement (30min):
5min Price Changes (%): []
Maximum Change: 0.000% after 0 minutes
Candle Analysis:
    Body Sizes (%): []
    Upper Shadows (%): []
    Lower Shadows (%): []
Volumes: []
==================================================
2025-05-10 18:36:08,090 - INFO - 
==================================================
EMA Cross Analysis - GALA/USDT
Time: 2025-05-10 18:30:00+09:00
Type: dead
Cross Character (Current): Weak
Cross Character (New): Weak
Price at Cross: 0.0201

1. Pre-Cross Pattern (15min):
EMA Distance Changes (%): ['0.055', '0.044', '0.012', '0.021']
EMA12 Changes (%): ['-0.059', '-0.012', '-0.056', '-0.062']
Price Changes (%): ['0.449', '0.248', '-0.297', '-0.099']
Candle Analysis:
    Body Sizes (%): ['0.399', '0.248', '0.297', '0.149']
    Upper Shadows (%): ['0.000', '0.050', '0.149', '0.050']
    Lower Shadows (%): ['0.150', '0.099', '0.198', '0.348']
Volumes: [np.float64(12740380.0), np.float64(10880596.0), np.float64(8400648.0), np.float64(9148568.0)]
2025-05-10 18:36:08,090 - INFO - 
2. Post-Cross Movement (30min):
5min Price Changes (%): ['0.299']
Maximum Change: 0.299% after 5 minutes
Candle Analysis:
    Body Sizes (%): ['0.299']
    Upper Shadows (%): ['0.100']
    Lower Shadows (%): ['0.000']
Volumes: [np.float64(6795370.0)]
==================================================
2025-05-10 18:36:12,666 - INFO - 
==================================================
EMA Cross Analysis - HIVE/USDT
Time: 2025-05-10 18:35:00+09:00
Type: golden
Cross Character (Current): Weak
Cross Character (New): Weak
Price at Cross: 0.26329

1. Pre-Cross Pattern (15min):
EMA Distance Changes (%): ['0.025', '0.013', '0.005', '0.009']
EMA12 Changes (%): ['0.041', '0.018', '0.014', '0.026']
Price Changes (%): ['0.393', '-0.106', '-0.008', '0.087']
Candle Analysis:
    Body Sizes (%): ['0.381', '0.030', '0.027', '0.110']
    Upper Shadows (%): ['0.046', '0.011', '0.030', '0.000']
    Lower Shadows (%): ['0.000', '0.087', '0.266', '0.118']
Volumes: [np.float64(27285.0), np.float64(17225.0), np.float64(72246.0), np.float64(18463.0)]
2025-05-10 18:36:12,666 - INFO - 
2. Post-Cross Movement (30min):
5min Price Changes (%): []
Maximum Change: 0.000% after 0 minutes
Candle Analysis:
    Body Sizes (%): []
    Upper Shadows (%): []
    Lower Shadows (%): []
Volumes: []
==================================================
2025-05-10 18:40:41,988 - INFO - 
==================================================
EMA Cross Analysis - DOGS/USDT
Time: 2025-05-10 18:40:00+09:00
Type: golden
Cross Character (Current): Weak
Cross Character (New): Weak
Price at Cross: 0.0002277

1. Pre-Cross Pattern (15min):
EMA Distance Changes (%): ['0.111', '0.079', '0.047', '0.028']
EMA12 Changes (%): ['-0.077', '0.044', '0.051', '0.138']
Price Changes (%): ['0.673', '0.713', '0.088', '0.619']
Candle Analysis:
    Body Sizes (%): ['0.628', '0.758', '0.133', '0.619']
    Upper Shadows (%): ['0.314', '0.267', '0.265', '0.088']
    Lower Shadows (%): ['0.583', '0.178', '0.310', '0.000']
Volumes: [np.float64(1246908780.0), np.float64(1972517845.0), np.float64(1172568384.0), np.float64(693670350.0)]
2025-05-10 18:40:41,988 - INFO - 
2. Post-Cross Movement (30min):
5min Price Changes (%): []
Maximum Change: 0.000% after 0 minutes
Candle Analysis:
    Body Sizes (%): []
    Upper Shadows (%): []
    Lower Shadows (%): []
Volumes: []
==================================================
2025-05-10 18:40:44,694 - INFO - 
==================================================
EMA Cross Analysis - LINK/USDT
Time: 2025-05-10 18:40:00+09:00
Type: golden
Cross Character (Current): Weak
Cross Character (New): Weak
Price at Cross: 16.36

1. Pre-Cross Pattern (15min):
EMA Distance Changes (%): ['0.087', '0.090', '0.032', '0.017']
EMA12 Changes (%): ['-0.023', '-0.018', '0.097', '0.092']
Price Changes (%): ['-0.185', '0.006', '0.733', '0.061']
Candle Analysis:
    Body Sizes (%): ['0.185', '0.000', '0.739', '0.067']
    Upper Shadows (%): ['0.105', '0.055', '0.105', '0.141']
    Lower Shadows (%): ['0.111', '0.277', '0.025', '0.012']
Volumes: [np.float64(53524.03), np.float64(55261.59), np.float64(95056.83), np.float64(36826.8)]
2025-05-10 18:40:44,695 - INFO - 
2. Post-Cross Movement (30min):
5min Price Changes (%): []
Maximum Change: 0.000% after 0 minutes
Candle Analysis:
    Body Sizes (%): []
    Upper Shadows (%): []
    Lower Shadows (%): []
Volumes: []
==================================================
2025-05-10 18:40:46,448 - INFO - 
==================================================
EMA Cross Analysis - GALA/USDT
Time: 2025-05-10 18:35:00+09:00
Type: golden
Cross Character (Current): Weak
Cross Character (New): Weak
Price at Cross: 0.02024

1. Pre-Cross Pattern (15min):
EMA Distance Changes (%): ['0.044', '0.012', '0.021', '0.009']
EMA12 Changes (%): ['-0.012', '-0.056', '-0.062', '0.054']
Price Changes (%): ['0.248', '-0.297', '-0.099', '0.697']
Candle Analysis:
    Body Sizes (%): ['0.248', '0.297', '0.149', '0.697']
    Upper Shadows (%): ['0.050', '0.149', '0.050', '0.050']
    Lower Shadows (%): ['0.099', '0.198', '0.348', '0.000']
Volumes: [np.float64(10880596.0), np.float64(8400648.0), np.float64(9148568.0), np.float64(21018345.0)]
2025-05-10 18:40:46,449 - INFO - 
2. Post-Cross Movement (30min):
5min Price Changes (%): ['0.000']
Maximum Change: 0.000% after 0 minutes
Candle Analysis:
    Body Sizes (%): ['0.000']
    Upper Shadows (%): ['0.198']
    Lower Shadows (%): ['0.000']
Volumes: [np.float64(4793139.0)]
==================================================
2025-05-10 18:40:46,670 - INFO - 
==================================================
EMA Cross Analysis - TNSR/USDT
Time: 2025-05-10 18:35:00+09:00
Type: dead
Cross Character (Current): Weak
Cross Character (New): Weak
Price at Cross: 0.1772

1. Pre-Cross Pattern (15min):
EMA Distance Changes (%): ['0.032', '0.017', '0.005', '0.004']
EMA12 Changes (%): ['0.012', '-0.024', '-0.021', '-0.018']
Price Changes (%): ['-0.393', '-0.225', '0.000', '0.000']
Candle Analysis:
    Body Sizes (%): ['0.393', '0.225', '0.056', '0.000']
    Upper Shadows (%): ['0.000', '0.113', '0.000', '0.113']
    Lower Shadows (%): ['0.056', '0.113', '0.282', '0.282']
Volumes: [np.float64(83719.3), np.float64(23058.6), np.float64(86012.4), np.float64(40126.3)]
2025-05-10 18:40:46,671 - INFO - 
2. Post-Cross Movement (30min):
5min Price Changes (%): ['-0.056']
Maximum Change: -0.056% after 5 minutes
Candle Analysis:
    Body Sizes (%): ['0.000']
    Upper Shadows (%): ['0.056']
    Lower Shadows (%): ['0.113']
Volumes: [np.float64(53554.3)]
==================================================
2025-05-10 18:40:48,687 - INFO - 
==================================================
EMA Cross Analysis - ADA/USDT
Time: 2025-05-10 18:35:00+09:00
Type: golden
Cross Character (Current): Weak
Cross Character (New): Weak
Price at Cross: 0.8006

1. Pre-Cross Pattern (15min):
EMA Distance Changes (%): ['0.032', '0.035', '0.029', '0.033']
EMA12 Changes (%): ['-0.000', '-0.010', '0.007', '0.114']
Price Changes (%): ['0.252', '-0.063', '0.101', '0.704']
Candle Analysis:
    Body Sizes (%): ['0.265', '0.063', '0.088', '0.717']
    Upper Shadows (%): ['0.076', '0.126', '0.025', '0.101']
    Lower Shadows (%): ['0.000', '0.025', '0.302', '0.000']
Volumes: [np.float64(1882340.0), np.float64(1835463.0), np.float64(1605212.0), np.float64(2592005.0)]
2025-05-10 18:40:48,688 - INFO - 
2. Post-Cross Movement (30min):
5min Price Changes (%): ['0.037']
Maximum Change: 0.037% after 5 minutes
Candle Analysis:
    Body Sizes (%): ['0.037']
    Upper Shadows (%): ['0.162']
    Lower Shadows (%): ['0.000']
Volumes: [np.float64(616125.0)]
==================================================
2025-05-10 18:40:51,126 - INFO - 
==================================================
EMA Cross Analysis - HIVE/USDT
Time: 2025-05-10 18:35:00+09:00
Type: golden
Cross Character (Current): Weak
Cross Character (New): Weak
Price at Cross: 0.2641

1. Pre-Cross Pattern (15min):
EMA Distance Changes (%): ['0.025', '0.013', '0.005', '0.033']
EMA12 Changes (%): ['0.041', '0.018', '0.014', '0.073']
Price Changes (%): ['0.393', '-0.106', '-0.008', '0.395']
Candle Analysis:
    Body Sizes (%): ['0.381', '0.030', '0.027', '0.418']
    Upper Shadows (%): ['0.046', '0.011', '0.030', '0.076']
    Lower Shadows (%): ['0.000', '0.087', '0.266', '0.118']
Volumes: [np.float64(27285.0), np.float64(17225.0), np.float64(72246.0), np.float64(49635.0)]
2025-05-10 18:40:51,126 - INFO - 
2. Post-Cross Movement (30min):
5min Price Changes (%): ['-0.072']
Maximum Change: -0.072% after 5 minutes
Candle Analysis:
    Body Sizes (%): ['0.068']
    Upper Shadows (%): ['0.163']
    Lower Shadows (%): ['0.000']
Volumes: [np.float64(10276.0)]
==================================================
2025-05-10 18:40:51,784 - INFO - 
==================================================
EMA Cross Analysis - ONDOUSDT
Time: 2025-05-10 18:40:00+09:00
Type: golden
Cross Character (Current): Weak
Cross Character (New): Weak
Price at Cross: 1.038

1. Pre-Cross Pattern (15min):
EMA Distance Changes (%): ['0.083', '0.074', '0.006', '0.053']
EMA12 Changes (%): ['-0.022', '0.005', '0.120', '0.115']
Price Changes (%): ['-0.078', '0.156', '0.748', '0.087']
Candle Analysis:
    Body Sizes (%): ['0.078', '0.156', '0.748', '0.106']
    Upper Shadows (%): ['0.097', '0.019', '0.117', '0.154']
    Lower Shadows (%): ['0.078', '0.311', '0.049', '0.000']
Volumes: [np.float64(423839.2), np.float64(546612.1), np.float64(741601.8), np.float64(407917.3)]
2025-05-10 18:40:51,784 - INFO - 
2. Post-Cross Movement (30min):
5min Price Changes (%): []
Maximum Change: 0.000% after 0 minutes
Candle Analysis:
    Body Sizes (%): []
    Upper Shadows (%): []
    Lower Shadows (%): []
Volumes: []
==================================================
2025-05-10 18:45:20,593 - INFO - 
==================================================
EMA Cross Analysis - DOGS/USDT
Time: 2025-05-10 18:40:00+09:00
Type: golden
Cross Character (Current): Weak
Cross Character (New): Weak
Price at Cross: 0.0002308

1. Pre-Cross Pattern (15min):
EMA Distance Changes (%): ['0.111', '0.079', '0.047', '0.135']
EMA12 Changes (%): ['-0.077', '0.044', '0.051', '0.350']
Price Changes (%): ['0.673', '0.713', '0.088', '1.989']
Candle Analysis:
    Body Sizes (%): ['0.628', '0.758', '0.133', '1.989']
    Upper Shadows (%): ['0.314', '0.267', '0.265', '0.177']
    Lower Shadows (%): ['0.583', '0.178', '0.310', '0.000']
Volumes: [np.float64(1246908780.0), np.float64(1972517845.0), np.float64(1172568384.0), np.float64(5137853258.0)]
2025-05-10 18:45:20,594 - INFO - 
2. Post-Cross Movement (30min):
5min Price Changes (%): ['-0.130']
Maximum Change: -0.130% after 5 minutes
Candle Analysis:
    Body Sizes (%): ['0.130']
    Upper Shadows (%): ['0.260']
    Lower Shadows (%): ['0.087']
Volumes: [np.float64(744068239.0)]
==================================================
2025-05-10 18:45:23,462 - INFO - 
==================================================
EMA Cross Analysis - LINK/USDT
Time: 2025-05-10 18:45:00+09:00
Type: golden
Cross Character (Current): Weak
Cross Character (New): Weak
Price at Cross: 16.325

1. Pre-Cross Pattern (15min):
EMA Distance Changes (%): ['0.090', '0.032', '0.004', '0.022']
EMA12 Changes (%): ['-0.018', '0.097', '0.050', '0.051']
Price Changes (%): ['0.006', '0.733', '-0.208', '0.055']
Candle Analysis:
    Body Sizes (%): ['0.000', '0.739', '0.202', '0.049']
    Upper Shadows (%): ['0.055', '0.105', '0.208', '0.018']
    Lower Shadows (%): ['0.277', '0.025', '0.098', '0.025']
Volumes: [np.float64(55261.59), np.float64(95056.83), np.float64(100204.8), np.float64(6727.56)]
2025-05-10 18:45:23,462 - INFO - 
2. Post-Cross Movement (30min):
5min Price Changes (%): []
Maximum Change: 0.000% after 0 minutes
Candle Analysis:
    Body Sizes (%): []
    Upper Shadows (%): []
    Lower Shadows (%): []
Volumes: []
==================================================
2025-05-10 18:45:23,897 - INFO - 
==================================================
EMA Cross Analysis - MOODENG/USDT
Time: 2025-05-10 18:40:00+09:00
Type: dead
Cross Character (Current): Weak
Cross Character (New): Weak
Price at Cross: 0.13258

1. Pre-Cross Pattern (15min):
EMA Distance Changes (%): ['0.203', '0.146', '0.048', '0.043']
EMA12 Changes (%): ['-0.008', '-0.083', '-0.167', '-0.167']
Price Changes (%): ['0.494', '-0.491', '-0.636', '-0.166']
Candle Analysis:
    Body Sizes (%): ['0.464', '0.484', '0.621', '0.151']
    Upper Shadows (%): ['0.180', '0.045', '0.007', '0.844']
    Lower Shadows (%): ['0.090', '0.670', '0.337', '0.301']
Volumes: [np.float64(6056882.0), np.float64(10768714.0), np.float64(10296609.0), np.float64(10665965.0)]
2025-05-10 18:45:23,897 - INFO - 
2. Post-Cross Movement (30min):
5min Price Changes (%): ['0.264']
Maximum Change: 0.264% after 5 minutes
Candle Analysis:
    Body Sizes (%): ['0.256']
    Upper Shadows (%): ['0.196']
    Lower Shadows (%): ['0.098']
Volumes: [np.float64(604220.0)]
==================================================
2025-05-10 18:45:27,160 - INFO - 
==================================================
EMA Cross Analysis - XRP/USDT
Time: 2025-05-10 18:45:00+09:00
Type: golden
Cross Character (Current): Weak
Cross Character (New): Weak
Price at Cross: 2.3903

1. Pre-Cross Pattern (15min):
EMA Distance Changes (%): ['0.071', '0.035', '0.009', '0.016']
EMA12 Changes (%): ['0.007', '0.061', '0.045', '0.046']
Price Changes (%): ['0.122', '0.357', '-0.038', '0.050']
Candle Analysis:
    Body Sizes (%): ['0.122', '0.353', '0.042', '0.050']
    Upper Shadows (%): ['0.042', '0.101', '0.130', '0.004']
    Lower Shadows (%): ['0.109', '0.025', '0.067', '0.008']
Volumes: [np.float64(1027509.9), np.float64(2833853.1), np.float64(2338776.8), np.float64(145828.0)]
2025-05-10 18:45:27,160 - INFO - 
2. Post-Cross Movement (30min):
5min Price Changes (%): []
Maximum Change: 0.000% after 0 minutes
Candle Analysis:
    Body Sizes (%): []
    Upper Shadows (%): []
    Lower Shadows (%): []
Volumes: []
==================================================
2025-05-10 18:45:30,496 - INFO - 
==================================================
EMA Cross Analysis - ONDOUSDT
Time: 2025-05-10 18:40:00+09:00
Type: golden
Cross Character (Current): Weak
Cross Character (New): Weak
Price at Cross: 1.0351

1. Pre-Cross Pattern (15min):
EMA Distance Changes (%): ['0.083', '0.074', '0.006', '0.031']
EMA12 Changes (%): ['-0.022', '0.005', '0.120', '0.071']
Price Changes (%): ['-0.078', '0.156', '0.748', '-0.193']
Candle Analysis:
    Body Sizes (%): ['0.078', '0.156', '0.748', '0.174']
    Upper Shadows (%): ['0.097', '0.019', '0.117', '0.260']
    Lower Shadows (%): ['0.078', '0.311', '0.049', '0.068']
Volumes: [np.float64(423839.2), np.float64(546612.1), np.float64(741601.8), np.float64(964637.8)]
2025-05-10 18:45:30,497 - INFO - 
2. Post-Cross Movement (30min):
5min Price Changes (%): ['0.145']
Maximum Change: 0.145% after 5 minutes
Candle Analysis:
    Body Sizes (%): ['0.135']
    Upper Shadows (%): ['0.010']
    Lower Shadows (%): ['0.048']
Volumes: [np.float64(50390.0)]
==================================================
2025-05-10 18:50:01,624 - INFO - 
==================================================
EMA Cross Analysis - LINK/USDT
Time: 2025-05-10 18:45:00+09:00
Type: golden
Cross Character (Current): Weak
Cross Character (New): Weak
Price at Cross: 16.343

1. Pre-Cross Pattern (15min):
EMA Distance Changes (%): ['0.090', '0.032', '0.004', '0.031']
EMA12 Changes (%): ['-0.018', '0.097', '0.050', '0.068']
Price Changes (%): ['0.006', '0.733', '-0.208', '0.165']
Candle Analysis:
    Body Sizes (%): ['0.000', '0.739', '0.202', '0.159']
    Upper Shadows (%): ['0.055', '0.105', '0.208', '0.202']
    Lower Shadows (%): ['0.277', '0.025', '0.098', '0.025']
Volumes: [np.float64(55261.59), np.float64(95056.83), np.float64(100204.8), np.float64(69418.7)]
2025-05-10 18:50:01,624 - INFO - 
2. Post-Cross Movement (30min):
5min Price Changes (%): ['-0.024']
Maximum Change: -0.024% after 5 minutes
Candle Analysis:
    Body Sizes (%): ['0.018']
    Upper Shadows (%): ['0.000']
    Lower Shadows (%): ['0.000']
Volumes: [np.float64(133.29)]
==================================================
2025-05-10 18:50:03,425 - INFO - 
==================================================
EMA Cross Analysis - TNSR/USDT
Time: 2025-05-10 18:50:00+09:00
Type: golden
Cross Character (Current): Weak
Cross Character (New): Weak
Price at Cross: 0.1778

1. Pre-Cross Pattern (15min):
EMA Distance Changes (%): ['0.004', '0.043', '0.010', '0.011']
EMA12 Changes (%): ['-0.018', '-0.076', '0.058', '0.040']
Price Changes (%): ['0.000', '-0.395', '0.793', '-0.056']
Candle Analysis:
    Body Sizes (%): ['0.000', '0.339', '0.736', '0.000']
    Upper Shadows (%): ['0.113', '0.056', '0.057', '0.000']
    Lower Shadows (%): ['0.282', '0.169', '0.000', '0.000']
Volumes: [np.float64(40126.3), np.float64(77925.8), np.float64(49197.5), np.float64(71.5)]
2025-05-10 18:50:03,425 - INFO - 
2. Post-Cross Movement (30min):
5min Price Changes (%): []
Maximum Change: 0.000% after 0 minutes
Candle Analysis:
    Body Sizes (%): []
    Upper Shadows (%): []
    Lower Shadows (%): []
Volumes: []
==================================================
2025-05-10 18:50:05,113 - INFO - 
==================================================
EMA Cross Analysis - XRP/USDT
Time: 2025-05-10 18:45:00+09:00
Type: golden
Cross Character (Current): Weak
Cross Character (New): Weak
Price at Cross: 2.391

1. Pre-Cross Pattern (15min):
EMA Distance Changes (%): ['0.071', '0.035', '0.009', '0.018']
EMA12 Changes (%): ['0.007', '0.061', '0.045', '0.051']
Price Changes (%): ['0.122', '0.357', '-0.038', '0.080']
Candle Analysis:
    Body Sizes (%): ['0.122', '0.353', '0.042', '0.080']
    Upper Shadows (%): ['0.042', '0.101', '0.130', '0.117']
    Lower Shadows (%): ['0.109', '0.025', '0.067', '0.008']
Volumes: [np.float64(1027509.9), np.float64(2833853.1), np.float64(2338776.8), np.float64(1602164.9)]
2025-05-10 18:50:05,113 - INFO - 
2. Post-Cross Movement (30min):
5min Price Changes (%): ['-0.017']
Maximum Change: -0.017% after 5 minutes
Candle Analysis:
    Body Sizes (%): ['0.017']
    Upper Shadows (%): ['0.000']
    Lower Shadows (%): ['0.004']
Volumes: [np.float64(55426.3)]
==================================================
2025-05-10 18:50:06,947 - INFO - 
==================================================
EMA Cross Analysis - SUI/USDT
Time: 2025-05-10 18:50:00+09:00
Type: golden
Cross Character (Current): Weak
Cross Character (New): Weak
Price at Cross: 3.987

1. Pre-Cross Pattern (15min):
EMA Distance Changes (%): ['0.088', '0.058', '0.017', '0.017']
EMA12 Changes (%): ['0.063', '0.046', '0.070', '0.064']
Price Changes (%): ['0.449', '-0.048', '0.204', '0.033']
Candle Analysis:
    Body Sizes (%): ['0.452', '0.048', '0.206', '0.033']
    Upper Shadows (%): ['0.162', '0.176', '0.153', '0.003']
    Lower Shadows (%): ['0.035', '0.264', '0.040', '0.025']
Volumes: [np.float64(1247992.8), np.float64(1510538.7), np.float64(1228984.6), np.float64(9007.5)]
2025-05-10 18:50:06,947 - INFO - 
2. Post-Cross Movement (30min):
5min Price Changes (%): []
Maximum Change: 0.000% after 0 minutes
Candle Analysis:
    Body Sizes (%): []
    Upper Shadows (%): []
    Lower Shadows (%): []
Volumes: []
==================================================
2025-05-10 18:55:53,093 - INFO - 
==================================================
EMA Cross Analysis - TNSR/USDT
Time: 2025-05-10 18:50:00+09:00
Type: golden
Cross Character (Current): Weak
Cross Character (New): Weak
Price at Cross: 0.1779

1. Pre-Cross Pattern (15min):
EMA Distance Changes (%): ['0.004', '0.043', '0.010', '0.016']
EMA12 Changes (%): ['-0.018', '-0.076', '0.058', '0.049']
Price Changes (%): ['0.000', '-0.395', '0.793', '0.000']
Candle Analysis:
    Body Sizes (%): ['0.000', '0.339', '0.736', '0.056']
    Upper Shadows (%): ['0.113', '0.056', '0.057', '0.281']
    Lower Shadows (%): ['0.282', '0.169', '0.000', '0.000']
Volumes: [np.float64(40126.3), np.float64(77925.8), np.float64(49197.5), np.float64(58796.2)]
2025-05-10 18:55:53,094 - INFO - 
2. Post-Cross Movement (30min):
5min Price Changes (%): ['-0.112']
Maximum Change: -0.112% after 5 minutes
Candle Analysis:
    Body Sizes (%): ['0.169']
    Upper Shadows (%): ['0.000']
    Lower Shadows (%): ['0.056']
Volumes: [np.float64(19488.3)]
==================================================
2025-05-10 18:55:56,261 - INFO - 
==================================================
EMA Cross Analysis - ATA/USDT
Time: 2025-05-10 18:55:00+09:00
Type: golden
Cross Character (Current): Weak
Cross Character (New): Weak
Price at Cross: 0.063

1. Pre-Cross Pattern (15min):
EMA Distance Changes (%): ['0.049', '0.036', '0.012', '0.006']
EMA12 Changes (%): ['-0.007', '0.018', '0.040', '0.034']
Price Changes (%): ['-0.159', '0.159', '0.159', '0.000']
Candle Analysis:
    Body Sizes (%): ['0.317', '0.159', '0.159', '0.158']
    Upper Shadows (%): ['0.000', '0.159', '0.318', '0.000']
    Lower Shadows (%): ['0.159', '0.000', '0.000', '0.000']
Volumes: [np.float64(132162.0), np.float64(45781.0), np.float64(180673.0), np.float64(80435.0)]
2025-05-10 18:55:56,262 - INFO - 
2. Post-Cross Movement (30min):
5min Price Changes (%): []
Maximum Change: 0.000% after 0 minutes
Candle Analysis:
    Body Sizes (%): []
    Upper Shadows (%): []
    Lower Shadows (%): []
Volumes: []
==================================================
2025-05-10 18:55:56,652 - INFO - 
==================================================
EMA Cross Analysis - SUI/USDT
Time: 2025-05-10 18:50:00+09:00
Type: golden
Cross Character (Current): Weak
Cross Character (New): Weak
Price at Cross: 3.9845

1. Pre-Cross Pattern (15min):
EMA Distance Changes (%): ['0.088', '0.058', '0.017', '0.012']
EMA12 Changes (%): ['0.063', '0.046', '0.070', '0.055']
Price Changes (%): ['0.449', '-0.048', '0.204', '-0.030']
Candle Analysis:
    Body Sizes (%): ['0.452', '0.048', '0.206', '0.030']
    Upper Shadows (%): ['0.162', '0.176', '0.153', '0.201']
    Lower Shadows (%): ['0.035', '0.264', '0.040', '0.028']
Volumes: [np.float64(1247992.8), np.float64(1510538.7), np.float64(1228984.6), np.float64(568289.9)]
2025-05-10 18:55:56,652 - INFO - 
2. Post-Cross Movement (30min):
5min Price Changes (%): ['0.020']
Maximum Change: 0.020% after 5 minutes
Candle Analysis:
    Body Sizes (%): ['0.020']
    Upper Shadows (%): ['0.065']
    Lower Shadows (%): ['0.060']
Volumes: [np.float64(72323.7)]
==================================================
2025-05-10 18:55:58,701 - INFO - 
==================================================
EMA Cross Analysis - BRETT/USDT
Time: 2025-05-10 18:55:00+09:00
Type: golden
Cross Character (Current): Weak
Cross Character (New): Weak
Price at Cross: 0.08243

1. Pre-Cross Pattern (15min):
EMA Distance Changes (%): ['0.096', '0.053', '0.012', '0.028']
EMA12 Changes (%): ['-0.015', '0.070', '0.072', '0.076']
Price Changes (%): ['-0.692', '0.538', '0.085', '0.097']
Candle Analysis:
    Body Sizes (%): ['0.643', '0.575', '0.085', '0.097']
    Upper Shadows (%): ['0.328', '0.379', '0.280', '0.073']
    Lower Shadows (%): ['0.158', '0.061', '0.097', '0.000']
Volumes: [np.float64(1274448.0), np.float64(468991.0), np.float64(448272.0), np.float64(113330.0)]
2025-05-10 18:55:58,701 - INFO - 
2. Post-Cross Movement (30min):
5min Price Changes (%): []
Maximum Change: 0.000% after 0 minutes
Candle Analysis:
    Body Sizes (%): []
    Upper Shadows (%): []
    Lower Shadows (%): []
Volumes: []
==================================================
2025-05-10 19:05:09,008 - INFO - 
==================================================
EMA Cross Analysis - MOODENG/USDT
Time: 2025-05-10 19:05:00+09:00
Type: golden
Cross Character (Current): Weak
Cross Character (New): Weak
Price at Cross: 0.13509

1. Pre-Cross Pattern (15min):
EMA Distance Changes (%): ['0.129', '0.092', '0.003', '0.071']
EMA12 Changes (%): ['-0.031', '0.052', '0.160', '0.143']
Price Changes (%): ['0.680', '0.510', '0.754', '0.052']
Candle Analysis:
    Body Sizes (%): ['0.680', '0.510', '0.731', '0.074']
    Upper Shadows (%): ['0.468', '0.293', '0.716', '0.022']
    Lower Shadows (%): ['0.483', '0.098', '0.425', '0.104']
Volumes: [np.float64(9176903.0), np.float64(9508285.0), np.float64(15019615.0), np.float64(251098.0)]
2025-05-10 19:05:09,008 - INFO - 
2. Post-Cross Movement (30min):
5min Price Changes (%): []
Maximum Change: 0.000% after 0 minutes
Candle Analysis:
    Body Sizes (%): []
    Upper Shadows (%): []
    Lower Shadows (%): []
Volumes: []
==================================================
2025-05-10 19:05:09,443 - INFO - 
==================================================
EMA Cross Analysis - PHA/USDT
Time: 2025-05-10 19:05:00+09:00
Type: golden
Cross Character (Current): Weak
Cross Character (New): Weak
Price at Cross: 0.14258

1. Pre-Cross Pattern (15min):
EMA Distance Changes (%): ['0.096', '0.048', '0.008', '0.022']
EMA12 Changes (%): ['0.071', '0.080', '0.070', '0.057']
Price Changes (%): ['0.359', '0.126', '0.014', '-0.014']
Candle Analysis:
    Body Sizes (%): ['0.282', '0.140', '0.035', '0.014']
    Upper Shadows (%): ['0.345', '0.183', '0.309', '0.000']
    Lower Shadows (%): ['0.035', '0.049', '0.239', '0.021']
Volumes: [np.float64(164595.0), np.float64(71174.0), np.float64(200966.0), np.float64(2829.0)]
2025-05-10 19:05:09,443 - INFO - 
2. Post-Cross Movement (30min):
5min Price Changes (%): []
Maximum Change: 0.000% after 0 minutes
Candle Analysis:
    Body Sizes (%): []
    Upper Shadows (%): []
    Lower Shadows (%): []
Volumes: []
==================================================
2025-05-10 19:05:13,677 - INFO - 
==================================================
EMA Cross Analysis - ATA/USDT
Time: 2025-05-10 19:05:00+09:00
Type: golden
Cross Character (Current): Weak
Cross Character (New): Weak
Price at Cross: 0.063

1. Pre-Cross Pattern (15min):
EMA Distance Changes (%): ['0.012', '0.007', '0.002', '0.014']
EMA12 Changes (%): ['0.040', '0.009', '0.008', '0.031']
Price Changes (%): ['0.159', '-0.159', '0.000', '0.159']
Candle Analysis:
    Body Sizes (%): ['0.159', '0.317', '0.000', '0.159']
    Upper Shadows (%): ['0.318', '0.000', '0.159', '0.000']
    Lower Shadows (%): ['0.000', '0.158', '0.318', '0.000']
Volumes: [np.float64(180673.0), np.float64(179696.0), np.float64(128920.0), np.float64(465.0)]
2025-05-10 19:05:13,677 - INFO - 
2. Post-Cross Movement (30min):
5min Price Changes (%): []
Maximum Change: 0.000% after 0 minutes
Candle Analysis:
    Body Sizes (%): []
    Upper Shadows (%): []
    Lower Shadows (%): []
Volumes: []
==================================================
2025-05-10 19:05:14,502 - INFO - 
==================================================
EMA Cross Analysis - MOVE/USDT
Time: 2025-05-10 19:00:00+09:00
Type: dead
Cross Character (Current): Weak
Cross Character (New): Weak
Price at Cross: 0.1907

1. Pre-Cross Pattern (15min):
EMA Distance Changes (%): ['0.047', '0.028', '0.016', '0.018']
EMA12 Changes (%): ['-0.008', '-0.031', '-0.018', '-0.064']
Price Changes (%): ['0.578', '-0.157', '0.052', '-0.314']
Candle Analysis:
    Body Sizes (%): ['0.578', '0.157', '0.000', '0.314']
    Upper Shadows (%): ['0.210', '0.313', '0.261', '0.000']
    Lower Shadows (%): ['0.053', '0.000', '0.157', '0.261']
Volumes: [np.float64(634172.0), np.float64(729019.0), np.float64(470151.0), np.float64(1080179.0)]
2025-05-10 19:05:14,502 - INFO - 
2. Post-Cross Movement (30min):
5min Price Changes (%): ['0.000']
Maximum Change: 0.000% after 0 minutes
Candle Analysis:
    Body Sizes (%): ['0.052']
    Upper Shadows (%): ['0.000']
    Lower Shadows (%): ['0.000']
Volumes: [np.float64(174.0)]
==================================================
2025-05-10 19:10:57,046 - INFO - 
==================================================
EMA Cross Analysis - PHA/USDT
Time: 2025-05-10 19:05:00+09:00
Type: golden
Cross Character (Current): Weak
Cross Character (New): Weak
Price at Cross: 0.1425

1. Pre-Cross Pattern (15min):
EMA Distance Changes (%): ['0.096', '0.048', '0.008', '0.017']
EMA12 Changes (%): ['0.071', '0.080', '0.070', '0.048']
Price Changes (%): ['0.359', '0.126', '0.014', '-0.070']
Candle Analysis:
    Body Sizes (%): ['0.282', '0.140', '0.035', '0.070']
    Upper Shadows (%): ['0.345', '0.183', '0.309', '0.309']
    Lower Shadows (%): ['0.035', '0.049', '0.239', '0.245']
Volumes: [np.float64(164595.0), np.float64(71174.0), np.float64(200966.0), np.float64(155667.0)]
2025-05-10 19:10:57,046 - INFO - 
2. Post-Cross Movement (30min):
5min Price Changes (%): ['0.175']
Maximum Change: 0.175% after 5 minutes
Candle Analysis:
    Body Sizes (%): ['0.161']
    Upper Shadows (%): ['0.112']
    Lower Shadows (%): ['0.000']
Volumes: [np.float64(7530.0)]
==================================================
2025-05-10 19:11:01,291 - INFO - 
==================================================
EMA Cross Analysis - ATA/USDT
Time: 2025-05-10 19:05:00+09:00
Type: golden
Cross Character (Current): Weak
Cross Character (New): Weak
Price at Cross: 0.063

1. Pre-Cross Pattern (15min):
EMA Distance Changes (%): ['0.012', '0.007', '0.002', '0.014']
EMA12 Changes (%): ['0.040', '0.009', '0.008', '0.031']
Price Changes (%): ['0.159', '-0.159', '0.000', '0.159']
Candle Analysis:
    Body Sizes (%): ['0.159', '0.317', '0.000', '0.159']
    Upper Shadows (%): ['0.318', '0.000', '0.159', '0.159']
    Lower Shadows (%): ['0.000', '0.158', '0.318', '0.000']
Volumes: [np.float64(180673.0), np.float64(179696.0), np.float64(128920.0), np.float64(122154.0)]
2025-05-10 19:11:01,291 - INFO - 
2. Post-Cross Movement (30min):
5min Price Changes (%): ['0.000']
Maximum Change: 0.000% after 0 minutes
Candle Analysis:
    Body Sizes (%): ['0.000']
    Upper Shadows (%): ['0.159']
    Lower Shadows (%): ['0.000']
Volumes: [np.float64(1632.0)]
==================================================
2025-05-10 19:15:40,754 - INFO - 
==================================================
EMA Cross Analysis - MOVE/USDT
Time: 2025-05-10 19:15:00+09:00
Type: golden
Cross Character (Current): Weak
Cross Character (New): Weak
Price at Cross: 0.1919

1. Pre-Cross Pattern (15min):
EMA Distance Changes (%): ['0.018', '0.032', '0.014', '0.009']
EMA12 Changes (%): ['-0.064', '-0.030', '0.031', '0.042']
Price Changes (%): ['-0.314', '0.157', '0.366', '0.104']
Candle Analysis:
    Body Sizes (%): ['0.314', '0.210', '0.314', '0.104']
    Upper Shadows (%): ['0.000', '0.210', '0.105', '0.209']
    Lower Shadows (%): ['0.261', '0.000', '0.000', '0.000']
Volumes: [np.float64(1080179.0), np.float64(828704.0), np.float64(503351.0), np.float64(132140.0)]
2025-05-10 19:15:40,754 - INFO - 
2. Post-Cross Movement (30min):
5min Price Changes (%): []
Maximum Change: 0.000% after 0 minutes
Candle Analysis:
    Body Sizes (%): []
    Upper Shadows (%): []
    Lower Shadows (%): []
Volumes: []
==================================================
2025-05-10 19:15:42,439 - INFO - 
==================================================
EMA Cross Analysis - BRETT/USDT
Time: 2025-05-10 19:15:00+09:00
Type: golden
Cross Character (Current): Weak
Cross Character (New): Weak
Price at Cross: 0.08238

1. Pre-Cross Pattern (15min):
EMA Distance Changes (%): ['0.050', '0.046', '0.018', '0.020']
EMA12 Changes (%): ['-0.069', '-0.000', '0.049', '0.071']
Price Changes (%): ['-0.403', '0.380', '0.317', '0.195']
Candle Analysis:
    Body Sizes (%): ['0.451', '0.380', '0.293', '0.146']
    Upper Shadows (%): ['0.037', '0.208', '0.451', '0.000']
    Lower Shadows (%): ['0.317', '0.037', '0.037', '0.085']
Volumes: [np.float64(1133302.0), np.float64(568912.0), np.float64(503735.0), np.float64(34638.0)]
2025-05-10 19:15:42,439 - INFO - 
2. Post-Cross Movement (30min):
5min Price Changes (%): []
Maximum Change: 0.000% after 0 minutes
Candle Analysis:
    Body Sizes (%): []
    Upper Shadows (%): []
    Lower Shadows (%): []
Volumes: []
==================================================
2025-05-10 19:20:13,932 - INFO - 
==================================================
EMA Cross Analysis - POL/USDT
Time: 2025-05-10 19:20:00+09:00
Type: golden
Cross Character (Current): Weak
Cross Character (New): Weak
Price at Cross: 0.26024

1. Pre-Cross Pattern (15min):
EMA Distance Changes (%): ['0.040', '0.036', '0.012', '0.008']
EMA12 Changes (%): ['0.025', '0.004', '0.040', '0.038']
Price Changes (%): ['0.228', '-0.112', '0.239', '0.031']
Candle Analysis:
    Body Sizes (%): ['0.231', '0.096', '0.227', '0.035']
    Upper Shadows (%): ['0.100', '0.273', '0.154', '0.008']
    Lower Shadows (%): ['0.015', '0.000', '0.085', '0.015']
Volumes: [np.float64(267591.0), np.float64(321065.0), np.float64(333888.0), np.float64(5363.0)]
2025-05-10 19:20:13,933 - INFO - 
2. Post-Cross Movement (30min):
5min Price Changes (%): []
Maximum Change: 0.000% after 0 minutes
Candle Analysis:
    Body Sizes (%): []
    Upper Shadows (%): []
    Lower Shadows (%): []
Volumes: []
==================================================
2025-05-10 19:20:17,217 - INFO - 
==================================================
EMA Cross Analysis - EOS/USDT
Time: 2025-05-10 19:20:00+09:00
Type: dead
Cross Character (Current): Weak
Cross Character (New): Weak
Price at Cross: 0.969

1. Pre-Cross Pattern (15min):
EMA Distance Changes (%): ['0.065', '0.078', '0.022', '0.014']
EMA12 Changes (%): ['0.059', '0.034', '-0.097', '-0.067']
Price Changes (%): ['0.308', '-0.102', '-0.820', '0.103']
Candle Analysis:
    Body Sizes (%): ['0.411', '0.000', '0.921', '0.000']
    Upper Shadows (%): ['0.206', '0.410', '0.000', '0.103']
    Lower Shadows (%): ['0.206', '0.307', '0.102', '0.103']
Volumes: [np.float64(1282346.9), np.float64(932989.4), np.float64(876437.9), np.float64(17356.9)]
2025-05-10 19:20:17,217 - INFO - 
2. Post-Cross Movement (30min):
5min Price Changes (%): []
Maximum Change: 0.000% after 0 minutes
Candle Analysis:
    Body Sizes (%): []
    Upper Shadows (%): []
    Lower Shadows (%): []
Volumes: []
==================================================
2025-05-10 19:20:18,825 - INFO - 
==================================================
EMA Cross Analysis - ATA/USDT
Time: 2025-05-10 19:15:00+09:00
Type: dead
Cross Character (Current): Weak
Cross Character (New): Weak
Price at Cross: 0.0627

1. Pre-Cross Pattern (15min):
EMA Distance Changes (%): ['0.002', '0.014', '0.014', '0.011']
EMA12 Changes (%): ['0.008', '0.031', '0.002', '-0.047']
Price Changes (%): ['0.000', '0.159', '-0.159', '-0.318']
Candle Analysis:
    Body Sizes (%): ['0.000', '0.159', '0.159', '0.159']
    Upper Shadows (%): ['0.159', '0.159', '0.317', '0.318']
    Lower Shadows (%): ['0.318', '0.000', '0.000', '0.159']
Volumes: [np.float64(128920.0), np.float64(122154.0), np.float64(105982.0), np.float64(132723.0)]
2025-05-10 19:20:18,826 - INFO - 
2. Post-Cross Movement (30min):
5min Price Changes (%): ['0.159']
Maximum Change: 0.159% after 5 minutes
Candle Analysis:
    Body Sizes (%): ['0.159']
    Upper Shadows (%): ['0.000']
    Lower Shadows (%): ['0.000']
Volumes: [np.float64(955.0)]
==================================================
2025-05-10 19:26:01,847 - INFO - 
==================================================
EMA Cross Analysis - POL/USDT
Time: 2025-05-10 19:20:00+09:00
Type: golden
Cross Character (Current): Weak
Cross Character (New): Weak
Price at Cross: 0.26015

1. Pre-Cross Pattern (15min):
EMA Distance Changes (%): ['0.040', '0.036', '0.012', '0.006']
EMA12 Changes (%): ['0.025', '0.004', '0.040', '0.033']
Price Changes (%): ['0.228', '-0.112', '0.239', '-0.004']
Candle Analysis:
    Body Sizes (%): ['0.231', '0.096', '0.227', '0.000']
    Upper Shadows (%): ['0.100', '0.273', '0.154', '0.177']
    Lower Shadows (%): ['0.015', '0.000', '0.085', '0.015']
Volumes: [np.float64(267591.0), np.float64(321065.0), np.float64(333888.0), np.float64(143790.0)]
2025-05-10 19:26:01,848 - INFO - 
2. Post-Cross Movement (30min):
5min Price Changes (%): ['0.085']
Maximum Change: 0.085% after 5 minutes
Candle Analysis:
    Body Sizes (%): ['0.081']
    Upper Shadows (%): ['0.004']
    Lower Shadows (%): ['0.012']
Volumes: [np.float64(32895.0)]
==================================================
2025-05-10 19:26:05,210 - INFO - 
==================================================
EMA Cross Analysis - EOS/USDT
Time: 2025-05-10 19:20:00+09:00
Type: dead
Cross Character (Current): Weak
Cross Character (New): Weak
Price at Cross: 0.968

1. Pre-Cross Pattern (15min):
EMA Distance Changes (%): ['0.065', '0.078', '0.022', '0.023']
EMA12 Changes (%): ['0.059', '0.034', '-0.097', '-0.083']
Price Changes (%): ['0.308', '-0.102', '-0.820', '0.000']
Candle Analysis:
    Body Sizes (%): ['0.411', '0.000', '0.921', '0.103']
    Upper Shadows (%): ['0.206', '0.410', '0.000', '0.310']
    Lower Shadows (%): ['0.206', '0.307', '0.102', '0.000']
Volumes: [np.float64(1282346.9), np.float64(932989.4), np.float64(876437.9), np.float64(550415.2)]
2025-05-10 19:26:05,210 - INFO - 
2. Post-Cross Movement (30min):
5min Price Changes (%): ['0.103']
Maximum Change: 0.103% after 5 minutes
Candle Analysis:
    Body Sizes (%): ['0.103']
    Upper Shadows (%): ['0.103']
    Lower Shadows (%): ['0.103']
Volumes: [np.float64(483951.2)]
==================================================
2025-05-10 19:26:07,723 - INFO - 
==================================================
EMA Cross Analysis - MOVE/USDT
Time: 2025-05-10 19:20:00+09:00
Type: golden
Cross Character (Current): Weak
Cross Character (New): Weak
Price at Cross: 0.1921

1. Pre-Cross Pattern (15min):
EMA Distance Changes (%): ['0.032', '0.014', '0.007', '0.023']
EMA12 Changes (%): ['-0.030', '0.031', '0.010', '0.057']
Price Changes (%): ['0.157', '0.366', '-0.104', '0.313']
Candle Analysis:
    Body Sizes (%): ['0.210', '0.314', '0.104', '0.366']
    Upper Shadows (%): ['0.210', '0.105', '0.365', '0.104']
    Lower Shadows (%): ['0.000', '0.000', '0.313', '0.000']
Volumes: [np.float64(828704.0), np.float64(503351.0), np.float64(589749.0), np.float64(343619.0)]
2025-05-10 19:26:07,723 - INFO - 
2. Post-Cross Movement (30min):
5min Price Changes (%): ['0.208']
Maximum Change: 0.208% after 5 minutes
Candle Analysis:
    Body Sizes (%): ['0.208']
    Upper Shadows (%): ['0.156']
    Lower Shadows (%): ['0.104']
Volumes: [np.float64(481584.0)]
==================================================
2025-05-10 19:30:38,077 - INFO - 
==================================================
EMA Cross Analysis - TIA/USDT
Time: 2025-05-10 19:25:00+09:00
Type: dead
Cross Character (Current): Weak
Cross Character (New): Weak
Price at Cross: 3.184

1. Pre-Cross Pattern (15min):
EMA Distance Changes (%): ['0.186', '0.118', '0.046', '0.034']
EMA12 Changes (%): ['-0.110', '-0.104', '-0.121', '-0.148']
Price Changes (%): ['-0.574', '-0.072', '-0.219', '-0.294']
Candle Analysis:
    Body Sizes (%): ['0.590', '0.075', '0.219', '0.288']
    Upper Shadows (%): ['0.208', '0.293', '0.262', '0.276']
    Lower Shadows (%): ['0.056', '0.322', '0.019', '0.075']
Volumes: [np.float64(246228.0), np.float64(214445.0), np.float64(162006.0), np.float64(236962.0)]
2025-05-10 19:30:38,077 - INFO - 
2. Post-Cross Movement (30min):
5min Price Changes (%): ['0.195']
Maximum Change: 0.195% after 5 minutes
Candle Analysis:
    Body Sizes (%): ['0.179']
    Upper Shadows (%): ['0.000']
    Lower Shadows (%): ['0.016']
Volumes: [np.float64(15055.0)]
==================================================
2025-05-10 19:30:48,967 - INFO - 
==================================================
EMA Cross Analysis - VANA/USDT
Time: 2025-05-10 19:30:00+09:00
Type: golden
Cross Character (Current): Weak
Cross Character (New): Weak
Price at Cross: 6.825

1. Pre-Cross Pattern (15min):
EMA Distance Changes (%): ['0.149', '0.088', '0.034', '0.007']
EMA12 Changes (%): ['-0.004', '0.094', '0.091', '0.075']
Price Changes (%): ['-0.029', '0.634', '0.073', '-0.015']
Candle Analysis:
    Body Sizes (%): ['0.059', '0.649', '0.073', '0.015']
    Upper Shadows (%): ['0.413', '0.133', '0.279', '0.015']
    Lower Shadows (%): ['0.369', '0.000', '0.073', '0.205']
Volumes: [np.float64(13675.92), np.float64(11394.78), np.float64(9672.35), np.float64(6717.3)]
2025-05-10 19:30:48,967 - INFO - 
2. Post-Cross Movement (30min):
5min Price Changes (%): []
Maximum Change: 0.000% after 0 minutes
Candle Analysis:
    Body Sizes (%): []
    Upper Shadows (%): []
    Lower Shadows (%): []
Volumes: []
==================================================
2025-05-10 19:35:22,588 - INFO - 
==================================================
EMA Cross Analysis - THETA/USDT
Time: 2025-05-10 19:30:00+09:00
Type: dead
Cross Character (Current): Weak
Cross Character (New): Weak
Price at Cross: 0.9438

1. Pre-Cross Pattern (15min):
EMA Distance Changes (%): ['0.005', '0.020', '0.008', '0.016']
EMA12 Changes (%): ['-0.014', '0.029', '-0.021', '-0.045']
Price Changes (%): ['-0.021', '0.264', '-0.295', '-0.180']
Candle Analysis:
    Body Sizes (%): ['0.074', '0.243', '0.285', '0.169']
    Upper Shadows (%): ['0.296', '0.159', '0.084', '0.180']
    Lower Shadows (%): ['0.222', '0.032', '0.063', '0.021']
Volumes: [np.float64(129526.2), np.float64(52803.4), np.float64(28471.2), np.float64(79694.3)]
2025-05-10 19:35:22,588 - INFO - 
2. Post-Cross Movement (30min):
5min Price Changes (%): ['-0.117']
Maximum Change: -0.117% after 5 minutes
Candle Analysis:
    Body Sizes (%): ['0.148']
    Upper Shadows (%): ['0.011']
    Lower Shadows (%): ['0.011']
Volumes: [np.float64(19252.2)]
==================================================
2025-05-10 19:35:26,356 - INFO - 
==================================================
EMA Cross Analysis - ZEN/USDT
Time: 2025-05-10 19:35:00+09:00
Type: dead
Cross Character (Current): Weak
Cross Character (New): Weak
Price at Cross: 10.275

1. Pre-Cross Pattern (15min):
EMA Distance Changes (%): ['0.069', '0.044', '0.017', '0.015']
EMA12 Changes (%): ['-0.007', '-0.039', '-0.047', '-0.057']
Price Changes (%): ['0.136', '-0.213', '-0.087', '-0.117']
Candle Analysis:
    Body Sizes (%): ['0.155', '0.262', '0.107', '0.136']
    Upper Shadows (%): ['0.146', '0.184', '0.214', '0.010']
    Lower Shadows (%): ['0.049', '0.048', '0.010', '0.049']
Volumes: [np.float64(2156.8), np.float64(698.3), np.float64(1080.2), np.float64(2029.2)]
2025-05-10 19:35:26,356 - INFO - 
2. Post-Cross Movement (30min):
5min Price Changes (%): []
Maximum Change: 0.000% after 0 minutes
Candle Analysis:
    Body Sizes (%): []
    Upper Shadows (%): []
    Lower Shadows (%): []
Volumes: []
==================================================
2025-05-10 19:40:02,953 - INFO - 
==================================================
EMA Cross Analysis - ZEN/USDT
Time: 2025-05-10 19:35:00+09:00
Type: dead
Cross Character (Current): Weak
Cross Character (New): Weak
Price at Cross: 10.255

1. Pre-Cross Pattern (15min):
EMA Distance Changes (%): ['0.069', '0.044', '0.017', '0.030']
EMA12 Changes (%): ['-0.007', '-0.039', '-0.047', '-0.087']
Price Changes (%): ['0.136', '-0.213', '-0.087', '-0.311']
Candle Analysis:
    Body Sizes (%): ['0.155', '0.262', '0.107', '0.330']
    Upper Shadows (%): ['0.146', '0.184', '0.214', '0.049']
    Lower Shadows (%): ['0.049', '0.048', '0.010', '0.097']
Volumes: [np.float64(2156.8), np.float64(698.3), np.float64(1080.2), np.float64(5923.8)]
2025-05-10 19:40:02,954 - INFO - 
2. Post-Cross Movement (30min):
5min Price Changes (%): ['-0.029']
Maximum Change: -0.029% after 5 minutes
Candle Analysis:
    Body Sizes (%): ['0.020']
    Upper Shadows (%): ['0.000']
    Lower Shadows (%): ['0.000']
Volumes: [np.float64(30.4)]
==================================================
2025-05-10 19:41:04,823 - INFO - 
==================================================
EMA Cross Analysis - DOGS/USDT
Time: 2025-05-10 19:40:00+09:00
Type: dead
Cross Character (Current): Strong
Cross Character (New): Weak
Price at Cross: 0.0002239

1. Pre-Cross Pattern (15min):
EMA Distance Changes (%): ['0.383', '0.282', '0.122', '0.025']
EMA12 Changes (%): ['-0.041', '-0.143', '-0.269', '-0.262']
Price Changes (%): ['-0.696', '-0.701', '-0.971', '-0.223']
Candle Analysis:
    Body Sizes (%): ['0.610', '0.701', '0.927', '0.178']
    Upper Shadows (%): ['0.392', '0.263', '0.044', '0.089']
    Lower Shadows (%): ['0.392', '0.175', '0.353', '0.401']
Volumes: [np.float64(2013558124.0), np.float64(905727912.0), np.float64(2161267103.0), np.float64(800268412.0)]
2025-05-10 19:41:04,823 - INFO - 
2. Post-Cross Movement (30min):
5min Price Changes (%): []
Maximum Change: 0.000% after 0 minutes
Candle Analysis:
    Body Sizes (%): []
    Upper Shadows (%): []
    Lower Shadows (%): []
Volumes: []
==================================================
2025-05-10 19:41:07,958 - INFO - 
==================================================
EMA Cross Analysis - ACX/USDT
Time: 2025-05-10 19:40:00+09:00
Type: dead
Cross Character (Current): Weak
Cross Character (New): Weak
Price at Cross: 0.255

1. Pre-Cross Pattern (15min):
EMA Distance Changes (%): ['0.038', '0.039', '0.008', '0.007']
EMA12 Changes (%): ['0.001', '0.007', '-0.054', '-0.028']
Price Changes (%): ['0.118', '0.039', '-0.391', '0.118']
Candle Analysis:
    Body Sizes (%): ['0.157', '0.039', '0.352', '0.157']
    Upper Shadows (%): ['0.157', '0.117', '0.078', '0.039']
    Lower Shadows (%): ['0.000', '0.078', '0.117', '0.079']
Volumes: [np.float64(31639.6), np.float64(40224.6), np.float64(195175.1), np.float64(51374.1)]
2025-05-10 19:41:07,958 - INFO - 
2. Post-Cross Movement (30min):
5min Price Changes (%): []
Maximum Change: 0.000% after 0 minutes
Candle Analysis:
    Body Sizes (%): []
    Upper Shadows (%): []
    Lower Shadows (%): []
Volumes: []
==================================================
2025-05-10 19:41:08,408 - INFO - 
==================================================
EMA Cross Analysis - POL/USDT
Time: 2025-05-10 19:40:00+09:00
Type: dead
Cross Character (Current): Weak
Cross Character (New): Weak
Price at Cross: 0.25942

1. Pre-Cross Pattern (15min):
EMA Distance Changes (%): ['0.011', '0.012', '0.008', '0.001']
EMA12 Changes (%): ['0.010', '0.003', '-0.005', '-0.017']
Price Changes (%): ['-0.115', '-0.035', '-0.050', '-0.081']
Candle Analysis:
    Body Sizes (%): ['0.119', '0.046', '0.039', '0.065']
    Upper Shadows (%): ['0.123', '0.215', '0.223', '0.096']
    Lower Shadows (%): ['0.058', '0.015', '0.104', '0.012']
Volumes: [np.float64(113870.0), np.float64(907040.0), np.float64(604828.0), np.float64(69352.0)]
2025-05-10 19:41:08,409 - INFO - 
2. Post-Cross Movement (30min):
5min Price Changes (%): []
Maximum Change: 0.000% after 0 minutes
Candle Analysis:
    Body Sizes (%): []
    Upper Shadows (%): []
    Lower Shadows (%): []
Volumes: []
==================================================
2025-05-10 19:41:10,148 - INFO - 
==================================================
EMA Cross Analysis - TNSR/USDT
Time: 2025-05-10 19:40:00+09:00
Type: dead
Cross Character (Current): Weak
Cross Character (New): Weak
Price at Cross: 0.1763

1. Pre-Cross Pattern (15min):
EMA Distance Changes (%): ['0.053', '0.053', '0.017', '0.039']
EMA12 Changes (%): ['0.030', '0.008', '-0.062', '-0.105']
Price Changes (%): ['0.000', '-0.112', '-0.450', '-0.339']
Candle Analysis:
    Body Sizes (%): ['0.056', '0.169', '0.450', '0.283']
    Upper Shadows (%): ['0.169', '0.056', '0.000', '0.057']
    Lower Shadows (%): ['0.056', '0.056', '0.281', '0.057']
Volumes: [np.float64(25829.8), np.float64(47513.7), np.float64(146131.2), np.float64(20562.9)]
2025-05-10 19:41:10,148 - INFO - 
2. Post-Cross Movement (30min):
5min Price Changes (%): []
Maximum Change: 0.000% after 0 minutes
Candle Analysis:
    Body Sizes (%): []
    Upper Shadows (%): []
    Lower Shadows (%): []
Volumes: []
==================================================
2025-05-10 19:41:13,632 - INFO - 
==================================================
EMA Cross Analysis - SUI/USDT
Time: 2025-05-10 19:40:00+09:00
Type: dead
Cross Character (Current): Weak
Cross Character (New): Weak
Price at Cross: 3.9613

1. Pre-Cross Pattern (15min):
EMA Distance Changes (%): ['0.049', '0.061', '0.026', '0.004']
EMA12 Changes (%): ['-0.002', '0.031', '-0.058', '-0.054']
Price Changes (%): ['-0.128', '0.211', '-0.547', '-0.030']
Candle Analysis:
    Body Sizes (%): ['0.126', '0.209', '0.547', '0.030']
    Upper Shadows (%): ['0.191', '0.136', '0.025', '0.033']
    Lower Shadows (%): ['0.068', '0.040', '0.013', '0.018']
Volumes: [np.float64(355092.6), np.float64(350574.0), np.float64(1176094.3), np.float64(119344.8)]
2025-05-10 19:41:13,632 - INFO - 
2. Post-Cross Movement (30min):
5min Price Changes (%): []
Maximum Change: 0.000% after 0 minutes
Candle Analysis:
    Body Sizes (%): []
    Upper Shadows (%): []
    Lower Shadows (%): []
Volumes: []
==================================================
2025-05-10 19:41:15,395 - INFO - 
==================================================
EMA Cross Analysis - BRETT/USDT
Time: 2025-05-10 19:35:00+09:00
Type: dead
Cross Character (Current): Weak
Cross Character (New): Weak
Price at Cross: 0.08159

1. Pre-Cross Pattern (15min):
EMA Distance Changes (%): ['0.005', '0.009', '0.043', '0.009']
EMA12 Changes (%): ['0.025', '-0.009', '0.099', '-0.094']
Price Changes (%): ['0.195', '-0.195', '0.695', '-1.151']
Candle Analysis:
    Body Sizes (%): ['0.183', '0.195', '0.695', '1.115']
    Upper Shadows (%): ['0.220', '0.244', '0.085', '0.061']
    Lower Shadows (%): ['0.000', '0.231', '0.012', '0.594']
Volumes: [np.float64(593805.0), np.float64(633939.0), np.float64(720264.0), np.float64(3010135.0)]
2025-05-10 19:41:15,396 - INFO - 
2. Post-Cross Movement (30min):
5min Price Changes (%): ['0.245']
Maximum Change: 0.245% after 5 minutes
Candle Analysis:
    Body Sizes (%): ['0.257']
    Upper Shadows (%): ['0.049']
    Lower Shadows (%): ['0.147']
Volumes: [np.float64(296639.0)]
==================================================
2025-05-10 19:45:45,805 - INFO - 
==================================================
EMA Cross Analysis - ACX/USDT
Time: 2025-05-10 19:40:00+09:00
Type: dead
Cross Character (Current): Weak
Cross Character (New): Weak
Price at Cross: 0.2549

1. Pre-Cross Pattern (15min):
EMA Distance Changes (%): ['0.038', '0.039', '0.008', '0.010']
EMA12 Changes (%): ['0.001', '0.007', '-0.054', '-0.034']
Price Changes (%): ['0.118', '0.039', '-0.391', '0.079']
Candle Analysis:
    Body Sizes (%): ['0.157', '0.039', '0.352', '0.118']
    Upper Shadows (%): ['0.157', '0.117', '0.078', '0.314']
    Lower Shadows (%): ['0.000', '0.078', '0.117', '0.079']
Volumes: [np.float64(31639.6), np.float64(40224.6), np.float64(195175.1), np.float64(96295.5)]
2025-05-10 19:45:45,806 - INFO - 
2. Post-Cross Movement (30min):
5min Price Changes (%): ['-0.039']
Maximum Change: -0.039% after 5 minutes
Candle Analysis:
    Body Sizes (%): ['0.000']
    Upper Shadows (%): ['0.157']
    Lower Shadows (%): ['0.000']
Volumes: [np.float64(6789.9)]
==================================================
2025-05-10 19:45:46,246 - INFO - 
==================================================
EMA Cross Analysis - POL/USDT
Time: 2025-05-10 19:40:00+09:00
Type: dead
Cross Character (Current): Weak
Cross Character (New): Weak
Price at Cross: 0.25927

1. Pre-Cross Pattern (15min):
EMA Distance Changes (%): ['0.011', '0.012', '0.008', '0.006']
EMA12 Changes (%): ['0.010', '0.003', '-0.005', '-0.025']
Price Changes (%): ['-0.115', '-0.035', '-0.050', '-0.139']
Candle Analysis:
    Body Sizes (%): ['0.119', '0.046', '0.039', '0.123']
    Upper Shadows (%): ['0.123', '0.215', '0.223', '0.327']
    Lower Shadows (%): ['0.058', '0.015', '0.104', '0.000']
Volumes: [np.float64(113870.0), np.float64(907040.0), np.float64(604828.0), np.float64(263667.0)]
2025-05-10 19:45:46,246 - INFO - 
2. Post-Cross Movement (30min):
5min Price Changes (%): ['0.189']
Maximum Change: 0.189% after 5 minutes
Candle Analysis:
    Body Sizes (%): ['0.189']
    Upper Shadows (%): ['0.000']
    Lower Shadows (%): ['0.000']
Volumes: [np.float64(22311.0)]
==================================================
2025-05-10 19:45:47,990 - INFO - 
==================================================
EMA Cross Analysis - TNSR/USDT
Time: 2025-05-10 19:40:00+09:00
Type: dead
Cross Character (Current): Weak
Cross Character (New): Weak
Price at Cross: 0.1766

1. Pre-Cross Pattern (15min):
EMA Distance Changes (%): ['0.053', '0.053', '0.017', '0.025']
EMA12 Changes (%): ['0.030', '0.008', '-0.062', '-0.079']
Price Changes (%): ['0.000', '-0.112', '-0.450', '-0.170']
Candle Analysis:
    Body Sizes (%): ['0.056', '0.169', '0.450', '0.113']
    Upper Shadows (%): ['0.169', '0.056', '0.000', '0.057']
    Lower Shadows (%): ['0.056', '0.056', '0.281', '0.283']
Volumes: [np.float64(25829.8), np.float64(47513.7), np.float64(146131.2), np.float64(49235.7)]
2025-05-10 19:45:47,990 - INFO - 
2. Post-Cross Movement (30min):
5min Price Changes (%): ['-0.057']
Maximum Change: -0.057% after 5 minutes
Candle Analysis:
    Body Sizes (%): ['0.000']
    Upper Shadows (%): ['0.113']
    Lower Shadows (%): ['0.057']
Volumes: [np.float64(19730.3)]
==================================================
2025-05-10 19:45:51,540 - INFO - 
==================================================
EMA Cross Analysis - SUI/USDT
Time: 2025-05-10 19:45:00+09:00
Type: dead
Cross Character (Current): Weak
Cross Character (New): Weak
Price at Cross: 3.9666

1. Pre-Cross Pattern (15min):
EMA Distance Changes (%): ['0.061', '0.026', '0.001', '0.013']
EMA12 Changes (%): ['0.031', '-0.058', '-0.044', '-0.027']
Price Changes (%): ['0.211', '-0.547', '0.035', '0.068']
Candle Analysis:
    Body Sizes (%): ['0.209', '0.547', '0.035', '0.071']
    Upper Shadows (%): ['0.136', '0.025', '0.336', '0.119']
    Lower Shadows (%): ['0.040', '0.013', '0.048', '0.005']
Volumes: [np.float64(350574.0), np.float64(1176094.3), np.float64(762810.7), np.float64(64946.9)]
2025-05-10 19:45:51,541 - INFO - 
2. Post-Cross Movement (30min):
5min Price Changes (%): []
Maximum Change: 0.000% after 0 minutes
Candle Analysis:
    Body Sizes (%): []
    Upper Shadows (%): []
    Lower Shadows (%): []
Volumes: []
==================================================
2025-05-10 19:50:30,102 - INFO - 
==================================================
EMA Cross Analysis - SUI/USDT
Time: 2025-05-10 19:45:00+09:00
Type: dead
Cross Character (Current): Weak
Cross Character (New): Weak
Price at Cross: 3.9558

1. Pre-Cross Pattern (15min):
EMA Distance Changes (%): ['0.061', '0.026', '0.001', '0.034']
EMA12 Changes (%): ['0.031', '-0.058', '-0.044', '-0.069']
Price Changes (%): ['0.211', '-0.547', '0.035', '-0.204']
Candle Analysis:
    Body Sizes (%): ['0.209', '0.547', '0.035', '0.202']
    Upper Shadows (%): ['0.136', '0.025', '0.336', '0.189']
    Lower Shadows (%): ['0.040', '0.013', '0.048', '0.320']
Volumes: [np.float64(350574.0), np.float64(1176094.3), np.float64(762810.7), np.float64(1331545.5)]
2025-05-10 19:50:30,102 - INFO - 
2. Post-Cross Movement (30min):
5min Price Changes (%): ['0.147']
Maximum Change: 0.147% after 5 minutes
Candle Analysis:
    Body Sizes (%): ['0.149']
    Upper Shadows (%): ['0.008']
    Lower Shadows (%): ['0.051']
Volumes: [np.float64(52179.1)]
==================================================
2025-05-10 19:55:08,182 - INFO - 
==================================================
EMA Cross Analysis - MOVE/USDT
Time: 2025-05-10 19:50:00+09:00
Type: dead
Cross Character (Current): Weak
Cross Character (New): Weak
Price at Cross: 0.1906

1. Pre-Cross Pattern (15min):
EMA Distance Changes (%): ['0.075', '0.063', '0.025', '0.019']
EMA12 Changes (%): ['-0.042', '-0.011', '-0.066', '-0.080']
Price Changes (%): ['-0.881', '0.157', '-0.365', '-0.157']
Candle Analysis:
    Body Sizes (%): ['0.881', '0.157', '0.417', '0.105']
    Upper Shadows (%): ['0.000', '0.470', '0.104', '0.314']
    Lower Shadows (%): ['0.000', '0.052', '0.313', '0.105']
Volumes: [np.float64(1521139.0), np.float64(536188.0), np.float64(865696.0), np.float64(872479.0)]
2025-05-10 19:55:08,182 - INFO - 
2. Post-Cross Movement (30min):
5min Price Changes (%): ['0.052']
Maximum Change: 0.052% after 5 minutes
Candle Analysis:
    Body Sizes (%): ['0.000']
    Upper Shadows (%): ['0.000']
    Lower Shadows (%): ['0.000']
Volumes: [np.float64(7810.0)]
==================================================
2025-05-10 19:55:08,613 - INFO - 
==================================================
EMA Cross Analysis - HIVE/USDT
Time: 2025-05-10 19:50:00+09:00
Type: dead
Cross Character (Current): Weak
Cross Character (New): Weak
Price at Cross: 0.26252

1. Pre-Cross Pattern (15min):
EMA Distance Changes (%): ['0.069', '0.054', '0.022', '0.004']
EMA12 Changes (%): ['-0.024', '-0.020', '-0.053', '-0.048']
Price Changes (%): ['-0.258', '0.004', '-0.232', '-0.023']
Candle Analysis:
    Body Sizes (%): ['0.314', '0.027', '0.232', '0.019']
    Upper Shadows (%): ['0.000', '0.201', '0.095', '0.716']
    Lower Shadows (%): ['0.064', '0.011', '0.182', '0.587']
Volumes: [np.float64(72141.0), np.float64(21738.0), np.float64(60364.0), np.float64(901108.0)]
2025-05-10 19:55:08,614 - INFO - 
2. Post-Cross Movement (30min):
5min Price Changes (%): ['0.069']
Maximum Change: 0.069% after 5 minutes
Candle Analysis:
    Body Sizes (%): ['0.046']
    Upper Shadows (%): ['0.000']
    Lower Shadows (%): ['0.000']
Volumes: [np.float64(3462.0)]
==================================================
2025-05-10 19:55:10,013 - INFO - 
==================================================
EMA Cross Analysis - 1000PEPE/USDT
Time: 2025-05-10 19:55:00+09:00
Type: dead
Cross Character (Current): Weak
Cross Character (New): Weak
Price at Cross: 0.0131293

1. Pre-Cross Pattern (15min):
EMA Distance Changes (%): ['0.098', '0.046', '0.018', '0.005']
EMA12 Changes (%): ['-0.004', '-0.086', '-0.047', '-0.041']
Price Changes (%): ['0.197', '-0.539', '0.168', '-0.008']
Candle Analysis:
    Body Sizes (%): ['0.198', '0.543', '0.177', '0.004']
    Upper Shadows (%): ['0.523', '0.312', '0.291', '0.027']
    Lower Shadows (%): ['0.155', '0.523', '0.100', '0.031']
Volumes: [np.float64(263255034.0), np.float64(672097288.0), np.float64(375700731.0), np.float64(6392963.0)]
2025-05-10 19:55:10,013 - INFO - 
2. Post-Cross Movement (30min):
5min Price Changes (%): []
Maximum Change: 0.000% after 0 minutes
Candle Analysis:
    Body Sizes (%): []
    Upper Shadows (%): []
    Lower Shadows (%): []
Volumes: []
==================================================
2025-05-10 20:00:49,298 - INFO - 
==================================================
EMA Cross Analysis - NEAR/USDT
Time: 2025-05-10 19:55:00+09:00
Type: dead
Cross Character (Current): Weak
Cross Character (New): Weak
Price at Cross: 2.969

1. Pre-Cross Pattern (15min):
EMA Distance Changes (%): ['0.114', '0.091', '0.070', '0.003']
EMA12 Changes (%): ['-0.032', '-0.027', '-0.028', '-0.131']
Price Changes (%): ['0.067', '0.000', '-0.033', '-0.702']
Candle Analysis:
    Body Sizes (%): ['0.100', '0.033', '0.000', '0.736']
    Upper Shadows (%): ['0.402', '0.167', '0.401', '0.067']
    Lower Shadows (%): ['0.100', '0.468', '0.134', '0.067']
Volumes: [np.float64(140154.0), np.float64(216857.0), np.float64(139059.0), np.float64(270418.0)]
2025-05-10 20:00:49,298 - INFO - 
2. Post-Cross Movement (30min):
5min Price Changes (%): ['0.067']
Maximum Change: 0.067% after 5 minutes
Candle Analysis:
    Body Sizes (%): ['0.067']
    Upper Shadows (%): ['0.067']
    Lower Shadows (%): ['0.101']
Volumes: [np.float64(34222.0)]
==================================================
2025-05-10 20:00:50,171 - INFO - 
==================================================
EMA Cross Analysis - 1000PEPE/USDT
Time: 2025-05-10 19:55:00+09:00
Type: dead
Cross Character (Current): Weak
Cross Character (New): Weak
Price at Cross: 0.0129795

1. Pre-Cross Pattern (15min):
EMA Distance Changes (%): ['0.098', '0.046', '0.018', '0.097']
EMA12 Changes (%): ['-0.004', '-0.086', '-0.047', '-0.216']
Price Changes (%): ['0.197', '-0.539', '0.168', '-1.149']
Candle Analysis:
    Body Sizes (%): ['0.198', '0.543', '0.177', '1.145']
    Upper Shadows (%): ['0.523', '0.312', '0.291', '0.027']
    Lower Shadows (%): ['0.155', '0.523', '0.100', '0.079']
Volumes: [np.float64(263255034.0), np.float64(672097288.0), np.float64(375700731.0), np.float64(844839068.0)]
2025-05-10 20:00:50,171 - INFO - 
2. Post-Cross Movement (30min):
5min Price Changes (%): ['0.237']
Maximum Change: 0.237% after 5 minutes
Candle Analysis:
    Body Sizes (%): ['0.237']
    Upper Shadows (%): ['0.106']
    Lower Shadows (%): ['0.005']
Volumes: [np.float64(208302709.0)]
==================================================
2025-05-10 20:00:51,477 - INFO - 
==================================================
EMA Cross Analysis - PHA/USDT
Time: 2025-05-10 20:00:00+09:00
Type: dead
Cross Character (Current): Weak
Cross Character (New): Weak
Price at Cross: 0.14181

1. Pre-Cross Pattern (15min):
EMA Distance Changes (%): ['0.073', '0.056', '0.022', '0.010']
EMA12 Changes (%): ['-0.033', '-0.023', '-0.058', '-0.057']
Price Changes (%): ['0.134', '0.035', '-0.253', '-0.049']
Candle Analysis:
    Body Sizes (%): ['0.148', '0.070', '0.260', '0.035']
    Upper Shadows (%): ['0.218', '0.394', '0.063', '0.042']
    Lower Shadows (%): ['0.162', '0.021', '0.169', '0.204']
Volumes: [np.float64(338913.0), np.float64(88681.0), np.float64(224724.0), np.float64(129593.0)]
2025-05-10 20:00:51,477 - INFO - 
2. Post-Cross Movement (30min):
5min Price Changes (%): []
Maximum Change: 0.000% after 0 minutes
Candle Analysis:
    Body Sizes (%): []
    Upper Shadows (%): []
    Lower Shadows (%): []
Volumes: []
==================================================
2025-05-10 20:00:52,347 - INFO - 
==================================================
EMA Cross Analysis - GALA/USDT
Time: 2025-05-10 19:55:00+09:00
Type: dead
Cross Character (Current): Weak
Cross Character (New): Weak
Price at Cross: 0.02

1. Pre-Cross Pattern (15min):
EMA Distance Changes (%): ['0.181', '0.139', '0.097', '0.021']
EMA12 Changes (%): ['-0.056', '-0.055', '-0.062', '-0.212']
Price Changes (%): ['-0.345', '-0.049', '-0.099', '-1.039']
Candle Analysis:
    Body Sizes (%): ['0.345', '0.099', '0.099', '1.088']
    Upper Shadows (%): ['0.295', '0.198', '0.247', '0.099']
    Lower Shadows (%): ['0.000', '0.494', '0.198', '0.000']
Volumes: [np.float64(10684098.0), np.float64(18355987.0), np.float64(10185808.0), np.float64(19270794.0)]
2025-05-10 20:00:52,348 - INFO - 
2. Post-Cross Movement (30min):
5min Price Changes (%): ['0.100']
Maximum Change: 0.100% after 5 minutes
Candle Analysis:
    Body Sizes (%): ['0.050']
    Upper Shadows (%): ['0.100']
    Lower Shadows (%): ['0.100']
Volumes: [np.float64(2502921.0)]
==================================================
2025-05-10 20:00:54,969 - INFO - 
==================================================
EMA Cross Analysis - RENDER/USDT
Time: 2025-05-10 20:00:00+09:00
Type: dead
Cross Character (Current): Weak
Cross Character (New): Weak
Price at Cross: 5.09

1. Pre-Cross Pattern (15min):
EMA Distance Changes (%): ['0.221', '0.173', '0.064', '0.027']
EMA12 Changes (%): ['-0.034', '-0.062', '-0.187', '-0.164']
Price Changes (%): ['-0.291', '-0.214', '-0.876', '-0.039']
Candle Analysis:
    Body Sizes (%): ['0.291', '0.214', '0.895', '0.020']
    Upper Shadows (%): ['0.194', '0.389', '0.039', '0.196']
    Lower Shadows (%): ['0.426', '0.019', '0.019', '0.000']
Volumes: [np.float64(95271.7), np.float64(48113.8), np.float64(81787.3), np.float64(13672.0)]
2025-05-10 20:00:54,969 - INFO - 
2. Post-Cross Movement (30min):
5min Price Changes (%): []
Maximum Change: 0.000% after 0 minutes
Candle Analysis:
    Body Sizes (%): []
    Upper Shadows (%): []
    Lower Shadows (%): []
Volumes: []
==================================================
2025-05-10 20:05:29,397 - INFO - 
==================================================
EMA Cross Analysis - LINK/USDT
Time: 2025-05-10 20:05:00+09:00
Type: dead
Cross Character (Current): Weak
Cross Character (New): Weak
Price at Cross: 16.213

1. Pre-Cross Pattern (15min):
EMA Distance Changes (%): ['0.159', '0.077', '0.012', '0.041']
EMA12 Changes (%): ['-0.016', '-0.136', '-0.114', '-0.100']
Price Changes (%): ['-0.256', '-0.801', '0.012', '-0.025']
Candle Analysis:
    Body Sizes (%): ['0.244', '0.807', '0.012', '0.006']
    Upper Shadows (%): ['0.269', '0.061', '0.142', '0.056']
    Lower Shadows (%): ['0.067', '0.018', '0.327', '0.049']
Volumes: [np.float64(91353.74), np.float64(176036.16), np.float64(148306.64), np.float64(5744.74)]
2025-05-10 20:05:29,397 - INFO - 
2. Post-Cross Movement (30min):
5min Price Changes (%): []
Maximum Change: 0.000% after 0 minutes
Candle Analysis:
    Body Sizes (%): []
    Upper Shadows (%): []
    Lower Shadows (%): []
Volumes: []
==================================================
2025-05-10 20:05:30,267 - INFO - 
==================================================
EMA Cross Analysis - PHA/USDT
Time: 2025-05-10 20:05:00+09:00
Type: dead
Cross Character (Current): Weak
Cross Character (New): Weak
Price at Cross: 0.14212

1. Pre-Cross Pattern (15min):
EMA Distance Changes (%): ['0.056', '0.022', '0.009', '0.002']
EMA12 Changes (%): ['-0.023', '-0.058', '-0.021', '-0.020']
Price Changes (%): ['0.035', '-0.253', '0.183', '-0.014']
Candle Analysis:
    Body Sizes (%): ['0.070', '0.260', '0.197', '0.028']
    Upper Shadows (%): ['0.394', '0.063', '0.204', '0.000']
    Lower Shadows (%): ['0.021', '0.169', '0.571', '0.056']
Volumes: [np.float64(88681.0), np.float64(224724.0), np.float64(523032.0), np.float64(14545.0)]
2025-05-10 20:05:30,267 - INFO - 
2. Post-Cross Movement (30min):
5min Price Changes (%): []
Maximum Change: 0.000% after 0 minutes
Candle Analysis:
    Body Sizes (%): []
    Upper Shadows (%): []
    Lower Shadows (%): []
Volumes: []
==================================================
2025-05-10 20:05:30,920 - INFO - 
==================================================
EMA Cross Analysis - XLM/USDT
Time: 2025-05-10 20:05:00+09:00
Type: dead
Cross Character (Current): Weak
Cross Character (New): Weak
Price at Cross: 0.30273

1. Pre-Cross Pattern (15min):
EMA Distance Changes (%): ['0.096', '0.047', '0.006', '0.019']
EMA12 Changes (%): ['-0.017', '-0.081', '-0.073', '-0.046']
Price Changes (%): ['-0.056', '-0.438', '-0.026', '0.103']
Candle Analysis:
    Body Sizes (%): ['0.056', '0.438', '0.020', '0.109']
    Upper Shadows (%): ['0.316', '0.046', '0.096', '0.003']
    Lower Shadows (%): ['0.086', '0.039', '0.489', '0.056']
Volumes: [np.float64(902908.0), np.float64(2629350.0), np.float64(3211783.0), np.float64(167357.0)]
2025-05-10 20:05:30,921 - INFO - 
2. Post-Cross Movement (30min):
5min Price Changes (%): []
Maximum Change: 0.000% after 0 minutes
Candle Analysis:
    Body Sizes (%): []
    Upper Shadows (%): []
    Lower Shadows (%): []
Volumes: []
==================================================
2025-05-10 20:05:33,755 - INFO - 
==================================================
EMA Cross Analysis - RENDER/USDT
Time: 2025-05-10 20:00:00+09:00
Type: dead
Cross Character (Current): Weak
Cross Character (New): Weak
Price at Cross: 5.091

1. Pre-Cross Pattern (15min):
EMA Distance Changes (%): ['0.221', '0.173', '0.064', '0.026']
EMA12 Changes (%): ['-0.034', '-0.062', '-0.187', '-0.161']
Price Changes (%): ['-0.291', '-0.214', '-0.876', '-0.020']
Candle Analysis:
    Body Sizes (%): ['0.291', '0.214', '0.895', '0.000']
    Upper Shadows (%): ['0.194', '0.389', '0.039', '0.196']
    Lower Shadows (%): ['0.426', '0.019', '0.019', '0.412']
Volumes: [np.float64(95271.7), np.float64(48113.8), np.float64(81787.3), np.float64(87496.0)]
2025-05-10 20:05:33,756 - INFO - 
2. Post-Cross Movement (30min):
5min Price Changes (%): ['0.098']
Maximum Change: 0.098% after 5 minutes
Candle Analysis:
    Body Sizes (%): ['0.118']
    Upper Shadows (%): ['0.000']
    Lower Shadows (%): ['0.039']
Volumes: [np.float64(3427.7)]
==================================================
2025-05-10 20:10:08,066 - INFO - 
==================================================
EMA Cross Analysis - LINK/USDT
Time: 2025-05-10 20:05:00+09:00
Type: dead
Cross Character (Current): Weak
Cross Character (New): Weak
Price at Cross: 16.26

1. Pre-Cross Pattern (15min):
EMA Distance Changes (%): ['0.159', '0.077', '0.012', '0.018']
EMA12 Changes (%): ['-0.016', '-0.136', '-0.114', '-0.056']
Price Changes (%): ['-0.256', '-0.801', '0.012', '0.265']
Candle Analysis:
    Body Sizes (%): ['0.244', '0.807', '0.012', '0.284']
    Upper Shadows (%): ['0.269', '0.061', '0.142', '0.025']
    Lower Shadows (%): ['0.067', '0.018', '0.327', '0.056']
Volumes: [np.float64(91353.74), np.float64(176036.16), np.float64(148306.64), np.float64(80740.26)]
2025-05-10 20:10:08,066 - INFO - 
2. Post-Cross Movement (30min):
5min Price Changes (%): ['-0.025']
Maximum Change: -0.025% after 5 minutes
Candle Analysis:
    Body Sizes (%): ['0.018']
    Upper Shadows (%): ['0.000']
    Lower Shadows (%): ['0.006']
Volumes: [np.float64(2316.71)]
==================================================
2025-05-10 20:10:14,756 - INFO - 
==================================================
EMA Cross Analysis - COW/USDT
Time: 2025-05-10 20:10:00+09:00
Type: dead
Cross Character (Current): Weak
Cross Character (New): Weak
Price at Cross: 0.3643

1. Pre-Cross Pattern (15min):
EMA Distance Changes (%): ['0.173', '0.082', '0.030', '0.025']
EMA12 Changes (%): ['-0.085', '-0.151', '-0.086', '-0.102']
Price Changes (%): ['-0.733', '-0.519', '0.275', '-0.192']
Candle Analysis:
    Body Sizes (%): ['0.759', '0.574', '0.302', '0.164']
    Upper Shadows (%): ['0.108', '0.137', '0.082', '0.000']
    Lower Shadows (%): ['0.000', '0.382', '0.082', '0.000']
Volumes: [np.float64(215273.0), np.float64(341740.0), np.float64(128636.0), np.float64(4010.0)]
2025-05-10 20:10:14,756 - INFO - 
2. Post-Cross Movement (30min):
5min Price Changes (%): []
Maximum Change: 0.000% after 0 minutes
Candle Analysis:
    Body Sizes (%): []
    Upper Shadows (%): []
    Lower Shadows (%): []
Volumes: []
==================================================
2025-05-10 20:15:55,260 - INFO - 
==================================================
EMA Cross Analysis - FXS/USDT
Time: 2025-05-10 20:10:00+09:00
Type: dead
Cross Character (Current): Weak
Cross Character (New): Weak
Price at Cross: 2.5255

1. Pre-Cross Pattern (15min):
EMA Distance Changes (%): ['0.033', '0.017', '0.004', '0.040']
EMA12 Changes (%): ['-0.044', '-0.026', '-0.024', '-0.082']
Price Changes (%): ['-0.189', '0.075', '-0.012', '-0.406']
Candle Analysis:
    Body Sizes (%): ['0.087', '0.079', '0.024', '0.414']
    Upper Shadows (%): ['0.347', '0.055', '0.205', '0.741']
    Lower Shadows (%): ['0.000', '0.260', '0.154', '0.331']
Volumes: [np.float64(13707.9), np.float64(7353.8), np.float64(2774.4), np.float64(124267.0)]
2025-05-10 20:15:55,260 - INFO - 
2. Post-Cross Movement (30min):
5min Price Changes (%): ['0.804']
Maximum Change: 0.804% after 5 minutes
Candle Analysis:
    Body Sizes (%): ['0.744']
    Upper Shadows (%): ['0.091']
    Lower Shadows (%): ['0.079']
Volumes: [np.float64(41121.6)]
==================================================
2025-05-10 20:15:55,696 - INFO - 
==================================================
EMA Cross Analysis - ACX/USDT
Time: 2025-05-10 20:15:00+09:00
Type: golden
Cross Character (Current): Weak
Cross Character (New): Weak
Price at Cross: 0.2573

1. Pre-Cross Pattern (15min):
EMA Distance Changes (%): ['0.118', '0.070', '0.004', '0.059']
EMA12 Changes (%): ['-0.027', '0.074', '0.117', '0.123']
Price Changes (%): ['0.355', '0.629', '0.352', '0.156']
Candle Analysis:
    Body Sizes (%): ['0.315', '0.629', '0.391', '0.078']
    Upper Shadows (%): ['0.000', '0.000', '0.000', '0.000']
    Lower Shadows (%): ['0.039', '0.000', '0.117', '0.078']
Volumes: [np.float64(137490.3), np.float64(38888.5), np.float64(58078.6), np.float64(8468.1)]
2025-05-10 20:15:55,696 - INFO - 
2. Post-Cross Movement (30min):
5min Price Changes (%): []
Maximum Change: 0.000% after 0 minutes
Candle Analysis:
    Body Sizes (%): []
    Upper Shadows (%): []
    Lower Shadows (%): []
Volumes: []
==================================================
2025-05-10 20:15:57,890 - INFO - 
==================================================
EMA Cross Analysis - TNSR/USDT
Time: 2025-05-10 20:15:00+09:00
Type: golden
Cross Character (Current): Weak
Cross Character (New): Weak
Price at Cross: 0.1791

1. Pre-Cross Pattern (15min):
EMA Distance Changes (%): ['0.163', '0.110', '0.006', '0.076']
EMA12 Changes (%): ['-0.063', '0.077', '0.187', '0.158']
Price Changes (%): ['0.228', '0.851', '0.788', '0.000']
Candle Analysis:
    Body Sizes (%): ['0.285', '0.794', '0.901', '0.056']
    Upper Shadows (%): ['0.057', '0.000', '0.056', '0.056']
    Lower Shadows (%): ['0.114', '0.113', '0.000', '0.056']
Volumes: [np.float64(106641.4), np.float64(58859.1), np.float64(124682.8), np.float64(25037.5)]
2025-05-10 20:15:57,890 - INFO - 
2. Post-Cross Movement (30min):
5min Price Changes (%): []
Maximum Change: 0.000% after 0 minutes
Candle Analysis:
    Body Sizes (%): []
    Upper Shadows (%): []
    Lower Shadows (%): []
Volumes: []
==================================================
2025-05-10 20:16:02,551 - INFO - 
==================================================
EMA Cross Analysis - COW/USDT
Time: 2025-05-10 20:15:00+09:00
Type: dead
Cross Character (Current): Weak
Cross Character (New): Weak
Price at Cross: 0.3653

1. Pre-Cross Pattern (15min):
EMA Distance Changes (%): ['0.082', '0.030', '0.008', '0.021']
EMA12 Changes (%): ['-0.151', '-0.086', '-0.040', '-0.054']
Price Changes (%): ['-0.519', '0.275', '0.219', '-0.137']
Candle Analysis:
    Body Sizes (%): ['0.574', '0.302', '0.247', '0.164']
    Upper Shadows (%): ['0.137', '0.082', '0.027', '0.000']
    Lower Shadows (%): ['0.382', '0.082', '0.219', '0.055']
Volumes: [np.float64(341740.0), np.float64(128636.0), np.float64(74405.0), np.float64(9485.0)]
2025-05-10 20:16:02,552 - INFO - 
2. Post-Cross Movement (30min):
5min Price Changes (%): []
Maximum Change: 0.000% after 0 minutes
Candle Analysis:
    Body Sizes (%): []
    Upper Shadows (%): []
    Lower Shadows (%): []
Volumes: []
==================================================
2025-05-10 20:20:36,462 - INFO - 
==================================================
EMA Cross Analysis - XLM/USDT
Time: 2025-05-10 20:15:00+09:00
Type: dead
Cross Character (Current): Weak
Cross Character (New): Weak
Price at Cross: 0.30249

1. Pre-Cross Pattern (15min):
EMA Distance Changes (%): ['0.006', '0.003', '0.005', '0.025']
EMA12 Changes (%): ['-0.073', '-0.005', '0.006', '-0.058']
Price Changes (%): ['-0.026', '0.370', '0.066', '-0.412']
Candle Analysis:
    Body Sizes (%): ['0.020', '0.377', '0.082', '0.412']
    Upper Shadows (%): ['0.096', '0.020', '0.049', '0.089']
    Lower Shadows (%): ['0.489', '0.056', '0.168', '0.161']
Volumes: [np.float64(3211783.0), np.float64(1333126.0), np.float64(525454.0), np.float64(725967.0)]
2025-05-10 20:20:36,462 - INFO - 
2. Post-Cross Movement (30min):
5min Price Changes (%): ['-0.195']
Maximum Change: -0.195% after 5 minutes
Candle Analysis:
    Body Sizes (%): ['0.192']
    Upper Shadows (%): ['0.000']
    Lower Shadows (%): ['0.000']
Volumes: [np.float64(223209.0)]
==================================================
2025-05-10 20:20:36,901 - INFO - 
==================================================
EMA Cross Analysis - TNSR/USDT
Time: 2025-05-10 20:15:00+09:00
Type: golden
Cross Character (Current): Weak
Cross Character (New): Weak
Price at Cross: 0.1784

1. Pre-Cross Pattern (15min):
EMA Distance Changes (%): ['0.163', '0.110', '0.006', '0.045']
EMA12 Changes (%): ['-0.063', '0.077', '0.187', '0.097']
Price Changes (%): ['0.228', '0.851', '0.788', '-0.391']
Candle Analysis:
    Body Sizes (%): ['0.285', '0.794', '0.901', '0.446']
    Upper Shadows (%): ['0.057', '0.000', '0.056', '0.056']
    Lower Shadows (%): ['0.114', '0.113', '0.000', '0.167']
Volumes: [np.float64(106641.4), np.float64(58859.1), np.float64(124682.8), np.float64(105586.3)]
2025-05-10 20:20:36,901 - INFO - 
2. Post-Cross Movement (30min):
5min Price Changes (%): ['0.280']
Maximum Change: 0.280% after 5 minutes
Candle Analysis:
    Body Sizes (%): ['0.280']
    Upper Shadows (%): ['0.056']
    Lower Shadows (%): ['0.056']
Volumes: [np.float64(6083.4)]
==================================================
2025-05-10 20:20:41,529 - INFO - 
==================================================
EMA Cross Analysis - COW/USDT
Time: 2025-05-10 20:15:00+09:00
Type: dead
Cross Character (Current): Weak
Cross Character (New): Weak
Price at Cross: 0.3638

1. Pre-Cross Pattern (15min):
EMA Distance Changes (%): ['0.082', '0.030', '0.008', '0.054']
EMA12 Changes (%): ['-0.151', '-0.086', '-0.040', '-0.117']
Price Changes (%): ['-0.519', '0.275', '0.219', '-0.547']
Candle Analysis:
    Body Sizes (%): ['0.574', '0.302', '0.247', '0.574']
    Upper Shadows (%): ['0.137', '0.082', '0.027', '0.000']
    Lower Shadows (%): ['0.382', '0.082', '0.219', '0.191']
Volumes: [np.float64(341740.0), np.float64(128636.0), np.float64(74405.0), np.float64(105904.0)]
2025-05-10 20:20:41,530 - INFO - 
2. Post-Cross Movement (30min):
5min Price Changes (%): ['-0.055']
Maximum Change: -0.055% after 5 minutes
Candle Analysis:
    Body Sizes (%): ['0.055']
    Upper Shadows (%): ['0.027']
    Lower Shadows (%): ['0.000']
Volumes: [np.float64(5125.0)]
==================================================
2025-05-10 20:20:41,962 - INFO - 
==================================================
EMA Cross Analysis - ONDOUSDT
Time: 2025-05-10 20:15:00+09:00
Type: dead
Cross Character (Current): Weak
Cross Character (New): Weak
Price at Cross: 1.0273

1. Pre-Cross Pattern (15min):
EMA Distance Changes (%): ['0.102', '0.089', '0.057', '0.022']
EMA12 Changes (%): ['-0.098', '-0.011', '-0.048', '-0.144']
Price Changes (%): ['0.184', '0.475', '-0.251', '-0.677']
Candle Analysis:
    Body Sizes (%): ['0.194', '0.485', '0.241', '0.677']
    Upper Shadows (%): ['0.078', '0.058', '0.029', '0.019']
    Lower Shadows (%): ['0.204', '0.058', '0.096', '0.280']
Volumes: [np.float64(1313522.5), np.float64(873866.3), np.float64(340133.3), np.float64(1241938.4)]
2025-05-10 20:20:41,962 - INFO - 
2. Post-Cross Movement (30min):
5min Price Changes (%): ['-0.136']
Maximum Change: -0.136% after 5 minutes
Candle Analysis:
    Body Sizes (%): ['0.146']
    Upper Shadows (%): ['0.000']
    Lower Shadows (%): ['0.000']
Volumes: [np.float64(69391.5)]
==================================================
2025-05-10 20:30:59,888 - INFO - 
==================================================
EMA Cross Analysis - ACX/USDT
Time: 2025-05-10 20:25:00+09:00
Type: golden
Cross Character (Current): Weak
Cross Character (New): Weak
Price at Cross: 0.2557

1. Pre-Cross Pattern (15min):
EMA Distance Changes (%): ['0.004', '0.006', '0.007', '0.008']
EMA12 Changes (%): ['0.117', '-0.004', '-0.003', '0.028']
Price Changes (%): ['0.352', '-0.662', '0.000', '0.196']
Candle Analysis:
    Body Sizes (%): ['0.391', '0.739', '0.000', '0.157']
    Upper Shadows (%): ['0.000', '0.078', '0.157', '0.000']
    Lower Shadows (%): ['0.117', '0.078', '0.196', '0.157']
Volumes: [np.float64(58078.6), np.float64(77000.0), np.float64(76232.4), np.float64(91384.9)]
2025-05-10 20:30:59,889 - INFO - 
2. Post-Cross Movement (30min):
5min Price Changes (%): ['-0.156']
Maximum Change: -0.156% after 5 minutes
Candle Analysis:
    Body Sizes (%): ['0.156']
    Upper Shadows (%): ['0.039']
    Lower Shadows (%): ['0.039']
Volumes: [np.float64(11882.1)]
==================================================
2025-05-10 20:31:01,416 - INFO - 
==================================================
EMA Cross Analysis - DOGE/USDT
Time: 2025-05-10 20:30:00+09:00
Type: dead
Cross Character (Current): Weak
Cross Character (New): Weak
Price at Cross: 0.22432

1. Pre-Cross Pattern (15min):
EMA Distance Changes (%): ['0.174', '0.135', '0.046', '0.037']
EMA12 Changes (%): ['-0.050', '-0.050', '-0.153', '-0.151']
Price Changes (%): ['-0.466', '-0.053', '-0.720', '-0.142']
Candle Analysis:
    Body Sizes (%): ['0.462', '0.053', '0.725', '0.138']
    Upper Shadows (%): ['0.048', '0.013', '0.133', '0.053']
    Lower Shadows (%): ['0.163', '0.194', '0.093', '0.134']
Volumes: [np.float64(37600068.0), np.float64(23246226.0), np.float64(62640615.0), np.float64(23839857.0)]
2025-05-10 20:31:01,417 - INFO - 
2. Post-Cross Movement (30min):
5min Price Changes (%): []
Maximum Change: 0.000% after 0 minutes
Candle Analysis:
    Body Sizes (%): []
    Upper Shadows (%): []
    Lower Shadows (%): []
Volumes: []
==================================================
2025-05-10 20:31:02,509 - INFO - 
==================================================
EMA Cross Analysis - DOT/USDT
Time: 2025-05-10 20:30:00+09:00
Type: dead
Cross Character (Current): Weak
Cross Character (New): Weak
Price at Cross: 5.09

1. Pre-Cross Pattern (15min):
EMA Distance Changes (%): ['0.154', '0.117', '0.061', '0.009']
EMA12 Changes (%): ['-0.054', '-0.049', '-0.092', '-0.126']
Price Changes (%): ['-0.736', '-0.020', '-0.332', '-0.313']
Candle Analysis:
    Body Sizes (%): ['0.755', '0.039', '0.351', '0.333']
    Upper Shadows (%): ['0.097', '0.156', '0.098', '0.000']
    Lower Shadows (%): ['0.213', '0.098', '0.078', '0.039']
Volumes: [np.float64(216341.8), np.float64(102034.2), np.float64(82072.5), np.float64(66154.2)]
2025-05-10 20:31:02,509 - INFO - 
2. Post-Cross Movement (30min):
5min Price Changes (%): []
Maximum Change: 0.000% after 0 minutes
Candle Analysis:
    Body Sizes (%): []
    Upper Shadows (%): []
    Lower Shadows (%): []
Volumes: []
==================================================
2025-05-10 20:31:03,909 - INFO - 
==================================================
EMA Cross Analysis - XRP/USDT
Time: 2025-05-10 20:30:00+09:00
Type: dead
Cross Character (Current): Weak
Cross Character (New): Weak
Price at Cross: 2.3782

1. Pre-Cross Pattern (15min):
EMA Distance Changes (%): ['0.122', '0.087', '0.027', '0.041']
EMA12 Changes (%): ['-0.077', '-0.051', '-0.103', '-0.126']
Price Changes (%): ['-0.416', '0.096', '-0.393', '-0.252']
Candle Analysis:
    Body Sizes (%): ['0.421', '0.096', '0.393', '0.252']
    Upper Shadows (%): ['0.062', '0.100', '0.033', '0.029']
    Lower Shadows (%): ['0.142', '0.146', '0.163', '0.050']
Volumes: [np.float64(4287972.6), np.float64(2783063.3), np.float64(3207750.5), np.float64(2363208.5)]
2025-05-10 20:31:03,910 - INFO - 
2. Post-Cross Movement (30min):
5min Price Changes (%): []
Maximum Change: 0.000% after 0 minutes
Candle Analysis:
    Body Sizes (%): []
    Upper Shadows (%): []
    Lower Shadows (%): []
Volumes: []
==================================================
2025-05-10 20:31:04,153 - INFO - 
==================================================
EMA Cross Analysis - ADA/USDT
Time: 2025-05-10 20:25:00+09:00
Type: dead
Cross Character (Current): Weak
Cross Character (New): Weak
Price at Cross: 0.7959

1. Pre-Cross Pattern (15min):
EMA Distance Changes (%): ['0.075', '0.042', '0.034', '0.010']
EMA12 Changes (%): ['0.019', '-0.053', '-0.010', '-0.078']
Price Changes (%): ['0.012', '-0.449', '0.226', '-0.450']
Candle Analysis:
    Body Sizes (%): ['0.012', '0.462', '0.226', '0.450']
    Upper Shadows (%): ['0.050', '0.087', '0.063', '0.050']
    Lower Shadows (%): ['0.187', '0.212', '0.188', '0.125']
Volumes: [np.float64(1641792.0), np.float64(2823353.0), np.float64(1710333.0), np.float64(1823987.0)]
2025-05-10 20:31:04,153 - INFO - 
2. Post-Cross Movement (30min):
5min Price Changes (%): ['-0.264']
Maximum Change: -0.264% after 5 minutes
Candle Analysis:
    Body Sizes (%): ['0.251']
    Upper Shadows (%): ['0.025']
    Lower Shadows (%): ['0.088']
Volumes: [np.float64(1002432.0)]
==================================================
2025-05-10 20:35:38,233 - INFO - 
==================================================
EMA Cross Analysis - ACX/USDT
Time: 2025-05-10 20:30:00+09:00
Type: dead
Cross Character (Current): Weak
Cross Character (New): Weak
Price at Cross: 0.2524

1. Pre-Cross Pattern (15min):
EMA Distance Changes (%): ['0.006', '0.007', '0.008', '0.085']
EMA12 Changes (%): ['-0.004', '-0.003', '0.028', '-0.176']
Price Changes (%): ['-0.662', '0.000', '0.196', '-1.291']
Candle Analysis:
    Body Sizes (%): ['0.739', '0.000', '0.157', '1.291']
    Upper Shadows (%): ['0.078', '0.157', '0.000', '0.039']
    Lower Shadows (%): ['0.078', '0.196', '0.157', '0.196']
Volumes: [np.float64(77000.0), np.float64(76232.4), np.float64(91384.9), np.float64(575917.5)]
2025-05-10 20:35:38,233 - INFO - 
2. Post-Cross Movement (30min):
5min Price Changes (%): ['-0.317']
Maximum Change: -0.317% after 5 minutes
Candle Analysis:
    Body Sizes (%): ['0.356']
    Upper Shadows (%): ['0.000']
    Lower Shadows (%): ['0.000']
Volumes: [np.float64(12529.5)]
==================================================
2025-05-10 20:35:39,754 - INFO - 
==================================================
EMA Cross Analysis - DOGE/USDT
Time: 2025-05-10 20:30:00+09:00
Type: dead
Cross Character (Current): Weak
Cross Character (New): Weak
Price at Cross: 0.22506

1. Pre-Cross Pattern (15min):
EMA Distance Changes (%): ['0.174', '0.135', '0.046', '0.011']
EMA12 Changes (%): ['-0.050', '-0.050', '-0.153', '-0.101']
Price Changes (%): ['-0.466', '-0.053', '-0.720', '0.187']
Candle Analysis:
    Body Sizes (%): ['0.462', '0.053', '0.725', '0.191']
    Upper Shadows (%): ['0.048', '0.013', '0.133', '0.049']
    Lower Shadows (%): ['0.163', '0.194', '0.093', '0.272']
Volumes: [np.float64(37600068.0), np.float64(23246226.0), np.float64(62640615.0), np.float64(51372197.0)]
2025-05-10 20:35:39,755 - INFO - 
2. Post-Cross Movement (30min):
5min Price Changes (%): ['-0.369']
Maximum Change: -0.369% after 5 minutes
Candle Analysis:
    Body Sizes (%): ['0.364']
    Upper Shadows (%): ['0.018']
    Lower Shadows (%): ['0.084']
Volumes: [np.float64(9969736.0)]
==================================================
2025-05-10 20:35:40,844 - INFO - 
==================================================
EMA Cross Analysis - DOT/USDT
Time: 2025-05-10 20:30:00+09:00
Type: dead
Cross Character (Current): Weak
Cross Character (New): Weak
Price at Cross: 5.085

1. Pre-Cross Pattern (15min):
EMA Distance Changes (%): ['0.154', '0.117', '0.061', '0.017']
EMA12 Changes (%): ['-0.054', '-0.049', '-0.092', '-0.141']
Price Changes (%): ['-0.736', '-0.020', '-0.332', '-0.411']
Candle Analysis:
    Body Sizes (%): ['0.755', '0.039', '0.351', '0.431']
    Upper Shadows (%): ['0.097', '0.156', '0.098', '0.000']
    Lower Shadows (%): ['0.213', '0.098', '0.078', '0.196']
Volumes: [np.float64(216341.8), np.float64(102034.2), np.float64(82072.5), np.float64(286709.9)]
2025-05-10 20:35:40,844 - INFO - 
2. Post-Cross Movement (30min):
5min Price Changes (%): ['-0.393']
Maximum Change: -0.393% after 5 minutes
Candle Analysis:
    Body Sizes (%): ['0.413']
    Upper Shadows (%): ['0.020']
    Lower Shadows (%): ['0.059']
Volumes: [np.float64(40393.6)]
==================================================
2025-05-10 20:35:42,150 - INFO - 
==================================================
EMA Cross Analysis - XRP/USDT
Time: 2025-05-10 20:30:00+09:00
Type: dead
Cross Character (Current): Weak
Cross Character (New): Weak
Price at Cross: 2.3813

1. Pre-Cross Pattern (15min):
EMA Distance Changes (%): ['0.122', '0.087', '0.027', '0.030']
EMA12 Changes (%): ['-0.077', '-0.051', '-0.103', '-0.106']
Price Changes (%): ['-0.416', '0.096', '-0.393', '-0.122']
Candle Analysis:
    Body Sizes (%): ['0.421', '0.096', '0.393', '0.122']
    Upper Shadows (%): ['0.062', '0.100', '0.033', '0.029']
    Lower Shadows (%): ['0.142', '0.146', '0.163', '0.239']
Volumes: [np.float64(4287972.6), np.float64(2783063.3), np.float64(3207750.5), np.float64(4971544.3)]
2025-05-10 20:35:42,150 - INFO - 
2. Post-Cross Movement (30min):
5min Price Changes (%): ['-0.193']
Maximum Change: -0.193% after 5 minutes
Candle Analysis:
    Body Sizes (%): ['0.189']
    Upper Shadows (%): ['0.004']
    Lower Shadows (%): ['0.084']
Volumes: [np.float64(746667.8)]
==================================================
2025-05-10 20:35:44,136 - INFO - 
==================================================
EMA Cross Analysis - AVAX/USDT
Time: 2025-05-10 20:35:00+09:00
Type: dead
Cross Character (Current): Weak
Cross Character (New): Weak
Price at Cross: 24.127

1. Pre-Cross Pattern (15min):
EMA Distance Changes (%): ['0.192', '0.104', '0.021', '0.069']
EMA12 Changes (%): ['-0.084', '-0.144', '-0.143', '-0.169']
Price Changes (%): ['0.099', '-0.476', '-0.136', '-0.314']
Candle Analysis:
    Body Sizes (%): ['0.103', '0.489', '0.132', '0.310']
    Upper Shadows (%): ['0.099', '0.152', '0.004', '0.021']
    Lower Shadows (%): ['0.226', '0.070', '0.264', '0.095']
Volumes: [np.float64(46320.0), np.float64(39994.0), np.float64(85019.0), np.float64(15491.0)]
2025-05-10 20:35:44,136 - INFO - 
2. Post-Cross Movement (30min):
5min Price Changes (%): []
Maximum Change: 0.000% after 0 minutes
Candle Analysis:
    Body Sizes (%): []
    Upper Shadows (%): []
    Lower Shadows (%): []
Volumes: []
==================================================
2025-05-10 20:40:17,364 - INFO - 
==================================================
EMA Cross Analysis - PHA/USDT
Time: 2025-05-10 20:40:00+09:00
Type: dead
Cross Character (Current): Weak
Cross Character (New): Weak
Price at Cross: 0.14196

1. Pre-Cross Pattern (15min):
EMA Distance Changes (%): ['0.051', '0.041', '0.013', '0.011']
EMA12 Changes (%): ['-0.016', '-0.012', '-0.047', '-0.045']
Price Changes (%): ['-0.119', '0.007', '-0.239', '-0.035']
Candle Analysis:
    Body Sizes (%): ['0.182', '0.007', '0.211', '0.056']
    Upper Shadows (%): ['0.070', '0.211', '0.162', '0.021']
    Lower Shadows (%): ['0.238', '0.267', '0.077', '0.000']
Volumes: [np.float64(82535.0), np.float64(247292.0), np.float64(185863.0), np.float64(13299.0)]
2025-05-10 20:40:17,365 - INFO - 
2. Post-Cross Movement (30min):
5min Price Changes (%): []
Maximum Change: 0.000% after 0 minutes
Candle Analysis:
    Body Sizes (%): []
    Upper Shadows (%): []
    Lower Shadows (%): []
Volumes: []
==================================================
2025-05-10 20:40:22,197 - INFO - 
==================================================
EMA Cross Analysis - AVAX/USDT
Time: 2025-05-10 20:35:00+09:00
Type: dead
Cross Character (Current): Weak
Cross Character (New): Weak
Price at Cross: 24.122

1. Pre-Cross Pattern (15min):
EMA Distance Changes (%): ['0.192', '0.104', '0.021', '0.070']
EMA12 Changes (%): ['-0.084', '-0.144', '-0.143', '-0.172']
Price Changes (%): ['0.099', '-0.476', '-0.136', '-0.335']
Candle Analysis:
    Body Sizes (%): ['0.103', '0.489', '0.132', '0.331']
    Upper Shadows (%): ['0.099', '0.152', '0.004', '0.021']
    Lower Shadows (%): ['0.226', '0.070', '0.264', '0.074']
Volumes: [np.float64(46320.0), np.float64(39994.0), np.float64(85019.0), np.float64(57926.0)]
2025-05-10 20:40:22,197 - INFO - 
2. Post-Cross Movement (30min):
5min Price Changes (%): ['-0.083']
Maximum Change: -0.083% after 5 minutes
Candle Analysis:
    Body Sizes (%): ['0.087']
    Upper Shadows (%): ['0.029']
    Lower Shadows (%): ['0.000']
Volumes: [np.float64(5694.0)]
==================================================
2025-05-10 20:46:04,409 - INFO - 
==================================================
EMA Cross Analysis - PHA/USDT
Time: 2025-05-10 20:40:00+09:00
Type: dead
Cross Character (Current): Weak
Cross Character (New): Weak
Price at Cross: 0.14203

1. Pre-Cross Pattern (15min):
EMA Distance Changes (%): ['0.051', '0.041', '0.013', '0.007']
EMA12 Changes (%): ['-0.016', '-0.012', '-0.047', '-0.038']
Price Changes (%): ['-0.119', '0.007', '-0.239', '0.014']
Candle Analysis:
    Body Sizes (%): ['0.182', '0.007', '0.211', '0.007']
    Upper Shadows (%): ['0.070', '0.211', '0.162', '0.070']
    Lower Shadows (%): ['0.238', '0.267', '0.077', '0.155']
Volumes: [np.float64(82535.0), np.float64(247292.0), np.float64(185863.0), np.float64(426605.0)]
2025-05-10 20:46:04,409 - INFO - 
2. Post-Cross Movement (30min):
5min Price Changes (%): ['0.239']
Maximum Change: 0.239% after 5 minutes
Candle Analysis:
    Body Sizes (%): ['0.246']
    Upper Shadows (%): ['0.028']
    Lower Shadows (%): ['0.021']
Volumes: [np.float64(60175.0)]
==================================================
2025-05-10 20:50:40,700 - INFO - 
==================================================
EMA Cross Analysis - HIPPO/USDT
Time: 2025-05-10 20:50:00+09:00
Type: golden
Cross Character (Current): Weak
Cross Character (New): Weak
Price at Cross: 0.002849

1. Pre-Cross Pattern (15min):
EMA Distance Changes (%): ['0.216', '0.131', '0.052', '0.019']
EMA12 Changes (%): ['0.119', '0.133', '0.135', '0.130']
Price Changes (%): ['0.247', '0.212', '0.141', '0.105']
Candle Analysis:
    Body Sizes (%): ['0.247', '0.212', '0.141', '0.070']
    Upper Shadows (%): ['0.919', '0.212', '0.106', '0.211']
    Lower Shadows (%): ['0.000', '0.846', '0.598', '0.035']
Volumes: [np.float64(42474727.0), np.float64(35788076.0), np.float64(12728888.0), np.float64(2353066.0)]
2025-05-10 20:50:40,700 - INFO - 
2. Post-Cross Movement (30min):
5min Price Changes (%): []
Maximum Change: 0.000% after 0 minutes
Candle Analysis:
    Body Sizes (%): []
    Upper Shadows (%): []
    Lower Shadows (%): []
Volumes: []
==================================================
2025-05-10 20:50:42,658 - INFO - 
==================================================
EMA Cross Analysis - PHA/USDT
Time: 2025-05-10 20:45:00+09:00
Type: golden
Cross Character (Current): Weak
Cross Character (New): Weak
Price at Cross: 0.1431

1. Pre-Cross Pattern (15min):
EMA Distance Changes (%): ['0.041', '0.013', '0.007', '0.037']
EMA12 Changes (%): ['-0.012', '-0.047', '-0.038', '0.084']
Price Changes (%): ['0.007', '-0.239', '0.014', '0.753']
Candle Analysis:
    Body Sizes (%): ['0.007', '0.211', '0.007', '0.760']
    Upper Shadows (%): ['0.211', '0.162', '0.070', '0.000']
    Lower Shadows (%): ['0.267', '0.077', '0.155', '0.021']
Volumes: [np.float64(247292.0), np.float64(185863.0), np.float64(426605.0), np.float64(255218.0)]
2025-05-10 20:50:42,658 - INFO - 
2. Post-Cross Movement (30min):
5min Price Changes (%): ['-0.077']
Maximum Change: -0.077% after 5 minutes
Candle Analysis:
    Body Sizes (%): ['0.070']
    Upper Shadows (%): ['0.175']
    Lower Shadows (%): ['0.126']
Volumes: [np.float64(81878.0)]
==================================================
2025-05-10 20:55:18,904 - INFO - 
==================================================
EMA Cross Analysis - HIPPO/USDT
Time: 2025-05-10 20:50:00+09:00
Type: golden
Cross Character (Current): Weak
Cross Character (New): Weak
Price at Cross: 0.002854

1. Pre-Cross Pattern (15min):
EMA Distance Changes (%): ['0.216', '0.131', '0.052', '0.033']
EMA12 Changes (%): ['0.119', '0.133', '0.135', '0.157']
Price Changes (%): ['0.247', '0.212', '0.141', '0.281']
Candle Analysis:
    Body Sizes (%): ['0.247', '0.212', '0.141', '0.246']
    Upper Shadows (%): ['0.919', '0.212', '0.106', '0.421']
    Lower Shadows (%): ['0.000', '0.846', '0.598', '0.597']
Volumes: [np.float64(42474727.0), np.float64(35788076.0), np.float64(12728888.0), np.float64(35413793.0)]
2025-05-10 20:55:18,904 - INFO - 
2. Post-Cross Movement (30min):
5min Price Changes (%): ['0.105']
Maximum Change: 0.105% after 5 minutes
Candle Analysis:
    Body Sizes (%): ['0.035']
    Upper Shadows (%): ['0.245']
    Lower Shadows (%): ['0.070']
Volumes: [np.float64(3231137.0)]
==================================================
2025-05-10 20:57:37,888 - INFO - 
==================================================
EMA Cross Analysis - DOGS/USDT
Time: 2025-05-10 20:55:00+09:00
Type: golden
Cross Character (Current): Weak
Cross Character (New): Weak
Price at Cross: 0.0002311

1. Pre-Cross Pattern (15min):
EMA Distance Changes (%): ['0.197', '0.185', '0.096', '0.084']
EMA12 Changes (%): ['-0.243', '-0.009', '0.142', '0.338']
Price Changes (%): ['-1.197', '1.302', '0.975', '1.404']
Candle Analysis:
    Body Sizes (%): ['1.197', '1.256', '0.930', '1.404']
    Upper Shadows (%): ['0.133', '0.179', '0.399', '0.000']
    Lower Shadows (%): ['0.399', '0.045', '0.177', '0.263']
Volumes: [np.float64(2066259685.0), np.float64(2144684239.0), np.float64(1630922764.0), np.float64(1733678128.0)]
2025-05-10 20:57:37,888 - INFO - 
2. Post-Cross Movement (30min):
5min Price Changes (%): []
Maximum Change: 0.000% after 0 minutes
Candle Analysis:
    Body Sizes (%): []
    Upper Shadows (%): []
    Lower Shadows (%): []
Volumes: []
==================================================
2025-05-10 21:01:06,006 - INFO - 
==================================================
EMA Cross Analysis - DOGS/USDT
Time: 2025-05-10 20:55:00+09:00
Type: golden
Cross Character (Current): Weak
Cross Character (New): Weak
Price at Cross: 0.0002325

1. Pre-Cross Pattern (15min):
EMA Distance Changes (%): ['0.197', '0.185', '0.096', '0.131']
EMA12 Changes (%): ['-0.243', '-0.009', '0.142', '0.433']
Price Changes (%): ['-1.197', '1.302', '0.975', '2.018']
Candle Analysis:
    Body Sizes (%): ['1.197', '1.256', '0.930', '2.018']
    Upper Shadows (%): ['0.133', '0.179', '0.399', '0.176']
    Lower Shadows (%): ['0.399', '0.045', '0.177', '0.263']
Volumes: [np.float64(2066259685.0), np.float64(2144684239.0), np.float64(1630922764.0), np.float64(3465306424.0)]
2025-05-10 21:01:06,006 - INFO - 
2. Post-Cross Movement (30min):
5min Price Changes (%): ['-0.258']
Maximum Change: -0.258% after 5 minutes
Candle Analysis:
    Body Sizes (%): ['0.215']
    Upper Shadows (%): ['0.172']
    Lower Shadows (%): ['0.473']
Volumes: [np.float64(1340057335.0)]
==================================================
2025-05-10 21:05:45,376 - INFO - 
==================================================
EMA Cross Analysis - FXS/USDT
Time: 2025-05-10 21:05:00+09:00
Type: golden
Cross Character (Current): Weak
Cross Character (New): Weak
Price at Cross: 2.55

1. Pre-Cross Pattern (15min):
EMA Distance Changes (%): ['0.102', '0.067', '0.015', '0.033']
EMA12 Changes (%): ['0.072', '0.053', '0.091', '0.092']
Price Changes (%): ['0.451', '-0.051', '0.299', '0.098']
Candle Analysis:
    Body Sizes (%): ['0.431', '0.063', '0.299', '0.071']
    Upper Shadows (%): ['0.036', '0.043', '0.134', '0.000']
    Lower Shadows (%): ['0.000', '0.083', '0.035', '0.086']
Volumes: [np.float64(11803.4), np.float64(2071.2), np.float64(4555.0), np.float64(894.8)]
2025-05-10 21:05:45,376 - INFO - 
2. Post-Cross Movement (30min):
5min Price Changes (%): []
Maximum Change: 0.000% after 0 minutes
Candle Analysis:
    Body Sizes (%): []
    Upper Shadows (%): []
    Lower Shadows (%): []
Volumes: []
==================================================
2025-05-10 21:10:23,023 - INFO - 
==================================================
EMA Cross Analysis - FXS/USDT
Time: 2025-05-10 21:05:00+09:00
Type: golden
Cross Character (Current): Weak
Cross Character (New): Weak
Price at Cross: 2.5424

1. Pre-Cross Pattern (15min):
EMA Distance Changes (%): ['0.102', '0.067', '0.015', '0.009']
EMA12 Changes (%): ['0.072', '0.053', '0.091', '0.046']
Price Changes (%): ['0.451', '-0.051', '0.299', '-0.200']
Candle Analysis:
    Body Sizes (%): ['0.431', '0.063', '0.299', '0.228']
    Upper Shadows (%): ['0.036', '0.043', '0.134', '0.192']
    Lower Shadows (%): ['0.000', '0.083', '0.035', '0.043']
Volumes: [np.float64(11803.4), np.float64(2071.2), np.float64(4555.0), np.float64(7615.5)]
2025-05-10 21:10:23,023 - INFO - 
2. Post-Cross Movement (30min):
5min Price Changes (%): ['-0.028']
Maximum Change: -0.028% after 5 minutes
Candle Analysis:
    Body Sizes (%): ['0.055']
    Upper Shadows (%): ['0.000']
    Lower Shadows (%): ['0.004']
Volumes: [np.float64(201.3)]
==================================================
2025-05-10 21:16:12,432 - INFO - 
==================================================
EMA Cross Analysis - ACX/USDT
Time: 2025-05-10 21:10:00+09:00
Type: golden
Cross Character (Current): Weak
Cross Character (New): Weak
Price at Cross: 0.2567

1. Pre-Cross Pattern (15min):
EMA Distance Changes (%): ['0.276', '0.160', '0.078', '0.003']
EMA12 Changes (%): ['0.059', '0.183', '0.137', '0.146']
Price Changes (%): ['0.673', '0.865', '-0.117', '0.195']
Candle Analysis:
    Body Sizes (%): ['0.633', '0.905', '0.117', '0.234']
    Upper Shadows (%): ['0.475', '0.157', '0.351', '0.156']
    Lower Shadows (%): ['0.198', '0.000', '0.078', '0.078']
Volumes: [np.float64(358586.4), np.float64(248605.7), np.float64(131840.0), np.float64(107093.7)]
2025-05-10 21:16:12,433 - INFO - 
2. Post-Cross Movement (30min):
5min Price Changes (%): ['0.195']
Maximum Change: 0.195% after 5 minutes
Candle Analysis:
    Body Sizes (%): ['0.195']
    Upper Shadows (%): ['0.234']
    Lower Shadows (%): ['0.000']
Volumes: [np.float64(36456.2)]
==================================================
2025-05-10 21:20:47,558 - INFO - 
==================================================
EMA Cross Analysis - HIPPO/USDT
Time: 2025-05-10 21:20:00+09:00
Type: dead
Cross Character (Current): Weak
Cross Character (New): Weak
Price at Cross: 0.002795

1. Pre-Cross Pattern (15min):
EMA Distance Changes (%): ['0.211', '0.123', '0.015', '0.091']
EMA12 Changes (%): ['0.006', '-0.141', '-0.190', '-0.199']
Price Changes (%): ['-0.699', '-0.950', '-0.462', '-0.250']
Candle Analysis:
    Body Sizes (%): ['0.733', '0.985', '0.497', '0.250']
    Upper Shadows (%): ['0.140', '0.070', '0.178', '0.036']
    Lower Shadows (%): ['0.210', '0.246', '0.675', '0.178']
Volumes: [np.float64(24168530.0), np.float64(25494343.0), np.float64(31989299.0), np.float64(3225035.0)]
2025-05-10 21:20:47,558 - INFO - 
2. Post-Cross Movement (30min):
5min Price Changes (%): []
Maximum Change: 0.000% after 0 minutes
Candle Analysis:
    Body Sizes (%): []
    Upper Shadows (%): []
    Lower Shadows (%): []
Volumes: []
==================================================
2025-05-10 21:20:50,610 - INFO - 
==================================================
EMA Cross Analysis - TNSR/USDT
Time: 2025-05-10 21:20:00+09:00
Type: dead
Cross Character (Current): Weak
Cross Character (New): Weak
Price at Cross: 0.1765

1. Pre-Cross Pattern (15min):
EMA Distance Changes (%): ['0.316', '0.190', '0.074', '0.018']
EMA12 Changes (%): ['-0.073', '-0.199', '-0.194', '-0.165']
Price Changes (%): ['-0.557', '-0.897', '-0.170', '0.000']
Candle Analysis:
    Body Sizes (%): ['0.502', '0.897', '0.113', '0.000']
    Upper Shadows (%): ['0.167', '0.168', '0.226', '0.113']
    Lower Shadows (%): ['0.000', '0.056', '0.396', '0.057']
Volumes: [np.float64(114785.7), np.float64(196786.6), np.float64(225073.6), np.float64(26018.2)]
2025-05-10 21:20:50,610 - INFO - 
2. Post-Cross Movement (30min):
5min Price Changes (%): []
Maximum Change: 0.000% after 0 minutes
Candle Analysis:
    Body Sizes (%): []
    Upper Shadows (%): []
    Lower Shadows (%): []
Volumes: []
==================================================
2025-05-10 21:25:24,950 - INFO - 
==================================================
EMA Cross Analysis - HIPPO/USDT
Time: 2025-05-10 21:20:00+09:00
Type: dead
Cross Character (Current): Weak
Cross Character (New): Weak
Price at Cross: 0.002796

1. Pre-Cross Pattern (15min):
EMA Distance Changes (%): ['0.211', '0.123', '0.015', '0.088']
EMA12 Changes (%): ['0.006', '-0.141', '-0.190', '-0.194']
Price Changes (%): ['-0.699', '-0.950', '-0.462', '-0.214']
Candle Analysis:
    Body Sizes (%): ['0.733', '0.985', '0.497', '0.214']
    Upper Shadows (%): ['0.140', '0.070', '0.178', '0.214']
    Lower Shadows (%): ['0.210', '0.246', '0.675', '0.214']
Volumes: [np.float64(24168530.0), np.float64(25494343.0), np.float64(31989299.0), np.float64(11202188.0)]
2025-05-10 21:25:24,950 - INFO - 
2. Post-Cross Movement (30min):
5min Price Changes (%): ['-0.107']
Maximum Change: -0.107% after 5 minutes
Candle Analysis:
    Body Sizes (%): ['0.107']
    Upper Shadows (%): ['0.000']
    Lower Shadows (%): ['0.000']
Volumes: [np.float64(232067.0)]
==================================================
2025-05-10 21:25:28,004 - INFO - 
==================================================
EMA Cross Analysis - TNSR/USDT
Time: 2025-05-10 21:20:00+09:00
Type: dead
Cross Character (Current): Weak
Cross Character (New): Weak
Price at Cross: 0.1768

1. Pre-Cross Pattern (15min):
EMA Distance Changes (%): ['0.316', '0.190', '0.074', '0.004']
EMA12 Changes (%): ['-0.073', '-0.199', '-0.194', '-0.139']
Price Changes (%): ['-0.557', '-0.897', '-0.170', '0.170']
Candle Analysis:
    Body Sizes (%): ['0.502', '0.897', '0.113', '0.170']
    Upper Shadows (%): ['0.167', '0.168', '0.226', '0.113']
    Lower Shadows (%): ['0.000', '0.056', '0.396', '0.453']
Volumes: [np.float64(114785.7), np.float64(196786.6), np.float64(225073.6), np.float64(180111.2)]
2025-05-10 21:25:28,004 - INFO - 
2. Post-Cross Movement (30min):
5min Price Changes (%): ['-0.170']
Maximum Change: -0.170% after 5 minutes
Candle Analysis:
    Body Sizes (%): ['0.170']
    Upper Shadows (%): ['0.000']
    Lower Shadows (%): ['0.000']
Volumes: [np.float64(8606.6)]
==================================================
2025-05-10 21:25:33,955 - INFO - 
==================================================
EMA Cross Analysis - VANA/USDT
Time: 2025-05-10 21:25:00+09:00
Type: golden
Cross Character (Current): Strong
Cross Character (New): Weak
Price at Cross: 6.79

1. Pre-Cross Pattern (15min):
EMA Distance Changes (%): ['0.254', '0.124', '0.012', '0.079']
EMA12 Changes (%): ['0.192', '0.215', '0.202', '0.175']
Price Changes (%): ['0.491', '0.340', '0.133', '0.029']
Candle Analysis:
    Body Sizes (%): ['0.476', '0.326', '0.118', '0.000']
    Upper Shadows (%): ['0.431', '0.015', '0.413', '0.118']
    Lower Shadows (%): ['0.119', '0.385', '0.265', '0.044']
Volumes: [np.float64(24895.96), np.float64(37034.18), np.float64(31905.25), np.float64(1916.7)]
2025-05-10 21:25:33,955 - INFO - 
2. Post-Cross Movement (30min):
5min Price Changes (%): []
Maximum Change: 0.000% after 0 minutes
Candle Analysis:
    Body Sizes (%): []
    Upper Shadows (%): []
    Lower Shadows (%): []
Volumes: []
==================================================
2025-05-10 21:30:03,430 - INFO - 
==================================================
EMA Cross Analysis - LINK/USDT
Time: 2025-05-10 21:30:00+09:00
Type: golden
Cross Character (Current): Weak
Cross Character (New): Weak
Price at Cross: 16.326

1. Pre-Cross Pattern (15min):
EMA Distance Changes (%): ['0.142', '0.082', '0.021', '0.025']
EMA12 Changes (%): ['0.077', '0.097', '0.105', '0.086']
Price Changes (%): ['-0.264', '0.203', '0.153', '-0.018']
Candle Analysis:
    Body Sizes (%): ['0.257', '0.209', '0.147', '0.012']
    Upper Shadows (%): ['0.153', '0.117', '0.117', '0.000']
    Lower Shadows (%): ['0.251', '0.191', '0.135', '0.000']
Volumes: [np.float64(67104.9), np.float64(57545.22), np.float64(55695.5), np.float64(189.61)]
2025-05-10 21:30:03,430 - INFO - 
2. Post-Cross Movement (30min):
5min Price Changes (%): []
Maximum Change: 0.000% after 0 minutes
Candle Analysis:
    Body Sizes (%): []
    Upper Shadows (%): []
    Lower Shadows (%): []
Volumes: []
==================================================
2025-05-10 21:30:07,148 - INFO - 
==================================================
EMA Cross Analysis - XRP/USDT
Time: 2025-05-10 21:30:00+09:00
Type: golden
Cross Character (Current): Weak
Cross Character (New): Weak
Price at Cross: 2.4011

1. Pre-Cross Pattern (15min):
EMA Distance Changes (%): ['0.093', '0.059', '0.017', '0.018']
EMA12 Changes (%): ['0.029', '0.052', '0.073', '0.064']
Price Changes (%): ['-0.046', '0.180', '0.188', '0.017']
Candle Analysis:
    Body Sizes (%): ['0.050', '0.180', '0.188', '0.012']
    Upper Shadows (%): ['0.134', '0.071', '0.096', '0.000']
    Lower Shadows (%): ['0.171', '0.092', '0.054', '0.025']
Volumes: [np.float64(2228938.3), np.float64(2017136.0), np.float64(3055264.6), np.float64(20518.6)]
2025-05-10 21:30:07,148 - INFO - 
2. Post-Cross Movement (30min):
5min Price Changes (%): []
Maximum Change: 0.000% after 0 minutes
Candle Analysis:
    Body Sizes (%): []
    Upper Shadows (%): []
    Lower Shadows (%): []
Volumes: []
==================================================
2025-05-10 21:30:11,398 - INFO - 
==================================================
EMA Cross Analysis - VANA/USDT
Time: 2025-05-10 21:25:00+09:00
Type: golden
Cross Character (Current): Strong
Cross Character (New): Weak
Price at Cross: 6.803

1. Pre-Cross Pattern (15min):
EMA Distance Changes (%): ['0.254', '0.124', '0.012', '0.094']
EMA12 Changes (%): ['0.192', '0.215', '0.202', '0.205']
Price Changes (%): ['0.491', '0.340', '0.133', '0.221']
Candle Analysis:
    Body Sizes (%): ['0.476', '0.326', '0.118', '0.191']
    Upper Shadows (%): ['0.431', '0.015', '0.413', '0.457']
    Lower Shadows (%): ['0.119', '0.385', '0.265', '0.044']
Volumes: [np.float64(24895.96), np.float64(37034.18), np.float64(31905.25), np.float64(23052.08)]
2025-05-10 21:30:11,398 - INFO - 
2. Post-Cross Movement (30min):
5min Price Changes (%): ['0.044']
Maximum Change: 0.044% after 5 minutes
Candle Analysis:
    Body Sizes (%): ['0.044']
    Upper Shadows (%): ['0.000']
    Lower Shadows (%): ['0.044']
Volumes: [np.float64(633.26)]
==================================================
2025-05-10 21:35:50,419 - INFO - 
==================================================
EMA Cross Analysis - LINK/USDT
Time: 2025-05-10 21:30:00+09:00
Type: golden
Cross Character (Current): Weak
Cross Character (New): Weak
Price at Cross: 16.331

1. Pre-Cross Pattern (15min):
EMA Distance Changes (%): ['0.142', '0.082', '0.021', '0.027']
EMA12 Changes (%): ['0.077', '0.097', '0.105', '0.091']
Price Changes (%): ['-0.264', '0.203', '0.153', '0.012']
Candle Analysis:
    Body Sizes (%): ['0.257', '0.209', '0.147', '0.018']
    Upper Shadows (%): ['0.153', '0.117', '0.117', '0.288']
    Lower Shadows (%): ['0.251', '0.191', '0.135', '0.012']
Volumes: [np.float64(67104.9), np.float64(57545.22), np.float64(55695.5), np.float64(93551.27)]
2025-05-10 21:35:50,420 - INFO - 
2. Post-Cross Movement (30min):
5min Price Changes (%): ['0.092']
Maximum Change: 0.092% after 5 minutes
Candle Analysis:
    Body Sizes (%): ['0.092']
    Upper Shadows (%): ['0.055']
    Lower Shadows (%): ['0.000']
Volumes: [np.float64(7092.69)]
==================================================
2025-05-10 21:35:54,139 - INFO - 
==================================================
EMA Cross Analysis - XRP/USDT
Time: 2025-05-10 21:30:00+09:00
Type: golden
Cross Character (Current): Weak
Cross Character (New): Weak
Price at Cross: 2.3992

1. Pre-Cross Pattern (15min):
EMA Distance Changes (%): ['0.093', '0.059', '0.017', '0.012']
EMA12 Changes (%): ['0.029', '0.052', '0.073', '0.052']
Price Changes (%): ['-0.046', '0.180', '0.188', '-0.062']
Candle Analysis:
    Body Sizes (%): ['0.050', '0.180', '0.188', '0.067']
    Upper Shadows (%): ['0.134', '0.071', '0.096', '0.104']
    Lower Shadows (%): ['0.171', '0.092', '0.054', '0.037']
Volumes: [np.float64(2228938.3), np.float64(2017136.0), np.float64(3055264.6), np.float64(1714212.7)]
2025-05-10 21:35:54,140 - INFO - 
2. Post-Cross Movement (30min):
5min Price Changes (%): ['0.000']
Maximum Change: 0.000% after 0 minutes
Candle Analysis:
    Body Sizes (%): ['0.000']
    Upper Shadows (%): ['0.046']
    Lower Shadows (%): ['0.042']
Volumes: [np.float64(339174.3)]
==================================================
2025-05-10 21:35:54,356 - INFO - 
==================================================
EMA Cross Analysis - ADA/USDT
Time: 2025-05-10 21:35:00+09:00
Type: golden
Cross Character (Current): Weak
Cross Character (New): Weak
Price at Cross: 0.7999

1. Pre-Cross Pattern (15min):
EMA Distance Changes (%): ['0.106', '0.056', '0.014', '0.017']
EMA12 Changes (%): ['0.075', '0.083', '0.072', '0.059']
Price Changes (%): ['0.201', '0.125', '0.013', '-0.012']
Candle Analysis:
    Body Sizes (%): ['0.201', '0.113', '0.013', '0.025']
    Upper Shadows (%): ['0.088', '0.100', '0.175', '0.075']
    Lower Shadows (%): ['0.151', '0.100', '0.038', '0.000']
Volumes: [np.float64(1552914.0), np.float64(1785159.0), np.float64(1942970.0), np.float64(155694.0)]
2025-05-10 21:35:54,356 - INFO - 
2. Post-Cross Movement (30min):
5min Price Changes (%): []
Maximum Change: 0.000% after 0 minutes
Candle Analysis:
    Body Sizes (%): []
    Upper Shadows (%): []
    Lower Shadows (%): []
Volumes: []
==================================================
2025-05-10 21:35:55,029 - INFO - 
==================================================
EMA Cross Analysis - PENGU/USDT
Time: 2025-05-10 21:35:00+09:00
Type: golden
Cross Character (Current): Strong
Cross Character (New): Weak
Price at Cross: 0.014035

1. Pre-Cross Pattern (15min):
EMA Distance Changes (%): ['0.326', '0.232', '0.088', '0.031']
EMA12 Changes (%): ['0.131', '0.134', '0.246', '0.220']
Price Changes (%): ['0.609', '0.151', '0.856', '0.078']
Candle Analysis:
    Body Sizes (%): ['0.601', '0.166', '0.863', '0.078']
    Upper Shadows (%): ['0.167', '0.418', '0.137', '0.057']
    Lower Shadows (%): ['0.217', '0.072', '0.036', '0.100']
Volumes: [np.float64(25787679.0), np.float64(29940523.0), np.float64(35871934.0), np.float64(4636247.0)]
2025-05-10 21:35:55,029 - INFO - 
2. Post-Cross Movement (30min):
5min Price Changes (%): []
Maximum Change: 0.000% after 0 minutes
Candle Analysis:
    Body Sizes (%): []
    Upper Shadows (%): []
    Lower Shadows (%): []
Volumes: []
==================================================
2025-05-10 21:45:06,530 - INFO - 
==================================================
EMA Cross Analysis - PHA/USDT
Time: 2025-05-10 21:45:00+09:00
Type: dead
Cross Character (Current): Weak
Cross Character (New): Weak
Price at Cross: 0.14186

1. Pre-Cross Pattern (15min):
EMA Distance Changes (%): ['0.074', '0.062', '0.013', '0.026']
EMA12 Changes (%): ['0.020', '-0.013', '-0.085', '-0.074']
Price Changes (%): ['0.246', '-0.196', '-0.484', '-0.014']
Candle Analysis:
    Body Sizes (%): ['0.147', '0.175', '0.519', '0.000']
    Upper Shadows (%): ['0.273', '0.210', '0.077', '0.000']
    Lower Shadows (%): ['0.014', '0.070', '0.035', '0.070']
Volumes: [np.float64(86645.0), np.float64(82098.0), np.float64(102053.0), np.float64(26273.0)]
2025-05-10 21:45:06,530 - INFO - 
2. Post-Cross Movement (30min):
5min Price Changes (%): []
Maximum Change: 0.000% after 0 minutes
Candle Analysis:
    Body Sizes (%): []
    Upper Shadows (%): []
    Lower Shadows (%): []
Volumes: []
==================================================
2025-05-10 21:50:53,306 - INFO - 
==================================================
EMA Cross Analysis - PHA/USDT
Time: 2025-05-10 21:45:00+09:00
Type: dead
Cross Character (Current): Weak
Cross Character (New): Weak
Price at Cross: 0.14212

1. Pre-Cross Pattern (15min):
EMA Distance Changes (%): ['0.074', '0.062', '0.013', '0.012']
EMA12 Changes (%): ['0.020', '-0.013', '-0.085', '-0.046']
Price Changes (%): ['0.246', '-0.196', '-0.484', '0.169']
Candle Analysis:
    Body Sizes (%): ['0.147', '0.175', '0.519', '0.183']
    Upper Shadows (%): ['0.273', '0.210', '0.077', '0.254']
    Lower Shadows (%): ['0.014', '0.070', '0.035', '0.070']
Volumes: [np.float64(86645.0), np.float64(82098.0), np.float64(102053.0), np.float64(236017.0)]
2025-05-10 21:50:53,306 - INFO - 
2. Post-Cross Movement (30min):
5min Price Changes (%): ['0.204']
Maximum Change: 0.204% after 5 minutes
Candle Analysis:
    Body Sizes (%): ['0.225']
    Upper Shadows (%): ['0.014']
    Lower Shadows (%): ['0.000']
Volumes: [np.float64(4164.0)]
==================================================
2025-05-10 21:50:58,161 - INFO - 
==================================================
EMA Cross Analysis - AVAX/USDT
Time: 2025-05-10 21:50:00+09:00
Type: golden
Cross Character (Current): Weak
Cross Character (New): Weak
Price at Cross: 24.403

1. Pre-Cross Pattern (15min):
EMA Distance Changes (%): ['0.043', '0.044', '0.034', '0.004']
EMA12 Changes (%): ['0.005', '-0.009', '0.013', '0.069']
Price Changes (%): ['-0.222', '-0.086', '0.136', '0.378']
Candle Analysis:
    Body Sizes (%): ['0.234', '0.066', '0.128', '0.374']
    Upper Shadows (%): ['0.181', '0.231', '0.173', '0.058']
    Lower Shadows (%): ['0.086', '0.078', '0.099', '0.000']
Volumes: [np.float64(36494.0), np.float64(38663.0), np.float64(24552.0), np.float64(4587.0)]
2025-05-10 21:50:58,161 - INFO - 
2. Post-Cross Movement (30min):
5min Price Changes (%): []
Maximum Change: 0.000% after 0 minutes
Candle Analysis:
    Body Sizes (%): []
    Upper Shadows (%): []
    Lower Shadows (%): []
Volumes: []
==================================================
2025-05-10 21:55:33,939 - INFO - 
==================================================
EMA Cross Analysis - ADA/USDT
Time: 2025-05-10 21:50:00+09:00
Type: golden
Cross Character (Current): Weak
Cross Character (New): Weak
Price at Cross: 0.7998

1. Pre-Cross Pattern (15min):
EMA Distance Changes (%): ['0.015', '0.032', '0.021', '0.012']
EMA12 Changes (%): ['-0.003', '-0.035', '0.017', '0.060']
Price Changes (%): ['-0.413', '-0.213', '0.302', '0.301']
Candle Analysis:
    Body Sizes (%): ['0.425', '0.201', '0.315', '0.301']
    Upper Shadows (%): ['0.075', '0.264', '0.226', '0.038']
    Lower Shadows (%): ['0.025', '0.063', '0.025', '0.013']
Volumes: [np.float64(1347402.0), np.float64(2983437.0), np.float64(1699617.0), np.float64(1004986.0)]
2025-05-10 21:55:33,940 - INFO - 
2. Post-Cross Movement (30min):
5min Price Changes (%): ['-0.025']
Maximum Change: -0.025% after 5 minutes
Candle Analysis:
    Body Sizes (%): ['0.025']
    Upper Shadows (%): ['0.025']
    Lower Shadows (%): ['0.038']
Volumes: [np.float64(160707.0)]
==================================================
2025-05-10 21:55:34,592 - INFO - 
==================================================
EMA Cross Analysis - PENGU/USDT
Time: 2025-05-10 21:55:00+09:00
Type: golden
Cross Character (Current): Weak
Cross Character (New): Weak
Price at Cross: 0.01393

1. Pre-Cross Pattern (15min):
EMA Distance Changes (%): ['0.084', '0.081', '0.013', '0.033']
EMA12 Changes (%): ['-0.044', '-0.006', '0.119', '0.088']
Price Changes (%): ['-0.462', '0.203', '0.810', '-0.086']
Candle Analysis:
    Body Sizes (%): ['0.447', '0.203', '0.810', '0.086']
    Upper Shadows (%): ['0.462', '0.152', '0.116', '0.194']
    Lower Shadows (%): ['0.007', '0.210', '0.022', '0.007']
Volumes: [np.float64(23739550.0), np.float64(28350163.0), np.float64(20736358.0), np.float64(2966811.0)]
2025-05-10 21:55:34,592 - INFO - 
2. Post-Cross Movement (30min):
5min Price Changes (%): []
Maximum Change: 0.000% after 0 minutes
Candle Analysis:
    Body Sizes (%): []
    Upper Shadows (%): []
    Lower Shadows (%): []
Volumes: []
==================================================
2025-05-10 21:55:35,709 - INFO - 
==================================================
EMA Cross Analysis - AVAX/USDT
Time: 2025-05-10 21:50:00+09:00
Type: golden
Cross Character (Current): Weak
Cross Character (New): Weak
Price at Cross: 24.42

1. Pre-Cross Pattern (15min):
EMA Distance Changes (%): ['0.043', '0.044', '0.034', '0.010']
EMA12 Changes (%): ['0.005', '-0.009', '0.013', '0.080']
Price Changes (%): ['-0.222', '-0.086', '0.136', '0.448']
Candle Analysis:
    Body Sizes (%): ['0.234', '0.066', '0.128', '0.444']
    Upper Shadows (%): ['0.181', '0.231', '0.173', '0.053']
    Lower Shadows (%): ['0.086', '0.078', '0.099', '0.000']
Volumes: [np.float64(36494.0), np.float64(38663.0), np.float64(24552.0), np.float64(28817.0)]
2025-05-10 21:55:35,709 - INFO - 
2. Post-Cross Movement (30min):
5min Price Changes (%): ['0.106']
Maximum Change: 0.106% after 5 minutes
Candle Analysis:
    Body Sizes (%): ['0.106']
    Upper Shadows (%): ['0.000']
    Lower Shadows (%): ['0.000']
Volumes: [np.float64(1493.0)]
==================================================
2025-05-10 21:55:38,148 - INFO - 
==================================================
EMA Cross Analysis - MELANIA/USDT
Time: 2025-05-10 21:55:00+09:00
Type: golden
Cross Character (Current): Weak
Cross Character (New): Weak
Price at Cross: 0.3669

1. Pre-Cross Pattern (15min):
EMA Distance Changes (%): ['0.193', '0.163', '0.059', '0.010']
EMA12 Changes (%): ['0.047', '0.031', '0.175', '0.126']
Price Changes (%): ['-0.192', '-0.055', '0.962', '-0.136']
Candle Analysis:
    Body Sizes (%): ['0.192', '0.055', '0.934', '0.109']
    Upper Shadows (%): ['0.164', '0.247', '0.385', '0.000']
    Lower Shadows (%): ['0.027', '0.577', '0.000', '0.054']
Volumes: [np.float64(271536.88), np.float64(338572.52), np.float64(307128.7), np.float64(60281.85)]
2025-05-10 21:55:38,148 - INFO - 
2. Post-Cross Movement (30min):
5min Price Changes (%): []
Maximum Change: 0.000% after 0 minutes
Candle Analysis:
    Body Sizes (%): []
    Upper Shadows (%): []
    Lower Shadows (%): []
Volumes: []
==================================================
2025-05-10 22:00:11,749 - INFO - 
==================================================
EMA Cross Analysis - RENDER/USDT
Time: 2025-05-10 22:00:00+09:00
Type: golden
Cross Character (Current): Weak
Cross Character (New): Weak
Price at Cross: 5.124

1. Pre-Cross Pattern (15min):
EMA Distance Changes (%): ['0.175', '0.106', '0.029', '0.035']
EMA12 Changes (%): ['0.021', '0.109', '0.134', '0.119']
Price Changes (%): ['0.178', '0.591', '0.274', '0.039']
Candle Analysis:
    Body Sizes (%): ['0.197', '0.591', '0.254', '0.039']
    Upper Shadows (%): ['0.237', '0.020', '0.020', '0.039']
    Lower Shadows (%): ['0.178', '0.059', '0.020', '0.020']
Volumes: [np.float64(28932.1), np.float64(22400.1), np.float64(22424.3), np.float64(5314.2)]
2025-05-10 22:00:11,749 - INFO - 
2. Post-Cross Movement (30min):
5min Price Changes (%): []
Maximum Change: 0.000% after 0 minutes
Candle Analysis:
    Body Sizes (%): []
    Upper Shadows (%): []
    Lower Shadows (%): []
Volumes: []
==================================================
2025-05-10 22:00:15,548 - INFO - 
==================================================
EMA Cross Analysis - MELANIA/USDT
Time: 2025-05-10 22:00:00+09:00
Type: golden
Cross Character (Current): Weak
Cross Character (New): Weak
Price at Cross: 0.3663

1. Pre-Cross Pattern (15min):
EMA Distance Changes (%): ['0.163', '0.059', '0.010', '0.036']
EMA12 Changes (%): ['0.031', '0.175', '0.088', '0.087']
Price Changes (%): ['-0.055', '0.962', '-0.381', '0.082']
Candle Analysis:
    Body Sizes (%): ['0.055', '0.934', '0.354', '0.109']
    Upper Shadows (%): ['0.247', '0.385', '0.000', '0.027']
    Lower Shadows (%): ['0.577', '0.000', '0.191', '0.000']
Volumes: [np.float64(338572.52), np.float64(307128.7), np.float64(163360.37), np.float64(24526.85)]
2025-05-10 22:00:15,549 - INFO - 
2. Post-Cross Movement (30min):
5min Price Changes (%): []
Maximum Change: 0.000% after 0 minutes
Candle Analysis:
    Body Sizes (%): []
    Upper Shadows (%): []
    Lower Shadows (%): []
Volumes: []
==================================================
2025-05-10 22:05:58,294 - INFO - 
==================================================
EMA Cross Analysis - RENDER/USDT
Time: 2025-05-10 22:00:00+09:00
Type: golden
Cross Character (Current): Weak
Cross Character (New): Weak
Price at Cross: 5.136

1. Pre-Cross Pattern (15min):
EMA Distance Changes (%): ['0.175', '0.106', '0.029', '0.054']
EMA12 Changes (%): ['0.021', '0.109', '0.134', '0.156']
Price Changes (%): ['0.178', '0.591', '0.274', '0.273']
Candle Analysis:
    Body Sizes (%): ['0.197', '0.591', '0.254', '0.273']
    Upper Shadows (%): ['0.237', '0.020', '0.020', '0.195']
    Lower Shadows (%): ['0.178', '0.059', '0.020', '0.020']
Volumes: [np.float64(28932.1), np.float64(22400.1), np.float64(22424.3), np.float64(51790.8)]
2025-05-10 22:05:58,294 - INFO - 
2. Post-Cross Movement (30min):
5min Price Changes (%): ['0.078']
Maximum Change: 0.078% after 5 minutes
Candle Analysis:
    Body Sizes (%): ['0.058']
    Upper Shadows (%): ['0.078']
    Lower Shadows (%): ['0.000']
Volumes: [np.float64(10835.4)]
==================================================
2025-05-10 22:05:59,034 - INFO - 
==================================================
EMA Cross Analysis - ATA/USDT
Time: 2025-05-10 22:00:00+09:00
Type: golden
Cross Character (Current): Weak
Cross Character (New): Weak
Price at Cross: 0.0629

1. Pre-Cross Pattern (15min):
EMA Distance Changes (%): ['0.092', '0.054', '0.037', '0.015']
EMA12 Changes (%): ['-0.047', '0.059', '0.025', '0.095']
Price Changes (%): ['0.161', '0.642', '-0.159', '0.479']
Candle Analysis:
    Body Sizes (%): ['0.000', '0.481', '0.159', '0.479']
    Upper Shadows (%): ['0.321', '0.160', '0.159', '0.000']
    Lower Shadows (%): ['0.321', '0.000', '0.000', '0.000']
Volumes: [np.float64(233274.0), np.float64(58935.0), np.float64(93044.0), np.float64(133314.0)]
2025-05-10 22:05:59,034 - INFO - 
2. Post-Cross Movement (30min):
5min Price Changes (%): ['-0.159']
Maximum Change: -0.159% after 5 minutes
Candle Analysis:
    Body Sizes (%): ['0.000']
    Upper Shadows (%): ['0.159']
    Lower Shadows (%): ['0.159']
Volumes: [np.float64(29613.0)]
==================================================
2025-05-10 22:05:59,424 - INFO - 
==================================================
EMA Cross Analysis - SUI/USDT
Time: 2025-05-10 22:05:00+09:00
Type: golden
Cross Character (Current): Weak
Cross Character (New): Weak
Price at Cross: 3.9595

1. Pre-Cross Pattern (15min):
EMA Distance Changes (%): ['0.222', '0.121', '0.017', '0.079']
EMA12 Changes (%): ['0.096', '0.163', '0.186', '0.184']
Price Changes (%): ['0.500', '0.528', '0.312', '0.175']
Candle Analysis:
    Body Sizes (%): ['0.500', '0.531', '0.312', '0.175']
    Upper Shadows (%): ['0.110', '0.120', '0.426', '0.114']
    Lower Shadows (%): ['0.018', '0.000', '0.053', '0.003']
Volumes: [np.float64(1347240.4), np.float64(1724280.2), np.float64(5197330.0), np.float64(631832.0)]
2025-05-10 22:05:59,424 - INFO - 
2. Post-Cross Movement (30min):
5min Price Changes (%): []
Maximum Change: 0.000% after 0 minutes
Candle Analysis:
    Body Sizes (%): []
    Upper Shadows (%): []
    Lower Shadows (%): []
Volumes: []
==================================================
2025-05-10 22:06:00,511 - INFO - 
==================================================
EMA Cross Analysis - COW/USDT
Time: 2025-05-10 22:05:00+09:00
Type: golden
Cross Character (Current): Weak
Cross Character (New): Weak
Price at Cross: 0.3672

1. Pre-Cross Pattern (15min):
EMA Distance Changes (%): ['0.123', '0.077', '0.002', '0.064']
EMA12 Changes (%): ['0.058', '0.070', '0.135', '0.127']
Price Changes (%): ['0.635', '0.137', '0.493', '0.082']
Candle Analysis:
    Body Sizes (%): ['0.607', '0.110', '0.465', '0.082']
    Upper Shadows (%): ['0.083', '0.110', '0.055', '0.027']
    Lower Shadows (%): ['0.000', '0.027', '0.000', '0.027']
Volumes: [np.float64(47321.0), np.float64(115325.0), np.float64(67213.0), np.float64(24891.0)]
2025-05-10 22:06:00,511 - INFO - 
2. Post-Cross Movement (30min):
5min Price Changes (%): []
Maximum Change: 0.000% after 0 minutes
Candle Analysis:
    Body Sizes (%): []
    Upper Shadows (%): []
    Lower Shadows (%): []
Volumes: []
==================================================
2025-05-10 22:06:01,472 - INFO - 
==================================================
EMA Cross Analysis - BRETT/USDT
Time: 2025-05-10 22:00:00+09:00
Type: golden
Cross Character (Current): Weak
Cross Character (New): Weak
Price at Cross: 0.08152

1. Pre-Cross Pattern (15min):
EMA Distance Changes (%): ['0.089', '0.042', '0.004', '0.074']
EMA12 Changes (%): ['0.009', '0.077', '0.069', '0.151']
Price Changes (%): ['-0.074', '0.446', '0.025', '0.605']
Candle Analysis:
    Body Sizes (%): ['0.074', '0.421', '0.012', '0.592']
    Upper Shadows (%): ['0.297', '0.260', '0.123', '0.395']
    Lower Shadows (%): ['0.396', '0.000', '0.222', '0.111']
Volumes: [np.float64(507958.0), np.float64(328253.0), np.float64(398005.0), np.float64(1206035.0)]
2025-05-10 22:06:01,472 - INFO - 
2. Post-Cross Movement (30min):
5min Price Changes (%): ['0.086']
Maximum Change: 0.086% after 5 minutes
Candle Analysis:
    Body Sizes (%): ['0.074']
    Upper Shadows (%): ['0.012']
    Lower Shadows (%): ['0.037']
Volumes: [np.float64(33533.0)]
==================================================
2025-05-10 22:06:02,076 - INFO - 
==================================================
EMA Cross Analysis - MELANIA/USDT
Time: 2025-05-10 22:00:00+09:00
Type: golden
Cross Character (Current): Weak
Cross Character (New): Weak
Price at Cross: 0.3673

1. Pre-Cross Pattern (15min):
EMA Distance Changes (%): ['0.163', '0.059', '0.010', '0.058']
EMA12 Changes (%): ['0.031', '0.175', '0.088', '0.130']
Price Changes (%): ['-0.055', '0.962', '-0.381', '0.355']
Candle Analysis:
    Body Sizes (%): ['0.055', '0.934', '0.354', '0.383']
    Upper Shadows (%): ['0.247', '0.385', '0.000', '0.328']
    Lower Shadows (%): ['0.577', '0.000', '0.191', '0.000']
Volumes: [np.float64(338572.52), np.float64(307128.7), np.float64(163360.37), np.float64(309078.07)]
2025-05-10 22:06:02,076 - INFO - 
2. Post-Cross Movement (30min):
5min Price Changes (%): ['0.163']
Maximum Change: 0.163% after 5 minutes
Candle Analysis:
    Body Sizes (%): ['0.136']
    Upper Shadows (%): ['0.000']
    Lower Shadows (%): ['0.054']
Volumes: [np.float64(62600.72)]
==================================================
2025-05-10 22:10:32,562 - INFO - 
==================================================
EMA Cross Analysis - PHA/USDT
Time: 2025-05-10 22:05:00+09:00
Type: golden
Cross Character (Current): Weak
Cross Character (New): Weak
Price at Cross: 0.14266

1. Pre-Cross Pattern (15min):
EMA Distance Changes (%): ['0.008', '0.015', '0.003', '0.006']
EMA12 Changes (%): ['0.005', '-0.014', '0.022', '0.017']
Price Changes (%): ['0.288', '-0.119', '0.218', '-0.007']
Candle Analysis:
    Body Sizes (%): ['0.310', '0.133', '0.197', '0.021']
    Upper Shadows (%): ['0.007', '0.063', '0.190', '0.014']
    Lower Shadows (%): ['0.000', '0.084', '0.000', '0.210']
Volumes: [np.float64(79574.0), np.float64(24067.0), np.float64(138285.0), np.float64(36270.0)]
2025-05-10 22:10:32,563 - INFO - 
2. Post-Cross Movement (30min):
5min Price Changes (%): ['0.091']
Maximum Change: 0.091% after 5 minutes
Candle Analysis:
    Body Sizes (%): ['0.084']
    Upper Shadows (%): ['0.000']
    Lower Shadows (%): ['0.042']
Volumes: [np.float64(7529.0)]
==================================================
2025-05-10 22:10:33,013 - INFO - 
==================================================
EMA Cross Analysis - DOGE/USDT
Time: 2025-05-10 22:10:00+09:00
Type: golden
Cross Character (Current): Weak
Cross Character (New): Weak
Price at Cross: 0.22622

1. Pre-Cross Pattern (15min):
EMA Distance Changes (%): ['0.066', '0.033', '0.009', '0.029']
EMA12 Changes (%): ['0.043', '0.054', '0.043', '0.071']
Price Changes (%): ['-0.071', '0.115', '-0.018', '0.226']
Candle Analysis:
    Body Sizes (%): ['0.071', '0.111', '0.018', '0.230']
    Upper Shadows (%): ['0.031', '0.253', '0.164', '0.018']
    Lower Shadows (%): ['0.137', '0.018', '0.035', '0.000']
Volumes: [np.float64(11173108.0), np.float64(29694282.0), np.float64(12008280.0), np.float64(2332027.0)]
2025-05-10 22:10:33,013 - INFO - 
2. Post-Cross Movement (30min):
5min Price Changes (%): []
Maximum Change: 0.000% after 0 minutes
Candle Analysis:
    Body Sizes (%): []
    Upper Shadows (%): []
    Lower Shadows (%): []
Volumes: []
==================================================
2025-05-10 22:10:37,279 - INFO - 
==================================================
EMA Cross Analysis - SUI/USDT
Time: 2025-05-10 22:05:00+09:00
Type: golden
Cross Character (Current): Strong
Cross Character (New): Weak
Price at Cross: 3.9643

1. Pre-Cross Pattern (15min):
EMA Distance Changes (%): ['0.222', '0.121', '0.017', '0.089']
EMA12 Changes (%): ['0.096', '0.163', '0.186', '0.203']
Price Changes (%): ['0.500', '0.528', '0.312', '0.296']
Candle Analysis:
    Body Sizes (%): ['0.500', '0.531', '0.312', '0.296']
    Upper Shadows (%): ['0.110', '0.120', '0.426', '0.111']
    Lower Shadows (%): ['0.018', '0.000', '0.053', '0.005']
Volumes: [np.float64(1347240.4), np.float64(1724280.2), np.float64(5197330.0), np.float64(2336193.9)]
2025-05-10 22:10:37,279 - INFO - 
2. Post-Cross Movement (30min):
5min Price Changes (%): ['0.121']
Maximum Change: 0.121% after 5 minutes
Candle Analysis:
    Body Sizes (%): ['0.121']
    Upper Shadows (%): ['0.043']
    Lower Shadows (%): ['0.008']
Volumes: [np.float64(286303.6)]
==================================================
2025-05-10 22:15:10,358 - INFO - 
==================================================
EMA Cross Analysis - POL/USDT
Time: 2025-05-10 22:10:00+09:00
Type: golden
Cross Character (Current): Weak
Cross Character (New): Weak
Price at Cross: 0.25845

1. Pre-Cross Pattern (15min):
EMA Distance Changes (%): ['0.144', '0.091', '0.054', '0.010']
EMA12 Changes (%): ['0.032', '0.080', '0.059', '0.118']
Price Changes (%): ['-0.039', '0.347', '-0.058', '0.439']
Candle Analysis:
    Body Sizes (%): ['0.039', '0.355', '0.058', '0.420']
    Upper Shadows (%): ['0.078', '0.074', '0.054', '0.019']
    Lower Shadows (%): ['0.031', '0.062', '0.058', '0.008']
Volumes: [np.float64(105971.0), np.float64(313629.0), np.float64(129743.0), np.float64(523647.0)]
2025-05-10 22:15:10,358 - INFO - 
2. Post-Cross Movement (30min):
5min Price Changes (%): ['0.054']
Maximum Change: 0.054% after 5 minutes
Candle Analysis:
    Body Sizes (%): ['0.054']
    Upper Shadows (%): ['0.019']
    Lower Shadows (%): ['0.008']
Volumes: [np.float64(16848.0)]
==================================================
2025-05-10 22:15:10,813 - INFO - 
==================================================
EMA Cross Analysis - ATOM/USDT
Time: 2025-05-10 22:10:00+09:00
Type: dead
Cross Character (Current): Weak
Cross Character (New): Weak
Price at Cross: 5.008

1. Pre-Cross Pattern (15min):
EMA Distance Changes (%): ['0.070', '0.050', '0.028', '0.005']
EMA12 Changes (%): ['-0.049', '-0.029', '-0.034', '-0.059']
Price Changes (%): ['-0.159', '0.080', '-0.060', '-0.199']
Candle Analysis:
    Body Sizes (%): ['0.159', '0.080', '0.060', '0.199']
    Upper Shadows (%): ['0.100', '0.159', '0.100', '0.159']
    Lower Shadows (%): ['0.040', '0.060', '0.139', '0.020']
Volumes: [np.float64(23383.54), np.float64(52666.81), np.float64(37599.67), np.float64(24434.02)]
2025-05-10 22:15:10,813 - INFO - 
2. Post-Cross Movement (30min):
5min Price Changes (%): ['-0.020']
Maximum Change: -0.020% after 5 minutes
Candle Analysis:
    Body Sizes (%): ['0.020']
    Upper Shadows (%): ['0.020']
    Lower Shadows (%): ['0.000']
Volumes: [np.float64(1037.61)]
==================================================
2025-05-10 22:15:11,479 - INFO - 
==================================================
EMA Cross Analysis - DOGE/USDT
Time: 2025-05-10 22:10:00+09:00
Type: golden
Cross Character (Current): Weak
Cross Character (New): Weak
Price at Cross: 0.22566

1. Pre-Cross Pattern (15min):
EMA Distance Changes (%): ['0.066', '0.033', '0.009', '0.009']
EMA12 Changes (%): ['0.043', '0.054', '0.043', '0.033']
Price Changes (%): ['-0.071', '0.115', '-0.018', '-0.022']
Candle Analysis:
    Body Sizes (%): ['0.071', '0.111', '0.018', '0.018']
    Upper Shadows (%): ['0.031', '0.253', '0.164', '0.279']
    Lower Shadows (%): ['0.137', '0.018', '0.035', '0.089']
Volumes: [np.float64(11173108.0), np.float64(29694282.0), np.float64(12008280.0), np.float64(17140030.0)]
2025-05-10 22:15:11,479 - INFO - 
2. Post-Cross Movement (30min):
5min Price Changes (%): ['-0.044']
Maximum Change: -0.044% after 5 minutes
Candle Analysis:
    Body Sizes (%): ['0.044']
    Upper Shadows (%): ['0.022']
    Lower Shadows (%): ['0.000']
Volumes: [np.float64(497648.0)]
==================================================
2025-05-10 22:15:11,703 - INFO - 
==================================================
EMA Cross Analysis - XLM/USDT
Time: 2025-05-10 22:15:00+09:00
Type: golden
Cross Character (Current): Weak
Cross Character (New): Weak
Price at Cross: 0.30268

1. Pre-Cross Pattern (15min):
EMA Distance Changes (%): ['0.067', '0.047', '0.012', '0.017']
EMA12 Changes (%): ['0.068', '0.029', '0.062', '0.054']
Price Changes (%): ['0.136', '-0.185', '0.242', '0.013']
Candle Analysis:
    Body Sizes (%): ['0.142', '0.192', '0.248', '0.010']
    Upper Shadows (%): ['0.093', '0.010', '0.017', '0.000']
    Lower Shadows (%): ['0.000', '0.066', '0.000', '0.000']
Volumes: [np.float64(634457.0), np.float64(628632.0), np.float64(668007.0), np.float64(11072.0)]
2025-05-10 22:15:11,704 - INFO - 
2. Post-Cross Movement (30min):
5min Price Changes (%): []
Maximum Change: 0.000% after 0 minutes
Candle Analysis:
    Body Sizes (%): []
    Upper Shadows (%): []
    Lower Shadows (%): []
Volumes: []
==================================================
2025-05-10 22:15:16,660 - INFO - 
==================================================
EMA Cross Analysis - HIVE/USDT
Time: 2025-05-10 22:15:00+09:00
Type: golden
Cross Character (Current): Weak
Cross Character (New): Weak
Price at Cross: 0.26274

1. Pre-Cross Pattern (15min):
EMA Distance Changes (%): ['0.039', '0.035', '0.012', '0.010']
EMA12 Changes (%): ['0.020', '0.001', '0.040', '0.040']
Price Changes (%): ['0.073', '-0.099', '0.256', '0.038']
Candle Analysis:
    Body Sizes (%): ['0.103', '0.088', '0.267', '0.015']
    Upper Shadows (%): ['0.069', '0.015', '0.000', '0.027']
    Lower Shadows (%): ['0.000', '0.004', '0.000', '0.000']
Volumes: [np.float64(27548.0), np.float64(16730.0), np.float64(22778.0), np.float64(948.0)]
2025-05-10 22:15:16,660 - INFO - 
2. Post-Cross Movement (30min):
5min Price Changes (%): []
Maximum Change: 0.000% after 0 minutes
Candle Analysis:
    Body Sizes (%): []
    Upper Shadows (%): []
    Lower Shadows (%): []
Volumes: []
==================================================
2025-05-10 22:15:17,336 - INFO - 
==================================================
EMA Cross Analysis - ONDOUSDT
Time: 2025-05-10 22:15:00+09:00
Type: golden
Cross Character (Current): Weak
Cross Character (New): Weak
Price at Cross: 1.0333

1. Pre-Cross Pattern (15min):
EMA Distance Changes (%): ['0.116', '0.073', '0.006', '0.043']
EMA12 Changes (%): ['0.071', '0.066', '0.119', '0.094']
Price Changes (%): ['0.263', '0.039', '0.408', '-0.039']
Candle Analysis:
    Body Sizes (%): ['0.253', '0.039', '0.408', '0.039']
    Upper Shadows (%): ['0.302', '0.126', '0.087', '0.039']
    Lower Shadows (%): ['0.000', '0.126', '0.000', '0.000']
Volumes: [np.float64(348222.4), np.float64(483009.4), np.float64(445298.7), np.float64(18145.3)]
2025-05-10 22:15:17,336 - INFO - 
2. Post-Cross Movement (30min):
5min Price Changes (%): []
Maximum Change: 0.000% after 0 minutes
Candle Analysis:
    Body Sizes (%): []
    Upper Shadows (%): []
    Lower Shadows (%): []
Volumes: []
==================================================
2025-05-10 22:20:54,418 - INFO - 
==================================================
EMA Cross Analysis - TIA/USDT
Time: 2025-05-10 22:20:00+09:00
Type: golden
Cross Character (Current): Weak
Cross Character (New): Weak
Price at Cross: 3.159

1. Pre-Cross Pattern (15min):
EMA Distance Changes (%): ['0.195', '0.091', '0.040', '0.028']
EMA12 Changes (%): ['0.118', '0.174', '0.086', '0.127']
Price Changes (%): ['0.341', '0.477', '-0.392', '0.349']
Candle Analysis:
    Body Sizes (%): ['0.338', '0.477', '0.399', '0.349']
    Upper Shadows (%): ['0.182', '0.229', '0.016', '0.076']
    Lower Shadows (%): ['0.064', '0.000', '0.196', '0.003']
Volumes: [np.float64(201929.0), np.float64(234222.0), np.float64(355194.0), np.float64(90822.0)]
2025-05-10 22:20:54,418 - INFO - 
2. Post-Cross Movement (30min):
5min Price Changes (%): []
Maximum Change: 0.000% after 0 minutes
Candle Analysis:
    Body Sizes (%): []
    Upper Shadows (%): []
    Lower Shadows (%): []
Volumes: []
==================================================
2025-05-10 22:20:58,193 - INFO - 
==================================================
EMA Cross Analysis - PHA/USDT
Time: 2025-05-10 22:15:00+09:00
Type: dead
Cross Character (Current): Weak
Cross Character (New): Weak
Price at Cross: 0.14224

1. Pre-Cross Pattern (15min):
EMA Distance Changes (%): ['0.003', '0.006', '0.016', '0.003']
EMA12 Changes (%): ['0.022', '0.017', '0.019', '-0.034']
Price Changes (%): ['0.218', '-0.007', '0.028', '-0.322']
Candle Analysis:
    Body Sizes (%): ['0.197', '0.021', '0.021', '0.350']
    Upper Shadows (%): ['0.190', '0.014', '0.133', '0.000']
    Lower Shadows (%): ['0.000', '0.210', '0.042', '0.056']
Volumes: [np.float64(138285.0), np.float64(36270.0), np.float64(42608.0), np.float64(16683.0)]
2025-05-10 22:20:58,193 - INFO - 
2. Post-Cross Movement (30min):
5min Price Changes (%): ['0.176']
Maximum Change: 0.176% after 5 minutes
Candle Analysis:
    Body Sizes (%): ['0.169']
    Upper Shadows (%): ['0.000']
    Lower Shadows (%): ['0.000']
Volumes: [np.float64(5608.0)]
==================================================
2025-05-10 22:20:58,635 - INFO - 
==================================================
EMA Cross Analysis - DOGE/USDT
Time: 2025-05-10 22:15:00+09:00
Type: dead
Cross Character (Current): Weak
Cross Character (New): Weak
Price at Cross: 0.22495

1. Pre-Cross Pattern (15min):
EMA Distance Changes (%): ['0.033', '0.009', '0.009', '0.002']
EMA12 Changes (%): ['0.054', '0.043', '0.033', '-0.021']
Price Changes (%): ['0.115', '-0.018', '-0.022', '-0.315']
Candle Analysis:
    Body Sizes (%): ['0.111', '0.018', '0.018', '0.315']
    Upper Shadows (%): ['0.253', '0.164', '0.279', '0.022']
    Lower Shadows (%): ['0.018', '0.035', '0.089', '0.089']
Volumes: [np.float64(29694282.0), np.float64(12008280.0), np.float64(17140030.0), np.float64(17623837.0)]
2025-05-10 22:20:58,635 - INFO - 
2. Post-Cross Movement (30min):
5min Price Changes (%): ['0.164']
Maximum Change: 0.164% after 5 minutes
Candle Analysis:
    Body Sizes (%): ['0.160']
    Upper Shadows (%): ['0.027']
    Lower Shadows (%): ['0.000']
Volumes: [np.float64(4195700.0)]
==================================================
2025-05-10 22:21:04,452 - INFO - 
==================================================
EMA Cross Analysis - ONDOUSDT
Time: 2025-05-10 22:15:00+09:00
Type: golden
Cross Character (Current): Weak
Cross Character (New): Weak
Price at Cross: 1.0289

1. Pre-Cross Pattern (15min):
EMA Distance Changes (%): ['0.116', '0.073', '0.006', '0.009']
EMA12 Changes (%): ['0.071', '0.066', '0.119', '0.029']
Price Changes (%): ['0.263', '0.039', '0.408', '-0.464']
Candle Analysis:
    Body Sizes (%): ['0.253', '0.039', '0.408', '0.464']
    Upper Shadows (%): ['0.302', '0.126', '0.087', '0.039']
    Lower Shadows (%): ['0.000', '0.126', '0.000', '0.039']
Volumes: [np.float64(348222.4), np.float64(483009.4), np.float64(445298.7), np.float64(291560.5)]
2025-05-10 22:21:04,452 - INFO - 
2. Post-Cross Movement (30min):
5min Price Changes (%): ['0.068']
Maximum Change: 0.068% after 5 minutes
Candle Analysis:
    Body Sizes (%): ['0.049']
    Upper Shadows (%): ['0.029']
    Lower Shadows (%): ['0.068']
Volumes: [np.float64(54561.4)]
==================================================
2025-05-10 22:25:32,792 - INFO - 
==================================================
EMA Cross Analysis - TIA/USDT
Time: 2025-05-10 22:20:00+09:00
Type: golden
Cross Character (Current): Weak
Cross Character (New): Weak
Price at Cross: 3.1582

1. Pre-Cross Pattern (15min):
EMA Distance Changes (%): ['0.195', '0.091', '0.040', '0.026']
EMA12 Changes (%): ['0.118', '0.174', '0.086', '0.123']
Price Changes (%): ['0.341', '0.477', '-0.392', '0.324']
Candle Analysis:
    Body Sizes (%): ['0.338', '0.477', '0.399', '0.324']
    Upper Shadows (%): ['0.182', '0.229', '0.016', '0.254']
    Lower Shadows (%): ['0.064', '0.000', '0.196', '0.003']
Volumes: [np.float64(201929.0), np.float64(234222.0), np.float64(355194.0), np.float64(235986.0)]
2025-05-10 22:25:32,792 - INFO - 
2. Post-Cross Movement (30min):
5min Price Changes (%): ['0.032']
Maximum Change: 0.032% after 5 minutes
Candle Analysis:
    Body Sizes (%): ['0.025']
    Upper Shadows (%): ['0.066']
    Lower Shadows (%): ['0.038']
Volumes: [np.float64(12275.0)]
==================================================
2025-05-10 22:25:34,362 - INFO - 
==================================================
EMA Cross Analysis - NEAR/USDT
Time: 2025-05-10 22:25:00+09:00
Type: golden
Cross Character (Current): Weak
Cross Character (New): Weak
Price at Cross: 2.968

1. Pre-Cross Pattern (15min):
EMA Distance Changes (%): ['0.090', '0.053', '0.023', '0.012']
EMA12 Changes (%): ['0.107', '0.060', '0.050', '0.063']
Price Changes (%): ['0.304', '-0.202', '0.000', '0.135']
Candle Analysis:
    Body Sizes (%): ['0.304', '0.236', '0.000', '0.135']
    Upper Shadows (%): ['0.101', '0.000', '0.236', '0.000']
    Lower Shadows (%): ['0.000', '0.101', '0.067', '0.000']
Volumes: [np.float64(88250.0), np.float64(103998.0), np.float64(85820.0), np.float64(1763.0)]
2025-05-10 22:25:34,362 - INFO - 
2. Post-Cross Movement (30min):
5min Price Changes (%): []
Maximum Change: 0.000% after 0 minutes
Candle Analysis:
    Body Sizes (%): []
    Upper Shadows (%): []
    Lower Shadows (%): []
Volumes: []
==================================================
2025-05-10 22:30:12,412 - INFO - 
==================================================
EMA Cross Analysis - NEAR/USDT
Time: 2025-05-10 22:25:00+09:00
Type: golden
Cross Character (Current): Weak
Cross Character (New): Weak
Price at Cross: 2.973

1. Pre-Cross Pattern (15min):
EMA Distance Changes (%): ['0.090', '0.053', '0.023', '0.025']
EMA12 Changes (%): ['0.107', '0.060', '0.050', '0.089']
Price Changes (%): ['0.304', '-0.202', '0.000', '0.304']
Candle Analysis:
    Body Sizes (%): ['0.304', '0.236', '0.000', '0.304']
    Upper Shadows (%): ['0.101', '0.000', '0.236', '0.034']
    Lower Shadows (%): ['0.000', '0.101', '0.067', '0.000']
Volumes: [np.float64(88250.0), np.float64(103998.0), np.float64(85820.0), np.float64(58639.0)]
2025-05-10 22:30:12,412 - INFO - 
2. Post-Cross Movement (30min):
5min Price Changes (%): ['0.067']
Maximum Change: 0.067% after 5 minutes
Candle Analysis:
    Body Sizes (%): ['0.067']
    Upper Shadows (%): ['0.000']
    Lower Shadows (%): ['0.000']
Volumes: [np.float64(10579.0)]
==================================================
2025-05-10 22:30:15,290 - INFO - 
==================================================
EMA Cross Analysis - XLM/USDT
Time: 2025-05-10 22:25:00+09:00
Type: golden
Cross Character (Current): Weak
Cross Character (New): Weak
Price at Cross: 0.30262

1. Pre-Cross Pattern (15min):
EMA Distance Changes (%): ['0.012', '0.011', '0.008', '0.019']
EMA12 Changes (%): ['0.062', '-0.001', '0.005', '0.050']
Price Changes (%): ['0.242', '-0.344', '0.040', '0.298']
Candle Analysis:
    Body Sizes (%): ['0.248', '0.347', '0.033', '0.298']
    Upper Shadows (%): ['0.017', '0.076', '0.123', '0.046']
    Lower Shadows (%): ['0.000', '0.017', '0.043', '0.003']
Volumes: [np.float64(668007.0), np.float64(763462.0), np.float64(537897.0), np.float64(584924.0)]
2025-05-10 22:30:15,290 - INFO - 
2. Post-Cross Movement (30min):
5min Price Changes (%): ['0.030']
Maximum Change: 0.030% after 5 minutes
Candle Analysis:
    Body Sizes (%): ['0.020']
    Upper Shadows (%): ['0.010']
    Lower Shadows (%): ['0.007']
Volumes: [np.float64(5718.0)]
==================================================
2025-05-10 22:30:15,509 - INFO - 
==================================================
EMA Cross Analysis - GALA/USDT
Time: 2025-05-10 22:30:00+09:00
Type: golden
Cross Character (Current): Weak
Cross Character (New): Weak
Price at Cross: 0.02009

1. Pre-Cross Pattern (15min):
EMA Distance Changes (%): ['0.101', '0.087', '0.042', '0.005']
EMA12 Changes (%): ['-0.011', '0.014', '0.073', '0.085']
Price Changes (%): ['-0.399', '0.150', '0.400', '0.150']
Candle Analysis:
    Body Sizes (%): ['0.449', '0.150', '0.400', '0.100']
    Upper Shadows (%): ['0.050', '0.251', '0.200', '0.000']
    Lower Shadows (%): ['0.100', '0.000', '0.000', '0.000']
Volumes: [np.float64(10094121.0), np.float64(4800543.0), np.float64(10826282.0), np.float64(1045302.0)]
2025-05-10 22:30:15,509 - INFO - 
2. Post-Cross Movement (30min):
5min Price Changes (%): []
Maximum Change: 0.000% after 0 minutes
Candle Analysis:
    Body Sizes (%): []
    Upper Shadows (%): []
    Lower Shadows (%): []
Volumes: []
==================================================
2025-05-10 22:30:20,431 - INFO - 
==================================================
EMA Cross Analysis - COW/USDT
Time: 2025-05-10 22:25:00+09:00
Type: golden
Cross Character (Current): Weak
Cross Character (New): Weak
Price at Cross: 0.3656

1. Pre-Cross Pattern (15min):
EMA Distance Changes (%): ['0.007', '0.010', '0.010', '0.023']
EMA12 Changes (%): ['0.013', '-0.006', '-0.001', '0.062']
Price Changes (%): ['0.220', '-0.110', '0.027', '0.412']
Candle Analysis:
    Body Sizes (%): ['0.220', '0.137', '0.027', '0.412']
    Upper Shadows (%): ['0.000', '0.055', '0.220', '0.055']
    Lower Shadows (%): ['0.055', '0.165', '0.082', '0.000']
Volumes: [np.float64(44663.0), np.float64(52238.0), np.float64(45292.0), np.float64(53053.0)]
2025-05-10 22:30:20,431 - INFO - 
2. Post-Cross Movement (30min):
5min Price Changes (%): ['0.000']
Maximum Change: 0.000% after 0 minutes
Candle Analysis:
    Body Sizes (%): ['0.000']
    Upper Shadows (%): ['0.000']
    Lower Shadows (%): ['0.027']
Volumes: [np.float64(2073.0)]
==================================================
2025-05-10 22:36:02,466 - INFO - 
==================================================
EMA Cross Analysis - GALA/USDT
Time: 2025-05-10 22:30:00+09:00
Type: golden
Cross Character (Current): Weak
Cross Character (New): Weak
Price at Cross: 0.0201

1. Pre-Cross Pattern (15min):
EMA Distance Changes (%): ['0.101', '0.087', '0.042', '0.009']
EMA12 Changes (%): ['-0.011', '0.014', '0.073', '0.093']
Price Changes (%): ['-0.399', '0.150', '0.400', '0.199']
Candle Analysis:
    Body Sizes (%): ['0.449', '0.150', '0.400', '0.149']
    Upper Shadows (%): ['0.050', '0.251', '0.200', '0.050']
    Lower Shadows (%): ['0.100', '0.000', '0.000', '0.149']
Volumes: [np.float64(10094121.0), np.float64(4800543.0), np.float64(10826282.0), np.float64(8482388.0)]
2025-05-10 22:36:02,466 - INFO - 
2. Post-Cross Movement (30min):
5min Price Changes (%): ['0.000']
Maximum Change: 0.000% after 0 minutes
Candle Analysis:
    Body Sizes (%): ['0.000']
    Upper Shadows (%): ['0.050']
    Lower Shadows (%): ['0.100']
Volumes: [np.float64(1706282.0)]
==================================================
2025-05-10 22:36:02,688 - INFO - 
==================================================
EMA Cross Analysis - TNSR/USDT
Time: 2025-05-10 22:35:00+09:00
Type: golden
Cross Character (Current): Weak
Cross Character (New): Weak
Price at Cross: 0.1788

1. Pre-Cross Pattern (15min):
EMA Distance Changes (%): ['0.109', '0.086', '0.023', '0.030']
EMA12 Changes (%): ['-0.020', '0.027', '0.109', '0.101']
Price Changes (%): ['0.056', '0.282', '0.563', '0.056']
Candle Analysis:
    Body Sizes (%): ['0.000', '0.339', '0.506', '0.000']
    Upper Shadows (%): ['0.226', '0.000', '0.112', '0.000']
    Lower Shadows (%): ['0.056', '0.000', '0.169', '0.168']
Volumes: [np.float64(59446.8), np.float64(46905.9), np.float64(88486.1), np.float64(6774.2)]
2025-05-10 22:36:02,688 - INFO - 
2. Post-Cross Movement (30min):
5min Price Changes (%): []
Maximum Change: 0.000% after 0 minutes
Candle Analysis:
    Body Sizes (%): []
    Upper Shadows (%): []
    Lower Shadows (%): []
Volumes: []
==================================================
2025-05-10 22:36:03,988 - INFO - 
==================================================
EMA Cross Analysis - ARPA/USDT
Time: 2025-05-10 22:35:00+09:00
Type: golden
Cross Character (Current): Weak
Cross Character (New): Weak
Price at Cross: 0.02765

1. Pre-Cross Pattern (15min):
EMA Distance Changes (%): ['0.103', '0.064', '0.004', '0.041']
EMA12 Changes (%): ['-0.001', '0.061', '0.107', '0.085']
Price Changes (%): ['0.036', '0.401', '0.363', '-0.036']
Candle Analysis:
    Body Sizes (%): ['0.000', '0.364', '0.326', '0.036']
    Upper Shadows (%): ['0.182', '0.073', '0.145', '0.036']
    Lower Shadows (%): ['0.036', '0.000', '0.000', '0.000']
Volumes: [np.float64(137528.0), np.float64(351243.0), np.float64(622546.0), np.float64(3572.0)]
2025-05-10 22:36:03,988 - INFO - 
2. Post-Cross Movement (30min):
5min Price Changes (%): []
Maximum Change: 0.000% after 0 minutes
Candle Analysis:
    Body Sizes (%): []
    Upper Shadows (%): []
    Lower Shadows (%): []
Volumes: []
==================================================
2025-05-10 22:36:06,632 - INFO - 
==================================================
EMA Cross Analysis - MOVE/USDT
Time: 2025-05-10 22:30:00+09:00
Type: golden
Cross Character (Current): Weak
Cross Character (New): Weak
Price at Cross: 0.19

1. Pre-Cross Pattern (15min):
EMA Distance Changes (%): ['0.081', '0.080', '0.040', '0.025']
EMA12 Changes (%): ['0.027', '-0.010', '0.065', '0.120']
Price Changes (%): ['-0.317', '-0.212', '0.478', '0.423']
Candle Analysis:
    Body Sizes (%): ['0.370', '0.159', '0.425', '0.370']
    Upper Shadows (%): ['0.053', '0.053', '0.053', '0.000']
    Lower Shadows (%): ['0.053', '0.053', '0.000', '0.106']
Volumes: [np.float64(635607.0), np.float64(259538.0), np.float64(383870.0), np.float64(668028.0)]
2025-05-10 22:36:06,632 - INFO - 
2. Post-Cross Movement (30min):
5min Price Changes (%): ['0.105']
Maximum Change: 0.105% after 5 minutes
Candle Analysis:
    Body Sizes (%): ['0.105']
    Upper Shadows (%): ['0.000']
    Lower Shadows (%): ['0.000']
Volumes: [np.float64(131028.0)]
==================================================
2025-05-10 22:40:37,709 - INFO - 
==================================================
EMA Cross Analysis - BAKE/USDT
Time: 2025-05-10 22:40:00+09:00
Type: golden
Cross Character (Current): Weak
Cross Character (New): Weak
Price at Cross: 0.1474

1. Pre-Cross Pattern (15min):
EMA Distance Changes (%): ['0.085', '0.061', '0.009', '0.021']
EMA12 Changes (%): ['0.040', '0.034', '0.092', '0.057']
Price Changes (%): ['0.410', '0.000', '0.408', '-0.136']
Candle Analysis:
    Body Sizes (%): ['0.341', '0.000', '0.340', '0.068']
    Upper Shadows (%): ['0.000', '0.136', '0.068', '0.000']
    Lower Shadows (%): ['0.000', '0.204', '0.136', '0.000']
Volumes: [np.float64(68189.0), np.float64(108078.0), np.float64(147114.0), np.float64(5686.0)]
2025-05-10 22:40:37,709 - INFO - 
2. Post-Cross Movement (30min):
5min Price Changes (%): []
Maximum Change: 0.000% after 0 minutes
Candle Analysis:
    Body Sizes (%): []
    Upper Shadows (%): []
    Lower Shadows (%): []
Volumes: []
==================================================
2025-05-10 22:40:40,677 - INFO - 
==================================================
EMA Cross Analysis - TNSR/USDT
Time: 2025-05-10 22:35:00+09:00
Type: golden
Cross Character (Current): Weak
Cross Character (New): Weak
Price at Cross: 0.1791

1. Pre-Cross Pattern (15min):
EMA Distance Changes (%): ['0.109', '0.086', '0.023', '0.044']
EMA12 Changes (%): ['-0.020', '0.027', '0.109', '0.127']
Price Changes (%): ['0.056', '0.282', '0.563', '0.224']
Candle Analysis:
    Body Sizes (%): ['0.000', '0.339', '0.506', '0.168']
    Upper Shadows (%): ['0.226', '0.000', '0.112', '0.056']
    Lower Shadows (%): ['0.056', '0.000', '0.169', '0.168']
Volumes: [np.float64(59446.8), np.float64(46905.9), np.float64(88486.1), np.float64(30179.4)]
2025-05-10 22:40:40,677 - INFO - 
2. Post-Cross Movement (30min):
5min Price Changes (%): ['0.056']
Maximum Change: 0.056% after 5 minutes
Candle Analysis:
    Body Sizes (%): ['0.000']
    Upper Shadows (%): ['0.112']
    Lower Shadows (%): ['0.000']
Volumes: [np.float64(8052.3)]
==================================================
2025-05-10 22:40:41,986 - INFO - 
==================================================
EMA Cross Analysis - ARPA/USDT
Time: 2025-05-10 22:35:00+09:00
Type: golden
Cross Character (Current): Weak
Cross Character (New): Weak
Price at Cross: 0.02773

1. Pre-Cross Pattern (15min):
EMA Distance Changes (%): ['0.103', '0.064', '0.004', '0.063']
EMA12 Changes (%): ['-0.001', '0.061', '0.107', '0.130']
Price Changes (%): ['0.036', '0.401', '0.363', '0.253']
Candle Analysis:
    Body Sizes (%): ['0.000', '0.364', '0.326', '0.253']
    Upper Shadows (%): ['0.182', '0.073', '0.145', '0.000']
    Lower Shadows (%): ['0.036', '0.000', '0.000', '0.036']
Volumes: [np.float64(137528.0), np.float64(351243.0), np.float64(622546.0), np.float64(147019.0)]
2025-05-10 22:40:41,987 - INFO - 
2. Post-Cross Movement (30min):
5min Price Changes (%): ['-0.072']
Maximum Change: -0.072% after 5 minutes
Candle Analysis:
    Body Sizes (%): ['0.072']
    Upper Shadows (%): ['0.000']
    Lower Shadows (%): ['0.036']
Volumes: [np.float64(38058.0)]
==================================================
2025-05-10 22:45:16,187 - INFO - 
==================================================
EMA Cross Analysis - BAKE/USDT
Time: 2025-05-10 22:40:00+09:00
Type: golden
Cross Character (Current): Weak
Cross Character (New): Weak
Price at Cross: 0.1477

1. Pre-Cross Pattern (15min):
EMA Distance Changes (%): ['0.085', '0.061', '0.009', '0.037']
EMA12 Changes (%): ['0.040', '0.034', '0.092', '0.088']
Price Changes (%): ['0.410', '0.000', '0.408', '0.068']
Candle Analysis:
    Body Sizes (%): ['0.341', '0.000', '0.340', '0.136']
    Upper Shadows (%): ['0.000', '0.136', '0.068', '0.203']
    Lower Shadows (%): ['0.000', '0.204', '0.136', '0.068']
Volumes: [np.float64(68189.0), np.float64(108078.0), np.float64(147114.0), np.float64(214277.0)]
2025-05-10 22:45:16,187 - INFO - 
2. Post-Cross Movement (30min):
5min Price Changes (%): ['0.068']
Maximum Change: 0.068% after 5 minutes
Candle Analysis:
    Body Sizes (%): ['0.000']
    Upper Shadows (%): ['0.000']
    Lower Shadows (%): ['0.000']
Volumes: [np.float64(1258.0)]
==================================================
2025-05-10 22:45:17,716 - INFO - 
==================================================
EMA Cross Analysis - ATOM/USDT
Time: 2025-05-10 22:45:00+09:00
Type: golden
Cross Character (Current): Weak
Cross Character (New): Weak
Price at Cross: 5.036

1. Pre-Cross Pattern (15min):
EMA Distance Changes (%): ['0.091', '0.062', '0.027', '0.001']
EMA12 Changes (%): ['0.014', '0.042', '0.057', '0.052']
Price Changes (%): ['0.200', '0.199', '0.139', '0.020']
Candle Analysis:
    Body Sizes (%): ['0.180', '0.199', '0.139', '0.020']
    Upper Shadows (%): ['0.020', '0.080', '0.020', '0.040']
    Lower Shadows (%): ['0.100', '0.080', '0.080', '0.000']
Volumes: [np.float64(73989.79), np.float64(89721.15), np.float64(25205.08), np.float64(1360.35)]
2025-05-10 22:45:17,716 - INFO - 
2. Post-Cross Movement (30min):
5min Price Changes (%): []
Maximum Change: 0.000% after 0 minutes
Candle Analysis:
    Body Sizes (%): []
    Upper Shadows (%): []
    Lower Shadows (%): []
Volumes: []
==================================================
2025-05-10 22:45:19,751 - INFO - 
==================================================
EMA Cross Analysis - ZRO/USDT
Time: 2025-05-10 22:45:00+09:00
Type: golden
Cross Character (Current): Weak
Cross Character (New): Weak
Price at Cross: 2.9563

1. Pre-Cross Pattern (15min):
EMA Distance Changes (%): ['0.118', '0.074', '0.030', '0.006']
EMA12 Changes (%): ['0.058', '0.067', '0.075', '0.066']
Price Changes (%): ['-0.173', '0.115', '0.122', '0.017']
Candle Analysis:
    Body Sizes (%): ['0.179', '0.119', '0.125', '0.003']
    Upper Shadows (%): ['0.058', '0.149', '0.115', '0.041']
    Lower Shadows (%): ['0.152', '0.024', '0.163', '0.000']
Volumes: [np.float64(56470.3), np.float64(23880.5), np.float64(40092.5), np.float64(1127.2)]
2025-05-10 22:45:19,751 - INFO - 
2. Post-Cross Movement (30min):
5min Price Changes (%): []
Maximum Change: 0.000% after 0 minutes
Candle Analysis:
    Body Sizes (%): []
    Upper Shadows (%): []
    Lower Shadows (%): []
Volumes: []
==================================================
2025-05-10 22:45:21,284 - INFO - 
==================================================
EMA Cross Analysis - WLD/USDT
Time: 2025-05-10 22:45:00+09:00
Type: golden
Cross Character (Current): Weak
Cross Character (New): Weak
Price at Cross: 1.1705

1. Pre-Cross Pattern (15min):
EMA Distance Changes (%): ['0.174', '0.093', '0.017', '0.037']
EMA12 Changes (%): ['0.070', '0.131', '0.134', '0.103']
Price Changes (%): ['0.353', '0.464', '0.154', '-0.068']
Candle Analysis:
    Body Sizes (%): ['0.336', '0.464', '0.154', '0.068']
    Upper Shadows (%): ['0.121', '0.249', '0.051', '0.017']
    Lower Shadows (%): ['0.052', '0.034', '0.154', '0.000']
Volumes: [np.float64(322472.0), np.float64(900155.0), np.float64(329665.0), np.float64(10038.0)]
2025-05-10 22:45:21,284 - INFO - 
2. Post-Cross Movement (30min):
5min Price Changes (%): []
Maximum Change: 0.000% after 0 minutes
Candle Analysis:
    Body Sizes (%): []
    Upper Shadows (%): []
    Lower Shadows (%): []
Volumes: []
==================================================
2025-05-10 22:45:23,937 - INFO - 
==================================================
EMA Cross Analysis - ZEN/USDT
Time: 2025-05-10 22:45:00+09:00
Type: golden
Cross Character (Current): Weak
Cross Character (New): Weak
Price at Cross: 10.115

1. Pre-Cross Pattern (15min):
EMA Distance Changes (%): ['0.181', '0.110', '0.049', '0.002']
EMA12 Changes (%): ['0.080', '0.110', '0.102', '0.093']
Price Changes (%): ['-0.030', '0.278', '0.059', '0.040']
Candle Analysis:
    Body Sizes (%): ['0.050', '0.298', '0.059', '0.040']
    Upper Shadows (%): ['0.179', '0.179', '0.297', '0.030']
    Lower Shadows (%): ['0.179', '0.030', '0.089', '0.010']
Volumes: [np.float64(3298.1), np.float64(2638.4), np.float64(3748.6), np.float64(299.3)]
2025-05-10 22:45:23,937 - INFO - 
2. Post-Cross Movement (30min):
5min Price Changes (%): []
Maximum Change: 0.000% after 0 minutes
Candle Analysis:
    Body Sizes (%): []
    Upper Shadows (%): []
    Lower Shadows (%): []
Volumes: []
==================================================
2025-05-10 22:50:00,760 - INFO - 
==================================================
EMA Cross Analysis - 1000PEPE/USDT
Time: 2025-05-10 22:50:00+09:00
Type: golden
Cross Character (Current): Weak
Cross Character (New): Weak
Price at Cross: 0.0129855

1. Pre-Cross Pattern (15min):
EMA Distance Changes (%): ['0.242', '0.170', '0.063', '0.020']
EMA12 Changes (%): ['0.068', '0.103', '0.183', '0.152']
Price Changes (%): ['0.167', '0.291', '0.624', '-0.018']
Candle Analysis:
    Body Sizes (%): ['0.167', '0.292', '0.625', '0.012']
    Upper Shadows (%): ['0.184', '0.146', '0.029', '0.000']
    Lower Shadows (%): ['0.097', '0.100', '0.086', '0.000']
Volumes: [np.float64(342713480.0), np.float64(332837428.0), np.float64(772119012.0), np.float64(32315.0)]
2025-05-10 22:50:00,760 - INFO - 
2. Post-Cross Movement (30min):
5min Price Changes (%): []
Maximum Change: 0.000% after 0 minutes
Candle Analysis:
    Body Sizes (%): []
    Upper Shadows (%): []
    Lower Shadows (%): []
Volumes: []
==================================================
2025-05-10 22:51:04,705 - INFO - 
==================================================
EMA Cross Analysis - ATOM/USDT
Time: 2025-05-10 22:45:00+09:00
Type: golden
Cross Character (Current): Weak
Cross Character (New): Weak
Price at Cross: 5.048

1. Pre-Cross Pattern (15min):
EMA Distance Changes (%): ['0.091', '0.062', '0.027', '0.020']
EMA12 Changes (%): ['0.014', '0.042', '0.057', '0.088']
Price Changes (%): ['0.200', '0.199', '0.139', '0.258']
Candle Analysis:
    Body Sizes (%): ['0.180', '0.199', '0.139', '0.258']
    Upper Shadows (%): ['0.020', '0.080', '0.020', '0.119']
    Lower Shadows (%): ['0.100', '0.080', '0.080', '0.040']
Volumes: [np.float64(73989.79), np.float64(89721.15), np.float64(25205.08), np.float64(64841.47)]
2025-05-10 22:51:04,705 - INFO - 
2. Post-Cross Movement (30min):
5min Price Changes (%): ['-0.020']
Maximum Change: -0.020% after 5 minutes
Candle Analysis:
    Body Sizes (%): ['0.020']
    Upper Shadows (%): ['0.020']
    Lower Shadows (%): ['0.119']
Volumes: [np.float64(9463.48)]
==================================================
2025-05-10 22:51:06,669 - INFO - 
==================================================
EMA Cross Analysis - ZRO/USDT
Time: 2025-05-10 22:45:00+09:00
Type: golden
Cross Character (Current): Weak
Cross Character (New): Weak
Price at Cross: 2.9672

1. Pre-Cross Pattern (15min):
EMA Distance Changes (%): ['0.118', '0.074', '0.030', '0.036']
EMA12 Changes (%): ['0.058', '0.067', '0.075', '0.123']
Price Changes (%): ['-0.173', '0.115', '0.122', '0.386']
Candle Analysis:
    Body Sizes (%): ['0.179', '0.119', '0.125', '0.365']
    Upper Shadows (%): ['0.058', '0.149', '0.115', '0.145']
    Lower Shadows (%): ['0.152', '0.024', '0.163', '0.085']
Volumes: [np.float64(56470.3), np.float64(23880.5), np.float64(40092.5), np.float64(72664.2)]
2025-05-10 22:51:06,669 - INFO - 
2. Post-Cross Movement (30min):
5min Price Changes (%): ['-0.094']
Maximum Change: -0.094% after 5 minutes
Candle Analysis:
    Body Sizes (%): ['0.094']
    Upper Shadows (%): ['0.000']
    Lower Shadows (%): ['0.155']
Volumes: [np.float64(6788.6)]
==================================================
2025-05-10 22:51:08,196 - INFO - 
==================================================
EMA Cross Analysis - WLD/USDT
Time: 2025-05-10 22:45:00+09:00
Type: golden
Cross Character (Current): Weak
Cross Character (New): Weak
Price at Cross: 1.1726

1. Pre-Cross Pattern (15min):
EMA Distance Changes (%): ['0.174', '0.093', '0.017', '0.052']
EMA12 Changes (%): ['0.070', '0.131', '0.134', '0.131']
Price Changes (%): ['0.353', '0.464', '0.154', '0.111']
Candle Analysis:
    Body Sizes (%): ['0.336', '0.464', '0.154', '0.111']
    Upper Shadows (%): ['0.121', '0.249', '0.051', '0.265']
    Lower Shadows (%): ['0.052', '0.034', '0.154', '0.137']
Volumes: [np.float64(322472.0), np.float64(900155.0), np.float64(329665.0), np.float64(505433.0)]
2025-05-10 22:51:08,196 - INFO - 
2. Post-Cross Movement (30min):
5min Price Changes (%): ['-0.222']
Maximum Change: -0.222% after 5 minutes
Candle Analysis:
    Body Sizes (%): ['0.222']
    Upper Shadows (%): ['0.009']
    Lower Shadows (%): ['0.145']
Volumes: [np.float64(123155.0)]
==================================================
2025-05-10 22:51:10,850 - INFO - 
==================================================
EMA Cross Analysis - ZEN/USDT
Time: 2025-05-10 22:45:00+09:00
Type: golden
Cross Character (Current): Weak
Cross Character (New): Weak
Price at Cross: 10.115

1. Pre-Cross Pattern (15min):
EMA Distance Changes (%): ['0.181', '0.110', '0.049', '0.002']
EMA12 Changes (%): ['0.080', '0.110', '0.102', '0.093']
Price Changes (%): ['-0.030', '0.278', '0.059', '0.040']
Candle Analysis:
    Body Sizes (%): ['0.050', '0.298', '0.059', '0.040']
    Upper Shadows (%): ['0.179', '0.179', '0.297', '0.277']
    Lower Shadows (%): ['0.179', '0.030', '0.089', '0.178']
Volumes: [np.float64(3298.1), np.float64(2638.4), np.float64(3748.6), np.float64(9795.6)]
2025-05-10 22:51:10,850 - INFO - 
2. Post-Cross Movement (30min):
5min Price Changes (%): ['-0.059']
Maximum Change: -0.059% after 5 minutes
Candle Analysis:
    Body Sizes (%): ['0.079']
    Upper Shadows (%): ['0.000']
    Lower Shadows (%): ['0.178']
Volumes: [np.float64(772.5)]
==================================================
2025-05-10 22:55:40,099 - INFO - 
==================================================
EMA Cross Analysis - ORCA/USDT
Time: 2025-05-10 22:55:00+09:00
Type: golden
Cross Character (Current): Weak
Cross Character (New): Weak
Price at Cross: 2.887

1. Pre-Cross Pattern (15min):
EMA Distance Changes (%): ['0.142', '0.097', '0.031', '0.002']
EMA12 Changes (%): ['0.026', '0.065', '0.114', '0.059']
Price Changes (%): ['0.139', '0.278', '0.382', '-0.242']
Candle Analysis:
    Body Sizes (%): ['0.104', '0.243', '0.382', '0.207']
    Upper Shadows (%): ['0.104', '0.104', '0.035', '0.000']
    Lower Shadows (%): ['0.035', '0.000', '0.104', '0.000']
Volumes: [np.float64(11881.3), np.float64(16207.9), np.float64(18055.0), np.float64(1720.0)]
2025-05-10 22:55:40,099 - INFO - 
2. Post-Cross Movement (30min):
5min Price Changes (%): []
Maximum Change: 0.000% after 0 minutes
Candle Analysis:
    Body Sizes (%): []
    Upper Shadows (%): []
    Lower Shadows (%): []
Volumes: []
==================================================
2025-05-10 22:55:41,012 - INFO - 
==================================================
EMA Cross Analysis - HIPPO/USDT
Time: 2025-05-10 22:55:00+09:00
Type: golden
Cross Character (Current): Strong
Cross Character (New): Weak
Price at Cross: 0.002838

1. Pre-Cross Pattern (15min):
EMA Distance Changes (%): ['0.261', '0.204', '0.080', '0.005']
EMA12 Changes (%): ['0.079', '0.072', '0.209', '0.155']
Price Changes (%): ['0.000', '0.036', '0.959', '-0.141']
Candle Analysis:
    Body Sizes (%): ['0.000', '0.000', '0.959', '0.141']
    Upper Shadows (%): ['0.178', '0.107', '0.249', '0.141']
    Lower Shadows (%): ['0.426', '0.355', '0.213', '0.141']
Volumes: [np.float64(12929060.0), np.float64(6347430.0), np.float64(21348465.0), np.float64(10697294.0)]
2025-05-10 22:55:41,012 - INFO - 
2. Post-Cross Movement (30min):
5min Price Changes (%): []
Maximum Change: 0.000% after 0 minutes
Candle Analysis:
    Body Sizes (%): []
    Upper Shadows (%): []
    Lower Shadows (%): []
Volumes: []
==================================================
2025-05-10 22:55:42,578 - INFO - 
==================================================
EMA Cross Analysis - 1000PEPE/USDT
Time: 2025-05-10 22:50:00+09:00
Type: golden
Cross Character (Current): Strong
Cross Character (New): Weak
Price at Cross: 0.0130358

1. Pre-Cross Pattern (15min):
EMA Distance Changes (%): ['0.242', '0.170', '0.063', '0.051']
EMA12 Changes (%): ['0.068', '0.103', '0.183', '0.212']
Price Changes (%): ['0.167', '0.291', '0.624', '0.370']
Candle Analysis:
    Body Sizes (%): ['0.167', '0.292', '0.625', '0.376']
    Upper Shadows (%): ['0.184', '0.146', '0.029', '0.055']
    Lower Shadows (%): ['0.097', '0.100', '0.086', '0.270']
Volumes: [np.float64(342713480.0), np.float64(332837428.0), np.float64(772119012.0), np.float64(1098489880.0)]
2025-05-10 22:55:42,578 - INFO - 
2. Post-Cross Movement (30min):
5min Price Changes (%): ['-0.301']
Maximum Change: -0.301% after 5 minutes
Candle Analysis:
    Body Sizes (%): ['0.302']
    Upper Shadows (%): ['0.016']
    Lower Shadows (%): ['0.080']
Volumes: [np.float64(84121092.0)]
==================================================
2025-05-10 22:55:43,496 - INFO - 
==================================================
EMA Cross Analysis - MOODENG/USDT
Time: 2025-05-10 22:55:00+09:00
Type: golden
Cross Character (Current): Strong
Cross Character (New): Weak
Price at Cross: 0.12777

1. Pre-Cross Pattern (15min):
EMA Distance Changes (%): ['0.221', '0.122', '0.010', '0.084']
EMA12 Changes (%): ['0.310', '0.164', '0.200', '0.183']
Price Changes (%): ['1.395', '-0.625', '0.393', '0.094']
Candle Analysis:
    Body Sizes (%): ['1.403', '0.625', '0.377', '0.070']
    Upper Shadows (%): ['1.601', '0.016', '0.417', '0.251']
    Lower Shadows (%): ['0.254', '0.344', '0.464', '0.063']
Volumes: [np.float64(30862264.0), np.float64(15520023.0), np.float64(9886923.0), np.float64(1137453.0)]
2025-05-10 22:55:43,496 - INFO - 
2. Post-Cross Movement (30min):
5min Price Changes (%): []
Maximum Change: 0.000% after 0 minutes
Candle Analysis:
    Body Sizes (%): []
    Upper Shadows (%): []
    Lower Shadows (%): []
Volumes: []
==================================================
2025-05-10 22:55:45,276 - INFO - 
==================================================
EMA Cross Analysis - GRASS/USDT
Time: 2025-05-10 22:55:00+09:00
Type: golden
Cross Character (Current): Weak
Cross Character (New): Weak
Price at Cross: 1.6482

1. Pre-Cross Pattern (15min):
EMA Distance Changes (%): ['0.147', '0.090', '0.018', '0.037']
EMA12 Changes (%): ['0.029', '0.088', '0.126', '0.104']
Price Changes (%): ['0.153', '0.416', '0.335', '-0.018']
Candle Analysis:
    Body Sizes (%): ['0.165', '0.440', '0.371', '0.012']
    Upper Shadows (%): ['0.080', '0.073', '0.024', '0.018']
    Lower Shadows (%): ['0.098', '0.055', '0.164', '0.036']
Volumes: [np.float64(13261.9), np.float64(43824.2), np.float64(19696.9), np.float64(3689.6)]
2025-05-10 22:55:45,276 - INFO - 
2. Post-Cross Movement (30min):
5min Price Changes (%): []
Maximum Change: 0.000% after 0 minutes
Candle Analysis:
    Body Sizes (%): []
    Upper Shadows (%): []
    Lower Shadows (%): []
Volumes: []
==================================================
2025-05-10 23:00:19,854 - INFO - 
==================================================
EMA Cross Analysis - ORCA/USDT
Time: 2025-05-10 23:00:00+09:00
Type: golden
Cross Character (Current): Weak
Cross Character (New): Weak
Price at Cross: 2.884

1. Pre-Cross Pattern (15min):
EMA Distance Changes (%): ['0.097', '0.031', '0.009', '0.011']
EMA12 Changes (%): ['0.065', '0.114', '0.038', '0.037']
Price Changes (%): ['0.278', '0.382', '-0.380', '0.035']
Candle Analysis:
    Body Sizes (%): ['0.243', '0.382', '0.346', '0.069']
    Upper Shadows (%): ['0.104', '0.035', '0.000', '0.000']
    Lower Shadows (%): ['0.000', '0.104', '0.069', '0.000']
Volumes: [np.float64(16207.9), np.float64(18055.0), np.float64(15878.3), np.float64(2154.7)]
2025-05-10 23:00:19,854 - INFO - 
2. Post-Cross Movement (30min):
5min Price Changes (%): []
Maximum Change: 0.000% after 0 minutes
Candle Analysis:
    Body Sizes (%): []
    Upper Shadows (%): []
    Lower Shadows (%): []
Volumes: []
==================================================
2025-05-10 23:00:22,699 - INFO - 
==================================================
EMA Cross Analysis - MOODENG/USDT
Time: 2025-05-10 22:55:00+09:00
Type: golden
Cross Character (Current): Strong
Cross Character (New): Weak
Price at Cross: 0.12712

1. Pre-Cross Pattern (15min):
EMA Distance Changes (%): ['0.221', '0.122', '0.010', '0.044']
EMA12 Changes (%): ['0.310', '0.164', '0.200', '0.104']
Price Changes (%): ['1.395', '-0.625', '0.393', '-0.415']
Candle Analysis:
    Body Sizes (%): ['1.403', '0.625', '0.377', '0.439']
    Upper Shadows (%): ['1.601', '0.016', '0.417', '0.321']
    Lower Shadows (%): ['0.254', '0.344', '0.464', '0.023']
Volumes: [np.float64(30862264.0), np.float64(15520023.0), np.float64(9886923.0), np.float64(7186775.0)]
2025-05-10 23:00:22,699 - INFO - 
2. Post-Cross Movement (30min):
5min Price Changes (%): ['-0.173']
Maximum Change: -0.173% after 5 minutes
Candle Analysis:
    Body Sizes (%): ['0.165']
    Upper Shadows (%): ['0.087']
    Lower Shadows (%): ['0.024']
Volumes: [np.float64(859878.0)]
==================================================
2025-05-10 23:00:24,525 - INFO - 
==================================================
EMA Cross Analysis - GRASS/USDT
Time: 2025-05-10 22:55:00+09:00
Type: golden
Cross Character (Current): Weak
Cross Character (New): Weak
Price at Cross: 1.6478

1. Pre-Cross Pattern (15min):
EMA Distance Changes (%): ['0.147', '0.090', '0.018', '0.035']
EMA12 Changes (%): ['0.029', '0.088', '0.126', '0.100']
Price Changes (%): ['0.153', '0.416', '0.335', '-0.042']
Candle Analysis:
    Body Sizes (%): ['0.165', '0.440', '0.371', '0.012']
    Upper Shadows (%): ['0.080', '0.073', '0.024', '0.243']
    Lower Shadows (%): ['0.098', '0.055', '0.164', '0.097']
Volumes: [np.float64(13261.9), np.float64(43824.2), np.float64(19696.9), np.float64(46217.5)]
2025-05-10 23:00:24,525 - INFO - 
2. Post-Cross Movement (30min):
5min Price Changes (%): ['-0.036']
Maximum Change: -0.036% after 5 minutes
Candle Analysis:
    Body Sizes (%): ['0.024']
    Upper Shadows (%): ['0.018']
    Lower Shadows (%): ['0.036']
Volumes: [np.float64(714.0)]
==================================================
2025-05-10 23:00:25,520 - INFO - 
==================================================
EMA Cross Analysis - THETA/USDT
Time: 2025-05-10 23:00:00+09:00
Type: golden
Cross Character (Current): Weak
Cross Character (New): Weak
Price at Cross: 0.9249

1. Pre-Cross Pattern (15min):
EMA Distance Changes (%): ['0.113', '0.048', '0.008', '0.029']
EMA12 Changes (%): ['0.117', '0.109', '0.070', '0.071']
Price Changes (%): ['0.217', '0.065', '-0.140', '0.076']
Candle Analysis:
    Body Sizes (%): ['0.217', '0.054', '0.151', '0.097']
    Upper Shadows (%): ['0.141', '0.054', '0.022', '0.043']
    Lower Shadows (%): ['0.000', '0.335', '0.173', '0.022']
Volumes: [np.float64(119036.0), np.float64(137384.5), np.float64(128038.5), np.float64(12094.9)]
2025-05-10 23:00:25,520 - INFO - 
2. Post-Cross Movement (30min):
5min Price Changes (%): []
Maximum Change: 0.000% after 0 minutes
Candle Analysis:
    Body Sizes (%): []
    Upper Shadows (%): []
    Lower Shadows (%): []
Volumes: []
==================================================
2025-05-10 23:05:03,833 - INFO - 
==================================================
EMA Cross Analysis - THETA/USDT
Time: 2025-05-10 23:05:00+09:00
Type: golden
Cross Character (Current): Weak
Cross Character (New): Weak
Price at Cross: 0.9215

1. Pre-Cross Pattern (15min):
EMA Distance Changes (%): ['0.048', '0.008', '0.002', '0.005']
EMA12 Changes (%): ['0.109', '0.070', '0.011', '0.013']
Price Changes (%): ['0.065', '-0.140', '-0.314', '0.022']
Candle Analysis:
    Body Sizes (%): ['0.054', '0.151', '0.292', '0.011']
    Upper Shadows (%): ['0.054', '0.022', '0.303', '0.043']
    Lower Shadows (%): ['0.335', '0.173', '0.130', '0.000']
Volumes: [np.float64(137384.5), np.float64(128038.5), np.float64(171081.2), np.float64(2704.1)]
2025-05-10 23:05:03,834 - INFO - 
2. Post-Cross Movement (30min):
5min Price Changes (%): []
Maximum Change: 0.000% after 0 minutes
Candle Analysis:
    Body Sizes (%): []
    Upper Shadows (%): []
    Lower Shadows (%): []
Volumes: []
==================================================
2025-05-10 23:06:13,149 - INFO - 
==================================================
EMA Cross Analysis - MOODENG/USDT
Time: 2025-05-10 23:05:00+09:00
Type: dead
Cross Character (Current): Weak
Cross Character (New): Weak
Price at Cross: 0.12573

1. Pre-Cross Pattern (15min):
EMA Distance Changes (%): ['0.010', '0.044', '0.021', '0.020']
EMA12 Changes (%): ['0.200', '0.104', '-0.039', '-0.075']
Price Changes (%): ['0.393', '-0.415', '-0.818', '-0.278']
Candle Analysis:
    Body Sizes (%): ['0.377', '0.439', '0.810', '0.262']
    Upper Shadows (%): ['0.417', '0.321', '0.543', '0.103']
    Lower Shadows (%): ['0.464', '0.023', '0.330', '0.294']
Volumes: [np.float64(9886923.0), np.float64(7186775.0), np.float64(15583617.0), np.float64(5852321.0)]
2025-05-10 23:06:13,149 - INFO - 
2. Post-Cross Movement (30min):
5min Price Changes (%): []
Maximum Change: 0.000% after 0 minutes
Candle Analysis:
    Body Sizes (%): []
    Upper Shadows (%): []
    Lower Shadows (%): []
Volumes: []
==================================================
2025-05-10 23:10:53,522 - INFO - 
==================================================
EMA Cross Analysis - THETA/USDT
Time: 2025-05-10 23:05:00+09:00
Type: golden
Cross Character (Current): Weak
Cross Character (New): Weak
Price at Cross: 0.9228

1. Pre-Cross Pattern (15min):
EMA Distance Changes (%): ['0.048', '0.008', '0.002', '0.016']
EMA12 Changes (%): ['0.109', '0.070', '0.011', '0.034']
Price Changes (%): ['0.065', '-0.140', '-0.314', '0.163']
Candle Analysis:
    Body Sizes (%): ['0.054', '0.151', '0.292', '0.130']
    Upper Shadows (%): ['0.054', '0.022', '0.303', '0.022']
    Lower Shadows (%): ['0.335', '0.173', '0.130', '0.250']
Volumes: [np.float64(137384.5), np.float64(128038.5), np.float64(171081.2), np.float64(83586.5)]
2025-05-10 23:10:53,522 - INFO - 
2. Post-Cross Movement (30min):
5min Price Changes (%): ['0.098']
Maximum Change: 0.098% after 5 minutes
Candle Analysis:
    Body Sizes (%): ['0.098']
    Upper Shadows (%): ['0.043']
    Lower Shadows (%): ['0.000']
Volumes: [np.float64(8180.1)]
==================================================
2025-05-10 23:15:30,008 - INFO - 
==================================================
EMA Cross Analysis - PHA/USDT
Time: 2025-05-10 23:10:00+09:00
Type: dead
Cross Character (Current): Weak
Cross Character (New): Weak
Price at Cross: 0.14199

1. Pre-Cross Pattern (15min):
EMA Distance Changes (%): ['0.131', '0.082', '0.032', '0.010']
EMA12 Changes (%): ['0.047', '-0.077', '-0.086', '-0.076']
Price Changes (%): ['-0.091', '-0.761', '-0.134', '-0.021']
Candle Analysis:
    Body Sizes (%): ['0.098', '0.774', '0.162', '0.021']
    Upper Shadows (%): ['0.000', '0.098', '0.000', '0.148']
    Lower Shadows (%): ['0.195', '0.098', '0.253', '0.056']
Volumes: [np.float64(69862.0), np.float64(102759.0), np.float64(144454.0), np.float64(56190.0)]
2025-05-10 23:15:30,008 - INFO - 
2. Post-Cross Movement (30min):
5min Price Changes (%): ['0.000']
Maximum Change: 0.000% after 0 minutes
Candle Analysis:
    Body Sizes (%): ['0.007']
    Upper Shadows (%): ['0.021']
    Lower Shadows (%): ['0.028']
Volumes: [np.float64(3590.0)]
==================================================
2025-05-10 23:15:31,931 - INFO - 
==================================================
EMA Cross Analysis - ZRO/USDT
Time: 2025-05-10 23:10:00+09:00
Type: dead
Cross Character (Current): Weak
Cross Character (New): Weak
Price at Cross: 2.9354

1. Pre-Cross Pattern (15min):
EMA Distance Changes (%): ['0.098', '0.086', '0.037', '0.001']
EMA12 Changes (%): ['0.040', '-0.009', '-0.082', '-0.069']
Price Changes (%): ['-0.273', '-0.277', '-0.481', '0.003']
Candle Analysis:
    Body Sizes (%): ['0.293', '0.270', '0.498', '0.020']
    Upper Shadows (%): ['0.017', '0.352', '0.051', '0.160']
    Lower Shadows (%): ['0.128', '0.156', '0.532', '0.184']
Volumes: [np.float64(15969.2), np.float64(41628.5), np.float64(296579.5), np.float64(31521.5)]
2025-05-10 23:15:31,931 - INFO - 
2. Post-Cross Movement (30min):
5min Price Changes (%): ['-0.075']
Maximum Change: -0.075% after 5 minutes
Candle Analysis:
    Body Sizes (%): ['0.089']
    Upper Shadows (%): ['0.024']
    Lower Shadows (%): ['0.034']
Volumes: [np.float64(5221.0)]
==================================================
2025-05-10 23:20:08,998 - INFO - 
==================================================
EMA Cross Analysis - ORDI/USDT
Time: 2025-05-10 23:20:00+09:00
Type: golden
Cross Character (Current): Weak
Cross Character (New): Weak
Price at Cross: 9.455

1. Pre-Cross Pattern (15min):
EMA Distance Changes (%): ['0.103', '0.044', '0.024', '0.002']
EMA12 Changes (%): ['0.051', '0.098', '0.034', '0.045']
Price Changes (%): ['0.191', '0.360', '-0.317', '0.106']
Candle Analysis:
    Body Sizes (%): ['0.180', '0.381', '0.317', '0.095']
    Upper Shadows (%): ['0.032', '0.074', '0.032', '0.000']
    Lower Shadows (%): ['0.276', '0.021', '0.053', '0.032']
Volumes: [np.float64(12632.5), np.float64(24071.5), np.float64(52007.1), np.float64(1021.5)]
2025-05-10 23:20:08,998 - INFO - 
2. Post-Cross Movement (30min):
5min Price Changes (%): []
Maximum Change: 0.000% after 0 minutes
Candle Analysis:
    Body Sizes (%): []
    Upper Shadows (%): []
    Lower Shadows (%): []
Volumes: []
==================================================
2025-05-10 23:20:11,172 - INFO - 
==================================================
EMA Cross Analysis - THETA/USDT
Time: 2025-05-10 23:20:00+09:00
Type: dead
Cross Character (Current): Weak
Cross Character (New): Weak
Price at Cross: 0.9175

1. Pre-Cross Pattern (15min):
EMA Distance Changes (%): ['0.016', '0.037', '0.005', '0.025']
EMA12 Changes (%): ['0.034', '0.043', '-0.056', '-0.057']
Price Changes (%): ['0.163', '0.087', '-0.595', '-0.065']
Candle Analysis:
    Body Sizes (%): ['0.130', '0.087', '0.595', '0.065']
    Upper Shadows (%): ['0.022', '0.065', '0.011', '0.011']
    Lower Shadows (%): ['0.250', '0.238', '0.346', '0.000']
Volumes: [np.float64(83586.5), np.float64(80330.8), np.float64(165078.7), np.float64(5720.3)]
2025-05-10 23:20:11,172 - INFO - 
2. Post-Cross Movement (30min):
5min Price Changes (%): []
Maximum Change: 0.000% after 0 minutes
Candle Analysis:
    Body Sizes (%): []
    Upper Shadows (%): []
    Lower Shadows (%): []
Volumes: []
==================================================
2025-05-10 23:20:12,358 - INFO - 
==================================================
EMA Cross Analysis - WLD/USDT
Time: 2025-05-10 23:15:00+09:00
Type: dead
Cross Character (Current): Weak
Cross Character (New): Weak
Price at Cross: 1.155

1. Pre-Cross Pattern (15min):
EMA Distance Changes (%): ['0.070', '0.064', '0.046', '0.024']
EMA12 Changes (%): ['-0.024', '-0.002', '-0.025', '-0.128']
Price Changes (%): ['-0.214', '0.120', '-0.155', '-0.696']
Candle Analysis:
    Body Sizes (%): ['0.223', '0.112', '0.129', '0.696']
    Upper Shadows (%): ['0.197', '0.180', '0.232', '0.043']
    Lower Shadows (%): ['0.163', '0.292', '0.129', '0.052']
Volumes: [np.float64(408813.0), np.float64(480911.0), np.float64(285047.0), np.float64(641284.0)]
2025-05-10 23:20:12,358 - INFO - 
2. Post-Cross Movement (30min):
5min Price Changes (%): ['0.035']
Maximum Change: 0.035% after 5 minutes
Candle Analysis:
    Body Sizes (%): ['0.017']
    Upper Shadows (%): ['0.026']
    Lower Shadows (%): ['0.061']
Volumes: [np.float64(44711.0)]
==================================================
2025-05-10 23:20:15,233 - INFO - 
==================================================
EMA Cross Analysis - ZEN/USDT
Time: 2025-05-10 23:20:00+09:00
Type: dead
Cross Character (Current): Weak
Cross Character (New): Weak
Price at Cross: 10.021

1. Pre-Cross Pattern (15min):
EMA Distance Changes (%): ['0.075', '0.076', '0.028', '0.016']
EMA12 Changes (%): ['0.032', '0.013', '-0.083', '-0.080']
Price Changes (%): ['0.050', '-0.089', '-0.615', '-0.060']
Candle Analysis:
    Body Sizes (%): ['0.050', '0.099', '0.674', '0.060']
    Upper Shadows (%): ['0.079', '0.188', '0.000', '0.000']
    Lower Shadows (%): ['0.545', '0.238', '0.535', '0.020']
Volumes: [np.float64(6662.0), np.float64(1615.8), np.float64(12547.8), np.float64(701.1)]
2025-05-10 23:20:15,234 - INFO - 
2. Post-Cross Movement (30min):
5min Price Changes (%): []
Maximum Change: 0.000% after 0 minutes
Candle Analysis:
    Body Sizes (%): []
    Upper Shadows (%): []
    Lower Shadows (%): []
Volumes: []
==================================================
2025-05-10 23:25:55,500 - INFO - 
==================================================
EMA Cross Analysis - MOODENG/USDT
Time: 2025-05-10 23:20:00+09:00
Type: dead
Cross Character (Current): Weak
Cross Character (New): Weak
Price at Cross: 0.12501

1. Pre-Cross Pattern (15min):
EMA Distance Changes (%): ['0.031', '0.051', '0.026', '0.063']
EMA12 Changes (%): ['0.023', '0.043', '-0.042', '-0.167']
Price Changes (%): ['0.365', '0.150', '-0.505', '-0.857']
Candle Analysis:
    Body Sizes (%): ['0.381', '0.190', '0.521', '0.857']
    Upper Shadows (%): ['0.278', '0.427', '0.158', '0.103']
    Lower Shadows (%): ['0.611', '0.387', '0.426', '0.262']
Volumes: [np.float64(13061768.0), np.float64(9001454.0), np.float64(8574680.0), np.float64(11143487.0)]
2025-05-10 23:25:55,500 - INFO - 
2. Post-Cross Movement (30min):
5min Price Changes (%): ['0.272']
Maximum Change: 0.272% after 5 minutes
Candle Analysis:
    Body Sizes (%): ['0.280']
    Upper Shadows (%): ['0.232']
    Lower Shadows (%): ['0.000']
Volumes: [np.float64(1745045.0)]
==================================================
2025-05-10 23:25:56,209 - INFO - 
==================================================
EMA Cross Analysis - ORDI/USDT
Time: 2025-05-10 23:20:00+09:00
Type: golden
Cross Character (Current): Weak
Cross Character (New): Weak
Price at Cross: 9.497

1. Pre-Cross Pattern (15min):
EMA Distance Changes (%): ['0.103', '0.044', '0.024', '0.037']
EMA12 Changes (%): ['0.051', '0.098', '0.034', '0.114']
Price Changes (%): ['0.191', '0.360', '-0.317', '0.551']
Candle Analysis:
    Body Sizes (%): ['0.180', '0.381', '0.317', '0.540']
    Upper Shadows (%): ['0.032', '0.074', '0.032', '0.222']
    Lower Shadows (%): ['0.276', '0.021', '0.053', '0.032']
Volumes: [np.float64(12632.5), np.float64(24071.5), np.float64(52007.1), np.float64(24926.2)]
2025-05-10 23:25:56,210 - INFO - 
2. Post-Cross Movement (30min):
5min Price Changes (%): ['-0.168']
Maximum Change: -0.168% after 5 minutes
Candle Analysis:
    Body Sizes (%): ['0.179']
    Upper Shadows (%): ['0.021']
    Lower Shadows (%): ['0.011']
Volumes: [np.float64(4223.5)]
==================================================
2025-05-10 23:30:30,840 - INFO - 
==================================================
EMA Cross Analysis - BOME/USDT
Time: 2025-05-10 23:30:00+09:00
Type: golden
Cross Character (Current): Weak
Cross Character (New): Weak
Price at Cross: 0.002073

1. Pre-Cross Pattern (15min):
EMA Distance Changes (%): ['0.156', '0.081', '0.038', '0.005']
EMA12 Changes (%): ['-0.016', '0.121', '0.073', '0.076']
Price Changes (%): ['-0.242', '0.875', '-0.193', '0.097']
Candle Analysis:
    Body Sizes (%): ['0.242', '0.875', '0.193', '0.097']
    Upper Shadows (%): ['0.000', '0.146', '0.000', '0.000']
    Lower Shadows (%): ['0.194', '0.049', '0.241', '0.097']
Volumes: [np.float64(46555790.0), np.float64(71885571.0), np.float64(43611236.0), np.float64(9838884.0)]
2025-05-10 23:30:30,840 - INFO - 
2. Post-Cross Movement (30min):
5min Price Changes (%): []
Maximum Change: 0.000% after 0 minutes
Candle Analysis:
    Body Sizes (%): []
    Upper Shadows (%): []
    Lower Shadows (%): []
Volumes: []
==================================================
2025-05-10 23:30:36,567 - INFO - 
==================================================
EMA Cross Analysis - THETA/USDT
Time: 2025-05-10 23:25:00+09:00
Type: dead
Cross Character (Current): Weak
Cross Character (New): Weak
Price at Cross: 0.9197

1. Pre-Cross Pattern (15min):
EMA Distance Changes (%): ['0.037', '0.005', '0.012', '0.000']
EMA12 Changes (%): ['0.043', '-0.056', '0.015', '-0.023']
Price Changes (%): ['0.087', '-0.595', '0.403', '-0.228']
Candle Analysis:
    Body Sizes (%): ['0.087', '0.595', '0.403', '0.217']
    Upper Shadows (%): ['0.065', '0.011', '0.033', '0.000']
    Lower Shadows (%): ['0.238', '0.346', '0.065', '0.011']
Volumes: [np.float64(80330.8), np.float64(165078.7), np.float64(59535.6), np.float64(46728.6)]
2025-05-10 23:30:36,567 - INFO - 
2. Post-Cross Movement (30min):
5min Price Changes (%): ['0.152']
Maximum Change: 0.152% after 5 minutes
Candle Analysis:
    Body Sizes (%): ['0.130']
    Upper Shadows (%): ['0.000']
    Lower Shadows (%): ['0.000']
Volumes: [np.float64(11369.1)]
==================================================
2025-05-10 23:30:40,581 - INFO - 
==================================================
EMA Cross Analysis - ZEN/USDT
Time: 2025-05-10 23:25:00+09:00
Type: dead
Cross Character (Current): Weak
Cross Character (New): Weak
Price at Cross: 10.031

1. Pre-Cross Pattern (15min):
EMA Distance Changes (%): ['0.076', '0.028', '0.023', '0.012']
EMA12 Changes (%): ['0.013', '-0.083', '-0.005', '-0.064']
Price Changes (%): ['-0.089', '-0.615', '0.429', '-0.387']
Candle Analysis:
    Body Sizes (%): ['0.099', '0.674', '0.429', '0.377']
    Upper Shadows (%): ['0.188', '0.000', '0.000', '0.000']
    Lower Shadows (%): ['0.238', '0.535', '0.080', '0.070']
Volumes: [np.float64(1615.8), np.float64(12547.8), np.float64(2781.9), np.float64(1562.5)]
2025-05-10 23:30:40,582 - INFO - 
2. Post-Cross Movement (30min):
5min Price Changes (%): ['0.020']
Maximum Change: 0.020% after 5 minutes
Candle Analysis:
    Body Sizes (%): ['0.030']
    Upper Shadows (%): ['0.100']
    Lower Shadows (%): ['0.030']
Volumes: [np.float64(1073.2)]
==================================================
2025-05-10 23:35:09,218 - INFO - 
==================================================
EMA Cross Analysis - BOME/USDT
Time: 2025-05-10 23:35:00+09:00
Type: golden
Cross Character (Current): Weak
Cross Character (New): Weak
Price at Cross: 0.002069

1. Pre-Cross Pattern (15min):
EMA Distance Changes (%): ['0.081', '0.038', '0.007', '0.013']
EMA12 Changes (%): ['0.121', '0.073', '0.054', '0.038']
Price Changes (%): ['0.875', '-0.193', '-0.048', '-0.048']
Candle Analysis:
    Body Sizes (%): ['0.875', '0.193', '0.048', '0.000']
    Upper Shadows (%): ['0.146', '0.000', '0.241', '0.000']
    Lower Shadows (%): ['0.049', '0.241', '0.241', '0.048']
Volumes: [np.float64(71885571.0), np.float64(43611236.0), np.float64(70613075.0), np.float64(4310569.0)]
2025-05-10 23:35:09,218 - INFO - 
2. Post-Cross Movement (30min):
5min Price Changes (%): []
Maximum Change: 0.000% after 0 minutes
Candle Analysis:
    Body Sizes (%): []
    Upper Shadows (%): []
    Lower Shadows (%): []
Volumes: []
==================================================
2025-05-10 23:40:57,365 - INFO - 
==================================================
EMA Cross Analysis - BOME/USDT
Time: 2025-05-10 23:35:00+09:00
Type: golden
Cross Character (Current): Weak
Cross Character (New): Weak
Price at Cross: 0.00207

1. Pre-Cross Pattern (15min):
EMA Distance Changes (%): ['0.081', '0.038', '0.007', '0.017']
EMA12 Changes (%): ['0.121', '0.073', '0.054', '0.046']
Price Changes (%): ['0.875', '-0.193', '-0.048', '0.000']
Candle Analysis:
    Body Sizes (%): ['0.875', '0.193', '0.048', '0.048']
    Upper Shadows (%): ['0.146', '0.000', '0.241', '0.193']
    Lower Shadows (%): ['0.049', '0.241', '0.241', '0.145']
Volumes: [np.float64(71885571.0), np.float64(43611236.0), np.float64(70613075.0), np.float64(33774061.0)]
2025-05-10 23:40:57,366 - INFO - 
2. Post-Cross Movement (30min):
5min Price Changes (%): ['0.097']
Maximum Change: 0.097% after 5 minutes
Candle Analysis:
    Body Sizes (%): ['0.145']
    Upper Shadows (%): ['0.000']
    Lower Shadows (%): ['0.048']
Volumes: [np.float64(22111021.0)]
==================================================
2025-05-10 23:45:38,658 - INFO - 
==================================================
EMA Cross Analysis - MOODENG/USDT
Time: 2025-05-10 23:40:00+09:00
Type: golden
Cross Character (Current): Weak
Cross Character (New): Weak
Price at Cross: 0.127

1. Pre-Cross Pattern (15min):
EMA Distance Changes (%): ['0.102', '0.061', '0.040', '0.014']
EMA12 Changes (%): ['-0.083', '0.062', '0.033', '0.100']
Price Changes (%): ['0.384', '0.861', '-0.126', '0.467']
Candle Analysis:
    Body Sizes (%): ['0.392', '0.853', '0.126', '0.459']
    Upper Shadows (%): ['0.336', '0.127', '0.387', '0.435']
    Lower Shadows (%): ['0.048', '0.749', '0.545', '0.055']
Volumes: [np.float64(8025042.0), np.float64(13772425.0), np.float64(9028473.0), np.float64(10279224.0)]
2025-05-10 23:45:38,659 - INFO - 
2. Post-Cross Movement (30min):
5min Price Changes (%): ['0.457']
Maximum Change: 0.457% after 5 minutes
Candle Analysis:
    Body Sizes (%): ['0.441']
    Upper Shadows (%): ['0.008']
    Lower Shadows (%): ['0.079']
Volumes: [np.float64(1592282.0)]
==================================================
2025-05-10 23:45:44,994 - INFO - 
==================================================
EMA Cross Analysis - GOAT/USDT
Time: 2025-05-10 23:40:00+09:00
Type: golden
Cross Character (Current): Strong
Cross Character (New): Weak
Price at Cross: 0.15255

1. Pre-Cross Pattern (15min):
EMA Distance Changes (%): ['0.316', '0.203', '0.065', '0.000']
EMA12 Changes (%): ['0.033', '0.169', '0.240', '0.117']
Price Changes (%): ['-0.546', '0.920', '0.623', '-0.548']
Candle Analysis:
    Body Sizes (%): ['0.507', '0.920', '0.590', '0.489']
    Upper Shadows (%): ['0.059', '0.218', '0.262', '0.033']
    Lower Shadows (%): ['0.474', '0.199', '0.774', '0.470']
Volumes: [np.float64(4439154.0), np.float64(3750749.0), np.float64(9051847.0), np.float64(4311347.0)]
2025-05-10 23:45:44,995 - INFO - 
2. Post-Cross Movement (30min):
5min Price Changes (%): ['0.426']
Maximum Change: 0.426% after 5 minutes
Candle Analysis:
    Body Sizes (%): ['0.413']
    Upper Shadows (%): ['0.315']
    Lower Shadows (%): ['0.046']
Volumes: [np.float64(1846357.0)]
==================================================
2025-05-10 23:50:20,107 - INFO - 
==================================================
EMA Cross Analysis - DOT/USDT
Time: 2025-05-10 23:50:00+09:00
Type: golden
Cross Character (Current): Weak
Cross Character (New): Weak
Price at Cross: 5.071

1. Pre-Cross Pattern (15min):
EMA Distance Changes (%): ['0.084', '0.052', '0.008', '0.023']
EMA12 Changes (%): ['0.014', '0.048', '0.078', '0.059']
Price Changes (%): ['0.059', '0.238', '0.237', '-0.039']
Candle Analysis:
    Body Sizes (%): ['0.059', '0.238', '0.257', '0.039']
    Upper Shadows (%): ['0.159', '0.040', '0.099', '0.000']
    Lower Shadows (%): ['0.059', '0.079', '0.020', '0.000']
Volumes: [np.float64(65580.2), np.float64(48091.1), np.float64(107361.9), np.float64(4282.0)]
2025-05-10 23:50:20,107 - INFO - 
2. Post-Cross Movement (30min):
5min Price Changes (%): []
Maximum Change: 0.000% after 0 minutes
Candle Analysis:
    Body Sizes (%): []
    Upper Shadows (%): []
    Lower Shadows (%): []
Volumes: []
==================================================
2025-05-10 23:50:21,271 - INFO - 
==================================================
EMA Cross Analysis - EOS/USDT
Time: 2025-05-10 23:50:00+09:00
Type: golden
Cross Character (Current): Weak
Cross Character (New): Weak
Price at Cross: 0.929

1. Pre-Cross Pattern (15min):
EMA Distance Changes (%): ['0.062', '0.054', '0.013', '0.027']
EMA12 Changes (%): ['-0.013', '0.005', '0.071', '0.077']
Price Changes (%): ['-0.324', '0.108', '0.433', '0.108']
Candle Analysis:
    Body Sizes (%): ['0.216', '0.108', '0.433', '0.000']
    Upper Shadows (%): ['0.216', '0.108', '0.216', '0.000']
    Lower Shadows (%): ['0.000', '0.108', '0.000', '0.108']
Volumes: [np.float64(787302.0), np.float64(568269.1), np.float64(1337948.0), np.float64(16132.1)]
2025-05-10 23:50:21,271 - INFO - 
2. Post-Cross Movement (30min):
5min Price Changes (%): []
Maximum Change: 0.000% after 0 minutes
Candle Analysis:
    Body Sizes (%): []
    Upper Shadows (%): []
    Lower Shadows (%): []
Volumes: []
==================================================
2025-05-10 23:50:24,804 - INFO - 
==================================================
EMA Cross Analysis - ZEN/USDT
Time: 2025-05-10 23:50:00+09:00
Type: golden
Cross Character (Current): Weak
Cross Character (New): Weak
Price at Cross: 10.095

1. Pre-Cross Pattern (15min):
EMA Distance Changes (%): ['0.047', '0.037', '0.006', '0.018']
EMA12 Changes (%): ['-0.027', '0.013', '0.053', '0.045']
Price Changes (%): ['0.090', '0.229', '0.278', '0.000']
Candle Analysis:
    Body Sizes (%): ['0.100', '0.239', '0.298', '0.030']
    Upper Shadows (%): ['0.060', '0.020', '0.268', '0.030']
    Lower Shadows (%): ['0.149', '0.030', '0.000', '0.000']
Volumes: [np.float64(1967.1), np.float64(1053.7), np.float64(3774.0), np.float64(66.1)]
2025-05-10 23:50:24,804 - INFO - 
2. Post-Cross Movement (30min):
5min Price Changes (%): []
Maximum Change: 0.000% after 0 minutes
Candle Analysis:
    Body Sizes (%): []
    Upper Shadows (%): []
    Lower Shadows (%): []
Volumes: []
==================================================
2025-05-10 23:56:07,686 - INFO - 
==================================================
EMA Cross Analysis - DOT/USDT
Time: 2025-05-10 23:50:00+09:00
Type: golden
Cross Character (Current): Weak
Cross Character (New): Weak
Price at Cross: 5.089

1. Pre-Cross Pattern (15min):
EMA Distance Changes (%): ['0.084', '0.052', '0.008', '0.051']
EMA12 Changes (%): ['0.014', '0.048', '0.078', '0.114']
Price Changes (%): ['0.059', '0.238', '0.237', '0.315']
Candle Analysis:
    Body Sizes (%): ['0.059', '0.238', '0.257', '0.315']
    Upper Shadows (%): ['0.159', '0.040', '0.099', '0.020']
    Lower Shadows (%): ['0.059', '0.079', '0.020', '0.177']
Volumes: [np.float64(65580.2), np.float64(48091.1), np.float64(107361.9), np.float64(101748.0)]
2025-05-10 23:56:07,686 - INFO - 
2. Post-Cross Movement (30min):
5min Price Changes (%): ['-0.059']
Maximum Change: -0.059% after 5 minutes
Candle Analysis:
    Body Sizes (%): ['0.059']
    Upper Shadows (%): ['0.039']
    Lower Shadows (%): ['0.020']
Volumes: [np.float64(28490.7)]
==================================================
2025-05-10 23:56:12,452 - INFO - 
==================================================
EMA Cross Analysis - ZEN/USDT
Time: 2025-05-10 23:50:00+09:00
Type: golden
Cross Character (Current): Weak
Cross Character (New): Weak
Price at Cross: 10.098

1. Pre-Cross Pattern (15min):
EMA Distance Changes (%): ['0.047', '0.037', '0.006', '0.020']
EMA12 Changes (%): ['-0.027', '0.013', '0.053', '0.050']
Price Changes (%): ['0.090', '0.229', '0.278', '0.030']
Candle Analysis:
    Body Sizes (%): ['0.100', '0.239', '0.298', '0.000']
    Upper Shadows (%): ['0.060', '0.020', '0.268', '0.030']
    Lower Shadows (%): ['0.149', '0.030', '0.000', '0.297']
Volumes: [np.float64(1967.1), np.float64(1053.7), np.float64(3774.0), np.float64(2945.5)]
2025-05-10 23:56:12,452 - INFO - 
2. Post-Cross Movement (30min):
5min Price Changes (%): ['-0.208']
Maximum Change: -0.208% after 5 minutes
Candle Analysis:
    Body Sizes (%): ['0.208']
    Upper Shadows (%): ['0.000']
    Lower Shadows (%): ['0.020']
Volumes: [np.float64(273.5)]
==================================================
