2025-05-15 00:15:39,846 - INFO - 
==================================================
EMA Cross Analysis - ARPA/USDT
Time: 2025-05-15 00:10:00+09:00
Type: golden
Cross Character (Current): Weak
Cross Character (New): Weak
Price at Cross: 0.02988

1. Pre-Cross Pattern (15min):
EMA Distance Changes (%): ['0.238', '0.222', '0.144', '0.301']
EMA12 Changes (%): ['0.048', '-0.003', '0.117', '0.872']
Price Changes (%): ['0.000', '-0.282', '0.779', '4.989']
Candle Analysis:
    Body Sizes (%): ['0.035', '0.282', '0.743', '4.989']
    Upper Shadows (%): ['0.176', '0.318', '0.071', '0.703']
    Lower Shadows (%): ['0.106', '0.106', '0.106', '0.105']
Volumes: [np.float64(687698.0), np.float64(1193952.0), np.float64(2165297.0), np.float64(48968287.0)]
2025-05-15 00:15:39,846 - INFO - 
2. Post-Cross Movement (30min):
5min Price Changes (%): ['0.602']
Maximum Change: 0.602% after 5 minutes
Candle Analysis:
    Body Sizes (%): ['0.602']
    Upper Shadows (%): ['0.201']
    Lower Shadows (%): ['0.502']
Volumes: [np.float64(4168202.0)]
==================================================
2025-05-15 00:20:20,752 - INFO - 
==================================================
EMA Cross Analysis - ONDOUSDT
Time: 2025-05-15 00:20:00+09:00
Type: dead
Cross Character (Current): Strong
Cross Character (New): Weak
Price at Cross: 1.038

1. Pre-Cross Pattern (15min):
EMA Distance Changes (%): ['0.255', '0.164', '0.019', '0.127']
EMA12 Changes (%): ['-0.184', '-0.139', '-0.254', '-0.274']
Price Changes (%): ['0.373', '0.114', '-0.894', '-0.384']
Candle Analysis:
    Body Sizes (%): ['0.373', '0.114', '0.885', '0.374']
    Upper Shadows (%): ['0.010', '0.143', '0.371', '0.019']
    Lower Shadows (%): ['0.019', '0.305', '0.076', '0.202']
Volumes: [np.float64(2481331.5), np.float64(1766524.3), np.float64(2898225.3), np.float64(1251468.2)]
2025-05-15 00:20:20,752 - INFO - 
2. Post-Cross Movement (30min):
5min Price Changes (%): []
Maximum Change: 0.000% after 0 minutes
Candle Analysis:
    Body Sizes (%): []
    Upper Shadows (%): []
    Lower Shadows (%): []
Volumes: []
==================================================
2025-05-15 00:26:00,574 - INFO - 
==================================================
EMA Cross Analysis - PHA/USDT
Time: 2025-05-15 00:20:00+09:00
Type: golden
Cross Character (Current): Weak
Cross Character (New): Weak
Price at Cross: 0.1503

1. Pre-Cross Pattern (15min):
EMA Distance Changes (%): ['0.069', '0.025', '0.005', '0.039']
EMA12 Changes (%): ['-0.021', '0.075', '0.036', '0.084']
Price Changes (%): ['0.154', '0.603', '-0.180', '0.347']
Candle Analysis:
    Body Sizes (%): ['0.114', '0.590', '0.226', '0.441']
    Upper Shadows (%): ['0.168', '0.288', '0.366', '0.053']
    Lower Shadows (%): ['0.564', '0.040', '0.333', '0.261']
Volumes: [np.float64(372680.0), np.float64(318932.0), np.float64(397128.0), np.float64(343700.0)]
2025-05-15 00:26:00,574 - INFO - 
2. Post-Cross Movement (30min):
5min Price Changes (%): ['0.193']
Maximum Change: 0.193% after 5 minutes
Candle Analysis:
    Body Sizes (%): ['0.193']
    Upper Shadows (%): ['0.100']
    Lower Shadows (%): ['0.073']
Volumes: [np.float64(168039.0)]
==================================================
2025-05-15 00:26:06,725 - INFO - 
==================================================
EMA Cross Analysis - ONDOUSDT
Time: 2025-05-15 00:20:00+09:00
Type: dead
Cross Character (Current): Strong
Cross Character (New): Weak
Price at Cross: 1.0439

1. Pre-Cross Pattern (15min):
EMA Distance Changes (%): ['0.255', '0.164', '0.019', '0.081']
EMA12 Changes (%): ['-0.184', '-0.139', '-0.254', '-0.188']
Price Changes (%): ['0.373', '0.114', '-0.894', '0.182']
Candle Analysis:
    Body Sizes (%): ['0.373', '0.114', '0.885', '0.192']
    Upper Shadows (%): ['0.010', '0.143', '0.371', '0.202']
    Lower Shadows (%): ['0.019', '0.305', '0.076', '0.576']
Volumes: [np.float64(2481331.5), np.float64(1766524.3), np.float64(2898225.3), np.float64(4778716.5)]
2025-05-15 00:26:06,725 - INFO - 
2. Post-Cross Movement (30min):
5min Price Changes (%): ['0.192']
Maximum Change: 0.192% after 5 minutes
Candle Analysis:
    Body Sizes (%): ['0.182']
    Upper Shadows (%): ['0.019']
    Lower Shadows (%): ['0.010']
Volumes: [np.float64(394785.4)]
==================================================
2025-05-15 00:50:18,030 - INFO - 
==================================================
EMA Cross Analysis - ARPA/USDT
Time: 2025-05-15 00:50:00+09:00
Type: dead
Cross Character (Current): Strong
Cross Character (New): Weak
Price at Cross: 0.028

1. Pre-Cross Pattern (15min):
EMA Distance Changes (%): ['0.400', '0.283', '0.068', '0.093']
EMA12 Changes (%): ['-0.329', '-0.161', '-0.373', '-0.295']
Price Changes (%): ['-1.088', '0.781', '-1.549', '0.143']
Candle Analysis:
    Body Sizes (%): ['1.123', '0.816', '1.549', '0.143']
    Upper Shadows (%): ['0.105', '0.355', '0.352', '0.072']
    Lower Shadows (%): ['0.456', '0.390', '0.106', '0.000']
Volumes: [np.float64(8700668.0), np.float64(5733012.0), np.float64(9532341.0), np.float64(786828.0)]
2025-05-15 00:50:18,030 - INFO - 
2. Post-Cross Movement (30min):
5min Price Changes (%): []
Maximum Change: 0.000% after 0 minutes
Candle Analysis:
    Body Sizes (%): []
    Upper Shadows (%): []
    Lower Shadows (%): []
Volumes: []
==================================================
2025-05-15 00:56:04,218 - INFO - 
==================================================
EMA Cross Analysis - ARPA/USDT
Time: 2025-05-15 00:50:00+09:00
Type: dead
Cross Character (Current): Strong
Cross Character (New): Strong
Price at Cross: 0.02812

1. Pre-Cross Pattern (15min):
EMA Distance Changes (%): ['0.400', '0.283', '0.068', '0.059']
EMA12 Changes (%): ['-0.329', '-0.161', '-0.373', '-0.231']
Price Changes (%): ['-1.088', '0.781', '-1.549', '0.572']
Candle Analysis:
    Body Sizes (%): ['1.123', '0.816', '1.549', '0.572']
    Upper Shadows (%): ['0.105', '0.355', '0.352', '0.680']
    Lower Shadows (%): ['0.456', '0.390', '0.106', '0.143']
Volumes: [np.float64(8700668.0), np.float64(5733012.0), np.float64(9532341.0), np.float64(4417904.0)]
2025-05-15 00:56:04,219 - INFO - 
2. Post-Cross Movement (30min):
5min Price Changes (%): ['0.462']
Maximum Change: 0.462% after 5 minutes
Candle Analysis:
    Body Sizes (%): ['0.427']
    Upper Shadows (%): ['0.000']
    Lower Shadows (%): ['0.000']
Volumes: [np.float64(417109.0)]
==================================================
2025-05-15 01:00:37,707 - INFO - 
==================================================
EMA Cross Analysis - 1000PEPE/USDT
Time: 2025-05-15 01:00:00+09:00
Type: golden
Cross Character (Current): Weak
Cross Character (New): Weak
Price at Cross: 0.0139291

1. Pre-Cross Pattern (15min):
EMA Distance Changes (%): ['0.135', '0.092', '0.032', '0.007']
EMA12 Changes (%): ['-0.046', '0.061', '0.104', '0.070']
Price Changes (%): ['-0.339', '0.649', '0.340', '-0.117']
Candle Analysis:
    Body Sizes (%): ['0.333', '0.650', '0.335', '0.111']
    Upper Shadows (%): ['0.214', '0.143', '0.006', '0.000']
    Lower Shadows (%): ['0.086', '0.049', '0.014', '0.065']
Volumes: [np.float64(161330308.0), np.float64(171768062.0), np.float64(177926495.0), np.float64(34226533.0)]
2025-05-15 01:00:37,707 - INFO - 
2. Post-Cross Movement (30min):
5min Price Changes (%): []
Maximum Change: 0.000% after 0 minutes
Candle Analysis:
    Body Sizes (%): []
    Upper Shadows (%): []
    Lower Shadows (%): []
Volumes: []
==================================================
2025-05-15 01:05:15,509 - INFO - 
==================================================
EMA Cross Analysis - LINK/USDT
Time: 2025-05-15 01:05:00+09:00
Type: golden
Cross Character (Current): Weak
Cross Character (New): Weak
Price at Cross: 16.988

1. Pre-Cross Pattern (15min):
EMA Distance Changes (%): ['0.077', '0.033', '0.012', '0.013']
EMA12 Changes (%): ['0.012', '0.073', '0.035', '0.048']
Price Changes (%): ['0.189', '0.414', '-0.176', '0.118']
Candle Analysis:
    Body Sizes (%): ['0.195', '0.402', '0.182', '0.124']
    Upper Shadows (%): ['0.160', '0.035', '0.094', '0.035']
    Lower Shadows (%): ['0.024', '0.018', '0.018', '0.000']
Volumes: [np.float64(32976.56), np.float64(32113.11), np.float64(54516.07), np.float64(2807.57)]
2025-05-15 01:05:15,509 - INFO - 
2. Post-Cross Movement (30min):
5min Price Changes (%): []
Maximum Change: 0.000% after 0 minutes
Candle Analysis:
    Body Sizes (%): []
    Upper Shadows (%): []
    Lower Shadows (%): []
Volumes: []
==================================================
2025-05-15 01:11:01,547 - INFO - 
==================================================
EMA Cross Analysis - LINK/USDT
Time: 2025-05-15 01:05:00+09:00
Type: golden
Cross Character (Current): Weak
Cross Character (New): Weak
Price at Cross: 16.971

1. Pre-Cross Pattern (15min):
EMA Distance Changes (%): ['0.077', '0.033', '0.012', '0.005']
EMA12 Changes (%): ['0.012', '0.073', '0.035', '0.032']
Price Changes (%): ['0.189', '0.414', '-0.176', '0.018']
Candle Analysis:
    Body Sizes (%): ['0.195', '0.402', '0.182', '0.024']
    Upper Shadows (%): ['0.160', '0.035', '0.094', '0.283']
    Lower Shadows (%): ['0.024', '0.018', '0.018', '0.159']
Volumes: [np.float64(32976.56), np.float64(32113.11), np.float64(54516.07), np.float64(73320.71)]
2025-05-15 01:11:01,547 - INFO - 
2. Post-Cross Movement (30min):
5min Price Changes (%): ['0.324']
Maximum Change: 0.324% after 5 minutes
Candle Analysis:
    Body Sizes (%): ['0.330']
    Upper Shadows (%): ['0.000']
    Lower Shadows (%): ['0.012']
Volumes: [np.float64(15514.4)]
==================================================
2025-05-15 01:11:07,039 - INFO - 
==================================================
EMA Cross Analysis - SUI/USDT
Time: 2025-05-15 01:10:00+09:00
Type: golden
Cross Character (Current): Weak
Cross Character (New): Weak
Price at Cross: 3.9104

1. Pre-Cross Pattern (15min):
EMA Distance Changes (%): ['0.052', '0.040', '0.019', '0.010']
EMA12 Changes (%): ['0.042', '0.016', '0.036', '0.052']
Price Changes (%): ['0.267', '-0.126', '0.144', '0.143']
Candle Analysis:
    Body Sizes (%): ['0.265', '0.123', '0.144', '0.149']
    Upper Shadows (%): ['0.018', '0.072', '0.218', '0.051']
    Lower Shadows (%): ['0.000', '0.072', '0.064', '0.018']
Volumes: [np.float64(492894.2), np.float64(321674.2), np.float64(558659.7), np.float64(62745.8)]
2025-05-15 01:11:07,039 - INFO - 
2. Post-Cross Movement (30min):
5min Price Changes (%): []
Maximum Change: 0.000% after 0 minutes
Candle Analysis:
    Body Sizes (%): []
    Upper Shadows (%): []
    Lower Shadows (%): []
Volumes: []
==================================================
2025-05-15 01:15:37,556 - INFO - 
==================================================
EMA Cross Analysis - NEAR/USDT
Time: 2025-05-15 01:15:00+09:00
Type: golden
Cross Character (Current): Weak
Cross Character (New): Weak
Price at Cross: 3.091

1. Pre-Cross Pattern (15min):
EMA Distance Changes (%): ['0.091', '0.061', '0.016', '0.011']
EMA12 Changes (%): ['0.047', '0.045', '0.078', '0.051']
Price Changes (%): ['-0.194', '0.032', '0.259', '-0.097']
Candle Analysis:
    Body Sizes (%): ['0.226', '0.065', '0.292', '0.097']
    Upper Shadows (%): ['0.162', '0.324', '0.194', '0.000']
    Lower Shadows (%): ['0.065', '0.065', '0.000', '0.065']
Volumes: [np.float64(387389.0), np.float64(168668.0), np.float64(172750.0), np.float64(18914.0)]
2025-05-15 01:15:37,556 - INFO - 
2. Post-Cross Movement (30min):
5min Price Changes (%): []
Maximum Change: 0.000% after 0 minutes
Candle Analysis:
    Body Sizes (%): []
    Upper Shadows (%): []
    Lower Shadows (%): []
Volumes: []
==================================================
2025-05-15 01:15:39,081 - INFO - 
==================================================
EMA Cross Analysis - POL/USDT
Time: 2025-05-15 01:15:00+09:00
Type: golden
Cross Character (Current): Weak
Cross Character (New): Weak
Price at Cross: 0.25263

1. Pre-Cross Pattern (15min):
EMA Distance Changes (%): ['0.095', '0.064', '0.024', '0.002']
EMA12 Changes (%): ['0.044', '0.046', '0.068', '0.046']
Price Changes (%): ['-0.079', '0.056', '0.190', '-0.079']
Candle Analysis:
    Body Sizes (%): ['0.083', '0.059', '0.182', '0.083']
    Upper Shadows (%): ['0.095', '0.214', '0.103', '0.000']
    Lower Shadows (%): ['0.012', '0.099', '0.028', '0.020']
Volumes: [np.float64(245153.0), np.float64(248928.0), np.float64(363401.0), np.float64(13174.0)]
2025-05-15 01:15:39,081 - INFO - 
2. Post-Cross Movement (30min):
5min Price Changes (%): []
Maximum Change: 0.000% after 0 minutes
Candle Analysis:
    Body Sizes (%): []
    Upper Shadows (%): []
    Lower Shadows (%): []
Volumes: []
==================================================
2025-05-15 01:15:44,351 - INFO - 
==================================================
EMA Cross Analysis - SUI/USDT
Time: 2025-05-15 01:10:00+09:00
Type: golden
Cross Character (Current): Weak
Cross Character (New): Weak
Price at Cross: 3.9088

1. Pre-Cross Pattern (15min):
EMA Distance Changes (%): ['0.052', '0.040', '0.019', '0.006']
EMA12 Changes (%): ['0.042', '0.016', '0.036', '0.046']
Price Changes (%): ['0.267', '-0.126', '0.144', '0.102']
Candle Analysis:
    Body Sizes (%): ['0.265', '0.123', '0.144', '0.108']
    Upper Shadows (%): ['0.018', '0.072', '0.218', '0.149']
    Lower Shadows (%): ['0.000', '0.072', '0.064', '0.018']
Volumes: [np.float64(492894.2), np.float64(321674.2), np.float64(558659.7), np.float64(455658.3)]
2025-05-15 01:15:44,352 - INFO - 
2. Post-Cross Movement (30min):
5min Price Changes (%): ['-0.171']
Maximum Change: -0.171% after 5 minutes
Candle Analysis:
    Body Sizes (%): ['0.174']
    Upper Shadows (%): ['0.000']
    Lower Shadows (%): ['0.003']
Volumes: [np.float64(62496.7)]
==================================================
2025-05-15 01:15:45,224 - INFO - 
==================================================
EMA Cross Analysis - HIVE/USDT
Time: 2025-05-15 01:10:00+09:00
Type: golden
Cross Character (Current): Weak
Cross Character (New): Weak
Price at Cross: 0.27039

1. Pre-Cross Pattern (15min):
EMA Distance Changes (%): ['0.142', '0.105', '0.058', '0.001']
EMA12 Changes (%): ['0.049', '0.051', '0.075', '0.107']
Price Changes (%): ['0.186', '0.059', '0.208', '0.282']
Candle Analysis:
    Body Sizes (%): ['0.156', '0.052', '0.216', '0.293']
    Upper Shadows (%): ['0.011', '0.067', '0.000', '0.078']
    Lower Shadows (%): ['0.060', '0.149', '0.011', '0.000']
Volumes: [np.float64(37658.0), np.float64(58651.0), np.float64(102393.0), np.float64(67433.0)]
2025-05-15 01:15:45,224 - INFO - 
2. Post-Cross Movement (30min):
5min Price Changes (%): ['-0.133']
Maximum Change: -0.133% after 5 minutes
Candle Analysis:
    Body Sizes (%): ['0.133']
    Upper Shadows (%): ['0.011']
    Lower Shadows (%): ['0.015']
Volumes: [np.float64(8674.0)]
==================================================
2025-05-15 01:15:46,313 - INFO - 
==================================================
EMA Cross Analysis - BRETT/USDT
Time: 2025-05-15 01:15:00+09:00
Type: golden
Cross Character (Current): Weak
Cross Character (New): Weak
Price at Cross: 0.07712

1. Pre-Cross Pattern (15min):
EMA Distance Changes (%): ['0.187', '0.114', '0.023', '0.031']
EMA12 Changes (%): ['0.119', '0.114', '0.161', '0.100']
Price Changes (%): ['-0.311', '0.091', '0.416', '-0.233']
Candle Analysis:
    Body Sizes (%): ['0.311', '0.065', '0.429', '0.246']
    Upper Shadows (%): ['0.428', '0.494', '0.169', '0.000']
    Lower Shadows (%): ['0.130', '0.273', '0.026', '0.026']
Volumes: [np.float64(1687102.0), np.float64(1057744.0), np.float64(808454.0), np.float64(75410.0)]
2025-05-15 01:15:46,313 - INFO - 
2. Post-Cross Movement (30min):
5min Price Changes (%): []
Maximum Change: 0.000% after 0 minutes
Candle Analysis:
    Body Sizes (%): []
    Upper Shadows (%): []
    Lower Shadows (%): []
Volumes: []
==================================================
2025-05-15 01:20:21,524 - INFO - 
==================================================
EMA Cross Analysis - SUI/USDT
Time: 2025-05-15 01:15:00+09:00
Type: dead
Cross Character (Current): Weak
Cross Character (New): Weak
Price at Cross: 3.8887

1. Pre-Cross Pattern (15min):
EMA Distance Changes (%): ['0.040', '0.019', '0.006', '0.015']
EMA12 Changes (%): ['0.016', '0.036', '0.046', '-0.041']
Price Changes (%): ['-0.126', '0.144', '0.102', '-0.514']
Candle Analysis:
    Body Sizes (%): ['0.123', '0.144', '0.108', '0.517']
    Upper Shadows (%): ['0.072', '0.218', '0.149', '0.000']
    Lower Shadows (%): ['0.072', '0.064', '0.018', '0.018']
Volumes: [np.float64(321674.2), np.float64(558659.7), np.float64(455658.3), np.float64(574080.6)]
2025-05-15 01:20:21,524 - INFO - 
2. Post-Cross Movement (30min):
5min Price Changes (%): ['-0.013']
Maximum Change: -0.013% after 5 minutes
Candle Analysis:
    Body Sizes (%): ['0.015']
    Upper Shadows (%): ['0.008']
    Lower Shadows (%): ['0.039']
Volumes: [np.float64(24045.2)]
==================================================
2025-05-15 01:25:59,646 - INFO - 
==================================================
EMA Cross Analysis - BAN/USDT
Time: 2025-05-15 01:25:00+09:00
Type: golden
Cross Character (Current): Weak
Cross Character (New): Weak
Price at Cross: 0.06561

1. Pre-Cross Pattern (15min):
EMA Distance Changes (%): ['0.088', '0.065', '0.024', '0.013']
EMA12 Changes (%): ['0.120', '0.031', '0.071', '0.067']
Price Changes (%): ['0.259', '-0.457', '0.291', '0.046']
Candle Analysis:
    Body Sizes (%): ['0.259', '0.472', '0.306', '0.076']
    Upper Shadows (%): ['0.198', '0.000', '0.031', '0.000']
    Lower Shadows (%): ['0.000', '0.061', '0.015', '0.076']
Volumes: [np.float64(414749.0), np.float64(109629.0), np.float64(128448.0), np.float64(17700.0)]
2025-05-15 01:25:59,646 - INFO - 
2. Post-Cross Movement (30min):
5min Price Changes (%): []
Maximum Change: 0.000% after 0 minutes
Candle Analysis:
    Body Sizes (%): []
    Upper Shadows (%): []
    Lower Shadows (%): []
Volumes: []
==================================================
2025-05-15 01:26:08,419 - INFO - 
==================================================
EMA Cross Analysis - HIVE/USDT
Time: 2025-05-15 01:20:00+09:00
Type: dead
Cross Character (Current): Weak
Cross Character (New): Weak
Price at Cross: 0.26854

1. Pre-Cross Pattern (15min):
EMA Distance Changes (%): ['0.058', '0.001', '0.005', '0.004']
EMA12 Changes (%): ['0.075', '0.107', '0.007', '-0.017']
Price Changes (%): ['0.208', '0.282', '-0.540', '-0.145']
Candle Analysis:
    Body Sizes (%): ['0.216', '0.293', '0.540', '0.186']
    Upper Shadows (%): ['0.000', '0.078', '0.011', '0.000']
    Lower Shadows (%): ['0.011', '0.000', '0.000', '0.082']
Volumes: [np.float64(102393.0), np.float64(67433.0), np.float64(101213.0), np.float64(38510.0)]
2025-05-15 01:26:08,420 - INFO - 
2. Post-Cross Movement (30min):
5min Price Changes (%): ['0.272']
Maximum Change: 0.272% after 5 minutes
Candle Analysis:
    Body Sizes (%): ['0.141']
    Upper Shadows (%): ['0.011']
    Lower Shadows (%): ['0.000']
Volumes: [np.float64(2412.0)]
==================================================
2025-05-15 01:30:39,709 - INFO - 
==================================================
EMA Cross Analysis - LINK/USDT
Time: 2025-05-15 01:25:00+09:00
Type: dead
Cross Character (Current): Weak
Cross Character (New): Weak
Price at Cross: 16.918

1. Pre-Cross Pattern (15min):
EMA Distance Changes (%): ['0.041', '0.028', '0.011', '0.002']
EMA12 Changes (%): ['0.070', '-0.020', '-0.028', '-0.024']
Price Changes (%): ['0.277', '-0.511', '-0.071', '-0.006']
Candle Analysis:
    Body Sizes (%): ['0.283', '0.517', '0.071', '0.012']
    Upper Shadows (%): ['0.141', '0.006', '0.012', '0.414']
    Lower Shadows (%): ['0.012', '0.047', '0.154', '0.065']
Volumes: [np.float64(71757.25), np.float64(56108.44), np.float64(45085.51), np.float64(65076.9)]
2025-05-15 01:30:39,710 - INFO - 
2. Post-Cross Movement (30min):
5min Price Changes (%): ['-0.071']
Maximum Change: -0.071% after 5 minutes
Candle Analysis:
    Body Sizes (%): ['0.065']
    Upper Shadows (%): ['0.106']
    Lower Shadows (%): ['0.012']
Volumes: [np.float64(6457.96)]
==================================================
2025-05-15 01:30:46,104 - INFO - 
==================================================
EMA Cross Analysis - HIVE/USDT
Time: 2025-05-15 01:30:00+09:00
Type: dead
Cross Character (Current): Weak
Cross Character (New): Weak
Price at Cross: 0.26856

1. Pre-Cross Pattern (15min):
EMA Distance Changes (%): ['0.005', '0.004', '0.002', '0.006']
EMA12 Changes (%): ['0.007', '-0.017', '0.011', '-0.014']
Price Changes (%): ['-0.540', '-0.145', '0.160', '-0.152']
Candle Analysis:
    Body Sizes (%): ['0.540', '0.186', '0.030', '0.160']
    Upper Shadows (%): ['0.011', '0.000', '0.167', '0.030']
    Lower Shadows (%): ['0.000', '0.082', '0.123', '0.000']
Volumes: [np.float64(101213.0), np.float64(38510.0), np.float64(12043.0), np.float64(16835.0)]
2025-05-15 01:30:46,104 - INFO - 
2. Post-Cross Movement (30min):
5min Price Changes (%): []
Maximum Change: 0.000% after 0 minutes
Candle Analysis:
    Body Sizes (%): []
    Upper Shadows (%): []
    Lower Shadows (%): []
Volumes: []
==================================================
2025-05-15 01:41:01,350 - INFO - 
==================================================
EMA Cross Analysis - BAN/USDT
Time: 2025-05-15 01:40:00+09:00
Type: dead
Cross Character (Current): Weak
Cross Character (New): Weak
Price at Cross: 0.06511

1. Pre-Cross Pattern (15min):
EMA Distance Changes (%): ['0.009', '0.003', '0.001', '0.029']
EMA12 Changes (%): ['0.025', '0.023', '-0.004', '-0.057']
Price Changes (%): ['-0.229', '0.015', '-0.153', '-0.352']
Candle Analysis:
    Body Sizes (%): ['0.198', '0.031', '0.153', '0.367']
    Upper Shadows (%): ['0.122', '0.214', '0.138', '0.061']
    Lower Shadows (%): ['0.000', '0.138', '0.183', '0.000']
Volumes: [np.float64(75338.0), np.float64(61887.0), np.float64(72243.0), np.float64(59806.0)]
2025-05-15 01:41:01,350 - INFO - 
2. Post-Cross Movement (30min):
5min Price Changes (%): []
Maximum Change: 0.000% after 0 minutes
Candle Analysis:
    Body Sizes (%): []
    Upper Shadows (%): []
    Lower Shadows (%): []
Volumes: []
==================================================
2025-05-15 01:41:03,748 - INFO - 
==================================================
EMA Cross Analysis - LINK/USDT
Time: 2025-05-15 01:35:00+09:00
Type: dead
Cross Character (Current): Weak
Cross Character (New): Weak
Price at Cross: 16.928

1. Pre-Cross Pattern (15min):
EMA Distance Changes (%): ['0.011', '0.002', '0.001', '0.006']
EMA12 Changes (%): ['-0.028', '-0.024', '0.005', '-0.012']
Price Changes (%): ['-0.071', '-0.006', '0.166', '-0.106']
Candle Analysis:
    Body Sizes (%): ['0.071', '0.012', '0.171', '0.112']
    Upper Shadows (%): ['0.012', '0.414', '0.219', '0.171']
    Lower Shadows (%): ['0.154', '0.065', '0.231', '0.236']
Volumes: [np.float64(45085.51), np.float64(65076.9), np.float64(61185.62), np.float64(52488.49)]
2025-05-15 01:41:03,749 - INFO - 
2. Post-Cross Movement (30min):
5min Price Changes (%): ['-0.230']
Maximum Change: -0.230% after 5 minutes
Candle Analysis:
    Body Sizes (%): ['0.236']
    Upper Shadows (%): ['0.301']
    Lower Shadows (%): ['0.006']
Volumes: [np.float64(44081.83)]
==================================================
2025-05-15 01:41:04,403 - INFO - 
==================================================
EMA Cross Analysis - ATOM/USDT
Time: 2025-05-15 01:40:00+09:00
Type: dead
Cross Character (Current): Weak
Cross Character (New): Weak
Price at Cross: 5.087

1. Pre-Cross Pattern (15min):
EMA Distance Changes (%): ['0.033', '0.010', '0.002', '0.009']
EMA12 Changes (%): ['0.004', '0.040', '0.022', '-0.021']
Price Changes (%): ['0.020', '0.236', '-0.078', '-0.255']
Candle Analysis:
    Body Sizes (%): ['0.000', '0.255', '0.078', '0.294']
    Upper Shadows (%): ['0.295', '0.098', '0.176', '0.235']
    Lower Shadows (%): ['0.098', '0.216', '0.157', '0.000']
Volumes: [np.float64(12281.06), np.float64(19936.78), np.float64(44461.99), np.float64(44292.87)]
2025-05-15 01:41:04,403 - INFO - 
2. Post-Cross Movement (30min):
5min Price Changes (%): []
Maximum Change: 0.000% after 0 minutes
Candle Analysis:
    Body Sizes (%): []
    Upper Shadows (%): []
    Lower Shadows (%): []
Volumes: []
==================================================
2025-05-15 01:45:38,546 - INFO - 
==================================================
EMA Cross Analysis - BAN/USDT
Time: 2025-05-15 01:40:00+09:00
Type: dead
Cross Character (Current): Weak
Cross Character (New): Weak
Price at Cross: 0.06507

1. Pre-Cross Pattern (15min):
EMA Distance Changes (%): ['0.009', '0.003', '0.001', '0.034']
EMA12 Changes (%): ['0.025', '0.023', '-0.004', '-0.067']
Price Changes (%): ['-0.229', '0.015', '-0.153', '-0.413']
Candle Analysis:
    Body Sizes (%): ['0.198', '0.031', '0.153', '0.428']
    Upper Shadows (%): ['0.122', '0.214', '0.138', '0.061']
    Lower Shadows (%): ['0.000', '0.138', '0.183', '0.306']
Volumes: [np.float64(75338.0), np.float64(61887.0), np.float64(72243.0), np.float64(232633.0)]
2025-05-15 01:45:38,547 - INFO - 
2. Post-Cross Movement (30min):
5min Price Changes (%): ['0.123']
Maximum Change: 0.123% after 5 minutes
Candle Analysis:
    Body Sizes (%): ['0.138']
    Upper Shadows (%): ['0.000']
    Lower Shadows (%): ['0.031']
Volumes: [np.float64(7073.0)]
==================================================
2025-05-15 01:45:41,624 - INFO - 
==================================================
EMA Cross Analysis - ATOM/USDT
Time: 2025-05-15 01:40:00+09:00
Type: dead
Cross Character (Current): Weak
Cross Character (New): Weak
Price at Cross: 5.091

1. Pre-Cross Pattern (15min):
EMA Distance Changes (%): ['0.033', '0.010', '0.002', '0.003']
EMA12 Changes (%): ['0.004', '0.040', '0.022', '-0.009']
Price Changes (%): ['0.020', '0.236', '-0.078', '-0.176']
Candle Analysis:
    Body Sizes (%): ['0.000', '0.255', '0.078', '0.216']
    Upper Shadows (%): ['0.295', '0.098', '0.176', '0.235']
    Lower Shadows (%): ['0.098', '0.216', '0.157', '0.078']
Volumes: [np.float64(12281.06), np.float64(19936.78), np.float64(44461.99), np.float64(61581.25)]
2025-05-15 01:45:41,625 - INFO - 
2. Post-Cross Movement (30min):
5min Price Changes (%): ['0.137']
Maximum Change: 0.137% after 5 minutes
Candle Analysis:
    Body Sizes (%): ['0.118']
    Upper Shadows (%): ['0.020']
    Lower Shadows (%): ['0.000']
Volumes: [np.float64(3303.87)]
==================================================
2025-05-15 01:45:41,842 - INFO - 
==================================================
EMA Cross Analysis - PHA/USDT
Time: 2025-05-15 01:45:00+09:00
Type: dead
Cross Character (Current): Weak
Cross Character (New): Weak
Price at Cross: 0.14976

1. Pre-Cross Pattern (15min):
EMA Distance Changes (%): ['0.159', '0.104', '0.013', '0.039']
EMA12 Changes (%): ['-0.063', '-0.083', '-0.160', '-0.098']
Price Changes (%): ['0.240', '-0.193', '-0.586', '0.248']
Candle Analysis:
    Body Sizes (%): ['0.240', '0.193', '0.586', '0.241']
    Upper Shadows (%): ['0.306', '0.226', '0.240', '0.000']
    Lower Shadows (%): ['0.413', '0.545', '0.180', '0.087']
Volumes: [np.float64(587728.0), np.float64(280086.0), np.float64(590526.0), np.float64(32069.0)]
2025-05-15 01:45:41,842 - INFO - 
2. Post-Cross Movement (30min):
5min Price Changes (%): []
Maximum Change: 0.000% after 0 minutes
Candle Analysis:
    Body Sizes (%): []
    Upper Shadows (%): []
    Lower Shadows (%): []
Volumes: []
==================================================
2025-05-15 01:50:19,651 - INFO - 
==================================================
EMA Cross Analysis - PHA/USDT
Time: 2025-05-15 01:45:00+09:00
Type: dead
Cross Character (Current): Weak
Cross Character (New): Weak
Price at Cross: 0.14801

1. Pre-Cross Pattern (15min):
EMA Distance Changes (%): ['0.159', '0.104', '0.013', '0.133']
EMA12 Changes (%): ['-0.063', '-0.083', '-0.160', '-0.276']
Price Changes (%): ['0.240', '-0.193', '-0.586', '-0.924']
Candle Analysis:
    Body Sizes (%): ['0.240', '0.193', '0.586', '0.930']
    Upper Shadows (%): ['0.306', '0.226', '0.240', '0.388']
    Lower Shadows (%): ['0.413', '0.545', '0.180', '0.194']
Volumes: [np.float64(587728.0), np.float64(280086.0), np.float64(590526.0), np.float64(630972.0)]
2025-05-15 01:50:19,651 - INFO - 
2. Post-Cross Movement (30min):
5min Price Changes (%): ['0.311']
Maximum Change: 0.311% after 5 minutes
Candle Analysis:
    Body Sizes (%): ['0.297']
    Upper Shadows (%): ['0.095']
    Lower Shadows (%): ['0.000']
Volumes: [np.float64(96301.0)]
==================================================
2025-05-15 01:50:25,658 - INFO - 
==================================================
EMA Cross Analysis - HIVE/USDT
Time: 2025-05-15 01:45:00+09:00
Type: dead
Cross Character (Current): Weak
Cross Character (New): Weak
Price at Cross: 0.26675

1. Pre-Cross Pattern (15min):
EMA Distance Changes (%): ['0.012', '0.018', '0.008', '0.056']
EMA12 Changes (%): ['0.020', '0.013', '-0.017', '-0.121']
Price Changes (%): ['0.071', '-0.022', '-0.182', '-0.692']
Candle Analysis:
    Body Sizes (%): ['0.063', '0.004', '0.215', '0.733']
    Upper Shadows (%): ['0.138', '0.137', '0.141', '0.138']
    Lower Shadows (%): ['0.375', '0.223', '0.160', '0.019']
Volumes: [np.float64(52049.0), np.float64(46165.0), np.float64(70370.0), np.float64(76829.0)]
2025-05-15 01:50:25,659 - INFO - 
2. Post-Cross Movement (30min):
5min Price Changes (%): ['0.071']
Maximum Change: 0.071% after 5 minutes
Candle Analysis:
    Body Sizes (%): ['0.049']
    Upper Shadows (%): ['0.056']
    Lower Shadows (%): ['0.007']
Volumes: [np.float64(13796.0)]
==================================================
2025-05-15 02:35:31,481 - INFO - 
==================================================
EMA Cross Analysis - SUI/USDT
Time: 2025-05-15 02:35:00+09:00
Type: golden
Cross Character (Current): Weak
Cross Character (New): Weak
Price at Cross: 3.9215

1. Pre-Cross Pattern (15min):
EMA Distance Changes (%): ['0.139', '0.089', '0.017', '0.050']
EMA12 Changes (%): ['-0.010', '0.075', '0.126', '0.128']
Price Changes (%): ['-0.010', '0.544', '0.405', '0.143']
Candle Analysis:
    Body Sizes (%): ['0.013', '0.544', '0.405', '0.146']
    Upper Shadows (%): ['0.204', '0.026', '0.092', '0.000']
    Lower Shadows (%): ['0.139', '0.217', '0.074', '0.020']
Volumes: [np.float64(977229.4), np.float64(1540268.9), np.float64(1560996.1), np.float64(172676.4)]
2025-05-15 02:35:31,481 - INFO - 
2. Post-Cross Movement (30min):
5min Price Changes (%): []
Maximum Change: 0.000% after 0 minutes
Candle Analysis:
    Body Sizes (%): []
    Upper Shadows (%): []
    Lower Shadows (%): []
Volumes: []
==================================================
2025-05-15 02:40:08,750 - INFO - 
==================================================
EMA Cross Analysis - SUI/USDT
Time: 2025-05-15 02:35:00+09:00
Type: golden
Cross Character (Current): Weak
Cross Character (New): Weak
Price at Cross: 3.9239

1. Pre-Cross Pattern (15min):
EMA Distance Changes (%): ['0.139', '0.089', '0.017', '0.055']
EMA12 Changes (%): ['-0.010', '0.075', '0.126', '0.138']
Price Changes (%): ['-0.010', '0.544', '0.405', '0.204']
Candle Analysis:
    Body Sizes (%): ['0.013', '0.544', '0.405', '0.207']
    Upper Shadows (%): ['0.204', '0.026', '0.092', '0.511']
    Lower Shadows (%): ['0.139', '0.217', '0.074', '0.020']
Volumes: [np.float64(977229.4), np.float64(1540268.9), np.float64(1560996.1), np.float64(2771304.3)]
2025-05-15 02:40:08,750 - INFO - 
2. Post-Cross Movement (30min):
5min Price Changes (%): ['-0.043']
Maximum Change: -0.043% after 5 minutes
Candle Analysis:
    Body Sizes (%): ['0.041']
    Upper Shadows (%): ['0.015']
    Lower Shadows (%): ['0.000']
Volumes: [np.float64(11056.8)]
==================================================
2025-05-15 02:45:49,933 - INFO - 
==================================================
EMA Cross Analysis - FXS/USDT
Time: 2025-05-15 02:45:00+09:00
Type: golden
Cross Character (Current): Weak
Cross Character (New): Weak
Price at Cross: 3.0537

1. Pre-Cross Pattern (15min):
EMA Distance Changes (%): ['0.222', '0.128', '0.023', '0.057']
EMA12 Changes (%): ['0.101', '0.149', '0.187', '0.153']
Price Changes (%): ['0.364', '0.413', '0.391', '-0.033']
Candle Analysis:
    Body Sizes (%): ['0.348', '0.466', '0.398', '0.062']
    Upper Shadows (%): ['0.000', '0.291', '0.085', '0.075']
    Lower Shadows (%): ['0.129', '0.013', '0.026', '0.088']
Volumes: [np.float64(6834.6), np.float64(12326.4), np.float64(14872.4), np.float64(2631.4)]
2025-05-15 02:45:49,933 - INFO - 
2. Post-Cross Movement (30min):
5min Price Changes (%): []
Maximum Change: 0.000% after 0 minutes
Candle Analysis:
    Body Sizes (%): []
    Upper Shadows (%): []
    Lower Shadows (%): []
Volumes: []
==================================================
2025-05-15 02:45:51,235 - INFO - 
==================================================
EMA Cross Analysis - ATOM/USDT
Time: 2025-05-15 02:40:00+09:00
Type: golden
Cross Character (Current): Weak
Cross Character (New): Weak
Price at Cross: 5.11

1. Pre-Cross Pattern (15min):
EMA Distance Changes (%): ['0.086', '0.070', '0.039', '0.001']
EMA12 Changes (%): ['0.004', '0.019', '0.049', '0.072']
Price Changes (%): ['0.474', '0.098', '0.216', '0.196']
Candle Analysis:
    Body Sizes (%): ['0.474', '0.098', '0.216', '0.176']
    Upper Shadows (%): ['0.000', '0.039', '0.039', '0.098']
    Lower Shadows (%): ['0.296', '0.118', '0.098', '0.000']
Volumes: [np.float64(59264.19), np.float64(16065.77), np.float64(14773.12), np.float64(22946.19)]
2025-05-15 02:45:51,236 - INFO - 
2. Post-Cross Movement (30min):
5min Price Changes (%): ['-0.039']
Maximum Change: -0.039% after 5 minutes
Candle Analysis:
    Body Sizes (%): ['0.059']
    Upper Shadows (%): ['0.000']
    Lower Shadows (%): ['0.020']
Volumes: [np.float64(1732.78)]
==================================================
2025-05-15 02:50:27,795 - INFO - 
==================================================
EMA Cross Analysis - FXS/USDT
Time: 2025-05-15 02:45:00+09:00
Type: golden
Cross Character (Current): Weak
Cross Character (New): Weak
Price at Cross: 3.0463

1. Pre-Cross Pattern (15min):
EMA Distance Changes (%): ['0.222', '0.128', '0.023', '0.038']
EMA12 Changes (%): ['0.101', '0.149', '0.187', '0.115']
Price Changes (%): ['0.364', '0.413', '0.391', '-0.275']
Candle Analysis:
    Body Sizes (%): ['0.348', '0.466', '0.398', '0.304']
    Upper Shadows (%): ['0.000', '0.291', '0.085', '0.075']
    Lower Shadows (%): ['0.129', '0.013', '0.026', '0.118']
Volumes: [np.float64(6834.6), np.float64(12326.4), np.float64(14872.4), np.float64(9704.6)]
2025-05-15 02:50:27,796 - INFO - 
2. Post-Cross Movement (30min):
5min Price Changes (%): ['-0.013']
Maximum Change: -0.013% after 5 minutes
Candle Analysis:
    Body Sizes (%): ['0.007']
    Upper Shadows (%): ['0.000']
    Lower Shadows (%): ['0.016']
Volumes: [np.float64(149.2)]
==================================================
2025-05-15 02:50:33,549 - INFO - 
==================================================
EMA Cross Analysis - ATA/USDT
Time: 2025-05-15 02:50:00+09:00
Type: golden
Cross Character (Current): Weak
Cross Character (New): Weak
Price at Cross: 0.0683

1. Pre-Cross Pattern (15min):
EMA Distance Changes (%): ['0.161', '0.086', '0.039', '0.022']
EMA12 Changes (%): ['0.062', '0.121', '0.079', '0.113']
Price Changes (%): ['0.000', '0.442', '-0.147', '0.294']
Candle Analysis:
    Body Sizes (%): ['0.000', '0.294', '0.147', '0.147']
    Upper Shadows (%): ['0.147', '0.147', '0.147', '0.000']
    Lower Shadows (%): ['0.295', '0.147', '0.147', '0.000']
Volumes: [np.float64(58495.0), np.float64(15767.0), np.float64(338080.0), np.float64(6127.0)]
2025-05-15 02:50:33,550 - INFO - 
2. Post-Cross Movement (30min):
5min Price Changes (%): []
Maximum Change: 0.000% after 0 minutes
Candle Analysis:
    Body Sizes (%): []
    Upper Shadows (%): []
    Lower Shadows (%): []
Volumes: []
==================================================
2025-05-15 02:55:10,928 - INFO - 
==================================================
EMA Cross Analysis - ATA/USDT
Time: 2025-05-15 02:50:00+09:00
Type: golden
Cross Character (Current): Weak
Cross Character (New): Weak
Price at Cross: 0.0682

1. Pre-Cross Pattern (15min):
EMA Distance Changes (%): ['0.161', '0.086', '0.039', '0.010']
EMA12 Changes (%): ['0.062', '0.121', '0.079', '0.090']
Price Changes (%): ['0.000', '0.442', '-0.147', '0.147']
Candle Analysis:
    Body Sizes (%): ['0.000', '0.294', '0.147', '0.000']
    Upper Shadows (%): ['0.147', '0.147', '0.147', '0.147']
    Lower Shadows (%): ['0.295', '0.147', '0.147', '0.147']
Volumes: [np.float64(58495.0), np.float64(15767.0), np.float64(338080.0), np.float64(52552.0)]
2025-05-15 02:55:10,928 - INFO - 
2. Post-Cross Movement (30min):
5min Price Changes (%): ['0.147']
Maximum Change: 0.147% after 5 minutes
Candle Analysis:
    Body Sizes (%): ['0.147']
    Upper Shadows (%): ['0.000']
    Lower Shadows (%): ['0.000']
Volumes: [np.float64(107773.0)]
==================================================
2025-05-15 02:55:12,188 - INFO - 
==================================================
EMA Cross Analysis - HIVE/USDT
Time: 2025-05-15 02:55:00+09:00
Type: golden
Cross Character (Current): Weak
Cross Character (New): Weak
Price at Cross: 0.26917

1. Pre-Cross Pattern (15min):
EMA Distance Changes (%): ['0.062', '0.035', '0.004', '0.022']
EMA12 Changes (%): ['0.068', '0.043', '0.055', '0.049']
Price Changes (%): ['0.257', '-0.089', '0.119', '0.019']
Candle Analysis:
    Body Sizes (%): ['0.220', '0.104', '0.138', '0.022']
    Upper Shadows (%): ['0.104', '0.041', '0.067', '0.000']
    Lower Shadows (%): ['0.000', '0.048', '0.000', '0.000']
Volumes: [np.float64(25487.0), np.float64(12861.0), np.float64(26486.0), np.float64(1405.0)]
2025-05-15 02:55:12,188 - INFO - 
2. Post-Cross Movement (30min):
5min Price Changes (%): []
Maximum Change: 0.000% after 0 minutes
Candle Analysis:
    Body Sizes (%): []
    Upper Shadows (%): []
    Lower Shadows (%): []
Volumes: []
==================================================
2025-05-15 03:00:55,352 - INFO - 
==================================================
EMA Cross Analysis - ZRO/USDT
Time: 2025-05-15 03:00:00+09:00
Type: golden
Cross Character (Current): Weak
Cross Character (New): Weak
Price at Cross: 3.1711

1. Pre-Cross Pattern (15min):
EMA Distance Changes (%): ['0.132', '0.085', '0.036', '0.004']
EMA12 Changes (%): ['0.088', '0.072', '0.083', '0.072']
Price Changes (%): ['-0.309', '-0.016', '0.142', '0.016']
Candle Analysis:
    Body Sizes (%): ['0.315', '0.013', '0.142', '0.022']
    Upper Shadows (%): ['0.031', '0.351', '0.104', '0.079']
    Lower Shadows (%): ['0.098', '0.063', '0.133', '0.120']
Volumes: [np.float64(37168.7), np.float64(39787.9), np.float64(32976.8), np.float64(11125.3)]
2025-05-15 03:00:55,352 - INFO - 
2. Post-Cross Movement (30min):
5min Price Changes (%): []
Maximum Change: 0.000% after 0 minutes
Candle Analysis:
    Body Sizes (%): []
    Upper Shadows (%): []
    Lower Shadows (%): []
Volumes: []
==================================================
2025-05-15 03:00:59,028 - INFO - 
==================================================
EMA Cross Analysis - HIVE/USDT
Time: 2025-05-15 02:55:00+09:00
Type: golden
Cross Character (Current): Weak
Cross Character (New): Weak
Price at Cross: 0.26996

1. Pre-Cross Pattern (15min):
EMA Distance Changes (%): ['0.062', '0.035', '0.004', '0.045']
EMA12 Changes (%): ['0.068', '0.043', '0.055', '0.095']
Price Changes (%): ['0.257', '-0.089', '0.119', '0.312']
Candle Analysis:
    Body Sizes (%): ['0.220', '0.104', '0.138', '0.316']
    Upper Shadows (%): ['0.104', '0.041', '0.067', '0.004']
    Lower Shadows (%): ['0.000', '0.048', '0.000', '0.022']
Volumes: [np.float64(25487.0), np.float64(12861.0), np.float64(26486.0), np.float64(123793.0)]
2025-05-15 03:00:59,029 - INFO - 
2. Post-Cross Movement (30min):
5min Price Changes (%): ['0.056']
Maximum Change: 0.056% after 5 minutes
Candle Analysis:
    Body Sizes (%): ['0.052']
    Upper Shadows (%): ['0.000']
    Lower Shadows (%): ['0.022']
Volumes: [np.float64(8384.0)]
==================================================
2025-05-15 03:00:59,248 - INFO - 
==================================================
EMA Cross Analysis - COW/USDT
Time: 2025-05-15 02:55:00+09:00
Type: golden
Cross Character (Current): Weak
Cross Character (New): Weak
Price at Cross: 0.4024

1. Pre-Cross Pattern (15min):
EMA Distance Changes (%): ['0.119', '0.085', '0.044', '0.013']
EMA12 Changes (%): ['0.089', '0.048', '0.068', '0.104']
Price Changes (%): ['0.250', '-0.174', '0.175', '0.299']
Candle Analysis:
    Body Sizes (%): ['0.300', '0.174', '0.175', '0.274']
    Upper Shadows (%): ['0.100', '0.025', '0.300', '0.000']
    Lower Shadows (%): ['0.000', '0.100', '0.000', '0.000']
Volumes: [np.float64(46385.0), np.float64(39055.0), np.float64(50380.0), np.float64(73989.0)]
2025-05-15 03:00:59,248 - INFO - 
2. Post-Cross Movement (30min):
5min Price Changes (%): ['0.075']
Maximum Change: 0.075% after 5 minutes
Candle Analysis:
    Body Sizes (%): ['0.099']
    Upper Shadows (%): ['0.025']
    Lower Shadows (%): ['0.025']
Volumes: [np.float64(13034.0)]
==================================================
2025-05-15 03:05:27,367 - INFO - 
==================================================
EMA Cross Analysis - BAN/USDT
Time: 2025-05-15 03:00:00+09:00
Type: golden
Cross Character (Current): Weak
Cross Character (New): Weak
Price at Cross: 0.0655

1. Pre-Cross Pattern (15min):
EMA Distance Changes (%): ['0.109', '0.074', '0.042', '0.011']
EMA12 Changes (%): ['0.041', '0.051', '0.053', '0.097']
Price Changes (%): ['-0.123', '0.107', '0.061', '0.337']
Candle Analysis:
    Body Sizes (%): ['0.092', '0.107', '0.046', '0.337']
    Upper Shadows (%): ['0.000', '0.031', '0.215', '0.077']
    Lower Shadows (%): ['0.061', '0.015', '0.046', '0.031']
Volumes: [np.float64(50068.0), np.float64(24279.0), np.float64(77766.0), np.float64(145796.0)]
2025-05-15 03:05:27,368 - INFO - 
2. Post-Cross Movement (30min):
5min Price Changes (%): ['0.031']
Maximum Change: 0.031% after 5 minutes
Candle Analysis:
    Body Sizes (%): ['0.031']
    Upper Shadows (%): ['0.000']
    Lower Shadows (%): ['0.000']
Volumes: [np.float64(4170.0)]
==================================================
2025-05-15 03:05:28,892 - INFO - 
==================================================
EMA Cross Analysis - BAKE/USDT
Time: 2025-05-15 03:05:00+09:00
Type: golden
Cross Character (Current): Weak
Cross Character (New): Weak
Price at Cross: 0.1488

1. Pre-Cross Pattern (15min):
EMA Distance Changes (%): ['0.108', '0.059', '0.009', '0.030']
EMA12 Changes (%): ['0.045', '0.080', '0.088', '0.075']
Price Changes (%): ['0.068', '0.270', '0.135', '0.000']
Candle Analysis:
    Body Sizes (%): ['0.068', '0.270', '0.202', '0.067']
    Upper Shadows (%): ['0.000', '0.000', '0.000', '0.000']
    Lower Shadows (%): ['0.068', '0.000', '0.135', '0.000']
Volumes: [np.float64(45796.0), np.float64(65913.0), np.float64(231752.0), np.float64(44285.0)]
2025-05-15 03:05:28,892 - INFO - 
2. Post-Cross Movement (30min):
5min Price Changes (%): []
Maximum Change: 0.000% after 0 minutes
Candle Analysis:
    Body Sizes (%): []
    Upper Shadows (%): []
    Lower Shadows (%): []
Volumes: []
==================================================
2025-05-15 03:05:29,329 - INFO - 
==================================================
EMA Cross Analysis - 1000PEPE/USDT
Time: 2025-05-15 03:00:00+09:00
Type: golden
Cross Character (Current): Weak
Cross Character (New): Weak
Price at Cross: 0.0138979

1. Pre-Cross Pattern (15min):
EMA Distance Changes (%): ['0.288', '0.199', '0.096', '0.002']
EMA12 Changes (%): ['0.074', '0.130', '0.169', '0.177']
Price Changes (%): ['0.079', '0.437', '0.384', '0.221']
Candle Analysis:
    Body Sizes (%): ['0.077', '0.438', '0.384', '0.227']
    Upper Shadows (%): ['0.151', '0.146', '0.111', '0.067']
    Lower Shadows (%): ['0.171', '0.025', '0.000', '0.270']
Volumes: [np.float64(228131557.0), np.float64(298470170.0), np.float64(337866687.0), np.float64(394282390.0)]
2025-05-15 03:05:29,329 - INFO - 
2. Post-Cross Movement (30min):
5min Price Changes (%): ['-0.013']
Maximum Change: -0.013% after 5 minutes
Candle Analysis:
    Body Sizes (%): ['0.013']
    Upper Shadows (%): ['0.006']
    Lower Shadows (%): ['0.130']
Volumes: [np.float64(18198403.0)]
==================================================
2025-05-15 03:05:31,067 - INFO - 
==================================================
EMA Cross Analysis - DOGE/USDT
Time: 2025-05-15 03:05:00+09:00
Type: golden
Cross Character (Current): Weak
Cross Character (New): Weak
Price at Cross: 0.23318

1. Pre-Cross Pattern (15min):
EMA Distance Changes (%): ['0.145', '0.086', '0.011', '0.046']
EMA12 Changes (%): ['0.051', '0.092', '0.133', '0.109']
Price Changes (%): ['0.160', '0.319', '0.353', '-0.021']
Candle Analysis:
    Body Sizes (%): ['0.160', '0.315', '0.357', '0.017']
    Upper Shadows (%): ['0.121', '0.078', '0.000', '0.009']
    Lower Shadows (%): ['0.013', '0.000', '0.017', '0.077']
Volumes: [np.float64(11466158.0), np.float64(19502897.0), np.float64(29698687.0), np.float64(2580078.0)]
2025-05-15 03:05:31,067 - INFO - 
2. Post-Cross Movement (30min):
5min Price Changes (%): []
Maximum Change: 0.000% after 0 minutes
Candle Analysis:
    Body Sizes (%): []
    Upper Shadows (%): []
    Lower Shadows (%): []
Volumes: []
==================================================
2025-05-15 03:05:31,507 - INFO - 
==================================================
EMA Cross Analysis - GALA/USDT
Time: 2025-05-15 03:05:00+09:00
Type: golden
Cross Character (Current): Weak
Cross Character (New): Weak
Price at Cross: 0.02176

1. Pre-Cross Pattern (15min):
EMA Distance Changes (%): ['0.126', '0.071', '0.013', '0.040']
EMA12 Changes (%): ['0.036', '0.088', '0.103', '0.101']
Price Changes (%): ['0.185', '0.370', '0.184', '0.092']
Candle Analysis:
    Body Sizes (%): ['0.139', '0.370', '0.184', '0.092']
    Upper Shadows (%): ['0.185', '0.046', '0.046', '0.046']
    Lower Shadows (%): ['0.046', '0.000', '0.184', '0.000']
Volumes: [np.float64(6139022.0), np.float64(7159382.0), np.float64(9503334.0), np.float64(584245.0)]
2025-05-15 03:05:31,507 - INFO - 
2. Post-Cross Movement (30min):
5min Price Changes (%): []
Maximum Change: 0.000% after 0 minutes
Candle Analysis:
    Body Sizes (%): []
    Upper Shadows (%): []
    Lower Shadows (%): []
Volumes: []
==================================================
2025-05-15 03:05:32,375 - INFO - 
==================================================
EMA Cross Analysis - ZRO/USDT
Time: 2025-05-15 03:00:00+09:00
Type: golden
Cross Character (Current): Weak
Cross Character (New): Weak
Price at Cross: 3.1843

1. Pre-Cross Pattern (15min):
EMA Distance Changes (%): ['0.132', '0.085', '0.036', '0.037']
EMA12 Changes (%): ['0.088', '0.072', '0.083', '0.137']
Price Changes (%): ['-0.309', '-0.016', '0.142', '0.432']
Candle Analysis:
    Body Sizes (%): ['0.315', '0.013', '0.142', '0.438']
    Upper Shadows (%): ['0.031', '0.351', '0.104', '0.035']
    Lower Shadows (%): ['0.098', '0.063', '0.133', '0.155']
Volumes: [np.float64(37168.7), np.float64(39787.9), np.float64(32976.8), np.float64(45379.9)]
2025-05-15 03:05:32,375 - INFO - 
2. Post-Cross Movement (30min):
5min Price Changes (%): ['0.082']
Maximum Change: 0.082% after 5 minutes
Candle Analysis:
    Body Sizes (%): ['0.047']
    Upper Shadows (%): ['0.057']
    Lower Shadows (%): ['0.025']
Volumes: [np.float64(3642.8)]
==================================================
2025-05-15 03:05:32,811 - INFO - 
==================================================
EMA Cross Analysis - THETA/USDT
Time: 2025-05-15 03:05:00+09:00
Type: golden
Cross Character (Current): Weak
Cross Character (New): Weak
Price at Cross: 0.997

1. Pre-Cross Pattern (15min):
EMA Distance Changes (%): ['0.151', '0.104', '0.043', '0.001']
EMA12 Changes (%): ['0.034', '0.069', '0.103', '0.078']
Price Changes (%): ['0.162', '0.262', '0.292', '-0.060']
Candle Analysis:
    Body Sizes (%): ['0.182', '0.262', '0.292', '0.060']
    Upper Shadows (%): ['0.091', '0.020', '0.000', '0.000']
    Lower Shadows (%): ['0.000', '0.000', '0.020', '0.070']
Volumes: [np.float64(17254.8), np.float64(25147.3), np.float64(73622.3), np.float64(7892.7)]
2025-05-15 03:05:32,811 - INFO - 
2. Post-Cross Movement (30min):
5min Price Changes (%): []
Maximum Change: 0.000% after 0 minutes
Candle Analysis:
    Body Sizes (%): []
    Upper Shadows (%): []
    Lower Shadows (%): []
Volumes: []
==================================================
2025-05-15 03:05:35,593 - INFO - 
==================================================
EMA Cross Analysis - MOVE/USDT
Time: 2025-05-15 03:05:00+09:00
Type: golden
Cross Character (Current): Weak
Cross Character (New): Weak
Price at Cross: 0.2164

1. Pre-Cross Pattern (15min):
EMA Distance Changes (%): ['0.114', '0.072', '0.006', '0.043']
EMA12 Changes (%): ['0.025', '0.064', '0.118', '0.093']
Price Changes (%): ['0.000', '0.279', '0.417', '-0.046']
Candle Analysis:
    Body Sizes (%): ['0.000', '0.279', '0.464', '0.092']
    Upper Shadows (%): ['0.140', '0.000', '0.046', '0.000']
    Lower Shadows (%): ['0.047', '0.000', '0.046', '0.046']
Volumes: [np.float64(320638.0), np.float64(315389.0), np.float64(851951.0), np.float64(30412.0)]
2025-05-15 03:05:35,593 - INFO - 
2. Post-Cross Movement (30min):
5min Price Changes (%): []
Maximum Change: 0.000% after 0 minutes
Candle Analysis:
    Body Sizes (%): []
    Upper Shadows (%): []
    Lower Shadows (%): []
Volumes: []
==================================================
2025-05-15 03:05:36,464 - INFO - 
==================================================
EMA Cross Analysis - ZEN/USDT
Time: 2025-05-15 03:05:00+09:00
Type: golden
Cross Character (Current): Weak
Cross Character (New): Weak
Price at Cross: 10.351

1. Pre-Cross Pattern (15min):
EMA Distance Changes (%): ['0.090', '0.054', '0.001', '0.040']
EMA12 Changes (%): ['0.021', '0.057', '0.096', '0.079']
Price Changes (%): ['0.058', '0.253', '0.310', '-0.010']
Candle Analysis:
    Body Sizes (%): ['0.078', '0.233', '0.291', '0.019']
    Upper Shadows (%): ['0.107', '0.029', '0.000', '0.010']
    Lower Shadows (%): ['0.039', '0.010', '0.291', '0.039']
Volumes: [np.float64(949.1), np.float64(1278.9), np.float64(2551.1), np.float64(318.9)]
2025-05-15 03:05:36,464 - INFO - 
2. Post-Cross Movement (30min):
5min Price Changes (%): []
Maximum Change: 0.000% after 0 minutes
Candle Analysis:
    Body Sizes (%): []
    Upper Shadows (%): []
    Lower Shadows (%): []
Volumes: []
==================================================
2025-05-15 03:10:05,545 - INFO - 
==================================================
EMA Cross Analysis - BAKE/USDT
Time: 2025-05-15 03:05:00+09:00
Type: golden
Cross Character (Current): Weak
Cross Character (New): Weak
Price at Cross: 0.1488

1. Pre-Cross Pattern (15min):
EMA Distance Changes (%): ['0.108', '0.059', '0.009', '0.030']
EMA12 Changes (%): ['0.045', '0.080', '0.088', '0.075']
Price Changes (%): ['0.068', '0.270', '0.135', '0.000']
Candle Analysis:
    Body Sizes (%): ['0.068', '0.270', '0.202', '0.067']
    Upper Shadows (%): ['0.000', '0.000', '0.000', '0.202']
    Lower Shadows (%): ['0.068', '0.000', '0.135', '0.000']
Volumes: [np.float64(45796.0), np.float64(65913.0), np.float64(231752.0), np.float64(163389.0)]
2025-05-15 03:10:05,545 - INFO - 
2. Post-Cross Movement (30min):
5min Price Changes (%): ['0.000']
Maximum Change: 0.000% after 0 minutes
Candle Analysis:
    Body Sizes (%): ['0.000']
    Upper Shadows (%): ['0.000']
    Lower Shadows (%): ['0.000']
Volumes: [np.float64(201.0)]
==================================================
2025-05-15 03:10:07,723 - INFO - 
==================================================
EMA Cross Analysis - DOGE/USDT
Time: 2025-05-15 03:05:00+09:00
Type: golden
Cross Character (Current): Weak
Cross Character (New): Weak
Price at Cross: 0.23278

1. Pre-Cross Pattern (15min):
EMA Distance Changes (%): ['0.145', '0.086', '0.011', '0.032']
EMA12 Changes (%): ['0.051', '0.092', '0.133', '0.082']
Price Changes (%): ['0.160', '0.319', '0.353', '-0.193']
Candle Analysis:
    Body Sizes (%): ['0.160', '0.315', '0.357', '0.189']
    Upper Shadows (%): ['0.121', '0.078', '0.000', '0.107']
    Lower Shadows (%): ['0.013', '0.000', '0.017', '0.051']
Volumes: [np.float64(11466158.0), np.float64(19502897.0), np.float64(29698687.0), np.float64(21077071.0)]
2025-05-15 03:10:07,723 - INFO - 
2. Post-Cross Movement (30min):
5min Price Changes (%): ['-0.009']
Maximum Change: -0.009% after 5 minutes
Candle Analysis:
    Body Sizes (%): ['0.013']
    Upper Shadows (%): ['0.026']
    Lower Shadows (%): ['0.000']
Volumes: [np.float64(263793.0)]
==================================================
2025-05-15 03:10:08,158 - INFO - 
==================================================
EMA Cross Analysis - GALA/USDT
Time: 2025-05-15 03:05:00+09:00
Type: golden
Cross Character (Current): Weak
Cross Character (New): Weak
Price at Cross: 0.02172

1. Pre-Cross Pattern (15min):
EMA Distance Changes (%): ['0.126', '0.071', '0.013', '0.025']
EMA12 Changes (%): ['0.036', '0.088', '0.103', '0.073']
Price Changes (%): ['0.185', '0.370', '0.184', '-0.092']
Candle Analysis:
    Body Sizes (%): ['0.139', '0.370', '0.184', '0.092']
    Upper Shadows (%): ['0.185', '0.046', '0.046', '0.230']
    Lower Shadows (%): ['0.046', '0.000', '0.184', '0.046']
Volumes: [np.float64(6139022.0), np.float64(7159382.0), np.float64(9503334.0), np.float64(4779895.0)]
2025-05-15 03:10:08,159 - INFO - 
2. Post-Cross Movement (30min):
5min Price Changes (%): ['-0.092']
Maximum Change: -0.092% after 5 minutes
Candle Analysis:
    Body Sizes (%): ['0.046']
    Upper Shadows (%): ['0.000']
    Lower Shadows (%): ['0.000']
Volumes: [np.float64(70713.0)]
==================================================
2025-05-15 03:10:09,468 - INFO - 
==================================================
EMA Cross Analysis - THETA/USDT
Time: 2025-05-15 03:10:00+09:00
Type: golden
Cross Character (Current): Weak
Cross Character (New): Weak
Price at Cross: 0.9953

1. Pre-Cross Pattern (15min):
EMA Distance Changes (%): ['0.104', '0.043', '0.010', '0.013']
EMA12 Changes (%): ['0.069', '0.103', '0.058', '0.043']
Price Changes (%): ['0.262', '0.292', '-0.190', '-0.040']
Candle Analysis:
    Body Sizes (%): ['0.262', '0.292', '0.190', '0.050']
    Upper Shadows (%): ['0.020', '0.000', '0.070', '0.000']
    Lower Shadows (%): ['0.000', '0.020', '0.080', '0.000']
Volumes: [np.float64(25147.3), np.float64(73622.3), np.float64(53229.6), np.float64(958.1)]
2025-05-15 03:10:09,468 - INFO - 
2. Post-Cross Movement (30min):
5min Price Changes (%): []
Maximum Change: 0.000% after 0 minutes
Candle Analysis:
    Body Sizes (%): []
    Upper Shadows (%): []
    Lower Shadows (%): []
Volumes: []
==================================================
2025-05-15 03:10:11,210 - INFO - 
==================================================
EMA Cross Analysis - AIXBT/USDT
Time: 2025-05-15 03:10:00+09:00
Type: golden
Cross Character (Current): Strong
Cross Character (New): Weak
Price at Cross: 0.21188

1. Pre-Cross Pattern (15min):
EMA Distance Changes (%): ['0.242', '0.115', '0.011', '0.061']
EMA12 Changes (%): ['0.059', '0.210', '0.186', '0.138']
Price Changes (%): ['0.436', '1.034', '0.057', '-0.123']
Candle Analysis:
    Body Sizes (%): ['0.450', '1.058', '0.061', '0.123']
    Upper Shadows (%): ['0.148', '0.110', '0.170', '0.000']
    Lower Shadows (%): ['0.014', '0.000', '0.217', '0.000']
Volumes: [np.float64(429295.0), np.float64(1313633.0), np.float64(673445.0), np.float64(50271.0)]
2025-05-15 03:10:11,210 - INFO - 
2. Post-Cross Movement (30min):
5min Price Changes (%): []
Maximum Change: 0.000% after 0 minutes
Candle Analysis:
    Body Sizes (%): []
    Upper Shadows (%): []
    Lower Shadows (%): []
Volumes: []
==================================================
2025-05-15 03:10:12,253 - INFO - 
==================================================
EMA Cross Analysis - MOVE/USDT
Time: 2025-05-15 03:05:00+09:00
Type: golden
Cross Character (Current): Weak
Cross Character (New): Weak
Price at Cross: 0.2162

1. Pre-Cross Pattern (15min):
EMA Distance Changes (%): ['0.114', '0.072', '0.006', '0.035']
EMA12 Changes (%): ['0.025', '0.064', '0.118', '0.079']
Price Changes (%): ['0.000', '0.279', '0.417', '-0.139']
Candle Analysis:
    Body Sizes (%): ['0.000', '0.279', '0.464', '0.185']
    Upper Shadows (%): ['0.140', '0.000', '0.046', '0.046']
    Lower Shadows (%): ['0.047', '0.000', '0.046', '0.046']
Volumes: [np.float64(320638.0), np.float64(315389.0), np.float64(851951.0), np.float64(235410.0)]
2025-05-15 03:10:12,253 - INFO - 
2. Post-Cross Movement (30min):
5min Price Changes (%): ['0.000']
Maximum Change: 0.000% after 0 minutes
Candle Analysis:
    Body Sizes (%): ['0.046']
    Upper Shadows (%): ['0.000']
    Lower Shadows (%): ['0.000']
Volumes: [np.float64(51912.0)]
==================================================
2025-05-15 03:10:12,475 - INFO - 
==================================================
EMA Cross Analysis - GOAT/USDT
Time: 2025-05-15 03:10:00+09:00
Type: golden
Cross Character (Current): Weak
Cross Character (New): Weak
Price at Cross: 0.19541

1. Pre-Cross Pattern (15min):
EMA Distance Changes (%): ['0.263', '0.143', '0.052', '0.009']
EMA12 Changes (%): ['0.052', '0.191', '0.157', '0.112']
Price Changes (%): ['0.243', '0.949', '-0.026', '-0.133']
Candle Analysis:
    Body Sizes (%): ['0.222', '0.939', '0.010', '0.133']
    Upper Shadows (%): ['0.320', '0.083', '0.363', '0.046']
    Lower Shadows (%): ['0.041', '0.093', '0.143', '0.000']
Volumes: [np.float64(866189.0), np.float64(1671175.0), np.float64(1511038.0), np.float64(40755.0)]
2025-05-15 03:10:12,475 - INFO - 
2. Post-Cross Movement (30min):
5min Price Changes (%): []
Maximum Change: 0.000% after 0 minutes
Candle Analysis:
    Body Sizes (%): []
    Upper Shadows (%): []
    Lower Shadows (%): []
Volumes: []
==================================================
2025-05-15 03:10:13,128 - INFO - 
==================================================
EMA Cross Analysis - ZEN/USDT
Time: 2025-05-15 03:05:00+09:00
Type: golden
Cross Character (Current): Weak
Cross Character (New): Weak
Price at Cross: 10.32

1. Pre-Cross Pattern (15min):
EMA Distance Changes (%): ['0.090', '0.054', '0.001', '0.017']
EMA12 Changes (%): ['0.021', '0.057', '0.096', '0.033']
Price Changes (%): ['0.058', '0.253', '0.310', '-0.309']
Candle Analysis:
    Body Sizes (%): ['0.078', '0.233', '0.291', '0.319']
    Upper Shadows (%): ['0.107', '0.029', '0.000', '0.097']
    Lower Shadows (%): ['0.039', '0.010', '0.291', '0.039']
Volumes: [np.float64(949.1), np.float64(1278.9), np.float64(2551.1), np.float64(1343.3)]
2025-05-15 03:10:13,128 - INFO - 
2. Post-Cross Movement (30min):
5min Price Changes (%): ['-0.029']
Maximum Change: -0.029% after 5 minutes
Candle Analysis:
    Body Sizes (%): ['0.029']
    Upper Shadows (%): ['0.000']
    Lower Shadows (%): ['0.000']
Volumes: [np.float64(61.9)]
==================================================
2025-05-15 03:15:53,314 - INFO - 
==================================================
EMA Cross Analysis - ORDI/USDT
Time: 2025-05-15 03:15:00+09:00
Type: golden
Cross Character (Current): Weak
Cross Character (New): Weak
Price at Cross: 11.739

1. Pre-Cross Pattern (15min):
EMA Distance Changes (%): ['0.148', '0.081', '0.029', '0.009']
EMA12 Changes (%): ['0.145', '0.109', '0.090', '0.068']
Price Changes (%): ['0.668', '-0.085', '-0.017', '-0.051']
Candle Analysis:
    Body Sizes (%): ['0.668', '0.085', '0.026', '0.043']
    Upper Shadows (%): ['0.000', '0.000', '0.077', '0.017']
    Lower Shadows (%): ['0.180', '0.230', '0.306', '0.136']
Volumes: [np.float64(17478.5), np.float64(29170.6), np.float64(29195.5), np.float64(3670.3)]
2025-05-15 03:15:53,314 - INFO - 
2. Post-Cross Movement (30min):
5min Price Changes (%): []
Maximum Change: 0.000% after 0 minutes
Candle Analysis:
    Body Sizes (%): []
    Upper Shadows (%): []
    Lower Shadows (%): []
Volumes: []
==================================================
2025-05-15 03:15:55,056 - INFO - 
==================================================
EMA Cross Analysis - BNB/USDT
Time: 2025-05-15 03:10:00+09:00
Type: golden
Cross Character (Current): Weak
Cross Character (New): Weak
Price at Cross: 652.84

1. Pre-Cross Pattern (15min):
EMA Distance Changes (%): ['0.055', '0.032', '0.014', '0.001']
EMA12 Changes (%): ['0.024', '0.036', '0.029', '0.027']
Price Changes (%): ['0.026', '0.103', '-0.008', '0.017']
Candle Analysis:
    Body Sizes (%): ['0.025', '0.101', '0.008', '0.017']
    Upper Shadows (%): ['0.051', '0.011', '0.028', '0.070']
    Lower Shadows (%): ['0.086', '0.002', '0.028', '0.012']
Volumes: [np.float64(2501.17), np.float64(1897.55), np.float64(1827.8), np.float64(2399.46)]
2025-05-15 03:15:55,057 - INFO - 
2. Post-Cross Movement (30min):
5min Price Changes (%): ['-0.023']
Maximum Change: -0.023% after 5 minutes
Candle Analysis:
    Body Sizes (%): ['0.023']
    Upper Shadows (%): ['0.003']
    Lower Shadows (%): ['0.035']
Volumes: [np.float64(224.44)]
==================================================
2025-05-15 03:15:57,018 - INFO - 
==================================================
EMA Cross Analysis - AIXBT/USDT
Time: 2025-05-15 03:10:00+09:00
Type: golden
Cross Character (Current): Strong
Cross Character (New): Weak
Price at Cross: 0.21125

1. Pre-Cross Pattern (15min):
EMA Distance Changes (%): ['0.242', '0.115', '0.011', '0.037']
EMA12 Changes (%): ['0.059', '0.210', '0.186', '0.092']
Price Changes (%): ['0.436', '1.034', '0.057', '-0.420']
Candle Analysis:
    Body Sizes (%): ['0.450', '1.058', '0.061', '0.420']
    Upper Shadows (%): ['0.148', '0.110', '0.170', '0.099']
    Lower Shadows (%): ['0.014', '0.000', '0.217', '0.047']
Volumes: [np.float64(429295.0), np.float64(1313633.0), np.float64(673445.0), np.float64(628833.0)]
2025-05-15 03:15:57,018 - INFO - 
2. Post-Cross Movement (30min):
5min Price Changes (%): ['0.043']
Maximum Change: 0.043% after 5 minutes
Candle Analysis:
    Body Sizes (%): ['0.028']
    Upper Shadows (%): ['0.024']
    Lower Shadows (%): ['0.317']
Volumes: [np.float64(110814.0)]
==================================================
2025-05-15 03:15:58,286 - INFO - 
==================================================
EMA Cross Analysis - GOAT/USDT
Time: 2025-05-15 03:15:00+09:00
Type: golden
Cross Character (Current): Weak
Cross Character (New): Weak
Price at Cross: 0.19568

1. Pre-Cross Pattern (15min):
EMA Distance Changes (%): ['0.143', '0.052', '0.003', '0.059']
EMA12 Changes (%): ['0.191', '0.157', '0.088', '0.120']
Price Changes (%): ['0.949', '-0.026', '-0.286', '0.292']
Candle Analysis:
    Body Sizes (%): ['0.939', '0.010', '0.286', '0.292']
    Upper Shadows (%): ['0.083', '0.363', '0.087', '0.036']
    Lower Shadows (%): ['0.093', '0.143', '0.179', '0.277']
Volumes: [np.float64(1671175.0), np.float64(1511038.0), np.float64(1181585.0), np.float64(306610.0)]
2025-05-15 03:15:58,286 - INFO - 
2. Post-Cross Movement (30min):
5min Price Changes (%): []
Maximum Change: 0.000% after 0 minutes
Candle Analysis:
    Body Sizes (%): []
    Upper Shadows (%): []
    Lower Shadows (%): []
Volumes: []
==================================================
2025-05-15 03:15:58,940 - INFO - 
==================================================
EMA Cross Analysis - ZEN/USDT
Time: 2025-05-15 03:15:00+09:00
Type: dead
Cross Character (Current): Weak
Cross Character (New): Weak
Price at Cross: 10.281

1. Pre-Cross Pattern (15min):
EMA Distance Changes (%): ['0.001', '0.017', '0.010', '0.006']
EMA12 Changes (%): ['0.096', '0.033', '-0.011', '-0.029']
Price Changes (%): ['0.310', '-0.309', '-0.252', '-0.126']
Candle Analysis:
    Body Sizes (%): ['0.291', '0.319', '0.252', '0.117']
    Upper Shadows (%): ['0.000', '0.097', '0.000', '0.000']
    Lower Shadows (%): ['0.291', '0.039', '0.068', '0.107']
Volumes: [np.float64(2551.1), np.float64(1343.3), np.float64(1795.0), np.float64(98.4)]
2025-05-15 03:15:58,940 - INFO - 
2. Post-Cross Movement (30min):
5min Price Changes (%): []
Maximum Change: 0.000% after 0 minutes
Candle Analysis:
    Body Sizes (%): []
    Upper Shadows (%): []
    Lower Shadows (%): []
Volumes: []
==================================================
2025-05-15 03:20:26,532 - INFO - 
==================================================
EMA Cross Analysis - DOGS/USDT
Time: 2025-05-15 03:15:00+09:00
Type: golden
Cross Character (Current): Weak
Cross Character (New): Weak
Price at Cross: 0.0002245

1. Pre-Cross Pattern (15min):
EMA Distance Changes (%): ['0.119', '0.056', '0.038', '0.016']
EMA12 Changes (%): ['0.141', '0.106', '0.027', '0.099']
Price Changes (%): ['0.582', '-0.089', '-0.401', '0.492']
Candle Analysis:
    Body Sizes (%): ['0.628', '0.089', '0.312', '0.537']
    Upper Shadows (%): ['0.000', '0.312', '0.000', '0.179']
    Lower Shadows (%): ['0.000', '0.178', '0.045', '0.313']
Volumes: [np.float64(558001093.0), np.float64(464218869.0), np.float64(291128079.0), np.float64(430726594.0)]
2025-05-15 03:20:26,532 - INFO - 
2. Post-Cross Movement (30min):
5min Price Changes (%): ['0.267']
Maximum Change: 0.267% after 5 minutes
Candle Analysis:
    Body Sizes (%): ['0.267']
    Upper Shadows (%): ['0.089']
    Lower Shadows (%): ['0.045']
Volumes: [np.float64(223243933.0)]
==================================================
2025-05-15 03:20:26,968 - INFO - 
==================================================
EMA Cross Analysis - BOME/USDT
Time: 2025-05-15 03:20:00+09:00
Type: golden
Cross Character (Current): Weak
Cross Character (New): Weak
Price at Cross: 0.002743

1. Pre-Cross Pattern (15min):
EMA Distance Changes (%): ['0.242', '0.192', '0.085', '0.001']
EMA12 Changes (%): ['0.059', '0.062', '0.177', '0.155']
Price Changes (%): ['-0.367', '0.074', '0.809', '0.036']
Candle Analysis:
    Body Sizes (%): ['0.367', '0.037', '0.846', '0.073']
    Upper Shadows (%): ['0.293', '0.147', '0.184', '0.365']
    Lower Shadows (%): ['0.000', '0.110', '0.184', '0.073']
Volumes: [np.float64(127971836.0), np.float64(46460030.0), np.float64(63354832.0), np.float64(84754020.0)]
2025-05-15 03:20:26,969 - INFO - 
2. Post-Cross Movement (30min):
5min Price Changes (%): []
Maximum Change: 0.000% after 0 minutes
Candle Analysis:
    Body Sizes (%): []
    Upper Shadows (%): []
    Lower Shadows (%): []
Volumes: []
==================================================
2025-05-15 03:20:27,837 - INFO - 
==================================================
EMA Cross Analysis - NEAR/USDT
Time: 2025-05-15 03:20:00+09:00
Type: golden
Cross Character (Current): Weak
Cross Character (New): Weak
Price at Cross: 3.082

1. Pre-Cross Pattern (15min):
EMA Distance Changes (%): ['0.086', '0.078', '0.026', '0.035']
EMA12 Changes (%): ['0.046', '0.004', '0.089', '0.115']
Price Changes (%): ['-0.228', '-0.228', '0.556', '0.260']
Candle Analysis:
    Body Sizes (%): ['0.195', '0.228', '0.589', '0.260']
    Upper Shadows (%): ['0.098', '0.000', '0.000', '0.033']
    Lower Shadows (%): ['0.033', '0.131', '0.131', '0.033']
Volumes: [np.float64(79808.0), np.float64(82358.0), np.float64(92918.0), np.float64(88457.0)]
2025-05-15 03:20:27,837 - INFO - 
2. Post-Cross Movement (30min):
5min Price Changes (%): []
Maximum Change: 0.000% after 0 minutes
Candle Analysis:
    Body Sizes (%): []
    Upper Shadows (%): []
    Lower Shadows (%): []
Volumes: []
==================================================
2025-05-15 03:20:28,925 - INFO - 
==================================================
EMA Cross Analysis - ACX/USDT
Time: 2025-05-15 03:20:00+09:00
Type: golden
Cross Character (Current): Weak
Cross Character (New): Weak
Price at Cross: 0.2538

1. Pre-Cross Pattern (15min):
EMA Distance Changes (%): ['0.109', '0.108', '0.032', '0.030']
EMA12 Changes (%): ['0.057', '-0.013', '0.130', '0.116']
Price Changes (%): ['-0.237', '-0.396', '0.915', '0.039']
Candle Analysis:
    Body Sizes (%): ['0.198', '0.357', '0.915', '0.079']
    Upper Shadows (%): ['0.079', '0.079', '0.000', '0.158']
    Lower Shadows (%): ['0.000', '0.000', '0.040', '0.079']
Volumes: [np.float64(29690.9), np.float64(30883.1), np.float64(57705.0), np.float64(19255.6)]
2025-05-15 03:20:28,925 - INFO - 
2. Post-Cross Movement (30min):
5min Price Changes (%): []
Maximum Change: 0.000% after 0 minutes
Candle Analysis:
    Body Sizes (%): []
    Upper Shadows (%): []
    Lower Shadows (%): []
Volumes: []
==================================================
2025-05-15 03:20:29,145 - INFO - 
==================================================
EMA Cross Analysis - LINK/USDT
Time: 2025-05-15 03:15:00+09:00
Type: golden
Cross Character (Current): Weak
Cross Character (New): Weak
Price at Cross: 16.939

1. Pre-Cross Pattern (15min):
EMA Distance Changes (%): ['0.037', '0.021', '0.028', '0.005']
EMA12 Changes (%): ['0.071', '0.026', '-0.016', '0.060']
Price Changes (%): ['0.148', '-0.218', '-0.249', '0.475']
Candle Analysis:
    Body Sizes (%): ['0.148', '0.218', '0.243', '0.475']
    Upper Shadows (%): ['0.006', '0.100', '0.024', '0.000']
    Lower Shadows (%): ['0.148', '0.053', '0.065', '0.113']
Volumes: [np.float64(40538.4), np.float64(46623.33), np.float64(44674.28), np.float64(46305.8)]
2025-05-15 03:20:29,145 - INFO - 
2. Post-Cross Movement (30min):
5min Price Changes (%): ['0.295']
Maximum Change: 0.295% after 5 minutes
Candle Analysis:
    Body Sizes (%): ['0.295']
    Upper Shadows (%): ['0.100']
    Lower Shadows (%): ['0.065']
Volumes: [np.float64(91245.98)]
==================================================
2025-05-15 03:20:29,362 - INFO - 
==================================================
EMA Cross Analysis - POL/USDT
Time: 2025-05-15 03:15:00+09:00
Type: golden
Cross Character (Current): Weak
Cross Character (New): Weak
Price at Cross: 0.25168

1. Pre-Cross Pattern (15min):
EMA Distance Changes (%): ['0.072', '0.032', '0.015', '0.029']
EMA12 Changes (%): ['0.112', '0.067', '0.029', '0.082']
Price Changes (%): ['0.327', '-0.175', '-0.179', '0.371']
Candle Analysis:
    Body Sizes (%): ['0.327', '0.163', '0.187', '0.371']
    Upper Shadows (%): ['0.000', '0.155', '0.028', '0.004']
    Lower Shadows (%): ['0.004', '0.048', '0.199', '0.152']
Volumes: [np.float64(513987.0), np.float64(312895.0), np.float64(703483.0), np.float64(159525.0)]
2025-05-15 03:20:29,362 - INFO - 
2. Post-Cross Movement (30min):
5min Price Changes (%): ['0.254']
Maximum Change: 0.254% after 5 minutes
Candle Analysis:
    Body Sizes (%): ['0.254']
    Upper Shadows (%): ['0.119']
    Lower Shadows (%): ['0.000']
Volumes: [np.float64(157523.0)]
==================================================
2025-05-15 03:20:29,581 - INFO - 
==================================================
EMA Cross Analysis - MOODENG/USDT
Time: 2025-05-15 03:20:00+09:00
Type: golden
Cross Character (Current): Weak
Cross Character (New): Weak
Price at Cross: 0.2526

1. Pre-Cross Pattern (15min):
EMA Distance Changes (%): ['0.232', '0.221', '0.142', '0.017']
EMA12 Changes (%): ['0.084', '-0.011', '0.120', '0.288']
Price Changes (%): ['-0.177', '-0.534', '0.840', '1.206']
Candle Analysis:
    Body Sizes (%): ['0.168', '0.542', '0.869', '1.202']
    Upper Shadows (%): ['0.762', '0.036', '0.113', '0.040']
    Lower Shadows (%): ['0.144', '0.313', '0.546', '0.000']
Volumes: [np.float64(10581371.0), np.float64(7961138.0), np.float64(8548756.0), np.float64(4684432.0)]
2025-05-15 03:20:29,582 - INFO - 
2. Post-Cross Movement (30min):
5min Price Changes (%): []
Maximum Change: 0.000% after 0 minutes
Candle Analysis:
    Body Sizes (%): []
    Upper Shadows (%): []
    Lower Shadows (%): []
Volumes: []
==================================================
2025-05-15 03:20:30,016 - INFO - 
==================================================
EMA Cross Analysis - PHA/USDT
Time: 2025-05-15 03:20:00+09:00
Type: golden
Cross Character (Current): Weak
Cross Character (New): Weak
Price at Cross: 0.15026

1. Pre-Cross Pattern (15min):
EMA Distance Changes (%): ['0.088', '0.074', '0.014', '0.024']
EMA12 Changes (%): ['0.003', '0.014', '0.106', '0.072']
Price Changes (%): ['-0.526', '0.074', '0.609', '-0.113']
Candle Analysis:
    Body Sizes (%): ['0.513', '0.054', '0.609', '0.060']
    Upper Shadows (%): ['0.180', '0.127', '0.000', '0.366']
    Lower Shadows (%): ['0.060', '0.047', '0.749', '0.200']
Volumes: [np.float64(161183.0), np.float64(107547.0), np.float64(697532.0), np.float64(156143.0)]
2025-05-15 03:20:30,016 - INFO - 
2. Post-Cross Movement (30min):
5min Price Changes (%): []
Maximum Change: 0.000% after 0 minutes
Candle Analysis:
    Body Sizes (%): []
    Upper Shadows (%): []
    Lower Shadows (%): []
Volumes: []
==================================================
2025-05-15 03:20:30,236 - INFO - 
==================================================
EMA Cross Analysis - ORDI/USDT
Time: 2025-05-15 03:15:00+09:00
Type: golden
Cross Character (Current): Weak
Cross Character (New): Weak
Price at Cross: 11.782

1. Pre-Cross Pattern (15min):
EMA Distance Changes (%): ['0.148', '0.081', '0.029', '0.038']
EMA12 Changes (%): ['0.145', '0.109', '0.090', '0.125']
Price Changes (%): ['0.668', '-0.085', '-0.017', '0.315']
Candle Analysis:
    Body Sizes (%): ['0.668', '0.085', '0.026', '0.324']
    Upper Shadows (%): ['0.000', '0.000', '0.077', '0.000']
    Lower Shadows (%): ['0.180', '0.230', '0.306', '0.536']
Volumes: [np.float64(17478.5), np.float64(29170.6), np.float64(29195.5), np.float64(24227.2)]
2025-05-15 03:20:30,236 - INFO - 
2. Post-Cross Movement (30min):
5min Price Changes (%): ['0.187']
Maximum Change: 0.187% after 5 minutes
Candle Analysis:
    Body Sizes (%): ['0.238']
    Upper Shadows (%): ['0.187']
    Lower Shadows (%): ['0.000']
Volumes: [np.float64(11605.8)]
==================================================
2025-05-15 03:20:30,674 - INFO - 
==================================================
EMA Cross Analysis - XLM/USDT
Time: 2025-05-15 03:20:00+09:00
Type: golden
Cross Character (Current): Weak
Cross Character (New): Weak
Price at Cross: 0.3061

1. Pre-Cross Pattern (15min):
EMA Distance Changes (%): ['0.089', '0.077', '0.038', '0.009']
EMA12 Changes (%): ['0.041', '0.011', '0.064', '0.086']
Price Changes (%): ['-0.183', '-0.151', '0.355', '0.206']
Candle Analysis:
    Body Sizes (%): ['0.187', '0.154', '0.361', '0.223']
    Upper Shadows (%): ['0.072', '0.020', '0.000', '0.092']
    Lower Shadows (%): ['0.029', '0.062', '0.200', '0.000']
Volumes: [np.float64(710402.0), np.float64(544923.0), np.float64(962600.0), np.float64(299128.0)]
2025-05-15 03:20:30,674 - INFO - 
2. Post-Cross Movement (30min):
5min Price Changes (%): []
Maximum Change: 0.000% after 0 minutes
Candle Analysis:
    Body Sizes (%): []
    Upper Shadows (%): []
    Lower Shadows (%): []
Volumes: []
==================================================
2025-05-15 03:20:31,106 - INFO - 
==================================================
EMA Cross Analysis - TNSR/USDT
Time: 2025-05-15 03:20:00+09:00
Type: golden
Cross Character (Current): Weak
Cross Character (New): Weak
Price at Cross: 0.1808

1. Pre-Cross Pattern (15min):
EMA Distance Changes (%): ['0.204', '0.155', '0.056', '0.043']
EMA12 Changes (%): ['0.109', '0.066', '0.168', '0.185']
Price Changes (%): ['-0.056', '-0.167', '0.726', '0.277']
Candle Analysis:
    Body Sizes (%): ['0.111', '0.223', '0.670', '0.111']
    Upper Shadows (%): ['0.334', '0.167', '0.112', '0.221']
    Lower Shadows (%): ['0.000', '0.000', '0.112', '0.055']
Volumes: [np.float64(118905.6), np.float64(111136.3), np.float64(176819.8), np.float64(123163.2)]
2025-05-15 03:20:31,106 - INFO - 
2. Post-Cross Movement (30min):
5min Price Changes (%): []
Maximum Change: 0.000% after 0 minutes
Candle Analysis:
    Body Sizes (%): []
    Upper Shadows (%): []
    Lower Shadows (%): []
Volumes: []
==================================================
2025-05-15 03:20:31,544 - INFO - 
==================================================
EMA Cross Analysis - DOT/USDT
Time: 2025-05-15 03:15:00+09:00
Type: golden
Cross Character (Current): Weak
Cross Character (New): Weak
Price at Cross: 5.016

1. Pre-Cross Pattern (15min):
EMA Distance Changes (%): ['0.044', '0.022', '0.014', '0.013']
EMA12 Changes (%): ['0.076', '0.036', '0.012', '0.050']
Price Changes (%): ['0.220', '-0.179', '-0.120', '0.260']
Candle Analysis:
    Body Sizes (%): ['0.240', '0.199', '0.140', '0.260']
    Upper Shadows (%): ['0.020', '0.080', '0.000', '0.080']
    Lower Shadows (%): ['0.020', '0.000', '0.100', '0.160']
Volumes: [np.float64(100196.6), np.float64(71881.2), np.float64(83525.1), np.float64(103865.4)]
2025-05-15 03:20:31,544 - INFO - 
2. Post-Cross Movement (30min):
5min Price Changes (%): ['0.319']
Maximum Change: 0.319% after 5 minutes
Candle Analysis:
    Body Sizes (%): ['0.299']
    Upper Shadows (%): ['0.080']
    Lower Shadows (%): ['0.000']
Volumes: [np.float64(81146.6)]
==================================================
2025-05-15 03:20:32,198 - INFO - 
==================================================
EMA Cross Analysis - THETA/USDT
Time: 2025-05-15 03:15:00+09:00
Type: golden
Cross Character (Current): Weak
Cross Character (New): Weak
Price at Cross: 0.9971

1. Pre-Cross Pattern (15min):
EMA Distance Changes (%): ['0.043', '0.010', '0.008', '0.029']
EMA12 Changes (%): ['0.103', '0.058', '0.003', '0.070']
Price Changes (%): ['0.292', '-0.190', '-0.301', '0.443']
Candle Analysis:
    Body Sizes (%): ['0.292', '0.190', '0.311', '0.474']
    Upper Shadows (%): ['0.000', '0.070', '0.000', '0.262']
    Lower Shadows (%): ['0.020', '0.080', '0.020', '0.141']
Volumes: [np.float64(73622.3), np.float64(53229.6), np.float64(28416.7), np.float64(61348.7)]
2025-05-15 03:20:32,198 - INFO - 
2. Post-Cross Movement (30min):
5min Price Changes (%): ['0.251']
Maximum Change: 0.251% after 5 minutes
Candle Analysis:
    Body Sizes (%): ['0.251']
    Upper Shadows (%): ['0.170']
    Lower Shadows (%): ['0.050']
Volumes: [np.float64(32461.8)]
==================================================
2025-05-15 03:20:33,287 - INFO - 
==================================================
EMA Cross Analysis - WLD/USDT
Time: 2025-05-15 03:20:00+09:00
Type: golden
Cross Character (Current): Weak
Cross Character (New): Weak
Price at Cross: 1.2483

1. Pre-Cross Pattern (15min):
EMA Distance Changes (%): ['0.083', '0.068', '0.012', '0.052']
EMA12 Changes (%): ['0.115', '0.016', '0.098', '0.124']
Price Changes (%): ['0.056', '-0.522', '0.549', '0.265']
Candle Analysis:
    Body Sizes (%): ['0.064', '0.522', '0.549', '0.289']
    Upper Shadows (%): ['0.185', '0.008', '0.000', '0.121']
    Lower Shadows (%): ['0.105', '0.032', '0.275', '0.032']
Volumes: [np.float64(423334.0), np.float64(167107.0), np.float64(208248.0), np.float64(169981.0)]
2025-05-15 03:20:33,287 - INFO - 
2. Post-Cross Movement (30min):
5min Price Changes (%): []
Maximum Change: 0.000% after 0 minutes
Candle Analysis:
    Body Sizes (%): []
    Upper Shadows (%): []
    Lower Shadows (%): []
Volumes: []
==================================================
2025-05-15 03:20:35,200 - INFO - 
==================================================
EMA Cross Analysis - GOAT/USDT
Time: 2025-05-15 03:15:00+09:00
Type: golden
Cross Character (Current): Weak
Cross Character (New): Weak
Price at Cross: 0.19715

1. Pre-Cross Pattern (15min):
EMA Distance Changes (%): ['0.143', '0.052', '0.003', '0.118']
EMA12 Changes (%): ['0.191', '0.157', '0.088', '0.236']
Price Changes (%): ['0.949', '-0.026', '-0.286', '1.046']
Candle Analysis:
    Body Sizes (%): ['0.939', '0.010', '0.286', '1.046']
    Upper Shadows (%): ['0.083', '0.363', '0.087', '0.000']
    Lower Shadows (%): ['0.093', '0.143', '0.179', '0.277']
Volumes: [np.float64(1671175.0), np.float64(1511038.0), np.float64(1181585.0), np.float64(1955044.0)]
2025-05-15 03:20:35,200 - INFO - 
2. Post-Cross Movement (30min):
5min Price Changes (%): ['0.533']
Maximum Change: 0.533% after 5 minutes
Candle Analysis:
    Body Sizes (%): ['0.533']
    Upper Shadows (%): ['0.030']
    Lower Shadows (%): ['0.020']
Volumes: [np.float64(1198770.0)]
==================================================
2025-05-15 03:20:37,111 - INFO - 
==================================================
EMA Cross Analysis - MELANIA/USDT
Time: 2025-05-15 03:20:00+09:00
Type: golden
Cross Character (Current): Weak
Cross Character (New): Weak
Price at Cross: 0.4056

1. Pre-Cross Pattern (15min):
EMA Distance Changes (%): ['0.082', '0.095', '0.023', '0.068']
EMA12 Changes (%): ['0.072', '-0.035', '0.124', '0.174']
Price Changes (%): ['-0.273', '-0.621', '1.001', '0.446']
Candle Analysis:
    Body Sizes (%): ['0.297', '0.646', '1.001', '0.421']
    Upper Shadows (%): ['0.322', '0.149', '0.000', '0.099']
    Lower Shadows (%): ['0.025', '0.025', '0.075', '0.025']
Volumes: [np.float64(296051.14), np.float64(268633.24), np.float64(229147.95), np.float64(116375.52)]
2025-05-15 03:20:37,111 - INFO - 
2. Post-Cross Movement (30min):
5min Price Changes (%): []
Maximum Change: 0.000% after 0 minutes
Candle Analysis:
    Body Sizes (%): []
    Upper Shadows (%): []
    Lower Shadows (%): []
Volumes: []
==================================================
2025-05-15 03:25:04,849 - INFO - 
==================================================
EMA Cross Analysis - NEAR/USDT
Time: 2025-05-15 03:20:00+09:00
Type: golden
Cross Character (Current): Weak
Cross Character (New): Weak
Price at Cross: 3.069

1. Pre-Cross Pattern (15min):
EMA Distance Changes (%): ['0.086', '0.078', '0.026', '0.002']
EMA12 Changes (%): ['0.046', '0.004', '0.089', '0.050']
Price Changes (%): ['-0.228', '-0.228', '0.556', '-0.163']
Candle Analysis:
    Body Sizes (%): ['0.195', '0.228', '0.589', '0.163']
    Upper Shadows (%): ['0.098', '0.000', '0.000', '0.293']
    Lower Shadows (%): ['0.033', '0.131', '0.131', '0.065']
Volumes: [np.float64(79808.0), np.float64(82358.0), np.float64(92918.0), np.float64(225502.0)]
2025-05-15 03:25:04,849 - INFO - 
2. Post-Cross Movement (30min):
5min Price Changes (%): ['-0.033']
Maximum Change: -0.033% after 5 minutes
Candle Analysis:
    Body Sizes (%): ['0.033']
    Upper Shadows (%): ['0.000']
    Lower Shadows (%): ['0.000']
Volumes: [np.float64(577.0)]
==================================================
2025-05-15 03:25:05,951 - INFO - 
==================================================
EMA Cross Analysis - ACX/USDT
Time: 2025-05-15 03:20:00+09:00
Type: golden
Cross Character (Current): Weak
Cross Character (New): Weak
Price at Cross: 0.2533

1. Pre-Cross Pattern (15min):
EMA Distance Changes (%): ['0.109', '0.108', '0.032', '0.014']
EMA12 Changes (%): ['0.057', '-0.013', '0.130', '0.085']
Price Changes (%): ['-0.237', '-0.396', '0.915', '-0.158']
Candle Analysis:
    Body Sizes (%): ['0.198', '0.357', '0.915', '0.118']
    Upper Shadows (%): ['0.079', '0.079', '0.000', '0.237']
    Lower Shadows (%): ['0.000', '0.000', '0.040', '0.039']
Volumes: [np.float64(29690.9), np.float64(30883.1), np.float64(57705.0), np.float64(45849.0)]
2025-05-15 03:25:05,951 - INFO - 
2. Post-Cross Movement (30min):
5min Price Changes (%): ['-0.039']
Maximum Change: -0.039% after 5 minutes
Candle Analysis:
    Body Sizes (%): ['0.000']
    Upper Shadows (%): ['0.000']
    Lower Shadows (%): ['0.000']
Volumes: [np.float64(7.1)]
==================================================
2025-05-15 03:25:07,693 - INFO - 
==================================================
EMA Cross Analysis - XLM/USDT
Time: 2025-05-15 03:25:00+09:00
Type: golden
Cross Character (Current): Weak
Cross Character (New): Weak
Price at Cross: 0.30519

1. Pre-Cross Pattern (15min):
EMA Distance Changes (%): ['0.077', '0.038', '0.013', '0.005']
EMA12 Changes (%): ['0.011', '0.064', '0.044', '0.033']
Price Changes (%): ['-0.151', '0.355', '-0.069', '-0.023']
Candle Analysis:
    Body Sizes (%): ['0.154', '0.361', '0.052', '0.026']
    Upper Shadows (%): ['0.020', '0.000', '0.314', '0.000']
    Lower Shadows (%): ['0.062', '0.200', '0.039', '0.000']
Volumes: [np.float64(544923.0), np.float64(962600.0), np.float64(1258935.0), np.float64(11917.0)]
2025-05-15 03:25:07,693 - INFO - 
2. Post-Cross Movement (30min):
5min Price Changes (%): []
Maximum Change: 0.000% after 0 minutes
Candle Analysis:
    Body Sizes (%): []
    Upper Shadows (%): []
    Lower Shadows (%): []
Volumes: []
==================================================
2025-05-15 03:25:08,151 - INFO - 
==================================================
EMA Cross Analysis - TNSR/USDT
Time: 2025-05-15 03:25:00+09:00
Type: golden
Cross Character (Current): Weak
Cross Character (New): Weak
Price at Cross: 0.1796

1. Pre-Cross Pattern (15min):
EMA Distance Changes (%): ['0.155', '0.056', '0.010', '0.026']
EMA12 Changes (%): ['0.066', '0.168', '0.082', '0.069']
Price Changes (%): ['-0.167', '0.726', '-0.388', '0.000']
Candle Analysis:
    Body Sizes (%): ['0.223', '0.670', '0.554', '0.000']
    Upper Shadows (%): ['0.167', '0.112', '0.332', '0.000']
    Lower Shadows (%): ['0.000', '0.112', '0.166', '0.000']
Volumes: [np.float64(111136.3), np.float64(176819.8), np.float64(246704.2), np.float64(9443.7)]
2025-05-15 03:25:08,151 - INFO - 
2. Post-Cross Movement (30min):
5min Price Changes (%): []
Maximum Change: 0.000% after 0 minutes
Candle Analysis:
    Body Sizes (%): []
    Upper Shadows (%): []
    Lower Shadows (%): []
Volumes: []
==================================================
2025-05-15 03:25:10,334 - INFO - 
==================================================
EMA Cross Analysis - WLD/USDT
Time: 2025-05-15 03:20:00+09:00
Type: golden
Cross Character (Current): Weak
Cross Character (New): Weak
Price at Cross: 1.2415

1. Pre-Cross Pattern (15min):
EMA Distance Changes (%): ['0.083', '0.068', '0.012', '0.009']
EMA12 Changes (%): ['0.115', '0.016', '0.098', '0.040']
Price Changes (%): ['0.056', '-0.522', '0.549', '-0.281']
Candle Analysis:
    Body Sizes (%): ['0.064', '0.522', '0.549', '0.257']
    Upper Shadows (%): ['0.185', '0.008', '0.000', '0.410']
    Lower Shadows (%): ['0.105', '0.032', '0.275', '0.008']
Volumes: [np.float64(423334.0), np.float64(167107.0), np.float64(208248.0), np.float64(372666.0)]
2025-05-15 03:25:10,334 - INFO - 
2. Post-Cross Movement (30min):
5min Price Changes (%): ['-0.064']
Maximum Change: -0.064% after 5 minutes
Candle Analysis:
    Body Sizes (%): ['0.056']
    Upper Shadows (%): ['0.000']
    Lower Shadows (%): ['0.000']
Volumes: [np.float64(5175.0)]
==================================================
2025-05-15 03:25:14,163 - INFO - 
==================================================
EMA Cross Analysis - MELANIA/USDT
Time: 2025-05-15 03:20:00+09:00
Type: golden
Cross Character (Current): Weak
Cross Character (New): Weak
Price at Cross: 0.4045

1. Pre-Cross Pattern (15min):
EMA Distance Changes (%): ['0.082', '0.095', '0.023', '0.047']
EMA12 Changes (%): ['0.072', '-0.035', '0.124', '0.132']
Price Changes (%): ['-0.273', '-0.621', '1.001', '0.173']
Candle Analysis:
    Body Sizes (%): ['0.297', '0.646', '1.001', '0.149']
    Upper Shadows (%): ['0.322', '0.149', '0.000', '0.371']
    Lower Shadows (%): ['0.025', '0.025', '0.075', '0.025']
Volumes: [np.float64(296051.14), np.float64(268633.24), np.float64(229147.95), np.float64(456811.25)]
2025-05-15 03:25:14,164 - INFO - 
2. Post-Cross Movement (30min):
5min Price Changes (%): ['-0.025']
Maximum Change: -0.025% after 5 minutes
Candle Analysis:
    Body Sizes (%): ['0.025']
    Upper Shadows (%): ['0.000']
    Lower Shadows (%): ['0.025']
Volumes: [np.float64(3637.39)]
==================================================
2025-05-15 03:30:51,605 - INFO - 
==================================================
EMA Cross Analysis - ACX/USDT
Time: 2025-05-15 03:30:00+09:00
Type: dead
Cross Character (Current): Weak
Cross Character (New): Weak
Price at Cross: 0.2516

1. Pre-Cross Pattern (15min):
EMA Distance Changes (%): ['0.032', '0.014', '0.006', '0.010']
EMA12 Changes (%): ['0.130', '0.085', '-0.013', '-0.030']
Price Changes (%): ['0.915', '-0.158', '-0.553', '-0.119']
Candle Analysis:
    Body Sizes (%): ['0.915', '0.118', '0.513', '0.119']
    Upper Shadows (%): ['0.000', '0.237', '0.000', '0.000']
    Lower Shadows (%): ['0.040', '0.039', '0.000', '0.000']
Volumes: [np.float64(57705.0), np.float64(45849.0), np.float64(49118.8), np.float64(3246.3)]
2025-05-15 03:30:51,605 - INFO - 
2. Post-Cross Movement (30min):
5min Price Changes (%): []
Maximum Change: 0.000% after 0 minutes
Candle Analysis:
    Body Sizes (%): []
    Upper Shadows (%): []
    Lower Shadows (%): []
Volumes: []
==================================================
2025-05-15 03:30:52,914 - INFO - 
==================================================
EMA Cross Analysis - ORDI/USDT
Time: 2025-05-15 03:30:00+09:00
Type: dead
Cross Character (Current): Weak
Cross Character (New): Weak
Price at Cross: 11.64

1. Pre-Cross Pattern (15min):
EMA Distance Changes (%): ['0.038', '0.035', '0.005', '0.033']
EMA12 Changes (%): ['0.125', '0.000', '-0.052', '-0.073']
Price Changes (%): ['0.315', '-0.679', '-0.342', '-0.189']
Candle Analysis:
    Body Sizes (%): ['0.324', '0.628', '0.333', '0.189']
    Upper Shadows (%): ['0.000', '0.425', '0.120', '0.000']
    Lower Shadows (%): ['0.536', '0.000', '0.060', '0.009']
Volumes: [np.float64(24227.2), np.float64(35250.1), np.float64(18522.1), np.float64(5790.1)]
2025-05-15 03:30:52,914 - INFO - 
2. Post-Cross Movement (30min):
5min Price Changes (%): []
Maximum Change: 0.000% after 0 minutes
Candle Analysis:
    Body Sizes (%): []
    Upper Shadows (%): []
    Lower Shadows (%): []
Volumes: []
==================================================
2025-05-15 03:30:53,786 - INFO - 
==================================================
EMA Cross Analysis - TNSR/USDT
Time: 2025-05-15 03:25:00+09:00
Type: golden
Cross Character (Current): Weak
Cross Character (New): Weak
Price at Cross: 0.1794

1. Pre-Cross Pattern (15min):
EMA Distance Changes (%): ['0.155', '0.056', '0.010', '0.017']
EMA12 Changes (%): ['0.066', '0.168', '0.082', '0.052']
Price Changes (%): ['-0.167', '0.726', '-0.388', '-0.111']
Candle Analysis:
    Body Sizes (%): ['0.223', '0.670', '0.554', '0.111']
    Upper Shadows (%): ['0.167', '0.112', '0.332', '0.111']
    Lower Shadows (%): ['0.000', '0.112', '0.166', '0.056']
Volumes: [np.float64(111136.3), np.float64(176819.8), np.float64(246704.2), np.float64(86516.7)]
2025-05-15 03:30:53,786 - INFO - 
2. Post-Cross Movement (30min):
5min Price Changes (%): ['-0.056']
Maximum Change: -0.056% after 5 minutes
Candle Analysis:
    Body Sizes (%): ['0.111']
    Upper Shadows (%): ['0.000']
    Lower Shadows (%): ['0.000']
Volumes: [np.float64(15283.2)]
==================================================
2025-05-15 03:30:55,966 - INFO - 
==================================================
EMA Cross Analysis - WLD/USDT
Time: 2025-05-15 03:30:00+09:00
Type: dead
Cross Character (Current): Weak
Cross Character (New): Weak
Price at Cross: 1.2373

1. Pre-Cross Pattern (15min):
EMA Distance Changes (%): ['0.012', '0.009', '0.004', '0.006']
EMA12 Changes (%): ['0.098', '0.040', '-0.009', '-0.017']
Price Changes (%): ['0.549', '-0.281', '-0.274', '-0.065']
Candle Analysis:
    Body Sizes (%): ['0.549', '0.257', '0.266', '0.057']
    Upper Shadows (%): ['0.000', '0.410', '0.145', '0.016']
    Lower Shadows (%): ['0.275', '0.008', '0.032', '0.024']
Volumes: [np.float64(208248.0), np.float64(372666.0), np.float64(173495.0), np.float64(29566.0)]
2025-05-15 03:30:55,966 - INFO - 
2. Post-Cross Movement (30min):
5min Price Changes (%): []
Maximum Change: 0.000% after 0 minutes
Candle Analysis:
    Body Sizes (%): []
    Upper Shadows (%): []
    Lower Shadows (%): []
Volumes: []
==================================================
2025-05-15 03:35:29,801 - INFO - 
==================================================
EMA Cross Analysis - ORDI/USDT
Time: 2025-05-15 03:30:00+09:00
Type: dead
Cross Character (Current): Weak
Cross Character (New): Weak
Price at Cross: 11.675

1. Pre-Cross Pattern (15min):
EMA Distance Changes (%): ['0.038', '0.035', '0.005', '0.009']
EMA12 Changes (%): ['0.125', '0.000', '-0.052', '-0.027']
Price Changes (%): ['0.315', '-0.679', '-0.342', '0.111']
Candle Analysis:
    Body Sizes (%): ['0.324', '0.628', '0.333', '0.111']
    Upper Shadows (%): ['0.000', '0.425', '0.120', '0.026']
    Lower Shadows (%): ['0.536', '0.000', '0.060', '0.283']
Volumes: [np.float64(24227.2), np.float64(35250.1), np.float64(18522.1), np.float64(20012.1)]
2025-05-15 03:35:29,802 - INFO - 
2. Post-Cross Movement (30min):
5min Price Changes (%): ['-0.077']
Maximum Change: -0.077% after 5 minutes
Candle Analysis:
    Body Sizes (%): ['0.086']
    Upper Shadows (%): ['0.009']
    Lower Shadows (%): ['0.017']
Volumes: [np.float64(612.6)]
==================================================
2025-05-15 03:35:32,201 - INFO - 
==================================================
EMA Cross Analysis - EOS/USDT
Time: 2025-05-15 03:35:00+09:00
Type: golden
Cross Character (Current): Weak
Cross Character (New): Weak
Price at Cross: 0.811

1. Pre-Cross Pattern (15min):
EMA Distance Changes (%): ['0.047', '0.021', '0.001', '0.015']
EMA12 Changes (%): ['0.051', '0.043', '0.036', '0.031']
Price Changes (%): ['-0.246', '0.000', '0.000', '0.000']
Candle Analysis:
    Body Sizes (%): ['0.246', '0.123', '0.123', '0.000']
    Upper Shadows (%): ['0.123', '0.000', '0.123', '0.123']
    Lower Shadows (%): ['0.123', '0.123', '0.123', '0.000']
Volumes: [np.float64(551106.3), np.float64(272702.4), np.float64(293803.5), np.float64(1230.0)]
2025-05-15 03:35:32,201 - INFO - 
2. Post-Cross Movement (30min):
5min Price Changes (%): []
Maximum Change: 0.000% after 0 minutes
Candle Analysis:
    Body Sizes (%): []
    Upper Shadows (%): []
    Lower Shadows (%): []
Volumes: []
==================================================
2025-05-15 03:35:32,419 - INFO - 
==================================================
EMA Cross Analysis - XRP/USDT
Time: 2025-05-15 03:30:00+09:00
Type: golden
Cross Character (Current): Weak
Cross Character (New): Weak
Price at Cross: 2.5532

1. Pre-Cross Pattern (15min):
EMA Distance Changes (%): ['0.045', '0.023', '0.018', '0.001']
EMA12 Changes (%): ['0.066', '0.036', '0.005', '0.035']
Price Changes (%): ['0.413', '-0.125', '-0.165', '0.200']
Candle Analysis:
    Body Sizes (%): ['0.413', '0.133', '0.165', '0.200']
    Upper Shadows (%): ['0.063', '0.235', '0.086', '0.043']
    Lower Shadows (%): ['0.114', '0.008', '0.020', '0.039']
Volumes: [np.float64(1679923.3), np.float64(2021726.3), np.float64(1770882.9), np.float64(1523785.3)]
2025-05-15 03:35:32,419 - INFO - 
2. Post-Cross Movement (30min):
5min Price Changes (%): ['-0.008']
Maximum Change: -0.008% after 5 minutes
Candle Analysis:
    Body Sizes (%): ['0.008']
    Upper Shadows (%): ['0.027']
    Lower Shadows (%): ['0.020']
Volumes: [np.float64(110852.4)]
==================================================
2025-05-15 03:40:04,160 - INFO - 
==================================================
EMA Cross Analysis - NEAR/USDT
Time: 2025-05-15 03:40:00+09:00
Type: dead
Cross Character (Current): Weak
Cross Character (New): Weak
Price at Cross: 3.056

1. Pre-Cross Pattern (15min):
EMA Distance Changes (%): ['0.005', '0.016', '0.003', '0.010']
EMA12 Changes (%): ['0.007', '0.021', '-0.022', '-0.024']
Price Changes (%): ['-0.228', '0.098', '-0.261', '-0.033']
Candle Analysis:
    Body Sizes (%): ['0.228', '0.098', '0.261', '0.000']
    Upper Shadows (%): ['0.098', '0.000', '0.065', '0.000']
    Lower Shadows (%): ['0.000', '0.196', '0.131', '0.000']
Volumes: [np.float64(34821.0), np.float64(80330.0), np.float64(74386.0), np.float64(258.0)]
2025-05-15 03:40:04,160 - INFO - 
2. Post-Cross Movement (30min):
5min Price Changes (%): []
Maximum Change: 0.000% after 0 minutes
Candle Analysis:
    Body Sizes (%): []
    Upper Shadows (%): []
    Lower Shadows (%): []
Volumes: []
==================================================
2025-05-15 03:40:05,203 - INFO - 
==================================================
EMA Cross Analysis - ACX/USDT
Time: 2025-05-15 03:35:00+09:00
Type: dead
Cross Character (Current): Weak
Cross Character (New): Weak
Price at Cross: 0.251

1. Pre-Cross Pattern (15min):
EMA Distance Changes (%): ['0.014', '0.006', '0.006', '0.029']
EMA12 Changes (%): ['0.085', '-0.013', '0.001', '-0.066']
Price Changes (%): ['-0.158', '-0.553', '0.079', '-0.436']
Candle Analysis:
    Body Sizes (%): ['0.118', '0.513', '0.079', '0.436']
    Upper Shadows (%): ['0.237', '0.000', '0.040', '0.000']
    Lower Shadows (%): ['0.039', '0.000', '0.238', '0.040']
Volumes: [np.float64(45849.0), np.float64(49118.8), np.float64(27949.0), np.float64(11303.0)]
2025-05-15 03:40:05,204 - INFO - 
2. Post-Cross Movement (30min):
5min Price Changes (%): ['0.000']
Maximum Change: 0.000% after 0 minutes
Candle Analysis:
    Body Sizes (%): ['0.040']
    Upper Shadows (%): ['0.000']
    Lower Shadows (%): ['0.000']
Volumes: [np.float64(2376.5)]
==================================================
2025-05-15 03:40:09,636 - INFO - 
==================================================
EMA Cross Analysis - WLD/USDT
Time: 2025-05-15 03:40:00+09:00
Type: dead
Cross Character (Current): Weak
Cross Character (New): Weak
Price at Cross: 1.2367

1. Pre-Cross Pattern (15min):
EMA Distance Changes (%): ['0.004', '0.023', '0.007', '0.007']
EMA12 Changes (%): ['-0.009', '0.037', '-0.027', '-0.026']
Price Changes (%): ['-0.274', '0.291', '-0.379', '-0.024']
Candle Analysis:
    Body Sizes (%): ['0.266', '0.299', '0.379', '0.024']
    Upper Shadows (%): ['0.145', '0.032', '0.064', '0.000']
    Lower Shadows (%): ['0.032', '0.178', '0.129', '0.016']
Volumes: [np.float64(173495.0), np.float64(228492.0), np.float64(170319.0), np.float64(1169.0)]
2025-05-15 03:40:09,636 - INFO - 
2. Post-Cross Movement (30min):
5min Price Changes (%): []
Maximum Change: 0.000% after 0 minutes
Candle Analysis:
    Body Sizes (%): []
    Upper Shadows (%): []
    Lower Shadows (%): []
Volumes: []
==================================================
2025-05-15 03:45:50,144 - INFO - 
==================================================
EMA Cross Analysis - NEAR/USDT
Time: 2025-05-15 03:40:00+09:00
Type: dead
Cross Character (Current): Weak
Cross Character (New): Weak
Price at Cross: 3.053

1. Pre-Cross Pattern (15min):
EMA Distance Changes (%): ['0.005', '0.016', '0.003', '0.017']
EMA12 Changes (%): ['0.007', '0.021', '-0.022', '-0.039']
Price Changes (%): ['-0.228', '0.098', '-0.261', '-0.131']
Candle Analysis:
    Body Sizes (%): ['0.228', '0.098', '0.261', '0.098']
    Upper Shadows (%): ['0.098', '0.000', '0.065', '0.164']
    Lower Shadows (%): ['0.000', '0.196', '0.131', '0.098']
Volumes: [np.float64(34821.0), np.float64(80330.0), np.float64(74386.0), np.float64(105699.0)]
2025-05-15 03:45:50,144 - INFO - 
2. Post-Cross Movement (30min):
5min Price Changes (%): ['-0.098']
Maximum Change: -0.098% after 5 minutes
Candle Analysis:
    Body Sizes (%): ['0.066']
    Upper Shadows (%): ['0.033']
    Lower Shadows (%): ['0.000']
Volumes: [np.float64(11469.0)]
==================================================
2025-05-15 03:45:52,976 - INFO - 
==================================================
EMA Cross Analysis - XLM/USDT
Time: 2025-05-15 03:45:00+09:00
Type: dead
Cross Character (Current): Weak
Cross Character (New): Weak
Price at Cross: 0.30442

1. Pre-Cross Pattern (15min):
EMA Distance Changes (%): ['0.009', '0.007', '0.005', '0.001']
EMA12 Changes (%): ['0.035', '-0.002', '-0.004', '-0.011']
Price Changes (%): ['0.204', '-0.203', '-0.016', '-0.046']
Candle Analysis:
    Body Sizes (%): ['0.204', '0.206', '0.023', '0.046']
    Upper Shadows (%): ['0.059', '0.016', '0.095', '0.023']
    Lower Shadows (%): ['0.144', '0.138', '0.062', '0.059']
Volumes: [np.float64(1261436.0), np.float64(944166.0), np.float64(700466.0), np.float64(295347.0)]
2025-05-15 03:45:52,976 - INFO - 
2. Post-Cross Movement (30min):
5min Price Changes (%): []
Maximum Change: 0.000% after 0 minutes
Candle Analysis:
    Body Sizes (%): []
    Upper Shadows (%): []
    Lower Shadows (%): []
Volumes: []
==================================================
2025-05-15 03:45:54,501 - INFO - 
==================================================
EMA Cross Analysis - THETA/USDT
Time: 2025-05-15 03:45:00+09:00
Type: dead
Cross Character (Current): Weak
Cross Character (New): Weak
Price at Cross: 0.9913

1. Pre-Cross Pattern (15min):
EMA Distance Changes (%): ['0.051', '0.032', '0.012', '0.004']
EMA12 Changes (%): ['0.016', '-0.030', '-0.033', '-0.030']
Price Changes (%): ['0.050', '-0.281', '-0.050', '-0.010']
Candle Analysis:
    Body Sizes (%): ['0.040', '0.271', '0.040', '0.000']
    Upper Shadows (%): ['0.030', '0.020', '0.101', '0.061']
    Lower Shadows (%): ['0.272', '0.121', '0.000', '0.020']
Volumes: [np.float64(36440.2), np.float64(20447.4), np.float64(15989.0), np.float64(4764.0)]
2025-05-15 03:45:54,501 - INFO - 
2. Post-Cross Movement (30min):
5min Price Changes (%): []
Maximum Change: 0.000% after 0 minutes
Candle Analysis:
    Body Sizes (%): []
    Upper Shadows (%): []
    Lower Shadows (%): []
Volumes: []
==================================================
2025-05-15 03:45:55,595 - INFO - 
==================================================
EMA Cross Analysis - WLD/USDT
Time: 2025-05-15 03:40:00+09:00
Type: dead
Cross Character (Current): Weak
Cross Character (New): Weak
Price at Cross: 1.2371

1. Pre-Cross Pattern (15min):
EMA Distance Changes (%): ['0.004', '0.023', '0.007', '0.004']
EMA12 Changes (%): ['-0.009', '0.037', '-0.027', '-0.021']
Price Changes (%): ['-0.274', '0.291', '-0.379', '0.008']
Candle Analysis:
    Body Sizes (%): ['0.266', '0.299', '0.379', '0.008']
    Upper Shadows (%): ['0.145', '0.032', '0.064', '0.243']
    Lower Shadows (%): ['0.032', '0.178', '0.129', '0.065']
Volumes: [np.float64(173495.0), np.float64(228492.0), np.float64(170319.0), np.float64(75769.0)]
2025-05-15 03:45:55,595 - INFO - 
2. Post-Cross Movement (30min):
5min Price Changes (%): ['0.081']
Maximum Change: 0.081% after 5 minutes
Candle Analysis:
    Body Sizes (%): ['0.065']
    Upper Shadows (%): ['0.065']
    Lower Shadows (%): ['0.000']
Volumes: [np.float64(26062.0)]
==================================================
2025-05-15 03:45:58,159 - INFO - 
==================================================
EMA Cross Analysis - ZEN/USDT
Time: 2025-05-15 03:45:00+09:00
Type: dead
Cross Character (Current): Weak
Cross Character (New): Weak
Price at Cross: 10.285

1. Pre-Cross Pattern (15min):
EMA Distance Changes (%): ['0.040', '0.022', '0.007', '0.007']
EMA12 Changes (%): ['0.009', '-0.028', '-0.025', '-0.026']
Price Changes (%): ['0.078', '-0.233', '-0.010', '-0.029']
Candle Analysis:
    Body Sizes (%): ['0.087', '0.223', '0.000', '0.049']
    Upper Shadows (%): ['0.000', '0.058', '0.224', '0.019']
    Lower Shadows (%): ['0.272', '0.155', '0.039', '0.010']
Volumes: [np.float64(1064.2), np.float64(3450.8), np.float64(1067.8), np.float64(123.7)]
2025-05-15 03:45:58,159 - INFO - 
2. Post-Cross Movement (30min):
5min Price Changes (%): []
Maximum Change: 0.000% after 0 minutes
Candle Analysis:
    Body Sizes (%): []
    Upper Shadows (%): []
    Lower Shadows (%): []
Volumes: []
==================================================
2025-05-15 03:45:58,811 - INFO - 
==================================================
EMA Cross Analysis - BRETT/USDT
Time: 2025-05-15 03:45:00+09:00
Type: golden
Cross Character (Current): Weak
Cross Character (New): Weak
Price at Cross: 0.07547

1. Pre-Cross Pattern (15min):
EMA Distance Changes (%): ['0.097', '0.054', '0.007', '0.014']
EMA12 Changes (%): ['0.072', '0.069', '0.083', '0.039']
Price Changes (%): ['0.239', '0.053', '0.159', '-0.198']
Candle Analysis:
    Body Sizes (%): ['0.252', '0.013', '0.146', '0.172']
    Upper Shadows (%): ['0.066', '0.119', '0.318', '0.000']
    Lower Shadows (%): ['0.252', '0.318', '0.026', '0.106']
Volumes: [np.float64(819053.0), np.float64(633232.0), np.float64(1130769.0), np.float64(166336.0)]
2025-05-15 03:45:58,812 - INFO - 
2. Post-Cross Movement (30min):
5min Price Changes (%): []
Maximum Change: 0.000% after 0 minutes
Candle Analysis:
    Body Sizes (%): []
    Upper Shadows (%): []
    Lower Shadows (%): []
Volumes: []
==================================================
2025-05-15 03:50:29,819 - INFO - 
==================================================
EMA Cross Analysis - XLM/USDT
Time: 2025-05-15 03:45:00+09:00
Type: dead
Cross Character (Current): Weak
Cross Character (New): Weak
Price at Cross: 0.30441

1. Pre-Cross Pattern (15min):
EMA Distance Changes (%): ['0.009', '0.007', '0.005', '0.002']
EMA12 Changes (%): ['0.035', '-0.002', '-0.004', '-0.011']
Price Changes (%): ['0.204', '-0.203', '-0.016', '-0.049']
Candle Analysis:
    Body Sizes (%): ['0.204', '0.206', '0.023', '0.049']
    Upper Shadows (%): ['0.059', '0.016', '0.095', '0.085']
    Lower Shadows (%): ['0.144', '0.138', '0.062', '0.056']
Volumes: [np.float64(1261436.0), np.float64(944166.0), np.float64(700466.0), np.float64(705618.0)]
2025-05-15 03:50:29,819 - INFO - 
2. Post-Cross Movement (30min):
5min Price Changes (%): ['-0.003']
Maximum Change: -0.003% after 5 minutes
Candle Analysis:
    Body Sizes (%): ['0.000']
    Upper Shadows (%): ['0.000']
    Lower Shadows (%): ['0.085']
Volumes: [np.float64(24445.0)]
==================================================
2025-05-15 03:50:31,344 - INFO - 
==================================================
EMA Cross Analysis - THETA/USDT
Time: 2025-05-15 03:45:00+09:00
Type: dead
Cross Character (Current): Weak
Cross Character (New): Weak
Price at Cross: 0.991

1. Pre-Cross Pattern (15min):
EMA Distance Changes (%): ['0.051', '0.032', '0.012', '0.007']
EMA12 Changes (%): ['0.016', '-0.030', '-0.033', '-0.034']
Price Changes (%): ['0.050', '-0.281', '-0.050', '-0.040']
Candle Analysis:
    Body Sizes (%): ['0.040', '0.271', '0.040', '0.030']
    Upper Shadows (%): ['0.030', '0.020', '0.101', '0.212']
    Lower Shadows (%): ['0.272', '0.121', '0.000', '0.000']
Volumes: [np.float64(36440.2), np.float64(20447.4), np.float64(15989.0), np.float64(7812.0)]
2025-05-15 03:50:31,344 - INFO - 
2. Post-Cross Movement (30min):
5min Price Changes (%): ['-0.020']
Maximum Change: -0.020% after 5 minutes
Candle Analysis:
    Body Sizes (%): ['0.010']
    Upper Shadows (%): ['0.000']
    Lower Shadows (%): ['0.081']
Volumes: [np.float64(1533.5)]
==================================================
2025-05-15 03:50:34,996 - INFO - 
==================================================
EMA Cross Analysis - ZEN/USDT
Time: 2025-05-15 03:45:00+09:00
Type: dead
Cross Character (Current): Weak
Cross Character (New): Weak
Price at Cross: 10.273

1. Pre-Cross Pattern (15min):
EMA Distance Changes (%): ['0.040', '0.022', '0.007', '0.016']
EMA12 Changes (%): ['0.009', '-0.028', '-0.025', '-0.044']
Price Changes (%): ['0.078', '-0.233', '-0.010', '-0.146']
Candle Analysis:
    Body Sizes (%): ['0.087', '0.223', '0.000', '0.165']
    Upper Shadows (%): ['0.000', '0.058', '0.224', '0.117']
    Lower Shadows (%): ['0.272', '0.155', '0.039', '0.000']
Volumes: [np.float64(1064.2), np.float64(3450.8), np.float64(1067.8), np.float64(791.2)]
2025-05-15 03:50:34,996 - INFO - 
2. Post-Cross Movement (30min):
5min Price Changes (%): ['0.068']
Maximum Change: 0.068% after 5 minutes
Candle Analysis:
    Body Sizes (%): ['0.078']
    Upper Shadows (%): ['0.010']
    Lower Shadows (%): ['0.088']
Volumes: [np.float64(2243.6)]
==================================================
2025-05-15 03:50:35,653 - INFO - 
==================================================
EMA Cross Analysis - BRETT/USDT
Time: 2025-05-15 03:45:00+09:00
Type: golden
Cross Character (Current): Weak
Cross Character (New): Weak
Price at Cross: 0.07565

1. Pre-Cross Pattern (15min):
EMA Distance Changes (%): ['0.097', '0.054', '0.007', '0.032']
EMA12 Changes (%): ['0.072', '0.069', '0.083', '0.076']
Price Changes (%): ['0.239', '0.053', '0.159', '0.040']
Candle Analysis:
    Body Sizes (%): ['0.252', '0.013', '0.146', '0.066']
    Upper Shadows (%): ['0.066', '0.119', '0.318', '0.119']
    Lower Shadows (%): ['0.252', '0.318', '0.026', '0.291']
Volumes: [np.float64(819053.0), np.float64(633232.0), np.float64(1130769.0), np.float64(616924.0)]
2025-05-15 03:50:35,653 - INFO - 
2. Post-Cross Movement (30min):
5min Price Changes (%): ['-0.040']
Maximum Change: -0.040% after 5 minutes
Candle Analysis:
    Body Sizes (%): ['0.026']
    Upper Shadows (%): ['0.000']
    Lower Shadows (%): ['0.225']
Volumes: [np.float64(66500.0)]
==================================================
2025-05-15 04:00:54,177 - INFO - 
==================================================
EMA Cross Analysis - THETA/USDT
Time: 2025-05-15 04:00:00+09:00
Type: dead
Cross Character (Current): Weak
Cross Character (New): Weak
Price at Cross: 0.9927

1. Pre-Cross Pattern (15min):
EMA Distance Changes (%): ['0.007', '0.006', '0.002', '0.001']
EMA12 Changes (%): ['-0.034', '0.000', '0.014', '-0.005']
Price Changes (%): ['-0.040', '0.192', '0.091', '-0.111']
Candle Analysis:
    Body Sizes (%): ['0.030', '0.202', '0.101', '0.101']
    Upper Shadows (%): ['0.212', '0.020', '0.000', '0.050']
    Lower Shadows (%): ['0.000', '0.091', '0.181', '0.020']
Volumes: [np.float64(7812.0), np.float64(9259.6), np.float64(23557.7), np.float64(13628.0)]
2025-05-15 04:00:54,177 - INFO - 
2. Post-Cross Movement (30min):
5min Price Changes (%): []
Maximum Change: 0.000% after 0 minutes
Candle Analysis:
    Body Sizes (%): []
    Upper Shadows (%): []
    Lower Shadows (%): []
Volumes: []
==================================================
2025-05-15 04:05:27,810 - INFO - 
==================================================
EMA Cross Analysis - ACX/USDT
Time: 2025-05-15 04:05:00+09:00
Type: golden
Cross Character (Current): Weak
Cross Character (New): Weak
Price at Cross: 0.2525

1. Pre-Cross Pattern (15min):
EMA Distance Changes (%): ['0.054', '0.032', '0.018', '0.002']
EMA12 Changes (%): ['0.004', '0.034', '0.023', '0.037']
Price Changes (%): ['0.119', '0.199', '-0.040', '0.119']
Candle Analysis:
    Body Sizes (%): ['0.159', '0.238', '0.079', '0.079']
    Upper Shadows (%): ['0.040', '0.000', '0.000', '0.000']
    Lower Shadows (%): ['0.159', '0.159', '0.158', '0.000']
Volumes: [np.float64(13994.2), np.float64(36322.4), np.float64(58332.9), np.float64(4339.3)]
2025-05-15 04:05:27,810 - INFO - 
2. Post-Cross Movement (30min):
5min Price Changes (%): []
Maximum Change: 0.000% after 0 minutes
Candle Analysis:
    Body Sizes (%): []
    Upper Shadows (%): []
    Lower Shadows (%): []
Volumes: []
==================================================
2025-05-15 04:05:29,771 - INFO - 
==================================================
EMA Cross Analysis - GALA/USDT
Time: 2025-05-15 04:05:00+09:00
Type: dead
Cross Character (Current): Weak
Cross Character (New): Weak
Price at Cross: 0.02159

1. Pre-Cross Pattern (15min):
EMA Distance Changes (%): ['0.026', '0.031', '0.005', '0.016']
EMA12 Changes (%): ['-0.010', '0.013', '-0.046', '-0.039']
Price Changes (%): ['0.093', '0.139', '-0.369', '0.000']
Candle Analysis:
    Body Sizes (%): ['0.046', '0.185', '0.369', '0.046']
    Upper Shadows (%): ['0.231', '0.092', '0.000', '0.000']
    Lower Shadows (%): ['0.139', '0.139', '0.138', '0.046']
Volumes: [np.float64(8956775.0), np.float64(8690180.0), np.float64(17395609.0), np.float64(367961.0)]
2025-05-15 04:05:29,771 - INFO - 
2. Post-Cross Movement (30min):
5min Price Changes (%): []
Maximum Change: 0.000% after 0 minutes
Candle Analysis:
    Body Sizes (%): []
    Upper Shadows (%): []
    Lower Shadows (%): []
Volumes: []
==================================================
2025-05-15 04:05:31,077 - INFO - 
==================================================
EMA Cross Analysis - THETA/USDT
Time: 2025-05-15 04:00:00+09:00
Type: dead
Cross Character (Current): Weak
Cross Character (New): Weak
Price at Cross: 0.9919

1. Pre-Cross Pattern (15min):
EMA Distance Changes (%): ['0.007', '0.006', '0.002', '0.007']
EMA12 Changes (%): ['-0.034', '0.000', '0.014', '-0.017']
Price Changes (%): ['-0.040', '0.192', '0.091', '-0.191']
Candle Analysis:
    Body Sizes (%): ['0.030', '0.202', '0.101', '0.181']
    Upper Shadows (%): ['0.212', '0.020', '0.000', '0.050']
    Lower Shadows (%): ['0.000', '0.091', '0.181', '0.141']
Volumes: [np.float64(7812.0), np.float64(9259.6), np.float64(23557.7), np.float64(44376.9)]
2025-05-15 04:05:31,078 - INFO - 
2. Post-Cross Movement (30min):
5min Price Changes (%): ['0.050']
Maximum Change: 0.050% after 5 minutes
Candle Analysis:
    Body Sizes (%): ['0.050']
    Upper Shadows (%): ['0.010']
    Lower Shadows (%): ['0.000']
Volumes: [np.float64(1390.8)]
==================================================
2025-05-15 04:05:34,716 - INFO - 
==================================================
EMA Cross Analysis - ZEN/USDT
Time: 2025-05-15 04:05:00+09:00
Type: dead
Cross Character (Current): Weak
Cross Character (New): Weak
Price at Cross: 10.297

1. Pre-Cross Pattern (15min):
EMA Distance Changes (%): ['0.016', '0.001', '0.001', '0.002']
EMA12 Changes (%): ['-0.003', '0.032', '0.000', '-0.006']
Price Changes (%): ['0.224', '0.223', '-0.174', '-0.039']
Candle Analysis:
    Body Sizes (%): ['0.234', '0.243', '0.174', '0.029']
    Upper Shadows (%): ['0.146', '0.000', '0.000', '0.010']
    Lower Shadows (%): ['0.088', '0.107', '0.136', '0.000']
Volumes: [np.float64(3012.3), np.float64(756.9), np.float64(1073.5), np.float64(49.8)]
2025-05-15 04:05:34,716 - INFO - 
2. Post-Cross Movement (30min):
5min Price Changes (%): []
Maximum Change: 0.000% after 0 minutes
Candle Analysis:
    Body Sizes (%): []
    Upper Shadows (%): []
    Lower Shadows (%): []
Volumes: []
==================================================
2025-05-15 04:10:04,329 - INFO - 
==================================================
EMA Cross Analysis - ACX/USDT
Time: 2025-05-15 04:05:00+09:00
Type: golden
Cross Character (Current): Weak
Cross Character (New): Weak
Price at Cross: 0.2537

1. Pre-Cross Pattern (15min):
EMA Distance Changes (%): ['0.054', '0.032', '0.018', '0.040']
EMA12 Changes (%): ['0.004', '0.034', '0.023', '0.111']
Price Changes (%): ['0.119', '0.199', '-0.040', '0.595']
Candle Analysis:
    Body Sizes (%): ['0.159', '0.238', '0.079', '0.555']
    Upper Shadows (%): ['0.040', '0.000', '0.000', '0.040']
    Lower Shadows (%): ['0.159', '0.159', '0.158', '0.040']
Volumes: [np.float64(13994.2), np.float64(36322.4), np.float64(58332.9), np.float64(65603.2)]
2025-05-15 04:10:04,329 - INFO - 
2. Post-Cross Movement (30min):
5min Price Changes (%): ['0.000']
Maximum Change: 0.000% after 0 minutes
Candle Analysis:
    Body Sizes (%): ['0.000']
    Upper Shadows (%): ['0.000']
    Lower Shadows (%): ['0.000']
Volumes: [np.float64(1718.8)]
==================================================
2025-05-15 04:10:07,594 - INFO - 
==================================================
EMA Cross Analysis - THETA/USDT
Time: 2025-05-15 04:05:00+09:00
Type: golden
Cross Character (Current): Weak
Cross Character (New): Weak
Price at Cross: 0.996

1. Pre-Cross Pattern (15min):
EMA Distance Changes (%): ['0.006', '0.002', '0.007', '0.019']
EMA12 Changes (%): ['0.000', '0.014', '-0.017', '0.049']
Price Changes (%): ['0.192', '0.091', '-0.191', '0.413']
Candle Analysis:
    Body Sizes (%): ['0.202', '0.101', '0.181', '0.413']
    Upper Shadows (%): ['0.020', '0.000', '0.050', '0.060']
    Lower Shadows (%): ['0.091', '0.181', '0.141', '0.010']
Volumes: [np.float64(9259.6), np.float64(23557.7), np.float64(44376.9), np.float64(107781.6)]
2025-05-15 04:10:07,594 - INFO - 
2. Post-Cross Movement (30min):
5min Price Changes (%): ['0.020']
Maximum Change: 0.020% after 5 minutes
Candle Analysis:
    Body Sizes (%): ['0.020']
    Upper Shadows (%): ['0.000']
    Lower Shadows (%): ['0.010']
Volumes: [np.float64(1030.4)]
==================================================
2025-05-15 04:10:08,902 - INFO - 
==================================================
EMA Cross Analysis - RENDER/USDT
Time: 2025-05-15 04:05:00+09:00
Type: golden
Cross Character (Current): Weak
Cross Character (New): Weak
Price at Cross: 5.124

1. Pre-Cross Pattern (15min):
EMA Distance Changes (%): ['0.040', '0.020', '0.011', '0.025']
EMA12 Changes (%): ['0.024', '0.032', '0.015', '0.067']
Price Changes (%): ['0.334', '0.078', '-0.078', '0.353']
Candle Analysis:
    Body Sizes (%): ['0.354', '0.059', '0.098', '0.372']
    Upper Shadows (%): ['0.020', '0.000', '0.078', '0.000']
    Lower Shadows (%): ['0.079', '0.313', '0.157', '0.118']
Volumes: [np.float64(14060.1), np.float64(43803.8), np.float64(17596.2), np.float64(22597.4)]
2025-05-15 04:10:08,902 - INFO - 
2. Post-Cross Movement (30min):
5min Price Changes (%): ['0.000']
Maximum Change: 0.000% after 0 minutes
Candle Analysis:
    Body Sizes (%): ['0.000']
    Upper Shadows (%): ['0.000']
    Lower Shadows (%): ['0.000']
Volumes: [np.float64(425.5)]
==================================================
2025-05-15 04:10:09,777 - INFO - 
==================================================
EMA Cross Analysis - NEAR/USDT
Time: 2025-05-15 04:05:00+09:00
Type: golden
Cross Character (Current): Weak
Cross Character (New): Weak
Price at Cross: 3.066

1. Pre-Cross Pattern (15min):
EMA Distance Changes (%): ['0.032', '0.018', '0.017', '0.002']
EMA12 Changes (%): ['0.003', '0.023', '-0.001', '0.034']
Price Changes (%): ['0.229', '0.131', '-0.131', '0.229']
Candle Analysis:
    Body Sizes (%): ['0.229', '0.164', '0.098', '0.196']
    Upper Shadows (%): ['0.033', '0.000', '0.000', '0.033']
    Lower Shadows (%): ['0.098', '0.131', '0.098', '0.098']
Volumes: [np.float64(37495.0), np.float64(86094.0), np.float64(77355.0), np.float64(62543.0)]
2025-05-15 04:10:09,777 - INFO - 
2. Post-Cross Movement (30min):
5min Price Changes (%): ['0.000']
Maximum Change: 0.000% after 0 minutes
Candle Analysis:
    Body Sizes (%): ['0.033']
    Upper Shadows (%): ['0.000']
    Lower Shadows (%): ['0.000']
Volumes: [np.float64(4612.0)]
==================================================
2025-05-15 04:15:49,144 - INFO - 
==================================================
EMA Cross Analysis - NEAR/USDT
Time: 2025-05-15 04:10:00+09:00
Type: dead
Cross Character (Current): Weak
Cross Character (New): Weak
Price at Cross: 3.059

1. Pre-Cross Pattern (15min):
EMA Distance Changes (%): ['0.018', '0.017', '0.002', '0.001']
EMA12 Changes (%): ['0.023', '-0.001', '0.034', '-0.006']
Price Changes (%): ['0.131', '-0.131', '0.229', '-0.228']
Candle Analysis:
    Body Sizes (%): ['0.164', '0.098', '0.196', '0.196']
    Upper Shadows (%): ['0.000', '0.000', '0.033', '0.098']
    Lower Shadows (%): ['0.131', '0.098', '0.098', '0.033']
Volumes: [np.float64(86094.0), np.float64(77355.0), np.float64(62543.0), np.float64(65498.0)]
2025-05-15 04:15:49,144 - INFO - 
2. Post-Cross Movement (30min):
5min Price Changes (%): ['0.033']
Maximum Change: 0.033% after 5 minutes
Candle Analysis:
    Body Sizes (%): ['0.033']
    Upper Shadows (%): ['0.033']
    Lower Shadows (%): ['0.033']
Volumes: [np.float64(6539.0)]
==================================================
2025-05-15 04:15:52,195 - INFO - 
==================================================
EMA Cross Analysis - GALA/USDT
Time: 2025-05-15 04:10:00+09:00
Type: dead
Cross Character (Current): Weak
Cross Character (New): Weak
Price at Cross: 0.02162

1. Pre-Cross Pattern (15min):
EMA Distance Changes (%): ['0.031', '0.005', '0.010', '0.001']
EMA12 Changes (%): ['0.013', '-0.046', '0.011', '-0.019']
Price Changes (%): ['0.139', '-0.369', '0.324', '-0.185']
Candle Analysis:
    Body Sizes (%): ['0.185', '0.369', '0.371', '0.139']
    Upper Shadows (%): ['0.092', '0.000', '0.139', '0.185']
    Lower Shadows (%): ['0.139', '0.138', '0.046', '0.046']
Volumes: [np.float64(8690180.0), np.float64(17395609.0), np.float64(6439708.0), np.float64(5557684.0)]
2025-05-15 04:15:52,195 - INFO - 
2. Post-Cross Movement (30min):
5min Price Changes (%): ['0.046']
Maximum Change: 0.046% after 5 minutes
Candle Analysis:
    Body Sizes (%): ['0.046']
    Upper Shadows (%): ['0.000']
    Lower Shadows (%): ['0.093']
Volumes: [np.float64(2106543.0)]
==================================================
2025-05-15 04:15:54,374 - INFO - 
==================================================
EMA Cross Analysis - ADA/USDT
Time: 2025-05-15 04:15:00+09:00
Type: golden
Cross Character (Current): Weak
Cross Character (New): Weak
Price at Cross: 0.8013

1. Pre-Cross Pattern (15min):
EMA Distance Changes (%): ['0.059', '0.030', '0.012', '0.008']
EMA12 Changes (%): ['0.026', '0.047', '0.032', '0.037']
Price Changes (%): ['-0.087', '0.163', '-0.050', '0.062']
Candle Analysis:
    Body Sizes (%): ['0.075', '0.175', '0.037', '0.062']
    Upper Shadows (%): ['0.000', '0.125', '0.125', '0.000']
    Lower Shadows (%): ['0.200', '0.025', '0.050', '0.000']
Volumes: [np.float64(1532068.0), np.float64(1593479.0), np.float64(945038.0), np.float64(104043.0)]
2025-05-15 04:15:54,374 - INFO - 
2. Post-Cross Movement (30min):
5min Price Changes (%): []
Maximum Change: 0.000% after 0 minutes
Candle Analysis:
    Body Sizes (%): []
    Upper Shadows (%): []
    Lower Shadows (%): []
Volumes: []
==================================================
2025-05-15 04:20:26,107 - INFO - 
==================================================
EMA Cross Analysis - NEAR/USDT
Time: 2025-05-15 04:15:00+09:00
Type: golden
Cross Character (Current): Weak
Cross Character (New): Weak
Price at Cross: 3.067

1. Pre-Cross Pattern (15min):
EMA Distance Changes (%): ['0.017', '0.002', '0.001', '0.017']
EMA12 Changes (%): ['-0.001', '0.034', '-0.006', '0.035']
Price Changes (%): ['-0.131', '0.229', '-0.228', '0.262']
Candle Analysis:
    Body Sizes (%): ['0.098', '0.196', '0.196', '0.262']
    Upper Shadows (%): ['0.000', '0.033', '0.098', '0.065']
    Lower Shadows (%): ['0.098', '0.098', '0.033', '0.033']
Volumes: [np.float64(77355.0), np.float64(62543.0), np.float64(65498.0), np.float64(66652.0)]
2025-05-15 04:20:26,107 - INFO - 
2. Post-Cross Movement (30min):
5min Price Changes (%): ['0.098']
Maximum Change: 0.098% after 5 minutes
Candle Analysis:
    Body Sizes (%): ['0.130']
    Upper Shadows (%): ['0.000']
    Lower Shadows (%): ['0.000']
Volumes: [np.float64(2276.0)]
==================================================
2025-05-15 04:20:31,331 - INFO - 
==================================================
EMA Cross Analysis - ADA/USDT
Time: 2025-05-15 04:15:00+09:00
Type: golden
Cross Character (Current): Weak
Cross Character (New): Weak
Price at Cross: 0.8022

1. Pre-Cross Pattern (15min):
EMA Distance Changes (%): ['0.059', '0.030', '0.012', '0.017']
EMA12 Changes (%): ['0.026', '0.047', '0.032', '0.054']
Price Changes (%): ['-0.087', '0.163', '-0.050', '0.175']
Candle Analysis:
    Body Sizes (%): ['0.075', '0.175', '0.037', '0.175']
    Upper Shadows (%): ['0.000', '0.125', '0.125', '0.175']
    Lower Shadows (%): ['0.200', '0.025', '0.050', '0.000']
Volumes: [np.float64(1532068.0), np.float64(1593479.0), np.float64(945038.0), np.float64(1059502.0)]
2025-05-15 04:20:31,331 - INFO - 
2. Post-Cross Movement (30min):
5min Price Changes (%): ['0.050']
Maximum Change: 0.050% after 5 minutes
Candle Analysis:
    Body Sizes (%): ['0.050']
    Upper Shadows (%): ['0.050']
    Lower Shadows (%): ['0.025']
Volumes: [np.float64(114045.0)]
==================================================
2025-05-15 04:20:33,027 - INFO - 
==================================================
EMA Cross Analysis - AVAX/USDT
Time: 2025-05-15 04:20:00+09:00
Type: golden
Cross Character (Current): Weak
Cross Character (New): Weak
Price at Cross: 25.322

1. Pre-Cross Pattern (15min):
EMA Distance Changes (%): ['0.083', '0.065', '0.020', '0.020']
EMA12 Changes (%): ['0.035', '0.024', '0.077', '0.075']
Price Changes (%): ['0.286', '-0.032', '0.369', '0.059']
Candle Analysis:
    Body Sizes (%): ['0.282', '0.028', '0.369', '0.059']
    Upper Shadows (%): ['0.028', '0.147', '0.063', '0.032']
    Lower Shadows (%): ['0.040', '0.012', '0.016', '0.020']
Volumes: [np.float64(51624.0), np.float64(16377.0), np.float64(30965.0), np.float64(2835.0)]
2025-05-15 04:20:33,027 - INFO - 
2. Post-Cross Movement (30min):
5min Price Changes (%): []
Maximum Change: 0.000% after 0 minutes
Candle Analysis:
    Body Sizes (%): []
    Upper Shadows (%): []
    Lower Shadows (%): []
Volumes: []
==================================================
2025-05-15 04:25:09,636 - INFO - 
==================================================
EMA Cross Analysis - AVAX/USDT
Time: 2025-05-15 04:20:00+09:00
Type: golden
Cross Character (Current): Weak
Cross Character (New): Weak
Price at Cross: 25.278

1. Pre-Cross Pattern (15min):
EMA Distance Changes (%): ['0.083', '0.065', '0.020', '0.007']
EMA12 Changes (%): ['0.035', '0.024', '0.077', '0.048']
Price Changes (%): ['0.286', '-0.032', '0.369', '-0.115']
Candle Analysis:
    Body Sizes (%): ['0.282', '0.028', '0.369', '0.115']
    Upper Shadows (%): ['0.028', '0.147', '0.063', '0.154']
    Lower Shadows (%): ['0.040', '0.012', '0.016', '0.020']
Volumes: [np.float64(51624.0), np.float64(16377.0), np.float64(30965.0), np.float64(23282.0)]
2025-05-15 04:25:09,636 - INFO - 
2. Post-Cross Movement (30min):
5min Price Changes (%): ['-0.028']
Maximum Change: -0.028% after 5 minutes
Candle Analysis:
    Body Sizes (%): ['0.020']
    Upper Shadows (%): ['0.000']
    Lower Shadows (%): ['0.016']
Volumes: [np.float64(1031.0)]
==================================================
2025-05-15 04:25:10,945 - INFO - 
==================================================
EMA Cross Analysis - ONDOUSDT
Time: 2025-05-15 04:25:00+09:00
Type: golden
Cross Character (Current): Weak
Cross Character (New): Weak
Price at Cross: 1.0339

1. Pre-Cross Pattern (15min):
EMA Distance Changes (%): ['0.109', '0.070', '0.021', '0.016']
EMA12 Changes (%): ['0.031', '0.061', '0.084', '0.070']
Price Changes (%): ['-0.223', '0.223', '0.213', '-0.010']
Candle Analysis:
    Body Sizes (%): ['0.223', '0.223', '0.213', '0.010']
    Upper Shadows (%): ['0.010', '0.107', '0.000', '0.000']
    Lower Shadows (%): ['0.039', '0.117', '0.145', '0.019']
Volumes: [np.float64(712376.3), np.float64(644000.5), np.float64(412647.7), np.float64(6187.8)]
2025-05-15 04:25:10,945 - INFO - 
2. Post-Cross Movement (30min):
5min Price Changes (%): []
Maximum Change: 0.000% after 0 minutes
Candle Analysis:
    Body Sizes (%): []
    Upper Shadows (%): []
    Lower Shadows (%): []
Volumes: []
==================================================
2025-05-15 04:30:48,685 - INFO - 
==================================================
EMA Cross Analysis - NEAR/USDT
Time: 2025-05-15 04:30:00+09:00
Type: dead
Cross Character (Current): Weak
Cross Character (New): Weak
Price at Cross: 3.056

1. Pre-Cross Pattern (15min):
EMA Distance Changes (%): ['0.017', '0.016', '0.001', '0.010']
EMA12 Changes (%): ['0.035', '-0.000', '-0.026', '-0.022']
Price Changes (%): ['0.262', '-0.196', '-0.163', '0.000']
Candle Analysis:
    Body Sizes (%): ['0.262', '0.163', '0.163', '0.000']
    Upper Shadows (%): ['0.065', '0.196', '0.131', '0.000']
    Lower Shadows (%): ['0.033', '0.000', '0.000', '0.033']
Volumes: [np.float64(66652.0), np.float64(57844.0), np.float64(67048.0), np.float64(4555.0)]
2025-05-15 04:30:48,685 - INFO - 
2. Post-Cross Movement (30min):
5min Price Changes (%): []
Maximum Change: 0.000% after 0 minutes
Candle Analysis:
    Body Sizes (%): []
    Upper Shadows (%): []
    Lower Shadows (%): []
Volumes: []
==================================================
2025-05-15 04:30:51,736 - INFO - 
==================================================
EMA Cross Analysis - GALA/USDT
Time: 2025-05-15 04:25:00+09:00
Type: dead
Cross Character (Current): Weak
Cross Character (New): Weak
Price at Cross: 0.02156

1. Pre-Cross Pattern (15min):
EMA Distance Changes (%): ['0.001', '0.010', '0.003', '0.029']
EMA12 Changes (%): ['-0.019', '0.019', '-0.012', '-0.060']
Price Changes (%): ['-0.185', '0.231', '-0.185', '-0.324']
Candle Analysis:
    Body Sizes (%): ['0.139', '0.231', '0.185', '0.370']
    Upper Shadows (%): ['0.185', '0.139', '0.138', '0.000']
    Lower Shadows (%): ['0.046', '0.093', '0.046', '0.000']
Volumes: [np.float64(5557684.0), np.float64(6659998.0), np.float64(4021831.0), np.float64(4091800.0)]
2025-05-15 04:30:51,737 - INFO - 
2. Post-Cross Movement (30min):
5min Price Changes (%): ['0.046']
Maximum Change: 0.046% after 5 minutes
Candle Analysis:
    Body Sizes (%): ['0.046']
    Upper Shadows (%): ['0.000']
    Lower Shadows (%): ['0.093']
Volumes: [np.float64(742714.0)]
==================================================
2025-05-15 04:30:56,118 - INFO - 
==================================================
EMA Cross Analysis - GOAT/USDT
Time: 2025-05-15 04:30:00+09:00
Type: dead
Cross Character (Current): Weak
Cross Character (New): Weak
Price at Cross: 0.19354

1. Pre-Cross Pattern (15min):
EMA Distance Changes (%): ['0.148', '0.102', '0.038', '0.022']
EMA12 Changes (%): ['-0.011', '-0.068', '-0.110', '-0.108']
Price Changes (%): ['-0.041', '-0.384', '-0.340', '-0.098']
Candle Analysis:
    Body Sizes (%): ['0.041', '0.328', '0.360', '0.077']
    Upper Shadows (%): ['0.169', '0.364', '0.221', '0.000']
    Lower Shadows (%): ['0.359', '0.190', '0.087', '0.145']
Volumes: [np.float64(1608168.0), np.float64(999067.0), np.float64(739079.0), np.float64(226259.0)]
2025-05-15 04:30:56,118 - INFO - 
2. Post-Cross Movement (30min):
5min Price Changes (%): []
Maximum Change: 0.000% after 0 minutes
Candle Analysis:
    Body Sizes (%): []
    Upper Shadows (%): []
    Lower Shadows (%): []
Volumes: []
==================================================
2025-05-15 04:30:56,986 - INFO - 
==================================================
EMA Cross Analysis - ONDOUSDT
Time: 2025-05-15 04:30:00+09:00
Type: golden
Cross Character (Current): Weak
Cross Character (New): Weak
Price at Cross: 1.033

1. Pre-Cross Pattern (15min):
EMA Distance Changes (%): ['0.070', '0.021', '0.001', '0.026']
EMA12 Changes (%): ['0.061', '0.084', '0.037', '0.051']
Price Changes (%): ['0.223', '0.213', '-0.222', '0.126']
Candle Analysis:
    Body Sizes (%): ['0.223', '0.213', '0.222', '0.136']
    Upper Shadows (%): ['0.107', '0.000', '0.087', '0.010']
    Lower Shadows (%): ['0.117', '0.145', '0.029', '0.097']
Volumes: [np.float64(644000.5), np.float64(412647.7), np.float64(456892.0), np.float64(189935.3)]
2025-05-15 04:30:56,986 - INFO - 
2. Post-Cross Movement (30min):
5min Price Changes (%): []
Maximum Change: 0.000% after 0 minutes
Candle Analysis:
    Body Sizes (%): []
    Upper Shadows (%): []
    Lower Shadows (%): []
Volumes: []
==================================================
2025-05-15 04:35:24,308 - INFO - 
==================================================
EMA Cross Analysis - DOGS/USDT
Time: 2025-05-15 04:35:00+09:00
Type: dead
Cross Character (Current): Weak
Cross Character (New): Weak
Price at Cross: 0.0002228

1. Pre-Cross Pattern (15min):
EMA Distance Changes (%): ['0.162', '0.099', '0.036', '0.006']
EMA12 Changes (%): ['-0.029', '-0.100', '-0.106', '-0.076']
Price Changes (%): ['-0.267', '-0.491', '-0.135', '0.090']
Candle Analysis:
    Body Sizes (%): ['0.312', '0.447', '0.135', '0.135']
    Upper Shadows (%): ['0.000', '0.045', '0.224', '0.000']
    Lower Shadows (%): ['0.178', '0.045', '0.135', '0.000']
Volumes: [np.float64(190093354.0), np.float64(262525071.0), np.float64(387114521.0), np.float64(27097925.0)]
2025-05-15 04:35:24,308 - INFO - 
2. Post-Cross Movement (30min):
5min Price Changes (%): []
Maximum Change: 0.000% after 0 minutes
Candle Analysis:
    Body Sizes (%): []
    Upper Shadows (%): []
    Lower Shadows (%): []
Volumes: []
==================================================
2025-05-15 04:35:25,735 - INFO - 
==================================================
EMA Cross Analysis - NEAR/USDT
Time: 2025-05-15 04:30:00+09:00
Type: dead
Cross Character (Current): Weak
Cross Character (New): Weak
Price at Cross: 3.055

1. Pre-Cross Pattern (15min):
EMA Distance Changes (%): ['0.017', '0.016', '0.001', '0.013']
EMA12 Changes (%): ['0.035', '-0.000', '-0.026', '-0.027']
Price Changes (%): ['0.262', '-0.196', '-0.163', '-0.033']
Candle Analysis:
    Body Sizes (%): ['0.262', '0.163', '0.163', '0.033']
    Upper Shadows (%): ['0.065', '0.196', '0.131', '0.131']
    Lower Shadows (%): ['0.033', '0.000', '0.000', '0.098']
Volumes: [np.float64(66652.0), np.float64(57844.0), np.float64(67048.0), np.float64(77247.0)]
2025-05-15 04:35:25,735 - INFO - 
2. Post-Cross Movement (30min):
5min Price Changes (%): ['0.033']
Maximum Change: 0.033% after 5 minutes
Candle Analysis:
    Body Sizes (%): ['0.033']
    Upper Shadows (%): ['0.065']
    Lower Shadows (%): ['0.000']
Volumes: [np.float64(3555.0)]
==================================================
2025-05-15 04:35:26,170 - INFO - 
==================================================
EMA Cross Analysis - BAKE/USDT
Time: 2025-05-15 04:30:00+09:00
Type: dead
Cross Character (Current): Weak
Cross Character (New): Weak
Price at Cross: 0.1479

1. Pre-Cross Pattern (15min):
EMA Distance Changes (%): ['0.085', '0.078', '0.034', '0.001']
EMA12 Changes (%): ['-0.002', '-0.001', '-0.074', '-0.062']
Price Changes (%): ['-0.067', '0.000', '-0.471', '0.000']
Candle Analysis:
    Body Sizes (%): ['0.067', '0.000', '0.404', '0.000']
    Upper Shadows (%): ['0.134', '0.202', '0.000', '0.203']
    Lower Shadows (%): ['0.000', '0.202', '0.067', '0.068']
Volumes: [np.float64(53554.0), np.float64(78501.0), np.float64(123411.0), np.float64(74121.0)]
2025-05-15 04:35:26,170 - INFO - 
2. Post-Cross Movement (30min):
5min Price Changes (%): ['0.000']
Maximum Change: 0.000% after 0 minutes
Candle Analysis:
    Body Sizes (%): ['0.068']
    Upper Shadows (%): ['0.000']
    Lower Shadows (%): ['0.000']
Volumes: [np.float64(16452.0)]
==================================================
2025-05-15 04:35:29,097 - INFO - 
==================================================
EMA Cross Analysis - TNSR/USDT
Time: 2025-05-15 04:30:00+09:00
Type: dead
Cross Character (Current): Weak
Cross Character (New): Weak
Price at Cross: 0.1784

1. Pre-Cross Pattern (15min):
EMA Distance Changes (%): ['0.057', '0.044', '0.028', '0.002']
EMA12 Changes (%): ['0.030', '-0.018', '-0.023', '-0.054']
Price Changes (%): ['0.112', '-0.279', '-0.056', '-0.224']
Candle Analysis:
    Body Sizes (%): ['0.056', '0.334', '0.056', '0.168']
    Upper Shadows (%): ['0.223', '0.167', '0.168', '0.224']
    Lower Shadows (%): ['0.167', '0.111', '0.000', '0.168']
Volumes: [np.float64(55477.4), np.float64(31254.1), np.float64(46091.8), np.float64(83426.6)]
2025-05-15 04:35:29,097 - INFO - 
2. Post-Cross Movement (30min):
5min Price Changes (%): ['0.168']
Maximum Change: 0.168% after 5 minutes
Candle Analysis:
    Body Sizes (%): ['0.168']
    Upper Shadows (%): ['0.000']
    Lower Shadows (%): ['0.000']
Volumes: [np.float64(22083.2)]
==================================================
2025-05-15 04:35:29,748 - INFO - 
==================================================
EMA Cross Analysis - ZRO/USDT
Time: 2025-05-15 04:30:00+09:00
Type: dead
Cross Character (Current): Weak
Cross Character (New): Weak
Price at Cross: 3.1538

1. Pre-Cross Pattern (15min):
EMA Distance Changes (%): ['0.082', '0.070', '0.031', '0.007']
EMA12 Changes (%): ['0.011', '-0.011', '-0.066', '-0.070']
Price Changes (%): ['0.237', '-0.132', '-0.366', '-0.092']
Candle Analysis:
    Body Sizes (%): ['0.237', '0.126', '0.369', '0.089']
    Upper Shadows (%): ['0.243', '0.258', '0.000', '0.234']
    Lower Shadows (%): ['0.044', '0.180', '0.006', '0.060']
Volumes: [np.float64(19754.4), np.float64(20417.5), np.float64(20372.8), np.float64(75289.1)]
2025-05-15 04:35:29,748 - INFO - 
2. Post-Cross Movement (30min):
5min Price Changes (%): ['0.120']
Maximum Change: 0.120% after 5 minutes
Candle Analysis:
    Body Sizes (%): ['0.117']
    Upper Shadows (%): ['0.025']
    Lower Shadows (%): ['0.000']
Volumes: [np.float64(2729.2)]
==================================================
2025-05-15 04:35:33,218 - INFO - 
==================================================
EMA Cross Analysis - GOAT/USDT
Time: 2025-05-15 04:30:00+09:00
Type: dead
Cross Character (Current): Weak
Cross Character (New): Weak
Price at Cross: 0.19269

1. Pre-Cross Pattern (15min):
EMA Distance Changes (%): ['0.148', '0.102', '0.038', '0.057']
EMA12 Changes (%): ['-0.011', '-0.068', '-0.110', '-0.175']
Price Changes (%): ['-0.041', '-0.384', '-0.340', '-0.537']
Candle Analysis:
    Body Sizes (%): ['0.041', '0.328', '0.360', '0.516']
    Upper Shadows (%): ['0.169', '0.364', '0.221', '0.150']
    Lower Shadows (%): ['0.359', '0.190', '0.087', '0.232']
Volumes: [np.float64(1608168.0), np.float64(999067.0), np.float64(739079.0), np.float64(1614040.0)]
2025-05-15 04:35:33,218 - INFO - 
2. Post-Cross Movement (30min):
5min Price Changes (%): ['0.202']
Maximum Change: 0.202% after 5 minutes
Candle Analysis:
    Body Sizes (%): ['0.166']
    Upper Shadows (%): ['0.052']
    Lower Shadows (%): ['0.021']
Volumes: [np.float64(75490.0)]
==================================================
2025-05-15 04:35:33,653 - INFO - 
==================================================
EMA Cross Analysis - COW/USDT
Time: 2025-05-15 04:35:00+09:00
Type: dead
Cross Character (Current): Weak
Cross Character (New): Weak
Price at Cross: 0.4

1. Pre-Cross Pattern (15min):
EMA Distance Changes (%): ['0.071', '0.046', '0.007', '0.009']
EMA12 Changes (%): ['0.017', '-0.039', '-0.068', '-0.030']
Price Changes (%): ['-0.050', '-0.349', '-0.225', '0.175']
Candle Analysis:
    Body Sizes (%): ['0.050', '0.299', '0.175', '0.175']
    Upper Shadows (%): ['0.149', '0.000', '0.100', '0.050']
    Lower Shadows (%): ['0.124', '0.050', '0.050', '0.000']
Volumes: [np.float64(29178.0), np.float64(23908.0), np.float64(74601.0), np.float64(8926.0)]
2025-05-15 04:35:33,654 - INFO - 
2. Post-Cross Movement (30min):
5min Price Changes (%): []
Maximum Change: 0.000% after 0 minutes
Candle Analysis:
    Body Sizes (%): []
    Upper Shadows (%): []
    Lower Shadows (%): []
Volumes: []
==================================================
2025-05-15 04:35:34,090 - INFO - 
==================================================
EMA Cross Analysis - ONDOUSDT
Time: 2025-05-15 04:30:00+09:00
Type: golden
Cross Character (Current): Weak
Cross Character (New): Weak
Price at Cross: 1.0319

1. Pre-Cross Pattern (15min):
EMA Distance Changes (%): ['0.070', '0.021', '0.001', '0.017']
EMA12 Changes (%): ['0.061', '0.084', '0.037', '0.034']
Price Changes (%): ['0.223', '0.213', '-0.222', '0.019']
Candle Analysis:
    Body Sizes (%): ['0.223', '0.213', '0.222', '0.029']
    Upper Shadows (%): ['0.107', '0.000', '0.087', '0.301']
    Lower Shadows (%): ['0.117', '0.145', '0.029', '0.097']
Volumes: [np.float64(644000.5), np.float64(412647.7), np.float64(456892.0), np.float64(667592.4)]
2025-05-15 04:35:34,090 - INFO - 
2. Post-Cross Movement (30min):
5min Price Changes (%): ['0.184']
Maximum Change: 0.184% after 5 minutes
Candle Analysis:
    Body Sizes (%): ['0.184']
    Upper Shadows (%): ['0.000']
    Lower Shadows (%): ['0.000']
Volumes: [np.float64(40161.2)]
==================================================
2025-05-15 04:40:10,208 - INFO - 
==================================================
EMA Cross Analysis - COW/USDT
Time: 2025-05-15 04:35:00+09:00
Type: dead
Cross Character (Current): Weak
Cross Character (New): Weak
Price at Cross: 0.3996

1. Pre-Cross Pattern (15min):
EMA Distance Changes (%): ['0.071', '0.046', '0.007', '0.017']
EMA12 Changes (%): ['0.017', '-0.039', '-0.068', '-0.046']
Price Changes (%): ['-0.050', '-0.349', '-0.225', '0.075']
Candle Analysis:
    Body Sizes (%): ['0.050', '0.299', '0.175', '0.075']
    Upper Shadows (%): ['0.149', '0.000', '0.100', '0.175']
    Lower Shadows (%): ['0.124', '0.050', '0.050', '0.000']
Volumes: [np.float64(29178.0), np.float64(23908.0), np.float64(74601.0), np.float64(29390.0)]
2025-05-15 04:40:10,208 - INFO - 
2. Post-Cross Movement (30min):
5min Price Changes (%): ['0.000']
Maximum Change: 0.000% after 0 minutes
Candle Analysis:
    Body Sizes (%): ['0.025']
    Upper Shadows (%): ['0.000']
    Lower Shadows (%): ['0.025']
Volumes: [np.float64(2513.0)]
==================================================
2025-05-15 04:40:11,082 - INFO - 
==================================================
EMA Cross Analysis - BRETT/USDT
Time: 2025-05-15 04:40:00+09:00
Type: dead
Cross Character (Current): Weak
Cross Character (New): Weak
Price at Cross: 0.07514

1. Pre-Cross Pattern (15min):
EMA Distance Changes (%): ['0.129', '0.067', '0.026', '0.010']
EMA12 Changes (%): ['-0.074', '-0.100', '-0.070', '-0.065']
Price Changes (%): ['-0.647', '-0.239', '0.093', '-0.040']
Candle Analysis:
    Body Sizes (%): ['0.620', '0.226', '0.107', '0.066']
    Upper Shadows (%): ['0.066', '0.213', '0.333', '0.000']
    Lower Shadows (%): ['0.026', '0.120', '0.040', '0.040']
Volumes: [np.float64(853324.0), np.float64(560545.0), np.float64(415876.0), np.float64(18396.0)]
2025-05-15 04:40:11,082 - INFO - 
2. Post-Cross Movement (30min):
5min Price Changes (%): []
Maximum Change: 0.000% after 0 minutes
Candle Analysis:
    Body Sizes (%): []
    Upper Shadows (%): []
    Lower Shadows (%): []
Volumes: []
==================================================
2025-05-15 04:45:47,171 - INFO - 
==================================================
EMA Cross Analysis - DOGS/USDT
Time: 2025-05-15 04:45:00+09:00
Type: dead
Cross Character (Current): Weak
Cross Character (New): Weak
Price at Cross: 0.0002236

1. Pre-Cross Pattern (15min):
EMA Distance Changes (%): ['0.036', '0.005', '0.002', '0.004']
EMA12 Changes (%): ['-0.106', '-0.055', '-0.005', '-0.011']
Price Changes (%): ['-0.135', '0.225', '0.269', '-0.045']
Candle Analysis:
    Body Sizes (%): ['0.135', '0.270', '0.224', '0.000']
    Upper Shadows (%): ['0.224', '0.135', '0.045', '0.045']
    Lower Shadows (%): ['0.135', '0.000', '0.000', '0.045']
Volumes: [np.float64(387114521.0), np.float64(134194602.0), np.float64(142658974.0), np.float64(18084599.0)]
2025-05-15 04:45:47,171 - INFO - 
2. Post-Cross Movement (30min):
5min Price Changes (%): []
Maximum Change: 0.000% after 0 minutes
Candle Analysis:
    Body Sizes (%): []
    Upper Shadows (%): []
    Lower Shadows (%): []
Volumes: []
==================================================
2025-05-15 04:45:47,826 - INFO - 
==================================================
EMA Cross Analysis - ORCA/USDT
Time: 2025-05-15 04:45:00+09:00
Type: dead
Cross Character (Current): Weak
Cross Character (New): Weak
Price at Cross: 2.857

1. Pre-Cross Pattern (15min):
EMA Distance Changes (%): ['0.022', '0.017', '0.004', '0.012']
EMA12 Changes (%): ['-0.047', '-0.007', '-0.022', '-0.030']
Price Changes (%): ['-0.140', '0.210', '-0.105', '-0.070']
Candle Analysis:
    Body Sizes (%): ['0.105', '0.140', '0.105', '0.070']
    Upper Shadows (%): ['0.140', '0.070', '0.105', '0.000']
    Lower Shadows (%): ['0.000', '0.000', '0.035', '0.000']
Volumes: [np.float64(9178.6), np.float64(8777.3), np.float64(4467.7), np.float64(805.7)]
2025-05-15 04:45:47,826 - INFO - 
2. Post-Cross Movement (30min):
5min Price Changes (%): []
Maximum Change: 0.000% after 0 minutes
Candle Analysis:
    Body Sizes (%): []
    Upper Shadows (%): []
    Lower Shadows (%): []
Volumes: []
==================================================
2025-05-15 04:45:51,312 - INFO - 
==================================================
EMA Cross Analysis - XLM/USDT
Time: 2025-05-15 04:45:00+09:00
Type: dead
Cross Character (Current): Weak
Cross Character (New): Weak
Price at Cross: 0.30444

1. Pre-Cross Pattern (15min):
EMA Distance Changes (%): ['0.023', '0.014', '0.001', '0.008']
EMA12 Changes (%): ['-0.037', '-0.013', '-0.022', '-0.017']
Price Changes (%): ['-0.043', '0.115', '-0.072', '0.010']
Candle Analysis:
    Body Sizes (%): ['0.039', '0.105', '0.069', '0.016']
    Upper Shadows (%): ['0.148', '0.115', '0.118', '0.016']
    Lower Shadows (%): ['0.030', '0.000', '0.007', '0.036']
Volumes: [np.float64(653721.0), np.float64(421838.0), np.float64(315478.0), np.float64(40123.0)]
2025-05-15 04:45:51,312 - INFO - 
2. Post-Cross Movement (30min):
5min Price Changes (%): []
Maximum Change: 0.000% after 0 minutes
Candle Analysis:
    Body Sizes (%): []
    Upper Shadows (%): []
    Lower Shadows (%): []
Volumes: []
==================================================
2025-05-15 04:45:52,842 - INFO - 
==================================================
EMA Cross Analysis - THETA/USDT
Time: 2025-05-15 04:40:00+09:00
Type: dead
Cross Character (Current): Weak
Cross Character (New): Weak
Price at Cross: 0.9922

1. Pre-Cross Pattern (15min):
EMA Distance Changes (%): ['0.047', '0.016', '0.010', '0.001']
EMA12 Changes (%): ['-0.013', '-0.053', '-0.009', '-0.020']
Price Changes (%): ['-0.191', '-0.272', '0.232', '-0.081']
Candle Analysis:
    Body Sizes (%): ['0.191', '0.252', '0.232', '0.081']
    Upper Shadows (%): ['0.020', '0.000', '0.010', '0.101']
    Lower Shadows (%): ['0.040', '0.111', '0.000', '0.000']
Volumes: [np.float64(10485.2), np.float64(35905.4), np.float64(14556.7), np.float64(18072.2)]
2025-05-15 04:45:52,842 - INFO - 
2. Post-Cross Movement (30min):
5min Price Changes (%): ['-0.030']
Maximum Change: -0.030% after 5 minutes
Candle Analysis:
    Body Sizes (%): ['0.010']
    Upper Shadows (%): ['0.000']
    Lower Shadows (%): ['0.040']
Volumes: [np.float64(2358.1)]
==================================================
2025-05-15 04:45:53,707 - INFO - 
==================================================
EMA Cross Analysis - ADA/USDT
Time: 2025-05-15 04:45:00+09:00
Type: dead
Cross Character (Current): Weak
Cross Character (New): Weak
Price at Cross: 0.7992

1. Pre-Cross Pattern (15min):
EMA Distance Changes (%): ['0.025', '0.013', '0.006', '0.000']
EMA12 Changes (%): ['-0.024', '-0.018', '-0.012', '-0.012']
Price Changes (%): ['-0.150', '0.013', '0.025', '-0.013']
Candle Analysis:
    Body Sizes (%): ['0.137', '0.000', '0.025', '0.000']
    Upper Shadows (%): ['0.112', '0.200', '0.163', '0.013']
    Lower Shadows (%): ['0.062', '0.038', '0.075', '0.063']
Volumes: [np.float64(1090923.0), np.float64(843692.0), np.float64(853836.0), np.float64(157334.0)]
2025-05-15 04:45:53,707 - INFO - 
2. Post-Cross Movement (30min):
5min Price Changes (%): []
Maximum Change: 0.000% after 0 minutes
Candle Analysis:
    Body Sizes (%): []
    Upper Shadows (%): []
    Lower Shadows (%): []
Volumes: []
==================================================
2025-05-15 04:45:55,399 - INFO - 
==================================================
EMA Cross Analysis - AVAX/USDT
Time: 2025-05-15 04:45:00+09:00
Type: dead
Cross Character (Current): Weak
Cross Character (New): Weak
Price at Cross: 25.198

1. Pre-Cross Pattern (15min):
EMA Distance Changes (%): ['0.007', '0.006', '0.002', '0.002']
EMA12 Changes (%): ['-0.008', '0.000', '-0.008', '-0.008']
Price Changes (%): ['-0.115', '0.048', '-0.052', '-0.008']
Candle Analysis:
    Body Sizes (%): ['0.107', '0.052', '0.059', '0.008']
    Upper Shadows (%): ['0.119', '0.135', '0.163', '0.000']
    Lower Shadows (%): ['0.040', '0.024', '0.008', '0.063']
Volumes: [np.float64(29921.0), np.float64(12921.0), np.float64(13890.0), np.float64(3166.0)]
2025-05-15 04:45:55,400 - INFO - 
2. Post-Cross Movement (30min):
5min Price Changes (%): []
Maximum Change: 0.000% after 0 minutes
Candle Analysis:
    Body Sizes (%): []
    Upper Shadows (%): []
    Lower Shadows (%): []
Volumes: []
==================================================
2025-05-15 04:45:57,139 - INFO - 
==================================================
EMA Cross Analysis - BRETT/USDT
Time: 2025-05-15 04:45:00+09:00
Type: dead
Cross Character (Current): Weak
Cross Character (New): Weak
Price at Cross: 0.07529

1. Pre-Cross Pattern (15min):
EMA Distance Changes (%): ['0.067', '0.026', '0.007', '0.009']
EMA12 Changes (%): ['-0.100', '-0.070', '-0.033', '-0.030']
Price Changes (%): ['-0.239', '0.093', '0.173', '-0.013']
Candle Analysis:
    Body Sizes (%): ['0.226', '0.107', '0.146', '0.000']
    Upper Shadows (%): ['0.213', '0.333', '0.160', '0.013']
    Lower Shadows (%): ['0.120', '0.040', '0.106', '0.146']
Volumes: [np.float64(560545.0), np.float64(415876.0), np.float64(343066.0), np.float64(49829.0)]
2025-05-15 04:45:57,139 - INFO - 
2. Post-Cross Movement (30min):
5min Price Changes (%): []
Maximum Change: 0.000% after 0 minutes
Candle Analysis:
    Body Sizes (%): []
    Upper Shadows (%): []
    Lower Shadows (%): []
Volumes: []
==================================================
2025-05-15 04:50:24,141 - INFO - 
==================================================
EMA Cross Analysis - DOGS/USDT
Time: 2025-05-15 04:45:00+09:00
Type: dead
Cross Character (Current): Weak
Cross Character (New): Weak
Price at Cross: 0.0002234

1. Pre-Cross Pattern (15min):
EMA Distance Changes (%): ['0.036', '0.005', '0.002', '0.011']
EMA12 Changes (%): ['-0.106', '-0.055', '-0.005', '-0.025']
Price Changes (%): ['-0.135', '0.225', '0.269', '-0.134']
Candle Analysis:
    Body Sizes (%): ['0.135', '0.270', '0.224', '0.089']
    Upper Shadows (%): ['0.224', '0.135', '0.045', '0.089']
    Lower Shadows (%): ['0.135', '0.000', '0.000', '0.000']
Volumes: [np.float64(387114521.0), np.float64(134194602.0), np.float64(142658974.0), np.float64(207640718.0)]
2025-05-15 04:50:24,141 - INFO - 
2. Post-Cross Movement (30min):
5min Price Changes (%): ['0.090']
Maximum Change: 0.090% after 5 minutes
Candle Analysis:
    Body Sizes (%): ['0.045']
    Upper Shadows (%): ['0.000']
    Lower Shadows (%): ['0.000']
Volumes: [np.float64(15529959.0)]
==================================================
2025-05-15 04:50:28,280 - INFO - 
==================================================
EMA Cross Analysis - XLM/USDT
Time: 2025-05-15 04:45:00+09:00
Type: dead
Cross Character (Current): Weak
Cross Character (New): Weak
Price at Cross: 0.30472

1. Pre-Cross Pattern (15min):
EMA Distance Changes (%): ['0.023', '0.014', '0.001', '0.001']
EMA12 Changes (%): ['-0.037', '-0.013', '-0.022', '-0.003']
Price Changes (%): ['-0.043', '0.115', '-0.072', '0.102']
Candle Analysis:
    Body Sizes (%): ['0.039', '0.105', '0.069', '0.108']
    Upper Shadows (%): ['0.148', '0.115', '0.118', '0.010']
    Lower Shadows (%): ['0.030', '0.000', '0.007', '0.059']
Volumes: [np.float64(653721.0), np.float64(421838.0), np.float64(315478.0), np.float64(656098.0)]
2025-05-15 04:50:28,280 - INFO - 
2. Post-Cross Movement (30min):
5min Price Changes (%): ['0.072']
Maximum Change: 0.072% after 5 minutes
Candle Analysis:
    Body Sizes (%): ['0.069']
    Upper Shadows (%): ['0.003']
    Lower Shadows (%): ['0.000']
Volumes: [np.float64(86038.0)]
==================================================
2025-05-15 04:55:08,328 - INFO - 
==================================================
EMA Cross Analysis - NEAR/USDT
Time: 2025-05-15 04:50:00+09:00
Type: golden
Cross Character (Current): Weak
Cross Character (New): Weak
Price at Cross: 3.066

1. Pre-Cross Pattern (15min):
EMA Distance Changes (%): ['0.010', '0.008', '0.012', '0.006']
EMA12 Changes (%): ['0.003', '0.002', '-0.008', '0.033']
Price Changes (%): ['0.164', '0.000', '-0.065', '0.262']
Candle Analysis:
    Body Sizes (%): ['0.164', '0.033', '0.033', '0.262']
    Upper Shadows (%): ['0.131', '0.196', '0.065', '0.033']
    Lower Shadows (%): ['0.000', '0.065', '0.163', '0.000']
Volumes: [np.float64(56293.0), np.float64(34677.0), np.float64(78283.0), np.float64(36169.0)]
2025-05-15 04:55:08,328 - INFO - 
2. Post-Cross Movement (30min):
5min Price Changes (%): ['0.000']
Maximum Change: 0.000% after 0 minutes
Candle Analysis:
    Body Sizes (%): ['0.000']
    Upper Shadows (%): ['0.000']
    Lower Shadows (%): ['0.000']
Volumes: [np.float64(656.0)]
==================================================
2025-05-15 04:55:09,638 - INFO - 
==================================================
EMA Cross Analysis - COW/USDT
Time: 2025-05-15 04:55:00+09:00
Type: golden
Cross Character (Current): Weak
Cross Character (New): Weak
Price at Cross: 0.4015

1. Pre-Cross Pattern (15min):
EMA Distance Changes (%): ['0.032', '0.019', '0.003', '0.013']
EMA12 Changes (%): ['-0.031', '0.020', '0.028', '0.032']
Price Changes (%): ['0.050', '0.300', '0.075', '0.050']
Candle Analysis:
    Body Sizes (%): ['0.075', '0.325', '0.000', '0.050']
    Upper Shadows (%): ['0.125', '0.000', '0.025', '0.000']
    Lower Shadows (%): ['0.025', '0.000', '0.075', '0.000']
Volumes: [np.float64(36500.0), np.float64(51234.0), np.float64(25315.0), np.float64(757.0)]
2025-05-15 04:55:09,638 - INFO - 
2. Post-Cross Movement (30min):
5min Price Changes (%): []
Maximum Change: 0.000% after 0 minutes
Candle Analysis:
    Body Sizes (%): []
    Upper Shadows (%): []
    Lower Shadows (%): []
Volumes: []
==================================================
2025-05-15 05:00:46,826 - INFO - 
==================================================
EMA Cross Analysis - DOGS/USDT
Time: 2025-05-15 04:55:00+09:00
Type: golden
Cross Character (Current): Weak
Cross Character (New): Weak
Price at Cross: 0.0002244

1. Pre-Cross Pattern (15min):
EMA Distance Changes (%): ['0.002', '0.011', '0.004', '0.020']
EMA12 Changes (%): ['-0.005', '-0.025', '0.013', '0.045']
Price Changes (%): ['0.269', '-0.134', '0.224', '0.223']
Candle Analysis:
    Body Sizes (%): ['0.224', '0.089', '0.179', '0.179']
    Upper Shadows (%): ['0.045', '0.089', '0.045', '0.134']
    Lower Shadows (%): ['0.000', '0.000', '0.045', '0.000']
Volumes: [np.float64(142658974.0), np.float64(207640718.0), np.float64(90177845.0), np.float64(131500257.0)]
2025-05-15 05:00:46,826 - INFO - 
2. Post-Cross Movement (30min):
5min Price Changes (%): ['0.223']
Maximum Change: 0.223% after 5 minutes
Candle Analysis:
    Body Sizes (%): ['0.223']
    Upper Shadows (%): ['0.000']
    Lower Shadows (%): ['0.089']
Volumes: [np.float64(98664687.0)]
==================================================
2025-05-15 05:00:48,788 - INFO - 
==================================================
EMA Cross Analysis - FXS/USDT
Time: 2025-05-15 04:55:00+09:00
Type: dead
Cross Character (Current): Weak
Cross Character (New): Weak
Price at Cross: 3.0406

1. Pre-Cross Pattern (15min):
EMA Distance Changes (%): ['0.163', '0.099', '0.052', '0.003']
EMA12 Changes (%): ['0.017', '-0.102', '-0.076', '-0.099']
Price Changes (%): ['-0.042', '-0.756', '0.066', '-0.223']
Candle Analysis:
    Body Sizes (%): ['0.046', '0.753', '0.069', '0.220']
    Upper Shadows (%): ['0.218', '0.052', '0.197', '0.128']
    Lower Shadows (%): ['0.081', '0.737', '0.039', '0.092']
Volumes: [np.float64(9096.9), np.float64(75513.4), np.float64(12607.8), np.float64(3367.7)]
2025-05-15 05:00:48,788 - INFO - 
2. Post-Cross Movement (30min):
5min Price Changes (%): ['0.158']
Maximum Change: 0.158% after 5 minutes
Candle Analysis:
    Body Sizes (%): ['0.145']
    Upper Shadows (%): ['0.039']
    Lower Shadows (%): ['0.000']
Volumes: [np.float64(1273.2)]
==================================================
2025-05-15 05:00:55,928 - INFO - 
==================================================
EMA Cross Analysis - COW/USDT
Time: 2025-05-15 05:00:00+09:00
Type: dead
Cross Character (Current): Weak
Cross Character (New): Weak
Price at Cross: 0.4004

1. Pre-Cross Pattern (15min):
EMA Distance Changes (%): ['0.019', '0.003', '0.001', '0.005']
EMA12 Changes (%): ['0.020', '0.028', '0.009', '-0.012']
Price Changes (%): ['0.300', '0.075', '-0.100', '-0.125']
Candle Analysis:
    Body Sizes (%): ['0.325', '0.000', '0.100', '0.150']
    Upper Shadows (%): ['0.000', '0.025', '0.125', '0.000']
    Lower Shadows (%): ['0.000', '0.075', '0.050', '0.125']
Volumes: [np.float64(51234.0), np.float64(25315.0), np.float64(38603.0), np.float64(99270.0)]
2025-05-15 05:00:55,928 - INFO - 
2. Post-Cross Movement (30min):
5min Price Changes (%): []
Maximum Change: 0.000% after 0 minutes
Candle Analysis:
    Body Sizes (%): []
    Upper Shadows (%): []
    Lower Shadows (%): []
Volumes: []
==================================================
2025-05-15 05:00:57,186 - INFO - 
==================================================
EMA Cross Analysis - VANA/USDT
Time: 2025-05-15 05:00:00+09:00
Type: golden
Cross Character (Current): Weak
Cross Character (New): Weak
Price at Cross: 6.533

1. Pre-Cross Pattern (15min):
EMA Distance Changes (%): ['0.058', '0.040', '0.023', '0.002']
EMA12 Changes (%): ['0.015', '0.027', '0.027', '0.044']
Price Changes (%): ['0.077', '0.092', '0.031', '0.138']
Candle Analysis:
    Body Sizes (%): ['0.061', '0.077', '0.015', '0.107']
    Upper Shadows (%): ['0.015', '0.077', '0.215', '0.077']
    Lower Shadows (%): ['0.169', '0.092', '0.031', '0.000']
Volumes: [np.float64(3735.16), np.float64(3562.14), np.float64(4309.81), np.float64(4711.11)]
2025-05-15 05:00:57,186 - INFO - 
2. Post-Cross Movement (30min):
5min Price Changes (%): []
Maximum Change: 0.000% after 0 minutes
Candle Analysis:
    Body Sizes (%): []
    Upper Shadows (%): []
    Lower Shadows (%): []
Volumes: []
==================================================
2025-05-15 05:05:25,499 - INFO - 
==================================================
EMA Cross Analysis - BAKE/USDT
Time: 2025-05-15 05:05:00+09:00
Type: golden
Cross Character (Current): Weak
Cross Character (New): Weak
Price at Cross: 0.1487

1. Pre-Cross Pattern (15min):
EMA Distance Changes (%): ['0.015', '0.022', '0.006', '0.012']
EMA12 Changes (%): ['0.006', '-0.016', '0.028', '0.034']
Price Changes (%): ['0.000', '-0.135', '0.270', '0.067']
Candle Analysis:
    Body Sizes (%): ['0.000', '0.202', '0.270', '0.000']
    Upper Shadows (%): ['0.067', '0.000', '0.135', '0.067']
    Lower Shadows (%): ['0.202', '0.000', '0.000', '0.000']
Volumes: [np.float64(52856.0), np.float64(32419.0), np.float64(105867.0), np.float64(17198.0)]
2025-05-15 05:05:25,499 - INFO - 
2. Post-Cross Movement (30min):
5min Price Changes (%): []
Maximum Change: 0.000% after 0 minutes
Candle Analysis:
    Body Sizes (%): []
    Upper Shadows (%): []
    Lower Shadows (%): []
Volumes: []
==================================================
2025-05-15 05:05:27,896 - INFO - 
==================================================
EMA Cross Analysis - XLM/USDT
Time: 2025-05-15 05:00:00+09:00
Type: dead
Cross Character (Current): Weak
Cross Character (New): Weak
Price at Cross: 0.30471

1. Pre-Cross Pattern (15min):
EMA Distance Changes (%): ['0.001', '0.003', '0.001', '0.001']
EMA12 Changes (%): ['-0.003', '-0.005', '0.007', '-0.004']
Price Changes (%): ['0.102', '-0.013', '0.069', '-0.059']
Candle Analysis:
    Body Sizes (%): ['0.108', '0.016', '0.069', '0.069']
    Upper Shadows (%): ['0.010', '0.072', '0.066', '0.148']
    Lower Shadows (%): ['0.059', '0.105', '0.049', '0.007']
Volumes: [np.float64(656098.0), np.float64(613664.0), np.float64(502023.0), np.float64(543553.0)]
2025-05-15 05:05:27,896 - INFO - 
2. Post-Cross Movement (30min):
5min Price Changes (%): ['-0.010']
Maximum Change: -0.010% after 5 minutes
Candle Analysis:
    Body Sizes (%): ['0.010']
    Upper Shadows (%): ['0.000']
    Lower Shadows (%): ['0.020']
Volumes: [np.float64(16135.0)]
==================================================
2025-05-15 05:05:29,421 - INFO - 
==================================================
EMA Cross Analysis - THETA/USDT
Time: 2025-05-15 05:05:00+09:00
Type: dead
Cross Character (Current): Weak
Cross Character (New): Weak
Price at Cross: 0.9928

1. Pre-Cross Pattern (15min):
EMA Distance Changes (%): ['0.003', '0.000', '0.001', '0.003']
EMA12 Changes (%): ['0.001', '0.005', '0.001', '-0.008']
Price Changes (%): ['0.030', '0.030', '-0.020', '-0.060']
Candle Analysis:
    Body Sizes (%): ['0.030', '0.030', '0.000', '0.060']
    Upper Shadows (%): ['0.091', '0.131', '0.221', '0.000']
    Lower Shadows (%): ['0.020', '0.060', '0.081', '0.060']
Volumes: [np.float64(42710.2), np.float64(18018.0), np.float64(65309.5), np.float64(5618.8)]
2025-05-15 05:05:29,421 - INFO - 
2. Post-Cross Movement (30min):
5min Price Changes (%): []
Maximum Change: 0.000% after 0 minutes
Candle Analysis:
    Body Sizes (%): []
    Upper Shadows (%): []
    Lower Shadows (%): []
Volumes: []
==================================================
2025-05-15 05:05:32,858 - INFO - 
==================================================
EMA Cross Analysis - COW/USDT
Time: 2025-05-15 05:05:00+09:00
Type: dead
Cross Character (Current): Weak
Cross Character (New): Weak
Price at Cross: 0.4004

1. Pre-Cross Pattern (15min):
EMA Distance Changes (%): ['0.003', '0.001', '0.003', '0.004']
EMA12 Changes (%): ['0.028', '0.009', '0.003', '-0.013']
Price Changes (%): ['0.075', '-0.100', '-0.025', '-0.100']
Candle Analysis:
    Body Sizes (%): ['0.000', '0.100', '0.050', '0.050']
    Upper Shadows (%): ['0.025', '0.125', '0.200', '0.000']
    Lower Shadows (%): ['0.075', '0.050', '0.224', '0.000']
Volumes: [np.float64(25315.0), np.float64(38603.0), np.float64(136909.0), np.float64(8870.0)]
2025-05-15 05:05:32,858 - INFO - 
2. Post-Cross Movement (30min):
5min Price Changes (%): []
Maximum Change: 0.000% after 0 minutes
Candle Analysis:
    Body Sizes (%): []
    Upper Shadows (%): []
    Lower Shadows (%): []
Volumes: []
==================================================
2025-05-15 05:05:34,113 - INFO - 
==================================================
EMA Cross Analysis - VANA/USDT
Time: 2025-05-15 05:05:00+09:00
Type: golden
Cross Character (Current): Weak
Cross Character (New): Weak
Price at Cross: 6.531

1. Pre-Cross Pattern (15min):
EMA Distance Changes (%): ['0.040', '0.023', '0.000', '0.017']
EMA12 Changes (%): ['0.027', '0.027', '0.040', '0.034']
Price Changes (%): ['0.092', '0.031', '0.107', '0.000']
Candle Analysis:
    Body Sizes (%): ['0.077', '0.015', '0.077', '0.000']
    Upper Shadows (%): ['0.077', '0.215', '0.184', '0.015']
    Lower Shadows (%): ['0.092', '0.031', '0.000', '0.046']
Volumes: [np.float64(3562.14), np.float64(4309.81), np.float64(13505.03), np.float64(1410.83)]
2025-05-15 05:05:34,113 - INFO - 
2. Post-Cross Movement (30min):
5min Price Changes (%): []
Maximum Change: 0.000% after 0 minutes
Candle Analysis:
    Body Sizes (%): []
    Upper Shadows (%): []
    Lower Shadows (%): []
Volumes: []
==================================================
2025-05-15 05:10:03,692 - INFO - 
==================================================
EMA Cross Analysis - ORDI/USDT
Time: 2025-05-15 05:10:00+09:00
Type: golden
Cross Character (Current): Weak
Cross Character (New): Weak
Price at Cross: 11.723

1. Pre-Cross Pattern (15min):
EMA Distance Changes (%): ['0.151', '0.090', '0.028', '0.020']
EMA12 Changes (%): ['0.009', '0.095', '0.107', '0.090']
Price Changes (%): ['0.017', '0.567', '0.171', '0.000']
Candle Analysis:
    Body Sizes (%): ['0.034', '0.559', '0.171', '0.009']
    Upper Shadows (%): ['0.163', '0.112', '0.068', '0.009']
    Lower Shadows (%): ['0.026', '0.000', '0.214', '0.000']
Volumes: [np.float64(17131.6), np.float64(24470.1), np.float64(19343.3), np.float64(43.4)]
2025-05-15 05:10:03,692 - INFO - 
2. Post-Cross Movement (30min):
5min Price Changes (%): []
Maximum Change: 0.000% after 0 minutes
Candle Analysis:
    Body Sizes (%): []
    Upper Shadows (%): []
    Lower Shadows (%): []
Volumes: []
==================================================
2025-05-15 05:10:04,347 - INFO - 
==================================================
EMA Cross Analysis - GALA/USDT
Time: 2025-05-15 05:05:00+09:00
Type: golden
Cross Character (Current): Weak
Cross Character (New): Weak
Price at Cross: 0.02167

1. Pre-Cross Pattern (15min):
EMA Distance Changes (%): ['0.042', '0.031', '0.010', '0.006']
EMA12 Changes (%): ['0.028', '0.017', '0.036', '0.030']
Price Changes (%): ['0.185', '-0.046', '0.139', '0.000']
Candle Analysis:
    Body Sizes (%): ['0.139', '0.046', '0.092', '0.046']
    Upper Shadows (%): ['0.046', '0.323', '0.277', '0.277']
    Lower Shadows (%): ['0.093', '0.092', '0.046', '0.092']
Volumes: [np.float64(3405230.0), np.float64(13217075.0), np.float64(11997528.0), np.float64(5389476.0)]
2025-05-15 05:10:04,347 - INFO - 
2. Post-Cross Movement (30min):
5min Price Changes (%): ['0.046']
Maximum Change: 0.046% after 5 minutes
Candle Analysis:
    Body Sizes (%): ['0.000']
    Upper Shadows (%): ['0.000']
    Lower Shadows (%): ['0.000']
Volumes: [np.float64(89254.0)]
==================================================
2025-05-15 05:10:09,091 - INFO - 
==================================================
EMA Cross Analysis - COW/USDT
Time: 2025-05-15 05:05:00+09:00
Type: dead
Cross Character (Current): Weak
Cross Character (New): Weak
Price at Cross: 0.3999

1. Pre-Cross Pattern (15min):
EMA Distance Changes (%): ['0.003', '0.001', '0.003', '0.014']
EMA12 Changes (%): ['0.028', '0.009', '0.003', '-0.032']
Price Changes (%): ['0.075', '-0.100', '-0.025', '-0.225']
Candle Analysis:
    Body Sizes (%): ['0.000', '0.100', '0.050', '0.175']
    Upper Shadows (%): ['0.025', '0.125', '0.200', '0.200']
    Lower Shadows (%): ['0.075', '0.050', '0.224', '0.100']
Volumes: [np.float64(25315.0), np.float64(38603.0), np.float64(136909.0), np.float64(117101.0)]
2025-05-15 05:10:09,091 - INFO - 
2. Post-Cross Movement (30min):
5min Price Changes (%): ['0.000']
Maximum Change: 0.000% after 0 minutes
Candle Analysis:
    Body Sizes (%): ['0.000']
    Upper Shadows (%): ['0.000']
    Lower Shadows (%): ['0.000']
Volumes: [np.float64(0.0)]
==================================================
2025-05-15 05:10:10,352 - INFO - 
==================================================
EMA Cross Analysis - VANA/USDT
Time: 2025-05-15 05:05:00+09:00
Type: golden
Cross Character (Current): Weak
Cross Character (New): Weak
Price at Cross: 6.53

1. Pre-Cross Pattern (15min):
EMA Distance Changes (%): ['0.040', '0.023', '0.000', '0.016']
EMA12 Changes (%): ['0.027', '0.027', '0.040', '0.031']
Price Changes (%): ['0.092', '0.031', '0.107', '-0.015']
Candle Analysis:
    Body Sizes (%): ['0.077', '0.015', '0.077', '0.015']
    Upper Shadows (%): ['0.077', '0.215', '0.184', '0.306']
    Lower Shadows (%): ['0.092', '0.031', '0.000', '0.046']
Volumes: [np.float64(3562.14), np.float64(4309.81), np.float64(13505.03), np.float64(4953.38)]
2025-05-15 05:10:10,352 - INFO - 
2. Post-Cross Movement (30min):
5min Price Changes (%): ['0.046']
Maximum Change: 0.046% after 5 minutes
Candle Analysis:
    Body Sizes (%): ['0.031']
    Upper Shadows (%): ['0.000']
    Lower Shadows (%): ['0.000']
Volumes: [np.float64(269.36)]
==================================================
2025-05-15 05:11:12,707 - INFO - 
==================================================
EMA Cross Analysis - BAKE/USDT
Time: 2025-05-15 05:05:00+09:00
Type: golden
Cross Character (Current): Weak
Cross Character (New): Weak
Price at Cross: 0.149

1. Pre-Cross Pattern (15min):
EMA Distance Changes (%): ['0.015', '0.022', '0.006', '0.028']
EMA12 Changes (%): ['0.006', '-0.016', '0.028', '0.065']
Price Changes (%): ['0.000', '-0.135', '0.270', '0.269']
Candle Analysis:
    Body Sizes (%): ['0.000', '0.202', '0.270', '0.202']
    Upper Shadows (%): ['0.067', '0.000', '0.135', '0.067']
    Lower Shadows (%): ['0.202', '0.000', '0.000', '0.000']
Volumes: [np.float64(52856.0), np.float64(32419.0), np.float64(105867.0), np.float64(83767.0)]
2025-05-15 05:11:12,708 - INFO - 
2. Post-Cross Movement (30min):
5min Price Changes (%): ['-0.268']
Maximum Change: -0.268% after 5 minutes
Candle Analysis:
    Body Sizes (%): ['0.268']
    Upper Shadows (%): ['0.000']
    Lower Shadows (%): ['0.000']
Volumes: [np.float64(38772.0)]
==================================================
2025-05-15 05:15:50,119 - INFO - 
==================================================
EMA Cross Analysis - ORDI/USDT
Time: 2025-05-15 05:10:00+09:00
Type: golden
Cross Character (Current): Weak
Cross Character (New): Weak
Price at Cross: 11.705

1. Pre-Cross Pattern (15min):
EMA Distance Changes (%): ['0.151', '0.090', '0.028', '0.008']
EMA12 Changes (%): ['0.009', '0.095', '0.107', '0.067']
Price Changes (%): ['0.017', '0.567', '0.171', '-0.154']
Candle Analysis:
    Body Sizes (%): ['0.034', '0.559', '0.171', '0.162']
    Upper Shadows (%): ['0.163', '0.112', '0.068', '0.068']
    Lower Shadows (%): ['0.026', '0.000', '0.214', '0.068']
Volumes: [np.float64(17131.6), np.float64(24470.1), np.float64(19343.3), np.float64(13534.1)]
2025-05-15 05:15:50,119 - INFO - 
2. Post-Cross Movement (30min):
5min Price Changes (%): ['-0.137']
Maximum Change: -0.137% after 5 minutes
Candle Analysis:
    Body Sizes (%): ['0.145']
    Upper Shadows (%): ['0.085']
    Lower Shadows (%): ['0.000']
Volumes: [np.float64(3160.7)]
==================================================
2025-05-15 05:15:50,552 - INFO - 
==================================================
EMA Cross Analysis - XLM/USDT
Time: 2025-05-15 05:10:00+09:00
Type: dead
Cross Character (Current): Weak
Cross Character (New): Weak
Price at Cross: 0.30468

1. Pre-Cross Pattern (15min):
EMA Distance Changes (%): ['0.001', '0.001', '0.000', '0.002']
EMA12 Changes (%): ['0.007', '-0.004', '0.003', '-0.005']
Price Changes (%): ['0.069', '-0.059', '0.036', '-0.046']
Candle Analysis:
    Body Sizes (%): ['0.069', '0.069', '0.036', '0.052']
    Upper Shadows (%): ['0.066', '0.148', '0.154', '0.056']
    Lower Shadows (%): ['0.049', '0.007', '0.033', '0.075']
Volumes: [np.float64(502023.0), np.float64(543553.0), np.float64(272742.0), np.float64(190082.0)]
2025-05-15 05:15:50,552 - INFO - 
2. Post-Cross Movement (30min):
5min Price Changes (%): ['-0.059']
Maximum Change: -0.059% after 5 minutes
Candle Analysis:
    Body Sizes (%): ['0.059']
    Upper Shadows (%): ['0.030']
    Lower Shadows (%): ['0.000']
Volumes: [np.float64(59782.0)]
==================================================
2025-05-15 05:15:51,860 - INFO - 
==================================================
EMA Cross Analysis - BNB/USDT
Time: 2025-05-15 05:15:00+09:00
Type: dead
Cross Character (Current): Weak
Cross Character (New): Weak
Price at Cross: 652.38

1. Pre-Cross Pattern (15min):
EMA Distance Changes (%): ['0.023', '0.014', '0.003', '0.005']
EMA12 Changes (%): ['-0.003', '-0.014', '-0.019', '-0.015']
Price Changes (%): ['-0.006', '-0.070', '-0.049', '0.005']
Candle Analysis:
    Body Sizes (%): ['0.008', '0.070', '0.051', '0.005']
    Upper Shadows (%): ['0.098', '0.043', '0.000', '0.023']
    Lower Shadows (%): ['0.020', '0.014', '0.018', '0.000']
Volumes: [np.float64(1159.01), np.float64(1029.23), np.float64(573.64), np.float64(164.17)]
2025-05-15 05:15:51,861 - INFO - 
2. Post-Cross Movement (30min):
5min Price Changes (%): []
Maximum Change: 0.000% after 0 minutes
Candle Analysis:
    Body Sizes (%): []
    Upper Shadows (%): []
    Lower Shadows (%): []
Volumes: []
==================================================
2025-05-15 05:15:52,076 - INFO - 
==================================================
EMA Cross Analysis - THETA/USDT
Time: 2025-05-15 05:15:00+09:00
Type: dead
Cross Character (Current): Weak
Cross Character (New): Weak
Price at Cross: 0.9923

1. Pre-Cross Pattern (15min):
EMA Distance Changes (%): ['0.001', '0.007', '0.008', '0.002']
EMA12 Changes (%): ['0.001', '0.012', '0.002', '-0.018']
Price Changes (%): ['-0.020', '0.070', '-0.050', '-0.131']
Candle Analysis:
    Body Sizes (%): ['0.000', '0.070', '0.050', '0.121']
    Upper Shadows (%): ['0.221', '0.101', '0.030', '0.020']
    Lower Shadows (%): ['0.081', '0.121', '0.101', '0.010']
Volumes: [np.float64(65309.5), np.float64(23747.2), np.float64(29198.4), np.float64(11927.4)]
2025-05-15 05:15:52,076 - INFO - 
2. Post-Cross Movement (30min):
5min Price Changes (%): []
Maximum Change: 0.000% after 0 minutes
Candle Analysis:
    Body Sizes (%): []
    Upper Shadows (%): []
    Lower Shadows (%): []
Volumes: []
==================================================
2025-05-15 05:15:52,948 - INFO - 
==================================================
EMA Cross Analysis - ADA/USDT
Time: 2025-05-15 05:15:00+09:00
Type: dead
Cross Character (Current): Weak
Cross Character (New): Weak
Price at Cross: 0.7991

1. Pre-Cross Pattern (15min):
EMA Distance Changes (%): ['0.019', '0.015', '0.005', '0.003']
EMA12 Changes (%): ['-0.001', '-0.005', '-0.016', '-0.015']
Price Changes (%): ['-0.125', '-0.025', '-0.075', '-0.013']
Candle Analysis:
    Body Sizes (%): ['0.125', '0.037', '0.075', '0.025']
    Upper Shadows (%): ['0.125', '0.225', '0.038', '0.038']
    Lower Shadows (%): ['0.012', '0.075', '0.063', '0.000']
Volumes: [np.float64(1769488.0), np.float64(675677.0), np.float64(707651.0), np.float64(55842.0)]
2025-05-15 05:15:52,948 - INFO - 
2. Post-Cross Movement (30min):
5min Price Changes (%): []
Maximum Change: 0.000% after 0 minutes
Candle Analysis:
    Body Sizes (%): []
    Upper Shadows (%): []
    Lower Shadows (%): []
Volumes: []
==================================================
2025-05-15 05:20:28,832 - INFO - 
==================================================
EMA Cross Analysis - BNB/USDT
Time: 2025-05-15 05:20:00+09:00
Type: dead
Cross Character (Current): Weak
Cross Character (New): Weak
Price at Cross: 652.75

1. Pre-Cross Pattern (15min):
EMA Distance Changes (%): ['0.014', '0.003', '0.001', '0.003']
EMA12 Changes (%): ['-0.014', '-0.019', '-0.005', '-0.006']
Price Changes (%): ['-0.070', '-0.049', '0.074', '-0.012']
Candle Analysis:
    Body Sizes (%): ['0.070', '0.051', '0.074', '0.012']
    Upper Shadows (%): ['0.043', '0.000', '0.011', '0.002']
    Lower Shadows (%): ['0.014', '0.018', '0.003', '0.002']
Volumes: [np.float64(1029.23), np.float64(573.64), np.float64(582.6), np.float64(30.43)]
2025-05-15 05:20:28,832 - INFO - 
2. Post-Cross Movement (30min):
5min Price Changes (%): []
Maximum Change: 0.000% after 0 minutes
Candle Analysis:
    Body Sizes (%): []
    Upper Shadows (%): []
    Lower Shadows (%): []
Volumes: []
==================================================
2025-05-15 05:30:51,302 - INFO - 
==================================================
EMA Cross Analysis - BNB/USDT
Time: 2025-05-15 05:25:00+09:00
Type: dead
Cross Character (Current): Weak
Cross Character (New): Weak
Price at Cross: 652.67

1. Pre-Cross Pattern (15min):
EMA Distance Changes (%): ['0.003', '0.001', '0.001', '0.003']
EMA12 Changes (%): ['-0.019', '-0.005', '0.000', '-0.008']
Price Changes (%): ['-0.049', '0.074', '0.028', '-0.052']
Candle Analysis:
    Body Sizes (%): ['0.051', '0.074', '0.028', '0.054']
    Upper Shadows (%): ['0.000', '0.011', '0.014', '0.000']
    Lower Shadows (%): ['0.018', '0.003', '0.032', '0.035']
Volumes: [np.float64(573.64), np.float64(582.6), np.float64(505.33), np.float64(436.69)]
2025-05-15 05:30:51,302 - INFO - 
2. Post-Cross Movement (30min):
5min Price Changes (%): ['0.020']
Maximum Change: 0.020% after 5 minutes
Candle Analysis:
    Body Sizes (%): ['0.018']
    Upper Shadows (%): ['0.000']
    Lower Shadows (%): ['0.002']
Volumes: [np.float64(57.98)]
==================================================
2025-05-15 05:30:55,392 - INFO - 
==================================================
EMA Cross Analysis - ONDOUSDT
Time: 2025-05-15 05:30:00+09:00
Type: dead
Cross Character (Current): Weak
Cross Character (New): Weak
Price at Cross: 1.0259

1. Pre-Cross Pattern (15min):
EMA Distance Changes (%): ['0.086', '0.046', '0.008', '0.031']
EMA12 Changes (%): ['-0.027', '-0.066', '-0.066', '-0.074']
Price Changes (%): ['-0.087', '-0.281', '-0.068', '-0.117']
Candle Analysis:
    Body Sizes (%): ['0.097', '0.281', '0.068', '0.117']
    Upper Shadows (%): ['0.068', '0.029', '0.107', '0.049']
    Lower Shadows (%): ['0.291', '0.019', '0.088', '0.049']
Volumes: [np.float64(704484.9), np.float64(685124.1), np.float64(663679.1), np.float64(123520.8)]
2025-05-15 05:30:55,392 - INFO - 
2. Post-Cross Movement (30min):
5min Price Changes (%): []
Maximum Change: 0.000% after 0 minutes
Candle Analysis:
    Body Sizes (%): []
    Upper Shadows (%): []
    Lower Shadows (%): []
Volumes: []
==================================================
2025-05-15 05:35:22,929 - INFO - 
==================================================
EMA Cross Analysis - BAN/USDT
Time: 2025-05-15 05:30:00+09:00
Type: dead
Cross Character (Current): Weak
Cross Character (New): Weak
Price at Cross: 0.0653

1. Pre-Cross Pattern (15min):
EMA Distance Changes (%): ['0.046', '0.030', '0.015', '0.012']
EMA12 Changes (%): ['-0.034', '-0.024', '-0.025', '-0.050']
Price Changes (%): ['-0.076', '0.031', '-0.031', '-0.183']
Candle Analysis:
    Body Sizes (%): ['0.092', '0.031', '0.015', '0.199']
    Upper Shadows (%): ['0.031', '0.076', '0.000', '0.015']
    Lower Shadows (%): ['0.046', '0.015', '0.061', '0.092']
Volumes: [np.float64(20215.0), np.float64(21618.0), np.float64(11067.0), np.float64(39739.0)]
2025-05-15 05:35:22,929 - INFO - 
2. Post-Cross Movement (30min):
5min Price Changes (%): ['-0.015']
Maximum Change: -0.015% after 5 minutes
Candle Analysis:
    Body Sizes (%): ['0.015']
    Upper Shadows (%): ['0.000']
    Lower Shadows (%): ['0.000']
Volumes: [np.float64(437.0)]
==================================================
2025-05-15 05:35:27,282 - INFO - 
==================================================
EMA Cross Analysis - TNSR/USDT
Time: 2025-05-15 05:30:00+09:00
Type: dead
Cross Character (Current): Weak
Cross Character (New): Weak
Price at Cross: 0.1784

1. Pre-Cross Pattern (15min):
EMA Distance Changes (%): ['0.063', '0.053', '0.035', '0.002']
EMA12 Changes (%): ['0.017', '-0.011', '-0.027', '-0.066']
Price Changes (%): ['0.112', '-0.167', '-0.112', '-0.279']
Candle Analysis:
    Body Sizes (%): ['0.168', '0.112', '0.112', '0.279']
    Upper Shadows (%): ['0.000', '0.056', '0.000', '0.000']
    Lower Shadows (%): ['0.112', '0.112', '0.056', '0.112']
Volumes: [np.float64(41049.9), np.float64(83013.3), np.float64(28726.8), np.float64(79141.9)]
2025-05-15 05:35:27,283 - INFO - 
2. Post-Cross Movement (30min):
5min Price Changes (%): ['-0.168']
Maximum Change: -0.168% after 5 minutes
Candle Analysis:
    Body Sizes (%): ['0.168']
    Upper Shadows (%): ['0.000']
    Lower Shadows (%): ['0.000']
Volumes: [np.float64(8913.7)]
==================================================
2025-05-15 05:35:29,251 - INFO - 
==================================================
EMA Cross Analysis - ADA/USDT
Time: 2025-05-15 05:30:00+09:00
Type: dead
Cross Character (Current): Weak
Cross Character (New): Weak
Price at Cross: 0.7992

1. Pre-Cross Pattern (15min):
EMA Distance Changes (%): ['0.003', '0.004', '0.006', '0.001']
EMA12 Changes (%): ['-0.004', '0.003', '0.004', '-0.014']
Price Changes (%): ['0.063', '0.038', '0.012', '-0.112']
Candle Analysis:
    Body Sizes (%): ['0.050', '0.025', '0.025', '0.112']
    Upper Shadows (%): ['0.088', '0.063', '0.050', '0.187']
    Lower Shadows (%): ['0.063', '0.113', '0.100', '0.050']
Volumes: [np.float64(498889.0), np.float64(575754.0), np.float64(818761.0), np.float64(1395786.0)]
2025-05-15 05:35:29,251 - INFO - 
2. Post-Cross Movement (30min):
5min Price Changes (%): ['-0.013']
Maximum Change: -0.013% after 5 minutes
Candle Analysis:
    Body Sizes (%): ['0.013']
    Upper Shadows (%): ['0.025']
    Lower Shadows (%): ['0.050']
Volumes: [np.float64(133717.0)]
==================================================
2025-05-15 05:35:30,948 - INFO - 
==================================================
EMA Cross Analysis - AVAX/USDT
Time: 2025-05-15 05:35:00+09:00
Type: dead
Cross Character (Current): Weak
Cross Character (New): Weak
Price at Cross: 25.205

1. Pre-Cross Pattern (15min):
EMA Distance Changes (%): ['0.013', '0.011', '0.004', '0.000']
EMA12 Changes (%): ['-0.004', '-0.001', '-0.013', '-0.008']
Price Changes (%): ['-0.008', '0.012', '-0.075', '0.020']
Candle Analysis:
    Body Sizes (%): ['0.016', '0.004', '0.075', '0.012']
    Upper Shadows (%): ['0.067', '0.000', '0.071', '0.000']
    Lower Shadows (%): ['0.079', '0.119', '0.071', '0.048']
Volumes: [np.float64(11163.0), np.float64(15962.0), np.float64(15409.0), np.float64(986.0)]
2025-05-15 05:35:30,948 - INFO - 
2. Post-Cross Movement (30min):
5min Price Changes (%): []
Maximum Change: 0.000% after 0 minutes
Candle Analysis:
    Body Sizes (%): []
    Upper Shadows (%): []
    Lower Shadows (%): []
Volumes: []
==================================================
2025-05-15 05:35:31,816 - INFO - 
==================================================
EMA Cross Analysis - COW/USDT
Time: 2025-05-15 05:30:00+09:00
Type: golden
Cross Character (Current): Weak
Cross Character (New): Weak
Price at Cross: 0.4014

1. Pre-Cross Pattern (15min):
EMA Distance Changes (%): ['0.013', '0.018', '0.011', '0.006']
EMA12 Changes (%): ['0.001', '-0.011', '0.010', '0.031']
Price Changes (%): ['0.025', '-0.075', '0.125', '0.150']
Candle Analysis:
    Body Sizes (%): ['0.050', '0.025', '0.125', '0.175']
    Upper Shadows (%): ['0.050', '0.175', '0.000', '0.150']
    Lower Shadows (%): ['0.100', '0.025', '0.100', '0.000']
Volumes: [np.float64(22454.0), np.float64(40531.0), np.float64(22337.0), np.float64(74101.0)]
2025-05-15 05:35:31,816 - INFO - 
2. Post-Cross Movement (30min):
5min Price Changes (%): ['0.000']
Maximum Change: 0.000% after 0 minutes
Candle Analysis:
    Body Sizes (%): ['0.050']
    Upper Shadows (%): ['0.000']
    Lower Shadows (%): ['0.075']
Volumes: [np.float64(3516.0)]
==================================================
2025-05-15 05:35:32,251 - INFO - 
==================================================
EMA Cross Analysis - ONDOUSDT
Time: 2025-05-15 05:30:00+09:00
Type: dead
Cross Character (Current): Weak
Cross Character (New): Weak
Price at Cross: 1.0252

1. Pre-Cross Pattern (15min):
EMA Distance Changes (%): ['0.086', '0.046', '0.008', '0.037']
EMA12 Changes (%): ['-0.027', '-0.066', '-0.066', '-0.085']
Price Changes (%): ['-0.087', '-0.281', '-0.068', '-0.185']
Candle Analysis:
    Body Sizes (%): ['0.097', '0.281', '0.068', '0.185']
    Upper Shadows (%): ['0.068', '0.029', '0.107', '0.049']
    Lower Shadows (%): ['0.291', '0.019', '0.088', '0.156']
Volumes: [np.float64(704484.9), np.float64(685124.1), np.float64(663679.1), np.float64(1216257.4)]
2025-05-15 05:35:32,252 - INFO - 
2. Post-Cross Movement (30min):
5min Price Changes (%): ['-0.010']
Maximum Change: -0.010% after 5 minutes
Candle Analysis:
    Body Sizes (%): ['0.010']
    Upper Shadows (%): ['0.039']
    Lower Shadows (%): ['0.078']
Volumes: [np.float64(267629.4)]
==================================================
2025-05-15 05:40:02,416 - INFO - 
==================================================
EMA Cross Analysis - ORDI/USDT
Time: 2025-05-15 05:35:00+09:00
Type: dead
Cross Character (Current): Weak
Cross Character (New): Weak
Price at Cross: 11.62

1. Pre-Cross Pattern (15min):
EMA Distance Changes (%): ['0.058', '0.056', '0.033', '0.004']
EMA12 Changes (%): ['0.054', '0.004', '-0.036', '-0.066']
Price Changes (%): ['0.094', '-0.273', '-0.257', '-0.232']
Candle Analysis:
    Body Sizes (%): ['0.085', '0.265', '0.265', '0.232']
    Upper Shadows (%): ['0.043', '0.000', '0.017', '0.086']
    Lower Shadows (%): ['0.077', '0.128', '0.188', '0.069']
Volumes: [np.float64(12219.2), np.float64(14456.2), np.float64(15195.8), np.float64(9759.7)]
2025-05-15 05:40:02,416 - INFO - 
2. Post-Cross Movement (30min):
5min Price Changes (%): ['-0.026']
Maximum Change: -0.026% after 5 minutes
Candle Analysis:
    Body Sizes (%): ['0.026']
    Upper Shadows (%): ['0.000']
    Lower Shadows (%): ['0.000']
Volumes: [np.float64(62.0)]
==================================================
2025-05-15 05:40:06,779 - INFO - 
==================================================
EMA Cross Analysis - AVAX/USDT
Time: 2025-05-15 05:35:00+09:00
Type: dead
Cross Character (Current): Weak
Cross Character (New): Weak
Price at Cross: 25.191

1. Pre-Cross Pattern (15min):
EMA Distance Changes (%): ['0.013', '0.011', '0.004', '0.005']
EMA12 Changes (%): ['-0.004', '-0.001', '-0.013', '-0.016']
Price Changes (%): ['-0.008', '0.012', '-0.075', '-0.036']
Candle Analysis:
    Body Sizes (%): ['0.016', '0.004', '0.075', '0.044']
    Upper Shadows (%): ['0.067', '0.000', '0.071', '0.115']
    Lower Shadows (%): ['0.079', '0.119', '0.071', '0.040']
Volumes: [np.float64(11163.0), np.float64(15962.0), np.float64(15409.0), np.float64(12140.0)]
2025-05-15 05:40:06,780 - INFO - 
2. Post-Cross Movement (30min):
5min Price Changes (%): ['0.000']
Maximum Change: 0.000% after 0 minutes
Candle Analysis:
    Body Sizes (%): ['0.004']
    Upper Shadows (%): ['0.016']
    Lower Shadows (%): ['0.000']
Volumes: [np.float64(156.0)]
==================================================
2025-05-15 05:40:07,651 - INFO - 
==================================================
EMA Cross Analysis - COW/USDT
Time: 2025-05-15 05:35:00+09:00
Type: dead
Cross Character (Current): Weak
Cross Character (New): Weak
Price at Cross: 0.4002

1. Pre-Cross Pattern (15min):
EMA Distance Changes (%): ['0.018', '0.011', '0.006', '0.005']
EMA12 Changes (%): ['-0.011', '0.010', '0.031', '-0.019']
Price Changes (%): ['-0.075', '0.125', '0.150', '-0.299']
Candle Analysis:
    Body Sizes (%): ['0.025', '0.125', '0.175', '0.349']
    Upper Shadows (%): ['0.175', '0.000', '0.150', '0.000']
    Lower Shadows (%): ['0.025', '0.100', '0.000', '0.000']
Volumes: [np.float64(40531.0), np.float64(22337.0), np.float64(74101.0), np.float64(19259.0)]
2025-05-15 05:40:07,652 - INFO - 
2. Post-Cross Movement (30min):
5min Price Changes (%): ['0.000']
Maximum Change: 0.000% after 0 minutes
Candle Analysis:
    Body Sizes (%): ['0.025']
    Upper Shadows (%): ['0.000']
    Lower Shadows (%): ['0.000']
Volumes: [np.float64(677.0)]
==================================================
2025-05-15 05:45:55,795 - INFO - 
==================================================
EMA Cross Analysis - MELANIA/USDT
Time: 2025-05-15 05:45:00+09:00
Type: dead
Cross Character (Current): Weak
Cross Character (New): Weak
Price at Cross: 0.4012

1. Pre-Cross Pattern (15min):
EMA Distance Changes (%): ['0.259', '0.153', '0.055', '0.021']
EMA12 Changes (%): ['-0.024', '-0.171', '-0.164', '-0.139']
Price Changes (%): ['-0.491', '-0.986', '-0.124', '0.000']
Candle Analysis:
    Body Sizes (%): ['0.491', '1.010', '0.149', '0.000']
    Upper Shadows (%): ['0.000', '0.049', '0.249', '0.025']
    Lower Shadows (%): ['0.025', '0.123', '0.000', '0.025']
Volumes: [np.float64(351977.67), np.float64(460654.89), np.float64(155100.98), np.float64(6723.2)]
2025-05-15 05:45:55,795 - INFO - 
2. Post-Cross Movement (30min):
5min Price Changes (%): []
Maximum Change: 0.000% after 0 minutes
Candle Analysis:
    Body Sizes (%): []
    Upper Shadows (%): []
    Lower Shadows (%): []
Volumes: []
==================================================
2025-05-15 05:50:29,975 - INFO - 
==================================================
EMA Cross Analysis - ATA/USDT
Time: 2025-05-15 05:45:00+09:00
Type: dead
Cross Character (Current): Weak
Cross Character (New): Weak
Price at Cross: 0.068

1. Pre-Cross Pattern (15min):
EMA Distance Changes (%): ['0.046', '0.026', '0.021', '0.006']
EMA12 Changes (%): ['-0.038', '-0.033', '-0.005', '-0.049']
Price Changes (%): ['-0.293', '0.000', '0.147', '-0.293']
Candle Analysis:
    Body Sizes (%): ['0.293', '0.147', '0.147', '0.293']
    Upper Shadows (%): ['0.146', '0.147', '0.147', '0.147']
    Lower Shadows (%): ['0.000', '0.000', '0.000', '0.000']
Volumes: [np.float64(56404.0), np.float64(78301.0), np.float64(36782.0), np.float64(173046.0)]
2025-05-15 05:50:29,975 - INFO - 
2. Post-Cross Movement (30min):
5min Price Changes (%): ['0.147']
Maximum Change: 0.147% after 5 minutes
Candle Analysis:
    Body Sizes (%): ['0.147']
    Upper Shadows (%): ['0.000']
    Lower Shadows (%): ['0.000']
Volumes: [np.float64(25680.0)]
==================================================
2025-05-15 05:50:32,911 - INFO - 
==================================================
EMA Cross Analysis - MELANIA/USDT
Time: 2025-05-15 05:45:00+09:00
Type: dead
Cross Character (Current): Weak
Cross Character (New): Weak
Price at Cross: 0.4014

1. Pre-Cross Pattern (15min):
EMA Distance Changes (%): ['0.259', '0.153', '0.055', '0.017']
EMA12 Changes (%): ['-0.024', '-0.171', '-0.164', '-0.132']
Price Changes (%): ['-0.491', '-0.986', '-0.124', '0.050']
Candle Analysis:
    Body Sizes (%): ['0.491', '1.010', '0.149', '0.050']
    Upper Shadows (%): ['0.000', '0.049', '0.249', '0.249']
    Lower Shadows (%): ['0.025', '0.123', '0.000', '0.025']
Volumes: [np.float64(351977.67), np.float64(460654.89), np.float64(155100.98), np.float64(100667.22)]
2025-05-15 05:50:32,911 - INFO - 
2. Post-Cross Movement (30min):
5min Price Changes (%): ['0.025']
Maximum Change: 0.025% after 5 minutes
Candle Analysis:
    Body Sizes (%): ['0.025']
    Upper Shadows (%): ['0.050']
    Lower Shadows (%): ['0.100']
Volumes: [np.float64(30033.69)]
==================================================
2025-05-15 05:55:04,496 - INFO - 
==================================================
EMA Cross Analysis - ADA/USDT
Time: 2025-05-15 05:50:00+09:00
Type: golden
Cross Character (Current): Weak
Cross Character (New): Weak
Price at Cross: 0.8018

1. Pre-Cross Pattern (15min):
EMA Distance Changes (%): ['0.010', '0.010', '0.012', '0.011']
EMA12 Changes (%): ['-0.017', '-0.001', '-0.005', '0.042']
Price Changes (%): ['-0.038', '0.088', '-0.025', '0.300']
Candle Analysis:
    Body Sizes (%): ['0.038', '0.088', '0.013', '0.300']
    Upper Shadows (%): ['0.150', '0.100', '0.150', '0.025']
    Lower Shadows (%): ['0.025', '0.025', '0.025', '0.000']
Volumes: [np.float64(1160812.0), np.float64(787352.0), np.float64(583978.0), np.float64(2190681.0)]
2025-05-15 05:55:04,497 - INFO - 
2. Post-Cross Movement (30min):
5min Price Changes (%): ['-0.012']
Maximum Change: -0.012% after 5 minutes
Candle Analysis:
    Body Sizes (%): ['0.000']
    Upper Shadows (%): ['0.012']
    Lower Shadows (%): ['0.000']
Volumes: [np.float64(4861.0)]
==================================================
2025-05-15 06:00:44,781 - INFO - 
==================================================
EMA Cross Analysis - DOGS/USDT
Time: 2025-05-15 05:55:00+09:00
Type: dead
Cross Character (Current): Weak
Cross Character (New): Weak
Price at Cross: 0.0002223

1. Pre-Cross Pattern (15min):
EMA Distance Changes (%): ['0.060', '0.045', '0.043', '0.026']
EMA12 Changes (%): ['-0.000', '-0.021', '0.003', '-0.128']
Price Changes (%): ['0.089', '-0.134', '0.134', '-0.847']
Candle Analysis:
    Body Sizes (%): ['0.089', '0.134', '0.089', '0.892']
    Upper Shadows (%): ['0.223', '0.178', '0.134', '0.045']
    Lower Shadows (%): ['0.089', '0.000', '0.089', '0.089']
Volumes: [np.float64(174563390.0), np.float64(237812940.0), np.float64(233612843.0), np.float64(296282476.0)]
2025-05-15 06:00:44,782 - INFO - 
2. Post-Cross Movement (30min):
5min Price Changes (%): ['0.135']
Maximum Change: 0.135% after 5 minutes
Candle Analysis:
    Body Sizes (%): ['0.180']
    Upper Shadows (%): ['0.045']
    Lower Shadows (%): ['0.045']
Volumes: [np.float64(88356288.0)]
==================================================
2025-05-15 06:00:45,435 - INFO - 
==================================================
EMA Cross Analysis - ORCA/USDT
Time: 2025-05-15 06:00:00+09:00
Type: dead
Cross Character (Current): Weak
Cross Character (New): Weak
Price at Cross: 2.861

1. Pre-Cross Pattern (15min):
EMA Distance Changes (%): ['0.021', '0.022', '0.009', '0.004']
EMA12 Changes (%): ['-0.025', '0.006', '-0.022', '-0.024']
Price Changes (%): ['0.035', '0.175', '-0.174', '-0.035']
Candle Analysis:
    Body Sizes (%): ['0.035', '0.140', '0.174', '0.070']
    Upper Shadows (%): ['0.210', '0.035', '0.035', '0.000']
    Lower Shadows (%): ['0.000', '0.070', '0.105', '0.000']
Volumes: [np.float64(4906.2), np.float64(8539.0), np.float64(28945.5), np.float64(925.0)]
2025-05-15 06:00:45,435 - INFO - 
2. Post-Cross Movement (30min):
5min Price Changes (%): []
Maximum Change: 0.000% after 0 minutes
Candle Analysis:
    Body Sizes (%): []
    Upper Shadows (%): []
    Lower Shadows (%): []
Volumes: []
==================================================
2025-05-15 06:00:46,527 - INFO - 
==================================================
EMA Cross Analysis - BAKE/USDT
Time: 2025-05-15 06:00:00+09:00
Type: dead
Cross Character (Current): Weak
Cross Character (New): Weak
Price at Cross: 0.148

1. Pre-Cross Pattern (15min):
EMA Distance Changes (%): ['0.035', '0.034', '0.001', '0.025']
EMA12 Changes (%): ['-0.008', '0.004', '-0.059', '-0.050']
Price Changes (%): ['0.000', '0.067', '-0.404', '0.000']
Candle Analysis:
    Body Sizes (%): ['0.000', '0.067', '0.404', '0.000']
    Upper Shadows (%): ['0.135', '0.067', '0.000', '0.068']
    Lower Shadows (%): ['0.000', '0.000', '0.067', '0.000']
Volumes: [np.float64(39668.0), np.float64(73186.0), np.float64(56609.0), np.float64(9776.0)]
2025-05-15 06:00:46,527 - INFO - 
2. Post-Cross Movement (30min):
5min Price Changes (%): []
Maximum Change: 0.000% after 0 minutes
Candle Analysis:
    Body Sizes (%): []
    Upper Shadows (%): []
    Lower Shadows (%): []
Volumes: []
==================================================
2025-05-15 06:00:48,698 - INFO - 
==================================================
EMA Cross Analysis - DOGE/USDT
Time: 2025-05-15 06:00:00+09:00
Type: dead
Cross Character (Current): Weak
Cross Character (New): Weak
Price at Cross: 0.23327

1. Pre-Cross Pattern (15min):
EMA Distance Changes (%): ['0.029', '0.029', '0.011', '0.002']
EMA12 Changes (%): ['-0.021', '0.004', '-0.031', '-0.022']
Price Changes (%): ['0.047', '0.141', '-0.227', '0.030']
Candle Analysis:
    Body Sizes (%): ['0.051', '0.141', '0.227', '0.030']
    Upper Shadows (%): ['0.073', '0.047', '0.205', '0.034']
    Lower Shadows (%): ['0.013', '0.000', '0.039', '0.017']
Volumes: [np.float64(4453753.0), np.float64(9453970.0), np.float64(11529044.0), np.float64(731807.0)]
2025-05-15 06:00:48,698 - INFO - 
2. Post-Cross Movement (30min):
5min Price Changes (%): []
Maximum Change: 0.000% after 0 minutes
Candle Analysis:
    Body Sizes (%): []
    Upper Shadows (%): []
    Lower Shadows (%): []
Volumes: []
==================================================
2025-05-15 06:00:49,789 - INFO - 
==================================================
EMA Cross Analysis - DOT/USDT
Time: 2025-05-15 05:55:00+09:00
Type: dead
Cross Character (Current): Weak
Cross Character (New): Weak
Price at Cross: 5.001

1. Pre-Cross Pattern (15min):
EMA Distance Changes (%): ['0.017', '0.010', '0.016', '0.006']
EMA12 Changes (%): ['-0.004', '-0.010', '0.013', '-0.041']
Price Changes (%): ['0.080', '-0.040', '0.140', '-0.339']
Candle Analysis:
    Body Sizes (%): ['0.080', '0.040', '0.160', '0.339']
    Upper Shadows (%): ['0.120', '0.140', '0.100', '0.080']
    Lower Shadows (%): ['0.020', '0.020', '0.000', '0.080']
Volumes: [np.float64(23960.7), np.float64(16830.1), np.float64(65648.0), np.float64(86576.4)]
2025-05-15 06:00:49,789 - INFO - 
2. Post-Cross Movement (30min):
5min Price Changes (%): ['-0.060']
Maximum Change: -0.060% after 5 minutes
Candle Analysis:
    Body Sizes (%): ['0.040']
    Upper Shadows (%): ['0.020']
    Lower Shadows (%): ['0.020']
Volumes: [np.float64(5145.4)]
==================================================
2025-05-15 06:00:54,752 - INFO - 
==================================================
EMA Cross Analysis - BRETT/USDT
Time: 2025-05-15 06:00:00+09:00
Type: dead
Cross Character (Current): Weak
Cross Character (New): Weak
Price at Cross: 0.07524

1. Pre-Cross Pattern (15min):
EMA Distance Changes (%): ['0.104', '0.094', '0.037', '0.011']
EMA12 Changes (%): ['-0.037', '-0.003', '-0.098', '-0.087']
Price Changes (%): ['-0.093', '0.185', '-0.621', '-0.027']
Candle Analysis:
    Body Sizes (%): ['0.079', '0.198', '0.647', '0.000']
    Upper Shadows (%): ['0.225', '0.132', '0.211', '0.040']
    Lower Shadows (%): ['0.079', '0.000', '0.106', '0.040']
Volumes: [np.float64(208515.0), np.float64(899645.0), np.float64(898733.0), np.float64(133263.0)]
2025-05-15 06:00:54,752 - INFO - 
2. Post-Cross Movement (30min):
5min Price Changes (%): []
Maximum Change: 0.000% after 0 minutes
Candle Analysis:
    Body Sizes (%): []
    Upper Shadows (%): []
    Lower Shadows (%): []
Volumes: []
==================================================
2025-05-15 06:05:22,349 - INFO - 
==================================================
EMA Cross Analysis - ORCA/USDT
Time: 2025-05-15 06:00:00+09:00
Type: dead
Cross Character (Current): Weak
Cross Character (New): Weak
Price at Cross: 2.846

1. Pre-Cross Pattern (15min):
EMA Distance Changes (%): ['0.021', '0.022', '0.009', '0.046']
EMA12 Changes (%): ['-0.025', '0.006', '-0.022', '-0.104']
Price Changes (%): ['0.035', '0.175', '-0.174', '-0.559']
Candle Analysis:
    Body Sizes (%): ['0.035', '0.140', '0.174', '0.594']
    Upper Shadows (%): ['0.210', '0.035', '0.035', '0.000']
    Lower Shadows (%): ['0.000', '0.070', '0.105', '0.035']
Volumes: [np.float64(4906.2), np.float64(8539.0), np.float64(28945.5), np.float64(22958.7)]
2025-05-15 06:05:22,349 - INFO - 
2. Post-Cross Movement (30min):
5min Price Changes (%): ['0.000']
Maximum Change: 0.000% after 0 minutes
Candle Analysis:
    Body Sizes (%): ['0.035']
    Upper Shadows (%): ['0.035']
    Lower Shadows (%): ['0.035']
Volumes: [np.float64(2673.7)]
==================================================
2025-05-15 06:05:23,000 - INFO - 
==================================================
EMA Cross Analysis - NEAR/USDT
Time: 2025-05-15 06:00:00+09:00
Type: dead
Cross Character (Current): Weak
Cross Character (New): Weak
Price at Cross: 3.047

1. Pre-Cross Pattern (15min):
EMA Distance Changes (%): ['0.045', '0.057', '0.031', '0.018']
EMA12 Changes (%): ['-0.007', '0.029', '-0.041', '-0.090']
Price Changes (%): ['0.033', '0.228', '-0.423', '-0.360']
Candle Analysis:
    Body Sizes (%): ['0.033', '0.228', '0.423', '0.360']
    Upper Shadows (%): ['0.131', '0.033', '0.065', '0.065']
    Lower Shadows (%): ['0.033', '0.000', '0.033', '0.033']
Volumes: [np.float64(22323.0), np.float64(84011.0), np.float64(41275.0), np.float64(138693.0)]
2025-05-15 06:05:23,001 - INFO - 
2. Post-Cross Movement (30min):
5min Price Changes (%): ['0.033']
Maximum Change: 0.033% after 5 minutes
Candle Analysis:
    Body Sizes (%): ['0.000']
    Upper Shadows (%): ['0.000']
    Lower Shadows (%): ['0.033']
Volumes: [np.float64(2959.0)]
==================================================
2025-05-15 06:05:23,437 - INFO - 
==================================================
EMA Cross Analysis - BAKE/USDT
Time: 2025-05-15 06:00:00+09:00
Type: dead
Cross Character (Current): Weak
Cross Character (New): Weak
Price at Cross: 0.1475

1. Pre-Cross Pattern (15min):
EMA Distance Changes (%): ['0.035', '0.034', '0.001', '0.052']
EMA12 Changes (%): ['-0.008', '0.004', '-0.059', '-0.102']
Price Changes (%): ['0.000', '0.067', '-0.404', '-0.338']
Candle Analysis:
    Body Sizes (%): ['0.000', '0.067', '0.404', '0.338']
    Upper Shadows (%): ['0.135', '0.067', '0.000', '0.068']
    Lower Shadows (%): ['0.000', '0.000', '0.067', '0.068']
Volumes: [np.float64(39668.0), np.float64(73186.0), np.float64(56609.0), np.float64(110719.0)]
2025-05-15 06:05:23,437 - INFO - 
2. Post-Cross Movement (30min):
5min Price Changes (%): ['0.000']
Maximum Change: 0.000% after 0 minutes
Candle Analysis:
    Body Sizes (%): ['0.000']
    Upper Shadows (%): ['0.000']
    Lower Shadows (%): ['0.000']
Volumes: [np.float64(13892.0)]
==================================================
2025-05-15 06:05:24,960 - INFO - 
==================================================
EMA Cross Analysis - ATOM/USDT
Time: 2025-05-15 06:05:00+09:00
Type: dead
Cross Character (Current): Weak
Cross Character (New): Weak
Price at Cross: 5.088

1. Pre-Cross Pattern (15min):
EMA Distance Changes (%): ['0.049', '0.039', '0.003', '0.027']
EMA12 Changes (%): ['0.029', '-0.012', '-0.064', '-0.057']
Price Changes (%): ['0.176', '-0.234', '-0.352', '-0.020']
Candle Analysis:
    Body Sizes (%): ['0.176', '0.234', '0.352', '0.039']
    Upper Shadows (%): ['0.039', '0.117', '0.059', '0.000']
    Lower Shadows (%): ['0.000', '0.039', '0.020', '0.039']
Volumes: [np.float64(25565.82), np.float64(15281.67), np.float64(28156.5), np.float64(3884.53)]
2025-05-15 06:05:24,961 - INFO - 
2. Post-Cross Movement (30min):
5min Price Changes (%): []
Maximum Change: 0.000% after 0 minutes
Candle Analysis:
    Body Sizes (%): []
    Upper Shadows (%): []
    Lower Shadows (%): []
Volumes: []
==================================================
2025-05-15 06:05:25,614 - INFO - 
==================================================
EMA Cross Analysis - DOGE/USDT
Time: 2025-05-15 06:00:00+09:00
Type: dead
Cross Character (Current): Weak
Cross Character (New): Weak
Price at Cross: 0.23236

1. Pre-Cross Pattern (15min):
EMA Distance Changes (%): ['0.029', '0.029', '0.011', '0.033']
EMA12 Changes (%): ['-0.021', '0.004', '-0.031', '-0.082']
Price Changes (%): ['0.047', '0.141', '-0.227', '-0.360']
Candle Analysis:
    Body Sizes (%): ['0.051', '0.141', '0.227', '0.360']
    Upper Shadows (%): ['0.073', '0.047', '0.205', '0.064']
    Lower Shadows (%): ['0.013', '0.000', '0.039', '0.056']
Volumes: [np.float64(4453753.0), np.float64(9453970.0), np.float64(11529044.0), np.float64(16050161.0)]
2025-05-15 06:05:25,614 - INFO - 
2. Post-Cross Movement (30min):
5min Price Changes (%): ['0.000']
Maximum Change: 0.000% after 0 minutes
Candle Analysis:
    Body Sizes (%): ['0.000']
    Upper Shadows (%): ['0.026']
    Lower Shadows (%): ['0.056']
Volumes: [np.float64(628266.0)]
==================================================
2025-05-15 06:05:26,048 - INFO - 
==================================================
EMA Cross Analysis - GALA/USDT
Time: 2025-05-15 06:00:00+09:00
Type: dead
Cross Character (Current): Weak
Cross Character (New): Weak
Price at Cross: 0.02153

1. Pre-Cross Pattern (15min):
EMA Distance Changes (%): ['0.035', '0.058', '0.031', '0.016']
EMA12 Changes (%): ['0.016', '0.049', '-0.044', '-0.087']
Price Changes (%): ['-0.046', '0.231', '-0.552', '-0.324']
Candle Analysis:
    Body Sizes (%): ['0.046', '0.231', '0.552', '0.370']
    Upper Shadows (%): ['0.185', '0.000', '0.000', '0.093']
    Lower Shadows (%): ['0.046', '0.046', '0.046', '0.139']
Volumes: [np.float64(4270229.0), np.float64(9879476.0), np.float64(6473371.0), np.float64(11677415.0)]
2025-05-15 06:05:26,048 - INFO - 
2. Post-Cross Movement (30min):
5min Price Changes (%): ['0.000']
Maximum Change: 0.000% after 0 minutes
Candle Analysis:
    Body Sizes (%): ['0.000']
    Upper Shadows (%): ['0.000']
    Lower Shadows (%): ['0.093']
Volumes: [np.float64(511222.0)]
==================================================
2025-05-15 06:05:28,229 - INFO - 
==================================================
EMA Cross Analysis - ADA/USDT
Time: 2025-05-15 06:00:00+09:00
Type: dead
Cross Character (Current): Weak
Cross Character (New): Weak
Price at Cross: 0.7972

1. Pre-Cross Pattern (15min):
EMA Distance Changes (%): ['0.012', '0.011', '0.011', '0.017']
EMA12 Changes (%): ['-0.005', '0.042', '0.003', '-0.053']
Price Changes (%): ['-0.025', '0.300', '-0.212', '-0.362']
Candle Analysis:
    Body Sizes (%): ['0.013', '0.300', '0.200', '0.362']
    Upper Shadows (%): ['0.150', '0.025', '0.100', '0.050']
    Lower Shadows (%): ['0.025', '0.000', '0.000', '0.050']
Volumes: [np.float64(583978.0), np.float64(2190681.0), np.float64(2581814.0), np.float64(1681392.0)]
2025-05-15 06:05:28,229 - INFO - 
2. Post-Cross Movement (30min):
5min Price Changes (%): ['0.000']
Maximum Change: 0.000% after 0 minutes
Candle Analysis:
    Body Sizes (%): ['0.000']
    Upper Shadows (%): ['0.025']
    Lower Shadows (%): ['0.075']
Volumes: [np.float64(154254.0)]
==================================================
2025-05-15 06:05:29,101 - INFO - 
==================================================
EMA Cross Analysis - AIXBT/USDT
Time: 2025-05-15 06:05:00+09:00
Type: dead
Cross Character (Current): Weak
Cross Character (New): Weak
Price at Cross: 0.21106

1. Pre-Cross Pattern (15min):
EMA Distance Changes (%): ['0.190', '0.099', '0.001', '0.091']
EMA12 Changes (%): ['-0.040', '-0.149', '-0.174', '-0.176']
Price Changes (%): ['0.249', '-0.749', '-0.316', '-0.184']
Candle Analysis:
    Body Sizes (%): ['0.244', '0.763', '0.335', '0.180']
    Upper Shadows (%): ['0.188', '0.131', '0.288', '0.024']
    Lower Shadows (%): ['0.028', '0.075', '0.165', '0.180']
Volumes: [np.float64(514132.0), np.float64(1658045.0), np.float64(1009049.0), np.float64(90362.0)]
2025-05-15 06:05:29,101 - INFO - 
2. Post-Cross Movement (30min):
5min Price Changes (%): []
Maximum Change: 0.000% after 0 minutes
Candle Analysis:
    Body Sizes (%): []
    Upper Shadows (%): []
    Lower Shadows (%): []
Volumes: []
==================================================
2025-05-15 06:05:30,580 - INFO - 
==================================================
EMA Cross Analysis - HIVE/USDT
Time: 2025-05-15 06:05:00+09:00
Type: dead
Cross Character (Current): Weak
Cross Character (New): Weak
Price at Cross: 0.26972

1. Pre-Cross Pattern (15min):
EMA Distance Changes (%): ['0.076', '0.046', '0.019', '0.007']
EMA12 Changes (%): ['-0.002', '-0.047', '-0.047', '-0.048']
Price Changes (%): ['0.048', '-0.292', '-0.048', '-0.052']
Candle Analysis:
    Body Sizes (%): ['0.044', '0.306', '0.044', '0.030']
    Upper Shadows (%): ['0.144', '0.041', '0.104', '0.000']
    Lower Shadows (%): ['0.000', '0.000', '0.133', '0.011']
Volumes: [np.float64(67801.0), np.float64(15251.0), np.float64(38210.0), np.float64(668.0)]
2025-05-15 06:05:30,580 - INFO - 
2. Post-Cross Movement (30min):
5min Price Changes (%): []
Maximum Change: 0.000% after 0 minutes
Candle Analysis:
    Body Sizes (%): []
    Upper Shadows (%): []
    Lower Shadows (%): []
Volumes: []
==================================================
2025-05-15 06:05:31,669 - INFO - 
==================================================
EMA Cross Analysis - BRETT/USDT
Time: 2025-05-15 06:00:00+09:00
Type: dead
Cross Character (Current): Weak
Cross Character (New): Weak
Price at Cross: 0.07477

1. Pre-Cross Pattern (15min):
EMA Distance Changes (%): ['0.104', '0.094', '0.037', '0.062']
EMA12 Changes (%): ['-0.037', '-0.003', '-0.098', '-0.183']
Price Changes (%): ['-0.093', '0.185', '-0.621', '-0.651']
Candle Analysis:
    Body Sizes (%): ['0.079', '0.198', '0.647', '0.625']
    Upper Shadows (%): ['0.225', '0.132', '0.211', '0.080']
    Lower Shadows (%): ['0.079', '0.000', '0.106', '0.013']
Volumes: [np.float64(208515.0), np.float64(899645.0), np.float64(898733.0), np.float64(1118543.0)]
2025-05-15 06:05:31,669 - INFO - 
2. Post-Cross Movement (30min):
5min Price Changes (%): ['0.067']
Maximum Change: 0.067% after 5 minutes
Candle Analysis:
    Body Sizes (%): ['0.013']
    Upper Shadows (%): ['0.027']
    Lower Shadows (%): ['0.174']
Volumes: [np.float64(149746.0)]
==================================================
2025-05-15 06:05:32,056 - INFO - 
==================================================
EMA Cross Analysis - VANA/USDT
Time: 2025-05-15 06:05:00+09:00
Type: dead
Cross Character (Current): Weak
Cross Character (New): Weak
Price at Cross: 6.489

1. Pre-Cross Pattern (15min):
EMA Distance Changes (%): ['0.104', '0.065', '0.010', '0.036']
EMA12 Changes (%): ['0.012', '-0.061', '-0.096', '-0.086']
Price Changes (%): ['0.046', '-0.459', '-0.292', '-0.031']
Candle Analysis:
    Body Sizes (%): ['0.015', '0.443', '0.277', '0.046']
    Upper Shadows (%): ['0.168', '0.107', '0.108', '0.000']
    Lower Shadows (%): ['0.199', '0.061', '0.108', '0.077']
Volumes: [np.float64(6653.83), np.float64(4904.95), np.float64(6635.66), np.float64(800.72)]
2025-05-15 06:05:32,056 - INFO - 
2. Post-Cross Movement (30min):
5min Price Changes (%): []
Maximum Change: 0.000% after 0 minutes
Candle Analysis:
    Body Sizes (%): []
    Upper Shadows (%): []
    Lower Shadows (%): []
Volumes: []
==================================================
2025-05-15 06:10:03,110 - INFO - 
==================================================
EMA Cross Analysis - THETA/USDT
Time: 2025-05-15 06:10:00+09:00
Type: dead
Cross Character (Current): Weak
Cross Character (New): Weak
Price at Cross: 0.9911

1. Pre-Cross Pattern (15min):
EMA Distance Changes (%): ['0.094', '0.048', '0.012', '0.017']
EMA12 Changes (%): ['-0.026', '-0.076', '-0.062', '-0.054']
Price Changes (%): ['-0.450', '-0.352', '0.020', '-0.010']
Candle Analysis:
    Body Sizes (%): ['0.450', '0.352', '0.000', '0.000']
    Upper Shadows (%): ['0.040', '0.171', '0.071', '0.000']
    Lower Shadows (%): ['0.030', '0.020', '0.111', '0.000']
Volumes: [np.float64(46446.3), np.float64(88818.6), np.float64(34171.6), np.float64(671.0)]
2025-05-15 06:10:03,110 - INFO - 
2. Post-Cross Movement (30min):
5min Price Changes (%): []
Maximum Change: 0.000% after 0 minutes
Candle Analysis:
    Body Sizes (%): []
    Upper Shadows (%): []
    Lower Shadows (%): []
Volumes: []
==================================================
2025-05-15 06:10:04,803 - INFO - 
==================================================
EMA Cross Analysis - AIXBT/USDT
Time: 2025-05-15 06:05:00+09:00
Type: dead
Cross Character (Current): Weak
Cross Character (New): Weak
Price at Cross: 0.21177

1. Pre-Cross Pattern (15min):
EMA Distance Changes (%): ['0.190', '0.099', '0.001', '0.064']
EMA12 Changes (%): ['-0.040', '-0.149', '-0.174', '-0.125']
Price Changes (%): ['0.249', '-0.749', '-0.316', '0.151']
Candle Analysis:
    Body Sizes (%): ['0.244', '0.763', '0.335', '0.156']
    Upper Shadows (%): ['0.188', '0.131', '0.288', '0.076']
    Lower Shadows (%): ['0.028', '0.075', '0.165', '0.359']
Volumes: [np.float64(514132.0), np.float64(1658045.0), np.float64(1009049.0), np.float64(529130.0)]
2025-05-15 06:10:04,803 - INFO - 
2. Post-Cross Movement (30min):
5min Price Changes (%): ['-0.090']
Maximum Change: -0.090% after 5 minutes
Candle Analysis:
    Body Sizes (%): ['0.090']
    Upper Shadows (%): ['0.000']
    Lower Shadows (%): ['0.061']
Volumes: [np.float64(54565.0)]
==================================================
2025-05-15 06:10:06,277 - INFO - 
==================================================
EMA Cross Analysis - HIVE/USDT
Time: 2025-05-15 06:10:00+09:00
Type: dead
Cross Character (Current): Weak
Cross Character (New): Weak
Price at Cross: 0.27008

1. Pre-Cross Pattern (15min):
EMA Distance Changes (%): ['0.046', '0.019', '0.004', '0.008']
EMA12 Changes (%): ['-0.047', '-0.047', '-0.025', '-0.023']
Price Changes (%): ['-0.292', '-0.048', '0.093', '-0.011']
Candle Analysis:
    Body Sizes (%): ['0.306', '0.044', '0.115', '0.000']
    Upper Shadows (%): ['0.041', '0.104', '0.000', '0.000']
    Lower Shadows (%): ['0.000', '0.133', '0.041', '0.000']
Volumes: [np.float64(15251.0), np.float64(38210.0), np.float64(11296.0), np.float64(223.0)]
2025-05-15 06:10:06,277 - INFO - 
2. Post-Cross Movement (30min):
5min Price Changes (%): []
Maximum Change: 0.000% after 0 minutes
Candle Analysis:
    Body Sizes (%): []
    Upper Shadows (%): []
    Lower Shadows (%): []
Volumes: []
==================================================
2025-05-15 06:10:07,586 - INFO - 
==================================================
EMA Cross Analysis - 1000PEPE/USDT
Time: 2025-05-15 06:05:00+09:00
Type: dead
Cross Character (Current): Weak
Cross Character (New): Weak
Price at Cross: 0.0138194

1. Pre-Cross Pattern (15min):
EMA Distance Changes (%): ['0.104', '0.087', '0.048', '0.001']
EMA12 Changes (%): ['0.075', '-0.018', '-0.064', '-0.087']
Price Changes (%): ['0.398', '-0.529', '-0.316', '-0.213']
Candle Analysis:
    Body Sizes (%): ['0.398', '0.536', '0.316', '0.214']
    Upper Shadows (%): ['0.239', '0.090', '0.207', '0.085']
    Lower Shadows (%): ['0.000', '0.000', '0.066', '0.035']
Volumes: [np.float64(313351573.0), np.float64(122958028.0), np.float64(181896920.0), np.float64(107594677.0)]
2025-05-15 06:10:07,586 - INFO - 
2. Post-Cross Movement (30min):
5min Price Changes (%): ['-0.021']
Maximum Change: -0.021% after 5 minutes
Candle Analysis:
    Body Sizes (%): ['0.020']
    Upper Shadows (%): ['0.000']
    Lower Shadows (%): ['0.000']
Volumes: [np.float64(751067.0)]
==================================================
2025-05-15 06:10:07,804 - INFO - 
==================================================
EMA Cross Analysis - VANA/USDT
Time: 2025-05-15 06:05:00+09:00
Type: dead
Cross Character (Current): Weak
Cross Character (New): Weak
Price at Cross: 6.504

1. Pre-Cross Pattern (15min):
EMA Distance Changes (%): ['0.104', '0.065', '0.010', '0.017']
EMA12 Changes (%): ['0.012', '-0.061', '-0.096', '-0.051']
Price Changes (%): ['0.046', '-0.459', '-0.292', '0.200']
Candle Analysis:
    Body Sizes (%): ['0.015', '0.443', '0.277', '0.185']
    Upper Shadows (%): ['0.168', '0.107', '0.108', '0.077']
    Lower Shadows (%): ['0.199', '0.061', '0.108', '0.123']
Volumes: [np.float64(6653.83), np.float64(4904.95), np.float64(6635.66), np.float64(3261.52)]
2025-05-15 06:10:07,805 - INFO - 
2. Post-Cross Movement (30min):
5min Price Changes (%): ['0.000']
Maximum Change: 0.000% after 0 minutes
Candle Analysis:
    Body Sizes (%): ['0.000']
    Upper Shadows (%): ['0.031']
    Lower Shadows (%): ['0.000']
Volumes: [np.float64(29.5)]
==================================================
2025-05-15 06:11:11,601 - INFO - 
==================================================
EMA Cross Analysis - ATOM/USDT
Time: 2025-05-15 06:05:00+09:00
Type: dead
Cross Character (Current): Weak
Cross Character (New): Weak
Price at Cross: 5.092

1. Pre-Cross Pattern (15min):
EMA Distance Changes (%): ['0.049', '0.039', '0.003', '0.021']
EMA12 Changes (%): ['0.029', '-0.012', '-0.064', '-0.045']
Price Changes (%): ['0.176', '-0.234', '-0.352', '0.059']
Candle Analysis:
    Body Sizes (%): ['0.176', '0.234', '0.352', '0.039']
    Upper Shadows (%): ['0.039', '0.117', '0.059', '0.098']
    Lower Shadows (%): ['0.000', '0.039', '0.020', '0.079']
Volumes: [np.float64(25565.82), np.float64(15281.67), np.float64(28156.5), np.float64(19484.7)]
2025-05-15 06:11:11,602 - INFO - 
2. Post-Cross Movement (30min):
5min Price Changes (%): ['-0.020']
Maximum Change: -0.020% after 5 minutes
Candle Analysis:
    Body Sizes (%): ['0.020']
    Upper Shadows (%): ['0.020']
    Lower Shadows (%): ['0.039']
Volumes: [np.float64(4376.0)]
==================================================
2025-05-15 06:15:43,966 - INFO - 
==================================================
EMA Cross Analysis - TIA/USDT
Time: 2025-05-15 06:10:00+09:00
Type: dead
Cross Character (Current): Weak
Cross Character (New): Weak
Price at Cross: 3.0493

1. Pre-Cross Pattern (15min):
EMA Distance Changes (%): ['0.145', '0.087', '0.054', '0.029']
EMA12 Changes (%): ['-0.043', '-0.092', '-0.050', '-0.152']
Price Changes (%): ['-0.388', '-0.367', '0.183', '-0.716']
Candle Analysis:
    Body Sizes (%): ['0.411', '0.367', '0.173', '0.716']
    Upper Shadows (%): ['0.065', '0.110', '0.007', '0.003']
    Lower Shadows (%): ['0.071', '0.101', '0.121', '0.042']
Volumes: [np.float64(91546.0), np.float64(141430.0), np.float64(53883.0), np.float64(307001.0)]
2025-05-15 06:15:43,967 - INFO - 
2. Post-Cross Movement (30min):
5min Price Changes (%): ['0.167']
Maximum Change: 0.167% after 5 minutes
Candle Analysis:
    Body Sizes (%): ['0.161']
    Upper Shadows (%): ['0.023']
    Lower Shadows (%): ['0.000']
Volumes: [np.float64(23847.0)]
==================================================
2025-05-15 06:15:46,829 - INFO - 
==================================================
EMA Cross Analysis - LINK/USDT
Time: 2025-05-15 06:10:00+09:00
Type: dead
Cross Character (Current): Weak
Cross Character (New): Weak
Price at Cross: 16.896

1. Pre-Cross Pattern (15min):
EMA Distance Changes (%): ['0.096', '0.051', '0.029', '0.023']
EMA12 Changes (%): ['-0.027', '-0.072', '-0.035', '-0.096']
Price Changes (%): ['-0.399', '-0.324', '0.171', '-0.430']
Candle Analysis:
    Body Sizes (%): ['0.399', '0.324', '0.165', '0.430']
    Upper Shadows (%): ['0.129', '0.071', '0.018', '0.083']
    Lower Shadows (%): ['0.006', '0.053', '0.041', '0.124']
Volumes: [np.float64(37689.33), np.float64(62874.08), np.float64(21958.21), np.float64(140954.57)]
2025-05-15 06:15:46,829 - INFO - 
2. Post-Cross Movement (30min):
5min Price Changes (%): ['0.118']
Maximum Change: 0.118% after 5 minutes
Candle Analysis:
    Body Sizes (%): ['0.112']
    Upper Shadows (%): ['0.000']
    Lower Shadows (%): ['0.012']
Volumes: [np.float64(11487.0)]
==================================================
2025-05-15 06:15:47,055 - INFO - 
==================================================
EMA Cross Analysis - POL/USDT
Time: 2025-05-15 06:10:00+09:00
Type: dead
Cross Character (Current): Weak
Cross Character (New): Weak
Price at Cross: 0.24961

1. Pre-Cross Pattern (15min):
EMA Distance Changes (%): ['0.069', '0.034', '0.018', '0.042']
EMA12 Changes (%): ['-0.024', '-0.057', '-0.028', '-0.111']
Price Changes (%): ['-0.428', '-0.243', '0.136', '-0.570']
Candle Analysis:
    Body Sizes (%): ['0.440', '0.235', '0.132', '0.566']
    Upper Shadows (%): ['0.028', '0.076', '0.012', '0.000']
    Lower Shadows (%): ['0.016', '0.111', '0.044', '0.096']
Volumes: [np.float64(466931.0), np.float64(338507.0), np.float64(136162.0), np.float64(902224.0)]
2025-05-15 06:15:47,055 - INFO - 
2. Post-Cross Movement (30min):
5min Price Changes (%): ['0.160']
Maximum Change: 0.160% after 5 minutes
Candle Analysis:
    Body Sizes (%): ['0.160']
    Upper Shadows (%): ['0.020']
    Lower Shadows (%): ['0.000']
Volumes: [np.float64(194592.0)]
==================================================
2025-05-15 06:15:48,370 - INFO - 
==================================================
EMA Cross Analysis - XLM/USDT
Time: 2025-05-15 06:15:00+09:00
Type: dead
Cross Character (Current): Weak
Cross Character (New): Weak
Price at Cross: 0.30421

1. Pre-Cross Pattern (15min):
EMA Distance Changes (%): ['0.057', '0.048', '0.012', '0.010']
EMA12 Changes (%): ['-0.025', '-0.010', '-0.063', '-0.040']
Price Changes (%): ['-0.288', '0.072', '-0.354', '0.089']
Candle Analysis:
    Body Sizes (%): ['0.285', '0.072', '0.354', '0.086']
    Upper Shadows (%): ['0.150', '0.000', '0.020', '0.000']
    Lower Shadows (%): ['0.065', '0.075', '0.020', '0.003']
Volumes: [np.float64(1382593.0), np.float64(392608.0), np.float64(1194772.0), np.float64(111920.0)]
2025-05-15 06:15:48,370 - INFO - 
2. Post-Cross Movement (30min):
5min Price Changes (%): []
Maximum Change: 0.000% after 0 minutes
Candle Analysis:
    Body Sizes (%): []
    Upper Shadows (%): []
    Lower Shadows (%): []
Volumes: []
==================================================
2025-05-15 06:15:49,893 - INFO - 
==================================================
EMA Cross Analysis - THETA/USDT
Time: 2025-05-15 06:10:00+09:00
Type: dead
Cross Character (Current): Weak
Cross Character (New): Weak
Price at Cross: 0.9855

1. Pre-Cross Pattern (15min):
EMA Distance Changes (%): ['0.094', '0.048', '0.012', '0.062']
EMA12 Changes (%): ['-0.026', '-0.076', '-0.062', '-0.140']
Price Changes (%): ['-0.450', '-0.352', '0.020', '-0.575']
Candle Analysis:
    Body Sizes (%): ['0.450', '0.352', '0.000', '0.565']
    Upper Shadows (%): ['0.040', '0.171', '0.071', '0.000']
    Lower Shadows (%): ['0.030', '0.020', '0.111', '0.141']
Volumes: [np.float64(46446.3), np.float64(88818.6), np.float64(34171.6), np.float64(172830.9)]
2025-05-15 06:15:49,893 - INFO - 
2. Post-Cross Movement (30min):
5min Price Changes (%): ['0.081']
Maximum Change: 0.081% after 5 minutes
Candle Analysis:
    Body Sizes (%): ['0.081']
    Upper Shadows (%): ['0.010']
    Lower Shadows (%): ['0.010']
Volumes: [np.float64(3309.3)]
==================================================
2025-05-15 06:15:50,546 - INFO - 
==================================================
EMA Cross Analysis - XRP/USDT
Time: 2025-05-15 06:10:00+09:00
Type: dead
Cross Character (Current): Weak
Cross Character (New): Weak
Price at Cross: 2.5471

1. Pre-Cross Pattern (15min):
EMA Distance Changes (%): ['0.072', '0.041', '0.019', '0.019']
EMA12 Changes (%): ['-0.012', '-0.049', '-0.037', '-0.071']
Price Changes (%): ['-0.281', '-0.254', '0.031', '-0.262']
Candle Analysis:
    Body Sizes (%): ['0.281', '0.250', '0.027', '0.266']
    Upper Shadows (%): ['0.016', '0.039', '0.051', '0.078']
    Lower Shadows (%): ['0.004', '0.086', '0.043', '0.106']
Volumes: [np.float64(768978.7), np.float64(1582344.9), np.float64(461164.5), np.float64(3685783.3)]
2025-05-15 06:15:50,547 - INFO - 
2. Post-Cross Movement (30min):
5min Price Changes (%): ['0.063']
Maximum Change: 0.063% after 5 minutes
Candle Analysis:
    Body Sizes (%): ['0.059']
    Upper Shadows (%): ['0.020']
    Lower Shadows (%): ['0.004']
Volumes: [np.float64(234889.5)]
==================================================
2025-05-15 06:15:51,199 - INFO - 
==================================================
EMA Cross Analysis - RENDER/USDT
Time: 2025-05-15 06:10:00+09:00
Type: dead
Cross Character (Current): Weak
Cross Character (New): Weak
Price at Cross: 5.1

1. Pre-Cross Pattern (15min):
EMA Distance Changes (%): ['0.130', '0.064', '0.036', '0.027']
EMA12 Changes (%): ['-0.051', '-0.109', '-0.044', '-0.115']
Price Changes (%): ['-0.504', '-0.429', '0.313', '-0.507']
Candle Analysis:
    Body Sizes (%): ['0.523', '0.429', '0.313', '0.507']
    Upper Shadows (%): ['0.019', '0.078', '0.000', '0.039']
    Lower Shadows (%): ['0.039', '0.019', '0.117', '0.078']
Volumes: [np.float64(15823.0), np.float64(33863.6), np.float64(14418.7), np.float64(27840.5)]
2025-05-15 06:15:51,199 - INFO - 
2. Post-Cross Movement (30min):
5min Price Changes (%): ['0.078']
Maximum Change: 0.078% after 5 minutes
Candle Analysis:
    Body Sizes (%): ['0.078']
    Upper Shadows (%): ['0.000']
    Lower Shadows (%): ['0.000']
Volumes: [np.float64(2172.3)]
==================================================
2025-05-15 06:15:51,416 - INFO - 
==================================================
EMA Cross Analysis - PENGU/USDT
Time: 2025-05-15 06:15:00+09:00
Type: dead
Cross Character (Current): Strong
Cross Character (New): Strong
Price at Cross: 0.015882

1. Pre-Cross Pattern (15min):
EMA Distance Changes (%): ['0.614', '0.559', '0.200', '0.122']
EMA12 Changes (%): ['-0.112', '-0.013', '-0.627', '-0.571']
Price Changes (%): ['0.176', '0.539', '-4.009', '-0.251']
Candle Analysis:
    Body Sizes (%): ['0.194', '0.558', '4.009', '0.245']
    Upper Shadows (%): ['0.310', '0.509', '0.012', '0.132']
    Lower Shadows (%): ['0.413', '0.115', '1.941', '0.044']
Volumes: [np.float64(149447507.0), np.float64(202687324.0), np.float64(653017653.0), np.float64(70084603.0)]
2025-05-15 06:15:51,416 - INFO - 
2. Post-Cross Movement (30min):
5min Price Changes (%): []
Maximum Change: 0.000% after 0 minutes
Candle Analysis:
    Body Sizes (%): []
    Upper Shadows (%): []
    Lower Shadows (%): []
Volumes: []
==================================================
2025-05-15 06:15:53,108 - INFO - 
==================================================
EMA Cross Analysis - HIVE/USDT
Time: 2025-05-15 06:10:00+09:00
Type: dead
Cross Character (Current): Weak
Cross Character (New): Weak
Price at Cross: 0.26884

1. Pre-Cross Pattern (15min):
EMA Distance Changes (%): ['0.046', '0.019', '0.004', '0.045']
EMA12 Changes (%): ['-0.047', '-0.047', '-0.025', '-0.094']
Price Changes (%): ['-0.292', '-0.048', '0.093', '-0.470']
Candle Analysis:
    Body Sizes (%): ['0.306', '0.044', '0.115', '0.459']
    Upper Shadows (%): ['0.041', '0.104', '0.000', '0.000']
    Lower Shadows (%): ['0.000', '0.133', '0.041', '0.000']
Volumes: [np.float64(15251.0), np.float64(38210.0), np.float64(11296.0), np.float64(49143.0)]
2025-05-15 06:15:53,108 - INFO - 
2. Post-Cross Movement (30min):
5min Price Changes (%): ['0.097']
Maximum Change: 0.097% after 5 minutes
Candle Analysis:
    Body Sizes (%): ['0.074']
    Upper Shadows (%): ['0.037']
    Lower Shadows (%): ['0.000']
Volumes: [np.float64(10071.0)]
==================================================
2025-05-15 06:20:23,738 - INFO - 
==================================================
EMA Cross Analysis - ACX/USDT
Time: 2025-05-15 06:20:00+09:00
Type: dead
Cross Character (Current): Weak
Cross Character (New): Weak
Price at Cross: 0.2526

1. Pre-Cross Pattern (15min):
EMA Distance Changes (%): ['0.102', '0.044', '0.002', '0.032']
EMA12 Changes (%): ['-0.056', '-0.096', '-0.075', '-0.064']
Price Changes (%): ['-0.118', '-0.316', '0.040', '0.000']
Candle Analysis:
    Body Sizes (%): ['0.079', '0.237', '0.040', '0.000']
    Upper Shadows (%): ['0.158', '0.553', '0.040', '0.040']
    Lower Shadows (%): ['0.000', '0.079', '0.079', '0.000']
Volumes: [np.float64(14116.0), np.float64(152941.3), np.float64(28644.3), np.float64(2022.8)]
2025-05-15 06:20:23,738 - INFO - 
2. Post-Cross Movement (30min):
5min Price Changes (%): []
Maximum Change: 0.000% after 0 minutes
Candle Analysis:
    Body Sizes (%): []
    Upper Shadows (%): []
    Lower Shadows (%): []
Volumes: []
==================================================
2025-05-15 06:20:25,481 - INFO - 
==================================================
EMA Cross Analysis - XLM/USDT
Time: 2025-05-15 06:15:00+09:00
Type: dead
Cross Character (Current): Weak
Cross Character (New): Weak
Price at Cross: 0.30398

1. Pre-Cross Pattern (15min):
EMA Distance Changes (%): ['0.057', '0.048', '0.012', '0.016']
EMA12 Changes (%): ['-0.025', '-0.010', '-0.063', '-0.051']
Price Changes (%): ['-0.288', '0.072', '-0.354', '0.013']
Candle Analysis:
    Body Sizes (%): ['0.285', '0.072', '0.354', '0.010']
    Upper Shadows (%): ['0.150', '0.000', '0.020', '0.076']
    Lower Shadows (%): ['0.065', '0.075', '0.020', '0.165']
Volumes: [np.float64(1382593.0), np.float64(392608.0), np.float64(1194772.0), np.float64(837273.0)]
2025-05-15 06:20:25,481 - INFO - 
2. Post-Cross Movement (30min):
5min Price Changes (%): ['-0.010']
Maximum Change: -0.010% after 5 minutes
Candle Analysis:
    Body Sizes (%): ['0.010']
    Upper Shadows (%): ['0.003']
    Lower Shadows (%): ['0.000']
Volumes: [np.float64(18996.0)]
==================================================
2025-05-15 06:20:28,522 - INFO - 
==================================================
EMA Cross Analysis - PENGU/USDT
Time: 2025-05-15 06:15:00+09:00
Type: dead
Cross Character (Current): Strong
Cross Character (New): Weak
Price at Cross: 0.015437

1. Pre-Cross Pattern (15min):
EMA Distance Changes (%): ['0.614', '0.559', '0.200', '0.355']
EMA12 Changes (%): ['-0.112', '-0.013', '-0.627', '-0.986']
Price Changes (%): ['0.176', '0.539', '-4.009', '-3.046']
Candle Analysis:
    Body Sizes (%): ['0.194', '0.558', '4.009', '3.040']
    Upper Shadows (%): ['0.310', '0.509', '0.012', '0.132']
    Lower Shadows (%): ['0.413', '0.115', '1.941', '1.646']
Volumes: [np.float64(149447507.0), np.float64(202687324.0), np.float64(653017653.0), np.float64(692180780.0)]
2025-05-15 06:20:28,522 - INFO - 
2. Post-Cross Movement (30min):
5min Price Changes (%): ['-0.233']
Maximum Change: -0.233% after 5 minutes
Candle Analysis:
    Body Sizes (%): ['0.227']
    Upper Shadows (%): ['0.395']
    Lower Shadows (%): ['0.428']
Volumes: [np.float64(76845024.0)]
==================================================
2025-05-15 06:20:29,785 - INFO - 
==================================================
EMA Cross Analysis - MOVE/USDT
Time: 2025-05-15 06:20:00+09:00
Type: dead
Cross Character (Current): Weak
Cross Character (New): Weak
Price at Cross: 0.2172

1. Pre-Cross Pattern (15min):
EMA Distance Changes (%): ['0.184', '0.092', '0.037', '0.007']
EMA12 Changes (%): ['-0.087', '-0.151', '-0.092', '-0.078']
Price Changes (%): ['0.046', '-0.505', '0.231', '0.000']
Candle Analysis:
    Body Sizes (%): ['0.092', '0.505', '0.231', '0.000']
    Upper Shadows (%): ['0.092', '0.046', '0.000', '0.046']
    Lower Shadows (%): ['0.138', '0.092', '0.185', '0.046']
Volumes: [np.float64(556465.0), np.float64(603577.0), np.float64(333956.0), np.float64(45372.0)]
2025-05-15 06:20:29,785 - INFO - 
2. Post-Cross Movement (30min):
5min Price Changes (%): []
Maximum Change: 0.000% after 0 minutes
Candle Analysis:
    Body Sizes (%): []
    Upper Shadows (%): []
    Lower Shadows (%): []
Volumes: []
==================================================
2025-05-15 06:20:30,652 - INFO - 
==================================================
EMA Cross Analysis - ZEN/USDT
Time: 2025-05-15 06:20:00+09:00
Type: dead
Cross Character (Current): Weak
Cross Character (New): Weak
Price at Cross: 10.302

1. Pre-Cross Pattern (15min):
EMA Distance Changes (%): ['0.118', '0.066', '0.022', '0.006']
EMA12 Changes (%): ['-0.003', '-0.085', '-0.075', '-0.050']
Price Changes (%): ['0.165', '-0.541', '-0.019', '0.087']
Candle Analysis:
    Body Sizes (%): ['0.135', '0.541', '0.019', '0.068']
    Upper Shadows (%): ['0.000', '0.058', '0.019', '0.000']
    Lower Shadows (%): ['0.135', '0.068', '0.214', '0.000']
Volumes: [np.float64(1382.9), np.float64(2909.5), np.float64(1063.1), np.float64(118.3)]
2025-05-15 06:20:30,652 - INFO - 
2. Post-Cross Movement (30min):
5min Price Changes (%): []
Maximum Change: 0.000% after 0 minutes
Candle Analysis:
    Body Sizes (%): []
    Upper Shadows (%): []
    Lower Shadows (%): []
Volumes: []
==================================================
2025-05-15 06:25:05,692 - INFO - 
==================================================
EMA Cross Analysis - MOVE/USDT
Time: 2025-05-15 06:25:00+09:00
Type: dead
Cross Character (Current): Weak
Cross Character (New): Weak
Price at Cross: 0.2174

1. Pre-Cross Pattern (15min):
EMA Distance Changes (%): ['0.092', '0.037', '0.004', '0.025']
EMA12 Changes (%): ['-0.151', '-0.092', '-0.057', '-0.055']
Price Changes (%): ['-0.505', '0.231', '0.138', '-0.046']
Candle Analysis:
    Body Sizes (%): ['0.505', '0.231', '0.138', '0.046']
    Upper Shadows (%): ['0.046', '0.000', '0.092', '0.000']
    Lower Shadows (%): ['0.092', '0.185', '0.092', '0.000']
Volumes: [np.float64(603577.0), np.float64(333956.0), np.float64(363786.0), np.float64(74207.0)]
2025-05-15 06:25:05,692 - INFO - 
2. Post-Cross Movement (30min):
5min Price Changes (%): []
Maximum Change: 0.000% after 0 minutes
Candle Analysis:
    Body Sizes (%): []
    Upper Shadows (%): []
    Lower Shadows (%): []
Volumes: []
==================================================
2025-05-15 06:25:06,600 - INFO - 
==================================================
EMA Cross Analysis - ZEN/USDT
Time: 2025-05-15 06:20:00+09:00
Type: dead
Cross Character (Current): Weak
Cross Character (New): Weak
Price at Cross: 10.308

1. Pre-Cross Pattern (15min):
EMA Distance Changes (%): ['0.118', '0.066', '0.022', '0.002']
EMA12 Changes (%): ['-0.003', '-0.085', '-0.075', '-0.041']
Price Changes (%): ['0.165', '-0.541', '-0.019', '0.146']
Candle Analysis:
    Body Sizes (%): ['0.135', '0.541', '0.019', '0.126']
    Upper Shadows (%): ['0.000', '0.058', '0.019', '0.039']
    Lower Shadows (%): ['0.135', '0.068', '0.214', '0.000']
Volumes: [np.float64(1382.9), np.float64(2909.5), np.float64(1063.1), np.float64(596.7)]
2025-05-15 06:25:06,600 - INFO - 
2. Post-Cross Movement (30min):
5min Price Changes (%): ['0.000']
Maximum Change: 0.000% after 0 minutes
Candle Analysis:
    Body Sizes (%): ['0.000']
    Upper Shadows (%): ['0.000']
    Lower Shadows (%): ['0.000']
Volumes: [np.float64(0.0)]
==================================================
2025-05-15 06:26:10,730 - INFO - 
==================================================
EMA Cross Analysis - ACX/USDT
Time: 2025-05-15 06:20:00+09:00
Type: dead
Cross Character (Current): Weak
Cross Character (New): Weak
Price at Cross: 0.2527

1. Pre-Cross Pattern (15min):
EMA Distance Changes (%): ['0.102', '0.044', '0.002', '0.029']
EMA12 Changes (%): ['-0.056', '-0.096', '-0.075', '-0.058']
Price Changes (%): ['-0.118', '-0.316', '0.040', '0.040']
Candle Analysis:
    Body Sizes (%): ['0.079', '0.237', '0.040', '0.040']
    Upper Shadows (%): ['0.158', '0.553', '0.040', '0.158']
    Lower Shadows (%): ['0.000', '0.079', '0.079', '0.040']
Volumes: [np.float64(14116.0), np.float64(152941.3), np.float64(28644.3), np.float64(30968.2)]
2025-05-15 06:26:10,730 - INFO - 
2. Post-Cross Movement (30min):
5min Price Changes (%): ['-0.158']
Maximum Change: -0.158% after 5 minutes
Candle Analysis:
    Body Sizes (%): ['0.198']
    Upper Shadows (%): ['0.000']
    Lower Shadows (%): ['0.158']
Volumes: [np.float64(31137.1)]
==================================================
2025-05-15 06:35:30,088 - INFO - 
==================================================
EMA Cross Analysis - MOVE/USDT
Time: 2025-05-15 06:30:00+09:00
Type: dead
Cross Character (Current): Weak
Cross Character (New): Weak
Price at Cross: 0.2174

1. Pre-Cross Pattern (15min):
EMA Distance Changes (%): ['0.037', '0.004', '0.012', '0.019']
EMA12 Changes (%): ['-0.092', '-0.057', '0.015', '-0.058']
Price Changes (%): ['0.231', '0.138', '0.414', '-0.458']
Candle Analysis:
    Body Sizes (%): ['0.231', '0.138', '0.414', '0.503']
    Upper Shadows (%): ['0.000', '0.092', '0.000', '0.046']
    Lower Shadows (%): ['0.185', '0.092', '0.046', '0.046']
Volumes: [np.float64(333956.0), np.float64(363786.0), np.float64(279374.0), np.float64(437573.0)]
2025-05-15 06:35:30,089 - INFO - 
2. Post-Cross Movement (30min):
5min Price Changes (%): ['0.046']
Maximum Change: 0.046% after 5 minutes
Candle Analysis:
    Body Sizes (%): ['0.046']
    Upper Shadows (%): ['0.000']
    Lower Shadows (%): ['0.000']
Volumes: [np.float64(32170.0)]
==================================================
2025-05-15 06:40:02,881 - INFO - 
==================================================
EMA Cross Analysis - GRASS/USDT
Time: 2025-05-15 06:40:00+09:00
Type: golden
Cross Character (Current): Strong
Cross Character (New): Weak
Price at Cross: 2.1294

1. Pre-Cross Pattern (15min):
EMA Distance Changes (%): ['0.699', '0.550', '0.115', '0.205']
EMA12 Changes (%): ['0.016', '0.176', '0.760', '0.624']
Price Changes (%): ['1.091', '1.050', '3.936', '-0.084']
Candle Analysis:
    Body Sizes (%): ['1.096', '1.055', '3.895', '0.084']
    Upper Shadows (%): ['0.219', '0.379', '0.039', '0.014']
    Lower Shadows (%): ['0.000', '0.296', '0.385', '0.061']
Volumes: [np.float64(221904.6), np.float64(314586.6), np.float64(1065092.2), np.float64(10083.3)]
2025-05-15 06:40:02,881 - INFO - 
2. Post-Cross Movement (30min):
5min Price Changes (%): []
Maximum Change: 0.000% after 0 minutes
Candle Analysis:
    Body Sizes (%): []
    Upper Shadows (%): []
    Lower Shadows (%): []
Volumes: []
==================================================
2025-05-15 06:45:48,306 - INFO - 
==================================================
EMA Cross Analysis - FXS/USDT
Time: 2025-05-15 06:45:00+09:00
Type: golden
Cross Character (Current): Weak
Cross Character (New): Weak
Price at Cross: 3.0969

1. Pre-Cross Pattern (15min):
EMA Distance Changes (%): ['0.262', '0.196', '0.014', '0.119']
EMA12 Changes (%): ['-0.001', '0.087', '0.325', '0.259']
Price Changes (%): ['0.255', '0.570', '1.626', '-0.094']
Candle Analysis:
    Body Sizes (%): ['0.255', '0.488', '1.576', '0.068']
    Upper Shadows (%): ['1.712', '1.202', '0.128', '0.258']
    Lower Shadows (%): ['0.631', '0.191', '0.301', '0.110']
Volumes: [np.float64(99622.2), np.float64(87098.0), np.float64(89656.3), np.float64(40042.2)]
2025-05-15 06:45:48,306 - INFO - 
2. Post-Cross Movement (30min):
5min Price Changes (%): []
Maximum Change: 0.000% after 0 minutes
Candle Analysis:
    Body Sizes (%): []
    Upper Shadows (%): []
    Lower Shadows (%): []
Volumes: []
==================================================
2025-05-15 06:45:50,484 - INFO - 
==================================================
EMA Cross Analysis - XLM/USDT
Time: 2025-05-15 06:45:00+09:00
Type: golden
Cross Character (Current): Weak
Cross Character (New): Weak
Price at Cross: 0.3051

1. Pre-Cross Pattern (15min):
EMA Distance Changes (%): ['0.017', '0.012', '0.006', '0.001']
EMA12 Changes (%): ['0.012', '0.006', '0.010', '0.012']
Price Changes (%): ['0.016', '-0.026', '0.033', '0.023']
Candle Analysis:
    Body Sizes (%): ['0.013', '0.030', '0.033', '0.020']
    Upper Shadows (%): ['0.266', '0.007', '0.095', '0.003']
    Lower Shadows (%): ['0.026', '0.184', '0.125', '0.000']
Volumes: [np.float64(938289.0), np.float64(359753.0), np.float64(548995.0), np.float64(15425.0)]
2025-05-15 06:45:50,484 - INFO - 
2. Post-Cross Movement (30min):
5min Price Changes (%): []
Maximum Change: 0.000% after 0 minutes
Candle Analysis:
    Body Sizes (%): []
    Upper Shadows (%): []
    Lower Shadows (%): []
Volumes: []
==================================================
2025-05-15 06:45:55,749 - INFO - 
==================================================
EMA Cross Analysis - ZEN/USDT
Time: 2025-05-15 06:40:00+09:00
Type: golden
Cross Character (Current): Weak
Cross Character (New): Weak
Price at Cross: 10.356

1. Pre-Cross Pattern (15min):
EMA Distance Changes (%): ['0.012', '0.014', '0.010', '0.011']
EMA12 Changes (%): ['-0.020', '-0.005', '0.005', '0.040']
Price Changes (%): ['0.097', '0.078', '0.058', '0.232']
Candle Analysis:
    Body Sizes (%): ['0.136', '0.078', '0.058', '0.232']
    Upper Shadows (%): ['0.029', '0.155', '0.019', '0.029']
    Lower Shadows (%): ['0.019', '0.000', '0.048', '0.010']
Volumes: [np.float64(1172.8), np.float64(1646.4), np.float64(443.5), np.float64(1537.2)]
2025-05-15 06:45:55,749 - INFO - 
2. Post-Cross Movement (30min):
5min Price Changes (%): ['0.222']
Maximum Change: 0.222% after 5 minutes
Candle Analysis:
    Body Sizes (%): ['0.203']
    Upper Shadows (%): ['0.029']
    Lower Shadows (%): ['0.000']
Volumes: [np.float64(394.6)]
==================================================
2025-05-15 06:50:25,947 - INFO - 
==================================================
EMA Cross Analysis - FXS/USDT
Time: 2025-05-15 06:45:00+09:00
Type: golden
Cross Character (Current): Weak
Cross Character (New): Weak
Price at Cross: 3.119

1. Pre-Cross Pattern (15min):
EMA Distance Changes (%): ['0.262', '0.196', '0.014', '0.175']
EMA12 Changes (%): ['-0.001', '0.087', '0.325', '0.371']
Price Changes (%): ['0.255', '0.570', '1.626', '0.619']
Candle Analysis:
    Body Sizes (%): ['0.255', '0.488', '1.576', '0.645']
    Upper Shadows (%): ['1.712', '1.202', '0.128', '0.116']
    Lower Shadows (%): ['0.631', '0.191', '0.301', '0.177']
Volumes: [np.float64(99622.2), np.float64(87098.0), np.float64(89656.3), np.float64(88519.1)]
2025-05-15 06:50:25,948 - INFO - 
2. Post-Cross Movement (30min):
5min Price Changes (%): ['-0.090']
Maximum Change: -0.090% after 5 minutes
Candle Analysis:
    Body Sizes (%): ['0.093']
    Upper Shadows (%): ['0.112']
    Lower Shadows (%): ['0.106']
Volumes: [np.float64(5876.6)]
==================================================
2025-05-15 06:50:28,250 - INFO - 
==================================================
EMA Cross Analysis - XLM/USDT
Time: 2025-05-15 06:45:00+09:00
Type: golden
Cross Character (Current): Weak
Cross Character (New): Weak
Price at Cross: 0.3052

1. Pre-Cross Pattern (15min):
EMA Distance Changes (%): ['0.017', '0.012', '0.006', '0.004']
EMA12 Changes (%): ['0.012', '0.006', '0.010', '0.017']
Price Changes (%): ['0.016', '-0.026', '0.033', '0.056']
Candle Analysis:
    Body Sizes (%): ['0.013', '0.030', '0.033', '0.052']
    Upper Shadows (%): ['0.266', '0.007', '0.095', '0.036']
    Lower Shadows (%): ['0.026', '0.184', '0.125', '0.000']
Volumes: [np.float64(938289.0), np.float64(359753.0), np.float64(548995.0), np.float64(137455.0)]
2025-05-15 06:50:28,250 - INFO - 
2. Post-Cross Movement (30min):
5min Price Changes (%): ['-0.003']
Maximum Change: -0.003% after 5 minutes
Candle Analysis:
    Body Sizes (%): ['0.003']
    Upper Shadows (%): ['0.000']
    Lower Shadows (%): ['0.000']
Volumes: [np.float64(10745.0)]
==================================================
2025-05-15 06:55:06,075 - INFO - 
==================================================
EMA Cross Analysis - DOT/USDT
Time: 2025-05-15 06:55:00+09:00
Type: golden
Cross Character (Current): Weak
Cross Character (New): Weak
Price at Cross: 5.018

1. Pre-Cross Pattern (15min):
EMA Distance Changes (%): ['0.066', '0.042', '0.013', '0.008']
EMA12 Changes (%): ['0.037', '0.037', '0.050', '0.039']
Price Changes (%): ['0.200', '0.040', '0.120', '-0.020']
Candle Analysis:
    Body Sizes (%): ['0.200', '0.060', '0.140', '0.020']
    Upper Shadows (%): ['0.020', '0.000', '0.000', '0.000']
    Lower Shadows (%): ['0.000', '0.040', '0.000', '0.000']
Volumes: [np.float64(45148.9), np.float64(9276.3), np.float64(22025.8), np.float64(751.9)]
2025-05-15 06:55:06,075 - INFO - 
2. Post-Cross Movement (30min):
5min Price Changes (%): []
Maximum Change: 0.000% after 0 minutes
Candle Analysis:
    Body Sizes (%): []
    Upper Shadows (%): []
    Lower Shadows (%): []
Volumes: []
==================================================
2025-05-15 06:55:07,567 - INFO - 
==================================================
EMA Cross Analysis - ADA/USDT
Time: 2025-05-15 06:55:00+09:00
Type: golden
Cross Character (Current): Weak
Cross Character (New): Weak
Price at Cross: 0.801

1. Pre-Cross Pattern (15min):
EMA Distance Changes (%): ['0.059', '0.038', '0.011', '0.011']
EMA12 Changes (%): ['0.024', '0.032', '0.048', '0.040']
Price Changes (%): ['0.125', '0.075', '0.138', '0.000']
Candle Analysis:
    Body Sizes (%): ['0.138', '0.075', '0.150', '0.012']
    Upper Shadows (%): ['0.063', '0.000', '0.000', '0.000']
    Lower Shadows (%): ['0.050', '0.025', '0.000', '0.000']
Volumes: [np.float64(674588.0), np.float64(164183.0), np.float64(307181.0), np.float64(9265.0)]
2025-05-15 06:55:07,568 - INFO - 
2. Post-Cross Movement (30min):
5min Price Changes (%): []
Maximum Change: 0.000% after 0 minutes
Candle Analysis:
    Body Sizes (%): []
    Upper Shadows (%): []
    Lower Shadows (%): []
Volumes: []
==================================================
2025-05-15 06:55:08,004 - INFO - 
==================================================
EMA Cross Analysis - RENDER/USDT
Time: 2025-05-15 06:55:00+09:00
Type: golden
Cross Character (Current): Weak
Cross Character (New): Weak
Price at Cross: 5.154

1. Pre-Cross Pattern (15min):
EMA Distance Changes (%): ['0.085', '0.059', '0.011', '0.028']
EMA12 Changes (%): ['0.016', '0.038', '0.086', '0.073']
Price Changes (%): ['0.195', '0.156', '0.350', '0.000']
Candle Analysis:
    Body Sizes (%): ['0.195', '0.156', '0.331', '0.000']
    Upper Shadows (%): ['0.137', '0.254', '0.000', '0.000']
    Lower Shadows (%): ['0.039', '0.039', '0.000', '0.019']
Volumes: [np.float64(37617.9), np.float64(48818.3), np.float64(12163.0), np.float64(108.4)]
2025-05-15 06:55:08,004 - INFO - 
2. Post-Cross Movement (30min):
5min Price Changes (%): []
Maximum Change: 0.000% after 0 minutes
Candle Analysis:
    Body Sizes (%): []
    Upper Shadows (%): []
    Lower Shadows (%): []
Volumes: []
==================================================
2025-05-15 06:55:11,273 - INFO - 
==================================================
EMA Cross Analysis - 1000PEPE/USDT
Time: 2025-05-15 06:55:00+09:00
Type: golden
Cross Character (Current): Weak
Cross Character (New): Weak
Price at Cross: 0.0139388

1. Pre-Cross Pattern (15min):
EMA Distance Changes (%): ['0.115', '0.075', '0.018', '0.027']
EMA12 Changes (%): ['0.035', '0.060', '0.100', '0.084']
Price Changes (%): ['0.224', '0.198', '0.321', '-0.003']
Candle Analysis:
    Body Sizes (%): ['0.223', '0.198', '0.325', '0.003']
    Upper Shadows (%): ['0.206', '0.019', '0.017', '0.006']
    Lower Shadows (%): ['0.056', '0.007', '0.020', '0.000']
Volumes: [np.float64(105632166.0), np.float64(32720013.0), np.float64(182843131.0), np.float64(1967756.0)]
2025-05-15 06:55:11,273 - INFO - 
2. Post-Cross Movement (30min):
5min Price Changes (%): []
Maximum Change: 0.000% after 0 minutes
Candle Analysis:
    Body Sizes (%): []
    Upper Shadows (%): []
    Lower Shadows (%): []
Volumes: []
==================================================
2025-05-15 06:56:11,998 - INFO - 
==================================================
EMA Cross Analysis - TIA/USDT
Time: 2025-05-15 06:55:00+09:00
Type: golden
Cross Character (Current): Weak
Cross Character (New): Weak
Price at Cross: 3.0841

1. Pre-Cross Pattern (15min):
EMA Distance Changes (%): ['0.097', '0.069', '0.035', '0.000']
EMA12 Changes (%): ['0.007', '0.039', '0.056', '0.062']
Price Changes (%): ['0.055', '0.218', '0.150', '0.094']
Candle Analysis:
    Body Sizes (%): ['0.052', '0.218', '0.153', '0.094']
    Upper Shadows (%): ['0.095', '0.013', '0.049', '0.023']
    Lower Shadows (%): ['0.042', '0.000', '0.000', '0.006']
Volumes: [np.float64(37744.0), np.float64(29275.0), np.float64(42253.0), np.float64(27693.0)]
2025-05-15 06:56:11,998 - INFO - 
2. Post-Cross Movement (30min):
5min Price Changes (%): []
Maximum Change: 0.000% after 0 minutes
Candle Analysis:
    Body Sizes (%): []
    Upper Shadows (%): []
    Lower Shadows (%): []
Volumes: []
==================================================
2025-05-15 07:00:47,973 - INFO - 
==================================================
EMA Cross Analysis - TIA/USDT
Time: 2025-05-15 07:00:00+09:00
Type: golden
Cross Character (Current): Weak
Cross Character (New): Weak
Price at Cross: 3.0792

1. Pre-Cross Pattern (15min):
EMA Distance Changes (%): ['0.069', '0.035', '0.004', '0.011']
EMA12 Changes (%): ['0.039', '0.056', '0.054', '0.029']
Price Changes (%): ['0.218', '0.150', '0.042', '-0.107']
Candle Analysis:
    Body Sizes (%): ['0.218', '0.153', '0.042', '0.107']
    Upper Shadows (%): ['0.013', '0.049', '0.136', '0.101']
    Lower Shadows (%): ['0.000', '0.000', '0.006', '0.006']
Volumes: [np.float64(29275.0), np.float64(42253.0), np.float64(59732.0), np.float64(25509.0)]
2025-05-15 07:00:47,973 - INFO - 
2. Post-Cross Movement (30min):
5min Price Changes (%): []
Maximum Change: 0.000% after 0 minutes
Candle Analysis:
    Body Sizes (%): []
    Upper Shadows (%): []
    Lower Shadows (%): []
Volumes: []
==================================================
2025-05-15 07:00:49,507 - INFO - 
==================================================
EMA Cross Analysis - NEAR/USDT
Time: 2025-05-15 07:00:00+09:00
Type: golden
Cross Character (Current): Weak
Cross Character (New): Weak
Price at Cross: 3.066

1. Pre-Cross Pattern (15min):
EMA Distance Changes (%): ['0.073', '0.047', '0.005', '0.014']
EMA12 Changes (%): ['0.047', '0.040', '0.074', '0.037']
Price Changes (%): ['0.229', '0.000', '0.261', '-0.163']
Candle Analysis:
    Body Sizes (%): ['0.229', '0.000', '0.261', '0.163']
    Upper Shadows (%): ['0.000', '0.131', '0.131', '0.000']
    Lower Shadows (%): ['0.000', '0.065', '0.000', '0.000']
Volumes: [np.float64(41066.0), np.float64(68337.0), np.float64(77049.0), np.float64(15872.0)]
2025-05-15 07:00:49,507 - INFO - 
2. Post-Cross Movement (30min):
5min Price Changes (%): []
Maximum Change: 0.000% after 0 minutes
Candle Analysis:
    Body Sizes (%): []
    Upper Shadows (%): []
    Lower Shadows (%): []
Volumes: []
==================================================
2025-05-15 07:00:50,379 - INFO - 
==================================================
EMA Cross Analysis - 1000PEPE/USDT
Time: 2025-05-15 06:55:00+09:00
Type: golden
Cross Character (Current): Weak
Cross Character (New): Weak
Price at Cross: 0.0139634

1. Pre-Cross Pattern (15min):
EMA Distance Changes (%): ['0.115', '0.075', '0.018', '0.041']
EMA12 Changes (%): ['0.035', '0.060', '0.100', '0.112']
Price Changes (%): ['0.224', '0.198', '0.321', '0.174']
Candle Analysis:
    Body Sizes (%): ['0.223', '0.198', '0.325', '0.174']
    Upper Shadows (%): ['0.206', '0.019', '0.017', '0.017']
    Lower Shadows (%): ['0.056', '0.007', '0.020', '0.150']
Volumes: [np.float64(105632166.0), np.float64(32720013.0), np.float64(182843131.0), np.float64(125880518.0)]
2025-05-15 07:00:50,379 - INFO - 
2. Post-Cross Movement (30min):
5min Price Changes (%): ['-0.208']
Maximum Change: -0.208% after 5 minutes
Candle Analysis:
    Body Sizes (%): ['0.207']
    Upper Shadows (%): ['0.026']
    Lower Shadows (%): ['0.032']
Volumes: [np.float64(19533161.0)]
==================================================
2025-05-15 07:00:50,597 - INFO - 
==================================================
EMA Cross Analysis - ACX/USDT
Time: 2025-05-15 07:00:00+09:00
Type: golden
Cross Character (Current): Weak
Cross Character (New): Weak
Price at Cross: 0.2541

1. Pre-Cross Pattern (15min):
EMA Distance Changes (%): ['0.090', '0.063', '0.026', '0.001']
EMA12 Changes (%): ['0.024', '0.039', '0.063', '0.047']
Price Changes (%): ['0.277', '0.118', '0.197', '-0.039']
Candle Analysis:
    Body Sizes (%): ['0.198', '0.118', '0.197', '0.118']
    Upper Shadows (%): ['0.000', '0.000', '0.197', '0.000']
    Lower Shadows (%): ['0.000', '0.039', '0.000', '0.000']
Volumes: [np.float64(2623.1), np.float64(2230.8), np.float64(6158.6), np.float64(6833.9)]
2025-05-15 07:00:50,598 - INFO - 
2. Post-Cross Movement (30min):
5min Price Changes (%): []
Maximum Change: 0.000% after 0 minutes
Candle Analysis:
    Body Sizes (%): []
    Upper Shadows (%): []
    Lower Shadows (%): []
Volumes: []
==================================================
2025-05-15 07:00:51,249 - INFO - 
==================================================
EMA Cross Analysis - MOODENG/USDT
Time: 2025-05-15 07:00:00+09:00
Type: golden
Cross Character (Current): Strong
Cross Character (New): Strong
Price at Cross: 0.24429

1. Pre-Cross Pattern (15min):
EMA Distance Changes (%): ['0.975', '0.580', '0.200', '0.117']
EMA12 Changes (%): ['0.427', '0.617', '0.669', '0.604']
Price Changes (%): ['1.366', '1.634', '0.940', '0.263']
Candle Analysis:
    Body Sizes (%): ['1.361', '1.617', '0.920', '0.250']
    Upper Shadows (%): ['0.418', '0.964', '0.153', '0.345']
    Lower Shadows (%): ['0.068', '0.118', '0.228', '0.316']
Volumes: [np.float64(19860417.0), np.float64(23452670.0), np.float64(16538034.0), np.float64(5081246.0)]
2025-05-15 07:00:51,249 - INFO - 
2. Post-Cross Movement (30min):
5min Price Changes (%): []
Maximum Change: 0.000% after 0 minutes
Candle Analysis:
    Body Sizes (%): []
    Upper Shadows (%): []
    Lower Shadows (%): []
Volumes: []
==================================================
2025-05-15 07:00:51,684 - INFO - 
==================================================
EMA Cross Analysis - PHA/USDT
Time: 2025-05-15 07:00:00+09:00
Type: golden
Cross Character (Current): Weak
Cross Character (New): Weak
Price at Cross: 0.14826

1. Pre-Cross Pattern (15min):
EMA Distance Changes (%): ['0.172', '0.132', '0.062', '0.002']
EMA12 Changes (%): ['0.056', '0.053', '0.116', '0.115']
Price Changes (%): ['-0.163', '0.041', '0.461', '0.108']
Candle Analysis:
    Body Sizes (%): ['0.156', '0.020', '0.448', '0.108']
    Upper Shadows (%): ['0.386', '0.394', '0.115', '0.216']
    Lower Shadows (%): ['0.007', '0.027', '0.190', '0.014']
Volumes: [np.float64(143049.0), np.float64(112952.0), np.float64(246678.0), np.float64(180881.0)]
2025-05-15 07:00:51,684 - INFO - 
2. Post-Cross Movement (30min):
5min Price Changes (%): []
Maximum Change: 0.000% after 0 minutes
Candle Analysis:
    Body Sizes (%): []
    Upper Shadows (%): []
    Lower Shadows (%): []
Volumes: []
==================================================
2025-05-15 07:00:53,297 - INFO - 
==================================================
EMA Cross Analysis - DOT/USDT
Time: 2025-05-15 06:55:00+09:00
Type: golden
Cross Character (Current): Weak
Cross Character (New): Weak
Price at Cross: 5.02

1. Pre-Cross Pattern (15min):
EMA Distance Changes (%): ['0.066', '0.042', '0.013', '0.011']
EMA12 Changes (%): ['0.037', '0.037', '0.050', '0.045']
Price Changes (%): ['0.200', '0.040', '0.120', '0.020']
Candle Analysis:
    Body Sizes (%): ['0.200', '0.060', '0.140', '0.020']
    Upper Shadows (%): ['0.020', '0.000', '0.000', '0.120']
    Lower Shadows (%): ['0.000', '0.040', '0.000', '0.100']
Volumes: [np.float64(45148.9), np.float64(9276.3), np.float64(22025.8), np.float64(79663.1)]
2025-05-15 07:00:53,297 - INFO - 
2. Post-Cross Movement (30min):
5min Price Changes (%): ['-0.120']
Maximum Change: -0.120% after 5 minutes
Candle Analysis:
    Body Sizes (%): ['0.100']
    Upper Shadows (%): ['0.020']
    Lower Shadows (%): ['0.020']
Volumes: [np.float64(6118.0)]
==================================================
2025-05-15 07:00:54,825 - INFO - 
==================================================
EMA Cross Analysis - ADA/USDT
Time: 2025-05-15 06:55:00+09:00
Type: golden
Cross Character (Current): Weak
Cross Character (New): Weak
Price at Cross: 0.8012

1. Pre-Cross Pattern (15min):
EMA Distance Changes (%): ['0.059', '0.038', '0.011', '0.013']
EMA12 Changes (%): ['0.024', '0.032', '0.048', '0.044']
Price Changes (%): ['0.125', '0.075', '0.138', '0.025']
Candle Analysis:
    Body Sizes (%): ['0.138', '0.075', '0.150', '0.037']
    Upper Shadows (%): ['0.063', '0.000', '0.000', '0.200']
    Lower Shadows (%): ['0.050', '0.025', '0.000', '0.012']
Volumes: [np.float64(674588.0), np.float64(164183.0), np.float64(307181.0), np.float64(1102179.0)]
2025-05-15 07:00:54,826 - INFO - 
2. Post-Cross Movement (30min):
5min Price Changes (%): ['-0.087']
Maximum Change: -0.087% after 5 minutes
Candle Analysis:
    Body Sizes (%): ['0.087']
    Upper Shadows (%): ['0.025']
    Lower Shadows (%): ['0.000']
Volumes: [np.float64(410000.0)]
==================================================
2025-05-15 07:00:55,261 - INFO - 
==================================================
EMA Cross Analysis - RENDER/USDT
Time: 2025-05-15 06:55:00+09:00
Type: golden
Cross Character (Current): Weak
Cross Character (New): Weak
Price at Cross: 5.157

1. Pre-Cross Pattern (15min):
EMA Distance Changes (%): ['0.085', '0.059', '0.011', '0.032']
EMA12 Changes (%): ['0.016', '0.038', '0.086', '0.082']
Price Changes (%): ['0.195', '0.156', '0.350', '0.058']
Candle Analysis:
    Body Sizes (%): ['0.195', '0.156', '0.331', '0.058']
    Upper Shadows (%): ['0.137', '0.254', '0.000', '0.213']
    Lower Shadows (%): ['0.039', '0.039', '0.000', '0.019']
Volumes: [np.float64(37617.9), np.float64(48818.3), np.float64(12163.0), np.float64(18788.5)]
2025-05-15 07:00:55,262 - INFO - 
2. Post-Cross Movement (30min):
5min Price Changes (%): ['-0.194']
Maximum Change: -0.194% after 5 minutes
Candle Analysis:
    Body Sizes (%): ['0.194']
    Upper Shadows (%): ['0.078']
    Lower Shadows (%): ['0.019']
Volumes: [np.float64(4126.3)]
==================================================
2025-05-15 07:05:25,368 - INFO - 
==================================================
EMA Cross Analysis - TIA/USDT
Time: 2025-05-15 07:00:00+09:00
Type: golden
Cross Character (Current): Weak
Cross Character (New): Weak
Price at Cross: 3.0792

1. Pre-Cross Pattern (15min):
EMA Distance Changes (%): ['0.069', '0.035', '0.004', '0.011']
EMA12 Changes (%): ['0.039', '0.056', '0.054', '0.029']
Price Changes (%): ['0.218', '0.150', '0.042', '-0.107']
Candle Analysis:
    Body Sizes (%): ['0.218', '0.153', '0.042', '0.107']
    Upper Shadows (%): ['0.013', '0.049', '0.136', '0.211']
    Lower Shadows (%): ['0.000', '0.000', '0.006', '0.062']
Volumes: [np.float64(29275.0), np.float64(42253.0), np.float64(59732.0), np.float64(120485.0)]
2025-05-15 07:05:25,368 - INFO - 
2. Post-Cross Movement (30min):
5min Price Changes (%): ['-0.045']
Maximum Change: -0.045% after 5 minutes
Candle Analysis:
    Body Sizes (%): ['0.052']
    Upper Shadows (%): ['0.058']
    Lower Shadows (%): ['0.000']
Volumes: [np.float64(5820.0)]
==================================================
2025-05-15 07:05:26,892 - INFO - 
==================================================
EMA Cross Analysis - NEAR/USDT
Time: 2025-05-15 07:00:00+09:00
Type: golden
Cross Character (Current): Weak
Cross Character (New): Weak
Price at Cross: 3.065

1. Pre-Cross Pattern (15min):
EMA Distance Changes (%): ['0.073', '0.047', '0.005', '0.012']
EMA12 Changes (%): ['0.047', '0.040', '0.074', '0.032']
Price Changes (%): ['0.229', '0.000', '0.261', '-0.195']
Candle Analysis:
    Body Sizes (%): ['0.229', '0.000', '0.261', '0.195']
    Upper Shadows (%): ['0.000', '0.131', '0.131', '0.033']
    Lower Shadows (%): ['0.000', '0.065', '0.000', '0.065']
Volumes: [np.float64(41066.0), np.float64(68337.0), np.float64(77049.0), np.float64(87981.0)]
2025-05-15 07:05:26,892 - INFO - 
2. Post-Cross Movement (30min):
5min Price Changes (%): ['-0.065']
Maximum Change: -0.065% after 5 minutes
Candle Analysis:
    Body Sizes (%): ['0.033']
    Upper Shadows (%): ['0.033']
    Lower Shadows (%): ['0.000']
Volumes: [np.float64(5962.0)]
==================================================
2025-05-15 07:05:27,978 - INFO - 
==================================================
EMA Cross Analysis - ACX/USDT
Time: 2025-05-15 07:00:00+09:00
Type: golden
Cross Character (Current): Weak
Cross Character (New): Weak
Price at Cross: 0.2547

1. Pre-Cross Pattern (15min):
EMA Distance Changes (%): ['0.090', '0.063', '0.026', '0.020']
EMA12 Changes (%): ['0.024', '0.039', '0.063', '0.084']
Price Changes (%): ['0.277', '0.118', '0.197', '0.197']
Candle Analysis:
    Body Sizes (%): ['0.198', '0.118', '0.197', '0.118']
    Upper Shadows (%): ['0.000', '0.000', '0.197', '0.197']
    Lower Shadows (%): ['0.000', '0.039', '0.000', '0.157']
Volumes: [np.float64(2623.1), np.float64(2230.8), np.float64(6158.6), np.float64(43409.4)]
2025-05-15 07:05:27,979 - INFO - 
2. Post-Cross Movement (30min):
5min Price Changes (%): ['-0.079']
Maximum Change: -0.079% after 5 minutes
Candle Analysis:
    Body Sizes (%): ['0.079']
    Upper Shadows (%): ['0.000']
    Lower Shadows (%): ['0.000']
Volumes: [np.float64(3463.8)]
==================================================
2025-05-15 07:05:28,634 - INFO - 
==================================================
EMA Cross Analysis - MOODENG/USDT
Time: 2025-05-15 07:00:00+09:00
Type: golden
Cross Character (Current): Strong
Cross Character (New): Strong
Price at Cross: 0.24586

1. Pre-Cross Pattern (15min):
EMA Distance Changes (%): ['0.975', '0.580', '0.200', '0.167']
EMA12 Changes (%): ['0.427', '0.617', '0.669', '0.707']
Price Changes (%): ['1.366', '1.634', '0.940', '0.907']
Candle Analysis:
    Body Sizes (%): ['1.361', '1.617', '0.920', '0.895']
    Upper Shadows (%): ['0.418', '0.964', '0.153', '0.509']
    Lower Shadows (%): ['0.068', '0.118', '0.228', '0.316']
Volumes: [np.float64(19860417.0), np.float64(23452670.0), np.float64(16538034.0), np.float64(23827821.0)]
2025-05-15 07:05:28,634 - INFO - 
2. Post-Cross Movement (30min):
5min Price Changes (%): ['-0.325']
Maximum Change: -0.325% after 5 minutes
Candle Analysis:
    Body Sizes (%): ['0.325']
    Upper Shadows (%): ['0.089']
    Lower Shadows (%): ['0.089']
Volumes: [np.float64(2705848.0)]
==================================================
2025-05-15 07:05:28,852 - INFO - 
==================================================
EMA Cross Analysis - ATOM/USDT
Time: 2025-05-15 07:00:00+09:00
Type: golden
Cross Character (Current): Weak
Cross Character (New): Weak
Price at Cross: 5.11

1. Pre-Cross Pattern (15min):
EMA Distance Changes (%): ['0.077', '0.050', '0.020', '0.000']
EMA12 Changes (%): ['0.042', '0.042', '0.050', '0.037']
Price Changes (%): ['0.196', '0.039', '0.098', '-0.039']
Candle Analysis:
    Body Sizes (%): ['0.216', '0.059', '0.098', '0.020']
    Upper Shadows (%): ['0.000', '0.000', '0.098', '0.137']
    Lower Shadows (%): ['0.000', '0.000', '0.000', '0.059']
Volumes: [np.float64(20054.55), np.float64(7521.47), np.float64(12173.34), np.float64(23301.32)]
2025-05-15 07:05:28,853 - INFO - 
2. Post-Cross Movement (30min):
5min Price Changes (%): ['-0.039']
Maximum Change: -0.039% after 5 minutes
Candle Analysis:
    Body Sizes (%): ['0.020']
    Upper Shadows (%): ['0.000']
    Lower Shadows (%): ['0.000']
Volumes: [np.float64(394.6)]
==================================================
2025-05-15 07:05:29,069 - INFO - 
==================================================
EMA Cross Analysis - PHA/USDT
Time: 2025-05-15 07:05:00+09:00
Type: golden
Cross Character (Current): Weak
Cross Character (New): Weak
Price at Cross: 0.14799

1. Pre-Cross Pattern (15min):
EMA Distance Changes (%): ['0.132', '0.062', '0.011', '0.028']
EMA12 Changes (%): ['0.053', '0.116', '0.090', '0.073']
Price Changes (%): ['0.041', '0.461', '-0.054', '-0.020']
Candle Analysis:
    Body Sizes (%): ['0.020', '0.448', '0.054', '0.000']
    Upper Shadows (%): ['0.394', '0.115', '0.594', '0.095']
    Lower Shadows (%): ['0.027', '0.190', '0.149', '0.000']
Volumes: [np.float64(112952.0), np.float64(246678.0), np.float64(528140.0), np.float64(16185.0)]
2025-05-15 07:05:29,069 - INFO - 
2. Post-Cross Movement (30min):
5min Price Changes (%): []
Maximum Change: 0.000% after 0 minutes
Candle Analysis:
    Body Sizes (%): []
    Upper Shadows (%): []
    Lower Shadows (%): []
Volumes: []
==================================================
2025-05-15 07:05:29,284 - INFO - 
==================================================
EMA Cross Analysis - ORDI/USDT
Time: 2025-05-15 07:05:00+09:00
Type: golden
Cross Character (Current): Weak
Cross Character (New): Weak
Price at Cross: 11.651

1. Pre-Cross Pattern (15min):
EMA Distance Changes (%): ['0.116', '0.067', '0.021', '0.010']
EMA12 Changes (%): ['0.053', '0.077', '0.080', '0.057']
Price Changes (%): ['0.181', '0.206', '0.094', '-0.069']
Candle Analysis:
    Body Sizes (%): ['0.181', '0.206', '0.086', '0.069']
    Upper Shadows (%): ['0.000', '0.138', '0.455', '0.120']
    Lower Shadows (%): ['0.009', '0.009', '0.017', '0.043']
Volumes: [np.float64(3316.0), np.float64(12446.0), np.float64(56562.9), np.float64(1881.5)]
2025-05-15 07:05:29,284 - INFO - 
2. Post-Cross Movement (30min):
5min Price Changes (%): []
Maximum Change: 0.000% after 0 minutes
Candle Analysis:
    Body Sizes (%): []
    Upper Shadows (%): []
    Lower Shadows (%): []
Volumes: []
==================================================
2025-05-15 07:05:31,551 - INFO - 
==================================================
EMA Cross Analysis - ARPA/USDT
Time: 2025-05-15 07:05:00+09:00
Type: golden
Cross Character (Current): Weak
Cross Character (New): Weak
Price at Cross: 0.02765

1. Pre-Cross Pattern (15min):
EMA Distance Changes (%): ['0.081', '0.039', '0.004', '0.025']
EMA12 Changes (%): ['0.095', '0.069', '0.064', '0.054']
Price Changes (%): ['0.399', '-0.072', '0.036', '0.000']
Candle Analysis:
    Body Sizes (%): ['0.363', '0.072', '0.036', '0.000']
    Upper Shadows (%): ['0.327', '0.036', '0.217', '0.000']
    Lower Shadows (%): ['0.000', '0.072', '0.072', '0.036']
Volumes: [np.float64(1717514.0), np.float64(61989.0), np.float64(1071012.0), np.float64(36856.0)]
2025-05-15 07:05:31,551 - INFO - 
2. Post-Cross Movement (30min):
5min Price Changes (%): []
Maximum Change: 0.000% after 0 minutes
Candle Analysis:
    Body Sizes (%): []
    Upper Shadows (%): []
    Lower Shadows (%): []
Volumes: []
==================================================
2025-05-15 07:05:31,990 - INFO - 
==================================================
EMA Cross Analysis - XRP/USDT
Time: 2025-05-15 07:05:00+09:00
Type: golden
Cross Character (Current): Weak
Cross Character (New): Weak
Price at Cross: 2.5593

1. Pre-Cross Pattern (15min):
EMA Distance Changes (%): ['0.042', '0.017', '0.001', '0.009']
EMA12 Changes (%): ['0.042', '0.042', '0.029', '0.019']
Price Changes (%): ['0.251', '0.047', '-0.047', '-0.031']
Candle Analysis:
    Body Sizes (%): ['0.251', '0.047', '0.047', '0.035']
    Upper Shadows (%): ['0.023', '0.066', '0.086', '0.000']
    Lower Shadows (%): ['0.004', '0.062', '0.070', '0.008']
Volumes: [np.float64(1006467.9), np.float64(1243689.5), np.float64(1352754.9), np.float64(121841.3)]
2025-05-15 07:05:31,990 - INFO - 
2. Post-Cross Movement (30min):
5min Price Changes (%): []
Maximum Change: 0.000% after 0 minutes
Candle Analysis:
    Body Sizes (%): []
    Upper Shadows (%): []
    Lower Shadows (%): []
Volumes: []
==================================================
2025-05-15 07:05:36,024 - INFO - 
==================================================
EMA Cross Analysis - VANA/USDT
Time: 2025-05-15 07:05:00+09:00
Type: golden
Cross Character (Current): Weak
Cross Character (New): Weak
Price at Cross: 6.524

1. Pre-Cross Pattern (15min):
EMA Distance Changes (%): ['0.058', '0.024', '0.007', '0.006']
EMA12 Changes (%): ['0.034', '0.057', '0.030', '0.023']
Price Changes (%): ['0.061', '0.184', '-0.122', '-0.015']
Candle Analysis:
    Body Sizes (%): ['0.046', '0.184', '0.138', '0.015']
    Upper Shadows (%): ['0.000', '0.123', '0.107', '0.031']
    Lower Shadows (%): ['0.107', '0.000', '0.061', '0.000']
Volumes: [np.float64(2610.03), np.float64(3450.92), np.float64(6123.23), np.float64(668.69)]
2025-05-15 07:05:36,025 - INFO - 
2. Post-Cross Movement (30min):
5min Price Changes (%): []
Maximum Change: 0.000% after 0 minutes
Candle Analysis:
    Body Sizes (%): []
    Upper Shadows (%): []
    Lower Shadows (%): []
Volumes: []
==================================================
2025-05-15 07:10:03,111 - INFO - 
==================================================
EMA Cross Analysis - BAN/USDT
Time: 2025-05-15 07:10:00+09:00
Type: golden
Cross Character (Current): Weak
Cross Character (New): Weak
Price at Cross: 0.06542

1. Pre-Cross Pattern (15min):
EMA Distance Changes (%): ['0.096', '0.040', '0.007', '0.019']
EMA12 Changes (%): ['0.111', '0.094', '0.058', '0.049']
Price Changes (%): ['0.245', '0.000', '-0.137', '0.000']
Candle Analysis:
    Body Sizes (%): ['0.199', '0.000', '0.122', '0.015']
    Upper Shadows (%): ['0.000', '0.122', '0.000', '0.000']
    Lower Shadows (%): ['0.000', '0.046', '0.000', '0.000']
Volumes: [np.float64(41614.0), np.float64(46151.0), np.float64(9189.0), np.float64(1176.0)]
2025-05-15 07:10:03,111 - INFO - 
2. Post-Cross Movement (30min):
5min Price Changes (%): []
Maximum Change: 0.000% after 0 minutes
Candle Analysis:
    Body Sizes (%): []
    Upper Shadows (%): []
    Lower Shadows (%): []
Volumes: []
==================================================
2025-05-15 07:10:06,090 - INFO - 
==================================================
EMA Cross Analysis - PHA/USDT
Time: 2025-05-15 07:05:00+09:00
Type: golden
Cross Character (Current): Weak
Cross Character (New): Weak
Price at Cross: 0.14766

1. Pre-Cross Pattern (15min):
EMA Distance Changes (%): ['0.132', '0.062', '0.011', '0.010']
EMA12 Changes (%): ['0.053', '0.116', '0.090', '0.038']
Price Changes (%): ['0.041', '0.461', '-0.054', '-0.243']
Candle Analysis:
    Body Sizes (%): ['0.020', '0.448', '0.054', '0.223']
    Upper Shadows (%): ['0.394', '0.115', '0.594', '0.095']
    Lower Shadows (%): ['0.027', '0.190', '0.149', '0.277']
Volumes: [np.float64(112952.0), np.float64(246678.0), np.float64(528140.0), np.float64(245178.0)]
2025-05-15 07:10:06,090 - INFO - 
2. Post-Cross Movement (30min):
5min Price Changes (%): ['-0.034']
Maximum Change: -0.034% after 5 minutes
Candle Analysis:
    Body Sizes (%): ['0.034']
    Upper Shadows (%): ['0.000']
    Lower Shadows (%): ['0.020']
Volumes: [np.float64(6338.0)]
==================================================
2025-05-15 07:10:06,307 - INFO - 
==================================================
EMA Cross Analysis - ORDI/USDT
Time: 2025-05-15 07:05:00+09:00
Type: golden
Cross Character (Current): Weak
Cross Character (New): Weak
Price at Cross: 11.664

1. Pre-Cross Pattern (15min):
EMA Distance Changes (%): ['0.116', '0.067', '0.021', '0.019']
EMA12 Changes (%): ['0.053', '0.077', '0.080', '0.074']
Price Changes (%): ['0.181', '0.206', '0.094', '0.043']
Candle Analysis:
    Body Sizes (%): ['0.181', '0.206', '0.086', '0.043']
    Upper Shadows (%): ['0.000', '0.138', '0.455', '0.077']
    Lower Shadows (%): ['0.009', '0.009', '0.017', '0.154']
Volumes: [np.float64(3316.0), np.float64(12446.0), np.float64(56562.9), np.float64(9703.0)]
2025-05-15 07:10:06,307 - INFO - 
2. Post-Cross Movement (30min):
5min Price Changes (%): ['-0.069']
Maximum Change: -0.069% after 5 minutes
Candle Analysis:
    Body Sizes (%): ['0.060']
    Upper Shadows (%): ['0.000']
    Lower Shadows (%): ['0.000']
Volumes: [np.float64(450.4)]
==================================================
2025-05-15 07:10:06,961 - INFO - 
==================================================
EMA Cross Analysis - GALA/USDT
Time: 2025-05-15 07:05:00+09:00
Type: golden
Cross Character (Current): Weak
Cross Character (New): Weak
Price at Cross: 0.02163

1. Pre-Cross Pattern (15min):
EMA Distance Changes (%): ['0.071', '0.037', '0.014', '0.000']
EMA12 Changes (%): ['0.073', '0.055', '0.039', '0.026']
Price Changes (%): ['0.324', '-0.046', '-0.046', '-0.046']
Candle Analysis:
    Body Sizes (%): ['0.278', '0.092', '0.092', '0.000']
    Upper Shadows (%): ['0.000', '0.231', '0.323', '0.139']
    Lower Shadows (%): ['0.046', '0.046', '0.046', '0.092']
Volumes: [np.float64(1710930.0), np.float64(5384177.0), np.float64(8406981.0), np.float64(3557225.0)]
2025-05-15 07:10:06,961 - INFO - 
2. Post-Cross Movement (30min):
5min Price Changes (%): ['0.000']
Maximum Change: 0.000% after 0 minutes
Candle Analysis:
    Body Sizes (%): ['0.000']
    Upper Shadows (%): ['0.000']
    Lower Shadows (%): ['0.000']
Volumes: [np.float64(57919.0)]
==================================================
2025-05-15 07:10:08,643 - INFO - 
==================================================
EMA Cross Analysis - ARPA/USDT
Time: 2025-05-15 07:05:00+09:00
Type: golden
Cross Character (Current): Weak
Cross Character (New): Weak
Price at Cross: 0.0276

1. Pre-Cross Pattern (15min):
EMA Distance Changes (%): ['0.081', '0.039', '0.004', '0.010']
EMA12 Changes (%): ['0.095', '0.069', '0.064', '0.026']
Price Changes (%): ['0.399', '-0.072', '0.036', '-0.181']
Candle Analysis:
    Body Sizes (%): ['0.363', '0.072', '0.036', '0.181']
    Upper Shadows (%): ['0.327', '0.036', '0.217', '0.000']
    Lower Shadows (%): ['0.000', '0.072', '0.072', '0.000']
Volumes: [np.float64(1717514.0), np.float64(61989.0), np.float64(1071012.0), np.float64(369256.0)]
2025-05-15 07:10:08,643 - INFO - 
2. Post-Cross Movement (30min):
5min Price Changes (%): ['-0.036']
Maximum Change: -0.036% after 5 minutes
Candle Analysis:
    Body Sizes (%): ['0.036']
    Upper Shadows (%): ['0.000']
    Lower Shadows (%): ['0.000']
Volumes: [np.float64(7989.0)]
==================================================
2025-05-15 07:10:09,080 - INFO - 
==================================================
EMA Cross Analysis - XRP/USDT
Time: 2025-05-15 07:05:00+09:00
Type: golden
Cross Character (Current): Weak
Cross Character (New): Weak
Price at Cross: 2.5634

1. Pre-Cross Pattern (15min):
EMA Distance Changes (%): ['0.042', '0.017', '0.001', '0.022']
EMA12 Changes (%): ['0.042', '0.042', '0.029', '0.044']
Price Changes (%): ['0.251', '0.047', '-0.047', '0.129']
Candle Analysis:
    Body Sizes (%): ['0.251', '0.047', '0.047', '0.125']
    Upper Shadows (%): ['0.023', '0.066', '0.086', '0.035']
    Lower Shadows (%): ['0.004', '0.062', '0.070', '0.043']
Volumes: [np.float64(1006467.9), np.float64(1243689.5), np.float64(1352754.9), np.float64(802535.9)]
2025-05-15 07:10:09,081 - INFO - 
2. Post-Cross Movement (30min):
5min Price Changes (%): ['-0.066']
Maximum Change: -0.066% after 5 minutes
Candle Analysis:
    Body Sizes (%): ['0.070']
    Upper Shadows (%): ['0.004']
    Lower Shadows (%): ['0.000']
Volumes: [np.float64(202804.2)]
==================================================
2025-05-15 07:10:11,697 - INFO - 
==================================================
EMA Cross Analysis - HIVE/USDT
Time: 2025-05-15 07:10:00+09:00
Type: golden
Cross Character (Current): Weak
Cross Character (New): Weak
Price at Cross: 0.27029

1. Pre-Cross Pattern (15min):
EMA Distance Changes (%): ['0.047', '0.020', '0.003', '0.001']
EMA12 Changes (%): ['0.054', '0.045', '0.030', '0.008']
Price Changes (%): ['0.278', '-0.004', '-0.055', '-0.111']
Candle Analysis:
    Body Sizes (%): ['0.274', '0.004', '0.048', '0.096']
    Upper Shadows (%): ['0.033', '0.174', '0.004', '0.000']
    Lower Shadows (%): ['0.000', '0.148', '0.107', '0.000']
Volumes: [np.float64(35142.0), np.float64(56833.0), np.float64(12768.0), np.float64(5928.0)]
2025-05-15 07:10:11,697 - INFO - 
2. Post-Cross Movement (30min):
5min Price Changes (%): []
Maximum Change: 0.000% after 0 minutes
Candle Analysis:
    Body Sizes (%): []
    Upper Shadows (%): []
    Lower Shadows (%): []
Volumes: []
==================================================
2025-05-15 07:10:12,133 - INFO - 
==================================================
EMA Cross Analysis - ZEN/USDT
Time: 2025-05-15 07:10:00+09:00
Type: dead
Cross Character (Current): Weak
Cross Character (New): Weak
Price at Cross: 10.312

1. Pre-Cross Pattern (15min):
EMA Distance Changes (%): ['0.075', '0.045', '0.017', '0.005']
EMA12 Changes (%): ['-0.035', '-0.046', '-0.048', '-0.040']
Price Changes (%): ['-0.692', '-0.106', '-0.058', '0.000']
Candle Analysis:
    Body Sizes (%): ['0.692', '0.106', '0.078', '0.000']
    Upper Shadows (%): ['0.067', '0.281', '0.010', '0.000']
    Lower Shadows (%): ['0.019', '0.010', '0.087', '0.000']
Volumes: [np.float64(4731.4), np.float64(3964.0), np.float64(1541.0), np.float64(0.0)]
2025-05-15 07:10:12,133 - INFO - 
2. Post-Cross Movement (30min):
5min Price Changes (%): []
Maximum Change: 0.000% after 0 minutes
Candle Analysis:
    Body Sizes (%): []
    Upper Shadows (%): []
    Lower Shadows (%): []
Volumes: []
==================================================
2025-05-15 07:10:13,155 - INFO - 
==================================================
EMA Cross Analysis - VANA/USDT
Time: 2025-05-15 07:05:00+09:00
Type: golden
Cross Character (Current): Weak
Cross Character (New): Weak
Price at Cross: 6.534

1. Pre-Cross Pattern (15min):
EMA Distance Changes (%): ['0.058', '0.024', '0.007', '0.018']
EMA12 Changes (%): ['0.034', '0.057', '0.030', '0.046']
Price Changes (%): ['0.061', '0.184', '-0.122', '0.138']
Candle Analysis:
    Body Sizes (%): ['0.046', '0.184', '0.138', '0.138']
    Upper Shadows (%): ['0.000', '0.123', '0.107', '0.000']
    Lower Shadows (%): ['0.107', '0.000', '0.061', '0.077']
Volumes: [np.float64(2610.03), np.float64(3450.92), np.float64(6123.23), np.float64(2539.07)]
2025-05-15 07:10:13,155 - INFO - 
2. Post-Cross Movement (30min):
5min Price Changes (%): ['-0.046']
Maximum Change: -0.046% after 5 minutes
Candle Analysis:
    Body Sizes (%): ['0.046']
    Upper Shadows (%): ['0.000']
    Lower Shadows (%): ['0.000']
Volumes: [np.float64(441.31)]
==================================================
2025-05-15 07:15:49,118 - INFO - 
==================================================
EMA Cross Analysis - TIA/USDT
Time: 2025-05-15 07:15:00+09:00
Type: dead
Cross Character (Current): Weak
Cross Character (New): Weak
Price at Cross: 3.0683

1. Pre-Cross Pattern (15min):
EMA Distance Changes (%): ['0.011', '0.019', '0.011', '0.006']
EMA12 Changes (%): ['0.029', '0.016', '-0.013', '-0.030']
Price Changes (%): ['-0.107', '-0.058', '-0.172', '-0.124']
Candle Analysis:
    Body Sizes (%): ['0.107', '0.065', '0.175', '0.127']
    Upper Shadows (%): ['0.211', '0.065', '0.045', '0.000']
    Lower Shadows (%): ['0.062', '0.075', '0.039', '0.007']
Volumes: [np.float64(120485.0), np.float64(53401.0), np.float64(55109.0), np.float64(11738.0)]
2025-05-15 07:15:49,118 - INFO - 
2. Post-Cross Movement (30min):
5min Price Changes (%): []
Maximum Change: 0.000% after 0 minutes
Candle Analysis:
    Body Sizes (%): []
    Upper Shadows (%): []
    Lower Shadows (%): []
Volumes: []
==================================================
2025-05-15 07:15:49,552 - INFO - 
==================================================
EMA Cross Analysis - BAN/USDT
Time: 2025-05-15 07:10:00+09:00
Type: golden
Cross Character (Current): Weak
Cross Character (New): Weak
Price at Cross: 0.06538

1. Pre-Cross Pattern (15min):
EMA Distance Changes (%): ['0.096', '0.040', '0.007', '0.014']
EMA12 Changes (%): ['0.111', '0.094', '0.058', '0.040']
Price Changes (%): ['0.245', '0.000', '-0.137', '-0.061']
Candle Analysis:
    Body Sizes (%): ['0.199', '0.000', '0.122', '0.076']
    Upper Shadows (%): ['0.000', '0.122', '0.000', '0.031']
    Lower Shadows (%): ['0.000', '0.046', '0.000', '0.000']
Volumes: [np.float64(41614.0), np.float64(46151.0), np.float64(9189.0), np.float64(34401.0)]
2025-05-15 07:15:49,552 - INFO - 
2. Post-Cross Movement (30min):
5min Price Changes (%): ['0.000']
Maximum Change: 0.000% after 0 minutes
Candle Analysis:
    Body Sizes (%): ['0.000']
    Upper Shadows (%): ['0.000']
    Lower Shadows (%): ['0.000']
Volumes: [np.float64(3.0)]
==================================================
2025-05-15 07:15:50,642 - INFO - 
==================================================
EMA Cross Analysis - NEAR/USDT
Time: 2025-05-15 07:15:00+09:00
Type: dead
Cross Character (Current): Weak
Cross Character (New): Weak
Price at Cross: 3.051

1. Pre-Cross Pattern (15min):
EMA Distance Changes (%): ['0.012', '0.020', '0.003', '0.019']
EMA12 Changes (%): ['0.032', '0.017', '-0.031', '-0.041']
Price Changes (%): ['-0.195', '-0.065', '-0.294', '-0.098']
Candle Analysis:
    Body Sizes (%): ['0.195', '0.033', '0.261', '0.098']
    Upper Shadows (%): ['0.033', '0.033', '0.000', '0.000']
    Lower Shadows (%): ['0.065', '0.163', '0.033', '0.000']
Volumes: [np.float64(87981.0), np.float64(89807.0), np.float64(36702.0), np.float64(4819.0)]
2025-05-15 07:15:50,642 - INFO - 
2. Post-Cross Movement (30min):
5min Price Changes (%): []
Maximum Change: 0.000% after 0 minutes
Candle Analysis:
    Body Sizes (%): []
    Upper Shadows (%): []
    Lower Shadows (%): []
Volumes: []
==================================================
2025-05-15 07:15:52,815 - INFO - 
==================================================
EMA Cross Analysis - PHA/USDT
Time: 2025-05-15 07:10:00+09:00
Type: dead
Cross Character (Current): Weak
Cross Character (New): Weak
Price at Cross: 0.14706

1. Pre-Cross Pattern (15min):
EMA Distance Changes (%): ['0.062', '0.011', '0.010', '0.007']
EMA12 Changes (%): ['0.116', '0.090', '0.038', '-0.030']
Price Changes (%): ['0.461', '-0.054', '-0.243', '-0.406']
Candle Analysis:
    Body Sizes (%): ['0.448', '0.054', '0.223', '0.406']
    Upper Shadows (%): ['0.115', '0.594', '0.095', '0.000']
    Lower Shadows (%): ['0.190', '0.149', '0.277', '0.034']
Volumes: [np.float64(246678.0), np.float64(528140.0), np.float64(245178.0), np.float64(64076.0)]
2025-05-15 07:15:52,815 - INFO - 
2. Post-Cross Movement (30min):
5min Price Changes (%): ['-0.150']
Maximum Change: -0.150% after 5 minutes
Candle Analysis:
    Body Sizes (%): ['0.150']
    Upper Shadows (%): ['0.020']
    Lower Shadows (%): ['0.082']
Volumes: [np.float64(34475.0)]
==================================================
2025-05-15 07:15:54,434 - INFO - 
==================================================
EMA Cross Analysis - DOT/USDT
Time: 2025-05-15 07:10:00+09:00
Type: dead
Cross Character (Current): Weak
Cross Character (New): Weak
Price at Cross: 4.995

1. Pre-Cross Pattern (15min):
EMA Distance Changes (%): ['0.011', '0.021', '0.014', '0.008']
EMA12 Changes (%): ['0.045', '0.020', '-0.011', '-0.040']
Price Changes (%): ['0.020', '-0.120', '-0.179', '-0.200']
Candle Analysis:
    Body Sizes (%): ['0.020', '0.100', '0.179', '0.180']
    Upper Shadows (%): ['0.120', '0.100', '0.000', '0.040']
    Lower Shadows (%): ['0.100', '0.020', '0.040', '0.060']
Volumes: [np.float64(79663.1), np.float64(62634.0), np.float64(62362.7), np.float64(43216.8)]
2025-05-15 07:15:54,434 - INFO - 
2. Post-Cross Movement (30min):
5min Price Changes (%): ['-0.020']
Maximum Change: -0.020% after 5 minutes
Candle Analysis:
    Body Sizes (%): ['0.020']
    Upper Shadows (%): ['0.040']
    Lower Shadows (%): ['0.000']
Volumes: [np.float64(4616.4)]
==================================================
2025-05-15 07:15:58,746 - INFO - 
==================================================
EMA Cross Analysis - ZEN/USDT
Time: 2025-05-15 07:10:00+09:00
Type: dead
Cross Character (Current): Weak
Cross Character (New): Weak
Price at Cross: 10.309

1. Pre-Cross Pattern (15min):
EMA Distance Changes (%): ['0.075', '0.045', '0.017', '0.007']
EMA12 Changes (%): ['-0.035', '-0.046', '-0.048', '-0.045']
Price Changes (%): ['-0.692', '-0.106', '-0.058', '-0.029']
Candle Analysis:
    Body Sizes (%): ['0.692', '0.106', '0.078', '0.039']
    Upper Shadows (%): ['0.067', '0.281', '0.010', '0.039']
    Lower Shadows (%): ['0.019', '0.010', '0.087', '0.058']
Volumes: [np.float64(4731.4), np.float64(3964.0), np.float64(1541.0), np.float64(682.4)]
2025-05-15 07:15:58,746 - INFO - 
2. Post-Cross Movement (30min):
5min Price Changes (%): ['-0.049']
Maximum Change: -0.049% after 5 minutes
Candle Analysis:
    Body Sizes (%): ['0.049']
    Upper Shadows (%): ['0.000']
    Lower Shadows (%): ['0.019']
Volumes: [np.float64(127.0)]
==================================================
2025-05-15 07:20:26,511 - INFO - 
==================================================
EMA Cross Analysis - TIA/USDT
Time: 2025-05-15 07:15:00+09:00
Type: dead
Cross Character (Current): Weak
Cross Character (New): Weak
Price at Cross: 3.0662

1. Pre-Cross Pattern (15min):
EMA Distance Changes (%): ['0.011', '0.019', '0.011', '0.011']
EMA12 Changes (%): ['0.029', '0.016', '-0.013', '-0.041']
Price Changes (%): ['-0.107', '-0.058', '-0.172', '-0.192']
Candle Analysis:
    Body Sizes (%): ['0.107', '0.065', '0.175', '0.195']
    Upper Shadows (%): ['0.211', '0.065', '0.045', '0.000']
    Lower Shadows (%): ['0.062', '0.075', '0.039', '0.140']
Volumes: [np.float64(120485.0), np.float64(53401.0), np.float64(55109.0), np.float64(73625.0)]
2025-05-15 07:20:26,511 - INFO - 
2. Post-Cross Movement (30min):
5min Price Changes (%): ['0.082']
Maximum Change: 0.082% after 5 minutes
Candle Analysis:
    Body Sizes (%): ['0.085']
    Upper Shadows (%): ['0.000']
    Lower Shadows (%): ['0.020']
Volumes: [np.float64(6144.0)]
==================================================
2025-05-15 07:20:28,038 - INFO - 
==================================================
EMA Cross Analysis - NEAR/USDT
Time: 2025-05-15 07:15:00+09:00
Type: dead
Cross Character (Current): Weak
Cross Character (New): Weak
Price at Cross: 3.052

1. Pre-Cross Pattern (15min):
EMA Distance Changes (%): ['0.012', '0.020', '0.003', '0.016']
EMA12 Changes (%): ['0.032', '0.017', '-0.031', '-0.036']
Price Changes (%): ['-0.195', '-0.065', '-0.294', '-0.065']
Candle Analysis:
    Body Sizes (%): ['0.195', '0.033', '0.261', '0.065']
    Upper Shadows (%): ['0.033', '0.033', '0.000', '0.000']
    Lower Shadows (%): ['0.065', '0.163', '0.033', '0.131']
Volumes: [np.float64(87981.0), np.float64(89807.0), np.float64(36702.0), np.float64(40410.0)]
2025-05-15 07:20:28,038 - INFO - 
2. Post-Cross Movement (30min):
5min Price Changes (%): ['0.033']
Maximum Change: 0.033% after 5 minutes
Candle Analysis:
    Body Sizes (%): ['0.033']
    Upper Shadows (%): ['0.000']
    Lower Shadows (%): ['0.033']
Volumes: [np.float64(2852.0)]
==================================================
2025-05-15 07:20:30,867 - INFO - 
==================================================
EMA Cross Analysis - XLM/USDT
Time: 2025-05-15 07:20:00+09:00
Type: dead
Cross Character (Current): Weak
Cross Character (New): Weak
Price at Cross: 0.30466

1. Pre-Cross Pattern (15min):
EMA Distance Changes (%): ['0.026', '0.021', '0.000', '0.007']
EMA12 Changes (%): ['0.007', '-0.006', '-0.038', '-0.014']
Price Changes (%): ['0.007', '-0.075', '-0.213', '0.118']
Candle Analysis:
    Body Sizes (%): ['0.010', '0.062', '0.200', '0.112']
    Upper Shadows (%): ['0.072', '0.039', '0.007', '0.016']
    Lower Shadows (%): ['0.102', '0.033', '0.089', '0.000']
Volumes: [np.float64(458528.0), np.float64(264195.0), np.float64(1335816.0), np.float64(118222.0)]
2025-05-15 07:20:30,868 - INFO - 
2. Post-Cross Movement (30min):
5min Price Changes (%): []
Maximum Change: 0.000% after 0 minutes
Candle Analysis:
    Body Sizes (%): []
    Upper Shadows (%): []
    Lower Shadows (%): []
Volumes: []
==================================================
2025-05-15 07:20:31,085 - INFO - 
==================================================
EMA Cross Analysis - GALA/USDT
Time: 2025-05-15 07:15:00+09:00
Type: dead
Cross Character (Current): Weak
Cross Character (New): Weak
Price at Cross: 0.02156

1. Pre-Cross Pattern (15min):
EMA Distance Changes (%): ['0.014', '0.000', '0.011', '0.006']
EMA12 Changes (%): ['0.039', '0.026', '0.022', '-0.031']
Price Changes (%): ['-0.046', '-0.046', '0.000', '-0.324']
Candle Analysis:
    Body Sizes (%): ['0.092', '0.000', '0.000', '0.278']
    Upper Shadows (%): ['0.323', '0.139', '0.092', '0.000']
    Lower Shadows (%): ['0.046', '0.092', '0.092', '0.185']
Volumes: [np.float64(8406981.0), np.float64(3557225.0), np.float64(2715301.0), np.float64(6495238.0)]
2025-05-15 07:20:31,085 - INFO - 
2. Post-Cross Movement (30min):
5min Price Changes (%): ['0.093']
Maximum Change: 0.093% after 5 minutes
Candle Analysis:
    Body Sizes (%): ['0.093']
    Upper Shadows (%): ['0.000']
    Lower Shadows (%): ['0.046']
Volumes: [np.float64(275755.0)]
==================================================
2025-05-15 07:20:32,702 - INFO - 
==================================================
EMA Cross Analysis - ARPA/USDT
Time: 2025-05-15 07:20:00+09:00
Type: dead
Cross Character (Current): Weak
Cross Character (New): Weak
Price at Cross: 0.02753

1. Pre-Cross Pattern (15min):
EMA Distance Changes (%): ['0.010', '0.021', '0.006', '0.003']
EMA12 Changes (%): ['0.026', '0.022', '-0.026', '-0.016']
Price Changes (%): ['-0.181', '0.000', '-0.290', '0.036']
Candle Analysis:
    Body Sizes (%): ['0.181', '0.000', '0.290', '0.000']
    Upper Shadows (%): ['0.000', '0.072', '0.000', '0.036']
    Lower Shadows (%): ['0.000', '0.109', '0.036', '0.000']
Volumes: [np.float64(369256.0), np.float64(265057.0), np.float64(966257.0), np.float64(54819.0)]
2025-05-15 07:20:32,702 - INFO - 
2. Post-Cross Movement (30min):
5min Price Changes (%): []
Maximum Change: 0.000% after 0 minutes
Candle Analysis:
    Body Sizes (%): []
    Upper Shadows (%): []
    Lower Shadows (%): []
Volumes: []
==================================================
2025-05-15 07:25:07,749 - INFO - 
==================================================
EMA Cross Analysis - ORDI/USDT
Time: 2025-05-15 07:20:00+09:00
Type: dead
Cross Character (Current): Weak
Cross Character (New): Weak
Price at Cross: 11.593

1. Pre-Cross Pattern (15min):
EMA Distance Changes (%): ['0.019', '0.046', '0.016', '0.002']
EMA12 Changes (%): ['0.074', '0.055', '-0.050', '-0.032']
Price Changes (%): ['0.043', '-0.051', '-0.626', '0.069']
Candle Analysis:
    Body Sizes (%): ['0.043', '0.043', '0.626', '0.060']
    Upper Shadows (%): ['0.077', '0.206', '0.009', '0.242']
    Lower Shadows (%): ['0.154', '0.077', '0.223', '0.121']
Volumes: [np.float64(9703.0), np.float64(10753.1), np.float64(45532.2), np.float64(16078.4)]
2025-05-15 07:25:07,750 - INFO - 
2. Post-Cross Movement (30min):
5min Price Changes (%): ['-0.017']
Maximum Change: -0.017% after 5 minutes
Candle Analysis:
    Body Sizes (%): ['0.009']
    Upper Shadows (%): ['0.000']
    Lower Shadows (%): ['0.000']
Volumes: [np.float64(2.7)]
==================================================
2025-05-15 07:25:08,186 - INFO - 
==================================================
EMA Cross Analysis - XLM/USDT
Time: 2025-05-15 07:20:00+09:00
Type: dead
Cross Character (Current): Weak
Cross Character (New): Weak
Price at Cross: 0.3043

1. Pre-Cross Pattern (15min):
EMA Distance Changes (%): ['0.026', '0.021', '0.000', '0.016']
EMA12 Changes (%): ['0.007', '-0.006', '-0.038', '-0.032']
Price Changes (%): ['0.007', '-0.075', '-0.213', '0.000']
Candle Analysis:
    Body Sizes (%): ['0.010', '0.062', '0.200', '0.007']
    Upper Shadows (%): ['0.072', '0.039', '0.007', '0.164']
    Lower Shadows (%): ['0.102', '0.033', '0.089', '0.151']
Volumes: [np.float64(458528.0), np.float64(264195.0), np.float64(1335816.0), np.float64(743679.0)]
2025-05-15 07:25:08,186 - INFO - 
2. Post-Cross Movement (30min):
5min Price Changes (%): ['-0.003']
Maximum Change: -0.003% after 5 minutes
Candle Analysis:
    Body Sizes (%): ['0.000']
    Upper Shadows (%): ['0.000']
    Lower Shadows (%): ['0.007']
Volumes: [np.float64(3680.0)]
==================================================
2025-05-15 07:25:10,020 - INFO - 
==================================================
EMA Cross Analysis - ARPA/USDT
Time: 2025-05-15 07:20:00+09:00
Type: dead
Cross Character (Current): Weak
Cross Character (New): Weak
Price at Cross: 0.02752

1. Pre-Cross Pattern (15min):
EMA Distance Changes (%): ['0.010', '0.021', '0.006', '0.006']
EMA12 Changes (%): ['0.026', '0.022', '-0.026', '-0.022']
Price Changes (%): ['-0.181', '0.000', '-0.290', '0.000']
Candle Analysis:
    Body Sizes (%): ['0.181', '0.000', '0.290', '0.036']
    Upper Shadows (%): ['0.000', '0.072', '0.000', '0.073']
    Lower Shadows (%): ['0.000', '0.109', '0.036', '0.073']
Volumes: [np.float64(369256.0), np.float64(265057.0), np.float64(966257.0), np.float64(262860.0)]
2025-05-15 07:25:10,020 - INFO - 
2. Post-Cross Movement (30min):
5min Price Changes (%): ['0.000']
Maximum Change: 0.000% after 0 minutes
Candle Analysis:
    Body Sizes (%): ['0.000']
    Upper Shadows (%): ['0.000']
    Lower Shadows (%): ['0.000']
Volumes: [np.float64(0.0)]
==================================================
2025-05-15 07:25:11,113 - INFO - 
==================================================
EMA Cross Analysis - RENDER/USDT
Time: 2025-05-15 07:20:00+09:00
Type: dead
Cross Character (Current): Weak
Cross Character (New): Weak
Price at Cross: 5.12

1. Pre-Cross Pattern (15min):
EMA Distance Changes (%): ['0.038', '0.031', '0.020', '0.003']
EMA12 Changes (%): ['0.007', '-0.009', '-0.017', '-0.041']
Price Changes (%): ['-0.039', '-0.097', '-0.058', '-0.175']
Candle Analysis:
    Body Sizes (%): ['0.019', '0.117', '0.058', '0.195']
    Upper Shadows (%): ['0.058', '0.039', '0.000', '0.136']
    Lower Shadows (%): ['0.097', '0.039', '0.136', '0.039']
Volumes: [np.float64(17093.8), np.float64(7416.7), np.float64(10377.7), np.float64(9854.6)]
2025-05-15 07:25:11,113 - INFO - 
2. Post-Cross Movement (30min):
5min Price Changes (%): ['0.000']
Maximum Change: 0.000% after 0 minutes
Candle Analysis:
    Body Sizes (%): ['0.020']
    Upper Shadows (%): ['0.000']
    Lower Shadows (%): ['0.000']
Volumes: [np.float64(208.5)]
==================================================
2025-05-15 07:30:57,172 - INFO - 
==================================================
EMA Cross Analysis - WLD/USDT
Time: 2025-05-15 07:30:00+09:00
Type: dead
Cross Character (Current): Weak
Cross Character (New): Weak
Price at Cross: 1.2418

1. Pre-Cross Pattern (15min):
EMA Distance Changes (%): ['0.093', '0.047', '0.022', '0.003']
EMA12 Changes (%): ['-0.087', '-0.075', '-0.042', '-0.043']
Price Changes (%): ['-0.369', '-0.008', '0.137', '-0.048']
Candle Analysis:
    Body Sizes (%): ['0.369', '0.000', '0.137', '0.056']
    Upper Shadows (%): ['0.000', '0.097', '0.073', '0.000']
    Lower Shadows (%): ['0.177', '0.201', '0.056', '0.024']
Volumes: [np.float64(376895.0), np.float64(324220.0), np.float64(145109.0), np.float64(27129.0)]
2025-05-15 07:30:57,172 - INFO - 
2. Post-Cross Movement (30min):
5min Price Changes (%): []
Maximum Change: 0.000% after 0 minutes
Candle Analysis:
    Body Sizes (%): []
    Upper Shadows (%): []
    Lower Shadows (%): []
Volumes: []
==================================================
2025-05-15 07:35:30,061 - INFO - 
==================================================
EMA Cross Analysis - ACX/USDT
Time: 2025-05-15 07:35:00+09:00
Type: dead
Cross Character (Current): Weak
Cross Character (New): Weak
Price at Cross: 0.253

1. Pre-Cross Pattern (15min):
EMA Distance Changes (%): ['0.028', '0.022', '0.003', '0.014']
EMA12 Changes (%): ['-0.039', '-0.009', '-0.032', '-0.033']
Price Changes (%): ['-0.197', '0.158', '-0.158', '-0.040']
Candle Analysis:
    Body Sizes (%): ['0.236', '0.118', '0.158', '0.079']
    Upper Shadows (%): ['0.079', '0.079', '0.000', '0.000']
    Lower Shadows (%): ['0.000', '0.000', '0.039', '0.000']
Volumes: [np.float64(12319.7), np.float64(10646.7), np.float64(12243.0), np.float64(263.6)]
2025-05-15 07:35:30,061 - INFO - 
2. Post-Cross Movement (30min):
5min Price Changes (%): []
Maximum Change: 0.000% after 0 minutes
Candle Analysis:
    Body Sizes (%): []
    Upper Shadows (%): []
    Lower Shadows (%): []
Volumes: []
==================================================
2025-05-15 07:35:34,077 - INFO - 
==================================================
EMA Cross Analysis - XRP/USDT
Time: 2025-05-15 07:30:00+09:00
Type: dead
Cross Character (Current): Weak
Cross Character (New): Weak
Price at Cross: 2.5527

1. Pre-Cross Pattern (15min):
EMA Distance Changes (%): ['0.022', '0.015', '0.013', '0.002']
EMA12 Changes (%): ['-0.003', '-0.011', '-0.002', '-0.026']
Price Changes (%): ['-0.066', '-0.055', '0.047', '-0.160']
Candle Analysis:
    Body Sizes (%): ['0.063', '0.055', '0.043', '0.164']
    Upper Shadows (%): ['0.004', '0.168', '0.043', '0.008']
    Lower Shadows (%): ['0.078', '0.023', '0.059', '0.020']
Volumes: [np.float64(633068.1), np.float64(664381.1), np.float64(379384.3), np.float64(612473.3)]
2025-05-15 07:35:34,077 - INFO - 
2. Post-Cross Movement (30min):
5min Price Changes (%): ['-0.020']
Maximum Change: -0.020% after 5 minutes
Candle Analysis:
    Body Sizes (%): ['0.020']
    Upper Shadows (%): ['0.000']
    Lower Shadows (%): ['0.031']
Volumes: [np.float64(53779.7)]
==================================================
2025-05-15 07:35:34,293 - INFO - 
==================================================
EMA Cross Analysis - ADA/USDT
Time: 2025-05-15 07:30:00+09:00
Type: dead
Cross Character (Current): Weak
Cross Character (New): Weak
Price at Cross: 0.7975

1. Pre-Cross Pattern (15min):
EMA Distance Changes (%): ['0.043', '0.025', '0.017', '0.005']
EMA12 Changes (%): ['-0.016', '-0.029', '-0.011', '-0.040']
Price Changes (%): ['-0.137', '-0.100', '0.088', '-0.200']
Candle Analysis:
    Body Sizes (%): ['0.137', '0.100', '0.088', '0.213']
    Upper Shadows (%): ['0.037', '0.225', '0.063', '0.038']
    Lower Shadows (%): ['0.062', '0.038', '0.038', '0.000']
Volumes: [np.float64(1394126.0), np.float64(1022186.0), np.float64(780644.0), np.float64(644006.0)]
2025-05-15 07:35:34,293 - INFO - 
2. Post-Cross Movement (30min):
5min Price Changes (%): ['-0.038']
Maximum Change: -0.038% after 5 minutes
Candle Analysis:
    Body Sizes (%): ['0.038']
    Upper Shadows (%): ['0.000']
    Lower Shadows (%): ['0.025']
Volumes: [np.float64(229244.0)]
==================================================
2025-05-15 07:35:34,511 - INFO - 
==================================================
EMA Cross Analysis - WLD/USDT
Time: 2025-05-15 07:30:00+09:00
Type: dead
Cross Character (Current): Weak
Cross Character (New): Weak
Price at Cross: 1.2404

1. Pre-Cross Pattern (15min):
EMA Distance Changes (%): ['0.093', '0.047', '0.022', '0.012']
EMA12 Changes (%): ['-0.087', '-0.075', '-0.042', '-0.060']
Price Changes (%): ['-0.369', '-0.008', '0.137', '-0.161']
Candle Analysis:
    Body Sizes (%): ['0.369', '0.000', '0.137', '0.169']
    Upper Shadows (%): ['0.000', '0.097', '0.073', '0.000']
    Lower Shadows (%): ['0.177', '0.201', '0.056', '0.024']
Volumes: [np.float64(376895.0), np.float64(324220.0), np.float64(145109.0), np.float64(150549.0)]
2025-05-15 07:35:34,511 - INFO - 
2. Post-Cross Movement (30min):
5min Price Changes (%): ['-0.056']
Maximum Change: -0.056% after 5 minutes
Candle Analysis:
    Body Sizes (%): ['0.056']
    Upper Shadows (%): ['0.000']
    Lower Shadows (%): ['0.032']
Volumes: [np.float64(50897.0)]
==================================================
2025-05-15 07:40:07,505 - INFO - 
==================================================
EMA Cross Analysis - ACX/USDT
Time: 2025-05-15 07:35:00+09:00
Type: dead
Cross Character (Current): Weak
Cross Character (New): Weak
Price at Cross: 0.2525

1. Pre-Cross Pattern (15min):
EMA Distance Changes (%): ['0.028', '0.022', '0.003', '0.030']
EMA12 Changes (%): ['-0.039', '-0.009', '-0.032', '-0.063']
Price Changes (%): ['-0.197', '0.158', '-0.158', '-0.237']
Candle Analysis:
    Body Sizes (%): ['0.236', '0.118', '0.158', '0.276']
    Upper Shadows (%): ['0.079', '0.079', '0.000', '0.000']
    Lower Shadows (%): ['0.000', '0.000', '0.039', '0.000']
Volumes: [np.float64(12319.7), np.float64(10646.7), np.float64(12243.0), np.float64(24224.1)]
2025-05-15 07:40:07,505 - INFO - 
2. Post-Cross Movement (30min):
5min Price Changes (%): ['0.040']
Maximum Change: 0.040% after 5 minutes
Candle Analysis:
    Body Sizes (%): ['0.000']
    Upper Shadows (%): ['0.000']
    Lower Shadows (%): ['0.000']
Volumes: [np.float64(40.0)]
==================================================
2025-05-15 07:40:08,378 - INFO - 
==================================================
EMA Cross Analysis - ATOM/USDT
Time: 2025-05-15 07:40:00+09:00
Type: dead
Cross Character (Current): Weak
Cross Character (New): Weak
Price at Cross: 5.097

1. Pre-Cross Pattern (15min):
EMA Distance Changes (%): ['0.019', '0.012', '0.004', '0.003']
EMA12 Changes (%): ['0.006', '-0.010', '-0.014', '-0.012']
Price Changes (%): ['0.078', '-0.098', '-0.039', '0.000']
Candle Analysis:
    Body Sizes (%): ['0.078', '0.078', '0.020', '0.000']
    Upper Shadows (%): ['0.000', '0.039', '0.020', '0.000']
    Lower Shadows (%): ['0.020', '0.039', '0.078', '0.000']
Volumes: [np.float64(8055.9), np.float64(8833.16), np.float64(7437.45), np.float64(340.12)]
2025-05-15 07:40:08,378 - INFO - 
2. Post-Cross Movement (30min):
5min Price Changes (%): []
Maximum Change: 0.000% after 0 minutes
Candle Analysis:
    Body Sizes (%): []
    Upper Shadows (%): []
    Lower Shadows (%): []
Volumes: []
==================================================
2025-05-15 07:40:13,210 - INFO - 
==================================================
EMA Cross Analysis - SUI/USDT
Time: 2025-05-15 07:35:00+09:00
Type: dead
Cross Character (Current): Weak
Cross Character (New): Weak
Price at Cross: 3.916

1. Pre-Cross Pattern (15min):
EMA Distance Changes (%): ['0.074', '0.063', '0.029', '0.010']
EMA12 Changes (%): ['-0.030', '-0.010', '-0.058', '-0.070']
Price Changes (%): ['-0.127', '0.102', '-0.323', '-0.135']
Candle Analysis:
    Body Sizes (%): ['0.125', '0.104', '0.323', '0.138']
    Upper Shadows (%): ['0.058', '0.025', '0.036', '0.026']
    Lower Shadows (%): ['0.076', '0.066', '0.000', '0.056']
Volumes: [np.float64(254140.5), np.float64(202911.7), np.float64(361970.7), np.float64(302795.4)]
2025-05-15 07:40:13,211 - INFO - 
2. Post-Cross Movement (30min):
5min Price Changes (%): ['-0.033']
Maximum Change: -0.033% after 5 minutes
Candle Analysis:
    Body Sizes (%): ['0.043']
    Upper Shadows (%): ['0.000']
    Lower Shadows (%): ['0.008']
Volumes: [np.float64(4418.2)]
==================================================
2025-05-15 07:41:16,347 - INFO - 
==================================================
EMA Cross Analysis - BAN/USDT
Time: 2025-05-15 07:40:00+09:00
Type: dead
Cross Character (Current): Weak
Cross Character (New): Weak
Price at Cross: 0.0651

1. Pre-Cross Pattern (15min):
EMA Distance Changes (%): ['0.046', '0.041', '0.020', '0.001']
EMA12 Changes (%): ['0.035', '-0.003', '-0.036', '-0.037']
Price Changes (%): ['0.107', '-0.214', '-0.214', '-0.046']
Candle Analysis:
    Body Sizes (%): ['0.107', '0.214', '0.199', '0.015']
    Upper Shadows (%): ['0.061', '0.000', '0.000', '0.000']
    Lower Shadows (%): ['0.015', '0.061', '0.000', '0.092']
Volumes: [np.float64(33990.0), np.float64(26859.0), np.float64(35614.0), np.float64(41692.0)]
2025-05-15 07:41:16,348 - INFO - 
2. Post-Cross Movement (30min):
5min Price Changes (%): []
Maximum Change: 0.000% after 0 minutes
Candle Analysis:
    Body Sizes (%): []
    Upper Shadows (%): []
    Lower Shadows (%): []
Volumes: []
==================================================
2025-05-15 07:45:51,837 - INFO - 
==================================================
EMA Cross Analysis - BAN/USDT
Time: 2025-05-15 07:40:00+09:00
Type: dead
Cross Character (Current): Weak
Cross Character (New): Weak
Price at Cross: 0.06505

1. Pre-Cross Pattern (15min):
EMA Distance Changes (%): ['0.046', '0.041', '0.020', '0.007']
EMA12 Changes (%): ['0.035', '-0.003', '-0.036', '-0.049']
Price Changes (%): ['0.107', '-0.214', '-0.214', '-0.123']
Candle Analysis:
    Body Sizes (%): ['0.107', '0.214', '0.199', '0.092']
    Upper Shadows (%): ['0.061', '0.000', '0.000', '0.031']
    Lower Shadows (%): ['0.015', '0.061', '0.000', '0.015']
Volumes: [np.float64(33990.0), np.float64(26859.0), np.float64(35614.0), np.float64(53012.0)]
2025-05-15 07:45:51,837 - INFO - 
2. Post-Cross Movement (30min):
5min Price Changes (%): ['0.015']
Maximum Change: 0.015% after 5 minutes
Candle Analysis:
    Body Sizes (%): ['0.015']
    Upper Shadows (%): ['0.015']
    Lower Shadows (%): ['0.000']
Volumes: [np.float64(7879.0)]
==================================================
2025-05-15 07:45:53,798 - INFO - 
==================================================
EMA Cross Analysis - 1000PEPE/USDT
Time: 2025-05-15 07:45:00+09:00
Type: dead
Cross Character (Current): Weak
Cross Character (New): Weak
Price at Cross: 0.0138463

1. Pre-Cross Pattern (15min):
EMA Distance Changes (%): ['0.077', '0.042', '0.008', '0.016']
EMA12 Changes (%): ['-0.036', '-0.057', '-0.059', '-0.045']
Price Changes (%): ['-0.199', '-0.172', '-0.071', '0.030']
Candle Analysis:
    Body Sizes (%): ['0.201', '0.171', '0.087', '0.030']
    Upper Shadows (%): ['0.060', '0.000', '0.128', '0.117']
    Lower Shadows (%): ['0.078', '0.161', '0.014', '0.000']
Volumes: [np.float64(82757396.0), np.float64(95724994.0), np.float64(67977622.0), np.float64(4721156.0)]
2025-05-15 07:45:53,798 - INFO - 
2. Post-Cross Movement (30min):
5min Price Changes (%): []
Maximum Change: 0.000% after 0 minutes
Candle Analysis:
    Body Sizes (%): []
    Upper Shadows (%): []
    Lower Shadows (%): []
Volumes: []
==================================================
2025-05-15 07:45:54,889 - INFO - 
==================================================
EMA Cross Analysis - ATOM/USDT
Time: 2025-05-15 07:40:00+09:00
Type: dead
Cross Character (Current): Weak
Cross Character (New): Weak
Price at Cross: 5.092

1. Pre-Cross Pattern (15min):
EMA Distance Changes (%): ['0.019', '0.012', '0.004', '0.010']
EMA12 Changes (%): ['0.006', '-0.010', '-0.014', '-0.027']
Price Changes (%): ['0.078', '-0.098', '-0.039', '-0.098']
Candle Analysis:
    Body Sizes (%): ['0.078', '0.078', '0.020', '0.098']
    Upper Shadows (%): ['0.000', '0.039', '0.020', '0.000']
    Lower Shadows (%): ['0.020', '0.039', '0.078', '0.000']
Volumes: [np.float64(8055.9), np.float64(8833.16), np.float64(7437.45), np.float64(7103.34)]
2025-05-15 07:45:54,889 - INFO - 
2. Post-Cross Movement (30min):
5min Price Changes (%): ['0.000']
Maximum Change: 0.000% after 0 minutes
Candle Analysis:
    Body Sizes (%): ['0.000']
    Upper Shadows (%): ['0.059']
    Lower Shadows (%): ['0.000']
Volumes: [np.float64(3720.14)]
==================================================
2025-05-15 07:46:02,088 - INFO - 
==================================================
EMA Cross Analysis - VANA/USDT
Time: 2025-05-15 07:45:00+09:00
Type: dead
Cross Character (Current): Weak
Cross Character (New): Weak
Price at Cross: 6.506

1. Pre-Cross Pattern (15min):
EMA Distance Changes (%): ['0.026', '0.025', '0.004', '0.011']
EMA12 Changes (%): ['-0.009', '0.002', '-0.038', '-0.028']
Price Changes (%): ['-0.015', '0.061', '-0.261', '0.031']
Candle Analysis:
    Body Sizes (%): ['0.031', '0.077', '0.230', '0.015']
    Upper Shadows (%): ['0.046', '0.015', '0.000', '0.031']
    Lower Shadows (%): ['0.077', '0.061', '0.031', '0.000']
Volumes: [np.float64(2688.2), np.float64(5101.3), np.float64(2352.61), np.float64(916.87)]
2025-05-15 07:46:02,088 - INFO - 
2. Post-Cross Movement (30min):
5min Price Changes (%): []
Maximum Change: 0.000% after 0 minutes
Candle Analysis:
    Body Sizes (%): []
    Upper Shadows (%): []
    Lower Shadows (%): []
Volumes: []
==================================================
2025-05-15 07:50:31,274 - INFO - 
==================================================
EMA Cross Analysis - 1000PEPE/USDT
Time: 2025-05-15 07:45:00+09:00
Type: dead
Cross Character (Current): Weak
Cross Character (New): Weak
Price at Cross: 0.0137941

1. Pre-Cross Pattern (15min):
EMA Distance Changes (%): ['0.077', '0.042', '0.008', '0.046']
EMA12 Changes (%): ['-0.036', '-0.057', '-0.059', '-0.103']
Price Changes (%): ['-0.199', '-0.172', '-0.071', '-0.347']
Candle Analysis:
    Body Sizes (%): ['0.201', '0.171', '0.087', '0.347']
    Upper Shadows (%): ['0.060', '0.000', '0.128', '0.147']
    Lower Shadows (%): ['0.078', '0.161', '0.014', '0.030']
Volumes: [np.float64(82757396.0), np.float64(95724994.0), np.float64(67977622.0), np.float64(141056739.0)]
2025-05-15 07:50:31,274 - INFO - 
2. Post-Cross Movement (30min):
5min Price Changes (%): ['-0.082']
Maximum Change: -0.082% after 5 minutes
Candle Analysis:
    Body Sizes (%): ['0.081']
    Upper Shadows (%): ['0.011']
    Lower Shadows (%): ['0.016']
Volumes: [np.float64(48703141.0)]
==================================================
2025-05-15 07:50:39,547 - INFO - 
==================================================
EMA Cross Analysis - VANA/USDT
Time: 2025-05-15 07:45:00+09:00
Type: dead
Cross Character (Current): Weak
Cross Character (New): Weak
Price at Cross: 6.49

1. Pre-Cross Pattern (15min):
EMA Distance Changes (%): ['0.026', '0.025', '0.004', '0.031']
EMA12 Changes (%): ['-0.009', '0.002', '-0.038', '-0.066']
Price Changes (%): ['-0.015', '0.061', '-0.261', '-0.215']
Candle Analysis:
    Body Sizes (%): ['0.031', '0.077', '0.230', '0.231']
    Upper Shadows (%): ['0.046', '0.015', '0.000', '0.046']
    Lower Shadows (%): ['0.077', '0.061', '0.031', '0.000']
Volumes: [np.float64(2688.2), np.float64(5101.3), np.float64(2352.61), np.float64(4838.97)]
2025-05-15 07:50:39,547 - INFO - 
2. Post-Cross Movement (30min):
5min Price Changes (%): ['-0.062']
Maximum Change: -0.062% after 5 minutes
Candle Analysis:
    Body Sizes (%): ['0.062']
    Upper Shadows (%): ['0.000']
    Lower Shadows (%): ['0.046']
Volumes: [np.float64(959.66)]
==================================================
2025-05-15 08:00:57,384 - INFO - 
==================================================
EMA Cross Analysis - TNSR/USDT
Time: 2025-05-15 08:00:00+09:00
Type: golden
Cross Character (Current): Weak
Cross Character (New): Weak
Price at Cross: 0.1784

1. Pre-Cross Pattern (15min):
EMA Distance Changes (%): ['0.037', '0.028', '0.003', '0.030']
EMA12 Changes (%): ['-0.017', '0.012', '0.044', '0.064']
Price Changes (%): ['-0.169', '0.169', '0.225', '0.168']
Candle Analysis:
    Body Sizes (%): ['0.169', '0.113', '0.169', '0.168']
    Upper Shadows (%): ['0.169', '0.000', '0.056', '0.000']
    Lower Shadows (%): ['0.113', '0.113', '0.000', '0.000']
Volumes: [np.float64(77272.1), np.float64(26528.8), np.float64(36371.5), np.float64(23036.8)]
2025-05-15 08:00:57,384 - INFO - 
2. Post-Cross Movement (30min):
5min Price Changes (%): []
Maximum Change: 0.000% after 0 minutes
Candle Analysis:
    Body Sizes (%): []
    Upper Shadows (%): []
    Lower Shadows (%): []
Volumes: []
==================================================
2025-05-15 08:05:34,705 - INFO - 
==================================================
EMA Cross Analysis - TNSR/USDT
Time: 2025-05-15 08:00:00+09:00
Type: golden
Cross Character (Current): Weak
Cross Character (New): Weak
Price at Cross: 0.1788

1. Pre-Cross Pattern (15min):
EMA Distance Changes (%): ['0.037', '0.028', '0.003', '0.048']
EMA12 Changes (%): ['-0.017', '0.012', '0.044', '0.098']
Price Changes (%): ['-0.169', '0.169', '0.225', '0.393']
Candle Analysis:
    Body Sizes (%): ['0.169', '0.113', '0.169', '0.393']
    Upper Shadows (%): ['0.169', '0.000', '0.056', '0.056']
    Lower Shadows (%): ['0.113', '0.113', '0.000', '0.000']
Volumes: [np.float64(77272.1), np.float64(26528.8), np.float64(36371.5), np.float64(87773.4)]
2025-05-15 08:05:34,705 - INFO - 
2. Post-Cross Movement (30min):
5min Price Changes (%): ['0.000']
Maximum Change: 0.000% after 0 minutes
Candle Analysis:
    Body Sizes (%): ['0.056']
    Upper Shadows (%): ['0.000']
    Lower Shadows (%): ['0.056']
Volumes: [np.float64(8228.1)]
==================================================
2025-05-15 08:40:09,568 - INFO - 
==================================================
EMA Cross Analysis - DOGS/USDT
Time: 2025-05-15 08:35:00+09:00
Type: golden
Cross Character (Current): Weak
Cross Character (New): Weak
Price at Cross: 0.0002244

1. Pre-Cross Pattern (15min):
EMA Distance Changes (%): ['0.164', '0.111', '0.070', '0.013']
EMA12 Changes (%): ['-0.091', '0.076', '0.064', '0.151']
Price Changes (%): ['-0.406', '0.996', '0.000', '0.628']
Candle Analysis:
    Body Sizes (%): ['0.451', '0.951', '0.000', '0.583']
    Upper Shadows (%): ['0.090', '0.181', '0.224', '0.090']
    Lower Shadows (%): ['0.135', '0.000', '0.135', '0.000']
Volumes: [np.float64(153858471.0), np.float64(302634615.0), np.float64(285606605.0), np.float64(500422884.0)]
2025-05-15 08:40:09,569 - INFO - 
2. Post-Cross Movement (30min):
5min Price Changes (%): ['-0.178']
Maximum Change: -0.178% after 5 minutes
Candle Analysis:
    Body Sizes (%): ['0.178']
    Upper Shadows (%): ['0.000']
    Lower Shadows (%): ['0.000']
Volumes: [np.float64(19240191.0)]
==================================================
2025-05-15 08:45:57,994 - INFO - 
==================================================
EMA Cross Analysis - 1000PEPE/USDT
Time: 2025-05-15 08:40:00+09:00
Type: golden
Cross Character (Current): Weak
Cross Character (New): Weak
Price at Cross: 0.0139281

1. Pre-Cross Pattern (15min):
EMA Distance Changes (%): ['0.074', '0.076', '0.039', '0.001']
EMA12 Changes (%): ['0.021', '-0.015', '0.061', '0.071']
Price Changes (%): ['0.666', '-0.212', '0.480', '0.127']
Candle Analysis:
    Body Sizes (%): ['0.667', '0.213', '0.480', '0.134']
    Upper Shadows (%): ['0.051', '0.036', '0.069', '0.156']
    Lower Shadows (%): ['0.063', '0.171', '0.000', '0.212']
Volumes: [np.float64(107468228.0), np.float64(99743252.0), np.float64(118833581.0), np.float64(212171574.0)]
2025-05-15 08:45:57,994 - INFO - 
2. Post-Cross Movement (30min):
5min Price Changes (%): ['0.024']
Maximum Change: 0.024% after 5 minutes
Candle Analysis:
    Body Sizes (%): ['0.024']
    Upper Shadows (%): ['0.062']
    Lower Shadows (%): ['0.006']
Volumes: [np.float64(17945277.0)]
==================================================
2025-05-15 08:46:01,356 - INFO - 
==================================================
EMA Cross Analysis - BNB/USDT
Time: 2025-05-15 08:45:00+09:00
Type: golden
Cross Character (Current): Weak
Cross Character (New): Weak
Price at Cross: 652.44

1. Pre-Cross Pattern (15min):
EMA Distance Changes (%): ['0.025', '0.013', '0.002', '0.007']
EMA12 Changes (%): ['0.012', '0.021', '0.019', '0.017']
Price Changes (%): ['0.034', '0.067', '0.011', '0.002']
Candle Analysis:
    Body Sizes (%): ['0.035', '0.066', '0.011', '0.000']
    Upper Shadows (%): ['0.012', '0.026', '0.048', '0.025']
    Lower Shadows (%): ['0.028', '0.002', '0.043', '0.002']
Volumes: [np.float64(956.24), np.float64(410.22), np.float64(1378.3), np.float64(79.26)]
2025-05-15 08:46:01,356 - INFO - 
2. Post-Cross Movement (30min):
5min Price Changes (%): []
Maximum Change: 0.000% after 0 minutes
Candle Analysis:
    Body Sizes (%): []
    Upper Shadows (%): []
    Lower Shadows (%): []
Volumes: []
==================================================
2025-05-15 08:50:33,476 - INFO - 
==================================================
EMA Cross Analysis - BAN/USDT
Time: 2025-05-15 08:45:00+09:00
Type: golden
Cross Character (Current): Weak
Cross Character (New): Weak
Price at Cross: 0.06527

1. Pre-Cross Pattern (15min):
EMA Distance Changes (%): ['0.064', '0.033', '0.012', '0.005']
EMA12 Changes (%): ['0.032', '0.051', '0.036', '0.033']
Price Changes (%): ['0.169', '0.153', '-0.046', '0.015']
Candle Analysis:
    Body Sizes (%): ['0.154', '0.138', '0.046', '0.046']
    Upper Shadows (%): ['0.046', '0.153', '0.107', '0.000']
    Lower Shadows (%): ['0.061', '0.000', '0.000', '0.061']
Volumes: [np.float64(51951.0), np.float64(64340.0), np.float64(43678.0), np.float64(10431.0)]
2025-05-15 08:50:33,476 - INFO - 
2. Post-Cross Movement (30min):
5min Price Changes (%): ['-0.169']
Maximum Change: -0.169% after 5 minutes
Candle Analysis:
    Body Sizes (%): ['0.169']
    Upper Shadows (%): ['0.000']
    Lower Shadows (%): ['0.015']
Volumes: [np.float64(4132.0)]
==================================================
2025-05-15 08:50:35,875 - INFO - 
==================================================
EMA Cross Analysis - LINK/USDT
Time: 2025-05-15 08:50:00+09:00
Type: golden
Cross Character (Current): Weak
Cross Character (New): Weak
Price at Cross: 16.972

1. Pre-Cross Pattern (15min):
EMA Distance Changes (%): ['0.100', '0.067', '0.025', '0.003']
EMA12 Changes (%): ['0.052', '0.049', '0.072', '0.051']
Price Changes (%): ['0.136', '0.030', '0.201', '-0.065']
Candle Analysis:
    Body Sizes (%): ['0.142', '0.030', '0.207', '0.059']
    Upper Shadows (%): ['0.136', '0.142', '0.047', '0.000']
    Lower Shadows (%): ['0.000', '0.094', '0.024', '0.012']
Volumes: [np.float64(40317.98), np.float64(38315.04), np.float64(25714.16), np.float64(4790.65)]
2025-05-15 08:50:35,875 - INFO - 
2. Post-Cross Movement (30min):
5min Price Changes (%): []
Maximum Change: 0.000% after 0 minutes
Candle Analysis:
    Body Sizes (%): []
    Upper Shadows (%): []
    Lower Shadows (%): []
Volumes: []
==================================================
2025-05-15 08:50:38,804 - INFO - 
==================================================
EMA Cross Analysis - BNB/USDT
Time: 2025-05-15 08:45:00+09:00
Type: golden
Cross Character (Current): Weak
Cross Character (New): Weak
Price at Cross: 652.69

1. Pre-Cross Pattern (15min):
EMA Distance Changes (%): ['0.025', '0.013', '0.002', '0.010']
EMA12 Changes (%): ['0.012', '0.021', '0.019', '0.023']
Price Changes (%): ['0.034', '0.067', '0.011', '0.040']
Candle Analysis:
    Body Sizes (%): ['0.035', '0.066', '0.011', '0.038']
    Upper Shadows (%): ['0.012', '0.026', '0.048', '0.002']
    Lower Shadows (%): ['0.028', '0.002', '0.043', '0.002']
Volumes: [np.float64(956.24), np.float64(410.22), np.float64(1378.3), np.float64(375.06)]
2025-05-15 08:50:38,804 - INFO - 
2. Post-Cross Movement (30min):
5min Price Changes (%): ['-0.032']
Maximum Change: -0.032% after 5 minutes
Candle Analysis:
    Body Sizes (%): ['0.032']
    Upper Shadows (%): ['0.000']
    Lower Shadows (%): ['0.000']
Volumes: [np.float64(77.71)]
==================================================
2025-05-15 08:50:43,948 - INFO - 
==================================================
EMA Cross Analysis - MELANIA/USDT
Time: 2025-05-15 08:50:00+09:00
Type: golden
Cross Character (Current): Weak
Cross Character (New): Weak
Price at Cross: 0.3998

1. Pre-Cross Pattern (15min):
EMA Distance Changes (%): ['0.128', '0.073', '0.019', '0.013']
EMA12 Changes (%): ['0.040', '0.088', '0.093', '0.060']
Price Changes (%): ['0.126', '0.351', '0.125', '-0.125']
Candle Analysis:
    Body Sizes (%): ['0.126', '0.402', '0.125', '0.125']
    Upper Shadows (%): ['0.151', '0.477', '0.200', '0.050']
    Lower Shadows (%): ['0.101', '0.100', '0.050', '0.025']
Volumes: [np.float64(43418.65), np.float64(520711.05), np.float64(103848.25), np.float64(20677.45)]
2025-05-15 08:50:43,949 - INFO - 
2. Post-Cross Movement (30min):
5min Price Changes (%): []
Maximum Change: 0.000% after 0 minutes
Candle Analysis:
    Body Sizes (%): []
    Upper Shadows (%): []
    Lower Shadows (%): []
Volumes: []
==================================================
2025-05-15 08:55:13,339 - INFO - 
==================================================
EMA Cross Analysis - LINK/USDT
Time: 2025-05-15 08:50:00+09:00
Type: golden
Cross Character (Current): Weak
Cross Character (New): Weak
Price at Cross: 16.997

1. Pre-Cross Pattern (15min):
EMA Distance Changes (%): ['0.100', '0.067', '0.025', '0.015']
EMA12 Changes (%): ['0.052', '0.049', '0.072', '0.074']
Price Changes (%): ['0.136', '0.030', '0.201', '0.082']
Candle Analysis:
    Body Sizes (%): ['0.142', '0.030', '0.207', '0.088']
    Upper Shadows (%): ['0.136', '0.142', '0.047', '0.053']
    Lower Shadows (%): ['0.000', '0.094', '0.024', '0.077']
Volumes: [np.float64(40317.98), np.float64(38315.04), np.float64(25714.16), np.float64(25540.23)]
2025-05-15 08:55:13,340 - INFO - 
2. Post-Cross Movement (30min):
5min Price Changes (%): ['0.065']
Maximum Change: 0.065% after 5 minutes
Candle Analysis:
    Body Sizes (%): ['0.065']
    Upper Shadows (%): ['0.000']
    Lower Shadows (%): ['0.000']
Volumes: [np.float64(2832.78)]
==================================================
2025-05-15 08:55:17,362 - INFO - 
==================================================
EMA Cross Analysis - ADA/USDT
Time: 2025-05-15 08:55:00+09:00
Type: golden
Cross Character (Current): Weak
Cross Character (New): Weak
Price at Cross: 0.7997

1. Pre-Cross Pattern (15min):
EMA Distance Changes (%): ['0.071', '0.038', '0.013', '0.011']
EMA12 Changes (%): ['0.041', '0.054', '0.044', '0.045']
Price Changes (%): ['0.013', '0.125', '-0.013', '0.050']
Candle Analysis:
    Body Sizes (%): ['0.013', '0.138', '0.013', '0.050']
    Upper Shadows (%): ['0.125', '0.050', '0.038', '0.013']
    Lower Shadows (%): ['0.088', '0.000', '0.063', '0.013']
Volumes: [np.float64(855624.0), np.float64(907712.0), np.float64(482194.0), np.float64(90899.0)]
2025-05-15 08:55:17,362 - INFO - 
2. Post-Cross Movement (30min):
5min Price Changes (%): []
Maximum Change: 0.000% after 0 minutes
Candle Analysis:
    Body Sizes (%): []
    Upper Shadows (%): []
    Lower Shadows (%): []
Volumes: []
==================================================
2025-05-15 08:55:18,453 - INFO - 
==================================================
EMA Cross Analysis - ATA/USDT
Time: 2025-05-15 08:55:00+09:00
Type: golden
Cross Character (Current): Weak
Cross Character (New): Weak
Price at Cross: 0.0684

1. Pre-Cross Pattern (15min):
EMA Distance Changes (%): ['0.162', '0.140', '0.025', '0.075']
EMA12 Changes (%): ['0.024', '0.020', '0.200', '0.191']
Price Changes (%): ['0.000', '0.000', '1.185', '0.146']
Candle Analysis:
    Body Sizes (%): ['0.000', '0.148', '1.185', '0.146']
    Upper Shadows (%): ['0.148', '0.148', '1.481', '0.146']
    Lower Shadows (%): ['0.148', '0.148', '0.000', '0.293']
Volumes: [np.float64(24929.0), np.float64(53823.0), np.float64(2632275.0), np.float64(382506.0)]
2025-05-15 08:55:18,453 - INFO - 
2. Post-Cross Movement (30min):
5min Price Changes (%): []
Maximum Change: 0.000% after 0 minutes
Candle Analysis:
    Body Sizes (%): []
    Upper Shadows (%): []
    Lower Shadows (%): []
Volumes: []
==================================================
2025-05-15 08:55:19,492 - INFO - 
==================================================
EMA Cross Analysis - GOAT/USDT
Time: 2025-05-15 08:55:00+09:00
Type: golden
Cross Character (Current): Weak
Cross Character (New): Weak
Price at Cross: 0.19098

1. Pre-Cross Pattern (15min):
EMA Distance Changes (%): ['0.064', '0.037', '0.005', '0.044']
EMA12 Changes (%): ['0.050', '0.042', '0.057', '0.093']
Price Changes (%): ['-0.205', '0.000', '0.142', '0.289']
Candle Analysis:
    Body Sizes (%): ['0.205', '0.000', '0.179', '0.289']
    Upper Shadows (%): ['0.105', '0.179', '0.305', '0.042']
    Lower Shadows (%): ['0.409', '0.321', '0.352', '0.026']
Volumes: [np.float64(939517.0), np.float64(474907.0), np.float64(1212453.0), np.float64(112695.0)]
2025-05-15 08:55:19,492 - INFO - 
2. Post-Cross Movement (30min):
5min Price Changes (%): []
Maximum Change: 0.000% after 0 minutes
Candle Analysis:
    Body Sizes (%): []
    Upper Shadows (%): []
    Lower Shadows (%): []
Volumes: []
==================================================
2025-05-15 08:55:19,708 - INFO - 
==================================================
EMA Cross Analysis - HIVE/USDT
Time: 2025-05-15 08:55:00+09:00
Type: golden
Cross Character (Current): Weak
Cross Character (New): Weak
Price at Cross: 0.2702

1. Pre-Cross Pattern (15min):
EMA Distance Changes (%): ['0.053', '0.033', '0.013', '0.007']
EMA12 Changes (%): ['0.011', '0.030', '0.035', '0.036']
Price Changes (%): ['-0.137', '0.130', '0.067', '0.041']
Candle Analysis:
    Body Sizes (%): ['0.141', '0.130', '0.078', '0.030']
    Upper Shadows (%): ['0.030', '0.052', '0.041', '0.000']
    Lower Shadows (%): ['0.000', '0.015', '0.026', '0.000']
Volumes: [np.float64(49909.0), np.float64(18646.0), np.float64(29066.0), np.float64(793.0)]
2025-05-15 08:55:19,708 - INFO - 
2. Post-Cross Movement (30min):
5min Price Changes (%): []
Maximum Change: 0.000% after 0 minutes
Candle Analysis:
    Body Sizes (%): []
    Upper Shadows (%): []
    Lower Shadows (%): []
Volumes: []
==================================================
2025-05-15 08:55:21,406 - INFO - 
==================================================
EMA Cross Analysis - MELANIA/USDT
Time: 2025-05-15 08:50:00+09:00
Type: golden
Cross Character (Current): Weak
Cross Character (New): Weak
Price at Cross: 0.4004

1. Pre-Cross Pattern (15min):
EMA Distance Changes (%): ['0.128', '0.073', '0.019', '0.025']
EMA12 Changes (%): ['0.040', '0.088', '0.093', '0.083']
Price Changes (%): ['0.126', '0.351', '0.125', '0.025']
Candle Analysis:
    Body Sizes (%): ['0.126', '0.402', '0.125', '0.025']
    Upper Shadows (%): ['0.151', '0.477', '0.200', '0.050']
    Lower Shadows (%): ['0.101', '0.100', '0.050', '0.275']
Volumes: [np.float64(43418.65), np.float64(520711.05), np.float64(103848.25), np.float64(71908.99)]
2025-05-15 08:55:21,406 - INFO - 
2. Post-Cross Movement (30min):
5min Price Changes (%): ['0.100']
Maximum Change: 0.100% after 5 minutes
Candle Analysis:
    Body Sizes (%): ['0.100']
    Upper Shadows (%): ['0.000']
    Lower Shadows (%): ['0.050']
Volumes: [np.float64(9791.76)]
==================================================
2025-05-15 09:01:00,714 - INFO - 
==================================================
EMA Cross Analysis - ORDI/USDT
Time: 2025-05-15 09:00:00+09:00
Type: golden
Cross Character (Current): Weak
Cross Character (New): Weak
Price at Cross: 11.611

1. Pre-Cross Pattern (15min):
EMA Distance Changes (%): ['0.138', '0.100', '0.042', '0.000']
EMA12 Changes (%): ['0.006', '0.053', '0.097', '0.076']
Price Changes (%): ['-0.138', '0.312', '0.337', '-0.034']
Candle Analysis:
    Body Sizes (%): ['0.138', '0.303', '0.337', '0.043']
    Upper Shadows (%): ['0.026', '0.043', '0.000', '0.129']
    Lower Shadows (%): ['0.147', '0.139', '0.000', '0.069']
Volumes: [np.float64(12072.0), np.float64(7255.5), np.float64(22631.2), np.float64(11517.7)]
2025-05-15 09:01:00,715 - INFO - 
2. Post-Cross Movement (30min):
5min Price Changes (%): []
Maximum Change: 0.000% after 0 minutes
Candle Analysis:
    Body Sizes (%): []
    Upper Shadows (%): []
    Lower Shadows (%): []
Volumes: []
==================================================
2025-05-15 09:01:03,630 - INFO - 
==================================================
EMA Cross Analysis - ADA/USDT
Time: 2025-05-15 09:00:00+09:00
Type: golden
Cross Character (Current): Weak
Cross Character (New): Weak
Price at Cross: 0.7981

1. Pre-Cross Pattern (15min):
EMA Distance Changes (%): ['0.038', '0.013', '0.004', '0.002']
EMA12 Changes (%): ['0.054', '0.044', '0.014', '0.012']
Price Changes (%): ['0.125', '-0.013', '-0.150', '0.000']
Candle Analysis:
    Body Sizes (%): ['0.138', '0.013', '0.150', '0.013']
    Upper Shadows (%): ['0.050', '0.038', '0.063', '0.075']
    Lower Shadows (%): ['0.000', '0.063', '0.025', '0.013']
Volumes: [np.float64(907712.0), np.float64(482194.0), np.float64(1039497.0), np.float64(336665.0)]
2025-05-15 09:01:03,630 - INFO - 
2. Post-Cross Movement (30min):
5min Price Changes (%): []
Maximum Change: 0.000% after 0 minutes
Candle Analysis:
    Body Sizes (%): []
    Upper Shadows (%): []
    Lower Shadows (%): []
Volumes: []
==================================================
2025-05-15 09:01:04,722 - INFO - 
==================================================
EMA Cross Analysis - ATA/USDT
Time: 2025-05-15 08:55:00+09:00
Type: golden
Cross Character (Current): Weak
Cross Character (New): Weak
Price at Cross: 0.0686

1. Pre-Cross Pattern (15min):
EMA Distance Changes (%): ['0.162', '0.140', '0.025', '0.098']
EMA12 Changes (%): ['0.024', '0.020', '0.200', '0.237']
Price Changes (%): ['0.000', '0.000', '1.185', '0.439']
Candle Analysis:
    Body Sizes (%): ['0.000', '0.148', '1.185', '0.439']
    Upper Shadows (%): ['0.148', '0.148', '1.481', '0.439']
    Lower Shadows (%): ['0.148', '0.148', '0.000', '0.293']
Volumes: [np.float64(24929.0), np.float64(53823.0), np.float64(2632275.0), np.float64(1356128.0)]
2025-05-15 09:01:04,722 - INFO - 
2. Post-Cross Movement (30min):
5min Price Changes (%): ['-0.729']
Maximum Change: -0.729% after 5 minutes
Candle Analysis:
    Body Sizes (%): ['0.584']
    Upper Shadows (%): ['0.000']
    Lower Shadows (%): ['0.146']
Volumes: [np.float64(322762.0)]
==================================================
2025-05-15 09:01:05,984 - INFO - 
==================================================
EMA Cross Analysis - HIVE/USDT
Time: 2025-05-15 09:00:00+09:00
Type: golden
Cross Character (Current): Weak
Cross Character (New): Weak
Price at Cross: 0.2698

1. Pre-Cross Pattern (15min):
EMA Distance Changes (%): ['0.033', '0.013', '0.003', '0.003']
EMA12 Changes (%): ['0.030', '0.035', '0.017', '0.011']
Price Changes (%): ['0.130', '0.067', '-0.081', '-0.026']
Candle Analysis:
    Body Sizes (%): ['0.130', '0.078', '0.093', '0.030']
    Upper Shadows (%): ['0.052', '0.041', '0.030', '0.022']
    Lower Shadows (%): ['0.015', '0.026', '0.048', '0.000']
Volumes: [np.float64(18646.0), np.float64(29066.0), np.float64(20086.0), np.float64(11637.0)]
2025-05-15 09:01:05,984 - INFO - 
2. Post-Cross Movement (30min):
5min Price Changes (%): []
Maximum Change: 0.000% after 0 minutes
Candle Analysis:
    Body Sizes (%): []
    Upper Shadows (%): []
    Lower Shadows (%): []
Volumes: []
==================================================
2025-05-15 09:05:34,923 - INFO - 
==================================================
EMA Cross Analysis - BOME/USDT
Time: 2025-05-15 09:05:00+09:00
Type: golden
Cross Character (Current): Weak
Cross Character (New): Weak
Price at Cross: 0.002676

1. Pre-Cross Pattern (15min):
EMA Distance Changes (%): ['0.139', '0.075', '0.006', '0.045']
EMA12 Changes (%): ['0.082', '0.104', '0.123', '0.098']
Price Changes (%): ['0.113', '0.225', '0.225', '-0.037']
Candle Analysis:
    Body Sizes (%): ['0.113', '0.225', '0.225', '0.075']
    Upper Shadows (%): ['0.113', '0.150', '0.524', '0.149']
    Lower Shadows (%): ['0.263', '0.038', '0.187', '0.037']
Volumes: [np.float64(45832773.0), np.float64(65654301.0), np.float64(186170526.0), np.float64(14634291.0)]
2025-05-15 09:05:34,923 - INFO - 
2. Post-Cross Movement (30min):
5min Price Changes (%): []
Maximum Change: 0.000% after 0 minutes
Candle Analysis:
    Body Sizes (%): []
    Upper Shadows (%): []
    Lower Shadows (%): []
Volumes: []
==================================================
2025-05-15 09:05:38,194 - INFO - 
==================================================
EMA Cross Analysis - ORDI/USDT
Time: 2025-05-15 09:00:00+09:00
Type: golden
Cross Character (Current): Weak
Cross Character (New): Weak
Price at Cross: 11.662

1. Pre-Cross Pattern (15min):
EMA Distance Changes (%): ['0.138', '0.100', '0.042', '0.035']
EMA12 Changes (%): ['0.006', '0.053', '0.097', '0.144']
Price Changes (%): ['-0.138', '0.312', '0.337', '0.405']
Candle Analysis:
    Body Sizes (%): ['0.138', '0.303', '0.337', '0.396']
    Upper Shadows (%): ['0.026', '0.043', '0.000', '0.043']
    Lower Shadows (%): ['0.147', '0.139', '0.000', '0.465']
Volumes: [np.float64(12072.0), np.float64(7255.5), np.float64(22631.2), np.float64(45865.5)]
2025-05-15 09:05:38,194 - INFO - 
2. Post-Cross Movement (30min):
5min Price Changes (%): ['-0.086']
Maximum Change: -0.086% after 5 minutes
Candle Analysis:
    Body Sizes (%): ['0.094']
    Upper Shadows (%): ['0.077']
    Lower Shadows (%): ['0.009']
Volumes: [np.float64(1659.9)]
==================================================
2025-05-15 09:05:38,411 - INFO - 
==================================================
EMA Cross Analysis - DOGE/USDT
Time: 2025-05-15 09:00:00+09:00
Type: golden
Cross Character (Current): Weak
Cross Character (New): Weak
Price at Cross: 0.23331

1. Pre-Cross Pattern (15min):
EMA Distance Changes (%): ['0.064', '0.049', '0.033', '0.003']
EMA12 Changes (%): ['0.043', '0.021', '0.025', '0.063']
Price Changes (%): ['0.189', '-0.103', '0.047', '0.275']
Candle Analysis:
    Body Sizes (%): ['0.185', '0.103', '0.047', '0.271']
    Upper Shadows (%): ['0.052', '0.026', '0.077', '0.138']
    Lower Shadows (%): ['0.013', '0.069', '0.039', '0.064']
Volumes: [np.float64(4891869.0), np.float64(4742406.0), np.float64(6978366.0), np.float64(22851038.0)]
2025-05-15 09:05:38,411 - INFO - 
2. Post-Cross Movement (30min):
5min Price Changes (%): ['0.026']
Maximum Change: 0.026% after 5 minutes
Candle Analysis:
    Body Sizes (%): ['0.026']
    Upper Shadows (%): ['0.060']
    Lower Shadows (%): ['0.000']
Volumes: [np.float64(1392999.0)]
==================================================
2025-05-15 09:05:41,127 - INFO - 
==================================================
EMA Cross Analysis - ADA/USDT
Time: 2025-05-15 09:00:00+09:00
Type: golden
Cross Character (Current): Weak
Cross Character (New): Weak
Price at Cross: 0.8002

1. Pre-Cross Pattern (15min):
EMA Distance Changes (%): ['0.038', '0.013', '0.004', '0.023']
EMA12 Changes (%): ['0.054', '0.044', '0.014', '0.052']
Price Changes (%): ['0.125', '-0.013', '-0.150', '0.263']
Candle Analysis:
    Body Sizes (%): ['0.138', '0.013', '0.150', '0.251']
    Upper Shadows (%): ['0.050', '0.038', '0.063', '0.063']
    Lower Shadows (%): ['0.000', '0.063', '0.025', '0.038']
Volumes: [np.float64(907712.0), np.float64(482194.0), np.float64(1039497.0), np.float64(1340897.0)]
2025-05-15 09:05:41,127 - INFO - 
2. Post-Cross Movement (30min):
5min Price Changes (%): ['0.025']
Maximum Change: 0.025% after 5 minutes
Candle Analysis:
    Body Sizes (%): ['0.037']
    Upper Shadows (%): ['0.037']
    Lower Shadows (%): ['0.000']
Volumes: [np.float64(252814.0)]
==================================================
2025-05-15 09:05:42,609 - INFO - 
==================================================
EMA Cross Analysis - SUI/USDT
Time: 2025-05-15 09:05:00+09:00
Type: golden
Cross Character (Current): Weak
Cross Character (New): Weak
Price at Cross: 3.9339

1. Pre-Cross Pattern (15min):
EMA Distance Changes (%): ['0.082', '0.074', '0.028', '0.009']
EMA12 Changes (%): ['0.016', '0.002', '0.079', '0.068']
Price Changes (%): ['-0.166', '-0.071', '0.501', '0.008']
Candle Analysis:
    Body Sizes (%): ['0.163', '0.071', '0.490', '0.008']
    Upper Shadows (%): ['0.020', '0.077', '0.049', '0.092']
    Lower Shadows (%): ['0.018', '0.026', '0.000', '0.008']
Volumes: [np.float64(198303.5), np.float64(232308.1), np.float64(1213542.8), np.float64(111546.7)]
2025-05-15 09:05:42,609 - INFO - 
2. Post-Cross Movement (30min):
5min Price Changes (%): []
Maximum Change: 0.000% after 0 minutes
Candle Analysis:
    Body Sizes (%): []
    Upper Shadows (%): []
    Lower Shadows (%): []
Volumes: []
==================================================
2025-05-15 09:05:43,528 - INFO - 
==================================================
EMA Cross Analysis - HIVE/USDT
Time: 2025-05-15 09:00:00+09:00
Type: golden
Cross Character (Current): Weak
Cross Character (New): Weak
Price at Cross: 0.27403

1. Pre-Cross Pattern (15min):
EMA Distance Changes (%): ['0.033', '0.013', '0.003', '0.126']
EMA12 Changes (%): ['0.030', '0.035', '0.017', '0.252']
Price Changes (%): ['0.130', '0.067', '-0.081', '1.541']
Candle Analysis:
    Body Sizes (%): ['0.130', '0.078', '0.093', '1.538']
    Upper Shadows (%): ['0.052', '0.041', '0.030', '0.345']
    Lower Shadows (%): ['0.015', '0.026', '0.048', '0.141']
Volumes: [np.float64(18646.0), np.float64(29066.0), np.float64(20086.0), np.float64(1487337.0)]
2025-05-15 09:05:43,529 - INFO - 
2. Post-Cross Movement (30min):
5min Price Changes (%): ['-0.128']
Maximum Change: -0.128% after 5 minutes
Candle Analysis:
    Body Sizes (%): ['0.128']
    Upper Shadows (%): ['0.066']
    Lower Shadows (%): ['0.175']
Volumes: [np.float64(643379.0)]
==================================================
2025-05-15 09:05:44,620 - INFO - 
==================================================
EMA Cross Analysis - BRETT/USDT
Time: 2025-05-15 09:05:00+09:00
Type: golden
Cross Character (Current): Weak
Cross Character (New): Weak
Price at Cross: 0.07529

1. Pre-Cross Pattern (15min):
EMA Distance Changes (%): ['0.118', '0.085', '0.016', '0.042']
EMA12 Changes (%): ['0.049', '0.048', '0.121', '0.110']
Price Changes (%): ['0.013', '0.040', '0.521', '0.053']
Candle Analysis:
    Body Sizes (%): ['0.013', '0.094', '0.508', '0.066']
    Upper Shadows (%): ['0.094', '0.107', '0.147', '0.093']
    Lower Shadows (%): ['0.521', '0.067', '0.307', '0.080']
Volumes: [np.float64(644309.0), np.float64(1016686.0), np.float64(1547871.0), np.float64(236479.0)]
2025-05-15 09:05:44,620 - INFO - 
2. Post-Cross Movement (30min):
5min Price Changes (%): []
Maximum Change: 0.000% after 0 minutes
Candle Analysis:
    Body Sizes (%): []
    Upper Shadows (%): []
    Lower Shadows (%): []
Volumes: []
==================================================
2025-05-15 09:10:12,419 - INFO - 
==================================================
EMA Cross Analysis - BOME/USDT
Time: 2025-05-15 09:05:00+09:00
Type: golden
Cross Character (Current): Weak
Cross Character (New): Weak
Price at Cross: 0.002678

1. Pre-Cross Pattern (15min):
EMA Distance Changes (%): ['0.139', '0.075', '0.006', '0.051']
EMA12 Changes (%): ['0.082', '0.104', '0.123', '0.109']
Price Changes (%): ['0.113', '0.225', '0.225', '0.037']
Candle Analysis:
    Body Sizes (%): ['0.113', '0.225', '0.225', '0.000']
    Upper Shadows (%): ['0.113', '0.150', '0.524', '0.149']
    Lower Shadows (%): ['0.263', '0.038', '0.187', '0.523']
Volumes: [np.float64(45832773.0), np.float64(65654301.0), np.float64(186170526.0), np.float64(67640298.0)]
2025-05-15 09:10:12,419 - INFO - 
2. Post-Cross Movement (30min):
5min Price Changes (%): ['-0.149']
Maximum Change: -0.149% after 5 minutes
Candle Analysis:
    Body Sizes (%): ['0.112']
    Upper Shadows (%): ['0.000']
    Lower Shadows (%): ['0.000']
Volumes: [np.float64(745942.0)]
==================================================
2025-05-15 09:10:17,301 - INFO - 
==================================================
EMA Cross Analysis - ZRO/USDT
Time: 2025-05-15 09:05:00+09:00
Type: golden
Cross Character (Current): Weak
Cross Character (New): Weak
Price at Cross: 3.153

1. Pre-Cross Pattern (15min):
EMA Distance Changes (%): ['0.109', '0.106', '0.055', '0.015']
EMA12 Changes (%): ['0.009', '-0.010', '0.082', '0.127']
Price Changes (%): ['-0.163', '-0.115', '0.589', '0.376']
Candle Analysis:
    Body Sizes (%): ['0.169', '0.118', '0.589', '0.363']
    Upper Shadows (%): ['0.022', '0.112', '0.000', '0.010']
    Lower Shadows (%): ['0.064', '0.064', '0.003', '0.035']
Volumes: [np.float64(23520.8), np.float64(19384.7), np.float64(112045.2), np.float64(69281.4)]
2025-05-15 09:10:17,301 - INFO - 
2. Post-Cross Movement (30min):
5min Price Changes (%): ['0.063']
Maximum Change: 0.063% after 5 minutes
Candle Analysis:
    Body Sizes (%): ['0.057']
    Upper Shadows (%): ['0.057']
    Lower Shadows (%): ['0.000']
Volumes: [np.float64(4880.8)]
==================================================
2025-05-15 09:10:18,390 - INFO - 
==================================================
EMA Cross Analysis - XRP/USDT
Time: 2025-05-15 09:10:00+09:00
Type: golden
Cross Character (Current): Weak
Cross Character (New): Weak
Price at Cross: 2.5554

1. Pre-Cross Pattern (15min):
EMA Distance Changes (%): ['0.048', '0.027', '0.011', '0.001']
EMA12 Changes (%): ['-0.006', '0.034', '0.027', '0.023']
Price Changes (%): ['-0.067', '0.255', '-0.012', '0.000']
Candle Analysis:
    Body Sizes (%): ['0.071', '0.251', '0.016', '0.000']
    Upper Shadows (%): ['0.055', '0.067', '0.043', '0.023']
    Lower Shadows (%): ['0.027', '0.090', '0.098', '0.012']
Volumes: [np.float64(581992.5), np.float64(1941948.7), np.float64(916700.5), np.float64(81972.9)]
2025-05-15 09:10:18,391 - INFO - 
2. Post-Cross Movement (30min):
5min Price Changes (%): []
Maximum Change: 0.000% after 0 minutes
Candle Analysis:
    Body Sizes (%): []
    Upper Shadows (%): []
    Lower Shadows (%): []
Volumes: []
==================================================
2025-05-15 09:10:18,826 - INFO - 
==================================================
EMA Cross Analysis - WLD/USDT
Time: 2025-05-15 09:10:00+09:00
Type: golden
Cross Character (Current): Weak
Cross Character (New): Weak
Price at Cross: 1.2398

1. Pre-Cross Pattern (15min):
EMA Distance Changes (%): ['0.054', '0.021', '0.008', '0.001']
EMA12 Changes (%): ['0.024', '0.055', '0.023', '0.017']
Price Changes (%): ['-0.193', '0.226', '-0.153', '-0.016']
Candle Analysis:
    Body Sizes (%): ['0.185', '0.218', '0.161', '0.024']
    Upper Shadows (%): ['0.113', '0.032', '0.081', '0.016']
    Lower Shadows (%): ['0.056', '0.274', '0.242', '0.032']
Volumes: [np.float64(180407.0), np.float64(439832.0), np.float64(145693.0), np.float64(8136.0)]
2025-05-15 09:10:18,826 - INFO - 
2. Post-Cross Movement (30min):
5min Price Changes (%): []
Maximum Change: 0.000% after 0 minutes
Candle Analysis:
    Body Sizes (%): []
    Upper Shadows (%): []
    Lower Shadows (%): []
Volumes: []
==================================================
2025-05-15 09:10:20,084 - INFO - 
==================================================
EMA Cross Analysis - SUI/USDT
Time: 2025-05-15 09:05:00+09:00
Type: golden
Cross Character (Current): Weak
Cross Character (New): Weak
Price at Cross: 3.9466

1. Pre-Cross Pattern (15min):
EMA Distance Changes (%): ['0.082', '0.074', '0.028', '0.035']
EMA12 Changes (%): ['0.016', '0.002', '0.079', '0.118']
Price Changes (%): ['-0.166', '-0.071', '0.501', '0.330']
Candle Analysis:
    Body Sizes (%): ['0.163', '0.071', '0.490', '0.330']
    Upper Shadows (%): ['0.020', '0.077', '0.049', '0.051']
    Lower Shadows (%): ['0.018', '0.026', '0.000', '0.084']
Volumes: [np.float64(198303.5), np.float64(232308.1), np.float64(1213542.8), np.float64(505765.6)]
2025-05-15 09:10:20,084 - INFO - 
2. Post-Cross Movement (30min):
5min Price Changes (%): ['0.086']
Maximum Change: 0.086% after 5 minutes
Candle Analysis:
    Body Sizes (%): ['0.084']
    Upper Shadows (%): ['0.000']
    Lower Shadows (%): ['0.066']
Volumes: [np.float64(100479.1)]
==================================================
2025-05-15 09:10:21,171 - INFO - 
==================================================
EMA Cross Analysis - COW/USDT
Time: 2025-05-15 09:10:00+09:00
Type: golden
Cross Character (Current): Weak
Cross Character (New): Weak
Price at Cross: 0.4

1. Pre-Cross Pattern (15min):
EMA Distance Changes (%): ['0.151', '0.060', '0.008', '0.047']
EMA12 Changes (%): ['0.000', '0.152', '0.093', '0.106']
Price Changes (%): ['-0.101', '0.984', '-0.225', '0.175']
Candle Analysis:
    Body Sizes (%): ['0.076', '0.959', '0.250', '0.175']
    Upper Shadows (%): ['0.101', '0.303', '0.025', '0.025']
    Lower Shadows (%): ['0.050', '0.000', '0.300', '0.000']
Volumes: [np.float64(27284.0), np.float64(301596.0), np.float64(128465.0), np.float64(11807.0)]
2025-05-15 09:10:21,171 - INFO - 
2. Post-Cross Movement (30min):
5min Price Changes (%): []
Maximum Change: 0.000% after 0 minutes
Candle Analysis:
    Body Sizes (%): []
    Upper Shadows (%): []
    Lower Shadows (%): []
Volumes: []
==================================================
2025-05-15 09:10:21,394 - INFO - 
==================================================
EMA Cross Analysis - ZEN/USDT
Time: 2025-05-15 09:10:00+09:00
Type: golden
Cross Character (Current): Weak
Cross Character (New): Weak
Price at Cross: 10.328

1. Pre-Cross Pattern (15min):
EMA Distance Changes (%): ['0.104', '0.072', '0.028', '0.022']
EMA12 Changes (%): ['0.027', '0.047', '0.074', '0.093']
Price Changes (%): ['-0.175', '0.156', '0.224', '0.194']
Candle Analysis:
    Body Sizes (%): ['0.175', '0.136', '0.214', '0.194']
    Upper Shadows (%): ['0.058', '0.302', '0.000', '0.107']
    Lower Shadows (%): ['0.000', '0.019', '0.515', '0.000']
Volumes: [np.float64(1085.1), np.float64(4097.5), np.float64(14550.5), np.float64(3625.7)]
2025-05-15 09:10:21,394 - INFO - 
2. Post-Cross Movement (30min):
5min Price Changes (%): []
Maximum Change: 0.000% after 0 minutes
Candle Analysis:
    Body Sizes (%): []
    Upper Shadows (%): []
    Lower Shadows (%): []
Volumes: []
==================================================
2025-05-15 09:10:22,045 - INFO - 
==================================================
EMA Cross Analysis - BRETT/USDT
Time: 2025-05-15 09:05:00+09:00
Type: golden
Cross Character (Current): Weak
Cross Character (New): Weak
Price at Cross: 0.07513

1. Pre-Cross Pattern (15min):
EMA Distance Changes (%): ['0.118', '0.085', '0.016', '0.025']
EMA12 Changes (%): ['0.049', '0.048', '0.121', '0.077']
Price Changes (%): ['0.013', '0.040', '0.521', '-0.159']
Candle Analysis:
    Body Sizes (%): ['0.013', '0.094', '0.508', '0.146']
    Upper Shadows (%): ['0.094', '0.107', '0.147', '0.159']
    Lower Shadows (%): ['0.521', '0.067', '0.307', '0.399']
Volumes: [np.float64(644309.0), np.float64(1016686.0), np.float64(1547871.0), np.float64(562788.0)]
2025-05-15 09:10:22,046 - INFO - 
2. Post-Cross Movement (30min):
5min Price Changes (%): ['0.013']
Maximum Change: 0.013% after 5 minutes
Candle Analysis:
    Body Sizes (%): ['0.013']
    Upper Shadows (%): ['0.067']
    Lower Shadows (%): ['0.053']
Volumes: [np.float64(33621.0)]
==================================================
2025-05-15 09:15:58,818 - INFO - 
==================================================
EMA Cross Analysis - ORCA/USDT
Time: 2025-05-15 09:15:00+09:00
Type: golden
Cross Character (Current): Weak
Cross Character (New): Weak
Price at Cross: 2.853

1. Pre-Cross Pattern (15min):
EMA Distance Changes (%): ['0.065', '0.052', '0.033', '0.013']
EMA12 Changes (%): ['0.011', '0.015', '0.029', '0.084']
Price Changes (%): ['0.106', '0.035', '0.106', '0.387']
Candle Analysis:
    Body Sizes (%): ['0.106', '0.000', '0.106', '0.387']
    Upper Shadows (%): ['0.212', '0.035', '0.035', '0.000']
    Lower Shadows (%): ['0.071', '0.247', '0.070', '0.000']
Volumes: [np.float64(14558.5), np.float64(7404.4), np.float64(6610.9), np.float64(36077.2)]
2025-05-15 09:15:58,818 - INFO - 
2. Post-Cross Movement (30min):
5min Price Changes (%): []
Maximum Change: 0.000% after 0 minutes
Candle Analysis:
    Body Sizes (%): []
    Upper Shadows (%): []
    Lower Shadows (%): []
Volumes: []
==================================================
2025-05-15 09:15:59,474 - INFO - 
==================================================
EMA Cross Analysis - NEAR/USDT
Time: 2025-05-15 09:10:00+09:00
Type: golden
Cross Character (Current): Weak
Cross Character (New): Weak
Price at Cross: 3.064

1. Pre-Cross Pattern (15min):
EMA Distance Changes (%): ['0.046', '0.027', '0.015', '0.029']
EMA12 Changes (%): ['0.017', '0.030', '0.020', '0.083']
Price Changes (%): ['-0.066', '0.098', '-0.033', '0.426']
Candle Analysis:
    Body Sizes (%): ['0.098', '0.131', '0.066', '0.393']
    Upper Shadows (%): ['0.066', '0.164', '0.066', '0.033']
    Lower Shadows (%): ['0.066', '0.131', '0.197', '0.066']
Volumes: [np.float64(30899.0), np.float64(151355.0), np.float64(39855.0), np.float64(91778.0)]
2025-05-15 09:15:59,474 - INFO - 
2. Post-Cross Movement (30min):
5min Price Changes (%): ['0.294']
Maximum Change: 0.294% after 5 minutes
Candle Analysis:
    Body Sizes (%): ['0.261']
    Upper Shadows (%): ['0.065']
    Lower Shadows (%): ['0.000']
Volumes: [np.float64(38810.0)]
==================================================
2025-05-15 09:15:59,909 - INFO - 
==================================================
EMA Cross Analysis - BAKE/USDT
Time: 2025-05-15 09:15:00+09:00
Type: golden
Cross Character (Current): Weak
Cross Character (New): Weak
Price at Cross: 0.1482

1. Pre-Cross Pattern (15min):
EMA Distance Changes (%): ['0.057', '0.045', '0.024', '0.020']
EMA12 Changes (%): ['0.068', '0.016', '0.034', '0.081']
Price Changes (%): ['0.407', '-0.270', '0.136', '0.339']
Candle Analysis:
    Body Sizes (%): ['0.339', '0.270', '0.136', '0.339']
    Upper Shadows (%): ['0.000', '0.068', '0.068', '0.068']
    Lower Shadows (%): ['0.136', '0.135', '0.068', '0.000']
Volumes: [np.float64(156249.0), np.float64(116116.0), np.float64(83948.0), np.float64(69145.0)]
2025-05-15 09:15:59,909 - INFO - 
2. Post-Cross Movement (30min):
5min Price Changes (%): []
Maximum Change: 0.000% after 0 minutes
Candle Analysis:
    Body Sizes (%): []
    Upper Shadows (%): []
    Lower Shadows (%): []
Volumes: []
==================================================
2025-05-15 09:16:01,436 - INFO - 
==================================================
EMA Cross Analysis - ATOM/USDT
Time: 2025-05-15 09:15:00+09:00
Type: golden
Cross Character (Current): Weak
Cross Character (New): Weak
Price at Cross: 5.108

1. Pre-Cross Pattern (15min):
EMA Distance Changes (%): ['0.049', '0.042', '0.018', '0.014']
EMA12 Changes (%): ['0.012', '0.007', '0.039', '0.060']
Price Changes (%): ['0.059', '-0.020', '0.216', '0.177']
Candle Analysis:
    Body Sizes (%): ['0.059', '0.000', '0.216', '0.196']
    Upper Shadows (%): ['0.098', '0.039', '0.020', '0.039']
    Lower Shadows (%): ['0.118', '0.157', '0.098', '0.000']
Volumes: [np.float64(12936.31), np.float64(10174.33), np.float64(16145.67), np.float64(5583.48)]
2025-05-15 09:16:01,436 - INFO - 
2. Post-Cross Movement (30min):
5min Price Changes (%): []
Maximum Change: 0.000% after 0 minutes
Candle Analysis:
    Body Sizes (%): []
    Upper Shadows (%): []
    Lower Shadows (%): []
Volumes: []
==================================================
2025-05-15 09:16:02,307 - INFO - 
==================================================
EMA Cross Analysis - XLM/USDT
Time: 2025-05-15 09:10:00+09:00
Type: golden
Cross Character (Current): Weak
Cross Character (New): Weak
Price at Cross: 0.30504

1. Pre-Cross Pattern (15min):
EMA Distance Changes (%): ['0.082', '0.063', '0.035', '0.004']
EMA12 Changes (%): ['0.006', '0.025', '0.044', '0.071']
Price Changes (%): ['-0.049', '0.132', '0.148', '0.220']
Candle Analysis:
    Body Sizes (%): ['0.049', '0.128', '0.141', '0.223']
    Upper Shadows (%): ['0.132', '0.082', '0.000', '0.053']
    Lower Shadows (%): ['0.000', '0.092', '0.115', '0.020']
Volumes: [np.float64(293981.0), np.float64(775591.0), np.float64(784494.0), np.float64(862981.0)]
2025-05-15 09:16:02,308 - INFO - 
2. Post-Cross Movement (30min):
5min Price Changes (%): ['0.236']
Maximum Change: 0.236% after 5 minutes
Candle Analysis:
    Body Sizes (%): ['0.236']
    Upper Shadows (%): ['0.069']
    Lower Shadows (%): ['0.000']
Volumes: [np.float64(222134.0)]
==================================================
2025-05-15 09:16:03,268 - INFO - 
==================================================
EMA Cross Analysis - DOT/USDT
Time: 2025-05-15 09:15:00+09:00
Type: golden
Cross Character (Current): Weak
Cross Character (New): Weak
Price at Cross: 5.005

1. Pre-Cross Pattern (15min):
EMA Distance Changes (%): ['0.077', '0.070', '0.041', '0.001']
EMA12 Changes (%): ['0.021', '0.002', '0.045', '0.075']
Price Changes (%): ['0.121', '-0.100', '0.281', '0.240']
Candle Analysis:
    Body Sizes (%): ['0.100', '0.100', '0.301', '0.220']
    Upper Shadows (%): ['0.121', '0.040', '0.060', '0.060']
    Lower Shadows (%): ['0.020', '0.161', '0.040', '0.000']
Volumes: [np.float64(67220.3), np.float64(53362.8), np.float64(55626.6), np.float64(28333.8)]
2025-05-15 09:16:03,268 - INFO - 
2. Post-Cross Movement (30min):
5min Price Changes (%): []
Maximum Change: 0.000% after 0 minutes
Candle Analysis:
    Body Sizes (%): []
    Upper Shadows (%): []
    Lower Shadows (%): []
Volumes: []
==================================================
2025-05-15 09:16:03,921 - INFO - 
==================================================
EMA Cross Analysis - THETA/USDT
Time: 2025-05-15 09:15:00+09:00
Type: golden
Cross Character (Current): Weak
Cross Character (New): Weak
Price at Cross: 0.9934

1. Pre-Cross Pattern (15min):
EMA Distance Changes (%): ['0.049', '0.041', '0.031', '0.007']
EMA12 Changes (%): ['0.004', '0.008', '0.013', '0.069']
Price Changes (%): ['-0.081', '0.030', '0.040', '0.374']
Candle Analysis:
    Body Sizes (%): ['0.091', '0.000', '0.051', '0.323']
    Upper Shadows (%): ['0.111', '0.131', '0.222', '0.091']
    Lower Shadows (%): ['0.242', '0.232', '0.091', '0.000']
Volumes: [np.float64(113288.9), np.float64(52739.6), np.float64(65431.2), np.float64(7486.5)]
2025-05-15 09:16:03,921 - INFO - 
2. Post-Cross Movement (30min):
5min Price Changes (%): []
Maximum Change: 0.000% after 0 minutes
Candle Analysis:
    Body Sizes (%): []
    Upper Shadows (%): []
    Lower Shadows (%): []
Volumes: []
==================================================
2025-05-15 09:16:04,571 - INFO - 
==================================================
EMA Cross Analysis - XRP/USDT
Time: 2025-05-15 09:10:00+09:00
Type: golden
Cross Character (Current): Weak
Cross Character (New): Weak
Price at Cross: 2.5605

1. Pre-Cross Pattern (15min):
EMA Distance Changes (%): ['0.048', '0.027', '0.011', '0.017']
EMA12 Changes (%): ['-0.006', '0.034', '0.027', '0.053']
Price Changes (%): ['-0.067', '0.255', '-0.012', '0.200']
Candle Analysis:
    Body Sizes (%): ['0.071', '0.251', '0.016', '0.200']
    Upper Shadows (%): ['0.055', '0.067', '0.043', '0.031']
    Lower Shadows (%): ['0.027', '0.090', '0.098', '0.012']
Volumes: [np.float64(581992.5), np.float64(1941948.7), np.float64(916700.5), np.float64(1122847.0)]
2025-05-15 09:16:04,571 - INFO - 
2. Post-Cross Movement (30min):
5min Price Changes (%): ['0.074']
Maximum Change: 0.074% after 5 minutes
Candle Analysis:
    Body Sizes (%): ['0.070']
    Upper Shadows (%): ['0.047']
    Lower Shadows (%): ['0.004']
Volumes: [np.float64(641511.5)]
==================================================
2025-05-15 09:16:05,008 - INFO - 
==================================================
EMA Cross Analysis - WLD/USDT
Time: 2025-05-15 09:10:00+09:00
Type: golden
Cross Character (Current): Weak
Cross Character (New): Weak
Price at Cross: 1.2425

1. Pre-Cross Pattern (15min):
EMA Distance Changes (%): ['0.054', '0.021', '0.008', '0.018']
EMA12 Changes (%): ['0.024', '0.055', '0.023', '0.050']
Price Changes (%): ['-0.193', '0.226', '-0.153', '0.202']
Candle Analysis:
    Body Sizes (%): ['0.185', '0.218', '0.161', '0.194']
    Upper Shadows (%): ['0.113', '0.032', '0.081', '0.137']
    Lower Shadows (%): ['0.056', '0.274', '0.242', '0.065']
Volumes: [np.float64(180407.0), np.float64(439832.0), np.float64(145693.0), np.float64(180800.0)]
2025-05-15 09:16:05,008 - INFO - 
2. Post-Cross Movement (30min):
5min Price Changes (%): ['0.402']
Maximum Change: 0.402% after 5 minutes
Candle Analysis:
    Body Sizes (%): ['0.386']
    Upper Shadows (%): ['0.064']
    Lower Shadows (%): ['0.000']
Volumes: [np.float64(69044.0)]
==================================================
2025-05-15 09:16:05,225 - INFO - 
==================================================
EMA Cross Analysis - RENDER/USDT
Time: 2025-05-15 09:15:00+09:00
Type: golden
Cross Character (Current): Weak
Cross Character (New): Weak
Price at Cross: 5.134

1. Pre-Cross Pattern (15min):
EMA Distance Changes (%): ['0.115', '0.090', '0.044', '0.013']
EMA12 Changes (%): ['0.007', '0.030', '0.077', '0.104']
Price Changes (%): ['0.000', '0.157', '0.333', '0.254']
Candle Analysis:
    Body Sizes (%): ['0.000', '0.137', '0.313', '0.234']
    Upper Shadows (%): ['0.196', '0.000', '0.078', '0.020']
    Lower Shadows (%): ['0.196', '0.157', '0.000', '0.000']
Volumes: [np.float64(86328.3), np.float64(18710.0), np.float64(24117.1), np.float64(7687.3)]
2025-05-15 09:16:05,225 - INFO - 
2. Post-Cross Movement (30min):
5min Price Changes (%): []
Maximum Change: 0.000% after 0 minutes
Candle Analysis:
    Body Sizes (%): []
    Upper Shadows (%): []
    Lower Shadows (%): []
Volumes: []
==================================================
2025-05-15 09:16:06,924 - INFO - 
==================================================
EMA Cross Analysis - GOAT/USDT
Time: 2025-05-15 09:10:00+09:00
Type: dead
Cross Character (Current): Weak
Cross Character (New): Weak
Price at Cross: 0.18803

1. Pre-Cross Pattern (15min):
EMA Distance Changes (%): ['0.003', '0.018', '0.022', '0.060']
EMA12 Changes (%): ['0.015', '0.029', '0.010', '-0.154']
Price Changes (%): ['-0.221', '0.105', '-0.089', '-1.058']
Candle Analysis:
    Body Sizes (%): ['0.221', '0.095', '0.116', '1.026']
    Upper Shadows (%): ['0.404', '0.458', '0.557', '0.026']
    Lower Shadows (%): ['0.026', '0.626', '0.767', '0.042']
Volumes: [np.float64(1364396.0), np.float64(1540996.0), np.float64(1575388.0), np.float64(2622273.0)]
2025-05-15 09:16:06,925 - INFO - 
2. Post-Cross Movement (30min):
5min Price Changes (%): ['0.415']
Maximum Change: 0.415% after 5 minutes
Candle Analysis:
    Body Sizes (%): ['0.409']
    Upper Shadows (%): ['0.277']
    Lower Shadows (%): ['0.000']
Volumes: [np.float64(482677.0)]
==================================================
2025-05-15 09:16:07,357 - INFO - 
==================================================
EMA Cross Analysis - COW/USDT
Time: 2025-05-15 09:10:00+09:00
Type: golden
Cross Character (Current): Weak
Cross Character (New): Weak
Price at Cross: 0.4024

1. Pre-Cross Pattern (15min):
EMA Distance Changes (%): ['0.151', '0.060', '0.008', '0.094']
EMA12 Changes (%): ['0.000', '0.152', '0.093', '0.199']
Price Changes (%): ['-0.101', '0.984', '-0.225', '0.776']
Candle Analysis:
    Body Sizes (%): ['0.076', '0.959', '0.250', '0.776']
    Upper Shadows (%): ['0.101', '0.303', '0.025', '0.426']
    Lower Shadows (%): ['0.050', '0.000', '0.300', '0.000']
Volumes: [np.float64(27284.0), np.float64(301596.0), np.float64(128465.0), np.float64(411957.0)]
2025-05-15 09:16:07,358 - INFO - 
2. Post-Cross Movement (30min):
5min Price Changes (%): ['0.099']
Maximum Change: 0.099% after 5 minutes
Candle Analysis:
    Body Sizes (%): ['0.124']
    Upper Shadows (%): ['0.149']
    Lower Shadows (%): ['0.050']
Volumes: [np.float64(36634.0)]
==================================================
2025-05-15 09:16:07,581 - INFO - 
==================================================
EMA Cross Analysis - ZEN/USDT
Time: 2025-05-15 09:10:00+09:00
Type: golden
Cross Character (Current): Weak
Cross Character (New): Weak
Price at Cross: 10.32

1. Pre-Cross Pattern (15min):
EMA Distance Changes (%): ['0.104', '0.072', '0.028', '0.015']
EMA12 Changes (%): ['0.027', '0.047', '0.074', '0.081']
Price Changes (%): ['-0.175', '0.156', '0.224', '0.116']
Candle Analysis:
    Body Sizes (%): ['0.175', '0.136', '0.214', '0.116']
    Upper Shadows (%): ['0.058', '0.302', '0.000', '0.281']
    Lower Shadows (%): ['0.000', '0.019', '0.515', '0.000']
Volumes: [np.float64(1085.1), np.float64(4097.5), np.float64(14550.5), np.float64(7769.8)]
2025-05-15 09:16:07,581 - INFO - 
2. Post-Cross Movement (30min):
5min Price Changes (%): ['0.281']
Maximum Change: 0.281% after 5 minutes
Candle Analysis:
    Body Sizes (%): ['0.281']
    Upper Shadows (%): ['0.078']
    Lower Shadows (%): ['0.000']
Volumes: [np.float64(711.3)]
==================================================
2025-05-15 09:16:08,015 - INFO - 
==================================================
EMA Cross Analysis - USUAL/USDT
Time: 2025-05-15 09:15:00+09:00
Type: golden
Cross Character (Current): Weak
Cross Character (New): Weak
Price at Cross: 0.1604

1. Pre-Cross Pattern (15min):
EMA Distance Changes (%): ['0.086', '0.056', '0.032', '0.018']
EMA12 Changes (%): ['0.043', '0.046', '0.039', '0.091']
Price Changes (%): ['0.377', '0.063', '0.000', '0.375']
Candle Analysis:
    Body Sizes (%): ['0.377', '0.125', '0.000', '0.438']
    Upper Shadows (%): ['0.063', '0.125', '0.375', '0.125']
    Lower Shadows (%): ['0.126', '0.188', '0.125', '0.000']
Volumes: [np.float64(620382.0), np.float64(561284.0), np.float64(656532.0), np.float64(102238.0)]
2025-05-15 09:16:08,015 - INFO - 
2. Post-Cross Movement (30min):
5min Price Changes (%): []
Maximum Change: 0.000% after 0 minutes
Candle Analysis:
    Body Sizes (%): []
    Upper Shadows (%): []
    Lower Shadows (%): []
Volumes: []
==================================================
2025-05-15 09:16:08,623 - INFO - 
==================================================
EMA Cross Analysis - VANA/USDT
Time: 2025-05-15 09:15:00+09:00
Type: golden
Cross Character (Current): Weak
Cross Character (New): Weak
Price at Cross: 6.52

1. Pre-Cross Pattern (15min):
EMA Distance Changes (%): ['0.039', '0.024', '0.022', '0.002']
EMA12 Changes (%): ['0.022', '0.023', '0.001', '0.043']
Price Changes (%): ['0.138', '0.031', '-0.123', '0.277']
Candle Analysis:
    Body Sizes (%): ['0.108', '0.031', '0.123', '0.277']
    Upper Shadows (%): ['0.154', '0.154', '0.169', '0.077']
    Lower Shadows (%): ['0.215', '0.215', '0.015', '0.000']
Volumes: [np.float64(6251.27), np.float64(5466.7), np.float64(4722.46), np.float64(1685.05)]
2025-05-15 09:16:08,623 - INFO - 
2. Post-Cross Movement (30min):
5min Price Changes (%): []
Maximum Change: 0.000% after 0 minutes
Candle Analysis:
    Body Sizes (%): []
    Upper Shadows (%): []
    Lower Shadows (%): []
Volumes: []
==================================================
2025-05-15 09:20:35,412 - INFO - 
==================================================
EMA Cross Analysis - TIA/USDT
Time: 2025-05-15 09:20:00+09:00
Type: golden
Cross Character (Current): Weak
Cross Character (New): Weak
Price at Cross: 3.0753

1. Pre-Cross Pattern (15min):
EMA Distance Changes (%): ['0.083', '0.067', '0.012', '0.041']
EMA12 Changes (%): ['0.016', '0.018', '0.097', '0.101']
Price Changes (%): ['-0.163', '0.029', '0.530', '0.120']
Candle Analysis:
    Body Sizes (%): ['0.167', '0.026', '0.530', '0.120']
    Upper Shadows (%): ['0.124', '0.151', '0.082', '0.101']
    Lower Shadows (%): ['0.242', '0.167', '0.000', '0.000']
Volumes: [np.float64(89289.0), np.float64(122476.0), np.float64(203842.0), np.float64(45323.0)]
2025-05-15 09:20:35,412 - INFO - 
2. Post-Cross Movement (30min):
5min Price Changes (%): []
Maximum Change: 0.000% after 0 minutes
Candle Analysis:
    Body Sizes (%): []
    Upper Shadows (%): []
    Lower Shadows (%): []
Volumes: []
==================================================
2025-05-15 09:20:36,283 - INFO - 
==================================================
EMA Cross Analysis - ORCA/USDT
Time: 2025-05-15 09:15:00+09:00
Type: golden
Cross Character (Current): Weak
Cross Character (New): Weak
Price at Cross: 2.857

1. Pre-Cross Pattern (15min):
EMA Distance Changes (%): ['0.065', '0.052', '0.033', '0.024']
EMA12 Changes (%): ['0.011', '0.015', '0.029', '0.106']
Price Changes (%): ['0.106', '0.035', '0.106', '0.528']
Candle Analysis:
    Body Sizes (%): ['0.106', '0.000', '0.106', '0.528']
    Upper Shadows (%): ['0.212', '0.035', '0.035', '0.141']
    Lower Shadows (%): ['0.071', '0.247', '0.070', '0.000']
Volumes: [np.float64(14558.5), np.float64(7404.4), np.float64(6610.9), np.float64(43857.6)]
2025-05-15 09:20:36,284 - INFO - 
2. Post-Cross Movement (30min):
5min Price Changes (%): ['0.210']
Maximum Change: 0.210% after 5 minutes
Candle Analysis:
    Body Sizes (%): ['0.175']
    Upper Shadows (%): ['0.035']
    Lower Shadows (%): ['0.000']
Volumes: [np.float64(4778.5)]
==================================================
2025-05-15 09:20:37,376 - INFO - 
==================================================
EMA Cross Analysis - BAKE/USDT
Time: 2025-05-15 09:15:00+09:00
Type: golden
Cross Character (Current): Weak
Cross Character (New): Weak
Price at Cross: 0.1486

1. Pre-Cross Pattern (15min):
EMA Distance Changes (%): ['0.057', '0.045', '0.024', '0.041']
EMA12 Changes (%): ['0.068', '0.016', '0.034', '0.123']
Price Changes (%): ['0.407', '-0.270', '0.136', '0.609']
Candle Analysis:
    Body Sizes (%): ['0.339', '0.270', '0.136', '0.609']
    Upper Shadows (%): ['0.000', '0.068', '0.068', '0.068']
    Lower Shadows (%): ['0.136', '0.135', '0.068', '0.000']
Volumes: [np.float64(156249.0), np.float64(116116.0), np.float64(83948.0), np.float64(145678.0)]
2025-05-15 09:20:37,376 - INFO - 
2. Post-Cross Movement (30min):
5min Price Changes (%): ['0.202']
Maximum Change: 0.202% after 5 minutes
Candle Analysis:
    Body Sizes (%): ['0.269']
    Upper Shadows (%): ['0.000']
    Lower Shadows (%): ['0.000']
Volumes: [np.float64(30449.0)]
==================================================
2025-05-15 09:20:38,464 - INFO - 
==================================================
EMA Cross Analysis - POL/USDT
Time: 2025-05-15 09:20:00+09:00
Type: golden
Cross Character (Current): Weak
Cross Character (New): Weak
Price at Cross: 0.25131

1. Pre-Cross Pattern (15min):
EMA Distance Changes (%): ['0.141', '0.103', '0.037', '0.025']
EMA12 Changes (%): ['-0.017', '0.053', '0.113', '0.114']
Price Changes (%): ['-0.116', '0.438', '0.440', '0.120']
Candle Analysis:
    Body Sizes (%): ['0.148', '0.442', '0.436', '0.116']
    Upper Shadows (%): ['0.020', '0.016', '0.040', '0.060']
    Lower Shadows (%): ['0.112', '0.000', '0.000', '0.000']
Volumes: [np.float64(380497.0), np.float64(614237.0), np.float64(496065.0), np.float64(51011.0)]
2025-05-15 09:20:38,465 - INFO - 
2. Post-Cross Movement (30min):
5min Price Changes (%): []
Maximum Change: 0.000% after 0 minutes
Candle Analysis:
    Body Sizes (%): []
    Upper Shadows (%): []
    Lower Shadows (%): []
Volumes: []
==================================================
2025-05-15 09:20:38,898 - INFO - 
==================================================
EMA Cross Analysis - ATOM/USDT
Time: 2025-05-15 09:15:00+09:00
Type: golden
Cross Character (Current): Weak
Cross Character (New): Weak
Price at Cross: 5.114

1. Pre-Cross Pattern (15min):
EMA Distance Changes (%): ['0.049', '0.042', '0.018', '0.024']
EMA12 Changes (%): ['0.012', '0.007', '0.039', '0.079']
Price Changes (%): ['0.059', '-0.020', '0.216', '0.294']
Candle Analysis:
    Body Sizes (%): ['0.059', '0.000', '0.216', '0.314']
    Upper Shadows (%): ['0.098', '0.039', '0.020', '0.059']
    Lower Shadows (%): ['0.118', '0.157', '0.098', '0.000']
Volumes: [np.float64(12936.31), np.float64(10174.33), np.float64(16145.67), np.float64(74386.79)]
2025-05-15 09:20:38,898 - INFO - 
2. Post-Cross Movement (30min):
5min Price Changes (%): ['0.078']
Maximum Change: 0.078% after 5 minutes
Candle Analysis:
    Body Sizes (%): ['0.098']
    Upper Shadows (%): ['0.078']
    Lower Shadows (%): ['0.000']
Volumes: [np.float64(5686.94)]
==================================================
2025-05-15 09:20:39,993 - INFO - 
==================================================
EMA Cross Analysis - GALA/USDT
Time: 2025-05-15 09:15:00+09:00
Type: golden
Cross Character (Current): Weak
Cross Character (New): Weak
Price at Cross: 0.02166

1. Pre-Cross Pattern (15min):
EMA Distance Changes (%): ['0.096', '0.080', '0.055', '0.017']
EMA12 Changes (%): ['0.013', '0.018', '0.037', '0.131']
Price Changes (%): ['0.093', '0.047', '0.140', '0.651']
Candle Analysis:
    Body Sizes (%): ['0.047', '0.047', '0.140', '0.604']
    Upper Shadows (%): ['0.140', '0.140', '0.186', '0.046']
    Lower Shadows (%): ['0.186', '0.233', '0.093', '0.000']
Volumes: [np.float64(12845655.0), np.float64(5588816.0), np.float64(7070633.0), np.float64(26424059.0)]
2025-05-15 09:20:39,994 - INFO - 
2. Post-Cross Movement (30min):
5min Price Changes (%): ['0.139']
Maximum Change: 0.139% after 5 minutes
Candle Analysis:
    Body Sizes (%): ['0.139']
    Upper Shadows (%): ['0.139']
    Lower Shadows (%): ['0.000']
Volumes: [np.float64(3456581.0)]
==================================================
2025-05-15 09:20:40,735 - INFO - 
==================================================
EMA Cross Analysis - DOT/USDT
Time: 2025-05-15 09:15:00+09:00
Type: golden
Cross Character (Current): Weak
Cross Character (New): Weak
Price at Cross: 5.017

1. Pre-Cross Pattern (15min):
EMA Distance Changes (%): ['0.077', '0.070', '0.041', '0.020']
EMA12 Changes (%): ['0.021', '0.002', '0.045', '0.112']
Price Changes (%): ['0.121', '-0.100', '0.281', '0.481']
Candle Analysis:
    Body Sizes (%): ['0.100', '0.100', '0.301', '0.461']
    Upper Shadows (%): ['0.121', '0.040', '0.060', '0.080']
    Lower Shadows (%): ['0.020', '0.161', '0.040', '0.000']
Volumes: [np.float64(67220.3), np.float64(53362.8), np.float64(55626.6), np.float64(103769.6)]
2025-05-15 09:20:40,735 - INFO - 
2. Post-Cross Movement (30min):
5min Price Changes (%): ['0.080']
Maximum Change: 0.080% after 5 minutes
Candle Analysis:
    Body Sizes (%): ['0.080']
    Upper Shadows (%): ['0.080']
    Lower Shadows (%): ['0.020']
Volumes: [np.float64(20351.6)]
==================================================
2025-05-15 09:20:41,389 - INFO - 
==================================================
EMA Cross Analysis - THETA/USDT
Time: 2025-05-15 09:15:00+09:00
Type: golden
Cross Character (Current): Weak
Cross Character (New): Weak
Price at Cross: 0.9963

1. Pre-Cross Pattern (15min):
EMA Distance Changes (%): ['0.049', '0.041', '0.031', '0.030']
EMA12 Changes (%): ['0.004', '0.008', '0.013', '0.114']
Price Changes (%): ['-0.081', '0.030', '0.040', '0.667']
Candle Analysis:
    Body Sizes (%): ['0.091', '0.000', '0.051', '0.616']
    Upper Shadows (%): ['0.111', '0.131', '0.222', '0.091']
    Lower Shadows (%): ['0.242', '0.232', '0.091', '0.000']
Volumes: [np.float64(113288.9), np.float64(52739.6), np.float64(65431.2), np.float64(62961.6)]
2025-05-15 09:20:41,390 - INFO - 
2. Post-Cross Movement (30min):
5min Price Changes (%): ['0.110']
Maximum Change: 0.110% after 5 minutes
Candle Analysis:
    Body Sizes (%): ['0.141']
    Upper Shadows (%): ['0.080']
    Lower Shadows (%): ['0.000']
Volumes: [np.float64(9750.1)]
==================================================
2025-05-15 09:20:41,824 - INFO - 
==================================================
EMA Cross Analysis - EOS/USDT
Time: 2025-05-15 09:20:00+09:00
Type: golden
Cross Character (Current): Weak
Cross Character (New): Weak
Price at Cross: 0.803

1. Pre-Cross Pattern (15min):
EMA Distance Changes (%): ['0.115', '0.075', '0.023', '0.048']
EMA12 Changes (%): ['0.003', '0.061', '0.090', '0.134']
Price Changes (%): ['0.252', '0.377', '0.251', '0.375']
Candle Analysis:
    Body Sizes (%): ['0.252', '0.251', '0.376', '0.375']
    Upper Shadows (%): ['0.126', '0.126', '0.502', '0.125']
    Lower Shadows (%): ['0.126', '0.251', '0.000', '0.000']
Volumes: [np.float64(913330.7), np.float64(765112.4), np.float64(927486.0), np.float64(199699.9)]
2025-05-15 09:20:41,824 - INFO - 
2. Post-Cross Movement (30min):
5min Price Changes (%): []
Maximum Change: 0.000% after 0 minutes
Candle Analysis:
    Body Sizes (%): []
    Upper Shadows (%): []
    Lower Shadows (%): []
Volumes: []
==================================================
2025-05-15 09:20:42,699 - INFO - 
==================================================
EMA Cross Analysis - RENDER/USDT
Time: 2025-05-15 09:15:00+09:00
Type: golden
Cross Character (Current): Weak
Cross Character (New): Weak
Price at Cross: 5.147

1. Pre-Cross Pattern (15min):
EMA Distance Changes (%): ['0.115', '0.090', '0.044', '0.033']
EMA12 Changes (%): ['0.007', '0.030', '0.077', '0.143']
Price Changes (%): ['0.000', '0.157', '0.333', '0.508']
Candle Analysis:
    Body Sizes (%): ['0.000', '0.137', '0.313', '0.488']
    Upper Shadows (%): ['0.196', '0.000', '0.078', '0.059']
    Lower Shadows (%): ['0.196', '0.157', '0.000', '0.000']
Volumes: [np.float64(86328.3), np.float64(18710.0), np.float64(24117.1), np.float64(27639.7)]
2025-05-15 09:20:42,699 - INFO - 
2. Post-Cross Movement (30min):
5min Price Changes (%): ['0.019']
Maximum Change: 0.019% after 5 minutes
Candle Analysis:
    Body Sizes (%): ['0.039']
    Upper Shadows (%): ['0.136']
    Lower Shadows (%): ['0.019']
Volumes: [np.float64(3332.4)]
==================================================
2025-05-15 09:20:43,960 - INFO - 
==================================================
EMA Cross Analysis - AVAX/USDT
Time: 2025-05-15 09:20:00+09:00
Type: golden
Cross Character (Current): Weak
Cross Character (New): Weak
Price at Cross: 25.105

1. Pre-Cross Pattern (15min):
EMA Distance Changes (%): ['0.103', '0.087', '0.031', '0.022']
EMA12 Changes (%): ['-0.048', '0.015', '0.096', '0.097']
Price Changes (%): ['-0.289', '0.358', '0.545', '0.104']
Candle Analysis:
    Body Sizes (%): ['0.285', '0.354', '0.541', '0.104']
    Upper Shadows (%): ['0.044', '0.084', '0.080', '0.104']
    Lower Shadows (%): ['0.201', '0.000', '0.000', '0.000']
Volumes: [np.float64(55800.0), np.float64(29136.0), np.float64(51972.0), np.float64(13213.0)]
2025-05-15 09:20:43,960 - INFO - 
2. Post-Cross Movement (30min):
5min Price Changes (%): []
Maximum Change: 0.000% after 0 minutes
Candle Analysis:
    Body Sizes (%): []
    Upper Shadows (%): []
    Lower Shadows (%): []
Volumes: []
==================================================
2025-05-15 09:20:44,186 - INFO - 
==================================================
EMA Cross Analysis - MOVE/USDT
Time: 2025-05-15 09:15:00+09:00
Type: golden
Cross Character (Current): Weak
Cross Character (New): Weak
Price at Cross: 0.2181

1. Pre-Cross Pattern (15min):
EMA Distance Changes (%): ['0.136', '0.091', '0.059', '0.021']
EMA12 Changes (%): ['-0.032', '0.066', '0.049', '0.148']
Price Changes (%): ['-0.185', '0.604', '-0.046', '0.693']
Candle Analysis:
    Body Sizes (%): ['0.185', '0.557', '0.000', '0.646']
    Upper Shadows (%): ['0.185', '0.000', '0.139', '0.046']
    Lower Shadows (%): ['0.139', '0.000', '0.231', '0.000']
Volumes: [np.float64(817878.0), np.float64(546095.0), np.float64(442665.0), np.float64(666140.0)]
2025-05-15 09:20:44,186 - INFO - 
2. Post-Cross Movement (30min):
5min Price Changes (%): ['0.138']
Maximum Change: 0.138% after 5 minutes
Candle Analysis:
    Body Sizes (%): ['0.138']
    Upper Shadows (%): ['0.000']
    Lower Shadows (%): ['0.000']
Volumes: [np.float64(88952.0)]
==================================================
2025-05-15 09:20:45,280 - INFO - 
==================================================
EMA Cross Analysis - ONDOUSDT
Time: 2025-05-15 09:15:00+09:00
Type: golden
Cross Character (Current): Weak
Cross Character (New): Weak
Price at Cross: 1.0183

1. Pre-Cross Pattern (15min):
EMA Distance Changes (%): ['0.125', '0.128', '0.065', '0.009']
EMA12 Changes (%): ['0.014', '-0.023', '0.101', '0.134']
Price Changes (%): ['0.139', '-0.228', '0.784', '0.315']
Candle Analysis:
    Body Sizes (%): ['0.139', '0.228', '0.794', '0.305']
    Upper Shadows (%): ['0.198', '0.119', '0.040', '0.207']
    Lower Shadows (%): ['0.119', '0.050', '0.020', '0.000']
Volumes: [np.float64(1006194.1), np.float64(419949.0), np.float64(1298370.3), np.float64(1310313.2)]
2025-05-15 09:20:45,280 - INFO - 
2. Post-Cross Movement (30min):
5min Price Changes (%): ['0.079']
Maximum Change: 0.079% after 5 minutes
Candle Analysis:
    Body Sizes (%): ['0.088']
    Upper Shadows (%): ['0.137']
    Lower Shadows (%): ['0.000']
Volumes: [np.float64(159620.4)]
==================================================
2025-05-15 09:20:45,497 - INFO - 
==================================================
EMA Cross Analysis - USUAL/USDT
Time: 2025-05-15 09:15:00+09:00
Type: golden
Cross Character (Current): Weak
Cross Character (New): Weak
Price at Cross: 0.1608

1. Pre-Cross Pattern (15min):
EMA Distance Changes (%): ['0.086', '0.056', '0.032', '0.037']
EMA12 Changes (%): ['0.043', '0.046', '0.039', '0.129']
Price Changes (%): ['0.377', '0.063', '0.000', '0.626']
Candle Analysis:
    Body Sizes (%): ['0.377', '0.125', '0.000', '0.689']
    Upper Shadows (%): ['0.063', '0.125', '0.375', '0.063']
    Lower Shadows (%): ['0.126', '0.188', '0.125', '0.000']
Volumes: [np.float64(620382.0), np.float64(561284.0), np.float64(656532.0), np.float64(347986.0)]
2025-05-15 09:20:45,497 - INFO - 
2. Post-Cross Movement (30min):
5min Price Changes (%): ['0.187']
Maximum Change: 0.187% after 5 minutes
Candle Analysis:
    Body Sizes (%): ['0.249']
    Upper Shadows (%): ['0.062']
    Lower Shadows (%): ['0.062']
Volumes: [np.float64(171943.0)]
==================================================
2025-05-15 09:20:46,103 - INFO - 
==================================================
EMA Cross Analysis - VANA/USDT
Time: 2025-05-15 09:15:00+09:00
Type: golden
Cross Character (Current): Weak
Cross Character (New): Weak
Price at Cross: 6.522

1. Pre-Cross Pattern (15min):
EMA Distance Changes (%): ['0.039', '0.024', '0.022', '0.005']
EMA12 Changes (%): ['0.022', '0.023', '0.001', '0.048']
Price Changes (%): ['0.138', '0.031', '-0.123', '0.308']
Candle Analysis:
    Body Sizes (%): ['0.108', '0.031', '0.123', '0.308']
    Upper Shadows (%): ['0.154', '0.154', '0.169', '0.200']
    Lower Shadows (%): ['0.215', '0.215', '0.015', '0.000']
Volumes: [np.float64(6251.27), np.float64(5466.7), np.float64(4722.46), np.float64(5947.77)]
2025-05-15 09:20:46,104 - INFO - 
2. Post-Cross Movement (30min):
5min Price Changes (%): ['0.015']
Maximum Change: 0.015% after 5 minutes
Candle Analysis:
    Body Sizes (%): ['0.000']
    Upper Shadows (%): ['0.184']
    Lower Shadows (%): ['0.061']
Volumes: [np.float64(3403.73)]
==================================================
2025-05-15 09:25:12,842 - INFO - 
==================================================
EMA Cross Analysis - TIA/USDT
Time: 2025-05-15 09:20:00+09:00
Type: golden
Cross Character (Current): Weak
Cross Character (New): Weak
Price at Cross: 3.0622

1. Pre-Cross Pattern (15min):
EMA Distance Changes (%): ['0.083', '0.067', '0.012', '0.007']
EMA12 Changes (%): ['0.016', '0.018', '0.097', '0.035']
Price Changes (%): ['-0.163', '0.029', '0.530', '-0.306']
Candle Analysis:
    Body Sizes (%): ['0.167', '0.026', '0.530', '0.306']
    Upper Shadows (%): ['0.124', '0.151', '0.082', '0.221']
    Lower Shadows (%): ['0.242', '0.167', '0.000', '0.078']
Volumes: [np.float64(89289.0), np.float64(122476.0), np.float64(203842.0), np.float64(135202.0)]
2025-05-15 09:25:12,842 - INFO - 
2. Post-Cross Movement (30min):
5min Price Changes (%): ['-0.010']
Maximum Change: -0.010% after 5 minutes
Candle Analysis:
    Body Sizes (%): ['0.016']
    Upper Shadows (%): ['0.007']
    Lower Shadows (%): ['0.049']
Volumes: [np.float64(5875.0)]
==================================================
2025-05-15 09:25:15,472 - INFO - 
==================================================
EMA Cross Analysis - ACX/USDT
Time: 2025-05-15 09:25:00+09:00
Type: golden
Cross Character (Current): Weak
Cross Character (New): Weak
Price at Cross: 0.2533

1. Pre-Cross Pattern (15min):
EMA Distance Changes (%): ['0.092', '0.050', '0.010', '0.025']
EMA12 Changes (%): ['0.009', '0.069', '0.070', '0.065']
Price Changes (%): ['0.318', '0.397', '0.079', '0.039']
Candle Analysis:
    Body Sizes (%): ['0.279', '0.397', '0.040', '0.039']
    Upper Shadows (%): ['0.080', '0.040', '0.158', '0.000']
    Lower Shadows (%): ['0.080', '0.000', '0.277', '0.000']
Volumes: [np.float64(39506.7), np.float64(28235.2), np.float64(53685.8), np.float64(901.3)]
2025-05-15 09:25:15,472 - INFO - 
2. Post-Cross Movement (30min):
5min Price Changes (%): []
Maximum Change: 0.000% after 0 minutes
Candle Analysis:
    Body Sizes (%): []
    Upper Shadows (%): []
    Lower Shadows (%): []
Volumes: []
==================================================
2025-05-15 09:25:15,907 - INFO - 
==================================================
EMA Cross Analysis - POL/USDT
Time: 2025-05-15 09:25:00+09:00
Type: golden
Cross Character (Current): Weak
Cross Character (New): Weak
Price at Cross: 0.25053

1. Pre-Cross Pattern (15min):
EMA Distance Changes (%): ['0.103', '0.037', '0.001', '0.028']
EMA12 Changes (%): ['0.053', '0.113', '0.064', '0.056']
Price Changes (%): ['0.438', '0.440', '-0.199', '0.008']
Candle Analysis:
    Body Sizes (%): ['0.442', '0.436', '0.203', '0.012']
    Upper Shadows (%): ['0.016', '0.040', '0.175', '0.012']
    Lower Shadows (%): ['0.000', '0.000', '0.028', '0.008']
Volumes: [np.float64(614237.0), np.float64(496065.0), np.float64(314761.0), np.float64(2948.0)]
2025-05-15 09:25:15,907 - INFO - 
2. Post-Cross Movement (30min):
5min Price Changes (%): []
Maximum Change: 0.000% after 0 minutes
Candle Analysis:
    Body Sizes (%): []
    Upper Shadows (%): []
    Lower Shadows (%): []
Volumes: []
==================================================
2025-05-15 09:25:16,562 - INFO - 
==================================================
EMA Cross Analysis - PHA/USDT
Time: 2025-05-15 09:20:00+09:00
Type: golden
Cross Character (Current): Weak
Cross Character (New): Weak
Price at Cross: 0.14757

1. Pre-Cross Pattern (15min):
EMA Distance Changes (%): ['0.143', '0.132', '0.058', '0.002']
EMA12 Changes (%): ['-0.017', '0.001', '0.123', '0.108']
Price Changes (%): ['0.110', '0.103', '0.793', '0.027']
Candle Analysis:
    Body Sizes (%): ['0.123', '0.089', '0.765', '0.068']
    Upper Shadows (%): ['0.000', '0.041', '0.123', '0.285']
    Lower Shadows (%): ['0.192', '0.226', '0.041', '0.210']
Volumes: [np.float64(119506.0), np.float64(66067.0), np.float64(107898.0), np.float64(218262.0)]
2025-05-15 09:25:16,562 - INFO - 
2. Post-Cross Movement (30min):
5min Price Changes (%): ['0.000']
Maximum Change: 0.000% after 0 minutes
Candle Analysis:
    Body Sizes (%): ['0.000']
    Upper Shadows (%): ['0.000']
    Lower Shadows (%): ['0.054']
Volumes: [np.float64(3544.0)]
==================================================
2025-05-15 09:25:19,270 - INFO - 
==================================================
EMA Cross Analysis - EOS/USDT
Time: 2025-05-15 09:20:00+09:00
Type: golden
Cross Character (Current): Weak
Cross Character (New): Weak
Price at Cross: 0.802

1. Pre-Cross Pattern (15min):
EMA Distance Changes (%): ['0.115', '0.075', '0.023', '0.038']
EMA12 Changes (%): ['0.003', '0.061', '0.090', '0.115']
Price Changes (%): ['0.252', '0.377', '0.251', '0.250']
Candle Analysis:
    Body Sizes (%): ['0.252', '0.251', '0.376', '0.250']
    Upper Shadows (%): ['0.126', '0.126', '0.502', '0.250']
    Lower Shadows (%): ['0.126', '0.251', '0.000', '0.000']
Volumes: [np.float64(913330.7), np.float64(765112.4), np.float64(927486.0), np.float64(947498.3)]
2025-05-15 09:25:19,271 - INFO - 
2. Post-Cross Movement (30min):
5min Price Changes (%): ['0.000']
Maximum Change: 0.000% after 0 minutes
Candle Analysis:
    Body Sizes (%): ['0.000']
    Upper Shadows (%): ['0.000']
    Lower Shadows (%): ['0.125']
Volumes: [np.float64(27740.6)]
==================================================
2025-05-15 09:25:21,399 - INFO - 
==================================================
EMA Cross Analysis - AVAX/USDT
Time: 2025-05-15 09:20:00+09:00
Type: golden
Cross Character (Current): Weak
Cross Character (New): Weak
Price at Cross: 25.043

1. Pre-Cross Pattern (15min):
EMA Distance Changes (%): ['0.103', '0.087', '0.031', '0.002']
EMA12 Changes (%): ['-0.048', '0.015', '0.096', '0.059']
Price Changes (%): ['-0.289', '0.358', '0.545', '-0.144']
Candle Analysis:
    Body Sizes (%): ['0.285', '0.354', '0.541', '0.144']
    Upper Shadows (%): ['0.044', '0.084', '0.080', '0.207']
    Lower Shadows (%): ['0.201', '0.000', '0.000', '0.036']
Volumes: [np.float64(55800.0), np.float64(29136.0), np.float64(51972.0), np.float64(34111.0)]
2025-05-15 09:25:21,400 - INFO - 
2. Post-Cross Movement (30min):
5min Price Changes (%): ['-0.032']
Maximum Change: -0.032% after 5 minutes
Candle Analysis:
    Body Sizes (%): ['0.032']
    Upper Shadows (%): ['0.000']
    Lower Shadows (%): ['0.032']
Volumes: [np.float64(1520.0)]
==================================================
2025-05-15 09:25:23,532 - INFO - 
==================================================
EMA Cross Analysis - VANA/USDT
Time: 2025-05-15 09:20:00+09:00
Type: dead
Cross Character (Current): Weak
Cross Character (New): Weak
Price at Cross: 6.5

1. Pre-Cross Pattern (15min):
EMA Distance Changes (%): ['0.024', '0.022', '0.005', '0.002']
EMA12 Changes (%): ['0.023', '0.001', '0.048', '-0.011']
Price Changes (%): ['0.031', '-0.123', '0.308', '-0.337']
Candle Analysis:
    Body Sizes (%): ['0.031', '0.123', '0.308', '0.353']
    Upper Shadows (%): ['0.154', '0.169', '0.200', '0.184']
    Lower Shadows (%): ['0.215', '0.015', '0.000', '0.000']
Volumes: [np.float64(5466.7), np.float64(4722.46), np.float64(5947.77), np.float64(12384.16)]
2025-05-15 09:25:23,532 - INFO - 
2. Post-Cross Movement (30min):
5min Price Changes (%): ['0.031']
Maximum Change: 0.031% after 5 minutes
Candle Analysis:
    Body Sizes (%): ['0.015']
    Upper Shadows (%): ['0.015']
    Lower Shadows (%): ['0.015']
Volumes: [np.float64(1065.42)]
==================================================
2025-05-15 09:31:01,523 - INFO - 
==================================================
EMA Cross Analysis - ACX/USDT
Time: 2025-05-15 09:25:00+09:00
Type: golden
Cross Character (Current): Weak
Cross Character (New): Weak
Price at Cross: 0.253

1. Pre-Cross Pattern (15min):
EMA Distance Changes (%): ['0.092', '0.050', '0.010', '0.015']
EMA12 Changes (%): ['0.009', '0.069', '0.070', '0.047']
Price Changes (%): ['0.318', '0.397', '0.079', '-0.079']
Candle Analysis:
    Body Sizes (%): ['0.279', '0.397', '0.040', '0.079']
    Upper Shadows (%): ['0.080', '0.040', '0.158', '0.039']
    Lower Shadows (%): ['0.080', '0.000', '0.277', '0.039']
Volumes: [np.float64(39506.7), np.float64(28235.2), np.float64(53685.8), np.float64(11119.6)]
2025-05-15 09:31:01,523 - INFO - 
2. Post-Cross Movement (30min):
5min Price Changes (%): ['0.079']
Maximum Change: 0.079% after 5 minutes
Candle Analysis:
    Body Sizes (%): ['0.079']
    Upper Shadows (%): ['0.000']
    Lower Shadows (%): ['0.000']
Volumes: [np.float64(2681.7)]
==================================================
2025-05-15 09:31:01,958 - INFO - 
==================================================
EMA Cross Analysis - POL/USDT
Time: 2025-05-15 09:25:00+09:00
Type: golden
Cross Character (Current): Weak
Cross Character (New): Weak
Price at Cross: 0.25041

1. Pre-Cross Pattern (15min):
EMA Distance Changes (%): ['0.103', '0.037', '0.001', '0.024']
EMA12 Changes (%): ['0.053', '0.113', '0.064', '0.048']
Price Changes (%): ['0.438', '0.440', '-0.199', '-0.040']
Candle Analysis:
    Body Sizes (%): ['0.442', '0.436', '0.203', '0.036']
    Upper Shadows (%): ['0.016', '0.040', '0.175', '0.048']
    Lower Shadows (%): ['0.000', '0.000', '0.028', '0.072']
Volumes: [np.float64(614237.0), np.float64(496065.0), np.float64(314761.0), np.float64(304274.0)]
2025-05-15 09:31:01,959 - INFO - 
2. Post-Cross Movement (30min):
5min Price Changes (%): ['0.176']
Maximum Change: 0.176% after 5 minutes
Candle Analysis:
    Body Sizes (%): ['0.180']
    Upper Shadows (%): ['0.020']
    Lower Shadows (%): ['0.012']
Volumes: [np.float64(32562.0)]
==================================================
2025-05-15 09:35:39,621 - INFO - 
==================================================
EMA Cross Analysis - MOODENG/USDT
Time: 2025-05-15 09:30:00+09:00
Type: dead
Cross Character (Current): Strong
Cross Character (New): Weak
Price at Cross: 0.23861

1. Pre-Cross Pattern (15min):
EMA Distance Changes (%): ['0.449', '0.305', '0.139', '0.180']
EMA12 Changes (%): ['-0.081', '-0.218', '-0.275', '-0.580']
Price Changes (%): ['0.608', '-0.976', '-0.590', '-2.289']
Candle Analysis:
    Body Sizes (%): ['0.596', '0.980', '0.590', '2.289']
    Upper Shadows (%): ['0.227', '0.016', '0.342', '0.553']
    Lower Shadows (%): ['0.969', '0.665', '0.313', '0.229']
Volumes: [np.float64(14072995.0), np.float64(11201131.0), np.float64(11888034.0), np.float64(26768047.0)]
2025-05-15 09:35:39,622 - INFO - 
2. Post-Cross Movement (30min):
5min Price Changes (%): ['0.377']
Maximum Change: 0.377% after 5 minutes
Candle Analysis:
    Body Sizes (%): ['0.369']
    Upper Shadows (%): ['0.013']
    Lower Shadows (%): ['0.306']
Volumes: [np.float64(4170675.0)]
==================================================
2025-05-15 10:05:48,433 - INFO - 
==================================================
EMA Cross Analysis - VANA/USDT
Time: 2025-05-15 10:00:00+09:00
Type: golden
Cross Character (Current): Weak
Cross Character (New): Weak
Price at Cross: 6.525

1. Pre-Cross Pattern (15min):
EMA Distance Changes (%): ['0.052', '0.041', '0.023', '0.010']
EMA12 Changes (%): ['-0.009', '0.014', '0.028', '0.062']
Price Changes (%): ['-0.031', '0.139', '0.108', '0.246']
Candle Analysis:
    Body Sizes (%): ['0.046', '0.123', '0.123', '0.277']
    Upper Shadows (%): ['0.231', '0.123', '0.015', '0.061']
    Lower Shadows (%): ['0.077', '0.000', '0.046', '0.123']
Volumes: [np.float64(11898.9), np.float64(2680.18), np.float64(6427.26), np.float64(5084.83)]
2025-05-15 10:05:48,433 - INFO - 
2. Post-Cross Movement (30min):
5min Price Changes (%): ['0.153']
Maximum Change: 0.153% after 5 minutes
Candle Analysis:
    Body Sizes (%): ['0.153']
    Upper Shadows (%): ['0.000']
    Lower Shadows (%): ['0.000']
Volumes: [np.float64(1085.35)]
==================================================
2025-05-15 10:16:01,166 - INFO - 
==================================================
EMA Cross Analysis - TIA/USDT
Time: 2025-05-15 10:15:00+09:00
Type: dead
Cross Character (Current): Weak
Cross Character (New): Weak
Price at Cross: 3.0418

1. Pre-Cross Pattern (15min):
EMA Distance Changes (%): ['0.175', '0.138', '0.058', '0.004']
EMA12 Changes (%): ['0.025', '-0.048', '-0.135', '-0.111']
Price Changes (%): ['-0.123', '-0.449', '-0.611', '0.023']
Candle Analysis:
    Body Sizes (%): ['0.110', '0.452', '0.611', '0.030']
    Upper Shadows (%): ['0.006', '0.039', '0.000', '0.030']
    Lower Shadows (%): ['0.253', '0.000', '0.023', '0.178']
Volumes: [np.float64(82658.0), np.float64(68748.0), np.float64(216327.0), np.float64(39598.0)]
2025-05-15 10:16:01,166 - INFO - 
2. Post-Cross Movement (30min):
5min Price Changes (%): []
Maximum Change: 0.000% after 0 minutes
Candle Analysis:
    Body Sizes (%): []
    Upper Shadows (%): []
    Lower Shadows (%): []
Volumes: []
==================================================
2025-05-15 10:16:01,599 - INFO - 
==================================================
EMA Cross Analysis - BAN/USDT
Time: 2025-05-15 10:15:00+09:00
Type: dead
Cross Character (Current): Weak
Cross Character (New): Weak
Price at Cross: 0.06495

1. Pre-Cross Pattern (15min):
EMA Distance Changes (%): ['0.126', '0.099', '0.039', '0.010']
EMA12 Changes (%): ['0.009', '-0.034', '-0.102', '-0.089']
Price Changes (%): ['-0.046', '-0.275', '-0.475', '-0.015']
Candle Analysis:
    Body Sizes (%): ['0.061', '0.275', '0.460', '0.015']
    Upper Shadows (%): ['0.015', '0.015', '0.000', '0.046']
    Lower Shadows (%): ['0.183', '0.015', '0.061', '0.031']
Volumes: [np.float64(77551.0), np.float64(44424.0), np.float64(67680.0), np.float64(37517.0)]
2025-05-15 10:16:01,599 - INFO - 
2. Post-Cross Movement (30min):
5min Price Changes (%): []
Maximum Change: 0.000% after 0 minutes
Candle Analysis:
    Body Sizes (%): []
    Upper Shadows (%): []
    Lower Shadows (%): []
Volumes: []
==================================================
2025-05-15 10:16:02,035 - INFO - 
==================================================
EMA Cross Analysis - ORCA/USDT
Time: 2025-05-15 10:15:00+09:00
Type: dead
Cross Character (Current): Weak
Cross Character (New): Weak
Price at Cross: 2.83

1. Pre-Cross Pattern (15min):
EMA Distance Changes (%): ['0.144', '0.110', '0.049', '0.000']
EMA12 Changes (%): ['0.017', '-0.045', '-0.103', '-0.087']
Price Changes (%): ['-0.070', '-0.386', '-0.422', '0.000']
Candle Analysis:
    Body Sizes (%): ['0.035', '0.420', '0.457', '0.000']
    Upper Shadows (%): ['0.035', '0.070', '0.000', '0.000']
    Lower Shadows (%): ['0.210', '0.000', '0.070', '0.141']
Volumes: [np.float64(8107.6), np.float64(8547.3), np.float64(16910.2), np.float64(2823.7)]
2025-05-15 10:16:02,035 - INFO - 
2. Post-Cross Movement (30min):
5min Price Changes (%): []
Maximum Change: 0.000% after 0 minutes
Candle Analysis:
    Body Sizes (%): []
    Upper Shadows (%): []
    Lower Shadows (%): []
Volumes: []
==================================================
2025-05-15 10:16:03,559 - INFO - 
==================================================
EMA Cross Analysis - 1000PEPE/USDT
Time: 2025-05-15 10:15:00+09:00
Type: dead
Cross Character (Current): Weak
Cross Character (New): Weak
Price at Cross: 0.0138137

1. Pre-Cross Pattern (15min):
EMA Distance Changes (%): ['0.196', '0.163', '0.044', '0.045']
EMA12 Changes (%): ['0.020', '-0.037', '-0.208', '-0.164']
Price Changes (%): ['0.290', '-0.345', '-1.152', '0.082']
Candle Analysis:
    Body Sizes (%): ['0.293', '0.348', '1.154', '0.078']
    Upper Shadows (%): ['0.029', '0.116', '0.011', '0.000']
    Lower Shadows (%): ['0.188', '0.024', '0.077', '0.275']
Volumes: [np.float64(191460080.0), np.float64(119668324.0), np.float64(799522131.0), np.float64(99579666.0)]
2025-05-15 10:16:03,559 - INFO - 
2. Post-Cross Movement (30min):
5min Price Changes (%): []
Maximum Change: 0.000% after 0 minutes
Candle Analysis:
    Body Sizes (%): []
    Upper Shadows (%): []
    Lower Shadows (%): []
Volumes: []
==================================================
2025-05-15 10:16:04,865 - INFO - 
==================================================
EMA Cross Analysis - PHA/USDT
Time: 2025-05-15 10:15:00+09:00
Type: dead
Cross Character (Current): Weak
Cross Character (New): Weak
Price at Cross: 0.14582

1. Pre-Cross Pattern (15min):
EMA Distance Changes (%): ['0.201', '0.177', '0.072', '0.009']
EMA12 Changes (%): ['0.021', '-0.020', '-0.178', '-0.144']
Price Changes (%): ['-0.203', '-0.244', '-1.045', '0.041']
Candle Analysis:
    Body Sizes (%): ['0.196', '0.251', '1.045', '0.034']
    Upper Shadows (%): ['0.210', '0.027', '0.034', '0.000']
    Lower Shadows (%): ['0.338', '0.298', '0.265', '0.137']
Volumes: [np.float64(408885.0), np.float64(106896.0), np.float64(656415.0), np.float64(63400.0)]
2025-05-15 10:16:04,866 - INFO - 
2. Post-Cross Movement (30min):
5min Price Changes (%): []
Maximum Change: 0.000% after 0 minutes
Candle Analysis:
    Body Sizes (%): []
    Upper Shadows (%): []
    Lower Shadows (%): []
Volumes: []
==================================================
2025-05-15 10:16:09,486 - INFO - 
==================================================
EMA Cross Analysis - SUI/USDT
Time: 2025-05-15 10:15:00+09:00
Type: dead
Cross Character (Current): Weak
Cross Character (New): Weak
Price at Cross: 3.909

1. Pre-Cross Pattern (15min):
EMA Distance Changes (%): ['0.120', '0.084', '0.033', '0.010']
EMA12 Changes (%): ['0.015', '-0.052', '-0.088', '-0.077']
Price Changes (%): ['-0.008', '-0.422', '-0.286', '-0.015']
Candle Analysis:
    Body Sizes (%): ['0.005', '0.424', '0.286', '0.015']
    Upper Shadows (%): ['0.079', '0.086', '0.010', '0.097']
    Lower Shadows (%): ['0.175', '0.000', '0.107', '0.067']
Volumes: [np.float64(192940.1), np.float64(385382.2), np.float64(894957.7), np.float64(109683.0)]
2025-05-15 10:16:09,486 - INFO - 
2. Post-Cross Movement (30min):
5min Price Changes (%): []
Maximum Change: 0.000% after 0 minutes
Candle Analysis:
    Body Sizes (%): []
    Upper Shadows (%): []
    Lower Shadows (%): []
Volumes: []
==================================================
2025-05-15 10:16:09,702 - INFO - 
==================================================
EMA Cross Analysis - AVAX/USDT
Time: 2025-05-15 10:15:00+09:00
Type: dead
Cross Character (Current): Weak
Cross Character (New): Weak
Price at Cross: 24.882

1. Pre-Cross Pattern (15min):
EMA Distance Changes (%): ['0.105', '0.074', '0.027', '0.013']
EMA12 Changes (%): ['0.014', '-0.045', '-0.080', '-0.072']
Price Changes (%): ['0.024', '-0.371', '-0.272', '-0.028']
Candle Analysis:
    Body Sizes (%): ['0.024', '0.375', '0.268', '0.024']
    Upper Shadows (%): ['0.032', '0.044', '0.000', '0.036']
    Lower Shadows (%): ['0.240', '0.004', '0.180', '0.125']
Volumes: [np.float64(25723.0), np.float64(15745.0), np.float64(46068.0), np.float64(3760.0)]
2025-05-15 10:16:09,702 - INFO - 
2. Post-Cross Movement (30min):
5min Price Changes (%): []
Maximum Change: 0.000% after 0 minutes
Candle Analysis:
    Body Sizes (%): []
    Upper Shadows (%): []
    Lower Shadows (%): []
Volumes: []
==================================================
2025-05-15 10:16:11,829 - INFO - 
==================================================
EMA Cross Analysis - VANA/USDT
Time: 2025-05-15 10:10:00+09:00
Type: dead
Cross Character (Current): Weak
Cross Character (New): Weak
Price at Cross: 6.471

1. Pre-Cross Pattern (15min):
EMA Distance Changes (%): ['0.023', '0.010', '0.013', '0.028']
EMA12 Changes (%): ['0.028', '0.062', '0.007', '-0.077']
Price Changes (%): ['0.108', '0.246', '-0.291', '-0.538']
Candle Analysis:
    Body Sizes (%): ['0.123', '0.277', '0.291', '0.523']
    Upper Shadows (%): ['0.015', '0.061', '0.291', '0.000']
    Lower Shadows (%): ['0.046', '0.123', '0.015', '0.000']
Volumes: [np.float64(6427.26), np.float64(5084.83), np.float64(8173.64), np.float64(16665.2)]
2025-05-15 10:16:11,829 - INFO - 
2. Post-Cross Movement (30min):
5min Price Changes (%): ['0.015']
Maximum Change: 0.015% after 5 minutes
Candle Analysis:
    Body Sizes (%): ['0.015']
    Upper Shadows (%): ['0.046']
    Lower Shadows (%): ['0.155']
Volumes: [np.float64(936.67)]
==================================================
2025-05-15 10:20:38,522 - INFO - 
==================================================
EMA Cross Analysis - TIA/USDT
Time: 2025-05-15 10:20:00+09:00
Type: dead
Cross Character (Current): Weak
Cross Character (New): Weak
Price at Cross: 3.048

1. Pre-Cross Pattern (15min):
EMA Distance Changes (%): ['0.138', '0.058', '0.014', '0.022']
EMA12 Changes (%): ['-0.048', '-0.135', '-0.075', '-0.068']
Price Changes (%): ['-0.449', '-0.611', '0.253', '-0.026']
Candle Analysis:
    Body Sizes (%): ['0.452', '0.611', '0.260', '0.033']
    Upper Shadows (%): ['0.039', '0.000', '0.184', '0.000']
    Lower Shadows (%): ['0.000', '0.023', '0.178', '0.180']
Volumes: [np.float64(68748.0), np.float64(216327.0), np.float64(172532.0), np.float64(53011.0)]
2025-05-15 10:20:38,523 - INFO - 
2. Post-Cross Movement (30min):
5min Price Changes (%): []
Maximum Change: 0.000% after 0 minutes
Candle Analysis:
    Body Sizes (%): []
    Upper Shadows (%): []
    Lower Shadows (%): []
Volumes: []
==================================================
2025-05-15 10:20:38,955 - INFO - 
==================================================
EMA Cross Analysis - BAN/USDT
Time: 2025-05-15 10:20:00+09:00
Type: dead
Cross Character (Current): Weak
Cross Character (New): Weak
Price at Cross: 0.06504

1. Pre-Cross Pattern (15min):
EMA Distance Changes (%): ['0.099', '0.039', '0.009', '0.023']
EMA12 Changes (%): ['-0.034', '-0.102', '-0.051', '-0.060']
Price Changes (%): ['-0.275', '-0.475', '0.231', '-0.108']
Candle Analysis:
    Body Sizes (%): ['0.275', '0.460', '0.262', '0.108']
    Upper Shadows (%): ['0.015', '0.000', '0.000', '0.000']
    Lower Shadows (%): ['0.015', '0.061', '0.031', '0.000']
Volumes: [np.float64(44424.0), np.float64(67680.0), np.float64(77682.0), np.float64(1494.0)]
2025-05-15 10:20:38,955 - INFO - 
2. Post-Cross Movement (30min):
5min Price Changes (%): []
Maximum Change: 0.000% after 0 minutes
Candle Analysis:
    Body Sizes (%): []
    Upper Shadows (%): []
    Lower Shadows (%): []
Volumes: []
==================================================
2025-05-15 10:20:39,390 - INFO - 
==================================================
EMA Cross Analysis - ORCA/USDT
Time: 2025-05-15 10:20:00+09:00
Type: dead
Cross Character (Current): Weak
Cross Character (New): Weak
Price at Cross: 2.833

1. Pre-Cross Pattern (15min):
EMA Distance Changes (%): ['0.110', '0.049', '0.019', '0.015']
EMA12 Changes (%): ['-0.045', '-0.103', '-0.049', '-0.063']
Price Changes (%): ['-0.386', '-0.422', '0.247', '-0.141']
Candle Analysis:
    Body Sizes (%): ['0.420', '0.457', '0.247', '0.141']
    Upper Shadows (%): ['0.070', '0.000', '0.000', '0.000']
    Lower Shadows (%): ['0.000', '0.070', '0.141', '0.035']
Volumes: [np.float64(8547.3), np.float64(16910.2), np.float64(8269.5), np.float64(2184.6)]
2025-05-15 10:20:39,390 - INFO - 
2. Post-Cross Movement (30min):
5min Price Changes (%): []
Maximum Change: 0.000% after 0 minutes
Candle Analysis:
    Body Sizes (%): []
    Upper Shadows (%): []
    Lower Shadows (%): []
Volumes: []
==================================================
2025-05-15 10:20:40,915 - INFO - 
==================================================
EMA Cross Analysis - 1000PEPE/USDT
Time: 2025-05-15 10:15:00+09:00
Type: dead
Cross Character (Current): Weak
Cross Character (New): Weak
Price at Cross: 0.0138449

1. Pre-Cross Pattern (15min):
EMA Distance Changes (%): ['0.196', '0.163', '0.044', '0.027']
EMA12 Changes (%): ['0.020', '-0.037', '-0.208', '-0.129']
Price Changes (%): ['0.290', '-0.345', '-1.152', '0.308']
Candle Analysis:
    Body Sizes (%): ['0.293', '0.348', '1.154', '0.304']
    Upper Shadows (%): ['0.029', '0.116', '0.011', '0.154']
    Lower Shadows (%): ['0.188', '0.024', '0.077', '0.275']
Volumes: [np.float64(191460080.0), np.float64(119668324.0), np.float64(799522131.0), np.float64(287733330.0)]
2025-05-15 10:20:40,915 - INFO - 
2. Post-Cross Movement (30min):
5min Price Changes (%): ['-0.143']
Maximum Change: -0.143% after 5 minutes
Candle Analysis:
    Body Sizes (%): ['0.142']
    Upper Shadows (%): ['0.010']
    Lower Shadows (%): ['0.072']
Volumes: [np.float64(45609720.0)]
==================================================
2025-05-15 10:20:42,222 - INFO - 
==================================================
EMA Cross Analysis - PHA/USDT
Time: 2025-05-15 10:20:00+09:00
Type: dead
Cross Character (Current): Weak
Cross Character (New): Weak
Price at Cross: 0.14617

1. Pre-Cross Pattern (15min):
EMA Distance Changes (%): ['0.177', '0.072', '0.021', '0.030']
EMA12 Changes (%): ['-0.020', '-0.178', '-0.088', '-0.094']
Price Changes (%): ['-0.244', '-1.045', '0.412', '-0.130']
Candle Analysis:
    Body Sizes (%): ['0.251', '1.045', '0.405', '0.164']
    Upper Shadows (%): ['0.027', '0.034', '0.103', '0.000']
    Lower Shadows (%): ['0.298', '0.265', '0.137', '0.055']
Volumes: [np.float64(106896.0), np.float64(656415.0), np.float64(102334.0), np.float64(14848.0)]
2025-05-15 10:20:42,223 - INFO - 
2. Post-Cross Movement (30min):
5min Price Changes (%): []
Maximum Change: 0.000% after 0 minutes
Candle Analysis:
    Body Sizes (%): []
    Upper Shadows (%): []
    Lower Shadows (%): []
Volumes: []
==================================================
2025-05-15 10:20:44,925 - INFO - 
==================================================
EMA Cross Analysis - EOS/USDT
Time: 2025-05-15 10:20:00+09:00
Type: dead
Cross Character (Current): Weak
Cross Character (New): Weak
Price at Cross: 0.793

1. Pre-Cross Pattern (15min):
EMA Distance Changes (%): ['0.104', '0.062', '0.018', '0.028']
EMA12 Changes (%): ['0.034', '-0.067', '-0.076', '-0.084']
Price Changes (%): ['-0.249', '-0.625', '-0.126', '-0.126']
Candle Analysis:
    Body Sizes (%): ['0.249', '0.501', '0.000', '0.126']
    Upper Shadows (%): ['0.125', '0.125', '0.378', '0.126']
    Lower Shadows (%): ['0.125', '0.125', '0.378', '0.000']
Volumes: [np.float64(493759.5), np.float64(375779.6), np.float64(602082.2), np.float64(59931.1)]
2025-05-15 10:20:44,925 - INFO - 
2. Post-Cross Movement (30min):
5min Price Changes (%): []
Maximum Change: 0.000% after 0 minutes
Candle Analysis:
    Body Sizes (%): []
    Upper Shadows (%): []
    Lower Shadows (%): []
Volumes: []
==================================================
2025-05-15 10:20:45,791 - INFO - 
==================================================
EMA Cross Analysis - RENDER/USDT
Time: 2025-05-15 10:20:00+09:00
Type: dead
Cross Character (Current): Weak
Cross Character (New): Weak
Price at Cross: 5.093

1. Pre-Cross Pattern (15min):
EMA Distance Changes (%): ['0.154', '0.082', '0.043', '0.002']
EMA12 Changes (%): ['-0.046', '-0.117', '-0.063', '-0.081']
Price Changes (%): ['-0.428', '-0.508', '0.236', '-0.176']
Candle Analysis:
    Body Sizes (%): ['0.448', '0.489', '0.255', '0.196']
    Upper Shadows (%): ['0.039', '0.020', '0.098', '0.000']
    Lower Shadows (%): ['0.000', '0.039', '0.157', '0.000']
Volumes: [np.float64(10262.4), np.float64(52551.8), np.float64(18943.8), np.float64(5675.3)]
2025-05-15 10:20:45,791 - INFO - 
2. Post-Cross Movement (30min):
5min Price Changes (%): []
Maximum Change: 0.000% after 0 minutes
Candle Analysis:
    Body Sizes (%): []
    Upper Shadows (%): []
    Lower Shadows (%): []
Volumes: []
==================================================
2025-05-15 10:20:46,837 - INFO - 
==================================================
EMA Cross Analysis - SUI/USDT
Time: 2025-05-15 10:20:00+09:00
Type: dead
Cross Character (Current): Weak
Cross Character (New): Weak
Price at Cross: 3.9098

1. Pre-Cross Pattern (15min):
EMA Distance Changes (%): ['0.084', '0.033', '0.009', '0.027']
EMA12 Changes (%): ['-0.052', '-0.088', '-0.041', '-0.067']
Price Changes (%): ['-0.422', '-0.286', '0.220', '-0.214']
Candle Analysis:
    Body Sizes (%): ['0.424', '0.286', '0.220', '0.217']
    Upper Shadows (%): ['0.086', '0.010', '0.005', '0.000']
    Lower Shadows (%): ['0.000', '0.107', '0.082', '0.008']
Volumes: [np.float64(385382.2), np.float64(894957.7), np.float64(330313.8), np.float64(73606.5)]
2025-05-15 10:20:46,837 - INFO - 
2. Post-Cross Movement (30min):
5min Price Changes (%): []
Maximum Change: 0.000% after 0 minutes
Candle Analysis:
    Body Sizes (%): []
    Upper Shadows (%): []
    Lower Shadows (%): []
Volumes: []
==================================================
2025-05-15 10:20:47,055 - INFO - 
==================================================
EMA Cross Analysis - AVAX/USDT
Time: 2025-05-15 10:20:00+09:00
Type: dead
Cross Character (Current): Weak
Cross Character (New): Weak
Price at Cross: 24.88

1. Pre-Cross Pattern (15min):
EMA Distance Changes (%): ['0.074', '0.027', '0.005', '0.031']
EMA12 Changes (%): ['-0.045', '-0.080', '-0.038', '-0.068']
Price Changes (%): ['-0.371', '-0.272', '0.197', '-0.233']
Candle Analysis:
    Body Sizes (%): ['0.375', '0.268', '0.201', '0.245']
    Upper Shadows (%): ['0.044', '0.000', '0.080', '0.000']
    Lower Shadows (%): ['0.004', '0.180', '0.149', '0.020']
Volumes: [np.float64(15745.0), np.float64(46068.0), np.float64(16082.0), np.float64(3964.0)]
2025-05-15 10:20:47,056 - INFO - 
2. Post-Cross Movement (30min):
5min Price Changes (%): []
Maximum Change: 0.000% after 0 minutes
Candle Analysis:
    Body Sizes (%): []
    Upper Shadows (%): []
    Lower Shadows (%): []
Volumes: []
==================================================
2025-05-15 10:25:15,874 - INFO - 
==================================================
EMA Cross Analysis - TIA/USDT
Time: 2025-05-15 10:20:00+09:00
Type: dead
Cross Character (Current): Weak
Cross Character (New): Weak
Price at Cross: 3.0464

1. Pre-Cross Pattern (15min):
EMA Distance Changes (%): ['0.138', '0.058', '0.014', '0.026']
EMA12 Changes (%): ['-0.048', '-0.135', '-0.075', '-0.076']
Price Changes (%): ['-0.449', '-0.611', '0.253', '-0.079']
Candle Analysis:
    Body Sizes (%): ['0.452', '0.611', '0.260', '0.085']
    Upper Shadows (%): ['0.039', '0.000', '0.184', '0.177']
    Lower Shadows (%): ['0.000', '0.023', '0.178', '0.164']
Volumes: [np.float64(68748.0), np.float64(216327.0), np.float64(172532.0), np.float64(227740.0)]
2025-05-15 10:25:15,874 - INFO - 
2. Post-Cross Movement (30min):
5min Price Changes (%): ['-0.020']
Maximum Change: -0.020% after 5 minutes
Candle Analysis:
    Body Sizes (%): ['0.010']
    Upper Shadows (%): ['0.000']
    Lower Shadows (%): ['0.059']
Volumes: [np.float64(14561.0)]
==================================================
2025-05-15 10:25:16,313 - INFO - 
==================================================
EMA Cross Analysis - BAN/USDT
Time: 2025-05-15 10:20:00+09:00
Type: dead
Cross Character (Current): Weak
Cross Character (New): Weak
Price at Cross: 0.06496

1. Pre-Cross Pattern (15min):
EMA Distance Changes (%): ['0.099', '0.039', '0.009', '0.032']
EMA12 Changes (%): ['-0.034', '-0.102', '-0.051', '-0.079']
Price Changes (%): ['-0.275', '-0.475', '0.231', '-0.230']
Candle Analysis:
    Body Sizes (%): ['0.275', '0.460', '0.262', '0.230']
    Upper Shadows (%): ['0.015', '0.000', '0.000', '0.000']
    Lower Shadows (%): ['0.015', '0.061', '0.031', '0.077']
Volumes: [np.float64(44424.0), np.float64(67680.0), np.float64(77682.0), np.float64(40649.0)]
2025-05-15 10:25:16,313 - INFO - 
2. Post-Cross Movement (30min):
5min Price Changes (%): ['-0.062']
Maximum Change: -0.062% after 5 minutes
Candle Analysis:
    Body Sizes (%): ['0.062']
    Upper Shadows (%): ['0.000']
    Lower Shadows (%): ['0.000']
Volumes: [np.float64(3533.0)]
==================================================
2025-05-15 10:25:16,751 - INFO - 
==================================================
EMA Cross Analysis - ORCA/USDT
Time: 2025-05-15 10:20:00+09:00
Type: dead
Cross Character (Current): Weak
Cross Character (New): Weak
Price at Cross: 2.823

1. Pre-Cross Pattern (15min):
EMA Distance Changes (%): ['0.110', '0.049', '0.019', '0.043']
EMA12 Changes (%): ['-0.045', '-0.103', '-0.049', '-0.117']
Price Changes (%): ['-0.386', '-0.422', '0.247', '-0.493']
Candle Analysis:
    Body Sizes (%): ['0.420', '0.457', '0.247', '0.493']
    Upper Shadows (%): ['0.070', '0.000', '0.000', '0.000']
    Lower Shadows (%): ['0.000', '0.070', '0.141', '0.035']
Volumes: [np.float64(8547.3), np.float64(16910.2), np.float64(8269.5), np.float64(10675.9)]
2025-05-15 10:25:16,751 - INFO - 
2. Post-Cross Movement (30min):
5min Price Changes (%): ['-0.035']
Maximum Change: -0.035% after 5 minutes
Candle Analysis:
    Body Sizes (%): ['0.071']
    Upper Shadows (%): ['0.000']
    Lower Shadows (%): ['0.000']
Volumes: [np.float64(263.0)]
==================================================
2025-05-15 10:25:19,586 - INFO - 
==================================================
EMA Cross Analysis - PHA/USDT
Time: 2025-05-15 10:20:00+09:00
Type: dead
Cross Character (Current): Weak
Cross Character (New): Weak
Price at Cross: 0.14565

1. Pre-Cross Pattern (15min):
EMA Distance Changes (%): ['0.177', '0.072', '0.021', '0.059']
EMA12 Changes (%): ['-0.020', '-0.178', '-0.088', '-0.149']
Price Changes (%): ['-0.244', '-1.045', '0.412', '-0.485']
Candle Analysis:
    Body Sizes (%): ['0.251', '1.045', '0.405', '0.519']
    Upper Shadows (%): ['0.027', '0.034', '0.103', '0.000']
    Lower Shadows (%): ['0.298', '0.265', '0.137', '0.232']
Volumes: [np.float64(106896.0), np.float64(656415.0), np.float64(102334.0), np.float64(164050.0)]
2025-05-15 10:25:19,587 - INFO - 
2. Post-Cross Movement (30min):
5min Price Changes (%): ['-0.014']
Maximum Change: -0.014% after 5 minutes
Candle Analysis:
    Body Sizes (%): ['0.034']
    Upper Shadows (%): ['0.000']
    Lower Shadows (%): ['0.021']
Volumes: [np.float64(4419.0)]
==================================================
2025-05-15 10:25:21,199 - INFO - 
==================================================
EMA Cross Analysis - DOT/USDT
Time: 2025-05-15 10:20:00+09:00
Type: dead
Cross Character (Current): Weak
Cross Character (New): Weak
Price at Cross: 4.974

1. Pre-Cross Pattern (15min):
EMA Distance Changes (%): ['0.087', '0.049', '0.035', '0.001']
EMA12 Changes (%): ['-0.032', '-0.061', '-0.021', '-0.064']
Price Changes (%): ['-0.340', '-0.220', '0.201', '-0.301']
Candle Analysis:
    Body Sizes (%): ['0.359', '0.240', '0.201', '0.281']
    Upper Shadows (%): ['0.020', '0.000', '0.080', '0.000']
    Lower Shadows (%): ['0.000', '0.040', '0.141', '0.100']
Volumes: [np.float64(40817.8), np.float64(64324.6), np.float64(66539.0), np.float64(142801.5)]
2025-05-15 10:25:21,199 - INFO - 
2. Post-Cross Movement (30min):
5min Price Changes (%): ['0.020']
Maximum Change: 0.020% after 5 minutes
Candle Analysis:
    Body Sizes (%): ['0.020']
    Upper Shadows (%): ['0.000']
    Lower Shadows (%): ['0.060']
Volumes: [np.float64(12979.4)]
==================================================
2025-05-15 10:25:21,851 - INFO - 
==================================================
EMA Cross Analysis - THETA/USDT
Time: 2025-05-15 10:20:00+09:00
Type: dead
Cross Character (Current): Weak
Cross Character (New): Weak
Price at Cross: 0.9851

1. Pre-Cross Pattern (15min):
EMA Distance Changes (%): ['0.113', '0.053', '0.032', '0.026']
EMA12 Changes (%): ['-0.015', '-0.099', '-0.033', '-0.107']
Price Changes (%): ['-0.171', '-0.564', '0.334', '-0.515']
Candle Analysis:
    Body Sizes (%): ['0.171', '0.564', '0.345', '0.525']
    Upper Shadows (%): ['0.091', '0.000', '0.051', '0.000']
    Lower Shadows (%): ['0.040', '0.010', '0.213', '0.000']
Volumes: [np.float64(51336.0), np.float64(68227.8), np.float64(34949.6), np.float64(50148.3)]
2025-05-15 10:25:21,851 - INFO - 
2. Post-Cross Movement (30min):
5min Price Changes (%): ['-0.071']
Maximum Change: -0.071% after 5 minutes
Candle Analysis:
    Body Sizes (%): ['0.061']
    Upper Shadows (%): ['0.000']
    Lower Shadows (%): ['0.102']
Volumes: [np.float64(13809.7)]
==================================================
2025-05-15 10:25:22,287 - INFO - 
==================================================
EMA Cross Analysis - EOS/USDT
Time: 2025-05-15 10:20:00+09:00
Type: dead
Cross Character (Current): Weak
Cross Character (New): Weak
Price at Cross: 0.792

1. Pre-Cross Pattern (15min):
EMA Distance Changes (%): ['0.104', '0.062', '0.018', '0.038']
EMA12 Changes (%): ['0.034', '-0.067', '-0.076', '-0.103']
Price Changes (%): ['-0.249', '-0.625', '-0.126', '-0.252']
Candle Analysis:
    Body Sizes (%): ['0.249', '0.501', '0.000', '0.252']
    Upper Shadows (%): ['0.125', '0.125', '0.378', '0.126']
    Lower Shadows (%): ['0.125', '0.125', '0.378', '0.126']
Volumes: [np.float64(493759.5), np.float64(375779.6), np.float64(602082.2), np.float64(320717.4)]
2025-05-15 10:25:22,287 - INFO - 
2. Post-Cross Movement (30min):
5min Price Changes (%): ['0.000']
Maximum Change: 0.000% after 0 minutes
Candle Analysis:
    Body Sizes (%): ['0.126']
    Upper Shadows (%): ['0.000']
    Lower Shadows (%): ['0.126']
Volumes: [np.float64(24079.5)]
==================================================
2025-05-15 10:25:22,508 - INFO - 
==================================================
EMA Cross Analysis - XRP/USDT
Time: 2025-05-15 10:25:00+09:00
Type: dead
Cross Character (Current): Weak
Cross Character (New): Weak
Price at Cross: 2.5477

1. Pre-Cross Pattern (15min):
EMA Distance Changes (%): ['0.083', '0.058', '0.018', '0.016']
EMA12 Changes (%): ['-0.062', '-0.036', '-0.070', '-0.063']
Price Changes (%): ['-0.336', '0.110', '-0.258', '-0.024']
Candle Analysis:
    Body Sizes (%): ['0.340', '0.114', '0.258', '0.024']
    Upper Shadows (%): ['0.000', '0.071', '0.000', '0.027']
    Lower Shadows (%): ['0.078', '0.192', '0.063', '0.000']
Volumes: [np.float64(2843635.3), np.float64(1545399.2), np.float64(1228393.8), np.float64(60545.9)]
2025-05-15 10:25:22,508 - INFO - 
2. Post-Cross Movement (30min):
5min Price Changes (%): []
Maximum Change: 0.000% after 0 minutes
Candle Analysis:
    Body Sizes (%): []
    Upper Shadows (%): []
    Lower Shadows (%): []
Volumes: []
==================================================
2025-05-15 10:25:23,159 - INFO - 
==================================================
EMA Cross Analysis - RENDER/USDT
Time: 2025-05-15 10:20:00+09:00
Type: dead
Cross Character (Current): Weak
Cross Character (New): Weak
Price at Cross: 5.087

1. Pre-Cross Pattern (15min):
EMA Distance Changes (%): ['0.154', '0.082', '0.043', '0.012']
EMA12 Changes (%): ['-0.046', '-0.117', '-0.063', '-0.099']
Price Changes (%): ['-0.428', '-0.508', '0.236', '-0.294']
Candle Analysis:
    Body Sizes (%): ['0.448', '0.489', '0.255', '0.314']
    Upper Shadows (%): ['0.039', '0.020', '0.098', '0.000']
    Lower Shadows (%): ['0.000', '0.039', '0.157', '0.176']
Volumes: [np.float64(10262.4), np.float64(52551.8), np.float64(18943.8), np.float64(18389.8)]
2025-05-15 10:25:23,159 - INFO - 
2. Post-Cross Movement (30min):
5min Price Changes (%): ['-0.098']
Maximum Change: -0.098% after 5 minutes
Candle Analysis:
    Body Sizes (%): ['0.079']
    Upper Shadows (%): ['0.020']
    Lower Shadows (%): ['0.000']
Volumes: [np.float64(2170.7)]
==================================================
2025-05-15 10:25:24,203 - INFO - 
==================================================
EMA Cross Analysis - SUI/USDT
Time: 2025-05-15 10:20:00+09:00
Type: dead
Cross Character (Current): Weak
Cross Character (New): Weak
Price at Cross: 3.9024

1. Pre-Cross Pattern (15min):
EMA Distance Changes (%): ['0.084', '0.033', '0.009', '0.042']
EMA12 Changes (%): ['-0.052', '-0.088', '-0.041', '-0.096']
Price Changes (%): ['-0.422', '-0.286', '0.220', '-0.403']
Candle Analysis:
    Body Sizes (%): ['0.424', '0.286', '0.220', '0.406']
    Upper Shadows (%): ['0.086', '0.010', '0.005', '0.000']
    Lower Shadows (%): ['0.000', '0.107', '0.082', '0.059']
Volumes: [np.float64(385382.2), np.float64(894957.7), np.float64(330313.8), np.float64(505638.9)]
2025-05-15 10:25:24,203 - INFO - 
2. Post-Cross Movement (30min):
5min Price Changes (%): ['-0.092']
Maximum Change: -0.092% after 5 minutes
Candle Analysis:
    Body Sizes (%): ['0.092']
    Upper Shadows (%): ['0.026']
    Lower Shadows (%): ['0.000']
Volumes: [np.float64(66728.9)]
==================================================
2025-05-15 10:25:24,422 - INFO - 
==================================================
EMA Cross Analysis - AVAX/USDT
Time: 2025-05-15 10:20:00+09:00
Type: dead
Cross Character (Current): Weak
Cross Character (New): Weak
Price at Cross: 24.83

1. Pre-Cross Pattern (15min):
EMA Distance Changes (%): ['0.074', '0.027', '0.005', '0.047']
EMA12 Changes (%): ['-0.045', '-0.080', '-0.038', '-0.098']
Price Changes (%): ['-0.371', '-0.272', '0.197', '-0.433']
Candle Analysis:
    Body Sizes (%): ['0.375', '0.268', '0.201', '0.445']
    Upper Shadows (%): ['0.044', '0.000', '0.080', '0.000']
    Lower Shadows (%): ['0.004', '0.180', '0.149', '0.016']
Volumes: [np.float64(15745.0), np.float64(46068.0), np.float64(16082.0), np.float64(27881.0)]
2025-05-15 10:25:24,423 - INFO - 
2. Post-Cross Movement (30min):
5min Price Changes (%): ['-0.068']
Maximum Change: -0.068% after 5 minutes
Candle Analysis:
    Body Sizes (%): ['0.072']
    Upper Shadows (%): ['0.032']
    Lower Shadows (%): ['0.000']
Volumes: [np.float64(1410.0)]
==================================================
2025-05-15 10:25:25,509 - INFO - 
==================================================
EMA Cross Analysis - ZEN/USDT
Time: 2025-05-15 10:25:00+09:00
Type: dead
Cross Character (Current): Weak
Cross Character (New): Weak
Price at Cross: 10.25

1. Pre-Cross Pattern (15min):
EMA Distance Changes (%): ['0.131', '0.107', '0.051', '0.007']
EMA12 Changes (%): ['-0.111', '-0.027', '-0.093', '-0.104']
Price Changes (%): ['-0.494', '0.438', '-0.456', '-0.166']
Candle Analysis:
    Body Sizes (%): ['0.504', '0.438', '0.398', '0.156']
    Upper Shadows (%): ['0.000', '0.000', '0.000', '0.000']
    Lower Shadows (%): ['0.000', '0.195', '0.116', '0.000']
Volumes: [np.float64(2165.3), np.float64(1461.0), np.float64(3899.9), np.float64(88.2)]
2025-05-15 10:25:25,509 - INFO - 
2. Post-Cross Movement (30min):
5min Price Changes (%): []
Maximum Change: 0.000% after 0 minutes
Candle Analysis:
    Body Sizes (%): []
    Upper Shadows (%): []
    Lower Shadows (%): []
Volumes: []
==================================================
2025-05-15 10:25:25,949 - INFO - 
==================================================
EMA Cross Analysis - USUAL/USDT
Time: 2025-05-15 10:25:00+09:00
Type: dead
Cross Character (Current): Weak
Cross Character (New): Weak
Price at Cross: 0.1587

1. Pre-Cross Pattern (15min):
EMA Distance Changes (%): ['0.168', '0.092', '0.003', '0.072']
EMA12 Changes (%): ['-0.275', '-0.119', '-0.158', '-0.144']
Price Changes (%): ['-1.617', '0.759', '-0.376', '-0.063']
Candle Analysis:
    Body Sizes (%): ['1.617', '0.695', '0.376', '0.000']
    Upper Shadows (%): ['0.000', '0.063', '0.125', '0.063']
    Lower Shadows (%): ['0.187', '0.063', '0.251', '0.063']
Volumes: [np.float64(4607604.0), np.float64(739338.0), np.float64(846108.0), np.float64(71858.0)]
2025-05-15 10:25:25,950 - INFO - 
2. Post-Cross Movement (30min):
5min Price Changes (%): []
Maximum Change: 0.000% after 0 minutes
Candle Analysis:
    Body Sizes (%): []
    Upper Shadows (%): []
    Lower Shadows (%): []
Volumes: []
==================================================
2025-05-15 10:31:04,574 - INFO - 
==================================================
EMA Cross Analysis - BAKE/USDT
Time: 2025-05-15 10:30:00+09:00
Type: dead
Cross Character (Current): Weak
Cross Character (New): Weak
Price at Cross: 0.1471

1. Pre-Cross Pattern (15min):
EMA Distance Changes (%): ['0.149', '0.104', '0.056', '0.004']
EMA12 Changes (%): ['-0.005', '-0.067', '-0.077', '-0.107']
Price Changes (%): ['0.406', '-0.405', '-0.135', '-0.271']
Candle Analysis:
    Body Sizes (%): ['0.474', '0.337', '0.203', '0.204']
    Upper Shadows (%): ['0.000', '0.000', '0.068', '0.136']
    Lower Shadows (%): ['0.136', '0.067', '0.000', '0.000']
Volumes: [np.float64(145396.0), np.float64(226540.0), np.float64(150208.0), np.float64(70200.0)]
2025-05-15 10:31:04,574 - INFO - 
2. Post-Cross Movement (30min):
5min Price Changes (%): []
Maximum Change: 0.000% after 0 minutes
Candle Analysis:
    Body Sizes (%): []
    Upper Shadows (%): []
    Lower Shadows (%): []
Volumes: []
==================================================
2025-05-15 10:31:05,181 - INFO - 
==================================================
EMA Cross Analysis - ACX/USDT
Time: 2025-05-15 10:30:00+09:00
Type: dead
Cross Character (Current): Weak
Cross Character (New): Weak
Price at Cross: 0.2514

1. Pre-Cross Pattern (15min):
EMA Distance Changes (%): ['0.054', '0.032', '0.002', '0.034']
EMA12 Changes (%): ['-0.004', '-0.034', '-0.053', '-0.069']
Price Changes (%): ['0.238', '-0.198', '-0.159', '-0.159']
Candle Analysis:
    Body Sizes (%): ['0.238', '0.158', '0.119', '0.159']
    Upper Shadows (%): ['0.000', '0.000', '0.040', '0.000']
    Lower Shadows (%): ['0.278', '0.158', '0.079', '0.000']
Volumes: [np.float64(26569.0), np.float64(16166.1), np.float64(24290.3), np.float64(3431.4)]
2025-05-15 10:31:05,182 - INFO - 
2. Post-Cross Movement (30min):
5min Price Changes (%): []
Maximum Change: 0.000% after 0 minutes
Candle Analysis:
    Body Sizes (%): []
    Upper Shadows (%): []
    Lower Shadows (%): []
Volumes: []
==================================================
2025-05-15 10:31:05,615 - INFO - 
==================================================
EMA Cross Analysis - POL/USDT
Time: 2025-05-15 10:30:00+09:00
Type: dead
Cross Character (Current): Weak
Cross Character (New): Weak
Price at Cross: 0.24892

1. Pre-Cross Pattern (15min):
EMA Distance Changes (%): ['0.101', '0.064', '0.021', '0.019']
EMA12 Changes (%): ['0.003', '-0.058', '-0.074', '-0.074']
Price Changes (%): ['0.212', '-0.395', '-0.164', '-0.072']
Candle Analysis:
    Body Sizes (%): ['0.216', '0.391', '0.140', '0.072']
    Upper Shadows (%): ['0.004', '0.000', '0.020', '0.145']
    Lower Shadows (%): ['0.192', '0.080', '0.100', '0.000']
Volumes: [np.float64(270932.0), np.float64(158016.0), np.float64(190789.0), np.float64(49295.0)]
2025-05-15 10:31:05,615 - INFO - 
2. Post-Cross Movement (30min):
5min Price Changes (%): []
Maximum Change: 0.000% after 0 minutes
Candle Analysis:
    Body Sizes (%): []
    Upper Shadows (%): []
    Lower Shadows (%): []
Volumes: []
==================================================
2025-05-15 10:31:06,052 - INFO - 
==================================================
EMA Cross Analysis - ATOM/USDT
Time: 2025-05-15 10:30:00+09:00
Type: dead
Cross Character (Current): Weak
Cross Character (New): Weak
Price at Cross: 5.079

1. Pre-Cross Pattern (15min):
EMA Distance Changes (%): ['0.080', '0.047', '0.012', '0.022']
EMA12 Changes (%): ['-0.012', '-0.052', '-0.059', '-0.065']
Price Changes (%): ['0.216', '-0.274', '-0.098', '-0.098']
Candle Analysis:
    Body Sizes (%): ['0.236', '0.274', '0.118', '0.098']
    Upper Shadows (%): ['0.020', '0.000', '0.079', '0.118']
    Lower Shadows (%): ['0.157', '0.059', '0.098', '0.020']
Volumes: [np.float64(37419.1), np.float64(21177.62), np.float64(17287.28), np.float64(5742.51)]
2025-05-15 10:31:06,052 - INFO - 
2. Post-Cross Movement (30min):
5min Price Changes (%): []
Maximum Change: 0.000% after 0 minutes
Candle Analysis:
    Body Sizes (%): []
    Upper Shadows (%): []
    Lower Shadows (%): []
Volumes: []
==================================================
2025-05-15 10:31:08,280 - INFO - 
==================================================
EMA Cross Analysis - BNB/USDT
Time: 2025-05-15 10:30:00+09:00
Type: dead
Cross Character (Current): Weak
Cross Character (New): Weak
Price at Cross: 651.87

1. Pre-Cross Pattern (15min):
EMA Distance Changes (%): ['0.067', '0.043', '0.020', '0.001']
EMA12 Changes (%): ['-0.021', '-0.038', '-0.037', '-0.039']
Price Changes (%): ['0.012', '-0.130', '-0.031', '-0.048']
Candle Analysis:
    Body Sizes (%): ['0.015', '0.132', '0.032', '0.048']
    Upper Shadows (%): ['0.063', '0.000', '0.011', '0.040']
    Lower Shadows (%): ['0.078', '0.024', '0.044', '0.002']
Volumes: [np.float64(1178.72), np.float64(1493.04), np.float64(2400.09), np.float64(501.07)]
2025-05-15 10:31:08,280 - INFO - 
2. Post-Cross Movement (30min):
5min Price Changes (%): []
Maximum Change: 0.000% after 0 minutes
Candle Analysis:
    Body Sizes (%): []
    Upper Shadows (%): []
    Lower Shadows (%): []
Volumes: []
==================================================
2025-05-15 10:31:09,150 - INFO - 
==================================================
EMA Cross Analysis - XRP/USDT
Time: 2025-05-15 10:25:00+09:00
Type: dead
Cross Character (Current): Weak
Cross Character (New): Weak
Price at Cross: 2.546

1. Pre-Cross Pattern (15min):
EMA Distance Changes (%): ['0.083', '0.058', '0.018', '0.022']
EMA12 Changes (%): ['-0.062', '-0.036', '-0.070', '-0.073']
Price Changes (%): ['-0.336', '0.110', '-0.258', '-0.090']
Candle Analysis:
    Body Sizes (%): ['0.340', '0.114', '0.258', '0.090']
    Upper Shadows (%): ['0.000', '0.071', '0.000', '0.063']
    Lower Shadows (%): ['0.078', '0.192', '0.063', '0.098']
Volumes: [np.float64(2843635.3), np.float64(1545399.2), np.float64(1228393.8), np.float64(1400111.7)]
2025-05-15 10:31:09,150 - INFO - 
2. Post-Cross Movement (30min):
5min Price Changes (%): ['-0.098']
Maximum Change: -0.098% after 5 minutes
Candle Analysis:
    Body Sizes (%): ['0.102']
    Upper Shadows (%): ['0.079']
    Lower Shadows (%): ['0.004']
Volumes: [np.float64(502077.5)]
==================================================
2025-05-15 10:31:11,871 - INFO - 
==================================================
EMA Cross Analysis - COW/USDT
Time: 2025-05-15 10:30:00+09:00
Type: dead
Cross Character (Current): Weak
Cross Character (New): Weak
Price at Cross: 0.395

1. Pre-Cross Pattern (15min):
EMA Distance Changes (%): ['0.133', '0.084', '0.012', '0.073']
EMA12 Changes (%): ['-0.049', '-0.076', '-0.126', '-0.161']
Price Changes (%): ['0.151', '-0.226', '-0.402', '-0.353']
Candle Analysis:
    Body Sizes (%): ['0.176', '0.226', '0.377', '0.353']
    Upper Shadows (%): ['0.126', '0.000', '0.025', '0.076']
    Lower Shadows (%): ['0.226', '0.125', '0.126', '0.000']
Volumes: [np.float64(109315.0), np.float64(54019.0), np.float64(78172.0), np.float64(26808.0)]
2025-05-15 10:31:11,871 - INFO - 
2. Post-Cross Movement (30min):
5min Price Changes (%): []
Maximum Change: 0.000% after 0 minutes
Candle Analysis:
    Body Sizes (%): []
    Upper Shadows (%): []
    Lower Shadows (%): []
Volumes: []
==================================================
2025-05-15 10:31:12,087 - INFO - 
==================================================
EMA Cross Analysis - ZEN/USDT
Time: 2025-05-15 10:25:00+09:00
Type: dead
Cross Character (Current): Weak
Cross Character (New): Weak
Price at Cross: 10.243

1. Pre-Cross Pattern (15min):
EMA Distance Changes (%): ['0.131', '0.107', '0.051', '0.013']
EMA12 Changes (%): ['-0.111', '-0.027', '-0.093', '-0.114']
Price Changes (%): ['-0.494', '0.438', '-0.456', '-0.234']
Candle Analysis:
    Body Sizes (%): ['0.504', '0.438', '0.398', '0.224']
    Upper Shadows (%): ['0.000', '0.000', '0.000', '0.078']
    Lower Shadows (%): ['0.000', '0.195', '0.116', '0.088']
Volumes: [np.float64(2165.3), np.float64(1461.0), np.float64(3899.9), np.float64(1223.2)]
2025-05-15 10:31:12,088 - INFO - 
2. Post-Cross Movement (30min):
5min Price Changes (%): ['-0.244']
Maximum Change: -0.244% after 5 minutes
Candle Analysis:
    Body Sizes (%): ['0.186']
    Upper Shadows (%): ['0.195']
    Lower Shadows (%): ['0.000']
Volumes: [np.float64(1234.1)]
==================================================
2025-05-15 10:31:12,522 - INFO - 
==================================================
EMA Cross Analysis - USUAL/USDT
Time: 2025-05-15 10:25:00+09:00
Type: dead
Cross Character (Current): Weak
Cross Character (New): Weak
Price at Cross: 0.1579

1. Pre-Cross Pattern (15min):
EMA Distance Changes (%): ['0.168', '0.092', '0.003', '0.113']
EMA12 Changes (%): ['-0.275', '-0.119', '-0.158', '-0.220']
Price Changes (%): ['-1.617', '0.759', '-0.376', '-0.567']
Candle Analysis:
    Body Sizes (%): ['1.617', '0.695', '0.376', '0.504']
    Upper Shadows (%): ['0.000', '0.063', '0.125', '0.063']
    Lower Shadows (%): ['0.187', '0.063', '0.251', '0.063']
Volumes: [np.float64(4607604.0), np.float64(739338.0), np.float64(846108.0), np.float64(528941.0)]
2025-05-15 10:31:12,522 - INFO - 
2. Post-Cross Movement (30min):
5min Price Changes (%): ['-0.063']
Maximum Change: -0.063% after 5 minutes
Candle Analysis:
    Body Sizes (%): ['0.063']
    Upper Shadows (%): ['0.190']
    Lower Shadows (%): ['0.253']
Volumes: [np.float64(690275.0)]
==================================================
2025-05-15 10:35:42,505 - INFO - 
==================================================
EMA Cross Analysis - BAKE/USDT
Time: 2025-05-15 10:30:00+09:00
Type: dead
Cross Character (Current): Weak
Cross Character (New): Weak
Price at Cross: 0.1469

1. Pre-Cross Pattern (15min):
EMA Distance Changes (%): ['0.149', '0.104', '0.056', '0.015']
EMA12 Changes (%): ['-0.005', '-0.067', '-0.077', '-0.128']
Price Changes (%): ['0.406', '-0.405', '-0.135', '-0.407']
Candle Analysis:
    Body Sizes (%): ['0.474', '0.337', '0.203', '0.339']
    Upper Shadows (%): ['0.000', '0.000', '0.068', '0.136']
    Lower Shadows (%): ['0.136', '0.067', '0.000', '0.068']
Volumes: [np.float64(145396.0), np.float64(226540.0), np.float64(150208.0), np.float64(231339.0)]
2025-05-15 10:35:42,505 - INFO - 
2. Post-Cross Movement (30min):
5min Price Changes (%): ['0.068']
Maximum Change: 0.068% after 5 minutes
Candle Analysis:
    Body Sizes (%): ['0.000']
    Upper Shadows (%): ['0.068']
    Lower Shadows (%): ['0.136']
Volumes: [np.float64(12773.0)]
==================================================
2025-05-15 10:35:43,154 - INFO - 
==================================================
EMA Cross Analysis - ACX/USDT
Time: 2025-05-15 10:30:00+09:00
Type: dead
Cross Character (Current): Weak
Cross Character (New): Weak
Price at Cross: 0.2508

1. Pre-Cross Pattern (15min):
EMA Distance Changes (%): ['0.054', '0.032', '0.002', '0.053']
EMA12 Changes (%): ['-0.004', '-0.034', '-0.053', '-0.106']
Price Changes (%): ['0.238', '-0.198', '-0.159', '-0.397']
Candle Analysis:
    Body Sizes (%): ['0.238', '0.158', '0.119', '0.397']
    Upper Shadows (%): ['0.000', '0.000', '0.040', '0.000']
    Lower Shadows (%): ['0.278', '0.158', '0.079', '0.000']
Volumes: [np.float64(26569.0), np.float64(16166.1), np.float64(24290.3), np.float64(34930.5)]
2025-05-15 10:35:43,154 - INFO - 
2. Post-Cross Movement (30min):
5min Price Changes (%): ['0.040']
Maximum Change: 0.040% after 5 minutes
Candle Analysis:
    Body Sizes (%): ['0.040']
    Upper Shadows (%): ['0.040']
    Lower Shadows (%): ['0.040']
Volumes: [np.float64(4361.1)]
==================================================
2025-05-15 10:35:43,371 - INFO - 
==================================================
EMA Cross Analysis - LINK/USDT
Time: 2025-05-15 10:35:00+09:00
Type: dead
Cross Character (Current): Weak
Cross Character (New): Weak
Price at Cross: 16.969

1. Pre-Cross Pattern (15min):
EMA Distance Changes (%): ['0.159', '0.103', '0.038', '0.004']
EMA12 Changes (%): ['-0.076', '-0.086', '-0.111', '-0.075']
Price Changes (%): ['-0.270', '-0.141', '-0.247', '0.124']
Candle Analysis:
    Body Sizes (%): ['0.275', '0.135', '0.247', '0.118']
    Upper Shadows (%): ['0.000', '0.082', '0.159', '0.000']
    Lower Shadows (%): ['0.106', '0.041', '0.100', '0.018']
Volumes: [np.float64(75822.18), np.float64(32867.87), np.float64(80641.12), np.float64(10069.27)]
2025-05-15 10:35:43,371 - INFO - 
2. Post-Cross Movement (30min):
5min Price Changes (%): []
Maximum Change: 0.000% after 0 minutes
Candle Analysis:
    Body Sizes (%): []
    Upper Shadows (%): []
    Lower Shadows (%): []
Volumes: []
==================================================
2025-05-15 10:35:43,590 - INFO - 
==================================================
EMA Cross Analysis - POL/USDT
Time: 2025-05-15 10:30:00+09:00
Type: dead
Cross Character (Current): Weak
Cross Character (New): Weak
Price at Cross: 0.24848

1. Pre-Cross Pattern (15min):
EMA Distance Changes (%): ['0.101', '0.064', '0.021', '0.034']
EMA12 Changes (%): ['0.003', '-0.058', '-0.074', '-0.101']
Price Changes (%): ['0.212', '-0.395', '-0.164', '-0.249']
Candle Analysis:
    Body Sizes (%): ['0.216', '0.391', '0.140', '0.249']
    Upper Shadows (%): ['0.004', '0.000', '0.020', '0.145']
    Lower Shadows (%): ['0.192', '0.080', '0.100', '0.136']
Volumes: [np.float64(270932.0), np.float64(158016.0), np.float64(190789.0), np.float64(291491.0)]
2025-05-15 10:35:43,591 - INFO - 
2. Post-Cross Movement (30min):
5min Price Changes (%): ['0.060']
Maximum Change: 0.060% after 5 minutes
Candle Analysis:
    Body Sizes (%): ['0.068']
    Upper Shadows (%): ['0.020']
    Lower Shadows (%): ['0.024']
Volumes: [np.float64(21894.0)]
==================================================
2025-05-15 10:35:44,043 - INFO - 
==================================================
EMA Cross Analysis - ATOM/USDT
Time: 2025-05-15 10:30:00+09:00
Type: dead
Cross Character (Current): Weak
Cross Character (New): Weak
Price at Cross: 5.071

1. Pre-Cross Pattern (15min):
EMA Distance Changes (%): ['0.080', '0.047', '0.012', '0.035']
EMA12 Changes (%): ['-0.012', '-0.052', '-0.059', '-0.090']
Price Changes (%): ['0.216', '-0.274', '-0.098', '-0.256']
Candle Analysis:
    Body Sizes (%): ['0.236', '0.274', '0.118', '0.256']
    Upper Shadows (%): ['0.020', '0.000', '0.079', '0.118']
    Lower Shadows (%): ['0.157', '0.059', '0.098', '0.020']
Volumes: [np.float64(37419.1), np.float64(21177.62), np.float64(17287.28), np.float64(29323.59)]
2025-05-15 10:35:44,043 - INFO - 
2. Post-Cross Movement (30min):
5min Price Changes (%): ['0.118']
Maximum Change: 0.118% after 5 minutes
Candle Analysis:
    Body Sizes (%): ['0.099']
    Upper Shadows (%): ['0.039']
    Lower Shadows (%): ['0.059']
Volumes: [np.float64(4577.77)]
==================================================
2025-05-15 10:35:44,702 - INFO - 
==================================================
EMA Cross Analysis - DOGE/USDT
Time: 2025-05-15 10:35:00+09:00
Type: dead
Cross Character (Current): Weak
Cross Character (New): Weak
Price at Cross: 0.2319

1. Pre-Cross Pattern (15min):
EMA Distance Changes (%): ['0.182', '0.111', '0.018', '0.055']
EMA12 Changes (%): ['-0.094', '-0.110', '-0.163', '-0.136']
Price Changes (%): ['-0.397', '-0.201', '-0.459', '0.017']
Candle Analysis:
    Body Sizes (%): ['0.397', '0.201', '0.459', '0.017']
    Upper Shadows (%): ['0.009', '0.060', '0.086', '0.082']
    Lower Shadows (%): ['0.085', '0.069', '0.064', '0.086']
Volumes: [np.float64(25454126.0), np.float64(14133141.0), np.float64(29877979.0), np.float64(8311068.0)]
2025-05-15 10:35:44,702 - INFO - 
2. Post-Cross Movement (30min):
5min Price Changes (%): []
Maximum Change: 0.000% after 0 minutes
Candle Analysis:
    Body Sizes (%): []
    Upper Shadows (%): []
    Lower Shadows (%): []
Volumes: []
==================================================
2025-05-15 10:35:44,928 - INFO - 
==================================================
EMA Cross Analysis - XLM/USDT
Time: 2025-05-15 10:35:00+09:00
Type: dead
Cross Character (Current): Weak
Cross Character (New): Weak
Price at Cross: 0.30359

1. Pre-Cross Pattern (15min):
EMA Distance Changes (%): ['0.158', '0.107', '0.039', '0.008']
EMA12 Changes (%): ['-0.059', '-0.076', '-0.116', '-0.086']
Price Changes (%): ['-0.333', '-0.171', '-0.335', '0.079']
Candle Analysis:
    Body Sizes (%): ['0.346', '0.167', '0.335', '0.079']
    Upper Shadows (%): ['0.013', '0.033', '0.108', '0.007']
    Lower Shadows (%): ['0.095', '0.102', '0.089', '0.046']
Volumes: [np.float64(490833.0), np.float64(330860.0), np.float64(795570.0), np.float64(118167.0)]
2025-05-15 10:35:44,928 - INFO - 
2. Post-Cross Movement (30min):
5min Price Changes (%): []
Maximum Change: 0.000% after 0 minutes
Candle Analysis:
    Body Sizes (%): []
    Upper Shadows (%): []
    Lower Shadows (%): []
Volumes: []
==================================================
2025-05-15 10:35:46,234 - INFO - 
==================================================
EMA Cross Analysis - BNB/USDT
Time: 2025-05-15 10:30:00+09:00
Type: dead
Cross Character (Current): Weak
Cross Character (New): Weak
Price at Cross: 651.48

1. Pre-Cross Pattern (15min):
EMA Distance Changes (%): ['0.067', '0.043', '0.020', '0.006']
EMA12 Changes (%): ['-0.021', '-0.038', '-0.037', '-0.048']
Price Changes (%): ['0.012', '-0.130', '-0.031', '-0.107']
Candle Analysis:
    Body Sizes (%): ['0.015', '0.132', '0.032', '0.107']
    Upper Shadows (%): ['0.063', '0.000', '0.011', '0.040']
    Lower Shadows (%): ['0.078', '0.024', '0.044', '0.018']
Volumes: [np.float64(1178.72), np.float64(1493.04), np.float64(2400.09), np.float64(1921.28)]
2025-05-15 10:35:46,234 - INFO - 
2. Post-Cross Movement (30min):
5min Price Changes (%): ['0.040']
Maximum Change: 0.040% after 5 minutes
Candle Analysis:
    Body Sizes (%): ['0.038']
    Upper Shadows (%): ['0.000']
    Lower Shadows (%): ['0.023']
Volumes: [np.float64(106.27)]
==================================================
2025-05-15 10:35:47,320 - INFO - 
==================================================
EMA Cross Analysis - ADA/USDT
Time: 2025-05-15 10:30:00+09:00
Type: dead
Cross Character (Current): Weak
Cross Character (New): Weak
Price at Cross: 0.7958

1. Pre-Cross Pattern (15min):
EMA Distance Changes (%): ['0.187', '0.127', '0.065', '0.012']
EMA12 Changes (%): ['-0.053', '-0.089', '-0.102', '-0.138']
Price Changes (%): ['0.162', '-0.287', '-0.175', '-0.338']
Candle Analysis:
    Body Sizes (%): ['0.162', '0.287', '0.163', '0.338']
    Upper Shadows (%): ['0.150', '0.012', '0.063', '0.138']
    Lower Shadows (%): ['0.150', '0.112', '0.075', '0.038']
Volumes: [np.float64(2351347.0), np.float64(2672556.0), np.float64(2924906.0), np.float64(2277693.0)]
2025-05-15 10:35:47,320 - INFO - 
2. Post-Cross Movement (30min):
5min Price Changes (%): ['0.101']
Maximum Change: 0.101% after 5 minutes
Candle Analysis:
    Body Sizes (%): ['0.101']
    Upper Shadows (%): ['0.025']
    Lower Shadows (%): ['0.050']
Volumes: [np.float64(695815.0)]
==================================================
2025-05-15 10:35:49,890 - INFO - 
==================================================
EMA Cross Analysis - COW/USDT
Time: 2025-05-15 10:30:00+09:00
Type: dead
Cross Character (Current): Weak
Cross Character (New): Weak
Price at Cross: 0.3948

1. Pre-Cross Pattern (15min):
EMA Distance Changes (%): ['0.133', '0.084', '0.012', '0.077']
EMA12 Changes (%): ['-0.049', '-0.076', '-0.126', '-0.169']
Price Changes (%): ['0.151', '-0.226', '-0.402', '-0.404']
Candle Analysis:
    Body Sizes (%): ['0.176', '0.226', '0.377', '0.404']
    Upper Shadows (%): ['0.126', '0.000', '0.025', '0.076']
    Lower Shadows (%): ['0.226', '0.125', '0.126', '0.177']
Volumes: [np.float64(109315.0), np.float64(54019.0), np.float64(78172.0), np.float64(144018.0)]
2025-05-15 10:35:49,890 - INFO - 
2. Post-Cross Movement (30min):
5min Price Changes (%): ['0.101']
Maximum Change: 0.101% after 5 minutes
Candle Analysis:
    Body Sizes (%): ['0.076']
    Upper Shadows (%): ['0.000']
    Lower Shadows (%): ['0.101']
Volumes: [np.float64(11611.0)]
==================================================
2025-05-15 10:35:50,760 - INFO - 
==================================================
EMA Cross Analysis - BRETT/USDT
Time: 2025-05-15 10:30:00+09:00
Type: dead
Cross Character (Current): Strong
Cross Character (New): Weak
Price at Cross: 0.07421

1. Pre-Cross Pattern (15min):
EMA Distance Changes (%): ['0.205', '0.148', '0.076', '0.051']
EMA12 Changes (%): ['-0.033', '-0.081', '-0.117', '-0.232']
Price Changes (%): ['0.453', '-0.345', '-0.320', '-0.868']
Candle Analysis:
    Body Sizes (%): ['0.467', '0.371', '0.306', '0.882']
    Upper Shadows (%): ['0.027', '0.013', '0.120', '0.267']
    Lower Shadows (%): ['0.240', '0.053', '0.080', '0.160']
Volumes: [np.float64(489086.0), np.float64(316305.0), np.float64(300160.0), np.float64(3146541.0)]
2025-05-15 10:35:50,760 - INFO - 
2. Post-Cross Movement (30min):
5min Price Changes (%): ['0.162']
Maximum Change: 0.162% after 5 minutes
Candle Analysis:
    Body Sizes (%): ['0.162']
    Upper Shadows (%): ['0.027']
    Lower Shadows (%): ['0.013']
Volumes: [np.float64(160229.0)]
==================================================
2025-05-15 10:35:51,365 - INFO - 
==================================================
EMA Cross Analysis - MELANIA/USDT
Time: 2025-05-15 10:35:00+09:00
Type: dead
Cross Character (Current): Weak
Cross Character (New): Weak
Price at Cross: 0.399

1. Pre-Cross Pattern (15min):
EMA Distance Changes (%): ['0.235', '0.147', '0.048', '0.022']
EMA12 Changes (%): ['-0.089', '-0.136', '-0.169', '-0.128']
Price Changes (%): ['-0.741', '-0.398', '-0.350', '0.100']
Candle Analysis:
    Body Sizes (%): ['0.791', '0.374', '0.325', '0.100']
    Upper Shadows (%): ['0.000', '0.125', '0.125', '0.000']
    Lower Shadows (%): ['0.099', '0.075', '0.100', '0.050']
Volumes: [np.float64(264564.25), np.float64(127217.86), np.float64(166804.86), np.float64(14046.71)]
2025-05-15 10:35:51,365 - INFO - 
2. Post-Cross Movement (30min):
5min Price Changes (%): []
Maximum Change: 0.000% after 0 minutes
Candle Analysis:
    Body Sizes (%): []
    Upper Shadows (%): []
    Lower Shadows (%): []
Volumes: []
==================================================
2025-05-15 10:40:18,770 - INFO - 
==================================================
EMA Cross Analysis - NEAR/USDT
Time: 2025-05-15 10:35:00+09:00
Type: dead
Cross Character (Current): Weak
Cross Character (New): Weak
Price at Cross: 3.035

1. Pre-Cross Pattern (15min):
EMA Distance Changes (%): ['0.211', '0.151', '0.074', '0.025']
EMA12 Changes (%): ['-0.071', '-0.085', '-0.127', '-0.178']
Price Changes (%): ['-0.358', '-0.163', '-0.359', '-0.459']
Candle Analysis:
    Body Sizes (%): ['0.358', '0.131', '0.327', '0.459']
    Upper Shadows (%): ['0.000', '0.098', '0.131', '0.164']
    Lower Shadows (%): ['0.130', '0.065', '0.000', '0.066']
Volumes: [np.float64(190871.0), np.float64(90536.0), np.float64(132809.0), np.float64(207055.0)]
2025-05-15 10:40:18,770 - INFO - 
2. Post-Cross Movement (30min):
5min Price Changes (%): ['-0.066']
Maximum Change: -0.066% after 5 minutes
Candle Analysis:
    Body Sizes (%): ['0.066']
    Upper Shadows (%): ['0.066']
    Lower Shadows (%): ['0.033']
Volumes: [np.float64(15008.0)]
==================================================
2025-05-15 10:40:20,075 - INFO - 
==================================================
EMA Cross Analysis - LINK/USDT
Time: 2025-05-15 10:35:00+09:00
Type: dead
Cross Character (Current): Weak
Cross Character (New): Weak
Price at Cross: 16.865

1. Pre-Cross Pattern (15min):
EMA Distance Changes (%): ['0.159', '0.103', '0.038', '0.053']
EMA12 Changes (%): ['-0.076', '-0.086', '-0.111', '-0.169']
Price Changes (%): ['-0.270', '-0.141', '-0.247', '-0.490']
Candle Analysis:
    Body Sizes (%): ['0.275', '0.135', '0.247', '0.496']
    Upper Shadows (%): ['0.000', '0.082', '0.159', '0.165']
    Lower Shadows (%): ['0.106', '0.041', '0.100', '0.089']
Volumes: [np.float64(75822.18), np.float64(32867.87), np.float64(80641.12), np.float64(130253.68)]
2025-05-15 10:40:20,075 - INFO - 
2. Post-Cross Movement (30min):
5min Price Changes (%): ['-0.113']
Maximum Change: -0.113% after 5 minutes
Candle Analysis:
    Body Sizes (%): ['0.113']
    Upper Shadows (%): ['0.036']
    Lower Shadows (%): ['0.053']
Volumes: [np.float64(13147.22)]
==================================================
2025-05-15 10:40:21,380 - INFO - 
==================================================
EMA Cross Analysis - DOGE/USDT
Time: 2025-05-15 10:35:00+09:00
Type: dead
Cross Character (Current): Weak
Cross Character (New): Weak
Price at Cross: 0.23062

1. Pre-Cross Pattern (15min):
EMA Distance Changes (%): ['0.182', '0.111', '0.018', '0.099']
EMA12 Changes (%): ['-0.094', '-0.110', '-0.163', '-0.220']
Price Changes (%): ['-0.397', '-0.201', '-0.459', '-0.535']
Candle Analysis:
    Body Sizes (%): ['0.397', '0.201', '0.459', '0.535']
    Upper Shadows (%): ['0.009', '0.060', '0.086', '0.116']
    Lower Shadows (%): ['0.085', '0.069', '0.064', '0.173']
Volumes: [np.float64(25454126.0), np.float64(14133141.0), np.float64(29877979.0), np.float64(54167341.0)]
2025-05-15 10:40:21,380 - INFO - 
2. Post-Cross Movement (30min):
5min Price Changes (%): ['-0.117']
Maximum Change: -0.117% after 5 minutes
Candle Analysis:
    Body Sizes (%): ['0.113']
    Upper Shadows (%): ['0.074']
    Lower Shadows (%): ['0.017']
Volumes: [np.float64(1566615.0)]
==================================================
2025-05-15 10:40:21,598 - INFO - 
==================================================
EMA Cross Analysis - XLM/USDT
Time: 2025-05-15 10:35:00+09:00
Type: dead
Cross Character (Current): Weak
Cross Character (New): Weak
Price at Cross: 0.30182

1. Pre-Cross Pattern (15min):
EMA Distance Changes (%): ['0.158', '0.107', '0.039', '0.055']
EMA12 Changes (%): ['-0.059', '-0.076', '-0.116', '-0.175']
Price Changes (%): ['-0.333', '-0.171', '-0.335', '-0.504']
Candle Analysis:
    Body Sizes (%): ['0.346', '0.167', '0.335', '0.504']
    Upper Shadows (%): ['0.013', '0.033', '0.108', '0.142']
    Lower Shadows (%): ['0.095', '0.102', '0.089', '0.181']
Volumes: [np.float64(490833.0), np.float64(330860.0), np.float64(795570.0), np.float64(1993047.0)]
2025-05-15 10:40:21,599 - INFO - 
2. Post-Cross Movement (30min):
5min Price Changes (%): ['-0.156']
Maximum Change: -0.156% after 5 minutes
Candle Analysis:
    Body Sizes (%): ['0.159']
    Upper Shadows (%): ['0.030']
    Lower Shadows (%): ['0.000']
Volumes: [np.float64(151082.0)]
==================================================
2025-05-15 10:40:21,816 - INFO - 
==================================================
EMA Cross Analysis - GALA/USDT
Time: 2025-05-15 10:35:00+09:00
Type: dead
Cross Character (Current): Weak
Cross Character (New): Weak
Price at Cross: 0.02136

1. Pre-Cross Pattern (15min):
EMA Distance Changes (%): ['0.189', '0.137', '0.069', '0.033']
EMA12 Changes (%): ['-0.069', '-0.073', '-0.111', '-0.187']
Price Changes (%): ['-0.507', '-0.093', '-0.325', '-0.605']
Candle Analysis:
    Body Sizes (%): ['0.507', '0.046', '0.325', '0.605']
    Upper Shadows (%): ['0.000', '0.185', '0.278', '0.233']
    Lower Shadows (%): ['0.184', '0.139', '0.046', '0.140']
Volumes: [np.float64(11431259.0), np.float64(14555117.0), np.float64(21883460.0), np.float64(16732888.0)]
2025-05-15 10:40:21,816 - INFO - 
2. Post-Cross Movement (30min):
5min Price Changes (%): ['-0.234']
Maximum Change: -0.234% after 5 minutes
Candle Analysis:
    Body Sizes (%): ['0.234']
    Upper Shadows (%): ['0.000']
    Lower Shadows (%): ['0.000']
Volumes: [np.float64(1261683.0)]
==================================================
2025-05-15 10:40:22,696 - INFO - 
==================================================
EMA Cross Analysis - ZRO/USDT
Time: 2025-05-15 10:35:00+09:00
Type: dead
Cross Character (Current): Strong
Cross Character (New): Strong
Price at Cross: 3.114

1. Pre-Cross Pattern (15min):
EMA Distance Changes (%): ['0.559', '0.369', '0.167', '0.055']
EMA12 Changes (%): ['-0.225', '-0.286', '-0.335', '-0.395']
Price Changes (%): ['-0.539', '-0.627', '-0.608', '-0.730']
Candle Analysis:
    Body Sizes (%): ['0.517', '0.636', '0.589', '0.733']
    Upper Shadows (%): ['0.106', '0.094', '0.114', '0.434']
    Lower Shadows (%): ['0.009', '0.035', '0.114', '0.054']
Volumes: [np.float64(85693.7), np.float64(126890.9), np.float64(145246.0), np.float64(216995.8)]
2025-05-15 10:40:22,696 - INFO - 
2. Post-Cross Movement (30min):
5min Price Changes (%): ['-0.145']
Maximum Change: -0.145% after 5 minutes
Candle Analysis:
    Body Sizes (%): ['0.132']
    Upper Shadows (%): ['0.064']
    Lower Shadows (%): ['0.125']
Volumes: [np.float64(28114.0)]
==================================================
2025-05-15 10:40:24,223 - INFO - 
==================================================
EMA Cross Analysis - WLD/USDT
Time: 2025-05-15 10:40:00+09:00
Type: dead
Cross Character (Current): Strong
Cross Character (New): Weak
Price at Cross: 1.2334

1. Pre-Cross Pattern (15min):
EMA Distance Changes (%): ['0.332', '0.233', '0.085', '0.036']
EMA12 Changes (%): ['-0.085', '-0.145', '-0.252', '-0.218']
Price Changes (%): ['-0.216', '-0.480', '-0.844', '-0.024']
Candle Analysis:
    Body Sizes (%): ['0.208', '0.472', '0.844', '0.032']
    Upper Shadows (%): ['0.104', '0.216', '0.225', '0.032']
    Lower Shadows (%): ['0.192', '0.104', '0.137', '0.178']
Volumes: [np.float64(325673.0), np.float64(476294.0), np.float64(865970.0), np.float64(94918.0)]
2025-05-15 10:40:24,223 - INFO - 
2. Post-Cross Movement (30min):
5min Price Changes (%): []
Maximum Change: 0.000% after 0 minutes
Candle Analysis:
    Body Sizes (%): []
    Upper Shadows (%): []
    Lower Shadows (%): []
Volumes: []
==================================================
2025-05-15 10:40:25,879 - INFO - 
==================================================
EMA Cross Analysis - ATA/USDT
Time: 2025-05-15 10:40:00+09:00
Type: dead
Cross Character (Current): Weak
Cross Character (New): Weak
Price at Cross: 0.0677

1. Pre-Cross Pattern (15min):
EMA Distance Changes (%): ['0.151', '0.075', '0.003', '0.054']
EMA12 Changes (%): ['-0.041', '-0.125', '-0.128', '-0.109']
Price Changes (%): ['0.000', '-0.587', '-0.147', '0.000']
Candle Analysis:
    Body Sizes (%): ['0.000', '0.587', '0.147', '0.147']
    Upper Shadows (%): ['0.440', '0.000', '0.147', '0.000']
    Lower Shadows (%): ['0.147', '0.147', '0.442', '0.000']
Volumes: [np.float64(106051.0), np.float64(161066.0), np.float64(191191.0), np.float64(734.0)]
2025-05-15 10:40:25,879 - INFO - 
2. Post-Cross Movement (30min):
5min Price Changes (%): []
Maximum Change: 0.000% after 0 minutes
Candle Analysis:
    Body Sizes (%): []
    Upper Shadows (%): []
    Lower Shadows (%): []
Volumes: []
==================================================
2025-05-15 10:40:27,791 - INFO - 
==================================================
EMA Cross Analysis - ONDOUSDT
Time: 2025-05-15 10:35:00+09:00
Type: dead
Cross Character (Current): Strong
Cross Character (New): Weak
Price at Cross: 1.0027

1. Pre-Cross Pattern (15min):
EMA Distance Changes (%): ['0.265', '0.193', '0.095', '0.031']
EMA12 Changes (%): ['-0.070', '-0.101', '-0.161', '-0.226']
Price Changes (%): ['-0.431', '-0.275', '-0.493', '-0.585']
Candle Analysis:
    Body Sizes (%): ['0.431', '0.266', '0.483', '0.585']
    Upper Shadows (%): ['0.049', '0.118', '0.118', '0.198']
    Lower Shadows (%): ['0.118', '0.236', '0.099', '0.149']
Volumes: [np.float64(937673.7), np.float64(980041.9), np.float64(1457240.3), np.float64(1805727.8)]
2025-05-15 10:40:27,791 - INFO - 
2. Post-Cross Movement (30min):
5min Price Changes (%): ['-0.090']
Maximum Change: -0.090% after 5 minutes
Candle Analysis:
    Body Sizes (%): ['0.100']
    Upper Shadows (%): ['0.070']
    Lower Shadows (%): ['0.090']
Volumes: [np.float64(391775.4)]
==================================================
2025-05-15 10:40:28,833 - INFO - 
==================================================
EMA Cross Analysis - MELANIA/USDT
Time: 2025-05-15 10:35:00+09:00
Type: dead
Cross Character (Current): Strong
Cross Character (New): Weak
Price at Cross: 0.3947

1. Pre-Cross Pattern (15min):
EMA Distance Changes (%): ['0.235', '0.147', '0.048', '0.110']
EMA12 Changes (%): ['-0.089', '-0.136', '-0.169', '-0.292']
Price Changes (%): ['-0.741', '-0.398', '-0.350', '-0.978']
Candle Analysis:
    Body Sizes (%): ['0.791', '0.374', '0.325', '0.978']
    Upper Shadows (%): ['0.000', '0.125', '0.125', '0.100']
    Lower Shadows (%): ['0.099', '0.075', '0.100', '0.151']
Volumes: [np.float64(264564.25), np.float64(127217.86), np.float64(166804.86), np.float64(419852.27)]
2025-05-15 10:40:28,833 - INFO - 
2. Post-Cross Movement (30min):
5min Price Changes (%): ['0.051']
Maximum Change: 0.051% after 5 minutes
Candle Analysis:
    Body Sizes (%): ['0.076']
    Upper Shadows (%): ['0.025']
    Lower Shadows (%): ['0.152']
Volumes: [np.float64(53402.89)]
==================================================
2025-05-15 10:45:01,544 - INFO - 
==================================================
EMA Cross Analysis - ATA/USDT
Time: 2025-05-15 10:40:00+09:00
Type: dead
Cross Character (Current): Weak
Cross Character (New): Weak
Price at Cross: 0.0674

1. Pre-Cross Pattern (15min):
EMA Distance Changes (%): ['0.151', '0.075', '0.003', '0.090']
EMA12 Changes (%): ['-0.041', '-0.125', '-0.128', '-0.176']
Price Changes (%): ['0.000', '-0.587', '-0.147', '-0.443']
Candle Analysis:
    Body Sizes (%): ['0.000', '0.587', '0.147', '0.590']
    Upper Shadows (%): ['0.440', '0.000', '0.147', '0.147']
    Lower Shadows (%): ['0.147', '0.147', '0.442', '0.000']
Volumes: [np.float64(106051.0), np.float64(161066.0), np.float64(191191.0), np.float64(103613.0)]
2025-05-15 10:45:01,544 - INFO - 
2. Post-Cross Movement (30min):
5min Price Changes (%): ['0.000']
Maximum Change: 0.000% after 0 minutes
Candle Analysis:
    Body Sizes (%): ['0.000']
    Upper Shadows (%): ['0.000']
    Lower Shadows (%): ['0.000']
Volumes: [np.float64(3573.0)]
==================================================
2025-05-15 10:46:09,277 - INFO - 
==================================================
EMA Cross Analysis - TNSR/USDT
Time: 2025-05-15 10:40:00+09:00
Type: dead
Cross Character (Current): Strong
Cross Character (New): Weak
Price at Cross: 0.178

1. Pre-Cross Pattern (15min):
EMA Distance Changes (%): ['0.261', '0.198', '0.119', '0.002']
EMA12 Changes (%): ['-0.051', '-0.085', '-0.123', '-0.215']
Price Changes (%): ['-0.166', '-0.277', '-0.334', '-0.725']
Candle Analysis:
    Body Sizes (%): ['0.111', '0.277', '0.334', '0.670']
    Upper Shadows (%): ['0.166', '0.166', '0.056', '0.167']
    Lower Shadows (%): ['0.111', '0.111', '0.389', '0.000']
Volumes: [np.float64(33959.5), np.float64(265413.2), np.float64(150351.5), np.float64(73812.8)]
2025-05-15 10:46:09,277 - INFO - 
2. Post-Cross Movement (30min):
5min Price Changes (%): ['-0.112']
Maximum Change: -0.112% after 5 minutes
Candle Analysis:
    Body Sizes (%): ['0.112']
    Upper Shadows (%): ['0.112']
    Lower Shadows (%): ['0.056']
Volumes: [np.float64(35878.8)]
==================================================
2025-05-15 10:46:13,196 - INFO - 
==================================================
EMA Cross Analysis - MOVE/USDT
Time: 2025-05-15 10:45:00+09:00
Type: dead
Cross Character (Current): Strong
Cross Character (New): Weak
Price at Cross: 0.2143

1. Pre-Cross Pattern (15min):
EMA Distance Changes (%): ['0.361', '0.208', '0.046', '0.104']
EMA12 Changes (%): ['-0.099', '-0.245', '-0.279', '-0.279']
Price Changes (%): ['-0.183', '-1.054', '-0.463', '-0.279']
Candle Analysis:
    Body Sizes (%): ['0.183', '1.009', '0.417', '0.279']
    Upper Shadows (%): ['0.229', '0.275', '0.232', '0.186']
    Lower Shadows (%): ['0.229', '0.046', '0.000', '0.047']
Volumes: [np.float64(1029977.0), np.float64(1347501.0), np.float64(1505062.0), np.float64(1012152.0)]
2025-05-15 10:46:13,196 - INFO - 
2. Post-Cross Movement (30min):
5min Price Changes (%): []
Maximum Change: 0.000% after 0 minutes
Candle Analysis:
    Body Sizes (%): []
    Upper Shadows (%): []
    Lower Shadows (%): []
Volumes: []
==================================================
2025-05-15 10:50:50,397 - INFO - 
==================================================
EMA Cross Analysis - MOVE/USDT
Time: 2025-05-15 10:45:00+09:00
Type: dead
Cross Character (Current): Strong
Cross Character (New): Weak
Price at Cross: 0.2154

1. Pre-Cross Pattern (15min):
EMA Distance Changes (%): ['0.361', '0.208', '0.046', '0.063']
EMA12 Changes (%): ['-0.099', '-0.245', '-0.279', '-0.201']
Price Changes (%): ['-0.183', '-1.054', '-0.463', '0.233']
Candle Analysis:
    Body Sizes (%): ['0.183', '1.009', '0.417', '0.233']
    Upper Shadows (%): ['0.229', '0.275', '0.232', '0.093']
    Lower Shadows (%): ['0.229', '0.046', '0.000', '0.651']
Volumes: [np.float64(1029977.0), np.float64(1347501.0), np.float64(1505062.0), np.float64(2366424.0)]
2025-05-15 10:50:50,397 - INFO - 
2. Post-Cross Movement (30min):
5min Price Changes (%): ['-0.232']
Maximum Change: -0.232% after 5 minutes
Candle Analysis:
    Body Sizes (%): ['0.186']
    Upper Shadows (%): ['0.000']
    Lower Shadows (%): ['0.093']
Volumes: [np.float64(199156.0)]
==================================================
2025-05-15 10:55:19,226 - INFO - 
==================================================
EMA Cross Analysis - DOGS/USDT
Time: 2025-05-15 10:55:00+09:00
Type: dead
Cross Character (Current): Strong
Cross Character (New): Weak
Price at Cross: 0.0002224

1. Pre-Cross Pattern (15min):
EMA Distance Changes (%): ['0.269', '0.155', '0.027', '0.078']
EMA12 Changes (%): ['-0.071', '-0.183', '-0.223', '-0.196']
Price Changes (%): ['0.000', '-0.799', '-0.447', '-0.045']
Candle Analysis:
    Body Sizes (%): ['0.000', '0.755', '0.403', '0.045']
    Upper Shadows (%): ['0.444', '0.222', '0.492', '0.045']
    Lower Shadows (%): ['0.355', '0.533', '0.179', '0.045']
Volumes: [np.float64(487345793.0), np.float64(1536913331.0), np.float64(1003975624.0), np.float64(54908793.0)]
2025-05-15 10:55:19,226 - INFO - 
2. Post-Cross Movement (30min):
5min Price Changes (%): []
Maximum Change: 0.000% after 0 minutes
Candle Analysis:
    Body Sizes (%): []
    Upper Shadows (%): []
    Lower Shadows (%): []
Volumes: []
==================================================
2025-05-15 10:55:28,326 - INFO - 
==================================================
EMA Cross Analysis - HIVE/USDT
Time: 2025-05-15 10:50:00+09:00
Type: dead
Cross Character (Current): Weak
Cross Character (New): Weak
Price at Cross: 0.26999

1. Pre-Cross Pattern (15min):
EMA Distance Changes (%): ['0.168', '0.126', '0.113', '0.007']
EMA12 Changes (%): ['-0.120', '-0.056', '-0.006', '-0.214']
Price Changes (%): ['-0.406', '0.298', '0.267', '-1.359']
Candle Analysis:
    Body Sizes (%): ['0.403', '0.301', '0.282', '1.323']
    Upper Shadows (%): ['0.161', '0.768', '0.150', '0.069']
    Lower Shadows (%): ['0.044', '0.051', '0.271', '0.252']
Volumes: [np.float64(125020.0), np.float64(730012.0), np.float64(465615.0), np.float64(732342.0)]
2025-05-15 10:55:28,326 - INFO - 
2. Post-Cross Movement (30min):
5min Price Changes (%): ['0.085']
Maximum Change: 0.085% after 5 minutes
Candle Analysis:
    Body Sizes (%): ['0.174']
    Upper Shadows (%): ['0.056']
    Lower Shadows (%): ['0.000']
Volumes: [np.float64(18539.0)]
==================================================
2025-05-15 11:01:06,652 - INFO - 
==================================================
EMA Cross Analysis - DOGS/USDT
Time: 2025-05-15 10:55:00+09:00
Type: dead
Cross Character (Current): Strong
Cross Character (New): Weak
Price at Cross: 0.0002232

1. Pre-Cross Pattern (15min):
EMA Distance Changes (%): ['0.269', '0.155', '0.027', '0.049']
EMA12 Changes (%): ['-0.071', '-0.183', '-0.223', '-0.141']
Price Changes (%): ['0.000', '-0.799', '-0.447', '0.315']
Candle Analysis:
    Body Sizes (%): ['0.000', '0.755', '0.403', '0.315']
    Upper Shadows (%): ['0.444', '0.222', '0.492', '0.360']
    Lower Shadows (%): ['0.355', '0.533', '0.179', '0.629']
Volumes: [np.float64(487345793.0), np.float64(1536913331.0), np.float64(1003975624.0), np.float64(840339631.0)]
2025-05-15 11:01:06,653 - INFO - 
2. Post-Cross Movement (30min):
5min Price Changes (%): ['0.045']
Maximum Change: 0.045% after 5 minutes
Candle Analysis:
    Body Sizes (%): ['0.000']
    Upper Shadows (%): ['0.045']
    Lower Shadows (%): ['0.358']
Volumes: [np.float64(154016776.0)]
==================================================
2025-05-15 11:16:07,599 - INFO - 
==================================================
EMA Cross Analysis - DOGS/USDT
Time: 2025-05-15 11:15:00+09:00
Type: dead
Cross Character (Current): Weak
Cross Character (New): Weak
Price at Cross: 0.0002242

1. Pre-Cross Pattern (15min):
EMA Distance Changes (%): ['0.047', '0.002', '0.011', '0.024']
EMA12 Changes (%): ['-0.003', '0.079', '0.026', '-0.067']
Price Changes (%): ['0.762', '0.534', '-0.265', '-0.576']
Candle Analysis:
    Body Sizes (%): ['0.717', '0.489', '0.265', '0.576']
    Upper Shadows (%): ['0.045', '0.133', '0.044', '0.000']
    Lower Shadows (%): ['0.358', '0.400', '0.088', '0.000']
Volumes: [np.float64(488793839.0), np.float64(585571577.0), np.float64(368856845.0), np.float64(207566636.0)]
2025-05-15 11:16:07,600 - INFO - 
2. Post-Cross Movement (30min):
5min Price Changes (%): []
Maximum Change: 0.000% after 0 minutes
Candle Analysis:
    Body Sizes (%): []
    Upper Shadows (%): []
    Lower Shadows (%): []
Volumes: []
==================================================
2025-05-15 11:25:25,976 - INFO - 
==================================================
EMA Cross Analysis - GRASS/USDT
Time: 2025-05-15 11:25:00+09:00
Type: golden
Cross Character (Current): Weak
Cross Character (New): Weak
Price at Cross: 2.0658

1. Pre-Cross Pattern (15min):
EMA Distance Changes (%): ['0.265', '0.151', '0.046', '0.051']
EMA12 Changes (%): ['0.136', '0.182', '0.184', '0.183']
Price Changes (%): ['0.142', '0.434', '0.194', '0.175']
Candle Analysis:
    Body Sizes (%): ['0.137', '0.429', '0.189', '0.165']
    Upper Shadows (%): ['0.616', '0.000', '0.277', '0.087']
    Lower Shadows (%): ['0.215', '0.444', '0.141', '0.000']
Volumes: [np.float64(166502.3), np.float64(142811.9), np.float64(148290.6), np.float64(11526.7)]
2025-05-15 11:25:25,977 - INFO - 
2. Post-Cross Movement (30min):
5min Price Changes (%): []
Maximum Change: 0.000% after 0 minutes
Candle Analysis:
    Body Sizes (%): []
    Upper Shadows (%): []
    Lower Shadows (%): []
Volumes: []
==================================================
2025-05-15 11:31:12,803 - INFO - 
==================================================
EMA Cross Analysis - GRASS/USDT
Time: 2025-05-15 11:25:00+09:00
Type: golden
Cross Character (Current): Weak
Cross Character (New): Weak
Price at Cross: 2.0551

1. Pre-Cross Pattern (15min):
EMA Distance Changes (%): ['0.265', '0.151', '0.046', '0.010']
EMA12 Changes (%): ['0.136', '0.182', '0.184', '0.102']
Price Changes (%): ['0.142', '0.434', '0.194', '-0.344']
Candle Analysis:
    Body Sizes (%): ['0.137', '0.429', '0.189', '0.354']
    Upper Shadows (%): ['0.616', '0.000', '0.277', '0.252']
    Lower Shadows (%): ['0.215', '0.444', '0.141', '0.693']
Volumes: [np.float64(166502.3), np.float64(142811.9), np.float64(148290.6), np.float64(155715.6)]
2025-05-15 11:31:12,803 - INFO - 
2. Post-Cross Movement (30min):
5min Price Changes (%): ['0.243']
Maximum Change: 0.243% after 5 minutes
Candle Analysis:
    Body Sizes (%): ['0.248']
    Upper Shadows (%): ['0.054']
    Lower Shadows (%): ['0.000']
Volumes: [np.float64(20853.4)]
==================================================
2025-05-15 11:46:10,159 - INFO - 
==================================================
EMA Cross Analysis - FXS/USDT
Time: 2025-05-15 11:40:00+09:00
Type: dead
Cross Character (Current): Weak
Cross Character (New): Weak
Price at Cross: 3.1844

1. Pre-Cross Pattern (15min):
EMA Distance Changes (%): ['0.194', '0.146', '0.102', '0.022']
EMA12 Changes (%): ['-0.077', '-0.063', '-0.065', '-0.223']
Price Changes (%): ['-0.977', '0.016', '-0.074', '-1.096']
Candle Analysis:
    Body Sizes (%): ['0.935', '0.016', '0.071', '1.059']
    Upper Shadows (%): ['0.000', '0.261', '0.183', '0.177']
    Lower Shadows (%): ['0.071', '0.341', '0.313', '0.749']
Volumes: [np.float64(20807.2), np.float64(47583.9), np.float64(18427.6), np.float64(151504.4)]
2025-05-15 11:46:10,160 - INFO - 
2. Post-Cross Movement (30min):
5min Price Changes (%): ['0.104']
Maximum Change: 0.104% after 5 minutes
Candle Analysis:
    Body Sizes (%): ['0.104']
    Upper Shadows (%): ['0.110']
    Lower Shadows (%): ['0.248']
Volumes: [np.float64(9891.8)]
==================================================
2025-05-15 11:50:48,368 - INFO - 
==================================================
EMA Cross Analysis - DOGE/USDT
Time: 2025-05-15 11:50:00+09:00
Type: golden
Cross Character (Current): Weak
Cross Character (New): Weak
Price at Cross: 0.23495

1. Pre-Cross Pattern (15min):
EMA Distance Changes (%): ['0.169', '0.149', '0.041', '0.055']
EMA12 Changes (%): ['0.066', '0.015', '0.187', '0.181']
Price Changes (%): ['0.043', '-0.267', '1.134', '0.149']
Candle Analysis:
    Body Sizes (%): ['0.047', '0.267', '1.138', '0.153']
    Upper Shadows (%): ['0.163', '0.082', '0.030', '0.128']
    Lower Shadows (%): ['0.344', '0.129', '0.073', '0.017']
Volumes: [np.float64(15481168.0), np.float64(12040760.0), np.float64(34396822.0), np.float64(8695495.0)]
2025-05-15 11:50:48,368 - INFO - 
2. Post-Cross Movement (30min):
5min Price Changes (%): []
Maximum Change: 0.000% after 0 minutes
Candle Analysis:
    Body Sizes (%): []
    Upper Shadows (%): []
    Lower Shadows (%): []
Volumes: []
==================================================
2025-05-15 11:50:52,986 - INFO - 
==================================================
EMA Cross Analysis - MOVE/USDT
Time: 2025-05-15 11:50:00+09:00
Type: golden
Cross Character (Current): Weak
Cross Character (New): Weak
Price at Cross: 0.2192

1. Pre-Cross Pattern (15min):
EMA Distance Changes (%): ['0.168', '0.134', '0.043', '0.039']
EMA12 Changes (%): ['0.016', '0.042', '0.156', '0.153']
Price Changes (%): ['-0.138', '0.185', '0.783', '0.137']
Candle Analysis:
    Body Sizes (%): ['0.092', '0.185', '0.829', '0.137']
    Upper Shadows (%): ['0.046', '0.046', '0.000', '0.091']
    Lower Shadows (%): ['0.553', '0.323', '0.046', '0.000']
Volumes: [np.float64(547428.0), np.float64(509634.0), np.float64(717602.0), np.float64(212176.0)]
2025-05-15 11:50:52,987 - INFO - 
2. Post-Cross Movement (30min):
5min Price Changes (%): []
Maximum Change: 0.000% after 0 minutes
Candle Analysis:
    Body Sizes (%): []
    Upper Shadows (%): []
    Lower Shadows (%): []
Volumes: []
==================================================
2025-05-15 11:50:53,420 - INFO - 
==================================================
EMA Cross Analysis - HIVE/USDT
Time: 2025-05-15 11:50:00+09:00
Type: golden
Cross Character (Current): Weak
Cross Character (New): Weak
Price at Cross: 0.27467

1. Pre-Cross Pattern (15min):
EMA Distance Changes (%): ['0.126', '0.114', '0.058', '0.006']
EMA12 Changes (%): ['-0.077', '0.004', '0.090', '0.117']
Price Changes (%): ['-0.389', '0.454', '0.562', '0.263']
Candle Analysis:
    Body Sizes (%): ['0.382', '0.476', '0.606', '0.201']
    Upper Shadows (%): ['0.143', '0.103', '0.040', '0.073']
    Lower Shadows (%): ['0.154', '0.004', '0.048', '0.044']
Volumes: [np.float64(80906.0), np.float64(157079.0), np.float64(104471.0), np.float64(98977.0)]
2025-05-15 11:50:53,420 - INFO - 
2. Post-Cross Movement (30min):
5min Price Changes (%): []
Maximum Change: 0.000% after 0 minutes
Candle Analysis:
    Body Sizes (%): []
    Upper Shadows (%): []
    Lower Shadows (%): []
Volumes: []
==================================================
2025-05-15 11:55:21,924 - INFO - 
==================================================
EMA Cross Analysis - DOGS/USDT
Time: 2025-05-15 11:55:00+09:00
Type: dead
Cross Character (Current): Weak
Cross Character (New): Weak
Price at Cross: 0.0002244

1. Pre-Cross Pattern (15min):
EMA Distance Changes (%): ['0.084', '0.074', '0.023', '0.017']
EMA12 Changes (%): ['-0.144', '-0.007', '-0.087', '-0.074']
Price Changes (%): ['-1.148', '0.759', '-0.532', '0.000']
Candle Analysis:
    Body Sizes (%): ['1.148', '0.804', '0.488', '0.045']
    Upper Shadows (%): ['0.221', '0.000', '0.266', '0.089']
    Lower Shadows (%): ['0.000', '0.089', '0.000', '0.000']
Volumes: [np.float64(638336277.0), np.float64(399269737.0), np.float64(477906100.0), np.float64(11297311.0)]
2025-05-15 11:55:21,924 - INFO - 
2. Post-Cross Movement (30min):
5min Price Changes (%): []
Maximum Change: 0.000% after 0 minutes
Candle Analysis:
    Body Sizes (%): []
    Upper Shadows (%): []
    Lower Shadows (%): []
Volumes: []
==================================================
2025-05-15 11:55:25,844 - INFO - 
==================================================
EMA Cross Analysis - DOGE/USDT
Time: 2025-05-15 11:50:00+09:00
Type: golden
Cross Character (Current): Weak
Cross Character (New): Weak
Price at Cross: 0.23397

1. Pre-Cross Pattern (15min):
EMA Distance Changes (%): ['0.169', '0.149', '0.041', '0.022']
EMA12 Changes (%): ['0.066', '0.015', '0.187', '0.116']
Price Changes (%): ['0.043', '-0.267', '1.134', '-0.269']
Candle Analysis:
    Body Sizes (%): ['0.047', '0.267', '1.138', '0.264']
    Upper Shadows (%): ['0.163', '0.082', '0.030', '0.320']
    Lower Shadows (%): ['0.344', '0.129', '0.073', '0.009']
Volumes: [np.float64(15481168.0), np.float64(12040760.0), np.float64(34396822.0), np.float64(33441407.0)]
2025-05-15 11:55:25,844 - INFO - 
2. Post-Cross Movement (30min):
5min Price Changes (%): ['-0.068']
Maximum Change: -0.068% after 5 minutes
Candle Analysis:
    Body Sizes (%): ['0.068']
    Upper Shadows (%): ['0.021']
    Lower Shadows (%): ['0.000']
Volumes: [np.float64(4142619.0)]
==================================================
2025-05-15 11:55:30,459 - INFO - 
==================================================
EMA Cross Analysis - MOVE/USDT
Time: 2025-05-15 11:50:00+09:00
Type: golden
Cross Character (Current): Weak
Cross Character (New): Weak
Price at Cross: 0.2187

1. Pre-Cross Pattern (15min):
EMA Distance Changes (%): ['0.168', '0.134', '0.043', '0.021']
EMA12 Changes (%): ['0.016', '0.042', '0.156', '0.118']
Price Changes (%): ['-0.138', '0.185', '0.783', '-0.091']
Candle Analysis:
    Body Sizes (%): ['0.092', '0.185', '0.829', '0.091']
    Upper Shadows (%): ['0.046', '0.046', '0.000', '0.365']
    Lower Shadows (%): ['0.553', '0.323', '0.046', '0.000']
Volumes: [np.float64(547428.0), np.float64(509634.0), np.float64(717602.0), np.float64(715650.0)]
2025-05-15 11:55:30,459 - INFO - 
2. Post-Cross Movement (30min):
5min Price Changes (%): ['0.091']
Maximum Change: 0.091% after 5 minutes
Candle Analysis:
    Body Sizes (%): ['0.046']
    Upper Shadows (%): ['0.000']
    Lower Shadows (%): ['0.046']
Volumes: [np.float64(102460.0)]
==================================================
2025-05-15 12:00:08,660 - INFO - 
==================================================
EMA Cross Analysis - HIVE/USDT
Time: 2025-05-15 11:55:00+09:00
Type: golden
Cross Character (Current): Weak
Cross Character (New): Weak
Price at Cross: 0.274

1. Pre-Cross Pattern (15min):
EMA Distance Changes (%): ['0.114', '0.058', '0.016', '0.020']
EMA12 Changes (%): ['0.004', '0.090', '0.073', '0.068']
Price Changes (%): ['0.454', '0.562', '-0.018', '0.037']
Candle Analysis:
    Body Sizes (%): ['0.476', '0.606', '0.080', '0.124']
    Upper Shadows (%): ['0.103', '0.040', '0.274', '0.139']
    Lower Shadows (%): ['0.004', '0.048', '0.033', '0.183']
Volumes: [np.float64(157079.0), np.float64(104471.0), np.float64(161367.0), np.float64(147270.0)]
2025-05-15 12:00:08,661 - INFO - 
2. Post-Cross Movement (30min):
5min Price Changes (%): ['-0.007']
Maximum Change: -0.007% after 5 minutes
Candle Analysis:
    Body Sizes (%): ['0.040']
    Upper Shadows (%): ['0.000']
    Lower Shadows (%): ['0.000']
Volumes: [np.float64(4258.0)]
==================================================
2025-05-15 12:01:10,869 - INFO - 
==================================================
EMA Cross Analysis - DOGS/USDT
Time: 2025-05-15 11:55:00+09:00
Type: dead
Cross Character (Current): Weak
Cross Character (New): Weak
Price at Cross: 0.0002241

1. Pre-Cross Pattern (15min):
EMA Distance Changes (%): ['0.084', '0.074', '0.023', '0.028']
EMA12 Changes (%): ['-0.144', '-0.007', '-0.087', '-0.094']
Price Changes (%): ['-1.148', '0.759', '-0.532', '-0.134']
Candle Analysis:
    Body Sizes (%): ['1.148', '0.804', '0.488', '0.089']
    Upper Shadows (%): ['0.221', '0.000', '0.266', '0.178']
    Lower Shadows (%): ['0.000', '0.089', '0.000', '0.312']
Volumes: [np.float64(638336277.0), np.float64(399269737.0), np.float64(477906100.0), np.float64(440403427.0)]
2025-05-15 12:01:10,869 - INFO - 
2. Post-Cross Movement (30min):
5min Price Changes (%): ['-0.089']
Maximum Change: -0.089% after 5 minutes
Candle Analysis:
    Body Sizes (%): ['0.089']
    Upper Shadows (%): ['0.045']
    Lower Shadows (%): ['0.045']
Volumes: [np.float64(47446521.0)]
==================================================
2025-05-15 12:10:28,172 - INFO - 
==================================================
EMA Cross Analysis - XLM/USDT
Time: 2025-05-15 12:05:00+09:00
Type: golden
Cross Character (Current): Weak
Cross Character (New): Weak
Price at Cross: 0.30443

1. Pre-Cross Pattern (15min):
EMA Distance Changes (%): ['0.055', '0.042', '0.020', '0.005']
EMA12 Changes (%): ['0.043', '0.017', '0.037', '0.046']
Price Changes (%): ['-0.135', '-0.128', '0.148', '0.095']
Candle Analysis:
    Body Sizes (%): ['0.138', '0.122', '0.148', '0.099']
    Upper Shadows (%): ['0.095', '0.000', '0.115', '0.085']
    Lower Shadows (%): ['0.020', '0.043', '0.066', '0.049']
Volumes: [np.float64(454424.0), np.float64(416306.0), np.float64(496943.0), np.float64(669600.0)]
2025-05-15 12:10:28,172 - INFO - 
2. Post-Cross Movement (30min):
5min Price Changes (%): ['0.023']
Maximum Change: 0.023% after 5 minutes
Candle Analysis:
    Body Sizes (%): ['0.023']
    Upper Shadows (%): ['0.039']
    Lower Shadows (%): ['0.033']
Volumes: [np.float64(47937.0)]
==================================================
2025-05-15 12:20:51,833 - INFO - 
==================================================
EMA Cross Analysis - XLM/USDT
Time: 2025-05-15 12:15:00+09:00
Type: dead
Cross Character (Current): Weak
Cross Character (New): Weak
Price at Cross: 0.30307

1. Pre-Cross Pattern (15min):
EMA Distance Changes (%): ['0.020', '0.005', '0.009', '0.008']
EMA12 Changes (%): ['0.037', '0.046', '0.007', '-0.031']
Price Changes (%): ['0.148', '0.095', '-0.204', '-0.244']
Candle Analysis:
    Body Sizes (%): ['0.148', '0.099', '0.204', '0.247']
    Upper Shadows (%): ['0.115', '0.085', '0.151', '0.138']
    Lower Shadows (%): ['0.066', '0.049', '0.000', '0.109']
Volumes: [np.float64(496943.0), np.float64(669600.0), np.float64(781094.0), np.float64(698308.0)]
2025-05-15 12:20:51,833 - INFO - 
2. Post-Cross Movement (30min):
5min Price Changes (%): ['-0.033']
Maximum Change: -0.033% after 5 minutes
Candle Analysis:
    Body Sizes (%): ['0.026']
    Upper Shadows (%): ['0.020']
    Lower Shadows (%): ['0.079']
Volumes: [np.float64(58818.0)]
==================================================
2025-05-15 12:20:52,483 - INFO - 
==================================================
EMA Cross Analysis - GRASS/USDT
Time: 2025-05-15 12:20:00+09:00
Type: dead
Cross Character (Current): Strong
Cross Character (New): Weak
Price at Cross: 2.0238

1. Pre-Cross Pattern (15min):
EMA Distance Changes (%): ['0.210', '0.188', '0.052', '0.053']
EMA12 Changes (%): ['-0.004', '-0.013', '-0.237', '-0.193']
Price Changes (%): ['-0.797', '-0.058', '-1.471', '0.049']
Candle Analysis:
    Body Sizes (%): ['0.778', '0.054', '1.457', '0.054']
    Upper Shadows (%): ['0.029', '0.414', '0.000', '0.178']
    Lower Shadows (%): ['0.130', '0.380', '0.599', '0.020']
Volumes: [np.float64(211468.6), np.float64(197729.4), np.float64(486198.6), np.float64(26127.6)]
2025-05-15 12:20:52,483 - INFO - 
2. Post-Cross Movement (30min):
5min Price Changes (%): []
Maximum Change: 0.000% after 0 minutes
Candle Analysis:
    Body Sizes (%): []
    Upper Shadows (%): []
    Lower Shadows (%): []
Volumes: []
==================================================
2025-05-15 12:25:30,313 - INFO - 
==================================================
EMA Cross Analysis - GRASS/USDT
Time: 2025-05-15 12:25:00+09:00
Type: dead
Cross Character (Current): Weak
Cross Character (New): Weak
Price at Cross: 2.0329

1. Pre-Cross Pattern (15min):
EMA Distance Changes (%): ['0.188', '0.052', '0.013', '0.048']
EMA12 Changes (%): ['-0.013', '-0.237', '-0.067', '-0.115']
Price Changes (%): ['-0.058', '-1.471', '0.885', '-0.382']
Candle Analysis:
    Body Sizes (%): ['0.054', '1.457', '0.890', '0.368']
    Upper Shadows (%): ['0.414', '0.000', '0.035', '0.098']
    Lower Shadows (%): ['0.380', '0.599', '0.059', '0.034']
Volumes: [np.float64(197729.4), np.float64(486198.6), np.float64(95205.1), np.float64(29651.9)]
2025-05-15 12:25:30,313 - INFO - 
2. Post-Cross Movement (30min):
5min Price Changes (%): []
Maximum Change: 0.000% after 0 minutes
Candle Analysis:
    Body Sizes (%): []
    Upper Shadows (%): []
    Lower Shadows (%): []
Volumes: []
==================================================
2025-05-15 12:30:03,014 - INFO - 
==================================================
EMA Cross Analysis - DOGS/USDT
Time: 2025-05-15 12:30:00+09:00
Type: golden
Cross Character (Current): Weak
Cross Character (New): Weak
Price at Cross: 0.0002266

1. Pre-Cross Pattern (15min):
EMA Distance Changes (%): ['0.137', '0.073', '0.005', '0.044']
EMA12 Changes (%): ['-0.040', '0.103', '0.121', '0.096']
Price Changes (%): ['0.089', '0.892', '0.221', '-0.044']
Candle Analysis:
    Body Sizes (%): ['0.045', '0.937', '0.177', '0.044']
    Upper Shadows (%): ['0.312', '0.134', '0.044', '0.000']
    Lower Shadows (%): ['0.178', '0.178', '0.265', '0.044']
Volumes: [np.float64(246309425.0), np.float64(304486232.0), np.float64(323143460.0), np.float64(83282635.0)]
2025-05-15 12:30:03,014 - INFO - 
2. Post-Cross Movement (30min):
5min Price Changes (%): []
Maximum Change: 0.000% after 0 minutes
Candle Analysis:
    Body Sizes (%): []
    Upper Shadows (%): []
    Lower Shadows (%): []
Volumes: []
==================================================
2025-05-15 12:30:07,518 - INFO - 
==================================================
EMA Cross Analysis - GRASS/USDT
Time: 2025-05-15 12:30:00+09:00
Type: dead
Cross Character (Current): Weak
Cross Character (New): Weak
Price at Cross: 2.045

1. Pre-Cross Pattern (15min):
EMA Distance Changes (%): ['0.052', '0.013', '0.002', '0.009']
EMA12 Changes (%): ['-0.237', '-0.067', '-0.020', '-0.021']
Price Changes (%): ['-1.471', '0.885', '0.235', '-0.024']
Candle Analysis:
    Body Sizes (%): ['1.457', '0.890', '0.250', '0.010']
    Upper Shadows (%): ['0.000', '0.035', '0.034', '0.000']
    Lower Shadows (%): ['0.599', '0.059', '0.564', '0.049']
Volumes: [np.float64(486198.6), np.float64(95205.1), np.float64(157326.8), np.float64(7599.8)]
2025-05-15 12:30:07,518 - INFO - 
2. Post-Cross Movement (30min):
5min Price Changes (%): []
Maximum Change: 0.000% after 0 minutes
Candle Analysis:
    Body Sizes (%): []
    Upper Shadows (%): []
    Lower Shadows (%): []
Volumes: []
==================================================
2025-05-15 12:30:09,385 - INFO - 
==================================================
EMA Cross Analysis - ADA/USDT
Time: 2025-05-15 12:30:00+09:00
Type: golden
Cross Character (Current): Weak
Cross Character (New): Weak
Price at Cross: 0.7992

1. Pre-Cross Pattern (15min):
EMA Distance Changes (%): ['0.102', '0.065', '0.015', '0.026']
EMA12 Changes (%): ['-0.003', '0.056', '0.088', '0.078']
Price Changes (%): ['-0.076', '0.378', '0.264', '0.025']
Candle Analysis:
    Body Sizes (%): ['0.076', '0.378', '0.264', '0.025']
    Upper Shadows (%): ['0.264', '0.038', '0.025', '0.025']
    Lower Shadows (%): ['0.151', '0.126', '0.063', '0.013']
Volumes: [np.float64(1711655.0), np.float64(1424223.0), np.float64(2515795.0), np.float64(535804.0)]
2025-05-15 12:30:09,385 - INFO - 
2. Post-Cross Movement (30min):
5min Price Changes (%): []
Maximum Change: 0.000% after 0 minutes
Candle Analysis:
    Body Sizes (%): []
    Upper Shadows (%): []
    Lower Shadows (%): []
Volumes: []
==================================================
2025-05-15 12:35:49,491 - INFO - 
==================================================
EMA Cross Analysis - DOGS/USDT
Time: 2025-05-15 12:30:00+09:00
Type: golden
Cross Character (Current): Weak
Cross Character (New): Weak
Price at Cross: 0.0002266

1. Pre-Cross Pattern (15min):
EMA Distance Changes (%): ['0.137', '0.073', '0.005', '0.044']
EMA12 Changes (%): ['-0.040', '0.103', '0.121', '0.096']
Price Changes (%): ['0.089', '0.892', '0.221', '-0.044']
Candle Analysis:
    Body Sizes (%): ['0.045', '0.937', '0.177', '0.044']
    Upper Shadows (%): ['0.312', '0.134', '0.044', '0.441']
    Lower Shadows (%): ['0.178', '0.178', '0.265', '0.088']
Volumes: [np.float64(246309425.0), np.float64(304486232.0), np.float64(323143460.0), np.float64(520884016.0)]
2025-05-15 12:35:49,491 - INFO - 
2. Post-Cross Movement (30min):
5min Price Changes (%): ['0.221']
Maximum Change: 0.221% after 5 minutes
Candle Analysis:
    Body Sizes (%): ['0.265']
    Upper Shadows (%): ['0.000']
    Lower Shadows (%): ['0.044']
Volumes: [np.float64(82883578.0)]
==================================================
2025-05-15 12:35:52,866 - INFO - 
==================================================
EMA Cross Analysis - ATOM/USDT
Time: 2025-05-15 12:35:00+09:00
Type: golden
Cross Character (Current): Weak
Cross Character (New): Weak
Price at Cross: 5.076

1. Pre-Cross Pattern (15min):
EMA Distance Changes (%): ['0.070', '0.034', '0.010', '0.013']
EMA12 Changes (%): ['0.073', '0.059', '0.041', '0.044']
Price Changes (%): ['0.495', '-0.020', '-0.059', '0.059']
Candle Analysis:
    Body Sizes (%): ['0.495', '0.000', '0.079', '0.059']
    Upper Shadows (%): ['0.000', '0.079', '0.118', '0.000']
    Lower Shadows (%): ['0.079', '0.099', '0.000', '0.020']
Volumes: [np.float64(67411.7), np.float64(28753.46), np.float64(30318.48), np.float64(1153.86)]
2025-05-15 12:35:52,866 - INFO - 
2. Post-Cross Movement (30min):
5min Price Changes (%): []
Maximum Change: 0.000% after 0 minutes
Candle Analysis:
    Body Sizes (%): []
    Upper Shadows (%): []
    Lower Shadows (%): []
Volumes: []
==================================================
2025-05-15 12:35:54,452 - INFO - 
==================================================
EMA Cross Analysis - GRASS/USDT
Time: 2025-05-15 12:30:00+09:00
Type: dead
Cross Character (Current): Weak
Cross Character (New): Weak
Price at Cross: 2.0361

1. Pre-Cross Pattern (15min):
EMA Distance Changes (%): ['0.052', '0.013', '0.002', '0.044']
EMA12 Changes (%): ['-0.237', '-0.067', '-0.020', '-0.088']
Price Changes (%): ['-1.471', '0.885', '0.235', '-0.460']
Candle Analysis:
    Body Sizes (%): ['1.457', '0.890', '0.250', '0.445']
    Upper Shadows (%): ['0.000', '0.035', '0.034', '0.127']
    Lower Shadows (%): ['0.599', '0.059', '0.564', '0.455']
Volumes: [np.float64(486198.6), np.float64(95205.1), np.float64(157326.8), np.float64(129828.4)]
2025-05-15 12:35:54,452 - INFO - 
2. Post-Cross Movement (30min):
5min Price Changes (%): ['-0.015']
Maximum Change: -0.015% after 5 minutes
Candle Analysis:
    Body Sizes (%): ['0.005']
    Upper Shadows (%): ['0.251']
    Lower Shadows (%): ['0.182']
Volumes: [np.float64(22508.0)]
==================================================
2025-05-15 12:35:56,318 - INFO - 
==================================================
EMA Cross Analysis - ADA/USDT
Time: 2025-05-15 12:30:00+09:00
Type: golden
Cross Character (Current): Weak
Cross Character (New): Weak
Price at Cross: 0.7981

1. Pre-Cross Pattern (15min):
EMA Distance Changes (%): ['0.102', '0.065', '0.015', '0.015']
EMA12 Changes (%): ['-0.003', '0.056', '0.088', '0.057']
Price Changes (%): ['-0.076', '0.378', '0.264', '-0.113']
Candle Analysis:
    Body Sizes (%): ['0.076', '0.378', '0.264', '0.113']
    Upper Shadows (%): ['0.264', '0.038', '0.025', '0.238']
    Lower Shadows (%): ['0.151', '0.126', '0.063', '0.000']
Volumes: [np.float64(1711655.0), np.float64(1424223.0), np.float64(2515795.0), np.float64(5119656.0)]
2025-05-15 12:35:56,318 - INFO - 
2. Post-Cross Movement (30min):
5min Price Changes (%): ['-0.163']
Maximum Change: -0.163% after 5 minutes
Candle Analysis:
    Body Sizes (%): ['0.150']
    Upper Shadows (%): ['0.000']
    Lower Shadows (%): ['0.013']
Volumes: [np.float64(657773.0)]
==================================================
2025-05-15 12:40:30,841 - INFO - 
==================================================
EMA Cross Analysis - ATOM/USDT
Time: 2025-05-15 12:35:00+09:00
Type: golden
Cross Character (Current): Weak
Cross Character (New): Weak
Price at Cross: 5.077

1. Pre-Cross Pattern (15min):
EMA Distance Changes (%): ['0.070', '0.034', '0.010', '0.015']
EMA12 Changes (%): ['0.073', '0.059', '0.041', '0.047']
Price Changes (%): ['0.495', '-0.020', '-0.059', '0.079']
Candle Analysis:
    Body Sizes (%): ['0.495', '0.000', '0.079', '0.079']
    Upper Shadows (%): ['0.000', '0.079', '0.118', '0.138']
    Lower Shadows (%): ['0.079', '0.099', '0.000', '0.020']
Volumes: [np.float64(67411.7), np.float64(28753.46), np.float64(30318.48), np.float64(9659.14)]
2025-05-15 12:40:30,841 - INFO - 
2. Post-Cross Movement (30min):
5min Price Changes (%): ['0.000']
Maximum Change: 0.000% after 0 minutes
Candle Analysis:
    Body Sizes (%): ['0.020']
    Upper Shadows (%): ['0.000']
    Lower Shadows (%): ['0.020']
Volumes: [np.float64(1278.32)]
==================================================
2025-05-15 12:40:36,515 - INFO - 
==================================================
EMA Cross Analysis - GOAT/USDT
Time: 2025-05-15 12:40:00+09:00
Type: golden
Cross Character (Current): Weak
Cross Character (New): Weak
Price at Cross: 0.1872

1. Pre-Cross Pattern (15min):
EMA Distance Changes (%): ['0.190', '0.124', '0.013', '0.061']
EMA12 Changes (%): ['0.204', '0.103', '0.197', '0.143']
Price Changes (%): ['0.700', '-0.444', '0.709', '-0.149']
Candle Analysis:
    Body Sizes (%): ['0.695', '0.449', '0.709', '0.160']
    Upper Shadows (%): ['0.054', '0.203', '0.591', '0.011']
    Lower Shadows (%): ['0.372', '0.150', '0.054', '0.043']
Volumes: [np.float64(1023634.0), np.float64(1808809.0), np.float64(1957936.0), np.float64(74091.0)]
2025-05-15 12:40:36,515 - INFO - 
2. Post-Cross Movement (30min):
5min Price Changes (%): []
Maximum Change: 0.000% after 0 minutes
Candle Analysis:
    Body Sizes (%): []
    Upper Shadows (%): []
    Lower Shadows (%): []
Volumes: []
==================================================
2025-05-15 12:45:05,347 - INFO - 
==================================================
EMA Cross Analysis - DOGS/USDT
Time: 2025-05-15 12:45:00+09:00
Type: dead
Cross Character (Current): Weak
Cross Character (New): Weak
Price at Cross: 0.0002241

1. Pre-Cross Pattern (15min):
EMA Distance Changes (%): ['0.044', '0.065', '0.014', '0.030']
EMA12 Changes (%): ['0.096', '0.047', '-0.090', '-0.083']
Price Changes (%): ['-0.044', '-0.221', '-0.840', '-0.045']
Candle Analysis:
    Body Sizes (%): ['0.044', '0.177', '0.840', '0.045']
    Upper Shadows (%): ['0.441', '0.530', '0.000', '0.000']
    Lower Shadows (%): ['0.088', '0.088', '0.088', '0.000']
Volumes: [np.float64(520884016.0), np.float64(252804151.0), np.float64(339205574.0), np.float64(866641.0)]
2025-05-15 12:45:05,347 - INFO - 
2. Post-Cross Movement (30min):
5min Price Changes (%): []
Maximum Change: 0.000% after 0 minutes
Candle Analysis:
    Body Sizes (%): []
    Upper Shadows (%): []
    Lower Shadows (%): []
Volumes: []
==================================================
2025-05-15 12:45:14,149 - INFO - 
==================================================
EMA Cross Analysis - GOAT/USDT
Time: 2025-05-15 12:40:00+09:00
Type: golden
Cross Character (Current): Weak
Cross Character (New): Weak
Price at Cross: 0.18657

1. Pre-Cross Pattern (15min):
EMA Distance Changes (%): ['0.190', '0.124', '0.013', '0.034']
EMA12 Changes (%): ['0.204', '0.103', '0.197', '0.091']
Price Changes (%): ['0.700', '-0.444', '0.709', '-0.485']
Candle Analysis:
    Body Sizes (%): ['0.695', '0.449', '0.709', '0.496']
    Upper Shadows (%): ['0.054', '0.203', '0.591', '0.011']
    Lower Shadows (%): ['0.372', '0.150', '0.054', '0.187']
Volumes: [np.float64(1023634.0), np.float64(1808809.0), np.float64(1957936.0), np.float64(631638.0)]
2025-05-15 12:45:14,149 - INFO - 
2. Post-Cross Movement (30min):
5min Price Changes (%): ['-0.123']
Maximum Change: -0.123% after 5 minutes
Candle Analysis:
    Body Sizes (%): ['0.113']
    Upper Shadows (%): ['0.086']
    Lower Shadows (%): ['0.000']
Volumes: [np.float64(13785.0)]
==================================================
2025-05-15 12:50:52,403 - INFO - 
==================================================
EMA Cross Analysis - DOGS/USDT
Time: 2025-05-15 12:45:00+09:00
Type: dead
Cross Character (Current): Weak
Cross Character (New): Weak
Price at Cross: 0.0002232

1. Pre-Cross Pattern (15min):
EMA Distance Changes (%): ['0.044', '0.065', '0.014', '0.063']
EMA12 Changes (%): ['0.096', '0.047', '-0.090', '-0.145']
Price Changes (%): ['-0.044', '-0.221', '-0.840', '-0.446']
Candle Analysis:
    Body Sizes (%): ['0.044', '0.177', '0.840', '0.446']
    Upper Shadows (%): ['0.441', '0.530', '0.000', '0.000']
    Lower Shadows (%): ['0.088', '0.088', '0.088', '0.758']
Volumes: [np.float64(520884016.0), np.float64(252804151.0), np.float64(339205574.0), np.float64(1011141938.0)]
2025-05-15 12:50:52,403 - INFO - 
2. Post-Cross Movement (30min):
5min Price Changes (%): ['-0.269']
Maximum Change: -0.269% after 5 minutes
Candle Analysis:
    Body Sizes (%): ['0.224']
    Upper Shadows (%): ['0.134']
    Lower Shadows (%): ['0.000']
Volumes: [np.float64(108779163.0)]
==================================================
2025-05-15 12:50:55,686 - INFO - 
==================================================
EMA Cross Analysis - ATOM/USDT
Time: 2025-05-15 12:50:00+09:00
Type: dead
Cross Character (Current): Weak
Cross Character (New): Weak
Price at Cross: 5.056

1. Pre-Cross Pattern (15min):
EMA Distance Changes (%): ['0.015', '0.020', '0.003', '0.008']
EMA12 Changes (%): ['0.047', '0.012', '-0.029', '-0.022']
Price Changes (%): ['0.079', '-0.177', '-0.257', '0.020']
Candle Analysis:
    Body Sizes (%): ['0.079', '0.197', '0.257', '0.040']
    Upper Shadows (%): ['0.138', '0.000', '0.000', '0.059']
    Lower Shadows (%): ['0.020', '0.020', '0.118', '0.040']
Volumes: [np.float64(9659.14), np.float64(12770.88), np.float64(16282.16), np.float64(6227.88)]
2025-05-15 12:50:55,686 - INFO - 
2. Post-Cross Movement (30min):
5min Price Changes (%): []
Maximum Change: 0.000% after 0 minutes
Candle Analysis:
    Body Sizes (%): []
    Upper Shadows (%): []
    Lower Shadows (%): []
Volumes: []
==================================================
2025-05-15 12:50:56,663 - INFO - 
==================================================
EMA Cross Analysis - XLM/USDT
Time: 2025-05-15 12:45:00+09:00
Type: dead
Cross Character (Current): Weak
Cross Character (New): Weak
Price at Cross: 0.30246

1. Pre-Cross Pattern (15min):
EMA Distance Changes (%): ['0.027', '0.033', '0.026', '0.012']
EMA12 Changes (%): ['-0.002', '0.016', '-0.010', '-0.069']
Price Changes (%): ['-0.184', '0.112', '-0.148', '-0.398']
Candle Analysis:
    Body Sizes (%): ['0.181', '0.115', '0.158', '0.405']
    Upper Shadows (%): ['0.118', '0.165', '0.056', '0.016']
    Lower Shadows (%): ['0.000', '0.092', '0.010', '0.033']
Volumes: [np.float64(442195.0), np.float64(387158.0), np.float64(397179.0), np.float64(1247977.0)]
2025-05-15 12:50:56,663 - INFO - 
2. Post-Cross Movement (30min):
5min Price Changes (%): ['-0.046']
Maximum Change: -0.046% after 5 minutes
Candle Analysis:
    Body Sizes (%): ['0.043']
    Upper Shadows (%): ['0.000']
    Lower Shadows (%): ['0.096']
Volumes: [np.float64(125780.0)]
==================================================
2025-05-15 12:55:33,543 - INFO - 
==================================================
EMA Cross Analysis - ATOM/USDT
Time: 2025-05-15 12:50:00+09:00
Type: dead
Cross Character (Current): Weak
Cross Character (New): Weak
Price at Cross: 5.05

1. Pre-Cross Pattern (15min):
EMA Distance Changes (%): ['0.015', '0.020', '0.003', '0.018']
EMA12 Changes (%): ['0.047', '0.012', '-0.029', '-0.040']
Price Changes (%): ['0.079', '-0.177', '-0.257', '-0.099']
Candle Analysis:
    Body Sizes (%): ['0.079', '0.197', '0.257', '0.079']
    Upper Shadows (%): ['0.138', '0.000', '0.000', '0.198']
    Lower Shadows (%): ['0.020', '0.020', '0.118', '0.020']
Volumes: [np.float64(9659.14), np.float64(12770.88), np.float64(16282.16), np.float64(22465.85)]
2025-05-15 12:55:33,544 - INFO - 
2. Post-Cross Movement (30min):
5min Price Changes (%): ['0.079']
Maximum Change: 0.079% after 5 minutes
Candle Analysis:
    Body Sizes (%): ['0.079']
    Upper Shadows (%): ['0.000']
    Lower Shadows (%): ['0.020']
Volumes: [np.float64(2504.24)]
==================================================
2025-05-15 12:55:37,106 - INFO - 
==================================================
EMA Cross Analysis - ADA/USDT
Time: 2025-05-15 12:50:00+09:00
Type: dead
Cross Character (Current): Weak
Cross Character (New): Weak
Price at Cross: 0.7923

1. Pre-Cross Pattern (15min):
EMA Distance Changes (%): ['0.040', '0.058', '0.037', '0.003']
EMA12 Changes (%): ['0.050', '0.040', '-0.032', '-0.073']
Price Changes (%): ['0.013', '-0.013', '-0.426', '-0.302']
Candle Analysis:
    Body Sizes (%): ['0.025', '0.025', '0.426', '0.289']
    Upper Shadows (%): ['0.138', '0.025', '0.000', '0.126']
    Lower Shadows (%): ['0.201', '0.188', '0.038', '0.076']
Volumes: [np.float64(2136582.0), np.float64(1340440.0), np.float64(1235999.0), np.float64(1729615.0)]
2025-05-15 12:55:37,107 - INFO - 
2. Post-Cross Movement (30min):
5min Price Changes (%): ['-0.038']
Maximum Change: -0.038% after 5 minutes
Candle Analysis:
    Body Sizes (%): ['0.025']
    Upper Shadows (%): ['0.000']
    Lower Shadows (%): ['0.038']
Volumes: [np.float64(314749.0)]
==================================================
2025-05-15 12:55:39,298 - INFO - 
==================================================
EMA Cross Analysis - GOAT/USDT
Time: 2025-05-15 12:50:00+09:00
Type: dead
Cross Character (Current): Weak
Cross Character (New): Weak
Price at Cross: 0.18502

1. Pre-Cross Pattern (15min):
EMA Distance Changes (%): ['0.013', '0.034', '0.015', '0.010']
EMA12 Changes (%): ['0.197', '0.091', '-0.032', '-0.047']
Price Changes (%): ['0.709', '-0.485', '-0.702', '-0.130']
Candle Analysis:
    Body Sizes (%): ['0.709', '0.496', '0.692', '0.135']
    Upper Shadows (%): ['0.591', '0.011', '0.086', '0.297']
    Lower Shadows (%): ['0.054', '0.187', '0.220', '0.189']
Volumes: [np.float64(1957936.0), np.float64(631638.0), np.float64(896500.0), np.float64(894584.0)]
2025-05-15 12:55:39,298 - INFO - 
2. Post-Cross Movement (30min):
5min Price Changes (%): ['-0.086']
Maximum Change: -0.086% after 5 minutes
Candle Analysis:
    Body Sizes (%): ['0.086']
    Upper Shadows (%): ['0.022']
    Lower Shadows (%): ['0.092']
Volumes: [np.float64(172229.0)]
==================================================
2025-05-15 13:00:12,092 - INFO - 
==================================================
EMA Cross Analysis - DOGE/USDT
Time: 2025-05-15 13:00:00+09:00
Type: dead
Cross Character (Current): Weak
Cross Character (New): Weak
Price at Cross: 0.23212

1. Pre-Cross Pattern (15min):
EMA Distance Changes (%): ['0.129', '0.059', '0.011', '0.020']
EMA12 Changes (%): ['-0.069', '-0.116', '-0.084', '-0.059']
Price Changes (%): ['-0.543', '-0.374', '0.095', '0.078']
Candle Analysis:
    Body Sizes (%): ['0.539', '0.365', '0.099', '0.082']
    Upper Shadows (%): ['0.000', '0.095', '0.078', '0.000']
    Lower Shadows (%): ['0.094', '0.099', '0.216', '0.030']
Volumes: [np.float64(23554423.0), np.float64(38590817.0), np.float64(21984479.0), np.float64(749483.0)]
2025-05-15 13:00:12,092 - INFO - 
2. Post-Cross Movement (30min):
5min Price Changes (%): []
Maximum Change: 0.000% after 0 minutes
Candle Analysis:
    Body Sizes (%): []
    Upper Shadows (%): []
    Lower Shadows (%): []
Volumes: []
==================================================
2025-05-15 13:00:16,729 - INFO - 
==================================================
EMA Cross Analysis - MOVE/USDT
Time: 2025-05-15 13:00:00+09:00
Type: dead
Cross Character (Current): Weak
Cross Character (New): Weak
Price at Cross: 0.2173

1. Pre-Cross Pattern (15min):
EMA Distance Changes (%): ['0.180', '0.099', '0.035', '0.005']
EMA12 Changes (%): ['-0.112', '-0.130', '-0.110', '-0.072']
Price Changes (%): ['-0.366', '-0.230', '0.000', '0.138']
Candle Analysis:
    Body Sizes (%): ['0.321', '0.184', '0.000', '0.184']
    Upper Shadows (%): ['0.000', '0.322', '0.092', '0.046']
    Lower Shadows (%): ['0.183', '0.138', '0.369', '0.000']
Volumes: [np.float64(763605.0), np.float64(590221.0), np.float64(1038802.0), np.float64(109547.0)]
2025-05-15 13:00:16,729 - INFO - 
2. Post-Cross Movement (30min):
5min Price Changes (%): []
Maximum Change: 0.000% after 0 minutes
Candle Analysis:
    Body Sizes (%): []
    Upper Shadows (%): []
    Lower Shadows (%): []
Volumes: []
==================================================
2025-05-15 13:15:13,649 - INFO - 
==================================================
EMA Cross Analysis - ORDI/USDT
Time: 2025-05-15 13:15:00+09:00
Type: dead
Cross Character (Current): Weak
Cross Character (New): Weak
Price at Cross: 11.955

1. Pre-Cross Pattern (15min):
EMA Distance Changes (%): ['0.083', '0.052', '0.010', '0.019']
EMA12 Changes (%): ['-0.123', '-0.047', '-0.073', '-0.055']
Price Changes (%): ['0.008', '0.377', '-0.217', '0.042']
Candle Analysis:
    Body Sizes (%): ['0.008', '0.386', '0.217', '0.050']
    Upper Shadows (%): ['0.386', '0.285', '0.217', '0.008']
    Lower Shadows (%): ['0.754', '0.243', '0.259', '0.075']
Volumes: [np.float64(108618.6), np.float64(36838.2), np.float64(26385.1), np.float64(729.9)]
2025-05-15 13:15:13,649 - INFO - 
2. Post-Cross Movement (30min):
5min Price Changes (%): []
Maximum Change: 0.000% after 0 minutes
Candle Analysis:
    Body Sizes (%): []
    Upper Shadows (%): []
    Lower Shadows (%): []
Volumes: []
==================================================
2025-05-15 13:20:59,694 - INFO - 
==================================================
EMA Cross Analysis - MOODENG/USDT
Time: 2025-05-15 13:15:00+09:00
Type: golden
Cross Character (Current): Strong
Cross Character (New): Weak
Price at Cross: 0.24397

1. Pre-Cross Pattern (15min):
EMA Distance Changes (%): ['0.262', '0.169', '0.090', '0.041']
EMA12 Changes (%): ['0.021', '0.140', '0.128', '0.243']
Price Changes (%): ['0.608', '0.792', '0.062', '0.872']
Candle Analysis:
    Body Sizes (%): ['0.591', '0.788', '0.054', '0.889']
    Upper Shadows (%): ['0.755', '0.329', '0.683', '0.397']
    Lower Shadows (%): ['0.717', '0.492', '0.252', '0.277']
Volumes: [np.float64(12405866.0), np.float64(13272929.0), np.float64(11892045.0), np.float64(12252895.0)]
2025-05-15 13:20:59,694 - INFO - 
2. Post-Cross Movement (30min):
5min Price Changes (%): ['-0.037']
Maximum Change: -0.037% after 5 minutes
Candle Analysis:
    Body Sizes (%): ['0.020']
    Upper Shadows (%): ['0.115']
    Lower Shadows (%): ['0.234']
Volumes: [np.float64(1264471.0)]
==================================================
2025-05-15 13:30:22,567 - INFO - 
==================================================
EMA Cross Analysis - BRETT/USDT
Time: 2025-05-15 13:30:00+09:00
Type: golden
Cross Character (Current): Weak
Cross Character (New): Weak
Price at Cross: 0.0746

1. Pre-Cross Pattern (15min):
EMA Distance Changes (%): ['0.160', '0.076', '0.012', '0.062']
EMA12 Changes (%): ['0.127', '0.140', '0.112', '0.143']
Price Changes (%): ['0.501', '0.216', '-0.040', '0.309']
Candle Analysis:
    Body Sizes (%): ['0.514', '0.202', '0.000', '0.296']
    Upper Shadows (%): ['0.149', '0.081', '0.350', '0.027']
    Lower Shadows (%): ['0.095', '0.148', '0.161', '0.000']
Volumes: [np.float64(1505689.0), np.float64(719085.0), np.float64(1007041.0), np.float64(41741.0)]
2025-05-15 13:30:22,568 - INFO - 
2. Post-Cross Movement (30min):
5min Price Changes (%): []
Maximum Change: 0.000% after 0 minutes
Candle Analysis:
    Body Sizes (%): []
    Upper Shadows (%): []
    Lower Shadows (%): []
Volumes: []
==================================================
2025-05-15 13:36:01,541 - INFO - 
==================================================
EMA Cross Analysis - 1000PEPE/USDT
Time: 2025-05-15 13:35:00+09:00
Type: golden
Cross Character (Current): Weak
Cross Character (New): Weak
Price at Cross: 0.0137565

1. Pre-Cross Pattern (15min):
EMA Distance Changes (%): ['0.105', '0.067', '0.004', '0.045']
EMA12 Changes (%): ['0.085', '0.058', '0.112', '0.093']
Price Changes (%): ['0.403', '-0.088', '0.409', '-0.011']
Candle Analysis:
    Body Sizes (%): ['0.403', '0.086', '0.409', '0.011']
    Upper Shadows (%): ['0.055', '0.050', '0.077', '0.009']
    Lower Shadows (%): ['0.000', '0.112', '0.000', '0.141']
Volumes: [np.float64(211563843.0), np.float64(155611139.0), np.float64(230453334.0), np.float64(17064338.0)]
2025-05-15 13:36:01,541 - INFO - 
2. Post-Cross Movement (30min):
5min Price Changes (%): []
Maximum Change: 0.000% after 0 minutes
Candle Analysis:
    Body Sizes (%): []
    Upper Shadows (%): []
    Lower Shadows (%): []
Volumes: []
==================================================
2025-05-15 13:36:03,610 - INFO - 
==================================================
EMA Cross Analysis - XLM/USDT
Time: 2025-05-15 13:35:00+09:00
Type: golden
Cross Character (Current): Weak
Cross Character (New): Weak
Price at Cross: 0.30435

1. Pre-Cross Pattern (15min):
EMA Distance Changes (%): ['0.058', '0.037', '0.002', '0.023']
EMA12 Changes (%): ['0.028', '0.032', '0.063', '0.048']
Price Changes (%): ['0.020', '0.053', '0.234', '-0.036']
Candle Analysis:
    Body Sizes (%): ['0.026', '0.053', '0.234', '0.049']
    Upper Shadows (%): ['0.152', '0.254', '0.056', '0.000']
    Lower Shadows (%): ['0.102', '0.040', '0.000', '0.056']
Volumes: [np.float64(583803.0), np.float64(434848.0), np.float64(543684.0), np.float64(66897.0)]
2025-05-15 13:36:03,610 - INFO - 
2. Post-Cross Movement (30min):
5min Price Changes (%): []
Maximum Change: 0.000% after 0 minutes
Candle Analysis:
    Body Sizes (%): []
    Upper Shadows (%): []
    Lower Shadows (%): []
Volumes: []
==================================================
2025-05-15 13:36:04,933 - INFO - 
==================================================
EMA Cross Analysis - BNB/USDT
Time: 2025-05-15 13:35:00+09:00
Type: golden
Cross Character (Current): Weak
Cross Character (New): Weak
Price at Cross: 650.66

1. Pre-Cross Pattern (15min):
EMA Distance Changes (%): ['0.044', '0.026', '0.006', '0.010']
EMA12 Changes (%): ['0.022', '0.028', '0.036', '0.028']
Price Changes (%): ['0.020', '0.060', '0.082', '-0.014']
Candle Analysis:
    Body Sizes (%): ['0.020', '0.062', '0.080', '0.012']
    Upper Shadows (%): ['0.045', '0.043', '0.020', '0.012']
    Lower Shadows (%): ['0.038', '0.023', '0.002', '0.035']
Volumes: [np.float64(625.48), np.float64(835.0), np.float64(1285.35), np.float64(198.19)]
2025-05-15 13:36:04,933 - INFO - 
2. Post-Cross Movement (30min):
5min Price Changes (%): []
Maximum Change: 0.000% after 0 minutes
Candle Analysis:
    Body Sizes (%): []
    Upper Shadows (%): []
    Lower Shadows (%): []
Volumes: []
==================================================
2025-05-15 13:36:06,815 - INFO - 
==================================================
EMA Cross Analysis - PENGU/USDT
Time: 2025-05-15 13:30:00+09:00
Type: golden
Cross Character (Current): Strong
Cross Character (New): Weak
Price at Cross: 0.014364

1. Pre-Cross Pattern (15min):
EMA Distance Changes (%): ['0.287', '0.183', '0.119', '0.035']
EMA12 Changes (%): ['0.109', '0.160', '0.099', '0.281']
Price Changes (%): ['0.127', '0.438', '-0.232', '1.276']
Candle Analysis:
    Body Sizes (%): ['0.142', '0.438', '0.239', '1.255']
    Upper Shadows (%): ['0.290', '0.530', '0.091', '0.296']
    Lower Shadows (%): ['0.212', '0.007', '0.134', '0.000']
Volumes: [np.float64(63159052.0), np.float64(80998367.0), np.float64(42278595.0), np.float64(126141095.0)]
2025-05-15 13:36:06,815 - INFO - 
2. Post-Cross Movement (30min):
5min Price Changes (%): ['0.432']
Maximum Change: 0.432% after 5 minutes
Candle Analysis:
    Body Sizes (%): ['0.425']
    Upper Shadows (%): ['0.209']
    Lower Shadows (%): ['0.056']
Volumes: [np.float64(36730468.0)]
==================================================
2025-05-15 13:36:07,030 - INFO - 
==================================================
EMA Cross Analysis - AIXBT/USDT
Time: 2025-05-15 13:35:00+09:00
Type: golden
Cross Character (Current): Weak
Cross Character (New): Weak
Price at Cross: 0.2025

1. Pre-Cross Pattern (15min):
EMA Distance Changes (%): ['0.146', '0.119', '0.050', '0.002']
EMA12 Changes (%): ['0.054', '0.031', '0.116', '0.093']
Price Changes (%): ['0.099', '-0.094', '0.581', '-0.035']
Candle Analysis:
    Body Sizes (%): ['0.109', '0.089', '0.576', '0.054']
    Upper Shadows (%): ['0.169', '0.228', '0.035', '0.010']
    Lower Shadows (%): ['0.154', '0.149', '0.000', '0.153']
Volumes: [np.float64(680469.0), np.float64(515767.0), np.float64(555360.0), np.float64(88780.0)]
2025-05-15 13:36:07,030 - INFO - 
2. Post-Cross Movement (30min):
5min Price Changes (%): []
Maximum Change: 0.000% after 0 minutes
Candle Analysis:
    Body Sizes (%): []
    Upper Shadows (%): []
    Lower Shadows (%): []
Volumes: []
==================================================
2025-05-15 13:36:09,615 - INFO - 
==================================================
EMA Cross Analysis - BRETT/USDT
Time: 2025-05-15 13:30:00+09:00
Type: golden
Cross Character (Current): Weak
Cross Character (New): Weak
Price at Cross: 0.07467

1. Pre-Cross Pattern (15min):
EMA Distance Changes (%): ['0.160', '0.076', '0.012', '0.070']
EMA12 Changes (%): ['0.127', '0.140', '0.112', '0.157']
Price Changes (%): ['0.501', '0.216', '-0.040', '0.403']
Candle Analysis:
    Body Sizes (%): ['0.514', '0.202', '0.000', '0.390']
    Upper Shadows (%): ['0.149', '0.081', '0.350', '0.161']
    Lower Shadows (%): ['0.095', '0.148', '0.161', '0.000']
Volumes: [np.float64(1505689.0), np.float64(719085.0), np.float64(1007041.0), np.float64(1108319.0)]
2025-05-15 13:36:09,615 - INFO - 
2. Post-Cross Movement (30min):
5min Price Changes (%): ['0.040']
Maximum Change: 0.040% after 5 minutes
Candle Analysis:
    Body Sizes (%): ['0.040']
    Upper Shadows (%): ['0.000']
    Lower Shadows (%): ['0.174']
Volumes: [np.float64(70735.0)]
==================================================
2025-05-15 13:40:39,437 - INFO - 
==================================================
EMA Cross Analysis - 1000PEPE/USDT
Time: 2025-05-15 13:35:00+09:00
Type: golden
Cross Character (Current): Weak
Cross Character (New): Weak
Price at Cross: 0.0137287

1. Pre-Cross Pattern (15min):
EMA Distance Changes (%): ['0.105', '0.067', '0.004', '0.028']
EMA12 Changes (%): ['0.085', '0.058', '0.112', '0.062']
Price Changes (%): ['0.403', '-0.088', '0.409', '-0.213']
Candle Analysis:
    Body Sizes (%): ['0.403', '0.086', '0.409', '0.213']
    Upper Shadows (%): ['0.055', '0.050', '0.077', '0.064']
    Lower Shadows (%): ['0.000', '0.112', '0.000', '0.099']
Volumes: [np.float64(211563843.0), np.float64(155611139.0), np.float64(230453334.0), np.float64(143819883.0)]
2025-05-15 13:40:39,437 - INFO - 
2. Post-Cross Movement (30min):
5min Price Changes (%): ['-0.045']
Maximum Change: -0.045% after 5 minutes
Candle Analysis:
    Body Sizes (%): ['0.042']
    Upper Shadows (%): ['0.019']
    Lower Shadows (%): ['0.036']
Volumes: [np.float64(7182815.0)]
==================================================
2025-05-15 13:40:41,706 - INFO - 
==================================================
EMA Cross Analysis - XLM/USDT
Time: 2025-05-15 13:35:00+09:00
Type: golden
Cross Character (Current): Weak
Cross Character (New): Weak
Price at Cross: 0.30384

1. Pre-Cross Pattern (15min):
EMA Distance Changes (%): ['0.058', '0.037', '0.002', '0.009']
EMA12 Changes (%): ['0.028', '0.032', '0.063', '0.022']
Price Changes (%): ['0.020', '0.053', '0.234', '-0.204']
Candle Analysis:
    Body Sizes (%): ['0.026', '0.053', '0.234', '0.217']
    Upper Shadows (%): ['0.152', '0.254', '0.056', '0.125']
    Lower Shadows (%): ['0.102', '0.040', '0.000', '0.059']
Volumes: [np.float64(583803.0), np.float64(434848.0), np.float64(543684.0), np.float64(491748.0)]
2025-05-15 13:40:41,706 - INFO - 
2. Post-Cross Movement (30min):
5min Price Changes (%): ['-0.079']
Maximum Change: -0.079% after 5 minutes
Candle Analysis:
    Body Sizes (%): ['0.079']
    Upper Shadows (%): ['0.007']
    Lower Shadows (%): ['0.016']
Volumes: [np.float64(84136.0)]
==================================================
2025-05-15 13:40:43,041 - INFO - 
==================================================
EMA Cross Analysis - BNB/USDT
Time: 2025-05-15 13:35:00+09:00
Type: golden
Cross Character (Current): Weak
Cross Character (New): Weak
Price at Cross: 650.55

1. Pre-Cross Pattern (15min):
EMA Distance Changes (%): ['0.044', '0.026', '0.006', '0.008']
EMA12 Changes (%): ['0.022', '0.028', '0.036', '0.026']
Price Changes (%): ['0.020', '0.060', '0.082', '-0.031']
Candle Analysis:
    Body Sizes (%): ['0.020', '0.062', '0.080', '0.029']
    Upper Shadows (%): ['0.045', '0.043', '0.020', '0.034']
    Lower Shadows (%): ['0.038', '0.023', '0.002', '0.043']
Volumes: [np.float64(625.48), np.float64(835.0), np.float64(1285.35), np.float64(963.75)]
2025-05-15 13:40:43,041 - INFO - 
2. Post-Cross Movement (30min):
5min Price Changes (%): ['0.009']
Maximum Change: 0.009% after 5 minutes
Candle Analysis:
    Body Sizes (%): ['0.009']
    Upper Shadows (%): ['0.005']
    Lower Shadows (%): ['0.017']
Volumes: [np.float64(212.13)]
==================================================
2025-05-15 13:51:05,562 - INFO - 
==================================================
EMA Cross Analysis - ORDI/USDT
Time: 2025-05-15 13:50:00+09:00
Type: dead
Cross Character (Current): Weak
Cross Character (New): Weak
Price at Cross: 11.903

1. Pre-Cross Pattern (15min):
EMA Distance Changes (%): ['0.194', '0.109', '0.015', '0.059']
EMA12 Changes (%): ['0.040', '-0.138', '-0.166', '-0.138']
Price Changes (%): ['-0.617', '-1.118', '-0.318', '0.017']
Candle Analysis:
    Body Sizes (%): ['0.626', '1.110', '0.310', '0.017']
    Upper Shadows (%): ['0.123', '0.000', '0.318', '0.126']
    Lower Shadows (%): ['0.091', '0.464', '0.000', '0.017']
Volumes: [np.float64(20520.6), np.float64(111030.7), np.float64(32119.3), np.float64(7035.2)]
2025-05-15 13:51:05,562 - INFO - 
2. Post-Cross Movement (30min):
5min Price Changes (%): []
Maximum Change: 0.000% after 0 minutes
Candle Analysis:
    Body Sizes (%): []
    Upper Shadows (%): []
    Lower Shadows (%): []
Volumes: []
==================================================
2025-05-15 13:51:05,995 - INFO - 
==================================================
EMA Cross Analysis - XLM/USDT
Time: 2025-05-15 13:50:00+09:00
Type: dead
Cross Character (Current): Weak
Cross Character (New): Weak
Price at Cross: 0.30309

1. Pre-Cross Pattern (15min):
EMA Distance Changes (%): ['0.009', '0.010', '0.005', '0.005']
EMA12 Changes (%): ['0.022', '0.002', '-0.007', '-0.019']
Price Changes (%): ['-0.204', '-0.105', '-0.059', '-0.082']
Candle Analysis:
    Body Sizes (%): ['0.217', '0.105', '0.056', '0.082']
    Upper Shadows (%): ['0.125', '0.007', '0.161', '0.000']
    Lower Shadows (%): ['0.059', '0.132', '0.000', '0.003']
Volumes: [np.float64(491748.0), np.float64(345046.0), np.float64(498601.0), np.float64(189096.0)]
2025-05-15 13:51:05,995 - INFO - 
2. Post-Cross Movement (30min):
5min Price Changes (%): []
Maximum Change: 0.000% after 0 minutes
Candle Analysis:
    Body Sizes (%): []
    Upper Shadows (%): []
    Lower Shadows (%): []
Volumes: []
==================================================
2025-05-15 13:55:43,183 - INFO - 
==================================================
EMA Cross Analysis - ORDI/USDT
Time: 2025-05-15 13:50:00+09:00
Type: dead
Cross Character (Current): Weak
Cross Character (New): Weak
Price at Cross: 11.967

1. Pre-Cross Pattern (15min):
EMA Distance Changes (%): ['0.194', '0.109', '0.015', '0.016']
EMA12 Changes (%): ['0.040', '-0.138', '-0.166', '-0.056']
Price Changes (%): ['-0.617', '-1.118', '-0.318', '0.555']
Candle Analysis:
    Body Sizes (%): ['0.626', '1.110', '0.310', '0.555']
    Upper Shadows (%): ['0.123', '0.000', '0.318', '0.126']
    Lower Shadows (%): ['0.091', '0.464', '0.000', '0.017']
Volumes: [np.float64(20520.6), np.float64(111030.7), np.float64(32119.3), np.float64(30258.2)]
2025-05-15 13:55:43,183 - INFO - 
2. Post-Cross Movement (30min):
5min Price Changes (%): ['-0.184']
Maximum Change: -0.184% after 5 minutes
Candle Analysis:
    Body Sizes (%): ['0.167']
    Upper Shadows (%): ['0.125']
    Lower Shadows (%): ['0.000']
Volumes: [np.float64(2867.5)]
==================================================
2025-05-15 14:05:01,867 - INFO - 
==================================================
EMA Cross Analysis - MOVE/USDT
Time: 2025-05-15 14:00:00+09:00
Type: dead
Cross Character (Current): Weak
Cross Character (New): Weak
Price at Cross: 0.2176

1. Pre-Cross Pattern (15min):
EMA Distance Changes (%): ['0.085', '0.060', '0.029', '0.010']
EMA12 Changes (%): ['-0.051', '-0.036', '-0.051', '-0.072']
Price Changes (%): ['-0.592', '0.046', '-0.137', '-0.183']
Candle Analysis:
    Body Sizes (%): ['0.592', '0.000', '0.092', '0.183']
    Upper Shadows (%): ['0.000', '0.137', '0.275', '0.229']
    Lower Shadows (%): ['0.046', '0.137', '0.000', '0.092']
Volumes: [np.float64(440383.0), np.float64(242600.0), np.float64(308674.0), np.float64(298342.0)]
2025-05-15 14:05:01,867 - INFO - 
2. Post-Cross Movement (30min):
5min Price Changes (%): ['-0.046']
Maximum Change: -0.046% after 5 minutes
Candle Analysis:
    Body Sizes (%): ['0.000']
    Upper Shadows (%): ['0.000']
    Lower Shadows (%): ['0.000']
Volumes: [np.float64(2682.0)]
==================================================
2025-05-15 14:10:45,298 - INFO - 
==================================================
EMA Cross Analysis - DOGE/USDT
Time: 2025-05-15 14:10:00+09:00
Type: dead
Cross Character (Current): Weak
Cross Character (New): Weak
Price at Cross: 0.23256

1. Pre-Cross Pattern (15min):
EMA Distance Changes (%): ['0.097', '0.066', '0.033', '0.001']
EMA12 Changes (%): ['-0.005', '-0.046', '-0.055', '-0.060']
Price Changes (%): ['-0.090', '-0.270', '-0.107', '-0.086']
Candle Analysis:
    Body Sizes (%): ['0.086', '0.265', '0.107', '0.082']
    Upper Shadows (%): ['0.064', '0.227', '0.253', '0.000']
    Lower Shadows (%): ['0.038', '0.004', '0.004', '0.052']
Volumes: [np.float64(3687708.0), np.float64(11526092.0), np.float64(18665904.0), np.float64(1834960.0)]
2025-05-15 14:10:45,298 - INFO - 
2. Post-Cross Movement (30min):
5min Price Changes (%): []
Maximum Change: 0.000% after 0 minutes
Candle Analysis:
    Body Sizes (%): []
    Upper Shadows (%): []
    Lower Shadows (%): []
Volumes: []
==================================================
2025-05-15 14:10:45,513 - INFO - 
==================================================
EMA Cross Analysis - XLM/USDT
Time: 2025-05-15 14:05:00+09:00
Type: dead
Cross Character (Current): Weak
Cross Character (New): Weak
Price at Cross: 0.30232

1. Pre-Cross Pattern (15min):
EMA Distance Changes (%): ['0.021', '0.026', '0.012', '0.021']
EMA12 Changes (%): ['0.032', '0.012', '-0.024', '-0.061']
Price Changes (%): ['0.247', '-0.095', '-0.221', '-0.267']
Candle Analysis:
    Body Sizes (%): ['0.247', '0.095', '0.217', '0.261']
    Upper Shadows (%): ['0.026', '0.030', '0.092', '0.066']
    Lower Shadows (%): ['0.086', '0.026', '0.046', '0.000']
Volumes: [np.float64(353991.0), np.float64(425753.0), np.float64(543320.0), np.float64(479350.0)]
2025-05-15 14:10:45,514 - INFO - 
2. Post-Cross Movement (30min):
5min Price Changes (%): ['-0.053']
Maximum Change: -0.053% after 5 minutes
Candle Analysis:
    Body Sizes (%): ['0.050']
    Upper Shadows (%): ['0.000']
    Lower Shadows (%): ['0.010']
Volumes: [np.float64(85489.0)]
==================================================
2025-05-15 14:15:22,624 - INFO - 
==================================================
EMA Cross Analysis - DOGE/USDT
Time: 2025-05-15 14:10:00+09:00
Type: dead
Cross Character (Current): Weak
Cross Character (New): Weak
Price at Cross: 0.23241

1. Pre-Cross Pattern (15min):
EMA Distance Changes (%): ['0.097', '0.066', '0.033', '0.006']
EMA12 Changes (%): ['-0.005', '-0.046', '-0.055', '-0.070']
Price Changes (%): ['-0.090', '-0.270', '-0.107', '-0.150']
Candle Analysis:
    Body Sizes (%): ['0.086', '0.265', '0.107', '0.146']
    Upper Shadows (%): ['0.064', '0.227', '0.253', '0.000']
    Lower Shadows (%): ['0.038', '0.004', '0.004', '0.099']
Volumes: [np.float64(3687708.0), np.float64(11526092.0), np.float64(18665904.0), np.float64(12989002.0)]
2025-05-15 14:15:22,624 - INFO - 
2. Post-Cross Movement (30min):
5min Price Changes (%): ['-0.030']
Maximum Change: -0.030% after 5 minutes
Candle Analysis:
    Body Sizes (%): ['0.026']
    Upper Shadows (%): ['0.034']
    Lower Shadows (%): ['0.004']
Volumes: [np.float64(401525.0)]
==================================================
2025-05-15 14:20:04,399 - INFO - 
==================================================
EMA Cross Analysis - 1000PEPE/USDT
Time: 2025-05-15 14:15:00+09:00
Type: dead
Cross Character (Current): Weak
Cross Character (New): Weak
Price at Cross: 0.013583

1. Pre-Cross Pattern (15min):
EMA Distance Changes (%): ['0.111', '0.083', '0.049', '0.022']
EMA12 Changes (%): ['-0.003', '-0.039', '-0.054', '-0.129']
Price Changes (%): ['-0.353', '-0.237', '-0.137', '-0.543']
Candle Analysis:
    Body Sizes (%): ['0.353', '0.233', '0.132', '0.543']
    Upper Shadows (%): ['0.079', '0.167', '0.000', '0.023']
    Lower Shadows (%): ['0.036', '0.025', '0.265', '0.007']
Volumes: [np.float64(151302646.0), np.float64(283435042.0), np.float64(136358483.0), np.float64(314020687.0)]
2025-05-15 14:20:04,399 - INFO - 
2. Post-Cross Movement (30min):
5min Price Changes (%): ['0.015']
Maximum Change: 0.015% after 5 minutes
Candle Analysis:
    Body Sizes (%): ['0.015']
    Upper Shadows (%): ['0.010']
    Lower Shadows (%): ['0.000']
Volumes: [np.float64(157699.0)]
==================================================
2025-05-15 14:30:28,527 - INFO - 
==================================================
EMA Cross Analysis - HIVE/USDT
Time: 2025-05-15 14:30:00+09:00
Type: dead
Cross Character (Current): Weak
Cross Character (New): Weak
Price at Cross: 0.2749

1. Pre-Cross Pattern (15min):
EMA Distance Changes (%): ['0.026', '0.013', '0.005', '0.003']
EMA12 Changes (%): ['-0.057', '-0.021', '-0.015', '-0.014']
Price Changes (%): ['-0.363', '0.179', '0.018', '-0.007']
Candle Analysis:
    Body Sizes (%): ['0.338', '0.190', '0.022', '0.051']
    Upper Shadows (%): ['0.236', '0.149', '0.149', '0.029']
    Lower Shadows (%): ['0.174', '0.022', '0.167', '0.011']
Volumes: [np.float64(178382.0), np.float64(147633.0), np.float64(95227.0), np.float64(15300.0)]
2025-05-15 14:30:28,528 - INFO - 
2. Post-Cross Movement (30min):
5min Price Changes (%): []
Maximum Change: 0.000% after 0 minutes
Candle Analysis:
    Body Sizes (%): []
    Upper Shadows (%): []
    Lower Shadows (%): []
Volumes: []
==================================================
2025-05-15 14:35:04,274 - INFO - 
==================================================
EMA Cross Analysis - HIVE/USDT
Time: 2025-05-15 14:30:00+09:00
Type: dead
Cross Character (Current): Weak
Cross Character (New): Weak
Price at Cross: 0.27345

1. Pre-Cross Pattern (15min):
EMA Distance Changes (%): ['0.026', '0.013', '0.005', '0.045']
EMA12 Changes (%): ['-0.057', '-0.021', '-0.015', '-0.095']
Price Changes (%): ['-0.363', '0.179', '0.018', '-0.535']
Candle Analysis:
    Body Sizes (%): ['0.338', '0.190', '0.022', '0.578']
    Upper Shadows (%): ['0.236', '0.149', '0.149', '0.127']
    Lower Shadows (%): ['0.174', '0.022', '0.167', '0.116']
Volumes: [np.float64(178382.0), np.float64(147633.0), np.float64(95227.0), np.float64(225057.0)]
2025-05-15 14:35:04,274 - INFO - 
2. Post-Cross Movement (30min):
5min Price Changes (%): ['-0.044']
Maximum Change: -0.044% after 5 minutes
Candle Analysis:
    Body Sizes (%): ['0.026']
    Upper Shadows (%): ['0.000']
    Lower Shadows (%): ['0.000']
Volumes: [np.float64(813.0)]
==================================================
2025-05-15 14:35:05,314 - INFO - 
==================================================
EMA Cross Analysis - BRETT/USDT
Time: 2025-05-15 14:30:00+09:00
Type: dead
Cross Character (Current): Weak
Cross Character (New): Weak
Price at Cross: 0.07372

1. Pre-Cross Pattern (15min):
EMA Distance Changes (%): ['0.131', '0.063', '0.050', '0.007']
EMA12 Changes (%): ['-0.134', '-0.111', '-0.016', '-0.102']
Price Changes (%): ['-0.499', '0.014', '0.515', '-0.580']
Candle Analysis:
    Body Sizes (%): ['0.526', '0.027', '0.488', '0.607']
    Upper Shadows (%): ['0.000', '0.380', '0.271', '0.458']
    Lower Shadows (%): ['0.013', '0.190', '0.014', '0.000']
Volumes: [np.float64(630002.0), np.float64(1008474.0), np.float64(442051.0), np.float64(2006286.0)]
2025-05-15 14:35:05,314 - INFO - 
2. Post-Cross Movement (30min):
5min Price Changes (%): ['-0.027']
Maximum Change: -0.027% after 5 minutes
Candle Analysis:
    Body Sizes (%): ['0.014']
    Upper Shadows (%): ['0.000']
    Lower Shadows (%): ['0.027']
Volumes: [np.float64(12925.0)]
==================================================
2025-05-15 14:40:50,103 - INFO - 
==================================================
EMA Cross Analysis - PENGU/USDT
Time: 2025-05-15 14:40:00+09:00
Type: dead
Cross Character (Current): Weak
Cross Character (New): Weak
Price at Cross: 0.014109

1. Pre-Cross Pattern (15min):
EMA Distance Changes (%): ['0.231', '0.140', '0.044', '0.028']
EMA12 Changes (%): ['0.041', '-0.146', '-0.164', '-0.132']
Price Changes (%): ['0.846', '-1.167', '-0.269', '0.050']
Candle Analysis:
    Body Sizes (%): ['0.839', '1.160', '0.262', '0.043']
    Upper Shadows (%): ['0.000', '0.350', '0.354', '0.092']
    Lower Shadows (%): ['0.078', '0.098', '0.120', '0.241']
Volumes: [np.float64(56272124.0), np.float64(72350787.0), np.float64(42023490.0), np.float64(13856224.0)]
2025-05-15 14:40:50,103 - INFO - 
2. Post-Cross Movement (30min):
5min Price Changes (%): []
Maximum Change: 0.000% after 0 minutes
Candle Analysis:
    Body Sizes (%): []
    Upper Shadows (%): []
    Lower Shadows (%): []
Volumes: []
==================================================
2025-05-15 14:45:23,254 - INFO - 
==================================================
EMA Cross Analysis - MOODENG/USDT
Time: 2025-05-15 14:40:00+09:00
Type: dead
Cross Character (Current): Strong
Cross Character (New): Weak
Price at Cross: 0.23969

1. Pre-Cross Pattern (15min):
EMA Distance Changes (%): ['0.375', '0.231', '0.106', '0.020']
EMA12 Changes (%): ['-0.041', '-0.229', '-0.205', '-0.226']
Price Changes (%): ['-0.098', '-1.268', '-0.071', '-0.341']
Candle Analysis:
    Body Sizes (%): ['0.094', '1.280', '0.071', '0.324']
    Upper Shadows (%): ['0.352', '0.365', '0.661', '0.553']
    Lower Shadows (%): ['0.553', '0.279', '0.262', '0.112']
Volumes: [np.float64(6311536.0), np.float64(12263879.0), np.float64(8979918.0), np.float64(12342067.0)]
2025-05-15 14:45:23,254 - INFO - 
2. Post-Cross Movement (30min):
5min Price Changes (%): ['0.200']
Maximum Change: 0.200% after 5 minutes
Candle Analysis:
    Body Sizes (%): ['0.192']
    Upper Shadows (%): ['0.063']
    Lower Shadows (%): ['0.000']
Volumes: [np.float64(400782.0)]
==================================================
2025-05-15 14:45:27,483 - INFO - 
==================================================
EMA Cross Analysis - PENGU/USDT
Time: 2025-05-15 14:40:00+09:00
Type: dead
Cross Character (Current): Weak
Cross Character (New): Weak
Price at Cross: 0.014104

1. Pre-Cross Pattern (15min):
EMA Distance Changes (%): ['0.231', '0.140', '0.044', '0.031']
EMA12 Changes (%): ['0.041', '-0.146', '-0.164', '-0.137']
Price Changes (%): ['0.846', '-1.167', '-0.269', '0.014']
Candle Analysis:
    Body Sizes (%): ['0.839', '1.160', '0.262', '0.007']
    Upper Shadows (%): ['0.000', '0.350', '0.354', '0.220']
    Lower Shadows (%): ['0.078', '0.098', '0.120', '0.241']
Volumes: [np.float64(56272124.0), np.float64(72350787.0), np.float64(42023490.0), np.float64(42469709.0)]
2025-05-15 14:45:27,483 - INFO - 
2. Post-Cross Movement (30min):
5min Price Changes (%): ['-0.305']
Maximum Change: -0.305% after 5 minutes
Candle Analysis:
    Body Sizes (%): ['0.291']
    Upper Shadows (%): ['0.007']
    Lower Shadows (%): ['0.021']
Volumes: [np.float64(5344219.0)]
==================================================
2025-05-15 14:51:07,670 - INFO - 
==================================================
EMA Cross Analysis - BOME/USDT
Time: 2025-05-15 14:50:00+09:00
Type: dead
Cross Character (Current): Weak
Cross Character (New): Weak
Price at Cross: 0.002739

1. Pre-Cross Pattern (15min):
EMA Distance Changes (%): ['0.160', '0.130', '0.017', '0.084']
EMA12 Changes (%): ['-0.130', '-0.033', '-0.199', '-0.191']
Price Changes (%): ['-0.109', '0.507', '-1.118', '-0.146']
Candle Analysis:
    Body Sizes (%): ['0.109', '0.471', '1.153', '0.146']
    Upper Shadows (%): ['0.181', '0.217', '0.036', '0.000']
    Lower Shadows (%): ['0.362', '0.109', '0.685', '0.073']
Volumes: [np.float64(206512169.0), np.float64(92301422.0), np.float64(247342855.0), np.float64(22005639.0)]
2025-05-15 14:51:07,670 - INFO - 
2. Post-Cross Movement (30min):
5min Price Changes (%): []
Maximum Change: 0.000% after 0 minutes
Candle Analysis:
    Body Sizes (%): []
    Upper Shadows (%): []
    Lower Shadows (%): []
Volumes: []
==================================================
2025-05-15 14:55:45,446 - INFO - 
==================================================
EMA Cross Analysis - BOME/USDT
Time: 2025-05-15 14:50:00+09:00
Type: dead
Cross Character (Current): Weak
Cross Character (New): Weak
Price at Cross: 0.002706

1. Pre-Cross Pattern (15min):
EMA Distance Changes (%): ['0.160', '0.130', '0.017', '0.183']
EMA12 Changes (%): ['-0.130', '-0.033', '-0.199', '-0.374']
Price Changes (%): ['-0.109', '0.507', '-1.118', '-1.349']
Candle Analysis:
    Body Sizes (%): ['0.109', '0.471', '1.153', '1.349']
    Upper Shadows (%): ['0.181', '0.217', '0.036', '0.000']
    Lower Shadows (%): ['0.362', '0.109', '0.685', '0.109']
Volumes: [np.float64(206512169.0), np.float64(92301422.0), np.float64(247342855.0), np.float64(196332127.0)]
2025-05-15 14:55:45,446 - INFO - 
2. Post-Cross Movement (30min):
5min Price Changes (%): ['0.111']
Maximum Change: 0.111% after 5 minutes
Candle Analysis:
    Body Sizes (%): ['0.074']
    Upper Shadows (%): ['0.074']
    Lower Shadows (%): ['0.406']
Volumes: [np.float64(73720149.0)]
==================================================
2025-05-15 14:55:53,799 - INFO - 
==================================================
EMA Cross Analysis - GOAT/USDT
Time: 2025-05-15 14:55:00+09:00
Type: dead
Cross Character (Current): Strong
Cross Character (New): Weak
Price at Cross: 0.18471

1. Pre-Cross Pattern (15min):
EMA Distance Changes (%): ['0.264', '0.196', '0.046', '0.081']
EMA12 Changes (%): ['-0.036', '-0.097', '-0.259', '-0.236']
Price Changes (%): ['-0.186', '-0.431', '-1.160', '-0.103']
Candle Analysis:
    Body Sizes (%): ['0.186', '0.436', '1.165', '0.108']
    Upper Shadows (%): ['0.542', '0.112', '0.048', '0.054']
    Lower Shadows (%): ['0.027', '0.889', '0.203', '0.297']
Volumes: [np.float64(991559.0), np.float64(2635698.0), np.float64(2368900.0), np.float64(946818.0)]
2025-05-15 14:55:53,799 - INFO - 
2. Post-Cross Movement (30min):
5min Price Changes (%): []
Maximum Change: 0.000% after 0 minutes
Candle Analysis:
    Body Sizes (%): []
    Upper Shadows (%): []
    Lower Shadows (%): []
Volumes: []
==================================================
2025-05-15 15:00:27,861 - INFO - 
==================================================
EMA Cross Analysis - BNB/USDT
Time: 2025-05-15 15:00:00+09:00
Type: dead
Cross Character (Current): Weak
Cross Character (New): Weak
Price at Cross: 648.55

1. Pre-Cross Pattern (15min):
EMA Distance Changes (%): ['0.085', '0.065', '0.030', '0.001']
EMA12 Changes (%): ['0.003', '-0.026', '-0.058', '-0.056']
Price Changes (%): ['-0.150', '-0.189', '-0.231', '-0.046']
Candle Analysis:
    Body Sizes (%): ['0.150', '0.189', '0.232', '0.040']
    Upper Shadows (%): ['0.000', '0.075', '0.135', '0.045']
    Lower Shadows (%): ['0.230', '0.002', '0.014', '0.029']
Volumes: [np.float64(2812.74), np.float64(3820.27), np.float64(3178.41), np.float64(693.49)]
2025-05-15 15:00:27,861 - INFO - 
2. Post-Cross Movement (30min):
5min Price Changes (%): []
Maximum Change: 0.000% after 0 minutes
Candle Analysis:
    Body Sizes (%): []
    Upper Shadows (%): []
    Lower Shadows (%): []
Volumes: []
==================================================
2025-05-15 15:00:31,156 - INFO - 
==================================================
EMA Cross Analysis - GOAT/USDT
Time: 2025-05-15 14:55:00+09:00
Type: dead
Cross Character (Current): Strong
Cross Character (New): Weak
Price at Cross: 0.18589

1. Pre-Cross Pattern (15min):
EMA Distance Changes (%): ['0.264', '0.196', '0.046', '0.030']
EMA12 Changes (%): ['-0.036', '-0.097', '-0.259', '-0.139']
Price Changes (%): ['-0.186', '-0.431', '-1.160', '0.535']
Candle Analysis:
    Body Sizes (%): ['0.186', '0.436', '1.165', '0.530']
    Upper Shadows (%): ['0.542', '0.112', '0.048', '0.249']
    Lower Shadows (%): ['0.027', '0.889', '0.203', '0.406']
Volumes: [np.float64(991559.0), np.float64(2635698.0), np.float64(2368900.0), np.float64(2093655.0)]
2025-05-15 15:00:31,156 - INFO - 
2. Post-Cross Movement (30min):
5min Price Changes (%): ['0.059']
Maximum Change: 0.059% after 5 minutes
Candle Analysis:
    Body Sizes (%): ['0.059']
    Upper Shadows (%): ['0.237']
    Lower Shadows (%): ['0.032']
Volumes: [np.float64(271086.0)]
==================================================
2025-05-15 15:05:04,545 - INFO - 
==================================================
EMA Cross Analysis - BNB/USDT
Time: 2025-05-15 15:00:00+09:00
Type: dead
Cross Character (Current): Weak
Cross Character (New): Weak
Price at Cross: 647.65

1. Pre-Cross Pattern (15min):
EMA Distance Changes (%): ['0.085', '0.065', '0.030', '0.012']
EMA12 Changes (%): ['0.003', '-0.026', '-0.058', '-0.077']
Price Changes (%): ['-0.150', '-0.189', '-0.231', '-0.185']
Candle Analysis:
    Body Sizes (%): ['0.150', '0.189', '0.232', '0.179']
    Upper Shadows (%): ['0.000', '0.075', '0.135', '0.045']
    Lower Shadows (%): ['0.230', '0.002', '0.014', '0.034']
Volumes: [np.float64(2812.74), np.float64(3820.27), np.float64(3178.41), np.float64(6110.74)]
2025-05-15 15:05:04,545 - INFO - 
2. Post-Cross Movement (30min):
5min Price Changes (%): ['0.005']
Maximum Change: 0.005% after 5 minutes
Candle Analysis:
    Body Sizes (%): ['0.005']
    Upper Shadows (%): ['0.000']
    Lower Shadows (%): ['0.000']
Volumes: [np.float64(33.03)]
==================================================
2025-05-15 15:10:54,990 - INFO - 
==================================================
EMA Cross Analysis - HIVE/USDT
Time: 2025-05-15 15:10:00+09:00
Type: golden
Cross Character (Current): Weak
Cross Character (New): Weak
Price at Cross: 0.27624

1. Pre-Cross Pattern (15min):
EMA Distance Changes (%): ['0.137', '0.101', '0.011', '0.031']
EMA12 Changes (%): ['-0.015', '0.050', '0.159', '0.080']
Price Changes (%): ['0.573', '0.412', '0.756', '-0.354']
Candle Analysis:
    Body Sizes (%): ['0.602', '0.420', '0.665', '0.300']
    Upper Shadows (%): ['0.059', '0.504', '0.178', '0.029']
    Lower Shadows (%): ['0.154', '0.000', '0.073', '0.087']
Volumes: [np.float64(267266.0), np.float64(512785.0), np.float64(355415.0), np.float64(137978.0)]
2025-05-15 15:10:54,990 - INFO - 
2. Post-Cross Movement (30min):
5min Price Changes (%): []
Maximum Change: 0.000% after 0 minutes
Candle Analysis:
    Body Sizes (%): []
    Upper Shadows (%): []
    Lower Shadows (%): []
Volumes: []
==================================================
2025-05-15 15:15:32,482 - INFO - 
==================================================
EMA Cross Analysis - HIVE/USDT
Time: 2025-05-15 15:10:00+09:00
Type: golden
Cross Character (Current): Weak
Cross Character (New): Weak
Price at Cross: 0.27672

1. Pre-Cross Pattern (15min):
EMA Distance Changes (%): ['0.137', '0.101', '0.011', '0.045']
EMA12 Changes (%): ['-0.015', '0.050', '0.159', '0.107']
Price Changes (%): ['0.573', '0.412', '0.756', '-0.180']
Candle Analysis:
    Body Sizes (%): ['0.602', '0.420', '0.665', '0.126']
    Upper Shadows (%): ['0.059', '0.504', '0.178', '0.029']
    Lower Shadows (%): ['0.154', '0.000', '0.073', '0.498']
Volumes: [np.float64(267266.0), np.float64(512785.0), np.float64(355415.0), np.float64(383478.0)]
2025-05-15 15:15:32,483 - INFO - 
2. Post-Cross Movement (30min):
5min Price Changes (%): ['-0.087']
Maximum Change: -0.087% after 5 minutes
Candle Analysis:
    Body Sizes (%): ['0.040']
    Upper Shadows (%): ['0.022']
    Lower Shadows (%): ['0.018']
Volumes: [np.float64(23700.0)]
==================================================
2025-05-15 15:30:26,805 - INFO - 
==================================================
EMA Cross Analysis - 1000PEPE/USDT
Time: 2025-05-15 15:30:00+09:00
Type: golden
Cross Character (Current): Strong
Cross Character (New): Weak
Price at Cross: 0.0137341

1. Pre-Cross Pattern (15min):
EMA Distance Changes (%): ['0.294', '0.159', '0.076', '0.006']
EMA12 Changes (%): ['0.070', '0.217', '0.139', '0.149']
Price Changes (%): ['0.204', '1.020', '-0.279', '0.201']
Candle Analysis:
    Body Sizes (%): ['0.203', '1.020', '0.280', '0.201']
    Upper Shadows (%): ['0.167', '0.220', '0.072', '0.087']
    Lower Shadows (%): ['0.253', '0.071', '0.095', '0.026']
Volumes: [np.float64(536755793.0), np.float64(1072598798.0), np.float64(302638238.0), np.float64(27926639.0)]
2025-05-15 15:30:26,805 - INFO - 
2. Post-Cross Movement (30min):
5min Price Changes (%): []
Maximum Change: 0.000% after 0 minutes
Candle Analysis:
    Body Sizes (%): []
    Upper Shadows (%): []
    Lower Shadows (%): []
Volumes: []
==================================================
2025-05-15 15:30:33,731 - INFO - 
==================================================
EMA Cross Analysis - HIVE/USDT
Time: 2025-05-15 15:30:00+09:00
Type: dead
Cross Character (Current): Weak
Cross Character (New): Weak
Price at Cross: 0.27369

1. Pre-Cross Pattern (15min):
EMA Distance Changes (%): ['0.086', '0.092', '0.033', '0.012']
EMA12 Changes (%): ['0.086', '0.024', '-0.102', '-0.081']
Price Changes (%): ['-0.029', '-0.311', '-0.798', '0.040']
Candle Analysis:
    Body Sizes (%): ['0.018', '0.329', '0.798', '0.066']
    Upper Shadows (%): ['0.155', '0.130', '0.192', '0.029']
    Lower Shadows (%): ['0.300', '0.098', '0.112', '0.080']
Volumes: [np.float64(390033.0), np.float64(462539.0), np.float64(926135.0), np.float64(66167.0)]
2025-05-15 15:30:33,731 - INFO - 
2. Post-Cross Movement (30min):
5min Price Changes (%): []
Maximum Change: 0.000% after 0 minutes
Candle Analysis:
    Body Sizes (%): []
    Upper Shadows (%): []
    Lower Shadows (%): []
Volumes: []
==================================================
2025-05-15 15:35:03,962 - INFO - 
==================================================
EMA Cross Analysis - 1000PEPE/USDT
Time: 2025-05-15 15:35:00+09:00
Type: golden
Cross Character (Current): Weak
Cross Character (New): Weak
Price at Cross: 0.0136762

1. Pre-Cross Pattern (15min):
EMA Distance Changes (%): ['0.159', '0.076', '0.027', '0.011']
EMA12 Changes (%): ['0.217', '0.139', '0.084', '0.071']
Price Changes (%): ['1.020', '-0.279', '-0.217', '-0.004']
Candle Analysis:
    Body Sizes (%): ['1.020', '0.280', '0.218', '0.004']
    Upper Shadows (%): ['0.220', '0.072', '0.287', '0.026']
    Lower Shadows (%): ['0.071', '0.095', '0.241', '0.010']
Volumes: [np.float64(1072598798.0), np.float64(302638238.0), np.float64(368758473.0), np.float64(1295525.0)]
2025-05-15 15:35:03,962 - INFO - 
2. Post-Cross Movement (30min):
5min Price Changes (%): []
Maximum Change: 0.000% after 0 minutes
Candle Analysis:
    Body Sizes (%): []
    Upper Shadows (%): []
    Lower Shadows (%): []
Volumes: []
==================================================
2025-05-15 15:35:10,789 - INFO - 
==================================================
EMA Cross Analysis - HIVE/USDT
Time: 2025-05-15 15:30:00+09:00
Type: dead
Cross Character (Current): Weak
Cross Character (New): Weak
Price at Cross: 0.27296

1. Pre-Cross Pattern (15min):
EMA Distance Changes (%): ['0.086', '0.092', '0.033', '0.033']
EMA12 Changes (%): ['0.086', '0.024', '-0.102', '-0.121']
Price Changes (%): ['-0.029', '-0.311', '-0.798', '-0.227']
Candle Analysis:
    Body Sizes (%): ['0.018', '0.329', '0.798', '0.201']
    Upper Shadows (%): ['0.155', '0.130', '0.192', '0.095']
    Lower Shadows (%): ['0.300', '0.098', '0.112', '0.424']
Volumes: [np.float64(390033.0), np.float64(462539.0), np.float64(926135.0), np.float64(1008382.0)]
2025-05-15 15:35:10,789 - INFO - 
2. Post-Cross Movement (30min):
5min Price Changes (%): ['-0.029']
Maximum Change: -0.029% after 5 minutes
Candle Analysis:
    Body Sizes (%): ['0.000']
    Upper Shadows (%): ['0.077']
    Lower Shadows (%): ['0.000']
Volumes: [np.float64(9139.0)]
==================================================
2025-05-15 17:25:51,587 - INFO - 
==================================================
EMA Cross Analysis - BNB/USDT
Time: 2025-05-15 17:20:00+09:00
Type: golden
Cross Character (Current): Weak
Cross Character (New): Weak
Price at Cross: 650.99

1. Pre-Cross Pattern (15min):
EMA Distance Changes (%): ['0.134', '0.105', '0.055', '0.002']
EMA12 Changes (%): ['0.040', '0.037', '0.081', '0.103']
Price Changes (%): ['0.036', '0.020', '0.323', '0.220']
Candle Analysis:
    Body Sizes (%): ['0.037', '0.020', '0.323', '0.220']
    Upper Shadows (%): ['0.068', '0.088', '0.006', '0.000']
    Lower Shadows (%): ['0.051', '0.042', '0.019', '0.071']
Volumes: [np.float64(2533.15), np.float64(2463.4), np.float64(3031.96), np.float64(3763.02)]
2025-05-15 17:25:51,587 - INFO - 
2. Post-Cross Movement (30min):
5min Price Changes (%): ['0.373']
Maximum Change: 0.373% after 5 minutes
Candle Analysis:
    Body Sizes (%): ['0.375']
    Upper Shadows (%): ['0.098']
    Lower Shadows (%): ['0.015']
Volumes: [np.float64(5953.81)]
==================================================
2025-05-15 17:30:26,272 - INFO - 
==================================================
EMA Cross Analysis - MOODENG/USDT
Time: 2025-05-15 17:30:00+09:00
Type: golden
Cross Character (Current): Strong
Cross Character (New): Strong
Price at Cross: 0.23344

1. Pre-Cross Pattern (15min):
EMA Distance Changes (%): ['0.654', '0.341', '0.068', '0.062']
EMA12 Changes (%): ['0.472', '0.518', '0.491', '0.248']
Price Changes (%): ['1.492', '0.763', '0.345', '-1.047']
Candle Analysis:
    Body Sizes (%): ['1.492', '0.772', '0.349', '1.026']
    Upper Shadows (%): ['0.874', '1.042', '0.136', '0.301']
    Lower Shadows (%): ['0.248', '0.339', '0.323', '0.059']
Volumes: [np.float64(30921253.0), np.float64(21123402.0), np.float64(12059031.0), np.float64(3332037.0)]
2025-05-15 17:30:26,272 - INFO - 
2. Post-Cross Movement (30min):
5min Price Changes (%): []
Maximum Change: 0.000% after 0 minutes
Candle Analysis:
    Body Sizes (%): []
    Upper Shadows (%): []
    Lower Shadows (%): []
Volumes: []
==================================================
2025-05-15 17:35:00,807 - INFO - 
==================================================
EMA Cross Analysis - BOME/USDT
Time: 2025-05-15 17:35:00+09:00
Type: golden
Cross Character (Current): Strong
Cross Character (New): Strong
Price at Cross: 0.002739

1. Pre-Cross Pattern (15min):
EMA Distance Changes (%): ['0.570', '0.335', '0.126', '0.035']
EMA12 Changes (%): ['0.216', '0.367', '0.361', '0.299']
Price Changes (%): ['0.596', '1.186', '0.330', '-0.036']
Candle Analysis:
    Body Sizes (%): ['0.634', '1.148', '0.330', '0.036']
    Upper Shadows (%): ['0.224', '0.185', '0.879', '0.000']
    Lower Shadows (%): ['0.410', '0.074', '0.330', '0.000']
Volumes: [np.float64(176217473.0), np.float64(281937166.0), np.float64(354476640.0), np.float64(88717.0)]
2025-05-15 17:35:00,807 - INFO - 
2. Post-Cross Movement (30min):
5min Price Changes (%): []
Maximum Change: 0.000% after 0 minutes
Candle Analysis:
    Body Sizes (%): []
    Upper Shadows (%): []
    Lower Shadows (%): []
Volumes: []
==================================================
2025-05-15 17:35:03,050 - INFO - 
==================================================
EMA Cross Analysis - MOODENG/USDT
Time: 2025-05-15 17:30:00+09:00
Type: golden
Cross Character (Current): Strong
Cross Character (New): Weak
Price at Cross: 0.23384

1. Pre-Cross Pattern (15min):
EMA Distance Changes (%): ['0.654', '0.341', '0.068', '0.076']
EMA12 Changes (%): ['0.472', '0.518', '0.491', '0.275']
Price Changes (%): ['1.492', '0.763', '0.345', '-0.877']
Candle Analysis:
    Body Sizes (%): ['1.492', '0.772', '0.349', '0.856']
    Upper Shadows (%): ['0.874', '1.042', '0.136', '0.301']
    Lower Shadows (%): ['0.248', '0.339', '0.323', '0.293']
Volumes: [np.float64(30921253.0), np.float64(21123402.0), np.float64(12059031.0), np.float64(22658691.0)]
2025-05-15 17:35:03,050 - INFO - 
2. Post-Cross Movement (30min):
5min Price Changes (%): ['-0.021']
Maximum Change: -0.021% after 5 minutes
Candle Analysis:
    Body Sizes (%): ['0.004']
    Upper Shadows (%): ['0.009']
    Lower Shadows (%): ['0.000']
Volumes: [np.float64(15896.0)]
==================================================
2025-05-15 17:35:05,940 - INFO - 
==================================================
EMA Cross Analysis - EOS/USDT
Time: 2025-05-15 17:30:00+09:00
Type: golden
Cross Character (Current): Weak
Cross Character (New): Weak
Price at Cross: 0.777

1. Pre-Cross Pattern (15min):
EMA Distance Changes (%): ['0.121', '0.099', '0.058', '0.025']
EMA12 Changes (%): ['0.080', '0.027', '0.063', '0.153']
Price Changes (%): ['0.130', '-0.259', '0.260', '0.648']
Candle Analysis:
    Body Sizes (%): ['0.130', '0.259', '0.260', '0.517']
    Upper Shadows (%): ['0.130', '0.000', '0.130', '0.000']
    Lower Shadows (%): ['0.130', '0.130', '0.130', '0.388']
Volumes: [np.float64(527135.0), np.float64(355637.2), np.float64(465377.8), np.float64(1726329.5)]
2025-05-15 17:35:05,940 - INFO - 
2. Post-Cross Movement (30min):
5min Price Changes (%): ['-0.129']
Maximum Change: -0.129% after 5 minutes
Candle Analysis:
    Body Sizes (%): ['0.129']
    Upper Shadows (%): ['0.000']
    Lower Shadows (%): ['0.000']
Volumes: [np.float64(131.7)]
==================================================
2025-05-15 17:36:12,538 - INFO - 
==================================================
EMA Cross Analysis - BAKE/USDT
Time: 2025-05-15 17:35:00+09:00
Type: golden
Cross Character (Current): Strong
Cross Character (New): Weak
Price at Cross: 0.1405

1. Pre-Cross Pattern (15min):
EMA Distance Changes (%): ['0.324', '0.181', '0.062', '0.004']
EMA12 Changes (%): ['0.235', '0.232', '0.207', '0.119']
Price Changes (%): ['-0.071', '0.213', '0.071', '-0.355']
Candle Analysis:
    Body Sizes (%): ['0.000', '0.142', '0.000', '0.355']
    Upper Shadows (%): ['0.142', '0.355', '0.851', '0.000']
    Lower Shadows (%): ['0.284', '0.142', '0.142', '0.000']
Volumes: [np.float64(683296.0), np.float64(939872.0), np.float64(961601.0), np.float64(90463.0)]
2025-05-15 17:36:12,538 - INFO - 
2. Post-Cross Movement (30min):
5min Price Changes (%): []
Maximum Change: 0.000% after 0 minutes
Candle Analysis:
    Body Sizes (%): []
    Upper Shadows (%): []
    Lower Shadows (%): []
Volumes: []
==================================================
2025-05-15 17:40:46,446 - INFO - 
==================================================
EMA Cross Analysis - BOME/USDT
Time: 2025-05-15 17:35:00+09:00
Type: golden
Cross Character (Current): Strong
Cross Character (New): Weak
Price at Cross: 0.002778

1. Pre-Cross Pattern (15min):
EMA Distance Changes (%): ['0.570', '0.335', '0.126', '0.146']
EMA12 Changes (%): ['0.216', '0.367', '0.361', '0.522']
Price Changes (%): ['0.596', '1.186', '0.330', '1.387']
Candle Analysis:
    Body Sizes (%): ['0.634', '1.148', '0.330', '1.387']
    Upper Shadows (%): ['0.224', '0.185', '0.879', '0.036']
    Lower Shadows (%): ['0.410', '0.074', '0.330', '0.036']
Volumes: [np.float64(176217473.0), np.float64(281937166.0), np.float64(354476640.0), np.float64(265633301.0)]
2025-05-15 17:40:46,447 - INFO - 
2. Post-Cross Movement (30min):
5min Price Changes (%): ['0.324']
Maximum Change: 0.324% after 5 minutes
Candle Analysis:
    Body Sizes (%): ['0.360']
    Upper Shadows (%): ['0.288']
    Lower Shadows (%): ['0.036']
Volumes: [np.float64(186485182.0)]
==================================================
2025-05-15 17:40:47,750 - INFO - 
==================================================
EMA Cross Analysis - BAKE/USDT
Time: 2025-05-15 17:40:00+09:00
Type: golden
Cross Character (Current): Weak
Cross Character (New): Weak
Price at Cross: 0.1404

1. Pre-Cross Pattern (15min):
EMA Distance Changes (%): ['0.181', '0.062', '0.002', '0.046']
EMA12 Changes (%): ['0.232', '0.207', '0.108', '0.091']
Price Changes (%): ['0.213', '0.071', '-0.426', '0.000']
Candle Analysis:
    Body Sizes (%): ['0.142', '0.000', '0.426', '0.000']
    Upper Shadows (%): ['0.355', '0.851', '0.000', '0.000']
    Lower Shadows (%): ['0.142', '0.142', '0.213', '0.071']
Volumes: [np.float64(939872.0), np.float64(961601.0), np.float64(488477.0), np.float64(53387.0)]
2025-05-15 17:40:47,750 - INFO - 
2. Post-Cross Movement (30min):
5min Price Changes (%): []
Maximum Change: 0.000% after 0 minutes
Candle Analysis:
    Body Sizes (%): []
    Upper Shadows (%): []
    Lower Shadows (%): []
Volumes: []
==================================================
2025-05-15 17:40:54,672 - INFO - 
==================================================
EMA Cross Analysis - GOAT/USDT
Time: 2025-05-15 17:40:00+09:00
Type: golden
Cross Character (Current): Strong
Cross Character (New): Weak
Price at Cross: 0.18558

1. Pre-Cross Pattern (15min):
EMA Distance Changes (%): ['0.372', '0.273', '0.132', '0.003']
EMA12 Changes (%): ['0.215', '0.141', '0.234', '0.244']
Price Changes (%): ['0.689', '-0.261', '0.740', '0.303']
Candle Analysis:
    Body Sizes (%): ['0.689', '0.272', '0.746', '0.314']
    Upper Shadows (%): ['0.241', '0.918', '0.359', '0.000']
    Lower Shadows (%): ['0.252', '0.939', '0.664', '0.097']
Volumes: [np.float64(2003255.0), np.float64(9617819.0), np.float64(4018552.0), np.float64(180786.0)]
2025-05-15 17:40:54,672 - INFO - 
2. Post-Cross Movement (30min):
5min Price Changes (%): []
Maximum Change: 0.000% after 0 minutes
Candle Analysis:
    Body Sizes (%): []
    Upper Shadows (%): []
    Lower Shadows (%): []
Volumes: []
==================================================
2025-05-15 17:40:56,368 - INFO - 
==================================================
EMA Cross Analysis - VANA/USDT
Time: 2025-05-15 17:35:00+09:00
Type: golden
Cross Character (Current): Strong
Cross Character (New): Weak
Price at Cross: 6.207

1. Pre-Cross Pattern (15min):
EMA Distance Changes (%): ['0.308', '0.200', '0.082', '0.009']
EMA12 Changes (%): ['0.196', '0.165', '0.200', '0.166']
Price Changes (%): ['0.341', '0.000', '0.388', '-0.016']
Candle Analysis:
    Body Sizes (%): ['0.341', '0.016', '0.404', '0.129']
    Upper Shadows (%): ['0.178', '0.081', '0.453', '0.048']
    Lower Shadows (%): ['0.341', '0.210', '0.129', '0.177']
Volumes: [np.float64(50376.71), np.float64(26916.2), np.float64(26024.36), np.float64(21477.42)]
2025-05-15 17:40:56,368 - INFO - 
2. Post-Cross Movement (30min):
5min Price Changes (%): ['0.145']
Maximum Change: 0.145% after 5 minutes
Candle Analysis:
    Body Sizes (%): ['0.129']
    Upper Shadows (%): ['0.048']
    Lower Shadows (%): ['0.016']
Volumes: [np.float64(938.37)]
==================================================
2025-05-15 17:45:24,653 - INFO - 
==================================================
EMA Cross Analysis - HIPPO/USDT
Time: 2025-05-15 17:45:00+09:00
Type: golden
Cross Character (Current): Weak
Cross Character (New): Weak
Price at Cross: 0.003126

1. Pre-Cross Pattern (15min):
EMA Distance Changes (%): ['0.253', '0.141', '0.062', '0.040']
EMA12 Changes (%): ['0.074', '0.177', '0.135', '0.189']
Price Changes (%): ['0.259', '0.744', '-0.096', '0.482']
Candle Analysis:
    Body Sizes (%): ['0.227', '0.744', '0.128', '0.450']
    Upper Shadows (%): ['0.811', '0.097', '0.449', '0.000']
    Lower Shadows (%): ['0.292', '0.388', '0.449', '0.000']
Volumes: [np.float64(54230742.0), np.float64(40634378.0), np.float64(46026303.0), np.float64(11112435.0)]
2025-05-15 17:45:24,653 - INFO - 
2. Post-Cross Movement (30min):
5min Price Changes (%): []
Maximum Change: 0.000% after 0 minutes
Candle Analysis:
    Body Sizes (%): []
    Upper Shadows (%): []
    Lower Shadows (%): []
Volumes: []
==================================================
2025-05-15 17:45:24,872 - INFO - 
==================================================
EMA Cross Analysis - BAKE/USDT
Time: 2025-05-15 17:40:00+09:00
Type: golden
Cross Character (Current): Weak
Cross Character (New): Weak
Price at Cross: 0.1404

1. Pre-Cross Pattern (15min):
EMA Distance Changes (%): ['0.181', '0.062', '0.002', '0.046']
EMA12 Changes (%): ['0.232', '0.207', '0.108', '0.091']
Price Changes (%): ['0.213', '0.071', '-0.426', '0.000']
Candle Analysis:
    Body Sizes (%): ['0.142', '0.000', '0.426', '0.000']
    Upper Shadows (%): ['0.355', '0.851', '0.000', '0.214']
    Lower Shadows (%): ['0.142', '0.142', '0.213', '0.071']
Volumes: [np.float64(939872.0), np.float64(961601.0), np.float64(488477.0), np.float64(269070.0)]
2025-05-15 17:45:24,872 - INFO - 
2. Post-Cross Movement (30min):
5min Price Changes (%): ['0.214']
Maximum Change: 0.214% after 5 minutes
Candle Analysis:
    Body Sizes (%): ['0.142']
    Upper Shadows (%): ['0.000']
    Lower Shadows (%): ['0.000']
Volumes: [np.float64(22626.0)]
==================================================
2025-05-15 17:45:25,316 - INFO - 
==================================================
EMA Cross Analysis - 1000PEPE/USDT
Time: 2025-05-15 17:45:00+09:00
Type: golden
Cross Character (Current): Strong
Cross Character (New): Weak
Price at Cross: 0.0135521

1. Pre-Cross Pattern (15min):
EMA Distance Changes (%): ['0.399', '0.220', '0.100', '0.011']
EMA12 Changes (%): ['0.288', '0.292', '0.204', '0.202']
Price Changes (%): ['1.596', '0.311', '-0.271', '0.195']
Candle Analysis:
    Body Sizes (%): ['1.596', '0.315', '0.272', '0.201']
    Upper Shadows (%): ['0.065', '0.253', '0.519', '0.052']
    Lower Shadows (%): ['0.156', '0.258', '0.027', '0.000']
Volumes: [np.float64(1365116951.0), np.float64(1411195630.0), np.float64(791725926.0), np.float64(49347894.0)]
2025-05-15 17:45:25,316 - INFO - 
2. Post-Cross Movement (30min):
5min Price Changes (%): []
Maximum Change: 0.000% after 0 minutes
Candle Analysis:
    Body Sizes (%): []
    Upper Shadows (%): []
    Lower Shadows (%): []
Volumes: []
==================================================
2025-05-15 17:45:27,287 - INFO - 
==================================================
EMA Cross Analysis - XLM/USDT
Time: 2025-05-15 17:45:00+09:00
Type: golden
Cross Character (Current): Weak
Cross Character (New): Weak
Price at Cross: 0.29943

1. Pre-Cross Pattern (15min):
EMA Distance Changes (%): ['0.105', '0.048', '0.014', '0.020']
EMA12 Changes (%): ['0.149', '0.096', '0.058', '0.064']
Price Changes (%): ['0.475', '-0.193', '-0.150', '0.097']
Candle Analysis:
    Body Sizes (%): ['0.472', '0.183', '0.150', '0.094']
    Upper Shadows (%): ['0.335', '0.010', '0.063', '0.003']
    Lower Shadows (%): ['0.110', '0.140', '0.030', '0.000']
Volumes: [np.float64(4940529.0), np.float64(1401677.0), np.float64(954517.0), np.float64(78692.0)]
2025-05-15 17:45:27,287 - INFO - 
2. Post-Cross Movement (30min):
5min Price Changes (%): []
Maximum Change: 0.000% after 0 minutes
Candle Analysis:
    Body Sizes (%): []
    Upper Shadows (%): []
    Lower Shadows (%): []
Volumes: []
==================================================
2025-05-15 17:45:28,377 - INFO - 
==================================================
EMA Cross Analysis - ZRO/USDT
Time: 2025-05-15 17:45:00+09:00
Type: golden
Cross Character (Current): Weak
Cross Character (New): Weak
Price at Cross: 2.9193

1. Pre-Cross Pattern (15min):
EMA Distance Changes (%): ['0.080', '0.050', '0.006', '0.046']
EMA12 Changes (%): ['0.124', '0.048', '0.078', '0.099']
Price Changes (%): ['0.106', '-0.367', '0.244', '0.213']
Candle Analysis:
    Body Sizes (%): ['0.106', '0.370', '0.241', '0.213']
    Upper Shadows (%): ['0.961', '0.062', '0.124', '0.045']
    Lower Shadows (%): ['0.182', '0.034', '0.100', '0.000']
Volumes: [np.float64(121954.5), np.float64(41745.2), np.float64(41774.1), np.float64(3331.0)]
2025-05-15 17:45:28,377 - INFO - 
2. Post-Cross Movement (30min):
5min Price Changes (%): []
Maximum Change: 0.000% after 0 minutes
Candle Analysis:
    Body Sizes (%): []
    Upper Shadows (%): []
    Lower Shadows (%): []
Volumes: []
==================================================
2025-05-15 17:45:31,838 - INFO - 
==================================================
EMA Cross Analysis - GOAT/USDT
Time: 2025-05-15 17:40:00+09:00
Type: golden
Cross Character (Current): Strong
Cross Character (New): Strong
Price at Cross: 0.18637

1. Pre-Cross Pattern (15min):
EMA Distance Changes (%): ['0.372', '0.273', '0.132', '0.037']
EMA12 Changes (%): ['0.215', '0.141', '0.234', '0.311']
Price Changes (%): ['0.689', '-0.261', '0.740', '0.730']
Candle Analysis:
    Body Sizes (%): ['0.689', '0.272', '0.746', '0.741']
    Upper Shadows (%): ['0.241', '0.918', '0.359', '0.427']
    Lower Shadows (%): ['0.252', '0.939', '0.664', '0.524']
Volumes: [np.float64(2003255.0), np.float64(9617819.0), np.float64(4018552.0), np.float64(7474349.0)]
2025-05-15 17:45:31,838 - INFO - 
2. Post-Cross Movement (30min):
5min Price Changes (%): ['-0.199']
Maximum Change: -0.199% after 5 minutes
Candle Analysis:
    Body Sizes (%): ['0.209']
    Upper Shadows (%): ['0.193']
    Lower Shadows (%): ['0.027']
Volumes: [np.float64(293592.0)]
==================================================
2025-05-15 17:50:03,589 - INFO - 
==================================================
EMA Cross Analysis - XLM/USDT
Time: 2025-05-15 17:45:00+09:00
Type: golden
Cross Character (Current): Weak
Cross Character (New): Weak
Price at Cross: 0.29943

1. Pre-Cross Pattern (15min):
EMA Distance Changes (%): ['0.105', '0.048', '0.014', '0.020']
EMA12 Changes (%): ['0.149', '0.096', '0.058', '0.064']
Price Changes (%): ['0.475', '-0.193', '-0.150', '0.097']
Candle Analysis:
    Body Sizes (%): ['0.472', '0.183', '0.150', '0.094']
    Upper Shadows (%): ['0.335', '0.010', '0.063', '0.087']
    Lower Shadows (%): ['0.110', '0.140', '0.030', '0.060']
Volumes: [np.float64(4940529.0), np.float64(1401677.0), np.float64(954517.0), np.float64(673925.0)]
2025-05-15 17:50:03,589 - INFO - 
2. Post-Cross Movement (30min):
5min Price Changes (%): ['0.000']
Maximum Change: 0.000% after 0 minutes
Candle Analysis:
    Body Sizes (%): ['0.003']
    Upper Shadows (%): ['0.017']
    Lower Shadows (%): ['0.000']
Volumes: [np.float64(5144.0)]
==================================================
2025-05-15 17:50:04,675 - INFO - 
==================================================
EMA Cross Analysis - ZRO/USDT
Time: 2025-05-15 17:45:00+09:00
Type: golden
Cross Character (Current): Weak
Cross Character (New): Weak
Price at Cross: 2.9215

1. Pre-Cross Pattern (15min):
EMA Distance Changes (%): ['0.080', '0.050', '0.006', '0.052']
EMA12 Changes (%): ['0.124', '0.048', '0.078', '0.111']
Price Changes (%): ['0.106', '-0.367', '0.244', '0.288']
Candle Analysis:
    Body Sizes (%): ['0.106', '0.370', '0.241', '0.288']
    Upper Shadows (%): ['0.961', '0.062', '0.124', '0.117']
    Lower Shadows (%): ['0.182', '0.034', '0.100', '0.000']
Volumes: [np.float64(121954.5), np.float64(41745.2), np.float64(41774.1), np.float64(27198.2)]
2025-05-15 17:50:04,675 - INFO - 
2. Post-Cross Movement (30min):
5min Price Changes (%): ['-0.038']
Maximum Change: -0.038% after 5 minutes
Candle Analysis:
    Body Sizes (%): ['0.027']
    Upper Shadows (%): ['0.000']
    Lower Shadows (%): ['0.000']
Volumes: [np.float64(183.4)]
==================================================
2025-05-15 17:50:05,330 - INFO - 
==================================================
EMA Cross Analysis - ARPA/USDT
Time: 2025-05-15 17:50:00+09:00
Type: golden
Cross Character (Current): Weak
Cross Character (New): Weak
Price at Cross: 0.026

1. Pre-Cross Pattern (15min):
EMA Distance Changes (%): ['0.135', '0.077', '0.022', '0.016']
EMA12 Changes (%): ['0.131', '0.093', '0.096', '0.070']
Price Changes (%): ['-0.038', '-0.115', '0.115', '-0.077']
Candle Analysis:
    Body Sizes (%): ['0.038', '0.115', '0.077', '0.038']
    Upper Shadows (%): ['0.077', '0.192', '0.115', '0.000']
    Lower Shadows (%): ['0.154', '0.038', '0.077', '0.000']
Volumes: [np.float64(556269.0), np.float64(479298.0), np.float64(1092229.0), np.float64(14477.0)]
2025-05-15 17:50:05,330 - INFO - 
2. Post-Cross Movement (30min):
5min Price Changes (%): []
Maximum Change: 0.000% after 0 minutes
Candle Analysis:
    Body Sizes (%): []
    Upper Shadows (%): []
    Lower Shadows (%): []
Volumes: []
==================================================
2025-05-15 17:50:06,640 - INFO - 
==================================================
EMA Cross Analysis - PENGU/USDT
Time: 2025-05-15 17:50:00+09:00
Type: golden
Cross Character (Current): Strong
Cross Character (New): Weak
Price at Cross: 0.013892

1. Pre-Cross Pattern (15min):
EMA Distance Changes (%): ['0.271', '0.183', '0.059', '0.034']
EMA12 Changes (%): ['0.149', '0.132', '0.214', '0.172']
Price Changes (%): ['0.305', '0.043', '0.659', '-0.058']
Candle Analysis:
    Body Sizes (%): ['0.327', '0.051', '0.637', '0.050']
    Upper Shadows (%): ['0.036', '0.312', '0.029', '0.000']
    Lower Shadows (%): ['0.371', '0.246', '0.051', '0.065']
Volumes: [np.float64(61545529.0), np.float64(49767458.0), np.float64(61155597.0), np.float64(704941.0)]
2025-05-15 17:50:06,640 - INFO - 
2. Post-Cross Movement (30min):
5min Price Changes (%): []
Maximum Change: 0.000% after 0 minutes
Candle Analysis:
    Body Sizes (%): []
    Upper Shadows (%): []
    Lower Shadows (%): []
Volumes: []
==================================================
2025-05-15 17:50:07,729 - INFO - 
==================================================
EMA Cross Analysis - AVAX/USDT
Time: 2025-05-15 17:50:00+09:00
Type: golden
Cross Character (Current): Weak
Cross Character (New): Weak
Price at Cross: 24.161

1. Pre-Cross Pattern (15min):
EMA Distance Changes (%): ['0.232', '0.154', '0.053', '0.024']
EMA12 Changes (%): ['0.136', '0.119', '0.173', '0.142']
Price Changes (%): ['-0.071', '0.025', '0.470', '-0.029']
Candle Analysis:
    Body Sizes (%): ['0.062', '0.021', '0.470', '0.025']
    Upper Shadows (%): ['0.141', '0.183', '0.033', '0.000']
    Lower Shadows (%): ['0.116', '0.046', '0.000', '0.029']
Volumes: [np.float64(73629.0), np.float64(49098.0), np.float64(140227.0), np.float64(2680.0)]
2025-05-15 17:50:07,729 - INFO - 
2. Post-Cross Movement (30min):
5min Price Changes (%): []
Maximum Change: 0.000% after 0 minutes
Candle Analysis:
    Body Sizes (%): []
    Upper Shadows (%): []
    Lower Shadows (%): []
Volumes: []
==================================================
2025-05-15 17:50:08,384 - INFO - 
==================================================
EMA Cross Analysis - HIVE/USDT
Time: 2025-05-15 17:50:00+09:00
Type: golden
Cross Character (Current): Weak
Cross Character (New): Weak
Price at Cross: 0.27327

1. Pre-Cross Pattern (15min):
EMA Distance Changes (%): ['0.214', '0.110', '0.025', '0.046']
EMA12 Changes (%): ['0.095', '0.170', '0.151', '0.134']
Price Changes (%): ['-0.279', '0.578', '0.051', '0.040']
Candle Analysis:
    Body Sizes (%): ['0.287', '0.586', '0.044', '0.026']
    Upper Shadows (%): ['0.040', '0.125', '0.066', '0.000']
    Lower Shadows (%): ['0.547', '0.026', '0.505', '0.000']
Volumes: [np.float64(652561.0), np.float64(455351.0), np.float64(303978.0), np.float64(79.0)]
2025-05-15 17:50:08,384 - INFO - 
2. Post-Cross Movement (30min):
5min Price Changes (%): []
Maximum Change: 0.000% after 0 minutes
Candle Analysis:
    Body Sizes (%): []
    Upper Shadows (%): []
    Lower Shadows (%): []
Volumes: []
==================================================
2025-05-15 17:50:08,820 - INFO - 
==================================================
EMA Cross Analysis - ZEN/USDT
Time: 2025-05-15 17:45:00+09:00
Type: golden
Cross Character (Current): Weak
Cross Character (New): Weak
Price at Cross: 9.89

1. Pre-Cross Pattern (15min):
EMA Distance Changes (%): ['0.235', '0.156', '0.080', '0.010']
EMA12 Changes (%): ['0.143', '0.120', '0.125', '0.164']
Price Changes (%): ['0.449', '-0.010', '0.152', '0.376']
Candle Analysis:
    Body Sizes (%): ['0.439', '0.031', '0.152', '0.335']
    Upper Shadows (%): ['0.817', '0.234', '0.213', '0.020']
    Lower Shadows (%): ['0.143', '0.132', '0.030', '0.071']
Volumes: [np.float64(19808.1), np.float64(4018.4), np.float64(8792.1), np.float64(3377.0)]
2025-05-15 17:50:08,820 - INFO - 
2. Post-Cross Movement (30min):
5min Price Changes (%): ['-0.101']
Maximum Change: -0.101% after 5 minutes
Candle Analysis:
    Body Sizes (%): ['0.101']
    Upper Shadows (%): ['0.000']
    Lower Shadows (%): ['0.000']
Volumes: [np.float64(129.6)]
==================================================
2025-05-15 17:50:09,689 - INFO - 
==================================================
EMA Cross Analysis - 1000PEPE/USDT
Time: 2025-05-15 17:45:00+09:00
Type: golden
Cross Character (Current): Strong
Cross Character (New): Weak
Price at Cross: 0.013572

1. Pre-Cross Pattern (15min):
EMA Distance Changes (%): ['0.399', '0.220', '0.100', '0.023']
EMA12 Changes (%): ['0.288', '0.292', '0.204', '0.225']
Price Changes (%): ['1.596', '0.311', '-0.271', '0.342']
Candle Analysis:
    Body Sizes (%): ['1.596', '0.315', '0.272', '0.348']
    Upper Shadows (%): ['0.065', '0.253', '0.519', '0.448']
    Lower Shadows (%): ['0.156', '0.258', '0.027', '0.000']
Volumes: [np.float64(1365116951.0), np.float64(1411195630.0), np.float64(791725926.0), np.float64(603877645.0)]
2025-05-15 17:50:09,689 - INFO - 
2. Post-Cross Movement (30min):
5min Price Changes (%): ['0.049']
Maximum Change: 0.049% after 5 minutes
Candle Analysis:
    Body Sizes (%): ['0.054']
    Upper Shadows (%): ['0.020']
    Lower Shadows (%): ['0.000']
Volumes: [np.float64(4089115.0)]
==================================================
2025-05-15 17:51:10,789 - INFO - 
==================================================
EMA Cross Analysis - BAN/USDT
Time: 2025-05-15 17:50:00+09:00
Type: golden
Cross Character (Current): Weak
Cross Character (New): Weak
Price at Cross: 0.06258

1. Pre-Cross Pattern (15min):
EMA Distance Changes (%): ['0.262', '0.163', '0.057', '0.032']
EMA12 Changes (%): ['0.164', '0.154', '0.182', '0.166']
Price Changes (%): ['0.193', '0.096', '0.337', '0.080']
Candle Analysis:
    Body Sizes (%): ['0.209', '0.112', '0.337', '0.128']
    Upper Shadows (%): ['0.048', '0.112', '0.096', '0.112']
    Lower Shadows (%): ['0.032', '0.048', '0.032', '0.112']
Volumes: [np.float64(96710.0), np.float64(105614.0), np.float64(200083.0), np.float64(123689.0)]
2025-05-15 17:51:10,789 - INFO - 
2. Post-Cross Movement (30min):
5min Price Changes (%): []
Maximum Change: 0.000% after 0 minutes
Candle Analysis:
    Body Sizes (%): []
    Upper Shadows (%): []
    Lower Shadows (%): []
Volumes: []
==================================================
2025-05-15 17:51:12,050 - INFO - 
==================================================
EMA Cross Analysis - HIPPO/USDT
Time: 2025-05-15 17:45:00+09:00
Type: golden
Cross Character (Current): Strong
Cross Character (New): Weak
Price at Cross: 0.00322

1. Pre-Cross Pattern (15min):
EMA Distance Changes (%): ['0.253', '0.141', '0.062', '0.271']
EMA12 Changes (%): ['0.074', '0.177', '0.135', '0.657']
Price Changes (%): ['0.259', '0.744', '-0.096', '3.504']
Candle Analysis:
    Body Sizes (%): ['0.227', '0.744', '0.128', '3.470']
    Upper Shadows (%): ['0.811', '0.097', '0.449', '0.546']
    Lower Shadows (%): ['0.292', '0.388', '0.449', '0.000']
Volumes: [np.float64(54230742.0), np.float64(40634378.0), np.float64(46026303.0), np.float64(324887812.0)]
2025-05-15 17:51:12,050 - INFO - 
2. Post-Cross Movement (30min):
5min Price Changes (%): ['-1.180']
Maximum Change: -1.180% after 5 minutes
Candle Analysis:
    Body Sizes (%): ['1.119']
    Upper Shadows (%): ['0.000']
    Lower Shadows (%): ['0.280']
Volumes: [np.float64(29375049.0)]
==================================================
2025-05-15 17:51:13,585 - INFO - 
==================================================
EMA Cross Analysis - ATOM/USDT
Time: 2025-05-15 17:50:00+09:00
Type: golden
Cross Character (Current): Weak
Cross Character (New): Weak
Price at Cross: 4.949

1. Pre-Cross Pattern (15min):
EMA Distance Changes (%): ['0.157', '0.107', '0.041', '0.000']
EMA12 Changes (%): ['0.103', '0.074', '0.113', '0.074']
Price Changes (%): ['0.040', '-0.081', '0.324', '-0.141']
Candle Analysis:
    Body Sizes (%): ['0.061', '0.081', '0.324', '0.121']
    Upper Shadows (%): ['0.040', '0.101', '0.020', '0.000']
    Lower Shadows (%): ['0.081', '0.020', '0.000', '0.020']
Volumes: [np.float64(38074.67), np.float64(20623.71), np.float64(48965.14), np.float64(4702.29)]
2025-05-15 17:51:13,585 - INFO - 
2. Post-Cross Movement (30min):
5min Price Changes (%): []
Maximum Change: 0.000% after 0 minutes
Candle Analysis:
    Body Sizes (%): []
    Upper Shadows (%): []
    Lower Shadows (%): []
Volumes: []
==================================================
2025-05-15 17:55:45,367 - INFO - 
==================================================
EMA Cross Analysis - TIA/USDT
Time: 2025-05-15 17:55:00+09:00
Type: golden
Cross Character (Current): Weak
Cross Character (New): Weak
Price at Cross: 2.881

1. Pre-Cross Pattern (15min):
EMA Distance Changes (%): ['0.161', '0.082', '0.004', '0.048']
EMA12 Changes (%): ['0.137', '0.131', '0.139', '0.101']
Price Changes (%): ['-0.003', '0.101', '0.181', '-0.107']
Candle Analysis:
    Body Sizes (%): ['0.003', '0.097', '0.181', '0.107']
    Upper Shadows (%): ['0.348', '0.223', '0.014', '0.062']
    Lower Shadows (%): ['0.035', '0.042', '0.024', '0.000']
Volumes: [np.float64(218528.0), np.float64(154737.0), np.float64(107216.0), np.float64(22979.0)]
2025-05-15 17:55:45,367 - INFO - 
2. Post-Cross Movement (30min):
5min Price Changes (%): []
Maximum Change: 0.000% after 0 minutes
Candle Analysis:
    Body Sizes (%): []
    Upper Shadows (%): []
    Lower Shadows (%): []
Volumes: []
==================================================
2025-05-15 17:55:45,801 - INFO - 
==================================================
EMA Cross Analysis - BAN/USDT
Time: 2025-05-15 17:50:00+09:00
Type: golden
Cross Character (Current): Weak
Cross Character (New): Weak
Price at Cross: 0.06265

1. Pre-Cross Pattern (15min):
EMA Distance Changes (%): ['0.262', '0.163', '0.057', '0.041']
EMA12 Changes (%): ['0.164', '0.154', '0.182', '0.184']
Price Changes (%): ['0.193', '0.096', '0.337', '0.192']
Candle Analysis:
    Body Sizes (%): ['0.209', '0.112', '0.337', '0.240']
    Upper Shadows (%): ['0.048', '0.112', '0.096', '0.144']
    Lower Shadows (%): ['0.032', '0.048', '0.032', '0.112']
Volumes: [np.float64(96710.0), np.float64(105614.0), np.float64(200083.0), np.float64(177060.0)]
2025-05-15 17:55:45,801 - INFO - 
2. Post-Cross Movement (30min):
5min Price Changes (%): ['0.000']
Maximum Change: 0.000% after 0 minutes
Candle Analysis:
    Body Sizes (%): ['0.016']
    Upper Shadows (%): ['0.032']
    Lower Shadows (%): ['0.000']
Volumes: [np.float64(16474.0)]
==================================================
2025-05-15 17:55:48,197 - INFO - 
==================================================
EMA Cross Analysis - LINK/USDT
Time: 2025-05-15 17:55:00+09:00
Type: golden
Cross Character (Current): Weak
Cross Character (New): Weak
Price at Cross: 16.5

1. Pre-Cross Pattern (15min):
EMA Distance Changes (%): ['0.157', '0.085', '0.011', '0.036']
EMA12 Changes (%): ['0.078', '0.117', '0.131', '0.088']
Price Changes (%): ['-0.055', '0.335', '0.206', '-0.145']
Candle Analysis:
    Body Sizes (%): ['0.049', '0.329', '0.200', '0.145']
    Upper Shadows (%): ['0.237', '0.067', '0.036', '0.018']
    Lower Shadows (%): ['0.024', '0.000', '0.067', '0.018']
Volumes: [np.float64(72720.23), np.float64(74769.16), np.float64(60302.84), np.float64(9353.71)]
2025-05-15 17:55:48,197 - INFO - 
2. Post-Cross Movement (30min):
5min Price Changes (%): []
Maximum Change: 0.000% after 0 minutes
Candle Analysis:
    Body Sizes (%): []
    Upper Shadows (%): []
    Lower Shadows (%): []
Volumes: []
==================================================
2025-05-15 17:55:48,849 - INFO - 
==================================================
EMA Cross Analysis - ATOM/USDT
Time: 2025-05-15 17:50:00+09:00
Type: golden
Cross Character (Current): Weak
Cross Character (New): Weak
Price at Cross: 4.963

1. Pre-Cross Pattern (15min):
EMA Distance Changes (%): ['0.157', '0.107', '0.041', '0.023']
EMA12 Changes (%): ['0.103', '0.074', '0.113', '0.117']
Price Changes (%): ['0.040', '-0.081', '0.324', '0.141']
Candle Analysis:
    Body Sizes (%): ['0.061', '0.081', '0.324', '0.161']
    Upper Shadows (%): ['0.040', '0.101', '0.020', '0.000']
    Lower Shadows (%): ['0.081', '0.020', '0.000', '0.141']
Volumes: [np.float64(38074.67), np.float64(20623.71), np.float64(48965.14), np.float64(33093.63)]
2025-05-15 17:55:48,849 - INFO - 
2. Post-Cross Movement (30min):
5min Price Changes (%): ['-0.081']
Maximum Change: -0.081% after 5 minutes
Candle Analysis:
    Body Sizes (%): ['0.060']
    Upper Shadows (%): ['0.000']
    Lower Shadows (%): ['0.020']
Volumes: [np.float64(10687.67)]
==================================================
2025-05-15 17:55:49,286 - INFO - 
==================================================
EMA Cross Analysis - ORDI/USDT
Time: 2025-05-15 17:55:00+09:00
Type: golden
Cross Character (Current): Strong
Cross Character (New): Weak
Price at Cross: 11.486

1. Pre-Cross Pattern (15min):
EMA Distance Changes (%): ['0.292', '0.187', '0.072', '0.005']
EMA12 Changes (%): ['0.202', '0.162', '0.197', '0.139']
Price Changes (%): ['0.429', '-0.052', '0.384', '-0.174']
Candle Analysis:
    Body Sizes (%): ['0.412', '0.052', '0.393', '0.182']
    Upper Shadows (%): ['0.333', '0.157', '0.070', '0.009']
    Lower Shadows (%): ['0.053', '0.358', '0.113', '0.052']
Volumes: [np.float64(37347.5), np.float64(33450.3), np.float64(21275.6), np.float64(6220.4)]
2025-05-15 17:55:49,286 - INFO - 
2. Post-Cross Movement (30min):
5min Price Changes (%): []
Maximum Change: 0.000% after 0 minutes
Candle Analysis:
    Body Sizes (%): []
    Upper Shadows (%): []
    Lower Shadows (%): []
Volumes: []
==================================================
2025-05-15 17:55:49,503 - INFO - 
==================================================
EMA Cross Analysis - DOGE/USDT
Time: 2025-05-15 17:55:00+09:00
Type: golden
Cross Character (Current): Weak
Cross Character (New): Weak
Price at Cross: 0.22817

1. Pre-Cross Pattern (15min):
EMA Distance Changes (%): ['0.164', '0.088', '0.005', '0.052']
EMA12 Changes (%): ['0.090', '0.123', '0.149', '0.109']
Price Changes (%): ['0.097', '0.304', '0.290', '-0.109']
Candle Analysis:
    Body Sizes (%): ['0.093', '0.304', '0.290', '0.114']
    Upper Shadows (%): ['0.185', '0.044', '0.018', '0.035']
    Lower Shadows (%): ['0.004', '0.000', '0.171', '0.000']
Volumes: [np.float64(18013374.0), np.float64(21410025.0), np.float64(22294505.0), np.float64(4005218.0)]
2025-05-15 17:55:49,503 - INFO - 
2. Post-Cross Movement (30min):
5min Price Changes (%): []
Maximum Change: 0.000% after 0 minutes
Candle Analysis:
    Body Sizes (%): []
    Upper Shadows (%): []
    Lower Shadows (%): []
Volumes: []
==================================================
2025-05-15 17:55:50,592 - INFO - 
==================================================
EMA Cross Analysis - DOT/USDT
Time: 2025-05-15 17:55:00+09:00
Type: golden
Cross Character (Current): Weak
Cross Character (New): Weak
Price at Cross: 4.842

1. Pre-Cross Pattern (15min):
EMA Distance Changes (%): ['0.148', '0.093', '0.034', '0.001']
EMA12 Changes (%): ['0.059', '0.085', '0.101', '0.063']
Price Changes (%): ['-0.041', '0.228', '0.186', '-0.144']
Candle Analysis:
    Body Sizes (%): ['0.041', '0.228', '0.186', '0.124']
    Upper Shadows (%): ['0.186', '0.041', '0.041', '0.021']
    Lower Shadows (%): ['0.021', '0.000', '0.041', '0.000']
Volumes: [np.float64(127138.6), np.float64(121197.2), np.float64(116138.0), np.float64(11833.3)]
2025-05-15 17:55:50,592 - INFO - 
2. Post-Cross Movement (30min):
5min Price Changes (%): []
Maximum Change: 0.000% after 0 minutes
Candle Analysis:
    Body Sizes (%): []
    Upper Shadows (%): []
    Lower Shadows (%): []
Volumes: []
==================================================
2025-05-15 17:55:51,463 - INFO - 
==================================================
EMA Cross Analysis - ARPA/USDT
Time: 2025-05-15 17:50:00+09:00
Type: golden
Cross Character (Current): Weak
Cross Character (New): Weak
Price at Cross: 0.02607

1. Pre-Cross Pattern (15min):
EMA Distance Changes (%): ['0.135', '0.077', '0.022', '0.037']
EMA12 Changes (%): ['0.131', '0.093', '0.096', '0.111']
Price Changes (%): ['-0.038', '-0.115', '0.115', '0.192']
Candle Analysis:
    Body Sizes (%): ['0.038', '0.115', '0.077', '0.231']
    Upper Shadows (%): ['0.077', '0.192', '0.115', '0.000']
    Lower Shadows (%): ['0.154', '0.038', '0.077', '0.077']
Volumes: [np.float64(556269.0), np.float64(479298.0), np.float64(1092229.0), np.float64(703637.0)]
2025-05-15 17:55:51,464 - INFO - 
2. Post-Cross Movement (30min):
5min Price Changes (%): ['-0.153']
Maximum Change: -0.153% after 5 minutes
Candle Analysis:
    Body Sizes (%): ['0.153']
    Upper Shadows (%): ['0.000']
    Lower Shadows (%): ['0.000']
Volumes: [np.float64(63340.0)]
==================================================
2025-05-15 17:55:51,901 - INFO - 
==================================================
EMA Cross Analysis - XRP/USDT
Time: 2025-05-15 17:50:00+09:00
Type: golden
Cross Character (Current): Weak
Cross Character (New): Weak
Price at Cross: 2.4966

1. Pre-Cross Pattern (15min):
EMA Distance Changes (%): ['0.099', '0.069', '0.033', '0.014']
EMA12 Changes (%): ['0.060', '0.044', '0.058', '0.087']
Price Changes (%): ['-0.217', '-0.040', '0.137', '0.245']
Candle Analysis:
    Body Sizes (%): ['0.217', '0.044', '0.141', '0.245']
    Upper Shadows (%): ['0.000', '0.056', '0.084', '0.008']
    Lower Shadows (%): ['0.068', '0.028', '0.004', '0.088']
Volumes: [np.float64(3058195.6), np.float64(1517913.0), np.float64(1646151.5), np.float64(1906874.6)]
2025-05-15 17:55:51,901 - INFO - 
2. Post-Cross Movement (30min):
5min Price Changes (%): ['-0.052']
Maximum Change: -0.052% after 5 minutes
Candle Analysis:
    Body Sizes (%): ['0.052']
    Upper Shadows (%): ['0.028']
    Lower Shadows (%): ['0.012']
Volumes: [np.float64(434140.9)]
==================================================
2025-05-15 17:55:52,119 - INFO - 
==================================================
EMA Cross Analysis - ADA/USDT
Time: 2025-05-15 17:55:00+09:00
Type: golden
Cross Character (Current): Weak
Cross Character (New): Weak
Price at Cross: 0.7814

1. Pre-Cross Pattern (15min):
EMA Distance Changes (%): ['0.136', '0.080', '0.013', '0.025']
EMA12 Changes (%): ['0.085', '0.089', '0.119', '0.071']
Price Changes (%): ['-0.090', '0.115', '0.282', '-0.192']
Candle Analysis:
    Body Sizes (%): ['0.102', '0.115', '0.295', '0.192']
    Upper Shadows (%): ['0.205', '0.180', '0.026', '0.026']
    Lower Shadows (%): ['0.026', '0.103', '0.077', '0.000']
Volumes: [np.float64(2187237.0), np.float64(2038236.0), np.float64(1969284.0), np.float64(297634.0)]
2025-05-15 17:55:52,119 - INFO - 
2. Post-Cross Movement (30min):
5min Price Changes (%): []
Maximum Change: 0.000% after 0 minutes
Candle Analysis:
    Body Sizes (%): []
    Upper Shadows (%): []
    Lower Shadows (%): []
Volumes: []
==================================================
2025-05-15 17:55:52,335 - INFO - 
==================================================
EMA Cross Analysis - WLD/USDT
Time: 2025-05-15 17:55:00+09:00
Type: golden
Cross Character (Current): Weak
Cross Character (New): Weak
Price at Cross: 1.1912

1. Pre-Cross Pattern (15min):
EMA Distance Changes (%): ['0.227', '0.131', '0.040', '0.025']
EMA12 Changes (%): ['0.116', '0.153', '0.159', '0.120']
Price Changes (%): ['0.034', '0.354', '0.193', '-0.092']
Candle Analysis:
    Body Sizes (%): ['0.017', '0.346', '0.193', '0.092']
    Upper Shadows (%): ['0.211', '0.126', '0.017', '0.025']
    Lower Shadows (%): ['0.143', '0.034', '0.143', '0.067']
Volumes: [np.float64(349518.0), np.float64(281422.0), np.float64(337631.0), np.float64(62084.0)]
2025-05-15 17:55:52,336 - INFO - 
2. Post-Cross Movement (30min):
5min Price Changes (%): []
Maximum Change: 0.000% after 0 minutes
Candle Analysis:
    Body Sizes (%): []
    Upper Shadows (%): []
    Lower Shadows (%): []
Volumes: []
==================================================
2025-05-15 17:55:52,774 - INFO - 
==================================================
EMA Cross Analysis - PENGU/USDT
Time: 2025-05-15 17:50:00+09:00
Type: golden
Cross Character (Current): Strong
Cross Character (New): Weak
Price at Cross: 0.014007

1. Pre-Cross Pattern (15min):
EMA Distance Changes (%): ['0.271', '0.183', '0.059', '0.099']
EMA12 Changes (%): ['0.149', '0.132', '0.214', '0.301']
Price Changes (%): ['0.305', '0.043', '0.659', '0.770']
Candle Analysis:
    Body Sizes (%): ['0.327', '0.051', '0.637', '0.777']
    Upper Shadows (%): ['0.036', '0.312', '0.029', '0.086']
    Lower Shadows (%): ['0.371', '0.246', '0.051', '0.223']
Volumes: [np.float64(61545529.0), np.float64(49767458.0), np.float64(61155597.0), np.float64(81344577.0)]
2025-05-15 17:55:52,774 - INFO - 
2. Post-Cross Movement (30min):
5min Price Changes (%): ['-0.257']
Maximum Change: -0.257% after 5 minutes
Candle Analysis:
    Body Sizes (%): ['0.264']
    Upper Shadows (%): ['0.029']
    Lower Shadows (%): ['0.007']
Volumes: [np.float64(16341821.0)]
==================================================
2025-05-15 17:55:53,813 - INFO - 
==================================================
EMA Cross Analysis - AVAX/USDT
Time: 2025-05-15 17:50:00+09:00
Type: golden
Cross Character (Current): Weak
Cross Character (New): Weak
Price at Cross: 24.17

1. Pre-Cross Pattern (15min):
EMA Distance Changes (%): ['0.232', '0.154', '0.053', '0.027']
EMA12 Changes (%): ['0.136', '0.119', '0.173', '0.147']
Price Changes (%): ['-0.071', '0.025', '0.470', '0.008']
Candle Analysis:
    Body Sizes (%): ['0.062', '0.021', '0.470', '0.012']
    Upper Shadows (%): ['0.141', '0.183', '0.033', '0.041']
    Lower Shadows (%): ['0.116', '0.046', '0.000', '0.323']
Volumes: [np.float64(73629.0), np.float64(49098.0), np.float64(140227.0), np.float64(107730.0)]
2025-05-15 17:55:53,813 - INFO - 
2. Post-Cross Movement (30min):
5min Price Changes (%): ['-0.161']
Maximum Change: -0.161% after 5 minutes
Candle Analysis:
    Body Sizes (%): ['0.157']
    Upper Shadows (%): ['0.000']
    Lower Shadows (%): ['0.012']
Volumes: [np.float64(15335.0)]
==================================================
2025-05-15 17:55:54,467 - INFO - 
==================================================
EMA Cross Analysis - HIVE/USDT
Time: 2025-05-15 17:50:00+09:00
Type: golden
Cross Character (Current): Weak
Cross Character (New): Weak
Price at Cross: 0.27268

1. Pre-Cross Pattern (15min):
EMA Distance Changes (%): ['0.214', '0.110', '0.025', '0.029']
EMA12 Changes (%): ['0.095', '0.170', '0.151', '0.100']
Price Changes (%): ['-0.279', '0.578', '0.051', '-0.176']
Candle Analysis:
    Body Sizes (%): ['0.287', '0.586', '0.044', '0.190']
    Upper Shadows (%): ['0.040', '0.125', '0.066', '0.172']
    Lower Shadows (%): ['0.547', '0.026', '0.505', '0.022']
Volumes: [np.float64(652561.0), np.float64(455351.0), np.float64(303978.0), np.float64(280828.0)]
2025-05-15 17:55:54,467 - INFO - 
2. Post-Cross Movement (30min):
5min Price Changes (%): ['-0.202']
Maximum Change: -0.202% after 5 minutes
Candle Analysis:
    Body Sizes (%): ['0.198']
    Upper Shadows (%): ['0.099']
    Lower Shadows (%): ['0.000']
Volumes: [np.float64(83254.0)]
==================================================
2025-05-15 18:00:22,241 - INFO - 
==================================================
EMA Cross Analysis - TIA/USDT
Time: 2025-05-15 17:55:00+09:00
Type: golden
Cross Character (Current): Weak
Cross Character (New): Weak
Price at Cross: 2.8861

1. Pre-Cross Pattern (15min):
EMA Distance Changes (%): ['0.161', '0.082', '0.004', '0.062']
EMA12 Changes (%): ['0.137', '0.131', '0.139', '0.128']
Price Changes (%): ['-0.003', '0.101', '0.181', '0.069']
Candle Analysis:
    Body Sizes (%): ['0.003', '0.097', '0.181', '0.069']
    Upper Shadows (%): ['0.348', '0.223', '0.014', '0.125']
    Lower Shadows (%): ['0.035', '0.042', '0.024', '0.107']
Volumes: [np.float64(218528.0), np.float64(154737.0), np.float64(107216.0), np.float64(167194.0)]
2025-05-15 18:00:22,241 - INFO - 
2. Post-Cross Movement (30min):
5min Price Changes (%): ['-0.159']
Maximum Change: -0.159% after 5 minutes
Candle Analysis:
    Body Sizes (%): ['0.156']
    Upper Shadows (%): ['0.028']
    Lower Shadows (%): ['0.000']
Volumes: [np.float64(11381.0)]
==================================================
2025-05-15 18:00:23,109 - INFO - 
==================================================
EMA Cross Analysis - ORCA/USDT
Time: 2025-05-15 18:00:00+09:00
Type: golden
Cross Character (Current): Weak
Cross Character (New): Weak
Price at Cross: 2.664

1. Pre-Cross Pattern (15min):
EMA Distance Changes (%): ['0.135', '0.074', '0.021', '0.011']
EMA12 Changes (%): ['0.105', '0.100', '0.091', '0.059']
Price Changes (%): ['0.038', '0.075', '0.038', '-0.112']
Candle Analysis:
    Body Sizes (%): ['0.000', '0.075', '0.000', '0.075']
    Upper Shadows (%): ['0.188', '0.113', '0.262', '0.000']
    Lower Shadows (%): ['0.113', '0.188', '0.000', '0.000']
Volumes: [np.float64(15042.3), np.float64(10010.8), np.float64(13789.2), np.float64(1596.8)]
2025-05-15 18:00:23,109 - INFO - 
2. Post-Cross Movement (30min):
5min Price Changes (%): []
Maximum Change: 0.000% after 0 minutes
Candle Analysis:
    Body Sizes (%): []
    Upper Shadows (%): []
    Lower Shadows (%): []
Volumes: []
==================================================
2025-05-15 18:00:23,766 - INFO - 
==================================================
EMA Cross Analysis - NEAR/USDT
Time: 2025-05-15 18:00:00+09:00
Type: golden
Cross Character (Current): Weak
Cross Character (New): Weak
Price at Cross: 2.936

1. Pre-Cross Pattern (15min):
EMA Distance Changes (%): ['0.225', '0.122', '0.046', '0.012']
EMA12 Changes (%): ['0.142', '0.167', '0.131', '0.105']
Price Changes (%): ['0.308', '0.307', '-0.068', '-0.034']
Candle Analysis:
    Body Sizes (%): ['0.308', '0.341', '0.068', '0.000']
    Upper Shadows (%): ['0.068', '0.000', '0.034', '0.068']
    Lower Shadows (%): ['0.000', '0.068', '0.102', '0.068']
Volumes: [np.float64(136622.0), np.float64(116344.0), np.float64(99121.0), np.float64(20605.0)]
2025-05-15 18:00:23,766 - INFO - 
2. Post-Cross Movement (30min):
5min Price Changes (%): []
Maximum Change: 0.000% after 0 minutes
Candle Analysis:
    Body Sizes (%): []
    Upper Shadows (%): []
    Lower Shadows (%): []
Volumes: []
==================================================
2025-05-15 18:00:24,850 - INFO - 
==================================================
EMA Cross Analysis - ACX/USDT
Time: 2025-05-15 18:00:00+09:00
Type: golden
Cross Character (Current): Weak
Cross Character (New): Weak
Price at Cross: 0.2423

1. Pre-Cross Pattern (15min):
EMA Distance Changes (%): ['0.101', '0.058', '0.008', '0.011']
EMA12 Changes (%): ['0.026', '0.067', '0.088', '0.037']
Price Changes (%): ['-0.041', '0.290', '0.206', '-0.247']
Candle Analysis:
    Body Sizes (%): ['0.083', '0.248', '0.206', '0.206']
    Upper Shadows (%): ['0.248', '0.041', '0.041', '0.000']
    Lower Shadows (%): ['0.124', '0.083', '0.124', '0.000']
Volumes: [np.float64(68992.5), np.float64(32421.5), np.float64(18360.4), np.float64(1696.9)]
2025-05-15 18:00:24,850 - INFO - 
2. Post-Cross Movement (30min):
5min Price Changes (%): []
Maximum Change: 0.000% after 0 minutes
Candle Analysis:
    Body Sizes (%): []
    Upper Shadows (%): []
    Lower Shadows (%): []
Volumes: []
==================================================
2025-05-15 18:00:25,069 - INFO - 
==================================================
EMA Cross Analysis - LINK/USDT
Time: 2025-05-15 17:55:00+09:00
Type: golden
Cross Character (Current): Weak
Cross Character (New): Weak
Price at Cross: 16.524

1. Pre-Cross Pattern (15min):
EMA Distance Changes (%): ['0.157', '0.085', '0.011', '0.047']
EMA12 Changes (%): ['0.078', '0.117', '0.131', '0.111']
Price Changes (%): ['-0.055', '0.335', '0.206', '0.000']
Candle Analysis:
    Body Sizes (%): ['0.049', '0.329', '0.200', '0.000']
    Upper Shadows (%): ['0.237', '0.067', '0.036', '0.109']
    Lower Shadows (%): ['0.024', '0.000', '0.067', '0.163']
Volumes: [np.float64(72720.23), np.float64(74769.16), np.float64(60302.84), np.float64(58052.5)]
2025-05-15 18:00:25,069 - INFO - 
2. Post-Cross Movement (30min):
5min Price Changes (%): ['-0.079']
Maximum Change: -0.079% after 5 minutes
Candle Analysis:
    Body Sizes (%): ['0.079']
    Upper Shadows (%): ['0.000']
    Lower Shadows (%): ['0.006']
Volumes: [np.float64(9053.3)]
==================================================
2025-05-15 18:00:26,164 - INFO - 
==================================================
EMA Cross Analysis - ORDI/USDT
Time: 2025-05-15 17:55:00+09:00
Type: golden
Cross Character (Current): Strong
Cross Character (New): Weak
Price at Cross: 11.484

1. Pre-Cross Pattern (15min):
EMA Distance Changes (%): ['0.292', '0.187', '0.072', '0.003']
EMA12 Changes (%): ['0.202', '0.162', '0.197', '0.136']
Price Changes (%): ['0.429', '-0.052', '0.384', '-0.191']
Candle Analysis:
    Body Sizes (%): ['0.412', '0.052', '0.393', '0.200']
    Upper Shadows (%): ['0.333', '0.157', '0.070', '0.113']
    Lower Shadows (%): ['0.053', '0.358', '0.113', '0.035']
Volumes: [np.float64(37347.5), np.float64(33450.3), np.float64(21275.6), np.float64(31171.3)]
2025-05-15 18:00:26,164 - INFO - 
2. Post-Cross Movement (30min):
5min Price Changes (%): ['-0.104']
Maximum Change: -0.104% after 5 minutes
Candle Analysis:
    Body Sizes (%): ['0.122']
    Upper Shadows (%): ['0.000']
    Lower Shadows (%): ['0.104']
Volumes: [np.float64(3577.3)]
==================================================
2025-05-15 18:00:26,378 - INFO - 
==================================================
EMA Cross Analysis - DOGE/USDT
Time: 2025-05-15 17:55:00+09:00
Type: golden
Cross Character (Current): Weak
Cross Character (New): Weak
Price at Cross: 0.22858

1. Pre-Cross Pattern (15min):
EMA Distance Changes (%): ['0.164', '0.088', '0.005', '0.066']
EMA12 Changes (%): ['0.090', '0.123', '0.149', '0.137']
Price Changes (%): ['0.097', '0.304', '0.290', '0.070']
Candle Analysis:
    Body Sizes (%): ['0.093', '0.304', '0.290', '0.066']
    Upper Shadows (%): ['0.185', '0.044', '0.018', '0.127']
    Lower Shadows (%): ['0.004', '0.000', '0.171', '0.149']
Volumes: [np.float64(18013374.0), np.float64(21410025.0), np.float64(22294505.0), np.float64(17965899.0)]
2025-05-15 18:00:26,378 - INFO - 
2. Post-Cross Movement (30min):
5min Price Changes (%): ['-0.052']
Maximum Change: -0.052% after 5 minutes
Candle Analysis:
    Body Sizes (%): ['0.048']
    Upper Shadows (%): ['0.013']
    Lower Shadows (%): ['0.039']
Volumes: [np.float64(2420971.0)]
==================================================
2025-05-15 18:00:27,464 - INFO - 
==================================================
EMA Cross Analysis - DOT/USDT
Time: 2025-05-15 17:55:00+09:00
Type: golden
Cross Character (Current): Weak
Cross Character (New): Weak
Price at Cross: 4.842

1. Pre-Cross Pattern (15min):
EMA Distance Changes (%): ['0.148', '0.093', '0.034', '0.001']
EMA12 Changes (%): ['0.059', '0.085', '0.101', '0.063']
Price Changes (%): ['-0.041', '0.228', '0.186', '-0.144']
Candle Analysis:
    Body Sizes (%): ['0.041', '0.228', '0.186', '0.124']
    Upper Shadows (%): ['0.186', '0.041', '0.041', '0.021']
    Lower Shadows (%): ['0.021', '0.000', '0.041', '0.000']
Volumes: [np.float64(127138.6), np.float64(121197.2), np.float64(116138.0), np.float64(72900.1)]
2025-05-15 18:00:27,464 - INFO - 
2. Post-Cross Movement (30min):
5min Price Changes (%): ['-0.062']
Maximum Change: -0.062% after 5 minutes
Candle Analysis:
    Body Sizes (%): ['0.062']
    Upper Shadows (%): ['0.000']
    Lower Shadows (%): ['0.041']
Volumes: [np.float64(15127.2)]
==================================================
2025-05-15 18:00:28,989 - INFO - 
==================================================
EMA Cross Analysis - ADA/USDT
Time: 2025-05-15 17:55:00+09:00
Type: golden
Cross Character (Current): Weak
Cross Character (New): Weak
Price at Cross: 0.783

1. Pre-Cross Pattern (15min):
EMA Distance Changes (%): ['0.136', '0.080', '0.013', '0.041']
EMA12 Changes (%): ['0.085', '0.089', '0.119', '0.103']
Price Changes (%): ['-0.090', '0.115', '0.282', '0.013']
Candle Analysis:
    Body Sizes (%): ['0.102', '0.115', '0.295', '0.013']
    Upper Shadows (%): ['0.205', '0.180', '0.026', '0.064']
    Lower Shadows (%): ['0.026', '0.103', '0.077', '0.204']
Volumes: [np.float64(2187237.0), np.float64(2038236.0), np.float64(1969284.0), np.float64(4159999.0)]
2025-05-15 18:00:28,990 - INFO - 
2. Post-Cross Movement (30min):
5min Price Changes (%): ['-0.115']
Maximum Change: -0.115% after 5 minutes
Candle Analysis:
    Body Sizes (%): ['0.115']
    Upper Shadows (%): ['0.000']
    Lower Shadows (%): ['0.000']
Volumes: [np.float64(500563.0)]
==================================================
2025-05-15 18:00:29,208 - INFO - 
==================================================
EMA Cross Analysis - WLD/USDT
Time: 2025-05-15 17:55:00+09:00
Type: golden
Cross Character (Current): Weak
Cross Character (New): Weak
Price at Cross: 1.195

1. Pre-Cross Pattern (15min):
EMA Distance Changes (%): ['0.227', '0.131', '0.040', '0.050']
EMA12 Changes (%): ['0.116', '0.153', '0.159', '0.170']
Price Changes (%): ['0.034', '0.354', '0.193', '0.226']
Candle Analysis:
    Body Sizes (%): ['0.017', '0.346', '0.193', '0.226']
    Upper Shadows (%): ['0.211', '0.126', '0.017', '0.059']
    Lower Shadows (%): ['0.143', '0.034', '0.143', '0.159']
Volumes: [np.float64(349518.0), np.float64(281422.0), np.float64(337631.0), np.float64(624494.0)]
2025-05-15 18:00:29,208 - INFO - 
2. Post-Cross Movement (30min):
5min Price Changes (%): ['-0.075']
Maximum Change: -0.075% after 5 minutes
Candle Analysis:
    Body Sizes (%): ['0.067']
    Upper Shadows (%): ['0.008']
    Lower Shadows (%): ['0.059']
Volumes: [np.float64(103921.0)]
==================================================
2025-05-15 18:00:29,858 - INFO - 
==================================================
EMA Cross Analysis - AIXBT/USDT
Time: 2025-05-15 17:55:00+09:00
Type: golden
Cross Character (Current): Weak
Cross Character (New): Weak
Price at Cross: 0.19425

1. Pre-Cross Pattern (15min):
EMA Distance Changes (%): ['0.262', '0.156', '0.057', '0.033']
EMA12 Changes (%): ['0.195', '0.169', '0.169', '0.168']
Price Changes (%): ['0.243', '0.031', '0.170', '0.160']
Candle Analysis:
    Body Sizes (%): ['0.238', '0.031', '0.170', '0.155']
    Upper Shadows (%): ['0.207', '0.284', '0.134', '0.170']
    Lower Shadows (%): ['0.135', '0.129', '0.289', '0.438']
Volumes: [np.float64(1879669.0), np.float64(1511304.0), np.float64(1245195.0), np.float64(1227765.0)]
2025-05-15 18:00:29,858 - INFO - 
2. Post-Cross Movement (30min):
5min Price Changes (%): ['-0.448']
Maximum Change: -0.448% after 5 minutes
Candle Analysis:
    Body Sizes (%): ['0.422']
    Upper Shadows (%): ['0.000']
    Lower Shadows (%): ['0.000']
Volumes: [np.float64(174232.0)]
==================================================
2025-05-15 18:00:30,465 - INFO - 
==================================================
EMA Cross Analysis - SUI/USDT
Time: 2025-05-15 18:00:00+09:00
Type: golden
Cross Character (Current): Weak
Cross Character (New): Weak
Price at Cross: 3.7808

1. Pre-Cross Pattern (15min):
EMA Distance Changes (%): ['0.151', '0.067', '0.016', '0.033']
EMA12 Changes (%): ['0.094', '0.141', '0.090', '0.093']
Price Changes (%): ['0.146', '0.401', '-0.190', '0.111']
Candle Analysis:
    Body Sizes (%): ['0.149', '0.401', '0.193', '0.111']
    Upper Shadows (%): ['0.128', '0.048', '0.058', '0.090']
    Lower Shadows (%): ['0.029', '0.098', '0.008', '0.026']
Volumes: [np.float64(909655.0), np.float64(2314895.5), np.float64(1320050.8), np.float64(604751.9)]
2025-05-15 18:00:30,465 - INFO - 
2. Post-Cross Movement (30min):
5min Price Changes (%): []
Maximum Change: 0.000% after 0 minutes
Candle Analysis:
    Body Sizes (%): []
    Upper Shadows (%): []
    Lower Shadows (%): []
Volumes: []
==================================================
2025-05-15 18:05:00,321 - INFO - 
==================================================
EMA Cross Analysis - NEAR/USDT
Time: 2025-05-15 18:00:00+09:00
Type: golden
Cross Character (Current): Weak
Cross Character (New): Weak
Price at Cross: 2.933

1. Pre-Cross Pattern (15min):
EMA Distance Changes (%): ['0.225', '0.122', '0.046', '0.004']
EMA12 Changes (%): ['0.142', '0.167', '0.131', '0.089']
Price Changes (%): ['0.308', '0.307', '-0.068', '-0.136']
Candle Analysis:
    Body Sizes (%): ['0.308', '0.341', '0.068', '0.102']
    Upper Shadows (%): ['0.068', '0.000', '0.034', '0.068']
    Lower Shadows (%): ['0.000', '0.068', '0.102', '0.034']
Volumes: [np.float64(136622.0), np.float64(116344.0), np.float64(99121.0), np.float64(244405.0)]
2025-05-15 18:05:00,322 - INFO - 
2. Post-Cross Movement (30min):
5min Price Changes (%): ['0.000']
Maximum Change: 0.000% after 0 minutes
Candle Analysis:
    Body Sizes (%): ['0.034']
    Upper Shadows (%): ['0.000']
    Lower Shadows (%): ['0.000']
Volumes: [np.float64(46.0)]
==================================================
2025-05-15 18:05:06,378 - INFO - 
==================================================
EMA Cross Analysis - SUI/USDT
Time: 2025-05-15 18:00:00+09:00
Type: golden
Cross Character (Current): Weak
Cross Character (New): Weak
Price at Cross: 3.7692

1. Pre-Cross Pattern (15min):
EMA Distance Changes (%): ['0.151', '0.067', '0.016', '0.009']
EMA12 Changes (%): ['0.094', '0.141', '0.090', '0.046']
Price Changes (%): ['0.146', '0.401', '-0.190', '-0.196']
Candle Analysis:
    Body Sizes (%): ['0.149', '0.401', '0.193', '0.196']
    Upper Shadows (%): ['0.128', '0.048', '0.058', '0.233']
    Lower Shadows (%): ['0.029', '0.098', '0.008', '0.024']
Volumes: [np.float64(909655.0), np.float64(2314895.5), np.float64(1320050.8), np.float64(1759495.5)]
2025-05-15 18:05:06,379 - INFO - 
2. Post-Cross Movement (30min):
5min Price Changes (%): ['0.005']
Maximum Change: 0.005% after 5 minutes
Candle Analysis:
    Body Sizes (%): ['0.008']
    Upper Shadows (%): ['0.003']
    Lower Shadows (%): ['0.011']
Volumes: [np.float64(4426.8)]
==================================================
2025-05-15 18:05:07,419 - INFO - 
==================================================
EMA Cross Analysis - COW/USDT
Time: 2025-05-15 18:05:00+09:00
Type: golden
Cross Character (Current): Weak
Cross Character (New): Weak
Price at Cross: 0.3779

1. Pre-Cross Pattern (15min):
EMA Distance Changes (%): ['0.195', '0.122', '0.053', '0.001']
EMA12 Changes (%): ['0.119', '0.113', '0.116', '0.098']
Price Changes (%): ['-0.053', '0.080', '0.132', '0.000']
Candle Analysis:
    Body Sizes (%): ['0.053', '0.053', '0.106', '0.000']
    Upper Shadows (%): ['0.080', '0.186', '0.212', '0.000']
    Lower Shadows (%): ['0.106', '0.159', '0.106', '0.000']
Volumes: [np.float64(92204.0), np.float64(62489.0), np.float64(92666.0), np.float64(218.0)]
2025-05-15 18:05:07,419 - INFO - 
2. Post-Cross Movement (30min):
5min Price Changes (%): []
Maximum Change: 0.000% after 0 minutes
Candle Analysis:
    Body Sizes (%): []
    Upper Shadows (%): []
    Lower Shadows (%): []
Volumes: []
==================================================
2025-05-15 18:05:08,076 - INFO - 
==================================================
EMA Cross Analysis - USUAL/USDT
Time: 2025-05-15 18:00:00+09:00
Type: golden
Cross Character (Current): Weak
Cross Character (New): Weak
Price at Cross: 0.1482

1. Pre-Cross Pattern (15min):
EMA Distance Changes (%): ['0.230', '0.166', '0.070', '0.027']
EMA12 Changes (%): ['0.109', '0.092', '0.162', '0.179']
Price Changes (%): ['0.000', '0.000', '0.544', '0.271']
Candle Analysis:
    Body Sizes (%): ['0.068', '0.068', '0.613', '0.407']
    Upper Shadows (%): ['0.204', '0.204', '0.136', '0.136']
    Lower Shadows (%): ['0.204', '0.136', '0.136', '0.068']
Volumes: [np.float64(754402.0), np.float64(682001.0), np.float64(1263372.0), np.float64(1296241.0)]
2025-05-15 18:05:08,076 - INFO - 
2. Post-Cross Movement (30min):
5min Price Changes (%): ['-0.135']
Maximum Change: -0.135% after 5 minutes
Candle Analysis:
    Body Sizes (%): ['0.135']
    Upper Shadows (%): ['0.000']
    Lower Shadows (%): ['0.000']
Volumes: [np.float64(13573.0)]
==================================================
2025-05-15 18:06:10,109 - INFO - 
==================================================
EMA Cross Analysis - ORCA/USDT
Time: 2025-05-15 18:00:00+09:00
Type: golden
Cross Character (Current): Weak
Cross Character (New): Weak
Price at Cross: 2.662

1. Pre-Cross Pattern (15min):
EMA Distance Changes (%): ['0.135', '0.074', '0.021', '0.005']
EMA12 Changes (%): ['0.105', '0.100', '0.091', '0.048']
Price Changes (%): ['0.038', '0.075', '0.038', '-0.187']
Candle Analysis:
    Body Sizes (%): ['0.000', '0.075', '0.000', '0.150']
    Upper Shadows (%): ['0.188', '0.113', '0.262', '0.000']
    Lower Shadows (%): ['0.113', '0.188', '0.000', '0.113']
Volumes: [np.float64(15042.3), np.float64(10010.8), np.float64(13789.2), np.float64(19149.8)]
2025-05-15 18:06:10,109 - INFO - 
2. Post-Cross Movement (30min):
5min Price Changes (%): ['-0.263']
Maximum Change: -0.263% after 5 minutes
Candle Analysis:
    Body Sizes (%): ['0.263']
    Upper Shadows (%): ['0.000']
    Lower Shadows (%): ['0.000']
Volumes: [np.float64(4135.2)]
==================================================
2025-05-15 18:10:45,577 - INFO - 
==================================================
EMA Cross Analysis - ORCA/USDT
Time: 2025-05-15 18:05:00+09:00
Type: dead
Cross Character (Current): Weak
Cross Character (New): Weak
Price at Cross: 2.652

1. Pre-Cross Pattern (15min):
EMA Distance Changes (%): ['0.074', '0.021', '0.005', '0.005']
EMA12 Changes (%): ['0.100', '0.091', '0.048', '-0.018']
Price Changes (%): ['0.075', '0.038', '-0.187', '-0.376']
Candle Analysis:
    Body Sizes (%): ['0.075', '0.000', '0.150', '0.376']
    Upper Shadows (%): ['0.113', '0.262', '0.000', '0.000']
    Lower Shadows (%): ['0.188', '0.000', '0.113', '0.038']
Volumes: [np.float64(10010.8), np.float64(13789.2), np.float64(19149.8), np.float64(14334.3)]
2025-05-15 18:10:45,577 - INFO - 
2. Post-Cross Movement (30min):
5min Price Changes (%): ['0.000']
Maximum Change: 0.000% after 0 minutes
Candle Analysis:
    Body Sizes (%): ['0.038']
    Upper Shadows (%): ['0.000']
    Lower Shadows (%): ['0.113']
Volumes: [np.float64(6343.6)]
==================================================
2025-05-15 18:10:49,961 - INFO - 
==================================================
EMA Cross Analysis - DOT/USDT
Time: 2025-05-15 18:10:00+09:00
Type: dead
Cross Character (Current): Weak
Cross Character (New): Weak
Price at Cross: 4.821

1. Pre-Cross Pattern (15min):
EMA Distance Changes (%): ['0.001', '0.020', '0.009', '0.000']
EMA12 Changes (%): ['0.063', '0.037', '-0.020', '-0.017']
Price Changes (%): ['-0.144', '-0.103', '-0.331', '0.000']
Candle Analysis:
    Body Sizes (%): ['0.124', '0.103', '0.310', '0.000']
    Upper Shadows (%): ['0.021', '0.165', '0.021', '0.041']
    Lower Shadows (%): ['0.000', '0.124', '0.021', '0.021']
Volumes: [np.float64(72900.1), np.float64(367590.8), np.float64(66264.3), np.float64(8654.2)]
2025-05-15 18:10:49,961 - INFO - 
2. Post-Cross Movement (30min):
5min Price Changes (%): []
Maximum Change: 0.000% after 0 minutes
Candle Analysis:
    Body Sizes (%): []
    Upper Shadows (%): []
    Lower Shadows (%): []
Volumes: []
==================================================
2025-05-15 18:10:52,965 - INFO - 
==================================================
EMA Cross Analysis - SUI/USDT
Time: 2025-05-15 18:10:00+09:00
Type: dead
Cross Character (Current): Weak
Cross Character (New): Weak
Price at Cross: 3.7574

1. Pre-Cross Pattern (15min):
EMA Distance Changes (%): ['0.016', '0.009', '0.005', '0.000']
EMA12 Changes (%): ['0.090', '0.046', '-0.007', '-0.009']
Price Changes (%): ['-0.190', '-0.196', '-0.294', '-0.019']
Candle Analysis:
    Body Sizes (%): ['0.193', '0.196', '0.292', '0.019']
    Upper Shadows (%): ['0.058', '0.233', '0.011', '0.024']
    Lower Shadows (%): ['0.008', '0.024', '0.011', '0.197']
Volumes: [np.float64(1320050.8), np.float64(1759495.5), np.float64(1213756.7), np.float64(500875.1)]
2025-05-15 18:10:52,966 - INFO - 
2. Post-Cross Movement (30min):
5min Price Changes (%): []
Maximum Change: 0.000% after 0 minutes
Candle Analysis:
    Body Sizes (%): []
    Upper Shadows (%): []
    Lower Shadows (%): []
Volumes: []
==================================================
2025-05-15 18:15:24,168 - INFO - 
==================================================
EMA Cross Analysis - ACX/USDT
Time: 2025-05-15 18:10:00+09:00
Type: dead
Cross Character (Current): Weak
Cross Character (New): Weak
Price at Cross: 0.2412

1. Pre-Cross Pattern (15min):
EMA Distance Changes (%): ['0.008', '0.008', '0.014', '0.008']
EMA12 Changes (%): ['0.088', '0.030', '0.013', '-0.040']
Price Changes (%): ['0.206', '-0.288', '-0.083', '-0.331']
Candle Analysis:
    Body Sizes (%): ['0.206', '0.247', '0.083', '0.331']
    Upper Shadows (%): ['0.041', '0.000', '0.000', '0.083']
    Lower Shadows (%): ['0.124', '0.041', '0.083', '0.000']
Volumes: [np.float64(18360.4), np.float64(42712.9), np.float64(36476.3), np.float64(22661.1)]
2025-05-15 18:15:24,168 - INFO - 
2. Post-Cross Movement (30min):
5min Price Changes (%): ['0.041']
Maximum Change: 0.041% after 5 minutes
Candle Analysis:
    Body Sizes (%): ['0.041']
    Upper Shadows (%): ['0.000']
    Lower Shadows (%): ['0.000']
Volumes: [np.float64(4746.4)]
==================================================
2025-05-15 18:15:25,909 - INFO - 
==================================================
EMA Cross Analysis - XLM/USDT
Time: 2025-05-15 18:15:00+09:00
Type: dead
Cross Character (Current): Weak
Cross Character (New): Weak
Price at Cross: 0.29778

1. Pre-Cross Pattern (15min):
EMA Distance Changes (%): ['0.065', '0.035', '0.000', '0.016']
EMA12 Changes (%): ['-0.002', '-0.048', '-0.063', '-0.030']
Price Changes (%): ['-0.257', '-0.305', '-0.141', '0.148']
Candle Analysis:
    Body Sizes (%): ['0.254', '0.305', '0.141', '0.148']
    Upper Shadows (%): ['0.000', '0.010', '0.104', '0.000']
    Lower Shadows (%): ['0.067', '0.040', '0.000', '0.000']
Volumes: [np.float64(3664887.0), np.float64(968490.0), np.float64(733879.0), np.float64(55066.0)]
2025-05-15 18:15:25,909 - INFO - 
2. Post-Cross Movement (30min):
5min Price Changes (%): []
Maximum Change: 0.000% after 0 minutes
Candle Analysis:
    Body Sizes (%): []
    Upper Shadows (%): []
    Lower Shadows (%): []
Volumes: []
==================================================
2025-05-15 18:15:26,781 - INFO - 
==================================================
EMA Cross Analysis - DOT/USDT
Time: 2025-05-15 18:10:00+09:00
Type: dead
Cross Character (Current): Weak
Cross Character (New): Weak
Price at Cross: 4.813

1. Pre-Cross Pattern (15min):
EMA Distance Changes (%): ['0.001', '0.020', '0.009', '0.014']
EMA12 Changes (%): ['0.063', '0.037', '-0.020', '-0.042']
Price Changes (%): ['-0.144', '-0.103', '-0.331', '-0.166']
Candle Analysis:
    Body Sizes (%): ['0.124', '0.103', '0.310', '0.166']
    Upper Shadows (%): ['0.021', '0.165', '0.021', '0.062']
    Lower Shadows (%): ['0.000', '0.124', '0.021', '0.000']
Volumes: [np.float64(72900.1), np.float64(367590.8), np.float64(66264.3), np.float64(65221.7)]
2025-05-15 18:15:26,781 - INFO - 
2. Post-Cross Movement (30min):
5min Price Changes (%): ['0.104']
Maximum Change: 0.104% after 5 minutes
Candle Analysis:
    Body Sizes (%): ['0.104']
    Upper Shadows (%): ['0.000']
    Lower Shadows (%): ['0.000']
Volumes: [np.float64(21908.5)]
==================================================
2025-05-15 18:15:28,309 - INFO - 
==================================================
EMA Cross Analysis - ADA/USDT
Time: 2025-05-15 18:15:00+09:00
Type: dead
Cross Character (Current): Weak
Cross Character (New): Weak
Price at Cross: 0.777

1. Pre-Cross Pattern (15min):
EMA Distance Changes (%): ['0.059', '0.038', '0.005', '0.008']
EMA12 Changes (%): ['0.039', '-0.032', '-0.059', '-0.024']
Price Changes (%): ['-0.307', '-0.423', '-0.206', '0.168']
Candle Analysis:
    Body Sizes (%): ['0.307', '0.423', '0.206', '0.168']
    Upper Shadows (%): ['0.000', '0.013', '0.077', '0.000']
    Lower Shadows (%): ['0.013', '0.013', '0.013', '0.013']
Volumes: [np.float64(3398538.0), np.float64(2630792.0), np.float64(2248151.0), np.float64(268326.0)]
2025-05-15 18:15:28,309 - INFO - 
2. Post-Cross Movement (30min):
5min Price Changes (%): []
Maximum Change: 0.000% after 0 minutes
Candle Analysis:
    Body Sizes (%): []
    Upper Shadows (%): []
    Lower Shadows (%): []
Volumes: []
==================================================
2025-05-15 18:15:29,785 - INFO - 
==================================================
EMA Cross Analysis - SUI/USDT
Time: 2025-05-15 18:10:00+09:00
Type: dead
Cross Character (Current): Weak
Cross Character (New): Weak
Price at Cross: 3.7468

1. Pre-Cross Pattern (15min):
EMA Distance Changes (%): ['0.016', '0.009', '0.005', '0.023']
EMA12 Changes (%): ['0.090', '0.046', '-0.007', '-0.052']
Price Changes (%): ['-0.190', '-0.196', '-0.294', '-0.301']
Candle Analysis:
    Body Sizes (%): ['0.193', '0.196', '0.292', '0.301']
    Upper Shadows (%): ['0.058', '0.233', '0.011', '0.035']
    Lower Shadows (%): ['0.008', '0.024', '0.011', '0.048']
Volumes: [np.float64(1320050.8), np.float64(1759495.5), np.float64(1213756.7), np.float64(1326564.1)]
2025-05-15 18:15:29,785 - INFO - 
2. Post-Cross Movement (30min):
5min Price Changes (%): ['0.181']
Maximum Change: 0.181% after 5 minutes
Candle Analysis:
    Body Sizes (%): ['0.179']
    Upper Shadows (%): ['0.005']
    Lower Shadows (%): ['0.000']
Volumes: [np.float64(69269.3)]
==================================================
2025-05-15 18:20:03,581 - INFO - 
==================================================
EMA Cross Analysis - XRP/USDT
Time: 2025-05-15 18:20:00+09:00
Type: dead
Cross Character (Current): Weak
Cross Character (New): Weak
Price at Cross: 2.4812

1. Pre-Cross Pattern (15min):
EMA Distance Changes (%): ['0.053', '0.026', '0.010', '0.004']
EMA12 Changes (%): ['-0.010', '-0.044', '-0.028', '-0.025']
Price Changes (%): ['-0.233', '-0.229', '0.056', '-0.004']
Candle Analysis:
    Body Sizes (%): ['0.233', '0.233', '0.060', '0.008']
    Upper Shadows (%): ['0.004', '0.044', '0.048', '0.000']
    Lower Shadows (%): ['0.000', '0.000', '0.109', '0.000']
Volumes: [np.float64(2462978.7), np.float64(1812942.8), np.float64(1833535.9), np.float64(6883.0)]
2025-05-15 18:20:03,582 - INFO - 
2. Post-Cross Movement (30min):
5min Price Changes (%): []
Maximum Change: 0.000% after 0 minutes
Candle Analysis:
    Body Sizes (%): []
    Upper Shadows (%): []
    Lower Shadows (%): []
Volumes: []
==================================================
2025-05-15 18:20:06,146 - INFO - 
==================================================
EMA Cross Analysis - HIVE/USDT
Time: 2025-05-15 18:20:00+09:00
Type: dead
Cross Character (Current): Weak
Cross Character (New): Weak
Price at Cross: 0.27037

1. Pre-Cross Pattern (15min):
EMA Distance Changes (%): ['0.090', '0.068', '0.026', '0.004']
EMA12 Changes (%): ['-0.025', '-0.030', '-0.072', '-0.053']
Price Changes (%): ['-0.608', '-0.055', '-0.303', '0.048']
Candle Analysis:
    Body Sizes (%): ['0.608', '0.077', '0.288', '0.000']
    Upper Shadows (%): ['0.033', '0.332', '0.151', '0.000']
    Lower Shadows (%): ['0.040', '0.037', '0.199', '0.000']
Volumes: [np.float64(323359.0), np.float64(382242.0), np.float64(302278.0), np.float64(749.0)]
2025-05-15 18:20:06,146 - INFO - 
2. Post-Cross Movement (30min):
5min Price Changes (%): []
Maximum Change: 0.000% after 0 minutes
Candle Analysis:
    Body Sizes (%): []
    Upper Shadows (%): []
    Lower Shadows (%): []
Volumes: []
==================================================
2025-05-15 18:21:12,287 - INFO - 
==================================================
EMA Cross Analysis - XLM/USDT
Time: 2025-05-15 18:15:00+09:00
Type: dead
Cross Character (Current): Weak
Cross Character (New): Weak
Price at Cross: 0.29814

1. Pre-Cross Pattern (15min):
EMA Distance Changes (%): ['0.065', '0.035', '0.000', '0.006']
EMA12 Changes (%): ['-0.002', '-0.048', '-0.063', '-0.012']
Price Changes (%): ['-0.257', '-0.305', '-0.141', '0.269']
Candle Analysis:
    Body Sizes (%): ['0.254', '0.305', '0.141', '0.269']
    Upper Shadows (%): ['0.000', '0.010', '0.104', '0.017']
    Lower Shadows (%): ['0.067', '0.040', '0.000', '0.000']
Volumes: [np.float64(3664887.0), np.float64(968490.0), np.float64(733879.0), np.float64(693235.0)]
2025-05-15 18:21:12,287 - INFO - 
2. Post-Cross Movement (30min):
5min Price Changes (%): ['-0.047']
Maximum Change: -0.047% after 5 minutes
Candle Analysis:
    Body Sizes (%): ['0.020']
    Upper Shadows (%): ['0.000']
    Lower Shadows (%): ['0.054']
Volumes: [np.float64(124133.0)]
==================================================
2025-05-15 18:21:14,493 - INFO - 
==================================================
EMA Cross Analysis - ADA/USDT
Time: 2025-05-15 18:15:00+09:00
Type: dead
Cross Character (Current): Weak
Cross Character (New): Weak
Price at Cross: 0.7773

1. Pre-Cross Pattern (15min):
EMA Distance Changes (%): ['0.059', '0.038', '0.005', '0.005']
EMA12 Changes (%): ['0.039', '-0.032', '-0.059', '-0.018']
Price Changes (%): ['-0.307', '-0.423', '-0.206', '0.206']
Candle Analysis:
    Body Sizes (%): ['0.307', '0.423', '0.206', '0.206']
    Upper Shadows (%): ['0.000', '0.013', '0.077', '0.026']
    Lower Shadows (%): ['0.013', '0.013', '0.013', '0.026']
Volumes: [np.float64(3398538.0), np.float64(2630792.0), np.float64(2248151.0), np.float64(1653910.0)]
2025-05-15 18:21:14,493 - INFO - 
2. Post-Cross Movement (30min):
5min Price Changes (%): ['-0.090']
Maximum Change: -0.090% after 5 minutes
Candle Analysis:
    Body Sizes (%): ['0.077']
    Upper Shadows (%): ['0.013']
    Lower Shadows (%): ['0.064']
Volumes: [np.float64(274798.0)]
==================================================
2025-05-15 18:21:16,530 - INFO - 
==================================================
EMA Cross Analysis - COW/USDT
Time: 2025-05-15 18:15:00+09:00
Type: golden
Cross Character (Current): Weak
Cross Character (New): Weak
Price at Cross: 0.3776

1. Pre-Cross Pattern (15min):
EMA Distance Changes (%): ['0.053', '0.037', '0.025', '0.018']
EMA12 Changes (%): ['0.116', '0.024', '0.017', '0.080']
Price Changes (%): ['0.132', '-0.476', '-0.027', '0.426']
Candle Analysis:
    Body Sizes (%): ['0.106', '0.476', '0.053', '0.399']
    Upper Shadows (%): ['0.212', '0.000', '0.133', '0.000']
    Lower Shadows (%): ['0.106', '0.000', '0.000', '0.080']
Volumes: [np.float64(92666.0), np.float64(68197.0), np.float64(34743.0), np.float64(38849.0)]
2025-05-15 18:21:16,530 - INFO - 
2. Post-Cross Movement (30min):
5min Price Changes (%): ['-0.079']
Maximum Change: -0.079% after 5 minutes
Candle Analysis:
    Body Sizes (%): ['0.053']
    Upper Shadows (%): ['0.000']
    Lower Shadows (%): ['0.026']
Volumes: [np.float64(3776.0)]
==================================================
2025-05-15 18:25:43,843 - INFO - 
==================================================
EMA Cross Analysis - TIA/USDT
Time: 2025-05-15 18:20:00+09:00
Type: dead
Cross Character (Current): Weak
Cross Character (New): Weak
Price at Cross: 2.8493

1. Pre-Cross Pattern (15min):
EMA Distance Changes (%): ['0.058', '0.023', '0.023', '0.022']
EMA12 Changes (%): ['-0.029', '-0.059', '0.002', '-0.082']
Price Changes (%): ['-0.407', '-0.224', '0.340', '-0.548']
Candle Analysis:
    Body Sizes (%): ['0.400', '0.227', '0.340', '0.545']
    Upper Shadows (%): ['0.010', '0.133', '0.032', '0.007']
    Lower Shadows (%): ['0.017', '0.000', '0.011', '0.133']
Volumes: [np.float64(240844.0), np.float64(116348.0), np.float64(139734.0), np.float64(336249.0)]
2025-05-15 18:25:43,844 - INFO - 
2. Post-Cross Movement (30min):
5min Price Changes (%): ['0.042']
Maximum Change: 0.042% after 5 minutes
Candle Analysis:
    Body Sizes (%): ['0.042']
    Upper Shadows (%): ['0.053']
    Lower Shadows (%): ['0.000']
Volumes: [np.float64(28134.0)]
==================================================
2025-05-15 18:25:45,364 - INFO - 
==================================================
EMA Cross Analysis - NEAR/USDT
Time: 2025-05-15 18:20:00+09:00
Type: dead
Cross Character (Current): Weak
Cross Character (New): Weak
Price at Cross: 2.909

1. Pre-Cross Pattern (15min):
EMA Distance Changes (%): ['0.023', '0.017', '0.025', '0.007']
EMA12 Changes (%): ['0.039', '-0.009', '0.018', '-0.058']
Price Changes (%): ['-0.239', '-0.273', '0.171', '-0.479']
Candle Analysis:
    Body Sizes (%): ['0.205', '0.273', '0.171', '0.479']
    Upper Shadows (%): ['0.068', '0.068', '0.069', '0.000']
    Lower Shadows (%): ['0.034', '0.034', '0.034', '0.137']
Volumes: [np.float64(127846.0), np.float64(92105.0), np.float64(84138.0), np.float64(227310.0)]
2025-05-15 18:25:45,364 - INFO - 
2. Post-Cross Movement (30min):
5min Price Changes (%): ['0.034']
Maximum Change: 0.034% after 5 minutes
Candle Analysis:
    Body Sizes (%): ['0.000']
    Upper Shadows (%): ['0.034']
    Lower Shadows (%): ['0.069']
Volumes: [np.float64(9663.0)]
==================================================
2025-05-15 18:25:46,702 - INFO - 
==================================================
EMA Cross Analysis - LINK/USDT
Time: 2025-05-15 18:20:00+09:00
Type: dead
Cross Character (Current): Weak
Cross Character (New): Weak
Price at Cross: 16.367

1. Pre-Cross Pattern (15min):
EMA Distance Changes (%): ['0.064', '0.032', '0.024', '0.004']
EMA12 Changes (%): ['-0.005', '-0.052', '-0.010', '-0.051']
Price Changes (%): ['-0.328', '-0.310', '0.226', '-0.280']
Candle Analysis:
    Body Sizes (%): ['0.328', '0.317', '0.232', '0.280']
    Upper Shadows (%): ['0.006', '0.055', '0.018', '0.000']
    Lower Shadows (%): ['0.000', '0.000', '0.031', '0.104']
Volumes: [np.float64(47297.82), np.float64(51377.86), np.float64(50765.94), np.float64(97084.05)]
2025-05-15 18:25:46,702 - INFO - 
2. Post-Cross Movement (30min):
5min Price Changes (%): ['0.012']
Maximum Change: 0.012% after 5 minutes
Candle Analysis:
    Body Sizes (%): ['0.018']
    Upper Shadows (%): ['0.061']
    Lower Shadows (%): ['0.012']
Volumes: [np.float64(6085.64)]
==================================================
2025-05-15 18:25:47,361 - INFO - 
==================================================
EMA Cross Analysis - ATOM/USDT
Time: 2025-05-15 18:25:00+09:00
Type: dead
Cross Character (Current): Weak
Cross Character (New): Weak
Price at Cross: 4.915

1. Pre-Cross Pattern (15min):
EMA Distance Changes (%): ['0.066', '0.058', '0.020', '0.012']
EMA12 Changes (%): ['-0.046', '-0.005', '-0.066', '-0.059']
Price Changes (%): ['-0.223', '0.223', '-0.405', '-0.020']
Candle Analysis:
    Body Sizes (%): ['0.223', '0.244', '0.405', '0.041']
    Upper Shadows (%): ['0.020', '0.061', '0.000', '0.041']
    Lower Shadows (%): ['0.000', '0.000', '0.061', '0.000']
Volumes: [np.float64(31069.34), np.float64(25873.12), np.float64(29897.11), np.float64(1613.16)]
2025-05-15 18:25:47,361 - INFO - 
2. Post-Cross Movement (30min):
5min Price Changes (%): []
Maximum Change: 0.000% after 0 minutes
Candle Analysis:
    Body Sizes (%): []
    Upper Shadows (%): []
    Lower Shadows (%): []
Volumes: []
==================================================
2025-05-15 18:25:48,885 - INFO - 
==================================================
EMA Cross Analysis - GRASS/USDT
Time: 2025-05-15 18:20:00+09:00
Type: golden
Cross Character (Current): Weak
Cross Character (New): Weak
Price at Cross: 1.8902

1. Pre-Cross Pattern (15min):
EMA Distance Changes (%): ['0.198', '0.145', '0.078', '0.015']
EMA12 Changes (%): ['0.236', '0.078', '0.108', '0.170']
Price Changes (%): ['0.811', '-0.778', '0.272', '0.510']
Candle Analysis:
    Body Sizes (%): ['0.821', '0.751', '0.283', '0.505']
    Upper Shadows (%): ['0.357', '0.000', '0.085', '0.245']
    Lower Shadows (%): ['0.021', '0.026', '0.395', '0.106']
Volumes: [np.float64(208910.5), np.float64(251856.7), np.float64(122346.9), np.float64(218568.1)]
2025-05-15 18:25:48,885 - INFO - 
2. Post-Cross Movement (30min):
5min Price Changes (%): ['-0.069']
Maximum Change: -0.069% after 5 minutes
Candle Analysis:
    Body Sizes (%): ['0.016']
    Upper Shadows (%): ['0.053']
    Lower Shadows (%): ['0.275']
Volumes: [np.float64(33380.7)]
==================================================
2025-05-15 18:25:49,321 - INFO - 
==================================================
EMA Cross Analysis - ZRO/USDT
Time: 2025-05-15 18:25:00+09:00
Type: dead
Cross Character (Current): Weak
Cross Character (New): Weak
Price at Cross: 2.8951

1. Pre-Cross Pattern (15min):
EMA Distance Changes (%): ['0.093', '0.069', '0.023', '0.008']
EMA12 Changes (%): ['-0.077', '-0.032', '-0.080', '-0.055']
Price Changes (%): ['-0.402', '0.218', '-0.348', '0.083']
Candle Analysis:
    Body Sizes (%): ['0.409', '0.214', '0.358', '0.066']
    Upper Shadows (%): ['0.120', '0.021', '0.010', '0.038']
    Lower Shadows (%): ['0.083', '0.114', '0.251', '0.000']
Volumes: [np.float64(97895.0), np.float64(68172.3), np.float64(36048.3), np.float64(5283.0)]
2025-05-15 18:25:49,321 - INFO - 
2. Post-Cross Movement (30min):
5min Price Changes (%): []
Maximum Change: 0.000% after 0 minutes
Candle Analysis:
    Body Sizes (%): []
    Upper Shadows (%): []
    Lower Shadows (%): []
Volumes: []
==================================================
2025-05-15 18:25:49,975 - INFO - 
==================================================
EMA Cross Analysis - ARPA/USDT
Time: 2025-05-15 18:25:00+09:00
Type: dead
Cross Character (Current): Weak
Cross Character (New): Weak
Price at Cross: 0.02583

1. Pre-Cross Pattern (15min):
EMA Distance Changes (%): ['0.050', '0.050', '0.016', '0.011']
EMA12 Changes (%): ['-0.026', '0.008', '-0.059', '-0.050']
Price Changes (%): ['-0.116', '0.193', '-0.424', '0.000']
Candle Analysis:
    Body Sizes (%): ['0.077', '0.193', '0.386', '0.000']
    Upper Shadows (%): ['0.193', '0.039', '0.039', '0.039']
    Lower Shadows (%): ['0.039', '0.077', '0.154', '0.000']
Volumes: [np.float64(991395.0), np.float64(530347.0), np.float64(590064.0), np.float64(88597.0)]
2025-05-15 18:25:49,975 - INFO - 
2. Post-Cross Movement (30min):
5min Price Changes (%): []
Maximum Change: 0.000% after 0 minutes
Candle Analysis:
    Body Sizes (%): []
    Upper Shadows (%): []
    Lower Shadows (%): []
Volumes: []
==================================================
2025-05-15 18:25:50,410 - INFO - 
==================================================
EMA Cross Analysis - XRP/USDT
Time: 2025-05-15 18:20:00+09:00
Type: dead
Cross Character (Current): Weak
Cross Character (New): Weak
Price at Cross: 2.4783

1. Pre-Cross Pattern (15min):
EMA Distance Changes (%): ['0.053', '0.026', '0.010', '0.013']
EMA12 Changes (%): ['-0.010', '-0.044', '-0.028', '-0.043']
Price Changes (%): ['-0.233', '-0.229', '0.056', '-0.121']
Candle Analysis:
    Body Sizes (%): ['0.233', '0.233', '0.060', '0.125']
    Upper Shadows (%): ['0.004', '0.044', '0.048', '0.052']
    Lower Shadows (%): ['0.000', '0.000', '0.109', '0.230']
Volumes: [np.float64(2462978.7), np.float64(1812942.8), np.float64(1833535.9), np.float64(3056726.4)]
2025-05-15 18:25:50,411 - INFO - 
2. Post-Cross Movement (30min):
5min Price Changes (%): ['0.024']
Maximum Change: 0.024% after 5 minutes
Candle Analysis:
    Body Sizes (%): ['0.028']
    Upper Shadows (%): ['0.028']
    Lower Shadows (%): ['0.000']
Volumes: [np.float64(254430.8)]
==================================================
2025-05-15 18:25:52,982 - INFO - 
==================================================
EMA Cross Analysis - HIVE/USDT
Time: 2025-05-15 18:20:00+09:00
Type: dead
Cross Character (Current): Weak
Cross Character (New): Weak
Price at Cross: 0.2701

1. Pre-Cross Pattern (15min):
EMA Distance Changes (%): ['0.090', '0.068', '0.026', '0.012']
EMA12 Changes (%): ['-0.025', '-0.030', '-0.072', '-0.069']
Price Changes (%): ['-0.608', '-0.055', '-0.303', '-0.052']
Candle Analysis:
    Body Sizes (%): ['0.608', '0.077', '0.288', '0.100']
    Upper Shadows (%): ['0.033', '0.332', '0.151', '0.196']
    Lower Shadows (%): ['0.040', '0.037', '0.199', '0.488']
Volumes: [np.float64(323359.0), np.float64(382242.0), np.float64(302278.0), np.float64(472114.0)]
2025-05-15 18:25:52,982 - INFO - 
2. Post-Cross Movement (30min):
5min Price Changes (%): ['-0.059']
Maximum Change: -0.059% after 5 minutes
Candle Analysis:
    Body Sizes (%): ['0.007']
    Upper Shadows (%): ['0.093']
    Lower Shadows (%): ['0.000']
Volumes: [np.float64(25861.0)]
==================================================
2025-05-15 18:30:24,259 - INFO - 
==================================================
EMA Cross Analysis - ATOM/USDT
Time: 2025-05-15 18:25:00+09:00
Type: dead
Cross Character (Current): Weak
Cross Character (New): Weak
Price at Cross: 4.918

1. Pre-Cross Pattern (15min):
EMA Distance Changes (%): ['0.066', '0.058', '0.020', '0.008']
EMA12 Changes (%): ['-0.046', '-0.005', '-0.066', '-0.050']
Price Changes (%): ['-0.223', '0.223', '-0.405', '0.041']
Candle Analysis:
    Body Sizes (%): ['0.223', '0.244', '0.405', '0.020']
    Upper Shadows (%): ['0.020', '0.061', '0.000', '0.061']
    Lower Shadows (%): ['0.000', '0.000', '0.061', '0.102']
Volumes: [np.float64(31069.34), np.float64(25873.12), np.float64(29897.11), np.float64(17113.88)]
2025-05-15 18:30:24,260 - INFO - 
2. Post-Cross Movement (30min):
5min Price Changes (%): ['0.061']
Maximum Change: 0.061% after 5 minutes
Candle Analysis:
    Body Sizes (%): ['0.081']
    Upper Shadows (%): ['0.000']
    Lower Shadows (%): ['0.020']
Volumes: [np.float64(1207.68)]
==================================================
2025-05-15 18:30:26,215 - INFO - 
==================================================
EMA Cross Analysis - ZRO/USDT
Time: 2025-05-15 18:25:00+09:00
Type: dead
Cross Character (Current): Weak
Cross Character (New): Weak
Price at Cross: 2.8975

1. Pre-Cross Pattern (15min):
EMA Distance Changes (%): ['0.093', '0.069', '0.023', '0.001']
EMA12 Changes (%): ['-0.077', '-0.032', '-0.080', '-0.042']
Price Changes (%): ['-0.402', '0.218', '-0.348', '0.166']
Candle Analysis:
    Body Sizes (%): ['0.409', '0.214', '0.358', '0.149']
    Upper Shadows (%): ['0.120', '0.021', '0.010', '0.069']
    Lower Shadows (%): ['0.083', '0.114', '0.251', '0.000']
Volumes: [np.float64(97895.0), np.float64(68172.3), np.float64(36048.3), np.float64(21665.2)]
2025-05-15 18:30:26,215 - INFO - 
2. Post-Cross Movement (30min):
5min Price Changes (%): ['0.059']
Maximum Change: 0.059% after 5 minutes
Candle Analysis:
    Body Sizes (%): ['0.069']
    Upper Shadows (%): ['0.000']
    Lower Shadows (%): ['0.045']
Volumes: [np.float64(3499.1)]
==================================================
2025-05-15 18:30:26,868 - INFO - 
==================================================
EMA Cross Analysis - ARPA/USDT
Time: 2025-05-15 18:25:00+09:00
Type: dead
Cross Character (Current): Weak
Cross Character (New): Weak
Price at Cross: 0.02584

1. Pre-Cross Pattern (15min):
EMA Distance Changes (%): ['0.050', '0.050', '0.016', '0.008']
EMA12 Changes (%): ['-0.026', '0.008', '-0.059', '-0.044']
Price Changes (%): ['-0.116', '0.193', '-0.424', '0.039']
Candle Analysis:
    Body Sizes (%): ['0.077', '0.193', '0.386', '0.039']
    Upper Shadows (%): ['0.193', '0.039', '0.039', '0.039']
    Lower Shadows (%): ['0.039', '0.077', '0.154', '0.077']
Volumes: [np.float64(991395.0), np.float64(530347.0), np.float64(590064.0), np.float64(381944.0)]
2025-05-15 18:30:26,868 - INFO - 
2. Post-Cross Movement (30min):
5min Price Changes (%): ['-0.039']
Maximum Change: -0.039% after 5 minutes
Candle Analysis:
    Body Sizes (%): ['0.039']
    Upper Shadows (%): ['0.000']
    Lower Shadows (%): ['0.039']
Volumes: [np.float64(56156.0)]
==================================================
2025-05-15 18:35:02,572 - INFO - 
==================================================
EMA Cross Analysis - EOS/USDT
Time: 2025-05-15 18:30:00+09:00
Type: dead
Cross Character (Current): Weak
Cross Character (New): Weak
Price at Cross: 0.768

1. Pre-Cross Pattern (15min):
EMA Distance Changes (%): ['0.085', '0.052', '0.026', '0.016']
EMA12 Changes (%): ['0.010', '-0.052', '-0.044', '-0.077']
Price Changes (%): ['0.390', '-0.388', '0.000', '-0.260']
Candle Analysis:
    Body Sizes (%): ['0.259', '0.388', '0.130', '0.260']
    Upper Shadows (%): ['0.130', '0.129', '0.000', '0.130']
    Lower Shadows (%): ['0.130', '0.000', '0.000', '0.260']
Volumes: [np.float64(304375.0), np.float64(315156.9), np.float64(86344.3), np.float64(504730.3)]
2025-05-15 18:35:02,572 - INFO - 
2. Post-Cross Movement (30min):
5min Price Changes (%): ['0.000']
Maximum Change: 0.000% after 0 minutes
Candle Analysis:
    Body Sizes (%): ['0.130']
    Upper Shadows (%): ['0.000']
    Lower Shadows (%): ['0.000']
Volumes: [np.float64(9.8)]
==================================================
2025-05-15 18:35:03,320 - INFO - 
==================================================
EMA Cross Analysis - WLD/USDT
Time: 2025-05-15 18:35:00+09:00
Type: dead
Cross Character (Current): Weak
Cross Character (New): Weak
Price at Cross: 1.1769

1. Pre-Cross Pattern (15min):
EMA Distance Changes (%): ['0.096', '0.078', '0.015', '0.036']
EMA12 Changes (%): ['-0.012', '-0.021', '-0.111', '-0.095']
Price Changes (%): ['-0.370', '-0.068', '-0.608', '-0.008']
Candle Analysis:
    Body Sizes (%): ['0.362', '0.068', '0.608', '0.008']
    Upper Shadows (%): ['0.000', '0.110', '0.068', '0.000']
    Lower Shadows (%): ['0.202', '0.076', '0.507', '0.008']
Volumes: [np.float64(248084.0), np.float64(199532.0), np.float64(1165825.0), np.float64(3022.0)]
2025-05-15 18:35:03,321 - INFO - 
2. Post-Cross Movement (30min):
5min Price Changes (%): []
Maximum Change: 0.000% after 0 minutes
Candle Analysis:
    Body Sizes (%): []
    Upper Shadows (%): []
    Lower Shadows (%): []
Volumes: []
==================================================
2025-05-15 18:35:03,754 - INFO - 
==================================================
EMA Cross Analysis - PENGU/USDT
Time: 2025-05-15 18:35:00+09:00
Type: dead
Cross Character (Current): Weak
Cross Character (New): Weak
Price at Cross: 0.0137

1. Pre-Cross Pattern (15min):
EMA Distance Changes (%): ['0.107', '0.075', '0.014', '0.035']
EMA12 Changes (%): ['-0.069', '-0.047', '-0.106', '-0.093']
Price Changes (%): ['-0.456', '0.073', '-0.429', '-0.022']
Candle Analysis:
    Body Sizes (%): ['0.456', '0.073', '0.429', '0.007']
    Upper Shadows (%): ['0.166', '0.160', '0.305', '0.007']
    Lower Shadows (%): ['0.261', '0.167', '0.480', '0.022']
Volumes: [np.float64(42634585.0), np.float64(34581472.0), np.float64(62214748.0), np.float64(236561.0)]
2025-05-15 18:35:03,754 - INFO - 
2. Post-Cross Movement (30min):
5min Price Changes (%): []
Maximum Change: 0.000% after 0 minutes
Candle Analysis:
    Body Sizes (%): []
    Upper Shadows (%): []
    Lower Shadows (%): []
Volumes: []
==================================================
2025-05-15 18:35:04,729 - INFO - 
==================================================
EMA Cross Analysis - AVAX/USDT
Time: 2025-05-15 18:30:00+09:00
Type: dead
Cross Character (Current): Weak
Cross Character (New): Weak
Price at Cross: 23.8

1. Pre-Cross Pattern (15min):
EMA Distance Changes (%): ['0.090', '0.051', '0.041', '0.029']
EMA12 Changes (%): ['0.021', '-0.064', '-0.011', '-0.129']
Price Changes (%): ['0.254', '-0.532', '0.284', '-0.780']
Candle Analysis:
    Body Sizes (%): ['0.250', '0.536', '0.284', '0.775']
    Upper Shadows (%): ['0.029', '0.000', '0.025', '0.000']
    Lower Shadows (%): ['0.013', '0.212', '0.067', '0.359']
Volumes: [np.float64(33864.0), np.float64(115770.0), np.float64(43858.0), np.float64(214990.0)]
2025-05-15 18:35:04,729 - INFO - 
2. Post-Cross Movement (30min):
5min Price Changes (%): ['-0.059']
Maximum Change: -0.059% after 5 minutes
Candle Analysis:
    Body Sizes (%): ['0.063']
    Upper Shadows (%): ['0.000']
    Lower Shadows (%): ['0.008']
Volumes: [np.float64(2253.0)]
==================================================
2025-05-15 18:35:06,204 - INFO - 
==================================================
EMA Cross Analysis - USUAL/USDT
Time: 2025-05-15 18:35:00+09:00
Type: dead
Cross Character (Current): Weak
Cross Character (New): Weak
Price at Cross: 0.1463

1. Pre-Cross Pattern (15min):
EMA Distance Changes (%): ['0.053', '0.056', '0.021', '0.008']
EMA12 Changes (%): ['0.005', '0.015', '-0.061', '-0.052']
Price Changes (%): ['-0.339', '0.068', '-0.476', '0.000']
Candle Analysis:
    Body Sizes (%): ['0.339', '0.000', '0.408', '0.068']
    Upper Shadows (%): ['0.000', '0.204', '0.136', '0.000']
    Lower Shadows (%): ['0.204', '0.068', '0.272', '0.000']
Volumes: [np.float64(438290.0), np.float64(399794.0), np.float64(971023.0), np.float64(105.0)]
2025-05-15 18:35:06,204 - INFO - 
2. Post-Cross Movement (30min):
5min Price Changes (%): []
Maximum Change: 0.000% after 0 minutes
Candle Analysis:
    Body Sizes (%): []
    Upper Shadows (%): []
    Lower Shadows (%): []
Volumes: []
==================================================
2025-05-15 18:35:06,855 - INFO - 
==================================================
EMA Cross Analysis - VANA/USDT
Time: 2025-05-15 18:35:00+09:00
Type: dead
Cross Character (Current): Weak
Cross Character (New): Weak
Price at Cross: 6.138

1. Pre-Cross Pattern (15min):
EMA Distance Changes (%): ['0.094', '0.078', '0.033', '0.006']
EMA12 Changes (%): ['-0.043', '-0.016', '-0.076', '-0.070']
Price Changes (%): ['-0.421', '0.130', '-0.406', '-0.033']
Candle Analysis:
    Body Sizes (%): ['0.421', '0.114', '0.389', '0.000']
    Upper Shadows (%): ['0.065', '0.081', '0.097', '0.000']
    Lower Shadows (%): ['0.210', '0.114', '0.195', '0.016']
Volumes: [np.float64(14839.18), np.float64(6827.4), np.float64(11600.69), np.float64(50.14)]
2025-05-15 18:35:06,855 - INFO - 
2. Post-Cross Movement (30min):
5min Price Changes (%): []
Maximum Change: 0.000% after 0 minutes
Candle Analysis:
    Body Sizes (%): []
    Upper Shadows (%): []
    Lower Shadows (%): []
Volumes: []
==================================================
2025-05-15 18:36:11,385 - INFO - 
==================================================
EMA Cross Analysis - DOGE/USDT
Time: 2025-05-15 18:30:00+09:00
Type: dead
Cross Character (Current): Weak
Cross Character (New): Weak
Price at Cross: 0.22543

1. Pre-Cross Pattern (15min):
EMA Distance Changes (%): ['0.077', '0.054', '0.058', '0.001']
EMA12 Changes (%): ['0.022', '-0.034', '0.016', '-0.105']
Price Changes (%): ['0.318', '-0.339', '0.287', '-0.770']
Candle Analysis:
    Body Sizes (%): ['0.318', '0.334', '0.291', '0.766']
    Upper Shadows (%): ['0.044', '0.040', '0.040', '0.057']
    Lower Shadows (%): ['0.000', '0.158', '0.009', '0.313']
Volumes: [np.float64(13822017.0), np.float64(13387279.0), np.float64(10524692.0), np.float64(72957207.0)]
2025-05-15 18:36:11,386 - INFO - 
2. Post-Cross Movement (30min):
5min Price Changes (%): ['-0.200']
Maximum Change: -0.200% after 5 minutes
Candle Analysis:
    Body Sizes (%): ['0.200']
    Upper Shadows (%): ['0.000']
    Lower Shadows (%): ['0.271']
Volumes: [np.float64(11184955.0)]
==================================================
2025-05-15 18:36:14,436 - INFO - 
==================================================
EMA Cross Analysis - AIXBT/USDT
Time: 2025-05-15 18:30:00+09:00
Type: dead
Cross Character (Current): Weak
Cross Character (New): Weak
Price at Cross: 0.19126

1. Pre-Cross Pattern (15min):
EMA Distance Changes (%): ['0.113', '0.079', '0.064', '0.002']
EMA12 Changes (%): ['0.045', '-0.051', '-0.017', '-0.117']
Price Changes (%): ['0.348', '-0.579', '0.172', '-0.670']
Candle Analysis:
    Body Sizes (%): ['0.332', '0.559', '0.156', '0.644']
    Upper Shadows (%): ['0.000', '0.016', '0.062', '0.114']
    Lower Shadows (%): ['0.150', '0.466', '0.073', '0.327']
Volumes: [np.float64(644816.0), np.float64(1630025.0), np.float64(820829.0), np.float64(2066738.0)]
2025-05-15 18:36:14,436 - INFO - 
2. Post-Cross Movement (30min):
5min Price Changes (%): ['-0.356']
Maximum Change: -0.356% after 5 minutes
Candle Analysis:
    Body Sizes (%): ['0.335']
    Upper Shadows (%): ['0.031']
    Lower Shadows (%): ['0.267']
Volumes: [np.float64(380296.0)]
==================================================
2025-05-15 18:40:47,041 - INFO - 
==================================================
EMA Cross Analysis - ORDI/USDT
Time: 2025-05-15 18:35:00+09:00
Type: dead
Cross Character (Current): Weak
Cross Character (New): Weak
Price at Cross: 11.335

1. Pre-Cross Pattern (15min):
EMA Distance Changes (%): ['0.084', '0.084', '0.058', '0.005']
EMA12 Changes (%): ['-0.039', '0.014', '-0.039', '-0.113']
Price Changes (%): ['-0.818', '0.307', '-0.332', '-0.518']
Candle Analysis:
    Body Sizes (%): ['0.827', '0.298', '0.332', '0.518']
    Upper Shadows (%): ['0.009', '0.132', '0.149', '0.000']
    Lower Shadows (%): ['0.218', '0.000', '0.402', '0.132']
Volumes: [np.float64(53174.8), np.float64(23676.6), np.float64(32974.3), np.float64(29858.1)]
2025-05-15 18:40:47,041 - INFO - 
2. Post-Cross Movement (30min):
5min Price Changes (%): ['0.062']
Maximum Change: 0.062% after 5 minutes
Candle Analysis:
    Body Sizes (%): ['0.053']
    Upper Shadows (%): ['0.097']
    Lower Shadows (%): ['0.106']
Volumes: [np.float64(2766.1)]
==================================================
2025-05-15 18:40:50,103 - INFO - 
==================================================
EMA Cross Analysis - WLD/USDT
Time: 2025-05-15 18:35:00+09:00
Type: dead
Cross Character (Current): Weak
Cross Character (New): Weak
Price at Cross: 1.1721

1. Pre-Cross Pattern (15min):
EMA Distance Changes (%): ['0.096', '0.078', '0.015', '0.068']
EMA12 Changes (%): ['-0.012', '-0.021', '-0.111', '-0.158']
Price Changes (%): ['-0.370', '-0.068', '-0.608', '-0.416']
Candle Analysis:
    Body Sizes (%): ['0.362', '0.068', '0.608', '0.416']
    Upper Shadows (%): ['0.000', '0.110', '0.068', '0.000']
    Lower Shadows (%): ['0.202', '0.076', '0.507', '0.059']
Volumes: [np.float64(248084.0), np.float64(199532.0), np.float64(1165825.0), np.float64(445872.0)]
2025-05-15 18:40:50,103 - INFO - 
2. Post-Cross Movement (30min):
5min Price Changes (%): ['-0.085']
Maximum Change: -0.085% after 5 minutes
Candle Analysis:
    Body Sizes (%): ['0.094']
    Upper Shadows (%): ['0.051']
    Lower Shadows (%): ['0.060']
Volumes: [np.float64(129171.0)]
==================================================
2025-05-15 18:40:50,538 - INFO - 
==================================================
EMA Cross Analysis - PENGU/USDT
Time: 2025-05-15 18:35:00+09:00
Type: dead
Cross Character (Current): Weak
Cross Character (New): Weak
Price at Cross: 0.013622

1. Pre-Cross Pattern (15min):
EMA Distance Changes (%): ['0.107', '0.075', '0.014', '0.081']
EMA12 Changes (%): ['-0.069', '-0.047', '-0.106', '-0.180']
Price Changes (%): ['-0.456', '0.073', '-0.429', '-0.591']
Candle Analysis:
    Body Sizes (%): ['0.456', '0.073', '0.429', '0.577']
    Upper Shadows (%): ['0.166', '0.160', '0.305', '0.015']
    Lower Shadows (%): ['0.261', '0.167', '0.480', '0.051']
Volumes: [np.float64(42634585.0), np.float64(34581472.0), np.float64(62214748.0), np.float64(35562839.0)]
2025-05-15 18:40:50,539 - INFO - 
2. Post-Cross Movement (30min):
5min Price Changes (%): ['-0.095']
Maximum Change: -0.095% after 5 minutes
Candle Analysis:
    Body Sizes (%): ['0.110']
    Upper Shadows (%): ['0.139']
    Lower Shadows (%): ['0.000']
Volumes: [np.float64(12545155.0)]
==================================================
2025-05-15 18:40:52,445 - INFO - 
==================================================
EMA Cross Analysis - COW/USDT
Time: 2025-05-15 18:40:00+09:00
Type: dead
Cross Character (Current): Weak
Cross Character (New): Weak
Price at Cross: 0.3745

1. Pre-Cross Pattern (15min):
EMA Distance Changes (%): ['0.033', '0.039', '0.012', '0.021']
EMA12 Changes (%): ['0.005', '0.017', '-0.047', '-0.060']
Price Changes (%): ['-0.133', '0.080', '-0.398', '-0.133']
Candle Analysis:
    Body Sizes (%): ['0.159', '0.053', '0.398', '0.160']
    Upper Shadows (%): ['0.106', '0.186', '0.000', '0.000']
    Lower Shadows (%): ['0.000', '0.345', '0.027', '0.053']
Volumes: [np.float64(33444.0), np.float64(170210.0), np.float64(89966.0), np.float64(23825.0)]
2025-05-15 18:40:52,446 - INFO - 
2. Post-Cross Movement (30min):
5min Price Changes (%): []
Maximum Change: 0.000% after 0 minutes
Candle Analysis:
    Body Sizes (%): []
    Upper Shadows (%): []
    Lower Shadows (%): []
Volumes: []
==================================================
2025-05-15 18:40:53,098 - INFO - 
==================================================
EMA Cross Analysis - USUAL/USDT
Time: 2025-05-15 18:35:00+09:00
Type: dead
Cross Character (Current): Weak
Cross Character (New): Weak
Price at Cross: 0.1452

1. Pre-Cross Pattern (15min):
EMA Distance Changes (%): ['0.053', '0.056', '0.021', '0.068']
EMA12 Changes (%): ['0.005', '0.015', '-0.061', '-0.167']
Price Changes (%): ['-0.339', '0.068', '-0.476', '-0.752']
Candle Analysis:
    Body Sizes (%): ['0.339', '0.000', '0.408', '0.820']
    Upper Shadows (%): ['0.000', '0.204', '0.136', '0.000']
    Lower Shadows (%): ['0.204', '0.068', '0.272', '0.068']
Volumes: [np.float64(438290.0), np.float64(399794.0), np.float64(971023.0), np.float64(1559011.0)]
2025-05-15 18:40:53,098 - INFO - 
2. Post-Cross Movement (30min):
5min Price Changes (%): ['0.069']
Maximum Change: 0.069% after 5 minutes
Candle Analysis:
    Body Sizes (%): ['0.069']
    Upper Shadows (%): ['0.000']
    Lower Shadows (%): ['0.069']
Volumes: [np.float64(106160.0)]
==================================================
2025-05-15 18:40:53,701 - INFO - 
==================================================
EMA Cross Analysis - VANA/USDT
Time: 2025-05-15 18:35:00+09:00
Type: dead
Cross Character (Current): Weak
Cross Character (New): Weak
Price at Cross: 6.105

1. Pre-Cross Pattern (15min):
EMA Distance Changes (%): ['0.094', '0.078', '0.033', '0.049']
EMA12 Changes (%): ['-0.043', '-0.016', '-0.076', '-0.152']
Price Changes (%): ['-0.421', '0.130', '-0.406', '-0.570']
Candle Analysis:
    Body Sizes (%): ['0.421', '0.114', '0.389', '0.538']
    Upper Shadows (%): ['0.065', '0.081', '0.097', '0.016']
    Lower Shadows (%): ['0.210', '0.114', '0.195', '0.033']
Volumes: [np.float64(14839.18), np.float64(6827.4), np.float64(11600.69), np.float64(12082.36)]
2025-05-15 18:40:53,701 - INFO - 
2. Post-Cross Movement (30min):
5min Price Changes (%): ['-0.033']
Maximum Change: -0.033% after 5 minutes
Candle Analysis:
    Body Sizes (%): ['0.082']
    Upper Shadows (%): ['0.016']
    Lower Shadows (%): ['0.049']
Volumes: [np.float64(1435.05)]
==================================================
2025-05-15 18:45:21,911 - INFO - 
==================================================
EMA Cross Analysis - BAKE/USDT
Time: 2025-05-15 18:45:00+09:00
Type: dead
Cross Character (Current): Weak
Cross Character (New): Weak
Price at Cross: 0.1387

1. Pre-Cross Pattern (15min):
EMA Distance Changes (%): ['0.143', '0.080', '0.001', '0.073']
EMA12 Changes (%): ['-0.080', '-0.101', '-0.140', '-0.141']
Price Changes (%): ['-0.499', '-0.215', '-0.359', '-0.144']
Candle Analysis:
    Body Sizes (%): ['0.499', '0.143', '0.287', '0.144']
    Upper Shadows (%): ['0.285', '0.072', '0.072', '0.000']
    Lower Shadows (%): ['0.071', '0.215', '0.144', '0.000']
Volumes: [np.float64(430010.0), np.float64(213290.0), np.float64(474285.0), np.float64(28333.0)]
2025-05-15 18:45:21,911 - INFO - 
2. Post-Cross Movement (30min):
5min Price Changes (%): []
Maximum Change: 0.000% after 0 minutes
Candle Analysis:
    Body Sizes (%): []
    Upper Shadows (%): []
    Lower Shadows (%): []
Volumes: []
==================================================
2025-05-15 18:45:23,220 - INFO - 
==================================================
EMA Cross Analysis - MOODENG/USDT
Time: 2025-05-15 18:45:00+09:00
Type: dead
Cross Character (Current): Strong
Cross Character (New): Weak
Price at Cross: 0.22973

1. Pre-Cross Pattern (15min):
EMA Distance Changes (%): ['0.341', '0.184', '0.076', '0.023']
EMA12 Changes (%): ['-0.147', '-0.255', '-0.180', '-0.177']
Price Changes (%): ['-0.665', '-0.851', '0.235', '-0.161']
Candle Analysis:
    Body Sizes (%): ['0.682', '0.842', '0.222', '0.156']
    Upper Shadows (%): ['0.184', '0.013', '0.266', '0.009']
    Lower Shadows (%): ['0.450', '0.194', '0.183', '0.109']
Volumes: [np.float64(16847197.0), np.float64(14457959.0), np.float64(8159421.0), np.float64(659672.0)]
2025-05-15 18:45:23,220 - INFO - 
2. Post-Cross Movement (30min):
5min Price Changes (%): []
Maximum Change: 0.000% after 0 minutes
Candle Analysis:
    Body Sizes (%): []
    Upper Shadows (%): []
    Lower Shadows (%): []
Volumes: []
==================================================
2025-05-15 18:45:30,067 - INFO - 
==================================================
EMA Cross Analysis - COW/USDT
Time: 2025-05-15 18:40:00+09:00
Type: dead
Cross Character (Current): Weak
Cross Character (New): Weak
Price at Cross: 0.3733

1. Pre-Cross Pattern (15min):
EMA Distance Changes (%): ['0.033', '0.039', '0.012', '0.046']
EMA12 Changes (%): ['0.005', '0.017', '-0.047', '-0.109']
Price Changes (%): ['-0.133', '0.080', '-0.398', '-0.453']
Candle Analysis:
    Body Sizes (%): ['0.159', '0.053', '0.398', '0.480']
    Upper Shadows (%): ['0.106', '0.186', '0.000', '0.000']
    Lower Shadows (%): ['0.000', '0.345', '0.027', '0.053']
Volumes: [np.float64(33444.0), np.float64(170210.0), np.float64(89966.0), np.float64(83842.0)]
2025-05-15 18:45:30,067 - INFO - 
2. Post-Cross Movement (30min):
5min Price Changes (%): ['-0.107']
Maximum Change: -0.107% after 5 minutes
Candle Analysis:
    Body Sizes (%): ['0.161']
    Upper Shadows (%): ['0.027']
    Lower Shadows (%): ['0.000']
Volumes: [np.float64(9566.0)]
==================================================
2025-05-15 18:50:05,782 - INFO - 
==================================================
EMA Cross Analysis - GOAT/USDT
Time: 2025-05-15 18:50:00+09:00
Type: dead
Cross Character (Current): Strong
Cross Character (New): Weak
Price at Cross: 0.18157

1. Pre-Cross Pattern (15min):
EMA Distance Changes (%): ['0.373', '0.264', '0.089', '0.045']
EMA12 Changes (%): ['-0.066', '-0.158', '-0.299', '-0.243']
Price Changes (%): ['-0.843', '-0.666', '-1.079', '0.072']
Candle Analysis:
    Body Sizes (%): ['0.843', '0.672', '1.085', '0.077']
    Upper Shadows (%): ['0.000', '0.130', '0.104', '0.055']
    Lower Shadows (%): ['0.113', '0.233', '0.267', '0.000']
Volumes: [np.float64(1586048.0), np.float64(2111011.0), np.float64(6549123.0), np.float64(27327.0)]
2025-05-15 18:50:05,782 - INFO - 
2. Post-Cross Movement (30min):
5min Price Changes (%): []
Maximum Change: 0.000% after 0 minutes
Candle Analysis:
    Body Sizes (%): []
    Upper Shadows (%): []
    Lower Shadows (%): []
Volumes: []
==================================================
2025-05-15 18:50:07,258 - INFO - 
==================================================
EMA Cross Analysis - ZEN/USDT
Time: 2025-05-15 18:45:00+09:00
Type: dead
Cross Character (Current): Strong
Cross Character (New): Weak
Price at Cross: 9.7

1. Pre-Cross Pattern (15min):
EMA Distance Changes (%): ['0.202', '0.137', '0.069', '0.052']
EMA12 Changes (%): ['-0.042', '-0.098', '-0.111', '-0.221']
Price Changes (%): ['-0.435', '-0.407', '-0.184', '-0.828']
Candle Analysis:
    Body Sizes (%): ['0.435', '0.386', '0.133', '0.828']
    Upper Shadows (%): ['0.020', '0.000', '0.204', '0.000']
    Lower Shadows (%): ['0.324', '0.132', '0.235', '0.358']
Volumes: [np.float64(4131.9), np.float64(4741.3), np.float64(2646.5), np.float64(29997.3)]
2025-05-15 18:50:07,259 - INFO - 
2. Post-Cross Movement (30min):
5min Price Changes (%): ['0.021']
Maximum Change: 0.021% after 5 minutes
Candle Analysis:
    Body Sizes (%): ['0.062']
    Upper Shadows (%): ['0.000']
    Lower Shadows (%): ['0.010']
Volumes: [np.float64(7.6)]
==================================================
2025-05-15 18:50:08,124 - INFO - 
==================================================
EMA Cross Analysis - 1000PEPE/USDT
Time: 2025-05-15 18:50:00+09:00
Type: dead
Cross Character (Current): Weak
Cross Character (New): Weak
Price at Cross: 0.0133545

1. Pre-Cross Pattern (15min):
EMA Distance Changes (%): ['0.206', '0.159', '0.055', '0.019']
EMA12 Changes (%): ['-0.136', '-0.060', '-0.178', '-0.134']
Price Changes (%): ['-0.525', '0.363', '-0.829', '0.109']
Candle Analysis:
    Body Sizes (%): ['0.525', '0.363', '0.829', '0.110']
    Upper Shadows (%): ['0.000', '0.037', '0.004', '0.010']
    Lower Shadows (%): ['0.181', '0.245', '0.000', '0.008']
Volumes: [np.float64(499827155.0), np.float64(325039379.0), np.float64(520544248.0), np.float64(6259904.0)]
2025-05-15 18:50:08,124 - INFO - 
2. Post-Cross Movement (30min):
5min Price Changes (%): []
Maximum Change: 0.000% after 0 minutes
Candle Analysis:
    Body Sizes (%): []
    Upper Shadows (%): []
    Lower Shadows (%): []
Volumes: []
==================================================
2025-05-15 18:51:10,692 - INFO - 
==================================================
EMA Cross Analysis - BAKE/USDT
Time: 2025-05-15 18:45:00+09:00
Type: dead
Cross Character (Current): Weak
Cross Character (New): Weak
Price at Cross: 0.1385

1. Pre-Cross Pattern (15min):
EMA Distance Changes (%): ['0.143', '0.080', '0.001', '0.084']
EMA12 Changes (%): ['-0.080', '-0.101', '-0.140', '-0.163']
Price Changes (%): ['-0.499', '-0.215', '-0.359', '-0.288']
Candle Analysis:
    Body Sizes (%): ['0.499', '0.143', '0.287', '0.288']
    Upper Shadows (%): ['0.285', '0.072', '0.072', '0.000']
    Lower Shadows (%): ['0.071', '0.215', '0.144', '0.144']
Volumes: [np.float64(430010.0), np.float64(213290.0), np.float64(474285.0), np.float64(218930.0)]
2025-05-15 18:51:10,692 - INFO - 
2. Post-Cross Movement (30min):
5min Price Changes (%): ['0.144']
Maximum Change: 0.144% after 5 minutes
Candle Analysis:
    Body Sizes (%): ['0.072']
    Upper Shadows (%): ['0.072']
    Lower Shadows (%): ['0.000']
Volumes: [np.float64(30066.0)]
==================================================
2025-05-15 18:52:21,807 - INFO - 
==================================================
EMA Cross Analysis - MOODENG/USDT
Time: 2025-05-15 18:45:00+09:00
Type: dead
Cross Character (Current): Strong
Cross Character (New): Weak
Price at Cross: 0.22904

1. Pre-Cross Pattern (15min):
EMA Distance Changes (%): ['0.341', '0.184', '0.076', '0.047']
EMA12 Changes (%): ['-0.147', '-0.255', '-0.180', '-0.223']
Price Changes (%): ['-0.665', '-0.851', '0.235', '-0.461']
Candle Analysis:
    Body Sizes (%): ['0.682', '0.842', '0.222', '0.456']
    Upper Shadows (%): ['0.184', '0.013', '0.266', '0.126']
    Lower Shadows (%): ['0.450', '0.194', '0.183', '0.278']
Volumes: [np.float64(16847197.0), np.float64(14457959.0), np.float64(8159421.0), np.float64(10736787.0)]
2025-05-15 18:52:21,807 - INFO - 
2. Post-Cross Movement (30min):
5min Price Changes (%): ['2.244']
Maximum Change: 2.244% after 5 minutes
Candle Analysis:
    Body Sizes (%): ['2.253']
    Upper Shadows (%): ['0.358']
    Lower Shadows (%): ['0.074']
Volumes: [np.float64(16244742.0)]
==================================================
2025-05-15 19:00:32,153 - INFO - 
==================================================
EMA Cross Analysis - COW/USDT
Time: 2025-05-15 19:00:00+09:00
Type: golden
Cross Character (Current): Weak
Cross Character (New): Weak
Price at Cross: 0.3778

1. Pre-Cross Pattern (15min):
EMA Distance Changes (%): ['0.107', '0.060', '0.006', '0.038']
EMA12 Changes (%): ['-0.121', '0.073', '0.095', '0.084']
Price Changes (%): ['-0.188', '1.154', '0.212', '0.026']
Candle Analysis:
    Body Sizes (%): ['0.241', '1.181', '0.212', '0.000']
    Upper Shadows (%): ['0.027', '0.161', '0.106', '0.026']
    Lower Shadows (%): ['0.161', '0.000', '0.000', '0.000']
Volumes: [np.float64(73795.0), np.float64(90930.0), np.float64(70389.0), np.float64(7987.0)]
2025-05-15 19:00:32,153 - INFO - 
2. Post-Cross Movement (30min):
5min Price Changes (%): []
Maximum Change: 0.000% after 0 minutes
Candle Analysis:
    Body Sizes (%): []
    Upper Shadows (%): []
    Lower Shadows (%): []
Volumes: []
==================================================
2025-05-15 19:05:08,734 - INFO - 
==================================================
EMA Cross Analysis - COW/USDT
Time: 2025-05-15 19:00:00+09:00
Type: golden
Cross Character (Current): Weak
Cross Character (New): Weak
Price at Cross: 0.3768

1. Pre-Cross Pattern (15min):
EMA Distance Changes (%): ['0.107', '0.060', '0.006', '0.017']
EMA12 Changes (%): ['-0.121', '0.073', '0.095', '0.043']
Price Changes (%): ['-0.188', '1.154', '0.212', '-0.238']
Candle Analysis:
    Body Sizes (%): ['0.241', '1.181', '0.212', '0.265']
    Upper Shadows (%): ['0.027', '0.161', '0.106', '0.185']
    Lower Shadows (%): ['0.161', '0.000', '0.000', '0.026']
Volumes: [np.float64(73795.0), np.float64(90930.0), np.float64(70389.0), np.float64(86846.0)]
2025-05-15 19:05:08,735 - INFO - 
2. Post-Cross Movement (30min):
5min Price Changes (%): ['0.053']
Maximum Change: 0.053% after 5 minutes
Candle Analysis:
    Body Sizes (%): ['0.027']
    Upper Shadows (%): ['0.000']
    Lower Shadows (%): ['0.000']
Volumes: [np.float64(177.0)]
==================================================
2025-05-15 19:06:10,933 - INFO - 
==================================================
EMA Cross Analysis - BAN/USDT
Time: 2025-05-15 19:05:00+09:00
Type: dead
Cross Character (Current): Weak
Cross Character (New): Weak
Price at Cross: 0.06198

1. Pre-Cross Pattern (15min):
EMA Distance Changes (%): ['0.088', '0.070', '0.034', '0.002']
EMA12 Changes (%): ['0.002', '-0.023', '-0.059', '-0.065']
Price Changes (%): ['0.597', '-0.161', '-0.257', '-0.097']
Candle Analysis:
    Body Sizes (%): ['0.646', '0.177', '0.193', '0.113']
    Upper Shadows (%): ['0.081', '0.080', '0.113', '0.048']
    Lower Shadows (%): ['0.000', '0.112', '0.016', '0.016']
Volumes: [np.float64(202050.0), np.float64(81014.0), np.float64(95270.0), np.float64(22250.0)]
2025-05-15 19:06:10,933 - INFO - 
2. Post-Cross Movement (30min):
5min Price Changes (%): []
Maximum Change: 0.000% after 0 minutes
Candle Analysis:
    Body Sizes (%): []
    Upper Shadows (%): []
    Lower Shadows (%): []
Volumes: []
==================================================
2025-05-15 19:10:45,769 - INFO - 
==================================================
EMA Cross Analysis - BAN/USDT
Time: 2025-05-15 19:05:00+09:00
Type: dead
Cross Character (Current): Weak
Cross Character (New): Weak
Price at Cross: 0.06145

1. Pre-Cross Pattern (15min):
EMA Distance Changes (%): ['0.088', '0.070', '0.034', '0.071']
EMA12 Changes (%): ['0.002', '-0.023', '-0.059', '-0.196']
Price Changes (%): ['0.597', '-0.161', '-0.257', '-0.951']
Candle Analysis:
    Body Sizes (%): ['0.646', '0.177', '0.193', '0.967']
    Upper Shadows (%): ['0.081', '0.080', '0.113', '0.048']
    Lower Shadows (%): ['0.000', '0.112', '0.016', '0.161']
Volumes: [np.float64(202050.0), np.float64(81014.0), np.float64(95270.0), np.float64(182862.0)]
2025-05-15 19:10:45,770 - INFO - 
2. Post-Cross Movement (30min):
5min Price Changes (%): ['0.293']
Maximum Change: 0.293% after 5 minutes
Candle Analysis:
    Body Sizes (%): ['0.309']
    Upper Shadows (%): ['0.000']
    Lower Shadows (%): ['0.000']
Volumes: [np.float64(30734.0)]
==================================================
2025-05-15 19:10:50,363 - INFO - 
==================================================
EMA Cross Analysis - GRASS/USDT
Time: 2025-05-15 19:10:00+09:00
Type: dead
Cross Character (Current): Weak
Cross Character (New): Weak
Price at Cross: 1.8672

1. Pre-Cross Pattern (15min):
EMA Distance Changes (%): ['0.078', '0.078', '0.015', '0.020']
EMA12 Changes (%): ['0.039', '0.011', '-0.110', '-0.065']
Price Changes (%): ['0.021', '-0.138', '-0.777', '0.182']
Candle Analysis:
    Body Sizes (%): ['0.005', '0.133', '0.772', '0.193']
    Upper Shadows (%): ['0.069', '0.218', '0.016', '0.043']
    Lower Shadows (%): ['0.181', '0.261', '0.117', '0.118']
Volumes: [np.float64(73954.0), np.float64(112827.0), np.float64(76891.7), np.float64(28919.0)]
2025-05-15 19:10:50,363 - INFO - 
2. Post-Cross Movement (30min):
5min Price Changes (%): []
Maximum Change: 0.000% after 0 minutes
Candle Analysis:
    Body Sizes (%): []
    Upper Shadows (%): []
    Lower Shadows (%): []
Volumes: []
==================================================
2025-05-15 19:15:27,024 - INFO - 
==================================================
EMA Cross Analysis - GRASS/USDT
Time: 2025-05-15 19:10:00+09:00
Type: dead
Cross Character (Current): Weak
Cross Character (New): Weak
Price at Cross: 1.8658

1. Pre-Cross Pattern (15min):
EMA Distance Changes (%): ['0.078', '0.078', '0.015', '0.026']
EMA12 Changes (%): ['0.039', '0.011', '-0.110', '-0.077']
Price Changes (%): ['0.021', '-0.138', '-0.777', '0.107']
Candle Analysis:
    Body Sizes (%): ['0.005', '0.133', '0.772', '0.118']
    Upper Shadows (%): ['0.069', '0.218', '0.016', '0.360']
    Lower Shadows (%): ['0.181', '0.261', '0.117', '0.118']
Volumes: [np.float64(73954.0), np.float64(112827.0), np.float64(76891.7), np.float64(117085.5)]
2025-05-15 19:15:27,024 - INFO - 
2. Post-Cross Movement (30min):
5min Price Changes (%): ['0.177']
Maximum Change: 0.177% after 5 minutes
Candle Analysis:
    Body Sizes (%): ['0.193']
    Upper Shadows (%): ['0.016']
    Lower Shadows (%): ['0.054']
Volumes: [np.float64(13027.0)]
==================================================
2025-05-15 19:35:01,584 - INFO - 
==================================================
EMA Cross Analysis - BNB/USDT
Time: 2025-05-15 19:35:00+09:00
Type: dead
Cross Character (Current): Weak
Cross Character (New): Weak
Price at Cross: 649.11

1. Pre-Cross Pattern (15min):
EMA Distance Changes (%): ['0.016', '0.014', '0.002', '0.007']
EMA12 Changes (%): ['-0.006', '-0.001', '-0.021', '-0.018']
Price Changes (%): ['0.003', '0.028', '-0.134', '0.002']
Candle Analysis:
    Body Sizes (%): ['0.002', '0.029', '0.134', '0.002']
    Upper Shadows (%): ['0.095', '0.026', '0.012', '0.000']
    Lower Shadows (%): ['0.006', '0.034', '0.009', '0.000']
Volumes: [np.float64(1847.87), np.float64(604.94), np.float64(1310.08), np.float64(17.92)]
2025-05-15 19:35:01,584 - INFO - 
2. Post-Cross Movement (30min):
5min Price Changes (%): []
Maximum Change: 0.000% after 0 minutes
Candle Analysis:
    Body Sizes (%): []
    Upper Shadows (%): []
    Lower Shadows (%): []
Volumes: []
==================================================
2025-05-15 19:35:04,709 - INFO - 
==================================================
EMA Cross Analysis - GOAT/USDT
Time: 2025-05-15 19:35:00+09:00
Type: dead
Cross Character (Current): Weak
Cross Character (New): Weak
Price at Cross: 0.18312

1. Pre-Cross Pattern (15min):
EMA Distance Changes (%): ['0.144', '0.131', '0.025', '0.039']
EMA12 Changes (%): ['0.013', '-0.005', '-0.187', '-0.119']
Price Changes (%): ['0.070', '-0.103', '-1.190', '0.257']
Candle Analysis:
    Body Sizes (%): ['0.097', '0.097', '1.179', '0.235']
    Upper Shadows (%): ['0.411', '0.276', '0.238', '0.000']
    Lower Shadows (%): ['0.238', '0.189', '0.097', '0.000']
Volumes: [np.float64(1082259.0), np.float64(927162.0), np.float64(2143543.0), np.float64(48609.0)]
2025-05-15 19:35:04,709 - INFO - 
2. Post-Cross Movement (30min):
5min Price Changes (%): []
Maximum Change: 0.000% after 0 minutes
Candle Analysis:
    Body Sizes (%): []
    Upper Shadows (%): []
    Lower Shadows (%): []
Volumes: []
==================================================
2025-05-15 19:35:05,141 - INFO - 
==================================================
EMA Cross Analysis - COW/USDT
Time: 2025-05-15 19:30:00+09:00
Type: dead
Cross Character (Current): Weak
Cross Character (New): Weak
Price at Cross: 0.3723

1. Pre-Cross Pattern (15min):
EMA Distance Changes (%): ['0.009', '0.024', '0.012', '0.066']
EMA12 Changes (%): ['0.012', '0.030', '-0.019', '-0.147']
Price Changes (%): ['0.053', '0.133', '-0.292', '-0.852']
Candle Analysis:
    Body Sizes (%): ['0.027', '0.106', '0.213', '0.852']
    Upper Shadows (%): ['0.186', '0.159', '0.000', '0.027']
    Lower Shadows (%): ['0.293', '0.027', '0.106', '0.000']
Volumes: [np.float64(56844.0), np.float64(22889.0), np.float64(48681.0), np.float64(61078.0)]
2025-05-15 19:35:05,142 - INFO - 
2. Post-Cross Movement (30min):
5min Price Changes (%): ['0.000']
Maximum Change: 0.000% after 0 minutes
Candle Analysis:
    Body Sizes (%): ['0.000']
    Upper Shadows (%): ['0.000']
    Lower Shadows (%): ['0.000']
Volumes: [np.float64(982.0)]
==================================================
2025-05-15 19:35:06,231 - INFO - 
==================================================
EMA Cross Analysis - 1000PEPE/USDT
Time: 2025-05-15 19:30:00+09:00
Type: dead
Cross Character (Current): Weak
Cross Character (New): Weak
Price at Cross: 0.0133658

1. Pre-Cross Pattern (15min):
EMA Distance Changes (%): ['0.015', '0.039', '0.068', '0.007']
EMA12 Changes (%): ['-0.010', '0.048', '0.062', '-0.135']
Price Changes (%): ['0.141', '0.369', '0.136', '-1.217']
Candle Analysis:
    Body Sizes (%): ['0.142', '0.378', '0.136', '1.226']
    Upper Shadows (%): ['0.218', '0.091', '0.149', '0.069']
    Lower Shadows (%): ['0.426', '0.012', '0.276', '0.039']
Volumes: [np.float64(227843905.0), np.float64(166596460.0), np.float64(299534912.0), np.float64(295952706.0)]
2025-05-15 19:35:06,231 - INFO - 
2. Post-Cross Movement (30min):
5min Price Changes (%): ['0.055']
Maximum Change: 0.055% after 5 minutes
Candle Analysis:
    Body Sizes (%): ['0.054']
    Upper Shadows (%): ['0.004']
    Lower Shadows (%): ['0.000']
Volumes: [np.float64(2988719.0)]
==================================================
2025-05-15 19:40:45,870 - INFO - 
==================================================
EMA Cross Analysis - MOODENG/USDT
Time: 2025-05-15 19:40:00+09:00
Type: dead
Cross Character (Current): Strong
Cross Character (New): Weak
Price at Cross: 0.23168

1. Pre-Cross Pattern (15min):
EMA Distance Changes (%): ['0.233', '0.095', '0.031', '0.009']
EMA12 Changes (%): ['-0.056', '-0.234', '-0.108', '-0.073']
Price Changes (%): ['-0.496', '-1.215', '0.596', '0.121']
Candle Analysis:
    Body Sizes (%): ['0.530', '1.215', '0.591', '0.121']
    Upper Shadows (%): ['0.286', '0.034', '0.322', '0.182']
    Lower Shadows (%): ['0.214', '0.099', '0.000', '0.017']
Volumes: [np.float64(8671973.0), np.float64(11287521.0), np.float64(7013979.0), np.float64(773382.0)]
2025-05-15 19:40:45,870 - INFO - 
2. Post-Cross Movement (30min):
5min Price Changes (%): []
Maximum Change: 0.000% after 0 minutes
Candle Analysis:
    Body Sizes (%): []
    Upper Shadows (%): []
    Lower Shadows (%): []
Volumes: []
==================================================
2025-05-15 19:40:49,065 - INFO - 
==================================================
EMA Cross Analysis - BNB/USDT
Time: 2025-05-15 19:35:00+09:00
Type: dead
Cross Character (Current): Weak
Cross Character (New): Weak
Price at Cross: 649.46

1. Pre-Cross Pattern (15min):
EMA Distance Changes (%): ['0.016', '0.014', '0.002', '0.003']
EMA12 Changes (%): ['-0.006', '-0.001', '-0.021', '-0.009']
Price Changes (%): ['0.003', '0.028', '-0.134', '0.055']
Candle Analysis:
    Body Sizes (%): ['0.002', '0.029', '0.134', '0.055']
    Upper Shadows (%): ['0.095', '0.026', '0.012', '0.043']
    Lower Shadows (%): ['0.006', '0.034', '0.009', '0.043']
Volumes: [np.float64(1847.87), np.float64(604.94), np.float64(1310.08), np.float64(1409.06)]
2025-05-15 19:40:49,066 - INFO - 
2. Post-Cross Movement (30min):
5min Price Changes (%): ['-0.029']
Maximum Change: -0.029% after 5 minutes
Candle Analysis:
    Body Sizes (%): ['0.031']
    Upper Shadows (%): ['0.014']
    Lower Shadows (%): ['0.023']
Volumes: [np.float64(176.42)]
==================================================
2025-05-15 19:40:52,312 - INFO - 
==================================================
EMA Cross Analysis - GOAT/USDT
Time: 2025-05-15 19:35:00+09:00
Type: dead
Cross Character (Current): Weak
Cross Character (New): Weak
Price at Cross: 0.18302

1. Pre-Cross Pattern (15min):
EMA Distance Changes (%): ['0.144', '0.131', '0.025', '0.044']
EMA12 Changes (%): ['0.013', '-0.005', '-0.187', '-0.128']
Price Changes (%): ['0.070', '-0.103', '-1.190', '0.203']
Candle Analysis:
    Body Sizes (%): ['0.097', '0.097', '1.179', '0.181']
    Upper Shadows (%): ['0.411', '0.276', '0.238', '0.389']
    Lower Shadows (%): ['0.238', '0.189', '0.097', '0.115']
Volumes: [np.float64(1082259.0), np.float64(927162.0), np.float64(2143543.0), np.float64(1569609.0)]
2025-05-15 19:40:52,313 - INFO - 
2. Post-Cross Movement (30min):
5min Price Changes (%): ['0.344']
Maximum Change: 0.344% after 5 minutes
Candle Analysis:
    Body Sizes (%): ['0.366']
    Upper Shadows (%): ['0.005']
    Lower Shadows (%): ['0.055']
Volumes: [np.float64(380720.0)]
==================================================
2025-05-15 20:00:23,596 - INFO - 
==================================================
EMA Cross Analysis - FXS/USDT
Time: 2025-05-15 20:00:00+09:00
Type: golden
Cross Character (Current): Weak
Cross Character (New): Weak
Price at Cross: 2.965

1. Pre-Cross Pattern (15min):
EMA Distance Changes (%): ['0.071', '0.056', '0.007', '0.019']
EMA12 Changes (%): ['-0.024', '0.018', '0.086', '0.050']
Price Changes (%): ['-0.247', '0.254', '0.460', '-0.148']
Candle Analysis:
    Body Sizes (%): ['0.244', '0.200', '0.447', '0.162']
    Upper Shadows (%): ['0.223', '0.166', '0.000', '0.030']
    Lower Shadows (%): ['0.105', '0.047', '0.216', '0.138']
Volumes: [np.float64(15025.1), np.float64(7785.4), np.float64(4381.2), np.float64(2415.6)]
2025-05-15 20:00:23,596 - INFO - 
2. Post-Cross Movement (30min):
5min Price Changes (%): []
Maximum Change: 0.000% after 0 minutes
Candle Analysis:
    Body Sizes (%): []
    Upper Shadows (%): []
    Lower Shadows (%): []
Volumes: []
==================================================
2025-05-15 20:00:27,077 - INFO - 
==================================================
EMA Cross Analysis - BNB/USDT
Time: 2025-05-15 19:55:00+09:00
Type: golden
Cross Character (Current): Weak
Cross Character (New): Weak
Price at Cross: 650.82

1. Pre-Cross Pattern (15min):
EMA Distance Changes (%): ['0.010', '0.007', '0.002', '0.011']
EMA12 Changes (%): ['-0.014', '0.004', '0.009', '0.024']
Price Changes (%): ['-0.040', '0.102', '0.040', '0.108']
Candle Analysis:
    Body Sizes (%): ['0.042', '0.103', '0.040', '0.108']
    Upper Shadows (%): ['0.014', '0.000', '0.051', '0.002']
    Lower Shadows (%): ['0.122', '0.159', '0.031', '0.188']
Volumes: [np.float64(1176.53), np.float64(1461.86), np.float64(2565.09), np.float64(1642.8)]
2025-05-15 20:00:27,077 - INFO - 
2. Post-Cross Movement (30min):
5min Price Changes (%): ['-0.003']
Maximum Change: -0.003% after 5 minutes
Candle Analysis:
    Body Sizes (%): ['0.002']
    Upper Shadows (%): ['0.008']
    Lower Shadows (%): ['0.029']
Volumes: [np.float64(107.8)]
==================================================
2025-05-15 20:05:05,927 - INFO - 
==================================================
EMA Cross Analysis - GOAT/USDT
Time: 2025-05-15 20:00:00+09:00
Type: golden
Cross Character (Current): Weak
Cross Character (New): Weak
Price at Cross: 0.18656

1. Pre-Cross Pattern (15min):
EMA Distance Changes (%): ['0.124', '0.124', '0.089', '0.026']
EMA12 Changes (%): ['-0.076', '-0.018', '0.049', '0.210']
Price Changes (%): ['0.044', '0.300', '0.419', '1.089']
Candle Analysis:
    Body Sizes (%): ['0.038', '0.311', '0.419', '1.089']
    Upper Shadows (%): ['0.470', '0.426', '0.299', '0.103']
    Lower Shadows (%): ['0.699', '0.213', '0.479', '0.596']
Volumes: [np.float64(1771227.0), np.float64(885876.0), np.float64(1043142.0), np.float64(2804505.0)]
2025-05-15 20:05:05,927 - INFO - 
2. Post-Cross Movement (30min):
5min Price Changes (%): ['-0.118']
Maximum Change: -0.118% after 5 minutes
Candle Analysis:
    Body Sizes (%): ['0.150']
    Upper Shadows (%): ['0.005']
    Lower Shadows (%): ['0.000']
Volumes: [np.float64(19034.0)]
==================================================
2025-05-15 20:06:10,244 - INFO - 
==================================================
EMA Cross Analysis - FXS/USDT
Time: 2025-05-15 20:00:00+09:00
Type: golden
Cross Character (Current): Weak
Cross Character (New): Weak
Price at Cross: 2.9708

1. Pre-Cross Pattern (15min):
EMA Distance Changes (%): ['0.071', '0.056', '0.007', '0.035']
EMA12 Changes (%): ['-0.024', '0.018', '0.086', '0.080']
Price Changes (%): ['-0.247', '0.254', '0.460', '0.047']
Candle Analysis:
    Body Sizes (%): ['0.244', '0.200', '0.447', '0.034']
    Upper Shadows (%): ['0.223', '0.166', '0.000', '0.003']
    Lower Shadows (%): ['0.105', '0.047', '0.216', '0.545']
Volumes: [np.float64(15025.1), np.float64(7785.4), np.float64(4381.2), np.float64(14296.9)]
2025-05-15 20:06:10,244 - INFO - 
2. Post-Cross Movement (30min):
5min Price Changes (%): ['0.040']
Maximum Change: 0.040% after 5 minutes
Candle Analysis:
    Body Sizes (%): ['0.024']
    Upper Shadows (%): ['0.360']
    Lower Shadows (%): ['0.000']
Volumes: [np.float64(2824.0)]
==================================================
2025-05-15 20:10:43,884 - INFO - 
==================================================
EMA Cross Analysis - BAN/USDT
Time: 2025-05-15 20:10:00+09:00
Type: golden
Cross Character (Current): Weak
Cross Character (New): Weak
Price at Cross: 0.06239

1. Pre-Cross Pattern (15min):
EMA Distance Changes (%): ['0.103', '0.074', '0.014', '0.030']
EMA12 Changes (%): ['0.043', '0.041', '0.104', '0.083']
Price Changes (%): ['0.048', '0.032', '0.451', '-0.032']
Candle Analysis:
    Body Sizes (%): ['0.048', '0.016', '0.418', '0.032']
    Upper Shadows (%): ['0.016', '0.080', '0.000', '0.128']
    Lower Shadows (%): ['0.290', '0.177', '0.000', '0.000']
Volumes: [np.float64(65103.0), np.float64(77596.0), np.float64(83838.0), np.float64(24604.0)]
2025-05-15 20:10:43,884 - INFO - 
2. Post-Cross Movement (30min):
5min Price Changes (%): []
Maximum Change: 0.000% after 0 minutes
Candle Analysis:
    Body Sizes (%): []
    Upper Shadows (%): []
    Lower Shadows (%): []
Volumes: []
==================================================
2025-05-15 20:10:48,902 - INFO - 
==================================================
EMA Cross Analysis - ZRO/USDT
Time: 2025-05-15 20:05:00+09:00
Type: golden
Cross Character (Current): Weak
Cross Character (New): Weak
Price at Cross: 2.9149

1. Pre-Cross Pattern (15min):
EMA Distance Changes (%): ['0.156', '0.103', '0.061', '0.016']
EMA12 Changes (%): ['0.030', '0.079', '0.068', '0.139']
Price Changes (%): ['0.518', '0.350', '0.003', '0.531']
Candle Analysis:
    Body Sizes (%): ['0.504', '0.370', '0.003', '0.524']
    Upper Shadows (%): ['0.031', '0.100', '0.069', '0.000']
    Lower Shadows (%): ['0.063', '0.249', '0.414', '0.055']
Volumes: [np.float64(59030.6), np.float64(97926.8), np.float64(50088.6), np.float64(64323.9)]
2025-05-15 20:10:48,903 - INFO - 
2. Post-Cross Movement (30min):
5min Price Changes (%): ['-0.292']
Maximum Change: -0.292% after 5 minutes
Candle Analysis:
    Body Sizes (%): ['0.298']
    Upper Shadows (%): ['0.058']
    Lower Shadows (%): ['0.010']
Volumes: [np.float64(20571.2)]
==================================================
2025-05-15 20:10:49,558 - INFO - 
==================================================
EMA Cross Analysis - ARPA/USDT
Time: 2025-05-15 20:05:00+09:00
Type: golden
Cross Character (Current): Weak
Cross Character (New): Weak
Price at Cross: 0.02596

1. Pre-Cross Pattern (15min):
EMA Distance Changes (%): ['0.144', '0.097', '0.053', '0.010']
EMA12 Changes (%): ['0.033', '0.070', '0.071', '0.114']
Price Changes (%): ['0.389', '0.272', '0.077', '0.348']
Candle Analysis:
    Body Sizes (%): ['0.350', '0.233', '0.077', '0.348']
    Upper Shadows (%): ['0.156', '0.078', '0.077', '0.077']
    Lower Shadows (%): ['0.039', '0.271', '0.503', '0.077']
Volumes: [np.float64(337371.0), np.float64(193512.0), np.float64(1062704.0), np.float64(550250.0)]
2025-05-15 20:10:49,558 - INFO - 
2. Post-Cross Movement (30min):
5min Price Changes (%): ['-0.077']
Maximum Change: -0.077% after 5 minutes
Candle Analysis:
    Body Sizes (%): ['0.116']
    Upper Shadows (%): ['0.039']
    Lower Shadows (%): ['0.116']
Volumes: [np.float64(78260.0)]
==================================================
2025-05-15 20:10:52,777 - INFO - 
==================================================
EMA Cross Analysis - COW/USDT
Time: 2025-05-15 20:10:00+09:00
Type: golden
Cross Character (Current): Weak
Cross Character (New): Weak
Price at Cross: 0.3765

1. Pre-Cross Pattern (15min):
EMA Distance Changes (%): ['0.111', '0.063', '0.003', '0.021']
EMA12 Changes (%): ['0.039', '0.078', '0.107', '0.045']
Price Changes (%): ['0.401', '0.293', '0.266', '-0.291']
Candle Analysis:
    Body Sizes (%): ['0.321', '0.293', '0.266', '0.291']
    Upper Shadows (%): ['0.000', '0.053', '0.133', '0.053']
    Lower Shadows (%): ['0.321', '0.160', '0.080', '0.026']
Volumes: [np.float64(30557.0), np.float64(49981.0), np.float64(66202.0), np.float64(21324.0)]
2025-05-15 20:10:52,777 - INFO - 
2. Post-Cross Movement (30min):
5min Price Changes (%): []
Maximum Change: 0.000% after 0 minutes
Candle Analysis:
    Body Sizes (%): []
    Upper Shadows (%): []
    Lower Shadows (%): []
Volumes: []
==================================================
2025-05-15 20:15:20,692 - INFO - 
==================================================
EMA Cross Analysis - BAN/USDT
Time: 2025-05-15 20:10:00+09:00
Type: golden
Cross Character (Current): Weak
Cross Character (New): Weak
Price at Cross: 0.06227

1. Pre-Cross Pattern (15min):
EMA Distance Changes (%): ['0.103', '0.074', '0.014', '0.014']
EMA12 Changes (%): ['0.043', '0.041', '0.104', '0.054']
Price Changes (%): ['0.048', '0.032', '0.451', '-0.224']
Candle Analysis:
    Body Sizes (%): ['0.048', '0.016', '0.418', '0.224']
    Upper Shadows (%): ['0.016', '0.080', '0.000', '0.128']
    Lower Shadows (%): ['0.290', '0.177', '0.000', '0.016']
Volumes: [np.float64(65103.0), np.float64(77596.0), np.float64(83838.0), np.float64(132641.0)]
2025-05-15 20:15:20,692 - INFO - 
2. Post-Cross Movement (30min):
5min Price Changes (%): ['-0.032']
Maximum Change: -0.032% after 5 minutes
Candle Analysis:
    Body Sizes (%): ['0.016']
    Upper Shadows (%): ['0.000']
    Lower Shadows (%): ['0.112']
Volumes: [np.float64(21782.0)]
==================================================
2025-05-15 20:15:29,673 - INFO - 
==================================================
EMA Cross Analysis - COW/USDT
Time: 2025-05-15 20:10:00+09:00
Type: golden
Cross Character (Current): Weak
Cross Character (New): Weak
Price at Cross: 0.376

1. Pre-Cross Pattern (15min):
EMA Distance Changes (%): ['0.111', '0.063', '0.003', '0.010']
EMA12 Changes (%): ['0.039', '0.078', '0.107', '0.025']
Price Changes (%): ['0.401', '0.293', '0.266', '-0.424']
Candle Analysis:
    Body Sizes (%): ['0.321', '0.293', '0.266', '0.424']
    Upper Shadows (%): ['0.000', '0.053', '0.133', '0.053']
    Lower Shadows (%): ['0.321', '0.160', '0.080', '0.053']
Volumes: [np.float64(30557.0), np.float64(49981.0), np.float64(66202.0), np.float64(49756.0)]
2025-05-15 20:15:29,673 - INFO - 
2. Post-Cross Movement (30min):
5min Price Changes (%): ['0.080']
Maximum Change: 0.080% after 5 minutes
Candle Analysis:
    Body Sizes (%): ['0.080']
    Upper Shadows (%): ['0.080']
    Lower Shadows (%): ['0.027']
Volumes: [np.float64(54730.0)]
==================================================
2025-05-15 20:20:05,828 - INFO - 
==================================================
EMA Cross Analysis - 1000PEPE/USDT
Time: 2025-05-15 20:15:00+09:00
Type: golden
Cross Character (Current): Weak
Cross Character (New): Weak
Price at Cross: 0.0136067

1. Pre-Cross Pattern (15min):
EMA Distance Changes (%): ['0.146', '0.067', '0.028', '0.070']
EMA12 Changes (%): ['0.063', '0.131', '0.066', '0.188']
Price Changes (%): ['0.544', '0.504', '-0.290', '0.858']
Candle Analysis:
    Body Sizes (%): ['0.551', '0.502', '0.293', '0.855']
    Upper Shadows (%): ['0.052', '0.005', '0.092', '0.165']
    Lower Shadows (%): ['0.125', '0.128', '0.251', '0.173']
Volumes: [np.float64(307823452.0), np.float64(369888028.0), np.float64(260513831.0), np.float64(809982594.0)]
2025-05-15 20:20:05,829 - INFO - 
2. Post-Cross Movement (30min):
5min Price Changes (%): ['-0.036']
Maximum Change: -0.036% after 5 minutes
Candle Analysis:
    Body Sizes (%): ['0.029']
    Upper Shadows (%): ['0.003']
    Lower Shadows (%): ['0.024']
Volumes: [np.float64(7884941.0)]
==================================================
2025-05-15 20:21:10,802 - INFO - 
==================================================
EMA Cross Analysis - XLM/USDT
Time: 2025-05-15 20:20:00+09:00
Type: golden
Cross Character (Current): Weak
Cross Character (New): Weak
Price at Cross: 0.29696

1. Pre-Cross Pattern (15min):
EMA Distance Changes (%): ['0.093', '0.065', '0.014', '0.011']
EMA12 Changes (%): ['0.108', '0.041', '0.089', '0.046']
Price Changes (%): ['0.027', '-0.326', '0.351', '-0.188']
Candle Analysis:
    Body Sizes (%): ['0.034', '0.329', '0.351', '0.185']
    Upper Shadows (%): ['0.114', '0.104', '0.105', '0.000']
    Lower Shadows (%): ['0.151', '0.047', '0.098', '0.003']
Volumes: [np.float64(1157846.0), np.float64(650425.0), np.float64(1171707.0), np.float64(145302.0)]
2025-05-15 20:21:10,802 - INFO - 
2. Post-Cross Movement (30min):
5min Price Changes (%): []
Maximum Change: 0.000% after 0 minutes
Candle Analysis:
    Body Sizes (%): []
    Upper Shadows (%): []
    Lower Shadows (%): []
Volumes: []
==================================================
2025-05-15 20:25:42,997 - INFO - 
==================================================
EMA Cross Analysis - BOME/USDT
Time: 2025-05-15 20:25:00+09:00
Type: dead
Cross Character (Current): Weak
Cross Character (New): Weak
Price at Cross: 0.002741

1. Pre-Cross Pattern (15min):
EMA Distance Changes (%): ['0.087', '0.058', '0.000', '0.045']
EMA12 Changes (%): ['-0.090', '-0.043', '-0.103', '-0.087']
Price Changes (%): ['-0.830', '0.218', '-0.436', '0.000']
Candle Analysis:
    Body Sizes (%): ['0.830', '0.218', '0.436', '0.000']
    Upper Shadows (%): ['0.108', '0.255', '0.291', '0.073']
    Lower Shadows (%): ['0.072', '0.218', '0.109', '0.073']
Volumes: [np.float64(116273551.0), np.float64(90877116.0), np.float64(102888309.0), np.float64(13219522.0)]
2025-05-15 20:25:42,997 - INFO - 
2. Post-Cross Movement (30min):
5min Price Changes (%): []
Maximum Change: 0.000% after 0 minutes
Candle Analysis:
    Body Sizes (%): []
    Upper Shadows (%): []
    Lower Shadows (%): []
Volumes: []
==================================================
2025-05-15 20:25:44,521 - INFO - 
==================================================
EMA Cross Analysis - FXS/USDT
Time: 2025-05-15 20:25:00+09:00
Type: dead
Cross Character (Current): Weak
Cross Character (New): Weak
Price at Cross: 2.922

1. Pre-Cross Pattern (15min):
EMA Distance Changes (%): ['0.200', '0.161', '0.084', '0.033']
EMA12 Changes (%): ['0.156', '-0.051', '-0.126', '-0.212']
Price Changes (%): ['-0.030', '-1.179', '-0.537', '-0.690']
Candle Analysis:
    Body Sizes (%): ['0.050', '1.179', '0.544', '0.670']
    Upper Shadows (%): ['0.287', '0.565', '0.000', '0.041']
    Lower Shadows (%): ['0.174', '1.660', '0.233', '0.041']
Volumes: [np.float64(18879.5), np.float64(258346.5), np.float64(40934.5), np.float64(6332.7)]
2025-05-15 20:25:44,521 - INFO - 
2. Post-Cross Movement (30min):
5min Price Changes (%): []
Maximum Change: 0.000% after 0 minutes
Candle Analysis:
    Body Sizes (%): []
    Upper Shadows (%): []
    Lower Shadows (%): []
Volumes: []
==================================================
2025-05-15 20:25:46,480 - INFO - 
==================================================
EMA Cross Analysis - DOGE/USDT
Time: 2025-05-15 20:25:00+09:00
Type: golden
Cross Character (Current): Weak
Cross Character (New): Weak
Price at Cross: 0.22591

1. Pre-Cross Pattern (15min):
EMA Distance Changes (%): ['0.185', '0.108', '0.044', '0.001']
EMA12 Changes (%): ['0.058', '0.122', '0.109', '0.081']
Price Changes (%): ['-0.164', '0.471', '0.040', '-0.071']
Candle Analysis:
    Body Sizes (%): ['0.169', '0.476', '0.040', '0.071']
    Upper Shadows (%): ['0.111', '0.040', '0.173', '0.044']
    Lower Shadows (%): ['0.111', '0.089', '0.190', '0.013']
Volumes: [np.float64(14956895.0), np.float64(18252594.0), np.float64(26282965.0), np.float64(2238761.0)]
2025-05-15 20:25:46,480 - INFO - 
2. Post-Cross Movement (30min):
5min Price Changes (%): []
Maximum Change: 0.000% after 0 minutes
Candle Analysis:
    Body Sizes (%): []
    Upper Shadows (%): []
    Lower Shadows (%): []
Volumes: []
==================================================
2025-05-15 20:25:46,700 - INFO - 
==================================================
EMA Cross Analysis - XLM/USDT
Time: 2025-05-15 20:20:00+09:00
Type: golden
Cross Character (Current): Weak
Cross Character (New): Weak
Price at Cross: 0.29711

1. Pre-Cross Pattern (15min):
EMA Distance Changes (%): ['0.093', '0.065', '0.014', '0.015']
EMA12 Changes (%): ['0.108', '0.041', '0.089', '0.054']
Price Changes (%): ['0.027', '-0.326', '0.351', '-0.138']
Candle Analysis:
    Body Sizes (%): ['0.034', '0.329', '0.351', '0.134']
    Upper Shadows (%): ['0.114', '0.104', '0.105', '0.000']
    Lower Shadows (%): ['0.151', '0.047', '0.098', '0.054']
Volumes: [np.float64(1157846.0), np.float64(650425.0), np.float64(1171707.0), np.float64(738649.0)]
2025-05-15 20:25:46,701 - INFO - 
2. Post-Cross Movement (30min):
5min Price Changes (%): ['-0.057']
Maximum Change: -0.057% after 5 minutes
Candle Analysis:
    Body Sizes (%): ['0.064']
    Upper Shadows (%): ['0.034']
    Lower Shadows (%): ['0.000']
Volumes: [np.float64(90266.0)]
==================================================
2025-05-15 20:25:48,660 - INFO - 
==================================================
EMA Cross Analysis - EOS/USDT
Time: 2025-05-15 20:25:00+09:00
Type: golden
Cross Character (Current): Weak
Cross Character (New): Weak
Price at Cross: 0.769

1. Pre-Cross Pattern (15min):
EMA Distance Changes (%): ['0.093', '0.053', '0.011', '0.002']
EMA12 Changes (%): ['0.052', '0.064', '0.074', '0.022']
Price Changes (%): ['0.130', '0.130', '0.130', '-0.259']
Candle Analysis:
    Body Sizes (%): ['0.000', '0.130', '0.000', '0.259']
    Upper Shadows (%): ['0.130', '0.260', '0.130', '0.000']
    Lower Shadows (%): ['0.260', '0.260', '0.259', '0.000']
Volumes: [np.float64(367675.2), np.float64(514476.7), np.float64(347088.9), np.float64(95970.3)]
2025-05-15 20:25:48,660 - INFO - 
2. Post-Cross Movement (30min):
5min Price Changes (%): []
Maximum Change: 0.000% after 0 minutes
Candle Analysis:
    Body Sizes (%): []
    Upper Shadows (%): []
    Lower Shadows (%): []
Volumes: []
==================================================
2025-05-15 20:25:49,971 - INFO - 
==================================================
EMA Cross Analysis - AIXBT/USDT
Time: 2025-05-15 20:20:00+09:00
Type: golden
Cross Character (Current): Weak
Cross Character (New): Weak
Price at Cross: 0.19208

1. Pre-Cross Pattern (15min):
EMA Distance Changes (%): ['0.156', '0.126', '0.059', '0.007']
EMA12 Changes (%): ['0.154', '0.038', '0.111', '0.118']
Price Changes (%): ['0.198', '-0.594', '0.508', '0.162']
Candle Analysis:
    Body Sizes (%): ['0.204', '0.620', '0.493', '0.183']
    Upper Shadows (%): ['0.177', '0.094', '0.084', '0.083']
    Lower Shadows (%): ['0.177', '0.104', '0.162', '0.209']
Volumes: [np.float64(1571996.0), np.float64(988398.0), np.float64(558798.0), np.float64(924674.0)]
2025-05-15 20:25:49,972 - INFO - 
2. Post-Cross Movement (30min):
5min Price Changes (%): ['-0.104']
Maximum Change: -0.104% after 5 minutes
Candle Analysis:
    Body Sizes (%): ['0.094']
    Upper Shadows (%): ['0.062']
    Lower Shadows (%): ['0.052']
Volumes: [np.float64(126029.0)]
==================================================
2025-05-15 20:25:52,537 - INFO - 
==================================================
EMA Cross Analysis - BRETT/USDT
Time: 2025-05-15 20:25:00+09:00
Type: golden
Cross Character (Current): Weak
Cross Character (New): Weak
Price at Cross: 0.07032

1. Pre-Cross Pattern (15min):
EMA Distance Changes (%): ['0.266', '0.145', '0.034', '0.033']
EMA12 Changes (%): ['0.073', '0.195', '0.196', '0.125']
Price Changes (%): ['-0.584', '0.860', '0.199', '-0.255']
Candle Analysis:
    Body Sizes (%): ['0.598', '0.875', '0.213', '0.213']
    Upper Shadows (%): ['0.057', '0.129', '0.085', '0.000']
    Lower Shadows (%): ['0.128', '0.172', '0.185', '0.014']
Volumes: [np.float64(412671.0), np.float64(1098421.0), np.float64(980003.0), np.float64(101763.0)]
2025-05-15 20:25:52,538 - INFO - 
2. Post-Cross Movement (30min):
5min Price Changes (%): []
Maximum Change: 0.000% after 0 minutes
Candle Analysis:
    Body Sizes (%): []
    Upper Shadows (%): []
    Lower Shadows (%): []
Volumes: []
==================================================
2025-05-15 20:30:19,770 - INFO - 
==================================================
EMA Cross Analysis - BOME/USDT
Time: 2025-05-15 20:25:00+09:00
Type: dead
Cross Character (Current): Weak
Cross Character (New): Weak
Price at Cross: 0.002743

1. Pre-Cross Pattern (15min):
EMA Distance Changes (%): ['0.087', '0.058', '0.000', '0.040']
EMA12 Changes (%): ['-0.090', '-0.043', '-0.103', '-0.076']
Price Changes (%): ['-0.830', '0.218', '-0.436', '0.073']
Candle Analysis:
    Body Sizes (%): ['0.830', '0.218', '0.436', '0.073']
    Upper Shadows (%): ['0.108', '0.255', '0.291', '0.219']
    Lower Shadows (%): ['0.072', '0.218', '0.109', '0.146']
Volumes: [np.float64(116273551.0), np.float64(90877116.0), np.float64(102888309.0), np.float64(71930774.0)]
2025-05-15 20:30:19,770 - INFO - 
2. Post-Cross Movement (30min):
5min Price Changes (%): ['0.182']
Maximum Change: 0.182% after 5 minutes
Candle Analysis:
    Body Sizes (%): ['0.182']
    Upper Shadows (%): ['0.000']
    Lower Shadows (%): ['0.073']
Volumes: [np.float64(17988086.0)]
==================================================
2025-05-15 20:30:19,984 - INFO - 
==================================================
EMA Cross Analysis - ORCA/USDT
Time: 2025-05-15 20:30:00+09:00
Type: golden
Cross Character (Current): Weak
Cross Character (New): Weak
Price at Cross: 2.651

1. Pre-Cross Pattern (15min):
EMA Distance Changes (%): ['0.130', '0.061', '0.001', '0.052']
EMA12 Changes (%): ['0.079', '0.114', '0.108', '0.103']
Price Changes (%): ['0.457', '0.303', '0.076', '0.076']
Candle Analysis:
    Body Sizes (%): ['0.457', '0.303', '0.076', '0.038']
    Upper Shadows (%): ['0.076', '0.000', '0.076', '0.000']
    Lower Shadows (%): ['0.076', '0.189', '0.113', '0.000']
Volumes: [np.float64(10866.5), np.float64(17330.6), np.float64(11668.0), np.float64(441.7)]
2025-05-15 20:30:19,984 - INFO - 
2. Post-Cross Movement (30min):
5min Price Changes (%): []
Maximum Change: 0.000% after 0 minutes
Candle Analysis:
    Body Sizes (%): []
    Upper Shadows (%): []
    Lower Shadows (%): []
Volumes: []
==================================================
2025-05-15 20:30:23,255 - INFO - 
==================================================
EMA Cross Analysis - DOGE/USDT
Time: 2025-05-15 20:25:00+09:00
Type: golden
Cross Character (Current): Weak
Cross Character (New): Weak
Price at Cross: 0.22601

1. Pre-Cross Pattern (15min):
EMA Distance Changes (%): ['0.185', '0.108', '0.044', '0.005']
EMA12 Changes (%): ['0.058', '0.122', '0.109', '0.088']
Price Changes (%): ['-0.164', '0.471', '0.040', '-0.027']
Candle Analysis:
    Body Sizes (%): ['0.169', '0.476', '0.040', '0.027']
    Upper Shadows (%): ['0.111', '0.040', '0.173', '0.119']
    Lower Shadows (%): ['0.111', '0.089', '0.190', '0.058']
Volumes: [np.float64(14956895.0), np.float64(18252594.0), np.float64(26282965.0), np.float64(12267891.0)]
2025-05-15 20:30:23,255 - INFO - 
2. Post-Cross Movement (30min):
5min Price Changes (%): ['0.088']
Maximum Change: 0.088% after 5 minutes
Candle Analysis:
    Body Sizes (%): ['0.088']
    Upper Shadows (%): ['0.044']
    Lower Shadows (%): ['0.027']
Volumes: [np.float64(665138.0)]
==================================================
2025-05-15 20:30:23,689 - INFO - 
==================================================
EMA Cross Analysis - GALA/USDT
Time: 2025-05-15 20:30:00+09:00
Type: golden
Cross Character (Current): Weak
Cross Character (New): Weak
Price at Cross: 0.02045

1. Pre-Cross Pattern (15min):
EMA Distance Changes (%): ['0.206', '0.124', '0.042', '0.038']
EMA12 Changes (%): ['0.127', '0.131', '0.141', '0.149']
Price Changes (%): ['0.643', '0.147', '0.196', '0.196']
Candle Analysis:
    Body Sizes (%): ['0.693', '0.197', '0.246', '0.245']
    Upper Shadows (%): ['0.099', '0.148', '0.049', '0.000']
    Lower Shadows (%): ['0.099', '0.197', '0.147', '0.000']
Volumes: [np.float64(12315744.0), np.float64(12423564.0), np.float64(15668799.0), np.float64(1393436.0)]
2025-05-15 20:30:23,689 - INFO - 
2. Post-Cross Movement (30min):
5min Price Changes (%): []
Maximum Change: 0.000% after 0 minutes
Candle Analysis:
    Body Sizes (%): []
    Upper Shadows (%): []
    Lower Shadows (%): []
Volumes: []
==================================================
2025-05-15 20:30:24,995 - INFO - 
==================================================
EMA Cross Analysis - THETA/USDT
Time: 2025-05-15 20:30:00+09:00
Type: golden
Cross Character (Current): Weak
Cross Character (New): Weak
Price at Cross: 0.9141

1. Pre-Cross Pattern (15min):
EMA Distance Changes (%): ['0.167', '0.102', '0.033', '0.030']
EMA12 Changes (%): ['0.105', '0.102', '0.118', '0.119']
Price Changes (%): ['0.320', '0.088', '0.209', '0.120']
Candle Analysis:
    Body Sizes (%): ['0.331', '0.132', '0.176', '0.131']
    Upper Shadows (%): ['0.044', '0.088', '0.121', '0.000']
    Lower Shadows (%): ['0.132', '0.110', '0.088', '0.000']
Volumes: [np.float64(71427.1), np.float64(63516.3), np.float64(50570.6), np.float64(9800.8)]
2025-05-15 20:30:24,995 - INFO - 
2. Post-Cross Movement (30min):
5min Price Changes (%): []
Maximum Change: 0.000% after 0 minutes
Candle Analysis:
    Body Sizes (%): []
    Upper Shadows (%): []
    Lower Shadows (%): []
Volumes: []
==================================================
2025-05-15 20:30:25,430 - INFO - 
==================================================
EMA Cross Analysis - EOS/USDT
Time: 2025-05-15 20:25:00+09:00
Type: golden
Cross Character (Current): Weak
Cross Character (New): Weak
Price at Cross: 0.77

1. Pre-Cross Pattern (15min):
EMA Distance Changes (%): ['0.093', '0.053', '0.011', '0.012']
EMA12 Changes (%): ['0.052', '0.064', '0.074', '0.042']
Price Changes (%): ['0.130', '0.130', '0.130', '-0.130']
Candle Analysis:
    Body Sizes (%): ['0.000', '0.130', '0.000', '0.130']
    Upper Shadows (%): ['0.130', '0.260', '0.130', '0.130']
    Lower Shadows (%): ['0.260', '0.260', '0.259', '0.130']
Volumes: [np.float64(367675.2), np.float64(514476.7), np.float64(347088.9), np.float64(356708.7)]
2025-05-15 20:30:25,430 - INFO - 
2. Post-Cross Movement (30min):
5min Price Changes (%): ['0.130']
Maximum Change: 0.130% after 5 minutes
Candle Analysis:
    Body Sizes (%): ['0.000']
    Upper Shadows (%): ['0.000']
    Lower Shadows (%): ['0.130']
Volumes: [np.float64(4428.4)]
==================================================
2025-05-15 20:30:27,585 - INFO - 
==================================================
EMA Cross Analysis - AVAX/USDT
Time: 2025-05-15 20:30:00+09:00
Type: golden
Cross Character (Current): Weak
Cross Character (New): Weak
Price at Cross: 23.892

1. Pre-Cross Pattern (15min):
EMA Distance Changes (%): ['0.100', '0.043', '0.008', '0.027']
EMA12 Changes (%): ['0.096', '0.095', '0.062', '0.066']
Price Changes (%): ['0.353', '0.092', '-0.121', '0.092']
Candle Analysis:
    Body Sizes (%): ['0.357', '0.096', '0.117', '0.092']
    Upper Shadows (%): ['0.050', '0.054', '0.084', '0.013']
    Lower Shadows (%): ['0.134', '0.126', '0.021', '0.013']
Volumes: [np.float64(62949.0), np.float64(42735.0), np.float64(37011.0), np.float64(1880.0)]
2025-05-15 20:30:27,586 - INFO - 
2. Post-Cross Movement (30min):
5min Price Changes (%): []
Maximum Change: 0.000% after 0 minutes
Candle Analysis:
    Body Sizes (%): []
    Upper Shadows (%): []
    Lower Shadows (%): []
Volumes: []
==================================================
2025-05-15 20:30:29,118 - INFO - 
==================================================
EMA Cross Analysis - USUAL/USDT
Time: 2025-05-15 20:30:00+09:00
Type: golden
Cross Character (Current): Weak
Cross Character (New): Weak
Price at Cross: 0.1462

1. Pre-Cross Pattern (15min):
EMA Distance Changes (%): ['0.229', '0.161', '0.073', '0.007']
EMA12 Changes (%): ['0.116', '0.098', '0.147', '0.145']
Price Changes (%): ['0.484', '0.000', '0.413', '0.137']
Candle Analysis:
    Body Sizes (%): ['0.553', '0.000', '0.413', '0.137']
    Upper Shadows (%): ['0.138', '0.069', '0.138', '0.068']
    Lower Shadows (%): ['0.277', '0.138', '0.000', '0.000']
Volumes: [np.float64(832651.0), np.float64(806459.0), np.float64(1225635.0), np.float64(34799.0)]
2025-05-15 20:30:29,118 - INFO - 
2. Post-Cross Movement (30min):
5min Price Changes (%): []
Maximum Change: 0.000% after 0 minutes
Candle Analysis:
    Body Sizes (%): []
    Upper Shadows (%): []
    Lower Shadows (%): []
Volumes: []
==================================================
2025-05-15 20:30:29,333 - INFO - 
==================================================
EMA Cross Analysis - BRETT/USDT
Time: 2025-05-15 20:25:00+09:00
Type: golden
Cross Character (Current): Weak
Cross Character (New): Weak
Price at Cross: 0.07045

1. Pre-Cross Pattern (15min):
EMA Distance Changes (%): ['0.266', '0.145', '0.034', '0.048']
EMA12 Changes (%): ['0.073', '0.195', '0.196', '0.154']
Price Changes (%): ['-0.584', '0.860', '0.199', '-0.071']
Candle Analysis:
    Body Sizes (%): ['0.598', '0.875', '0.213', '0.028']
    Upper Shadows (%): ['0.057', '0.129', '0.085', '0.213']
    Lower Shadows (%): ['0.128', '0.172', '0.185', '0.199']
Volumes: [np.float64(412671.0), np.float64(1098421.0), np.float64(980003.0), np.float64(781990.0)]
2025-05-15 20:30:29,334 - INFO - 
2. Post-Cross Movement (30min):
5min Price Changes (%): ['0.199']
Maximum Change: 0.199% after 5 minutes
Candle Analysis:
    Body Sizes (%): ['0.213']
    Upper Shadows (%): ['0.014']
    Lower Shadows (%): ['0.028']
Volumes: [np.float64(42477.0)]
==================================================
2025-05-15 20:30:29,705 - INFO - 
==================================================
EMA Cross Analysis - VANA/USDT
Time: 2025-05-15 20:25:00+09:00
Type: golden
Cross Character (Current): Weak
Cross Character (New): Weak
Price at Cross: 6.138

1. Pre-Cross Pattern (15min):
EMA Distance Changes (%): ['0.126', '0.063', '0.024', '0.003']
EMA12 Changes (%): ['0.056', '0.103', '0.067', '0.049']
Price Changes (%): ['-0.325', '0.359', '-0.130', '-0.049']
Candle Analysis:
    Body Sizes (%): ['0.390', '0.375', '0.114', '0.033']
    Upper Shadows (%): ['0.130', '0.065', '0.065', '0.212']
    Lower Shadows (%): ['0.081', '0.196', '0.130', '0.130']
Volumes: [np.float64(8770.12), np.float64(6435.46), np.float64(11926.53), np.float64(8210.05)]
2025-05-15 20:30:29,705 - INFO - 
2. Post-Cross Movement (30min):
5min Price Changes (%): ['0.261']
Maximum Change: 0.261% after 5 minutes
Candle Analysis:
    Body Sizes (%): ['0.244']
    Upper Shadows (%): ['0.033']
    Lower Shadows (%): ['0.000']
Volumes: [np.float64(455.5)]
==================================================
2025-05-15 20:30:29,928 - INFO - 
==================================================
EMA Cross Analysis - MELANIA/USDT
Time: 2025-05-15 20:30:00+09:00
Type: golden
Cross Character (Current): Weak
Cross Character (New): Weak
Price at Cross: 0.3666

1. Pre-Cross Pattern (15min):
EMA Distance Changes (%): ['0.214', '0.126', '0.020', '0.058']
EMA12 Changes (%): ['0.166', '0.141', '0.187', '0.149']
Price Changes (%): ['0.523', '0.000', '0.438', '-0.055']
Candle Analysis:
    Body Sizes (%): ['0.578', '0.082', '0.438', '0.027']
    Upper Shadows (%): ['0.110', '0.137', '0.055', '0.000']
    Lower Shadows (%): ['0.138', '0.219', '0.110', '0.164']
Volumes: [np.float64(269100.97), np.float64(240880.24), np.float64(429825.44), np.float64(63777.46)]
2025-05-15 20:30:29,928 - INFO - 
2. Post-Cross Movement (30min):
5min Price Changes (%): []
Maximum Change: 0.000% after 0 minutes
Candle Analysis:
    Body Sizes (%): []
    Upper Shadows (%): []
    Lower Shadows (%): []
Volumes: []
==================================================
2025-05-15 20:35:02,506 - INFO - 
==================================================
EMA Cross Analysis - AVAX/USDT
Time: 2025-05-15 20:30:00+09:00
Type: golden
Cross Character (Current): Weak
Cross Character (New): Weak
Price at Cross: 23.861

1. Pre-Cross Pattern (15min):
EMA Distance Changes (%): ['0.100', '0.043', '0.008', '0.016']
EMA12 Changes (%): ['0.096', '0.095', '0.062', '0.046']
Price Changes (%): ['0.353', '0.092', '-0.121', '-0.038']
Candle Analysis:
    Body Sizes (%): ['0.357', '0.096', '0.117', '0.038']
    Upper Shadows (%): ['0.050', '0.054', '0.084', '0.297']
    Lower Shadows (%): ['0.134', '0.126', '0.021', '0.000']
Volumes: [np.float64(62949.0), np.float64(42735.0), np.float64(37011.0), np.float64(35563.0)]
2025-05-15 20:35:02,506 - INFO - 
2. Post-Cross Movement (30min):
5min Price Changes (%): ['-0.038']
Maximum Change: -0.038% after 5 minutes
Candle Analysis:
    Body Sizes (%): ['0.034']
    Upper Shadows (%): ['0.000']
    Lower Shadows (%): ['0.000']
Volumes: [np.float64(3445.0)]
==================================================
2025-05-15 20:35:04,694 - INFO - 
==================================================
EMA Cross Analysis - MELANIA/USDT
Time: 2025-05-15 20:30:00+09:00
Type: golden
Cross Character (Current): Weak
Cross Character (New): Weak
Price at Cross: 0.367

1. Pre-Cross Pattern (15min):
EMA Distance Changes (%): ['0.214', '0.126', '0.020', '0.067']
EMA12 Changes (%): ['0.166', '0.141', '0.187', '0.166']
Price Changes (%): ['0.523', '0.000', '0.438', '0.055']
Candle Analysis:
    Body Sizes (%): ['0.578', '0.082', '0.438', '0.082']
    Upper Shadows (%): ['0.110', '0.137', '0.055', '0.355']
    Lower Shadows (%): ['0.138', '0.219', '0.110', '0.191']
Volumes: [np.float64(269100.97), np.float64(240880.24), np.float64(429825.44), np.float64(479494.19)]
2025-05-15 20:35:04,695 - INFO - 
2. Post-Cross Movement (30min):
5min Price Changes (%): ['-0.027']
Maximum Change: -0.027% after 5 minutes
Candle Analysis:
    Body Sizes (%): ['0.000']
    Upper Shadows (%): ['0.027']
    Lower Shadows (%): ['0.000']
Volumes: [np.float64(6257.34)]
==================================================
2025-05-15 20:36:05,860 - INFO - 
==================================================
EMA Cross Analysis - ORCA/USDT
Time: 2025-05-15 20:30:00+09:00
Type: golden
Cross Character (Current): Weak
Cross Character (New): Weak
Price at Cross: 2.647

1. Pre-Cross Pattern (15min):
EMA Distance Changes (%): ['0.130', '0.061', '0.001', '0.040']
EMA12 Changes (%): ['0.079', '0.114', '0.108', '0.080']
Price Changes (%): ['0.457', '0.303', '0.076', '-0.076']
Candle Analysis:
    Body Sizes (%): ['0.457', '0.303', '0.076', '0.113']
    Upper Shadows (%): ['0.076', '0.000', '0.076', '0.264']
    Lower Shadows (%): ['0.076', '0.189', '0.113', '0.038']
Volumes: [np.float64(10866.5), np.float64(17330.6), np.float64(11668.0), np.float64(13935.9)]
2025-05-15 20:36:05,860 - INFO - 
2. Post-Cross Movement (30min):
5min Price Changes (%): ['-0.189']
Maximum Change: -0.189% after 5 minutes
Candle Analysis:
    Body Sizes (%): ['0.151']
    Upper Shadows (%): ['0.000']
    Lower Shadows (%): ['0.000']
Volumes: [np.float64(1301.4)]
==================================================
2025-05-15 20:36:08,646 - INFO - 
==================================================
EMA Cross Analysis - PHA/USDT
Time: 2025-05-15 20:35:00+09:00
Type: golden
Cross Character (Current): Weak
Cross Character (New): Weak
Price at Cross: 0.13725

1. Pre-Cross Pattern (15min):
EMA Distance Changes (%): ['0.135', '0.086', '0.011', '0.049']
EMA12 Changes (%): ['0.111', '0.077', '0.133', '0.115']
Price Changes (%): ['-0.095', '-0.110', '0.439', '0.015']
Candle Analysis:
    Body Sizes (%): ['0.110', '0.110', '0.373', '0.044']
    Upper Shadows (%): ['0.088', '0.102', '0.249', '0.058']
    Lower Shadows (%): ['0.183', '0.015', '0.000', '0.073']
Volumes: [np.float64(107410.0), np.float64(48047.0), np.float64(113609.0), np.float64(73365.0)]
2025-05-15 20:36:08,646 - INFO - 
2. Post-Cross Movement (30min):
5min Price Changes (%): []
Maximum Change: 0.000% after 0 minutes
Candle Analysis:
    Body Sizes (%): []
    Upper Shadows (%): []
    Lower Shadows (%): []
Volumes: []
==================================================
2025-05-15 20:36:09,519 - INFO - 
==================================================
EMA Cross Analysis - GALA/USDT
Time: 2025-05-15 20:30:00+09:00
Type: golden
Cross Character (Current): Weak
Cross Character (New): Weak
Price at Cross: 0.0204

1. Pre-Cross Pattern (15min):
EMA Distance Changes (%): ['0.206', '0.124', '0.042', '0.019']
EMA12 Changes (%): ['0.127', '0.131', '0.141', '0.111']
Price Changes (%): ['0.643', '0.147', '0.196', '-0.049']
Candle Analysis:
    Body Sizes (%): ['0.693', '0.197', '0.246', '0.000']
    Upper Shadows (%): ['0.099', '0.148', '0.049', '0.490']
    Lower Shadows (%): ['0.099', '0.197', '0.147', '0.049']
Volumes: [np.float64(12315744.0), np.float64(12423564.0), np.float64(15668799.0), np.float64(12249390.0)]
2025-05-15 20:36:09,519 - INFO - 
2. Post-Cross Movement (30min):
5min Price Changes (%): ['-0.196']
Maximum Change: -0.196% after 5 minutes
Candle Analysis:
    Body Sizes (%): ['0.196']
    Upper Shadows (%): ['0.049']
    Lower Shadows (%): ['0.049']
Volumes: [np.float64(5020459.0)]
==================================================
2025-05-15 20:36:10,823 - INFO - 
==================================================
EMA Cross Analysis - THETA/USDT
Time: 2025-05-15 20:30:00+09:00
Type: golden
Cross Character (Current): Weak
Cross Character (New): Weak
Price at Cross: 0.9142

1. Pre-Cross Pattern (15min):
EMA Distance Changes (%): ['0.167', '0.102', '0.033', '0.031']
EMA12 Changes (%): ['0.105', '0.102', '0.118', '0.120']
Price Changes (%): ['0.320', '0.088', '0.209', '0.131']
Candle Analysis:
    Body Sizes (%): ['0.331', '0.132', '0.176', '0.142']
    Upper Shadows (%): ['0.044', '0.088', '0.121', '0.285']
    Lower Shadows (%): ['0.132', '0.110', '0.088', '0.000']
Volumes: [np.float64(71427.1), np.float64(63516.3), np.float64(50570.6), np.float64(101159.7)]
2025-05-15 20:36:10,823 - INFO - 
2. Post-Cross Movement (30min):
5min Price Changes (%): ['-0.153']
Maximum Change: -0.153% after 5 minutes
Candle Analysis:
    Body Sizes (%): ['0.153']
    Upper Shadows (%): ['0.044']
    Lower Shadows (%): ['0.000']
Volumes: [np.float64(11328.0)]
==================================================
2025-05-15 20:36:11,866 - INFO - 
==================================================
EMA Cross Analysis - WLD/USDT
Time: 2025-05-15 20:30:00+09:00
Type: golden
Cross Character (Current): Weak
Cross Character (New): Weak
Price at Cross: 1.1819

1. Pre-Cross Pattern (15min):
EMA Distance Changes (%): ['0.142', '0.093', '0.050', '0.014']
EMA12 Changes (%): ['0.074', '0.074', '0.069', '0.116']
Price Changes (%): ['0.298', '0.077', '0.042', '0.374']
Candle Analysis:
    Body Sizes (%): ['0.324', '0.094', '0.042', '0.382']
    Upper Shadows (%): ['0.077', '0.060', '0.280', '0.340']
    Lower Shadows (%): ['0.111', '0.179', '0.051', '0.000']
Volumes: [np.float64(261002.0), np.float64(224885.0), np.float64(414782.0), np.float64(836267.0)]
2025-05-15 20:36:11,867 - INFO - 
2. Post-Cross Movement (30min):
5min Price Changes (%): ['-0.118']
Maximum Change: -0.118% after 5 minutes
Candle Analysis:
    Body Sizes (%): ['0.110']
    Upper Shadows (%): ['0.034']
    Lower Shadows (%): ['0.025']
Volumes: [np.float64(102339.0)]
==================================================
2025-05-15 20:36:14,581 - INFO - 
==================================================
EMA Cross Analysis - USUAL/USDT
Time: 2025-05-15 20:30:00+09:00
Type: golden
Cross Character (Current): Weak
Cross Character (New): Weak
Price at Cross: 0.1463

1. Pre-Cross Pattern (15min):
EMA Distance Changes (%): ['0.229', '0.161', '0.073', '0.012']
EMA12 Changes (%): ['0.116', '0.098', '0.147', '0.156']
Price Changes (%): ['0.484', '0.000', '0.413', '0.205']
Candle Analysis:
    Body Sizes (%): ['0.553', '0.000', '0.413', '0.205']
    Upper Shadows (%): ['0.138', '0.069', '0.138', '0.685']
    Lower Shadows (%): ['0.277', '0.138', '0.000', '0.000']
Volumes: [np.float64(832651.0), np.float64(806459.0), np.float64(1225635.0), np.float64(782763.0)]
2025-05-15 20:36:14,581 - INFO - 
2. Post-Cross Movement (30min):
5min Price Changes (%): ['-0.342']
Maximum Change: -0.342% after 5 minutes
Candle Analysis:
    Body Sizes (%): ['0.274']
    Upper Shadows (%): ['0.068']
    Lower Shadows (%): ['0.137']
Volumes: [np.float64(613560.0)]
==================================================
2025-05-15 20:40:43,249 - INFO - 
==================================================
EMA Cross Analysis - FXS/USDT
Time: 2025-05-15 20:40:00+09:00
Type: dead
Cross Character (Current): Weak
Cross Character (New): Weak
Price at Cross: 2.9437

1. Pre-Cross Pattern (15min):
EMA Distance Changes (%): ['0.080', '0.091', '0.025', '0.022']
EMA12 Changes (%): ['0.006', '0.033', '-0.115', '-0.087']
Price Changes (%): ['0.734', '0.182', '-0.930', '0.068']
Candle Analysis:
    Body Sizes (%): ['0.755', '0.219', '0.930', '0.078']
    Upper Shadows (%): ['0.061', '0.219', '0.000', '0.000']
    Lower Shadows (%): ['0.710', '0.003', '0.000', '0.187']
Volumes: [np.float64(76119.1), np.float64(12302.4), np.float64(14681.0), np.float64(1783.9)]
2025-05-15 20:40:43,249 - INFO - 
2. Post-Cross Movement (30min):
5min Price Changes (%): []
Maximum Change: 0.000% after 0 minutes
Candle Analysis:
    Body Sizes (%): []
    Upper Shadows (%): []
    Lower Shadows (%): []
Volumes: []
==================================================
2025-05-15 20:40:44,777 - INFO - 
==================================================
EMA Cross Analysis - PHA/USDT
Time: 2025-05-15 20:35:00+09:00
Type: golden
Cross Character (Current): Weak
Cross Character (New): Weak
Price at Cross: 0.13722

1. Pre-Cross Pattern (15min):
EMA Distance Changes (%): ['0.135', '0.086', '0.011', '0.047']
EMA12 Changes (%): ['0.111', '0.077', '0.133', '0.111']
Price Changes (%): ['-0.095', '-0.110', '0.439', '-0.007']
Candle Analysis:
    Body Sizes (%): ['0.110', '0.110', '0.373', '0.022']
    Upper Shadows (%): ['0.088', '0.102', '0.249', '0.080']
    Lower Shadows (%): ['0.183', '0.015', '0.000', '0.117']
Volumes: [np.float64(107410.0), np.float64(48047.0), np.float64(113609.0), np.float64(176435.0)]
2025-05-15 20:40:44,777 - INFO - 
2. Post-Cross Movement (30min):
5min Price Changes (%): ['-0.073']
Maximum Change: -0.073% after 5 minutes
Candle Analysis:
    Body Sizes (%): ['0.080']
    Upper Shadows (%): ['0.015']
    Lower Shadows (%): ['0.160']
Volumes: [np.float64(12973.0)]
==================================================
2025-05-15 20:40:45,863 - INFO - 
==================================================
EMA Cross Analysis - TNSR/USDT
Time: 2025-05-15 20:40:00+09:00
Type: golden
Cross Character (Current): Strong
Cross Character (New): Weak
Price at Cross: 0.167

1. Pre-Cross Pattern (15min):
EMA Distance Changes (%): ['0.227', '0.104', '0.027', '0.029']
EMA12 Changes (%): ['0.121', '0.205', '0.136', '0.105']
Price Changes (%): ['0.422', '0.661', '-0.239', '-0.060']
Candle Analysis:
    Body Sizes (%): ['0.362', '0.601', '0.239', '0.060']
    Upper Shadows (%): ['0.000', '0.300', '0.000', '0.000']
    Lower Shadows (%): ['0.121', '0.000', '0.119', '0.120']
Volumes: [np.float64(62658.9), np.float64(226169.9), np.float64(149866.8), np.float64(33715.3)]
2025-05-15 20:40:45,863 - INFO - 
2. Post-Cross Movement (30min):
5min Price Changes (%): []
Maximum Change: 0.000% after 0 minutes
Candle Analysis:
    Body Sizes (%): []
    Upper Shadows (%): []
    Lower Shadows (%): []
Volumes: []
==================================================
2025-05-15 20:40:48,511 - INFO - 
==================================================
EMA Cross Analysis - PENGU/USDT
Time: 2025-05-15 20:40:00+09:00
Type: golden
Cross Character (Current): Weak
Cross Character (New): Weak
Price at Cross: 0.013662

1. Pre-Cross Pattern (15min):
EMA Distance Changes (%): ['0.217', '0.117', '0.056', '0.002']
EMA12 Changes (%): ['0.128', '0.163', '0.102', '0.103']
Price Changes (%): ['0.073', '0.352', '-0.227', '0.110']
Candle Analysis:
    Body Sizes (%): ['0.073', '0.360', '0.234', '0.103']
    Upper Shadows (%): ['0.066', '0.470', '0.073', '0.000']
    Lower Shadows (%): ['0.279', '0.037', '0.270', '0.249']
Volumes: [np.float64(60690143.0), np.float64(67003161.0), np.float64(36807277.0), np.float64(6542858.0)]
2025-05-15 20:40:48,511 - INFO - 
2. Post-Cross Movement (30min):
5min Price Changes (%): []
Maximum Change: 0.000% after 0 minutes
Candle Analysis:
    Body Sizes (%): []
    Upper Shadows (%): []
    Lower Shadows (%): []
Volumes: []
==================================================
2025-05-15 20:45:20,003 - INFO - 
==================================================
EMA Cross Analysis - FXS/USDT
Time: 2025-05-15 20:40:00+09:00
Type: dead
Cross Character (Current): Weak
Cross Character (New): Weak
Price at Cross: 2.9418

1. Pre-Cross Pattern (15min):
EMA Distance Changes (%): ['0.080', '0.091', '0.025', '0.027']
EMA12 Changes (%): ['0.006', '0.033', '-0.115', '-0.097']
Price Changes (%): ['0.734', '0.182', '-0.930', '0.003']
Candle Analysis:
    Body Sizes (%): ['0.755', '0.219', '0.930', '0.014']
    Upper Shadows (%): ['0.061', '0.219', '0.000', '0.228']
    Lower Shadows (%): ['0.710', '0.003', '0.000', '0.187']
Volumes: [np.float64(76119.1), np.float64(12302.4), np.float64(14681.0), np.float64(10631.1)]
2025-05-15 20:45:20,003 - INFO - 
2. Post-Cross Movement (30min):
5min Price Changes (%): ['0.095']
Maximum Change: 0.095% after 5 minutes
Candle Analysis:
    Body Sizes (%): ['0.071']
    Upper Shadows (%): ['0.037']
    Lower Shadows (%): ['0.092']
Volumes: [np.float64(1671.2)]
==================================================
2025-05-15 20:45:22,613 - INFO - 
==================================================
EMA Cross Analysis - TNSR/USDT
Time: 2025-05-15 20:40:00+09:00
Type: golden
Cross Character (Current): Strong
Cross Character (New): Weak
Price at Cross: 0.1678

1. Pre-Cross Pattern (15min):
EMA Distance Changes (%): ['0.227', '0.104', '0.027', '0.067']
EMA12 Changes (%): ['0.121', '0.205', '0.136', '0.180']
Price Changes (%): ['0.422', '0.661', '-0.239', '0.419']
Candle Analysis:
    Body Sizes (%): ['0.362', '0.601', '0.239', '0.419']
    Upper Shadows (%): ['0.000', '0.300', '0.000', '0.060']
    Lower Shadows (%): ['0.121', '0.000', '0.119', '0.180']
Volumes: [np.float64(62658.9), np.float64(226169.9), np.float64(149866.8), np.float64(182219.1)]
2025-05-15 20:45:22,613 - INFO - 
2. Post-Cross Movement (30min):
5min Price Changes (%): ['0.060']
Maximum Change: 0.060% after 5 minutes
Candle Analysis:
    Body Sizes (%): ['0.119']
    Upper Shadows (%): ['0.000']
    Lower Shadows (%): ['0.060']
Volumes: [np.float64(8566.8)]
==================================================
2025-05-15 20:45:24,786 - INFO - 
==================================================
EMA Cross Analysis - WLD/USDT
Time: 2025-05-15 20:45:00+09:00
Type: dead
Cross Character (Current): Weak
Cross Character (New): Weak
Price at Cross: 1.1716

1. Pre-Cross Pattern (15min):
EMA Distance Changes (%): ['0.014', '0.019', '0.002', '0.016']
EMA12 Changes (%): ['0.116', '0.012', '-0.031', '-0.034']
Price Changes (%): ['0.374', '-0.558', '-0.264', '-0.051']
Candle Analysis:
    Body Sizes (%): ['0.382', '0.550', '0.272', '0.060']
    Upper Shadows (%): ['0.340', '0.034', '0.034', '0.009']
    Lower Shadows (%): ['0.000', '0.161', '0.102', '0.102']
Volumes: [np.float64(836267.0), np.float64(726617.0), np.float64(400141.0), np.float64(34868.0)]
2025-05-15 20:45:24,786 - INFO - 
2. Post-Cross Movement (30min):
5min Price Changes (%): []
Maximum Change: 0.000% after 0 minutes
Candle Analysis:
    Body Sizes (%): []
    Upper Shadows (%): []
    Lower Shadows (%): []
Volumes: []
==================================================
2025-05-15 20:45:25,221 - INFO - 
==================================================
EMA Cross Analysis - PENGU/USDT
Time: 2025-05-15 20:40:00+09:00
Type: golden
Cross Character (Current): Weak
Cross Character (New): Weak
Price at Cross: 0.013702

1. Pre-Cross Pattern (15min):
EMA Distance Changes (%): ['0.217', '0.117', '0.056', '0.025']
EMA12 Changes (%): ['0.128', '0.163', '0.102', '0.149']
Price Changes (%): ['0.073', '0.352', '-0.227', '0.403']
Candle Analysis:
    Body Sizes (%): ['0.073', '0.360', '0.234', '0.396']
    Upper Shadows (%): ['0.066', '0.470', '0.073', '0.286']
    Lower Shadows (%): ['0.279', '0.037', '0.270', '0.249']
Volumes: [np.float64(60690143.0), np.float64(67003161.0), np.float64(36807277.0), np.float64(50212352.0)]
2025-05-15 20:45:25,221 - INFO - 
2. Post-Cross Movement (30min):
5min Price Changes (%): ['-0.007']
Maximum Change: -0.007% after 5 minutes
Candle Analysis:
    Body Sizes (%): ['0.015']
    Upper Shadows (%): ['0.007']
    Lower Shadows (%): ['0.153']
Volumes: [np.float64(2615425.0)]
==================================================
2025-05-15 20:45:25,445 - INFO - 
==================================================
EMA Cross Analysis - AIXBT/USDT
Time: 2025-05-15 20:45:00+09:00
Type: dead
Cross Character (Current): Weak
Cross Character (New): Weak
Price at Cross: 0.1905

1. Pre-Cross Pattern (15min):
EMA Distance Changes (%): ['0.059', '0.038', '0.015', '0.003']
EMA12 Changes (%): ['0.056', '-0.031', '-0.039', '-0.033']
Price Changes (%): ['0.089', '-0.511', '-0.079', '0.000']
Candle Analysis:
    Body Sizes (%): ['0.104', '0.517', '0.105', '0.005']
    Upper Shadows (%): ['0.716', '0.031', '0.131', '0.079']
    Lower Shadows (%): ['0.016', '0.005', '0.330', '0.199']
Volumes: [np.float64(710604.0), np.float64(612445.0), np.float64(755869.0), np.float64(269597.0)]
2025-05-15 20:45:25,445 - INFO - 
2. Post-Cross Movement (30min):
5min Price Changes (%): []
Maximum Change: 0.000% after 0 minutes
Candle Analysis:
    Body Sizes (%): []
    Upper Shadows (%): []
    Lower Shadows (%): []
Volumes: []
==================================================
2025-05-15 20:51:09,824 - INFO - 
==================================================
EMA Cross Analysis - XRP/USDT
Time: 2025-05-15 20:50:00+09:00
Type: golden
Cross Character (Current): Weak
Cross Character (New): Weak
Price at Cross: 2.4712

1. Pre-Cross Pattern (15min):
EMA Distance Changes (%): ['0.031', '0.015', '0.003', '0.006']
EMA12 Changes (%): ['0.026', '0.027', '0.021', '0.017']
Price Changes (%): ['-0.065', '0.032', '-0.008', '-0.008']
Candle Analysis:
    Body Sizes (%): ['0.065', '0.028', '0.012', '0.008']
    Upper Shadows (%): ['0.020', '0.125', '0.004', '0.016']
    Lower Shadows (%): ['0.053', '0.077', '0.162', '0.049']
Volumes: [np.float64(1316416.6), np.float64(1464245.8), np.float64(1362314.9), np.float64(101232.5)]
2025-05-15 20:51:09,824 - INFO - 
2. Post-Cross Movement (30min):
5min Price Changes (%): []
Maximum Change: 0.000% after 0 minutes
Candle Analysis:
    Body Sizes (%): []
    Upper Shadows (%): []
    Lower Shadows (%): []
Volumes: []
==================================================
2025-05-15 20:51:10,262 - INFO - 
==================================================
EMA Cross Analysis - WLD/USDT
Time: 2025-05-15 20:45:00+09:00
Type: dead
Cross Character (Current): Weak
Cross Character (New): Weak
Price at Cross: 1.1727

1. Pre-Cross Pattern (15min):
EMA Distance Changes (%): ['0.014', '0.019', '0.002', '0.008']
EMA12 Changes (%): ['0.116', '0.012', '-0.031', '-0.019']
Price Changes (%): ['0.374', '-0.558', '-0.264', '0.043']
Candle Analysis:
    Body Sizes (%): ['0.382', '0.550', '0.272', '0.034']
    Upper Shadows (%): ['0.340', '0.034', '0.034', '0.000']
    Lower Shadows (%): ['0.000', '0.161', '0.102', '0.281']
Volumes: [np.float64(836267.0), np.float64(726617.0), np.float64(400141.0), np.float64(239504.0)]
2025-05-15 20:51:10,263 - INFO - 
2. Post-Cross Movement (30min):
5min Price Changes (%): ['-0.026']
Maximum Change: -0.026% after 5 minutes
Candle Analysis:
    Body Sizes (%): ['0.017']
    Upper Shadows (%): ['0.000']
    Lower Shadows (%): ['0.085']
Volumes: [np.float64(29283.0)]
==================================================
2025-05-15 20:51:10,917 - INFO - 
==================================================
EMA Cross Analysis - AIXBT/USDT
Time: 2025-05-15 20:45:00+09:00
Type: dead
Cross Character (Current): Weak
Cross Character (New): Weak
Price at Cross: 0.19048

1. Pre-Cross Pattern (15min):
EMA Distance Changes (%): ['0.059', '0.038', '0.015', '0.004']
EMA12 Changes (%): ['0.056', '-0.031', '-0.039', '-0.034']
Price Changes (%): ['0.089', '-0.511', '-0.079', '-0.010']
Candle Analysis:
    Body Sizes (%): ['0.104', '0.517', '0.105', '0.016']
    Upper Shadows (%): ['0.716', '0.031', '0.131', '0.079']
    Lower Shadows (%): ['0.016', '0.005', '0.330', '0.294']
Volumes: [np.float64(710604.0), np.float64(612445.0), np.float64(755869.0), np.float64(930698.0)]
2025-05-15 20:51:10,917 - INFO - 
2. Post-Cross Movement (30min):
5min Price Changes (%): ['-0.016']
Maximum Change: -0.016% after 5 minutes
Candle Analysis:
    Body Sizes (%): ['0.021']
    Upper Shadows (%): ['0.084']
    Lower Shadows (%): ['0.058']
Volumes: [np.float64(72464.0)]
==================================================
2025-05-15 20:51:13,031 - INFO - 
==================================================
EMA Cross Analysis - ONDOUSDT
Time: 2025-05-15 20:50:00+09:00
Type: golden
Cross Character (Current): Weak
Cross Character (New): Weak
Price at Cross: 0.9671

1. Pre-Cross Pattern (15min):
EMA Distance Changes (%): ['0.061', '0.046', '0.020', '0.006']
EMA12 Changes (%): ['-0.005', '0.020', '0.044', '0.047']
Price Changes (%): ['-0.372', '0.156', '0.176', '0.062']
Candle Analysis:
    Body Sizes (%): ['0.362', '0.145', '0.187', '0.052']
    Upper Shadows (%): ['0.021', '0.135', '0.031', '0.041']
    Lower Shadows (%): ['0.124', '0.187', '0.166', '0.083']
Volumes: [np.float64(558799.5), np.float64(454779.9), np.float64(429327.8), np.float64(171289.0)]
2025-05-15 20:51:13,031 - INFO - 
2. Post-Cross Movement (30min):
5min Price Changes (%): []
Maximum Change: 0.000% after 0 minutes
Candle Analysis:
    Body Sizes (%): []
    Upper Shadows (%): []
    Lower Shadows (%): []
Volumes: []
==================================================
2025-05-15 20:55:42,592 - INFO - 
==================================================
EMA Cross Analysis - ACX/USDT
Time: 2025-05-15 20:50:00+09:00
Type: golden
Cross Character (Current): Weak
Cross Character (New): Weak
Price at Cross: 0.2401

1. Pre-Cross Pattern (15min):
EMA Distance Changes (%): ['0.056', '0.042', '0.020', '0.014']
EMA12 Changes (%): ['0.008', '0.020', '0.036', '0.063']
Price Changes (%): ['-0.333', '0.084', '0.125', '0.209']
Candle Analysis:
    Body Sizes (%): ['0.333', '0.126', '0.167', '0.251']
    Upper Shadows (%): ['0.000', '0.167', '0.000', '0.042']
    Lower Shadows (%): ['0.042', '0.167', '0.125', '0.042']
Volumes: [np.float64(55596.1), np.float64(29178.7), np.float64(16229.6), np.float64(22069.9)]
2025-05-15 20:55:42,593 - INFO - 
2. Post-Cross Movement (30min):
5min Price Changes (%): ['0.000']
Maximum Change: 0.000% after 0 minutes
Candle Analysis:
    Body Sizes (%): ['0.000']
    Upper Shadows (%): ['0.000']
    Lower Shadows (%): ['0.042']
Volumes: [np.float64(1407.3)]
==================================================
2025-05-15 20:55:43,264 - INFO - 
==================================================
EMA Cross Analysis - MOODENG/USDT
Time: 2025-05-15 20:55:00+09:00
Type: dead
Cross Character (Current): Weak
Cross Character (New): Weak
Price at Cross: 0.2318

1. Pre-Cross Pattern (15min):
EMA Distance Changes (%): ['0.244', '0.145', '0.038', '0.036']
EMA12 Changes (%): ['-0.144', '-0.154', '-0.184', '-0.137']
Price Changes (%): ['0.462', '-0.210', '-0.353', '0.125']
Candle Analysis:
    Body Sizes (%): ['0.462', '0.202', '0.366', '0.147']
    Upper Shadows (%): ['0.211', '0.404', '0.022', '0.078']
    Lower Shadows (%): ['0.643', '0.215', '0.529', '0.052']
Volumes: [np.float64(15531830.0), np.float64(6568717.0), np.float64(7752559.0), np.float64(1108431.0)]
2025-05-15 20:55:43,265 - INFO - 
2. Post-Cross Movement (30min):
5min Price Changes (%): []
Maximum Change: 0.000% after 0 minutes
Candle Analysis:
    Body Sizes (%): []
    Upper Shadows (%): []
    Lower Shadows (%): []
Volumes: []
==================================================
2025-05-15 20:55:49,922 - INFO - 
==================================================
EMA Cross Analysis - ONDOUSDT
Time: 2025-05-15 20:50:00+09:00
Type: golden
Cross Character (Current): Weak
Cross Character (New): Weak
Price at Cross: 0.9673

1. Pre-Cross Pattern (15min):
EMA Distance Changes (%): ['0.061', '0.046', '0.020', '0.007']
EMA12 Changes (%): ['-0.005', '0.020', '0.044', '0.050']
Price Changes (%): ['-0.372', '0.156', '0.176', '0.083']
Candle Analysis:
    Body Sizes (%): ['0.362', '0.145', '0.187', '0.072']
    Upper Shadows (%): ['0.021', '0.135', '0.031', '0.031']
    Lower Shadows (%): ['0.124', '0.187', '0.166', '0.217']
Volumes: [np.float64(558799.5), np.float64(454779.9), np.float64(429327.8), np.float64(483049.2)]
2025-05-15 20:55:49,923 - INFO - 
2. Post-Cross Movement (30min):
5min Price Changes (%): ['-0.021']
Maximum Change: -0.021% after 5 minutes
Candle Analysis:
    Body Sizes (%): ['0.021']
    Upper Shadows (%): ['0.031']
    Lower Shadows (%): ['0.041']
Volumes: [np.float64(47493.4)]
==================================================
2025-05-15 21:00:19,893 - INFO - 
==================================================
EMA Cross Analysis - LINK/USDT
Time: 2025-05-15 20:55:00+09:00
Type: golden
Cross Character (Current): Weak
Cross Character (New): Weak
Price at Cross: 16.302

1. Pre-Cross Pattern (15min):
EMA Distance Changes (%): ['0.038', '0.022', '0.003', '0.022']
EMA12 Changes (%): ['0.015', '0.026', '0.033', '0.049']
Price Changes (%): ['0.012', '0.086', '0.068', '0.141']
Candle Analysis:
    Body Sizes (%): ['0.012', '0.086', '0.074', '0.135']
    Upper Shadows (%): ['0.129', '0.025', '0.006', '0.061']
    Lower Shadows (%): ['0.074', '0.154', '0.178', '0.111']
Volumes: [np.float64(43373.99), np.float64(46722.49), np.float64(23265.62), np.float64(32208.11)]
2025-05-15 21:00:19,893 - INFO - 
2. Post-Cross Movement (30min):
5min Price Changes (%): ['-0.086']
Maximum Change: -0.086% after 5 minutes
Candle Analysis:
    Body Sizes (%): ['0.080']
    Upper Shadows (%): ['0.012']
    Lower Shadows (%): ['0.000']
Volumes: [np.float64(14384.38)]
==================================================
2025-05-15 21:00:20,405 - INFO - 
==================================================
EMA Cross Analysis - MOODENG/USDT
Time: 2025-05-15 20:55:00+09:00
Type: dead
Cross Character (Current): Weak
Cross Character (New): Weak
Price at Cross: 0.23197

1. Pre-Cross Pattern (15min):
EMA Distance Changes (%): ['0.244', '0.145', '0.038', '0.031']
EMA12 Changes (%): ['-0.144', '-0.154', '-0.184', '-0.126']
Price Changes (%): ['0.462', '-0.210', '-0.353', '0.199']
Candle Analysis:
    Body Sizes (%): ['0.462', '0.202', '0.366', '0.220']
    Upper Shadows (%): ['0.211', '0.404', '0.022', '0.544']
    Lower Shadows (%): ['0.643', '0.215', '0.529', '0.285']
Volumes: [np.float64(15531830.0), np.float64(6568717.0), np.float64(7752559.0), np.float64(9680711.0)]
2025-05-15 21:00:20,405 - INFO - 
2. Post-Cross Movement (30min):
5min Price Changes (%): ['0.052']
Maximum Change: 0.052% after 5 minutes
Candle Analysis:
    Body Sizes (%): ['0.047']
    Upper Shadows (%): ['0.246']
    Lower Shadows (%): ['0.091']
Volumes: [np.float64(647022.0)]
==================================================
2025-05-15 21:00:24,399 - INFO - 
==================================================
EMA Cross Analysis - ADA/USDT
Time: 2025-05-15 21:00:00+09:00
Type: golden
Cross Character (Current): Weak
Cross Character (New): Weak
Price at Cross: 0.7707

1. Pre-Cross Pattern (15min):
EMA Distance Changes (%): ['0.053', '0.037', '0.002', '0.018']
EMA12 Changes (%): ['0.015', '0.025', '0.063', '0.037']
Price Changes (%): ['0.052', '0.078', '0.273', '-0.104']
Candle Analysis:
    Body Sizes (%): ['0.065', '0.078', '0.286', '0.091']
    Upper Shadows (%): ['0.000', '0.013', '0.039', '0.000']
    Lower Shadows (%): ['0.221', '0.156', '0.026', '0.013']
Volumes: [np.float64(1532036.0), np.float64(1344287.0), np.float64(2776551.0), np.float64(188570.0)]
2025-05-15 21:00:24,400 - INFO - 
2. Post-Cross Movement (30min):
5min Price Changes (%): []
Maximum Change: 0.000% after 0 minutes
Candle Analysis:
    Body Sizes (%): []
    Upper Shadows (%): []
    Lower Shadows (%): []
Volumes: []
==================================================
2025-05-15 21:00:27,049 - INFO - 
==================================================
EMA Cross Analysis - HIVE/USDT
Time: 2025-05-15 21:00:00+09:00
Type: golden
Cross Character (Current): Weak
Cross Character (New): Weak
Price at Cross: 0.26694

1. Pre-Cross Pattern (15min):
EMA Distance Changes (%): ['0.192', '0.109', '0.018', '0.047']
EMA12 Changes (%): ['0.091', '0.133', '0.161', '0.123']
Price Changes (%): ['-0.143', '0.362', '0.315', '-0.082']
Candle Analysis:
    Body Sizes (%): ['0.117', '0.343', '0.323', '0.067']
    Upper Shadows (%): ['0.008', '0.045', '0.049', '0.015']
    Lower Shadows (%): ['0.166', '0.064', '0.218', '0.090']
Volumes: [np.float64(92667.0), np.float64(86985.0), np.float64(132649.0), np.float64(28229.0)]
2025-05-15 21:00:27,050 - INFO - 
2. Post-Cross Movement (30min):
5min Price Changes (%): []
Maximum Change: 0.000% after 0 minutes
Candle Analysis:
    Body Sizes (%): []
    Upper Shadows (%): []
    Lower Shadows (%): []
Volumes: []
==================================================
2025-05-15 21:05:02,934 - INFO - 
==================================================
EMA Cross Analysis - BRETT/USDT
Time: 2025-05-15 21:05:00+09:00
Type: dead
Cross Character (Current): Weak
Cross Character (New): Weak
Price at Cross: 0.06968

1. Pre-Cross Pattern (15min):
EMA Distance Changes (%): ['0.068', '0.067', '0.024', '0.002']
EMA12 Changes (%): ['-0.054', '0.007', '-0.073', '-0.047']
Price Changes (%): ['-0.286', '0.344', '-0.515', '0.101']
Candle Analysis:
    Body Sizes (%): ['0.243', '0.330', '0.458', '0.101']
    Upper Shadows (%): ['0.014', '0.143', '0.129', '0.000']
    Lower Shadows (%): ['0.315', '0.172', '0.043', '0.000']
Volumes: [np.float64(640416.0), np.float64(556098.0), np.float64(637692.0), np.float64(4006.0)]
2025-05-15 21:05:02,935 - INFO - 
2. Post-Cross Movement (30min):
5min Price Changes (%): []
Maximum Change: 0.000% after 0 minutes
Candle Analysis:
    Body Sizes (%): []
    Upper Shadows (%): []
    Lower Shadows (%): []
Volumes: []
==================================================
2025-05-15 21:06:06,416 - INFO - 
==================================================
EMA Cross Analysis - BAKE/USDT
Time: 2025-05-15 21:05:00+09:00
Type: golden
Cross Character (Current): Weak
Cross Character (New): Weak
Price at Cross: 0.1393

1. Pre-Cross Pattern (15min):
EMA Distance Changes (%): ['0.035', '0.024', '0.004', '0.034']
EMA12 Changes (%): ['0.044', '0.015', '0.035', '0.074']
Price Changes (%): ['0.144', '-0.144', '0.144', '0.288']
Candle Analysis:
    Body Sizes (%): ['0.144', '0.144', '0.072', '0.288']
    Upper Shadows (%): ['0.072', '0.072', '0.432', '0.000']
    Lower Shadows (%): ['0.072', '0.072', '0.072', '0.000']
Volumes: [np.float64(124892.0), np.float64(58615.0), np.float64(207100.0), np.float64(26979.0)]
2025-05-15 21:06:06,416 - INFO - 
2. Post-Cross Movement (30min):
5min Price Changes (%): []
Maximum Change: 0.000% after 0 minutes
Candle Analysis:
    Body Sizes (%): []
    Upper Shadows (%): []
    Lower Shadows (%): []
Volumes: []
==================================================
2025-05-15 21:06:11,794 - INFO - 
==================================================
EMA Cross Analysis - ADA/USDT
Time: 2025-05-15 21:00:00+09:00
Type: golden
Cross Character (Current): Weak
Cross Character (New): Weak
Price at Cross: 0.7699

1. Pre-Cross Pattern (15min):
EMA Distance Changes (%): ['0.053', '0.037', '0.002', '0.010']
EMA12 Changes (%): ['0.015', '0.025', '0.063', '0.021']
Price Changes (%): ['0.052', '0.078', '0.273', '-0.207']
Candle Analysis:
    Body Sizes (%): ['0.065', '0.078', '0.286', '0.194']
    Upper Shadows (%): ['0.000', '0.013', '0.039', '0.194']
    Lower Shadows (%): ['0.221', '0.156', '0.026', '0.000']
Volumes: [np.float64(1532036.0), np.float64(1344287.0), np.float64(2776551.0), np.float64(2865541.0)]
2025-05-15 21:06:11,794 - INFO - 
2. Post-Cross Movement (30min):
5min Price Changes (%): ['0.169']
Maximum Change: 0.169% after 5 minutes
Candle Analysis:
    Body Sizes (%): ['0.169']
    Upper Shadows (%): ['0.039']
    Lower Shadows (%): ['0.013']
Volumes: [np.float64(589514.0)]
==================================================
2025-05-15 21:06:14,157 - INFO - 
==================================================
EMA Cross Analysis - GOAT/USDT
Time: 2025-05-15 21:05:00+09:00
Type: dead
Cross Character (Current): Weak
Cross Character (New): Weak
Price at Cross: 0.18468

1. Pre-Cross Pattern (15min):
EMA Distance Changes (%): ['0.150', '0.095', '0.018', '0.004']
EMA12 Changes (%): ['-0.112', '-0.084', '-0.135', '-0.040']
Price Changes (%): ['-0.281', '0.070', '-0.417', '0.490']
Candle Analysis:
    Body Sizes (%): ['0.287', '0.076', '0.412', '0.490']
    Upper Shadows (%): ['0.000', '0.282', '0.276', '0.234']
    Lower Shadows (%): ['0.541', '0.184', '0.423', '0.016']
Volumes: [np.float64(2389783.0), np.float64(879544.0), np.float64(1602904.0), np.float64(366526.0)]
2025-05-15 21:06:14,157 - INFO - 
2. Post-Cross Movement (30min):
5min Price Changes (%): []
Maximum Change: 0.000% after 0 minutes
Candle Analysis:
    Body Sizes (%): []
    Upper Shadows (%): []
    Lower Shadows (%): []
Volumes: []
==================================================
2025-05-15 21:06:14,409 - INFO - 
==================================================
EMA Cross Analysis - HIVE/USDT
Time: 2025-05-15 21:00:00+09:00
Type: golden
Cross Character (Current): Weak
Cross Character (New): Weak
Price at Cross: 0.26637

1. Pre-Cross Pattern (15min):
EMA Distance Changes (%): ['0.192', '0.109', '0.018', '0.030']
EMA12 Changes (%): ['0.091', '0.133', '0.161', '0.090']
Price Changes (%): ['-0.143', '0.362', '0.315', '-0.296']
Candle Analysis:
    Body Sizes (%): ['0.117', '0.343', '0.323', '0.281']
    Upper Shadows (%): ['0.008', '0.045', '0.049', '0.037']
    Lower Shadows (%): ['0.166', '0.064', '0.218', '0.082']
Volumes: [np.float64(92667.0), np.float64(86985.0), np.float64(132649.0), np.float64(150963.0)]
2025-05-15 21:06:14,409 - INFO - 
2. Post-Cross Movement (30min):
5min Price Changes (%): ['0.000']
Maximum Change: 0.000% after 0 minutes
Candle Analysis:
    Body Sizes (%): ['0.004']
    Upper Shadows (%): ['0.158']
    Lower Shadows (%): ['0.000']
Volumes: [np.float64(21343.0)]
==================================================
2025-05-15 21:10:47,030 - INFO - 
==================================================
EMA Cross Analysis - DOT/USDT
Time: 2025-05-15 21:05:00+09:00
Type: dead
Cross Character (Current): Weak
Cross Character (New): Weak
Price at Cross: 4.77

1. Pre-Cross Pattern (15min):
EMA Distance Changes (%): ['0.018', '0.006', '0.007', '0.003']
EMA12 Changes (%): ['0.024', '0.043', '0.004', '-0.019']
Price Changes (%): ['-0.021', '0.146', '-0.209', '-0.147']
Candle Analysis:
    Body Sizes (%): ['0.000', '0.125', '0.188', '0.126']
    Upper Shadows (%): ['0.063', '0.042', '0.146', '0.293']
    Lower Shadows (%): ['0.146', '0.125', '0.063', '0.084']
Volumes: [np.float64(57960.0), np.float64(62791.3), np.float64(157356.4), np.float64(98499.1)]
2025-05-15 21:10:47,030 - INFO - 
2. Post-Cross Movement (30min):
5min Price Changes (%): ['0.168']
Maximum Change: 0.168% after 5 minutes
Candle Analysis:
    Body Sizes (%): ['0.147']
    Upper Shadows (%): ['0.000']
    Lower Shadows (%): ['0.000']
Volumes: [np.float64(14378.5)]
==================================================
2025-05-15 21:10:50,131 - INFO - 
==================================================
EMA Cross Analysis - ATA/USDT
Time: 2025-05-15 21:05:00+09:00
Type: dead
Cross Character (Current): Weak
Cross Character (New): Weak
Price at Cross: 0.0621

1. Pre-Cross Pattern (15min):
EMA Distance Changes (%): ['0.030', '0.006', '0.000', '0.008']
EMA12 Changes (%): ['0.021', '0.043', '0.011', '-0.015']
Price Changes (%): ['0.000', '0.161', '-0.161', '-0.161']
Candle Analysis:
    Body Sizes (%): ['0.161', '0.000', '0.321', '0.321']
    Upper Shadows (%): ['0.161', '0.321', '0.321', '0.161']
    Lower Shadows (%): ['0.000', '0.161', '0.000', '0.000']
Volumes: [np.float64(55318.0), np.float64(86989.0), np.float64(310360.0), np.float64(126455.0)]
2025-05-15 21:10:50,131 - INFO - 
2. Post-Cross Movement (30min):
5min Price Changes (%): ['0.161']
Maximum Change: 0.161% after 5 minutes
Candle Analysis:
    Body Sizes (%): ['0.000']
    Upper Shadows (%): ['0.161']
    Lower Shadows (%): ['0.000']
Volumes: [np.float64(11176.0)]
==================================================
2025-05-15 21:10:51,286 - INFO - 
==================================================
EMA Cross Analysis - GOAT/USDT
Time: 2025-05-15 21:05:00+09:00
Type: dead
Cross Character (Current): Weak
Cross Character (New): Weak
Price at Cross: 0.18364

1. Pre-Cross Pattern (15min):
EMA Distance Changes (%): ['0.150', '0.095', '0.018', '0.049']
EMA12 Changes (%): ['-0.112', '-0.084', '-0.135', '-0.126']
Price Changes (%): ['-0.281', '0.070', '-0.417', '-0.076']
Candle Analysis:
    Body Sizes (%): ['0.287', '0.076', '0.412', '0.076']
    Upper Shadows (%): ['0.000', '0.282', '0.276', '0.724']
    Lower Shadows (%): ['0.541', '0.184', '0.423', '0.218']
Volumes: [np.float64(2389783.0), np.float64(879544.0), np.float64(1602904.0), np.float64(1037210.0)]
2025-05-15 21:10:51,287 - INFO - 
2. Post-Cross Movement (30min):
5min Price Changes (%): ['0.223']
Maximum Change: 0.223% after 5 minutes
Candle Analysis:
    Body Sizes (%): ['0.218']
    Upper Shadows (%): ['0.071']
    Lower Shadows (%): ['0.000']
Volumes: [np.float64(85386.0)]
==================================================
2025-05-15 21:10:52,800 - INFO - 
==================================================
EMA Cross Analysis - BRETT/USDT
Time: 2025-05-15 21:05:00+09:00
Type: dead
Cross Character (Current): Weak
Cross Character (New): Weak
Price at Cross: 0.06936

1. Pre-Cross Pattern (15min):
EMA Distance Changes (%): ['0.068', '0.067', '0.024', '0.039']
EMA12 Changes (%): ['-0.054', '0.007', '-0.073', '-0.117']
Price Changes (%): ['-0.286', '0.344', '-0.515', '-0.359']
Candle Analysis:
    Body Sizes (%): ['0.243', '0.330', '0.458', '0.359']
    Upper Shadows (%): ['0.014', '0.143', '0.129', '0.374']
    Lower Shadows (%): ['0.315', '0.172', '0.043', '0.187']
Volumes: [np.float64(640416.0), np.float64(556098.0), np.float64(637692.0), np.float64(679762.0)]
2025-05-15 21:10:52,800 - INFO - 
2. Post-Cross Movement (30min):
5min Price Changes (%): ['0.245']
Maximum Change: 0.245% after 5 minutes
Candle Analysis:
    Body Sizes (%): ['0.202']
    Upper Shadows (%): ['0.014']
    Lower Shadows (%): ['0.000']
Volumes: [np.float64(72764.0)]
==================================================
2025-05-15 21:10:53,460 - INFO - 
==================================================
EMA Cross Analysis - MELANIA/USDT
Time: 2025-05-15 21:05:00+09:00
Type: dead
Cross Character (Current): Weak
Cross Character (New): Weak
Price at Cross: 0.3617

1. Pre-Cross Pattern (15min):
EMA Distance Changes (%): ['0.088', '0.088', '0.046', '0.004']
EMA12 Changes (%): ['-0.005', '0.013', '-0.069', '-0.088']
Price Changes (%): ['-0.192', '0.110', '-0.522', '-0.193']
Candle Analysis:
    Body Sizes (%): ['0.165', '0.110', '0.494', '0.166']
    Upper Shadows (%): ['0.137', '0.137', '0.000', '0.221']
    Lower Shadows (%): ['0.274', '0.027', '0.165', '0.221']
Volumes: [np.float64(385070.77), np.float64(109639.78), np.float64(339530.71), np.float64(275531.98)]
2025-05-15 21:10:53,461 - INFO - 
2. Post-Cross Movement (30min):
5min Price Changes (%): ['0.000']
Maximum Change: 0.000% after 0 minutes
Candle Analysis:
    Body Sizes (%): ['0.000']
    Upper Shadows (%): ['0.111']
    Lower Shadows (%): ['0.055']
Volumes: [np.float64(82647.12)]
==================================================
2025-05-15 21:15:20,850 - INFO - 
==================================================
EMA Cross Analysis - BAKE/USDT
Time: 2025-05-15 21:10:00+09:00
Type: dead
Cross Character (Current): Weak
Cross Character (New): Weak
Price at Cross: 0.1383

1. Pre-Cross Pattern (15min):
EMA Distance Changes (%): ['0.024', '0.004', '0.000', '0.020']
EMA12 Changes (%): ['0.015', '0.035', '0.008', '-0.038']
Price Changes (%): ['-0.144', '0.144', '-0.144', '-0.288']
Candle Analysis:
    Body Sizes (%): ['0.144', '0.072', '0.144', '0.360']
    Upper Shadows (%): ['0.072', '0.432', '0.288', '0.288']
    Lower Shadows (%): ['0.072', '0.072', '0.144', '0.072']
Volumes: [np.float64(58615.0), np.float64(207100.0), np.float64(98253.0), np.float64(125914.0)]
2025-05-15 21:15:20,851 - INFO - 
2. Post-Cross Movement (30min):
5min Price Changes (%): ['0.000']
Maximum Change: 0.000% after 0 minutes
Candle Analysis:
    Body Sizes (%): ['0.072']
    Upper Shadows (%): ['0.072']
    Lower Shadows (%): ['0.000']
Volumes: [np.float64(11836.0)]
==================================================
2025-05-15 21:15:21,797 - INFO - 
==================================================
EMA Cross Analysis - LINK/USDT
Time: 2025-05-15 21:15:00+09:00
Type: dead
Cross Character (Current): Weak
Cross Character (New): Weak
Price at Cross: 16.238

1. Pre-Cross Pattern (15min):
EMA Distance Changes (%): ['0.027', '0.016', '0.008', '0.001']
EMA12 Changes (%): ['0.011', '-0.018', '-0.013', '-0.016']
Price Changes (%): ['-0.196', '-0.178', '0.012', '-0.031']
Candle Analysis:
    Body Sizes (%): ['0.190', '0.172', '0.000', '0.025']
    Upper Shadows (%): ['0.233', '0.234', '0.259', '0.018']
    Lower Shadows (%): ['0.000', '0.104', '0.092', '0.068']
Volumes: [np.float64(73214.98), np.float64(65576.01), np.float64(47613.28), np.float64(4037.48)]
2025-05-15 21:15:21,797 - INFO - 
2. Post-Cross Movement (30min):
5min Price Changes (%): []
Maximum Change: 0.000% after 0 minutes
Candle Analysis:
    Body Sizes (%): []
    Upper Shadows (%): []
    Lower Shadows (%): []
Volumes: []
==================================================
2025-05-15 21:15:23,722 - INFO - 
==================================================
EMA Cross Analysis - GALA/USDT
Time: 2025-05-15 21:15:00+09:00
Type: dead
Cross Character (Current): Weak
Cross Character (New): Weak
Price at Cross: 0.02022

1. Pre-Cross Pattern (15min):
EMA Distance Changes (%): ['0.068', '0.033', '0.002', '0.022']
EMA12 Changes (%): ['-0.040', '-0.056', '-0.055', '-0.047']
Price Changes (%): ['-0.589', '-0.148', '-0.049', '0.000']
Candle Analysis:
    Body Sizes (%): ['0.540', '0.197', '0.049', '0.000']
    Upper Shadows (%): ['0.098', '0.247', '0.395', '0.049']
    Lower Shadows (%): ['0.000', '0.197', '0.049', '0.099']
Volumes: [np.float64(18508710.0), np.float64(12802781.0), np.float64(17337761.0), np.float64(1173108.0)]
2025-05-15 21:15:23,723 - INFO - 
2. Post-Cross Movement (30min):
5min Price Changes (%): []
Maximum Change: 0.000% after 0 minutes
Candle Analysis:
    Body Sizes (%): []
    Upper Shadows (%): []
    Lower Shadows (%): []
Volumes: []
==================================================
2025-05-15 21:15:25,961 - INFO - 
==================================================
EMA Cross Analysis - XRP/USDT
Time: 2025-05-15 21:10:00+09:00
Type: dead
Cross Character (Current): Weak
Cross Character (New): Weak
Price at Cross: 2.4636

1. Pre-Cross Pattern (15min):
EMA Distance Changes (%): ['0.031', '0.026', '0.008', '0.011']
EMA12 Changes (%): ['0.045', '-0.006', '-0.032', '-0.035']
Price Changes (%): ['0.170', '-0.283', '-0.174', '-0.053']
Candle Analysis:
    Body Sizes (%): ['0.166', '0.283', '0.178', '0.057']
    Upper Shadows (%): ['0.065', '0.109', '0.154', '0.239']
    Lower Shadows (%): ['0.044', '0.000', '0.134', '0.073']
Volumes: [np.float64(1685112.4), np.float64(3032525.1), np.float64(3257872.1), np.float64(2200179.0)]
2025-05-15 21:15:25,961 - INFO - 
2. Post-Cross Movement (30min):
5min Price Changes (%): ['-0.016']
Maximum Change: -0.016% after 5 minutes
Candle Analysis:
    Body Sizes (%): ['0.020']
    Upper Shadows (%): ['0.012']
    Lower Shadows (%): ['0.069']
Volumes: [np.float64(158504.2)]
==================================================
2025-05-15 21:15:26,683 - INFO - 
==================================================
EMA Cross Analysis - RENDER/USDT
Time: 2025-05-15 21:15:00+09:00
Type: dead
Cross Character (Current): Weak
Cross Character (New): Weak
Price at Cross: 4.818

1. Pre-Cross Pattern (15min):
EMA Distance Changes (%): ['0.020', '0.015', '0.007', '0.002']
EMA12 Changes (%): ['0.003', '-0.007', '-0.013', '-0.017']
Price Changes (%): ['-0.331', '-0.062', '-0.041', '-0.041']
Candle Analysis:
    Body Sizes (%): ['0.310', '0.062', '0.041', '0.062']
    Upper Shadows (%): ['0.207', '0.352', '0.394', '0.021']
    Lower Shadows (%): ['0.000', '0.124', '0.041', '0.041']
Volumes: [np.float64(52122.8), np.float64(26510.0), np.float64(27987.3), np.float64(2322.9)]
2025-05-15 21:15:26,683 - INFO - 
2. Post-Cross Movement (30min):
5min Price Changes (%): []
Maximum Change: 0.000% after 0 minutes
Candle Analysis:
    Body Sizes (%): []
    Upper Shadows (%): []
    Lower Shadows (%): []
Volumes: []
==================================================
2025-05-15 21:15:26,914 - INFO - 
==================================================
EMA Cross Analysis - PENGU/USDT
Time: 2025-05-15 21:15:00+09:00
Type: dead
Cross Character (Current): Weak
Cross Character (New): Weak
Price at Cross: 0.013453

1. Pre-Cross Pattern (15min):
EMA Distance Changes (%): ['0.180', '0.132', '0.010', '0.079']
EMA12 Changes (%): ['0.030', '-0.067', '-0.216', '-0.168']
Price Changes (%): ['-0.263', '-0.600', '-1.038', '0.097']
Candle Analysis:
    Body Sizes (%): ['0.292', '0.600', '1.053', '0.089']
    Upper Shadows (%): ['0.277', '0.198', '0.265', '0.022']
    Lower Shadows (%): ['0.036', '0.176', '0.405', '0.060']
Volumes: [np.float64(40334448.0), np.float64(39339745.0), np.float64(131948340.0), np.float64(17803309.0)]
2025-05-15 21:15:26,915 - INFO - 
2. Post-Cross Movement (30min):
5min Price Changes (%): []
Maximum Change: 0.000% after 0 minutes
Candle Analysis:
    Body Sizes (%): []
    Upper Shadows (%): []
    Lower Shadows (%): []
Volumes: []
==================================================
2025-05-15 21:15:29,714 - INFO - 
==================================================
EMA Cross Analysis - USUAL/USDT
Time: 2025-05-15 21:10:00+09:00
Type: dead
Cross Character (Current): Weak
Cross Character (New): Weak
Price at Cross: 0.1441

1. Pre-Cross Pattern (15min):
EMA Distance Changes (%): ['0.115', '0.095', '0.051', '0.017']
EMA12 Changes (%): ['0.049', '-0.022', '-0.072', '-0.124']
Price Changes (%): ['0.137', '-0.412', '-0.344', '-0.415']
Candle Analysis:
    Body Sizes (%): ['0.206', '0.412', '0.276', '0.415']
    Upper Shadows (%): ['0.206', '0.137', '0.345', '0.276']
    Lower Shadows (%): ['0.137', '0.000', '0.138', '0.138']
Volumes: [np.float64(462865.0), np.float64(876869.0), np.float64(717426.0), np.float64(1052506.0)]
2025-05-15 21:15:29,715 - INFO - 
2. Post-Cross Movement (30min):
5min Price Changes (%): ['-0.139']
Maximum Change: -0.139% after 5 minutes
Candle Analysis:
    Body Sizes (%): ['0.069']
    Upper Shadows (%): ['0.069']
    Lower Shadows (%): ['0.069']
Volumes: [np.float64(159721.0)]
==================================================
2025-05-15 21:20:01,024 - INFO - 
==================================================
EMA Cross Analysis - ADA/USDT
Time: 2025-05-15 21:15:00+09:00
Type: dead
Cross Character (Current): Weak
Cross Character (New): Weak
Price at Cross: 0.7684

1. Pre-Cross Pattern (15min):
EMA Distance Changes (%): ['0.010', '0.006', '0.006', '0.001']
EMA12 Changes (%): ['0.021', '-0.006', '0.001', '-0.011']
Price Changes (%): ['-0.207', '-0.156', '0.039', '-0.078']
Candle Analysis:
    Body Sizes (%): ['0.194', '0.156', '0.026', '0.078']
    Upper Shadows (%): ['0.194', '0.208', '0.273', '0.208']
    Lower Shadows (%): ['0.000', '0.091', '0.078', '0.221']
Volumes: [np.float64(2865541.0), np.float64(2705034.0), np.float64(1491716.0), np.float64(1921309.0)]
2025-05-15 21:20:01,024 - INFO - 
2. Post-Cross Movement (30min):
5min Price Changes (%): ['-0.026']
Maximum Change: -0.026% after 5 minutes
Candle Analysis:
    Body Sizes (%): ['0.013']
    Upper Shadows (%): ['0.000']
    Lower Shadows (%): ['0.000']
Volumes: [np.float64(6453.0)]
==================================================
2025-05-15 21:20:01,597 - INFO - 
==================================================
EMA Cross Analysis - PENGU/USDT
Time: 2025-05-15 21:15:00+09:00
Type: dead
Cross Character (Current): Weak
Cross Character (New): Weak
Price at Cross: 0.013458

1. Pre-Cross Pattern (15min):
EMA Distance Changes (%): ['0.180', '0.132', '0.010', '0.076']
EMA12 Changes (%): ['0.030', '-0.067', '-0.216', '-0.163']
Price Changes (%): ['-0.263', '-0.600', '-1.038', '0.134']
Candle Analysis:
    Body Sizes (%): ['0.292', '0.600', '1.053', '0.126']
    Upper Shadows (%): ['0.277', '0.198', '0.265', '0.402']
    Lower Shadows (%): ['0.036', '0.176', '0.405', '0.067']
Volumes: [np.float64(40334448.0), np.float64(39339745.0), np.float64(131948340.0), np.float64(67183933.0)]
2025-05-15 21:20:01,597 - INFO - 
2. Post-Cross Movement (30min):
5min Price Changes (%): ['-0.059']
Maximum Change: -0.059% after 5 minutes
Candle Analysis:
    Body Sizes (%): ['0.045']
    Upper Shadows (%): ['0.000']
    Lower Shadows (%): ['0.000']
Volumes: [np.float64(115416.0)]
==================================================
2025-05-15 21:20:04,752 - INFO - 
==================================================
EMA Cross Analysis - VANA/USDT
Time: 2025-05-15 21:20:00+09:00
Type: dead
Cross Character (Current): Weak
Cross Character (New): Weak
Price at Cross: 6.109

1. Pre-Cross Pattern (15min):
EMA Distance Changes (%): ['0.068', '0.038', '0.008', '0.018']
EMA12 Changes (%): ['-0.046', '-0.049', '-0.052', '-0.049']
Price Changes (%): ['-0.439', '-0.065', '-0.065', '-0.033']
Candle Analysis:
    Body Sizes (%): ['0.391', '0.065', '0.082', '0.016']
    Upper Shadows (%): ['0.309', '0.507', '0.294', '0.000']
    Lower Shadows (%): ['0.049', '0.033', '0.245', '0.000']
Volumes: [np.float64(7968.42), np.float64(3655.7), np.float64(9385.42), np.float64(33.23)]
2025-05-15 21:20:04,753 - INFO - 
2. Post-Cross Movement (30min):
5min Price Changes (%): []
Maximum Change: 0.000% after 0 minutes
Candle Analysis:
    Body Sizes (%): []
    Upper Shadows (%): []
    Lower Shadows (%): []
Volumes: []
==================================================
2025-05-15 21:21:10,147 - INFO - 
==================================================
EMA Cross Analysis - GALA/USDT
Time: 2025-05-15 21:15:00+09:00
Type: dead
Cross Character (Current): Weak
Cross Character (New): Weak
Price at Cross: 0.02025

1. Pre-Cross Pattern (15min):
EMA Distance Changes (%): ['0.068', '0.033', '0.002', '0.011']
EMA12 Changes (%): ['-0.040', '-0.056', '-0.055', '-0.024']
Price Changes (%): ['-0.589', '-0.148', '-0.049', '0.148']
Candle Analysis:
    Body Sizes (%): ['0.540', '0.197', '0.049', '0.148']
    Upper Shadows (%): ['0.098', '0.247', '0.395', '0.198']
    Lower Shadows (%): ['0.000', '0.197', '0.049', '0.297']
Volumes: [np.float64(18508710.0), np.float64(12802781.0), np.float64(17337761.0), np.float64(14348104.0)]
2025-05-15 21:21:10,147 - INFO - 
2. Post-Cross Movement (30min):
5min Price Changes (%): ['0.049']
Maximum Change: 0.049% after 5 minutes
Candle Analysis:
    Body Sizes (%): ['0.049']
    Upper Shadows (%): ['0.000']
    Lower Shadows (%): ['0.148']
Volumes: [np.float64(3413769.0)]
==================================================
2025-05-15 21:21:13,557 - INFO - 
==================================================
EMA Cross Analysis - ATA/USDT
Time: 2025-05-15 21:20:00+09:00
Type: dead
Cross Character (Current): Weak
Cross Character (New): Weak
Price at Cross: 0.0621

1. Pre-Cross Pattern (15min):
EMA Distance Changes (%): ['0.008', '0.001', '0.004', '0.004']
EMA12 Changes (%): ['-0.015', '0.012', '0.010', '-0.016']
Price Changes (%): ['-0.161', '0.161', '0.000', '-0.161']
Candle Analysis:
    Body Sizes (%): ['0.321', '0.000', '0.000', '0.161']
    Upper Shadows (%): ['0.161', '0.322', '0.322', '0.000']
    Lower Shadows (%): ['0.000', '0.161', '0.322', '0.161']
Volumes: [np.float64(126455.0), np.float64(130766.0), np.float64(104032.0), np.float64(109782.0)]
2025-05-15 21:21:13,557 - INFO - 
2. Post-Cross Movement (30min):
5min Price Changes (%): []
Maximum Change: 0.000% after 0 minutes
Candle Analysis:
    Body Sizes (%): []
    Upper Shadows (%): []
    Lower Shadows (%): []
Volumes: []
==================================================
2025-05-15 21:25:44,929 - INFO - 
==================================================
EMA Cross Analysis - MOODENG/USDT
Time: 2025-05-15 21:20:00+09:00
Type: golden
Cross Character (Current): Weak
Cross Character (New): Weak
Price at Cross: 0.23586

1. Pre-Cross Pattern (15min):
EMA Distance Changes (%): ['0.153', '0.138', '0.075', '0.019']
EMA12 Changes (%): ['-0.161', '0.005', '0.101', '0.171']
Price Changes (%): ['-0.573', '0.931', '0.631', '0.554']
Candle Analysis:
    Body Sizes (%): ['0.573', '0.940', '0.670', '0.576']
    Upper Shadows (%): ['1.025', '0.689', '1.554', '0.132']
    Lower Shadows (%): ['0.017', '0.004', '0.313', '0.695']
Volumes: [np.float64(11293917.0), np.float64(13227889.0), np.float64(30180298.0), np.float64(13167205.0)]
2025-05-15 21:25:44,929 - INFO - 
2. Post-Cross Movement (30min):
5min Price Changes (%): ['-0.276']
Maximum Change: -0.276% after 5 minutes
Candle Analysis:
    Body Sizes (%): ['0.280']
    Upper Shadows (%): ['0.055']
    Lower Shadows (%): ['0.216']
Volumes: [np.float64(1053062.0)]
==================================================
2025-05-15 21:25:52,952 - INFO - 
==================================================
EMA Cross Analysis - VANA/USDT
Time: 2025-05-15 21:20:00+09:00
Type: dead
Cross Character (Current): Weak
Cross Character (New): Weak
Price at Cross: 6.119

1. Pre-Cross Pattern (15min):
EMA Distance Changes (%): ['0.068', '0.038', '0.008', '0.005']
EMA12 Changes (%): ['-0.046', '-0.049', '-0.052', '-0.024']
Price Changes (%): ['-0.439', '-0.065', '-0.065', '0.131']
Candle Analysis:
    Body Sizes (%): ['0.391', '0.065', '0.082', '0.147']
    Upper Shadows (%): ['0.309', '0.507', '0.294', '0.360']
    Lower Shadows (%): ['0.049', '0.033', '0.245', '0.196']
Volumes: [np.float64(7968.42), np.float64(3655.7), np.float64(9385.42), np.float64(8599.99)]
2025-05-15 21:25:52,952 - INFO - 
2. Post-Cross Movement (30min):
5min Price Changes (%): ['0.327']
Maximum Change: 0.327% after 5 minutes
Candle Analysis:
    Body Sizes (%): ['0.261']
    Upper Shadows (%): ['0.033']
    Lower Shadows (%): ['0.000']
Volumes: [np.float64(966.88)]
==================================================
2025-05-15 21:30:21,979 - INFO - 
==================================================
EMA Cross Analysis - POL/USDT
Time: 2025-05-15 21:30:00+09:00
Type: golden
Cross Character (Current): Weak
Cross Character (New): Weak
Price at Cross: 0.23843

1. Pre-Cross Pattern (15min):
EMA Distance Changes (%): ['0.074', '0.063', '0.064', '0.014']
EMA12 Changes (%): ['-0.028', '0.010', '-0.011', '0.140']
Price Changes (%): ['0.106', '0.225', '-0.127', '0.970']
Candle Analysis:
    Body Sizes (%): ['0.102', '0.242', '0.135', '0.970']
    Upper Shadows (%): ['0.157', '0.170', '0.321', '0.271']
    Lower Shadows (%): ['0.221', '0.127', '0.051', '0.042']
Volumes: [np.float64(232231.0), np.float64(320060.0), np.float64(281163.0), np.float64(852992.0)]
2025-05-15 21:30:21,979 - INFO - 
2. Post-Cross Movement (30min):
5min Price Changes (%): []
Maximum Change: 0.000% after 0 minutes
Candle Analysis:
    Body Sizes (%): []
    Upper Shadows (%): []
    Lower Shadows (%): []
Volumes: []
==================================================
2025-05-15 21:30:23,621 - INFO - 
==================================================
EMA Cross Analysis - GALA/USDT
Time: 2025-05-15 21:25:00+09:00
Type: dead
Cross Character (Current): Weak
Cross Character (New): Weak
Price at Cross: 0.02019

1. Pre-Cross Pattern (15min):
EMA Distance Changes (%): ['0.002', '0.011', '0.015', '0.024']
EMA12 Changes (%): ['-0.055', '-0.024', '0.048', '-0.073']
Price Changes (%): ['-0.049', '0.148', '0.444', '-0.737']
Candle Analysis:
    Body Sizes (%): ['0.049', '0.148', '0.444', '0.737']
    Upper Shadows (%): ['0.395', '0.198', '0.148', '0.098']
    Lower Shadows (%): ['0.049', '0.297', '0.148', '0.098']
Volumes: [np.float64(17337761.0), np.float64(14348104.0), np.float64(13293552.0), np.float64(16228431.0)]
2025-05-15 21:30:23,621 - INFO - 
2. Post-Cross Movement (30min):
5min Price Changes (%): ['0.396']
Maximum Change: 0.396% after 5 minutes
Candle Analysis:
    Body Sizes (%): ['0.496']
    Upper Shadows (%): ['0.942']
    Lower Shadows (%): ['0.000']
Volumes: [np.float64(33835617.0)]
==================================================
2025-05-15 21:30:24,343 - INFO - 
==================================================
EMA Cross Analysis - DOT/USDT
Time: 2025-05-15 21:25:00+09:00
Type: dead
Cross Character (Current): Weak
Cross Character (New): Weak
Price at Cross: 4.771

1. Pre-Cross Pattern (15min):
EMA Distance Changes (%): ['0.008', '0.012', '0.002', '0.006']
EMA12 Changes (%): ['-0.010', '-0.008', '0.025', '-0.014']
Price Changes (%): ['0.042', '0.000', '0.210', '-0.230']
Candle Analysis:
    Body Sizes (%): ['0.021', '0.000', '0.231', '0.251']
    Upper Shadows (%): ['0.293', '0.210', '0.126', '0.209']
    Lower Shadows (%): ['0.042', '0.251', '0.126', '0.021']
Volumes: [np.float64(118845.0), np.float64(171898.7), np.float64(76285.6), np.float64(122973.3)]
2025-05-15 21:30:24,343 - INFO - 
2. Post-Cross Movement (30min):
5min Price Changes (%): ['0.440']
Maximum Change: 0.440% after 5 minutes
Candle Analysis:
    Body Sizes (%): ['0.440']
    Upper Shadows (%): ['0.566']
    Lower Shadows (%): ['0.042']
Volumes: [np.float64(240055.0)]
==================================================
2025-05-15 21:30:27,248 - INFO - 
==================================================
EMA Cross Analysis - ATA/USDT
Time: 2025-05-15 21:25:00+09:00
Type: dead
Cross Character (Current): Weak
Cross Character (New): Weak
Price at Cross: 0.062

1. Pre-Cross Pattern (15min):
EMA Distance Changes (%): ['0.001', '0.004', '0.008', '0.014']
EMA12 Changes (%): ['0.012', '0.010', '0.009', '-0.042']
Price Changes (%): ['0.161', '0.000', '0.000', '-0.322']
Candle Analysis:
    Body Sizes (%): ['0.000', '0.000', '0.000', '0.482']
    Upper Shadows (%): ['0.322', '0.322', '0.322', '0.161']
    Lower Shadows (%): ['0.161', '0.322', '0.322', '0.000']
Volumes: [np.float64(130766.0), np.float64(104032.0), np.float64(219769.0), np.float64(139757.0)]
2025-05-15 21:30:27,248 - INFO - 
2. Post-Cross Movement (30min):
5min Price Changes (%): ['0.806']
Maximum Change: 0.806% after 5 minutes
Candle Analysis:
    Body Sizes (%): ['0.644']
    Upper Shadows (%): ['1.449']
    Lower Shadows (%): ['0.000']
Volumes: [np.float64(402040.0)]
==================================================
2025-05-15 21:30:27,652 - INFO - 
==================================================
EMA Cross Analysis - SUI/USDT
Time: 2025-05-15 21:30:00+09:00
Type: golden
Cross Character (Current): Weak
Cross Character (New): Weak
Price at Cross: 3.7444

1. Pre-Cross Pattern (15min):
EMA Distance Changes (%): ['0.076', '0.040', '0.006', '0.045']
EMA12 Changes (%): ['-0.014', '0.058', '0.060', '0.098']
Price Changes (%): ['0.154', '0.450', '0.072', '0.308']
Candle Analysis:
    Body Sizes (%): ['0.156', '0.455', '0.075', '0.311']
    Upper Shadows (%): ['0.170', '0.059', '0.070', '0.600']
    Lower Shadows (%): ['0.208', '0.156', '0.145', '0.078']
Volumes: [np.float64(962787.8), np.float64(1045076.6), np.float64(680029.8), np.float64(1108746.0)]
2025-05-15 21:30:27,652 - INFO - 
2. Post-Cross Movement (30min):
5min Price Changes (%): []
Maximum Change: 0.000% after 0 minutes
Candle Analysis:
    Body Sizes (%): []
    Upper Shadows (%): []
    Lower Shadows (%): []
Volumes: []
==================================================
2025-05-15 21:35:01,945 - INFO - 
==================================================
EMA Cross Analysis - PENGU/USDT
Time: 2025-05-15 21:35:00+09:00
Type: golden
Cross Character (Current): Weak
Cross Character (New): Weak
Price at Cross: 0.013725

1. Pre-Cross Pattern (15min):
EMA Distance Changes (%): ['0.150', '0.177', '0.053', '0.037']
EMA12 Changes (%): ['-0.152', '-0.075', '0.212', '0.167']
Price Changes (%): ['-0.089', '0.350', '1.801', '-0.080']
Candle Analysis:
    Body Sizes (%): ['0.074', '0.357', '1.801', '0.036']
    Upper Shadows (%): ['0.245', '0.231', '0.074', '0.000']
    Lower Shadows (%): ['0.134', '0.022', '0.148', '0.007']
Volumes: [np.float64(39361612.0), np.float64(32614322.0), np.float64(125981371.0), np.float64(114250.0)]
2025-05-15 21:35:01,945 - INFO - 
2. Post-Cross Movement (30min):
5min Price Changes (%): []
Maximum Change: 0.000% after 0 minutes
Candle Analysis:
    Body Sizes (%): []
    Upper Shadows (%): []
    Lower Shadows (%): []
Volumes: []
==================================================
2025-05-15 21:35:02,186 - INFO - 
==================================================
EMA Cross Analysis - AIXBT/USDT
Time: 2025-05-15 21:30:00+09:00
Type: golden
Cross Character (Current): Weak
Cross Character (New): Weak
Price at Cross: 0.19341

1. Pre-Cross Pattern (15min):
EMA Distance Changes (%): ['0.125', '0.106', '0.131', '0.013']
EMA12 Changes (%): ['-0.038', '0.018', '-0.062', '0.259']
Price Changes (%): ['0.032', '0.326', '-0.504', '2.031']
Candle Analysis:
    Body Sizes (%): ['0.032', '0.342', '0.504', '2.020']
    Upper Shadows (%): ['0.400', '0.174', '0.341', '0.311']
    Lower Shadows (%): ['0.479', '0.200', '0.026', '0.100']
Volumes: [np.float64(724807.0), np.float64(453093.0), np.float64(708820.0), np.float64(4052457.0)]
2025-05-15 21:35:02,186 - INFO - 
2. Post-Cross Movement (30min):
5min Price Changes (%): ['0.093']
Maximum Change: 0.093% after 5 minutes
Candle Analysis:
    Body Sizes (%): ['0.150']
    Upper Shadows (%): ['0.005']
    Lower Shadows (%): ['0.016']
Volumes: [np.float64(14772.0)]
==================================================
2025-05-15 21:35:02,611 - INFO - 
==================================================
EMA Cross Analysis - NEAR/USDT
Time: 2025-05-15 21:30:00+09:00
Type: golden
Cross Character (Current): Weak
Cross Character (New): Weak
Price at Cross: 2.91

1. Pre-Cross Pattern (15min):
EMA Distance Changes (%): ['0.091', '0.070', '0.075', '0.030']
EMA12 Changes (%): ['-0.025', '0.027', '-0.020', '0.192']
Price Changes (%): ['0.140', '0.314', '-0.278', '1.358']
Candle Analysis:
    Body Sizes (%): ['0.140', '0.349', '0.312', '1.394']
    Upper Shadows (%): ['0.244', '0.174', '0.278', '0.000']
    Lower Shadows (%): ['0.209', '0.139', '0.035', '0.035']
Volumes: [np.float64(131007.0), np.float64(119779.0), np.float64(121117.0), np.float64(1005786.0)]
2025-05-15 21:35:02,612 - INFO - 
2. Post-Cross Movement (30min):
5min Price Changes (%): ['0.000']
Maximum Change: 0.000% after 0 minutes
Candle Analysis:
    Body Sizes (%): ['0.000']
    Upper Shadows (%): ['0.034']
    Lower Shadows (%): ['0.000']
Volumes: [np.float64(1902.0)]
==================================================
2025-05-15 21:35:03,430 - INFO - 
==================================================
EMA Cross Analysis - GOAT/USDT
Time: 2025-05-15 21:35:00+09:00
Type: golden
Cross Character (Current): Weak
Cross Character (New): Weak
Price at Cross: 0.18744

1. Pre-Cross Pattern (15min):
EMA Distance Changes (%): ['0.198', '0.327', '0.135', '0.005']
EMA12 Changes (%): ['-0.082', '-0.268', '0.310', '0.254']
Price Changes (%): ['0.213', '-1.297', '3.551', '-0.048']
Candle Analysis:
    Body Sizes (%): ['0.240', '1.297', '3.579', '0.064']
    Upper Shadows (%): ['0.290', '0.191', '0.055', '0.011']
    Lower Shadows (%): ['0.257', '0.131', '0.028', '0.000']
Volumes: [np.float64(1874042.0), np.float64(2768167.0), np.float64(7861058.0), np.float64(10947.0)]
2025-05-15 21:35:03,430 - INFO - 
2. Post-Cross Movement (30min):
5min Price Changes (%): []
Maximum Change: 0.000% after 0 minutes
Candle Analysis:
    Body Sizes (%): []
    Upper Shadows (%): []
    Lower Shadows (%): []
Volumes: []
==================================================
2025-05-15 21:35:04,150 - INFO - 
==================================================
EMA Cross Analysis - ZEN/USDT
Time: 2025-05-15 21:30:00+09:00
Type: golden
Cross Character (Current): Weak
Cross Character (New): Weak
Price at Cross: 9.848

1. Pre-Cross Pattern (15min):
EMA Distance Changes (%): ['0.046', '0.017', '0.021', '0.088']
EMA12 Changes (%): ['0.005', '0.049', '-0.009', '0.209']
Price Changes (%): ['0.227', '0.288', '-0.328', '1.411']
Candle Analysis:
    Body Sizes (%): ['0.196', '0.392', '0.328', '1.463']
    Upper Shadows (%): ['0.206', '0.103', '0.257', '0.124']
    Lower Shadows (%): ['0.268', '0.124', '0.092', '0.052']
Volumes: [np.float64(1713.9), np.float64(1087.2), np.float64(1440.0), np.float64(24354.1)]
2025-05-15 21:35:04,151 - INFO - 
2. Post-Cross Movement (30min):
5min Price Changes (%): ['0.041']
Maximum Change: 0.041% after 5 minutes
Candle Analysis:
    Body Sizes (%): ['0.010']
    Upper Shadows (%): ['0.051']
    Lower Shadows (%): ['0.000']
Volumes: [np.float64(220.5)]
==================================================
2025-05-15 21:35:04,640 - INFO - 
==================================================
EMA Cross Analysis - USUAL/USDT
Time: 2025-05-15 21:30:00+09:00
Type: golden
Cross Character (Current): Weak
Cross Character (New): Weak
Price at Cross: 0.1472

1. Pre-Cross Pattern (15min):
EMA Distance Changes (%): ['0.065', '0.085', '0.128', '0.017']
EMA12 Changes (%): ['-0.095', '-0.048', '-0.094', '0.261']
Price Changes (%): ['0.069', '0.208', '-0.346', '2.222']
Candle Analysis:
    Body Sizes (%): ['0.139', '0.278', '0.346', '2.222']
    Upper Shadows (%): ['0.347', '0.278', '0.415', '0.208']
    Lower Shadows (%): ['0.278', '0.278', '0.138', '0.139']
Volumes: [np.float64(966695.0), np.float64(699374.0), np.float64(471022.0), np.float64(4141622.0)]
2025-05-15 21:35:04,640 - INFO - 
2. Post-Cross Movement (30min):
5min Price Changes (%): ['0.136']
Maximum Change: 0.136% after 5 minutes
Candle Analysis:
    Body Sizes (%): ['0.136']
    Upper Shadows (%): ['0.000']
    Lower Shadows (%): ['0.000']
Volumes: [np.float64(14995.0)]
==================================================
2025-05-15 21:35:04,883 - INFO - 
==================================================
EMA Cross Analysis - BRETT/USDT
Time: 2025-05-15 21:30:00+09:00
Type: golden
Cross Character (Current): Weak
Cross Character (New): Weak
Price at Cross: 0.071

1. Pre-Cross Pattern (15min):
EMA Distance Changes (%): ['0.133', '0.139', '0.146', '0.022']
EMA12 Changes (%): ['-0.092', '-0.031', '-0.033', '0.303']
Price Changes (%): ['-0.014', '0.303', '-0.043', '2.158']
Candle Analysis:
    Body Sizes (%): ['0.043', '0.346', '0.058', '2.202']
    Upper Shadows (%): ['0.375', '0.260', '0.561', '0.115']
    Lower Shadows (%): ['0.505', '0.274', '0.129', '0.086']
Volumes: [np.float64(1136925.0), np.float64(860675.0), np.float64(591623.0), np.float64(5958730.0)]
2025-05-15 21:35:04,884 - INFO - 
2. Post-Cross Movement (30min):
5min Price Changes (%): ['0.028']
Maximum Change: 0.028% after 5 minutes
Candle Analysis:
    Body Sizes (%): ['0.028']
    Upper Shadows (%): ['0.070']
    Lower Shadows (%): ['0.014']
Volumes: [np.float64(47704.0)]
==================================================
2025-05-15 21:35:05,381 - INFO - 
==================================================
EMA Cross Analysis - VANA/USDT
Time: 2025-05-15 21:30:00+09:00
Type: golden
Cross Character (Current): Weak
Cross Character (New): Weak
Price at Cross: 6.201

1. Pre-Cross Pattern (15min):
EMA Distance Changes (%): ['0.008', '0.005', '0.029', '0.072']
EMA12 Changes (%): ['-0.052', '-0.024', '-0.048', '0.193']
Price Changes (%): ['-0.065', '0.131', '-0.180', '1.523']
Candle Analysis:
    Body Sizes (%): ['0.082', '0.147', '0.245', '1.523']
    Upper Shadows (%): ['0.294', '0.360', '0.376', '0.065']
    Lower Shadows (%): ['0.245', '0.196', '0.016', '0.049']
Volumes: [np.float64(9385.42), np.float64(8599.99), np.float64(6238.61), np.float64(42346.92)]
2025-05-15 21:35:05,381 - INFO - 
2. Post-Cross Movement (30min):
5min Price Changes (%): ['0.065']
Maximum Change: 0.065% after 5 minutes
Candle Analysis:
    Body Sizes (%): ['0.065']
    Upper Shadows (%): ['0.048']
    Lower Shadows (%): ['0.000']
Volumes: [np.float64(378.04)]
==================================================
2025-05-15 21:35:05,634 - INFO - 
==================================================
EMA Cross Analysis - MELANIA/USDT
Time: 2025-05-15 21:30:00+09:00
Type: golden
Cross Character (Current): Weak
Cross Character (New): Weak
Price at Cross: 0.3669

1. Pre-Cross Pattern (15min):
EMA Distance Changes (%): ['0.079', '0.058', '0.072', '0.022']
EMA12 Changes (%): ['-0.045', '0.029', '-0.034', '0.170']
Price Changes (%): ['0.305', '0.442', '-0.385', '1.298']
Candle Analysis:
    Body Sizes (%): ['0.305', '0.498', '0.412', '1.326']
    Upper Shadows (%): ['0.333', '0.111', '0.110', '0.166']
    Lower Shadows (%): ['0.194', '0.166', '0.082', '0.055']
Volumes: [np.float64(258498.87), np.float64(299133.34), np.float64(96676.95), np.float64(632507.86)]
2025-05-15 21:35:05,634 - INFO - 
2. Post-Cross Movement (30min):
5min Price Changes (%): ['0.109']
Maximum Change: 0.109% after 5 minutes
Candle Analysis:
    Body Sizes (%): ['0.136']
    Upper Shadows (%): ['0.055']
    Lower Shadows (%): ['0.055']
Volumes: [np.float64(4515.35)]
==================================================
2025-05-15 21:36:06,129 - INFO - 
==================================================
EMA Cross Analysis - DOGS/USDT
Time: 2025-05-15 21:35:00+09:00
Type: golden
Cross Character (Current): Weak
Cross Character (New): Weak
Price at Cross: 0.0002068

1. Pre-Cross Pattern (15min):
EMA Distance Changes (%): ['0.190', '0.200', '0.044', '0.034']
EMA12 Changes (%): ['0.009', '-0.045', '0.271', '0.146']
Price Changes (%): ['0.245', '-0.342', '2.012', '-0.529']
Candle Analysis:
    Body Sizes (%): ['0.294', '0.294', '1.962', '0.529']
    Upper Shadows (%): ['0.196', '0.440', '0.294', '0.192']
    Lower Shadows (%): ['0.196', '0.000', '0.049', '0.096']
Volumes: [np.float64(483859680.0), np.float64(389602472.0), np.float64(2307452986.0), np.float64(178787675.0)]
2025-05-15 21:36:06,130 - INFO - 
2. Post-Cross Movement (30min):
5min Price Changes (%): []
Maximum Change: 0.000% after 0 minutes
Candle Analysis:
    Body Sizes (%): []
    Upper Shadows (%): []
    Lower Shadows (%): []
Volumes: []
==================================================
2025-05-15 21:36:07,999 - INFO - 
==================================================
EMA Cross Analysis - BAKE/USDT
Time: 2025-05-15 21:30:00+09:00
Type: golden
Cross Character (Current): Weak
Cross Character (New): Weak
Price at Cross: 0.1401

1. Pre-Cross Pattern (15min):
EMA Distance Changes (%): ['0.035', '0.018', '0.044', '0.050']
EMA12 Changes (%): ['-0.032', '0.028', '-0.054', '0.177']
Price Changes (%): ['0.000', '0.362', '-0.504', '1.448']
Candle Analysis:
    Body Sizes (%): ['0.072', '0.434', '0.576', '1.522']
    Upper Shadows (%): ['0.217', '0.145', '0.288', '0.000']
    Lower Shadows (%): ['0.289', '0.072', '0.144', '0.000']
Volumes: [np.float64(241314.0), np.float64(107020.0), np.float64(165229.0), np.float64(828936.0)]
2025-05-15 21:36:07,999 - INFO - 
2. Post-Cross Movement (30min):
5min Price Changes (%): ['-0.357']
Maximum Change: -0.357% after 5 minutes
Candle Analysis:
    Body Sizes (%): ['0.357']
    Upper Shadows (%): ['0.214']
    Lower Shadows (%): ['0.000']
Volumes: [np.float64(61497.0)]
==================================================
2025-05-15 21:36:09,123 - INFO - 
==================================================
EMA Cross Analysis - POL/USDT
Time: 2025-05-15 21:30:00+09:00
Type: golden
Cross Character (Current): Weak
Cross Character (New): Weak
Price at Cross: 0.23864

1. Pre-Cross Pattern (15min):
EMA Distance Changes (%): ['0.074', '0.063', '0.064', '0.021']
EMA12 Changes (%): ['-0.028', '0.010', '-0.011', '0.154']
Price Changes (%): ['0.106', '0.225', '-0.127', '1.059']
Candle Analysis:
    Body Sizes (%): ['0.102', '0.242', '0.135', '1.059']
    Upper Shadows (%): ['0.157', '0.170', '0.321', '0.182']
    Lower Shadows (%): ['0.221', '0.127', '0.051', '0.042']
Volumes: [np.float64(232231.0), np.float64(320060.0), np.float64(281163.0), np.float64(2142535.0)]
2025-05-15 21:36:09,124 - INFO - 
2. Post-Cross Movement (30min):
5min Price Changes (%): ['-0.134']
Maximum Change: -0.134% after 5 minutes
Candle Analysis:
    Body Sizes (%): ['0.138']
    Upper Shadows (%): ['0.172']
    Lower Shadows (%): ['0.000']
Volumes: [np.float64(242219.0)]
==================================================
2025-05-15 21:36:09,611 - INFO - 
==================================================
EMA Cross Analysis - ATOM/USDT
Time: 2025-05-15 21:35:00+09:00
Type: golden
Cross Character (Current): Weak
Cross Character (New): Weak
Price at Cross: 4.9

1. Pre-Cross Pattern (15min):
EMA Distance Changes (%): ['0.086', '0.100', '0.027', '0.013']
EMA12 Changes (%): ['0.003', '-0.039', '0.125', '0.074']
Price Changes (%): ['0.185', '-0.267', '1.029', '-0.204']
Candle Analysis:
    Body Sizes (%): ['0.185', '0.287', '1.029', '0.224']
    Upper Shadows (%): ['0.062', '0.205', '0.021', '0.122']
    Lower Shadows (%): ['0.082', '0.000', '0.206', '0.020']
Volumes: [np.float64(27233.21), np.float64(31479.39), np.float64(238927.44), np.float64(31852.54)]
2025-05-15 21:36:09,611 - INFO - 
2. Post-Cross Movement (30min):
5min Price Changes (%): []
Maximum Change: 0.000% after 0 minutes
Candle Analysis:
    Body Sizes (%): []
    Upper Shadows (%): []
    Lower Shadows (%): []
Volumes: []
==================================================
2025-05-15 21:36:10,818 - INFO - 
==================================================
EMA Cross Analysis - GALA/USDT
Time: 2025-05-15 21:30:00+09:00
Type: golden
Cross Character (Current): Weak
Cross Character (New): Weak
Price at Cross: 0.02053

1. Pre-Cross Pattern (15min):
EMA Distance Changes (%): ['0.011', '0.015', '0.024', '0.078']
EMA12 Changes (%): ['-0.024', '0.048', '-0.073', '0.196']
Price Changes (%): ['0.148', '0.444', '-0.737', '1.684']
Candle Analysis:
    Body Sizes (%): ['0.148', '0.444', '0.737', '1.785']
    Upper Shadows (%): ['0.198', '0.148', '0.098', '0.198']
    Lower Shadows (%): ['0.297', '0.148', '0.098', '0.000']
Volumes: [np.float64(14348104.0), np.float64(13293552.0), np.float64(16228431.0), np.float64(104991533.0)]
2025-05-15 21:36:10,818 - INFO - 
2. Post-Cross Movement (30min):
5min Price Changes (%): ['-0.390']
Maximum Change: -0.390% after 5 minutes
Candle Analysis:
    Body Sizes (%): ['0.341']
    Upper Shadows (%): ['0.292']
    Lower Shadows (%): ['0.049']
Volumes: [np.float64(7184079.0)]
==================================================
2025-05-15 21:36:11,530 - INFO - 
==================================================
EMA Cross Analysis - DOT/USDT
Time: 2025-05-15 21:30:00+09:00
Type: golden
Cross Character (Current): Weak
Cross Character (New): Weak
Price at Cross: 4.82

1. Pre-Cross Pattern (15min):
EMA Distance Changes (%): ['0.012', '0.002', '0.006', '0.070']
EMA12 Changes (%): ['-0.008', '0.025', '-0.014', '0.146']
Price Changes (%): ['0.000', '0.210', '-0.230', '1.027']
Candle Analysis:
    Body Sizes (%): ['0.000', '0.231', '0.251', '1.027']
    Upper Shadows (%): ['0.210', '0.126', '0.209', '0.000']
    Lower Shadows (%): ['0.251', '0.126', '0.021', '0.042']
Volumes: [np.float64(171898.7), np.float64(76285.6), np.float64(122973.3), np.float64(710701.6)]
2025-05-15 21:36:11,530 - INFO - 
2. Post-Cross Movement (30min):
5min Price Changes (%): ['-0.249']
Maximum Change: -0.249% after 5 minutes
Candle Analysis:
    Body Sizes (%): ['0.270']
    Upper Shadows (%): ['0.062']
    Lower Shadows (%): ['0.041']
Volumes: [np.float64(91169.8)]
==================================================
2025-05-15 21:36:13,007 - INFO - 
==================================================
EMA Cross Analysis - XRP/USDT
Time: 2025-05-15 21:30:00+09:00
Type: golden
Cross Character (Current): Weak
Cross Character (New): Weak
Price at Cross: 2.4872

1. Pre-Cross Pattern (15min):
EMA Distance Changes (%): ['0.026', '0.015', '0.015', '0.048']
EMA12 Changes (%): ['-0.030', '0.017', '-0.003', '0.120']
Price Changes (%): ['-0.004', '0.280', '-0.113', '0.794']
Candle Analysis:
    Body Sizes (%): ['0.008', '0.280', '0.117', '0.794']
    Upper Shadows (%): ['0.175', '0.126', '0.154', '0.000']
    Lower Shadows (%): ['0.215', '0.106', '0.016', '0.158']
Volumes: [np.float64(2495220.6), np.float64(2660975.3), np.float64(2655758.4), np.float64(11122710.9)]
2025-05-15 21:36:13,007 - INFO - 
2. Post-Cross Movement (30min):
5min Price Changes (%): ['-0.298']
Maximum Change: -0.298% after 5 minutes
Candle Analysis:
    Body Sizes (%): ['0.294']
    Upper Shadows (%): ['0.024']
    Lower Shadows (%): ['0.000']
Volumes: [np.float64(2057296.6)]
==================================================
2025-05-15 21:36:13,502 - INFO - 
==================================================
EMA Cross Analysis - WLD/USDT
Time: 2025-05-15 21:30:00+09:00
Type: golden
Cross Character (Current): Weak
Cross Character (New): Weak
Price at Cross: 1.1917

1. Pre-Cross Pattern (15min):
EMA Distance Changes (%): ['0.027', '0.005', '0.022', '0.103']
EMA12 Changes (%): ['-0.012', '0.040', '-0.033', '0.239']
Price Changes (%): ['0.017', '0.324', '-0.434', '1.742']
Candle Analysis:
    Body Sizes (%): ['0.017', '0.350', '0.459', '1.750']
    Upper Shadows (%): ['0.375', '0.162', '0.195', '0.009']
    Lower Shadows (%): ['0.290', '0.171', '0.085', '0.102']
Volumes: [np.float64(342440.0), np.float64(354164.0), np.float64(475459.0), np.float64(2055664.0)]
2025-05-15 21:36:13,502 - INFO - 
2. Post-Cross Movement (30min):
5min Price Changes (%): ['-0.302']
Maximum Change: -0.302% after 5 minutes
Candle Analysis:
    Body Sizes (%): ['0.294']
    Upper Shadows (%): ['0.109']
    Lower Shadows (%): ['0.017']
Volumes: [np.float64(315891.0)]
==================================================
2025-05-15 21:36:14,235 - INFO - 
==================================================
EMA Cross Analysis - ATA/USDT
Time: 2025-05-15 21:30:00+09:00
Type: golden
Cross Character (Current): Weak
Cross Character (New): Weak
Price at Cross: 0.0629

1. Pre-Cross Pattern (15min):
EMA Distance Changes (%): ['0.004', '0.008', '0.014', '0.083']
EMA12 Changes (%): ['0.010', '0.009', '-0.042', '0.187']
Price Changes (%): ['0.000', '0.000', '-0.322', '1.452']
Candle Analysis:
    Body Sizes (%): ['0.000', '0.000', '0.482', '1.288']
    Upper Shadows (%): ['0.322', '0.322', '0.161', '0.805']
    Lower Shadows (%): ['0.322', '0.322', '0.000', '0.000']
Volumes: [np.float64(104032.0), np.float64(219769.0), np.float64(139757.0), np.float64(760540.0)]
2025-05-15 21:36:14,236 - INFO - 
2. Post-Cross Movement (30min):
5min Price Changes (%): ['-0.159']
Maximum Change: -0.159% after 5 minutes
Candle Analysis:
    Body Sizes (%): ['0.317']
    Upper Shadows (%): ['0.317']
    Lower Shadows (%): ['0.000']
Volumes: [np.float64(147080.0)]
==================================================
2025-05-15 21:36:14,632 - INFO - 
==================================================
EMA Cross Analysis - SUI/USDT
Time: 2025-05-15 21:30:00+09:00
Type: golden
Cross Character (Current): Weak
Cross Character (New): Weak
Price at Cross: 3.7718

1. Pre-Cross Pattern (15min):
EMA Distance Changes (%): ['0.076', '0.040', '0.006', '0.103']
EMA12 Changes (%): ['-0.014', '0.058', '0.060', '0.212']
Price Changes (%): ['0.154', '0.450', '0.072', '1.042']
Candle Analysis:
    Body Sizes (%): ['0.156', '0.455', '0.075', '1.045']
    Upper Shadows (%): ['0.170', '0.059', '0.070', '0.005']
    Lower Shadows (%): ['0.208', '0.156', '0.145', '0.078']
Volumes: [np.float64(962787.8), np.float64(1045076.6), np.float64(680029.8), np.float64(3538635.6)]
2025-05-15 21:36:14,632 - INFO - 
2. Post-Cross Movement (30min):
5min Price Changes (%): ['-0.093']
Maximum Change: -0.093% after 5 minutes
Candle Analysis:
    Body Sizes (%): ['0.098']
    Upper Shadows (%): ['0.093']
    Lower Shadows (%): ['0.072']
Volumes: [np.float64(568772.4)]
==================================================
2025-05-15 21:40:42,246 - INFO - 
==================================================
EMA Cross Analysis - TIA/USDT
Time: 2025-05-15 21:35:00+09:00
Type: golden
Cross Character (Current): Weak
Cross Character (New): Weak
Price at Cross: 2.8356

1. Pre-Cross Pattern (15min):
EMA Distance Changes (%): ['0.161', '0.168', '0.061', '0.003']
EMA12 Changes (%): ['0.013', '-0.035', '0.181', '0.115']
Price Changes (%): ['0.486', '-0.299', '1.373', '-0.243']
Candle Analysis:
    Body Sizes (%): ['0.493', '0.295', '1.391', '0.250']
    Upper Shadows (%): ['0.082', '0.252', '0.039', '0.197']
    Lower Shadows (%): ['0.125', '0.092', '0.064', '0.450']
Volumes: [np.float64(261618.0), np.float64(100140.0), np.float64(655753.0), np.float64(333639.0)]
2025-05-15 21:40:42,247 - INFO - 
2. Post-Cross Movement (30min):
5min Price Changes (%): ['0.042']
Maximum Change: 0.042% after 5 minutes
Candle Analysis:
    Body Sizes (%): ['0.035']
    Upper Shadows (%): ['0.028']
    Lower Shadows (%): ['0.092']
Volumes: [np.float64(19809.0)]
==================================================
2025-05-15 21:40:42,480 - INFO - 
==================================================
EMA Cross Analysis - DOGS/USDT
Time: 2025-05-15 21:35:00+09:00
Type: golden
Cross Character (Current): Weak
Cross Character (New): Weak
Price at Cross: 0.0002075

1. Pre-Cross Pattern (15min):
EMA Distance Changes (%): ['0.190', '0.200', '0.044', '0.061']
EMA12 Changes (%): ['0.009', '-0.045', '0.271', '0.198']
Price Changes (%): ['0.245', '-0.342', '2.012', '-0.192']
Candle Analysis:
    Body Sizes (%): ['0.294', '0.294', '1.962', '0.192']
    Upper Shadows (%): ['0.196', '0.440', '0.294', '0.192']
    Lower Shadows (%): ['0.196', '0.000', '0.049', '0.722']
Volumes: [np.float64(483859680.0), np.float64(389602472.0), np.float64(2307452986.0), np.float64(685550348.0)]
2025-05-15 21:40:42,480 - INFO - 
2. Post-Cross Movement (30min):
5min Price Changes (%): ['-0.096']
Maximum Change: -0.096% after 5 minutes
Candle Analysis:
    Body Sizes (%): ['0.096']
    Upper Shadows (%): ['0.000']
    Lower Shadows (%): ['0.096']
Volumes: [np.float64(129229773.0)]
==================================================
2025-05-15 21:40:46,321 - INFO - 
==================================================
EMA Cross Analysis - ATOM/USDT
Time: 2025-05-15 21:35:00+09:00
Type: golden
Cross Character (Current): Weak
Cross Character (New): Weak
Price at Cross: 4.897

1. Pre-Cross Pattern (15min):
EMA Distance Changes (%): ['0.086', '0.100', '0.027', '0.008']
EMA12 Changes (%): ['0.003', '-0.039', '0.125', '0.065']
Price Changes (%): ['0.185', '-0.267', '1.029', '-0.265']
Candle Analysis:
    Body Sizes (%): ['0.185', '0.287', '1.029', '0.285']
    Upper Shadows (%): ['0.062', '0.205', '0.021', '0.122']
    Lower Shadows (%): ['0.082', '0.000', '0.206', '0.122']
Volumes: [np.float64(27233.21), np.float64(31479.39), np.float64(238927.44), np.float64(56876.34)]
2025-05-15 21:40:46,321 - INFO - 
2. Post-Cross Movement (30min):
5min Price Changes (%): ['0.041']
Maximum Change: 0.041% after 5 minutes
Candle Analysis:
    Body Sizes (%): ['0.041']
    Upper Shadows (%): ['0.000']
    Lower Shadows (%): ['0.061']
Volumes: [np.float64(4540.5)]
==================================================
2025-05-15 21:40:50,613 - INFO - 
==================================================
EMA Cross Analysis - PENGU/USDT
Time: 2025-05-15 21:35:00+09:00
Type: golden
Cross Character (Current): Weak
Cross Character (New): Weak
Price at Cross: 0.013697

1. Pre-Cross Pattern (15min):
EMA Distance Changes (%): ['0.150', '0.177', '0.053', '0.021']
EMA12 Changes (%): ['-0.152', '-0.075', '0.212', '0.135']
Price Changes (%): ['-0.089', '0.350', '1.801', '-0.284']
Candle Analysis:
    Body Sizes (%): ['0.074', '0.357', '1.801', '0.240']
    Upper Shadows (%): ['0.245', '0.231', '0.074', '0.328']
    Lower Shadows (%): ['0.134', '0.022', '0.148', '0.619']
Volumes: [np.float64(39361612.0), np.float64(32614322.0), np.float64(125981371.0), np.float64(95220414.0)]
2025-05-15 21:40:50,613 - INFO - 
2. Post-Cross Movement (30min):
5min Price Changes (%): ['0.387']
Maximum Change: 0.387% after 5 minutes
Candle Analysis:
    Body Sizes (%): ['0.358']
    Upper Shadows (%): ['0.088']
    Lower Shadows (%): ['0.212']
Volumes: [np.float64(15539707.0)]
==================================================
2025-05-15 21:45:22,323 - INFO - 
==================================================
EMA Cross Analysis - FXS/USDT
Time: 2025-05-15 21:45:00+09:00
Type: golden
Cross Character (Current): Strong
Cross Character (New): Strong
Price at Cross: 2.9896

1. Pre-Cross Pattern (15min):
EMA Distance Changes (%): ['0.372', '0.267', '0.090', '0.045']
EMA12 Changes (%): ['0.158', '0.150', '0.305', '0.250']
Price Changes (%): ['1.725', '0.108', '1.150', '-0.047']
Candle Analysis:
    Body Sizes (%): ['1.729', '0.108', '1.167', '0.007']
    Upper Shadows (%): ['0.107', '0.782', '0.846', '0.331']
    Lower Shadows (%): ['0.048', '0.020', '0.450', '0.000']
Volumes: [np.float64(54132.6), np.float64(34095.6), np.float64(117878.9), np.float64(5724.9)]
2025-05-15 21:45:22,323 - INFO - 
2. Post-Cross Movement (30min):
5min Price Changes (%): []
Maximum Change: 0.000% after 0 minutes
Candle Analysis:
    Body Sizes (%): []
    Upper Shadows (%): []
    Lower Shadows (%): []
Volumes: []
==================================================
2025-05-15 21:51:12,286 - INFO - 
==================================================
EMA Cross Analysis - ATOM/USDT
Time: 2025-05-15 21:50:00+09:00
Type: dead
Cross Character (Current): Weak
Cross Character (New): Weak
Price at Cross: 4.866

1. Pre-Cross Pattern (15min):
EMA Distance Changes (%): ['0.008', '0.039', '0.024', '0.003']
EMA12 Changes (%): ['0.065', '0.061', '-0.024', '-0.049']
Price Changes (%): ['-0.265', '0.041', '-0.490', '-0.185']
Candle Analysis:
    Body Sizes (%): ['0.285', '0.041', '0.490', '0.164']
    Upper Shadows (%): ['0.122', '0.061', '0.000', '0.000']
    Lower Shadows (%): ['0.122', '0.327', '0.082', '0.062']
Volumes: [np.float64(56876.34), np.float64(52755.1), np.float64(37678.49), np.float64(14388.96)]
2025-05-15 21:51:12,286 - INFO - 
2. Post-Cross Movement (30min):
5min Price Changes (%): []
Maximum Change: 0.000% after 0 minutes
Candle Analysis:
    Body Sizes (%): []
    Upper Shadows (%): []
    Lower Shadows (%): []
Volumes: []
==================================================
2025-05-15 21:55:44,232 - INFO - 
==================================================
EMA Cross Analysis - TIA/USDT
Time: 2025-05-15 21:55:00+09:00
Type: dead
Cross Character (Current): Weak
Cross Character (New): Weak
Price at Cross: 2.8112

1. Pre-Cross Pattern (15min):
EMA Distance Changes (%): ['0.054', '0.047', '0.014', '0.009']
EMA12 Changes (%): ['0.101', '-0.008', '-0.057', '-0.041']
Price Changes (%): ['0.021', '-0.599', '-0.330', '0.046']
Candle Analysis:
    Body Sizes (%): ['0.014', '0.596', '0.319', '0.036']
    Upper Shadows (%): ['0.215', '0.141', '0.000', '0.046']
    Lower Shadows (%): ['0.356', '0.116', '0.394', '0.089']
Volumes: [np.float64(193804.0), np.float64(260477.0), np.float64(303868.0), np.float64(22122.0)]
2025-05-15 21:55:44,232 - INFO - 
2. Post-Cross Movement (30min):
5min Price Changes (%): []
Maximum Change: 0.000% after 0 minutes
Candle Analysis:
    Body Sizes (%): []
    Upper Shadows (%): []
    Lower Shadows (%): []
Volumes: []
==================================================
2025-05-15 21:55:48,167 - INFO - 
==================================================
EMA Cross Analysis - ATOM/USDT
Time: 2025-05-15 21:50:00+09:00
Type: dead
Cross Character (Current): Weak
Cross Character (New): Weak
Price at Cross: 4.861

1. Pre-Cross Pattern (15min):
EMA Distance Changes (%): ['0.008', '0.039', '0.024', '0.011']
EMA12 Changes (%): ['0.065', '0.061', '-0.024', '-0.064']
Price Changes (%): ['-0.265', '0.041', '-0.490', '-0.287']
Candle Analysis:
    Body Sizes (%): ['0.285', '0.041', '0.490', '0.267']
    Upper Shadows (%): ['0.122', '0.061', '0.000', '0.000']
    Lower Shadows (%): ['0.122', '0.327', '0.082', '0.062']
Volumes: [np.float64(56876.34), np.float64(52755.1), np.float64(37678.49), np.float64(43450.52)]
2025-05-15 21:55:48,168 - INFO - 
2. Post-Cross Movement (30min):
5min Price Changes (%): ['0.082']
Maximum Change: 0.082% after 5 minutes
Candle Analysis:
    Body Sizes (%): ['0.082']
    Upper Shadows (%): ['0.021']
    Lower Shadows (%): ['0.041']
Volumes: [np.float64(7665.77)]
==================================================
2025-05-15 21:55:52,764 - INFO - 
==================================================
EMA Cross Analysis - AIXBT/USDT
Time: 2025-05-15 21:55:00+09:00
Type: dead
Cross Character (Current): Weak
Cross Character (New): Weak
Price at Cross: 0.18973

1. Pre-Cross Pattern (15min):
EMA Distance Changes (%): ['0.116', '0.083', '0.033', '0.017']
EMA12 Changes (%): ['0.079', '-0.048', '-0.085', '-0.091']
Price Changes (%): ['-0.224', '-0.740', '-0.294', '-0.121']
Candle Analysis:
    Body Sizes (%): ['0.218', '0.760', '0.278', '0.095']
    Upper Shadows (%): ['0.068', '0.052', '0.131', '0.163']
    Lower Shadows (%): ['0.369', '0.182', '0.688', '0.132']
Volumes: [np.float64(1147024.0), np.float64(1408778.0), np.float64(1129425.0), np.float64(119361.0)]
2025-05-15 21:55:52,764 - INFO - 
2. Post-Cross Movement (30min):
5min Price Changes (%): []
Maximum Change: 0.000% after 0 minutes
Candle Analysis:
    Body Sizes (%): []
    Upper Shadows (%): []
    Lower Shadows (%): []
Volumes: []
==================================================
2025-05-15 22:00:28,801 - INFO - 
==================================================
EMA Cross Analysis - XRP/USDT
Time: 2025-05-15 22:00:00+09:00
Type: dead
Cross Character (Current): Weak
Cross Character (New): Weak
Price at Cross: 2.461

1. Pre-Cross Pattern (15min):
EMA Distance Changes (%): ['0.106', '0.080', '0.036', '0.001']
EMA12 Changes (%): ['0.005', '-0.036', '-0.073', '-0.068']
Price Changes (%): ['-0.386', '-0.259', '-0.275', '-0.041']
Candle Analysis:
    Body Sizes (%): ['0.386', '0.259', '0.275', '0.041']
    Upper Shadows (%): ['0.040', '0.000', '0.041', '0.016']
    Lower Shadows (%): ['0.020', '0.202', '0.486', '0.041']
Volumes: [np.float64(3408888.3), np.float64(3201864.3), np.float64(10309497.5), np.float64(323383.1)]
2025-05-15 22:00:28,802 - INFO - 
2. Post-Cross Movement (30min):
5min Price Changes (%): []
Maximum Change: 0.000% after 0 minutes
Candle Analysis:
    Body Sizes (%): []
    Upper Shadows (%): []
    Lower Shadows (%): []
Volumes: []
==================================================
2025-05-15 22:00:29,700 - INFO - 
==================================================
EMA Cross Analysis - PENGU/USDT
Time: 2025-05-15 21:55:00+09:00
Type: dead
Cross Character (Current): Weak
Cross Character (New): Weak
Price at Cross: 0.013496

1. Pre-Cross Pattern (15min):
EMA Distance Changes (%): ['0.095', '0.109', '0.053', '0.018']
EMA12 Changes (%): ['0.148', '0.039', '-0.093', '-0.128']
Price Changes (%): ['0.219', '-0.554', '-0.820', '-0.318']
Candle Analysis:
    Body Sizes (%): ['0.190', '0.546', '0.806', '0.318']
    Upper Shadows (%): ['0.431', '0.051', '0.117', '0.103']
    Lower Shadows (%): ['0.241', '0.102', '0.952', '0.074']
Volumes: [np.float64(64021730.0), np.float64(46322946.0), np.float64(164712294.0), np.float64(38731215.0)]
2025-05-15 22:00:29,701 - INFO - 
2. Post-Cross Movement (30min):
5min Price Changes (%): ['-0.133']
Maximum Change: -0.133% after 5 minutes
Candle Analysis:
    Body Sizes (%): ['0.148']
    Upper Shadows (%): ['0.015']
    Lower Shadows (%): ['0.059']
Volumes: [np.float64(2848099.0)]
==================================================
2025-05-15 22:00:29,935 - INFO - 
==================================================
EMA Cross Analysis - AIXBT/USDT
Time: 2025-05-15 22:00:00+09:00
Type: dead
Cross Character (Current): Weak
Cross Character (New): Weak
Price at Cross: 0.19025

1. Pre-Cross Pattern (15min):
EMA Distance Changes (%): ['0.083', '0.033', '0.009', '0.014']
EMA12 Changes (%): ['-0.048', '-0.085', '-0.041', '-0.043']
Price Changes (%): ['-0.740', '-0.294', '0.205', '-0.053']
Candle Analysis:
    Body Sizes (%): ['0.760', '0.278', '0.232', '0.053']
    Upper Shadows (%): ['0.052', '0.131', '0.121', '0.236']
    Lower Shadows (%): ['0.182', '0.688', '0.237', '0.053']
Volumes: [np.float64(1408778.0), np.float64(1129425.0), np.float64(908079.0), np.float64(145282.0)]
2025-05-15 22:00:29,935 - INFO - 
2. Post-Cross Movement (30min):
5min Price Changes (%): []
Maximum Change: 0.000% after 0 minutes
Candle Analysis:
    Body Sizes (%): []
    Upper Shadows (%): []
    Lower Shadows (%): []
Volumes: []
==================================================
2025-05-15 22:00:31,435 - INFO - 
==================================================
EMA Cross Analysis - HIVE/USDT
Time: 2025-05-15 22:00:00+09:00
Type: dead
Cross Character (Current): Weak
Cross Character (New): Weak
Price at Cross: 0.26389

1. Pre-Cross Pattern (15min):
EMA Distance Changes (%): ['0.144', '0.090', '0.018', '0.031']
EMA12 Changes (%): ['-0.089', '-0.082', '-0.126', '-0.092']
Price Changes (%): ['-1.217', '-0.042', '-0.367', '0.095']
Candle Analysis:
    Body Sizes (%): ['1.128', '0.042', '0.393', '0.080']
    Upper Shadows (%): ['0.037', '0.087', '0.094', '0.011']
    Lower Shadows (%): ['0.097', '0.268', '0.094', '0.027']
Volumes: [np.float64(188886.0), np.float64(164227.0), np.float64(145704.0), np.float64(27534.0)]
2025-05-15 22:00:31,435 - INFO - 
2. Post-Cross Movement (30min):
5min Price Changes (%): []
Maximum Change: 0.000% after 0 minutes
Candle Analysis:
    Body Sizes (%): []
    Upper Shadows (%): []
    Lower Shadows (%): []
Volumes: []
==================================================
2025-05-15 22:00:33,131 - INFO - 
==================================================
EMA Cross Analysis - MELANIA/USDT
Time: 2025-05-15 22:00:00+09:00
Type: dead
Cross Character (Current): Weak
Cross Character (New): Weak
Price at Cross: 0.3619

1. Pre-Cross Pattern (15min):
EMA Distance Changes (%): ['0.094', '0.067', '0.036', '0.008']
EMA12 Changes (%): ['-0.011', '-0.038', '-0.049', '-0.080']
Price Changes (%): ['-0.574', '-0.192', '-0.110', '-0.248']
Candle Analysis:
    Body Sizes (%): ['0.547', '0.083', '0.083', '0.221']
    Upper Shadows (%): ['0.055', '0.000', '0.110', '0.000']
    Lower Shadows (%): ['0.246', '0.413', '0.138', '0.000']
Volumes: [np.float64(278953.46), np.float64(213222.11), np.float64(94832.14), np.float64(27831.42)]
2025-05-15 22:00:33,131 - INFO - 
2. Post-Cross Movement (30min):
5min Price Changes (%): []
Maximum Change: 0.000% after 0 minutes
Candle Analysis:
    Body Sizes (%): []
    Upper Shadows (%): []
    Lower Shadows (%): []
Volumes: []
==================================================
2025-05-15 22:05:05,363 - INFO - 
==================================================
EMA Cross Analysis - XRP/USDT
Time: 2025-05-15 22:05:00+09:00
Type: dead
Cross Character (Current): Weak
Cross Character (New): Weak
Price at Cross: 2.4637

1. Pre-Cross Pattern (15min):
EMA Distance Changes (%): ['0.080', '0.036', '0.011', '0.013']
EMA12 Changes (%): ['-0.036', '-0.073', '-0.043', '-0.044']
Price Changes (%): ['-0.259', '-0.275', '0.118', '-0.049']
Candle Analysis:
    Body Sizes (%): ['0.259', '0.275', '0.118', '0.049']
    Upper Shadows (%): ['0.000', '0.041', '0.114', '0.000']
    Lower Shadows (%): ['0.202', '0.486', '0.179', '0.016']
Volumes: [np.float64(3201864.3), np.float64(10309497.5), np.float64(2477402.5), np.float64(26675.3)]
2025-05-15 22:05:05,363 - INFO - 
2. Post-Cross Movement (30min):
5min Price Changes (%): []
Maximum Change: 0.000% after 0 minutes
Candle Analysis:
    Body Sizes (%): []
    Upper Shadows (%): []
    Lower Shadows (%): []
Volumes: []
==================================================
2025-05-15 22:05:08,006 - INFO - 
==================================================
EMA Cross Analysis - HIVE/USDT
Time: 2025-05-15 22:00:00+09:00
Type: dead
Cross Character (Current): Weak
Cross Character (New): Weak
Price at Cross: 0.26419

1. Pre-Cross Pattern (15min):
EMA Distance Changes (%): ['0.144', '0.090', '0.018', '0.022']
EMA12 Changes (%): ['-0.089', '-0.082', '-0.126', '-0.075']
Price Changes (%): ['-1.217', '-0.042', '-0.367', '0.209']
Candle Analysis:
    Body Sizes (%): ['1.128', '0.042', '0.393', '0.193']
    Upper Shadows (%): ['0.037', '0.087', '0.094', '0.315']
    Lower Shadows (%): ['0.097', '0.268', '0.094', '0.148']
Volumes: [np.float64(188886.0), np.float64(164227.0), np.float64(145704.0), np.float64(270452.0)]
2025-05-15 22:05:08,006 - INFO - 
2. Post-Cross Movement (30min):
5min Price Changes (%): ['-0.114']
Maximum Change: -0.114% after 5 minutes
Candle Analysis:
    Body Sizes (%): ['0.072']
    Upper Shadows (%): ['0.000']
    Lower Shadows (%): ['0.000']
Volumes: [np.float64(10545.0)]
==================================================
2025-05-15 22:05:09,747 - INFO - 
==================================================
EMA Cross Analysis - MELANIA/USDT
Time: 2025-05-15 22:00:00+09:00
Type: dead
Cross Character (Current): Weak
Cross Character (New): Weak
Price at Cross: 0.3618

1. Pre-Cross Pattern (15min):
EMA Distance Changes (%): ['0.094', '0.067', '0.036', '0.010']
EMA12 Changes (%): ['-0.011', '-0.038', '-0.049', '-0.084']
Price Changes (%): ['-0.574', '-0.192', '-0.110', '-0.276']
Candle Analysis:
    Body Sizes (%): ['0.547', '0.083', '0.083', '0.248']
    Upper Shadows (%): ['0.055', '0.000', '0.110', '0.000']
    Lower Shadows (%): ['0.246', '0.413', '0.138', '0.607']
Volumes: [np.float64(278953.46), np.float64(213222.11), np.float64(94832.14), np.float64(458896.78)]
2025-05-15 22:05:09,747 - INFO - 
2. Post-Cross Movement (30min):
5min Price Changes (%): ['-0.138']
Maximum Change: -0.138% after 5 minutes
Candle Analysis:
    Body Sizes (%): ['0.111']
    Upper Shadows (%): ['0.000']
    Lower Shadows (%): ['0.028']
Volumes: [np.float64(9782.96)]
==================================================
2025-05-15 22:15:26,786 - INFO - 
==================================================
EMA Cross Analysis - ATOM/USDT
Time: 2025-05-15 22:10:00+09:00
Type: golden
Cross Character (Current): Weak
Cross Character (New): Weak
Price at Cross: 4.889

1. Pre-Cross Pattern (15min):
EMA Distance Changes (%): ['0.029', '0.049', '0.020', '0.001']
EMA12 Changes (%): ['-0.036', '-0.043', '0.049', '0.038']
Price Changes (%): ['0.123', '-0.082', '0.555', '-0.020']
Candle Analysis:
    Body Sizes (%): ['0.123', '0.082', '0.555', '0.020']
    Upper Shadows (%): ['0.062', '0.062', '0.000', '0.164']
    Lower Shadows (%): ['0.082', '0.349', '0.062', '0.082']
Volumes: [np.float64(43082.94), np.float64(41839.94), np.float64(35705.49), np.float64(28398.35)]
2025-05-15 22:15:26,786 - INFO - 
2. Post-Cross Movement (30min):
5min Price Changes (%): ['0.184']
Maximum Change: 0.184% after 5 minutes
Candle Analysis:
    Body Sizes (%): ['0.205']
    Upper Shadows (%): ['0.020']
    Lower Shadows (%): ['0.000']
Volumes: [np.float64(29455.94)]
==================================================
2025-05-15 22:20:03,747 - INFO - 
==================================================
EMA Cross Analysis - MOODENG/USDT
Time: 2025-05-15 22:20:00+09:00
Type: dead
Cross Character (Current): Weak
Cross Character (New): Strong
Price at Cross: 0.23116

1. Pre-Cross Pattern (15min):
EMA Distance Changes (%): ['0.429', '0.388', '0.167', '0.007']
EMA12 Changes (%): ['0.092', '-0.023', '-0.376', '-0.307']
Price Changes (%): ['0.809', '-0.651', '-2.322', '0.087']
Candle Analysis:
    Body Sizes (%): ['0.809', '0.651', '2.309', '0.087']
    Upper Shadows (%): ['0.407', '0.017', '0.491', '0.100']
    Lower Shadows (%): ['0.169', '0.601', '0.689', '0.000']
Volumes: [np.float64(9447018.0), np.float64(7583562.0), np.float64(22806977.0), np.float64(285699.0)]
2025-05-15 22:20:03,747 - INFO - 
2. Post-Cross Movement (30min):
5min Price Changes (%): []
Maximum Change: 0.000% after 0 minutes
Candle Analysis:
    Body Sizes (%): []
    Upper Shadows (%): []
    Lower Shadows (%): []
Volumes: []
==================================================
2025-05-15 22:20:03,964 - INFO - 
==================================================
EMA Cross Analysis - ATOM/USDT
Time: 2025-05-15 22:15:00+09:00
Type: dead
Cross Character (Current): Weak
Cross Character (New): Weak
Price at Cross: 4.875

1. Pre-Cross Pattern (15min):
EMA Distance Changes (%): ['0.049', '0.020', '0.001', '0.005']
EMA12 Changes (%): ['-0.043', '0.049', '0.038', '-0.012']
Price Changes (%): ['-0.082', '0.555', '-0.020', '-0.286']
Candle Analysis:
    Body Sizes (%): ['0.082', '0.555', '0.020', '0.266']
    Upper Shadows (%): ['0.062', '0.000', '0.164', '0.225']
    Lower Shadows (%): ['0.349', '0.062', '0.082', '0.020']
Volumes: [np.float64(41839.94), np.float64(35705.49), np.float64(28398.35), np.float64(94864.56)]
2025-05-15 22:20:03,965 - INFO - 
2. Post-Cross Movement (30min):
5min Price Changes (%): ['-0.021']
Maximum Change: -0.021% after 5 minutes
Candle Analysis:
    Body Sizes (%): ['0.021']
    Upper Shadows (%): ['0.000']
    Lower Shadows (%): ['0.000']
Volumes: [np.float64(1229.22)]
==================================================
2025-05-15 22:20:07,050 - INFO - 
==================================================
EMA Cross Analysis - XRP/USDT
Time: 2025-05-15 22:15:00+09:00
Type: dead
Cross Character (Current): Weak
Cross Character (New): Weak
Price at Cross: 2.4647

1. Pre-Cross Pattern (15min):
EMA Distance Changes (%): ['0.011', '0.011', '0.016', '0.006']
EMA12 Changes (%): ['-0.043', '0.001', '0.012', '-0.040']
Price Changes (%): ['0.118', '0.247', '0.069', '-0.324']
Candle Analysis:
    Body Sizes (%): ['0.118', '0.247', '0.069', '0.320']
    Upper Shadows (%): ['0.114', '0.012', '0.089', '0.129']
    Lower Shadows (%): ['0.179', '0.073', '0.077', '0.008']
Volumes: [np.float64(2477402.5), np.float64(3313834.3), np.float64(1999590.9), np.float64(2014925.3)]
2025-05-15 22:20:07,051 - INFO - 
2. Post-Cross Movement (30min):
5min Price Changes (%): ['0.016']
Maximum Change: 0.016% after 5 minutes
Candle Analysis:
    Body Sizes (%): ['0.016']
    Upper Shadows (%): ['0.004']
    Lower Shadows (%): ['0.008']
Volumes: [np.float64(19375.9)]
==================================================
2025-05-15 22:25:47,561 - INFO - 
==================================================
EMA Cross Analysis - DOGS/USDT
Time: 2025-05-15 22:20:00+09:00
Type: dead
Cross Character (Current): Weak
Cross Character (New): Weak
Price at Cross: 0.0002036

1. Pre-Cross Pattern (15min):
EMA Distance Changes (%): ['0.137', '0.121', '0.064', '0.017']
EMA12 Changes (%): ['0.082', '-0.013', '-0.093', '-0.146']
Price Changes (%): ['0.682', '-0.532', '-0.535', '-0.440']
Candle Analysis:
    Body Sizes (%): ['0.731', '0.484', '0.487', '0.440']
    Upper Shadows (%): ['0.049', '0.000', '0.243', '0.196']
    Lower Shadows (%): ['0.097', '0.242', '0.146', '0.049']
Volumes: [np.float64(288976466.0), np.float64(467879774.0), np.float64(395634657.0), np.float64(454151227.0)]
2025-05-15 22:25:47,562 - INFO - 
2. Post-Cross Movement (30min):
5min Price Changes (%): ['0.196']
Maximum Change: 0.196% after 5 minutes
Candle Analysis:
    Body Sizes (%): ['0.196']
    Upper Shadows (%): ['0.098']
    Lower Shadows (%): ['0.000']
Volumes: [np.float64(39161761.0)]
==================================================
2025-05-15 22:25:49,342 - INFO - 
==================================================
EMA Cross Analysis - BAKE/USDT
Time: 2025-05-15 22:25:00+09:00
Type: dead
Cross Character (Current): Weak
Cross Character (New): Weak
Price at Cross: 0.1383

1. Pre-Cross Pattern (15min):
EMA Distance Changes (%): ['0.104', '0.085', '0.024', '0.013']
EMA12 Changes (%): ['-0.012', '-0.021', '-0.106', '-0.068']
Price Changes (%): ['-0.215', '-0.072', '-0.576', '0.145']
Candle Analysis:
    Body Sizes (%): ['0.215', '0.072', '0.433', '0.217']
    Upper Shadows (%): ['0.072', '0.144', '0.072', '0.000']
    Lower Shadows (%): ['0.072', '0.144', '0.000', '0.000']
Volumes: [np.float64(95281.0), np.float64(175214.0), np.float64(177150.0), np.float64(64705.0)]
2025-05-15 22:25:49,342 - INFO - 
2. Post-Cross Movement (30min):
5min Price Changes (%): []
Maximum Change: 0.000% after 0 minutes
Candle Analysis:
    Body Sizes (%): []
    Upper Shadows (%): []
    Lower Shadows (%): []
Volumes: []
==================================================
2025-05-15 22:25:50,868 - INFO - 
==================================================
EMA Cross Analysis - MOODENG/USDT
Time: 2025-05-15 22:20:00+09:00
Type: dead
Cross Character (Current): Weak
Cross Character (New): Strong
Price at Cross: 0.23124

1. Pre-Cross Pattern (15min):
EMA Distance Changes (%): ['0.429', '0.388', '0.167', '0.005']
EMA12 Changes (%): ['0.092', '-0.023', '-0.376', '-0.301']
Price Changes (%): ['0.809', '-0.651', '-2.322', '0.121']
Candle Analysis:
    Body Sizes (%): ['0.809', '0.651', '2.309', '0.121']
    Upper Shadows (%): ['0.407', '0.017', '0.491', '0.862']
    Lower Shadows (%): ['0.169', '0.601', '0.689', '0.000']
Volumes: [np.float64(9447018.0), np.float64(7583562.0), np.float64(22806977.0), np.float64(12086663.0)]
2025-05-15 22:25:50,868 - INFO - 
2. Post-Cross Movement (30min):
5min Price Changes (%): ['0.381']
Maximum Change: 0.381% after 5 minutes
Candle Analysis:
    Body Sizes (%): ['0.363']
    Upper Shadows (%): ['0.069']
    Lower Shadows (%): ['0.000']
Volumes: [np.float64(3011048.0)]
==================================================
2025-05-15 22:25:56,249 - INFO - 
==================================================
EMA Cross Analysis - AVAX/USDT
Time: 2025-05-15 22:25:00+09:00
Type: dead
Cross Character (Current): Weak
Cross Character (New): Weak
Price at Cross: 23.822

1. Pre-Cross Pattern (15min):
EMA Distance Changes (%): ['0.051', '0.033', '0.009', '0.004']
EMA12 Changes (%): ['0.023', '-0.027', '-0.043', '-0.023']
Price Changes (%): ['0.063', '-0.301', '-0.130', '0.088']
Candle Analysis:
    Body Sizes (%): ['0.071', '0.301', '0.134', '0.092']
    Upper Shadows (%): ['0.134', '0.176', '0.071', '0.034']
    Lower Shadows (%): ['0.167', '0.004', '0.000', '0.004']
Volumes: [np.float64(26948.0), np.float64(25133.0), np.float64(31854.0), np.float64(3697.0)]
2025-05-15 22:25:56,249 - INFO - 
2. Post-Cross Movement (30min):
5min Price Changes (%): []
Maximum Change: 0.000% after 0 minutes
Candle Analysis:
    Body Sizes (%): []
    Upper Shadows (%): []
    Lower Shadows (%): []
Volumes: []
==================================================
2025-05-15 22:30:27,304 - INFO - 
==================================================
EMA Cross Analysis - BAKE/USDT
Time: 2025-05-15 22:25:00+09:00
Type: dead
Cross Character (Current): Weak
Cross Character (New): Weak
Price at Cross: 0.1384

1. Pre-Cross Pattern (15min):
EMA Distance Changes (%): ['0.104', '0.085', '0.024', '0.008']
EMA12 Changes (%): ['-0.012', '-0.021', '-0.106', '-0.057']
Price Changes (%): ['-0.215', '-0.072', '-0.576', '0.217']
Candle Analysis:
    Body Sizes (%): ['0.215', '0.072', '0.433', '0.290']
    Upper Shadows (%): ['0.072', '0.144', '0.072', '0.072']
    Lower Shadows (%): ['0.072', '0.144', '0.000', '0.000']
Volumes: [np.float64(95281.0), np.float64(175214.0), np.float64(177150.0), np.float64(131115.0)]
2025-05-15 22:30:27,304 - INFO - 
2. Post-Cross Movement (30min):
5min Price Changes (%): ['0.000']
Maximum Change: 0.000% after 0 minutes
Candle Analysis:
    Body Sizes (%): ['0.000']
    Upper Shadows (%): ['0.000']
    Lower Shadows (%): ['0.072']
Volumes: [np.float64(10562.0)]
==================================================
2025-05-15 22:30:34,104 - INFO - 
==================================================
EMA Cross Analysis - AVAX/USDT
Time: 2025-05-15 22:30:00+09:00
Type: dead
Cross Character (Current): Weak
Cross Character (New): Weak
Price at Cross: 23.843

1. Pre-Cross Pattern (15min):
EMA Distance Changes (%): ['0.033', '0.009', '0.004', '0.001']
EMA12 Changes (%): ['-0.027', '-0.043', '-0.008', '-0.008']
Price Changes (%): ['-0.301', '-0.130', '0.185', '-0.008']
Candle Analysis:
    Body Sizes (%): ['0.301', '0.134', '0.189', '0.008']
    Upper Shadows (%): ['0.176', '0.071', '0.084', '0.071']
    Lower Shadows (%): ['0.004', '0.000', '0.004', '0.071']
Volumes: [np.float64(25133.0), np.float64(31854.0), np.float64(19501.0), np.float64(4062.0)]
2025-05-15 22:30:34,104 - INFO - 
2. Post-Cross Movement (30min):
5min Price Changes (%): []
Maximum Change: 0.000% after 0 minutes
Candle Analysis:
    Body Sizes (%): []
    Upper Shadows (%): []
    Lower Shadows (%): []
Volumes: []
==================================================
2025-05-15 22:30:36,280 - INFO - 
==================================================
EMA Cross Analysis - VANA/USDT
Time: 2025-05-15 22:30:00+09:00
Type: dead
Cross Character (Current): Weak
Cross Character (New): Weak
Price at Cross: 6.121

1. Pre-Cross Pattern (15min):
EMA Distance Changes (%): ['0.085', '0.043', '0.013', '0.014']
EMA12 Changes (%): ['-0.060', '-0.068', '-0.053', '-0.050']
Price Changes (%): ['-0.487', '-0.114', '0.033', '-0.033']
Candle Analysis:
    Body Sizes (%): ['0.439', '0.131', '0.049', '0.033']
    Upper Shadows (%): ['0.260', '0.147', '0.098', '0.049']
    Lower Shadows (%): ['0.049', '0.033', '0.049', '0.065']
Volumes: [np.float64(8445.73), np.float64(5616.02), np.float64(5401.48), np.float64(409.12)]
2025-05-15 22:30:36,280 - INFO - 
2. Post-Cross Movement (30min):
5min Price Changes (%): []
Maximum Change: 0.000% after 0 minutes
Candle Analysis:
    Body Sizes (%): []
    Upper Shadows (%): []
    Lower Shadows (%): []
Volumes: []
==================================================
2025-05-15 22:35:06,738 - INFO - 
==================================================
EMA Cross Analysis - PHA/USDT
Time: 2025-05-15 22:35:00+09:00
Type: dead
Cross Character (Current): Weak
Cross Character (New): Weak
Price at Cross: 0.13639

1. Pre-Cross Pattern (15min):
EMA Distance Changes (%): ['0.087', '0.067', '0.003', '0.025']
EMA12 Changes (%): ['-0.085', '-0.025', '-0.114', '-0.054']
Price Changes (%): ['-0.212', '0.308', '-0.607', '0.279']
Candle Analysis:
    Body Sizes (%): ['0.198', '0.293', '0.614', '0.250']
    Upper Shadows (%): ['0.249', '0.081', '0.300', '0.000']
    Lower Shadows (%): ['0.059', '0.029', '0.227', '0.000']
Volumes: [np.float64(214669.0), np.float64(109537.0), np.float64(589371.0), np.float64(19409.0)]
2025-05-15 22:35:06,738 - INFO - 
2. Post-Cross Movement (30min):
5min Price Changes (%): []
Maximum Change: 0.000% after 0 minutes
Candle Analysis:
    Body Sizes (%): []
    Upper Shadows (%): []
    Lower Shadows (%): []
Volumes: []
==================================================
2025-05-15 22:35:07,420 - INFO - 
==================================================
EMA Cross Analysis - XLM/USDT
Time: 2025-05-15 22:30:00+09:00
Type: dead
Cross Character (Current): Weak
Cross Character (New): Weak
Price at Cross: 0.29617

1. Pre-Cross Pattern (15min):
EMA Distance Changes (%): ['0.083', '0.046', '0.029', '0.000']
EMA12 Changes (%): ['-0.039', '-0.059', '-0.026', '-0.052']
Price Changes (%): ['-0.423', '-0.172', '0.155', '-0.192']
Candle Analysis:
    Body Sizes (%): ['0.406', '0.172', '0.159', '0.199']
    Upper Shadows (%): ['0.154', '0.128', '0.074', '0.320']
    Lower Shadows (%): ['0.050', '0.000', '0.014', '0.404']
Volumes: [np.float64(500350.0), np.float64(700939.0), np.float64(994151.0), np.float64(2092037.0)]
2025-05-15 22:35:07,421 - INFO - 
2. Post-Cross Movement (30min):
5min Price Changes (%): ['0.226']
Maximum Change: 0.226% after 5 minutes
Candle Analysis:
    Body Sizes (%): ['0.213']
    Upper Shadows (%): ['0.037']
    Lower Shadows (%): ['0.000']
Volumes: [np.float64(144698.0)]
==================================================
2025-05-15 22:35:07,877 - INFO - 
==================================================
EMA Cross Analysis - TNSR/USDT
Time: 2025-05-15 22:30:00+09:00
Type: dead
Cross Character (Current): Weak
Cross Character (New): Weak
Price at Cross: 0.1657

1. Pre-Cross Pattern (15min):
EMA Distance Changes (%): ['0.181', '0.117', '0.075', '0.002']
EMA12 Changes (%): ['-0.061', '-0.098', '-0.064', '-0.137']
Price Changes (%): ['-0.477', '-0.300', '0.120', '-0.540']
Candle Analysis:
    Body Sizes (%): ['0.358', '0.300', '0.060', '0.600']
    Upper Shadows (%): ['0.179', '0.060', '0.240', '0.300']
    Lower Shadows (%): ['0.060', '0.060', '0.000', '0.240']
Volumes: [np.float64(147039.0), np.float64(50103.5), np.float64(24247.5), np.float64(214620.1)]
2025-05-15 22:35:07,878 - INFO - 
2. Post-Cross Movement (30min):
5min Price Changes (%): ['0.362']
Maximum Change: 0.362% after 5 minutes
Candle Analysis:
    Body Sizes (%): ['0.302']
    Upper Shadows (%): ['0.060']
    Lower Shadows (%): ['0.000']
Volumes: [np.float64(17824.8)]
==================================================
2025-05-15 22:35:11,620 - INFO - 
==================================================
EMA Cross Analysis - AVAX/USDT
Time: 2025-05-15 22:30:00+09:00
Type: dead
Cross Character (Current): Weak
Cross Character (New): Weak
Price at Cross: 23.819

1. Pre-Cross Pattern (15min):
EMA Distance Changes (%): ['0.033', '0.009', '0.004', '0.009']
EMA12 Changes (%): ['-0.027', '-0.043', '-0.008', '-0.024']
Price Changes (%): ['-0.301', '-0.130', '0.185', '-0.109']
Candle Analysis:
    Body Sizes (%): ['0.301', '0.134', '0.189', '0.109']
    Upper Shadows (%): ['0.176', '0.071', '0.084', '0.340']
    Lower Shadows (%): ['0.004', '0.000', '0.004', '0.407']
Volumes: [np.float64(25133.0), np.float64(31854.0), np.float64(19501.0), np.float64(123071.0)]
2025-05-15 22:35:11,620 - INFO - 
2. Post-Cross Movement (30min):
5min Price Changes (%): ['0.529']
Maximum Change: 0.529% after 5 minutes
Candle Analysis:
    Body Sizes (%): ['0.529']
    Upper Shadows (%): ['0.000']
    Lower Shadows (%): ['0.000']
Volumes: [np.float64(13299.0)]
==================================================
2025-05-15 22:35:13,397 - INFO - 
==================================================
EMA Cross Analysis - BRETT/USDT
Time: 2025-05-15 22:30:00+09:00
Type: dead
Cross Character (Current): Weak
Cross Character (New): Weak
Price at Cross: 0.06967

1. Pre-Cross Pattern (15min):
EMA Distance Changes (%): ['0.084', '0.039', '0.030', '0.003']
EMA12 Changes (%): ['-0.012', '-0.076', '-0.012', '-0.058']
Price Changes (%): ['-0.484', '-0.429', '0.345', '-0.315']
Candle Analysis:
    Body Sizes (%): ['0.512', '0.372', '0.373', '0.272']
    Upper Shadows (%): ['0.142', '0.086', '0.172', '0.845']
    Lower Shadows (%): ['0.156', '0.014', '0.014', '0.873']
Volumes: [np.float64(685978.0), np.float64(269662.0), np.float64(356566.0), np.float64(2780724.0)]
2025-05-15 22:35:13,398 - INFO - 
2. Post-Cross Movement (30min):
5min Price Changes (%): ['0.330']
Maximum Change: 0.330% after 5 minutes
Candle Analysis:
    Body Sizes (%): ['0.359']
    Upper Shadows (%): ['0.244']
    Lower Shadows (%): ['0.000']
Volumes: [np.float64(727741.0)]
==================================================
2025-05-15 22:35:13,806 - INFO - 
==================================================
EMA Cross Analysis - VANA/USDT
Time: 2025-05-15 22:30:00+09:00
Type: dead
Cross Character (Current): Weak
Cross Character (New): Weak
Price at Cross: 6.09

1. Pre-Cross Pattern (15min):
EMA Distance Changes (%): ['0.085', '0.043', '0.013', '0.055']
EMA12 Changes (%): ['-0.060', '-0.068', '-0.053', '-0.127']
Price Changes (%): ['-0.487', '-0.114', '0.033', '-0.539']
Candle Analysis:
    Body Sizes (%): ['0.439', '0.131', '0.049', '0.539']
    Upper Shadows (%): ['0.260', '0.147', '0.098', '0.294']
    Lower Shadows (%): ['0.049', '0.033', '0.049', '0.359']
Volumes: [np.float64(8445.73), np.float64(5616.02), np.float64(5401.48), np.float64(16223.57)]
2025-05-15 22:35:13,806 - INFO - 
2. Post-Cross Movement (30min):
5min Price Changes (%): ['0.296']
Maximum Change: 0.296% after 5 minutes
Candle Analysis:
    Body Sizes (%): ['0.263']
    Upper Shadows (%): ['0.328']
    Lower Shadows (%): ['0.000']
Volumes: [np.float64(3316.91)]
==================================================
