2025-05-09 00:00:58,587 - INFO - 
==================================================
EMA Cross Analysis - SUI/USDT
Time: 2025-05-09 00:00:00+09:00
Type: dead
Cross Character (Current): Weak
Cross Character (New): Weak
Price at Cross: 3.7597

1. Pre-Cross Pattern (15min):
EMA Distance Changes (%): ['0.158', '0.127', '0.037', '0.029']
EMA12 Changes (%): ['0.010', '-0.037', '-0.156', '-0.122']
Price Changes (%): ['-0.058', '-0.297', '-0.810', '0.064']
Candle Analysis:
    Body Sizes (%): ['0.058', '0.297', '0.808', '0.061']
    Upper Shadows (%): ['0.079', '0.382', '0.061', '0.096']
    Lower Shadows (%): ['0.421', '0.079', '0.037', '0.298']
Volumes: [np.float64(1817400.7), np.float64(2391156.0), np.float64(4413724.4), np.float64(1469903.3)]
2025-05-09 00:00:58,587 - INFO - 
2. Post-Cross Movement (30min):
5min Price Changes (%): []
Maximum Change: 0.000% after 0 minutes
Candle Analysis:
    Body Sizes (%): []
    Upper Shadows (%): []
    Lower Shadows (%): []
Volumes: []
==================================================
2025-05-09 00:08:25,625 - INFO - 
==================================================
EMA Cross Analysis - SUI/USDT
Time: 2025-05-09 00:00:00+09:00
Type: dead
Cross Character (Current): Weak
Cross Character (New): Weak
Price at Cross: 3.7595

1. Pre-Cross Pattern (15min):
EMA Distance Changes (%): ['0.158', '0.127', '0.037', '0.030']
EMA12 Changes (%): ['0.010', '-0.037', '-0.156', '-0.123']
Price Changes (%): ['-0.058', '-0.297', '-0.810', '0.059']
Candle Analysis:
    Body Sizes (%): ['0.058', '0.297', '0.808', '0.056']
    Upper Shadows (%): ['0.079', '0.382', '0.061', '0.330']
    Lower Shadows (%): ['0.421', '0.079', '0.037', '0.298']
Volumes: [np.float64(1817400.7), np.float64(2391156.0), np.float64(4413724.4), np.float64(3676828.0)]
2025-05-09 00:08:25,625 - INFO - 
2. Post-Cross Movement (30min):
5min Price Changes (%): ['0.069']
Maximum Change: 0.069% after 5 minutes
Candle Analysis:
    Body Sizes (%): ['0.072']
    Upper Shadows (%): ['0.114']
    Lower Shadows (%): ['0.122']
Volumes: [np.float64(1147110.0)]
==================================================
2025-05-09 00:11:37,399 - INFO - 
==================================================
EMA Cross Analysis - AVAX/USDT
Time: 2025-05-09 00:10:00+09:00
Type: golden
Cross Character (Current): Weak
Cross Character (New): Weak
Price at Cross: 20.887

1. Pre-Cross Pattern (15min):
EMA Distance Changes (%): ['0.058', '0.065', '0.025', '0.004']
EMA12 Changes (%): ['-0.012', '-0.022', '0.068', '0.051']
Price Changes (%): ['-0.507', '-0.082', '0.568', '-0.043']
Candle Analysis:
    Body Sizes (%): ['0.512', '0.082', '0.568', '0.048']
    Upper Shadows (%): ['0.033', '0.188', '0.019', '0.019']
    Lower Shadows (%): ['0.077', '0.077', '0.048', '0.077']
Volumes: [np.float64(244326.0), np.float64(53585.0), np.float64(41194.0), np.float64(31670.0)]
2025-05-09 00:11:37,399 - INFO - 
2. Post-Cross Movement (30min):
5min Price Changes (%): []
Maximum Change: 0.000% after 0 minutes
Candle Analysis:
    Body Sizes (%): []
    Upper Shadows (%): []
    Lower Shadows (%): []
Volumes: []
==================================================
2025-05-09 02:10:56,067 - INFO - 
==================================================
EMA Cross Analysis - BAN/USDT
Time: 2025-05-09 02:10:00+09:00
Type: dead
Cross Character (Current): Strong
Cross Character (New): Weak
Price at Cross: 0.06614

1. Pre-Cross Pattern (15min):
EMA Distance Changes (%): ['0.460', '0.248', '0.068', '0.083']
EMA12 Changes (%): ['-0.280', '-0.342', '-0.306', '-0.276']
Price Changes (%): ['0.120', '-0.689', '-0.106', '-0.106']
Candle Analysis:
    Body Sizes (%): ['0.135', '0.674', '0.060', '0.106']
    Upper Shadows (%): ['0.060', '0.180', '0.362', '0.000']
    Lower Shadows (%): ['0.150', '0.495', '0.347', '0.091']
Volumes: [np.float64(1001231.0), np.float64(1781634.0), np.float64(1037143.0), np.float64(46337.0)]
2025-05-09 02:10:56,067 - INFO - 
2. Post-Cross Movement (30min):
5min Price Changes (%): []
Maximum Change: 0.000% after 0 minutes
Candle Analysis:
    Body Sizes (%): []
    Upper Shadows (%): []
    Lower Shadows (%): []
Volumes: []
==================================================
2025-05-09 02:15:33,376 - INFO - 
==================================================
EMA Cross Analysis - BAN/USDT
Time: 2025-05-09 02:10:00+09:00
Type: dead
Cross Character (Current): Strong
Cross Character (New): Strong
Price at Cross: 0.06637

1. Pre-Cross Pattern (15min):
EMA Distance Changes (%): ['0.460', '0.248', '0.068', '0.055']
EMA12 Changes (%): ['-0.280', '-0.342', '-0.306', '-0.223']
Price Changes (%): ['0.120', '-0.689', '-0.106', '0.242']
Candle Analysis:
    Body Sizes (%): ['0.135', '0.674', '0.060', '0.242']
    Upper Shadows (%): ['0.060', '0.180', '0.362', '0.015']
    Lower Shadows (%): ['0.150', '0.495', '0.347', '0.196']
Volumes: [np.float64(1001231.0), np.float64(1781634.0), np.float64(1037143.0), np.float64(420447.0)]
2025-05-09 02:15:33,377 - INFO - 
2. Post-Cross Movement (30min):
5min Price Changes (%): ['-0.075']
Maximum Change: -0.075% after 5 minutes
Candle Analysis:
    Body Sizes (%): ['0.075']
    Upper Shadows (%): ['0.015']
    Lower Shadows (%): ['0.045']
Volumes: [np.float64(39073.0)]
==================================================
2025-05-09 02:15:39,257 - INFO - 
==================================================
EMA Cross Analysis - EOS/USDT
Time: 2025-05-09 02:15:00+09:00
Type: dead
Cross Character (Current): Weak
Cross Character (New): Weak
Price at Cross: 0.841

1. Pre-Cross Pattern (15min):
EMA Distance Changes (%): ['0.238', '0.142', '0.055', '0.014']
EMA12 Changes (%): ['-0.135', '-0.151', '-0.146', '-0.124']
Price Changes (%): ['-0.472', '-0.237', '-0.119', '0.000']
Candle Analysis:
    Body Sizes (%): ['0.589', '0.355', '0.000', '0.000']
    Upper Shadows (%): ['0.118', '0.237', '0.238', '0.119']
    Lower Shadows (%): ['0.118', '0.237', '0.119', '0.000']
Volumes: [np.float64(818240.3), np.float64(1352743.2), np.float64(603606.2), np.float64(13458.4)]
2025-05-09 02:15:39,257 - INFO - 
2. Post-Cross Movement (30min):
5min Price Changes (%): []
Maximum Change: 0.000% after 0 minutes
Candle Analysis:
    Body Sizes (%): []
    Upper Shadows (%): []
    Lower Shadows (%): []
Volumes: []
==================================================
2025-05-09 02:20:16,175 - INFO - 
==================================================
EMA Cross Analysis - EOS/USDT
Time: 2025-05-09 02:20:00+09:00
Type: dead
Cross Character (Current): Weak
Cross Character (New): Weak
Price at Cross: 0.842

1. Pre-Cross Pattern (15min):
EMA Distance Changes (%): ['0.142', '0.055', '0.005', '0.044']
EMA12 Changes (%): ['-0.151', '-0.146', '-0.087', '-0.092']
Price Changes (%): ['-0.237', '-0.119', '0.238', '-0.119']
Candle Analysis:
    Body Sizes (%): ['0.355', '0.000', '0.238', '0.119']
    Upper Shadows (%): ['0.237', '0.238', '0.000', '0.119']
    Lower Shadows (%): ['0.237', '0.119', '0.119', '0.000']
Volumes: [np.float64(1352743.2), np.float64(603606.2), np.float64(515754.7), np.float64(21231.8)]
2025-05-09 02:20:16,175 - INFO - 
2. Post-Cross Movement (30min):
5min Price Changes (%): []
Maximum Change: 0.000% after 0 minutes
Candle Analysis:
    Body Sizes (%): []
    Upper Shadows (%): []
    Lower Shadows (%): []
Volumes: []
==================================================
2025-05-09 02:26:01,754 - INFO - 
==================================================
EMA Cross Analysis - EOS/USDT
Time: 2025-05-09 02:20:00+09:00
Type: dead
Cross Character (Current): Weak
Cross Character (New): Weak
Price at Cross: 0.844

1. Pre-Cross Pattern (15min):
EMA Distance Changes (%): ['0.142', '0.055', '0.005', '0.025']
EMA12 Changes (%): ['-0.151', '-0.146', '-0.087', '-0.056']
Price Changes (%): ['-0.237', '-0.119', '0.238', '0.119']
Candle Analysis:
    Body Sizes (%): ['0.355', '0.000', '0.238', '0.119']
    Upper Shadows (%): ['0.237', '0.238', '0.000', '0.119']
    Lower Shadows (%): ['0.237', '0.119', '0.119', '0.237']
Volumes: [np.float64(1352743.2), np.float64(603606.2), np.float64(515754.7), np.float64(541326.6)]
2025-05-09 02:26:01,755 - INFO - 
2. Post-Cross Movement (30min):
5min Price Changes (%): ['0.000']
Maximum Change: 0.000% after 0 minutes
Candle Analysis:
    Body Sizes (%): ['0.119']
    Upper Shadows (%): ['0.000']
    Lower Shadows (%): ['0.119']
Volumes: [np.float64(68874.7)]
==================================================
2025-05-09 02:35:15,757 - INFO - 
==================================================
EMA Cross Analysis - EOS/USDT
Time: 2025-05-09 02:35:00+09:00
Type: golden
Cross Character (Current): Weak
Cross Character (New): Weak
Price at Cross: 0.848

1. Pre-Cross Pattern (15min):
EMA Distance Changes (%): ['0.025', '0.038', '0.010', '0.002']
EMA12 Changes (%): ['-0.056', '-0.029', '0.048', '0.022']
Price Changes (%): ['0.119', '0.118', '0.473', '-0.118']
Candle Analysis:
    Body Sizes (%): ['0.119', '0.237', '0.355', '0.118']
    Upper Shadows (%): ['0.119', '0.356', '0.000', '0.000']
    Lower Shadows (%): ['0.237', '0.119', '0.236', '0.000']
Volumes: [np.float64(541326.6), np.float64(633998.7), np.float64(607419.3), np.float64(88721.7)]
2025-05-09 02:35:15,757 - INFO - 
2. Post-Cross Movement (30min):
5min Price Changes (%): []
Maximum Change: 0.000% after 0 minutes
Candle Analysis:
    Body Sizes (%): []
    Upper Shadows (%): []
    Lower Shadows (%): []
Volumes: []
==================================================
2025-05-09 02:41:00,551 - INFO - 
==================================================
EMA Cross Analysis - BNB/USDT
Time: 2025-05-09 02:40:00+09:00
Type: dead
Cross Character (Current): Weak
Cross Character (New): Weak
Price at Cross: 618.38

1. Pre-Cross Pattern (15min):
EMA Distance Changes (%): ['0.077', '0.067', '0.030', '0.003']
EMA12 Changes (%): ['-0.007', '-0.010', '-0.061', '-0.060']
Price Changes (%): ['-0.023', '-0.024', '-0.345', '-0.057']
Candle Analysis:
    Body Sizes (%): ['0.023', '0.024', '0.346', '0.057']
    Upper Shadows (%): ['0.087', '0.077', '0.029', '0.002']
    Lower Shadows (%): ['0.006', '0.060', '0.035', '0.045']
Volumes: [np.float64(1862.89), np.float64(1170.6), np.float64(6215.56), np.float64(4217.98)]
2025-05-09 02:41:00,551 - INFO - 
2. Post-Cross Movement (30min):
5min Price Changes (%): []
Maximum Change: 0.000% after 0 minutes
Candle Analysis:
    Body Sizes (%): []
    Upper Shadows (%): []
    Lower Shadows (%): []
Volumes: []
==================================================
2025-05-09 02:41:01,203 - INFO - 
==================================================
EMA Cross Analysis - EOS/USDT
Time: 2025-05-09 02:35:00+09:00
Type: golden
Cross Character (Current): Weak
Cross Character (New): Weak
Price at Cross: 0.85

1. Pre-Cross Pattern (15min):
EMA Distance Changes (%): ['0.025', '0.038', '0.010', '0.021']
EMA12 Changes (%): ['-0.056', '-0.029', '0.048', '0.059']
Price Changes (%): ['0.119', '0.118', '0.473', '0.118']
Candle Analysis:
    Body Sizes (%): ['0.119', '0.237', '0.355', '0.118']
    Upper Shadows (%): ['0.119', '0.356', '0.000', '0.000']
    Lower Shadows (%): ['0.237', '0.119', '0.236', '0.353']
Volumes: [np.float64(541326.6), np.float64(633998.7), np.float64(607419.3), np.float64(646730.8)]
2025-05-09 02:41:01,203 - INFO - 
2. Post-Cross Movement (30min):
5min Price Changes (%): ['-0.235']
Maximum Change: -0.235% after 5 minutes
Candle Analysis:
    Body Sizes (%): ['0.235']
    Upper Shadows (%): ['0.000']
    Lower Shadows (%): ['0.235']
Volumes: [np.float64(164154.7)]
==================================================
2025-05-09 02:45:37,825 - INFO - 
==================================================
EMA Cross Analysis - BNB/USDT
Time: 2025-05-09 02:40:00+09:00
Type: dead
Cross Character (Current): Weak
Cross Character (New): Weak
Price at Cross: 616.83

1. Pre-Cross Pattern (15min):
EMA Distance Changes (%): ['0.077', '0.067', '0.030', '0.024']
EMA12 Changes (%): ['-0.007', '-0.010', '-0.061', '-0.099']
Price Changes (%): ['-0.023', '-0.024', '-0.345', '-0.307']
Candle Analysis:
    Body Sizes (%): ['0.023', '0.024', '0.346', '0.307']
    Upper Shadows (%): ['0.087', '0.077', '0.029', '0.019']
    Lower Shadows (%): ['0.006', '0.060', '0.035', '0.060']
Volumes: [np.float64(1862.89), np.float64(1170.6), np.float64(6215.56), np.float64(15672.78)]
2025-05-09 02:45:37,825 - INFO - 
2. Post-Cross Movement (30min):
5min Price Changes (%): ['0.016']
Maximum Change: 0.016% after 5 minutes
Candle Analysis:
    Body Sizes (%): ['0.016']
    Upper Shadows (%): ['0.015']
    Lower Shadows (%): ['0.002']
Volumes: [np.float64(796.1)]
==================================================
2025-05-09 02:50:15,634 - INFO - 
==================================================
EMA Cross Analysis - XRP/USDT
Time: 2025-05-09 02:45:00+09:00
Type: dead
Cross Character (Current): Weak
Cross Character (New): Weak
Price at Cross: 2.2297

1. Pre-Cross Pattern (15min):
EMA Distance Changes (%): ['0.096', '0.069', '0.034', '0.014']
EMA12 Changes (%): ['-0.040', '-0.039', '-0.057', '-0.088']
Price Changes (%): ['-0.294', '-0.031', '-0.156', '-0.259']
Candle Analysis:
    Body Sizes (%): ['0.298', '0.031', '0.156', '0.255']
    Upper Shadows (%): ['0.080', '0.013', '0.022', '0.089']
    Lower Shadows (%): ['0.031', '0.089', '0.121', '0.161']
Volumes: [np.float64(1751728.3), np.float64(1802513.8), np.float64(3523639.2), np.float64(6262793.0)]
2025-05-09 02:50:15,634 - INFO - 
2. Post-Cross Movement (30min):
5min Price Changes (%): ['0.009']
Maximum Change: 0.009% after 5 minutes
Candle Analysis:
    Body Sizes (%): ['0.004']
    Upper Shadows (%): ['0.013']
    Lower Shadows (%): ['0.018']
Volumes: [np.float64(165080.3)]
==================================================
2025-05-09 03:00:37,067 - INFO - 
==================================================
EMA Cross Analysis - DOT/USDT
Time: 2025-05-09 03:00:00+09:00
Type: dead
Cross Character (Current): Weak
Cross Character (New): Weak
Price at Cross: 4.294

1. Pre-Cross Pattern (15min):
EMA Distance Changes (%): ['0.070', '0.042', '0.016', '0.001']
EMA12 Changes (%): ['-0.106', '-0.044', '-0.044', '-0.030']
Price Changes (%): ['-0.326', '0.304', '-0.047', '0.047']
Candle Analysis:
    Body Sizes (%): ['0.326', '0.280', '0.023', '0.023']
    Upper Shadows (%): ['0.116', '0.000', '0.047', '0.047']
    Lower Shadows (%): ['0.116', '0.047', '0.093', '0.023']
Volumes: [np.float64(252262.1), np.float64(75448.4), np.float64(60028.6), np.float64(23206.6)]
2025-05-09 03:00:37,067 - INFO - 
2. Post-Cross Movement (30min):
5min Price Changes (%): []
Maximum Change: 0.000% after 0 minutes
Candle Analysis:
    Body Sizes (%): []
    Upper Shadows (%): []
    Lower Shadows (%): []
Volumes: []
==================================================
2025-05-09 03:00:39,044 - INFO - 
==================================================
EMA Cross Analysis - RENDER/USDT
Time: 2025-05-09 03:00:00+09:00
Type: dead
Cross Character (Current): Weak
Cross Character (New): Weak
Price at Cross: 4.615

1. Pre-Cross Pattern (15min):
EMA Distance Changes (%): ['0.140', '0.088', '0.028', '0.006']
EMA12 Changes (%): ['-0.112', '-0.079', '-0.103', '-0.061']
Price Changes (%): ['-0.389', '0.108', '-0.238', '0.174']
Candle Analysis:
    Body Sizes (%): ['0.410', '0.108', '0.217', '0.152']
    Upper Shadows (%): ['0.151', '0.087', '0.130', '0.000']
    Lower Shadows (%): ['0.194', '0.022', '0.043', '0.000']
Volumes: [np.float64(41724.5), np.float64(23585.1), np.float64(48924.4), np.float64(7069.7)]
2025-05-09 03:00:39,044 - INFO - 
2. Post-Cross Movement (30min):
5min Price Changes (%): []
Maximum Change: 0.000% after 0 minutes
Candle Analysis:
    Body Sizes (%): []
    Upper Shadows (%): []
    Lower Shadows (%): []
Volumes: []
==================================================
2025-05-09 03:00:39,697 - INFO - 
==================================================
EMA Cross Analysis - ATA/USDT
Time: 2025-05-09 03:00:00+09:00
Type: dead
Cross Character (Current): Weak
Cross Character (New): Weak
Price at Cross: 0.055

1. Pre-Cross Pattern (15min):
EMA Distance Changes (%): ['0.075', '0.044', '0.019', '0.001']
EMA12 Changes (%): ['-0.157', '-0.050', '-0.042', '-0.036']
Price Changes (%): ['-0.182', '0.548', '0.000', '0.000']
Candle Analysis:
    Body Sizes (%): ['0.364', '0.365', '0.000', '0.000']
    Upper Shadows (%): ['0.000', '1.277', '0.364', '0.182']
    Lower Shadows (%): ['0.182', '0.730', '0.000', '0.000']
Volumes: [np.float64(270708.0), np.float64(1464794.0), np.float64(97057.0), np.float64(23805.0)]
2025-05-09 03:00:39,697 - INFO - 
2. Post-Cross Movement (30min):
5min Price Changes (%): []
Maximum Change: 0.000% after 0 minutes
Candle Analysis:
    Body Sizes (%): []
    Upper Shadows (%): []
    Lower Shadows (%): []
Volumes: []
==================================================
2025-05-09 03:05:13,686 - INFO - 
==================================================
EMA Cross Analysis - GRASS/USDT
Time: 2025-05-09 03:00:00+09:00
Type: dead
Cross Character (Current): Weak
Cross Character (New): Weak
Price at Cross: 1.5665

1. Pre-Cross Pattern (15min):
EMA Distance Changes (%): ['0.183', '0.161', '0.122', '0.001']
EMA12 Changes (%): ['-0.057', '-0.015', '-0.052', '-0.220']
Price Changes (%): ['0.025', '0.214', '-0.258', '-1.148']
Candle Analysis:
    Body Sizes (%): ['0.019', '0.189', '0.239', '1.161']
    Upper Shadows (%): ['0.139', '0.063', '0.038', '0.095']
    Lower Shadows (%): ['0.145', '0.000', '0.088', '0.410']
Volumes: [np.float64(12317.7), np.float64(14615.5), np.float64(5267.7), np.float64(230179.5)]
2025-05-09 03:05:13,687 - INFO - 
2. Post-Cross Movement (30min):
5min Price Changes (%): ['-0.147']
Maximum Change: -0.147% after 5 minutes
Candle Analysis:
    Body Sizes (%): ['0.166']
    Upper Shadows (%): ['0.000']
    Lower Shadows (%): ['0.000']
Volumes: [np.float64(3155.2)]
==================================================
2025-05-09 03:05:13,903 - INFO - 
==================================================
EMA Cross Analysis - DOT/USDT
Time: 2025-05-09 03:05:00+09:00
Type: dead
Cross Character (Current): Weak
Cross Character (New): Weak
Price at Cross: 4.298

1. Pre-Cross Pattern (15min):
EMA Distance Changes (%): ['0.042', '0.016', '0.005', '0.002']
EMA12 Changes (%): ['-0.044', '-0.044', '-0.019', '-0.013']
Price Changes (%): ['0.304', '-0.047', '0.116', '0.023']
Candle Analysis:
    Body Sizes (%): ['0.280', '0.023', '0.093', '0.023']
    Upper Shadows (%): ['0.000', '0.047', '0.116', '0.023']
    Lower Shadows (%): ['0.047', '0.093', '0.047', '0.000']
Volumes: [np.float64(75448.4), np.float64(60028.6), np.float64(136902.4), np.float64(9626.5)]
2025-05-09 03:05:13,903 - INFO - 
2. Post-Cross Movement (30min):
5min Price Changes (%): []
Maximum Change: 0.000% after 0 minutes
Candle Analysis:
    Body Sizes (%): []
    Upper Shadows (%): []
    Lower Shadows (%): []
Volumes: []
==================================================
2025-05-09 03:05:15,860 - INFO - 
==================================================
EMA Cross Analysis - RENDER/USDT
Time: 2025-05-09 03:00:00+09:00
Type: dead
Cross Character (Current): Weak
Cross Character (New): Weak
Price at Cross: 4.61

1. Pre-Cross Pattern (15min):
EMA Distance Changes (%): ['0.140', '0.088', '0.028', '0.014']
EMA12 Changes (%): ['-0.112', '-0.079', '-0.103', '-0.077']
Price Changes (%): ['-0.389', '0.108', '-0.238', '0.065']
Candle Analysis:
    Body Sizes (%): ['0.410', '0.108', '0.217', '0.043']
    Upper Shadows (%): ['0.151', '0.087', '0.130', '0.195']
    Lower Shadows (%): ['0.194', '0.022', '0.043', '0.109']
Volumes: [np.float64(41724.5), np.float64(23585.1), np.float64(48924.4), np.float64(56490.3)]
2025-05-09 03:05:15,860 - INFO - 
2. Post-Cross Movement (30min):
5min Price Changes (%): ['-0.043']
Maximum Change: -0.043% after 5 minutes
Candle Analysis:
    Body Sizes (%): ['0.022']
    Upper Shadows (%): ['0.000']
    Lower Shadows (%): ['0.000']
Volumes: [np.float64(1793.5)]
==================================================
2025-05-09 03:05:16,515 - INFO - 
==================================================
EMA Cross Analysis - ATA/USDT
Time: 2025-05-09 03:00:00+09:00
Type: dead
Cross Character (Current): Weak
Cross Character (New): Weak
Price at Cross: 0.0549

1. Pre-Cross Pattern (15min):
EMA Distance Changes (%): ['0.075', '0.044', '0.019', '0.016']
EMA12 Changes (%): ['-0.157', '-0.050', '-0.042', '-0.063']
Price Changes (%): ['-0.182', '0.548', '0.000', '-0.182']
Candle Analysis:
    Body Sizes (%): ['0.364', '0.365', '0.000', '0.182']
    Upper Shadows (%): ['0.000', '1.277', '0.364', '0.182']
    Lower Shadows (%): ['0.182', '0.730', '0.000', '0.182']
Volumes: [np.float64(270708.0), np.float64(1464794.0), np.float64(97057.0), np.float64(299045.0)]
2025-05-09 03:05:16,515 - INFO - 
2. Post-Cross Movement (30min):
5min Price Changes (%): ['0.000']
Maximum Change: 0.000% after 0 minutes
Candle Analysis:
    Body Sizes (%): ['0.000']
    Upper Shadows (%): ['0.000']
    Lower Shadows (%): ['0.000']
Volumes: [np.float64(498.0)]
==================================================
2025-05-09 03:11:00,585 - INFO - 
==================================================
EMA Cross Analysis - EOS/USDT
Time: 2025-05-09 03:10:00+09:00
Type: dead
Cross Character (Current): Weak
Cross Character (New): Weak
Price at Cross: 0.845

1. Pre-Cross Pattern (15min):
EMA Distance Changes (%): ['0.033', '0.035', '0.017', '0.007']
EMA12 Changes (%): ['0.031', '0.008', '-0.029', '-0.043']
Price Changes (%): ['0.236', '-0.118', '-0.236', '-0.118']
Candle Analysis:
    Body Sizes (%): ['0.236', '0.118', '0.236', '0.236']
    Upper Shadows (%): ['0.118', '0.118', '0.000', '0.000']
    Lower Shadows (%): ['0.118', '0.118', '0.236', '0.000']
Volumes: [np.float64(389375.5), np.float64(383288.1), np.float64(862520.6), np.float64(69341.8)]
2025-05-09 03:11:00,585 - INFO - 
2. Post-Cross Movement (30min):
5min Price Changes (%): []
Maximum Change: 0.000% after 0 minutes
Candle Analysis:
    Body Sizes (%): []
    Upper Shadows (%): []
    Lower Shadows (%): []
Volumes: []
==================================================
2025-05-09 03:20:15,138 - INFO - 
==================================================
EMA Cross Analysis - RENDER/USDT
Time: 2025-05-09 03:20:00+09:00
Type: golden
Cross Character (Current): Weak
Cross Character (New): Weak
Price at Cross: 4.638

1. Pre-Cross Pattern (15min):
EMA Distance Changes (%): ['0.016', '0.021', '0.004', '0.010']
EMA12 Changes (%): ['-0.006', '-0.011', '0.030', '0.026']
Price Changes (%): ['0.390', '-0.043', '0.259', '0.000']
Candle Analysis:
    Body Sizes (%): ['0.412', '0.065', '0.259', '0.022']
    Upper Shadows (%): ['0.022', '0.173', '0.043', '0.000']
    Lower Shadows (%): ['0.130', '0.000', '0.043', '0.022']
Volumes: [np.float64(37008.8), np.float64(27146.0), np.float64(24107.1), np.float64(257.4)]
2025-05-09 03:20:15,138 - INFO - 
2. Post-Cross Movement (30min):
5min Price Changes (%): []
Maximum Change: 0.000% after 0 minutes
Candle Analysis:
    Body Sizes (%): []
    Upper Shadows (%): []
    Lower Shadows (%): []
Volumes: []
==================================================
2025-05-09 03:25:59,654 - INFO - 
==================================================
EMA Cross Analysis - EOS/USDT
Time: 2025-05-09 03:25:00+09:00
Type: dead
Cross Character (Current): Weak
Cross Character (New): Weak
Price at Cross: 0.846

1. Pre-Cross Pattern (15min):
EMA Distance Changes (%): ['0.031', '0.023', '0.007', '0.006']
EMA12 Changes (%): ['0.030', '-0.011', '-0.028', '-0.023']
Price Changes (%): ['0.355', '-0.236', '-0.118', '0.000']
Candle Analysis:
    Body Sizes (%): ['0.236', '0.236', '0.236', '0.000']
    Upper Shadows (%): ['0.000', '0.000', '0.118', '0.000']
    Lower Shadows (%): ['0.236', '0.118', '0.118', '0.118']
Volumes: [np.float64(396000.3), np.float64(306151.0), np.float64(352923.6), np.float64(7064.7)]
2025-05-09 03:25:59,654 - INFO - 
2. Post-Cross Movement (30min):
5min Price Changes (%): []
Maximum Change: 0.000% after 0 minutes
Candle Analysis:
    Body Sizes (%): []
    Upper Shadows (%): []
    Lower Shadows (%): []
Volumes: []
==================================================
2025-05-09 03:30:32,268 - INFO - 
==================================================
EMA Cross Analysis - BAKE/USDT
Time: 2025-05-09 03:25:00+09:00
Type: dead
Cross Character (Current): Weak
Cross Character (New): Weak
Price at Cross: 0.1266

1. Pre-Cross Pattern (15min):
EMA Distance Changes (%): ['0.101', '0.063', '0.032', '0.006']
EMA12 Changes (%): ['-0.099', '-0.060', '-0.051', '-0.067']
Price Changes (%): ['-0.236', '0.158', '0.000', '-0.158']
Candle Analysis:
    Body Sizes (%): ['0.236', '0.158', '0.000', '0.158']
    Upper Shadows (%): ['0.158', '0.237', '0.315', '0.237']
    Lower Shadows (%): ['0.236', '0.000', '0.000', '0.158']
Volumes: [np.float64(653649.0), np.float64(241987.0), np.float64(356047.0), np.float64(181336.0)]
2025-05-09 03:30:32,269 - INFO - 
2. Post-Cross Movement (30min):
5min Price Changes (%): ['0.079']
Maximum Change: 0.079% after 5 minutes
Candle Analysis:
    Body Sizes (%): ['0.000']
    Upper Shadows (%): ['0.000']
    Lower Shadows (%): ['0.000']
Volumes: [np.float64(6553.0)]
==================================================
2025-05-09 03:30:36,630 - INFO - 
==================================================
EMA Cross Analysis - EOS/USDT
Time: 2025-05-09 03:25:00+09:00
Type: dead
Cross Character (Current): Weak
Cross Character (New): Weak
Price at Cross: 0.845

1. Pre-Cross Pattern (15min):
EMA Distance Changes (%): ['0.031', '0.023', '0.007', '0.015']
EMA12 Changes (%): ['0.030', '-0.011', '-0.028', '-0.042']
Price Changes (%): ['0.355', '-0.236', '-0.118', '-0.118']
Candle Analysis:
    Body Sizes (%): ['0.236', '0.236', '0.236', '0.118']
    Upper Shadows (%): ['0.000', '0.000', '0.118', '0.000']
    Lower Shadows (%): ['0.236', '0.118', '0.118', '0.118']
Volumes: [np.float64(396000.3), np.float64(306151.0), np.float64(352923.6), np.float64(504530.4)]
2025-05-09 03:30:36,630 - INFO - 
2. Post-Cross Movement (30min):
5min Price Changes (%): ['0.237']
Maximum Change: 0.237% after 5 minutes
Candle Analysis:
    Body Sizes (%): ['0.118']
    Upper Shadows (%): ['0.000']
    Lower Shadows (%): ['0.118']
Volumes: [np.float64(103331.5)]
==================================================
2025-05-09 03:35:09,033 - INFO - 
==================================================
EMA Cross Analysis - HIPPO/USDT
Time: 2025-05-09 03:35:00+09:00
Type: dead
Cross Character (Current): Weak
Cross Character (New): Weak
Price at Cross: 0.002378

1. Pre-Cross Pattern (15min):
EMA Distance Changes (%): ['0.257', '0.210', '0.015', '0.137']
EMA12 Changes (%): ['0.001', '-0.056', '-0.345', '-0.286']
Price Changes (%): ['0.247', '-0.370', '-1.939', '0.042']
Candle Analysis:
    Body Sizes (%): ['0.289', '0.411', '2.020', '0.000']
    Upper Shadows (%): ['0.577', '0.082', '0.289', '0.042']
    Lower Shadows (%): ['0.000', '0.123', '0.289', '0.042']
Volumes: [np.float64(9087333.0), np.float64(15925267.0), np.float64(33176490.0), np.float64(452224.0)]
2025-05-09 03:35:09,033 - INFO - 
2. Post-Cross Movement (30min):
5min Price Changes (%): []
Maximum Change: 0.000% after 0 minutes
Candle Analysis:
    Body Sizes (%): []
    Upper Shadows (%): []
    Lower Shadows (%): []
Volumes: []
==================================================
2025-05-09 03:35:12,083 - INFO - 
==================================================
EMA Cross Analysis - TNSR/USDT
Time: 2025-05-09 03:35:00+09:00
Type: dead
Cross Character (Current): Weak
Cross Character (New): Weak
Price at Cross: 0.1513

1. Pre-Cross Pattern (15min):
EMA Distance Changes (%): ['0.103', '0.076', '0.017', '0.029']
EMA12 Changes (%): ['-0.056', '-0.037', '-0.102', '-0.087']
Price Changes (%): ['-0.263', '0.066', '-0.461', '0.000']
Candle Analysis:
    Body Sizes (%): ['0.263', '0.000', '0.395', '0.000']
    Upper Shadows (%): ['0.131', '0.000', '0.197', '0.066']
    Lower Shadows (%): ['0.000', '0.132', '0.000', '0.000']
Volumes: [np.float64(66121.8), np.float64(25830.9), np.float64(123990.4), np.float64(5493.5)]
2025-05-09 03:35:12,083 - INFO - 
2. Post-Cross Movement (30min):
5min Price Changes (%): []
Maximum Change: 0.000% after 0 minutes
Candle Analysis:
    Body Sizes (%): []
    Upper Shadows (%): []
    Lower Shadows (%): []
Volumes: []
==================================================
2025-05-09 03:35:15,959 - INFO - 
==================================================
EMA Cross Analysis - MOVE/USDT
Time: 2025-05-09 03:30:00+09:00
Type: dead
Cross Character (Current): Weak
Cross Character (New): Weak
Price at Cross: 0.1645

1. Pre-Cross Pattern (15min):
EMA Distance Changes (%): ['0.088', '0.075', '0.059', '0.002']
EMA12 Changes (%): ['-0.015', '-0.013', '-0.020', '-0.110']
Price Changes (%): ['0.121', '0.000', '-0.060', '-0.604']
Candle Analysis:
    Body Sizes (%): ['0.121', '0.000', '0.060', '0.604']
    Upper Shadows (%): ['0.060', '0.302', '0.060', '0.121']
    Lower Shadows (%): ['0.121', '0.060', '0.121', '0.060']
Volumes: [np.float64(1258007.0), np.float64(1215753.0), np.float64(620059.0), np.float64(1159141.0)]
2025-05-09 03:35:15,959 - INFO - 
2. Post-Cross Movement (30min):
5min Price Changes (%): ['0.000']
Maximum Change: 0.000% after 0 minutes
Candle Analysis:
    Body Sizes (%): ['0.000']
    Upper Shadows (%): ['0.061']
    Lower Shadows (%): ['0.000']
Volumes: [np.float64(63647.0)]
==================================================
2025-05-09 03:40:54,657 - INFO - 
==================================================
EMA Cross Analysis - HIPPO/USDT
Time: 2025-05-09 03:35:00+09:00
Type: dead
Cross Character (Current): Weak
Cross Character (New): Weak
Price at Cross: 0.00238

1. Pre-Cross Pattern (15min):
EMA Distance Changes (%): ['0.257', '0.210', '0.015', '0.130']
EMA12 Changes (%): ['0.001', '-0.056', '-0.345', '-0.274']
Price Changes (%): ['0.247', '-0.370', '-1.939', '0.126']
Candle Analysis:
    Body Sizes (%): ['0.289', '0.411', '2.020', '0.084']
    Upper Shadows (%): ['0.577', '0.082', '0.289', '0.168']
    Lower Shadows (%): ['0.000', '0.123', '0.289', '0.547']
Volumes: [np.float64(9087333.0), np.float64(15925267.0), np.float64(33176490.0), np.float64(33907843.0)]
2025-05-09 03:40:54,658 - INFO - 
2. Post-Cross Movement (30min):
5min Price Changes (%): ['-0.714']
Maximum Change: -0.714% after 5 minutes
Candle Analysis:
    Body Sizes (%): ['0.714']
    Upper Shadows (%): ['0.084']
    Lower Shadows (%): ['0.000']
Volumes: [np.float64(5582124.0)]
==================================================
2025-05-09 03:40:57,708 - INFO - 
==================================================
EMA Cross Analysis - TNSR/USDT
Time: 2025-05-09 03:35:00+09:00
Type: dead
Cross Character (Current): Weak
Cross Character (New): Weak
Price at Cross: 0.1514

1. Pre-Cross Pattern (15min):
EMA Distance Changes (%): ['0.103', '0.076', '0.017', '0.024']
EMA12 Changes (%): ['-0.056', '-0.037', '-0.102', '-0.077']
Price Changes (%): ['-0.263', '0.066', '-0.461', '0.066']
Candle Analysis:
    Body Sizes (%): ['0.263', '0.000', '0.395', '0.066']
    Upper Shadows (%): ['0.131', '0.000', '0.197', '0.000']
    Lower Shadows (%): ['0.000', '0.132', '0.000', '0.132']
Volumes: [np.float64(66121.8), np.float64(25830.9), np.float64(123990.4), np.float64(63171.7)]
2025-05-09 03:40:57,708 - INFO - 
2. Post-Cross Movement (30min):
5min Price Changes (%): ['-0.066']
Maximum Change: -0.066% after 5 minutes
Candle Analysis:
    Body Sizes (%): ['0.066']
    Upper Shadows (%): ['0.000']
    Lower Shadows (%): ['0.066']
Volumes: [np.float64(27241.2)]
==================================================
2025-05-09 03:40:59,448 - INFO - 
==================================================
EMA Cross Analysis - XRP/USDT
Time: 2025-05-09 03:35:00+09:00
Type: golden
Cross Character (Current): Weak
Cross Character (New): Weak
Price at Cross: 2.2453

1. Pre-Cross Pattern (15min):
EMA Distance Changes (%): ['0.031', '0.028', '0.019', '0.005']
EMA12 Changes (%): ['0.018', '0.002', '0.012', '0.043']
Price Changes (%): ['-0.027', '-0.085', '0.067', '0.214']
Candle Analysis:
    Body Sizes (%): ['0.022', '0.085', '0.071', '0.210']
    Upper Shadows (%): ['0.116', '0.045', '0.125', '0.000']
    Lower Shadows (%): ['0.022', '0.054', '0.036', '0.022']
Volumes: [np.float64(2479020.2), np.float64(1130199.8), np.float64(2055903.3), np.float64(1267426.2)]
2025-05-09 03:40:59,448 - INFO - 
2. Post-Cross Movement (30min):
5min Price Changes (%): ['-0.022']
Maximum Change: -0.022% after 5 minutes
Candle Analysis:
    Body Sizes (%): ['0.022']
    Upper Shadows (%): ['0.045']
    Lower Shadows (%): ['0.022']
Volumes: [np.float64(1454559.7)]
==================================================
2025-05-09 03:45:36,953 - INFO - 
==================================================
EMA Cross Analysis - RENDER/USDT
Time: 2025-05-09 03:40:00+09:00
Type: golden
Cross Character (Current): Weak
Cross Character (New): Weak
Price at Cross: 4.641

1. Pre-Cross Pattern (15min):
EMA Distance Changes (%): ['0.010', '0.012', '0.002', '0.017']
EMA12 Changes (%): ['-0.006', '-0.005', '0.019', '0.036']
Price Changes (%): ['0.000', '0.000', '0.151', '0.129']
Candle Analysis:
    Body Sizes (%): ['0.022', '0.022', '0.151', '0.129']
    Upper Shadows (%): ['0.022', '0.216', '0.043', '0.022']
    Lower Shadows (%): ['0.151', '0.065', '0.065', '0.173']
Volumes: [np.float64(19731.3), np.float64(39701.1), np.float64(34292.3), np.float64(42644.7)]
2025-05-09 03:45:36,953 - INFO - 
2. Post-Cross Movement (30min):
5min Price Changes (%): ['-0.065']
Maximum Change: -0.065% after 5 minutes
Candle Analysis:
    Body Sizes (%): ['0.065']
    Upper Shadows (%): ['0.000']
    Lower Shadows (%): ['0.065']
Volumes: [np.float64(6918.6)]
==================================================
2025-05-09 03:45:37,389 - INFO - 
==================================================
EMA Cross Analysis - AIXBT/USDT
Time: 2025-05-09 03:45:00+09:00
Type: dead
Cross Character (Current): Strong
Cross Character (New): Weak
Price at Cross: 0.19341

1. Pre-Cross Pattern (15min):
EMA Distance Changes (%): ['0.268', '0.130', '0.055', '0.040']
EMA12 Changes (%): ['-0.289', '-0.224', '-0.125', '-0.174']
Price Changes (%): ['-1.854', '0.145', '0.429', '-0.448']
Candle Analysis:
    Body Sizes (%): ['1.854', '0.135', '0.455', '0.453']
    Upper Shadows (%): ['0.102', '0.285', '0.450', '0.015']
    Lower Shadows (%): ['0.218', '0.512', '0.119', '0.031']
Volumes: [np.float64(3479890.0), np.float64(2568476.0), np.float64(1367039.0), np.float64(301889.0)]
2025-05-09 03:45:37,389 - INFO - 
2. Post-Cross Movement (30min):
5min Price Changes (%): []
Maximum Change: 0.000% after 0 minutes
Candle Analysis:
    Body Sizes (%): []
    Upper Shadows (%): []
    Lower Shadows (%): []
Volumes: []
==================================================
2025-05-09 03:50:11,657 - INFO - 
==================================================
EMA Cross Analysis - PHA/USDT
Time: 2025-05-09 03:50:00+09:00
Type: dead
Cross Character (Current): Weak
Cross Character (New): Weak
Price at Cross: 0.12469

1. Pre-Cross Pattern (15min):
EMA Distance Changes (%): ['0.056', '0.033', '0.003', '0.021']
EMA12 Changes (%): ['-0.071', '-0.036', '-0.053', '-0.045']
Price Changes (%): ['0.048', '0.160', '-0.152', '0.000']
Candle Analysis:
    Body Sizes (%): ['0.024', '0.160', '0.120', '0.000']
    Upper Shadows (%): ['0.249', '0.217', '0.064', '0.000']
    Lower Shadows (%): ['0.185', '0.160', '0.112', '0.000']
Volumes: [np.float64(109071.0), np.float64(119293.0), np.float64(46053.0), np.float64(0.0)]
2025-05-09 03:50:11,657 - INFO - 
2. Post-Cross Movement (30min):
5min Price Changes (%): []
Maximum Change: 0.000% after 0 minutes
Candle Analysis:
    Body Sizes (%): []
    Upper Shadows (%): []
    Lower Shadows (%): []
Volumes: []
==================================================
2025-05-09 03:50:18,016 - INFO - 
==================================================
EMA Cross Analysis - USUAL/USDT
Time: 2025-05-09 03:50:00+09:00
Type: dead
Cross Character (Current): Weak
Cross Character (New): Weak
Price at Cross: 0.1282

1. Pre-Cross Pattern (15min):
EMA Distance Changes (%): ['0.133', '0.085', '0.021', '0.029']
EMA12 Changes (%): ['-0.129', '-0.073', '-0.110', '-0.093']
Price Changes (%): ['0.078', '0.234', '-0.311', '0.000']
Candle Analysis:
    Body Sizes (%): ['0.078', '0.078', '0.233', '0.000']
    Upper Shadows (%): ['0.156', '0.233', '0.000', '0.000']
    Lower Shadows (%): ['0.234', '0.078', '0.389', '0.000']
Volumes: [np.float64(684329.0), np.float64(492676.0), np.float64(951728.0), np.float64(4476.0)]
2025-05-09 03:50:18,016 - INFO - 
2. Post-Cross Movement (30min):
5min Price Changes (%): []
Maximum Change: 0.000% after 0 minutes
Candle Analysis:
    Body Sizes (%): []
    Upper Shadows (%): []
    Lower Shadows (%): []
Volumes: []
==================================================
2025-05-09 03:55:58,013 - INFO - 
==================================================
EMA Cross Analysis - PHA/USDT
Time: 2025-05-09 03:50:00+09:00
Type: dead
Cross Character (Current): Weak
Cross Character (New): Weak
Price at Cross: 0.12453

1. Pre-Cross Pattern (15min):
EMA Distance Changes (%): ['0.056', '0.033', '0.003', '0.031']
EMA12 Changes (%): ['-0.071', '-0.036', '-0.053', '-0.065']
Price Changes (%): ['0.048', '0.160', '-0.152', '-0.128']
Candle Analysis:
    Body Sizes (%): ['0.024', '0.160', '0.120', '0.112']
    Upper Shadows (%): ['0.249', '0.217', '0.064', '0.064']
    Lower Shadows (%): ['0.185', '0.160', '0.112', '0.120']
Volumes: [np.float64(109071.0), np.float64(119293.0), np.float64(46053.0), np.float64(48494.0)]
2025-05-09 03:55:58,013 - INFO - 
2. Post-Cross Movement (30min):
5min Price Changes (%): ['0.008']
Maximum Change: 0.008% after 5 minutes
Candle Analysis:
    Body Sizes (%): ['0.024']
    Upper Shadows (%): ['0.000']
    Lower Shadows (%): ['0.064']
Volumes: [np.float64(8063.0)]
==================================================
2025-05-09 03:56:04,378 - INFO - 
==================================================
EMA Cross Analysis - USUAL/USDT
Time: 2025-05-09 03:50:00+09:00
Type: dead
Cross Character (Current): Weak
Cross Character (New): Weak
Price at Cross: 0.1281

1. Pre-Cross Pattern (15min):
EMA Distance Changes (%): ['0.133', '0.085', '0.021', '0.035']
EMA12 Changes (%): ['-0.129', '-0.073', '-0.110', '-0.105']
Price Changes (%): ['0.078', '0.234', '-0.311', '-0.078']
Candle Analysis:
    Body Sizes (%): ['0.078', '0.078', '0.233', '0.078']
    Upper Shadows (%): ['0.156', '0.233', '0.000', '0.078']
    Lower Shadows (%): ['0.234', '0.078', '0.389', '0.156']
Volumes: [np.float64(684329.0), np.float64(492676.0), np.float64(951728.0), np.float64(373637.0)]
2025-05-09 03:56:04,379 - INFO - 
2. Post-Cross Movement (30min):
5min Price Changes (%): ['-0.156']
Maximum Change: -0.156% after 5 minutes
Candle Analysis:
    Body Sizes (%): ['0.078']
    Upper Shadows (%): ['0.078']
    Lower Shadows (%): ['0.078']
Volumes: [np.float64(90937.0)]
==================================================
2025-05-09 04:00:31,848 - INFO - 
==================================================
EMA Cross Analysis - TIA/USDT
Time: 2025-05-09 04:00:00+09:00
Type: dead
Cross Character (Current): Weak
Cross Character (New): Weak
Price at Cross: 2.6811

1. Pre-Cross Pattern (15min):
EMA Distance Changes (%): ['0.068', '0.034', '0.001', '0.032']
EMA12 Changes (%): ['-0.028', '-0.057', '-0.058', '-0.063']
Price Changes (%): ['0.082', '-0.216', '-0.067', '-0.089']
Candle Analysis:
    Body Sizes (%): ['0.086', '0.212', '0.060', '0.086']
    Upper Shadows (%): ['0.126', '0.000', '0.257', '0.052']
    Lower Shadows (%): ['0.179', '0.193', '0.067', '0.048']
Volumes: [np.float64(209099.0), np.float64(144558.0), np.float64(175813.0), np.float64(35800.0)]
2025-05-09 04:00:31,848 - INFO - 
2. Post-Cross Movement (30min):
5min Price Changes (%): []
Maximum Change: 0.000% after 0 minutes
Candle Analysis:
    Body Sizes (%): []
    Upper Shadows (%): []
    Lower Shadows (%): []
Volumes: []
==================================================
2025-05-09 04:00:32,719 - INFO - 
==================================================
EMA Cross Analysis - ORCA/USDT
Time: 2025-05-09 04:00:00+09:00
Type: dead
Cross Character (Current): Weak
Cross Character (New): Weak
Price at Cross: 2.683

1. Pre-Cross Pattern (15min):
EMA Distance Changes (%): ['0.119', '0.073', '0.022', '0.031']
EMA12 Changes (%): ['-0.030', '-0.071', '-0.089', '-0.098']
Price Changes (%): ['0.148', '-0.296', '-0.186', '-0.149']
Candle Analysis:
    Body Sizes (%): ['0.148', '0.333', '0.223', '0.112']
    Upper Shadows (%): ['0.037', '0.000', '0.000', '0.000']
    Lower Shadows (%): ['0.074', '0.000', '0.111', '0.000']
Volumes: [np.float64(18510.9), np.float64(10176.8), np.float64(33249.4), np.float64(5093.5)]
2025-05-09 04:00:32,719 - INFO - 
2. Post-Cross Movement (30min):
5min Price Changes (%): []
Maximum Change: 0.000% after 0 minutes
Candle Analysis:
    Body Sizes (%): []
    Upper Shadows (%): []
    Lower Shadows (%): []
Volumes: []
==================================================
2025-05-09 04:00:39,039 - INFO - 
==================================================
EMA Cross Analysis - RENDER/USDT
Time: 2025-05-09 04:00:00+09:00
Type: dead
Cross Character (Current): Weak
Cross Character (New): Weak
Price at Cross: 4.624

1. Pre-Cross Pattern (15min):
EMA Distance Changes (%): ['0.035', '0.024', '0.007', '0.006']
EMA12 Changes (%): ['0.037', '-0.015', '-0.030', '-0.025']
Price Changes (%): ['0.043', '-0.302', '-0.108', '0.000']
Candle Analysis:
    Body Sizes (%): ['0.043', '0.280', '0.108', '0.022']
    Upper Shadows (%): ['0.065', '0.000', '0.022', '0.022']
    Lower Shadows (%): ['0.151', '0.022', '0.151', '0.022']
Volumes: [np.float64(28745.9), np.float64(18384.0), np.float64(15274.0), np.float64(2343.2)]
2025-05-09 04:00:39,039 - INFO - 
2. Post-Cross Movement (30min):
5min Price Changes (%): []
Maximum Change: 0.000% after 0 minutes
Candle Analysis:
    Body Sizes (%): []
    Upper Shadows (%): []
    Lower Shadows (%): []
Volumes: []
==================================================
2025-05-09 04:00:41,041 - INFO - 
==================================================
EMA Cross Analysis - HIVE/USDT
Time: 2025-05-09 04:00:00+09:00
Type: dead
Cross Character (Current): Weak
Cross Character (New): Weak
Price at Cross: 0.24609

1. Pre-Cross Pattern (15min):
EMA Distance Changes (%): ['0.041', '0.021', '0.007', '0.006']
EMA12 Changes (%): ['-0.007', '-0.032', '-0.025', '-0.023']
Price Changes (%): ['0.020', '-0.166', '0.012', '-0.012']
Candle Analysis:
    Body Sizes (%): ['0.028', '0.154', '0.008', '0.000']
    Upper Shadows (%): ['0.016', '0.008', '0.008', '0.012']
    Lower Shadows (%): ['0.069', '0.000', '0.138', '0.033']
Volumes: [np.float64(13032.0), np.float64(9287.0), np.float64(46476.0), np.float64(7461.0)]
2025-05-09 04:00:41,042 - INFO - 
2. Post-Cross Movement (30min):
5min Price Changes (%): []
Maximum Change: 0.000% after 0 minutes
Candle Analysis:
    Body Sizes (%): []
    Upper Shadows (%): []
    Lower Shadows (%): []
Volumes: []
==================================================
2025-05-09 04:00:42,520 - INFO - 
==================================================
EMA Cross Analysis - VANA/USDT
Time: 2025-05-09 04:00:00+09:00
Type: dead
Cross Character (Current): Weak
Cross Character (New): Weak
Price at Cross: 5.694

1. Pre-Cross Pattern (15min):
EMA Distance Changes (%): ['0.140', '0.087', '0.039', '0.004']
EMA12 Changes (%): ['-0.072', '-0.082', '-0.081', '-0.076']
Price Changes (%): ['-0.105', '-0.140', '-0.070', '-0.053']
Candle Analysis:
    Body Sizes (%): ['0.070', '0.140', '0.053', '0.053']
    Upper Shadows (%): ['0.018', '0.018', '0.000', '0.000']
    Lower Shadows (%): ['0.123', '0.000', '0.140', '0.035']
Volumes: [np.float64(5637.55), np.float64(2214.61), np.float64(5981.48), np.float64(241.69)]
2025-05-09 04:00:42,520 - INFO - 
2. Post-Cross Movement (30min):
5min Price Changes (%): []
Maximum Change: 0.000% after 0 minutes
Candle Analysis:
    Body Sizes (%): []
    Upper Shadows (%): []
    Lower Shadows (%): []
Volumes: []
==================================================
2025-05-09 04:05:09,231 - INFO - 
==================================================
EMA Cross Analysis - TIA/USDT
Time: 2025-05-09 04:00:00+09:00
Type: dead
Cross Character (Current): Weak
Cross Character (New): Weak
Price at Cross: 2.6856

1. Pre-Cross Pattern (15min):
EMA Distance Changes (%): ['0.068', '0.034', '0.001', '0.019']
EMA12 Changes (%): ['-0.028', '-0.057', '-0.058', '-0.037']
Price Changes (%): ['0.082', '-0.216', '-0.067', '0.078']
Candle Analysis:
    Body Sizes (%): ['0.086', '0.212', '0.060', '0.082']
    Upper Shadows (%): ['0.126', '0.000', '0.257', '0.067']
    Lower Shadows (%): ['0.179', '0.193', '0.067', '0.268']
Volumes: [np.float64(209099.0), np.float64(144558.0), np.float64(175813.0), np.float64(360246.0)]
2025-05-09 04:05:09,232 - INFO - 
2. Post-Cross Movement (30min):
5min Price Changes (%): ['-0.011']
Maximum Change: -0.011% after 5 minutes
Candle Analysis:
    Body Sizes (%): ['0.000']
    Upper Shadows (%): ['0.037']
    Lower Shadows (%): ['0.056']
Volumes: [np.float64(14196.0)]
==================================================
2025-05-09 04:05:10,104 - INFO - 
==================================================
EMA Cross Analysis - ORCA/USDT
Time: 2025-05-09 04:00:00+09:00
Type: dead
Cross Character (Current): Weak
Cross Character (New): Weak
Price at Cross: 2.682

1. Pre-Cross Pattern (15min):
EMA Distance Changes (%): ['0.119', '0.073', '0.022', '0.034']
EMA12 Changes (%): ['-0.030', '-0.071', '-0.089', '-0.104']
Price Changes (%): ['0.148', '-0.296', '-0.186', '-0.186']
Candle Analysis:
    Body Sizes (%): ['0.148', '0.333', '0.223', '0.149']
    Upper Shadows (%): ['0.037', '0.000', '0.000', '0.000']
    Lower Shadows (%): ['0.074', '0.000', '0.111', '0.074']
Volumes: [np.float64(18510.9), np.float64(10176.8), np.float64(33249.4), np.float64(19568.6)]
2025-05-09 04:05:10,104 - INFO - 
2. Post-Cross Movement (30min):
5min Price Changes (%): ['0.000']
Maximum Change: 0.000% after 0 minutes
Candle Analysis:
    Body Sizes (%): ['0.037']
    Upper Shadows (%): ['0.000']
    Lower Shadows (%): ['0.037']
Volumes: [np.float64(250.7)]
==================================================
2025-05-09 04:05:13,589 - INFO - 
==================================================
EMA Cross Analysis - XLM/USDT
Time: 2025-05-09 04:05:00+09:00
Type: dead
Cross Character (Current): Weak
Cross Character (New): Weak
Price at Cross: 0.28049

1. Pre-Cross Pattern (15min):
EMA Distance Changes (%): ['0.094', '0.053', '0.012', '0.025']
EMA12 Changes (%): ['-0.028', '-0.065', '-0.071', '-0.070']
Price Changes (%): ['-0.177', '-0.273', '-0.103', '-0.064']
Candle Analysis:
    Body Sizes (%): ['0.177', '0.270', '0.096', '0.064']
    Upper Shadows (%): ['0.000', '0.000', '0.000', '0.007']
    Lower Shadows (%): ['0.138', '0.053', '0.132', '0.000']
Volumes: [np.float64(853479.0), np.float64(1068051.0), np.float64(1202021.0), np.float64(31507.0)]
2025-05-09 04:05:13,589 - INFO - 
2. Post-Cross Movement (30min):
5min Price Changes (%): []
Maximum Change: 0.000% after 0 minutes
Candle Analysis:
    Body Sizes (%): []
    Upper Shadows (%): []
    Lower Shadows (%): []
Volumes: []
==================================================
2025-05-09 04:05:14,678 - INFO - 
==================================================
EMA Cross Analysis - ZRO/USDT
Time: 2025-05-09 04:05:00+09:00
Type: dead
Cross Character (Current): Weak
Cross Character (New): Weak
Price at Cross: 2.6167

1. Pre-Cross Pattern (15min):
EMA Distance Changes (%): ['0.119', '0.081', '0.027', '0.025']
EMA12 Changes (%): ['-0.058', '-0.056', '-0.093', '-0.096']
Price Changes (%): ['-0.137', '-0.049', '-0.293', '-0.115']
Candle Analysis:
    Body Sizes (%): ['0.133', '0.061', '0.282', '0.122']
    Upper Shadows (%): ['0.049', '0.061', '0.008', '0.000']
    Lower Shadows (%): ['0.099', '0.156', '0.038', '0.019']
Volumes: [np.float64(27728.8), np.float64(22726.9), np.float64(36393.4), np.float64(1622.6)]
2025-05-09 04:05:14,678 - INFO - 
2. Post-Cross Movement (30min):
5min Price Changes (%): []
Maximum Change: 0.000% after 0 minutes
Candle Analysis:
    Body Sizes (%): []
    Upper Shadows (%): []
    Lower Shadows (%): []
Volumes: []
==================================================
2025-05-09 04:05:15,333 - INFO - 
==================================================
EMA Cross Analysis - ARPA/USDT
Time: 2025-05-09 04:05:00+09:00
Type: dead
Cross Character (Current): Weak
Cross Character (New): Weak
Price at Cross: 0.02536

1. Pre-Cross Pattern (15min):
EMA Distance Changes (%): ['0.084', '0.049', '0.020', '0.012']
EMA12 Changes (%): ['-0.017', '-0.057', '-0.048', '-0.059']
Price Changes (%): ['-0.235', '-0.275', '0.000', '-0.118']
Candle Analysis:
    Body Sizes (%): ['0.235', '0.236', '0.039', '0.118']
    Upper Shadows (%): ['0.000', '0.000', '0.039', '0.000']
    Lower Shadows (%): ['0.078', '0.039', '0.276', '0.000']
Volumes: [np.float64(454886.0), np.float64(642010.0), np.float64(815158.0), np.float64(72423.0)]
2025-05-09 04:05:15,333 - INFO - 
2. Post-Cross Movement (30min):
5min Price Changes (%): []
Maximum Change: 0.000% after 0 minutes
Candle Analysis:
    Body Sizes (%): []
    Upper Shadows (%): []
    Lower Shadows (%): []
Volumes: []
==================================================
2025-05-09 04:05:16,426 - INFO - 
==================================================
EMA Cross Analysis - RENDER/USDT
Time: 2025-05-09 04:00:00+09:00
Type: dead
Cross Character (Current): Weak
Cross Character (New): Weak
Price at Cross: 4.617

1. Pre-Cross Pattern (15min):
EMA Distance Changes (%): ['0.035', '0.024', '0.007', '0.018']
EMA12 Changes (%): ['0.037', '-0.015', '-0.030', '-0.048']
Price Changes (%): ['0.043', '-0.302', '-0.108', '-0.151']
Candle Analysis:
    Body Sizes (%): ['0.043', '0.280', '0.108', '0.130']
    Upper Shadows (%): ['0.065', '0.000', '0.022', '0.043']
    Lower Shadows (%): ['0.151', '0.022', '0.151', '0.216']
Volumes: [np.float64(28745.9), np.float64(18384.0), np.float64(15274.0), np.float64(36774.1)]
2025-05-09 04:05:16,426 - INFO - 
2. Post-Cross Movement (30min):
5min Price Changes (%): ['-0.087']
Maximum Change: -0.087% after 5 minutes
Candle Analysis:
    Body Sizes (%): ['0.108']
    Upper Shadows (%): ['0.000']
    Lower Shadows (%): ['0.000']
Volumes: [np.float64(1767.5)]
==================================================
2025-05-09 04:05:18,413 - INFO - 
==================================================
EMA Cross Analysis - HIVE/USDT
Time: 2025-05-09 04:00:00+09:00
Type: dead
Cross Character (Current): Weak
Cross Character (New): Weak
Price at Cross: 0.24584

1. Pre-Cross Pattern (15min):
EMA Distance Changes (%): ['0.041', '0.021', '0.007', '0.014']
EMA12 Changes (%): ['-0.007', '-0.032', '-0.025', '-0.039']
Price Changes (%): ['0.020', '-0.166', '0.012', '-0.114']
Candle Analysis:
    Body Sizes (%): ['0.028', '0.154', '0.008', '0.102']
    Upper Shadows (%): ['0.016', '0.008', '0.008', '0.012']
    Lower Shadows (%): ['0.069', '0.000', '0.138', '0.024']
Volumes: [np.float64(13032.0), np.float64(9287.0), np.float64(46476.0), np.float64(25802.0)]
2025-05-09 04:05:18,413 - INFO - 
2. Post-Cross Movement (30min):
5min Price Changes (%): ['-0.057']
Maximum Change: -0.057% after 5 minutes
Candle Analysis:
    Body Sizes (%): ['0.053']
    Upper Shadows (%): ['0.000']
    Lower Shadows (%): ['0.012']
Volumes: [np.float64(1597.0)]
==================================================
2025-05-09 04:05:19,889 - INFO - 
==================================================
EMA Cross Analysis - VANA/USDT
Time: 2025-05-09 04:00:00+09:00
Type: dead
Cross Character (Current): Weak
Cross Character (New): Weak
Price at Cross: 5.695

1. Pre-Cross Pattern (15min):
EMA Distance Changes (%): ['0.140', '0.087', '0.039', '0.002']
EMA12 Changes (%): ['-0.072', '-0.082', '-0.081', '-0.074']
Price Changes (%): ['-0.105', '-0.140', '-0.070', '-0.035']
Candle Analysis:
    Body Sizes (%): ['0.070', '0.140', '0.053', '0.035']
    Upper Shadows (%): ['0.018', '0.018', '0.000', '0.070']
    Lower Shadows (%): ['0.123', '0.000', '0.140', '0.298']
Volumes: [np.float64(5637.55), np.float64(2214.61), np.float64(5981.48), np.float64(5026.54)]
2025-05-09 04:05:19,889 - INFO - 
2. Post-Cross Movement (30min):
5min Price Changes (%): ['-0.123']
Maximum Change: -0.123% after 5 minutes
Candle Analysis:
    Body Sizes (%): ['0.123']
    Upper Shadows (%): ['0.000']
    Lower Shadows (%): ['0.000']
Volumes: [np.float64(78.17)]
==================================================
2025-05-09 04:05:20,107 - INFO - 
==================================================
EMA Cross Analysis - MELANIA/USDT
Time: 2025-05-09 04:00:00+09:00
Type: dead
Cross Character (Current): Weak
Cross Character (New): Weak
Price at Cross: 0.3404

1. Pre-Cross Pattern (15min):
EMA Distance Changes (%): ['0.197', '0.121', '0.069', '0.005']
EMA12 Changes (%): ['-0.103', '-0.118', '-0.082', '-0.133']
Price Changes (%): ['-0.175', '-0.205', '0.117', '-0.410']
Candle Analysis:
    Body Sizes (%): ['0.146', '0.175', '0.117', '0.410']
    Upper Shadows (%): ['0.000', '0.029', '0.088', '0.029']
    Lower Shadows (%): ['0.321', '0.058', '0.351', '0.088']
Volumes: [np.float64(168330.21), np.float64(139969.51), np.float64(203027.5), np.float64(187380.78)]
2025-05-09 04:05:20,107 - INFO - 
2. Post-Cross Movement (30min):
5min Price Changes (%): ['-0.088']
Maximum Change: -0.088% after 5 minutes
Candle Analysis:
    Body Sizes (%): ['0.059']
    Upper Shadows (%): ['0.000']
    Lower Shadows (%): ['0.029']
Volumes: [np.float64(32868.02)]
==================================================
2025-05-09 04:10:59,712 - INFO - 
==================================================
EMA Cross Analysis - XLM/USDT
Time: 2025-05-09 04:05:00+09:00
Type: dead
Cross Character (Current): Weak
Cross Character (New): Weak
Price at Cross: 0.28091

1. Pre-Cross Pattern (15min):
EMA Distance Changes (%): ['0.094', '0.053', '0.012', '0.013']
EMA12 Changes (%): ['-0.028', '-0.065', '-0.071', '-0.047']
Price Changes (%): ['-0.177', '-0.273', '-0.103', '0.086']
Candle Analysis:
    Body Sizes (%): ['0.177', '0.270', '0.096', '0.086']
    Upper Shadows (%): ['0.000', '0.000', '0.000', '0.157']
    Lower Shadows (%): ['0.138', '0.053', '0.132', '0.217']
Volumes: [np.float64(853479.0), np.float64(1068051.0), np.float64(1202021.0), np.float64(927058.0)]
2025-05-09 04:10:59,712 - INFO - 
2. Post-Cross Movement (30min):
5min Price Changes (%): ['-0.021']
Maximum Change: -0.021% after 5 minutes
Candle Analysis:
    Body Sizes (%): ['0.014']
    Upper Shadows (%): ['0.011']
    Lower Shadows (%): ['0.050']
Volumes: [np.float64(72902.0)]
==================================================
2025-05-09 04:11:00,799 - INFO - 
==================================================
EMA Cross Analysis - ZRO/USDT
Time: 2025-05-09 04:10:00+09:00
Type: dead
Cross Character (Current): Weak
Cross Character (New): Weak
Price at Cross: 2.6266

1. Pre-Cross Pattern (15min):
EMA Distance Changes (%): ['0.081', '0.027', '0.004', '0.013']
EMA12 Changes (%): ['-0.056', '-0.093', '-0.041', '-0.032']
Price Changes (%): ['-0.049', '-0.293', '0.248', '0.015']
Candle Analysis:
    Body Sizes (%): ['0.061', '0.282', '0.240', '0.023']
    Upper Shadows (%): ['0.061', '0.008', '0.050', '0.000']
    Lower Shadows (%): ['0.156', '0.038', '0.187', '0.027']
Volumes: [np.float64(22726.9), np.float64(36393.4), np.float64(39882.4), np.float64(2345.2)]
2025-05-09 04:11:00,799 - INFO - 
2. Post-Cross Movement (30min):
5min Price Changes (%): []
Maximum Change: 0.000% after 0 minutes
Candle Analysis:
    Body Sizes (%): []
    Upper Shadows (%): []
    Lower Shadows (%): []
Volumes: []
==================================================
2025-05-09 04:11:01,457 - INFO - 
==================================================
EMA Cross Analysis - ARPA/USDT
Time: 2025-05-09 04:10:00+09:00
Type: dead
Cross Character (Current): Weak
Cross Character (New): Weak
Price at Cross: 0.02542

1. Pre-Cross Pattern (15min):
EMA Distance Changes (%): ['0.049', '0.020', '0.007', '0.003']
EMA12 Changes (%): ['-0.057', '-0.048', '-0.022', '-0.019']
Price Changes (%): ['-0.275', '0.000', '0.118', '0.000']
Candle Analysis:
    Body Sizes (%): ['0.236', '0.039', '0.118', '0.039']
    Upper Shadows (%): ['0.000', '0.039', '0.000', '0.039']
    Lower Shadows (%): ['0.039', '0.276', '0.236', '0.000']
Volumes: [np.float64(642010.0), np.float64(815158.0), np.float64(613381.0), np.float64(778803.0)]
2025-05-09 04:11:01,457 - INFO - 
2. Post-Cross Movement (30min):
5min Price Changes (%): []
Maximum Change: 0.000% after 0 minutes
Candle Analysis:
    Body Sizes (%): []
    Upper Shadows (%): []
    Lower Shadows (%): []
Volumes: []
==================================================
2025-05-09 04:11:03,892 - INFO - 
==================================================
EMA Cross Analysis - AVAX/USDT
Time: 2025-05-09 04:10:00+09:00
Type: dead
Cross Character (Current): Weak
Cross Character (New): Weak
Price at Cross: 21.223

1. Pre-Cross Pattern (15min):
EMA Distance Changes (%): ['0.053', '0.029', '0.011', '0.007']
EMA12 Changes (%): ['-0.026', '-0.039', '-0.031', '-0.032']
Price Changes (%): ['-0.136', '-0.108', '0.009', '-0.038']
Candle Analysis:
    Body Sizes (%): ['0.136', '0.104', '0.014', '0.038']
    Upper Shadows (%): ['0.000', '0.028', '0.075', '0.009']
    Lower Shadows (%): ['0.061', '0.099', '0.207', '0.052']
Volumes: [np.float64(15527.0), np.float64(40951.0), np.float64(31346.0), np.float64(3610.0)]
2025-05-09 04:11:03,892 - INFO - 
2. Post-Cross Movement (30min):
5min Price Changes (%): []
Maximum Change: 0.000% after 0 minutes
Candle Analysis:
    Body Sizes (%): []
    Upper Shadows (%): []
    Lower Shadows (%): []
Volumes: []
==================================================
2025-05-09 04:15:36,580 - INFO - 
==================================================
EMA Cross Analysis - PHA/USDT
Time: 2025-05-09 04:15:00+09:00
Type: golden
Cross Character (Current): Weak
Cross Character (New): Weak
Price at Cross: 0.12576

1. Pre-Cross Pattern (15min):
EMA Distance Changes (%): ['0.080', '0.070', '0.010', '0.040']
EMA12 Changes (%): ['-0.044', '0.007', '0.106', '0.095']
Price Changes (%): ['0.056', '0.289', '0.649', '0.040']
Candle Analysis:
    Body Sizes (%): ['0.113', '0.289', '0.632', '0.064']
    Upper Shadows (%): ['0.161', '0.153', '0.056', '0.032']
    Lower Shadows (%): ['0.121', '0.209', '0.112', '0.056']
Volumes: [np.float64(65677.0), np.float64(135449.0), np.float64(223648.0), np.float64(9309.0)]
2025-05-09 04:15:36,580 - INFO - 
2. Post-Cross Movement (30min):
5min Price Changes (%): []
Maximum Change: 0.000% after 0 minutes
Candle Analysis:
    Body Sizes (%): []
    Upper Shadows (%): []
    Lower Shadows (%): []
Volumes: []
==================================================
2025-05-09 04:15:37,235 - INFO - 
==================================================
EMA Cross Analysis - XLM/USDT
Time: 2025-05-09 04:10:00+09:00
Type: golden
Cross Character (Current): Weak
Cross Character (New): Weak
Price at Cross: 0.283

1. Pre-Cross Pattern (15min):
EMA Distance Changes (%): ['0.053', '0.012', '0.013', '0.026']
EMA12 Changes (%): ['-0.065', '-0.071', '-0.047', '0.074']
Price Changes (%): ['-0.273', '-0.103', '0.086', '0.744']
Candle Analysis:
    Body Sizes (%): ['0.270', '0.096', '0.086', '0.751']
    Upper Shadows (%): ['0.000', '0.000', '0.157', '0.085']
    Lower Shadows (%): ['0.053', '0.132', '0.217', '0.182']
Volumes: [np.float64(1068051.0), np.float64(1202021.0), np.float64(927058.0), np.float64(2508030.0)]
2025-05-09 04:15:37,235 - INFO - 
2. Post-Cross Movement (30min):
5min Price Changes (%): ['-0.240']
Maximum Change: -0.240% after 5 minutes
Candle Analysis:
    Body Sizes (%): ['0.233']
    Upper Shadows (%): ['0.000']
    Lower Shadows (%): ['0.004']
Volumes: [np.float64(198427.0)]
==================================================
2025-05-09 04:15:38,326 - INFO - 
==================================================
EMA Cross Analysis - ZRO/USDT
Time: 2025-05-09 04:10:00+09:00
Type: dead
Cross Character (Current): Weak
Cross Character (New): Weak
Price at Cross: 2.6287

1. Pre-Cross Pattern (15min):
EMA Distance Changes (%): ['0.081', '0.027', '0.004', '0.007']
EMA12 Changes (%): ['-0.056', '-0.093', '-0.041', '-0.020']
Price Changes (%): ['-0.049', '-0.293', '0.248', '0.095']
Candle Analysis:
    Body Sizes (%): ['0.061', '0.282', '0.240', '0.103']
    Upper Shadows (%): ['0.061', '0.008', '0.050', '0.126']
    Lower Shadows (%): ['0.156', '0.038', '0.187', '0.080']
Volumes: [np.float64(22726.9), np.float64(36393.4), np.float64(39882.4), np.float64(28895.4)]
2025-05-09 04:15:38,326 - INFO - 
2. Post-Cross Movement (30min):
5min Price Changes (%): ['-0.034']
Maximum Change: -0.034% after 5 minutes
Candle Analysis:
    Body Sizes (%): ['0.019']
    Upper Shadows (%): ['0.011']
    Lower Shadows (%): ['0.110']
Volumes: [np.float64(607.7)]
==================================================
2025-05-09 04:15:38,979 - INFO - 
==================================================
EMA Cross Analysis - ARPA/USDT
Time: 2025-05-09 04:10:00+09:00
Type: dead
Cross Character (Current): Weak
Cross Character (New): Weak
Price at Cross: 0.02543

1. Pre-Cross Pattern (15min):
EMA Distance Changes (%): ['0.049', '0.020', '0.007', '0.000']
EMA12 Changes (%): ['-0.057', '-0.048', '-0.022', '-0.013']
Price Changes (%): ['-0.275', '0.000', '0.118', '0.039']
Candle Analysis:
    Body Sizes (%): ['0.236', '0.039', '0.118', '0.079']
    Upper Shadows (%): ['0.000', '0.039', '0.000', '0.157']
    Lower Shadows (%): ['0.039', '0.276', '0.236', '0.197']
Volumes: [np.float64(642010.0), np.float64(815158.0), np.float64(613381.0), np.float64(1215006.0)]
2025-05-09 04:15:38,979 - INFO - 
2. Post-Cross Movement (30min):
5min Price Changes (%): ['-0.039']
Maximum Change: -0.039% after 5 minutes
Candle Analysis:
    Body Sizes (%): ['0.000']
    Upper Shadows (%): ['0.000']
    Lower Shadows (%): ['0.079']
Volumes: [np.float64(129520.0)]
==================================================
2025-05-09 04:15:41,413 - INFO - 
==================================================
EMA Cross Analysis - AVAX/USDT
Time: 2025-05-09 04:10:00+09:00
Type: dead
Cross Character (Current): Weak
Cross Character (New): Weak
Price at Cross: 21.199

1. Pre-Cross Pattern (15min):
EMA Distance Changes (%): ['0.053', '0.029', '0.011', '0.016']
EMA12 Changes (%): ['-0.026', '-0.039', '-0.031', '-0.050']
Price Changes (%): ['-0.136', '-0.108', '0.009', '-0.151']
Candle Analysis:
    Body Sizes (%): ['0.136', '0.104', '0.014', '0.151']
    Upper Shadows (%): ['0.000', '0.028', '0.075', '0.057']
    Lower Shadows (%): ['0.061', '0.099', '0.207', '0.009']
Volumes: [np.float64(15527.0), np.float64(40951.0), np.float64(31346.0), np.float64(24379.0)]
2025-05-09 04:15:41,414 - INFO - 
2. Post-Cross Movement (30min):
5min Price Changes (%): ['0.038']
Maximum Change: 0.038% after 5 minutes
Candle Analysis:
    Body Sizes (%): ['0.042']
    Upper Shadows (%): ['0.019']
    Lower Shadows (%): ['0.033']
Volumes: [np.float64(4512.0)]
==================================================
2025-05-09 04:20:13,981 - INFO - 
==================================================
EMA Cross Analysis - PHA/USDT
Time: 2025-05-09 04:15:00+09:00
Type: golden
Cross Character (Current): Weak
Cross Character (New): Weak
Price at Cross: 0.12627

1. Pre-Cross Pattern (15min):
EMA Distance Changes (%): ['0.080', '0.070', '0.010', '0.072']
EMA12 Changes (%): ['-0.044', '0.007', '0.106', '0.158']
Price Changes (%): ['0.056', '0.289', '0.649', '0.445']
Candle Analysis:
    Body Sizes (%): ['0.113', '0.289', '0.632', '0.469']
    Upper Shadows (%): ['0.161', '0.153', '0.056', '0.000']
    Lower Shadows (%): ['0.121', '0.209', '0.112', '0.056']
Volumes: [np.float64(65677.0), np.float64(135449.0), np.float64(223648.0), np.float64(252459.0)]
2025-05-09 04:20:13,981 - INFO - 
2. Post-Cross Movement (30min):
5min Price Changes (%): ['0.000']
Maximum Change: 0.000% after 0 minutes
Candle Analysis:
    Body Sizes (%): ['0.048']
    Upper Shadows (%): ['0.016']
    Lower Shadows (%): ['0.000']
Volumes: [np.float64(2810.0)]
==================================================
2025-05-09 04:20:19,484 - INFO - 
==================================================
EMA Cross Analysis - HIVE/USDT
Time: 2025-05-09 04:20:00+09:00
Type: golden
Cross Character (Current): Weak
Cross Character (New): Weak
Price at Cross: 0.24701

1. Pre-Cross Pattern (15min):
EMA Distance Changes (%): ['0.020', '0.023', '0.001', '0.019']
EMA12 Changes (%): ['-0.013', '-0.010', '0.040', '0.038']
Price Changes (%): ['0.130', '0.008', '0.313', '0.024']
Candle Analysis:
    Body Sizes (%): ['0.134', '0.004', '0.321', '0.028']
    Upper Shadows (%): ['0.000', '0.171', '0.077', '0.000']
    Lower Shadows (%): ['0.134', '0.073', '0.041', '0.000']
Volumes: [np.float64(25938.0), np.float64(40078.0), np.float64(92092.0), np.float64(2049.0)]
2025-05-09 04:20:19,484 - INFO - 
2. Post-Cross Movement (30min):
5min Price Changes (%): []
Maximum Change: 0.000% after 0 minutes
Candle Analysis:
    Body Sizes (%): []
    Upper Shadows (%): []
    Lower Shadows (%): []
Volumes: []
==================================================
2025-05-09 04:25:58,363 - INFO - 
==================================================
EMA Cross Analysis - BAKE/USDT
Time: 2025-05-09 04:25:00+09:00
Type: golden
Cross Character (Current): Weak
Cross Character (New): Weak
Price at Cross: 0.1275

1. Pre-Cross Pattern (15min):
EMA Distance Changes (%): ['0.086', '0.062', '0.029', '0.016']
EMA12 Changes (%): ['0.042', '0.035', '0.054', '0.082']
Price Changes (%): ['0.158', '0.000', '0.157', '0.236']
Candle Analysis:
    Body Sizes (%): ['0.079', '0.000', '0.079', '0.157']
    Upper Shadows (%): ['0.079', '0.236', '0.236', '0.000']
    Lower Shadows (%): ['0.079', '0.079', '0.079', '0.000']
Volumes: [np.float64(86597.0), np.float64(150579.0), np.float64(250629.0), np.float64(27550.0)]
2025-05-09 04:25:58,363 - INFO - 
2. Post-Cross Movement (30min):
5min Price Changes (%): []
Maximum Change: 0.000% after 0 minutes
Candle Analysis:
    Body Sizes (%): []
    Upper Shadows (%): []
    Lower Shadows (%): []
Volumes: []
==================================================
2025-05-09 04:26:01,196 - INFO - 
==================================================
EMA Cross Analysis - TNSR/USDT
Time: 2025-05-09 04:25:00+09:00
Type: golden
Cross Character (Current): Weak
Cross Character (New): Weak
Price at Cross: 0.1528

1. Pre-Cross Pattern (15min):
EMA Distance Changes (%): ['0.086', '0.057', '0.002', '0.040']
EMA12 Changes (%): ['0.015', '0.043', '0.097', '0.082']
Price Changes (%): ['0.463', '0.197', '0.394', '0.000']
Candle Analysis:
    Body Sizes (%): ['0.529', '0.197', '0.460', '0.000']
    Upper Shadows (%): ['0.066', '0.000', '0.000', '0.000']
    Lower Shadows (%): ['0.066', '0.000', '0.000', '0.065']
Volumes: [np.float64(116860.0), np.float64(60937.1), np.float64(120635.5), np.float64(7396.3)]
2025-05-09 04:26:01,196 - INFO - 
2. Post-Cross Movement (30min):
5min Price Changes (%): []
Maximum Change: 0.000% after 0 minutes
Candle Analysis:
    Body Sizes (%): []
    Upper Shadows (%): []
    Lower Shadows (%): []
Volumes: []
==================================================
2025-05-09 04:26:05,502 - INFO - 
==================================================
EMA Cross Analysis - HIVE/USDT
Time: 2025-05-09 04:20:00+09:00
Type: golden
Cross Character (Current): Weak
Cross Character (New): Weak
Price at Cross: 0.24693

1. Pre-Cross Pattern (15min):
EMA Distance Changes (%): ['0.020', '0.023', '0.001', '0.016']
EMA12 Changes (%): ['-0.013', '-0.010', '0.040', '0.033']
Price Changes (%): ['0.130', '0.008', '0.313', '-0.008']
Candle Analysis:
    Body Sizes (%): ['0.134', '0.004', '0.321', '0.004']
    Upper Shadows (%): ['0.000', '0.171', '0.077', '0.235']
    Lower Shadows (%): ['0.134', '0.073', '0.041', '0.049']
Volumes: [np.float64(25938.0), np.float64(40078.0), np.float64(92092.0), np.float64(69234.0)]
2025-05-09 04:26:05,502 - INFO - 
2. Post-Cross Movement (30min):
5min Price Changes (%): ['0.101']
Maximum Change: 0.101% after 5 minutes
Candle Analysis:
    Body Sizes (%): ['0.089']
    Upper Shadows (%): ['0.000']
    Lower Shadows (%): ['0.020']
Volumes: [np.float64(6262.0)]
==================================================
2025-05-09 04:30:35,298 - INFO - 
==================================================
EMA Cross Analysis - BAKE/USDT
Time: 2025-05-09 04:25:00+09:00
Type: golden
Cross Character (Current): Weak
Cross Character (New): Weak
Price at Cross: 0.1276

1. Pre-Cross Pattern (15min):
EMA Distance Changes (%): ['0.086', '0.062', '0.029', '0.022']
EMA12 Changes (%): ['0.042', '0.035', '0.054', '0.094']
Price Changes (%): ['0.158', '0.000', '0.157', '0.314']
Candle Analysis:
    Body Sizes (%): ['0.079', '0.000', '0.079', '0.236']
    Upper Shadows (%): ['0.079', '0.236', '0.236', '0.079']
    Lower Shadows (%): ['0.079', '0.079', '0.079', '0.000']
Volumes: [np.float64(86597.0), np.float64(150579.0), np.float64(250629.0), np.float64(100859.0)]
2025-05-09 04:30:35,298 - INFO - 
2. Post-Cross Movement (30min):
5min Price Changes (%): ['0.000']
Maximum Change: 0.000% after 0 minutes
Candle Analysis:
    Body Sizes (%): ['0.000']
    Upper Shadows (%): ['0.078']
    Lower Shadows (%): ['0.000']
Volumes: [np.float64(24719.0)]
==================================================
2025-05-09 04:30:38,132 - INFO - 
==================================================
EMA Cross Analysis - TNSR/USDT
Time: 2025-05-09 04:25:00+09:00
Type: golden
Cross Character (Current): Weak
Cross Character (New): Weak
Price at Cross: 0.153

1. Pre-Cross Pattern (15min):
EMA Distance Changes (%): ['0.086', '0.057', '0.002', '0.051']
EMA12 Changes (%): ['0.015', '0.043', '0.097', '0.102']
Price Changes (%): ['0.463', '0.197', '0.394', '0.131']
Candle Analysis:
    Body Sizes (%): ['0.529', '0.197', '0.460', '0.131']
    Upper Shadows (%): ['0.066', '0.000', '0.000', '0.065']
    Lower Shadows (%): ['0.066', '0.000', '0.000', '0.131']
Volumes: [np.float64(116860.0), np.float64(60937.1), np.float64(120635.5), np.float64(68766.3)]
2025-05-09 04:30:38,132 - INFO - 
2. Post-Cross Movement (30min):
5min Price Changes (%): ['0.065']
Maximum Change: 0.065% after 5 minutes
Candle Analysis:
    Body Sizes (%): ['0.131']
    Upper Shadows (%): ['0.065']
    Lower Shadows (%): ['0.000']
Volumes: [np.float64(4837.9)]
==================================================
2025-05-09 04:30:41,794 - INFO - 
==================================================
EMA Cross Analysis - AVAX/USDT
Time: 2025-05-09 04:30:00+09:00
Type: golden
Cross Character (Current): Weak
Cross Character (New): Weak
Price at Cross: 21.291

1. Pre-Cross Pattern (15min):
EMA Distance Changes (%): ['0.023', '0.018', '0.012', '0.001']
EMA12 Changes (%): ['-0.017', '0.008', '0.008', '0.025']
Price Changes (%): ['0.165', '0.141', '0.009', '0.118']
Candle Analysis:
    Body Sizes (%): ['0.170', '0.141', '0.009', '0.099']
    Upper Shadows (%): ['0.009', '0.494', '0.122', '0.038']
    Lower Shadows (%): ['0.047', '0.005', '0.122', '0.000']
Volumes: [np.float64(36198.0), np.float64(63951.0), np.float64(21753.0), np.float64(1753.0)]
2025-05-09 04:30:41,794 - INFO - 
2. Post-Cross Movement (30min):
5min Price Changes (%): []
Maximum Change: 0.000% after 0 minutes
Candle Analysis:
    Body Sizes (%): []
    Upper Shadows (%): []
    Lower Shadows (%): []
Volumes: []
==================================================
2025-05-09 04:35:16,405 - INFO - 
==================================================
EMA Cross Analysis - ARPA/USDT
Time: 2025-05-09 04:35:00+09:00
Type: dead
Cross Character (Current): Weak
Cross Character (New): Weak
Price at Cross: 0.02544

1. Pre-Cross Pattern (15min):
EMA Distance Changes (%): ['0.004', '0.003', '0.002', '0.001']
EMA12 Changes (%): ['-0.004', '0.003', '0.008', '-0.005']
Price Changes (%): ['0.000', '0.039', '0.039', '-0.079']
Candle Analysis:
    Body Sizes (%): ['0.039', '0.039', '0.079', '0.000']
    Upper Shadows (%): ['1.061', '0.197', '0.118', '0.000']
    Lower Shadows (%): ['0.118', '0.000', '0.000', '0.000']
Volumes: [np.float64(2744741.0), np.float64(1635460.0), np.float64(769032.0), np.float64(2335.0)]
2025-05-09 04:35:16,405 - INFO - 
2. Post-Cross Movement (30min):
5min Price Changes (%): []
Maximum Change: 0.000% after 0 minutes
Candle Analysis:
    Body Sizes (%): []
    Upper Shadows (%): []
    Lower Shadows (%): []
Volumes: []
==================================================
2025-05-09 04:35:18,533 - INFO - 
==================================================
EMA Cross Analysis - SUI/USDT
Time: 2025-05-09 04:30:00+09:00
Type: dead
Cross Character (Current): Weak
Cross Character (New): Weak
Price at Cross: 3.9062

1. Pre-Cross Pattern (15min):
EMA Distance Changes (%): ['0.046', '0.030', '0.011', '0.008']
EMA12 Changes (%): ['-0.038', '-0.024', '-0.033', '-0.035']
Price Changes (%): ['-0.189', '0.054', '-0.084', '-0.046']
Candle Analysis:
    Body Sizes (%): ['0.189', '0.054', '0.087', '0.051']
    Upper Shadows (%): ['0.005', '0.486', '0.171', '0.130']
    Lower Shadows (%): ['0.158', '0.067', '0.018', '0.005']
Volumes: [np.float64(833709.6), np.float64(1422785.9), np.float64(597532.6), np.float64(564955.8)]
2025-05-09 04:35:18,534 - INFO - 
2. Post-Cross Movement (30min):
5min Price Changes (%): ['0.031']
Maximum Change: 0.031% after 5 minutes
Candle Analysis:
    Body Sizes (%): ['0.031']
    Upper Shadows (%): ['0.003']
    Lower Shadows (%): ['0.028']
Volumes: [np.float64(22112.5)]
==================================================
2025-05-09 04:35:18,748 - INFO - 
==================================================
EMA Cross Analysis - AVAX/USDT
Time: 2025-05-09 04:30:00+09:00
Type: golden
Cross Character (Current): Weak
Cross Character (New): Weak
Price at Cross: 21.289

1. Pre-Cross Pattern (15min):
EMA Distance Changes (%): ['0.023', '0.018', '0.012', '0.001']
EMA12 Changes (%): ['-0.017', '0.008', '0.008', '0.023']
Price Changes (%): ['0.165', '0.141', '0.009', '0.108']
Candle Analysis:
    Body Sizes (%): ['0.170', '0.141', '0.009', '0.089']
    Upper Shadows (%): ['0.009', '0.494', '0.122', '0.136']
    Lower Shadows (%): ['0.047', '0.005', '0.122', '0.000']
Volumes: [np.float64(36198.0), np.float64(63951.0), np.float64(21753.0), np.float64(17941.0)]
2025-05-09 04:35:18,748 - INFO - 
2. Post-Cross Movement (30min):
5min Price Changes (%): ['-0.009']
Maximum Change: -0.009% after 5 minutes
Candle Analysis:
    Body Sizes (%): ['0.009']
    Upper Shadows (%): ['0.000']
    Lower Shadows (%): ['0.033']
Volumes: [np.float64(820.0)]
==================================================
2025-05-09 04:40:57,650 - INFO - 
==================================================
EMA Cross Analysis - HIPPO/USDT
Time: 2025-05-09 04:35:00+09:00
Type: golden
Cross Character (Current): Strong
Cross Character (New): Weak
Price at Cross: 0.002436

1. Pre-Cross Pattern (15min):
EMA Distance Changes (%): ['0.416', '0.275', '0.126', '0.017']
EMA12 Changes (%): ['0.190', '0.212', '0.250', '0.263']
Price Changes (%): ['0.627', '0.332', '0.455', '0.329']
Candle Analysis:
    Body Sizes (%): ['0.585', '0.249', '0.497', '0.329']
    Upper Shadows (%): ['0.042', '0.373', '0.414', '0.288']
    Lower Shadows (%): ['0.084', '0.871', '0.248', '0.288']
Volumes: [np.float64(9371779.0), np.float64(25960255.0), np.float64(17051330.0), np.float64(12565158.0)]
2025-05-09 04:40:57,650 - INFO - 
2. Post-Cross Movement (30min):
5min Price Changes (%): ['0.205']
Maximum Change: 0.205% after 5 minutes
Candle Analysis:
    Body Sizes (%): ['0.205']
    Upper Shadows (%): ['0.041']
    Lower Shadows (%): ['0.164']
Volumes: [np.float64(1945627.0)]
==================================================
2025-05-09 04:41:00,862 - INFO - 
==================================================
EMA Cross Analysis - DOGE/USDT
Time: 2025-05-09 04:35:00+09:00
Type: dead
Cross Character (Current): Weak
Cross Character (New): Weak
Price at Cross: 0.1898

1. Pre-Cross Pattern (15min):
EMA Distance Changes (%): ['0.023', '0.024', '0.016', '0.005']
EMA12 Changes (%): ['-0.003', '0.006', '-0.013', '-0.039']
Price Changes (%): ['0.126', '0.053', '-0.116', '-0.179']
Candle Analysis:
    Body Sizes (%): ['0.126', '0.058', '0.116', '0.179']
    Upper Shadows (%): ['0.421', '0.216', '0.095', '0.000']
    Lower Shadows (%): ['0.005', '0.079', '0.011', '0.195']
Volumes: [np.float64(34131243.0), np.float64(9910591.0), np.float64(6697556.0), np.float64(15914764.0)]
2025-05-09 04:41:00,862 - INFO - 
2. Post-Cross Movement (30min):
5min Price Changes (%): ['-0.037']
Maximum Change: -0.037% after 5 minutes
Candle Analysis:
    Body Sizes (%): ['0.037']
    Upper Shadows (%): ['0.011']
    Lower Shadows (%): ['0.037']
Volumes: [np.float64(2002021.0)]
==================================================
2025-05-09 04:41:04,129 - INFO - 
==================================================
EMA Cross Analysis - PENGU/USDT
Time: 2025-05-09 04:40:00+09:00
Type: dead
Cross Character (Current): Strong
Cross Character (New): Weak
Price at Cross: 0.014036

1. Pre-Cross Pattern (15min):
EMA Distance Changes (%): ['0.312', '0.161', '0.047', '0.036']
EMA12 Changes (%): ['-0.130', '-0.247', '-0.193', '-0.153']
Price Changes (%): ['-0.890', '-0.898', '0.107', '0.071']
Candle Analysis:
    Body Sizes (%): ['0.890', '0.919', '0.114', '0.071']
    Upper Shadows (%): ['0.301', '0.042', '0.528', '0.043']
    Lower Shadows (%): ['0.056', '0.035', '0.321', '0.192']
Volumes: [np.float64(73709511.0), np.float64(69479812.0), np.float64(70505686.0), np.float64(8331818.0)]
2025-05-09 04:41:04,129 - INFO - 
2. Post-Cross Movement (30min):
5min Price Changes (%): []
Maximum Change: 0.000% after 0 minutes
Candle Analysis:
    Body Sizes (%): []
    Upper Shadows (%): []
    Lower Shadows (%): []
Volumes: []
==================================================
2025-05-09 04:45:40,956 - INFO - 
==================================================
EMA Cross Analysis - ZRO/USDT
Time: 2025-05-09 04:40:00+09:00
Type: golden
Cross Character (Current): Weak
Cross Character (New): Weak
Price at Cross: 2.6388

1. Pre-Cross Pattern (15min):
EMA Distance Changes (%): ['0.015', '0.007', '0.005', '0.017']
EMA12 Changes (%): ['-0.002', '0.014', '0.002', '0.043']
Price Changes (%): ['-0.038', '0.103', '-0.065', '0.270']
Candle Analysis:
    Body Sizes (%): ['0.042', '0.072', '0.034', '0.277']
    Upper Shadows (%): ['0.182', '0.190', '0.148', '0.049']
    Lower Shadows (%): ['0.152', '0.011', '0.349', '0.038']
Volumes: [np.float64(14734.5), np.float64(23432.8), np.float64(38506.9), np.float64(19259.6)]
2025-05-09 04:45:40,956 - INFO - 
2. Post-Cross Movement (30min):
5min Price Changes (%): ['-0.045']
Maximum Change: -0.045% after 5 minutes
Candle Analysis:
    Body Sizes (%): ['0.045']
    Upper Shadows (%): ['0.045']
    Lower Shadows (%): ['0.023']
Volumes: [np.float64(2434.6)]
==================================================
2025-05-09 04:45:45,360 - INFO - 
==================================================
EMA Cross Analysis - ONDOUSDT
Time: 2025-05-09 04:45:00+09:00
Type: dead
Cross Character (Current): Weak
Cross Character (New): Weak
Price at Cross: 0.9473

1. Pre-Cross Pattern (15min):
EMA Distance Changes (%): ['0.026', '0.015', '0.005', '0.015']
EMA12 Changes (%): ['0.001', '-0.017', '-0.018', '-0.038']
Price Changes (%): ['-0.021', '-0.116', '-0.021', '-0.148']
Candle Analysis:
    Body Sizes (%): ['0.032', '0.105', '0.011', '0.148']
    Upper Shadows (%): ['0.137', '0.063', '0.053', '0.032']
    Lower Shadows (%): ['0.021', '0.211', '0.084', '0.000']
Volumes: [np.float64(230889.4), np.float64(511764.4), np.float64(355584.2), np.float64(45906.5)]
2025-05-09 04:45:45,360 - INFO - 
2. Post-Cross Movement (30min):
5min Price Changes (%): []
Maximum Change: 0.000% after 0 minutes
Candle Analysis:
    Body Sizes (%): []
    Upper Shadows (%): []
    Lower Shadows (%): []
Volumes: []
==================================================
2025-05-09 04:45:46,181 - INFO - 
==================================================
EMA Cross Analysis - VANA/USDT
Time: 2025-05-09 04:40:00+09:00
Type: golden
Cross Character (Current): Weak
Cross Character (New): Weak
Price at Cross: 5.729

1. Pre-Cross Pattern (15min):
EMA Distance Changes (%): ['0.014', '0.024', '0.015', '0.005']
EMA12 Changes (%): ['0.032', '-0.022', '0.014', '0.036']
Price Changes (%): ['0.263', '-0.314', '0.210', '0.157']
Candle Analysis:
    Body Sizes (%): ['0.245', '0.262', '0.245', '0.192']
    Upper Shadows (%): ['0.018', '0.052', '0.070', '0.052']
    Lower Shadows (%): ['0.018', '0.000', '0.158', '0.052']
Volumes: [np.float64(2452.76), np.float64(1699.72), np.float64(3260.0), np.float64(2145.18)]
2025-05-09 04:45:46,181 - INFO - 
2. Post-Cross Movement (30min):
5min Price Changes (%): ['-0.070']
Maximum Change: -0.070% after 5 minutes
Candle Analysis:
    Body Sizes (%): ['0.087']
    Upper Shadows (%): ['0.017']
    Lower Shadows (%): ['0.000']
Volumes: [np.float64(296.78)]
==================================================
2025-05-09 04:50:13,801 - INFO - 
==================================================
EMA Cross Analysis - BAN/USDT
Time: 2025-05-09 04:50:00+09:00
Type: golden
Cross Character (Current): Weak
Cross Character (New): Weak
Price at Cross: 0.06645

1. Pre-Cross Pattern (15min):
EMA Distance Changes (%): ['0.147', '0.066', '0.011', '0.016']
EMA12 Changes (%): ['0.118', '0.137', '0.097', '0.050']
Price Changes (%): ['0.211', '0.241', '-0.120', '-0.210']
Candle Analysis:
    Body Sizes (%): ['0.196', '0.195', '0.150', '0.195']
    Upper Shadows (%): ['0.241', '0.135', '0.420', '0.000']
    Lower Shadows (%): ['0.105', '0.000', '0.090', '0.015']
Volumes: [np.float64(621470.0), np.float64(400849.0), np.float64(767082.0), np.float64(102011.0)]
2025-05-09 04:50:13,801 - INFO - 
2. Post-Cross Movement (30min):
5min Price Changes (%): []
Maximum Change: 0.000% after 0 minutes
Candle Analysis:
    Body Sizes (%): []
    Upper Shadows (%): []
    Lower Shadows (%): []
Volumes: []
==================================================
2025-05-09 04:50:20,644 - INFO - 
==================================================
EMA Cross Analysis - RENDER/USDT
Time: 2025-05-09 04:50:00+09:00
Type: golden
Cross Character (Current): Weak
Cross Character (New): Weak
Price at Cross: 4.639

1. Pre-Cross Pattern (15min):
EMA Distance Changes (%): ['0.038', '0.047', '0.016', '0.006']
EMA12 Changes (%): ['-0.006', '-0.022', '0.051', '0.040']
Price Changes (%): ['-0.022', '-0.108', '0.455', '-0.022']
Candle Analysis:
    Body Sizes (%): ['0.000', '0.087', '0.433', '0.000']
    Upper Shadows (%): ['0.130', '0.022', '0.087', '0.000']
    Lower Shadows (%): ['0.303', '0.043', '0.173', '0.086']
Volumes: [np.float64(19389.5), np.float64(17292.0), np.float64(64357.6), np.float64(4702.2)]
2025-05-09 04:50:20,644 - INFO - 
2. Post-Cross Movement (30min):
5min Price Changes (%): []
Maximum Change: 0.000% after 0 minutes
Candle Analysis:
    Body Sizes (%): []
    Upper Shadows (%): []
    Lower Shadows (%): []
Volumes: []
==================================================
2025-05-09 04:50:23,523 - INFO - 
==================================================
EMA Cross Analysis - USUAL/USDT
Time: 2025-05-09 04:50:00+09:00
Type: golden
Cross Character (Current): Weak
Cross Character (New): Weak
Price at Cross: 0.1289

1. Pre-Cross Pattern (15min):
EMA Distance Changes (%): ['0.113', '0.052', '0.009', '0.005']
EMA12 Changes (%): ['0.022', '0.102', '0.075', '0.027']
Price Changes (%): ['0.234', '0.544', '-0.077', '-0.232']
Candle Analysis:
    Body Sizes (%): ['0.312', '0.623', '0.077', '0.155']
    Upper Shadows (%): ['0.000', '0.000', '0.155', '0.000']
    Lower Shadows (%): ['0.234', '0.000', '0.077', '0.000']
Volumes: [np.float64(386403.0), np.float64(527369.0), np.float64(497970.0), np.float64(21262.0)]
2025-05-09 04:50:23,524 - INFO - 
2. Post-Cross Movement (30min):
5min Price Changes (%): []
Maximum Change: 0.000% after 0 minutes
Candle Analysis:
    Body Sizes (%): []
    Upper Shadows (%): []
    Lower Shadows (%): []
Volumes: []
==================================================
2025-05-09 04:56:00,197 - INFO - 
==================================================
EMA Cross Analysis - TIA/USDT
Time: 2025-05-09 04:50:00+09:00
Type: golden
Cross Character (Current): Weak
Cross Character (New): Weak
Price at Cross: 2.7001

1. Pre-Cross Pattern (15min):
EMA Distance Changes (%): ['0.056', '0.038', '0.030', '0.006']
EMA12 Changes (%): ['-0.007', '0.028', '0.010', '0.063']
Price Changes (%): ['0.026', '0.220', '-0.089', '0.357']
Candle Analysis:
    Body Sizes (%): ['0.026', '0.231', '0.093', '0.338']
    Upper Shadows (%): ['0.134', '0.041', '0.100', '0.067']
    Lower Shadows (%): ['0.268', '0.074', '0.104', '0.268']
Volumes: [np.float64(122658.0), np.float64(120306.0), np.float64(156071.0), np.float64(145939.0)]
2025-05-09 04:56:00,198 - INFO - 
2. Post-Cross Movement (30min):
5min Price Changes (%): ['-0.070']
Maximum Change: -0.070% after 5 minutes
Candle Analysis:
    Body Sizes (%): ['0.056']
    Upper Shadows (%): ['0.011']
    Lower Shadows (%): ['0.204']
Volumes: [np.float64(40628.0)]
==================================================
2025-05-09 04:56:00,633 - INFO - 
==================================================
EMA Cross Analysis - BAN/USDT
Time: 2025-05-09 04:50:00+09:00
Type: golden
Cross Character (Current): Weak
Cross Character (New): Weak
Price at Cross: 0.06667

1. Pre-Cross Pattern (15min):
EMA Distance Changes (%): ['0.147', '0.066', '0.011', '0.042']
EMA12 Changes (%): ['0.118', '0.137', '0.097', '0.101']
Price Changes (%): ['0.211', '0.241', '-0.120', '0.120']
Candle Analysis:
    Body Sizes (%): ['0.196', '0.195', '0.150', '0.135']
    Upper Shadows (%): ['0.241', '0.135', '0.420', '0.000']
    Lower Shadows (%): ['0.105', '0.000', '0.090', '0.345']
Volumes: [np.float64(621470.0), np.float64(400849.0), np.float64(767082.0), np.float64(492924.0)]
2025-05-09 04:56:00,634 - INFO - 
2. Post-Cross Movement (30min):
5min Price Changes (%): ['-0.285']
Maximum Change: -0.285% after 5 minutes
Candle Analysis:
    Body Sizes (%): ['0.270']
    Upper Shadows (%): ['0.000']
    Lower Shadows (%): ['0.105']
Volumes: [np.float64(76831.0)]
==================================================
2025-05-09 04:56:01,067 - INFO - 
==================================================
EMA Cross Analysis - ORCA/USDT
Time: 2025-05-09 04:50:00+09:00
Type: golden
Cross Character (Current): Weak
Cross Character (New): Weak
Price at Cross: 2.709

1. Pre-Cross Pattern (15min):
EMA Distance Changes (%): ['0.090', '0.069', '0.037', '0.010']
EMA12 Changes (%): ['0.006', '0.028', '0.052', '0.084']
Price Changes (%): ['0.000', '0.149', '0.185', '0.259']
Candle Analysis:
    Body Sizes (%): ['0.000', '0.111', '0.148', '0.333']
    Upper Shadows (%): ['0.111', '0.074', '0.111', '0.000']
    Lower Shadows (%): ['0.149', '0.000', '0.000', '0.185']
Volumes: [np.float64(17540.3), np.float64(15629.2), np.float64(17529.1), np.float64(18181.7)]
2025-05-09 04:56:01,068 - INFO - 
2. Post-Cross Movement (30min):
5min Price Changes (%): ['-0.074']
Maximum Change: -0.074% after 5 minutes
Candle Analysis:
    Body Sizes (%): ['0.074']
    Upper Shadows (%): ['0.000']
    Lower Shadows (%): ['0.111']
Volumes: [np.float64(7386.3)]
==================================================
2025-05-09 04:56:04,423 - INFO - 
==================================================
EMA Cross Analysis - DOGE/USDT
Time: 2025-05-09 04:50:00+09:00
Type: golden
Cross Character (Current): Weak
Cross Character (New): Weak
Price at Cross: 0.19101

1. Pre-Cross Pattern (15min):
EMA Distance Changes (%): ['0.005', '0.021', '0.015', '0.022']
EMA12 Changes (%): ['-0.039', '-0.030', '0.008', '0.069']
Price Changes (%): ['-0.179', '0.016', '0.216', '0.405']
Candle Analysis:
    Body Sizes (%): ['0.179', '0.016', '0.216', '0.405']
    Upper Shadows (%): ['0.000', '0.100', '0.084', '0.110']
    Lower Shadows (%): ['0.195', '0.074', '0.237', '0.168']
Volumes: [np.float64(15914764.0), np.float64(8334817.0), np.float64(17888790.0), np.float64(33373975.0)]
2025-05-09 04:56:04,423 - INFO - 
2. Post-Cross Movement (30min):
5min Price Changes (%): ['-0.099']
Maximum Change: -0.099% after 5 minutes
Candle Analysis:
    Body Sizes (%): ['0.099']
    Upper Shadows (%): ['0.031']
    Lower Shadows (%): ['0.099']
Volumes: [np.float64(9577758.0)]
==================================================
2025-05-09 04:56:07,479 - INFO - 
==================================================
EMA Cross Analysis - RENDER/USDT
Time: 2025-05-09 04:50:00+09:00
Type: golden
Cross Character (Current): Weak
Cross Character (New): Weak
Price at Cross: 4.651

1. Pre-Cross Pattern (15min):
EMA Distance Changes (%): ['0.038', '0.047', '0.016', '0.026']
EMA12 Changes (%): ['-0.006', '-0.022', '0.051', '0.080']
Price Changes (%): ['-0.022', '-0.108', '0.455', '0.237']
Candle Analysis:
    Body Sizes (%): ['0.000', '0.087', '0.433', '0.259']
    Upper Shadows (%): ['0.130', '0.022', '0.087', '0.065']
    Lower Shadows (%): ['0.303', '0.043', '0.173', '0.172']
Volumes: [np.float64(19389.5), np.float64(17292.0), np.float64(64357.6), np.float64(46691.8)]
2025-05-09 04:56:07,479 - INFO - 
2. Post-Cross Movement (30min):
5min Price Changes (%): ['-0.194']
Maximum Change: -0.194% after 5 minutes
Candle Analysis:
    Body Sizes (%): ['0.172']
    Upper Shadows (%): ['0.000']
    Lower Shadows (%): ['0.129']
Volumes: [np.float64(12617.7)]
==================================================
2025-05-09 04:56:08,611 - INFO - 
==================================================
EMA Cross Analysis - SUI/USDT
Time: 2025-05-09 04:50:00+09:00
Type: golden
Cross Character (Current): Weak
Cross Character (New): Weak
Price at Cross: 3.9298

1. Pre-Cross Pattern (15min):
EMA Distance Changes (%): ['0.021', '0.030', '0.011', '0.023']
EMA12 Changes (%): ['-0.027', '-0.019', '0.032', '0.065']
Price Changes (%): ['0.020', '0.020', '0.315', '0.247']
Candle Analysis:
    Body Sizes (%): ['0.020', '0.018', '0.315', '0.247']
    Upper Shadows (%): ['0.077', '0.141', '0.156', '0.133']
    Lower Shadows (%): ['0.415', '0.154', '0.212', '0.579']
Volumes: [np.float64(1570717.5), np.float64(717939.7), np.float64(1136037.8), np.float64(3129652.6)]
2025-05-09 04:56:08,611 - INFO - 
2. Post-Cross Movement (30min):
5min Price Changes (%): ['-0.272']
Maximum Change: -0.272% after 5 minutes
Candle Analysis:
    Body Sizes (%): ['0.270']
    Upper Shadows (%): ['0.028']
    Lower Shadows (%): ['0.140']
Volumes: [np.float64(369239.7)]
==================================================
2025-05-09 04:56:09,047 - INFO - 
==================================================
EMA Cross Analysis - MOVE/USDT
Time: 2025-05-09 04:55:00+09:00
Type: golden
Cross Character (Current): Weak
Cross Character (New): Weak
Price at Cross: 0.1656

1. Pre-Cross Pattern (15min):
EMA Distance Changes (%): ['0.158', '0.104', '0.041', '0.004']
EMA12 Changes (%): ['0.075', '0.082', '0.107', '0.081']
Price Changes (%): ['0.487', '0.121', '0.242', '-0.060']
Candle Analysis:
    Body Sizes (%): ['0.487', '0.182', '0.303', '0.121']
    Upper Shadows (%): ['0.061', '0.121', '0.182', '0.000']
    Lower Shadows (%): ['0.061', '0.242', '0.242', '0.121']
Volumes: [np.float64(1128066.0), np.float64(1314002.0), np.float64(2421495.0), np.float64(591840.0)]
2025-05-09 04:56:09,047 - INFO - 
2. Post-Cross Movement (30min):
5min Price Changes (%): []
Maximum Change: 0.000% after 0 minutes
Candle Analysis:
    Body Sizes (%): []
    Upper Shadows (%): []
    Lower Shadows (%): []
Volumes: []
==================================================
2025-05-09 04:56:10,354 - INFO - 
==================================================
EMA Cross Analysis - USUAL/USDT
Time: 2025-05-09 04:50:00+09:00
Type: golden
Cross Character (Current): Weak
Cross Character (New): Weak
Price at Cross: 0.1292

1. Pre-Cross Pattern (15min):
EMA Distance Changes (%): ['0.113', '0.052', '0.009', '0.024']
EMA12 Changes (%): ['0.022', '0.102', '0.075', '0.063']
Price Changes (%): ['0.234', '0.544', '-0.077', '0.000']
Candle Analysis:
    Body Sizes (%): ['0.312', '0.623', '0.077', '0.077']
    Upper Shadows (%): ['0.000', '0.000', '0.155', '0.000']
    Lower Shadows (%): ['0.234', '0.000', '0.077', '0.310']
Volumes: [np.float64(386403.0), np.float64(527369.0), np.float64(497970.0), np.float64(667672.0)]
2025-05-09 04:56:10,355 - INFO - 
2. Post-Cross Movement (30min):
5min Price Changes (%): ['0.000']
Maximum Change: 0.000% after 0 minutes
Candle Analysis:
    Body Sizes (%): ['0.000']
    Upper Shadows (%): ['0.077']
    Lower Shadows (%): ['0.077']
Volumes: [np.float64(178935.0)]
==================================================
2025-05-09 05:00:43,831 - INFO - 
==================================================
EMA Cross Analysis - BNB/USDT
Time: 2025-05-09 05:00:00+09:00
Type: golden
Cross Character (Current): Weak
Cross Character (New): Weak
Price at Cross: 619.47

1. Pre-Cross Pattern (15min):
EMA Distance Changes (%): ['0.046', '0.029', '0.008', '0.008']
EMA12 Changes (%): ['-0.011', '0.026', '0.036', '0.029']
Price Changes (%): ['0.019', '0.232', '0.090', '-0.008']
Candle Analysis:
    Body Sizes (%): ['0.019', '0.233', '0.092', '0.008']
    Upper Shadows (%): ['0.010', '0.015', '0.024', '0.039']
    Lower Shadows (%): ['0.233', '0.084', '0.137', '0.002']
Volumes: [np.float64(10509.64), np.float64(2558.92), np.float64(3329.31), np.float64(418.74)]
2025-05-09 05:00:43,831 - INFO - 
2. Post-Cross Movement (30min):
5min Price Changes (%): []
Maximum Change: 0.000% after 0 minutes
Candle Analysis:
    Body Sizes (%): []
    Upper Shadows (%): []
    Lower Shadows (%): []
Volumes: []
==================================================
2025-05-09 05:00:46,100 - INFO - 
==================================================
EMA Cross Analysis - ATA/USDT
Time: 2025-05-09 05:00:00+09:00
Type: golden
Cross Character (Current): Weak
Cross Character (New): Weak
Price at Cross: 0.055

1. Pre-Cross Pattern (15min):
EMA Distance Changes (%): ['0.111', '0.067', '0.032', '0.010']
EMA12 Changes (%): ['0.047', '0.068', '0.058', '0.077']
Price Changes (%): ['0.183', '0.182', '0.000', '0.182']
Candle Analysis:
    Body Sizes (%): ['0.000', '0.366', '0.182', '0.000']
    Upper Shadows (%): ['0.000', '0.000', '0.000', '0.182']
    Lower Shadows (%): ['0.182', '0.000', '0.182', '0.182']
Volumes: [np.float64(147439.0), np.float64(601484.0), np.float64(167460.0), np.float64(43877.0)]
2025-05-09 05:00:46,100 - INFO - 
2. Post-Cross Movement (30min):
5min Price Changes (%): []
Maximum Change: 0.000% after 0 minutes
Candle Analysis:
    Body Sizes (%): []
    Upper Shadows (%): []
    Lower Shadows (%): []
Volumes: []
==================================================
2025-05-09 05:00:46,923 - INFO - 
==================================================
EMA Cross Analysis - MOVE/USDT
Time: 2025-05-09 05:00:00+09:00
Type: golden
Cross Character (Current): Weak
Cross Character (New): Weak
Price at Cross: 0.1657

1. Pre-Cross Pattern (15min):
EMA Distance Changes (%): ['0.104', '0.041', '0.001', '0.040']
EMA12 Changes (%): ['0.082', '0.107', '0.072', '0.079']
Price Changes (%): ['0.121', '0.242', '-0.121', '0.121']
Candle Analysis:
    Body Sizes (%): ['0.182', '0.303', '0.181', '0.121']
    Upper Shadows (%): ['0.121', '0.182', '0.060', '0.121']
    Lower Shadows (%): ['0.242', '0.242', '0.060', '0.060']
Volumes: [np.float64(1314002.0), np.float64(2421495.0), np.float64(1301474.0), np.float64(443951.0)]
2025-05-09 05:00:46,923 - INFO - 
2. Post-Cross Movement (30min):
5min Price Changes (%): []
Maximum Change: 0.000% after 0 minutes
Candle Analysis:
    Body Sizes (%): []
    Upper Shadows (%): []
    Lower Shadows (%): []
Volumes: []
==================================================
2025-05-09 05:05:16,385 - INFO - 
==================================================
EMA Cross Analysis - BAN/USDT
Time: 2025-05-09 05:05:00+09:00
Type: dead
Cross Character (Current): Weak
Cross Character (New): Weak
Price at Cross: 0.0661

1. Pre-Cross Pattern (15min):
EMA Distance Changes (%): ['0.042', '0.034', '0.008', '0.013']
EMA12 Changes (%): ['0.101', '-0.010', '-0.046', '-0.039']
Price Changes (%): ['0.120', '-0.615', '-0.241', '0.000']
Candle Analysis:
    Body Sizes (%): ['0.135', '0.600', '0.241', '0.015']
    Upper Shadows (%): ['0.000', '0.000', '0.136', '0.000']
    Lower Shadows (%): ['0.345', '0.210', '0.453', '0.015']
Volumes: [np.float64(492924.0), np.float64(377286.0), np.float64(705737.0), np.float64(1833.0)]
2025-05-09 05:05:16,385 - INFO - 
2. Post-Cross Movement (30min):
5min Price Changes (%): []
Maximum Change: 0.000% after 0 minutes
Candle Analysis:
    Body Sizes (%): []
    Upper Shadows (%): []
    Lower Shadows (%): []
Volumes: []
==================================================
2025-05-09 05:05:21,796 - INFO - 
==================================================
EMA Cross Analysis - BNB/USDT
Time: 2025-05-09 05:00:00+09:00
Type: golden
Cross Character (Current): Weak
Cross Character (New): Weak
Price at Cross: 619.45

1. Pre-Cross Pattern (15min):
EMA Distance Changes (%): ['0.046', '0.029', '0.008', '0.008']
EMA12 Changes (%): ['-0.011', '0.026', '0.036', '0.029']
Price Changes (%): ['0.019', '0.232', '0.090', '-0.011']
Candle Analysis:
    Body Sizes (%): ['0.019', '0.233', '0.092', '0.011']
    Upper Shadows (%): ['0.010', '0.015', '0.024', '0.039']
    Lower Shadows (%): ['0.233', '0.084', '0.137', '0.029']
Volumes: [np.float64(10509.64), np.float64(2558.92), np.float64(3329.31), np.float64(2339.58)]
2025-05-09 05:05:21,796 - INFO - 
2. Post-Cross Movement (30min):
5min Price Changes (%): ['-0.002']
Maximum Change: -0.002% after 5 minutes
Candle Analysis:
    Body Sizes (%): ['0.002']
    Upper Shadows (%): ['0.002']
    Lower Shadows (%): ['0.006']
Volumes: [np.float64(105.58)]
==================================================
2025-05-09 05:05:24,069 - INFO - 
==================================================
EMA Cross Analysis - ATA/USDT
Time: 2025-05-09 05:00:00+09:00
Type: golden
Cross Character (Current): Weak
Cross Character (New): Weak
Price at Cross: 0.0552

1. Pre-Cross Pattern (15min):
EMA Distance Changes (%): ['0.111', '0.067', '0.032', '0.039']
EMA12 Changes (%): ['0.047', '0.068', '0.058', '0.133']
Price Changes (%): ['0.183', '0.182', '0.000', '0.546']
Candle Analysis:
    Body Sizes (%): ['0.000', '0.366', '0.182', '0.364']
    Upper Shadows (%): ['0.000', '0.000', '0.000', '0.182']
    Lower Shadows (%): ['0.182', '0.000', '0.182', '0.182']
Volumes: [np.float64(147439.0), np.float64(601484.0), np.float64(167460.0), np.float64(273480.0)]
2025-05-09 05:05:24,069 - INFO - 
2. Post-Cross Movement (30min):
5min Price Changes (%): ['-0.181']
Maximum Change: -0.181% after 5 minutes
Candle Analysis:
    Body Sizes (%): ['0.000']
    Upper Shadows (%): ['0.181']
    Lower Shadows (%): ['0.000']
Volumes: [np.float64(23433.0)]
==================================================
2025-05-09 05:05:24,892 - INFO - 
==================================================
EMA Cross Analysis - MOVE/USDT
Time: 2025-05-09 05:00:00+09:00
Type: golden
Cross Character (Current): Weak
Cross Character (New): Weak
Price at Cross: 0.1661

1. Pre-Cross Pattern (15min):
EMA Distance Changes (%): ['0.104', '0.041', '0.001', '0.059']
EMA12 Changes (%): ['0.082', '0.107', '0.072', '0.117']
Price Changes (%): ['0.121', '0.242', '-0.121', '0.363']
Candle Analysis:
    Body Sizes (%): ['0.182', '0.303', '0.181', '0.363']
    Upper Shadows (%): ['0.121', '0.182', '0.060', '0.060']
    Lower Shadows (%): ['0.242', '0.242', '0.060', '0.060']
Volumes: [np.float64(1314002.0), np.float64(2421495.0), np.float64(1301474.0), np.float64(1470190.0)]
2025-05-09 05:05:24,892 - INFO - 
2. Post-Cross Movement (30min):
5min Price Changes (%): ['0.181']
Maximum Change: 0.181% after 5 minutes
Candle Analysis:
    Body Sizes (%): ['0.181']
    Upper Shadows (%): ['0.060']
    Lower Shadows (%): ['0.060']
Volumes: [np.float64(158037.0)]
==================================================
2025-05-09 05:05:27,021 - INFO - 
==================================================
EMA Cross Analysis - MELANIA/USDT
Time: 2025-05-09 05:05:00+09:00
Type: golden
Cross Character (Current): Weak
Cross Character (New): Weak
Price at Cross: 0.3442

1. Pre-Cross Pattern (15min):
EMA Distance Changes (%): ['0.079', '0.052', '0.016', '0.035']
EMA12 Changes (%): ['0.081', '0.041', '0.062', '0.097']
Price Changes (%): ['0.204', '-0.175', '0.175', '0.291']
Candle Analysis:
    Body Sizes (%): ['0.263', '0.087', '0.117', '0.262']
    Upper Shadows (%): ['0.058', '0.175', '0.292', '0.000']
    Lower Shadows (%): ['0.204', '0.175', '0.175', '0.000']
Volumes: [np.float64(201831.14), np.float64(386121.01), np.float64(285948.08), np.float64(10617.29)]
2025-05-09 05:05:27,021 - INFO - 
2. Post-Cross Movement (30min):
5min Price Changes (%): []
Maximum Change: 0.000% after 0 minutes
Candle Analysis:
    Body Sizes (%): []
    Upper Shadows (%): []
    Lower Shadows (%): []
Volumes: []
==================================================
2025-05-09 05:11:03,304 - INFO - 
==================================================
EMA Cross Analysis - BAN/USDT
Time: 2025-05-09 05:05:00+09:00
Type: dead
Cross Character (Current): Weak
Cross Character (New): Weak
Price at Cross: 0.06595

1. Pre-Cross Pattern (15min):
EMA Distance Changes (%): ['0.042', '0.034', '0.008', '0.031']
EMA12 Changes (%): ['0.101', '-0.010', '-0.046', '-0.073']
Price Changes (%): ['0.120', '-0.615', '-0.241', '-0.227']
Candle Analysis:
    Body Sizes (%): ['0.135', '0.600', '0.241', '0.242']
    Upper Shadows (%): ['0.000', '0.000', '0.136', '0.015']
    Lower Shadows (%): ['0.345', '0.210', '0.453', '0.015']
Volumes: [np.float64(492924.0), np.float64(377286.0), np.float64(705737.0), np.float64(132614.0)]
2025-05-09 05:11:03,304 - INFO - 
2. Post-Cross Movement (30min):
5min Price Changes (%): ['-0.697']
Maximum Change: -0.697% after 5 minutes
Candle Analysis:
    Body Sizes (%): ['0.682']
    Upper Shadows (%): ['0.000']
    Lower Shadows (%): ['0.091']
Volumes: [np.float64(174193.0)]
==================================================
2025-05-09 05:11:07,765 - INFO - 
==================================================
EMA Cross Analysis - TNSR/USDT
Time: 2025-05-09 05:10:00+09:00
Type: dead
Cross Character (Current): Weak
Cross Character (New): Weak
Price at Cross: 0.1514

1. Pre-Cross Pattern (15min):
EMA Distance Changes (%): ['0.163', '0.100', '0.050', '0.006']
EMA12 Changes (%): ['-0.127', '-0.097', '-0.082', '-0.100']
Price Changes (%): ['-1.109', '0.066', '0.000', '-0.198']
Candle Analysis:
    Body Sizes (%): ['1.109', '0.000', '0.000', '0.198']
    Upper Shadows (%): ['0.000', '0.066', '0.198', '0.000']
    Lower Shadows (%): ['0.261', '0.330', '0.198', '0.198']
Volumes: [np.float64(847302.9), np.float64(347162.2), np.float64(90219.0), np.float64(132342.0)]
2025-05-09 05:11:07,765 - INFO - 
2. Post-Cross Movement (30min):
5min Price Changes (%): []
Maximum Change: 0.000% after 0 minutes
Candle Analysis:
    Body Sizes (%): []
    Upper Shadows (%): []
    Lower Shadows (%): []
Volumes: []
==================================================
2025-05-09 05:11:13,801 - INFO - 
==================================================
EMA Cross Analysis - MELANIA/USDT
Time: 2025-05-09 05:05:00+09:00
Type: golden
Cross Character (Current): Weak
Cross Character (New): Weak
Price at Cross: 0.3435

1. Pre-Cross Pattern (15min):
EMA Distance Changes (%): ['0.079', '0.052', '0.016', '0.019']
EMA12 Changes (%): ['0.081', '0.041', '0.062', '0.066']
Price Changes (%): ['0.204', '-0.175', '0.175', '0.087']
Candle Analysis:
    Body Sizes (%): ['0.263', '0.087', '0.117', '0.058']
    Upper Shadows (%): ['0.058', '0.175', '0.292', '0.350']
    Lower Shadows (%): ['0.204', '0.175', '0.175', '0.000']
Volumes: [np.float64(201831.14), np.float64(386121.01), np.float64(285948.08), np.float64(238208.84)]
2025-05-09 05:11:13,801 - INFO - 
2. Post-Cross Movement (30min):
5min Price Changes (%): ['-0.116']
Maximum Change: -0.116% after 5 minutes
Candle Analysis:
    Body Sizes (%): ['0.146']
    Upper Shadows (%): ['0.029']
    Lower Shadows (%): ['0.116']
Volumes: [np.float64(56375.02)]
==================================================
2025-05-09 05:15:45,679 - INFO - 
==================================================
EMA Cross Analysis - TNSR/USDT
Time: 2025-05-09 05:15:00+09:00
Type: dead
Cross Character (Current): Weak
Cross Character (New): Weak
Price at Cross: 0.152

1. Pre-Cross Pattern (15min):
EMA Distance Changes (%): ['0.100', '0.050', '0.010', '0.006']
EMA12 Changes (%): ['-0.097', '-0.082', '-0.070', '-0.029']
Price Changes (%): ['0.066', '0.000', '0.000', '0.198']
Candle Analysis:
    Body Sizes (%): ['0.000', '0.000', '0.000', '0.264']
    Upper Shadows (%): ['0.066', '0.198', '0.000', '0.000']
    Lower Shadows (%): ['0.330', '0.198', '0.396', '0.000']
Volumes: [np.float64(347162.2), np.float64(90219.0), np.float64(232114.4), np.float64(16621.1)]
2025-05-09 05:15:45,679 - INFO - 
2. Post-Cross Movement (30min):
5min Price Changes (%): []
Maximum Change: 0.000% after 0 minutes
Candle Analysis:
    Body Sizes (%): []
    Upper Shadows (%): []
    Lower Shadows (%): []
Volumes: []
==================================================
2025-05-09 05:15:49,207 - INFO - 
==================================================
EMA Cross Analysis - SUI/USDT
Time: 2025-05-09 05:10:00+09:00
Type: dead
Cross Character (Current): Weak
Cross Character (New): Weak
Price at Cross: 3.8951

1. Pre-Cross Pattern (15min):
EMA Distance Changes (%): ['0.024', '0.029', '0.015', '0.028']
EMA12 Changes (%): ['0.004', '0.014', '-0.024', '-0.080']
Price Changes (%): ['-0.333', '0.069', '-0.230', '-0.391']
Candle Analysis:
    Body Sizes (%): ['0.331', '0.066', '0.227', '0.384']
    Upper Shadows (%): ['0.036', '0.345', '0.110', '0.169']
    Lower Shadows (%): ['0.143', '0.158', '0.097', '0.003']
Volumes: [np.float64(2223406.7), np.float64(1973116.5), np.float64(1289857.5), np.float64(1453822.9)]
2025-05-09 05:15:49,207 - INFO - 
2. Post-Cross Movement (30min):
5min Price Changes (%): ['-0.180']
Maximum Change: -0.180% after 5 minutes
Candle Analysis:
    Body Sizes (%): ['0.180']
    Upper Shadows (%): ['0.013']
    Lower Shadows (%): ['0.200']
Volumes: [np.float64(865750.4)]
==================================================
2025-05-09 05:15:51,554 - INFO - 
==================================================
EMA Cross Analysis - VANA/USDT
Time: 2025-05-09 05:15:00+09:00
Type: dead
Cross Character (Current): Weak
Cross Character (New): Weak
Price at Cross: 5.711

1. Pre-Cross Pattern (15min):
EMA Distance Changes (%): ['0.029', '0.030', '0.009', '0.003']
EMA12 Changes (%): ['0.017', '0.006', '-0.035', '-0.022']
Price Changes (%): ['0.140', '-0.052', '-0.262', '0.053']
Candle Analysis:
    Body Sizes (%): ['0.122', '0.035', '0.245', '0.053']
    Upper Shadows (%): ['0.122', '0.175', '0.035', '0.018']
    Lower Shadows (%): ['0.052', '0.122', '0.017', '0.105']
Volumes: [np.float64(3699.42), np.float64(3169.36), np.float64(5760.98), np.float64(658.06)]
2025-05-09 05:15:51,554 - INFO - 
2. Post-Cross Movement (30min):
5min Price Changes (%): []
Maximum Change: 0.000% after 0 minutes
Candle Analysis:
    Body Sizes (%): []
    Upper Shadows (%): []
    Lower Shadows (%): []
Volumes: []
==================================================
2025-05-09 05:20:23,540 - INFO - 
==================================================
EMA Cross Analysis - TNSR/USDT
Time: 2025-05-09 05:15:00+09:00
Type: dead
Cross Character (Current): Weak
Cross Character (New): Weak
Price at Cross: 0.152

1. Pre-Cross Pattern (15min):
EMA Distance Changes (%): ['0.100', '0.050', '0.010', '0.006']
EMA12 Changes (%): ['-0.097', '-0.082', '-0.070', '-0.029']
Price Changes (%): ['0.066', '0.000', '0.000', '0.198']
Candle Analysis:
    Body Sizes (%): ['0.000', '0.000', '0.000', '0.264']
    Upper Shadows (%): ['0.066', '0.198', '0.000', '0.198']
    Lower Shadows (%): ['0.330', '0.198', '0.396', '0.000']
Volumes: [np.float64(347162.2), np.float64(90219.0), np.float64(232114.4), np.float64(70222.4)]
2025-05-09 05:20:23,540 - INFO - 
2. Post-Cross Movement (30min):
5min Price Changes (%): ['0.066']
Maximum Change: 0.066% after 5 minutes
Candle Analysis:
    Body Sizes (%): ['0.066']
    Upper Shadows (%): ['0.000']
    Lower Shadows (%): ['0.000']
Volumes: [np.float64(6372.3)]
==================================================
2025-05-09 05:20:29,406 - INFO - 
==================================================
EMA Cross Analysis - VANA/USDT
Time: 2025-05-09 05:15:00+09:00
Type: dead
Cross Character (Current): Weak
Cross Character (New): Weak
Price at Cross: 5.711

1. Pre-Cross Pattern (15min):
EMA Distance Changes (%): ['0.029', '0.030', '0.009', '0.003']
EMA12 Changes (%): ['0.017', '0.006', '-0.035', '-0.022']
Price Changes (%): ['0.140', '-0.052', '-0.262', '0.053']
Candle Analysis:
    Body Sizes (%): ['0.122', '0.035', '0.245', '0.053']
    Upper Shadows (%): ['0.122', '0.175', '0.035', '0.070']
    Lower Shadows (%): ['0.052', '0.122', '0.017', '0.105']
Volumes: [np.float64(3699.42), np.float64(3169.36), np.float64(5760.98), np.float64(3214.54)]
2025-05-09 05:20:29,406 - INFO - 
2. Post-Cross Movement (30min):
5min Price Changes (%): ['-0.035']
Maximum Change: -0.035% after 5 minutes
Candle Analysis:
    Body Sizes (%): ['0.018']
    Upper Shadows (%): ['0.018']
    Lower Shadows (%): ['0.053']
Volumes: [np.float64(668.58)]
==================================================
2025-05-09 05:35:26,120 - INFO - 
==================================================
EMA Cross Analysis - TNSR/USDT
Time: 2025-05-09 05:35:00+09:00
Type: dead
Cross Character (Current): Weak
Cross Character (New): Weak
Price at Cross: 0.152

1. Pre-Cross Pattern (15min):
EMA Distance Changes (%): ['0.008', '0.019', '0.017', '0.001']
EMA12 Changes (%): ['0.026', '0.022', '-0.001', '-0.032']
Price Changes (%): ['0.329', '0.000', '-0.131', '-0.197']
Candle Analysis:
    Body Sizes (%): ['0.329', '0.000', '0.066', '0.131']
    Upper Shadows (%): ['0.132', '0.131', '0.197', '0.000']
    Lower Shadows (%): ['0.000', '0.393', '0.000', '0.000']
Volumes: [np.float64(122902.0), np.float64(149847.0), np.float64(94100.9), np.float64(1917.3)]
2025-05-09 05:35:26,120 - INFO - 
2. Post-Cross Movement (30min):
5min Price Changes (%): []
Maximum Change: 0.000% after 0 minutes
Candle Analysis:
    Body Sizes (%): []
    Upper Shadows (%): []
    Lower Shadows (%): []
Volumes: []
==================================================
2025-05-09 05:40:06,914 - INFO - 
==================================================
EMA Cross Analysis - SUI/USDT
Time: 2025-05-09 05:35:00+09:00
Type: golden
Cross Character (Current): Weak
Cross Character (New): Weak
Price at Cross: 3.966

1. Pre-Cross Pattern (15min):
EMA Distance Changes (%): ['0.069', '0.075', '0.067', '0.055']
EMA12 Changes (%): ['-0.036', '-0.021', '0.005', '0.227']
Price Changes (%): ['0.067', '0.062', '0.149', '1.450']
Candle Analysis:
    Body Sizes (%): ['0.067', '0.059', '0.149', '1.443']
    Upper Shadows (%): ['0.282', '0.090', '0.069', '0.417']
    Lower Shadows (%): ['0.231', '0.131', '0.077', '0.194']
Volumes: [np.float64(1364810.6), np.float64(608179.8), np.float64(929764.4), np.float64(5968464.7)]
2025-05-09 05:40:06,914 - INFO - 
2. Post-Cross Movement (30min):
5min Price Changes (%): ['-0.202']
Maximum Change: -0.202% after 5 minutes
Candle Analysis:
    Body Sizes (%): ['0.202']
    Upper Shadows (%): ['0.003']
    Lower Shadows (%): ['0.000']
Volumes: [np.float64(195433.1)]
==================================================
2025-05-09 05:41:14,369 - INFO - 
==================================================
EMA Cross Analysis - GRASS/USDT
Time: 2025-05-09 05:35:00+09:00
Type: golden
Cross Character (Current): Weak
Cross Character (New): Weak
Price at Cross: 1.5792

1. Pre-Cross Pattern (15min):
EMA Distance Changes (%): ['0.022', '0.014', '0.004', '0.036']
EMA12 Changes (%): ['0.020', '0.013', '0.016', '0.077']
Price Changes (%): ['-0.064', '-0.025', '0.032', '0.413']
Candle Analysis:
    Body Sizes (%): ['0.044', '0.019', '0.013', '0.432']
    Upper Shadows (%): ['0.089', '0.045', '0.216', '0.045']
    Lower Shadows (%): ['0.222', '0.108', '0.083', '0.210']
Volumes: [np.float64(13611.5), np.float64(3185.8), np.float64(5043.8), np.float64(21188.0)]
2025-05-09 05:41:14,369 - INFO - 
2. Post-Cross Movement (30min):
5min Price Changes (%): ['-0.095']
Maximum Change: -0.095% after 5 minutes
Candle Analysis:
    Body Sizes (%): ['0.063']
    Upper Shadows (%): ['0.019']
    Lower Shadows (%): ['0.019']
Volumes: [np.float64(1490.7)]
==================================================
2025-05-09 05:56:13,216 - INFO - 
==================================================
EMA Cross Analysis - BAN/USDT
Time: 2025-05-09 05:55:00+09:00
Type: golden
Cross Character (Current): Weak
Cross Character (New): Weak
Price at Cross: 0.06679

1. Pre-Cross Pattern (15min):
EMA Distance Changes (%): ['0.268', '0.188', '0.082', '0.026']
EMA12 Changes (%): ['0.033', '0.115', '0.179', '0.198']
Price Changes (%): ['0.061', '0.562', '0.528', '0.300']
Candle Analysis:
    Body Sizes (%): ['0.091', '0.592', '0.528', '0.255']
    Upper Shadows (%): ['0.182', '0.061', '0.045', '0.180']
    Lower Shadows (%): ['0.091', '0.121', '0.226', '0.015']
Volumes: [np.float64(286788.0), np.float64(234828.0), np.float64(604676.0), np.float64(218623.0)]
2025-05-09 05:56:13,216 - INFO - 
2. Post-Cross Movement (30min):
5min Price Changes (%): []
Maximum Change: 0.000% after 0 minutes
Candle Analysis:
    Body Sizes (%): []
    Upper Shadows (%): []
    Lower Shadows (%): []
Volumes: []
==================================================
2025-05-09 06:00:49,357 - INFO - 
==================================================
EMA Cross Analysis - BAN/USDT
Time: 2025-05-09 06:00:00+09:00
Type: golden
Cross Character (Current): Weak
Cross Character (New): Weak
Price at Cross: 0.06634

1. Pre-Cross Pattern (15min):
EMA Distance Changes (%): ['0.188', '0.082', '0.017', '0.023']
EMA12 Changes (%): ['0.115', '0.179', '0.114', '0.075']
Price Changes (%): ['0.562', '0.528', '-0.240', '-0.135']
Candle Analysis:
    Body Sizes (%): ['0.592', '0.528', '0.285', '0.151']
    Upper Shadows (%): ['0.061', '0.045', '0.435', '0.030']
    Lower Shadows (%): ['0.121', '0.226', '0.090', '0.000']
Volumes: [np.float64(234828.0), np.float64(604676.0), np.float64(519114.0), np.float64(25345.0)]
2025-05-09 06:00:49,358 - INFO - 
2. Post-Cross Movement (30min):
5min Price Changes (%): []
Maximum Change: 0.000% after 0 minutes
Candle Analysis:
    Body Sizes (%): []
    Upper Shadows (%): []
    Lower Shadows (%): []
Volumes: []
==================================================
2025-05-09 06:00:55,342 - INFO - 
==================================================
EMA Cross Analysis - EOS/USDT
Time: 2025-05-09 06:00:00+09:00
Type: golden
Cross Character (Current): Weak
Cross Character (New): Weak
Price at Cross: 0.846

1. Pre-Cross Pattern (15min):
EMA Distance Changes (%): ['0.168', '0.097', '0.032', '0.010']
EMA12 Changes (%): ['0.023', '0.111', '0.112', '0.077']
Price Changes (%): ['0.119', '0.595', '0.118', '-0.118']
Candle Analysis:
    Body Sizes (%): ['0.119', '0.595', '0.118', '0.000']
    Upper Shadows (%): ['0.357', '0.119', '0.236', '0.118']
    Lower Shadows (%): ['0.238', '0.000', '0.236', '0.118']
Volumes: [np.float64(584748.9), np.float64(1244103.5), np.float64(1102878.5), np.float64(82561.9)]
2025-05-09 06:00:55,342 - INFO - 
2. Post-Cross Movement (30min):
5min Price Changes (%): []
Maximum Change: 0.000% after 0 minutes
Candle Analysis:
    Body Sizes (%): []
    Upper Shadows (%): []
    Lower Shadows (%): []
Volumes: []
==================================================
2025-05-09 06:10:09,885 - INFO - 
==================================================
EMA Cross Analysis - GRASS/USDT
Time: 2025-05-09 06:10:00+09:00
Type: dead
Cross Character (Current): Weak
Cross Character (New): Weak
Price at Cross: 1.5589

1. Pre-Cross Pattern (15min):
EMA Distance Changes (%): ['0.269', '0.195', '0.081', '0.012']
EMA12 Changes (%): ['0.191', '-0.113', '-0.191', '-0.166']
Price Changes (%): ['0.447', '-1.759', '-0.625', '-0.026']
Candle Analysis:
    Body Sizes (%): ['0.440', '1.759', '0.612', '0.013']
    Upper Shadows (%): ['0.006', '0.050', '0.038', '0.013']
    Lower Shadows (%): ['0.069', '0.088', '0.204', '0.000']
Volumes: [np.float64(50284.9), np.float64(92159.4), np.float64(99557.2), np.float64(498.3)]
2025-05-09 06:10:09,885 - INFO - 
2. Post-Cross Movement (30min):
5min Price Changes (%): []
Maximum Change: 0.000% after 0 minutes
Candle Analysis:
    Body Sizes (%): []
    Upper Shadows (%): []
    Lower Shadows (%): []
Volumes: []
==================================================
2025-05-09 06:15:56,761 - INFO - 
==================================================
EMA Cross Analysis - GRASS/USDT
Time: 2025-05-09 06:10:00+09:00
Type: dead
Cross Character (Current): Weak
Cross Character (New): Weak
Price at Cross: 1.5592

1. Pre-Cross Pattern (15min):
EMA Distance Changes (%): ['0.269', '0.195', '0.081', '0.010']
EMA12 Changes (%): ['0.191', '-0.113', '-0.191', '-0.163']
Price Changes (%): ['0.447', '-1.759', '-0.625', '-0.006']
Candle Analysis:
    Body Sizes (%): ['0.440', '1.759', '0.612', '0.006']
    Upper Shadows (%): ['0.006', '0.050', '0.038', '0.173']
    Lower Shadows (%): ['0.069', '0.088', '0.204', '0.115']
Volumes: [np.float64(50284.9), np.float64(92159.4), np.float64(99557.2), np.float64(73541.1)]
2025-05-09 06:15:56,762 - INFO - 
2. Post-Cross Movement (30min):
5min Price Changes (%): ['0.045']
Maximum Change: 0.045% after 5 minutes
Candle Analysis:
    Body Sizes (%): ['0.038']
    Upper Shadows (%): ['0.090']
    Lower Shadows (%): ['0.051']
Volumes: [np.float64(29344.2)]
==================================================
2025-05-09 06:15:58,069 - INFO - 
==================================================
EMA Cross Analysis - EOS/USDT
Time: 2025-05-09 06:15:00+09:00
Type: golden
Cross Character (Current): Weak
Cross Character (New): Weak
Price at Cross: 0.845

1. Pre-Cross Pattern (15min):
EMA Distance Changes (%): ['0.019', '0.036', '0.021', '0.010']
EMA12 Changes (%): ['0.022', '-0.036', '0.024', '0.057']
Price Changes (%): ['-0.472', '-0.356', '0.357', '0.237']
Candle Analysis:
    Body Sizes (%): ['0.355', '0.356', '0.357', '0.237']
    Upper Shadows (%): ['0.118', '0.119', '0.238', '0.000']
    Lower Shadows (%): ['0.118', '0.119', '0.000', '0.119']
Volumes: [np.float64(839088.6), np.float64(834903.5), np.float64(997351.4), np.float64(123835.5)]
2025-05-09 06:15:58,069 - INFO - 
2. Post-Cross Movement (30min):
5min Price Changes (%): []
Maximum Change: 0.000% after 0 minutes
Candle Analysis:
    Body Sizes (%): []
    Upper Shadows (%): []
    Lower Shadows (%): []
Volumes: []
==================================================
2025-05-09 06:20:36,027 - INFO - 
==================================================
EMA Cross Analysis - EOS/USDT
Time: 2025-05-09 06:15:00+09:00
Type: golden
Cross Character (Current): Weak
Cross Character (New): Weak
Price at Cross: 0.845

1. Pre-Cross Pattern (15min):
EMA Distance Changes (%): ['0.019', '0.036', '0.021', '0.010']
EMA12 Changes (%): ['0.022', '-0.036', '0.024', '0.057']
Price Changes (%): ['-0.472', '-0.356', '0.357', '0.237']
Candle Analysis:
    Body Sizes (%): ['0.355', '0.356', '0.357', '0.237']
    Upper Shadows (%): ['0.118', '0.119', '0.238', '0.356']
    Lower Shadows (%): ['0.118', '0.119', '0.000', '0.119']
Volumes: [np.float64(839088.6), np.float64(834903.5), np.float64(997351.4), np.float64(1013601.2)]
2025-05-09 06:20:36,027 - INFO - 
2. Post-Cross Movement (30min):
5min Price Changes (%): ['0.000']
Maximum Change: 0.000% after 0 minutes
Candle Analysis:
    Body Sizes (%): ['0.118']
    Upper Shadows (%): ['0.118']
    Lower Shadows (%): ['0.000']
Volumes: [np.float64(103323.1)]
==================================================
2025-05-09 06:25:07,859 - INFO - 
==================================================
EMA Cross Analysis - BAN/USDT
Time: 2025-05-09 06:25:00+09:00
Type: dead
Cross Character (Current): Weak
Cross Character (New): Weak
Price at Cross: 0.06559

1. Pre-Cross Pattern (15min):
EMA Distance Changes (%): ['0.027', '0.032', '0.005', '0.049']
EMA12 Changes (%): ['0.023', '-0.013', '0.068', '-0.103']
Price Changes (%): ['0.273', '-0.212', '0.516', '-1.041']
Candle Analysis:
    Body Sizes (%): ['0.288', '0.197', '0.500', '1.026']
    Upper Shadows (%): ['0.061', '0.333', '0.440', '0.075']
    Lower Shadows (%): ['0.076', '0.363', '0.000', '2.082']
Volumes: [np.float64(210857.0), np.float64(915564.0), np.float64(656310.0), np.float64(954168.0)]
2025-05-09 06:25:07,859 - INFO - 
2. Post-Cross Movement (30min):
5min Price Changes (%): []
Maximum Change: 0.000% after 0 minutes
Candle Analysis:
    Body Sizes (%): []
    Upper Shadows (%): []
    Lower Shadows (%): []
Volumes: []
==================================================
2025-05-09 06:30:53,961 - INFO - 
==================================================
EMA Cross Analysis - BAN/USDT
Time: 2025-05-09 06:30:00+09:00
Type: dead
Cross Character (Current): Weak
Cross Character (New): Weak
Price at Cross: 0.06587

1. Pre-Cross Pattern (15min):
EMA Distance Changes (%): ['0.032', '0.005', '0.007', '0.013']
EMA12 Changes (%): ['-0.013', '0.068', '0.004', '-0.039']
Price Changes (%): ['-0.212', '0.516', '-0.347', '-0.273']
Candle Analysis:
    Body Sizes (%): ['0.197', '0.500', '0.332', '0.273']
    Upper Shadows (%): ['0.333', '0.440', '0.075', '0.000']
    Lower Shadows (%): ['0.363', '0.000', '2.777', '0.257']
Volumes: [np.float64(915564.0), np.float64(656310.0), np.float64(1796897.0), np.float64(103078.0)]
2025-05-09 06:30:53,961 - INFO - 
2. Post-Cross Movement (30min):
5min Price Changes (%): []
Maximum Change: 0.000% after 0 minutes
Candle Analysis:
    Body Sizes (%): []
    Upper Shadows (%): []
    Lower Shadows (%): []
Volumes: []
==================================================
2025-05-09 06:35:31,429 - INFO - 
==================================================
EMA Cross Analysis - BAN/USDT
Time: 2025-05-09 06:30:00+09:00
Type: dead
Cross Character (Current): Weak
Cross Character (New): Weak
Price at Cross: 0.06592

1. Pre-Cross Pattern (15min):
EMA Distance Changes (%): ['0.032', '0.005', '0.007', '0.007']
EMA12 Changes (%): ['-0.013', '0.068', '0.004', '-0.027']
Price Changes (%): ['-0.212', '0.516', '-0.347', '-0.197']
Candle Analysis:
    Body Sizes (%): ['0.197', '0.500', '0.332', '0.197']
    Upper Shadows (%): ['0.333', '0.440', '0.075', '0.015']
    Lower Shadows (%): ['0.363', '0.000', '2.777', '0.333']
Volumes: [np.float64(915564.0), np.float64(656310.0), np.float64(1796897.0), np.float64(211026.0)]
2025-05-09 06:35:31,430 - INFO - 
2. Post-Cross Movement (30min):
5min Price Changes (%): ['-0.076']
Maximum Change: -0.076% after 5 minutes
Candle Analysis:
    Body Sizes (%): ['0.046']
    Upper Shadows (%): ['0.061']
    Lower Shadows (%): ['0.121']
Volumes: [np.float64(51323.0)]
==================================================
2025-05-09 06:45:54,164 - INFO - 
==================================================
EMA Cross Analysis - BAN/USDT
Time: 2025-05-09 06:40:00+09:00
Type: dead
Cross Character (Current): Weak
Cross Character (New): Weak
Price at Cross: 0.06581

1. Pre-Cross Pattern (15min):
EMA Distance Changes (%): ['0.007', '0.007', '0.005', '0.022']
EMA12 Changes (%): ['0.004', '-0.027', '0.024', '-0.052']
Price Changes (%): ['-0.347', '-0.197', '0.303', '-0.469']
Candle Analysis:
    Body Sizes (%): ['0.332', '0.197', '0.334', '0.469']
    Upper Shadows (%): ['0.075', '0.015', '0.091', '0.151']
    Lower Shadows (%): ['2.777', '0.333', '0.167', '0.786']
Volumes: [np.float64(1796897.0), np.float64(211026.0), np.float64(218024.0), np.float64(870492.0)]
2025-05-09 06:45:54,164 - INFO - 
2. Post-Cross Movement (30min):
5min Price Changes (%): ['0.000']
Maximum Change: 0.000% after 0 minutes
Candle Analysis:
    Body Sizes (%): ['0.000']
    Upper Shadows (%): ['0.061']
    Lower Shadows (%): ['0.015']
Volumes: [np.float64(8569.0)]
==================================================
2025-05-09 06:50:38,118 - INFO - 
==================================================
EMA Cross Analysis - PENGU/USDT
Time: 2025-05-09 06:50:00+09:00
Type: dead
Cross Character (Current): Weak
Cross Character (New): Weak
Price at Cross: 0.013994

1. Pre-Cross Pattern (15min):
EMA Distance Changes (%): ['0.334', '0.160', '0.047', '0.051']
EMA12 Changes (%): ['0.021', '-0.294', '-0.191', '-0.181']
Price Changes (%): ['-0.378', '-2.022', '0.387', '-0.128']
Candle Analysis:
    Body Sizes (%): ['0.378', '2.035', '0.372', '0.114']
    Upper Shadows (%): ['0.657', '0.154', '0.681', '0.157']
    Lower Shadows (%): ['0.105', '1.011', '0.000', '0.071']
Volumes: [np.float64(74103731.0), np.float64(151751905.0), np.float64(55585863.0), np.float64(7941702.0)]
2025-05-09 06:50:38,118 - INFO - 
2. Post-Cross Movement (30min):
5min Price Changes (%): []
Maximum Change: 0.000% after 0 minutes
Candle Analysis:
    Body Sizes (%): []
    Upper Shadows (%): []
    Lower Shadows (%): []
Volumes: []
==================================================
2025-05-09 06:55:10,670 - INFO - 
==================================================
EMA Cross Analysis - POL/USDT
Time: 2025-05-09 06:55:00+09:00
Type: dead
Cross Character (Current): Weak
Cross Character (New): Weak
Price at Cross: 0.25007

1. Pre-Cross Pattern (15min):
EMA Distance Changes (%): ['0.206', '0.138', '0.042', '0.022']
EMA12 Changes (%): ['-0.162', '-0.101', '-0.164', '-0.116']
Price Changes (%): ['-0.957', '0.236', '-0.510', '0.148']
Candle Analysis:
    Body Sizes (%): ['0.953', '0.180', '0.522', '0.148']
    Upper Shadows (%): ['0.162', '0.236', '0.032', '0.000']
    Lower Shadows (%): ['0.111', '0.016', '0.163', '0.000']
Volumes: [np.float64(1213681.0), np.float64(849671.0), np.float64(911775.0), np.float64(49775.0)]
2025-05-09 06:55:10,670 - INFO - 
2. Post-Cross Movement (30min):
5min Price Changes (%): []
Maximum Change: 0.000% after 0 minutes
Candle Analysis:
    Body Sizes (%): []
    Upper Shadows (%): []
    Lower Shadows (%): []
Volumes: []
==================================================
2025-05-09 06:55:15,026 - INFO - 
==================================================
EMA Cross Analysis - PENGU/USDT
Time: 2025-05-09 06:50:00+09:00
Type: dead
Cross Character (Current): Weak
Cross Character (New): Weak
Price at Cross: 0.01381

1. Pre-Cross Pattern (15min):
EMA Distance Changes (%): ['0.334', '0.160', '0.047', '0.158']
EMA12 Changes (%): ['0.021', '-0.294', '-0.191', '-0.381']
Price Changes (%): ['-0.378', '-2.022', '0.387', '-1.442']
Candle Analysis:
    Body Sizes (%): ['0.378', '2.035', '0.372', '1.428']
    Upper Shadows (%): ['0.657', '0.154', '0.681', '0.157']
    Lower Shadows (%): ['0.105', '1.011', '0.000', '0.100']
Volumes: [np.float64(74103731.0), np.float64(151751905.0), np.float64(55585863.0), np.float64(115111171.0)]
2025-05-09 06:55:15,027 - INFO - 
2. Post-Cross Movement (30min):
5min Price Changes (%): ['0.159']
Maximum Change: 0.159% after 5 minutes
Candle Analysis:
    Body Sizes (%): ['0.152']
    Upper Shadows (%): ['0.029']
    Lower Shadows (%): ['0.036']
Volumes: [np.float64(4435659.0)]
==================================================
2025-05-09 06:55:19,218 - INFO - 
==================================================
EMA Cross Analysis - MELANIA/USDT
Time: 2025-05-09 06:55:00+09:00
Type: dead
Cross Character (Current): Weak
Cross Character (New): Weak
Price at Cross: 0.3425

1. Pre-Cross Pattern (15min):
EMA Distance Changes (%): ['0.152', '0.097', '0.003', '0.046']
EMA12 Changes (%): ['-0.144', '-0.082', '-0.167', '-0.093']
Price Changes (%): ['-0.580', '0.263', '-0.640', '0.322']
Candle Analysis:
    Body Sizes (%): ['0.580', '0.233', '0.640', '0.293']
    Upper Shadows (%): ['0.000', '0.379', '0.204', '0.205']
    Lower Shadows (%): ['0.406', '0.000', '0.146', '0.000']
Volumes: [np.float64(545963.26), np.float64(167204.95), np.float64(357865.37), np.float64(28924.75)]
2025-05-09 06:55:19,218 - INFO - 
2. Post-Cross Movement (30min):
5min Price Changes (%): []
Maximum Change: 0.000% after 0 minutes
Candle Analysis:
    Body Sizes (%): []
    Upper Shadows (%): []
    Lower Shadows (%): []
Volumes: []
==================================================
2025-05-09 07:01:02,224 - INFO - 
==================================================
EMA Cross Analysis - AIXBT/USDT
Time: 2025-05-09 07:00:00+09:00
Type: dead
Cross Character (Current): Strong
Cross Character (New): Strong
Price at Cross: 0.20126

1. Pre-Cross Pattern (15min):
EMA Distance Changes (%): ['0.648', '0.382', '0.180', '0.002']
EMA12 Changes (%): ['-0.217', '-0.427', '-0.327', '-0.320']
Price Changes (%): ['0.186', '-1.598', '0.238', '-0.282']
Candle Analysis:
    Body Sizes (%): ['0.176', '1.608', '0.238', '0.287']
    Upper Shadows (%): ['0.338', '0.064', '0.730', '0.381']
    Lower Shadows (%): ['0.152', '0.049', '0.119', '0.020']
Volumes: [np.float64(979312.0), np.float64(5319480.0), np.float64(2376932.0), np.float64(763680.0)]
2025-05-09 07:01:02,224 - INFO - 
2. Post-Cross Movement (30min):
5min Price Changes (%): []
Maximum Change: 0.000% after 0 minutes
Candle Analysis:
    Body Sizes (%): []
    Upper Shadows (%): []
    Lower Shadows (%): []
Volumes: []
==================================================
2025-05-09 07:01:05,404 - INFO - 
==================================================
EMA Cross Analysis - MELANIA/USDT
Time: 2025-05-09 06:55:00+09:00
Type: dead
Cross Character (Current): Weak
Cross Character (New): Weak
Price at Cross: 0.3426

1. Pre-Cross Pattern (15min):
EMA Distance Changes (%): ['0.152', '0.097', '0.003', '0.043']
EMA12 Changes (%): ['-0.144', '-0.082', '-0.167', '-0.088']
Price Changes (%): ['-0.580', '0.263', '-0.640', '0.351']
Candle Analysis:
    Body Sizes (%): ['0.580', '0.233', '0.640', '0.322']
    Upper Shadows (%): ['0.000', '0.379', '0.204', '0.205']
    Lower Shadows (%): ['0.406', '0.000', '0.146', '0.000']
Volumes: [np.float64(545963.26), np.float64(167204.95), np.float64(357865.37), np.float64(190702.71)]
2025-05-09 07:01:05,404 - INFO - 
2. Post-Cross Movement (30min):
5min Price Changes (%): ['-0.029']
Maximum Change: -0.029% after 5 minutes
Candle Analysis:
    Body Sizes (%): ['0.088']
    Upper Shadows (%): ['0.117']
    Lower Shadows (%): ['0.000']
Volumes: [np.float64(29421.16)]
==================================================
2025-05-09 07:05:34,909 - INFO - 
==================================================
EMA Cross Analysis - POL/USDT
Time: 2025-05-09 07:00:00+09:00
Type: dead
Cross Character (Current): Weak
Cross Character (New): Weak
Price at Cross: 0.2513

1. Pre-Cross Pattern (15min):
EMA Distance Changes (%): ['0.138', '0.042', '0.014', '0.004']
EMA12 Changes (%): ['-0.101', '-0.164', '-0.047', '-0.034']
Price Changes (%): ['0.236', '-0.510', '0.601', '0.040']
Candle Analysis:
    Body Sizes (%): ['0.180', '0.522', '0.601', '0.036']
    Upper Shadows (%): ['0.236', '0.032', '0.064', '0.199']
    Lower Shadows (%): ['0.016', '0.163', '0.000', '0.223']
Volumes: [np.float64(849671.0), np.float64(911775.0), np.float64(719655.0), np.float64(888136.0)]
2025-05-09 07:05:34,909 - INFO - 
2. Post-Cross Movement (30min):
5min Price Changes (%): ['0.151']
Maximum Change: 0.151% after 5 minutes
Candle Analysis:
    Body Sizes (%): ['0.151']
    Upper Shadows (%): ['0.052']
    Lower Shadows (%): ['0.012']
Volumes: [np.float64(151147.0)]
==================================================
2025-05-09 07:05:39,571 - INFO - 
==================================================
EMA Cross Analysis - AIXBT/USDT
Time: 2025-05-09 07:00:00+09:00
Type: dead
Cross Character (Current): Strong
Cross Character (New): Strong
Price at Cross: 0.20043

1. Pre-Cross Pattern (15min):
EMA Distance Changes (%): ['0.648', '0.382', '0.180', '0.035']
EMA12 Changes (%): ['-0.217', '-0.427', '-0.327', '-0.382']
Price Changes (%): ['0.186', '-1.598', '0.238', '-0.694']
Candle Analysis:
    Body Sizes (%): ['0.176', '1.608', '0.238', '0.699']
    Upper Shadows (%): ['0.338', '0.064', '0.730', '0.381']
    Lower Shadows (%): ['0.152', '0.049', '0.119', '0.505']
Volumes: [np.float64(979312.0), np.float64(5319480.0), np.float64(2376932.0), np.float64(3893128.0)]
2025-05-09 07:05:39,571 - INFO - 
2. Post-Cross Movement (30min):
5min Price Changes (%): ['0.165']
Maximum Change: 0.165% after 5 minutes
Candle Analysis:
    Body Sizes (%): ['0.165']
    Upper Shadows (%): ['0.334']
    Lower Shadows (%): ['0.050']
Volumes: [np.float64(327141.0)]
==================================================
2025-05-09 07:05:42,136 - INFO - 
==================================================
EMA Cross Analysis - BRETT/USDT
Time: 2025-05-09 07:00:00+09:00
Type: dead
Cross Character (Current): Strong
Cross Character (New): Strong
Price at Cross: 0.07369

1. Pre-Cross Pattern (15min):
EMA Distance Changes (%): ['0.562', '0.322', '0.157', '0.019']
EMA12 Changes (%): ['-0.362', '-0.378', '-0.266', '-0.312']
Price Changes (%): ['-0.416', '-0.472', '0.366', '-0.567']
Candle Analysis:
    Body Sizes (%): ['0.456', '0.552', '0.284', '0.580']
    Upper Shadows (%): ['1.073', '0.054', '1.001', '0.216']
    Lower Shadows (%): ['0.228', '0.215', '0.176', '0.256']
Volumes: [np.float64(3766320.0), np.float64(3409898.0), np.float64(3197436.0), np.float64(3112222.0)]
2025-05-09 07:05:42,136 - INFO - 
2. Post-Cross Movement (30min):
5min Price Changes (%): ['0.489']
Maximum Change: 0.489% after 5 minutes
Candle Analysis:
    Body Sizes (%): ['0.475']
    Upper Shadows (%): ['0.081']
    Lower Shadows (%): ['0.000']
Volumes: [np.float64(465832.0)]
==================================================
2025-05-09 07:10:18,333 - INFO - 
==================================================
EMA Cross Analysis - GOAT/USDT
Time: 2025-05-09 07:10:00+09:00
Type: dead
Cross Character (Current): Strong
Cross Character (New): Weak
Price at Cross: 0.08878

1. Pre-Cross Pattern (15min):
EMA Distance Changes (%): ['0.414', '0.260', '0.059', '0.093']
EMA12 Changes (%): ['-0.164', '-0.239', '-0.347', '-0.279']
Price Changes (%): ['0.222', '-0.655', '-0.949', '0.101']
Candle Analysis:
    Body Sizes (%): ['0.234', '0.688', '1.027', '0.079']
    Upper Shadows (%): ['0.845', '0.311', '0.290', '0.158']
    Lower Shadows (%): ['0.000', '0.333', '0.156', '0.225']
Volumes: [np.float64(1561555.0), np.float64(1647609.0), np.float64(2684185.0), np.float64(438668.0)]
2025-05-09 07:10:18,334 - INFO - 
2. Post-Cross Movement (30min):
5min Price Changes (%): []
Maximum Change: 0.000% after 0 minutes
Candle Analysis:
    Body Sizes (%): []
    Upper Shadows (%): []
    Lower Shadows (%): []
Volumes: []
==================================================
2025-05-09 07:15:55,555 - INFO - 
==================================================
EMA Cross Analysis - TIA/USDT
Time: 2025-05-09 07:15:00+09:00
Type: dead
Cross Character (Current): Strong
Cross Character (New): Weak
Price at Cross: 2.7128

1. Pre-Cross Pattern (15min):
EMA Distance Changes (%): ['0.278', '0.144', '0.056', '0.023']
EMA12 Changes (%): ['-0.129', '-0.219', '-0.147', '-0.144']
Price Changes (%): ['-0.481', '-0.718', '0.255', '-0.129']
Candle Analysis:
    Body Sizes (%): ['0.489', '0.711', '0.240', '0.144']
    Upper Shadows (%): ['0.062', '0.235', '0.196', '0.029']
    Lower Shadows (%): ['0.365', '0.007', '0.365', '0.007']
Volumes: [np.float64(341382.0), np.float64(339537.0), np.float64(513453.0), np.float64(18344.0)]
2025-05-09 07:15:55,555 - INFO - 
2. Post-Cross Movement (30min):
5min Price Changes (%): []
Maximum Change: 0.000% after 0 minutes
Candle Analysis:
    Body Sizes (%): []
    Upper Shadows (%): []
    Lower Shadows (%): []
Volumes: []
==================================================
2025-05-09 07:15:56,208 - INFO - 
==================================================
EMA Cross Analysis - BOME/USDT
Time: 2025-05-09 07:15:00+09:00
Type: dead
Cross Character (Current): Weak
Cross Character (New): Weak
Price at Cross: 0.001609

1. Pre-Cross Pattern (15min):
EMA Distance Changes (%): ['0.268', '0.145', '0.056', '0.010']
EMA12 Changes (%): ['-0.146', '-0.199', '-0.150', '-0.118']
Price Changes (%): ['-0.432', '-0.496', '0.125', '0.062']
Candle Analysis:
    Body Sizes (%): ['0.493', '0.496', '0.125', '0.000']
    Upper Shadows (%): ['0.185', '0.310', '0.187', '0.124']
    Lower Shadows (%): ['0.000', '0.124', '0.374', '0.062']
Volumes: [np.float64(85887667.0), np.float64(52740507.0), np.float64(97829206.0), np.float64(6187527.0)]
2025-05-09 07:15:56,208 - INFO - 
2. Post-Cross Movement (30min):
5min Price Changes (%): []
Maximum Change: 0.000% after 0 minutes
Candle Analysis:
    Body Sizes (%): []
    Upper Shadows (%): []
    Lower Shadows (%): []
Volumes: []
==================================================
2025-05-09 07:16:04,542 - INFO - 
==================================================
EMA Cross Analysis - GOAT/USDT
Time: 2025-05-09 07:10:00+09:00
Type: dead
Cross Character (Current): Strong
Cross Character (New): Weak
Price at Cross: 0.0882

1. Pre-Cross Pattern (15min):
EMA Distance Changes (%): ['0.414', '0.260', '0.059', '0.146']
EMA12 Changes (%): ['-0.164', '-0.239', '-0.347', '-0.378']
Price Changes (%): ['0.222', '-0.655', '-0.949', '-0.552']
Candle Analysis:
    Body Sizes (%): ['0.234', '0.688', '1.027', '0.575']
    Upper Shadows (%): ['0.845', '0.311', '0.290', '0.293']
    Lower Shadows (%): ['0.000', '0.333', '0.156', '0.597']
Volumes: [np.float64(1561555.0), np.float64(1647609.0), np.float64(2684185.0), np.float64(3790397.0)]
2025-05-09 07:16:04,542 - INFO - 
2. Post-Cross Movement (30min):
5min Price Changes (%): ['0.351']
Maximum Change: 0.351% after 5 minutes
Candle Analysis:
    Body Sizes (%): ['0.295']
    Upper Shadows (%): ['0.136']
    Lower Shadows (%): ['0.181']
Volumes: [np.float64(639110.0)]
==================================================
2025-05-09 07:20:33,006 - INFO - 
==================================================
EMA Cross Analysis - TIA/USDT
Time: 2025-05-09 07:15:00+09:00
Type: dead
Cross Character (Current): Strong
Cross Character (New): Weak
Price at Cross: 2.7111

1. Pre-Cross Pattern (15min):
EMA Distance Changes (%): ['0.278', '0.144', '0.056', '0.029']
EMA12 Changes (%): ['-0.129', '-0.219', '-0.147', '-0.154']
Price Changes (%): ['-0.481', '-0.718', '0.255', '-0.191']
Candle Analysis:
    Body Sizes (%): ['0.489', '0.711', '0.240', '0.206']
    Upper Shadows (%): ['0.062', '0.235', '0.196', '0.151']
    Lower Shadows (%): ['0.365', '0.007', '0.365', '0.217']
Volumes: [np.float64(341382.0), np.float64(339537.0), np.float64(513453.0), np.float64(301888.0)]
2025-05-09 07:20:33,006 - INFO - 
2. Post-Cross Movement (30min):
5min Price Changes (%): ['0.192']
Maximum Change: 0.192% after 5 minutes
Candle Analysis:
    Body Sizes (%): ['0.218']
    Upper Shadows (%): ['0.000']
    Lower Shadows (%): ['0.007']
Volumes: [np.float64(26586.0)]
==================================================
2025-05-09 07:20:33,445 - INFO - 
==================================================
EMA Cross Analysis - BAN/USDT
Time: 2025-05-09 07:20:00+09:00
Type: golden
Cross Character (Current): Weak
Cross Character (New): Weak
Price at Cross: 0.06617

1. Pre-Cross Pattern (15min):
EMA Distance Changes (%): ['0.095', '0.055', '0.025', '0.002']
EMA12 Changes (%): ['-0.054', '0.061', '0.052', '0.049']
Price Changes (%): ['0.137', '0.700', '0.000', '0.030']
Candle Analysis:
    Body Sizes (%): ['0.091', '0.700', '0.030', '0.045']
    Upper Shadows (%): ['0.229', '0.091', '0.378', '0.045']
    Lower Shadows (%): ['0.229', '0.000', '0.015', '0.076']
Volumes: [np.float64(311848.0), np.float64(340944.0), np.float64(233288.0), np.float64(15735.0)]
2025-05-09 07:20:33,445 - INFO - 
2. Post-Cross Movement (30min):
5min Price Changes (%): []
Maximum Change: 0.000% after 0 minutes
Candle Analysis:
    Body Sizes (%): []
    Upper Shadows (%): []
    Lower Shadows (%): []
Volumes: []
==================================================
2025-05-09 07:20:33,662 - INFO - 
==================================================
EMA Cross Analysis - BOME/USDT
Time: 2025-05-09 07:20:00+09:00
Type: dead
Cross Character (Current): Weak
Cross Character (New): Weak
Price at Cross: 0.001612

1. Pre-Cross Pattern (15min):
EMA Distance Changes (%): ['0.145', '0.056', '0.010', '0.031']
EMA12 Changes (%): ['-0.199', '-0.150', '-0.080', '-0.077']
Price Changes (%): ['-0.496', '0.125', '0.311', '-0.062']
Candle Analysis:
    Body Sizes (%): ['0.496', '0.125', '0.249', '0.124']
    Upper Shadows (%): ['0.310', '0.187', '0.124', '0.000']
    Lower Shadows (%): ['0.124', '0.374', '0.373', '0.062']
Volumes: [np.float64(52740507.0), np.float64(97829206.0), np.float64(134673298.0), np.float64(4775620.0)]
2025-05-09 07:20:33,662 - INFO - 
2. Post-Cross Movement (30min):
5min Price Changes (%): []
Maximum Change: 0.000% after 0 minutes
Candle Analysis:
    Body Sizes (%): []
    Upper Shadows (%): []
    Lower Shadows (%): []
Volumes: []
==================================================
2025-05-09 07:20:39,989 - INFO - 
==================================================
EMA Cross Analysis - WLD/USDT
Time: 2025-05-09 07:20:00+09:00
Type: dead
Cross Character (Current): Weak
Cross Character (New): Weak
Price at Cross: 1.0445

1. Pre-Cross Pattern (15min):
EMA Distance Changes (%): ['0.136', '0.066', '0.028', '0.015']
EMA12 Changes (%): ['-0.131', '-0.114', '-0.064', '-0.078']
Price Changes (%): ['-0.315', '-0.019', '0.211', '-0.153']
Candle Analysis:
    Body Sizes (%): ['0.296', '0.029', '0.192', '0.153']
    Upper Shadows (%): ['0.315', '0.306', '0.239', '0.057']
    Lower Shadows (%): ['0.086', '0.306', '0.211', '0.048']
Volumes: [np.float64(618661.0), np.float64(440780.0), np.float64(454097.0), np.float64(45692.0)]
2025-05-09 07:20:39,989 - INFO - 
2. Post-Cross Movement (30min):
5min Price Changes (%): []
Maximum Change: 0.000% after 0 minutes
Candle Analysis:
    Body Sizes (%): []
    Upper Shadows (%): []
    Lower Shadows (%): []
Volumes: []
==================================================
2025-05-09 07:25:11,084 - INFO - 
==================================================
EMA Cross Analysis - BOME/USDT
Time: 2025-05-09 07:20:00+09:00
Type: dead
Cross Character (Current): Weak
Cross Character (New): Weak
Price at Cross: 0.001617

1. Pre-Cross Pattern (15min):
EMA Distance Changes (%): ['0.145', '0.056', '0.010', '0.006']
EMA12 Changes (%): ['-0.199', '-0.150', '-0.080', '-0.029']
Price Changes (%): ['-0.496', '0.125', '0.311', '0.248']
Candle Analysis:
    Body Sizes (%): ['0.496', '0.125', '0.249', '0.186']
    Upper Shadows (%): ['0.310', '0.187', '0.124', '0.062']
    Lower Shadows (%): ['0.124', '0.374', '0.373', '0.186']
Volumes: [np.float64(52740507.0), np.float64(97829206.0), np.float64(134673298.0), np.float64(57594851.0)]
2025-05-09 07:25:11,085 - INFO - 
2. Post-Cross Movement (30min):
5min Price Changes (%): ['-0.062']
Maximum Change: -0.062% after 5 minutes
Candle Analysis:
    Body Sizes (%): ['0.000']
    Upper Shadows (%): ['0.000']
    Lower Shadows (%): ['0.000']
Volumes: [np.float64(274069.0)]
==================================================
2025-05-09 07:25:14,140 - INFO - 
==================================================
EMA Cross Analysis - PHA/USDT
Time: 2025-05-09 07:25:00+09:00
Type: dead
Cross Character (Current): Weak
Cross Character (New): Weak
Price at Cross: 0.1276

1. Pre-Cross Pattern (15min):
EMA Distance Changes (%): ['0.193', '0.134', '0.059', '0.003']
EMA12 Changes (%): ['-0.144', '-0.085', '-0.126', '-0.109']
Price Changes (%): ['-0.203', '0.243', '-0.351', '-0.016']
Candle Analysis:
    Body Sizes (%): ['0.211', '0.243', '0.312', '0.016']
    Upper Shadows (%): ['0.164', '0.227', '0.000', '0.000']
    Lower Shadows (%): ['0.117', '0.313', '0.047', '0.031']
Volumes: [np.float64(177670.0), np.float64(271238.0), np.float64(122499.0), np.float64(20977.0)]
2025-05-09 07:25:14,140 - INFO - 
2. Post-Cross Movement (30min):
5min Price Changes (%): []
Maximum Change: 0.000% after 0 minutes
Candle Analysis:
    Body Sizes (%): []
    Upper Shadows (%): []
    Lower Shadows (%): []
Volumes: []
==================================================
2025-05-09 07:25:17,412 - INFO - 
==================================================
EMA Cross Analysis - WLD/USDT
Time: 2025-05-09 07:20:00+09:00
Type: dead
Cross Character (Current): Weak
Cross Character (New): Weak
Price at Cross: 1.0442

1. Pre-Cross Pattern (15min):
EMA Distance Changes (%): ['0.136', '0.066', '0.028', '0.017']
EMA12 Changes (%): ['-0.131', '-0.114', '-0.064', '-0.082']
Price Changes (%): ['-0.315', '-0.019', '0.211', '-0.182']
Candle Analysis:
    Body Sizes (%): ['0.296', '0.029', '0.192', '0.182']
    Upper Shadows (%): ['0.315', '0.306', '0.239', '0.057']
    Lower Shadows (%): ['0.086', '0.306', '0.211', '0.163']
Volumes: [np.float64(618661.0), np.float64(440780.0), np.float64(454097.0), np.float64(532469.0)]
2025-05-09 07:25:17,412 - INFO - 
2. Post-Cross Movement (30min):
5min Price Changes (%): ['-0.038']
Maximum Change: -0.038% after 5 minutes
Candle Analysis:
    Body Sizes (%): ['0.038']
    Upper Shadows (%): ['0.010']
    Lower Shadows (%): ['0.029']
Volumes: [np.float64(12873.0)]
==================================================
2025-05-09 07:25:17,629 - INFO - 
==================================================
EMA Cross Analysis - RENDER/USDT
Time: 2025-05-09 07:20:00+09:00
Type: dead
Cross Character (Current): Weak
Cross Character (New): Weak
Price at Cross: 4.669

1. Pre-Cross Pattern (15min):
EMA Distance Changes (%): ['0.136', '0.075', '0.037', '0.002']
EMA12 Changes (%): ['-0.122', '-0.097', '-0.062', '-0.069']
Price Changes (%): ['-0.448', '0.043', '0.129', '-0.107']
Candle Analysis:
    Body Sizes (%): ['0.448', '0.043', '0.107', '0.128']
    Upper Shadows (%): ['0.320', '0.129', '0.257', '0.064']
    Lower Shadows (%): ['0.107', '0.257', '0.171', '0.128']
Volumes: [np.float64(43694.0), np.float64(25785.4), np.float64(26823.4), np.float64(15433.4)]
2025-05-09 07:25:17,629 - INFO - 
2. Post-Cross Movement (30min):
5min Price Changes (%): ['-0.021']
Maximum Change: -0.021% after 5 minutes
Candle Analysis:
    Body Sizes (%): ['0.021']
    Upper Shadows (%): ['0.043']
    Lower Shadows (%): ['0.021']
Volumes: [np.float64(786.7)]
==================================================
2025-05-09 07:25:20,301 - INFO - 
==================================================
EMA Cross Analysis - ONDOUSDT
Time: 2025-05-09 07:25:00+09:00
Type: dead
Cross Character (Current): Weak
Cross Character (New): Weak
Price at Cross: 0.959

1. Pre-Cross Pattern (15min):
EMA Distance Changes (%): ['0.068', '0.039', '0.003', '0.028']
EMA12 Changes (%): ['-0.091', '-0.045', '-0.065', '-0.059']
Price Changes (%): ['0.063', '0.209', '-0.177', '-0.021']
Candle Analysis:
    Body Sizes (%): ['0.063', '0.198', '0.177', '0.021']
    Upper Shadows (%): ['0.104', '0.209', '0.042', '0.010']
    Lower Shadows (%): ['0.344', '0.104', '0.052', '0.042']
Volumes: [np.float64(1112149.5), np.float64(623954.9), np.float64(616605.9), np.float64(30879.0)]
2025-05-09 07:25:20,301 - INFO - 
2. Post-Cross Movement (30min):
5min Price Changes (%): []
Maximum Change: 0.000% after 0 minutes
Candle Analysis:
    Body Sizes (%): []
    Upper Shadows (%): []
    Lower Shadows (%): []
Volumes: []
==================================================
2025-05-09 07:30:56,949 - INFO - 
==================================================
EMA Cross Analysis - BAN/USDT
Time: 2025-05-09 07:25:00+09:00
Type: golden
Cross Character (Current): Weak
Cross Character (New): Weak
Price at Cross: 0.06641

1. Pre-Cross Pattern (15min):
EMA Distance Changes (%): ['0.055', '0.025', '0.023', '0.033']
EMA12 Changes (%): ['0.061', '0.052', '-0.000', '0.105']
Price Changes (%): ['0.700', '0.000', '-0.287', '0.682']
Candle Analysis:
    Body Sizes (%): ['0.700', '0.030', '0.272', '0.636']
    Upper Shadows (%): ['0.091', '0.378', '0.136', '0.591']
    Lower Shadows (%): ['0.000', '0.015', '0.212', '0.197']
Volumes: [np.float64(340944.0), np.float64(233288.0), np.float64(192736.0), np.float64(623460.0)]
2025-05-09 07:30:56,949 - INFO - 
2. Post-Cross Movement (30min):
5min Price Changes (%): ['-0.331']
Maximum Change: -0.331% after 5 minutes
Candle Analysis:
    Body Sizes (%): ['0.301']
    Upper Shadows (%): ['0.000']
    Lower Shadows (%): ['0.136']
Volumes: [np.float64(194917.0)]
==================================================
2025-05-09 07:31:00,212 - INFO - 
==================================================
EMA Cross Analysis - PHA/USDT
Time: 2025-05-09 07:25:00+09:00
Type: dead
Cross Character (Current): Weak
Cross Character (New): Weak
Price at Cross: 0.12744

1. Pre-Cross Pattern (15min):
EMA Distance Changes (%): ['0.193', '0.134', '0.059', '0.013']
EMA12 Changes (%): ['-0.144', '-0.085', '-0.126', '-0.128']
Price Changes (%): ['-0.203', '0.243', '-0.351', '-0.141']
Candle Analysis:
    Body Sizes (%): ['0.211', '0.243', '0.312', '0.110']
    Upper Shadows (%): ['0.164', '0.227', '0.000', '0.133']
    Lower Shadows (%): ['0.117', '0.313', '0.047', '0.172']
Volumes: [np.float64(177670.0), np.float64(271238.0), np.float64(122499.0), np.float64(322114.0)]
2025-05-09 07:31:00,212 - INFO - 
2. Post-Cross Movement (30min):
5min Price Changes (%): ['-0.149']
Maximum Change: -0.149% after 5 minutes
Candle Analysis:
    Body Sizes (%): ['0.149']
    Upper Shadows (%): ['0.071']
    Lower Shadows (%): ['0.039']
Volumes: [np.float64(28992.0)]
==================================================
2025-05-09 07:31:06,361 - INFO - 
==================================================
EMA Cross Analysis - ONDOUSDT
Time: 2025-05-09 07:25:00+09:00
Type: dead
Cross Character (Current): Weak
Cross Character (New): Weak
Price at Cross: 0.9601

1. Pre-Cross Pattern (15min):
EMA Distance Changes (%): ['0.068', '0.039', '0.003', '0.019']
EMA12 Changes (%): ['-0.091', '-0.045', '-0.065', '-0.041']
Price Changes (%): ['0.063', '0.209', '-0.177', '0.094']
Candle Analysis:
    Body Sizes (%): ['0.063', '0.198', '0.177', '0.094']
    Upper Shadows (%): ['0.104', '0.209', '0.042', '0.031']
    Lower Shadows (%): ['0.344', '0.104', '0.052', '0.167']
Volumes: [np.float64(1112149.5), np.float64(623954.9), np.float64(616605.9), np.float64(418428.9)]
2025-05-09 07:31:06,362 - INFO - 
2. Post-Cross Movement (30min):
5min Price Changes (%): ['-0.125']
Maximum Change: -0.125% after 5 minutes
Candle Analysis:
    Body Sizes (%): ['0.135']
    Upper Shadows (%): ['0.010']
    Lower Shadows (%): ['0.042']
Volumes: [np.float64(116298.0)]
==================================================
2025-05-09 07:35:39,524 - INFO - 
==================================================
EMA Cross Analysis - ZRO/USDT
Time: 2025-05-09 07:35:00+09:00
Type: dead
Cross Character (Current): Weak
Cross Character (New): Weak
Price at Cross: 2.6737

1. Pre-Cross Pattern (15min):
EMA Distance Changes (%): ['0.089', '0.055', '0.004', '0.020']
EMA12 Changes (%): ['-0.058', '-0.053', '-0.091', '-0.046']
Price Changes (%): ['0.056', '-0.026', '-0.299', '0.202']
Candle Analysis:
    Body Sizes (%): ['0.034', '0.026', '0.288', '0.202']
    Upper Shadows (%): ['0.067', '0.164', '0.034', '0.011']
    Lower Shadows (%): ['0.161', '0.235', '0.161', '0.019']
Volumes: [np.float64(35767.5), np.float64(22109.0), np.float64(23834.3), np.float64(4237.3)]
2025-05-09 07:35:39,524 - INFO - 
2. Post-Cross Movement (30min):
5min Price Changes (%): []
Maximum Change: 0.000% after 0 minutes
Candle Analysis:
    Body Sizes (%): []
    Upper Shadows (%): []
    Lower Shadows (%): []
Volumes: []
==================================================
2025-05-09 07:40:18,487 - INFO - 
==================================================
EMA Cross Analysis - WLD/USDT
Time: 2025-05-09 07:40:00+09:00
Type: golden
Cross Character (Current): Weak
Cross Character (New): Weak
Price at Cross: 1.0533

1. Pre-Cross Pattern (15min):
EMA Distance Changes (%): ['0.030', '0.046', '0.006', '0.026']
EMA12 Changes (%): ['-0.027', '-0.035', '0.069', '0.063']
Price Changes (%): ['0.278', '-0.076', '0.640', '0.028']
Candle Analysis:
    Body Sizes (%): ['0.278', '0.086', '0.640', '0.028']
    Upper Shadows (%): ['0.000', '0.115', '0.057', '0.009']
    Lower Shadows (%): ['0.144', '0.191', '0.000', '0.009']
Volumes: [np.float64(419831.0), np.float64(468503.0), np.float64(371061.0), np.float64(26694.0)]
2025-05-09 07:40:18,487 - INFO - 
2. Post-Cross Movement (30min):
5min Price Changes (%): []
Maximum Change: 0.000% after 0 minutes
Candle Analysis:
    Body Sizes (%): []
    Upper Shadows (%): []
    Lower Shadows (%): []
Volumes: []
==================================================
2025-05-09 07:45:58,149 - INFO - 
==================================================
EMA Cross Analysis - BAN/USDT
Time: 2025-05-09 07:45:00+09:00
Type: dead
Cross Character (Current): Weak
Cross Character (New): Weak
Price at Cross: 0.06574

1. Pre-Cross Pattern (15min):
EMA Distance Changes (%): ['0.052', '0.069', '0.001', '0.032']
EMA12 Changes (%): ['0.042', '0.040', '-0.122', '-0.062']
Price Changes (%): ['-0.301', '0.030', '-1.012', '0.275']
Candle Analysis:
    Body Sizes (%): ['0.271', '0.000', '1.027', '0.244']
    Upper Shadows (%): ['0.000', '0.151', '0.226', '0.076']
    Lower Shadows (%): ['0.166', '0.257', '0.347', '0.000']
Volumes: [np.float64(431802.0), np.float64(209243.0), np.float64(677228.0), np.float64(102553.0)]
2025-05-09 07:45:58,150 - INFO - 
2. Post-Cross Movement (30min):
5min Price Changes (%): []
Maximum Change: 0.000% after 0 minutes
Candle Analysis:
    Body Sizes (%): []
    Upper Shadows (%): []
    Lower Shadows (%): []
Volumes: []
==================================================
2025-05-09 07:46:00,114 - INFO - 
==================================================
EMA Cross Analysis - 1000PEPE/USDT
Time: 2025-05-09 07:45:00+09:00
Type: dead
Cross Character (Current): Weak
Cross Character (New): Weak
Price at Cross: 0.0109533

1. Pre-Cross Pattern (15min):
EMA Distance Changes (%): ['0.256', '0.164', '0.087', '0.015']
EMA12 Changes (%): ['-0.164', '-0.139', '-0.125', '-0.182']
Price Changes (%): ['-0.559', '0.000', '-0.048', '-0.497']
Candle Analysis:
    Body Sizes (%): ['0.559', '0.002', '0.048', '0.501']
    Upper Shadows (%): ['0.084', '0.313', '0.002', '0.091']
    Lower Shadows (%): ['0.374', '0.375', '0.729', '0.000']
Volumes: [np.float64(804360738.0), np.float64(610115253.0), np.float64(691428716.0), np.float64(103133470.0)]
2025-05-09 07:46:00,114 - INFO - 
2. Post-Cross Movement (30min):
5min Price Changes (%): []
Maximum Change: 0.000% after 0 minutes
Candle Analysis:
    Body Sizes (%): []
    Upper Shadows (%): []
    Lower Shadows (%): []
Volumes: []
==================================================
2025-05-09 07:46:04,688 - INFO - 
==================================================
EMA Cross Analysis - WLD/USDT
Time: 2025-05-09 07:40:00+09:00
Type: golden
Cross Character (Current): Weak
Cross Character (New): Weak
Price at Cross: 1.0546

1. Pre-Cross Pattern (15min):
EMA Distance Changes (%): ['0.030', '0.046', '0.006', '0.036']
EMA12 Changes (%): ['-0.027', '-0.035', '0.069', '0.082']
Price Changes (%): ['0.278', '-0.076', '0.640', '0.152']
Candle Analysis:
    Body Sizes (%): ['0.278', '0.086', '0.640', '0.152']
    Upper Shadows (%): ['0.000', '0.115', '0.057', '0.019']
    Lower Shadows (%): ['0.144', '0.191', '0.000', '0.256']
Volumes: [np.float64(419831.0), np.float64(468503.0), np.float64(371061.0), np.float64(499674.0)]
2025-05-09 07:46:04,689 - INFO - 
2. Post-Cross Movement (30min):
5min Price Changes (%): ['-0.322']
Maximum Change: -0.322% after 5 minutes
Candle Analysis:
    Body Sizes (%): ['0.322']
    Upper Shadows (%): ['0.047']
    Lower Shadows (%): ['0.028']
Volumes: [np.float64(137044.0)]
==================================================
2025-05-09 07:50:35,559 - INFO - 
==================================================
EMA Cross Analysis - BAN/USDT
Time: 2025-05-09 07:45:00+09:00
Type: dead
Cross Character (Current): Weak
Cross Character (New): Weak
Price at Cross: 0.06572

1. Pre-Cross Pattern (15min):
EMA Distance Changes (%): ['0.052', '0.069', '0.001', '0.034']
EMA12 Changes (%): ['0.042', '0.040', '-0.122', '-0.066']
Price Changes (%): ['-0.301', '0.030', '-1.012', '0.244']
Candle Analysis:
    Body Sizes (%): ['0.271', '0.000', '1.027', '0.213']
    Upper Shadows (%): ['0.000', '0.151', '0.226', '0.259']
    Lower Shadows (%): ['0.166', '0.257', '0.347', '0.000']
Volumes: [np.float64(431802.0), np.float64(209243.0), np.float64(677228.0), np.float64(303395.0)]
2025-05-09 07:50:35,560 - INFO - 
2. Post-Cross Movement (30min):
5min Price Changes (%): ['-0.030']
Maximum Change: -0.030% after 5 minutes
Candle Analysis:
    Body Sizes (%): ['0.030']
    Upper Shadows (%): ['0.046']
    Lower Shadows (%): ['0.107']
Volumes: [np.float64(17455.0)]
==================================================
2025-05-09 07:50:35,995 - INFO - 
==================================================
EMA Cross Analysis - ORCA/USDT
Time: 2025-05-09 07:45:00+09:00
Type: dead
Cross Character (Current): Weak
Cross Character (New): Weak
Price at Cross: 2.72

1. Pre-Cross Pattern (15min):
EMA Distance Changes (%): ['0.065', '0.045', '0.022', '0.022']
EMA12 Changes (%): ['-0.049', '-0.030', '-0.037', '-0.082']
Price Changes (%): ['-0.219', '0.073', '-0.073', '-0.330']
Candle Analysis:
    Body Sizes (%): ['0.183', '0.073', '0.037', '0.366']
    Upper Shadows (%): ['0.110', '0.147', '0.000', '0.073']
    Lower Shadows (%): ['0.146', '0.073', '0.183', '0.110']
Volumes: [np.float64(25004.1), np.float64(20906.9), np.float64(14302.6), np.float64(18859.7)]
2025-05-09 07:50:35,995 - INFO - 
2. Post-Cross Movement (30min):
5min Price Changes (%): ['0.000']
Maximum Change: 0.000% after 0 minutes
Candle Analysis:
    Body Sizes (%): ['0.000']
    Upper Shadows (%): ['0.037']
    Lower Shadows (%): ['0.000']
Volumes: [np.float64(776.9)]
==================================================
2025-05-09 07:50:37,520 - INFO - 
==================================================
EMA Cross Analysis - 1000PEPE/USDT
Time: 2025-05-09 07:45:00+09:00
Type: dead
Cross Character (Current): Strong
Cross Character (New): Weak
Price at Cross: 0.010914

1. Pre-Cross Pattern (15min):
EMA Distance Changes (%): ['0.256', '0.164', '0.087', '0.043']
EMA12 Changes (%): ['-0.164', '-0.139', '-0.125', '-0.236']
Price Changes (%): ['-0.559', '0.000', '-0.048', '-0.854']
Candle Analysis:
    Body Sizes (%): ['0.559', '0.002', '0.048', '0.858']
    Upper Shadows (%): ['0.084', '0.313', '0.002', '0.091']
    Lower Shadows (%): ['0.374', '0.375', '0.729', '0.160']
Volumes: [np.float64(804360738.0), np.float64(610115253.0), np.float64(691428716.0), np.float64(559934488.0)]
2025-05-09 07:50:37,520 - INFO - 
2. Post-Cross Movement (30min):
5min Price Changes (%): ['0.129']
Maximum Change: 0.129% after 5 minutes
Candle Analysis:
    Body Sizes (%): ['0.122']
    Upper Shadows (%): ['0.126']
    Lower Shadows (%): ['0.097']
Volumes: [np.float64(95166430.0)]
==================================================
2025-05-09 07:50:38,406 - INFO - 
==================================================
EMA Cross Analysis - MOODENG/USDT
Time: 2025-05-09 07:50:00+09:00
Type: dead
Cross Character (Current): Strong
Cross Character (New): Weak
Price at Cross: 0.07181

1. Pre-Cross Pattern (15min):
EMA Distance Changes (%): ['1.196', '0.607', '0.122', '0.150']
EMA12 Changes (%): ['-0.288', '-1.008', '-0.800', '-0.489']
Price Changes (%): ['1.766', '-5.045', '0.425', '1.312']
Candle Analysis:
    Body Sizes (%): ['1.766', '5.096', '0.382', '1.312']
    Upper Shadows (%): ['0.288', '0.188', '1.147', '0.113']
    Lower Shadows (%): ['0.329', '2.098', '0.708', '0.000']
Volumes: [np.float64(26938415.0), np.float64(113645272.0), np.float64(51812002.0), np.float64(7877962.0)]
2025-05-09 07:50:38,406 - INFO - 
2. Post-Cross Movement (30min):
5min Price Changes (%): []
Maximum Change: 0.000% after 0 minutes
Candle Analysis:
    Body Sizes (%): []
    Upper Shadows (%): []
    Lower Shadows (%): []
Volumes: []
==================================================
2025-05-09 07:50:39,062 - INFO - 
==================================================
EMA Cross Analysis - ORDI/USDT
Time: 2025-05-09 07:50:00+09:00
Type: dead
Cross Character (Current): Weak
Cross Character (New): Weak
Price at Cross: 8.093

1. Pre-Cross Pattern (15min):
EMA Distance Changes (%): ['0.038', '0.043', '0.011', '0.021']
EMA12 Changes (%): ['0.015', '0.014', '-0.056', '-0.059']
Price Changes (%): ['0.333', '0.012', '-0.443', '-0.074']
Candle Analysis:
    Body Sizes (%): ['0.321', '0.012', '0.455', '0.086']
    Upper Shadows (%): ['0.049', '0.037', '0.012', '0.012']
    Lower Shadows (%): ['0.000', '0.246', '0.098', '0.037']
Volumes: [np.float64(12840.4), np.float64(14275.5), np.float64(24726.4), np.float64(2349.2)]
2025-05-09 07:50:39,062 - INFO - 
2. Post-Cross Movement (30min):
5min Price Changes (%): []
Maximum Change: 0.000% after 0 minutes
Candle Analysis:
    Body Sizes (%): []
    Upper Shadows (%): []
    Lower Shadows (%): []
Volumes: []
==================================================
2025-05-09 07:50:40,583 - INFO - 
==================================================
EMA Cross Analysis - ZRO/USDT
Time: 2025-05-09 07:50:00+09:00
Type: dead
Cross Character (Current): Weak
Cross Character (New): Weak
Price at Cross: 2.6763

1. Pre-Cross Pattern (15min):
EMA Distance Changes (%): ['0.004', '0.030', '0.008', '0.009']
EMA12 Changes (%): ['0.001', '0.052', '-0.038', '-0.033']
Price Changes (%): ['0.506', '0.336', '-0.535', '-0.004']
Candle Analysis:
    Body Sizes (%): ['0.506', '0.332', '0.546', '0.000']
    Upper Shadows (%): ['0.015', '0.026', '0.048', '0.034']
    Lower Shadows (%): ['0.019', '0.056', '0.078', '0.071']
Volumes: [np.float64(29628.7), np.float64(40775.3), np.float64(32737.8), np.float64(2915.5)]
2025-05-09 07:50:40,584 - INFO - 
2. Post-Cross Movement (30min):
5min Price Changes (%): []
Maximum Change: 0.000% after 0 minutes
Candle Analysis:
    Body Sizes (%): []
    Upper Shadows (%): []
    Lower Shadows (%): []
Volumes: []
==================================================
2025-05-09 07:55:15,360 - INFO - 
==================================================
EMA Cross Analysis - MOODENG/USDT
Time: 2025-05-09 07:50:00+09:00
Type: dead
Cross Character (Current): Strong
Cross Character (New): Strong
Price at Cross: 0.07231

1. Pre-Cross Pattern (15min):
EMA Distance Changes (%): ['1.196', '0.607', '0.122', '0.094']
EMA12 Changes (%): ['-0.288', '-1.008', '-0.800', '-0.386']
Price Changes (%): ['1.766', '-5.045', '0.425', '2.017']
Candle Analysis:
    Body Sizes (%): ['1.766', '5.096', '0.382', '2.017']
    Upper Shadows (%): ['0.288', '0.188', '1.147', '1.227']
    Lower Shadows (%): ['0.329', '2.098', '0.708', '0.000']
Volumes: [np.float64(26938415.0), np.float64(113645272.0), np.float64(51812002.0), np.float64(50413856.0)]
2025-05-09 07:55:15,361 - INFO - 
2. Post-Cross Movement (30min):
5min Price Changes (%): ['-0.124']
Maximum Change: -0.124% after 5 minutes
Candle Analysis:
    Body Sizes (%): ['0.097']
    Upper Shadows (%): ['0.387']
    Lower Shadows (%): ['0.000']
Volumes: [np.float64(846756.0)]
==================================================
2025-05-09 07:55:16,012 - INFO - 
==================================================
EMA Cross Analysis - ORDI/USDT
Time: 2025-05-09 07:50:00+09:00
Type: dead
Cross Character (Current): Weak
Cross Character (New): Weak
Price at Cross: 8.104

1. Pre-Cross Pattern (15min):
EMA Distance Changes (%): ['0.038', '0.043', '0.011', '0.010']
EMA12 Changes (%): ['0.015', '0.014', '-0.056', '-0.038']
Price Changes (%): ['0.333', '0.012', '-0.443', '0.062']
Candle Analysis:
    Body Sizes (%): ['0.321', '0.012', '0.455', '0.049']
    Upper Shadows (%): ['0.049', '0.037', '0.012', '0.160']
    Lower Shadows (%): ['0.000', '0.246', '0.098', '0.123']
Volumes: [np.float64(12840.4), np.float64(14275.5), np.float64(24726.4), np.float64(13947.2)]
2025-05-09 07:55:16,012 - INFO - 
2. Post-Cross Movement (30min):
5min Price Changes (%): ['-0.049']
Maximum Change: -0.049% after 5 minutes
Candle Analysis:
    Body Sizes (%): ['0.074']
    Upper Shadows (%): ['0.025']
    Lower Shadows (%): ['0.000']
Volumes: [np.float64(280.1)]
==================================================
2025-05-09 07:55:17,102 - INFO - 
==================================================
EMA Cross Analysis - GRASS/USDT
Time: 2025-05-09 07:55:00+09:00
Type: golden
Cross Character (Current): Weak
Cross Character (New): Weak
Price at Cross: 1.572

1. Pre-Cross Pattern (15min):
EMA Distance Changes (%): ['0.106', '0.104', '0.019', '0.041']
EMA12 Changes (%): ['0.055', '-0.011', '0.148', '0.115']
Price Changes (%): ['0.147', '-0.371', '1.021', '-0.064']
Candle Analysis:
    Body Sizes (%): ['0.141', '0.365', '1.028', '0.057']
    Upper Shadows (%): ['0.013', '0.038', '0.013', '0.038']
    Lower Shadows (%): ['0.340', '0.192', '0.090', '0.006']
Volumes: [np.float64(16406.3), np.float64(14148.3), np.float64(93380.3), np.float64(1986.7)]
2025-05-09 07:55:17,102 - INFO - 
2. Post-Cross Movement (30min):
5min Price Changes (%): []
Maximum Change: 0.000% after 0 minutes
Candle Analysis:
    Body Sizes (%): []
    Upper Shadows (%): []
    Lower Shadows (%): []
Volumes: []
==================================================
2025-05-09 07:55:17,544 - INFO - 
==================================================
EMA Cross Analysis - ZRO/USDT
Time: 2025-05-09 07:55:00+09:00
Type: dead
Cross Character (Current): Weak
Cross Character (New): Weak
Price at Cross: 2.6787

1. Pre-Cross Pattern (15min):
EMA Distance Changes (%): ['0.030', '0.008', '0.003', '0.007']
EMA12 Changes (%): ['0.052', '-0.038', '-0.010', '-0.018']
Price Changes (%): ['0.336', '-0.535', '0.149', '-0.063']
Candle Analysis:
    Body Sizes (%): ['0.332', '0.546', '0.153', '0.067']
    Upper Shadows (%): ['0.026', '0.048', '0.015', '0.000']
    Lower Shadows (%): ['0.056', '0.078', '0.071', '0.000']
Volumes: [np.float64(40775.3), np.float64(32737.8), np.float64(16440.5), np.float64(1255.7)]
2025-05-09 07:55:17,544 - INFO - 
2. Post-Cross Movement (30min):
5min Price Changes (%): []
Maximum Change: 0.000% after 0 minutes
Candle Analysis:
    Body Sizes (%): []
    Upper Shadows (%): []
    Lower Shadows (%): []
Volumes: []
==================================================
2025-05-09 08:01:02,710 - INFO - 
==================================================
EMA Cross Analysis - GRASS/USDT
Time: 2025-05-09 07:55:00+09:00
Type: golden
Cross Character (Current): Weak
Cross Character (New): Weak
Price at Cross: 1.5726

1. Pre-Cross Pattern (15min):
EMA Distance Changes (%): ['0.106', '0.104', '0.019', '0.044']
EMA12 Changes (%): ['0.055', '-0.011', '0.148', '0.121']
Price Changes (%): ['0.147', '-0.371', '1.021', '-0.025']
Candle Analysis:
    Body Sizes (%): ['0.141', '0.365', '1.028', '0.019']
    Upper Shadows (%): ['0.013', '0.038', '0.013', '0.324']
    Lower Shadows (%): ['0.340', '0.192', '0.090', '0.165']
Volumes: [np.float64(16406.3), np.float64(14148.3), np.float64(93380.3), np.float64(56965.2)]
2025-05-09 08:01:02,710 - INFO - 
2. Post-Cross Movement (30min):
5min Price Changes (%): ['0.064']
Maximum Change: 0.064% after 5 minutes
Candle Analysis:
    Body Sizes (%): ['0.057']
    Upper Shadows (%): ['0.038']
    Lower Shadows (%): ['0.000']
Volumes: [np.float64(2164.4)]
==================================================
2025-05-09 08:01:03,148 - INFO - 
==================================================
EMA Cross Analysis - ZRO/USDT
Time: 2025-05-09 07:55:00+09:00
Type: dead
Cross Character (Current): Weak
Cross Character (New): Weak
Price at Cross: 2.6787

1. Pre-Cross Pattern (15min):
EMA Distance Changes (%): ['0.030', '0.008', '0.003', '0.007']
EMA12 Changes (%): ['0.052', '-0.038', '-0.010', '-0.018']
Price Changes (%): ['0.336', '-0.535', '0.149', '-0.063']
Candle Analysis:
    Body Sizes (%): ['0.332', '0.546', '0.153', '0.067']
    Upper Shadows (%): ['0.026', '0.048', '0.015', '0.019']
    Lower Shadows (%): ['0.056', '0.078', '0.071', '0.145']
Volumes: [np.float64(40775.3), np.float64(32737.8), np.float64(16440.5), np.float64(8351.4)]
2025-05-09 08:01:03,149 - INFO - 
2. Post-Cross Movement (30min):
5min Price Changes (%): ['-0.052']
Maximum Change: -0.052% after 5 minutes
Candle Analysis:
    Body Sizes (%): ['0.071']
    Upper Shadows (%): ['0.052']
    Lower Shadows (%): ['0.019']
Volumes: [np.float64(3981.9)]
==================================================
2025-05-09 08:05:36,368 - INFO - 
==================================================
EMA Cross Analysis - HIPPO/USDT
Time: 2025-05-09 08:05:00+09:00
Type: dead
Cross Character (Current): Strong
Cross Character (New): Strong
Price at Cross: 0.002463

1. Pre-Cross Pattern (15min):
EMA Distance Changes (%): ['0.559', '0.393', '0.148', '0.031']
EMA12 Changes (%): ['-0.217', '-0.239', '-0.416', '-0.317']
Price Changes (%): ['0.644', '-0.360', '-1.404', '0.244']
Candle Analysis:
    Body Sizes (%): ['0.644', '0.360', '1.404', '0.244']
    Upper Shadows (%): ['1.730', '0.280', '0.241', '0.081']
    Lower Shadows (%): ['0.000', '0.360', '0.201', '0.000']
Volumes: [np.float64(53798106.0), np.float64(32379042.0), np.float64(35492312.0), np.float64(5231071.0)]
2025-05-09 08:05:36,368 - INFO - 
2. Post-Cross Movement (30min):
5min Price Changes (%): []
Maximum Change: 0.000% after 0 minutes
Candle Analysis:
    Body Sizes (%): []
    Upper Shadows (%): []
    Lower Shadows (%): []
Volumes: []
==================================================
2025-05-09 08:05:41,634 - INFO - 
==================================================
EMA Cross Analysis - WLD/USDT
Time: 2025-05-09 08:00:00+09:00
Type: dead
Cross Character (Current): Weak
Cross Character (New): Weak
Price at Cross: 1.0443

1. Pre-Cross Pattern (15min):
EMA Distance Changes (%): ['0.047', '0.044', '0.023', '0.020']
EMA12 Changes (%): ['0.025', '0.002', '-0.035', '-0.081']
Price Changes (%): ['-0.284', '-0.124', '-0.238', '-0.334']
Candle Analysis:
    Body Sizes (%): ['0.284', '0.133', '0.229', '0.325']
    Upper Shadows (%): ['0.047', '0.057', '0.000', '0.086']
    Lower Shadows (%): ['0.237', '0.162', '0.190', '0.057']
Volumes: [np.float64(333177.0), np.float64(246957.0), np.float64(291657.0), np.float64(461056.0)]
2025-05-09 08:05:41,635 - INFO - 
2. Post-Cross Movement (30min):
5min Price Changes (%): ['0.172']
Maximum Change: 0.172% after 5 minutes
Candle Analysis:
    Body Sizes (%): ['0.172']
    Upper Shadows (%): ['0.029']
    Lower Shadows (%): ['0.000']
Volumes: [np.float64(52286.0)]
==================================================
2025-05-09 08:05:43,987 - INFO - 
==================================================
EMA Cross Analysis - COW/USDT
Time: 2025-05-09 08:05:00+09:00
Type: dead
Cross Character (Current): Weak
Cross Character (New): Weak
Price at Cross: 0.3196

1. Pre-Cross Pattern (15min):
EMA Distance Changes (%): ['0.105', '0.072', '0.018', '0.020']
EMA12 Changes (%): ['-0.035', '-0.048', '-0.094', '-0.070']
Price Changes (%): ['0.094', '-0.125', '-0.343', '0.063']
Candle Analysis:
    Body Sizes (%): ['0.062', '0.125', '0.312', '0.063']
    Upper Shadows (%): ['0.031', '0.000', '0.094', '0.031']
    Lower Shadows (%): ['0.062', '0.187', '0.031', '0.063']
Volumes: [np.float64(30296.0), np.float64(58387.0), np.float64(106903.0), np.float64(14263.0)]
2025-05-09 08:05:43,987 - INFO - 
2. Post-Cross Movement (30min):
5min Price Changes (%): []
Maximum Change: 0.000% after 0 minutes
Candle Analysis:
    Body Sizes (%): []
    Upper Shadows (%): []
    Lower Shadows (%): []
Volumes: []
==================================================
2025-05-09 08:10:13,310 - INFO - 
==================================================
EMA Cross Analysis - HIPPO/USDT
Time: 2025-05-09 08:05:00+09:00
Type: dead
Cross Character (Current): Strong
Cross Character (New): Strong
Price at Cross: 0.002467

1. Pre-Cross Pattern (15min):
EMA Distance Changes (%): ['0.559', '0.393', '0.148', '0.018']
EMA12 Changes (%): ['-0.217', '-0.239', '-0.416', '-0.292']
Price Changes (%): ['0.644', '-0.360', '-1.404', '0.407']
Candle Analysis:
    Body Sizes (%): ['0.644', '0.360', '1.404', '0.407']
    Upper Shadows (%): ['1.730', '0.280', '0.241', '0.204']
    Lower Shadows (%): ['0.000', '0.360', '0.201', '0.000']
Volumes: [np.float64(53798106.0), np.float64(32379042.0), np.float64(35492312.0), np.float64(27002298.0)]
2025-05-09 08:10:13,310 - INFO - 
2. Post-Cross Movement (30min):
5min Price Changes (%): ['0.122']
Maximum Change: 0.122% after 5 minutes
Candle Analysis:
    Body Sizes (%): ['0.122']
    Upper Shadows (%): ['0.041']
    Lower Shadows (%): ['0.081']
Volumes: [np.float64(446806.0)]
==================================================
2025-05-09 08:10:21,334 - INFO - 
==================================================
EMA Cross Analysis - ONDOUSDT
Time: 2025-05-09 08:10:00+09:00
Type: golden
Cross Character (Current): Weak
Cross Character (New): Weak
Price at Cross: 0.9658

1. Pre-Cross Pattern (15min):
EMA Distance Changes (%): ['0.041', '0.059', '0.019', '0.015']
EMA12 Changes (%): ['-0.010', '-0.039', '0.068', '0.064']
Price Changes (%): ['0.052', '-0.198', '0.657', '0.041']
Candle Analysis:
    Body Sizes (%): ['0.052', '0.198', '0.657', '0.041']
    Upper Shadows (%): ['0.031', '0.104', '0.021', '0.041']
    Lower Shadows (%): ['0.125', '0.000', '0.042', '0.000']
Volumes: [np.float64(190525.6), np.float64(295840.7), np.float64(666716.4), np.float64(73473.0)]
2025-05-09 08:10:21,335 - INFO - 
2. Post-Cross Movement (30min):
5min Price Changes (%): []
Maximum Change: 0.000% after 0 minutes
Candle Analysis:
    Body Sizes (%): []
    Upper Shadows (%): []
    Lower Shadows (%): []
Volumes: []
==================================================
2025-05-09 08:15:58,112 - INFO - 
==================================================
EMA Cross Analysis - ORCA/USDT
Time: 2025-05-09 08:10:00+09:00
Type: golden
Cross Character (Current): Weak
Cross Character (New): Weak
Price at Cross: 2.754

1. Pre-Cross Pattern (15min):
EMA Distance Changes (%): ['0.048', '0.055', '0.031', '0.037']
EMA12 Changes (%): ['-0.038', '-0.021', '0.038', '0.128']
Price Changes (%): ['-0.147', '0.073', '0.367', '0.621']
Candle Analysis:
    Body Sizes (%): ['0.147', '0.037', '0.404', '0.621']
    Upper Shadows (%): ['0.000', '0.073', '0.037', '0.256']
    Lower Shadows (%): ['0.147', '0.147', '0.147', '0.000']
Volumes: [np.float64(8510.5), np.float64(20773.4), np.float64(37206.6), np.float64(95060.7)]
2025-05-09 08:15:58,112 - INFO - 
2. Post-Cross Movement (30min):
5min Price Changes (%): ['-0.036']
Maximum Change: -0.036% after 5 minutes
Candle Analysis:
    Body Sizes (%): ['0.073']
    Upper Shadows (%): ['0.000']
    Lower Shadows (%): ['0.073']
Volumes: [np.float64(2183.2)]
==================================================
2025-05-09 08:16:02,690 - INFO - 
==================================================
EMA Cross Analysis - ZRO/USDT
Time: 2025-05-09 08:10:00+09:00
Type: golden
Cross Character (Current): Weak
Cross Character (New): Weak
Price at Cross: 2.6909

1. Pre-Cross Pattern (15min):
EMA Distance Changes (%): ['0.007', '0.035', '0.019', '0.013']
EMA12 Changes (%): ['-0.018', '-0.055', '0.024', '0.060']
Price Changes (%): ['-0.063', '-0.258', '0.460', '0.253']
Candle Analysis:
    Body Sizes (%): ['0.067', '0.276', '0.460', '0.238']
    Upper Shadows (%): ['0.019', '0.052', '0.026', '0.000']
    Lower Shadows (%): ['0.145', '0.015', '0.030', '0.071']
Volumes: [np.float64(8351.4), np.float64(18933.9), np.float64(21416.0), np.float64(45444.7)]
2025-05-09 08:16:02,690 - INFO - 
2. Post-Cross Movement (30min):
5min Price Changes (%): ['0.011']
Maximum Change: 0.011% after 5 minutes
Candle Analysis:
    Body Sizes (%): ['0.022']
    Upper Shadows (%): ['0.037']
    Lower Shadows (%): ['0.115']
Volumes: [np.float64(14995.8)]
==================================================
2025-05-09 08:16:06,999 - INFO - 
==================================================
EMA Cross Analysis - ONDOUSDT
Time: 2025-05-09 08:10:00+09:00
Type: golden
Cross Character (Current): Weak
Cross Character (New): Weak
Price at Cross: 0.9652

1. Pre-Cross Pattern (15min):
EMA Distance Changes (%): ['0.041', '0.059', '0.019', '0.010']
EMA12 Changes (%): ['-0.010', '-0.039', '0.068', '0.054']
Price Changes (%): ['0.052', '-0.198', '0.657', '-0.021']
Candle Analysis:
    Body Sizes (%): ['0.052', '0.198', '0.657', '0.021']
    Upper Shadows (%): ['0.031', '0.104', '0.021', '0.083']
    Lower Shadows (%): ['0.125', '0.000', '0.042', '0.062']
Volumes: [np.float64(190525.6), np.float64(295840.7), np.float64(666716.4), np.float64(325713.4)]
2025-05-09 08:16:07,000 - INFO - 
2. Post-Cross Movement (30min):
5min Price Changes (%): ['0.010']
Maximum Change: 0.010% after 5 minutes
Candle Analysis:
    Body Sizes (%): ['0.010']
    Upper Shadows (%): ['0.000']
    Lower Shadows (%): ['0.073']
Volumes: [np.float64(44925.9)]
==================================================
2025-05-09 08:20:37,435 - INFO - 
==================================================
EMA Cross Analysis - MOODENG/USDT
Time: 2025-05-09 08:20:00+09:00
Type: golden
Cross Character (Current): Weak
Cross Character (New): Weak
Price at Cross: 0.07597

1. Pre-Cross Pattern (15min):
EMA Distance Changes (%): ['0.361', '0.347', '0.070', '0.165']
EMA12 Changes (%): ['-0.105', '-0.026', '0.479', '0.457']
Price Changes (%): ['1.206', '0.411', '3.260', '0.343']
Candle Analysis:
    Body Sizes (%): ['1.192', '0.452', '3.246', '0.330']
    Upper Shadows (%): ['0.305', '0.740', '1.596', '0.185']
    Lower Shadows (%): ['0.596', '0.877', '0.464', '0.106']
Volumes: [np.float64(21093502.0), np.float64(31009993.0), np.float64(74579955.0), np.float64(4444076.0)]
2025-05-09 08:20:37,435 - INFO - 
2. Post-Cross Movement (30min):
5min Price Changes (%): []
Maximum Change: 0.000% after 0 minutes
Candle Analysis:
    Body Sizes (%): []
    Upper Shadows (%): []
    Lower Shadows (%): []
Volumes: []
==================================================
2025-05-09 08:20:38,089 - INFO - 
==================================================
EMA Cross Analysis - ORDI/USDT
Time: 2025-05-09 08:15:00+09:00
Type: golden
Cross Character (Current): Weak
Cross Character (New): Weak
Price at Cross: 8.154

1. Pre-Cross Pattern (15min):
EMA Distance Changes (%): ['0.074', '0.052', '0.028', '0.011']
EMA12 Changes (%): ['-0.086', '0.031', '0.040', '0.072']
Price Changes (%): ['-0.321', '0.681', '0.086', '0.246']
Candle Analysis:
    Body Sizes (%): ['0.309', '0.694', '0.086', '0.258']
    Upper Shadows (%): ['0.086', '0.025', '0.160', '0.086']
    Lower Shadows (%): ['0.074', '0.124', '0.037', '0.135']
Volumes: [np.float64(16190.9), np.float64(28071.0), np.float64(17596.8), np.float64(12902.0)]
2025-05-09 08:20:38,089 - INFO - 
2. Post-Cross Movement (30min):
5min Price Changes (%): ['0.061']
Maximum Change: 0.061% after 5 minutes
Candle Analysis:
    Body Sizes (%): ['0.061']
    Upper Shadows (%): ['0.025']
    Lower Shadows (%): ['0.000']
Volumes: [np.float64(2171.9)]
==================================================
2025-05-09 08:25:11,863 - INFO - 
==================================================
EMA Cross Analysis - BOME/USDT
Time: 2025-05-09 08:25:00+09:00
Type: golden
Cross Character (Current): Weak
Cross Character (New): Weak
Price at Cross: 0.001624

1. Pre-Cross Pattern (15min):
EMA Distance Changes (%): ['0.128', '0.074', '0.037', '0.003']
EMA12 Changes (%): ['0.032', '0.085', '0.062', '0.071']
Price Changes (%): ['0.372', '0.371', '-0.062', '0.123']
Candle Analysis:
    Body Sizes (%): ['0.372', '0.433', '0.123', '0.062']
    Upper Shadows (%): ['0.124', '0.124', '0.123', '0.000']
    Lower Shadows (%): ['0.000', '0.124', '0.123', '0.000']
Volumes: [np.float64(55515219.0), np.float64(49486635.0), np.float64(50603827.0), np.float64(1263375.0)]
2025-05-09 08:25:11,863 - INFO - 
2. Post-Cross Movement (30min):
5min Price Changes (%): []
Maximum Change: 0.000% after 0 minutes
Candle Analysis:
    Body Sizes (%): []
    Upper Shadows (%): []
    Lower Shadows (%): []
Volumes: []
==================================================
2025-05-09 08:25:14,476 - INFO - 
==================================================
EMA Cross Analysis - MOODENG/USDT
Time: 2025-05-09 08:20:00+09:00
Type: golden
Cross Character (Current): Weak
Cross Character (New): Strong
Price at Cross: 0.0748

1. Pre-Cross Pattern (15min):
EMA Distance Changes (%): ['0.361', '0.347', '0.070', '0.043']
EMA12 Changes (%): ['-0.105', '-0.026', '0.479', '0.213']
Price Changes (%): ['1.206', '0.411', '3.260', '-1.202']
Candle Analysis:
    Body Sizes (%): ['1.192', '0.452', '3.246', '1.215']
    Upper Shadows (%): ['0.305', '0.740', '1.596', '0.674']
    Lower Shadows (%): ['0.596', '0.877', '0.464', '0.687']
Volumes: [np.float64(21093502.0), np.float64(31009993.0), np.float64(74579955.0), np.float64(47715440.0)]
2025-05-09 08:25:14,477 - INFO - 
2. Post-Cross Movement (30min):
5min Price Changes (%): ['-0.575']
Maximum Change: -0.575% after 5 minutes
Candle Analysis:
    Body Sizes (%): ['0.575']
    Upper Shadows (%): ['0.040']
    Lower Shadows (%): ['0.374']
Volumes: [np.float64(1775075.0)]
==================================================
2025-05-09 08:30:57,368 - INFO - 
==================================================
EMA Cross Analysis - BOME/USDT
Time: 2025-05-09 08:30:00+09:00
Type: golden
Cross Character (Current): Weak
Cross Character (New): Weak
Price at Cross: 0.001624

1. Pre-Cross Pattern (15min):
EMA Distance Changes (%): ['0.074', '0.037', '0.002', '0.030']
EMA12 Changes (%): ['0.085', '0.062', '0.062', '0.062']
Price Changes (%): ['0.371', '-0.062', '0.062', '0.062']
Candle Analysis:
    Body Sizes (%): ['0.433', '0.123', '0.000', '0.062']
    Upper Shadows (%): ['0.124', '0.123', '0.246', '0.062']
    Lower Shadows (%): ['0.124', '0.123', '0.123', '0.062']
Volumes: [np.float64(49486635.0), np.float64(50603827.0), np.float64(63248377.0), np.float64(9095825.0)]
2025-05-09 08:30:57,368 - INFO - 
2. Post-Cross Movement (30min):
5min Price Changes (%): []
Maximum Change: 0.000% after 0 minutes
Candle Analysis:
    Body Sizes (%): []
    Upper Shadows (%): []
    Lower Shadows (%): []
Volumes: []
==================================================
2025-05-09 08:30:59,979 - INFO - 
==================================================
EMA Cross Analysis - MOODENG/USDT
Time: 2025-05-09 08:30:00+09:00
Type: golden
Cross Character (Current): Weak
Cross Character (New): Weak
Price at Cross: 0.07421

1. Pre-Cross Pattern (15min):
EMA Distance Changes (%): ['0.070', '0.043', '0.034', '0.010']
EMA12 Changes (%): ['0.479', '0.213', '-0.142', '0.079']
Price Changes (%): ['3.260', '-1.202', '-2.072', '1.311']
Candle Analysis:
    Body Sizes (%): ['3.246', '1.215', '2.072', '1.269']
    Upper Shadows (%): ['1.596', '0.674', '0.040', '0.273']
    Lower Shadows (%): ['0.464', '0.687', '1.003', '0.000']
Volumes: [np.float64(74579955.0), np.float64(47715440.0), np.float64(44389909.0), np.float64(7476066.0)]
2025-05-09 08:30:59,980 - INFO - 
2. Post-Cross Movement (30min):
5min Price Changes (%): []
Maximum Change: 0.000% after 0 minutes
Candle Analysis:
    Body Sizes (%): []
    Upper Shadows (%): []
    Lower Shadows (%): []
Volumes: []
==================================================
2025-05-09 08:35:34,765 - INFO - 
==================================================
EMA Cross Analysis - BOME/USDT
Time: 2025-05-09 08:30:00+09:00
Type: golden
Cross Character (Current): Weak
Cross Character (New): Weak
Price at Cross: 0.001626

1. Pre-Cross Pattern (15min):
EMA Distance Changes (%): ['0.074', '0.037', '0.002', '0.040']
EMA12 Changes (%): ['0.085', '0.062', '0.062', '0.081']
Price Changes (%): ['0.371', '-0.062', '0.062', '0.185']
Candle Analysis:
    Body Sizes (%): ['0.433', '0.123', '0.000', '0.185']
    Upper Shadows (%): ['0.124', '0.123', '0.246', '0.185']
    Lower Shadows (%): ['0.124', '0.123', '0.123', '0.062']
Volumes: [np.float64(49486635.0), np.float64(50603827.0), np.float64(63248377.0), np.float64(36833577.0)]
2025-05-09 08:35:34,765 - INFO - 
2. Post-Cross Movement (30min):
5min Price Changes (%): ['0.062']
Maximum Change: 0.062% after 5 minutes
Candle Analysis:
    Body Sizes (%): ['0.000']
    Upper Shadows (%): ['0.061']
    Lower Shadows (%): ['0.000']
Volumes: [np.float64(1624347.0)]
==================================================
2025-05-09 08:35:36,508 - INFO - 
==================================================
EMA Cross Analysis - 1000PEPE/USDT
Time: 2025-05-09 08:35:00+09:00
Type: golden
Cross Character (Current): Weak
Cross Character (New): Weak
Price at Cross: 0.0111306

1. Pre-Cross Pattern (15min):
EMA Distance Changes (%): ['0.088', '0.080', '0.009', '0.048']
EMA12 Changes (%): ['-0.036', '0.003', '0.126', '0.108']
Price Changes (%): ['-0.368', '0.217', '0.802', '0.011']
Candle Analysis:
    Body Sizes (%): ['0.361', '0.217', '0.802', '0.014']
    Upper Shadows (%): ['0.332', '0.142', '0.141', '0.055']
    Lower Shadows (%): ['0.153', '0.161', '0.049', '0.153']
Volumes: [np.float64(484869469.0), np.float64(422763189.0), np.float64(645596264.0), np.float64(67933213.0)]
2025-05-09 08:35:36,508 - INFO - 
2. Post-Cross Movement (30min):
5min Price Changes (%): []
Maximum Change: 0.000% after 0 minutes
Candle Analysis:
    Body Sizes (%): []
    Upper Shadows (%): []
    Lower Shadows (%): []
Volumes: []
==================================================
2025-05-09 08:35:37,376 - INFO - 
==================================================
EMA Cross Analysis - MOODENG/USDT
Time: 2025-05-09 08:30:00+09:00
Type: golden
Cross Character (Current): Weak
Cross Character (New): Weak
Price at Cross: 0.07494

1. Pre-Cross Pattern (15min):
EMA Distance Changes (%): ['0.070', '0.043', '0.034', '0.088']
EMA12 Changes (%): ['0.479', '0.213', '-0.142', '0.232']
Price Changes (%): ['3.260', '-1.202', '-2.072', '2.307']
Candle Analysis:
    Body Sizes (%): ['3.246', '1.215', '2.072', '2.265']
    Upper Shadows (%): ['1.596', '0.674', '0.040', '1.501']
    Lower Shadows (%): ['0.464', '0.687', '1.003', '0.000']
Volumes: [np.float64(74579955.0), np.float64(47715440.0), np.float64(44389909.0), np.float64(35143749.0)]
2025-05-09 08:35:37,376 - INFO - 
2. Post-Cross Movement (30min):
5min Price Changes (%): ['0.400']
Maximum Change: 0.400% after 5 minutes
Candle Analysis:
    Body Sizes (%): ['0.454']
    Upper Shadows (%): ['0.187']
    Lower Shadows (%): ['0.093']
Volumes: [np.float64(2384001.0)]
==================================================
2025-05-09 08:40:13,439 - INFO - 
==================================================
EMA Cross Analysis - 1000PEPE/USDT
Time: 2025-05-09 08:35:00+09:00
Type: golden
Cross Character (Current): Weak
Cross Character (New): Weak
Price at Cross: 0.0110869

1. Pre-Cross Pattern (15min):
EMA Distance Changes (%): ['0.088', '0.080', '0.009', '0.016']
EMA12 Changes (%): ['-0.036', '0.003', '0.126', '0.047']
Price Changes (%): ['-0.368', '0.217', '0.802', '-0.382']
Candle Analysis:
    Body Sizes (%): ['0.361', '0.217', '0.802', '0.378']
    Upper Shadows (%): ['0.332', '0.142', '0.141', '0.137']
    Lower Shadows (%): ['0.153', '0.161', '0.049', '0.285']
Volumes: [np.float64(484869469.0), np.float64(422763189.0), np.float64(645596264.0), np.float64(561681993.0)]
2025-05-09 08:40:13,439 - INFO - 
2. Post-Cross Movement (30min):
5min Price Changes (%): ['-0.026']
Maximum Change: -0.026% after 5 minutes
Candle Analysis:
    Body Sizes (%): ['0.025']
    Upper Shadows (%): ['0.060']
    Lower Shadows (%): ['0.013']
Volumes: [np.float64(20764252.0)]
==================================================
2025-05-09 08:45:56,530 - INFO - 
==================================================
EMA Cross Analysis - TIA/USDT
Time: 2025-05-09 08:45:00+09:00
Type: golden
Cross Character (Current): Weak
Cross Character (New): Weak
Price at Cross: 2.735

1. Pre-Cross Pattern (15min):
EMA Distance Changes (%): ['0.058', '0.037', '0.020', '0.003']
EMA12 Changes (%): ['0.032', '0.032', '0.027', '0.042']
Price Changes (%): ['0.128', '0.029', '0.004', '0.121']
Candle Analysis:
    Body Sizes (%): ['0.132', '0.018', '0.007', '0.121']
    Upper Shadows (%): ['0.253', '0.289', '0.176', '0.015']
    Lower Shadows (%): ['0.040', '0.103', '0.044', '0.000']
Volumes: [np.float64(187621.0), np.float64(218757.0), np.float64(181668.0), np.float64(17069.0)]
2025-05-09 08:45:56,530 - INFO - 
2. Post-Cross Movement (30min):
5min Price Changes (%): []
Maximum Change: 0.000% after 0 minutes
Candle Analysis:
    Body Sizes (%): []
    Upper Shadows (%): []
    Lower Shadows (%): []
Volumes: []
==================================================
2025-05-09 08:46:03,723 - INFO - 
==================================================
EMA Cross Analysis - RENDER/USDT
Time: 2025-05-09 08:45:00+09:00
Type: golden
Cross Character (Current): Weak
Cross Character (New): Weak
Price at Cross: 4.712

1. Pre-Cross Pattern (15min):
EMA Distance Changes (%): ['0.107', '0.065', '0.005', '0.059']
EMA12 Changes (%): ['0.037', '0.065', '0.107', '0.124']
Price Changes (%): ['0.214', '0.214', '0.341', '0.213']
Candle Analysis:
    Body Sizes (%): ['0.193', '0.214', '0.320', '0.213']
    Upper Shadows (%): ['0.086', '0.171', '0.064', '0.021']
    Lower Shadows (%): ['0.086', '0.000', '0.107', '0.021']
Volumes: [np.float64(28114.9), np.float64(23240.4), np.float64(27153.3), np.float64(4070.6)]
2025-05-09 08:46:03,723 - INFO - 
2. Post-Cross Movement (30min):
5min Price Changes (%): []
Maximum Change: 0.000% after 0 minutes
Candle Analysis:
    Body Sizes (%): []
    Upper Shadows (%): []
    Lower Shadows (%): []
Volumes: []
==================================================
2025-05-09 08:46:03,940 - INFO - 
==================================================
EMA Cross Analysis - PENGU/USDT
Time: 2025-05-09 08:45:00+09:00
Type: golden
Cross Character (Current): Strong
Cross Character (New): Weak
Price at Cross: 0.013997

1. Pre-Cross Pattern (15min):
EMA Distance Changes (%): ['0.234', '0.163', '0.016', '0.076']
EMA12 Changes (%): ['0.039', '0.103', '0.261', '0.177']
Price Changes (%): ['0.334', '0.456', '1.124', '-0.278']
Candle Analysis:
    Body Sizes (%): ['0.341', '0.463', '1.102', '0.271']
    Upper Shadows (%): ['0.196', '0.087', '0.151', '0.029']
    Lower Shadows (%): ['0.196', '0.072', '0.151', '0.029']
Volumes: [np.float64(34636018.0), np.float64(28676603.0), np.float64(69887598.0), np.float64(10843623.0)]
2025-05-09 08:46:03,940 - INFO - 
2. Post-Cross Movement (30min):
5min Price Changes (%): []
Maximum Change: 0.000% after 0 minutes
Candle Analysis:
    Body Sizes (%): []
    Upper Shadows (%): []
    Lower Shadows (%): []
Volumes: []
==================================================
2025-05-09 08:46:05,414 - INFO - 
==================================================
EMA Cross Analysis - GOAT/USDT
Time: 2025-05-09 08:45:00+09:00
Type: golden
Cross Character (Current): Strong
Cross Character (New): Weak
Price at Cross: 0.09039

1. Pre-Cross Pattern (15min):
EMA Distance Changes (%): ['0.287', '0.195', '0.056', '0.057']
EMA12 Changes (%): ['0.151', '0.138', '0.241', '0.214']
Price Changes (%): ['0.970', '0.067', '0.803', '0.066']
Candle Analysis:
    Body Sizes (%): ['0.913', '0.078', '0.747', '0.066']
    Upper Shadows (%): ['0.338', '0.469', '0.312', '0.000']
    Lower Shadows (%): ['0.000', '0.000', '0.033', '0.232']
Volumes: [np.float64(969011.0), np.float64(734061.0), np.float64(1225780.0), np.float64(423454.0)]
2025-05-09 08:46:05,414 - INFO - 
2. Post-Cross Movement (30min):
5min Price Changes (%): []
Maximum Change: 0.000% after 0 minutes
Candle Analysis:
    Body Sizes (%): []
    Upper Shadows (%): []
    Lower Shadows (%): []
Volumes: []
==================================================
2025-05-09 08:50:33,449 - INFO - 
==================================================
EMA Cross Analysis - TIA/USDT
Time: 2025-05-09 08:50:00+09:00
Type: golden
Cross Character (Current): Weak
Cross Character (New): Weak
Price at Cross: 2.7362

1. Pre-Cross Pattern (15min):
EMA Distance Changes (%): ['0.037', '0.020', '0.004', '0.019']
EMA12 Changes (%): ['0.032', '0.027', '0.028', '0.044']
Price Changes (%): ['0.029', '0.004', '0.033', '0.132']
Candle Analysis:
    Body Sizes (%): ['0.018', '0.007', '0.033', '0.132']
    Upper Shadows (%): ['0.289', '0.176', '0.498', '0.000']
    Lower Shadows (%): ['0.103', '0.044', '0.000', '0.000']
Volumes: [np.float64(218757.0), np.float64(181668.0), np.float64(247384.0), np.float64(14798.0)]
2025-05-09 08:50:33,449 - INFO - 
2. Post-Cross Movement (30min):
5min Price Changes (%): []
Maximum Change: 0.000% after 0 minutes
Candle Analysis:
    Body Sizes (%): []
    Upper Shadows (%): []
    Lower Shadows (%): []
Volumes: []
==================================================
2025-05-09 08:50:40,640 - INFO - 
==================================================
EMA Cross Analysis - RENDER/USDT
Time: 2025-05-09 08:45:00+09:00
Type: golden
Cross Character (Current): Weak
Cross Character (New): Weak
Price at Cross: 4.691

1. Pre-Cross Pattern (15min):
EMA Distance Changes (%): ['0.107', '0.065', '0.005', '0.023']
EMA12 Changes (%): ['0.037', '0.065', '0.107', '0.055']
Price Changes (%): ['0.214', '0.214', '0.341', '-0.234']
Candle Analysis:
    Body Sizes (%): ['0.193', '0.214', '0.320', '0.234']
    Upper Shadows (%): ['0.086', '0.171', '0.064', '0.362']
    Lower Shadows (%): ['0.086', '0.000', '0.107', '0.000']
Volumes: [np.float64(28114.9), np.float64(23240.4), np.float64(27153.3), np.float64(34510.3)]
2025-05-09 08:50:40,640 - INFO - 
2. Post-Cross Movement (30min):
5min Price Changes (%): ['-0.021']
Maximum Change: -0.021% after 5 minutes
Candle Analysis:
    Body Sizes (%): ['0.043']
    Upper Shadows (%): ['0.021']
    Lower Shadows (%): ['0.000']
Volumes: [np.float64(2555.4)]
==================================================
2025-05-09 08:50:40,857 - INFO - 
==================================================
EMA Cross Analysis - PENGU/USDT
Time: 2025-05-09 08:45:00+09:00
Type: golden
Cross Character (Current): Strong
Cross Character (New): Weak
Price at Cross: 0.014067

1. Pre-Cross Pattern (15min):
EMA Distance Changes (%): ['0.234', '0.163', '0.016', '0.115']
EMA12 Changes (%): ['0.039', '0.103', '0.261', '0.255']
Price Changes (%): ['0.334', '0.456', '1.124', '0.221']
Candle Analysis:
    Body Sizes (%): ['0.341', '0.463', '1.102', '0.228']
    Upper Shadows (%): ['0.196', '0.087', '0.151', '0.556']
    Lower Shadows (%): ['0.196', '0.072', '0.151', '0.720']
Volumes: [np.float64(34636018.0), np.float64(28676603.0), np.float64(69887598.0), np.float64(89511475.0)]
2025-05-09 08:50:40,858 - INFO - 
2. Post-Cross Movement (30min):
5min Price Changes (%): ['0.107']
Maximum Change: 0.107% after 5 minutes
Candle Analysis:
    Body Sizes (%): ['0.100']
    Upper Shadows (%): ['0.021']
    Lower Shadows (%): ['0.092']
Volumes: [np.float64(7860846.0)]
==================================================
2025-05-09 08:50:42,336 - INFO - 
==================================================
EMA Cross Analysis - GOAT/USDT
Time: 2025-05-09 08:45:00+09:00
Type: golden
Cross Character (Current): Strong
Cross Character (New): Weak
Price at Cross: 0.09099

1. Pre-Cross Pattern (15min):
EMA Distance Changes (%): ['0.287', '0.195', '0.056', '0.109']
EMA12 Changes (%): ['0.151', '0.138', '0.241', '0.317']
Price Changes (%): ['0.970', '0.067', '0.803', '0.731']
Candle Analysis:
    Body Sizes (%): ['0.913', '0.078', '0.747', '0.731']
    Upper Shadows (%): ['0.338', '0.469', '0.312', '0.310']
    Lower Shadows (%): ['0.000', '0.000', '0.033', '0.232']
Volumes: [np.float64(969011.0), np.float64(734061.0), np.float64(1225780.0), np.float64(2532027.0)]
2025-05-09 08:50:42,336 - INFO - 
2. Post-Cross Movement (30min):
5min Price Changes (%): ['-0.330']
Maximum Change: -0.330% after 5 minutes
Candle Analysis:
    Body Sizes (%): ['0.330']
    Upper Shadows (%): ['0.033']
    Lower Shadows (%): ['0.044']
Volumes: [np.float64(195873.0)]
==================================================
2025-05-09 08:55:10,381 - INFO - 
==================================================
EMA Cross Analysis - TIA/USDT
Time: 2025-05-09 08:50:00+09:00
Type: golden
Cross Character (Current): Weak
Cross Character (New): Weak
Price at Cross: 2.7365

1. Pre-Cross Pattern (15min):
EMA Distance Changes (%): ['0.037', '0.020', '0.004', '0.020']
EMA12 Changes (%): ['0.032', '0.027', '0.028', '0.046']
Price Changes (%): ['0.029', '0.004', '0.033', '0.143']
Candle Analysis:
    Body Sizes (%): ['0.018', '0.007', '0.033', '0.143']
    Upper Shadows (%): ['0.289', '0.176', '0.498', '0.077']
    Lower Shadows (%): ['0.103', '0.044', '0.000', '0.015']
Volumes: [np.float64(218757.0), np.float64(181668.0), np.float64(247384.0), np.float64(114934.0)]
2025-05-09 08:55:10,381 - INFO - 
2. Post-Cross Movement (30min):
5min Price Changes (%): ['0.011']
Maximum Change: 0.011% after 5 minutes
Candle Analysis:
    Body Sizes (%): ['0.007']
    Upper Shadows (%): ['0.026']
    Lower Shadows (%): ['0.000']
Volumes: [np.float64(2451.0)]
==================================================
2025-05-09 08:55:14,085 - INFO - 
==================================================
EMA Cross Analysis - PHA/USDT
Time: 2025-05-09 08:55:00+09:00
Type: golden
Cross Character (Current): Weak
Cross Character (New): Weak
Price at Cross: 0.12806

1. Pre-Cross Pattern (15min):
EMA Distance Changes (%): ['0.053', '0.031', '0.015', '0.002']
EMA12 Changes (%): ['0.049', '0.034', '0.026', '0.031']
Price Changes (%): ['0.133', '-0.047', '-0.016', '0.055']
Candle Analysis:
    Body Sizes (%): ['0.133', '0.023', '0.031', '0.039']
    Upper Shadows (%): ['0.195', '0.375', '0.016', '0.000']
    Lower Shadows (%): ['0.000', '0.000', '0.187', '0.008']
Volumes: [np.float64(41384.0), np.float64(35609.0), np.float64(74460.0), np.float64(392.0)]
2025-05-09 08:55:14,085 - INFO - 
2. Post-Cross Movement (30min):
5min Price Changes (%): []
Maximum Change: 0.000% after 0 minutes
Candle Analysis:
    Body Sizes (%): []
    Upper Shadows (%): []
    Lower Shadows (%): []
Volumes: []
==================================================
2025-05-09 08:55:21,182 - INFO - 
==================================================
EMA Cross Analysis - MELANIA/USDT
Time: 2025-05-09 08:55:00+09:00
Type: golden
Cross Character (Current): Weak
Cross Character (New): Weak
Price at Cross: 0.3427

1. Pre-Cross Pattern (15min):
EMA Distance Changes (%): ['0.076', '0.034', '0.000', '0.038']
EMA12 Changes (%): ['0.148', '0.071', '0.060', '0.073']
Price Changes (%): ['0.380', '-0.349', '0.000', '0.146']
Candle Analysis:
    Body Sizes (%): ['0.380', '0.320', '0.029', '0.117']
    Upper Shadows (%): ['0.000', '0.117', '0.117', '0.029']
    Lower Shadows (%): ['0.000', '0.000', '0.204', '0.029']
Volumes: [np.float64(250537.91), np.float64(232041.96), np.float64(272321.8), np.float64(14514.36)]
2025-05-09 08:55:21,182 - INFO - 
2. Post-Cross Movement (30min):
5min Price Changes (%): []
Maximum Change: 0.000% after 0 minutes
Candle Analysis:
    Body Sizes (%): []
    Upper Shadows (%): []
    Lower Shadows (%): []
Volumes: []
==================================================
2025-05-09 09:00:59,626 - INFO - 
==================================================
EMA Cross Analysis - PHA/USDT
Time: 2025-05-09 08:55:00+09:00
Type: golden
Cross Character (Current): Weak
Cross Character (New): Weak
Price at Cross: 0.1287

1. Pre-Cross Pattern (15min):
EMA Distance Changes (%): ['0.053', '0.031', '0.015', '0.041']
EMA12 Changes (%): ['0.049', '0.034', '0.026', '0.108']
Price Changes (%): ['0.133', '-0.047', '-0.016', '0.555']
Candle Analysis:
    Body Sizes (%): ['0.133', '0.023', '0.031', '0.539']
    Upper Shadows (%): ['0.195', '0.375', '0.016', '0.109']
    Lower Shadows (%): ['0.000', '0.000', '0.187', '0.008']
Volumes: [np.float64(41384.0), np.float64(35609.0), np.float64(74460.0), np.float64(98451.0)]
2025-05-09 09:00:59,626 - INFO - 
2. Post-Cross Movement (30min):
5min Price Changes (%): ['0.132']
Maximum Change: 0.132% after 5 minutes
Candle Analysis:
    Body Sizes (%): ['0.148']
    Upper Shadows (%): ['0.039']
    Lower Shadows (%): ['0.039']
Volumes: [np.float64(22310.0)]
==================================================
2025-05-09 09:01:06,117 - INFO - 
==================================================
EMA Cross Analysis - BRETT/USDT
Time: 2025-05-09 09:00:00+09:00
Type: golden
Cross Character (Current): Weak
Cross Character (New): Weak
Price at Cross: 0.07407

1. Pre-Cross Pattern (15min):
EMA Distance Changes (%): ['0.095', '0.054', '0.008', '0.028']
EMA12 Changes (%): ['0.210', '0.067', '0.082', '0.069']
Price Changes (%): ['-0.281', '-0.712', '0.162', '0.000']
Candle Analysis:
    Body Sizes (%): ['0.241', '0.685', '0.162', '0.013']
    Upper Shadows (%): ['0.455', '0.013', '0.122', '0.283']
    Lower Shadows (%): ['0.201', '0.269', '0.216', '0.081']
Volumes: [np.float64(2986072.0), np.float64(1865973.0), np.float64(1008071.0), np.float64(476874.0)]
2025-05-09 09:01:06,118 - INFO - 
2. Post-Cross Movement (30min):
5min Price Changes (%): []
Maximum Change: 0.000% after 0 minutes
Candle Analysis:
    Body Sizes (%): []
    Upper Shadows (%): []
    Lower Shadows (%): []
Volumes: []
==================================================
2025-05-09 09:01:06,724 - INFO - 
==================================================
EMA Cross Analysis - MELANIA/USDT
Time: 2025-05-09 08:55:00+09:00
Type: golden
Cross Character (Current): Weak
Cross Character (New): Weak
Price at Cross: 0.3432

1. Pre-Cross Pattern (15min):
EMA Distance Changes (%): ['0.076', '0.034', '0.000', '0.049']
EMA12 Changes (%): ['0.148', '0.071', '0.060', '0.096']
Price Changes (%): ['0.380', '-0.349', '0.000', '0.292']
Candle Analysis:
    Body Sizes (%): ['0.380', '0.320', '0.029', '0.263']
    Upper Shadows (%): ['0.000', '0.117', '0.117', '0.117']
    Lower Shadows (%): ['0.000', '0.000', '0.204', '0.029']
Volumes: [np.float64(250537.91), np.float64(232041.96), np.float64(272321.8), np.float64(173520.68)]
2025-05-09 09:01:06,724 - INFO - 
2. Post-Cross Movement (30min):
5min Price Changes (%): ['-0.204']
Maximum Change: -0.204% after 5 minutes
Candle Analysis:
    Body Sizes (%): ['0.204']
    Upper Shadows (%): ['0.029']
    Lower Shadows (%): ['0.058']
Volumes: [np.float64(35596.98)]
==================================================
2025-05-09 09:05:34,516 - INFO - 
==================================================
EMA Cross Analysis - HIPPO/USDT
Time: 2025-05-09 09:00:00+09:00
Type: golden
Cross Character (Current): Weak
Cross Character (New): Weak
Price at Cross: 0.002529

1. Pre-Cross Pattern (15min):
EMA Distance Changes (%): ['0.178', '0.153', '0.103', '0.010']
EMA12 Changes (%): ['-0.055', '0.021', '0.073', '0.204']
Price Changes (%): ['-0.480', '0.442', '0.360', '0.918']
Candle Analysis:
    Body Sizes (%): ['0.520', '0.442', '0.360', '0.878']
    Upper Shadows (%): ['0.160', '0.201', '0.200', '0.319']
    Lower Shadows (%): ['0.280', '0.000', '0.200', '0.319']
Volumes: [np.float64(10243209.0), np.float64(7331005.0), np.float64(24984518.0), np.float64(31827537.0)]
2025-05-09 09:05:34,517 - INFO - 
2. Post-Cross Movement (30min):
5min Price Changes (%): ['-0.079']
Maximum Change: -0.079% after 5 minutes
Candle Analysis:
    Body Sizes (%): ['0.079']
    Upper Shadows (%): ['0.198']
    Lower Shadows (%): ['0.000']
Volumes: [np.float64(1052778.0)]
==================================================
2025-05-09 09:05:42,964 - INFO - 
==================================================
EMA Cross Analysis - BRETT/USDT
Time: 2025-05-09 09:00:00+09:00
Type: golden
Cross Character (Current): Weak
Cross Character (New): Weak
Price at Cross: 0.07416

1. Pre-Cross Pattern (15min):
EMA Distance Changes (%): ['0.095', '0.054', '0.008', '0.038']
EMA12 Changes (%): ['0.210', '0.067', '0.082', '0.088']
Price Changes (%): ['-0.281', '-0.712', '0.162', '0.122']
Candle Analysis:
    Body Sizes (%): ['0.241', '0.685', '0.162', '0.108']
    Upper Shadows (%): ['0.455', '0.013', '0.122', '0.175']
    Lower Shadows (%): ['0.201', '0.269', '0.216', '0.648']
Volumes: [np.float64(2986072.0), np.float64(1865973.0), np.float64(1008071.0), np.float64(2520785.0)]
2025-05-09 09:05:42,964 - INFO - 
2. Post-Cross Movement (30min):
5min Price Changes (%): ['-0.499']
Maximum Change: -0.499% after 5 minutes
Candle Analysis:
    Body Sizes (%): ['0.499']
    Upper Shadows (%): ['0.094']
    Lower Shadows (%): ['0.027']
Volumes: [np.float64(296563.0)]
==================================================
2025-05-09 09:10:11,949 - INFO - 
==================================================
EMA Cross Analysis - 1000PEPE/USDT
Time: 2025-05-09 09:10:00+09:00
Type: dead
Cross Character (Current): Weak
Cross Character (New): Weak
Price at Cross: 0.0109954

1. Pre-Cross Pattern (15min):
EMA Distance Changes (%): ['0.129', '0.120', '0.039', '0.019']
EMA12 Changes (%): ['0.057', '-0.001', '-0.138', '-0.105']
Price Changes (%): ['-0.093', '-0.319', '-0.889', '0.075']
Candle Analysis:
    Body Sizes (%): ['0.103', '0.317', '0.892', '0.074']
    Upper Shadows (%): ['0.416', '0.031', '0.315', '0.024']
    Lower Shadows (%): ['0.140', '0.442', '0.318', '0.095']
Volumes: [np.float64(405182674.0), np.float64(477725413.0), np.float64(651300972.0), np.float64(20490838.0)]
2025-05-09 09:10:11,949 - INFO - 
2. Post-Cross Movement (30min):
5min Price Changes (%): []
Maximum Change: 0.000% after 0 minutes
Candle Analysis:
    Body Sizes (%): []
    Upper Shadows (%): []
    Lower Shadows (%): []
Volumes: []
==================================================
2025-05-09 09:10:18,245 - INFO - 
==================================================
EMA Cross Analysis - MOVE/USDT
Time: 2025-05-09 09:10:00+09:00
Type: dead
Cross Character (Current): Weak
Cross Character (New): Weak
Price at Cross: 0.1673

1. Pre-Cross Pattern (15min):
EMA Distance Changes (%): ['0.230', '0.122', '0.010', '0.068']
EMA12 Changes (%): ['-0.007', '-0.178', '-0.196', '-0.148']
Price Changes (%): ['0.000', '-1.121', '-0.298', '0.120']
Candle Analysis:
    Body Sizes (%): ['0.000', '1.121', '0.298', '0.120']
    Upper Shadows (%): ['0.118', '0.177', '0.179', '0.000']
    Lower Shadows (%): ['0.177', '0.000', '0.776', '0.000']
Volumes: [np.float64(1680302.0), np.float64(5888084.0), np.float64(9688989.0), np.float64(51289.0)]
2025-05-09 09:10:18,245 - INFO - 
2. Post-Cross Movement (30min):
5min Price Changes (%): []
Maximum Change: 0.000% after 0 minutes
Candle Analysis:
    Body Sizes (%): []
    Upper Shadows (%): []
    Lower Shadows (%): []
Volumes: []
==================================================
2025-05-09 09:15:54,956 - INFO - 
==================================================
EMA Cross Analysis - TIA/USDT
Time: 2025-05-09 09:10:00+09:00
Type: dead
Cross Character (Current): Weak
Cross Character (New): Weak
Price at Cross: 2.7077

1. Pre-Cross Pattern (15min):
EMA Distance Changes (%): ['0.050', '0.083', '0.036', '0.036']
EMA12 Changes (%): ['0.062', '0.070', '-0.080', '-0.131']
Price Changes (%): ['0.150', '0.113', '-0.900', '-0.416']
Candle Analysis:
    Body Sizes (%): ['0.146', '0.120', '0.904', '0.419']
    Upper Shadows (%): ['0.172', '0.343', '0.087', '0.077']
    Lower Shadows (%): ['0.029', '0.339', '0.208', '0.191']
Volumes: [np.float64(158094.0), np.float64(811815.0), np.float64(402596.0), np.float64(460666.0)]
2025-05-09 09:15:54,957 - INFO - 
2. Post-Cross Movement (30min):
5min Price Changes (%): ['-0.048']
Maximum Change: -0.048% after 5 minutes
Candle Analysis:
    Body Sizes (%): ['0.063']
    Upper Shadows (%): ['0.107']
    Lower Shadows (%): ['0.063']
Volumes: [np.float64(42676.0)]
==================================================
2025-05-09 09:15:57,356 - INFO - 
==================================================
EMA Cross Analysis - 1000PEPE/USDT
Time: 2025-05-09 09:10:00+09:00
Type: dead
Cross Character (Current): Weak
Cross Character (New): Weak
Price at Cross: 0.0109482

1. Pre-Cross Pattern (15min):
EMA Distance Changes (%): ['0.129', '0.120', '0.039', '0.053']
EMA12 Changes (%): ['0.057', '-0.001', '-0.138', '-0.171']
Price Changes (%): ['-0.093', '-0.319', '-0.889', '-0.355']
Candle Analysis:
    Body Sizes (%): ['0.103', '0.317', '0.892', '0.356']
    Upper Shadows (%): ['0.416', '0.031', '0.315', '0.205']
    Lower Shadows (%): ['0.140', '0.442', '0.318', '0.293']
Volumes: [np.float64(405182674.0), np.float64(477725413.0), np.float64(651300972.0), np.float64(574079701.0)]
2025-05-09 09:15:57,356 - INFO - 
2. Post-Cross Movement (30min):
5min Price Changes (%): ['0.126']
Maximum Change: 0.126% after 5 minutes
Candle Analysis:
    Body Sizes (%): ['0.125']
    Upper Shadows (%): ['0.026']
    Lower Shadows (%): ['0.152']
Volumes: [np.float64(67278033.0)]
==================================================
2025-05-09 09:16:03,629 - INFO - 
==================================================
EMA Cross Analysis - MOVE/USDT
Time: 2025-05-09 09:10:00+09:00
Type: dead
Cross Character (Current): Weak
Cross Character (New): Weak
Price at Cross: 0.1679

1. Pre-Cross Pattern (15min):
EMA Distance Changes (%): ['0.230', '0.122', '0.010', '0.039']
EMA12 Changes (%): ['-0.007', '-0.178', '-0.196', '-0.094']
Price Changes (%): ['0.000', '-1.121', '-0.298', '0.479']
Candle Analysis:
    Body Sizes (%): ['0.000', '1.121', '0.298', '0.479']
    Upper Shadows (%): ['0.118', '0.177', '0.179', '0.060']
    Lower Shadows (%): ['0.177', '0.000', '0.776', '0.419']
Volumes: [np.float64(1680302.0), np.float64(5888084.0), np.float64(9688989.0), np.float64(7128431.0)]
2025-05-09 09:16:03,630 - INFO - 
2. Post-Cross Movement (30min):
5min Price Changes (%): ['-0.119']
Maximum Change: -0.119% after 5 minutes
Candle Analysis:
    Body Sizes (%): ['0.119']
    Upper Shadows (%): ['0.000']
    Lower Shadows (%): ['0.119']
Volumes: [np.float64(472176.0)]
==================================================
2025-05-09 09:16:04,936 - INFO - 
==================================================
EMA Cross Analysis - USUAL/USDT
Time: 2025-05-09 09:15:00+09:00
Type: dead
Cross Character (Current): Weak
Cross Character (New): Weak
Price at Cross: 0.1311

1. Pre-Cross Pattern (15min):
EMA Distance Changes (%): ['0.292', '0.197', '0.045', '0.045']
EMA12 Changes (%): ['0.072', '-0.147', '-0.264', '-0.166']
Price Changes (%): ['-0.149', '-1.347', '-0.910', '0.383']
Candle Analysis:
    Body Sizes (%): ['0.075', '1.273', '0.986', '0.306']
    Upper Shadows (%): ['0.524', '0.225', '0.379', '0.077']
    Lower Shadows (%): ['0.000', '0.375', '0.076', '0.153']
Volumes: [np.float64(1499977.0), np.float64(3770141.0), np.float64(4108457.0), np.float64(1160027.0)]
2025-05-09 09:16:04,937 - INFO - 
2. Post-Cross Movement (30min):
5min Price Changes (%): []
Maximum Change: 0.000% after 0 minutes
Candle Analysis:
    Body Sizes (%): []
    Upper Shadows (%): []
    Lower Shadows (%): []
Volumes: []
==================================================
2025-05-09 09:20:41,767 - INFO - 
==================================================
EMA Cross Analysis - USUAL/USDT
Time: 2025-05-09 09:15:00+09:00
Type: dead
Cross Character (Current): Weak
Cross Character (New): Weak
Price at Cross: 0.1309

1. Pre-Cross Pattern (15min):
EMA Distance Changes (%): ['0.292', '0.197', '0.045', '0.057']
EMA12 Changes (%): ['0.072', '-0.147', '-0.264', '-0.189']
Price Changes (%): ['-0.149', '-1.347', '-0.910', '0.230']
Candle Analysis:
    Body Sizes (%): ['0.075', '1.273', '0.986', '0.153']
    Upper Shadows (%): ['0.524', '0.225', '0.379', '0.306']
    Lower Shadows (%): ['0.000', '0.375', '0.076', '0.842']
Volumes: [np.float64(1499977.0), np.float64(3770141.0), np.float64(4108457.0), np.float64(8566878.0)]
2025-05-09 09:20:41,767 - INFO - 
2. Post-Cross Movement (30min):
5min Price Changes (%): ['0.000']
Maximum Change: 0.000% after 0 minutes
Candle Analysis:
    Body Sizes (%): ['0.000']
    Upper Shadows (%): ['0.153']
    Lower Shadows (%): ['0.153']
Volumes: [np.float64(927052.0)]
==================================================
2025-05-09 09:25:17,306 - INFO - 
==================================================
EMA Cross Analysis - MOVE/USDT
Time: 2025-05-09 09:25:00+09:00
Type: dead
Cross Character (Current): Weak
Cross Character (New): Weak
Price at Cross: 0.1686

1. Pre-Cross Pattern (15min):
EMA Distance Changes (%): ['0.039', '0.036', '0.014', '0.003']
EMA12 Changes (%): ['-0.094', '0.139', '-0.037', '-0.031']
Price Changes (%): ['0.479', '1.429', '-0.998', '0.000']
Candle Analysis:
    Body Sizes (%): ['0.479', '1.429', '0.940', '0.059']
    Upper Shadows (%): ['0.060', '0.060', '0.353', '0.000']
    Lower Shadows (%): ['0.419', '0.357', '0.059', '0.000']
Volumes: [np.float64(7128431.0), np.float64(5533051.0), np.float64(5623280.0), np.float64(468060.0)]
2025-05-09 09:25:17,306 - INFO - 
2. Post-Cross Movement (30min):
5min Price Changes (%): []
Maximum Change: 0.000% after 0 minutes
Candle Analysis:
    Body Sizes (%): []
    Upper Shadows (%): []
    Lower Shadows (%): []
Volumes: []
==================================================
2025-05-09 09:31:03,241 - INFO - 
==================================================
EMA Cross Analysis - HIVE/USDT
Time: 2025-05-09 09:30:00+09:00
Type: dead
Cross Character (Current): Weak
Cross Character (New): Weak
Price at Cross: 0.24955

1. Pre-Cross Pattern (15min):
EMA Distance Changes (%): ['0.062', '0.063', '0.017', '0.015']
EMA12 Changes (%): ['0.014', '0.011', '-0.080', '-0.059']
Price Changes (%): ['0.200', '-0.004', '-0.582', '0.056']
Candle Analysis:
    Body Sizes (%): ['0.200', '0.004', '0.598', '0.060']
    Upper Shadows (%): ['0.056', '0.100', '0.004', '0.016']
    Lower Shadows (%): ['0.196', '0.159', '0.104', '0.052']
Volumes: [np.float64(110873.0), np.float64(57473.0), np.float64(149985.0), np.float64(28881.0)]
2025-05-09 09:31:03,242 - INFO - 
2. Post-Cross Movement (30min):
5min Price Changes (%): []
Maximum Change: 0.000% after 0 minutes
Candle Analysis:
    Body Sizes (%): []
    Upper Shadows (%): []
    Lower Shadows (%): []
Volumes: []
==================================================
2025-05-09 09:35:33,746 - INFO - 
==================================================
EMA Cross Analysis - ACX/USDT
Time: 2025-05-09 09:35:00+09:00
Type: dead
Cross Character (Current): Weak
Cross Character (New): Weak
Price at Cross: 0.2381

1. Pre-Cross Pattern (15min):
EMA Distance Changes (%): ['0.187', '0.103', '0.038', '0.016']
EMA12 Changes (%): ['-0.092', '-0.136', '-0.108', '-0.098']
Price Changes (%): ['-0.500', '-0.377', '0.042', '-0.042']
Candle Analysis:
    Body Sizes (%): ['0.500', '0.377', '0.084', '0.042']
    Upper Shadows (%): ['0.000', '0.000', '0.252', '0.000']
    Lower Shadows (%): ['0.167', '0.042', '0.168', '0.000']
Volumes: [np.float64(89321.3), np.float64(50810.2), np.float64(81039.2), np.float64(1991.1)]
2025-05-09 09:35:33,746 - INFO - 
2. Post-Cross Movement (30min):
5min Price Changes (%): []
Maximum Change: 0.000% after 0 minutes
Candle Analysis:
    Body Sizes (%): []
    Upper Shadows (%): []
    Lower Shadows (%): []
Volumes: []
==================================================
2025-05-09 09:35:36,145 - INFO - 
==================================================
EMA Cross Analysis - GRASS/USDT
Time: 2025-05-09 09:35:00+09:00
Type: dead
Cross Character (Current): Weak
Cross Character (New): Weak
Price at Cross: 1.5605

1. Pre-Cross Pattern (15min):
EMA Distance Changes (%): ['0.180', '0.137', '0.059', '0.011']
EMA12 Changes (%): ['-0.034', '-0.058', '-0.130', '-0.126']
Price Changes (%): ['-0.152', '-0.191', '-0.529', '-0.102']
Candle Analysis:
    Body Sizes (%): ['0.159', '0.197', '0.548', '0.083']
    Upper Shadows (%): ['0.184', '0.108', '0.019', '0.038']
    Lower Shadows (%): ['0.203', '0.051', '0.000', '0.000']
Volumes: [np.float64(17318.4), np.float64(22837.5), np.float64(26336.9), np.float64(1595.9)]
2025-05-09 09:35:36,145 - INFO - 
2. Post-Cross Movement (30min):
5min Price Changes (%): []
Maximum Change: 0.000% after 0 minutes
Candle Analysis:
    Body Sizes (%): []
    Upper Shadows (%): []
    Lower Shadows (%): []
Volumes: []
==================================================
2025-05-09 09:35:40,310 - INFO - 
==================================================
EMA Cross Analysis - HIVE/USDT
Time: 2025-05-09 09:30:00+09:00
Type: dead
Cross Character (Current): Weak
Cross Character (New): Weak
Price at Cross: 0.24899

1. Pre-Cross Pattern (15min):
EMA Distance Changes (%): ['0.062', '0.063', '0.017', '0.033']
EMA12 Changes (%): ['0.014', '0.011', '-0.080', '-0.094']
Price Changes (%): ['0.200', '-0.004', '-0.582', '-0.168']
Candle Analysis:
    Body Sizes (%): ['0.200', '0.004', '0.598', '0.164']
    Upper Shadows (%): ['0.056', '0.100', '0.004', '0.241']
    Lower Shadows (%): ['0.196', '0.159', '0.104', '0.032']
Volumes: [np.float64(110873.0), np.float64(57473.0), np.float64(149985.0), np.float64(180309.0)]
2025-05-09 09:35:40,310 - INFO - 
2. Post-Cross Movement (30min):
5min Price Changes (%): ['-0.092']
Maximum Change: -0.092% after 5 minutes
Candle Analysis:
    Body Sizes (%): ['0.076']
    Upper Shadows (%): ['0.028']
    Lower Shadows (%): ['0.084']
Volumes: [np.float64(29895.0)]
==================================================
2025-05-09 09:40:08,520 - INFO - 
==================================================
EMA Cross Analysis - BAN/USDT
Time: 2025-05-09 09:40:00+09:00
Type: golden
Cross Character (Current): Weak
Cross Character (New): Weak
Price at Cross: 0.06624

1. Pre-Cross Pattern (15min):
EMA Distance Changes (%): ['0.216', '0.150', '0.038', '0.049']
EMA12 Changes (%): ['0.094', '0.096', '0.196', '0.163']
Price Changes (%): ['0.505', '0.107', '0.745', '-0.015']
Candle Analysis:
    Body Sizes (%): ['0.520', '0.122', '0.730', '0.030']
    Upper Shadows (%): ['0.306', '0.350', '0.228', '0.000']
    Lower Shadows (%): ['0.061', '0.076', '0.076', '0.106']
Volumes: [np.float64(506014.0), np.float64(423494.0), np.float64(866894.0), np.float64(17389.0)]
2025-05-09 09:40:08,520 - INFO - 
2. Post-Cross Movement (30min):
5min Price Changes (%): []
Maximum Change: 0.000% after 0 minutes
Candle Analysis:
    Body Sizes (%): []
    Upper Shadows (%): []
    Lower Shadows (%): []
Volumes: []
==================================================
2025-05-09 09:40:10,698 - INFO - 
==================================================
EMA Cross Analysis - ACX/USDT
Time: 2025-05-09 09:40:00+09:00
Type: dead
Cross Character (Current): Weak
Cross Character (New): Weak
Price at Cross: 0.2387

1. Pre-Cross Pattern (15min):
EMA Distance Changes (%): ['0.103', '0.038', '0.001', '0.025']
EMA12 Changes (%): ['-0.136', '-0.108', '-0.066', '-0.050']
Price Changes (%): ['-0.377', '0.042', '0.168', '0.042']
Candle Analysis:
    Body Sizes (%): ['0.377', '0.084', '0.252', '0.042']
    Upper Shadows (%): ['0.000', '0.252', '0.168', '0.000']
    Lower Shadows (%): ['0.042', '0.168', '0.126', '0.000']
Volumes: [np.float64(50810.2), np.float64(81039.2), np.float64(31059.3), np.float64(698.8)]
2025-05-09 09:40:10,698 - INFO - 
2. Post-Cross Movement (30min):
5min Price Changes (%): []
Maximum Change: 0.000% after 0 minutes
Candle Analysis:
    Body Sizes (%): []
    Upper Shadows (%): []
    Lower Shadows (%): []
Volumes: []
==================================================
2025-05-09 09:40:14,404 - INFO - 
==================================================
EMA Cross Analysis - EOS/USDT
Time: 2025-05-09 09:40:00+09:00
Type: dead
Cross Character (Current): Weak
Cross Character (New): Weak
Price at Cross: 0.847

1. Pre-Cross Pattern (15min):
EMA Distance Changes (%): ['0.091', '0.051', '0.010', '0.032']
EMA12 Changes (%): ['-0.075', '-0.064', '-0.072', '-0.079']
Price Changes (%): ['0.118', '0.000', '-0.118', '-0.118']
Candle Analysis:
    Body Sizes (%): ['0.118', '0.000', '0.000', '0.000']
    Upper Shadows (%): ['0.236', '0.236', '0.354', '0.118']
    Lower Shadows (%): ['0.000', '0.236', '0.236', '0.118']
Volumes: [np.float64(435800.0), np.float64(550537.5), np.float64(693317.0), np.float64(60538.4)]
2025-05-09 09:40:14,404 - INFO - 
2. Post-Cross Movement (30min):
5min Price Changes (%): []
Maximum Change: 0.000% after 0 minutes
Candle Analysis:
    Body Sizes (%): []
    Upper Shadows (%): []
    Lower Shadows (%): []
Volumes: []
==================================================
2025-05-09 09:45:53,934 - INFO - 
==================================================
EMA Cross Analysis - BAN/USDT
Time: 2025-05-09 09:40:00+09:00
Type: golden
Cross Character (Current): Strong
Cross Character (New): Weak
Price at Cross: 0.06677

1. Pre-Cross Pattern (15min):
EMA Distance Changes (%): ['0.216', '0.150', '0.038', '0.112']
EMA12 Changes (%): ['0.094', '0.096', '0.196', '0.288']
Price Changes (%): ['0.505', '0.107', '0.745', '0.785']
Candle Analysis:
    Body Sizes (%): ['0.520', '0.122', '0.730', '0.770']
    Upper Shadows (%): ['0.306', '0.350', '0.228', '0.166']
    Lower Shadows (%): ['0.061', '0.076', '0.076', '0.272']
Volumes: [np.float64(506014.0), np.float64(423494.0), np.float64(866894.0), np.float64(882027.0)]
2025-05-09 09:45:53,935 - INFO - 
2. Post-Cross Movement (30min):
5min Price Changes (%): ['-0.030']
Maximum Change: -0.030% after 5 minutes
Candle Analysis:
    Body Sizes (%): ['0.000']
    Upper Shadows (%): ['0.000']
    Lower Shadows (%): ['0.225']
Volumes: [np.float64(151824.0)]
==================================================
2025-05-09 09:46:00,261 - INFO - 
==================================================
EMA Cross Analysis - EOS/USDT
Time: 2025-05-09 09:40:00+09:00
Type: dead
Cross Character (Current): Weak
Cross Character (New): Weak
Price at Cross: 0.846

1. Pre-Cross Pattern (15min):
EMA Distance Changes (%): ['0.091', '0.051', '0.010', '0.042']
EMA12 Changes (%): ['-0.075', '-0.064', '-0.072', '-0.097']
Price Changes (%): ['0.118', '0.000', '-0.118', '-0.236']
Candle Analysis:
    Body Sizes (%): ['0.118', '0.000', '0.000', '0.118']
    Upper Shadows (%): ['0.236', '0.236', '0.354', '0.118']
    Lower Shadows (%): ['0.000', '0.236', '0.236', '0.590']
Volumes: [np.float64(435800.0), np.float64(550537.5), np.float64(693317.0), np.float64(1098814.7)]
2025-05-09 09:46:00,261 - INFO - 
2. Post-Cross Movement (30min):
5min Price Changes (%): ['-0.236']
Maximum Change: -0.236% after 5 minutes
Candle Analysis:
    Body Sizes (%): ['0.236']
    Upper Shadows (%): ['0.118']
    Lower Shadows (%): ['0.000']
Volumes: [np.float64(71212.8)]
==================================================
2025-05-09 09:46:01,571 - INFO - 
==================================================
EMA Cross Analysis - AIXBT/USDT
Time: 2025-05-09 09:45:00+09:00
Type: golden
Cross Character (Current): Weak
Cross Character (New): Weak
Price at Cross: 0.19949

1. Pre-Cross Pattern (15min):
EMA Distance Changes (%): ['0.253', '0.138', '0.038', '0.015']
EMA12 Changes (%): ['0.006', '0.183', '0.175', '0.098']
Price Changes (%): ['-1.057', '1.154', '0.130', '-0.320']
Candle Analysis:
    Body Sizes (%): ['1.076', '1.149', '0.120', '0.325']
    Upper Shadows (%): ['0.255', '0.132', '0.300', '0.080']
    Lower Shadows (%): ['0.045', '0.248', '0.400', '0.065']
Volumes: [np.float64(2351956.0), np.float64(1760773.0), np.float64(1707774.0), np.float64(249684.0)]
2025-05-09 09:46:01,571 - INFO - 
2. Post-Cross Movement (30min):
5min Price Changes (%): []
Maximum Change: 0.000% after 0 minutes
Candle Analysis:
    Body Sizes (%): []
    Upper Shadows (%): []
    Lower Shadows (%): []
Volumes: []
==================================================
2025-05-09 09:50:30,830 - INFO - 
==================================================
EMA Cross Analysis - TIA/USDT
Time: 2025-05-09 09:50:00+09:00
Type: golden
Cross Character (Current): Weak
Cross Character (New): Weak
Price at Cross: 2.7499

1. Pre-Cross Pattern (15min):
EMA Distance Changes (%): ['0.145', '0.102', '0.014', '0.057']
EMA12 Changes (%): ['-0.001', '0.062', '0.156', '0.137']
Price Changes (%): ['0.365', '0.404', '0.670', '0.036']
Candle Analysis:
    Body Sizes (%): ['0.369', '0.416', '0.674', '0.036']
    Upper Shadows (%): ['0.185', '0.011', '0.059', '0.025']
    Lower Shadows (%): ['0.177', '0.063', '0.033', '0.004']
Volumes: [np.float64(226648.0), np.float64(159742.0), np.float64(423383.0), np.float64(15572.0)]
2025-05-09 09:50:30,830 - INFO - 
2. Post-Cross Movement (30min):
5min Price Changes (%): []
Maximum Change: 0.000% after 0 minutes
Candle Analysis:
    Body Sizes (%): []
    Upper Shadows (%): []
    Lower Shadows (%): []
Volumes: []
==================================================
2025-05-09 09:50:35,844 - INFO - 
==================================================
EMA Cross Analysis - GRASS/USDT
Time: 2025-05-09 09:50:00+09:00
Type: dead
Cross Character (Current): Weak
Cross Character (New): Weak
Price at Cross: 1.5683

1. Pre-Cross Pattern (15min):
EMA Distance Changes (%): ['0.037', '0.032', '0.003', '0.016']
EMA12 Changes (%): ['-0.033', '-0.004', '-0.052', '-0.036']
Price Changes (%): ['0.506', '0.159', '-0.318', '0.051']
Candle Analysis:
    Body Sizes (%): ['0.525', '0.153', '0.324', '0.032']
    Upper Shadows (%): ['0.000', '0.038', '0.114', '0.096']
    Lower Shadows (%): ['0.307', '0.312', '0.248', '0.000']
Volumes: [np.float64(44030.3), np.float64(18733.6), np.float64(23476.4), np.float64(1678.9)]
2025-05-09 09:50:35,844 - INFO - 
2. Post-Cross Movement (30min):
5min Price Changes (%): []
Maximum Change: 0.000% after 0 minutes
Candle Analysis:
    Body Sizes (%): []
    Upper Shadows (%): []
    Lower Shadows (%): []
Volumes: []
==================================================
2025-05-09 09:50:38,456 - INFO - 
==================================================
EMA Cross Analysis - AIXBT/USDT
Time: 2025-05-09 09:50:00+09:00
Type: golden
Cross Character (Current): Weak
Cross Character (New): Weak
Price at Cross: 0.19918

1. Pre-Cross Pattern (15min):
EMA Distance Changes (%): ['0.138', '0.038', '0.025', '0.014']
EMA12 Changes (%): ['0.183', '0.175', '0.021', '0.070']
Price Changes (%): ['1.154', '0.130', '-0.814', '0.343']
Candle Analysis:
    Body Sizes (%): ['1.149', '0.120', '0.819', '0.343']
    Upper Shadows (%): ['0.132', '0.300', '0.080', '0.171']
    Lower Shadows (%): ['0.248', '0.400', '0.415', '0.010']
Volumes: [np.float64(1760773.0), np.float64(1707774.0), np.float64(1307810.0), np.float64(152873.0)]
2025-05-09 09:50:38,456 - INFO - 
2. Post-Cross Movement (30min):
5min Price Changes (%): []
Maximum Change: 0.000% after 0 minutes
Candle Analysis:
    Body Sizes (%): []
    Upper Shadows (%): []
    Lower Shadows (%): []
Volumes: []
==================================================
2025-05-09 09:55:07,657 - INFO - 
==================================================
EMA Cross Analysis - TIA/USDT
Time: 2025-05-09 09:50:00+09:00
Type: golden
Cross Character (Current): Weak
Cross Character (New): Weak
Price at Cross: 2.7498

1. Pre-Cross Pattern (15min):
EMA Distance Changes (%): ['0.145', '0.102', '0.014', '0.057']
EMA12 Changes (%): ['-0.001', '0.062', '0.156', '0.137']
Price Changes (%): ['0.365', '0.404', '0.670', '0.033']
Candle Analysis:
    Body Sizes (%): ['0.369', '0.416', '0.674', '0.033']
    Upper Shadows (%): ['0.185', '0.011', '0.059', '0.266']
    Lower Shadows (%): ['0.177', '0.063', '0.033', '0.047']
Volumes: [np.float64(226648.0), np.float64(159742.0), np.float64(423383.0), np.float64(233067.0)]
2025-05-09 09:55:07,658 - INFO - 
2. Post-Cross Movement (30min):
5min Price Changes (%): ['0.062']
Maximum Change: 0.062% after 5 minutes
Candle Analysis:
    Body Sizes (%): ['0.069']
    Upper Shadows (%): ['0.015']
    Lower Shadows (%): ['0.011']
Volumes: [np.float64(3140.0)]
==================================================
2025-05-09 09:55:15,311 - INFO - 
==================================================
EMA Cross Analysis - AIXBT/USDT
Time: 2025-05-09 09:50:00+09:00
Type: golden
Cross Character (Current): Weak
Cross Character (New): Weak
Price at Cross: 0.20068

1. Pre-Cross Pattern (15min):
EMA Distance Changes (%): ['0.138', '0.038', '0.025', '0.073']
EMA12 Changes (%): ['0.183', '0.175', '0.021', '0.187']
Price Changes (%): ['1.154', '0.130', '-0.814', '1.098']
Candle Analysis:
    Body Sizes (%): ['1.149', '0.120', '0.819', '1.098']
    Upper Shadows (%): ['0.132', '0.300', '0.080', '0.529']
    Lower Shadows (%): ['0.248', '0.400', '0.415', '0.010']
Volumes: [np.float64(1760773.0), np.float64(1707774.0), np.float64(1307810.0), np.float64(1739031.0)]
2025-05-09 09:55:15,312 - INFO - 
2. Post-Cross Movement (30min):
5min Price Changes (%): ['0.249']
Maximum Change: 0.249% after 5 minutes
Candle Analysis:
    Body Sizes (%): ['0.289']
    Upper Shadows (%): ['0.000']
    Lower Shadows (%): ['0.060']
Volumes: [np.float64(243897.0)]
==================================================
2025-05-09 09:55:17,680 - INFO - 
==================================================
EMA Cross Analysis - USUAL/USDT
Time: 2025-05-09 09:50:00+09:00
Type: golden
Cross Character (Current): Weak
Cross Character (New): Weak
Price at Cross: 0.1335

1. Pre-Cross Pattern (15min):
EMA Distance Changes (%): ['0.134', '0.094', '0.050', '0.034']
EMA12 Changes (%): ['-0.028', '0.058', '0.072', '0.154']
Price Changes (%): ['0.000', '0.531', '0.151', '0.603']
Candle Analysis:
    Body Sizes (%): ['0.076', '0.531', '0.151', '0.603']
    Upper Shadows (%): ['0.304', '0.076', '0.000', '0.000']
    Lower Shadows (%): ['0.076', '0.152', '0.302', '0.075']
Volumes: [np.float64(631413.0), np.float64(1157517.0), np.float64(743943.0), np.float64(1000796.0)]
2025-05-09 09:55:17,681 - INFO - 
2. Post-Cross Movement (30min):
5min Price Changes (%): ['0.075']
Maximum Change: 0.075% after 5 minutes
Candle Analysis:
    Body Sizes (%): ['0.150']
    Upper Shadows (%): ['0.225']
    Lower Shadows (%): ['0.000']
Volumes: [np.float64(290732.0)]
==================================================
2025-05-09 10:00:58,152 - INFO - 
==================================================
EMA Cross Analysis - GRASS/USDT
Time: 2025-05-09 10:00:00+09:00
Type: dead
Cross Character (Current): Weak
Cross Character (New): Weak
Price at Cross: 1.5669

1. Pre-Cross Pattern (15min):
EMA Distance Changes (%): ['0.003', '0.014', '0.003', '0.024']
EMA12 Changes (%): ['-0.052', '0.022', '-0.020', '-0.050']
Price Changes (%): ['-0.318', '0.427', '-0.248', '-0.217']
Candle Analysis:
    Body Sizes (%): ['0.324', '0.408', '0.248', '0.197']
    Upper Shadows (%): ['0.114', '0.057', '0.140', '0.006']
    Lower Shadows (%): ['0.248', '0.000', '0.527', '0.013']
Volumes: [np.float64(23476.4), np.float64(18435.5), np.float64(68055.5), np.float64(6633.7)]
2025-05-09 10:00:58,152 - INFO - 
2. Post-Cross Movement (30min):
5min Price Changes (%): []
Maximum Change: 0.000% after 0 minutes
Candle Analysis:
    Body Sizes (%): []
    Upper Shadows (%): []
    Lower Shadows (%): []
Volumes: []
==================================================
2025-05-09 10:05:35,041 - INFO - 
==================================================
EMA Cross Analysis - GRASS/USDT
Time: 2025-05-09 10:00:00+09:00
Type: dead
Cross Character (Current): Weak
Cross Character (New): Weak
Price at Cross: 1.5639

1. Pre-Cross Pattern (15min):
EMA Distance Changes (%): ['0.003', '0.014', '0.003', '0.039']
EMA12 Changes (%): ['-0.052', '0.022', '-0.020', '-0.079']
Price Changes (%): ['-0.318', '0.427', '-0.248', '-0.408']
Candle Analysis:
    Body Sizes (%): ['0.324', '0.408', '0.248', '0.389']
    Upper Shadows (%): ['0.114', '0.057', '0.140', '0.006']
    Lower Shadows (%): ['0.248', '0.000', '0.527', '0.140']
Volumes: [np.float64(23476.4), np.float64(18435.5), np.float64(68055.5), np.float64(24864.7)]
2025-05-09 10:05:35,042 - INFO - 
2. Post-Cross Movement (30min):
5min Price Changes (%): ['0.128']
Maximum Change: 0.128% after 5 minutes
Candle Analysis:
    Body Sizes (%): ['0.134']
    Upper Shadows (%): ['0.013']
    Lower Shadows (%): ['0.006']
Volumes: [np.float64(6893.6)]
==================================================
2025-05-09 10:10:15,954 - INFO - 
==================================================
EMA Cross Analysis - HIVE/USDT
Time: 2025-05-09 10:05:00+09:00
Type: golden
Cross Character (Current): Weak
Cross Character (New): Weak
Price at Cross: 0.25169

1. Pre-Cross Pattern (15min):
EMA Distance Changes (%): ['0.056', '0.048', '0.045', '0.009']
EMA12 Changes (%): ['0.033', '0.008', '-0.001', '0.098']
Price Changes (%): ['0.304', '-0.132', '-0.048', '0.644']
Candle Analysis:
    Body Sizes (%): ['0.296', '0.148', '0.028', '0.632']
    Upper Shadows (%): ['0.136', '0.028', '0.068', '0.012']
    Lower Shadows (%): ['0.120', '0.120', '0.144', '0.012']
Volumes: [np.float64(93649.0), np.float64(53043.0), np.float64(67405.0), np.float64(158456.0)]
2025-05-09 10:10:15,954 - INFO - 
2. Post-Cross Movement (30min):
5min Price Changes (%): ['-0.044']
Maximum Change: -0.044% after 5 minutes
Candle Analysis:
    Body Sizes (%): ['0.048']
    Upper Shadows (%): ['0.016']
    Lower Shadows (%): ['0.000']
Volumes: [np.float64(3712.0)]
==================================================
2025-05-09 10:15:55,394 - INFO - 
==================================================
EMA Cross Analysis - POL/USDT
Time: 2025-05-09 10:10:00+09:00
Type: golden
Cross Character (Current): Weak
Cross Character (New): Weak
Price at Cross: 0.25131

1. Pre-Cross Pattern (15min):
EMA Distance Changes (%): ['0.072', '0.067', '0.053', '0.003']
EMA12 Changes (%): ['0.005', '-0.000', '0.017', '0.101']
Price Changes (%): ['-0.144', '-0.028', '0.112', '0.560']
Candle Analysis:
    Body Sizes (%): ['0.132', '0.028', '0.116', '0.580']
    Upper Shadows (%): ['0.060', '0.204', '0.036', '0.004']
    Lower Shadows (%): ['0.088', '0.280', '0.160', '0.044']
Volumes: [np.float64(201898.0), np.float64(919535.0), np.float64(330995.0), np.float64(397206.0)]
2025-05-09 10:15:55,395 - INFO - 
2. Post-Cross Movement (30min):
5min Price Changes (%): ['0.175']
Maximum Change: 0.175% after 5 minutes
Candle Analysis:
    Body Sizes (%): ['0.175']
    Upper Shadows (%): ['0.016']
    Lower Shadows (%): ['0.056']
Volumes: [np.float64(96903.0)]
==================================================
2025-05-09 10:15:57,357 - INFO - 
==================================================
EMA Cross Analysis - GRASS/USDT
Time: 2025-05-09 10:15:00+09:00
Type: golden
Cross Character (Current): Weak
Cross Character (New): Weak
Price at Cross: 1.5741

1. Pre-Cross Pattern (15min):
EMA Distance Changes (%): ['0.039', '0.048', '0.015', '0.000']
EMA12 Changes (%): ['-0.079', '-0.023', '0.057', '0.027']
Price Changes (%): ['-0.408', '0.288', '0.497', '-0.133']
Candle Analysis:
    Body Sizes (%): ['0.389', '0.294', '0.485', '0.121']
    Upper Shadows (%): ['0.006', '0.160', '0.032', '0.000']
    Lower Shadows (%): ['0.140', '0.185', '0.236', '0.121']
Volumes: [np.float64(24864.7), np.float64(39399.0), np.float64(17750.1), np.float64(5188.0)]
2025-05-09 10:15:57,357 - INFO - 
2. Post-Cross Movement (30min):
5min Price Changes (%): []
Maximum Change: 0.000% after 0 minutes
Candle Analysis:
    Body Sizes (%): []
    Upper Shadows (%): []
    Lower Shadows (%): []
Volumes: []
==================================================
2025-05-09 10:20:34,297 - INFO - 
==================================================
EMA Cross Analysis - GRASS/USDT
Time: 2025-05-09 10:15:00+09:00
Type: golden
Cross Character (Current): Weak
Cross Character (New): Weak
Price at Cross: 1.5808

1. Pre-Cross Pattern (15min):
EMA Distance Changes (%): ['0.039', '0.048', '0.015', '0.034']
EMA12 Changes (%): ['-0.079', '-0.023', '0.057', '0.093']
Price Changes (%): ['-0.408', '0.288', '0.497', '0.292']
Candle Analysis:
    Body Sizes (%): ['0.389', '0.294', '0.485', '0.305']
    Upper Shadows (%): ['0.006', '0.160', '0.032', '0.082']
    Lower Shadows (%): ['0.140', '0.185', '0.236', '0.241']
Volumes: [np.float64(24864.7), np.float64(39399.0), np.float64(17750.1), np.float64(54704.6)]
2025-05-09 10:20:34,298 - INFO - 
2. Post-Cross Movement (30min):
5min Price Changes (%): ['0.070']
Maximum Change: 0.070% after 5 minutes
Candle Analysis:
    Body Sizes (%): ['0.063']
    Upper Shadows (%): ['0.006']
    Lower Shadows (%): ['0.145']
Volumes: [np.float64(3966.4)]
==================================================
2025-05-09 10:35:32,609 - INFO - 
==================================================
EMA Cross Analysis - DOGE/USDT
Time: 2025-05-09 10:35:00+09:00
Type: dead
Cross Character (Current): Weak
Cross Character (New): Weak
Price at Cross: 0.19457

1. Pre-Cross Pattern (15min):
EMA Distance Changes (%): ['0.093', '0.075', '0.043', '0.001']
EMA12 Changes (%): ['-0.069', '-0.021', '-0.053', '-0.077']
Price Changes (%): ['-0.789', '0.246', '-0.230', '-0.210']
Candle Analysis:
    Body Sizes (%): ['0.789', '0.246', '0.230', '0.210']
    Upper Shadows (%): ['0.010', '0.113', '0.097', '0.000']
    Lower Shadows (%): ['0.076', '0.113', '0.133', '0.072']
Volumes: [np.float64(27536601.0), np.float64(14906666.0), np.float64(11451791.0), np.float64(6171123.0)]
2025-05-09 10:35:32,610 - INFO - 
2. Post-Cross Movement (30min):
5min Price Changes (%): []
Maximum Change: 0.000% after 0 minutes
Candle Analysis:
    Body Sizes (%): []
    Upper Shadows (%): []
    Lower Shadows (%): []
Volumes: []
==================================================
2025-05-09 10:40:09,262 - INFO - 
==================================================
EMA Cross Analysis - DOGE/USDT
Time: 2025-05-09 10:40:00+09:00
Type: dead
Cross Character (Current): Weak
Cross Character (New): Weak
Price at Cross: 0.19461

1. Pre-Cross Pattern (15min):
EMA Distance Changes (%): ['0.075', '0.043', '0.001', '0.032']
EMA12 Changes (%): ['-0.021', '-0.053', '-0.075', '-0.062']
Price Changes (%): ['0.246', '-0.230', '-0.195', '0.005']
Candle Analysis:
    Body Sizes (%): ['0.246', '0.230', '0.195', '0.005']
    Upper Shadows (%): ['0.113', '0.097', '0.164', '0.015']
    Lower Shadows (%): ['0.113', '0.133', '0.087', '0.015']
Volumes: [np.float64(14906666.0), np.float64(11451791.0), np.float64(18742297.0), np.float64(464575.0)]
2025-05-09 10:40:09,262 - INFO - 
2. Post-Cross Movement (30min):
5min Price Changes (%): []
Maximum Change: 0.000% after 0 minutes
Candle Analysis:
    Body Sizes (%): []
    Upper Shadows (%): []
    Lower Shadows (%): []
Volumes: []
==================================================
2025-05-09 10:40:10,804 - INFO - 
==================================================
EMA Cross Analysis - BNB/USDT
Time: 2025-05-09 10:40:00+09:00
Type: dead
Cross Character (Current): Weak
Cross Character (New): Weak
Price at Cross: 624.21

1. Pre-Cross Pattern (15min):
EMA Distance Changes (%): ['0.089', '0.077', '0.026', '0.007']
EMA12 Changes (%): ['0.037', '-0.011', '-0.087', '-0.059']
Price Changes (%): ['0.112', '-0.275', '-0.507', '0.101']
Candle Analysis:
    Body Sizes (%): ['0.112', '0.275', '0.506', '0.101']
    Upper Shadows (%): ['0.018', '0.002', '0.116', '0.000']
    Lower Shadows (%): ['0.051', '0.048', '0.128', '0.000']
Volumes: [np.float64(2066.38), np.float64(1745.43), np.float64(23283.69), np.float64(302.1)]
2025-05-09 10:40:10,804 - INFO - 
2. Post-Cross Movement (30min):
5min Price Changes (%): []
Maximum Change: 0.000% after 0 minutes
Candle Analysis:
    Body Sizes (%): []
    Upper Shadows (%): []
    Lower Shadows (%): []
Volumes: []
==================================================
2025-05-09 10:45:54,903 - INFO - 
==================================================
EMA Cross Analysis - DOGE/USDT
Time: 2025-05-09 10:40:00+09:00
Type: dead
Cross Character (Current): Weak
Cross Character (New): Weak
Price at Cross: 0.19534

1. Pre-Cross Pattern (15min):
EMA Distance Changes (%): ['0.075', '0.043', '0.001', '0.002']
EMA12 Changes (%): ['-0.021', '-0.053', '-0.075', '-0.005']
Price Changes (%): ['0.246', '-0.230', '-0.195', '0.380']
Candle Analysis:
    Body Sizes (%): ['0.246', '0.230', '0.195', '0.380']
    Upper Shadows (%): ['0.113', '0.097', '0.164', '0.036']
    Lower Shadows (%): ['0.113', '0.133', '0.087', '0.015']
Volumes: [np.float64(14906666.0), np.float64(11451791.0), np.float64(18742297.0), np.float64(11253889.0)]
2025-05-09 10:45:54,903 - INFO - 
2. Post-Cross Movement (30min):
5min Price Changes (%): ['-0.092']
Maximum Change: -0.092% after 5 minutes
Candle Analysis:
    Body Sizes (%): ['0.087']
    Upper Shadows (%): ['0.041']
    Lower Shadows (%): ['0.067']
Volumes: [np.float64(1335065.0)]
==================================================
2025-05-09 10:45:56,426 - INFO - 
==================================================
EMA Cross Analysis - BNB/USDT
Time: 2025-05-09 10:45:00+09:00
Type: dead
Cross Character (Current): Weak
Cross Character (New): Weak
Price at Cross: 624.72

1. Pre-Cross Pattern (15min):
EMA Distance Changes (%): ['0.077', '0.026', '0.003', '0.018']
EMA12 Changes (%): ['-0.011', '-0.087', '-0.041', '-0.040']
Price Changes (%): ['-0.275', '-0.507', '0.216', '-0.034']
Candle Analysis:
    Body Sizes (%): ['0.275', '0.506', '0.216', '0.035']
    Upper Shadows (%): ['0.002', '0.116', '0.083', '0.019']
    Lower Shadows (%): ['0.048', '0.128', '0.000', '0.006']
Volumes: [np.float64(1745.43), np.float64(23283.69), np.float64(6147.95), np.float64(404.17)]
2025-05-09 10:45:56,426 - INFO - 
2. Post-Cross Movement (30min):
5min Price Changes (%): []
Maximum Change: 0.000% after 0 minutes
Candle Analysis:
    Body Sizes (%): []
    Upper Shadows (%): []
    Lower Shadows (%): []
Volumes: []
==================================================
2025-05-09 10:45:58,385 - INFO - 
==================================================
EMA Cross Analysis - AIXBT/USDT
Time: 2025-05-09 10:45:00+09:00
Type: dead
Cross Character (Current): Weak
Cross Character (New): Weak
Price at Cross: 0.19691

1. Pre-Cross Pattern (15min):
EMA Distance Changes (%): ['0.226', '0.186', '0.083', '0.018']
EMA12 Changes (%): ['-0.113', '-0.044', '-0.173', '-0.181']
Price Changes (%): ['-0.686', '0.338', '-0.884', '-0.228']
Candle Analysis:
    Body Sizes (%): ['0.661', '0.338', '0.874', '0.228']
    Upper Shadows (%): ['0.010', '0.146', '0.000', '0.117']
    Lower Shadows (%): ['0.556', '0.433', '0.186', '0.137']
Volumes: [np.float64(2459642.0), np.float64(1231236.0), np.float64(1104094.0), np.float64(165528.0)]
2025-05-09 10:45:58,385 - INFO - 
2. Post-Cross Movement (30min):
5min Price Changes (%): []
Maximum Change: 0.000% after 0 minutes
Candle Analysis:
    Body Sizes (%): []
    Upper Shadows (%): []
    Lower Shadows (%): []
Volumes: []
==================================================
2025-05-09 10:50:33,173 - INFO - 
==================================================
EMA Cross Analysis - BNB/USDT
Time: 2025-05-09 10:45:00+09:00
Type: dead
Cross Character (Current): Weak
Cross Character (New): Weak
Price at Cross: 624.77

1. Pre-Cross Pattern (15min):
EMA Distance Changes (%): ['0.077', '0.026', '0.003', '0.018']
EMA12 Changes (%): ['-0.011', '-0.087', '-0.041', '-0.039']
Price Changes (%): ['-0.275', '-0.507', '0.216', '-0.026']
Candle Analysis:
    Body Sizes (%): ['0.275', '0.506', '0.216', '0.027']
    Upper Shadows (%): ['0.002', '0.116', '0.083', '0.019']
    Lower Shadows (%): ['0.048', '0.128', '0.000', '0.141']
Volumes: [np.float64(1745.43), np.float64(23283.69), np.float64(6147.95), np.float64(1828.34)]
2025-05-09 10:50:33,173 - INFO - 
2. Post-Cross Movement (30min):
5min Price Changes (%): ['-0.022']
Maximum Change: -0.022% after 5 minutes
Candle Analysis:
    Body Sizes (%): ['0.024']
    Upper Shadows (%): ['0.050']
    Lower Shadows (%): ['0.002']
Volumes: [np.float64(712.34)]
==================================================
2025-05-09 10:50:34,045 - INFO - 
==================================================
EMA Cross Analysis - XRP/USDT
Time: 2025-05-09 10:50:00+09:00
Type: dead
Cross Character (Current): Weak
Cross Character (New): Weak
Price at Cross: 2.3058

1. Pre-Cross Pattern (15min):
EMA Distance Changes (%): ['0.038', '0.021', '0.008', '0.010']
EMA12 Changes (%): ['-0.072', '-0.026', '-0.023', '-0.033']
Price Changes (%): ['-0.186', '0.230', '-0.009', '-0.087']
Candle Analysis:
    Body Sizes (%): ['0.186', '0.230', '0.013', '0.087']
    Upper Shadows (%): ['0.104', '0.017', '0.043', '0.035']
    Lower Shadows (%): ['0.052', '0.004', '0.243', '0.004']
Volumes: [np.float64(4202817.6), np.float64(2004328.9), np.float64(1368798.9), np.float64(139997.9)]
2025-05-09 10:50:34,045 - INFO - 
2. Post-Cross Movement (30min):
5min Price Changes (%): []
Maximum Change: 0.000% after 0 minutes
Candle Analysis:
    Body Sizes (%): []
    Upper Shadows (%): []
    Lower Shadows (%): []
Volumes: []
==================================================
2025-05-09 10:50:35,134 - INFO - 
==================================================
EMA Cross Analysis - AIXBT/USDT
Time: 2025-05-09 10:50:00+09:00
Type: dead
Cross Character (Current): Weak
Cross Character (New): Weak
Price at Cross: 0.1974

1. Pre-Cross Pattern (15min):
EMA Distance Changes (%): ['0.186', '0.083', '0.006', '0.059']
EMA12 Changes (%): ['-0.044', '-0.173', '-0.136', '-0.123']
Price Changes (%): ['0.338', '-0.884', '0.071', '-0.051']
Candle Analysis:
    Body Sizes (%): ['0.338', '0.874', '0.071', '0.056']
    Upper Shadows (%): ['0.146', '0.000', '0.187', '0.354']
    Lower Shadows (%): ['0.433', '0.186', '1.008', '0.081']
Volumes: [np.float64(1231236.0), np.float64(1104094.0), np.float64(2048975.0), np.float64(195003.0)]
2025-05-09 10:50:35,134 - INFO - 
2. Post-Cross Movement (30min):
5min Price Changes (%): []
Maximum Change: 0.000% after 0 minutes
Candle Analysis:
    Body Sizes (%): []
    Upper Shadows (%): []
    Lower Shadows (%): []
Volumes: []
==================================================
2025-05-09 10:55:11,810 - INFO - 
==================================================
EMA Cross Analysis - AIXBT/USDT
Time: 2025-05-09 10:50:00+09:00
Type: dead
Cross Character (Current): Weak
Cross Character (New): Weak
Price at Cross: 0.19844

1. Pre-Cross Pattern (15min):
EMA Distance Changes (%): ['0.186', '0.083', '0.006', '0.017']
EMA12 Changes (%): ['-0.044', '-0.173', '-0.136', '-0.042']
Price Changes (%): ['0.338', '-0.884', '0.071', '0.476']
Candle Analysis:
    Body Sizes (%): ['0.338', '0.874', '0.071', '0.471']
    Upper Shadows (%): ['0.146', '0.000', '0.187', '0.182']
    Lower Shadows (%): ['0.433', '0.186', '1.008', '0.137']
Volumes: [np.float64(1231236.0), np.float64(1104094.0), np.float64(2048975.0), np.float64(1147348.0)]
2025-05-09 10:55:11,810 - INFO - 
2. Post-Cross Movement (30min):
5min Price Changes (%): ['0.222']
Maximum Change: 0.222% after 5 minutes
Candle Analysis:
    Body Sizes (%): ['0.227']
    Upper Shadows (%): ['0.035']
    Lower Shadows (%): ['0.040']
Volumes: [np.float64(51957.0)]
==================================================
2025-05-09 11:00:53,713 - INFO - 
==================================================
EMA Cross Analysis - DOGE/USDT
Time: 2025-05-09 10:55:00+09:00
Type: golden
Cross Character (Current): Weak
Cross Character (New): Weak
Price at Cross: 0.19628

1. Pre-Cross Pattern (15min):
EMA Distance Changes (%): ['0.002', '0.006', '0.000', '0.036']
EMA12 Changes (%): ['-0.005', '-0.008', '0.010', '0.069']
Price Changes (%): ['0.380', '-0.026', '0.113', '0.394']
Candle Analysis:
    Body Sizes (%): ['0.380', '0.020', '0.113', '0.394']
    Upper Shadows (%): ['0.036', '0.041', '0.046', '0.138']
    Lower Shadows (%): ['0.015', '0.328', '0.195', '0.000']
Volumes: [np.float64(11253889.0), np.float64(13777592.0), np.float64(9987852.0), np.float64(23056674.0)]
2025-05-09 11:00:53,713 - INFO - 
2. Post-Cross Movement (30min):
5min Price Changes (%): ['0.117']
Maximum Change: 0.117% after 5 minutes
Candle Analysis:
    Body Sizes (%): ['0.112']
    Upper Shadows (%): ['0.025']
    Lower Shadows (%): ['0.031']
Volumes: [np.float64(4429633.0)]
==================================================
2025-05-09 11:00:55,900 - INFO - 
==================================================
EMA Cross Analysis - EOS/USDT
Time: 2025-05-09 10:55:00+09:00
Type: golden
Cross Character (Current): Weak
Cross Character (New): Weak
Price at Cross: 0.855

1. Pre-Cross Pattern (15min):
EMA Distance Changes (%): ['0.138', '0.107', '0.062', '0.011']
EMA12 Changes (%): ['0.026', '0.041', '0.071', '0.132']
Price Changes (%): ['0.236', '0.118', '0.236', '0.470']
Candle Analysis:
    Body Sizes (%): ['0.355', '0.236', '0.236', '0.470']
    Upper Shadows (%): ['0.000', '0.354', '0.236', '0.000']
    Lower Shadows (%): ['0.000', '0.118', '0.000', '0.000']
Volumes: [np.float64(265855.8), np.float64(1039847.7), np.float64(815553.3), np.float64(706815.5)]
2025-05-09 11:00:55,900 - INFO - 
2. Post-Cross Movement (30min):
5min Price Changes (%): ['0.000']
Maximum Change: 0.000% after 0 minutes
Candle Analysis:
    Body Sizes (%): ['0.117']
    Upper Shadows (%): ['0.234']
    Lower Shadows (%): ['0.117']
Volumes: [np.float64(486292.5)]
==================================================
2025-05-09 11:05:26,398 - INFO - 
==================================================
EMA Cross Analysis - TIA/USDT
Time: 2025-05-09 11:05:00+09:00
Type: dead
Cross Character (Current): Weak
Cross Character (New): Weak
Price at Cross: 2.7251

1. Pre-Cross Pattern (15min):
EMA Distance Changes (%): ['0.106', '0.072', '0.035', '0.007']
EMA12 Changes (%): ['-0.059', '-0.050', '-0.062', '-0.075']
Price Changes (%): ['0.220', '0.000', '-0.132', '-0.147']
Candle Analysis:
    Body Sizes (%): ['0.216', '0.011', '0.128', '0.158']
    Upper Shadows (%): ['0.095', '0.285', '0.099', '0.007']
    Lower Shadows (%): ['0.286', '0.106', '0.370', '0.004']
Volumes: [np.float64(169546.0), np.float64(177199.0), np.float64(284142.0), np.float64(13906.0)]
2025-05-09 11:05:26,398 - INFO - 
2. Post-Cross Movement (30min):
5min Price Changes (%): []
Maximum Change: 0.000% after 0 minutes
Candle Analysis:
    Body Sizes (%): []
    Upper Shadows (%): []
    Lower Shadows (%): []
Volumes: []
==================================================
2025-05-09 11:05:26,835 - INFO - 
==================================================
EMA Cross Analysis - BAN/USDT
Time: 2025-05-09 11:00:00+09:00
Type: dead
Cross Character (Current): Weak
Cross Character (New): Weak
Price at Cross: 0.06571

1. Pre-Cross Pattern (15min):
EMA Distance Changes (%): ['0.200', '0.113', '0.067', '0.024']
EMA12 Changes (%): ['-0.176', '-0.138', '-0.071', '-0.166']
Price Changes (%): ['0.182', '0.076', '0.303', '-0.695']
Candle Analysis:
    Body Sizes (%): ['0.198', '0.076', '0.318', '0.725']
    Upper Shadows (%): ['0.046', '0.683', '0.424', '0.181']
    Lower Shadows (%): ['0.608', '0.243', '0.030', '0.272']
Volumes: [np.float64(780661.0), np.float64(896324.0), np.float64(424228.0), np.float64(717826.0)]
2025-05-09 11:05:26,835 - INFO - 
2. Post-Cross Movement (30min):
5min Price Changes (%): ['0.091']
Maximum Change: 0.091% after 5 minutes
Candle Analysis:
    Body Sizes (%): ['0.122']
    Upper Shadows (%): ['0.061']
    Lower Shadows (%): ['0.000']
Volumes: [np.float64(24048.0)]
==================================================
2025-05-09 11:05:34,022 - INFO - 
==================================================
EMA Cross Analysis - AIXBT/USDT
Time: 2025-05-09 11:00:00+09:00
Type: dead
Cross Character (Current): Weak
Cross Character (New): Weak
Price at Cross: 0.19815

1. Pre-Cross Pattern (15min):
EMA Distance Changes (%): ['0.006', '0.017', '0.017', '0.020']
EMA12 Changes (%): ['-0.136', '-0.042', '0.062', '-0.068']
Price Changes (%): ['0.071', '0.476', '0.635', '-0.776']
Candle Analysis:
    Body Sizes (%): ['0.071', '0.471', '0.640', '0.756']
    Upper Shadows (%): ['0.187', '0.182', '0.519', '0.421']
    Lower Shadows (%): ['1.008', '0.137', '0.040', '0.341']
Volumes: [np.float64(2048975.0), np.float64(1147348.0), np.float64(1257297.0), np.float64(1438757.0)]
2025-05-09 11:05:34,022 - INFO - 
2. Post-Cross Movement (30min):
5min Price Changes (%): ['-0.267']
Maximum Change: -0.267% after 5 minutes
Candle Analysis:
    Body Sizes (%): ['0.328']
    Upper Shadows (%): ['0.116']
    Lower Shadows (%): ['0.000']
Volumes: [np.float64(80863.0)]
==================================================
2025-05-09 11:10:03,054 - INFO - 
==================================================
EMA Cross Analysis - TIA/USDT
Time: 2025-05-09 11:10:00+09:00
Type: dead
Cross Character (Current): Weak
Cross Character (New): Weak
Price at Cross: 2.7296

1. Pre-Cross Pattern (15min):
EMA Distance Changes (%): ['0.072', '0.035', '0.003', '0.019']
EMA12 Changes (%): ['-0.050', '-0.062', '-0.055', '-0.041']
Price Changes (%): ['0.000', '-0.132', '-0.018', '0.037']
Candle Analysis:
    Body Sizes (%): ['0.011', '0.128', '0.029', '0.033']
    Upper Shadows (%): ['0.285', '0.099', '0.007', '0.004']
    Lower Shadows (%): ['0.106', '0.370', '0.451', '0.007']
Volumes: [np.float64(177199.0), np.float64(284142.0), np.float64(156324.0), np.float64(924.0)]
2025-05-09 11:10:03,054 - INFO - 
2. Post-Cross Movement (30min):
5min Price Changes (%): []
Maximum Change: 0.000% after 0 minutes
Candle Analysis:
    Body Sizes (%): []
    Upper Shadows (%): []
    Lower Shadows (%): []
Volumes: []
==================================================
2025-05-09 11:15:48,461 - INFO - 
==================================================
EMA Cross Analysis - TIA/USDT
Time: 2025-05-09 11:10:00+09:00
Type: dead
Cross Character (Current): Weak
Cross Character (New): Weak
Price at Cross: 2.7302

1. Pre-Cross Pattern (15min):
EMA Distance Changes (%): ['0.072', '0.035', '0.003', '0.017']
EMA12 Changes (%): ['-0.050', '-0.062', '-0.055', '-0.038']
Price Changes (%): ['0.000', '-0.132', '-0.018', '0.059']
Candle Analysis:
    Body Sizes (%): ['0.011', '0.128', '0.029', '0.055']
    Upper Shadows (%): ['0.285', '0.099', '0.007', '0.070']
    Lower Shadows (%): ['0.106', '0.370', '0.451', '0.169']
Volumes: [np.float64(177199.0), np.float64(284142.0), np.float64(156324.0), np.float64(114568.0)]
2025-05-09 11:15:48,461 - INFO - 
2. Post-Cross Movement (30min):
5min Price Changes (%): ['-0.081']
Maximum Change: -0.081% after 5 minutes
Candle Analysis:
    Body Sizes (%): ['0.106']
    Upper Shadows (%): ['0.000']
    Lower Shadows (%): ['0.088']
Volumes: [np.float64(22530.0)]
==================================================
2025-05-09 11:15:54,998 - INFO - 
==================================================
EMA Cross Analysis - XRP/USDT
Time: 2025-05-09 11:15:00+09:00
Type: dead
Cross Character (Current): Weak
Cross Character (New): Weak
Price at Cross: 2.3074

1. Pre-Cross Pattern (15min):
EMA Distance Changes (%): ['0.028', '0.023', '0.013', '0.002']
EMA12 Changes (%): ['-0.003', '-0.005', '-0.017', '-0.026']
Price Changes (%): ['-0.276', '-0.013', '-0.082', '-0.078']
Candle Analysis:
    Body Sizes (%): ['0.276', '0.013', '0.082', '0.078']
    Upper Shadows (%): ['0.112', '0.039', '0.069', '0.009']
    Lower Shadows (%): ['0.138', '0.134', '0.113', '0.039']
Volumes: [np.float64(2233415.6), np.float64(1263809.2), np.float64(1213363.7), np.float64(338222.5)]
2025-05-09 11:15:54,998 - INFO - 
2. Post-Cross Movement (30min):
5min Price Changes (%): []
Maximum Change: 0.000% after 0 minutes
Candle Analysis:
    Body Sizes (%): []
    Upper Shadows (%): []
    Lower Shadows (%): []
Volumes: []
==================================================
2025-05-09 11:15:56,694 - INFO - 
==================================================
EMA Cross Analysis - SUI/USDT
Time: 2025-05-09 11:15:00+09:00
Type: dead
Cross Character (Current): Weak
Cross Character (New): Weak
Price at Cross: 3.9876

1. Pre-Cross Pattern (15min):
EMA Distance Changes (%): ['0.075', '0.052', '0.015', '0.037']
EMA12 Changes (%): ['-0.018', '-0.034', '-0.063', '-0.097']
Price Changes (%): ['-0.654', '-0.120', '-0.225', '-0.285']
Candle Analysis:
    Body Sizes (%): ['0.654', '0.122', '0.225', '0.288']
    Upper Shadows (%): ['0.000', '0.075', '0.220', '0.008']
    Lower Shadows (%): ['0.171', '0.252', '0.072', '0.025']
Volumes: [np.float64(1252737.6), np.float64(1023559.8), np.float64(659137.7), np.float64(308650.9)]
2025-05-09 11:15:56,694 - INFO - 
2. Post-Cross Movement (30min):
5min Price Changes (%): []
Maximum Change: 0.000% after 0 minutes
Candle Analysis:
    Body Sizes (%): []
    Upper Shadows (%): []
    Lower Shadows (%): []
Volumes: []
==================================================
2025-05-09 11:20:28,188 - INFO - 
==================================================
EMA Cross Analysis - POL/USDT
Time: 2025-05-09 11:20:00+09:00
Type: dead
Cross Character (Current): Weak
Cross Character (New): Weak
Price at Cross: 0.24991

1. Pre-Cross Pattern (15min):
EMA Distance Changes (%): ['0.010', '0.019', '0.007', '0.001']
EMA12 Changes (%): ['-0.004', '0.019', '-0.022', '-0.014']
Price Changes (%): ['0.164', '0.144', '-0.248', '0.028']
Candle Analysis:
    Body Sizes (%): ['0.160', '0.136', '0.259', '0.028']
    Upper Shadows (%): ['0.052', '0.032', '0.092', '0.024']
    Lower Shadows (%): ['0.020', '0.000', '0.000', '0.000']
Volumes: [np.float64(156204.0), np.float64(163430.0), np.float64(324387.0), np.float64(15948.0)]
2025-05-09 11:20:28,188 - INFO - 
2. Post-Cross Movement (30min):
5min Price Changes (%): []
Maximum Change: 0.000% after 0 minutes
Candle Analysis:
    Body Sizes (%): []
    Upper Shadows (%): []
    Lower Shadows (%): []
Volumes: []
==================================================
2025-05-09 11:20:31,677 - INFO - 
==================================================
EMA Cross Analysis - XRP/USDT
Time: 2025-05-09 11:20:00+09:00
Type: dead
Cross Character (Current): Weak
Cross Character (New): Weak
Price at Cross: 2.3093

1. Pre-Cross Pattern (15min):
EMA Distance Changes (%): ['0.023', '0.013', '0.004', '0.002']
EMA12 Changes (%): ['-0.005', '-0.017', '-0.016', '-0.011']
Price Changes (%): ['-0.013', '-0.082', '-0.013', '0.017']
Candle Analysis:
    Body Sizes (%): ['0.013', '0.082', '0.013', '0.013']
    Upper Shadows (%): ['0.039', '0.069', '0.255', '0.030']
    Lower Shadows (%): ['0.134', '0.113', '0.104', '0.035']
Volumes: [np.float64(1263809.2), np.float64(1213363.7), np.float64(2433621.9), np.float64(182679.9)]
2025-05-09 11:20:31,678 - INFO - 
2. Post-Cross Movement (30min):
5min Price Changes (%): []
Maximum Change: 0.000% after 0 minutes
Candle Analysis:
    Body Sizes (%): []
    Upper Shadows (%): []
    Lower Shadows (%): []
Volumes: []
==================================================
2025-05-09 11:20:33,388 - INFO - 
==================================================
EMA Cross Analysis - SUI/USDT
Time: 2025-05-09 11:15:00+09:00
Type: dead
Cross Character (Current): Weak
Cross Character (New): Weak
Price at Cross: 3.9932

1. Pre-Cross Pattern (15min):
EMA Distance Changes (%): ['0.075', '0.052', '0.015', '0.025']
EMA12 Changes (%): ['-0.018', '-0.034', '-0.063', '-0.076']
Price Changes (%): ['-0.654', '-0.120', '-0.225', '-0.145']
Candle Analysis:
    Body Sizes (%): ['0.654', '0.122', '0.225', '0.148']
    Upper Shadows (%): ['0.000', '0.075', '0.220', '0.128']
    Lower Shadows (%): ['0.171', '0.252', '0.072', '0.165']
Volumes: [np.float64(1252737.6), np.float64(1023559.8), np.float64(659137.7), np.float64(1170016.8)]
2025-05-09 11:20:33,389 - INFO - 
2. Post-Cross Movement (30min):
5min Price Changes (%): ['-0.053']
Maximum Change: -0.053% after 5 minutes
Candle Analysis:
    Body Sizes (%): ['0.058']
    Upper Shadows (%): ['0.033']
    Lower Shadows (%): ['0.028']
Volumes: [np.float64(57473.9)]
==================================================
2025-05-09 11:20:35,352 - INFO - 
==================================================
EMA Cross Analysis - BRETT/USDT
Time: 2025-05-09 11:15:00+09:00
Type: dead
Cross Character (Current): Weak
Cross Character (New): Weak
Price at Cross: 0.07377

1. Pre-Cross Pattern (15min):
EMA Distance Changes (%): ['0.170', '0.129', '0.079', '0.013']
EMA12 Changes (%): ['-0.088', '-0.054', '-0.079', '-0.166']
Price Changes (%): ['-0.322', '0.135', '-0.215', '-0.646']
Candle Analysis:
    Body Sizes (%): ['0.335', '0.121', '0.215', '0.687']
    Upper Shadows (%): ['0.268', '0.040', '0.081', '0.283']
    Lower Shadows (%): ['0.443', '0.659', '0.228', '0.013']
Volumes: [np.float64(1284538.0), np.float64(1197042.0), np.float64(1191775.0), np.float64(1947094.0)]
2025-05-09 11:20:35,352 - INFO - 
2. Post-Cross Movement (30min):
5min Price Changes (%): ['0.081']
Maximum Change: 0.081% after 5 minutes
Candle Analysis:
    Body Sizes (%): ['0.027']
    Upper Shadows (%): ['0.027']
    Lower Shadows (%): ['0.135']
Volumes: [np.float64(125097.0)]
==================================================
2025-05-09 11:25:03,398 - INFO - 
==================================================
EMA Cross Analysis - HIPPO/USDT
Time: 2025-05-09 11:20:00+09:00
Type: dead
Cross Character (Current): Strong
Cross Character (New): Strong
Price at Cross: 0.002531

1. Pre-Cross Pattern (15min):
EMA Distance Changes (%): ['0.467', '0.371', '0.154', '0.014']
EMA12 Changes (%): ['-0.085', '-0.120', '-0.369', '-0.295']
Price Changes (%): ['-0.883', '-0.310', '-1.749', '0.119']
Candle Analysis:
    Body Sizes (%): ['0.883', '0.310', '1.749', '0.119']
    Upper Shadows (%): ['0.192', '0.387', '0.078', '0.356']
    Lower Shadows (%): ['0.154', '0.116', '0.117', '0.158']
Volumes: [np.float64(16415876.0), np.float64(6971316.0), np.float64(30776881.0), np.float64(12448658.0)]
2025-05-09 11:25:03,398 - INFO - 
2. Post-Cross Movement (30min):
5min Price Changes (%): ['-0.079']
Maximum Change: -0.079% after 5 minutes
Candle Analysis:
    Body Sizes (%): ['0.079']
    Upper Shadows (%): ['0.000']
    Lower Shadows (%): ['0.000']
Volumes: [np.float64(11925.0)]
==================================================
2025-05-09 11:25:04,610 - INFO - 
==================================================
EMA Cross Analysis - POL/USDT
Time: 2025-05-09 11:25:00+09:00
Type: dead
Cross Character (Current): Weak
Cross Character (New): Weak
Price at Cross: 0.24996

1. Pre-Cross Pattern (15min):
EMA Distance Changes (%): ['0.019', '0.007', '0.003', '0.003']
EMA12 Changes (%): ['0.019', '-0.022', '-0.006', '-0.010']
Price Changes (%): ['0.144', '-0.248', '0.084', '-0.036']
Candle Analysis:
    Body Sizes (%): ['0.136', '0.259', '0.084', '0.028']
    Upper Shadows (%): ['0.032', '0.092', '0.104', '0.000']
    Lower Shadows (%): ['0.000', '0.000', '0.080', '0.000']
Volumes: [np.float64(163430.0), np.float64(324387.0), np.float64(333905.0), np.float64(204.0)]
2025-05-09 11:25:04,610 - INFO - 
2. Post-Cross Movement (30min):
5min Price Changes (%): []
Maximum Change: 0.000% after 0 minutes
Candle Analysis:
    Body Sizes (%): []
    Upper Shadows (%): []
    Lower Shadows (%): []
Volumes: []
==================================================
2025-05-09 11:25:08,046 - INFO - 
==================================================
EMA Cross Analysis - XRP/USDT
Time: 2025-05-09 11:20:00+09:00
Type: dead
Cross Character (Current): Weak
Cross Character (New): Weak
Price at Cross: 2.3032

1. Pre-Cross Pattern (15min):
EMA Distance Changes (%): ['0.023', '0.013', '0.004', '0.024']
EMA12 Changes (%): ['-0.005', '-0.017', '-0.016', '-0.052']
Price Changes (%): ['-0.013', '-0.082', '-0.013', '-0.247']
Candle Analysis:
    Body Sizes (%): ['0.013', '0.082', '0.013', '0.251']
    Upper Shadows (%): ['0.039', '0.069', '0.255', '0.095']
    Lower Shadows (%): ['0.134', '0.113', '0.104', '0.052']
Volumes: [np.float64(1263809.2), np.float64(1213363.7), np.float64(2433621.9), np.float64(3188427.3)]
2025-05-09 11:25:08,046 - INFO - 
2. Post-Cross Movement (30min):
5min Price Changes (%): ['-0.026']
Maximum Change: -0.026% after 5 minutes
Candle Analysis:
    Body Sizes (%): ['0.030']
    Upper Shadows (%): ['0.000']
    Lower Shadows (%): ['0.000']
Volumes: [np.float64(23524.4)]
==================================================
2025-05-09 11:30:50,463 - INFO - 
==================================================
EMA Cross Analysis - POL/USDT
Time: 2025-05-09 11:25:00+09:00
Type: dead
Cross Character (Current): Weak
Cross Character (New): Weak
Price at Cross: 0.24989

1. Pre-Cross Pattern (15min):
EMA Distance Changes (%): ['0.019', '0.007', '0.003', '0.005']
EMA12 Changes (%): ['0.019', '-0.022', '-0.006', '-0.015']
Price Changes (%): ['0.144', '-0.248', '0.084', '-0.064']
Candle Analysis:
    Body Sizes (%): ['0.136', '0.259', '0.084', '0.056']
    Upper Shadows (%): ['0.032', '0.092', '0.104', '0.100']
    Lower Shadows (%): ['0.000', '0.000', '0.080', '0.024']
Volumes: [np.float64(163430.0), np.float64(324387.0), np.float64(333905.0), np.float64(264846.0)]
2025-05-09 11:30:50,463 - INFO - 
2. Post-Cross Movement (30min):
5min Price Changes (%): ['0.020']
Maximum Change: 0.020% after 5 minutes
Candle Analysis:
    Body Sizes (%): ['0.028']
    Upper Shadows (%): ['0.024']
    Lower Shadows (%): ['0.012']
Volumes: [np.float64(10877.0)]
==================================================
2025-05-09 11:30:51,557 - INFO - 
==================================================
EMA Cross Analysis - DOGE/USDT
Time: 2025-05-09 11:30:00+09:00
Type: dead
Cross Character (Current): Weak
Cross Character (New): Weak
Price at Cross: 0.19522

1. Pre-Cross Pattern (15min):
EMA Distance Changes (%): ['0.048', '0.023', '0.002', '0.009']
EMA12 Changes (%): ['-0.013', '-0.041', '-0.037', '-0.021']
Price Changes (%): ['-0.118', '-0.194', '-0.015', '0.067']
Candle Analysis:
    Body Sizes (%): ['0.118', '0.199', '0.010', '0.067']
    Upper Shadows (%): ['0.363', '0.092', '0.118', '0.067']
    Lower Shadows (%): ['0.061', '0.118', '0.082', '0.026']
Volumes: [np.float64(17686354.0), np.float64(25779464.0), np.float64(13883203.0), np.float64(1292291.0)]
2025-05-09 11:30:51,558 - INFO - 
2. Post-Cross Movement (30min):
5min Price Changes (%): []
Maximum Change: 0.000% after 0 minutes
Candle Analysis:
    Body Sizes (%): []
    Upper Shadows (%): []
    Lower Shadows (%): []
Volumes: []
==================================================
2025-05-09 11:35:28,469 - INFO - 
==================================================
EMA Cross Analysis - DOGE/USDT
Time: 2025-05-09 11:35:00+09:00
Type: dead
Cross Character (Current): Weak
Cross Character (New): Weak
Price at Cross: 0.19537

1. Pre-Cross Pattern (15min):
EMA Distance Changes (%): ['0.023', '0.002', '0.000', '0.004']
EMA12 Changes (%): ['-0.041', '-0.037', '-0.004', '-0.008']
Price Changes (%): ['-0.194', '-0.015', '0.179', '-0.036']
Candle Analysis:
    Body Sizes (%): ['0.199', '0.010', '0.179', '0.036']
    Upper Shadows (%): ['0.092', '0.118', '0.082', '0.077']
    Lower Shadows (%): ['0.118', '0.082', '0.103', '0.036']
Volumes: [np.float64(25779464.0), np.float64(13883203.0), np.float64(9234811.0), np.float64(1756299.0)]
2025-05-09 11:35:28,469 - INFO - 
2. Post-Cross Movement (30min):
5min Price Changes (%): []
Maximum Change: 0.000% after 0 minutes
Candle Analysis:
    Body Sizes (%): []
    Upper Shadows (%): []
    Lower Shadows (%): []
Volumes: []
==================================================
2025-05-09 11:40:09,940 - INFO - 
==================================================
EMA Cross Analysis - GOAT/USDT
Time: 2025-05-09 11:40:00+09:00
Type: dead
Cross Character (Current): Strong
Cross Character (New): Weak
Price at Cross: 0.09177

1. Pre-Cross Pattern (15min):
EMA Distance Changes (%): ['0.284', '0.200', '0.005', '0.144']
EMA12 Changes (%): ['-0.203', '-0.118', '-0.346', '-0.281']
Price Changes (%): ['-0.172', '0.355', '-1.610', '0.087']
Candle Analysis:
    Body Sizes (%): ['0.129', '0.366', '1.610', '0.044']
    Upper Shadows (%): ['0.194', '0.151', '0.032', '0.033']
    Lower Shadows (%): ['0.086', '0.291', '0.043', '0.011']
Volumes: [np.float64(1301442.0), np.float64(2001845.0), np.float64(2585024.0), np.float64(28280.0)]
2025-05-09 11:40:09,940 - INFO - 
2. Post-Cross Movement (30min):
5min Price Changes (%): []
Maximum Change: 0.000% after 0 minutes
Candle Analysis:
    Body Sizes (%): []
    Upper Shadows (%): []
    Lower Shadows (%): []
Volumes: []
==================================================
2025-05-09 11:45:51,075 - INFO - 
==================================================
EMA Cross Analysis - DOGE/USDT
Time: 2025-05-09 11:40:00+09:00
Type: dead
Cross Character (Current): Weak
Cross Character (New): Weak
Price at Cross: 0.19517

1. Pre-Cross Pattern (15min):
EMA Distance Changes (%): ['0.002', '0.000', '0.011', '0.004']
EMA12 Changes (%): ['-0.037', '-0.004', '0.020', '-0.027']
Price Changes (%): ['-0.015', '0.179', '0.148', '-0.286']
Candle Analysis:
    Body Sizes (%): ['0.010', '0.179', '0.148', '0.286']
    Upper Shadows (%): ['0.118', '0.082', '0.194', '0.097']
    Lower Shadows (%): ['0.082', '0.103', '0.072', '0.041']
Volumes: [np.float64(13883203.0), np.float64(9234811.0), np.float64(20258219.0), np.float64(13890579.0)]
2025-05-09 11:45:51,076 - INFO - 
2. Post-Cross Movement (30min):
5min Price Changes (%): ['0.026']
Maximum Change: 0.026% after 5 minutes
Candle Analysis:
    Body Sizes (%): ['0.031']
    Upper Shadows (%): ['0.154']
    Lower Shadows (%): ['0.046']
Volumes: [np.float64(5174952.0)]
==================================================
2025-05-09 11:45:55,831 - INFO - 
==================================================
EMA Cross Analysis - GOAT/USDT
Time: 2025-05-09 11:40:00+09:00
Type: dead
Cross Character (Current): Strong
Cross Character (New): Weak
Price at Cross: 0.09203

1. Pre-Cross Pattern (15min):
EMA Distance Changes (%): ['0.284', '0.200', '0.005', '0.121']
EMA12 Changes (%): ['-0.203', '-0.118', '-0.346', '-0.238']
Price Changes (%): ['-0.172', '0.355', '-1.610', '0.371']
Candle Analysis:
    Body Sizes (%): ['0.129', '0.366', '1.610', '0.327']
    Upper Shadows (%): ['0.194', '0.151', '0.032', '0.076']
    Lower Shadows (%): ['0.086', '0.291', '0.043', '0.436']
Volumes: [np.float64(1301442.0), np.float64(2001845.0), np.float64(2585024.0), np.float64(1361795.0)]
2025-05-09 11:45:55,832 - INFO - 
2. Post-Cross Movement (30min):
5min Price Changes (%): ['-0.054']
Maximum Change: -0.054% after 5 minutes
Candle Analysis:
    Body Sizes (%): ['0.054']
    Upper Shadows (%): ['0.206']
    Lower Shadows (%): ['0.087']
Volumes: [np.float64(111085.0)]
==================================================
2025-05-09 11:50:23,919 - INFO - 
==================================================
EMA Cross Analysis - TIA/USDT
Time: 2025-05-09 11:50:00+09:00
Type: golden
Cross Character (Current): Weak
Cross Character (New): Weak
Price at Cross: 2.7423

1. Pre-Cross Pattern (15min):
EMA Distance Changes (%): ['0.075', '0.037', '0.012', '0.010']
EMA12 Changes (%): ['-0.050', '0.062', '0.044', '0.041']
Price Changes (%): ['-0.260', '0.683', '-0.058', '0.026']
Candle Analysis:
    Body Sizes (%): ['0.260', '0.690', '0.058', '0.022']
    Upper Shadows (%): ['0.308', '0.150', '0.040', '0.007']
    Lower Shadows (%): ['0.007', '0.048', '0.445', '0.084']
Volumes: [np.float64(145966.0), np.float64(189595.0), np.float64(250583.0), np.float64(17070.0)]
2025-05-09 11:50:23,920 - INFO - 
2. Post-Cross Movement (30min):
5min Price Changes (%): []
Maximum Change: 0.000% after 0 minutes
Candle Analysis:
    Body Sizes (%): []
    Upper Shadows (%): []
    Lower Shadows (%): []
Volumes: []
==================================================
2025-05-09 11:50:28,071 - INFO - 
==================================================
EMA Cross Analysis - DOGE/USDT
Time: 2025-05-09 11:50:00+09:00
Type: dead
Cross Character (Current): Weak
Cross Character (New): Weak
Price at Cross: 0.19537

1. Pre-Cross Pattern (15min):
EMA Distance Changes (%): ['0.011', '0.004', '0.004', '0.001']
EMA12 Changes (%): ['0.020', '-0.027', '0.016', '-0.010']
Price Changes (%): ['0.148', '-0.286', '0.256', '-0.153']
Candle Analysis:
    Body Sizes (%): ['0.148', '0.286', '0.261', '0.148']
    Upper Shadows (%): ['0.194', '0.097', '0.128', '0.010']
    Lower Shadows (%): ['0.072', '0.041', '0.077', '0.005']
Volumes: [np.float64(20258219.0), np.float64(13890579.0), np.float64(14432460.0), np.float64(2583695.0)]
2025-05-09 11:50:28,071 - INFO - 
2. Post-Cross Movement (30min):
5min Price Changes (%): []
Maximum Change: 0.000% after 0 minutes
Candle Analysis:
    Body Sizes (%): []
    Upper Shadows (%): []
    Lower Shadows (%): []
Volumes: []
==================================================
2025-05-09 12:00:46,444 - INFO - 
==================================================
EMA Cross Analysis - TIA/USDT
Time: 2025-05-09 11:55:00+09:00
Type: golden
Cross Character (Current): Weak
Cross Character (New): Weak
Price at Cross: 2.7401

1. Pre-Cross Pattern (15min):
EMA Distance Changes (%): ['0.037', '0.012', '0.005', '0.009']
EMA12 Changes (%): ['0.062', '0.044', '0.012', '0.027']
Price Changes (%): ['0.683', '-0.058', '-0.164', '0.110']
Candle Analysis:
    Body Sizes (%): ['0.690', '0.058', '0.168', '0.106']
    Upper Shadows (%): ['0.150', '0.040', '0.186', '0.150']
    Lower Shadows (%): ['0.048', '0.445', '0.219', '0.128']
Volumes: [np.float64(189595.0), np.float64(250583.0), np.float64(236577.0), np.float64(129875.0)]
2025-05-09 12:00:46,444 - INFO - 
2. Post-Cross Movement (30min):
5min Price Changes (%): ['0.117']
Maximum Change: 0.117% after 5 minutes
Candle Analysis:
    Body Sizes (%): ['0.117']
    Upper Shadows (%): ['0.069']
    Lower Shadows (%): ['0.015']
Volumes: [np.float64(20686.0)]
==================================================
2025-05-09 12:00:53,870 - INFO - 
==================================================
EMA Cross Analysis - PENGU/USDT
Time: 2025-05-09 12:00:00+09:00
Type: dead
Cross Character (Current): Weak
Cross Character (New): Weak
Price at Cross: 0.013989

1. Pre-Cross Pattern (15min):
EMA Distance Changes (%): ['0.132', '0.062', '0.029', '0.013']
EMA12 Changes (%): ['-0.052', '-0.117', '-0.055', '-0.075']
Price Changes (%): ['-0.092', '-0.477', '0.286', '-0.186']
Candle Analysis:
    Body Sizes (%): ['0.092', '0.477', '0.293', '0.178']
    Upper Shadows (%): ['0.221', '0.078', '0.036', '0.021']
    Lower Shadows (%): ['0.462', '0.100', '0.343', '0.128']
Volumes: [np.float64(31047720.0), np.float64(23244139.0), np.float64(28165966.0), np.float64(4002090.0)]
2025-05-09 12:00:53,870 - INFO - 
2. Post-Cross Movement (30min):
5min Price Changes (%): []
Maximum Change: 0.000% after 0 minutes
Candle Analysis:
    Body Sizes (%): []
    Upper Shadows (%): []
    Lower Shadows (%): []
Volumes: []
==================================================
2025-05-09 12:00:57,041 - INFO - 
==================================================
EMA Cross Analysis - VANA/USDT
Time: 2025-05-09 12:00:00+09:00
Type: dead
Cross Character (Current): Weak
Cross Character (New): Weak
Price at Cross: 5.998

1. Pre-Cross Pattern (15min):
EMA Distance Changes (%): ['0.074', '0.041', '0.005', '0.018']
EMA12 Changes (%): ['-0.065', '-0.052', '-0.065', '-0.042']
Price Changes (%): ['0.117', '0.017', '-0.133', '0.083']
Candle Analysis:
    Body Sizes (%): ['0.134', '0.017', '0.117', '0.117']
    Upper Shadows (%): ['0.083', '0.033', '0.000', '0.167']
    Lower Shadows (%): ['0.100', '0.300', '0.200', '0.000']
Volumes: [np.float64(10569.44), np.float64(7727.44), np.float64(10720.99), np.float64(6241.82)]
2025-05-09 12:00:57,041 - INFO - 
2. Post-Cross Movement (30min):
5min Price Changes (%): []
Maximum Change: 0.000% after 0 minutes
Candle Analysis:
    Body Sizes (%): []
    Upper Shadows (%): []
    Lower Shadows (%): []
Volumes: []
==================================================
2025-05-09 12:05:25,493 - INFO - 
==================================================
EMA Cross Analysis - FXS/USDT
Time: 2025-05-09 12:00:00+09:00
Type: dead
Cross Character (Current): Weak
Cross Character (New): Weak
Price at Cross: 2.355

1. Pre-Cross Pattern (15min):
EMA Distance Changes (%): ['0.039', '0.033', '0.019', '0.008']
EMA12 Changes (%): ['0.020', '-0.007', '-0.022', '-0.048']
Price Changes (%): ['0.013', '-0.156', '-0.102', '-0.195']
Candle Analysis:
    Body Sizes (%): ['0.021', '0.135', '0.148', '0.195']
    Upper Shadows (%): ['0.076', '0.118', '0.000', '0.136']
    Lower Shadows (%): ['0.254', '0.097', '0.182', '0.161']
Volumes: [np.float64(3916.9), np.float64(1350.8), np.float64(1683.9), np.float64(4706.6)]
2025-05-09 12:05:25,493 - INFO - 
2. Post-Cross Movement (30min):
5min Price Changes (%): ['-0.042']
Maximum Change: -0.042% after 5 minutes
Candle Analysis:
    Body Sizes (%): ['0.017']
    Upper Shadows (%): ['0.017']
    Lower Shadows (%): ['0.119']
Volumes: [np.float64(1285.0)]
==================================================
2025-05-09 12:05:30,721 - INFO - 
==================================================
EMA Cross Analysis - PENGU/USDT
Time: 2025-05-09 12:00:00+09:00
Type: dead
Cross Character (Current): Weak
Cross Character (New): Weak
Price at Cross: 0.013975

1. Pre-Cross Pattern (15min):
EMA Distance Changes (%): ['0.132', '0.062', '0.029', '0.021']
EMA12 Changes (%): ['-0.052', '-0.117', '-0.055', '-0.091']
Price Changes (%): ['-0.092', '-0.477', '0.286', '-0.285']
Candle Analysis:
    Body Sizes (%): ['0.092', '0.477', '0.293', '0.278']
    Upper Shadows (%): ['0.221', '0.078', '0.036', '0.021']
    Lower Shadows (%): ['0.462', '0.100', '0.343', '0.549']
Volumes: [np.float64(31047720.0), np.float64(23244139.0), np.float64(28165966.0), np.float64(35502932.0)]
2025-05-09 12:05:30,721 - INFO - 
2. Post-Cross Movement (30min):
5min Price Changes (%): ['-0.029']
Maximum Change: -0.029% after 5 minutes
Candle Analysis:
    Body Sizes (%): ['0.029']
    Upper Shadows (%): ['0.122']
    Lower Shadows (%): ['0.007']
Volumes: [np.float64(2353653.0)]
==================================================
2025-05-09 12:05:33,895 - INFO - 
==================================================
EMA Cross Analysis - VANA/USDT
Time: 2025-05-09 12:00:00+09:00
Type: dead
Cross Character (Current): Weak
Cross Character (New): Weak
Price at Cross: 5.987

1. Pre-Cross Pattern (15min):
EMA Distance Changes (%): ['0.074', '0.041', '0.005', '0.032']
EMA12 Changes (%): ['-0.065', '-0.052', '-0.065', '-0.070']
Price Changes (%): ['0.117', '0.017', '-0.133', '-0.100']
Candle Analysis:
    Body Sizes (%): ['0.134', '0.017', '0.117', '0.067']
    Upper Shadows (%): ['0.083', '0.033', '0.000', '0.284']
    Lower Shadows (%): ['0.100', '0.300', '0.200', '0.067']
Volumes: [np.float64(10569.44), np.float64(7727.44), np.float64(10720.99), np.float64(11718.9)]
2025-05-09 12:05:33,896 - INFO - 
2. Post-Cross Movement (30min):
5min Price Changes (%): ['0.050']
Maximum Change: 0.050% after 5 minutes
Candle Analysis:
    Body Sizes (%): ['0.084']
    Upper Shadows (%): ['0.067']
    Lower Shadows (%): ['0.017']
Volumes: [np.float64(3978.63)]
==================================================
2025-05-09 12:10:06,285 - INFO - 
==================================================
EMA Cross Analysis - XRP/USDT
Time: 2025-05-09 12:05:00+09:00
Type: golden
Cross Character (Current): Weak
Cross Character (New): Weak
Price at Cross: 2.321

1. Pre-Cross Pattern (15min):
EMA Distance Changes (%): ['0.042', '0.035', '0.017', '0.026']
EMA12 Changes (%): ['-0.001', '0.006', '0.029', '0.081']
Price Changes (%): ['-0.117', '0.048', '0.156', '0.363']
Candle Analysis:
    Body Sizes (%): ['0.117', '0.052', '0.160', '0.359']
    Upper Shadows (%): ['0.091', '0.065', '0.061', '0.022']
    Lower Shadows (%): ['0.113', '0.078', '0.035', '0.056']
Volumes: [np.float64(1796079.6), np.float64(1637260.2), np.float64(3021326.7), np.float64(2884404.3)]
2025-05-09 12:10:06,285 - INFO - 
2. Post-Cross Movement (30min):
5min Price Changes (%): ['0.004']
Maximum Change: 0.004% after 5 minutes
Candle Analysis:
    Body Sizes (%): ['0.004']
    Upper Shadows (%): ['0.009']
    Lower Shadows (%): ['0.000']
Volumes: [np.float64(32875.9)]
==================================================
2025-05-09 12:10:10,417 - INFO - 
==================================================
EMA Cross Analysis - VANA/USDT
Time: 2025-05-09 12:10:00+09:00
Type: golden
Cross Character (Current): Weak
Cross Character (New): Weak
Price at Cross: 6.029

1. Pre-Cross Pattern (15min):
EMA Distance Changes (%): ['0.005', '0.032', '0.006', '0.016']
EMA12 Changes (%): ['-0.065', '-0.070', '0.046', '0.041']
Price Changes (%): ['-0.133', '-0.100', '0.685', '0.017']
Candle Analysis:
    Body Sizes (%): ['0.117', '0.067', '0.718', '0.017']
    Upper Shadows (%): ['0.000', '0.284', '0.251', '0.017']
    Lower Shadows (%): ['0.200', '0.067', '0.017', '0.017']
Volumes: [np.float64(10720.99), np.float64(11718.9), np.float64(19038.15), np.float64(531.58)]
2025-05-09 12:10:10,417 - INFO - 
2. Post-Cross Movement (30min):
5min Price Changes (%): []
Maximum Change: 0.000% after 0 minutes
Candle Analysis:
    Body Sizes (%): []
    Upper Shadows (%): []
    Lower Shadows (%): []
Volumes: []
==================================================
2025-05-09 12:11:12,561 - INFO - 
==================================================
EMA Cross Analysis - HIPPO/USDT
Time: 2025-05-09 12:10:00+09:00
Type: golden
Cross Character (Current): Weak
Cross Character (New): Weak
Price at Cross: 0.002575

1. Pre-Cross Pattern (15min):
EMA Distance Changes (%): ['0.125', '0.079', '0.030', '0.000']
EMA12 Changes (%): ['0.220', '0.072', '0.085', '0.054']
Price Changes (%): ['0.934', '-0.733', '0.155', '-0.116']
Candle Analysis:
    Body Sizes (%): ['0.934', '0.771', '0.155', '0.116']
    Upper Shadows (%): ['0.117', '0.231', '0.350', '0.194']
    Lower Shadows (%): ['0.506', '0.231', '0.311', '0.039']
Volumes: [np.float64(27283745.0), np.float64(11576106.0), np.float64(8072686.0), np.float64(1954094.0)]
2025-05-09 12:11:12,561 - INFO - 
2. Post-Cross Movement (30min):
5min Price Changes (%): []
Maximum Change: 0.000% after 0 minutes
Candle Analysis:
    Body Sizes (%): []
    Upper Shadows (%): []
    Lower Shadows (%): []
Volumes: []
==================================================
2025-05-09 12:15:47,729 - INFO - 
==================================================
EMA Cross Analysis - HIPPO/USDT
Time: 2025-05-09 12:10:00+09:00
Type: golden
Cross Character (Current): Weak
Cross Character (New): Weak
Price at Cross: 0.002576

1. Pre-Cross Pattern (15min):
EMA Distance Changes (%): ['0.125', '0.079', '0.030', '0.003']
EMA12 Changes (%): ['0.220', '0.072', '0.085', '0.060']
Price Changes (%): ['0.934', '-0.733', '0.155', '-0.078']
Candle Analysis:
    Body Sizes (%): ['0.934', '0.771', '0.155', '0.078']
    Upper Shadows (%): ['0.117', '0.231', '0.350', '0.310']
    Lower Shadows (%): ['0.506', '0.231', '0.311', '0.310']
Volumes: [np.float64(27283745.0), np.float64(11576106.0), np.float64(8072686.0), np.float64(10639480.0)]
2025-05-09 12:15:47,730 - INFO - 
2. Post-Cross Movement (30min):
5min Price Changes (%): ['0.000']
Maximum Change: 0.000% after 0 minutes
Candle Analysis:
    Body Sizes (%): ['0.000']
    Upper Shadows (%): ['0.233']
    Lower Shadows (%): ['0.000']
Volumes: [np.float64(604054.0)]
==================================================
2025-05-09 12:15:51,669 - INFO - 
==================================================
EMA Cross Analysis - BNB/USDT
Time: 2025-05-09 12:15:00+09:00
Type: golden
Cross Character (Current): Weak
Cross Character (New): Weak
Price at Cross: 626.58

1. Pre-Cross Pattern (15min):
EMA Distance Changes (%): ['0.067', '0.041', '0.017', '0.003']
EMA12 Changes (%): ['0.020', '0.039', '0.041', '0.036']
Price Changes (%): ['0.115', '0.146', '0.050', '0.011']
Candle Analysis:
    Body Sizes (%): ['0.117', '0.147', '0.048', '0.010']
    Upper Shadows (%): ['0.034', '0.061', '0.046', '0.032']
    Lower Shadows (%): ['0.038', '0.029', '0.008', '0.002']
Volumes: [np.float64(2286.4), np.float64(2870.85), np.float64(2264.25), np.float64(232.57)]
2025-05-09 12:15:51,669 - INFO - 
2. Post-Cross Movement (30min):
5min Price Changes (%): []
Maximum Change: 0.000% after 0 minutes
Candle Analysis:
    Body Sizes (%): []
    Upper Shadows (%): []
    Lower Shadows (%): []
Volumes: []
==================================================
2025-05-09 12:15:53,414 - INFO - 
==================================================
EMA Cross Analysis - PENGU/USDT
Time: 2025-05-09 12:10:00+09:00
Type: golden
Cross Character (Current): Weak
Cross Character (New): Weak
Price at Cross: 0.01418

1. Pre-Cross Pattern (15min):
EMA Distance Changes (%): ['0.029', '0.021', '0.011', '0.065']
EMA12 Changes (%): ['-0.055', '-0.091', '0.016', '0.145']
Price Changes (%): ['0.286', '-0.285', '0.608', '0.853']
Candle Analysis:
    Body Sizes (%): ['0.293', '0.278', '0.608', '0.825']
    Upper Shadows (%): ['0.036', '0.021', '0.558', '0.363']
    Lower Shadows (%): ['0.343', '0.549', '0.036', '0.092']
Volumes: [np.float64(28165966.0), np.float64(35502932.0), np.float64(37304906.0), np.float64(75140015.0)]
2025-05-09 12:15:53,415 - INFO - 
2. Post-Cross Movement (30min):
5min Price Changes (%): ['0.155']
Maximum Change: 0.155% after 5 minutes
Candle Analysis:
    Body Sizes (%): ['0.134']
    Upper Shadows (%): ['0.465']
    Lower Shadows (%): ['0.000']
Volumes: [np.float64(32540808.0)]
==================================================
2025-05-09 12:15:56,201 - INFO - 
==================================================
EMA Cross Analysis - BRETT/USDT
Time: 2025-05-09 12:10:00+09:00
Type: golden
Cross Character (Current): Weak
Cross Character (New): Weak
Price at Cross: 0.07528

1. Pre-Cross Pattern (15min):
EMA Distance Changes (%): ['0.118', '0.099', '0.049', '0.062']
EMA12 Changes (%): ['0.003', '0.019', '0.082', '0.208']
Price Changes (%): ['-0.121', '0.108', '0.431', '0.898']
Candle Analysis:
    Body Sizes (%): ['0.121', '0.135', '0.444', '0.830']
    Upper Shadows (%): ['0.188', '0.243', '0.390', '0.321']
    Lower Shadows (%): ['0.215', '0.135', '0.148', '0.121']
Volumes: [np.float64(517038.0), np.float64(1238208.0), np.float64(1263739.0), np.float64(2229437.0)]
2025-05-09 12:15:56,201 - INFO - 
2. Post-Cross Movement (30min):
5min Price Changes (%): ['0.053']
Maximum Change: 0.053% after 5 minutes
Candle Analysis:
    Body Sizes (%): ['0.053']
    Upper Shadows (%): ['0.345']
    Lower Shadows (%): ['0.013']
Volumes: [np.float64(335588.0)]
==================================================
2025-05-09 12:15:56,586 - INFO - 
==================================================
EMA Cross Analysis - VANA/USDT
Time: 2025-05-09 12:10:00+09:00
Type: golden
Cross Character (Current): Weak
Cross Character (New): Weak
Price at Cross: 6.027

1. Pre-Cross Pattern (15min):
EMA Distance Changes (%): ['0.005', '0.032', '0.006', '0.013']
EMA12 Changes (%): ['-0.065', '-0.070', '0.046', '0.036']
Price Changes (%): ['-0.133', '-0.100', '0.685', '-0.017']
Candle Analysis:
    Body Sizes (%): ['0.117', '0.067', '0.718', '0.017']
    Upper Shadows (%): ['0.000', '0.284', '0.251', '0.182']
    Lower Shadows (%): ['0.200', '0.067', '0.017', '0.083']
Volumes: [np.float64(10720.99), np.float64(11718.9), np.float64(19038.15), np.float64(9734.27)]
2025-05-09 12:15:56,586 - INFO - 
2. Post-Cross Movement (30min):
5min Price Changes (%): ['0.166']
Maximum Change: 0.166% after 5 minutes
Candle Analysis:
    Body Sizes (%): ['0.166']
    Upper Shadows (%): ['0.017']
    Lower Shadows (%): ['0.017']
Volumes: [np.float64(1593.1)]
==================================================
2025-05-09 12:20:24,605 - INFO - 
==================================================
EMA Cross Analysis - HIPPO/USDT
Time: 2025-05-09 12:15:00+09:00
Type: dead
Cross Character (Current): Weak
Cross Character (New): Weak
Price at Cross: 0.002562

1. Pre-Cross Pattern (15min):
EMA Distance Changes (%): ['0.079', '0.030', '0.003', '0.015']
EMA12 Changes (%): ['0.072', '0.085', '0.060', '-0.034']
Price Changes (%): ['-0.733', '0.155', '-0.078', '-0.543']
Candle Analysis:
    Body Sizes (%): ['0.771', '0.155', '0.078', '0.543']
    Upper Shadows (%): ['0.231', '0.350', '0.310', '0.233']
    Lower Shadows (%): ['0.231', '0.311', '0.310', '0.776']
Volumes: [np.float64(11576106.0), np.float64(8072686.0), np.float64(10639480.0), np.float64(17650954.0)]
2025-05-09 12:20:24,605 - INFO - 
2. Post-Cross Movement (30min):
5min Price Changes (%): ['0.078']
Maximum Change: 0.078% after 5 minutes
Candle Analysis:
    Body Sizes (%): ['0.078']
    Upper Shadows (%): ['0.039']
    Lower Shadows (%): ['0.000']
Volumes: [np.float64(1008230.0)]
==================================================
2025-05-09 12:20:28,528 - INFO - 
==================================================
EMA Cross Analysis - BNB/USDT
Time: 2025-05-09 12:20:00+09:00
Type: golden
Cross Character (Current): Weak
Cross Character (New): Weak
Price at Cross: 626.3

1. Pre-Cross Pattern (15min):
EMA Distance Changes (%): ['0.041', '0.017', '0.002', '0.011']
EMA12 Changes (%): ['0.039', '0.041', '0.027', '0.025']
Price Changes (%): ['0.146', '0.050', '-0.051', '0.018']
Candle Analysis:
    Body Sizes (%): ['0.147', '0.048', '0.053', '0.016']
    Upper Shadows (%): ['0.061', '0.046', '0.041', '0.000']
    Lower Shadows (%): ['0.029', '0.008', '0.030', '0.013']
Volumes: [np.float64(2870.85), np.float64(2264.25), np.float64(1545.58), np.float64(72.97)]
2025-05-09 12:20:28,528 - INFO - 
2. Post-Cross Movement (30min):
5min Price Changes (%): []
Maximum Change: 0.000% after 0 minutes
Candle Analysis:
    Body Sizes (%): []
    Upper Shadows (%): []
    Lower Shadows (%): []
Volumes: []
==================================================
2025-05-09 12:25:04,296 - INFO - 
==================================================
EMA Cross Analysis - BNB/USDT
Time: 2025-05-09 12:20:00+09:00
Type: golden
Cross Character (Current): Weak
Cross Character (New): Weak
Price at Cross: 626.84

1. Pre-Cross Pattern (15min):
EMA Distance Changes (%): ['0.041', '0.017', '0.002', '0.018']
EMA12 Changes (%): ['0.039', '0.041', '0.027', '0.039']
Price Changes (%): ['0.146', '0.050', '-0.051', '0.104']
Candle Analysis:
    Body Sizes (%): ['0.147', '0.048', '0.053', '0.102']
    Upper Shadows (%): ['0.061', '0.046', '0.041', '0.034']
    Lower Shadows (%): ['0.029', '0.008', '0.030', '0.030']
Volumes: [np.float64(2870.85), np.float64(2264.25), np.float64(1545.58), np.float64(1542.54)]
2025-05-09 12:25:04,296 - INFO - 
2. Post-Cross Movement (30min):
5min Price Changes (%): ['0.002']
Maximum Change: 0.002% after 5 minutes
Candle Analysis:
    Body Sizes (%): ['0.002']
    Upper Shadows (%): ['0.000']
    Lower Shadows (%): ['0.000']
Volumes: [np.float64(2.11)]
==================================================
2025-05-09 12:25:07,514 - INFO - 
==================================================
EMA Cross Analysis - GOAT/USDT
Time: 2025-05-09 12:20:00+09:00
Type: golden
Cross Character (Current): Strong
Cross Character (New): Weak
Price at Cross: 0.09458

1. Pre-Cross Pattern (15min):
EMA Distance Changes (%): ['0.326', '0.244', '0.134', '0.012']
EMA12 Changes (%): ['0.012', '0.110', '0.176', '0.266']
Price Changes (%): ['0.684', '0.647', '0.536', '0.756']
Candle Analysis:
    Body Sizes (%): ['0.673', '0.636', '0.492', '0.767']
    Upper Shadows (%): ['0.521', '0.399', '0.150', '0.607']
    Lower Shadows (%): ['0.043', '0.097', '0.321', '0.117']
Volumes: [np.float64(1382456.0), np.float64(2110216.0), np.float64(1545027.0), np.float64(2257191.0)]
2025-05-09 12:25:07,514 - INFO - 
2. Post-Cross Movement (30min):
5min Price Changes (%): ['0.032']
Maximum Change: 0.032% after 5 minutes
Candle Analysis:
    Body Sizes (%): ['0.042']
    Upper Shadows (%): ['0.011']
    Lower Shadows (%): ['0.021']
Volumes: [np.float64(24016.0)]
==================================================
2025-05-09 12:26:13,420 - INFO - 
==================================================
EMA Cross Analysis - POL/USDT
Time: 2025-05-09 12:25:00+09:00
Type: golden
Cross Character (Current): Weak
Cross Character (New): Weak
Price at Cross: 0.25048

1. Pre-Cross Pattern (15min):
EMA Distance Changes (%): ['0.089', '0.067', '0.023', '0.003']
EMA12 Changes (%): ['0.075', '0.032', '0.074', '0.047']
Price Changes (%): ['0.389', '-0.204', '0.304', '-0.100']
Candle Analysis:
    Body Sizes (%): ['0.397', '0.208', '0.304', '0.088']
    Upper Shadows (%): ['0.108', '0.172', '0.100', '0.004']
    Lower Shadows (%): ['0.000', '0.040', '0.012', '0.096']
Volumes: [np.float64(828943.0), np.float64(272014.0), np.float64(674573.0), np.float64(123326.0)]
2025-05-09 12:26:13,420 - INFO - 
2. Post-Cross Movement (30min):
5min Price Changes (%): []
Maximum Change: 0.000% after 0 minutes
Candle Analysis:
    Body Sizes (%): []
    Upper Shadows (%): []
    Lower Shadows (%): []
Volumes: []
==================================================
2025-05-09 12:30:48,557 - INFO - 
==================================================
EMA Cross Analysis - 1000PEPE/USDT
Time: 2025-05-09 12:30:00+09:00
Type: golden
Cross Character (Current): Weak
Cross Character (New): Weak
Price at Cross: 0.0110147

1. Pre-Cross Pattern (15min):
EMA Distance Changes (%): ['0.122', '0.078', '0.023', '0.002']
EMA12 Changes (%): ['0.003', '0.066', '0.096', '0.044']
Price Changes (%): ['-0.196', '0.416', '0.261', '-0.242']
Candle Analysis:
    Body Sizes (%): ['0.197', '0.416', '0.261', '0.245']
    Upper Shadows (%): ['0.133', '0.269', '0.054', '0.031']
    Lower Shadows (%): ['0.238', '0.036', '0.086', '0.018']
Volumes: [np.float64(305509017.0), np.float64(445141974.0), np.float64(303775887.0), np.float64(82287320.0)]
2025-05-09 12:30:48,557 - INFO - 
2. Post-Cross Movement (30min):
5min Price Changes (%): []
Maximum Change: 0.000% after 0 minutes
Candle Analysis:
    Body Sizes (%): []
    Upper Shadows (%): []
    Lower Shadows (%): []
Volumes: []
==================================================
2025-05-09 12:35:28,380 - INFO - 
==================================================
EMA Cross Analysis - TNSR/USDT
Time: 2025-05-09 12:35:00+09:00
Type: dead
Cross Character (Current): Weak
Cross Character (New): Weak
Price at Cross: 0.1633

1. Pre-Cross Pattern (15min):
EMA Distance Changes (%): ['0.206', '0.138', '0.053', '0.044']
EMA12 Changes (%): ['0.009', '-0.104', '-0.144', '-0.178']
Price Changes (%): ['0.607', '-0.724', '-0.365', '-0.366']
Candle Analysis:
    Body Sizes (%): ['0.607', '0.724', '0.365', '0.366']
    Upper Shadows (%): ['0.000', '0.060', '0.061', '0.000']
    Lower Shadows (%): ['0.000', '0.000', '0.182', '0.122']
Volumes: [np.float64(131487.9), np.float64(166858.8), np.float64(229687.8), np.float64(41728.2)]
2025-05-09 12:35:28,380 - INFO - 
2. Post-Cross Movement (30min):
5min Price Changes (%): []
Maximum Change: 0.000% after 0 minutes
Candle Analysis:
    Body Sizes (%): []
    Upper Shadows (%): []
    Lower Shadows (%): []
Volumes: []
==================================================
2025-05-09 12:35:28,601 - INFO - 
==================================================
EMA Cross Analysis - GRASS/USDT
Time: 2025-05-09 12:35:00+09:00
Type: dead
Cross Character (Current): Weak
Cross Character (New): Weak
Price at Cross: 1.5813

1. Pre-Cross Pattern (15min):
EMA Distance Changes (%): ['0.149', '0.109', '0.054', '0.013']
EMA12 Changes (%): ['-0.002', '-0.056', '-0.091', '-0.120']
Price Changes (%): ['0.075', '-0.351', '-0.283', '-0.284']
Candle Analysis:
    Body Sizes (%): ['0.094', '0.263', '0.270', '0.252']
    Upper Shadows (%): ['0.119', '0.031', '0.006', '0.000']
    Lower Shadows (%): ['0.339', '0.220', '0.069', '0.013']
Volumes: [np.float64(51562.9), np.float64(15209.5), np.float64(52584.7), np.float64(3193.5)]
2025-05-09 12:35:28,601 - INFO - 
2. Post-Cross Movement (30min):
5min Price Changes (%): []
Maximum Change: 0.000% after 0 minutes
Candle Analysis:
    Body Sizes (%): []
    Upper Shadows (%): []
    Lower Shadows (%): []
Volumes: []
==================================================
2025-05-09 12:35:31,009 - INFO - 
==================================================
EMA Cross Analysis - PENGU/USDT
Time: 2025-05-09 12:35:00+09:00
Type: dead
Cross Character (Current): Weak
Cross Character (New): Weak
Price at Cross: 0.013973

1. Pre-Cross Pattern (15min):
EMA Distance Changes (%): ['0.105', '0.069', '0.046', '0.012']
EMA12 Changes (%): ['0.115', '-0.057', '-0.035', '-0.104']
Price Changes (%): ['0.854', '-0.995', '0.086', '-0.484']
Candle Analysis:
    Body Sizes (%): ['0.847', '0.995', '0.071', '0.498']
    Upper Shadows (%): ['0.356', '0.007', '0.235', '0.007']
    Lower Shadows (%): ['0.085', '0.141', '0.314', '0.093']
Volumes: [np.float64(25144418.0), np.float64(75781323.0), np.float64(24653141.0), np.float64(7118139.0)]
2025-05-09 12:35:31,009 - INFO - 
2. Post-Cross Movement (30min):
5min Price Changes (%): []
Maximum Change: 0.000% after 0 minutes
Candle Analysis:
    Body Sizes (%): []
    Upper Shadows (%): []
    Lower Shadows (%): []
Volumes: []
==================================================
2025-05-09 12:40:05,681 - INFO - 
==================================================
EMA Cross Analysis - TNSR/USDT
Time: 2025-05-09 12:35:00+09:00
Type: dead
Cross Character (Current): Weak
Cross Character (New): Weak
Price at Cross: 0.1629

1. Pre-Cross Pattern (15min):
EMA Distance Changes (%): ['0.206', '0.138', '0.053', '0.064']
EMA12 Changes (%): ['0.009', '-0.104', '-0.144', '-0.215']
Price Changes (%): ['0.607', '-0.724', '-0.365', '-0.610']
Candle Analysis:
    Body Sizes (%): ['0.607', '0.724', '0.365', '0.610']
    Upper Shadows (%): ['0.000', '0.060', '0.061', '0.000']
    Lower Shadows (%): ['0.000', '0.000', '0.182', '0.183']
Volumes: [np.float64(131487.9), np.float64(166858.8), np.float64(229687.8), np.float64(214966.5)]
2025-05-09 12:40:05,682 - INFO - 
2. Post-Cross Movement (30min):
5min Price Changes (%): ['-0.246']
Maximum Change: -0.246% after 5 minutes
Candle Analysis:
    Body Sizes (%): ['0.184']
    Upper Shadows (%): ['0.000']
    Lower Shadows (%): ['0.000']
Volumes: [np.float64(14903.0)]
==================================================
2025-05-09 12:40:05,898 - INFO - 
==================================================
EMA Cross Analysis - GRASS/USDT
Time: 2025-05-09 12:35:00+09:00
Type: dead
Cross Character (Current): Weak
Cross Character (New): Weak
Price at Cross: 1.5708

1. Pre-Cross Pattern (15min):
EMA Distance Changes (%): ['0.149', '0.109', '0.054', '0.066']
EMA12 Changes (%): ['-0.002', '-0.056', '-0.091', '-0.222']
Price Changes (%): ['0.075', '-0.351', '-0.283', '-0.946']
Candle Analysis:
    Body Sizes (%): ['0.094', '0.263', '0.270', '0.915']
    Upper Shadows (%): ['0.119', '0.031', '0.006', '0.000']
    Lower Shadows (%): ['0.339', '0.220', '0.069', '0.107']
Volumes: [np.float64(51562.9), np.float64(15209.5), np.float64(52584.7), np.float64(56655.9)]
2025-05-09 12:40:05,898 - INFO - 
2. Post-Cross Movement (30min):
5min Price Changes (%): ['-0.025']
Maximum Change: -0.025% after 5 minutes
Candle Analysis:
    Body Sizes (%): ['0.019']
    Upper Shadows (%): ['0.000']
    Lower Shadows (%): ['0.000']
Volumes: [np.float64(11.8)]
==================================================
2025-05-09 12:40:08,300 - INFO - 
==================================================
EMA Cross Analysis - PENGU/USDT
Time: 2025-05-09 12:35:00+09:00
Type: dead
Cross Character (Current): Weak
Cross Character (New): Weak
Price at Cross: 0.013814

1. Pre-Cross Pattern (15min):
EMA Distance Changes (%): ['0.105', '0.069', '0.046', '0.104']
EMA12 Changes (%): ['0.115', '-0.057', '-0.035', '-0.278']
Price Changes (%): ['0.854', '-0.995', '0.086', '-1.617']
Candle Analysis:
    Body Sizes (%): ['0.847', '0.995', '0.071', '1.631']
    Upper Shadows (%): ['0.356', '0.007', '0.235', '0.007']
    Lower Shadows (%): ['0.085', '0.141', '0.314', '0.043']
Volumes: [np.float64(25144418.0), np.float64(75781323.0), np.float64(24653141.0), np.float64(124326833.0)]
2025-05-09 12:40:08,300 - INFO - 
2. Post-Cross Movement (30min):
5min Price Changes (%): ['0.058']
Maximum Change: 0.058% after 5 minutes
Candle Analysis:
    Body Sizes (%): ['0.065']
    Upper Shadows (%): ['0.007']
    Lower Shadows (%): ['0.051']
Volumes: [np.float64(1989515.0)]
==================================================
2025-05-09 12:40:09,822 - INFO - 
==================================================
EMA Cross Analysis - GOAT/USDT
Time: 2025-05-09 12:40:00+09:00
Type: dead
Cross Character (Current): Weak
Cross Character (New): Weak
Price at Cross: 0.09245

1. Pre-Cross Pattern (15min):
EMA Distance Changes (%): ['0.096', '0.144', '0.036', '0.040']
EMA12 Changes (%): ['0.165', '0.106', '-0.190', '-0.140']
Price Changes (%): ['-0.381', '-0.212', '-1.808', '0.141']
Candle Analysis:
    Body Sizes (%): ['0.370', '0.212', '1.777', '0.087']
    Upper Shadows (%): ['0.296', '0.233', '0.000', '0.097']
    Lower Shadows (%): ['0.011', '0.318', '0.117', '0.152']
Volumes: [np.float64(1677555.0), np.float64(879064.0), np.float64(1770345.0), np.float64(158384.0)]
2025-05-09 12:40:09,823 - INFO - 
2. Post-Cross Movement (30min):
5min Price Changes (%): []
Maximum Change: 0.000% after 0 minutes
Candle Analysis:
    Body Sizes (%): []
    Upper Shadows (%): []
    Lower Shadows (%): []
Volumes: []
==================================================
2025-05-09 12:41:13,680 - INFO - 
==================================================
EMA Cross Analysis - HIPPO/USDT
Time: 2025-05-09 12:35:00+09:00
Type: dead
Cross Character (Current): Weak
Cross Character (New): Weak
Price at Cross: 0.002531

1. Pre-Cross Pattern (15min):
EMA Distance Changes (%): ['0.003', '0.007', '0.040', '0.083']
EMA12 Changes (%): ['0.020', '-0.007', '0.090', '-0.230']
Price Changes (%): ['0.312', '-0.156', '0.624', '-1.975']
Candle Analysis:
    Body Sizes (%): ['0.312', '0.194', '0.663', '1.975']
    Upper Shadows (%): ['0.507', '0.272', '0.390', '0.000']
    Lower Shadows (%): ['0.000', '0.078', '0.000', '0.426']
Volumes: [np.float64(11452174.0), np.float64(8529301.0), np.float64(20454521.0), np.float64(48449812.0)]
2025-05-09 12:41:13,680 - INFO - 
2. Post-Cross Movement (30min):
5min Price Changes (%): ['0.237']
Maximum Change: 0.237% after 5 minutes
Candle Analysis:
    Body Sizes (%): ['0.237']
    Upper Shadows (%): ['0.158']
    Lower Shadows (%): ['0.040']
Volumes: [np.float64(3767744.0)]
==================================================
2025-05-09 12:45:49,109 - INFO - 
==================================================
EMA Cross Analysis - FXS/USDT
Time: 2025-05-09 12:40:00+09:00
Type: dead
Cross Character (Current): Weak
Cross Character (New): Weak
Price at Cross: 2.345

1. Pre-Cross Pattern (15min):
EMA Distance Changes (%): ['0.036', '0.028', '0.030', '0.034']
EMA12 Changes (%): ['0.001', '-0.009', '0.008', '-0.119']
Price Changes (%): ['-0.350', '-0.063', '0.106', '-0.821']
Candle Analysis:
    Body Sizes (%): ['0.421', '0.051', '0.136', '0.808']
    Upper Shadows (%): ['0.008', '0.212', '0.055', '0.000']
    Lower Shadows (%): ['0.042', '0.118', '0.144', '0.000']
Volumes: [np.float64(7177.8), np.float64(5127.5), np.float64(3952.6), np.float64(6884.1)]
2025-05-09 12:45:49,109 - INFO - 
2. Post-Cross Movement (30min):
5min Price Changes (%): ['-0.077']
Maximum Change: -0.077% after 5 minutes
Candle Analysis:
    Body Sizes (%): ['0.090']
    Upper Shadows (%): ['0.077']
    Lower Shadows (%): ['0.286']
Volumes: [np.float64(12227.2)]
==================================================
2025-05-09 12:45:49,544 - INFO - 
==================================================
EMA Cross Analysis - ACX/USDT
Time: 2025-05-09 12:45:00+09:00
Type: dead
Cross Character (Current): Weak
Cross Character (New): Weak
Price at Cross: 0.2405

1. Pre-Cross Pattern (15min):
EMA Distance Changes (%): ['0.233', '0.126', '0.017', '0.066']
EMA12 Changes (%): ['-0.137', '-0.173', '-0.191', '-0.155']
Price Changes (%): ['-0.371', '-0.372', '-0.290', '0.042']
Candle Analysis:
    Body Sizes (%): ['0.371', '0.372', '0.249', '0.000']
    Upper Shadows (%): ['0.124', '0.000', '0.207', '0.000']
    Lower Shadows (%): ['0.041', '0.413', '0.166', '0.083']
Volumes: [np.float64(109025.5), np.float64(213463.5), np.float64(68958.9), np.float64(2883.1)]
2025-05-09 12:45:49,545 - INFO - 
2. Post-Cross Movement (30min):
5min Price Changes (%): []
Maximum Change: 0.000% after 0 minutes
Candle Analysis:
    Body Sizes (%): []
    Upper Shadows (%): []
    Lower Shadows (%): []
Volumes: []
==================================================
2025-05-09 12:45:49,764 - INFO - 
==================================================
EMA Cross Analysis - LINK/USDT
Time: 2025-05-09 12:45:00+09:00
Type: dead
Cross Character (Current): Weak
Cross Character (New): Weak
Price at Cross: 15.785

1. Pre-Cross Pattern (15min):
EMA Distance Changes (%): ['0.117', '0.070', '0.025', '0.007']
EMA12 Changes (%): ['-0.063', '-0.076', '-0.077', '-0.056']
Price Changes (%): ['-0.466', '-0.145', '-0.082', '0.057']
Candle Analysis:
    Body Sizes (%): ['0.472', '0.145', '0.076', '0.057']
    Upper Shadows (%): ['0.000', '0.000', '0.057', '0.000']
    Lower Shadows (%): ['0.063', '0.171', '0.019', '0.089']
Volumes: [np.float64(83012.41), np.float64(136349.37), np.float64(81935.01), np.float64(14843.23)]
2025-05-09 12:45:49,764 - INFO - 
2. Post-Cross Movement (30min):
5min Price Changes (%): []
Maximum Change: 0.000% after 0 minutes
Candle Analysis:
    Body Sizes (%): []
    Upper Shadows (%): []
    Lower Shadows (%): []
Volumes: []
==================================================
2025-05-09 12:45:50,639 - INFO - 
==================================================
EMA Cross Analysis - PHA/USDT
Time: 2025-05-09 12:45:00+09:00
Type: dead
Cross Character (Current): Weak
Cross Character (New): Weak
Price at Cross: 0.12958

1. Pre-Cross Pattern (15min):
EMA Distance Changes (%): ['0.170', '0.115', '0.030', '0.036']
EMA12 Changes (%): ['0.050', '-0.084', '-0.146', '-0.123']
Price Changes (%): ['0.076', '-0.815', '-0.492', '0.008']
Candle Analysis:
    Body Sizes (%): ['0.061', '0.815', '0.522', '0.008']
    Upper Shadows (%): ['0.015', '0.000', '0.107', '0.008']
    Lower Shadows (%): ['0.198', '0.107', '0.015', '0.108']
Volumes: [np.float64(71730.0), np.float64(178906.0), np.float64(138375.0), np.float64(11856.0)]
2025-05-09 12:45:50,639 - INFO - 
2. Post-Cross Movement (30min):
5min Price Changes (%): []
Maximum Change: 0.000% after 0 minutes
Candle Analysis:
    Body Sizes (%): []
    Upper Shadows (%): []
    Lower Shadows (%): []
Volumes: []
==================================================
2025-05-09 12:45:53,687 - INFO - 
==================================================
EMA Cross Analysis - ADA/USDT
Time: 2025-05-09 12:45:00+09:00
Type: dead
Cross Character (Current): Weak
Cross Character (New): Weak
Price at Cross: 0.7644

1. Pre-Cross Pattern (15min):
EMA Distance Changes (%): ['0.174', '0.126', '0.050', '0.001']
EMA12 Changes (%): ['-0.056', '-0.068', '-0.129', '-0.091']
Price Changes (%): ['-0.467', '-0.130', '-0.469', '0.118']
Candle Analysis:
    Body Sizes (%): ['0.467', '0.117', '0.482', '0.105']
    Upper Shadows (%): ['0.013', '0.078', '0.039', '0.000']
    Lower Shadows (%): ['0.039', '0.182', '0.026', '0.092']
Volumes: [np.float64(2531228.0), np.float64(2925362.0), np.float64(2128634.0), np.float64(455141.0)]
2025-05-09 12:45:53,687 - INFO - 
2. Post-Cross Movement (30min):
5min Price Changes (%): []
Maximum Change: 0.000% after 0 minutes
Candle Analysis:
    Body Sizes (%): []
    Upper Shadows (%): []
    Lower Shadows (%): []
Volumes: []
==================================================
2025-05-09 12:45:55,816 - INFO - 
==================================================
EMA Cross Analysis - GOAT/USDT
Time: 2025-05-09 12:40:00+09:00
Type: dead
Cross Character (Current): Weak
Cross Character (New): Weak
Price at Cross: 0.09251

1. Pre-Cross Pattern (15min):
EMA Distance Changes (%): ['0.096', '0.144', '0.036', '0.035']
EMA12 Changes (%): ['0.165', '0.106', '-0.190', '-0.130']
Price Changes (%): ['-0.381', '-0.212', '-1.808', '0.206']
Candle Analysis:
    Body Sizes (%): ['0.370', '0.212', '1.777', '0.152']
    Upper Shadows (%): ['0.296', '0.233', '0.000', '0.422']
    Lower Shadows (%): ['0.011', '0.318', '0.117', '0.152']
Volumes: [np.float64(1677555.0), np.float64(879064.0), np.float64(1770345.0), np.float64(1035443.0)]
2025-05-09 12:45:55,817 - INFO - 
2. Post-Cross Movement (30min):
5min Price Changes (%): ['0.368']
Maximum Change: 0.368% after 5 minutes
Candle Analysis:
    Body Sizes (%): ['0.324']
    Upper Shadows (%): ['0.086']
    Lower Shadows (%): ['0.162']
Volumes: [np.float64(133605.0)]
==================================================
2025-05-09 12:45:57,124 - INFO - 
==================================================
EMA Cross Analysis - BRETT/USDT
Time: 2025-05-09 12:45:00+09:00
Type: dead
Cross Character (Current): Weak
Cross Character (New): Weak
Price at Cross: 0.07398

1. Pre-Cross Pattern (15min):
EMA Distance Changes (%): ['0.230', '0.142', '0.055', '0.009']
EMA12 Changes (%): ['-0.017', '-0.138', '-0.148', '-0.113']
Price Changes (%): ['-0.744', '-0.804', '-0.203', '0.081']
Candle Analysis:
    Body Sizes (%): ['0.731', '0.804', '0.162', '0.081']
    Upper Shadows (%): ['0.013', '0.040', '0.189', '0.122']
    Lower Shadows (%): ['0.013', '0.375', '0.122', '0.176']
Volumes: [np.float64(772879.0), np.float64(2677958.0), np.float64(703210.0), np.float64(357975.0)]
2025-05-09 12:45:57,124 - INFO - 
2. Post-Cross Movement (30min):
5min Price Changes (%): []
Maximum Change: 0.000% after 0 minutes
Candle Analysis:
    Body Sizes (%): []
    Upper Shadows (%): []
    Lower Shadows (%): []
Volumes: []
==================================================
2025-05-09 12:50:26,338 - INFO - 
==================================================
EMA Cross Analysis - ACX/USDT
Time: 2025-05-09 12:45:00+09:00
Type: dead
Cross Character (Current): Weak
Cross Character (New): Weak
Price at Cross: 0.2407

1. Pre-Cross Pattern (15min):
EMA Distance Changes (%): ['0.233', '0.126', '0.017', '0.059']
EMA12 Changes (%): ['-0.137', '-0.173', '-0.191', '-0.143']
Price Changes (%): ['-0.371', '-0.372', '-0.290', '0.125']
Candle Analysis:
    Body Sizes (%): ['0.371', '0.372', '0.249', '0.083']
    Upper Shadows (%): ['0.124', '0.000', '0.207', '0.166']
    Lower Shadows (%): ['0.041', '0.413', '0.166', '0.083']
Volumes: [np.float64(109025.5), np.float64(213463.5), np.float64(68958.9), np.float64(32992.3)]
2025-05-09 12:50:26,339 - INFO - 
2. Post-Cross Movement (30min):
5min Price Changes (%): ['0.042']
Maximum Change: 0.042% after 5 minutes
Candle Analysis:
    Body Sizes (%): ['0.042']
    Upper Shadows (%): ['0.000']
    Lower Shadows (%): ['0.000']
Volumes: [np.float64(654.0)]
==================================================
2025-05-09 12:50:26,554 - INFO - 
==================================================
EMA Cross Analysis - LINK/USDT
Time: 2025-05-09 12:50:00+09:00
Type: dead
Cross Character (Current): Weak
Cross Character (New): Weak
Price at Cross: 15.8

1. Pre-Cross Pattern (15min):
EMA Distance Changes (%): ['0.070', '0.025', '0.001', '0.017']
EMA12 Changes (%): ['-0.076', '-0.077', '-0.042', '-0.035']
Price Changes (%): ['-0.145', '-0.082', '0.152', '0.000']
Candle Analysis:
    Body Sizes (%): ['0.145', '0.076', '0.152', '0.006']
    Upper Shadows (%): ['0.000', '0.057', '0.089', '0.032']
    Lower Shadows (%): ['0.171', '0.019', '0.089', '0.006']
Volumes: [np.float64(136349.37), np.float64(81935.01), np.float64(46454.7), np.float64(4604.98)]
2025-05-09 12:50:26,554 - INFO - 
2. Post-Cross Movement (30min):
5min Price Changes (%): []
Maximum Change: 0.000% after 0 minutes
Candle Analysis:
    Body Sizes (%): []
    Upper Shadows (%): []
    Lower Shadows (%): []
Volumes: []
==================================================
2025-05-09 12:50:27,460 - INFO - 
==================================================
EMA Cross Analysis - PHA/USDT
Time: 2025-05-09 12:45:00+09:00
Type: dead
Cross Character (Current): Weak
Cross Character (New): Weak
Price at Cross: 0.12988

1. Pre-Cross Pattern (15min):
EMA Distance Changes (%): ['0.170', '0.115', '0.030', '0.018']
EMA12 Changes (%): ['0.050', '-0.084', '-0.146', '-0.087']
Price Changes (%): ['0.076', '-0.815', '-0.492', '0.239']
Candle Analysis:
    Body Sizes (%): ['0.061', '0.815', '0.522', '0.239']
    Upper Shadows (%): ['0.015', '0.000', '0.107', '0.185']
    Lower Shadows (%): ['0.198', '0.107', '0.015', '0.108']
Volumes: [np.float64(71730.0), np.float64(178906.0), np.float64(138375.0), np.float64(58843.0)]
2025-05-09 12:50:27,460 - INFO - 
2. Post-Cross Movement (30min):
5min Price Changes (%): ['0.131']
Maximum Change: 0.131% after 5 minutes
Candle Analysis:
    Body Sizes (%): ['0.092']
    Upper Shadows (%): ['0.000']
    Lower Shadows (%): ['0.000']
Volumes: [np.float64(3867.0)]
==================================================
2025-05-09 12:50:30,510 - INFO - 
==================================================
EMA Cross Analysis - ADA/USDT
Time: 2025-05-09 12:45:00+09:00
Type: dead
Cross Character (Current): Weak
Cross Character (New): Weak
Price at Cross: 0.7636

1. Pre-Cross Pattern (15min):
EMA Distance Changes (%): ['0.174', '0.126', '0.050', '0.010']
EMA12 Changes (%): ['-0.056', '-0.068', '-0.129', '-0.107']
Price Changes (%): ['-0.467', '-0.130', '-0.469', '0.013']
Candle Analysis:
    Body Sizes (%): ['0.467', '0.117', '0.482', '0.000']
    Upper Shadows (%): ['0.013', '0.078', '0.039', '0.288']
    Lower Shadows (%): ['0.039', '0.182', '0.026', '0.092']
Volumes: [np.float64(2531228.0), np.float64(2925362.0), np.float64(2128634.0), np.float64(2563625.0)]
2025-05-09 12:50:30,510 - INFO - 
2. Post-Cross Movement (30min):
5min Price Changes (%): ['0.092']
Maximum Change: 0.092% after 5 minutes
Candle Analysis:
    Body Sizes (%): ['0.092']
    Upper Shadows (%): ['0.000']
    Lower Shadows (%): ['0.026']
Volumes: [np.float64(291586.0)]
==================================================
2025-05-09 12:50:33,947 - INFO - 
==================================================
EMA Cross Analysis - BRETT/USDT
Time: 2025-05-09 12:45:00+09:00
Type: dead
Cross Character (Current): Weak
Cross Character (New): Weak
Price at Cross: 0.07397

1. Pre-Cross Pattern (15min):
EMA Distance Changes (%): ['0.230', '0.142', '0.055', '0.010']
EMA12 Changes (%): ['-0.017', '-0.138', '-0.148', '-0.115']
Price Changes (%): ['-0.744', '-0.804', '-0.203', '0.068']
Candle Analysis:
    Body Sizes (%): ['0.731', '0.804', '0.162', '0.068']
    Upper Shadows (%): ['0.013', '0.040', '0.189', '0.216']
    Lower Shadows (%): ['0.013', '0.375', '0.122', '0.176']
Volumes: [np.float64(772879.0), np.float64(2677958.0), np.float64(703210.0), np.float64(1107545.0)]
2025-05-09 12:50:33,947 - INFO - 
2. Post-Cross Movement (30min):
5min Price Changes (%): ['0.108']
Maximum Change: 0.108% after 5 minutes
Candle Analysis:
    Body Sizes (%): ['0.095']
    Upper Shadows (%): ['0.000']
    Lower Shadows (%): ['0.014']
Volumes: [np.float64(60768.0)]
==================================================
2025-05-09 12:55:06,698 - INFO - 
==================================================
EMA Cross Analysis - RENDER/USDT
Time: 2025-05-09 12:55:00+09:00
Type: dead
Cross Character (Current): Weak
Cross Character (New): Weak
Price at Cross: 4.719

1. Pre-Cross Pattern (15min):
EMA Distance Changes (%): ['0.112', '0.050', '0.000', '0.039']
EMA12 Changes (%): ['-0.150', '-0.101', '-0.089', '-0.075']
Price Changes (%): ['-0.402', '0.170', '-0.021', '0.000']
Candle Analysis:
    Body Sizes (%): ['0.381', '0.149', '0.042', '0.000']
    Upper Shadows (%): ['0.000', '0.085', '0.212', '0.000']
    Lower Shadows (%): ['0.021', '0.255', '0.021', '0.000']
Volumes: [np.float64(34292.0), np.float64(53268.2), np.float64(13203.4), np.float64(35.2)]
2025-05-09 12:55:06,698 - INFO - 
2. Post-Cross Movement (30min):
5min Price Changes (%): []
Maximum Change: 0.000% after 0 minutes
Candle Analysis:
    Body Sizes (%): []
    Upper Shadows (%): []
    Lower Shadows (%): []
Volumes: []
==================================================
2025-05-09 12:55:08,004 - INFO - 
==================================================
EMA Cross Analysis - AVAX/USDT
Time: 2025-05-09 12:55:00+09:00
Type: dead
Cross Character (Current): Weak
Cross Character (New): Weak
Price at Cross: 22.217

1. Pre-Cross Pattern (15min):
EMA Distance Changes (%): ['0.103', '0.060', '0.026', '0.002']
EMA12 Changes (%): ['-0.071', '-0.067', '-0.058', '-0.050']
Price Changes (%): ['-0.363', '-0.045', '-0.009', '-0.005']
Candle Analysis:
    Body Sizes (%): ['0.354', '0.040', '0.014', '0.009']
    Upper Shadows (%): ['0.004', '0.157', '0.270', '0.005']
    Lower Shadows (%): ['0.031', '0.072', '0.005', '0.018']
Volumes: [np.float64(32223.0), np.float64(29691.0), np.float64(26615.0), np.float64(261.0)]
2025-05-09 12:55:08,004 - INFO - 
2. Post-Cross Movement (30min):
5min Price Changes (%): []
Maximum Change: 0.000% after 0 minutes
Candle Analysis:
    Body Sizes (%): []
    Upper Shadows (%): []
    Lower Shadows (%): []
Volumes: []
==================================================
2025-05-09 12:56:10,649 - INFO - 
==================================================
EMA Cross Analysis - TIA/USDT
Time: 2025-05-09 12:55:00+09:00
Type: dead
Cross Character (Current): Weak
Cross Character (New): Weak
Price at Cross: 2.7116

1. Pre-Cross Pattern (15min):
EMA Distance Changes (%): ['0.145', '0.080', '0.012', '0.080']
EMA12 Changes (%): ['-0.108', '-0.104', '-0.118', '-0.175']
Price Changes (%): ['-0.256', '-0.084', '-0.194', '-0.488']
Candle Analysis:
    Body Sizes (%): ['0.256', '0.077', '0.201', '0.499']
    Upper Shadows (%): ['0.015', '0.326', '0.267', '0.055']
    Lower Shadows (%): ['0.172', '0.124', '0.011', '0.220']
Volumes: [np.float64(193485.0), np.float64(161088.0), np.float64(240020.0), np.float64(280655.0)]
2025-05-09 12:56:10,649 - INFO - 
2. Post-Cross Movement (30min):
5min Price Changes (%): []
Maximum Change: 0.000% after 0 minutes
Candle Analysis:
    Body Sizes (%): []
    Upper Shadows (%): []
    Lower Shadows (%): []
Volumes: []
==================================================
2025-05-09 12:56:13,352 - INFO - 
==================================================
EMA Cross Analysis - LINK/USDT
Time: 2025-05-09 12:50:00+09:00
Type: dead
Cross Character (Current): Weak
Cross Character (New): Weak
Price at Cross: 15.773

1. Pre-Cross Pattern (15min):
EMA Distance Changes (%): ['0.070', '0.025', '0.001', '0.031']
EMA12 Changes (%): ['-0.076', '-0.077', '-0.042', '-0.061']
Price Changes (%): ['-0.145', '-0.082', '0.152', '-0.171']
Candle Analysis:
    Body Sizes (%): ['0.145', '0.076', '0.152', '0.165']
    Upper Shadows (%): ['0.000', '0.057', '0.089', '0.095']
    Lower Shadows (%): ['0.171', '0.019', '0.089', '0.000']
Volumes: [np.float64(136349.37), np.float64(81935.01), np.float64(46454.7), np.float64(46976.73)]
2025-05-09 12:56:13,352 - INFO - 
2. Post-Cross Movement (30min):
5min Price Changes (%): ['-0.482']
Maximum Change: -0.482% after 5 minutes
Candle Analysis:
    Body Sizes (%): ['0.482']
    Upper Shadows (%): ['0.006']
    Lower Shadows (%): ['0.209']
Volumes: [np.float64(191607.31)]
==================================================
2025-05-09 12:56:14,517 - INFO - 
==================================================
EMA Cross Analysis - DOGE/USDT
Time: 2025-05-09 12:50:00+09:00
Type: dead
Cross Character (Current): Weak
Cross Character (New): Weak
Price at Cross: 0.19456

1. Pre-Cross Pattern (15min):
EMA Distance Changes (%): ['0.138', '0.081', '0.037', '0.020']
EMA12 Changes (%): ['-0.050', '-0.091', '-0.071', '-0.105']
Price Changes (%): ['-0.316', '-0.317', '0.036', '-0.292']
Candle Analysis:
    Body Sizes (%): ['0.311', '0.312', '0.036', '0.292']
    Upper Shadows (%): ['0.000', '0.020', '0.179', '0.092']
    Lower Shadows (%): ['0.138', '0.026', '0.123', '0.010']
Volumes: [np.float64(32656540.0), np.float64(19502155.0), np.float64(20734408.0), np.float64(18423729.0)]
2025-05-09 12:56:14,517 - INFO - 
2. Post-Cross Movement (30min):
5min Price Changes (%): ['-0.334']
Maximum Change: -0.334% after 5 minutes
Candle Analysis:
    Body Sizes (%): ['0.334']
    Upper Shadows (%): ['0.015']
    Lower Shadows (%): ['0.170']
Volumes: [np.float64(52097708.0)]
==================================================
2025-05-09 12:56:14,741 - INFO - 
==================================================
EMA Cross Analysis - XLM/USDT
Time: 2025-05-09 12:55:00+09:00
Type: dead
Cross Character (Current): Weak
Cross Character (New): Weak
Price at Cross: 0.29194

1. Pre-Cross Pattern (15min):
EMA Distance Changes (%): ['0.092', '0.053', '0.016', '0.049']
EMA12 Changes (%): ['-0.081', '-0.061', '-0.064', '-0.121']
Price Changes (%): ['-0.095', '0.048', '-0.078', '-0.440']
Candle Analysis:
    Body Sizes (%): ['0.082', '0.041', '0.075', '0.430']
    Upper Shadows (%): ['0.017', '0.242', '0.225', '0.119']
    Lower Shadows (%): ['0.153', '0.065', '0.000', '0.038']
Volumes: [np.float64(753323.0), np.float64(856313.0), np.float64(822351.0), np.float64(1761328.0)]
2025-05-09 12:56:14,741 - INFO - 
2. Post-Cross Movement (30min):
5min Price Changes (%): []
Maximum Change: 0.000% after 0 minutes
Candle Analysis:
    Body Sizes (%): []
    Upper Shadows (%): []
    Lower Shadows (%): []
Volumes: []
==================================================
2025-05-09 13:00:46,295 - INFO - 
==================================================
EMA Cross Analysis - TIA/USDT
Time: 2025-05-09 12:55:00+09:00
Type: dead
Cross Character (Current): Weak
Cross Character (New): Weak
Price at Cross: 2.7071

1. Pre-Cross Pattern (15min):
EMA Distance Changes (%): ['0.145', '0.080', '0.012', '0.094']
EMA12 Changes (%): ['-0.108', '-0.104', '-0.118', '-0.200']
Price Changes (%): ['-0.256', '-0.084', '-0.194', '-0.653']
Candle Analysis:
    Body Sizes (%): ['0.256', '0.077', '0.201', '0.664']
    Upper Shadows (%): ['0.015', '0.326', '0.267', '0.055']
    Lower Shadows (%): ['0.172', '0.124', '0.011', '0.213']
Volumes: [np.float64(193485.0), np.float64(161088.0), np.float64(240020.0), np.float64(685340.0)]
2025-05-09 13:00:46,296 - INFO - 
2. Post-Cross Movement (30min):
5min Price Changes (%): ['-0.015']
Maximum Change: -0.015% after 5 minutes
Candle Analysis:
    Body Sizes (%): ['0.030']
    Upper Shadows (%): ['0.111']
    Lower Shadows (%): ['0.026']
Volumes: [np.float64(44519.0)]
==================================================
2025-05-09 13:00:47,215 - INFO - 
==================================================
EMA Cross Analysis - ORCA/USDT
Time: 2025-05-09 13:00:00+09:00
Type: dead
Cross Character (Current): Weak
Cross Character (New): Weak
Price at Cross: 2.761

1. Pre-Cross Pattern (15min):
EMA Distance Changes (%): ['0.175', '0.113', '0.028', '0.048']
EMA12 Changes (%): ['-0.073', '-0.095', '-0.147', '-0.141']
Price Changes (%): ['0.144', '-0.216', '-0.432', '-0.109']
Candle Analysis:
    Body Sizes (%): ['0.108', '0.252', '0.396', '0.109']
    Upper Shadows (%): ['0.216', '0.072', '0.000', '0.036']
    Lower Shadows (%): ['0.180', '0.036', '0.108', '0.036']
Volumes: [np.float64(21348.7), np.float64(25864.5), np.float64(36598.8), np.float64(2314.6)]
2025-05-09 13:00:47,215 - INFO - 
2. Post-Cross Movement (30min):
5min Price Changes (%): []
Maximum Change: 0.000% after 0 minutes
Candle Analysis:
    Body Sizes (%): []
    Upper Shadows (%): []
    Lower Shadows (%): []
Volumes: []
==================================================
2025-05-09 13:00:47,891 - INFO - 
==================================================
EMA Cross Analysis - NEAR/USDT
Time: 2025-05-09 13:00:00+09:00
Type: dead
Cross Character (Current): Strong
Cross Character (New): Weak
Price at Cross: 2.751

1. Pre-Cross Pattern (15min):
EMA Distance Changes (%): ['0.297', '0.209', '0.089', '0.007']
EMA12 Changes (%): ['-0.085', '-0.127', '-0.202', '-0.171']
Price Changes (%): ['0.000', '-0.360', '-0.614', '0.000']
Candle Analysis:
    Body Sizes (%): ['0.000', '0.360', '0.578', '0.000']
    Upper Shadows (%): ['0.252', '0.108', '0.000', '0.109']
    Lower Shadows (%): ['0.108', '0.036', '0.217', '0.036']
Volumes: [np.float64(140561.0), np.float64(205118.0), np.float64(829202.0), np.float64(34128.0)]
2025-05-09 13:00:47,891 - INFO - 
2. Post-Cross Movement (30min):
5min Price Changes (%): []
Maximum Change: 0.000% after 0 minutes
Candle Analysis:
    Body Sizes (%): []
    Upper Shadows (%): []
    Lower Shadows (%): []
Volumes: []
==================================================
2025-05-09 13:00:48,359 - INFO - 
==================================================
EMA Cross Analysis - BAKE/USDT
Time: 2025-05-09 13:00:00+09:00
Type: dead
Cross Character (Current): Weak
Cross Character (New): Weak
Price at Cross: 0.1343

1. Pre-Cross Pattern (15min):
EMA Distance Changes (%): ['0.118', '0.096', '0.036', '0.017']
EMA12 Changes (%): ['-0.017', '-0.025', '-0.101', '-0.097']
Price Changes (%): ['0.148', '-0.074', '-0.518', '-0.074']
Candle Analysis:
    Body Sizes (%): ['0.148', '0.148', '0.444', '0.000']
    Upper Shadows (%): ['0.000', '0.148', '0.000', '0.000']
    Lower Shadows (%): ['0.148', '0.000', '0.370', '0.074']
Volumes: [np.float64(194727.0), np.float64(115643.0), np.float64(622935.0), np.float64(49180.0)]
2025-05-09 13:00:48,359 - INFO - 
2. Post-Cross Movement (30min):
5min Price Changes (%): []
Maximum Change: 0.000% after 0 minutes
Candle Analysis:
    Body Sizes (%): []
    Upper Shadows (%): []
    Lower Shadows (%): []
Volumes: []
==================================================
2025-05-09 13:00:49,918 - INFO - 
==================================================
EMA Cross Analysis - ATOM/USDT
Time: 2025-05-09 13:00:00+09:00
Type: dead
Cross Character (Current): Weak
Cross Character (New): Weak
Price at Cross: 4.56

1. Pre-Cross Pattern (15min):
EMA Distance Changes (%): ['0.134', '0.099', '0.035', '0.019']
EMA12 Changes (%): ['-0.039', '-0.049', '-0.109', '-0.099']
Price Changes (%): ['0.197', '-0.109', '-0.436', '-0.044']
Candle Analysis:
    Body Sizes (%): ['0.197', '0.109', '0.415', '0.066']
    Upper Shadows (%): ['0.087', '0.131', '0.000', '0.022']
    Lower Shadows (%): ['0.066', '0.000', '0.065', '0.000']
Volumes: [np.float64(26094.07), np.float64(18882.22), np.float64(79065.97), np.float64(6431.45)]
2025-05-09 13:00:49,918 - INFO - 
2. Post-Cross Movement (30min):
5min Price Changes (%): []
Maximum Change: 0.000% after 0 minutes
Candle Analysis:
    Body Sizes (%): []
    Upper Shadows (%): []
    Lower Shadows (%): []
Volumes: []
==================================================
2025-05-09 13:00:50,793 - INFO - 
==================================================
EMA Cross Analysis - XLM/USDT
Time: 2025-05-09 12:55:00+09:00
Type: dead
Cross Character (Current): Weak
Cross Character (New): Weak
Price at Cross: 0.29136

1. Pre-Cross Pattern (15min):
EMA Distance Changes (%): ['0.092', '0.053', '0.016', '0.065']
EMA12 Changes (%): ['-0.081', '-0.061', '-0.064', '-0.152']
Price Changes (%): ['-0.095', '0.048', '-0.078', '-0.638']
Candle Analysis:
    Body Sizes (%): ['0.082', '0.041', '0.075', '0.628']
    Upper Shadows (%): ['0.017', '0.242', '0.225', '0.119']
    Lower Shadows (%): ['0.153', '0.065', '0.000', '0.344']
Volumes: [np.float64(753323.0), np.float64(856313.0), np.float64(822351.0), np.float64(6397501.0)]
2025-05-09 13:00:50,793 - INFO - 
2. Post-Cross Movement (30min):
5min Price Changes (%): ['-0.130']
Maximum Change: -0.130% after 5 minutes
Candle Analysis:
    Body Sizes (%): ['0.134']
    Upper Shadows (%): ['0.055']
    Lower Shadows (%): ['0.045']
Volumes: [np.float64(1607313.0)]
==================================================
2025-05-09 13:00:51,672 - INFO - 
==================================================
EMA Cross Analysis - DOT/USDT
Time: 2025-05-09 13:00:00+09:00
Type: dead
Cross Character (Current): Weak
Cross Character (New): Weak
Price at Cross: 4.474

1. Pre-Cross Pattern (15min):
EMA Distance Changes (%): ['0.183', '0.133', '0.055', '0.009']
EMA12 Changes (%): ['-0.047', '-0.070', '-0.131', '-0.114']
Price Changes (%): ['0.156', '-0.200', '-0.467', '-0.022']
Candle Analysis:
    Body Sizes (%): ['0.156', '0.200', '0.445', '0.000']
    Upper Shadows (%): ['0.156', '0.044', '0.044', '0.067']
    Lower Shadows (%): ['0.089', '0.000', '0.222', '0.067']
Volumes: [np.float64(72842.9), np.float64(57266.0), np.float64(534475.9), np.float64(19346.7)]
2025-05-09 13:00:51,672 - INFO - 
2. Post-Cross Movement (30min):
5min Price Changes (%): []
Maximum Change: 0.000% after 0 minutes
Candle Analysis:
    Body Sizes (%): []
    Upper Shadows (%): []
    Lower Shadows (%): []
Volumes: []
==================================================
2025-05-09 13:00:52,999 - INFO - 
==================================================
EMA Cross Analysis - XRP/USDT
Time: 2025-05-09 12:55:00+09:00
Type: dead
Cross Character (Current): Weak
Cross Character (New): Weak
Price at Cross: 2.2941

1. Pre-Cross Pattern (15min):
EMA Distance Changes (%): ['0.093', '0.077', '0.044', '0.030']
EMA12 Changes (%): ['-0.052', '-0.018', '-0.052', '-0.136']
Price Changes (%): ['-0.263', '0.165', '-0.233', '-0.602']
Candle Analysis:
    Body Sizes (%): ['0.259', '0.165', '0.233', '0.602']
    Upper Shadows (%): ['0.017', '0.208', '0.117', '0.013']
    Lower Shadows (%): ['0.065', '0.108', '0.013', '0.091']
Volumes: [np.float64(2934661.4), np.float64(2371065.6), np.float64(1687176.4), np.float64(13725968.8)]
2025-05-09 13:00:52,999 - INFO - 
2. Post-Cross Movement (30min):
5min Price Changes (%): ['-0.026']
Maximum Change: -0.026% after 5 minutes
Candle Analysis:
    Body Sizes (%): ['0.022']
    Upper Shadows (%): ['0.087']
    Lower Shadows (%): ['0.039']
Volumes: [np.float64(950398.9)]
==================================================
2025-05-09 13:00:53,664 - INFO - 
==================================================
EMA Cross Analysis - RENDER/USDT
Time: 2025-05-09 12:55:00+09:00
Type: dead
Cross Character (Current): Weak
Cross Character (New): Weak
Price at Cross: 4.692

1. Pre-Cross Pattern (15min):
EMA Distance Changes (%): ['0.112', '0.050', '0.000', '0.085']
EMA12 Changes (%): ['-0.150', '-0.101', '-0.089', '-0.163']
Price Changes (%): ['-0.402', '0.170', '-0.021', '-0.572']
Candle Analysis:
    Body Sizes (%): ['0.381', '0.149', '0.042', '0.572']
    Upper Shadows (%): ['0.000', '0.085', '0.212', '0.000']
    Lower Shadows (%): ['0.021', '0.255', '0.021', '0.170']
Volumes: [np.float64(34292.0), np.float64(53268.2), np.float64(13203.4), np.float64(59626.2)]
2025-05-09 13:00:53,664 - INFO - 
2. Post-Cross Movement (30min):
5min Price Changes (%): ['0.021']
Maximum Change: 0.021% after 5 minutes
Candle Analysis:
    Body Sizes (%): ['0.000']
    Upper Shadows (%): ['0.021']
    Lower Shadows (%): ['0.085']
Volumes: [np.float64(3452.9)]
==================================================
2025-05-09 13:00:54,946 - INFO - 
==================================================
EMA Cross Analysis - AVAX/USDT
Time: 2025-05-09 12:55:00+09:00
Type: dead
Cross Character (Current): Weak
Cross Character (New): Weak
Price at Cross: 22.063

1. Pre-Cross Pattern (15min):
EMA Distance Changes (%): ['0.103', '0.060', '0.026', '0.058']
EMA12 Changes (%): ['-0.071', '-0.067', '-0.058', '-0.156']
Price Changes (%): ['-0.363', '-0.045', '-0.009', '-0.698']
Candle Analysis:
    Body Sizes (%): ['0.354', '0.040', '0.014', '0.702']
    Upper Shadows (%): ['0.004', '0.157', '0.270', '0.005']
    Lower Shadows (%): ['0.031', '0.072', '0.005', '0.203']
Volumes: [np.float64(32223.0), np.float64(29691.0), np.float64(26615.0), np.float64(192645.0)]
2025-05-09 13:00:54,946 - INFO - 
2. Post-Cross Movement (30min):
5min Price Changes (%): ['0.050']
Maximum Change: 0.050% after 5 minutes
Candle Analysis:
    Body Sizes (%): ['0.050']
    Upper Shadows (%): ['0.086']
    Lower Shadows (%): ['0.000']
Volumes: [np.float64(11400.0)]
==================================================
2025-05-09 13:00:55,388 - INFO - 
==================================================
EMA Cross Analysis - GOAT/USDT
Time: 2025-05-09 12:55:00+09:00
Type: dead
Cross Character (Current): Weak
Cross Character (New): Weak
Price at Cross: 0.09231

1. Pre-Cross Pattern (15min):
EMA Distance Changes (%): ['0.035', '0.013', '0.015', '0.068']
EMA12 Changes (%): ['-0.130', '0.037', '0.051', '-0.156']
Price Changes (%): ['0.206', '0.962', '0.128', '-1.294']
Candle Analysis:
    Body Sizes (%): ['0.152', '0.918', '0.118', '1.283']
    Upper Shadows (%): ['0.422', '0.130', '0.803', '0.000']
    Lower Shadows (%): ['0.152', '0.162', '0.032', '0.503']
Volumes: [np.float64(1035443.0), np.float64(1194797.0), np.float64(736880.0), np.float64(2634603.0)]
2025-05-09 13:00:55,388 - INFO - 
2. Post-Cross Movement (30min):
5min Price Changes (%): ['-0.357']
Maximum Change: -0.357% after 5 minutes
Candle Analysis:
    Body Sizes (%): ['0.347']
    Upper Shadows (%): ['0.022']
    Lower Shadows (%): ['0.206']
Volumes: [np.float64(403407.0)]
==================================================
2025-05-09 13:00:56,321 - INFO - 
==================================================
EMA Cross Analysis - ONDOUSDT
Time: 2025-05-09 13:00:00+09:00
Type: dead
Cross Character (Current): Strong
Cross Character (New): Weak
Price at Cross: 0.9757

1. Pre-Cross Pattern (15min):
EMA Distance Changes (%): ['0.232', '0.136', '0.011', '0.078']
EMA12 Changes (%): ['-0.094', '-0.151', '-0.221', '-0.167']
Price Changes (%): ['0.305', '-0.467', '-0.612', '0.133']
Candle Analysis:
    Body Sizes (%): ['0.295', '0.467', '0.602', '0.113']
    Upper Shadows (%): ['0.153', '0.000', '0.000', '0.051']
    Lower Shadows (%): ['0.000', '0.020', '0.275', '0.000']
Volumes: [np.float64(826737.8), np.float64(838530.1), np.float64(1677259.0), np.float64(233219.9)]
2025-05-09 13:00:56,321 - INFO - 
2. Post-Cross Movement (30min):
5min Price Changes (%): []
Maximum Change: 0.000% after 0 minutes
Candle Analysis:
    Body Sizes (%): []
    Upper Shadows (%): []
    Lower Shadows (%): []
Volumes: []
==================================================
2025-05-09 13:05:24,420 - INFO - 
==================================================
EMA Cross Analysis - ORCA/USDT
Time: 2025-05-09 13:00:00+09:00
Type: dead
Cross Character (Current): Weak
Cross Character (New): Weak
Price at Cross: 2.762

1. Pre-Cross Pattern (15min):
EMA Distance Changes (%): ['0.175', '0.113', '0.028', '0.045']
EMA12 Changes (%): ['-0.073', '-0.095', '-0.147', '-0.135']
Price Changes (%): ['0.144', '-0.216', '-0.432', '-0.072']
Candle Analysis:
    Body Sizes (%): ['0.108', '0.252', '0.396', '0.072']
    Upper Shadows (%): ['0.216', '0.072', '0.000', '0.072']
    Lower Shadows (%): ['0.180', '0.036', '0.108', '0.217']
Volumes: [np.float64(21348.7), np.float64(25864.5), np.float64(36598.8), np.float64(20858.4)]
2025-05-09 13:05:24,420 - INFO - 
2. Post-Cross Movement (30min):
5min Price Changes (%): ['-0.036']
Maximum Change: -0.036% after 5 minutes
Candle Analysis:
    Body Sizes (%): ['0.072']
    Upper Shadows (%): ['0.000']
    Lower Shadows (%): ['0.000']
Volumes: [np.float64(1551.3)]
==================================================
2025-05-09 13:05:25,094 - INFO - 
==================================================
EMA Cross Analysis - NEAR/USDT
Time: 2025-05-09 13:05:00+09:00
Type: dead
Cross Character (Current): Strong
Cross Character (New): Weak
Price at Cross: 2.754

1. Pre-Cross Pattern (15min):
EMA Distance Changes (%): ['0.209', '0.089', '0.001', '0.067']
EMA12 Changes (%): ['-0.127', '-0.202', '-0.154', '-0.131']
Price Changes (%): ['-0.360', '-0.614', '0.109', '0.000']
Candle Analysis:
    Body Sizes (%): ['0.360', '0.578', '0.109', '0.000']
    Upper Shadows (%): ['0.108', '0.000', '0.109', '0.073']
    Lower Shadows (%): ['0.036', '0.217', '0.254', '0.036']
Volumes: [np.float64(205118.0), np.float64(829202.0), np.float64(431588.0), np.float64(24155.0)]
2025-05-09 13:05:25,094 - INFO - 
2. Post-Cross Movement (30min):
5min Price Changes (%): []
Maximum Change: 0.000% after 0 minutes
Candle Analysis:
    Body Sizes (%): []
    Upper Shadows (%): []
    Lower Shadows (%): []
Volumes: []
==================================================
2025-05-09 13:05:27,122 - INFO - 
==================================================
EMA Cross Analysis - ATOM/USDT
Time: 2025-05-09 13:00:00+09:00
Type: dead
Cross Character (Current): Weak
Cross Character (New): Weak
Price at Cross: 4.57

1. Pre-Cross Pattern (15min):
EMA Distance Changes (%): ['0.134', '0.099', '0.035', '0.002']
EMA12 Changes (%): ['-0.039', '-0.049', '-0.109', '-0.065']
Price Changes (%): ['0.197', '-0.109', '-0.436', '0.175']
Candle Analysis:
    Body Sizes (%): ['0.197', '0.109', '0.415', '0.153']
    Upper Shadows (%): ['0.087', '0.131', '0.000', '0.022']
    Lower Shadows (%): ['0.066', '0.000', '0.065', '0.066']
Volumes: [np.float64(26094.07), np.float64(18882.22), np.float64(79065.97), np.float64(51394.41)]
2025-05-09 13:05:27,122 - INFO - 
2. Post-Cross Movement (30min):
5min Price Changes (%): ['0.044']
Maximum Change: 0.044% after 5 minutes
Candle Analysis:
    Body Sizes (%): ['0.066']
    Upper Shadows (%): ['0.000']
    Lower Shadows (%): ['0.000']
Volumes: [np.float64(847.09)]
==================================================
2025-05-09 13:05:29,001 - INFO - 
==================================================
EMA Cross Analysis - DOT/USDT
Time: 2025-05-09 13:00:00+09:00
Type: dead
Cross Character (Current): Weak
Cross Character (New): Weak
Price at Cross: 4.472

1. Pre-Cross Pattern (15min):
EMA Distance Changes (%): ['0.183', '0.133', '0.055', '0.012']
EMA12 Changes (%): ['-0.047', '-0.070', '-0.131', '-0.121']
Price Changes (%): ['0.156', '-0.200', '-0.467', '-0.067']
Candle Analysis:
    Body Sizes (%): ['0.156', '0.200', '0.445', '0.045']
    Upper Shadows (%): ['0.156', '0.044', '0.044', '0.089']
    Lower Shadows (%): ['0.089', '0.000', '0.222', '0.224']
Volumes: [np.float64(72842.9), np.float64(57266.0), np.float64(534475.9), np.float64(111960.8)]
2025-05-09 13:05:29,002 - INFO - 
2. Post-Cross Movement (30min):
5min Price Changes (%): ['0.000']
Maximum Change: 0.000% after 0 minutes
Candle Analysis:
    Body Sizes (%): ['0.000']
    Upper Shadows (%): ['0.045']
    Lower Shadows (%): ['0.022']
Volumes: [np.float64(4388.6)]
==================================================
2025-05-09 13:05:30,857 - INFO - 
==================================================
EMA Cross Analysis - WLD/USDT
Time: 2025-05-09 13:05:00+09:00
Type: dead
Cross Character (Current): Strong
Cross Character (New): Weak
Price at Cross: 1.0793

1. Pre-Cross Pattern (15min):
EMA Distance Changes (%): ['0.255', '0.120', '0.033', '0.026']
EMA12 Changes (%): ['-0.104', '-0.225', '-0.148', '-0.107']
Price Changes (%): ['-0.377', '-0.894', '0.279', '0.121']
Candle Analysis:
    Body Sizes (%): ['0.404', '0.885', '0.251', '0.121']
    Upper Shadows (%): ['0.193', '0.092', '0.214', '0.009']
    Lower Shadows (%): ['0.000', '0.267', '0.056', '0.019']
Volumes: [np.float64(333933.0), np.float64(1538985.0), np.float64(599744.0), np.float64(34250.0)]
2025-05-09 13:05:30,857 - INFO - 
2. Post-Cross Movement (30min):
5min Price Changes (%): []
Maximum Change: 0.000% after 0 minutes
Candle Analysis:
    Body Sizes (%): []
    Upper Shadows (%): []
    Lower Shadows (%): []
Volumes: []
==================================================
2025-05-09 13:05:33,782 - INFO - 
==================================================
EMA Cross Analysis - ONDOUSDT
Time: 2025-05-09 13:00:00+09:00
Type: dead
Cross Character (Current): Strong
Cross Character (New): Weak
Price at Cross: 0.9763

1. Pre-Cross Pattern (15min):
EMA Distance Changes (%): ['0.232', '0.136', '0.011', '0.073']
EMA12 Changes (%): ['-0.094', '-0.151', '-0.221', '-0.158']
Price Changes (%): ['0.305', '-0.467', '-0.612', '0.195']
Candle Analysis:
    Body Sizes (%): ['0.295', '0.467', '0.602', '0.174']
    Upper Shadows (%): ['0.153', '0.000', '0.000', '0.164']
    Lower Shadows (%): ['0.000', '0.020', '0.275', '0.236']
Volumes: [np.float64(826737.8), np.float64(838530.1), np.float64(1677259.0), np.float64(1197731.3)]
2025-05-09 13:05:33,782 - INFO - 
2. Post-Cross Movement (30min):
5min Price Changes (%): ['-0.123']
Maximum Change: -0.123% after 5 minutes
Candle Analysis:
    Body Sizes (%): ['0.113']
    Upper Shadows (%): ['0.061']
    Lower Shadows (%): ['0.000']
Volumes: [np.float64(52123.6)]
==================================================
2025-05-09 13:10:01,506 - INFO - 
==================================================
EMA Cross Analysis - BAN/USDT
Time: 2025-05-09 13:10:00+09:00
Type: golden
Cross Character (Current): Strong
Cross Character (New): Weak
Price at Cross: 0.06738

1. Pre-Cross Pattern (15min):
EMA Distance Changes (%): ['0.586', '0.393', '0.075', '0.181']
EMA12 Changes (%): ['0.034', '0.276', '0.563', '0.497']
Price Changes (%): ['1.091', '1.604', '2.110', '0.149']
Candle Analysis:
    Body Sizes (%): ['1.075', '1.604', '2.063', '0.149']
    Upper Shadows (%): ['0.499', '0.046', '0.228', '0.000']
    Lower Shadows (%): ['0.171', '0.000', '0.046', '0.015']
Volumes: [np.float64(1194027.0), np.float64(1007544.0), np.float64(1478933.0), np.float64(23794.0)]
2025-05-09 13:10:01,507 - INFO - 
2. Post-Cross Movement (30min):
5min Price Changes (%): []
Maximum Change: 0.000% after 0 minutes
Candle Analysis:
    Body Sizes (%): []
    Upper Shadows (%): []
    Lower Shadows (%): []
Volumes: []
==================================================
2025-05-09 13:10:07,965 - INFO - 
==================================================
EMA Cross Analysis - WLD/USDT
Time: 2025-05-09 13:10:00+09:00
Type: dead
Cross Character (Current): Weak
Cross Character (New): Weak
Price at Cross: 1.0834

1. Pre-Cross Pattern (15min):
EMA Distance Changes (%): ['0.120', '0.033', '0.006', '0.016']
EMA12 Changes (%): ['-0.225', '-0.148', '-0.046', '-0.042']
Price Changes (%): ['-0.894', '0.279', '0.519', '-0.018']
Candle Analysis:
    Body Sizes (%): ['0.885', '0.251', '0.519', '0.018']
    Upper Shadows (%): ['0.092', '0.214', '0.074', '0.000']
    Lower Shadows (%): ['0.267', '0.056', '0.019', '0.028']
Volumes: [np.float64(1538985.0), np.float64(599744.0), np.float64(411875.0), np.float64(1216.0)]
2025-05-09 13:10:07,965 - INFO - 
2. Post-Cross Movement (30min):
5min Price Changes (%): []
Maximum Change: 0.000% after 0 minutes
Candle Analysis:
    Body Sizes (%): []
    Upper Shadows (%): []
    Lower Shadows (%): []
Volumes: []
==================================================
2025-05-09 13:10:09,113 - INFO - 
==================================================
EMA Cross Analysis - NEAR/USDT
Time: 2025-05-09 13:05:00+09:00
Type: dead
Cross Character (Current): Strong
Cross Character (New): Weak
Price at Cross: 2.766

1. Pre-Cross Pattern (15min):
EMA Distance Changes (%): ['0.209', '0.089', '0.001', '0.032']
EMA12 Changes (%): ['-0.127', '-0.202', '-0.154', '-0.064']
Price Changes (%): ['-0.360', '-0.614', '0.109', '0.436']
Candle Analysis:
    Body Sizes (%): ['0.360', '0.578', '0.109', '0.436']
    Upper Shadows (%): ['0.108', '0.000', '0.109', '0.000']
    Lower Shadows (%): ['0.036', '0.217', '0.254', '0.182']
Volumes: [np.float64(205118.0), np.float64(829202.0), np.float64(431588.0), np.float64(253963.0)]
2025-05-09 13:10:09,114 - INFO - 
2. Post-Cross Movement (30min):
5min Price Changes (%): ['0.000']
Maximum Change: 0.000% after 0 minutes
Candle Analysis:
    Body Sizes (%): ['0.000']
    Upper Shadows (%): ['0.000']
    Lower Shadows (%): ['0.000']
Volumes: [np.float64(2976.0)]
==================================================
2025-05-09 13:15:48,036 - INFO - 
==================================================
EMA Cross Analysis - BAN/USDT
Time: 2025-05-09 13:10:00+09:00
Type: golden
Cross Character (Current): Strong
Cross Character (New): Weak
Price at Cross: 0.06743

1. Pre-Cross Pattern (15min):
EMA Distance Changes (%): ['0.586', '0.393', '0.075', '0.186']
EMA12 Changes (%): ['0.034', '0.276', '0.563', '0.509']
Price Changes (%): ['1.091', '1.604', '2.110', '0.223']
Candle Analysis:
    Body Sizes (%): ['1.075', '1.604', '2.063', '0.223']
    Upper Shadows (%): ['0.499', '0.046', '0.228', '0.550']
    Lower Shadows (%): ['0.171', '0.000', '0.046', '0.907']
Volumes: [np.float64(1194027.0), np.float64(1007544.0), np.float64(1478933.0), np.float64(2081479.0)]
2025-05-09 13:15:48,037 - INFO - 
2. Post-Cross Movement (30min):
5min Price Changes (%): ['-0.208']
Maximum Change: -0.208% after 5 minutes
Candle Analysis:
    Body Sizes (%): ['0.222']
    Upper Shadows (%): ['0.059']
    Lower Shadows (%): ['0.074']
Volumes: [np.float64(168380.0)]
==================================================
2025-05-09 13:15:49,776 - INFO - 
==================================================
EMA Cross Analysis - HIPPO/USDT
Time: 2025-05-09 13:15:00+09:00
Type: golden
Cross Character (Current): Weak
Cross Character (New): Weak
Price at Cross: 0.00258

1. Pre-Cross Pattern (15min):
EMA Distance Changes (%): ['0.180', '0.100', '0.019', '0.036']
EMA12 Changes (%): ['0.051', '0.127', '0.143', '0.103']
Price Changes (%): ['1.425', '0.546', '0.233', '-0.116']
Candle Analysis:
    Body Sizes (%): ['1.384', '0.546', '0.194', '0.116']
    Upper Shadows (%): ['0.712', '0.234', '0.155', '0.039']
    Lower Shadows (%): ['0.396', '0.156', '0.349', '0.116']
Volumes: [np.float64(56198983.0), np.float64(22680479.0), np.float64(8593979.0), np.float64(2399353.0)]
2025-05-09 13:15:49,777 - INFO - 
2. Post-Cross Movement (30min):
5min Price Changes (%): []
Maximum Change: 0.000% after 0 minutes
Candle Analysis:
    Body Sizes (%): []
    Upper Shadows (%): []
    Lower Shadows (%): []
Volumes: []
==================================================
2025-05-09 13:15:50,685 - INFO - 
==================================================
EMA Cross Analysis - ACX/USDT
Time: 2025-05-09 13:15:00+09:00
Type: golden
Cross Character (Current): Weak
Cross Character (New): Weak
Price at Cross: 0.2448

1. Pre-Cross Pattern (15min):
EMA Distance Changes (%): ['0.178', '0.102', '0.019', '0.055']
EMA12 Changes (%): ['0.006', '0.120', '0.146', '0.142']
Price Changes (%): ['0.875', '0.744', '0.287', '0.123']
Candle Analysis:
    Body Sizes (%): ['0.875', '0.702', '0.246', '0.123']
    Upper Shadows (%): ['0.042', '0.041', '0.041', '0.041']
    Lower Shadows (%): ['0.000', '0.000', '0.328', '0.000']
Volumes: [np.float64(166264.6), np.float64(255446.5), np.float64(100171.4), np.float64(12992.9)]
2025-05-09 13:15:50,685 - INFO - 
2. Post-Cross Movement (30min):
5min Price Changes (%): []
Maximum Change: 0.000% after 0 minutes
Candle Analysis:
    Body Sizes (%): []
    Upper Shadows (%): []
    Lower Shadows (%): []
Volumes: []
==================================================
2025-05-09 13:15:55,261 - INFO - 
==================================================
EMA Cross Analysis - WLD/USDT
Time: 2025-05-09 13:10:00+09:00
Type: dead
Cross Character (Current): Weak
Cross Character (New): Weak
Price at Cross: 1.0853

1. Pre-Cross Pattern (15min):
EMA Distance Changes (%): ['0.120', '0.033', '0.006', '0.002']
EMA12 Changes (%): ['-0.225', '-0.148', '-0.046', '-0.015']
Price Changes (%): ['-0.894', '0.279', '0.519', '0.157']
Candle Analysis:
    Body Sizes (%): ['0.885', '0.251', '0.519', '0.157']
    Upper Shadows (%): ['0.092', '0.214', '0.074', '0.138']
    Lower Shadows (%): ['0.267', '0.056', '0.019', '0.415']
Volumes: [np.float64(1538985.0), np.float64(599744.0), np.float64(411875.0), np.float64(457275.0)]
2025-05-09 13:15:55,262 - INFO - 
2. Post-Cross Movement (30min):
5min Price Changes (%): ['-0.184']
Maximum Change: -0.184% after 5 minutes
Candle Analysis:
    Body Sizes (%): ['0.175']
    Upper Shadows (%): ['0.037']
    Lower Shadows (%): ['0.000']
Volumes: [np.float64(68800.0)]
==================================================
2025-05-09 13:15:58,560 - INFO - 
==================================================
EMA Cross Analysis - BRETT/USDT
Time: 2025-05-09 13:15:00+09:00
Type: golden
Cross Character (Current): Weak
Cross Character (New): Weak
Price at Cross: 0.07512

1. Pre-Cross Pattern (15min):
EMA Distance Changes (%): ['0.229', '0.156', '0.056', '0.034']
EMA12 Changes (%): ['-0.174', '0.102', '0.171', '0.167']
Price Changes (%): ['-0.068', '1.635', '0.550', '0.147']
Candle Analysis:
    Body Sizes (%): ['0.054', '1.607', '0.550', '0.187']
    Upper Shadows (%): ['0.082', '0.191', '0.188', '0.093']
    Lower Shadows (%): ['0.681', '0.000', '0.496', '0.067']
Volumes: [np.float64(2375642.0), np.float64(3033918.0), np.float64(3292868.0), np.float64(433637.0)]
2025-05-09 13:15:58,560 - INFO - 
2. Post-Cross Movement (30min):
5min Price Changes (%): []
Maximum Change: 0.000% after 0 minutes
Candle Analysis:
    Body Sizes (%): []
    Upper Shadows (%): []
    Lower Shadows (%): []
Volumes: []
==================================================
2025-05-09 13:20:27,700 - INFO - 
==================================================
EMA Cross Analysis - HIPPO/USDT
Time: 2025-05-09 13:15:00+09:00
Type: golden
Cross Character (Current): Weak
Cross Character (New): Weak
Price at Cross: 0.002576

1. Pre-Cross Pattern (15min):
EMA Distance Changes (%): ['0.180', '0.100', '0.019', '0.023']
EMA12 Changes (%): ['0.051', '0.127', '0.143', '0.079']
Price Changes (%): ['1.425', '0.546', '0.233', '-0.271']
Candle Analysis:
    Body Sizes (%): ['1.384', '0.546', '0.194', '0.271']
    Upper Shadows (%): ['0.712', '0.234', '0.155', '0.039']
    Lower Shadows (%): ['0.396', '0.156', '0.349', '0.774']
Volumes: [np.float64(56198983.0), np.float64(22680479.0), np.float64(8593979.0), np.float64(14408299.0)]
2025-05-09 13:20:27,700 - INFO - 
2. Post-Cross Movement (30min):
5min Price Changes (%): ['-0.388']
Maximum Change: -0.388% after 5 minutes
Candle Analysis:
    Body Sizes (%): ['0.388']
    Upper Shadows (%): ['0.039']
    Lower Shadows (%): ['0.000']
Volumes: [np.float64(1380207.0)]
==================================================
2025-05-09 13:20:28,608 - INFO - 
==================================================
EMA Cross Analysis - ACX/USDT
Time: 2025-05-09 13:15:00+09:00
Type: golden
Cross Character (Current): Weak
Cross Character (New): Weak
Price at Cross: 0.2447

1. Pre-Cross Pattern (15min):
EMA Distance Changes (%): ['0.178', '0.102', '0.019', '0.052']
EMA12 Changes (%): ['0.006', '0.120', '0.146', '0.136']
Price Changes (%): ['0.875', '0.744', '0.287', '0.082']
Candle Analysis:
    Body Sizes (%): ['0.875', '0.702', '0.246', '0.082']
    Upper Shadows (%): ['0.042', '0.041', '0.041', '0.082']
    Lower Shadows (%): ['0.000', '0.000', '0.328', '0.286']
Volumes: [np.float64(166264.6), np.float64(255446.5), np.float64(100171.4), np.float64(99094.8)]
2025-05-09 13:20:28,609 - INFO - 
2. Post-Cross Movement (30min):
5min Price Changes (%): ['-0.082']
Maximum Change: -0.082% after 5 minutes
Candle Analysis:
    Body Sizes (%): ['0.041']
    Upper Shadows (%): ['0.082']
    Lower Shadows (%): ['0.000']
Volumes: [np.float64(12997.2)]
==================================================
2025-05-09 13:20:35,231 - INFO - 
==================================================
EMA Cross Analysis - HIVE/USDT
Time: 2025-05-09 13:20:00+09:00
Type: dead
Cross Character (Current): Weak
Cross Character (New): Weak
Price at Cross: 0.252

1. Pre-Cross Pattern (15min):
EMA Distance Changes (%): ['0.082', '0.067', '0.025', '0.017']
EMA12 Changes (%): ['-0.015', '-0.017', '-0.072', '-0.076']
Price Changes (%): ['0.198', '-0.032', '-0.375', '-0.099']
Candle Analysis:
    Body Sizes (%): ['0.198', '0.020', '0.348', '0.087']
    Upper Shadows (%): ['0.047', '0.134', '0.000', '0.000']
    Lower Shadows (%): ['0.008', '0.300', '0.284', '0.000']
Volumes: [np.float64(34178.0), np.float64(300320.0), np.float64(236371.0), np.float64(17743.0)]
2025-05-09 13:20:35,231 - INFO - 
2. Post-Cross Movement (30min):
5min Price Changes (%): []
Maximum Change: 0.000% after 0 minutes
Candle Analysis:
    Body Sizes (%): []
    Upper Shadows (%): []
    Lower Shadows (%): []
Volumes: []
==================================================
2025-05-09 13:20:36,358 - INFO - 
==================================================
EMA Cross Analysis - BRETT/USDT
Time: 2025-05-09 13:15:00+09:00
Type: golden
Cross Character (Current): Weak
Cross Character (New): Weak
Price at Cross: 0.07491

1. Pre-Cross Pattern (15min):
EMA Distance Changes (%): ['0.229', '0.156', '0.056', '0.012']
EMA12 Changes (%): ['-0.174', '0.102', '0.171', '0.124']
Price Changes (%): ['-0.068', '1.635', '0.550', '-0.133']
Candle Analysis:
    Body Sizes (%): ['0.054', '1.607', '0.550', '0.093']
    Upper Shadows (%): ['0.082', '0.191', '0.188', '0.293']
    Lower Shadows (%): ['0.681', '0.000', '0.496', '0.453']
Volumes: [np.float64(2375642.0), np.float64(3033918.0), np.float64(3292868.0), np.float64(1583011.0)]
2025-05-09 13:20:36,359 - INFO - 
2. Post-Cross Movement (30min):
5min Price Changes (%): ['0.000']
Maximum Change: 0.000% after 0 minutes
Candle Analysis:
    Body Sizes (%): ['0.013']
    Upper Shadows (%): ['0.080']
    Lower Shadows (%): ['0.240']
Volumes: [np.float64(327558.0)]
==================================================
2025-05-09 13:25:05,013 - INFO - 
==================================================
EMA Cross Analysis - HIPPO/USDT
Time: 2025-05-09 13:20:00+09:00
Type: dead
Cross Character (Current): Weak
Cross Character (New): Weak
Price at Cross: 0.002553

1. Pre-Cross Pattern (15min):
EMA Distance Changes (%): ['0.100', '0.019', '0.023', '0.015']
EMA12 Changes (%): ['0.127', '0.143', '0.079', '-0.071']
Price Changes (%): ['0.546', '0.233', '-0.271', '-0.893']
Candle Analysis:
    Body Sizes (%): ['0.546', '0.194', '0.271', '0.893']
    Upper Shadows (%): ['0.234', '0.155', '0.039', '0.039']
    Lower Shadows (%): ['0.156', '0.349', '0.774', '0.116']
Volumes: [np.float64(22680479.0), np.float64(8593979.0), np.float64(14408299.0), np.float64(9997127.0)]
2025-05-09 13:25:05,013 - INFO - 
2. Post-Cross Movement (30min):
5min Price Changes (%): ['-0.039']
Maximum Change: -0.039% after 5 minutes
Candle Analysis:
    Body Sizes (%): ['0.000']
    Upper Shadows (%): ['0.039']
    Lower Shadows (%): ['0.000']
Volumes: [np.float64(9801.0)]
==================================================
2025-05-09 13:25:12,502 - INFO - 
==================================================
EMA Cross Analysis - HIVE/USDT
Time: 2025-05-09 13:20:00+09:00
Type: dead
Cross Character (Current): Weak
Cross Character (New): Weak
Price at Cross: 0.25214

1. Pre-Cross Pattern (15min):
EMA Distance Changes (%): ['0.082', '0.067', '0.025', '0.013']
EMA12 Changes (%): ['-0.015', '-0.017', '-0.072', '-0.068']
Price Changes (%): ['0.198', '-0.032', '-0.375', '-0.044']
Candle Analysis:
    Body Sizes (%): ['0.198', '0.020', '0.348', '0.032']
    Upper Shadows (%): ['0.047', '0.134', '0.000', '0.024']
    Lower Shadows (%): ['0.008', '0.300', '0.284', '0.139']
Volumes: [np.float64(34178.0), np.float64(300320.0), np.float64(236371.0), np.float64(107533.0)]
2025-05-09 13:25:12,502 - INFO - 
2. Post-Cross Movement (30min):
5min Price Changes (%): ['0.044']
Maximum Change: 0.044% after 5 minutes
Candle Analysis:
    Body Sizes (%): ['0.036']
    Upper Shadows (%): ['0.000']
    Lower Shadows (%): ['0.000']
Volumes: [np.float64(4255.0)]
==================================================
2025-05-09 13:35:32,061 - INFO - 
==================================================
EMA Cross Analysis - GALA/USDT
Time: 2025-05-09 13:35:00+09:00
Type: dead
Cross Character (Current): Weak
Cross Character (New): Weak
Price at Cross: 0.0181

1. Pre-Cross Pattern (15min):
EMA Distance Changes (%): ['0.051', '0.040', '0.021', '0.002']
EMA12 Changes (%): ['-0.028', '-0.015', '-0.030', '-0.042']
Price Changes (%): ['-0.275', '0.055', '-0.110', '-0.110']
Candle Analysis:
    Body Sizes (%): ['0.330', '0.055', '0.110', '0.110']
    Upper Shadows (%): ['0.000', '0.221', '0.165', '0.000']
    Lower Shadows (%): ['0.110', '0.055', '0.276', '0.000']
Volumes: [np.float64(8006352.0), np.float64(5472202.0), np.float64(13178859.0), np.float64(501534.0)]
2025-05-09 13:35:32,061 - INFO - 
2. Post-Cross Movement (30min):
5min Price Changes (%): []
Maximum Change: 0.000% after 0 minutes
Candle Analysis:
    Body Sizes (%): []
    Upper Shadows (%): []
    Lower Shadows (%): []
Volumes: []
==================================================
2025-05-09 13:35:33,177 - INFO - 
==================================================
EMA Cross Analysis - BNB/USDT
Time: 2025-05-09 13:35:00+09:00
Type: dead
Cross Character (Current): Weak
Cross Character (New): Weak
Price at Cross: 624.94

1. Pre-Cross Pattern (15min):
EMA Distance Changes (%): ['0.020', '0.014', '0.003', '0.007']
EMA12 Changes (%): ['0.000', '-0.009', '-0.019', '-0.019']
Price Changes (%): ['-0.034', '-0.059', '-0.074', '-0.018']
Candle Analysis:
    Body Sizes (%): ['0.034', '0.059', '0.072', '0.018']
    Upper Shadows (%): ['0.034', '0.014', '0.002', '0.002']
    Lower Shadows (%): ['0.024', '0.002', '0.077', '0.002']
Volumes: [np.float64(897.0), np.float64(803.24), np.float64(1042.89), np.float64(24.03)]
2025-05-09 13:35:33,177 - INFO - 
2. Post-Cross Movement (30min):
5min Price Changes (%): []
Maximum Change: 0.000% after 0 minutes
Candle Analysis:
    Body Sizes (%): []
    Upper Shadows (%): []
    Lower Shadows (%): []
Volumes: []
==================================================
2025-05-09 13:35:33,401 - INFO - 
==================================================
EMA Cross Analysis - THETA/USDT
Time: 2025-05-09 13:35:00+09:00
Type: dead
Cross Character (Current): Weak
Cross Character (New): Weak
Price at Cross: 0.8431

1. Pre-Cross Pattern (15min):
EMA Distance Changes (%): ['0.052', '0.032', '0.000', '0.023']
EMA12 Changes (%): ['-0.008', '-0.032', '-0.056', '-0.044']
Price Changes (%): ['-0.071', '-0.166', '-0.189', '0.024']
Candle Analysis:
    Body Sizes (%): ['0.083', '0.189', '0.213', '0.024']
    Upper Shadows (%): ['0.142', '0.083', '0.071', '0.036']
    Lower Shadows (%): ['0.130', '0.000', '0.118', '0.012']
Volumes: [np.float64(58277.9), np.float64(84442.3), np.float64(66192.9), np.float64(9452.6)]
2025-05-09 13:35:33,401 - INFO - 
2. Post-Cross Movement (30min):
5min Price Changes (%): []
Maximum Change: 0.000% after 0 minutes
Candle Analysis:
    Body Sizes (%): []
    Upper Shadows (%): []
    Lower Shadows (%): []
Volumes: []
==================================================
2025-05-09 13:40:09,846 - INFO - 
==================================================
EMA Cross Analysis - GALA/USDT
Time: 2025-05-09 13:35:00+09:00
Type: dead
Cross Character (Current): Weak
Cross Character (New): Weak
Price at Cross: 0.01808

1. Pre-Cross Pattern (15min):
EMA Distance Changes (%): ['0.051', '0.040', '0.021', '0.011']
EMA12 Changes (%): ['-0.028', '-0.015', '-0.030', '-0.059']
Price Changes (%): ['-0.275', '0.055', '-0.110', '-0.221']
Candle Analysis:
    Body Sizes (%): ['0.330', '0.055', '0.110', '0.221']
    Upper Shadows (%): ['0.000', '0.221', '0.165', '0.000']
    Lower Shadows (%): ['0.110', '0.055', '0.276', '0.276']
Volumes: [np.float64(8006352.0), np.float64(5472202.0), np.float64(13178859.0), np.float64(7806015.0)]
2025-05-09 13:40:09,846 - INFO - 
2. Post-Cross Movement (30min):
5min Price Changes (%): ['-0.055']
Maximum Change: -0.055% after 5 minutes
Candle Analysis:
    Body Sizes (%): ['0.000']
    Upper Shadows (%): ['0.000']
    Lower Shadows (%): ['0.000']
Volumes: [np.float64(534.0)]
==================================================
2025-05-09 13:40:10,954 - INFO - 
==================================================
EMA Cross Analysis - BNB/USDT
Time: 2025-05-09 13:35:00+09:00
Type: dead
Cross Character (Current): Weak
Cross Character (New): Weak
Price at Cross: 624.79

1. Pre-Cross Pattern (15min):
EMA Distance Changes (%): ['0.020', '0.014', '0.003', '0.009']
EMA12 Changes (%): ['0.000', '-0.009', '-0.019', '-0.022']
Price Changes (%): ['-0.034', '-0.059', '-0.074', '-0.042']
Candle Analysis:
    Body Sizes (%): ['0.034', '0.059', '0.072', '0.042']
    Upper Shadows (%): ['0.034', '0.014', '0.002', '0.002']
    Lower Shadows (%): ['0.024', '0.002', '0.077', '0.050']
Volumes: [np.float64(897.0), np.float64(803.24), np.float64(1042.89), np.float64(688.16)]
2025-05-09 13:40:10,954 - INFO - 
2. Post-Cross Movement (30min):
5min Price Changes (%): ['0.003']
Maximum Change: 0.003% after 5 minutes
Candle Analysis:
    Body Sizes (%): ['0.003']
    Upper Shadows (%): ['0.002']
    Lower Shadows (%): ['0.000']
Volumes: [np.float64(11.87)]
==================================================
2025-05-09 13:40:11,178 - INFO - 
==================================================
EMA Cross Analysis - THETA/USDT
Time: 2025-05-09 13:35:00+09:00
Type: dead
Cross Character (Current): Weak
Cross Character (New): Weak
Price at Cross: 0.8412

1. Pre-Cross Pattern (15min):
EMA Distance Changes (%): ['0.052', '0.032', '0.000', '0.041']
EMA12 Changes (%): ['-0.008', '-0.032', '-0.056', '-0.078']
Price Changes (%): ['-0.071', '-0.166', '-0.189', '-0.202']
Candle Analysis:
    Body Sizes (%): ['0.083', '0.189', '0.213', '0.202']
    Upper Shadows (%): ['0.142', '0.083', '0.071', '0.059']
    Lower Shadows (%): ['0.130', '0.000', '0.118', '0.083']
Volumes: [np.float64(58277.9), np.float64(84442.3), np.float64(66192.9), np.float64(71061.2)]
2025-05-09 13:40:11,178 - INFO - 
2. Post-Cross Movement (30min):
5min Price Changes (%): ['0.036']
Maximum Change: 0.036% after 5 minutes
Candle Analysis:
    Body Sizes (%): ['0.036']
    Upper Shadows (%): ['0.000']
    Lower Shadows (%): ['0.000']
Volumes: [np.float64(1290.2)]
==================================================
2025-05-09 13:40:11,399 - INFO - 
==================================================
EMA Cross Analysis - ARPA/USDT
Time: 2025-05-09 13:40:00+09:00
Type: dead
Cross Character (Current): Weak
Cross Character (New): Weak
Price at Cross: 0.02621

1. Pre-Cross Pattern (15min):
EMA Distance Changes (%): ['0.101', '0.061', '0.019', '0.015']
EMA12 Changes (%): ['-0.028', '-0.065', '-0.072', '-0.061']
Price Changes (%): ['0.114', '-0.266', '-0.114', '0.000']
Candle Analysis:
    Body Sizes (%): ['0.152', '0.228', '0.152', '0.000']
    Upper Shadows (%): ['0.076', '0.000', '0.000', '0.000']
    Lower Shadows (%): ['0.038', '0.342', '0.343', '0.000']
Volumes: [np.float64(279158.0), np.float64(451167.0), np.float64(484646.0), np.float64(211.0)]
2025-05-09 13:40:11,399 - INFO - 
2. Post-Cross Movement (30min):
5min Price Changes (%): []
Maximum Change: 0.000% after 0 minutes
Candle Analysis:
    Body Sizes (%): []
    Upper Shadows (%): []
    Lower Shadows (%): []
Volumes: []
==================================================
2025-05-09 13:40:14,881 - INFO - 
==================================================
EMA Cross Analysis - ZEN/USDT
Time: 2025-05-09 13:40:00+09:00
Type: dead
Cross Character (Current): Weak
Cross Character (New): Weak
Price at Cross: 9.55

1. Pre-Cross Pattern (15min):
EMA Distance Changes (%): ['0.139', '0.079', '0.010', '0.050']
EMA12 Changes (%): ['-0.038', '-0.096', '-0.121', '-0.112']
Price Changes (%): ['-0.031', '-0.416', '-0.261', '-0.063']
Candle Analysis:
    Body Sizes (%): ['0.031', '0.405', '0.251', '0.042']
    Upper Shadows (%): ['0.135', '0.000', '0.000', '0.010']
    Lower Shadows (%): ['0.094', '0.177', '0.303', '0.000']
Volumes: [np.float64(3304.9), np.float64(5819.9), np.float64(4300.9), np.float64(20.6)]
2025-05-09 13:40:14,881 - INFO - 
2. Post-Cross Movement (30min):
5min Price Changes (%): []
Maximum Change: 0.000% after 0 minutes
Candle Analysis:
    Body Sizes (%): []
    Upper Shadows (%): []
    Lower Shadows (%): []
Volumes: []
==================================================
2025-05-09 13:45:57,771 - INFO - 
==================================================
EMA Cross Analysis - ARPA/USDT
Time: 2025-05-09 13:40:00+09:00
Type: dead
Cross Character (Current): Weak
Cross Character (New): Weak
Price at Cross: 0.02623

1. Pre-Cross Pattern (15min):
EMA Distance Changes (%): ['0.101', '0.061', '0.019', '0.009']
EMA12 Changes (%): ['-0.028', '-0.065', '-0.072', '-0.049']
Price Changes (%): ['0.114', '-0.266', '-0.114', '0.076']
Candle Analysis:
    Body Sizes (%): ['0.152', '0.228', '0.152', '0.076']
    Upper Shadows (%): ['0.076', '0.000', '0.000', '0.000']
    Lower Shadows (%): ['0.038', '0.342', '0.343', '0.191']
Volumes: [np.float64(279158.0), np.float64(451167.0), np.float64(484646.0), np.float64(315691.0)]
2025-05-09 13:45:57,772 - INFO - 
2. Post-Cross Movement (30min):
5min Price Changes (%): ['-0.038']
Maximum Change: -0.038% after 5 minutes
Candle Analysis:
    Body Sizes (%): ['0.038']
    Upper Shadows (%): ['0.000']
    Lower Shadows (%): ['0.076']
Volumes: [np.float64(70970.0)]
==================================================
2025-05-09 13:46:01,304 - INFO - 
==================================================
EMA Cross Analysis - ZEN/USDT
Time: 2025-05-09 13:40:00+09:00
Type: dead
Cross Character (Current): Weak
Cross Character (New): Weak
Price at Cross: 9.561

1. Pre-Cross Pattern (15min):
EMA Distance Changes (%): ['0.139', '0.079', '0.010', '0.041']
EMA12 Changes (%): ['-0.038', '-0.096', '-0.121', '-0.095']
Price Changes (%): ['-0.031', '-0.416', '-0.261', '0.052']
Candle Analysis:
    Body Sizes (%): ['0.031', '0.405', '0.251', '0.073']
    Upper Shadows (%): ['0.135', '0.000', '0.000', '0.031']
    Lower Shadows (%): ['0.094', '0.177', '0.303', '0.220']
Volumes: [np.float64(3304.9), np.float64(5819.9), np.float64(4300.9), np.float64(2734.2)]
2025-05-09 13:46:01,305 - INFO - 
2. Post-Cross Movement (30min):
5min Price Changes (%): ['0.000']
Maximum Change: 0.000% after 0 minutes
Candle Analysis:
    Body Sizes (%): ['0.021']
    Upper Shadows (%): ['0.021']
    Lower Shadows (%): ['0.073']
Volumes: [np.float64(133.2)]
==================================================
2025-05-09 13:50:38,193 - INFO - 
==================================================
EMA Cross Analysis - GOAT/USDT
Time: 2025-05-09 13:45:00+09:00
Type: golden
Cross Character (Current): Weak
Cross Character (New): Weak
Price at Cross: 0.09435

1. Pre-Cross Pattern (15min):
EMA Distance Changes (%): ['0.272', '0.207', '0.106', '0.028']
EMA12 Changes (%): ['-0.094', '0.081', '0.165', '0.245']
Price Changes (%): ['0.196', '1.053', '0.623', '0.683']
Candle Analysis:
    Body Sizes (%): ['0.217', '1.053', '0.612', '0.704']
    Upper Shadows (%): ['0.000', '0.141', '0.150', '0.213']
    Lower Shadows (%): ['1.098', '0.543', '0.000', '0.000']
Volumes: [np.float64(1487891.0), np.float64(1451873.0), np.float64(880395.0), np.float64(1203683.0)]
2025-05-09 13:50:38,193 - INFO - 
2. Post-Cross Movement (30min):
5min Price Changes (%): ['-0.403']
Maximum Change: -0.403% after 5 minutes
Candle Analysis:
    Body Sizes (%): ['0.382']
    Upper Shadows (%): ['0.000']
    Lower Shadows (%): ['0.095']
Volumes: [np.float64(279088.0)]
==================================================
2025-05-09 14:01:04,121 - INFO - 
==================================================
EMA Cross Analysis - MOVE/USDT
Time: 2025-05-09 14:00:00+09:00
Type: dead
Cross Character (Current): Weak
Cross Character (New): Weak
Price at Cross: 0.1721

1. Pre-Cross Pattern (15min):
EMA Distance Changes (%): ['0.190', '0.106', '0.007', '0.072']
EMA12 Changes (%): ['-0.189', '-0.134', '-0.175', '-0.148']
Price Changes (%): ['-0.634', '0.174', '-0.405', '0.000']
Candle Analysis:
    Body Sizes (%): ['0.634', '0.174', '0.405', '0.058']
    Upper Shadows (%): ['0.115', '0.058', '0.000', '0.174']
    Lower Shadows (%): ['0.058', '0.174', '0.116', '0.058']
Volumes: [np.float64(2974762.0), np.float64(2137382.0), np.float64(2273640.0), np.float64(376925.0)]
2025-05-09 14:01:04,121 - INFO - 
2. Post-Cross Movement (30min):
5min Price Changes (%): []
Maximum Change: 0.000% after 0 minutes
Candle Analysis:
    Body Sizes (%): []
    Upper Shadows (%): []
    Lower Shadows (%): []
Volumes: []
==================================================
2025-05-09 14:01:04,658 - INFO - 
==================================================
EMA Cross Analysis - HIVE/USDT
Time: 2025-05-09 14:00:00+09:00
Type: golden
Cross Character (Current): Weak
Cross Character (New): Weak
Price at Cross: 0.25375

1. Pre-Cross Pattern (15min):
EMA Distance Changes (%): ['0.052', '0.029', '0.002', '0.022']
EMA12 Changes (%): ['0.030', '0.038', '0.048', '0.046']
Price Changes (%): ['0.032', '0.079', '0.103', '0.035']
Candle Analysis:
    Body Sizes (%): ['0.020', '0.067', '0.107', '0.035']
    Upper Shadows (%): ['0.020', '0.047', '0.008', '0.035']
    Lower Shadows (%): ['0.051', '0.043', '0.079', '0.000']
Volumes: [np.float64(18448.0), np.float64(22350.0), np.float64(50446.0), np.float64(7640.0)]
2025-05-09 14:01:04,658 - INFO - 
2. Post-Cross Movement (30min):
5min Price Changes (%): []
Maximum Change: 0.000% after 0 minutes
Candle Analysis:
    Body Sizes (%): []
    Upper Shadows (%): []
    Lower Shadows (%): []
Volumes: []
==================================================
2025-05-09 14:05:33,744 - INFO - 
==================================================
EMA Cross Analysis - ORCA/USDT
Time: 2025-05-09 14:00:00+09:00
Type: golden
Cross Character (Current): Weak
Cross Character (New): Weak
Price at Cross: 2.793

1. Pre-Cross Pattern (15min):
EMA Distance Changes (%): ['0.057', '0.042', '0.023', '0.012']
EMA12 Changes (%): ['0.033', '0.023', '0.030', '0.064']
Price Changes (%): ['0.144', '-0.036', '0.072', '0.251']
Candle Analysis:
    Body Sizes (%): ['0.144', '0.072', '0.072', '0.287']
    Upper Shadows (%): ['0.288', '0.179', '0.072', '0.072']
    Lower Shadows (%): ['0.000', '0.108', '0.180', '0.036']
Volumes: [np.float64(29918.0), np.float64(15388.0), np.float64(27985.2), np.float64(17370.7)]
2025-05-09 14:05:33,745 - INFO - 
2. Post-Cross Movement (30min):
5min Price Changes (%): ['0.036']
Maximum Change: 0.036% after 5 minutes
Candle Analysis:
    Body Sizes (%): ['0.036']
    Upper Shadows (%): ['0.072']
    Lower Shadows (%): ['0.000']
Volumes: [np.float64(4631.9)]
==================================================
2025-05-09 14:05:34,636 - INFO - 
==================================================
EMA Cross Analysis - HIPPO/USDT
Time: 2025-05-09 14:05:00+09:00
Type: golden
Cross Character (Current): Weak
Cross Character (New): Weak
Price at Cross: 0.002572

1. Pre-Cross Pattern (15min):
EMA Distance Changes (%): ['0.076', '0.049', '0.014', '0.022']
EMA12 Changes (%): ['0.007', '0.042', '0.059', '0.068']
Price Changes (%): ['0.039', '0.234', '0.156', '0.117']
Candle Analysis:
    Body Sizes (%): ['0.039', '0.195', '0.156', '0.078']
    Upper Shadows (%): ['0.586', '0.117', '0.156', '0.039']
    Lower Shadows (%): ['0.274', '0.273', '0.390', '0.039']
Volumes: [np.float64(11407136.0), np.float64(21028264.0), np.float64(6407974.0), np.float64(493660.0)]
2025-05-09 14:05:34,636 - INFO - 
2. Post-Cross Movement (30min):
5min Price Changes (%): []
Maximum Change: 0.000% after 0 minutes
Candle Analysis:
    Body Sizes (%): []
    Upper Shadows (%): []
    Lower Shadows (%): []
Volumes: []
==================================================
2025-05-09 14:05:37,625 - INFO - 
==================================================
EMA Cross Analysis - GALA/USDT
Time: 2025-05-09 14:00:00+09:00
Type: golden
Cross Character (Current): Weak
Cross Character (New): Weak
Price at Cross: 0.01825

1. Pre-Cross Pattern (15min):
EMA Distance Changes (%): ['0.032', '0.030', '0.023', '0.030']
EMA12 Changes (%): ['0.020', '-0.000', '0.008', '0.100']
Price Changes (%): ['0.498', '-0.110', '0.055', '0.606']
Candle Analysis:
    Body Sizes (%): ['0.498', '0.110', '0.000', '0.606']
    Upper Shadows (%): ['0.000', '0.055', '0.055', '0.055']
    Lower Shadows (%): ['0.055', '0.165', '0.276', '0.221']
Volumes: [np.float64(13604291.0), np.float64(6260403.0), np.float64(6689480.0), np.float64(20757121.0)]
2025-05-09 14:05:37,626 - INFO - 
2. Post-Cross Movement (30min):
5min Price Changes (%): ['0.110']
Maximum Change: 0.110% after 5 minutes
Candle Analysis:
    Body Sizes (%): ['0.110']
    Upper Shadows (%): ['0.055']
    Lower Shadows (%): ['0.055']
Volumes: [np.float64(5013576.0)]
==================================================
2025-05-09 14:05:39,268 - INFO - 
==================================================
EMA Cross Analysis - ARPA/USDT
Time: 2025-05-09 14:05:00+09:00
Type: golden
Cross Character (Current): Weak
Cross Character (New): Weak
Price at Cross: 0.02638

1. Pre-Cross Pattern (15min):
EMA Distance Changes (%): ['0.040', '0.050', '0.024', '0.005']
EMA12 Changes (%): ['-0.024', '-0.026', '0.042', '0.053']
Price Changes (%): ['0.076', '-0.038', '0.419', '0.114']
Candle Analysis:
    Body Sizes (%): ['0.076', '0.076', '0.381', '0.076']
    Upper Shadows (%): ['0.076', '0.038', '0.076', '0.000']
    Lower Shadows (%): ['0.267', '0.038', '0.000', '0.000']
Volumes: [np.float64(276982.0), np.float64(171630.0), np.float64(529183.0), np.float64(7600.0)]
2025-05-09 14:05:39,268 - INFO - 
2. Post-Cross Movement (30min):
5min Price Changes (%): []
Maximum Change: 0.000% after 0 minutes
Candle Analysis:
    Body Sizes (%): []
    Upper Shadows (%): []
    Lower Shadows (%): []
Volumes: []
==================================================
2025-05-09 14:05:41,981 - INFO - 
==================================================
EMA Cross Analysis - MOVE/USDT
Time: 2025-05-09 14:00:00+09:00
Type: dead
Cross Character (Current): Weak
Cross Character (New): Weak
Price at Cross: 0.1726

1. Pre-Cross Pattern (15min):
EMA Distance Changes (%): ['0.190', '0.106', '0.007', '0.048']
EMA12 Changes (%): ['-0.189', '-0.134', '-0.175', '-0.104']
Price Changes (%): ['-0.634', '0.174', '-0.405', '0.291']
Candle Analysis:
    Body Sizes (%): ['0.634', '0.174', '0.405', '0.232']
    Upper Shadows (%): ['0.115', '0.058', '0.000', '0.116']
    Lower Shadows (%): ['0.058', '0.174', '0.116', '0.407']
Volumes: [np.float64(2974762.0), np.float64(2137382.0), np.float64(2273640.0), np.float64(2324004.0)]
2025-05-09 14:05:41,982 - INFO - 
2. Post-Cross Movement (30min):
5min Price Changes (%): ['0.116']
Maximum Change: 0.116% after 5 minutes
Candle Analysis:
    Body Sizes (%): ['0.116']
    Upper Shadows (%): ['0.058']
    Lower Shadows (%): ['0.000']
Volumes: [np.float64(114065.0)]
==================================================
2025-05-09 14:05:42,531 - INFO - 
==================================================
EMA Cross Analysis - HIVE/USDT
Time: 2025-05-09 14:00:00+09:00
Type: golden
Cross Character (Current): Weak
Cross Character (New): Weak
Price at Cross: 0.25373

1. Pre-Cross Pattern (15min):
EMA Distance Changes (%): ['0.052', '0.029', '0.002', '0.022']
EMA12 Changes (%): ['0.030', '0.038', '0.048', '0.045']
Price Changes (%): ['0.032', '0.079', '0.103', '0.028']
Candle Analysis:
    Body Sizes (%): ['0.020', '0.067', '0.107', '0.028']
    Upper Shadows (%): ['0.020', '0.047', '0.008', '0.043']
    Lower Shadows (%): ['0.051', '0.043', '0.079', '0.134']
Volumes: [np.float64(18448.0), np.float64(22350.0), np.float64(50446.0), np.float64(76753.0)]
2025-05-09 14:05:42,531 - INFO - 
2. Post-Cross Movement (30min):
5min Price Changes (%): ['-0.012']
Maximum Change: -0.012% after 5 minutes
Candle Analysis:
    Body Sizes (%): ['0.016']
    Upper Shadows (%): ['0.055']
    Lower Shadows (%): ['0.000']
Volumes: [np.float64(7821.0)]
==================================================
2025-05-09 14:10:12,844 - INFO - 
==================================================
EMA Cross Analysis - HIPPO/USDT
Time: 2025-05-09 14:05:00+09:00
Type: golden
Cross Character (Current): Weak
Cross Character (New): Weak
Price at Cross: 0.002575

1. Pre-Cross Pattern (15min):
EMA Distance Changes (%): ['0.076', '0.049', '0.014', '0.031']
EMA12 Changes (%): ['0.007', '0.042', '0.059', '0.086']
Price Changes (%): ['0.039', '0.234', '0.156', '0.234']
Candle Analysis:
    Body Sizes (%): ['0.039', '0.195', '0.156', '0.195']
    Upper Shadows (%): ['0.586', '0.117', '0.156', '0.350']
    Lower Shadows (%): ['0.274', '0.273', '0.390', '0.156']
Volumes: [np.float64(11407136.0), np.float64(21028264.0), np.float64(6407974.0), np.float64(10483224.0)]
2025-05-09 14:10:12,844 - INFO - 
2. Post-Cross Movement (30min):
5min Price Changes (%): ['0.039']
Maximum Change: 0.039% after 5 minutes
Candle Analysis:
    Body Sizes (%): ['0.039']
    Upper Shadows (%): ['0.000']
    Lower Shadows (%): ['0.000']
Volumes: [np.float64(64340.0)]
==================================================
2025-05-09 14:10:14,733 - INFO - 
==================================================
EMA Cross Analysis - ATOM/USDT
Time: 2025-05-09 14:10:00+09:00
Type: golden
Cross Character (Current): Weak
Cross Character (New): Weak
Price at Cross: 4.592

1. Pre-Cross Pattern (15min):
EMA Distance Changes (%): ['0.054', '0.033', '0.008', '0.010']
EMA12 Changes (%): ['0.026', '0.032', '0.044', '0.034']
Price Changes (%): ['-0.065', '0.065', '0.109', '-0.022']
Candle Analysis:
    Body Sizes (%): ['0.044', '0.044', '0.087', '0.000']
    Upper Shadows (%): ['0.065', '0.087', '0.087', '0.000']
    Lower Shadows (%): ['0.131', '0.131', '0.131', '0.000']
Volumes: [np.float64(13808.25), np.float64(44449.01), np.float64(33254.32), np.float64(234.51)]
2025-05-09 14:10:14,733 - INFO - 
2. Post-Cross Movement (30min):
5min Price Changes (%): []
Maximum Change: 0.000% after 0 minutes
Candle Analysis:
    Body Sizes (%): []
    Upper Shadows (%): []
    Lower Shadows (%): []
Volumes: []
==================================================
2025-05-09 14:10:17,059 - INFO - 
==================================================
EMA Cross Analysis - BNB/USDT
Time: 2025-05-09 14:05:00+09:00
Type: golden
Cross Character (Current): Weak
Cross Character (New): Weak
Price at Cross: 626.59

1. Pre-Cross Pattern (15min):
EMA Distance Changes (%): ['0.019', '0.020', '0.013', '0.002']
EMA12 Changes (%): ['-0.007', '-0.004', '0.010', '0.028']
Price Changes (%): ['-0.032', '0.013', '0.085', '0.133']
Candle Analysis:
    Body Sizes (%): ['0.032', '0.013', '0.086', '0.133']
    Upper Shadows (%): ['0.008', '0.026', '0.002', '0.034']
    Lower Shadows (%): ['0.037', '0.083', '0.067', '0.013']
Volumes: [np.float64(779.63), np.float64(1389.15), np.float64(1746.57), np.float64(3142.87)]
2025-05-09 14:10:17,060 - INFO - 
2. Post-Cross Movement (30min):
5min Price Changes (%): ['0.005']
Maximum Change: 0.005% after 5 minutes
Candle Analysis:
    Body Sizes (%): ['0.003']
    Upper Shadows (%): ['0.005']
    Lower Shadows (%): ['0.000']
Volumes: [np.float64(115.52)]
==================================================
2025-05-09 14:10:17,527 - INFO - 
==================================================
EMA Cross Analysis - ARPA/USDT
Time: 2025-05-09 14:05:00+09:00
Type: golden
Cross Character (Current): Weak
Cross Character (New): Weak
Price at Cross: 0.02642

1. Pre-Cross Pattern (15min):
EMA Distance Changes (%): ['0.040', '0.050', '0.024', '0.017']
EMA12 Changes (%): ['-0.024', '-0.026', '0.042', '0.077']
Price Changes (%): ['0.076', '-0.038', '0.419', '0.266']
Candle Analysis:
    Body Sizes (%): ['0.076', '0.076', '0.381', '0.228']
    Upper Shadows (%): ['0.076', '0.038', '0.076', '0.076']
    Lower Shadows (%): ['0.267', '0.038', '0.000', '0.000']
Volumes: [np.float64(276982.0), np.float64(171630.0), np.float64(529183.0), np.float64(220814.0)]
2025-05-09 14:10:17,527 - INFO - 
2. Post-Cross Movement (30min):
5min Price Changes (%): ['-0.076']
Maximum Change: -0.076% after 5 minutes
Candle Analysis:
    Body Sizes (%): ['0.038']
    Upper Shadows (%): ['0.000']
    Lower Shadows (%): ['0.000']
Volumes: [np.float64(13767.0)]
==================================================
2025-05-09 14:16:00,126 - INFO - 
==================================================
EMA Cross Analysis - 1000PEPE/USDT
Time: 2025-05-09 14:15:00+09:00
Type: golden
Cross Character (Current): Weak
Cross Character (New): Weak
Price at Cross: 0.0109723

1. Pre-Cross Pattern (15min):
EMA Distance Changes (%): ['0.238', '0.143', '0.052', '0.026']
EMA12 Changes (%): ['0.103', '0.150', '0.155', '0.145']
Price Changes (%): ['-0.001', '0.406', '0.183', '0.089']
Candle Analysis:
    Body Sizes (%): ['0.007', '0.406', '0.182', '0.090']
    Upper Shadows (%): ['0.225', '0.234', '0.027', '0.132']
    Lower Shadows (%): ['0.322', '0.065', '0.261', '0.052']
Volumes: [np.float64(312694490.0), np.float64(529801347.0), np.float64(304252326.0), np.float64(130170071.0)]
2025-05-09 14:16:00,126 - INFO - 
2. Post-Cross Movement (30min):
5min Price Changes (%): []
Maximum Change: 0.000% after 0 minutes
Candle Analysis:
    Body Sizes (%): []
    Upper Shadows (%): []
    Lower Shadows (%): []
Volumes: []
==================================================
2025-05-09 14:16:01,290 - INFO - 
==================================================
EMA Cross Analysis - ATOM/USDT
Time: 2025-05-09 14:10:00+09:00
Type: golden
Cross Character (Current): Weak
Cross Character (New): Weak
Price at Cross: 4.596

1. Pre-Cross Pattern (15min):
EMA Distance Changes (%): ['0.054', '0.033', '0.008', '0.017']
EMA12 Changes (%): ['0.026', '0.032', '0.044', '0.047']
Price Changes (%): ['-0.065', '0.065', '0.109', '0.065']
Candle Analysis:
    Body Sizes (%): ['0.044', '0.044', '0.087', '0.087']
    Upper Shadows (%): ['0.065', '0.087', '0.087', '0.044']
    Lower Shadows (%): ['0.131', '0.131', '0.131', '0.044']
Volumes: [np.float64(13808.25), np.float64(44449.01), np.float64(33254.32), np.float64(50845.94)]
2025-05-09 14:16:01,291 - INFO - 
2. Post-Cross Movement (30min):
5min Price Changes (%): ['0.065']
Maximum Change: 0.065% after 5 minutes
Candle Analysis:
    Body Sizes (%): ['0.087']
    Upper Shadows (%): ['0.000']
    Lower Shadows (%): ['0.087']
Volumes: [np.float64(10456.09)]
==================================================
2025-05-09 14:16:01,528 - INFO - 
==================================================
EMA Cross Analysis - PHA/USDT
Time: 2025-05-09 14:10:00+09:00
Type: golden
Cross Character (Current): Weak
Cross Character (New): Weak
Price at Cross: 0.13098

1. Pre-Cross Pattern (15min):
EMA Distance Changes (%): ['0.122', '0.087', '0.050', '0.021']
EMA12 Changes (%): ['0.065', '0.049', '0.058', '0.131']
Price Changes (%): ['0.378', '-0.038', '0.108', '0.530']
Candle Analysis:
    Body Sizes (%): ['0.355', '0.069', '0.108', '0.476']
    Upper Shadows (%): ['0.170', '0.031', '0.092', '0.000']
    Lower Shadows (%): ['0.262', '0.315', '0.131', '0.023']
Volumes: [np.float64(296408.0), np.float64(78030.0), np.float64(40037.0), np.float64(135508.0)]
2025-05-09 14:16:01,528 - INFO - 
2. Post-Cross Movement (30min):
5min Price Changes (%): ['-0.008']
Maximum Change: -0.008% after 5 minutes
Candle Analysis:
    Body Sizes (%): ['0.031']
    Upper Shadows (%): ['0.023']
    Lower Shadows (%): ['0.046']
Volumes: [np.float64(19600.0)]
==================================================
2025-05-09 14:16:05,034 - INFO - 
==================================================
EMA Cross Analysis - WLD/USDT
Time: 2025-05-09 14:15:00+09:00
Type: golden
Cross Character (Current): Weak
Cross Character (New): Weak
Price at Cross: 1.0887

1. Pre-Cross Pattern (15min):
EMA Distance Changes (%): ['0.097', '0.072', '0.034', '0.005']
EMA12 Changes (%): ['0.048', '0.033', '0.064', '0.070']
Price Changes (%): ['0.323', '-0.046', '0.230', '0.101']
Candle Analysis:
    Body Sizes (%): ['0.323', '0.037', '0.221', '0.110']
    Upper Shadows (%): ['0.092', '0.184', '0.018', '0.064']
    Lower Shadows (%): ['0.231', '0.249', '0.129', '0.074']
Volumes: [np.float64(345186.0), np.float64(209006.0), np.float64(210777.0), np.float64(60287.0)]
2025-05-09 14:16:05,034 - INFO - 
2. Post-Cross Movement (30min):
5min Price Changes (%): []
Maximum Change: 0.000% after 0 minutes
Candle Analysis:
    Body Sizes (%): []
    Upper Shadows (%): []
    Lower Shadows (%): []
Volumes: []
==================================================
2025-05-09 14:20:38,046 - INFO - 
==================================================
EMA Cross Analysis - 1000PEPE/USDT
Time: 2025-05-09 14:15:00+09:00
Type: golden
Cross Character (Current): Weak
Cross Character (New): Weak
Price at Cross: 0.0109428

1. Pre-Cross Pattern (15min):
EMA Distance Changes (%): ['0.238', '0.143', '0.052', '0.005']
EMA12 Changes (%): ['0.103', '0.150', '0.155', '0.103']
Price Changes (%): ['-0.001', '0.406', '0.183', '-0.180']
Candle Analysis:
    Body Sizes (%): ['0.007', '0.406', '0.182', '0.179']
    Upper Shadows (%): ['0.225', '0.234', '0.027', '0.290']
    Lower Shadows (%): ['0.322', '0.065', '0.261', '0.005']
Volumes: [np.float64(312694490.0), np.float64(529801347.0), np.float64(304252326.0), np.float64(468642997.0)]
2025-05-09 14:20:38,047 - INFO - 
2. Post-Cross Movement (30min):
5min Price Changes (%): ['0.006']
Maximum Change: 0.006% after 5 minutes
Candle Analysis:
    Body Sizes (%): ['0.005']
    Upper Shadows (%): ['0.016']
    Lower Shadows (%): ['0.098']
Volumes: [np.float64(45746985.0)]
==================================================
2025-05-09 14:20:41,754 - INFO - 
==================================================
EMA Cross Analysis - THETA/USDT
Time: 2025-05-09 14:20:00+09:00
Type: golden
Cross Character (Current): Weak
Cross Character (New): Weak
Price at Cross: 0.8475

1. Pre-Cross Pattern (15min):
EMA Distance Changes (%): ['0.056', '0.036', '0.004', '0.022']
EMA12 Changes (%): ['0.031', '0.032', '0.056', '0.049']
Price Changes (%): ['0.142', '0.035', '0.189', '0.012']
Candle Analysis:
    Body Sizes (%): ['0.142', '0.024', '0.213', '0.000']
    Upper Shadows (%): ['0.000', '0.118', '0.059', '0.012']
    Lower Shadows (%): ['0.130', '0.059', '0.024', '0.000']
Volumes: [np.float64(37459.8), np.float64(34540.0), np.float64(105131.1), np.float64(2285.2)]
2025-05-09 14:20:41,754 - INFO - 
2. Post-Cross Movement (30min):
5min Price Changes (%): []
Maximum Change: 0.000% after 0 minutes
Candle Analysis:
    Body Sizes (%): []
    Upper Shadows (%): []
    Lower Shadows (%): []
Volumes: []
==================================================
2025-05-09 14:20:42,904 - INFO - 
==================================================
EMA Cross Analysis - WLD/USDT
Time: 2025-05-09 14:20:00+09:00
Type: golden
Cross Character (Current): Weak
Cross Character (New): Weak
Price at Cross: 1.086

1. Pre-Cross Pattern (15min):
EMA Distance Changes (%): ['0.072', '0.034', '0.011', '0.003']
EMA12 Changes (%): ['0.033', '0.064', '0.040', '0.025']
Price Changes (%): ['-0.046', '0.230', '-0.092', '-0.055']
Candle Analysis:
    Body Sizes (%): ['0.037', '0.221', '0.083', '0.046']
    Upper Shadows (%): ['0.184', '0.018', '0.175', '0.009']
    Lower Shadows (%): ['0.249', '0.129', '0.064', '0.028']
Volumes: [np.float64(209006.0), np.float64(210777.0), np.float64(252468.0), np.float64(9742.0)]
2025-05-09 14:20:42,904 - INFO - 
2. Post-Cross Movement (30min):
5min Price Changes (%): []
Maximum Change: 0.000% after 0 minutes
Candle Analysis:
    Body Sizes (%): []
    Upper Shadows (%): []
    Lower Shadows (%): []
Volumes: []
==================================================
2025-05-09 14:20:45,726 - INFO - 
==================================================
EMA Cross Analysis - ZEN/USDT
Time: 2025-05-09 14:15:00+09:00
Type: golden
Cross Character (Current): Weak
Cross Character (New): Weak
Price at Cross: 9.649

1. Pre-Cross Pattern (15min):
EMA Distance Changes (%): ['0.041', '0.030', '0.024', '0.009']
EMA12 Changes (%): ['-0.006', '0.015', '0.007', '0.061']
Price Changes (%): ['0.010', '0.125', '-0.031', '0.354']
Candle Analysis:
    Body Sizes (%): ['0.010', '0.125', '0.031', '0.385']
    Upper Shadows (%): ['0.083', '0.083', '0.177', '0.114']
    Lower Shadows (%): ['0.271', '0.062', '0.073', '0.031']
Volumes: [np.float64(5345.7), np.float64(2131.3), np.float64(3358.6), np.float64(6394.7)]
2025-05-09 14:20:45,726 - INFO - 
2. Post-Cross Movement (30min):
5min Price Changes (%): ['-0.031']
Maximum Change: -0.031% after 5 minutes
Candle Analysis:
    Body Sizes (%): ['0.021']
    Upper Shadows (%): ['0.000']
    Lower Shadows (%): ['0.010']
Volumes: [np.float64(20.0)]
==================================================
2025-05-09 14:25:19,642 - INFO - 
==================================================
EMA Cross Analysis - THETA/USDT
Time: 2025-05-09 14:20:00+09:00
Type: golden
Cross Character (Current): Weak
Cross Character (New): Weak
Price at Cross: 0.847

1. Pre-Cross Pattern (15min):
EMA Distance Changes (%): ['0.056', '0.036', '0.004', '0.017']
EMA12 Changes (%): ['0.031', '0.032', '0.056', '0.040']
Price Changes (%): ['0.142', '0.035', '0.189', '-0.047']
Candle Analysis:
    Body Sizes (%): ['0.142', '0.024', '0.213', '0.059']
    Upper Shadows (%): ['0.000', '0.118', '0.059', '0.071']
    Lower Shadows (%): ['0.130', '0.059', '0.024', '0.118']
Volumes: [np.float64(37459.8), np.float64(34540.0), np.float64(105131.1), np.float64(42432.1)]
2025-05-09 14:25:19,643 - INFO - 
2. Post-Cross Movement (30min):
5min Price Changes (%): ['-0.035']
Maximum Change: -0.035% after 5 minutes
Candle Analysis:
    Body Sizes (%): ['0.059']
    Upper Shadows (%): ['0.035']
    Lower Shadows (%): ['0.000']
Volumes: [np.float64(2892.1)]
==================================================
2025-05-09 14:25:20,873 - INFO - 
==================================================
EMA Cross Analysis - WLD/USDT
Time: 2025-05-09 14:20:00+09:00
Type: golden
Cross Character (Current): Weak
Cross Character (New): Weak
Price at Cross: 1.089

1. Pre-Cross Pattern (15min):
EMA Distance Changes (%): ['0.072', '0.034', '0.011', '0.025']
EMA12 Changes (%): ['0.033', '0.064', '0.040', '0.068']
Price Changes (%): ['-0.046', '0.230', '-0.092', '0.221']
Candle Analysis:
    Body Sizes (%): ['0.037', '0.221', '0.083', '0.230']
    Upper Shadows (%): ['0.184', '0.018', '0.175', '0.018']
    Lower Shadows (%): ['0.249', '0.129', '0.064', '0.074']
Volumes: [np.float64(209006.0), np.float64(210777.0), np.float64(252468.0), np.float64(167775.0)]
2025-05-09 14:25:20,873 - INFO - 
2. Post-Cross Movement (30min):
5min Price Changes (%): ['-0.101']
Maximum Change: -0.101% after 5 minutes
Candle Analysis:
    Body Sizes (%): ['0.101']
    Upper Shadows (%): ['0.037']
    Lower Shadows (%): ['0.000']
Volumes: [np.float64(7996.0)]
==================================================
2025-05-09 14:35:41,279 - INFO - 
==================================================
EMA Cross Analysis - ACX/USDT
Time: 2025-05-09 14:35:00+09:00
Type: dead
Cross Character (Current): Weak
Cross Character (New): Weak
Price at Cross: 0.2423

1. Pre-Cross Pattern (15min):
EMA Distance Changes (%): ['0.179', '0.127', '0.049', '0.013']
EMA12 Changes (%): ['-0.080', '-0.074', '-0.132', '-0.112']
Price Changes (%): ['-0.246', '-0.041', '-0.452', '0.000']
Candle Analysis:
    Body Sizes (%): ['0.205', '0.041', '0.370', '0.041']
    Upper Shadows (%): ['0.082', '0.000', '0.082', '0.000']
    Lower Shadows (%): ['0.123', '0.287', '0.247', '0.083']
Volumes: [np.float64(48342.3), np.float64(47320.7), np.float64(67943.8), np.float64(15479.4)]
2025-05-09 14:35:41,279 - INFO - 
2. Post-Cross Movement (30min):
5min Price Changes (%): []
Maximum Change: 0.000% after 0 minutes
Candle Analysis:
    Body Sizes (%): []
    Upper Shadows (%): []
    Lower Shadows (%): []
Volumes: []
==================================================
2025-05-09 14:35:47,345 - INFO - 
==================================================
EMA Cross Analysis - AVAX/USDT
Time: 2025-05-09 14:35:00+09:00
Type: golden
Cross Character (Current): Weak
Cross Character (New): Weak
Price at Cross: 22.262

1. Pre-Cross Pattern (15min):
EMA Distance Changes (%): ['0.088', '0.069', '0.047', '0.001']
EMA12 Changes (%): ['0.026', '0.025', '0.033', '0.086']
Price Changes (%): ['-0.117', '0.018', '0.077', '0.379']
Candle Analysis:
    Body Sizes (%): ['0.117', '0.014', '0.081', '0.388']
    Upper Shadows (%): ['0.054', '0.041', '0.036', '0.041']
    Lower Shadows (%): ['0.086', '0.280', '0.140', '0.005']
Volumes: [np.float64(25785.0), np.float64(20268.0), np.float64(24726.0), np.float64(123217.0)]
2025-05-09 14:35:47,345 - INFO - 
2. Post-Cross Movement (30min):
5min Price Changes (%): []
Maximum Change: 0.000% after 0 minutes
Candle Analysis:
    Body Sizes (%): []
    Upper Shadows (%): []
    Lower Shadows (%): []
Volumes: []
==================================================
2025-05-09 14:40:19,184 - INFO - 
==================================================
EMA Cross Analysis - ACX/USDT
Time: 2025-05-09 14:35:00+09:00
Type: dead
Cross Character (Current): Weak
Cross Character (New): Weak
Price at Cross: 0.2426

1. Pre-Cross Pattern (15min):
EMA Distance Changes (%): ['0.179', '0.127', '0.049', '0.003']
EMA12 Changes (%): ['-0.080', '-0.074', '-0.132', '-0.093']
Price Changes (%): ['-0.246', '-0.041', '-0.452', '0.124']
Candle Analysis:
    Body Sizes (%): ['0.205', '0.041', '0.370', '0.165']
    Upper Shadows (%): ['0.082', '0.000', '0.082', '0.083']
    Lower Shadows (%): ['0.123', '0.287', '0.247', '0.083']
Volumes: [np.float64(48342.3), np.float64(47320.7), np.float64(67943.8), np.float64(45534.7)]
2025-05-09 14:40:19,184 - INFO - 
2. Post-Cross Movement (30min):
5min Price Changes (%): ['0.041']
Maximum Change: 0.041% after 5 minutes
Candle Analysis:
    Body Sizes (%): ['0.082']
    Upper Shadows (%): ['0.000']
    Lower Shadows (%): ['0.041']
Volumes: [np.float64(6611.4)]
==================================================
2025-05-09 14:40:20,768 - INFO - 
==================================================
EMA Cross Analysis - DOGE/USDT
Time: 2025-05-09 14:40:00+09:00
Type: golden
Cross Character (Current): Weak
Cross Character (New): Weak
Price at Cross: 0.19522

1. Pre-Cross Pattern (15min):
EMA Distance Changes (%): ['0.066', '0.043', '0.012', '0.012']
EMA12 Changes (%): ['0.035', '0.034', '0.055', '0.044']
Price Changes (%): ['0.031', '0.031', '0.169', '-0.015']
Candle Analysis:
    Body Sizes (%): ['0.026', '0.036', '0.174', '0.020']
    Upper Shadows (%): ['0.031', '0.077', '0.108', '0.005']
    Lower Shadows (%): ['0.303', '0.180', '0.031', '0.000']
Volumes: [np.float64(7447902.0), np.float64(12150888.0), np.float64(16442552.0), np.float64(355388.0)]
2025-05-09 14:40:20,768 - INFO - 
2. Post-Cross Movement (30min):
5min Price Changes (%): []
Maximum Change: 0.000% after 0 minutes
Candle Analysis:
    Body Sizes (%): []
    Upper Shadows (%): []
    Lower Shadows (%): []
Volumes: []
==================================================
2025-05-09 14:40:25,315 - INFO - 
==================================================
EMA Cross Analysis - AVAX/USDT
Time: 2025-05-09 14:35:00+09:00
Type: golden
Cross Character (Current): Weak
Cross Character (New): Weak
Price at Cross: 22.29

1. Pre-Cross Pattern (15min):
EMA Distance Changes (%): ['0.088', '0.069', '0.047', '0.011']
EMA12 Changes (%): ['0.026', '0.025', '0.033', '0.106']
Price Changes (%): ['-0.117', '0.018', '0.077', '0.505']
Candle Analysis:
    Body Sizes (%): ['0.117', '0.014', '0.081', '0.514']
    Upper Shadows (%): ['0.054', '0.041', '0.036', '0.104']
    Lower Shadows (%): ['0.086', '0.280', '0.140', '0.005']
Volumes: [np.float64(25785.0), np.float64(20268.0), np.float64(24726.0), np.float64(167543.0)]
2025-05-09 14:40:25,315 - INFO - 
2. Post-Cross Movement (30min):
5min Price Changes (%): ['0.000']
Maximum Change: 0.000% after 0 minutes
Candle Analysis:
    Body Sizes (%): ['0.000']
    Upper Shadows (%): ['0.013']
    Lower Shadows (%): ['0.009']
Volumes: [np.float64(1121.0)]
==================================================
2025-05-09 14:46:04,744 - INFO - 
==================================================
EMA Cross Analysis - NEAR/USDT
Time: 2025-05-09 14:40:00+09:00
Type: golden
Cross Character (Current): Weak
Cross Character (New): Weak
Price at Cross: 2.777

1. Pre-Cross Pattern (15min):
EMA Distance Changes (%): ['0.077', '0.057', '0.029', '0.007']
EMA12 Changes (%): ['0.019', '0.028', '0.046', '0.066']
Price Changes (%): ['-0.072', '0.072', '0.145', '0.180']
Candle Analysis:
    Body Sizes (%): ['0.108', '0.072', '0.181', '0.180']
    Upper Shadows (%): ['0.072', '0.000', '0.000', '0.000']
    Lower Shadows (%): ['0.217', '0.181', '0.108', '0.000']
Volumes: [np.float64(164482.0), np.float64(120310.0), np.float64(104948.0), np.float64(111279.0)]
2025-05-09 14:46:04,745 - INFO - 
2. Post-Cross Movement (30min):
5min Price Changes (%): ['-0.036']
Maximum Change: -0.036% after 5 minutes
Candle Analysis:
    Body Sizes (%): ['0.036']
    Upper Shadows (%): ['0.036']
    Lower Shadows (%): ['0.000']
Volumes: [np.float64(22753.0)]
==================================================
2025-05-09 14:46:07,378 - INFO - 
==================================================
EMA Cross Analysis - DOGE/USDT
Time: 2025-05-09 14:40:00+09:00
Type: golden
Cross Character (Current): Weak
Cross Character (New): Weak
Price at Cross: 0.19522

1. Pre-Cross Pattern (15min):
EMA Distance Changes (%): ['0.066', '0.043', '0.012', '0.012']
EMA12 Changes (%): ['0.035', '0.034', '0.055', '0.044']
Price Changes (%): ['0.031', '0.031', '0.169', '-0.015']
Candle Analysis:
    Body Sizes (%): ['0.026', '0.036', '0.174', '0.020']
    Upper Shadows (%): ['0.031', '0.077', '0.108', '0.051']
    Lower Shadows (%): ['0.303', '0.180', '0.031', '0.077']
Volumes: [np.float64(7447902.0), np.float64(12150888.0), np.float64(16442552.0), np.float64(6643084.0)]
2025-05-09 14:46:07,378 - INFO - 
2. Post-Cross Movement (30min):
5min Price Changes (%): ['0.026']
Maximum Change: 0.026% after 5 minutes
Candle Analysis:
    Body Sizes (%): ['0.020']
    Upper Shadows (%): ['0.046']
    Lower Shadows (%): ['0.046']
Volumes: [np.float64(1190516.0)]
==================================================
2025-05-09 14:46:10,577 - INFO - 
==================================================
EMA Cross Analysis - RENDER/USDT
Time: 2025-05-09 14:40:00+09:00
Type: golden
Cross Character (Current): Weak
Cross Character (New): Weak
Price at Cross: 4.752

1. Pre-Cross Pattern (15min):
EMA Distance Changes (%): ['0.164', '0.128', '0.075', '0.007']
EMA12 Changes (%): ['0.022', '0.045', '0.084', '0.149']
Price Changes (%): ['0.149', '0.170', '0.297', '0.508']
Candle Analysis:
    Body Sizes (%): ['0.149', '0.191', '0.297', '0.529']
    Upper Shadows (%): ['0.043', '0.064', '0.064', '0.106']
    Lower Shadows (%): ['0.298', '0.234', '0.021', '0.063']
Volumes: [np.float64(16531.1), np.float64(49261.1), np.float64(46226.0), np.float64(126416.2)]
2025-05-09 14:46:10,577 - INFO - 
2. Post-Cross Movement (30min):
5min Price Changes (%): ['0.000']
Maximum Change: 0.000% after 0 minutes
Candle Analysis:
    Body Sizes (%): ['0.000']
    Upper Shadows (%): ['0.084']
    Lower Shadows (%): ['0.042']
Volumes: [np.float64(4627.8)]
==================================================
2025-05-09 14:50:46,156 - INFO - 
==================================================
EMA Cross Analysis - TNSR/USDT
Time: 2025-05-09 14:45:00+09:00
Type: golden
Cross Character (Current): Weak
Cross Character (New): Weak
Price at Cross: 0.1651

1. Pre-Cross Pattern (15min):
EMA Distance Changes (%): ['0.091', '0.081', '0.058', '0.018']
EMA12 Changes (%): ['0.028', '0.005', '0.032', '0.140']
Price Changes (%): ['0.245', '-0.122', '0.183', '0.732']
Candle Analysis:
    Body Sizes (%): ['0.183', '0.122', '0.122', '0.794']
    Upper Shadows (%): ['0.000', '0.000', '0.000', '0.122']
    Lower Shadows (%): ['0.122', '0.061', '0.183', '0.000']
Volumes: [np.float64(33675.2), np.float64(18643.9), np.float64(38347.7), np.float64(127108.5)]
2025-05-09 14:50:46,157 - INFO - 
2. Post-Cross Movement (30min):
5min Price Changes (%): ['0.121']
Maximum Change: 0.121% after 5 minutes
Candle Analysis:
    Body Sizes (%): ['0.061']
    Upper Shadows (%): ['0.061']
    Lower Shadows (%): ['0.061']
Volumes: [np.float64(20509.1)]
==================================================
2025-05-09 14:50:49,141 - INFO - 
==================================================
EMA Cross Analysis - AIXBT/USDT
Time: 2025-05-09 14:50:00+09:00
Type: golden
Cross Character (Current): Weak
Cross Character (New): Weak
Price at Cross: 0.19588

1. Pre-Cross Pattern (15min):
EMA Distance Changes (%): ['0.159', '0.124', '0.036', '0.018']
EMA12 Changes (%): ['0.033', '0.045', '0.152', '0.100']
Price Changes (%): ['-0.471', '0.113', '0.739', '-0.183']
Candle Analysis:
    Body Sizes (%): ['0.481', '0.092', '0.729', '0.173']
    Upper Shadows (%): ['0.164', '0.175', '0.231', '0.036']
    Lower Shadows (%): ['0.271', '0.308', '0.262', '0.102']
Volumes: [np.float64(1326997.0), np.float64(732396.0), np.float64(1215047.0), np.float64(167482.0)]
2025-05-09 14:50:49,141 - INFO - 
2. Post-Cross Movement (30min):
5min Price Changes (%): []
Maximum Change: 0.000% after 0 minutes
Candle Analysis:
    Body Sizes (%): []
    Upper Shadows (%): []
    Lower Shadows (%): []
Volumes: []
==================================================
2025-05-09 14:55:24,266 - INFO - 
==================================================
EMA Cross Analysis - GRASS/USDT
Time: 2025-05-09 14:50:00+09:00
Type: golden
Cross Character (Current): Weak
Cross Character (New): Weak
Price at Cross: 1.5797

1. Pre-Cross Pattern (15min):
EMA Distance Changes (%): ['0.110', '0.067', '0.025', '0.004']
EMA12 Changes (%): ['0.011', '0.066', '0.071', '0.053']
Price Changes (%): ['-0.254', '0.369', '0.101', '-0.051']
Candle Analysis:
    Body Sizes (%): ['0.247', '0.381', '0.108', '0.063']
    Upper Shadows (%): ['0.120', '0.032', '0.013', '0.019']
    Lower Shadows (%): ['0.165', '0.000', '0.184', '0.177']
Volumes: [np.float64(26973.9), np.float64(32184.0), np.float64(11105.7), np.float64(20454.7)]
2025-05-09 14:55:24,267 - INFO - 
2. Post-Cross Movement (30min):
5min Price Changes (%): ['0.051']
Maximum Change: 0.051% after 5 minutes
Candle Analysis:
    Body Sizes (%): ['0.051']
    Upper Shadows (%): ['0.013']
    Lower Shadows (%): ['0.000']
Volumes: [np.float64(2100.7)]
==================================================
2025-05-09 14:55:24,499 - INFO - 
==================================================
EMA Cross Analysis - DOT/USDT
Time: 2025-05-09 14:50:00+09:00
Type: golden
Cross Character (Current): Weak
Cross Character (New): Weak
Price at Cross: 4.506

1. Pre-Cross Pattern (15min):
EMA Distance Changes (%): ['0.119', '0.082', '0.049', '0.004']
EMA12 Changes (%): ['0.044', '0.054', '0.053', '0.096']
Price Changes (%): ['0.358', '0.112', '0.045', '0.334']
Candle Analysis:
    Body Sizes (%): ['0.358', '0.134', '0.045', '0.356']
    Upper Shadows (%): ['0.000', '0.022', '0.000', '0.022']
    Lower Shadows (%): ['0.022', '0.089', '0.111', '0.045']
Volumes: [np.float64(46776.2), np.float64(54385.3), np.float64(39721.5), np.float64(373790.6)]
2025-05-09 14:55:24,500 - INFO - 
2. Post-Cross Movement (30min):
5min Price Changes (%): ['-0.022']
Maximum Change: -0.022% after 5 minutes
Candle Analysis:
    Body Sizes (%): ['0.022']
    Upper Shadows (%): ['0.022']
    Lower Shadows (%): ['0.000']
Volumes: [np.float64(5865.1)]
==================================================
2025-05-09 14:55:27,032 - INFO - 
==================================================
EMA Cross Analysis - AIXBT/USDT
Time: 2025-05-09 14:50:00+09:00
Type: golden
Cross Character (Current): Weak
Cross Character (New): Weak
Price at Cross: 0.19628

1. Pre-Cross Pattern (15min):
EMA Distance Changes (%): ['0.159', '0.124', '0.036', '0.035']
EMA12 Changes (%): ['0.033', '0.045', '0.152', '0.132']
Price Changes (%): ['-0.471', '0.113', '0.739', '0.020']
Candle Analysis:
    Body Sizes (%): ['0.481', '0.092', '0.729', '0.031']
    Upper Shadows (%): ['0.164', '0.175', '0.231', '0.031']
    Lower Shadows (%): ['0.271', '0.308', '0.262', '0.484']
Volumes: [np.float64(1326997.0), np.float64(732396.0), np.float64(1215047.0), np.float64(912785.0)]
2025-05-09 14:55:27,032 - INFO - 
2. Post-Cross Movement (30min):
5min Price Changes (%): ['0.168']
Maximum Change: 0.168% after 5 minutes
Candle Analysis:
    Body Sizes (%): ['0.132']
    Upper Shadows (%): ['0.097']
    Lower Shadows (%): ['0.005']
Volumes: [np.float64(277093.0)]
==================================================
2025-05-09 14:55:28,120 - INFO - 
==================================================
EMA Cross Analysis - MOVE/USDT
Time: 2025-05-09 14:50:00+09:00
Type: golden
Cross Character (Current): Weak
Cross Character (New): Weak
Price at Cross: 0.1747

1. Pre-Cross Pattern (15min):
EMA Distance Changes (%): ['0.075', '0.073', '0.034', '0.025']
EMA12 Changes (%): ['-0.008', '-0.007', '0.065', '0.108']
Price Changes (%): ['-0.058', '0.000', '0.462', '0.345']
Candle Analysis:
    Body Sizes (%): ['0.058', '0.000', '0.520', '0.345']
    Upper Shadows (%): ['0.000', '0.173', '0.231', '0.000']
    Lower Shadows (%): ['0.346', '0.231', '0.000', '0.115']
Volumes: [np.float64(1500826.0), np.float64(939628.0), np.float64(943997.0), np.float64(855029.0)]
2025-05-09 14:55:28,120 - INFO - 
2. Post-Cross Movement (30min):
5min Price Changes (%): ['-0.057']
Maximum Change: -0.057% after 5 minutes
Candle Analysis:
    Body Sizes (%): ['0.057']
    Upper Shadows (%): ['0.057']
    Lower Shadows (%): ['0.057']
Volumes: [np.float64(108401.0)]
==================================================
2025-05-09 15:00:04,325 - INFO - 
==================================================
EMA Cross Analysis - ONDOUSDT
Time: 2025-05-09 15:00:00+09:00
Type: golden
Cross Character (Current): Weak
Cross Character (New): Weak
Price at Cross: 0.986

1. Pre-Cross Pattern (15min):
EMA Distance Changes (%): ['0.048', '0.037', '0.005', '0.027']
EMA12 Changes (%): ['-0.000', '0.014', '0.057', '0.061']
Price Changes (%): ['0.000', '0.092', '0.295', '0.081']
Candle Analysis:
    Body Sizes (%): ['0.000', '0.102', '0.285', '0.091']
    Upper Shadows (%): ['0.102', '0.031', '0.020', '0.000']
    Lower Shadows (%): ['0.071', '0.112', '0.092', '0.000']
Volumes: [np.float64(299375.9), np.float64(566191.1), np.float64(306628.6), np.float64(8680.5)]
2025-05-09 15:00:04,325 - INFO - 
2. Post-Cross Movement (30min):
5min Price Changes (%): []
Maximum Change: 0.000% after 0 minutes
Candle Analysis:
    Body Sizes (%): []
    Upper Shadows (%): []
    Lower Shadows (%): []
Volumes: []
==================================================
2025-05-09 15:01:13,249 - INFO - 
==================================================
EMA Cross Analysis - PENGU/USDT
Time: 2025-05-09 15:00:00+09:00
Type: golden
Cross Character (Current): Strong
Cross Character (New): Weak
Price at Cross: 0.015389

1. Pre-Cross Pattern (15min):
EMA Distance Changes (%): ['0.310', '0.244', '0.171', '0.692']
EMA12 Changes (%): ['0.023', '0.081', '0.105', '1.797']
Price Changes (%): ['0.022', '0.399', '0.239', '11.040']
Candle Analysis:
    Body Sizes (%): ['0.007', '0.414', '0.231', '11.048']
    Upper Shadows (%): ['0.269', '0.000', '0.253', '11.914']
    Lower Shadows (%): ['0.457', '0.261', '0.195', '0.036']
Volumes: [np.float64(29124858.0), np.float64(27963212.0), np.float64(30129555.0), np.float64(1181469807.0)]
2025-05-09 15:01:13,249 - INFO - 
2. Post-Cross Movement (30min):
5min Price Changes (%): []
Maximum Change: 0.000% after 0 minutes
Candle Analysis:
    Body Sizes (%): []
    Upper Shadows (%): []
    Lower Shadows (%): []
Volumes: []
==================================================
2025-05-09 15:05:49,155 - INFO - 
==================================================
EMA Cross Analysis - EOS/USDT
Time: 2025-05-09 15:00:00+09:00
Type: dead
Cross Character (Current): Weak
Cross Character (New): Weak
Price at Cross: 0.857

1. Pre-Cross Pattern (15min):
EMA Distance Changes (%): ['0.229', '0.151', '0.078', '0.008']
EMA12 Changes (%): ['-0.139', '-0.118', '-0.118', '-0.153']
Price Changes (%): ['0.116', '0.000', '-0.116', '-0.349']
Candle Analysis:
    Body Sizes (%): ['0.116', '0.000', '0.116', '0.349']
    Upper Shadows (%): ['0.116', '0.116', '0.116', '0.233']
    Lower Shadows (%): ['0.349', '0.348', '0.232', '0.116']
Volumes: [np.float64(1127622.8), np.float64(820315.9), np.float64(690348.1), np.float64(1700452.2)]
2025-05-09 15:05:49,155 - INFO - 
2. Post-Cross Movement (30min):
5min Price Changes (%): ['0.117']
Maximum Change: 0.117% after 5 minutes
Candle Analysis:
    Body Sizes (%): ['0.117']
    Upper Shadows (%): ['0.117']
    Lower Shadows (%): ['0.117']
Volumes: [np.float64(136995.8)]
==================================================
2025-05-09 15:05:50,329 - INFO - 
==================================================
EMA Cross Analysis - PENGU/USDT
Time: 2025-05-09 15:00:00+09:00
Type: golden
Cross Character (Current): Strong
Cross Character (New): Weak
Price at Cross: 0.015152

1. Pre-Cross Pattern (15min):
EMA Distance Changes (%): ['0.310', '0.244', '0.171', '0.578']
EMA12 Changes (%): ['0.023', '0.081', '0.105', '1.533']
Price Changes (%): ['0.022', '0.399', '0.239', '9.330']
Candle Analysis:
    Body Sizes (%): ['0.007', '0.414', '0.231', '9.338']
    Upper Shadows (%): ['0.269', '0.000', '0.253', '13.624']
    Lower Shadows (%): ['0.457', '0.261', '0.195', '0.036']
Volumes: [np.float64(29124858.0), np.float64(27963212.0), np.float64(30129555.0), np.float64(2119290168.0)]
2025-05-09 15:05:50,329 - INFO - 
2. Post-Cross Movement (30min):
5min Price Changes (%): ['-1.261']
Maximum Change: -1.261% after 5 minutes
Candle Analysis:
    Body Sizes (%): ['1.293']
    Upper Shadows (%): ['0.501']
    Lower Shadows (%): ['0.178']
Volumes: [np.float64(173266438.0)]
==================================================
2025-05-09 15:05:52,812 - INFO - 
==================================================
EMA Cross Analysis - ONDOUSDT
Time: 2025-05-09 15:00:00+09:00
Type: golden
Cross Character (Current): Weak
Cross Character (New): Weak
Price at Cross: 0.9865

1. Pre-Cross Pattern (15min):
EMA Distance Changes (%): ['0.048', '0.037', '0.005', '0.031']
EMA12 Changes (%): ['-0.000', '0.014', '0.057', '0.069']
Price Changes (%): ['0.000', '0.092', '0.295', '0.132']
Candle Analysis:
    Body Sizes (%): ['0.000', '0.102', '0.285', '0.142']
    Upper Shadows (%): ['0.102', '0.031', '0.020', '0.061']
    Lower Shadows (%): ['0.071', '0.112', '0.092', '0.051']
Volumes: [np.float64(299375.9), np.float64(566191.1), np.float64(306628.6), np.float64(761926.6)]
2025-05-09 15:05:52,812 - INFO - 
2. Post-Cross Movement (30min):
5min Price Changes (%): ['0.071']
Maximum Change: 0.071% after 5 minutes
Candle Analysis:
    Body Sizes (%): ['0.071']
    Upper Shadows (%): ['0.000']
    Lower Shadows (%): ['0.041']
Volumes: [np.float64(81162.7)]
==================================================
2025-05-09 15:10:28,747 - INFO - 
==================================================
EMA Cross Analysis - SUI/USDT
Time: 2025-05-09 15:05:00+09:00
Type: golden
Cross Character (Current): Weak
Cross Character (New): Weak
Price at Cross: 3.9135

1. Pre-Cross Pattern (15min):
EMA Distance Changes (%): ['0.095', '0.071', '0.036', '0.001']
EMA12 Changes (%): ['0.018', '0.032', '0.057', '0.066']
Price Changes (%): ['-0.123', '0.110', '0.195', '0.115']
Candle Analysis:
    Body Sizes (%): ['0.123', '0.108', '0.192', '0.118']
    Upper Shadows (%): ['0.018', '0.003', '0.113', '0.141']
    Lower Shadows (%): ['0.279', '0.090', '0.038', '0.054']
Volumes: [np.float64(754861.2), np.float64(573519.4), np.float64(1207529.6), np.float64(1215577.4)]
2025-05-09 15:10:28,748 - INFO - 
2. Post-Cross Movement (30min):
5min Price Changes (%): ['0.018']
Maximum Change: 0.018% after 5 minutes
Candle Analysis:
    Body Sizes (%): ['0.018']
    Upper Shadows (%): ['0.015']
    Lower Shadows (%): ['0.084']
Volumes: [np.float64(81833.3)]
==================================================
2025-05-09 15:15:03,354 - INFO - 
==================================================
EMA Cross Analysis - ADA/USDT
Time: 2025-05-09 15:15:00+09:00
Type: golden
Cross Character (Current): Weak
Cross Character (New): Weak
Price at Cross: 0.7631

1. Pre-Cross Pattern (15min):
EMA Distance Changes (%): ['0.058', '0.045', '0.015', '0.009']
EMA12 Changes (%): ['0.018', '0.017', '0.051', '0.045']
Price Changes (%): ['0.066', '0.013', '0.236', '0.013']
Candle Analysis:
    Body Sizes (%): ['0.066', '0.013', '0.236', '0.000']
    Upper Shadows (%): ['0.026', '0.105', '0.210', '0.013']
    Lower Shadows (%): ['0.105', '0.171', '0.039', '0.000']
Volumes: [np.float64(1664270.0), np.float64(2092853.0), np.float64(2762932.0), np.float64(21900.0)]
2025-05-09 15:15:03,354 - INFO - 
2. Post-Cross Movement (30min):
5min Price Changes (%): []
Maximum Change: 0.000% after 0 minutes
Candle Analysis:
    Body Sizes (%): []
    Upper Shadows (%): []
    Lower Shadows (%): []
Volumes: []
==================================================
2025-05-09 15:15:04,530 - INFO - 
==================================================
EMA Cross Analysis - ATA/USDT
Time: 2025-05-09 15:15:00+09:00
Type: dead
Cross Character (Current): Weak
Cross Character (New): Weak
Price at Cross: 0.0582

1. Pre-Cross Pattern (15min):
EMA Distance Changes (%): ['0.039', '0.022', '0.009', '0.016']
EMA12 Changes (%): ['-0.001', '-0.027', '-0.023', '-0.046']
Price Changes (%): ['-0.171', '-0.171', '0.000', '-0.172']
Candle Analysis:
    Body Sizes (%): ['0.341', '0.171', '0.000', '0.172']
    Upper Shadows (%): ['0.171', '0.171', '0.515', '0.000']
    Lower Shadows (%): ['0.000', '0.000', '0.000', '0.000']
Volumes: [np.float64(228482.0), np.float64(116271.0), np.float64(110649.0), np.float64(85384.0)]
2025-05-09 15:15:04,530 - INFO - 
2. Post-Cross Movement (30min):
5min Price Changes (%): []
Maximum Change: 0.000% after 0 minutes
Candle Analysis:
    Body Sizes (%): []
    Upper Shadows (%): []
    Lower Shadows (%): []
Volumes: []
==================================================
2025-05-09 15:16:16,745 - INFO - 
==================================================
EMA Cross Analysis - MOVE/USDT
Time: 2025-05-09 15:15:00+09:00
Type: dead
Cross Character (Current): Weak
Cross Character (New): Weak
Price at Cross: 0.1732

1. Pre-Cross Pattern (15min):
EMA Distance Changes (%): ['0.069', '0.040', '0.025', '0.000']
EMA12 Changes (%): ['0.049', '-0.047', '-0.022', '-0.045']
Price Changes (%): ['0.057', '-0.574', '0.115', '-0.173']
Candle Analysis:
    Body Sizes (%): ['0.057', '0.574', '0.058', '0.173']
    Upper Shadows (%): ['0.172', '0.229', '0.577', '0.115']
    Lower Shadows (%): ['0.230', '0.000', '0.000', '0.000']
Volumes: [np.float64(1738042.0), np.float64(1078309.0), np.float64(1587416.0), np.float64(331225.0)]
2025-05-09 15:16:16,745 - INFO - 
2. Post-Cross Movement (30min):
5min Price Changes (%): []
Maximum Change: 0.000% after 0 minutes
Candle Analysis:
    Body Sizes (%): []
    Upper Shadows (%): []
    Lower Shadows (%): []
Volumes: []
==================================================
2025-05-09 15:20:47,655 - INFO - 
==================================================
EMA Cross Analysis - LINK/USDT
Time: 2025-05-09 15:20:00+09:00
Type: golden
Cross Character (Current): Weak
Cross Character (New): Weak
Price at Cross: 15.756

1. Pre-Cross Pattern (15min):
EMA Distance Changes (%): ['0.107', '0.085', '0.037', '0.005']
EMA12 Changes (%): ['-0.016', '0.027', '0.081', '0.077']
Price Changes (%): ['-0.166', '0.262', '0.376', '0.057']
Candle Analysis:
    Body Sizes (%): ['0.160', '0.262', '0.376', '0.057']
    Upper Shadows (%): ['0.057', '0.160', '0.140', '0.038']
    Lower Shadows (%): ['0.006', '0.013', '0.006', '0.006']
Volumes: [np.float64(25869.68), np.float64(45523.3), np.float64(96770.01), np.float64(15404.41)]
2025-05-09 15:20:47,656 - INFO - 
2. Post-Cross Movement (30min):
5min Price Changes (%): []
Maximum Change: 0.000% after 0 minutes
Candle Analysis:
    Body Sizes (%): []
    Upper Shadows (%): []
    Lower Shadows (%): []
Volumes: []
==================================================
2025-05-09 15:20:47,888 - INFO - 
==================================================
EMA Cross Analysis - POL/USDT
Time: 2025-05-09 15:15:00+09:00
Type: golden
Cross Character (Current): Weak
Cross Character (New): Weak
Price at Cross: 0.2492

1. Pre-Cross Pattern (15min):
EMA Distance Changes (%): ['0.030', '0.042', '0.036', '0.007']
EMA12 Changes (%): ['-0.028', '-0.028', '0.005', '0.079']
Price Changes (%): ['-0.310', '-0.028', '0.186', '0.484']
Candle Analysis:
    Body Sizes (%): ['0.298', '0.028', '0.186', '0.480']
    Upper Shadows (%): ['0.056', '0.065', '0.166', '0.121']
    Lower Shadows (%): ['0.020', '0.020', '0.008', '0.000']
Volumes: [np.float64(269489.0), np.float64(213663.0), np.float64(216024.0), np.float64(448112.0)]
2025-05-09 15:20:47,889 - INFO - 
2. Post-Cross Movement (30min):
5min Price Changes (%): ['0.008']
Maximum Change: 0.008% after 5 minutes
Candle Analysis:
    Body Sizes (%): ['0.004']
    Upper Shadows (%): ['0.028']
    Lower Shadows (%): ['0.032']
Volumes: [np.float64(52743.0)]
==================================================
2025-05-09 15:20:51,763 - INFO - 
==================================================
EMA Cross Analysis - ADA/USDT
Time: 2025-05-09 15:15:00+09:00
Type: golden
Cross Character (Current): Weak
Cross Character (New): Weak
Price at Cross: 0.7664

1. Pre-Cross Pattern (15min):
EMA Distance Changes (%): ['0.058', '0.045', '0.015', '0.044']
EMA12 Changes (%): ['0.018', '0.017', '0.051', '0.112']
Price Changes (%): ['0.066', '0.013', '0.236', '0.446']
Candle Analysis:
    Body Sizes (%): ['0.066', '0.013', '0.236', '0.432']
    Upper Shadows (%): ['0.026', '0.105', '0.210', '0.144']
    Lower Shadows (%): ['0.105', '0.171', '0.039', '0.026']
Volumes: [np.float64(1664270.0), np.float64(2092853.0), np.float64(2762932.0), np.float64(7045321.0)]
2025-05-09 15:20:51,763 - INFO - 
2. Post-Cross Movement (30min):
5min Price Changes (%): ['0.104']
Maximum Change: 0.104% after 5 minutes
Candle Analysis:
    Body Sizes (%): ['0.104']
    Upper Shadows (%): ['0.026']
    Lower Shadows (%): ['0.052']
Volumes: [np.float64(558430.0)]
==================================================
2025-05-09 15:25:21,956 - INFO - 
==================================================
EMA Cross Analysis - TIA/USDT
Time: 2025-05-09 15:25:00+09:00
Type: golden
Cross Character (Current): Weak
Cross Character (New): Weak
Price at Cross: 2.7172

1. Pre-Cross Pattern (15min):
EMA Distance Changes (%): ['0.135', '0.083', '0.020', '0.033']
EMA12 Changes (%): ['0.033', '0.081', '0.109', '0.100']
Price Changes (%): ['0.379', '0.348', '0.258', '0.055']
Candle Analysis:
    Body Sizes (%): ['0.379', '0.348', '0.255', '0.059']
    Upper Shadows (%): ['0.231', '0.059', '0.225', '0.074']
    Lower Shadows (%): ['0.123', '0.063', '0.004', '0.026']
Volumes: [np.float64(201633.0), np.float64(216574.0), np.float64(372727.0), np.float64(30481.0)]
2025-05-09 15:25:21,956 - INFO - 
2. Post-Cross Movement (30min):
5min Price Changes (%): []
Maximum Change: 0.000% after 0 minutes
Candle Analysis:
    Body Sizes (%): []
    Upper Shadows (%): []
    Lower Shadows (%): []
Volumes: []
==================================================
2025-05-09 15:25:24,921 - INFO - 
==================================================
EMA Cross Analysis - LINK/USDT
Time: 2025-05-09 15:20:00+09:00
Type: golden
Cross Character (Current): Weak
Cross Character (New): Weak
Price at Cross: 15.768

1. Pre-Cross Pattern (15min):
EMA Distance Changes (%): ['0.107', '0.085', '0.037', '0.011']
EMA12 Changes (%): ['-0.016', '0.027', '0.081', '0.089']
Price Changes (%): ['-0.166', '0.262', '0.376', '0.133']
Candle Analysis:
    Body Sizes (%): ['0.160', '0.262', '0.376', '0.133']
    Upper Shadows (%): ['0.057', '0.160', '0.140', '0.064']
    Lower Shadows (%): ['0.006', '0.013', '0.006', '0.006']
Volumes: [np.float64(25869.68), np.float64(45523.3), np.float64(96770.01), np.float64(64918.23)]
2025-05-09 15:25:24,921 - INFO - 
2. Post-Cross Movement (30min):
5min Price Changes (%): ['0.159']
Maximum Change: 0.159% after 5 minutes
Candle Analysis:
    Body Sizes (%): ['0.159']
    Upper Shadows (%): ['0.044']
    Lower Shadows (%): ['0.000']
Volumes: [np.float64(16561.61)]
==================================================
2025-05-09 15:25:26,968 - INFO - 
==================================================
EMA Cross Analysis - TNSR/USDT
Time: 2025-05-09 15:20:00+09:00
Type: dead
Cross Character (Current): Weak
Cross Character (New): Weak
Price at Cross: 0.1632

1. Pre-Cross Pattern (15min):
EMA Distance Changes (%): ['0.091', '0.063', '0.040', '0.003']
EMA12 Changes (%): ['-0.005', '-0.042', '-0.035', '-0.077']
Price Changes (%): ['0.061', '-0.244', '0.000', '-0.305']
Candle Analysis:
    Body Sizes (%): ['0.122', '0.244', '0.000', '0.305']
    Upper Shadows (%): ['0.061', '0.122', '0.244', '0.000']
    Lower Shadows (%): ['0.061', '0.061', '0.183', '0.061']
Volumes: [np.float64(40507.8), np.float64(65930.7), np.float64(85861.0), np.float64(100249.5)]
2025-05-09 15:25:26,968 - INFO - 
2. Post-Cross Movement (30min):
5min Price Changes (%): ['0.123']
Maximum Change: 0.123% after 5 minutes
Candle Analysis:
    Body Sizes (%): ['0.061']
    Upper Shadows (%): ['0.061']
    Lower Shadows (%): ['0.000']
Volumes: [np.float64(7159.2)]
==================================================
2025-05-09 15:30:04,685 - INFO - 
==================================================
EMA Cross Analysis - XRP/USDT
Time: 2025-05-09 15:30:00+09:00
Type: golden
Cross Character (Current): Weak
Cross Character (New): Weak
Price at Cross: 2.3075

1. Pre-Cross Pattern (15min):
EMA Distance Changes (%): ['0.081', '0.050', '0.012', '0.017']
EMA12 Changes (%): ['0.056', '0.048', '0.067', '0.055']
Price Changes (%): ['0.366', '0.009', '0.169', '-0.013']
Candle Analysis:
    Body Sizes (%): ['0.366', '0.009', '0.165', '0.013']
    Upper Shadows (%): ['0.044', '0.065', '0.109', '0.000']
    Lower Shadows (%): ['0.004', '0.030', '0.004', '0.030']
Volumes: [np.float64(2752174.5), np.float64(2345621.5), np.float64(3367373.9), np.float64(83279.8)]
2025-05-09 15:30:04,685 - INFO - 
2. Post-Cross Movement (30min):
5min Price Changes (%): []
Maximum Change: 0.000% after 0 minutes
Candle Analysis:
    Body Sizes (%): []
    Upper Shadows (%): []
    Lower Shadows (%): []
Volumes: []
==================================================
2025-05-09 15:31:09,592 - INFO - 
==================================================
EMA Cross Analysis - TIA/USDT
Time: 2025-05-09 15:25:00+09:00
Type: golden
Cross Character (Current): Weak
Cross Character (New): Weak
Price at Cross: 2.725

1. Pre-Cross Pattern (15min):
EMA Distance Changes (%): ['0.135', '0.083', '0.020', '0.056']
EMA12 Changes (%): ['0.033', '0.081', '0.109', '0.145']
Price Changes (%): ['0.379', '0.348', '0.258', '0.342']
Candle Analysis:
    Body Sizes (%): ['0.379', '0.348', '0.255', '0.346']
    Upper Shadows (%): ['0.231', '0.059', '0.225', '0.092']
    Lower Shadows (%): ['0.123', '0.063', '0.004', '0.026']
Volumes: [np.float64(201633.0), np.float64(216574.0), np.float64(372727.0), np.float64(322519.0)]
2025-05-09 15:31:09,592 - INFO - 
2. Post-Cross Movement (30min):
5min Price Changes (%): ['0.103']
Maximum Change: 0.103% after 5 minutes
Candle Analysis:
    Body Sizes (%): ['0.114']
    Upper Shadows (%): ['0.026']
    Lower Shadows (%): ['0.125']
Volumes: [np.float64(159873.0)]
==================================================
2025-05-09 15:35:49,952 - INFO - 
==================================================
EMA Cross Analysis - XLM/USDT
Time: 2025-05-09 15:35:00+09:00
Type: golden
Cross Character (Current): Weak
Cross Character (New): Weak
Price at Cross: 0.29278

1. Pre-Cross Pattern (15min):
EMA Distance Changes (%): ['0.066', '0.036', '0.005', '0.017']
EMA12 Changes (%): ['0.060', '0.048', '0.056', '0.041']
Price Changes (%): ['0.243', '-0.021', '0.099', '-0.038']
Candle Analysis:
    Body Sizes (%): ['0.240', '0.021', '0.103', '0.034']
    Upper Shadows (%): ['0.031', '0.147', '0.191', '0.003']
    Lower Shadows (%): ['0.041', '0.082', '0.031', '0.034']
Volumes: [np.float64(547465.0), np.float64(1017827.0), np.float64(1075974.0), np.float64(149117.0)]
2025-05-09 15:35:49,952 - INFO - 
2. Post-Cross Movement (30min):
5min Price Changes (%): []
Maximum Change: 0.000% after 0 minutes
Candle Analysis:
    Body Sizes (%): []
    Upper Shadows (%): []
    Lower Shadows (%): []
Volumes: []
==================================================
2025-05-09 15:35:52,261 - INFO - 
==================================================
EMA Cross Analysis - XRP/USDT
Time: 2025-05-09 15:30:00+09:00
Type: golden
Cross Character (Current): Weak
Cross Character (New): Weak
Price at Cross: 2.3078

1. Pre-Cross Pattern (15min):
EMA Distance Changes (%): ['0.081', '0.050', '0.012', '0.019']
EMA12 Changes (%): ['0.056', '0.048', '0.067', '0.057']
Price Changes (%): ['0.366', '0.009', '0.169', '0.000']
Candle Analysis:
    Body Sizes (%): ['0.366', '0.009', '0.165', '0.000']
    Upper Shadows (%): ['0.044', '0.065', '0.109', '0.126']
    Lower Shadows (%): ['0.004', '0.030', '0.004', '0.061']
Volumes: [np.float64(2752174.5), np.float64(2345621.5), np.float64(3367373.9), np.float64(2377625.9)]
2025-05-09 15:35:52,262 - INFO - 
2. Post-Cross Movement (30min):
5min Price Changes (%): ['-0.035']
Maximum Change: -0.035% after 5 minutes
Candle Analysis:
    Body Sizes (%): ['0.030']
    Upper Shadows (%): ['0.009']
    Lower Shadows (%): ['0.043']
Volumes: [np.float64(404547.6)]
==================================================
2025-05-09 15:40:27,325 - INFO - 
==================================================
EMA Cross Analysis - XLM/USDT
Time: 2025-05-09 15:35:00+09:00
Type: golden
Cross Character (Current): Weak
Cross Character (New): Weak
Price at Cross: 0.29268

1. Pre-Cross Pattern (15min):
EMA Distance Changes (%): ['0.066', '0.036', '0.005', '0.014']
EMA12 Changes (%): ['0.060', '0.048', '0.056', '0.036']
Price Changes (%): ['0.243', '-0.021', '0.099', '-0.072']
Candle Analysis:
    Body Sizes (%): ['0.240', '0.021', '0.103', '0.068']
    Upper Shadows (%): ['0.031', '0.147', '0.191', '0.157']
    Lower Shadows (%): ['0.041', '0.082', '0.031', '0.236']
Volumes: [np.float64(547465.0), np.float64(1017827.0), np.float64(1075974.0), np.float64(1902743.0)]
2025-05-09 15:40:27,325 - INFO - 
2. Post-Cross Movement (30min):
5min Price Changes (%): ['-0.010']
Maximum Change: -0.010% after 5 minutes
Candle Analysis:
    Body Sizes (%): ['0.010']
    Upper Shadows (%): ['0.000']
    Lower Shadows (%): ['0.017']
Volumes: [np.float64(293321.0)]
==================================================
2025-05-09 15:45:03,924 - INFO - 
==================================================
EMA Cross Analysis - TNSR/USDT
Time: 2025-05-09 15:45:00+09:00
Type: golden
Cross Character (Current): Weak
Cross Character (New): Weak
Price at Cross: 0.1643

1. Pre-Cross Pattern (15min):
EMA Distance Changes (%): ['0.049', '0.052', '0.019', '0.006']
EMA12 Changes (%): ['-0.038', '-0.013', '0.055', '0.046']
Price Changes (%): ['0.061', '0.122', '0.428', '0.000']
Candle Analysis:
    Body Sizes (%): ['0.061', '0.122', '0.489', '0.000']
    Upper Shadows (%): ['0.184', '0.184', '0.000', '0.000']
    Lower Shadows (%): ['0.000', '0.122', '0.122', '0.000']
Volumes: [np.float64(96093.6), np.float64(42301.3), np.float64(70413.5), np.float64(62.6)]
2025-05-09 15:45:03,924 - INFO - 
2. Post-Cross Movement (30min):
5min Price Changes (%): []
Maximum Change: 0.000% after 0 minutes
Candle Analysis:
    Body Sizes (%): []
    Upper Shadows (%): []
    Lower Shadows (%): []
Volumes: []
==================================================
2025-05-09 15:46:10,921 - INFO - 
==================================================
EMA Cross Analysis - BAN/USDT
Time: 2025-05-09 15:45:00+09:00
Type: dead
Cross Character (Current): Weak
Cross Character (New): Weak
Price at Cross: 0.06601

1. Pre-Cross Pattern (15min):
EMA Distance Changes (%): ['0.102', '0.075', '0.038', '0.014']
EMA12 Changes (%): ['-0.021', '-0.037', '-0.061', '-0.093']
Price Changes (%): ['0.499', '-0.120', '-0.196', '-0.272']
Candle Analysis:
    Body Sizes (%): ['0.499', '0.136', '0.196', '0.257']
    Upper Shadows (%): ['0.197', '0.271', '0.000', '0.015']
    Lower Shadows (%): ['0.000', '0.060', '0.166', '0.106']
Volumes: [np.float64(322456.0), np.float64(256178.0), np.float64(284737.0), np.float64(82937.0)]
2025-05-09 15:46:10,921 - INFO - 
2. Post-Cross Movement (30min):
5min Price Changes (%): []
Maximum Change: 0.000% after 0 minutes
Candle Analysis:
    Body Sizes (%): []
    Upper Shadows (%): []
    Lower Shadows (%): []
Volumes: []
==================================================
2025-05-09 15:50:46,247 - INFO - 
==================================================
EMA Cross Analysis - BAN/USDT
Time: 2025-05-09 15:45:00+09:00
Type: dead
Cross Character (Current): Weak
Cross Character (New): Weak
Price at Cross: 0.06605

1. Pre-Cross Pattern (15min):
EMA Distance Changes (%): ['0.102', '0.075', '0.038', '0.009']
EMA12 Changes (%): ['-0.021', '-0.037', '-0.061', '-0.084']
Price Changes (%): ['0.499', '-0.120', '-0.196', '-0.212']
Candle Analysis:
    Body Sizes (%): ['0.499', '0.136', '0.196', '0.196']
    Upper Shadows (%): ['0.197', '0.271', '0.000', '0.106']
    Lower Shadows (%): ['0.000', '0.060', '0.166', '0.317']
Volumes: [np.float64(322456.0), np.float64(256178.0), np.float64(284737.0), np.float64(278152.0)]
2025-05-09 15:50:46,247 - INFO - 
2. Post-Cross Movement (30min):
5min Price Changes (%): ['0.288']
Maximum Change: 0.288% after 5 minutes
Candle Analysis:
    Body Sizes (%): ['0.288']
    Upper Shadows (%): ['0.030']
    Lower Shadows (%): ['0.000']
Volumes: [np.float64(83114.0)]
==================================================
2025-05-09 15:50:48,526 - INFO - 
==================================================
EMA Cross Analysis - ACX/USDT
Time: 2025-05-09 15:50:00+09:00
Type: golden
Cross Character (Current): Weak
Cross Character (New): Weak
Price at Cross: 0.2444

1. Pre-Cross Pattern (15min):
EMA Distance Changes (%): ['0.035', '0.044', '0.024', '0.009']
EMA12 Changes (%): ['-0.010', '-0.021', '0.032', '0.059']
Price Changes (%): ['-0.246', '-0.082', '0.329', '0.205']
Candle Analysis:
    Body Sizes (%): ['0.205', '0.041', '0.329', '0.164']
    Upper Shadows (%): ['0.205', '0.493', '0.165', '0.041']
    Lower Shadows (%): ['0.123', '0.329', '0.041', '0.000']
Volumes: [np.float64(60034.9), np.float64(266337.4), np.float64(56219.1), np.float64(23464.9)]
2025-05-09 15:50:48,526 - INFO - 
2. Post-Cross Movement (30min):
5min Price Changes (%): []
Maximum Change: 0.000% after 0 minutes
Candle Analysis:
    Body Sizes (%): []
    Upper Shadows (%): []
    Lower Shadows (%): []
Volumes: []
==================================================
2025-05-09 15:50:50,777 - INFO - 
==================================================
EMA Cross Analysis - TNSR/USDT
Time: 2025-05-09 15:45:00+09:00
Type: golden
Cross Character (Current): Weak
Cross Character (New): Weak
Price at Cross: 0.1642

1. Pre-Cross Pattern (15min):
EMA Distance Changes (%): ['0.049', '0.052', '0.019', '0.001']
EMA12 Changes (%): ['-0.038', '-0.013', '0.055', '0.037']
Price Changes (%): ['0.061', '0.122', '0.428', '-0.061']
Candle Analysis:
    Body Sizes (%): ['0.061', '0.122', '0.489', '0.061']
    Upper Shadows (%): ['0.184', '0.184', '0.000', '0.000']
    Lower Shadows (%): ['0.000', '0.122', '0.122', '0.243']
Volumes: [np.float64(96093.6), np.float64(42301.3), np.float64(70413.5), np.float64(42891.9)]
2025-05-09 15:50:50,777 - INFO - 
2. Post-Cross Movement (30min):
5min Price Changes (%): ['0.122']
Maximum Change: 0.122% after 5 minutes
Candle Analysis:
    Body Sizes (%): ['0.183']
    Upper Shadows (%): ['0.000']
    Lower Shadows (%): ['0.000']
Volumes: [np.float64(22434.7)]
==================================================
2025-05-09 15:55:25,175 - INFO - 
==================================================
EMA Cross Analysis - FXS/USDT
Time: 2025-05-09 15:55:00+09:00
Type: golden
Cross Character (Current): Weak
Cross Character (New): Weak
Price at Cross: 2.3591

1. Pre-Cross Pattern (15min):
EMA Distance Changes (%): ['0.123', '0.101', '0.025', '0.026']
EMA12 Changes (%): ['-0.005', '0.025', '0.130', '0.096']
Price Changes (%): ['-0.043', '0.192', '0.708', '-0.093']
Candle Analysis:
    Body Sizes (%): ['0.047', '0.162', '0.708', '0.059']
    Upper Shadows (%): ['0.021', '0.064', '0.017', '0.000']
    Lower Shadows (%): ['0.141', '0.107', '0.013', '0.000']
Volumes: [np.float64(8984.1), np.float64(2935.4), np.float64(10703.9), np.float64(678.7)]
2025-05-09 15:55:25,176 - INFO - 
2. Post-Cross Movement (30min):
5min Price Changes (%): []
Maximum Change: 0.000% after 0 minutes
Candle Analysis:
    Body Sizes (%): []
    Upper Shadows (%): []
    Lower Shadows (%): []
Volumes: []
==================================================
2025-05-09 15:55:25,628 - INFO - 
==================================================
EMA Cross Analysis - ACX/USDT
Time: 2025-05-09 15:50:00+09:00
Type: golden
Cross Character (Current): Weak
Cross Character (New): Weak
Price at Cross: 0.2447

1. Pre-Cross Pattern (15min):
EMA Distance Changes (%): ['0.035', '0.044', '0.024', '0.018']
EMA12 Changes (%): ['-0.010', '-0.021', '0.032', '0.078']
Price Changes (%): ['-0.246', '-0.082', '0.329', '0.328']
Candle Analysis:
    Body Sizes (%): ['0.205', '0.041', '0.329', '0.287']
    Upper Shadows (%): ['0.205', '0.493', '0.165', '0.123']
    Lower Shadows (%): ['0.123', '0.329', '0.041', '0.000']
Volumes: [np.float64(60034.9), np.float64(266337.4), np.float64(56219.1), np.float64(59825.7)]
2025-05-09 15:55:25,628 - INFO - 
2. Post-Cross Movement (30min):
5min Price Changes (%): ['0.082']
Maximum Change: 0.082% after 5 minutes
Candle Analysis:
    Body Sizes (%): ['0.082']
    Upper Shadows (%): ['0.000']
    Lower Shadows (%): ['0.000']
Volumes: [np.float64(2496.1)]
==================================================
2025-05-09 16:01:13,447 - INFO - 
==================================================
EMA Cross Analysis - FXS/USDT
Time: 2025-05-09 15:55:00+09:00
Type: golden
Cross Character (Current): Weak
Cross Character (New): Weak
Price at Cross: 2.367

1. Pre-Cross Pattern (15min):
EMA Distance Changes (%): ['0.123', '0.101', '0.025', '0.052']
EMA12 Changes (%): ['-0.005', '0.025', '0.130', '0.148']
Price Changes (%): ['-0.043', '0.192', '0.708', '0.241']
Candle Analysis:
    Body Sizes (%): ['0.047', '0.162', '0.708', '0.275']
    Upper Shadows (%): ['0.021', '0.064', '0.017', '0.055']
    Lower Shadows (%): ['0.141', '0.107', '0.013', '0.119']
Volumes: [np.float64(8984.1), np.float64(2935.4), np.float64(10703.9), np.float64(8410.5)]
2025-05-09 16:01:13,447 - INFO - 
2. Post-Cross Movement (30min):
5min Price Changes (%): ['0.477']
Maximum Change: 0.477% after 5 minutes
Candle Analysis:
    Body Sizes (%): ['0.482']
    Upper Shadows (%): ['0.186']
    Lower Shadows (%): ['0.025']
Volumes: [np.float64(8023.6)]
==================================================
2025-05-09 16:10:24,265 - INFO - 
==================================================
EMA Cross Analysis - BAN/USDT
Time: 2025-05-09 16:05:00+09:00
Type: golden
Cross Character (Current): Weak
Cross Character (New): Weak
Price at Cross: 0.06698

1. Pre-Cross Pattern (15min):
EMA Distance Changes (%): ['0.033', '0.065', '0.082', '0.011']
EMA12 Changes (%): ['-0.048', '-0.066', '-0.042', '0.169']
Price Changes (%): ['0.151', '-0.166', '0.091', '1.331']
Candle Analysis:
    Body Sizes (%): ['0.151', '0.166', '0.091', '1.301']
    Upper Shadows (%): ['0.182', '0.091', '0.167', '0.318']
    Lower Shadows (%): ['0.000', '0.227', '0.167', '0.091']
Volumes: [np.float64(215038.0), np.float64(396445.0), np.float64(297004.0), np.float64(1145275.0)]
2025-05-09 16:10:24,265 - INFO - 
2. Post-Cross Movement (30min):
5min Price Changes (%): ['-0.209']
Maximum Change: -0.209% after 5 minutes
Candle Analysis:
    Body Sizes (%): ['0.164']
    Upper Shadows (%): ['0.090']
    Lower Shadows (%): ['0.075']
Volumes: [np.float64(96854.0)]
==================================================
2025-05-09 16:50:50,256 - INFO - 
==================================================
EMA Cross Analysis - EOS/USDT
Time: 2025-05-09 16:50:00+09:00
Type: golden
Cross Character (Current): Weak
Cross Character (New): Weak
Price at Cross: 0.863

1. Pre-Cross Pattern (15min):
EMA Distance Changes (%): ['0.185', '0.111', '0.015', '0.060']
EMA12 Changes (%): ['0.030', '0.116', '0.170', '0.144']
Price Changes (%): ['0.235', '0.585', '0.466', '0.000']
Candle Analysis:
    Body Sizes (%): ['0.235', '0.468', '0.466', '0.000']
    Upper Shadows (%): ['0.235', '0.117', '0.116', '0.116']
    Lower Shadows (%): ['0.000', '0.234', '0.116', '0.116']
Volumes: [np.float64(539981.1), np.float64(1314477.6), np.float64(1748032.7), np.float64(175751.3)]
2025-05-09 16:50:50,256 - INFO - 
2. Post-Cross Movement (30min):
5min Price Changes (%): []
Maximum Change: 0.000% after 0 minutes
Candle Analysis:
    Body Sizes (%): []
    Upper Shadows (%): []
    Lower Shadows (%): []
Volumes: []
==================================================
2025-05-09 16:55:27,056 - INFO - 
==================================================
EMA Cross Analysis - EOS/USDT
Time: 2025-05-09 16:50:00+09:00
Type: golden
Cross Character (Current): Weak
Cross Character (New): Weak
Price at Cross: 0.859

1. Pre-Cross Pattern (15min):
EMA Distance Changes (%): ['0.185', '0.111', '0.015', '0.023']
EMA12 Changes (%): ['0.030', '0.116', '0.170', '0.072']
Price Changes (%): ['0.235', '0.585', '0.466', '-0.463']
Candle Analysis:
    Body Sizes (%): ['0.235', '0.468', '0.466', '0.463']
    Upper Shadows (%): ['0.235', '0.117', '0.116', '0.116']
    Lower Shadows (%): ['0.000', '0.234', '0.116', '0.348']
Volumes: [np.float64(539981.1), np.float64(1314477.6), np.float64(1748032.7), np.float64(1828633.5)]
2025-05-09 16:55:27,056 - INFO - 
2. Post-Cross Movement (30min):
5min Price Changes (%): ['0.116']
Maximum Change: 0.116% after 5 minutes
Candle Analysis:
    Body Sizes (%): ['0.116']
    Upper Shadows (%): ['0.000']
    Lower Shadows (%): ['0.116']
Volumes: [np.float64(49013.8)]
==================================================
2025-05-09 17:45:05,882 - INFO - 
==================================================
EMA Cross Analysis - ORDI/USDT
Time: 2025-05-09 17:45:00+09:00
Type: dead
Cross Character (Current): Weak
Cross Character (New): Strong
Price at Cross: 8.89

1. Pre-Cross Pattern (15min):
EMA Distance Changes (%): ['0.422', '0.384', '0.129', '0.064']
EMA12 Changes (%): ['0.175', '-0.022', '-0.443', '-0.346']
Price Changes (%): ['0.754', '-1.095', '-2.762', '0.203']
Candle Analysis:
    Body Sizes (%): ['0.710', '1.095', '2.794', '0.192']
    Upper Shadows (%): ['0.218', '0.629', '0.219', '0.000']
    Lower Shadows (%): ['0.404', '0.000', '0.756', '0.000']
Volumes: [np.float64(98699.8), np.float64(111032.1), np.float64(366821.8), np.float64(3422.7)]
2025-05-09 17:45:05,883 - INFO - 
2. Post-Cross Movement (30min):
5min Price Changes (%): []
Maximum Change: 0.000% after 0 minutes
Candle Analysis:
    Body Sizes (%): []
    Upper Shadows (%): []
    Lower Shadows (%): []
Volumes: []
==================================================
2025-05-09 17:45:09,710 - INFO - 
==================================================
EMA Cross Analysis - PENGU/USDT
Time: 2025-05-09 17:45:00+09:00
Type: dead
Cross Character (Current): Strong
Cross Character (New): Strong
Price at Cross: 0.01488

1. Pre-Cross Pattern (15min):
EMA Distance Changes (%): ['0.435', '0.282', '0.080', '0.065']
EMA12 Changes (%): ['-0.070', '-0.238', '-0.347', '-0.262']
Price Changes (%): ['-0.250', '-1.160', '-0.961', '0.216']
Candle Analysis:
    Body Sizes (%): ['0.243', '1.160', '0.947', '0.216']
    Upper Shadows (%): ['0.598', '0.343', '0.167', '0.000']
    Lower Shadows (%): ['0.434', '0.178', '0.600', '0.054']
Volumes: [np.float64(125630091.0), np.float64(136783694.0), np.float64(259452155.0), np.float64(3079767.0)]
2025-05-09 17:45:09,710 - INFO - 
2. Post-Cross Movement (30min):
5min Price Changes (%): []
Maximum Change: 0.000% after 0 minutes
Candle Analysis:
    Body Sizes (%): []
    Upper Shadows (%): []
    Lower Shadows (%): []
Volumes: []
==================================================
2025-05-09 17:45:10,614 - INFO - 
==================================================
EMA Cross Analysis - SUI/USDT
Time: 2025-05-09 17:45:00+09:00
Type: dead
Cross Character (Current): Weak
Cross Character (New): Weak
Price at Cross: 3.9042

1. Pre-Cross Pattern (15min):
EMA Distance Changes (%): ['0.364', '0.299', '0.071', '0.093']
EMA12 Changes (%): ['0.074', '-0.079', '-0.398', '-0.299']
Price Changes (%): ['0.107', '-0.916', '-2.166', '0.259']
Candle Analysis:
    Body Sizes (%): ['0.097', '0.916', '2.163', '0.259']
    Upper Shadows (%): ['0.456', '0.446', '0.161', '0.046']
    Lower Shadows (%): ['0.421', '0.107', '0.668', '0.054']
Volumes: [np.float64(4246630.4), np.float64(3345281.5), np.float64(10797844.0), np.float64(196085.0)]
2025-05-09 17:45:10,614 - INFO - 
2. Post-Cross Movement (30min):
5min Price Changes (%): []
Maximum Change: 0.000% after 0 minutes
Candle Analysis:
    Body Sizes (%): []
    Upper Shadows (%): []
    Lower Shadows (%): []
Volumes: []
==================================================
2025-05-09 17:45:12,525 - INFO - 
==================================================
EMA Cross Analysis - USUAL/USDT
Time: 2025-05-09 17:45:00+09:00
Type: dead
Cross Character (Current): Weak
Cross Character (New): Weak
Price at Cross: 0.145

1. Pre-Cross Pattern (15min):
EMA Distance Changes (%): ['0.477', '0.381', '0.057', '0.145']
EMA12 Changes (%): ['0.046', '-0.125', '-0.570', '-0.371']
Price Changes (%): ['-0.200', '-1.067', '-3.032', '0.764']
Candle Analysis:
    Body Sizes (%): ['0.200', '1.067', '3.032', '0.694']
    Upper Shadows (%): ['0.067', '1.000', '0.202', '0.069']
    Lower Shadows (%): ['0.399', '0.067', '1.348', '0.000']
Volumes: [np.float64(1554292.0), np.float64(5447233.0), np.float64(9536746.0), np.float64(292238.0)]
2025-05-09 17:45:12,526 - INFO - 
2. Post-Cross Movement (30min):
5min Price Changes (%): []
Maximum Change: 0.000% after 0 minutes
Candle Analysis:
    Body Sizes (%): []
    Upper Shadows (%): []
    Lower Shadows (%): []
Volumes: []
==================================================
2025-05-09 17:50:52,720 - INFO - 
==================================================
EMA Cross Analysis - ORDI/USDT
Time: 2025-05-09 17:50:00+09:00
Type: dead
Cross Character (Current): Strong
Cross Character (New): Weak
Price at Cross: 8.994

1. Pre-Cross Pattern (15min):
EMA Distance Changes (%): ['0.384', '0.129', '0.014', '0.060']
EMA12 Changes (%): ['-0.022', '-0.443', '-0.199', '-0.140']
Price Changes (%): ['-1.095', '-2.762', '1.183', '0.189']
Candle Analysis:
    Body Sizes (%): ['1.095', '2.794', '1.172', '0.212']
    Upper Shadows (%): ['0.629', '0.219', '0.981', '0.178']
    Lower Shadows (%): ['0.000', '0.756', '0.000', '0.189']
Volumes: [np.float64(111032.1), np.float64(366821.8), np.float64(129837.8), np.float64(9570.6)]
2025-05-09 17:50:52,720 - INFO - 
2. Post-Cross Movement (30min):
5min Price Changes (%): []
Maximum Change: 0.000% after 0 minutes
Candle Analysis:
    Body Sizes (%): []
    Upper Shadows (%): []
    Lower Shadows (%): []
Volumes: []
==================================================
2025-05-09 17:50:53,652 - INFO - 
==================================================
EMA Cross Analysis - TNSR/USDT
Time: 2025-05-09 17:50:00+09:00
Type: dead
Cross Character (Current): Strong
Cross Character (New): Weak
Price at Cross: 0.1634

1. Pre-Cross Pattern (15min):
EMA Distance Changes (%): ['0.380', '0.182', '0.048', '0.052']
EMA12 Changes (%): ['-0.001', '-0.334', '-0.228', '-0.184']
Price Changes (%): ['-0.776', '-2.165', '0.369', '0.061']
Candle Analysis:
    Body Sizes (%): ['0.716', '2.165', '0.307', '0.123']
    Upper Shadows (%): ['0.358', '0.120', '0.676', '0.123']
    Lower Shadows (%): ['0.060', '0.241', '0.000', '0.123']
Volumes: [np.float64(174444.4), np.float64(942029.3), np.float64(247796.5), np.float64(42440.4)]
2025-05-09 17:50:53,652 - INFO - 
2. Post-Cross Movement (30min):
5min Price Changes (%): []
Maximum Change: 0.000% after 0 minutes
Candle Analysis:
    Body Sizes (%): []
    Upper Shadows (%): []
    Lower Shadows (%): []
Volumes: []
==================================================
2025-05-09 17:50:57,273 - INFO - 
==================================================
EMA Cross Analysis - PENGU/USDT
Time: 2025-05-09 17:45:00+09:00
Type: dead
Cross Character (Current): Strong
Cross Character (New): Strong
Price at Cross: 0.014979

1. Pre-Cross Pattern (15min):
EMA Distance Changes (%): ['0.435', '0.282', '0.080', '0.011']
EMA12 Changes (%): ['-0.070', '-0.238', '-0.347', '-0.162']
Price Changes (%): ['-0.250', '-1.160', '-0.961', '0.882']
Candle Analysis:
    Body Sizes (%): ['0.243', '1.160', '0.947', '0.882']
    Upper Shadows (%): ['0.598', '0.343', '0.167', '0.876']
    Lower Shadows (%): ['0.434', '0.178', '0.600', '0.054']
Volumes: [np.float64(125630091.0), np.float64(136783694.0), np.float64(259452155.0), np.float64(155470275.0)]
2025-05-09 17:50:57,274 - INFO - 
2. Post-Cross Movement (30min):
5min Price Changes (%): ['-0.174']
Maximum Change: -0.174% after 5 minutes
Candle Analysis:
    Body Sizes (%): ['0.160']
    Upper Shadows (%): ['0.334']
    Lower Shadows (%): ['0.067']
Volumes: [np.float64(24129238.0)]
==================================================
2025-05-09 17:50:58,156 - INFO - 
==================================================
EMA Cross Analysis - SUI/USDT
Time: 2025-05-09 17:45:00+09:00
Type: dead
Cross Character (Current): Weak
Cross Character (New): Strong
Price at Cross: 3.9383

1. Pre-Cross Pattern (15min):
EMA Distance Changes (%): ['0.364', '0.299', '0.071', '0.023']
EMA12 Changes (%): ['0.074', '-0.079', '-0.398', '-0.168']
Price Changes (%): ['0.107', '-0.916', '-2.166', '1.135']
Candle Analysis:
    Body Sizes (%): ['0.097', '0.916', '2.163', '1.135']
    Upper Shadows (%): ['0.456', '0.446', '0.161', '0.606']
    Lower Shadows (%): ['0.421', '0.107', '0.668', '0.054']
Volumes: [np.float64(4246630.4), np.float64(3345281.5), np.float64(10797844.0), np.float64(6647121.5)]
2025-05-09 17:50:58,157 - INFO - 
2. Post-Cross Movement (30min):
5min Price Changes (%): ['0.043']
Maximum Change: 0.043% after 5 minutes
Candle Analysis:
    Body Sizes (%): ['0.048']
    Upper Shadows (%): ['0.196']
    Lower Shadows (%): ['0.145']
Volumes: [np.float64(467390.8)]
==================================================
2025-05-09 17:51:00,004 - INFO - 
==================================================
EMA Cross Analysis - USUAL/USDT
Time: 2025-05-09 17:45:00+09:00
Type: dead
Cross Character (Current): Weak
Cross Character (New): Weak
Price at Cross: 0.1448

1. Pre-Cross Pattern (15min):
EMA Distance Changes (%): ['0.477', '0.381', '0.057', '0.156']
EMA12 Changes (%): ['0.046', '-0.125', '-0.570', '-0.391']
Price Changes (%): ['-0.200', '-1.067', '-3.032', '0.625']
Candle Analysis:
    Body Sizes (%): ['0.200', '1.067', '3.032', '0.556']
    Upper Shadows (%): ['0.067', '1.000', '0.202', '1.111']
    Lower Shadows (%): ['0.399', '0.067', '1.348', '0.000']
Volumes: [np.float64(1554292.0), np.float64(5447233.0), np.float64(9536746.0), np.float64(5719151.0)]
2025-05-09 17:51:00,004 - INFO - 
2. Post-Cross Movement (30min):
5min Price Changes (%): ['-0.138']
Maximum Change: -0.138% after 5 minutes
Candle Analysis:
    Body Sizes (%): ['0.069']
    Upper Shadows (%): ['0.622']
    Lower Shadows (%): ['0.760']
Volumes: [np.float64(1081498.0)]
==================================================
2025-05-09 17:51:00,638 - INFO - 
==================================================
EMA Cross Analysis - VANA/USDT
Time: 2025-05-09 17:50:00+09:00
Type: dead
Cross Character (Current): Strong
Cross Character (New): Weak
Price at Cross: 6.127

1. Pre-Cross Pattern (15min):
EMA Distance Changes (%): ['0.380', '0.162', '0.042', '0.052']
EMA12 Changes (%): ['-0.100', '-0.369', '-0.204', '-0.173']
Price Changes (%): ['-1.243', '-1.855', '0.723', '0.000']
Candle Analysis:
    Body Sizes (%): ['1.227', '1.855', '0.790', '0.000']
    Upper Shadows (%): ['0.271', '0.161', '0.790', '0.180']
    Lower Shadows (%): ['0.223', '0.807', '0.049', '0.196']
Volumes: [np.float64(49479.76), np.float64(122828.08), np.float64(73222.15), np.float64(6889.65)]
2025-05-09 17:51:00,638 - INFO - 
2. Post-Cross Movement (30min):
5min Price Changes (%): []
Maximum Change: 0.000% after 0 minutes
Candle Analysis:
    Body Sizes (%): []
    Upper Shadows (%): []
    Lower Shadows (%): []
Volumes: []
==================================================
2025-05-09 17:55:32,427 - INFO - 
==================================================
EMA Cross Analysis - ORDI/USDT
Time: 2025-05-09 17:50:00+09:00
Type: dead
Cross Character (Current): Strong
Cross Character (New): Weak
Price at Cross: 8.965

1. Pre-Cross Pattern (15min):
EMA Distance Changes (%): ['0.384', '0.129', '0.014', '0.086']
EMA12 Changes (%): ['-0.022', '-0.443', '-0.199', '-0.189']
Price Changes (%): ['-1.095', '-2.762', '1.183', '-0.134']
Candle Analysis:
    Body Sizes (%): ['1.095', '2.794', '1.172', '0.111']
    Upper Shadows (%): ['0.629', '0.219', '0.981', '0.524']
    Lower Shadows (%): ['0.000', '0.756', '0.000', '0.100']
Volumes: [np.float64(111032.1), np.float64(366821.8), np.float64(129837.8), np.float64(74540.3)]
2025-05-09 17:55:32,427 - INFO - 
2. Post-Cross Movement (30min):
5min Price Changes (%): ['-0.201']
Maximum Change: -0.201% after 5 minutes
Candle Analysis:
    Body Sizes (%): ['0.201']
    Upper Shadows (%): ['0.011']
    Lower Shadows (%): ['0.078']
Volumes: [np.float64(6836.6)]
==================================================
2025-05-09 17:55:33,666 - INFO - 
==================================================
EMA Cross Analysis - GRASS/USDT
Time: 2025-05-09 17:55:00+09:00
Type: dead
Cross Character (Current): Strong
Cross Character (New): Strong
Price at Cross: 1.6065

1. Pre-Cross Pattern (15min):
EMA Distance Changes (%): ['0.463', '0.296', '0.086', '0.075']
EMA12 Changes (%): ['-0.460', '-0.244', '-0.360', '-0.293']
Price Changes (%): ['-2.133', '0.978', '-1.005', '0.087']
Candle Analysis:
    Body Sizes (%): ['2.169', '1.041', '0.926', '0.093']
    Upper Shadows (%): ['0.165', '0.642', '0.210', '0.069']
    Lower Shadows (%): ['0.481', '0.044', '0.543', '0.056']
Volumes: [np.float64(336284.1), np.float64(99493.5), np.float64(205376.1), np.float64(18862.4)]
2025-05-09 17:55:33,667 - INFO - 
2. Post-Cross Movement (30min):
5min Price Changes (%): []
Maximum Change: 0.000% after 0 minutes
Candle Analysis:
    Body Sizes (%): []
    Upper Shadows (%): []
    Lower Shadows (%): []
Volumes: []
==================================================
2025-05-09 18:00:12,142 - INFO - 
==================================================
EMA Cross Analysis - GRASS/USDT
Time: 2025-05-09 17:55:00+09:00
Type: dead
Cross Character (Current): Strong
Cross Character (New): Strong
Price at Cross: 1.6108

1. Pre-Cross Pattern (15min):
EMA Distance Changes (%): ['0.463', '0.296', '0.086', '0.054']
EMA12 Changes (%): ['-0.460', '-0.244', '-0.360', '-0.252']
Price Changes (%): ['-2.133', '0.978', '-1.005', '0.355']
Candle Analysis:
    Body Sizes (%): ['2.169', '1.041', '0.926', '0.361']
    Upper Shadows (%): ['0.165', '0.642', '0.210', '0.212']
    Lower Shadows (%): ['0.481', '0.044', '0.543', '1.009']
Volumes: [np.float64(336284.1), np.float64(99493.5), np.float64(205376.1), np.float64(328332.5)]
2025-05-09 18:00:12,142 - INFO - 
2. Post-Cross Movement (30min):
5min Price Changes (%): ['0.093']
Maximum Change: 0.093% after 5 minutes
Candle Analysis:
    Body Sizes (%): ['0.031']
    Upper Shadows (%): ['0.043']
    Lower Shadows (%): ['0.000']
Volumes: [np.float64(6577.1)]
==================================================
2025-05-09 18:00:13,362 - INFO - 
==================================================
EMA Cross Analysis - ARPA/USDT
Time: 2025-05-09 18:00:00+09:00
Type: dead
Cross Character (Current): Weak
Cross Character (New): Weak
Price at Cross: 0.02658

1. Pre-Cross Pattern (15min):
EMA Distance Changes (%): ['0.261', '0.173', '0.061', '0.025']
EMA12 Changes (%): ['-0.161', '-0.131', '-0.191', '-0.156']
Price Changes (%): ['0.414', '0.037', '-0.524', '0.038']
Candle Analysis:
    Body Sizes (%): ['0.414', '0.075', '0.487', '0.038']
    Upper Shadows (%): ['0.790', '0.412', '0.000', '0.038']
    Lower Shadows (%): ['0.038', '0.150', '0.187', '0.000']
Volumes: [np.float64(1998198.0), np.float64(938149.0), np.float64(1780660.0), np.float64(77233.0)]
2025-05-09 18:00:13,362 - INFO - 
2. Post-Cross Movement (30min):
5min Price Changes (%): []
Maximum Change: 0.000% after 0 minutes
Candle Analysis:
    Body Sizes (%): []
    Upper Shadows (%): []
    Lower Shadows (%): []
Volumes: []
==================================================
2025-05-09 18:05:58,322 - INFO - 
==================================================
EMA Cross Analysis - ORDI/USDT
Time: 2025-05-09 18:05:00+09:00
Type: golden
Cross Character (Current): Weak
Cross Character (New): Weak
Price at Cross: 9.132

1. Pre-Cross Pattern (15min):
EMA Distance Changes (%): ['0.086', '0.093', '0.023', '0.035']
EMA12 Changes (%): ['-0.189', '-0.026', '0.121', '0.109']
Price Changes (%): ['-0.134', '0.881', '0.929', '0.044']
Candle Analysis:
    Body Sizes (%): ['0.111', '0.881', '0.929', '0.033']
    Upper Shadows (%): ['0.524', '0.145', '0.155', '0.164']
    Lower Shadows (%): ['0.100', '0.402', '0.144', '0.022']
Volumes: [np.float64(74540.3), np.float64(87094.9), np.float64(46157.9), np.float64(9617.4)]
2025-05-09 18:05:58,323 - INFO - 
2. Post-Cross Movement (30min):
5min Price Changes (%): []
Maximum Change: 0.000% after 0 minutes
Candle Analysis:
    Body Sizes (%): []
    Upper Shadows (%): []
    Lower Shadows (%): []
Volumes: []
==================================================
2025-05-09 18:06:00,767 - INFO - 
==================================================
EMA Cross Analysis - ARPA/USDT
Time: 2025-05-09 18:05:00+09:00
Type: dead
Cross Character (Current): Weak
Cross Character (New): Weak
Price at Cross: 0.0267

1. Pre-Cross Pattern (15min):
EMA Distance Changes (%): ['0.173', '0.061', '0.008', '0.031']
EMA12 Changes (%): ['-0.131', '-0.191', '-0.093', '-0.073']
Price Changes (%): ['0.037', '-0.524', '0.452', '0.037']
Candle Analysis:
    Body Sizes (%): ['0.075', '0.487', '0.452', '0.037']
    Upper Shadows (%): ['0.412', '0.000', '0.151', '0.075']
    Lower Shadows (%): ['0.150', '0.187', '0.188', '0.000']
Volumes: [np.float64(938149.0), np.float64(1780660.0), np.float64(2250046.0), np.float64(143573.0)]
2025-05-09 18:06:00,767 - INFO - 
2. Post-Cross Movement (30min):
5min Price Changes (%): []
Maximum Change: 0.000% after 0 minutes
Candle Analysis:
    Body Sizes (%): []
    Upper Shadows (%): []
    Lower Shadows (%): []
Volumes: []
==================================================
2025-05-09 18:06:02,184 - INFO - 
==================================================
EMA Cross Analysis - PENGU/USDT
Time: 2025-05-09 18:05:00+09:00
Type: golden
Cross Character (Current): Weak
Cross Character (New): Weak
Price at Cross: 0.015544

1. Pre-Cross Pattern (15min):
EMA Distance Changes (%): ['0.100', '0.134', '0.051', '0.183']
EMA12 Changes (%): ['-0.170', '-0.081', '0.138', '0.456']
Price Changes (%): ['-0.214', '0.415', '1.346', '2.189']
Candle Analysis:
    Body Sizes (%): ['0.200', '0.408', '1.346', '2.182']
    Upper Shadows (%): ['1.075', '0.334', '0.207', '1.315']
    Lower Shadows (%): ['0.047', '0.301', '0.227', '0.256']
Volumes: [np.float64(122996825.0), np.float64(129458083.0), np.float64(194253275.0), np.float64(610512090.0)]
2025-05-09 18:06:02,184 - INFO - 
2. Post-Cross Movement (30min):
5min Price Changes (%): []
Maximum Change: 0.000% after 0 minutes
Candle Analysis:
    Body Sizes (%): []
    Upper Shadows (%): []
    Lower Shadows (%): []
Volumes: []
==================================================
2025-05-09 18:10:33,465 - INFO - 
==================================================
EMA Cross Analysis - ORCA/USDT
Time: 2025-05-09 18:10:00+09:00
Type: dead
Cross Character (Current): Weak
Cross Character (New): Weak
Price at Cross: 2.828

1. Pre-Cross Pattern (15min):
EMA Distance Changes (%): ['0.115', '0.110', '0.030', '0.026']
EMA12 Changes (%): ['-0.112', '0.007', '-0.139', '-0.102']
Price Changes (%): ['-0.035', '0.671', '-0.947', '0.106']
Candle Analysis:
    Body Sizes (%): ['0.000', '0.671', '0.912', '0.142']
    Upper Shadows (%): ['0.176', '0.035', '0.246', '0.035']
    Lower Shadows (%): ['0.494', '0.035', '0.070', '0.071']
Volumes: [np.float64(32736.4), np.float64(41352.2), np.float64(55513.3), np.float64(3016.8)]
2025-05-09 18:10:33,465 - INFO - 
2. Post-Cross Movement (30min):
5min Price Changes (%): []
Maximum Change: 0.000% after 0 minutes
Candle Analysis:
    Body Sizes (%): []
    Upper Shadows (%): []
    Lower Shadows (%): []
Volumes: []
==================================================
2025-05-09 18:10:38,129 - INFO - 
==================================================
EMA Cross Analysis - ZRO/USDT
Time: 2025-05-09 18:05:00+09:00
Type: dead
Cross Character (Current): Weak
Cross Character (New): Weak
Price at Cross: 2.8918

1. Pre-Cross Pattern (15min):
EMA Distance Changes (%): ['0.134', '0.056', '0.066', '0.037']
EMA12 Changes (%): ['-0.155', '-0.129', '0.029', '-0.190']
Price Changes (%): ['-0.185', '0.014', '0.905', '-1.388']
Candle Analysis:
    Body Sizes (%): ['0.161', '0.003', '0.888', '1.408']
    Upper Shadows (%): ['0.512', '0.282', '0.169', '0.201']
    Lower Shadows (%): ['0.082', '0.465', '0.131', '0.235']
Volumes: [np.float64(68371.1), np.float64(90376.0), np.float64(134282.2), np.float64(164829.7)]
2025-05-09 18:10:38,129 - INFO - 
2. Post-Cross Movement (30min):
5min Price Changes (%): ['0.180']
Maximum Change: 0.180% after 5 minutes
Candle Analysis:
    Body Sizes (%): ['0.114']
    Upper Shadows (%): ['0.000']
    Lower Shadows (%): ['0.937']
Volumes: [np.float64(84576.4)]
==================================================
2025-05-09 18:10:38,809 - INFO - 
==================================================
EMA Cross Analysis - ARPA/USDT
Time: 2025-05-09 18:05:00+09:00
Type: dead
Cross Character (Current): Weak
Cross Character (New): Weak
Price at Cross: 0.02638

1. Pre-Cross Pattern (15min):
EMA Distance Changes (%): ['0.173', '0.061', '0.008', '0.128']
EMA12 Changes (%): ['-0.131', '-0.191', '-0.093', '-0.257']
Price Changes (%): ['0.037', '-0.524', '0.452', '-1.161']
Candle Analysis:
    Body Sizes (%): ['0.075', '0.487', '0.452', '1.161']
    Upper Shadows (%): ['0.412', '0.000', '0.151', '0.112']
    Lower Shadows (%): ['0.150', '0.187', '0.188', '0.112']
Volumes: [np.float64(938149.0), np.float64(1780660.0), np.float64(2250046.0), np.float64(3028958.0)]
2025-05-09 18:10:38,810 - INFO - 
2. Post-Cross Movement (30min):
5min Price Changes (%): ['0.455']
Maximum Change: 0.455% after 5 minutes
Candle Analysis:
    Body Sizes (%): ['0.455']
    Upper Shadows (%): ['0.000']
    Lower Shadows (%): ['0.076']
Volumes: [np.float64(168736.0)]
==================================================
2025-05-09 18:10:40,123 - INFO - 
==================================================
EMA Cross Analysis - PENGU/USDT
Time: 2025-05-09 18:05:00+09:00
Type: golden
Cross Character (Current): Weak
Cross Character (New): Weak
Price at Cross: 0.015377

1. Pre-Cross Pattern (15min):
EMA Distance Changes (%): ['0.100', '0.134', '0.051', '0.098']
EMA12 Changes (%): ['-0.170', '-0.081', '0.138', '0.286']
Price Changes (%): ['-0.214', '0.415', '1.346', '1.091']
Candle Analysis:
    Body Sizes (%): ['0.200', '0.408', '1.346', '1.085']
    Upper Shadows (%): ['1.075', '0.334', '0.207', '3.142']
    Lower Shadows (%): ['0.047', '0.301', '0.227', '0.256']
Volumes: [np.float64(122996825.0), np.float64(129458083.0), np.float64(194253275.0), np.float64(1325387733.0)]
2025-05-09 18:10:40,123 - INFO - 
2. Post-Cross Movement (30min):
5min Price Changes (%): ['-0.488']
Maximum Change: -0.488% after 5 minutes
Candle Analysis:
    Body Sizes (%): ['0.514']
    Upper Shadows (%): ['0.176']
    Lower Shadows (%): ['0.338']
Volumes: [np.float64(111011858.0)]
==================================================
2025-05-09 18:10:41,394 - INFO - 
==================================================
EMA Cross Analysis - MOVE/USDT
Time: 2025-05-09 18:10:00+09:00
Type: dead
Cross Character (Current): Weak
Cross Character (New): Weak
Price at Cross: 0.1753

1. Pre-Cross Pattern (15min):
EMA Distance Changes (%): ['0.107', '0.098', '0.023', '0.046']
EMA12 Changes (%): ['-0.104', '-0.001', '-0.131', '-0.129']
Price Changes (%): ['0.114', '0.568', '-0.847', '-0.114']
Candle Analysis:
    Body Sizes (%): ['0.114', '0.511', '0.847', '0.057']
    Upper Shadows (%): ['0.455', '0.114', '0.169', '0.171']
    Lower Shadows (%): ['0.683', '0.057', '0.056', '0.114']
Volumes: [np.float64(4997833.0), np.float64(2667008.0), np.float64(3400170.0), np.float64(663743.0)]
2025-05-09 18:10:41,394 - INFO - 
2. Post-Cross Movement (30min):
5min Price Changes (%): []
Maximum Change: 0.000% after 0 minutes
Candle Analysis:
    Body Sizes (%): []
    Upper Shadows (%): []
    Lower Shadows (%): []
Volumes: []
==================================================
2025-05-09 18:15:11,408 - INFO - 
==================================================
EMA Cross Analysis - ORCA/USDT
Time: 2025-05-09 18:10:00+09:00
Type: dead
Cross Character (Current): Weak
Cross Character (New): Weak
Price at Cross: 2.813

1. Pre-Cross Pattern (15min):
EMA Distance Changes (%): ['0.115', '0.110', '0.030', '0.068']
EMA12 Changes (%): ['-0.112', '0.007', '-0.139', '-0.183']
Price Changes (%): ['-0.035', '0.671', '-0.947', '-0.425']
Candle Analysis:
    Body Sizes (%): ['0.000', '0.671', '0.912', '0.390']
    Upper Shadows (%): ['0.176', '0.035', '0.246', '0.212']
    Lower Shadows (%): ['0.494', '0.035', '0.070', '0.460']
Volumes: [np.float64(32736.4), np.float64(41352.2), np.float64(55513.3), np.float64(72743.3)]
2025-05-09 18:15:11,409 - INFO - 
2. Post-Cross Movement (30min):
5min Price Changes (%): ['0.071']
Maximum Change: 0.071% after 5 minutes
Candle Analysis:
    Body Sizes (%): ['0.071']
    Upper Shadows (%): ['0.000']
    Lower Shadows (%): ['0.000']
Volumes: [np.float64(3285.7)]
==================================================
2025-05-09 18:15:13,153 - INFO - 
==================================================
EMA Cross Analysis - ACX/USDT
Time: 2025-05-09 18:15:00+09:00
Type: dead
Cross Character (Current): Strong
Cross Character (New): Weak
Price at Cross: 0.2433

1. Pre-Cross Pattern (15min):
EMA Distance Changes (%): ['0.497', '0.302', '0.062', '0.130']
EMA12 Changes (%): ['-0.059', '-0.314', '-0.414', '-0.352']
Price Changes (%): ['-0.160', '-1.720', '-0.977', '0.000']
Candle Analysis:
    Body Sizes (%): ['0.080', '1.720', '0.896', '0.000']
    Upper Shadows (%): ['0.400', '0.120', '0.244', '0.000']
    Lower Shadows (%): ['0.120', '0.200', '0.407', '0.164']
Volumes: [np.float64(201203.1), np.float64(229786.5), np.float64(343260.9), np.float64(10707.9)]
2025-05-09 18:15:13,153 - INFO - 
2. Post-Cross Movement (30min):
5min Price Changes (%): []
Maximum Change: 0.000% after 0 minutes
Candle Analysis:
    Body Sizes (%): []
    Upper Shadows (%): []
    Lower Shadows (%): []
Volumes: []
==================================================
2025-05-09 18:15:16,972 - INFO - 
==================================================
EMA Cross Analysis - EOS/USDT
Time: 2025-05-09 18:10:00+09:00
Type: dead
Cross Character (Current): Weak
Cross Character (New): Weak
Price at Cross: 0.851

1. Pre-Cross Pattern (15min):
EMA Distance Changes (%): ['0.108', '0.134', '0.062', '0.024']
EMA12 Changes (%): ['-0.068', '0.068', '-0.121', '-0.157']
Price Changes (%): ['0.000', '0.817', '-1.157', '-0.351']
Candle Analysis:
    Body Sizes (%): ['0.000', '0.817', '1.272', '0.234']
    Upper Shadows (%): ['0.350', '0.117', '0.116', '0.352']
    Lower Shadows (%): ['0.467', '0.117', '0.231', '0.352']
Volumes: [np.float64(1417058.0), np.float64(1028779.5), np.float64(1366126.0), np.float64(1607582.9)]
2025-05-09 18:15:16,972 - INFO - 
2. Post-Cross Movement (30min):
5min Price Changes (%): ['-0.118']
Maximum Change: -0.118% after 5 minutes
Candle Analysis:
    Body Sizes (%): ['0.118']
    Upper Shadows (%): ['0.118']
    Lower Shadows (%): ['0.000']
Volumes: [np.float64(94520.8)]
==================================================
2025-05-09 18:15:19,322 - INFO - 
==================================================
EMA Cross Analysis - MOVE/USDT
Time: 2025-05-09 18:10:00+09:00
Type: dead
Cross Character (Current): Weak
Cross Character (New): Weak
Price at Cross: 0.1748

1. Pre-Cross Pattern (15min):
EMA Distance Changes (%): ['0.107', '0.098', '0.023', '0.069']
EMA12 Changes (%): ['-0.104', '-0.001', '-0.131', '-0.172']
Price Changes (%): ['0.114', '0.568', '-0.847', '-0.399']
Candle Analysis:
    Body Sizes (%): ['0.114', '0.511', '0.847', '0.342']
    Upper Shadows (%): ['0.455', '0.114', '0.169', '0.171']
    Lower Shadows (%): ['0.683', '0.057', '0.056', '0.627']
Volumes: [np.float64(4997833.0), np.float64(2667008.0), np.float64(3400170.0), np.float64(5367867.0)]
2025-05-09 18:15:19,323 - INFO - 
2. Post-Cross Movement (30min):
5min Price Changes (%): ['-0.057']
Maximum Change: -0.057% after 5 minutes
Candle Analysis:
    Body Sizes (%): ['0.114']
    Upper Shadows (%): ['0.057']
    Lower Shadows (%): ['0.057']
Volumes: [np.float64(275998.0)]
==================================================
2025-05-09 18:20:59,811 - INFO - 
==================================================
EMA Cross Analysis - ACX/USDT
Time: 2025-05-09 18:15:00+09:00
Type: dead
Cross Character (Current): Strong
Cross Character (New): Weak
Price at Cross: 0.2442

1. Pre-Cross Pattern (15min):
EMA Distance Changes (%): ['0.497', '0.302', '0.062', '0.100']
EMA12 Changes (%): ['-0.059', '-0.314', '-0.414', '-0.296']
Price Changes (%): ['-0.160', '-1.720', '-0.977', '0.370']
Candle Analysis:
    Body Sizes (%): ['0.080', '1.720', '0.896', '0.370']
    Upper Shadows (%): ['0.400', '0.120', '0.244', '0.000']
    Lower Shadows (%): ['0.120', '0.200', '0.407', '0.617']
Volumes: [np.float64(201203.1), np.float64(229786.5), np.float64(343260.9), np.float64(253581.9)]
2025-05-09 18:20:59,811 - INFO - 
2. Post-Cross Movement (30min):
5min Price Changes (%): ['0.082']
Maximum Change: 0.082% after 5 minutes
Candle Analysis:
    Body Sizes (%): ['0.041']
    Upper Shadows (%): ['0.164']
    Lower Shadows (%): ['0.123']
Volumes: [np.float64(30494.5)]
==================================================
2025-05-09 18:21:04,706 - INFO - 
==================================================
EMA Cross Analysis - PENGU/USDT
Time: 2025-05-09 18:20:00+09:00
Type: dead
Cross Character (Current): Weak
Cross Character (New): Weak
Price at Cross: 0.014945

1. Pre-Cross Pattern (15min):
EMA Distance Changes (%): ['0.098', '0.071', '0.003', '0.088']
EMA12 Changes (%): ['0.286', '-0.042', '-0.119', '-0.173']
Price Changes (%): ['1.091', '-1.814', '-0.543', '-0.473']
Candle Analysis:
    Body Sizes (%): ['1.085', '1.840', '0.556', '0.446']
    Upper Shadows (%): ['3.142', '0.176', '0.311', '0.520']
    Lower Shadows (%): ['0.256', '0.013', '0.596', '0.100']
Volumes: [np.float64(1325387733.0), np.float64(519771998.0), np.float64(254684907.0), np.float64(59329357.0)]
2025-05-09 18:21:04,706 - INFO - 
2. Post-Cross Movement (30min):
5min Price Changes (%): []
Maximum Change: 0.000% after 0 minutes
Candle Analysis:
    Body Sizes (%): []
    Upper Shadows (%): []
    Lower Shadows (%): []
Volumes: []
==================================================
2025-05-09 18:25:36,963 - INFO - 
==================================================
EMA Cross Analysis - BAKE/USDT
Time: 2025-05-09 18:25:00+09:00
Type: dead
Cross Character (Current): Strong
Cross Character (New): Weak
Price at Cross: 0.138

1. Pre-Cross Pattern (15min):
EMA Distance Changes (%): ['0.258', '0.140', '0.005', '0.096']
EMA12 Changes (%): ['-0.224', '-0.190', '-0.238', '-0.191']
Price Changes (%): ['-0.144', '0.000', '-0.505', '0.073']
Candle Analysis:
    Body Sizes (%): ['0.072', '0.072', '0.577', '0.000']
    Upper Shadows (%): ['0.288', '0.360', '0.216', '0.072']
    Lower Shadows (%): ['1.658', '0.793', '0.288', '0.072']
Volumes: [np.float64(1794689.0), np.float64(516512.0), np.float64(384973.0), np.float64(35898.0)]
2025-05-09 18:25:36,963 - INFO - 
2. Post-Cross Movement (30min):
5min Price Changes (%): []
Maximum Change: 0.000% after 0 minutes
Candle Analysis:
    Body Sizes (%): []
    Upper Shadows (%): []
    Lower Shadows (%): []
Volumes: []
==================================================
2025-05-09 18:25:40,982 - INFO - 
==================================================
EMA Cross Analysis - THETA/USDT
Time: 2025-05-09 18:25:00+09:00
Type: dead
Cross Character (Current): Weak
Cross Character (New): Weak
Price at Cross: 0.8671

1. Pre-Cross Pattern (15min):
EMA Distance Changes (%): ['0.149', '0.086', '0.032', '0.012']
EMA12 Changes (%): ['-0.204', '-0.098', '-0.091', '-0.079']
Price Changes (%): ['-0.392', '0.498', '-0.058', '-0.012']
Candle Analysis:
    Body Sizes (%): ['0.358', '0.533', '0.069', '0.012']
    Upper Shadows (%): ['0.300', '0.162', '0.230', '0.081']
    Lower Shadows (%): ['0.623', '0.637', '0.472', '0.092']
Volumes: [np.float64(488947.7), np.float64(214661.7), np.float64(165755.2), np.float64(16054.4)]
2025-05-09 18:25:40,982 - INFO - 
2. Post-Cross Movement (30min):
5min Price Changes (%): []
Maximum Change: 0.000% after 0 minutes
Candle Analysis:
    Body Sizes (%): []
    Upper Shadows (%): []
    Lower Shadows (%): []
Volumes: []
==================================================
2025-05-09 18:25:42,071 - INFO - 
==================================================
EMA Cross Analysis - WLD/USDT
Time: 2025-05-09 18:25:00+09:00
Type: dead
Cross Character (Current): Strong
Cross Character (New): Weak
Price at Cross: 1.1188

1. Pre-Cross Pattern (15min):
EMA Distance Changes (%): ['0.224', '0.141', '0.048', '0.023']
EMA12 Changes (%): ['-0.235', '-0.126', '-0.158', '-0.129']
Price Changes (%): ['-0.481', '0.484', '-0.339', '0.036']
Candle Analysis:
    Body Sizes (%): ['0.481', '0.466', '0.339', '0.027']
    Upper Shadows (%): ['0.294', '0.206', '0.214', '0.080']
    Lower Shadows (%): ['0.864', '0.859', '0.552', '0.063']
Volumes: [np.float64(2039543.0), np.float64(1096735.0), np.float64(748428.0), np.float64(53625.0)]
2025-05-09 18:25:42,071 - INFO - 
2. Post-Cross Movement (30min):
5min Price Changes (%): []
Maximum Change: 0.000% after 0 minutes
Candle Analysis:
    Body Sizes (%): []
    Upper Shadows (%): []
    Lower Shadows (%): []
Volumes: []
==================================================
2025-05-09 18:25:42,513 - INFO - 
==================================================
EMA Cross Analysis - PENGU/USDT
Time: 2025-05-09 18:20:00+09:00
Type: dead
Cross Character (Current): Weak
Cross Character (New): Weak
Price at Cross: 0.015098

1. Pre-Cross Pattern (15min):
EMA Distance Changes (%): ['0.098', '0.071', '0.003', '0.006']
EMA12 Changes (%): ['0.286', '-0.042', '-0.119', '-0.018']
Price Changes (%): ['1.091', '-1.814', '-0.543', '0.546']
Candle Analysis:
    Body Sizes (%): ['1.085', '1.840', '0.556', '0.573']
    Upper Shadows (%): ['3.142', '0.176', '0.311', '0.047']
    Lower Shadows (%): ['0.256', '0.013', '0.596', '1.033']
Volumes: [np.float64(1325387733.0), np.float64(519771998.0), np.float64(254684907.0), np.float64(188885329.0)]
2025-05-09 18:25:42,513 - INFO - 
2. Post-Cross Movement (30min):
5min Price Changes (%): ['-0.086']
Maximum Change: -0.086% after 5 minutes
Candle Analysis:
    Body Sizes (%): ['0.046']
    Upper Shadows (%): ['0.126']
    Lower Shadows (%): ['0.318']
Volumes: [np.float64(17755374.0)]
==================================================
2025-05-09 18:25:44,221 - INFO - 
==================================================
EMA Cross Analysis - HIVE/USDT
Time: 2025-05-09 18:20:00+09:00
Type: dead
Cross Character (Current): Weak
Cross Character (New): Weak
Price at Cross: 0.25772

1. Pre-Cross Pattern (15min):
EMA Distance Changes (%): ['0.111', '0.055', '0.026', '0.000']
EMA12 Changes (%): ['-0.063', '-0.092', '-0.048', '-0.047']
Price Changes (%): ['-0.807', '-0.256', '0.194', '-0.039']
Candle Analysis:
    Body Sizes (%): ['0.907', '0.260', '0.229', '0.054']
    Upper Shadows (%): ['0.104', '0.070', '0.086', '0.256']
    Lower Shadows (%): ['0.092', '0.442', '0.276', '0.341']
Volumes: [np.float64(166573.0), np.float64(180891.0), np.float64(159598.0), np.float64(53754.0)]
2025-05-09 18:25:44,222 - INFO - 
2. Post-Cross Movement (30min):
5min Price Changes (%): ['-0.012']
Maximum Change: -0.012% after 5 minutes
Candle Analysis:
    Body Sizes (%): ['0.012']
    Upper Shadows (%): ['0.081']
    Lower Shadows (%): ['0.081']
Volumes: [np.float64(7649.0)]
==================================================
2025-05-09 18:30:12,876 - INFO - 
==================================================
EMA Cross Analysis - DOGS/USDT
Time: 2025-05-09 18:30:00+09:00
Type: dead
Cross Character (Current): Weak
Cross Character (New): Weak
Price at Cross: 0.0001889

1. Pre-Cross Pattern (15min):
EMA Distance Changes (%): ['0.239', '0.157', '0.060', '0.016']
EMA12 Changes (%): ['-0.053', '-0.126', '-0.163', '-0.138']
Price Changes (%): ['0.687', '-0.525', '-0.369', '0.000']
Candle Analysis:
    Body Sizes (%): ['0.687', '0.577', '0.317', '0.000']
    Upper Shadows (%): ['0.211', '0.210', '0.158', '0.106']
    Lower Shadows (%): ['0.370', '0.315', '1.161', '0.106']
Volumes: [np.float64(1274031630.0), np.float64(1240658806.0), np.float64(1393942380.0), np.float64(16362636.0)]
2025-05-09 18:30:12,876 - INFO - 
2. Post-Cross Movement (30min):
5min Price Changes (%): []
Maximum Change: 0.000% after 0 minutes
Candle Analysis:
    Body Sizes (%): []
    Upper Shadows (%): []
    Lower Shadows (%): []
Volumes: []
==================================================
2025-05-09 18:30:14,617 - INFO - 
==================================================
EMA Cross Analysis - BAKE/USDT
Time: 2025-05-09 18:25:00+09:00
Type: dead
Cross Character (Current): Strong
Cross Character (New): Weak
Price at Cross: 0.1372

1. Pre-Cross Pattern (15min):
EMA Distance Changes (%): ['0.258', '0.140', '0.005', '0.143']
EMA12 Changes (%): ['-0.224', '-0.190', '-0.238', '-0.279']
Price Changes (%): ['-0.144', '0.000', '-0.505', '-0.508']
Candle Analysis:
    Body Sizes (%): ['0.072', '0.072', '0.577', '0.580']
    Upper Shadows (%): ['0.288', '0.360', '0.216', '0.072']
    Lower Shadows (%): ['1.658', '0.793', '0.288', '0.725']
Volumes: [np.float64(1794689.0), np.float64(516512.0), np.float64(384973.0), np.float64(645292.0)]
2025-05-09 18:30:14,617 - INFO - 
2. Post-Cross Movement (30min):
5min Price Changes (%): ['0.000']
Maximum Change: 0.000% after 0 minutes
Candle Analysis:
    Body Sizes (%): ['0.000']
    Upper Shadows (%): ['0.073']
    Lower Shadows (%): ['0.073']
Volumes: [np.float64(6070.0)]
==================================================
2025-05-09 18:30:14,834 - INFO - 
==================================================
EMA Cross Analysis - FXS/USDT
Time: 2025-05-09 18:30:00+09:00
Type: dead
Cross Character (Current): Weak
Cross Character (New): Weak
Price at Cross: 2.3885

1. Pre-Cross Pattern (15min):
EMA Distance Changes (%): ['0.162', '0.085', '0.003', '0.069']
EMA12 Changes (%): ['-0.096', '-0.124', '-0.146', '-0.137']
Price Changes (%): ['0.334', '-0.279', '-0.267', '-0.088']
Candle Analysis:
    Body Sizes (%): ['0.305', '0.250', '0.267', '0.000']
    Upper Shadows (%): ['0.046', '0.154', '0.154', '0.013']
    Lower Shadows (%): ['0.371', '0.208', '0.363', '0.050']
Volumes: [np.float64(8027.5), np.float64(7610.3), np.float64(18122.9), np.float64(485.2)]
2025-05-09 18:30:14,834 - INFO - 
2. Post-Cross Movement (30min):
5min Price Changes (%): []
Maximum Change: 0.000% after 0 minutes
Candle Analysis:
    Body Sizes (%): []
    Upper Shadows (%): []
    Lower Shadows (%): []
Volumes: []
==================================================
2025-05-09 18:30:15,703 - INFO - 
==================================================
EMA Cross Analysis - POL/USDT
Time: 2025-05-09 18:30:00+09:00
Type: dead
Cross Character (Current): Strong
Cross Character (New): Weak
Price at Cross: 0.25192

1. Pre-Cross Pattern (15min):
EMA Distance Changes (%): ['0.267', '0.168', '0.032', '0.083']
EMA12 Changes (%): ['-0.097', '-0.153', '-0.238', '-0.213']
Price Changes (%): ['0.267', '-0.463', '-0.713', '-0.071']
Candle Analysis:
    Body Sizes (%): ['0.248', '0.466', '0.725', '0.063']
    Upper Shadows (%): ['0.004', '0.176', '0.047', '0.056']
    Lower Shadows (%): ['0.715', '0.255', '0.827', '0.020']
Volumes: [np.float64(912809.0), np.float64(656200.0), np.float64(1716868.0), np.float64(88258.0)]
2025-05-09 18:30:15,703 - INFO - 
2. Post-Cross Movement (30min):
5min Price Changes (%): []
Maximum Change: 0.000% after 0 minutes
Candle Analysis:
    Body Sizes (%): []
    Upper Shadows (%): []
    Lower Shadows (%): []
Volumes: []
==================================================
2025-05-09 18:30:18,428 - INFO - 
==================================================
EMA Cross Analysis - BNB/USDT
Time: 2025-05-09 18:30:00+09:00
Type: dead
Cross Character (Current): Weak
Cross Character (New): Weak
Price at Cross: 629.97

1. Pre-Cross Pattern (15min):
EMA Distance Changes (%): ['0.102', '0.067', '0.012', '0.031']
EMA12 Changes (%): ['-0.036', '-0.053', '-0.096', '-0.080']
Price Changes (%): ['0.089', '-0.152', '-0.332', '0.010']
Candle Analysis:
    Body Sizes (%): ['0.089', '0.152', '0.332', '0.010']
    Upper Shadows (%): ['0.041', '0.046', '0.068', '0.014']
    Lower Shadows (%): ['0.232', '0.095', '0.165', '0.024']
Volumes: [np.float64(4544.29), np.float64(3324.17), np.float64(9737.14), np.float64(132.22)]
2025-05-09 18:30:18,428 - INFO - 
2. Post-Cross Movement (30min):
5min Price Changes (%): []
Maximum Change: 0.000% after 0 minutes
Candle Analysis:
    Body Sizes (%): []
    Upper Shadows (%): []
    Lower Shadows (%): []
Volumes: []
==================================================
2025-05-09 18:30:18,647 - INFO - 
==================================================
EMA Cross Analysis - THETA/USDT
Time: 2025-05-09 18:25:00+09:00
Type: dead
Cross Character (Current): Weak
Cross Character (New): Weak
Price at Cross: 0.8609

1. Pre-Cross Pattern (15min):
EMA Distance Changes (%): ['0.149', '0.086', '0.032', '0.069']
EMA12 Changes (%): ['-0.204', '-0.098', '-0.091', '-0.189']
Price Changes (%): ['-0.392', '0.498', '-0.058', '-0.726']
Candle Analysis:
    Body Sizes (%): ['0.358', '0.533', '0.069', '0.726']
    Upper Shadows (%): ['0.300', '0.162', '0.230', '0.081']
    Lower Shadows (%): ['0.623', '0.637', '0.472', '0.623']
Volumes: [np.float64(488947.7), np.float64(214661.7), np.float64(165755.2), np.float64(265206.9)]
2025-05-09 18:30:18,648 - INFO - 
2. Post-Cross Movement (30min):
5min Price Changes (%): ['0.058']
Maximum Change: 0.058% after 5 minutes
Candle Analysis:
    Body Sizes (%): ['0.081']
    Upper Shadows (%): ['0.000']
    Lower Shadows (%): ['0.035']
Volumes: [np.float64(6499.7)]
==================================================
2025-05-09 18:30:19,516 - INFO - 
==================================================
EMA Cross Analysis - ADA/USDT
Time: 2025-05-09 18:25:00+09:00
Type: dead
Cross Character (Current): Strong
Cross Character (New): Weak
Price at Cross: 0.7783

1. Pre-Cross Pattern (15min):
EMA Distance Changes (%): ['0.295', '0.206', '0.110', '0.009']
EMA12 Changes (%): ['-0.207', '-0.127', '-0.156', '-0.212']
Price Changes (%): ['-0.559', '0.320', '-0.319', '-0.524']
Candle Analysis:
    Body Sizes (%): ['0.559', '0.307', '0.306', '0.524']
    Upper Shadows (%): ['0.280', '0.115', '0.229', '0.089']
    Lower Shadows (%): ['0.534', '0.843', '0.255', '0.550']
Volumes: [np.float64(13870205.0), np.float64(13474316.0), np.float64(4484807.0), np.float64(8859742.0)]
2025-05-09 18:30:19,516 - INFO - 
2. Post-Cross Movement (30min):
5min Price Changes (%): ['0.039']
Maximum Change: 0.039% after 5 minutes
Candle Analysis:
    Body Sizes (%): ['0.026']
    Upper Shadows (%): ['0.013']
    Lower Shadows (%): ['0.090']
Volumes: [np.float64(388298.0)]
==================================================
2025-05-09 18:30:19,733 - INFO - 
==================================================
EMA Cross Analysis - WLD/USDT
Time: 2025-05-09 18:25:00+09:00
Type: dead
Cross Character (Current): Strong
Cross Character (New): Weak
Price at Cross: 1.1113

1. Pre-Cross Pattern (15min):
EMA Distance Changes (%): ['0.224', '0.141', '0.048', '0.077']
EMA12 Changes (%): ['-0.235', '-0.126', '-0.158', '-0.231']
Price Changes (%): ['-0.481', '0.484', '-0.339', '-0.635']
Candle Analysis:
    Body Sizes (%): ['0.481', '0.466', '0.339', '0.644']
    Upper Shadows (%): ['0.294', '0.206', '0.214', '0.107']
    Lower Shadows (%): ['0.864', '0.859', '0.552', '0.751']
Volumes: [np.float64(2039543.0), np.float64(1096735.0), np.float64(748428.0), np.float64(1139567.0)]
2025-05-09 18:30:19,734 - INFO - 
2. Post-Cross Movement (30min):
5min Price Changes (%): ['0.045']
Maximum Change: 0.045% after 5 minutes
Candle Analysis:
    Body Sizes (%): ['0.054']
    Upper Shadows (%): ['0.018']
    Lower Shadows (%): ['0.099']
Volumes: [np.float64(31800.0)]
==================================================
2025-05-09 18:30:19,952 - INFO - 
==================================================
EMA Cross Analysis - RENDER/USDT
Time: 2025-05-09 18:30:00+09:00
Type: dead
Cross Character (Current): Weak
Cross Character (New): Weak
Price at Cross: 4.865

1. Pre-Cross Pattern (15min):
EMA Distance Changes (%): ['0.205', '0.161', '0.057', '0.023']
EMA12 Changes (%): ['-0.095', '-0.056', '-0.178', '-0.145']
Price Changes (%): ['0.369', '0.163', '-0.856', '0.041']
Candle Analysis:
    Body Sizes (%): ['0.328', '0.143', '0.876', '0.062']
    Upper Shadows (%): ['0.020', '0.102', '0.041', '0.000']
    Lower Shadows (%): ['0.799', '0.592', '0.408', '0.103']
Volumes: [np.float64(64195.9), np.float64(46205.1), np.float64(103421.3), np.float64(12802.3)]
2025-05-09 18:30:19,952 - INFO - 
2. Post-Cross Movement (30min):
5min Price Changes (%): []
Maximum Change: 0.000% after 0 minutes
Candle Analysis:
    Body Sizes (%): []
    Upper Shadows (%): []
    Lower Shadows (%): []
Volumes: []
==================================================
2025-05-09 18:30:20,604 - INFO - 
==================================================
EMA Cross Analysis - ATA/USDT
Time: 2025-05-09 18:25:00+09:00
Type: dead
Cross Character (Current): Weak
Cross Character (New): Weak
Price at Cross: 0.059

1. Pre-Cross Pattern (15min):
EMA Distance Changes (%): ['0.163', '0.114', '0.074', '0.025']
EMA12 Changes (%): ['-0.144', '-0.070', '-0.060', '-0.179']
Price Changes (%): ['-0.168', '0.337', '0.000', '-0.840']
Candle Analysis:
    Body Sizes (%): ['0.336', '0.168', '0.168', '0.840']
    Upper Shadows (%): ['0.168', '0.168', '0.168', '0.168']
    Lower Shadows (%): ['0.672', '0.673', '0.503', '0.672']
Volumes: [np.float64(635217.0), np.float64(391648.0), np.float64(263534.0), np.float64(394547.0)]
2025-05-09 18:30:20,604 - INFO - 
2. Post-Cross Movement (30min):
5min Price Changes (%): ['0.169']
Maximum Change: 0.169% after 5 minutes
Candle Analysis:
    Body Sizes (%): ['0.340']
    Upper Shadows (%): ['0.000']
    Lower Shadows (%): ['0.000']
Volumes: [np.float64(15667.0)]
==================================================
2025-05-09 18:30:22,534 - INFO - 
==================================================
EMA Cross Analysis - ONDOUSDT
Time: 2025-05-09 18:25:00+09:00
Type: dead
Cross Character (Current): Strong
Cross Character (New): Weak
Price at Cross: 1.0039

1. Pre-Cross Pattern (15min):
EMA Distance Changes (%): ['0.310', '0.206', '0.109', '0.034']
EMA12 Changes (%): ['-0.213', '-0.154', '-0.156', '-0.259']
Price Changes (%): ['-0.374', '0.178', '-0.168', '-0.830']
Candle Analysis:
    Body Sizes (%): ['0.384', '0.168', '0.168', '0.820']
    Upper Shadows (%): ['0.443', '0.119', '0.256', '0.079']
    Lower Shadows (%): ['1.004', '0.780', '0.404', '0.533']
Volumes: [np.float64(4314256.0), np.float64(2197845.0), np.float64(1162181.5), np.float64(2711311.0)]
2025-05-09 18:30:22,534 - INFO - 
2. Post-Cross Movement (30min):
5min Price Changes (%): ['-0.060']
Maximum Change: -0.060% after 5 minutes
Candle Analysis:
    Body Sizes (%): ['0.050']
    Upper Shadows (%): ['0.080']
    Lower Shadows (%): ['0.030']
Volumes: [np.float64(98762.8)]
==================================================
2025-05-09 18:35:59,386 - INFO - 
==================================================
EMA Cross Analysis - DOGS/USDT
Time: 2025-05-09 18:30:00+09:00
Type: dead
Cross Character (Current): Strong
Cross Character (New): Weak
Price at Cross: 0.0001878

1. Pre-Cross Pattern (15min):
EMA Distance Changes (%): ['0.239', '0.157', '0.060', '0.063']
EMA12 Changes (%): ['-0.053', '-0.126', '-0.163', '-0.227']
Price Changes (%): ['0.687', '-0.525', '-0.369', '-0.582']
Candle Analysis:
    Body Sizes (%): ['0.687', '0.577', '0.317', '0.582']
    Upper Shadows (%): ['0.211', '0.210', '0.158', '0.424']
    Lower Shadows (%): ['0.370', '0.315', '1.161', '0.106']
Volumes: [np.float64(1274031630.0), np.float64(1240658806.0), np.float64(1393942380.0), np.float64(1326487290.0)]
2025-05-09 18:35:59,387 - INFO - 
2. Post-Cross Movement (30min):
5min Price Changes (%): ['-0.319']
Maximum Change: -0.319% after 5 minutes
Candle Analysis:
    Body Sizes (%): ['0.319']
    Upper Shadows (%): ['0.053']
    Lower Shadows (%): ['0.319']
Volumes: [np.float64(247061645.0)]
==================================================
2025-05-09 18:36:01,348 - INFO - 
==================================================
EMA Cross Analysis - FXS/USDT
Time: 2025-05-09 18:30:00+09:00
Type: dead
Cross Character (Current): Weak
Cross Character (New): Weak
Price at Cross: 2.3989

1. Pre-Cross Pattern (15min):
EMA Distance Changes (%): ['0.162', '0.085', '0.003', '0.034']
EMA12 Changes (%): ['-0.096', '-0.124', '-0.146', '-0.071']
Price Changes (%): ['0.334', '-0.279', '-0.267', '0.347']
Candle Analysis:
    Body Sizes (%): ['0.305', '0.250', '0.267', '0.435']
    Upper Shadows (%): ['0.046', '0.154', '0.154', '0.197']
    Lower Shadows (%): ['0.371', '0.208', '0.363', '0.050']
Volumes: [np.float64(8027.5), np.float64(7610.3), np.float64(18122.9), np.float64(9409.6)]
2025-05-09 18:36:01,348 - INFO - 
2. Post-Cross Movement (30min):
5min Price Changes (%): ['0.088']
Maximum Change: 0.088% after 5 minutes
Candle Analysis:
    Body Sizes (%): ['0.108']
    Upper Shadows (%): ['0.004']
    Lower Shadows (%): ['0.121']
Volumes: [np.float64(1678.5)]
==================================================
2025-05-09 18:36:02,215 - INFO - 
==================================================
EMA Cross Analysis - POL/USDT
Time: 2025-05-09 18:30:00+09:00
Type: dead
Cross Character (Current): Strong
Cross Character (New): Weak
Price at Cross: 0.25387

1. Pre-Cross Pattern (15min):
EMA Distance Changes (%): ['0.267', '0.168', '0.032', '0.021']
EMA12 Changes (%): ['-0.097', '-0.153', '-0.238', '-0.095']
Price Changes (%): ['0.267', '-0.463', '-0.713', '0.702']
Candle Analysis:
    Body Sizes (%): ['0.248', '0.466', '0.725', '0.710']
    Upper Shadows (%): ['0.004', '0.176', '0.047', '0.040']
    Lower Shadows (%): ['0.715', '0.255', '0.827', '0.087']
Volumes: [np.float64(912809.0), np.float64(656200.0), np.float64(1716868.0), np.float64(690968.0)]
2025-05-09 18:36:02,215 - INFO - 
2. Post-Cross Movement (30min):
5min Price Changes (%): ['-0.114']
Maximum Change: -0.114% after 5 minutes
Candle Analysis:
    Body Sizes (%): ['0.114']
    Upper Shadows (%): ['0.000']
    Lower Shadows (%): ['0.169']
Volumes: [np.float64(87159.0)]
==================================================
2025-05-09 18:36:02,874 - INFO - 
==================================================
EMA Cross Analysis - PHA/USDT
Time: 2025-05-09 18:35:00+09:00
Type: dead
Cross Character (Current): Weak
Cross Character (New): Weak
Price at Cross: 0.13251

1. Pre-Cross Pattern (15min):
EMA Distance Changes (%): ['0.307', '0.203', '0.081', '0.025']
EMA12 Changes (%): ['0.054', '-0.163', '-0.205', '-0.191']
Price Changes (%): ['-0.398', '-1.347', '-0.443', '-0.113']
Candle Analysis:
    Body Sizes (%): ['0.384', '1.340', '0.532', '0.106']
    Upper Shadows (%): ['0.494', '0.022', '0.352', '0.045']
    Lower Shadows (%): ['0.000', '0.415', '0.007', '0.090']
Volumes: [np.float64(855102.0), np.float64(644612.0), np.float64(403875.0), np.float64(209117.0)]
2025-05-09 18:36:02,874 - INFO - 
2. Post-Cross Movement (30min):
5min Price Changes (%): []
Maximum Change: 0.000% after 0 minutes
Candle Analysis:
    Body Sizes (%): []
    Upper Shadows (%): []
    Lower Shadows (%): []
Volumes: []
==================================================
2025-05-09 18:36:04,926 - INFO - 
==================================================
EMA Cross Analysis - BNB/USDT
Time: 2025-05-09 18:30:00+09:00
Type: dead
Cross Character (Current): Weak
Cross Character (New): Weak
Price at Cross: 631.1

1. Pre-Cross Pattern (15min):
EMA Distance Changes (%): ['0.102', '0.067', '0.012', '0.016']
EMA12 Changes (%): ['-0.036', '-0.053', '-0.096', '-0.053']
Price Changes (%): ['0.089', '-0.152', '-0.332', '0.189']
Candle Analysis:
    Body Sizes (%): ['0.089', '0.152', '0.332', '0.189']
    Upper Shadows (%): ['0.041', '0.046', '0.068', '0.040']
    Lower Shadows (%): ['0.232', '0.095', '0.165', '0.116']
Volumes: [np.float64(4544.29), np.float64(3324.17), np.float64(9737.14), np.float64(9193.25)]
2025-05-09 18:36:04,926 - INFO - 
2. Post-Cross Movement (30min):
5min Price Changes (%): ['-0.008']
Maximum Change: -0.008% after 5 minutes
Candle Analysis:
    Body Sizes (%): ['0.008']
    Upper Shadows (%): ['0.025']
    Lower Shadows (%): ['0.065']
Volumes: [np.float64(1074.65)]
==================================================
2025-05-09 18:36:06,450 - INFO - 
==================================================
EMA Cross Analysis - RENDER/USDT
Time: 2025-05-09 18:35:00+09:00
Type: dead
Cross Character (Current): Weak
Cross Character (New): Weak
Price at Cross: 4.89

1. Pre-Cross Pattern (15min):
EMA Distance Changes (%): ['0.161', '0.057', '0.034', '0.001']
EMA12 Changes (%): ['-0.056', '-0.178', '-0.035', '-0.061']
Price Changes (%): ['0.163', '-0.856', '0.761', '-0.204']
Candle Analysis:
    Body Sizes (%): ['0.143', '0.876', '0.782', '0.204']
    Upper Shadows (%): ['0.102', '0.041', '0.288', '0.000']
    Lower Shadows (%): ['0.592', '0.408', '0.103', '0.184']
Volumes: [np.float64(46205.1), np.float64(103421.3), np.float64(93124.9), np.float64(13265.0)]
2025-05-09 18:36:06,450 - INFO - 
2. Post-Cross Movement (30min):
5min Price Changes (%): []
Maximum Change: 0.000% after 0 minutes
Candle Analysis:
    Body Sizes (%): []
    Upper Shadows (%): []
    Lower Shadows (%): []
Volumes: []
==================================================
2025-05-09 18:36:06,670 - INFO - 
==================================================
EMA Cross Analysis - PENGU/USDT
Time: 2025-05-09 18:35:00+09:00
Type: golden
Cross Character (Current): Weak
Cross Character (New): Weak
Price at Cross: 0.015293

1. Pre-Cross Pattern (15min):
EMA Distance Changes (%): ['0.006', '0.068', '0.013', '0.084']
EMA12 Changes (%): ['-0.018', '-0.119', '0.095', '0.187']
Price Changes (%): ['0.546', '-0.676', '1.280', '0.691']
Candle Analysis:
    Body Sizes (%): ['0.573', '0.636', '1.321', '0.691']
    Upper Shadows (%): ['0.047', '0.364', '1.368', '0.026']
    Lower Shadows (%): ['1.033', '1.007', '0.100', '0.211']
Volumes: [np.float64(188885329.0), np.float64(204395071.0), np.float64(208276739.0), np.float64(39152539.0)]
2025-05-09 18:36:06,670 - INFO - 
2. Post-Cross Movement (30min):
5min Price Changes (%): []
Maximum Change: 0.000% after 0 minutes
Candle Analysis:
    Body Sizes (%): []
    Upper Shadows (%): []
    Lower Shadows (%): []
Volumes: []
==================================================
2025-05-09 18:36:09,474 - INFO - 
==================================================
EMA Cross Analysis - BRETT/USDT
Time: 2025-05-09 18:35:00+09:00
Type: dead
Cross Character (Current): Strong
Cross Character (New): Strong
Price at Cross: 0.08002

1. Pre-Cross Pattern (15min):
EMA Distance Changes (%): ['0.418', '0.200', '0.065', '0.048']
EMA12 Changes (%): ['-0.421', '-0.352', '-0.227', '-0.206']
Price Changes (%): ['-1.459', '0.038', '0.477', '-0.087']
Candle Analysis:
    Body Sizes (%): ['1.471', '0.050', '0.527', '0.100']
    Upper Shadows (%): ['0.284', '0.251', '0.979', '0.037']
    Lower Shadows (%): ['0.346', '1.029', '0.088', '0.387']
Volumes: [np.float64(2741719.0), np.float64(3167666.0), np.float64(2308328.0), np.float64(363066.0)]
2025-05-09 18:36:09,474 - INFO - 
2. Post-Cross Movement (30min):
5min Price Changes (%): []
Maximum Change: 0.000% after 0 minutes
Candle Analysis:
    Body Sizes (%): []
    Upper Shadows (%): []
    Lower Shadows (%): []
Volumes: []
==================================================
2025-05-09 18:40:37,314 - INFO - 
==================================================
EMA Cross Analysis - BAN/USDT
Time: 2025-05-09 18:40:00+09:00
Type: dead
Cross Character (Current): Strong
Cross Character (New): Weak
Price at Cross: 0.06671

1. Pre-Cross Pattern (15min):
EMA Distance Changes (%): ['0.333', '0.201', '0.063', '0.041']
EMA12 Changes (%): ['-0.183', '-0.205', '-0.236', '-0.188']
Price Changes (%): ['-1.727', '-0.328', '-0.403', '0.075']
Candle Analysis:
    Body Sizes (%): ['1.713', '0.283', '0.389', '0.090']
    Upper Shadows (%): ['0.000', '0.089', '0.389', '0.120']
    Lower Shadows (%): ['0.410', '0.060', '0.553', '0.165']
Volumes: [np.float64(1680938.0), np.float64(532204.0), np.float64(895006.0), np.float64(112762.0)]
2025-05-09 18:40:37,314 - INFO - 
2. Post-Cross Movement (30min):
5min Price Changes (%): []
Maximum Change: 0.000% after 0 minutes
Candle Analysis:
    Body Sizes (%): []
    Upper Shadows (%): []
    Lower Shadows (%): []
Volumes: []
==================================================
2025-05-09 18:40:40,587 - INFO - 
==================================================
EMA Cross Analysis - PHA/USDT
Time: 2025-05-09 18:35:00+09:00
Type: dead
Cross Character (Current): Weak
Cross Character (New): Weak
Price at Cross: 0.13142

1. Pre-Cross Pattern (15min):
EMA Distance Changes (%): ['0.307', '0.203', '0.081', '0.092']
EMA12 Changes (%): ['0.054', '-0.163', '-0.205', '-0.316']
Price Changes (%): ['-0.398', '-1.347', '-0.443', '-0.935']
Candle Analysis:
    Body Sizes (%): ['0.384', '1.340', '0.532', '0.927']
    Upper Shadows (%): ['0.494', '0.022', '0.352', '0.045']
    Lower Shadows (%): ['0.000', '0.415', '0.007', '0.008']
Volumes: [np.float64(855102.0), np.float64(644612.0), np.float64(403875.0), np.float64(994263.0)]
2025-05-09 18:40:40,588 - INFO - 
2. Post-Cross Movement (30min):
5min Price Changes (%): ['0.510']
Maximum Change: 0.510% after 5 minutes
Candle Analysis:
    Body Sizes (%): ['0.517']
    Upper Shadows (%): ['0.198']
    Lower Shadows (%): ['0.312']
Volumes: [np.float64(379097.0)]
==================================================
2025-05-09 18:40:44,174 - INFO - 
==================================================
EMA Cross Analysis - RENDER/USDT
Time: 2025-05-09 18:40:00+09:00
Type: dead
Cross Character (Current): Weak
Cross Character (New): Weak
Price at Cross: 4.89

1. Pre-Cross Pattern (15min):
EMA Distance Changes (%): ['0.057', '0.034', '0.024', '0.009']
EMA12 Changes (%): ['-0.178', '-0.035', '-0.014', '-0.059']
Price Changes (%): ['-0.856', '0.761', '0.102', '-0.306']
Candle Analysis:
    Body Sizes (%): ['0.876', '0.782', '0.102', '0.306']
    Upper Shadows (%): ['0.041', '0.288', '0.041', '0.061']
    Lower Shadows (%): ['0.408', '0.103', '0.612', '0.020']
Volumes: [np.float64(103421.3), np.float64(93124.9), np.float64(64631.3), np.float64(11624.9)]
2025-05-09 18:40:44,174 - INFO - 
2. Post-Cross Movement (30min):
5min Price Changes (%): []
Maximum Change: 0.000% after 0 minutes
Candle Analysis:
    Body Sizes (%): []
    Upper Shadows (%): []
    Lower Shadows (%): []
Volumes: []
==================================================
2025-05-09 18:40:44,388 - INFO - 
==================================================
EMA Cross Analysis - PENGU/USDT
Time: 2025-05-09 18:35:00+09:00
Type: golden
Cross Character (Current): Weak
Cross Character (New): Weak
Price at Cross: 0.015289

1. Pre-Cross Pattern (15min):
EMA Distance Changes (%): ['0.006', '0.068', '0.013', '0.082']
EMA12 Changes (%): ['-0.018', '-0.119', '0.095', '0.183']
Price Changes (%): ['0.546', '-0.676', '1.280', '0.665']
Candle Analysis:
    Body Sizes (%): ['0.573', '0.636', '1.321', '0.665']
    Upper Shadows (%): ['0.047', '0.364', '1.368', '1.521']
    Lower Shadows (%): ['1.033', '1.007', '0.100', '0.211']
Volumes: [np.float64(188885329.0), np.float64(204395071.0), np.float64(208276739.0), np.float64(211469114.0)]
2025-05-09 18:40:44,388 - INFO - 
2. Post-Cross Movement (30min):
5min Price Changes (%): ['-0.092']
Maximum Change: -0.092% after 5 minutes
Candle Analysis:
    Body Sizes (%): ['0.078']
    Upper Shadows (%): ['0.092']
    Lower Shadows (%): ['0.334']
Volumes: [np.float64(17258719.0)]
==================================================
2025-05-09 18:40:47,172 - INFO - 
==================================================
EMA Cross Analysis - BRETT/USDT
Time: 2025-05-09 18:35:00+09:00
Type: dead
Cross Character (Current): Strong
Cross Character (New): Strong
Price at Cross: 0.08043

1. Pre-Cross Pattern (15min):
EMA Distance Changes (%): ['0.418', '0.200', '0.065', '0.007']
EMA12 Changes (%): ['-0.421', '-0.352', '-0.227', '-0.128']
Price Changes (%): ['-1.459', '0.038', '0.477', '0.425']
Candle Analysis:
    Body Sizes (%): ['1.471', '0.050', '0.527', '0.412']
    Upper Shadows (%): ['0.284', '0.251', '0.979', '0.212']
    Lower Shadows (%): ['0.346', '1.029', '0.088', '0.811']
Volumes: [np.float64(2741719.0), np.float64(3167666.0), np.float64(2308328.0), np.float64(1494182.0)]
2025-05-09 18:40:47,173 - INFO - 
2. Post-Cross Movement (30min):
5min Price Changes (%): ['0.037']
Maximum Change: 0.037% after 5 minutes
Candle Analysis:
    Body Sizes (%): ['0.025']
    Upper Shadows (%): ['0.174']
    Lower Shadows (%): ['0.211']
Volumes: [np.float64(262004.0)]
==================================================
2025-05-09 18:45:15,135 - INFO - 
==================================================
EMA Cross Analysis - BAN/USDT
Time: 2025-05-09 18:40:00+09:00
Type: dead
Cross Character (Current): Strong
Cross Character (New): Weak
Price at Cross: 0.06677

1. Pre-Cross Pattern (15min):
EMA Distance Changes (%): ['0.333', '0.201', '0.063', '0.033']
EMA12 Changes (%): ['-0.183', '-0.205', '-0.236', '-0.175']
Price Changes (%): ['-1.727', '-0.328', '-0.403', '0.165']
Candle Analysis:
    Body Sizes (%): ['1.713', '0.283', '0.389', '0.180']
    Upper Shadows (%): ['0.000', '0.089', '0.389', '0.315']
    Lower Shadows (%): ['0.410', '0.060', '0.553', '0.165']
Volumes: [np.float64(1680938.0), np.float64(532204.0), np.float64(895006.0), np.float64(342934.0)]
2025-05-09 18:45:15,136 - INFO - 
2. Post-Cross Movement (30min):
5min Price Changes (%): ['-0.195']
Maximum Change: -0.195% after 5 minutes
Candle Analysis:
    Body Sizes (%): ['0.180']
    Upper Shadows (%): ['0.000']
    Lower Shadows (%): ['0.000']
Volumes: [np.float64(9640.0)]
==================================================
2025-05-09 18:45:17,666 - INFO - 
==================================================
EMA Cross Analysis - LINK/USDT
Time: 2025-05-09 18:45:00+09:00
Type: dead
Cross Character (Current): Weak
Cross Character (New): Weak
Price at Cross: 16.05

1. Pre-Cross Pattern (15min):
EMA Distance Changes (%): ['0.100', '0.066', '0.014', '0.026']
EMA12 Changes (%): ['-0.099', '-0.052', '-0.090', '-0.075']
Price Changes (%): ['0.873', '0.212', '-0.298', '0.006']
Candle Analysis:
    Body Sizes (%): ['0.873', '0.199', '0.304', '0.000']
    Upper Shadows (%): ['0.038', '0.012', '0.062', '0.050']
    Lower Shadows (%): ['0.088', '0.529', '0.168', '0.025']
Volumes: [np.float64(238617.7), np.float64(97376.34), np.float64(80774.64), np.float64(5361.73)]
2025-05-09 18:45:17,666 - INFO - 
2. Post-Cross Movement (30min):
5min Price Changes (%): []
Maximum Change: 0.000% after 0 minutes
Candle Analysis:
    Body Sizes (%): []
    Upper Shadows (%): []
    Lower Shadows (%): []
Volumes: []
==================================================
2025-05-09 18:45:22,454 - INFO - 
==================================================
EMA Cross Analysis - RENDER/USDT
Time: 2025-05-09 18:40:00+09:00
Type: dead
Cross Character (Current): Weak
Cross Character (New): Weak
Price at Cross: 4.873

1. Pre-Cross Pattern (15min):
EMA Distance Changes (%): ['0.057', '0.034', '0.024', '0.037']
EMA12 Changes (%): ['-0.178', '-0.035', '-0.014', '-0.112']
Price Changes (%): ['-0.856', '0.761', '0.102', '-0.652']
Candle Analysis:
    Body Sizes (%): ['0.876', '0.782', '0.102', '0.652']
    Upper Shadows (%): ['0.041', '0.288', '0.041', '0.061']
    Lower Shadows (%): ['0.408', '0.103', '0.612', '0.204']
Volumes: [np.float64(103421.3), np.float64(93124.9), np.float64(64631.3), np.float64(62381.2)]
2025-05-09 18:45:22,454 - INFO - 
2. Post-Cross Movement (30min):
5min Price Changes (%): ['0.000']
Maximum Change: 0.000% after 0 minutes
Candle Analysis:
    Body Sizes (%): ['0.041']
    Upper Shadows (%): ['0.062']
    Lower Shadows (%): ['0.041']
Volumes: [np.float64(1988.4)]
==================================================
2025-05-09 18:51:03,796 - INFO - 
==================================================
EMA Cross Analysis - NEAR/USDT
Time: 2025-05-09 18:45:00+09:00
Type: dead
Cross Character (Current): Weak
Cross Character (New): Weak
Price at Cross: 2.864

1. Pre-Cross Pattern (15min):
EMA Distance Changes (%): ['0.112', '0.087', '0.039', '0.021']
EMA12 Changes (%): ['-0.062', '-0.031', '-0.080', '-0.110']
Price Changes (%): ['0.770', '0.139', '-0.347', '-0.279']
Candle Analysis:
    Body Sizes (%): ['0.806', '0.174', '0.312', '0.313']
    Upper Shadows (%): ['0.035', '0.104', '0.139', '0.418']
    Lower Shadows (%): ['0.070', '0.313', '0.139', '0.035']
Volumes: [np.float64(317151.0), np.float64(316202.0), np.float64(186662.0), np.float64(219076.0)]
2025-05-09 18:51:03,796 - INFO - 
2. Post-Cross Movement (30min):
5min Price Changes (%): ['-0.105']
Maximum Change: -0.105% after 5 minutes
Candle Analysis:
    Body Sizes (%): ['0.070']
    Upper Shadows (%): ['0.035']
    Lower Shadows (%): ['0.140']
Volumes: [np.float64(67846.0)]
==================================================
2025-05-09 18:51:05,121 - INFO - 
==================================================
EMA Cross Analysis - LINK/USDT
Time: 2025-05-09 18:45:00+09:00
Type: dead
Cross Character (Current): Weak
Cross Character (New): Weak
Price at Cross: 16.023

1. Pre-Cross Pattern (15min):
EMA Distance Changes (%): ['0.100', '0.066', '0.014', '0.039']
EMA12 Changes (%): ['-0.099', '-0.052', '-0.090', '-0.101']
Price Changes (%): ['0.873', '0.212', '-0.298', '-0.162']
Candle Analysis:
    Body Sizes (%): ['0.873', '0.199', '0.304', '0.168']
    Upper Shadows (%): ['0.038', '0.012', '0.062', '0.305']
    Lower Shadows (%): ['0.088', '0.529', '0.168', '0.044']
Volumes: [np.float64(238617.7), np.float64(97376.34), np.float64(80774.64), np.float64(73343.86)]
2025-05-09 18:51:05,121 - INFO - 
2. Post-Cross Movement (30min):
5min Price Changes (%): ['-0.243']
Maximum Change: -0.243% after 5 minutes
Candle Analysis:
    Body Sizes (%): ['0.250']
    Upper Shadows (%): ['0.000']
    Lower Shadows (%): ['0.031']
Volumes: [np.float64(34104.04)]
==================================================
2025-05-09 18:51:06,929 - INFO - 
==================================================
EMA Cross Analysis - GALA/USDT
Time: 2025-05-09 18:45:00+09:00
Type: dead
Cross Character (Current): Weak
Cross Character (New): Weak
Price at Cross: 0.0188

1. Pre-Cross Pattern (15min):
EMA Distance Changes (%): ['0.073', '0.070', '0.029', '0.020']
EMA12 Changes (%): ['-0.051', '0.005', '-0.069', '-0.091']
Price Changes (%): ['0.426', '0.318', '-0.475', '-0.212']
Candle Analysis:
    Body Sizes (%): ['0.426', '0.371', '0.475', '0.265']
    Upper Shadows (%): ['0.319', '0.053', '0.158', '0.318']
    Lower Shadows (%): ['0.106', '0.424', '0.211', '0.000']
Volumes: [np.float64(30124448.0), np.float64(20189680.0), np.float64(18407971.0), np.float64(16527137.0)]
2025-05-09 18:51:06,929 - INFO - 
2. Post-Cross Movement (30min):
5min Price Changes (%): ['-0.160']
Maximum Change: -0.160% after 5 minutes
Candle Analysis:
    Body Sizes (%): ['0.160']
    Upper Shadows (%): ['0.106']
    Lower Shadows (%): ['0.106']
Volumes: [np.float64(3262974.0)]
==================================================
2025-05-09 18:51:12,120 - INFO - 
==================================================
EMA Cross Analysis - ZEN/USDT
Time: 2025-05-09 18:50:00+09:00
Type: dead
Cross Character (Current): Weak
Cross Character (New): Weak
Price at Cross: 9.94

1. Pre-Cross Pattern (15min):
EMA Distance Changes (%): ['0.224', '0.132', '0.049', '0.048']
EMA12 Changes (%): ['-0.099', '-0.145', '-0.141', '-0.177']
Price Changes (%): ['0.020', '-0.399', '-0.120', '-0.381']
Candle Analysis:
    Body Sizes (%): ['0.070', '0.439', '0.130', '0.401']
    Upper Shadows (%): ['0.130', '0.140', '0.540', '0.010']
    Lower Shadows (%): ['0.479', '0.189', '0.030', '0.050']
Volumes: [np.float64(8679.5), np.float64(7424.8), np.float64(4731.8), np.float64(6022.8)]
2025-05-09 18:51:12,120 - INFO - 
2. Post-Cross Movement (30min):
5min Price Changes (%): []
Maximum Change: 0.000% after 0 minutes
Candle Analysis:
    Body Sizes (%): []
    Upper Shadows (%): []
    Lower Shadows (%): []
Volumes: []
==================================================
2025-05-09 18:55:45,861 - INFO - 
==================================================
EMA Cross Analysis - DOT/USDT
Time: 2025-05-09 18:55:00+09:00
Type: dead
Cross Character (Current): Weak
Cross Character (New): Weak
Price at Cross: 4.581

1. Pre-Cross Pattern (15min):
EMA Distance Changes (%): ['0.097', '0.057', '0.002', '0.032']
EMA12 Changes (%): ['-0.055', '-0.063', '-0.097', '-0.065']
Price Changes (%): ['-0.412', '-0.109', '-0.283', '0.109']
Candle Analysis:
    Body Sizes (%): ['0.433', '0.131', '0.283', '0.087']
    Upper Shadows (%): ['0.065', '0.348', '0.000', '0.022']
    Lower Shadows (%): ['0.217', '0.109', '0.305', '0.044']
Volumes: [np.float64(150462.3), np.float64(143117.4), np.float64(246788.3), np.float64(8409.2)]
2025-05-09 18:55:45,861 - INFO - 
2. Post-Cross Movement (30min):
5min Price Changes (%): []
Maximum Change: 0.000% after 0 minutes
Candle Analysis:
    Body Sizes (%): []
    Upper Shadows (%): []
    Lower Shadows (%): []
Volumes: []
==================================================
2025-05-09 18:55:50,231 - INFO - 
==================================================
EMA Cross Analysis - ZEN/USDT
Time: 2025-05-09 18:50:00+09:00
Type: dead
Cross Character (Current): Weak
Cross Character (New): Weak
Price at Cross: 9.936

1. Pre-Cross Pattern (15min):
EMA Distance Changes (%): ['0.224', '0.132', '0.049', '0.051']
EMA12 Changes (%): ['-0.099', '-0.145', '-0.141', '-0.184']
Price Changes (%): ['0.020', '-0.399', '-0.120', '-0.421']
Candle Analysis:
    Body Sizes (%): ['0.070', '0.439', '0.130', '0.441']
    Upper Shadows (%): ['0.130', '0.140', '0.540', '0.010']
    Lower Shadows (%): ['0.479', '0.189', '0.030', '0.792']
Volumes: [np.float64(8679.5), np.float64(7424.8), np.float64(4731.8), np.float64(18890.1)]
2025-05-09 18:55:50,231 - INFO - 
2. Post-Cross Movement (30min):
5min Price Changes (%): ['0.362']
Maximum Change: 0.362% after 5 minutes
Candle Analysis:
    Body Sizes (%): ['0.332']
    Upper Shadows (%): ['0.010']
    Lower Shadows (%): ['0.000']
Volumes: [np.float64(595.4)]
==================================================
2025-05-09 19:00:23,961 - INFO - 
==================================================
EMA Cross Analysis - DOT/USDT
Time: 2025-05-09 18:55:00+09:00
Type: dead
Cross Character (Current): Weak
Cross Character (New): Weak
Price at Cross: 4.591

1. Pre-Cross Pattern (15min):
EMA Distance Changes (%): ['0.097', '0.057', '0.002', '0.014']
EMA12 Changes (%): ['-0.055', '-0.063', '-0.097', '-0.032']
Price Changes (%): ['-0.412', '-0.109', '-0.283', '0.328']
Candle Analysis:
    Body Sizes (%): ['0.433', '0.131', '0.283', '0.306']
    Upper Shadows (%): ['0.065', '0.348', '0.000', '0.109']
    Lower Shadows (%): ['0.217', '0.109', '0.305', '0.044']
Volumes: [np.float64(150462.3), np.float64(143117.4), np.float64(246788.3), np.float64(106663.6)]
2025-05-09 19:00:23,961 - INFO - 
2. Post-Cross Movement (30min):
5min Price Changes (%): ['0.000']
Maximum Change: 0.000% after 0 minutes
Candle Analysis:
    Body Sizes (%): ['0.000']
    Upper Shadows (%): ['0.022']
    Lower Shadows (%): ['0.044']
Volumes: [np.float64(28465.3)]
==================================================
2025-05-09 19:06:14,186 - INFO - 
==================================================
EMA Cross Analysis - ATA/USDT
Time: 2025-05-09 19:05:00+09:00
Type: golden
Cross Character (Current): Weak
Cross Character (New): Weak
Price at Cross: 0.06

1. Pre-Cross Pattern (15min):
EMA Distance Changes (%): ['0.164', '0.110', '0.054', '0.018']
EMA12 Changes (%): ['-0.029', '0.079', '0.093', '0.130']
Price Changes (%): ['0.338', '0.675', '0.168', '0.334']
Candle Analysis:
    Body Sizes (%): ['0.338', '0.845', '0.168', '0.503']
    Upper Shadows (%): ['0.000', '0.338', '0.168', '0.000']
    Lower Shadows (%): ['0.508', '0.000', '0.335', '0.168']
Volumes: [np.float64(322069.0), np.float64(289642.0), np.float64(330354.0), np.float64(99771.0)]
2025-05-09 19:06:14,186 - INFO - 
2. Post-Cross Movement (30min):
5min Price Changes (%): []
Maximum Change: 0.000% after 0 minutes
Candle Analysis:
    Body Sizes (%): []
    Upper Shadows (%): []
    Lower Shadows (%): []
Volumes: []
==================================================
2025-05-09 19:10:44,053 - INFO - 
==================================================
EMA Cross Analysis - BAN/USDT
Time: 2025-05-09 19:10:00+09:00
Type: golden
Cross Character (Current): Weak
Cross Character (New): Weak
Price at Cross: 0.06758

1. Pre-Cross Pattern (15min):
EMA Distance Changes (%): ['0.076', '0.042', '0.012', '0.007']
EMA12 Changes (%): ['-0.038', '0.055', '0.051', '0.036']
Price Changes (%): ['-0.059', '0.565', '0.030', '-0.044']
Candle Analysis:
    Body Sizes (%): ['0.059', '0.580', '0.044', '0.044']
    Upper Shadows (%): ['0.223', '0.253', '0.059', '0.163']
    Lower Shadows (%): ['0.387', '0.104', '0.370', '0.030']
Volumes: [np.float64(403540.0), np.float64(337187.0), np.float64(350813.0), np.float64(70217.0)]
2025-05-09 19:10:44,053 - INFO - 
2. Post-Cross Movement (30min):
5min Price Changes (%): []
Maximum Change: 0.000% after 0 minutes
Candle Analysis:
    Body Sizes (%): []
    Upper Shadows (%): []
    Lower Shadows (%): []
Volumes: []
==================================================
2025-05-09 19:10:48,249 - INFO - 
==================================================
EMA Cross Analysis - GALA/USDT
Time: 2025-05-09 19:05:00+09:00
Type: golden
Cross Character (Current): Weak
Cross Character (New): Weak
Price at Cross: 0.01898

1. Pre-Cross Pattern (15min):
EMA Distance Changes (%): ['0.063', '0.045', '0.034', '0.008']
EMA12 Changes (%): ['-0.085', '0.026', '0.014', '0.077']
Price Changes (%): ['-0.053', '0.639', '-0.053', '0.423']
Candle Analysis:
    Body Sizes (%): ['0.053', '0.639', '0.106', '0.370']
    Upper Shadows (%): ['0.106', '0.053', '0.211', '0.264']
    Lower Shadows (%): ['0.426', '0.000', '0.370', '0.159']
Volumes: [np.float64(15616212.0), np.float64(14132382.0), np.float64(17994828.0), np.float64(23333052.0)]
2025-05-09 19:10:48,250 - INFO - 
2. Post-Cross Movement (30min):
5min Price Changes (%): ['0.211']
Maximum Change: 0.211% after 5 minutes
Candle Analysis:
    Body Sizes (%): ['0.158']
    Upper Shadows (%): ['0.053']
    Lower Shadows (%): ['0.053']
Volumes: [np.float64(3045330.0)]
==================================================
2025-05-09 19:10:51,653 - INFO - 
==================================================
EMA Cross Analysis - ATA/USDT
Time: 2025-05-09 19:05:00+09:00
Type: golden
Cross Character (Current): Weak
Cross Character (New): Weak
Price at Cross: 0.06

1. Pre-Cross Pattern (15min):
EMA Distance Changes (%): ['0.164', '0.110', '0.054', '0.018']
EMA12 Changes (%): ['-0.029', '0.079', '0.093', '0.130']
Price Changes (%): ['0.338', '0.675', '0.168', '0.334']
Candle Analysis:
    Body Sizes (%): ['0.338', '0.845', '0.168', '0.503']
    Upper Shadows (%): ['0.000', '0.338', '0.168', '0.168']
    Lower Shadows (%): ['0.508', '0.000', '0.335', '0.168']
Volumes: [np.float64(322069.0), np.float64(289642.0), np.float64(330354.0), np.float64(227545.0)]
2025-05-09 19:10:51,653 - INFO - 
2. Post-Cross Movement (30min):
5min Price Changes (%): ['0.167']
Maximum Change: 0.167% after 5 minutes
Candle Analysis:
    Body Sizes (%): ['0.167']
    Upper Shadows (%): ['0.167']
    Lower Shadows (%): ['0.000']
Volumes: [np.float64(26104.0)]
==================================================
2025-05-09 19:15:22,040 - INFO - 
==================================================
EMA Cross Analysis - BAN/USDT
Time: 2025-05-09 19:15:00+09:00
Type: golden
Cross Character (Current): Weak
Cross Character (New): Weak
Price at Cross: 0.06752

1. Pre-Cross Pattern (15min):
EMA Distance Changes (%): ['0.042', '0.012', '0.007', '0.005']
EMA12 Changes (%): ['0.055', '0.051', '0.009', '0.021']
Price Changes (%): ['0.565', '0.030', '-0.222', '0.089']
Candle Analysis:
    Body Sizes (%): ['0.580', '0.044', '0.222', '0.104']
    Upper Shadows (%): ['0.253', '0.059', '0.163', '0.030']
    Lower Shadows (%): ['0.104', '0.370', '0.044', '0.015']
Volumes: [np.float64(337187.0), np.float64(350813.0), np.float64(289851.0), np.float64(48059.0)]
2025-05-09 19:15:22,040 - INFO - 
2. Post-Cross Movement (30min):
5min Price Changes (%): []
Maximum Change: 0.000% after 0 minutes
Candle Analysis:
    Body Sizes (%): []
    Upper Shadows (%): []
    Lower Shadows (%): []
Volumes: []
==================================================
2025-05-09 19:15:27,056 - INFO - 
==================================================
EMA Cross Analysis - DOT/USDT
Time: 2025-05-09 19:10:00+09:00
Type: golden
Cross Character (Current): Weak
Cross Character (New): Weak
Price at Cross: 4.62

1. Pre-Cross Pattern (15min):
EMA Distance Changes (%): ['0.014', '0.050', '0.044', '0.001']
EMA12 Changes (%): ['-0.032', '-0.071', '0.004', '0.080']
Price Changes (%): ['0.328', '-0.283', '0.415', '0.500']
Candle Analysis:
    Body Sizes (%): ['0.306', '0.283', '0.415', '0.500']
    Upper Shadows (%): ['0.109', '0.022', '0.197', '0.392']
    Lower Shadows (%): ['0.044', '0.087', '0.131', '0.044']
Volumes: [np.float64(106663.6), np.float64(269238.4), np.float64(140380.0), np.float64(515864.5)]
2025-05-09 19:15:27,056 - INFO - 
2. Post-Cross Movement (30min):
5min Price Changes (%): ['0.022']
Maximum Change: 0.022% after 5 minutes
Candle Analysis:
    Body Sizes (%): ['0.000']
    Upper Shadows (%): ['0.065']
    Lower Shadows (%): ['0.000']
Volumes: [np.float64(12097.6)]
==================================================
2025-05-09 19:15:27,948 - INFO - 
==================================================
EMA Cross Analysis - ARPA/USDT
Time: 2025-05-09 19:15:00+09:00
Type: golden
Cross Character (Current): Weak
Cross Character (New): Weak
Price at Cross: 0.02685

1. Pre-Cross Pattern (15min):
EMA Distance Changes (%): ['0.146', '0.097', '0.043', '0.009']
EMA12 Changes (%): ['0.032', '0.073', '0.091', '0.094']
Price Changes (%): ['-0.224', '0.300', '0.187', '0.112']
Candle Analysis:
    Body Sizes (%): ['0.224', '0.337', '0.187', '0.075']
    Upper Shadows (%): ['0.150', '0.150', '0.224', '0.037']
    Lower Shadows (%): ['0.000', '0.037', '0.037', '0.037']
Volumes: [np.float64(638951.0), np.float64(406689.0), np.float64(1128410.0), np.float64(68256.0)]
2025-05-09 19:15:27,948 - INFO - 
2. Post-Cross Movement (30min):
5min Price Changes (%): []
Maximum Change: 0.000% after 0 minutes
Candle Analysis:
    Body Sizes (%): []
    Upper Shadows (%): []
    Lower Shadows (%): []
Volumes: []
==================================================
2025-05-09 19:15:31,664 - INFO - 
==================================================
EMA Cross Analysis - ONDOUSDT
Time: 2025-05-09 19:15:00+09:00
Type: golden
Cross Character (Current): Weak
Cross Character (New): Weak
Price at Cross: 1.0249

1. Pre-Cross Pattern (15min):
EMA Distance Changes (%): ['0.144', '0.102', '0.019', '0.042']
EMA12 Changes (%): ['-0.022', '0.060', '0.146', '0.116']
Price Changes (%): ['-0.285', '0.513', '0.618', '-0.049']
Candle Analysis:
    Body Sizes (%): ['0.295', '0.523', '0.618', '0.059']
    Upper Shadows (%): ['0.069', '0.138', '0.177', '0.078']
    Lower Shadows (%): ['0.098', '0.148', '0.000', '0.000']
Volumes: [np.float64(878468.7), np.float64(598781.6), np.float64(1769278.8), np.float64(73244.3)]
2025-05-09 19:15:31,664 - INFO - 
2. Post-Cross Movement (30min):
5min Price Changes (%): []
Maximum Change: 0.000% after 0 minutes
Candle Analysis:
    Body Sizes (%): []
    Upper Shadows (%): []
    Lower Shadows (%): []
Volumes: []
==================================================
2025-05-09 19:20:04,603 - INFO - 
==================================================
EMA Cross Analysis - ZRO/USDT
Time: 2025-05-09 19:20:00+09:00
Type: golden
Cross Character (Current): Weak
Cross Character (New): Weak
Price at Cross: 2.9214

1. Pre-Cross Pattern (15min):
EMA Distance Changes (%): ['0.133', '0.078', '0.026', '0.008']
EMA12 Changes (%): ['0.102', '0.089', '0.090', '0.062']
Price Changes (%): ['0.440', '0.014', '0.096', '-0.089']
Candle Analysis:
    Body Sizes (%): ['0.451', '0.014', '0.103', '0.072']
    Upper Shadows (%): ['0.261', '0.366', '0.322', '0.000']
    Lower Shadows (%): ['0.141', '0.058', '0.151', '0.000']
Volumes: [np.float64(47498.7), np.float64(56187.3), np.float64(32220.6), np.float64(1007.8)]
2025-05-09 19:20:04,603 - INFO - 
2. Post-Cross Movement (30min):
5min Price Changes (%): []
Maximum Change: 0.000% after 0 minutes
Candle Analysis:
    Body Sizes (%): []
    Upper Shadows (%): []
    Lower Shadows (%): []
Volumes: []
==================================================
2025-05-09 19:20:05,266 - INFO - 
==================================================
EMA Cross Analysis - ARPA/USDT
Time: 2025-05-09 19:20:00+09:00
Type: golden
Cross Character (Current): Weak
Cross Character (New): Weak
Price at Cross: 0.0268

1. Pre-Cross Pattern (15min):
EMA Distance Changes (%): ['0.097', '0.043', '0.006', '0.023']
EMA12 Changes (%): ['0.073', '0.091', '0.065', '0.055']
Price Changes (%): ['0.300', '0.187', '-0.075', '0.000']
Candle Analysis:
    Body Sizes (%): ['0.337', '0.187', '0.112', '0.037']
    Upper Shadows (%): ['0.150', '0.224', '0.112', '0.000']
    Lower Shadows (%): ['0.037', '0.037', '0.149', '0.000']
Volumes: [np.float64(406689.0), np.float64(1128410.0), np.float64(261469.0), np.float64(15383.0)]
2025-05-09 19:20:05,267 - INFO - 
2. Post-Cross Movement (30min):
5min Price Changes (%): []
Maximum Change: 0.000% after 0 minutes
Candle Analysis:
    Body Sizes (%): []
    Upper Shadows (%): []
    Lower Shadows (%): []
Volumes: []
==================================================
2025-05-09 19:20:07,932 - INFO - 
==================================================
EMA Cross Analysis - MOVE/USDT
Time: 2025-05-09 19:20:00+09:00
Type: golden
Cross Character (Current): Weak
Cross Character (New): Weak
Price at Cross: 0.1769

1. Pre-Cross Pattern (15min):
EMA Distance Changes (%): ['0.122', '0.075', '0.029', '0.003']
EMA12 Changes (%): ['0.014', '0.073', '0.079', '0.058']
Price Changes (%): ['0.171', '0.398', '0.113', '-0.056']
Candle Analysis:
    Body Sizes (%): ['0.228', '0.398', '0.057', '0.000']
    Upper Shadows (%): ['0.114', '0.170', '0.283', '0.057']
    Lower Shadows (%): ['0.114', '0.000', '0.170', '0.000']
Volumes: [np.float64(2359900.0), np.float64(2022637.0), np.float64(1053361.0), np.float64(75252.0)]
2025-05-09 19:20:07,932 - INFO - 
2. Post-Cross Movement (30min):
5min Price Changes (%): []
Maximum Change: 0.000% after 0 minutes
Candle Analysis:
    Body Sizes (%): []
    Upper Shadows (%): []
    Lower Shadows (%): []
Volumes: []
==================================================
2025-05-09 19:20:09,036 - INFO - 
==================================================
EMA Cross Analysis - ONDOUSDT
Time: 2025-05-09 19:15:00+09:00
Type: golden
Cross Character (Current): Weak
Cross Character (New): Weak
Price at Cross: 1.0258

1. Pre-Cross Pattern (15min):
EMA Distance Changes (%): ['0.144', '0.102', '0.019', '0.049']
EMA12 Changes (%): ['-0.022', '0.060', '0.146', '0.129']
Price Changes (%): ['-0.285', '0.513', '0.618', '0.039']
Candle Analysis:
    Body Sizes (%): ['0.295', '0.523', '0.618', '0.029']
    Upper Shadows (%): ['0.069', '0.138', '0.177', '0.166']
    Lower Shadows (%): ['0.098', '0.148', '0.000', '0.283']
Volumes: [np.float64(878468.7), np.float64(598781.6), np.float64(1769278.8), np.float64(1945061.5)]
2025-05-09 19:20:09,037 - INFO - 
2. Post-Cross Movement (30min):
5min Price Changes (%): ['-0.058']
Maximum Change: -0.058% after 5 minutes
Candle Analysis:
    Body Sizes (%): ['0.068']
    Upper Shadows (%): ['0.000']
    Lower Shadows (%): ['0.010']
Volumes: [np.float64(68591.2)]
==================================================
2025-05-09 19:25:46,679 - INFO - 
==================================================
EMA Cross Analysis - DOGS/USDT
Time: 2025-05-09 19:25:00+09:00
Type: golden
Cross Character (Current): Weak
Cross Character (New): Weak
Price at Cross: 0.0001913

1. Pre-Cross Pattern (15min):
EMA Distance Changes (%): ['0.186', '0.094', '0.034', '0.034']
EMA12 Changes (%): ['0.082', '0.151', '0.103', '0.127']
Price Changes (%): ['0.370', '0.526', '-0.157', '0.262']
Candle Analysis:
    Body Sizes (%): ['0.370', '0.473', '0.157', '0.210']
    Upper Shadows (%): ['0.211', '0.421', '0.000', '0.000']
    Lower Shadows (%): ['0.106', '0.526', '0.785', '0.000']
Volumes: [np.float64(797831648.0), np.float64(1389445345.0), np.float64(946895611.0), np.float64(118814975.0)]
2025-05-09 19:25:46,679 - INFO - 
2. Post-Cross Movement (30min):
5min Price Changes (%): []
Maximum Change: 0.000% after 0 minutes
Candle Analysis:
    Body Sizes (%): []
    Upper Shadows (%): []
    Lower Shadows (%): []
Volumes: []
==================================================
2025-05-09 19:25:48,664 - INFO - 
==================================================
EMA Cross Analysis - FXS/USDT
Time: 2025-05-09 19:25:00+09:00
Type: golden
Cross Character (Current): Weak
Cross Character (New): Weak
Price at Cross: 2.4164

1. Pre-Cross Pattern (15min):
EMA Distance Changes (%): ['0.076', '0.043', '0.016', '0.021']
EMA12 Changes (%): ['0.079', '0.054', '0.044', '0.070']
Price Changes (%): ['0.395', '-0.083', '-0.008', '0.207']
Candle Analysis:
    Body Sizes (%): ['0.374', '0.120', '0.012', '0.079']
    Upper Shadows (%): ['0.420', '0.186', '0.000', '0.000']
    Lower Shadows (%): ['0.000', '0.116', '0.431', '0.000']
Volumes: [np.float64(14641.2), np.float64(4279.1), np.float64(2171.5), np.float64(31.6)]
2025-05-09 19:25:48,664 - INFO - 
2. Post-Cross Movement (30min):
5min Price Changes (%): []
Maximum Change: 0.000% after 0 minutes
Candle Analysis:
    Body Sizes (%): []
    Upper Shadows (%): []
    Lower Shadows (%): []
Volumes: []
==================================================
2025-05-09 19:25:52,075 - INFO - 
==================================================
EMA Cross Analysis - ZRO/USDT
Time: 2025-05-09 19:20:00+09:00
Type: golden
Cross Character (Current): Weak
Cross Character (New): Weak
Price at Cross: 2.9213

1. Pre-Cross Pattern (15min):
EMA Distance Changes (%): ['0.133', '0.078', '0.026', '0.008']
EMA12 Changes (%): ['0.102', '0.089', '0.090', '0.062']
Price Changes (%): ['0.440', '0.014', '0.096', '-0.092']
Candle Analysis:
    Body Sizes (%): ['0.451', '0.014', '0.103', '0.075']
    Upper Shadows (%): ['0.261', '0.366', '0.322', '0.000']
    Lower Shadows (%): ['0.141', '0.058', '0.151', '0.428']
Volumes: [np.float64(47498.7), np.float64(56187.3), np.float64(32220.6), np.float64(51264.6)]
2025-05-09 19:25:52,076 - INFO - 
2. Post-Cross Movement (30min):
5min Price Changes (%): ['0.003']
Maximum Change: 0.003% after 5 minutes
Candle Analysis:
    Body Sizes (%): ['0.003']
    Upper Shadows (%): ['0.123']
    Lower Shadows (%): ['0.027']
Volumes: [np.float64(9728.7)]
==================================================
2025-05-09 19:25:52,732 - INFO - 
==================================================
EMA Cross Analysis - ARPA/USDT
Time: 2025-05-09 19:20:00+09:00
Type: golden
Cross Character (Current): Weak
Cross Character (New): Weak
Price at Cross: 0.02685

1. Pre-Cross Pattern (15min):
EMA Distance Changes (%): ['0.097', '0.043', '0.006', '0.038']
EMA12 Changes (%): ['0.073', '0.091', '0.065', '0.084']
Price Changes (%): ['0.300', '0.187', '-0.075', '0.187']
Candle Analysis:
    Body Sizes (%): ['0.337', '0.187', '0.112', '0.224']
    Upper Shadows (%): ['0.150', '0.224', '0.112', '0.000']
    Lower Shadows (%): ['0.037', '0.037', '0.149', '0.187']
Volumes: [np.float64(406689.0), np.float64(1128410.0), np.float64(261469.0), np.float64(303584.0)]
2025-05-09 19:25:52,732 - INFO - 
2. Post-Cross Movement (30min):
5min Price Changes (%): ['0.186']
Maximum Change: 0.186% after 5 minutes
Candle Analysis:
    Body Sizes (%): ['0.149']
    Upper Shadows (%): ['0.000']
    Lower Shadows (%): ['0.000']
Volumes: [np.float64(89551.0)]
==================================================
2025-05-09 19:25:53,618 - INFO - 
==================================================
EMA Cross Analysis - WLD/USDT
Time: 2025-05-09 19:25:00+09:00
Type: golden
Cross Character (Current): Weak
Cross Character (New): Weak
Price at Cross: 1.1346

1. Pre-Cross Pattern (15min):
EMA Distance Changes (%): ['0.146', '0.074', '0.012', '0.061']
EMA12 Changes (%): ['0.102', '0.118', '0.110', '0.141']
Price Changes (%): ['0.705', '0.204', '0.071', '0.309']
Candle Analysis:
    Body Sizes (%): ['0.696', '0.195', '0.080', '0.301']
    Upper Shadows (%): ['0.116', '0.080', '0.018', '0.044']
    Lower Shadows (%): ['0.000', '0.381', '0.646', '0.044']
Volumes: [np.float64(603364.0), np.float64(522035.0), np.float64(567674.0), np.float64(171803.0)]
2025-05-09 19:25:53,618 - INFO - 
2. Post-Cross Movement (30min):
5min Price Changes (%): []
Maximum Change: 0.000% after 0 minutes
Candle Analysis:
    Body Sizes (%): []
    Upper Shadows (%): []
    Lower Shadows (%): []
Volumes: []
==================================================
2025-05-09 19:25:54,906 - INFO - 
==================================================
EMA Cross Analysis - SUI/USDT
Time: 2025-05-09 19:25:00+09:00
Type: golden
Cross Character (Current): Weak
Cross Character (New): Weak
Price at Cross: 3.9732

1. Pre-Cross Pattern (15min):
EMA Distance Changes (%): ['0.130', '0.092', '0.049', '0.001']
EMA12 Changes (%): ['0.099', '0.056', '0.070', '0.090']
Price Changes (%): ['0.192', '-0.179', '0.149', '0.197']
Candle Analysis:
    Body Sizes (%): ['0.187', '0.179', '0.146', '0.194']
    Upper Shadows (%): ['0.349', '0.083', '0.015', '0.013']
    Lower Shadows (%): ['0.104', '0.197', '0.432', '0.003']
Volumes: [np.float64(2198159.8), np.float64(963923.2), np.float64(1556039.6), np.float64(284195.8)]
2025-05-09 19:25:54,906 - INFO - 
2. Post-Cross Movement (30min):
5min Price Changes (%): []
Maximum Change: 0.000% after 0 minutes
Candle Analysis:
    Body Sizes (%): []
    Upper Shadows (%): []
    Lower Shadows (%): []
Volumes: []
==================================================
2025-05-09 19:25:55,350 - INFO - 
==================================================
EMA Cross Analysis - MOVE/USDT
Time: 2025-05-09 19:20:00+09:00
Type: golden
Cross Character (Current): Weak
Cross Character (New): Weak
Price at Cross: 0.1772

1. Pre-Cross Pattern (15min):
EMA Distance Changes (%): ['0.122', '0.075', '0.029', '0.017']
EMA12 Changes (%): ['0.014', '0.073', '0.079', '0.084']
Price Changes (%): ['0.171', '0.398', '0.113', '0.113']
Candle Analysis:
    Body Sizes (%): ['0.228', '0.398', '0.057', '0.170']
    Upper Shadows (%): ['0.114', '0.170', '0.283', '0.000']
    Lower Shadows (%): ['0.114', '0.000', '0.170', '0.339']
Volumes: [np.float64(2359900.0), np.float64(2022637.0), np.float64(1053361.0), np.float64(1395287.0)]
2025-05-09 19:25:55,350 - INFO - 
2. Post-Cross Movement (30min):
5min Price Changes (%): ['0.169']
Maximum Change: 0.169% after 5 minutes
Candle Analysis:
    Body Sizes (%): ['0.169']
    Upper Shadows (%): ['0.000']
    Lower Shadows (%): ['0.000']
Volumes: [np.float64(337859.0)]
==================================================
2025-05-09 19:30:24,724 - INFO - 
==================================================
EMA Cross Analysis - DOGS/USDT
Time: 2025-05-09 19:25:00+09:00
Type: golden
Cross Character (Current): Weak
Cross Character (New): Weak
Price at Cross: 0.0001906

1. Pre-Cross Pattern (15min):
EMA Distance Changes (%): ['0.186', '0.094', '0.034', '0.005']
EMA12 Changes (%): ['0.082', '0.151', '0.103', '0.071']
Price Changes (%): ['0.370', '0.526', '-0.157', '-0.105']
Candle Analysis:
    Body Sizes (%): ['0.370', '0.473', '0.157', '0.157']
    Upper Shadows (%): ['0.211', '0.421', '0.000', '0.314']
    Lower Shadows (%): ['0.106', '0.526', '0.785', '0.157']
Volumes: [np.float64(797831648.0), np.float64(1389445345.0), np.float64(946895611.0), np.float64(880571459.0)]
2025-05-09 19:30:24,724 - INFO - 
2. Post-Cross Movement (30min):
5min Price Changes (%): ['-0.052']
Maximum Change: -0.052% after 5 minutes
Candle Analysis:
    Body Sizes (%): ['0.052']
    Upper Shadows (%): ['0.052']
    Lower Shadows (%): ['0.052']
Volumes: [np.float64(97334536.0)]
==================================================
2025-05-09 19:30:26,731 - INFO - 
==================================================
EMA Cross Analysis - FXS/USDT
Time: 2025-05-09 19:30:00+09:00
Type: golden
Cross Character (Current): Weak
Cross Character (New): Weak
Price at Cross: 2.4103

1. Pre-Cross Pattern (15min):
EMA Distance Changes (%): ['0.043', '0.016', '0.000', '0.013']
EMA12 Changes (%): ['0.054', '0.044', '0.029', '0.026']
Price Changes (%): ['-0.083', '-0.008', '-0.058', '0.012']
Candle Analysis:
    Body Sizes (%): ['0.120', '0.012', '0.186', '0.004']
    Upper Shadows (%): ['0.186', '0.000', '0.079', '0.033']
    Lower Shadows (%): ['0.116', '0.431', '0.240', '0.091']
Volumes: [np.float64(4279.1), np.float64(2171.5), np.float64(3783.4), np.float64(666.5)]
2025-05-09 19:30:26,731 - INFO - 
2. Post-Cross Movement (30min):
5min Price Changes (%): []
Maximum Change: 0.000% after 0 minutes
Candle Analysis:
    Body Sizes (%): []
    Upper Shadows (%): []
    Lower Shadows (%): []
Volumes: []
==================================================
2025-05-09 19:30:30,391 - INFO - 
==================================================
EMA Cross Analysis - BNB/USDT
Time: 2025-05-09 19:30:00+09:00
Type: golden
Cross Character (Current): Weak
Cross Character (New): Weak
Price at Cross: 633.77

1. Pre-Cross Pattern (15min):
EMA Distance Changes (%): ['0.035', '0.024', '0.008', '0.009']
EMA12 Changes (%): ['0.015', '0.016', '0.028', '0.030']
Price Changes (%): ['-0.069', '0.022', '0.090', '0.046']
Candle Analysis:
    Body Sizes (%): ['0.069', '0.024', '0.087', '0.044']
    Upper Shadows (%): ['0.058', '0.017', '0.024', '0.000']
    Lower Shadows (%): ['0.032', '0.256', '0.122', '0.019']
Volumes: [np.float64(2181.47), np.float64(3808.55), np.float64(2965.18), np.float64(348.73)]
2025-05-09 19:30:30,391 - INFO - 
2. Post-Cross Movement (30min):
5min Price Changes (%): []
Maximum Change: 0.000% after 0 minutes
Candle Analysis:
    Body Sizes (%): []
    Upper Shadows (%): []
    Lower Shadows (%): []
Volumes: []
==================================================
2025-05-09 19:30:31,506 - INFO - 
==================================================
EMA Cross Analysis - ADA/USDT
Time: 2025-05-09 19:30:00+09:00
Type: golden
Cross Character (Current): Weak
Cross Character (New): Weak
Price at Cross: 0.7891

1. Pre-Cross Pattern (15min):
EMA Distance Changes (%): ['0.085', '0.051', '0.025', '0.012']
EMA12 Changes (%): ['0.059', '0.054', '0.042', '0.068']
Price Changes (%): ['-0.114', '0.025', '-0.025', '0.216']
Candle Analysis:
    Body Sizes (%): ['0.114', '0.038', '0.013', '0.216']
    Upper Shadows (%): ['0.254', '0.013', '0.241', '0.013']
    Lower Shadows (%): ['0.051', '0.318', '0.229', '0.038']
Volumes: [np.float64(4672832.0), np.float64(4025373.0), np.float64(3006872.0), np.float64(190105.0)]
2025-05-09 19:30:31,506 - INFO - 
2. Post-Cross Movement (30min):
5min Price Changes (%): []
Maximum Change: 0.000% after 0 minutes
Candle Analysis:
    Body Sizes (%): []
    Upper Shadows (%): []
    Lower Shadows (%): []
Volumes: []
==================================================
2025-05-09 19:30:31,734 - INFO - 
==================================================
EMA Cross Analysis - WLD/USDT
Time: 2025-05-09 19:25:00+09:00
Type: golden
Cross Character (Current): Weak
Cross Character (New): Weak
Price at Cross: 1.1369

1. Pre-Cross Pattern (15min):
EMA Distance Changes (%): ['0.146', '0.074', '0.012', '0.077']
EMA12 Changes (%): ['0.102', '0.118', '0.110', '0.173']
Price Changes (%): ['0.705', '0.204', '0.071', '0.513']
Candle Analysis:
    Body Sizes (%): ['0.696', '0.195', '0.080', '0.504']
    Upper Shadows (%): ['0.116', '0.080', '0.018', '0.044']
    Lower Shadows (%): ['0.000', '0.381', '0.646', '0.062']
Volumes: [np.float64(603364.0), np.float64(522035.0), np.float64(567674.0), np.float64(593552.0)]
2025-05-09 19:30:31,734 - INFO - 
2. Post-Cross Movement (30min):
5min Price Changes (%): ['0.185']
Maximum Change: 0.185% after 5 minutes
Candle Analysis:
    Body Sizes (%): ['0.194']
    Upper Shadows (%): ['0.044']
    Lower Shadows (%): ['0.044']
Volumes: [np.float64(120500.0)]
==================================================
2025-05-09 19:30:33,033 - INFO - 
==================================================
EMA Cross Analysis - SUI/USDT
Time: 2025-05-09 19:25:00+09:00
Type: golden
Cross Character (Current): Weak
Cross Character (New): Weak
Price at Cross: 3.9818

1. Pre-Cross Pattern (15min):
EMA Distance Changes (%): ['0.130', '0.092', '0.049', '0.018']
EMA12 Changes (%): ['0.099', '0.056', '0.070', '0.123']
Price Changes (%): ['0.192', '-0.179', '0.149', '0.414']
Candle Analysis:
    Body Sizes (%): ['0.187', '0.179', '0.146', '0.411']
    Upper Shadows (%): ['0.349', '0.083', '0.015', '0.073']
    Lower Shadows (%): ['0.104', '0.197', '0.432', '0.076']
Volumes: [np.float64(2198159.8), np.float64(963923.2), np.float64(1556039.6), np.float64(1805610.5)]
2025-05-09 19:30:33,033 - INFO - 
2. Post-Cross Movement (30min):
5min Price Changes (%): ['0.161']
Maximum Change: 0.161% after 5 minutes
Candle Analysis:
    Body Sizes (%): ['0.161']
    Upper Shadows (%): ['0.030']
    Lower Shadows (%): ['0.075']
Volumes: [np.float64(313532.8)]
==================================================
2025-05-09 19:30:33,927 - INFO - 
==================================================
EMA Cross Analysis - HIVE/USDT
Time: 2025-05-09 19:30:00+09:00
Type: golden
Cross Character (Current): Weak
Cross Character (New): Weak
Price at Cross: 0.25905

1. Pre-Cross Pattern (15min):
EMA Distance Changes (%): ['0.048', '0.040', '0.012', '0.022']
EMA12 Changes (%): ['0.025', '0.009', '0.050', '0.064']
Price Changes (%): ['-0.085', '-0.081', '0.275', '0.143']
Candle Analysis:
    Body Sizes (%): ['0.166', '0.054', '0.248', '0.155']
    Upper Shadows (%): ['0.039', '0.000', '0.000', '0.019']
    Lower Shadows (%): ['0.101', '0.209', '0.000', '0.039']
Volumes: [np.float64(38092.0), np.float64(36227.0), np.float64(30136.0), np.float64(4413.0)]
2025-05-09 19:30:33,927 - INFO - 
2. Post-Cross Movement (30min):
5min Price Changes (%): []
Maximum Change: 0.000% after 0 minutes
Candle Analysis:
    Body Sizes (%): []
    Upper Shadows (%): []
    Lower Shadows (%): []
Volumes: []
==================================================
2025-05-09 19:35:04,777 - INFO - 
==================================================
EMA Cross Analysis - FXS/USDT
Time: 2025-05-09 19:30:00+09:00
Type: golden
Cross Character (Current): Weak
Cross Character (New): Weak
Price at Cross: 2.411

1. Pre-Cross Pattern (15min):
EMA Distance Changes (%): ['0.043', '0.016', '0.000', '0.016']
EMA12 Changes (%): ['0.054', '0.044', '0.029', '0.031']
Price Changes (%): ['-0.083', '-0.008', '-0.058', '0.041']
Candle Analysis:
    Body Sizes (%): ['0.120', '0.012', '0.186', '0.033']
    Upper Shadows (%): ['0.186', '0.000', '0.079', '0.203']
    Lower Shadows (%): ['0.116', '0.431', '0.240', '0.191']
Volumes: [np.float64(4279.1), np.float64(2171.5), np.float64(3783.4), np.float64(3850.3)]
2025-05-09 19:35:04,777 - INFO - 
2. Post-Cross Movement (30min):
5min Price Changes (%): ['-0.029']
Maximum Change: -0.029% after 5 minutes
Candle Analysis:
    Body Sizes (%): ['0.000']
    Upper Shadows (%): ['0.000']
    Lower Shadows (%): ['0.000']
Volumes: [np.float64(13.2)]
==================================================
2025-05-09 19:35:08,449 - INFO - 
==================================================
EMA Cross Analysis - BNB/USDT
Time: 2025-05-09 19:30:00+09:00
Type: golden
Cross Character (Current): Weak
Cross Character (New): Weak
Price at Cross: 633.41

1. Pre-Cross Pattern (15min):
EMA Distance Changes (%): ['0.035', '0.024', '0.008', '0.004']
EMA12 Changes (%): ['0.015', '0.016', '0.028', '0.022']
Price Changes (%): ['-0.069', '0.022', '0.090', '-0.011']
Candle Analysis:
    Body Sizes (%): ['0.069', '0.024', '0.087', '0.013']
    Upper Shadows (%): ['0.058', '0.017', '0.024', '0.077']
    Lower Shadows (%): ['0.032', '0.256', '0.122', '0.065']
Volumes: [np.float64(2181.47), np.float64(3808.55), np.float64(2965.18), np.float64(1938.07)]
2025-05-09 19:35:08,449 - INFO - 
2. Post-Cross Movement (30min):
5min Price Changes (%): ['-0.038']
Maximum Change: -0.038% after 5 minutes
Candle Analysis:
    Body Sizes (%): ['0.038']
    Upper Shadows (%): ['0.000']
    Lower Shadows (%): ['0.000']
Volumes: [np.float64(23.06)]
==================================================
2025-05-09 19:35:09,557 - INFO - 
==================================================
EMA Cross Analysis - ADA/USDT
Time: 2025-05-09 19:35:00+09:00
Type: golden
Cross Character (Current): Weak
Cross Character (New): Weak
Price at Cross: 0.7869

1. Pre-Cross Pattern (15min):
EMA Distance Changes (%): ['0.051', '0.025', '0.001', '0.008']
EMA12 Changes (%): ['0.054', '0.042', '0.043', '0.019']
Price Changes (%): ['0.025', '-0.025', '0.051', '-0.114']
Candle Analysis:
    Body Sizes (%): ['0.038', '0.013', '0.051', '0.114']
    Upper Shadows (%): ['0.013', '0.241', '0.229', '0.000']
    Lower Shadows (%): ['0.318', '0.229', '0.254', '0.013']
Volumes: [np.float64(4025373.0), np.float64(3006872.0), np.float64(2613582.0), np.float64(19457.0)]
2025-05-09 19:35:09,557 - INFO - 
2. Post-Cross Movement (30min):
5min Price Changes (%): []
Maximum Change: 0.000% after 0 minutes
Candle Analysis:
    Body Sizes (%): []
    Upper Shadows (%): []
    Lower Shadows (%): []
Volumes: []
==================================================
2025-05-09 19:35:11,943 - INFO - 
==================================================
EMA Cross Analysis - HIVE/USDT
Time: 2025-05-09 19:30:00+09:00
Type: golden
Cross Character (Current): Weak
Cross Character (New): Weak
Price at Cross: 0.25839

1. Pre-Cross Pattern (15min):
EMA Distance Changes (%): ['0.048', '0.040', '0.012', '0.002']
EMA12 Changes (%): ['0.025', '0.009', '0.050', '0.025']
Price Changes (%): ['-0.085', '-0.081', '0.275', '-0.112']
Candle Analysis:
    Body Sizes (%): ['0.166', '0.054', '0.248', '0.101']
    Upper Shadows (%): ['0.039', '0.000', '0.000', '0.174']
    Lower Shadows (%): ['0.101', '0.209', '0.000', '0.116']
Volumes: [np.float64(38092.0), np.float64(36227.0), np.float64(30136.0), np.float64(27520.0)]
2025-05-09 19:35:11,944 - INFO - 
2. Post-Cross Movement (30min):
5min Price Changes (%): ['-0.101']
Maximum Change: -0.101% after 5 minutes
Candle Analysis:
    Body Sizes (%): ['0.070']
    Upper Shadows (%): ['0.000']
    Lower Shadows (%): ['0.000']
Volumes: [np.float64(762.0)]
==================================================
2025-05-09 19:40:50,233 - INFO - 
==================================================
EMA Cross Analysis - DOGS/USDT
Time: 2025-05-09 19:35:00+09:00
Type: dead
Cross Character (Current): Weak
Cross Character (New): Weak
Price at Cross: 0.0001896

1. Pre-Cross Pattern (15min):
EMA Distance Changes (%): ['0.034', '0.005', '0.002', '0.009']
EMA12 Changes (%): ['0.103', '0.071', '-0.005', '-0.020']
Price Changes (%): ['-0.157', '-0.105', '-0.420', '-0.105']
Candle Analysis:
    Body Sizes (%): ['0.157', '0.157', '0.420', '0.105']
    Upper Shadows (%): ['0.000', '0.314', '0.105', '0.369']
    Lower Shadows (%): ['0.785', '0.157', '0.315', '0.105']
Volumes: [np.float64(946895611.0), np.float64(880571459.0), np.float64(706045752.0), np.float64(545790104.0)]
2025-05-09 19:40:50,233 - INFO - 
2. Post-Cross Movement (30min):
5min Price Changes (%): ['-0.105']
Maximum Change: -0.105% after 5 minutes
Candle Analysis:
    Body Sizes (%): ['0.105']
    Upper Shadows (%): ['0.105']
    Lower Shadows (%): ['0.053']
Volumes: [np.float64(59133510.0)]
==================================================
2025-05-09 19:40:53,109 - INFO - 
==================================================
EMA Cross Analysis - POL/USDT
Time: 2025-05-09 19:40:00+09:00
Type: golden
Cross Character (Current): Weak
Cross Character (New): Weak
Price at Cross: 0.25585

1. Pre-Cross Pattern (15min):
EMA Distance Changes (%): ['0.114', '0.099', '0.045', '0.004']
EMA12 Changes (%): ['0.019', '0.013', '0.090', '0.087']
Price Changes (%): ['0.169', '-0.020', '0.515', '0.070']
Candle Analysis:
    Body Sizes (%): ['0.165', '0.012', '0.507', '0.063']
    Upper Shadows (%): ['0.028', '0.035', '0.043', '0.027']
    Lower Shadows (%): ['0.228', '0.350', '0.102', '0.023']
Volumes: [np.float64(228723.0), np.float64(339759.0), np.float64(680819.0), np.float64(91398.0)]
2025-05-09 19:40:53,109 - INFO - 
2. Post-Cross Movement (30min):
5min Price Changes (%): []
Maximum Change: 0.000% after 0 minutes
Candle Analysis:
    Body Sizes (%): []
    Upper Shadows (%): []
    Lower Shadows (%): []
Volumes: []
==================================================
2025-05-09 19:40:55,208 - INFO - 
==================================================
EMA Cross Analysis - GRASS/USDT
Time: 2025-05-09 19:40:00+09:00
Type: golden
Cross Character (Current): Weak
Cross Character (New): Weak
Price at Cross: 1.6396

1. Pre-Cross Pattern (15min):
EMA Distance Changes (%): ['0.090', '0.082', '0.006', '0.099']
EMA12 Changes (%): ['0.134', '0.004', '0.135', '0.203']
Price Changes (%): ['0.172', '-0.706', '0.854', '0.577']
Candle Analysis:
    Body Sizes (%): ['0.172', '0.706', '0.848', '0.564']
    Upper Shadows (%): ['0.068', '0.000', '0.093', '0.000']
    Lower Shadows (%): ['0.258', '0.221', '0.223', '0.000']
Volumes: [np.float64(21864.0), np.float64(80794.8), np.float64(65951.7), np.float64(51255.1)]
2025-05-09 19:40:55,208 - INFO - 
2. Post-Cross Movement (30min):
5min Price Changes (%): []
Maximum Change: 0.000% after 0 minutes
Candle Analysis:
    Body Sizes (%): []
    Upper Shadows (%): []
    Lower Shadows (%): []
Volumes: []
==================================================
2025-05-09 19:40:56,087 - INFO - 
==================================================
EMA Cross Analysis - THETA/USDT
Time: 2025-05-09 19:35:00+09:00
Type: golden
Cross Character (Current): Weak
Cross Character (New): Weak
Price at Cross: 0.8729

1. Pre-Cross Pattern (15min):
EMA Distance Changes (%): ['0.083', '0.048', '0.018', '0.024']
EMA12 Changes (%): ['0.052', '0.055', '0.052', '0.079']
Price Changes (%): ['0.115', '0.069', '0.034', '0.230']
Candle Analysis:
    Body Sizes (%): ['0.127', '0.057', '0.023', '0.230']
    Upper Shadows (%): ['0.000', '0.092', '0.149', '0.115']
    Lower Shadows (%): ['0.380', '0.115', '0.264', '0.207']
Volumes: [np.float64(102577.8), np.float64(118962.2), np.float64(74458.6), np.float64(125346.6)]
2025-05-09 19:40:56,088 - INFO - 
2. Post-Cross Movement (30min):
5min Price Changes (%): ['0.092']
Maximum Change: 0.092% after 5 minutes
Candle Analysis:
    Body Sizes (%): ['0.057']
    Upper Shadows (%): ['0.034']
    Lower Shadows (%): ['0.034']
Volumes: [np.float64(12577.7)]
==================================================
2025-05-09 19:40:56,970 - INFO - 
==================================================
EMA Cross Analysis - ADA/USDT
Time: 2025-05-09 19:35:00+09:00
Type: golden
Cross Character (Current): Weak
Cross Character (New): Weak
Price at Cross: 0.7912

1. Pre-Cross Pattern (15min):
EMA Distance Changes (%): ['0.051', '0.025', '0.001', '0.052']
EMA12 Changes (%): ['0.054', '0.042', '0.043', '0.103']
Price Changes (%): ['0.025', '-0.025', '0.051', '0.432']
Candle Analysis:
    Body Sizes (%): ['0.038', '0.013', '0.051', '0.432']
    Upper Shadows (%): ['0.013', '0.241', '0.229', '0.038']
    Lower Shadows (%): ['0.318', '0.229', '0.254', '0.178']
Volumes: [np.float64(4025373.0), np.float64(3006872.0), np.float64(2613582.0), np.float64(3393227.0)]
2025-05-09 19:40:56,970 - INFO - 
2. Post-Cross Movement (30min):
5min Price Changes (%): ['0.202']
Maximum Change: 0.202% after 5 minutes
Candle Analysis:
    Body Sizes (%): ['0.190']
    Upper Shadows (%): ['0.038']
    Lower Shadows (%): ['0.013']
Volumes: [np.float64(1181259.0)]
==================================================
2025-05-09 19:40:57,413 - INFO - 
==================================================
EMA Cross Analysis - RENDER/USDT
Time: 2025-05-09 19:35:00+09:00
Type: golden
Cross Character (Current): Weak
Cross Character (New): Weak
Price at Cross: 4.917

1. Pre-Cross Pattern (15min):
EMA Distance Changes (%): ['0.040', '0.028', '0.019', '0.012']
EMA12 Changes (%): ['0.008', '0.016', '0.014', '0.059']
Price Changes (%): ['-0.163', '0.061', '0.000', '0.306']
Candle Analysis:
    Body Sizes (%): ['0.143', '0.020', '0.041', '0.347']
    Upper Shadows (%): ['0.000', '0.122', '0.122', '0.061']
    Lower Shadows (%): ['0.347', '0.347', '0.347', '0.245']
Volumes: [np.float64(19972.4), np.float64(17118.6), np.float64(39524.0), np.float64(39087.6)]
2025-05-09 19:40:57,413 - INFO - 
2. Post-Cross Movement (30min):
5min Price Changes (%): ['0.142']
Maximum Change: 0.142% after 5 minutes
Candle Analysis:
    Body Sizes (%): ['0.163']
    Upper Shadows (%): ['0.000']
    Lower Shadows (%): ['0.041']
Volumes: [np.float64(11041.3)]
==================================================
2025-05-09 19:45:29,074 - INFO - 
==================================================
EMA Cross Analysis - ORCA/USDT
Time: 2025-05-09 19:40:00+09:00
Type: golden
Cross Character (Current): Weak
Cross Character (New): Weak
Price at Cross: 2.844

1. Pre-Cross Pattern (15min):
EMA Distance Changes (%): ['0.103', '0.086', '0.055', '0.002']
EMA12 Changes (%): ['0.035', '0.018', '0.048', '0.101']
Price Changes (%): ['0.106', '-0.071', '0.212', '0.388']
Candle Analysis:
    Body Sizes (%): ['0.071', '0.071', '0.212', '0.353']
    Upper Shadows (%): ['0.071', '0.106', '0.248', '0.071']
    Lower Shadows (%): ['0.248', '0.212', '0.177', '0.000']
Volumes: [np.float64(14120.2), np.float64(31633.0), np.float64(22523.7), np.float64(26158.3)]
2025-05-09 19:45:29,074 - INFO - 
2. Post-Cross Movement (30min):
5min Price Changes (%): ['0.281']
Maximum Change: 0.281% after 5 minutes
Candle Analysis:
    Body Sizes (%): ['0.281']
    Upper Shadows (%): ['0.000']
    Lower Shadows (%): ['0.000']
Volumes: [np.float64(6611.2)]
==================================================
2025-05-09 19:45:29,749 - INFO - 
==================================================
EMA Cross Analysis - NEAR/USDT
Time: 2025-05-09 19:40:00+09:00
Type: golden
Cross Character (Current): Weak
Cross Character (New): Weak
Price at Cross: 2.902

1. Pre-Cross Pattern (15min):
EMA Distance Changes (%): ['0.079', '0.085', '0.047', '0.028']
EMA12 Changes (%): ['0.005', '-0.023', '0.061', '0.137']
Price Changes (%): ['0.104', '-0.174', '0.522', '0.554']
Candle Analysis:
    Body Sizes (%): ['0.104', '0.174', '0.487', '0.589']
    Upper Shadows (%): ['0.174', '0.174', '0.070', '0.104']
    Lower Shadows (%): ['0.209', '0.174', '0.104', '0.035']
Volumes: [np.float64(131812.0), np.float64(166407.0), np.float64(261828.0), np.float64(289244.0)]
2025-05-09 19:45:29,749 - INFO - 
2. Post-Cross Movement (30min):
5min Price Changes (%): ['0.241']
Maximum Change: 0.241% after 5 minutes
Candle Analysis:
    Body Sizes (%): ['0.276']
    Upper Shadows (%): ['0.034']
    Lower Shadows (%): ['0.034']
Volumes: [np.float64(65042.0)]
==================================================
2025-05-09 19:45:31,079 - INFO - 
==================================================
EMA Cross Analysis - LINK/USDT
Time: 2025-05-09 19:40:00+09:00
Type: golden
Cross Character (Current): Weak
Cross Character (New): Weak
Price at Cross: 16.191

1. Pre-Cross Pattern (15min):
EMA Distance Changes (%): ['0.069', '0.064', '0.037', '0.014']
EMA12 Changes (%): ['0.007', '0.000', '0.042', '0.093']
Price Changes (%): ['0.199', '-0.037', '0.274', '0.372']
Candle Analysis:
    Body Sizes (%): ['0.187', '0.037', '0.267', '0.366']
    Upper Shadows (%): ['0.056', '0.124', '0.112', '0.093']
    Lower Shadows (%): ['0.218', '0.348', '0.218', '0.068']
Volumes: [np.float64(95092.58), np.float64(101506.98), np.float64(102813.54), np.float64(118337.23)]
2025-05-09 19:45:31,079 - INFO - 
2. Post-Cross Movement (30min):
5min Price Changes (%): ['0.179']
Maximum Change: 0.179% after 5 minutes
Candle Analysis:
    Body Sizes (%): ['0.185']
    Upper Shadows (%): ['0.074']
    Lower Shadows (%): ['0.056']
Volumes: [np.float64(22779.12)]
==================================================
2025-05-09 19:45:31,298 - INFO - 
==================================================
EMA Cross Analysis - POL/USDT
Time: 2025-05-09 19:40:00+09:00
Type: golden
Cross Character (Current): Weak
Cross Character (New): Weak
Price at Cross: 0.25608

1. Pre-Cross Pattern (15min):
EMA Distance Changes (%): ['0.114', '0.099', '0.045', '0.011']
EMA12 Changes (%): ['0.019', '0.013', '0.090', '0.101']
Price Changes (%): ['0.169', '-0.020', '0.515', '0.160']
Candle Analysis:
    Body Sizes (%): ['0.165', '0.012', '0.507', '0.153']
    Upper Shadows (%): ['0.028', '0.035', '0.043', '0.094']
    Lower Shadows (%): ['0.228', '0.350', '0.102', '0.070']
Volumes: [np.float64(228723.0), np.float64(339759.0), np.float64(680819.0), np.float64(395475.0)]
2025-05-09 19:45:31,298 - INFO - 
2. Post-Cross Movement (30min):
5min Price Changes (%): ['0.074']
Maximum Change: 0.074% after 5 minutes
Candle Analysis:
    Body Sizes (%): ['0.043']
    Upper Shadows (%): ['0.066']
    Lower Shadows (%): ['0.051']
Volumes: [np.float64(41065.0)]
==================================================
2025-05-09 19:45:31,961 - INFO - 
==================================================
EMA Cross Analysis - PHA/USDT
Time: 2025-05-09 19:45:00+09:00
Type: golden
Cross Character (Current): Weak
Cross Character (New): Weak
Price at Cross: 0.1342

1. Pre-Cross Pattern (15min):
EMA Distance Changes (%): ['0.171', '0.104', '0.051', '0.003']
EMA12 Changes (%): ['-0.026', '0.103', '0.088', '0.098']
Price Changes (%): ['-0.516', '0.813', '0.007', '0.149']
Candle Analysis:
    Body Sizes (%): ['0.516', '0.828', '0.030', '0.149']
    Upper Shadows (%): ['0.157', '0.060', '0.306', '0.075']
    Lower Shadows (%): ['0.210', '0.105', '0.351', '0.007']
Volumes: [np.float64(58490.0), np.float64(246340.0), np.float64(102599.0), np.float64(24799.0)]
2025-05-09 19:45:31,961 - INFO - 
2. Post-Cross Movement (30min):
5min Price Changes (%): []
Maximum Change: 0.000% after 0 minutes
Candle Analysis:
    Body Sizes (%): []
    Upper Shadows (%): []
    Lower Shadows (%): []
Volumes: []
==================================================
2025-05-09 19:45:33,397 - INFO - 
==================================================
EMA Cross Analysis - GRASS/USDT
Time: 2025-05-09 19:40:00+09:00
Type: golden
Cross Character (Current): Weak
Cross Character (New): Weak
Price at Cross: 1.6413

1. Pre-Cross Pattern (15min):
EMA Distance Changes (%): ['0.090', '0.082', '0.006', '0.107']
EMA12 Changes (%): ['0.134', '0.004', '0.135', '0.219']
Price Changes (%): ['0.172', '-0.706', '0.854', '0.681']
Candle Analysis:
    Body Sizes (%): ['0.172', '0.706', '0.848', '0.669']
    Upper Shadows (%): ['0.068', '0.000', '0.093', '0.337']
    Lower Shadows (%): ['0.258', '0.221', '0.223', '0.000']
Volumes: [np.float64(21864.0), np.float64(80794.8), np.float64(65951.7), np.float64(173548.3)]
2025-05-09 19:45:33,397 - INFO - 
2. Post-Cross Movement (30min):
5min Price Changes (%): ['0.104']
Maximum Change: 0.104% after 5 minutes
Candle Analysis:
    Body Sizes (%): ['0.079']
    Upper Shadows (%): ['0.146']
    Lower Shadows (%): ['0.012']
Volumes: [np.float64(4143.3)]
==================================================
2025-05-09 19:50:10,206 - INFO - 
==================================================
EMA Cross Analysis - PHA/USDT
Time: 2025-05-09 19:50:00+09:00
Type: golden
Cross Character (Current): Weak
Cross Character (New): Weak
Price at Cross: 0.13385

1. Pre-Cross Pattern (15min):
EMA Distance Changes (%): ['0.104', '0.051', '0.021', '0.006']
EMA12 Changes (%): ['0.103', '0.088', '0.051', '0.049']
Price Changes (%): ['0.813', '0.007', '-0.149', '0.037']
Candle Analysis:
    Body Sizes (%): ['0.828', '0.030', '0.149', '0.000']
    Upper Shadows (%): ['0.060', '0.306', '0.224', '0.000']
    Lower Shadows (%): ['0.105', '0.351', '0.075', '0.000']
Volumes: [np.float64(246340.0), np.float64(102599.0), np.float64(53800.0), np.float64(1264.0)]
2025-05-09 19:50:10,207 - INFO - 
2. Post-Cross Movement (30min):
5min Price Changes (%): []
Maximum Change: 0.000% after 0 minutes
Candle Analysis:
    Body Sizes (%): []
    Upper Shadows (%): []
    Lower Shadows (%): []
Volumes: []
==================================================
2025-05-09 19:55:53,477 - INFO - 
==================================================
EMA Cross Analysis - BAN/USDT
Time: 2025-05-09 19:50:00+09:00
Type: golden
Cross Character (Current): Weak
Cross Character (New): Weak
Price at Cross: 0.06786

1. Pre-Cross Pattern (15min):
EMA Distance Changes (%): ['0.071', '0.071', '0.057', '0.009']
EMA12 Changes (%): ['-0.039', '-0.010', '0.016', '0.119']
Price Changes (%): ['0.119', '0.149', '0.163', '0.682']
Candle Analysis:
    Body Sizes (%): ['0.134', '0.134', '0.163', '0.653']
    Upper Shadows (%): ['0.134', '0.134', '0.253', '0.074']
    Lower Shadows (%): ['0.134', '0.060', '0.059', '0.089']
Volumes: [np.float64(201364.0), np.float64(272717.0), np.float64(421454.0), np.float64(503994.0)]
2025-05-09 19:55:53,477 - INFO - 
2. Post-Cross Movement (30min):
5min Price Changes (%): ['0.545']
Maximum Change: 0.545% after 5 minutes
Candle Analysis:
    Body Sizes (%): ['0.545']
    Upper Shadows (%): ['0.221']
    Lower Shadows (%): ['0.074']
Volumes: [np.float64(381829.0)]
==================================================
2025-05-09 19:55:56,760 - INFO - 
==================================================
EMA Cross Analysis - PHA/USDT
Time: 2025-05-09 19:50:00+09:00
Type: golden
Cross Character (Current): Weak
Cross Character (New): Weak
Price at Cross: 0.13381

1. Pre-Cross Pattern (15min):
EMA Distance Changes (%): ['0.104', '0.051', '0.021', '0.004']
EMA12 Changes (%): ['0.103', '0.088', '0.051', '0.045']
Price Changes (%): ['0.813', '0.007', '-0.149', '0.007']
Candle Analysis:
    Body Sizes (%): ['0.828', '0.030', '0.149', '0.030']
    Upper Shadows (%): ['0.060', '0.306', '0.224', '0.112']
    Lower Shadows (%): ['0.105', '0.351', '0.075', '0.269']
Volumes: [np.float64(246340.0), np.float64(102599.0), np.float64(53800.0), np.float64(89968.0)]
2025-05-09 19:55:56,760 - INFO - 
2. Post-Cross Movement (30min):
5min Price Changes (%): ['0.329']
Maximum Change: 0.329% after 5 minutes
Candle Analysis:
    Body Sizes (%): ['0.329']
    Upper Shadows (%): ['0.037']
    Lower Shadows (%): ['0.000']
Volumes: [np.float64(11761.0)]
==================================================
2025-05-09 19:56:02,696 - INFO - 
==================================================
EMA Cross Analysis - ZEN/USDT
Time: 2025-05-09 19:55:00+09:00
Type: golden
Cross Character (Current): Weak
Cross Character (New): Weak
Price at Cross: 10.088

1. Pre-Cross Pattern (15min):
EMA Distance Changes (%): ['0.141', '0.081', '0.038', '0.019']
EMA12 Changes (%): ['0.026', '0.094', '0.072', '0.106']
Price Changes (%): ['0.290', '0.469', '-0.050', '0.288']
Candle Analysis:
    Body Sizes (%): ['0.270', '0.499', '0.020', '0.298']
    Upper Shadows (%): ['0.070', '0.080', '0.199', '0.060']
    Lower Shadows (%): ['0.170', '0.030', '0.119', '0.080']
Volumes: [np.float64(3393.5), np.float64(7606.1), np.float64(5778.5), np.float64(1341.6)]
2025-05-09 19:56:02,696 - INFO - 
2. Post-Cross Movement (30min):
5min Price Changes (%): []
Maximum Change: 0.000% after 0 minutes
Candle Analysis:
    Body Sizes (%): []
    Upper Shadows (%): []
    Lower Shadows (%): []
Volumes: []
==================================================
2025-05-09 19:56:03,349 - INFO - 
==================================================
EMA Cross Analysis - BRETT/USDT
Time: 2025-05-09 19:50:00+09:00
Type: golden
Cross Character (Current): Weak
Cross Character (New): Weak
Price at Cross: 0.08151

1. Pre-Cross Pattern (15min):
EMA Distance Changes (%): ['0.112', '0.093', '0.050', '0.030']
EMA12 Changes (%): ['-0.022', '0.019', '0.070', '0.149']
Price Changes (%): ['0.499', '0.248', '0.347', '0.580']
Candle Analysis:
    Body Sizes (%): ['0.549', '0.261', '0.322', '0.617']
    Upper Shadows (%): ['0.150', '0.199', '0.223', '0.000']
    Lower Shadows (%): ['0.175', '0.273', '0.099', '0.025']
Volumes: [np.float64(786888.0), np.float64(1136319.0), np.float64(1088744.0), np.float64(1634774.0)]
2025-05-09 19:56:03,349 - INFO - 
2. Post-Cross Movement (30min):
5min Price Changes (%): ['0.123']
Maximum Change: 0.123% after 5 minutes
Candle Analysis:
    Body Sizes (%): ['0.147']
    Upper Shadows (%): ['0.380']
    Lower Shadows (%): ['0.049']
Volumes: [np.float64(815786.0)]
==================================================
2025-05-09 20:00:40,496 - INFO - 
==================================================
EMA Cross Analysis - ZEN/USDT
Time: 2025-05-09 19:55:00+09:00
Type: golden
Cross Character (Current): Weak
Cross Character (New): Weak
Price at Cross: 10.103

1. Pre-Cross Pattern (15min):
EMA Distance Changes (%): ['0.141', '0.081', '0.038', '0.031']
EMA12 Changes (%): ['0.026', '0.094', '0.072', '0.129']
Price Changes (%): ['0.290', '0.469', '-0.050', '0.437']
Candle Analysis:
    Body Sizes (%): ['0.270', '0.499', '0.020', '0.447']
    Upper Shadows (%): ['0.070', '0.080', '0.199', '0.000']
    Lower Shadows (%): ['0.170', '0.030', '0.119', '0.080']
Volumes: [np.float64(3393.5), np.float64(7606.1), np.float64(5778.5), np.float64(6452.7)]
2025-05-09 20:00:40,496 - INFO - 
2. Post-Cross Movement (30min):
5min Price Changes (%): ['-0.208']
Maximum Change: -0.208% after 5 minutes
Candle Analysis:
    Body Sizes (%): ['0.149']
    Upper Shadows (%): ['0.010']
    Lower Shadows (%): ['0.109']
Volumes: [np.float64(628.6)]
==================================================
2025-05-09 20:10:56,801 - INFO - 
==================================================
EMA Cross Analysis - BAKE/USDT
Time: 2025-05-09 20:10:00+09:00
Type: golden
Cross Character (Current): Weak
Cross Character (New): Weak
Price at Cross: 0.1393

1. Pre-Cross Pattern (15min):
EMA Distance Changes (%): ['0.106', '0.071', '0.014', '0.059']
EMA12 Changes (%): ['0.115', '0.052', '0.100', '0.140']
Price Changes (%): ['0.144', '-0.288', '0.362', '0.360']
Candle Analysis:
    Body Sizes (%): ['0.072', '0.288', '0.362', '0.288']
    Upper Shadows (%): ['0.144', '0.144', '0.000', '0.360']
    Lower Shadows (%): ['0.144', '0.144', '0.289', '0.000']
Volumes: [np.float64(796915.0), np.float64(345576.0), np.float64(266112.0), np.float64(306842.0)]
2025-05-09 20:10:56,801 - INFO - 
2. Post-Cross Movement (30min):
5min Price Changes (%): []
Maximum Change: 0.000% after 0 minutes
Candle Analysis:
    Body Sizes (%): []
    Upper Shadows (%): []
    Lower Shadows (%): []
Volumes: []
==================================================
2025-05-09 20:10:58,764 - INFO - 
==================================================
EMA Cross Analysis - ORDI/USDT
Time: 2025-05-09 20:05:00+09:00
Type: golden
Cross Character (Current): Weak
Cross Character (New): Weak
Price at Cross: 9.056

1. Pre-Cross Pattern (15min):
EMA Distance Changes (%): ['0.112', '0.051', '0.025', '0.031']
EMA12 Changes (%): ['0.056', '0.102', '0.042', '0.105']
Price Changes (%): ['-0.022', '0.355', '-0.288', '0.455']
Candle Analysis:
    Body Sizes (%): ['0.011', '0.366', '0.321', '0.433']
    Upper Shadows (%): ['0.355', '0.000', '0.232', '0.000']
    Lower Shadows (%): ['0.189', '0.111', '0.287', '0.322']
Volumes: [np.float64(41521.3), np.float64(23006.8), np.float64(58845.4), np.float64(20831.4)]
2025-05-09 20:10:58,765 - INFO - 
2. Post-Cross Movement (30min):
5min Price Changes (%): ['0.254']
Maximum Change: 0.254% after 5 minutes
Candle Analysis:
    Body Sizes (%): ['0.232']
    Upper Shadows (%): ['0.044']
    Lower Shadows (%): ['0.000']
Volumes: [np.float64(4549.6)]
==================================================
2025-05-09 20:11:01,249 - INFO - 
==================================================
EMA Cross Analysis - EOS/USDT
Time: 2025-05-09 20:05:00+09:00
Type: golden
Cross Character (Current): Weak
Cross Character (New): Weak
Price at Cross: 0.858

1. Pre-Cross Pattern (15min):
EMA Distance Changes (%): ['0.042', '0.016', '0.032', '0.011']
EMA12 Changes (%): ['0.053', '0.045', '-0.034', '0.079']
Price Changes (%): ['-0.117', '0.000', '-0.467', '0.704']
Candle Analysis:
    Body Sizes (%): ['0.000', '0.117', '0.351', '0.704']
    Upper Shadows (%): ['0.234', '0.117', '0.117', '0.000']
    Lower Shadows (%): ['0.117', '0.233', '0.117', '0.000']
Volumes: [np.float64(856567.3), np.float64(1475428.2), np.float64(894705.3), np.float64(697971.5)]
2025-05-09 20:11:01,249 - INFO - 
2. Post-Cross Movement (30min):
5min Price Changes (%): ['0.117']
Maximum Change: 0.117% after 5 minutes
Candle Analysis:
    Body Sizes (%): ['0.233']
    Upper Shadows (%): ['0.233']
    Lower Shadows (%): ['0.000']
Volumes: [np.float64(371852.5)]
==================================================
2025-05-09 20:11:04,903 - INFO - 
==================================================
EMA Cross Analysis - USUAL/USDT
Time: 2025-05-09 20:10:00+09:00
Type: golden
Cross Character (Current): Weak
Cross Character (New): Weak
Price at Cross: 0.1469

1. Pre-Cross Pattern (15min):
EMA Distance Changes (%): ['0.185', '0.179', '0.033', '0.086']
EMA12 Changes (%): ['0.150', '-0.012', '0.256', '0.227']
Price Changes (%): ['0.206', '-0.893', '1.733', '0.068']
Candle Analysis:
    Body Sizes (%): ['0.275', '0.757', '1.733', '0.068']
    Upper Shadows (%): ['0.344', '0.000', '0.624', '0.136']
    Lower Shadows (%): ['0.069', '0.069', '0.000', '0.204']
Volumes: [np.float64(970802.0), np.float64(1017666.0), np.float64(4714615.0), np.float64(335897.0)]
2025-05-09 20:11:04,903 - INFO - 
2. Post-Cross Movement (30min):
5min Price Changes (%): []
Maximum Change: 0.000% after 0 minutes
Candle Analysis:
    Body Sizes (%): []
    Upper Shadows (%): []
    Lower Shadows (%): []
Volumes: []
==================================================
2025-05-09 20:15:34,307 - INFO - 
==================================================
EMA Cross Analysis - BAKE/USDT
Time: 2025-05-09 20:10:00+09:00
Type: golden
Cross Character (Current): Weak
Cross Character (New): Weak
Price at Cross: 0.1391

1. Pre-Cross Pattern (15min):
EMA Distance Changes (%): ['0.106', '0.071', '0.014', '0.047']
EMA12 Changes (%): ['0.115', '0.052', '0.100', '0.118']
Price Changes (%): ['0.144', '-0.288', '0.362', '0.216']
Candle Analysis:
    Body Sizes (%): ['0.072', '0.288', '0.362', '0.144']
    Upper Shadows (%): ['0.144', '0.144', '0.000', '0.504']
    Lower Shadows (%): ['0.144', '0.144', '0.289', '0.000']
Volumes: [np.float64(796915.0), np.float64(345576.0), np.float64(266112.0), np.float64(450532.0)]
2025-05-09 20:15:34,307 - INFO - 
2. Post-Cross Movement (30min):
5min Price Changes (%): ['0.000']
Maximum Change: 0.000% after 0 minutes
Candle Analysis:
    Body Sizes (%): ['0.072']
    Upper Shadows (%): ['0.000']
    Lower Shadows (%): ['0.000']
Volumes: [np.float64(17957.0)]
==================================================
2025-05-09 20:15:40,078 - INFO - 
==================================================
EMA Cross Analysis - AIXBT/USDT
Time: 2025-05-09 20:15:00+09:00
Type: dead
Cross Character (Current): Strong
Cross Character (New): Weak
Price at Cross: 0.21606

1. Pre-Cross Pattern (15min):
EMA Distance Changes (%): ['0.414', '0.227', '0.049', '0.092']
EMA12 Changes (%): ['-0.249', '-0.300', '-0.305', '-0.261']
Price Changes (%): ['-2.738', '-0.587', '-0.332', '-0.019']
Candle Analysis:
    Body Sizes (%): ['2.725', '0.569', '0.332', '0.014']
    Upper Shadows (%): ['0.040', '0.110', '0.563', '0.060']
    Lower Shadows (%): ['0.161', '0.183', '0.189', '0.301']
Volumes: [np.float64(3441426.0), np.float64(3752716.0), np.float64(1671547.0), np.float64(309984.0)]
2025-05-09 20:15:40,078 - INFO - 
2. Post-Cross Movement (30min):
5min Price Changes (%): []
Maximum Change: 0.000% after 0 minutes
Candle Analysis:
    Body Sizes (%): []
    Upper Shadows (%): []
    Lower Shadows (%): []
Volumes: []
==================================================
2025-05-09 20:15:43,224 - INFO - 
==================================================
EMA Cross Analysis - USUAL/USDT
Time: 2025-05-09 20:10:00+09:00
Type: golden
Cross Character (Current): Weak
Cross Character (New): Weak
Price at Cross: 0.1473

1. Pre-Cross Pattern (15min):
EMA Distance Changes (%): ['0.185', '0.179', '0.033', '0.107']
EMA12 Changes (%): ['0.150', '-0.012', '0.256', '0.269']
Price Changes (%): ['0.206', '-0.893', '1.733', '0.341']
Candle Analysis:
    Body Sizes (%): ['0.275', '0.757', '1.733', '0.341']
    Upper Shadows (%): ['0.344', '0.000', '0.624', '0.409']
    Lower Shadows (%): ['0.069', '0.069', '0.000', '0.204']
Volumes: [np.float64(970802.0), np.float64(1017666.0), np.float64(4714615.0), np.float64(1958253.0)]
2025-05-09 20:15:43,225 - INFO - 
2. Post-Cross Movement (30min):
5min Price Changes (%): ['0.000']
Maximum Change: 0.000% after 0 minutes
Candle Analysis:
    Body Sizes (%): ['0.068']
    Upper Shadows (%): ['0.408']
    Lower Shadows (%): ['0.408']
Volumes: [np.float64(1394091.0)]
==================================================
2025-05-09 20:20:13,254 - INFO - 
==================================================
EMA Cross Analysis - ACX/USDT
Time: 2025-05-09 20:20:00+09:00
Type: golden
Cross Character (Current): Weak
Cross Character (New): Weak
Price at Cross: 0.2474

1. Pre-Cross Pattern (15min):
EMA Distance Changes (%): ['0.127', '0.094', '0.020', '0.040']
EMA12 Changes (%): ['0.101', '0.048', '0.128', '0.115']
Price Changes (%): ['0.366', '-0.243', '0.569', '0.040']
Candle Analysis:
    Body Sizes (%): ['0.326', '0.284', '0.569', '0.040']
    Upper Shadows (%): ['0.285', '0.081', '0.122', '0.000']
    Lower Shadows (%): ['0.244', '0.081', '0.041', '0.000']
Volumes: [np.float64(74954.4), np.float64(57690.0), np.float64(37770.2), np.float64(1813.6)]
2025-05-09 20:20:13,254 - INFO - 
2. Post-Cross Movement (30min):
5min Price Changes (%): []
Maximum Change: 0.000% after 0 minutes
Candle Analysis:
    Body Sizes (%): []
    Upper Shadows (%): []
    Lower Shadows (%): []
Volumes: []
==================================================
2025-05-09 20:25:59,344 - INFO - 
==================================================
EMA Cross Analysis - ACX/USDT
Time: 2025-05-09 20:20:00+09:00
Type: golden
Cross Character (Current): Weak
Cross Character (New): Weak
Price at Cross: 0.2477

1. Pre-Cross Pattern (15min):
EMA Distance Changes (%): ['0.127', '0.094', '0.020', '0.050']
EMA12 Changes (%): ['0.101', '0.048', '0.128', '0.133']
Price Changes (%): ['0.366', '-0.243', '0.569', '0.162']
Candle Analysis:
    Body Sizes (%): ['0.326', '0.284', '0.569', '0.162']
    Upper Shadows (%): ['0.285', '0.081', '0.122', '0.162']
    Lower Shadows (%): ['0.244', '0.081', '0.041', '0.121']
Volumes: [np.float64(74954.4), np.float64(57690.0), np.float64(37770.2), np.float64(28952.3)]
2025-05-09 20:25:59,344 - INFO - 
2. Post-Cross Movement (30min):
5min Price Changes (%): ['-0.121']
Maximum Change: -0.121% after 5 minutes
Candle Analysis:
    Body Sizes (%): ['0.121']
    Upper Shadows (%): ['0.000']
    Lower Shadows (%): ['0.081']
Volumes: [np.float64(5171.6)]
==================================================
2025-05-09 20:30:34,076 - INFO - 
==================================================
EMA Cross Analysis - DOGS/USDT
Time: 2025-05-09 20:30:00+09:00
Type: dead
Cross Character (Current): Weak
Cross Character (New): Weak
Price at Cross: 0.0001876

1. Pre-Cross Pattern (15min):
EMA Distance Changes (%): ['0.167', '0.248', '0.119', '0.015']
EMA12 Changes (%): ['0.095', '0.185', '-0.222', '-0.237']
Price Changes (%): ['0.736', '0.678', '-2.436', '-0.319']
Candle Analysis:
    Body Sizes (%): ['0.736', '0.678', '2.487', '0.319']
    Upper Shadows (%): ['0.210', '0.418', '0.052', '0.000']
    Lower Shadows (%): ['0.053', '0.052', '0.777', '0.213']
Volumes: [np.float64(383191691.0), np.float64(876777075.0), np.float64(3059628922.0), np.float64(138831349.0)]
2025-05-09 20:30:34,076 - INFO - 
2. Post-Cross Movement (30min):
5min Price Changes (%): []
Maximum Change: 0.000% after 0 minutes
Candle Analysis:
    Body Sizes (%): []
    Upper Shadows (%): []
    Lower Shadows (%): []
Volumes: []
==================================================
2025-05-09 20:30:36,296 - INFO - 
==================================================
EMA Cross Analysis - 1000PEPE/USDT
Time: 2025-05-09 20:25:00+09:00
Type: dead
Cross Character (Current): Strong
Cross Character (New): Strong
Price at Cross: 0.0126449

1. Pre-Cross Pattern (15min):
EMA Distance Changes (%): ['0.375', '0.265', '0.193', '0.074']
EMA12 Changes (%): ['-0.158', '-0.159', '-0.098', '-0.483']
Price Changes (%): ['0.539', '-0.163', '0.239', '-2.612']
Candle Analysis:
    Body Sizes (%): ['0.539', '0.170', '0.230', '2.604']
    Upper Shadows (%): ['0.384', '0.577', '0.499', '0.119']
    Lower Shadows (%): ['0.000', '0.103', '0.103', '1.066']
Volumes: [np.float64(1079676672.0), np.float64(965502708.0), np.float64(757488131.0), np.float64(3864445822.0)]
2025-05-09 20:30:36,296 - INFO - 
2. Post-Cross Movement (30min):
5min Price Changes (%): ['-0.241']
Maximum Change: -0.241% after 5 minutes
Candle Analysis:
    Body Sizes (%): ['0.238']
    Upper Shadows (%): ['0.104']
    Lower Shadows (%): ['0.418']
Volumes: [np.float64(191664183.0)]
==================================================
2025-05-09 20:30:36,512 - INFO - 
==================================================
EMA Cross Analysis - ACX/USDT
Time: 2025-05-09 20:30:00+09:00
Type: dead
Cross Character (Current): Weak
Cross Character (New): Weak
Price at Cross: 0.2443

1. Pre-Cross Pattern (15min):
EMA Distance Changes (%): ['0.020', '0.050', '0.011', '0.036']
EMA12 Changes (%): ['0.128', '0.133', '-0.069', '-0.089']
Price Changes (%): ['0.569', '0.162', '-1.171', '-0.204']
Candle Analysis:
    Body Sizes (%): ['0.569', '0.162', '1.171', '0.204']
    Upper Shadows (%): ['0.122', '0.162', '0.121', '0.000']
    Lower Shadows (%): ['0.041', '0.121', '0.767', '0.082']
Volumes: [np.float64(37770.2), np.float64(28952.3), np.float64(481453.9), np.float64(9215.6)]
2025-05-09 20:30:36,512 - INFO - 
2. Post-Cross Movement (30min):
5min Price Changes (%): []
Maximum Change: 0.000% after 0 minutes
Candle Analysis:
    Body Sizes (%): []
    Upper Shadows (%): []
    Lower Shadows (%): []
Volumes: []
==================================================
2025-05-09 20:30:40,256 - INFO - 
==================================================
EMA Cross Analysis - EOS/USDT
Time: 2025-05-09 20:30:00+09:00
Type: dead
Cross Character (Current): Weak
Cross Character (New): Weak
Price at Cross: 0.849

1. Pre-Cross Pattern (15min):
EMA Distance Changes (%): ['0.089', '0.123', '0.056', '0.008']
EMA12 Changes (%): ['0.093', '0.078', '-0.113', '-0.114']
Price Changes (%): ['0.233', '0.000', '-1.163', '-0.118']
Candle Analysis:
    Body Sizes (%): ['0.350', '0.116', '1.163', '0.000']
    Upper Shadows (%): ['0.117', '0.116', '0.116', '0.236']
    Lower Shadows (%): ['0.117', '0.116', '0.698', '0.236']
Volumes: [np.float64(1201725.8), np.float64(666318.0), np.float64(3584352.7), np.float64(241068.1)]
2025-05-09 20:30:40,257 - INFO - 
2. Post-Cross Movement (30min):
5min Price Changes (%): []
Maximum Change: 0.000% after 0 minutes
Candle Analysis:
    Body Sizes (%): []
    Upper Shadows (%): []
    Lower Shadows (%): []
Volumes: []
==================================================
2025-05-09 20:30:43,576 - INFO - 
==================================================
EMA Cross Analysis - ZEN/USDT
Time: 2025-05-09 20:30:00+09:00
Type: dead
Cross Character (Current): Weak
Cross Character (New): Weak
Price at Cross: 9.957

1. Pre-Cross Pattern (15min):
EMA Distance Changes (%): ['0.098', '0.160', '0.077', '0.001']
EMA12 Changes (%): ['0.095', '0.135', '-0.141', '-0.138']
Price Changes (%): ['0.598', '0.356', '-1.648', '-0.120']
Candle Analysis:
    Body Sizes (%): ['0.598', '0.386', '1.628', '0.120']
    Upper Shadows (%): ['0.159', '0.129', '0.651', '0.070']
    Lower Shadows (%): ['0.000', '0.158', '0.701', '0.321']
Volumes: [np.float64(3239.5), np.float64(5050.0), np.float64(39904.4), np.float64(1295.1)]
2025-05-09 20:30:43,576 - INFO - 
2. Post-Cross Movement (30min):
5min Price Changes (%): []
Maximum Change: 0.000% after 0 minutes
Candle Analysis:
    Body Sizes (%): []
    Upper Shadows (%): []
    Lower Shadows (%): []
Volumes: []
==================================================
2025-05-09 20:35:13,835 - INFO - 
==================================================
EMA Cross Analysis - ACX/USDT
Time: 2025-05-09 20:30:00+09:00
Type: dead
Cross Character (Current): Weak
Cross Character (New): Weak
Price at Cross: 0.2445

1. Pre-Cross Pattern (15min):
EMA Distance Changes (%): ['0.020', '0.050', '0.011', '0.030']
EMA12 Changes (%): ['0.128', '0.133', '-0.069', '-0.077']
Price Changes (%): ['0.569', '0.162', '-1.171', '-0.123']
Candle Analysis:
    Body Sizes (%): ['0.569', '0.162', '1.171', '0.123']
    Upper Shadows (%): ['0.122', '0.162', '0.121', '0.204']
    Lower Shadows (%): ['0.041', '0.121', '0.767', '0.531']
Volumes: [np.float64(37770.2), np.float64(28952.3), np.float64(481453.9), np.float64(96436.3)]
2025-05-09 20:35:13,835 - INFO - 
2. Post-Cross Movement (30min):
5min Price Changes (%): ['0.000']
Maximum Change: 0.000% after 0 minutes
Candle Analysis:
    Body Sizes (%): ['0.041']
    Upper Shadows (%): ['0.041']
    Lower Shadows (%): ['0.000']
Volumes: [np.float64(3681.0)]
==================================================
2025-05-09 20:40:56,950 - INFO - 
==================================================
EMA Cross Analysis - DOGS/USDT
Time: 2025-05-09 20:40:00+09:00
Type: dead
Cross Character (Current): Weak
Cross Character (New): Weak
Price at Cross: 0.0001894

1. Pre-Cross Pattern (15min):
EMA Distance Changes (%): ['0.119', '0.074', '0.026', '0.012']
EMA12 Changes (%): ['-0.222', '-0.068', '-0.081', '-0.069']
Price Changes (%): ['-2.436', '0.797', '-0.158', '0.000']
Candle Analysis:
    Body Sizes (%): ['2.487', '0.797', '0.158', '0.000']
    Upper Shadows (%): ['0.052', '0.159', '0.211', '0.211']
    Lower Shadows (%): ['0.777', '0.531', '0.474', '0.106']
Volumes: [np.float64(3059628922.0), np.float64(966720538.0), np.float64(733716082.0), np.float64(71660375.0)]
2025-05-09 20:40:56,950 - INFO - 
2. Post-Cross Movement (30min):
5min Price Changes (%): []
Maximum Change: 0.000% after 0 minutes
Candle Analysis:
    Body Sizes (%): []
    Upper Shadows (%): []
    Lower Shadows (%): []
Volumes: []
==================================================
2025-05-09 20:41:00,751 - INFO - 
==================================================
EMA Cross Analysis - ORDI/USDT
Time: 2025-05-09 20:40:00+09:00
Type: dead
Cross Character (Current): Weak
Cross Character (New): Weak
Price at Cross: 8.942

1. Pre-Cross Pattern (15min):
EMA Distance Changes (%): ['0.142', '0.097', '0.028', '0.037']
EMA12 Changes (%): ['-0.178', '-0.066', '-0.119', '-0.121']
Price Changes (%): ['-2.327', '0.559', '-0.412', '-0.134']
Candle Analysis:
    Body Sizes (%): ['2.316', '0.582', '0.434', '0.145']
    Upper Shadows (%): ['0.044', '0.089', '0.056', '0.179']
    Lower Shadows (%): ['0.677', '0.503', '0.400', '0.022']
Volumes: [np.float64(140023.9), np.float64(35284.9), np.float64(22884.2), np.float64(4619.9)]
2025-05-09 20:41:00,751 - INFO - 
2. Post-Cross Movement (30min):
5min Price Changes (%): []
Maximum Change: 0.000% after 0 minutes
Candle Analysis:
    Body Sizes (%): []
    Upper Shadows (%): []
    Lower Shadows (%): []
Volumes: []
==================================================
2025-05-09 20:41:03,238 - INFO - 
==================================================
EMA Cross Analysis - EOS/USDT
Time: 2025-05-09 20:35:00+09:00
Type: dead
Cross Character (Current): Weak
Cross Character (New): Weak
Price at Cross: 0.851

1. Pre-Cross Pattern (15min):
EMA Distance Changes (%): ['0.123', '0.056', '0.030', '0.010']
EMA12 Changes (%): ['0.078', '-0.113', '-0.042', '-0.072']
Price Changes (%): ['0.000', '-1.163', '0.353', '-0.234']
Candle Analysis:
    Body Sizes (%): ['0.116', '1.163', '0.471', '0.234']
    Upper Shadows (%): ['0.116', '0.116', '0.118', '0.000']
    Lower Shadows (%): ['0.116', '0.698', '0.236', '0.352']
Volumes: [np.float64(666318.0), np.float64(3584352.7), np.float64(1258752.8), np.float64(636702.9)]
2025-05-09 20:41:03,239 - INFO - 
2. Post-Cross Movement (30min):
5min Price Changes (%): ['-0.118']
Maximum Change: -0.118% after 5 minutes
Candle Analysis:
    Body Sizes (%): ['0.118']
    Upper Shadows (%): ['0.000']
    Lower Shadows (%): ['0.000']
Volumes: [np.float64(60990.5)]
==================================================
2025-05-09 20:41:06,544 - INFO - 
==================================================
EMA Cross Analysis - ZEN/USDT
Time: 2025-05-09 20:40:00+09:00
Type: dead
Cross Character (Current): Weak
Cross Character (New): Weak
Price at Cross: 9.997

1. Pre-Cross Pattern (15min):
EMA Distance Changes (%): ['0.077', '0.050', '0.003', '0.027']
EMA12 Changes (%): ['-0.141', '-0.041', '-0.082', '-0.058']
Price Changes (%): ['-1.648', '0.512', '-0.309', '0.080']
Candle Analysis:
    Body Sizes (%): ['1.628', '0.512', '0.299', '0.080']
    Upper Shadows (%): ['0.651', '0.191', '0.110', '0.140']
    Lower Shadows (%): ['0.701', '0.441', '0.339', '0.000']
Volumes: [np.float64(39904.4), np.float64(11823.4), np.float64(3413.8), np.float64(592.1)]
2025-05-09 20:41:06,544 - INFO - 
2. Post-Cross Movement (30min):
5min Price Changes (%): []
Maximum Change: 0.000% after 0 minutes
Candle Analysis:
    Body Sizes (%): []
    Upper Shadows (%): []
    Lower Shadows (%): []
Volumes: []
==================================================
2025-05-09 20:41:07,222 - INFO - 
==================================================
EMA Cross Analysis - BRETT/USDT
Time: 2025-05-09 20:40:00+09:00
Type: dead
Cross Character (Current): Strong
Cross Character (New): Weak
Price at Cross: 0.08003

1. Pre-Cross Pattern (15min):
EMA Distance Changes (%): ['0.303', '0.240', '0.108', '0.016']
EMA12 Changes (%): ['-0.151', '-0.077', '-0.222', '-0.220']
Price Changes (%): ['-2.299', '0.334', '-1.024', '-0.212']
Candle Analysis:
    Body Sizes (%): ['2.322', '0.347', '1.073', '0.200']
    Upper Shadows (%): ['0.060', '0.582', '0.025', '0.050']
    Lower Shadows (%): ['1.318', '0.842', '0.271', '0.025']
Volumes: [np.float64(9463861.0), np.float64(3057751.0), np.float64(1305357.0), np.float64(342065.0)]
2025-05-09 20:41:07,222 - INFO - 
2. Post-Cross Movement (30min):
5min Price Changes (%): []
Maximum Change: 0.000% after 0 minutes
Candle Analysis:
    Body Sizes (%): []
    Upper Shadows (%): []
    Lower Shadows (%): []
Volumes: []
==================================================
2025-05-09 20:50:13,281 - INFO - 
==================================================
EMA Cross Analysis - DOGS/USDT
Time: 2025-05-09 20:45:00+09:00
Type: dead
Cross Character (Current): Weak
Cross Character (New): Weak
Price at Cross: 0.0001892

1. Pre-Cross Pattern (15min):
EMA Distance Changes (%): ['0.074', '0.026', '0.034', '0.014']
EMA12 Changes (%): ['-0.068', '-0.081', '0.020', '-0.088']
Price Changes (%): ['0.797', '-0.158', '0.581', '-0.682']
Candle Analysis:
    Body Sizes (%): ['0.797', '0.158', '0.581', '0.682']
    Upper Shadows (%): ['0.159', '0.211', '0.106', '0.262']
    Lower Shadows (%): ['0.531', '0.474', '0.581', '0.105']
Volumes: [np.float64(966720538.0), np.float64(733716082.0), np.float64(752578116.0), np.float64(549777540.0)]
2025-05-09 20:50:13,281 - INFO - 
2. Post-Cross Movement (30min):
5min Price Changes (%): ['0.000']
Maximum Change: 0.000% after 0 minutes
Candle Analysis:
    Body Sizes (%): ['0.106']
    Upper Shadows (%): ['0.000']
    Lower Shadows (%): ['0.000']
Volumes: [np.float64(3198433.0)]
==================================================
2025-05-09 20:50:16,798 - INFO - 
==================================================
EMA Cross Analysis - PHA/USDT
Time: 2025-05-09 20:50:00+09:00
Type: dead
Cross Character (Current): Weak
Cross Character (New): Weak
Price at Cross: 0.13329

1. Pre-Cross Pattern (15min):
EMA Distance Changes (%): ['0.116', '0.076', '0.022', '0.015']
EMA12 Changes (%): ['-0.139', '-0.058', '-0.093', '-0.068']
Price Changes (%): ['-0.479', '0.391', '-0.284', '0.068']
Candle Analysis:
    Body Sizes (%): ['0.419', '0.376', '0.292', '0.015']
    Upper Shadows (%): ['0.127', '0.113', '0.000', '0.098']
    Lower Shadows (%): ['0.202', '0.248', '0.314', '0.015']
Volumes: [np.float64(202853.0), np.float64(86047.0), np.float64(83661.0), np.float64(1982.0)]
2025-05-09 20:50:16,798 - INFO - 
2. Post-Cross Movement (30min):
5min Price Changes (%): []
Maximum Change: 0.000% after 0 minutes
Candle Analysis:
    Body Sizes (%): []
    Upper Shadows (%): []
    Lower Shadows (%): []
Volumes: []
==================================================
2025-05-09 20:50:17,018 - INFO - 
==================================================
EMA Cross Analysis - ORDI/USDT
Time: 2025-05-09 20:45:00+09:00
Type: dead
Cross Character (Current): Weak
Cross Character (New): Weak
Price at Cross: 8.996

1. Pre-Cross Pattern (15min):
EMA Distance Changes (%): ['0.097', '0.028', '0.013', '0.001']
EMA12 Changes (%): ['-0.066', '-0.119', '-0.025', '-0.025']
Price Changes (%): ['0.559', '-0.412', '0.491', '-0.022']
Candle Analysis:
    Body Sizes (%): ['0.582', '0.434', '0.480', '0.022']
    Upper Shadows (%): ['0.089', '0.056', '0.022', '0.356']
    Lower Shadows (%): ['0.503', '0.400', '0.424', '0.300']
Volumes: [np.float64(35284.9), np.float64(22884.2), np.float64(20022.4), np.float64(18219.1)]
2025-05-09 20:50:17,018 - INFO - 
2. Post-Cross Movement (30min):
5min Price Changes (%): ['-0.078']
Maximum Change: -0.078% after 5 minutes
Candle Analysis:
    Body Sizes (%): ['0.100']
    Upper Shadows (%): ['0.067']
    Lower Shadows (%): ['0.000']
Volumes: [np.float64(276.0)]
==================================================
2025-05-09 20:50:20,518 - INFO - 
==================================================
EMA Cross Analysis - PENGU/USDT
Time: 2025-05-09 20:45:00+09:00
Type: dead
Cross Character (Current): Weak
Cross Character (New): Weak
Price at Cross: 0.01514

1. Pre-Cross Pattern (15min):
EMA Distance Changes (%): ['0.125', '0.059', '0.050', '0.012']
EMA12 Changes (%): ['-0.107', '-0.108', '-0.008', '-0.112']
Price Changes (%): ['0.152', '-0.112', '0.547', '-0.689']
Candle Analysis:
    Body Sizes (%): ['0.178', '0.112', '0.547', '0.682']
    Upper Shadows (%): ['0.165', '0.356', '0.185', '0.092']
    Lower Shadows (%): ['0.521', '0.349', '0.139', '0.013']
Volumes: [np.float64(64151670.0), np.float64(39825827.0), np.float64(28944269.0), np.float64(38392296.0)]
2025-05-09 20:50:20,518 - INFO - 
2. Post-Cross Movement (30min):
5min Price Changes (%): ['0.092']
Maximum Change: 0.092% after 5 minutes
Candle Analysis:
    Body Sizes (%): ['0.079']
    Upper Shadows (%): ['0.013']
    Lower Shadows (%): ['0.000']
Volumes: [np.float64(1175904.0)]
==================================================
2025-05-09 20:50:22,736 - INFO - 
==================================================
EMA Cross Analysis - ZEN/USDT
Time: 2025-05-09 20:45:00+09:00
Type: dead
Cross Character (Current): Weak
Cross Character (New): Weak
Price at Cross: 10.022

1. Pre-Cross Pattern (15min):
EMA Distance Changes (%): ['0.050', '0.003', '0.009', '0.003']
EMA12 Changes (%): ['-0.041', '-0.082', '0.011', '-0.021']
Price Changes (%): ['0.512', '-0.309', '0.531', '-0.199']
Candle Analysis:
    Body Sizes (%): ['0.512', '0.299', '0.531', '0.199']
    Upper Shadows (%): ['0.191', '0.110', '0.100', '0.249']
    Lower Shadows (%): ['0.441', '0.339', '0.130', '0.358']
Volumes: [np.float64(11823.4), np.float64(3413.8), np.float64(7849.5), np.float64(4648.2)]
2025-05-09 20:50:22,736 - INFO - 
2. Post-Cross Movement (30min):
5min Price Changes (%): ['-0.180']
Maximum Change: -0.180% after 5 minutes
Candle Analysis:
    Body Sizes (%): ['0.150']
    Upper Shadows (%): ['0.020']
    Lower Shadows (%): ['0.000']
Volumes: [np.float64(35.7)]
==================================================
2025-05-09 20:56:03,148 - INFO - 
==================================================
EMA Cross Analysis - PHA/USDT
Time: 2025-05-09 20:50:00+09:00
Type: dead
Cross Character (Current): Weak
Cross Character (New): Weak
Price at Cross: 0.13314

1. Pre-Cross Pattern (15min):
EMA Distance Changes (%): ['0.116', '0.076', '0.022', '0.024']
EMA12 Changes (%): ['-0.139', '-0.058', '-0.093', '-0.086']
Price Changes (%): ['-0.479', '0.391', '-0.284', '-0.045']
Candle Analysis:
    Body Sizes (%): ['0.419', '0.376', '0.292', '0.128']
    Upper Shadows (%): ['0.127', '0.113', '0.000', '0.098']
    Lower Shadows (%): ['0.202', '0.248', '0.314', '0.203']
Volumes: [np.float64(202853.0), np.float64(86047.0), np.float64(83661.0), np.float64(87226.0)]
2025-05-09 20:56:03,148 - INFO - 
2. Post-Cross Movement (30min):
5min Price Changes (%): ['0.113']
Maximum Change: 0.113% after 5 minutes
Candle Analysis:
    Body Sizes (%): ['0.135']
    Upper Shadows (%): ['0.023']
    Lower Shadows (%): ['0.038']
Volumes: [np.float64(7415.0)]
==================================================
2025-05-09 20:56:09,565 - INFO - 
==================================================
EMA Cross Analysis - USUAL/USDT
Time: 2025-05-09 20:55:00+09:00
Type: dead
Cross Character (Current): Weak
Cross Character (New): Weak
Price at Cross: 0.1447

1. Pre-Cross Pattern (15min):
EMA Distance Changes (%): ['0.106', '0.087', '0.027', '0.003']
EMA12 Changes (%): ['-0.038', '-0.022', '-0.103', '-0.055']
Price Changes (%): ['0.346', '0.069', '-0.551', '0.208']
Candle Analysis:
    Body Sizes (%): ['0.276', '0.069', '0.551', '0.138']
    Upper Shadows (%): ['0.069', '0.276', '0.069', '0.000']
    Lower Shadows (%): ['0.484', '0.138', '0.069', '0.000']
Volumes: [np.float64(621554.0), np.float64(802528.0), np.float64(322487.0), np.float64(86469.0)]
2025-05-09 20:56:09,565 - INFO - 
2. Post-Cross Movement (30min):
5min Price Changes (%): []
Maximum Change: 0.000% after 0 minutes
Candle Analysis:
    Body Sizes (%): []
    Upper Shadows (%): []
    Lower Shadows (%): []
Volumes: []
==================================================
2025-05-09 21:00:46,618 - INFO - 
==================================================
EMA Cross Analysis - GOAT/USDT
Time: 2025-05-09 20:55:00+09:00
Type: dead
Cross Character (Current): Weak
Cross Character (New): Weak
Price at Cross: 0.11025

1. Pre-Cross Pattern (15min):
EMA Distance Changes (%): ['0.150', '0.120', '0.063', '0.074']
EMA12 Changes (%): ['0.030', '-0.036', '-0.095', '-0.252']
Price Changes (%): ['1.006', '-0.400', '-0.420', '-1.121']
Candle Analysis:
    Body Sizes (%): ['0.997', '0.347', '0.420', '1.094']
    Upper Shadows (%): ['0.458', '0.481', '0.313', '0.431']
    Lower Shadows (%): ['0.072', '0.578', '0.152', '0.386']
Volumes: [np.float64(2317787.0), np.float64(3013068.0), np.float64(1592178.0), np.float64(3430275.0)]
2025-05-09 21:00:46,618 - INFO - 
2. Post-Cross Movement (30min):
5min Price Changes (%): ['-0.136']
Maximum Change: -0.136% after 5 minutes
Candle Analysis:
    Body Sizes (%): ['0.136']
    Upper Shadows (%): ['0.009']
    Lower Shadows (%): ['0.218']
Volumes: [np.float64(485284.0)]
==================================================
2025-05-09 21:00:47,704 - INFO - 
==================================================
EMA Cross Analysis - USUAL/USDT
Time: 2025-05-09 20:55:00+09:00
Type: dead
Cross Character (Current): Weak
Cross Character (New): Weak
Price at Cross: 0.1445

1. Pre-Cross Pattern (15min):
EMA Distance Changes (%): ['0.106', '0.087', '0.027', '0.014']
EMA12 Changes (%): ['-0.038', '-0.022', '-0.103', '-0.077']
Price Changes (%): ['0.346', '0.069', '-0.551', '0.069']
Candle Analysis:
    Body Sizes (%): ['0.276', '0.069', '0.551', '0.000']
    Upper Shadows (%): ['0.069', '0.276', '0.069', '0.346']
    Lower Shadows (%): ['0.484', '0.138', '0.069', '0.069']
Volumes: [np.float64(621554.0), np.float64(802528.0), np.float64(322487.0), np.float64(328352.0)]
2025-05-09 21:00:47,704 - INFO - 
2. Post-Cross Movement (30min):
5min Price Changes (%): ['-0.069']
Maximum Change: -0.069% after 5 minutes
Candle Analysis:
    Body Sizes (%): ['0.069']
    Upper Shadows (%): ['0.138']
    Lower Shadows (%): ['0.069']
Volumes: [np.float64(311720.0)]
==================================================
2025-05-09 21:00:48,600 - INFO - 
==================================================
EMA Cross Analysis - MELANIA/USDT
Time: 2025-05-09 21:00:00+09:00
Type: dead
Cross Character (Current): Strong
Cross Character (New): Weak
Price at Cross: 0.3759

1. Pre-Cross Pattern (15min):
EMA Distance Changes (%): ['0.281', '0.190', '0.057', '0.045']
EMA12 Changes (%): ['-0.137', '-0.136', '-0.228', '-0.185']
Price Changes (%): ['-0.342', '-0.132', '-0.740', '0.053']
Candle Analysis:
    Body Sizes (%): ['0.263', '0.158', '0.714', '0.053']
    Upper Shadows (%): ['0.526', '0.106', '0.132', '0.160']
    Lower Shadows (%): ['0.105', '0.106', '0.185', '0.027']
Volumes: [np.float64(225938.85), np.float64(130117.38), np.float64(263301.69), np.float64(72936.8)]
2025-05-09 21:00:48,600 - INFO - 
2. Post-Cross Movement (30min):
5min Price Changes (%): []
Maximum Change: 0.000% after 0 minutes
Candle Analysis:
    Body Sizes (%): []
    Upper Shadows (%): []
    Lower Shadows (%): []
Volumes: []
==================================================
2025-05-09 21:05:16,007 - INFO - 
==================================================
EMA Cross Analysis - BAN/USDT
Time: 2025-05-09 21:00:00+09:00
Type: dead
Cross Character (Current): Weak
Cross Character (New): Weak
Price at Cross: 0.06559

1. Pre-Cross Pattern (15min):
EMA Distance Changes (%): ['0.301', '0.279', '0.140', '0.149']
EMA12 Changes (%): ['0.019', '0.001', '-0.232', '-0.523']
Price Changes (%): ['-0.103', '-0.103', '-1.513', '-2.148']
Candle Analysis:
    Body Sizes (%): ['0.103', '0.103', '1.513', '2.134']
    Upper Shadows (%): ['0.323', '0.044', '0.073', '0.313']
    Lower Shadows (%): ['0.132', '0.117', '0.764', '1.432']
Volumes: [np.float64(408523.0), np.float64(98265.0), np.float64(1071939.0), np.float64(3151444.0)]
2025-05-09 21:05:16,007 - INFO - 
2. Post-Cross Movement (30min):
5min Price Changes (%): ['0.305']
Maximum Change: 0.305% after 5 minutes
Candle Analysis:
    Body Sizes (%): ['0.397']
    Upper Shadows (%): ['0.000']
    Lower Shadows (%): ['0.076']
Volumes: [np.float64(134363.0)]
==================================================
2025-05-09 21:05:17,312 - INFO - 
==================================================
EMA Cross Analysis - HIPPO/USDT
Time: 2025-05-09 21:00:00+09:00
Type: dead
Cross Character (Current): Strong
Cross Character (New): Strong
Price at Cross: 0.002891

1. Pre-Cross Pattern (15min):
EMA Distance Changes (%): ['3.085', '2.057', '1.020', '0.546']
EMA12 Changes (%): ['-1.577', '-1.425', '-1.621', '-2.536']
Price Changes (%): ['-3.812', '-0.492', '-2.810', '-8.164']
Candle Analysis:
    Body Sizes (%): ['3.897', '0.553', '2.810', '8.164']
    Upper Shadows (%): ['0.325', '1.842', '1.667', '1.048']
    Lower Shadows (%): ['1.506', '0.184', '0.123', '0.858']
Volumes: [np.float64(664699648.0), np.float64(360307052.0), np.float64(552770475.0), np.float64(919595901.0)]
2025-05-09 21:05:17,312 - INFO - 
2. Post-Cross Movement (30min):
5min Price Changes (%): ['0.623']
Maximum Change: 0.623% after 5 minutes
Candle Analysis:
    Body Sizes (%): ['0.588']
    Upper Shadows (%): ['0.311']
    Lower Shadows (%): ['0.968']
Volumes: [np.float64(104688538.0)]
==================================================
2025-05-09 21:05:19,991 - INFO - 
==================================================
EMA Cross Analysis - XLM/USDT
Time: 2025-05-09 21:05:00+09:00
Type: dead
Cross Character (Current): Weak
Cross Character (New): Weak
Price at Cross: 0.30065

1. Pre-Cross Pattern (15min):
EMA Distance Changes (%): ['0.140', '0.084', '0.031', '0.007']
EMA12 Changes (%): ['-0.059', '-0.089', '-0.088', '-0.070']
Price Changes (%): ['-0.063', '-0.255', '-0.083', '0.033']
Candle Analysis:
    Body Sizes (%): ['0.070', '0.252', '0.080', '0.047']
    Upper Shadows (%): ['0.149', '0.133', '0.342', '0.010']
    Lower Shadows (%): ['0.093', '0.265', '0.146', '0.040']
Volumes: [np.float64(1052185.0), np.float64(1416804.0), np.float64(2379833.0), np.float64(83472.0)]
2025-05-09 21:05:19,991 - INFO - 
2. Post-Cross Movement (30min):
5min Price Changes (%): []
Maximum Change: 0.000% after 0 minutes
Candle Analysis:
    Body Sizes (%): []
    Upper Shadows (%): []
    Lower Shadows (%): []
Volumes: []
==================================================
2025-05-09 21:05:22,605 - INFO - 
==================================================
EMA Cross Analysis - WLD/USDT
Time: 2025-05-09 21:00:00+09:00
Type: dead
Cross Character (Current): Strong
Cross Character (New): Weak
Price at Cross: 1.1221

1. Pre-Cross Pattern (15min):
EMA Distance Changes (%): ['0.289', '0.211', '0.095', '0.030']
EMA12 Changes (%): ['-0.096', '-0.109', '-0.194', '-0.224']
Price Changes (%): ['-0.246', '-0.185', '-0.661', '-0.391']
Candle Analysis:
    Body Sizes (%): ['0.228', '0.185', '0.653', '0.399']
    Upper Shadows (%): ['0.378', '0.035', '0.168', '0.506']
    Lower Shadows (%): ['0.228', '0.370', '0.106', '0.328']
Volumes: [np.float64(427955.0), np.float64(484065.0), np.float64(949226.0), np.float64(933702.0)]
2025-05-09 21:05:22,605 - INFO - 
2. Post-Cross Movement (30min):
5min Price Changes (%): ['0.169']
Maximum Change: 0.169% after 5 minutes
Candle Analysis:
    Body Sizes (%): ['0.178']
    Upper Shadows (%): ['0.027']
    Lower Shadows (%): ['0.098']
Volumes: [np.float64(81947.0)]
==================================================
2025-05-09 21:05:26,594 - INFO - 
==================================================
EMA Cross Analysis - MELANIA/USDT
Time: 2025-05-09 21:00:00+09:00
Type: dead
Cross Character (Current): Strong
Cross Character (New): Weak
Price at Cross: 0.3758

1. Pre-Cross Pattern (15min):
EMA Distance Changes (%): ['0.281', '0.190', '0.057', '0.047']
EMA12 Changes (%): ['-0.137', '-0.136', '-0.228', '-0.189']
Price Changes (%): ['-0.342', '-0.132', '-0.740', '0.027']
Candle Analysis:
    Body Sizes (%): ['0.263', '0.158', '0.714', '0.027']
    Upper Shadows (%): ['0.526', '0.106', '0.132', '0.586']
    Lower Shadows (%): ['0.105', '0.106', '0.185', '0.373']
Volumes: [np.float64(225938.85), np.float64(130117.38), np.float64(263301.69), np.float64(428312.99)]
2025-05-09 21:05:26,595 - INFO - 
2. Post-Cross Movement (30min):
5min Price Changes (%): ['0.106']
Maximum Change: 0.106% after 5 minutes
Candle Analysis:
    Body Sizes (%): ['0.106']
    Upper Shadows (%): ['0.027']
    Lower Shadows (%): ['0.080']
Volumes: [np.float64(65433.87)]
==================================================
2025-05-09 21:11:02,536 - INFO - 
==================================================
EMA Cross Analysis - BOME/USDT
Time: 2025-05-09 21:10:00+09:00
Type: dead
Cross Character (Current): Strong
Cross Character (New): Strong
Price at Cross: 0.001871

1. Pre-Cross Pattern (15min):
EMA Distance Changes (%): ['0.511', '0.308', '0.119', '0.066']
EMA12 Changes (%): ['-0.147', '-0.324', '-0.315', '-0.332']
Price Changes (%): ['-0.157', '-1.310', '-0.265', '-0.426']
Candle Analysis:
    Body Sizes (%): ['0.105', '1.310', '0.265', '0.479']
    Upper Shadows (%): ['0.680', '0.629', '0.902', '0.106']
    Lower Shadows (%): ['0.419', '0.157', '0.531', '0.160']
Volumes: [np.float64(205073868.0), np.float64(483581534.0), np.float64(509668702.0), np.float64(74627121.0)]
2025-05-09 21:11:02,536 - INFO - 
2. Post-Cross Movement (30min):
5min Price Changes (%): []
Maximum Change: 0.000% after 0 minutes
Candle Analysis:
    Body Sizes (%): []
    Upper Shadows (%): []
    Lower Shadows (%): []
Volumes: []
==================================================
2025-05-09 21:11:04,725 - INFO - 
==================================================
EMA Cross Analysis - LINK/USDT
Time: 2025-05-09 21:10:00+09:00
Type: dead
Cross Character (Current): Weak
Cross Character (New): Weak
Price at Cross: 16.079

1. Pre-Cross Pattern (15min):
EMA Distance Changes (%): ['0.208', '0.145', '0.065', '0.016']
EMA12 Changes (%): ['-0.059', '-0.093', '-0.133', '-0.146']
Price Changes (%): ['-0.055', '-0.284', '-0.352', '-0.217']
Candle Analysis:
    Body Sizes (%): ['0.043', '0.278', '0.346', '0.223']
    Upper Shadows (%): ['0.154', '0.167', '0.340', '0.050']
    Lower Shadows (%): ['0.129', '0.259', '0.278', '0.105']
Volumes: [np.float64(63901.83), np.float64(134850.48), np.float64(150819.98), np.float64(59511.57)]
2025-05-09 21:11:04,726 - INFO - 
2. Post-Cross Movement (30min):
5min Price Changes (%): []
Maximum Change: 0.000% after 0 minutes
Candle Analysis:
    Body Sizes (%): []
    Upper Shadows (%): []
    Lower Shadows (%): []
Volumes: []
==================================================
2025-05-09 21:11:04,947 - INFO - 
==================================================
EMA Cross Analysis - POL/USDT
Time: 2025-05-09 21:05:00+09:00
Type: dead
Cross Character (Current): Weak
Cross Character (New): Weak
Price at Cross: 0.25371

1. Pre-Cross Pattern (15min):
EMA Distance Changes (%): ['0.163', '0.111', '0.056', '0.023']
EMA12 Changes (%): ['-0.066', '-0.078', '-0.090', '-0.143']
Price Changes (%): ['-0.331', '-0.145', '-0.157', '-0.436']
Candle Analysis:
    Body Sizes (%): ['0.320', '0.094', '0.153', '0.432']
    Upper Shadows (%): ['0.035', '0.160', '0.251', '0.298']
    Lower Shadows (%): ['0.144', '0.207', '0.110', '0.251']
Volumes: [np.float64(299214.0), np.float64(200004.0), np.float64(756210.0), np.float64(624255.0)]
2025-05-09 21:11:04,947 - INFO - 
2. Post-Cross Movement (30min):
5min Price Changes (%): ['-0.201']
Maximum Change: -0.201% after 5 minutes
Candle Analysis:
    Body Sizes (%): ['0.201']
    Upper Shadows (%): ['0.035']
    Lower Shadows (%): ['0.158']
Volumes: [np.float64(225266.0)]
==================================================
2025-05-09 21:11:05,162 - INFO - 
==================================================
EMA Cross Analysis - MOODENG/USDT
Time: 2025-05-09 21:10:00+09:00
Type: dead
Cross Character (Current): Strong
Cross Character (New): Strong
Price at Cross: 0.12216

1. Pre-Cross Pattern (15min):
EMA Distance Changes (%): ['1.414', '0.800', '0.256', '0.167']
EMA12 Changes (%): ['-0.399', '-1.030', '-0.881', '-0.742']
Price Changes (%): ['-1.334', '-4.595', '0.000', '0.066']
Candle Analysis:
    Body Sizes (%): ['1.364', '4.573', '0.025', '0.057']
    Upper Shadows (%): ['0.439', '1.110', '2.031', '1.016']
    Lower Shadows (%): ['1.025', '1.133', '2.309', '0.238']
Volumes: [np.float64(62386890.0), np.float64(154473604.0), np.float64(132264414.0), np.float64(18651471.0)]
2025-05-09 21:11:05,162 - INFO - 
2. Post-Cross Movement (30min):
5min Price Changes (%): []
Maximum Change: 0.000% after 0 minutes
Candle Analysis:
    Body Sizes (%): []
    Upper Shadows (%): []
    Lower Shadows (%): []
Volumes: []
==================================================
2025-05-09 21:11:06,036 - INFO - 
==================================================
EMA Cross Analysis - DOGE/USDT
Time: 2025-05-09 21:10:00+09:00
Type: dead
Cross Character (Current): Weak
Cross Character (New): Weak
Price at Cross: 0.20539

1. Pre-Cross Pattern (15min):
EMA Distance Changes (%): ['0.225', '0.136', '0.048', '0.037']
EMA12 Changes (%): ['-0.081', '-0.141', '-0.150', '-0.155']
Price Changes (%): ['-0.222', '-0.468', '-0.204', '-0.180']
Candle Analysis:
    Body Sizes (%): ['0.217', '0.468', '0.204', '0.185']
    Upper Shadows (%): ['0.169', '0.174', '0.383', '0.058']
    Lower Shadows (%): ['0.140', '0.140', '0.252', '0.131']
Volumes: [np.float64(19243914.0), np.float64(93670092.0), np.float64(54458270.0), np.float64(10890555.0)]
2025-05-09 21:11:06,036 - INFO - 
2. Post-Cross Movement (30min):
5min Price Changes (%): []
Maximum Change: 0.000% after 0 minutes
Candle Analysis:
    Body Sizes (%): []
    Upper Shadows (%): []
    Lower Shadows (%): []
Volumes: []
==================================================
2025-05-09 21:11:06,258 - INFO - 
==================================================
EMA Cross Analysis - XLM/USDT
Time: 2025-05-09 21:05:00+09:00
Type: dead
Cross Character (Current): Weak
Cross Character (New): Weak
Price at Cross: 0.29957

1. Pre-Cross Pattern (15min):
EMA Distance Changes (%): ['0.140', '0.084', '0.031', '0.036']
EMA12 Changes (%): ['-0.059', '-0.089', '-0.088', '-0.125']
Price Changes (%): ['-0.063', '-0.255', '-0.083', '-0.326']
Candle Analysis:
    Body Sizes (%): ['0.070', '0.252', '0.080', '0.313']
    Upper Shadows (%): ['0.149', '0.133', '0.342', '0.356']
    Lower Shadows (%): ['0.093', '0.265', '0.146', '0.353']
Volumes: [np.float64(1052185.0), np.float64(1416804.0), np.float64(2379833.0), np.float64(2197853.0)]
2025-05-09 21:11:06,259 - INFO - 
2. Post-Cross Movement (30min):
5min Price Changes (%): ['-0.247']
Maximum Change: -0.247% after 5 minutes
Candle Analysis:
    Body Sizes (%): ['0.257']
    Upper Shadows (%): ['0.103']
    Lower Shadows (%): ['0.043']
Volumes: [np.float64(423300.0)]
==================================================
2025-05-09 21:11:08,015 - INFO - 
==================================================
EMA Cross Analysis - ARPA/USDT
Time: 2025-05-09 21:10:00+09:00
Type: dead
Cross Character (Current): Weak
Cross Character (New): Weak
Price at Cross: 0.02672

1. Pre-Cross Pattern (15min):
EMA Distance Changes (%): ['0.104', '0.077', '0.040', '0.013']
EMA12 Changes (%): ['0.024', '-0.037', '-0.060', '-0.096']
Price Changes (%): ['0.223', '-0.371', '-0.186', '-0.299']
Candle Analysis:
    Body Sizes (%): ['0.223', '0.408', '0.186', '0.336']
    Upper Shadows (%): ['0.298', '0.223', '0.261', '0.000']
    Lower Shadows (%): ['0.000', '0.111', '0.223', '0.000']
Volumes: [np.float64(1041390.0), np.float64(970003.0), np.float64(652571.0), np.float64(99790.0)]
2025-05-09 21:11:08,015 - INFO - 
2. Post-Cross Movement (30min):
5min Price Changes (%): []
Maximum Change: 0.000% after 0 minutes
Candle Analysis:
    Body Sizes (%): []
    Upper Shadows (%): []
    Lower Shadows (%): []
Volumes: []
==================================================
2025-05-09 21:11:10,234 - INFO - 
==================================================
EMA Cross Analysis - SUI/USDT
Time: 2025-05-09 21:05:00+09:00
Type: dead
Cross Character (Current): Weak
Cross Character (New): Weak
Price at Cross: 3.9498

1. Pre-Cross Pattern (15min):
EMA Distance Changes (%): ['0.179', '0.133', '0.072', '0.008']
EMA12 Changes (%): ['-0.073', '-0.063', '-0.098', '-0.144']
Price Changes (%): ['-0.090', '-0.008', '-0.294', '-0.396']
Candle Analysis:
    Body Sizes (%): ['0.083', '0.005', '0.294', '0.393']
    Upper Shadows (%): ['0.123', '0.412', '0.161', '0.451']
    Lower Shadows (%): ['0.133', '0.239', '0.138', '0.376']
Volumes: [np.float64(883812.9), np.float64(1073652.5), np.float64(1342495.1), np.float64(2891517.4)]
2025-05-09 21:11:10,234 - INFO - 
2. Post-Cross Movement (30min):
5min Price Changes (%): ['-0.089']
Maximum Change: -0.089% after 5 minutes
Candle Analysis:
    Body Sizes (%): ['0.091']
    Upper Shadows (%): ['0.152']
    Lower Shadows (%): ['0.086']
Volumes: [np.float64(420944.0)]
==================================================
2025-05-09 21:11:10,702 - INFO - 
==================================================
EMA Cross Analysis - MOVE/USDT
Time: 2025-05-09 21:10:00+09:00
Type: dead
Cross Character (Current): Weak
Cross Character (New): Weak
Price at Cross: 0.1758

1. Pre-Cross Pattern (15min):
EMA Distance Changes (%): ['0.256', '0.180', '0.078', '0.030']
EMA12 Changes (%): ['-0.058', '-0.110', '-0.170', '-0.196']
Price Changes (%): ['-0.559', '-0.393', '-0.508', '-0.340']
Candle Analysis:
    Body Sizes (%): ['0.559', '0.449', '0.564', '0.397']
    Upper Shadows (%): ['0.168', '0.281', '0.282', '0.000']
    Lower Shadows (%): ['0.112', '0.281', '0.282', '0.113']
Volumes: [np.float64(2222726.0), np.float64(2805262.0), np.float64(3232300.0), np.float64(771285.0)]
2025-05-09 21:11:10,702 - INFO - 
2. Post-Cross Movement (30min):
5min Price Changes (%): []
Maximum Change: 0.000% after 0 minutes
Candle Analysis:
    Body Sizes (%): []
    Upper Shadows (%): []
    Lower Shadows (%): []
Volumes: []
==================================================
2025-05-09 21:11:11,367 - INFO - 
==================================================
EMA Cross Analysis - COW/USDT
Time: 2025-05-09 21:10:00+09:00
Type: dead
Cross Character (Current): Weak
Cross Character (New): Weak
Price at Cross: 0.3562

1. Pre-Cross Pattern (15min):
EMA Distance Changes (%): ['0.208', '0.154', '0.064', '0.031']
EMA12 Changes (%): ['-0.043', '-0.074', '-0.153', '-0.172']
Price Changes (%): ['0.028', '-0.250', '-0.584', '-0.280']
Candle Analysis:
    Body Sizes (%): ['0.028', '0.278', '0.640', '0.308']
    Upper Shadows (%): ['0.361', '0.361', '0.445', '0.028']
    Lower Shadows (%): ['0.083', '0.222', '0.529', '0.112']
Volumes: [np.float64(162891.0), np.float64(294275.0), np.float64(586325.0), np.float64(63546.0)]
2025-05-09 21:11:11,367 - INFO - 
2. Post-Cross Movement (30min):
5min Price Changes (%): []
Maximum Change: 0.000% after 0 minutes
Candle Analysis:
    Body Sizes (%): []
    Upper Shadows (%): []
    Lower Shadows (%): []
Volumes: []
==================================================
2025-05-09 21:11:11,820 - INFO - 
==================================================
EMA Cross Analysis - ONDOUSDT
Time: 2025-05-09 21:10:00+09:00
Type: dead
Cross Character (Current): Weak
Cross Character (New): Weak
Price at Cross: 1.0155

1. Pre-Cross Pattern (15min):
EMA Distance Changes (%): ['0.187', '0.119', '0.023', '0.078']
EMA12 Changes (%): ['-0.075', '-0.105', '-0.167', '-0.188']
Price Changes (%): ['-0.019', '-0.273', '-0.508', '-0.304']
Candle Analysis:
    Body Sizes (%): ['0.010', '0.263', '0.508', '0.314']
    Upper Shadows (%): ['0.341', '0.214', '0.342', '0.069']
    Lower Shadows (%): ['0.234', '0.273', '0.254', '0.108']
Volumes: [np.float64(470558.1), np.float64(1155515.1), np.float64(1308436.9), np.float64(351728.9)]
2025-05-09 21:11:11,820 - INFO - 
2. Post-Cross Movement (30min):
5min Price Changes (%): []
Maximum Change: 0.000% after 0 minutes
Candle Analysis:
    Body Sizes (%): []
    Upper Shadows (%): []
    Lower Shadows (%): []
Volumes: []
==================================================
2025-05-09 21:15:39,713 - INFO - 
==================================================
EMA Cross Analysis - BOME/USDT
Time: 2025-05-09 21:10:00+09:00
Type: dead
Cross Character (Current): Strong
Cross Character (New): Strong
Price at Cross: 0.001881

1. Pre-Cross Pattern (15min):
EMA Distance Changes (%): ['0.511', '0.308', '0.119', '0.023']
EMA12 Changes (%): ['-0.147', '-0.324', '-0.315', '-0.252']
Price Changes (%): ['-0.157', '-1.310', '-0.265', '0.106']
Candle Analysis:
    Body Sizes (%): ['0.105', '1.310', '0.265', '0.053']
    Upper Shadows (%): ['0.680', '0.629', '0.902', '0.426']
    Lower Shadows (%): ['0.419', '0.157', '0.531', '0.638']
Volumes: [np.float64(205073868.0), np.float64(483581534.0), np.float64(509668702.0), np.float64(267085374.0)]
2025-05-09 21:15:39,713 - INFO - 
2. Post-Cross Movement (30min):
5min Price Changes (%): ['0.000']
Maximum Change: 0.000% after 0 minutes
Candle Analysis:
    Body Sizes (%): ['0.000']
    Upper Shadows (%): ['0.213']
    Lower Shadows (%): ['0.000']
Volumes: [np.float64(20049036.0)]
==================================================
2025-05-09 21:15:41,909 - INFO - 
==================================================
EMA Cross Analysis - LINK/USDT
Time: 2025-05-09 21:10:00+09:00
Type: dead
Cross Character (Current): Weak
Cross Character (New): Weak
Price at Cross: 16.094

1. Pre-Cross Pattern (15min):
EMA Distance Changes (%): ['0.208', '0.145', '0.065', '0.009']
EMA12 Changes (%): ['-0.059', '-0.093', '-0.133', '-0.132']
Price Changes (%): ['-0.055', '-0.284', '-0.352', '-0.124']
Candle Analysis:
    Body Sizes (%): ['0.043', '0.278', '0.346', '0.130']
    Upper Shadows (%): ['0.154', '0.167', '0.340', '0.087']
    Lower Shadows (%): ['0.129', '0.259', '0.278', '0.199']
Volumes: [np.float64(63901.83), np.float64(134850.48), np.float64(150819.98), np.float64(129582.22)]
2025-05-09 21:15:41,909 - INFO - 
2. Post-Cross Movement (30min):
5min Price Changes (%): ['-0.068']
Maximum Change: -0.068% after 5 minutes
Candle Analysis:
    Body Sizes (%): ['0.068']
    Upper Shadows (%): ['0.075']
    Lower Shadows (%): ['0.000']
Volumes: [np.float64(16248.37)]
==================================================
2025-05-09 21:15:42,343 - INFO - 
==================================================
EMA Cross Analysis - MOODENG/USDT
Time: 2025-05-09 21:10:00+09:00
Type: dead
Cross Character (Current): Strong
Cross Character (New): Strong
Price at Cross: 0.12276

1. Pre-Cross Pattern (15min):
EMA Distance Changes (%): ['1.414', '0.800', '0.256', '0.128']
EMA12 Changes (%): ['-0.399', '-1.030', '-0.881', '-0.671']
Price Changes (%): ['-1.334', '-4.595', '0.000', '0.557']
Candle Analysis:
    Body Sizes (%): ['1.364', '4.573', '0.025', '0.549']
    Upper Shadows (%): ['0.439', '1.110', '2.031', '1.507']
    Lower Shadows (%): ['1.025', '1.133', '2.309', '0.754']
Volumes: [np.float64(62386890.0), np.float64(154473604.0), np.float64(132264414.0), np.float64(76184591.0)]
2025-05-09 21:15:42,343 - INFO - 
2. Post-Cross Movement (30min):
5min Price Changes (%): ['-3.201']
Maximum Change: -3.201% after 5 minutes
Candle Analysis:
    Body Sizes (%): ['3.209']
    Upper Shadows (%): ['0.057']
    Lower Shadows (%): ['0.073']
Volumes: [np.float64(27164926.0)]
==================================================
2025-05-09 21:15:43,215 - INFO - 
==================================================
EMA Cross Analysis - DOGE/USDT
Time: 2025-05-09 21:10:00+09:00
Type: dead
Cross Character (Current): Weak
Cross Character (New): Weak
Price at Cross: 0.20597

1. Pre-Cross Pattern (15min):
EMA Distance Changes (%): ['0.225', '0.136', '0.048', '0.014']
EMA12 Changes (%): ['-0.081', '-0.141', '-0.150', '-0.112']
Price Changes (%): ['-0.222', '-0.468', '-0.204', '0.102']
Candle Analysis:
    Body Sizes (%): ['0.217', '0.468', '0.204', '0.097']
    Upper Shadows (%): ['0.169', '0.174', '0.383', '0.180']
    Lower Shadows (%): ['0.140', '0.140', '0.252', '0.316']
Volumes: [np.float64(19243914.0), np.float64(93670092.0), np.float64(54458270.0), np.float64(28987010.0)]
2025-05-09 21:15:43,216 - INFO - 
2. Post-Cross Movement (30min):
5min Price Changes (%): ['-0.058']
Maximum Change: -0.058% after 5 minutes
Candle Analysis:
    Body Sizes (%): ['0.063']
    Upper Shadows (%): ['0.083']
    Lower Shadows (%): ['0.015']
Volumes: [np.float64(2841621.0)]
==================================================
2025-05-09 21:15:44,958 - INFO - 
==================================================
EMA Cross Analysis - THETA/USDT
Time: 2025-05-09 21:15:00+09:00
Type: dead
Cross Character (Current): Weak
Cross Character (New): Weak
Price at Cross: 0.871

1. Pre-Cross Pattern (15min):
EMA Distance Changes (%): ['0.223', '0.130', '0.051', '0.017']
EMA12 Changes (%): ['-0.071', '-0.149', '-0.131', '-0.124']
Price Changes (%): ['-0.171', '-0.581', '-0.034', '-0.080']
Candle Analysis:
    Body Sizes (%): ['0.193', '0.581', '0.046', '0.115']
    Upper Shadows (%): ['0.296', '0.365', '0.206', '0.046']
    Lower Shadows (%): ['0.182', '0.433', '0.378', '0.046']
Volumes: [np.float64(105501.4), np.float64(262860.7), np.float64(78210.4), np.float64(18148.3)]
2025-05-09 21:15:44,958 - INFO - 
2. Post-Cross Movement (30min):
5min Price Changes (%): []
Maximum Change: 0.000% after 0 minutes
Candle Analysis:
    Body Sizes (%): []
    Upper Shadows (%): []
    Lower Shadows (%): []
Volumes: []
==================================================
2025-05-09 21:15:47,009 - INFO - 
==================================================
EMA Cross Analysis - ATA/USDT
Time: 2025-05-09 21:15:00+09:00
Type: dead
Cross Character (Current): Weak
Cross Character (New): Weak
Price at Cross: 0.0599

1. Pre-Cross Pattern (15min):
EMA Distance Changes (%): ['0.156', '0.070', '0.028', '0.005']
EMA12 Changes (%): ['-0.109', '-0.143', '-0.070', '-0.060']
Price Changes (%): ['-0.663', '-0.334', '0.335', '0.000']
Candle Analysis:
    Body Sizes (%): ['0.498', '0.500', '0.167', '0.000']
    Upper Shadows (%): ['0.332', '0.333', '0.334', '0.000']
    Lower Shadows (%): ['0.000', '0.333', '0.334', '0.000']
Volumes: [np.float64(274728.0), np.float64(347696.0), np.float64(145348.0), np.float64(14656.0)]
2025-05-09 21:15:47,009 - INFO - 
2. Post-Cross Movement (30min):
5min Price Changes (%): []
Maximum Change: 0.000% after 0 minutes
Candle Analysis:
    Body Sizes (%): []
    Upper Shadows (%): []
    Lower Shadows (%): []
Volumes: []
==================================================
2025-05-09 21:15:47,832 - INFO - 
==================================================
EMA Cross Analysis - MOVE/USDT
Time: 2025-05-09 21:15:00+09:00
Type: dead
Cross Character (Current): Weak
Cross Character (New): Weak
Price at Cross: 0.1763

1. Pre-Cross Pattern (15min):
EMA Distance Changes (%): ['0.180', '0.078', '0.011', '0.061']
EMA12 Changes (%): ['-0.110', '-0.170', '-0.119', '-0.135']
Price Changes (%): ['-0.393', '-0.508', '0.170', '-0.226']
Candle Analysis:
    Body Sizes (%): ['0.449', '0.564', '0.113', '0.226']
    Upper Shadows (%): ['0.281', '0.282', '0.057', '0.000']
    Lower Shadows (%): ['0.281', '0.282', '0.567', '0.057']
Volumes: [np.float64(2805262.0), np.float64(3232300.0), np.float64(2455892.0), np.float64(125224.0)]
2025-05-09 21:15:47,832 - INFO - 
2. Post-Cross Movement (30min):
5min Price Changes (%): []
Maximum Change: 0.000% after 0 minutes
Candle Analysis:
    Body Sizes (%): []
    Upper Shadows (%): []
    Lower Shadows (%): []
Volumes: []
==================================================
2025-05-09 21:15:48,272 - INFO - 
==================================================
EMA Cross Analysis - HIVE/USDT
Time: 2025-05-09 21:15:00+09:00
Type: dead
Cross Character (Current): Weak
Cross Character (New): Weak
Price at Cross: 0.25842

1. Pre-Cross Pattern (15min):
EMA Distance Changes (%): ['0.157', '0.088', '0.040', '0.000']
EMA12 Changes (%): ['-0.039', '-0.112', '-0.080', '-0.072']
Price Changes (%): ['-0.231', '-0.516', '0.101', '-0.027']
Candle Analysis:
    Body Sizes (%): ['0.200', '0.535', '0.074', '0.062']
    Upper Shadows (%): ['0.161', '0.185', '0.085', '0.035']
    Lower Shadows (%): ['0.069', '0.096', '0.252', '0.004']
Volumes: [np.float64(104582.0), np.float64(62760.0), np.float64(77566.0), np.float64(13106.0)]
2025-05-09 21:15:48,272 - INFO - 
2. Post-Cross Movement (30min):
5min Price Changes (%): []
Maximum Change: 0.000% after 0 minutes
Candle Analysis:
    Body Sizes (%): []
    Upper Shadows (%): []
    Lower Shadows (%): []
Volumes: []
==================================================
2025-05-09 21:15:48,489 - INFO - 
==================================================
EMA Cross Analysis - COW/USDT
Time: 2025-05-09 21:10:00+09:00
Type: dead
Cross Character (Current): Weak
Cross Character (New): Weak
Price at Cross: 0.3566

1. Pre-Cross Pattern (15min):
EMA Distance Changes (%): ['0.208', '0.154', '0.064', '0.022']
EMA12 Changes (%): ['-0.043', '-0.074', '-0.153', '-0.155']
Price Changes (%): ['0.028', '-0.250', '-0.584', '-0.168']
Candle Analysis:
    Body Sizes (%): ['0.028', '0.278', '0.640', '0.196']
    Upper Shadows (%): ['0.361', '0.361', '0.445', '0.252']
    Lower Shadows (%): ['0.083', '0.222', '0.529', '0.532']
Volumes: [np.float64(162891.0), np.float64(294275.0), np.float64(586325.0), np.float64(402988.0)]
2025-05-09 21:15:48,489 - INFO - 
2. Post-Cross Movement (30min):
5min Price Changes (%): ['-0.168']
Maximum Change: -0.168% after 5 minutes
Candle Analysis:
    Body Sizes (%): ['0.168']
    Upper Shadows (%): ['0.084']
    Lower Shadows (%): ['0.028']
Volumes: [np.float64(25702.0)]
==================================================
2025-05-09 21:15:48,922 - INFO - 
==================================================
EMA Cross Analysis - ONDOUSDT
Time: 2025-05-09 21:10:00+09:00
Type: dead
Cross Character (Current): Weak
Cross Character (New): Weak
Price at Cross: 1.0193

1. Pre-Cross Pattern (15min):
EMA Distance Changes (%): ['0.187', '0.119', '0.023', '0.048']
EMA12 Changes (%): ['-0.075', '-0.105', '-0.167', '-0.131']
Price Changes (%): ['-0.019', '-0.273', '-0.508', '0.069']
Candle Analysis:
    Body Sizes (%): ['0.010', '0.263', '0.508', '0.059']
    Upper Shadows (%): ['0.341', '0.214', '0.342', '0.334']
    Lower Shadows (%): ['0.234', '0.273', '0.254', '0.422']
Volumes: [np.float64(470558.1), np.float64(1155515.1), np.float64(1308436.9), np.float64(900441.3)]
2025-05-09 21:15:48,922 - INFO - 
2. Post-Cross Movement (30min):
5min Price Changes (%): ['-0.108']
Maximum Change: -0.108% after 5 minutes
Candle Analysis:
    Body Sizes (%): ['0.108']
    Upper Shadows (%): ['0.118']
    Lower Shadows (%): ['0.039']
Volumes: [np.float64(112954.9)]
==================================================
2025-05-09 21:15:49,746 - INFO - 
==================================================
EMA Cross Analysis - VANA/USDT
Time: 2025-05-09 21:15:00+09:00
Type: dead
Cross Character (Current): Weak
Cross Character (New): Weak
Price at Cross: 6.17

1. Pre-Cross Pattern (15min):
EMA Distance Changes (%): ['0.238', '0.136', '0.041', '0.045']
EMA12 Changes (%): ['-0.129', '-0.163', '-0.163', '-0.158']
Price Changes (%): ['-0.193', '-0.354', '-0.162', '-0.129']
Candle Analysis:
    Body Sizes (%): ['0.193', '0.370', '0.194', '0.113']
    Upper Shadows (%): ['0.370', '0.435', '0.032', '0.049']
    Lower Shadows (%): ['0.129', '0.515', '0.307', '0.032']
Volumes: [np.float64(17040.74), np.float64(12852.28), np.float64(10840.62), np.float64(1058.96)]
2025-05-09 21:15:49,746 - INFO - 
2. Post-Cross Movement (30min):
5min Price Changes (%): []
Maximum Change: 0.000% after 0 minutes
Candle Analysis:
    Body Sizes (%): []
    Upper Shadows (%): []
    Lower Shadows (%): []
Volumes: []
==================================================
2025-05-09 21:20:24,972 - INFO - 
==================================================
EMA Cross Analysis - MOVE/USDT
Time: 2025-05-09 21:15:00+09:00
Type: dead
Cross Character (Current): Weak
Cross Character (New): Weak
Price at Cross: 0.1774

1. Pre-Cross Pattern (15min):
EMA Distance Changes (%): ['0.180', '0.078', '0.011', '0.011']
EMA12 Changes (%): ['-0.110', '-0.170', '-0.119', '-0.040']
Price Changes (%): ['-0.393', '-0.508', '0.170', '0.396']
Candle Analysis:
    Body Sizes (%): ['0.449', '0.564', '0.113', '0.396']
    Upper Shadows (%): ['0.281', '0.282', '0.057', '0.057']
    Lower Shadows (%): ['0.281', '0.282', '0.567', '0.396']
Volumes: [np.float64(2805262.0), np.float64(3232300.0), np.float64(2455892.0), np.float64(1731695.0)]
2025-05-09 21:20:24,972 - INFO - 
2. Post-Cross Movement (30min):
5min Price Changes (%): ['0.113']
Maximum Change: 0.113% after 5 minutes
Candle Analysis:
    Body Sizes (%): ['0.113']
    Upper Shadows (%): ['0.056']
    Lower Shadows (%): ['0.000']
Volumes: [np.float64(108733.0)]
==================================================
2025-05-09 21:20:26,887 - INFO - 
==================================================
EMA Cross Analysis - VANA/USDT
Time: 2025-05-09 21:15:00+09:00
Type: dead
Cross Character (Current): Weak
Cross Character (New): Weak
Price at Cross: 6.194

1. Pre-Cross Pattern (15min):
EMA Distance Changes (%): ['0.238', '0.136', '0.041', '0.014']
EMA12 Changes (%): ['-0.129', '-0.163', '-0.163', '-0.099']
Price Changes (%): ['-0.193', '-0.354', '-0.162', '0.259']
Candle Analysis:
    Body Sizes (%): ['0.193', '0.370', '0.194', '0.275']
    Upper Shadows (%): ['0.370', '0.435', '0.032', '0.081']
    Lower Shadows (%): ['0.129', '0.515', '0.307', '0.453']
Volumes: [np.float64(17040.74), np.float64(12852.28), np.float64(10840.62), np.float64(10352.77)]
2025-05-09 21:20:26,887 - INFO - 
2. Post-Cross Movement (30min):
5min Price Changes (%): ['0.210']
Maximum Change: 0.210% after 5 minutes
Candle Analysis:
    Body Sizes (%): ['0.145']
    Upper Shadows (%): ['0.000']
    Lower Shadows (%): ['0.065']
Volumes: [np.float64(937.32)]
==================================================
2025-05-09 21:30:49,295 - INFO - 
==================================================
EMA Cross Analysis - ONDOUSDT
Time: 2025-05-09 21:25:00+09:00
Type: golden
Cross Character (Current): Weak
Cross Character (New): Weak
Price at Cross: 1.0289

1. Pre-Cross Pattern (15min):
EMA Distance Changes (%): ['0.048', '0.054', '0.006', '0.006']
EMA12 Changes (%): ['-0.131', '-0.020', '0.085', '0.023']
Price Changes (%): ['0.069', '0.598', '0.663', '-0.320']
Candle Analysis:
    Body Sizes (%): ['0.059', '0.598', '0.653', '0.310']
    Upper Shadows (%): ['0.334', '0.088', '0.049', '0.097']
    Lower Shadows (%): ['0.422', '0.373', '0.039', '0.174']
Volumes: [np.float64(900441.3), np.float64(668530.2), np.float64(1031689.4), np.float64(850711.5)]
2025-05-09 21:30:49,296 - INFO - 
2. Post-Cross Movement (30min):
5min Price Changes (%): ['-0.194']
Maximum Change: -0.194% after 5 minutes
Candle Analysis:
    Body Sizes (%): ['0.175']
    Upper Shadows (%): ['0.087']
    Lower Shadows (%): ['0.010']
Volumes: [np.float64(168996.8)]
==================================================
2025-05-09 21:30:49,512 - INFO - 
==================================================
EMA Cross Analysis - USUAL/USDT
Time: 2025-05-09 21:30:00+09:00
Type: golden
Cross Character (Current): Weak
Cross Character (New): Weak
Price at Cross: 0.1465

1. Pre-Cross Pattern (15min):
EMA Distance Changes (%): ['0.234', '0.149', '0.048', '0.046']
EMA12 Changes (%): ['0.002', '0.129', '0.173', '0.178']
Price Changes (%): ['0.908', '0.831', '0.412', '0.205']
Candle Analysis:
    Body Sizes (%): ['0.908', '0.761', '0.343', '0.205']
    Upper Shadows (%): ['0.140', '0.000', '0.206', '0.137']
    Lower Shadows (%): ['0.210', '0.000', '0.069', '0.137']
Volumes: [np.float64(963038.0), np.float64(518829.0), np.float64(1153700.0), np.float64(792275.0)]
2025-05-09 21:30:49,512 - INFO - 
2. Post-Cross Movement (30min):
5min Price Changes (%): []
Maximum Change: 0.000% after 0 minutes
Candle Analysis:
    Body Sizes (%): []
    Upper Shadows (%): []
    Lower Shadows (%): []
Volumes: []
==================================================
2025-05-09 21:35:20,210 - INFO - 
==================================================
EMA Cross Analysis - ORDI/USDT
Time: 2025-05-09 21:35:00+09:00
Type: golden
Cross Character (Current): Weak
Cross Character (New): Weak
Price at Cross: 9.047

1. Pre-Cross Pattern (15min):
EMA Distance Changes (%): ['0.122', '0.071', '0.010', '0.036']
EMA12 Changes (%): ['0.096', '0.083', '0.106', '0.088']
Price Changes (%): ['0.703', '0.011', '0.233', '-0.011']
Candle Analysis:
    Body Sizes (%): ['0.759', '0.022', '0.244', '0.000']
    Upper Shadows (%): ['0.000', '0.144', '0.111', '0.033']
    Lower Shadows (%): ['0.033', '0.266', '0.244', '0.133']
Volumes: [np.float64(16836.8), np.float64(35930.6), np.float64(18965.3), np.float64(2810.5)]
2025-05-09 21:35:20,210 - INFO - 
2. Post-Cross Movement (30min):
5min Price Changes (%): []
Maximum Change: 0.000% after 0 minutes
Candle Analysis:
    Body Sizes (%): []
    Upper Shadows (%): []
    Lower Shadows (%): []
Volumes: []
==================================================
2025-05-09 21:35:20,428 - INFO - 
==================================================
EMA Cross Analysis - DOGE/USDT
Time: 2025-05-09 21:30:00+09:00
Type: golden
Cross Character (Current): Weak
Cross Character (New): Weak
Price at Cross: 0.20793

1. Pre-Cross Pattern (15min):
EMA Distance Changes (%): ['0.043', '0.036', '0.031', '0.001']
EMA12 Changes (%): ['-0.056', '0.007', '0.003', '0.058']
Price Changes (%): ['0.252', '0.354', '-0.014', '0.357']
Candle Analysis:
    Body Sizes (%): ['0.248', '0.354', '0.014', '0.362']
    Upper Shadows (%): ['0.044', '0.019', '0.092', '0.010']
    Lower Shadows (%): ['0.325', '0.073', '0.121', '0.174']
Volumes: [np.float64(21126694.0), np.float64(17530849.0), np.float64(14326936.0), np.float64(15658884.0)]
2025-05-09 21:35:20,428 - INFO - 
2. Post-Cross Movement (30min):
5min Price Changes (%): ['-0.096']
Maximum Change: -0.096% after 5 minutes
Candle Analysis:
    Body Sizes (%): ['0.106']
    Upper Shadows (%): ['0.000']
    Lower Shadows (%): ['0.014']
Volumes: [np.float64(1862120.0)]
==================================================
2025-05-09 21:35:26,356 - INFO - 
==================================================
EMA Cross Analysis - USUAL/USDT
Time: 2025-05-09 21:30:00+09:00
Type: golden
Cross Character (Current): Strong
Cross Character (New): Weak
Price at Cross: 0.1471

1. Pre-Cross Pattern (15min):
EMA Distance Changes (%): ['0.234', '0.149', '0.048', '0.079']
EMA12 Changes (%): ['0.002', '0.129', '0.173', '0.242']
Price Changes (%): ['0.908', '0.831', '0.412', '0.616']
Candle Analysis:
    Body Sizes (%): ['0.908', '0.761', '0.343', '0.616']
    Upper Shadows (%): ['0.140', '0.000', '0.206', '0.068']
    Lower Shadows (%): ['0.210', '0.000', '0.069', '0.137']
Volumes: [np.float64(963038.0), np.float64(518829.0), np.float64(1153700.0), np.float64(1382483.0)]
2025-05-09 21:35:26,357 - INFO - 
2. Post-Cross Movement (30min):
5min Price Changes (%): ['0.000']
Maximum Change: 0.000% after 0 minutes
Candle Analysis:
    Body Sizes (%): ['0.068']
    Upper Shadows (%): ['0.000']
    Lower Shadows (%): ['0.068']
Volumes: [np.float64(90098.0)]
==================================================
2025-05-09 21:41:05,563 - INFO - 
==================================================
EMA Cross Analysis - ORDI/USDT
Time: 2025-05-09 21:35:00+09:00
Type: golden
Cross Character (Current): Weak
Cross Character (New): Weak
Price at Cross: 9.054

1. Pre-Cross Pattern (15min):
EMA Distance Changes (%): ['0.122', '0.071', '0.010', '0.042']
EMA12 Changes (%): ['0.096', '0.083', '0.106', '0.100']
Price Changes (%): ['0.703', '0.011', '0.233', '0.066']
Candle Analysis:
    Body Sizes (%): ['0.759', '0.022', '0.244', '0.077']
    Upper Shadows (%): ['0.000', '0.144', '0.111', '0.111']
    Lower Shadows (%): ['0.033', '0.266', '0.244', '0.254']
Volumes: [np.float64(16836.8), np.float64(35930.6), np.float64(18965.3), np.float64(22020.5)]
2025-05-09 21:41:05,563 - INFO - 
2. Post-Cross Movement (30min):
5min Price Changes (%): ['-0.177']
Maximum Change: -0.177% after 5 minutes
Candle Analysis:
    Body Sizes (%): ['0.210']
    Upper Shadows (%): ['0.000']
    Lower Shadows (%): ['0.088']
Volumes: [np.float64(3203.8)]
==================================================
2025-05-09 21:41:07,964 - INFO - 
==================================================
EMA Cross Analysis - EOS/USDT
Time: 2025-05-09 21:40:00+09:00
Type: golden
Cross Character (Current): Weak
Cross Character (New): Weak
Price at Cross: 0.856

1. Pre-Cross Pattern (15min):
EMA Distance Changes (%): ['0.103', '0.056', '0.010', '0.017']
EMA12 Changes (%): ['0.025', '0.076', '0.082', '0.051']
Price Changes (%): ['0.000', '0.352', '0.117', '-0.117']
Candle Analysis:
    Body Sizes (%): ['0.117', '0.352', '0.000', '0.000']
    Upper Shadows (%): ['0.000', '0.117', '0.233', '0.234']
    Lower Shadows (%): ['0.117', '0.352', '0.233', '0.000']
Volumes: [np.float64(462231.8), np.float64(572708.8), np.float64(889158.1), np.float64(148153.9)]
2025-05-09 21:41:07,964 - INFO - 
2. Post-Cross Movement (30min):
5min Price Changes (%): []
Maximum Change: 0.000% after 0 minutes
Candle Analysis:
    Body Sizes (%): []
    Upper Shadows (%): []
    Lower Shadows (%): []
Volumes: []
==================================================
2025-05-09 21:41:11,492 - INFO - 
==================================================
EMA Cross Analysis - ONDOUSDT
Time: 2025-05-09 21:40:00+09:00
Type: dead
Cross Character (Current): Weak
Cross Character (New): Weak
Price at Cross: 1.0243

1. Pre-Cross Pattern (15min):
EMA Distance Changes (%): ['0.006', '0.031', '0.014', '0.014']
EMA12 Changes (%): ['0.023', '0.048', '-0.027', '-0.053']
Price Changes (%): ['-0.320', '0.185', '-0.437', '-0.195']
Candle Analysis:
    Body Sizes (%): ['0.310', '0.204', '0.446', '0.195']
    Upper Shadows (%): ['0.097', '0.126', '0.039', '0.039']
    Lower Shadows (%): ['0.174', '0.204', '0.107', '0.029']
Volumes: [np.float64(850711.5), np.float64(578687.7), np.float64(1157929.9), np.float64(128312.4)]
2025-05-09 21:41:11,492 - INFO - 
2. Post-Cross Movement (30min):
5min Price Changes (%): []
Maximum Change: 0.000% after 0 minutes
Candle Analysis:
    Body Sizes (%): []
    Upper Shadows (%): []
    Lower Shadows (%): []
Volumes: []
==================================================
2025-05-09 21:45:42,737 - INFO - 
==================================================
EMA Cross Analysis - DOGE/USDT
Time: 2025-05-09 21:45:00+09:00
Type: golden
Cross Character (Current): Weak
Cross Character (New): Weak
Price at Cross: 0.20749

1. Pre-Cross Pattern (15min):
EMA Distance Changes (%): ['0.001', '0.000', '0.005', '0.005']
EMA12 Changes (%): ['0.058', '-0.002', '-0.009', '0.018']
Price Changes (%): ['0.357', '-0.327', '-0.053', '0.169']
Candle Analysis:
    Body Sizes (%): ['0.362', '0.337', '0.053', '0.169']
    Upper Shadows (%): ['0.010', '0.000', '0.270', '0.005']
    Lower Shadows (%): ['0.174', '0.077', '0.106', '0.024']
Volumes: [np.float64(15658884.0), np.float64(12731112.0), np.float64(16148873.0), np.float64(2042829.0)]
2025-05-09 21:45:42,737 - INFO - 
2. Post-Cross Movement (30min):
5min Price Changes (%): []
Maximum Change: 0.000% after 0 minutes
Candle Analysis:
    Body Sizes (%): []
    Upper Shadows (%): []
    Lower Shadows (%): []
Volumes: []
==================================================
2025-05-09 21:45:44,929 - INFO - 
==================================================
EMA Cross Analysis - EOS/USDT
Time: 2025-05-09 21:40:00+09:00
Type: golden
Cross Character (Current): Weak
Cross Character (New): Weak
Price at Cross: 0.857

1. Pre-Cross Pattern (15min):
EMA Distance Changes (%): ['0.103', '0.056', '0.010', '0.027']
EMA12 Changes (%): ['0.025', '0.076', '0.082', '0.069']
Price Changes (%): ['0.000', '0.352', '0.117', '0.000']
Candle Analysis:
    Body Sizes (%): ['0.117', '0.352', '0.000', '0.117']
    Upper Shadows (%): ['0.000', '0.117', '0.233', '0.234']
    Lower Shadows (%): ['0.117', '0.352', '0.233', '0.000']
Volumes: [np.float64(462231.8), np.float64(572708.8), np.float64(889158.1), np.float64(729039.2)]
2025-05-09 21:45:44,929 - INFO - 
2. Post-Cross Movement (30min):
5min Price Changes (%): ['0.117']
Maximum Change: 0.117% after 5 minutes
Candle Analysis:
    Body Sizes (%): ['0.117']
    Upper Shadows (%): ['0.000']
    Lower Shadows (%): ['0.000']
Volumes: [np.float64(22888.8)]
==================================================
2025-05-09 21:45:48,478 - INFO - 
==================================================
EMA Cross Analysis - ONDOUSDT
Time: 2025-05-09 21:40:00+09:00
Type: dead
Cross Character (Current): Weak
Cross Character (New): Weak
Price at Cross: 1.0247

1. Pre-Cross Pattern (15min):
EMA Distance Changes (%): ['0.006', '0.031', '0.014', '0.011']
EMA12 Changes (%): ['0.023', '0.048', '-0.027', '-0.047']
Price Changes (%): ['-0.320', '0.185', '-0.437', '-0.156']
Candle Analysis:
    Body Sizes (%): ['0.310', '0.204', '0.446', '0.156']
    Upper Shadows (%): ['0.097', '0.126', '0.039', '0.166']
    Lower Shadows (%): ['0.174', '0.204', '0.107', '0.127']
Volumes: [np.float64(850711.5), np.float64(578687.7), np.float64(1157929.9), np.float64(477949.6)]
2025-05-09 21:45:48,478 - INFO - 
2. Post-Cross Movement (30min):
5min Price Changes (%): ['0.146']
Maximum Change: 0.146% after 5 minutes
Candle Analysis:
    Body Sizes (%): ['0.137']
    Upper Shadows (%): ['0.029']
    Lower Shadows (%): ['0.068']
Volumes: [np.float64(206178.1)]
==================================================
2025-05-09 21:50:18,721 - INFO - 
==================================================
EMA Cross Analysis - POL/USDT
Time: 2025-05-09 21:50:00+09:00
Type: golden
Cross Character (Current): Weak
Cross Character (New): Weak
Price at Cross: 0.25616

1. Pre-Cross Pattern (15min):
EMA Distance Changes (%): ['0.058', '0.049', '0.019', '0.002']
EMA12 Changes (%): ['0.020', '0.010', '0.050', '0.038']
Price Changes (%): ['-0.059', '-0.043', '0.266', '-0.023']
Candle Analysis:
    Body Sizes (%): ['0.066', '0.051', '0.262', '0.023']
    Upper Shadows (%): ['0.000', '0.094', '0.137', '0.031']
    Lower Shadows (%): ['0.133', '0.113', '0.051', '0.000']
Volumes: [np.float64(284527.0), np.float64(383627.0), np.float64(342113.0), np.float64(7868.0)]
2025-05-09 21:50:18,721 - INFO - 
2. Post-Cross Movement (30min):
5min Price Changes (%): []
Maximum Change: 0.000% after 0 minutes
Candle Analysis:
    Body Sizes (%): []
    Upper Shadows (%): []
    Lower Shadows (%): []
Volumes: []
==================================================
2025-05-09 21:50:19,806 - INFO - 
==================================================
EMA Cross Analysis - DOGE/USDT
Time: 2025-05-09 21:45:00+09:00
Type: golden
Cross Character (Current): Weak
Cross Character (New): Weak
Price at Cross: 0.20759

1. Pre-Cross Pattern (15min):
EMA Distance Changes (%): ['0.001', '0.000', '0.005', '0.009']
EMA12 Changes (%): ['0.058', '-0.002', '-0.009', '0.025']
Price Changes (%): ['0.357', '-0.327', '-0.053', '0.217']
Candle Analysis:
    Body Sizes (%): ['0.362', '0.337', '0.053', '0.217']
    Upper Shadows (%): ['0.010', '0.000', '0.270', '0.193']
    Lower Shadows (%): ['0.174', '0.077', '0.106', '0.024']
Volumes: [np.float64(15658884.0), np.float64(12731112.0), np.float64(16148873.0), np.float64(12956833.0)]
2025-05-09 21:50:19,807 - INFO - 
2. Post-Cross Movement (30min):
5min Price Changes (%): ['-0.149']
Maximum Change: -0.149% after 5 minutes
Candle Analysis:
    Body Sizes (%): ['0.149']
    Upper Shadows (%): ['0.053']
    Lower Shadows (%): ['0.000']
Volumes: [np.float64(2572228.0)]
==================================================
2025-05-09 21:56:04,198 - INFO - 
==================================================
EMA Cross Analysis - POL/USDT
Time: 2025-05-09 21:50:00+09:00
Type: golden
Cross Character (Current): Weak
Cross Character (New): Weak
Price at Cross: 0.25612

1. Pre-Cross Pattern (15min):
EMA Distance Changes (%): ['0.058', '0.049', '0.019', '0.001']
EMA12 Changes (%): ['0.020', '0.010', '0.050', '0.036']
Price Changes (%): ['-0.059', '-0.043', '0.266', '-0.039']
Candle Analysis:
    Body Sizes (%): ['0.066', '0.051', '0.262', '0.039']
    Upper Shadows (%): ['0.000', '0.094', '0.137', '0.035']
    Lower Shadows (%): ['0.133', '0.113', '0.051', '0.117']
Volumes: [np.float64(284527.0), np.float64(383627.0), np.float64(342113.0), np.float64(185550.0)]
2025-05-09 21:56:04,198 - INFO - 
2. Post-Cross Movement (30min):
5min Price Changes (%): ['-0.105']
Maximum Change: -0.105% after 5 minutes
Candle Analysis:
    Body Sizes (%): ['0.105']
    Upper Shadows (%): ['0.000']
    Lower Shadows (%): ['0.020']
Volumes: [np.float64(16215.0)]
==================================================
2025-05-09 21:56:06,159 - INFO - 
==================================================
EMA Cross Analysis - GRASS/USDT
Time: 2025-05-09 21:50:00+09:00
Type: dead
Cross Character (Current): Weak
Cross Character (New): Weak
Price at Cross: 1.6247

1. Pre-Cross Pattern (15min):
EMA Distance Changes (%): ['0.090', '0.054', '0.044', '0.004']
EMA12 Changes (%): ['-0.031', '-0.056', '-0.012', '-0.086']
Price Changes (%): ['-0.384', '-0.196', '0.233', '-0.496']
Candle Analysis:
    Body Sizes (%): ['0.372', '0.178', '0.252', '0.472']
    Upper Shadows (%): ['0.000', '0.227', '0.215', '0.080']
    Lower Shadows (%): ['0.098', '0.233', '0.000', '0.110']
Volumes: [np.float64(21874.1), np.float64(20286.3), np.float64(27433.0), np.float64(96302.3)]
2025-05-09 21:56:06,160 - INFO - 
2. Post-Cross Movement (30min):
5min Price Changes (%): ['-0.172']
Maximum Change: -0.172% after 5 minutes
Candle Analysis:
    Body Sizes (%): ['0.191']
    Upper Shadows (%): ['0.000']
    Lower Shadows (%): ['0.068']
Volumes: [np.float64(4419.1)]
==================================================
2025-05-09 21:56:07,684 - INFO - 
==================================================
EMA Cross Analysis - XRP/USDT
Time: 2025-05-09 21:55:00+09:00
Type: dead
Cross Character (Current): Weak
Cross Character (New): Weak
Price at Cross: 2.3825

1. Pre-Cross Pattern (15min):
EMA Distance Changes (%): ['0.035', '0.021', '0.005', '0.016']
EMA12 Changes (%): ['-0.057', '-0.023', '-0.028', '-0.040']
Price Changes (%): ['-0.109', '0.168', '-0.054', '-0.105']
Candle Analysis:
    Body Sizes (%): ['0.109', '0.168', '0.050', '0.113']
    Upper Shadows (%): ['0.138', '0.201', '0.075', '0.000']
    Lower Shadows (%): ['0.059', '0.067', '0.096', '0.025']
Volumes: [np.float64(1824165.0), np.float64(1642460.2), np.float64(1563488.8), np.float64(357353.2)]
2025-05-09 21:56:07,684 - INFO - 
2. Post-Cross Movement (30min):
5min Price Changes (%): []
Maximum Change: 0.000% after 0 minutes
Candle Analysis:
    Body Sizes (%): []
    Upper Shadows (%): []
    Lower Shadows (%): []
Volumes: []
==================================================
2025-05-09 21:56:07,904 - INFO - 
==================================================
EMA Cross Analysis - ADA/USDT
Time: 2025-05-09 21:55:00+09:00
Type: dead
Cross Character (Current): Weak
Cross Character (New): Weak
Price at Cross: 0.7906

1. Pre-Cross Pattern (15min):
EMA Distance Changes (%): ['0.041', '0.023', '0.005', '0.015']
EMA12 Changes (%): ['-0.042', '-0.028', '-0.031', '-0.038']
Price Changes (%): ['-0.114', '0.051', '-0.051', '-0.076']
Candle Analysis:
    Body Sizes (%): ['0.101', '0.063', '0.051', '0.088']
    Upper Shadows (%): ['0.076', '0.215', '0.038', '0.000']
    Lower Shadows (%): ['0.114', '0.088', '0.152', '0.038']
Volumes: [np.float64(2128278.0), np.float64(2553331.0), np.float64(1459142.0), np.float64(269245.0)]
2025-05-09 21:56:07,904 - INFO - 
2. Post-Cross Movement (30min):
5min Price Changes (%): []
Maximum Change: 0.000% after 0 minutes
Candle Analysis:
    Body Sizes (%): []
    Upper Shadows (%): []
    Lower Shadows (%): []
Volumes: []
==================================================
2025-05-09 22:00:41,234 - INFO - 
==================================================
EMA Cross Analysis - ACX/USDT
Time: 2025-05-09 22:00:00+09:00
Type: golden
Cross Character (Current): Weak
Cross Character (New): Weak
Price at Cross: 0.2453

1. Pre-Cross Pattern (15min):
EMA Distance Changes (%): ['0.099', '0.046', '0.016', '0.004']
EMA12 Changes (%): ['0.084', '0.090', '0.051', '0.037']
Price Changes (%): ['0.450', '0.122', '-0.163', '-0.041']
Candle Analysis:
    Body Sizes (%): ['0.409', '0.081', '0.163', '0.081']
    Upper Shadows (%): ['0.041', '0.000', '0.000', '0.081']
    Lower Shadows (%): ['0.041', '0.204', '0.081', '0.000']
Volumes: [np.float64(23743.4), np.float64(11772.0), np.float64(18084.3), np.float64(5467.4)]
2025-05-09 22:00:41,234 - INFO - 
2. Post-Cross Movement (30min):
5min Price Changes (%): []
Maximum Change: 0.000% after 0 minutes
Candle Analysis:
    Body Sizes (%): []
    Upper Shadows (%): []
    Lower Shadows (%): []
Volumes: []
==================================================
2025-05-09 22:00:42,344 - INFO - 
==================================================
EMA Cross Analysis - PHA/USDT
Time: 2025-05-09 22:00:00+09:00
Type: golden
Cross Character (Current): Weak
Cross Character (New): Weak
Price at Cross: 0.13393

1. Pre-Cross Pattern (15min):
EMA Distance Changes (%): ['0.139', '0.084', '0.030', '0.014']
EMA12 Changes (%): ['0.076', '0.087', '0.092', '0.080']
Price Changes (%): ['0.255', '0.150', '0.120', '0.015']
Candle Analysis:
    Body Sizes (%): ['0.263', '0.135', '0.090', '0.000']
    Upper Shadows (%): ['0.158', '0.052', '0.142', '0.134']
    Lower Shadows (%): ['0.128', '0.270', '0.135', '0.067']
Volumes: [np.float64(51640.0), np.float64(57849.0), np.float64(44475.0), np.float64(19289.0)]
2025-05-09 22:00:42,345 - INFO - 
2. Post-Cross Movement (30min):
5min Price Changes (%): []
Maximum Change: 0.000% after 0 minutes
Candle Analysis:
    Body Sizes (%): []
    Upper Shadows (%): []
    Lower Shadows (%): []
Volumes: []
==================================================
2025-05-09 22:00:45,235 - INFO - 
==================================================
EMA Cross Analysis - XRP/USDT
Time: 2025-05-09 21:55:00+09:00
Type: dead
Cross Character (Current): Weak
Cross Character (New): Weak
Price at Cross: 2.3817

1. Pre-Cross Pattern (15min):
EMA Distance Changes (%): ['0.035', '0.021', '0.005', '0.019']
EMA12 Changes (%): ['-0.057', '-0.023', '-0.028', '-0.045']
Price Changes (%): ['-0.109', '0.168', '-0.054', '-0.138']
Candle Analysis:
    Body Sizes (%): ['0.109', '0.168', '0.050', '0.147']
    Upper Shadows (%): ['0.138', '0.201', '0.075', '0.000']
    Lower Shadows (%): ['0.059', '0.067', '0.096', '0.071']
Volumes: [np.float64(1824165.0), np.float64(1642460.2), np.float64(1563488.8), np.float64(1449474.1)]
2025-05-09 22:00:45,235 - INFO - 
2. Post-Cross Movement (30min):
5min Price Changes (%): ['-0.042']
Maximum Change: -0.042% after 5 minutes
Candle Analysis:
    Body Sizes (%): ['0.042']
    Upper Shadows (%): ['0.017']
    Lower Shadows (%): ['0.055']
Volumes: [np.float64(481884.8)]
==================================================
2025-05-09 22:00:45,449 - INFO - 
==================================================
EMA Cross Analysis - ADA/USDT
Time: 2025-05-09 21:55:00+09:00
Type: dead
Cross Character (Current): Weak
Cross Character (New): Weak
Price at Cross: 0.792

1. Pre-Cross Pattern (15min):
EMA Distance Changes (%): ['0.041', '0.023', '0.005', '0.001']
EMA12 Changes (%): ['-0.042', '-0.028', '-0.031', '-0.011']
Price Changes (%): ['-0.114', '0.051', '-0.051', '0.101']
Candle Analysis:
    Body Sizes (%): ['0.101', '0.063', '0.051', '0.088']
    Upper Shadows (%): ['0.076', '0.215', '0.038', '0.051']
    Lower Shadows (%): ['0.114', '0.088', '0.152', '0.164']
Volumes: [np.float64(2128278.0), np.float64(2553331.0), np.float64(1459142.0), np.float64(896801.0)]
2025-05-09 22:00:45,449 - INFO - 
2. Post-Cross Movement (30min):
5min Price Changes (%): ['0.038']
Maximum Change: 0.038% after 5 minutes
Candle Analysis:
    Body Sizes (%): ['0.025']
    Upper Shadows (%): ['0.000']
    Lower Shadows (%): ['0.139']
Volumes: [np.float64(236928.0)]
==================================================
2025-05-09 22:05:16,504 - INFO - 
==================================================
EMA Cross Analysis - BOME/USDT
Time: 2025-05-09 22:00:00+09:00
Type: golden
Cross Character (Current): Weak
Cross Character (New): Weak
Price at Cross: 0.001928

1. Pre-Cross Pattern (15min):
EMA Distance Changes (%): ['0.189', '0.161', '0.108', '0.013']
EMA12 Changes (%): ['0.030', '0.026', '0.078', '0.220']
Price Changes (%): ['0.529', '0.000', '0.368', '0.995']
Candle Analysis:
    Body Sizes (%): ['0.529', '0.000', '0.315', '0.995']
    Upper Shadows (%): ['0.106', '0.105', '0.105', '0.105']
    Lower Shadows (%): ['0.159', '0.526', '0.631', '0.105']
Volumes: [np.float64(96396530.0), np.float64(85444982.0), np.float64(99037967.0), np.float64(227511750.0)]
2025-05-09 22:05:16,504 - INFO - 
2. Post-Cross Movement (30min):
5min Price Changes (%): ['0.052']
Maximum Change: 0.052% after 5 minutes
Candle Analysis:
    Body Sizes (%): ['0.052']
    Upper Shadows (%): ['0.052']
    Lower Shadows (%): ['0.052']
Volumes: [np.float64(17116529.0)]
==================================================
2025-05-09 22:05:18,467 - INFO - 
==================================================
EMA Cross Analysis - ACX/USDT
Time: 2025-05-09 22:00:00+09:00
Type: golden
Cross Character (Current): Weak
Cross Character (New): Weak
Price at Cross: 0.2466

1. Pre-Cross Pattern (15min):
EMA Distance Changes (%): ['0.099', '0.046', '0.016', '0.046']
EMA12 Changes (%): ['0.084', '0.090', '0.051', '0.119']
Price Changes (%): ['0.450', '0.122', '-0.163', '0.489']
Candle Analysis:
    Body Sizes (%): ['0.409', '0.081', '0.163', '0.448']
    Upper Shadows (%): ['0.041', '0.000', '0.000', '0.081']
    Lower Shadows (%): ['0.041', '0.204', '0.081', '0.081']
Volumes: [np.float64(23743.4), np.float64(11772.0), np.float64(18084.3), np.float64(62000.6)]
2025-05-09 22:05:18,467 - INFO - 
2. Post-Cross Movement (30min):
5min Price Changes (%): ['0.122']
Maximum Change: 0.122% after 5 minutes
Candle Analysis:
    Body Sizes (%): ['0.122']
    Upper Shadows (%): ['0.000']
    Lower Shadows (%): ['0.000']
Volumes: [np.float64(4201.5)]
==================================================
2025-05-09 22:05:19,118 - INFO - 
==================================================
EMA Cross Analysis - MOODENG/USDT
Time: 2025-05-09 22:05:00+09:00
Type: golden
Cross Character (Current): Strong
Cross Character (New): Weak
Price at Cross: 0.13363

1. Pre-Cross Pattern (15min):
EMA Distance Changes (%): ['0.875', '0.664', '0.117', '0.328']
EMA12 Changes (%): ['0.071', '0.266', '0.963', '0.889']
Price Changes (%): ['1.343', '1.333', '4.734', '0.504']
Candle Analysis:
    Body Sizes (%): ['1.335', '1.309', '4.726', '0.564']
    Upper Shadows (%): ['0.841', '0.351', '4.466', '0.391']
    Lower Shadows (%): ['0.501', '1.085', '0.638', '0.120']
Volumes: [np.float64(39933275.0), np.float64(44278560.0), np.float64(127780909.0), np.float64(7259729.0)]
2025-05-09 22:05:19,118 - INFO - 
2. Post-Cross Movement (30min):
5min Price Changes (%): []
Maximum Change: 0.000% after 0 minutes
Candle Analysis:
    Body Sizes (%): []
    Upper Shadows (%): []
    Lower Shadows (%): []
Volumes: []
==================================================
2025-05-09 22:05:20,349 - INFO - 
==================================================
EMA Cross Analysis - PHA/USDT
Time: 2025-05-09 22:00:00+09:00
Type: golden
Cross Character (Current): Weak
Cross Character (New): Weak
Price at Cross: 0.134

1. Pre-Cross Pattern (15min):
EMA Distance Changes (%): ['0.139', '0.084', '0.030', '0.018']
EMA12 Changes (%): ['0.076', '0.087', '0.092', '0.088']
Price Changes (%): ['0.255', '0.150', '0.120', '0.067']
Candle Analysis:
    Body Sizes (%): ['0.263', '0.135', '0.090', '0.052']
    Upper Shadows (%): ['0.158', '0.052', '0.142', '0.090']
    Lower Shadows (%): ['0.128', '0.270', '0.135', '0.164']
Volumes: [np.float64(51640.0), np.float64(57849.0), np.float64(44475.0), np.float64(85998.0)]
2025-05-09 22:05:20,349 - INFO - 
2. Post-Cross Movement (30min):
5min Price Changes (%): ['0.067']
Maximum Change: 0.067% after 5 minutes
Candle Analysis:
    Body Sizes (%): ['0.045']
    Upper Shadows (%): ['0.030']
    Lower Shadows (%): ['0.000']
Volumes: [np.float64(4144.0)]
==================================================
2025-05-09 22:05:23,405 - INFO - 
==================================================
EMA Cross Analysis - ADA/USDT
Time: 2025-05-09 22:00:00+09:00
Type: golden
Cross Character (Current): Weak
Cross Character (New): Weak
Price at Cross: 0.7947

1. Pre-Cross Pattern (15min):
EMA Distance Changes (%): ['0.023', '0.005', '0.001', '0.022']
EMA12 Changes (%): ['-0.028', '-0.031', '-0.011', '0.043']
Price Changes (%): ['0.051', '-0.051', '0.101', '0.341']
Candle Analysis:
    Body Sizes (%): ['0.063', '0.051', '0.088', '0.328']
    Upper Shadows (%): ['0.215', '0.038', '0.051', '0.088']
    Lower Shadows (%): ['0.088', '0.152', '0.164', '0.139']
Volumes: [np.float64(2553331.0), np.float64(1459142.0), np.float64(896801.0), np.float64(2784622.0)]
2025-05-09 22:05:23,405 - INFO - 
2. Post-Cross Movement (30min):
5min Price Changes (%): ['0.050']
Maximum Change: 0.050% after 5 minutes
Candle Analysis:
    Body Sizes (%): ['0.050']
    Upper Shadows (%): ['0.076']
    Lower Shadows (%): ['0.000']
Volumes: [np.float64(230604.0)]
==================================================
2025-05-09 22:05:23,627 - INFO - 
==================================================
EMA Cross Analysis - WLD/USDT
Time: 2025-05-09 22:05:00+09:00
Type: golden
Cross Character (Current): Weak
Cross Character (New): Weak
Price at Cross: 1.1413

1. Pre-Cross Pattern (15min):
EMA Distance Changes (%): ['0.074', '0.057', '0.006', '0.048']
EMA12 Changes (%): ['0.083', '0.024', '0.089', '0.104']
Price Changes (%): ['0.220', '-0.299', '0.450', '0.184']
Candle Analysis:
    Body Sizes (%): ['0.220', '0.299', '0.450', '0.184']
    Upper Shadows (%): ['0.062', '0.070', '0.062', '0.009']
    Lower Shadows (%): ['0.282', '0.202', '0.335', '0.000']
Volumes: [np.float64(445709.0), np.float64(279833.0), np.float64(823649.0), np.float64(85944.0)]
2025-05-09 22:05:23,627 - INFO - 
2. Post-Cross Movement (30min):
5min Price Changes (%): []
Maximum Change: 0.000% after 0 minutes
Candle Analysis:
    Body Sizes (%): []
    Upper Shadows (%): []
    Lower Shadows (%): []
Volumes: []
==================================================
2025-05-09 22:05:26,495 - INFO - 
==================================================
EMA Cross Analysis - ONDOUSDT
Time: 2025-05-09 22:00:00+09:00
Type: golden
Cross Character (Current): Weak
Cross Character (New): Weak
Price at Cross: 1.0328

1. Pre-Cross Pattern (15min):
EMA Distance Changes (%): ['0.024', '0.034', '0.039', '0.011']
EMA12 Changes (%): ['-0.026', '-0.024', '-0.014', '0.092']
Price Changes (%): ['0.088', '-0.010', '0.039', '0.673']
Candle Analysis:
    Body Sizes (%): ['0.078', '0.019', '0.019', '0.673']
    Upper Shadows (%): ['0.322', '0.049', '0.000', '0.058']
    Lower Shadows (%): ['0.127', '0.244', '0.361', '0.136']
Volumes: [np.float64(469459.3), np.float64(533864.3), np.float64(363589.6), np.float64(607052.1)]
2025-05-09 22:05:26,495 - INFO - 
2. Post-Cross Movement (30min):
5min Price Changes (%): ['0.048']
Maximum Change: 0.048% after 5 minutes
Candle Analysis:
    Body Sizes (%): ['0.058']
    Upper Shadows (%): ['0.155']
    Lower Shadows (%): ['0.000']
Volumes: [np.float64(90773.4)]
==================================================
2025-05-09 22:05:27,537 - INFO - 
==================================================
EMA Cross Analysis - MELANIA/USDT
Time: 2025-05-09 22:00:00+09:00
Type: golden
Cross Character (Current): Weak
Cross Character (New): Weak
Price at Cross: 0.3809

1. Pre-Cross Pattern (15min):
EMA Distance Changes (%): ['0.075', '0.067', '0.044', '0.001']
EMA12 Changes (%): ['0.026', '0.006', '0.034', '0.081']
Price Changes (%): ['0.185', '-0.105', '0.185', '0.342']
Candle Analysis:
    Body Sizes (%): ['0.158', '0.132', '0.185', '0.290']
    Upper Shadows (%): ['0.211', '0.026', '0.053', '0.105']
    Lower Shadows (%): ['0.264', '0.264', '0.317', '0.132']
Volumes: [np.float64(215033.31), np.float64(188904.52), np.float64(377467.94), np.float64(309302.06)]
2025-05-09 22:05:27,537 - INFO - 
2. Post-Cross Movement (30min):
5min Price Changes (%): ['0.026']
Maximum Change: 0.026% after 5 minutes
Candle Analysis:
    Body Sizes (%): ['0.053']
    Upper Shadows (%): ['0.053']
    Lower Shadows (%): ['0.026']
Volumes: [np.float64(35553.19)]
==================================================
2025-05-09 22:11:10,356 - INFO - 
==================================================
EMA Cross Analysis - XRP/USDT
Time: 2025-05-09 22:10:00+09:00
Type: golden
Cross Character (Current): Weak
Cross Character (New): Weak
Price at Cross: 2.3923

1. Pre-Cross Pattern (15min):
EMA Distance Changes (%): ['0.019', '0.017', '0.009', '0.006']
EMA12 Changes (%): ['-0.045', '0.000', '0.013', '0.028']
Price Changes (%): ['-0.138', '0.248', '0.084', '0.113']
Candle Analysis:
    Body Sizes (%): ['0.147', '0.248', '0.084', '0.113']
    Upper Shadows (%): ['0.000', '0.080', '0.151', '0.004']
    Lower Shadows (%): ['0.071', '0.097', '0.109', '0.000']
Volumes: [np.float64(1449474.1), np.float64(2394908.9), np.float64(3089390.0), np.float64(663225.3)]
2025-05-09 22:11:10,356 - INFO - 
2. Post-Cross Movement (30min):
5min Price Changes (%): []
Maximum Change: 0.000% after 0 minutes
Candle Analysis:
    Body Sizes (%): []
    Upper Shadows (%): []
    Lower Shadows (%): []
Volumes: []
==================================================
2025-05-09 22:11:10,790 - INFO - 
==================================================
EMA Cross Analysis - WLD/USDT
Time: 2025-05-09 22:05:00+09:00
Type: golden
Cross Character (Current): Weak
Cross Character (New): Weak
Price at Cross: 1.1356

1. Pre-Cross Pattern (15min):
EMA Distance Changes (%): ['0.074', '0.057', '0.006', '0.008']
EMA12 Changes (%): ['0.083', '0.024', '0.089', '0.027']
Price Changes (%): ['0.220', '-0.299', '0.450', '-0.316']
Candle Analysis:
    Body Sizes (%): ['0.220', '0.299', '0.450', '0.316']
    Upper Shadows (%): ['0.062', '0.070', '0.062', '0.237']
    Lower Shadows (%): ['0.282', '0.202', '0.335', '0.070']
Volumes: [np.float64(445709.0), np.float64(279833.0), np.float64(823649.0), np.float64(578018.0)]
2025-05-09 22:11:10,790 - INFO - 
2. Post-Cross Movement (30min):
5min Price Changes (%): ['0.291']
Maximum Change: 0.291% after 5 minutes
Candle Analysis:
    Body Sizes (%): ['0.299']
    Upper Shadows (%): ['0.000']
    Lower Shadows (%): ['0.018']
Volumes: [np.float64(92857.0)]
==================================================
2025-05-09 22:11:12,745 - INFO - 
==================================================
EMA Cross Analysis - GOAT/USDT
Time: 2025-05-09 22:10:00+09:00
Type: golden
Cross Character (Current): Strong
Cross Character (New): Strong
Price at Cross: 0.11204

1. Pre-Cross Pattern (15min):
EMA Distance Changes (%): ['0.560', '0.289', '0.144', '0.011']
EMA12 Changes (%): ['0.204', '0.437', '0.248', '0.282']
Price Changes (%): ['0.766', '1.701', '-0.765', '0.466']
Candle Analysis:
    Body Sizes (%): ['0.766', '1.729', '0.765', '0.493']
    Upper Shadows (%): ['0.319', '0.172', '0.641', '0.000']
    Lower Shadows (%): ['0.255', '0.018', '0.285', '0.099']
Volumes: [np.float64(5283279.0), np.float64(4393312.0), np.float64(3877805.0), np.float64(173213.0)]
2025-05-09 22:11:12,745 - INFO - 
2. Post-Cross Movement (30min):
5min Price Changes (%): []
Maximum Change: 0.000% after 0 minutes
Candle Analysis:
    Body Sizes (%): []
    Upper Shadows (%): []
    Lower Shadows (%): []
Volumes: []
==================================================
2025-05-09 22:15:46,925 - INFO - 
==================================================
EMA Cross Analysis - XLM/USDT
Time: 2025-05-09 22:15:00+09:00
Type: golden
Cross Character (Current): Weak
Cross Character (New): Weak
Price at Cross: 0.30223

1. Pre-Cross Pattern (15min):
EMA Distance Changes (%): ['0.090', '0.049', '0.019', '0.014']
EMA12 Changes (%): ['0.095', '0.065', '0.052', '0.061']
Price Changes (%): ['0.562', '-0.096', '-0.020', '0.106']
Candle Analysis:
    Body Sizes (%): ['0.549', '0.096', '0.020', '0.106']
    Upper Shadows (%): ['0.000', '0.232', '0.245', '0.000']
    Lower Shadows (%): ['0.073', '0.036', '0.099', '0.043']
Volumes: [np.float64(2455947.0), np.float64(2084564.0), np.float64(897411.0), np.float64(172232.0)]
2025-05-09 22:15:46,925 - INFO - 
2. Post-Cross Movement (30min):
5min Price Changes (%): []
Maximum Change: 0.000% after 0 minutes
Candle Analysis:
    Body Sizes (%): []
    Upper Shadows (%): []
    Lower Shadows (%): []
Volumes: []
==================================================
2025-05-09 22:15:49,105 - INFO - 
==================================================
EMA Cross Analysis - XRP/USDT
Time: 2025-05-09 22:10:00+09:00
Type: golden
Cross Character (Current): Weak
Cross Character (New): Weak
Price at Cross: 2.3911

1. Pre-Cross Pattern (15min):
EMA Distance Changes (%): ['0.019', '0.017', '0.009', '0.002']
EMA12 Changes (%): ['-0.045', '0.000', '0.013', '0.021']
Price Changes (%): ['-0.138', '0.248', '0.084', '0.063']
Candle Analysis:
    Body Sizes (%): ['0.147', '0.248', '0.084', '0.063']
    Upper Shadows (%): ['0.000', '0.080', '0.151', '0.130']
    Lower Shadows (%): ['0.071', '0.097', '0.109', '0.008']
Volumes: [np.float64(1449474.1), np.float64(2394908.9), np.float64(3089390.0), np.float64(2000368.4)]
2025-05-09 22:15:49,106 - INFO - 
2. Post-Cross Movement (30min):
5min Price Changes (%): ['0.096']
Maximum Change: 0.096% after 5 minutes
Candle Analysis:
    Body Sizes (%): ['0.096']
    Upper Shadows (%): ['0.004']
    Lower Shadows (%): ['0.042']
Volumes: [np.float64(210921.5)]
==================================================
2025-05-09 22:15:50,875 - INFO - 
==================================================
EMA Cross Analysis - SUI/USDT
Time: 2025-05-09 22:15:00+09:00
Type: golden
Cross Character (Current): Weak
Cross Character (New): Weak
Price at Cross: 3.9987

1. Pre-Cross Pattern (15min):
EMA Distance Changes (%): ['0.073', '0.054', '0.006', '0.039']
EMA12 Changes (%): ['0.032', '0.026', '0.085', '0.086']
Price Changes (%): ['0.401', '-0.010', '0.410', '0.090']
Candle Analysis:
    Body Sizes (%): ['0.399', '0.008', '0.407', '0.088']
    Upper Shadows (%): ['0.098', '0.369', '0.613', '0.018']
    Lower Shadows (%): ['0.038', '0.106', '0.000', '0.338']
Volumes: [np.float64(499860.4), np.float64(870028.4), np.float64(4220292.3), np.float64(450382.1)]
2025-05-09 22:15:50,875 - INFO - 
2. Post-Cross Movement (30min):
5min Price Changes (%): []
Maximum Change: 0.000% after 0 minutes
Candle Analysis:
    Body Sizes (%): []
    Upper Shadows (%): []
    Lower Shadows (%): []
Volumes: []
==================================================
2025-05-09 22:20:20,662 - INFO - 
==================================================
EMA Cross Analysis - DOGS/USDT
Time: 2025-05-09 22:20:00+09:00
Type: golden
Cross Character (Current): Weak
Cross Character (New): Weak
Price at Cross: 0.0001894

1. Pre-Cross Pattern (15min):
EMA Distance Changes (%): ['0.210', '0.126', '0.046', '0.009']
EMA12 Changes (%): ['0.148', '0.133', '0.137', '0.100']
Price Changes (%): ['0.212', '0.053', '0.158', '-0.105']
Candle Analysis:
    Body Sizes (%): ['0.212', '0.053', '0.106', '0.105']
    Upper Shadows (%): ['0.583', '0.476', '0.686', '0.053']
    Lower Shadows (%): ['0.000', '0.053', '0.000', '0.000']
Volumes: [np.float64(858445914.0), np.float64(289443427.0), np.float64(614502407.0), np.float64(69506268.0)]
2025-05-09 22:20:20,662 - INFO - 
2. Post-Cross Movement (30min):
5min Price Changes (%): []
Maximum Change: 0.000% after 0 minutes
Candle Analysis:
    Body Sizes (%): []
    Upper Shadows (%): []
    Lower Shadows (%): []
Volumes: []
==================================================
2025-05-09 22:20:27,088 - INFO - 
==================================================
EMA Cross Analysis - XRP/USDT
Time: 2025-05-09 22:15:00+09:00
Type: dead
Cross Character (Current): Weak
Cross Character (New): Weak
Price at Cross: 2.384

1. Pre-Cross Pattern (15min):
EMA Distance Changes (%): ['0.017', '0.009', '0.002', '0.013']
EMA12 Changes (%): ['0.000', '0.013', '0.021', '-0.028']
Price Changes (%): ['0.248', '0.084', '0.063', '-0.297']
Candle Analysis:
    Body Sizes (%): ['0.248', '0.084', '0.063', '0.297']
    Upper Shadows (%): ['0.080', '0.151', '0.130', '0.151']
    Lower Shadows (%): ['0.097', '0.109', '0.008', '0.071']
Volumes: [np.float64(2394908.9), np.float64(3089390.0), np.float64(2000368.4), np.float64(4249840.0)]
2025-05-09 22:20:27,089 - INFO - 
2. Post-Cross Movement (30min):
5min Price Changes (%): ['-0.159']
Maximum Change: -0.159% after 5 minutes
Candle Analysis:
    Body Sizes (%): ['0.155']
    Upper Shadows (%): ['0.004']
    Lower Shadows (%): ['0.004']
Volumes: [np.float64(330698.2)]
==================================================
2025-05-09 22:20:27,310 - INFO - 
==================================================
EMA Cross Analysis - ADA/USDT
Time: 2025-05-09 22:20:00+09:00
Type: dead
Cross Character (Current): Weak
Cross Character (New): Weak
Price at Cross: 0.7899

1. Pre-Cross Pattern (15min):
EMA Distance Changes (%): ['0.021', '0.037', '0.009', '0.020']
EMA12 Changes (%): ['0.002', '0.034', '-0.050', '-0.054']
Price Changes (%): ['-0.227', '0.214', '-0.516', '-0.076']
Candle Analysis:
    Body Sizes (%): ['0.227', '0.214', '0.516', '0.076']
    Upper Shadows (%): ['0.189', '0.202', '0.189', '0.038']
    Lower Shadows (%): ['0.025', '0.000', '0.038', '0.025']
Volumes: [np.float64(2834982.0), np.float64(1571627.0), np.float64(3196321.0), np.float64(649620.0)]
2025-05-09 22:20:27,311 - INFO - 
2. Post-Cross Movement (30min):
5min Price Changes (%): []
Maximum Change: 0.000% after 0 minutes
Candle Analysis:
    Body Sizes (%): []
    Upper Shadows (%): []
    Lower Shadows (%): []
Volumes: []
==================================================
2025-05-09 22:20:28,876 - INFO - 
==================================================
EMA Cross Analysis - SUI/USDT
Time: 2025-05-09 22:15:00+09:00
Type: golden
Cross Character (Current): Weak
Cross Character (New): Weak
Price at Cross: 3.9907

1. Pre-Cross Pattern (15min):
EMA Distance Changes (%): ['0.073', '0.054', '0.006', '0.023']
EMA12 Changes (%): ['0.032', '0.026', '0.085', '0.055']
Price Changes (%): ['0.401', '-0.010', '0.410', '-0.110']
Candle Analysis:
    Body Sizes (%): ['0.399', '0.008', '0.407', '0.113']
    Upper Shadows (%): ['0.098', '0.369', '0.613', '0.200']
    Lower Shadows (%): ['0.038', '0.106', '0.000', '0.225']
Volumes: [np.float64(499860.4), np.float64(870028.4), np.float64(4220292.3), np.float64(1092762.4)]
2025-05-09 22:20:28,876 - INFO - 
2. Post-Cross Movement (30min):
5min Price Changes (%): ['-0.150']
Maximum Change: -0.150% after 5 minutes
Candle Analysis:
    Body Sizes (%): ['0.150']
    Upper Shadows (%): ['0.065']
    Lower Shadows (%): ['0.008']
Volumes: [np.float64(68122.3)]
==================================================
2025-05-09 22:20:29,095 - INFO - 
==================================================
EMA Cross Analysis - AVAX/USDT
Time: 2025-05-09 22:15:00+09:00
Type: dead
Cross Character (Current): Weak
Cross Character (New): Weak
Price at Cross: 23.345

1. Pre-Cross Pattern (15min):
EMA Distance Changes (%): ['0.050', '0.031', '0.017', '0.016']
EMA12 Changes (%): ['0.016', '-0.029', '-0.023', '-0.061']
Price Changes (%): ['0.338', '-0.277', '0.013', '-0.273']
Candle Analysis:
    Body Sizes (%): ['0.333', '0.277', '0.013', '0.278']
    Upper Shadows (%): ['0.017', '0.196', '0.372', '0.107']
    Lower Shadows (%): ['0.085', '0.043', '0.060', '0.273']
Volumes: [np.float64(43463.0), np.float64(68229.0), np.float64(29116.0), np.float64(105722.0)]
2025-05-09 22:20:29,095 - INFO - 
2. Post-Cross Movement (30min):
5min Price Changes (%): ['-0.231']
Maximum Change: -0.231% after 5 minutes
Candle Analysis:
    Body Sizes (%): ['0.236']
    Upper Shadows (%): ['0.017']
    Lower Shadows (%): ['0.000']
Volumes: [np.float64(5504.0)]
==================================================
2025-05-09 22:25:04,451 - INFO - 
==================================================
EMA Cross Analysis - ADA/USDT
Time: 2025-05-09 22:20:00+09:00
Type: dead
Cross Character (Current): Weak
Cross Character (New): Weak
Price at Cross: 0.7872

1. Pre-Cross Pattern (15min):
EMA Distance Changes (%): ['0.021', '0.037', '0.009', '0.048']
EMA12 Changes (%): ['0.002', '0.034', '-0.050', '-0.107']
Price Changes (%): ['-0.227', '0.214', '-0.516', '-0.417']
Candle Analysis:
    Body Sizes (%): ['0.227', '0.214', '0.516', '0.417']
    Upper Shadows (%): ['0.189', '0.202', '0.189', '0.038']
    Lower Shadows (%): ['0.025', '0.000', '0.038', '0.038']
Volumes: [np.float64(2834982.0), np.float64(1571627.0), np.float64(3196321.0), np.float64(3464554.0)]
2025-05-09 22:25:04,451 - INFO - 
2. Post-Cross Movement (30min):
5min Price Changes (%): ['0.000']
Maximum Change: 0.000% after 0 minutes
Candle Analysis:
    Body Sizes (%): ['0.013']
    Upper Shadows (%): ['0.000']
    Lower Shadows (%): ['0.013']
Volumes: [np.float64(23030.0)]
==================================================
2025-05-09 22:25:07,569 - INFO - 
==================================================
EMA Cross Analysis - ONDOUSDT
Time: 2025-05-09 22:25:00+09:00
Type: dead
Cross Character (Current): Weak
Cross Character (New): Weak
Price at Cross: 1.024

1. Pre-Cross Pattern (15min):
EMA Distance Changes (%): ['0.067', '0.065', '0.026', '0.008']
EMA12 Changes (%): ['0.069', '0.004', '-0.065', '-0.063']
Price Changes (%): ['0.194', '-0.349', '-0.447', '-0.049']
Candle Analysis:
    Body Sizes (%): ['0.184', '0.349', '0.466', '0.029']
    Upper Shadows (%): ['0.320', '0.252', '0.010', '0.000']
    Lower Shadows (%): ['0.000', '0.077', '0.087', '0.029']
Volumes: [np.float64(567860.5), np.float64(411676.6), np.float64(488188.6), np.float64(11982.3)]
2025-05-09 22:25:07,570 - INFO - 
2. Post-Cross Movement (30min):
5min Price Changes (%): []
Maximum Change: 0.000% after 0 minutes
Candle Analysis:
    Body Sizes (%): []
    Upper Shadows (%): []
    Lower Shadows (%): []
Volumes: []
==================================================
2025-05-09 22:26:09,099 - INFO - 
==================================================
EMA Cross Analysis - DOGS/USDT
Time: 2025-05-09 22:20:00+09:00
Type: golden
Cross Character (Current): Weak
Cross Character (New): Weak
Price at Cross: 0.0001901

1. Pre-Cross Pattern (15min):
EMA Distance Changes (%): ['0.210', '0.126', '0.046', '0.038']
EMA12 Changes (%): ['0.148', '0.133', '0.137', '0.157']
Price Changes (%): ['0.212', '0.053', '0.158', '0.264']
Candle Analysis:
    Body Sizes (%): ['0.212', '0.053', '0.106', '0.264']
    Upper Shadows (%): ['0.583', '0.476', '0.686', '0.053']
    Lower Shadows (%): ['0.000', '0.053', '0.000', '0.422']
Volumes: [np.float64(858445914.0), np.float64(289443427.0), np.float64(614502407.0), np.float64(587870042.0)]
2025-05-09 22:26:09,099 - INFO - 
2. Post-Cross Movement (30min):
5min Price Changes (%): ['0.000']
Maximum Change: 0.000% after 0 minutes
Candle Analysis:
    Body Sizes (%): ['0.000']
    Upper Shadows (%): ['0.158']
    Lower Shadows (%): ['0.053']
Volumes: [np.float64(118327605.0)]
==================================================
2025-05-09 22:26:13,030 - INFO - 
==================================================
EMA Cross Analysis - DOGE/USDT
Time: 2025-05-09 22:20:00+09:00
Type: dead
Cross Character (Current): Weak
Cross Character (New): Weak
Price at Cross: 0.20647

1. Pre-Cross Pattern (15min):
EMA Distance Changes (%): ['0.047', '0.056', '0.037', '0.004']
EMA12 Changes (%): ['0.027', '0.024', '-0.029', '-0.074']
Price Changes (%): ['-0.082', '0.010', '-0.322', '-0.319']
Candle Analysis:
    Body Sizes (%): ['0.082', '0.010', '0.327', '0.319']
    Upper Shadows (%): ['0.332', '0.236', '0.067', '0.024']
    Lower Shadows (%): ['0.038', '0.091', '0.120', '0.198']
Volumes: [np.float64(25899513.0), np.float64(10878132.0), np.float64(16081931.0), np.float64(12120986.0)]
2025-05-09 22:26:13,030 - INFO - 
2. Post-Cross Movement (30min):
5min Price Changes (%): ['0.087']
Maximum Change: 0.087% after 5 minutes
Candle Analysis:
    Body Sizes (%): ['0.092']
    Upper Shadows (%): ['0.063']
    Lower Shadows (%): ['0.063']
Volumes: [np.float64(2066207.0)]
==================================================
2025-05-09 22:30:56,461 - INFO - 
==================================================
EMA Cross Analysis - BRETT/USDT
Time: 2025-05-09 22:25:00+09:00
Type: golden
Cross Character (Current): Weak
Cross Character (New): Weak
Price at Cross: 0.08067

1. Pre-Cross Pattern (15min):
EMA Distance Changes (%): ['0.067', '0.073', '0.030', '0.038']
EMA12 Changes (%): ['0.084', '-0.021', '0.072', '0.127']
Price Changes (%): ['0.162', '-0.597', '0.589', '0.423']
Candle Analysis:
    Body Sizes (%): ['0.162', '0.635', '0.526', '0.486']
    Upper Shadows (%): ['0.436', '0.236', '0.000', '0.710']
    Lower Shadows (%): ['0.025', '0.112', '0.563', '0.012']
Volumes: [np.float64(602326.0), np.float64(1181773.0), np.float64(956004.0), np.float64(2572051.0)]
2025-05-09 22:30:56,461 - INFO - 
2. Post-Cross Movement (30min):
5min Price Changes (%): ['0.508']
Maximum Change: 0.508% after 5 minutes
Candle Analysis:
    Body Sizes (%): ['0.533']
    Upper Shadows (%): ['0.124']
    Lower Shadows (%): ['0.062']
Volumes: [np.float64(389980.0)]
==================================================
2025-05-09 22:35:27,066 - INFO - 
==================================================
EMA Cross Analysis - LINK/USDT
Time: 2025-05-09 22:30:00+09:00
Type: golden
Cross Character (Current): Weak
Cross Character (New): Weak
Price at Cross: 16.266

1. Pre-Cross Pattern (15min):
EMA Distance Changes (%): ['0.050', '0.059', '0.037', '0.005']
EMA12 Changes (%): ['0.027', '-0.024', '0.033', '0.077']
Price Changes (%): ['0.154', '-0.302', '0.347', '0.321']
Candle Analysis:
    Body Sizes (%): ['0.148', '0.308', '0.353', '0.321']
    Upper Shadows (%): ['0.198', '0.037', '0.080', '0.049']
    Lower Shadows (%): ['0.328', '0.142', '0.025', '0.685']
Volumes: [np.float64(116508.38), np.float64(74407.54), np.float64(80812.62), np.float64(206086.1)]
2025-05-09 22:35:27,066 - INFO - 
2. Post-Cross Movement (30min):
5min Price Changes (%): ['-0.086']
Maximum Change: -0.086% after 5 minutes
Candle Analysis:
    Body Sizes (%): ['0.086']
    Upper Shadows (%): ['0.105']
    Lower Shadows (%): ['0.000']
Volumes: [np.float64(9174.95)]
==================================================
2025-05-09 22:40:06,493 - INFO - 
==================================================
EMA Cross Analysis - DOGE/USDT
Time: 2025-05-09 22:35:00+09:00
Type: golden
Cross Character (Current): Weak
Cross Character (New): Weak
Price at Cross: 0.20813

1. Pre-Cross Pattern (15min):
EMA Distance Changes (%): ['0.004', '0.036', '0.018', '0.017']
EMA12 Changes (%): ['-0.074', '-0.061', '0.028', '0.066']
Price Changes (%): ['-0.319', '0.010', '0.518', '0.275']
Candle Analysis:
    Body Sizes (%): ['0.319', '0.015', '0.523', '0.275']
    Upper Shadows (%): ['0.024', '0.174', '0.073', '0.299']
    Lower Shadows (%): ['0.198', '0.136', '0.571', '0.063']
Volumes: [np.float64(12120986.0), np.float64(11096266.0), np.float64(42733700.0), np.float64(38958020.0)]
2025-05-09 22:40:06,493 - INFO - 
2. Post-Cross Movement (30min):
5min Price Changes (%): ['0.024']
Maximum Change: 0.024% after 5 minutes
Candle Analysis:
    Body Sizes (%): ['0.024']
    Upper Shadows (%): ['0.010']
    Lower Shadows (%): ['0.019']
Volumes: [np.float64(310082.0)]
==================================================
2025-05-09 22:40:10,802 - INFO - 
==================================================
EMA Cross Analysis - AVAX/USDT
Time: 2025-05-09 22:40:00+09:00
Type: golden
Cross Character (Current): Weak
Cross Character (New): Weak
Price at Cross: 23.527

1. Pre-Cross Pattern (15min):
EMA Distance Changes (%): ['0.099', '0.098', '0.043', '0.003']
EMA12 Changes (%): ['-0.069', '-0.013', '0.092', '0.082']
Price Changes (%): ['0.103', '0.300', '0.668', '0.026']
Candle Analysis:
    Body Sizes (%): ['0.103', '0.313', '0.672', '0.026']
    Upper Shadows (%): ['0.133', '0.069', '0.026', '0.000']
    Lower Shadows (%): ['0.056', '0.567', '0.017', '0.017']
Volumes: [np.float64(24724.0), np.float64(118843.0), np.float64(169618.0), np.float64(3165.0)]
2025-05-09 22:40:10,802 - INFO - 
2. Post-Cross Movement (30min):
5min Price Changes (%): []
Maximum Change: 0.000% after 0 minutes
Candle Analysis:
    Body Sizes (%): []
    Upper Shadows (%): []
    Lower Shadows (%): []
Volumes: []
==================================================
2025-05-09 22:45:51,911 - INFO - 
==================================================
EMA Cross Analysis - 1000PEPE/USDT
Time: 2025-05-09 22:40:00+09:00
Type: golden
Cross Character (Current): Weak
Cross Character (New): Weak
Price at Cross: 0.0128033

1. Pre-Cross Pattern (15min):
EMA Distance Changes (%): ['0.143', '0.088', '0.026', '0.016']
EMA12 Changes (%): ['0.038', '0.086', '0.108', '0.077']
Price Changes (%): ['0.506', '0.347', '0.228', '-0.089']
Candle Analysis:
    Body Sizes (%): ['0.507', '0.349', '0.231', '0.098']
    Upper Shadows (%): ['0.230', '0.113', '0.565', '0.488']
    Lower Shadows (%): ['0.024', '1.333', '0.327', '0.491']
Volumes: [np.float64(365951002.0), np.float64(1151136766.0), np.float64(962134467.0), np.float64(929687541.0)]
2025-05-09 22:45:51,911 - INFO - 
2. Post-Cross Movement (30min):
5min Price Changes (%): ['0.739']
Maximum Change: 0.739% after 5 minutes
Candle Analysis:
    Body Sizes (%): ['0.729']
    Upper Shadows (%): ['0.008']
    Lower Shadows (%): ['0.071']
Volumes: [np.float64(223579645.0)]
==================================================
2025-05-09 22:45:53,966 - INFO - 
==================================================
EMA Cross Analysis - XLM/USDT
Time: 2025-05-09 22:40:00+09:00
Type: golden
Cross Character (Current): Weak
Cross Character (New): Weak
Price at Cross: 0.30154

1. Pre-Cross Pattern (15min):
EMA Distance Changes (%): ['0.042', '0.019', '0.006', '0.007']
EMA12 Changes (%): ['-0.021', '0.039', '0.021', '0.024']
Price Changes (%): ['0.077', '0.373', '-0.080', '0.043']
Candle Analysis:
    Body Sizes (%): ['0.090', '0.373', '0.070', '0.023']
    Upper Shadows (%): ['0.153', '0.083', '0.265', '0.189']
    Lower Shadows (%): ['0.040', '0.476', '0.113', '0.302']
Volumes: [np.float64(861231.0), np.float64(2029617.0), np.float64(1833762.0), np.float64(1324090.0)]
2025-05-09 22:45:53,966 - INFO - 
2. Post-Cross Movement (30min):
5min Price Changes (%): ['0.322']
Maximum Change: 0.322% after 5 minutes
Candle Analysis:
    Body Sizes (%): ['0.335']
    Upper Shadows (%): ['0.017']
    Lower Shadows (%): ['0.083']
Volumes: [np.float64(380322.0)]
==================================================
2025-05-09 22:45:56,142 - INFO - 
==================================================
EMA Cross Analysis - XRP/USDT
Time: 2025-05-09 22:45:00+09:00
Type: golden
Cross Character (Current): Weak
Cross Character (New): Weak
Price at Cross: 2.401

1. Pre-Cross Pattern (15min):
EMA Distance Changes (%): ['0.065', '0.039', '0.015', '0.034']
EMA12 Changes (%): ['0.019', '0.041', '0.042', '0.092']
Price Changes (%): ['0.387', '0.163', '0.046', '0.368']
Candle Analysis:
    Body Sizes (%): ['0.391', '0.159', '0.046', '0.368']
    Upper Shadows (%): ['0.071', '0.180', '0.138', '0.038']
    Lower Shadows (%): ['0.488', '0.034', '0.222', '0.059']
Volumes: [np.float64(7340968.8), np.float64(4692250.2), np.float64(3206839.1), np.float64(1257478.6)]
2025-05-09 22:45:56,143 - INFO - 
2. Post-Cross Movement (30min):
5min Price Changes (%): []
Maximum Change: 0.000% after 0 minutes
Candle Analysis:
    Body Sizes (%): []
    Upper Shadows (%): []
    Lower Shadows (%): []
Volumes: []
==================================================
2025-05-09 22:45:58,058 - INFO - 
==================================================
EMA Cross Analysis - AVAX/USDT
Time: 2025-05-09 22:45:00+09:00
Type: golden
Cross Character (Current): Weak
Cross Character (New): Weak
Price at Cross: 23.572

1. Pre-Cross Pattern (15min):
EMA Distance Changes (%): ['0.098', '0.043', '0.002', '0.049']
EMA12 Changes (%): ['-0.013', '0.092', '0.072', '0.100']
Price Changes (%): ['0.300', '0.668', '-0.038', '0.255']
Candle Analysis:
    Body Sizes (%): ['0.313', '0.672', '0.038', '0.255']
    Upper Shadows (%): ['0.069', '0.026', '0.191', '0.068']
    Lower Shadows (%): ['0.567', '0.017', '0.187', '0.089']
Volumes: [np.float64(118843.0), np.float64(169618.0), np.float64(98490.0), np.float64(20736.0)]
2025-05-09 22:45:58,058 - INFO - 
2. Post-Cross Movement (30min):
5min Price Changes (%): []
Maximum Change: 0.000% after 0 minutes
Candle Analysis:
    Body Sizes (%): []
    Upper Shadows (%): []
    Lower Shadows (%): []
Volumes: []
==================================================
2025-05-09 22:45:59,578 - INFO - 
==================================================
EMA Cross Analysis - ZEN/USDT
Time: 2025-05-09 22:45:00+09:00
Type: golden
Cross Character (Current): Weak
Cross Character (New): Weak
Price at Cross: 10.042

1. Pre-Cross Pattern (15min):
EMA Distance Changes (%): ['0.068', '0.036', '0.012', '0.029']
EMA12 Changes (%): ['0.020', '0.050', '0.043', '0.076']
Price Changes (%): ['0.281', '0.220', '0.000', '0.260']
Candle Analysis:
    Body Sizes (%): ['0.281', '0.260', '0.000', '0.280']
    Upper Shadows (%): ['0.030', '0.270', '0.359', '0.170']
    Lower Shadows (%): ['0.652', '0.020', '0.130', '0.050']
Volumes: [np.float64(7128.0), np.float64(4880.5), np.float64(9334.0), np.float64(7548.7)]
2025-05-09 22:45:59,578 - INFO - 
2. Post-Cross Movement (30min):
5min Price Changes (%): []
Maximum Change: 0.000% after 0 minutes
Candle Analysis:
    Body Sizes (%): []
    Upper Shadows (%): []
    Lower Shadows (%): []
Volumes: []
==================================================
2025-05-09 22:50:33,851 - INFO - 
==================================================
EMA Cross Analysis - XRP/USDT
Time: 2025-05-09 22:45:00+09:00
Type: golden
Cross Character (Current): Weak
Cross Character (New): Weak
Price at Cross: 2.4044

1. Pre-Cross Pattern (15min):
EMA Distance Changes (%): ['0.065', '0.039', '0.015', '0.045']
EMA12 Changes (%): ['0.019', '0.041', '0.042', '0.114']
Price Changes (%): ['0.387', '0.163', '0.046', '0.510']
Candle Analysis:
    Body Sizes (%): ['0.391', '0.159', '0.046', '0.510']
    Upper Shadows (%): ['0.071', '0.180', '0.138', '0.067']
    Lower Shadows (%): ['0.488', '0.034', '0.222', '0.059']
Volumes: [np.float64(7340968.8), np.float64(4692250.2), np.float64(3206839.1), np.float64(5664459.5)]
2025-05-09 22:50:33,852 - INFO - 
2. Post-Cross Movement (30min):
5min Price Changes (%): ['-0.245']
Maximum Change: -0.245% after 5 minutes
Candle Analysis:
    Body Sizes (%): ['0.245']
    Upper Shadows (%): ['0.004']
    Lower Shadows (%): ['0.012']
Volumes: [np.float64(649103.3)]
==================================================
2025-05-09 22:50:34,065 - INFO - 
==================================================
EMA Cross Analysis - ADA/USDT
Time: 2025-05-09 22:45:00+09:00
Type: golden
Cross Character (Current): Weak
Cross Character (New): Weak
Price at Cross: 0.7993

1. Pre-Cross Pattern (15min):
EMA Distance Changes (%): ['0.064', '0.052', '0.044', '0.036']
EMA12 Changes (%): ['0.005', '0.014', '0.008', '0.149']
Price Changes (%): ['0.329', '0.063', '-0.025', '0.922']
Candle Analysis:
    Body Sizes (%): ['0.342', '0.076', '0.025', '0.922']
    Upper Shadows (%): ['0.025', '0.291', '0.328', '0.063']
    Lower Shadows (%): ['0.520', '0.139', '0.177', '0.063']
Volumes: [np.float64(4787363.0), np.float64(3213751.0), np.float64(2006115.0), np.float64(4791582.0)]
2025-05-09 22:50:34,065 - INFO - 
2. Post-Cross Movement (30min):
5min Price Changes (%): ['-0.400']
Maximum Change: -0.400% after 5 minutes
Candle Analysis:
    Body Sizes (%): ['0.400']
    Upper Shadows (%): ['0.000']
    Lower Shadows (%): ['0.050']
Volumes: [np.float64(1346367.0)]
==================================================
2025-05-09 22:50:34,725 - INFO - 
==================================================
EMA Cross Analysis - PENGU/USDT
Time: 2025-05-09 22:50:00+09:00
Type: golden
Cross Character (Current): Strong
Cross Character (New): Weak
Price at Cross: 0.015158

1. Pre-Cross Pattern (15min):
EMA Distance Changes (%): ['0.399', '0.219', '0.035', '0.115']
EMA12 Changes (%): ['0.193', '0.290', '0.328', '0.291']
Price Changes (%): ['0.701', '0.816', '0.531', '0.092']
Candle Analysis:
    Body Sizes (%): ['0.701', '0.810', '0.531', '0.112']
    Upper Shadows (%): ['0.330', '0.147', '0.783', '0.007']
    Lower Shadows (%): ['0.236', '0.823', '0.392', '0.139']
Volumes: [np.float64(73542822.0), np.float64(89010188.0), np.float64(133386369.0), np.float64(11443987.0)]
2025-05-09 22:50:34,725 - INFO - 
2. Post-Cross Movement (30min):
5min Price Changes (%): []
Maximum Change: 0.000% after 0 minutes
Candle Analysis:
    Body Sizes (%): []
    Upper Shadows (%): []
    Lower Shadows (%): []
Volumes: []
==================================================
2025-05-09 22:50:34,940 - INFO - 
==================================================
EMA Cross Analysis - AIXBT/USDT
Time: 2025-05-09 22:45:00+09:00
Type: golden
Cross Character (Current): Strong
Cross Character (New): Strong
Price at Cross: 0.21788

1. Pre-Cross Pattern (15min):
EMA Distance Changes (%): ['0.525', '0.369', '0.206', '0.024']
EMA12 Changes (%): ['0.120', '0.222', '0.262', '0.421']
Price Changes (%): ['0.307', '0.777', '0.476', '1.283']
Candle Analysis:
    Body Sizes (%): ['0.312', '0.758', '0.486', '1.292']
    Upper Shadows (%): ['0.085', '0.127', '0.397', '0.311']
    Lower Shadows (%): ['0.940', '0.019', '0.103', '0.056']
Volumes: [np.float64(1434972.0), np.float64(1745597.0), np.float64(2016747.0), np.float64(3675341.0)]
2025-05-09 22:50:34,940 - INFO - 
2. Post-Cross Movement (30min):
5min Price Changes (%): ['-0.252']
Maximum Change: -0.252% after 5 minutes
Candle Analysis:
    Body Sizes (%): ['0.257']
    Upper Shadows (%): ['0.028']
    Lower Shadows (%): ['0.161']
Volumes: [np.float64(427133.0)]
==================================================
2025-05-09 22:50:35,768 - INFO - 
==================================================
EMA Cross Analysis - AVAX/USDT
Time: 2025-05-09 22:45:00+09:00
Type: golden
Cross Character (Current): Weak
Cross Character (New): Weak
Price at Cross: 23.663

1. Pre-Cross Pattern (15min):
EMA Distance Changes (%): ['0.098', '0.043', '0.002', '0.080']
EMA12 Changes (%): ['-0.013', '0.092', '0.072', '0.160']
Price Changes (%): ['0.300', '0.668', '-0.038', '0.642']
Candle Analysis:
    Body Sizes (%): ['0.313', '0.672', '0.038', '0.642']
    Upper Shadows (%): ['0.069', '0.026', '0.191', '0.038']
    Lower Shadows (%): ['0.567', '0.017', '0.187', '0.089']
Volumes: [np.float64(118843.0), np.float64(169618.0), np.float64(98490.0), np.float64(132270.0)]
2025-05-09 22:50:35,768 - INFO - 
2. Post-Cross Movement (30min):
5min Price Changes (%): ['-0.410']
Maximum Change: -0.410% after 5 minutes
Candle Analysis:
    Body Sizes (%): ['0.414']
    Upper Shadows (%): ['0.021']
    Lower Shadows (%): ['0.021']
Volumes: [np.float64(17113.0)]
==================================================
2025-05-09 22:50:36,859 - INFO - 
==================================================
EMA Cross Analysis - ZEN/USDT
Time: 2025-05-09 22:45:00+09:00
Type: golden
Cross Character (Current): Weak
Cross Character (New): Weak
Price at Cross: 10.089

1. Pre-Cross Pattern (15min):
EMA Distance Changes (%): ['0.068', '0.036', '0.012', '0.066']
EMA12 Changes (%): ['0.020', '0.050', '0.043', '0.148']
Price Changes (%): ['0.281', '0.220', '0.000', '0.729']
Candle Analysis:
    Body Sizes (%): ['0.281', '0.260', '0.000', '0.749']
    Upper Shadows (%): ['0.030', '0.270', '0.359', '0.110']
    Lower Shadows (%): ['0.652', '0.020', '0.130', '0.050']
Volumes: [np.float64(7128.0), np.float64(4880.5), np.float64(9334.0), np.float64(36062.7)]
2025-05-09 22:50:36,859 - INFO - 
2. Post-Cross Movement (30min):
5min Price Changes (%): ['-0.287']
Maximum Change: -0.287% after 5 minutes
Candle Analysis:
    Body Sizes (%): ['0.278']
    Upper Shadows (%): ['0.030']
    Lower Shadows (%): ['0.000']
Volumes: [np.float64(2485.2)]
==================================================
2025-05-09 22:55:12,274 - INFO - 
==================================================
EMA Cross Analysis - PENGU/USDT
Time: 2025-05-09 22:50:00+09:00
Type: golden
Cross Character (Current): Strong
Cross Character (New): Weak
Price at Cross: 0.015328

1. Pre-Cross Pattern (15min):
EMA Distance Changes (%): ['0.399', '0.219', '0.035', '0.202']
EMA12 Changes (%): ['0.193', '0.290', '0.328', '0.467']
Price Changes (%): ['0.701', '0.816', '0.531', '1.215']
Candle Analysis:
    Body Sizes (%): ['0.701', '0.810', '0.531', '1.235']
    Upper Shadows (%): ['0.330', '0.147', '0.783', '1.400']
    Lower Shadows (%): ['0.236', '0.823', '0.392', '0.614']
Volumes: [np.float64(73542822.0), np.float64(89010188.0), np.float64(133386369.0), np.float64(195817566.0)]
2025-05-09 22:55:12,274 - INFO - 
2. Post-Cross Movement (30min):
5min Price Changes (%): ['-0.085']
Maximum Change: -0.085% after 5 minutes
Candle Analysis:
    Body Sizes (%): ['0.098']
    Upper Shadows (%): ['0.033']
    Lower Shadows (%): ['0.117']
Volumes: [np.float64(7029313.0)]
==================================================
2025-05-09 23:05:31,324 - INFO - 
==================================================
EMA Cross Analysis - 1000PEPE/USDT
Time: 2025-05-09 23:05:00+09:00
Type: dead
Cross Character (Current): Weak
Cross Character (New): Weak
Price at Cross: 0.012571

1. Pre-Cross Pattern (15min):
EMA Distance Changes (%): ['0.208', '0.213', '0.090', '0.047']
EMA12 Changes (%): ['0.146', '0.038', '-0.210', '-0.249']
Price Changes (%): ['-0.420', '-0.550', '-1.572', '-0.466']
Candle Analysis:
    Body Sizes (%): ['0.411', '0.549', '1.570', '0.475']
    Upper Shadows (%): ['0.022', '0.247', '0.000', '0.043']
    Lower Shadows (%): ['0.553', '0.115', '0.363', '0.000']
Volumes: [np.float64(1209440820.0), np.float64(464109446.0), np.float64(1672190676.0), np.float64(115581608.0)]
2025-05-09 23:05:31,324 - INFO - 
2. Post-Cross Movement (30min):
5min Price Changes (%): []
Maximum Change: 0.000% after 0 minutes
Candle Analysis:
    Body Sizes (%): []
    Upper Shadows (%): []
    Lower Shadows (%): []
Volumes: []
==================================================
2025-05-09 23:05:35,687 - INFO - 
==================================================
EMA Cross Analysis - XRP/USDT
Time: 2025-05-09 23:05:00+09:00
Type: dead
Cross Character (Current): Weak
Cross Character (New): Weak
Price at Cross: 2.3775

1. Pre-Cross Pattern (15min):
EMA Distance Changes (%): ['0.058', '0.051', '0.017', '0.022']
EMA12 Changes (%): ['0.031', '-0.006', '-0.058', '-0.072']
Price Changes (%): ['-0.420', '-0.209', '-0.347', '-0.147']
Candle Analysis:
    Body Sizes (%): ['0.420', '0.209', '0.343', '0.143']
    Upper Shadows (%): ['0.004', '0.054', '0.000', '0.000']
    Lower Shadows (%): ['0.507', '0.071', '0.218', '0.050']
Volumes: [np.float64(11841133.9), np.float64(5844311.4), np.float64(6000503.2), np.float64(1353534.9)]
2025-05-09 23:05:35,687 - INFO - 
2. Post-Cross Movement (30min):
5min Price Changes (%): []
Maximum Change: 0.000% after 0 minutes
Candle Analysis:
    Body Sizes (%): []
    Upper Shadows (%): []
    Lower Shadows (%): []
Volumes: []
==================================================
2025-05-09 23:05:35,921 - INFO - 
==================================================
EMA Cross Analysis - ADA/USDT
Time: 2025-05-09 23:05:00+09:00
Type: dead
Cross Character (Current): Weak
Cross Character (New): Weak
Price at Cross: 0.7876

1. Pre-Cross Pattern (15min):
EMA Distance Changes (%): ['0.062', '0.069', '0.026', '0.029']
EMA12 Changes (%): ['0.054', '0.022', '-0.072', '-0.102']
Price Changes (%): ['-0.463', '-0.151', '-0.592', '-0.266']
Candle Analysis:
    Body Sizes (%): ['0.463', '0.163', '0.592', '0.266']
    Upper Shadows (%): ['0.000', '0.101', '0.000', '0.000']
    Lower Shadows (%): ['0.325', '0.025', '0.340', '0.013']
Volumes: [np.float64(6791084.0), np.float64(2538676.0), np.float64(6631826.0), np.float64(845625.0)]
2025-05-09 23:05:35,921 - INFO - 
2. Post-Cross Movement (30min):
5min Price Changes (%): []
Maximum Change: 0.000% after 0 minutes
Candle Analysis:
    Body Sizes (%): []
    Upper Shadows (%): []
    Lower Shadows (%): []
Volumes: []
==================================================
2025-05-09 23:10:09,191 - INFO - 
==================================================
EMA Cross Analysis - 1000PEPE/USDT
Time: 2025-05-09 23:05:00+09:00
Type: dead
Cross Character (Current): Weak
Cross Character (New): Weak
Price at Cross: 0.0126278

1. Pre-Cross Pattern (15min):
EMA Distance Changes (%): ['0.208', '0.213', '0.090', '0.011']
EMA12 Changes (%): ['0.146', '0.038', '-0.210', '-0.180']
Price Changes (%): ['-0.420', '-0.550', '-1.572', '-0.016']
Candle Analysis:
    Body Sizes (%): ['0.411', '0.549', '1.570', '0.025']
    Upper Shadows (%): ['0.022', '0.247', '0.000', '0.649']
    Lower Shadows (%): ['0.553', '0.115', '0.363', '0.552']
Volumes: [np.float64(1209440820.0), np.float64(464109446.0), np.float64(1672190676.0), np.float64(1018726193.0)]
2025-05-09 23:10:09,191 - INFO - 
2. Post-Cross Movement (30min):
5min Price Changes (%): ['-0.200']
Maximum Change: -0.200% after 5 minutes
Candle Analysis:
    Body Sizes (%): ['0.198']
    Upper Shadows (%): ['0.041']
    Lower Shadows (%): ['0.020']
Volumes: [np.float64(37412894.0)]
==================================================
2025-05-09 23:10:11,271 - INFO - 
==================================================
EMA Cross Analysis - XLM/USDT
Time: 2025-05-09 23:10:00+09:00
Type: dead
Cross Character (Current): Weak
Cross Character (New): Weak
Price at Cross: 0.30047

1. Pre-Cross Pattern (15min):
EMA Distance Changes (%): ['0.079', '0.043', '0.023', '0.002']
EMA12 Changes (%): ['-0.002', '-0.058', '-0.034', '-0.045']
Price Changes (%): ['-0.344', '-0.368', '0.103', '-0.106']
Candle Analysis:
    Body Sizes (%): ['0.340', '0.365', '0.103', '0.103']
    Upper Shadows (%): ['0.053', '0.000', '0.233', '0.007']
    Lower Shadows (%): ['0.000', '0.225', '0.126', '0.000']
Volumes: [np.float64(1202799.0), np.float64(1476786.0), np.float64(1899470.0), np.float64(127307.0)]
2025-05-09 23:10:11,271 - INFO - 
2. Post-Cross Movement (30min):
5min Price Changes (%): []
Maximum Change: 0.000% after 0 minutes
Candle Analysis:
    Body Sizes (%): []
    Upper Shadows (%): []
    Lower Shadows (%): []
Volumes: []
==================================================
2025-05-09 23:10:13,513 - INFO - 
==================================================
EMA Cross Analysis - XRP/USDT
Time: 2025-05-09 23:05:00+09:00
Type: dead
Cross Character (Current): Weak
Cross Character (New): Weak
Price at Cross: 2.3806

1. Pre-Cross Pattern (15min):
EMA Distance Changes (%): ['0.058', '0.051', '0.017', '0.011']
EMA12 Changes (%): ['0.031', '-0.006', '-0.058', '-0.052']
Price Changes (%): ['-0.420', '-0.209', '-0.347', '-0.017']
Candle Analysis:
    Body Sizes (%): ['0.420', '0.209', '0.343', '0.013']
    Upper Shadows (%): ['0.004', '0.054', '0.000', '0.286']
    Lower Shadows (%): ['0.507', '0.071', '0.218', '0.181']
Volumes: [np.float64(11841133.9), np.float64(5844311.4), np.float64(6000503.2), np.float64(5340979.0)]
2025-05-09 23:10:13,513 - INFO - 
2. Post-Cross Movement (30min):
5min Price Changes (%): ['-0.046']
Maximum Change: -0.046% after 5 minutes
Candle Analysis:
    Body Sizes (%): ['0.050']
    Upper Shadows (%): ['0.021']
    Lower Shadows (%): ['0.013']
Volumes: [np.float64(183768.6)]
==================================================
2025-05-09 23:10:13,748 - INFO - 
==================================================
EMA Cross Analysis - ADA/USDT
Time: 2025-05-09 23:05:00+09:00
Type: dead
Cross Character (Current): Weak
Cross Character (New): Weak
Price at Cross: 0.7886

1. Pre-Cross Pattern (15min):
EMA Distance Changes (%): ['0.062', '0.069', '0.026', '0.019']
EMA12 Changes (%): ['0.054', '0.022', '-0.072', '-0.083']
Price Changes (%): ['-0.463', '-0.151', '-0.592', '-0.139']
Candle Analysis:
    Body Sizes (%): ['0.463', '0.163', '0.592', '0.139']
    Upper Shadows (%): ['0.000', '0.101', '0.000', '0.317']
    Lower Shadows (%): ['0.325', '0.025', '0.340', '0.139']
Volumes: [np.float64(6791084.0), np.float64(2538676.0), np.float64(6631826.0), np.float64(4069400.0)]
2025-05-09 23:10:13,748 - INFO - 
2. Post-Cross Movement (30min):
5min Price Changes (%): ['-0.013']
Maximum Change: -0.013% after 5 minutes
Candle Analysis:
    Body Sizes (%): ['0.000']
    Upper Shadows (%): ['0.051']
    Lower Shadows (%): ['0.013']
Volumes: [np.float64(164607.0)]
==================================================
2025-05-09 23:15:54,314 - INFO - 
==================================================
EMA Cross Analysis - NEAR/USDT
Time: 2025-05-09 23:15:00+09:00
Type: dead
Cross Character (Current): Weak
Cross Character (New): Weak
Price at Cross: 2.908

1. Pre-Cross Pattern (15min):
EMA Distance Changes (%): ['0.167', '0.095', '0.005', '0.069']
EMA12 Changes (%): ['-0.134', '-0.114', '-0.159', '-0.140']
Price Changes (%): ['-0.443', '0.000', '-0.411', '-0.034']
Candle Analysis:
    Body Sizes (%): ['0.409', '0.000', '0.445', '0.069']
    Upper Shadows (%): ['0.000', '0.240', '0.308', '0.103']
    Lower Shadows (%): ['0.273', '0.308', '0.137', '0.000']
Volumes: [np.float64(445522.0), np.float64(446699.0), np.float64(1050927.0), np.float64(62520.0)]
2025-05-09 23:15:54,314 - INFO - 
2. Post-Cross Movement (30min):
5min Price Changes (%): []
Maximum Change: 0.000% after 0 minutes
Candle Analysis:
    Body Sizes (%): []
    Upper Shadows (%): []
    Lower Shadows (%): []
Volumes: []
==================================================
2025-05-09 23:15:57,250 - INFO - 
==================================================
EMA Cross Analysis - XLM/USDT
Time: 2025-05-09 23:15:00+09:00
Type: dead
Cross Character (Current): Weak
Cross Character (New): Weak
Price at Cross: 0.30027

1. Pre-Cross Pattern (15min):
EMA Distance Changes (%): ['0.043', '0.023', '0.004', '0.022']
EMA12 Changes (%): ['-0.058', '-0.034', '-0.033', '-0.050']
Price Changes (%): ['-0.368', '0.103', '-0.027', '-0.146']
Candle Analysis:
    Body Sizes (%): ['0.365', '0.103', '0.023', '0.146']
    Upper Shadows (%): ['0.000', '0.233', '0.219', '0.013']
    Lower Shadows (%): ['0.225', '0.126', '0.153', '0.043']
Volumes: [np.float64(1476786.0), np.float64(1899470.0), np.float64(1467286.0), np.float64(321507.0)]
2025-05-09 23:15:57,250 - INFO - 
2. Post-Cross Movement (30min):
5min Price Changes (%): []
Maximum Change: 0.000% after 0 minutes
Candle Analysis:
    Body Sizes (%): []
    Upper Shadows (%): []
    Lower Shadows (%): []
Volumes: []
==================================================
2025-05-09 23:20:31,919 - INFO - 
==================================================
EMA Cross Analysis - NEAR/USDT
Time: 2025-05-09 23:15:00+09:00
Type: dead
Cross Character (Current): Weak
Cross Character (New): Weak
Price at Cross: 2.896

1. Pre-Cross Pattern (15min):
EMA Distance Changes (%): ['0.167', '0.095', '0.005', '0.102']
EMA12 Changes (%): ['-0.134', '-0.114', '-0.159', '-0.203']
Price Changes (%): ['-0.443', '0.000', '-0.411', '-0.447']
Candle Analysis:
    Body Sizes (%): ['0.409', '0.000', '0.445', '0.481']
    Upper Shadows (%): ['0.000', '0.240', '0.308', '0.275']
    Lower Shadows (%): ['0.273', '0.308', '0.137', '0.034']
Volumes: [np.float64(445522.0), np.float64(446699.0), np.float64(1050927.0), np.float64(443219.0)]
2025-05-09 23:20:31,919 - INFO - 
2. Post-Cross Movement (30min):
5min Price Changes (%): ['-0.242']
Maximum Change: -0.242% after 5 minutes
Candle Analysis:
    Body Sizes (%): ['0.242']
    Upper Shadows (%): ['0.000']
    Lower Shadows (%): ['0.207']
Volumes: [np.float64(235200.0)]
==================================================
2025-05-09 23:20:33,326 - INFO - 
==================================================
EMA Cross Analysis - LINK/USDT
Time: 2025-05-09 23:20:00+09:00
Type: dead
Cross Character (Current): Weak
Cross Character (New): Weak
Price at Cross: 16.111

1. Pre-Cross Pattern (15min):
EMA Distance Changes (%): ['0.086', '0.075', '0.024', '0.033']
EMA12 Changes (%): ['-0.078', '-0.007', '-0.089', '-0.105']
Price Changes (%): ['-0.253', '0.383', '-0.536', '-0.198']
Candle Analysis:
    Body Sizes (%): ['0.241', '0.383', '0.530', '0.204']
    Upper Shadows (%): ['0.302', '0.006', '0.185', '0.006']
    Lower Shadows (%): ['0.019', '0.080', '0.043', '0.229']
Volumes: [np.float64(197977.0), np.float64(94339.52), np.float64(120800.01), np.float64(54385.88)]
2025-05-09 23:20:33,326 - INFO - 
2. Post-Cross Movement (30min):
5min Price Changes (%): []
Maximum Change: 0.000% after 0 minutes
Candle Analysis:
    Body Sizes (%): []
    Upper Shadows (%): []
    Lower Shadows (%): []
Volumes: []
==================================================
2025-05-09 23:20:35,011 - INFO - 
==================================================
EMA Cross Analysis - XLM/USDT
Time: 2025-05-09 23:15:00+09:00
Type: dead
Cross Character (Current): Weak
Cross Character (New): Weak
Price at Cross: 0.29923

1. Pre-Cross Pattern (15min):
EMA Distance Changes (%): ['0.043', '0.023', '0.004', '0.050']
EMA12 Changes (%): ['-0.058', '-0.034', '-0.033', '-0.103']
Price Changes (%): ['-0.368', '0.103', '-0.027', '-0.492']
Candle Analysis:
    Body Sizes (%): ['0.365', '0.103', '0.023', '0.492']
    Upper Shadows (%): ['0.000', '0.233', '0.219', '0.057']
    Lower Shadows (%): ['0.225', '0.126', '0.153', '0.180']
Volumes: [np.float64(1476786.0), np.float64(1899470.0), np.float64(1467286.0), np.float64(2659851.0)]
2025-05-09 23:20:35,011 - INFO - 
2. Post-Cross Movement (30min):
5min Price Changes (%): ['-0.207']
Maximum Change: -0.207% after 5 minutes
Candle Analysis:
    Body Sizes (%): ['0.207']
    Upper Shadows (%): ['0.040']
    Lower Shadows (%): ['0.097']
Volumes: [np.float64(471582.0)]
==================================================
2025-05-09 23:20:39,329 - INFO - 
==================================================
EMA Cross Analysis - AVAX/USDT
Time: 2025-05-09 23:20:00+09:00
Type: dead
Cross Character (Current): Weak
Cross Character (New): Weak
Price at Cross: 23.236

1. Pre-Cross Pattern (15min):
EMA Distance Changes (%): ['0.087', '0.091', '0.021', '0.055']
EMA12 Changes (%): ['-0.058', '0.020', '-0.121', '-0.143']
Price Changes (%): ['-0.111', '0.453', '-0.898', '-0.262']
Candle Analysis:
    Body Sizes (%): ['0.102', '0.449', '0.889', '0.266']
    Upper Shadows (%): ['0.316', '0.004', '0.013', '0.034']
    Lower Shadows (%): ['0.149', '0.098', '0.017', '0.004']
Volumes: [np.float64(60251.0), np.float64(48000.0), np.float64(95530.0), np.float64(30149.0)]
2025-05-09 23:20:39,329 - INFO - 
2. Post-Cross Movement (30min):
5min Price Changes (%): []
Maximum Change: 0.000% after 0 minutes
Candle Analysis:
    Body Sizes (%): []
    Upper Shadows (%): []
    Lower Shadows (%): []
Volumes: []
==================================================
2025-05-09 23:20:40,498 - INFO - 
==================================================
EMA Cross Analysis - ZEN/USDT
Time: 2025-05-09 23:20:00+09:00
Type: dead
Cross Character (Current): Weak
Cross Character (New): Weak
Price at Cross: 9.918

1. Pre-Cross Pattern (15min):
EMA Distance Changes (%): ['0.089', '0.071', '0.009', '0.062']
EMA12 Changes (%): ['-0.063', '-0.022', '-0.110', '-0.134']
Price Changes (%): ['-0.280', '0.200', '-0.590', '-0.271']
Candle Analysis:
    Body Sizes (%): ['0.260', '0.200', '0.600', '0.241']
    Upper Shadows (%): ['0.300', '0.110', '0.100', '0.020']
    Lower Shadows (%): ['0.080', '0.120', '0.010', '0.050']
Volumes: [np.float64(6797.7), np.float64(4560.9), np.float64(5832.0), np.float64(1430.1)]
2025-05-09 23:20:40,498 - INFO - 
2. Post-Cross Movement (30min):
5min Price Changes (%): []
Maximum Change: 0.000% after 0 minutes
Candle Analysis:
    Body Sizes (%): []
    Upper Shadows (%): []
    Lower Shadows (%): []
Volumes: []
==================================================
2025-05-09 23:25:08,310 - INFO - 
==================================================
EMA Cross Analysis - TIA/USDT
Time: 2025-05-09 23:25:00+09:00
Type: dead
Cross Character (Current): Strong
Cross Character (New): Weak
Price at Cross: 2.9

1. Pre-Cross Pattern (15min):
EMA Distance Changes (%): ['0.348', '0.258', '0.125', '0.005']
EMA12 Changes (%): ['-0.056', '-0.126', '-0.221', '-0.229']
Price Changes (%): ['0.126', '-0.516', '-0.747', '-0.275']
Candle Analysis:
    Body Sizes (%): ['0.112', '0.506', '0.741', '0.265']
    Upper Shadows (%): ['0.177', '0.611', '0.355', '0.034']
    Lower Shadows (%): ['0.068', '0.048', '0.034', '0.000']
Volumes: [np.float64(214292.0), np.float64(269952.0), np.float64(365081.0), np.float64(16433.0)]
2025-05-09 23:25:08,310 - INFO - 
2. Post-Cross Movement (30min):
5min Price Changes (%): []
Maximum Change: 0.000% after 0 minutes
Candle Analysis:
    Body Sizes (%): []
    Upper Shadows (%): []
    Lower Shadows (%): []
Volumes: []
==================================================
2025-05-09 23:25:11,308 - INFO - 
==================================================
EMA Cross Analysis - LINK/USDT
Time: 2025-05-09 23:20:00+09:00
Type: dead
Cross Character (Current): Weak
Cross Character (New): Weak
Price at Cross: 16.003

1. Pre-Cross Pattern (15min):
EMA Distance Changes (%): ['0.086', '0.075', '0.024', '0.087']
EMA12 Changes (%): ['-0.078', '-0.007', '-0.089', '-0.208']
Price Changes (%): ['-0.253', '0.383', '-0.536', '-0.867']
Candle Analysis:
    Body Sizes (%): ['0.241', '0.383', '0.530', '0.873']
    Upper Shadows (%): ['0.302', '0.006', '0.185', '0.124']
    Lower Shadows (%): ['0.019', '0.080', '0.043', '0.093']
Volumes: [np.float64(197977.0), np.float64(94339.52), np.float64(120800.01), np.float64(357313.99)]
2025-05-09 23:25:11,308 - INFO - 
2. Post-Cross Movement (30min):
5min Price Changes (%): ['-0.300']
Maximum Change: -0.300% after 5 minutes
Candle Analysis:
    Body Sizes (%): ['0.312']
    Upper Shadows (%): ['0.019']
    Lower Shadows (%): ['0.062']
Volumes: [np.float64(29208.32)]
==================================================
2025-05-09 23:25:11,545 - INFO - 
==================================================
EMA Cross Analysis - POL/USDT
Time: 2025-05-09 23:20:00+09:00
Type: dead
Cross Character (Current): Weak
Cross Character (New): Weak
Price at Cross: 0.25372

1. Pre-Cross Pattern (15min):
EMA Distance Changes (%): ['0.172', '0.150', '0.098', '0.008']
EMA12 Changes (%): ['-0.018', '-0.017', '-0.079', '-0.190']
Price Changes (%): ['0.090', '-0.008', '-0.424', '-0.802']
Candle Analysis:
    Body Sizes (%): ['0.055', '0.008', '0.393', '0.790']
    Upper Shadows (%): ['0.218', '0.187', '0.156', '0.047']
    Lower Shadows (%): ['0.148', '0.101', '0.019', '0.063']
Volumes: [np.float64(383998.0), np.float64(264982.0), np.float64(371577.0), np.float64(1053228.0)]
2025-05-09 23:25:11,545 - INFO - 
2. Post-Cross Movement (30min):
5min Price Changes (%): ['-0.319']
Maximum Change: -0.319% after 5 minutes
Candle Analysis:
    Body Sizes (%): ['0.331']
    Upper Shadows (%): ['0.000']
    Lower Shadows (%): ['0.536']
Volumes: [np.float64(381348.0)]
==================================================
2025-05-09 23:25:12,717 - INFO - 
==================================================
EMA Cross Analysis - DOGE/USDT
Time: 2025-05-09 23:20:00+09:00
Type: dead
Cross Character (Current): Weak
Cross Character (New): Weak
Price at Cross: 0.20516

1. Pre-Cross Pattern (15min):
EMA Distance Changes (%): ['0.118', '0.125', '0.074', '0.037']
EMA12 Changes (%): ['-0.050', '0.031', '-0.081', '-0.202']
Price Changes (%): ['0.014', '0.482', '-0.696', '-0.875']
Candle Analysis:
    Body Sizes (%): ['0.014', '0.477', '0.696', '0.870']
    Upper Shadows (%): ['0.299', '0.034', '0.197', '0.039']
    Lower Shadows (%): ['0.270', '0.058', '0.043', '0.010']
Volumes: [np.float64(36251016.0), np.float64(22296909.0), np.float64(27351918.0), np.float64(60339150.0)]
2025-05-09 23:25:12,717 - INFO - 
2. Post-Cross Movement (30min):
5min Price Changes (%): ['-0.370']
Maximum Change: -0.370% after 5 minutes
Candle Analysis:
    Body Sizes (%): ['0.375']
    Upper Shadows (%): ['0.029']
    Lower Shadows (%): ['0.146']
Volumes: [np.float64(13489186.0)]
==================================================
2025-05-09 23:25:14,760 - INFO - 
==================================================
EMA Cross Analysis - ARPA/USDT
Time: 2025-05-09 23:25:00+09:00
Type: dead
Cross Character (Current): Weak
Cross Character (New): Weak
Price at Cross: 0.02673

1. Pre-Cross Pattern (15min):
EMA Distance Changes (%): ['0.143', '0.116', '0.043', '0.048']
EMA12 Changes (%): ['0.035', '-0.033', '-0.124', '-0.168']
Price Changes (%): ['0.222', '-0.406', '-0.629', '-0.410']
Candle Analysis:
    Body Sizes (%): ['0.185', '0.369', '0.593', '0.261']
    Upper Shadows (%): ['0.111', '0.148', '0.037', '0.000']
    Lower Shadows (%): ['0.037', '0.000', '0.222', '0.000']
Volumes: [np.float64(876062.0), np.float64(280330.0), np.float64(1005645.0), np.float64(40045.0)]
2025-05-09 23:25:14,760 - INFO - 
2. Post-Cross Movement (30min):
5min Price Changes (%): []
Maximum Change: 0.000% after 0 minutes
Candle Analysis:
    Body Sizes (%): []
    Upper Shadows (%): []
    Lower Shadows (%): []
Volumes: []
==================================================
2025-05-09 23:25:14,983 - INFO - 
==================================================
EMA Cross Analysis - EOS/USDT
Time: 2025-05-09 23:25:00+09:00
Type: dead
Cross Character (Current): Weak
Cross Character (New): Weak
Price at Cross: 0.851

1. Pre-Cross Pattern (15min):
EMA Distance Changes (%): ['0.143', '0.108', '0.052', '0.012']
EMA12 Changes (%): ['0.029', '-0.047', '-0.094', '-0.115']
Price Changes (%): ['0.350', '-0.465', '-0.350', '-0.234']
Candle Analysis:
    Body Sizes (%): ['0.350', '0.465', '0.350', '0.117']
    Upper Shadows (%): ['0.117', '0.233', '0.234', '0.235']
    Lower Shadows (%): ['0.000', '0.116', '0.117', '0.000']
Volumes: [np.float64(655498.4), np.float64(1051274.3), np.float64(1340860.9), np.float64(137093.4)]
2025-05-09 23:25:14,983 - INFO - 
2. Post-Cross Movement (30min):
5min Price Changes (%): []
Maximum Change: 0.000% after 0 minutes
Candle Analysis:
    Body Sizes (%): []
    Upper Shadows (%): []
    Lower Shadows (%): []
Volumes: []
==================================================
2025-05-09 23:25:15,910 - INFO - 
==================================================
EMA Cross Analysis - RENDER/USDT
Time: 2025-05-09 23:25:00+09:00
Type: dead
Cross Character (Current): Weak
Cross Character (New): Weak
Price at Cross: 4.931

1. Pre-Cross Pattern (15min):
EMA Distance Changes (%): ['0.201', '0.144', '0.056', '0.047']
EMA12 Changes (%): ['0.026', '-0.083', '-0.150', '-0.189']
Price Changes (%): ['0.340', '-0.679', '-0.522', '-0.404']
Candle Analysis:
    Body Sizes (%): ['0.340', '0.679', '0.482', '0.404']
    Upper Shadows (%): ['0.000', '0.180', '0.201', '0.000']
    Lower Shadows (%): ['0.080', '0.060', '0.020', '0.040']
Volumes: [np.float64(32288.9), np.float64(44671.1), np.float64(56672.0), np.float64(12258.7)]
2025-05-09 23:25:15,910 - INFO - 
2. Post-Cross Movement (30min):
5min Price Changes (%): []
Maximum Change: 0.000% after 0 minutes
Candle Analysis:
    Body Sizes (%): []
    Upper Shadows (%): []
    Lower Shadows (%): []
Volumes: []
==================================================
2025-05-09 23:25:17,220 - INFO - 
==================================================
EMA Cross Analysis - AVAX/USDT
Time: 2025-05-09 23:20:00+09:00
Type: dead
Cross Character (Current): Weak
Cross Character (New): Weak
Price at Cross: 23.11

1. Pre-Cross Pattern (15min):
EMA Distance Changes (%): ['0.087', '0.091', '0.021', '0.099']
EMA12 Changes (%): ['-0.058', '0.020', '-0.121', '-0.225']
Price Changes (%): ['-0.111', '0.453', '-0.898', '-0.803']
Candle Analysis:
    Body Sizes (%): ['0.102', '0.449', '0.889', '0.807']
    Upper Shadows (%): ['0.316', '0.004', '0.013', '0.034']
    Lower Shadows (%): ['0.149', '0.098', '0.017', '0.000']
Volumes: [np.float64(60251.0), np.float64(48000.0), np.float64(95530.0), np.float64(142073.0)]
2025-05-09 23:25:17,221 - INFO - 
2. Post-Cross Movement (30min):
5min Price Changes (%): ['-0.134']
Maximum Change: -0.134% after 5 minutes
Candle Analysis:
    Body Sizes (%): ['0.156']
    Upper Shadows (%): ['0.004']
    Lower Shadows (%): ['0.208']
Volumes: [np.float64(29257.0)]
==================================================
2025-05-09 23:25:18,392 - INFO - 
==================================================
EMA Cross Analysis - ZEN/USDT
Time: 2025-05-09 23:20:00+09:00
Type: dead
Cross Character (Current): Weak
Cross Character (New): Weak
Price at Cross: 9.883

1. Pre-Cross Pattern (15min):
EMA Distance Changes (%): ['0.089', '0.071', '0.009', '0.091']
EMA12 Changes (%): ['-0.063', '-0.022', '-0.110', '-0.188']
Price Changes (%): ['-0.280', '0.200', '-0.590', '-0.623']
Candle Analysis:
    Body Sizes (%): ['0.260', '0.200', '0.600', '0.593']
    Upper Shadows (%): ['0.300', '0.110', '0.100', '0.211']
    Lower Shadows (%): ['0.080', '0.120', '0.010', '0.121']
Volumes: [np.float64(6797.7), np.float64(4560.9), np.float64(5832.0), np.float64(7055.0)]
2025-05-09 23:25:18,392 - INFO - 
2. Post-Cross Movement (30min):
5min Price Changes (%): ['-0.192']
Maximum Change: -0.192% after 5 minutes
Candle Analysis:
    Body Sizes (%): ['0.202']
    Upper Shadows (%): ['0.000']
    Lower Shadows (%): ['0.132']
Volumes: [np.float64(978.2)]
==================================================
2025-05-09 23:25:18,626 - INFO - 
==================================================
EMA Cross Analysis - ONDOUSDT
Time: 2025-05-09 23:25:00+09:00
Type: dead
Cross Character (Current): Weak
Cross Character (New): Weak
Price at Cross: 1.019

1. Pre-Cross Pattern (15min):
EMA Distance Changes (%): ['0.175', '0.117', '0.028', '0.066']
EMA12 Changes (%): ['0.041', '-0.089', '-0.155', '-0.174']
Price Changes (%): ['0.602', '-0.802', '-0.516', '-0.284']
Candle Analysis:
    Body Sizes (%): ['0.602', '0.782', '0.497', '0.255']
    Upper Shadows (%): ['0.000', '0.039', '0.146', '0.029']
    Lower Shadows (%): ['0.058', '0.010', '0.166', '0.108']
Volumes: [np.float64(495150.6), np.float64(648869.5), np.float64(1093666.4), np.float64(258706.9)]
2025-05-09 23:25:18,626 - INFO - 
2. Post-Cross Movement (30min):
5min Price Changes (%): []
Maximum Change: 0.000% after 0 minutes
Candle Analysis:
    Body Sizes (%): []
    Upper Shadows (%): []
    Lower Shadows (%): []
Volumes: []
==================================================
2025-05-09 23:25:19,068 - INFO - 
==================================================
EMA Cross Analysis - BRETT/USDT
Time: 2025-05-09 23:25:00+09:00
Type: dead
Cross Character (Current): Strong
Cross Character (New): Strong
Price at Cross: 0.07909

1. Pre-Cross Pattern (15min):
EMA Distance Changes (%): ['0.495', '0.366', '0.163', '0.029']
EMA12 Changes (%): ['-0.018', '-0.185', '-0.341', '-0.339']
Price Changes (%): ['0.210', '-1.108', '-1.208', '-0.328']
Candle Analysis:
    Body Sizes (%): ['0.160', '1.096', '1.195', '0.365']
    Upper Shadows (%): ['0.123', '0.172', '0.149', '0.000']
    Lower Shadows (%): ['0.333', '0.049', '0.000', '0.302']
Volumes: [np.float64(879271.0), np.float64(1443741.0), np.float64(2088782.0), np.float64(515682.0)]
2025-05-09 23:25:19,068 - INFO - 
2. Post-Cross Movement (30min):
5min Price Changes (%): []
Maximum Change: 0.000% after 0 minutes
Candle Analysis:
    Body Sizes (%): []
    Upper Shadows (%): []
    Lower Shadows (%): []
Volumes: []
==================================================
2025-05-09 23:30:55,307 - INFO - 
==================================================
EMA Cross Analysis - TIA/USDT
Time: 2025-05-09 23:25:00+09:00
Type: dead
Cross Character (Current): Strong
Cross Character (New): Weak
Price at Cross: 2.889

1. Pre-Cross Pattern (15min):
EMA Distance Changes (%): ['0.348', '0.258', '0.125', '0.035']
EMA12 Changes (%): ['-0.056', '-0.126', '-0.221', '-0.287']
Price Changes (%): ['0.126', '-0.516', '-0.747', '-0.653']
Candle Analysis:
    Body Sizes (%): ['0.112', '0.506', '0.741', '0.643']
    Upper Shadows (%): ['0.177', '0.611', '0.355', '0.034']
    Lower Shadows (%): ['0.068', '0.048', '0.034', '0.151']
Volumes: [np.float64(214292.0), np.float64(269952.0), np.float64(365081.0), np.float64(788338.0)]
2025-05-09 23:30:55,307 - INFO - 
2. Post-Cross Movement (30min):
5min Price Changes (%): ['0.512']
Maximum Change: 0.512% after 5 minutes
Candle Analysis:
    Body Sizes (%): ['0.484']
    Upper Shadows (%): ['0.028']
    Lower Shadows (%): ['0.131']
Volumes: [np.float64(72831.0)]
==================================================
2025-05-09 23:30:56,243 - INFO - 
==================================================
EMA Cross Analysis - ORCA/USDT
Time: 2025-05-09 23:25:00+09:00
Type: dead
Cross Character (Current): Weak
Cross Character (New): Weak
Price at Cross: 2.833

1. Pre-Cross Pattern (15min):
EMA Distance Changes (%): ['0.176', '0.155', '0.086', '0.040']
EMA12 Changes (%): ['0.092', '-0.018', '-0.112', '-0.228']
Price Changes (%): ['0.521', '-0.622', '-0.626', '-0.875']
Candle Analysis:
    Body Sizes (%): ['0.556', '0.622', '0.591', '0.840']
    Upper Shadows (%): ['0.035', '0.069', '0.243', '0.000']
    Lower Shadows (%): ['0.069', '0.000', '0.000', '0.140']
Volumes: [np.float64(22655.2), np.float64(19886.8), np.float64(55001.9), np.float64(102014.9)]
2025-05-09 23:30:56,243 - INFO - 
2. Post-Cross Movement (30min):
5min Price Changes (%): ['0.353']
Maximum Change: 0.353% after 5 minutes
Candle Analysis:
    Body Sizes (%): ['0.388']
    Upper Shadows (%): ['0.035']
    Lower Shadows (%): ['0.071']
Volumes: [np.float64(9053.8)]
==================================================
2025-05-09 23:31:01,090 - INFO - 
==================================================
EMA Cross Analysis - ZRO/USDT
Time: 2025-05-09 23:30:00+09:00
Type: dead
Cross Character (Current): Weak
Cross Character (New): Weak
Price at Cross: 2.9383

1. Pre-Cross Pattern (15min):
EMA Distance Changes (%): ['0.245', '0.166', '0.050', '0.010']
EMA12 Changes (%): ['-0.011', '-0.120', '-0.199', '-0.108']
Price Changes (%): ['-0.616', '-0.718', '-0.635', '0.400']
Candle Analysis:
    Body Sizes (%): ['0.613', '0.708', '0.632', '0.379']
    Upper Shadows (%): ['0.208', '0.051', '0.048', '0.082']
    Lower Shadows (%): ['0.030', '0.067', '0.272', '0.143']
Volumes: [np.float64(48271.1), np.float64(69492.4), np.float64(94760.6), np.float64(14687.8)]
2025-05-09 23:31:01,090 - INFO - 
2. Post-Cross Movement (30min):
5min Price Changes (%): []
Maximum Change: 0.000% after 0 minutes
Candle Analysis:
    Body Sizes (%): []
    Upper Shadows (%): []
    Lower Shadows (%): []
Volumes: []
==================================================
2025-05-09 23:31:01,355 - INFO - 
==================================================
EMA Cross Analysis - BNB/USDT
Time: 2025-05-09 23:30:00+09:00
Type: dead
Cross Character (Current): Weak
Cross Character (New): Weak
Price at Cross: 635.85

1. Pre-Cross Pattern (15min):
EMA Distance Changes (%): ['0.141', '0.082', '0.008', '0.034']
EMA12 Changes (%): ['-0.048', '-0.094', '-0.131', '-0.078']
Price Changes (%): ['-0.244', '-0.346', '-0.338', '0.216']
Candle Analysis:
    Body Sizes (%): ['0.244', '0.346', '0.335', '0.214']
    Upper Shadows (%): ['0.044', '0.185', '0.000', '0.036']
    Lower Shadows (%): ['0.017', '0.064', '0.039', '0.072']
Volumes: [np.float64(2585.26), np.float64(11359.31), np.float64(7854.26), np.float64(2307.2)]
2025-05-09 23:31:01,355 - INFO - 
2. Post-Cross Movement (30min):
5min Price Changes (%): []
Maximum Change: 0.000% after 0 minutes
Candle Analysis:
    Body Sizes (%): []
    Upper Shadows (%): []
    Lower Shadows (%): []
Volumes: []
==================================================
2025-05-09 23:31:01,595 - INFO - 
==================================================
EMA Cross Analysis - THETA/USDT
Time: 2025-05-09 23:30:00+09:00
Type: dead
Cross Character (Current): Strong
Cross Character (New): Weak
Price at Cross: 0.8764

1. Pre-Cross Pattern (15min):
EMA Distance Changes (%): ['0.245', '0.154', '0.008', '0.066']
EMA12 Changes (%): ['-0.092', '-0.142', '-0.258', '-0.140']
Price Changes (%): ['-0.619', '-0.419', '-0.898', '0.516']
Candle Analysis:
    Body Sizes (%): ['0.619', '0.374', '0.898', '0.516']
    Upper Shadows (%): ['0.225', '0.193', '0.057', '0.080']
    Lower Shadows (%): ['0.034', '0.170', '0.034', '0.103']
Volumes: [np.float64(133923.7), np.float64(155016.4), np.float64(452009.7), np.float64(40782.4)]
2025-05-09 23:31:01,596 - INFO - 
2. Post-Cross Movement (30min):
5min Price Changes (%): []
Maximum Change: 0.000% after 0 minutes
Candle Analysis:
    Body Sizes (%): []
    Upper Shadows (%): []
    Lower Shadows (%): []
Volumes: []
==================================================
2025-05-09 23:31:02,628 - INFO - 
==================================================
EMA Cross Analysis - ARPA/USDT
Time: 2025-05-09 23:25:00+09:00
Type: dead
Cross Character (Current): Weak
Cross Character (New): Weak
Price at Cross: 0.02664

1. Pre-Cross Pattern (15min):
EMA Distance Changes (%): ['0.143', '0.116', '0.043', '0.075']
EMA12 Changes (%): ['0.035', '-0.033', '-0.124', '-0.219']
Price Changes (%): ['0.222', '-0.406', '-0.629', '-0.745']
Candle Analysis:
    Body Sizes (%): ['0.185', '0.369', '0.593', '0.597']
    Upper Shadows (%): ['0.111', '0.148', '0.037', '0.000']
    Lower Shadows (%): ['0.037', '0.000', '0.222', '0.112']
Volumes: [np.float64(876062.0), np.float64(280330.0), np.float64(1005645.0), np.float64(1080177.0)]
2025-05-09 23:31:02,628 - INFO - 
2. Post-Cross Movement (30min):
5min Price Changes (%): ['0.413']
Maximum Change: 0.413% after 5 minutes
Candle Analysis:
    Body Sizes (%): ['0.413']
    Upper Shadows (%): ['0.075']
    Lower Shadows (%): ['0.150']
Volumes: [np.float64(410940.0)]
==================================================
2025-05-09 23:31:02,864 - INFO - 
==================================================
EMA Cross Analysis - EOS/USDT
Time: 2025-05-09 23:25:00+09:00
Type: dead
Cross Character (Current): Weak
Cross Character (New): Weak
Price at Cross: 0.847

1. Pre-Cross Pattern (15min):
EMA Distance Changes (%): ['0.143', '0.108', '0.052', '0.050']
EMA12 Changes (%): ['0.029', '-0.047', '-0.094', '-0.187']
Price Changes (%): ['0.350', '-0.465', '-0.350', '-0.703']
Candle Analysis:
    Body Sizes (%): ['0.350', '0.465', '0.350', '0.587']
    Upper Shadows (%): ['0.117', '0.233', '0.234', '0.235']
    Lower Shadows (%): ['0.000', '0.116', '0.117', '0.117']
Volumes: [np.float64(655498.4), np.float64(1051274.3), np.float64(1340860.9), np.float64(2365919.8)]
2025-05-09 23:31:02,864 - INFO - 
2. Post-Cross Movement (30min):
5min Price Changes (%): ['0.472']
Maximum Change: 0.472% after 5 minutes
Candle Analysis:
    Body Sizes (%): ['0.472']
    Upper Shadows (%): ['0.118']
    Lower Shadows (%): ['0.118']
Volumes: [np.float64(458284.8)]
==================================================
2025-05-09 23:31:03,581 - INFO - 
==================================================
EMA Cross Analysis - WLD/USDT
Time: 2025-05-09 23:30:00+09:00
Type: dead
Cross Character (Current): Strong
Cross Character (New): Weak
Price at Cross: 1.1268

1. Pre-Cross Pattern (15min):
EMA Distance Changes (%): ['0.338', '0.222', '0.045', '0.057']
EMA12 Changes (%): ['-0.054', '-0.180', '-0.307', '-0.188']
Price Changes (%): ['-0.591', '-0.875', '-1.015', '0.482']
Candle Analysis:
    Body Sizes (%): ['0.557', '0.875', '1.006', '0.464']
    Upper Shadows (%): ['0.365', '0.297', '0.053', '0.036']
    Lower Shadows (%): ['0.139', '0.166', '0.035', '0.419']
Volumes: [np.float64(475246.0), np.float64(1148523.0), np.float64(1445633.0), np.float64(873701.0)]
2025-05-09 23:31:03,581 - INFO - 
2. Post-Cross Movement (30min):
5min Price Changes (%): []
Maximum Change: 0.000% after 0 minutes
Candle Analysis:
    Body Sizes (%): []
    Upper Shadows (%): []
    Lower Shadows (%): []
Volumes: []
==================================================
2025-05-09 23:31:04,620 - INFO - 
==================================================
EMA Cross Analysis - RENDER/USDT
Time: 2025-05-09 23:25:00+09:00
Type: dead
Cross Character (Current): Weak
Cross Character (New): Weak
Price at Cross: 4.897

1. Pre-Cross Pattern (15min):
EMA Distance Changes (%): ['0.201', '0.144', '0.056', '0.103']
EMA12 Changes (%): ['0.026', '-0.083', '-0.150', '-0.293']
Price Changes (%): ['0.340', '-0.679', '-0.522', '-1.091']
Candle Analysis:
    Body Sizes (%): ['0.340', '0.679', '0.482', '1.091']
    Upper Shadows (%): ['0.000', '0.180', '0.201', '0.000']
    Lower Shadows (%): ['0.080', '0.060', '0.020', '0.101']
Volumes: [np.float64(32288.9), np.float64(44671.1), np.float64(56672.0), np.float64(89791.4)]
2025-05-09 23:31:04,620 - INFO - 
2. Post-Cross Movement (30min):
5min Price Changes (%): ['0.368']
Maximum Change: 0.368% after 5 minutes
Candle Analysis:
    Body Sizes (%): ['0.368']
    Upper Shadows (%): ['0.082']
    Lower Shadows (%): ['0.184']
Volumes: [np.float64(34822.5)]
==================================================
2025-05-09 23:31:05,078 - INFO - 
==================================================
EMA Cross Analysis - AIXBT/USDT
Time: 2025-05-09 23:30:00+09:00
Type: dead
Cross Character (Current): Weak
Cross Character (New): Weak
Price at Cross: 0.21207

1. Pre-Cross Pattern (15min):
EMA Distance Changes (%): ['0.256', '0.169', '0.025', '0.026']
EMA12 Changes (%): ['0.089', '-0.136', '-0.252', '-0.095']
Price Changes (%): ['-0.153', '-1.366', '-0.895', '0.784']
Candle Analysis:
    Body Sizes (%): ['0.135', '1.352', '0.890', '0.760']
    Upper Shadows (%): ['0.334', '0.023', '0.042', '0.029']
    Lower Shadows (%): ['0.464', '0.051', '0.316', '0.143']
Volumes: [np.float64(1056666.0), np.float64(2394248.0), np.float64(2506868.0), np.float64(497758.0)]
2025-05-09 23:31:05,079 - INFO - 
2. Post-Cross Movement (30min):
5min Price Changes (%): []
Maximum Change: 0.000% after 0 minutes
Candle Analysis:
    Body Sizes (%): []
    Upper Shadows (%): []
    Lower Shadows (%): []
Volumes: []
==================================================
2025-05-09 23:31:05,726 - INFO - 
==================================================
EMA Cross Analysis - SUI/USDT
Time: 2025-05-09 23:25:00+09:00
Type: dead
Cross Character (Current): Weak
Cross Character (New): Weak
Price at Cross: 3.9427

1. Pre-Cross Pattern (15min):
EMA Distance Changes (%): ['0.206', '0.155', '0.099', '0.014']
EMA12 Changes (%): ['0.002', '-0.070', '-0.087', '-0.203']
Price Changes (%): ['0.130', '-0.462', '-0.181', '-0.850']
Candle Analysis:
    Body Sizes (%): ['0.125', '0.457', '0.181', '0.848']
    Upper Shadows (%): ['0.085', '0.072', '0.299', '0.018']
    Lower Shadows (%): ['0.110', '0.005', '0.241', '0.722']
Volumes: [np.float64(975508.6), np.float64(1186172.4), np.float64(2907351.8), np.float64(7107972.1)]
2025-05-09 23:31:05,726 - INFO - 
2. Post-Cross Movement (30min):
5min Price Changes (%): ['0.495']
Maximum Change: 0.495% after 5 minutes
Candle Analysis:
    Body Sizes (%): ['0.497']
    Upper Shadows (%): ['0.107']
    Lower Shadows (%): ['0.117']
Volumes: [np.float64(973830.1)]
==================================================
2025-05-09 23:31:06,673 - INFO - 
==================================================
EMA Cross Analysis - HIVE/USDT
Time: 2025-05-09 23:30:00+09:00
Type: dead
Cross Character (Current): Weak
Cross Character (New): Weak
Price at Cross: 0.25883

1. Pre-Cross Pattern (15min):
EMA Distance Changes (%): ['0.172', '0.100', '0.003', '0.048']
EMA12 Changes (%): ['-0.002', '-0.117', '-0.170', '-0.098']
Price Changes (%): ['-0.347', '-0.750', '-0.467', '0.302']
Candle Analysis:
    Body Sizes (%): ['0.347', '0.701', '0.467', '0.298']
    Upper Shadows (%): ['0.164', '0.061', '0.000', '0.000']
    Lower Shadows (%): ['0.000', '0.027', '0.100', '0.101']
Volumes: [np.float64(65482.0), np.float64(95878.0), np.float64(111213.0), np.float64(39091.0)]
2025-05-09 23:31:06,673 - INFO - 
2. Post-Cross Movement (30min):
5min Price Changes (%): []
Maximum Change: 0.000% after 0 minutes
Candle Analysis:
    Body Sizes (%): []
    Upper Shadows (%): []
    Lower Shadows (%): []
Volumes: []
==================================================
2025-05-09 23:31:07,377 - INFO - 
==================================================
EMA Cross Analysis - ONDOUSDT
Time: 2025-05-09 23:25:00+09:00
Type: dead
Cross Character (Current): Weak
Cross Character (New): Weak
Price at Cross: 1.015

1. Pre-Cross Pattern (15min):
EMA Distance Changes (%): ['0.175', '0.117', '0.028', '0.097']
EMA12 Changes (%): ['0.041', '-0.089', '-0.155', '-0.234']
Price Changes (%): ['0.602', '-0.802', '-0.516', '-0.675']
Candle Analysis:
    Body Sizes (%): ['0.602', '0.782', '0.497', '0.646']
    Upper Shadows (%): ['0.000', '0.039', '0.146', '0.029']
    Lower Shadows (%): ['0.058', '0.010', '0.166', '0.196']
Volumes: [np.float64(495150.6), np.float64(648869.5), np.float64(1093666.4), np.float64(2105113.8)]
2025-05-09 23:31:07,377 - INFO - 
2. Post-Cross Movement (30min):
5min Price Changes (%): ['0.502']
Maximum Change: 0.502% after 5 minutes
Candle Analysis:
    Body Sizes (%): ['0.493']
    Upper Shadows (%): ['0.020']
    Lower Shadows (%): ['0.177']
Volumes: [np.float64(377538.7)]
==================================================
2025-05-09 23:35:37,697 - INFO - 
==================================================
EMA Cross Analysis - BAKE/USDT
Time: 2025-05-09 23:35:00+09:00
Type: dead
Cross Character (Current): Strong
Cross Character (New): Weak
Price at Cross: 0.139

1. Pre-Cross Pattern (15min):
EMA Distance Changes (%): ['0.268', '0.123', '0.057', '0.005']
EMA12 Changes (%): ['-0.079', '-0.242', '-0.107', '-0.112']
Price Changes (%): ['-0.498', '-1.144', '0.651', '-0.144']
Candle Analysis:
    Body Sizes (%): ['0.427', '1.144', '0.651', '0.215']
    Upper Shadows (%): ['0.285', '0.000', '0.000', '0.000']
    Lower Shadows (%): ['0.000', '0.000', '0.145', '0.000']
Volumes: [np.float64(540781.0), np.float64(785444.0), np.float64(377796.0), np.float64(42598.0)]
2025-05-09 23:35:37,698 - INFO - 
2. Post-Cross Movement (30min):
5min Price Changes (%): []
Maximum Change: 0.000% after 0 minutes
Candle Analysis:
    Body Sizes (%): []
    Upper Shadows (%): []
    Lower Shadows (%): []
Volumes: []
==================================================
2025-05-09 23:35:40,341 - INFO - 
==================================================
EMA Cross Analysis - PHA/USDT
Time: 2025-05-09 23:35:00+09:00
Type: dead
Cross Character (Current): Strong
Cross Character (New): Weak
Price at Cross: 0.1329

1. Pre-Cross Pattern (15min):
EMA Distance Changes (%): ['0.225', '0.100', '0.026', '0.055']
EMA12 Changes (%): ['-0.165', '-0.209', '-0.125', '-0.151']
Price Changes (%): ['-0.987', '-0.450', '0.339', '-0.293']
Candle Analysis:
    Body Sizes (%): ['0.980', '0.450', '0.452', '0.308']
    Upper Shadows (%): ['0.000', '0.007', '0.301', '0.000']
    Lower Shadows (%): ['0.067', '0.150', '0.113', '0.008']
Volumes: [np.float64(180999.0), np.float64(493240.0), np.float64(223428.0), np.float64(30116.0)]
2025-05-09 23:35:40,341 - INFO - 
2. Post-Cross Movement (30min):
5min Price Changes (%): []
Maximum Change: 0.000% after 0 minutes
Candle Analysis:
    Body Sizes (%): []
    Upper Shadows (%): []
    Lower Shadows (%): []
Volumes: []
==================================================
2025-05-09 23:35:42,590 - INFO - 
==================================================
EMA Cross Analysis - BNB/USDT
Time: 2025-05-09 23:30:00+09:00
Type: dead
Cross Character (Current): Weak
Cross Character (New): Weak
Price at Cross: 636.67

1. Pre-Cross Pattern (15min):
EMA Distance Changes (%): ['0.141', '0.082', '0.008', '0.023']
EMA12 Changes (%): ['-0.048', '-0.094', '-0.131', '-0.059']
Price Changes (%): ['-0.244', '-0.346', '-0.338', '0.345']
Candle Analysis:
    Body Sizes (%): ['0.244', '0.346', '0.335', '0.344']
    Upper Shadows (%): ['0.044', '0.185', '0.000', '0.020']
    Lower Shadows (%): ['0.017', '0.064', '0.039', '0.072']
Volumes: [np.float64(2585.26), np.float64(11359.31), np.float64(7854.26), np.float64(5217.57)]
2025-05-09 23:35:42,591 - INFO - 
2. Post-Cross Movement (30min):
5min Price Changes (%): ['-0.035']
Maximum Change: -0.035% after 5 minutes
Candle Analysis:
    Body Sizes (%): ['0.036']
    Upper Shadows (%): ['0.116']
    Lower Shadows (%): ['0.020']
Volumes: [np.float64(3849.6)]
==================================================
2025-05-09 23:35:44,841 - INFO - 
==================================================
EMA Cross Analysis - AIXBT/USDT
Time: 2025-05-09 23:30:00+09:00
Type: dead
Cross Character (Current): Weak
Cross Character (New): Weak
Price at Cross: 0.21191

1. Pre-Cross Pattern (15min):
EMA Distance Changes (%): ['0.256', '0.169', '0.025', '0.032']
EMA12 Changes (%): ['0.089', '-0.136', '-0.252', '-0.106']
Price Changes (%): ['-0.153', '-1.366', '-0.895', '0.708']
Candle Analysis:
    Body Sizes (%): ['0.135', '1.352', '0.890', '0.684']
    Upper Shadows (%): ['0.334', '0.023', '0.042', '0.527']
    Lower Shadows (%): ['0.464', '0.051', '0.316', '0.143']
Volumes: [np.float64(1056666.0), np.float64(2394248.0), np.float64(2506868.0), np.float64(1497007.0)]
2025-05-09 23:35:44,842 - INFO - 
2. Post-Cross Movement (30min):
5min Price Changes (%): ['-0.529']
Maximum Change: -0.529% after 5 minutes
Candle Analysis:
    Body Sizes (%): ['0.500']
    Upper Shadows (%): ['0.099']
    Lower Shadows (%): ['0.061']
Volumes: [np.float64(195209.0)]
==================================================
2025-05-09 23:35:46,386 - INFO - 
==================================================
EMA Cross Analysis - HIVE/USDT
Time: 2025-05-09 23:30:00+09:00
Type: dead
Cross Character (Current): Weak
Cross Character (New): Weak
Price at Cross: 0.25967

1. Pre-Cross Pattern (15min):
EMA Distance Changes (%): ['0.172', '0.100', '0.003', '0.022']
EMA12 Changes (%): ['-0.002', '-0.117', '-0.170', '-0.049']
Price Changes (%): ['-0.347', '-0.750', '-0.467', '0.628']
Candle Analysis:
    Body Sizes (%): ['0.347', '0.701', '0.467', '0.624']
    Upper Shadows (%): ['0.164', '0.061', '0.000', '0.039']
    Lower Shadows (%): ['0.000', '0.027', '0.100', '0.101']
Volumes: [np.float64(65482.0), np.float64(95878.0), np.float64(111213.0), np.float64(63113.0)]
2025-05-09 23:35:46,386 - INFO - 
2. Post-Cross Movement (30min):
5min Price Changes (%): ['-0.146']
Maximum Change: -0.146% after 5 minutes
Candle Analysis:
    Body Sizes (%): ['0.150']
    Upper Shadows (%): ['0.108']
    Lower Shadows (%): ['0.031']
Volumes: [np.float64(2710.0)]
==================================================
2025-05-09 23:40:16,030 - INFO - 
==================================================
EMA Cross Analysis - DOGS/USDT
Time: 2025-05-09 23:35:00+09:00
Type: dead
Cross Character (Current): Strong
Cross Character (New): Strong
Price at Cross: 0.0001852

1. Pre-Cross Pattern (15min):
EMA Distance Changes (%): ['0.535', '0.310', '0.223', '0.031']
EMA12 Changes (%): ['-0.164', '-0.364', '-0.116', '-0.453']
Price Changes (%): ['-1.299', '-1.474', '1.282', '-2.321']
Candle Analysis:
    Body Sizes (%): ['1.299', '1.474', '1.228', '2.321']
    Upper Shadows (%): ['0.104', '0.000', '0.374', '0.105']
    Lower Shadows (%): ['0.104', '0.000', '0.000', '0.264']
Volumes: [np.float64(1308057812.0), np.float64(1867598808.0), np.float64(1360168848.0), np.float64(3126620072.0)]
2025-05-09 23:40:16,031 - INFO - 
2. Post-Cross Movement (30min):
5min Price Changes (%): ['-0.324']
Maximum Change: -0.324% after 5 minutes
Candle Analysis:
    Body Sizes (%): ['0.378']
    Upper Shadows (%): ['0.162']
    Lower Shadows (%): ['0.054']
Volumes: [np.float64(178706050.0)]
==================================================
2025-05-09 23:40:18,309 - INFO - 
==================================================
EMA Cross Analysis - FXS/USDT
Time: 2025-05-09 23:35:00+09:00
Type: dead
Cross Character (Current): Strong
Cross Character (New): Weak
Price at Cross: 2.4103

1. Pre-Cross Pattern (15min):
EMA Distance Changes (%): ['0.288', '0.161', '0.081', '0.065']
EMA12 Changes (%): ['-0.069', '-0.207', '-0.128', '-0.267']
Price Changes (%): ['-0.616', '-0.975', '0.313', '-1.035']
Candle Analysis:
    Body Sizes (%): ['0.608', '0.934', '0.346', '1.100']
    Upper Shadows (%): ['0.142', '0.016', '0.095', '0.041']
    Lower Shadows (%): ['0.045', '0.163', '0.078', '0.246']
Volumes: [np.float64(11944.2), np.float64(23616.3), np.float64(9135.0), np.float64(11713.5)]
2025-05-09 23:40:18,309 - INFO - 
2. Post-Cross Movement (30min):
5min Price Changes (%): ['-0.145']
Maximum Change: -0.145% after 5 minutes
Candle Analysis:
    Body Sizes (%): ['0.203']
    Upper Shadows (%): ['0.182']
    Lower Shadows (%): ['0.000']
Volumes: [np.float64(946.4)]
==================================================
2025-05-09 23:40:18,776 - INFO - 
==================================================
EMA Cross Analysis - ACX/USDT
Time: 2025-05-09 23:35:00+09:00
Type: dead
Cross Character (Current): Strong
Cross Character (New): Weak
Price at Cross: 0.243

1. Pre-Cross Pattern (15min):
EMA Distance Changes (%): ['0.260', '0.160', '0.120', '0.012']
EMA12 Changes (%): ['-0.061', '-0.157', '-0.052', '-0.238']
Price Changes (%): ['-0.404', '-0.690', '0.531', '-1.260']
Candle Analysis:
    Body Sizes (%): ['0.404', '0.649', '0.572', '1.340']
    Upper Shadows (%): ['0.121', '0.000', '0.041', '0.041']
    Lower Shadows (%): ['0.121', '0.000', '0.082', '0.284']
Volumes: [np.float64(84638.0), np.float64(125796.6), np.float64(127995.1), np.float64(163383.7)]
2025-05-09 23:40:18,776 - INFO - 
2. Post-Cross Movement (30min):
5min Price Changes (%): ['-0.329']
Maximum Change: -0.329% after 5 minutes
Candle Analysis:
    Body Sizes (%): ['0.370']
    Upper Shadows (%): ['0.041']
    Lower Shadows (%): ['0.041']
Volumes: [np.float64(5384.8)]
==================================================
2025-05-09 23:40:19,465 - INFO - 
==================================================
EMA Cross Analysis - MOODENG/USDT
Time: 2025-05-09 23:40:00+09:00
Type: dead
Cross Character (Current): Strong
Cross Character (New): Weak
Price at Cross: 0.11909

1. Pre-Cross Pattern (15min):
EMA Distance Changes (%): ['0.811', '0.730', '0.114', '0.517']
EMA12 Changes (%): ['-0.386', '-0.010', '-1.099', '-1.115']
Price Changes (%): ['-3.037', '2.109', '-7.091', '-1.211']
Candle Analysis:
    Body Sizes (%): ['3.022', '2.109', '7.098', '1.211']
    Upper Shadows (%): ['0.183', '1.125', '0.740', '0.365']
    Lower Shadows (%): ['0.557', '0.504', '1.811', '0.282']
Volumes: [np.float64(112016912.0), np.float64(80601121.0), np.float64(240518766.0), np.float64(14431351.0)]
2025-05-09 23:40:19,465 - INFO - 
2. Post-Cross Movement (30min):
5min Price Changes (%): []
Maximum Change: 0.000% after 0 minutes
Candle Analysis:
    Body Sizes (%): []
    Upper Shadows (%): []
    Lower Shadows (%): []
Volumes: []
==================================================
2025-05-09 23:40:20,092 - INFO - 
==================================================
EMA Cross Analysis - PHA/USDT
Time: 2025-05-09 23:35:00+09:00
Type: dead
Cross Character (Current): Strong
Cross Character (New): Weak
Price at Cross: 0.13114

1. Pre-Cross Pattern (15min):
EMA Distance Changes (%): ['0.225', '0.100', '0.026', '0.162']
EMA12 Changes (%): ['-0.165', '-0.209', '-0.125', '-0.353']
Price Changes (%): ['-0.987', '-0.450', '0.339', '-1.613']
Candle Analysis:
    Body Sizes (%): ['0.980', '0.450', '0.452', '1.628']
    Upper Shadows (%): ['0.000', '0.007', '0.301', '0.000']
    Lower Shadows (%): ['0.067', '0.150', '0.113', '0.053']
Volumes: [np.float64(180999.0), np.float64(493240.0), np.float64(223428.0), np.float64(251010.0)]
2025-05-09 23:40:20,093 - INFO - 
2. Post-Cross Movement (30min):
5min Price Changes (%): ['-0.137']
Maximum Change: -0.137% after 5 minutes
Candle Analysis:
    Body Sizes (%): ['0.213']
    Upper Shadows (%): ['0.069']
    Lower Shadows (%): ['0.000']
Volumes: [np.float64(38842.0)]
==================================================
2025-05-09 23:40:20,452 - INFO - 
==================================================
EMA Cross Analysis - ORDI/USDT
Time: 2025-05-09 23:35:00+09:00
Type: dead
Cross Character (Current): Strong
Cross Character (New): Weak
Price at Cross: 8.95

1. Pre-Cross Pattern (15min):
EMA Distance Changes (%): ['0.288', '0.146', '0.106', '0.065']
EMA12 Changes (%): ['-0.188', '-0.232', '-0.055', '-0.311']
Price Changes (%): ['-0.886', '-0.474', '0.931', '-1.724']
Candle Analysis:
    Body Sizes (%): ['0.875', '0.452', '0.920', '1.724']
    Upper Shadows (%): ['0.098', '0.011', '0.089', '0.066']
    Lower Shadows (%): ['0.033', '0.552', '0.133', '0.505']
Volumes: [np.float64(53650.4), np.float64(97523.5), np.float64(34302.1), np.float64(102054.9)]
2025-05-09 23:40:20,452 - INFO - 
2. Post-Cross Movement (30min):
5min Price Changes (%): ['-0.380']
Maximum Change: -0.380% after 5 minutes
Candle Analysis:
    Body Sizes (%): ['0.391']
    Upper Shadows (%): ['0.112']
    Lower Shadows (%): ['0.000']
Volumes: [np.float64(2441.0)]
==================================================
2025-05-09 23:40:21,154 - INFO - 
==================================================
EMA Cross Analysis - GALA/USDT
Time: 2025-05-09 23:35:00+09:00
Type: dead
Cross Character (Current): Strong
Cross Character (New): Weak
Price at Cross: 0.01903

1. Pre-Cross Pattern (15min):
EMA Distance Changes (%): ['0.256', '0.117', '0.070', '0.108']
EMA12 Changes (%): ['-0.080', '-0.233', '-0.072', '-0.330']
Price Changes (%): ['-0.461', '-1.081', '0.833', '-1.755']
Candle Analysis:
    Body Sizes (%): ['0.410', '1.030', '0.833', '1.755']
    Upper Shadows (%): ['0.256', '0.000', '0.260', '0.103']
    Lower Shadows (%): ['0.154', '0.000', '0.104', '0.361']
Volumes: [np.float64(48063608.0), np.float64(59296652.0), np.float64(26866106.0), np.float64(89310502.0)]
2025-05-09 23:40:21,154 - INFO - 
2. Post-Cross Movement (30min):
5min Price Changes (%): ['-0.578']
Maximum Change: -0.578% after 5 minutes
Candle Analysis:
    Body Sizes (%): ['0.630']
    Upper Shadows (%): ['0.053']
    Lower Shadows (%): ['0.000']
Volumes: [np.float64(10437423.0)]
==================================================
2025-05-09 23:40:21,387 - INFO - 
==================================================
EMA Cross Analysis - TNSR/USDT
Time: 2025-05-09 23:40:00+09:00
Type: dead
Cross Character (Current): Strong
Cross Character (New): Weak
Price at Cross: 0.1648

1. Pre-Cross Pattern (15min):
EMA Distance Changes (%): ['0.291', '0.242', '0.075', '0.084']
EMA12 Changes (%): ['-0.198', '-0.050', '-0.288', '-0.291']
Price Changes (%): ['-0.892', '0.780', '-1.607', '-0.302']
Candle Analysis:
    Body Sizes (%): ['0.656', '0.840', '1.607', '0.363']
    Upper Shadows (%): ['0.000', '0.060', '0.060', '0.000']
    Lower Shadows (%): ['0.238', '0.060', '0.119', '0.060']
Volumes: [np.float64(258111.3), np.float64(108400.6), np.float64(398339.7), np.float64(40956.1)]
2025-05-09 23:40:21,388 - INFO - 
2. Post-Cross Movement (30min):
5min Price Changes (%): []
Maximum Change: 0.000% after 0 minutes
Candle Analysis:
    Body Sizes (%): []
    Upper Shadows (%): []
    Lower Shadows (%): []
Volumes: []
==================================================
2025-05-09 23:40:21,970 - INFO - 
==================================================
EMA Cross Analysis - DOT/USDT
Time: 2025-05-09 23:40:00+09:00
Type: dead
Cross Character (Current): Weak
Cross Character (New): Weak
Price at Cross: 4.628

1. Pre-Cross Pattern (15min):
EMA Distance Changes (%): ['0.181', '0.159', '0.034', '0.083']
EMA12 Changes (%): ['-0.114', '-0.015', '-0.218', '-0.218']
Price Changes (%): ['-0.213', '0.535', '-1.340', '-0.216']
Candle Analysis:
    Body Sizes (%): ['0.213', '0.556', '1.361', '0.216']
    Upper Shadows (%): ['0.235', '0.128', '0.106', '0.108']
    Lower Shadows (%): ['0.213', '0.150', '0.213', '0.065']
Volumes: [np.float64(491876.9), np.float64(316921.9), np.float64(759944.2), np.float64(35680.2)]
2025-05-09 23:40:21,970 - INFO - 
2. Post-Cross Movement (30min):
5min Price Changes (%): []
Maximum Change: 0.000% after 0 minutes
Candle Analysis:
    Body Sizes (%): []
    Upper Shadows (%): []
    Lower Shadows (%): []
Volumes: []
==================================================
2025-05-09 23:40:22,204 - INFO - 
==================================================
EMA Cross Analysis - ZRO/USDT
Time: 2025-05-09 23:35:00+09:00
Type: dead
Cross Character (Current): Weak
Cross Character (New): Weak
Price at Cross: 2.8998

1. Pre-Cross Pattern (15min):
EMA Distance Changes (%): ['0.166', '0.050', '0.031', '0.132']
EMA12 Changes (%): ['-0.120', '-0.199', '-0.029', '-0.303']
Price Changes (%): ['-0.718', '-0.635', '0.916', '-1.815']
Candle Analysis:
    Body Sizes (%): ['0.708', '0.632', '0.895', '1.831']
    Upper Shadows (%): ['0.051', '0.048', '0.065', '0.098']
    Lower Shadows (%): ['0.067', '0.272', '0.143', '0.521']
Volumes: [np.float64(69492.4), np.float64(94760.6), np.float64(66006.9), np.float64(180404.8)]
2025-05-09 23:40:22,205 - INFO - 
2. Post-Cross Movement (30min):
5min Price Changes (%): ['-0.241']
Maximum Change: -0.241% after 5 minutes
Candle Analysis:
    Body Sizes (%): ['0.272']
    Upper Shadows (%): ['0.090']
    Lower Shadows (%): ['0.138']
Volumes: [np.float64(10159.5)]
==================================================
2025-05-09 23:40:24,561 - INFO - 
==================================================
EMA Cross Analysis - PENGU/USDT
Time: 2025-05-09 23:35:00+09:00
Type: dead
Cross Character (Current): Strong
Cross Character (New): Strong
Price at Cross: 0.014643

1. Pre-Cross Pattern (15min):
EMA Distance Changes (%): ['0.416', '0.261', '0.205', '0.006']
EMA12 Changes (%): ['-0.100', '-0.243', '-0.066', '-0.375']
Price Changes (%): ['-1.429', '-1.035', '0.925', '-2.080']
Candle Analysis:
    Body Sizes (%): ['1.403', '1.042', '0.931', '2.080']
    Upper Shadows (%): ['0.000', '0.007', '0.675', '0.040']
    Lower Shadows (%): ['0.053', '0.154', '0.182', '0.140']
Volumes: [np.float64(105918263.0), np.float64(108382824.0), np.float64(78078446.0), np.float64(126210067.0)]
2025-05-09 23:40:24,561 - INFO - 
2. Post-Cross Movement (30min):
5min Price Changes (%): ['-0.232']
Maximum Change: -0.232% after 5 minutes
Candle Analysis:
    Body Sizes (%): ['0.225']
    Upper Shadows (%): ['0.061']
    Lower Shadows (%): ['0.061']
Volumes: [np.float64(7539458.0)]
==================================================
2025-05-09 23:40:25,152 - INFO - 
==================================================
EMA Cross Analysis - ATA/USDT
Time: 2025-05-09 23:35:00+09:00
Type: dead
Cross Character (Current): Strong
Cross Character (New): Weak
Price at Cross: 0.0597

1. Pre-Cross Pattern (15min):
EMA Distance Changes (%): ['0.249', '0.141', '0.119', '0.031']
EMA12 Changes (%): ['-0.057', '-0.174', '-0.021', '-0.271']
Price Changes (%): ['-0.655', '-0.824', '0.831', '-1.647']
Candle Analysis:
    Body Sizes (%): ['0.492', '0.824', '0.831', '1.485']
    Upper Shadows (%): ['0.328', '0.000', '0.332', '0.330']
    Lower Shadows (%): ['0.000', '0.000', '0.000', '0.495']
Volumes: [np.float64(209700.0), np.float64(284852.0), np.float64(356557.0), np.float64(1041038.0)]
2025-05-09 23:40:25,153 - INFO - 
2. Post-Cross Movement (30min):
5min Price Changes (%): ['-0.335']
Maximum Change: -0.335% after 5 minutes
Candle Analysis:
    Body Sizes (%): ['0.335']
    Upper Shadows (%): ['0.168']
    Lower Shadows (%): ['0.000']
Volumes: [np.float64(57720.0)]
==================================================
2025-05-09 23:40:26,034 - INFO - 
==================================================
EMA Cross Analysis - MOVE/USDT
Time: 2025-05-09 23:40:00+09:00
Type: dead
Cross Character (Current): Weak
Cross Character (New): Weak
Price at Cross: 0.1779

1. Pre-Cross Pattern (15min):
EMA Distance Changes (%): ['0.233', '0.220', '0.100', '0.002']
EMA12 Changes (%): ['-0.157', '0.012', '-0.203', '-0.180']
Price Changes (%): ['-0.279', '0.951', '-1.385', '-0.056']
Candle Analysis:
    Body Sizes (%): ['0.223', '0.951', '1.385', '0.112']
    Upper Shadows (%): ['0.056', '0.056', '0.111', '0.168']
    Lower Shadows (%): ['0.335', '0.168', '0.499', '0.168']
Volumes: [np.float64(3327370.0), np.float64(2194624.0), np.float64(5280544.0), np.float64(439306.0)]
2025-05-09 23:40:26,034 - INFO - 
2. Post-Cross Movement (30min):
5min Price Changes (%): []
Maximum Change: 0.000% after 0 minutes
Candle Analysis:
    Body Sizes (%): []
    Upper Shadows (%): []
    Lower Shadows (%): []
Volumes: []
==================================================
2025-05-09 23:40:27,408 - INFO - 
==================================================
EMA Cross Analysis - USUAL/USDT
Time: 2025-05-09 23:35:00+09:00
Type: dead
Cross Character (Current): Strong
Cross Character (New): Strong
Price at Cross: 0.1434

1. Pre-Cross Pattern (15min):
EMA Distance Changes (%): ['0.462', '0.275', '0.167', '0.095']
EMA12 Changes (%): ['-0.248', '-0.293', '-0.166', '-0.473']
Price Changes (%): ['-1.346', '-0.546', '0.549', '-2.183']
Candle Analysis:
    Body Sizes (%): ['1.346', '0.613', '0.549', '2.249']
    Upper Shadows (%): ['0.067', '0.068', '0.412', '0.136']
    Lower Shadows (%): ['0.269', '0.273', '0.343', '0.136']
Volumes: [np.float64(2711691.0), np.float64(2616686.0), np.float64(1341537.0), np.float64(3607195.0)]
2025-05-09 23:40:27,408 - INFO - 
2. Post-Cross Movement (30min):
5min Price Changes (%): ['-0.488']
Maximum Change: -0.488% after 5 minutes
Candle Analysis:
    Body Sizes (%): ['0.488']
    Upper Shadows (%): ['0.139']
    Lower Shadows (%): ['0.070']
Volumes: [np.float64(481551.0)]
==================================================
2025-05-09 23:40:28,126 - INFO - 
==================================================
EMA Cross Analysis - VANA/USDT
Time: 2025-05-09 23:40:00+09:00
Type: dead
Cross Character (Current): Strong
Cross Character (New): Weak
Price at Cross: 6.153

1. Pre-Cross Pattern (15min):
EMA Distance Changes (%): ['0.265', '0.236', '0.061', '0.095']
EMA12 Changes (%): ['-0.093', '-0.017', '-0.306', '-0.287']
Price Changes (%): ['-0.856', '0.399', '-1.894', '-0.178']
Candle Analysis:
    Body Sizes (%): ['0.824', '0.416', '1.910', '0.195']
    Upper Shadows (%): ['0.000', '0.240', '0.064', '0.114']
    Lower Shadows (%): ['0.380', '0.160', '0.477', '0.130']
Volumes: [np.float64(88659.47), np.float64(12234.81), np.float64(59269.89), np.float64(2914.35)]
2025-05-09 23:40:28,126 - INFO - 
2. Post-Cross Movement (30min):
5min Price Changes (%): []
Maximum Change: 0.000% after 0 minutes
Candle Analysis:
    Body Sizes (%): []
    Upper Shadows (%): []
    Lower Shadows (%): []
Volumes: []
==================================================
2025-05-09 23:40:28,477 - INFO - 
==================================================
EMA Cross Analysis - MELANIA/USDT
Time: 2025-05-09 23:40:00+09:00
Type: dead
Cross Character (Current): Strong
Cross Character (New): Weak
Price at Cross: 0.3757

1. Pre-Cross Pattern (15min):
EMA Distance Changes (%): ['0.417', '0.307', '0.075', '0.105']
EMA12 Changes (%): ['-0.326', '-0.145', '-0.402', '-0.330']
Price Changes (%): ['-1.456', '0.870', '-1.831', '0.080']
Candle Analysis:
    Body Sizes (%): ['1.430', '0.817', '1.856', '0.080']
    Upper Shadows (%): ['0.000', '0.369', '0.078', '0.107']
    Lower Shadows (%): ['0.338', '0.053', '0.105', '0.719']
Volumes: [np.float64(1254996.54), np.float64(480164.99), np.float64(1085388.77), np.float64(518110.74)]
2025-05-09 23:40:28,478 - INFO - 
2. Post-Cross Movement (30min):
5min Price Changes (%): []
Maximum Change: 0.000% after 0 minutes
Candle Analysis:
    Body Sizes (%): []
    Upper Shadows (%): []
    Lower Shadows (%): []
Volumes: []
==================================================
2025-05-09 23:45:05,964 - INFO - 
==================================================
EMA Cross Analysis - VANA/USDT
Time: 2025-05-09 23:45:00+09:00
Type: dead
Cross Character (Current): Strong
Cross Character (New): Weak
Price at Cross: 6.231

1. Pre-Cross Pattern (15min):
EMA Distance Changes (%): ['0.236', '0.061', '0.006', '0.036']
EMA12 Changes (%): ['-0.017', '-0.306', '-0.095', '-0.081']
Price Changes (%): ['0.399', '-1.894', '1.087', '0.000']
Candle Analysis:
    Body Sizes (%): ['0.416', '1.910', '1.071', '0.032']
    Upper Shadows (%): ['0.240', '0.064', '0.195', '0.016']
    Lower Shadows (%): ['0.160', '0.477', '0.324', '0.000']
Volumes: [np.float64(12234.81), np.float64(59269.89), np.float64(37415.08), np.float64(234.58)]
2025-05-09 23:45:05,964 - INFO - 
2. Post-Cross Movement (30min):
5min Price Changes (%): []
Maximum Change: 0.000% after 0 minutes
Candle Analysis:
    Body Sizes (%): []
    Upper Shadows (%): []
    Lower Shadows (%): []
Volumes: []
==================================================
2025-05-09 23:45:06,309 - INFO - 
==================================================
EMA Cross Analysis - MELANIA/USDT
Time: 2025-05-09 23:40:00+09:00
Type: dead
Cross Character (Current): Strong
Cross Character (New): Strong
Price at Cross: 0.3779

1. Pre-Cross Pattern (15min):
EMA Distance Changes (%): ['0.417', '0.307', '0.075', '0.058']
EMA12 Changes (%): ['-0.326', '-0.145', '-0.402', '-0.242']
Price Changes (%): ['-1.456', '0.870', '-1.831', '0.666']
Candle Analysis:
    Body Sizes (%): ['1.430', '0.817', '1.856', '0.666']
    Upper Shadows (%): ['0.000', '0.369', '0.078', '0.240']
    Lower Shadows (%): ['0.338', '0.053', '0.105', '0.719']
Volumes: [np.float64(1254996.54), np.float64(480164.99), np.float64(1085388.77), np.float64(794435.51)]
2025-05-09 23:45:06,310 - INFO - 
2. Post-Cross Movement (30min):
5min Price Changes (%): ['0.079']
Maximum Change: 0.079% after 5 minutes
Candle Analysis:
    Body Sizes (%): ['0.026']
    Upper Shadows (%): ['0.026']
    Lower Shadows (%): ['0.000']
Volumes: [np.float64(413.28)]
==================================================
2025-05-09 23:46:10,220 - INFO - 
==================================================
EMA Cross Analysis - MOODENG/USDT
Time: 2025-05-09 23:40:00+09:00
Type: dead
Cross Character (Current): Strong
Cross Character (New): Strong
Price at Cross: 0.12607

1. Pre-Cross Pattern (15min):
EMA Distance Changes (%): ['0.811', '0.730', '0.114', '0.046']
EMA12 Changes (%): ['-0.386', '-0.010', '-1.099', '-0.279']
Price Changes (%): ['-3.037', '2.109', '-7.091', '4.579']
Candle Analysis:
    Body Sizes (%): ['3.022', '2.109', '7.098', '4.579']
    Upper Shadows (%): ['0.183', '1.125', '0.740', '1.029']
    Lower Shadows (%): ['0.557', '0.504', '1.811', '1.667']
Volumes: [np.float64(112016912.0), np.float64(80601121.0), np.float64(240518766.0), np.float64(172778116.0)]
2025-05-09 23:46:10,220 - INFO - 
2. Post-Cross Movement (30min):
5min Price Changes (%): ['-0.896']
Maximum Change: -0.896% after 5 minutes
Candle Analysis:
    Body Sizes (%): ['0.959']
    Upper Shadows (%): ['1.300']
    Lower Shadows (%): ['0.444']
Volumes: [np.float64(23514924.0)]
==================================================
2025-05-09 23:46:11,943 - INFO - 
==================================================
EMA Cross Analysis - TNSR/USDT
Time: 2025-05-09 23:45:00+09:00
Type: dead
Cross Character (Current): Strong
Cross Character (New): Weak
Price at Cross: 0.1667

1. Pre-Cross Pattern (15min):
EMA Distance Changes (%): ['0.242', '0.075', '0.003', '0.048']
EMA12 Changes (%): ['-0.050', '-0.288', '-0.126', '-0.097']
Price Changes (%): ['0.780', '-1.607', '0.786', '0.060']
Candle Analysis:
    Body Sizes (%): ['0.840', '1.607', '0.726', '0.060']
    Upper Shadows (%): ['0.060', '0.060', '0.060', '0.060']
    Lower Shadows (%): ['0.060', '0.119', '0.484', '0.060']
Volumes: [np.float64(108400.6), np.float64(398339.7), np.float64(242922.0), np.float64(56307.1)]
2025-05-09 23:46:11,943 - INFO - 
2. Post-Cross Movement (30min):
5min Price Changes (%): []
Maximum Change: 0.000% after 0 minutes
Candle Analysis:
    Body Sizes (%): []
    Upper Shadows (%): []
    Lower Shadows (%): []
Volumes: []
==================================================
2025-05-09 23:46:12,529 - INFO - 
==================================================
EMA Cross Analysis - DOT/USDT
Time: 2025-05-09 23:40:00+09:00
Type: dead
Cross Character (Current): Weak
Cross Character (New): Weak
Price at Cross: 4.67

1. Pre-Cross Pattern (15min):
EMA Distance Changes (%): ['0.181', '0.159', '0.034', '0.010']
EMA12 Changes (%): ['-0.114', '-0.015', '-0.218', '-0.080']
Price Changes (%): ['-0.213', '0.535', '-1.340', '0.690']
Candle Analysis:
    Body Sizes (%): ['0.213', '0.556', '1.361', '0.690']
    Upper Shadows (%): ['0.235', '0.128', '0.106', '0.065']
    Lower Shadows (%): ['0.213', '0.150', '0.213', '0.280']
Volumes: [np.float64(491876.9), np.float64(316921.9), np.float64(759944.2), np.float64(348393.3)]
2025-05-09 23:46:12,530 - INFO - 
2. Post-Cross Movement (30min):
5min Price Changes (%): ['-0.171']
Maximum Change: -0.171% after 5 minutes
Candle Analysis:
    Body Sizes (%): ['0.171']
    Upper Shadows (%): ['0.128']
    Lower Shadows (%): ['0.000']
Volumes: [np.float64(49294.0)]
==================================================
2025-05-09 23:50:51,093 - INFO - 
==================================================
EMA Cross Analysis - TNSR/USDT
Time: 2025-05-09 23:45:00+09:00
Type: dead
Cross Character (Current): Strong
Cross Character (New): Weak
Price at Cross: 0.1661

1. Pre-Cross Pattern (15min):
EMA Distance Changes (%): ['0.242', '0.075', '0.003', '0.077']
EMA12 Changes (%): ['-0.050', '-0.288', '-0.126', '-0.152']
Price Changes (%): ['0.780', '-1.607', '0.786', '-0.300']
Candle Analysis:
    Body Sizes (%): ['0.840', '1.607', '0.726', '0.300']
    Upper Shadows (%): ['0.060', '0.060', '0.060', '0.120']
    Lower Shadows (%): ['0.060', '0.119', '0.484', '0.540']
Volumes: [np.float64(108400.6), np.float64(398339.7), np.float64(242922.0), np.float64(120298.0)]
2025-05-09 23:50:51,094 - INFO - 
2. Post-Cross Movement (30min):
5min Price Changes (%): ['0.120']
Maximum Change: 0.120% after 5 minutes
Candle Analysis:
    Body Sizes (%): ['0.181']
    Upper Shadows (%): ['0.060']
    Lower Shadows (%): ['0.000']
Volumes: [np.float64(3279.9)]
==================================================
2025-05-09 23:50:55,438 - INFO - 
==================================================
EMA Cross Analysis - MOVE/USDT
Time: 2025-05-09 23:50:00+09:00
Type: dead
Cross Character (Current): Weak
Cross Character (New): Weak
Price at Cross: 0.1792

1. Pre-Cross Pattern (15min):
EMA Distance Changes (%): ['0.100', '0.069', '0.018', '0.009']
EMA12 Changes (%): ['-0.203', '-0.044', '-0.088', '-0.049']
Price Changes (%): ['-1.385', '0.843', '-0.334', '0.168']
Candle Analysis:
    Body Sizes (%): ['1.385', '0.786', '0.334', '0.168']
    Upper Shadows (%): ['0.111', '0.000', '0.000', '0.056']
    Lower Shadows (%): ['0.499', '0.281', '0.613', '0.056']
Volumes: [np.float64(5280544.0), np.float64(2815248.0), np.float64(2406545.0), np.float64(291043.0)]
2025-05-09 23:50:55,438 - INFO - 
2. Post-Cross Movement (30min):
5min Price Changes (%): []
Maximum Change: 0.000% after 0 minutes
Candle Analysis:
    Body Sizes (%): []
    Upper Shadows (%): []
    Lower Shadows (%): []
Volumes: []
==================================================
2025-05-09 23:50:57,533 - INFO - 
==================================================
EMA Cross Analysis - VANA/USDT
Time: 2025-05-09 23:45:00+09:00
Type: dead
Cross Character (Current): Strong
Cross Character (New): Weak
Price at Cross: 6.208

1. Pre-Cross Pattern (15min):
EMA Distance Changes (%): ['0.236', '0.061', '0.006', '0.066']
EMA12 Changes (%): ['-0.017', '-0.306', '-0.095', '-0.137']
Price Changes (%): ['0.399', '-1.894', '1.087', '-0.369']
Candle Analysis:
    Body Sizes (%): ['0.416', '1.910', '1.071', '0.337']
    Upper Shadows (%): ['0.240', '0.064', '0.195', '0.112']
    Lower Shadows (%): ['0.160', '0.477', '0.324', '0.706']
Volumes: [np.float64(12234.81), np.float64(59269.89), np.float64(37415.08), np.float64(12630.28)]
2025-05-09 23:50:57,533 - INFO - 
2. Post-Cross Movement (30min):
5min Price Changes (%): ['0.081']
Maximum Change: 0.081% after 5 minutes
Candle Analysis:
    Body Sizes (%): ['0.064']
    Upper Shadows (%): ['0.145']
    Lower Shadows (%): ['0.032']
Volumes: [np.float64(1018.71)]
==================================================
