2025-05-14 00:01:08,700 - INFO - 
==================================================
EMA Cross Analysis - ACX/USDT
Time: 2025-05-13 23:55:00+09:00
Type: dead
Cross Character (Current): Weak
Cross Character (New): Weak
Price at Cross: 0.2686

1. Pre-Cross Pattern (15min):
EMA Distance Changes (%): ['0.097', '0.034', '0.002', '0.020']
EMA12 Changes (%): ['-0.039', '-0.107', '-0.057', '-0.042']
Price Changes (%): ['-0.148', '-0.483', '0.224', '0.037']
Candle Analysis:
    Body Sizes (%): ['0.185', '0.520', '0.224', '0.075']
    Upper Shadows (%): ['0.074', '0.334', '0.000', '0.149']
    Lower Shadows (%): ['0.111', '0.186', '0.112', '0.000']
Volumes: [np.float64(43847.1), np.float64(23989.1), np.float64(54764.5), np.float64(18270.1)]
2025-05-14 00:01:08,701 - INFO - 
2. Post-Cross Movement (30min):
5min Price Changes (%): ['0.112']
Maximum Change: 0.112% after 5 minutes
Candle Analysis:
    Body Sizes (%): ['0.112']
    Upper Shadows (%): ['0.000']
    Lower Shadows (%): ['0.112']
Volumes: [np.float64(14082.6)]
==================================================
2025-05-14 00:05:53,414 - INFO - 
==================================================
EMA Cross Analysis - BRETT/USDT
Time: 2025-05-14 00:05:00+09:00
Type: golden
Cross Character (Current): Strong
Cross Character (New): Weak
Price at Cross: 0.08141

1. Pre-Cross Pattern (15min):
EMA Distance Changes (%): ['0.321', '0.259', '0.109', '0.004']
EMA12 Changes (%): ['0.012', '0.072', '0.251', '0.206']
Price Changes (%): ['1.341', '0.399', '1.231', '-0.037']
Candle Analysis:
    Body Sizes (%): ['1.328', '0.424', '1.243', '0.025']
    Upper Shadows (%): ['0.177', '0.025', '0.112', '0.049']
    Lower Shadows (%): ['0.013', '0.237', '0.037', '0.381']
Volumes: [np.float64(1467863.0), np.float64(819653.0), np.float64(1647997.0), np.float64(334867.0)]
2025-05-14 00:05:53,414 - INFO - 
2. Post-Cross Movement (30min):
5min Price Changes (%): []
Maximum Change: 0.000% after 0 minutes
Candle Analysis:
    Body Sizes (%): []
    Upper Shadows (%): []
    Lower Shadows (%): []
Volumes: []
==================================================
2025-05-14 00:10:32,330 - INFO - 
==================================================
EMA Cross Analysis - BRETT/USDT
Time: 2025-05-14 00:05:00+09:00
Type: golden
Cross Character (Current): Strong
Cross Character (New): Strong
Price at Cross: 0.08217

1. Pre-Cross Pattern (15min):
EMA Distance Changes (%): ['0.321', '0.259', '0.109', '0.078']
EMA12 Changes (%): ['0.012', '0.072', '0.251', '0.351']
Price Changes (%): ['1.341', '0.399', '1.231', '0.896']
Candle Analysis:
    Body Sizes (%): ['1.328', '0.424', '1.243', '0.909']
    Upper Shadows (%): ['0.177', '0.025', '0.112', '0.233']
    Lower Shadows (%): ['0.013', '0.237', '0.037', '0.405']
Volumes: [np.float64(1467863.0), np.float64(819653.0), np.float64(1647997.0), np.float64(3019296.0)]
2025-05-14 00:10:32,330 - INFO - 
2. Post-Cross Movement (30min):
5min Price Changes (%): ['0.061']
Maximum Change: 0.061% after 5 minutes
Candle Analysis:
    Body Sizes (%): ['0.085']
    Upper Shadows (%): ['0.170']
    Lower Shadows (%): ['0.024']
Volumes: [np.float64(170933.0)]
==================================================
2025-05-14 00:15:02,991 - INFO - 
==================================================
EMA Cross Analysis - LINK/USDT
Time: 2025-05-14 00:15:00+09:00
Type: golden
Cross Character (Current): Weak
Cross Character (New): Weak
Price at Cross: 16.744

1. Pre-Cross Pattern (15min):
EMA Distance Changes (%): ['0.064', '0.047', '0.016', '0.012']
EMA12 Changes (%): ['-0.020', '0.024', '0.052', '0.052']
Price Changes (%): ['0.084', '0.264', '0.210', '0.048']
Candle Analysis:
    Body Sizes (%): ['0.084', '0.270', '0.210', '0.042']
    Upper Shadows (%): ['0.054', '0.102', '0.527', '0.000']
    Lower Shadows (%): ['0.391', '0.192', '0.000', '0.000']
Volumes: [np.float64(203193.28), np.float64(100941.1), np.float64(143720.79), np.float64(239.19)]
2025-05-14 00:15:02,991 - INFO - 
2. Post-Cross Movement (30min):
5min Price Changes (%): []
Maximum Change: 0.000% after 0 minutes
Candle Analysis:
    Body Sizes (%): []
    Upper Shadows (%): []
    Lower Shadows (%): []
Volumes: []
==================================================
2025-05-14 00:15:08,057 - INFO - 
==================================================
EMA Cross Analysis - ATA/USDT
Time: 2025-05-14 00:15:00+09:00
Type: dead
Cross Character (Current): Strong
Cross Character (New): Weak
Price at Cross: 0.0694

1. Pre-Cross Pattern (15min):
EMA Distance Changes (%): ['0.758', '0.390', '0.084', '0.134']
EMA12 Changes (%): ['-0.634', '-0.582', '-0.517', '-0.397']
Price Changes (%): ['-4.795', '-0.288', '-0.144', '0.289']
Candle Analysis:
    Body Sizes (%): ['4.925', '0.288', '0.288', '0.289']
    Upper Shadows (%): ['0.000', '0.288', '0.432', '0.000']
    Lower Shadows (%): ['5.198', '0.432', '0.000', '0.000']
Volumes: [np.float64(22205254.0), np.float64(1205605.0), np.float64(703917.0), np.float64(61863.0)]
2025-05-14 00:15:08,057 - INFO - 
2. Post-Cross Movement (30min):
5min Price Changes (%): []
Maximum Change: 0.000% after 0 minutes
Candle Analysis:
    Body Sizes (%): []
    Upper Shadows (%): []
    Lower Shadows (%): []
Volumes: []
==================================================
2025-05-14 00:15:08,834 - INFO - 
==================================================
EMA Cross Analysis - AVAX/USDT
Time: 2025-05-14 00:15:00+09:00
Type: golden
Cross Character (Current): Weak
Cross Character (New): Weak
Price at Cross: 24.749

1. Pre-Cross Pattern (15min):
EMA Distance Changes (%): ['0.077', '0.059', '0.018', '0.022']
EMA12 Changes (%): ['-0.009', '0.024', '0.071', '0.073']
Price Changes (%): ['-0.016', '0.203', '0.333', '0.085']
Candle Analysis:
    Body Sizes (%): ['0.028', '0.203', '0.337', '0.093']
    Upper Shadows (%): ['0.081', '0.159', '0.406', '0.000']
    Lower Shadows (%): ['0.236', '0.154', '0.012', '0.000']
Volumes: [np.float64(36262.0), np.float64(30330.0), np.float64(48120.0), np.float64(670.0)]
2025-05-14 00:15:08,834 - INFO - 
2. Post-Cross Movement (30min):
5min Price Changes (%): []
Maximum Change: 0.000% after 0 minutes
Candle Analysis:
    Body Sizes (%): []
    Upper Shadows (%): []
    Lower Shadows (%): []
Volumes: []
==================================================
2025-05-14 00:16:11,583 - INFO - 
==================================================
EMA Cross Analysis - TIA/USDT
Time: 2025-05-14 00:15:00+09:00
Type: golden
Cross Character (Current): Weak
Cross Character (New): Weak
Price at Cross: 3.2083

1. Pre-Cross Pattern (15min):
EMA Distance Changes (%): ['0.103', '0.080', '0.042', '0.001']
EMA12 Changes (%): ['-0.052', '0.028', '0.063', '0.076']
Price Changes (%): ['0.079', '0.472', '0.253', '0.150']
Candle Analysis:
    Body Sizes (%): ['0.069', '0.484', '0.263', '0.140']
    Upper Shadows (%): ['0.289', '0.016', '0.516', '0.072']
    Lower Shadows (%): ['0.211', '0.195', '0.025', '0.000']
Volumes: [np.float64(147709.0), np.float64(112726.0), np.float64(299106.0), np.float64(20340.0)]
2025-05-14 00:16:11,583 - INFO - 
2. Post-Cross Movement (30min):
5min Price Changes (%): []
Maximum Change: 0.000% after 0 minutes
Candle Analysis:
    Body Sizes (%): []
    Upper Shadows (%): []
    Lower Shadows (%): []
Volumes: []
==================================================
2025-05-14 00:16:14,088 - INFO - 
==================================================
EMA Cross Analysis - ACX/USDT
Time: 2025-05-14 00:15:00+09:00
Type: golden
Cross Character (Current): Weak
Cross Character (New): Weak
Price at Cross: 0.2703

1. Pre-Cross Pattern (15min):
EMA Distance Changes (%): ['0.016', '0.025', '0.005', '0.026']
EMA12 Changes (%): ['0.004', '-0.019', '0.035', '0.058']
Price Changes (%): ['0.261', '-0.149', '0.335', '0.185']
Candle Analysis:
    Body Sizes (%): ['0.261', '0.149', '0.372', '0.111']
    Upper Shadows (%): ['0.074', '0.371', '0.558', '0.074']
    Lower Shadows (%): ['0.149', '0.223', '0.000', '0.000']
Volumes: [np.float64(31392.9), np.float64(143374.3), np.float64(65252.4), np.float64(2616.2)]
2025-05-14 00:16:14,088 - INFO - 
2. Post-Cross Movement (30min):
5min Price Changes (%): []
Maximum Change: 0.000% after 0 minutes
Candle Analysis:
    Body Sizes (%): []
    Upper Shadows (%): []
    Lower Shadows (%): []
Volumes: []
==================================================
2025-05-14 00:20:48,164 - INFO - 
==================================================
EMA Cross Analysis - TIA/USDT
Time: 2025-05-14 00:20:00+09:00
Type: golden
Cross Character (Current): Weak
Cross Character (New): Weak
Price at Cross: 3.2023

1. Pre-Cross Pattern (15min):
EMA Distance Changes (%): ['0.080', '0.042', '0.004', '0.016']
EMA12 Changes (%): ['0.028', '0.063', '0.068', '0.037']
Price Changes (%): ['0.472', '0.253', '0.094', '-0.131']
Candle Analysis:
    Body Sizes (%): ['0.484', '0.263', '0.084', '0.143']
    Upper Shadows (%): ['0.016', '0.516', '0.200', '0.016']
    Lower Shadows (%): ['0.195', '0.025', '0.062', '0.156']
Volumes: [np.float64(112726.0), np.float64(299106.0), np.float64(158351.0), np.float64(59767.0)]
2025-05-14 00:20:48,164 - INFO - 
2. Post-Cross Movement (30min):
5min Price Changes (%): []
Maximum Change: 0.000% after 0 minutes
Candle Analysis:
    Body Sizes (%): []
    Upper Shadows (%): []
    Lower Shadows (%): []
Volumes: []
==================================================
2025-05-14 00:20:50,804 - INFO - 
==================================================
EMA Cross Analysis - ACX/USDT
Time: 2025-05-14 00:15:00+09:00
Type: golden
Cross Character (Current): Weak
Cross Character (New): Weak
Price at Cross: 0.2701

1. Pre-Cross Pattern (15min):
EMA Distance Changes (%): ['0.016', '0.025', '0.005', '0.020']
EMA12 Changes (%): ['0.004', '-0.019', '0.035', '0.047']
Price Changes (%): ['0.261', '-0.149', '0.335', '0.111']
Candle Analysis:
    Body Sizes (%): ['0.261', '0.149', '0.372', '0.037']
    Upper Shadows (%): ['0.074', '0.371', '0.558', '0.185']
    Lower Shadows (%): ['0.149', '0.223', '0.000', '0.037']
Volumes: [np.float64(31392.9), np.float64(143374.3), np.float64(65252.4), np.float64(11531.1)]
2025-05-14 00:20:50,804 - INFO - 
2. Post-Cross Movement (30min):
5min Price Changes (%): ['-0.185']
Maximum Change: -0.185% after 5 minutes
Candle Analysis:
    Body Sizes (%): ['0.185']
    Upper Shadows (%): ['0.000']
    Lower Shadows (%): ['0.000']
Volumes: [np.float64(1007.8)]
==================================================
2025-05-14 00:20:51,026 - INFO - 
==================================================
EMA Cross Analysis - LINK/USDT
Time: 2025-05-14 00:15:00+09:00
Type: golden
Cross Character (Current): Weak
Cross Character (New): Weak
Price at Cross: 16.72

1. Pre-Cross Pattern (15min):
EMA Distance Changes (%): ['0.064', '0.047', '0.016', '0.000']
EMA12 Changes (%): ['-0.020', '0.024', '0.052', '0.030']
Price Changes (%): ['0.084', '0.264', '0.210', '-0.096']
Candle Analysis:
    Body Sizes (%): ['0.084', '0.270', '0.210', '0.102']
    Upper Shadows (%): ['0.054', '0.102', '0.527', '0.233']
    Lower Shadows (%): ['0.391', '0.192', '0.000', '0.048']
Volumes: [np.float64(203193.28), np.float64(100941.1), np.float64(143720.79), np.float64(71503.95)]
2025-05-14 00:20:51,027 - INFO - 
2. Post-Cross Movement (30min):
5min Price Changes (%): ['-0.072']
Maximum Change: -0.072% after 5 minutes
Candle Analysis:
    Body Sizes (%): ['0.066']
    Upper Shadows (%): ['0.042']
    Lower Shadows (%): ['0.042']
Volumes: [np.float64(10859.68)]
==================================================
2025-05-14 00:20:56,166 - INFO - 
==================================================
EMA Cross Analysis - ATA/USDT
Time: 2025-05-14 00:15:00+09:00
Type: dead
Cross Character (Current): Strong
Cross Character (New): Weak
Price at Cross: 0.0696

1. Pre-Cross Pattern (15min):
EMA Distance Changes (%): ['0.758', '0.390', '0.084', '0.110']
EMA12 Changes (%): ['-0.634', '-0.582', '-0.517', '-0.354']
Price Changes (%): ['-4.795', '-0.288', '-0.144', '0.578']
Candle Analysis:
    Body Sizes (%): ['4.925', '0.288', '0.288', '0.578']
    Upper Shadows (%): ['0.000', '0.288', '0.432', '0.145']
    Lower Shadows (%): ['5.198', '0.432', '0.000', '0.000']
Volumes: [np.float64(22205254.0), np.float64(1205605.0), np.float64(703917.0), np.float64(741019.0)]
2025-05-14 00:20:56,166 - INFO - 
2. Post-Cross Movement (30min):
5min Price Changes (%): ['-0.144']
Maximum Change: -0.144% after 5 minutes
Candle Analysis:
    Body Sizes (%): ['0.144']
    Upper Shadows (%): ['0.287']
    Lower Shadows (%): ['0.000']
Volumes: [np.float64(115622.0)]
==================================================
2025-05-14 00:20:56,899 - INFO - 
==================================================
EMA Cross Analysis - AVAX/USDT
Time: 2025-05-14 00:15:00+09:00
Type: golden
Cross Character (Current): Weak
Cross Character (New): Weak
Price at Cross: 24.734

1. Pre-Cross Pattern (15min):
EMA Distance Changes (%): ['0.077', '0.059', '0.018', '0.017']
EMA12 Changes (%): ['-0.009', '0.024', '0.071', '0.064']
Price Changes (%): ['-0.016', '0.203', '0.333', '0.024']
Candle Analysis:
    Body Sizes (%): ['0.028', '0.203', '0.337', '0.032']
    Upper Shadows (%): ['0.081', '0.159', '0.406', '0.231']
    Lower Shadows (%): ['0.236', '0.154', '0.012', '0.020']
Volumes: [np.float64(36262.0), np.float64(30330.0), np.float64(48120.0), np.float64(26460.0)]
2025-05-14 00:20:56,899 - INFO - 
2. Post-Cross Movement (30min):
5min Price Changes (%): ['-0.117']
Maximum Change: -0.117% after 5 minutes
Candle Analysis:
    Body Sizes (%): ['0.125']
    Upper Shadows (%): ['0.040']
    Lower Shadows (%): ['0.000']
Volumes: [np.float64(3779.0)]
==================================================
2025-05-14 00:20:58,536 - INFO - 
==================================================
EMA Cross Analysis - USUAL/USDT
Time: 2025-05-14 00:20:00+09:00
Type: golden
Cross Character (Current): Weak
Cross Character (New): Weak
Price at Cross: 0.1522

1. Pre-Cross Pattern (15min):
EMA Distance Changes (%): ['0.168', '0.085', '0.013', '0.022']
EMA12 Changes (%): ['0.151', '0.138', '0.127', '0.066']
Price Changes (%): ['0.661', '0.066', '0.066', '-0.262']
Candle Analysis:
    Body Sizes (%): ['0.594', '0.131', '0.066', '0.262']
    Upper Shadows (%): ['0.066', '0.591', '0.525', '0.066']
    Lower Shadows (%): ['0.264', '0.066', '0.131', '0.000']
Volumes: [np.float64(951552.0), np.float64(1174510.0), np.float64(936429.0), np.float64(123456.0)]
2025-05-14 00:20:58,536 - INFO - 
2. Post-Cross Movement (30min):
5min Price Changes (%): []
Maximum Change: 0.000% after 0 minutes
Candle Analysis:
    Body Sizes (%): []
    Upper Shadows (%): []
    Lower Shadows (%): []
Volumes: []
==================================================
2025-05-14 00:25:26,769 - INFO - 
==================================================
EMA Cross Analysis - TIA/USDT
Time: 2025-05-14 00:20:00+09:00
Type: golden
Cross Character (Current): Weak
Cross Character (New): Weak
Price at Cross: 3.2097

1. Pre-Cross Pattern (15min):
EMA Distance Changes (%): ['0.080', '0.042', '0.004', '0.034']
EMA12 Changes (%): ['0.028', '0.063', '0.068', '0.073']
Price Changes (%): ['0.472', '0.253', '0.094', '0.100']
Candle Analysis:
    Body Sizes (%): ['0.484', '0.263', '0.084', '0.087']
    Upper Shadows (%): ['0.016', '0.516', '0.200', '0.000']
    Lower Shadows (%): ['0.195', '0.025', '0.062', '0.299']
Volumes: [np.float64(112726.0), np.float64(299106.0), np.float64(158351.0), np.float64(169940.0)]
2025-05-14 00:25:26,769 - INFO - 
2. Post-Cross Movement (30min):
5min Price Changes (%): ['0.078']
Maximum Change: 0.078% after 5 minutes
Candle Analysis:
    Body Sizes (%): ['0.075']
    Upper Shadows (%): ['0.053']
    Lower Shadows (%): ['0.000']
Volumes: [np.float64(10525.0)]
==================================================
2025-05-14 00:25:30,896 - INFO - 
==================================================
EMA Cross Analysis - DOGE/USDT
Time: 2025-05-14 00:20:00+09:00
Type: golden
Cross Character (Current): Weak
Cross Character (New): Weak
Price at Cross: 0.22871

1. Pre-Cross Pattern (15min):
EMA Distance Changes (%): ['0.166', '0.083', '0.039', '0.007']
EMA12 Changes (%): ['0.088', '0.136', '0.074', '0.084']
Price Changes (%): ['0.414', '0.399', '-0.262', '0.136']
Candle Analysis:
    Body Sizes (%): ['0.418', '0.395', '0.262', '0.131']
    Upper Shadows (%): ['0.114', '0.438', '0.223', '0.127']
    Lower Shadows (%): ['0.207', '0.004', '0.013', '0.118']
Volumes: [np.float64(29585041.0), np.float64(53304205.0), np.float64(32143952.0), np.float64(20311676.0)]
2025-05-14 00:25:30,897 - INFO - 
2. Post-Cross Movement (30min):
5min Price Changes (%): ['0.184']
Maximum Change: 0.184% after 5 minutes
Candle Analysis:
    Body Sizes (%): ['0.188']
    Upper Shadows (%): ['0.013']
    Lower Shadows (%): ['0.000']
Volumes: [np.float64(1110546.0)]
==================================================
2025-05-14 00:25:32,515 - INFO - 
==================================================
EMA Cross Analysis - BNB/USDT
Time: 2025-05-14 00:20:00+09:00
Type: golden
Cross Character (Current): Weak
Cross Character (New): Weak
Price at Cross: 654.77

1. Pre-Cross Pattern (15min):
EMA Distance Changes (%): ['0.054', '0.026', '0.009', '0.003']
EMA12 Changes (%): ['0.038', '0.047', '0.029', '0.022']
Price Changes (%): ['0.205', '0.093', '-0.067', '-0.020']
Candle Analysis:
    Body Sizes (%): ['0.205', '0.093', '0.069', '0.020']
    Upper Shadows (%): ['0.041', '0.101', '0.085', '0.018']
    Lower Shadows (%): ['0.051', '0.002', '0.046', '0.072']
Volumes: [np.float64(4609.5), np.float64(3636.07), np.float64(1612.3), np.float64(1519.53)]
2025-05-14 00:25:32,515 - INFO - 
2. Post-Cross Movement (30min):
5min Price Changes (%): ['0.041']
Maximum Change: 0.041% after 5 minutes
Candle Analysis:
    Body Sizes (%): ['0.043']
    Upper Shadows (%): ['0.012']
    Lower Shadows (%): ['0.000']
Volumes: [np.float64(329.34)]
==================================================
2025-05-14 00:25:32,733 - INFO - 
==================================================
EMA Cross Analysis - THETA/USDT
Time: 2025-05-14 00:25:00+09:00
Type: golden
Cross Character (Current): Weak
Cross Character (New): Weak
Price at Cross: 1.0033

1. Pre-Cross Pattern (15min):
EMA Distance Changes (%): ['0.142', '0.079', '0.026', '0.023']
EMA12 Changes (%): ['0.090', '0.101', '0.092', '0.091']
Price Changes (%): ['0.230', '0.160', '0.040', '0.090']
Candle Analysis:
    Body Sizes (%): ['0.240', '0.220', '0.040', '0.080']
    Upper Shadows (%): ['0.361', '0.200', '0.000', '0.010']
    Lower Shadows (%): ['0.301', '0.000', '0.339', '0.000']
Volumes: [np.float64(186713.9), np.float64(51592.9), np.float64(46051.4), np.float64(3883.2)]
2025-05-14 00:25:32,733 - INFO - 
2. Post-Cross Movement (30min):
5min Price Changes (%): []
Maximum Change: 0.000% after 0 minutes
Candle Analysis:
    Body Sizes (%): []
    Upper Shadows (%): []
    Lower Shadows (%): []
Volumes: []
==================================================
2025-05-14 00:25:33,170 - INFO - 
==================================================
EMA Cross Analysis - EOS/USDT
Time: 2025-05-14 00:25:00+09:00
Type: golden
Cross Character (Current): Weak
Cross Character (New): Weak
Price at Cross: 0.866

1. Pre-Cross Pattern (15min):
EMA Distance Changes (%): ['0.077', '0.055', '0.028', '0.002']
EMA12 Changes (%): ['0.037', '0.031', '0.044', '0.055']
Price Changes (%): ['-0.116', '0.000', '0.116', '0.116']
Candle Analysis:
    Body Sizes (%): ['0.116', '0.116', '0.116', '0.116']
    Upper Shadows (%): ['0.347', '0.116', '0.231', '0.116']
    Lower Shadows (%): ['0.116', '0.116', '0.116', '0.000']
Volumes: [np.float64(387725.1), np.float64(274506.9), np.float64(331816.1), np.float64(46219.6)]
2025-05-14 00:25:33,170 - INFO - 
2. Post-Cross Movement (30min):
5min Price Changes (%): []
Maximum Change: 0.000% after 0 minutes
Candle Analysis:
    Body Sizes (%): []
    Upper Shadows (%): []
    Lower Shadows (%): []
Volumes: []
==================================================
2025-05-14 00:25:33,389 - INFO - 
==================================================
EMA Cross Analysis - XRP/USDT
Time: 2025-05-14 00:25:00+09:00
Type: golden
Cross Character (Current): Weak
Cross Character (New): Weak
Price at Cross: 2.5381

1. Pre-Cross Pattern (15min):
EMA Distance Changes (%): ['0.078', '0.049', '0.022', '0.005']
EMA12 Changes (%): ['0.089', '0.045', '0.045', '0.049']
Price Changes (%): ['0.185', '-0.193', '0.047', '0.067']
Candle Analysis:
    Body Sizes (%): ['0.185', '0.193', '0.043', '0.067']
    Upper Shadows (%): ['0.438', '0.165', '0.138', '0.020']
    Lower Shadows (%): ['0.020', '0.039', '0.087', '0.004']
Volumes: [np.float64(7419923.6), np.float64(2769116.0), np.float64(3794452.7), np.float64(97175.8)]
2025-05-14 00:25:33,389 - INFO - 
2. Post-Cross Movement (30min):
5min Price Changes (%): []
Maximum Change: 0.000% after 0 minutes
Candle Analysis:
    Body Sizes (%): []
    Upper Shadows (%): []
    Lower Shadows (%): []
Volumes: []
==================================================
2025-05-14 00:25:36,919 - INFO - 
==================================================
EMA Cross Analysis - USUAL/USDT
Time: 2025-05-14 00:20:00+09:00
Type: golden
Cross Character (Current): Weak
Cross Character (New): Weak
Price at Cross: 0.1525

1. Pre-Cross Pattern (15min):
EMA Distance Changes (%): ['0.168', '0.085', '0.013', '0.038']
EMA12 Changes (%): ['0.151', '0.138', '0.127', '0.097']
Price Changes (%): ['0.661', '0.066', '0.066', '-0.066']
Candle Analysis:
    Body Sizes (%): ['0.594', '0.131', '0.066', '0.066']
    Upper Shadows (%): ['0.066', '0.591', '0.525', '0.197']
    Lower Shadows (%): ['0.264', '0.066', '0.131', '0.328']
Volumes: [np.float64(951552.0), np.float64(1174510.0), np.float64(936429.0), np.float64(471523.0)]
2025-05-14 00:25:36,919 - INFO - 
2. Post-Cross Movement (30min):
5min Price Changes (%): ['0.197']
Maximum Change: 0.197% after 5 minutes
Candle Analysis:
    Body Sizes (%): ['0.197']
    Upper Shadows (%): ['0.066']
    Lower Shadows (%): ['0.000']
Volumes: [np.float64(51398.0)]
==================================================
2025-05-14 00:30:05,927 - INFO - 
==================================================
EMA Cross Analysis - BOME/USDT
Time: 2025-05-14 00:30:00+09:00
Type: golden
Cross Character (Current): Strong
Cross Character (New): Weak
Price at Cross: 0.002502

1. Pre-Cross Pattern (15min):
EMA Distance Changes (%): ['0.392', '0.256', '0.094', '0.039']
EMA12 Changes (%): ['0.218', '0.209', '0.277', '0.246']
Price Changes (%): ['0.446', '0.161', '0.644', '0.080']
Candle Analysis:
    Body Sizes (%): ['0.446', '0.161', '0.685', '0.080']
    Upper Shadows (%): ['0.567', '0.000', '0.403', '0.000']
    Lower Shadows (%): ['0.000', '0.645', '0.322', '0.120']
Volumes: [np.float64(159923630.0), np.float64(96499021.0), np.float64(175834765.0), np.float64(25201571.0)]
2025-05-14 00:30:05,927 - INFO - 
2. Post-Cross Movement (30min):
5min Price Changes (%): []
Maximum Change: 0.000% after 0 minutes
Candle Analysis:
    Body Sizes (%): []
    Upper Shadows (%): []
    Lower Shadows (%): []
Volumes: []
==================================================
2025-05-14 00:30:06,799 - INFO - 
==================================================
EMA Cross Analysis - NEAR/USDT
Time: 2025-05-14 00:30:00+09:00
Type: golden
Cross Character (Current): Weak
Cross Character (New): Weak
Price at Cross: 3.123

1. Pre-Cross Pattern (15min):
EMA Distance Changes (%): ['0.088', '0.080', '0.019', '0.024']
EMA12 Changes (%): ['0.045', '0.003', '0.107', '0.080']
Price Changes (%): ['-0.128', '-0.225', '0.677', '-0.064']
Candle Analysis:
    Body Sizes (%): ['0.128', '0.193', '0.644', '0.032']
    Upper Shadows (%): ['0.289', '0.032', '0.097', '0.000']
    Lower Shadows (%): ['0.096', '0.129', '0.000', '0.032']
Volumes: [np.float64(124165.0), np.float64(93636.0), np.float64(101858.0), np.float64(4042.0)]
2025-05-14 00:30:06,799 - INFO - 
2. Post-Cross Movement (30min):
5min Price Changes (%): []
Maximum Change: 0.000% after 0 minutes
Candle Analysis:
    Body Sizes (%): []
    Upper Shadows (%): []
    Lower Shadows (%): []
Volumes: []
==================================================
2025-05-14 00:30:08,758 - INFO - 
==================================================
EMA Cross Analysis - ATOM/USDT
Time: 2025-05-14 00:30:00+09:00
Type: golden
Cross Character (Current): Weak
Cross Character (New): Weak
Price at Cross: 5.137

1. Pre-Cross Pattern (15min):
EMA Distance Changes (%): ['0.076', '0.055', '0.004', '0.033']
EMA12 Changes (%): ['0.066', '0.029', '0.091', '0.071']
Price Changes (%): ['0.059', '-0.176', '0.430', '-0.039']
Candle Analysis:
    Body Sizes (%): ['0.078', '0.156', '0.410', '0.019']
    Upper Shadows (%): ['0.215', '0.020', '0.039', '0.000']
    Lower Shadows (%): ['0.000', '0.020', '0.000', '0.019']
Volumes: [np.float64(34795.98), np.float64(26405.37), np.float64(51856.46), np.float64(1280.81)]
2025-05-14 00:30:08,759 - INFO - 
2. Post-Cross Movement (30min):
5min Price Changes (%): []
Maximum Change: 0.000% after 0 minutes
Candle Analysis:
    Body Sizes (%): []
    Upper Shadows (%): []
    Lower Shadows (%): []
Volumes: []
==================================================
2025-05-14 00:30:09,848 - INFO - 
==================================================
EMA Cross Analysis - GALA/USDT
Time: 2025-05-14 00:30:00+09:00
Type: golden
Cross Character (Current): Weak
Cross Character (New): Weak
Price at Cross: 0.0215

1. Pre-Cross Pattern (15min):
EMA Distance Changes (%): ['0.113', '0.089', '0.028', '0.023']
EMA12 Changes (%): ['0.053', '0.030', '0.105', '0.096']
Price Changes (%): ['-0.093', '-0.093', '0.514', '0.047']
Candle Analysis:
    Body Sizes (%): ['0.093', '0.047', '0.468', '0.047']
    Upper Shadows (%): ['0.420', '0.140', '0.187', '0.000']
    Lower Shadows (%): ['0.047', '0.281', '0.047', '0.047']
Volumes: [np.float64(13981987.0), np.float64(16468413.0), np.float64(8507941.0), np.float64(507085.0)]
2025-05-14 00:30:09,849 - INFO - 
2. Post-Cross Movement (30min):
5min Price Changes (%): []
Maximum Change: 0.000% after 0 minutes
Candle Analysis:
    Body Sizes (%): []
    Upper Shadows (%): []
    Lower Shadows (%): []
Volumes: []
==================================================
2025-05-14 00:30:10,588 - INFO - 
==================================================
EMA Cross Analysis - DOT/USDT
Time: 2025-05-14 00:25:00+09:00
Type: golden
Cross Character (Current): Weak
Cross Character (New): Weak
Price at Cross: 5.035

1. Pre-Cross Pattern (15min):
EMA Distance Changes (%): ['0.083', '0.055', '0.037', '0.009']
EMA12 Changes (%): ['0.068', '0.042', '0.026', '0.084']
Price Changes (%): ['0.259', '-0.100', '-0.060', '0.399']
Candle Analysis:
    Body Sizes (%): ['0.279', '0.100', '0.060', '0.379']
    Upper Shadows (%): ['0.319', '0.299', '0.219', '0.040']
    Lower Shadows (%): ['0.020', '0.040', '0.060', '0.020']
Volumes: [np.float64(161376.0), np.float64(145298.3), np.float64(104122.7), np.float64(132653.0)]
2025-05-14 00:30:10,588 - INFO - 
2. Post-Cross Movement (30min):
5min Price Changes (%): ['-0.040']
Maximum Change: -0.040% after 5 minutes
Candle Analysis:
    Body Sizes (%): ['0.040']
    Upper Shadows (%): ['0.000']
    Lower Shadows (%): ['0.020']
Volumes: [np.float64(3126.2)]
==================================================
2025-05-14 00:30:11,245 - INFO - 
==================================================
EMA Cross Analysis - THETA/USDT
Time: 2025-05-14 00:25:00+09:00
Type: golden
Cross Character (Current): Weak
Cross Character (New): Weak
Price at Cross: 1.0054

1. Pre-Cross Pattern (15min):
EMA Distance Changes (%): ['0.142', '0.079', '0.026', '0.040']
EMA12 Changes (%): ['0.090', '0.101', '0.092', '0.124']
Price Changes (%): ['0.230', '0.160', '0.040', '0.299']
Candle Analysis:
    Body Sizes (%): ['0.240', '0.220', '0.040', '0.289']
    Upper Shadows (%): ['0.361', '0.200', '0.000', '0.130']
    Lower Shadows (%): ['0.301', '0.000', '0.339', '0.000']
Volumes: [np.float64(186713.9), np.float64(51592.9), np.float64(46051.4), np.float64(73205.9)]
2025-05-14 00:30:11,245 - INFO - 
2. Post-Cross Movement (30min):
5min Price Changes (%): ['-0.030']
Maximum Change: -0.030% after 5 minutes
Candle Analysis:
    Body Sizes (%): ['0.020']
    Upper Shadows (%): ['0.000']
    Lower Shadows (%): ['0.010']
Volumes: [np.float64(334.2)]
==================================================
2025-05-14 00:30:11,462 - INFO - 
==================================================
EMA Cross Analysis - ARPA/USDT
Time: 2025-05-14 00:30:00+09:00
Type: golden
Cross Character (Current): Weak
Cross Character (New): Weak
Price at Cross: 0.02722

1. Pre-Cross Pattern (15min):
EMA Distance Changes (%): ['0.105', '0.059', '0.017', '0.016']
EMA12 Changes (%): ['0.073', '0.073', '0.073', '0.062']
Price Changes (%): ['0.110', '0.074', '0.074', '0.000']
Candle Analysis:
    Body Sizes (%): ['0.074', '0.110', '0.074', '0.000']
    Upper Shadows (%): ['0.184', '0.074', '0.110', '0.000']
    Lower Shadows (%): ['0.037', '0.184', '0.037', '0.000']
Volumes: [np.float64(738358.0), np.float64(376592.0), np.float64(295421.0), np.float64(0.0)]
2025-05-14 00:30:11,462 - INFO - 
2. Post-Cross Movement (30min):
5min Price Changes (%): []
Maximum Change: 0.000% after 0 minutes
Candle Analysis:
    Body Sizes (%): []
    Upper Shadows (%): []
    Lower Shadows (%): []
Volumes: []
==================================================
2025-05-14 00:30:11,682 - INFO - 
==================================================
EMA Cross Analysis - EOS/USDT
Time: 2025-05-14 00:25:00+09:00
Type: golden
Cross Character (Current): Weak
Cross Character (New): Weak
Price at Cross: 0.871

1. Pre-Cross Pattern (15min):
EMA Distance Changes (%): ['0.077', '0.055', '0.028', '0.048']
EMA12 Changes (%): ['0.037', '0.031', '0.044', '0.144']
Price Changes (%): ['-0.116', '0.000', '0.116', '0.694']
Candle Analysis:
    Body Sizes (%): ['0.116', '0.116', '0.116', '0.694']
    Upper Shadows (%): ['0.347', '0.116', '0.231', '0.116']
    Lower Shadows (%): ['0.116', '0.116', '0.116', '0.000']
Volumes: [np.float64(387725.1), np.float64(274506.9), np.float64(331816.1), np.float64(703998.7)]
2025-05-14 00:30:11,682 - INFO - 
2. Post-Cross Movement (30min):
5min Price Changes (%): ['-0.230']
Maximum Change: -0.230% after 5 minutes
Candle Analysis:
    Body Sizes (%): ['0.115']
    Upper Shadows (%): ['0.115']
    Lower Shadows (%): ['0.000']
Volumes: [np.float64(84701.0)]
==================================================
2025-05-14 00:30:11,894 - INFO - 
==================================================
EMA Cross Analysis - XRP/USDT
Time: 2025-05-14 00:25:00+09:00
Type: golden
Cross Character (Current): Weak
Cross Character (New): Weak
Price at Cross: 2.5408

1. Pre-Cross Pattern (15min):
EMA Distance Changes (%): ['0.078', '0.049', '0.022', '0.013']
EMA12 Changes (%): ['0.089', '0.045', '0.045', '0.065']
Price Changes (%): ['0.185', '-0.193', '0.047', '0.173']
Candle Analysis:
    Body Sizes (%): ['0.185', '0.193', '0.043', '0.173']
    Upper Shadows (%): ['0.438', '0.165', '0.138', '0.205']
    Lower Shadows (%): ['0.020', '0.039', '0.087', '0.004']
Volumes: [np.float64(7419923.6), np.float64(2769116.0), np.float64(3794452.7), np.float64(1716064.1)]
2025-05-14 00:30:11,894 - INFO - 
2. Post-Cross Movement (30min):
5min Price Changes (%): ['-0.016']
Maximum Change: -0.016% after 5 minutes
Candle Analysis:
    Body Sizes (%): ['0.020']
    Upper Shadows (%): ['0.008']
    Lower Shadows (%): ['0.012']
Volumes: [np.float64(36576.4)]
==================================================
2025-05-14 00:30:12,113 - INFO - 
==================================================
EMA Cross Analysis - ADA/USDT
Time: 2025-05-14 00:30:00+09:00
Type: golden
Cross Character (Current): Weak
Cross Character (New): Weak
Price at Cross: 0.8028

1. Pre-Cross Pattern (15min):
EMA Distance Changes (%): ['0.098', '0.061', '0.009', '0.029']
EMA12 Changes (%): ['0.039', '0.058', '0.092', '0.072']
Price Changes (%): ['-0.075', '0.163', '0.275', '-0.037']
Candle Analysis:
    Body Sizes (%): ['0.087', '0.150', '0.275', '0.025']
    Upper Shadows (%): ['0.200', '0.050', '0.087', '0.012']
    Lower Shadows (%): ['0.025', '0.138', '0.000', '0.012']
Volumes: [np.float64(1952538.0), np.float64(1448606.0), np.float64(1978099.0), np.float64(41088.0)]
2025-05-14 00:30:12,113 - INFO - 
2. Post-Cross Movement (30min):
5min Price Changes (%): []
Maximum Change: 0.000% after 0 minutes
Candle Analysis:
    Body Sizes (%): []
    Upper Shadows (%): []
    Lower Shadows (%): []
Volumes: []
==================================================
2025-05-14 00:30:12,334 - INFO - 
==================================================
EMA Cross Analysis - WLD/USDT
Time: 2025-05-14 00:25:00+09:00
Type: golden
Cross Character (Current): Weak
Cross Character (New): Weak
Price at Cross: 1.2695

1. Pre-Cross Pattern (15min):
EMA Distance Changes (%): ['0.086', '0.041', '0.025', '0.022']
EMA12 Changes (%): ['0.044', '0.074', '0.026', '0.088']
Price Changes (%): ['0.111', '0.237', '-0.237', '0.427']
Candle Analysis:
    Body Sizes (%): ['0.119', '0.237', '0.229', '0.419']
    Upper Shadows (%): ['0.539', '0.229', '0.016', '0.269']
    Lower Shadows (%): ['0.040', '0.000', '0.253', '0.008']
Volumes: [np.float64(528365.0), np.float64(433465.0), np.float64(230938.0), np.float64(457005.0)]
2025-05-14 00:30:12,334 - INFO - 
2. Post-Cross Movement (30min):
5min Price Changes (%): ['0.055']
Maximum Change: 0.055% after 5 minutes
Candle Analysis:
    Body Sizes (%): ['0.063']
    Upper Shadows (%): ['0.032']
    Lower Shadows (%): ['0.016']
Volumes: [np.float64(33413.0)]
==================================================
2025-05-14 00:30:12,554 - INFO - 
==================================================
EMA Cross Analysis - RENDER/USDT
Time: 2025-05-14 00:25:00+09:00
Type: golden
Cross Character (Current): Weak
Cross Character (New): Weak
Price at Cross: 5.159

1. Pre-Cross Pattern (15min):
EMA Distance Changes (%): ['0.117', '0.086', '0.049', '0.009']
EMA12 Changes (%): ['0.059', '0.044', '0.058', '0.106']
Price Changes (%): ['0.411', '-0.039', '0.136', '0.370']
Candle Analysis:
    Body Sizes (%): ['0.391', '0.039', '0.175', '0.350']
    Upper Shadows (%): ['0.430', '0.351', '0.097', '0.214']
    Lower Shadows (%): ['0.000', '0.078', '0.156', '0.000']
Volumes: [np.float64(52397.0), np.float64(28016.3), np.float64(30608.3), np.float64(51905.3)]
2025-05-14 00:30:12,555 - INFO - 
2. Post-Cross Movement (30min):
5min Price Changes (%): ['0.000']
Maximum Change: 0.000% after 0 minutes
Candle Analysis:
    Body Sizes (%): ['0.019']
    Upper Shadows (%): ['0.019']
    Lower Shadows (%): ['0.019']
Volumes: [np.float64(1930.7)]
==================================================
2025-05-14 00:30:14,024 - INFO - 
==================================================
EMA Cross Analysis - MOVE/USDT
Time: 2025-05-14 00:30:00+09:00
Type: golden
Cross Character (Current): Weak
Cross Character (New): Weak
Price at Cross: 0.2251

1. Pre-Cross Pattern (15min):
EMA Distance Changes (%): ['0.138', '0.098', '0.026', '0.033']
EMA12 Changes (%): ['0.059', '0.057', '0.124', '0.112']
Price Changes (%): ['0.000', '0.045', '0.491', '0.044']
Candle Analysis:
    Body Sizes (%): ['0.000', '0.045', '0.446', '0.044']
    Upper Shadows (%): ['0.268', '0.134', '0.134', '0.044']
    Lower Shadows (%): ['0.089', '0.402', '0.000', '0.000']
Volumes: [np.float64(751894.0), np.float64(518288.0), np.float64(892862.0), np.float64(83793.0)]
2025-05-14 00:30:14,024 - INFO - 
2. Post-Cross Movement (30min):
5min Price Changes (%): []
Maximum Change: 0.000% after 0 minutes
Candle Analysis:
    Body Sizes (%): []
    Upper Shadows (%): []
    Lower Shadows (%): []
Volumes: []
==================================================
2025-05-14 00:30:16,339 - INFO - 
==================================================
EMA Cross Analysis - MELANIA/USDT
Time: 2025-05-14 00:25:00+09:00
Type: golden
Cross Character (Current): Weak
Cross Character (New): Weak
Price at Cross: 0.3827

1. Pre-Cross Pattern (15min):
EMA Distance Changes (%): ['0.137', '0.088', '0.056', '0.006']
EMA12 Changes (%): ['0.047', '0.076', '0.048', '0.114']
Price Changes (%): ['0.237', '0.237', '-0.105', '0.473']
Candle Analysis:
    Body Sizes (%): ['0.237', '0.210', '0.105', '0.473']
    Upper Shadows (%): ['0.474', '0.184', '0.000', '0.210']
    Lower Shadows (%): ['0.053', '0.000', '0.262', '0.000']
Volumes: [np.float64(177000.53), np.float64(128208.82), np.float64(84063.27), np.float64(137308.16)]
2025-05-14 00:30:16,340 - INFO - 
2. Post-Cross Movement (30min):
5min Price Changes (%): ['-0.026']
Maximum Change: -0.026% after 5 minutes
Candle Analysis:
    Body Sizes (%): ['0.000']
    Upper Shadows (%): ['0.078']
    Lower Shadows (%): ['0.026']
Volumes: [np.float64(22614.08)]
==================================================
2025-05-14 00:35:53,090 - INFO - 
==================================================
EMA Cross Analysis - BOME/USDT
Time: 2025-05-14 00:35:00+09:00
Type: golden
Cross Character (Current): Strong
Cross Character (New): Weak
Price at Cross: 0.00249

1. Pre-Cross Pattern (15min):
EMA Distance Changes (%): ['0.256', '0.094', '0.003', '0.072']
EMA12 Changes (%): ['0.209', '0.277', '0.165', '0.146']
Price Changes (%): ['0.161', '0.644', '-0.440', '0.040']
Candle Analysis:
    Body Sizes (%): ['0.161', '0.685', '0.440', '0.040']
    Upper Shadows (%): ['0.000', '0.403', '0.520', '0.000']
    Lower Shadows (%): ['0.645', '0.322', '0.120', '0.201']
Volumes: [np.float64(96499021.0), np.float64(175834765.0), np.float64(230894412.0), np.float64(42345875.0)]
2025-05-14 00:35:53,090 - INFO - 
2. Post-Cross Movement (30min):
5min Price Changes (%): []
Maximum Change: 0.000% after 0 minutes
Candle Analysis:
    Body Sizes (%): []
    Upper Shadows (%): []
    Lower Shadows (%): []
Volumes: []
==================================================
2025-05-14 00:35:53,957 - INFO - 
==================================================
EMA Cross Analysis - NEAR/USDT
Time: 2025-05-14 00:30:00+09:00
Type: golden
Cross Character (Current): Weak
Cross Character (New): Weak
Price at Cross: 3.115

1. Pre-Cross Pattern (15min):
EMA Distance Changes (%): ['0.088', '0.080', '0.019', '0.004']
EMA12 Changes (%): ['0.045', '0.003', '0.107', '0.041']
Price Changes (%): ['-0.128', '-0.225', '0.677', '-0.320']
Candle Analysis:
    Body Sizes (%): ['0.128', '0.193', '0.644', '0.288']
    Upper Shadows (%): ['0.289', '0.032', '0.097', '0.192']
    Lower Shadows (%): ['0.096', '0.129', '0.000', '0.032']
Volumes: [np.float64(124165.0), np.float64(93636.0), np.float64(101858.0), np.float64(87863.0)]
2025-05-14 00:35:53,957 - INFO - 
2. Post-Cross Movement (30min):
5min Price Changes (%): ['-0.032']
Maximum Change: -0.032% after 5 minutes
Candle Analysis:
    Body Sizes (%): ['0.032']
    Upper Shadows (%): ['0.032']
    Lower Shadows (%): ['0.032']
Volumes: [np.float64(8198.0)]
==================================================
2025-05-14 00:35:55,919 - INFO - 
==================================================
EMA Cross Analysis - ATOM/USDT
Time: 2025-05-14 00:30:00+09:00
Type: golden
Cross Character (Current): Weak
Cross Character (New): Weak
Price at Cross: 5.118

1. Pre-Cross Pattern (15min):
EMA Distance Changes (%): ['0.076', '0.055', '0.004', '0.003']
EMA12 Changes (%): ['0.066', '0.029', '0.091', '0.014']
Price Changes (%): ['0.059', '-0.176', '0.430', '-0.409']
Candle Analysis:
    Body Sizes (%): ['0.078', '0.156', '0.410', '0.389']
    Upper Shadows (%): ['0.215', '0.020', '0.039', '0.058']
    Lower Shadows (%): ['0.000', '0.020', '0.000', '0.000']
Volumes: [np.float64(34795.98), np.float64(26405.37), np.float64(51856.46), np.float64(32535.64)]
2025-05-14 00:35:55,919 - INFO - 
2. Post-Cross Movement (30min):
5min Price Changes (%): ['0.000']
Maximum Change: 0.000% after 0 minutes
Candle Analysis:
    Body Sizes (%): ['0.000']
    Upper Shadows (%): ['0.039']
    Lower Shadows (%): ['0.039']
Volumes: [np.float64(5152.6)]
==================================================
2025-05-14 00:35:57,010 - INFO - 
==================================================
EMA Cross Analysis - GALA/USDT
Time: 2025-05-14 00:30:00+09:00
Type: golden
Cross Character (Current): Weak
Cross Character (New): Weak
Price at Cross: 0.02146

1. Pre-Cross Pattern (15min):
EMA Distance Changes (%): ['0.113', '0.089', '0.028', '0.008']
EMA12 Changes (%): ['0.053', '0.030', '0.105', '0.067']
Price Changes (%): ['-0.093', '-0.093', '0.514', '-0.140']
Candle Analysis:
    Body Sizes (%): ['0.093', '0.047', '0.468', '0.140']
    Upper Shadows (%): ['0.420', '0.140', '0.187', '0.233']
    Lower Shadows (%): ['0.047', '0.281', '0.047', '0.047']
Volumes: [np.float64(13981987.0), np.float64(16468413.0), np.float64(8507941.0), np.float64(8320065.0)]
2025-05-14 00:35:57,010 - INFO - 
2. Post-Cross Movement (30min):
5min Price Changes (%): ['-0.047']
Maximum Change: -0.047% after 5 minutes
Candle Analysis:
    Body Sizes (%): ['0.047']
    Upper Shadows (%): ['0.093']
    Lower Shadows (%): ['0.047']
Volumes: [np.float64(1824586.0)]
==================================================
2025-05-14 00:35:59,298 - INFO - 
==================================================
EMA Cross Analysis - ADA/USDT
Time: 2025-05-14 00:30:00+09:00
Type: golden
Cross Character (Current): Weak
Cross Character (New): Weak
Price at Cross: 0.8011

1. Pre-Cross Pattern (15min):
EMA Distance Changes (%): ['0.098', '0.061', '0.009', '0.012']
EMA12 Changes (%): ['0.039', '0.058', '0.092', '0.039']
Price Changes (%): ['-0.075', '0.163', '0.275', '-0.249']
Candle Analysis:
    Body Sizes (%): ['0.087', '0.150', '0.275', '0.237']
    Upper Shadows (%): ['0.200', '0.050', '0.087', '0.100']
    Lower Shadows (%): ['0.025', '0.138', '0.000', '0.012']
Volumes: [np.float64(1952538.0), np.float64(1448606.0), np.float64(1978099.0), np.float64(1905560.0)]
2025-05-14 00:35:59,298 - INFO - 
2. Post-Cross Movement (30min):
5min Price Changes (%): ['-0.100']
Maximum Change: -0.100% after 5 minutes
Candle Analysis:
    Body Sizes (%): ['0.087']
    Upper Shadows (%): ['0.037']
    Lower Shadows (%): ['0.025']
Volumes: [np.float64(318315.0)]
==================================================
2025-05-14 00:36:01,195 - INFO - 
==================================================
EMA Cross Analysis - MOVE/USDT
Time: 2025-05-14 00:30:00+09:00
Type: golden
Cross Character (Current): Weak
Cross Character (New): Weak
Price at Cross: 0.225

1. Pre-Cross Pattern (15min):
EMA Distance Changes (%): ['0.138', '0.098', '0.026', '0.030']
EMA12 Changes (%): ['0.059', '0.057', '0.124', '0.105']
Price Changes (%): ['0.000', '0.045', '0.491', '0.000']
Candle Analysis:
    Body Sizes (%): ['0.000', '0.045', '0.446', '0.000']
    Upper Shadows (%): ['0.268', '0.134', '0.134', '0.311']
    Lower Shadows (%): ['0.089', '0.402', '0.000', '0.044']
Volumes: [np.float64(751894.0), np.float64(518288.0), np.float64(892862.0), np.float64(890493.0)]
2025-05-14 00:36:01,195 - INFO - 
2. Post-Cross Movement (30min):
5min Price Changes (%): ['-0.222']
Maximum Change: -0.222% after 5 minutes
Candle Analysis:
    Body Sizes (%): ['0.178']
    Upper Shadows (%): ['0.044']
    Lower Shadows (%): ['0.000']
Volumes: [np.float64(114805.0)]
==================================================
2025-05-14 00:36:01,851 - INFO - 
==================================================
EMA Cross Analysis - COW/USDT
Time: 2025-05-14 00:35:00+09:00
Type: golden
Cross Character (Current): Weak
Cross Character (New): Weak
Price at Cross: 0.3922

1. Pre-Cross Pattern (15min):
EMA Distance Changes (%): ['0.202', '0.124', '0.039', '0.012']
EMA12 Changes (%): ['0.002', '0.120', '0.145', '0.095']
Price Changes (%): ['-0.257', '0.772', '0.281', '-0.178']
Candle Analysis:
    Body Sizes (%): ['0.282', '0.746', '0.332', '0.102']
    Upper Shadows (%): ['0.000', '0.154', '0.102', '0.000']
    Lower Shadows (%): ['0.103', '0.000', '0.000', '0.127']
Volumes: [np.float64(17813.0), np.float64(205557.0), np.float64(104767.0), np.float64(7506.0)]
2025-05-14 00:36:01,851 - INFO - 
2. Post-Cross Movement (30min):
5min Price Changes (%): []
Maximum Change: 0.000% after 0 minutes
Candle Analysis:
    Body Sizes (%): []
    Upper Shadows (%): []
    Lower Shadows (%): []
Volumes: []
==================================================
2025-05-14 00:40:31,002 - INFO - 
==================================================
EMA Cross Analysis - BOME/USDT
Time: 2025-05-14 00:35:00+09:00
Type: golden
Cross Character (Current): Strong
Cross Character (New): Weak
Price at Cross: 0.002515

1. Pre-Cross Pattern (15min):
EMA Distance Changes (%): ['0.256', '0.094', '0.003', '0.151']
EMA12 Changes (%): ['0.209', '0.277', '0.165', '0.302']
Price Changes (%): ['0.161', '0.644', '-0.440', '1.045']
Candle Analysis:
    Body Sizes (%): ['0.161', '0.685', '0.440', '1.045']
    Upper Shadows (%): ['0.000', '0.403', '0.520', '0.000']
    Lower Shadows (%): ['0.645', '0.322', '0.120', '0.201']
Volumes: [np.float64(96499021.0), np.float64(175834765.0), np.float64(230894412.0), np.float64(209982116.0)]
2025-05-14 00:40:31,002 - INFO - 
2. Post-Cross Movement (30min):
5min Price Changes (%): ['-0.040']
Maximum Change: -0.040% after 5 minutes
Candle Analysis:
    Body Sizes (%): ['0.040']
    Upper Shadows (%): ['0.119']
    Lower Shadows (%): ['0.000']
Volumes: [np.float64(12136157.0)]
==================================================
2025-05-14 00:40:32,751 - INFO - 
==================================================
EMA Cross Analysis - 1000PEPE/USDT
Time: 2025-05-14 00:35:00+09:00
Type: golden
Cross Character (Current): Weak
Cross Character (New): Weak
Price at Cross: 0.0141833

1. Pre-Cross Pattern (15min):
EMA Distance Changes (%): ['0.182', '0.102', '0.053', '0.083']
EMA12 Changes (%): ['0.027', '0.127', '0.080', '0.259']
Price Changes (%): ['0.152', '0.679', '-0.175', '1.237']
Candle Analysis:
    Body Sizes (%): ['0.145', '0.674', '0.181', '1.236']
    Upper Shadows (%): ['0.078', '0.450', '0.276', '0.147']
    Lower Shadows (%): ['0.385', '0.000', '0.071', '0.382']
Volumes: [np.float64(359454108.0), np.float64(630927720.0), np.float64(403771679.0), np.float64(752258103.0)]
2025-05-14 00:40:32,751 - INFO - 
2. Post-Cross Movement (30min):
5min Price Changes (%): ['-0.057']
Maximum Change: -0.057% after 5 minutes
Candle Analysis:
    Body Sizes (%): ['0.059']
    Upper Shadows (%): ['0.446']
    Lower Shadows (%): ['0.140']
Volumes: [np.float64(240074199.0)]
==================================================
2025-05-14 00:40:33,619 - INFO - 
==================================================
EMA Cross Analysis - MOODENG/USDT
Time: 2025-05-14 00:40:00+09:00
Type: golden
Cross Character (Current): Strong
Cross Character (New): Weak
Price at Cross: 0.31717

1. Pre-Cross Pattern (15min):
EMA Distance Changes (%): ['0.334', '0.252', '0.085', '0.140']
EMA12 Changes (%): ['0.309', '0.117', '0.285', '0.433']
Price Changes (%): ['0.755', '-0.919', '1.202', '1.232']
Candle Analysis:
    Body Sizes (%): ['0.748', '0.909', '1.208', '1.235']
    Upper Shadows (%): ['0.603', '0.176', '0.271', '0.658']
    Lower Shadows (%): ['0.042', '0.416', '0.042', '0.176']
Volumes: [np.float64(19963593.0), np.float64(23334588.0), np.float64(16690047.0), np.float64(10853629.0)]
2025-05-14 00:40:33,619 - INFO - 
2. Post-Cross Movement (30min):
5min Price Changes (%): []
Maximum Change: 0.000% after 0 minutes
Candle Analysis:
    Body Sizes (%): []
    Upper Shadows (%): []
    Lower Shadows (%): []
Volumes: []
==================================================
2025-05-14 00:40:36,539 - INFO - 
==================================================
EMA Cross Analysis - ARPA/USDT
Time: 2025-05-14 00:35:00+09:00
Type: golden
Cross Character (Current): Weak
Cross Character (New): Weak
Price at Cross: 0.02719

1. Pre-Cross Pattern (15min):
EMA Distance Changes (%): ['0.059', '0.017', '0.011', '0.012']
EMA12 Changes (%): ['0.073', '0.073', '0.011', '0.043']
Price Changes (%): ['0.074', '0.074', '-0.331', '0.221']
Candle Analysis:
    Body Sizes (%): ['0.110', '0.074', '0.294', '0.258']
    Upper Shadows (%): ['0.074', '0.110', '0.074', '0.000']
    Lower Shadows (%): ['0.184', '0.037', '0.000', '0.037']
Volumes: [np.float64(376592.0), np.float64(295421.0), np.float64(305978.0), np.float64(188591.0)]
2025-05-14 00:40:36,539 - INFO - 
2. Post-Cross Movement (30min):
5min Price Changes (%): ['0.037']
Maximum Change: 0.037% after 5 minutes
Candle Analysis:
    Body Sizes (%): ['0.074']
    Upper Shadows (%): ['0.074']
    Lower Shadows (%): ['0.000']
Volumes: [np.float64(59716.0)]
==================================================
2025-05-14 00:40:38,674 - INFO - 
==================================================
EMA Cross Analysis - SUI/USDT
Time: 2025-05-14 00:40:00+09:00
Type: golden
Cross Character (Current): Weak
Cross Character (New): Weak
Price at Cross: 4.0102

1. Pre-Cross Pattern (15min):
EMA Distance Changes (%): ['0.087', '0.083', '0.014', '0.044']
EMA12 Changes (%): ['0.043', '-0.003', '0.121', '0.111']
Price Changes (%): ['0.231', '-0.258', '0.805', '0.057']
Candle Analysis:
    Body Sizes (%): ['0.234', '0.258', '0.810', '0.057']
    Upper Shadows (%): ['0.216', '0.196', '0.239', '0.082']
    Lower Shadows (%): ['0.000', '0.023', '0.068', '0.000']
Volumes: [np.float64(488437.4), np.float64(496541.9), np.float64(2834616.3), np.float64(191777.8)]
2025-05-14 00:40:38,674 - INFO - 
2. Post-Cross Movement (30min):
5min Price Changes (%): []
Maximum Change: 0.000% after 0 minutes
Candle Analysis:
    Body Sizes (%): []
    Upper Shadows (%): []
    Lower Shadows (%): []
Volumes: []
==================================================
2025-05-14 00:40:39,543 - INFO - 
==================================================
EMA Cross Analysis - HIVE/USDT
Time: 2025-05-14 00:40:00+09:00
Type: golden
Cross Character (Current): Weak
Cross Character (New): Weak
Price at Cross: 0.27025

1. Pre-Cross Pattern (15min):
EMA Distance Changes (%): ['0.089', '0.058', '0.007', '0.041']
EMA12 Changes (%): ['0.084', '0.047', '0.091', '0.091']
Price Changes (%): ['0.201', '-0.156', '0.334', '0.093']
Candle Analysis:
    Body Sizes (%): ['0.208', '0.148', '0.334', '0.096']
    Upper Shadows (%): ['0.115', '0.152', '0.030', '0.067']
    Lower Shadows (%): ['0.037', '0.000', '0.078', '0.000']
Volumes: [np.float64(41576.0), np.float64(27345.0), np.float64(58176.0), np.float64(4724.0)]
2025-05-14 00:40:39,543 - INFO - 
2. Post-Cross Movement (30min):
5min Price Changes (%): []
Maximum Change: 0.000% after 0 minutes
Candle Analysis:
    Body Sizes (%): []
    Upper Shadows (%): []
    Lower Shadows (%): []
Volumes: []
==================================================
2025-05-14 00:40:39,762 - INFO - 
==================================================
EMA Cross Analysis - COW/USDT
Time: 2025-05-14 00:35:00+09:00
Type: golden
Cross Character (Current): Weak
Cross Character (New): Weak
Price at Cross: 0.394

1. Pre-Cross Pattern (15min):
EMA Distance Changes (%): ['0.202', '0.124', '0.039', '0.049']
EMA12 Changes (%): ['0.002', '0.120', '0.145', '0.166']
Price Changes (%): ['-0.257', '0.772', '0.281', '0.280']
Candle Analysis:
    Body Sizes (%): ['0.282', '0.746', '0.332', '0.357']
    Upper Shadows (%): ['0.000', '0.154', '0.102', '0.051']
    Lower Shadows (%): ['0.103', '0.000', '0.000', '0.229']
Volumes: [np.float64(17813.0), np.float64(205557.0), np.float64(104767.0), np.float64(61566.0)]
2025-05-14 00:40:39,762 - INFO - 
2. Post-Cross Movement (30min):
5min Price Changes (%): ['0.203']
Maximum Change: 0.203% after 5 minutes
Candle Analysis:
    Body Sizes (%): ['0.178']
    Upper Shadows (%): ['0.101']
    Lower Shadows (%): ['0.000']
Volumes: [np.float64(53087.0)]
==================================================
2025-05-14 00:40:39,981 - INFO - 
==================================================
EMA Cross Analysis - ZEN/USDT
Time: 2025-05-14 00:40:00+09:00
Type: golden
Cross Character (Current): Weak
Cross Character (New): Weak
Price at Cross: 10.09

1. Pre-Cross Pattern (15min):
EMA Distance Changes (%): ['0.075', '0.058', '0.002', '0.046']
EMA12 Changes (%): ['0.082', '0.023', '0.099', '0.093']
Price Changes (%): ['0.399', '-0.298', '0.518', '0.060']
Candle Analysis:
    Body Sizes (%): ['0.399', '0.268', '0.508', '0.040']
    Upper Shadows (%): ['0.110', '0.209', '0.020', '0.089']
    Lower Shadows (%): ['0.000', '0.000', '0.080', '0.000']
Volumes: [np.float64(1425.8), np.float64(2421.6), np.float64(1781.4), np.float64(95.6)]
2025-05-14 00:40:39,981 - INFO - 
2. Post-Cross Movement (30min):
5min Price Changes (%): []
Maximum Change: 0.000% after 0 minutes
Candle Analysis:
    Body Sizes (%): []
    Upper Shadows (%): []
    Lower Shadows (%): []
Volumes: []
==================================================
2025-05-14 00:45:08,902 - INFO - 
==================================================
EMA Cross Analysis - BAN/USDT
Time: 2025-05-14 00:40:00+09:00
Type: golden
Cross Character (Current): Weak
Cross Character (New): Weak
Price at Cross: 0.06815

1. Pre-Cross Pattern (15min):
EMA Distance Changes (%): ['0.225', '0.210', '0.160', '0.018']
EMA12 Changes (%): ['0.042', '-0.002', '0.065', '0.323']
Price Changes (%): ['0.345', '-0.239', '0.435', '1.732']
Candle Analysis:
    Body Sizes (%): ['0.330', '0.180', '0.480', '1.716']
    Upper Shadows (%): ['0.015', '0.000', '0.210', '0.746']
    Lower Shadows (%): ['0.000', '0.165', '0.090', '0.000']
Volumes: [np.float64(91294.0), np.float64(72937.0), np.float64(288789.0), np.float64(1117161.0)]
2025-05-14 00:45:08,903 - INFO - 
2. Post-Cross Movement (30min):
5min Price Changes (%): ['-0.264']
Maximum Change: -0.264% after 5 minutes
Candle Analysis:
    Body Sizes (%): ['0.249']
    Upper Shadows (%): ['0.000']
    Lower Shadows (%): ['0.059']
Volumes: [np.float64(47107.0)]
==================================================
2025-05-14 00:45:10,647 - INFO - 
==================================================
EMA Cross Analysis - FXS/USDT
Time: 2025-05-14 00:45:00+09:00
Type: golden
Cross Character (Current): Weak
Cross Character (New): Weak
Price at Cross: 2.7065

1. Pre-Cross Pattern (15min):
EMA Distance Changes (%): ['0.123', '0.067', '0.016', '0.024']
EMA12 Changes (%): ['0.072', '0.091', '0.089', '0.074']
Price Changes (%): ['-0.155', '0.196', '0.081', '-0.007']
Candle Analysis:
    Body Sizes (%): ['0.118', '0.204', '0.078', '0.011']
    Upper Shadows (%): ['0.081', '0.056', '0.111', '0.000']
    Lower Shadows (%): ['0.096', '0.119', '0.059', '0.000']
Volumes: [np.float64(2302.3), np.float64(2810.0), np.float64(2336.0), np.float64(97.4)]
2025-05-14 00:45:10,648 - INFO - 
2. Post-Cross Movement (30min):
5min Price Changes (%): []
Maximum Change: 0.000% after 0 minutes
Candle Analysis:
    Body Sizes (%): []
    Upper Shadows (%): []
    Lower Shadows (%): []
Volumes: []
==================================================
2025-05-14 00:45:11,739 - INFO - 
==================================================
EMA Cross Analysis - MOODENG/USDT
Time: 2025-05-14 00:40:00+09:00
Type: golden
Cross Character (Current): Strong
Cross Character (New): Strong
Price at Cross: 0.31191

1. Pre-Cross Pattern (15min):
EMA Distance Changes (%): ['0.334', '0.252', '0.085', '0.008']
EMA12 Changes (%): ['0.309', '0.117', '0.285', '0.171']
Price Changes (%): ['0.755', '-0.919', '1.202', '-0.447']
Candle Analysis:
    Body Sizes (%): ['0.748', '0.909', '1.208', '0.444']
    Upper Shadows (%): ['0.603', '0.176', '0.271', '1.934']
    Lower Shadows (%): ['0.042', '0.416', '0.042', '0.147']
Volumes: [np.float64(19963593.0), np.float64(23334588.0), np.float64(16690047.0), np.float64(35442192.0)]
2025-05-14 00:45:11,740 - INFO - 
2. Post-Cross Movement (30min):
5min Price Changes (%): ['0.042']
Maximum Change: 0.042% after 5 minutes
Candle Analysis:
    Body Sizes (%): ['0.042']
    Upper Shadows (%): ['0.061']
    Lower Shadows (%): ['0.125']
Volumes: [np.float64(466450.0)]
==================================================
2025-05-14 00:45:12,172 - INFO - 
==================================================
EMA Cross Analysis - PHA/USDT
Time: 2025-05-14 00:45:00+09:00
Type: golden
Cross Character (Current): Weak
Cross Character (New): Weak
Price at Cross: 0.13728

1. Pre-Cross Pattern (15min):
EMA Distance Changes (%): ['0.156', '0.083', '0.030', '0.009']
EMA12 Changes (%): ['0.043', '0.119', '0.091', '0.071']
Price Changes (%): ['-0.153', '0.534', '-0.058', '-0.044']
Candle Analysis:
    Body Sizes (%): ['0.088', '0.586', '0.095', '0.022']
    Upper Shadows (%): ['0.292', '0.000', '0.095', '0.000']
    Lower Shadows (%): ['0.007', '0.154', '0.116', '0.015']
Volumes: [np.float64(45526.0), np.float64(48555.0), np.float64(37470.0), np.float64(1024.0)]
2025-05-14 00:45:12,172 - INFO - 
2. Post-Cross Movement (30min):
5min Price Changes (%): []
Maximum Change: 0.000% after 0 minutes
Candle Analysis:
    Body Sizes (%): []
    Upper Shadows (%): []
    Lower Shadows (%): []
Volumes: []
==================================================
2025-05-14 00:45:15,967 - INFO - 
==================================================
EMA Cross Analysis - PENGU/USDT
Time: 2025-05-14 00:45:00+09:00
Type: golden
Cross Character (Current): Weak
Cross Character (New): Weak
Price at Cross: 0.014101

1. Pre-Cross Pattern (15min):
EMA Distance Changes (%): ['0.248', '0.127', '0.019', '0.064']
EMA12 Changes (%): ['-0.037', '0.194', '0.193', '0.158']
Price Changes (%): ['-1.105', '1.463', '0.192', '-0.035']
Candle Analysis:
    Body Sizes (%): ['1.105', '1.478', '0.185', '0.057']
    Upper Shadows (%): ['0.150', '0.007', '0.334', '0.028']
    Lower Shadows (%): ['0.036', '0.094', '0.185', '0.156']
Volumes: [np.float64(56823299.0), np.float64(33845774.0), np.float64(85130076.0), np.float64(8376283.0)]
2025-05-14 00:45:15,967 - INFO - 
2. Post-Cross Movement (30min):
5min Price Changes (%): []
Maximum Change: 0.000% after 0 minutes
Candle Analysis:
    Body Sizes (%): []
    Upper Shadows (%): []
    Lower Shadows (%): []
Volumes: []
==================================================
2025-05-14 00:45:16,789 - INFO - 
==================================================
EMA Cross Analysis - SUI/USDT
Time: 2025-05-14 00:40:00+09:00
Type: golden
Cross Character (Current): Weak
Cross Character (New): Weak
Price at Cross: 3.9991

1. Pre-Cross Pattern (15min):
EMA Distance Changes (%): ['0.087', '0.083', '0.014', '0.022']
EMA12 Changes (%): ['0.043', '-0.003', '0.121', '0.068']
Price Changes (%): ['0.231', '-0.258', '0.805', '-0.220']
Candle Analysis:
    Body Sizes (%): ['0.234', '0.258', '0.810', '0.220']
    Upper Shadows (%): ['0.216', '0.196', '0.239', '0.140']
    Lower Shadows (%): ['0.000', '0.023', '0.068', '0.082']
Volumes: [np.float64(488437.4), np.float64(496541.9), np.float64(2834616.3), np.float64(671420.8)]
2025-05-14 00:45:16,790 - INFO - 
2. Post-Cross Movement (30min):
5min Price Changes (%): ['-0.023']
Maximum Change: -0.023% after 5 minutes
Candle Analysis:
    Body Sizes (%): ['0.020']
    Upper Shadows (%): ['0.003']
    Lower Shadows (%): ['0.050']
Volumes: [np.float64(38072.6)]
==================================================
2025-05-14 00:45:17,660 - INFO - 
==================================================
EMA Cross Analysis - HIVE/USDT
Time: 2025-05-14 00:40:00+09:00
Type: golden
Cross Character (Current): Weak
Cross Character (New): Weak
Price at Cross: 0.2699

1. Pre-Cross Pattern (15min):
EMA Distance Changes (%): ['0.089', '0.058', '0.007', '0.031']
EMA12 Changes (%): ['0.084', '0.047', '0.091', '0.071']
Price Changes (%): ['0.201', '-0.156', '0.334', '-0.037']
Candle Analysis:
    Body Sizes (%): ['0.208', '0.148', '0.334', '0.033']
    Upper Shadows (%): ['0.115', '0.152', '0.030', '0.163']
    Lower Shadows (%): ['0.037', '0.000', '0.078', '0.104']
Volumes: [np.float64(41576.0), np.float64(27345.0), np.float64(58176.0), np.float64(31060.0)]
2025-05-14 00:45:17,660 - INFO - 
2. Post-Cross Movement (30min):
5min Price Changes (%): ['0.033']
Maximum Change: 0.033% after 5 minutes
Candle Analysis:
    Body Sizes (%): ['0.059']
    Upper Shadows (%): ['0.000']
    Lower Shadows (%): ['0.011']
Volumes: [np.float64(2048.0)]
==================================================
2025-05-14 00:45:18,098 - INFO - 
==================================================
EMA Cross Analysis - ZEN/USDT
Time: 2025-05-14 00:40:00+09:00
Type: golden
Cross Character (Current): Weak
Cross Character (New): Weak
Price at Cross: 10.077

1. Pre-Cross Pattern (15min):
EMA Distance Changes (%): ['0.075', '0.058', '0.002', '0.036']
EMA12 Changes (%): ['0.082', '0.023', '0.099', '0.073']
Price Changes (%): ['0.399', '-0.298', '0.518', '-0.069']
Candle Analysis:
    Body Sizes (%): ['0.399', '0.268', '0.508', '0.089']
    Upper Shadows (%): ['0.110', '0.209', '0.020', '0.129']
    Lower Shadows (%): ['0.000', '0.000', '0.080', '0.079']
Volumes: [np.float64(1425.8), np.float64(2421.6), np.float64(1781.4), np.float64(2136.9)]
2025-05-14 00:45:18,099 - INFO - 
2. Post-Cross Movement (30min):
5min Price Changes (%): ['0.060']
Maximum Change: 0.060% after 5 minutes
Candle Analysis:
    Body Sizes (%): ['0.060']
    Upper Shadows (%): ['0.000']
    Lower Shadows (%): ['0.079']
Volumes: [np.float64(66.0)]
==================================================
2025-05-14 00:50:57,106 - INFO - 
==================================================
EMA Cross Analysis - ORCA/USDT
Time: 2025-05-14 00:50:00+09:00
Type: golden
Cross Character (Current): Weak
Cross Character (New): Weak
Price at Cross: 2.877

1. Pre-Cross Pattern (15min):
EMA Distance Changes (%): ['0.061', '0.030', '0.010', '0.011']
EMA12 Changes (%): ['0.069', '0.053', '0.034', '0.039']
Price Changes (%): ['0.244', '-0.035', '-0.070', '0.070']
Candle Analysis:
    Body Sizes (%): ['0.279', '0.035', '0.104', '0.035']
    Upper Shadows (%): ['0.035', '0.174', '0.139', '0.070']
    Lower Shadows (%): ['0.070', '0.035', '0.104', '0.000']
Volumes: [np.float64(10204.1), np.float64(9110.3), np.float64(16751.8), np.float64(876.8)]
2025-05-14 00:50:57,106 - INFO - 
2. Post-Cross Movement (30min):
5min Price Changes (%): []
Maximum Change: 0.000% after 0 minutes
Candle Analysis:
    Body Sizes (%): []
    Upper Shadows (%): []
    Lower Shadows (%): []
Volumes: []
==================================================
2025-05-14 00:50:58,412 - INFO - 
==================================================
EMA Cross Analysis - FXS/USDT
Time: 2025-05-14 00:45:00+09:00
Type: golden
Cross Character (Current): Weak
Cross Character (New): Weak
Price at Cross: 2.7049

1. Pre-Cross Pattern (15min):
EMA Distance Changes (%): ['0.123', '0.067', '0.016', '0.019']
EMA12 Changes (%): ['0.072', '0.091', '0.089', '0.065']
Price Changes (%): ['-0.155', '0.196', '0.081', '-0.067']
Candle Analysis:
    Body Sizes (%): ['0.118', '0.204', '0.078', '0.070']
    Upper Shadows (%): ['0.081', '0.056', '0.111', '0.155']
    Lower Shadows (%): ['0.096', '0.119', '0.059', '0.118']
Volumes: [np.float64(2302.3), np.float64(2810.0), np.float64(2336.0), np.float64(7018.6)]
2025-05-14 00:50:58,412 - INFO - 
2. Post-Cross Movement (30min):
5min Price Changes (%): ['0.081']
Maximum Change: 0.081% after 5 minutes
Candle Analysis:
    Body Sizes (%): ['0.059']
    Upper Shadows (%): ['0.037']
    Lower Shadows (%): ['0.000']
Volumes: [np.float64(169.7)]
==================================================
2025-05-14 00:50:59,932 - INFO - 
==================================================
EMA Cross Analysis - PHA/USDT
Time: 2025-05-14 00:45:00+09:00
Type: golden
Cross Character (Current): Weak
Cross Character (New): Weak
Price at Cross: 0.13737

1. Pre-Cross Pattern (15min):
EMA Distance Changes (%): ['0.156', '0.083', '0.030', '0.014']
EMA12 Changes (%): ['0.043', '0.119', '0.091', '0.081']
Price Changes (%): ['-0.153', '0.534', '-0.058', '0.022']
Candle Analysis:
    Body Sizes (%): ['0.088', '0.586', '0.095', '0.044']
    Upper Shadows (%): ['0.292', '0.000', '0.095', '0.109']
    Lower Shadows (%): ['0.007', '0.154', '0.116', '0.204']
Volumes: [np.float64(45526.0), np.float64(48555.0), np.float64(37470.0), np.float64(34240.0)]
2025-05-14 00:50:59,932 - INFO - 
2. Post-Cross Movement (30min):
5min Price Changes (%): ['-0.197']
Maximum Change: -0.197% after 5 minutes
Candle Analysis:
    Body Sizes (%): ['0.167']
    Upper Shadows (%): ['0.007']
    Lower Shadows (%): ['0.000']
Volumes: [np.float64(7187.0)]
==================================================
2025-05-14 00:51:00,152 - INFO - 
==================================================
EMA Cross Analysis - ORDI/USDT
Time: 2025-05-14 00:50:00+09:00
Type: golden
Cross Character (Current): Strong
Cross Character (New): Weak
Price at Cross: 11.018

1. Pre-Cross Pattern (15min):
EMA Distance Changes (%): ['0.277', '0.203', '0.081', '0.007']
EMA12 Changes (%): ['0.114', '0.104', '0.206', '0.159']
Price Changes (%): ['0.579', '0.046', '0.767', '-0.100']
Candle Analysis:
    Body Sizes (%): ['0.570', '0.046', '0.758', '0.100']
    Upper Shadows (%): ['0.083', '0.229', '0.082', '0.073']
    Lower Shadows (%): ['0.193', '0.073', '0.110', '0.018']
Volumes: [np.float64(15847.9), np.float64(23884.5), np.float64(37204.0), np.float64(11232.0)]
2025-05-14 00:51:00,152 - INFO - 
2. Post-Cross Movement (30min):
5min Price Changes (%): []
Maximum Change: 0.000% after 0 minutes
Candle Analysis:
    Body Sizes (%): []
    Upper Shadows (%): []
    Lower Shadows (%): []
Volumes: []
==================================================
2025-05-14 00:51:03,817 - INFO - 
==================================================
EMA Cross Analysis - PENGU/USDT
Time: 2025-05-14 00:45:00+09:00
Type: golden
Cross Character (Current): Weak
Cross Character (New): Weak
Price at Cross: 0.014106

1. Pre-Cross Pattern (15min):
EMA Distance Changes (%): ['0.248', '0.127', '0.019', '0.066']
EMA12 Changes (%): ['-0.037', '0.194', '0.193', '0.163']
Price Changes (%): ['-1.105', '1.463', '0.192', '0.000']
Candle Analysis:
    Body Sizes (%): ['1.105', '1.478', '0.185', '0.021']
    Upper Shadows (%): ['0.150', '0.007', '0.334', '0.255']
    Lower Shadows (%): ['0.036', '0.094', '0.185', '0.248']
Volumes: [np.float64(56823299.0), np.float64(33845774.0), np.float64(85130076.0), np.float64(37639869.0)]
2025-05-14 00:51:03,817 - INFO - 
2. Post-Cross Movement (30min):
5min Price Changes (%): ['-0.354']
Maximum Change: -0.354% after 5 minutes
Candle Analysis:
    Body Sizes (%): ['0.369']
    Upper Shadows (%): ['0.064']
    Lower Shadows (%): ['0.014']
Volumes: [np.float64(6476550.0)]
==================================================
2025-05-14 00:55:35,758 - INFO - 
==================================================
EMA Cross Analysis - ORCA/USDT
Time: 2025-05-14 00:50:00+09:00
Type: golden
Cross Character (Current): Weak
Cross Character (New): Weak
Price at Cross: 2.881

1. Pre-Cross Pattern (15min):
EMA Distance Changes (%): ['0.061', '0.030', '0.010', '0.022']
EMA12 Changes (%): ['0.069', '0.053', '0.034', '0.061']
Price Changes (%): ['0.244', '-0.035', '-0.070', '0.209']
Candle Analysis:
    Body Sizes (%): ['0.279', '0.035', '0.104', '0.174']
    Upper Shadows (%): ['0.035', '0.174', '0.139', '0.000']
    Lower Shadows (%): ['0.070', '0.035', '0.104', '0.104']
Volumes: [np.float64(10204.1), np.float64(9110.3), np.float64(16751.8), np.float64(4943.5)]
2025-05-14 00:55:35,758 - INFO - 
2. Post-Cross Movement (30min):
5min Price Changes (%): ['-0.035']
Maximum Change: -0.035% after 5 minutes
Candle Analysis:
    Body Sizes (%): ['0.000']
    Upper Shadows (%): ['0.000']
    Lower Shadows (%): ['0.035']
Volumes: [np.float64(477.5)]
==================================================
2025-05-14 00:55:37,933 - INFO - 
==================================================
EMA Cross Analysis - POL/USDT
Time: 2025-05-14 00:55:00+09:00
Type: golden
Cross Character (Current): Weak
Cross Character (New): Weak
Price at Cross: 0.25022

1. Pre-Cross Pattern (15min):
EMA Distance Changes (%): ['0.058', '0.028', '0.010', '0.002']
EMA12 Changes (%): ['0.062', '0.051', '0.031', '0.020']
Price Changes (%): ['0.112', '-0.012', '-0.076', '-0.040']
Candle Analysis:
    Body Sizes (%): ['0.100', '0.020', '0.080', '0.028']
    Upper Shadows (%): ['0.040', '0.112', '0.060', '0.000']
    Lower Shadows (%): ['0.068', '0.156', '0.132', '0.016']
Volumes: [np.float64(217841.0), np.float64(347218.0), np.float64(144877.0), np.float64(27981.0)]
2025-05-14 00:55:37,933 - INFO - 
2. Post-Cross Movement (30min):
5min Price Changes (%): []
Maximum Change: 0.000% after 0 minutes
Candle Analysis:
    Body Sizes (%): []
    Upper Shadows (%): []
    Lower Shadows (%): []
Volumes: []
==================================================
2025-05-14 00:55:38,805 - INFO - 
==================================================
EMA Cross Analysis - ORDI/USDT
Time: 2025-05-14 00:50:00+09:00
Type: golden
Cross Character (Current): Strong
Cross Character (New): Weak
Price at Cross: 11.064

1. Pre-Cross Pattern (15min):
EMA Distance Changes (%): ['0.277', '0.203', '0.081', '0.040']
EMA12 Changes (%): ['0.114', '0.104', '0.206', '0.224']
Price Changes (%): ['0.579', '0.046', '0.767', '0.317']
Candle Analysis:
    Body Sizes (%): ['0.570', '0.046', '0.758', '0.317']
    Upper Shadows (%): ['0.083', '0.229', '0.082', '0.181']
    Lower Shadows (%): ['0.193', '0.073', '0.110', '0.281']
Volumes: [np.float64(15847.9), np.float64(23884.5), np.float64(37204.0), np.float64(39482.5)]
2025-05-14 00:55:38,805 - INFO - 
2. Post-Cross Movement (30min):
5min Price Changes (%): ['0.072']
Maximum Change: 0.072% after 5 minutes
Candle Analysis:
    Body Sizes (%): ['0.027']
    Upper Shadows (%): ['0.000']
    Lower Shadows (%): ['0.063']
Volumes: [np.float64(7206.6)]
==================================================
2025-05-14 00:55:40,422 - INFO - 
==================================================
EMA Cross Analysis - ZRO/USDT
Time: 2025-05-14 00:50:00+09:00
Type: golden
Cross Character (Current): Weak
Cross Character (New): Weak
Price at Cross: 3.0089

1. Pre-Cross Pattern (15min):
EMA Distance Changes (%): ['0.081', '0.054', '0.030', '0.017']
EMA12 Changes (%): ['0.083', '0.041', '0.039', '0.086']
Price Changes (%): ['0.448', '-0.190', '0.030', '0.347']
Candle Analysis:
    Body Sizes (%): ['0.445', '0.203', '0.030', '0.343']
    Upper Shadows (%): ['0.017', '0.313', '0.193', '0.073']
    Lower Shadows (%): ['0.137', '0.073', '0.270', '0.120']
Volumes: [np.float64(42553.8), np.float64(39071.5), np.float64(29299.3), np.float64(23212.0)]
2025-05-14 00:55:40,422 - INFO - 
2. Post-Cross Movement (30min):
5min Price Changes (%): ['0.040']
Maximum Change: 0.040% after 5 minutes
Candle Analysis:
    Body Sizes (%): ['0.043']
    Upper Shadows (%): ['0.003']
    Lower Shadows (%): ['0.037']
Volumes: [np.float64(2476.4)]
==================================================
2025-05-14 00:55:43,858 - INFO - 
==================================================
EMA Cross Analysis - GOAT/USDT
Time: 2025-05-14 00:55:00+09:00
Type: golden
Cross Character (Current): Strong
Cross Character (New): Weak
Price at Cross: 0.21687

1. Pre-Cross Pattern (15min):
EMA Distance Changes (%): ['0.353', '0.232', '0.045', '0.096']
EMA12 Changes (%): ['0.110', '0.182', '0.331', '0.270']
Price Changes (%): ['-0.897', '0.577', '1.137', '-0.055']
Candle Analysis:
    Body Sizes (%): ['0.897', '0.553', '1.166', '0.023']
    Upper Shadows (%): ['0.525', '0.361', '0.499', '0.254']
    Lower Shadows (%): ['0.065', '0.169', '0.378', '0.235']
Volumes: [np.float64(3989964.0), np.float64(3151598.0), np.float64(5555749.0), np.float64(855524.0)]
2025-05-14 00:55:43,859 - INFO - 
2. Post-Cross Movement (30min):
5min Price Changes (%): []
Maximum Change: 0.000% after 0 minutes
Candle Analysis:
    Body Sizes (%): []
    Upper Shadows (%): []
    Lower Shadows (%): []
Volumes: []
==================================================
2025-05-14 01:00:16,495 - INFO - 
==================================================
EMA Cross Analysis - POL/USDT
Time: 2025-05-14 00:55:00+09:00
Type: golden
Cross Character (Current): Weak
Cross Character (New): Weak
Price at Cross: 0.25098

1. Pre-Cross Pattern (15min):
EMA Distance Changes (%): ['0.058', '0.028', '0.010', '0.026']
EMA12 Changes (%): ['0.062', '0.051', '0.031', '0.067']
Price Changes (%): ['0.112', '-0.012', '-0.076', '0.264']
Candle Analysis:
    Body Sizes (%): ['0.100', '0.020', '0.080', '0.276']
    Upper Shadows (%): ['0.040', '0.112', '0.060', '0.008']
    Lower Shadows (%): ['0.068', '0.156', '0.132', '0.060']
Volumes: [np.float64(217841.0), np.float64(347218.0), np.float64(144877.0), np.float64(218957.0)]
2025-05-14 01:00:16,496 - INFO - 
2. Post-Cross Movement (30min):
5min Price Changes (%): ['0.036']
Maximum Change: 0.036% after 5 minutes
Candle Analysis:
    Body Sizes (%): ['0.040']
    Upper Shadows (%): ['0.016']
    Lower Shadows (%): ['0.004']
Volumes: [np.float64(22546.0)]
==================================================
2025-05-14 01:00:17,803 - INFO - 
==================================================
EMA Cross Analysis - XLM/USDT
Time: 2025-05-14 00:55:00+09:00
Type: golden
Cross Character (Current): Weak
Cross Character (New): Weak
Price at Cross: 0.30723

1. Pre-Cross Pattern (15min):
EMA Distance Changes (%): ['0.077', '0.048', '0.024', '0.004']
EMA12 Changes (%): ['0.054', '0.045', '0.041', '0.051']
Price Changes (%): ['0.055', '-0.007', '0.020', '0.108']
Candle Analysis:
    Body Sizes (%): ['0.055', '0.010', '0.020', '0.108']
    Upper Shadows (%): ['0.222', '0.140', '0.033', '0.059']
    Lower Shadows (%): ['0.000', '0.196', '0.196', '0.163']
Volumes: [np.float64(692573.0), np.float64(1332731.0), np.float64(598099.0), np.float64(555708.0)]
2025-05-14 01:00:17,803 - INFO - 
2. Post-Cross Movement (30min):
5min Price Changes (%): ['0.013']
Maximum Change: 0.013% after 5 minutes
Candle Analysis:
    Body Sizes (%): ['0.013']
    Upper Shadows (%): ['0.016']
    Lower Shadows (%): ['0.010']
Volumes: [np.float64(43457.0)]
==================================================
2025-05-14 01:00:21,159 - INFO - 
==================================================
EMA Cross Analysis - AIXBT/USDT
Time: 2025-05-14 00:55:00+09:00
Type: golden
Cross Character (Current): Weak
Cross Character (New): Weak
Price at Cross: 0.21871

1. Pre-Cross Pattern (15min):
EMA Distance Changes (%): ['0.111', '0.091', '0.045', '0.001']
EMA12 Changes (%): ['0.050', '0.023', '0.076', '0.082']
Price Changes (%): ['-0.801', '-0.128', '0.368', '0.114']
Candle Analysis:
    Body Sizes (%): ['0.806', '0.106', '0.381', '0.101']
    Upper Shadows (%): ['0.273', '0.161', '0.064', '0.110']
    Lower Shadows (%): ['0.077', '0.257', '0.207', '0.526']
Volumes: [np.float64(860246.0), np.float64(504669.0), np.float64(459336.0), np.float64(500070.0)]
2025-05-14 01:00:21,159 - INFO - 
2. Post-Cross Movement (30min):
5min Price Changes (%): ['0.096']
Maximum Change: 0.096% after 5 minutes
Candle Analysis:
    Body Sizes (%): ['0.105']
    Upper Shadows (%): ['0.046']
    Lower Shadows (%): ['0.023']
Volumes: [np.float64(58520.0)]
==================================================
2025-05-14 01:00:22,414 - INFO - 
==================================================
EMA Cross Analysis - GOAT/USDT
Time: 2025-05-14 00:55:00+09:00
Type: golden
Cross Character (Current): Strong
Cross Character (New): Weak
Price at Cross: 0.21657

1. Pre-Cross Pattern (15min):
EMA Distance Changes (%): ['0.353', '0.232', '0.045', '0.085']
EMA12 Changes (%): ['0.110', '0.182', '0.331', '0.248']
Price Changes (%): ['-0.897', '0.577', '1.137', '-0.194']
Candle Analysis:
    Body Sizes (%): ['0.897', '0.553', '1.166', '0.161']
    Upper Shadows (%): ['0.525', '0.361', '0.499', '0.360']
    Lower Shadows (%): ['0.065', '0.169', '0.378', '0.406']
Volumes: [np.float64(3989964.0), np.float64(3151598.0), np.float64(5555749.0), np.float64(4942339.0)]
2025-05-14 01:00:22,414 - INFO - 
2. Post-Cross Movement (30min):
5min Price Changes (%): ['0.037']
Maximum Change: 0.037% after 5 minutes
Candle Analysis:
    Body Sizes (%): ['0.065']
    Upper Shadows (%): ['0.240']
    Lower Shadows (%): ['0.115']
Volumes: [np.float64(308181.0)]
==================================================
2025-05-14 01:10:43,147 - INFO - 
==================================================
EMA Cross Analysis - BAKE/USDT
Time: 2025-05-14 01:05:00+09:00
Type: golden
Cross Character (Current): Weak
Cross Character (New): Weak
Price at Cross: 0.1525

1. Pre-Cross Pattern (15min):
EMA Distance Changes (%): ['0.142', '0.098', '0.042', '0.029']
EMA12 Changes (%): ['0.040', '0.064', '0.095', '0.131']
Price Changes (%): ['0.332', '0.198', '0.264', '0.329']
Candle Analysis:
    Body Sizes (%): ['0.332', '0.198', '0.198', '0.329']
    Upper Shadows (%): ['0.000', '0.132', '0.066', '0.066']
    Lower Shadows (%): ['0.066', '0.198', '0.066', '0.263']
Volumes: [np.float64(52765.0), np.float64(77177.0), np.float64(173355.0), np.float64(194367.0)]
2025-05-14 01:10:43,147 - INFO - 
2. Post-Cross Movement (30min):
5min Price Changes (%): ['0.131']
Maximum Change: 0.131% after 5 minutes
Candle Analysis:
    Body Sizes (%): ['0.131']
    Upper Shadows (%): ['0.000']
    Lower Shadows (%): ['0.000']
Volumes: [np.float64(26400.0)]
==================================================
2025-05-14 01:10:52,344 - INFO - 
==================================================
EMA Cross Analysis - VANA/USDT
Time: 2025-05-14 01:05:00+09:00
Type: golden
Cross Character (Current): Weak
Cross Character (New): Weak
Price at Cross: 6.935

1. Pre-Cross Pattern (15min):
EMA Distance Changes (%): ['0.160', '0.092', '0.050', '0.035']
EMA12 Changes (%): ['0.077', '0.108', '0.069', '0.157']
Price Changes (%): ['0.438', '0.276', '-0.145', '0.639']
Candle Analysis:
    Body Sizes (%): ['0.438', '0.276', '0.174', '0.653']
    Upper Shadows (%): ['0.058', '0.189', '0.145', '0.189']
    Lower Shadows (%): ['0.161', '0.073', '0.101', '0.044']
Volumes: [np.float64(18280.25), np.float64(37720.91), np.float64(29001.55), np.float64(23045.48)]
2025-05-14 01:10:52,345 - INFO - 
2. Post-Cross Movement (30min):
5min Price Changes (%): ['-0.029']
Maximum Change: -0.029% after 5 minutes
Candle Analysis:
    Body Sizes (%): ['0.014']
    Upper Shadows (%): ['0.029']
    Lower Shadows (%): ['0.187']
Volumes: [np.float64(2274.23)]
==================================================
2025-05-14 01:14:18,932 - INFO - 
==================================================
EMA Cross Analysis - ONDOUSDT
Time: 2025-05-14 01:05:00+09:00
Type: golden
Cross Character (Current): Weak
Cross Character (New): Weak
Price at Cross: 1.0252

1. Pre-Cross Pattern (15min):
EMA Distance Changes (%): ['0.142', '0.082', '0.025', '0.075']
EMA12 Changes (%): ['0.054', '0.095', '0.098', '0.192']
Price Changes (%): ['-0.138', '0.316', '0.118', '0.707']
Candle Analysis:
    Body Sizes (%): ['0.138', '0.306', '0.138', '0.697']
    Upper Shadows (%): ['0.000', '0.089', '0.039', '0.079']
    Lower Shadows (%): ['0.286', '0.168', '0.246', '0.029']
Volumes: [np.float64(425351.4), np.float64(431369.9), np.float64(576207.2), np.float64(907974.8)]
2025-05-14 01:14:18,933 - INFO - 
2. Post-Cross Movement (30min):
5min Price Changes (%): ['0.897']
Maximum Change: 0.897% after 5 minutes
Candle Analysis:
    Body Sizes (%): ['0.907']
    Upper Shadows (%): ['0.098']
    Lower Shadows (%): ['0.068']
Volumes: [np.float64(1697167.6)]
==================================================
2025-05-14 01:21:13,834 - INFO - 
==================================================
EMA Cross Analysis - TNSR/USDT
Time: 2025-05-14 01:20:00+09:00
Type: golden
Cross Character (Current): Strong
Cross Character (New): Weak
Price at Cross: 0.1831

1. Pre-Cross Pattern (15min):
EMA Distance Changes (%): ['0.322', '0.139', '0.019', '0.050']
EMA12 Changes (%): ['0.120', '0.306', '0.215', '0.131']
Price Changes (%): ['0.944', '1.320', '-0.271', '-0.327']
Candle Analysis:
    Body Sizes (%): ['0.944', '1.320', '0.326', '0.327']
    Upper Shadows (%): ['0.222', '0.165', '0.163', '0.163']
    Lower Shadows (%): ['0.000', '0.000', '0.597', '0.000']
Volumes: [np.float64(585595.1), np.float64(1015908.1), np.float64(640327.0), np.float64(79459.2)]
2025-05-14 01:21:13,834 - INFO - 
2. Post-Cross Movement (30min):
5min Price Changes (%): []
Maximum Change: 0.000% after 0 minutes
Candle Analysis:
    Body Sizes (%): []
    Upper Shadows (%): []
    Lower Shadows (%): []
Volumes: []
==================================================
2025-05-14 01:25:51,663 - INFO - 
==================================================
EMA Cross Analysis - TNSR/USDT
Time: 2025-05-14 01:20:00+09:00
Type: golden
Cross Character (Current): Strong
Cross Character (New): Weak
Price at Cross: 0.1831

1. Pre-Cross Pattern (15min):
EMA Distance Changes (%): ['0.322', '0.139', '0.019', '0.050']
EMA12 Changes (%): ['0.120', '0.306', '0.215', '0.131']
Price Changes (%): ['0.944', '1.320', '-0.271', '-0.327']
Candle Analysis:
    Body Sizes (%): ['0.944', '1.320', '0.326', '0.327']
    Upper Shadows (%): ['0.222', '0.165', '0.163', '0.163']
    Lower Shadows (%): ['0.000', '0.000', '0.597', '0.544']
Volumes: [np.float64(585595.1), np.float64(1015908.1), np.float64(640327.0), np.float64(606245.8)]
2025-05-14 01:25:51,663 - INFO - 
2. Post-Cross Movement (30min):
5min Price Changes (%): ['0.218']
Maximum Change: 0.218% after 5 minutes
Candle Analysis:
    Body Sizes (%): ['0.218']
    Upper Shadows (%): ['0.055']
    Lower Shadows (%): ['0.000']
Volumes: [np.float64(37183.5)]
==================================================
2025-05-14 01:45:30,704 - INFO - 
==================================================
EMA Cross Analysis - MOODENG/USDT
Time: 2025-05-14 01:40:00+09:00
Type: dead
Cross Character (Current): Strong
Cross Character (New): Strong
Price at Cross: 0.30516

1. Pre-Cross Pattern (15min):
EMA Distance Changes (%): ['0.478', '0.303', '0.153', '0.028']
EMA12 Changes (%): ['-0.218', '-0.269', '-0.243', '-0.323']
Price Changes (%): ['-2.100', '-0.552', '-0.097', '-0.767']
Candle Analysis:
    Body Sizes (%): ['2.082', '0.556', '0.094', '0.780']
    Upper Shadows (%): ['0.228', '0.420', '1.033', '0.348']
    Lower Shadows (%): ['0.459', '1.709', '0.520', '0.582']
Volumes: [np.float64(20904352.0), np.float64(50364012.0), np.float64(16408662.0), np.float64(19308467.0)]
2025-05-14 01:45:30,704 - INFO - 
2. Post-Cross Movement (30min):
5min Price Changes (%): ['0.390']
Maximum Change: 0.390% after 5 minutes
Candle Analysis:
    Body Sizes (%): ['0.383']
    Upper Shadows (%): ['0.052']
    Lower Shadows (%): ['0.007']
Volumes: [np.float64(1451131.0)]
==================================================
2025-05-14 02:11:03,738 - INFO - 
==================================================
EMA Cross Analysis - ATA/USDT
Time: 2025-05-14 02:10:00+09:00
Type: golden
Cross Character (Current): Weak
Cross Character (New): Weak
Price at Cross: 0.0707

1. Pre-Cross Pattern (15min):
EMA Distance Changes (%): ['0.154', '0.094', '0.024', '0.031']
EMA12 Changes (%): ['0.058', '0.093', '0.122', '0.104']
Price Changes (%): ['-0.142', '0.284', '0.284', '0.000']
Candle Analysis:
    Body Sizes (%): ['0.284', '0.142', '0.284', '0.000']
    Upper Shadows (%): ['0.000', '0.142', '0.426', '0.000']
    Lower Shadows (%): ['0.000', '0.284', '0.000', '0.141']
Volumes: [np.float64(109671.0), np.float64(252844.0), np.float64(1276181.0), np.float64(46299.0)]
2025-05-14 02:11:03,738 - INFO - 
2. Post-Cross Movement (30min):
5min Price Changes (%): []
Maximum Change: 0.000% after 0 minutes
Candle Analysis:
    Body Sizes (%): []
    Upper Shadows (%): []
    Lower Shadows (%): []
Volumes: []
==================================================
2025-05-14 02:15:41,686 - INFO - 
==================================================
EMA Cross Analysis - ATA/USDT
Time: 2025-05-14 02:10:00+09:00
Type: golden
Cross Character (Current): Weak
Cross Character (New): Weak
Price at Cross: 0.0705

1. Pre-Cross Pattern (15min):
EMA Distance Changes (%): ['0.154', '0.094', '0.024', '0.008']
EMA12 Changes (%): ['0.058', '0.093', '0.122', '0.060']
Price Changes (%): ['-0.142', '0.284', '0.284', '-0.283']
Candle Analysis:
    Body Sizes (%): ['0.284', '0.142', '0.284', '0.283']
    Upper Shadows (%): ['0.000', '0.142', '0.426', '0.000']
    Lower Shadows (%): ['0.000', '0.284', '0.000', '0.141']
Volumes: [np.float64(109671.0), np.float64(252844.0), np.float64(1276181.0), np.float64(182165.0)]
2025-05-14 02:15:41,687 - INFO - 
2. Post-Cross Movement (30min):
5min Price Changes (%): ['0.000']
Maximum Change: 0.000% after 0 minutes
Candle Analysis:
    Body Sizes (%): ['0.142']
    Upper Shadows (%): ['0.000']
    Lower Shadows (%): ['0.000']
Volumes: [np.float64(425.0)]
==================================================
2025-05-14 12:14:15,687 - INFO - 
==================================================
EMA Cross Analysis - NEAR/USDT
Time: 2025-05-14 12:10:00+09:00
Type: golden
Cross Character (Current): Weak
Cross Character (New): Weak
Price at Cross: 3.252

1. Pre-Cross Pattern (15min):
EMA Distance Changes (%): ['0.032', '0.035', '0.025', '0.015']
EMA12 Changes (%): ['0.004', '-0.011', '0.014', '0.074']
Price Changes (%): ['0.155', '-0.093', '0.155', '0.401']
Candle Analysis:
    Body Sizes (%): ['0.124', '0.093', '0.124', '0.432']
    Upper Shadows (%): ['0.186', '0.278', '0.093', '0.185']
    Lower Shadows (%): ['0.031', '0.154', '0.495', '0.000']
Volumes: [np.float64(94983.0), np.float64(150310.0), np.float64(200027.0), np.float64(224189.0)]
2025-05-14 12:14:15,687 - INFO - 
2. Post-Cross Movement (30min):
5min Price Changes (%): []
Maximum Change: 0.000% after 0 minutes
Candle Analysis:
    Body Sizes (%): []
    Upper Shadows (%): []
    Lower Shadows (%): []
Volumes: []
==================================================
2025-05-14 13:27:02,598 - INFO - 
==================================================
EMA Cross Analysis - DOT/USDT
Time: 2025-05-14 13:25:00+09:00
Type: golden
Cross Character (Current): Weak
Cross Character (New): Weak
Price at Cross: 5.204

1. Pre-Cross Pattern (15min):
EMA Distance Changes (%): ['0.040', '0.037', '0.008', '0.029']
EMA12 Changes (%): ['0.000', '0.000', '0.051', '0.070']
Price Changes (%): ['0.019', '0.000', '0.328', '0.173']
Candle Analysis:
    Body Sizes (%): ['0.019', '0.000', '0.309', '0.193']
    Upper Shadows (%): ['0.135', '0.077', '0.000', '0.019']
    Lower Shadows (%): ['0.155', '0.309', '0.154', '0.000']
Volumes: [np.float64(95290.0), np.float64(69412.5), np.float64(53624.1), np.float64(25698.3)]
2025-05-14 13:27:02,599 - INFO - 
2. Post-Cross Movement (30min):
5min Price Changes (%): []
Maximum Change: 0.000% after 0 minutes
Candle Analysis:
    Body Sizes (%): []
    Upper Shadows (%): []
    Lower Shadows (%): []
Volumes: []
==================================================
2025-05-14 13:43:58,090 - INFO - 
==================================================
EMA Cross Analysis - XLM/USDT
Time: 2025-05-14 13:40:00+09:00
Type: golden
Cross Character (Current): Weak
Cross Character (New): Weak
Price at Cross: 0.31172

1. Pre-Cross Pattern (15min):
EMA Distance Changes (%): ['0.114', '0.094', '0.039', '0.007']
EMA12 Changes (%): ['0.031', '0.024', '0.092', '0.083']
Price Changes (%): ['0.055', '-0.019', '0.471', '0.032']
Candle Analysis:
    Body Sizes (%): ['0.055', '0.023', '0.467', '0.032']
    Upper Shadows (%): ['0.155', '0.074', '0.010', '0.119']
    Lower Shadows (%): ['0.019', '0.126', '0.029', '0.093']
Volumes: [np.float64(670541.0), np.float64(539304.0), np.float64(748947.0), np.float64(557740.0)]
2025-05-14 13:43:58,090 - INFO - 
2. Post-Cross Movement (30min):
5min Price Changes (%): []
Maximum Change: 0.000% after 0 minutes
Candle Analysis:
    Body Sizes (%): []
    Upper Shadows (%): []
    Lower Shadows (%): []
Volumes: []
==================================================
2025-05-14 13:46:05,095 - INFO - 
==================================================
EMA Cross Analysis - POL/USDT
Time: 2025-05-14 13:45:00+09:00
Type: golden
Cross Character (Current): Weak
Cross Character (New): Weak
Price at Cross: 0.26042

1. Pre-Cross Pattern (15min):
EMA Distance Changes (%): ['0.143', '0.083', '0.026', '0.019']
EMA12 Changes (%): ['0.007', '0.095', '0.097', '0.084']
Price Changes (%): ['0.039', '0.576', '0.111', '0.008']
Candle Analysis:
    Body Sizes (%): ['0.015', '0.568', '0.131', '0.012']
    Upper Shadows (%): ['0.004', '0.008', '0.096', '0.023']
    Lower Shadows (%): ['0.101', '0.000', '0.046', '0.031']
Volumes: [np.float64(133091.0), np.float64(362867.0), np.float64(273001.0), np.float64(36545.0)]
2025-05-14 13:46:05,095 - INFO - 
2. Post-Cross Movement (30min):
5min Price Changes (%): []
Maximum Change: 0.000% after 0 minutes
Candle Analysis:
    Body Sizes (%): []
    Upper Shadows (%): []
    Lower Shadows (%): []
Volumes: []
==================================================
2025-05-14 13:48:13,703 - INFO - 
==================================================
EMA Cross Analysis - ATA/USDT
Time: 2025-05-14 13:45:00+09:00
Type: golden
Cross Character (Current): Weak
Cross Character (New): Weak
Price at Cross: 0.0707

1. Pre-Cross Pattern (15min):
EMA Distance Changes (%): ['0.085', '0.044', '0.012', '0.013']
EMA12 Changes (%): ['-0.052', '0.065', '0.055', '0.047']
Price Changes (%): ['-0.284', '0.712', '0.000', '0.000']
Candle Analysis:
    Body Sizes (%): ['0.284', '0.712', '0.000', '0.142']
    Upper Shadows (%): ['0.000', '0.000', '0.283', '0.283']
    Lower Shadows (%): ['0.284', '0.142', '0.141', '0.142']
Volumes: [np.float64(287351.0), np.float64(71911.0), np.float64(29440.0), np.float64(159670.0)]
2025-05-14 13:48:13,704 - INFO - 
2. Post-Cross Movement (30min):
5min Price Changes (%): []
Maximum Change: 0.000% after 0 minutes
Candle Analysis:
    Body Sizes (%): []
    Upper Shadows (%): []
    Lower Shadows (%): []
Volumes: []
==================================================
2025-05-14 13:56:41,891 - INFO - 
==================================================
EMA Cross Analysis - ZRO/USDT
Time: 2025-05-14 13:55:00+09:00
Type: golden
Cross Character (Current): Weak
Cross Character (New): Weak
Price at Cross: 3.2088

1. Pre-Cross Pattern (15min):
EMA Distance Changes (%): ['0.115', '0.078', '0.012', '0.045']
EMA12 Changes (%): ['0.120', '0.055', '0.117', '0.108']
Price Changes (%): ['0.053', '-0.297', '0.454', '0.059']
Candle Analysis:
    Body Sizes (%): ['0.053', '0.287', '0.454', '0.056']
    Upper Shadows (%): ['0.184', '0.078', '0.053', '0.031']
    Lower Shadows (%): ['0.106', '0.016', '0.003', '0.019']
Volumes: [np.float64(47926.4), np.float64(39861.8), np.float64(62475.5), np.float64(29012.6)]
2025-05-14 13:56:41,891 - INFO - 
2. Post-Cross Movement (30min):
5min Price Changes (%): []
Maximum Change: 0.000% after 0 minutes
Candle Analysis:
    Body Sizes (%): []
    Upper Shadows (%): []
    Lower Shadows (%): []
Volumes: []
==================================================
2025-05-14 14:00:56,526 - INFO - 
==================================================
EMA Cross Analysis - EOS/USDT
Time: 2025-05-14 13:55:00+09:00
Type: golden
Cross Character (Current): Weak
Cross Character (New): Weak
Price at Cross: 0.877

1. Pre-Cross Pattern (15min):
EMA Distance Changes (%): ['0.060', '0.035', '0.016', '0.018']
EMA12 Changes (%): ['0.067', '0.039', '0.033', '0.063']
Price Changes (%): ['-0.114', '-0.114', '0.000', '0.229']
Candle Analysis:
    Body Sizes (%): ['0.000', '0.228', '0.000', '0.114']
    Upper Shadows (%): ['0.228', '0.000', '0.114', '0.000']
    Lower Shadows (%): ['0.114', '0.114', '0.114', '0.228']
Volumes: [np.float64(389647.6), np.float64(213332.6), np.float64(117356.3), np.float64(179234.3)]
2025-05-14 14:00:56,526 - INFO - 
2. Post-Cross Movement (30min):
5min Price Changes (%): ['-0.228']
Maximum Change: -0.228% after 5 minutes
Candle Analysis:
    Body Sizes (%): ['0.114']
    Upper Shadows (%): ['0.114']
    Lower Shadows (%): ['0.000']
Volumes: [np.float64(79649.6)]
==================================================
2025-05-14 14:04:08,130 - INFO - 
==================================================
EMA Cross Analysis - ZRO/USDT
Time: 2025-05-14 13:55:00+09:00
Type: golden
Cross Character (Current): Weak
Cross Character (New): Weak
Price at Cross: 3.221

1. Pre-Cross Pattern (15min):
EMA Distance Changes (%): ['0.115', '0.078', '0.012', '0.075']
EMA12 Changes (%): ['0.120', '0.055', '0.117', '0.167']
Price Changes (%): ['0.053', '-0.297', '0.454', '0.440']
Candle Analysis:
    Body Sizes (%): ['0.053', '0.287', '0.454', '0.437']
    Upper Shadows (%): ['0.184', '0.078', '0.053', '0.000']
    Lower Shadows (%): ['0.106', '0.016', '0.003', '0.094']
Volumes: [np.float64(47926.4), np.float64(39861.8), np.float64(62475.5), np.float64(133161.2)]
2025-05-14 14:04:08,130 - INFO - 
2. Post-Cross Movement (30min):
5min Price Changes (%): ['0.096']
Maximum Change: 0.096% after 5 minutes
Candle Analysis:
    Body Sizes (%): ['0.090']
    Upper Shadows (%): ['0.140']
    Lower Shadows (%): ['0.124']
Volumes: [np.float64(73600.0)]
==================================================
2025-05-14 14:04:09,245 - INFO - 
==================================================
EMA Cross Analysis - NEAR/USDT
Time: 2025-05-14 13:55:00+09:00
Type: golden
Cross Character (Current): Weak
Cross Character (New): Weak
Price at Cross: 3.26

1. Pre-Cross Pattern (15min):
EMA Distance Changes (%): ['0.099', '0.071', '0.006', '0.070']
EMA12 Changes (%): ['0.077', '0.041', '0.116', '0.145']
Price Changes (%): ['-0.123', '-0.154', '0.526', '0.308']
Candle Analysis:
    Body Sizes (%): ['0.123', '0.154', '0.526', '0.277']
    Upper Shadows (%): ['0.339', '0.031', '0.062', '0.000']
    Lower Shadows (%): ['0.000', '0.093', '0.031', '0.369']
Volumes: [np.float64(100164.0), np.float64(79164.0), np.float64(127343.0), np.float64(180859.0)]
2025-05-14 14:04:09,245 - INFO - 
2. Post-Cross Movement (30min):
5min Price Changes (%): ['0.276']
Maximum Change: 0.276% after 5 minutes
Candle Analysis:
    Body Sizes (%): ['0.276']
    Upper Shadows (%): ['0.123']
    Lower Shadows (%): ['0.061']
Volumes: [np.float64(171000.0)]
==================================================
2025-05-14 14:05:12,107 - INFO - 
==================================================
EMA Cross Analysis - ARPA/USDT
Time: 2025-05-14 14:00:00+09:00
Type: golden
Cross Character (Current): Weak
Cross Character (New): Weak
Price at Cross: 0.02815

1. Pre-Cross Pattern (15min):
EMA Distance Changes (%): ['0.117', '0.078', '0.037', '0.017']
EMA12 Changes (%): ['0.038', '0.059', '0.067', '0.100']
Price Changes (%): ['-0.143', '0.179', '0.107', '0.285']
Candle Analysis:
    Body Sizes (%): ['0.143', '0.107', '0.143', '0.285']
    Upper Shadows (%): ['0.071', '0.143', '0.036', '0.071']
    Lower Shadows (%): ['0.000', '0.000', '0.071', '0.143']
Volumes: [np.float64(653882.0), np.float64(74395.0), np.float64(76017.0), np.float64(766334.0)]
2025-05-14 14:05:12,107 - INFO - 
2. Post-Cross Movement (30min):
5min Price Changes (%): ['0.000']
Maximum Change: 0.000% after 0 minutes
Candle Analysis:
    Body Sizes (%): ['0.036']
    Upper Shadows (%): ['0.000']
    Lower Shadows (%): ['0.000']
Volumes: [np.float64(876.0)]
==================================================
2025-05-14 14:15:52,503 - INFO - 
==================================================
EMA Cross Analysis - ATA/USDT
Time: 2025-05-14 14:15:00+09:00
Type: dead
Cross Character (Current): Weak
Cross Character (New): Weak
Price at Cross: 0.0702

1. Pre-Cross Pattern (15min):
EMA Distance Changes (%): ['0.044', '0.045', '0.044', '0.001']
EMA12 Changes (%): ['0.034', '0.007', '0.006', '-0.082']
Price Changes (%): ['0.142', '-0.141', '0.000', '-0.567']
Candle Analysis:
    Body Sizes (%): ['0.000', '0.141', '0.000', '0.426']
    Upper Shadows (%): ['0.141', '0.000', '0.000', '0.284']
    Lower Shadows (%): ['0.283', '0.141', '0.425', '0.142']
Volumes: [np.float64(125674.0), np.float64(67151.0), np.float64(47424.0), np.float64(308319.0)]
2025-05-14 14:15:52,503 - INFO - 
2. Post-Cross Movement (30min):
5min Price Changes (%): []
Maximum Change: 0.000% after 0 minutes
Candle Analysis:
    Body Sizes (%): []
    Upper Shadows (%): []
    Lower Shadows (%): []
Volumes: []
==================================================
2025-05-14 14:26:32,604 - INFO - 
==================================================
EMA Cross Analysis - MOVE/USDT
Time: 2025-05-14 14:20:00+09:00
Type: golden
Cross Character (Current): Weak
Cross Character (New): Weak
Price at Cross: 0.2272

1. Pre-Cross Pattern (15min):
EMA Distance Changes (%): ['0.051', '0.045', '0.015', '0.019']
EMA12 Changes (%): ['0.085', '0.004', '0.051', '0.064']
Price Changes (%): ['0.309', '-0.440', '0.309', '0.132']
Candle Analysis:
    Body Sizes (%): ['0.265', '0.484', '0.354', '0.132']
    Upper Shadows (%): ['0.088', '0.000', '0.044', '0.044']
    Lower Shadows (%): ['0.132', '0.132', '0.044', '0.088']
Volumes: [np.float64(778773.0), np.float64(1592952.0), np.float64(732220.0), np.float64(273084.0)]
2025-05-14 14:26:32,605 - INFO - 
2. Post-Cross Movement (30min):
5min Price Changes (%): ['-0.220']
Maximum Change: -0.220% after 5 minutes
Candle Analysis:
    Body Sizes (%): ['0.176']
    Upper Shadows (%): ['0.044']
    Lower Shadows (%): ['0.044']
Volumes: [np.float64(69652.0)]
==================================================
2025-05-14 14:32:56,544 - INFO - 
==================================================
EMA Cross Analysis - COW/USDT
Time: 2025-05-14 14:25:00+09:00
Type: golden
Cross Character (Current): Weak
Cross Character (New): Weak
Price at Cross: 0.4225

1. Pre-Cross Pattern (15min):
EMA Distance Changes (%): ['0.074', '0.052', '0.032', '0.001']
EMA12 Changes (%): ['-0.009', '0.032', '0.031', '0.059']
Price Changes (%): ['-0.237', '0.262', '0.024', '0.213']
Candle Analysis:
    Body Sizes (%): ['0.237', '0.286', '0.024', '0.213']
    Upper Shadows (%): ['0.000', '0.095', '0.142', '0.047']
    Lower Shadows (%): ['0.095', '0.024', '0.024', '0.024']
Volumes: [np.float64(70799.0), np.float64(44741.0), np.float64(64232.0), np.float64(79094.0)]
2025-05-14 14:32:56,544 - INFO - 
2. Post-Cross Movement (30min):
5min Price Changes (%): ['0.189']
Maximum Change: 0.189% after 5 minutes
Candle Analysis:
    Body Sizes (%): ['0.142']
    Upper Shadows (%): ['0.260']
    Lower Shadows (%): ['0.000']
Volumes: [np.float64(93012.0)]
==================================================
2025-05-14 14:32:57,141 - INFO - 
==================================================
EMA Cross Analysis - VANA/USDT
Time: 2025-05-14 14:25:00+09:00
Type: dead
Cross Character (Current): Weak
Cross Character (New): Weak
Price at Cross: 7.149

1. Pre-Cross Pattern (15min):
EMA Distance Changes (%): ['0.022', '0.014', '0.008', '0.010']
EMA12 Changes (%): ['-0.123', '-0.012', '-0.010', '-0.034']
Price Changes (%): ['-0.182', '0.604', '0.000', '-0.168']
Candle Analysis:
    Body Sizes (%): ['0.182', '0.618', '0.014', '0.126']
    Upper Shadows (%): ['0.154', '0.000', '0.209', '0.112']
    Lower Shadows (%): ['0.000', '0.070', '0.112', '0.251']
Volumes: [np.float64(7151.44), np.float64(18196.52), np.float64(15167.81), np.float64(13059.56)]
2025-05-14 14:32:57,141 - INFO - 
2. Post-Cross Movement (30min):
5min Price Changes (%): ['0.308']
Maximum Change: 0.308% after 5 minutes
Candle Analysis:
    Body Sizes (%): ['0.336']
    Upper Shadows (%): ['0.028']
    Lower Shadows (%): ['0.112']
Volumes: [np.float64(6130.5)]
==================================================
2025-05-14 14:45:40,817 - INFO - 
==================================================
EMA Cross Analysis - HIPPO/USDT
Time: 2025-05-14 14:40:00+09:00
Type: golden
Cross Character (Current): Weak
Cross Character (New): Strong
Price at Cross: 0.00413

1. Pre-Cross Pattern (15min):
EMA Distance Changes (%): ['0.380', '0.269', '0.075', '0.065']
EMA12 Changes (%): ['-0.001', '0.155', '0.336', '0.265']
Price Changes (%): ['-0.394', '1.015', '1.323', '-0.121']
Candle Analysis:
    Body Sizes (%): ['0.394', '0.990', '1.298', '0.121']
    Upper Shadows (%): ['0.074', '0.742', '0.098', '0.363']
    Lower Shadows (%): ['0.197', '0.223', '0.367', '0.701']
Volumes: [np.float64(10536453.0), np.float64(44096279.0), np.float64(18454338.0), np.float64(27323178.0)]
2025-05-14 14:45:40,817 - INFO - 
2. Post-Cross Movement (30min):
5min Price Changes (%): ['0.460']
Maximum Change: 0.460% after 5 minutes
Candle Analysis:
    Body Sizes (%): ['0.460']
    Upper Shadows (%): ['0.242']
    Lower Shadows (%): ['0.000']
Volumes: [np.float64(14025924.0)]
==================================================
2025-05-14 14:52:05,979 - INFO - 
==================================================
EMA Cross Analysis - THETA/USDT
Time: 2025-05-14 14:45:00+09:00
Type: golden
Cross Character (Current): Weak
Cross Character (New): Weak
Price at Cross: 1.0589

1. Pre-Cross Pattern (15min):
EMA Distance Changes (%): ['0.099', '0.067', '0.042', '0.026']
EMA12 Changes (%): ['-0.054', '0.047', '0.040', '0.124']
Price Changes (%): ['-0.153', '0.602', '0.000', '0.589']
Candle Analysis:
    Body Sizes (%): ['0.153', '0.621', '0.009', '0.579']
    Upper Shadows (%): ['0.115', '0.000', '0.009', '0.000']
    Lower Shadows (%): ['0.000', '0.000', '0.152', '0.095']
Volumes: [np.float64(69918.9), np.float64(84615.9), np.float64(28325.7), np.float64(44768.1)]
2025-05-14 14:52:05,979 - INFO - 
2. Post-Cross Movement (30min):
5min Price Changes (%): ['-0.142']
Maximum Change: -0.142% after 5 minutes
Candle Analysis:
    Body Sizes (%): ['0.142']
    Upper Shadows (%): ['0.047']
    Lower Shadows (%): ['0.019']
Volumes: [np.float64(38124.8)]
==================================================
2025-05-14 15:16:37,520 - INFO - 
==================================================
EMA Cross Analysis - THETA/USDT
Time: 2025-05-14 15:15:00+09:00
Type: dead
Cross Character (Current): Weak
Cross Character (New): Weak
Price at Cross: 1.0499

1. Pre-Cross Pattern (15min):
EMA Distance Changes (%): ['0.073', '0.040', '0.004', '0.010']
EMA12 Changes (%): ['0.011', '-0.053', '-0.064', '-0.026']
Price Changes (%): ['0.028', '-0.408', '-0.124', '0.181']
Candle Analysis:
    Body Sizes (%): ['0.038', '0.418', '0.105', '0.172']
    Upper Shadows (%): ['0.000', '0.009', '0.000', '0.029']
    Lower Shadows (%): ['0.180', '0.142', '0.057', '0.000']
Volumes: [np.float64(60468.4), np.float64(45346.1), np.float64(40160.6), np.float64(6760.3)]
2025-05-14 15:16:37,520 - INFO - 
2. Post-Cross Movement (30min):
5min Price Changes (%): []
Maximum Change: 0.000% after 0 minutes
Candle Analysis:
    Body Sizes (%): []
    Upper Shadows (%): []
    Lower Shadows (%): []
Volumes: []
==================================================
2025-05-14 15:41:01,976 - INFO - 
==================================================
EMA Cross Analysis - ORDI/USDT
Time: 2025-05-14 15:35:00+09:00
Type: dead
Cross Character (Current): Strong
Cross Character (New): Weak
Price at Cross: 12.868

1. Pre-Cross Pattern (15min):
EMA Distance Changes (%): ['0.224', '0.139', '0.064', '0.024']
EMA12 Changes (%): ['-0.256', '-0.127', '-0.125', '-0.160']
Price Changes (%): ['-1.009', '0.591', '-0.108', '-0.356']
Candle Analysis:
    Body Sizes (%): ['1.009', '0.591', '0.108', '0.364']
    Upper Shadows (%): ['0.216', '0.047', '0.224', '0.101']
    Lower Shadows (%): ['0.955', '0.047', '0.155', '0.348']
Volumes: [np.float64(173076.9), np.float64(52655.9), np.float64(39782.6), np.float64(52049.6)]
2025-05-14 15:41:01,976 - INFO - 
2. Post-Cross Movement (30min):
5min Price Changes (%): ['0.047']
Maximum Change: 0.047% after 5 minutes
Candle Analysis:
    Body Sizes (%): ['0.054']
    Upper Shadows (%): ['0.202']
    Lower Shadows (%): ['0.101']
Volumes: [np.float64(15854.7)]
==================================================
2025-05-14 16:00:00,605 - INFO - 
==================================================
EMA Cross Analysis - DOT/USDT
Time: 2025-05-14 15:50:00+09:00
Type: dead
Cross Character (Current): Weak
Cross Character (New): Weak
Price at Cross: 5.2

1. Pre-Cross Pattern (15min):
EMA Distance Changes (%): ['0.027', '0.011', '0.000', '0.020']
EMA12 Changes (%): ['-0.042', '-0.027', '-0.020', '-0.040']
Price Changes (%): ['-0.019', '0.058', '0.019', '-0.154']
Candle Analysis:
    Body Sizes (%): ['0.019', '0.058', '0.000', '0.134']
    Upper Shadows (%): ['0.192', '0.038', '0.038', '0.058']
    Lower Shadows (%): ['0.134', '0.135', '0.403', '0.096']
Volumes: [np.float64(94687.1), np.float64(88905.6), np.float64(104492.2), np.float64(51515.8)]
2025-05-14 16:00:00,605 - INFO - 
2. Post-Cross Movement (30min):
5min Price Changes (%): ['0.077']
Maximum Change: 0.077% after 5 minutes
Candle Analysis:
    Body Sizes (%): ['0.077']
    Upper Shadows (%): ['0.115']
    Lower Shadows (%): ['0.058']
Volumes: [np.float64(30370.1)]
==================================================
2025-05-14 16:19:00,693 - INFO - 
==================================================
EMA Cross Analysis - SUI/USDT
Time: 2025-05-14 16:15:00+09:00
Type: dead
Cross Character (Current): Weak
Cross Character (New): Weak
Price at Cross: 3.9935

1. Pre-Cross Pattern (15min):
EMA Distance Changes (%): ['0.074', '0.047', '0.026', '0.014']
EMA12 Changes (%): ['-0.052', '-0.041', '-0.034', '-0.072']
Price Changes (%): ['-0.393', '0.017', '0.002', '-0.282']
Candle Analysis:
    Body Sizes (%): ['0.393', '0.012', '0.005', '0.282']
    Upper Shadows (%): ['0.050', '0.167', '0.112', '0.020']
    Lower Shadows (%): ['0.057', '0.022', '0.047', '0.165']
Volumes: [np.float64(926791.0), np.float64(334541.4), np.float64(287352.1), np.float64(734964.6)]
2025-05-14 16:19:00,693 - INFO - 
2. Post-Cross Movement (30min):
5min Price Changes (%): []
Maximum Change: 0.000% after 0 minutes
Candle Analysis:
    Body Sizes (%): []
    Upper Shadows (%): []
    Lower Shadows (%): []
Volumes: []
==================================================
2025-05-14 16:25:19,700 - INFO - 
==================================================
EMA Cross Analysis - LINK/USDT
Time: 2025-05-14 16:25:00+09:00
Type: dead
Cross Character (Current): Weak
Cross Character (New): Weak
Price at Cross: 17.19

1. Pre-Cross Pattern (15min):
EMA Distance Changes (%): ['0.118', '0.081', '0.009', '0.051']
EMA12 Changes (%): ['0.042', '-0.056', '-0.128', '-0.113']
Price Changes (%): ['0.052', '-0.592', '-0.526', '-0.029']
Candle Analysis:
    Body Sizes (%): ['0.052', '0.598', '0.526', '0.023']
    Upper Shadows (%): ['0.121', '0.000', '0.069', '0.081']
    Lower Shadows (%): ['0.063', '0.104', '0.046', '0.035']
Volumes: [np.float64(40350.51), np.float64(65347.17), np.float64(202613.53), np.float64(8676.89)]
2025-05-14 16:25:19,700 - INFO - 
2. Post-Cross Movement (30min):
5min Price Changes (%): []
Maximum Change: 0.000% after 0 minutes
Candle Analysis:
    Body Sizes (%): []
    Upper Shadows (%): []
    Lower Shadows (%): []
Volumes: []
==================================================
2025-05-14 16:30:38,128 - INFO - 
==================================================
EMA Cross Analysis - LINK/USDT
Time: 2025-05-14 16:25:00+09:00
Type: dead
Cross Character (Current): Weak
Cross Character (New): Weak
Price at Cross: 17.2

1. Pre-Cross Pattern (15min):
EMA Distance Changes (%): ['0.118', '0.081', '0.009', '0.046']
EMA12 Changes (%): ['0.042', '-0.056', '-0.128', '-0.104']
Price Changes (%): ['0.052', '-0.592', '-0.526', '0.029']
Candle Analysis:
    Body Sizes (%): ['0.052', '0.598', '0.526', '0.035']
    Upper Shadows (%): ['0.121', '0.000', '0.069', '0.122']
    Lower Shadows (%): ['0.063', '0.104', '0.046', '0.180']
Volumes: [np.float64(40350.51), np.float64(65347.17), np.float64(202613.53), np.float64(64151.19)]
2025-05-14 16:30:38,128 - INFO - 
2. Post-Cross Movement (30min):
5min Price Changes (%): ['0.035']
Maximum Change: 0.035% after 5 minutes
Candle Analysis:
    Body Sizes (%): ['0.041']
    Upper Shadows (%): ['0.023']
    Lower Shadows (%): ['0.087']
Volumes: [np.float64(9506.94)]
==================================================
2025-05-14 16:31:45,137 - INFO - 
==================================================
EMA Cross Analysis - XRP/USDT
Time: 2025-05-14 16:30:00+09:00
Type: dead
Cross Character (Current): Weak
Cross Character (New): Weak
Price at Cross: 2.5633

1. Pre-Cross Pattern (15min):
EMA Distance Changes (%): ['0.109', '0.048', '0.002', '0.051']
EMA12 Changes (%): ['-0.055', '-0.101', '-0.083', '-0.100']
Price Changes (%): ['-0.267', '-0.353', '0.016', '-0.191']
Candle Analysis:
    Body Sizes (%): ['0.267', '0.357', '0.019', '0.191']
    Upper Shadows (%): ['0.035', '0.019', '0.152', '0.062']
    Lower Shadows (%): ['0.178', '0.035', '0.156', '0.078']
Volumes: [np.float64(4171870.3), np.float64(3547283.4), np.float64(4852862.3), np.float64(1440150.6)]
2025-05-14 16:31:45,137 - INFO - 
2. Post-Cross Movement (30min):
5min Price Changes (%): []
Maximum Change: 0.000% after 0 minutes
Candle Analysis:
    Body Sizes (%): []
    Upper Shadows (%): []
    Lower Shadows (%): []
Volumes: []
==================================================
2025-05-14 16:31:45,481 - INFO - 
==================================================
EMA Cross Analysis - RENDER/USDT
Time: 2025-05-14 16:30:00+09:00
Type: dead
Cross Character (Current): Weak
Cross Character (New): Weak
Price at Cross: 5.272

1. Pre-Cross Pattern (15min):
EMA Distance Changes (%): ['0.184', '0.087', '0.014', '0.071']
EMA12 Changes (%): ['-0.088', '-0.161', '-0.128', '-0.160']
Price Changes (%): ['-0.449', '-0.564', '0.057', '-0.340']
Candle Analysis:
    Body Sizes (%): ['0.449', '0.564', '0.057', '0.359']
    Upper Shadows (%): ['0.019', '0.019', '0.189', '0.208']
    Lower Shadows (%): ['0.169', '0.038', '0.151', '0.057']
Volumes: [np.float64(34848.0), np.float64(38120.6), np.float64(29080.5), np.float64(47047.9)]
2025-05-14 16:31:45,482 - INFO - 
2. Post-Cross Movement (30min):
5min Price Changes (%): []
Maximum Change: 0.000% after 0 minutes
Candle Analysis:
    Body Sizes (%): []
    Upper Shadows (%): []
    Lower Shadows (%): []
Volumes: []
==================================================
2025-05-14 16:31:46,486 - INFO - 
==================================================
EMA Cross Analysis - ONDOUSDT
Time: 2025-05-14 16:25:00+09:00
Type: dead
Cross Character (Current): Weak
Cross Character (New): Weak
Price at Cross: 1.0314

1. Pre-Cross Pattern (15min):
EMA Distance Changes (%): ['0.197', '0.143', '0.058', '0.018']
EMA12 Changes (%): ['-0.008', '-0.077', '-0.142', '-0.138']
Price Changes (%): ['-0.172', '-0.460', '-0.501', '-0.116']
Candle Analysis:
    Body Sizes (%): ['0.163', '0.460', '0.491', '0.116']
    Upper Shadows (%): ['0.182', '0.019', '0.106', '0.068']
    Lower Shadows (%): ['0.000', '0.278', '0.039', '0.242']
Volumes: [np.float64(428025.6), np.float64(922677.5), np.float64(601478.7), np.float64(919440.8)]
2025-05-14 16:31:46,487 - INFO - 
2. Post-Cross Movement (30min):
5min Price Changes (%): ['-0.417']
Maximum Change: -0.417% after 5 minutes
Candle Analysis:
    Body Sizes (%): ['0.417']
    Upper Shadows (%): ['0.068']
    Lower Shadows (%): ['0.087']
Volumes: [np.float64(437827.7)]
==================================================
2025-05-14 16:32:49,784 - INFO - 
==================================================
EMA Cross Analysis - XLM/USDT
Time: 2025-05-14 16:30:00+09:00
Type: dead
Cross Character (Current): Weak
Cross Character (New): Weak
Price at Cross: 0.31144

1. Pre-Cross Pattern (15min):
EMA Distance Changes (%): ['0.143', '0.077', '0.028', '0.009']
EMA12 Changes (%): ['-0.037', '-0.107', '-0.083', '-0.067']
Price Changes (%): ['-0.223', '-0.492', '0.051', '0.019']
Candle Analysis:
    Body Sizes (%): ['0.236', '0.496', '0.042', '0.003']
    Upper Shadows (%): ['0.048', '0.019', '0.109', '0.055']
    Lower Shadows (%): ['0.191', '0.006', '0.125', '0.430']
Volumes: [np.float64(622063.0), np.float64(983070.0), np.float64(1122166.0), np.float64(963850.0)]
2025-05-14 16:32:49,784 - INFO - 
2. Post-Cross Movement (30min):
5min Price Changes (%): []
Maximum Change: 0.000% after 0 minutes
Candle Analysis:
    Body Sizes (%): []
    Upper Shadows (%): []
    Lower Shadows (%): []
Volumes: []
==================================================
2025-05-14 16:32:51,865 - INFO - 
==================================================
EMA Cross Analysis - AVAX/USDT
Time: 2025-05-14 16:25:00+09:00
Type: dead
Cross Character (Current): Weak
Cross Character (New): Weak
Price at Cross: 26.074

1. Pre-Cross Pattern (15min):
EMA Distance Changes (%): ['0.191', '0.144', '0.037', '0.046']
EMA12 Changes (%): ['0.006', '-0.065', '-0.187', '-0.152']
Price Changes (%): ['-0.208', '-0.454', '-0.860', '0.038']
Candle Analysis:
    Body Sizes (%): ['0.223', '0.458', '0.860', '0.035']
    Upper Shadows (%): ['0.026', '0.038', '0.053', '0.077']
    Lower Shadows (%): ['0.026', '0.140', '0.030', '0.211']
Volumes: [np.float64(28506.0), np.float64(54242.0), np.float64(84029.0), np.float64(81298.0)]
2025-05-14 16:32:51,865 - INFO - 
2. Post-Cross Movement (30min):
5min Price Changes (%): ['-0.150']
Maximum Change: -0.150% after 5 minutes
Candle Analysis:
    Body Sizes (%): ['0.153']
    Upper Shadows (%): ['0.069']
    Lower Shadows (%): ['0.399']
Volumes: [np.float64(71005.0)]
==================================================
2025-05-14 16:33:56,750 - INFO - 
==================================================
EMA Cross Analysis - ARPA/USDT
Time: 2025-05-14 16:30:00+09:00
Type: dead
Cross Character (Current): Weak
Cross Character (New): Weak
Price at Cross: 0.02812

1. Pre-Cross Pattern (15min):
EMA Distance Changes (%): ['0.199', '0.108', '0.027', '0.031']
EMA12 Changes (%): ['-0.064', '-0.146', '-0.140', '-0.108']
Price Changes (%): ['-0.035', '-0.601', '-0.107', '0.071']
Candle Analysis:
    Body Sizes (%): ['0.000', '0.495', '0.107', '0.071']
    Upper Shadows (%): ['0.071', '0.106', '0.107', '0.071']
    Lower Shadows (%): ['0.247', '0.000', '0.249', '0.534']
Volumes: [np.float64(402969.0), np.float64(941276.0), np.float64(480796.0), np.float64(631948.0)]
2025-05-14 16:33:56,750 - INFO - 
2. Post-Cross Movement (30min):
5min Price Changes (%): []
Maximum Change: 0.000% after 0 minutes
Candle Analysis:
    Body Sizes (%): []
    Upper Shadows (%): []
    Lower Shadows (%): []
Volumes: []
==================================================
2025-05-14 16:33:57,200 - INFO - 
==================================================
EMA Cross Analysis - ADA/USDT
Time: 2025-05-14 16:25:00+09:00
Type: dead
Cross Character (Current): Weak
Cross Character (New): Weak
Price at Cross: 0.8194

1. Pre-Cross Pattern (15min):
EMA Distance Changes (%): ['0.096', '0.064', '0.001', '0.058']
EMA12 Changes (%): ['0.005', '-0.048', '-0.111', '-0.113']
Price Changes (%): ['0.024', '-0.339', '-0.461', '-0.122']
Candle Analysis:
    Body Sizes (%): ['0.024', '0.327', '0.473', '0.134']
    Upper Shadows (%): ['0.157', '0.024', '0.049', '0.049']
    Lower Shadows (%): ['0.121', '0.242', '0.036', '0.293']
Volumes: [np.float64(1244801.0), np.float64(2299495.0), np.float64(1868717.0), np.float64(3956204.0)]
2025-05-14 16:33:57,200 - INFO - 
2. Post-Cross Movement (30min):
5min Price Changes (%): ['-0.012']
Maximum Change: -0.012% after 5 minutes
Candle Analysis:
    Body Sizes (%): ['0.024']
    Upper Shadows (%): ['0.085']
    Lower Shadows (%): ['0.403']
Volumes: [np.float64(1949933.0)]
==================================================
2025-05-14 16:35:04,301 - INFO - 
==================================================
EMA Cross Analysis - XRP/USDT
Time: 2025-05-14 16:30:00+09:00
Type: dead
Cross Character (Current): Weak
Cross Character (New): Weak
Price at Cross: 2.5766

1. Pre-Cross Pattern (15min):
EMA Distance Changes (%): ['0.109', '0.048', '0.002', '0.009']
EMA12 Changes (%): ['-0.055', '-0.101', '-0.083', '-0.020']
Price Changes (%): ['-0.267', '-0.353', '0.016', '0.327']
Candle Analysis:
    Body Sizes (%): ['0.267', '0.357', '0.019', '0.327']
    Upper Shadows (%): ['0.035', '0.019', '0.152', '0.055']
    Lower Shadows (%): ['0.178', '0.035', '0.156', '0.269']
Volumes: [np.float64(4171870.3), np.float64(3547283.4), np.float64(4852862.3), np.float64(2885546.0)]
2025-05-14 16:35:04,302 - INFO - 
2. Post-Cross Movement (30min):
5min Price Changes (%): ['-0.012']
Maximum Change: -0.012% after 5 minutes
Candle Analysis:
    Body Sizes (%): ['0.012']
    Upper Shadows (%): ['0.000']
    Lower Shadows (%): ['0.000']
Volumes: [np.float64(4451.1)]
==================================================
2025-05-14 16:35:04,906 - INFO - 
==================================================
EMA Cross Analysis - RENDER/USDT
Time: 2025-05-14 16:30:00+09:00
Type: dead
Cross Character (Current): Weak
Cross Character (New): Weak
Price at Cross: 5.287

1. Pre-Cross Pattern (15min):
EMA Distance Changes (%): ['0.184', '0.087', '0.014', '0.048']
EMA12 Changes (%): ['-0.088', '-0.161', '-0.128', '-0.117']
Price Changes (%): ['-0.449', '-0.564', '0.057', '-0.057']
Candle Analysis:
    Body Sizes (%): ['0.449', '0.564', '0.057', '0.076']
    Upper Shadows (%): ['0.019', '0.019', '0.189', '0.208']
    Lower Shadows (%): ['0.169', '0.038', '0.151', '0.340']
Volumes: [np.float64(34848.0), np.float64(38120.6), np.float64(29080.5), np.float64(67504.3)]
2025-05-14 16:35:04,906 - INFO - 
2. Post-Cross Movement (30min):
5min Price Changes (%): ['-0.019']
Maximum Change: -0.019% after 5 minutes
Candle Analysis:
    Body Sizes (%): ['0.000']
    Upper Shadows (%): ['0.000']
    Lower Shadows (%): ['0.000']
Volumes: [np.float64(1.0)]
==================================================
2025-05-14 16:35:05,341 - INFO - 
==================================================
EMA Cross Analysis - AIXBT/USDT
Time: 2025-05-14 16:30:00+09:00
Type: dead
Cross Character (Current): Weak
Cross Character (New): Weak
Price at Cross: 0.22198

1. Pre-Cross Pattern (15min):
EMA Distance Changes (%): ['0.262', '0.189', '0.075', '0.026']
EMA12 Changes (%): ['-0.101', '-0.104', '-0.192', '-0.182']
Price Changes (%): ['0.103', '-0.121', '-0.684', '-0.121']
Candle Analysis:
    Body Sizes (%): ['0.085', '0.143', '0.670', '0.130']
    Upper Shadows (%): ['0.004', '0.768', '0.063', '0.162']
    Lower Shadows (%): ['0.675', '0.031', '0.590', '0.598']
Volumes: [np.float64(1301474.0), np.float64(1130374.0), np.float64(2024876.0), np.float64(1100593.0)]
2025-05-14 16:35:05,341 - INFO - 
2. Post-Cross Movement (30min):
5min Price Changes (%): ['-0.068']
Maximum Change: -0.068% after 5 minutes
Candle Analysis:
    Body Sizes (%): ['0.068']
    Upper Shadows (%): ['0.045']
    Lower Shadows (%): ['0.014']
Volumes: [np.float64(30889.0)]
==================================================
2025-05-14 16:36:11,686 - INFO - 
==================================================
EMA Cross Analysis - XLM/USDT
Time: 2025-05-14 16:30:00+09:00
Type: dead
Cross Character (Current): Weak
Cross Character (New): Weak
Price at Cross: 0.31162

1. Pre-Cross Pattern (15min):
EMA Distance Changes (%): ['0.143', '0.077', '0.028', '0.004']
EMA12 Changes (%): ['-0.037', '-0.107', '-0.083', '-0.058']
Price Changes (%): ['-0.223', '-0.492', '0.051', '0.077']
Candle Analysis:
    Body Sizes (%): ['0.236', '0.496', '0.042', '0.061']
    Upper Shadows (%): ['0.048', '0.019', '0.109', '0.077']
    Lower Shadows (%): ['0.191', '0.006', '0.125', '0.430']
Volumes: [np.float64(622063.0), np.float64(983070.0), np.float64(1122166.0), np.float64(1329305.0)]
2025-05-14 16:36:11,686 - INFO - 
2. Post-Cross Movement (30min):
5min Price Changes (%): ['0.013']
Maximum Change: 0.013% after 5 minutes
Candle Analysis:
    Body Sizes (%): ['0.016']
    Upper Shadows (%): ['0.055']
    Lower Shadows (%): ['0.026']
Volumes: [np.float64(190994.0)]
==================================================
2025-05-14 16:37:21,077 - INFO - 
==================================================
EMA Cross Analysis - ARPA/USDT
Time: 2025-05-14 16:30:00+09:00
Type: dead
Cross Character (Current): Weak
Cross Character (New): Weak
Price at Cross: 0.02817

1. Pre-Cross Pattern (15min):
EMA Distance Changes (%): ['0.199', '0.108', '0.027', '0.017']
EMA12 Changes (%): ['-0.064', '-0.146', '-0.140', '-0.081']
Price Changes (%): ['-0.035', '-0.601', '-0.107', '0.249']
Candle Analysis:
    Body Sizes (%): ['0.000', '0.495', '0.107', '0.249']
    Upper Shadows (%): ['0.071', '0.106', '0.107', '0.036']
    Lower Shadows (%): ['0.247', '0.000', '0.249', '0.534']
Volumes: [np.float64(402969.0), np.float64(941276.0), np.float64(480796.0), np.float64(690058.0)]
2025-05-14 16:37:21,079 - INFO - 
2. Post-Cross Movement (30min):
5min Price Changes (%): ['0.106']
Maximum Change: 0.106% after 5 minutes
Candle Analysis:
    Body Sizes (%): ['0.142']
    Upper Shadows (%): ['0.107']
    Lower Shadows (%): ['0.213']
Volumes: [np.float64(770689.0)]
==================================================
2025-05-14 16:40:45,041 - INFO - 
==================================================
EMA Cross Analysis - MOODENG/USDT
Time: 2025-05-14 16:40:00+09:00
Type: dead
Cross Character (Current): Weak
Cross Character (New): Weak
Price at Cross: 0.30791

1. Pre-Cross Pattern (15min):
EMA Distance Changes (%): ['0.254', '0.155', '0.016', '0.132']
EMA12 Changes (%): ['0.051', '-0.158', '-0.244', '-0.279']
Price Changes (%): ['0.570', '-1.302', '-0.722', '-0.472']
Candle Analysis:
    Body Sizes (%): ['0.561', '1.283', '0.735', '0.456']
    Upper Shadows (%): ['0.650', '0.152', '0.183', '0.078']
    Lower Shadows (%): ['0.510', '0.925', '1.068', '0.058']
Volumes: [np.float64(15927493.0), np.float64(20066312.0), np.float64(17741366.0), np.float64(2368415.0)]
2025-05-14 16:40:45,041 - INFO - 
2. Post-Cross Movement (30min):
5min Price Changes (%): []
Maximum Change: 0.000% after 0 minutes
Candle Analysis:
    Body Sizes (%): []
    Upper Shadows (%): []
    Lower Shadows (%): []
Volumes: []
==================================================
2025-05-14 16:45:21,884 - INFO - 
==================================================
EMA Cross Analysis - MOODENG/USDT
Time: 2025-05-14 16:40:00+09:00
Type: dead
Cross Character (Current): Weak
Cross Character (New): Weak
Price at Cross: 0.30724

1. Pre-Cross Pattern (15min):
EMA Distance Changes (%): ['0.254', '0.155', '0.016', '0.150']
EMA12 Changes (%): ['0.051', '-0.158', '-0.244', '-0.311']
Price Changes (%): ['0.570', '-1.302', '-0.722', '-0.688']
Candle Analysis:
    Body Sizes (%): ['0.561', '1.283', '0.735', '0.672']
    Upper Shadows (%): ['0.650', '0.152', '0.183', '0.233']
    Lower Shadows (%): ['0.510', '0.925', '1.068', '0.272']
Volumes: [np.float64(15927493.0), np.float64(20066312.0), np.float64(17741366.0), np.float64(15468979.0)]
2025-05-14 16:45:21,885 - INFO - 
2. Post-Cross Movement (30min):
5min Price Changes (%): ['-0.189']
Maximum Change: -0.189% after 5 minutes
Candle Analysis:
    Body Sizes (%): ['0.215']
    Upper Shadows (%): ['0.104']
    Lower Shadows (%): ['0.013']
Volumes: [np.float64(650362.0)]
==================================================
2025-05-14 16:45:27,519 - INFO - 
==================================================
EMA Cross Analysis - GOAT/USDT
Time: 2025-05-14 16:45:00+09:00
Type: dead
Cross Character (Current): Weak
Cross Character (New): Weak
Price at Cross: 0.21346

1. Pre-Cross Pattern (15min):
EMA Distance Changes (%): ['0.093', '0.059', '0.002', '0.085']
EMA12 Changes (%): ['-0.115', '-0.051', '-0.103', '-0.165']
Price Changes (%): ['0.009', '0.303', '-0.390', '-0.508']
Candle Analysis:
    Body Sizes (%): ['0.014', '0.289', '0.376', '0.480']
    Upper Shadows (%): ['0.028', '0.414', '0.144', '0.005']
    Lower Shadows (%): ['0.936', '0.605', '0.084', '0.033']
Volumes: [np.float64(3457932.0), np.float64(2385971.0), np.float64(1351529.0), np.float64(218735.0)]
2025-05-14 16:45:27,519 - INFO - 
2. Post-Cross Movement (30min):
5min Price Changes (%): []
Maximum Change: 0.000% after 0 minutes
Candle Analysis:
    Body Sizes (%): []
    Upper Shadows (%): []
    Lower Shadows (%): []
Volumes: []
==================================================
2025-05-14 16:51:05,029 - INFO - 
==================================================
EMA Cross Analysis - ORCA/USDT
Time: 2025-05-14 16:50:00+09:00
Type: dead
Cross Character (Current): Weak
Cross Character (New): Weak
Price at Cross: 3.005

1. Pre-Cross Pattern (15min):
EMA Distance Changes (%): ['0.127', '0.081', '0.037', '0.010']
EMA12 Changes (%): ['-0.059', '-0.070', '-0.075', '-0.083']
Price Changes (%): ['0.000', '-0.133', '-0.100', '-0.133']
Candle Analysis:
    Body Sizes (%): ['0.066', '0.100', '0.100', '0.100']
    Upper Shadows (%): ['0.033', '0.000', '0.000', '0.000']
    Lower Shadows (%): ['0.298', '0.133', '0.199', '0.000']
Volumes: [np.float64(19098.0), np.float64(18168.9), np.float64(14900.5), np.float64(2006.8)]
2025-05-14 16:51:05,029 - INFO - 
2. Post-Cross Movement (30min):
5min Price Changes (%): []
Maximum Change: 0.000% after 0 minutes
Candle Analysis:
    Body Sizes (%): []
    Upper Shadows (%): []
    Lower Shadows (%): []
Volumes: []
==================================================
2025-05-14 16:51:10,195 - INFO - 
==================================================
EMA Cross Analysis - ARPA/USDT
Time: 2025-05-14 16:50:00+09:00
Type: dead
Cross Character (Current): Weak
Cross Character (New): Weak
Price at Cross: 0.02825

1. Pre-Cross Pattern (15min):
EMA Distance Changes (%): ['0.012', '0.007', '0.004', '0.012']
EMA12 Changes (%): ['0.008', '0.034', '-0.004', '-0.031']
Price Changes (%): ['0.497', '0.177', '-0.212', '-0.177']
Candle Analysis:
    Body Sizes (%): ['0.533', '0.212', '0.212', '0.141']
    Upper Shadows (%): ['0.142', '0.247', '0.000', '0.000']
    Lower Shadows (%): ['0.213', '0.071', '0.176', '0.035']
Volumes: [np.float64(998847.0), np.float64(428174.0), np.float64(201221.0), np.float64(8005.0)]
2025-05-14 16:51:10,195 - INFO - 
2. Post-Cross Movement (30min):
5min Price Changes (%): []
Maximum Change: 0.000% after 0 minutes
Candle Analysis:
    Body Sizes (%): []
    Upper Shadows (%): []
    Lower Shadows (%): []
Volumes: []
==================================================
2025-05-14 16:51:12,960 - INFO - 
==================================================
EMA Cross Analysis - GOAT/USDT
Time: 2025-05-14 16:45:00+09:00
Type: dead
Cross Character (Current): Weak
Cross Character (New): Weak
Price at Cross: 0.21374

1. Pre-Cross Pattern (15min):
EMA Distance Changes (%): ['0.093', '0.059', '0.002', '0.074']
EMA12 Changes (%): ['-0.115', '-0.051', '-0.103', '-0.145']
Price Changes (%): ['0.009', '0.303', '-0.390', '-0.378']
Candle Analysis:
    Body Sizes (%): ['0.014', '0.289', '0.376', '0.350']
    Upper Shadows (%): ['0.028', '0.414', '0.144', '0.005']
    Lower Shadows (%): ['0.936', '0.605', '0.084', '1.683']
Volumes: [np.float64(3457932.0), np.float64(2385971.0), np.float64(1351529.0), np.float64(5061002.0)]
2025-05-14 16:51:12,960 - INFO - 
2. Post-Cross Movement (30min):
5min Price Changes (%): ['-0.473']
Maximum Change: -0.473% after 5 minutes
Candle Analysis:
    Body Sizes (%): ['0.491']
    Upper Shadows (%): ['0.103']
    Lower Shadows (%): ['0.253']
Volumes: [np.float64(698407.0)]
==================================================
2025-05-14 16:55:41,409 - INFO - 
==================================================
EMA Cross Analysis - ORCA/USDT
Time: 2025-05-14 16:55:00+09:00
Type: dead
Cross Character (Current): Weak
Cross Character (New): Weak
Price at Cross: 3.011

1. Pre-Cross Pattern (15min):
EMA Distance Changes (%): ['0.081', '0.037', '0.012', '0.013']
EMA12 Changes (%): ['-0.070', '-0.075', '-0.043', '-0.046']
Price Changes (%): ['-0.133', '-0.100', '0.133', '-0.066']
Candle Analysis:
    Body Sizes (%): ['0.100', '0.100', '0.166', '0.033']
    Upper Shadows (%): ['0.000', '0.000', '0.100', '0.066']
    Lower Shadows (%): ['0.133', '0.199', '0.199', '0.000']
Volumes: [np.float64(18168.9), np.float64(14900.5), np.float64(14916.0), np.float64(1029.5)]
2025-05-14 16:55:41,409 - INFO - 
2. Post-Cross Movement (30min):
5min Price Changes (%): []
Maximum Change: 0.000% after 0 minutes
Candle Analysis:
    Body Sizes (%): []
    Upper Shadows (%): []
    Lower Shadows (%): []
Volumes: []
==================================================
2025-05-14 16:55:42,712 - INFO - 
==================================================
EMA Cross Analysis - FXS/USDT
Time: 2025-05-14 16:55:00+09:00
Type: golden
Cross Character (Current): Weak
Cross Character (New): Weak
Price at Cross: 3.0585

1. Pre-Cross Pattern (15min):
EMA Distance Changes (%): ['0.166', '0.153', '0.043', '0.060']
EMA12 Changes (%): ['-0.037', '0.001', '0.189', '0.195']
Price Changes (%): ['0.050', '0.206', '1.224', '0.229']
Candle Analysis:
    Body Sizes (%): ['0.067', '0.213', '1.251', '0.249']
    Upper Shadows (%): ['0.033', '0.136', '0.173', '0.197']
    Lower Shadows (%): ['0.156', '0.100', '0.027', '0.216']
Volumes: [np.float64(6257.7), np.float64(11504.7), np.float64(28152.3), np.float64(12831.2)]
2025-05-14 16:55:42,712 - INFO - 
2. Post-Cross Movement (30min):
5min Price Changes (%): []
Maximum Change: 0.000% after 0 minutes
Candle Analysis:
    Body Sizes (%): []
    Upper Shadows (%): []
    Lower Shadows (%): []
Volumes: []
==================================================
2025-05-14 16:55:47,067 - INFO - 
==================================================
EMA Cross Analysis - XRP/USDT
Time: 2025-05-14 16:50:00+09:00
Type: golden
Cross Character (Current): Weak
Cross Character (New): Weak
Price at Cross: 2.5917

1. Pre-Cross Pattern (15min):
EMA Distance Changes (%): ['0.017', '0.006', '0.001', '0.036']
EMA12 Changes (%): ['-0.017', '0.019', '0.010', '0.071']
Price Changes (%): ['0.004', '0.213', '-0.039', '0.407']
Candle Analysis:
    Body Sizes (%): ['0.004', '0.210', '0.035', '0.407']
    Upper Shadows (%): ['0.097', '0.066', '0.116', '0.089']
    Lower Shadows (%): ['0.334', '0.050', '0.097', '0.058']
Volumes: [np.float64(2192069.5), np.float64(1776300.9), np.float64(1747447.6), np.float64(4538532.1)]
2025-05-14 16:55:47,067 - INFO - 
2. Post-Cross Movement (30min):
5min Price Changes (%): ['0.116']
Maximum Change: 0.116% after 5 minutes
Candle Analysis:
    Body Sizes (%): ['0.116']
    Upper Shadows (%): ['0.000']
    Lower Shadows (%): ['0.008']
Volumes: [np.float64(594328.7)]
==================================================
2025-05-14 17:00:17,454 - INFO - 
==================================================
EMA Cross Analysis - DOGS/USDT
Time: 2025-05-14 16:55:00+09:00
Type: dead
Cross Character (Current): Weak
Cross Character (New): Weak
Price at Cross: 0.0002335

1. Pre-Cross Pattern (15min):
EMA Distance Changes (%): ['0.096', '0.067', '0.050', '0.048']
EMA12 Changes (%): ['-0.027', '-0.042', '-0.023', '-0.182']
Price Changes (%): ['-0.338', '-0.127', '0.085', '-1.059']
Candle Analysis:
    Body Sizes (%): ['0.296', '0.085', '0.085', '1.017']
    Upper Shadows (%): ['0.042', '0.042', '0.382', '0.000']
    Lower Shadows (%): ['0.253', '0.551', '0.127', '0.339']
Volumes: [np.float64(281315808.0), np.float64(373416705.0), np.float64(279081605.0), np.float64(1118207713.0)]
2025-05-14 17:00:17,454 - INFO - 
2. Post-Cross Movement (30min):
5min Price Changes (%): ['0.000']
Maximum Change: 0.000% after 0 minutes
Candle Analysis:
    Body Sizes (%): ['0.000']
    Upper Shadows (%): ['0.086']
    Lower Shadows (%): ['0.086']
Volumes: [np.float64(49495318.0)]
==================================================
2025-05-14 17:00:18,112 - INFO - 
==================================================
EMA Cross Analysis - ORCA/USDT
Time: 2025-05-14 16:55:00+09:00
Type: dead
Cross Character (Current): Weak
Cross Character (New): Weak
Price at Cross: 3.002

1. Pre-Cross Pattern (15min):
EMA Distance Changes (%): ['0.081', '0.037', '0.012', '0.037']
EMA12 Changes (%): ['-0.070', '-0.075', '-0.043', '-0.092']
Price Changes (%): ['-0.133', '-0.100', '0.133', '-0.365']
Candle Analysis:
    Body Sizes (%): ['0.100', '0.100', '0.166', '0.332']
    Upper Shadows (%): ['0.000', '0.000', '0.100', '0.133']
    Lower Shadows (%): ['0.133', '0.199', '0.199', '0.033']
Volumes: [np.float64(18168.9), np.float64(14900.5), np.float64(14916.0), np.float64(24823.4)]
2025-05-14 17:00:18,112 - INFO - 
2. Post-Cross Movement (30min):
5min Price Changes (%): ['-0.067']
Maximum Change: -0.067% after 5 minutes
Candle Analysis:
    Body Sizes (%): ['0.033']
    Upper Shadows (%): ['0.000']
    Lower Shadows (%): ['0.133']
Volumes: [np.float64(4208.5)]
==================================================
2025-05-14 17:00:19,426 - INFO - 
==================================================
EMA Cross Analysis - FXS/USDT
Time: 2025-05-14 16:55:00+09:00
Type: golden
Cross Character (Current): Weak
Cross Character (New): Weak
Price at Cross: 3.0557

1. Pre-Cross Pattern (15min):
EMA Distance Changes (%): ['0.166', '0.153', '0.043', '0.052']
EMA12 Changes (%): ['-0.037', '0.001', '0.189', '0.181']
Price Changes (%): ['0.050', '0.206', '1.224', '0.138']
Candle Analysis:
    Body Sizes (%): ['0.067', '0.213', '1.251', '0.157']
    Upper Shadows (%): ['0.033', '0.136', '0.173', '0.400']
    Lower Shadows (%): ['0.156', '0.100', '0.027', '0.226']
Volumes: [np.float64(6257.7), np.float64(11504.7), np.float64(28152.3), np.float64(36933.4)]
2025-05-14 17:00:19,426 - INFO - 
2. Post-Cross Movement (30min):
5min Price Changes (%): ['0.003']
Maximum Change: 0.003% after 5 minutes
Candle Analysis:
    Body Sizes (%): ['0.000']
    Upper Shadows (%): ['0.101']
    Lower Shadows (%): ['0.069']
Volumes: [np.float64(836.8)]
==================================================
2025-05-14 17:00:27,483 - INFO - 
==================================================
EMA Cross Analysis - BRETT/USDT
Time: 2025-05-14 17:00:00+09:00
Type: dead
Cross Character (Current): Weak
Cross Character (New): Weak
Price at Cross: 0.08163

1. Pre-Cross Pattern (15min):
EMA Distance Changes (%): ['0.107', '0.082', '0.025', '0.011']
EMA12 Changes (%): ['-0.087', '-0.033', '-0.097', '-0.065']
Price Changes (%): ['0.012', '0.269', '-0.452', '0.110']
Candle Analysis:
    Body Sizes (%): ['0.024', '0.282', '0.427', '0.135']
    Upper Shadows (%): ['0.184', '0.367', '0.134', '0.025']
    Lower Shadows (%): ['0.686', '0.196', '0.183', '0.098']
Volumes: [np.float64(945095.0), np.float64(1250828.0), np.float64(1552823.0), np.float64(176057.0)]
2025-05-14 17:00:27,484 - INFO - 
2. Post-Cross Movement (30min):
5min Price Changes (%): []
Maximum Change: 0.000% after 0 minutes
Candle Analysis:
    Body Sizes (%): []
    Upper Shadows (%): []
    Lower Shadows (%): []
Volumes: []
==================================================
2025-05-14 17:06:12,762 - INFO - 
==================================================
EMA Cross Analysis - BRETT/USDT
Time: 2025-05-14 17:00:00+09:00
Type: dead
Cross Character (Current): Weak
Cross Character (New): Weak
Price at Cross: 0.08143

1. Pre-Cross Pattern (15min):
EMA Distance Changes (%): ['0.107', '0.082', '0.025', '0.030']
EMA12 Changes (%): ['-0.087', '-0.033', '-0.097', '-0.103']
Price Changes (%): ['0.012', '0.269', '-0.452', '-0.135']
Candle Analysis:
    Body Sizes (%): ['0.024', '0.282', '0.427', '0.110']
    Upper Shadows (%): ['0.184', '0.367', '0.134', '0.711']
    Lower Shadows (%): ['0.686', '0.196', '0.183', '0.761']
Volumes: [np.float64(945095.0), np.float64(1250828.0), np.float64(1552823.0), np.float64(2759004.0)]
2025-05-14 17:06:12,762 - INFO - 
2. Post-Cross Movement (30min):
5min Price Changes (%): ['0.160']
Maximum Change: 0.160% after 5 minutes
Candle Analysis:
    Body Sizes (%): ['0.110']
    Upper Shadows (%): ['0.209']
    Lower Shadows (%): ['0.135']
Volumes: [np.float64(267441.0)]
==================================================
2025-05-14 17:10:39,876 - INFO - 
==================================================
EMA Cross Analysis - BOME/USDT
Time: 2025-05-14 17:05:00+09:00
Type: dead
Cross Character (Current): Strong
Cross Character (New): Strong
Price at Cross: 0.002997

1. Pre-Cross Pattern (15min):
EMA Distance Changes (%): ['0.522', '0.326', '0.171', '0.101']
EMA12 Changes (%): ['-0.121', '-0.310', '-0.248', '-0.489']
Price Changes (%): ['-0.866', '-1.358', '0.098', '-1.834']
Candle Analysis:
    Body Sizes (%): ['0.802', '1.390', '0.131', '1.834']
    Upper Shadows (%): ['0.000', '0.000', '0.328', '0.131']
    Lower Shadows (%): ['0.000', '0.194', '0.984', '0.262']
Volumes: [np.float64(137968981.0), np.float64(436563842.0), np.float64(633409048.0), np.float64(677554752.0)]
2025-05-14 17:10:39,876 - INFO - 
2. Post-Cross Movement (30min):
5min Price Changes (%): ['-0.367']
Maximum Change: -0.367% after 5 minutes
Candle Analysis:
    Body Sizes (%): ['0.334']
    Upper Shadows (%): ['0.033']
    Lower Shadows (%): ['0.534']
Volumes: [np.float64(262398719.0)]
==================================================
2025-05-14 17:10:42,922 - INFO - 
==================================================
EMA Cross Analysis - PHA/USDT
Time: 2025-05-14 17:05:00+09:00
Type: dead
Cross Character (Current): Weak
Cross Character (New): Weak
Price at Cross: 0.14412

1. Pre-Cross Pattern (15min):
EMA Distance Changes (%): ['0.139', '0.067', '0.018', '0.027']
EMA12 Changes (%): ['-0.049', '-0.118', '-0.084', '-0.085']
Price Changes (%): ['0.235', '-0.497', '0.104', '-0.090']
Candle Analysis:
    Body Sizes (%): ['0.291', '0.497', '0.111', '0.118']
    Upper Shadows (%): ['0.125', '0.104', '0.354', '0.402']
    Lower Shadows (%): ['0.111', '0.055', '0.312', '0.478']
Volumes: [np.float64(114673.0), np.float64(189093.0), np.float64(173105.0), np.float64(166653.0)]
2025-05-14 17:10:42,922 - INFO - 
2. Post-Cross Movement (30min):
5min Price Changes (%): ['-0.340']
Maximum Change: -0.340% after 5 minutes
Candle Analysis:
    Body Sizes (%): ['0.368']
    Upper Shadows (%): ['0.000']
    Lower Shadows (%): ['0.187']
Volumes: [np.float64(55350.0)]
==================================================
2025-05-14 17:10:44,016 - INFO - 
==================================================
EMA Cross Analysis - TNSR/USDT
Time: 2025-05-14 17:10:00+09:00
Type: dead
Cross Character (Current): Strong
Cross Character (New): Weak
Price at Cross: 0.1857

1. Pre-Cross Pattern (15min):
EMA Distance Changes (%): ['0.233', '0.146', '0.041', '0.106']
EMA12 Changes (%): ['-0.131', '-0.135', '-0.180', '-0.274']
Price Changes (%): ['-0.895', '-0.159', '-0.426', '-0.801']
Candle Analysis:
    Body Sizes (%): ['0.895', '0.106', '0.478', '0.801']
    Upper Shadows (%): ['0.000', '0.850', '0.319', '0.000']
    Lower Shadows (%): ['0.158', '0.053', '0.319', '0.053']
Volumes: [np.float64(307807.0), np.float64(363980.7), np.float64(266538.5), np.float64(218387.8)]
2025-05-14 17:10:44,016 - INFO - 
2. Post-Cross Movement (30min):
5min Price Changes (%): []
Maximum Change: 0.000% after 0 minutes
Candle Analysis:
    Body Sizes (%): []
    Upper Shadows (%): []
    Lower Shadows (%): []
Volumes: []
==================================================
2025-05-14 17:10:50,090 - INFO - 
==================================================
EMA Cross Analysis - USUAL/USDT
Time: 2025-05-14 17:10:00+09:00
Type: dead
Cross Character (Current): Strong
Cross Character (New): Weak
Price at Cross: 0.1715

1. Pre-Cross Pattern (15min):
EMA Distance Changes (%): ['0.270', '0.211', '0.050', '0.103']
EMA12 Changes (%): ['-0.168', '-0.072', '-0.281', '-0.282']
Price Changes (%): ['-1.698', '0.461', '-1.433', '-0.291']
Candle Analysis:
    Body Sizes (%): ['1.642', '0.403', '1.433', '0.233']
    Upper Shadows (%): ['0.000', '0.633', '0.172', '0.000']
    Lower Shadows (%): ['0.396', '0.173', '0.745', '0.814']
Volumes: [np.float64(2522050.0), np.float64(1518171.0), np.float64(5269730.0), np.float64(1285185.0)]
2025-05-14 17:10:50,090 - INFO - 
2. Post-Cross Movement (30min):
5min Price Changes (%): []
Maximum Change: 0.000% after 0 minutes
Candle Analysis:
    Body Sizes (%): []
    Upper Shadows (%): []
    Lower Shadows (%): []
Volumes: []
==================================================
2025-05-14 17:15:22,666 - INFO - 
==================================================
EMA Cross Analysis - ZRO/USDT
Time: 2025-05-14 17:15:00+09:00
Type: dead
Cross Character (Current): Weak
Cross Character (New): Weak
Price at Cross: 3.2368

1. Pre-Cross Pattern (15min):
EMA Distance Changes (%): ['0.259', '0.150', '0.068', '0.001']
EMA12 Changes (%): ['-0.088', '-0.175', '-0.134', '-0.123']
Price Changes (%): ['0.117', '-0.657', '0.093', '-0.059']
Candle Analysis:
    Body Sizes (%): ['0.114', '0.660', '0.102', '0.037']
    Upper Shadows (%): ['0.815', '0.203', '0.037', '0.065']
    Lower Shadows (%): ['0.166', '0.494', '0.556', '0.037']
Volumes: [np.float64(139370.0), np.float64(149014.7), np.float64(126989.9), np.float64(4915.8)]
2025-05-14 17:15:22,666 - INFO - 
2. Post-Cross Movement (30min):
5min Price Changes (%): []
Maximum Change: 0.000% after 0 minutes
Candle Analysis:
    Body Sizes (%): []
    Upper Shadows (%): []
    Lower Shadows (%): []
Volumes: []
==================================================
2025-05-14 17:15:27,208 - INFO - 
==================================================
EMA Cross Analysis - USUAL/USDT
Time: 2025-05-14 17:10:00+09:00
Type: dead
Cross Character (Current): Strong
Cross Character (New): Weak
Price at Cross: 0.1723

1. Pre-Cross Pattern (15min):
EMA Distance Changes (%): ['0.270', '0.211', '0.050', '0.065']
EMA12 Changes (%): ['-0.168', '-0.072', '-0.281', '-0.212']
Price Changes (%): ['-1.698', '0.461', '-1.433', '0.174']
Candle Analysis:
    Body Sizes (%): ['1.642', '0.403', '1.433', '0.233']
    Upper Shadows (%): ['0.000', '0.633', '0.172', '0.000']
    Lower Shadows (%): ['0.396', '0.173', '0.745', '1.047']
Volumes: [np.float64(2522050.0), np.float64(1518171.0), np.float64(5269730.0), np.float64(3966739.0)]
2025-05-14 17:15:27,208 - INFO - 
2. Post-Cross Movement (30min):
5min Price Changes (%): ['0.116']
Maximum Change: 0.116% after 5 minutes
Candle Analysis:
    Body Sizes (%): ['0.116']
    Upper Shadows (%): ['0.000']
    Lower Shadows (%): ['0.174']
Volumes: [np.float64(309901.0)]
==================================================
2025-05-14 17:21:08,774 - INFO - 
==================================================
EMA Cross Analysis - ZRO/USDT
Time: 2025-05-14 17:20:00+09:00
Type: dead
Cross Character (Current): Weak
Cross Character (New): Weak
Price at Cross: 3.2463

1. Pre-Cross Pattern (15min):
EMA Distance Changes (%): ['0.150', '0.068', '0.022', '0.014']
EMA12 Changes (%): ['-0.175', '-0.134', '-0.079', '-0.066']
Price Changes (%): ['-0.657', '0.093', '0.228', '0.006']
Candle Analysis:
    Body Sizes (%): ['0.660', '0.102', '0.250', '0.003']
    Upper Shadows (%): ['0.203', '0.037', '0.364', '0.043']
    Lower Shadows (%): ['0.494', '0.556', '0.435', '0.194']
Volumes: [np.float64(149014.7), np.float64(126989.9), np.float64(76747.7), np.float64(11305.5)]
2025-05-14 17:21:08,774 - INFO - 
2. Post-Cross Movement (30min):
5min Price Changes (%): []
Maximum Change: 0.000% after 0 minutes
Candle Analysis:
    Body Sizes (%): []
    Upper Shadows (%): []
    Lower Shadows (%): []
Volumes: []
==================================================
2025-05-14 17:25:46,319 - INFO - 
==================================================
EMA Cross Analysis - ZRO/USDT
Time: 2025-05-14 17:20:00+09:00
Type: dead
Cross Character (Current): Weak
Cross Character (New): Weak
Price at Cross: 3.2383

1. Pre-Cross Pattern (15min):
EMA Distance Changes (%): ['0.150', '0.068', '0.022', '0.034']
EMA12 Changes (%): ['-0.175', '-0.134', '-0.079', '-0.103']
Price Changes (%): ['-0.657', '0.093', '0.228', '-0.240']
Candle Analysis:
    Body Sizes (%): ['0.660', '0.102', '0.250', '0.243']
    Upper Shadows (%): ['0.203', '0.037', '0.364', '0.114']
    Lower Shadows (%): ['0.494', '0.556', '0.435', '0.117']
Volumes: [np.float64(149014.7), np.float64(126989.9), np.float64(76747.7), np.float64(62698.8)]
2025-05-14 17:25:46,319 - INFO - 
2. Post-Cross Movement (30min):
5min Price Changes (%): ['-0.655']
Maximum Change: -0.655% after 5 minutes
Candle Analysis:
    Body Sizes (%): ['0.645']
    Upper Shadows (%): ['0.000']
    Lower Shadows (%): ['0.056']
Volumes: [np.float64(58477.4)]
==================================================
2025-05-14 17:40:44,726 - INFO - 
==================================================
EMA Cross Analysis - MOODENG/USDT
Time: 2025-05-14 17:35:00+09:00
Type: golden
Cross Character (Current): Weak
Cross Character (New): Weak
Price at Cross: 0.33464

1. Pre-Cross Pattern (15min):
EMA Distance Changes (%): ['0.585', '0.450', '0.283', '0.351']
EMA12 Changes (%): ['-0.121', '0.161', '0.255', '1.245']
Price Changes (%): ['-1.140', '1.727', '0.767', '6.597']
Candle Analysis:
    Body Sizes (%): ['1.140', '1.714', '0.745', '6.617']
    Upper Shadows (%): ['0.094', '0.408', '0.934', '1.071']
    Lower Shadows (%): ['0.391', '0.307', '0.000', '0.089']
Volumes: [np.float64(8233578.0), np.float64(12101891.0), np.float64(20642884.0), np.float64(99681752.0)]
2025-05-14 17:40:44,726 - INFO - 
2. Post-Cross Movement (30min):
5min Price Changes (%): ['1.856']
Maximum Change: 1.856% after 5 minutes
Candle Analysis:
    Body Sizes (%): ['1.850']
    Upper Shadows (%): ['0.266']
    Lower Shadows (%): ['0.087']
Volumes: [np.float64(20092525.0)]
==================================================
2025-05-14 17:40:45,950 - INFO - 
==================================================
EMA Cross Analysis - PHA/USDT
Time: 2025-05-14 17:40:00+09:00
Type: golden
Cross Character (Current): Weak
Cross Character (New): Weak
Price at Cross: 0.14564

1. Pre-Cross Pattern (15min):
EMA Distance Changes (%): ['0.047', '0.045', '0.008', '0.040']
EMA12 Changes (%): ['0.058', '-0.002', '0.065', '0.091']
Price Changes (%): ['0.533', '-0.331', '0.435', '0.234']
Candle Analysis:
    Body Sizes (%): ['0.547', '0.358', '0.373', '0.213']
    Upper Shadows (%): ['0.048', '0.096', '0.035', '0.000']
    Lower Shadows (%): ['0.125', '0.131', '0.193', '0.000']
Volumes: [np.float64(111927.0), np.float64(82647.0), np.float64(43225.0), np.float64(9778.0)]
2025-05-14 17:40:45,950 - INFO - 
2. Post-Cross Movement (30min):
5min Price Changes (%): []
Maximum Change: 0.000% after 0 minutes
Candle Analysis:
    Body Sizes (%): []
    Upper Shadows (%): []
    Lower Shadows (%): []
Volumes: []
==================================================
2025-05-14 17:40:51,239 - INFO - 
==================================================
EMA Cross Analysis - GOAT/USDT
Time: 2025-05-14 17:40:00+09:00
Type: golden
Cross Character (Current): Strong
Cross Character (New): Strong
Price at Cross: 0.21877

1. Pre-Cross Pattern (15min):
EMA Distance Changes (%): ['0.439', '0.384', '0.170', '0.017']
EMA12 Changes (%): ['0.060', '0.042', '0.352', '0.343']
Price Changes (%): ['1.078', '-0.051', '2.049', '0.293']
Candle Analysis:
    Body Sizes (%): ['1.049', '0.061', '2.040', '0.289']
    Upper Shadows (%): ['0.222', '0.393', '0.501', '0.275']
    Lower Shadows (%): ['0.302', '0.734', '0.243', '0.133']
Volumes: [np.float64(2052566.0), np.float64(2390699.0), np.float64(5667786.0), np.float64(1235647.0)]
2025-05-14 17:40:51,239 - INFO - 
2. Post-Cross Movement (30min):
5min Price Changes (%): []
Maximum Change: 0.000% after 0 minutes
Candle Analysis:
    Body Sizes (%): []
    Upper Shadows (%): []
    Lower Shadows (%): []
Volumes: []
==================================================
2025-05-14 17:40:52,449 - INFO - 
==================================================
EMA Cross Analysis - USUAL/USDT
Time: 2025-05-14 17:40:00+09:00
Type: golden
Cross Character (Current): Weak
Cross Character (New): Weak
Price at Cross: 0.1758

1. Pre-Cross Pattern (15min):
EMA Distance Changes (%): ['0.041', '0.063', '0.025', '0.042']
EMA12 Changes (%): ['0.047', '-0.049', '0.065', '0.125']
Price Changes (%): ['-0.228', '-0.572', '0.690', '0.457']
Candle Analysis:
    Body Sizes (%): ['0.285', '0.572', '0.748', '0.400']
    Upper Shadows (%): ['0.171', '0.343', '0.115', '0.057']
    Lower Shadows (%): ['0.114', '0.801', '0.230', '0.000']
Volumes: [np.float64(1886367.0), np.float64(3995678.0), np.float64(1492760.0), np.float64(562865.0)]
2025-05-14 17:40:52,449 - INFO - 
2. Post-Cross Movement (30min):
5min Price Changes (%): []
Maximum Change: 0.000% after 0 minutes
Candle Analysis:
    Body Sizes (%): []
    Upper Shadows (%): []
    Lower Shadows (%): []
Volumes: []
==================================================
2025-05-14 17:45:23,970 - INFO - 
==================================================
EMA Cross Analysis - PHA/USDT
Time: 2025-05-14 17:40:00+09:00
Type: golden
Cross Character (Current): Weak
Cross Character (New): Weak
Price at Cross: 0.14526

1. Pre-Cross Pattern (15min):
EMA Distance Changes (%): ['0.047', '0.045', '0.008', '0.019']
EMA12 Changes (%): ['0.058', '-0.002', '0.065', '0.051']
Price Changes (%): ['0.533', '-0.331', '0.435', '-0.028']
Candle Analysis:
    Body Sizes (%): ['0.547', '0.358', '0.373', '0.048']
    Upper Shadows (%): ['0.048', '0.096', '0.035', '0.220']
    Lower Shadows (%): ['0.125', '0.131', '0.193', '0.028']
Volumes: [np.float64(111927.0), np.float64(82647.0), np.float64(43225.0), np.float64(56003.0)]
2025-05-14 17:45:23,970 - INFO - 
2. Post-Cross Movement (30min):
5min Price Changes (%): ['-0.083']
Maximum Change: -0.083% after 5 minutes
Candle Analysis:
    Body Sizes (%): ['0.041']
    Upper Shadows (%): ['0.021']
    Lower Shadows (%): ['0.014']
Volumes: [np.float64(2406.0)]
==================================================
2025-05-14 17:45:24,627 - INFO - 
==================================================
EMA Cross Analysis - XLM/USDT
Time: 2025-05-14 17:45:00+09:00
Type: dead
Cross Character (Current): Weak
Cross Character (New): Weak
Price at Cross: 0.3126

1. Pre-Cross Pattern (15min):
EMA Distance Changes (%): ['0.073', '0.043', '0.018', '0.001']
EMA12 Changes (%): ['-0.104', '-0.047', '-0.042', '-0.034']
Price Changes (%): ['-0.504', '0.266', '-0.013', '0.006']
Candle Analysis:
    Body Sizes (%): ['0.511', '0.273', '0.013', '0.003']
    Upper Shadows (%): ['0.083', '0.215', '0.250', '0.019']
    Lower Shadows (%): ['0.131', '0.199', '0.122', '0.077']
Volumes: [np.float64(2426373.0), np.float64(1849035.0), np.float64(2022929.0), np.float64(121753.0)]
2025-05-14 17:45:24,627 - INFO - 
2. Post-Cross Movement (30min):
5min Price Changes (%): []
Maximum Change: 0.000% after 0 minutes
Candle Analysis:
    Body Sizes (%): []
    Upper Shadows (%): []
    Lower Shadows (%): []
Volumes: []
==================================================
2025-05-14 17:45:29,252 - INFO - 
==================================================
EMA Cross Analysis - GOAT/USDT
Time: 2025-05-14 17:45:00+09:00
Type: golden
Cross Character (Current): Strong
Cross Character (New): Strong
Price at Cross: 0.21628

1. Pre-Cross Pattern (15min):
EMA Distance Changes (%): ['0.384', '0.170', '0.063', '0.011']
EMA12 Changes (%): ['0.042', '0.352', '0.187', '0.135']
Price Changes (%): ['-0.051', '2.049', '-0.697', '-0.152']
Candle Analysis:
    Body Sizes (%): ['0.061', '2.040', '0.701', '0.166']
    Upper Shadows (%): ['0.393', '0.501', '0.660', '0.180']
    Lower Shadows (%): ['0.734', '0.243', '0.321', '0.162']
Volumes: [np.float64(2390699.0), np.float64(5667786.0), np.float64(5610933.0), np.float64(261080.0)]
2025-05-14 17:45:29,252 - INFO - 
2. Post-Cross Movement (30min):
5min Price Changes (%): []
Maximum Change: 0.000% after 0 minutes
Candle Analysis:
    Body Sizes (%): []
    Upper Shadows (%): []
    Lower Shadows (%): []
Volumes: []
==================================================
2025-05-14 17:45:30,467 - INFO - 
==================================================
EMA Cross Analysis - USUAL/USDT
Time: 2025-05-14 17:40:00+09:00
Type: golden
Cross Character (Current): Weak
Cross Character (New): Weak
Price at Cross: 0.1758

1. Pre-Cross Pattern (15min):
EMA Distance Changes (%): ['0.041', '0.063', '0.025', '0.042']
EMA12 Changes (%): ['0.047', '-0.049', '0.065', '0.125']
Price Changes (%): ['-0.228', '-0.572', '0.690', '0.457']
Candle Analysis:
    Body Sizes (%): ['0.285', '0.572', '0.748', '0.400']
    Upper Shadows (%): ['0.171', '0.343', '0.115', '0.571']
    Lower Shadows (%): ['0.114', '0.801', '0.230', '0.000']
Volumes: [np.float64(1886367.0), np.float64(3995678.0), np.float64(1492760.0), np.float64(1987857.0)]
2025-05-14 17:45:30,467 - INFO - 
2. Post-Cross Movement (30min):
5min Price Changes (%): ['-0.228']
Maximum Change: -0.228% after 5 minutes
Candle Analysis:
    Body Sizes (%): ['0.284']
    Upper Shadows (%): ['0.000']
    Lower Shadows (%): ['0.057']
Volumes: [np.float64(112302.0)]
==================================================
2025-05-14 17:50:06,595 - INFO - 
==================================================
EMA Cross Analysis - USUAL/USDT
Time: 2025-05-14 17:45:00+09:00
Type: dead
Cross Character (Current): Weak
Cross Character (New): Weak
Price at Cross: 0.1717

1. Pre-Cross Pattern (15min):
EMA Distance Changes (%): ['0.063', '0.025', '0.042', '0.095']
EMA12 Changes (%): ['-0.049', '0.065', '0.125', '-0.255']
Price Changes (%): ['-0.572', '0.690', '0.457', '-2.332']
Candle Analysis:
    Body Sizes (%): ['0.572', '0.748', '0.400', '2.388']
    Upper Shadows (%): ['0.343', '0.115', '0.571', '0.000']
    Lower Shadows (%): ['0.801', '0.230', '0.000', '0.341']
Volumes: [np.float64(3995678.0), np.float64(1492760.0), np.float64(1987857.0), np.float64(3062258.0)]
2025-05-14 17:50:06,595 - INFO - 
2. Post-Cross Movement (30min):
5min Price Changes (%): ['-0.233']
Maximum Change: -0.233% after 5 minutes
Candle Analysis:
    Body Sizes (%): ['0.175']
    Upper Shadows (%): ['0.000']
    Lower Shadows (%): ['0.058']
Volumes: [np.float64(24033.0)]
==================================================
2025-05-14 17:51:09,438 - INFO - 
==================================================
EMA Cross Analysis - HIPPO/USDT
Time: 2025-05-14 17:45:00+09:00
Type: dead
Cross Character (Current): Strong
Cross Character (New): Strong
Price at Cross: 0.004093

1. Pre-Cross Pattern (15min):
EMA Distance Changes (%): ['0.340', '0.287', '0.256', '0.099']
EMA12 Changes (%): ['-0.172', '-0.048', '-0.019', '-0.639']
Price Changes (%): ['-0.774', '0.638', '0.141', '-4.055']
Candle Analysis:
    Body Sizes (%): ['0.774', '0.638', '0.164', '4.033']
    Upper Shadows (%): ['0.258', '0.189', '0.892', '0.141']
    Lower Shadows (%): ['0.633', '0.921', '0.587', '1.008']
Volumes: [np.float64(33698956.0), np.float64(33857055.0), np.float64(41690084.0), np.float64(152774305.0)]
2025-05-14 17:51:09,438 - INFO - 
2. Post-Cross Movement (30min):
5min Price Changes (%): ['-1.246']
Maximum Change: -1.246% after 5 minutes
Candle Analysis:
    Body Sizes (%): ['1.246']
    Upper Shadows (%): ['0.293']
    Lower Shadows (%): ['0.098']
Volumes: [np.float64(89167937.0)]
==================================================
2025-05-14 17:51:10,899 - INFO - 
==================================================
EMA Cross Analysis - MOODENG/USDT
Time: 2025-05-14 17:45:00+09:00
Type: dead
Cross Character (Current): Weak
Cross Character (New): Weak
Price at Cross: 0.27778

1. Pre-Cross Pattern (15min):
EMA Distance Changes (%): ['0.283', '0.351', '0.711', '0.314']
EMA12 Changes (%): ['0.255', '1.245', '0.769', '-1.855']
Price Changes (%): ['0.767', '6.597', '-1.653', '-15.597']
Candle Analysis:
    Body Sizes (%): ['0.745', '6.617', '1.658', '15.597']
    Upper Shadows (%): ['0.934', '1.071', '3.081', '0.930']
    Lower Shadows (%): ['0.000', '0.089', '0.114', '3.303']
Volumes: [np.float64(20642884.0), np.float64(99681752.0), np.float64(104434007.0), np.float64(370068704.0)]
2025-05-14 17:51:10,899 - INFO - 
2. Post-Cross Movement (30min):
5min Price Changes (%): ['-2.743']
Maximum Change: -2.743% after 5 minutes
Candle Analysis:
    Body Sizes (%): ['2.754']
    Upper Shadows (%): ['0.659']
    Lower Shadows (%): ['2.757']
Volumes: [np.float64(67158256.0)]
==================================================
2025-05-14 17:51:11,352 - INFO - 
==================================================
EMA Cross Analysis - PHA/USDT
Time: 2025-05-14 17:45:00+09:00
Type: dead
Cross Character (Current): Weak
Cross Character (New): Weak
Price at Cross: 0.14382

1. Pre-Cross Pattern (15min):
EMA Distance Changes (%): ['0.045', '0.008', '0.019', '0.039']
EMA12 Changes (%): ['-0.002', '0.065', '0.051', '-0.110']
Price Changes (%): ['-0.331', '0.435', '-0.028', '-0.991']
Candle Analysis:
    Body Sizes (%): ['0.358', '0.373', '0.048', '0.950']
    Upper Shadows (%): ['0.096', '0.035', '0.220', '0.021']
    Lower Shadows (%): ['0.131', '0.193', '0.028', '0.124']
Volumes: [np.float64(82647.0), np.float64(43225.0), np.float64(56003.0), np.float64(186193.0)]
2025-05-14 17:51:11,352 - INFO - 
2. Post-Cross Movement (30min):
5min Price Changes (%): ['-0.584']
Maximum Change: -0.584% after 5 minutes
Candle Analysis:
    Body Sizes (%): ['0.556']
    Upper Shadows (%): ['0.000']
    Lower Shadows (%): ['0.014']
Volumes: [np.float64(39397.0)]
==================================================
2025-05-14 17:51:12,002 - INFO - 
==================================================
EMA Cross Analysis - XLM/USDT
Time: 2025-05-14 17:45:00+09:00
Type: dead
Cross Character (Current): Weak
Cross Character (New): Weak
Price at Cross: 0.31207

1. Pre-Cross Pattern (15min):
EMA Distance Changes (%): ['0.073', '0.043', '0.018', '0.014']
EMA12 Changes (%): ['-0.104', '-0.047', '-0.042', '-0.060']
Price Changes (%): ['-0.504', '0.266', '-0.013', '-0.163']
Candle Analysis:
    Body Sizes (%): ['0.511', '0.273', '0.013', '0.166']
    Upper Shadows (%): ['0.083', '0.215', '0.250', '0.291']
    Lower Shadows (%): ['0.131', '0.199', '0.122', '0.090']
Volumes: [np.float64(2426373.0), np.float64(1849035.0), np.float64(2022929.0), np.float64(2079489.0)]
2025-05-14 17:51:12,002 - INFO - 
2. Post-Cross Movement (30min):
5min Price Changes (%): ['-0.615']
Maximum Change: -0.615% after 5 minutes
Candle Analysis:
    Body Sizes (%): ['0.618']
    Upper Shadows (%): ['0.058']
    Lower Shadows (%): ['0.026']
Volumes: [np.float64(1576531.0)]
==================================================
2025-05-14 18:00:27,899 - INFO - 
==================================================
EMA Cross Analysis - XRP/USDT
Time: 2025-05-14 18:00:00+09:00
Type: dead
Cross Character (Current): Weak
Cross Character (New): Weak
Price at Cross: 2.5708

1. Pre-Cross Pattern (15min):
EMA Distance Changes (%): ['0.239', '0.175', '0.067', '0.013']
EMA12 Changes (%): ['0.019', '-0.092', '-0.184', '-0.143']
Price Changes (%): ['-0.084', '-0.699', '-0.696', '0.086']
Candle Analysis:
    Body Sizes (%): ['0.088', '0.703', '0.700', '0.082']
    Upper Shadows (%): ['0.403', '0.061', '0.340', '0.152']
    Lower Shadows (%): ['0.184', '0.211', '0.267', '0.027']
Volumes: [np.float64(6162216.6), np.float64(9077563.0), np.float64(14638129.6), np.float64(1394215.8)]
2025-05-14 18:00:27,900 - INFO - 
2. Post-Cross Movement (30min):
5min Price Changes (%): []
Maximum Change: 0.000% after 0 minutes
Candle Analysis:
    Body Sizes (%): []
    Upper Shadows (%): []
    Lower Shadows (%): []
Volumes: []
==================================================
2025-05-14 18:00:32,175 - INFO - 
==================================================
EMA Cross Analysis - MELANIA/USDT
Time: 2025-05-14 17:55:00+09:00
Type: dead
Cross Character (Current): Strong
Cross Character (New): Strong
Price at Cross: 0.4315

1. Pre-Cross Pattern (15min):
EMA Distance Changes (%): ['1.329', '0.895', '0.447', '0.049']
EMA12 Changes (%): ['-0.339', '-0.680', '-0.716', '-0.856']
Price Changes (%): ['-0.394', '-2.595', '-0.926', '-1.664']
Candle Analysis:
    Body Sizes (%): ['0.394', '2.552', '0.903', '1.574']
    Upper Shadows (%): ['0.088', '0.022', '0.181', '0.114']
    Lower Shadows (%): ['1.687', '0.550', '0.474', '0.160']
Volumes: [np.float64(2149503.02), np.float64(2797872.63), np.float64(1813871.36), np.float64(3219217.23)]
2025-05-14 18:00:32,175 - INFO - 
2. Post-Cross Movement (30min):
5min Price Changes (%): ['0.603']
Maximum Change: 0.603% after 5 minutes
Candle Analysis:
    Body Sizes (%): ['0.626']
    Upper Shadows (%): ['0.232']
    Lower Shadows (%): ['0.000']
Volumes: [np.float64(306837.88)]
==================================================
2025-05-14 18:05:03,954 - INFO - 
==================================================
EMA Cross Analysis - XRP/USDT
Time: 2025-05-14 18:00:00+09:00
Type: dead
Cross Character (Current): Weak
Cross Character (New): Weak
Price at Cross: 2.5676

1. Pre-Cross Pattern (15min):
EMA Distance Changes (%): ['0.239', '0.175', '0.067', '0.023']
EMA12 Changes (%): ['0.019', '-0.092', '-0.184', '-0.162']
Price Changes (%): ['-0.084', '-0.699', '-0.696', '-0.039']
Candle Analysis:
    Body Sizes (%): ['0.088', '0.703', '0.700', '0.043']
    Upper Shadows (%): ['0.403', '0.061', '0.340', '0.545']
    Lower Shadows (%): ['0.184', '0.211', '0.267', '0.004']
Volumes: [np.float64(6162216.6), np.float64(9077563.0), np.float64(14638129.6), np.float64(10684231.1)]
2025-05-14 18:05:03,954 - INFO - 
2. Post-Cross Movement (30min):
5min Price Changes (%): ['-0.031']
Maximum Change: -0.031% after 5 minutes
Candle Analysis:
    Body Sizes (%): ['0.031']
    Upper Shadows (%): ['0.000']
    Lower Shadows (%): ['0.004']
Volumes: [np.float64(32450.2)]
==================================================
2025-05-14 18:06:13,562 - INFO - 
==================================================
EMA Cross Analysis - GRASS/USDT
Time: 2025-05-14 18:00:00+09:00
Type: dead
Cross Character (Current): Strong
Cross Character (New): Strong
Price at Cross: 2.0586

1. Pre-Cross Pattern (15min):
EMA Distance Changes (%): ['0.617', '0.392', '0.162', '0.044']
EMA12 Changes (%): ['-0.318', '-0.342', '-0.383', '-0.366']
Price Changes (%): ['-2.376', '-0.479', '-0.611', '-0.271']
Candle Analysis:
    Body Sizes (%): ['2.344', '0.584', '0.626', '0.271']
    Upper Shadows (%): ['0.192', '0.000', '0.520', '1.424']
    Lower Shadows (%): ['0.220', '1.283', '0.197', '0.078']
Volumes: [np.float64(429447.3), np.float64(582243.8), np.float64(454014.3), np.float64(314900.3)]
2025-05-14 18:06:13,563 - INFO - 
2. Post-Cross Movement (30min):
5min Price Changes (%): ['-0.092']
Maximum Change: -0.092% after 5 minutes
Candle Analysis:
    Body Sizes (%): ['0.112']
    Upper Shadows (%): ['0.350']
    Lower Shadows (%): ['0.277']
Volumes: [np.float64(83739.2)]
==================================================
2025-05-14 18:10:50,558 - INFO - 
==================================================
EMA Cross Analysis - EOS/USDT
Time: 2025-05-14 18:10:00+09:00
Type: golden
Cross Character (Current): Weak
Cross Character (New): Weak
Price at Cross: 0.899

1. Pre-Cross Pattern (15min):
EMA Distance Changes (%): ['0.645', '0.288', '0.022', '0.238']
EMA12 Changes (%): ['-0.292', '0.556', '0.486', '0.515']
Price Changes (%): ['-0.587', '5.313', '0.112', '0.672']
Candle Analysis:
    Body Sizes (%): ['0.703', '5.189', '0.000', '0.559']
    Upper Shadows (%): ['0.117', '3.184', '0.560', '1.342']
    Lower Shadows (%): ['0.117', '0.118', '1.680', '0.112']
Volumes: [np.float64(2379404.8), np.float64(46449397.8), np.float64(6747361.9), np.float64(4079900.7)]
2025-05-14 18:10:50,558 - INFO - 
2. Post-Cross Movement (30min):
5min Price Changes (%): []
Maximum Change: 0.000% after 0 minutes
Candle Analysis:
    Body Sizes (%): []
    Upper Shadows (%): []
    Lower Shadows (%): []
Volumes: []
==================================================
2025-05-14 18:15:27,768 - INFO - 
==================================================
EMA Cross Analysis - EOS/USDT
Time: 2025-05-14 18:10:00+09:00
Type: golden
Cross Character (Current): Weak
Cross Character (New): Weak
Price at Cross: 0.895

1. Pre-Cross Pattern (15min):
EMA Distance Changes (%): ['0.645', '0.288', '0.022', '0.203']
EMA12 Changes (%): ['-0.292', '0.556', '0.486', '0.444']
Price Changes (%): ['-0.587', '5.313', '0.112', '0.224']
Candle Analysis:
    Body Sizes (%): ['0.703', '5.189', '0.000', '0.112']
    Upper Shadows (%): ['0.117', '3.184', '0.560', '1.790']
    Lower Shadows (%): ['0.117', '0.118', '1.680', '0.671']
Volumes: [np.float64(2379404.8), np.float64(46449397.8), np.float64(6747361.9), np.float64(8779676.3)]
2025-05-14 18:15:27,768 - INFO - 
2. Post-Cross Movement (30min):
5min Price Changes (%): ['0.335']
Maximum Change: 0.335% after 5 minutes
Candle Analysis:
    Body Sizes (%): ['0.335']
    Upper Shadows (%): ['0.000']
    Lower Shadows (%): ['0.112']
Volumes: [np.float64(349425.8)]
==================================================
2025-05-14 18:25:50,077 - INFO - 
==================================================
EMA Cross Analysis - GRASS/USDT
Time: 2025-05-14 18:20:00+09:00
Type: golden
Cross Character (Current): Weak
Cross Character (New): Weak
Price at Cross: 2.1517

1. Pre-Cross Pattern (15min):
EMA Distance Changes (%): ['0.134', '0.188', '0.112', '0.101']
EMA12 Changes (%): ['-0.178', '-0.121', '0.115', '0.400']
Price Changes (%): ['0.879', '0.197', '1.427', '1.952']
Candle Analysis:
    Body Sizes (%): ['0.860', '0.159', '1.422', '1.942']
    Upper Shadows (%): ['0.194', '0.741', '0.879', '0.156']
    Lower Shadows (%): ['0.389', '0.323', '0.000', '0.190']
Volumes: [np.float64(271044.6), np.float64(219007.3), np.float64(382366.8), np.float64(386650.7)]
2025-05-14 18:25:50,077 - INFO - 
2. Post-Cross Movement (30min):
5min Price Changes (%): ['1.213']
Maximum Change: 1.213% after 5 minutes
Candle Analysis:
    Body Sizes (%): ['1.213']
    Upper Shadows (%): ['0.209']
    Lower Shadows (%): ['0.000']
Volumes: [np.float64(234251.3)]
==================================================
2025-05-14 18:30:23,946 - INFO - 
==================================================
EMA Cross Analysis - HIPPO/USDT
Time: 2025-05-14 18:30:00+09:00
Type: golden
Cross Character (Current): Weak
Cross Character (New): Weak
Price at Cross: 0.004606

1. Pre-Cross Pattern (15min):
EMA Distance Changes (%): ['0.841', '1.011', '0.810', '0.099']
EMA12 Changes (%): ['-0.218', '-0.414', '0.183', '1.673']
Price Changes (%): ['-0.146', '-1.507', '3.554', '9.771']
Candle Analysis:
    Body Sizes (%): ['0.146', '1.483', '3.528', '9.745']
    Upper Shadows (%): ['0.510', '0.827', '0.543', '2.168']
    Lower Shadows (%): ['0.898', '0.049', '0.000', '0.000']
Volumes: [np.float64(74374937.0), np.float64(62157177.0), np.float64(119500925.0), np.float64(377394234.0)]
2025-05-14 18:30:23,946 - INFO - 
2. Post-Cross Movement (30min):
5min Price Changes (%): []
Maximum Change: 0.000% after 0 minutes
Candle Analysis:
    Body Sizes (%): []
    Upper Shadows (%): []
    Lower Shadows (%): []
Volumes: []
==================================================
2025-05-14 18:36:11,139 - INFO - 
==================================================
EMA Cross Analysis - HIPPO/USDT
Time: 2025-05-14 18:30:00+09:00
Type: golden
Cross Character (Current): Weak
Cross Character (New): Weak
Price at Cross: 0.004989

1. Pre-Cross Pattern (15min):
EMA Distance Changes (%): ['0.841', '1.011', '0.810', '0.704']
EMA12 Changes (%): ['-0.218', '-0.414', '0.183', '3.091']
Price Changes (%): ['-0.146', '-1.507', '3.554', '18.899']
Candle Analysis:
    Body Sizes (%): ['0.146', '1.483', '3.528', '18.871']
    Upper Shadows (%): ['0.510', '0.827', '0.543', '1.382']
    Lower Shadows (%): ['0.898', '0.049', '0.000', '0.000']
Volumes: [np.float64(74374937.0), np.float64(62157177.0), np.float64(119500925.0), np.float64(2661988703.0)]
2025-05-14 18:36:11,140 - INFO - 
2. Post-Cross Movement (30min):
5min Price Changes (%): ['3.848']
Maximum Change: 3.848% after 5 minutes
Candle Analysis:
    Body Sizes (%): ['3.869']
    Upper Shadows (%): ['0.381']
    Lower Shadows (%): ['1.423']
Volumes: [np.float64(573265708.0)]
==================================================
2025-05-14 18:40:49,056 - INFO - 
==================================================
EMA Cross Analysis - PHA/USDT
Time: 2025-05-14 18:40:00+09:00
Type: golden
Cross Character (Current): Strong
Cross Character (New): Weak
Price at Cross: 0.14585

1. Pre-Cross Pattern (15min):
EMA Distance Changes (%): ['0.271', '0.179', '0.095', '0.020']
EMA12 Changes (%): ['0.103', '0.138', '0.138', '0.210']
Price Changes (%): ['0.208', '0.326', '0.138', '0.600']
Candle Analysis:
    Body Sizes (%): ['0.174', '0.360', '0.152', '0.586']
    Upper Shadows (%): ['0.069', '0.076', '0.014', '0.041']
    Lower Shadows (%): ['0.007', '0.236', '0.242', '0.000']
Volumes: [np.float64(103414.0), np.float64(508526.0), np.float64(212809.0), np.float64(84233.0)]
2025-05-14 18:40:49,056 - INFO - 
2. Post-Cross Movement (30min):
5min Price Changes (%): []
Maximum Change: 0.000% after 0 minutes
Candle Analysis:
    Body Sizes (%): []
    Upper Shadows (%): []
    Lower Shadows (%): []
Volumes: []
==================================================
2025-05-14 18:40:51,951 - INFO - 
==================================================
EMA Cross Analysis - EOS/USDT
Time: 2025-05-14 18:40:00+09:00
Type: dead
Cross Character (Current): Weak
Cross Character (New): Weak
Price at Cross: 0.855

1. Pre-Cross Pattern (15min):
EMA Distance Changes (%): ['0.410', '0.291', '0.070', '0.107']
EMA12 Changes (%): ['0.116', '-0.182', '-0.383', '-0.325']
Price Changes (%): ['0.227', '-1.810', '-1.498', '0.000']
Candle Analysis:
    Body Sizes (%): ['0.341', '1.921', '1.498', '0.000']
    Upper Shadows (%): ['0.341', '0.000', '0.000', '0.234']
    Lower Shadows (%): ['0.227', '0.565', '0.576', '0.234']
Volumes: [np.float64(1613142.4), np.float64(7294472.1), np.float64(8590404.8), np.float64(533394.9)]
2025-05-14 18:40:51,951 - INFO - 
2. Post-Cross Movement (30min):
5min Price Changes (%): []
Maximum Change: 0.000% after 0 minutes
Candle Analysis:
    Body Sizes (%): []
    Upper Shadows (%): []
    Lower Shadows (%): []
Volumes: []
==================================================
2025-05-14 18:40:52,186 - INFO - 
==================================================
EMA Cross Analysis - XRP/USDT
Time: 2025-05-14 18:40:00+09:00
Type: golden
Cross Character (Current): Weak
Cross Character (New): Weak
Price at Cross: 2.6028

1. Pre-Cross Pattern (15min):
EMA Distance Changes (%): ['0.093', '0.056', '0.026', '0.020']
EMA12 Changes (%): ['0.047', '0.059', '0.049', '0.086']
Price Changes (%): ['0.446', '0.127', '-0.008', '0.289']
Candle Analysis:
    Body Sizes (%): ['0.450', '0.123', '0.004', '0.281']
    Upper Shadows (%): ['0.062', '0.143', '0.166', '0.035']
    Lower Shadows (%): ['0.023', '0.154', '0.042', '0.004']
Volumes: [np.float64(4551075.4), np.float64(4179536.2), np.float64(2561450.8), np.float64(1181105.4)]
2025-05-14 18:40:52,186 - INFO - 
2. Post-Cross Movement (30min):
5min Price Changes (%): []
Maximum Change: 0.000% after 0 minutes
Candle Analysis:
    Body Sizes (%): []
    Upper Shadows (%): []
    Lower Shadows (%): []
Volumes: []
==================================================
2025-05-14 18:45:26,689 - INFO - 
==================================================
EMA Cross Analysis - PHA/USDT
Time: 2025-05-14 18:40:00+09:00
Type: golden
Cross Character (Current): Strong
Cross Character (New): Weak
Price at Cross: 0.14634

1. Pre-Cross Pattern (15min):
EMA Distance Changes (%): ['0.271', '0.179', '0.095', '0.047']
EMA12 Changes (%): ['0.103', '0.138', '0.138', '0.262']
Price Changes (%): ['0.208', '0.326', '0.138', '0.938']
Candle Analysis:
    Body Sizes (%): ['0.174', '0.360', '0.152', '0.924']
    Upper Shadows (%): ['0.069', '0.076', '0.014', '0.034']
    Lower Shadows (%): ['0.007', '0.236', '0.242', '0.000']
Volumes: [np.float64(103414.0), np.float64(508526.0), np.float64(212809.0), np.float64(453597.0)]
2025-05-14 18:45:26,689 - INFO - 
2. Post-Cross Movement (30min):
5min Price Changes (%): ['-0.369']
Maximum Change: -0.369% after 5 minutes
Candle Analysis:
    Body Sizes (%): ['0.376']
    Upper Shadows (%): ['0.007']
    Lower Shadows (%): ['0.014']
Volumes: [np.float64(28968.0)]
==================================================
2025-05-14 18:45:29,531 - INFO - 
==================================================
EMA Cross Analysis - EOS/USDT
Time: 2025-05-14 18:40:00+09:00
Type: dead
Cross Character (Current): Weak
Cross Character (New): Weak
Price at Cross: 0.85

1. Pre-Cross Pattern (15min):
EMA Distance Changes (%): ['0.410', '0.291', '0.070', '0.155']
EMA12 Changes (%): ['0.116', '-0.182', '-0.383', '-0.413']
Price Changes (%): ['0.227', '-1.810', '-1.498', '-0.585']
Candle Analysis:
    Body Sizes (%): ['0.341', '1.921', '1.498', '0.585']
    Upper Shadows (%): ['0.341', '0.000', '0.000', '0.702']
    Lower Shadows (%): ['0.227', '0.565', '0.576', '0.234']
Volumes: [np.float64(1613142.4), np.float64(7294472.1), np.float64(8590404.8), np.float64(5735538.4)]
2025-05-14 18:45:29,531 - INFO - 
2. Post-Cross Movement (30min):
5min Price Changes (%): ['0.471']
Maximum Change: 0.471% after 5 minutes
Candle Analysis:
    Body Sizes (%): ['0.589']
    Upper Shadows (%): ['0.000']
    Lower Shadows (%): ['0.000']
Volumes: [np.float64(437354.1)]
==================================================
2025-05-14 18:45:29,879 - INFO - 
==================================================
EMA Cross Analysis - XRP/USDT
Time: 2025-05-14 18:40:00+09:00
Type: golden
Cross Character (Current): Weak
Cross Character (New): Weak
Price at Cross: 2.6302

1. Pre-Cross Pattern (15min):
EMA Distance Changes (%): ['0.093', '0.056', '0.026', '0.103']
EMA12 Changes (%): ['0.047', '0.059', '0.049', '0.249']
Price Changes (%): ['0.446', '0.127', '-0.008', '1.345']
Candle Analysis:
    Body Sizes (%): ['0.450', '0.123', '0.004', '1.337']
    Upper Shadows (%): ['0.062', '0.143', '0.166', '0.501']
    Lower Shadows (%): ['0.023', '0.154', '0.042', '0.004']
Volumes: [np.float64(4551075.4), np.float64(4179536.2), np.float64(2561450.8), np.float64(28229708.6)]
2025-05-14 18:45:29,879 - INFO - 
2. Post-Cross Movement (30min):
5min Price Changes (%): ['0.418']
Maximum Change: 0.418% after 5 minutes
Candle Analysis:
    Body Sizes (%): ['0.422']
    Upper Shadows (%): ['0.129']
    Lower Shadows (%): ['0.011']
Volumes: [np.float64(3516406.0)]
==================================================
2025-05-14 18:50:04,557 - INFO - 
==================================================
EMA Cross Analysis - XLM/USDT
Time: 2025-05-14 18:50:00+09:00
Type: golden
Cross Character (Current): Weak
Cross Character (New): Weak
Price at Cross: 0.31489

1. Pre-Cross Pattern (15min):
EMA Distance Changes (%): ['0.244', '0.155', '0.045', '0.043']
EMA12 Changes (%): ['-0.013', '0.133', '0.192', '0.164']
Price Changes (%): ['-0.254', '0.941', '0.514', '0.010']
Candle Analysis:
    Body Sizes (%): ['0.251', '0.944', '0.536', '0.000']
    Upper Shadows (%): ['0.058', '0.322', '0.367', '0.000']
    Lower Shadows (%): ['0.064', '0.026', '0.000', '0.003']
Volumes: [np.float64(1089357.0), np.float64(8270445.0), np.float64(8000756.0), np.float64(2022.0)]
2025-05-14 18:50:04,557 - INFO - 
2. Post-Cross Movement (30min):
5min Price Changes (%): []
Maximum Change: 0.000% after 0 minutes
Candle Analysis:
    Body Sizes (%): []
    Upper Shadows (%): []
    Lower Shadows (%): []
Volumes: []
==================================================
2025-05-14 19:00:29,845 - INFO - 
==================================================
EMA Cross Analysis - XLM/USDT
Time: 2025-05-14 19:00:00+09:00
Type: golden
Cross Character (Current): Weak
Cross Character (New): Weak
Price at Cross: 0.31265

1. Pre-Cross Pattern (15min):
EMA Distance Changes (%): ['0.045', '0.039', '0.023', '0.004']
EMA12 Changes (%): ['0.192', '0.006', '0.024', '0.049']
Price Changes (%): ['0.514', '-1.007', '0.125', '0.183']
Candle Analysis:
    Body Sizes (%): ['0.536', '1.016', '0.125', '0.176']
    Upper Shadows (%): ['0.367', '0.016', '0.141', '0.045']
    Lower Shadows (%): ['0.000', '0.060', '0.209', '0.000']
Volumes: [np.float64(8000756.0), np.float64(3230927.0), np.float64(2036564.0), np.float64(121148.0)]
2025-05-14 19:00:29,845 - INFO - 
2. Post-Cross Movement (30min):
5min Price Changes (%): []
Maximum Change: 0.000% after 0 minutes
Candle Analysis:
    Body Sizes (%): []
    Upper Shadows (%): []
    Lower Shadows (%): []
Volumes: []
==================================================
2025-05-14 19:05:06,938 - INFO - 
==================================================
EMA Cross Analysis - XLM/USDT
Time: 2025-05-14 19:05:00+09:00
Type: golden
Cross Character (Current): Weak
Cross Character (New): Weak
Price at Cross: 0.31211

1. Pre-Cross Pattern (15min):
EMA Distance Changes (%): ['0.039', '0.023', '0.008', '0.002']
EMA12 Changes (%): ['0.006', '0.024', '0.026', '0.018']
Price Changes (%): ['-1.007', '0.125', '0.035', '-0.026']
Candle Analysis:
    Body Sizes (%): ['1.016', '0.125', '0.029', '0.010']
    Upper Shadows (%): ['0.016', '0.141', '0.247', '0.013']
    Lower Shadows (%): ['0.060', '0.209', '0.054', '0.000']
Volumes: [np.float64(3230927.0), np.float64(2036564.0), np.float64(1536533.0), np.float64(27763.0)]
2025-05-14 19:05:06,939 - INFO - 
2. Post-Cross Movement (30min):
5min Price Changes (%): []
Maximum Change: 0.000% after 0 minutes
Candle Analysis:
    Body Sizes (%): []
    Upper Shadows (%): []
    Lower Shadows (%): []
Volumes: []
==================================================
2025-05-14 19:15:33,724 - INFO - 
==================================================
EMA Cross Analysis - ARPA/USDT
Time: 2025-05-14 19:15:00+09:00
Type: golden
Cross Character (Current): Weak
Cross Character (New): Weak
Price at Cross: 0.02811

1. Pre-Cross Pattern (15min):
EMA Distance Changes (%): ['0.196', '0.108', '0.049', '0.004']
EMA12 Changes (%): ['0.124', '0.144', '0.099', '0.095']
Price Changes (%): ['0.286', '0.249', '-0.142', '0.071']
Candle Analysis:
    Body Sizes (%): ['0.286', '0.285', '0.142', '0.036']
    Upper Shadows (%): ['0.143', '0.071', '0.249', '0.000']
    Lower Shadows (%): ['0.071', '0.036', '0.107', '0.071']
Volumes: [np.float64(672463.0), np.float64(1212541.0), np.float64(1289717.0), np.float64(73118.0)]
2025-05-14 19:15:33,724 - INFO - 
2. Post-Cross Movement (30min):
5min Price Changes (%): []
Maximum Change: 0.000% after 0 minutes
Candle Analysis:
    Body Sizes (%): []
    Upper Shadows (%): []
    Lower Shadows (%): []
Volumes: []
==================================================
2025-05-14 19:20:11,470 - INFO - 
==================================================
EMA Cross Analysis - ARPA/USDT
Time: 2025-05-14 19:15:00+09:00
Type: golden
Cross Character (Current): Weak
Cross Character (New): Weak
Price at Cross: 0.02821

1. Pre-Cross Pattern (15min):
EMA Distance Changes (%): ['0.196', '0.108', '0.049', '0.032']
EMA12 Changes (%): ['0.124', '0.144', '0.099', '0.150']
Price Changes (%): ['0.286', '0.249', '-0.142', '0.427']
Candle Analysis:
    Body Sizes (%): ['0.286', '0.285', '0.142', '0.391']
    Upper Shadows (%): ['0.143', '0.071', '0.249', '0.320']
    Lower Shadows (%): ['0.071', '0.036', '0.107', '0.071']
Volumes: [np.float64(672463.0), np.float64(1212541.0), np.float64(1289717.0), np.float64(2431472.0)]
2025-05-14 19:20:11,471 - INFO - 
2. Post-Cross Movement (30min):
5min Price Changes (%): ['-0.177']
Maximum Change: -0.177% after 5 minutes
Candle Analysis:
    Body Sizes (%): ['0.142']
    Upper Shadows (%): ['0.000']
    Lower Shadows (%): ['0.213']
Volumes: [np.float64(452978.0)]
==================================================
2025-05-14 19:25:54,067 - INFO - 
==================================================
EMA Cross Analysis - 1000PEPE/USDT
Time: 2025-05-14 19:25:00+09:00
Type: golden
Cross Character (Current): Weak
Cross Character (New): Weak
Price at Cross: 0.0141339

1. Pre-Cross Pattern (15min):
EMA Distance Changes (%): ['0.143', '0.113', '0.063', '0.008']
EMA12 Changes (%): ['0.089', '0.039', '0.080', '0.128']
Price Changes (%): ['0.286', '-0.232', '0.302', '0.393']
Candle Analysis:
    Body Sizes (%): ['0.300', '0.232', '0.303', '0.393']
    Upper Shadows (%): ['0.189', '0.581', '0.068', '0.021']
    Lower Shadows (%): ['0.212', '0.211', '0.256', '0.000']
Volumes: [np.float64(280715931.0), np.float64(650595396.0), np.float64(317870454.0), np.float64(135519135.0)]
2025-05-14 19:25:54,068 - INFO - 
2. Post-Cross Movement (30min):
5min Price Changes (%): []
Maximum Change: 0.000% after 0 minutes
Candle Analysis:
    Body Sizes (%): []
    Upper Shadows (%): []
    Lower Shadows (%): []
Volumes: []
==================================================
2025-05-14 19:25:58,772 - INFO - 
==================================================
EMA Cross Analysis - ADA/USDT
Time: 2025-05-14 19:20:00+09:00
Type: golden
Cross Character (Current): Weak
Cross Character (New): Weak
Price at Cross: 0.8191

1. Pre-Cross Pattern (15min):
EMA Distance Changes (%): ['0.102', '0.055', '0.037', '0.011']
EMA12 Changes (%): ['0.060', '0.077', '0.026', '0.088']
Price Changes (%): ['-0.135', '0.172', '-0.257', '0.429']
Candle Analysis:
    Body Sizes (%): ['0.122', '0.184', '0.257', '0.441']
    Upper Shadows (%): ['0.024', '0.025', '0.196', '0.000']
    Lower Shadows (%): ['0.061', '0.086', '0.110', '0.196']
Volumes: [np.float64(2362220.0), np.float64(2208598.0), np.float64(3326870.0), np.float64(2025833.0)]
2025-05-14 19:25:58,773 - INFO - 
2. Post-Cross Movement (30min):
5min Price Changes (%): ['0.134']
Maximum Change: 0.134% after 5 minutes
Candle Analysis:
    Body Sizes (%): ['0.147']
    Upper Shadows (%): ['0.000']
    Lower Shadows (%): ['0.000']
Volumes: [np.float64(562203.0)]
==================================================
2025-05-14 19:25:59,001 - INFO - 
==================================================
EMA Cross Analysis - WLD/USDT
Time: 2025-05-14 19:25:00+09:00
Type: golden
Cross Character (Current): Strong
Cross Character (New): Weak
Price at Cross: 1.2962

1. Pre-Cross Pattern (15min):
EMA Distance Changes (%): ['0.233', '0.162', '0.033', '0.092']
EMA12 Changes (%): ['0.133', '0.105', '0.227', '0.239']
Price Changes (%): ['0.455', '-0.047', '0.890', '0.310']
Candle Analysis:
    Body Sizes (%): ['0.463', '0.047', '0.914', '0.317']
    Upper Shadows (%): ['0.008', '0.585', '0.000', '0.000']
    Lower Shadows (%): ['0.063', '0.117', '0.133', '0.000']
Volumes: [np.float64(476208.0), np.float64(696884.0), np.float64(500192.0), np.float64(158363.0)]
2025-05-14 19:25:59,001 - INFO - 
2. Post-Cross Movement (30min):
5min Price Changes (%): []
Maximum Change: 0.000% after 0 minutes
Candle Analysis:
    Body Sizes (%): []
    Upper Shadows (%): []
    Lower Shadows (%): []
Volumes: []
==================================================
2025-05-14 19:25:59,267 - INFO - 
==================================================
EMA Cross Analysis - RENDER/USDT
Time: 2025-05-14 19:25:00+09:00
Type: golden
Cross Character (Current): Weak
Cross Character (New): Weak
Price at Cross: 5.279

1. Pre-Cross Pattern (15min):
EMA Distance Changes (%): ['0.190', '0.153', '0.067', '0.022']
EMA12 Changes (%): ['0.091', '0.045', '0.144', '0.163']
Price Changes (%): ['0.172', '-0.210', '0.688', '0.266']
Candle Analysis:
    Body Sizes (%): ['0.153', '0.210', '0.708', '0.247']
    Upper Shadows (%): ['0.019', '0.401', '0.000', '0.000']
    Lower Shadows (%): ['0.038', '0.115', '0.134', '0.000']
Volumes: [np.float64(22171.3), np.float64(31891.7), np.float64(32901.6), np.float64(5757.1)]
2025-05-14 19:25:59,267 - INFO - 
2. Post-Cross Movement (30min):
5min Price Changes (%): []
Maximum Change: 0.000% after 0 minutes
Candle Analysis:
    Body Sizes (%): []
    Upper Shadows (%): []
    Lower Shadows (%): []
Volumes: []
==================================================
2025-05-14 19:30:31,906 - INFO - 
==================================================
EMA Cross Analysis - 1000PEPE/USDT
Time: 2025-05-14 19:30:00+09:00
Type: golden
Cross Character (Current): Weak
Cross Character (New): Weak
Price at Cross: 0.0140932

1. Pre-Cross Pattern (15min):
EMA Distance Changes (%): ['0.113', '0.063', '0.018', '0.020']
EMA12 Changes (%): ['0.039', '0.080', '0.077', '0.072']
Price Changes (%): ['-0.232', '0.302', '0.058', '0.045']
Candle Analysis:
    Body Sizes (%): ['0.232', '0.303', '0.058', '0.039']
    Upper Shadows (%): ['0.581', '0.068', '0.460', '0.076']
    Lower Shadows (%): ['0.211', '0.256', '0.000', '0.023']
Volumes: [np.float64(650595396.0), np.float64(317870454.0), np.float64(507671087.0), np.float64(14340751.0)]
2025-05-14 19:30:31,906 - INFO - 
2. Post-Cross Movement (30min):
5min Price Changes (%): []
Maximum Change: 0.000% after 0 minutes
Candle Analysis:
    Body Sizes (%): []
    Upper Shadows (%): []
    Lower Shadows (%): []
Volumes: []
==================================================
2025-05-14 19:30:36,593 - INFO - 
==================================================
EMA Cross Analysis - WLD/USDT
Time: 2025-05-14 19:25:00+09:00
Type: golden
Cross Character (Current): Strong
Cross Character (New): Weak
Price at Cross: 1.2889

1. Pre-Cross Pattern (15min):
EMA Distance Changes (%): ['0.233', '0.162', '0.033', '0.048']
EMA12 Changes (%): ['0.133', '0.105', '0.227', '0.151']
Price Changes (%): ['0.455', '-0.047', '0.890', '-0.255']
Candle Analysis:
    Body Sizes (%): ['0.463', '0.047', '0.914', '0.248']
    Upper Shadows (%): ['0.008', '0.585', '0.000', '0.333']
    Lower Shadows (%): ['0.063', '0.117', '0.133', '0.062']
Volumes: [np.float64(476208.0), np.float64(696884.0), np.float64(500192.0), np.float64(583390.0)]
2025-05-14 19:30:36,593 - INFO - 
2. Post-Cross Movement (30min):
5min Price Changes (%): ['0.093']
Maximum Change: 0.093% after 5 minutes
Candle Analysis:
    Body Sizes (%): ['0.085']
    Upper Shadows (%): ['0.039']
    Lower Shadows (%): ['0.047']
Volumes: [np.float64(31227.0)]
==================================================
2025-05-14 19:30:36,814 - INFO - 
==================================================
EMA Cross Analysis - RENDER/USDT
Time: 2025-05-14 19:25:00+09:00
Type: golden
Cross Character (Current): Weak
Cross Character (New): Weak
Price at Cross: 5.267

1. Pre-Cross Pattern (15min):
EMA Distance Changes (%): ['0.190', '0.153', '0.067', '0.004']
EMA12 Changes (%): ['0.091', '0.045', '0.144', '0.127']
Price Changes (%): ['0.172', '-0.210', '0.688', '0.038']
Candle Analysis:
    Body Sizes (%): ['0.153', '0.210', '0.708', '0.019']
    Upper Shadows (%): ['0.019', '0.401', '0.000', '0.323']
    Lower Shadows (%): ['0.038', '0.115', '0.134', '0.000']
Volumes: [np.float64(22171.3), np.float64(31891.7), np.float64(32901.6), np.float64(20422.9)]
2025-05-14 19:30:36,814 - INFO - 
2. Post-Cross Movement (30min):
5min Price Changes (%): ['0.076']
Maximum Change: 0.076% after 5 minutes
Candle Analysis:
    Body Sizes (%): ['0.038']
    Upper Shadows (%): ['0.038']
    Lower Shadows (%): ['0.057']
Volumes: [np.float64(1609.9)]
==================================================
2025-05-14 19:35:08,901 - INFO - 
==================================================
EMA Cross Analysis - 1000PEPE/USDT
Time: 2025-05-14 19:30:00+09:00
Type: golden
Cross Character (Current): Weak
Cross Character (New): Weak
Price at Cross: 0.0140625

1. Pre-Cross Pattern (15min):
EMA Distance Changes (%): ['0.113', '0.063', '0.018', '0.003']
EMA12 Changes (%): ['0.039', '0.080', '0.077', '0.038']
Price Changes (%): ['-0.232', '0.302', '0.058', '-0.173']
Candle Analysis:
    Body Sizes (%): ['0.232', '0.303', '0.058', '0.179']
    Upper Shadows (%): ['0.581', '0.068', '0.460', '0.115']
    Lower Shadows (%): ['0.211', '0.256', '0.000', '0.080']
Volumes: [np.float64(650595396.0), np.float64(317870454.0), np.float64(507671087.0), np.float64(197772643.0)]
2025-05-14 19:35:08,901 - INFO - 
2. Post-Cross Movement (30min):
5min Price Changes (%): ['-0.059']
Maximum Change: -0.059% after 5 minutes
Candle Analysis:
    Body Sizes (%): ['0.048']
    Upper Shadows (%): ['0.000']
    Lower Shadows (%): ['0.004']
Volumes: [np.float64(6892276.0)]
==================================================
2025-05-14 19:35:15,726 - INFO - 
==================================================
EMA Cross Analysis - HIVE/USDT
Time: 2025-05-14 19:35:00+09:00
Type: golden
Cross Character (Current): Weak
Cross Character (New): Weak
Price at Cross: 0.27175

1. Pre-Cross Pattern (15min):
EMA Distance Changes (%): ['0.101', '0.053', '0.015', '0.011']
EMA12 Changes (%): ['0.080', '0.078', '0.065', '0.049']
Price Changes (%): ['0.421', '0.066', '-0.007', '-0.040']
Candle Analysis:
    Body Sizes (%): ['0.436', '0.022', '0.037', '0.011']
    Upper Shadows (%): ['0.044', '0.265', '0.037', '0.000']
    Lower Shadows (%): ['0.100', '0.000', '0.143', '0.007']
Volumes: [np.float64(20710.0), np.float64(24257.0), np.float64(49910.0), np.float64(1616.0)]
2025-05-14 19:35:15,726 - INFO - 
2. Post-Cross Movement (30min):
5min Price Changes (%): []
Maximum Change: 0.000% after 0 minutes
Candle Analysis:
    Body Sizes (%): []
    Upper Shadows (%): []
    Lower Shadows (%): []
Volumes: []
==================================================
2025-05-14 19:40:52,566 - INFO - 
==================================================
EMA Cross Analysis - DOGS/USDT
Time: 2025-05-14 19:40:00+09:00
Type: golden
Cross Character (Current): Weak
Cross Character (New): Weak
Price at Cross: 0.0002307

1. Pre-Cross Pattern (15min):
EMA Distance Changes (%): ['0.269', '0.167', '0.074', '0.005']
EMA12 Changes (%): ['0.149', '0.160', '0.155', '0.145']
Price Changes (%): ['-0.174', '0.218', '0.130', '0.087']
Candle Analysis:
    Body Sizes (%): ['0.130', '0.261', '0.174', '0.087']
    Upper Shadows (%): ['0.435', '0.131', '0.130', '0.000']
    Lower Shadows (%): ['0.000', '0.174', '0.087', '0.000']
Volumes: [np.float64(835190804.0), np.float64(465097740.0), np.float64(385675477.0), np.float64(40665268.0)]
2025-05-14 19:40:52,567 - INFO - 
2. Post-Cross Movement (30min):
5min Price Changes (%): []
Maximum Change: 0.000% after 0 minutes
Candle Analysis:
    Body Sizes (%): []
    Upper Shadows (%): []
    Lower Shadows (%): []
Volumes: []
==================================================
2025-05-14 19:40:53,226 - INFO - 
==================================================
EMA Cross Analysis - ORCA/USDT
Time: 2025-05-14 19:35:00+09:00
Type: golden
Cross Character (Current): Weak
Cross Character (New): Weak
Price at Cross: 2.983

1. Pre-Cross Pattern (15min):
EMA Distance Changes (%): ['0.188', '0.119', '0.050', '0.002']
EMA12 Changes (%): ['0.132', '0.107', '0.116', '0.093']
Price Changes (%): ['0.710', '-0.034', '0.168', '-0.034']
Candle Analysis:
    Body Sizes (%): ['0.744', '0.034', '0.168', '0.034']
    Upper Shadows (%): ['0.034', '0.235', '0.168', '0.168']
    Lower Shadows (%): ['0.169', '0.034', '0.101', '0.134']
Volumes: [np.float64(15022.8), np.float64(11902.3), np.float64(32159.9), np.float64(12585.9)]
2025-05-14 19:40:53,226 - INFO - 
2. Post-Cross Movement (30min):
5min Price Changes (%): ['0.101']
Maximum Change: 0.101% after 5 minutes
Candle Analysis:
    Body Sizes (%): ['0.067']
    Upper Shadows (%): ['0.000']
    Lower Shadows (%): ['0.000']
Volumes: [np.float64(2633.7)]
==================================================
2025-05-14 19:41:00,905 - INFO - 
==================================================
EMA Cross Analysis - AVAX/USDT
Time: 2025-05-14 19:35:00+09:00
Type: golden
Cross Character (Current): Weak
Cross Character (New): Weak
Price at Cross: 25.842

1. Pre-Cross Pattern (15min):
EMA Distance Changes (%): ['0.114', '0.053', '0.025', '0.004']
EMA12 Changes (%): ['0.136', '0.101', '0.047', '0.051']
Price Changes (%): ['0.817', '-0.089', '-0.247', '0.074']
Candle Analysis:
    Body Sizes (%): ['0.821', '0.085', '0.255', '0.077']
    Upper Shadows (%): ['0.000', '0.158', '0.031', '0.031']
    Lower Shadows (%): ['0.191', '0.004', '0.023', '0.136']
Volumes: [np.float64(57621.0), np.float64(50378.0), np.float64(30704.0), np.float64(28063.0)]
2025-05-14 19:41:00,905 - INFO - 
2. Post-Cross Movement (30min):
5min Price Changes (%): ['0.066']
Maximum Change: 0.066% after 5 minutes
Candle Analysis:
    Body Sizes (%): ['0.054']
    Upper Shadows (%): ['0.031']
    Lower Shadows (%): ['0.027']
Volumes: [np.float64(3643.0)]
==================================================
2025-05-14 19:41:01,562 - INFO - 
==================================================
EMA Cross Analysis - HIVE/USDT
Time: 2025-05-14 19:35:00+09:00
Type: golden
Cross Character (Current): Weak
Cross Character (New): Weak
Price at Cross: 0.27194

1. Pre-Cross Pattern (15min):
EMA Distance Changes (%): ['0.101', '0.053', '0.015', '0.016']
EMA12 Changes (%): ['0.080', '0.078', '0.065', '0.059']
Price Changes (%): ['0.421', '0.066', '-0.007', '0.029']
Candle Analysis:
    Body Sizes (%): ['0.436', '0.022', '0.037', '0.059']
    Upper Shadows (%): ['0.044', '0.265', '0.037', '0.037']
    Lower Shadows (%): ['0.100', '0.000', '0.143', '0.077']
Volumes: [np.float64(20710.0), np.float64(24257.0), np.float64(49910.0), np.float64(23043.0)]
2025-05-14 19:41:01,563 - INFO - 
2. Post-Cross Movement (30min):
5min Price Changes (%): ['-0.029']
Maximum Change: -0.029% after 5 minutes
Candle Analysis:
    Body Sizes (%): ['0.044']
    Upper Shadows (%): ['0.004']
    Lower Shadows (%): ['0.015']
Volumes: [np.float64(4501.0)]
==================================================
2025-05-14 19:45:29,271 - INFO - 
==================================================
EMA Cross Analysis - DOGS/USDT
Time: 2025-05-14 19:40:00+09:00
Type: golden
Cross Character (Current): Weak
Cross Character (New): Weak
Price at Cross: 0.0002306

1. Pre-Cross Pattern (15min):
EMA Distance Changes (%): ['0.269', '0.167', '0.074', '0.002']
EMA12 Changes (%): ['0.149', '0.160', '0.155', '0.138']
Price Changes (%): ['-0.174', '0.218', '0.130', '0.043']
Candle Analysis:
    Body Sizes (%): ['0.130', '0.261', '0.174', '0.043']
    Upper Shadows (%): ['0.435', '0.131', '0.130', '0.174']
    Lower Shadows (%): ['0.000', '0.174', '0.087', '0.130']
Volumes: [np.float64(835190804.0), np.float64(465097740.0), np.float64(385675477.0), np.float64(321323687.0)]
2025-05-14 19:45:29,272 - INFO - 
2. Post-Cross Movement (30min):
5min Price Changes (%): ['0.043']
Maximum Change: 0.043% after 5 minutes
Candle Analysis:
    Body Sizes (%): ['0.043']
    Upper Shadows (%): ['0.130']
    Lower Shadows (%): ['0.000']
Volumes: [np.float64(33647323.0)]
==================================================
2025-05-14 19:45:31,012 - INFO - 
==================================================
EMA Cross Analysis - BAKE/USDT
Time: 2025-05-14 19:45:00+09:00
Type: golden
Cross Character (Current): Weak
Cross Character (New): Weak
Price at Cross: 0.1522

1. Pre-Cross Pattern (15min):
EMA Distance Changes (%): ['0.127', '0.081', '0.022', '0.024']
EMA12 Changes (%): ['0.073', '0.072', '0.101', '0.086']
Price Changes (%): ['0.000', '0.066', '0.264', '0.000']
Candle Analysis:
    Body Sizes (%): ['0.066', '0.132', '0.330', '0.000']
    Upper Shadows (%): ['0.066', '0.066', '0.066', '0.066']
    Lower Shadows (%): ['0.066', '0.000', '0.000', '0.000']
Volumes: [np.float64(151144.0), np.float64(84966.0), np.float64(252221.0), np.float64(12048.0)]
2025-05-14 19:45:31,012 - INFO - 
2. Post-Cross Movement (30min):
5min Price Changes (%): []
Maximum Change: 0.000% after 0 minutes
Candle Analysis:
    Body Sizes (%): []
    Upper Shadows (%): []
    Lower Shadows (%): []
Volumes: []
==================================================
2025-05-14 19:45:36,991 - INFO - 
==================================================
EMA Cross Analysis - ATA/USDT
Time: 2025-05-14 19:45:00+09:00
Type: golden
Cross Character (Current): Weak
Cross Character (New): Weak
Price at Cross: 0.0694

1. Pre-Cross Pattern (15min):
EMA Distance Changes (%): ['0.138', '0.082', '0.026', '0.007']
EMA12 Changes (%): ['0.078', '0.088', '0.097', '0.060']
Price Changes (%): ['0.000', '0.144', '0.144', '-0.144']
Candle Analysis:
    Body Sizes (%): ['0.000', '0.144', '0.000', '0.000']
    Upper Shadows (%): ['0.144', '0.144', '0.288', '0.288']
    Lower Shadows (%): ['0.144', '0.144', '0.288', '0.000']
Volumes: [np.float64(145900.0), np.float64(122378.0), np.float64(88591.0), np.float64(14658.0)]
2025-05-14 19:45:36,991 - INFO - 
2. Post-Cross Movement (30min):
5min Price Changes (%): []
Maximum Change: 0.000% after 0 minutes
Candle Analysis:
    Body Sizes (%): []
    Upper Shadows (%): []
    Lower Shadows (%): []
Volumes: []
==================================================
2025-05-14 19:55:54,487 - INFO - 
==================================================
EMA Cross Analysis - 1000PEPE/USDT
Time: 2025-05-14 19:50:00+09:00
Type: dead
Cross Character (Current): Weak
Cross Character (New): Weak
Price at Cross: 0.0140043

1. Pre-Cross Pattern (15min):
EMA Distance Changes (%): ['0.006', '0.010', '0.004', '0.013']
EMA12 Changes (%): ['0.007', '0.008', '-0.010', '-0.032']
Price Changes (%): ['-0.163', '0.014', '-0.108', '-0.158']
Candle Analysis:
    Body Sizes (%): ['0.152', '0.014', '0.108', '0.151']
    Upper Shadows (%): ['0.183', '0.229', '0.101', '0.170']
    Lower Shadows (%): ['0.010', '0.060', '0.054', '0.194']
Volumes: [np.float64(137785051.0), np.float64(88662909.0), np.float64(137647482.0), np.float64(310048492.0)]
2025-05-14 19:55:54,487 - INFO - 
2. Post-Cross Movement (30min):
5min Price Changes (%): ['-0.004']
Maximum Change: -0.004% after 5 minutes
Candle Analysis:
    Body Sizes (%): ['0.007']
    Upper Shadows (%): ['0.078']
    Lower Shadows (%): ['0.062']
Volumes: [np.float64(22571139.0)]
==================================================
2025-05-14 19:55:58,949 - INFO - 
==================================================
EMA Cross Analysis - ADA/USDT
Time: 2025-05-14 19:55:00+09:00
Type: dead
Cross Character (Current): Weak
Cross Character (New): Weak
Price at Cross: 0.8136

1. Pre-Cross Pattern (15min):
EMA Distance Changes (%): ['0.081', '0.054', '0.022', '0.000']
EMA12 Changes (%): ['0.025', '-0.040', '-0.054', '-0.040']
Price Changes (%): ['0.037', '-0.391', '-0.135', '0.037']
Candle Analysis:
    Body Sizes (%): ['0.037', '0.379', '0.147', '0.037']
    Upper Shadows (%): ['0.232', '0.024', '0.110', '0.025']
    Lower Shadows (%): ['0.110', '0.024', '0.098', '0.037']
Volumes: [np.float64(7036241.0), np.float64(1464750.0), np.float64(2991738.0), np.float64(235052.0)]
2025-05-14 19:55:58,949 - INFO - 
2. Post-Cross Movement (30min):
5min Price Changes (%): []
Maximum Change: 0.000% after 0 minutes
Candle Analysis:
    Body Sizes (%): []
    Upper Shadows (%): []
    Lower Shadows (%): []
Volumes: []
==================================================
2025-05-14 20:00:29,270 - INFO - 
==================================================
EMA Cross Analysis - DOGS/USDT
Time: 2025-05-14 20:00:00+09:00
Type: dead
Cross Character (Current): Weak
Cross Character (New): Weak
Price at Cross: 0.0002285

1. Pre-Cross Pattern (15min):
EMA Distance Changes (%): ['0.041', '0.040', '0.001', '0.013']
EMA12 Changes (%): ['0.076', '0.004', '-0.071', '-0.026']
Price Changes (%): ['-0.260', '-0.391', '-0.480', '0.219']
Candle Analysis:
    Body Sizes (%): ['0.260', '0.435', '0.437', '0.175']
    Upper Shadows (%): ['0.173', '0.087', '0.087', '0.000']
    Lower Shadows (%): ['0.000', '0.174', '0.044', '0.000']
Volumes: [np.float64(468708622.0), np.float64(644463095.0), np.float64(275413025.0), np.float64(21392988.0)]
2025-05-14 20:00:29,270 - INFO - 
2. Post-Cross Movement (30min):
5min Price Changes (%): []
Maximum Change: 0.000% after 0 minutes
Candle Analysis:
    Body Sizes (%): []
    Upper Shadows (%): []
    Lower Shadows (%): []
Volumes: []
==================================================
2025-05-14 20:00:34,593 - INFO - 
==================================================
EMA Cross Analysis - ZRO/USDT
Time: 2025-05-14 20:00:00+09:00
Type: golden
Cross Character (Current): Weak
Cross Character (New): Weak
Price at Cross: 3.2333

1. Pre-Cross Pattern (15min):
EMA Distance Changes (%): ['0.125', '0.088', '0.024', '0.056']
EMA12 Changes (%): ['0.024', '0.053', '0.111', '0.152']
Price Changes (%): ['-0.249', '0.216', '0.427', '0.379']
Candle Analysis:
    Body Sizes (%): ['0.256', '0.219', '0.427', '0.376']
    Upper Shadows (%): ['0.097', '0.122', '0.324', '0.031']
    Lower Shadows (%): ['0.128', '0.137', '0.037', '0.019']
Volumes: [np.float64(26854.8), np.float64(42350.2), np.float64(102091.3), np.float64(8944.0)]
2025-05-14 20:00:34,593 - INFO - 
2. Post-Cross Movement (30min):
5min Price Changes (%): []
Maximum Change: 0.000% after 0 minutes
Candle Analysis:
    Body Sizes (%): []
    Upper Shadows (%): []
    Lower Shadows (%): []
Volumes: []
==================================================
2025-05-14 20:00:35,900 - INFO - 
==================================================
EMA Cross Analysis - ADA/USDT
Time: 2025-05-14 19:55:00+09:00
Type: dead
Cross Character (Current): Weak
Cross Character (New): Weak
Price at Cross: 0.8129

1. Pre-Cross Pattern (15min):
EMA Distance Changes (%): ['0.081', '0.054', '0.022', '0.007']
EMA12 Changes (%): ['0.025', '-0.040', '-0.054', '-0.053']
Price Changes (%): ['0.037', '-0.391', '-0.135', '-0.049']
Candle Analysis:
    Body Sizes (%): ['0.037', '0.379', '0.147', '0.049']
    Upper Shadows (%): ['0.232', '0.024', '0.110', '0.148']
    Lower Shadows (%): ['0.110', '0.024', '0.098', '0.074']
Volumes: [np.float64(7036241.0), np.float64(1464750.0), np.float64(2991738.0), np.float64(1563199.0)]
2025-05-14 20:00:35,900 - INFO - 
2. Post-Cross Movement (30min):
5min Price Changes (%): ['0.098']
Maximum Change: 0.098% after 5 minutes
Candle Analysis:
    Body Sizes (%): ['0.086']
    Upper Shadows (%): ['0.049']
    Lower Shadows (%): ['0.000']
Volumes: [np.float64(115107.0)]
==================================================
2025-05-14 20:05:09,030 - INFO - 
==================================================
EMA Cross Analysis - POL/USDT
Time: 2025-05-14 20:00:00+09:00
Type: golden
Cross Character (Current): Weak
Cross Character (New): Weak
Price at Cross: 0.25647

1. Pre-Cross Pattern (15min):
EMA Distance Changes (%): ['0.024', '0.009', '0.006', '0.034']
EMA12 Changes (%): ['0.022', '0.025', '0.006', '0.076']
Price Changes (%): ['-0.199', '0.039', '-0.098', '0.462']
Candle Analysis:
    Body Sizes (%): ['0.199', '0.043', '0.094', '0.446']
    Upper Shadows (%): ['0.051', '0.035', '0.192', '0.055']
    Lower Shadows (%): ['0.086', '0.223', '0.023', '0.000']
Volumes: [np.float64(184714.0), np.float64(324890.0), np.float64(174104.0), np.float64(478252.0)]
2025-05-14 20:05:09,030 - INFO - 
2. Post-Cross Movement (30min):
5min Price Changes (%): ['0.008']
Maximum Change: 0.008% after 5 minutes
Candle Analysis:
    Body Sizes (%): ['0.019']
    Upper Shadows (%): ['0.000']
    Lower Shadows (%): ['0.000']
Volumes: [np.float64(5526.0)]
==================================================
2025-05-14 20:05:11,531 - INFO - 
==================================================
EMA Cross Analysis - ZRO/USDT
Time: 2025-05-14 20:00:00+09:00
Type: golden
Cross Character (Current): Weak
Cross Character (New): Weak
Price at Cross: 3.2503

1. Pre-Cross Pattern (15min):
EMA Distance Changes (%): ['0.125', '0.088', '0.024', '0.098']
EMA12 Changes (%): ['0.024', '0.053', '0.111', '0.234']
Price Changes (%): ['-0.249', '0.216', '0.427', '0.907']
Candle Analysis:
    Body Sizes (%): ['0.256', '0.219', '0.427', '0.903']
    Upper Shadows (%): ['0.097', '0.122', '0.324', '0.165']
    Lower Shadows (%): ['0.128', '0.137', '0.037', '0.019']
Volumes: [np.float64(26854.8), np.float64(42350.2), np.float64(102091.3), np.float64(89178.2)]
2025-05-14 20:05:11,531 - INFO - 
2. Post-Cross Movement (30min):
5min Price Changes (%): ['-0.040']
Maximum Change: -0.040% after 5 minutes
Candle Analysis:
    Body Sizes (%): ['0.043']
    Upper Shadows (%): ['0.022']
    Lower Shadows (%): ['0.012']
Volumes: [np.float64(2630.1)]
==================================================
2025-05-14 20:10:55,073 - INFO - 
==================================================
EMA Cross Analysis - ATOM/USDT
Time: 2025-05-14 20:05:00+09:00
Type: golden
Cross Character (Current): Weak
Cross Character (New): Weak
Price at Cross: 5.182

1. Pre-Cross Pattern (15min):
EMA Distance Changes (%): ['0.033', '0.038', '0.016', '0.008']
EMA12 Changes (%): ['-0.002', '-0.014', '0.036', '0.045']
Price Changes (%): ['0.039', '-0.077', '0.310', '0.097']
Candle Analysis:
    Body Sizes (%): ['0.039', '0.058', '0.291', '0.097']
    Upper Shadows (%): ['0.019', '0.136', '0.077', '0.077']
    Lower Shadows (%): ['0.155', '0.039', '0.000', '0.039']
Volumes: [np.float64(49040.86), np.float64(14420.62), np.float64(25583.42), np.float64(13670.07)]
2025-05-14 20:10:55,073 - INFO - 
2. Post-Cross Movement (30min):
5min Price Changes (%): ['-0.039']
Maximum Change: -0.039% after 5 minutes
Candle Analysis:
    Body Sizes (%): ['0.039']
    Upper Shadows (%): ['0.019']
    Lower Shadows (%): ['0.000']
Volumes: [np.float64(2093.05)]
==================================================
2025-05-14 20:11:00,374 - INFO - 
==================================================
EMA Cross Analysis - MOVE/USDT
Time: 2025-05-14 20:10:00+09:00
Type: golden
Cross Character (Current): Weak
Cross Character (New): Weak
Price at Cross: 0.2209

1. Pre-Cross Pattern (15min):
EMA Distance Changes (%): ['0.101', '0.065', '0.019', '0.011']
EMA12 Changes (%): ['-0.011', '0.054', '0.080', '0.054']
Price Changes (%): ['-0.136', '0.410', '0.227', '-0.090']
Candle Analysis:
    Body Sizes (%): ['0.136', '0.364', '0.181', '0.090']
    Upper Shadows (%): ['0.182', '0.273', '0.091', '0.000']
    Lower Shadows (%): ['0.091', '0.000', '0.000', '0.000']
Volumes: [np.float64(347237.0), np.float64(872425.0), np.float64(376187.0), np.float64(52991.0)]
2025-05-14 20:11:00,374 - INFO - 
2. Post-Cross Movement (30min):
5min Price Changes (%): []
Maximum Change: 0.000% after 0 minutes
Candle Analysis:
    Body Sizes (%): []
    Upper Shadows (%): []
    Lower Shadows (%): []
Volumes: []
==================================================
2025-05-14 20:15:30,899 - INFO - 
==================================================
EMA Cross Analysis - 1000PEPE/USDT
Time: 2025-05-14 20:10:00+09:00
Type: golden
Cross Character (Current): Weak
Cross Character (New): Weak
Price at Cross: 0.0141306

1. Pre-Cross Pattern (15min):
EMA Distance Changes (%): ['0.044', '0.028', '0.002', '0.054']
EMA12 Changes (%): ['-0.061', '0.024', '0.046', '0.110']
Price Changes (%): ['-0.219', '0.492', '0.166', '0.461']
Candle Analysis:
    Body Sizes (%): ['0.222', '0.499', '0.147', '0.466']
    Upper Shadows (%): ['0.099', '0.296', '0.078', '0.022']
    Lower Shadows (%): ['0.086', '0.008', '0.088', '0.152']
Volumes: [np.float64(157759008.0), np.float64(373987057.0), np.float64(134910939.0), np.float64(227860278.0)]
2025-05-14 20:15:30,899 - INFO - 
2. Post-Cross Movement (30min):
5min Price Changes (%): ['-0.221']
Maximum Change: -0.221% after 5 minutes
Candle Analysis:
    Body Sizes (%): ['0.221']
    Upper Shadows (%): ['0.000']
    Lower Shadows (%): ['0.000']
Volumes: [np.float64(20561261.0)]
==================================================
2025-05-14 20:15:33,091 - INFO - 
==================================================
EMA Cross Analysis - GALA/USDT
Time: 2025-05-14 20:10:00+09:00
Type: golden
Cross Character (Current): Weak
Cross Character (New): Weak
Price at Cross: 0.02238

1. Pre-Cross Pattern (15min):
EMA Distance Changes (%): ['0.070', '0.043', '0.010', '0.054']
EMA12 Changes (%): ['-0.040', '0.043', '0.057', '0.124']
Price Changes (%): ['-0.180', '0.497', '0.135', '0.494']
Candle Analysis:
    Body Sizes (%): ['0.180', '0.542', '0.180', '0.494']
    Upper Shadows (%): ['0.135', '0.045', '0.135', '0.090']
    Lower Shadows (%): ['0.135', '0.000', '0.000', '0.135']
Volumes: [np.float64(4887960.0), np.float64(8234422.0), np.float64(8177494.0), np.float64(12407416.0)]
2025-05-14 20:15:33,091 - INFO - 
2. Post-Cross Movement (30min):
5min Price Changes (%): ['-0.089']
Maximum Change: -0.089% after 5 minutes
Candle Analysis:
    Body Sizes (%): ['0.089']
    Upper Shadows (%): ['0.000']
    Lower Shadows (%): ['0.045']
Volumes: [np.float64(4089740.0)]
==================================================
2025-05-14 20:15:33,837 - INFO - 
==================================================
EMA Cross Analysis - DOT/USDT
Time: 2025-05-14 20:10:00+09:00
Type: golden
Cross Character (Current): Weak
Cross Character (New): Weak
Price at Cross: 5.111

1. Pre-Cross Pattern (15min):
EMA Distance Changes (%): ['0.058', '0.024', '0.010', '0.016']
EMA12 Changes (%): ['0.003', '0.057', '0.024', '0.047']
Price Changes (%): ['-0.098', '0.353', '-0.157', '0.176']
Candle Analysis:
    Body Sizes (%): ['0.078', '0.334', '0.157', '0.157']
    Upper Shadows (%): ['0.177', '0.079', '0.039', '0.000']
    Lower Shadows (%): ['0.039', '0.000', '0.039', '0.137']
Volumes: [np.float64(85946.9), np.float64(86476.8), np.float64(122551.8), np.float64(86643.7)]
2025-05-14 20:15:33,837 - INFO - 
2. Post-Cross Movement (30min):
5min Price Changes (%): ['-0.137']
Maximum Change: -0.137% after 5 minutes
Candle Analysis:
    Body Sizes (%): ['0.117']
    Upper Shadows (%): ['0.000']
    Lower Shadows (%): ['0.000']
Volumes: [np.float64(8998.5)]
==================================================
2025-05-14 20:15:36,009 - INFO - 
==================================================
EMA Cross Analysis - PENGU/USDT
Time: 2025-05-14 20:10:00+09:00
Type: golden
Cross Character (Current): Weak
Cross Character (New): Weak
Price at Cross: 0.013986

1. Pre-Cross Pattern (15min):
EMA Distance Changes (%): ['0.057', '0.043', '0.015', '0.039']
EMA12 Changes (%): ['-0.037', '0.020', '0.048', '0.102']
Price Changes (%): ['-0.331', '0.332', '0.201', '0.402']
Candle Analysis:
    Body Sizes (%): ['0.331', '0.332', '0.173', '0.409']
    Upper Shadows (%): ['0.014', '0.051', '0.036', '0.036']
    Lower Shadows (%): ['0.086', '0.014', '0.043', '0.237']
Volumes: [np.float64(9232552.0), np.float64(18048942.0), np.float64(7283214.0), np.float64(20675056.0)]
2025-05-14 20:15:36,009 - INFO - 
2. Post-Cross Movement (30min):
5min Price Changes (%): ['-0.136']
Maximum Change: -0.136% after 5 minutes
Candle Analysis:
    Body Sizes (%): ['0.129']
    Upper Shadows (%): ['0.000']
    Lower Shadows (%): ['0.029']
Volumes: [np.float64(1917981.0)]
==================================================
2025-05-14 20:15:37,251 - INFO - 
==================================================
EMA Cross Analysis - MOVE/USDT
Time: 2025-05-14 20:10:00+09:00
Type: golden
Cross Character (Current): Weak
Cross Character (New): Weak
Price at Cross: 0.2215

1. Pre-Cross Pattern (15min):
EMA Distance Changes (%): ['0.101', '0.065', '0.019', '0.032']
EMA12 Changes (%): ['-0.011', '0.054', '0.080', '0.096']
Price Changes (%): ['-0.136', '0.410', '0.227', '0.181']
Candle Analysis:
    Body Sizes (%): ['0.136', '0.364', '0.181', '0.181']
    Upper Shadows (%): ['0.182', '0.273', '0.091', '0.045']
    Lower Shadows (%): ['0.091', '0.000', '0.000', '0.136']
Volumes: [np.float64(347237.0), np.float64(872425.0), np.float64(376187.0), np.float64(509919.0)]
2025-05-14 20:15:37,251 - INFO - 
2. Post-Cross Movement (30min):
5min Price Changes (%): ['-0.135']
Maximum Change: -0.135% after 5 minutes
Candle Analysis:
    Body Sizes (%): ['0.090']
    Upper Shadows (%): ['0.045']
    Lower Shadows (%): ['0.000']
Volumes: [np.float64(67781.0)]
==================================================
2025-05-14 20:20:06,913 - INFO - 
==================================================
EMA Cross Analysis - NEAR/USDT
Time: 2025-05-14 20:20:00+09:00
Type: golden
Cross Character (Current): Weak
Cross Character (New): Weak
Price at Cross: 3.157

1. Pre-Cross Pattern (15min):
EMA Distance Changes (%): ['0.076', '0.029', '0.008', '0.011']
EMA12 Changes (%): ['0.034', '0.078', '0.037', '0.036']
Price Changes (%): ['-0.032', '0.317', '-0.190', '0.032']
Candle Analysis:
    Body Sizes (%): ['0.063', '0.349', '0.158', '0.032']
    Upper Shadows (%): ['0.063', '0.000', '0.000', '0.000']
    Lower Shadows (%): ['0.095', '0.127', '0.095', '0.000']
Volumes: [np.float64(30566.0), np.float64(104952.0), np.float64(35073.0), np.float64(400.0)]
2025-05-14 20:20:06,913 - INFO - 
2. Post-Cross Movement (30min):
5min Price Changes (%): []
Maximum Change: 0.000% after 0 minutes
Candle Analysis:
    Body Sizes (%): []
    Upper Shadows (%): []
    Lower Shadows (%): []
Volumes: []
==================================================
2025-05-14 20:25:52,742 - INFO - 
==================================================
EMA Cross Analysis - NEAR/USDT
Time: 2025-05-14 20:20:00+09:00
Type: golden
Cross Character (Current): Weak
Cross Character (New): Weak
Price at Cross: 3.164

1. Pre-Cross Pattern (15min):
EMA Distance Changes (%): ['0.076', '0.029', '0.008', '0.028']
EMA12 Changes (%): ['0.034', '0.078', '0.037', '0.070']
Price Changes (%): ['-0.032', '0.317', '-0.190', '0.253']
Candle Analysis:
    Body Sizes (%): ['0.063', '0.349', '0.158', '0.253']
    Upper Shadows (%): ['0.063', '0.000', '0.000', '0.032']
    Lower Shadows (%): ['0.095', '0.127', '0.095', '0.127']
Volumes: [np.float64(30566.0), np.float64(104952.0), np.float64(35073.0), np.float64(60244.0)]
2025-05-14 20:25:52,742 - INFO - 
2. Post-Cross Movement (30min):
5min Price Changes (%): ['-0.063']
Maximum Change: -0.063% after 5 minutes
Candle Analysis:
    Body Sizes (%): ['0.032']
    Upper Shadows (%): ['0.032']
    Lower Shadows (%): ['0.032']
Volumes: [np.float64(8235.0)]
==================================================
2025-05-14 20:25:55,398 - INFO - 
==================================================
EMA Cross Analysis - DOGE/USDT
Time: 2025-05-14 20:20:00+09:00
Type: golden
Cross Character (Current): Weak
Cross Character (New): Weak
Price at Cross: 0.23646

1. Pre-Cross Pattern (15min):
EMA Distance Changes (%): ['0.064', '0.032', '0.027', '0.000']
EMA12 Changes (%): ['0.026', '0.054', '0.004', '0.049']
Price Changes (%): ['0.149', '0.203', '-0.267', '0.297']
Candle Analysis:
    Body Sizes (%): ['0.153', '0.208', '0.262', '0.297']
    Upper Shadows (%): ['0.008', '0.085', '0.000', '0.064']
    Lower Shadows (%): ['0.034', '0.097', '0.047', '0.085']
Volumes: [np.float64(11020914.0), np.float64(13938498.0), np.float64(11428308.0), np.float64(13063645.0)]
2025-05-14 20:25:55,399 - INFO - 
2. Post-Cross Movement (30min):
5min Price Changes (%): ['0.008']
Maximum Change: 0.008% after 5 minutes
Candle Analysis:
    Body Sizes (%): ['0.008']
    Upper Shadows (%): ['0.017']
    Lower Shadows (%): ['0.034']
Volumes: [np.float64(1974418.0)]
==================================================
2025-05-14 20:26:01,924 - INFO - 
==================================================
EMA Cross Analysis - VANA/USDT
Time: 2025-05-14 20:20:00+09:00
Type: golden
Cross Character (Current): Weak
Cross Character (New): Weak
Price at Cross: 6.912

1. Pre-Cross Pattern (15min):
EMA Distance Changes (%): ['0.116', '0.073', '0.042', '0.009']
EMA12 Changes (%): ['0.051', '0.066', '0.051', '0.092']
Price Changes (%): ['0.058', '0.145', '-0.029', '0.319']
Candle Analysis:
    Body Sizes (%): ['0.044', '0.131', '0.044', '0.305']
    Upper Shadows (%): ['0.116', '0.044', '0.160', '0.131']
    Lower Shadows (%): ['0.029', '0.218', '0.044', '0.087']
Volumes: [np.float64(6670.16), np.float64(17528.35), np.float64(7291.32), np.float64(3658.37)]
2025-05-14 20:26:01,924 - INFO - 
2. Post-Cross Movement (30min):
5min Price Changes (%): ['-0.043']
Maximum Change: -0.043% after 5 minutes
Candle Analysis:
    Body Sizes (%): ['0.058']
    Upper Shadows (%): ['0.014']
    Lower Shadows (%): ['0.000']
Volumes: [np.float64(305.51)]
==================================================
2025-05-14 20:30:37,791 - INFO - 
==================================================
EMA Cross Analysis - COW/USDT
Time: 2025-05-14 20:30:00+09:00
Type: golden
Cross Character (Current): Weak
Cross Character (New): Weak
Price at Cross: 0.4148

1. Pre-Cross Pattern (15min):
EMA Distance Changes (%): ['0.069', '0.039', '0.002', '0.035']
EMA12 Changes (%): ['0.030', '0.048', '0.066', '0.071']
Price Changes (%): ['-0.241', '0.145', '0.169', '0.097']
Candle Analysis:
    Body Sizes (%): ['0.266', '0.121', '0.169', '0.145']
    Upper Shadows (%): ['0.000', '0.048', '0.097', '0.000']
    Lower Shadows (%): ['0.121', '0.242', '0.073', '0.000']
Volumes: [np.float64(112191.0), np.float64(48942.0), np.float64(44364.0), np.float64(6000.0)]
2025-05-14 20:30:37,791 - INFO - 
2. Post-Cross Movement (30min):
5min Price Changes (%): []
Maximum Change: 0.000% after 0 minutes
Candle Analysis:
    Body Sizes (%): []
    Upper Shadows (%): []
    Lower Shadows (%): []
Volumes: []
==================================================
2025-05-14 20:35:13,165 - INFO - 
==================================================
EMA Cross Analysis - AIXBT/USDT
Time: 2025-05-14 20:35:00+09:00
Type: golden
Cross Character (Current): Weak
Cross Character (New): Weak
Price at Cross: 0.21732

1. Pre-Cross Pattern (15min):
EMA Distance Changes (%): ['0.110', '0.089', '0.010', '0.062']
EMA12 Changes (%): ['0.077', '0.025', '0.139', '0.139']
Price Changes (%): ['0.065', '-0.259', '0.761', '0.138']
Candle Analysis:
    Body Sizes (%): ['0.070', '0.250', '0.752', '0.124']
    Upper Shadows (%): ['0.158', '0.269', '0.056', '0.046']
    Lower Shadows (%): ['0.417', '0.005', '0.162', '0.000']
Volumes: [np.float64(1518413.0), np.float64(650061.0), np.float64(699033.0), np.float64(35247.0)]
2025-05-14 20:35:13,165 - INFO - 
2. Post-Cross Movement (30min):
5min Price Changes (%): []
Maximum Change: 0.000% after 0 minutes
Candle Analysis:
    Body Sizes (%): []
    Upper Shadows (%): []
    Lower Shadows (%): []
Volumes: []
==================================================
2025-05-14 20:35:14,880 - INFO - 
==================================================
EMA Cross Analysis - COW/USDT
Time: 2025-05-14 20:30:00+09:00
Type: golden
Cross Character (Current): Weak
Cross Character (New): Weak
Price at Cross: 0.4136

1. Pre-Cross Pattern (15min):
EMA Distance Changes (%): ['0.069', '0.039', '0.002', '0.012']
EMA12 Changes (%): ['0.030', '0.048', '0.066', '0.026']
Price Changes (%): ['-0.241', '0.145', '0.169', '-0.193']
Candle Analysis:
    Body Sizes (%): ['0.266', '0.121', '0.169', '0.145']
    Upper Shadows (%): ['0.000', '0.048', '0.097', '0.169']
    Lower Shadows (%): ['0.121', '0.242', '0.073', '0.000']
Volumes: [np.float64(112191.0), np.float64(48942.0), np.float64(44364.0), np.float64(41766.0)]
2025-05-14 20:35:14,880 - INFO - 
2. Post-Cross Movement (30min):
5min Price Changes (%): ['0.000']
Maximum Change: 0.000% after 0 minutes
Candle Analysis:
    Body Sizes (%): ['0.000']
    Upper Shadows (%): ['0.000']
    Lower Shadows (%): ['0.000']
Volumes: [np.float64(430.0)]
==================================================
2025-05-14 20:35:15,780 - INFO - 
==================================================
EMA Cross Analysis - BRETT/USDT
Time: 2025-05-14 20:30:00+09:00
Type: golden
Cross Character (Current): Weak
Cross Character (New): Weak
Price at Cross: 0.0797

1. Pre-Cross Pattern (15min):
EMA Distance Changes (%): ['0.231', '0.173', '0.074', '0.002']
EMA12 Changes (%): ['0.027', '0.078', '0.165', '0.138']
Price Changes (%): ['-0.442', '0.355', '0.644', '-0.013']
Candle Analysis:
    Body Sizes (%): ['0.404', '0.355', '0.669', '0.000']
    Upper Shadows (%): ['0.000', '0.101', '0.139', '0.125']
    Lower Shadows (%): ['0.379', '0.203', '0.152', '0.314']
Volumes: [np.float64(894875.0), np.float64(705747.0), np.float64(1673235.0), np.float64(833689.0)]
2025-05-14 20:35:15,780 - INFO - 
2. Post-Cross Movement (30min):
5min Price Changes (%): ['0.050']
Maximum Change: 0.050% after 5 minutes
Candle Analysis:
    Body Sizes (%): ['0.038']
    Upper Shadows (%): ['0.050']
    Lower Shadows (%): ['0.000']
Volumes: [np.float64(28012.0)]
==================================================
2025-05-14 20:40:53,736 - INFO - 
==================================================
EMA Cross Analysis - TIA/USDT
Time: 2025-05-14 20:35:00+09:00
Type: golden
Cross Character (Current): Weak
Cross Character (New): Weak
Price at Cross: 3.2155

1. Pre-Cross Pattern (15min):
EMA Distance Changes (%): ['0.092', '0.078', '0.054', '0.003']
EMA12 Changes (%): ['0.037', '0.015', '0.036', '0.101']
Price Changes (%): ['0.141', '-0.109', '0.153', '0.459']
Candle Analysis:
    Body Sizes (%): ['0.128', '0.106', '0.156', '0.459']
    Upper Shadows (%): ['0.110', '0.184', '0.041', '0.028']
    Lower Shadows (%): ['0.172', '0.041', '0.138', '0.116']
Volumes: [np.float64(99196.0), np.float64(143942.0), np.float64(177850.0), np.float64(154301.0)]
2025-05-14 20:40:53,736 - INFO - 
2. Post-Cross Movement (30min):
5min Price Changes (%): ['-0.081']
Maximum Change: -0.081% after 5 minutes
Candle Analysis:
    Body Sizes (%): ['0.093']
    Upper Shadows (%): ['0.047']
    Lower Shadows (%): ['0.025']
Volumes: [np.float64(38084.0)]
==================================================
2025-05-14 20:40:58,253 - INFO - 
==================================================
EMA Cross Analysis - XLM/USDT
Time: 2025-05-14 20:40:00+09:00
Type: golden
Cross Character (Current): Weak
Cross Character (New): Weak
Price at Cross: 0.31206

1. Pre-Cross Pattern (15min):
EMA Distance Changes (%): ['0.068', '0.063', '0.018', '0.006']
EMA12 Changes (%): ['0.003', '0.001', '0.077', '0.045']
Price Changes (%): ['0.032', '-0.010', '0.499', '-0.134']
Candle Analysis:
    Body Sizes (%): ['0.032', '0.016', '0.495', '0.131']
    Upper Shadows (%): ['0.145', '0.113', '0.003', '0.003']
    Lower Shadows (%): ['0.174', '0.045', '0.016', '0.013']
Volumes: [np.float64(664647.0), np.float64(544962.0), np.float64(689987.0), np.float64(121488.0)]
2025-05-14 20:40:58,254 - INFO - 
2. Post-Cross Movement (30min):
5min Price Changes (%): []
Maximum Change: 0.000% after 0 minutes
Candle Analysis:
    Body Sizes (%): []
    Upper Shadows (%): []
    Lower Shadows (%): []
Volumes: []
==================================================
2025-05-14 20:41:01,673 - INFO - 
==================================================
EMA Cross Analysis - AIXBT/USDT
Time: 2025-05-14 20:35:00+09:00
Type: golden
Cross Character (Current): Weak
Cross Character (New): Weak
Price at Cross: 0.22039

1. Pre-Cross Pattern (15min):
EMA Distance Changes (%): ['0.110', '0.089', '0.010', '0.172']
EMA12 Changes (%): ['0.077', '0.025', '0.139', '0.358']
Price Changes (%): ['0.065', '-0.259', '0.761', '1.553']
Candle Analysis:
    Body Sizes (%): ['0.070', '0.250', '0.752', '1.539']
    Upper Shadows (%): ['0.158', '0.269', '0.056', '0.092']
    Lower Shadows (%): ['0.417', '0.005', '0.162', '0.000']
Volumes: [np.float64(1518413.0), np.float64(650061.0), np.float64(699033.0), np.float64(1655927.0)]
2025-05-14 20:41:01,673 - INFO - 
2. Post-Cross Movement (30min):
5min Price Changes (%): ['-0.054']
Maximum Change: -0.054% after 5 minutes
Candle Analysis:
    Body Sizes (%): ['0.059']
    Upper Shadows (%): ['0.145']
    Lower Shadows (%): ['0.086']
Volumes: [np.float64(474563.0)]
==================================================
2025-05-14 20:41:02,340 - INFO - 
==================================================
EMA Cross Analysis - SUI/USDT
Time: 2025-05-14 20:40:00+09:00
Type: golden
Cross Character (Current): Weak
Cross Character (New): Weak
Price at Cross: 3.9521

1. Pre-Cross Pattern (15min):
EMA Distance Changes (%): ['0.074', '0.053', '0.013', '0.016']
EMA12 Changes (%): ['-0.002', '0.028', '0.070', '0.054']
Price Changes (%): ['-0.020', '0.198', '0.297', '-0.030']
Candle Analysis:
    Body Sizes (%): ['0.025', '0.198', '0.299', '0.030']
    Upper Shadows (%): ['0.079', '0.031', '0.043', '0.033']
    Lower Shadows (%): ['0.114', '0.033', '0.053', '0.020']
Volumes: [np.float64(274390.5), np.float64(431719.4), np.float64(1227958.6), np.float64(326230.8)]
2025-05-14 20:41:02,340 - INFO - 
2. Post-Cross Movement (30min):
5min Price Changes (%): []
Maximum Change: 0.000% after 0 minutes
Candle Analysis:
    Body Sizes (%): []
    Upper Shadows (%): []
    Lower Shadows (%): []
Volumes: []
==================================================
2025-05-14 20:41:03,011 - INFO - 
==================================================
EMA Cross Analysis - GOAT/USDT
Time: 2025-05-14 20:40:00+09:00
Type: golden
Cross Character (Current): Strong
Cross Character (New): Weak
Price at Cross: 0.20565

1. Pre-Cross Pattern (15min):
EMA Distance Changes (%): ['0.209', '0.185', '0.025', '0.056']
EMA12 Changes (%): ['0.032', '0.016', '0.282', '0.153']
Price Changes (%): ['-0.172', '-0.069', '1.742', '-0.542']
Candle Analysis:
    Body Sizes (%): ['0.182', '0.074', '1.742', '0.518']
    Upper Shadows (%): ['0.766', '0.226', '0.177', '0.058']
    Lower Shadows (%): ['0.049', '0.447', '0.000', '0.073']
Volumes: [np.float64(1709346.0), np.float64(1071303.0), np.float64(3314154.0), np.float64(534185.0)]
2025-05-14 20:41:03,011 - INFO - 
2. Post-Cross Movement (30min):
5min Price Changes (%): []
Maximum Change: 0.000% after 0 minutes
Candle Analysis:
    Body Sizes (%): []
    Upper Shadows (%): []
    Lower Shadows (%): []
Volumes: []
==================================================
2025-05-14 20:41:03,700 - INFO - 
==================================================
EMA Cross Analysis - ZEN/USDT
Time: 2025-05-14 20:40:00+09:00
Type: golden
Cross Character (Current): Weak
Cross Character (New): Weak
Price at Cross: 10.714

1. Pre-Cross Pattern (15min):
EMA Distance Changes (%): ['0.127', '0.108', '0.022', '0.038']
EMA12 Changes (%): ['0.026', '0.019', '0.151', '0.113']
Price Changes (%): ['0.028', '-0.019', '0.875', '-0.093']
Candle Analysis:
    Body Sizes (%): ['0.028', '0.019', '0.865', '0.065']
    Upper Shadows (%): ['0.160', '0.179', '0.000', '0.065']
    Lower Shadows (%): ['0.198', '0.075', '0.000', '0.037']
Volumes: [np.float64(3174.9), np.float64(2090.2), np.float64(3496.1), np.float64(685.9)]
2025-05-14 20:41:03,700 - INFO - 
2. Post-Cross Movement (30min):
5min Price Changes (%): []
Maximum Change: 0.000% after 0 minutes
Candle Analysis:
    Body Sizes (%): []
    Upper Shadows (%): []
    Lower Shadows (%): []
Volumes: []
==================================================
2025-05-14 20:41:03,930 - INFO - 
==================================================
EMA Cross Analysis - ONDOUSDT
Time: 2025-05-14 20:35:00+09:00
Type: golden
Cross Character (Current): Weak
Cross Character (New): Weak
Price at Cross: 1.0205

1. Pre-Cross Pattern (15min):
EMA Distance Changes (%): ['0.031', '0.029', '0.025', '0.024']
EMA12 Changes (%): ['0.033', '-0.001', '0.004', '0.091']
Price Changes (%): ['0.197', '-0.187', '0.030', '0.572']
Candle Analysis:
    Body Sizes (%): ['0.187', '0.177', '0.039', '0.562']
    Upper Shadows (%): ['0.059', '0.089', '0.108', '0.020']
    Lower Shadows (%): ['0.128', '0.039', '0.099', '0.099']
Volumes: [np.float64(359061.3), np.float64(197391.9), np.float64(397316.7), np.float64(636189.5)]
2025-05-14 20:41:03,931 - INFO - 
2. Post-Cross Movement (30min):
5min Price Changes (%): ['-0.049']
Maximum Change: -0.049% after 5 minutes
Candle Analysis:
    Body Sizes (%): ['0.029']
    Upper Shadows (%): ['0.020']
    Lower Shadows (%): ['0.049']
Volumes: [np.float64(94452.8)]
==================================================
2025-05-14 20:41:04,156 - INFO - 
==================================================
EMA Cross Analysis - USUAL/USDT
Time: 2025-05-14 20:35:00+09:00
Type: golden
Cross Character (Current): Weak
Cross Character (New): Weak
Price at Cross: 0.171

1. Pre-Cross Pattern (15min):
EMA Distance Changes (%): ['0.152', '0.145', '0.114', '0.016']
EMA12 Changes (%): ['0.024', '-0.008', '0.039', '0.234']
Price Changes (%): ['0.000', '-0.178', '0.297', '1.303']
Candle Analysis:
    Body Sizes (%): ['0.059', '0.178', '0.297', '1.303']
    Upper Shadows (%): ['0.178', '0.178', '0.059', '0.000']
    Lower Shadows (%): ['0.237', '0.237', '0.238', '0.000']
Volumes: [np.float64(504944.0), np.float64(506784.0), np.float64(845691.0), np.float64(1618103.0)]
2025-05-14 20:41:04,157 - INFO - 
2. Post-Cross Movement (30min):
5min Price Changes (%): ['-0.409']
Maximum Change: -0.409% after 5 minutes
Candle Analysis:
    Body Sizes (%): ['0.351']
    Upper Shadows (%): ['0.059']
    Lower Shadows (%): ['0.117']
Volumes: [np.float64(181955.0)]
==================================================
2025-05-14 20:45:34,368 - INFO - 
==================================================
EMA Cross Analysis - MOODENG/USDT
Time: 2025-05-14 20:45:00+09:00
Type: golden
Cross Character (Current): Strong
Cross Character (New): Weak
Price at Cross: 0.2783

1. Pre-Cross Pattern (15min):
EMA Distance Changes (%): ['0.498', '0.228', '0.075', '0.087']
EMA12 Changes (%): ['0.007', '0.439', '0.270', '0.306']
Price Changes (%): ['-0.667', '2.811', '-0.635', '0.502']
Candle Analysis:
    Body Sizes (%): ['0.652', '2.834', '0.635', '0.520']
    Upper Shadows (%): ['0.077', '0.125', '0.384', '0.000']
    Lower Shadows (%): ['0.389', '0.007', '0.617', '0.069']
Volumes: [np.float64(14542732.0), np.float64(22544636.0), np.float64(20279499.0), np.float64(1152263.0)]
2025-05-14 20:45:34,369 - INFO - 
2. Post-Cross Movement (30min):
5min Price Changes (%): []
Maximum Change: 0.000% after 0 minutes
Candle Analysis:
    Body Sizes (%): []
    Upper Shadows (%): []
    Lower Shadows (%): []
Volumes: []
==================================================
2025-05-14 20:45:35,460 - INFO - 
==================================================
EMA Cross Analysis - XLM/USDT
Time: 2025-05-14 20:40:00+09:00
Type: golden
Cross Character (Current): Weak
Cross Character (New): Weak
Price at Cross: 0.31208

1. Pre-Cross Pattern (15min):
EMA Distance Changes (%): ['0.068', '0.063', '0.018', '0.007']
EMA12 Changes (%): ['0.003', '0.001', '0.077', '0.046']
Price Changes (%): ['0.032', '-0.010', '0.499', '-0.128']
Candle Analysis:
    Body Sizes (%): ['0.032', '0.016', '0.495', '0.125']
    Upper Shadows (%): ['0.145', '0.113', '0.003', '0.077']
    Lower Shadows (%): ['0.174', '0.045', '0.016', '0.045']
Volumes: [np.float64(664647.0), np.float64(544962.0), np.float64(689987.0), np.float64(868740.0)]
2025-05-14 20:45:35,461 - INFO - 
2. Post-Cross Movement (30min):
5min Price Changes (%): ['-0.019']
Maximum Change: -0.019% after 5 minutes
Candle Analysis:
    Body Sizes (%): ['0.019']
    Upper Shadows (%): ['0.016']
    Lower Shadows (%): ['0.000']
Volumes: [np.float64(103548.0)]
==================================================
2025-05-14 20:45:37,080 - INFO - 
==================================================
EMA Cross Analysis - THETA/USDT
Time: 2025-05-14 20:45:00+09:00
Type: golden
Cross Character (Current): Weak
Cross Character (New): Weak
Price at Cross: 1.0195

1. Pre-Cross Pattern (15min):
EMA Distance Changes (%): ['0.096', '0.043', '0.019', '0.000']
EMA12 Changes (%): ['-0.007', '0.088', '0.040', '0.035']
Price Changes (%): ['0.000', '0.611', '-0.225', '0.010']
Candle Analysis:
    Body Sizes (%): ['0.000', '0.591', '0.206', '0.000']
    Upper Shadows (%): ['0.177', '0.020', '0.010', '0.029']
    Lower Shadows (%): ['0.069', '0.039', '0.049', '0.000']
Volumes: [np.float64(47886.5), np.float64(43803.4), np.float64(33436.4), np.float64(7767.7)]
2025-05-14 20:45:37,080 - INFO - 
2. Post-Cross Movement (30min):
5min Price Changes (%): []
Maximum Change: 0.000% after 0 minutes
Candle Analysis:
    Body Sizes (%): []
    Upper Shadows (%): []
    Lower Shadows (%): []
Volumes: []
==================================================
2025-05-14 20:45:39,429 - INFO - 
==================================================
EMA Cross Analysis - SUI/USDT
Time: 2025-05-14 20:40:00+09:00
Type: golden
Cross Character (Current): Weak
Cross Character (New): Weak
Price at Cross: 3.9534

1. Pre-Cross Pattern (15min):
EMA Distance Changes (%): ['0.074', '0.053', '0.013', '0.018']
EMA12 Changes (%): ['-0.002', '0.028', '0.070', '0.059']
Price Changes (%): ['-0.020', '0.198', '0.297', '0.003']
Candle Analysis:
    Body Sizes (%): ['0.025', '0.198', '0.299', '0.003']
    Upper Shadows (%): ['0.079', '0.031', '0.043', '0.101']
    Lower Shadows (%): ['0.114', '0.033', '0.053', '0.109']
Volumes: [np.float64(274390.5), np.float64(431719.4), np.float64(1227958.6), np.float64(1185740.0)]
2025-05-14 20:45:39,429 - INFO - 
2. Post-Cross Movement (30min):
5min Price Changes (%): ['0.035']
Maximum Change: 0.035% after 5 minutes
Candle Analysis:
    Body Sizes (%): ['0.035']
    Upper Shadows (%): ['0.040']
    Lower Shadows (%): ['0.005']
Volumes: [np.float64(120352.3)]
==================================================
2025-05-14 20:45:40,080 - INFO - 
==================================================
EMA Cross Analysis - GOAT/USDT
Time: 2025-05-14 20:40:00+09:00
Type: golden
Cross Character (Current): Strong
Cross Character (New): Weak
Price at Cross: 0.20463

1. Pre-Cross Pattern (15min):
EMA Distance Changes (%): ['0.209', '0.185', '0.025', '0.016']
EMA12 Changes (%): ['0.032', '0.016', '0.282', '0.076']
Price Changes (%): ['-0.172', '-0.069', '1.742', '-1.035']
Candle Analysis:
    Body Sizes (%): ['0.182', '0.074', '1.742', '1.011']
    Upper Shadows (%): ['0.766', '0.226', '0.177', '0.058']
    Lower Shadows (%): ['0.049', '0.447', '0.000', '0.005']
Volumes: [np.float64(1709346.0), np.float64(1071303.0), np.float64(3314154.0), np.float64(1677125.0)]
2025-05-14 20:45:40,081 - INFO - 
2. Post-Cross Movement (30min):
5min Price Changes (%): ['-0.181']
Maximum Change: -0.181% after 5 minutes
Candle Analysis:
    Body Sizes (%): ['0.181']
    Upper Shadows (%): ['0.029']
    Lower Shadows (%): ['0.024']
Volumes: [np.float64(259907.0)]
==================================================
2025-05-14 20:45:40,732 - INFO - 
==================================================
EMA Cross Analysis - ZEN/USDT
Time: 2025-05-14 20:40:00+09:00
Type: golden
Cross Character (Current): Weak
Cross Character (New): Weak
Price at Cross: 10.688

1. Pre-Cross Pattern (15min):
EMA Distance Changes (%): ['0.127', '0.108', '0.022', '0.019']
EMA12 Changes (%): ['0.026', '0.019', '0.151', '0.075']
Price Changes (%): ['0.028', '-0.019', '0.875', '-0.336']
Candle Analysis:
    Body Sizes (%): ['0.028', '0.019', '0.865', '0.308']
    Upper Shadows (%): ['0.160', '0.179', '0.000', '0.065']
    Lower Shadows (%): ['0.198', '0.075', '0.000', '0.103']
Volumes: [np.float64(3174.9), np.float64(2090.2), np.float64(3496.1), np.float64(3612.3)]
2025-05-14 20:45:40,733 - INFO - 
2. Post-Cross Movement (30min):
5min Price Changes (%): ['-0.075']
Maximum Change: -0.075% after 5 minutes
Candle Analysis:
    Body Sizes (%): ['0.075']
    Upper Shadows (%): ['0.028']
    Lower Shadows (%): ['0.009']
Volumes: [np.float64(218.1)]
==================================================
2025-05-14 20:50:11,275 - INFO - 
==================================================
EMA Cross Analysis - MOODENG/USDT
Time: 2025-05-14 20:45:00+09:00
Type: golden
Cross Character (Current): Strong
Cross Character (New): Strong
Price at Cross: 0.2772

1. Pre-Cross Pattern (15min):
EMA Distance Changes (%): ['0.498', '0.228', '0.075', '0.055']
EMA12 Changes (%): ['0.007', '0.439', '0.270', '0.244']
Price Changes (%): ['-0.667', '2.811', '-0.635', '0.105']
Candle Analysis:
    Body Sizes (%): ['0.652', '2.834', '0.635', '0.123']
    Upper Shadows (%): ['0.077', '0.125', '0.384', '0.831']
    Lower Shadows (%): ['0.389', '0.007', '0.617', '0.256']
Volumes: [np.float64(14542732.0), np.float64(22544636.0), np.float64(20279499.0), np.float64(17391951.0)]
2025-05-14 20:50:11,275 - INFO - 
2. Post-Cross Movement (30min):
5min Price Changes (%): ['-0.014']
Maximum Change: -0.014% after 5 minutes
Candle Analysis:
    Body Sizes (%): ['0.043']
    Upper Shadows (%): ['0.224']
    Lower Shadows (%): ['0.014']
Volumes: [np.float64(634280.0)]
==================================================
2025-05-14 20:55:57,253 - INFO - 
==================================================
EMA Cross Analysis - MOODENG/USDT
Time: 2025-05-14 20:50:00+09:00
Type: dead
Cross Character (Current): Weak
Cross Character (New): Weak
Price at Cross: 0.27116

1. Pre-Cross Pattern (15min):
EMA Distance Changes (%): ['0.228', '0.075', '0.055', '0.018']
EMA12 Changes (%): ['0.439', '0.270', '0.244', '-0.134']
Price Changes (%): ['2.811', '-0.635', '0.105', '-2.179']
Candle Analysis:
    Body Sizes (%): ['2.834', '0.635', '0.123', '2.207']
    Upper Shadows (%): ['0.125', '0.384', '0.831', '0.224']
    Lower Shadows (%): ['0.007', '0.617', '0.256', '0.166']
Volumes: [np.float64(22544636.0), np.float64(20279499.0), np.float64(17391951.0), np.float64(22262593.0)]
2025-05-14 20:55:57,253 - INFO - 
2. Post-Cross Movement (30min):
5min Price Changes (%): ['0.266']
Maximum Change: 0.266% after 5 minutes
Candle Analysis:
    Body Sizes (%): ['0.258']
    Upper Shadows (%): ['0.594']
    Lower Shadows (%): ['0.000']
Volumes: [np.float64(4503256.0)]
==================================================
2025-05-14 21:05:07,819 - INFO - 
==================================================
EMA Cross Analysis - TIA/USDT
Time: 2025-05-14 21:00:00+09:00
Type: dead
Cross Character (Current): Weak
Cross Character (New): Weak
Price at Cross: 3.188

1. Pre-Cross Pattern (15min):
EMA Distance Changes (%): ['0.045', '0.030', '0.024', '0.006']
EMA12 Changes (%): ['0.024', '-0.022', '-0.008', '-0.056']
Price Changes (%): ['-0.196', '-0.275', '0.072', '-0.319']
Candle Analysis:
    Body Sizes (%): ['0.199', '0.275', '0.072', '0.325']
    Upper Shadows (%): ['0.056', '0.150', '0.069', '0.025']
    Lower Shadows (%): ['0.053', '0.012', '0.078', '0.131']
Volumes: [np.float64(57311.0), np.float64(96784.0), np.float64(47952.0), np.float64(126081.0)]
2025-05-14 21:05:07,819 - INFO - 
2. Post-Cross Movement (30min):
5min Price Changes (%): ['0.022']
Maximum Change: 0.022% after 5 minutes
Candle Analysis:
    Body Sizes (%): ['0.006']
    Upper Shadows (%): ['0.000']
    Lower Shadows (%): ['0.019']
Volumes: [np.float64(966.0)]
==================================================
2025-05-14 21:05:09,412 - INFO - 
==================================================
EMA Cross Analysis - NEAR/USDT
Time: 2025-05-14 21:00:00+09:00
Type: dead
Cross Character (Current): Weak
Cross Character (New): Weak
Price at Cross: 3.129

1. Pre-Cross Pattern (15min):
EMA Distance Changes (%): ['0.094', '0.061', '0.032', '0.034']
EMA12 Changes (%): ['-0.013', '-0.050', '-0.047', '-0.123']
Price Changes (%): ['-0.379', '-0.254', '-0.032', '-0.540']
Candle Analysis:
    Body Sizes (%): ['0.379', '0.285', '0.032', '0.509']
    Upper Shadows (%): ['0.063', '0.095', '0.032', '0.032']
    Lower Shadows (%): ['0.000', '0.253', '0.064', '0.095']
Volumes: [np.float64(69228.0), np.float64(405984.0), np.float64(54164.0), np.float64(230390.0)]
2025-05-14 21:05:09,412 - INFO - 
2. Post-Cross Movement (30min):
5min Price Changes (%): ['-0.032']
Maximum Change: -0.032% after 5 minutes
Candle Analysis:
    Body Sizes (%): ['0.000']
    Upper Shadows (%): ['0.032']
    Lower Shadows (%): ['0.032']
Volumes: [np.float64(7357.0)]
==================================================
2025-05-14 21:05:16,885 - INFO - 
==================================================
EMA Cross Analysis - GOAT/USDT
Time: 2025-05-14 21:00:00+09:00
Type: dead
Cross Character (Current): Weak
Cross Character (New): Weak
Price at Cross: 0.20228

1. Pre-Cross Pattern (15min):
EMA Distance Changes (%): ['0.044', '0.032', '0.015', '0.046']
EMA12 Changes (%): ['0.056', '-0.017', '-0.029', '-0.114']
Price Changes (%): ['-0.054', '-0.420', '-0.093', '-0.585']
Candle Analysis:
    Body Sizes (%): ['0.054', '0.425', '0.083', '0.609']
    Upper Shadows (%): ['0.147', '0.152', '0.319', '0.403']
    Lower Shadows (%): ['0.596', '0.200', '0.098', '0.138']
Volumes: [np.float64(2032847.0), np.float64(1424026.0), np.float64(780055.0), np.float64(1612119.0)]
2025-05-14 21:05:16,885 - INFO - 
2. Post-Cross Movement (30min):
5min Price Changes (%): ['0.410']
Maximum Change: 0.410% after 5 minutes
Candle Analysis:
    Body Sizes (%): ['0.390']
    Upper Shadows (%): ['0.000']
    Lower Shadows (%): ['0.044']
Volumes: [np.float64(149088.0)]
==================================================
2025-05-14 21:05:17,541 - INFO - 
==================================================
EMA Cross Analysis - ZEN/USDT
Time: 2025-05-14 21:00:00+09:00
Type: dead
Cross Character (Current): Weak
Cross Character (New): Weak
Price at Cross: 10.6

1. Pre-Cross Pattern (15min):
EMA Distance Changes (%): ['0.027', '0.021', '0.014', '0.020']
EMA12 Changes (%): ['0.019', '-0.007', '-0.010', '-0.064']
Price Changes (%): ['-0.290', '-0.150', '-0.028', '-0.357']
Candle Analysis:
    Body Sizes (%): ['0.290', '0.160', '0.019', '0.367']
    Upper Shadows (%): ['0.028', '0.056', '0.038', '0.122']
    Lower Shadows (%): ['0.094', '0.047', '0.207', '0.113']
Volumes: [np.float64(3110.9), np.float64(1237.8), np.float64(2113.3), np.float64(1602.9)]
2025-05-14 21:05:17,541 - INFO - 
2. Post-Cross Movement (30min):
5min Price Changes (%): ['0.028']
Maximum Change: 0.028% after 5 minutes
Candle Analysis:
    Body Sizes (%): ['0.000']
    Upper Shadows (%): ['0.057']
    Lower Shadows (%): ['0.038']
Volumes: [np.float64(136.7)]
==================================================
2025-05-14 21:05:17,769 - INFO - 
==================================================
EMA Cross Analysis - ONDOUSDT
Time: 2025-05-14 21:00:00+09:00
Type: dead
Cross Character (Current): Weak
Cross Character (New): Weak
Price at Cross: 1.0119

1. Pre-Cross Pattern (15min):
EMA Distance Changes (%): ['0.046', '0.037', '0.030', '0.003']
EMA12 Changes (%): ['0.003', '-0.011', '-0.008', '-0.058']
Price Changes (%): ['-0.255', '-0.089', '0.010', '-0.335']
Candle Analysis:
    Body Sizes (%): ['0.255', '0.089', '0.010', '0.355']
    Upper Shadows (%): ['0.039', '0.217', '0.118', '0.030']
    Lower Shadows (%): ['0.020', '0.059', '0.089', '0.128']
Volumes: [np.float64(282995.0), np.float64(287211.1), np.float64(532161.0), np.float64(815196.1)]
2025-05-14 21:05:17,769 - INFO - 
2. Post-Cross Movement (30min):
5min Price Changes (%): ['0.079']
Maximum Change: 0.079% after 5 minutes
Candle Analysis:
    Body Sizes (%): ['0.079']
    Upper Shadows (%): ['0.000']
    Lower Shadows (%): ['0.030']
Volumes: [np.float64(39157.3)]
==================================================
2025-05-14 21:15:34,349 - INFO - 
==================================================
EMA Cross Analysis - ORDI/USDT
Time: 2025-05-14 21:10:00+09:00
Type: dead
Cross Character (Current): Weak
Cross Character (New): Weak
Price at Cross: 12.331

1. Pre-Cross Pattern (15min):
EMA Distance Changes (%): ['0.140', '0.089', '0.059', '0.002']
EMA12 Changes (%): ['0.004', '-0.080', '-0.045', '-0.108']
Price Changes (%): ['0.274', '-0.547', '0.154', '-0.460']
Candle Analysis:
    Body Sizes (%): ['0.250', '0.555', '0.146', '0.460']
    Upper Shadows (%): ['0.153', '0.016', '0.259', '0.105']
    Lower Shadows (%): ['0.056', '0.088', '0.016', '0.024']
Volumes: [np.float64(33266.5), np.float64(38019.0), np.float64(18045.0), np.float64(20745.1)]
2025-05-14 21:15:34,350 - INFO - 
2. Post-Cross Movement (30min):
5min Price Changes (%): ['0.211']
Maximum Change: 0.211% after 5 minutes
Candle Analysis:
    Body Sizes (%): ['0.219']
    Upper Shadows (%): ['0.032']
    Lower Shadows (%): ['0.032']
Volumes: [np.float64(3382.5)]
==================================================
2025-05-14 21:30:39,741 - INFO - 
==================================================
EMA Cross Analysis - ZEN/USDT
Time: 2025-05-14 21:30:00+09:00
Type: golden
Cross Character (Current): Weak
Cross Character (New): Weak
Price at Cross: 10.657

1. Pre-Cross Pattern (15min):
EMA Distance Changes (%): ['0.049', '0.026', '0.011', '0.006']
EMA12 Changes (%): ['0.025', '0.037', '0.024', '0.031']
Price Changes (%): ['0.330', '0.103', '-0.047', '0.066']
Candle Analysis:
    Body Sizes (%): ['0.330', '0.122', '0.075', '0.094']
    Upper Shadows (%): ['0.000', '0.141', '0.075', '0.000']
    Lower Shadows (%): ['0.000', '0.000', '0.113', '0.000']
Volumes: [np.float64(1047.2), np.float64(2270.5), np.float64(3649.5), np.float64(147.0)]
2025-05-14 21:30:39,741 - INFO - 
2. Post-Cross Movement (30min):
5min Price Changes (%): []
Maximum Change: 0.000% after 0 minutes
Candle Analysis:
    Body Sizes (%): []
    Upper Shadows (%): []
    Lower Shadows (%): []
Volumes: []
==================================================
2025-05-14 21:30:39,960 - INFO - 
==================================================
EMA Cross Analysis - ONDOUSDT
Time: 2025-05-14 21:25:00+09:00
Type: dead
Cross Character (Current): Weak
Cross Character (New): Weak
Price at Cross: 1.0128

1. Pre-Cross Pattern (15min):
EMA Distance Changes (%): ['0.028', '0.012', '0.003', '0.016']
EMA12 Changes (%): ['-0.000', '0.027', '0.026', '-0.036']
Price Changes (%): ['0.287', '0.177', '0.020', '-0.374']
Candle Analysis:
    Body Sizes (%): ['0.297', '0.177', '0.039', '0.364']
    Upper Shadows (%): ['0.069', '0.128', '0.157', '0.020']
    Lower Shadows (%): ['0.010', '0.059', '0.177', '0.039']
Volumes: [np.float64(399723.1), np.float64(687728.5), np.float64(385372.2), np.float64(287532.7)]
2025-05-14 21:30:39,960 - INFO - 
2. Post-Cross Movement (30min):
5min Price Changes (%): ['0.030']
Maximum Change: 0.030% after 5 minutes
Candle Analysis:
    Body Sizes (%): ['0.020']
    Upper Shadows (%): ['0.039']
    Lower Shadows (%): ['0.010']
Volumes: [np.float64(29400.7)]
==================================================
2025-05-14 21:35:10,657 - INFO - 
==================================================
EMA Cross Analysis - ATOM/USDT
Time: 2025-05-14 21:35:00+09:00
Type: dead
Cross Character (Current): Weak
Cross Character (New): Weak
Price at Cross: 5.168

1. Pre-Cross Pattern (15min):
EMA Distance Changes (%): ['0.057', '0.037', '0.015', '0.006']
EMA12 Changes (%): ['0.006', '-0.030', '-0.038', '-0.038']
Price Changes (%): ['0.077', '-0.231', '-0.077', '-0.039']
Candle Analysis:
    Body Sizes (%): ['0.077', '0.251', '0.077', '0.019']
    Upper Shadows (%): ['0.096', '0.000', '0.097', '0.000']
    Lower Shadows (%): ['0.077', '0.058', '0.000', '0.019']
Volumes: [np.float64(34698.45), np.float64(16924.36), np.float64(12120.55), np.float64(2590.73)]
2025-05-14 21:35:10,657 - INFO - 
2. Post-Cross Movement (30min):
5min Price Changes (%): []
Maximum Change: 0.000% after 0 minutes
Candle Analysis:
    Body Sizes (%): []
    Upper Shadows (%): []
    Lower Shadows (%): []
Volumes: []
==================================================
2025-05-14 21:35:17,297 - INFO - 
==================================================
EMA Cross Analysis - USUAL/USDT
Time: 2025-05-14 21:35:00+09:00
Type: dead
Cross Character (Current): Weak
Cross Character (New): Weak
Price at Cross: 0.168

1. Pre-Cross Pattern (15min):
EMA Distance Changes (%): ['0.126', '0.096', '0.015', '0.049']
EMA12 Changes (%): ['-0.068', '-0.040', '-0.143', '-0.121']
Price Changes (%): ['0.118', '0.118', '-0.709', '0.000']
Candle Analysis:
    Body Sizes (%): ['0.059', '0.118', '0.709', '0.060']
    Upper Shadows (%): ['0.237', '0.118', '0.000', '0.000']
    Lower Shadows (%): ['0.237', '0.237', '0.236', '0.060']
Volumes: [np.float64(1297069.0), np.float64(833680.0), np.float64(1312576.0), np.float64(28381.0)]
2025-05-14 21:35:17,297 - INFO - 
2. Post-Cross Movement (30min):
5min Price Changes (%): []
Maximum Change: 0.000% after 0 minutes
Candle Analysis:
    Body Sizes (%): []
    Upper Shadows (%): []
    Lower Shadows (%): []
Volumes: []
==================================================
2025-05-14 21:40:55,877 - INFO - 
==================================================
EMA Cross Analysis - LINK/USDT
Time: 2025-05-14 21:40:00+09:00
Type: dead
Cross Character (Current): Weak
Cross Character (New): Weak
Price at Cross: 17.012

1. Pre-Cross Pattern (15min):
EMA Distance Changes (%): ['0.099', '0.068', '0.024', '0.013']
EMA12 Changes (%): ['-0.024', '-0.045', '-0.075', '-0.067']
Price Changes (%): ['-0.286', '-0.164', '-0.240', '-0.018']
Candle Analysis:
    Body Sizes (%): ['0.286', '0.170', '0.240', '0.018']
    Upper Shadows (%): ['0.018', '0.100', '0.012', '0.024']
    Lower Shadows (%): ['0.023', '0.000', '0.106', '0.024']
Volumes: [np.float64(40765.46), np.float64(41598.1), np.float64(67662.96), np.float64(14925.93)]
2025-05-14 21:40:55,877 - INFO - 
2. Post-Cross Movement (30min):
5min Price Changes (%): []
Maximum Change: 0.000% after 0 minutes
Candle Analysis:
    Body Sizes (%): []
    Upper Shadows (%): []
    Lower Shadows (%): []
Volumes: []
==================================================
2025-05-14 21:40:56,541 - INFO - 
==================================================
EMA Cross Analysis - ATOM/USDT
Time: 2025-05-14 21:35:00+09:00
Type: dead
Cross Character (Current): Weak
Cross Character (New): Weak
Price at Cross: 5.161

1. Pre-Cross Pattern (15min):
EMA Distance Changes (%): ['0.057', '0.037', '0.015', '0.017']
EMA12 Changes (%): ['0.006', '-0.030', '-0.038', '-0.059']
Price Changes (%): ['0.077', '-0.231', '-0.077', '-0.174']
Candle Analysis:
    Body Sizes (%): ['0.077', '0.251', '0.077', '0.155']
    Upper Shadows (%): ['0.096', '0.000', '0.097', '0.000']
    Lower Shadows (%): ['0.077', '0.058', '0.000', '0.097']
Volumes: [np.float64(34698.45), np.float64(16924.36), np.float64(12120.55), np.float64(54769.72)]
2025-05-14 21:40:56,541 - INFO - 
2. Post-Cross Movement (30min):
5min Price Changes (%): ['-0.019']
Maximum Change: -0.019% after 5 minutes
Candle Analysis:
    Body Sizes (%): ['0.039']
    Upper Shadows (%): ['0.019']
    Lower Shadows (%): ['0.039']
Volumes: [np.float64(12682.7)]
==================================================
2025-05-14 21:40:57,635 - INFO - 
==================================================
EMA Cross Analysis - GALA/USDT
Time: 2025-05-14 21:35:00+09:00
Type: dead
Cross Character (Current): Weak
Cross Character (New): Weak
Price at Cross: 0.0221

1. Pre-Cross Pattern (15min):
EMA Distance Changes (%): ['0.127', '0.100', '0.048', '0.026']
EMA12 Changes (%): ['0.023', '-0.036', '-0.085', '-0.134']
Price Changes (%): ['-0.089', '-0.358', '-0.359', '-0.406']
Candle Analysis:
    Body Sizes (%): ['0.089', '0.358', '0.404', '0.406']
    Upper Shadows (%): ['0.179', '0.045', '0.269', '0.135']
    Lower Shadows (%): ['0.089', '0.000', '0.000', '0.045']
Volumes: [np.float64(7551757.0), np.float64(6132563.0), np.float64(11195892.0), np.float64(8044451.0)]
2025-05-14 21:40:57,635 - INFO - 
2. Post-Cross Movement (30min):
5min Price Changes (%): ['0.045']
Maximum Change: 0.045% after 5 minutes
Candle Analysis:
    Body Sizes (%): ['0.045']
    Upper Shadows (%): ['0.000']
    Lower Shadows (%): ['0.090']
Volumes: [np.float64(2276534.0)]
==================================================
2025-05-14 21:40:58,432 - INFO - 
==================================================
EMA Cross Analysis - DOT/USDT
Time: 2025-05-14 21:40:00+09:00
Type: dead
Cross Character (Current): Weak
Cross Character (New): Weak
Price at Cross: 5.089

1. Pre-Cross Pattern (15min):
EMA Distance Changes (%): ['0.088', '0.061', '0.022', '0.012']
EMA12 Changes (%): ['-0.029', '-0.039', '-0.066', '-0.062']
Price Changes (%): ['-0.312', '-0.098', '-0.216', '-0.039']
Candle Analysis:
    Body Sizes (%): ['0.332', '0.117', '0.196', '0.059']
    Upper Shadows (%): ['0.000', '0.137', '0.020', '0.000']
    Lower Shadows (%): ['0.000', '0.000', '0.098', '0.000']
Volumes: [np.float64(26547.5), np.float64(32892.5), np.float64(79832.8), np.float64(11606.3)]
2025-05-14 21:40:58,432 - INFO - 
2. Post-Cross Movement (30min):
5min Price Changes (%): []
Maximum Change: 0.000% after 0 minutes
Candle Analysis:
    Body Sizes (%): []
    Upper Shadows (%): []
    Lower Shadows (%): []
Volumes: []
==================================================
2025-05-14 21:40:58,878 - INFO - 
==================================================
EMA Cross Analysis - BNB/USDT
Time: 2025-05-14 21:35:00+09:00
Type: dead
Cross Character (Current): Weak
Cross Character (New): Weak
Price at Cross: 656.41

1. Pre-Cross Pattern (15min):
EMA Distance Changes (%): ['0.033', '0.023', '0.011', '0.003']
EMA12 Changes (%): ['-0.004', '-0.015', '-0.021', '-0.026']
Price Changes (%): ['0.148', '-0.075', '-0.052', '-0.053']
Candle Analysis:
    Body Sizes (%): ['0.148', '0.076', '0.053', '0.055']
    Upper Shadows (%): ['0.038', '0.000', '0.047', '0.047']
    Lower Shadows (%): ['0.037', '0.000', '0.000', '0.024']
Volumes: [np.float64(5091.72), np.float64(881.52), np.float64(2266.36), np.float64(1238.3)]
2025-05-14 21:40:58,878 - INFO - 
2. Post-Cross Movement (30min):
5min Price Changes (%): ['-0.009']
Maximum Change: -0.009% after 5 minutes
Candle Analysis:
    Body Sizes (%): ['0.009']
    Upper Shadows (%): ['0.003']
    Lower Shadows (%): ['0.014']
Volumes: [np.float64(265.79)]
==================================================
2025-05-14 21:41:01,071 - INFO - 
==================================================
EMA Cross Analysis - ATA/USDT
Time: 2025-05-14 21:35:00+09:00
Type: dead
Cross Character (Current): Weak
Cross Character (New): Weak
Price at Cross: 0.0689

1. Pre-Cross Pattern (15min):
EMA Distance Changes (%): ['0.110', '0.085', '0.041', '0.017']
EMA12 Changes (%): ['0.065', '-0.033', '-0.073', '-0.106']
Price Changes (%): ['0.288', '-0.574', '-0.289', '-0.289']
Candle Analysis:
    Body Sizes (%): ['0.144', '0.431', '0.432', '0.434']
    Upper Shadows (%): ['0.144', '0.144', '0.144', '0.000']
    Lower Shadows (%): ['0.000', '0.144', '0.000', '0.145']
Volumes: [np.float64(192332.0), np.float64(185129.0), np.float64(55986.0), np.float64(134718.0)]
2025-05-14 21:41:01,071 - INFO - 
2. Post-Cross Movement (30min):
5min Price Changes (%): ['0.145']
Maximum Change: 0.145% after 5 minutes
Candle Analysis:
    Body Sizes (%): ['0.145']
    Upper Shadows (%): ['0.145']
    Lower Shadows (%): ['0.000']
Volumes: [np.float64(66360.0)]
==================================================
2025-05-14 21:41:01,457 - INFO - 
==================================================
EMA Cross Analysis - SUI/USDT
Time: 2025-05-14 21:40:00+09:00
Type: dead
Cross Character (Current): Weak
Cross Character (New): Weak
Price at Cross: 3.9281

1. Pre-Cross Pattern (15min):
EMA Distance Changes (%): ['0.070', '0.041', '0.003', '0.027']
EMA12 Changes (%): ['-0.040', '-0.047', '-0.067', '-0.058']
Price Changes (%): ['-0.455', '-0.081', '-0.178', '-0.008']
Candle Analysis:
    Body Sizes (%): ['0.455', '0.084', '0.180', '0.008']
    Upper Shadows (%): ['0.028', '0.107', '0.015', '0.028']
    Lower Shadows (%): ['0.000', '0.018', '0.079', '0.023']
Volumes: [np.float64(481272.1), np.float64(495727.6), np.float64(688797.6), np.float64(79542.4)]
2025-05-14 21:41:01,457 - INFO - 
2. Post-Cross Movement (30min):
5min Price Changes (%): []
Maximum Change: 0.000% after 0 minutes
Candle Analysis:
    Body Sizes (%): []
    Upper Shadows (%): []
    Lower Shadows (%): []
Volumes: []
==================================================
2025-05-14 21:41:01,676 - INFO - 
==================================================
EMA Cross Analysis - AVAX/USDT
Time: 2025-05-14 21:40:00+09:00
Type: dead
Cross Character (Current): Weak
Cross Character (New): Weak
Price at Cross: 25.743

1. Pre-Cross Pattern (15min):
EMA Distance Changes (%): ['0.092', '0.062', '0.017', '0.016']
EMA12 Changes (%): ['-0.037', '-0.045', '-0.078', '-0.060']
Price Changes (%): ['-0.309', '-0.089', '-0.264', '0.043']
Candle Analysis:
    Body Sizes (%): ['0.332', '0.101', '0.260', '0.043']
    Upper Shadows (%): ['0.035', '0.163', '0.000', '0.016']
    Lower Shadows (%): ['0.039', '0.000', '0.074', '0.051']
Volumes: [np.float64(24619.0), np.float64(16867.0), np.float64(37109.0), np.float64(7778.0)]
2025-05-14 21:41:01,676 - INFO - 
2. Post-Cross Movement (30min):
5min Price Changes (%): []
Maximum Change: 0.000% after 0 minutes
Candle Analysis:
    Body Sizes (%): []
    Upper Shadows (%): []
    Lower Shadows (%): []
Volumes: []
==================================================
2025-05-14 21:41:03,220 - INFO - 
==================================================
EMA Cross Analysis - USUAL/USDT
Time: 2025-05-14 21:35:00+09:00
Type: dead
Cross Character (Current): Weak
Cross Character (New): Weak
Price at Cross: 0.1668

1. Pre-Cross Pattern (15min):
EMA Distance Changes (%): ['0.126', '0.096', '0.015', '0.107']
EMA12 Changes (%): ['-0.068', '-0.040', '-0.143', '-0.230']
Price Changes (%): ['0.118', '0.118', '-0.709', '-0.714']
Candle Analysis:
    Body Sizes (%): ['0.059', '0.118', '0.709', '0.655']
    Upper Shadows (%): ['0.237', '0.118', '0.000', '0.179']
    Lower Shadows (%): ['0.237', '0.237', '0.236', '0.179']
Volumes: [np.float64(1297069.0), np.float64(833680.0), np.float64(1312576.0), np.float64(1426460.0)]
2025-05-14 21:41:03,220 - INFO - 
2. Post-Cross Movement (30min):
5min Price Changes (%): ['0.120']
Maximum Change: 0.120% after 5 minutes
Candle Analysis:
    Body Sizes (%): ['0.120']
    Upper Shadows (%): ['0.000']
    Lower Shadows (%): ['0.060']
Volumes: [np.float64(173748.0)]
==================================================
2025-05-14 21:41:03,441 - INFO - 
==================================================
EMA Cross Analysis - BRETT/USDT
Time: 2025-05-14 21:40:00+09:00
Type: dead
Cross Character (Current): Strong
Cross Character (New): Weak
Price at Cross: 0.07859

1. Pre-Cross Pattern (15min):
EMA Distance Changes (%): ['0.220', '0.155', '0.024', '0.078']
EMA12 Changes (%): ['-0.121', '-0.093', '-0.229', '-0.191']
Price Changes (%): ['-0.539', '0.063', '-0.983', '0.025']
Candle Analysis:
    Body Sizes (%): ['0.539', '0.038', '0.971', '0.025']
    Upper Shadows (%): ['0.025', '0.290', '0.025', '0.051']
    Lower Shadows (%): ['0.025', '0.000', '0.189', '0.204']
Volumes: [np.float64(739208.0), np.float64(730609.0), np.float64(2105409.0), np.float64(144014.0)]
2025-05-14 21:41:03,442 - INFO - 
2. Post-Cross Movement (30min):
5min Price Changes (%): []
Maximum Change: 0.000% after 0 minutes
Candle Analysis:
    Body Sizes (%): []
    Upper Shadows (%): []
    Lower Shadows (%): []
Volumes: []
==================================================
2025-05-14 21:41:03,952 - INFO - 
==================================================
EMA Cross Analysis - VANA/USDT
Time: 2025-05-14 21:40:00+09:00
Type: dead
Cross Character (Current): Weak
Cross Character (New): Weak
Price at Cross: 6.839

1. Pre-Cross Pattern (15min):
EMA Distance Changes (%): ['0.149', '0.099', '0.010', '0.061']
EMA12 Changes (%): ['-0.046', '-0.075', '-0.157', '-0.135']
Price Changes (%): ['-0.562', '-0.232', '-0.610', '-0.015']
Candle Analysis:
    Body Sizes (%): ['0.562', '0.232', '0.581', '0.044']
    Upper Shadows (%): ['0.014', '0.058', '0.000', '0.000']
    Lower Shadows (%): ['0.014', '0.014', '0.087', '0.102']
Volumes: [np.float64(6567.65), np.float64(9196.19), np.float64(20199.35), np.float64(1226.74)]
2025-05-14 21:41:03,952 - INFO - 
2. Post-Cross Movement (30min):
5min Price Changes (%): []
Maximum Change: 0.000% after 0 minutes
Candle Analysis:
    Body Sizes (%): []
    Upper Shadows (%): []
    Lower Shadows (%): []
Volumes: []
==================================================
2025-05-14 21:45:30,428 - INFO - 
==================================================
EMA Cross Analysis - DOGS/USDT
Time: 2025-05-14 21:45:00+09:00
Type: dead
Cross Character (Current): Weak
Cross Character (New): Weak
Price at Cross: 0.0002289

1. Pre-Cross Pattern (15min):
EMA Distance Changes (%): ['0.247', '0.149', '0.070', '0.007']
EMA12 Changes (%): ['-0.087', '-0.154', '-0.130', '-0.137']
Price Changes (%): ['-0.389', '-0.521', '0.000', '-0.174']
Candle Analysis:
    Body Sizes (%): ['0.389', '0.477', '0.044', '0.174']
    Upper Shadows (%): ['0.130', '0.087', '0.044', '0.044']
    Lower Shadows (%): ['0.130', '0.130', '0.393', '0.000']
Volumes: [np.float64(503880596.0), np.float64(608716686.0), np.float64(344640228.0), np.float64(44344278.0)]
2025-05-14 21:45:30,428 - INFO - 
2. Post-Cross Movement (30min):
5min Price Changes (%): []
Maximum Change: 0.000% after 0 minutes
Candle Analysis:
    Body Sizes (%): []
    Upper Shadows (%): []
    Lower Shadows (%): []
Volumes: []
==================================================
2025-05-14 21:45:32,169 - INFO - 
==================================================
EMA Cross Analysis - BAKE/USDT
Time: 2025-05-14 21:45:00+09:00
Type: dead
Cross Character (Current): Weak
Cross Character (New): Weak
Price at Cross: 0.1517

1. Pre-Cross Pattern (15min):
EMA Distance Changes (%): ['0.103', '0.063', '0.020', '0.008']
EMA12 Changes (%): ['-0.050', '-0.063', '-0.073', '-0.052']
Price Changes (%): ['-0.262', '-0.132', '-0.132', '0.066']
Candle Analysis:
    Body Sizes (%): ['0.197', '0.197', '0.132', '0.000']
    Upper Shadows (%): ['0.131', '0.066', '0.000', '0.066']
    Lower Shadows (%): ['0.066', '0.066', '0.198', '0.000']
Volumes: [np.float64(109800.0), np.float64(145900.0), np.float64(92557.0), np.float64(6630.0)]
2025-05-14 21:45:32,169 - INFO - 
2. Post-Cross Movement (30min):
5min Price Changes (%): []
Maximum Change: 0.000% after 0 minutes
Candle Analysis:
    Body Sizes (%): []
    Upper Shadows (%): []
    Lower Shadows (%): []
Volumes: []
==================================================
2025-05-14 21:45:33,038 - INFO - 
==================================================
EMA Cross Analysis - LINK/USDT
Time: 2025-05-14 21:45:00+09:00
Type: dead
Cross Character (Current): Weak
Cross Character (New): Weak
Price at Cross: 17.041

1. Pre-Cross Pattern (15min):
EMA Distance Changes (%): ['0.068', '0.024', '0.004', '0.014']
EMA12 Changes (%): ['-0.045', '-0.075', '-0.034', '-0.035']
Price Changes (%): ['-0.164', '-0.240', '0.194', '-0.041']
Candle Analysis:
    Body Sizes (%): ['0.170', '0.240', '0.194', '0.035']
    Upper Shadows (%): ['0.100', '0.012', '0.018', '0.018']
    Lower Shadows (%): ['0.000', '0.106', '0.041', '0.012']
Volumes: [np.float64(41598.1), np.float64(67662.96), np.float64(59962.24), np.float64(6651.04)]
2025-05-14 21:45:33,038 - INFO - 
2. Post-Cross Movement (30min):
5min Price Changes (%): []
Maximum Change: 0.000% after 0 minutes
Candle Analysis:
    Body Sizes (%): []
    Upper Shadows (%): []
    Lower Shadows (%): []
Volumes: []
==================================================
2025-05-14 21:45:33,258 - INFO - 
==================================================
EMA Cross Analysis - POL/USDT
Time: 2025-05-14 21:45:00+09:00
Type: dead
Cross Character (Current): Weak
Cross Character (New): Weak
Price at Cross: 0.25554

1. Pre-Cross Pattern (15min):
EMA Distance Changes (%): ['0.069', '0.029', '0.001', '0.022']
EMA12 Changes (%): ['-0.038', '-0.067', '-0.049', '-0.044']
Price Changes (%): ['-0.098', '-0.230', '0.055', '-0.020']
Candle Analysis:
    Body Sizes (%): ['0.129', '0.242', '0.051', '0.020']
    Upper Shadows (%): ['0.125', '0.047', '0.051', '0.020']
    Lower Shadows (%): ['0.000', '0.059', '0.023', '0.027']
Volumes: [np.float64(99413.0), np.float64(270537.0), np.float64(344377.0), np.float64(9699.0)]
2025-05-14 21:45:33,258 - INFO - 
2. Post-Cross Movement (30min):
5min Price Changes (%): []
Maximum Change: 0.000% after 0 minutes
Candle Analysis:
    Body Sizes (%): []
    Upper Shadows (%): []
    Lower Shadows (%): []
Volumes: []
==================================================
2025-05-14 21:45:35,520 - INFO - 
==================================================
EMA Cross Analysis - DOT/USDT
Time: 2025-05-14 21:40:00+09:00
Type: dead
Cross Character (Current): Weak
Cross Character (New): Weak
Price at Cross: 5.095

1. Pre-Cross Pattern (15min):
EMA Distance Changes (%): ['0.088', '0.061', '0.022', '0.002']
EMA12 Changes (%): ['-0.029', '-0.039', '-0.066', '-0.044']
Price Changes (%): ['-0.312', '-0.098', '-0.216', '0.079']
Candle Analysis:
    Body Sizes (%): ['0.332', '0.117', '0.196', '0.059']
    Upper Shadows (%): ['0.000', '0.137', '0.020', '0.000']
    Lower Shadows (%): ['0.000', '0.000', '0.098', '0.079']
Volumes: [np.float64(26547.5), np.float64(32892.5), np.float64(79832.8), np.float64(58714.7)]
2025-05-14 21:45:35,520 - INFO - 
2. Post-Cross Movement (30min):
5min Price Changes (%): ['-0.079']
Maximum Change: -0.079% after 5 minutes
Candle Analysis:
    Body Sizes (%): ['0.059']
    Upper Shadows (%): ['0.000']
    Lower Shadows (%): ['0.020']
Volumes: [np.float64(3756.1)]
==================================================
2025-05-14 21:45:38,527 - INFO - 
==================================================
EMA Cross Analysis - SUI/USDT
Time: 2025-05-14 21:40:00+09:00
Type: dead
Cross Character (Current): Weak
Cross Character (New): Weak
Price at Cross: 3.9313

1. Pre-Cross Pattern (15min):
EMA Distance Changes (%): ['0.070', '0.041', '0.003', '0.021']
EMA12 Changes (%): ['-0.040', '-0.047', '-0.067', '-0.045']
Price Changes (%): ['-0.455', '-0.081', '-0.178', '0.074']
Candle Analysis:
    Body Sizes (%): ['0.455', '0.084', '0.180', '0.074']
    Upper Shadows (%): ['0.028', '0.107', '0.015', '0.015']
    Lower Shadows (%): ['0.000', '0.018', '0.079', '0.087']
Volumes: [np.float64(481272.1), np.float64(495727.6), np.float64(688797.6), np.float64(712813.3)]
2025-05-14 21:45:38,527 - INFO - 
2. Post-Cross Movement (30min):
5min Price Changes (%): ['-0.008']
Maximum Change: -0.008% after 5 minutes
Candle Analysis:
    Body Sizes (%): ['0.008']
    Upper Shadows (%): ['0.033']
    Lower Shadows (%): ['0.023']
Volumes: [np.float64(76673.5)]
==================================================
2025-05-14 21:45:38,743 - INFO - 
==================================================
EMA Cross Analysis - AVAX/USDT
Time: 2025-05-14 21:40:00+09:00
Type: dead
Cross Character (Current): Weak
Cross Character (New): Weak
Price at Cross: 25.783

1. Pre-Cross Pattern (15min):
EMA Distance Changes (%): ['0.092', '0.062', '0.017', '0.003']
EMA12 Changes (%): ['-0.037', '-0.045', '-0.078', '-0.036']
Price Changes (%): ['-0.309', '-0.089', '-0.264', '0.198']
Candle Analysis:
    Body Sizes (%): ['0.332', '0.101', '0.260', '0.198']
    Upper Shadows (%): ['0.035', '0.163', '0.000', '0.000']
    Lower Shadows (%): ['0.039', '0.000', '0.074', '0.051']
Volumes: [np.float64(24619.0), np.float64(16867.0), np.float64(37109.0), np.float64(24420.0)]
2025-05-14 21:45:38,743 - INFO - 
2. Post-Cross Movement (30min):
5min Price Changes (%): ['-0.066']
Maximum Change: -0.066% after 5 minutes
Candle Analysis:
    Body Sizes (%): ['0.062']
    Upper Shadows (%): ['0.012']
    Lower Shadows (%): ['0.047']
Volumes: [np.float64(3456.0)]
==================================================
2025-05-14 21:45:38,962 - INFO - 
==================================================
EMA Cross Analysis - MOVE/USDT
Time: 2025-05-14 21:45:00+09:00
Type: dead
Cross Character (Current): Weak
Cross Character (New): Weak
Price at Cross: 0.2205

1. Pre-Cross Pattern (15min):
EMA Distance Changes (%): ['0.174', '0.083', '0.031', '0.013']
EMA12 Changes (%): ['-0.089', '-0.152', '-0.087', '-0.080']
Price Changes (%): ['-0.361', '-0.498', '0.273', '-0.045']
Candle Analysis:
    Body Sizes (%): ['0.361', '0.542', '0.227', '0.045']
    Upper Shadows (%): ['0.045', '0.045', '0.091', '0.045']
    Lower Shadows (%): ['0.000', '0.181', '0.091', '0.045']
Volumes: [np.float64(640667.0), np.float64(1920716.0), np.float64(625873.0), np.float64(43596.0)]
2025-05-14 21:45:38,962 - INFO - 
2. Post-Cross Movement (30min):
5min Price Changes (%): []
Maximum Change: 0.000% after 0 minutes
Candle Analysis:
    Body Sizes (%): []
    Upper Shadows (%): []
    Lower Shadows (%): []
Volumes: []
==================================================
2025-05-14 21:45:39,608 - INFO - 
==================================================
EMA Cross Analysis - COW/USDT
Time: 2025-05-14 21:45:00+09:00
Type: dead
Cross Character (Current): Weak
Cross Character (New): Weak
Price at Cross: 0.4127

1. Pre-Cross Pattern (15min):
EMA Distance Changes (%): ['0.055', '0.035', '0.020', '0.000']
EMA12 Changes (%): ['-0.008', '-0.029', '-0.025', '-0.036']
Price Changes (%): ['0.121', '-0.145', '0.000', '-0.097']
Candle Analysis:
    Body Sizes (%): ['0.121', '0.121', '0.024', '0.121']
    Upper Shadows (%): ['0.097', '0.000', '0.097', '0.048']
    Lower Shadows (%): ['0.097', '0.193', '0.097', '0.000']
Volumes: [np.float64(35783.0), np.float64(78057.0), np.float64(26297.0), np.float64(28159.0)]
2025-05-14 21:45:39,609 - INFO - 
2. Post-Cross Movement (30min):
5min Price Changes (%): []
Maximum Change: 0.000% after 0 minutes
Candle Analysis:
    Body Sizes (%): []
    Upper Shadows (%): []
    Lower Shadows (%): []
Volumes: []
==================================================
2025-05-14 21:45:40,484 - INFO - 
==================================================
EMA Cross Analysis - BRETT/USDT
Time: 2025-05-14 21:40:00+09:00
Type: dead
Cross Character (Current): Strong
Cross Character (New): Weak
Price at Cross: 0.07919

1. Pre-Cross Pattern (15min):
EMA Distance Changes (%): ['0.220', '0.155', '0.024', '0.017']
EMA12 Changes (%): ['-0.121', '-0.093', '-0.229', '-0.075']
Price Changes (%): ['-0.539', '0.063', '-0.983', '0.789']
Candle Analysis:
    Body Sizes (%): ['0.539', '0.038', '0.971', '0.789']
    Upper Shadows (%): ['0.025', '0.290', '0.025', '0.013']
    Lower Shadows (%): ['0.025', '0.000', '0.189', '0.204']
Volumes: [np.float64(739208.0), np.float64(730609.0), np.float64(2105409.0), np.float64(1551681.0)]
2025-05-14 21:45:40,484 - INFO - 
2. Post-Cross Movement (30min):
5min Price Changes (%): ['-0.429']
Maximum Change: -0.429% after 5 minutes
Candle Analysis:
    Body Sizes (%): ['0.417']
    Upper Shadows (%): ['0.000']
    Lower Shadows (%): ['0.000']
Volumes: [np.float64(369709.0)]
==================================================
2025-05-14 21:45:40,993 - INFO - 
==================================================
EMA Cross Analysis - VANA/USDT
Time: 2025-05-14 21:40:00+09:00
Type: dead
Cross Character (Current): Weak
Cross Character (New): Weak
Price at Cross: 6.847

1. Pre-Cross Pattern (15min):
EMA Distance Changes (%): ['0.149', '0.099', '0.010', '0.052']
EMA12 Changes (%): ['-0.046', '-0.075', '-0.157', '-0.117']
Price Changes (%): ['-0.562', '-0.232', '-0.610', '0.102']
Candle Analysis:
    Body Sizes (%): ['0.562', '0.232', '0.581', '0.073']
    Upper Shadows (%): ['0.014', '0.058', '0.000', '0.029']
    Lower Shadows (%): ['0.014', '0.014', '0.087', '0.307']
Volumes: [np.float64(6567.65), np.float64(9196.19), np.float64(20199.35), np.float64(8167.21)]
2025-05-14 21:45:40,993 - INFO - 
2. Post-Cross Movement (30min):
5min Price Changes (%): ['-0.073']
Maximum Change: -0.073% after 5 minutes
Candle Analysis:
    Body Sizes (%): ['0.073']
    Upper Shadows (%): ['0.015']
    Lower Shadows (%): ['0.000']
Volumes: [np.float64(722.12)]
==================================================
2025-05-14 21:50:07,432 - INFO - 
==================================================
EMA Cross Analysis - DOGS/USDT
Time: 2025-05-14 21:45:00+09:00
Type: dead
Cross Character (Current): Strong
Cross Character (New): Weak
Price at Cross: 0.0002275

1. Pre-Cross Pattern (15min):
EMA Distance Changes (%): ['0.247', '0.149', '0.070', '0.056']
EMA12 Changes (%): ['-0.087', '-0.154', '-0.130', '-0.230']
Price Changes (%): ['-0.389', '-0.521', '0.000', '-0.785']
Candle Analysis:
    Body Sizes (%): ['0.389', '0.477', '0.044', '0.785']
    Upper Shadows (%): ['0.130', '0.087', '0.044', '0.087']
    Lower Shadows (%): ['0.130', '0.130', '0.393', '0.262']
Volumes: [np.float64(503880596.0), np.float64(608716686.0), np.float64(344640228.0), np.float64(664174966.0)]
2025-05-14 21:50:07,432 - INFO - 
2. Post-Cross Movement (30min):
5min Price Changes (%): ['-0.088']
Maximum Change: -0.088% after 5 minutes
Candle Analysis:
    Body Sizes (%): ['0.044']
    Upper Shadows (%): ['0.000']
    Lower Shadows (%): ['0.000']
Volumes: [np.float64(9091273.0)]
==================================================
2025-05-14 21:50:07,647 - INFO - 
==================================================
EMA Cross Analysis - BAN/USDT
Time: 2025-05-14 21:50:00+09:00
Type: dead
Cross Character (Current): Weak
Cross Character (New): Weak
Price at Cross: 0.06603

1. Pre-Cross Pattern (15min):
EMA Distance Changes (%): ['0.144', '0.127', '0.031', '0.034']
EMA12 Changes (%): ['-0.008', '-0.014', '-0.166', '-0.120']
Price Changes (%): ['-0.105', '-0.045', '-1.006', '0.136']
Candle Analysis:
    Body Sizes (%): ['0.090', '0.030', '1.021', '0.121']
    Upper Shadows (%): ['0.240', '0.015', '0.165', '0.000']
    Lower Shadows (%): ['0.105', '0.045', '0.330', '0.000']
Volumes: [np.float64(250562.0), np.float64(35299.0), np.float64(585744.0), np.float64(15521.0)]
2025-05-14 21:50:07,648 - INFO - 
2. Post-Cross Movement (30min):
5min Price Changes (%): []
Maximum Change: 0.000% after 0 minutes
Candle Analysis:
    Body Sizes (%): []
    Upper Shadows (%): []
    Lower Shadows (%): []
Volumes: []
==================================================
2025-05-14 21:50:09,174 - INFO - 
==================================================
EMA Cross Analysis - BAKE/USDT
Time: 2025-05-14 21:45:00+09:00
Type: dead
Cross Character (Current): Weak
Cross Character (New): Weak
Price at Cross: 0.151

1. Pre-Cross Pattern (15min):
EMA Distance Changes (%): ['0.103', '0.063', '0.020', '0.045']
EMA12 Changes (%): ['-0.050', '-0.063', '-0.073', '-0.123']
Price Changes (%): ['-0.262', '-0.132', '-0.132', '-0.396']
Candle Analysis:
    Body Sizes (%): ['0.197', '0.197', '0.132', '0.461']
    Upper Shadows (%): ['0.131', '0.066', '0.000', '0.066']
    Lower Shadows (%): ['0.066', '0.066', '0.198', '0.198']
Volumes: [np.float64(109800.0), np.float64(145900.0), np.float64(92557.0), np.float64(179117.0)]
2025-05-14 21:50:09,174 - INFO - 
2. Post-Cross Movement (30min):
5min Price Changes (%): ['0.066']
Maximum Change: 0.066% after 5 minutes
Candle Analysis:
    Body Sizes (%): ['0.000']
    Upper Shadows (%): ['0.000']
    Lower Shadows (%): ['0.000']
Volumes: [np.float64(1626.0)]
==================================================
2025-05-14 21:50:09,618 - INFO - 
==================================================
EMA Cross Analysis - 1000PEPE/USDT
Time: 2025-05-14 21:50:00+09:00
Type: dead
Cross Character (Current): Weak
Cross Character (New): Weak
Price at Cross: 0.0140192

1. Pre-Cross Pattern (15min):
EMA Distance Changes (%): ['0.204', '0.150', '0.060', '0.018']
EMA12 Changes (%): ['-0.090', '-0.074', '-0.151', '-0.141']
Price Changes (%): ['-0.421', '0.014', '-0.581', '-0.080']
Candle Analysis:
    Body Sizes (%): ['0.421', '0.006', '0.586', '0.079']
    Upper Shadows (%): ['0.064', '0.028', '0.157', '0.010']
    Lower Shadows (%): ['0.138', '0.248', '0.215', '0.000']
Volumes: [np.float64(425346385.0), np.float64(262085735.0), np.float64(349540859.0), np.float64(6306711.0)]
2025-05-14 21:50:09,618 - INFO - 
2. Post-Cross Movement (30min):
5min Price Changes (%): []
Maximum Change: 0.000% after 0 minutes
Candle Analysis:
    Body Sizes (%): []
    Upper Shadows (%): []
    Lower Shadows (%): []
Volumes: []
==================================================
2025-05-14 21:50:10,061 - INFO - 
==================================================
EMA Cross Analysis - LINK/USDT
Time: 2025-05-14 21:45:00+09:00
Type: dead
Cross Character (Current): Weak
Cross Character (New): Weak
Price at Cross: 16.986

1. Pre-Cross Pattern (15min):
EMA Distance Changes (%): ['0.068', '0.024', '0.004', '0.040']
EMA12 Changes (%): ['-0.045', '-0.075', '-0.034', '-0.085']
Price Changes (%): ['-0.164', '-0.240', '0.194', '-0.364']
Candle Analysis:
    Body Sizes (%): ['0.170', '0.240', '0.194', '0.358']
    Upper Shadows (%): ['0.100', '0.012', '0.018', '0.029']
    Lower Shadows (%): ['0.000', '0.106', '0.041', '0.094']
Volumes: [np.float64(41598.1), np.float64(67662.96), np.float64(59962.24), np.float64(85288.09)]
2025-05-14 21:50:10,061 - INFO - 
2. Post-Cross Movement (30min):
5min Price Changes (%): ['-0.024']
Maximum Change: -0.024% after 5 minutes
Candle Analysis:
    Body Sizes (%): ['0.029']
    Upper Shadows (%): ['0.000']
    Lower Shadows (%): ['0.006']
Volumes: [np.float64(1200.82)]
==================================================
2025-05-14 21:50:10,278 - INFO - 
==================================================
EMA Cross Analysis - POL/USDT
Time: 2025-05-14 21:45:00+09:00
Type: dead
Cross Character (Current): Weak
Cross Character (New): Weak
Price at Cross: 0.25468

1. Pre-Cross Pattern (15min):
EMA Distance Changes (%): ['0.069', '0.029', '0.001', '0.049']
EMA12 Changes (%): ['-0.038', '-0.067', '-0.049', '-0.096']
Price Changes (%): ['-0.098', '-0.230', '0.055', '-0.356']
Candle Analysis:
    Body Sizes (%): ['0.129', '0.242', '0.051', '0.356']
    Upper Shadows (%): ['0.125', '0.047', '0.051', '0.035']
    Lower Shadows (%): ['0.000', '0.059', '0.023', '0.102']
Volumes: [np.float64(99413.0), np.float64(270537.0), np.float64(344377.0), np.float64(303219.0)]
2025-05-14 21:50:10,278 - INFO - 
2. Post-Cross Movement (30min):
5min Price Changes (%): ['0.020']
Maximum Change: 0.020% after 5 minutes
Candle Analysis:
    Body Sizes (%): ['0.020']
    Upper Shadows (%): ['0.008']
    Lower Shadows (%): ['0.000']
Volumes: [np.float64(17485.0)]
==================================================
2025-05-14 21:50:15,990 - INFO - 
==================================================
EMA Cross Analysis - MOVE/USDT
Time: 2025-05-14 21:45:00+09:00
Type: dead
Cross Character (Current): Weak
Cross Character (New): Weak
Price at Cross: 0.2197

1. Pre-Cross Pattern (15min):
EMA Distance Changes (%): ['0.174', '0.083', '0.031', '0.042']
EMA12 Changes (%): ['-0.089', '-0.152', '-0.087', '-0.136']
Price Changes (%): ['-0.361', '-0.498', '0.273', '-0.408']
Candle Analysis:
    Body Sizes (%): ['0.361', '0.542', '0.227', '0.408']
    Upper Shadows (%): ['0.045', '0.045', '0.091', '0.091']
    Lower Shadows (%): ['0.000', '0.181', '0.091', '0.272']
Volumes: [np.float64(640667.0), np.float64(1920716.0), np.float64(625873.0), np.float64(613712.0)]
2025-05-14 21:50:15,991 - INFO - 
2. Post-Cross Movement (30min):
5min Price Changes (%): ['-0.137']
Maximum Change: -0.137% after 5 minutes
Candle Analysis:
    Body Sizes (%): ['0.137']
    Upper Shadows (%): ['0.000']
    Lower Shadows (%): ['0.000']
Volumes: [np.float64(43616.0)]
==================================================
2025-05-14 21:50:16,644 - INFO - 
==================================================
EMA Cross Analysis - COW/USDT
Time: 2025-05-14 21:45:00+09:00
Type: dead
Cross Character (Current): Weak
Cross Character (New): Weak
Price at Cross: 0.4109

1. Pre-Cross Pattern (15min):
EMA Distance Changes (%): ['0.055', '0.035', '0.020', '0.035']
EMA12 Changes (%): ['-0.008', '-0.029', '-0.025', '-0.103']
Price Changes (%): ['0.121', '-0.145', '0.000', '-0.533']
Candle Analysis:
    Body Sizes (%): ['0.121', '0.121', '0.024', '0.557']
    Upper Shadows (%): ['0.097', '0.000', '0.097', '0.048']
    Lower Shadows (%): ['0.097', '0.193', '0.097', '0.097']
Volumes: [np.float64(35783.0), np.float64(78057.0), np.float64(26297.0), np.float64(108212.0)]
2025-05-14 21:50:16,644 - INFO - 
2. Post-Cross Movement (30min):
5min Price Changes (%): ['-0.049']
Maximum Change: -0.049% after 5 minutes
Candle Analysis:
    Body Sizes (%): ['0.024']
    Upper Shadows (%): ['0.000']
    Lower Shadows (%): ['0.024']
Volumes: [np.float64(13037.0)]
==================================================
2025-05-14 21:55:53,075 - INFO - 
==================================================
EMA Cross Analysis - BAN/USDT
Time: 2025-05-14 21:50:00+09:00
Type: dead
Cross Character (Current): Weak
Cross Character (New): Weak
Price at Cross: 0.06603

1. Pre-Cross Pattern (15min):
EMA Distance Changes (%): ['0.144', '0.127', '0.031', '0.034']
EMA12 Changes (%): ['-0.008', '-0.014', '-0.166', '-0.120']
Price Changes (%): ['-0.105', '-0.045', '-1.006', '0.136']
Candle Analysis:
    Body Sizes (%): ['0.090', '0.030', '1.021', '0.121']
    Upper Shadows (%): ['0.240', '0.015', '0.165', '0.167']
    Lower Shadows (%): ['0.105', '0.045', '0.330', '0.000']
Volumes: [np.float64(250562.0), np.float64(35299.0), np.float64(585744.0), np.float64(113702.0)]
2025-05-14 21:55:53,075 - INFO - 
2. Post-Cross Movement (30min):
5min Price Changes (%): ['-0.288']
Maximum Change: -0.288% after 5 minutes
Candle Analysis:
    Body Sizes (%): ['0.258']
    Upper Shadows (%): ['0.000']
    Lower Shadows (%): ['0.000']
Volumes: [np.float64(6269.0)]
==================================================
2025-05-14 21:55:54,382 - INFO - 
==================================================
EMA Cross Analysis - HIPPO/USDT
Time: 2025-05-14 21:55:00+09:00
Type: dead
Cross Character (Current): Weak
Cross Character (New): Strong
Price at Cross: 0.004501

1. Pre-Cross Pattern (15min):
EMA Distance Changes (%): ['2.578', '1.683', '0.791', '0.265']
EMA12 Changes (%): ['0.148', '-1.767', '-1.313', '-1.762']
Price Changes (%): ['-0.695', '-12.202', '1.508', '-4.458']
Candle Analysis:
    Body Sizes (%): ['0.714', '12.219', '1.508', '4.458']
    Upper Shadows (%): ['1.334', '0.340', '1.207', '0.000']
    Lower Shadows (%): ['0.413', '1.778', '0.539', '0.807']
Volumes: [np.float64(242325582.0), np.float64(1704995814.0), np.float64(545804420.0), np.float64(518178839.0)]
2025-05-14 21:55:54,382 - INFO - 
2. Post-Cross Movement (30min):
5min Price Changes (%): []
Maximum Change: 0.000% after 0 minutes
Candle Analysis:
    Body Sizes (%): []
    Upper Shadows (%): []
    Lower Shadows (%): []
Volumes: []
==================================================
2025-05-14 21:55:55,038 - INFO - 
==================================================
EMA Cross Analysis - 1000PEPE/USDT
Time: 2025-05-14 21:50:00+09:00
Type: dead
Cross Character (Current): Weak
Cross Character (New): Weak
Price at Cross: 0.0140179

1. Pre-Cross Pattern (15min):
EMA Distance Changes (%): ['0.204', '0.150', '0.060', '0.018']
EMA12 Changes (%): ['-0.090', '-0.074', '-0.151', '-0.142']
Price Changes (%): ['-0.421', '0.014', '-0.581', '-0.089']
Candle Analysis:
    Body Sizes (%): ['0.421', '0.006', '0.586', '0.088']
    Upper Shadows (%): ['0.064', '0.028', '0.157', '0.348']
    Lower Shadows (%): ['0.138', '0.248', '0.215', '0.116']
Volumes: [np.float64(425346385.0), np.float64(262085735.0), np.float64(349540859.0), np.float64(216018326.0)]
2025-05-14 21:55:55,038 - INFO - 
2. Post-Cross Movement (30min):
5min Price Changes (%): ['-0.350']
Maximum Change: -0.350% after 5 minutes
Candle Analysis:
    Body Sizes (%): ['0.347']
    Upper Shadows (%): ['0.000']
    Lower Shadows (%): ['0.001']
Volumes: [np.float64(140951703.0)]
==================================================
2025-05-14 21:55:56,999 - INFO - 
==================================================
EMA Cross Analysis - XLM/USDT
Time: 2025-05-14 21:55:00+09:00
Type: dead
Cross Character (Current): Weak
Cross Character (New): Weak
Price at Cross: 0.31002

1. Pre-Cross Pattern (15min):
EMA Distance Changes (%): ['0.101', '0.067', '0.025', '0.021']
EMA12 Changes (%): ['0.016', '-0.053', '-0.072', '-0.085']
Price Changes (%): ['0.077', '-0.432', '-0.177', '-0.158']
Candle Analysis:
    Body Sizes (%): ['0.077', '0.432', '0.180', '0.155']
    Upper Shadows (%): ['0.096', '0.013', '0.167', '0.000']
    Lower Shadows (%): ['0.006', '0.154', '0.051', '0.026']
Volumes: [np.float64(538471.0), np.float64(962137.0), np.float64(1154896.0), np.float64(231417.0)]
2025-05-14 21:55:56,999 - INFO - 
2. Post-Cross Movement (30min):
5min Price Changes (%): []
Maximum Change: 0.000% after 0 minutes
Candle Analysis:
    Body Sizes (%): []
    Upper Shadows (%): []
    Lower Shadows (%): []
Volumes: []
==================================================
2025-05-14 21:55:58,183 - INFO - 
==================================================
EMA Cross Analysis - ZRO/USDT
Time: 2025-05-14 21:55:00+09:00
Type: dead
Cross Character (Current): Strong
Cross Character (New): Weak
Price at Cross: 3.2036

1. Pre-Cross Pattern (15min):
EMA Distance Changes (%): ['0.236', '0.111', '0.005', '0.107']
EMA12 Changes (%): ['-0.088', '-0.209', '-0.186', '-0.212']
Price Changes (%): ['0.278', '-0.878', '-0.059', '-0.355']
Candle Analysis:
    Body Sizes (%): ['0.272', '0.875', '0.081', '0.336']
    Upper Shadows (%): ['0.006', '0.000', '0.196', '0.003']
    Lower Shadows (%): ['0.176', '0.173', '0.118', '0.037']
Volumes: [np.float64(48223.4), np.float64(82668.0), np.float64(105941.7), np.float64(12661.2)]
2025-05-14 21:55:58,183 - INFO - 
2. Post-Cross Movement (30min):
5min Price Changes (%): []
Maximum Change: 0.000% after 0 minutes
Candle Analysis:
    Body Sizes (%): []
    Upper Shadows (%): []
    Lower Shadows (%): []
Volumes: []
==================================================
2025-05-14 21:55:59,272 - INFO - 
==================================================
EMA Cross Analysis - XRP/USDT
Time: 2025-05-14 21:50:00+09:00
Type: dead
Cross Character (Current): Weak
Cross Character (New): Weak
Price at Cross: 2.5937

1. Pre-Cross Pattern (15min):
EMA Distance Changes (%): ['0.100', '0.090', '0.047', '0.020']
EMA12 Changes (%): ['-0.001', '-0.006', '-0.071', '-0.122']
Price Changes (%): ['-0.172', '-0.034', '-0.424', '-0.403']
Candle Analysis:
    Body Sizes (%): ['0.172', '0.031', '0.421', '0.399']
    Upper Shadows (%): ['0.027', '0.034', '0.004', '0.004']
    Lower Shadows (%): ['0.099', '0.050', '0.084', '0.088']
Volumes: [np.float64(2248960.5), np.float64(1251657.9), np.float64(3357387.4), np.float64(5895363.9)]
2025-05-14 21:55:59,273 - INFO - 
2. Post-Cross Movement (30min):
5min Price Changes (%): ['-0.197']
Maximum Change: -0.197% after 5 minutes
Candle Analysis:
    Body Sizes (%): ['0.197']
    Upper Shadows (%): ['0.000']
    Lower Shadows (%): ['0.023']
Volumes: [np.float64(2590058.4)]
==================================================
2025-05-14 22:00:31,418 - INFO - 
==================================================
EMA Cross Analysis - HIPPO/USDT
Time: 2025-05-14 21:55:00+09:00
Type: dead
Cross Character (Current): Weak
Cross Character (New): Strong
Price at Cross: 0.004521

1. Pre-Cross Pattern (15min):
EMA Distance Changes (%): ['2.578', '1.683', '0.791', '0.229']
EMA12 Changes (%): ['0.148', '-1.767', '-1.313', '-1.701']
Price Changes (%): ['-0.695', '-12.202', '1.508', '-4.033']
Candle Analysis:
    Body Sizes (%): ['0.714', '12.219', '1.508', '4.033']
    Upper Shadows (%): ['1.334', '0.340', '1.207', '0.000']
    Lower Shadows (%): ['0.413', '1.778', '0.539', '3.290']
Volumes: [np.float64(242325582.0), np.float64(1704995814.0), np.float64(545804420.0), np.float64(1378837831.0)]
2025-05-14 22:00:31,418 - INFO - 
2. Post-Cross Movement (30min):
5min Price Changes (%): ['1.194']
Maximum Change: 1.194% after 5 minutes
Candle Analysis:
    Body Sizes (%): ['1.217']
    Upper Shadows (%): ['1.128']
    Lower Shadows (%): ['0.133']
Volumes: [np.float64(220157350.0)]
==================================================
2025-05-14 22:00:33,378 - INFO - 
==================================================
EMA Cross Analysis - PHA/USDT
Time: 2025-05-14 22:00:00+09:00
Type: dead
Cross Character (Current): Strong
Cross Character (New): Weak
Price at Cross: 0.1485

1. Pre-Cross Pattern (15min):
EMA Distance Changes (%): ['0.491', '0.282', '0.036', '0.163']
EMA12 Changes (%): ['-0.499', '-0.320', '-0.427', '-0.370']
Price Changes (%): ['-1.285', '0.698', '-1.026', '-0.047']
Candle Analysis:
    Body Sizes (%): ['1.291', '0.698', '1.052', '0.087']
    Upper Shadows (%): ['0.000', '0.235', '0.007', '0.188']
    Lower Shadows (%): ['0.616', '0.154', '0.553', '0.000']
Volumes: [np.float64(1422319.0), np.float64(863224.0), np.float64(1296615.0), np.float64(73430.0)]
2025-05-14 22:00:33,378 - INFO - 
2. Post-Cross Movement (30min):
5min Price Changes (%): []
Maximum Change: 0.000% after 0 minutes
Candle Analysis:
    Body Sizes (%): []
    Upper Shadows (%): []
    Lower Shadows (%): []
Volumes: []
==================================================
2025-05-14 22:00:33,921 - INFO - 
==================================================
EMA Cross Analysis - DOGE/USDT
Time: 2025-05-14 22:00:00+09:00
Type: dead
Cross Character (Current): Weak
Cross Character (New): Weak
Price at Cross: 0.23604

1. Pre-Cross Pattern (15min):
EMA Distance Changes (%): ['0.098', '0.066', '0.030', '0.001']
EMA12 Changes (%): ['-0.063', '-0.048', '-0.061', '-0.055']
Price Changes (%): ['-0.346', '0.034', '-0.131', '-0.021']
Candle Analysis:
    Body Sizes (%): ['0.350', '0.030', '0.127', '0.017']
    Upper Shadows (%): ['0.067', '0.245', '0.000', '0.110']
    Lower Shadows (%): ['0.177', '0.093', '0.360', '0.017']
Volumes: [np.float64(29244302.0), np.float64(20662713.0), np.float64(45690934.0), np.float64(820890.0)]
2025-05-14 22:00:33,921 - INFO - 
2. Post-Cross Movement (30min):
5min Price Changes (%): []
Maximum Change: 0.000% after 0 minutes
Candle Analysis:
    Body Sizes (%): []
    Upper Shadows (%): []
    Lower Shadows (%): []
Volumes: []
==================================================
2025-05-14 22:00:34,142 - INFO - 
==================================================
EMA Cross Analysis - XLM/USDT
Time: 2025-05-14 21:55:00+09:00
Type: dead
Cross Character (Current): Weak
Cross Character (New): Weak
Price at Cross: 0.31014

1. Pre-Cross Pattern (15min):
EMA Distance Changes (%): ['0.101', '0.067', '0.025', '0.018']
EMA12 Changes (%): ['0.016', '-0.053', '-0.072', '-0.079']
Price Changes (%): ['0.077', '-0.432', '-0.177', '-0.119']
Candle Analysis:
    Body Sizes (%): ['0.077', '0.432', '0.180', '0.116']
    Upper Shadows (%): ['0.096', '0.013', '0.167', '0.000']
    Lower Shadows (%): ['0.006', '0.154', '0.051', '0.280']
Volumes: [np.float64(538471.0), np.float64(962137.0), np.float64(1154896.0), np.float64(1605553.0)]
2025-05-14 22:00:34,143 - INFO - 
2. Post-Cross Movement (30min):
5min Price Changes (%): ['-0.023']
Maximum Change: -0.023% after 5 minutes
Candle Analysis:
    Body Sizes (%): ['0.019']
    Upper Shadows (%): ['0.071']
    Lower Shadows (%): ['0.000']
Volumes: [np.float64(128946.0)]
==================================================
2025-05-14 22:00:35,324 - INFO - 
==================================================
EMA Cross Analysis - ZRO/USDT
Time: 2025-05-14 21:55:00+09:00
Type: dead
Cross Character (Current): Strong
Cross Character (New): Weak
Price at Cross: 3.2141

1. Pre-Cross Pattern (15min):
EMA Distance Changes (%): ['0.236', '0.111', '0.005', '0.081']
EMA12 Changes (%): ['-0.088', '-0.209', '-0.186', '-0.162']
Price Changes (%): ['0.278', '-0.878', '-0.059', '-0.028']
Candle Analysis:
    Body Sizes (%): ['0.272', '0.875', '0.081', '0.009']
    Upper Shadows (%): ['0.006', '0.000', '0.196', '0.146']
    Lower Shadows (%): ['0.176', '0.173', '0.118', '0.401']
Volumes: [np.float64(48223.4), np.float64(82668.0), np.float64(105941.7), np.float64(44303.3)]
2025-05-14 22:00:35,324 - INFO - 
2. Post-Cross Movement (30min):
5min Price Changes (%): ['-0.162']
Maximum Change: -0.162% after 5 minutes
Candle Analysis:
    Body Sizes (%): ['0.159']
    Upper Shadows (%): ['0.031']
    Lower Shadows (%): ['0.012']
Volumes: [np.float64(3567.9)]
==================================================
2025-05-14 22:00:36,847 - INFO - 
==================================================
EMA Cross Analysis - WLD/USDT
Time: 2025-05-14 22:00:00+09:00
Type: dead
Cross Character (Current): Weak
Cross Character (New): Weak
Price at Cross: 1.2826

1. Pre-Cross Pattern (15min):
EMA Distance Changes (%): ['0.186', '0.116', '0.042', '0.009']
EMA12 Changes (%): ['-0.126', '-0.107', '-0.125', '-0.092']
Price Changes (%): ['-0.573', '0.000', '-0.226', '0.094']
Candle Analysis:
    Body Sizes (%): ['0.581', '0.023', '0.241', '0.101']
    Upper Shadows (%): ['0.085', '0.381', '0.000', '0.101']
    Lower Shadows (%): ['0.186', '0.187', '0.444', '0.008']
Volumes: [np.float64(472156.0), np.float64(471105.0), np.float64(743943.0), np.float64(61511.0)]
2025-05-14 22:00:36,847 - INFO - 
2. Post-Cross Movement (30min):
5min Price Changes (%): []
Maximum Change: 0.000% after 0 minutes
Candle Analysis:
    Body Sizes (%): []
    Upper Shadows (%): []
    Lower Shadows (%): []
Volumes: []
==================================================
2025-05-14 22:00:37,080 - INFO - 
==================================================
EMA Cross Analysis - RENDER/USDT
Time: 2025-05-14 22:00:00+09:00
Type: dead
Cross Character (Current): Weak
Cross Character (New): Weak
Price at Cross: 5.254

1. Pre-Cross Pattern (15min):
EMA Distance Changes (%): ['0.158', '0.086', '0.020', '0.036']
EMA12 Changes (%): ['-0.092', '-0.116', '-0.113', '-0.104']
Price Changes (%): ['-0.640', '-0.246', '-0.095', '-0.057']
Candle Analysis:
    Body Sizes (%): ['0.640', '0.246', '0.133', '0.038']
    Upper Shadows (%): ['0.000', '0.284', '0.000', '0.095']
    Lower Shadows (%): ['0.132', '0.038', '0.456', '0.019']
Volumes: [np.float64(27163.5), np.float64(50356.8), np.float64(91611.3), np.float64(2322.0)]
2025-05-14 22:00:37,080 - INFO - 
2. Post-Cross Movement (30min):
5min Price Changes (%): []
Maximum Change: 0.000% after 0 minutes
Candle Analysis:
    Body Sizes (%): []
    Upper Shadows (%): []
    Lower Shadows (%): []
Volumes: []
==================================================
2025-05-14 22:05:07,498 - INFO - 
==================================================
EMA Cross Analysis - ORCA/USDT
Time: 2025-05-14 22:00:00+09:00
Type: dead
Cross Character (Current): Weak
Cross Character (New): Weak
Price at Cross: 2.966

1. Pre-Cross Pattern (15min):
EMA Distance Changes (%): ['0.145', '0.109', '0.051', '0.028']
EMA12 Changes (%): ['-0.098', '-0.047', '-0.097', '-0.143']
Price Changes (%): ['-0.368', '0.235', '-0.368', '-0.403']
Candle Analysis:
    Body Sizes (%): ['0.368', '0.235', '0.335', '0.403']
    Upper Shadows (%): ['0.167', '0.268', '0.000', '0.067']
    Lower Shadows (%): ['0.267', '0.000', '0.402', '0.302']
Volumes: [np.float64(32386.9), np.float64(27948.0), np.float64(16952.6), np.float64(43156.6)]
2025-05-14 22:05:07,498 - INFO - 
2. Post-Cross Movement (30min):
5min Price Changes (%): ['-0.034']
Maximum Change: -0.034% after 5 minutes
Candle Analysis:
    Body Sizes (%): ['0.000']
    Upper Shadows (%): ['0.000']
    Lower Shadows (%): ['0.067']
Volumes: [np.float64(317.4)]
==================================================
2025-05-14 22:05:10,470 - INFO - 
==================================================
EMA Cross Analysis - PHA/USDT
Time: 2025-05-14 22:00:00+09:00
Type: dead
Cross Character (Current): Strong
Cross Character (New): Weak
Price at Cross: 0.14874

1. Pre-Cross Pattern (15min):
EMA Distance Changes (%): ['0.491', '0.282', '0.036', '0.150']
EMA12 Changes (%): ['-0.499', '-0.320', '-0.427', '-0.346']
Price Changes (%): ['-1.285', '0.698', '-1.026', '0.114']
Candle Analysis:
    Body Sizes (%): ['1.291', '0.698', '1.052', '0.074']
    Upper Shadows (%): ['0.000', '0.235', '0.007', '0.491']
    Lower Shadows (%): ['0.616', '0.154', '0.553', '0.404']
Volumes: [np.float64(1422319.0), np.float64(863224.0), np.float64(1296615.0), np.float64(539620.0)]
2025-05-14 22:05:10,470 - INFO - 
2. Post-Cross Movement (30min):
5min Price Changes (%): ['-0.188']
Maximum Change: -0.188% after 5 minutes
Candle Analysis:
    Body Sizes (%): ['0.168']
    Upper Shadows (%): ['0.000']
    Lower Shadows (%): ['0.061']
Volumes: [np.float64(30189.0)]
==================================================
2025-05-14 22:05:10,918 - INFO - 
==================================================
EMA Cross Analysis - DOGE/USDT
Time: 2025-05-14 22:00:00+09:00
Type: dead
Cross Character (Current): Weak
Cross Character (New): Weak
Price at Cross: 0.23562

1. Pre-Cross Pattern (15min):
EMA Distance Changes (%): ['0.098', '0.066', '0.030', '0.015']
EMA12 Changes (%): ['-0.063', '-0.048', '-0.061', '-0.082']
Price Changes (%): ['-0.346', '0.034', '-0.131', '-0.199']
Candle Analysis:
    Body Sizes (%): ['0.350', '0.030', '0.127', '0.195']
    Upper Shadows (%): ['0.067', '0.245', '0.000', '0.110']
    Lower Shadows (%): ['0.177', '0.093', '0.360', '0.313']
Volumes: [np.float64(29244302.0), np.float64(20662713.0), np.float64(45690934.0), np.float64(37441833.0)]
2025-05-14 22:05:10,918 - INFO - 
2. Post-Cross Movement (30min):
5min Price Changes (%): ['-0.034']
Maximum Change: -0.034% after 5 minutes
Candle Analysis:
    Body Sizes (%): ['0.030']
    Upper Shadows (%): ['0.004']
    Lower Shadows (%): ['0.042']
Volumes: [np.float64(1332225.0)]
==================================================
2025-05-14 22:05:13,829 - INFO - 
==================================================
EMA Cross Analysis - ARPA/USDT
Time: 2025-05-14 22:05:00+09:00
Type: dead
Cross Character (Current): Weak
Cross Character (New): Weak
Price at Cross: 0.02834

1. Pre-Cross Pattern (15min):
EMA Distance Changes (%): ['0.149', '0.079', '0.011', '0.047']
EMA12 Changes (%): ['-0.128', '-0.114', '-0.118', '-0.111']
Price Changes (%): ['0.176', '-0.035', '-0.141', '-0.071']
Candle Analysis:
    Body Sizes (%): ['0.141', '0.035', '0.106', '0.000']
    Upper Shadows (%): ['0.317', '0.035', '0.176', '0.000']
    Lower Shadows (%): ['0.035', '0.422', '0.669', '0.000']
Volumes: [np.float64(1173458.0), np.float64(973174.0), np.float64(1467949.0), np.float64(9705.0)]
2025-05-14 22:05:13,829 - INFO - 
2. Post-Cross Movement (30min):
5min Price Changes (%): []
Maximum Change: 0.000% after 0 minutes
Candle Analysis:
    Body Sizes (%): []
    Upper Shadows (%): []
    Lower Shadows (%): []
Volumes: []
==================================================
2025-05-14 22:05:14,727 - INFO - 
==================================================
EMA Cross Analysis - WLD/USDT
Time: 2025-05-14 22:00:00+09:00
Type: dead
Cross Character (Current): Weak
Cross Character (New): Weak
Price at Cross: 1.2764

1. Pre-Cross Pattern (15min):
EMA Distance Changes (%): ['0.186', '0.116', '0.042', '0.047']
EMA12 Changes (%): ['-0.126', '-0.107', '-0.125', '-0.166']
Price Changes (%): ['-0.573', '0.000', '-0.226', '-0.390']
Candle Analysis:
    Body Sizes (%): ['0.581', '0.023', '0.241', '0.382']
    Upper Shadows (%): ['0.085', '0.381', '0.000', '0.203']
    Lower Shadows (%): ['0.186', '0.187', '0.444', '0.180']
Volumes: [np.float64(472156.0), np.float64(471105.0), np.float64(743943.0), np.float64(568113.0)]
2025-05-14 22:05:14,727 - INFO - 
2. Post-Cross Movement (30min):
5min Price Changes (%): ['-0.141']
Maximum Change: -0.141% after 5 minutes
Candle Analysis:
    Body Sizes (%): ['0.133']
    Upper Shadows (%): ['0.000']
    Lower Shadows (%): ['0.024']
Volumes: [np.float64(24518.0)]
==================================================
2025-05-14 22:05:14,951 - INFO - 
==================================================
EMA Cross Analysis - RENDER/USDT
Time: 2025-05-14 22:00:00+09:00
Type: dead
Cross Character (Current): Weak
Cross Character (New): Weak
Price at Cross: 5.231

1. Pre-Cross Pattern (15min):
EMA Distance Changes (%): ['0.158', '0.086', '0.020', '0.071']
EMA12 Changes (%): ['-0.092', '-0.116', '-0.113', '-0.171']
Price Changes (%): ['-0.640', '-0.246', '-0.095', '-0.495']
Candle Analysis:
    Body Sizes (%): ['0.640', '0.246', '0.133', '0.476']
    Upper Shadows (%): ['0.000', '0.284', '0.000', '0.095']
    Lower Shadows (%): ['0.132', '0.038', '0.456', '0.285']
Volumes: [np.float64(27163.5), np.float64(50356.8), np.float64(91611.3), np.float64(68824.0)]
2025-05-14 22:05:14,951 - INFO - 
2. Post-Cross Movement (30min):
5min Price Changes (%): ['-0.115']
Maximum Change: -0.115% after 5 minutes
Candle Analysis:
    Body Sizes (%): ['0.076']
    Upper Shadows (%): ['0.000']
    Lower Shadows (%): ['0.019']
Volumes: [np.float64(959.0)]
==================================================
2025-05-14 22:05:15,384 - INFO - 
==================================================
EMA Cross Analysis - AIXBT/USDT
Time: 2025-05-14 22:05:00+09:00
Type: dead
Cross Character (Current): Strong
Cross Character (New): Weak
Price at Cross: 0.21536

1. Pre-Cross Pattern (15min):
EMA Distance Changes (%): ['0.290', '0.179', '0.038', '0.072']
EMA12 Changes (%): ['-0.147', '-0.173', '-0.243', '-0.205']
Price Changes (%): ['0.111', '-0.313', '-0.637', '0.009']
Candle Analysis:
    Body Sizes (%): ['0.129', '0.276', '0.651', '0.019']
    Upper Shadows (%): ['0.391', '0.028', '0.189', '0.074']
    Lower Shadows (%): ['0.258', '0.552', '0.521', '0.093']
Volumes: [np.float64(868930.0), np.float64(1159047.0), np.float64(1339013.0), np.float64(25176.0)]
2025-05-14 22:05:15,384 - INFO - 
2. Post-Cross Movement (30min):
5min Price Changes (%): []
Maximum Change: 0.000% after 0 minutes
Candle Analysis:
    Body Sizes (%): []
    Upper Shadows (%): []
    Lower Shadows (%): []
Volumes: []
==================================================
2025-05-14 22:10:55,521 - INFO - 
==================================================
EMA Cross Analysis - FXS/USDT
Time: 2025-05-14 22:10:00+09:00
Type: dead
Cross Character (Current): Strong
Cross Character (New): Strong
Price at Cross: 3.0979

1. Pre-Cross Pattern (15min):
EMA Distance Changes (%): ['0.928', '0.582', '0.276', '0.000']
EMA12 Changes (%): ['-0.233', '-0.553', '-0.493', '-0.480']
Price Changes (%): ['-2.554', '-2.339', '-0.148', '-0.408']
Candle Analysis:
    Body Sizes (%): ['2.548', '2.293', '0.132', '0.408']
    Upper Shadows (%): ['1.271', '0.151', '1.159', '0.039']
    Lower Shadows (%): ['0.443', '1.700', '0.552', '0.392']
Volumes: [np.float64(317783.9), np.float64(375812.5), np.float64(157732.9), np.float64(19859.3)]
2025-05-14 22:10:55,521 - INFO - 
2. Post-Cross Movement (30min):
5min Price Changes (%): []
Maximum Change: 0.000% after 0 minutes
Candle Analysis:
    Body Sizes (%): []
    Upper Shadows (%): []
    Lower Shadows (%): []
Volumes: []
==================================================
2025-05-14 22:10:59,650 - INFO - 
==================================================
EMA Cross Analysis - ARPA/USDT
Time: 2025-05-14 22:05:00+09:00
Type: dead
Cross Character (Current): Weak
Cross Character (New): Weak
Price at Cross: 0.0284

1. Pre-Cross Pattern (15min):
EMA Distance Changes (%): ['0.149', '0.079', '0.011', '0.030']
EMA12 Changes (%): ['-0.128', '-0.114', '-0.118', '-0.078']
Price Changes (%): ['0.176', '-0.035', '-0.141', '0.141']
Candle Analysis:
    Body Sizes (%): ['0.141', '0.035', '0.106', '0.212']
    Upper Shadows (%): ['0.317', '0.035', '0.176', '0.071']
    Lower Shadows (%): ['0.035', '0.422', '0.669', '0.247']
Volumes: [np.float64(1173458.0), np.float64(973174.0), np.float64(1467949.0), np.float64(900093.0)]
2025-05-14 22:10:59,650 - INFO - 
2. Post-Cross Movement (30min):
5min Price Changes (%): ['0.387']
Maximum Change: 0.387% after 5 minutes
Candle Analysis:
    Body Sizes (%): ['0.352']
    Upper Shadows (%): ['0.070']
    Lower Shadows (%): ['0.106']
Volumes: [np.float64(214230.0)]
==================================================
2025-05-14 22:11:01,177 - INFO - 
==================================================
EMA Cross Analysis - AIXBT/USDT
Time: 2025-05-14 22:05:00+09:00
Type: dead
Cross Character (Current): Strong
Cross Character (New): Weak
Price at Cross: 0.21414

1. Pre-Cross Pattern (15min):
EMA Distance Changes (%): ['0.290', '0.179', '0.038', '0.118']
EMA12 Changes (%): ['-0.147', '-0.173', '-0.243', '-0.291']
Price Changes (%): ['0.111', '-0.313', '-0.637', '-0.557']
Candle Analysis:
    Body Sizes (%): ['0.129', '0.276', '0.651', '0.548']
    Upper Shadows (%): ['0.391', '0.028', '0.189', '0.307']
    Lower Shadows (%): ['0.258', '0.552', '0.521', '0.678']
Volumes: [np.float64(868930.0), np.float64(1159047.0), np.float64(1339013.0), np.float64(1844368.0)]
2025-05-14 22:11:01,177 - INFO - 
2. Post-Cross Movement (30min):
5min Price Changes (%): ['0.056']
Maximum Change: 0.056% after 5 minutes
Candle Analysis:
    Body Sizes (%): ['0.084']
    Upper Shadows (%): ['0.023']
    Lower Shadows (%): ['0.187']
Volumes: [np.float64(184020.0)]
==================================================
2025-05-14 22:11:03,369 - INFO - 
==================================================
EMA Cross Analysis - ONDOUSDT
Time: 2025-05-14 22:05:00+09:00
Type: golden
Cross Character (Current): Weak
Cross Character (New): Weak
Price at Cross: 1.0654

1. Pre-Cross Pattern (15min):
EMA Distance Changes (%): ['0.145', '0.188', '0.243', '0.207']
EMA12 Changes (%): ['-0.097', '-0.103', '-0.130', '0.851']
Price Changes (%): ['-0.208', '-0.139', '-0.279', '6.296']
Candle Analysis:
    Body Sizes (%): ['0.208', '0.109', '0.269', '6.327']
    Upper Shadows (%): ['0.119', '0.010', '0.109', '1.816']
    Lower Shadows (%): ['0.059', '0.258', '0.328', '0.279']
Volumes: [np.float64(658981.6), np.float64(883852.5), np.float64(1665513.6), np.float64(51294984.1)]
2025-05-14 22:11:03,369 - INFO - 
2. Post-Cross Movement (30min):
5min Price Changes (%): ['2.131']
Maximum Change: 2.131% after 5 minutes
Candle Analysis:
    Body Sizes (%): ['2.131']
    Upper Shadows (%): ['0.338']
    Lower Shadows (%): ['0.009']
Volumes: [np.float64(8809023.2)]
==================================================
2025-05-14 22:15:32,576 - INFO - 
==================================================
EMA Cross Analysis - FXS/USDT
Time: 2025-05-14 22:15:00+09:00
Type: dead
Cross Character (Current): Strong
Cross Character (New): Strong
Price at Cross: 3.1393

1. Pre-Cross Pattern (15min):
EMA Distance Changes (%): ['0.582', '0.276', '0.085', '0.044']
EMA12 Changes (%): ['-0.553', '-0.493', '-0.319', '-0.232']
Price Changes (%): ['-2.339', '-0.148', '0.669', '0.252']
Candle Analysis:
    Body Sizes (%): ['2.293', '0.132', '0.669', '0.191']
    Upper Shadows (%): ['0.151', '1.159', '0.100', '0.472']
    Lower Shadows (%): ['1.700', '0.552', '0.800', '0.089']
Volumes: [np.float64(375812.5), np.float64(157732.9), np.float64(70991.5), np.float64(8509.7)]
2025-05-14 22:15:32,576 - INFO - 
2. Post-Cross Movement (30min):
5min Price Changes (%): []
Maximum Change: 0.000% after 0 minutes
Candle Analysis:
    Body Sizes (%): []
    Upper Shadows (%): []
    Lower Shadows (%): []
Volumes: []
==================================================
2025-05-14 22:20:09,550 - INFO - 
==================================================
EMA Cross Analysis - FXS/USDT
Time: 2025-05-14 22:15:00+09:00
Type: dead
Cross Character (Current): Strong
Cross Character (New): Strong
Price at Cross: 3.1324

1. Pre-Cross Pattern (15min):
EMA Distance Changes (%): ['0.582', '0.276', '0.085', '0.061']
EMA12 Changes (%): ['-0.553', '-0.493', '-0.319', '-0.266']
Price Changes (%): ['-2.339', '-0.148', '0.669', '0.032']
Candle Analysis:
    Body Sizes (%): ['2.293', '0.132', '0.669', '0.029']
    Upper Shadows (%): ['0.151', '1.159', '0.100', '0.852']
    Lower Shadows (%): ['1.700', '0.552', '0.800', '0.456']
Volumes: [np.float64(375812.5), np.float64(157732.9), np.float64(70991.5), np.float64(60309.0)]
2025-05-14 22:20:09,550 - INFO - 
2. Post-Cross Movement (30min):
5min Price Changes (%): ['0.105']
Maximum Change: 0.105% after 5 minutes
Candle Analysis:
    Body Sizes (%): ['0.067']
    Upper Shadows (%): ['0.013']
    Lower Shadows (%): ['0.000']
Volumes: [np.float64(162.0)]
==================================================
2025-05-14 22:20:10,209 - INFO - 
==================================================
EMA Cross Analysis - LINK/USDT
Time: 2025-05-14 22:20:00+09:00
Type: golden
Cross Character (Current): Weak
Cross Character (New): Weak
Price at Cross: 17.172

1. Pre-Cross Pattern (15min):
EMA Distance Changes (%): ['0.145', '0.120', '0.037', '0.022']
EMA12 Changes (%): ['0.003', '0.028', '0.143', '0.110']
Price Changes (%): ['0.555', '0.164', '0.774', '-0.070']
Candle Analysis:
    Body Sizes (%): ['0.561', '0.170', '0.780', '0.070']
    Upper Shadows (%): ['0.112', '0.511', '0.018', '0.023']
    Lower Shadows (%): ['0.195', '0.076', '0.393', '0.006']
Volumes: [np.float64(607356.19), np.float64(395053.69), np.float64(625583.11), np.float64(12944.81)]
2025-05-14 22:20:10,209 - INFO - 
2. Post-Cross Movement (30min):
5min Price Changes (%): []
Maximum Change: 0.000% after 0 minutes
Candle Analysis:
    Body Sizes (%): []
    Upper Shadows (%): []
    Lower Shadows (%): []
Volumes: []
==================================================
2025-05-14 22:20:16,582 - INFO - 
==================================================
EMA Cross Analysis - HIVE/USDT
Time: 2025-05-14 22:20:00+09:00
Type: dead
Cross Character (Current): Weak
Cross Character (New): Weak
Price at Cross: 0.27106

1. Pre-Cross Pattern (15min):
EMA Distance Changes (%): ['0.101', '0.075', '0.038', '0.001']
EMA12 Changes (%): ['-0.076', '-0.036', '-0.060', '-0.071']
Price Changes (%): ['-0.055', '0.184', '-0.188', '-0.133']
Candle Analysis:
    Body Sizes (%): ['0.063', '0.177', '0.202', '0.092']
    Upper Shadows (%): ['0.096', '0.033', '0.121', '0.000']
    Lower Shadows (%): ['0.258', '0.055', '0.250', '0.000']
Volumes: [np.float64(141101.0), np.float64(95013.0), np.float64(352292.0), np.float64(5968.0)]
2025-05-14 22:20:16,582 - INFO - 
2. Post-Cross Movement (30min):
5min Price Changes (%): []
Maximum Change: 0.000% after 0 minutes
Candle Analysis:
    Body Sizes (%): []
    Upper Shadows (%): []
    Lower Shadows (%): []
Volumes: []
==================================================
2025-05-14 22:25:56,191 - INFO - 
==================================================
EMA Cross Analysis - LINK/USDT
Time: 2025-05-14 22:20:00+09:00
Type: golden
Cross Character (Current): Weak
Cross Character (New): Weak
Price at Cross: 17.152

1. Pre-Cross Pattern (15min):
EMA Distance Changes (%): ['0.145', '0.120', '0.037', '0.013']
EMA12 Changes (%): ['0.003', '0.028', '0.143', '0.092']
Price Changes (%): ['0.555', '0.164', '0.774', '-0.186']
Candle Analysis:
    Body Sizes (%): ['0.561', '0.170', '0.780', '0.186']
    Upper Shadows (%): ['0.112', '0.511', '0.018', '0.023']
    Lower Shadows (%): ['0.195', '0.076', '0.393', '0.442']
Volumes: [np.float64(607356.19), np.float64(395053.69), np.float64(625583.11), np.float64(205600.38)]
2025-05-14 22:25:56,192 - INFO - 
2. Post-Cross Movement (30min):
5min Price Changes (%): ['-0.122']
Maximum Change: -0.122% after 5 minutes
Candle Analysis:
    Body Sizes (%): ['0.128']
    Upper Shadows (%): ['0.134']
    Lower Shadows (%): ['0.023']
Volumes: [np.float64(46208.43)]
==================================================
2025-05-14 22:25:58,461 - INFO - 
==================================================
EMA Cross Analysis - GRASS/USDT
Time: 2025-05-14 22:25:00+09:00
Type: dead
Cross Character (Current): Strong
Cross Character (New): Strong
Price at Cross: 2.2154

1. Pre-Cross Pattern (15min):
EMA Distance Changes (%): ['0.514', '0.393', '0.129', '0.067']
EMA12 Changes (%): ['-0.274', '-0.155', '-0.454', '-0.351']
Price Changes (%): ['0.461', '0.516', '-2.117', '0.235']
Candle Analysis:
    Body Sizes (%): ['0.461', '0.557', '2.152', '0.235']
    Upper Shadows (%): ['0.926', '1.309', '0.058', '0.167']
    Lower Shadows (%): ['0.295', '0.102', '0.775', '0.122']
Volumes: [np.float64(621242.9), np.float64(781078.0), np.float64(884539.7), np.float64(77527.9)]
2025-05-14 22:25:58,461 - INFO - 
2. Post-Cross Movement (30min):
5min Price Changes (%): []
Maximum Change: 0.000% after 0 minutes
Candle Analysis:
    Body Sizes (%): []
    Upper Shadows (%): []
    Lower Shadows (%): []
Volumes: []
==================================================
2025-05-14 22:25:59,559 - INFO - 
==================================================
EMA Cross Analysis - ARPA/USDT
Time: 2025-05-14 22:20:00+09:00
Type: golden
Cross Character (Current): Weak
Cross Character (New): Weak
Price at Cross: 0.02866

1. Pre-Cross Pattern (15min):
EMA Distance Changes (%): ['0.030', '0.032', '0.021', '0.018']
EMA12 Changes (%): ['-0.078', '-0.007', '0.016', '0.072']
Price Changes (%): ['0.141', '0.387', '0.140', '0.385']
Candle Analysis:
    Body Sizes (%): ['0.212', '0.352', '0.175', '0.385']
    Upper Shadows (%): ['0.071', '0.211', '0.737', '0.140']
    Lower Shadows (%): ['0.247', '0.106', '0.070', '0.175']
Volumes: [np.float64(900093.0), np.float64(886795.0), np.float64(1853959.0), np.float64(606881.0)]
2025-05-14 22:25:59,559 - INFO - 
2. Post-Cross Movement (30min):
5min Price Changes (%): ['0.070']
Maximum Change: 0.070% after 5 minutes
Candle Analysis:
    Body Sizes (%): ['0.105']
    Upper Shadows (%): ['0.000']
    Lower Shadows (%): ['0.035']
Volumes: [np.float64(193846.0)]
==================================================
2025-05-14 22:26:02,580 - INFO - 
==================================================
EMA Cross Analysis - HIVE/USDT
Time: 2025-05-14 22:25:00+09:00
Type: dead
Cross Character (Current): Weak
Cross Character (New): Weak
Price at Cross: 0.2713

1. Pre-Cross Pattern (15min):
EMA Distance Changes (%): ['0.075', '0.038', '0.009', '0.017']
EMA12 Changes (%): ['-0.036', '-0.060', '-0.051', '-0.049']
Price Changes (%): ['0.184', '-0.188', '-0.004', '-0.041']
Candle Analysis:
    Body Sizes (%): ['0.177', '0.202', '0.037', '0.103']
    Upper Shadows (%): ['0.033', '0.121', '0.107', '0.066']
    Lower Shadows (%): ['0.055', '0.250', '0.254', '0.000']
Volumes: [np.float64(95013.0), np.float64(352292.0), np.float64(67599.0), np.float64(2764.0)]
2025-05-14 22:26:02,580 - INFO - 
2. Post-Cross Movement (30min):
5min Price Changes (%): []
Maximum Change: 0.000% after 0 minutes
Candle Analysis:
    Body Sizes (%): []
    Upper Shadows (%): []
    Lower Shadows (%): []
Volumes: []
==================================================
2025-05-14 22:30:35,487 - INFO - 
==================================================
EMA Cross Analysis - GRASS/USDT
Time: 2025-05-14 22:30:00+09:00
Type: dead
Cross Character (Current): Strong
Cross Character (New): Weak
Price at Cross: 2.2377

1. Pre-Cross Pattern (15min):
EMA Distance Changes (%): ['0.393', '0.129', '0.044', '0.052']
EMA12 Changes (%): ['-0.155', '-0.454', '-0.140', '-0.178']
Price Changes (%): ['0.516', '-2.117', '1.638', '-0.387']
Candle Analysis:
    Body Sizes (%): ['0.557', '2.152', '1.638', '0.343']
    Upper Shadows (%): ['1.309', '0.058', '0.213', '0.294']
    Lower Shadows (%): ['0.102', '0.775', '0.122', '0.053']
Volumes: [np.float64(781078.0), np.float64(884539.7), np.float64(441252.1), np.float64(92357.8)]
2025-05-14 22:30:35,487 - INFO - 
2. Post-Cross Movement (30min):
5min Price Changes (%): []
Maximum Change: 0.000% after 0 minutes
Candle Analysis:
    Body Sizes (%): []
    Upper Shadows (%): []
    Lower Shadows (%): []
Volumes: []
==================================================
2025-05-14 22:30:39,571 - INFO - 
==================================================
EMA Cross Analysis - HIVE/USDT
Time: 2025-05-14 22:25:00+09:00
Type: dead
Cross Character (Current): Weak
Cross Character (New): Weak
Price at Cross: 0.27137

1. Pre-Cross Pattern (15min):
EMA Distance Changes (%): ['0.075', '0.038', '0.009', '0.015']
EMA12 Changes (%): ['-0.036', '-0.060', '-0.051', '-0.045']
Price Changes (%): ['0.184', '-0.188', '-0.004', '-0.015']
Candle Analysis:
    Body Sizes (%): ['0.177', '0.202', '0.037', '0.077']
    Upper Shadows (%): ['0.033', '0.121', '0.107', '0.066']
    Lower Shadows (%): ['0.055', '0.250', '0.254', '0.331']
Volumes: [np.float64(95013.0), np.float64(352292.0), np.float64(67599.0), np.float64(20069.0)]
2025-05-14 22:30:39,572 - INFO - 
2. Post-Cross Movement (30min):
5min Price Changes (%): ['0.225']
Maximum Change: 0.225% after 5 minutes
Candle Analysis:
    Body Sizes (%): ['0.199']
    Upper Shadows (%): ['0.000']
    Lower Shadows (%): ['0.000']
Volumes: [np.float64(20358.0)]
==================================================
2025-05-14 22:35:12,406 - INFO - 
==================================================
EMA Cross Analysis - DOGE/USDT
Time: 2025-05-14 22:35:00+09:00
Type: golden
Cross Character (Current): Weak
Cross Character (New): Weak
Price at Cross: 0.23731

1. Pre-Cross Pattern (15min):
EMA Distance Changes (%): ['0.034', '0.041', '0.007', '0.015']
EMA12 Changes (%): ['-0.024', '-0.019', '0.060', '0.042']
Price Changes (%): ['-0.220', '0.008', '0.495', '-0.055']
Candle Analysis:
    Body Sizes (%): ['0.220', '0.008', '0.495', '0.051']
    Upper Shadows (%): ['0.013', '0.038', '0.356', '0.042']
    Lower Shadows (%): ['0.173', '0.330', '0.152', '0.013']
Volumes: [np.float64(14537785.0), np.float64(11939633.0), np.float64(49660239.0), np.float64(3643936.0)]
2025-05-14 22:35:12,406 - INFO - 
2. Post-Cross Movement (30min):
5min Price Changes (%): []
Maximum Change: 0.000% after 0 minutes
Candle Analysis:
    Body Sizes (%): []
    Upper Shadows (%): []
    Lower Shadows (%): []
Volumes: []
==================================================
2025-05-14 22:35:13,482 - INFO - 
==================================================
EMA Cross Analysis - GRASS/USDT
Time: 2025-05-14 22:35:00+09:00
Type: dead
Cross Character (Current): Weak
Cross Character (New): Weak
Price at Cross: 2.2553

1. Pre-Cross Pattern (15min):
EMA Distance Changes (%): ['0.129', '0.044', '0.023', '0.006']
EMA12 Changes (%): ['-0.454', '-0.140', '-0.034', '-0.053']
Price Changes (%): ['-2.117', '1.638', '0.556', '-0.159']
Candle Analysis:
    Body Sizes (%): ['2.152', '1.638', '0.601', '0.168']
    Upper Shadows (%): ['0.058', '0.213', '0.811', '0.062']
    Lower Shadows (%): ['0.775', '0.122', '1.145', '0.000']
Volumes: [np.float64(884539.7), np.float64(441252.1), np.float64(567252.0), np.float64(18063.1)]
2025-05-14 22:35:13,482 - INFO - 
2. Post-Cross Movement (30min):
5min Price Changes (%): []
Maximum Change: 0.000% after 0 minutes
Candle Analysis:
    Body Sizes (%): []
    Upper Shadows (%): []
    Lower Shadows (%): []
Volumes: []
==================================================
2025-05-14 22:41:00,096 - INFO - 
==================================================
EMA Cross Analysis - GRASS/USDT
Time: 2025-05-14 22:35:00+09:00
Type: dead
Cross Character (Current): Weak
Cross Character (New): Weak
Price at Cross: 2.2437

1. Pre-Cross Pattern (15min):
EMA Distance Changes (%): ['0.129', '0.044', '0.023', '0.048']
EMA12 Changes (%): ['-0.454', '-0.140', '-0.034', '-0.132']
Price Changes (%): ['-2.117', '1.638', '0.556', '-0.673']
Candle Analysis:
    Body Sizes (%): ['2.152', '1.638', '0.601', '0.682']
    Upper Shadows (%): ['0.058', '0.213', '0.811', '0.252']
    Lower Shadows (%): ['0.775', '0.122', '1.145', '1.213']
Volumes: [np.float64(884539.7), np.float64(441252.1), np.float64(567252.0), np.float64(368066.6)]
2025-05-14 22:41:00,097 - INFO - 
2. Post-Cross Movement (30min):
5min Price Changes (%): ['0.178']
Maximum Change: 0.178% after 5 minutes
Candle Analysis:
    Body Sizes (%): ['0.160']
    Upper Shadows (%): ['0.606']
    Lower Shadows (%): ['0.045']
Volumes: [np.float64(70802.0)]
==================================================
2025-05-14 22:45:35,068 - INFO - 
==================================================
EMA Cross Analysis - LINK/USDT
Time: 2025-05-14 22:45:00+09:00
Type: dead
Cross Character (Current): Weak
Cross Character (New): Weak
Price at Cross: 16.965

1. Pre-Cross Pattern (15min):
EMA Distance Changes (%): ['0.102', '0.114', '0.042', '0.016']
EMA12 Changes (%): ['0.131', '0.038', '-0.123', '-0.105']
Price Changes (%): ['0.584', '-0.470', '-1.009', '-0.006']
Candle Analysis:
    Body Sizes (%): ['0.584', '0.482', '1.004', '0.018']
    Upper Shadows (%): ['0.251', '0.041', '0.198', '0.153']
    Lower Shadows (%): ['0.018', '0.418', '0.175', '0.171']
Volumes: [np.float64(242921.56), np.float64(178907.78), np.float64(307640.98), np.float64(54142.6)]
2025-05-14 22:45:35,068 - INFO - 
2. Post-Cross Movement (30min):
5min Price Changes (%): []
Maximum Change: 0.000% after 0 minutes
Candle Analysis:
    Body Sizes (%): []
    Upper Shadows (%): []
    Lower Shadows (%): []
Volumes: []
==================================================
2025-05-14 22:45:38,443 - INFO - 
==================================================
EMA Cross Analysis - ARPA/USDT
Time: 2025-05-14 22:45:00+09:00
Type: dead
Cross Character (Current): Weak
Cross Character (New): Weak
Price at Cross: 0.02831

1. Pre-Cross Pattern (15min):
EMA Distance Changes (%): ['0.125', '0.128', '0.028', '0.046']
EMA12 Changes (%): ['0.128', '0.022', '-0.175', '-0.138']
Price Changes (%): ['0.313', '-0.555', '-1.257', '0.071']
Candle Analysis:
    Body Sizes (%): ['0.313', '0.590', '1.291', '0.106']
    Upper Shadows (%): ['0.313', '0.000', '0.140', '0.071']
    Lower Shadows (%): ['0.557', '0.520', '0.419', '0.248']
Volumes: [np.float64(1227409.0), np.float64(1005092.0), np.float64(1715746.0), np.float64(338173.0)]
2025-05-14 22:45:38,443 - INFO - 
2. Post-Cross Movement (30min):
5min Price Changes (%): []
Maximum Change: 0.000% after 0 minutes
Candle Analysis:
    Body Sizes (%): []
    Upper Shadows (%): []
    Lower Shadows (%): []
Volumes: []
==================================================
2025-05-14 22:45:39,111 - INFO - 
==================================================
EMA Cross Analysis - ADA/USDT
Time: 2025-05-14 22:45:00+09:00
Type: dead
Cross Character (Current): Weak
Cross Character (New): Weak
Price at Cross: 0.8141

1. Pre-Cross Pattern (15min):
EMA Distance Changes (%): ['0.111', '0.115', '0.029', '0.040']
EMA12 Changes (%): ['0.080', '0.023', '-0.149', '-0.128']
Price Changes (%): ['0.328', '-0.291', '-1.093', '-0.012']
Candle Analysis:
    Body Sizes (%): ['0.316', '0.303', '1.093', '0.025']
    Upper Shadows (%): ['0.389', '0.036', '0.182', '0.184']
    Lower Shadows (%): ['0.182', '0.460', '0.170', '0.221']
Volumes: [np.float64(6333386.0), np.float64(4428586.0), np.float64(6355930.0), np.float64(1800147.0)]
2025-05-14 22:45:39,111 - INFO - 
2. Post-Cross Movement (30min):
5min Price Changes (%): []
Maximum Change: 0.000% after 0 minutes
Candle Analysis:
    Body Sizes (%): []
    Upper Shadows (%): []
    Lower Shadows (%): []
Volumes: []
==================================================
2025-05-14 22:45:39,764 - INFO - 
==================================================
EMA Cross Analysis - PENGU/USDT
Time: 2025-05-14 22:45:00+09:00
Type: dead
Cross Character (Current): Weak
Cross Character (New): Weak
Price at Cross: 0.014009

1. Pre-Cross Pattern (15min):
EMA Distance Changes (%): ['0.210', '0.189', '0.066', '0.038']
EMA12 Changes (%): ['0.144', '-0.013', '-0.211', '-0.189']
Price Changes (%): ['0.682', '-0.865', '-1.303', '-0.064']
Candle Analysis:
    Body Sizes (%): ['0.696', '0.886', '1.309', '0.071']
    Upper Shadows (%): ['0.035', '0.007', '0.345', '0.250']
    Lower Shadows (%): ['0.365', '0.754', '0.176', '0.235']
Volumes: [np.float64(41933192.0), np.float64(48873175.0), np.float64(45267165.0), np.float64(17660650.0)]
2025-05-14 22:45:39,764 - INFO - 
2. Post-Cross Movement (30min):
5min Price Changes (%): []
Maximum Change: 0.000% after 0 minutes
Candle Analysis:
    Body Sizes (%): []
    Upper Shadows (%): []
    Lower Shadows (%): []
Volumes: []
==================================================
2025-05-14 22:50:12,096 - INFO - 
==================================================
EMA Cross Analysis - LINK/USDT
Time: 2025-05-14 22:45:00+09:00
Type: dead
Cross Character (Current): Weak
Cross Character (New): Weak
Price at Cross: 16.858

1. Pre-Cross Pattern (15min):
EMA Distance Changes (%): ['0.102', '0.114', '0.042', '0.067']
EMA12 Changes (%): ['0.131', '0.038', '-0.123', '-0.202']
Price Changes (%): ['0.584', '-0.470', '-1.009', '-0.637']
Candle Analysis:
    Body Sizes (%): ['0.584', '0.482', '1.004', '0.648']
    Upper Shadows (%): ['0.251', '0.041', '0.198', '0.153']
    Lower Shadows (%): ['0.018', '0.418', '0.175', '0.295']
Volumes: [np.float64(242921.56), np.float64(178907.78), np.float64(307640.98), np.float64(448631.29)]
2025-05-14 22:50:12,096 - INFO - 
2. Post-Cross Movement (30min):
5min Price Changes (%): ['0.089']
Maximum Change: 0.089% after 5 minutes
Candle Analysis:
    Body Sizes (%): ['0.095']
    Upper Shadows (%): ['0.024']
    Lower Shadows (%): ['0.065']
Volumes: [np.float64(21963.61)]
==================================================
2025-05-14 22:50:15,569 - INFO - 
==================================================
EMA Cross Analysis - ARPA/USDT
Time: 2025-05-14 22:45:00+09:00
Type: dead
Cross Character (Current): Weak
Cross Character (New): Weak
Price at Cross: 0.02802

1. Pre-Cross Pattern (15min):
EMA Distance Changes (%): ['0.125', '0.128', '0.028', '0.129']
EMA12 Changes (%): ['0.128', '0.022', '-0.175', '-0.294']
Price Changes (%): ['0.313', '-0.555', '-1.257', '-0.954']
Candle Analysis:
    Body Sizes (%): ['0.313', '0.590', '1.291', '0.919']
    Upper Shadows (%): ['0.313', '0.000', '0.140', '0.460']
    Lower Shadows (%): ['0.557', '0.520', '0.419', '0.141']
Volumes: [np.float64(1227409.0), np.float64(1005092.0), np.float64(1715746.0), np.float64(4344203.0)]
2025-05-14 22:50:15,569 - INFO - 
2. Post-Cross Movement (30min):
5min Price Changes (%): ['0.107']
Maximum Change: 0.107% after 5 minutes
Candle Analysis:
    Body Sizes (%): ['0.071']
    Upper Shadows (%): ['0.143']
    Lower Shadows (%): ['0.000']
Volumes: [np.float64(239914.0)]
==================================================
2025-05-14 22:50:16,250 - INFO - 
==================================================
EMA Cross Analysis - ADA/USDT
Time: 2025-05-14 22:45:00+09:00
Type: dead
Cross Character (Current): Weak
Cross Character (New): Weak
Price at Cross: 0.8094

1. Pre-Cross Pattern (15min):
EMA Distance Changes (%): ['0.111', '0.115', '0.029', '0.087']
EMA12 Changes (%): ['0.080', '0.023', '-0.149', '-0.217']
Price Changes (%): ['0.328', '-0.291', '-1.093', '-0.590']
Candle Analysis:
    Body Sizes (%): ['0.316', '0.303', '1.093', '0.602']
    Upper Shadows (%): ['0.389', '0.036', '0.182', '0.184']
    Lower Shadows (%): ['0.182', '0.460', '0.170', '0.270']
Volumes: [np.float64(6333386.0), np.float64(4428586.0), np.float64(6355930.0), np.float64(10998215.0)]
2025-05-14 22:50:16,250 - INFO - 
2. Post-Cross Movement (30min):
5min Price Changes (%): ['-0.099']
Maximum Change: -0.099% after 5 minutes
Candle Analysis:
    Body Sizes (%): ['0.099']
    Upper Shadows (%): ['0.086']
    Lower Shadows (%): ['0.000']
Volumes: [np.float64(434451.0)]
==================================================
2025-05-14 22:50:16,903 - INFO - 
==================================================
EMA Cross Analysis - PENGU/USDT
Time: 2025-05-14 22:45:00+09:00
Type: dead
Cross Character (Current): Weak
Cross Character (New): Weak
Price at Cross: 0.013905

1. Pre-Cross Pattern (15min):
EMA Distance Changes (%): ['0.210', '0.189', '0.066', '0.098']
EMA12 Changes (%): ['0.144', '-0.013', '-0.211', '-0.302']
Price Changes (%): ['0.682', '-0.865', '-1.303', '-0.806']
Candle Analysis:
    Body Sizes (%): ['0.696', '0.886', '1.309', '0.813']
    Upper Shadows (%): ['0.035', '0.007', '0.345', '0.250']
    Lower Shadows (%): ['0.365', '0.754', '0.176', '0.285']
Volumes: [np.float64(41933192.0), np.float64(48873175.0), np.float64(45267165.0), np.float64(71084774.0)]
2025-05-14 22:50:16,903 - INFO - 
2. Post-Cross Movement (30min):
5min Price Changes (%): ['0.058']
Maximum Change: 0.058% after 5 minutes
Candle Analysis:
    Body Sizes (%): ['0.029']
    Upper Shadows (%): ['0.216']
    Lower Shadows (%): ['0.007']
Volumes: [np.float64(2895344.0)]
==================================================
2025-05-14 23:00:40,139 - INFO - 
==================================================
EMA Cross Analysis - PENGU/USDT
Time: 2025-05-14 22:55:00+09:00
Type: golden
Cross Character (Current): Weak
Cross Character (New): Weak
Price at Cross: 0.01438

1. Pre-Cross Pattern (15min):
EMA Distance Changes (%): ['0.066', '0.098', '0.125', '0.025']
EMA12 Changes (%): ['-0.211', '-0.302', '-0.069', '0.272']
Price Changes (%): ['-1.303', '-0.806', '1.237', '2.152']
Candle Analysis:
    Body Sizes (%): ['1.309', '0.813', '1.208', '2.152']
    Upper Shadows (%): ['0.345', '0.250', '0.201', '0.646']
    Lower Shadows (%): ['0.176', '0.285', '0.101', '0.440']
Volumes: [np.float64(45267165.0), np.float64(71084774.0), np.float64(68365565.0), np.float64(140609328.0)]
2025-05-14 23:00:40,140 - INFO - 
2. Post-Cross Movement (30min):
5min Price Changes (%): ['-0.146']
Maximum Change: -0.146% after 5 minutes
Candle Analysis:
    Body Sizes (%): ['0.139']
    Upper Shadows (%): ['0.174']
    Lower Shadows (%): ['0.181']
Volumes: [np.float64(39733000.0)]
==================================================
