2025-05-14 00:05:53,417 - INFO - 
==================== ENTRY SIGNAL ====================
Symbol: BRETT/USDT
Position: LONG
Time: 2025-05-14 00:05:53
Cross Pairs: [('2025-05-14 00:05', '2025-05-14 00:00')]
==================================================
2025-05-14 00:05:53,417 - INFO - 
==================== ENTRY SIGNAL ====================
Symbol: BRETT/USDT
Position: LONG
Time: 2025-05-14 00:05:53
Price: 0.08141
==================================================
2025-05-14 00:05:53,461 - INFO - Stop Loss Range Calculation:
EMA Cross Time: 2025-05-14 00:05:00+09:00
MACD Cross Time: 2025-05-14 00:00:00+09:00
SL Range: 2025-05-13 23:55:00+09:00 to 2025-05-14 00:00:00+09:00
2025-05-14 00:05:53,462 - INFO - Stop Loss calculation for long:
Data range: 2025-05-13 23:55:00+09:00 to 2025-05-14 00:00:00+09:00
Stop loss price: 0.07992
Distance from entry: 0.0012199999999999989 (1.504%)
2025-05-14 00:05:53,467 - INFO - Take Profit calculation:
Entry: 0.08114
Stop Loss: 0.07992
SL Distance: 0.0012199999999999989
Take Profit: 0.083275
2025-05-14 00:05:54,190 - INFO - ===== Trade Successfully Executed =====
Symbol: BRETT/USDT
Type: long
Entry: 0.08114
Stop Loss: 0.07992
Take Profit: 0.083275
Position Size: 1232.4377618930243
Margin Used: 10 USDT
Total Position Value: 100 USDT
Order IDs: Entry=1106256942, SL=1106257026, TP=1106257045
2025-05-14 00:07:03,120 - INFO - Position closed or order timeout after 541.1 minutes for BRETT/USDT, cleaning up orders...
2025-05-14 00:07:03,307 - INFO - Found 3 open orders to cancel for BRETT/USDT
2025-05-14 00:07:03,364 - INFO - Successfully cancelled order:
Symbol: BRETT/USDT
Order ID: 1106256942
Type: limit
Side: buy
2025-05-14 00:07:03,463 - INFO - Successfully cancelled order:
Symbol: BRETT/USDT
Order ID: 1106257026
Type: stop
Side: sell
2025-05-14 00:07:03,527 - INFO - Successfully cancelled order:
Symbol: BRETT/USDT
Order ID: 1106257045
Type: take_profit
Side: sell
2025-05-14 00:07:03,527 - INFO - Position Closed - Manual
Symbol: BRETT/USDT
Time: 2025-05-14 00:07:03.527116
Position Type: long

2025-05-14 00:10:32,334 - INFO - 
==================== ENTRY SIGNAL ====================
Symbol: BRETT/USDT
Position: LONG
Time: 2025-05-14 00:10:32
Cross Pairs: [('2025-05-14 00:05', '2025-05-14 00:00')]
==================================================
2025-05-14 00:10:32,334 - INFO - 
==================== ENTRY SIGNAL ====================
Symbol: BRETT/USDT
Position: LONG
Time: 2025-05-14 00:10:32
Price: 0.08222
==================================================
2025-05-14 00:10:32,375 - INFO - Stop Loss Range Calculation:
EMA Cross Time: 2025-05-14 00:05:00+09:00
MACD Cross Time: 2025-05-14 00:00:00+09:00
SL Range: 2025-05-13 23:55:00+09:00 to 2025-05-14 00:00:00+09:00
2025-05-14 00:10:32,376 - INFO - Stop Loss calculation for long:
Data range: 2025-05-13 23:55:00+09:00 to 2025-05-14 00:00:00+09:00
Stop loss price: 0.07992
Distance from entry: 0.002369999999999997 (2.880%)
2025-05-14 00:10:32,376 - INFO - Take Profit calculation:
Entry: 0.08229
Stop Loss: 0.07992
SL Distance: 0.002369999999999997
Take Profit: 0.0864375
2025-05-14 00:10:33,127 - INFO - ===== Trade Successfully Executed =====
Symbol: BRETT/USDT
Type: long
Entry: 0.08229
Stop Loss: 0.07992
Take Profit: 0.0864375
Position Size: 1215.2144853566654
Margin Used: 10 USDT
Total Position Value: 100 USDT
Order IDs: Entry=1106294441, SL=1106294475, TP=1106294488
2025-05-14 00:15:08,059 - INFO - 
==================== ENTRY SIGNAL ====================
Symbol: ATA/USDT
Position: SHORT
Time: 2025-05-14 00:15:08
Cross Pairs: [('2025-05-14 00:15', '2025-05-14 00:00')]
==================================================
2025-05-14 00:15:08,059 - INFO - 
==================== ENTRY SIGNAL ====================
Symbol: ATA/USDT
Position: SHORT
Time: 2025-05-14 00:15:08
Price: 0.0694
==================================================
2025-05-14 00:15:08,101 - INFO - Stop Loss Range Calculation:
EMA Cross Time: 2025-05-14 00:15:00+09:00
MACD Cross Time: 2025-05-14 00:00:00+09:00
SL Range: 2025-05-13 23:55:00+09:00 to 2025-05-14 00:00:00+09:00
2025-05-14 00:15:08,101 - INFO - Stop Loss calculation for short:
Data range: 2025-05-13 23:55:00+09:00 to 2025-05-14 00:00:00+09:00
Stop loss price: 0.0733
Distance from entry: 0.0040000000000000036 (5.772%)
2025-05-14 00:15:08,101 - INFO - Take Profit calculation:
Entry: 0.0693
Stop Loss: 0.0733
SL Distance: 0.0040000000000000036
Take Profit: 0.062299999999999994
2025-05-14 00:15:08,161 - ERROR - ===== Insufficient Balance =====
Symbol: ATA/USDT
Required: 10 USDT
Available: 8.67701898 USDT
2025-05-14 00:15:08,161 - ERROR - Failed to enter position for ATA/USDT: Insufficient balance
2025-05-14 00:20:56,168 - INFO - 
==================== ENTRY SIGNAL ====================
Symbol: ATA/USDT
Position: SHORT
Time: 2025-05-14 00:20:56
Cross Pairs: [('2025-05-14 00:15', '2025-05-14 00:00')]
==================================================
2025-05-14 00:20:56,168 - INFO - 
==================== ENTRY SIGNAL ====================
Symbol: ATA/USDT
Position: SHORT
Time: 2025-05-14 00:20:56
Price: 0.0695
==================================================
2025-05-14 00:20:56,209 - INFO - Stop Loss Range Calculation:
EMA Cross Time: 2025-05-14 00:15:00+09:00
MACD Cross Time: 2025-05-14 00:00:00+09:00
SL Range: 2025-05-13 23:55:00+09:00 to 2025-05-14 00:00:00+09:00
2025-05-14 00:20:56,211 - INFO - Stop Loss calculation for short:
Data range: 2025-05-13 23:55:00+09:00 to 2025-05-14 00:00:00+09:00
Stop loss price: 0.0733
Distance from entry: 0.003799999999999998 (5.468%)
2025-05-14 00:20:56,211 - INFO - Take Profit calculation:
Entry: 0.0695
Stop Loss: 0.0733
SL Distance: 0.003799999999999998
Take Profit: 0.06285000000000002
2025-05-14 00:20:56,273 - ERROR - ===== Insufficient Balance =====
Symbol: ATA/USDT
Required: 10 USDT
Available: 9.21784537 USDT
2025-05-14 00:20:56,273 - ERROR - Failed to enter position for ATA/USDT: Insufficient balance
2025-05-14 01:14:18,449 - INFO - Position closed or order timeout after 658.2 minutes for ONDOUSDT, cleaning up orders...
2025-05-14 01:14:18,635 - INFO - Found 1 open orders to cancel for ONDOUSDT
2025-05-14 01:14:18,696 - INFO - Successfully cancelled order:
Symbol: ONDOUSDT
Order ID: 5576678187
Type: take_profit
Side: buy
2025-05-14 01:14:18,696 - INFO - Position Closed - Manual
Symbol: ONDOUSDT
Time: 2025-05-14 01:14:18.696002
Position Type: short

2025-05-14 01:24:41,246 - INFO - Position closed or order timeout after 679.1 minutes for GRASS/USDT, cleaning up orders...
2025-05-14 01:24:41,430 - INFO - Found 1 open orders to cancel for GRASS/USDT
2025-05-14 01:24:41,492 - INFO - Successfully cancelled order:
Symbol: GRASS/USDT
Order ID: 1258755090
Type: take_profit
Side: buy
2025-05-14 01:24:41,493 - INFO - Position Closed - Manual
Symbol: GRASS/USDT
Time: 2025-05-14 01:24:41.493684
Position Type: short

2025-05-14 01:45:30,706 - INFO - 
==================== ENTRY SIGNAL ====================
Symbol: MOODENG/USDT
Position: SHORT
Time: 2025-05-14 01:45:30
Cross Pairs: [('2025-05-14 01:40', '2025-05-14 01:30')]
==================================================
2025-05-14 01:45:30,706 - INFO - 
==================== ENTRY SIGNAL ====================
Symbol: MOODENG/USDT
Position: SHORT
Time: 2025-05-14 01:45:30
Price: 0.30635
==================================================
2025-05-14 01:45:30,746 - INFO - Stop Loss Range Calculation:
EMA Cross Time: 2025-05-14 01:40:00+09:00
MACD Cross Time: 2025-05-14 01:30:00+09:00
SL Range: 2025-05-14 01:25:00+09:00 to 2025-05-14 01:30:00+09:00
2025-05-14 01:45:30,746 - INFO - Stop Loss calculation for short:
Data range: 2025-05-14 01:25:00+09:00 to 2025-05-14 01:30:00+09:00
Stop loss price: 0.31683
Distance from entry: 0.010730000000000017 (3.505%)
2025-05-14 01:45:30,747 - INFO - Take Profit calculation:
Entry: 0.3061
Stop Loss: 0.31683
SL Distance: 0.010730000000000017
Take Profit: 0.2873224999999999
2025-05-14 01:45:31,496 - INFO - ===== Trade Successfully Executed =====
Symbol: MOODENG/USDT
Type: short
Entry: 0.3061
Stop Loss: 0.31683
Take Profit: 0.2873224999999999
Position Size: 326.6906239790918
Margin Used: 10 USDT
Total Position Value: 100 USDT
Order IDs: Entry=2996531965, SL=2996532136, TP=2996532346
2025-05-14 01:57:07,000 - INFO - Position closed or order timeout after 551.6 minutes for MOODENG/USDT, cleaning up orders...
2025-05-14 01:57:07,181 - INFO - Found 1 open orders to cancel for MOODENG/USDT
2025-05-14 01:57:07,245 - INFO - Successfully cancelled order:
Symbol: MOODENG/USDT
Order ID: 2996532346
Type: take_profit
Side: buy
2025-05-14 01:57:07,245 - INFO - Position Closed - Manual
Symbol: MOODENG/USDT
Time: 2025-05-14 01:57:07.245933
Position Type: short

2025-05-14 03:16:53,809 - ERROR - Error in check_order_status: binance {"code":-1021,"msg":"Timestamp for this request was 1000ms ahead of the server's time."}
2025-05-14 03:17:57,120 - ERROR - Error in check_order_status: binance {"code":-1021,"msg":"Timestamp for this request was 1000ms ahead of the server's time."}
2025-05-14 03:19:00,374 - ERROR - Error in check_order_status: binance {"code":-1021,"msg":"Timestamp for this request was 1000ms ahead of the server's time."}
2025-05-14 03:20:03,573 - ERROR - Error in check_order_status: binance {"code":-1021,"msg":"Timestamp for this request was 1000ms ahead of the server's time."}
2025-05-14 03:21:06,773 - ERROR - Error in check_order_status: binance {"code":-1021,"msg":"Timestamp for this request was 1000ms ahead of the server's time."}
2025-05-14 03:22:09,972 - ERROR - Error in check_order_status: binance {"code":-1021,"msg":"Timestamp for this request was 1000ms ahead of the server's time."}
2025-05-14 03:23:13,227 - ERROR - Error in check_order_status: binance {"code":-1021,"msg":"Timestamp for this request was 1000ms ahead of the server's time."}
2025-05-14 03:24:16,405 - ERROR - Error in check_order_status: binance {"code":-1021,"msg":"Timestamp for this request was 1000ms ahead of the server's time."}
2025-05-14 03:25:19,589 - ERROR - Error in check_order_status: binance {"code":-1021,"msg":"Timestamp for this request was 1000ms ahead of the server's time."}
2025-05-14 03:26:22,770 - ERROR - Error in check_order_status: binance {"code":-1021,"msg":"Timestamp for this request was 1000ms ahead of the server's time."}
2025-05-14 03:27:25,958 - ERROR - Error in check_order_status: binance {"code":-1021,"msg":"Timestamp for this request was 1000ms ahead of the server's time."}
2025-05-14 03:28:29,211 - ERROR - Error in check_order_status: binance {"code":-1021,"msg":"Timestamp for this request was 1000ms ahead of the server's time."}
2025-05-14 03:29:32,403 - ERROR - Error in check_order_status: binance {"code":-1021,"msg":"Timestamp for this request was 1000ms ahead of the server's time."}
2025-05-14 03:30:35,603 - ERROR - Error in check_order_status: binance {"code":-1021,"msg":"Timestamp for this request was 1000ms ahead of the server's time."}
2025-05-14 03:31:38,809 - ERROR - Error in check_order_status: binance {"code":-1021,"msg":"Timestamp for this request was 1000ms ahead of the server's time."}
2025-05-14 03:32:41,994 - ERROR - Error in check_order_status: binance {"code":-1021,"msg":"Timestamp for this request was 1000ms ahead of the server's time."}
2025-05-14 03:33:45,248 - ERROR - Error in check_order_status: binance {"code":-1021,"msg":"Timestamp for this request was 1000ms ahead of the server's time."}
2025-05-14 03:34:48,434 - ERROR - Error in check_order_status: binance {"code":-1021,"msg":"Timestamp for this request was 1000ms ahead of the server's time."}
2025-05-14 03:35:51,625 - ERROR - Error in check_order_status: binance {"code":-1021,"msg":"Timestamp for this request was 1000ms ahead of the server's time."}
2025-05-14 03:36:54,825 - ERROR - Error in check_order_status: binance {"code":-1021,"msg":"Timestamp for this request was 1000ms ahead of the server's time."}
2025-05-14 03:37:58,017 - ERROR - Error in check_order_status: binance {"code":-1021,"msg":"Timestamp for this request was 1000ms ahead of the server's time."}
2025-05-14 03:39:01,273 - ERROR - Error in check_order_status: binance {"code":-1021,"msg":"Timestamp for this request was 1000ms ahead of the server's time."}
2025-05-14 03:40:04,474 - ERROR - Error in check_order_status: binance {"code":-1021,"msg":"Timestamp for this request was 1000ms ahead of the server's time."}
2025-05-14 03:41:07,666 - ERROR - Error in check_order_status: binance {"code":-1021,"msg":"Timestamp for this request was 1000ms ahead of the server's time."}
2025-05-14 03:42:10,879 - ERROR - Error in check_order_status: binance {"code":-1021,"msg":"Timestamp for this request was 1000ms ahead of the server's time."}
2025-05-14 03:43:14,084 - ERROR - Error in check_order_status: binance {"code":-1021,"msg":"Timestamp for this request was 1000ms ahead of the server's time."}
2025-05-14 03:44:17,336 - ERROR - Error in check_order_status: binance {"code":-1021,"msg":"Timestamp for this request was 1000ms ahead of the server's time."}
2025-05-14 03:45:20,531 - ERROR - Error in check_order_status: binance {"code":-1021,"msg":"Timestamp for this request was 1000ms ahead of the server's time."}
2025-05-14 03:46:23,732 - ERROR - Error in check_order_status: binance {"code":-1021,"msg":"Timestamp for this request was 1000ms ahead of the server's time."}
2025-05-14 03:47:26,912 - ERROR - Error in check_order_status: binance {"code":-1021,"msg":"Timestamp for this request was 1000ms ahead of the server's time."}
2025-05-14 03:48:30,098 - ERROR - Error in check_order_status: binance {"code":-1021,"msg":"Timestamp for this request was 1000ms ahead of the server's time."}
2025-05-14 03:49:33,359 - ERROR - Error in check_order_status: binance {"code":-1021,"msg":"Timestamp for this request was 1000ms ahead of the server's time."}
2025-05-14 03:50:36,558 - ERROR - Error in check_order_status: binance {"code":-1021,"msg":"Timestamp for this request was 1000ms ahead of the server's time."}
2025-05-14 03:51:39,747 - ERROR - Error in check_order_status: binance {"code":-1021,"msg":"Timestamp for this request was 1000ms ahead of the server's time."}
2025-05-14 03:52:42,948 - ERROR - Error in check_order_status: binance {"code":-1021,"msg":"Timestamp for this request was 1000ms ahead of the server's time."}
2025-05-14 03:53:46,139 - ERROR - Error in check_order_status: binance {"code":-1021,"msg":"Timestamp for this request was 1000ms ahead of the server's time."}
2025-05-14 03:54:49,404 - ERROR - Error in check_order_status: binance {"code":-1021,"msg":"Timestamp for this request was 1000ms ahead of the server's time."}
2025-05-14 03:55:52,594 - ERROR - Error in check_order_status: binance {"code":-1021,"msg":"Timestamp for this request was 1000ms ahead of the server's time."}
2025-05-14 03:56:55,793 - ERROR - Error in check_order_status: binance {"code":-1021,"msg":"Timestamp for this request was 1000ms ahead of the server's time."}
2025-05-14 03:57:58,989 - ERROR - Error in check_order_status: binance {"code":-1021,"msg":"Timestamp for this request was 1000ms ahead of the server's time."}
2025-05-14 03:59:02,178 - ERROR - Error in check_order_status: binance {"code":-1021,"msg":"Timestamp for this request was 1000ms ahead of the server's time."}
2025-05-14 04:00:05,428 - ERROR - Error in check_order_status: binance {"code":-1021,"msg":"Timestamp for this request was 1000ms ahead of the server's time."}
2025-05-14 04:01:08,627 - ERROR - Error in check_order_status: binance {"code":-1021,"msg":"Timestamp for this request was 1000ms ahead of the server's time."}
2025-05-14 04:02:11,822 - ERROR - Error in check_order_status: binance {"code":-1021,"msg":"Timestamp for this request was 1000ms ahead of the server's time."}
2025-05-14 04:03:15,010 - ERROR - Error in check_order_status: binance {"code":-1021,"msg":"Timestamp for this request was 1000ms ahead of the server's time."}
2025-05-14 04:04:18,202 - ERROR - Error in check_order_status: binance {"code":-1021,"msg":"Timestamp for this request was 1000ms ahead of the server's time."}
2025-05-14 04:05:21,466 - ERROR - Error in check_order_status: binance {"code":-1021,"msg":"Timestamp for this request was 1000ms ahead of the server's time."}
2025-05-14 04:06:24,660 - ERROR - Error in check_order_status: binance {"code":-1021,"msg":"Timestamp for this request was 1000ms ahead of the server's time."}
2025-05-14 04:07:27,853 - ERROR - Error in check_order_status: binance {"code":-1021,"msg":"Timestamp for this request was 1000ms ahead of the server's time."}
2025-05-14 04:08:31,043 - ERROR - Error in check_order_status: binance {"code":-1021,"msg":"Timestamp for this request was 1000ms ahead of the server's time."}
2025-05-14 04:09:34,241 - ERROR - Error in check_order_status: binance {"code":-1021,"msg":"Timestamp for this request was 1000ms ahead of the server's time."}
2025-05-14 04:10:37,508 - ERROR - Error in check_order_status: binance {"code":-1021,"msg":"Timestamp for this request was 1000ms ahead of the server's time."}
2025-05-14 04:11:40,689 - ERROR - Error in check_order_status: binance {"code":-1021,"msg":"Timestamp for this request was 1000ms ahead of the server's time."}
2025-05-14 04:12:43,884 - ERROR - Error in check_order_status: binance {"code":-1021,"msg":"Timestamp for this request was 1000ms ahead of the server's time."}
2025-05-14 04:13:47,070 - ERROR - Error in check_order_status: binance {"code":-1021,"msg":"Timestamp for this request was 1000ms ahead of the server's time."}
2025-05-14 04:14:50,261 - ERROR - Error in check_order_status: binance {"code":-1021,"msg":"Timestamp for this request was 1000ms ahead of the server's time."}
2025-05-14 04:15:53,524 - ERROR - Error in check_order_status: binance {"code":-1021,"msg":"Timestamp for this request was 1000ms ahead of the server's time."}
2025-05-14 04:16:56,719 - ERROR - Error in check_order_status: binance {"code":-1021,"msg":"Timestamp for this request was 1000ms ahead of the server's time."}
2025-05-14 04:17:59,920 - ERROR - Error in check_order_status: binance {"code":-1021,"msg":"Timestamp for this request was 1000ms ahead of the server's time."}
2025-05-14 04:19:03,140 - ERROR - Error in check_order_status: binance {"code":-1021,"msg":"Timestamp for this request was 1000ms ahead of the server's time."}
2025-05-14 04:20:06,335 - ERROR - Error in check_order_status: binance {"code":-1021,"msg":"Timestamp for this request was 1000ms ahead of the server's time."}
2025-05-14 04:21:09,601 - ERROR - Error in check_order_status: binance {"code":-1021,"msg":"Timestamp for this request was 1000ms ahead of the server's time."}
2025-05-14 04:22:12,797 - ERROR - Error in check_order_status: binance {"code":-1021,"msg":"Timestamp for this request was 1000ms ahead of the server's time."}
2025-05-14 04:23:15,994 - ERROR - Error in check_order_status: binance {"code":-1021,"msg":"Timestamp for this request was 1000ms ahead of the server's time."}
2025-05-14 04:24:19,198 - ERROR - Error in check_order_status: binance {"code":-1021,"msg":"Timestamp for this request was 1000ms ahead of the server's time."}
2025-05-14 04:25:22,442 - ERROR - Error in check_order_status: binance {"code":-1021,"msg":"Timestamp for this request was 1000ms ahead of the server's time."}
2025-05-14 04:26:25,692 - ERROR - Error in check_order_status: binance {"code":-1021,"msg":"Timestamp for this request was 1000ms ahead of the server's time."}
2025-05-14 04:27:28,902 - ERROR - Error in check_order_status: binance {"code":-1021,"msg":"Timestamp for this request was 1000ms ahead of the server's time."}
2025-05-14 04:28:32,067 - ERROR - Error in check_order_status: binance {"code":-1021,"msg":"Timestamp for this request was 1000ms ahead of the server's time."}
2025-05-14 04:29:35,257 - ERROR - Error in check_order_status: binance {"code":-1021,"msg":"Timestamp for this request was 1000ms ahead of the server's time."}
2025-05-14 04:30:38,453 - ERROR - Error in check_order_status: binance {"code":-1021,"msg":"Timestamp for this request was 1000ms ahead of the server's time."}
2025-05-14 04:31:41,701 - ERROR - Error in check_order_status: binance {"code":-1021,"msg":"Timestamp for this request was 1000ms ahead of the server's time."}
2025-05-14 04:32:44,892 - ERROR - Error in check_order_status: binance {"code":-1021,"msg":"Timestamp for this request was 1000ms ahead of the server's time."}
2025-05-14 04:33:48,096 - ERROR - Error in check_order_status: binance {"code":-1021,"msg":"Timestamp for this request was 1000ms ahead of the server's time."}
2025-05-14 04:34:51,294 - ERROR - Error in check_order_status: binance {"code":-1021,"msg":"Timestamp for this request was 1000ms ahead of the server's time."}
2025-05-14 04:35:54,487 - ERROR - Error in check_order_status: binance {"code":-1021,"msg":"Timestamp for this request was 1000ms ahead of the server's time."}
2025-05-14 04:36:57,756 - ERROR - Error in check_order_status: binance {"code":-1021,"msg":"Timestamp for this request was 1000ms ahead of the server's time."}
2025-05-14 04:38:00,926 - ERROR - Error in check_order_status: binance {"code":-1021,"msg":"Timestamp for this request was 1000ms ahead of the server's time."}
2025-05-14 04:39:04,129 - ERROR - Error in check_order_status: binance {"code":-1021,"msg":"Timestamp for this request was 1000ms ahead of the server's time."}
2025-05-14 04:40:07,318 - ERROR - Error in check_order_status: binance {"code":-1021,"msg":"Timestamp for this request was 1000ms ahead of the server's time."}
2025-05-14 04:41:10,576 - ERROR - Error in check_order_status: binance {"code":-1021,"msg":"Timestamp for this request was 1000ms ahead of the server's time."}
2025-05-14 04:42:13,859 - ERROR - Error in check_order_status: binance {"code":-1021,"msg":"Timestamp for this request was 1000ms ahead of the server's time."}
2025-05-14 04:43:17,049 - ERROR - Error in check_order_status: binance {"code":-1021,"msg":"Timestamp for this request was 1000ms ahead of the server's time."}
2025-05-14 04:44:20,247 - ERROR - Error in check_order_status: binance {"code":-1021,"msg":"Timestamp for this request was 1000ms ahead of the server's time."}
2025-05-14 04:45:23,447 - ERROR - Error in check_order_status: binance {"code":-1021,"msg":"Timestamp for this request was 1000ms ahead of the server's time."}
2025-05-14 04:46:26,645 - ERROR - Error in check_order_status: binance {"code":-1021,"msg":"Timestamp for this request was 1000ms ahead of the server's time."}
2025-05-14 04:47:29,894 - ERROR - Error in check_order_status: binance {"code":-1021,"msg":"Timestamp for this request was 1000ms ahead of the server's time."}
2025-05-14 04:48:33,086 - ERROR - Error in check_order_status: binance {"code":-1021,"msg":"Timestamp for this request was 1000ms ahead of the server's time."}
2025-05-14 04:49:36,274 - ERROR - Error in check_order_status: binance {"code":-1021,"msg":"Timestamp for this request was 1000ms ahead of the server's time."}
2025-05-14 04:50:39,470 - ERROR - Error in check_order_status: binance {"code":-1021,"msg":"Timestamp for this request was 1000ms ahead of the server's time."}
2025-05-14 04:51:42,667 - ERROR - Error in check_order_status: binance {"code":-1021,"msg":"Timestamp for this request was 1000ms ahead of the server's time."}
2025-05-14 04:52:45,924 - ERROR - Error in check_order_status: binance {"code":-1021,"msg":"Timestamp for this request was 1000ms ahead of the server's time."}
2025-05-14 04:53:49,119 - ERROR - Error in check_order_status: binance {"code":-1021,"msg":"Timestamp for this request was 1000ms ahead of the server's time."}
2025-05-14 04:54:52,318 - ERROR - Error in check_order_status: binance {"code":-1021,"msg":"Timestamp for this request was 1000ms ahead of the server's time."}
2025-05-14 04:55:55,522 - ERROR - Error in check_order_status: binance {"code":-1021,"msg":"Timestamp for this request was 1000ms ahead of the server's time."}
2025-05-14 04:56:58,712 - ERROR - Error in check_order_status: binance {"code":-1021,"msg":"Timestamp for this request was 1000ms ahead of the server's time."}
2025-05-14 04:58:01,968 - ERROR - Error in check_order_status: binance {"code":-1021,"msg":"Timestamp for this request was 1000ms ahead of the server's time."}
2025-05-14 04:59:05,154 - ERROR - Error in check_order_status: binance {"code":-1021,"msg":"Timestamp for this request was 1000ms ahead of the server's time."}
2025-05-14 05:00:08,350 - ERROR - Error in check_order_status: binance {"code":-1021,"msg":"Timestamp for this request was 1000ms ahead of the server's time."}
2025-05-14 05:01:11,557 - ERROR - Error in check_order_status: binance {"code":-1021,"msg":"Timestamp for this request was 1000ms ahead of the server's time."}
2025-05-14 05:02:14,754 - ERROR - Error in check_order_status: binance {"code":-1021,"msg":"Timestamp for this request was 1000ms ahead of the server's time."}
2025-05-14 05:03:18,018 - ERROR - Error in check_order_status: binance {"code":-1021,"msg":"Timestamp for this request was 1000ms ahead of the server's time."}
2025-05-14 05:04:21,213 - ERROR - Error in check_order_status: binance {"code":-1021,"msg":"Timestamp for this request was 1000ms ahead of the server's time."}
2025-05-14 05:05:24,407 - ERROR - Error in check_order_status: binance {"code":-1021,"msg":"Timestamp for this request was 1000ms ahead of the server's time."}
2025-05-14 05:06:27,634 - ERROR - Error in check_order_status: binance {"code":-1021,"msg":"Timestamp for this request was 1000ms ahead of the server's time."}
2025-05-14 05:07:30,895 - ERROR - Error in check_order_status: binance {"code":-1021,"msg":"Timestamp for this request was 1000ms ahead of the server's time."}
2025-05-14 05:08:34,223 - ERROR - Error in check_order_status: binance {"code":-1021,"msg":"Timestamp for this request was 1000ms ahead of the server's time."}
2025-05-14 05:09:37,468 - ERROR - Error in check_order_status: binance {"code":-1021,"msg":"Timestamp for this request was 1000ms ahead of the server's time."}
2025-05-14 05:10:40,723 - ERROR - Error in check_order_status: binance {"code":-1021,"msg":"Timestamp for this request was 1000ms ahead of the server's time."}
2025-05-14 05:11:43,937 - ERROR - Error in check_order_status: binance {"code":-1021,"msg":"Timestamp for this request was 1000ms ahead of the server's time."}
2025-05-14 05:12:47,127 - ERROR - Error in check_order_status: binance {"code":-1021,"msg":"Timestamp for this request was 1000ms ahead of the server's time."}
2025-05-14 05:13:50,380 - ERROR - Error in check_order_status: binance {"code":-1021,"msg":"Timestamp for this request was 1000ms ahead of the server's time."}
2025-05-14 05:14:53,580 - ERROR - Error in check_order_status: binance {"code":-1021,"msg":"Timestamp for this request was 1000ms ahead of the server's time."}
2025-05-14 05:15:56,769 - ERROR - Error in check_order_status: binance {"code":-1021,"msg":"Timestamp for this request was 1000ms ahead of the server's time."}
2025-05-14 05:16:59,971 - ERROR - Error in check_order_status: binance {"code":-1021,"msg":"Timestamp for this request was 1000ms ahead of the server's time."}
2025-05-14 05:18:03,161 - ERROR - Error in check_order_status: binance {"code":-1021,"msg":"Timestamp for this request was 1000ms ahead of the server's time."}
2025-05-14 05:19:06,427 - ERROR - Error in check_order_status: binance {"code":-1021,"msg":"Timestamp for this request was 1000ms ahead of the server's time."}
2025-05-14 05:20:09,615 - ERROR - Error in check_order_status: binance {"code":-1021,"msg":"Timestamp for this request was 1000ms ahead of the server's time."}
2025-05-14 05:21:12,816 - ERROR - Error in check_order_status: binance {"code":-1021,"msg":"Timestamp for this request was 1000ms ahead of the server's time."}
2025-05-14 05:22:15,995 - ERROR - Error in check_order_status: binance {"code":-1021,"msg":"Timestamp for this request was 1000ms ahead of the server's time."}
2025-05-14 05:23:19,193 - ERROR - Error in check_order_status: binance {"code":-1021,"msg":"Timestamp for this request was 1000ms ahead of the server's time."}
2025-05-14 05:24:22,474 - ERROR - Error in check_order_status: binance {"code":-1021,"msg":"Timestamp for this request was 1000ms ahead of the server's time."}
2025-05-14 05:25:25,647 - ERROR - Error in check_order_status: binance {"code":-1021,"msg":"Timestamp for this request was 1000ms ahead of the server's time."}
2025-05-14 05:26:28,843 - ERROR - Error in check_order_status: binance {"code":-1021,"msg":"Timestamp for this request was 1000ms ahead of the server's time."}
2025-05-14 05:27:32,024 - ERROR - Error in check_order_status: binance {"code":-1021,"msg":"Timestamp for this request was 1000ms ahead of the server's time."}
2025-05-14 05:28:35,205 - ERROR - Error in check_order_status: binance {"code":-1021,"msg":"Timestamp for this request was 1000ms ahead of the server's time."}
2025-05-14 05:29:38,469 - ERROR - Error in check_order_status: binance {"code":-1021,"msg":"Timestamp for this request was 1000ms ahead of the server's time."}
2025-05-14 05:30:41,665 - ERROR - Error in check_order_status: binance {"code":-1021,"msg":"Timestamp for this request was 1000ms ahead of the server's time."}
2025-05-14 05:31:44,856 - ERROR - Error in check_order_status: binance {"code":-1021,"msg":"Timestamp for this request was 1000ms ahead of the server's time."}
2025-05-14 05:32:48,061 - ERROR - Error in check_order_status: binance {"code":-1021,"msg":"Timestamp for this request was 1000ms ahead of the server's time."}
2025-05-14 05:33:51,249 - ERROR - Error in check_order_status: binance {"code":-1021,"msg":"Timestamp for this request was 1000ms ahead of the server's time."}
2025-05-14 05:34:54,510 - ERROR - Error in check_order_status: binance {"code":-1021,"msg":"Timestamp for this request was 1000ms ahead of the server's time."}
2025-05-14 05:35:57,711 - ERROR - Error in check_order_status: binance {"code":-1021,"msg":"Timestamp for this request was 1000ms ahead of the server's time."}
2025-05-14 05:37:00,903 - ERROR - Error in check_order_status: binance {"code":-1021,"msg":"Timestamp for this request was 1000ms ahead of the server's time."}
2025-05-14 05:38:04,099 - ERROR - Error in check_order_status: binance {"code":-1021,"msg":"Timestamp for this request was 1000ms ahead of the server's time."}
2025-05-14 05:39:07,300 - ERROR - Error in check_order_status: binance {"code":-1021,"msg":"Timestamp for this request was 1000ms ahead of the server's time."}
2025-05-14 05:40:10,560 - ERROR - Error in check_order_status: binance {"code":-1021,"msg":"Timestamp for this request was 1000ms ahead of the server's time."}
2025-05-14 05:41:13,750 - ERROR - Error in check_order_status: binance {"code":-1021,"msg":"Timestamp for this request was 1000ms ahead of the server's time."}
2025-05-14 05:42:16,950 - ERROR - Error in check_order_status: binance {"code":-1021,"msg":"Timestamp for this request was 1000ms ahead of the server's time."}
2025-05-14 05:43:20,144 - ERROR - Error in check_order_status: binance {"code":-1021,"msg":"Timestamp for this request was 1000ms ahead of the server's time."}
2025-05-14 05:44:23,341 - ERROR - Error in check_order_status: binance {"code":-1021,"msg":"Timestamp for this request was 1000ms ahead of the server's time."}
2025-05-14 05:45:26,603 - ERROR - Error in check_order_status: binance {"code":-1021,"msg":"Timestamp for this request was 1000ms ahead of the server's time."}
2025-05-14 05:46:29,795 - ERROR - Error in check_order_status: binance {"code":-1021,"msg":"Timestamp for this request was 1000ms ahead of the server's time."}
2025-05-14 05:47:32,993 - ERROR - Error in check_order_status: binance {"code":-1021,"msg":"Timestamp for this request was 1000ms ahead of the server's time."}
2025-05-14 05:48:36,188 - ERROR - Error in check_order_status: binance {"code":-1021,"msg":"Timestamp for this request was 1000ms ahead of the server's time."}
2025-05-14 05:49:39,377 - ERROR - Error in check_order_status: binance {"code":-1021,"msg":"Timestamp for this request was 1000ms ahead of the server's time."}
2025-05-14 05:50:42,629 - ERROR - Error in check_order_status: binance {"code":-1021,"msg":"Timestamp for this request was 1000ms ahead of the server's time."}
2025-05-14 05:51:45,823 - ERROR - Error in check_order_status: binance {"code":-1021,"msg":"Timestamp for this request was 1000ms ahead of the server's time."}
2025-05-14 05:52:49,074 - ERROR - Error in check_order_status: binance {"code":-1021,"msg":"Timestamp for this request was 1000ms ahead of the server's time."}
2025-05-14 05:53:52,257 - ERROR - Error in check_order_status: binance {"code":-1021,"msg":"Timestamp for this request was 1000ms ahead of the server's time."}
2025-05-14 05:54:55,447 - ERROR - Error in check_order_status: binance {"code":-1021,"msg":"Timestamp for this request was 1000ms ahead of the server's time."}
2025-05-14 05:55:58,710 - ERROR - Error in check_order_status: binance {"code":-1021,"msg":"Timestamp for this request was 1000ms ahead of the server's time."}
2025-05-14 05:57:01,905 - ERROR - Error in check_order_status: binance {"code":-1021,"msg":"Timestamp for this request was 1000ms ahead of the server's time."}
2025-05-14 05:58:05,143 - ERROR - Error in check_order_status: binance {"code":-1021,"msg":"Timestamp for this request was 1000ms ahead of the server's time."}
2025-05-14 05:59:08,344 - ERROR - Error in check_order_status: binance {"code":-1021,"msg":"Timestamp for this request was 1000ms ahead of the server's time."}
2025-05-14 06:00:11,542 - ERROR - Error in check_order_status: binance {"code":-1021,"msg":"Timestamp for this request was 1000ms ahead of the server's time."}
2025-05-14 06:01:14,792 - ERROR - Error in check_order_status: binance {"code":-1021,"msg":"Timestamp for this request was 1000ms ahead of the server's time."}
2025-05-14 06:02:18,006 - ERROR - Error in check_order_status: binance {"code":-1021,"msg":"Timestamp for this request was 1000ms ahead of the server's time."}
2025-05-14 06:03:21,206 - ERROR - Error in check_order_status: binance {"code":-1021,"msg":"Timestamp for this request was 1000ms ahead of the server's time."}
2025-05-14 06:04:24,398 - ERROR - Error in check_order_status: binance {"code":-1021,"msg":"Timestamp for this request was 1000ms ahead of the server's time."}
2025-05-14 06:05:27,589 - ERROR - Error in check_order_status: binance {"code":-1021,"msg":"Timestamp for this request was 1000ms ahead of the server's time."}
2025-05-14 06:06:30,838 - ERROR - Error in check_order_status: binance {"code":-1021,"msg":"Timestamp for this request was 1000ms ahead of the server's time."}
2025-05-14 06:07:34,035 - ERROR - Error in check_order_status: binance {"code":-1021,"msg":"Timestamp for this request was 1000ms ahead of the server's time."}
2025-05-14 06:08:37,234 - ERROR - Error in check_order_status: binance {"code":-1021,"msg":"Timestamp for this request was 1000ms ahead of the server's time."}
2025-05-14 06:09:40,423 - ERROR - Error in check_order_status: binance {"code":-1021,"msg":"Timestamp for this request was 1000ms ahead of the server's time."}
2025-05-14 06:10:43,617 - ERROR - Error in check_order_status: binance {"code":-1021,"msg":"Timestamp for this request was 1000ms ahead of the server's time."}
2025-05-14 06:11:46,882 - ERROR - Error in check_order_status: binance {"code":-1021,"msg":"Timestamp for this request was 1000ms ahead of the server's time."}
2025-05-14 06:12:50,079 - ERROR - Error in check_order_status: binance {"code":-1021,"msg":"Timestamp for this request was 1000ms ahead of the server's time."}
2025-05-14 06:13:53,272 - ERROR - Error in check_order_status: binance {"code":-1021,"msg":"Timestamp for this request was 1000ms ahead of the server's time."}
2025-05-14 06:14:56,471 - ERROR - Error in check_order_status: binance {"code":-1021,"msg":"Timestamp for this request was 1000ms ahead of the server's time."}
2025-05-14 06:15:59,666 - ERROR - Error in check_order_status: binance {"code":-1021,"msg":"Timestamp for this request was 1000ms ahead of the server's time."}
2025-05-14 06:17:02,924 - ERROR - Error in check_order_status: binance {"code":-1021,"msg":"Timestamp for this request was 1000ms ahead of the server's time."}
2025-05-14 06:18:06,117 - ERROR - Error in check_order_status: binance {"code":-1021,"msg":"Timestamp for this request was 1000ms ahead of the server's time."}
2025-05-14 06:19:09,303 - ERROR - Error in check_order_status: binance {"code":-1021,"msg":"Timestamp for this request was 1000ms ahead of the server's time."}
2025-05-14 06:20:12,483 - ERROR - Error in check_order_status: binance {"code":-1021,"msg":"Timestamp for this request was 1000ms ahead of the server's time."}
2025-05-14 06:21:15,678 - ERROR - Error in check_order_status: binance {"code":-1021,"msg":"Timestamp for this request was 1000ms ahead of the server's time."}
2025-05-14 06:22:18,947 - ERROR - Error in check_order_status: binance {"code":-1021,"msg":"Timestamp for this request was 1000ms ahead of the server's time."}
2025-05-14 06:23:22,145 - ERROR - Error in check_order_status: binance {"code":-1021,"msg":"Timestamp for this request was 1000ms ahead of the server's time."}
2025-05-14 06:24:25,352 - ERROR - Error in check_order_status: binance {"code":-1021,"msg":"Timestamp for this request was 1000ms ahead of the server's time."}
2025-05-14 06:25:28,527 - ERROR - Error in check_order_status: binance {"code":-1021,"msg":"Timestamp for this request was 1000ms ahead of the server's time."}
2025-05-14 06:26:31,719 - ERROR - Error in check_order_status: binance {"code":-1021,"msg":"Timestamp for this request was 1000ms ahead of the server's time."}
2025-05-14 06:27:34,964 - ERROR - Error in check_order_status: binance {"code":-1021,"msg":"Timestamp for this request was 1000ms ahead of the server's time."}
2025-05-14 06:28:38,208 - ERROR - Error in check_order_status: binance {"code":-1021,"msg":"Timestamp for this request was 1000ms ahead of the server's time."}
2025-05-14 06:29:41,406 - ERROR - Error in check_order_status: binance {"code":-1021,"msg":"Timestamp for this request was 1000ms ahead of the server's time."}
2025-05-14 06:30:44,606 - ERROR - Error in check_order_status: binance {"code":-1021,"msg":"Timestamp for this request was 1000ms ahead of the server's time."}
2025-05-14 06:31:47,794 - ERROR - Error in check_order_status: binance {"code":-1021,"msg":"Timestamp for this request was 1000ms ahead of the server's time."}
2025-05-14 06:32:51,098 - ERROR - Error in check_order_status: binance {"code":-1021,"msg":"Timestamp for this request was 1000ms ahead of the server's time."}
2025-05-14 06:33:54,270 - ERROR - Error in check_order_status: binance {"code":-1021,"msg":"Timestamp for this request was 1000ms ahead of the server's time."}
2025-05-14 06:34:57,463 - ERROR - Error in check_order_status: binance {"code":-1021,"msg":"Timestamp for this request was 1000ms ahead of the server's time."}
2025-05-14 06:36:00,662 - ERROR - Error in check_order_status: binance {"code":-1021,"msg":"Timestamp for this request was 1000ms ahead of the server's time."}
2025-05-14 06:37:03,858 - ERROR - Error in check_order_status: binance {"code":-1021,"msg":"Timestamp for this request was 1000ms ahead of the server's time."}
2025-05-14 06:38:07,119 - ERROR - Error in check_order_status: binance {"code":-1021,"msg":"Timestamp for this request was 1000ms ahead of the server's time."}
2025-05-14 06:39:10,309 - ERROR - Error in check_order_status: binance {"code":-1021,"msg":"Timestamp for this request was 1000ms ahead of the server's time."}
2025-05-14 06:40:13,496 - ERROR - Error in check_order_status: binance {"code":-1021,"msg":"Timestamp for this request was 1000ms ahead of the server's time."}
2025-05-14 06:41:16,694 - ERROR - Error in check_order_status: binance {"code":-1021,"msg":"Timestamp for this request was 1000ms ahead of the server's time."}
2025-05-14 06:42:19,895 - ERROR - Error in check_order_status: binance {"code":-1021,"msg":"Timestamp for this request was 1000ms ahead of the server's time."}
2025-05-14 06:43:23,131 - ERROR - Error in check_order_status: binance {"code":-1021,"msg":"Timestamp for this request was 1000ms ahead of the server's time."}
2025-05-14 06:44:26,629 - ERROR - Error in check_order_status: binance {"code":-1021,"msg":"Timestamp for this request was 1000ms ahead of the server's time."}
2025-05-14 06:45:29,815 - ERROR - Error in check_order_status: binance {"code":-1021,"msg":"Timestamp for this request was 1000ms ahead of the server's time."}
2025-05-14 06:46:33,005 - ERROR - Error in check_order_status: binance {"code":-1021,"msg":"Timestamp for this request was 1000ms ahead of the server's time."}
2025-05-14 06:47:36,206 - ERROR - Error in check_order_status: binance {"code":-1021,"msg":"Timestamp for this request was 1000ms ahead of the server's time."}
2025-05-14 06:48:39,452 - ERROR - Error in check_order_status: binance {"code":-1021,"msg":"Timestamp for this request was 1000ms ahead of the server's time."}
2025-05-14 06:49:42,637 - ERROR - Error in check_order_status: binance {"code":-1021,"msg":"Timestamp for this request was 1000ms ahead of the server's time."}
2025-05-14 06:50:45,829 - ERROR - Error in check_order_status: binance {"code":-1021,"msg":"Timestamp for this request was 1000ms ahead of the server's time."}
2025-05-14 06:51:49,031 - ERROR - Error in check_order_status: binance {"code":-1021,"msg":"Timestamp for this request was 1000ms ahead of the server's time."}
2025-05-14 06:52:52,218 - ERROR - Error in check_order_status: binance {"code":-1021,"msg":"Timestamp for this request was 1000ms ahead of the server's time."}
2025-05-14 06:53:55,469 - ERROR - Error in check_order_status: binance {"code":-1021,"msg":"Timestamp for this request was 1000ms ahead of the server's time."}
2025-05-14 06:54:58,646 - ERROR - Error in check_order_status: binance {"code":-1021,"msg":"Timestamp for this request was 1000ms ahead of the server's time."}
2025-05-14 06:56:01,836 - ERROR - Error in check_order_status: binance {"code":-1021,"msg":"Timestamp for this request was 1000ms ahead of the server's time."}
2025-05-14 06:57:05,025 - ERROR - Error in check_order_status: binance {"code":-1021,"msg":"Timestamp for this request was 1000ms ahead of the server's time."}
2025-05-14 06:58:08,230 - ERROR - Error in check_order_status: binance {"code":-1021,"msg":"Timestamp for this request was 1000ms ahead of the server's time."}
2025-05-14 06:59:11,484 - ERROR - Error in check_order_status: binance {"code":-1021,"msg":"Timestamp for this request was 1000ms ahead of the server's time."}
2025-05-14 07:00:14,689 - ERROR - Error in check_order_status: binance {"code":-1021,"msg":"Timestamp for this request was 1000ms ahead of the server's time."}
2025-05-14 07:01:17,884 - ERROR - Error in check_order_status: binance {"code":-1021,"msg":"Timestamp for this request was 1000ms ahead of the server's time."}
2025-05-14 07:02:21,080 - ERROR - Error in check_order_status: binance {"code":-1021,"msg":"Timestamp for this request was 1000ms ahead of the server's time."}
2025-05-14 07:03:24,275 - ERROR - Error in check_order_status: binance {"code":-1021,"msg":"Timestamp for this request was 1000ms ahead of the server's time."}
2025-05-14 07:04:27,536 - ERROR - Error in check_order_status: binance {"code":-1021,"msg":"Timestamp for this request was 1000ms ahead of the server's time."}
2025-05-14 07:05:30,729 - ERROR - Error in check_order_status: binance {"code":-1021,"msg":"Timestamp for this request was 1000ms ahead of the server's time."}
2025-05-14 07:06:33,926 - ERROR - Error in check_order_status: binance {"code":-1021,"msg":"Timestamp for this request was 1000ms ahead of the server's time."}
2025-05-14 07:07:37,131 - ERROR - Error in check_order_status: binance {"code":-1021,"msg":"Timestamp for this request was 1000ms ahead of the server's time."}
2025-05-14 07:08:40,323 - ERROR - Error in check_order_status: binance {"code":-1021,"msg":"Timestamp for this request was 1000ms ahead of the server's time."}
2025-05-14 07:09:43,567 - ERROR - Error in check_order_status: binance {"code":-1021,"msg":"Timestamp for this request was 1000ms ahead of the server's time."}
2025-05-14 07:10:46,770 - ERROR - Error in check_order_status: binance {"code":-1021,"msg":"Timestamp for this request was 1000ms ahead of the server's time."}
2025-05-14 07:11:49,950 - ERROR - Error in check_order_status: binance {"code":-1021,"msg":"Timestamp for this request was 1000ms ahead of the server's time."}
2025-05-14 07:12:53,150 - ERROR - Error in check_order_status: binance {"code":-1021,"msg":"Timestamp for this request was 1000ms ahead of the server's time."}
2025-05-14 07:13:56,345 - ERROR - Error in check_order_status: binance {"code":-1021,"msg":"Timestamp for this request was 1000ms ahead of the server's time."}
2025-05-14 07:14:59,597 - ERROR - Error in check_order_status: binance {"code":-1021,"msg":"Timestamp for this request was 1000ms ahead of the server's time."}
2025-05-14 07:16:02,792 - ERROR - Error in check_order_status: binance {"code":-1021,"msg":"Timestamp for this request was 1000ms ahead of the server's time."}
2025-05-14 07:17:05,996 - ERROR - Error in check_order_status: binance {"code":-1021,"msg":"Timestamp for this request was 1000ms ahead of the server's time."}
2025-05-14 07:18:09,184 - ERROR - Error in check_order_status: binance {"code":-1021,"msg":"Timestamp for this request was 1000ms ahead of the server's time."}
2025-05-14 07:19:12,376 - ERROR - Error in check_order_status: binance {"code":-1021,"msg":"Timestamp for this request was 1000ms ahead of the server's time."}
2025-05-14 07:20:15,633 - ERROR - Error in check_order_status: binance {"code":-1021,"msg":"Timestamp for this request was 1000ms ahead of the server's time."}
2025-05-14 07:21:18,827 - ERROR - Error in check_order_status: binance {"code":-1021,"msg":"Timestamp for this request was 1000ms ahead of the server's time."}
2025-05-14 07:22:22,008 - ERROR - Error in check_order_status: binance {"code":-1021,"msg":"Timestamp for this request was 1000ms ahead of the server's time."}
2025-05-14 07:23:25,212 - ERROR - Error in check_order_status: binance {"code":-1021,"msg":"Timestamp for this request was 1000ms ahead of the server's time."}
2025-05-14 07:24:28,397 - ERROR - Error in check_order_status: binance {"code":-1021,"msg":"Timestamp for this request was 1000ms ahead of the server's time."}
2025-05-14 07:25:31,652 - ERROR - Error in check_order_status: binance {"code":-1021,"msg":"Timestamp for this request was 1000ms ahead of the server's time."}
2025-05-14 07:26:34,893 - ERROR - Error in check_order_status: binance {"code":-1021,"msg":"Timestamp for this request was 1000ms ahead of the server's time."}
2025-05-14 07:27:38,074 - ERROR - Error in check_order_status: binance {"code":-1021,"msg":"Timestamp for this request was 1000ms ahead of the server's time."}
2025-05-14 07:28:41,282 - ERROR - Error in check_order_status: binance {"code":-1021,"msg":"Timestamp for this request was 1000ms ahead of the server's time."}
2025-05-14 07:29:44,552 - ERROR - Error in check_order_status: binance {"code":-1021,"msg":"Timestamp for this request was 1000ms ahead of the server's time."}
2025-05-14 07:30:47,845 - ERROR - Error in check_order_status: binance {"code":-1021,"msg":"Timestamp for this request was 1000ms ahead of the server's time."}
2025-05-14 07:31:51,088 - ERROR - Error in check_order_status: binance {"code":-1021,"msg":"Timestamp for this request was 1000ms ahead of the server's time."}
2025-05-14 07:32:54,294 - ERROR - Error in check_order_status: binance {"code":-1021,"msg":"Timestamp for this request was 1000ms ahead of the server's time."}
2025-05-14 07:33:57,485 - ERROR - Error in check_order_status: binance {"code":-1021,"msg":"Timestamp for this request was 1000ms ahead of the server's time."}
2025-05-14 07:35:00,682 - ERROR - Error in check_order_status: binance {"code":-1021,"msg":"Timestamp for this request was 1000ms ahead of the server's time."}
2025-05-14 07:36:03,945 - ERROR - Error in check_order_status: binance {"code":-1021,"msg":"Timestamp for this request was 1000ms ahead of the server's time."}
2025-05-14 07:37:07,151 - ERROR - Error in check_order_status: binance {"code":-1021,"msg":"Timestamp for this request was 1000ms ahead of the server's time."}
2025-05-14 07:38:10,344 - ERROR - Error in check_order_status: binance {"code":-1021,"msg":"Timestamp for this request was 1000ms ahead of the server's time."}
2025-05-14 07:39:13,540 - ERROR - Error in check_order_status: binance {"code":-1021,"msg":"Timestamp for this request was 1000ms ahead of the server's time."}
2025-05-14 07:40:16,725 - ERROR - Error in check_order_status: binance {"code":-1021,"msg":"Timestamp for this request was 1000ms ahead of the server's time."}
2025-05-14 07:41:19,977 - ERROR - Error in check_order_status: binance {"code":-1021,"msg":"Timestamp for this request was 1000ms ahead of the server's time."}
2025-05-14 07:42:23,163 - ERROR - Error in check_order_status: binance {"code":-1021,"msg":"Timestamp for this request was 1000ms ahead of the server's time."}
2025-05-14 07:43:26,353 - ERROR - Error in check_order_status: binance {"code":-1021,"msg":"Timestamp for this request was 1000ms ahead of the server's time."}
2025-05-14 07:44:29,547 - ERROR - Error in check_order_status: binance {"code":-1021,"msg":"Timestamp for this request was 1000ms ahead of the server's time."}
2025-05-14 07:45:32,733 - ERROR - Error in check_order_status: binance {"code":-1021,"msg":"Timestamp for this request was 1000ms ahead of the server's time."}
2025-05-14 07:46:35,991 - ERROR - Error in check_order_status: binance {"code":-1021,"msg":"Timestamp for this request was 1000ms ahead of the server's time."}
2025-05-14 07:47:39,189 - ERROR - Error in check_order_status: binance {"code":-1021,"msg":"Timestamp for this request was 1000ms ahead of the server's time."}
2025-05-14 07:48:42,391 - ERROR - Error in check_order_status: binance {"code":-1021,"msg":"Timestamp for this request was 1000ms ahead of the server's time."}
2025-05-14 07:49:45,587 - ERROR - Error in check_order_status: binance {"code":-1021,"msg":"Timestamp for this request was 1000ms ahead of the server's time."}
2025-05-14 07:50:48,796 - ERROR - Error in check_order_status: binance {"code":-1021,"msg":"Timestamp for this request was 1000ms ahead of the server's time."}
2025-05-14 07:51:52,013 - ERROR - Error in check_order_status: binance {"code":-1021,"msg":"Timestamp for this request was 1000ms ahead of the server's time."}
2025-05-14 07:52:55,195 - ERROR - Error in check_order_status: binance {"code":-1021,"msg":"Timestamp for this request was 1000ms ahead of the server's time."}
2025-05-14 07:53:58,389 - ERROR - Error in check_order_status: binance {"code":-1021,"msg":"Timestamp for this request was 1000ms ahead of the server's time."}
2025-05-14 07:55:01,575 - ERROR - Error in check_order_status: binance {"code":-1021,"msg":"Timestamp for this request was 1000ms ahead of the server's time."}
2025-05-14 07:56:04,819 - ERROR - Error in check_order_status: binance {"code":-1021,"msg":"Timestamp for this request was 1000ms ahead of the server's time."}
2025-05-14 07:57:08,075 - ERROR - Error in check_order_status: binance {"code":-1021,"msg":"Timestamp for this request was 1000ms ahead of the server's time."}
2025-05-14 07:58:11,271 - ERROR - Error in check_order_status: binance {"code":-1021,"msg":"Timestamp for this request was 1000ms ahead of the server's time."}
2025-05-14 07:59:14,465 - ERROR - Error in check_order_status: binance {"code":-1021,"msg":"Timestamp for this request was 1000ms ahead of the server's time."}
2025-05-14 08:00:17,636 - ERROR - Error in check_order_status: binance {"code":-1021,"msg":"Timestamp for this request was 1000ms ahead of the server's time."}
2025-05-14 08:01:20,843 - ERROR - Error in check_order_status: binance {"code":-1021,"msg":"Timestamp for this request was 1000ms ahead of the server's time."}
2025-05-14 08:02:24,102 - ERROR - Error in check_order_status: binance {"code":-1021,"msg":"Timestamp for this request was 1000ms ahead of the server's time."}
2025-05-14 08:03:27,294 - ERROR - Error in check_order_status: binance {"code":-1021,"msg":"Timestamp for this request was 1000ms ahead of the server's time."}
2025-05-14 08:04:30,483 - ERROR - Error in check_order_status: binance {"code":-1021,"msg":"Timestamp for this request was 1000ms ahead of the server's time."}
2025-05-14 08:05:33,692 - ERROR - Error in check_order_status: binance {"code":-1021,"msg":"Timestamp for this request was 1000ms ahead of the server's time."}
2025-05-14 08:06:36,891 - ERROR - Error in check_order_status: binance {"code":-1021,"msg":"Timestamp for this request was 1000ms ahead of the server's time."}
2025-05-14 08:07:40,153 - ERROR - Error in check_order_status: binance {"code":-1021,"msg":"Timestamp for this request was 1000ms ahead of the server's time."}
2025-05-14 08:08:43,401 - ERROR - Error in check_order_status: binance {"code":-1021,"msg":"Timestamp for this request was 1000ms ahead of the server's time."}
2025-05-14 08:09:46,581 - ERROR - Error in check_order_status: binance {"code":-1021,"msg":"Timestamp for this request was 1000ms ahead of the server's time."}
2025-05-14 08:10:49,821 - ERROR - Error in check_order_status: binance {"code":-1021,"msg":"Timestamp for this request was 1000ms ahead of the server's time."}
2025-05-14 08:11:53,007 - ERROR - Error in check_order_status: binance {"code":-1021,"msg":"Timestamp for this request was 1000ms ahead of the server's time."}
2025-05-14 08:12:56,269 - ERROR - Error in check_order_status: binance {"code":-1021,"msg":"Timestamp for this request was 1000ms ahead of the server's time."}
2025-05-14 08:13:59,467 - ERROR - Error in check_order_status: binance {"code":-1021,"msg":"Timestamp for this request was 1000ms ahead of the server's time."}
2025-05-14 08:15:02,661 - ERROR - Error in check_order_status: binance {"code":-1021,"msg":"Timestamp for this request was 1000ms ahead of the server's time."}
2025-05-14 08:16:05,853 - ERROR - Error in check_order_status: binance {"code":-1021,"msg":"Timestamp for this request was 1000ms ahead of the server's time."}
2025-05-14 08:17:09,041 - ERROR - Error in check_order_status: binance {"code":-1021,"msg":"Timestamp for this request was 1000ms ahead of the server's time."}
2025-05-14 08:18:12,295 - ERROR - Error in check_order_status: binance {"code":-1021,"msg":"Timestamp for this request was 1000ms ahead of the server's time."}
2025-05-14 08:19:15,484 - ERROR - Error in check_order_status: binance {"code":-1021,"msg":"Timestamp for this request was 1000ms ahead of the server's time."}
2025-05-14 08:20:18,670 - ERROR - Error in check_order_status: binance {"code":-1021,"msg":"Timestamp for this request was 1000ms ahead of the server's time."}
2025-05-14 08:21:21,919 - ERROR - Error in check_order_status: binance {"code":-1021,"msg":"Timestamp for this request was 1000ms ahead of the server's time."}
2025-05-14 08:22:25,142 - ERROR - Error in check_order_status: binance {"code":-1021,"msg":"Timestamp for this request was 1000ms ahead of the server's time."}
2025-05-14 08:23:28,401 - ERROR - Error in check_order_status: binance {"code":-1021,"msg":"Timestamp for this request was 1000ms ahead of the server's time."}
2025-05-14 08:24:31,769 - ERROR - Error in check_order_status: binance {"code":-1021,"msg":"Timestamp for this request was 1000ms ahead of the server's time."}
2025-05-14 08:25:35,124 - ERROR - Error in check_order_status: binance {"code":-1021,"msg":"Timestamp for this request was 1000ms ahead of the server's time."}
2025-05-14 08:26:38,423 - ERROR - Error in check_order_status: binance {"code":-1021,"msg":"Timestamp for this request was 1000ms ahead of the server's time."}
2025-05-14 08:27:41,693 - ERROR - Error in check_order_status: binance {"code":-1021,"msg":"Timestamp for this request was 1000ms ahead of the server's time."}
2025-05-14 08:28:45,083 - ERROR - Error in check_order_status: binance {"code":-1021,"msg":"Timestamp for this request was 1000ms ahead of the server's time."}
2025-05-14 08:29:48,411 - ERROR - Error in check_order_status: binance {"code":-1021,"msg":"Timestamp for this request was 1000ms ahead of the server's time."}
2025-05-14 08:30:51,607 - ERROR - Error in check_order_status: binance {"code":-1021,"msg":"Timestamp for this request was 1000ms ahead of the server's time."}
2025-05-14 08:31:54,983 - ERROR - Error in check_order_status: binance {"code":-1021,"msg":"Timestamp for this request was 1000ms ahead of the server's time."}
2025-05-14 08:32:58,381 - ERROR - Error in check_order_status: binance {"code":-1021,"msg":"Timestamp for this request was 1000ms ahead of the server's time."}
2025-05-14 08:34:01,680 - ERROR - Error in check_order_status: binance {"code":-1021,"msg":"Timestamp for this request was 1000ms ahead of the server's time."}
2025-05-14 08:35:04,918 - ERROR - Error in check_order_status: binance {"code":-1021,"msg":"Timestamp for this request was 1000ms ahead of the server's time."}
2025-05-14 08:36:08,128 - ERROR - Error in check_order_status: binance {"code":-1021,"msg":"Timestamp for this request was 1000ms ahead of the server's time."}
2025-05-14 08:37:11,289 - ERROR - Error in check_order_status: binance {"code":-1021,"msg":"Timestamp for this request was 1000ms ahead of the server's time."}
2025-05-14 08:38:14,519 - ERROR - Error in check_order_status: binance {"code":-1021,"msg":"Timestamp for this request was 1000ms ahead of the server's time."}
2025-05-14 08:39:17,736 - ERROR - Error in check_order_status: binance {"code":-1021,"msg":"Timestamp for this request was 1000ms ahead of the server's time."}
2025-05-14 08:40:20,929 - ERROR - Error in check_order_status: binance {"code":-1021,"msg":"Timestamp for this request was 1000ms ahead of the server's time."}
2025-05-14 08:41:24,130 - ERROR - Error in check_order_status: binance {"code":-1021,"msg":"Timestamp for this request was 1000ms ahead of the server's time."}
2025-05-14 08:42:27,323 - ERROR - Error in check_order_status: binance {"code":-1021,"msg":"Timestamp for this request was 1000ms ahead of the server's time."}
2025-05-14 08:43:30,522 - ERROR - Error in check_order_status: binance {"code":-1021,"msg":"Timestamp for this request was 1000ms ahead of the server's time."}
2025-05-14 08:44:33,771 - ERROR - Error in check_order_status: binance {"code":-1021,"msg":"Timestamp for this request was 1000ms ahead of the server's time."}
2025-05-14 08:45:36,944 - ERROR - Error in check_order_status: binance {"code":-1021,"msg":"Timestamp for this request was 1000ms ahead of the server's time."}
2025-05-14 08:46:40,120 - ERROR - Error in check_order_status: binance {"code":-1021,"msg":"Timestamp for this request was 1000ms ahead of the server's time."}
2025-05-14 08:47:43,306 - ERROR - Error in check_order_status: binance {"code":-1021,"msg":"Timestamp for this request was 1000ms ahead of the server's time."}
2025-05-14 08:48:46,480 - ERROR - Error in check_order_status: binance {"code":-1021,"msg":"Timestamp for this request was 1000ms ahead of the server's time."}
2025-05-14 08:49:49,728 - ERROR - Error in check_order_status: binance {"code":-1021,"msg":"Timestamp for this request was 1000ms ahead of the server's time."}
2025-05-14 08:50:52,913 - ERROR - Error in check_order_status: binance {"code":-1021,"msg":"Timestamp for this request was 1000ms ahead of the server's time."}
2025-05-14 08:51:56,106 - ERROR - Error in check_order_status: binance {"code":-1021,"msg":"Timestamp for this request was 1000ms ahead of the server's time."}
2025-05-14 08:52:59,300 - ERROR - Error in check_order_status: binance {"code":-1021,"msg":"Timestamp for this request was 1000ms ahead of the server's time."}
2025-05-14 08:54:02,472 - ERROR - Error in check_order_status: binance {"code":-1021,"msg":"Timestamp for this request was 1000ms ahead of the server's time."}
2025-05-14 08:55:05,732 - ERROR - Error in check_order_status: binance {"code":-1021,"msg":"Timestamp for this request was 1000ms ahead of the server's time."}
2025-05-14 08:56:08,919 - ERROR - Error in check_order_status: binance {"code":-1021,"msg":"Timestamp for this request was 1000ms ahead of the server's time."}
2025-05-14 08:57:12,115 - ERROR - Error in check_order_status: binance {"code":-1021,"msg":"Timestamp for this request was 1000ms ahead of the server's time."}
2025-05-14 08:58:15,310 - ERROR - Error in check_order_status: binance {"code":-1021,"msg":"Timestamp for this request was 1000ms ahead of the server's time."}
2025-05-14 08:59:18,491 - ERROR - Error in check_order_status: binance {"code":-1021,"msg":"Timestamp for this request was 1000ms ahead of the server's time."}
2025-05-14 09:00:21,734 - ERROR - Error in check_order_status: binance {"code":-1021,"msg":"Timestamp for this request was 1000ms ahead of the server's time."}
2025-05-14 09:01:24,923 - ERROR - Error in check_order_status: binance {"code":-1021,"msg":"Timestamp for this request was 1000ms ahead of the server's time."}
2025-05-14 09:02:28,109 - ERROR - Error in check_order_status: binance {"code":-1021,"msg":"Timestamp for this request was 1000ms ahead of the server's time."}
2025-05-14 09:03:31,313 - ERROR - Error in check_order_status: binance {"code":-1021,"msg":"Timestamp for this request was 1000ms ahead of the server's time."}
2025-05-14 09:04:34,507 - ERROR - Error in check_order_status: binance {"code":-1021,"msg":"Timestamp for this request was 1000ms ahead of the server's time."}
2025-05-14 09:05:37,848 - ERROR - Error in check_order_status: binance {"code":-1021,"msg":"Timestamp for this request was 1000ms ahead of the server's time."}
2025-05-14 09:06:41,039 - ERROR - Error in check_order_status: binance {"code":-1021,"msg":"Timestamp for this request was 1000ms ahead of the server's time."}
2025-05-14 09:07:44,286 - ERROR - Error in check_order_status: binance {"code":-1021,"msg":"Timestamp for this request was 1000ms ahead of the server's time."}
2025-05-14 09:08:47,522 - ERROR - Error in check_order_status: binance {"code":-1021,"msg":"Timestamp for this request was 1000ms ahead of the server's time."}
2025-05-14 09:09:50,710 - ERROR - Error in check_order_status: binance {"code":-1021,"msg":"Timestamp for this request was 1000ms ahead of the server's time."}
2025-05-14 09:10:53,966 - ERROR - Error in check_order_status: binance {"code":-1021,"msg":"Timestamp for this request was 1000ms ahead of the server's time."}
2025-05-14 09:11:57,133 - ERROR - Error in check_order_status: binance {"code":-1021,"msg":"Timestamp for this request was 1000ms ahead of the server's time."}
2025-05-14 09:13:00,311 - ERROR - Error in check_order_status: binance {"code":-1021,"msg":"Timestamp for this request was 1000ms ahead of the server's time."}
2025-05-14 09:14:03,535 - ERROR - Error in check_order_status: binance {"code":-1021,"msg":"Timestamp for this request was 1000ms ahead of the server's time."}
2025-05-14 09:15:06,727 - ERROR - Error in check_order_status: binance {"code":-1021,"msg":"Timestamp for this request was 1000ms ahead of the server's time."}
2025-05-14 09:16:09,981 - ERROR - Error in check_order_status: binance {"code":-1021,"msg":"Timestamp for this request was 1000ms ahead of the server's time."}
2025-05-14 09:17:13,160 - ERROR - Error in check_order_status: binance {"code":-1021,"msg":"Timestamp for this request was 1000ms ahead of the server's time."}
2025-05-14 09:18:16,346 - ERROR - Error in check_order_status: binance {"code":-1021,"msg":"Timestamp for this request was 1000ms ahead of the server's time."}
2025-05-14 09:19:19,525 - ERROR - Error in check_order_status: binance {"code":-1021,"msg":"Timestamp for this request was 1000ms ahead of the server's time."}
2025-05-14 09:20:22,722 - ERROR - Error in check_order_status: binance {"code":-1021,"msg":"Timestamp for this request was 1000ms ahead of the server's time."}
2025-05-14 09:21:26,402 - ERROR - Error in check_order_status: binance {"code":-1021,"msg":"Timestamp for this request was 1000ms ahead of the server's time."}
2025-05-14 09:22:29,597 - ERROR - Error in check_order_status: binance {"code":-1021,"msg":"Timestamp for this request was 1000ms ahead of the server's time."}
2025-05-14 09:23:32,797 - ERROR - Error in check_order_status: binance {"code":-1021,"msg":"Timestamp for this request was 1000ms ahead of the server's time."}
2025-05-14 09:24:35,995 - ERROR - Error in check_order_status: binance {"code":-1021,"msg":"Timestamp for this request was 1000ms ahead of the server's time."}
2025-05-14 09:25:39,183 - ERROR - Error in check_order_status: binance {"code":-1021,"msg":"Timestamp for this request was 1000ms ahead of the server's time."}
2025-05-14 09:26:42,442 - ERROR - Error in check_order_status: binance {"code":-1021,"msg":"Timestamp for this request was 1000ms ahead of the server's time."}
2025-05-14 09:27:45,638 - ERROR - Error in check_order_status: binance {"code":-1021,"msg":"Timestamp for this request was 1000ms ahead of the server's time."}
2025-05-14 09:28:48,838 - ERROR - Error in check_order_status: binance {"code":-1021,"msg":"Timestamp for this request was 1000ms ahead of the server's time."}
2025-05-14 09:29:52,036 - ERROR - Error in check_order_status: binance {"code":-1021,"msg":"Timestamp for this request was 1000ms ahead of the server's time."}
2025-05-14 09:30:55,230 - ERROR - Error in check_order_status: binance {"code":-1021,"msg":"Timestamp for this request was 1000ms ahead of the server's time."}
2025-05-14 09:31:58,504 - ERROR - Error in check_order_status: binance {"code":-1021,"msg":"Timestamp for this request was 1000ms ahead of the server's time."}
2025-05-14 09:33:01,729 - ERROR - Error in check_order_status: binance {"code":-1021,"msg":"Timestamp for this request was 1000ms ahead of the server's time."}
2025-05-14 09:34:04,924 - ERROR - Error in check_order_status: binance {"code":-1021,"msg":"Timestamp for this request was 1000ms ahead of the server's time."}
2025-05-14 09:35:08,123 - ERROR - Error in check_order_status: binance {"code":-1021,"msg":"Timestamp for this request was 1000ms ahead of the server's time."}
2025-05-14 09:36:11,322 - ERROR - Error in check_order_status: binance {"code":-1021,"msg":"Timestamp for this request was 1000ms ahead of the server's time."}
2025-05-14 09:37:14,519 - ERROR - Error in check_order_status: binance {"code":-1021,"msg":"Timestamp for this request was 1000ms ahead of the server's time."}
2025-05-14 09:38:17,775 - ERROR - Error in check_order_status: binance {"code":-1021,"msg":"Timestamp for this request was 1000ms ahead of the server's time."}
2025-05-14 09:39:20,978 - ERROR - Error in check_order_status: binance {"code":-1021,"msg":"Timestamp for this request was 1000ms ahead of the server's time."}
2025-05-14 09:40:24,162 - ERROR - Error in check_order_status: binance {"code":-1021,"msg":"Timestamp for this request was 1000ms ahead of the server's time."}
2025-05-14 09:41:27,353 - ERROR - Error in check_order_status: binance {"code":-1021,"msg":"Timestamp for this request was 1000ms ahead of the server's time."}
2025-05-14 09:42:30,543 - ERROR - Error in check_order_status: binance {"code":-1021,"msg":"Timestamp for this request was 1000ms ahead of the server's time."}
2025-05-14 09:43:33,801 - ERROR - Error in check_order_status: binance {"code":-1021,"msg":"Timestamp for this request was 1000ms ahead of the server's time."}
2025-05-14 09:44:36,991 - ERROR - Error in check_order_status: binance {"code":-1021,"msg":"Timestamp for this request was 1000ms ahead of the server's time."}
2025-05-14 09:45:40,202 - ERROR - Error in check_order_status: binance {"code":-1021,"msg":"Timestamp for this request was 1000ms ahead of the server's time."}
2025-05-14 09:46:43,396 - ERROR - Error in check_order_status: binance {"code":-1021,"msg":"Timestamp for this request was 1000ms ahead of the server's time."}
2025-05-14 09:47:46,581 - ERROR - Error in check_order_status: binance {"code":-1021,"msg":"Timestamp for this request was 1000ms ahead of the server's time."}
2025-05-14 09:48:49,843 - ERROR - Error in check_order_status: binance {"code":-1021,"msg":"Timestamp for this request was 1000ms ahead of the server's time."}
2025-05-14 09:49:53,040 - ERROR - Error in check_order_status: binance {"code":-1021,"msg":"Timestamp for this request was 1000ms ahead of the server's time."}
2025-05-14 09:50:56,238 - ERROR - Error in check_order_status: binance {"code":-1021,"msg":"Timestamp for this request was 1000ms ahead of the server's time."}
2025-05-14 09:51:59,439 - ERROR - Error in check_order_status: binance {"code":-1021,"msg":"Timestamp for this request was 1000ms ahead of the server's time."}
2025-05-14 09:53:02,648 - ERROR - Error in check_order_status: binance {"code":-1021,"msg":"Timestamp for this request was 1000ms ahead of the server's time."}
2025-05-14 09:54:05,902 - ERROR - Error in check_order_status: binance {"code":-1021,"msg":"Timestamp for this request was 1000ms ahead of the server's time."}
2025-05-14 09:55:09,105 - ERROR - Error in check_order_status: binance {"code":-1021,"msg":"Timestamp for this request was 1000ms ahead of the server's time."}
2025-05-14 09:56:12,287 - ERROR - Error in check_order_status: binance {"code":-1021,"msg":"Timestamp for this request was 1000ms ahead of the server's time."}
2025-05-14 09:57:15,479 - ERROR - Error in check_order_status: binance {"code":-1021,"msg":"Timestamp for this request was 1000ms ahead of the server's time."}
2025-05-14 09:58:18,681 - ERROR - Error in check_order_status: binance {"code":-1021,"msg":"Timestamp for this request was 1000ms ahead of the server's time."}
2025-05-14 09:59:21,939 - ERROR - Error in check_order_status: binance {"code":-1021,"msg":"Timestamp for this request was 1000ms ahead of the server's time."}
2025-05-14 10:00:25,140 - ERROR - Error in check_order_status: binance {"code":-1021,"msg":"Timestamp for this request was 1000ms ahead of the server's time."}
2025-05-14 10:01:28,340 - ERROR - Error in check_order_status: binance {"code":-1021,"msg":"Timestamp for this request was 1000ms ahead of the server's time."}
2025-05-14 10:02:31,514 - ERROR - Error in check_order_status: binance {"code":-1021,"msg":"Timestamp for this request was 1000ms ahead of the server's time."}
2025-05-14 10:03:34,705 - ERROR - Error in check_order_status: binance {"code":-1021,"msg":"Timestamp for this request was 1000ms ahead of the server's time."}
2025-05-14 10:04:37,966 - ERROR - Error in check_order_status: binance {"code":-1021,"msg":"Timestamp for this request was 1000ms ahead of the server's time."}
2025-05-14 10:05:41,162 - ERROR - Error in check_order_status: binance {"code":-1021,"msg":"Timestamp for this request was 1000ms ahead of the server's time."}
2025-05-14 10:06:44,346 - ERROR - Error in check_order_status: binance {"code":-1021,"msg":"Timestamp for this request was 1000ms ahead of the server's time."}
2025-05-14 10:07:47,530 - ERROR - Error in check_order_status: binance {"code":-1021,"msg":"Timestamp for this request was 1000ms ahead of the server's time."}
2025-05-14 10:08:50,720 - ERROR - Error in check_order_status: binance {"code":-1021,"msg":"Timestamp for this request was 1000ms ahead of the server's time."}
2025-05-14 10:09:53,928 - ERROR - Error in check_order_status: binance {"code":-1021,"msg":"Timestamp for this request was 1000ms ahead of the server's time."}
2025-05-14 10:10:57,125 - ERROR - Error in check_order_status: binance {"code":-1021,"msg":"Timestamp for this request was 1000ms ahead of the server's time."}
2025-05-14 10:12:00,283 - ERROR - Error in check_order_status: binance {"code":-1021,"msg":"Timestamp for this request was 1000ms ahead of the server's time."}
2025-05-14 10:13:03,442 - ERROR - Error in check_order_status: binance {"code":-1021,"msg":"Timestamp for this request was 1000ms ahead of the server's time."}
2025-05-14 10:14:06,648 - ERROR - Error in check_order_status: binance {"code":-1021,"msg":"Timestamp for this request was 1000ms ahead of the server's time."}
2025-05-14 10:15:09,892 - ERROR - Error in check_order_status: binance {"code":-1021,"msg":"Timestamp for this request was 1000ms ahead of the server's time."}
2025-05-14 10:16:13,092 - ERROR - Error in check_order_status: binance {"code":-1021,"msg":"Timestamp for this request was 1000ms ahead of the server's time."}
2025-05-14 10:17:16,276 - ERROR - Error in check_order_status: binance {"code":-1021,"msg":"Timestamp for this request was 1000ms ahead of the server's time."}
2025-05-14 10:18:19,461 - ERROR - Error in check_order_status: binance {"code":-1021,"msg":"Timestamp for this request was 1000ms ahead of the server's time."}
2025-05-14 10:19:22,647 - ERROR - Error in check_order_status: binance {"code":-1021,"msg":"Timestamp for this request was 1000ms ahead of the server's time."}
2025-05-14 10:20:25,883 - ERROR - Error in check_order_status: binance {"code":-1021,"msg":"Timestamp for this request was 1000ms ahead of the server's time."}
2025-05-14 10:21:29,016 - ERROR - Error in check_order_status: binance {"code":-1021,"msg":"Timestamp for this request was 1000ms ahead of the server's time."}
2025-05-14 10:22:32,211 - ERROR - Error in check_order_status: binance {"code":-1021,"msg":"Timestamp for this request was 1000ms ahead of the server's time."}
2025-05-14 10:23:35,410 - ERROR - Error in check_order_status: binance {"code":-1021,"msg":"Timestamp for this request was 1000ms ahead of the server's time."}
2025-05-14 10:24:38,593 - ERROR - Error in check_order_status: binance {"code":-1021,"msg":"Timestamp for this request was 1000ms ahead of the server's time."}
2025-05-14 10:25:41,839 - ERROR - Error in check_order_status: binance {"code":-1021,"msg":"Timestamp for this request was 1000ms ahead of the server's time."}
2025-05-14 10:26:45,018 - ERROR - Error in check_order_status: binance {"code":-1021,"msg":"Timestamp for this request was 1000ms ahead of the server's time."}
2025-05-14 10:27:48,209 - ERROR - Error in check_order_status: binance {"code":-1021,"msg":"Timestamp for this request was 1000ms ahead of the server's time."}
2025-05-14 10:28:51,402 - ERROR - Error in check_order_status: binance {"code":-1021,"msg":"Timestamp for this request was 1000ms ahead of the server's time."}
2025-05-14 10:29:54,589 - ERROR - Error in check_order_status: binance {"code":-1021,"msg":"Timestamp for this request was 1000ms ahead of the server's time."}
2025-05-14 10:30:57,849 - ERROR - Error in check_order_status: binance {"code":-1021,"msg":"Timestamp for this request was 1000ms ahead of the server's time."}
2025-05-14 10:32:01,077 - ERROR - Error in check_order_status: binance {"code":-1021,"msg":"Timestamp for this request was 1000ms ahead of the server's time."}
2025-05-14 10:33:04,261 - ERROR - Error in check_order_status: binance {"code":-1021,"msg":"Timestamp for this request was 1000ms ahead of the server's time."}
2025-05-14 10:34:07,456 - ERROR - Error in check_order_status: binance {"code":-1021,"msg":"Timestamp for this request was 1000ms ahead of the server's time."}
2025-05-14 10:35:10,618 - ERROR - Error in check_order_status: binance {"code":-1021,"msg":"Timestamp for this request was 1000ms ahead of the server's time."}
2025-05-14 10:36:13,889 - ERROR - Error in check_order_status: binance {"code":-1021,"msg":"Timestamp for this request was 1000ms ahead of the server's time."}
2025-05-14 10:37:17,073 - ERROR - Error in check_order_status: binance {"code":-1021,"msg":"Timestamp for this request was 1000ms ahead of the server's time."}
2025-05-14 10:38:20,260 - ERROR - Error in check_order_status: binance {"code":-1021,"msg":"Timestamp for this request was 1000ms ahead of the server's time."}
2025-05-14 10:39:23,449 - ERROR - Error in check_order_status: binance {"code":-1021,"msg":"Timestamp for this request was 1000ms ahead of the server's time."}
2025-05-14 10:40:26,651 - ERROR - Error in check_order_status: binance {"code":-1021,"msg":"Timestamp for this request was 1000ms ahead of the server's time."}
2025-05-14 10:41:29,916 - ERROR - Error in check_order_status: binance {"code":-1021,"msg":"Timestamp for this request was 1000ms ahead of the server's time."}
2025-05-14 10:42:33,120 - ERROR - Error in check_order_status: binance {"code":-1021,"msg":"Timestamp for this request was 1000ms ahead of the server's time."}
2025-05-14 10:43:36,326 - ERROR - Error in check_order_status: binance {"code":-1021,"msg":"Timestamp for this request was 1000ms ahead of the server's time."}
2025-05-14 10:44:39,525 - ERROR - Error in check_order_status: binance {"code":-1021,"msg":"Timestamp for this request was 1000ms ahead of the server's time."}
2025-05-14 10:45:42,725 - ERROR - Error in check_order_status: binance {"code":-1021,"msg":"Timestamp for this request was 1000ms ahead of the server's time."}
2025-05-14 10:46:45,989 - ERROR - Error in check_order_status: binance {"code":-1021,"msg":"Timestamp for this request was 1000ms ahead of the server's time."}
2025-05-14 10:47:49,176 - ERROR - Error in check_order_status: binance {"code":-1021,"msg":"Timestamp for this request was 1000ms ahead of the server's time."}
2025-05-14 10:48:52,367 - ERROR - Error in check_order_status: binance {"code":-1021,"msg":"Timestamp for this request was 1000ms ahead of the server's time."}
2025-05-14 10:49:55,564 - ERROR - Error in check_order_status: binance {"code":-1021,"msg":"Timestamp for this request was 1000ms ahead of the server's time."}
2025-05-14 10:50:58,744 - ERROR - Error in check_order_status: binance {"code":-1021,"msg":"Timestamp for this request was 1000ms ahead of the server's time."}
2025-05-14 10:52:01,961 - ERROR - Error in check_order_status: binance {"code":-1021,"msg":"Timestamp for this request was 1000ms ahead of the server's time."}
2025-05-14 10:53:05,152 - ERROR - Error in check_order_status: binance {"code":-1021,"msg":"Timestamp for this request was 1000ms ahead of the server's time."}
2025-05-14 10:54:08,336 - ERROR - Error in check_order_status: binance {"code":-1021,"msg":"Timestamp for this request was 1000ms ahead of the server's time."}
2025-05-14 10:55:11,529 - ERROR - Error in check_order_status: binance {"code":-1021,"msg":"Timestamp for this request was 1000ms ahead of the server's time."}
2025-05-14 10:56:14,709 - ERROR - Error in check_order_status: binance {"code":-1021,"msg":"Timestamp for this request was 1000ms ahead of the server's time."}
2025-05-14 10:57:18,025 - ERROR - Error in check_order_status: binance {"code":-1021,"msg":"Timestamp for this request was 1000ms ahead of the server's time."}
2025-05-14 10:58:21,221 - ERROR - Error in check_order_status: binance {"code":-1021,"msg":"Timestamp for this request was 1000ms ahead of the server's time."}
2025-05-14 10:59:24,413 - ERROR - Error in check_order_status: binance {"code":-1021,"msg":"Timestamp for this request was 1000ms ahead of the server's time."}
2025-05-14 11:00:27,612 - ERROR - Error in check_order_status: binance {"code":-1021,"msg":"Timestamp for this request was 1000ms ahead of the server's time."}
2025-05-14 11:01:30,813 - ERROR - Error in check_order_status: binance {"code":-1021,"msg":"Timestamp for this request was 1000ms ahead of the server's time."}
2025-05-14 11:02:34,063 - ERROR - Error in check_order_status: binance {"code":-1021,"msg":"Timestamp for this request was 1000ms ahead of the server's time."}
2025-05-14 11:03:37,254 - ERROR - Error in check_order_status: binance {"code":-1021,"msg":"Timestamp for this request was 1000ms ahead of the server's time."}
2025-05-14 11:04:40,450 - ERROR - Error in check_order_status: binance {"code":-1021,"msg":"Timestamp for this request was 1000ms ahead of the server's time."}
2025-05-14 11:05:43,724 - ERROR - Error in check_order_status: binance {"code":-1021,"msg":"Timestamp for this request was 1000ms ahead of the server's time."}
2025-05-14 11:06:46,965 - ERROR - Error in check_order_status: binance {"code":-1021,"msg":"Timestamp for this request was 1000ms ahead of the server's time."}
2025-05-14 11:07:50,323 - ERROR - Error in check_order_status: binance {"code":-1021,"msg":"Timestamp for this request was 1000ms ahead of the server's time."}
2025-05-14 11:08:53,649 - ERROR - Error in check_order_status: binance {"code":-1021,"msg":"Timestamp for this request was 1000ms ahead of the server's time."}
2025-05-14 11:09:56,898 - ERROR - Error in check_order_status: binance {"code":-1021,"msg":"Timestamp for this request was 1000ms ahead of the server's time."}
2025-05-14 11:11:00,158 - ERROR - Error in check_order_status: binance {"code":-1021,"msg":"Timestamp for this request was 1000ms ahead of the server's time."}
2025-05-14 11:12:03,354 - ERROR - Error in check_order_status: binance {"code":-1021,"msg":"Timestamp for this request was 1000ms ahead of the server's time."}
2025-05-14 11:13:06,611 - ERROR - Error in check_order_status: binance {"code":-1021,"msg":"Timestamp for this request was 1000ms ahead of the server's time."}
2025-05-14 11:14:09,777 - ERROR - Error in check_order_status: binance {"code":-1021,"msg":"Timestamp for this request was 1000ms ahead of the server's time."}
2025-05-14 11:15:12,979 - ERROR - Error in check_order_status: binance {"code":-1021,"msg":"Timestamp for this request was 1000ms ahead of the server's time."}
2025-05-14 11:16:16,167 - ERROR - Error in check_order_status: binance {"code":-1021,"msg":"Timestamp for this request was 1000ms ahead of the server's time."}
2025-05-14 11:17:19,412 - ERROR - Error in check_order_status: binance {"code":-1021,"msg":"Timestamp for this request was 1000ms ahead of the server's time."}
2025-05-14 11:18:22,716 - ERROR - Error in check_order_status: binance {"code":-1021,"msg":"Timestamp for this request was 1000ms ahead of the server's time."}
2025-05-14 11:19:26,004 - ERROR - Error in check_order_status: binance {"code":-1021,"msg":"Timestamp for this request was 1000ms ahead of the server's time."}
2025-05-14 11:20:29,248 - ERROR - Error in check_order_status: binance {"code":-1021,"msg":"Timestamp for this request was 1000ms ahead of the server's time."}
2025-05-14 11:21:32,433 - ERROR - Error in check_order_status: binance {"code":-1021,"msg":"Timestamp for this request was 1000ms ahead of the server's time."}
2025-05-14 11:22:35,672 - ERROR - Error in check_order_status: binance {"code":-1021,"msg":"Timestamp for this request was 1000ms ahead of the server's time."}
2025-05-14 11:23:38,926 - ERROR - Error in check_order_status: binance {"code":-1021,"msg":"Timestamp for this request was 1000ms ahead of the server's time."}
2025-05-14 11:24:42,131 - ERROR - Error in check_order_status: binance {"code":-1021,"msg":"Timestamp for this request was 1000ms ahead of the server's time."}
2025-05-14 11:25:45,318 - ERROR - Error in check_order_status: binance {"code":-1021,"msg":"Timestamp for this request was 1000ms ahead of the server's time."}
2025-05-14 11:26:48,550 - ERROR - Error in check_order_status: binance {"code":-1021,"msg":"Timestamp for this request was 1000ms ahead of the server's time."}
2025-05-14 11:27:51,769 - ERROR - Error in check_order_status: binance {"code":-1021,"msg":"Timestamp for this request was 1000ms ahead of the server's time."}
2025-05-14 11:28:55,120 - ERROR - Error in check_order_status: binance {"code":-1021,"msg":"Timestamp for this request was 1000ms ahead of the server's time."}
2025-05-14 11:29:58,318 - ERROR - Error in check_order_status: binance {"code":-1021,"msg":"Timestamp for this request was 1000ms ahead of the server's time."}
2025-05-14 11:31:01,512 - ERROR - Error in check_order_status: binance {"code":-1021,"msg":"Timestamp for this request was 1000ms ahead of the server's time."}
2025-05-14 11:32:04,819 - ERROR - Error in check_order_status: binance {"code":-1021,"msg":"Timestamp for this request was 1000ms ahead of the server's time."}
2025-05-14 11:33:08,115 - ERROR - Error in check_order_status: binance {"code":-1021,"msg":"Timestamp for this request was 1000ms ahead of the server's time."}
2025-05-14 11:34:11,417 - ERROR - Error in check_order_status: binance {"code":-1021,"msg":"Timestamp for this request was 1000ms ahead of the server's time."}
2025-05-14 11:35:14,656 - ERROR - Error in check_order_status: binance {"code":-1021,"msg":"Timestamp for this request was 1000ms ahead of the server's time."}
2025-05-14 11:36:17,937 - ERROR - Error in check_order_status: binance {"code":-1021,"msg":"Timestamp for this request was 1000ms ahead of the server's time."}
2025-05-14 11:37:21,217 - ERROR - Error in check_order_status: binance {"code":-1021,"msg":"Timestamp for this request was 1000ms ahead of the server's time."}
2025-05-14 11:38:24,505 - ERROR - Error in check_order_status: binance {"code":-1021,"msg":"Timestamp for this request was 1000ms ahead of the server's time."}
2025-05-14 11:39:27,809 - ERROR - Error in check_order_status: binance {"code":-1021,"msg":"Timestamp for this request was 1000ms ahead of the server's time."}
2025-05-14 11:40:31,139 - ERROR - Error in check_order_status: binance {"code":-1021,"msg":"Timestamp for this request was 1000ms ahead of the server's time."}
2025-05-14 11:41:34,405 - ERROR - Error in check_order_status: binance {"code":-1021,"msg":"Timestamp for this request was 1000ms ahead of the server's time."}
2025-05-14 11:42:37,645 - ERROR - Error in check_order_status: binance {"code":-1021,"msg":"Timestamp for this request was 1000ms ahead of the server's time."}
2025-05-14 11:43:40,862 - ERROR - Error in check_order_status: binance {"code":-1021,"msg":"Timestamp for this request was 1000ms ahead of the server's time."}
2025-05-14 11:44:44,165 - ERROR - Error in check_order_status: binance {"code":-1021,"msg":"Timestamp for this request was 1000ms ahead of the server's time."}
2025-05-14 11:45:47,361 - ERROR - Error in check_order_status: binance {"code":-1021,"msg":"Timestamp for this request was 1000ms ahead of the server's time."}
2025-05-14 11:46:50,586 - ERROR - Error in check_order_status: binance {"code":-1021,"msg":"Timestamp for this request was 1000ms ahead of the server's time."}
2025-05-14 11:47:53,824 - ERROR - Error in check_order_status: binance {"code":-1021,"msg":"Timestamp for this request was 1000ms ahead of the server's time."}
2025-05-14 11:48:57,023 - ERROR - Error in check_order_status: binance {"code":-1021,"msg":"Timestamp for this request was 1000ms ahead of the server's time."}
2025-05-14 11:50:00,274 - ERROR - Error in check_order_status: binance {"code":-1021,"msg":"Timestamp for this request was 1000ms ahead of the server's time."}
2025-05-14 11:51:03,455 - ERROR - Error in check_order_status: binance {"code":-1021,"msg":"Timestamp for this request was 1000ms ahead of the server's time."}
2025-05-14 11:52:06,723 - ERROR - Error in check_order_status: binance {"code":-1021,"msg":"Timestamp for this request was 1000ms ahead of the server's time."}
2025-05-14 11:53:09,921 - ERROR - Error in check_order_status: binance {"code":-1021,"msg":"Timestamp for this request was 1000ms ahead of the server's time."}
2025-05-14 11:54:13,129 - ERROR - Error in check_order_status: binance {"code":-1021,"msg":"Timestamp for this request was 1000ms ahead of the server's time."}
2025-05-14 11:55:16,488 - ERROR - Error in check_order_status: binance {"code":-1021,"msg":"Timestamp for this request was 1000ms ahead of the server's time."}
2025-05-14 11:56:19,680 - ERROR - Error in check_order_status: binance {"code":-1021,"msg":"Timestamp for this request was 1000ms ahead of the server's time."}
2025-05-14 11:57:22,878 - ERROR - Error in check_order_status: binance {"code":-1021,"msg":"Timestamp for this request was 1000ms ahead of the server's time."}
2025-05-14 11:58:26,077 - ERROR - Error in check_order_status: binance {"code":-1021,"msg":"Timestamp for this request was 1000ms ahead of the server's time."}
2025-05-14 11:59:29,278 - ERROR - Error in check_order_status: binance {"code":-1021,"msg":"Timestamp for this request was 1000ms ahead of the server's time."}
2025-05-14 12:00:32,550 - ERROR - Error in check_order_status: binance {"code":-1021,"msg":"Timestamp for this request was 1000ms ahead of the server's time."}
2025-05-14 12:01:35,735 - ERROR - Error in check_order_status: binance {"code":-1021,"msg":"Timestamp for this request was 1000ms ahead of the server's time."}
2025-05-14 12:02:38,923 - ERROR - Error in check_order_status: binance {"code":-1021,"msg":"Timestamp for this request was 1000ms ahead of the server's time."}
2025-05-14 12:03:42,288 - ERROR - Error in check_order_status: binance {"code":-1021,"msg":"Timestamp for this request was 1000ms ahead of the server's time."}
2025-05-14 12:04:45,730 - ERROR - Error in check_order_status: binance {"code":-1021,"msg":"Timestamp for this request was 1000ms ahead of the server's time."}
2025-05-14 12:05:49,036 - ERROR - Error in check_order_status: binance {"code":-1021,"msg":"Timestamp for this request was 1000ms ahead of the server's time."}
2025-05-14 12:06:52,326 - ERROR - Error in check_order_status: binance {"code":-1021,"msg":"Timestamp for this request was 1000ms ahead of the server's time."}
2025-05-14 12:07:55,754 - ERROR - Error in check_order_status: binance {"code":-1021,"msg":"Timestamp for this request was 1000ms ahead of the server's time."}
2025-05-14 12:08:59,189 - ERROR - Error in check_order_status: binance {"code":-1021,"msg":"Timestamp for this request was 1000ms ahead of the server's time."}
2025-05-14 12:10:02,425 - ERROR - Error in check_order_status: binance {"code":-1021,"msg":"Timestamp for this request was 1000ms ahead of the server's time."}
2025-05-14 12:11:05,734 - ERROR - Error in check_order_status: binance {"code":-1021,"msg":"Timestamp for this request was 1000ms ahead of the server's time."}
2025-05-14 12:12:09,214 - ERROR - Error in check_order_status: binance {"code":-1021,"msg":"Timestamp for this request was 1000ms ahead of the server's time."}
2025-05-14 12:13:12,672 - ERROR - Error in check_order_status: binance {"code":-1021,"msg":"Timestamp for this request was 1000ms ahead of the server's time."}
2025-05-14 12:14:16,286 - ERROR - Error in check_order_status: binance {"code":-1021,"msg":"Timestamp for this request was 1000ms ahead of the server's time."}
2025-05-14 12:15:19,591 - ERROR - Error in check_order_status: binance {"code":-1021,"msg":"Timestamp for this request was 1000ms ahead of the server's time."}
2025-05-14 12:16:22,940 - ERROR - Error in check_order_status: binance {"code":-1021,"msg":"Timestamp for this request was 1000ms ahead of the server's time."}
2025-05-14 12:17:26,401 - ERROR - Error in check_order_status: binance {"code":-1021,"msg":"Timestamp for this request was 1000ms ahead of the server's time."}
2025-05-14 12:18:29,876 - ERROR - Error in check_order_status: binance {"code":-1021,"msg":"Timestamp for this request was 1000ms ahead of the server's time."}
2025-05-14 12:19:33,252 - ERROR - Error in check_order_status: binance {"code":-1021,"msg":"Timestamp for this request was 1000ms ahead of the server's time."}
2025-05-14 12:20:36,767 - ERROR - Error in check_order_status: binance {"code":-1021,"msg":"Timestamp for this request was 1000ms ahead of the server's time."}
2025-05-14 12:21:40,316 - ERROR - Error in check_order_status: binance {"code":-1021,"msg":"Timestamp for this request was 1000ms ahead of the server's time."}
2025-05-14 12:22:43,808 - ERROR - Error in check_order_status: binance {"code":-1021,"msg":"Timestamp for this request was 1000ms ahead of the server's time."}
2025-05-14 12:23:47,317 - ERROR - Error in check_order_status: binance {"code":-1021,"msg":"Timestamp for this request was 1000ms ahead of the server's time."}
2025-05-14 12:24:50,830 - ERROR - Error in check_order_status: binance {"code":-1021,"msg":"Timestamp for this request was 1000ms ahead of the server's time."}
2025-05-14 12:25:54,327 - ERROR - Error in check_order_status: binance {"code":-1021,"msg":"Timestamp for this request was 1000ms ahead of the server's time."}
2025-05-14 12:26:58,233 - ERROR - Error in check_order_status: binance {"code":-1021,"msg":"Timestamp for this request was 1000ms ahead of the server's time."}
2025-05-14 12:28:01,750 - ERROR - Error in check_order_status: binance {"code":-1021,"msg":"Timestamp for this request was 1000ms ahead of the server's time."}
2025-05-14 12:29:05,258 - ERROR - Error in check_order_status: binance {"code":-1021,"msg":"Timestamp for this request was 1000ms ahead of the server's time."}
2025-05-14 12:30:08,779 - ERROR - Error in check_order_status: binance {"code":-1021,"msg":"Timestamp for this request was 1000ms ahead of the server's time."}
2025-05-14 12:31:12,285 - ERROR - Error in check_order_status: binance {"code":-1021,"msg":"Timestamp for this request was 1000ms ahead of the server's time."}
2025-05-14 12:32:15,555 - ERROR - Error in check_order_status: binance {"code":-1021,"msg":"Timestamp for this request was 1000ms ahead of the server's time."}
2025-05-14 12:33:18,738 - ERROR - Error in check_order_status: binance {"code":-1021,"msg":"Timestamp for this request was 1000ms ahead of the server's time."}
2025-05-14 12:34:21,937 - ERROR - Error in check_order_status: binance {"code":-1021,"msg":"Timestamp for this request was 1000ms ahead of the server's time."}
2025-05-14 12:35:25,082 - ERROR - Error in check_order_status: binance {"code":-1021,"msg":"Timestamp for this request was 1000ms ahead of the server's time."}
2025-05-14 12:36:28,277 - ERROR - Error in check_order_status: binance {"code":-1021,"msg":"Timestamp for this request was 1000ms ahead of the server's time."}
2025-05-14 12:37:31,538 - ERROR - Error in check_order_status: binance {"code":-1021,"msg":"Timestamp for this request was 1000ms ahead of the server's time."}
2025-05-14 12:38:34,726 - ERROR - Error in check_order_status: binance {"code":-1021,"msg":"Timestamp for this request was 1000ms ahead of the server's time."}
2025-05-14 12:39:37,923 - ERROR - Error in check_order_status: binance {"code":-1021,"msg":"Timestamp for this request was 1000ms ahead of the server's time."}
2025-05-14 12:40:41,113 - ERROR - Error in check_order_status: binance {"code":-1021,"msg":"Timestamp for this request was 1000ms ahead of the server's time."}
2025-05-14 12:41:44,308 - ERROR - Error in check_order_status: binance {"code":-1021,"msg":"Timestamp for this request was 1000ms ahead of the server's time."}
2025-05-14 12:42:47,571 - ERROR - Error in check_order_status: binance {"code":-1021,"msg":"Timestamp for this request was 1000ms ahead of the server's time."}
2025-05-14 12:43:50,775 - ERROR - Error in check_order_status: binance {"code":-1021,"msg":"Timestamp for this request was 1000ms ahead of the server's time."}
2025-05-14 12:44:53,958 - ERROR - Error in check_order_status: binance {"code":-1021,"msg":"Timestamp for this request was 1000ms ahead of the server's time."}
2025-05-14 12:45:57,166 - ERROR - Error in check_order_status: binance {"code":-1021,"msg":"Timestamp for this request was 1000ms ahead of the server's time."}
2025-05-14 12:47:00,375 - ERROR - Error in check_order_status: binance {"code":-1021,"msg":"Timestamp for this request was 1000ms ahead of the server's time."}
2025-05-14 12:48:03,628 - ERROR - Error in check_order_status: binance {"code":-1021,"msg":"Timestamp for this request was 1000ms ahead of the server's time."}
2025-05-14 12:49:06,833 - ERROR - Error in check_order_status: binance {"code":-1021,"msg":"Timestamp for this request was 1000ms ahead of the server's time."}
2025-05-14 12:50:09,987 - ERROR - Error in check_order_status: binance {"code":-1021,"msg":"Timestamp for this request was 1000ms ahead of the server's time."}
2025-05-14 12:51:13,192 - ERROR - Error in check_order_status: binance {"code":-1021,"msg":"Timestamp for this request was 1000ms ahead of the server's time."}
2025-05-14 12:52:16,385 - ERROR - Error in check_order_status: binance {"code":-1021,"msg":"Timestamp for this request was 1000ms ahead of the server's time."}
2025-05-14 12:53:19,648 - ERROR - Error in check_order_status: binance {"code":-1021,"msg":"Timestamp for this request was 1000ms ahead of the server's time."}
2025-05-14 12:54:22,841 - ERROR - Error in check_order_status: binance {"code":-1021,"msg":"Timestamp for this request was 1000ms ahead of the server's time."}
2025-05-14 12:55:26,036 - ERROR - Error in check_order_status: binance {"code":-1021,"msg":"Timestamp for this request was 1000ms ahead of the server's time."}
2025-05-14 12:56:29,231 - ERROR - Error in check_order_status: binance {"code":-1021,"msg":"Timestamp for this request was 1000ms ahead of the server's time."}
2025-05-14 12:57:32,418 - ERROR - Error in check_order_status: binance {"code":-1021,"msg":"Timestamp for this request was 1000ms ahead of the server's time."}
2025-05-14 12:58:35,670 - ERROR - Error in check_order_status: binance {"code":-1021,"msg":"Timestamp for this request was 1000ms ahead of the server's time."}
2025-05-14 12:59:38,866 - ERROR - Error in check_order_status: binance {"code":-1021,"msg":"Timestamp for this request was 1000ms ahead of the server's time."}
2025-05-14 13:00:42,059 - ERROR - Error in check_order_status: binance {"code":-1021,"msg":"Timestamp for this request was 1000ms ahead of the server's time."}
2025-05-14 13:01:45,256 - ERROR - Error in check_order_status: binance {"code":-1021,"msg":"Timestamp for this request was 1000ms ahead of the server's time."}
2025-05-14 13:02:48,446 - ERROR - Error in check_order_status: binance {"code":-1021,"msg":"Timestamp for this request was 1000ms ahead of the server's time."}
2025-05-14 13:03:51,676 - ERROR - Error in check_order_status: binance {"code":-1021,"msg":"Timestamp for this request was 1000ms ahead of the server's time."}
2025-05-14 13:04:54,874 - ERROR - Error in check_order_status: binance {"code":-1021,"msg":"Timestamp for this request was 1000ms ahead of the server's time."}
2025-05-14 13:05:58,071 - ERROR - Error in check_order_status: binance {"code":-1021,"msg":"Timestamp for this request was 1000ms ahead of the server's time."}
2025-05-14 13:07:01,254 - ERROR - Error in check_order_status: binance {"code":-1021,"msg":"Timestamp for this request was 1000ms ahead of the server's time."}
2025-05-14 13:08:04,428 - ERROR - Error in check_order_status: binance {"code":-1021,"msg":"Timestamp for this request was 1000ms ahead of the server's time."}
2025-05-14 13:09:07,857 - ERROR - Error in check_order_status: binance {"code":-1021,"msg":"Timestamp for this request was 1000ms ahead of the server's time."}
2025-05-14 13:10:11,032 - ERROR - Error in check_order_status: binance {"code":-1021,"msg":"Timestamp for this request was 1000ms ahead of the server's time."}
2025-05-14 13:11:14,510 - ERROR - Error in check_order_status: binance {"code":-1021,"msg":"Timestamp for this request was 1000ms ahead of the server's time."}
2025-05-14 13:12:17,709 - ERROR - Error in check_order_status: binance {"code":-1021,"msg":"Timestamp for this request was 1000ms ahead of the server's time."}
2025-05-14 13:13:20,908 - ERROR - Error in check_order_status: binance {"code":-1021,"msg":"Timestamp for this request was 1000ms ahead of the server's time."}
2025-05-14 13:14:24,170 - ERROR - Error in check_order_status: binance {"code":-1021,"msg":"Timestamp for this request was 1000ms ahead of the server's time."}
2025-05-14 13:15:27,352 - ERROR - Error in check_order_status: binance {"code":-1021,"msg":"Timestamp for this request was 1000ms ahead of the server's time."}
2025-05-14 13:16:30,537 - ERROR - Error in check_order_status: binance {"code":-1021,"msg":"Timestamp for this request was 1000ms ahead of the server's time."}
2025-05-14 13:17:33,720 - ERROR - Error in check_order_status: binance {"code":-1021,"msg":"Timestamp for this request was 1000ms ahead of the server's time."}
2025-05-14 13:18:36,924 - ERROR - Error in check_order_status: binance {"code":-1021,"msg":"Timestamp for this request was 1000ms ahead of the server's time."}
2025-05-14 13:19:40,182 - ERROR - Error in check_order_status: binance {"code":-1021,"msg":"Timestamp for this request was 1000ms ahead of the server's time."}
2025-05-14 13:20:43,367 - ERROR - Error in check_order_status: binance {"code":-1021,"msg":"Timestamp for this request was 1000ms ahead of the server's time."}
2025-05-14 13:21:46,569 - ERROR - Error in check_order_status: binance {"code":-1021,"msg":"Timestamp for this request was 1000ms ahead of the server's time."}
2025-05-14 13:22:49,881 - ERROR - Error in check_order_status: binance {"code":-1021,"msg":"Timestamp for this request was 1000ms ahead of the server's time."}
2025-05-14 13:23:53,408 - ERROR - Error in check_order_status: binance {"code":-1021,"msg":"Timestamp for this request was 1000ms ahead of the server's time."}
2025-05-14 13:24:56,959 - ERROR - Error in check_order_status: binance {"code":-1021,"msg":"Timestamp for this request was 1000ms ahead of the server's time."}
2025-05-14 13:26:00,298 - ERROR - Error in check_order_status: binance {"code":-1021,"msg":"Timestamp for this request was 1000ms ahead of the server's time."}
2025-05-14 13:27:03,988 - ERROR - Error in check_order_status: binance {"code":-1021,"msg":"Timestamp for this request was 1000ms ahead of the server's time."}
2025-05-14 13:28:07,341 - ERROR - Error in check_order_status: binance {"code":-1021,"msg":"Timestamp for this request was 1000ms ahead of the server's time."}
2025-05-14 13:29:10,701 - ERROR - Error in check_order_status: binance {"code":-1021,"msg":"Timestamp for this request was 1000ms ahead of the server's time."}
2025-05-14 13:30:14,111 - ERROR - Error in check_order_status: binance {"code":-1021,"msg":"Timestamp for this request was 1000ms ahead of the server's time."}
2025-05-14 13:31:17,796 - ERROR - Error in check_order_status: binance {"code":-1021,"msg":"Timestamp for this request was 1000ms ahead of the server's time."}
2025-05-14 13:32:21,139 - ERROR - Error in check_order_status: binance {"code":-1021,"msg":"Timestamp for this request was 1000ms ahead of the server's time."}
2025-05-14 13:33:24,570 - ERROR - Error in check_order_status: binance {"code":-1021,"msg":"Timestamp for this request was 1000ms ahead of the server's time."}
2025-05-14 13:34:28,002 - ERROR - Error in check_order_status: binance {"code":-1021,"msg":"Timestamp for this request was 1000ms ahead of the server's time."}
2025-05-14 13:35:31,552 - ERROR - Error in check_order_status: binance {"code":-1021,"msg":"Timestamp for this request was 1000ms ahead of the server's time."}
2025-05-14 13:36:35,455 - ERROR - Error in check_order_status: binance {"code":-1021,"msg":"Timestamp for this request was 1000ms ahead of the server's time."}
2025-05-14 13:37:38,919 - ERROR - Error in check_order_status: binance {"code":-1021,"msg":"Timestamp for this request was 1000ms ahead of the server's time."}
2025-05-14 13:38:42,312 - ERROR - Error in check_order_status: binance {"code":-1021,"msg":"Timestamp for this request was 1000ms ahead of the server's time."}
2025-05-14 13:39:45,684 - ERROR - Error in check_order_status: binance {"code":-1021,"msg":"Timestamp for this request was 1000ms ahead of the server's time."}
2025-05-14 13:40:49,215 - ERROR - Error in check_order_status: binance {"code":-1021,"msg":"Timestamp for this request was 1000ms ahead of the server's time."}
2025-05-14 13:41:52,567 - ERROR - Error in check_order_status: binance {"code":-1021,"msg":"Timestamp for this request was 1000ms ahead of the server's time."}
2025-05-14 13:42:56,369 - ERROR - Error in check_order_status: binance {"code":-1021,"msg":"Timestamp for this request was 1000ms ahead of the server's time."}
2025-05-14 13:44:00,111 - ERROR - Error in check_order_status: binance {"code":-1021,"msg":"Timestamp for this request was 1000ms ahead of the server's time."}
2025-05-14 13:45:03,622 - ERROR - Error in check_order_status: binance {"code":-1021,"msg":"Timestamp for this request was 1000ms ahead of the server's time."}
2025-05-14 13:46:07,260 - ERROR - Error in check_order_status: binance {"code":-1021,"msg":"Timestamp for this request was 1000ms ahead of the server's time."}
2025-05-14 13:47:11,010 - ERROR - Error in check_order_status: binance {"code":-1021,"msg":"Timestamp for this request was 1000ms ahead of the server's time."}
2025-05-14 13:48:14,360 - ERROR - Error in check_order_status: binance {"code":-1021,"msg":"Timestamp for this request was 1000ms ahead of the server's time."}
2025-05-14 13:49:18,046 - ERROR - Error in check_order_status: binance {"code":-1021,"msg":"Timestamp for this request was 1000ms ahead of the server's time."}
2025-05-14 13:50:21,990 - ERROR - Error in check_order_status: binance {"code":-1021,"msg":"Timestamp for this request was 1000ms ahead of the server's time."}
2025-05-14 13:51:25,503 - ERROR - Error in check_order_status: binance {"code":-1021,"msg":"Timestamp for this request was 1000ms ahead of the server's time."}
2025-05-14 13:52:29,374 - ERROR - Error in check_order_status: binance {"code":-1021,"msg":"Timestamp for this request was 1000ms ahead of the server's time."}
2025-05-14 13:53:32,985 - ERROR - Error in check_order_status: binance {"code":-1021,"msg":"Timestamp for this request was 1000ms ahead of the server's time."}
2025-05-14 13:54:36,310 - ERROR - Error in check_order_status: binance {"code":-1021,"msg":"Timestamp for this request was 1000ms ahead of the server's time."}
2025-05-14 13:55:39,854 - ERROR - Error in check_order_status: binance {"code":-1021,"msg":"Timestamp for this request was 1000ms ahead of the server's time."}
2025-05-14 13:56:43,223 - ERROR - Error in check_order_status: binance {"code":-1021,"msg":"Timestamp for this request was 1000ms ahead of the server's time."}
2025-05-14 13:57:46,557 - ERROR - Error in check_order_status: binance {"code":-1021,"msg":"Timestamp for this request was 1000ms ahead of the server's time."}
2025-05-14 13:58:50,226 - ERROR - Error in check_order_status: binance {"code":-1021,"msg":"Timestamp for this request was 1000ms ahead of the server's time."}
2025-05-14 13:59:54,212 - ERROR - Error in check_order_status: binance {"code":-1021,"msg":"Timestamp for this request was 1000ms ahead of the server's time."}
2025-05-14 14:00:58,288 - ERROR - Error in check_order_status: binance {"code":-1021,"msg":"Timestamp for this request was 1000ms ahead of the server's time."}
2025-05-14 14:02:02,105 - ERROR - Error in check_order_status: binance {"code":-1021,"msg":"Timestamp for this request was 1000ms ahead of the server's time."}
2025-05-14 14:03:06,003 - ERROR - Error in check_order_status: binance {"code":-1021,"msg":"Timestamp for this request was 1000ms ahead of the server's time."}
2025-05-14 14:04:09,840 - ERROR - Error in check_order_status: binance {"code":-1021,"msg":"Timestamp for this request was 1000ms ahead of the server's time."}
2025-05-14 14:05:13,773 - ERROR - Error in check_order_status: binance {"code":-1021,"msg":"Timestamp for this request was 1000ms ahead of the server's time."}
2025-05-14 14:06:17,620 - ERROR - Error in check_order_status: binance {"code":-1021,"msg":"Timestamp for this request was 1000ms ahead of the server's time."}
2025-05-14 14:07:21,506 - ERROR - Error in check_order_status: binance {"code":-1021,"msg":"Timestamp for this request was 1000ms ahead of the server's time."}
2025-05-14 14:08:25,390 - ERROR - Error in check_order_status: binance {"code":-1021,"msg":"Timestamp for this request was 1000ms ahead of the server's time."}
2025-05-14 14:09:29,109 - ERROR - Error in check_order_status: binance {"code":-1021,"msg":"Timestamp for this request was 1000ms ahead of the server's time."}
2025-05-14 14:10:33,290 - ERROR - Error in check_order_status: binance {"code":-1021,"msg":"Timestamp for this request was 1000ms ahead of the server's time."}
2025-05-14 14:11:37,438 - ERROR - Error in check_order_status: binance {"code":-1021,"msg":"Timestamp for this request was 1000ms ahead of the server's time."}
2025-05-14 14:12:41,447 - ERROR - Error in check_order_status: binance {"code":-1021,"msg":"Timestamp for this request was 1000ms ahead of the server's time."}
2025-05-14 14:13:45,495 - ERROR - Error in check_order_status: binance {"code":-1021,"msg":"Timestamp for this request was 1000ms ahead of the server's time."}
2025-05-14 14:14:49,281 - ERROR - Error in check_order_status: binance {"code":-1021,"msg":"Timestamp for this request was 1000ms ahead of the server's time."}
2025-05-14 14:15:53,519 - ERROR - Error in check_order_status: binance {"code":-1021,"msg":"Timestamp for this request was 1000ms ahead of the server's time."}
2025-05-14 14:16:57,623 - ERROR - Error in check_order_status: binance {"code":-1021,"msg":"Timestamp for this request was 1000ms ahead of the server's time."}
2025-05-14 14:18:01,354 - ERROR - Error in check_order_status: binance {"code":-1021,"msg":"Timestamp for this request was 1000ms ahead of the server's time."}
2025-05-14 14:19:04,802 - ERROR - Error in check_order_status: binance {"code":-1021,"msg":"Timestamp for this request was 1000ms ahead of the server's time."}
2025-05-14 14:20:08,496 - ERROR - Error in check_order_status: binance {"code":-1021,"msg":"Timestamp for this request was 1000ms ahead of the server's time."}
2025-05-14 14:21:12,607 - ERROR - Error in check_order_status: binance {"code":-1021,"msg":"Timestamp for this request was 1000ms ahead of the server's time."}
2025-05-14 14:22:16,610 - ERROR - Error in check_order_status: binance {"code":-1021,"msg":"Timestamp for this request was 1000ms ahead of the server's time."}
2025-05-14 14:23:20,691 - ERROR - Error in check_order_status: binance {"code":-1021,"msg":"Timestamp for this request was 1000ms ahead of the server's time."}
2025-05-14 14:24:24,626 - ERROR - Error in check_order_status: binance {"code":-1021,"msg":"Timestamp for this request was 1000ms ahead of the server's time."}
2025-05-14 14:25:29,049 - ERROR - Error in check_order_status: binance {"code":-1021,"msg":"Timestamp for this request was 1000ms ahead of the server's time."}
2025-05-14 14:26:33,127 - ERROR - Error in check_order_status: binance {"code":-1021,"msg":"Timestamp for this request was 1000ms ahead of the server's time."}
2025-05-14 14:27:37,090 - ERROR - Error in check_order_status: binance {"code":-1021,"msg":"Timestamp for this request was 1000ms ahead of the server's time."}
2025-05-14 14:28:40,944 - ERROR - Error in check_order_status: binance {"code":-1021,"msg":"Timestamp for this request was 1000ms ahead of the server's time."}
2025-05-14 14:29:44,816 - ERROR - Error in check_order_status: binance {"code":-1021,"msg":"Timestamp for this request was 1000ms ahead of the server's time."}
2025-05-14 14:30:48,883 - ERROR - Error in check_order_status: binance {"code":-1021,"msg":"Timestamp for this request was 1000ms ahead of the server's time."}
2025-05-14 14:31:52,796 - ERROR - Error in check_order_status: binance {"code":-1021,"msg":"Timestamp for this request was 1000ms ahead of the server's time."}
2025-05-14 14:32:56,772 - ERROR - Error in check_order_status: binance {"code":-1021,"msg":"Timestamp for this request was 1000ms ahead of the server's time."}
2025-05-14 14:34:00,557 - ERROR - Error in check_order_status: binance {"code":-1021,"msg":"Timestamp for this request was 1000ms ahead of the server's time."}
2025-05-14 14:35:04,313 - ERROR - Error in check_order_status: binance {"code":-1021,"msg":"Timestamp for this request was 1000ms ahead of the server's time."}
2025-05-14 14:36:08,248 - ERROR - Error in check_order_status: binance {"code":-1021,"msg":"Timestamp for this request was 1000ms ahead of the server's time."}
2025-05-14 14:37:12,054 - ERROR - Error in check_order_status: binance {"code":-1021,"msg":"Timestamp for this request was 1000ms ahead of the server's time."}
2025-05-14 14:38:15,918 - ERROR - Error in check_order_status: binance {"code":-1021,"msg":"Timestamp for this request was 1000ms ahead of the server's time."}
2025-05-14 14:39:19,783 - ERROR - Error in check_order_status: binance {"code":-1021,"msg":"Timestamp for this request was 1000ms ahead of the server's time."}
2025-05-14 14:40:23,686 - ERROR - Error in check_order_status: binance {"code":-1021,"msg":"Timestamp for this request was 1000ms ahead of the server's time."}
2025-05-14 14:41:27,712 - ERROR - Error in check_order_status: binance {"code":-1021,"msg":"Timestamp for this request was 1000ms ahead of the server's time."}
2025-05-14 14:42:31,521 - ERROR - Error in check_order_status: binance {"code":-1021,"msg":"Timestamp for this request was 1000ms ahead of the server's time."}
2025-05-14 14:43:35,551 - ERROR - Error in check_order_status: binance {"code":-1021,"msg":"Timestamp for this request was 1000ms ahead of the server's time."}
2025-05-14 14:44:39,707 - ERROR - Error in check_order_status: binance {"code":-1021,"msg":"Timestamp for this request was 1000ms ahead of the server's time."}
2025-05-14 14:45:40,821 - INFO - 
==================== ENTRY SIGNAL ====================
Symbol: HIPPO/USDT
Position: LONG
Time: 2025-05-14 14:45:40
Cross Pairs: [('2025-05-14 14:40', '2025-05-14 14:30')]
==================================================
2025-05-14 14:45:40,821 - INFO - 
==================== ENTRY SIGNAL ====================
Symbol: HIPPO/USDT
Position: LONG
Time: 2025-05-14 14:45:40
Price: 0.004149
==================================================
2025-05-14 14:45:40,863 - INFO - Stop Loss Range Calculation:
EMA Cross Time: 2025-05-14 14:40:00+09:00
MACD Cross Time: 2025-05-14 14:30:00+09:00
SL Range: 2025-05-14 14:25:00+09:00 to 2025-05-14 14:30:00+09:00
2025-05-14 14:45:40,864 - INFO - Stop Loss calculation for long:
Data range: 2025-05-14 14:25:00+09:00 to 2025-05-14 14:30:00+09:00
Stop loss price: 0.004032
Distance from entry: 0.00011699999999999992 (2.820%)
2025-05-14 14:45:40,864 - INFO - Take Profit calculation:
Entry: 0.004149
Stop Loss: 0.004032
SL Distance: 0.00011699999999999992
Take Profit: 0.00435375
2025-05-14 14:45:40,925 - ERROR - Balance check error: binance {"code":-1021,"msg":"Timestamp for this request was 1000ms ahead of the server's time."}
2025-05-14 14:45:40,925 - ERROR - Failed to enter position for HIPPO/USDT: Insufficient balance
2025-05-14 14:45:44,026 - ERROR - Error in check_order_status: binance {"code":-1021,"msg":"Timestamp for this request was 1000ms ahead of the server's time."}
2025-05-14 14:46:47,848 - ERROR - Error in check_order_status: binance {"code":-1021,"msg":"Timestamp for this request was 1000ms ahead of the server's time."}
2025-05-14 14:47:51,884 - ERROR - Error in check_order_status: binance {"code":-1021,"msg":"Timestamp for this request was 1000ms ahead of the server's time."}
2025-05-14 14:48:55,630 - ERROR - Error in check_order_status: binance {"code":-1021,"msg":"Timestamp for this request was 1000ms ahead of the server's time."}
2025-05-14 14:49:59,523 - ERROR - Error in check_order_status: binance {"code":-1021,"msg":"Timestamp for this request was 1000ms ahead of the server's time."}
2025-05-14 14:51:03,135 - ERROR - Error in check_order_status: binance {"code":-1021,"msg":"Timestamp for this request was 1000ms ahead of the server's time."}
2025-05-14 14:52:07,345 - ERROR - Error in check_order_status: binance {"code":-1021,"msg":"Timestamp for this request was 1000ms ahead of the server's time."}
2025-05-14 14:53:11,527 - ERROR - Error in check_order_status: binance {"code":-1021,"msg":"Timestamp for this request was 1000ms ahead of the server's time."}
2025-05-14 14:54:15,580 - ERROR - Error in check_order_status: binance {"code":-1021,"msg":"Timestamp for this request was 1000ms ahead of the server's time."}
2025-05-14 14:55:19,935 - ERROR - Error in check_order_status: binance {"code":-1021,"msg":"Timestamp for this request was 1000ms ahead of the server's time."}
2025-05-14 14:56:24,051 - ERROR - Error in check_order_status: binance {"code":-1021,"msg":"Timestamp for this request was 1000ms ahead of the server's time."}
2025-05-14 14:57:28,003 - ERROR - Error in check_order_status: binance {"code":-1021,"msg":"Timestamp for this request was 1000ms ahead of the server's time."}
2025-05-14 14:58:31,829 - ERROR - Error in check_order_status: binance {"code":-1021,"msg":"Timestamp for this request was 1000ms ahead of the server's time."}
2025-05-14 14:59:35,840 - ERROR - Error in check_order_status: binance {"code":-1021,"msg":"Timestamp for this request was 1000ms ahead of the server's time."}
2025-05-14 15:00:40,128 - ERROR - Error in check_order_status: binance {"code":-1021,"msg":"Timestamp for this request was 1000ms ahead of the server's time."}
2025-05-14 15:01:43,894 - ERROR - Error in check_order_status: binance {"code":-1021,"msg":"Timestamp for this request was 1000ms ahead of the server's time."}
2025-05-14 15:02:47,571 - ERROR - Error in check_order_status: binance {"code":-1021,"msg":"Timestamp for this request was 1000ms ahead of the server's time."}
2025-05-14 15:03:51,240 - ERROR - Error in check_order_status: binance {"code":-1021,"msg":"Timestamp for this request was 1000ms ahead of the server's time."}
2025-05-14 15:04:55,201 - ERROR - Error in check_order_status: binance {"code":-1021,"msg":"Timestamp for this request was 1000ms ahead of the server's time."}
2025-05-14 15:05:59,386 - ERROR - Error in check_order_status: binance {"code":-1021,"msg":"Timestamp for this request was 1000ms ahead of the server's time."}
2025-05-14 15:07:03,261 - ERROR - Error in check_order_status: binance {"code":-1021,"msg":"Timestamp for this request was 1000ms ahead of the server's time."}
2025-05-14 15:08:07,332 - ERROR - Error in check_order_status: binance {"code":-1021,"msg":"Timestamp for this request was 1000ms ahead of the server's time."}
2025-05-14 15:09:11,147 - ERROR - Error in check_order_status: binance {"code":-1021,"msg":"Timestamp for this request was 1000ms ahead of the server's time."}
2025-05-14 15:10:15,343 - ERROR - Error in check_order_status: binance {"code":-1021,"msg":"Timestamp for this request was 1000ms ahead of the server's time."}
2025-05-14 15:11:19,389 - ERROR - Error in check_order_status: binance {"code":-1021,"msg":"Timestamp for this request was 1000ms ahead of the server's time."}
2025-05-14 15:12:23,531 - ERROR - Error in check_order_status: binance {"code":-1021,"msg":"Timestamp for this request was 1000ms ahead of the server's time."}
2025-05-14 15:13:27,569 - ERROR - Error in check_order_status: binance {"code":-1021,"msg":"Timestamp for this request was 1000ms ahead of the server's time."}
2025-05-14 15:14:31,384 - ERROR - Error in check_order_status: binance {"code":-1021,"msg":"Timestamp for this request was 1000ms ahead of the server's time."}
2025-05-14 15:15:35,253 - ERROR - Error in check_order_status: binance {"code":-1021,"msg":"Timestamp for this request was 1000ms ahead of the server's time."}
2025-05-14 15:16:38,898 - ERROR - Error in check_order_status: binance {"code":-1021,"msg":"Timestamp for this request was 1000ms ahead of the server's time."}
2025-05-14 15:17:42,690 - ERROR - Error in check_order_status: binance {"code":-1021,"msg":"Timestamp for this request was 1000ms ahead of the server's time."}
2025-05-14 15:18:46,654 - ERROR - Error in check_order_status: binance {"code":-1021,"msg":"Timestamp for this request was 1000ms ahead of the server's time."}
2025-05-14 15:19:50,769 - ERROR - Error in check_order_status: binance {"code":-1021,"msg":"Timestamp for this request was 1000ms ahead of the server's time."}
2025-05-14 15:20:54,903 - ERROR - Error in check_order_status: binance {"code":-1021,"msg":"Timestamp for this request was 1000ms ahead of the server's time."}
2025-05-14 15:21:59,004 - ERROR - Error in check_order_status: binance {"code":-1021,"msg":"Timestamp for this request was 1000ms ahead of the server's time."}
2025-05-14 15:23:02,901 - ERROR - Error in check_order_status: binance {"code":-1021,"msg":"Timestamp for this request was 1000ms ahead of the server's time."}
2025-05-14 15:24:06,785 - ERROR - Error in check_order_status: binance {"code":-1021,"msg":"Timestamp for this request was 1000ms ahead of the server's time."}
2025-05-14 15:25:10,815 - ERROR - Error in check_order_status: binance {"code":-1021,"msg":"Timestamp for this request was 1000ms ahead of the server's time."}
2025-05-14 15:26:14,762 - ERROR - Error in check_order_status: binance {"code":-1021,"msg":"Timestamp for this request was 1000ms ahead of the server's time."}
2025-05-14 15:27:18,713 - ERROR - Error in check_order_status: binance {"code":-1021,"msg":"Timestamp for this request was 1000ms ahead of the server's time."}
2025-05-14 15:28:22,806 - ERROR - Error in check_order_status: binance {"code":-1021,"msg":"Timestamp for this request was 1000ms ahead of the server's time."}
2025-05-14 15:29:26,461 - ERROR - Error in check_order_status: binance {"code":-1021,"msg":"Timestamp for this request was 1000ms ahead of the server's time."}
2025-05-14 15:30:30,178 - ERROR - Error in check_order_status: binance {"code":-1021,"msg":"Timestamp for this request was 1000ms ahead of the server's time."}
2025-05-14 15:31:34,127 - ERROR - Error in check_order_status: binance {"code":-1021,"msg":"Timestamp for this request was 1000ms ahead of the server's time."}
2025-05-14 15:32:37,527 - ERROR - Error in check_order_status: binance {"code":-1021,"msg":"Timestamp for this request was 1000ms ahead of the server's time."}
2025-05-14 15:33:40,717 - ERROR - Error in check_order_status: binance {"code":-1021,"msg":"Timestamp for this request was 1000ms ahead of the server's time."}
2025-05-14 15:34:43,903 - ERROR - Error in check_order_status: binance {"code":-1021,"msg":"Timestamp for this request was 1000ms ahead of the server's time."}
2025-05-14 15:35:47,106 - ERROR - Error in check_order_status: binance {"code":-1021,"msg":"Timestamp for this request was 1000ms ahead of the server's time."}
2025-05-14 15:36:50,301 - ERROR - Error in check_order_status: binance {"code":-1021,"msg":"Timestamp for this request was 1000ms ahead of the server's time."}
2025-05-14 15:37:53,563 - ERROR - Error in check_order_status: binance {"code":-1021,"msg":"Timestamp for this request was 1000ms ahead of the server's time."}
2025-05-14 15:38:56,760 - ERROR - Error in check_order_status: binance {"code":-1021,"msg":"Timestamp for this request was 1000ms ahead of the server's time."}
2025-05-14 15:40:00,252 - ERROR - Error in check_order_status: binance {"code":-1021,"msg":"Timestamp for this request was 1000ms ahead of the server's time."}
2025-05-14 15:41:03,740 - ERROR - Error in check_order_status: binance {"code":-1021,"msg":"Timestamp for this request was 1000ms ahead of the server's time."}
2025-05-14 15:42:06,939 - ERROR - Error in check_order_status: binance {"code":-1021,"msg":"Timestamp for this request was 1000ms ahead of the server's time."}
2025-05-14 15:43:10,188 - ERROR - Error in check_order_status: binance {"code":-1021,"msg":"Timestamp for this request was 1000ms ahead of the server's time."}
2025-05-14 15:44:13,552 - ERROR - Error in check_order_status: binance {"code":-1021,"msg":"Timestamp for this request was 1000ms ahead of the server's time."}
2025-05-14 15:45:16,745 - ERROR - Error in check_order_status: binance {"code":-1021,"msg":"Timestamp for this request was 1000ms ahead of the server's time."}
2025-05-14 15:46:19,944 - ERROR - Error in check_order_status: binance {"code":-1021,"msg":"Timestamp for this request was 1000ms ahead of the server's time."}
2025-05-14 15:47:23,146 - ERROR - Error in check_order_status: binance {"code":-1021,"msg":"Timestamp for this request was 1000ms ahead of the server's time."}
2025-05-14 15:48:26,405 - ERROR - Error in check_order_status: binance {"code":-1021,"msg":"Timestamp for this request was 1000ms ahead of the server's time."}
2025-05-14 15:49:29,597 - ERROR - Error in check_order_status: binance {"code":-1021,"msg":"Timestamp for this request was 1000ms ahead of the server's time."}
2025-05-14 15:50:32,798 - ERROR - Error in check_order_status: binance {"code":-1021,"msg":"Timestamp for this request was 1000ms ahead of the server's time."}
2025-05-14 15:51:35,986 - ERROR - Error in check_order_status: binance {"code":-1021,"msg":"Timestamp for this request was 1000ms ahead of the server's time."}
2025-05-14 15:52:39,182 - ERROR - Error in check_order_status: binance {"code":-1021,"msg":"Timestamp for this request was 1000ms ahead of the server's time."}
2025-05-14 15:53:42,432 - ERROR - Error in check_order_status: binance {"code":-1021,"msg":"Timestamp for this request was 1000ms ahead of the server's time."}
2025-05-14 15:54:45,632 - ERROR - Error in check_order_status: binance {"code":-1021,"msg":"Timestamp for this request was 1000ms ahead of the server's time."}
2025-05-14 15:55:48,828 - ERROR - Error in check_order_status: binance {"code":-1021,"msg":"Timestamp for this request was 1000ms ahead of the server's time."}
2025-05-14 15:56:52,018 - ERROR - Error in check_order_status: binance {"code":-1021,"msg":"Timestamp for this request was 1000ms ahead of the server's time."}
2025-05-14 15:57:55,366 - ERROR - Error in check_order_status: binance {"code":-1021,"msg":"Timestamp for this request was 1000ms ahead of the server's time."}
2025-05-14 15:58:58,634 - ERROR - Error in check_order_status: binance {"code":-1021,"msg":"Timestamp for this request was 1000ms ahead of the server's time."}
2025-05-14 16:00:02,876 - ERROR - Error in check_order_status: binance {"code":-1021,"msg":"Timestamp for this request was 1000ms ahead of the server's time."}
2025-05-14 16:01:06,236 - ERROR - Error in check_order_status: binance {"code":-1021,"msg":"Timestamp for this request was 1000ms ahead of the server's time."}
2025-05-14 16:02:09,424 - ERROR - Error in check_order_status: binance {"code":-1021,"msg":"Timestamp for this request was 1000ms ahead of the server's time."}
2025-05-14 16:03:12,599 - ERROR - Error in check_order_status: binance {"code":-1021,"msg":"Timestamp for this request was 1000ms ahead of the server's time."}
2025-05-14 16:04:15,842 - ERROR - Error in check_order_status: binance {"code":-1021,"msg":"Timestamp for this request was 1000ms ahead of the server's time."}
2025-05-14 16:05:19,020 - ERROR - Error in check_order_status: binance {"code":-1021,"msg":"Timestamp for this request was 1000ms ahead of the server's time."}
2025-05-14 16:06:22,211 - ERROR - Error in check_order_status: binance {"code":-1021,"msg":"Timestamp for this request was 1000ms ahead of the server's time."}
2025-05-14 16:07:25,584 - ERROR - Error in check_order_status: binance {"code":-1021,"msg":"Timestamp for this request was 1000ms ahead of the server's time."}
2025-05-14 16:08:28,770 - ERROR - Error in check_order_status: binance {"code":-1021,"msg":"Timestamp for this request was 1000ms ahead of the server's time."}
2025-05-14 16:09:32,137 - ERROR - Error in check_order_status: binance {"code":-1021,"msg":"Timestamp for this request was 1000ms ahead of the server's time."}
2025-05-14 16:10:35,338 - ERROR - Error in check_order_status: binance {"code":-1021,"msg":"Timestamp for this request was 1000ms ahead of the server's time."}
2025-05-14 16:11:38,522 - ERROR - Error in check_order_status: binance {"code":-1021,"msg":"Timestamp for this request was 1000ms ahead of the server's time."}
2025-05-14 16:12:41,714 - ERROR - Error in check_order_status: binance {"code":-1021,"msg":"Timestamp for this request was 1000ms ahead of the server's time."}
2025-05-14 16:13:44,906 - ERROR - Error in check_order_status: binance {"code":-1021,"msg":"Timestamp for this request was 1000ms ahead of the server's time."}
2025-05-14 16:14:48,295 - ERROR - Error in check_order_status: binance {"code":-1021,"msg":"Timestamp for this request was 1000ms ahead of the server's time."}
2025-05-14 16:15:51,491 - ERROR - Error in check_order_status: binance {"code":-1021,"msg":"Timestamp for this request was 1000ms ahead of the server's time."}
2025-05-14 16:16:54,686 - ERROR - Error in check_order_status: binance {"code":-1021,"msg":"Timestamp for this request was 1000ms ahead of the server's time."}
2025-05-14 16:17:57,873 - ERROR - Error in check_order_status: binance {"code":-1021,"msg":"Timestamp for this request was 1000ms ahead of the server's time."}
2025-05-14 16:19:01,230 - ERROR - Error in check_order_status: binance {"code":-1021,"msg":"Timestamp for this request was 1000ms ahead of the server's time."}
2025-05-14 16:20:04,622 - ERROR - Error in check_order_status: binance {"code":-1021,"msg":"Timestamp for this request was 1000ms ahead of the server's time."}
2025-05-14 16:21:08,195 - INFO - Position closed or order timeout after 1510.6 minutes for BRETT/USDT, cleaning up orders...
2025-05-14 16:21:08,299 - ERROR - Error checking take profit order: binance {"code":-1021,"msg":"Timestamp for this request was 1000ms ahead of the server's time."}
2025-05-14 16:21:08,377 - ERROR - Error managing orders after position close: binance {"code":-1021,"msg":"Timestamp for this request was 1000ms ahead of the server's time."}
2025-05-14 16:21:08,377 - INFO - Position Closed - Manual
Symbol: BRETT/USDT
Time: 2025-05-14 16:21:08.377234
Position Type: long

2025-05-14 17:10:44,017 - INFO - 
==================== ENTRY SIGNAL ====================
Symbol: TNSR/USDT
Position: SHORT
Time: 2025-05-14 17:10:44
Cross Pairs: [('2025-05-14 17:10', '2025-05-14 16:55')]
==================================================
2025-05-14 17:10:44,017 - INFO - 
==================== ENTRY SIGNAL ====================
Symbol: TNSR/USDT
Position: SHORT
Time: 2025-05-14 17:10:44
Price: 0.1857
==================================================
2025-05-14 17:10:44,057 - INFO - Stop Loss Range Calculation:
EMA Cross Time: 2025-05-14 17:10:00+09:00
MACD Cross Time: 2025-05-14 16:55:00+09:00
SL Range: 2025-05-14 16:50:00+09:00 to 2025-05-14 16:55:00+09:00
2025-05-14 17:10:44,057 - INFO - Stop Loss calculation for short:
Data range: 2025-05-14 16:50:00+09:00 to 2025-05-14 16:55:00+09:00
Stop loss price: 0.1907
Distance from entry: 0.0049000000000000155 (2.637%)
2025-05-14 17:10:44,058 - INFO - Take Profit calculation:
Entry: 0.1858
Stop Loss: 0.1907
SL Distance: 0.0049000000000000155
Take Profit: 0.17722499999999997
2025-05-14 17:10:44,909 - INFO - ===== Trade Successfully Executed =====
Symbol: TNSR/USDT
Type: short
Entry: 0.1858
Stop Loss: 0.1907
Take Profit: 0.17722499999999997
Position Size: 538.2131324004306
Margin Used: 10 USDT
Total Position Value: 100 USDT
Order IDs: Entry=2465229187, SL=2465229248, TP=2465229259
2025-05-14 17:40:44,728 - INFO - 
==================== ENTRY SIGNAL ====================
Symbol: MOODENG/USDT
Position: LONG
Time: 2025-05-14 17:40:44
Cross Pairs: [('2025-05-14 17:35', '2025-05-14 17:30')]
==================================================
2025-05-14 17:40:44,728 - INFO - 
==================== ENTRY SIGNAL ====================
Symbol: MOODENG/USDT
Position: LONG
Time: 2025-05-14 17:40:44
Price: 0.34085
==================================================
2025-05-14 17:40:44,779 - INFO - Stop Loss Range Calculation:
EMA Cross Time: 2025-05-14 17:35:00+09:00
MACD Cross Time: 2025-05-14 17:30:00+09:00
SL Range: 2025-05-14 17:25:00+09:00 to 2025-05-14 17:30:00+09:00
2025-05-14 17:40:44,779 - INFO - Stop Loss calculation for long:
Data range: 2025-05-14 17:25:00+09:00 to 2025-05-14 17:30:00+09:00
Stop loss price: 0.30535
Distance from entry: 0.03539999999999999 (10.389%)
2025-05-14 17:40:44,780 - INFO - Take Profit calculation:
Entry: 0.34075
Stop Loss: 0.30535
SL Distance: 0.03539999999999999
Take Profit: 0.40269999999999995
2025-05-14 17:40:45,494 - INFO - ===== Trade Successfully Executed =====
Symbol: MOODENG/USDT
Type: long
Entry: 0.34075
Stop Loss: 0.30535
Take Profit: 0.40269999999999995
Position Size: 293.470286133529
Margin Used: 10 USDT
Total Position Value: 100 USDT
Order IDs: Entry=3038196445, SL=3038197382, TP=3038197929
2025-05-14 17:40:51,243 - INFO - 
==================== ENTRY SIGNAL ====================
Symbol: GOAT/USDT
Position: LONG
Time: 2025-05-14 17:40:51
Cross Pairs: [('2025-05-14 17:40', '2025-05-14 17:35')]
==================================================
2025-05-14 17:40:51,243 - INFO - 
==================== ENTRY SIGNAL ====================
Symbol: GOAT/USDT
Position: LONG
Time: 2025-05-14 17:40:51
Price: 0.21877
==================================================
2025-05-14 17:40:51,284 - INFO - Stop Loss Range Calculation:
EMA Cross Time: 2025-05-14 17:40:00+09:00
MACD Cross Time: 2025-05-14 17:35:00+09:00
SL Range: 2025-05-14 17:30:00+09:00 to 2025-05-14 17:35:00+09:00
2025-05-14 17:40:51,284 - INFO - Stop Loss calculation for long:
Data range: 2025-05-14 17:30:00+09:00 to 2025-05-14 17:35:00+09:00
Stop loss price: 0.21218
Distance from entry: 0.006729999999999986 (3.074%)
2025-05-14 17:40:51,284 - INFO - Take Profit calculation:
Entry: 0.21891
Stop Loss: 0.21218
SL Distance: 0.006729999999999986
Take Profit: 0.23068749999999996
2025-05-14 17:40:51,339 - ERROR - ===== Insufficient Balance =====
Symbol: GOAT/USDT
Required: 10 USDT
Available: 6.49512773 USDT
2025-05-14 17:40:51,340 - ERROR - Failed to enter position for GOAT/USDT: Insufficient balance
2025-05-14 17:45:29,254 - INFO - 
==================== ENTRY SIGNAL ====================
Symbol: GOAT/USDT
Position: LONG
Time: 2025-05-14 17:45:29
Cross Pairs: [('2025-05-14 17:45', '2025-05-14 17:35')]
==================================================
2025-05-14 17:45:29,254 - INFO - 
==================== ENTRY SIGNAL ====================
Symbol: GOAT/USDT
Position: LONG
Time: 2025-05-14 17:45:29
Price: 0.21628
==================================================
2025-05-14 17:45:29,296 - INFO - Stop Loss Range Calculation:
EMA Cross Time: 2025-05-14 17:45:00+09:00
MACD Cross Time: 2025-05-14 17:35:00+09:00
SL Range: 2025-05-14 17:30:00+09:00 to 2025-05-14 17:35:00+09:00
2025-05-14 17:45:29,296 - INFO - Stop Loss calculation for long:
Data range: 2025-05-14 17:30:00+09:00 to 2025-05-14 17:35:00+09:00
Stop loss price: 0.21218
Distance from entry: 0.0038600000000000023 (1.787%)
2025-05-14 17:45:29,297 - INFO - Take Profit calculation:
Entry: 0.21604
Stop Loss: 0.21218
SL Distance: 0.0038600000000000023
Take Profit: 0.22279500000000002
2025-05-14 17:45:29,355 - ERROR - ===== Insufficient Balance =====
Symbol: GOAT/USDT
Required: 10 USDT
Available: 6.49512772 USDT
2025-05-14 17:45:29,356 - ERROR - Failed to enter position for GOAT/USDT: Insufficient balance
2025-05-14 17:46:33,918 - INFO - Position closed or order timeout after 545.8 minutes for MOODENG/USDT, cleaning up orders...
2025-05-14 17:46:34,103 - INFO - Found 1 open orders to cancel for MOODENG/USDT
2025-05-14 17:46:34,210 - INFO - Successfully cancelled order:
Symbol: MOODENG/USDT
Order ID: 3038197929
Type: take_profit
Side: sell
2025-05-14 17:46:34,211 - INFO - Position Closed - Manual
Symbol: MOODENG/USDT
Time: 2025-05-14 17:46:34.211325
Position Type: long

2025-05-14 18:15:27,769 - INFO - 
==================== ENTRY SIGNAL ====================
Symbol: EOS/USDT
Position: LONG
Time: 2025-05-14 18:15:27
Cross Pairs: [('2025-05-14 18:10', '2025-05-14 18:00')]
==================================================
2025-05-14 18:15:27,770 - INFO - 
==================== ENTRY SIGNAL ====================
Symbol: EOS/USDT
Position: LONG
Time: 2025-05-14 18:15:27
Price: 0.898
==================================================
2025-05-14 18:15:27,810 - INFO - Stop Loss Range Calculation:
EMA Cross Time: 2025-05-14 18:10:00+09:00
MACD Cross Time: 2025-05-14 18:00:00+09:00
SL Range: 2025-05-14 17:55:00+09:00 to 2025-05-14 18:00:00+09:00
2025-05-14 18:15:27,810 - INFO - Stop Loss calculation for long:
Data range: 2025-05-14 17:55:00+09:00 to 2025-05-14 18:00:00+09:00
Stop loss price: 0.846
Distance from entry: 0.051000000000000045 (5.686%)
2025-05-14 18:15:27,810 - INFO - Take Profit calculation:
Entry: 0.897
Stop Loss: 0.846
SL Distance: 0.051000000000000045
Take Profit: 0.9862500000000001
2025-05-14 18:15:27,870 - ERROR - ===== Insufficient Balance =====
Symbol: EOS/USDT
Required: 10 USDT
Available: 6.50490953 USDT
2025-05-14 18:15:27,870 - ERROR - Failed to enter position for EOS/USDT: Insufficient balance
2025-05-14 18:20:04,117 - INFO - 
==================== ENTRY SIGNAL ====================
Symbol: EOS/USDT
Position: LONG
Time: 2025-05-14 18:20:04
Cross Pairs: [('2025-05-14 18:10', '2025-05-14 18:00')]
==================================================
2025-05-14 18:20:04,117 - INFO - 
==================== ENTRY SIGNAL ====================
Symbol: EOS/USDT
Position: LONG
Time: 2025-05-14 18:20:04
Price: 0.892
==================================================
2025-05-14 18:20:04,159 - INFO - Stop Loss Range Calculation:
EMA Cross Time: 2025-05-14 18:10:00+09:00
MACD Cross Time: 2025-05-14 18:00:00+09:00
SL Range: 2025-05-14 17:55:00+09:00 to 2025-05-14 18:00:00+09:00
2025-05-14 18:20:04,160 - INFO - Stop Loss calculation for long:
Data range: 2025-05-14 17:55:00+09:00 to 2025-05-14 18:00:00+09:00
Stop loss price: 0.846
Distance from entry: 0.04700000000000004 (5.263%)
2025-05-14 18:20:04,160 - INFO - Take Profit calculation:
Entry: 0.893
Stop Loss: 0.846
SL Distance: 0.04700000000000004
Take Profit: 0.9752500000000001
2025-05-14 18:20:04,217 - ERROR - ===== Insufficient Balance =====
Symbol: EOS/USDT
Required: 10 USDT
Available: 6.50490953 USDT
2025-05-14 18:20:04,218 - ERROR - Failed to enter position for EOS/USDT: Insufficient balance
2025-05-14 18:40:49,058 - INFO - 
==================== ENTRY SIGNAL ====================
Symbol: PHA/USDT
Position: LONG
Time: 2025-05-14 18:40:49
Cross Pairs: [('2025-05-14 18:40', '2025-05-14 18:25')]
==================================================
2025-05-14 18:40:49,059 - INFO - 
==================== ENTRY SIGNAL ====================
Symbol: PHA/USDT
Position: LONG
Time: 2025-05-14 18:40:49
Price: 0.14585
==================================================
2025-05-14 18:40:49,100 - INFO - Stop Loss Range Calculation:
EMA Cross Time: 2025-05-14 18:40:00+09:00
MACD Cross Time: 2025-05-14 18:25:00+09:00
SL Range: 2025-05-14 18:20:00+09:00 to 2025-05-14 18:25:00+09:00
2025-05-14 18:40:49,101 - INFO - Stop Loss calculation for long:
Data range: 2025-05-14 18:20:00+09:00 to 2025-05-14 18:25:00+09:00
Stop loss price: 0.14289
Distance from entry: 0.0028800000000000214 (1.976%)
2025-05-14 18:40:49,101 - INFO - Take Profit calculation:
Entry: 0.14577
Stop Loss: 0.14289
SL Distance: 0.0028800000000000214
Take Profit: 0.15081000000000006
2025-05-14 18:40:49,158 - ERROR - ===== Insufficient Balance =====
Symbol: PHA/USDT
Required: 10 USDT
Available: 6.50490953 USDT
2025-05-14 18:40:49,158 - ERROR - Failed to enter position for PHA/USDT: Insufficient balance
2025-05-14 18:45:26,691 - INFO - 
==================== ENTRY SIGNAL ====================
Symbol: PHA/USDT
Position: LONG
Time: 2025-05-14 18:45:26
Cross Pairs: [('2025-05-14 18:40', '2025-05-14 18:25')]
==================================================
2025-05-14 18:45:26,691 - INFO - 
==================== ENTRY SIGNAL ====================
Symbol: PHA/USDT
Position: LONG
Time: 2025-05-14 18:45:26
Price: 0.1458
==================================================
2025-05-14 18:45:26,732 - INFO - Stop Loss Range Calculation:
EMA Cross Time: 2025-05-14 18:40:00+09:00
MACD Cross Time: 2025-05-14 18:25:00+09:00
SL Range: 2025-05-14 18:20:00+09:00 to 2025-05-14 18:25:00+09:00
2025-05-14 18:45:26,733 - INFO - Stop Loss calculation for long:
Data range: 2025-05-14 18:20:00+09:00 to 2025-05-14 18:25:00+09:00
Stop loss price: 0.14289
Distance from entry: 0.0032300000000000106 (2.211%)
2025-05-14 18:45:26,733 - INFO - Take Profit calculation:
Entry: 0.14612
Stop Loss: 0.14289
SL Distance: 0.0032300000000000106
Take Profit: 0.15177250000000003
2025-05-14 18:45:26,801 - ERROR - ===== Insufficient Balance =====
Symbol: PHA/USDT
Required: 10 USDT
Available: 6.50490953 USDT
2025-05-14 18:45:26,802 - ERROR - Failed to enter position for PHA/USDT: Insufficient balance
2025-05-14 18:45:29,533 - INFO - 
==================== ENTRY SIGNAL ====================
Symbol: EOS/USDT
Position: SHORT
Time: 2025-05-14 18:45:29
Cross Pairs: [('2025-05-14 18:40', '2025-05-14 18:35')]
==================================================
2025-05-14 18:45:29,533 - INFO - 
==================== ENTRY SIGNAL ====================
Symbol: EOS/USDT
Position: SHORT
Time: 2025-05-14 18:45:29
Price: 0.854
==================================================
2025-05-14 18:45:29,576 - INFO - Stop Loss Range Calculation:
EMA Cross Time: 2025-05-14 18:40:00+09:00
MACD Cross Time: 2025-05-14 18:35:00+09:00
SL Range: 2025-05-14 18:30:00+09:00 to 2025-05-14 18:35:00+09:00
2025-05-14 18:45:29,577 - INFO - Stop Loss calculation for short:
Data range: 2025-05-14 18:30:00+09:00 to 2025-05-14 18:35:00+09:00
Stop loss price: 0.885
Distance from entry: 0.03300000000000003 (3.873%)
2025-05-14 18:45:29,577 - INFO - Take Profit calculation:
Entry: 0.852
Stop Loss: 0.885
SL Distance: 0.03300000000000003
Take Profit: 0.7942499999999999
2025-05-14 18:45:29,631 - ERROR - ===== Insufficient Balance =====
Symbol: EOS/USDT
Required: 10 USDT
Available: 6.50490953 USDT
2025-05-14 18:45:29,631 - ERROR - Failed to enter position for EOS/USDT: Insufficient balance
2025-05-14 18:45:29,881 - INFO - 
==================== ENTRY SIGNAL ====================
Symbol: XRP/USDT
Position: LONG
Time: 2025-05-14 18:45:29
Cross Pairs: [('2025-05-14 18:40', '2025-05-14 18:35')]
==================================================
2025-05-14 18:45:29,881 - INFO - 
==================== ENTRY SIGNAL ====================
Symbol: XRP/USDT
Position: LONG
Time: 2025-05-14 18:45:29
Price: 2.6412
==================================================
2025-05-14 18:45:29,922 - INFO - Stop Loss Range Calculation:
EMA Cross Time: 2025-05-14 18:40:00+09:00
MACD Cross Time: 2025-05-14 18:35:00+09:00
SL Range: 2025-05-14 18:30:00+09:00 to 2025-05-14 18:35:00+09:00
2025-05-14 18:45:29,923 - INFO - Stop Loss calculation for long:
Data range: 2025-05-14 18:30:00+09:00 to 2025-05-14 18:35:00+09:00
Stop loss price: 2.5883
Distance from entry: 0.05420000000000025 (2.051%)
2025-05-14 18:45:29,923 - INFO - Take Profit calculation:
Entry: 2.6425
Stop Loss: 2.5883
SL Distance: 0.05420000000000025
Take Profit: 2.7373500000000006
2025-05-14 18:45:29,979 - ERROR - ===== Insufficient Balance =====
Symbol: XRP/USDT
Required: 10 USDT
Available: 6.50490953 USDT
2025-05-14 18:45:29,979 - ERROR - Failed to enter position for XRP/USDT: Insufficient balance
2025-05-14 18:50:06,586 - INFO - 
==================== ENTRY SIGNAL ====================
Symbol: EOS/USDT
Position: SHORT
Time: 2025-05-14 18:50:06
Cross Pairs: [('2025-05-14 18:40', '2025-05-14 18:35')]
==================================================
2025-05-14 18:50:06,586 - INFO - 
==================== ENTRY SIGNAL ====================
Symbol: EOS/USDT
Position: SHORT
Time: 2025-05-14 18:50:06
Price: 0.854
==================================================
2025-05-14 18:50:06,628 - INFO - Stop Loss Range Calculation:
EMA Cross Time: 2025-05-14 18:40:00+09:00
MACD Cross Time: 2025-05-14 18:35:00+09:00
SL Range: 2025-05-14 18:30:00+09:00 to 2025-05-14 18:35:00+09:00
2025-05-14 18:50:06,628 - INFO - Stop Loss calculation for short:
Data range: 2025-05-14 18:30:00+09:00 to 2025-05-14 18:35:00+09:00
Stop loss price: 0.885
Distance from entry: 0.029000000000000026 (3.388%)
2025-05-14 18:50:06,629 - INFO - Take Profit calculation:
Entry: 0.856
Stop Loss: 0.885
SL Distance: 0.029000000000000026
Take Profit: 0.8052499999999999
2025-05-14 18:50:06,691 - ERROR - ===== Insufficient Balance =====
Symbol: EOS/USDT
Required: 10 USDT
Available: 6.50490953 USDT
2025-05-14 18:50:06,691 - ERROR - Failed to enter position for EOS/USDT: Insufficient balance
2025-05-14 18:50:06,933 - INFO - 
==================== ENTRY SIGNAL ====================
Symbol: XRP/USDT
Position: LONG
Time: 2025-05-14 18:50:06
Cross Pairs: [('2025-05-14 18:40', '2025-05-14 18:35')]
==================================================
2025-05-14 18:50:06,933 - INFO - 
==================== ENTRY SIGNAL ====================
Symbol: XRP/USDT
Position: LONG
Time: 2025-05-14 18:50:06
Price: 2.6397
==================================================
2025-05-14 18:50:06,974 - INFO - Stop Loss Range Calculation:
EMA Cross Time: 2025-05-14 18:40:00+09:00
MACD Cross Time: 2025-05-14 18:35:00+09:00
SL Range: 2025-05-14 18:30:00+09:00 to 2025-05-14 18:35:00+09:00
2025-05-14 18:50:06,974 - INFO - Stop Loss calculation for long:
Data range: 2025-05-14 18:30:00+09:00 to 2025-05-14 18:35:00+09:00
Stop loss price: 2.5883
Distance from entry: 0.05270000000000019 (1.995%)
2025-05-14 18:50:06,975 - INFO - Take Profit calculation:
Entry: 2.641
Stop Loss: 2.5883
SL Distance: 0.05270000000000019
Take Profit: 2.7332250000000005
2025-05-14 18:50:07,033 - ERROR - ===== Insufficient Balance =====
Symbol: XRP/USDT
Required: 10 USDT
Available: 6.50490953 USDT
2025-05-14 18:50:07,033 - ERROR - Failed to enter position for XRP/USDT: Insufficient balance
2025-05-14 18:55:53,899 - INFO - 
==================== ENTRY SIGNAL ====================
Symbol: EOS/USDT
Position: SHORT
Time: 2025-05-14 18:55:53
Cross Pairs: [('2025-05-14 18:40', '2025-05-14 18:35')]
==================================================
2025-05-14 18:55:53,899 - INFO - 
==================== ENTRY SIGNAL ====================
Symbol: EOS/USDT
Position: SHORT
Time: 2025-05-14 18:55:53
Price: 0.845
==================================================
2025-05-14 18:55:53,938 - INFO - Stop Loss Range Calculation:
EMA Cross Time: 2025-05-14 18:40:00+09:00
MACD Cross Time: 2025-05-14 18:35:00+09:00
SL Range: 2025-05-14 18:30:00+09:00 to 2025-05-14 18:35:00+09:00
2025-05-14 18:55:53,939 - INFO - Stop Loss calculation for short:
Data range: 2025-05-14 18:30:00+09:00 to 2025-05-14 18:35:00+09:00
Stop loss price: 0.885
Distance from entry: 0.039000000000000035 (4.610%)
2025-05-14 18:55:53,939 - INFO - Take Profit calculation:
Entry: 0.846
Stop Loss: 0.885
SL Distance: 0.039000000000000035
Take Profit: 0.7777499999999999
2025-05-14 18:55:54,005 - ERROR - ===== Insufficient Balance =====
Symbol: EOS/USDT
Required: 10 USDT
Available: 6.50490953 USDT
2025-05-14 18:55:54,005 - ERROR - Failed to enter position for EOS/USDT: Insufficient balance
2025-05-14 18:55:54,252 - INFO - 
==================== ENTRY SIGNAL ====================
Symbol: XRP/USDT
Position: LONG
Time: 2025-05-14 18:55:54
Cross Pairs: [('2025-05-14 18:40', '2025-05-14 18:35')]
==================================================
2025-05-14 18:55:54,253 - INFO - 
==================== ENTRY SIGNAL ====================
Symbol: XRP/USDT
Position: LONG
Time: 2025-05-14 18:55:54
Price: 2.62
==================================================
2025-05-14 18:55:54,297 - INFO - Stop Loss Range Calculation:
EMA Cross Time: 2025-05-14 18:40:00+09:00
MACD Cross Time: 2025-05-14 18:35:00+09:00
SL Range: 2025-05-14 18:30:00+09:00 to 2025-05-14 18:35:00+09:00
2025-05-14 18:55:54,298 - INFO - Stop Loss calculation for long:
Data range: 2025-05-14 18:30:00+09:00 to 2025-05-14 18:35:00+09:00
Stop loss price: 2.5883
Distance from entry: 0.031200000000000117 (1.191%)
2025-05-14 18:55:54,298 - INFO - Take Profit calculation:
Entry: 2.6195
Stop Loss: 2.5883
SL Distance: 0.031200000000000117
Take Profit: 2.6741
2025-05-14 18:55:54,349 - ERROR - ===== Insufficient Balance =====
Symbol: XRP/USDT
Required: 10 USDT
Available: 6.50490953 USDT
2025-05-14 18:55:54,349 - ERROR - Failed to enter position for XRP/USDT: Insufficient balance
2025-05-14 21:41:03,443 - INFO - 
==================== ENTRY SIGNAL ====================
Symbol: BRETT/USDT
Position: SHORT
Time: 2025-05-14 21:41:03
Cross Pairs: [('2025-05-14 21:40', '2025-05-14 21:25')]
==================================================
2025-05-14 21:41:03,443 - INFO - 
==================== ENTRY SIGNAL ====================
Symbol: BRETT/USDT
Position: SHORT
Time: 2025-05-14 21:41:03
Price: 0.07859
==================================================
2025-05-14 21:41:03,484 - INFO - Stop Loss Range Calculation:
EMA Cross Time: 2025-05-14 21:40:00+09:00
MACD Cross Time: 2025-05-14 21:25:00+09:00
SL Range: 2025-05-14 21:20:00+09:00 to 2025-05-14 21:25:00+09:00
2025-05-14 21:41:03,484 - INFO - Stop Loss calculation for short:
Data range: 2025-05-14 21:20:00+09:00 to 2025-05-14 21:25:00+09:00
Stop loss price: 0.08016
Distance from entry: 0.001559999999999992 (1.985%)
2025-05-14 21:41:03,485 - INFO - Take Profit calculation:
Entry: 0.0786
Stop Loss: 0.08016
SL Distance: 0.001559999999999992
Take Profit: 0.07587000000000002
2025-05-14 21:41:03,541 - ERROR - ===== Insufficient Balance =====
Symbol: BRETT/USDT
Required: 10 USDT
Available: 6.50490953 USDT
2025-05-14 21:41:03,541 - ERROR - Failed to enter position for BRETT/USDT: Insufficient balance
2025-05-14 21:45:40,486 - INFO - 
==================== ENTRY SIGNAL ====================
Symbol: BRETT/USDT
Position: SHORT
Time: 2025-05-14 21:45:40
Cross Pairs: [('2025-05-14 21:40', '2025-05-14 21:25')]
==================================================
2025-05-14 21:45:40,486 - INFO - 
==================== ENTRY SIGNAL ====================
Symbol: BRETT/USDT
Position: SHORT
Time: 2025-05-14 21:45:40
Price: 0.07885
==================================================
2025-05-14 21:45:40,530 - INFO - Stop Loss Range Calculation:
EMA Cross Time: 2025-05-14 21:40:00+09:00
MACD Cross Time: 2025-05-14 21:25:00+09:00
SL Range: 2025-05-14 21:20:00+09:00 to 2025-05-14 21:25:00+09:00
2025-05-14 21:45:40,531 - INFO - Stop Loss calculation for short:
Data range: 2025-05-14 21:20:00+09:00 to 2025-05-14 21:25:00+09:00
Stop loss price: 0.08016
Distance from entry: 0.0012899999999999995 (1.636%)
2025-05-14 21:45:40,531 - INFO - Take Profit calculation:
Entry: 0.07887
Stop Loss: 0.08016
SL Distance: 0.0012899999999999995
Take Profit: 0.0766125
2025-05-14 21:45:40,586 - ERROR - ===== Insufficient Balance =====
Symbol: BRETT/USDT
Required: 10 USDT
Available: 6.50490953 USDT
2025-05-14 21:45:40,586 - ERROR - Failed to enter position for BRETT/USDT: Insufficient balance
2025-05-14 22:00:33,379 - INFO - 
==================== ENTRY SIGNAL ====================
Symbol: PHA/USDT
Position: SHORT
Time: 2025-05-14 22:00:33
Cross Pairs: [('2025-05-14 22:00', '2025-05-14 21:40')]
==================================================
2025-05-14 22:00:33,379 - INFO - 
==================== ENTRY SIGNAL ====================
Symbol: PHA/USDT
Position: SHORT
Time: 2025-05-14 22:00:33
Price: 0.1485
==================================================
2025-05-14 22:00:33,429 - INFO - Stop Loss Range Calculation:
EMA Cross Time: 2025-05-14 22:00:00+09:00
MACD Cross Time: 2025-05-14 21:40:00+09:00
SL Range: 2025-05-14 21:35:00+09:00 to 2025-05-14 21:40:00+09:00
2025-05-14 22:00:33,429 - INFO - Stop Loss calculation for short:
Data range: 2025-05-14 21:35:00+09:00 to 2025-05-14 21:40:00+09:00
Stop loss price: 0.15642
Distance from entry: 0.007709999999999995 (5.185%)
2025-05-14 22:00:33,429 - INFO - Take Profit calculation:
Entry: 0.14871
Stop Loss: 0.15642
SL Distance: 0.007709999999999995
Take Profit: 0.13521750000000002
2025-05-14 22:00:33,473 - ERROR - ===== Insufficient Balance =====
Symbol: PHA/USDT
Required: 10 USDT
Available: 6.50490953 USDT
2025-05-14 22:00:33,474 - ERROR - Failed to enter position for PHA/USDT: Insufficient balance
2025-05-14 22:10:55,522 - INFO - 
==================== ENTRY SIGNAL ====================
Symbol: FXS/USDT
Position: SHORT
Time: 2025-05-14 22:10:55
Cross Pairs: [('2025-05-14 22:10', '2025-05-14 21:55')]
==================================================
2025-05-14 22:10:55,523 - INFO - 
==================== ENTRY SIGNAL ====================
Symbol: FXS/USDT
Position: SHORT
Time: 2025-05-14 22:10:55
Price: 3.0979
==================================================
2025-05-14 22:10:55,570 - INFO - Stop Loss Range Calculation:
EMA Cross Time: 2025-05-14 22:10:00+09:00
MACD Cross Time: 2025-05-14 21:55:00+09:00
SL Range: 2025-05-14 21:50:00+09:00 to 2025-05-14 21:55:00+09:00
2025-05-14 22:10:55,570 - INFO - Stop Loss calculation for short:
Data range: 2025-05-14 21:50:00+09:00 to 2025-05-14 21:55:00+09:00
Stop loss price: 3.3069
Distance from entry: 0.2077 (6.702%)
2025-05-14 22:10:55,570 - INFO - Take Profit calculation:
Entry: 3.0992
Stop Loss: 3.3069
SL Distance: 0.2077
Take Profit: 2.7357250000000004
2025-05-14 22:10:55,618 - ERROR - ===== Insufficient Balance =====
Symbol: FXS/USDT
Required: 10 USDT
Available: 6.50490953 USDT
2025-05-14 22:10:55,618 - ERROR - Failed to enter position for FXS/USDT: Insufficient balance
2025-05-14 22:15:32,578 - INFO - 
==================== ENTRY SIGNAL ====================
Symbol: FXS/USDT
Position: SHORT
Time: 2025-05-14 22:15:32
Cross Pairs: [('2025-05-14 22:15', '2025-05-14 21:55')]
==================================================
2025-05-14 22:15:32,578 - INFO - 
==================== ENTRY SIGNAL ====================
Symbol: FXS/USDT
Position: SHORT
Time: 2025-05-14 22:15:32
Price: 3.1393
==================================================
2025-05-14 22:15:32,620 - INFO - Stop Loss Range Calculation:
EMA Cross Time: 2025-05-14 22:15:00+09:00
MACD Cross Time: 2025-05-14 21:55:00+09:00
SL Range: 2025-05-14 21:50:00+09:00 to 2025-05-14 21:55:00+09:00
2025-05-14 22:15:32,620 - INFO - Stop Loss calculation for short:
Data range: 2025-05-14 21:50:00+09:00 to 2025-05-14 21:55:00+09:00
Stop loss price: 3.3069
Distance from entry: 0.16430000000000033 (5.228%)
2025-05-14 22:15:32,620 - INFO - Take Profit calculation:
Entry: 3.1426
Stop Loss: 3.3069
SL Distance: 0.16430000000000033
Take Profit: 2.8550749999999994
2025-05-14 22:15:32,676 - ERROR - ===== Insufficient Balance =====
Symbol: FXS/USDT
Required: 10 USDT
Available: 6.50490953 USDT
2025-05-14 22:15:32,676 - ERROR - Failed to enter position for FXS/USDT: Insufficient balance
