timestamp,open,high,low,close,volume
2025-04-10 09:00:00+09:00,0.1978,0.1982,0.1975,0.1976,38360.6
2025-04-10 09:05:00+09:00,0.1976,0.1982,0.1976,0.198,22273.0
2025-04-10 09:10:00+09:00,0.1982,0.1991,0.1982,0.1986,27339.4
2025-04-10 09:15:00+09:00,0.1987,0.1993,0.1987,0.1991,5830.3
2025-04-10 09:20:00+09:00,0.1988,0.1988,0.1984,0.1984,702.4
2025-04-10 09:25:00+09:00,0.1985,0.1985,0.198,0.198,3019.4
2025-04-10 09:30:00+09:00,0.1981,0.1985,0.198,0.1982,5562.5
2025-04-10 09:35:00+09:00,0.1981,0.1981,0.1977,0.1979,10317.1
2025-04-10 09:40:00+09:00,0.1978,0.1978,0.196,0.1963,7902.6
2025-04-10 09:45:00+09:00,0.1965,0.1975,0.1965,0.1965,4093.3
2025-04-10 09:50:00+09:00,0.1963,0.1968,0.196,0.1968,3630.6
2025-04-10 09:55:00+09:00,0.1965,0.197,0.1965,0.1968,5947.4
2025-04-10 10:00:00+09:00,0.1968,0.1975,0.1958,0.1964,28268.5
2025-04-10 10:05:00+09:00,0.1964,0.1968,0.1959,0.1963,12521.6
2025-04-10 10:10:00+09:00,0.1963,0.1967,0.1962,0.1962,7051.3
2025-04-10 10:15:00+09:00,0.1964,0.1965,0.196,0.1964,5207.7
2025-04-10 10:20:00+09:00,0.1964,0.1965,0.1957,0.1957,10486.7
2025-04-10 10:25:00+09:00,0.1956,0.1959,0.1955,0.1957,2466.8
2025-04-10 10:30:00+09:00,0.1956,0.1957,0.1952,0.1952,22370.6
2025-04-10 10:35:00+09:00,0.1955,0.1961,0.1955,0.1958,18311.4
2025-04-10 10:40:00+09:00,0.1957,0.1959,0.1955,0.1957,2985.0
2025-04-10 10:45:00+09:00,0.1959,0.1963,0.1959,0.1963,7977.8
2025-04-10 10:50:00+09:00,0.196,0.1963,0.1959,0.196,9858.2
2025-04-10 10:55:00+09:00,0.1961,0.1963,0.1961,0.1962,1165.8
2025-04-10 11:00:00+09:00,0.1963,0.1964,0.1956,0.196,29959.5
2025-04-10 11:05:00+09:00,0.196,0.1962,0.1956,0.1959,6575.7
2025-04-10 11:10:00+09:00,0.1959,0.196,0.1958,0.196,8504.0
2025-04-10 11:15:00+09:00,0.196,0.1965,0.1959,0.1963,19932.6
2025-04-10 11:20:00+09:00,0.1962,0.1967,0.1961,0.1966,10649.4
2025-04-10 11:25:00+09:00,0.1965,0.1965,0.1962,0.1965,1261.5
2025-04-10 11:30:00+09:00,0.1966,0.1967,0.1964,0.1965,5879.2
2025-04-10 11:35:00+09:00,0.1965,0.1976,0.1965,0.1976,172833.0
2025-04-10 11:40:00+09:00,0.1975,0.1975,0.197,0.1971,56622.8
2025-04-10 11:45:00+09:00,0.1971,0.1971,0.1963,0.1963,11722.8
2025-04-10 11:50:00+09:00,0.1965,0.1966,0.196,0.1962,12851.8
2025-04-10 11:55:00+09:00,0.1963,0.1965,0.1962,0.1964,2963.7
2025-04-10 12:00:00+09:00,0.1963,0.1964,0.196,0.1961,7183.7
2025-04-10 12:05:00+09:00,0.1962,0.1965,0.1958,0.1958,8035.7
2025-04-10 12:10:00+09:00,0.1957,0.1958,0.1944,0.1944,59611.3
2025-04-10 12:15:00+09:00,0.1943,0.1946,0.1932,0.1934,25304.8
2025-04-10 12:20:00+09:00,0.1933,0.1939,0.1927,0.193,22598.2
2025-04-10 12:25:00+09:00,0.1928,0.1932,0.1924,0.1932,10910.1
2025-04-10 12:30:00+09:00,0.1933,0.1935,0.1925,0.1931,6321.7
2025-04-10 12:35:00+09:00,0.193,0.1941,0.1929,0.1941,21376.0
2025-04-10 12:40:00+09:00,0.194,0.194,0.1935,0.1939,24845.5
2025-04-10 12:45:00+09:00,0.1938,0.1941,0.1932,0.1932,1611.8
2025-04-10 12:50:00+09:00,0.1933,0.1937,0.1933,0.1937,12110.4
2025-04-10 12:55:00+09:00,0.1938,0.1939,0.1937,0.1939,2886.2
2025-04-10 13:00:00+09:00,0.1939,0.194,0.1935,0.1936,15148.4
2025-04-10 13:05:00+09:00,0.1936,0.1941,0.1932,0.1934,21586.1
2025-04-10 13:10:00+09:00,0.1933,0.194,0.1931,0.1939,1534.4
2025-04-10 13:15:00+09:00,0.194,0.1945,0.194,0.1943,44180.5
2025-04-10 13:20:00+09:00,0.1945,0.1945,0.1942,0.1945,9586.4
2025-04-10 13:25:00+09:00,0.1943,0.1943,0.1934,0.1935,168538.8
2025-04-10 13:30:00+09:00,0.1935,0.1937,0.1931,0.1932,23784.8
2025-04-10 13:35:00+09:00,0.1931,0.1933,0.1928,0.1932,7448.8
2025-04-10 13:40:00+09:00,0.1933,0.1937,0.1933,0.1934,1755.3
2025-04-10 13:45:00+09:00,0.1936,0.1941,0.1936,0.1941,189.5
2025-04-10 13:50:00+09:00,0.1941,0.1942,0.1938,0.194,22092.3
2025-04-10 13:55:00+09:00,0.1941,0.1941,0.1938,0.194,18025.1
2025-04-10 14:00:00+09:00,0.1939,0.1945,0.1939,0.1941,11187.9
2025-04-10 14:05:00+09:00,0.1941,0.1946,0.1941,0.1944,10395.4
2025-04-10 14:10:00+09:00,0.1945,0.1949,0.1944,0.1949,5189.0
2025-04-10 14:15:00+09:00,0.1949,0.1951,0.1949,0.1949,1827.8
2025-04-10 14:20:00+09:00,0.1948,0.1953,0.1946,0.1953,9936.5
2025-04-10 14:25:00+09:00,0.1953,0.1953,0.1953,0.1953,186.0
2025-04-10 14:30:00+09:00,0.1952,0.1954,0.1948,0.1948,12672.5
2025-04-10 14:35:00+09:00,0.1949,0.1949,0.1946,0.1949,9025.4
2025-04-10 14:40:00+09:00,0.195,0.1954,0.195,0.1953,30292.0
2025-04-10 14:45:00+09:00,0.1953,0.1954,0.1948,0.1949,6535.4
2025-04-10 14:50:00+09:00,0.1948,0.1948,0.1946,0.1947,1847.0
2025-04-10 14:55:00+09:00,0.1948,0.1952,0.1948,0.1951,5134.0
2025-04-10 15:00:00+09:00,0.1949,0.1952,0.1949,0.1949,28920.4
2025-04-10 15:05:00+09:00,0.1949,0.1953,0.1949,0.1953,1597.5
2025-04-10 15:10:00+09:00,0.1951,0.1954,0.1949,0.195,18668.4
2025-04-10 15:15:00+09:00,0.1949,0.1951,0.1947,0.1949,2099.9
2025-04-10 15:20:00+09:00,0.1948,0.1948,0.1943,0.1945,1654.7
2025-04-10 15:25:00+09:00,0.1943,0.1943,0.1939,0.1939,290.5
2025-04-10 15:30:00+09:00,0.1942,0.1942,0.1937,0.194,2670.2
2025-04-10 15:35:00+09:00,0.1941,0.1941,0.1938,0.1939,8411.2
2025-04-10 15:40:00+09:00,0.1939,0.1941,0.1935,0.1937,14225.8
2025-04-10 15:45:00+09:00,0.1936,0.1938,0.1933,0.1933,10736.5
2025-04-10 15:50:00+09:00,0.1936,0.1938,0.1936,0.1938,276.1
2025-04-10 15:55:00+09:00,0.1938,0.1941,0.1938,0.1941,1401.3
2025-04-10 16:00:00+09:00,0.1941,0.1944,0.1941,0.1944,2869.7
2025-04-10 16:05:00+09:00,0.1943,0.1943,0.1939,0.1939,1446.2
2025-04-10 16:10:00+09:00,0.1938,0.1942,0.1938,0.1939,15649.3
2025-04-10 16:15:00+09:00,0.194,0.1942,0.194,0.1941,1250.0
2025-04-10 16:20:00+09:00,0.1941,0.1944,0.194,0.1941,20137.8
2025-04-10 16:25:00+09:00,0.1942,0.1942,0.1935,0.1935,538.6
2025-04-10 16:30:00+09:00,0.1934,0.1934,0.1913,0.1914,38610.2
2025-04-10 16:35:00+09:00,0.1914,0.1921,0.1912,0.1921,18360.1
2025-04-10 16:40:00+09:00,0.1922,0.1924,0.1921,0.1921,10413.8
2025-04-10 16:45:00+09:00,0.1922,0.193,0.1922,0.193,10191.4
2025-04-10 16:50:00+09:00,0.1929,0.1929,0.1927,0.1929,2153.5
2025-04-10 16:55:00+09:00,0.1928,0.1928,0.1925,0.1925,2119.0
2025-04-10 17:00:00+09:00,0.1928,0.193,0.1926,0.1927,21682.7
2025-04-10 17:05:00+09:00,0.1924,0.1931,0.1924,0.1931,11485.3
2025-04-10 17:10:00+09:00,0.1931,0.1932,0.193,0.1931,3780.8
2025-04-10 17:15:00+09:00,0.193,0.1931,0.1927,0.1928,1620.0
2025-04-10 17:20:00+09:00,0.1928,0.1931,0.1927,0.1929,3435.2
2025-04-10 17:25:00+09:00,0.1928,0.1928,0.1925,0.1928,12801.8
2025-04-10 17:30:00+09:00,0.1929,0.1929,0.1921,0.1926,25287.6
2025-04-10 17:35:00+09:00,0.1926,0.1926,0.1918,0.1919,11990.0
2025-04-10 17:40:00+09:00,0.192,0.1927,0.192,0.1927,13188.9
2025-04-10 17:45:00+09:00,0.1926,0.1928,0.1926,0.1928,1905.5
2025-04-10 17:50:00+09:00,0.1927,0.1928,0.1925,0.1928,1682.8
2025-04-10 17:55:00+09:00,0.1927,0.1929,0.1927,0.1929,2839.7
2025-04-10 18:00:00+09:00,0.193,0.1931,0.1924,0.1924,17230.4
2025-04-10 18:05:00+09:00,0.1926,0.1926,0.1922,0.1923,2692.9
2025-04-10 18:10:00+09:00,0.1924,0.1927,0.1923,0.1927,1938.3
2025-04-10 18:15:00+09:00,0.1928,0.1937,0.1928,0.1937,11625.0
2025-04-10 18:20:00+09:00,0.1936,0.1937,0.1935,0.1935,2064.2
2025-04-10 18:25:00+09:00,0.1934,0.1936,0.1934,0.1936,1457.8
2025-04-10 18:30:00+09:00,0.1935,0.1943,0.1935,0.1943,20880.2
2025-04-10 18:35:00+09:00,0.1942,0.1942,0.1939,0.1939,9350.5
2025-04-10 18:40:00+09:00,0.1936,0.1936,0.1928,0.1929,16470.7
2025-04-10 18:45:00+09:00,0.1928,0.193,0.1927,0.193,477.8
2025-04-10 18:50:00+09:00,0.193,0.1933,0.1928,0.1933,9094.3
2025-04-10 18:55:00+09:00,0.1936,0.1937,0.1935,0.1936,2002.0
2025-04-10 19:00:00+09:00,0.1935,0.1935,0.1931,0.1932,8471.7
2025-04-10 19:05:00+09:00,0.1931,0.1931,0.1924,0.193,17474.3
2025-04-10 19:10:00+09:00,0.193,0.1932,0.1929,0.1929,1333.4
2025-04-10 19:15:00+09:00,0.193,0.193,0.1924,0.1925,12431.8
2025-04-10 19:20:00+09:00,0.1924,0.1925,0.1923,0.1925,2951.5
2025-04-10 19:25:00+09:00,0.1926,0.1926,0.1924,0.1924,979.4
2025-04-10 19:30:00+09:00,0.1924,0.1926,0.1922,0.1922,1067.3
2025-04-10 19:35:00+09:00,0.1924,0.1925,0.1921,0.1925,7593.8
2025-04-10 19:40:00+09:00,0.1925,0.1925,0.1918,0.1918,630.6
2025-04-10 19:45:00+09:00,0.1917,0.1918,0.1915,0.1915,15712.1
2025-04-10 19:50:00+09:00,0.1917,0.192,0.1916,0.192,2570.5
2025-04-10 19:55:00+09:00,0.1921,0.1922,0.1919,0.1922,10366.1
2025-04-10 20:00:00+09:00,0.1924,0.1924,0.1919,0.1921,10907.6
2025-04-10 20:05:00+09:00,0.1922,0.1922,0.1918,0.1918,8206.7
2025-04-10 20:10:00+09:00,0.1919,0.1921,0.1911,0.1911,8337.2
2025-04-10 20:15:00+09:00,0.1911,0.1912,0.1904,0.1907,46101.8
2025-04-10 20:20:00+09:00,0.1907,0.1912,0.1907,0.191,26365.5
2025-04-10 20:25:00+09:00,0.191,0.1912,0.1909,0.1909,1321.4
2025-04-10 20:30:00+09:00,0.1909,0.1916,0.1909,0.1915,18560.2
2025-04-10 20:35:00+09:00,0.1916,0.192,0.1916,0.1918,2705.2
2025-04-10 20:40:00+09:00,0.1918,0.1919,0.1917,0.1918,13513.4
2025-04-10 20:45:00+09:00,0.1919,0.1919,0.1916,0.1916,5796.8
2025-04-10 20:50:00+09:00,0.1915,0.1915,0.1913,0.1915,514.0
2025-04-10 20:55:00+09:00,0.1918,0.1924,0.1918,0.192,46423.2
2025-04-10 21:00:00+09:00,0.1918,0.1945,0.1917,0.1929,173944.8
2025-04-10 21:05:00+09:00,0.1929,0.1931,0.1918,0.192,18059.8
2025-04-10 21:10:00+09:00,0.192,0.1929,0.192,0.1929,8547.5
2025-04-10 21:15:00+09:00,0.1927,0.1931,0.1925,0.1931,7125.9
2025-04-10 21:20:00+09:00,0.1936,0.1936,0.1933,0.1933,7005.5
2025-04-10 21:25:00+09:00,0.1936,0.1962,0.1936,0.1953,63103.0
2025-04-10 21:30:00+09:00,0.1956,0.1962,0.1942,0.1944,57352.6
2025-04-10 21:35:00+09:00,0.1943,0.1946,0.1938,0.1944,13617.7
2025-04-10 21:40:00+09:00,0.1941,0.1941,0.1937,0.194,12664.9
2025-04-10 21:45:00+09:00,0.1941,0.1941,0.1934,0.1934,12047.3
2025-04-10 21:50:00+09:00,0.1929,0.1938,0.1929,0.1937,51806.7
2025-04-10 21:55:00+09:00,0.1939,0.1939,0.1933,0.1937,20881.6
2025-04-10 22:00:00+09:00,0.1937,0.1938,0.193,0.1931,32284.3
2025-04-10 22:05:00+09:00,0.1927,0.1927,0.1923,0.1924,6077.1
2025-04-10 22:10:00+09:00,0.1925,0.193,0.1925,0.1925,12588.8
2025-04-10 22:15:00+09:00,0.1922,0.1936,0.1922,0.1936,4867.8
2025-04-10 22:20:00+09:00,0.1935,0.1942,0.1935,0.194,4725.2
2025-04-10 22:25:00+09:00,0.1942,0.1942,0.1935,0.1935,2433.4
2025-04-10 22:30:00+09:00,0.1931,0.1935,0.192,0.1923,100178.2
2025-04-10 22:35:00+09:00,0.1924,0.1924,0.1907,0.1915,69124.1
2025-04-10 22:40:00+09:00,0.1913,0.1914,0.1904,0.1906,9772.5
2025-04-10 22:45:00+09:00,0.1906,0.1923,0.1906,0.1922,7713.6
2025-04-10 22:50:00+09:00,0.1921,0.1929,0.192,0.1923,3604.2
2025-04-10 22:55:00+09:00,0.1921,0.1923,0.192,0.192,914.7
2025-04-10 23:00:00+09:00,0.1919,0.1921,0.1911,0.1921,11959.4
2025-04-10 23:05:00+09:00,0.1918,0.1921,0.1907,0.191,40305.4
2025-04-10 23:10:00+09:00,0.1909,0.1915,0.1902,0.1913,58966.8
2025-04-10 23:15:00+09:00,0.1914,0.1922,0.1914,0.1918,28824.9
2025-04-10 23:20:00+09:00,0.192,0.1929,0.1919,0.1929,21853.7
2025-04-10 23:25:00+09:00,0.1929,0.193,0.1928,0.1928,8305.3
2025-04-10 23:30:00+09:00,0.1929,0.1936,0.1928,0.1936,8473.9
2025-04-10 23:35:00+09:00,0.1935,0.194,0.1935,0.1936,11467.1
2025-04-10 23:40:00+09:00,0.1937,0.1941,0.1936,0.1936,17962.9
2025-04-10 23:45:00+09:00,0.1935,0.1935,0.193,0.193,3147.0
2025-04-10 23:50:00+09:00,0.1929,0.1932,0.1928,0.1931,10523.3
2025-04-10 23:55:00+09:00,0.1931,0.1931,0.1925,0.1925,1183.7
2025-04-11 00:00:00+09:00,0.1924,0.1927,0.192,0.192,12716.9
2025-04-11 00:05:00+09:00,0.1918,0.192,0.1915,0.192,21193.2
2025-04-11 00:10:00+09:00,0.192,0.1921,0.1907,0.1907,54336.8
2025-04-11 00:15:00+09:00,0.1906,0.1906,0.1898,0.1902,39202.5
2025-04-11 00:20:00+09:00,0.19,0.19,0.189,0.1891,30022.8
2025-04-11 00:25:00+09:00,0.1892,0.1892,0.1877,0.1878,164040.2
2025-04-11 00:30:00+09:00,0.1879,0.1886,0.1868,0.1874,26433.8
2025-04-11 00:35:00+09:00,0.1872,0.1872,0.1858,0.1858,26295.8
2025-04-11 00:40:00+09:00,0.1858,0.1865,0.1852,0.1859,31244.6
2025-04-11 00:45:00+09:00,0.1858,0.186,0.1843,0.1845,36241.5
2025-04-11 00:50:00+09:00,0.1845,0.1864,0.1845,0.1864,17886.5
2025-04-11 00:55:00+09:00,0.1862,0.1863,0.1844,0.1847,30616.8
2025-04-11 01:00:00+09:00,0.1846,0.186,0.1836,0.1839,443963.3
2025-04-11 01:05:00+09:00,0.184,0.186,0.1836,0.1855,39486.9
2025-04-11 01:10:00+09:00,0.1853,0.1854,0.1845,0.1847,18506.1
2025-04-11 01:15:00+09:00,0.1845,0.1846,0.1839,0.1843,16691.7
2025-04-11 01:20:00+09:00,0.1842,0.1843,0.1825,0.1839,52682.6
2025-04-11 01:25:00+09:00,0.184,0.184,0.1828,0.1833,20114.1
2025-04-11 01:30:00+09:00,0.1832,0.185,0.1832,0.1849,21474.6
2025-04-11 01:35:00+09:00,0.1851,0.1851,0.1843,0.1848,14583.2
2025-04-11 01:40:00+09:00,0.1846,0.185,0.1839,0.185,52695.2
2025-04-11 01:45:00+09:00,0.1849,0.186,0.1844,0.1858,30248.1
2025-04-11 01:50:00+09:00,0.1858,0.1868,0.1855,0.1863,35814.2
2025-04-11 01:55:00+09:00,0.1862,0.1869,0.1859,0.1867,33187.6
2025-04-11 02:00:00+09:00,0.1868,0.1891,0.1867,0.1871,172851.1
2025-04-11 02:05:00+09:00,0.1869,0.1869,0.1856,0.1857,39473.9
2025-04-11 02:10:00+09:00,0.1856,0.1859,0.1853,0.1858,44620.0
2025-04-11 02:15:00+09:00,0.1856,0.1861,0.1851,0.1861,7725.7
2025-04-11 02:20:00+09:00,0.1859,0.1863,0.1852,0.1863,11000.9
2025-04-11 02:25:00+09:00,0.1866,0.1871,0.1866,0.1869,2554.8
2025-04-11 02:30:00+09:00,0.1868,0.1869,0.1862,0.1862,21915.5
2025-04-11 02:35:00+09:00,0.186,0.1871,0.186,0.1863,54787.2
2025-04-11 02:40:00+09:00,0.186,0.1871,0.1859,0.187,16963.6
2025-04-11 02:45:00+09:00,0.1872,0.1872,0.1867,0.1868,3431.8
2025-04-11 02:50:00+09:00,0.1868,0.1872,0.1865,0.1871,7010.8
2025-04-11 02:55:00+09:00,0.1873,0.1875,0.1871,0.1873,2702.4
2025-04-11 03:00:00+09:00,0.1872,0.188,0.1872,0.188,13908.3
2025-04-11 03:05:00+09:00,0.1881,0.1881,0.1874,0.1874,63591.4
2025-04-11 03:10:00+09:00,0.1874,0.1876,0.187,0.187,34130.0
2025-04-11 03:15:00+09:00,0.187,0.1876,0.187,0.1876,2005.0
2025-04-11 03:20:00+09:00,0.1879,0.1882,0.1879,0.188,3451.8
2025-04-11 03:25:00+09:00,0.1878,0.1891,0.1878,0.1885,16663.5
2025-04-11 03:30:00+09:00,0.1883,0.1888,0.1879,0.1879,21636.1
2025-04-11 03:35:00+09:00,0.1879,0.1881,0.1874,0.1875,8087.9
2025-04-11 03:40:00+09:00,0.1875,0.1878,0.1873,0.1878,21741.4
2025-04-11 03:45:00+09:00,0.1877,0.1878,0.1869,0.1872,24564.6
2025-04-11 03:50:00+09:00,0.1874,0.1876,0.1869,0.1869,16455.6
2025-04-11 03:55:00+09:00,0.1872,0.1879,0.187,0.1876,31203.3
2025-04-11 04:00:00+09:00,0.1876,0.1881,0.1873,0.1877,16581.3
2025-04-11 04:05:00+09:00,0.1877,0.1877,0.1868,0.1868,19491.4
2025-04-11 04:10:00+09:00,0.187,0.1874,0.187,0.1873,13163.4
2025-04-11 04:15:00+09:00,0.1874,0.1877,0.1871,0.1876,32022.3
2025-04-11 04:20:00+09:00,0.1876,0.1879,0.1872,0.1873,35609.1
2025-04-11 04:25:00+09:00,0.1875,0.1881,0.1871,0.1871,46317.2
2025-04-11 04:30:00+09:00,0.1871,0.1878,0.1871,0.1878,6592.1
2025-04-11 04:35:00+09:00,0.1877,0.1878,0.1872,0.1872,12947.1
2025-04-11 04:40:00+09:00,0.1874,0.1875,0.1866,0.1867,44046.8
2025-04-11 04:45:00+09:00,0.1867,0.1873,0.1866,0.1871,67534.4
2025-04-11 04:50:00+09:00,0.1871,0.1879,0.187,0.1877,116318.3
2025-04-11 04:55:00+09:00,0.1876,0.1885,0.1868,0.1868,179437.4
2025-04-11 05:00:00+09:00,0.1867,0.1879,0.1866,0.1874,122427.8
2025-04-11 05:05:00+09:00,0.1873,0.1877,0.1871,0.1873,57985.7
2025-04-11 05:10:00+09:00,0.1872,0.1874,0.1865,0.187,129763.5
2025-04-11 05:15:00+09:00,0.1871,0.1877,0.1868,0.187,166021.6
2025-04-11 05:20:00+09:00,0.187,0.1872,0.1867,0.1869,55006.7
2025-04-11 05:25:00+09:00,0.1869,0.1872,0.1864,0.1865,93272.2
2025-04-11 05:30:00+09:00,0.1866,0.1869,0.1863,0.1868,135181.9
2025-04-11 05:35:00+09:00,0.1867,0.187,0.1864,0.1867,48002.5
2025-04-11 05:40:00+09:00,0.1868,0.1869,0.1865,0.1868,22175.2
2025-04-11 05:45:00+09:00,0.1868,0.1875,0.1868,0.1873,15470.1
2025-04-11 05:50:00+09:00,0.1873,0.1878,0.1872,0.1873,30724.9
2025-04-11 05:55:00+09:00,0.1873,0.1873,0.187,0.1873,19566.5
2025-04-11 06:00:00+09:00,0.1873,0.1876,0.1871,0.1874,28229.9
2025-04-11 06:05:00+09:00,0.1874,0.1878,0.1873,0.1876,20254.7
2025-04-11 06:10:00+09:00,0.1876,0.1877,0.187,0.187,22402.6
2025-04-11 06:15:00+09:00,0.1871,0.1872,0.1869,0.1871,4694.1
2025-04-11 06:20:00+09:00,0.187,0.187,0.1866,0.1867,9066.7
2025-04-11 06:25:00+09:00,0.1868,0.187,0.1867,0.187,6440.0
2025-04-11 06:30:00+09:00,0.1872,0.1878,0.1872,0.1876,12596.6
2025-04-11 06:35:00+09:00,0.1874,0.1879,0.1874,0.1879,12354.3
2025-04-11 06:40:00+09:00,0.1878,0.1879,0.1875,0.1875,5300.3
2025-04-11 06:45:00+09:00,0.1876,0.1876,0.1874,0.1875,497.3
2025-04-11 06:50:00+09:00,0.1875,0.1875,0.1873,0.1873,817.2
2025-04-11 06:55:00+09:00,0.1875,0.1875,0.1873,0.1875,8637.7
2025-04-11 07:00:00+09:00,0.1875,0.1879,0.1868,0.1879,37299.4
2025-04-11 07:05:00+09:00,0.1878,0.1879,0.1871,0.1874,66586.4
2025-04-11 07:10:00+09:00,0.1874,0.1876,0.1874,0.1874,7323.4
2025-04-11 07:15:00+09:00,0.1876,0.1883,0.1876,0.1879,11592.0
2025-04-11 07:20:00+09:00,0.1879,0.1882,0.1879,0.1879,9405.6
2025-04-11 07:25:00+09:00,0.1879,0.1879,0.1874,0.1876,2865.1
2025-04-11 07:30:00+09:00,0.1876,0.1878,0.1876,0.1877,2311.1
2025-04-11 07:35:00+09:00,0.1878,0.1878,0.1872,0.1872,5098.0
2025-04-11 07:40:00+09:00,0.1873,0.1874,0.1873,0.1873,939.8
2025-04-11 07:45:00+09:00,0.1871,0.1873,0.187,0.1873,6293.0
2025-04-11 07:50:00+09:00,0.1872,0.1872,0.1869,0.1869,2195.7
2025-04-11 07:55:00+09:00,0.1869,0.1869,0.1867,0.1867,2943.5
2025-04-11 08:00:00+09:00,0.1866,0.1867,0.1865,0.1866,4213.5
2025-04-11 08:05:00+09:00,0.1868,0.1868,0.1864,0.1866,2424.3
2025-04-11 08:10:00+09:00,0.1865,0.1865,0.1859,0.186,11243.6
2025-04-11 08:15:00+09:00,0.1861,0.1863,0.1861,0.1861,5312.3
2025-04-11 08:20:00+09:00,0.1863,0.1865,0.1863,0.1863,23701.7
2025-04-11 08:25:00+09:00,0.1863,0.1863,0.186,0.1861,9941.6
2025-04-11 08:30:00+09:00,0.1861,0.1869,0.1861,0.1869,3737.3
2025-04-11 08:35:00+09:00,0.1869,0.1872,0.1868,0.1871,2018.6
2025-04-11 08:40:00+09:00,0.1872,0.1872,0.1871,0.1872,1085.2
2025-04-11 08:45:00+09:00,0.1871,0.1873,0.187,0.1872,3132.9
2025-04-11 08:50:00+09:00,0.1873,0.1873,0.1873,0.1873,310.5
2025-04-11 08:55:00+09:00,0.1871,0.1873,0.187,0.1873,1884.5
2025-04-11 09:00:00+09:00,0.1871,0.1873,0.1868,0.1872,6369.8
2025-04-11 09:05:00+09:00,0.1873,0.1875,0.187,0.1875,6126.2
2025-04-11 09:10:00+09:00,0.1879,0.1881,0.1878,0.188,4642.2
2025-04-11 09:15:00+09:00,0.1879,0.1882,0.1877,0.1877,1287.0
2025-04-11 09:20:00+09:00,0.1877,0.1881,0.1877,0.1878,5531.3
2025-04-11 09:25:00+09:00,0.1878,0.1878,0.1874,0.1875,8112.7
2025-04-11 09:30:00+09:00,0.1874,0.1877,0.1871,0.1876,13886.2
2025-04-11 09:35:00+09:00,0.1878,0.1878,0.1874,0.1874,12921.3
2025-04-11 09:40:00+09:00,0.1875,0.1879,0.1875,0.1875,4085.6
2025-04-11 09:45:00+09:00,0.1874,0.1876,0.1871,0.1873,12782.4
2025-04-11 09:50:00+09:00,0.1871,0.1871,0.1867,0.1868,7360.8
2025-04-11 09:55:00+09:00,0.1866,0.1868,0.1859,0.1859,63264.3
2025-04-11 10:00:00+09:00,0.1859,0.1865,0.1859,0.1865,8539.6
2025-04-11 10:05:00+09:00,0.1864,0.1867,0.1864,0.1864,19204.1
2025-04-11 10:10:00+09:00,0.1865,0.1869,0.1865,0.1869,3440.8
2025-04-11 10:15:00+09:00,0.187,0.1883,0.187,0.1883,5070.3
2025-04-11 10:20:00+09:00,0.1882,0.1882,0.1878,0.188,32071.8
2025-04-11 10:25:00+09:00,0.1881,0.1882,0.1878,0.1879,5778.7
2025-04-11 10:30:00+09:00,0.188,0.189,0.1878,0.1886,62930.0
2025-04-11 10:35:00+09:00,0.1885,0.1887,0.1884,0.1884,9641.8
2025-04-11 10:40:00+09:00,0.1883,0.1883,0.1879,0.1879,9391.2
2025-04-11 10:45:00+09:00,0.188,0.1892,0.188,0.1891,20153.7
2025-04-11 10:50:00+09:00,0.189,0.19,0.1889,0.1893,93408.8
2025-04-11 10:55:00+09:00,0.1893,0.1898,0.1893,0.1898,22210.0
2025-04-11 11:00:00+09:00,0.1897,0.1897,0.1893,0.1893,13641.3
2025-04-11 11:05:00+09:00,0.1892,0.1892,0.1889,0.1891,14980.0
2025-04-11 11:10:00+09:00,0.1892,0.1894,0.1888,0.1888,7859.7
2025-04-11 11:15:00+09:00,0.1891,0.1893,0.1889,0.1893,1766.5
2025-04-11 11:20:00+09:00,0.1893,0.1897,0.1893,0.1897,7512.5
2025-04-11 11:25:00+09:00,0.1899,0.1909,0.1899,0.1907,8587.5
2025-04-11 11:30:00+09:00,0.1906,0.1908,0.1905,0.1905,19724.0
2025-04-11 11:35:00+09:00,0.1905,0.1905,0.1898,0.1902,32291.8
2025-04-11 11:40:00+09:00,0.1902,0.1902,0.1899,0.1899,1913.5
2025-04-11 11:45:00+09:00,0.1901,0.1904,0.1901,0.1902,2287.7
2025-04-11 11:50:00+09:00,0.1903,0.1904,0.1901,0.1901,8454.9
2025-04-11 11:55:00+09:00,0.1901,0.1903,0.19,0.19,29237.7
2025-04-11 12:00:00+09:00,0.1901,0.1904,0.1898,0.1901,10636.9
2025-04-11 12:05:00+09:00,0.1901,0.1903,0.1897,0.1897,32609.8
2025-04-11 12:10:00+09:00,0.1899,0.1902,0.1898,0.1902,6365.6
2025-04-11 12:15:00+09:00,0.1903,0.1908,0.1899,0.1906,9497.8
2025-04-11 12:20:00+09:00,0.1906,0.191,0.1905,0.191,22766.3
2025-04-11 12:25:00+09:00,0.1911,0.1916,0.1911,0.1913,77552.1
2025-04-11 12:30:00+09:00,0.1915,0.192,0.1912,0.1915,84824.8
2025-04-11 12:35:00+09:00,0.1916,0.1917,0.1913,0.1916,34480.9
2025-04-11 12:40:00+09:00,0.1917,0.193,0.1917,0.1927,137838.5
2025-04-11 12:45:00+09:00,0.1927,0.1927,0.1925,0.1926,12535.1
2025-04-11 12:50:00+09:00,0.1925,0.1929,0.1925,0.1926,75228.2
2025-04-11 12:55:00+09:00,0.1928,0.1929,0.1926,0.1928,23427.0
2025-04-11 13:00:00+09:00,0.1928,0.1934,0.1928,0.1931,45986.8
2025-04-11 13:05:00+09:00,0.1933,0.1945,0.1933,0.1937,135033.7
2025-04-11 13:10:00+09:00,0.1939,0.1966,0.1939,0.1966,164549.5
2025-04-11 13:15:00+09:00,0.1964,0.1964,0.1942,0.1942,92010.5
2025-04-11 13:20:00+09:00,0.1941,0.1941,0.1931,0.1939,39958.3
2025-04-11 13:25:00+09:00,0.1942,0.1942,0.1936,0.194,11603.9
2025-04-11 13:30:00+09:00,0.1942,0.1947,0.1938,0.1941,19161.9
2025-04-11 13:35:00+09:00,0.1941,0.1944,0.1939,0.194,20792.5
2025-04-11 13:40:00+09:00,0.1937,0.194,0.1933,0.1935,30938.8
2025-04-11 13:45:00+09:00,0.1936,0.194,0.1935,0.194,3174.2
2025-04-11 13:50:00+09:00,0.194,0.1946,0.1937,0.1942,61644.5
2025-04-11 13:55:00+09:00,0.1944,0.1946,0.1942,0.1944,8975.3
2025-04-11 14:00:00+09:00,0.1944,0.1946,0.1939,0.194,34642.3
2025-04-11 14:05:00+09:00,0.1939,0.1939,0.1935,0.1935,13899.0
2025-04-11 14:10:00+09:00,0.1935,0.1946,0.1935,0.1946,85836.9
2025-04-11 14:15:00+09:00,0.1946,0.1955,0.1944,0.195,128447.0
2025-04-11 14:20:00+09:00,0.1951,0.197,0.195,0.1962,381623.3
2025-04-11 14:25:00+09:00,0.1962,0.1997,0.1962,0.1991,437422.0
2025-04-11 14:30:00+09:00,0.1989,0.1993,0.1971,0.1971,212645.9
2025-04-11 14:35:00+09:00,0.1969,0.1969,0.1961,0.1962,43546.4
2025-04-11 14:40:00+09:00,0.1955,0.1969,0.1955,0.1959,100934.5
2025-04-11 14:45:00+09:00,0.1959,0.1971,0.1958,0.1965,126158.4
2025-04-11 14:50:00+09:00,0.1964,0.1968,0.1961,0.1962,68245.7
2025-04-11 14:55:00+09:00,0.1962,0.1964,0.196,0.1963,72854.6
2025-04-11 15:00:00+09:00,0.1964,0.1973,0.1959,0.1973,107893.6
2025-04-11 15:05:00+09:00,0.1972,0.1974,0.1968,0.1968,20360.4
2025-04-11 15:10:00+09:00,0.1967,0.1971,0.1964,0.1964,44894.5
2025-04-11 15:15:00+09:00,0.1964,0.1965,0.196,0.196,25630.2
2025-04-11 15:20:00+09:00,0.1961,0.1962,0.1956,0.1956,22910.6
2025-04-11 15:25:00+09:00,0.1958,0.1961,0.1958,0.1958,3864.1
2025-04-11 15:30:00+09:00,0.1959,0.1961,0.1958,0.1958,11611.5
2025-04-11 15:35:00+09:00,0.1958,0.1961,0.1954,0.1954,93614.0
2025-04-11 15:40:00+09:00,0.1955,0.1958,0.1954,0.1957,19384.7
2025-04-11 15:45:00+09:00,0.1957,0.1962,0.1957,0.1961,8778.1
2025-04-11 15:50:00+09:00,0.196,0.196,0.1955,0.1956,17620.3
2025-04-11 15:55:00+09:00,0.1956,0.1965,0.1956,0.1959,82516.5
2025-04-11 16:00:00+09:00,0.1959,0.1963,0.1959,0.1961,8307.6
2025-04-11 16:05:00+09:00,0.196,0.1964,0.196,0.1964,22801.4
2025-04-11 16:10:00+09:00,0.1964,0.1967,0.1962,0.1963,21656.7
2025-04-11 16:15:00+09:00,0.1962,0.1963,0.1958,0.1958,14663.0
2025-04-11 16:20:00+09:00,0.1957,0.1965,0.1955,0.1961,58081.1
2025-04-11 16:25:00+09:00,0.1962,0.1964,0.1957,0.1957,21365.8
2025-04-11 16:30:00+09:00,0.1958,0.1958,0.1948,0.1949,51126.3
2025-04-11 16:35:00+09:00,0.195,0.1953,0.1947,0.1953,39718.9
2025-04-11 16:40:00+09:00,0.195,0.196,0.1949,0.196,19416.2
2025-04-11 16:45:00+09:00,0.1957,0.1957,0.1953,0.1953,7860.7
2025-04-11 16:50:00+09:00,0.1953,0.1954,0.1951,0.1952,12590.4
2025-04-11 16:55:00+09:00,0.1952,0.1952,0.195,0.1951,9486.8
2025-04-11 17:00:00+09:00,0.195,0.1953,0.1935,0.1943,105486.3
2025-04-11 17:05:00+09:00,0.1946,0.1962,0.1946,0.1947,79004.2
2025-04-11 17:10:00+09:00,0.1948,0.1951,0.1943,0.1944,18897.0
2025-04-11 17:15:00+09:00,0.1942,0.1943,0.1934,0.1936,31522.3
2025-04-11 17:20:00+09:00,0.1935,0.1936,0.1935,0.1935,7357.9
2025-04-11 17:25:00+09:00,0.1937,0.1939,0.1936,0.1936,4099.5
2025-04-11 17:30:00+09:00,0.1936,0.1938,0.193,0.1933,36524.5
2025-04-11 17:35:00+09:00,0.1933,0.1954,0.1933,0.1951,34290.2
2025-04-11 17:40:00+09:00,0.1951,0.1951,0.1945,0.1946,32269.3
2025-04-11 17:45:00+09:00,0.1941,0.1942,0.1939,0.1939,9993.8
2025-04-11 17:50:00+09:00,0.194,0.1944,0.194,0.1944,50740.8
2025-04-11 17:55:00+09:00,0.1942,0.1946,0.1942,0.1946,2438.8
2025-04-11 18:00:00+09:00,0.1948,0.1948,0.1938,0.1938,14477.2
2025-04-11 18:05:00+09:00,0.1938,0.194,0.1937,0.1937,6477.8
2025-04-11 18:10:00+09:00,0.1935,0.1936,0.1935,0.1935,312.5
2025-04-11 18:15:00+09:00,0.1937,0.1937,0.1935,0.1937,2190.2
2025-04-11 18:20:00+09:00,0.1936,0.1941,0.1935,0.1939,9233.6
2025-04-11 18:25:00+09:00,0.1941,0.1947,0.1941,0.1947,25873.3
2025-04-11 18:30:00+09:00,0.1946,0.1954,0.1946,0.1954,10340.8
2025-04-11 18:35:00+09:00,0.1959,0.1959,0.1956,0.1957,31759.6
2025-04-11 18:40:00+09:00,0.1958,0.1958,0.1956,0.1958,10277.0
2025-04-11 18:45:00+09:00,0.1957,0.1958,0.1955,0.1956,6758.5
2025-04-11 18:50:00+09:00,0.1955,0.1962,0.1954,0.1962,6737.2
2025-04-11 18:55:00+09:00,0.1962,0.1963,0.1958,0.1963,11980.3
2025-04-11 19:00:00+09:00,0.1962,0.1962,0.1955,0.1956,43633.2
2025-04-11 19:05:00+09:00,0.1955,0.1955,0.1949,0.1949,55355.9
2025-04-11 19:10:00+09:00,0.1949,0.1951,0.1947,0.195,11617.5
2025-04-11 19:15:00+09:00,0.195,0.1956,0.1945,0.1956,143709.5
2025-04-11 19:20:00+09:00,0.1956,0.1956,0.1951,0.1954,4645.2
2025-04-11 19:25:00+09:00,0.1953,0.1958,0.1952,0.1958,2110.6
2025-04-11 19:30:00+09:00,0.1957,0.1969,0.1953,0.1969,112563.6
2025-04-11 19:35:00+09:00,0.1971,0.1973,0.1962,0.1962,10067.0
2025-04-11 19:40:00+09:00,0.1963,0.1963,0.1958,0.1958,6295.4
2025-04-11 19:45:00+09:00,0.1959,0.1961,0.1956,0.1961,61334.6
2025-04-11 19:50:00+09:00,0.1959,0.1961,0.1957,0.1961,4954.0
2025-04-11 19:55:00+09:00,0.1962,0.1963,0.1961,0.1963,5869.4
2025-04-11 20:00:00+09:00,0.1963,0.1963,0.1958,0.1961,4713.1
2025-04-11 20:05:00+09:00,0.1961,0.1963,0.1958,0.1963,9471.7
2025-04-11 20:10:00+09:00,0.1964,0.1968,0.1956,0.1956,24147.6
2025-04-11 20:15:00+09:00,0.1955,0.1961,0.1953,0.1955,53511.6
2025-04-11 20:20:00+09:00,0.1957,0.1957,0.1953,0.1953,5656.4
2025-04-11 20:25:00+09:00,0.1952,0.1953,0.195,0.195,6430.9
2025-04-11 20:30:00+09:00,0.195,0.195,0.1946,0.1947,2416.9
2025-04-11 20:35:00+09:00,0.1947,0.1949,0.1941,0.1943,111758.0
2025-04-11 20:40:00+09:00,0.1944,0.1951,0.1944,0.195,23365.8
2025-04-11 20:45:00+09:00,0.1949,0.1949,0.1945,0.1947,11043.7
2025-04-11 20:50:00+09:00,0.1946,0.1946,0.194,0.1941,30311.3
2025-04-11 20:55:00+09:00,0.1941,0.1946,0.1941,0.1944,19429.7
2025-04-11 21:00:00+09:00,0.1944,0.1947,0.1943,0.1947,20750.0
2025-04-11 21:05:00+09:00,0.1947,0.1947,0.1936,0.1941,40732.3
2025-04-11 21:10:00+09:00,0.1942,0.1943,0.1937,0.1943,19148.4
2025-04-11 21:15:00+09:00,0.1945,0.1948,0.1944,0.1947,9832.0
2025-04-11 21:20:00+09:00,0.1947,0.1948,0.1945,0.1945,12685.0
2025-04-11 21:25:00+09:00,0.1947,0.1947,0.1946,0.1947,3108.3
2025-04-11 21:30:00+09:00,0.1947,0.1978,0.1947,0.1953,227989.7
2025-04-11 21:35:00+09:00,0.1955,0.1962,0.1955,0.196,36486.9
2025-04-11 21:40:00+09:00,0.196,0.1962,0.1959,0.1961,4084.1
2025-04-11 21:45:00+09:00,0.1961,0.1969,0.1958,0.196,59522.6
2025-04-11 21:50:00+09:00,0.1958,0.1961,0.1954,0.1956,96096.0
2025-04-11 21:55:00+09:00,0.1955,0.1956,0.195,0.1952,131781.7
2025-04-11 22:00:00+09:00,0.1953,0.1954,0.1949,0.1949,16145.0
2025-04-11 22:05:00+09:00,0.1951,0.1956,0.1951,0.1956,16325.2
2025-04-11 22:10:00+09:00,0.1955,0.1955,0.1951,0.1952,2625.3
2025-04-11 22:15:00+09:00,0.1951,0.1951,0.1945,0.1945,3640.9
2025-04-11 22:20:00+09:00,0.1946,0.1958,0.1946,0.1958,14782.6
2025-04-11 22:25:00+09:00,0.1954,0.1956,0.1953,0.1956,9485.9
2025-04-11 22:30:00+09:00,0.1956,0.1963,0.1947,0.1962,26985.4
2025-04-11 22:35:00+09:00,0.1962,0.1982,0.1962,0.1979,48731.7
2025-04-11 22:40:00+09:00,0.1978,0.1983,0.1972,0.1979,185862.6
2025-04-11 22:45:00+09:00,0.1981,0.1988,0.1977,0.1988,29185.6
2025-04-11 22:50:00+09:00,0.1987,0.1988,0.1982,0.1986,106572.4
2025-04-11 22:55:00+09:00,0.1985,0.1985,0.1976,0.1979,20604.4
2025-04-11 23:00:00+09:00,0.1979,0.1979,0.196,0.1965,233473.7
2025-04-11 23:05:00+09:00,0.1965,0.1968,0.1961,0.1966,73633.5
2025-04-11 23:10:00+09:00,0.1968,0.1969,0.1958,0.1964,81767.4
2025-04-11 23:15:00+09:00,0.1965,0.1967,0.1961,0.1961,16802.9
2025-04-11 23:20:00+09:00,0.1961,0.1967,0.1958,0.1963,179700.7
2025-04-11 23:25:00+09:00,0.1965,0.1966,0.195,0.1957,94587.2
2025-04-11 23:30:00+09:00,0.1957,0.1977,0.1957,0.1977,48760.3
2025-04-11 23:35:00+09:00,0.1978,0.1991,0.1977,0.1982,70671.2
2025-04-11 23:40:00+09:00,0.1982,0.1982,0.1979,0.198,5712.6
2025-04-11 23:45:00+09:00,0.1983,0.1989,0.1981,0.1981,9370.5
2025-04-11 23:50:00+09:00,0.1979,0.1979,0.197,0.1972,38396.3
2025-04-11 23:55:00+09:00,0.1972,0.1972,0.1967,0.1967,19482.9
2025-04-12 00:00:00+09:00,0.1968,0.1988,0.1968,0.1981,191707.9
2025-04-12 00:05:00+09:00,0.1981,0.1989,0.1981,0.1985,52141.4
2025-04-12 00:10:00+09:00,0.1984,0.1985,0.198,0.1984,21716.9
2025-04-12 00:15:00+09:00,0.1983,0.1985,0.1975,0.1976,27304.8
2025-04-12 00:20:00+09:00,0.1977,0.1982,0.1977,0.198,56372.4
2025-04-12 00:25:00+09:00,0.1978,0.1982,0.1978,0.1982,7538.7
2025-04-12 00:30:00+09:00,0.1981,0.1987,0.1979,0.1979,62799.4
2025-04-12 00:35:00+09:00,0.1978,0.1983,0.1976,0.1983,12046.2
2025-04-12 00:40:00+09:00,0.1983,0.1983,0.198,0.1981,5079.3
2025-04-12 00:45:00+09:00,0.1981,0.1983,0.198,0.1982,8744.5
2025-04-12 00:50:00+09:00,0.1982,0.1982,0.1979,0.198,1566.4
2025-04-12 00:55:00+09:00,0.1981,0.1983,0.1981,0.1981,6679.8
2025-04-12 01:00:00+09:00,0.1982,0.1984,0.1977,0.198,22208.9
2025-04-12 01:05:00+09:00,0.1981,0.1981,0.1976,0.1976,3835.6
2025-04-12 01:10:00+09:00,0.1976,0.1977,0.1974,0.1974,2246.1
2025-04-12 01:15:00+09:00,0.1974,0.1976,0.1974,0.1974,10202.9
2025-04-12 01:20:00+09:00,0.1974,0.1974,0.1971,0.1971,5336.5
2025-04-12 01:25:00+09:00,0.197,0.1972,0.1968,0.1972,6204.9
2025-04-12 01:30:00+09:00,0.1973,0.1988,0.1973,0.1988,14104.4
2025-04-12 01:35:00+09:00,0.1988,0.2006,0.1988,0.2006,312382.6
2025-04-12 01:40:00+09:00,0.2003,0.2011,0.2002,0.2006,64478.7
2025-04-12 01:45:00+09:00,0.2008,0.2011,0.2006,0.2008,68265.4
2025-04-12 01:50:00+09:00,0.2007,0.2007,0.2002,0.2003,22479.2
2025-04-12 01:55:00+09:00,0.2004,0.2008,0.2,0.2003,96017.9
2025-04-12 02:00:00+09:00,0.2002,0.2018,0.2002,0.2015,66470.4
2025-04-12 02:05:00+09:00,0.2015,0.2032,0.2013,0.2025,328544.4
2025-04-12 02:10:00+09:00,0.2026,0.2034,0.2026,0.2031,89158.1
2025-04-12 02:15:00+09:00,0.2029,0.2029,0.2022,0.2022,34295.9
2025-04-12 02:20:00+09:00,0.2023,0.2025,0.2021,0.2024,16366.7
2025-04-12 02:25:00+09:00,0.2026,0.2026,0.2016,0.2018,5049.3
2025-04-12 02:30:00+09:00,0.2019,0.2019,0.201,0.2012,166612.1
2025-04-12 02:35:00+09:00,0.2013,0.2029,0.2013,0.2029,56955.5
2025-04-12 02:40:00+09:00,0.203,0.2031,0.2022,0.2029,25985.2
2025-04-12 02:45:00+09:00,0.2028,0.2029,0.2023,0.2025,9811.4
2025-04-12 02:50:00+09:00,0.2024,0.2028,0.2021,0.2025,33496.1
2025-04-12 02:55:00+09:00,0.2024,0.2025,0.2023,0.2023,8726.5
2025-04-12 03:00:00+09:00,0.2023,0.2023,0.2017,0.2021,42624.7
2025-04-12 03:05:00+09:00,0.202,0.2022,0.2015,0.2018,32383.1
2025-04-12 03:10:00+09:00,0.2018,0.2023,0.2018,0.202,8987.2
2025-04-12 03:15:00+09:00,0.2021,0.203,0.2021,0.2022,34082.9
2025-04-12 03:20:00+09:00,0.2025,0.2025,0.2017,0.2023,19800.6
2025-04-12 03:25:00+09:00,0.2023,0.2029,0.2023,0.2027,26427.6
2025-04-12 03:30:00+09:00,0.2027,0.203,0.2026,0.2026,7826.3
2025-04-12 03:35:00+09:00,0.2027,0.203,0.2024,0.2029,20263.1
2025-04-12 03:40:00+09:00,0.2028,0.2029,0.2025,0.2026,16614.7
2025-04-12 03:45:00+09:00,0.2026,0.2033,0.2025,0.2032,30745.9
2025-04-12 03:50:00+09:00,0.2032,0.2034,0.2023,0.2026,22012.4
2025-04-12 03:55:00+09:00,0.2025,0.2026,0.2019,0.2019,27092.7
2025-04-12 04:00:00+09:00,0.2019,0.2025,0.2019,0.2025,8675.3
2025-04-12 04:05:00+09:00,0.2024,0.203,0.2024,0.203,4386.9
2025-04-12 04:10:00+09:00,0.2028,0.203,0.2027,0.2029,6550.3
2025-04-12 04:15:00+09:00,0.2028,0.203,0.2026,0.203,5994.5
2025-04-12 04:20:00+09:00,0.2027,0.2029,0.2024,0.2024,1609.0
2025-04-12 04:25:00+09:00,0.2023,0.2023,0.202,0.202,2892.7
2025-04-12 04:30:00+09:00,0.2018,0.2021,0.2018,0.2021,536.3
2025-04-12 04:35:00+09:00,0.2019,0.202,0.2017,0.2019,13815.4
2025-04-12 04:40:00+09:00,0.202,0.2023,0.2019,0.2019,25836.8
2025-04-12 04:45:00+09:00,0.2018,0.2022,0.2013,0.2022,46409.5
2025-04-12 04:50:00+09:00,0.2023,0.2024,0.2021,0.2023,27999.4
2025-04-12 04:55:00+09:00,0.2024,0.2025,0.2024,0.2024,529.7
2025-04-12 05:00:00+09:00,0.2024,0.2024,0.2021,0.2024,5808.5
2025-04-12 05:05:00+09:00,0.2023,0.2025,0.2022,0.2023,4280.8
2025-04-12 05:10:00+09:00,0.2022,0.2024,0.2022,0.2024,734.2
2025-04-12 05:15:00+09:00,0.2022,0.2022,0.2019,0.2019,1751.7
2025-04-12 05:20:00+09:00,0.2021,0.2025,0.2021,0.2024,584.3
2025-04-12 05:25:00+09:00,0.2024,0.2031,0.2024,0.2029,20328.0
2025-04-12 05:30:00+09:00,0.2029,0.2033,0.2029,0.2031,7841.3
2025-04-12 05:35:00+09:00,0.203,0.203,0.2026,0.2026,4105.8
2025-04-12 05:40:00+09:00,0.2025,0.2029,0.2025,0.2029,1418.7
2025-04-12 05:45:00+09:00,0.2029,0.2029,0.2025,0.2025,7552.1
2025-04-12 05:50:00+09:00,0.2026,0.2027,0.2024,0.2024,8110.4
2025-04-12 05:55:00+09:00,0.2024,0.2024,0.2021,0.2023,13206.2
2025-04-12 06:00:00+09:00,0.2022,0.2023,0.2021,0.2022,8173.1
2025-04-12 06:05:00+09:00,0.2023,0.2024,0.2019,0.2021,10572.7
2025-04-12 06:10:00+09:00,0.202,0.2024,0.202,0.2024,9738.4
2025-04-12 06:15:00+09:00,0.2023,0.2027,0.2023,0.2026,6481.4
2025-04-12 06:20:00+09:00,0.2026,0.203,0.2025,0.2027,24790.5
2025-04-12 06:25:00+09:00,0.2023,0.2023,0.202,0.202,4109.5
2025-04-12 06:30:00+09:00,0.2019,0.2019,0.2015,0.2015,3969.0
2025-04-12 06:35:00+09:00,0.2015,0.2017,0.2013,0.2017,9646.5
2025-04-12 06:40:00+09:00,0.2017,0.2017,0.2015,0.2015,2382.4
2025-04-12 06:45:00+09:00,0.2016,0.2016,0.2014,0.2014,3120.9
2025-04-12 06:50:00+09:00,0.2014,0.2015,0.2014,0.2015,777.9
2025-04-12 06:55:00+09:00,0.2015,0.2017,0.2015,0.2017,2684.7
2025-04-12 07:00:00+09:00,0.2018,0.2018,0.2017,0.2018,790.4
2025-04-12 07:05:00+09:00,0.2019,0.2024,0.2019,0.2021,6384.4
2025-04-12 07:10:00+09:00,0.2021,0.2024,0.2021,0.2022,2249.6
2025-04-12 07:15:00+09:00,0.2021,0.2021,0.2016,0.2016,48747.3
2025-04-12 07:20:00+09:00,0.2017,0.2018,0.2017,0.2017,2428.9
2025-04-12 07:25:00+09:00,0.2017,0.202,0.2017,0.2018,7907.8
2025-04-12 07:30:00+09:00,0.2016,0.2018,0.2016,0.2016,1553.8
2025-04-12 07:35:00+09:00,0.2016,0.2023,0.2015,0.2021,26405.8
2025-04-12 07:40:00+09:00,0.2019,0.2019,0.2016,0.2017,4058.6
2025-04-12 07:45:00+09:00,0.2018,0.2019,0.2017,0.2017,850.7
2025-04-12 07:50:00+09:00,0.2017,0.2017,0.2014,0.2014,10980.1
2025-04-12 07:55:00+09:00,0.2011,0.2012,0.2006,0.2009,54422.3
2025-04-12 08:00:00+09:00,0.2007,0.2008,0.2003,0.2008,117096.0
2025-04-12 08:05:00+09:00,0.2008,0.2009,0.2006,0.2009,3476.4
2025-04-12 08:10:00+09:00,0.2009,0.201,0.2009,0.2009,647.6
2025-04-12 08:15:00+09:00,0.2008,0.2009,0.2004,0.2004,2597.3
2025-04-12 08:20:00+09:00,0.2006,0.2008,0.2006,0.2007,6646.4
2025-04-12 08:25:00+09:00,0.2007,0.201,0.2007,0.2008,11012.3
2025-04-12 08:30:00+09:00,0.2009,0.2011,0.2008,0.2008,9665.8
2025-04-12 08:35:00+09:00,0.2009,0.2011,0.2009,0.201,2737.9
2025-04-12 08:40:00+09:00,0.201,0.2012,0.201,0.2012,3511.2
2025-04-12 08:45:00+09:00,0.2012,0.2012,0.2008,0.2008,1801.3
2025-04-12 08:50:00+09:00,0.2009,0.2012,0.2009,0.201,2439.5
2025-04-12 08:55:00+09:00,0.201,0.201,0.2008,0.2008,6573.5
2025-04-12 09:00:00+09:00,0.2008,0.2009,0.2006,0.2007,28152.2
2025-04-12 09:05:00+09:00,0.2009,0.2013,0.2009,0.2012,6805.7
2025-04-12 09:10:00+09:00,0.2012,0.2023,0.2012,0.2014,46470.1
2025-04-12 09:15:00+09:00,0.2015,0.2017,0.2013,0.2013,2469.9
2025-04-12 09:20:00+09:00,0.2011,0.2028,0.2007,0.2023,154040.0
2025-04-12 09:25:00+09:00,0.2023,0.2032,0.2023,0.2028,16363.6
2025-04-12 09:30:00+09:00,0.2029,0.2029,0.2013,0.2013,31602.5
2025-04-12 09:35:00+09:00,0.2014,0.2018,0.2012,0.2014,58658.6
2025-04-12 09:40:00+09:00,0.2014,0.2019,0.2011,0.2013,27323.7
2025-04-12 09:45:00+09:00,0.2011,0.2013,0.201,0.201,2052.6
2025-04-12 09:50:00+09:00,0.2009,0.2011,0.2009,0.2009,3123.9
2025-04-12 09:55:00+09:00,0.2009,0.2012,0.2008,0.2012,2875.5
2025-04-12 10:00:00+09:00,0.2011,0.2021,0.2008,0.2021,72220.6
2025-04-12 10:05:00+09:00,0.2021,0.2024,0.2016,0.2024,16577.2
2025-04-12 10:10:00+09:00,0.2021,0.2022,0.202,0.2022,3472.1
2025-04-12 10:15:00+09:00,0.202,0.2021,0.2016,0.2017,9406.1
2025-04-12 10:20:00+09:00,0.2016,0.2016,0.2011,0.2011,6464.2
2025-04-12 10:25:00+09:00,0.201,0.201,0.2009,0.201,2498.8
2025-04-12 10:30:00+09:00,0.201,0.2012,0.201,0.201,5758.3
2025-04-12 10:35:00+09:00,0.2013,0.2015,0.2012,0.2015,2928.8
2025-04-12 10:40:00+09:00,0.2016,0.202,0.2016,0.2017,20450.6
2025-04-12 10:45:00+09:00,0.2017,0.2018,0.2017,0.2017,2151.2
2025-04-12 10:50:00+09:00,0.2016,0.2016,0.2012,0.2014,9392.4
2025-04-12 10:55:00+09:00,0.2016,0.2018,0.2016,0.2018,1207.7
2025-04-12 11:00:00+09:00,0.2018,0.2018,0.2013,0.2013,7009.5
2025-04-12 11:05:00+09:00,0.2013,0.2015,0.2013,0.2015,1746.5
2025-04-12 11:10:00+09:00,0.2014,0.2014,0.2009,0.201,9897.1
2025-04-12 11:15:00+09:00,0.2012,0.2015,0.2012,0.2015,422.6
2025-04-12 11:20:00+09:00,0.2016,0.2016,0.2015,0.2015,220.8
2025-04-12 11:25:00+09:00,0.2017,0.2017,0.2017,0.2017,27.2
2025-04-12 11:30:00+09:00,0.2019,0.2019,0.2016,0.2018,6189.1
2025-04-12 11:35:00+09:00,0.2017,0.202,0.2017,0.202,1396.3
2025-04-12 11:40:00+09:00,0.2021,0.2023,0.202,0.202,1688.3
2025-04-12 11:45:00+09:00,0.2021,0.2022,0.2017,0.2017,35879.2
2025-04-12 11:50:00+09:00,0.2013,0.2015,0.2012,0.2014,6276.0
2025-04-12 11:55:00+09:00,0.201,0.201,0.2009,0.2009,3439.0
2025-04-12 12:00:00+09:00,0.2007,0.2009,0.2007,0.2008,4345.7
2025-04-12 12:05:00+09:00,0.2008,0.201,0.2008,0.201,3960.6
2025-04-12 12:10:00+09:00,0.201,0.2011,0.201,0.201,1141.9
2025-04-12 12:15:00+09:00,0.2009,0.201,0.2007,0.2007,11576.0
2025-04-12 12:20:00+09:00,0.2007,0.2008,0.2006,0.2007,18070.3
2025-04-12 12:25:00+09:00,0.2008,0.2008,0.2006,0.2006,4480.7
2025-04-12 12:30:00+09:00,0.2007,0.2007,0.2007,0.2007,620.0
2025-04-12 12:35:00+09:00,0.2008,0.2009,0.2002,0.2004,117385.6
2025-04-12 12:40:00+09:00,0.2005,0.2008,0.2005,0.2008,2507.1
2025-04-12 12:45:00+09:00,0.2007,0.2008,0.2006,0.2007,2155.8
2025-04-12 12:50:00+09:00,0.2007,0.2007,0.2007,0.2007,2436.2
2025-04-12 12:55:00+09:00,0.2006,0.2006,0.2004,0.2004,2155.2
2025-04-12 13:00:00+09:00,0.2004,0.2008,0.1996,0.2001,79344.1
2025-04-12 13:05:00+09:00,0.1998,0.1998,0.1989,0.1989,38834.6
2025-04-12 13:10:00+09:00,0.1988,0.1989,0.1988,0.1989,6851.1
2025-04-12 13:15:00+09:00,0.1989,0.1992,0.1986,0.1992,4729.0
2025-04-12 13:20:00+09:00,0.1991,0.1991,0.199,0.1991,2494.4
2025-04-12 13:25:00+09:00,0.1991,0.1994,0.1991,0.1994,1457.2
2025-04-12 13:30:00+09:00,0.1995,0.2011,0.1995,0.1999,53843.8
2025-04-12 13:35:00+09:00,0.1999,0.2005,0.1996,0.2005,10445.6
2025-04-12 13:40:00+09:00,0.2002,0.2004,0.2001,0.2004,11865.7
2025-04-12 13:45:00+09:00,0.2003,0.2007,0.2003,0.2006,7660.5
2025-04-12 13:50:00+09:00,0.2006,0.2007,0.2003,0.2006,5351.9
2025-04-12 13:55:00+09:00,0.2004,0.2009,0.2004,0.2006,4075.8
2025-04-12 14:00:00+09:00,0.2007,0.201,0.2005,0.2005,5671.7
2025-04-12 14:05:00+09:00,0.2007,0.2007,0.2004,0.2007,5610.1
2025-04-12 14:10:00+09:00,0.2007,0.2007,0.2006,0.2007,3184.1
2025-04-12 14:15:00+09:00,0.2007,0.201,0.2005,0.201,16568.1
2025-04-12 14:20:00+09:00,0.2008,0.2012,0.2006,0.2009,59150.2
2025-04-12 14:25:00+09:00,0.2008,0.2008,0.2006,0.2007,970.4
2025-04-12 14:30:00+09:00,0.2007,0.2016,0.2007,0.2012,76080.8
2025-04-12 14:35:00+09:00,0.2012,0.2012,0.2007,0.2009,16353.2
2025-04-12 14:40:00+09:00,0.2009,0.2011,0.2009,0.201,2166.5
2025-04-12 14:45:00+09:00,0.2008,0.201,0.2008,0.201,712.1
2025-04-12 14:50:00+09:00,0.2008,0.2008,0.2007,0.2008,3704.9
2025-04-12 14:55:00+09:00,0.2009,0.2009,0.2009,0.2009,1177.2
2025-04-12 15:00:00+09:00,0.2008,0.201,0.2005,0.201,30683.6
2025-04-12 15:05:00+09:00,0.201,0.2013,0.201,0.2012,2617.9
2025-04-12 15:10:00+09:00,0.2014,0.2016,0.2014,0.2014,679.2
2025-04-12 15:15:00+09:00,0.2015,0.2015,0.201,0.2013,14894.9
2025-04-12 15:20:00+09:00,0.2013,0.2017,0.2013,0.2016,8175.0
2025-04-12 15:25:00+09:00,0.2014,0.2014,0.2006,0.2011,79462.0
2025-04-12 15:30:00+09:00,0.201,0.2011,0.2009,0.2011,2263.3
2025-04-12 15:35:00+09:00,0.2009,0.2015,0.2009,0.2015,9021.1
2025-04-12 15:40:00+09:00,0.2016,0.2018,0.2014,0.2016,24442.0
2025-04-12 15:45:00+09:00,0.2016,0.2016,0.1983,0.1986,667988.1
2025-04-12 15:50:00+09:00,0.1986,0.1987,0.198,0.1982,101147.7
2025-04-12 15:55:00+09:00,0.1982,0.1985,0.1981,0.1985,49930.2
2025-04-12 16:00:00+09:00,0.1983,0.1983,0.1979,0.198,43208.7
2025-04-12 16:05:00+09:00,0.198,0.1987,0.198,0.1987,3862.3
2025-04-12 16:10:00+09:00,0.1988,0.199,0.1985,0.1989,26870.3
2025-04-12 16:15:00+09:00,0.1988,0.1993,0.1988,0.1992,2178.3
2025-04-12 16:20:00+09:00,0.1992,0.1992,0.1989,0.1991,15625.3
2025-04-12 16:25:00+09:00,0.1992,0.1994,0.1991,0.1991,18944.3
2025-04-12 16:30:00+09:00,0.1991,0.1993,0.1989,0.1992,11561.1
2025-04-12 16:35:00+09:00,0.1992,0.1996,0.1991,0.1993,27563.0
2025-04-12 16:40:00+09:00,0.1995,0.1996,0.1995,0.1996,113.4
2025-04-12 16:45:00+09:00,0.1996,0.2,0.1996,0.1999,16637.4
2025-04-12 16:50:00+09:00,0.2,0.2,0.1999,0.1999,1369.1
2025-04-12 16:55:00+09:00,0.1998,0.1998,0.1997,0.1997,6756.5
2025-04-12 17:00:00+09:00,0.1999,0.2001,0.1997,0.2001,10678.7
2025-04-12 17:05:00+09:00,0.2003,0.2013,0.2003,0.2008,55908.9
2025-04-12 17:10:00+09:00,0.2009,0.2017,0.2009,0.2014,8355.5
2025-04-12 17:15:00+09:00,0.2014,0.2014,0.2004,0.2011,43974.1
2025-04-12 17:20:00+09:00,0.2008,0.2008,0.2005,0.2007,2561.9
2025-04-12 17:25:00+09:00,0.2008,0.2008,0.2006,0.2007,5226.5
2025-04-12 17:30:00+09:00,0.2005,0.2005,0.2003,0.2005,958.7
2025-04-12 17:35:00+09:00,0.2005,0.2013,0.2005,0.2013,7365.3
2025-04-12 17:40:00+09:00,0.2016,0.2017,0.201,0.2012,22389.8
2025-04-12 17:45:00+09:00,0.2012,0.2014,0.2004,0.2006,10081.5
2025-04-12 17:50:00+09:00,0.2007,0.2009,0.2001,0.2004,21017.5
2025-04-12 17:55:00+09:00,0.2004,0.2005,0.2001,0.2001,4383.8
2025-04-12 18:00:00+09:00,0.2001,0.2005,0.2,0.2005,6968.9
2025-04-12 18:05:00+09:00,0.2005,0.2007,0.2003,0.2005,7358.0
2025-04-12 18:10:00+09:00,0.2005,0.2005,0.2,0.2001,2676.1
2025-04-12 18:15:00+09:00,0.2,0.2005,0.1999,0.2005,6678.7
2025-04-12 18:20:00+09:00,0.2005,0.2008,0.2003,0.2005,23915.7
2025-04-12 18:25:00+09:00,0.2005,0.2008,0.2005,0.2007,3242.9
2025-04-12 18:30:00+09:00,0.2004,0.2006,0.2002,0.2006,4064.8
2025-04-12 18:35:00+09:00,0.2008,0.2009,0.2005,0.2005,1438.7
2025-04-12 18:40:00+09:00,0.2003,0.2004,0.2003,0.2004,4401.2
2025-04-12 18:45:00+09:00,0.2004,0.2006,0.2002,0.2005,15297.1
2025-04-12 18:50:00+09:00,0.2005,0.2006,0.2002,0.2003,11412.5
2025-04-12 18:55:00+09:00,0.2001,0.2002,0.2001,0.2002,167.9
2025-04-12 19:00:00+09:00,0.2001,0.2006,0.2001,0.2005,34885.5
2025-04-12 19:05:00+09:00,0.2004,0.2004,0.1999,0.2002,21576.7
2025-04-12 19:10:00+09:00,0.2001,0.2001,0.1999,0.1999,888.3
2025-04-12 19:15:00+09:00,0.1996,0.1998,0.1993,0.1993,2332.9
2025-04-12 19:20:00+09:00,0.1993,0.1993,0.199,0.199,6218.5
2025-04-12 19:25:00+09:00,0.1991,0.1993,0.1991,0.1992,900.1
2025-04-12 19:30:00+09:00,0.1992,0.1992,0.199,0.199,2976.8
2025-04-12 19:35:00+09:00,0.1988,0.1992,0.1988,0.1992,27546.8
2025-04-12 19:40:00+09:00,0.1991,0.1991,0.1987,0.199,2960.1
2025-04-12 19:45:00+09:00,0.1988,0.1988,0.1987,0.1987,5982.3
2025-04-12 19:50:00+09:00,0.1987,0.1987,0.1986,0.1986,634.5
2025-04-12 19:55:00+09:00,0.1985,0.1985,0.1974,0.1984,246615.6
2025-04-12 20:00:00+09:00,0.1984,0.1988,0.1981,0.1988,11223.4
2025-04-12 20:05:00+09:00,0.1988,0.1989,0.1987,0.1987,4949.2
2025-04-12 20:10:00+09:00,0.1986,0.1992,0.1986,0.1992,3185.7
2025-04-12 20:15:00+09:00,0.1991,0.1996,0.1991,0.1995,10314.4
2025-04-12 20:20:00+09:00,0.1996,0.1996,0.1992,0.1992,4434.3
2025-04-12 20:25:00+09:00,0.1992,0.1992,0.1991,0.1992,320.3
2025-04-12 20:30:00+09:00,0.1993,0.1993,0.199,0.1991,4831.7
2025-04-12 20:35:00+09:00,0.1991,0.1991,0.1988,0.1988,1543.6
2025-04-12 20:40:00+09:00,0.1988,0.1988,0.1984,0.1985,6106.7
2025-04-12 20:45:00+09:00,0.1982,0.1983,0.1982,0.1982,6552.2
2025-04-12 20:50:00+09:00,0.1983,0.1986,0.1983,0.1986,1969.0
2025-04-12 20:55:00+09:00,0.1987,0.1987,0.1985,0.1986,5682.4
2025-04-12 21:00:00+09:00,0.1984,0.1986,0.1977,0.1978,11936.3
2025-04-12 21:05:00+09:00,0.1978,0.1983,0.1977,0.1979,30073.7
2025-04-12 21:10:00+09:00,0.1978,0.1983,0.1978,0.1982,12442.3
2025-04-12 21:15:00+09:00,0.198,0.1987,0.1978,0.1986,24347.0
2025-04-12 21:20:00+09:00,0.1985,0.1989,0.1985,0.1989,8276.3
2025-04-12 21:25:00+09:00,0.199,0.1991,0.199,0.1991,1590.5
2025-04-12 21:30:00+09:00,0.1991,0.1991,0.1989,0.1989,1581.2
2025-04-12 21:35:00+09:00,0.199,0.2005,0.1986,0.2003,87712.8
2025-04-12 21:40:00+09:00,0.2002,0.2004,0.1996,0.2,47292.8
2025-04-12 21:45:00+09:00,0.2,0.2,0.1996,0.1996,1677.4
2025-04-12 21:50:00+09:00,0.1995,0.1995,0.1993,0.1994,5157.4
2025-04-12 21:55:00+09:00,0.1995,0.1999,0.1995,0.1999,2358.9
2025-04-12 22:00:00+09:00,0.2001,0.2005,0.2001,0.2005,5157.7
2025-04-12 22:05:00+09:00,0.2006,0.2015,0.2006,0.2011,23226.5
2025-04-12 22:10:00+09:00,0.2012,0.2019,0.2012,0.2016,10691.7
2025-04-12 22:15:00+09:00,0.2015,0.2018,0.2013,0.2013,11501.7
2025-04-12 22:20:00+09:00,0.2012,0.2012,0.2002,0.2002,16041.3
2025-04-12 22:25:00+09:00,0.2003,0.2014,0.2003,0.201,87046.0
2025-04-12 22:30:00+09:00,0.2009,0.2012,0.2006,0.2007,19502.2
2025-04-12 22:35:00+09:00,0.2008,0.2014,0.2008,0.2014,1873.5
2025-04-12 22:40:00+09:00,0.2014,0.2023,0.2005,0.2017,79989.2
2025-04-12 22:45:00+09:00,0.2017,0.2029,0.2017,0.2022,88254.6
2025-04-12 22:50:00+09:00,0.2022,0.203,0.2022,0.2029,40914.5
2025-04-12 22:55:00+09:00,0.2028,0.2035,0.2027,0.2027,17002.1
2025-04-12 23:00:00+09:00,0.2027,0.2037,0.2027,0.2037,54245.6
2025-04-12 23:05:00+09:00,0.2037,0.2051,0.2037,0.2049,60634.9
2025-04-12 23:10:00+09:00,0.2048,0.205,0.2043,0.205,50528.1
2025-04-12 23:15:00+09:00,0.2052,0.2052,0.2048,0.205,2093.7
2025-04-12 23:20:00+09:00,0.205,0.2081,0.205,0.2074,70695.0
2025-04-12 23:25:00+09:00,0.2075,0.2076,0.2062,0.2065,51544.5
2025-04-12 23:30:00+09:00,0.2067,0.208,0.2065,0.207,38015.2
2025-04-12 23:35:00+09:00,0.2068,0.2074,0.2067,0.2072,46680.0
2025-04-12 23:40:00+09:00,0.207,0.207,0.2059,0.2063,10966.6
2025-04-12 23:45:00+09:00,0.2061,0.2061,0.205,0.2053,34137.7
2025-04-12 23:50:00+09:00,0.2054,0.206,0.2053,0.2059,6568.7
2025-04-12 23:55:00+09:00,0.2058,0.206,0.2057,0.2057,1762.9
2025-04-13 00:00:00+09:00,0.2056,0.2061,0.2056,0.2059,18021.8
2025-04-13 00:05:00+09:00,0.2058,0.2058,0.205,0.205,7954.8
2025-04-13 00:10:00+09:00,0.2052,0.2057,0.2052,0.2052,2494.8
2025-04-13 00:15:00+09:00,0.2052,0.2069,0.2052,0.2069,23121.9
2025-04-13 00:20:00+09:00,0.207,0.2073,0.2069,0.2073,19698.8
2025-04-13 00:25:00+09:00,0.2073,0.2073,0.2071,0.2073,11726.9
2025-04-13 00:30:00+09:00,0.2072,0.208,0.207,0.2079,32642.6
2025-04-13 00:35:00+09:00,0.2078,0.2085,0.2076,0.2079,52959.6
2025-04-13 00:40:00+09:00,0.208,0.2087,0.208,0.2081,8583.0
2025-04-13 00:45:00+09:00,0.208,0.2081,0.2076,0.2076,9973.9
2025-04-13 00:50:00+09:00,0.2076,0.2076,0.207,0.2071,7112.6
2025-04-13 00:55:00+09:00,0.2072,0.2074,0.2071,0.2073,5342.8
2025-04-13 01:00:00+09:00,0.2074,0.2082,0.2074,0.2081,11095.1
2025-04-13 01:05:00+09:00,0.2079,0.208,0.2067,0.207,156279.7
2025-04-13 01:10:00+09:00,0.2068,0.2071,0.2059,0.2071,20006.6
2025-04-13 01:15:00+09:00,0.207,0.2071,0.2067,0.2069,3940.8
2025-04-13 01:20:00+09:00,0.2069,0.2077,0.2069,0.2073,61073.8
2025-04-13 01:25:00+09:00,0.2072,0.2072,0.2069,0.207,3816.0
2025-04-13 01:30:00+09:00,0.2069,0.207,0.2066,0.2068,9940.7
2025-04-13 01:35:00+09:00,0.2068,0.2071,0.2065,0.2071,25588.3
2025-04-13 01:40:00+09:00,0.2069,0.2076,0.2069,0.2069,46247.1
2025-04-13 01:45:00+09:00,0.2062,0.2064,0.2055,0.2057,27631.7
2025-04-13 01:50:00+09:00,0.2059,0.2061,0.2058,0.206,4590.5
2025-04-13 01:55:00+09:00,0.206,0.2062,0.2058,0.2061,28429.0
2025-04-13 02:00:00+09:00,0.206,0.2064,0.2058,0.2062,24899.9
2025-04-13 02:05:00+09:00,0.2063,0.2063,0.2057,0.2057,39903.4
2025-04-13 02:10:00+09:00,0.2057,0.2058,0.2049,0.2049,27099.3
2025-04-13 02:15:00+09:00,0.2049,0.2055,0.2049,0.2053,30426.0
2025-04-13 02:20:00+09:00,0.2052,0.2061,0.2052,0.2061,23603.8
2025-04-13 02:25:00+09:00,0.2061,0.2061,0.206,0.2061,2415.8
2025-04-13 02:30:00+09:00,0.2062,0.2064,0.2059,0.2059,7538.4
2025-04-13 02:35:00+09:00,0.2059,0.206,0.2059,0.206,1042.2
2025-04-13 02:40:00+09:00,0.2058,0.2058,0.2056,0.2058,470.1
2025-04-13 02:45:00+09:00,0.2056,0.2056,0.2051,0.2052,1539.7
2025-04-13 02:50:00+09:00,0.2051,0.2052,0.205,0.205,6275.6
2025-04-13 02:55:00+09:00,0.2051,0.2052,0.2049,0.2049,1888.2
2025-04-13 03:00:00+09:00,0.2051,0.2054,0.205,0.2054,4133.1
2025-04-13 03:05:00+09:00,0.2052,0.2053,0.205,0.2053,1829.0
2025-04-13 03:10:00+09:00,0.2054,0.2054,0.2054,0.2054,596.1
2025-04-13 03:15:00+09:00,0.2055,0.2057,0.2055,0.2057,215.7
2025-04-13 03:20:00+09:00,0.2057,0.206,0.2056,0.206,2035.5
2025-04-13 03:25:00+09:00,0.2062,0.2062,0.2062,0.2062,128.6
2025-04-13 03:30:00+09:00,0.2063,0.2064,0.2062,0.2063,1602.1
2025-04-13 03:35:00+09:00,0.2062,0.2062,0.2062,0.2062,991.0
2025-04-13 03:40:00+09:00,0.2063,0.2064,0.2063,0.2064,313.5
2025-04-13 03:45:00+09:00,0.2066,0.2071,0.2066,0.2071,2253.4
2025-04-13 03:50:00+09:00,0.207,0.2071,0.207,0.2071,915.9
2025-04-13 03:55:00+09:00,0.207,0.207,0.2066,0.2066,4230.0
2025-04-13 04:00:00+09:00,0.2066,0.2066,0.206,0.2062,1968.4
2025-04-13 04:05:00+09:00,0.2063,0.2064,0.2062,0.2063,2520.1
2025-04-13 04:10:00+09:00,0.2061,0.2061,0.2061,0.2061,65.0
2025-04-13 04:15:00+09:00,0.2059,0.2063,0.2059,0.2063,202.8
2025-04-13 04:20:00+09:00,0.2061,0.2061,0.2058,0.2058,2656.9
2025-04-13 04:25:00+09:00,0.2058,0.2058,0.2049,0.2052,9170.0
2025-04-13 04:30:00+09:00,0.2052,0.2052,0.2046,0.2047,816.6
2025-04-13 04:35:00+09:00,0.2048,0.205,0.2047,0.2047,516.8
2025-04-13 04:40:00+09:00,0.2049,0.205,0.2049,0.2049,2545.4
2025-04-13 04:45:00+09:00,0.205,0.2051,0.205,0.2051,197.2
2025-04-13 04:50:00+09:00,0.205,0.2051,0.205,0.2051,2567.9
2025-04-13 04:55:00+09:00,0.2052,0.2052,0.2052,0.2052,65.0
2025-04-13 05:00:00+09:00,0.2054,0.2054,0.2053,0.2053,1924.3
2025-04-13 05:05:00+09:00,0.2053,0.2058,0.2053,0.2058,11680.8
2025-04-13 05:10:00+09:00,0.2057,0.2057,0.2054,0.2055,8451.8
2025-04-13 05:15:00+09:00,0.2055,0.2057,0.2054,0.2057,3890.9
2025-04-13 05:20:00+09:00,0.2055,0.2055,0.2052,0.2055,10973.0
2025-04-13 05:25:00+09:00,0.2054,0.2056,0.2053,0.2056,3039.2
2025-04-13 05:30:00+09:00,0.2059,0.2061,0.2059,0.2061,4402.1
2025-04-13 05:35:00+09:00,0.2061,0.2066,0.2059,0.2064,4712.3
2025-04-13 05:40:00+09:00,0.2067,0.2073,0.2067,0.2072,5183.1
2025-04-13 05:45:00+09:00,0.2071,0.2071,0.2066,0.2066,4337.4
2025-04-13 05:50:00+09:00,0.2065,0.2065,0.2063,0.2063,623.9
2025-04-13 05:55:00+09:00,0.2064,0.2067,0.2064,0.2065,1343.9
2025-04-13 06:00:00+09:00,0.2061,0.2065,0.2061,0.2063,1775.5
2025-04-13 06:05:00+09:00,0.2063,0.2066,0.2063,0.2065,1875.0
2025-04-13 06:10:00+09:00,0.2063,0.207,0.2063,0.2068,18865.5
2025-04-13 06:15:00+09:00,0.207,0.2071,0.207,0.2071,1380.2
2025-04-13 06:20:00+09:00,0.2074,0.2074,0.2073,0.2074,1476.7
2025-04-13 06:25:00+09:00,0.2074,0.2074,0.2069,0.2069,17057.8
2025-04-13 06:30:00+09:00,0.2071,0.2072,0.2069,0.2069,22944.7
2025-04-13 06:35:00+09:00,0.2068,0.2068,0.2067,0.2067,10945.5
2025-04-13 06:40:00+09:00,0.2066,0.2069,0.2066,0.2069,2446.8
2025-04-13 06:45:00+09:00,0.2071,0.2072,0.2071,0.2071,5544.3
2025-04-13 06:50:00+09:00,0.2072,0.2072,0.2072,0.2072,83.0
2025-04-13 06:55:00+09:00,0.2072,0.2072,0.2072,0.2072,164.0
2025-04-13 07:00:00+09:00,0.2072,0.2075,0.2072,0.2073,395.2
2025-04-13 07:05:00+09:00,0.2071,0.2072,0.2069,0.2072,1540.1
2025-04-13 07:10:00+09:00,0.2074,0.208,0.2074,0.2079,1087.3
2025-04-13 07:15:00+09:00,0.2082,0.2088,0.2082,0.2087,13265.9
2025-04-13 07:20:00+09:00,0.2085,0.2085,0.2085,0.2085,160.7
2025-04-13 07:25:00+09:00,0.2082,0.2084,0.2078,0.2078,36115.4
2025-04-13 07:30:00+09:00,0.2078,0.2078,0.2075,0.2078,10939.9
2025-04-13 07:35:00+09:00,0.2079,0.2081,0.207,0.207,21305.7
2025-04-13 07:40:00+09:00,0.2071,0.2077,0.207,0.2076,85515.7
2025-04-13 07:45:00+09:00,0.2075,0.2075,0.2072,0.2072,1367.3
2025-04-13 07:50:00+09:00,0.2071,0.2071,0.2071,0.2071,137.4
2025-04-13 07:55:00+09:00,0.207,0.207,0.207,0.207,108.3
2025-04-13 08:00:00+09:00,0.2072,0.2074,0.207,0.207,3783.9
2025-04-13 08:05:00+09:00,0.2071,0.2072,0.2071,0.2072,265.0
2025-04-13 08:10:00+09:00,0.2071,0.2071,0.2068,0.2068,1190.0
2025-04-13 08:15:00+09:00,0.207,0.2076,0.207,0.2076,195.0
2025-04-13 08:20:00+09:00,0.2075,0.2075,0.207,0.2072,36183.5
2025-04-13 08:25:00+09:00,0.2072,0.2072,0.2071,0.2071,7198.4
2025-04-13 08:30:00+09:00,0.2073,0.2073,0.2069,0.207,625.8
2025-04-13 08:35:00+09:00,0.2069,0.2072,0.2069,0.2072,2588.2
2025-04-13 08:40:00+09:00,0.2073,0.2078,0.2073,0.2076,62185.8
2025-04-13 08:45:00+09:00,0.2078,0.2081,0.2077,0.2077,2795.2
2025-04-13 08:50:00+09:00,0.2076,0.2077,0.2076,0.2076,214.9
2025-04-13 08:55:00+09:00,0.2075,0.2075,0.2075,0.2075,65.0
2025-04-13 09:00:00+09:00,0.2076,0.2076,0.2069,0.207,4602.2
2025-04-13 09:05:00+09:00,0.2071,0.2076,0.2068,0.2076,4320.8
2025-04-13 09:10:00+09:00,0.2077,0.2079,0.2076,0.2079,925.8
2025-04-13 09:15:00+09:00,0.2078,0.2081,0.2077,0.2078,8552.7
2025-04-13 09:20:00+09:00,0.2077,0.2077,0.2068,0.2068,405.4
2025-04-13 09:25:00+09:00,0.2068,0.2069,0.2067,0.2069,8683.0
2025-04-13 09:30:00+09:00,0.2068,0.2068,0.2062,0.2064,4646.0
2025-04-13 09:35:00+09:00,0.2066,0.2069,0.2066,0.2067,11458.6
2025-04-13 09:40:00+09:00,0.2068,0.207,0.2068,0.207,5032.8
2025-04-13 09:45:00+09:00,0.2071,0.2073,0.2071,0.2073,2562.4
2025-04-13 09:50:00+09:00,0.2071,0.2073,0.2071,0.2073,1050.0
2025-04-13 09:55:00+09:00,0.2072,0.2072,0.2068,0.2068,906.3
2025-04-13 10:00:00+09:00,0.2069,0.2069,0.2059,0.206,10682.2
2025-04-13 10:05:00+09:00,0.2059,0.2068,0.2058,0.2067,8617.1
2025-04-13 10:10:00+09:00,0.2071,0.2072,0.2069,0.2069,7420.4
2025-04-13 10:15:00+09:00,0.2068,0.207,0.2065,0.2065,548.7
2025-04-13 10:20:00+09:00,0.2063,0.2068,0.2063,0.2068,35471.1
2025-04-13 10:25:00+09:00,0.2066,0.2068,0.2065,0.2068,2957.9
2025-04-13 10:30:00+09:00,0.2066,0.2073,0.206,0.2061,9446.1
2025-04-13 10:35:00+09:00,0.2058,0.2058,0.2052,0.2053,1917.9
2025-04-13 10:40:00+09:00,0.2051,0.2053,0.2051,0.2051,14319.0
2025-04-13 10:45:00+09:00,0.2051,0.2059,0.2043,0.2048,128781.8
2025-04-13 10:50:00+09:00,0.2047,0.2047,0.2039,0.2039,16310.1
2025-04-13 10:55:00+09:00,0.2038,0.2039,0.2029,0.2031,28954.0
2025-04-13 11:00:00+09:00,0.2031,0.2031,0.2027,0.2031,10080.1
2025-04-13 11:05:00+09:00,0.2031,0.2035,0.203,0.2034,31974.0
2025-04-13 11:10:00+09:00,0.2034,0.2034,0.2033,0.2033,188.0
2025-04-13 11:15:00+09:00,0.2033,0.2034,0.2026,0.2031,19652.1
2025-04-13 11:20:00+09:00,0.203,0.203,0.2025,0.2026,4378.2
2025-04-13 11:25:00+09:00,0.2027,0.2028,0.2023,0.2025,4881.7
2025-04-13 11:30:00+09:00,0.2024,0.2031,0.2023,0.2031,10359.6
2025-04-13 11:35:00+09:00,0.2032,0.2032,0.2029,0.2029,10762.3
2025-04-13 11:40:00+09:00,0.2028,0.2033,0.2028,0.2033,4144.3
2025-04-13 11:45:00+09:00,0.2032,0.2033,0.2029,0.203,18290.1
2025-04-13 11:50:00+09:00,0.203,0.2031,0.2029,0.2029,3461.3
2025-04-13 11:55:00+09:00,0.2031,0.2036,0.2031,0.2034,3159.8
2025-04-13 12:00:00+09:00,0.2033,0.2035,0.2032,0.2034,469.9
2025-04-13 12:05:00+09:00,0.2033,0.2038,0.2031,0.2035,48181.6
2025-04-13 12:10:00+09:00,0.2036,0.2037,0.2036,0.2037,2515.6
2025-04-13 12:15:00+09:00,0.2038,0.2038,0.2032,0.2032,5971.3
2025-04-13 12:20:00+09:00,0.2031,0.2032,0.203,0.2032,893.5
2025-04-13 12:25:00+09:00,0.2031,0.2031,0.2028,0.2029,3601.3
2025-04-13 12:30:00+09:00,0.203,0.2035,0.203,0.2035,769.6
2025-04-13 12:35:00+09:00,0.2037,0.2038,0.2037,0.2038,9756.9
2025-04-13 12:40:00+09:00,0.2037,0.2039,0.2037,0.2037,810.6
2025-04-13 12:45:00+09:00,0.2039,0.2039,0.2039,0.2039,269.0
2025-04-13 12:50:00+09:00,0.204,0.2042,0.204,0.204,278.9
2025-04-13 12:55:00+09:00,0.2038,0.2038,0.2038,0.2038,266.6
2025-04-13 13:00:00+09:00,0.2037,0.2037,0.2037,0.2037,1668.8
2025-04-13 13:05:00+09:00,0.2036,0.2036,0.2033,0.2033,63934.4
2025-04-13 13:10:00+09:00,0.2033,0.2033,0.203,0.203,2636.7
2025-04-13 13:15:00+09:00,0.2023,0.2023,0.2019,0.2022,32969.7
2025-04-13 13:20:00+09:00,0.2024,0.2027,0.2024,0.2027,316.2
2025-04-13 13:25:00+09:00,0.2029,0.2029,0.2025,0.2025,18573.8
2025-04-13 13:30:00+09:00,0.2024,0.2024,0.2017,0.202,26558.2
2025-04-13 13:35:00+09:00,0.202,0.202,0.2015,0.2017,12941.7
2025-04-13 13:40:00+09:00,0.2018,0.202,0.2018,0.202,431.8
2025-04-13 13:45:00+09:00,0.2021,0.2024,0.2021,0.2022,1917.2
2025-04-13 13:50:00+09:00,0.2022,0.2022,0.2017,0.2018,1467.7
2025-04-13 13:55:00+09:00,0.2017,0.2017,0.201,0.2013,7172.4
2025-04-13 14:00:00+09:00,0.2014,0.2018,0.2014,0.2018,5639.2
2025-04-13 14:05:00+09:00,0.2017,0.202,0.2017,0.2017,2380.0
2025-04-13 14:10:00+09:00,0.2016,0.2016,0.2009,0.2009,1042.8
2025-04-13 14:15:00+09:00,0.201,0.2014,0.201,0.2014,2178.0
2025-04-13 14:20:00+09:00,0.2015,0.2016,0.2014,0.2014,690.4
2025-04-13 14:25:00+09:00,0.2014,0.2016,0.2014,0.2016,336.5
2025-04-13 14:30:00+09:00,0.2018,0.2021,0.2015,0.202,5604.3
2025-04-13 14:35:00+09:00,0.2018,0.2022,0.2018,0.2021,3429.7
2025-04-13 14:40:00+09:00,0.202,0.202,0.202,0.202,30.1
2025-04-13 14:45:00+09:00,0.2021,0.2021,0.2018,0.2018,2384.9
2025-04-13 14:50:00+09:00,0.2019,0.2019,0.2019,0.2019,2502.6
2025-04-13 14:55:00+09:00,0.202,0.202,0.2018,0.2019,6804.5
2025-04-13 15:00:00+09:00,0.2018,0.2026,0.2017,0.2022,14576.6
2025-04-13 15:05:00+09:00,0.2022,0.2028,0.2022,0.2028,1415.9
2025-04-13 15:10:00+09:00,0.2026,0.2026,0.2025,0.2026,757.0
2025-04-13 15:15:00+09:00,0.2026,0.2027,0.2023,0.2027,5778.3
2025-04-13 15:20:00+09:00,0.2026,0.2027,0.2026,0.2026,783.2
2025-04-13 15:25:00+09:00,0.2027,0.2032,0.2027,0.203,5926.1
2025-04-13 15:30:00+09:00,0.203,0.2038,0.2029,0.2037,68580.1
2025-04-13 15:35:00+09:00,0.2035,0.2035,0.203,0.203,11977.1
2025-04-13 15:40:00+09:00,0.2029,0.2033,0.2029,0.2032,1767.7
2025-04-13 15:45:00+09:00,0.2032,0.2037,0.2032,0.2036,2761.2
2025-04-13 15:50:00+09:00,0.2035,0.2054,0.2033,0.2048,185876.0
2025-04-13 15:55:00+09:00,0.2047,0.2047,0.2039,0.2042,9275.3
2025-04-13 16:00:00+09:00,0.2042,0.2048,0.2042,0.2046,19863.2
2025-04-13 16:05:00+09:00,0.2046,0.2048,0.2045,0.2045,5886.6
2025-04-13 16:10:00+09:00,0.2045,0.205,0.2044,0.2049,7458.0
2025-04-13 16:15:00+09:00,0.2048,0.2048,0.2044,0.2045,9449.5
2025-04-13 16:20:00+09:00,0.2045,0.2046,0.2044,0.2044,2032.5
2025-04-13 16:25:00+09:00,0.2046,0.2046,0.2045,0.2046,453.6
2025-04-13 16:30:00+09:00,0.2045,0.2045,0.2043,0.2044,1225.8
2025-04-13 16:35:00+09:00,0.2044,0.2044,0.2042,0.2042,1220.5
2025-04-13 16:40:00+09:00,0.2042,0.2042,0.2039,0.2042,4203.1
2025-04-13 16:45:00+09:00,0.2042,0.2043,0.204,0.2041,10928.4
2025-04-13 16:50:00+09:00,0.2041,0.2041,0.204,0.204,2070.5
2025-04-13 16:55:00+09:00,0.2042,0.2042,0.2042,0.2042,115.6
2025-04-13 17:00:00+09:00,0.204,0.2041,0.2037,0.2037,4982.9
2025-04-13 17:05:00+09:00,0.2037,0.2037,0.2032,0.2032,26418.0
2025-04-13 17:10:00+09:00,0.2031,0.2031,0.2026,0.2026,9358.1
2025-04-13 17:15:00+09:00,0.2026,0.2033,0.2026,0.2032,13196.3
2025-04-13 17:20:00+09:00,0.2034,0.2035,0.2033,0.2033,2612.9
2025-04-13 17:25:00+09:00,0.2031,0.2033,0.203,0.2033,207.5
2025-04-13 17:30:00+09:00,0.2036,0.2036,0.2034,0.2035,4643.4
2025-04-13 17:35:00+09:00,0.2035,0.2035,0.2034,0.2035,1402.9
2025-04-13 17:40:00+09:00,0.2035,0.2035,0.203,0.203,3254.4
2025-04-13 17:45:00+09:00,0.2032,0.2038,0.2032,0.2037,5749.0
2025-04-13 17:50:00+09:00,0.2036,0.2038,0.2036,0.2038,510.6
2025-04-13 17:55:00+09:00,0.204,0.204,0.204,0.204,99.1
2025-04-13 18:00:00+09:00,0.2038,0.2039,0.2036,0.2037,1555.6
2025-04-13 18:05:00+09:00,0.2037,0.2039,0.2035,0.2035,7279.9
2025-04-13 18:10:00+09:00,0.2034,0.2036,0.2033,0.2035,453.1
2025-04-13 18:15:00+09:00,0.2034,0.2035,0.2034,0.2035,3391.6
2025-04-13 18:20:00+09:00,0.2034,0.2035,0.2033,0.2034,16735.5
2025-04-13 18:25:00+09:00,0.2036,0.2044,0.2036,0.2044,4742.8
2025-04-13 18:30:00+09:00,0.2042,0.2046,0.204,0.2046,18754.2
2025-04-13 18:35:00+09:00,0.2045,0.2047,0.2041,0.2047,6896.0
2025-04-13 18:40:00+09:00,0.2047,0.2049,0.2047,0.2049,13492.4
2025-04-13 18:45:00+09:00,0.2047,0.2049,0.2047,0.2048,478.5
2025-04-13 18:50:00+09:00,0.2048,0.2048,0.2045,0.2045,8707.7
2025-04-13 18:55:00+09:00,0.2046,0.2052,0.2046,0.2052,4662.4
2025-04-13 19:00:00+09:00,0.2052,0.2053,0.2048,0.205,6118.0
2025-04-13 19:05:00+09:00,0.2048,0.2048,0.2043,0.2047,15038.1
2025-04-13 19:10:00+09:00,0.2045,0.2046,0.2042,0.2045,24060.0
2025-04-13 19:15:00+09:00,0.2044,0.2044,0.2042,0.2042,352.0
2025-04-13 19:20:00+09:00,0.2042,0.2046,0.2041,0.2046,2955.4
2025-04-13 19:25:00+09:00,0.2043,0.2043,0.2038,0.2039,2054.5
2025-04-13 19:30:00+09:00,0.2036,0.2041,0.2036,0.204,6127.2
2025-04-13 19:35:00+09:00,0.2039,0.2042,0.2039,0.2042,3504.2
2025-04-13 19:40:00+09:00,0.2042,0.2044,0.2041,0.2042,3645.1
2025-04-13 19:45:00+09:00,0.2042,0.2046,0.2042,0.2046,2898.0
2025-04-13 19:50:00+09:00,0.2048,0.205,0.2048,0.2049,1647.2
2025-04-13 19:55:00+09:00,0.2048,0.2048,0.2048,0.2048,707.8
2025-04-13 20:00:00+09:00,0.2049,0.205,0.2047,0.2047,1818.2
2025-04-13 20:05:00+09:00,0.2045,0.2047,0.2045,0.2047,675.0
2025-04-13 20:10:00+09:00,0.2048,0.2049,0.2048,0.2048,4689.0
2025-04-13 20:15:00+09:00,0.2047,0.2047,0.2033,0.2035,69966.1
2025-04-13 20:20:00+09:00,0.2034,0.2034,0.2026,0.203,43530.5
2025-04-13 20:25:00+09:00,0.2031,0.2034,0.2031,0.2032,1854.7
2025-04-13 20:30:00+09:00,0.2031,0.2031,0.2028,0.2029,2301.1
2025-04-13 20:35:00+09:00,0.203,0.2031,0.2028,0.2031,665.0
2025-04-13 20:40:00+09:00,0.203,0.2031,0.203,0.2031,1236.2
2025-04-13 20:45:00+09:00,0.2031,0.2032,0.2026,0.2028,4268.8
2025-04-13 20:50:00+09:00,0.2029,0.2031,0.2028,0.2031,3258.1
2025-04-13 20:55:00+09:00,0.203,0.2032,0.203,0.2032,1553.9
2025-04-13 21:00:00+09:00,0.2033,0.2035,0.2031,0.2031,9903.8
2025-04-13 21:05:00+09:00,0.2032,0.2034,0.2031,0.2034,3319.7
2025-04-13 21:10:00+09:00,0.2033,0.2036,0.2032,0.2035,19740.2
2025-04-13 21:15:00+09:00,0.2035,0.2036,0.2033,0.2036,6178.4
2025-04-13 21:20:00+09:00,0.2033,0.2033,0.2024,0.2024,47072.6
2025-04-13 21:25:00+09:00,0.2025,0.2025,0.2024,0.2025,2653.0
2025-04-13 21:30:00+09:00,0.2024,0.2027,0.202,0.2021,37450.5
2025-04-13 21:35:00+09:00,0.202,0.2021,0.202,0.2021,880.4
2025-04-13 21:40:00+09:00,0.2022,0.2026,0.2019,0.2019,95617.9
2025-04-13 21:45:00+09:00,0.2021,0.2023,0.2019,0.2019,4933.2
2025-04-13 21:50:00+09:00,0.2021,0.2024,0.2021,0.2024,1953.0
2025-04-13 21:55:00+09:00,0.2024,0.2024,0.202,0.202,11733.9
2025-04-13 22:00:00+09:00,0.2022,0.2023,0.202,0.202,2160.4
2025-04-13 22:05:00+09:00,0.2018,0.2021,0.2018,0.2019,3511.1
2025-04-13 22:10:00+09:00,0.2019,0.2022,0.2019,0.2022,1366.4
2025-04-13 22:15:00+09:00,0.2023,0.2024,0.2017,0.2019,2154.6
2025-04-13 22:20:00+09:00,0.2018,0.2018,0.2013,0.2013,4208.6
2025-04-13 22:25:00+09:00,0.2013,0.2013,0.2006,0.2009,6277.3
2025-04-13 22:30:00+09:00,0.2009,0.2011,0.2009,0.2011,1187.3
2025-04-13 22:35:00+09:00,0.2013,0.2014,0.201,0.2012,9994.6
2025-04-13 22:40:00+09:00,0.2012,0.2012,0.1994,0.1995,64607.7
2025-04-13 22:45:00+09:00,0.1993,0.1999,0.1993,0.1994,21661.5
2025-04-13 22:50:00+09:00,0.1988,0.1988,0.1975,0.1976,56856.9
2025-04-13 22:55:00+09:00,0.1975,0.1977,0.1969,0.1976,25790.3
2025-04-13 23:00:00+09:00,0.1974,0.1982,0.1972,0.1982,34416.8
2025-04-13 23:05:00+09:00,0.1981,0.1983,0.1975,0.1983,36865.3
2025-04-13 23:10:00+09:00,0.1984,0.1992,0.1984,0.199,10133.1
2025-04-13 23:15:00+09:00,0.1991,0.1993,0.1984,0.1986,27643.6
2025-04-13 23:20:00+09:00,0.1987,0.1987,0.1983,0.1985,5005.0
2025-04-13 23:25:00+09:00,0.1983,0.1987,0.1983,0.1987,1127.5
2025-04-13 23:30:00+09:00,0.1986,0.1995,0.1984,0.1995,16404.0
2025-04-13 23:35:00+09:00,0.1993,0.1997,0.1991,0.1996,7643.8
2025-04-13 23:40:00+09:00,0.1999,0.1999,0.1995,0.1996,12615.5
2025-04-13 23:45:00+09:00,0.1998,0.1998,0.1994,0.1994,851.2
2025-04-13 23:50:00+09:00,0.1995,0.1998,0.1994,0.1996,7122.1
2025-04-13 23:55:00+09:00,0.1996,0.1996,0.1996,0.1996,65.0
2025-04-14 00:00:00+09:00,0.1997,0.1997,0.1992,0.1992,4293.1
2025-04-14 00:05:00+09:00,0.1991,0.1991,0.1986,0.1988,15428.0
2025-04-14 00:10:00+09:00,0.1988,0.1992,0.1988,0.1992,857.0
2025-04-14 00:15:00+09:00,0.1995,0.1995,0.1985,0.1987,3347.7
2025-04-14 00:20:00+09:00,0.1989,0.1989,0.1987,0.1987,181.6
2025-04-14 00:25:00+09:00,0.1987,0.1989,0.1987,0.1988,5659.9
2025-04-14 00:30:00+09:00,0.1988,0.1991,0.1986,0.1989,21350.6
2025-04-14 00:35:00+09:00,0.199,0.199,0.199,0.199,1264.7
2025-04-14 00:40:00+09:00,0.1991,0.1991,0.1991,0.1991,234.1
2025-04-14 00:45:00+09:00,0.1992,0.1993,0.1992,0.1992,2813.0
2025-04-14 00:50:00+09:00,0.1994,0.1996,0.1994,0.1995,2375.7
2025-04-14 00:55:00+09:00,0.1994,0.1995,0.1993,0.1993,482.4
2025-04-14 01:00:00+09:00,0.1993,0.2,0.1993,0.1998,26219.9
2025-04-14 01:05:00+09:00,0.1997,0.1997,0.1988,0.1988,29751.4
2025-04-14 01:10:00+09:00,0.1988,0.1991,0.1987,0.1991,6411.2
2025-04-14 01:15:00+09:00,0.1992,0.1996,0.1992,0.1996,1593.5
2025-04-14 01:20:00+09:00,0.1997,0.2,0.1997,0.2,6287.1
2025-04-14 01:25:00+09:00,0.1999,0.2003,0.1999,0.2,8102.4
2025-04-14 01:30:00+09:00,0.1998,0.2002,0.1998,0.2001,2853.2
2025-04-14 01:35:00+09:00,0.2003,0.2003,0.2,0.2,2110.9
2025-04-14 01:40:00+09:00,0.1999,0.2,0.1998,0.1998,242.2
2025-04-14 01:45:00+09:00,0.1997,0.2,0.1995,0.1995,4274.8
2025-04-14 01:50:00+09:00,0.1997,0.1997,0.1997,0.1997,1150.7
2025-04-14 01:55:00+09:00,0.1996,0.1998,0.1996,0.1997,7391.3
2025-04-14 02:00:00+09:00,0.1998,0.1998,0.1996,0.1998,668.7
2025-04-14 02:05:00+09:00,0.2002,0.2002,0.2001,0.2001,1974.4
2025-04-14 02:10:00+09:00,0.2001,0.2002,0.2001,0.2001,242.3
2025-04-14 02:15:00+09:00,0.2003,0.202,0.2002,0.202,36384.3
2025-04-14 02:20:00+09:00,0.2019,0.2031,0.2018,0.2029,167152.6
2025-04-14 02:25:00+09:00,0.2026,0.2026,0.2022,0.2022,753.8
2025-04-14 02:30:00+09:00,0.2024,0.2024,0.2017,0.2017,7015.0
2025-04-14 02:35:00+09:00,0.2018,0.2024,0.2018,0.2024,2312.3
2025-04-14 02:40:00+09:00,0.2024,0.2033,0.2024,0.2033,21512.9
2025-04-14 02:45:00+09:00,0.2031,0.204,0.2031,0.2037,15004.2
2025-04-14 02:50:00+09:00,0.204,0.205,0.204,0.2045,3932.6
2025-04-14 02:55:00+09:00,0.2045,0.2047,0.2044,0.2044,6608.4
2025-04-14 03:00:00+09:00,0.2042,0.2043,0.204,0.2042,11068.9
2025-04-14 03:05:00+09:00,0.2043,0.2051,0.2042,0.2048,3829.7
2025-04-14 03:10:00+09:00,0.2046,0.2046,0.2042,0.2042,13008.1
2025-04-14 03:15:00+09:00,0.204,0.204,0.2033,0.2035,10109.8
2025-04-14 03:20:00+09:00,0.2035,0.2035,0.2031,0.2031,6223.3
2025-04-14 03:25:00+09:00,0.203,0.2033,0.203,0.2032,4217.9
2025-04-14 03:30:00+09:00,0.2032,0.2036,0.2032,0.2033,2362.5
2025-04-14 03:35:00+09:00,0.2034,0.2038,0.2034,0.2038,6381.5
2025-04-14 03:40:00+09:00,0.2039,0.2039,0.2032,0.2034,783.8
2025-04-14 03:45:00+09:00,0.2033,0.2033,0.2031,0.2032,6356.7
2025-04-14 03:50:00+09:00,0.2033,0.2034,0.203,0.2032,9426.6
2025-04-14 03:55:00+09:00,0.2032,0.2033,0.203,0.2031,4016.5
2025-04-14 04:00:00+09:00,0.2029,0.203,0.2016,0.2019,14104.7
2025-04-14 04:05:00+09:00,0.2018,0.202,0.201,0.201,6013.9
2025-04-14 04:10:00+09:00,0.201,0.2012,0.201,0.2012,2606.9
2025-04-14 04:15:00+09:00,0.201,0.2011,0.2004,0.2007,9433.8
2025-04-14 04:20:00+09:00,0.2005,0.2005,0.1996,0.1997,10680.5
2025-04-14 04:25:00+09:00,0.1998,0.2,0.1995,0.1996,29166.5
2025-04-14 04:30:00+09:00,0.1996,0.2,0.1986,0.1987,61433.2
2025-04-14 04:35:00+09:00,0.1985,0.199,0.1959,0.1959,182381.7
2025-04-14 04:40:00+09:00,0.196,0.1968,0.1944,0.1963,184916.9
2025-04-14 04:45:00+09:00,0.1962,0.1981,0.1956,0.1972,131466.0
2025-04-14 04:50:00+09:00,0.1975,0.198,0.1963,0.1966,41339.5
2025-04-14 04:55:00+09:00,0.1966,0.1967,0.1955,0.1959,80398.9
2025-04-14 05:00:00+09:00,0.1957,0.1958,0.1942,0.1955,110566.6
2025-04-14 05:05:00+09:00,0.1953,0.1955,0.194,0.194,59880.3
2025-04-14 05:10:00+09:00,0.1938,0.1955,0.1933,0.1947,54519.5
2025-04-14 05:15:00+09:00,0.1945,0.1951,0.1944,0.1947,37981.9
2025-04-14 05:20:00+09:00,0.1947,0.1947,0.1937,0.1938,10050.1
2025-04-14 05:25:00+09:00,0.1939,0.194,0.1926,0.1928,22097.0
2025-04-14 05:30:00+09:00,0.1927,0.1927,0.1915,0.1916,56166.9
2025-04-14 05:35:00+09:00,0.1915,0.1915,0.1892,0.1893,129843.0
2025-04-14 05:40:00+09:00,0.1892,0.1896,0.1882,0.1885,76532.7
2025-04-14 05:45:00+09:00,0.1886,0.189,0.1881,0.1882,72661.1
2025-04-14 05:50:00+09:00,0.1882,0.1882,0.187,0.187,48209.3
2025-04-14 05:55:00+09:00,0.1866,0.187,0.1862,0.1863,75591.2
2025-04-14 06:00:00+09:00,0.1863,0.1865,0.1835,0.1836,143273.3
2025-04-14 06:05:00+09:00,0.1834,0.1842,0.1831,0.1841,64404.4
2025-04-14 06:10:00+09:00,0.1841,0.1843,0.1836,0.1843,26087.1
2025-04-14 06:15:00+09:00,0.1843,0.1844,0.1837,0.1843,68075.1
2025-04-14 06:20:00+09:00,0.1842,0.1849,0.184,0.1848,27432.9
2025-04-14 06:25:00+09:00,0.1847,0.1849,0.1838,0.1849,76190.4
2025-04-14 06:30:00+09:00,0.1848,0.1857,0.1843,0.1852,54920.6
2025-04-14 06:35:00+09:00,0.1852,0.1852,0.1832,0.1834,18404.5
2025-04-14 06:40:00+09:00,0.1835,0.1848,0.1834,0.1847,17840.6
2025-04-14 06:45:00+09:00,0.1849,0.1859,0.1849,0.1859,5727.7
2025-04-14 06:50:00+09:00,0.1858,0.1868,0.1858,0.1868,19882.6
2025-04-14 06:55:00+09:00,0.187,0.1881,0.1867,0.1868,25333.8
2025-04-14 07:00:00+09:00,0.1868,0.1877,0.1859,0.1868,32205.9
2025-04-14 07:05:00+09:00,0.1868,0.1868,0.1861,0.1867,9813.0
2025-04-14 07:10:00+09:00,0.1865,0.1867,0.186,0.1862,7246.5
2025-04-14 07:15:00+09:00,0.1862,0.1867,0.1861,0.1865,13863.6
2025-04-14 07:20:00+09:00,0.1867,0.187,0.1866,0.187,4266.1
2025-04-14 07:25:00+09:00,0.1872,0.1872,0.1867,0.1867,6607.1
2025-04-14 07:30:00+09:00,0.1868,0.1871,0.1865,0.1866,7812.8
2025-04-14 07:35:00+09:00,0.1864,0.1864,0.1861,0.1861,4252.2
2025-04-14 07:40:00+09:00,0.1862,0.1866,0.1859,0.1859,4312.5
2025-04-14 07:45:00+09:00,0.1858,0.186,0.1856,0.1857,16088.0
2025-04-14 07:50:00+09:00,0.1857,0.1863,0.1856,0.1861,29781.1
2025-04-14 07:55:00+09:00,0.1862,0.1863,0.1857,0.1857,14680.7
2025-04-14 08:00:00+09:00,0.1858,0.1867,0.1854,0.1861,12548.7
2025-04-14 08:05:00+09:00,0.1861,0.1868,0.1861,0.1868,16828.8
2025-04-14 08:10:00+09:00,0.1869,0.1878,0.1869,0.1875,5448.8
2025-04-14 08:15:00+09:00,0.1875,0.1879,0.1872,0.1872,35564.7
2025-04-14 08:20:00+09:00,0.1874,0.1874,0.1869,0.1871,2909.3
2025-04-14 08:25:00+09:00,0.187,0.1873,0.1868,0.1873,3109.9
2025-04-14 08:30:00+09:00,0.1871,0.1875,0.1868,0.1871,9092.7
2025-04-14 08:35:00+09:00,0.187,0.1872,0.1867,0.1869,5603.1
2025-04-14 08:40:00+09:00,0.1867,0.1867,0.1862,0.1864,16206.4
2025-04-14 08:45:00+09:00,0.1865,0.1872,0.1865,0.1872,3413.7
2025-04-14 08:50:00+09:00,0.1873,0.1885,0.1873,0.1883,10453.9
2025-04-14 08:55:00+09:00,0.1883,0.1885,0.1879,0.1881,11237.5
2025-04-14 09:00:00+09:00,0.1882,0.1888,0.1877,0.1882,11672.9
2025-04-14 09:05:00+09:00,0.1881,0.189,0.1881,0.1889,4904.1
2025-04-14 09:10:00+09:00,0.1887,0.1898,0.1887,0.1896,8440.3
2025-04-14 09:15:00+09:00,0.1898,0.1902,0.1895,0.19,15393.4
2025-04-14 09:20:00+09:00,0.19,0.1924,0.19,0.1919,68382.8
2025-04-14 09:25:00+09:00,0.1919,0.1926,0.1914,0.1924,20413.7
2025-04-14 09:30:00+09:00,0.1924,0.1924,0.1916,0.1918,57805.3
2025-04-14 09:35:00+09:00,0.1918,0.1918,0.191,0.1916,219747.3
2025-04-14 09:40:00+09:00,0.1918,0.1921,0.1914,0.1915,21371.8
2025-04-14 09:45:00+09:00,0.1915,0.1915,0.1903,0.1903,6774.1
2025-04-14 09:50:00+09:00,0.19,0.19,0.1893,0.1893,6689.9
2025-04-14 09:55:00+09:00,0.189,0.1893,0.1887,0.1891,35915.2
2025-04-14 10:00:00+09:00,0.1894,0.1902,0.1894,0.1899,7862.2
2025-04-14 10:05:00+09:00,0.1897,0.1908,0.1894,0.1908,14889.5
2025-04-14 10:10:00+09:00,0.1906,0.1906,0.19,0.1904,156916.3
2025-04-14 10:15:00+09:00,0.1904,0.1906,0.1899,0.1899,16727.6
2025-04-14 10:20:00+09:00,0.19,0.1906,0.19,0.1903,19589.6
2025-04-14 10:25:00+09:00,0.1903,0.1904,0.1897,0.19,21911.5
2025-04-14 10:30:00+09:00,0.19,0.1902,0.1888,0.189,50718.2
2025-04-14 10:35:00+09:00,0.1891,0.1893,0.1884,0.1884,12268.4
2025-04-14 10:40:00+09:00,0.1884,0.189,0.1881,0.189,32120.9
2025-04-14 10:45:00+09:00,0.189,0.1892,0.1874,0.1877,115675.7
2025-04-14 10:50:00+09:00,0.1877,0.1879,0.1868,0.1876,8355.5
2025-04-14 10:55:00+09:00,0.1877,0.1879,0.1873,0.1879,5037.2
2025-04-14 11:00:00+09:00,0.188,0.1885,0.1878,0.1885,23126.7
2025-04-14 11:05:00+09:00,0.1884,0.1892,0.1882,0.1886,20521.7
2025-04-14 11:10:00+09:00,0.1888,0.1894,0.1885,0.1894,19254.5
2025-04-14 11:15:00+09:00,0.1893,0.1898,0.1889,0.1897,95915.7
2025-04-14 11:20:00+09:00,0.1897,0.1908,0.1897,0.1908,8411.7
2025-04-14 11:25:00+09:00,0.1908,0.1915,0.1908,0.1915,64424.2
2025-04-14 11:30:00+09:00,0.1916,0.1946,0.1916,0.1939,37352.5
2025-04-14 11:35:00+09:00,0.1938,0.1945,0.1929,0.1929,31232.5
2025-04-14 11:40:00+09:00,0.1926,0.1929,0.1921,0.1923,5206.2
2025-04-14 11:45:00+09:00,0.1922,0.1933,0.1922,0.1929,17688.2
2025-04-14 11:50:00+09:00,0.1927,0.1927,0.192,0.1921,4033.6
2025-04-14 11:55:00+09:00,0.192,0.192,0.1914,0.1914,2553.4
2025-04-14 12:00:00+09:00,0.1914,0.1921,0.1909,0.1915,34024.9
2025-04-14 12:05:00+09:00,0.1917,0.1919,0.191,0.191,11800.3
2025-04-14 12:10:00+09:00,0.1912,0.1912,0.1904,0.1907,7242.6
2025-04-14 12:15:00+09:00,0.1906,0.1909,0.1903,0.1906,7580.0
2025-04-14 12:20:00+09:00,0.1908,0.1911,0.1905,0.1906,67102.1
2025-04-14 12:25:00+09:00,0.1905,0.191,0.1905,0.1908,22647.1
2025-04-14 12:30:00+09:00,0.1908,0.1924,0.1906,0.192,149454.2
2025-04-14 12:35:00+09:00,0.1921,0.1924,0.1912,0.1912,144301.8
2025-04-14 12:40:00+09:00,0.1912,0.1912,0.1903,0.1907,12368.1
2025-04-14 12:45:00+09:00,0.1907,0.1907,0.19,0.19,5210.2
2025-04-14 12:50:00+09:00,0.1899,0.19,0.1898,0.1898,1246.1
2025-04-14 12:55:00+09:00,0.1899,0.1899,0.1897,0.1898,657.6
2025-04-14 13:00:00+09:00,0.1898,0.1907,0.1898,0.1907,35811.4
2025-04-14 13:05:00+09:00,0.1906,0.1914,0.1905,0.191,22293.6
2025-04-14 13:10:00+09:00,0.1909,0.1909,0.1904,0.1904,6022.5
2025-04-14 13:15:00+09:00,0.1905,0.1908,0.1902,0.1908,16805.7
2025-04-14 13:20:00+09:00,0.1906,0.1912,0.1906,0.1908,9128.2
2025-04-14 13:25:00+09:00,0.1908,0.1914,0.1908,0.1914,1751.9
2025-04-14 13:30:00+09:00,0.1914,0.1914,0.1908,0.1909,7258.5
2025-04-14 13:35:00+09:00,0.1909,0.1913,0.1908,0.1913,3011.8
2025-04-14 13:40:00+09:00,0.1913,0.1913,0.1909,0.1912,4049.4
2025-04-14 13:45:00+09:00,0.1912,0.1922,0.1912,0.1922,2853.6
2025-04-14 13:50:00+09:00,0.1923,0.1923,0.1921,0.1923,5699.5
2025-04-14 13:55:00+09:00,0.1924,0.1924,0.1922,0.1922,1475.8
2025-04-14 14:00:00+09:00,0.192,0.1924,0.1919,0.1921,4462.8
2025-04-14 14:05:00+09:00,0.1923,0.1923,0.1917,0.1919,4394.7
2025-04-14 14:10:00+09:00,0.1918,0.1921,0.1918,0.1919,1071.8
2025-04-14 14:15:00+09:00,0.1919,0.1919,0.1918,0.1918,203.6
2025-04-14 14:20:00+09:00,0.1915,0.1917,0.1914,0.1915,1146.1
2025-04-14 14:25:00+09:00,0.1915,0.1919,0.1915,0.1917,25346.5
2025-04-14 14:30:00+09:00,0.1916,0.1919,0.1911,0.1911,27477.1
2025-04-14 14:35:00+09:00,0.1912,0.1912,0.1902,0.1907,10469.9
2025-04-14 14:40:00+09:00,0.1908,0.191,0.1902,0.1902,6477.5
2025-04-14 14:45:00+09:00,0.1901,0.1903,0.1899,0.1902,6604.1
2025-04-14 14:50:00+09:00,0.1903,0.1907,0.1903,0.1906,2799.0
2025-04-14 14:55:00+09:00,0.1905,0.1906,0.1901,0.1906,15514.0
2025-04-14 15:00:00+09:00,0.1906,0.1909,0.1902,0.1904,13175.8
2025-04-14 15:05:00+09:00,0.1904,0.1905,0.1898,0.19,12231.3
2025-04-14 15:10:00+09:00,0.1903,0.1903,0.1903,0.1903,1755.9
2025-04-14 15:15:00+09:00,0.19,0.1905,0.19,0.1905,3943.4
2025-04-14 15:20:00+09:00,0.1904,0.1908,0.1902,0.1903,14974.2
2025-04-14 15:25:00+09:00,0.1903,0.1903,0.1897,0.1898,3707.2
2025-04-14 15:30:00+09:00,0.1899,0.1901,0.1896,0.1899,4104.2
2025-04-14 15:35:00+09:00,0.19,0.1901,0.19,0.1901,3500.8
2025-04-14 15:40:00+09:00,0.1901,0.1903,0.1901,0.1902,2797.8
2025-04-14 15:45:00+09:00,0.1904,0.1904,0.1901,0.1904,1136.0
2025-04-14 15:50:00+09:00,0.1903,0.1904,0.1902,0.1902,725.5
2025-04-14 15:55:00+09:00,0.19,0.19,0.1897,0.1898,3106.3
2025-04-14 16:00:00+09:00,0.1896,0.1896,0.1892,0.1892,4643.5
2025-04-14 16:05:00+09:00,0.1893,0.1901,0.1893,0.1898,24946.8
2025-04-14 16:10:00+09:00,0.1897,0.1897,0.1889,0.1889,5220.8
2025-04-14 16:15:00+09:00,0.1883,0.189,0.1882,0.189,29264.4
2025-04-14 16:20:00+09:00,0.1888,0.1891,0.1884,0.1884,21219.7
2025-04-14 16:25:00+09:00,0.1885,0.1888,0.1884,0.1888,22041.7
2025-04-14 16:30:00+09:00,0.1891,0.1895,0.189,0.1895,25223.5
2025-04-14 16:35:00+09:00,0.1895,0.1898,0.1893,0.1898,616.7
2025-04-14 16:40:00+09:00,0.1899,0.19,0.1899,0.19,1402.8
2025-04-14 16:45:00+09:00,0.1897,0.1899,0.1895,0.1895,16438.3
2025-04-14 16:50:00+09:00,0.1893,0.1895,0.1891,0.1894,8259.7
2025-04-14 16:55:00+09:00,0.1894,0.1897,0.1894,0.1896,1235.4
2025-04-14 17:00:00+09:00,0.1897,0.1903,0.1897,0.1903,8174.6
2025-04-14 17:05:00+09:00,0.1903,0.1904,0.1898,0.1898,7409.8
2025-04-14 17:10:00+09:00,0.1896,0.1896,0.1888,0.1888,4149.8
2025-04-14 17:15:00+09:00,0.1889,0.1891,0.1884,0.1891,8228.4
2025-04-14 17:20:00+09:00,0.1891,0.1894,0.189,0.1892,2545.6
2025-04-14 17:25:00+09:00,0.1892,0.1896,0.1891,0.1896,1789.8
2025-04-14 17:30:00+09:00,0.1897,0.19,0.1894,0.19,563.1
2025-04-14 17:35:00+09:00,0.19,0.1903,0.1898,0.1903,26838.3
2025-04-14 17:40:00+09:00,0.1904,0.1911,0.1904,0.1909,3164.6
2025-04-14 17:45:00+09:00,0.191,0.1914,0.191,0.1912,29650.3
2025-04-14 17:50:00+09:00,0.1913,0.1916,0.1913,0.1914,5225.0
2025-04-14 17:55:00+09:00,0.1916,0.1916,0.1914,0.1916,6715.2
2025-04-14 18:00:00+09:00,0.1917,0.1917,0.1912,0.1914,6800.6
2025-04-14 18:05:00+09:00,0.1915,0.1917,0.1912,0.1912,2235.6
2025-04-14 18:10:00+09:00,0.1914,0.1933,0.1914,0.1925,72269.7
2025-04-14 18:15:00+09:00,0.1925,0.1929,0.192,0.1921,53365.5
2025-04-14 18:20:00+09:00,0.1924,0.1926,0.1915,0.1915,9845.4
2025-04-14 18:25:00+09:00,0.1913,0.1914,0.1912,0.1913,1577.3
2025-04-14 18:30:00+09:00,0.1913,0.1917,0.1913,0.1914,5218.4
2025-04-14 18:35:00+09:00,0.1914,0.1914,0.1905,0.1905,131589.2
2025-04-14 18:40:00+09:00,0.1905,0.1907,0.19,0.1905,52584.8
2025-04-14 18:45:00+09:00,0.1903,0.1906,0.1901,0.1906,7716.4
2025-04-14 18:50:00+09:00,0.1906,0.1913,0.1903,0.1913,15035.5
2025-04-14 18:55:00+09:00,0.1914,0.1924,0.1914,0.1924,49819.4
2025-04-14 19:00:00+09:00,0.1924,0.1926,0.1918,0.1923,62126.4
2025-04-14 19:05:00+09:00,0.1921,0.1923,0.1916,0.1923,12097.8
2025-04-14 19:10:00+09:00,0.1926,0.1927,0.1921,0.1923,18737.3
2025-04-14 19:15:00+09:00,0.1923,0.1929,0.1923,0.1929,11785.4
2025-04-14 19:20:00+09:00,0.193,0.1942,0.193,0.1934,69235.2
2025-04-14 19:25:00+09:00,0.1933,0.194,0.1933,0.1939,12725.3
2025-04-14 19:30:00+09:00,0.1939,0.1947,0.1938,0.1946,70920.6
2025-04-14 19:35:00+09:00,0.1945,0.1952,0.1945,0.1952,8558.9
2025-04-14 19:40:00+09:00,0.1954,0.1971,0.1954,0.197,47655.2
2025-04-14 19:45:00+09:00,0.197,0.1972,0.1965,0.1965,7296.2
2025-04-14 19:50:00+09:00,0.1966,0.1973,0.1966,0.1969,20232.8
2025-04-14 19:55:00+09:00,0.197,0.1971,0.1963,0.1966,28826.3
2025-04-14 20:00:00+09:00,0.1967,0.1976,0.1964,0.1966,31279.7
2025-04-14 20:05:00+09:00,0.1967,0.1977,0.1965,0.1969,52422.7
2025-04-14 20:10:00+09:00,0.1972,0.1978,0.1972,0.1978,38306.1
2025-04-14 20:15:00+09:00,0.1979,0.1979,0.1969,0.1969,35144.5
2025-04-14 20:20:00+09:00,0.1968,0.1969,0.1954,0.1954,23038.5
2025-04-14 20:25:00+09:00,0.1957,0.1978,0.1955,0.1976,181032.0
2025-04-14 20:30:00+09:00,0.1976,0.1982,0.1971,0.1971,36586.2
2025-04-14 20:35:00+09:00,0.1971,0.1973,0.1962,0.1962,34990.0
2025-04-14 20:40:00+09:00,0.1961,0.1961,0.1955,0.1958,4846.7
2025-04-14 20:45:00+09:00,0.1959,0.1964,0.1959,0.1963,6058.0
2025-04-14 20:50:00+09:00,0.1962,0.1965,0.196,0.196,1831.5
2025-04-14 20:55:00+09:00,0.1962,0.1963,0.1958,0.1962,16388.8
2025-04-14 21:00:00+09:00,0.1962,0.1967,0.1958,0.1959,2577.4
2025-04-14 21:05:00+09:00,0.196,0.1966,0.1957,0.1965,24935.3
2025-04-14 21:10:00+09:00,0.1967,0.1969,0.1962,0.1965,6434.3
2025-04-14 21:15:00+09:00,0.1963,0.1965,0.1961,0.1964,8303.9
2025-04-14 21:20:00+09:00,0.1964,0.1976,0.1964,0.197,4614.3
2025-04-14 21:25:00+09:00,0.1971,0.1973,0.1968,0.1968,19687.7
2025-04-14 21:30:00+09:00,0.1968,0.1971,0.1967,0.1971,5069.8
2025-04-14 21:35:00+09:00,0.1971,0.1971,0.1968,0.1971,3272.2
2025-04-14 21:40:00+09:00,0.1971,0.1973,0.1966,0.1968,10198.5
2025-04-14 21:45:00+09:00,0.1968,0.197,0.1968,0.1968,3715.7
2025-04-14 21:50:00+09:00,0.1969,0.1971,0.1967,0.1969,1386.1
2025-04-14 21:55:00+09:00,0.1968,0.197,0.1965,0.197,700.7
2025-04-14 22:00:00+09:00,0.1971,0.198,0.1971,0.1974,15754.0
2025-04-14 22:05:00+09:00,0.1975,0.1983,0.1969,0.1976,29027.4
2025-04-14 22:10:00+09:00,0.1975,0.1975,0.1966,0.1973,83887.6
2025-04-14 22:15:00+09:00,0.1973,0.1977,0.1967,0.1971,66687.6
2025-04-14 22:20:00+09:00,0.1972,0.1972,0.1966,0.1971,2880.9
2025-04-14 22:25:00+09:00,0.1971,0.1971,0.1959,0.1959,43338.8
2025-04-14 22:30:00+09:00,0.1958,0.196,0.1942,0.1949,30131.6
2025-04-14 22:35:00+09:00,0.1949,0.1952,0.1943,0.195,22730.7
2025-04-14 22:40:00+09:00,0.1949,0.1949,0.1937,0.1938,21559.4
2025-04-14 22:45:00+09:00,0.194,0.1942,0.1925,0.1937,12745.7
2025-04-14 22:50:00+09:00,0.1936,0.1944,0.1935,0.1944,14588.4
2025-04-14 22:55:00+09:00,0.1943,0.1943,0.1937,0.1937,2731.7
2025-04-14 23:00:00+09:00,0.1938,0.1945,0.1934,0.1941,39439.4
2025-04-14 23:05:00+09:00,0.1939,0.1943,0.1935,0.1936,1724.6
2025-04-14 23:10:00+09:00,0.1936,0.1937,0.1933,0.1936,14467.9
2025-04-14 23:15:00+09:00,0.1935,0.1937,0.1933,0.1937,12814.4
2025-04-14 23:20:00+09:00,0.1939,0.1942,0.1937,0.1941,3521.6
2025-04-14 23:25:00+09:00,0.1941,0.1941,0.1938,0.1941,1954.3
2025-04-14 23:30:00+09:00,0.1943,0.1947,0.1943,0.1947,5852.3
2025-04-14 23:35:00+09:00,0.1946,0.1959,0.1945,0.1959,13290.0
2025-04-14 23:40:00+09:00,0.1958,0.1961,0.1956,0.1956,14434.0
2025-04-14 23:45:00+09:00,0.1957,0.1966,0.1957,0.1966,25982.4
2025-04-14 23:50:00+09:00,0.1967,0.198,0.1967,0.1974,28933.4
2025-04-14 23:55:00+09:00,0.1973,0.1973,0.1963,0.1963,1099.2
2025-04-15 00:00:00+09:00,0.1963,0.1965,0.1948,0.1952,11174.6
2025-04-15 00:05:00+09:00,0.1949,0.1949,0.1938,0.194,58689.7
2025-04-15 00:10:00+09:00,0.1941,0.1941,0.1926,0.1928,64956.1
2025-04-15 00:15:00+09:00,0.1928,0.1937,0.1925,0.1937,9140.2
2025-04-15 00:20:00+09:00,0.1937,0.1941,0.1934,0.1937,14123.1
2025-04-15 00:25:00+09:00,0.1937,0.1937,0.1915,0.1915,58841.1
2025-04-15 00:30:00+09:00,0.1914,0.1922,0.1912,0.1917,44272.3
2025-04-15 00:35:00+09:00,0.1917,0.1918,0.1895,0.1898,313963.6
2025-04-15 00:40:00+09:00,0.1901,0.1902,0.1884,0.1893,110024.7
2025-04-15 00:45:00+09:00,0.1893,0.1894,0.1877,0.1882,38050.3
2025-04-15 00:50:00+09:00,0.1881,0.1889,0.1875,0.1887,45018.2
2025-04-15 00:55:00+09:00,0.1886,0.1891,0.1882,0.1882,5514.6
2025-04-15 01:00:00+09:00,0.1882,0.1887,0.1877,0.1882,36262.3
2025-04-15 01:05:00+09:00,0.1883,0.1884,0.1875,0.1875,45513.4
2025-04-15 01:10:00+09:00,0.1875,0.188,0.1866,0.1878,50174.1
2025-04-15 01:15:00+09:00,0.1881,0.1886,0.1881,0.1886,8055.9
2025-04-15 01:20:00+09:00,0.1884,0.1891,0.1878,0.1882,44536.8
2025-04-15 01:25:00+09:00,0.1881,0.1881,0.1873,0.1873,15631.0
2025-04-15 01:30:00+09:00,0.1874,0.1878,0.1874,0.1878,13365.3
2025-04-15 01:35:00+09:00,0.1881,0.1886,0.1878,0.1886,90446.9
2025-04-15 01:40:00+09:00,0.1887,0.1894,0.1887,0.1894,20845.3
2025-04-15 01:45:00+09:00,0.1895,0.1895,0.1889,0.189,13799.6
2025-04-15 01:50:00+09:00,0.189,0.189,0.1884,0.1885,17092.4
2025-04-15 01:55:00+09:00,0.1884,0.1886,0.1884,0.1884,23519.9
2025-04-15 02:00:00+09:00,0.1884,0.1905,0.1884,0.1894,127822.5
2025-04-15 02:05:00+09:00,0.1894,0.1897,0.1892,0.1892,17327.1
2025-04-15 02:10:00+09:00,0.1892,0.1898,0.1891,0.1898,6837.8
2025-04-15 02:15:00+09:00,0.1897,0.1902,0.1895,0.1901,8230.9
2025-04-15 02:20:00+09:00,0.1902,0.1919,0.1902,0.1914,77830.3
2025-04-15 02:25:00+09:00,0.1914,0.1918,0.1913,0.1916,10392.3
2025-04-15 02:30:00+09:00,0.1916,0.1919,0.1908,0.1908,9223.1
2025-04-15 02:35:00+09:00,0.1908,0.1913,0.1908,0.1911,9361.8
2025-04-15 02:40:00+09:00,0.1908,0.1912,0.1906,0.1909,3273.1
2025-04-15 02:45:00+09:00,0.1909,0.1911,0.1906,0.1908,2162.1
2025-04-15 02:50:00+09:00,0.1907,0.1919,0.1907,0.1919,3310.4
2025-04-15 02:55:00+09:00,0.1917,0.1921,0.1916,0.1917,14545.2
2025-04-15 03:00:00+09:00,0.1917,0.1921,0.1916,0.1919,12788.7
2025-04-15 03:05:00+09:00,0.1918,0.1925,0.1914,0.1922,13657.2
2025-04-15 03:10:00+09:00,0.1921,0.1921,0.1916,0.1918,3117.6
2025-04-15 03:15:00+09:00,0.1919,0.1919,0.1913,0.1914,3148.0
2025-04-15 03:20:00+09:00,0.1916,0.1924,0.1916,0.1923,20098.0
2025-04-15 03:25:00+09:00,0.1925,0.1925,0.192,0.1921,10087.4
2025-04-15 03:30:00+09:00,0.1922,0.1924,0.1921,0.1924,6564.6
2025-04-15 03:35:00+09:00,0.1924,0.1926,0.1921,0.1925,10848.9
2025-04-15 03:40:00+09:00,0.1926,0.1931,0.1921,0.1925,36874.8
2025-04-15 03:45:00+09:00,0.1923,0.1924,0.1916,0.1924,131437.4
2025-04-15 03:50:00+09:00,0.1922,0.1922,0.1919,0.1921,6818.1
2025-04-15 03:55:00+09:00,0.1924,0.1925,0.1918,0.1919,19600.5
2025-04-15 04:00:00+09:00,0.1919,0.1925,0.1919,0.1919,29996.0
2025-04-15 04:05:00+09:00,0.1915,0.1924,0.1915,0.1923,16270.8
2025-04-15 04:10:00+09:00,0.1924,0.1932,0.1924,0.193,976.5
2025-04-15 04:15:00+09:00,0.193,0.1931,0.1925,0.1925,10608.5
2025-04-15 04:20:00+09:00,0.1924,0.1926,0.1923,0.1924,3902.8
2025-04-15 04:25:00+09:00,0.1925,0.1925,0.1923,0.1923,1797.5
2025-04-15 04:30:00+09:00,0.192,0.1927,0.1919,0.1926,14165.6
2025-04-15 04:35:00+09:00,0.1926,0.1933,0.1921,0.1933,17526.0
2025-04-15 04:40:00+09:00,0.1934,0.1937,0.1931,0.1931,15148.0
2025-04-15 04:45:00+09:00,0.1932,0.1933,0.1928,0.1929,10914.3
2025-04-15 04:50:00+09:00,0.1928,0.1928,0.1922,0.1925,13917.3
2025-04-15 04:55:00+09:00,0.1923,0.1926,0.1921,0.1924,12920.5
2025-04-15 05:00:00+09:00,0.1924,0.1926,0.1921,0.1925,5558.1
2025-04-15 05:05:00+09:00,0.1924,0.1926,0.192,0.1924,42558.7
2025-04-15 05:10:00+09:00,0.1925,0.1934,0.1925,0.1933,126609.2
2025-04-15 05:15:00+09:00,0.1932,0.1933,0.1923,0.1927,26983.2
2025-04-15 05:20:00+09:00,0.1925,0.1931,0.1923,0.1925,30036.2
2025-04-15 05:25:00+09:00,0.1927,0.1928,0.1919,0.1922,5715.8
2025-04-15 05:30:00+09:00,0.1922,0.1923,0.1919,0.1921,9162.1
2025-04-15 05:35:00+09:00,0.1922,0.1923,0.1919,0.1919,4048.3
2025-04-15 05:40:00+09:00,0.1919,0.1921,0.1919,0.192,3609.3
2025-04-15 05:45:00+09:00,0.1922,0.1931,0.1922,0.1931,3925.4
2025-04-15 05:50:00+09:00,0.193,0.1931,0.1927,0.1931,9088.0
2025-04-15 05:55:00+09:00,0.1931,0.1937,0.1931,0.1932,19140.0
2025-04-15 06:00:00+09:00,0.1933,0.1935,0.1933,0.1934,9233.9
2025-04-15 06:05:00+09:00,0.1933,0.1935,0.1932,0.1935,3233.8
2025-04-15 06:10:00+09:00,0.1934,0.1935,0.1931,0.1932,6249.4
2025-04-15 06:15:00+09:00,0.1933,0.1934,0.1929,0.1929,2172.2
2025-04-15 06:20:00+09:00,0.1929,0.1929,0.1926,0.1926,1687.6
2025-04-15 06:25:00+09:00,0.1926,0.1927,0.1922,0.1922,1395.1
2025-04-15 06:30:00+09:00,0.192,0.1921,0.1914,0.1917,1356.7
2025-04-15 06:35:00+09:00,0.1915,0.1917,0.1911,0.1917,61380.8
2025-04-15 06:40:00+09:00,0.1916,0.1918,0.1915,0.1916,11116.6
2025-04-15 06:45:00+09:00,0.1916,0.1922,0.1916,0.192,573.0
2025-04-15 06:50:00+09:00,0.1924,0.1926,0.1923,0.1924,17942.8
2025-04-15 06:55:00+09:00,0.1925,0.1929,0.1925,0.1928,3011.7
2025-04-15 07:00:00+09:00,0.1926,0.1927,0.1923,0.1923,1624.1
2025-04-15 07:05:00+09:00,0.1922,0.1926,0.1922,0.1923,3614.9
2025-04-15 07:10:00+09:00,0.1924,0.1928,0.1921,0.1921,2709.0
2025-04-15 07:15:00+09:00,0.1917,0.1922,0.1917,0.1921,1675.3
2025-04-15 07:20:00+09:00,0.192,0.192,0.1914,0.1916,2745.1
2025-04-15 07:25:00+09:00,0.1917,0.192,0.1914,0.1915,3759.5
2025-04-15 07:30:00+09:00,0.1916,0.1919,0.1915,0.1917,11945.0
2025-04-15 07:35:00+09:00,0.1918,0.1921,0.1918,0.192,5292.0
2025-04-15 07:40:00+09:00,0.1922,0.1924,0.192,0.192,1230.4
2025-04-15 07:45:00+09:00,0.1919,0.1919,0.1917,0.1919,970.0
2025-04-15 07:50:00+09:00,0.192,0.1921,0.192,0.192,665.8
2025-04-15 07:55:00+09:00,0.1919,0.1921,0.1919,0.192,1234.3
2025-04-15 08:00:00+09:00,0.1919,0.1921,0.1915,0.1921,6192.3
2025-04-15 08:05:00+09:00,0.1919,0.1922,0.1918,0.192,3981.5
2025-04-15 08:10:00+09:00,0.1921,0.1925,0.1921,0.1923,4348.8
2025-04-15 08:15:00+09:00,0.1924,0.1928,0.1924,0.1927,19510.3
2025-04-15 08:20:00+09:00,0.1926,0.1931,0.1926,0.1929,4168.5
2025-04-15 08:25:00+09:00,0.1927,0.1927,0.1924,0.1924,1521.9
2025-04-15 08:30:00+09:00,0.1925,0.1927,0.1923,0.1923,2329.8
2025-04-15 08:35:00+09:00,0.1924,0.1928,0.1924,0.1927,4037.2
2025-04-15 08:40:00+09:00,0.1927,0.1928,0.192,0.192,1512.6
2025-04-15 08:45:00+09:00,0.1917,0.1917,0.1916,0.1917,820.6
2025-04-15 08:50:00+09:00,0.1917,0.1917,0.1915,0.1916,3480.0
2025-04-15 08:55:00+09:00,0.1918,0.1924,0.1917,0.1924,34560.9
2025-04-15 09:00:00+09:00,0.1923,0.193,0.1922,0.1922,28209.9
2025-04-15 09:05:00+09:00,0.1921,0.1923,0.1918,0.1923,6403.0
2025-04-15 09:10:00+09:00,0.1923,0.1923,0.1912,0.1912,5061.0
2025-04-15 09:15:00+09:00,0.191,0.1911,0.1904,0.1905,4596.4
2025-04-15 09:20:00+09:00,0.1907,0.1914,0.1907,0.1913,1647.0
2025-04-15 09:25:00+09:00,0.1916,0.1919,0.1916,0.1918,3219.3
2025-04-15 09:30:00+09:00,0.1922,0.1924,0.1921,0.1921,5140.4
2025-04-15 09:35:00+09:00,0.192,0.1927,0.1918,0.1927,31185.2
2025-04-15 09:40:00+09:00,0.193,0.1931,0.1929,0.1931,6334.2
2025-04-15 09:45:00+09:00,0.193,0.1931,0.1929,0.1931,1326.1
2025-04-15 09:50:00+09:00,0.1929,0.193,0.1925,0.193,13889.9
2025-04-15 09:55:00+09:00,0.1929,0.1929,0.1924,0.1926,3693.1
2025-04-15 10:00:00+09:00,0.1926,0.1926,0.1923,0.1923,600.8
2025-04-15 10:05:00+09:00,0.1917,0.1917,0.1903,0.1903,11157.1
2025-04-15 10:10:00+09:00,0.1903,0.1914,0.1903,0.1908,5511.5
2025-04-15 10:15:00+09:00,0.1907,0.1912,0.1907,0.1909,4138.0
2025-04-15 10:20:00+09:00,0.1909,0.1918,0.1909,0.1918,9985.8
2025-04-15 10:25:00+09:00,0.1922,0.193,0.1922,0.193,18308.3
2025-04-15 10:30:00+09:00,0.1931,0.1933,0.1927,0.1933,31573.7
2025-04-15 10:35:00+09:00,0.1932,0.1932,0.1927,0.1929,32422.5
2025-04-15 10:40:00+09:00,0.1929,0.1933,0.1929,0.1932,7524.2
2025-04-15 10:45:00+09:00,0.1931,0.1938,0.1931,0.1936,41218.8
2025-04-15 10:50:00+09:00,0.1936,0.1936,0.1932,0.1935,3025.2
2025-04-15 10:55:00+09:00,0.1933,0.1936,0.1932,0.1935,8069.5
2025-04-15 11:00:00+09:00,0.1933,0.1935,0.1928,0.1935,9904.7
2025-04-15 11:05:00+09:00,0.1935,0.1935,0.1931,0.1934,3272.3
2025-04-15 11:10:00+09:00,0.1937,0.1941,0.1937,0.1939,12202.2
2025-04-15 11:15:00+09:00,0.194,0.1943,0.1938,0.1938,12951.0
2025-04-15 11:20:00+09:00,0.1941,0.1941,0.1927,0.1927,23973.3
2025-04-15 11:25:00+09:00,0.1929,0.1929,0.1917,0.1921,26071.4
2025-04-15 11:30:00+09:00,0.192,0.192,0.1914,0.1917,48911.3
2025-04-15 11:35:00+09:00,0.1918,0.1918,0.1908,0.1912,17161.8
2025-04-15 11:40:00+09:00,0.1912,0.1915,0.1911,0.1914,37370.8
2025-04-15 11:45:00+09:00,0.1914,0.1921,0.1914,0.1921,3159.7
2025-04-15 11:50:00+09:00,0.192,0.1922,0.1918,0.192,11376.0
2025-04-15 11:55:00+09:00,0.1923,0.1929,0.1922,0.1927,15188.5
2025-04-15 12:00:00+09:00,0.1926,0.1928,0.1924,0.1925,4214.0
2025-04-15 12:05:00+09:00,0.1922,0.1926,0.1922,0.1925,5833.2
2025-04-15 12:10:00+09:00,0.1924,0.1924,0.1922,0.1924,2154.1
2025-04-15 12:15:00+09:00,0.1923,0.1928,0.1921,0.1925,2745.7
2025-04-15 12:20:00+09:00,0.1925,0.1932,0.1924,0.1932,3821.8
2025-04-15 12:25:00+09:00,0.1931,0.1932,0.1931,0.1932,718.4
2025-04-15 12:30:00+09:00,0.193,0.1937,0.193,0.1933,23811.1
2025-04-15 12:35:00+09:00,0.1933,0.1935,0.1931,0.1933,17709.0
2025-04-15 12:40:00+09:00,0.1935,0.1936,0.1929,0.1929,6891.6
2025-04-15 12:45:00+09:00,0.1929,0.1931,0.1924,0.1929,42896.4
2025-04-15 12:50:00+09:00,0.1929,0.193,0.1929,0.1929,2413.2
2025-04-15 12:55:00+09:00,0.193,0.1934,0.193,0.1933,3298.5
2025-04-15 13:00:00+09:00,0.1931,0.1933,0.1926,0.1926,18752.8
2025-04-15 13:05:00+09:00,0.1923,0.1924,0.1921,0.1921,9830.1
2025-04-15 13:10:00+09:00,0.1923,0.1923,0.1919,0.1919,395.1
2025-04-15 13:15:00+09:00,0.1918,0.1926,0.1918,0.1922,50924.9
2025-04-15 13:20:00+09:00,0.1922,0.1926,0.1921,0.1922,9617.7
2025-04-15 13:25:00+09:00,0.192,0.192,0.1918,0.192,3195.3
2025-04-15 13:30:00+09:00,0.1918,0.1923,0.1917,0.1922,3440.5
2025-04-15 13:35:00+09:00,0.1921,0.1923,0.1919,0.1919,2033.8
2025-04-15 13:40:00+09:00,0.192,0.1922,0.192,0.1922,303.8
2025-04-15 13:45:00+09:00,0.1922,0.1922,0.192,0.1921,405.9
2025-04-15 13:50:00+09:00,0.1921,0.1924,0.1919,0.1924,3846.5
2025-04-15 13:55:00+09:00,0.1923,0.1926,0.1923,0.1926,3587.8
2025-04-15 14:00:00+09:00,0.1926,0.1932,0.1926,0.1931,1937.1
2025-04-15 14:05:00+09:00,0.1929,0.193,0.1927,0.1927,13828.2
2025-04-15 14:10:00+09:00,0.1926,0.1929,0.1926,0.1929,2177.9
2025-04-15 14:15:00+09:00,0.1928,0.1929,0.1928,0.1929,1174.6
2025-04-15 14:20:00+09:00,0.1929,0.1931,0.1929,0.1931,612.3
2025-04-15 14:25:00+09:00,0.1932,0.1932,0.193,0.193,340.3
2025-04-15 14:30:00+09:00,0.193,0.193,0.1921,0.1924,14614.6
2025-04-15 14:35:00+09:00,0.1923,0.1935,0.1923,0.1934,26152.0
2025-04-15 14:40:00+09:00,0.1934,0.1934,0.193,0.1931,4757.5
2025-04-15 14:45:00+09:00,0.1931,0.1932,0.1928,0.1929,20840.6
2025-04-15 14:50:00+09:00,0.1928,0.193,0.1926,0.1927,25411.2
2025-04-15 14:55:00+09:00,0.1928,0.1928,0.1923,0.1923,3434.2
2025-04-15 15:00:00+09:00,0.1924,0.1926,0.1924,0.1925,14891.1
2025-04-15 15:05:00+09:00,0.1925,0.1929,0.1923,0.1923,9262.6
2025-04-15 15:10:00+09:00,0.1921,0.1923,0.1921,0.1921,1781.8
2025-04-15 15:15:00+09:00,0.1921,0.1923,0.1921,0.1923,974.7
2025-04-15 15:20:00+09:00,0.1923,0.1923,0.1921,0.1922,5720.8
2025-04-15 15:25:00+09:00,0.1921,0.193,0.1921,0.1927,29714.7
2025-04-15 15:30:00+09:00,0.1926,0.1931,0.1923,0.1924,10201.4
2025-04-15 15:35:00+09:00,0.192,0.192,0.1914,0.1917,29417.2
2025-04-15 15:40:00+09:00,0.1916,0.1919,0.1915,0.1919,18297.2
2025-04-15 15:45:00+09:00,0.1919,0.1922,0.1918,0.1918,10748.9
2025-04-15 15:50:00+09:00,0.1918,0.1919,0.1913,0.1913,11916.2
2025-04-15 15:55:00+09:00,0.1913,0.1918,0.1913,0.1916,51697.7
2025-04-15 16:00:00+09:00,0.1916,0.192,0.1913,0.192,8627.9
2025-04-15 16:05:00+09:00,0.1921,0.1924,0.1921,0.1922,28928.8
2025-04-15 16:10:00+09:00,0.1922,0.1924,0.1921,0.1922,8138.1
2025-04-15 16:15:00+09:00,0.1923,0.1927,0.1923,0.1927,11109.9
2025-04-15 16:20:00+09:00,0.1927,0.1934,0.1927,0.1933,23508.2
2025-04-15 16:25:00+09:00,0.1932,0.1933,0.1931,0.1931,6931.5
2025-04-15 16:30:00+09:00,0.193,0.1934,0.1929,0.1932,8429.4
2025-04-15 16:35:00+09:00,0.1933,0.1935,0.1928,0.1932,23140.7
2025-04-15 16:40:00+09:00,0.1933,0.1933,0.1932,0.1933,7514.3
2025-04-15 16:45:00+09:00,0.1933,0.1935,0.1931,0.1931,46225.1
2025-04-15 16:50:00+09:00,0.1932,0.1937,0.1932,0.1937,23704.5
2025-04-15 16:55:00+09:00,0.1938,0.194,0.1936,0.1938,54538.2
2025-04-15 17:00:00+09:00,0.1938,0.1942,0.1937,0.1939,16771.3
2025-04-15 17:05:00+09:00,0.1938,0.1938,0.1931,0.1934,28922.1
2025-04-15 17:10:00+09:00,0.1934,0.1942,0.1934,0.1941,5765.7
2025-04-15 17:15:00+09:00,0.1942,0.1947,0.1942,0.1944,18255.0
2025-04-15 17:20:00+09:00,0.1943,0.1947,0.1943,0.1945,1326.5
2025-04-15 17:25:00+09:00,0.1945,0.1948,0.1942,0.1948,12630.1
2025-04-15 17:30:00+09:00,0.1947,0.1954,0.1947,0.1953,35783.9
2025-04-15 17:35:00+09:00,0.1953,0.1968,0.1951,0.1961,172657.1
2025-04-15 17:40:00+09:00,0.1962,0.1966,0.1957,0.1964,70281.4
2025-04-15 17:45:00+09:00,0.1964,0.1969,0.1959,0.1961,51392.1
2025-04-15 17:50:00+09:00,0.1961,0.1965,0.1954,0.196,105057.4
2025-04-15 17:55:00+09:00,0.1961,0.1961,0.1958,0.1958,5879.7
2025-04-15 18:00:00+09:00,0.1958,0.1958,0.1951,0.1958,68823.8
2025-04-15 18:05:00+09:00,0.1958,0.1964,0.1958,0.1962,11018.1
2025-04-15 18:10:00+09:00,0.1963,0.1963,0.196,0.1961,1407.7
2025-04-15 18:15:00+09:00,0.1963,0.1968,0.1963,0.1964,37120.9
2025-04-15 18:20:00+09:00,0.1964,0.1966,0.1963,0.1965,4941.5
2025-04-15 18:25:00+09:00,0.1964,0.1965,0.195,0.195,128242.7
2025-04-15 18:30:00+09:00,0.1945,0.1947,0.1937,0.1938,5669.9
2025-04-15 18:35:00+09:00,0.1937,0.1947,0.1937,0.1947,29346.6
2025-04-15 18:40:00+09:00,0.1947,0.1952,0.1947,0.1952,2993.4
2025-04-15 18:45:00+09:00,0.1952,0.1952,0.1942,0.1949,66052.1
2025-04-15 18:50:00+09:00,0.1951,0.1951,0.1943,0.1946,6921.1
2025-04-15 18:55:00+09:00,0.1946,0.1953,0.1946,0.1953,17745.5
2025-04-15 19:00:00+09:00,0.1952,0.1954,0.1945,0.1945,15910.9
2025-04-15 19:05:00+09:00,0.1943,0.1945,0.194,0.194,18199.7
2025-04-15 19:10:00+09:00,0.1938,0.194,0.1933,0.1933,42234.6
2025-04-15 19:15:00+09:00,0.1931,0.1934,0.1929,0.193,33064.8
2025-04-15 19:20:00+09:00,0.1931,0.1932,0.1928,0.1929,4495.9
2025-04-15 19:25:00+09:00,0.1929,0.193,0.1928,0.1928,8197.2
2025-04-15 19:30:00+09:00,0.1928,0.1929,0.1919,0.1922,47083.3
2025-04-15 19:35:00+09:00,0.1921,0.1921,0.1916,0.1916,34456.3
2025-04-15 19:40:00+09:00,0.1916,0.1919,0.1914,0.1919,24163.7
2025-04-15 19:45:00+09:00,0.1917,0.1921,0.1915,0.1921,12404.5
2025-04-15 19:50:00+09:00,0.1921,0.1922,0.1921,0.1922,6881.9
2025-04-15 19:55:00+09:00,0.1923,0.1923,0.1921,0.1922,7747.1
2025-04-15 20:00:00+09:00,0.1923,0.1923,0.1918,0.1923,16022.8
2025-04-15 20:05:00+09:00,0.1923,0.1923,0.1918,0.192,2758.0
2025-04-15 20:10:00+09:00,0.1921,0.1922,0.1921,0.1921,7934.3
2025-04-15 20:15:00+09:00,0.192,0.192,0.1914,0.1916,25098.2
2025-04-15 20:20:00+09:00,0.1916,0.1919,0.1914,0.1917,4501.7
2025-04-15 20:25:00+09:00,0.1916,0.1919,0.1916,0.1919,2357.9
2025-04-15 20:30:00+09:00,0.1918,0.1921,0.1918,0.1921,2799.6
2025-04-15 20:35:00+09:00,0.192,0.1921,0.1917,0.192,3045.7
2025-04-15 20:40:00+09:00,0.192,0.1921,0.192,0.1921,1037.3
2025-04-15 20:45:00+09:00,0.1923,0.1924,0.1921,0.1924,4350.4
2025-04-15 20:50:00+09:00,0.1925,0.1926,0.1924,0.1926,5528.0
2025-04-15 20:55:00+09:00,0.1926,0.193,0.1926,0.1929,2006.4
2025-04-15 21:00:00+09:00,0.1929,0.1939,0.1929,0.1937,12208.4
2025-04-15 21:05:00+09:00,0.1937,0.1939,0.1936,0.1938,5453.3
2025-04-15 21:10:00+09:00,0.1937,0.1937,0.1933,0.1934,21980.4
2025-04-15 21:15:00+09:00,0.1933,0.1936,0.193,0.1932,29226.8
2025-04-15 21:20:00+09:00,0.1931,0.1931,0.1924,0.1924,16822.5
2025-04-15 21:25:00+09:00,0.1924,0.1925,0.192,0.1921,13702.5
2025-04-15 21:30:00+09:00,0.1921,0.1924,0.1919,0.1924,17458.3
2025-04-15 21:35:00+09:00,0.1923,0.1924,0.1921,0.1924,9506.6
2025-04-15 21:40:00+09:00,0.1924,0.1924,0.1923,0.1923,1737.5
2025-04-15 21:45:00+09:00,0.1922,0.1925,0.1921,0.1925,7332.3
2025-04-15 21:50:00+09:00,0.1927,0.1928,0.1925,0.1925,1778.9
2025-04-15 21:55:00+09:00,0.1924,0.1931,0.1923,0.1931,12286.5
2025-04-15 22:00:00+09:00,0.1932,0.1935,0.1931,0.1931,7116.8
2025-04-15 22:05:00+09:00,0.1931,0.1936,0.1928,0.1932,15997.9
2025-04-15 22:10:00+09:00,0.1931,0.1934,0.1931,0.1933,5443.7
2025-04-15 22:15:00+09:00,0.1932,0.1932,0.1928,0.1929,3005.1
2025-04-15 22:20:00+09:00,0.193,0.1931,0.1924,0.1924,8132.1
2025-04-15 22:25:00+09:00,0.1925,0.1928,0.1923,0.1927,6546.5
2025-04-15 22:30:00+09:00,0.1926,0.1927,0.1918,0.1924,25379.4
2025-04-15 22:35:00+09:00,0.1924,0.1939,0.1923,0.1939,40123.0
2025-04-15 22:40:00+09:00,0.1938,0.1939,0.1932,0.1939,17486.4
2025-04-15 22:45:00+09:00,0.194,0.1959,0.1938,0.1957,35851.8
2025-04-15 22:50:00+09:00,0.1955,0.1955,0.1935,0.1938,177157.0
2025-04-15 22:55:00+09:00,0.1929,0.1936,0.1923,0.1924,47317.9
2025-04-15 23:00:00+09:00,0.1925,0.1929,0.1912,0.1924,42318.6
2025-04-15 23:05:00+09:00,0.1922,0.1927,0.1916,0.1925,37858.0
2025-04-15 23:10:00+09:00,0.1925,0.1933,0.1925,0.1926,25386.1
2025-04-15 23:15:00+09:00,0.1926,0.1928,0.19,0.1901,57958.4
2025-04-15 23:20:00+09:00,0.1902,0.1904,0.1893,0.1898,67952.4
2025-04-15 23:25:00+09:00,0.1898,0.1901,0.1893,0.1897,9567.4
2025-04-15 23:30:00+09:00,0.1897,0.1902,0.1894,0.1898,10696.3
2025-04-15 23:35:00+09:00,0.1897,0.1905,0.1897,0.1904,34493.5
2025-04-15 23:40:00+09:00,0.1907,0.192,0.1905,0.1919,42461.4
2025-04-15 23:45:00+09:00,0.1917,0.1919,0.1914,0.1916,36205.5
2025-04-15 23:50:00+09:00,0.1917,0.1919,0.1917,0.1919,7890.4
2025-04-15 23:55:00+09:00,0.1918,0.1922,0.1915,0.1917,4279.6
2025-04-16 00:00:00+09:00,0.1916,0.1923,0.1915,0.1922,10101.6
2025-04-16 00:05:00+09:00,0.1923,0.1926,0.192,0.1923,8202.9
2025-04-16 00:10:00+09:00,0.1923,0.1927,0.1923,0.1926,1399.4
2025-04-16 00:15:00+09:00,0.1925,0.1933,0.1925,0.1929,1943.8
2025-04-16 00:20:00+09:00,0.193,0.1932,0.193,0.193,9388.4
2025-04-16 00:25:00+09:00,0.1928,0.1929,0.1925,0.1927,4459.1
2025-04-16 00:30:00+09:00,0.1925,0.1925,0.1918,0.1918,15939.9
2025-04-16 00:35:00+09:00,0.1917,0.1917,0.1906,0.1909,37270.0
2025-04-16 00:40:00+09:00,0.191,0.1914,0.191,0.1912,8351.0
2025-04-16 00:45:00+09:00,0.1912,0.1913,0.1906,0.1908,13207.1
2025-04-16 00:50:00+09:00,0.1908,0.1912,0.19,0.1912,21997.8
2025-04-16 00:55:00+09:00,0.1912,0.1916,0.1911,0.1916,1243.3
2025-04-16 01:00:00+09:00,0.1917,0.1923,0.1915,0.192,12360.3
2025-04-16 01:05:00+09:00,0.1921,0.1923,0.1915,0.1918,8423.2
2025-04-16 01:10:00+09:00,0.1919,0.192,0.1915,0.1915,8709.4
2025-04-16 01:15:00+09:00,0.1915,0.1918,0.1913,0.1914,9070.9
2025-04-16 01:20:00+09:00,0.1913,0.1913,0.1907,0.1908,8259.8
2025-04-16 01:25:00+09:00,0.1909,0.1916,0.1909,0.1916,28475.6
2025-04-16 01:30:00+09:00,0.1915,0.1915,0.1911,0.1912,38453.8
2025-04-16 01:35:00+09:00,0.1913,0.1915,0.1912,0.1914,6013.9
2025-04-16 01:40:00+09:00,0.1914,0.1914,0.1908,0.1911,23409.5
2025-04-16 01:45:00+09:00,0.1911,0.1913,0.1909,0.1913,4989.8
2025-04-16 01:50:00+09:00,0.1912,0.1914,0.1911,0.1911,2310.7
2025-04-16 01:55:00+09:00,0.1911,0.1914,0.1904,0.1912,59889.6
2025-04-16 02:00:00+09:00,0.1911,0.1915,0.1909,0.1915,13165.2
2025-04-16 02:05:00+09:00,0.1916,0.1919,0.1916,0.1917,6258.6
2025-04-16 02:10:00+09:00,0.1919,0.1922,0.1919,0.1921,7237.7
2025-04-16 02:15:00+09:00,0.1921,0.1921,0.1913,0.1915,12777.5
2025-04-16 02:20:00+09:00,0.1914,0.1915,0.1904,0.1904,15229.3
2025-04-16 02:25:00+09:00,0.1902,0.1906,0.19,0.1901,25009.3
2025-04-16 02:30:00+09:00,0.1901,0.1903,0.1901,0.1901,13771.1
2025-04-16 02:35:00+09:00,0.1903,0.1912,0.1903,0.1912,22724.0
2025-04-16 02:40:00+09:00,0.1911,0.1915,0.1911,0.1914,3846.2
2025-04-16 02:45:00+09:00,0.1913,0.1915,0.191,0.1911,11349.1
2025-04-16 02:50:00+09:00,0.1911,0.1911,0.1896,0.1896,54801.2
2025-04-16 02:55:00+09:00,0.1895,0.1899,0.1895,0.1898,3566.8
2025-04-16 03:00:00+09:00,0.1898,0.1902,0.1898,0.19,25300.2
2025-04-16 03:05:00+09:00,0.19,0.19,0.189,0.1899,24861.3
2025-04-16 03:10:00+09:00,0.1899,0.19,0.1894,0.1894,6352.3
2025-04-16 03:15:00+09:00,0.1893,0.1893,0.1875,0.1881,59024.2
2025-04-16 03:20:00+09:00,0.1881,0.1882,0.1873,0.1879,20675.6
2025-04-16 03:25:00+09:00,0.188,0.1884,0.188,0.1884,3717.4
2025-04-16 03:30:00+09:00,0.1885,0.1892,0.1885,0.1892,5292.9
2025-04-16 03:35:00+09:00,0.1892,0.1899,0.1892,0.1899,4943.3
2025-04-16 03:40:00+09:00,0.1898,0.1902,0.1898,0.1901,4559.8
2025-04-16 03:45:00+09:00,0.1901,0.1904,0.1895,0.1896,3325.6
2025-04-16 03:50:00+09:00,0.1896,0.1897,0.1894,0.1894,1717.0
2025-04-16 03:55:00+09:00,0.1894,0.1896,0.189,0.1892,5780.4
2025-04-16 04:00:00+09:00,0.1891,0.1893,0.1886,0.1889,13790.9
2025-04-16 04:05:00+09:00,0.1889,0.1891,0.1887,0.1889,20687.2
2025-04-16 04:10:00+09:00,0.1889,0.1893,0.1888,0.1893,998.3
2025-04-16 04:15:00+09:00,0.1894,0.1894,0.1891,0.1894,2694.7
2025-04-16 04:20:00+09:00,0.1893,0.1893,0.1888,0.1888,11412.7
2025-04-16 04:25:00+09:00,0.1887,0.1888,0.1882,0.1886,27555.2
2025-04-16 04:30:00+09:00,0.1886,0.189,0.1886,0.1889,630.5
2025-04-16 04:35:00+09:00,0.1888,0.1889,0.1888,0.1889,7105.9
2025-04-16 04:40:00+09:00,0.1892,0.1892,0.1888,0.1891,6716.9
2025-04-16 04:45:00+09:00,0.189,0.189,0.1887,0.1887,3266.3
2025-04-16 04:50:00+09:00,0.1888,0.189,0.1886,0.1889,18349.6
2025-04-16 04:55:00+09:00,0.1887,0.1888,0.1887,0.1887,1973.7
2025-04-16 05:00:00+09:00,0.1884,0.1888,0.1884,0.1885,12560.7
2025-04-16 05:05:00+09:00,0.1886,0.189,0.1886,0.1888,3954.5
2025-04-16 05:10:00+09:00,0.1887,0.1892,0.1887,0.1892,945.1
2025-04-16 05:15:00+09:00,0.1891,0.1898,0.1891,0.1897,18445.4
2025-04-16 05:20:00+09:00,0.1895,0.1899,0.1893,0.1893,13850.6
2025-04-16 05:25:00+09:00,0.1892,0.1892,0.1891,0.1891,1741.0
2025-04-16 05:30:00+09:00,0.1889,0.1892,0.1887,0.189,10276.8
2025-04-16 05:35:00+09:00,0.189,0.1895,0.189,0.1893,10210.7
2025-04-16 05:40:00+09:00,0.189,0.189,0.1883,0.1883,2523.0
2025-04-16 05:45:00+09:00,0.1879,0.188,0.1878,0.1878,6428.7
2025-04-16 05:50:00+09:00,0.1877,0.1877,0.1866,0.1866,42037.7
2025-04-16 05:55:00+09:00,0.1865,0.1872,0.1862,0.1871,34625.9
2025-04-16 06:00:00+09:00,0.1869,0.1875,0.1869,0.1874,5816.9
2025-04-16 06:05:00+09:00,0.1875,0.1876,0.1869,0.1872,7699.1
2025-04-16 06:10:00+09:00,0.1871,0.1872,0.1869,0.1871,6130.1
2025-04-16 06:15:00+09:00,0.187,0.1874,0.1866,0.1874,15256.1
2025-04-16 06:20:00+09:00,0.1874,0.1884,0.1874,0.1884,1535.6
2025-04-16 06:25:00+09:00,0.1883,0.1884,0.1882,0.1882,187.4
2025-04-16 06:30:00+09:00,0.1883,0.1892,0.1883,0.189,16477.4
2025-04-16 06:35:00+09:00,0.189,0.1891,0.1889,0.1891,1908.4
2025-04-16 06:40:00+09:00,0.1892,0.1895,0.1892,0.1892,17418.0
2025-04-16 06:45:00+09:00,0.1893,0.1893,0.1893,0.1893,660.3
2025-04-16 06:50:00+09:00,0.1893,0.1893,0.1893,0.1893,248.8
2025-04-16 06:55:00+09:00,0.1893,0.1896,0.1893,0.1896,1142.2
2025-04-16 07:00:00+09:00,0.1894,0.1895,0.1887,0.189,51702.6
2025-04-16 07:05:00+09:00,0.189,0.1891,0.1885,0.1885,35332.1
2025-04-16 07:10:00+09:00,0.1884,0.1886,0.1882,0.1885,8309.1
2025-04-16 07:15:00+09:00,0.1885,0.1885,0.1884,0.1884,3519.4
2025-04-16 07:20:00+09:00,0.1884,0.1884,0.1879,0.1879,11190.7
2025-04-16 07:25:00+09:00,0.1878,0.1882,0.1876,0.1882,19628.5
2025-04-16 07:30:00+09:00,0.1885,0.1886,0.1884,0.1884,3756.8
2025-04-16 07:35:00+09:00,0.1883,0.1883,0.1881,0.1882,3343.7
2025-04-16 07:40:00+09:00,0.1882,0.1884,0.1882,0.1883,3058.3
2025-04-16 07:45:00+09:00,0.1884,0.1884,0.1873,0.1874,11028.9
2025-04-16 07:50:00+09:00,0.187,0.1871,0.187,0.1871,3182.9
2025-04-16 07:55:00+09:00,0.1872,0.1875,0.1872,0.1875,6644.7
2025-04-16 08:00:00+09:00,0.1875,0.188,0.1875,0.1879,14920.2
2025-04-16 08:05:00+09:00,0.1878,0.1879,0.1874,0.1879,6692.0
2025-04-16 08:10:00+09:00,0.1881,0.1883,0.1881,0.1882,1234.5
2025-04-16 08:15:00+09:00,0.1883,0.1883,0.1879,0.1879,286.3
2025-04-16 08:20:00+09:00,0.1881,0.1883,0.1881,0.1883,1179.0
2025-04-16 08:25:00+09:00,0.1884,0.1885,0.1884,0.1885,1963.0
2025-04-16 08:30:00+09:00,0.1886,0.1886,0.1885,0.1885,195.2
2025-04-16 08:35:00+09:00,0.1886,0.1886,0.1881,0.1881,10183.0
2025-04-16 08:40:00+09:00,0.1879,0.1879,0.1873,0.1874,5622.1
2025-04-16 08:45:00+09:00,0.1875,0.1879,0.1875,0.1878,5432.2
2025-04-16 08:50:00+09:00,0.1875,0.1875,0.1873,0.1873,3620.3
2025-04-16 08:55:00+09:00,0.1872,0.1878,0.1872,0.1878,24485.5
2025-04-16 09:00:00+09:00,0.1877,0.1878,0.1868,0.1869,89130.8
2025-04-16 09:05:00+09:00,0.187,0.1871,0.1862,0.1871,58608.8
2025-04-16 09:10:00+09:00,0.1871,0.1871,0.1859,0.1859,82096.8
2025-04-16 09:15:00+09:00,0.186,0.186,0.1845,0.1845,23010.9
2025-04-16 09:20:00+09:00,0.1842,0.1867,0.1839,0.1867,143784.5
2025-04-16 09:25:00+09:00,0.187,0.1876,0.1868,0.1873,5832.2
2025-04-16 09:30:00+09:00,0.1874,0.1875,0.187,0.187,6684.4
2025-04-16 09:35:00+09:00,0.1866,0.1868,0.1862,0.1868,19171.9
2025-04-16 09:40:00+09:00,0.1866,0.1866,0.1856,0.1858,12329.8
2025-04-16 09:45:00+09:00,0.1857,0.186,0.1856,0.1859,16803.6
2025-04-16 09:50:00+09:00,0.1861,0.1861,0.1858,0.1858,8668.6
2025-04-16 09:55:00+09:00,0.1856,0.1856,0.185,0.1852,15261.5
2025-04-16 10:00:00+09:00,0.1852,0.1859,0.1852,0.1859,39106.9
2025-04-16 10:05:00+09:00,0.186,0.1869,0.186,0.1869,303.1
2025-04-16 10:10:00+09:00,0.1873,0.1873,0.1866,0.1866,6117.9
2025-04-16 10:15:00+09:00,0.1868,0.1872,0.1866,0.1871,15009.2
2025-04-16 10:20:00+09:00,0.1871,0.188,0.187,0.188,11549.3
2025-04-16 10:25:00+09:00,0.1879,0.188,0.1878,0.1878,4821.5
2025-04-16 10:30:00+09:00,0.1878,0.1878,0.1871,0.1872,6343.1
2025-04-16 10:35:00+09:00,0.1871,0.1887,0.1871,0.1887,113891.9
2025-04-16 10:40:00+09:00,0.1888,0.1889,0.1882,0.1886,76561.5
2025-04-16 10:45:00+09:00,0.1885,0.1897,0.1885,0.1893,5327.3
2025-04-16 10:50:00+09:00,0.1892,0.1892,0.1888,0.1891,21305.2
2025-04-16 10:55:00+09:00,0.189,0.189,0.1888,0.189,4998.1
2025-04-16 11:00:00+09:00,0.189,0.1895,0.189,0.1891,5541.0
2025-04-16 11:05:00+09:00,0.1891,0.1892,0.1885,0.1892,57137.3
2025-04-16 11:10:00+09:00,0.1892,0.1892,0.1885,0.1888,9023.6
2025-04-16 11:15:00+09:00,0.1887,0.1889,0.1883,0.1883,7089.3
2025-04-16 11:20:00+09:00,0.1883,0.1883,0.1883,0.1883,2949.9
2025-04-16 11:25:00+09:00,0.1882,0.1888,0.1882,0.1885,20734.5
2025-04-16 11:30:00+09:00,0.1884,0.1886,0.1883,0.1885,7743.9
2025-04-16 11:35:00+09:00,0.1885,0.189,0.1881,0.1882,17459.5
2025-04-16 11:40:00+09:00,0.188,0.188,0.1877,0.1877,876.4
2025-04-16 11:45:00+09:00,0.1877,0.1879,0.1876,0.1878,1534.3
2025-04-16 11:50:00+09:00,0.1879,0.1886,0.1878,0.1884,26387.1
2025-04-16 11:55:00+09:00,0.1883,0.1888,0.1883,0.1885,29682.8
2025-04-16 12:00:00+09:00,0.1887,0.1888,0.1885,0.1886,22299.6
2025-04-16 12:05:00+09:00,0.1887,0.1895,0.1886,0.1895,24225.2
2025-04-16 12:10:00+09:00,0.1896,0.19,0.1896,0.1899,1702.2
2025-04-16 12:15:00+09:00,0.1899,0.1899,0.1894,0.1894,6882.4
2025-04-16 12:20:00+09:00,0.1894,0.1895,0.1894,0.1894,312.8
2025-04-16 12:25:00+09:00,0.1891,0.1891,0.1885,0.1886,2753.0
2025-04-16 12:30:00+09:00,0.1887,0.1888,0.1885,0.1887,3381.1
2025-04-16 12:35:00+09:00,0.1887,0.189,0.1887,0.189,3429.3
2025-04-16 12:40:00+09:00,0.1889,0.189,0.1886,0.1886,1589.7
2025-04-16 12:45:00+09:00,0.1886,0.1886,0.1885,0.1886,1801.4
2025-04-16 12:50:00+09:00,0.1886,0.189,0.1885,0.1888,22342.5
2025-04-16 12:55:00+09:00,0.1889,0.1889,0.1889,0.1889,215.9
2025-04-16 13:00:00+09:00,0.1889,0.1892,0.1889,0.1891,16546.3
2025-04-16 13:05:00+09:00,0.1892,0.1893,0.1888,0.1888,6392.0
2025-04-16 13:10:00+09:00,0.1885,0.1885,0.1883,0.1883,7775.1
2025-04-16 13:15:00+09:00,0.1882,0.1882,0.187,0.187,5914.7
2025-04-16 13:20:00+09:00,0.1869,0.1871,0.1869,0.1871,5796.8
2025-04-16 13:25:00+09:00,0.187,0.1871,0.1868,0.1871,5714.4
2025-04-16 13:30:00+09:00,0.1871,0.1872,0.1867,0.1871,50018.8
2025-04-16 13:35:00+09:00,0.187,0.187,0.1854,0.186,50827.0
2025-04-16 13:40:00+09:00,0.1861,0.1861,0.1852,0.1856,15588.5
2025-04-16 13:45:00+09:00,0.1854,0.1859,0.1854,0.1859,2644.2
2025-04-16 13:50:00+09:00,0.186,0.187,0.1858,0.1869,77826.7
2025-04-16 13:55:00+09:00,0.1868,0.1876,0.1867,0.1875,4081.8
2025-04-16 14:00:00+09:00,0.1872,0.1878,0.1871,0.1878,14957.1
2025-04-16 14:05:00+09:00,0.188,0.188,0.1876,0.1876,19991.5
2025-04-16 14:10:00+09:00,0.1877,0.1878,0.1874,0.1874,4861.0
2025-04-16 14:15:00+09:00,0.1873,0.1883,0.1872,0.1876,67957.1
2025-04-16 14:20:00+09:00,0.1876,0.1876,0.1847,0.1852,127251.3
2025-04-16 14:25:00+09:00,0.1852,0.1856,0.1847,0.1851,30178.3
2025-04-16 14:30:00+09:00,0.1851,0.1851,0.1843,0.1851,15963.0
2025-04-16 14:35:00+09:00,0.1853,0.1862,0.1853,0.186,5317.7
2025-04-16 14:40:00+09:00,0.1861,0.1865,0.1861,0.1863,10323.3
2025-04-16 14:45:00+09:00,0.1862,0.1864,0.1861,0.1861,4371.7
2025-04-16 14:50:00+09:00,0.186,0.186,0.1849,0.1855,38675.0
2025-04-16 14:55:00+09:00,0.1855,0.1855,0.1852,0.1852,8073.4
2025-04-16 15:00:00+09:00,0.1853,0.1858,0.1849,0.1858,5661.7
2025-04-16 15:05:00+09:00,0.1858,0.1858,0.185,0.1852,22776.0
2025-04-16 15:10:00+09:00,0.1853,0.1862,0.1853,0.1862,1935.1
2025-04-16 15:15:00+09:00,0.1861,0.1863,0.186,0.1861,11532.3
2025-04-16 15:20:00+09:00,0.1861,0.1867,0.1861,0.1867,6983.9
2025-04-16 15:25:00+09:00,0.1866,0.1866,0.1862,0.1862,2941.3
2025-04-16 15:30:00+09:00,0.1863,0.1866,0.186,0.1863,21572.6
2025-04-16 15:35:00+09:00,0.1865,0.1866,0.1863,0.1865,5389.8
2025-04-16 15:40:00+09:00,0.1865,0.1867,0.1864,0.1867,464.2
2025-04-16 15:45:00+09:00,0.1867,0.1868,0.1867,0.1868,6728.3
2025-04-16 15:50:00+09:00,0.1867,0.1867,0.1864,0.1864,1649.0
2025-04-16 15:55:00+09:00,0.1863,0.1863,0.186,0.186,252.4
2025-04-16 16:00:00+09:00,0.1861,0.1864,0.1854,0.1854,9233.1
2025-04-16 16:05:00+09:00,0.1853,0.1854,0.1852,0.1852,1668.0
2025-04-16 16:10:00+09:00,0.1851,0.1853,0.1851,0.1853,6328.7
2025-04-16 16:15:00+09:00,0.1852,0.1854,0.1849,0.1849,15706.5
2025-04-16 16:20:00+09:00,0.1847,0.1847,0.1842,0.1842,10412.9
2025-04-16 16:25:00+09:00,0.1842,0.1843,0.1841,0.1842,6005.8
2025-04-16 16:30:00+09:00,0.1841,0.1845,0.1838,0.1838,41843.4
2025-04-16 16:35:00+09:00,0.1838,0.184,0.1832,0.1834,19908.6
2025-04-16 16:40:00+09:00,0.1835,0.1839,0.1835,0.1835,21841.8
2025-04-16 16:45:00+09:00,0.1835,0.1837,0.1828,0.1832,90434.0
2025-04-16 16:50:00+09:00,0.1831,0.1831,0.1827,0.1829,28521.2
2025-04-16 16:55:00+09:00,0.1828,0.1831,0.1821,0.1831,28676.1
2025-04-16 17:00:00+09:00,0.183,0.1835,0.1826,0.1829,17479.9
2025-04-16 17:05:00+09:00,0.1829,0.1835,0.1826,0.1826,16998.7
2025-04-16 17:10:00+09:00,0.1827,0.1829,0.1819,0.1821,34623.7
2025-04-16 17:15:00+09:00,0.1821,0.1824,0.1816,0.1821,25016.0
2025-04-16 17:20:00+09:00,0.1821,0.1827,0.182,0.1827,7494.5
2025-04-16 17:25:00+09:00,0.1829,0.1842,0.1829,0.1839,60968.4
2025-04-16 17:30:00+09:00,0.184,0.1851,0.184,0.1849,12079.2
2025-04-16 17:35:00+09:00,0.1849,0.1853,0.1847,0.1853,12054.5
2025-04-16 17:40:00+09:00,0.1852,0.186,0.1851,0.1856,30780.0
2025-04-16 17:45:00+09:00,0.1856,0.1859,0.1852,0.1852,19124.8
2025-04-16 17:50:00+09:00,0.185,0.1853,0.1845,0.1845,2328.1
2025-04-16 17:55:00+09:00,0.1845,0.1847,0.1842,0.1843,10197.9
2025-04-16 18:00:00+09:00,0.1844,0.1849,0.1843,0.1846,5483.2
2025-04-16 18:05:00+09:00,0.1846,0.1847,0.1844,0.1847,5411.9
2025-04-16 18:10:00+09:00,0.1846,0.1848,0.1843,0.1846,14464.9
2025-04-16 18:15:00+09:00,0.1845,0.1848,0.1843,0.1845,9576.7
2025-04-16 18:20:00+09:00,0.1845,0.1845,0.1838,0.1838,10487.3
2025-04-16 18:25:00+09:00,0.1838,0.184,0.1838,0.1838,720.6
2025-04-16 18:30:00+09:00,0.1838,0.1846,0.1837,0.1844,41298.3
2025-04-16 18:35:00+09:00,0.1846,0.1849,0.1846,0.1848,19457.8
2025-04-16 18:40:00+09:00,0.1851,0.1851,0.1844,0.1844,1682.6
2025-04-16 18:45:00+09:00,0.1843,0.1843,0.1829,0.1829,12687.7
2025-04-16 18:50:00+09:00,0.1831,0.1837,0.183,0.1837,11300.0
2025-04-16 18:55:00+09:00,0.1838,0.1838,0.1833,0.1833,4685.8
2025-04-16 19:00:00+09:00,0.1833,0.1838,0.1832,0.1838,21020.1
2025-04-16 19:05:00+09:00,0.1839,0.1839,0.1834,0.1834,2047.6
2025-04-16 19:10:00+09:00,0.1835,0.184,0.1835,0.184,9729.5
2025-04-16 19:15:00+09:00,0.184,0.1844,0.1838,0.1844,58446.1
2025-04-16 19:20:00+09:00,0.1845,0.1845,0.184,0.1844,7533.6
2025-04-16 19:25:00+09:00,0.1845,0.1845,0.1843,0.1845,6422.2
2025-04-16 19:30:00+09:00,0.1847,0.1847,0.1842,0.1842,5470.2
2025-04-16 19:35:00+09:00,0.1843,0.1845,0.1843,0.1845,1167.9
2025-04-16 19:40:00+09:00,0.1844,0.1844,0.1843,0.1844,239.1
2025-04-16 19:45:00+09:00,0.1844,0.1845,0.1841,0.1841,3282.1
2025-04-16 19:50:00+09:00,0.1842,0.1848,0.1842,0.1848,2056.0
2025-04-16 19:55:00+09:00,0.1846,0.1847,0.1846,0.1846,1703.8
2025-04-16 20:00:00+09:00,0.1847,0.1849,0.1842,0.1847,10514.1
2025-04-16 20:05:00+09:00,0.1846,0.1848,0.1844,0.1848,10467.3
2025-04-16 20:10:00+09:00,0.1848,0.1853,0.1848,0.1849,5791.3
2025-04-16 20:15:00+09:00,0.185,0.1853,0.185,0.1853,9309.0
2025-04-16 20:20:00+09:00,0.1853,0.1853,0.1849,0.1849,8274.4
2025-04-16 20:25:00+09:00,0.1845,0.1847,0.1845,0.1846,574.2
2025-04-16 20:30:00+09:00,0.1846,0.1846,0.1843,0.1843,12701.8
2025-04-16 20:35:00+09:00,0.1842,0.1844,0.1841,0.1844,3376.5
2025-04-16 20:40:00+09:00,0.1846,0.1853,0.1846,0.1852,31500.1
2025-04-16 20:45:00+09:00,0.1854,0.1857,0.1854,0.1854,9081.8
2025-04-16 20:50:00+09:00,0.1855,0.1855,0.1851,0.1852,2908.8
2025-04-16 20:55:00+09:00,0.185,0.185,0.1849,0.1849,3392.4
2025-04-16 21:00:00+09:00,0.1848,0.1849,0.1845,0.1848,5342.6
2025-04-16 21:05:00+09:00,0.1845,0.1849,0.1841,0.1846,27838.1
2025-04-16 21:10:00+09:00,0.1846,0.1846,0.1838,0.1838,13537.8
2025-04-16 21:15:00+09:00,0.1839,0.1843,0.1839,0.184,4078.9
2025-04-16 21:20:00+09:00,0.1842,0.1846,0.1842,0.1846,10288.6
2025-04-16 21:25:00+09:00,0.1847,0.1849,0.1846,0.1846,5882.5
2025-04-16 21:30:00+09:00,0.1846,0.1847,0.1844,0.1844,18578.4
2025-04-16 21:35:00+09:00,0.1842,0.1847,0.184,0.184,8586.8
2025-04-16 21:40:00+09:00,0.1838,0.1838,0.1833,0.1834,16170.7
2025-04-16 21:45:00+09:00,0.1833,0.1833,0.183,0.1831,15028.3
2025-04-16 21:50:00+09:00,0.183,0.1831,0.1828,0.183,25702.1
2025-04-16 21:55:00+09:00,0.1832,0.1834,0.1814,0.1821,99476.4
2025-04-16 22:00:00+09:00,0.182,0.1823,0.1819,0.1822,16593.7
2025-04-16 22:05:00+09:00,0.1822,0.1822,0.182,0.182,1760.7
2025-04-16 22:10:00+09:00,0.1819,0.1821,0.1817,0.1817,5589.1
2025-04-16 22:15:00+09:00,0.1817,0.1823,0.1814,0.1816,20088.9
2025-04-16 22:20:00+09:00,0.1816,0.182,0.1815,0.1818,29452.2
2025-04-16 22:25:00+09:00,0.1817,0.182,0.1817,0.1818,4442.3
2025-04-16 22:30:00+09:00,0.1817,0.1824,0.1813,0.1824,78581.4
2025-04-16 22:35:00+09:00,0.1823,0.1826,0.1821,0.1822,32356.2
2025-04-16 22:40:00+09:00,0.1822,0.1823,0.1817,0.1817,23249.3
2025-04-16 22:45:00+09:00,0.1816,0.1826,0.1814,0.1825,41055.8
2025-04-16 22:50:00+09:00,0.1826,0.1826,0.1816,0.1816,12654.3
2025-04-16 22:55:00+09:00,0.1815,0.182,0.1814,0.1814,9959.0
2025-04-16 23:00:00+09:00,0.1811,0.1817,0.1811,0.1817,10646.9
2025-04-16 23:05:00+09:00,0.1816,0.1824,0.1816,0.1821,4716.6
2025-04-16 23:10:00+09:00,0.1822,0.1826,0.1821,0.1821,5144.7
2025-04-16 23:15:00+09:00,0.182,0.1822,0.1817,0.1821,15450.9
2025-04-16 23:20:00+09:00,0.1822,0.1834,0.1822,0.1834,27786.5
2025-04-16 23:25:00+09:00,0.1835,0.1836,0.1833,0.1835,5583.4
2025-04-16 23:30:00+09:00,0.1836,0.1847,0.1836,0.1846,37756.3
2025-04-16 23:35:00+09:00,0.185,0.1854,0.1837,0.1839,19832.4
2025-04-16 23:40:00+09:00,0.184,0.185,0.184,0.185,14562.2
2025-04-16 23:45:00+09:00,0.1849,0.1849,0.184,0.184,21659.1
2025-04-16 23:50:00+09:00,0.1838,0.1844,0.1833,0.1837,11676.3
2025-04-16 23:55:00+09:00,0.1836,0.1836,0.1827,0.1833,12876.3
2025-04-17 00:00:00+09:00,0.1832,0.1834,0.1828,0.1829,25486.6
2025-04-17 00:05:00+09:00,0.1828,0.183,0.1822,0.1826,22315.7
2025-04-17 00:10:00+09:00,0.1827,0.1838,0.1827,0.183,12467.5
2025-04-17 00:15:00+09:00,0.1831,0.1834,0.1827,0.1833,11525.5
2025-04-17 00:20:00+09:00,0.1833,0.1844,0.1832,0.1844,13172.4
2025-04-17 00:25:00+09:00,0.1845,0.186,0.1845,0.1856,91795.9
2025-04-17 00:30:00+09:00,0.1857,0.1858,0.1844,0.1848,40441.0
2025-04-17 00:35:00+09:00,0.1844,0.1849,0.1844,0.1844,8236.7
2025-04-17 00:40:00+09:00,0.1844,0.1845,0.1838,0.1839,33116.6
2025-04-17 00:45:00+09:00,0.184,0.1841,0.1829,0.1829,13087.4
2025-04-17 00:50:00+09:00,0.1831,0.1831,0.1823,0.1823,5087.2
2025-04-17 00:55:00+09:00,0.1824,0.1857,0.1821,0.1844,428393.0
2025-04-17 01:00:00+09:00,0.1845,0.1859,0.1843,0.1857,214232.6
2025-04-17 01:05:00+09:00,0.1857,0.1864,0.1846,0.1864,98034.2
2025-04-17 01:10:00+09:00,0.1864,0.1872,0.1851,0.1852,80978.1
2025-04-17 01:15:00+09:00,0.1852,0.1859,0.1844,0.1846,55238.1
2025-04-17 01:20:00+09:00,0.1844,0.1845,0.1834,0.1838,21157.1
2025-04-17 01:25:00+09:00,0.1839,0.184,0.1828,0.183,11852.1
2025-04-17 01:30:00+09:00,0.1831,0.1836,0.1831,0.1835,27966.8
2025-04-17 01:35:00+09:00,0.1833,0.1833,0.1819,0.182,9632.8
2025-04-17 01:40:00+09:00,0.182,0.1835,0.182,0.1835,40117.8
2025-04-17 01:45:00+09:00,0.1834,0.1834,0.1825,0.1829,26518.0
2025-04-17 01:50:00+09:00,0.1828,0.1837,0.1825,0.1837,12424.4
2025-04-17 01:55:00+09:00,0.1838,0.1846,0.1837,0.1837,28041.5
2025-04-17 02:00:00+09:00,0.1836,0.1845,0.1836,0.1845,26258.2
2025-04-17 02:05:00+09:00,0.1843,0.1844,0.1836,0.1836,41411.6
2025-04-17 02:10:00+09:00,0.1835,0.1842,0.1834,0.1839,23123.3
2025-04-17 02:15:00+09:00,0.1841,0.1857,0.1841,0.1855,31630.1
2025-04-17 02:20:00+09:00,0.1858,0.1866,0.1852,0.1856,58097.7
2025-04-17 02:25:00+09:00,0.1858,0.1858,0.1854,0.1854,12289.6
2025-04-17 02:30:00+09:00,0.1854,0.1879,0.1833,0.1835,289225.8
2025-04-17 02:35:00+09:00,0.1836,0.1844,0.1834,0.1834,28266.2
2025-04-17 02:40:00+09:00,0.1828,0.1828,0.1812,0.1817,69361.1
2025-04-17 02:45:00+09:00,0.1816,0.1816,0.1799,0.1804,50538.4
2025-04-17 02:50:00+09:00,0.1802,0.1802,0.1788,0.179,131249.7
2025-04-17 02:55:00+09:00,0.179,0.1791,0.1774,0.1781,68667.6
2025-04-17 03:00:00+09:00,0.1781,0.1797,0.1776,0.1797,143831.7
2025-04-17 03:05:00+09:00,0.1799,0.1811,0.1797,0.1809,66965.1
2025-04-17 03:10:00+09:00,0.1812,0.1832,0.1812,0.1832,89444.9
2025-04-17 03:15:00+09:00,0.1831,0.1831,0.1814,0.1821,51801.5
2025-04-17 03:20:00+09:00,0.1819,0.1837,0.1814,0.1835,36066.0
2025-04-17 03:25:00+09:00,0.1834,0.1853,0.1834,0.1853,48222.8
2025-04-17 03:30:00+09:00,0.1852,0.1854,0.1841,0.1845,9831.7
2025-04-17 03:35:00+09:00,0.1843,0.1844,0.1827,0.1835,90320.8
2025-04-17 03:40:00+09:00,0.1834,0.1836,0.1827,0.1833,30152.0
2025-04-17 03:45:00+09:00,0.1835,0.1835,0.1828,0.1834,22469.8
2025-04-17 03:50:00+09:00,0.1832,0.1838,0.1829,0.1838,29456.1
2025-04-17 03:55:00+09:00,0.1839,0.1848,0.1839,0.184,8904.5
2025-04-17 04:00:00+09:00,0.1841,0.1846,0.183,0.183,36525.1
2025-04-17 04:05:00+09:00,0.183,0.1833,0.1827,0.1832,13393.9
2025-04-17 04:10:00+09:00,0.183,0.1838,0.1825,0.1835,13867.3
2025-04-17 04:15:00+09:00,0.1835,0.1837,0.1831,0.1831,3736.0
2025-04-17 04:20:00+09:00,0.1829,0.1831,0.1822,0.1822,2747.7
2025-04-17 04:25:00+09:00,0.1825,0.1825,0.1822,0.1822,2708.0
2025-04-17 04:30:00+09:00,0.182,0.1823,0.1818,0.1823,8051.1
2025-04-17 04:35:00+09:00,0.1824,0.1828,0.1821,0.1828,21244.5
2025-04-17 04:40:00+09:00,0.1828,0.1835,0.1827,0.1835,3635.4
2025-04-17 04:45:00+09:00,0.1835,0.1853,0.1835,0.1853,21113.6
2025-04-17 04:50:00+09:00,0.1855,0.1872,0.1855,0.1872,93607.9
2025-04-17 04:55:00+09:00,0.187,0.1878,0.1867,0.1869,56446.7
2025-04-17 05:00:00+09:00,0.1869,0.1874,0.1863,0.1866,5744.5
2025-04-17 05:05:00+09:00,0.1867,0.1871,0.1862,0.1862,7977.7
2025-04-17 05:10:00+09:00,0.1862,0.1866,0.1861,0.1863,11822.0
2025-04-17 05:15:00+09:00,0.1865,0.1878,0.1865,0.1877,3670.4
2025-04-17 05:20:00+09:00,0.1879,0.1882,0.1871,0.1871,2494.8
2025-04-17 05:25:00+09:00,0.1872,0.1876,0.1868,0.1868,14569.0
2025-04-17 05:30:00+09:00,0.1869,0.1871,0.1858,0.186,28971.3
2025-04-17 05:35:00+09:00,0.186,0.1863,0.1859,0.1862,29223.2
2025-04-17 05:40:00+09:00,0.1861,0.1862,0.1857,0.186,42710.4
2025-04-17 05:45:00+09:00,0.1861,0.1861,0.1853,0.1858,6537.0
2025-04-17 05:50:00+09:00,0.1858,0.1858,0.185,0.1851,7330.6
2025-04-17 05:55:00+09:00,0.1847,0.1847,0.1844,0.1846,488.0
2025-04-17 06:00:00+09:00,0.1848,0.1857,0.184,0.1853,75782.9
2025-04-17 06:05:00+09:00,0.1852,0.1858,0.185,0.1858,18197.3
2025-04-17 06:10:00+09:00,0.1859,0.186,0.1855,0.1857,3942.3
2025-04-17 06:15:00+09:00,0.1858,0.1865,0.1853,0.1861,42446.0
2025-04-17 06:20:00+09:00,0.1859,0.1864,0.1854,0.1863,5175.7
2025-04-17 06:25:00+09:00,0.1861,0.1866,0.1858,0.1859,14537.7
2025-04-17 06:30:00+09:00,0.1857,0.1861,0.1855,0.1855,23237.0
2025-04-17 06:35:00+09:00,0.1855,0.1856,0.1852,0.1854,6524.9
2025-04-17 06:40:00+09:00,0.1854,0.1855,0.1852,0.1854,22634.6
2025-04-17 06:45:00+09:00,0.1855,0.1861,0.1855,0.1861,3061.8
2025-04-17 06:50:00+09:00,0.1864,0.1864,0.1864,0.1864,3837.6
2025-04-17 06:55:00+09:00,0.187,0.1873,0.1868,0.1869,30017.8
2025-04-17 07:00:00+09:00,0.1868,0.1868,0.1857,0.1857,5949.9
2025-04-17 07:05:00+09:00,0.1859,0.1859,0.1857,0.1857,583.0
2025-04-17 07:10:00+09:00,0.1856,0.186,0.1856,0.1858,4830.0
2025-04-17 07:15:00+09:00,0.1856,0.1857,0.1855,0.1855,3040.6
2025-04-17 07:20:00+09:00,0.1852,0.1856,0.1852,0.1856,3778.0
2025-04-17 07:25:00+09:00,0.1855,0.1855,0.185,0.185,14371.8
2025-04-17 07:30:00+09:00,0.1846,0.185,0.1845,0.1848,6403.7
2025-04-17 07:35:00+09:00,0.1847,0.1852,0.1847,0.1852,10793.3
2025-04-17 07:40:00+09:00,0.1853,0.1856,0.1853,0.1856,4753.9
2025-04-17 07:45:00+09:00,0.1855,0.1856,0.1855,0.1856,1550.9
2025-04-17 07:50:00+09:00,0.1855,0.1855,0.1852,0.1852,1128.1
2025-04-17 07:55:00+09:00,0.1853,0.1855,0.1851,0.1851,2710.6
2025-04-17 08:00:00+09:00,0.1852,0.1852,0.1848,0.1848,6875.4
2025-04-17 08:05:00+09:00,0.1845,0.1845,0.1842,0.1844,3316.7
2025-04-17 08:10:00+09:00,0.1845,0.1845,0.1837,0.1837,11443.0
2025-04-17 08:15:00+09:00,0.1838,0.1839,0.1837,0.1838,3070.9
2025-04-17 08:20:00+09:00,0.1837,0.1841,0.1837,0.1837,30181.2
2025-04-17 08:25:00+09:00,0.1837,0.1837,0.1837,0.1837,49.9
2025-04-17 08:30:00+09:00,0.1837,0.1837,0.1833,0.1833,5308.1
2025-04-17 08:35:00+09:00,0.1832,0.1833,0.1831,0.1831,4099.6
2025-04-17 08:40:00+09:00,0.1829,0.1834,0.1829,0.1833,9144.3
2025-04-17 08:45:00+09:00,0.1833,0.184,0.1833,0.184,13008.6
2025-04-17 08:50:00+09:00,0.184,0.184,0.1836,0.1839,4528.8
2025-04-17 08:55:00+09:00,0.1838,0.184,0.1837,0.1838,1435.0
2025-04-17 09:00:00+09:00,0.1838,0.1839,0.1834,0.1838,11356.8
2025-04-17 09:05:00+09:00,0.1839,0.1839,0.1827,0.1836,3977.3
2025-04-17 09:10:00+09:00,0.184,0.1841,0.1834,0.1834,13623.8
2025-04-17 09:15:00+09:00,0.1833,0.1836,0.1829,0.1829,8702.5
2025-04-17 09:20:00+09:00,0.1828,0.1832,0.1828,0.1828,747.3
2025-04-17 09:25:00+09:00,0.1828,0.1838,0.1828,0.1835,15394.5
2025-04-17 09:30:00+09:00,0.1836,0.1839,0.1832,0.1835,35122.8
2025-04-17 09:35:00+09:00,0.1834,0.1843,0.1834,0.1839,14523.2
2025-04-17 09:40:00+09:00,0.1842,0.1842,0.1837,0.1837,2714.4
2025-04-17 09:45:00+09:00,0.1838,0.1841,0.1838,0.1839,5647.3
2025-04-17 09:50:00+09:00,0.1839,0.1844,0.1839,0.1843,3800.2
2025-04-17 09:55:00+09:00,0.1842,0.1845,0.1842,0.1845,1388.9
2025-04-17 10:00:00+09:00,0.1845,0.1845,0.184,0.1841,1601.7
2025-04-17 10:05:00+09:00,0.1844,0.185,0.1844,0.185,5980.7
2025-04-17 10:10:00+09:00,0.1853,0.1853,0.1853,0.1853,116.9
2025-04-17 10:15:00+09:00,0.1853,0.1858,0.1853,0.1855,14857.9
2025-04-17 10:20:00+09:00,0.1856,0.1856,0.1854,0.1856,1196.6
2025-04-17 10:25:00+09:00,0.1858,0.1858,0.1857,0.1857,253.8
2025-04-17 10:30:00+09:00,0.1857,0.1862,0.1857,0.1857,19229.6
2025-04-17 10:35:00+09:00,0.1858,0.1863,0.1849,0.1849,37353.9
2025-04-17 10:40:00+09:00,0.185,0.1852,0.1847,0.1851,24243.9
2025-04-17 10:45:00+09:00,0.1852,0.1853,0.1849,0.185,7593.0
2025-04-17 10:50:00+09:00,0.1849,0.185,0.1847,0.185,1985.1
2025-04-17 10:55:00+09:00,0.1851,0.1851,0.1851,0.1851,980.2
2025-04-17 11:00:00+09:00,0.1851,0.1852,0.1848,0.185,4906.2
2025-04-17 11:05:00+09:00,0.1851,0.1851,0.1846,0.185,16430.4
2025-04-17 11:10:00+09:00,0.185,0.185,0.1847,0.1847,7101.8
2025-04-17 11:15:00+09:00,0.1845,0.1845,0.1843,0.1843,1828.3
2025-04-17 11:20:00+09:00,0.1843,0.1844,0.184,0.184,441.8
2025-04-17 11:25:00+09:00,0.1842,0.1848,0.1842,0.1848,2557.0
2025-04-17 11:30:00+09:00,0.185,0.185,0.1844,0.1844,5312.7
2025-04-17 11:35:00+09:00,0.1843,0.1843,0.1841,0.1841,6102.3
2025-04-17 11:40:00+09:00,0.1843,0.1845,0.1842,0.1843,11781.9
2025-04-17 11:45:00+09:00,0.1844,0.1854,0.1844,0.1852,21593.9
2025-04-17 11:50:00+09:00,0.1851,0.1851,0.1845,0.1846,6420.1
2025-04-17 11:55:00+09:00,0.1848,0.1851,0.1847,0.185,3396.2
2025-04-17 12:00:00+09:00,0.1851,0.1853,0.1847,0.1853,17687.1
2025-04-17 12:05:00+09:00,0.1854,0.1856,0.1851,0.1852,4514.5
2025-04-17 12:10:00+09:00,0.1852,0.1854,0.1852,0.1853,5041.2
2025-04-17 12:15:00+09:00,0.1853,0.1853,0.1849,0.185,10670.8
2025-04-17 12:20:00+09:00,0.1849,0.1853,0.1848,0.1852,38810.5
2025-04-17 12:25:00+09:00,0.1852,0.1852,0.1846,0.1846,15487.8
2025-04-17 12:30:00+09:00,0.1842,0.1845,0.1842,0.1843,11352.1
2025-04-17 12:35:00+09:00,0.1843,0.1844,0.1843,0.1844,9465.2
2025-04-17 12:40:00+09:00,0.1847,0.1848,0.1847,0.1847,1779.7
2025-04-17 12:45:00+09:00,0.1847,0.185,0.1847,0.1849,2209.7
2025-04-17 12:50:00+09:00,0.1848,0.1848,0.1841,0.1843,71899.0
2025-04-17 12:55:00+09:00,0.1842,0.1843,0.1841,0.1842,29317.3
2025-04-17 13:00:00+09:00,0.1842,0.1846,0.1842,0.1846,5823.5
2025-04-17 13:05:00+09:00,0.1845,0.1845,0.1842,0.1843,9376.6
2025-04-17 13:10:00+09:00,0.1843,0.1843,0.1842,0.1842,383.1
2025-04-17 13:15:00+09:00,0.1842,0.1843,0.1842,0.1842,3773.9
2025-04-17 13:20:00+09:00,0.1843,0.1845,0.1843,0.1843,3533.1
2025-04-17 13:25:00+09:00,0.1844,0.1845,0.1844,0.1845,381.9
2025-04-17 13:30:00+09:00,0.1844,0.1846,0.1842,0.1846,3656.4
2025-04-17 13:35:00+09:00,0.1845,0.1845,0.1843,0.1843,1104.0
2025-04-17 13:40:00+09:00,0.1843,0.1845,0.1842,0.1845,1316.0
2025-04-17 13:45:00+09:00,0.1846,0.1851,0.1846,0.1851,2901.7
2025-04-17 13:50:00+09:00,0.1856,0.1856,0.1856,0.1856,220.4
2025-04-17 13:55:00+09:00,0.1856,0.1857,0.1856,0.1857,600.1
2025-04-17 14:00:00+09:00,0.1861,0.1864,0.1861,0.1862,6420.4
2025-04-17 14:05:00+09:00,0.1861,0.1863,0.186,0.1863,3263.9
2025-04-17 14:10:00+09:00,0.1867,0.1868,0.1866,0.1868,12765.5
2025-04-17 14:15:00+09:00,0.1869,0.1874,0.1869,0.1873,8694.1
2025-04-17 14:20:00+09:00,0.1871,0.1871,0.1869,0.187,4737.8
2025-04-17 14:25:00+09:00,0.1869,0.1869,0.1867,0.1867,919.1
2025-04-17 14:30:00+09:00,0.1868,0.1869,0.1868,0.1868,2068.4
2025-04-17 14:35:00+09:00,0.1868,0.1871,0.1868,0.1871,10116.3
2025-04-17 14:40:00+09:00,0.1873,0.1876,0.1873,0.1873,2274.2
2025-04-17 14:45:00+09:00,0.1872,0.1876,0.1872,0.1876,9222.7
2025-04-17 14:50:00+09:00,0.1875,0.1875,0.1872,0.1872,696.8
2025-04-17 14:55:00+09:00,0.187,0.1871,0.1866,0.1867,182490.8
2025-04-17 15:00:00+09:00,0.1866,0.1866,0.1862,0.1862,8056.3
2025-04-17 15:05:00+09:00,0.1863,0.1869,0.1863,0.1866,22937.1
2025-04-17 15:10:00+09:00,0.1866,0.1867,0.1864,0.1864,3878.3
2025-04-17 15:15:00+09:00,0.1865,0.1866,0.1859,0.186,14501.3
2025-04-17 15:20:00+09:00,0.1861,0.1866,0.1861,0.1866,21924.5
2025-04-17 15:25:00+09:00,0.1867,0.187,0.1866,0.1869,16260.6
2025-04-17 15:30:00+09:00,0.1868,0.1868,0.1866,0.1866,694.1
2025-04-17 15:35:00+09:00,0.1865,0.1868,0.1865,0.1868,5769.9
2025-04-17 15:40:00+09:00,0.1869,0.1869,0.1864,0.1866,3211.1
2025-04-17 15:45:00+09:00,0.1864,0.1865,0.1863,0.1863,6166.2
2025-04-17 15:50:00+09:00,0.1864,0.1864,0.1862,0.1862,2676.4
2025-04-17 15:55:00+09:00,0.1863,0.1868,0.1863,0.1865,1464.8
2025-04-17 16:00:00+09:00,0.1864,0.1864,0.186,0.186,5169.6
2025-04-17 16:05:00+09:00,0.1861,0.1862,0.186,0.186,5110.1
2025-04-17 16:10:00+09:00,0.1861,0.1864,0.1861,0.1863,2924.4
2025-04-17 16:15:00+09:00,0.1864,0.1864,0.1862,0.1862,10107.8
2025-04-17 16:20:00+09:00,0.1864,0.1865,0.1863,0.1865,1438.8
2025-04-17 16:25:00+09:00,0.1866,0.1868,0.1866,0.1868,2859.7
2025-04-17 16:30:00+09:00,0.1872,0.1875,0.1872,0.1875,615.8
2025-04-17 16:35:00+09:00,0.1873,0.1873,0.1872,0.1872,366.3
2025-04-17 16:40:00+09:00,0.1871,0.1875,0.1871,0.1874,57326.9
2025-04-17 16:45:00+09:00,0.1875,0.1882,0.1874,0.1874,28675.3
2025-04-17 16:50:00+09:00,0.1873,0.1873,0.1871,0.1872,2162.2
2025-04-17 16:55:00+09:00,0.1873,0.1875,0.1873,0.1875,940.4
2025-04-17 17:00:00+09:00,0.1874,0.1879,0.1873,0.1875,8684.4
2025-04-17 17:05:00+09:00,0.1876,0.1876,0.1874,0.1875,4955.2
2025-04-17 17:10:00+09:00,0.1876,0.1876,0.1874,0.1875,957.1
2025-04-17 17:15:00+09:00,0.1874,0.1874,0.1871,0.1872,5198.3
2025-04-17 17:20:00+09:00,0.187,0.187,0.1867,0.1867,646.6
2025-04-17 17:25:00+09:00,0.1869,0.1871,0.1869,0.1869,2902.9
2025-04-17 17:30:00+09:00,0.1869,0.1871,0.1869,0.1869,1622.7
2025-04-17 17:35:00+09:00,0.1868,0.1871,0.1868,0.1871,11401.9
2025-04-17 17:40:00+09:00,0.1871,0.1874,0.1871,0.1874,17426.2
2025-04-17 17:45:00+09:00,0.1874,0.1876,0.1871,0.1871,54411.1
2025-04-17 17:50:00+09:00,0.187,0.187,0.1865,0.1866,4275.8
2025-04-17 17:55:00+09:00,0.1866,0.1867,0.1866,0.1867,1788.8
2025-04-17 18:00:00+09:00,0.1865,0.1865,0.186,0.186,16157.7
2025-04-17 18:05:00+09:00,0.1859,0.1863,0.1859,0.1863,4278.0
2025-04-17 18:10:00+09:00,0.1864,0.1864,0.1861,0.1862,592.0
2025-04-17 18:15:00+09:00,0.1861,0.1865,0.1861,0.1865,4949.2
2025-04-17 18:20:00+09:00,0.1865,0.1866,0.1864,0.1866,6265.9
2025-04-17 18:25:00+09:00,0.1865,0.1865,0.1862,0.1863,20408.2
2025-04-17 18:30:00+09:00,0.1862,0.1864,0.1861,0.1862,4497.4
2025-04-17 18:35:00+09:00,0.1863,0.1863,0.186,0.1861,12365.6
2025-04-17 18:40:00+09:00,0.1861,0.1865,0.1861,0.1865,10535.9
2025-04-17 18:45:00+09:00,0.1865,0.1867,0.1863,0.1865,17371.8
2025-04-17 18:50:00+09:00,0.1865,0.1866,0.1864,0.1865,7717.8
2025-04-17 18:55:00+09:00,0.1864,0.1865,0.1863,0.1865,400.9
2025-04-17 19:00:00+09:00,0.1866,0.1866,0.1865,0.1865,450.2
2025-04-17 19:05:00+09:00,0.1864,0.1867,0.1864,0.1867,11505.5
2025-04-17 19:10:00+09:00,0.1869,0.187,0.1862,0.1864,176804.0
2025-04-17 19:15:00+09:00,0.1865,0.1867,0.1862,0.1862,11564.0
2025-04-17 19:20:00+09:00,0.1862,0.1866,0.1861,0.1866,5236.5
2025-04-17 19:25:00+09:00,0.1866,0.1867,0.1865,0.1867,2403.4
2025-04-17 19:30:00+09:00,0.1868,0.1873,0.1867,0.1873,19268.1
2025-04-17 19:35:00+09:00,0.1871,0.1874,0.1869,0.187,19406.8
2025-04-17 19:40:00+09:00,0.1871,0.1871,0.1867,0.1869,965.4
2025-04-17 19:45:00+09:00,0.1867,0.1869,0.1867,0.1868,6833.5
2025-04-17 19:50:00+09:00,0.187,0.187,0.1869,0.187,2220.2
2025-04-17 19:55:00+09:00,0.1869,0.1869,0.1867,0.1869,7210.0
2025-04-17 20:00:00+09:00,0.1869,0.1871,0.1868,0.187,10914.3
2025-04-17 20:05:00+09:00,0.1869,0.1869,0.1866,0.1866,4410.2
2025-04-17 20:10:00+09:00,0.1865,0.1865,0.1855,0.1857,11808.4
2025-04-17 20:15:00+09:00,0.1856,0.186,0.1856,0.186,12781.4
2025-04-17 20:20:00+09:00,0.1859,0.186,0.1859,0.186,1610.0
2025-04-17 20:25:00+09:00,0.1861,0.1861,0.1859,0.1861,4401.1
2025-04-17 20:30:00+09:00,0.1861,0.1862,0.1861,0.1862,996.9
2025-04-17 20:35:00+09:00,0.186,0.1862,0.1858,0.186,4055.0
2025-04-17 20:40:00+09:00,0.186,0.1865,0.186,0.1862,7870.3
2025-04-17 20:45:00+09:00,0.1862,0.1864,0.1862,0.1864,671.9
2025-04-17 20:50:00+09:00,0.1864,0.1865,0.1858,0.1858,8315.9
2025-04-17 20:55:00+09:00,0.1857,0.1863,0.1857,0.1863,26704.7
2025-04-17 21:00:00+09:00,0.1863,0.1874,0.1859,0.1868,268279.6
2025-04-17 21:05:00+09:00,0.1868,0.1871,0.1868,0.1871,2375.2
2025-04-17 21:10:00+09:00,0.187,0.187,0.1865,0.1867,8793.0
2025-04-17 21:15:00+09:00,0.1868,0.1872,0.1868,0.1869,7770.3
2025-04-17 21:20:00+09:00,0.1869,0.1872,0.1869,0.1872,4042.1
2025-04-17 21:25:00+09:00,0.1873,0.1877,0.1873,0.1876,5294.0
2025-04-17 21:30:00+09:00,0.1877,0.1877,0.1869,0.1873,10253.3
2025-04-17 21:35:00+09:00,0.1873,0.1873,0.1871,0.1871,5954.5
2025-04-17 21:40:00+09:00,0.1871,0.1874,0.1871,0.1873,10352.4
2025-04-17 21:45:00+09:00,0.1874,0.1874,0.1873,0.1874,3319.7
2025-04-17 21:50:00+09:00,0.1875,0.1876,0.1872,0.1875,10778.6
2025-04-17 21:55:00+09:00,0.1874,0.1877,0.1872,0.1877,4791.3
2025-04-17 22:00:00+09:00,0.1876,0.1876,0.1873,0.1873,9810.3
2025-04-17 22:05:00+09:00,0.1871,0.1872,0.1866,0.1866,20985.6
2025-04-17 22:10:00+09:00,0.1866,0.1866,0.186,0.1863,22133.2
2025-04-17 22:15:00+09:00,0.186,0.1861,0.1854,0.1861,38101.1
2025-04-17 22:20:00+09:00,0.1862,0.1864,0.1862,0.1864,20395.7
2025-04-17 22:25:00+09:00,0.1863,0.1863,0.1861,0.1863,6014.1
2025-04-17 22:30:00+09:00,0.1864,0.1864,0.1855,0.1858,7515.5
2025-04-17 22:35:00+09:00,0.1857,0.1858,0.1852,0.1852,16254.1
2025-04-17 22:40:00+09:00,0.1853,0.1859,0.1853,0.1858,1720.9
2025-04-17 22:45:00+09:00,0.1856,0.1856,0.1848,0.1849,79060.1
2025-04-17 22:50:00+09:00,0.185,0.1851,0.1849,0.185,14589.3
2025-04-17 22:55:00+09:00,0.1849,0.1849,0.1845,0.1845,13259.1
2025-04-17 23:00:00+09:00,0.1846,0.1847,0.1845,0.1845,2244.1
2025-04-17 23:05:00+09:00,0.1843,0.1843,0.1836,0.1837,8460.7
2025-04-17 23:10:00+09:00,0.1839,0.1846,0.1838,0.1842,58546.1
2025-04-17 23:15:00+09:00,0.1843,0.1844,0.1837,0.1837,13503.4
2025-04-17 23:20:00+09:00,0.1838,0.184,0.1835,0.1838,20332.0
2025-04-17 23:25:00+09:00,0.1838,0.1839,0.1836,0.1836,5165.6
2025-04-17 23:30:00+09:00,0.1835,0.1835,0.1826,0.1826,12838.1
2025-04-17 23:35:00+09:00,0.1825,0.1825,0.1819,0.182,16477.8
2025-04-17 23:40:00+09:00,0.1821,0.183,0.182,0.183,5654.8
2025-04-17 23:45:00+09:00,0.183,0.1834,0.1829,0.1833,28939.0
2025-04-17 23:50:00+09:00,0.1833,0.1835,0.1831,0.1832,27226.0
2025-04-17 23:55:00+09:00,0.1833,0.1833,0.183,0.1831,35705.3
2025-04-18 00:00:00+09:00,0.1831,0.1833,0.1828,0.1831,17309.6
2025-04-18 00:05:00+09:00,0.1832,0.1849,0.1832,0.1847,62382.9
2025-04-18 00:10:00+09:00,0.1848,0.1854,0.1848,0.1854,3470.3
2025-04-18 00:15:00+09:00,0.1852,0.1857,0.185,0.1856,6663.5
2025-04-18 00:20:00+09:00,0.1854,0.1854,0.1851,0.1852,2983.6
2025-04-18 00:25:00+09:00,0.1853,0.1853,0.1847,0.1847,4315.0
2025-04-18 00:30:00+09:00,0.1849,0.1854,0.1849,0.1854,4515.3
2025-04-18 00:35:00+09:00,0.1853,0.1862,0.1853,0.1862,3950.0
2025-04-18 00:40:00+09:00,0.1862,0.1862,0.1855,0.1855,7021.8
2025-04-18 00:45:00+09:00,0.1855,0.1858,0.1854,0.1856,4336.1
2025-04-18 00:50:00+09:00,0.1858,0.1863,0.1858,0.1859,6970.7
2025-04-18 00:55:00+09:00,0.186,0.1861,0.1859,0.1859,3570.2
2025-04-18 01:00:00+09:00,0.1859,0.1862,0.1847,0.1849,34193.5
2025-04-18 01:05:00+09:00,0.1848,0.1865,0.1848,0.1865,51931.7
2025-04-18 01:10:00+09:00,0.1864,0.1864,0.1858,0.1861,28555.3
2025-04-18 01:15:00+09:00,0.1867,0.1874,0.1866,0.1874,11107.3
2025-04-18 01:20:00+09:00,0.1875,0.1887,0.1872,0.1885,21595.9
2025-04-18 01:25:00+09:00,0.1885,0.1891,0.1885,0.1888,30236.3
2025-04-18 01:30:00+09:00,0.1888,0.1893,0.1886,0.1891,11609.9
2025-04-18 01:35:00+09:00,0.1891,0.1896,0.188,0.188,45359.3
2025-04-18 01:40:00+09:00,0.1879,0.1883,0.1877,0.188,15469.3
2025-04-18 01:45:00+09:00,0.1879,0.1882,0.1876,0.188,9600.2
2025-04-18 01:50:00+09:00,0.1883,0.1885,0.1882,0.1885,2403.8
2025-04-18 01:55:00+09:00,0.1885,0.1888,0.1885,0.1888,3939.2
2025-04-18 02:00:00+09:00,0.1888,0.1889,0.1884,0.1885,14754.0
2025-04-18 02:05:00+09:00,0.1887,0.1897,0.1884,0.1894,17994.0
2025-04-18 02:10:00+09:00,0.1895,0.1896,0.1891,0.1892,3968.4
2025-04-18 02:15:00+09:00,0.1891,0.1893,0.189,0.189,14142.2
2025-04-18 02:20:00+09:00,0.1889,0.1892,0.1887,0.1892,15734.7
2025-04-18 02:25:00+09:00,0.1894,0.1894,0.1891,0.1893,23448.4
2025-04-18 02:30:00+09:00,0.1894,0.1898,0.1893,0.1897,11547.7
2025-04-18 02:35:00+09:00,0.1898,0.1901,0.1897,0.1901,8776.2
2025-04-18 02:40:00+09:00,0.19,0.1902,0.1896,0.1902,4104.3
2025-04-18 02:45:00+09:00,0.1903,0.191,0.1901,0.1903,53649.2
2025-04-18 02:50:00+09:00,0.1903,0.1906,0.1903,0.1906,4537.7
2025-04-18 02:55:00+09:00,0.1907,0.1912,0.1905,0.1905,9525.2
2025-04-18 03:00:00+09:00,0.1906,0.1912,0.1905,0.191,22528.4
2025-04-18 03:05:00+09:00,0.1911,0.1914,0.191,0.1914,4819.0
2025-04-18 03:10:00+09:00,0.1915,0.1915,0.191,0.191,41704.8
2025-04-18 03:15:00+09:00,0.1908,0.191,0.1907,0.1907,6001.0
2025-04-18 03:20:00+09:00,0.1907,0.191,0.19,0.19,12729.3
2025-04-18 03:25:00+09:00,0.1901,0.1902,0.1899,0.19,1615.2
2025-04-18 03:30:00+09:00,0.19,0.1903,0.19,0.1901,1705.4
2025-04-18 03:35:00+09:00,0.19,0.19,0.1898,0.1899,2028.0
2025-04-18 03:40:00+09:00,0.1899,0.19,0.1899,0.1899,1404.2
2025-04-18 03:45:00+09:00,0.19,0.1903,0.1891,0.1892,40160.0
2025-04-18 03:50:00+09:00,0.1893,0.1894,0.189,0.1894,1247.8
2025-04-18 03:55:00+09:00,0.1894,0.1895,0.1886,0.1886,11354.6
2025-04-18 04:00:00+09:00,0.1887,0.1891,0.1886,0.189,11916.0
2025-04-18 04:05:00+09:00,0.1889,0.1893,0.1889,0.1892,13832.5
2025-04-18 04:10:00+09:00,0.1893,0.1894,0.1886,0.1886,26790.4
2025-04-18 04:15:00+09:00,0.1887,0.1889,0.1876,0.1876,20125.4
2025-04-18 04:20:00+09:00,0.1875,0.1875,0.1866,0.1874,21854.5
2025-04-18 04:25:00+09:00,0.1872,0.1874,0.1869,0.1869,5723.8
2025-04-18 04:30:00+09:00,0.187,0.1871,0.1855,0.1855,141812.3
2025-04-18 04:35:00+09:00,0.1854,0.1866,0.1854,0.1866,16347.3
2025-04-18 04:40:00+09:00,0.1865,0.1865,0.1863,0.1863,2055.7
2025-04-18 04:45:00+09:00,0.1862,0.1864,0.1857,0.186,6014.3
2025-04-18 04:50:00+09:00,0.1861,0.1866,0.1859,0.1866,6432.2
2025-04-18 04:55:00+09:00,0.1865,0.1867,0.1863,0.1867,3174.7
2025-04-18 05:00:00+09:00,0.1869,0.1875,0.1868,0.1875,5337.4
2025-04-18 05:05:00+09:00,0.1875,0.1878,0.1869,0.1878,19798.7
2025-04-18 05:10:00+09:00,0.1875,0.1878,0.1875,0.1876,1451.6
2025-04-18 05:15:00+09:00,0.188,0.188,0.1875,0.1877,4647.7
2025-04-18 05:20:00+09:00,0.1878,0.1883,0.1878,0.1881,2810.0
2025-04-18 05:25:00+09:00,0.1879,0.188,0.1879,0.188,4910.7
2025-04-18 05:30:00+09:00,0.1882,0.1883,0.1877,0.1877,2987.6
2025-04-18 05:35:00+09:00,0.1873,0.1873,0.1871,0.1872,3433.7
2025-04-18 05:40:00+09:00,0.1872,0.1873,0.1868,0.1873,2347.2
2025-04-18 05:45:00+09:00,0.1873,0.1878,0.1872,0.1875,11333.1
2025-04-18 05:50:00+09:00,0.1876,0.1877,0.1876,0.1877,533.2
2025-04-18 05:55:00+09:00,0.1877,0.1878,0.1875,0.1875,12865.8
2025-04-18 06:00:00+09:00,0.1876,0.1879,0.1873,0.1876,14638.2
2025-04-18 06:05:00+09:00,0.1876,0.1876,0.1873,0.1875,6340.2
2025-04-18 06:10:00+09:00,0.1875,0.1876,0.1874,0.1875,4273.6
2025-04-18 06:15:00+09:00,0.1876,0.1878,0.1876,0.1876,4969.2
2025-04-18 06:20:00+09:00,0.1875,0.1875,0.1872,0.1874,2221.5
2025-04-18 06:25:00+09:00,0.1874,0.1874,0.1874,0.1874,7806.8
2025-04-18 06:30:00+09:00,0.1875,0.1875,0.1875,0.1875,1899.1
2025-04-18 06:35:00+09:00,0.1875,0.1875,0.1875,0.1875,53.4
2025-04-18 06:40:00+09:00,0.1875,0.1875,0.1872,0.1872,4419.3
2025-04-18 06:45:00+09:00,0.1874,0.1874,0.1874,0.1874,39.9
2025-04-18 06:50:00+09:00,0.1875,0.1875,0.1873,0.1875,3313.5
2025-04-18 06:55:00+09:00,0.1876,0.1879,0.1876,0.1878,1143.0
2025-04-18 07:00:00+09:00,0.1877,0.1881,0.1877,0.188,1538.0
2025-04-18 07:05:00+09:00,0.1879,0.1879,0.1879,0.1879,624.0
2025-04-18 07:10:00+09:00,0.188,0.1882,0.188,0.1882,7911.6
2025-04-18 07:15:00+09:00,0.1882,0.1882,0.1878,0.1879,4882.6
2025-04-18 07:20:00+09:00,0.1879,0.1879,0.1873,0.1873,2305.5
2025-04-18 07:25:00+09:00,0.1874,0.1877,0.1874,0.1876,9706.5
2025-04-18 07:30:00+09:00,0.1875,0.1876,0.1874,0.1876,4470.1
2025-04-18 07:35:00+09:00,0.1875,0.1875,0.1869,0.187,11476.6
2025-04-18 07:40:00+09:00,0.1869,0.1869,0.1869,0.1869,983.6
2025-04-18 07:45:00+09:00,0.1869,0.1869,0.1867,0.1867,817.6
2025-04-18 07:50:00+09:00,0.1866,0.1866,0.1863,0.1863,1792.8
2025-04-18 07:55:00+09:00,0.1861,0.1861,0.1859,0.1859,1494.9
2025-04-18 08:00:00+09:00,0.1858,0.186,0.1857,0.1859,7691.0
2025-04-18 08:05:00+09:00,0.1859,0.186,0.1859,0.186,5089.8
2025-04-18 08:10:00+09:00,0.1862,0.1867,0.1862,0.1866,3490.3
2025-04-18 08:15:00+09:00,0.1866,0.1869,0.1865,0.1868,1528.1
2025-04-18 08:20:00+09:00,0.1869,0.1876,0.1869,0.1874,2861.8
2025-04-18 08:25:00+09:00,0.1875,0.1876,0.1875,0.1875,2341.1
2025-04-18 08:30:00+09:00,0.1875,0.1876,0.1873,0.1874,7474.2
2025-04-18 08:35:00+09:00,0.1874,0.1874,0.1869,0.1869,8456.4
2025-04-18 08:40:00+09:00,0.1869,0.1869,0.1869,0.1869,0.0
2025-04-18 08:45:00+09:00,0.1865,0.1865,0.1865,0.1865,3942.2
2025-04-18 08:50:00+09:00,0.1865,0.1866,0.1865,0.1866,3679.1
2025-04-18 08:55:00+09:00,0.1865,0.1867,0.1865,0.1867,624.0
2025-04-18 09:00:00+09:00,0.1867,0.1873,0.1867,0.1867,21578.6
2025-04-18 09:05:00+09:00,0.1865,0.1873,0.1865,0.1873,55963.9
2025-04-18 09:10:00+09:00,0.1873,0.188,0.1865,0.1865,42719.8
2025-04-18 09:15:00+09:00,0.1865,0.1869,0.1861,0.1863,11027.3
2025-04-18 09:20:00+09:00,0.1863,0.1863,0.1859,0.186,2825.6
2025-04-18 09:25:00+09:00,0.1862,0.1866,0.1862,0.1866,3694.5
2025-04-18 09:30:00+09:00,0.1865,0.1865,0.1864,0.1864,1849.0
2025-04-18 09:35:00+09:00,0.1862,0.1866,0.1862,0.1865,2203.6
2025-04-18 09:40:00+09:00,0.1863,0.1864,0.1863,0.1864,5945.9
2025-04-18 09:45:00+09:00,0.1864,0.1866,0.1861,0.1861,8790.8
2025-04-18 09:50:00+09:00,0.1861,0.1861,0.1859,0.186,2322.0
2025-04-18 09:55:00+09:00,0.1858,0.1858,0.1853,0.1855,14527.7
2025-04-18 10:00:00+09:00,0.1856,0.1857,0.1851,0.1856,4867.6
2025-04-18 10:05:00+09:00,0.1858,0.1865,0.1858,0.1863,27648.4
2025-04-18 10:10:00+09:00,0.1861,0.187,0.1861,0.187,5551.9
2025-04-18 10:15:00+09:00,0.1875,0.1875,0.1873,0.1873,3760.8
2025-04-18 10:20:00+09:00,0.1871,0.1872,0.1871,0.1872,1839.0
2025-04-18 10:25:00+09:00,0.1873,0.1877,0.1873,0.1876,10568.5
2025-04-18 10:30:00+09:00,0.1874,0.1874,0.187,0.1871,9544.4
2025-04-18 10:35:00+09:00,0.187,0.1873,0.187,0.187,8093.0
2025-04-18 10:40:00+09:00,0.1869,0.1869,0.1863,0.1863,22585.0
2025-04-18 10:45:00+09:00,0.1865,0.187,0.1865,0.1869,6378.5
2025-04-18 10:50:00+09:00,0.1869,0.1869,0.1864,0.1865,1630.4
2025-04-18 10:55:00+09:00,0.1862,0.1863,0.1861,0.1861,12435.2
2025-04-18 11:00:00+09:00,0.1862,0.1863,0.186,0.1861,26654.4
2025-04-18 11:05:00+09:00,0.1862,0.1863,0.1858,0.1858,19563.3
2025-04-18 11:10:00+09:00,0.1858,0.186,0.1857,0.1857,3683.6
2025-04-18 11:15:00+09:00,0.1858,0.1863,0.1858,0.1861,21321.6
2025-04-18 11:20:00+09:00,0.1862,0.1866,0.1861,0.1866,13175.8
2025-04-18 11:25:00+09:00,0.1867,0.1867,0.1865,0.1865,1479.4
2025-04-18 11:30:00+09:00,0.1865,0.1866,0.1865,0.1865,1950.1
2025-04-18 11:35:00+09:00,0.1867,0.1867,0.1863,0.1863,5714.0
2025-04-18 11:40:00+09:00,0.1864,0.1866,0.1846,0.1846,194261.2
2025-04-18 11:45:00+09:00,0.1846,0.1849,0.1846,0.1849,25965.3
2025-04-18 11:50:00+09:00,0.185,0.1857,0.185,0.1855,6618.3
2025-04-18 11:55:00+09:00,0.1854,0.1855,0.1852,0.1852,3785.9
2025-04-18 12:00:00+09:00,0.1852,0.1855,0.185,0.1851,32675.8
2025-04-18 12:05:00+09:00,0.185,0.185,0.1849,0.1849,3989.0
2025-04-18 12:10:00+09:00,0.185,0.1853,0.185,0.1851,4420.7
2025-04-18 12:15:00+09:00,0.1851,0.1857,0.185,0.1855,16546.1
2025-04-18 12:20:00+09:00,0.1857,0.1857,0.1855,0.1856,5094.8
2025-04-18 12:25:00+09:00,0.1855,0.1856,0.1855,0.1856,2255.4
2025-04-18 12:30:00+09:00,0.1857,0.1859,0.1856,0.1859,3481.2
2025-04-18 12:35:00+09:00,0.1859,0.1865,0.1859,0.1865,3408.4
2025-04-18 12:40:00+09:00,0.1866,0.1869,0.1865,0.1869,2604.1
2025-04-18 12:45:00+09:00,0.1868,0.1868,0.1866,0.1866,1755.3
2025-04-18 12:50:00+09:00,0.1866,0.1866,0.1864,0.1866,1762.4
2025-04-18 12:55:00+09:00,0.1865,0.1866,0.1865,0.1865,5654.8
2025-04-18 13:00:00+09:00,0.1865,0.1865,0.1863,0.1864,21325.4
2025-04-18 13:05:00+09:00,0.186,0.1861,0.1853,0.1853,4388.5
2025-04-18 13:10:00+09:00,0.1854,0.1854,0.185,0.185,2918.9
2025-04-18 13:15:00+09:00,0.1851,0.1855,0.1848,0.1855,12459.1
2025-04-18 13:20:00+09:00,0.1855,0.1857,0.1854,0.1856,3556.5
2025-04-18 13:25:00+09:00,0.1858,0.1861,0.1858,0.1861,5232.7
2025-04-18 13:30:00+09:00,0.1862,0.1863,0.1862,0.1863,7070.2
2025-04-18 13:35:00+09:00,0.1863,0.1865,0.1863,0.1865,2618.0
2025-04-18 13:40:00+09:00,0.1864,0.1865,0.1864,0.1865,308.1
2025-04-18 13:45:00+09:00,0.1865,0.1867,0.1864,0.1867,3412.4
2025-04-18 13:50:00+09:00,0.1869,0.1871,0.1865,0.1865,26335.0
2025-04-18 13:55:00+09:00,0.1866,0.1866,0.1865,0.1866,625.9
2025-04-18 14:00:00+09:00,0.1865,0.1865,0.1861,0.1862,18783.6
2025-04-18 14:05:00+09:00,0.1862,0.1863,0.1861,0.1863,17523.2
2025-04-18 14:10:00+09:00,0.1863,0.1863,0.1861,0.1863,4559.8
2025-04-18 14:15:00+09:00,0.1863,0.1865,0.1862,0.1862,3040.0
2025-04-18 14:20:00+09:00,0.1863,0.1863,0.186,0.1861,11397.1
2025-04-18 14:25:00+09:00,0.186,0.1862,0.1857,0.1857,29804.8
2025-04-18 14:30:00+09:00,0.1857,0.186,0.1857,0.186,10085.6
2025-04-18 14:35:00+09:00,0.186,0.1864,0.186,0.1864,14749.7
2025-04-18 14:40:00+09:00,0.1867,0.187,0.1867,0.1867,840.5
2025-04-18 14:45:00+09:00,0.1867,0.1869,0.1867,0.1869,1058.9
2025-04-18 14:50:00+09:00,0.1873,0.1873,0.1871,0.1871,149.4
2025-04-18 14:55:00+09:00,0.1872,0.1877,0.1872,0.1877,1419.9
2025-04-18 15:00:00+09:00,0.1876,0.1877,0.1875,0.1876,2353.7
2025-04-18 15:05:00+09:00,0.1875,0.1875,0.187,0.1875,49930.5
2025-04-18 15:10:00+09:00,0.1876,0.1877,0.1874,0.1877,11295.1
2025-04-18 15:15:00+09:00,0.1878,0.1878,0.1875,0.1875,3846.1
2025-04-18 15:20:00+09:00,0.1874,0.1875,0.1872,0.1875,10018.7
2025-04-18 15:25:00+09:00,0.1874,0.1874,0.1872,0.1874,1996.0
2025-04-18 15:30:00+09:00,0.1874,0.1875,0.1867,0.1867,5818.8
2025-04-18 15:35:00+09:00,0.1866,0.1869,0.1865,0.1865,12292.8
2025-04-18 15:40:00+09:00,0.1865,0.1867,0.1864,0.1867,2128.7
2025-04-18 15:45:00+09:00,0.187,0.1871,0.1869,0.1869,1503.9
2025-04-18 15:50:00+09:00,0.1868,0.1871,0.1868,0.1871,10094.0
2025-04-18 15:55:00+09:00,0.1871,0.1873,0.1871,0.1873,3857.4
2025-04-18 16:00:00+09:00,0.1873,0.1873,0.187,0.187,1099.3
2025-04-18 16:05:00+09:00,0.1871,0.1873,0.187,0.1871,1405.4
2025-04-18 16:10:00+09:00,0.1868,0.1873,0.1868,0.1873,4172.1
2025-04-18 16:15:00+09:00,0.1877,0.1881,0.1877,0.1878,7537.6
2025-04-18 16:20:00+09:00,0.1873,0.1873,0.1866,0.1871,17827.7
2025-04-18 16:25:00+09:00,0.1871,0.1878,0.1871,0.1877,8342.4
2025-04-18 16:30:00+09:00,0.1876,0.1882,0.1876,0.1881,20065.9
2025-04-18 16:35:00+09:00,0.1881,0.1887,0.1879,0.1881,48877.8
2025-04-18 16:40:00+09:00,0.1881,0.1883,0.1881,0.1882,2011.1
2025-04-18 16:45:00+09:00,0.1883,0.1883,0.1881,0.1883,11169.3
2025-04-18 16:50:00+09:00,0.1884,0.1884,0.1883,0.1883,4328.5
2025-04-18 16:55:00+09:00,0.1883,0.1884,0.1882,0.1884,895.3
2025-04-18 17:00:00+09:00,0.1884,0.1886,0.1883,0.1883,8120.7
2025-04-18 17:05:00+09:00,0.1882,0.1885,0.1882,0.1883,8474.2
2025-04-18 17:10:00+09:00,0.1881,0.1887,0.1879,0.1887,8235.4
2025-04-18 17:15:00+09:00,0.1888,0.1888,0.1886,0.1888,4362.9
2025-04-18 17:20:00+09:00,0.1888,0.1892,0.1888,0.1892,7470.5
2025-04-18 17:25:00+09:00,0.1892,0.1896,0.1892,0.1895,26296.2
2025-04-18 17:30:00+09:00,0.1895,0.1895,0.1892,0.1893,4394.5
2025-04-18 17:35:00+09:00,0.1896,0.1898,0.1893,0.1894,29845.8
2025-04-18 17:40:00+09:00,0.1895,0.1895,0.1892,0.1894,11758.1
2025-04-18 17:45:00+09:00,0.1892,0.1894,0.1892,0.1894,8994.2
2025-04-18 17:50:00+09:00,0.1893,0.1893,0.189,0.189,7390.6
2025-04-18 17:55:00+09:00,0.189,0.1891,0.1888,0.189,8480.2
2025-04-18 18:00:00+09:00,0.189,0.1895,0.189,0.1894,4721.7
2025-04-18 18:05:00+09:00,0.1894,0.1894,0.1893,0.1893,7819.6
2025-04-18 18:10:00+09:00,0.1893,0.1895,0.1891,0.1892,25641.0
2025-04-18 18:15:00+09:00,0.1891,0.1895,0.189,0.1895,21642.2
2025-04-18 18:20:00+09:00,0.1896,0.1896,0.1893,0.1894,3524.4
2025-04-18 18:25:00+09:00,0.1894,0.1895,0.1894,0.1895,2805.5
2025-04-18 18:30:00+09:00,0.1895,0.1897,0.1895,0.1897,1123.4
2025-04-18 18:35:00+09:00,0.1896,0.1898,0.1895,0.1898,8239.7
2025-04-18 18:40:00+09:00,0.1898,0.19,0.1897,0.19,11139.6
2025-04-18 18:45:00+09:00,0.19,0.1901,0.19,0.19,12364.6
2025-04-18 18:50:00+09:00,0.19,0.19,0.1895,0.1898,7921.3
2025-04-18 18:55:00+09:00,0.1899,0.1899,0.1897,0.1897,816.4
2025-04-18 19:00:00+09:00,0.1897,0.1899,0.1897,0.1897,17080.1
2025-04-18 19:05:00+09:00,0.1898,0.1898,0.1895,0.1896,13442.9
2025-04-18 19:10:00+09:00,0.1896,0.1897,0.1896,0.1897,400.2
2025-04-18 19:15:00+09:00,0.1897,0.1898,0.1896,0.1898,1152.3
2025-04-18 19:20:00+09:00,0.1898,0.19,0.1898,0.19,2483.2
2025-04-18 19:25:00+09:00,0.1899,0.1899,0.1898,0.1899,4087.4
2025-04-18 19:30:00+09:00,0.1899,0.1899,0.1895,0.1896,7972.4
2025-04-18 19:35:00+09:00,0.1894,0.1903,0.1894,0.1897,117643.5
2025-04-18 19:40:00+09:00,0.1897,0.1898,0.1896,0.1897,9357.7
2025-04-18 19:45:00+09:00,0.1896,0.1896,0.1894,0.1894,2687.4
2025-04-18 19:50:00+09:00,0.1894,0.1895,0.1894,0.1894,1505.5
2025-04-18 19:55:00+09:00,0.1893,0.1893,0.1891,0.1891,1282.9
2025-04-18 20:00:00+09:00,0.1892,0.1893,0.1888,0.1889,7867.1
2025-04-18 20:05:00+09:00,0.1888,0.1894,0.1888,0.1894,3313.9
2025-04-18 20:10:00+09:00,0.1897,0.1897,0.1896,0.1896,2974.4
2025-04-18 20:15:00+09:00,0.1898,0.19,0.1898,0.1898,7107.6
2025-04-18 20:20:00+09:00,0.1896,0.1897,0.1896,0.1896,1788.4
2025-04-18 20:25:00+09:00,0.1896,0.1897,0.1894,0.1897,1980.8
2025-04-18 20:30:00+09:00,0.1898,0.1899,0.1895,0.1896,15911.1
2025-04-18 20:35:00+09:00,0.1896,0.1896,0.1895,0.1895,1259.3
2025-04-18 20:40:00+09:00,0.1897,0.1897,0.1896,0.1896,2565.4
2025-04-18 20:45:00+09:00,0.1897,0.19,0.1897,0.19,2974.2
2025-04-18 20:50:00+09:00,0.1901,0.1902,0.1898,0.1901,18151.2
2025-04-18 20:55:00+09:00,0.1902,0.1902,0.1902,0.1902,796.7
2025-04-18 21:00:00+09:00,0.1902,0.1903,0.1901,0.1901,20515.1
2025-04-18 21:05:00+09:00,0.1901,0.1901,0.19,0.19,11859.8
2025-04-18 21:10:00+09:00,0.1899,0.1899,0.1898,0.1899,483.0
2025-04-18 21:15:00+09:00,0.1899,0.1899,0.1895,0.1897,8400.1
2025-04-18 21:20:00+09:00,0.1898,0.1901,0.1898,0.1901,6538.0
2025-04-18 21:25:00+09:00,0.19,0.1903,0.19,0.1903,1489.8
2025-04-18 21:30:00+09:00,0.1904,0.191,0.1904,0.1907,14422.5
2025-04-18 21:35:00+09:00,0.1907,0.1909,0.1907,0.1909,4797.0
2025-04-18 21:40:00+09:00,0.1909,0.1909,0.1908,0.1908,1937.6
2025-04-18 21:45:00+09:00,0.1908,0.1909,0.1905,0.1905,6139.0
2025-04-18 21:50:00+09:00,0.1904,0.1904,0.1903,0.1903,1442.5
2025-04-18 21:55:00+09:00,0.1904,0.1906,0.1903,0.1903,17614.1
2025-04-18 22:00:00+09:00,0.1903,0.1904,0.1895,0.1895,41195.5
2025-04-18 22:05:00+09:00,0.1895,0.1895,0.1891,0.1891,22528.1
2025-04-18 22:10:00+09:00,0.1888,0.1888,0.1886,0.1887,9250.7
2025-04-18 22:15:00+09:00,0.1887,0.1893,0.1887,0.1892,3513.3
2025-04-18 22:20:00+09:00,0.1892,0.1893,0.1891,0.1893,4398.7
2025-04-18 22:25:00+09:00,0.1894,0.1894,0.1893,0.1893,1946.9
2025-04-18 22:30:00+09:00,0.1893,0.1895,0.1893,0.1894,11769.3
2025-04-18 22:35:00+09:00,0.1895,0.1897,0.1895,0.1896,9257.9
2025-04-18 22:40:00+09:00,0.1896,0.1896,0.1891,0.1891,20435.9
2025-04-18 22:45:00+09:00,0.189,0.1893,0.1889,0.1893,10353.5
2025-04-18 22:50:00+09:00,0.1892,0.1892,0.1891,0.1891,735.1
2025-04-18 22:55:00+09:00,0.1892,0.1892,0.1892,0.1892,769.8
2025-04-18 23:00:00+09:00,0.1892,0.1895,0.1891,0.1895,12854.3
2025-04-18 23:05:00+09:00,0.1894,0.1894,0.1886,0.1886,21102.5
2025-04-18 23:10:00+09:00,0.1885,0.1885,0.1882,0.1883,6596.4
2025-04-18 23:15:00+09:00,0.1883,0.1883,0.1882,0.1882,4153.5
2025-04-18 23:20:00+09:00,0.1883,0.1883,0.1882,0.1882,3663.1
2025-04-18 23:25:00+09:00,0.1881,0.1881,0.188,0.188,1631.7
2025-04-18 23:30:00+09:00,0.1878,0.1878,0.1876,0.1877,7853.5
2025-04-18 23:35:00+09:00,0.1878,0.1884,0.1878,0.188,51398.3
2025-04-18 23:40:00+09:00,0.188,0.1882,0.1879,0.188,10977.1
2025-04-18 23:45:00+09:00,0.188,0.1881,0.188,0.188,1490.2
2025-04-18 23:50:00+09:00,0.1879,0.1879,0.1877,0.1878,5520.4
2025-04-18 23:55:00+09:00,0.1877,0.188,0.1877,0.188,1837.5
2025-04-19 00:00:00+09:00,0.188,0.188,0.1877,0.1877,11933.1
2025-04-19 00:05:00+09:00,0.1874,0.1874,0.1864,0.1864,67298.4
2025-04-19 00:10:00+09:00,0.1865,0.1866,0.1862,0.1864,25812.4
2025-04-19 00:15:00+09:00,0.1863,0.1867,0.1863,0.1867,7782.6
2025-04-19 00:20:00+09:00,0.1867,0.1869,0.1866,0.1869,5363.3
2025-04-19 00:25:00+09:00,0.1868,0.1868,0.1861,0.1861,15532.6
2025-04-19 00:30:00+09:00,0.1861,0.1868,0.1861,0.1861,26237.6
2025-04-19 00:35:00+09:00,0.1862,0.1865,0.1862,0.1863,3783.4
2025-04-19 00:40:00+09:00,0.1862,0.1862,0.1861,0.1861,1929.0
2025-04-19 00:45:00+09:00,0.1861,0.1864,0.1861,0.1864,6222.1
2025-04-19 00:50:00+09:00,0.1864,0.1866,0.1864,0.1865,3397.3
2025-04-19 00:55:00+09:00,0.1865,0.1866,0.1865,0.1865,3988.2
2025-04-19 01:00:00+09:00,0.1866,0.188,0.1866,0.1873,225160.1
2025-04-19 01:05:00+09:00,0.1874,0.1877,0.1874,0.1876,12548.0
2025-04-19 01:10:00+09:00,0.1877,0.1878,0.1874,0.1878,17634.0
2025-04-19 01:15:00+09:00,0.1878,0.1881,0.1878,0.1879,6854.9
2025-04-19 01:20:00+09:00,0.1878,0.188,0.1878,0.188,6633.3
2025-04-19 01:25:00+09:00,0.1881,0.1881,0.1878,0.1878,4741.3
2025-04-19 01:30:00+09:00,0.1879,0.1879,0.1877,0.1879,5578.0
2025-04-19 01:35:00+09:00,0.1878,0.1879,0.1877,0.1879,4972.2
2025-04-19 01:40:00+09:00,0.1878,0.1878,0.1876,0.1876,594.0
2025-04-19 01:45:00+09:00,0.1875,0.1875,0.1872,0.1872,4021.8
2025-04-19 01:50:00+09:00,0.1872,0.1872,0.1871,0.1872,646.3
2025-04-19 01:55:00+09:00,0.1872,0.1872,0.187,0.1872,3989.3
2025-04-19 02:00:00+09:00,0.1874,0.1874,0.1869,0.1871,5910.1
2025-04-19 02:05:00+09:00,0.1872,0.1878,0.1872,0.1876,3192.4
2025-04-19 02:10:00+09:00,0.1875,0.1875,0.1873,0.1873,937.1
2025-04-19 02:15:00+09:00,0.1874,0.1874,0.1873,0.1874,4295.0
2025-04-19 02:20:00+09:00,0.1875,0.1875,0.1873,0.1873,471.6
2025-04-19 02:25:00+09:00,0.187,0.1871,0.1869,0.1871,4722.5
2025-04-19 02:30:00+09:00,0.1872,0.1874,0.187,0.1874,969.3
2025-04-19 02:35:00+09:00,0.1874,0.1878,0.1873,0.1878,4656.0
2025-04-19 02:40:00+09:00,0.1878,0.1878,0.1876,0.1877,4374.0
2025-04-19 02:45:00+09:00,0.1878,0.1878,0.1876,0.1876,5356.4
2025-04-19 02:50:00+09:00,0.1875,0.1877,0.1875,0.1876,12134.1
2025-04-19 02:55:00+09:00,0.1876,0.1876,0.1876,0.1876,0.0
2025-04-19 03:00:00+09:00,0.1877,0.1877,0.1874,0.1874,8898.0
2025-04-19 03:05:00+09:00,0.1873,0.1877,0.1873,0.1874,33877.5
2025-04-19 03:10:00+09:00,0.1873,0.1885,0.1873,0.1883,58853.7
2025-04-19 03:15:00+09:00,0.1883,0.1884,0.1883,0.1884,1276.5
2025-04-19 03:20:00+09:00,0.1887,0.1887,0.1882,0.1886,11812.9
2025-04-19 03:25:00+09:00,0.1886,0.1887,0.1886,0.1887,2581.1
2025-04-19 03:30:00+09:00,0.1887,0.1887,0.1883,0.1884,6153.0
2025-04-19 03:35:00+09:00,0.1882,0.1883,0.1882,0.1883,1634.3
2025-04-19 03:40:00+09:00,0.1883,0.1883,0.1883,0.1883,3065.2
2025-04-19 03:45:00+09:00,0.1882,0.1882,0.1881,0.1881,770.3
2025-04-19 03:50:00+09:00,0.188,0.1882,0.188,0.1882,1079.3
2025-04-19 03:55:00+09:00,0.1882,0.1882,0.1881,0.1881,1670.3
2025-04-19 04:00:00+09:00,0.1881,0.1881,0.1879,0.1879,521.7
2025-04-19 04:05:00+09:00,0.1877,0.1878,0.1877,0.1878,3915.1
2025-04-19 04:10:00+09:00,0.1879,0.1882,0.1879,0.1879,893.7
2025-04-19 04:15:00+09:00,0.188,0.188,0.1879,0.188,3001.6
2025-04-19 04:20:00+09:00,0.1881,0.1881,0.1879,0.1881,3787.9
2025-04-19 04:25:00+09:00,0.188,0.188,0.1878,0.1878,562.2
2025-04-19 04:30:00+09:00,0.1878,0.1879,0.1877,0.1878,6284.3
2025-04-19 04:35:00+09:00,0.1877,0.1877,0.1876,0.1876,2161.3
2025-04-19 04:40:00+09:00,0.1877,0.1878,0.1874,0.1874,1744.2
2025-04-19 04:45:00+09:00,0.1874,0.1874,0.1872,0.1872,477.9
2025-04-19 04:50:00+09:00,0.1872,0.1874,0.1872,0.1874,598.5
2025-04-19 04:55:00+09:00,0.1874,0.1874,0.1873,0.1873,1637.1
2025-04-19 05:00:00+09:00,0.1875,0.1875,0.1873,0.1874,2203.7
2025-04-19 05:05:00+09:00,0.1875,0.1876,0.1872,0.1872,19371.9
2025-04-19 05:10:00+09:00,0.187,0.1871,0.1869,0.1871,3898.3
2025-04-19 05:15:00+09:00,0.1872,0.1872,0.1871,0.1872,2364.1
2025-04-19 05:20:00+09:00,0.1872,0.1873,0.1872,0.1873,683.1
2025-04-19 05:25:00+09:00,0.1873,0.1873,0.187,0.187,5081.8
2025-04-19 05:30:00+09:00,0.1871,0.1871,0.1871,0.1871,1426.3
2025-04-19 05:35:00+09:00,0.1871,0.1872,0.187,0.187,1525.8
2025-04-19 05:40:00+09:00,0.1869,0.187,0.1868,0.1869,5333.9
2025-04-19 05:45:00+09:00,0.1869,0.187,0.1868,0.187,12938.3
2025-04-19 05:50:00+09:00,0.1872,0.1874,0.1872,0.1874,3377.7
2025-04-19 05:55:00+09:00,0.1873,0.1876,0.1873,0.1876,21676.0
2025-04-19 06:00:00+09:00,0.1876,0.1879,0.1875,0.1879,16992.8
2025-04-19 06:05:00+09:00,0.1879,0.1879,0.1879,0.1879,730.4
2025-04-19 06:10:00+09:00,0.188,0.1881,0.188,0.1881,1467.6
2025-04-19 06:15:00+09:00,0.1883,0.1883,0.1883,0.1883,265.5
2025-04-19 06:20:00+09:00,0.1884,0.1888,0.1884,0.1888,2686.1
2025-04-19 06:25:00+09:00,0.1888,0.1889,0.1886,0.1886,5747.7
2025-04-19 06:30:00+09:00,0.1886,0.1895,0.1886,0.1895,20971.4
2025-04-19 06:35:00+09:00,0.1895,0.1895,0.1891,0.1891,2471.3
2025-04-19 06:40:00+09:00,0.189,0.189,0.1889,0.189,9166.7
2025-04-19 06:45:00+09:00,0.189,0.189,0.189,0.189,218.8
2025-04-19 06:50:00+09:00,0.189,0.189,0.189,0.189,610.3
2025-04-19 06:55:00+09:00,0.189,0.1892,0.1887,0.1889,87630.8
2025-04-19 07:00:00+09:00,0.1889,0.1889,0.1886,0.1886,24189.7
2025-04-19 07:05:00+09:00,0.1885,0.1886,0.1885,0.1885,362.9
2025-04-19 07:10:00+09:00,0.1885,0.1886,0.1885,0.1885,8342.9
2025-04-19 07:15:00+09:00,0.1884,0.1884,0.1876,0.1876,85981.3
2025-04-19 07:20:00+09:00,0.1876,0.1879,0.1876,0.1879,2858.7
2025-04-19 07:25:00+09:00,0.1879,0.188,0.1876,0.1876,648.4
2025-04-19 07:30:00+09:00,0.1876,0.1878,0.1875,0.1878,3610.3
2025-04-19 07:35:00+09:00,0.1877,0.1877,0.1876,0.1877,3061.5
2025-04-19 07:40:00+09:00,0.1877,0.1878,0.1877,0.1877,2406.8
2025-04-19 07:45:00+09:00,0.1877,0.1877,0.1876,0.1876,536.3
2025-04-19 07:50:00+09:00,0.1874,0.1875,0.1872,0.1872,14426.6
2025-04-19 07:55:00+09:00,0.1874,0.1874,0.1872,0.1872,3501.1
2025-04-19 08:00:00+09:00,0.1872,0.1873,0.1871,0.1872,2151.2
2025-04-19 08:05:00+09:00,0.1871,0.1874,0.1871,0.1873,4004.2
2025-04-19 08:10:00+09:00,0.1873,0.1874,0.1872,0.1874,7220.4
2025-04-19 08:15:00+09:00,0.1873,0.1873,0.1873,0.1873,435.5
2025-04-19 08:20:00+09:00,0.1873,0.1873,0.1872,0.1873,7802.6
2025-04-19 08:25:00+09:00,0.1874,0.1875,0.1873,0.1875,11956.5
2025-04-19 08:30:00+09:00,0.1875,0.1876,0.1875,0.1876,4142.2
2025-04-19 08:35:00+09:00,0.1876,0.1881,0.1876,0.1879,2381.2
2025-04-19 08:40:00+09:00,0.188,0.188,0.188,0.188,590.0
2025-04-19 08:45:00+09:00,0.1881,0.1882,0.1881,0.1881,1410.0
2025-04-19 08:50:00+09:00,0.1881,0.1885,0.188,0.1884,21264.3
2025-04-19 08:55:00+09:00,0.1885,0.1886,0.1885,0.1885,446.5
2025-04-19 09:00:00+09:00,0.1886,0.1888,0.1882,0.1887,25203.5
2025-04-19 09:05:00+09:00,0.1887,0.1888,0.1885,0.1885,2889.9
2025-04-19 09:10:00+09:00,0.1884,0.1885,0.1882,0.1884,7167.1
2025-04-19 09:15:00+09:00,0.1884,0.1887,0.1884,0.1885,1907.3
2025-04-19 09:20:00+09:00,0.1885,0.189,0.1885,0.189,2965.9
2025-04-19 09:25:00+09:00,0.1892,0.1894,0.1891,0.1891,2619.7
2025-04-19 09:30:00+09:00,0.1893,0.1896,0.1893,0.1896,5779.3
2025-04-19 09:35:00+09:00,0.1896,0.19,0.1896,0.19,5784.5
2025-04-19 09:40:00+09:00,0.19,0.1901,0.1896,0.1897,24864.4
2025-04-19 09:45:00+09:00,0.1897,0.1898,0.1897,0.1898,2631.7
2025-04-19 09:50:00+09:00,0.1899,0.1904,0.1899,0.1904,1527.0
2025-04-19 09:55:00+09:00,0.1903,0.1903,0.1897,0.1897,24882.3
2025-04-19 10:00:00+09:00,0.1899,0.1902,0.1899,0.1902,1675.5
2025-04-19 10:05:00+09:00,0.1903,0.1908,0.1903,0.1906,19362.3
2025-04-19 10:10:00+09:00,0.1905,0.1905,0.1904,0.1905,936.0
2025-04-19 10:15:00+09:00,0.1906,0.1907,0.1905,0.1906,9733.7
2025-04-19 10:20:00+09:00,0.1904,0.1909,0.1904,0.1909,6737.1
2025-04-19 10:25:00+09:00,0.1909,0.191,0.1908,0.1908,8938.2
2025-04-19 10:30:00+09:00,0.1908,0.191,0.1906,0.1906,22493.9
2025-04-19 10:35:00+09:00,0.1905,0.191,0.1905,0.1905,39151.0
2025-04-19 10:40:00+09:00,0.1905,0.1905,0.1905,0.1905,2672.0
2025-04-19 10:45:00+09:00,0.1905,0.1905,0.1905,0.1905,2189.5
2025-04-19 10:50:00+09:00,0.1905,0.1908,0.1905,0.1908,7242.9
2025-04-19 10:55:00+09:00,0.1909,0.1909,0.1909,0.1909,312.0
2025-04-19 11:00:00+09:00,0.1911,0.1911,0.1908,0.1911,19504.4
2025-04-19 11:05:00+09:00,0.1911,0.1912,0.1909,0.1912,33195.9
2025-04-19 11:10:00+09:00,0.1914,0.1923,0.1914,0.1916,52383.0
2025-04-19 11:15:00+09:00,0.1916,0.1916,0.1915,0.1916,2177.1
2025-04-19 11:20:00+09:00,0.1918,0.1922,0.1918,0.1922,8078.0
2025-04-19 11:25:00+09:00,0.1922,0.1928,0.1922,0.1928,45535.7
2025-04-19 11:30:00+09:00,0.1928,0.1929,0.1923,0.1924,5683.4
2025-04-19 11:35:00+09:00,0.1925,0.1928,0.1925,0.1928,7322.3
2025-04-19 11:40:00+09:00,0.1927,0.1927,0.1923,0.1923,5828.2
2025-04-19 11:45:00+09:00,0.1924,0.1927,0.1924,0.1927,1557.9
2025-04-19 11:50:00+09:00,0.1926,0.1927,0.1926,0.1927,1998.3
2025-04-19 11:55:00+09:00,0.1927,0.1927,0.1927,0.1927,0.0
2025-04-19 12:00:00+09:00,0.1928,0.1929,0.1928,0.1929,12816.8
2025-04-19 12:05:00+09:00,0.1933,0.1933,0.1927,0.1929,35645.5
2025-04-19 12:10:00+09:00,0.193,0.1931,0.193,0.193,3250.0
2025-04-19 12:15:00+09:00,0.1931,0.1934,0.1931,0.1934,830.5
2025-04-19 12:20:00+09:00,0.1936,0.1939,0.1933,0.1933,42499.6
2025-04-19 12:25:00+09:00,0.1932,0.1934,0.1931,0.1934,4636.2
2025-04-19 12:30:00+09:00,0.1937,0.1938,0.1933,0.1935,34722.2
2025-04-19 12:35:00+09:00,0.1935,0.1936,0.1933,0.1933,3889.6
2025-04-19 12:40:00+09:00,0.1933,0.1933,0.1929,0.1929,19986.9
2025-04-19 12:45:00+09:00,0.193,0.1933,0.193,0.193,11992.0
2025-04-19 12:50:00+09:00,0.1932,0.1932,0.1929,0.1929,2872.2
2025-04-19 12:55:00+09:00,0.1929,0.193,0.1929,0.1929,3106.1
2025-04-19 13:00:00+09:00,0.193,0.1932,0.1923,0.1923,15327.5
2025-04-19 13:05:00+09:00,0.1924,0.1925,0.1924,0.1925,3717.4
2025-04-19 13:10:00+09:00,0.1924,0.1926,0.1924,0.1924,1953.9
2025-04-19 13:15:00+09:00,0.1925,0.1925,0.1919,0.1922,61284.1
2025-04-19 13:20:00+09:00,0.1922,0.1923,0.192,0.192,5863.1
2025-04-19 13:25:00+09:00,0.1921,0.1931,0.1921,0.193,27244.8
2025-04-19 13:30:00+09:00,0.193,0.1931,0.1927,0.1927,3515.6
2025-04-19 13:35:00+09:00,0.1925,0.1936,0.1925,0.1933,76575.6
2025-04-19 13:40:00+09:00,0.1932,0.1932,0.1931,0.1931,624.0
2025-04-19 13:45:00+09:00,0.1931,0.1931,0.1931,0.1931,25.8
2025-04-19 13:50:00+09:00,0.1931,0.1931,0.1927,0.1929,41391.1
2025-04-19 13:55:00+09:00,0.193,0.1931,0.193,0.193,1268.3
2025-04-19 14:00:00+09:00,0.1931,0.1932,0.193,0.1932,3957.8
2025-04-19 14:05:00+09:00,0.1931,0.1931,0.1928,0.1928,1870.3
2025-04-19 14:10:00+09:00,0.1925,0.1925,0.1924,0.1925,8391.5
2025-04-19 14:15:00+09:00,0.1922,0.1922,0.1919,0.1919,28236.2
2025-04-19 14:20:00+09:00,0.192,0.1922,0.192,0.1922,5148.5
2025-04-19 14:25:00+09:00,0.1923,0.1923,0.1921,0.1921,234.3
2025-04-19 14:30:00+09:00,0.1921,0.1921,0.1917,0.1917,6452.7
2025-04-19 14:35:00+09:00,0.1918,0.1919,0.1918,0.1919,512.0
2025-04-19 14:40:00+09:00,0.1919,0.1919,0.1918,0.1918,1383.1
2025-04-19 14:45:00+09:00,0.192,0.1922,0.192,0.1922,6883.6
2025-04-19 14:50:00+09:00,0.1922,0.1924,0.1922,0.1924,1811.8
2025-04-19 14:55:00+09:00,0.1922,0.1922,0.1922,0.1922,2037.4
2025-04-19 15:00:00+09:00,0.1924,0.1924,0.1923,0.1923,676.8
2025-04-19 15:05:00+09:00,0.1922,0.1923,0.1922,0.1922,3134.1
2025-04-19 15:10:00+09:00,0.1921,0.1921,0.1918,0.1918,1912.3
2025-04-19 15:15:00+09:00,0.1917,0.1919,0.1917,0.1918,2201.9
2025-04-19 15:20:00+09:00,0.1919,0.1919,0.1919,0.1919,1727.0
2025-04-19 15:25:00+09:00,0.1918,0.1918,0.1917,0.1917,435.2
2025-04-19 15:30:00+09:00,0.1916,0.1916,0.1913,0.1913,22625.2
2025-04-19 15:35:00+09:00,0.1913,0.1913,0.1913,0.1913,0.0
2025-04-19 15:40:00+09:00,0.1911,0.1911,0.1909,0.191,4421.4
2025-04-19 15:45:00+09:00,0.1909,0.191,0.1908,0.191,5435.9
2025-04-19 15:50:00+09:00,0.191,0.1915,0.191,0.1915,19287.6
2025-04-19 15:55:00+09:00,0.1918,0.1919,0.1917,0.1917,3426.4
2025-04-19 16:00:00+09:00,0.1918,0.1921,0.1918,0.1921,7522.5
2025-04-19 16:05:00+09:00,0.1924,0.1924,0.1924,0.1924,137.9
2025-04-19 16:10:00+09:00,0.1925,0.1926,0.1925,0.1926,2003.4
2025-04-19 16:15:00+09:00,0.1926,0.1926,0.1926,0.1926,653.9
2025-04-19 16:20:00+09:00,0.1927,0.1931,0.1927,0.1931,3721.1
2025-04-19 16:25:00+09:00,0.1931,0.1934,0.1931,0.1934,4058.8
2025-04-19 16:30:00+09:00,0.1933,0.1933,0.1931,0.1931,7607.1
2025-04-19 16:35:00+09:00,0.1932,0.1935,0.1932,0.1935,4306.6
2025-04-19 16:40:00+09:00,0.1935,0.1936,0.1934,0.1935,4638.8
2025-04-19 16:45:00+09:00,0.1934,0.1934,0.193,0.1932,17862.4
2025-04-19 16:50:00+09:00,0.1932,0.1932,0.1932,0.1932,0.0
2025-04-19 16:55:00+09:00,0.1932,0.1932,0.1932,0.1932,0.0
2025-04-19 17:00:00+09:00,0.1932,0.1932,0.1926,0.1926,19686.3
2025-04-19 17:05:00+09:00,0.1926,0.1927,0.1926,0.1927,10987.6
2025-04-19 17:10:00+09:00,0.1926,0.1926,0.1922,0.1923,8311.6
2025-04-19 17:15:00+09:00,0.1922,0.1923,0.192,0.1923,12303.8
2025-04-19 17:20:00+09:00,0.1924,0.1925,0.1924,0.1925,2176.6
2025-04-19 17:25:00+09:00,0.1924,0.1926,0.1924,0.1926,446.1
2025-04-19 17:30:00+09:00,0.1925,0.1925,0.1923,0.1923,650.9
2025-04-19 17:35:00+09:00,0.1922,0.1926,0.1921,0.1925,5500.1
2025-04-19 17:40:00+09:00,0.1925,0.1926,0.1924,0.1924,5920.0
2025-04-19 17:45:00+09:00,0.1924,0.1925,0.1924,0.1925,1189.1
2025-04-19 17:50:00+09:00,0.1923,0.1923,0.1922,0.1922,492.3
2025-04-19 17:55:00+09:00,0.1921,0.1921,0.1921,0.1921,1102.2
2025-04-19 18:00:00+09:00,0.192,0.1921,0.1919,0.1919,3481.5
2025-04-19 18:05:00+09:00,0.1919,0.1921,0.1919,0.192,3284.4
2025-04-19 18:10:00+09:00,0.192,0.192,0.1917,0.1918,2832.2
2025-04-19 18:15:00+09:00,0.1919,0.1923,0.1919,0.1921,2018.0
2025-04-19 18:20:00+09:00,0.192,0.192,0.1919,0.1919,2742.0
2025-04-19 18:25:00+09:00,0.1917,0.1918,0.1916,0.1916,956.6
2025-04-19 18:30:00+09:00,0.1916,0.1916,0.1913,0.1914,4016.4
2025-04-19 18:35:00+09:00,0.1915,0.1915,0.1914,0.1914,2971.2
2025-04-19 18:40:00+09:00,0.1913,0.1914,0.1911,0.1912,15277.9
2025-04-19 18:45:00+09:00,0.1913,0.1914,0.1913,0.1914,1641.1
2025-04-19 18:50:00+09:00,0.1912,0.1912,0.1909,0.1909,2951.8
2025-04-19 18:55:00+09:00,0.1909,0.1909,0.1909,0.1909,1017.7
2025-04-19 19:00:00+09:00,0.1908,0.1909,0.1904,0.1905,3380.7
2025-04-19 19:05:00+09:00,0.1906,0.1906,0.1904,0.1905,3748.4
2025-04-19 19:10:00+09:00,0.1906,0.1906,0.1905,0.1905,1641.6
2025-04-19 19:15:00+09:00,0.1905,0.1911,0.1905,0.191,5138.2
2025-04-19 19:20:00+09:00,0.1911,0.1911,0.1911,0.1911,200.0
2025-04-19 19:25:00+09:00,0.1909,0.1909,0.1909,0.1909,2393.5
2025-04-19 19:30:00+09:00,0.191,0.1911,0.191,0.191,3573.1
2025-04-19 19:35:00+09:00,0.1907,0.1908,0.1906,0.1906,10172.4
2025-04-19 19:40:00+09:00,0.1904,0.1906,0.1903,0.1906,11508.2
2025-04-19 19:45:00+09:00,0.1907,0.1907,0.1907,0.1907,1450.0
2025-04-19 19:50:00+09:00,0.1906,0.1908,0.1906,0.1908,605.9
2025-04-19 19:55:00+09:00,0.1908,0.1909,0.1908,0.1909,5932.0
2025-04-19 20:00:00+09:00,0.191,0.1912,0.191,0.1912,4270.9
2025-04-19 20:05:00+09:00,0.1913,0.1914,0.1911,0.1912,20045.0
2025-04-19 20:10:00+09:00,0.191,0.1912,0.191,0.1912,2293.5
2025-04-19 20:15:00+09:00,0.1911,0.1913,0.1911,0.1913,11554.4
2025-04-19 20:20:00+09:00,0.1912,0.1915,0.1912,0.1914,2432.7
2025-04-19 20:25:00+09:00,0.1913,0.1913,0.1913,0.1913,600.3
2025-04-19 20:30:00+09:00,0.1914,0.1916,0.1914,0.1916,446.7
2025-04-19 20:35:00+09:00,0.1915,0.1915,0.1914,0.1914,720.8
2025-04-19 20:40:00+09:00,0.1913,0.1913,0.1911,0.1911,9914.5
2025-04-19 20:45:00+09:00,0.1912,0.1912,0.1912,0.1912,500.3
2025-04-19 20:50:00+09:00,0.1913,0.1913,0.1912,0.1912,2178.1
2025-04-19 20:55:00+09:00,0.1912,0.1913,0.1912,0.1913,901.2
2025-04-19 21:00:00+09:00,0.1912,0.1915,0.1909,0.191,14815.1
2025-04-19 21:05:00+09:00,0.1909,0.1914,0.1909,0.1914,11972.5
2025-04-19 21:10:00+09:00,0.1914,0.1916,0.1912,0.1912,6617.3
2025-04-19 21:15:00+09:00,0.1913,0.1914,0.1909,0.1913,8284.6
2025-04-19 21:20:00+09:00,0.1913,0.1913,0.1912,0.1913,672.1
2025-04-19 21:25:00+09:00,0.1914,0.1916,0.1914,0.1916,405.5
2025-04-19 21:30:00+09:00,0.1918,0.1918,0.1917,0.1917,2378.0
2025-04-19 21:35:00+09:00,0.1918,0.1918,0.1918,0.1918,512.0
2025-04-19 21:40:00+09:00,0.1918,0.1918,0.1917,0.1917,456.8
2025-04-19 21:45:00+09:00,0.1917,0.1917,0.1915,0.1915,1927.0
2025-04-19 21:50:00+09:00,0.1916,0.1916,0.1916,0.1916,312.0
2025-04-19 21:55:00+09:00,0.1918,0.1918,0.1918,0.1918,312.0
2025-04-19 22:00:00+09:00,0.192,0.192,0.1916,0.1916,9085.5
2025-04-19 22:05:00+09:00,0.1917,0.1918,0.1917,0.1918,2304.0
2025-04-19 22:10:00+09:00,0.1918,0.1919,0.1918,0.1919,353.8
2025-04-19 22:15:00+09:00,0.1921,0.1921,0.192,0.192,634.9
2025-04-19 22:20:00+09:00,0.192,0.1922,0.192,0.1922,712.0
2025-04-19 22:25:00+09:00,0.1926,0.1926,0.1924,0.1925,2526.3
2025-04-19 22:30:00+09:00,0.1925,0.1925,0.1924,0.1924,2934.7
2025-04-19 22:35:00+09:00,0.1924,0.1924,0.1921,0.1923,1154.2
2025-04-19 22:40:00+09:00,0.1924,0.1925,0.1924,0.1925,500.4
2025-04-19 22:45:00+09:00,0.1924,0.1924,0.1923,0.1924,978.5
2025-04-19 22:50:00+09:00,0.1925,0.1927,0.1922,0.1925,20229.4
2025-04-19 22:55:00+09:00,0.1924,0.1924,0.1924,0.1924,96.3
2025-04-19 23:00:00+09:00,0.1925,0.1925,0.1921,0.1921,8794.4
2025-04-19 23:05:00+09:00,0.1921,0.1923,0.1921,0.1923,3690.0
2025-04-19 23:10:00+09:00,0.1925,0.1925,0.1925,0.1925,2438.3
2025-04-19 23:15:00+09:00,0.1925,0.1926,0.1924,0.1924,1532.3
2025-04-19 23:20:00+09:00,0.1924,0.1925,0.1924,0.1925,2372.7
2025-04-19 23:25:00+09:00,0.1925,0.1928,0.1925,0.1928,41231.2
2025-04-19 23:30:00+09:00,0.1928,0.1928,0.1927,0.1927,3046.7
2025-04-19 23:35:00+09:00,0.1927,0.1927,0.1927,0.1927,0.0
2025-04-19 23:40:00+09:00,0.1926,0.1927,0.1926,0.1927,457.2
2025-04-19 23:45:00+09:00,0.1927,0.1928,0.1927,0.1928,386.2
2025-04-19 23:50:00+09:00,0.1928,0.1929,0.1928,0.1929,3529.8
2025-04-19 23:55:00+09:00,0.1929,0.1933,0.1929,0.1933,2773.0
2025-04-20 00:00:00+09:00,0.1932,0.1939,0.1928,0.1938,53151.0
2025-04-20 00:05:00+09:00,0.1939,0.1951,0.1939,0.195,79272.6
2025-04-20 00:10:00+09:00,0.1951,0.1954,0.1949,0.1954,61581.4
2025-04-20 00:15:00+09:00,0.1951,0.1955,0.195,0.1954,33056.7
2025-04-20 00:20:00+09:00,0.1954,0.1957,0.1954,0.1956,5079.5
2025-04-20 00:25:00+09:00,0.1957,0.1961,0.1954,0.1959,47464.9
2025-04-20 00:30:00+09:00,0.1958,0.196,0.1956,0.1957,14108.3
2025-04-20 00:35:00+09:00,0.1957,0.1957,0.1955,0.1955,20638.4
2025-04-20 00:40:00+09:00,0.1954,0.1958,0.1954,0.1958,10858.2
2025-04-20 00:45:00+09:00,0.1957,0.1957,0.1947,0.1956,57907.8
2025-04-20 00:50:00+09:00,0.1955,0.1962,0.1953,0.196,30018.6
2025-04-20 00:55:00+09:00,0.196,0.1967,0.196,0.1963,53509.7
2025-04-20 01:00:00+09:00,0.1962,0.1964,0.1962,0.1964,7574.1
2025-04-20 01:05:00+09:00,0.1968,0.1971,0.1966,0.1967,17469.5
2025-04-20 01:10:00+09:00,0.1966,0.1966,0.1964,0.1965,10343.3
2025-04-20 01:15:00+09:00,0.1966,0.1968,0.1964,0.1965,10173.0
2025-04-20 01:20:00+09:00,0.1964,0.1978,0.1964,0.1975,87720.5
2025-04-20 01:25:00+09:00,0.1976,0.1977,0.1969,0.1969,12396.3
2025-04-20 01:30:00+09:00,0.1971,0.1971,0.1965,0.1965,19627.5
2025-04-20 01:35:00+09:00,0.1965,0.1966,0.1965,0.1965,6787.3
2025-04-20 01:40:00+09:00,0.1966,0.1966,0.196,0.196,16863.2
2025-04-20 01:45:00+09:00,0.1959,0.196,0.1953,0.1953,19792.5
2025-04-20 01:50:00+09:00,0.1954,0.1959,0.1954,0.1959,25373.0
2025-04-20 01:55:00+09:00,0.1958,0.1959,0.1946,0.1947,41709.5
2025-04-20 02:00:00+09:00,0.1949,0.1952,0.1946,0.1946,34701.3
2025-04-20 02:05:00+09:00,0.1947,0.1949,0.1941,0.1941,6638.1
2025-04-20 02:10:00+09:00,0.1943,0.1947,0.1943,0.1947,936.0
2025-04-20 02:15:00+09:00,0.1951,0.1951,0.195,0.195,4874.6
2025-04-20 02:20:00+09:00,0.195,0.1956,0.195,0.1956,2231.6
2025-04-20 02:25:00+09:00,0.1955,0.1957,0.1955,0.1957,294.8
2025-04-20 02:30:00+09:00,0.1957,0.1962,0.1957,0.1962,6470.0
2025-04-20 02:35:00+09:00,0.1964,0.1989,0.1964,0.1975,103438.5
2025-04-20 02:40:00+09:00,0.1975,0.1983,0.1975,0.198,14367.6
2025-04-20 02:45:00+09:00,0.1981,0.1981,0.1978,0.1978,10521.3
2025-04-20 02:50:00+09:00,0.1976,0.1976,0.1971,0.1974,6266.8
2025-04-20 02:55:00+09:00,0.1974,0.1977,0.1972,0.1977,14871.0
2025-04-20 03:00:00+09:00,0.1978,0.1986,0.1978,0.1984,33618.0
2025-04-20 03:05:00+09:00,0.1984,0.1991,0.1984,0.199,5063.4
2025-04-20 03:10:00+09:00,0.1991,0.1991,0.1988,0.1988,8692.6
2025-04-20 03:15:00+09:00,0.1989,0.1989,0.1987,0.1988,4208.9
2025-04-20 03:20:00+09:00,0.1989,0.1989,0.1984,0.1984,9338.7
2025-04-20 03:25:00+09:00,0.1985,0.1986,0.1984,0.1986,9552.7
2025-04-20 03:30:00+09:00,0.1986,0.1998,0.1986,0.1998,52277.3
2025-04-20 03:35:00+09:00,0.2,0.2,0.1994,0.1996,40491.7
2025-04-20 03:40:00+09:00,0.1995,0.1996,0.1991,0.1992,11979.6
2025-04-20 03:45:00+09:00,0.199,0.1991,0.1989,0.1991,3651.8
2025-04-20 03:50:00+09:00,0.1989,0.199,0.1989,0.199,2772.4
2025-04-20 03:55:00+09:00,0.1991,0.1991,0.1985,0.1985,8041.7
2025-04-20 04:00:00+09:00,0.1985,0.1988,0.1985,0.1988,6401.4
2025-04-20 04:05:00+09:00,0.199,0.1991,0.199,0.199,9588.1
2025-04-20 04:10:00+09:00,0.1993,0.1996,0.1993,0.1996,3082.6
2025-04-20 04:15:00+09:00,0.1996,0.1996,0.1992,0.1992,2478.6
2025-04-20 04:20:00+09:00,0.1992,0.1993,0.1991,0.1992,6762.5
2025-04-20 04:25:00+09:00,0.199,0.1991,0.199,0.1991,1322.9
2025-04-20 04:30:00+09:00,0.199,0.1993,0.1989,0.1993,16080.8
2025-04-20 04:35:00+09:00,0.1994,0.1994,0.1991,0.1991,2173.0
2025-04-20 04:40:00+09:00,0.1994,0.1995,0.1992,0.1995,4932.6
2025-04-20 04:45:00+09:00,0.1995,0.1995,0.1992,0.1992,975.6
2025-04-20 04:50:00+09:00,0.1993,0.1993,0.1993,0.1993,1532.5
2025-04-20 04:55:00+09:00,0.1994,0.1994,0.1993,0.1993,624.0
2025-04-20 05:00:00+09:00,0.1994,0.1994,0.1989,0.1989,13258.9
2025-04-20 05:05:00+09:00,0.1991,0.1994,0.1991,0.1991,20672.7
2025-04-20 05:10:00+09:00,0.1991,0.1994,0.1991,0.1993,1278.5
2025-04-20 05:15:00+09:00,0.1994,0.1994,0.1987,0.1991,45392.0
2025-04-20 05:20:00+09:00,0.199,0.199,0.1985,0.1985,5439.4
2025-04-20 05:25:00+09:00,0.1985,0.1986,0.1985,0.1986,1401.0
2025-04-20 05:30:00+09:00,0.1987,0.1987,0.1984,0.1985,7681.7
2025-04-20 05:35:00+09:00,0.1986,0.1988,0.1986,0.1986,3010.6
2025-04-20 05:40:00+09:00,0.1986,0.199,0.1986,0.199,2942.3
2025-04-20 05:45:00+09:00,0.1991,0.1991,0.1991,0.1991,595.2
2025-04-20 05:50:00+09:00,0.1991,0.1992,0.1991,0.1992,512.0
2025-04-20 05:55:00+09:00,0.1993,0.1995,0.1993,0.1995,4219.6
2025-04-20 06:00:00+09:00,0.1995,0.2002,0.1995,0.2002,3439.2
2025-04-20 06:05:00+09:00,0.2,0.2003,0.2,0.2002,6535.7
2025-04-20 06:10:00+09:00,0.2004,0.2009,0.1996,0.2006,98279.9
2025-04-20 06:15:00+09:00,0.2004,0.2009,0.2003,0.2007,31958.0
2025-04-20 06:20:00+09:00,0.2007,0.2007,0.2002,0.2002,3617.7
2025-04-20 06:25:00+09:00,0.2003,0.2003,0.2002,0.2002,1127.3
2025-04-20 06:30:00+09:00,0.2002,0.2002,0.2001,0.2002,1319.7
2025-04-20 06:35:00+09:00,0.2004,0.2007,0.2004,0.2007,4235.0
2025-04-20 06:40:00+09:00,0.2006,0.2008,0.2005,0.2005,6365.4
2025-04-20 06:45:00+09:00,0.2004,0.2007,0.2004,0.2007,301.2
2025-04-20 06:50:00+09:00,0.2005,0.2007,0.2005,0.2006,101.3
2025-04-20 06:55:00+09:00,0.2006,0.2006,0.2006,0.2006,0.0
2025-04-20 07:00:00+09:00,0.2006,0.2006,0.2005,0.2005,474.9
2025-04-20 07:05:00+09:00,0.2006,0.2019,0.2006,0.2019,34246.8
2025-04-20 07:10:00+09:00,0.2017,0.2018,0.2013,0.2013,41132.3
2025-04-20 07:15:00+09:00,0.2013,0.2013,0.2009,0.2009,1686.8
2025-04-20 07:20:00+09:00,0.2008,0.2008,0.2004,0.2004,6149.2
2025-04-20 07:25:00+09:00,0.2003,0.2004,0.1999,0.1999,11446.9
2025-04-20 07:30:00+09:00,0.1998,0.1998,0.1993,0.1995,3376.0
2025-04-20 07:35:00+09:00,0.1994,0.1994,0.1992,0.1992,1913.1
2025-04-20 07:40:00+09:00,0.1994,0.1998,0.1994,0.1997,1534.8
2025-04-20 07:45:00+09:00,0.1996,0.1997,0.1996,0.1996,2317.0
2025-04-20 07:50:00+09:00,0.1996,0.1996,0.1996,0.1996,1375.1
2025-04-20 07:55:00+09:00,0.1998,0.2,0.1998,0.1999,567.0
2025-04-20 08:00:00+09:00,0.2,0.2,0.1995,0.1996,11305.0
2025-04-20 08:05:00+09:00,0.1995,0.2002,0.1994,0.1998,18955.3
2025-04-20 08:10:00+09:00,0.1997,0.1997,0.1997,0.1997,250.4
2025-04-20 08:15:00+09:00,0.1996,0.1998,0.1995,0.1998,4145.0
2025-04-20 08:20:00+09:00,0.1999,0.1999,0.1995,0.1996,3770.0
2025-04-20 08:25:00+09:00,0.1998,0.2001,0.1998,0.2,6525.3
2025-04-20 08:30:00+09:00,0.2001,0.2003,0.2001,0.2001,3789.4
2025-04-20 08:35:00+09:00,0.2,0.2,0.1998,0.2,10264.2
2025-04-20 08:40:00+09:00,0.2003,0.2003,0.2003,0.2003,200.0
2025-04-20 08:45:00+09:00,0.2004,0.2004,0.2003,0.2004,4055.0
2025-04-20 08:50:00+09:00,0.2004,0.2004,0.2004,0.2004,0.0
2025-04-20 08:55:00+09:00,0.2006,0.2006,0.2005,0.2005,887.0
2025-04-20 09:00:00+09:00,0.2005,0.2005,0.1987,0.1987,59489.6
2025-04-20 09:05:00+09:00,0.1981,0.1987,0.198,0.1987,19205.7
2025-04-20 09:10:00+09:00,0.1989,0.199,0.1986,0.1986,15761.3
2025-04-20 09:15:00+09:00,0.1987,0.1988,0.1984,0.1984,5983.5
2025-04-20 09:20:00+09:00,0.1984,0.1992,0.1984,0.1991,22319.6
2025-04-20 09:25:00+09:00,0.1991,0.1992,0.1991,0.1992,749.6
2025-04-20 09:30:00+09:00,0.1993,0.1996,0.1993,0.1995,17248.0
2025-04-20 09:35:00+09:00,0.1995,0.1995,0.1994,0.1994,4144.0
2025-04-20 09:40:00+09:00,0.1993,0.1993,0.1985,0.1985,8444.9
2025-04-20 09:45:00+09:00,0.1984,0.1987,0.1984,0.1984,12993.0
2025-04-20 09:50:00+09:00,0.1981,0.1981,0.1981,0.1981,5803.1
2025-04-20 09:55:00+09:00,0.1981,0.1982,0.1977,0.1977,26675.5
2025-04-20 10:00:00+09:00,0.1977,0.1981,0.1975,0.1981,46369.5
2025-04-20 10:05:00+09:00,0.198,0.1982,0.198,0.1982,1750.7
2025-04-20 10:10:00+09:00,0.1984,0.1989,0.1983,0.1989,13684.6
2025-04-20 10:15:00+09:00,0.1992,0.1993,0.1992,0.1993,86.4
2025-04-20 10:20:00+09:00,0.1999,0.2003,0.1998,0.2002,7177.6
2025-04-20 10:25:00+09:00,0.2002,0.2002,0.2,0.2,544.9
2025-04-20 10:30:00+09:00,0.1999,0.2003,0.1991,0.2003,39844.9
2025-04-20 10:35:00+09:00,0.2001,0.2001,0.1998,0.1999,6134.8
2025-04-20 10:40:00+09:00,0.1997,0.1997,0.1996,0.1996,687.3
2025-04-20 10:45:00+09:00,0.1997,0.1998,0.1989,0.1991,97618.2
2025-04-20 10:50:00+09:00,0.1992,0.1994,0.1991,0.1991,7147.5
2025-04-20 10:55:00+09:00,0.1991,0.1993,0.1991,0.1993,8021.9
2025-04-20 11:00:00+09:00,0.1994,0.2,0.1994,0.2,1454.9
2025-04-20 11:05:00+09:00,0.2001,0.2001,0.2,0.2,7861.5
2025-04-20 11:10:00+09:00,0.2,0.2001,0.2,0.2,1681.0
2025-04-20 11:15:00+09:00,0.2001,0.2001,0.2,0.2,430.0
2025-04-20 11:20:00+09:00,0.2002,0.2003,0.2001,0.2001,1587.1
2025-04-20 11:25:00+09:00,0.2,0.2002,0.2,0.2,25355.5
2025-04-20 11:30:00+09:00,0.1998,0.2003,0.1998,0.2003,17834.1
2025-04-20 11:35:00+09:00,0.201,0.2016,0.201,0.2016,22615.6
2025-04-20 11:40:00+09:00,0.2017,0.2018,0.2013,0.2013,23019.5
2025-04-20 11:45:00+09:00,0.2014,0.2016,0.2011,0.2011,12713.4
2025-04-20 11:50:00+09:00,0.2012,0.2018,0.2012,0.2018,42582.2
2025-04-20 11:55:00+09:00,0.2017,0.2017,0.2014,0.2015,9233.9
2025-04-20 12:00:00+09:00,0.2014,0.2017,0.2013,0.2015,11147.3
2025-04-20 12:05:00+09:00,0.2012,0.2016,0.2012,0.2016,4791.2
2025-04-20 12:10:00+09:00,0.2015,0.2015,0.2013,0.2013,12908.8
2025-04-20 12:15:00+09:00,0.2015,0.2016,0.2015,0.2015,2455.8
2025-04-20 12:20:00+09:00,0.2015,0.2015,0.2013,0.2013,3936.8
2025-04-20 12:25:00+09:00,0.2013,0.2016,0.2013,0.2016,10194.5
2025-04-20 12:30:00+09:00,0.2013,0.2013,0.2006,0.201,33821.9
2025-04-20 12:35:00+09:00,0.2011,0.2011,0.2002,0.2003,28800.5
2025-04-20 12:40:00+09:00,0.2004,0.2004,0.1996,0.1997,35295.3
2025-04-20 12:45:00+09:00,0.1997,0.1997,0.1996,0.1996,1458.7
2025-04-20 12:50:00+09:00,0.1998,0.2005,0.1998,0.2005,3209.6
2025-04-20 12:55:00+09:00,0.2005,0.2011,0.2005,0.2011,10707.3
2025-04-20 13:00:00+09:00,0.2011,0.2013,0.2009,0.2009,5026.0
2025-04-20 13:05:00+09:00,0.201,0.2011,0.201,0.2011,353.9
2025-04-20 13:10:00+09:00,0.2011,0.2014,0.201,0.2014,8925.5
2025-04-20 13:15:00+09:00,0.2012,0.2012,0.2005,0.2005,37925.0
2025-04-20 13:20:00+09:00,0.2003,0.2009,0.2003,0.2009,41535.3
2025-04-20 13:25:00+09:00,0.201,0.2011,0.2009,0.2011,26120.6
2025-04-20 13:30:00+09:00,0.2009,0.2015,0.2006,0.2015,38517.3
2025-04-20 13:35:00+09:00,0.2016,0.2018,0.2015,0.2018,33374.6
2025-04-20 13:40:00+09:00,0.2018,0.2024,0.2018,0.2022,6787.7
2025-04-20 13:45:00+09:00,0.2023,0.2024,0.202,0.2022,7829.5
2025-04-20 13:50:00+09:00,0.2022,0.2022,0.2018,0.2018,17833.4
2025-04-20 13:55:00+09:00,0.202,0.202,0.2018,0.2018,4339.6
2025-04-20 14:00:00+09:00,0.2019,0.202,0.2015,0.2015,5217.5
2025-04-20 14:05:00+09:00,0.2015,0.2017,0.2011,0.2016,46017.4
2025-04-20 14:10:00+09:00,0.2017,0.202,0.2017,0.2019,9678.3
2025-04-20 14:15:00+09:00,0.2019,0.2023,0.2019,0.2022,15430.8
2025-04-20 14:20:00+09:00,0.202,0.202,0.2018,0.202,11318.7
2025-04-20 14:25:00+09:00,0.202,0.2023,0.2019,0.2021,33276.9
2025-04-20 14:30:00+09:00,0.2019,0.2019,0.2016,0.2016,5828.6
2025-04-20 14:35:00+09:00,0.2014,0.2014,0.2008,0.2008,7637.6
2025-04-20 14:40:00+09:00,0.2007,0.201,0.2007,0.201,21150.4
2025-04-20 14:45:00+09:00,0.2008,0.2008,0.2005,0.2007,1381.5
2025-04-20 14:50:00+09:00,0.2007,0.2007,0.2001,0.2002,4464.1
2025-04-20 14:55:00+09:00,0.2002,0.2003,0.2001,0.2003,6076.8
2025-04-20 15:00:00+09:00,0.2003,0.2003,0.1997,0.2002,5603.7
2025-04-20 15:05:00+09:00,0.2001,0.2005,0.2001,0.2005,17531.4
2025-04-20 15:10:00+09:00,0.2006,0.201,0.2006,0.2007,3583.6
2025-04-20 15:15:00+09:00,0.2006,0.2006,0.2005,0.2005,2863.6
2025-04-20 15:20:00+09:00,0.2005,0.2009,0.2005,0.2005,9252.4
2025-04-20 15:25:00+09:00,0.2006,0.2006,0.2005,0.2005,122.5
2025-04-20 15:30:00+09:00,0.2006,0.2007,0.2006,0.2007,1681.7
2025-04-20 15:35:00+09:00,0.2008,0.2012,0.2008,0.2012,24824.1
2025-04-20 15:40:00+09:00,0.2012,0.2012,0.2007,0.2007,12892.0
2025-04-20 15:45:00+09:00,0.2008,0.2008,0.2001,0.2001,8151.0
2025-04-20 15:50:00+09:00,0.2003,0.2006,0.2003,0.2006,4014.3
2025-04-20 15:55:00+09:00,0.2006,0.201,0.2002,0.2003,102645.6
2025-04-20 16:00:00+09:00,0.2003,0.2007,0.2002,0.2005,44690.9
2025-04-20 16:05:00+09:00,0.2003,0.2003,0.1996,0.1999,23536.3
2025-04-20 16:10:00+09:00,0.1997,0.1999,0.1996,0.1999,45965.2
2025-04-20 16:15:00+09:00,0.2002,0.2004,0.1987,0.199,72874.7
2025-04-20 16:20:00+09:00,0.1991,0.1991,0.1987,0.1987,11946.9
2025-04-20 16:25:00+09:00,0.1985,0.1989,0.1985,0.1988,1059.9
2025-04-20 16:30:00+09:00,0.1986,0.1988,0.1986,0.1986,2651.8
2025-04-20 16:35:00+09:00,0.1988,0.1992,0.1988,0.1989,5251.7
2025-04-20 16:40:00+09:00,0.1987,0.1987,0.1982,0.1984,10896.2
2025-04-20 16:45:00+09:00,0.1983,0.1985,0.1982,0.1985,8696.4
2025-04-20 16:50:00+09:00,0.1986,0.1987,0.1983,0.1986,10555.1
2025-04-20 16:55:00+09:00,0.1987,0.1989,0.1987,0.1988,6475.7
2025-04-20 17:00:00+09:00,0.199,0.1991,0.1989,0.1989,3635.5
2025-04-20 17:05:00+09:00,0.1987,0.1989,0.1987,0.1989,1866.5
2025-04-20 17:10:00+09:00,0.1989,0.199,0.1987,0.199,4278.1
2025-04-20 17:15:00+09:00,0.1993,0.1993,0.1988,0.1988,2444.5
2025-04-20 17:20:00+09:00,0.1988,0.199,0.1984,0.1984,46267.8
2025-04-20 17:25:00+09:00,0.1984,0.1984,0.1981,0.1981,2041.7
2025-04-20 17:30:00+09:00,0.198,0.198,0.1966,0.1966,46673.5
2025-04-20 17:35:00+09:00,0.1965,0.1968,0.1965,0.1966,11432.5
2025-04-20 17:40:00+09:00,0.1966,0.1969,0.1966,0.1968,10504.7
2025-04-20 17:45:00+09:00,0.1969,0.1969,0.1967,0.1968,3129.3
2025-04-20 17:50:00+09:00,0.1967,0.1967,0.1964,0.1966,19027.6
2025-04-20 17:55:00+09:00,0.1966,0.1972,0.1964,0.1972,8408.7
2025-04-20 18:00:00+09:00,0.1971,0.1971,0.1969,0.1971,5799.1
2025-04-20 18:05:00+09:00,0.1972,0.1979,0.1972,0.1974,2747.1
2025-04-20 18:10:00+09:00,0.1976,0.1976,0.1976,0.1976,294.6
2025-04-20 18:15:00+09:00,0.1975,0.1976,0.1975,0.1975,763.1
2025-04-20 18:20:00+09:00,0.1976,0.1976,0.1976,0.1976,819.8
2025-04-20 18:25:00+09:00,0.1974,0.1974,0.1973,0.1973,1360.1
2025-04-20 18:30:00+09:00,0.1974,0.1977,0.1973,0.1976,4913.3
2025-04-20 18:35:00+09:00,0.1976,0.1976,0.1974,0.1976,16319.0
2025-04-20 18:40:00+09:00,0.1973,0.1973,0.1969,0.1971,38411.3
2025-04-20 18:45:00+09:00,0.1971,0.1973,0.1968,0.1968,8334.6
2025-04-20 18:50:00+09:00,0.1967,0.1972,0.1967,0.1972,10217.1
2025-04-20 18:55:00+09:00,0.1973,0.1974,0.1972,0.1974,5556.3
2025-04-20 19:00:00+09:00,0.1973,0.1973,0.1969,0.1969,4932.8
2025-04-20 19:05:00+09:00,0.1967,0.1967,0.1961,0.1964,10087.7
2025-04-20 19:10:00+09:00,0.1964,0.1977,0.1964,0.1972,160128.2
2025-04-20 19:15:00+09:00,0.1971,0.1972,0.1969,0.197,29856.6
2025-04-20 19:20:00+09:00,0.1972,0.1975,0.1972,0.1973,2259.7
2025-04-20 19:25:00+09:00,0.1971,0.1971,0.1969,0.1969,1284.8
2025-04-20 19:30:00+09:00,0.1969,0.1974,0.1968,0.1974,24336.5
2025-04-20 19:35:00+09:00,0.1976,0.1978,0.1973,0.1973,8310.5
2025-04-20 19:40:00+09:00,0.1974,0.1974,0.1966,0.1967,35607.1
2025-04-20 19:45:00+09:00,0.1967,0.1967,0.1958,0.1961,42899.5
2025-04-20 19:50:00+09:00,0.1956,0.1956,0.1939,0.1941,48556.0
2025-04-20 19:55:00+09:00,0.1944,0.1953,0.1944,0.195,18500.1
2025-04-20 20:00:00+09:00,0.1949,0.1951,0.1946,0.1949,9937.7
2025-04-20 20:05:00+09:00,0.1949,0.1949,0.1946,0.1946,3376.5
2025-04-20 20:10:00+09:00,0.1947,0.1958,0.1945,0.1958,14162.8
2025-04-20 20:15:00+09:00,0.1959,0.1959,0.1953,0.1956,4944.2
2025-04-20 20:20:00+09:00,0.1955,0.1957,0.1953,0.1953,9134.5
2025-04-20 20:25:00+09:00,0.1949,0.1949,0.1946,0.1949,3574.6
2025-04-20 20:30:00+09:00,0.195,0.1953,0.1946,0.1953,24915.7
2025-04-20 20:35:00+09:00,0.1951,0.1956,0.1951,0.1952,9380.6
2025-04-20 20:40:00+09:00,0.1951,0.1952,0.1949,0.1952,5890.6
2025-04-20 20:45:00+09:00,0.1951,0.1951,0.1947,0.195,8402.7
2025-04-20 20:50:00+09:00,0.1952,0.1954,0.1952,0.1954,1175.4
2025-04-20 20:55:00+09:00,0.1956,0.1957,0.1956,0.1957,69.0
2025-04-20 21:00:00+09:00,0.1957,0.196,0.1957,0.1959,9545.0
2025-04-20 21:05:00+09:00,0.1958,0.1964,0.1956,0.196,11387.8
2025-04-20 21:10:00+09:00,0.196,0.1963,0.1959,0.1962,4478.0
2025-04-20 21:15:00+09:00,0.1961,0.1962,0.1959,0.1962,2528.4
2025-04-20 21:20:00+09:00,0.1963,0.1966,0.1963,0.1964,9635.0
2025-04-20 21:25:00+09:00,0.1963,0.1963,0.1962,0.1962,192.5
2025-04-20 21:30:00+09:00,0.1963,0.1966,0.1963,0.1965,11287.1
2025-04-20 21:35:00+09:00,0.1965,0.1966,0.1962,0.1963,3867.2
2025-04-20 21:40:00+09:00,0.1963,0.1963,0.1962,0.1962,1815.3
2025-04-20 21:45:00+09:00,0.1963,0.1965,0.1962,0.1963,3995.6
2025-04-20 21:50:00+09:00,0.1963,0.1963,0.1963,0.1963,362.3
2025-04-20 21:55:00+09:00,0.1965,0.1965,0.1964,0.1965,5305.4
2025-04-20 22:00:00+09:00,0.1964,0.1964,0.196,0.1961,5481.2
2025-04-20 22:05:00+09:00,0.1961,0.1961,0.1958,0.1958,4461.1
2025-04-20 22:10:00+09:00,0.1957,0.1957,0.1956,0.1956,1515.3
2025-04-20 22:15:00+09:00,0.1954,0.1956,0.1953,0.1954,3914.0
2025-04-20 22:20:00+09:00,0.1954,0.1956,0.1954,0.1956,3403.8
2025-04-20 22:25:00+09:00,0.1955,0.1962,0.1955,0.1958,21800.8
2025-04-20 22:30:00+09:00,0.1958,0.1961,0.1958,0.1961,1334.7
2025-04-20 22:35:00+09:00,0.1962,0.197,0.1962,0.197,7926.8
2025-04-20 22:40:00+09:00,0.1972,0.1972,0.197,0.197,11288.3
2025-04-20 22:45:00+09:00,0.1968,0.1969,0.1968,0.1969,384.0
2025-04-20 22:50:00+09:00,0.1968,0.1969,0.1968,0.1969,2492.0
2025-04-20 22:55:00+09:00,0.197,0.1973,0.197,0.1973,5216.8
2025-04-20 23:00:00+09:00,0.1972,0.1972,0.1963,0.1966,37526.2
2025-04-20 23:05:00+09:00,0.1964,0.1975,0.1964,0.1972,41118.4
2025-04-20 23:10:00+09:00,0.1971,0.1977,0.1971,0.1973,8279.9
2025-04-20 23:15:00+09:00,0.1971,0.1971,0.1963,0.1966,36377.7
2025-04-20 23:20:00+09:00,0.1966,0.197,0.1965,0.1965,11584.5
2025-04-20 23:25:00+09:00,0.1964,0.1969,0.1964,0.1969,4371.0
2025-04-20 23:30:00+09:00,0.1969,0.1971,0.1968,0.1971,8227.9
2025-04-20 23:35:00+09:00,0.1969,0.1972,0.1969,0.1971,5200.7
2025-04-20 23:40:00+09:00,0.1971,0.1972,0.1971,0.1971,1773.9
2025-04-20 23:45:00+09:00,0.197,0.197,0.1968,0.1969,1702.0
2025-04-20 23:50:00+09:00,0.1968,0.197,0.1968,0.197,5445.1
2025-04-20 23:55:00+09:00,0.1971,0.1973,0.1971,0.1973,2740.2
2025-04-21 00:00:00+09:00,0.1972,0.1973,0.1972,0.1973,1409.7
2025-04-21 00:05:00+09:00,0.1971,0.1971,0.1962,0.1963,41969.4
2025-04-21 00:10:00+09:00,0.1962,0.1962,0.1961,0.1962,8824.1
2025-04-21 00:15:00+09:00,0.1963,0.1965,0.1957,0.1959,6300.9
2025-04-21 00:20:00+09:00,0.1958,0.196,0.1957,0.1958,4481.3
2025-04-21 00:25:00+09:00,0.1957,0.196,0.1957,0.1957,5471.4
2025-04-21 00:30:00+09:00,0.1958,0.1958,0.1958,0.1958,260.0
2025-04-21 00:35:00+09:00,0.196,0.1961,0.1956,0.1961,13902.7
2025-04-21 00:40:00+09:00,0.1961,0.1963,0.1959,0.1963,6956.2
2025-04-21 00:45:00+09:00,0.1963,0.1966,0.1961,0.1961,2964.8
2025-04-21 00:50:00+09:00,0.1959,0.1959,0.1956,0.1956,12057.0
2025-04-21 00:55:00+09:00,0.1957,0.1963,0.1957,0.1963,3616.3
2025-04-21 01:00:00+09:00,0.1962,0.1967,0.1961,0.1967,14504.2
2025-04-21 01:05:00+09:00,0.1968,0.1974,0.1968,0.1973,9819.0
2025-04-21 01:10:00+09:00,0.1972,0.198,0.1972,0.198,14924.8
2025-04-21 01:15:00+09:00,0.198,0.1986,0.1978,0.1984,17915.7
2025-04-21 01:20:00+09:00,0.1985,0.1989,0.1984,0.1986,26449.9
2025-04-21 01:25:00+09:00,0.1983,0.1985,0.1983,0.1984,9075.4
2025-04-21 01:30:00+09:00,0.1984,0.1985,0.198,0.1985,11903.1
2025-04-21 01:35:00+09:00,0.1986,0.1986,0.1982,0.1984,26485.0
2025-04-21 01:40:00+09:00,0.1985,0.1988,0.1982,0.1984,5998.4
2025-04-21 01:45:00+09:00,0.1986,0.1989,0.1986,0.1989,1591.1
2025-04-21 01:50:00+09:00,0.1988,0.1989,0.1984,0.1986,15705.8
2025-04-21 01:55:00+09:00,0.1987,0.1992,0.1987,0.1992,8411.8
2025-04-21 02:00:00+09:00,0.1992,0.1992,0.1989,0.1989,3644.3
2025-04-21 02:05:00+09:00,0.199,0.199,0.1988,0.199,2855.4
2025-04-21 02:10:00+09:00,0.1987,0.1989,0.1986,0.1986,8897.4
2025-04-21 02:15:00+09:00,0.1984,0.1986,0.1982,0.1982,7254.7
2025-04-21 02:20:00+09:00,0.1983,0.1986,0.1983,0.1985,9906.0
2025-04-21 02:25:00+09:00,0.1984,0.1984,0.1982,0.1984,3677.3
2025-04-21 02:30:00+09:00,0.1983,0.1985,0.1983,0.1984,4258.1
2025-04-21 02:35:00+09:00,0.1983,0.1983,0.198,0.1981,2885.0
2025-04-21 02:40:00+09:00,0.1983,0.1985,0.1983,0.1984,4020.1
2025-04-21 02:45:00+09:00,0.1985,0.1988,0.1985,0.1988,2583.0
2025-04-21 02:50:00+09:00,0.1986,0.1986,0.1986,0.1986,260.0
2025-04-21 02:55:00+09:00,0.1986,0.1991,0.1986,0.1987,22734.9
2025-04-21 03:00:00+09:00,0.1987,0.1988,0.1986,0.1988,914.8
2025-04-21 03:05:00+09:00,0.1986,0.1989,0.1986,0.1987,3566.0
2025-04-21 03:10:00+09:00,0.1986,0.1986,0.1985,0.1986,4096.8
2025-04-21 03:15:00+09:00,0.1986,0.199,0.1986,0.199,2494.0
2025-04-21 03:20:00+09:00,0.1989,0.1989,0.1988,0.1988,311.2
2025-04-21 03:25:00+09:00,0.1987,0.1988,0.1987,0.1988,3093.8
2025-04-21 03:30:00+09:00,0.199,0.199,0.1987,0.1987,2385.0
2025-04-21 03:35:00+09:00,0.1986,0.1986,0.1981,0.1981,15563.6
2025-04-21 03:40:00+09:00,0.198,0.1981,0.198,0.1981,2040.5
2025-04-21 03:45:00+09:00,0.1982,0.1983,0.1979,0.1982,5059.8
2025-04-21 03:50:00+09:00,0.1983,0.1983,0.1982,0.1982,323.8
2025-04-21 03:55:00+09:00,0.1983,0.1985,0.1982,0.1985,6590.1
2025-04-21 04:00:00+09:00,0.1984,0.1985,0.1982,0.1985,1956.6
2025-04-21 04:05:00+09:00,0.1984,0.1987,0.1984,0.1986,1406.0
2025-04-21 04:10:00+09:00,0.1987,0.1987,0.1986,0.1987,331.1
2025-04-21 04:15:00+09:00,0.1987,0.1991,0.1987,0.1991,2737.3
2025-04-21 04:20:00+09:00,0.199,0.1991,0.1989,0.1989,411.8
2025-04-21 04:25:00+09:00,0.1989,0.1989,0.1988,0.1988,1266.1
2025-04-21 04:30:00+09:00,0.199,0.1991,0.1988,0.1989,5345.1
2025-04-21 04:35:00+09:00,0.1987,0.1987,0.1985,0.1985,2119.3
2025-04-21 04:40:00+09:00,0.1986,0.1986,0.1984,0.1986,5333.0
2025-04-21 04:45:00+09:00,0.1986,0.1988,0.1986,0.1988,1694.2
2025-04-21 04:50:00+09:00,0.199,0.199,0.1988,0.1989,5567.7
2025-04-21 04:55:00+09:00,0.199,0.1993,0.199,0.1993,2613.0
2025-04-21 05:00:00+09:00,0.1992,0.1995,0.1992,0.1994,8736.2
2025-04-21 05:05:00+09:00,0.1996,0.1999,0.1996,0.1998,15989.1
2025-04-21 05:10:00+09:00,0.1998,0.2002,0.1997,0.2002,9215.1
2025-04-21 05:15:00+09:00,0.2002,0.2008,0.2001,0.2008,14854.2
2025-04-21 05:20:00+09:00,0.2012,0.2012,0.2006,0.2006,8380.5
2025-04-21 05:25:00+09:00,0.2006,0.2006,0.2003,0.2004,12751.7
2025-04-21 05:30:00+09:00,0.2004,0.2007,0.2002,0.2002,8505.2
2025-04-21 05:35:00+09:00,0.2004,0.2005,0.2001,0.2001,4619.3
2025-04-21 05:40:00+09:00,0.2,0.2003,0.1999,0.2003,4643.2
2025-04-21 05:45:00+09:00,0.2001,0.2002,0.1998,0.1998,5543.8
2025-04-21 05:50:00+09:00,0.1997,0.1999,0.1995,0.1995,2279.6
2025-04-21 05:55:00+09:00,0.1997,0.1997,0.1995,0.1997,5536.2
2025-04-21 06:00:00+09:00,0.1999,0.2,0.1994,0.1995,17037.2
2025-04-21 06:05:00+09:00,0.1996,0.1997,0.1995,0.1996,5260.8
2025-04-21 06:10:00+09:00,0.1997,0.1997,0.1996,0.1996,1545.4
2025-04-21 06:15:00+09:00,0.1996,0.1998,0.1993,0.1998,20543.5
2025-04-21 06:20:00+09:00,0.1998,0.1998,0.1995,0.1995,1187.0
2025-04-21 06:25:00+09:00,0.1997,0.1997,0.1996,0.1996,7965.7
2025-04-21 06:30:00+09:00,0.1997,0.2004,0.1997,0.2004,17197.9
2025-04-21 06:35:00+09:00,0.2005,0.2005,0.2,0.2003,25175.0
2025-04-21 06:40:00+09:00,0.2003,0.2003,0.2001,0.2002,1565.0
2025-04-21 06:45:00+09:00,0.2003,0.2003,0.2002,0.2002,51.2
2025-04-21 06:50:00+09:00,0.2002,0.2002,0.2002,0.2002,60.0
2025-04-21 06:55:00+09:00,0.2002,0.2003,0.2002,0.2003,531.7
2025-04-21 07:00:00+09:00,0.2002,0.2002,0.1992,0.1993,3205.4
2025-04-21 07:05:00+09:00,0.1995,0.1995,0.1993,0.1993,1428.0
2025-04-21 07:10:00+09:00,0.1991,0.1999,0.1991,0.1995,17153.1
2025-04-21 07:15:00+09:00,0.1995,0.1997,0.1992,0.1997,5646.1
2025-04-21 07:20:00+09:00,0.1995,0.1995,0.1988,0.1989,16399.3
2025-04-21 07:25:00+09:00,0.1989,0.1991,0.1989,0.1991,5356.1
2025-04-21 07:30:00+09:00,0.1991,0.1993,0.1991,0.1992,2774.9
2025-04-21 07:35:00+09:00,0.1993,0.1993,0.1993,0.1993,1187.0
2025-04-21 07:40:00+09:00,0.1994,0.1995,0.1993,0.1994,3730.9
2025-04-21 07:45:00+09:00,0.1993,0.1994,0.1993,0.1994,2612.2
2025-04-21 07:50:00+09:00,0.1993,0.1993,0.1993,0.1993,50.3
2025-04-21 07:55:00+09:00,0.1995,0.1996,0.1995,0.1996,5945.4
2025-04-21 08:00:00+09:00,0.1996,0.1998,0.1995,0.1998,11412.2
2025-04-21 08:05:00+09:00,0.1998,0.2,0.1998,0.1999,4689.3
2025-04-21 08:10:00+09:00,0.1998,0.1998,0.1998,0.1998,260.0
2025-04-21 08:15:00+09:00,0.2,0.2002,0.2,0.2001,9866.5
2025-04-21 08:20:00+09:00,0.2001,0.2001,0.1996,0.1996,6139.9
2025-04-21 08:25:00+09:00,0.1997,0.1997,0.1994,0.1995,1081.7
2025-04-21 08:30:00+09:00,0.1995,0.1996,0.1992,0.1994,7912.5
2025-04-21 08:35:00+09:00,0.1994,0.1995,0.1994,0.1994,4804.0
2025-04-21 08:40:00+09:00,0.1992,0.1994,0.1992,0.1994,2600.7
2025-04-21 08:45:00+09:00,0.1994,0.1995,0.1994,0.1995,2727.7
2025-04-21 08:50:00+09:00,0.1995,0.1997,0.1995,0.1997,2885.0
2025-04-21 08:55:00+09:00,0.1996,0.1998,0.1996,0.1998,6813.9
2025-04-21 09:00:00+09:00,0.1996,0.1999,0.1992,0.1993,19164.3
2025-04-21 09:05:00+09:00,0.1994,0.2001,0.1994,0.2,17897.6
2025-04-21 09:10:00+09:00,0.1999,0.2001,0.1996,0.1998,6008.0
2025-04-21 09:15:00+09:00,0.1999,0.2007,0.1999,0.2006,31945.4
2025-04-21 09:20:00+09:00,0.2005,0.2008,0.2004,0.2008,20053.8
2025-04-21 09:25:00+09:00,0.2008,0.2029,0.2008,0.2027,66691.3
2025-04-21 09:30:00+09:00,0.2028,0.2036,0.2028,0.2036,57263.2
2025-04-21 09:35:00+09:00,0.2035,0.2037,0.202,0.202,26391.2
2025-04-21 09:40:00+09:00,0.2021,0.2028,0.2021,0.2025,36586.8
2025-04-21 09:45:00+09:00,0.2026,0.2032,0.2026,0.2028,22376.0
2025-04-21 09:50:00+09:00,0.2028,0.2028,0.2026,0.2027,2016.8
2025-04-21 09:55:00+09:00,0.2028,0.2029,0.2024,0.2025,15992.1
2025-04-21 10:00:00+09:00,0.2027,0.2031,0.2027,0.2029,13868.0
2025-04-21 10:05:00+09:00,0.2027,0.203,0.202,0.202,18666.2
2025-04-21 10:10:00+09:00,0.2019,0.2019,0.2014,0.2014,5236.5
2025-04-21 10:15:00+09:00,0.2017,0.202,0.2016,0.2018,9745.8
2025-04-21 10:20:00+09:00,0.2018,0.2021,0.2017,0.2021,24217.9
2025-04-21 10:25:00+09:00,0.2023,0.2029,0.2023,0.2028,4683.2
2025-04-21 10:30:00+09:00,0.2029,0.2029,0.2026,0.2026,4600.7
2025-04-21 10:35:00+09:00,0.2027,0.2031,0.2025,0.2025,9129.6
2025-04-21 10:40:00+09:00,0.2026,0.2034,0.2025,0.2032,47505.3
2025-04-21 10:45:00+09:00,0.2032,0.2042,0.2032,0.2042,18341.7
2025-04-21 10:50:00+09:00,0.2042,0.2043,0.2037,0.2038,10210.7
2025-04-21 10:55:00+09:00,0.2039,0.2041,0.2038,0.2039,9990.3
2025-04-21 11:00:00+09:00,0.204,0.2041,0.2033,0.2036,24004.6
2025-04-21 11:05:00+09:00,0.2037,0.2049,0.2037,0.2043,44606.0
2025-04-21 11:10:00+09:00,0.2045,0.2045,0.2037,0.2038,3376.7
2025-04-21 11:15:00+09:00,0.2039,0.2044,0.2035,0.2042,16803.0
2025-04-21 11:20:00+09:00,0.2043,0.2048,0.2042,0.2046,18639.5
2025-04-21 11:25:00+09:00,0.2045,0.2045,0.2041,0.2042,10845.7
2025-04-21 11:30:00+09:00,0.2043,0.205,0.2043,0.2043,17804.7
2025-04-21 11:35:00+09:00,0.2042,0.2042,0.2035,0.2036,12231.3
2025-04-21 11:40:00+09:00,0.2036,0.2037,0.2029,0.2033,38130.7
2025-04-21 11:45:00+09:00,0.2035,0.2038,0.2034,0.2038,5883.2
2025-04-21 11:50:00+09:00,0.2039,0.2041,0.2039,0.2041,5084.7
2025-04-21 11:55:00+09:00,0.2041,0.2041,0.2037,0.2038,9035.7
2025-04-21 12:00:00+09:00,0.2039,0.2049,0.2039,0.2047,32135.6
2025-04-21 12:05:00+09:00,0.2047,0.2049,0.2047,0.2049,7343.0
2025-04-21 12:10:00+09:00,0.2049,0.205,0.2047,0.2047,21204.3
2025-04-21 12:15:00+09:00,0.2048,0.2053,0.2048,0.2053,2013.8
2025-04-21 12:20:00+09:00,0.2053,0.2059,0.2051,0.2052,43534.0
2025-04-21 12:25:00+09:00,0.2053,0.2054,0.205,0.205,16377.1
2025-04-21 12:30:00+09:00,0.2051,0.2054,0.205,0.2053,5120.1
2025-04-21 12:35:00+09:00,0.2053,0.2056,0.2051,0.2051,22898.1
2025-04-21 12:40:00+09:00,0.2046,0.2046,0.2043,0.2043,18963.1
2025-04-21 12:45:00+09:00,0.2045,0.2047,0.2045,0.2045,1843.9
2025-04-21 12:50:00+09:00,0.2043,0.2043,0.2041,0.2042,7203.5
2025-04-21 12:55:00+09:00,0.2041,0.2042,0.204,0.204,8945.1
2025-04-21 13:00:00+09:00,0.2042,0.2048,0.2042,0.2045,12593.8
2025-04-21 13:05:00+09:00,0.2046,0.2046,0.2041,0.2041,867.5
2025-04-21 13:10:00+09:00,0.2041,0.2044,0.2039,0.2041,14532.9
2025-04-21 13:15:00+09:00,0.204,0.2043,0.2035,0.2036,38599.1
2025-04-21 13:20:00+09:00,0.2038,0.2041,0.2037,0.2037,18968.4
2025-04-21 13:25:00+09:00,0.2038,0.2039,0.2035,0.2036,1784.7
2025-04-21 13:30:00+09:00,0.2036,0.2036,0.2034,0.2035,27388.0
2025-04-21 13:35:00+09:00,0.2035,0.2045,0.2035,0.2045,10715.4
2025-04-21 13:40:00+09:00,0.2043,0.2047,0.2041,0.2042,22416.3
2025-04-21 13:45:00+09:00,0.2041,0.2052,0.2041,0.2052,16734.4
2025-04-21 13:50:00+09:00,0.2051,0.2059,0.2051,0.2057,51286.2
2025-04-21 13:55:00+09:00,0.2058,0.2064,0.2052,0.2052,59301.9
2025-04-21 14:00:00+09:00,0.2051,0.2056,0.2049,0.205,30078.3
2025-04-21 14:05:00+09:00,0.2051,0.2064,0.2051,0.2063,136469.6
2025-04-21 14:10:00+09:00,0.2064,0.2065,0.2064,0.2064,593.7
2025-04-21 14:15:00+09:00,0.2065,0.2065,0.2063,0.2063,3467.7
2025-04-21 14:20:00+09:00,0.2062,0.2074,0.2062,0.2067,87479.3
2025-04-21 14:25:00+09:00,0.2066,0.2067,0.2065,0.2066,1621.4
2025-04-21 14:30:00+09:00,0.2066,0.2072,0.2065,0.2072,19868.8
2025-04-21 14:35:00+09:00,0.2071,0.2071,0.2067,0.2067,42168.1
2025-04-21 14:40:00+09:00,0.2065,0.2065,0.2061,0.2062,9915.4
2025-04-21 14:45:00+09:00,0.2063,0.2069,0.2063,0.2066,32243.0
2025-04-21 14:50:00+09:00,0.2067,0.2077,0.2067,0.207,52473.9
2025-04-21 14:55:00+09:00,0.207,0.2074,0.2069,0.207,20639.0
2025-04-21 15:00:00+09:00,0.2071,0.2074,0.207,0.207,12879.0
2025-04-21 15:05:00+09:00,0.207,0.207,0.2068,0.207,8994.6
2025-04-21 15:10:00+09:00,0.2071,0.2075,0.2071,0.2073,11818.0
2025-04-21 15:15:00+09:00,0.2072,0.208,0.2072,0.2075,17183.8
2025-04-21 15:20:00+09:00,0.2075,0.2075,0.2072,0.2075,9272.0
2025-04-21 15:25:00+09:00,0.2074,0.2076,0.2071,0.2076,28923.9
2025-04-21 15:30:00+09:00,0.2075,0.2077,0.2069,0.2069,6790.8
2025-04-21 15:35:00+09:00,0.2069,0.2069,0.2065,0.2066,1976.9
2025-04-21 15:40:00+09:00,0.2067,0.2068,0.2061,0.2061,38510.6
2025-04-21 15:45:00+09:00,0.2062,0.2063,0.2062,0.2063,9470.5
2025-04-21 15:50:00+09:00,0.206,0.206,0.2059,0.206,4576.7
2025-04-21 15:55:00+09:00,0.2058,0.2058,0.2056,0.2056,9263.9
2025-04-21 16:00:00+09:00,0.2056,0.2057,0.2049,0.2049,19825.4
2025-04-21 16:05:00+09:00,0.205,0.2055,0.205,0.205,36273.8
2025-04-21 16:10:00+09:00,0.2049,0.2052,0.2047,0.2052,12256.1
2025-04-21 16:15:00+09:00,0.2051,0.2056,0.205,0.2056,4081.0
2025-04-21 16:20:00+09:00,0.2056,0.2056,0.2052,0.2052,1974.0
2025-04-21 16:25:00+09:00,0.2053,0.2053,0.205,0.2052,4702.8
2025-04-21 16:30:00+09:00,0.2054,0.2056,0.2052,0.2056,7408.7
2025-04-21 16:35:00+09:00,0.2059,0.206,0.2059,0.206,937.6
2025-04-21 16:40:00+09:00,0.206,0.2061,0.206,0.2061,1613.5
2025-04-21 16:45:00+09:00,0.2065,0.2066,0.2065,0.2066,919.2
2025-04-21 16:50:00+09:00,0.2065,0.2065,0.2064,0.2064,5419.8
2025-04-21 16:55:00+09:00,0.2063,0.2064,0.2062,0.2064,5170.6
2025-04-21 17:00:00+09:00,0.2065,0.2066,0.2065,0.2065,8422.2
2025-04-21 17:05:00+09:00,0.2065,0.2067,0.2065,0.2067,3278.0
2025-04-21 17:10:00+09:00,0.2065,0.2065,0.2064,0.2064,5385.0
2025-04-21 17:15:00+09:00,0.2062,0.2062,0.2061,0.2062,3680.3
2025-04-21 17:20:00+09:00,0.2064,0.2068,0.2064,0.2068,6316.0
2025-04-21 17:25:00+09:00,0.2069,0.2073,0.2069,0.2071,12900.6
2025-04-21 17:30:00+09:00,0.2071,0.2074,0.2071,0.2074,7895.8
2025-04-21 17:35:00+09:00,0.2072,0.2073,0.2071,0.2071,10940.1
2025-04-21 17:40:00+09:00,0.2072,0.2073,0.2072,0.2072,4366.6
2025-04-21 17:45:00+09:00,0.2072,0.2072,0.2071,0.2072,3945.4
2025-04-21 17:50:00+09:00,0.2072,0.2073,0.2072,0.2073,1242.4
2025-04-21 17:55:00+09:00,0.2073,0.2073,0.207,0.207,5778.2
2025-04-21 18:00:00+09:00,0.207,0.2072,0.2066,0.2066,10384.7
2025-04-21 18:05:00+09:00,0.2068,0.2071,0.2065,0.2065,29743.8
2025-04-21 18:10:00+09:00,0.2065,0.2065,0.206,0.2061,25005.1
2025-04-21 18:15:00+09:00,0.2062,0.2065,0.2057,0.2057,14645.6
2025-04-21 18:20:00+09:00,0.2058,0.206,0.2058,0.206,5576.5
2025-04-21 18:25:00+09:00,0.2057,0.2057,0.2053,0.2053,8435.9
2025-04-21 18:30:00+09:00,0.2054,0.2055,0.2042,0.2042,18510.8
2025-04-21 18:35:00+09:00,0.2041,0.2048,0.2041,0.2048,10436.1
2025-04-21 18:40:00+09:00,0.2048,0.2054,0.2048,0.205,29690.6
2025-04-21 18:45:00+09:00,0.2051,0.2053,0.2051,0.2053,23842.5
2025-04-21 18:50:00+09:00,0.2054,0.2054,0.2052,0.2052,5747.6
2025-04-21 18:55:00+09:00,0.2051,0.2052,0.2045,0.2045,36980.6
2025-04-21 19:00:00+09:00,0.2046,0.2046,0.2035,0.2037,58637.4
2025-04-21 19:05:00+09:00,0.2036,0.2039,0.2036,0.2038,55732.0
2025-04-21 19:10:00+09:00,0.2037,0.2037,0.2033,0.2034,12752.9
2025-04-21 19:15:00+09:00,0.2035,0.2037,0.2035,0.2037,17657.2
2025-04-21 19:20:00+09:00,0.2036,0.2041,0.2036,0.2041,14372.4
2025-04-21 19:25:00+09:00,0.2041,0.2045,0.2041,0.2044,17008.7
2025-04-21 19:30:00+09:00,0.2044,0.2044,0.2035,0.2038,11316.4
2025-04-21 19:35:00+09:00,0.2037,0.2039,0.2036,0.2039,9407.3
2025-04-21 19:40:00+09:00,0.204,0.204,0.2039,0.2039,9514.8
2025-04-21 19:45:00+09:00,0.2039,0.205,0.2039,0.2047,54576.3
2025-04-21 19:50:00+09:00,0.2048,0.2051,0.2046,0.2051,14206.0
2025-04-21 19:55:00+09:00,0.2051,0.2051,0.205,0.205,2291.5
2025-04-21 20:00:00+09:00,0.205,0.2053,0.2049,0.2052,8778.5
2025-04-21 20:05:00+09:00,0.2052,0.2056,0.2052,0.2055,10119.5
2025-04-21 20:10:00+09:00,0.2055,0.2056,0.2042,0.205,125014.9
2025-04-21 20:15:00+09:00,0.2048,0.2048,0.2037,0.2037,17411.4
2025-04-21 20:20:00+09:00,0.2034,0.2038,0.2029,0.2031,24437.4
2025-04-21 20:25:00+09:00,0.2031,0.2039,0.2031,0.2039,31897.7
2025-04-21 20:30:00+09:00,0.204,0.204,0.2037,0.204,17361.2
2025-04-21 20:35:00+09:00,0.2041,0.2044,0.2036,0.2041,55031.2
2025-04-21 20:40:00+09:00,0.2043,0.2043,0.2043,0.2043,1669.3
2025-04-21 20:45:00+09:00,0.2044,0.2045,0.2039,0.204,2167.4
2025-04-21 20:50:00+09:00,0.2041,0.2042,0.204,0.2041,17443.4
2025-04-21 20:55:00+09:00,0.2042,0.2043,0.2038,0.2038,15138.9
2025-04-21 21:00:00+09:00,0.2039,0.2042,0.2039,0.2042,9169.2
2025-04-21 21:05:00+09:00,0.204,0.2045,0.2038,0.2044,25802.0
2025-04-21 21:10:00+09:00,0.2044,0.2046,0.204,0.2046,38421.6
2025-04-21 21:15:00+09:00,0.2044,0.2045,0.2044,0.2045,7039.2
2025-04-21 21:20:00+09:00,0.2046,0.2049,0.2045,0.2045,15789.2
2025-04-21 21:25:00+09:00,0.2043,0.2047,0.2043,0.2045,16078.8
2025-04-21 21:30:00+09:00,0.2046,0.205,0.2046,0.205,8906.3
2025-04-21 21:35:00+09:00,0.205,0.2056,0.205,0.2055,9853.8
2025-04-21 21:40:00+09:00,0.2055,0.2064,0.2055,0.2061,43985.1
2025-04-21 21:45:00+09:00,0.206,0.2063,0.2058,0.2058,15454.6
2025-04-21 21:50:00+09:00,0.2059,0.2059,0.2055,0.2056,9092.0
2025-04-21 21:55:00+09:00,0.2057,0.2057,0.2053,0.2053,10215.9
2025-04-21 22:00:00+09:00,0.2051,0.2051,0.2048,0.2049,25884.9
2025-04-21 22:05:00+09:00,0.205,0.2053,0.2046,0.2047,10200.0
2025-04-21 22:10:00+09:00,0.2046,0.2049,0.2045,0.2048,14554.3
2025-04-21 22:15:00+09:00,0.2051,0.2054,0.2051,0.2054,1341.2
2025-04-21 22:20:00+09:00,0.2053,0.2057,0.2052,0.2057,6357.8
2025-04-21 22:25:00+09:00,0.206,0.2062,0.2058,0.2062,13079.3
2025-04-21 22:30:00+09:00,0.2062,0.2062,0.2054,0.2054,45177.0
2025-04-21 22:35:00+09:00,0.2055,0.2059,0.2046,0.2059,27972.0
2025-04-21 22:40:00+09:00,0.2061,0.2061,0.2053,0.2056,8930.3
2025-04-21 22:45:00+09:00,0.2055,0.2057,0.2052,0.2054,42989.5
2025-04-21 22:50:00+09:00,0.2054,0.2056,0.2051,0.2051,22100.0
2025-04-21 22:55:00+09:00,0.2052,0.2052,0.2044,0.2044,8804.1
2025-04-21 23:00:00+09:00,0.2042,0.2051,0.2039,0.2051,23010.9
2025-04-21 23:05:00+09:00,0.2052,0.2052,0.2046,0.2049,29360.2
2025-04-21 23:10:00+09:00,0.2051,0.2059,0.2051,0.2059,5806.2
2025-04-21 23:15:00+09:00,0.2059,0.206,0.2053,0.206,15967.5
2025-04-21 23:20:00+09:00,0.2061,0.2073,0.2061,0.2068,60853.6
2025-04-21 23:25:00+09:00,0.2068,0.2073,0.2067,0.2073,23747.3
2025-04-21 23:30:00+09:00,0.2073,0.2076,0.2064,0.2066,66469.4
2025-04-21 23:35:00+09:00,0.2067,0.2073,0.2067,0.2073,18756.0
2025-04-21 23:40:00+09:00,0.2071,0.2076,0.2068,0.2069,29238.9
2025-04-21 23:45:00+09:00,0.2069,0.2073,0.2062,0.2062,15439.6
2025-04-21 23:50:00+09:00,0.2062,0.2072,0.2062,0.2072,36450.5
2025-04-21 23:55:00+09:00,0.2072,0.2077,0.2071,0.2077,12668.8
2025-04-22 00:00:00+09:00,0.2077,0.2077,0.2071,0.2075,14561.4
2025-04-22 00:05:00+09:00,0.2077,0.2077,0.2069,0.2073,22352.4
2025-04-22 00:10:00+09:00,0.2073,0.2074,0.2067,0.2067,26999.1
2025-04-22 00:15:00+09:00,0.2067,0.2078,0.2067,0.2077,15514.9
2025-04-22 00:20:00+09:00,0.2077,0.2077,0.2073,0.2077,26736.3
2025-04-22 00:25:00+09:00,0.2079,0.2079,0.2073,0.2077,39144.6
2025-04-22 00:30:00+09:00,0.2076,0.2077,0.207,0.2073,43870.4
2025-04-22 00:35:00+09:00,0.2074,0.2075,0.2067,0.2074,32942.4
2025-04-22 00:40:00+09:00,0.2075,0.2082,0.2071,0.2071,58232.0
2025-04-22 00:45:00+09:00,0.2072,0.2073,0.2065,0.2072,23357.0
2025-04-22 00:50:00+09:00,0.2072,0.2073,0.207,0.2071,13474.1
2025-04-22 00:55:00+09:00,0.2071,0.2077,0.2071,0.2073,26508.2
2025-04-22 01:00:00+09:00,0.2075,0.2079,0.2073,0.2073,24221.9
2025-04-22 01:05:00+09:00,0.2073,0.2082,0.2072,0.2082,33750.6
2025-04-22 01:10:00+09:00,0.2081,0.209,0.208,0.2085,96553.8
2025-04-22 01:15:00+09:00,0.2084,0.2089,0.208,0.2082,34008.4
2025-04-22 01:20:00+09:00,0.2082,0.2085,0.208,0.2082,40788.7
2025-04-22 01:25:00+09:00,0.2083,0.2086,0.2075,0.2076,27007.4
2025-04-22 01:30:00+09:00,0.2077,0.2078,0.2071,0.2071,51378.9
2025-04-22 01:35:00+09:00,0.207,0.2072,0.2068,0.207,5987.1
2025-04-22 01:40:00+09:00,0.2068,0.2071,0.2063,0.2063,22750.5
2025-04-22 01:45:00+09:00,0.2062,0.2062,0.2052,0.2058,45750.8
2025-04-22 01:50:00+09:00,0.2058,0.2059,0.2049,0.2049,31302.2
2025-04-22 01:55:00+09:00,0.2048,0.205,0.2039,0.204,132944.6
2025-04-22 02:00:00+09:00,0.2041,0.2041,0.2028,0.2037,91995.2
2025-04-22 02:05:00+09:00,0.2037,0.2042,0.2024,0.2035,109494.1
2025-04-22 02:10:00+09:00,0.2033,0.2041,0.2031,0.2037,46687.3
2025-04-22 02:15:00+09:00,0.2033,0.2041,0.2029,0.2036,48802.0
2025-04-22 02:20:00+09:00,0.2036,0.2039,0.203,0.2032,45791.9
2025-04-22 02:25:00+09:00,0.2033,0.2043,0.2033,0.204,29044.9
2025-04-22 02:30:00+09:00,0.2038,0.2046,0.2036,0.2046,34525.7
2025-04-22 02:35:00+09:00,0.2044,0.2056,0.2041,0.205,38300.0
2025-04-22 02:40:00+09:00,0.2052,0.2052,0.2041,0.2045,32115.5
2025-04-22 02:45:00+09:00,0.2044,0.2046,0.2044,0.2044,8713.5
2025-04-22 02:50:00+09:00,0.2044,0.2046,0.2041,0.2043,14250.4
2025-04-22 02:55:00+09:00,0.2044,0.2044,0.2035,0.204,36217.1
2025-04-22 03:00:00+09:00,0.204,0.2044,0.2036,0.2037,75856.8
2025-04-22 03:05:00+09:00,0.2039,0.2043,0.2036,0.2043,17178.4
2025-04-22 03:10:00+09:00,0.2043,0.2046,0.2043,0.2043,12166.4
2025-04-22 03:15:00+09:00,0.2042,0.2045,0.2042,0.2042,12609.2
2025-04-22 03:20:00+09:00,0.2039,0.204,0.2037,0.2037,6905.9
2025-04-22 03:25:00+09:00,0.2036,0.2037,0.2032,0.2032,41400.4
2025-04-22 03:30:00+09:00,0.2033,0.2035,0.203,0.2033,40154.9
2025-04-22 03:35:00+09:00,0.2034,0.2039,0.2034,0.2038,16731.5
2025-04-22 03:40:00+09:00,0.2039,0.204,0.2037,0.204,15912.7
2025-04-22 03:45:00+09:00,0.2037,0.2037,0.2033,0.2035,6842.6
2025-04-22 03:50:00+09:00,0.2035,0.2036,0.2035,0.2036,12797.2
2025-04-22 03:55:00+09:00,0.2035,0.2036,0.203,0.203,18751.2
2025-04-22 04:00:00+09:00,0.203,0.2035,0.2029,0.2034,40200.2
2025-04-22 04:05:00+09:00,0.2034,0.2037,0.2031,0.2036,18956.4
2025-04-22 04:10:00+09:00,0.2036,0.2039,0.2035,0.2039,8709.4
2025-04-22 04:15:00+09:00,0.2037,0.2043,0.2037,0.2043,32146.6
2025-04-22 04:20:00+09:00,0.2045,0.205,0.2045,0.205,16866.2
2025-04-22 04:25:00+09:00,0.2049,0.2049,0.2049,0.2049,756.4
2025-04-22 04:30:00+09:00,0.2052,0.2052,0.2047,0.2049,18098.5
2025-04-22 04:35:00+09:00,0.2049,0.2049,0.2047,0.2047,23205.2
2025-04-22 04:40:00+09:00,0.2047,0.2048,0.2043,0.2043,21930.8
2025-04-22 04:45:00+09:00,0.2043,0.2044,0.2038,0.2038,6116.8
2025-04-22 04:50:00+09:00,0.2038,0.2044,0.2038,0.2044,17454.4
2025-04-22 04:55:00+09:00,0.2044,0.2044,0.204,0.204,6658.9
2025-04-22 05:00:00+09:00,0.204,0.2041,0.2036,0.2037,23655.7
2025-04-22 05:05:00+09:00,0.2036,0.204,0.2036,0.2037,8752.7
2025-04-22 05:10:00+09:00,0.2037,0.2039,0.2037,0.2039,5501.0
2025-04-22 05:15:00+09:00,0.2039,0.204,0.2037,0.2038,7006.2
2025-04-22 05:20:00+09:00,0.204,0.204,0.2038,0.2038,2647.0
2025-04-22 05:25:00+09:00,0.2038,0.2038,0.2037,0.2038,2011.3
2025-04-22 05:30:00+09:00,0.2038,0.2039,0.2035,0.2039,16191.4
2025-04-22 05:35:00+09:00,0.204,0.2042,0.204,0.204,5412.7
2025-04-22 05:40:00+09:00,0.2041,0.2043,0.2041,0.2042,12012.9
2025-04-22 05:45:00+09:00,0.2041,0.2043,0.2038,0.2038,25185.9
2025-04-22 05:50:00+09:00,0.2037,0.2037,0.2035,0.2037,6505.6
2025-04-22 05:55:00+09:00,0.2037,0.2038,0.2037,0.2038,4418.6
2025-04-22 06:00:00+09:00,0.2038,0.2038,0.2037,0.2038,3173.6
2025-04-22 06:05:00+09:00,0.2037,0.2041,0.2037,0.204,26247.0
2025-04-22 06:10:00+09:00,0.204,0.2041,0.2039,0.2039,10990.1
2025-04-22 06:15:00+09:00,0.2039,0.2039,0.203,0.2033,30286.4
2025-04-22 06:20:00+09:00,0.2034,0.2034,0.203,0.2032,15965.1
2025-04-22 06:25:00+09:00,0.2032,0.2032,0.203,0.203,2112.4
2025-04-22 06:30:00+09:00,0.2027,0.2027,0.2026,0.2027,3523.9
2025-04-22 06:35:00+09:00,0.2028,0.2029,0.2028,0.2029,2332.0
2025-04-22 06:40:00+09:00,0.2031,0.2035,0.2031,0.2035,16437.0
2025-04-22 06:45:00+09:00,0.2035,0.2035,0.2035,0.2035,0.0
2025-04-22 06:50:00+09:00,0.2035,0.2037,0.2035,0.2036,5723.4
2025-04-22 06:55:00+09:00,0.2034,0.2034,0.2033,0.2033,10959.4
2025-04-22 07:00:00+09:00,0.2033,0.2036,0.2031,0.2031,4506.1
2025-04-22 07:05:00+09:00,0.2033,0.2033,0.2029,0.203,3222.5
2025-04-22 07:10:00+09:00,0.203,0.2032,0.2028,0.2031,17976.8
2025-04-22 07:15:00+09:00,0.2029,0.2029,0.202,0.2023,21605.7
2025-04-22 07:20:00+09:00,0.2024,0.2027,0.2023,0.2025,7518.9
2025-04-22 07:25:00+09:00,0.2026,0.2027,0.2025,0.2027,6835.1
2025-04-22 07:30:00+09:00,0.2028,0.2029,0.2027,0.2028,5829.8
2025-04-22 07:35:00+09:00,0.2027,0.2028,0.2025,0.2025,6696.0
2025-04-22 07:40:00+09:00,0.2026,0.2026,0.2024,0.2026,17429.4
2025-04-22 07:45:00+09:00,0.2027,0.2027,0.2026,0.2027,3655.6
2025-04-22 07:50:00+09:00,0.2025,0.2025,0.2025,0.2025,1531.2
2025-04-22 07:55:00+09:00,0.2026,0.2027,0.2025,0.2025,4220.6
2025-04-22 08:00:00+09:00,0.2025,0.2025,0.202,0.202,6232.7
2025-04-22 08:05:00+09:00,0.202,0.202,0.2015,0.2019,9265.0
2025-04-22 08:10:00+09:00,0.2019,0.2023,0.2019,0.2022,8132.6
2025-04-22 08:15:00+09:00,0.2024,0.2024,0.2021,0.2023,5220.5
2025-04-22 08:20:00+09:00,0.2022,0.2023,0.2022,0.2023,2289.5
2025-04-22 08:25:00+09:00,0.2022,0.2022,0.2022,0.2022,1637.1
2025-04-22 08:30:00+09:00,0.2024,0.2026,0.2023,0.2023,4099.1
2025-04-22 08:35:00+09:00,0.2022,0.2022,0.2022,0.2022,50.0
2025-04-22 08:40:00+09:00,0.2021,0.2021,0.202,0.202,2572.0
2025-04-22 08:45:00+09:00,0.202,0.2023,0.2017,0.2023,48993.2
2025-04-22 08:50:00+09:00,0.2024,0.2026,0.2023,0.2026,13440.0
2025-04-22 08:55:00+09:00,0.2029,0.2029,0.2026,0.2027,4391.8
2025-04-22 09:00:00+09:00,0.2028,0.2028,0.2025,0.2027,16263.3
2025-04-22 09:05:00+09:00,0.2027,0.2034,0.2027,0.2031,11823.8
2025-04-22 09:10:00+09:00,0.2031,0.2032,0.2023,0.2025,26246.4
2025-04-22 09:15:00+09:00,0.2026,0.2027,0.2021,0.2023,7965.6
2025-04-22 09:20:00+09:00,0.2023,0.2023,0.2022,0.2022,6022.7
2025-04-22 09:25:00+09:00,0.2023,0.2025,0.2023,0.2024,6011.6
2025-04-22 09:30:00+09:00,0.2024,0.2025,0.2016,0.2016,11624.7
2025-04-22 09:35:00+09:00,0.2012,0.2012,0.1994,0.2007,174060.9
2025-04-22 09:40:00+09:00,0.2007,0.2012,0.2003,0.2011,37086.4
2025-04-22 09:45:00+09:00,0.201,0.2011,0.2004,0.2011,6964.7
2025-04-22 09:50:00+09:00,0.2011,0.2015,0.2011,0.2015,10761.8
2025-04-22 09:55:00+09:00,0.2016,0.2018,0.2014,0.2018,13045.1
2025-04-22 10:00:00+09:00,0.2019,0.2021,0.2013,0.2021,20880.1
2025-04-22 10:05:00+09:00,0.2019,0.2028,0.2018,0.2028,12867.7
2025-04-22 10:10:00+09:00,0.2029,0.2034,0.2029,0.2032,13334.1
2025-04-22 10:15:00+09:00,0.2034,0.2049,0.2034,0.2045,74942.0
2025-04-22 10:20:00+09:00,0.2049,0.2053,0.2044,0.2044,86784.0
2025-04-22 10:25:00+09:00,0.2044,0.2044,0.2039,0.2044,19177.7
2025-04-22 10:30:00+09:00,0.2041,0.2056,0.204,0.2051,40207.8
2025-04-22 10:35:00+09:00,0.2051,0.2051,0.2048,0.2049,15685.4
2025-04-22 10:40:00+09:00,0.2049,0.2052,0.2048,0.2051,16270.4
2025-04-22 10:45:00+09:00,0.2051,0.2052,0.205,0.2051,12770.4
2025-04-22 10:50:00+09:00,0.2052,0.2058,0.2051,0.2055,43978.3
2025-04-22 10:55:00+09:00,0.2056,0.2064,0.2054,0.2062,136266.6
2025-04-22 11:00:00+09:00,0.2062,0.2067,0.2062,0.2067,29904.2
2025-04-22 11:05:00+09:00,0.2067,0.2068,0.2062,0.2062,17093.8
2025-04-22 11:10:00+09:00,0.2062,0.2062,0.2056,0.2057,39895.1
2025-04-22 11:15:00+09:00,0.2058,0.2058,0.2054,0.2054,6022.1
2025-04-22 11:20:00+09:00,0.2054,0.2054,0.2053,0.2053,4759.2
2025-04-22 11:25:00+09:00,0.2051,0.2051,0.2039,0.2042,13582.4
2025-04-22 11:30:00+09:00,0.2042,0.2047,0.2039,0.2047,51583.1
2025-04-22 11:35:00+09:00,0.2045,0.2051,0.2041,0.2041,17148.5
2025-04-22 11:40:00+09:00,0.2043,0.2045,0.2041,0.2041,6237.9
2025-04-22 11:45:00+09:00,0.2039,0.2048,0.2039,0.2046,37526.2
2025-04-22 11:50:00+09:00,0.2046,0.2046,0.2041,0.2041,4713.0
2025-04-22 11:55:00+09:00,0.2043,0.2046,0.2042,0.2046,5560.0
2025-04-22 12:00:00+09:00,0.2046,0.2049,0.2043,0.2046,11878.8
2025-04-22 12:05:00+09:00,0.2044,0.2044,0.204,0.2041,28916.2
2025-04-22 12:10:00+09:00,0.2041,0.2041,0.2036,0.2039,33733.0
2025-04-22 12:15:00+09:00,0.2039,0.2045,0.2039,0.2043,14149.0
2025-04-22 12:20:00+09:00,0.2043,0.2045,0.2042,0.2045,8032.6
2025-04-22 12:25:00+09:00,0.2046,0.2046,0.2044,0.2044,7164.9
2025-04-22 12:30:00+09:00,0.2044,0.2044,0.2043,0.2043,9538.6
2025-04-22 12:35:00+09:00,0.2043,0.2044,0.2043,0.2043,4620.1
2025-04-22 12:40:00+09:00,0.2044,0.2047,0.2044,0.2046,10027.6
2025-04-22 12:45:00+09:00,0.2047,0.2047,0.2045,0.2046,2561.3
2025-04-22 12:50:00+09:00,0.2047,0.2047,0.2044,0.2044,3198.2
2025-04-22 12:55:00+09:00,0.2044,0.2045,0.2043,0.2045,2692.1
2025-04-22 13:00:00+09:00,0.2046,0.2047,0.2046,0.2046,5571.7
2025-04-22 13:05:00+09:00,0.2047,0.2051,0.2047,0.205,30173.4
2025-04-22 13:10:00+09:00,0.205,0.205,0.2043,0.2043,6910.9
2025-04-22 13:15:00+09:00,0.2042,0.2043,0.2041,0.2041,977.5
2025-04-22 13:20:00+09:00,0.2042,0.2042,0.2038,0.2038,9209.6
2025-04-22 13:25:00+09:00,0.2039,0.204,0.2038,0.2038,1509.3
2025-04-22 13:30:00+09:00,0.2039,0.2039,0.2035,0.2036,6646.4
2025-04-22 13:35:00+09:00,0.2036,0.2036,0.2035,0.2036,7764.6
2025-04-22 13:40:00+09:00,0.2039,0.2042,0.2038,0.204,27771.7
2025-04-22 13:45:00+09:00,0.2041,0.2042,0.2037,0.2037,13461.7
2025-04-22 13:50:00+09:00,0.2036,0.2036,0.2034,0.2036,4505.1
2025-04-22 13:55:00+09:00,0.2034,0.2034,0.2027,0.2027,21616.9
2025-04-22 14:00:00+09:00,0.2028,0.203,0.2022,0.2028,12274.3
2025-04-22 14:05:00+09:00,0.2026,0.2031,0.2026,0.2031,33752.4
2025-04-22 14:10:00+09:00,0.2031,0.2031,0.2027,0.2027,4387.1
2025-04-22 14:15:00+09:00,0.2026,0.2027,0.2025,0.2025,4660.6
2025-04-22 14:20:00+09:00,0.2024,0.2024,0.2024,0.2024,1742.4
2025-04-22 14:25:00+09:00,0.2023,0.2025,0.2023,0.2025,1598.9
2025-04-22 14:30:00+09:00,0.2024,0.2027,0.2022,0.2027,3081.0
2025-04-22 14:35:00+09:00,0.2027,0.2029,0.2026,0.2029,6731.8
2025-04-22 14:40:00+09:00,0.2028,0.203,0.2027,0.2029,5591.4
2025-04-22 14:45:00+09:00,0.203,0.2032,0.2029,0.2032,5730.2
2025-04-22 14:50:00+09:00,0.2031,0.2031,0.2029,0.2029,6896.3
2025-04-22 14:55:00+09:00,0.2029,0.2033,0.2029,0.2033,19664.4
2025-04-22 15:00:00+09:00,0.2031,0.2031,0.203,0.203,1676.5
2025-04-22 15:05:00+09:00,0.2032,0.2033,0.2029,0.2029,4117.1
2025-04-22 15:10:00+09:00,0.2028,0.2028,0.2023,0.2023,9876.5
2025-04-22 15:15:00+09:00,0.202,0.202,0.2013,0.2013,10013.7
2025-04-22 15:20:00+09:00,0.2014,0.2018,0.2012,0.2012,32642.6
2025-04-22 15:25:00+09:00,0.2008,0.2014,0.2008,0.2008,16705.9
2025-04-22 15:30:00+09:00,0.2006,0.2011,0.2005,0.2007,5939.8
2025-04-22 15:35:00+09:00,0.2008,0.2008,0.2001,0.2001,7716.5
2025-04-22 15:40:00+09:00,0.2002,0.2005,0.2,0.2005,5280.3
2025-04-22 15:45:00+09:00,0.2003,0.2006,0.2003,0.2006,2685.9
2025-04-22 15:50:00+09:00,0.2007,0.2008,0.2005,0.2008,750.1
2025-04-22 15:55:00+09:00,0.2008,0.201,0.2005,0.201,49764.5
2025-04-22 16:00:00+09:00,0.201,0.201,0.2009,0.2009,8851.4
2025-04-22 16:05:00+09:00,0.2011,0.2011,0.2011,0.2011,768.2
2025-04-22 16:10:00+09:00,0.2013,0.2014,0.2013,0.2014,3164.4
2025-04-22 16:15:00+09:00,0.2012,0.2017,0.2012,0.2017,1200.4
2025-04-22 16:20:00+09:00,0.2019,0.2019,0.2019,0.2019,1471.7
2025-04-22 16:25:00+09:00,0.2021,0.2022,0.2021,0.2022,1756.8
2025-04-22 16:30:00+09:00,0.2024,0.2047,0.2024,0.2047,83168.5
2025-04-22 16:35:00+09:00,0.2047,0.2053,0.2044,0.2044,55773.2
2025-04-22 16:40:00+09:00,0.2043,0.2046,0.2041,0.2046,8397.5
2025-04-22 16:45:00+09:00,0.2049,0.2053,0.2049,0.2051,4313.8
2025-04-22 16:50:00+09:00,0.2052,0.2053,0.2046,0.2049,7986.5
2025-04-22 16:55:00+09:00,0.2049,0.2053,0.2049,0.2053,8012.9
2025-04-22 17:00:00+09:00,0.2053,0.2056,0.205,0.2052,12541.2
2025-04-22 17:05:00+09:00,0.2056,0.2058,0.2052,0.2052,11806.0
2025-04-22 17:10:00+09:00,0.2052,0.2054,0.2051,0.2051,7411.2
2025-04-22 17:15:00+09:00,0.2054,0.2062,0.2053,0.2053,15331.0
2025-04-22 17:20:00+09:00,0.205,0.205,0.2046,0.2048,11297.4
2025-04-22 17:25:00+09:00,0.2048,0.2048,0.204,0.2041,18998.1
2025-04-22 17:30:00+09:00,0.2042,0.2046,0.2041,0.2045,15476.7
2025-04-22 17:35:00+09:00,0.2048,0.2051,0.2048,0.205,10286.2
2025-04-22 17:40:00+09:00,0.2049,0.2049,0.2031,0.2039,208033.2
2025-04-22 17:45:00+09:00,0.2038,0.2044,0.2038,0.2042,60279.7
2025-04-22 17:50:00+09:00,0.2043,0.2043,0.2039,0.204,7203.1
2025-04-22 17:55:00+09:00,0.2039,0.2039,0.2036,0.2037,6344.8
2025-04-22 18:00:00+09:00,0.2038,0.2046,0.2038,0.2041,46218.0
2025-04-22 18:05:00+09:00,0.204,0.2041,0.2036,0.204,9291.4
2025-04-22 18:10:00+09:00,0.2039,0.2039,0.2033,0.2036,38105.6
2025-04-22 18:15:00+09:00,0.2036,0.2038,0.2036,0.2036,7964.9
2025-04-22 18:20:00+09:00,0.2035,0.2039,0.2032,0.2038,36921.4
2025-04-22 18:25:00+09:00,0.204,0.2043,0.2039,0.2042,11403.3
2025-04-22 18:30:00+09:00,0.2039,0.2039,0.2033,0.2033,9756.1
2025-04-22 18:35:00+09:00,0.2035,0.2037,0.2034,0.2037,5451.7
2025-04-22 18:40:00+09:00,0.2038,0.2038,0.2036,0.2036,3280.7
2025-04-22 18:45:00+09:00,0.2038,0.2038,0.2031,0.2033,22954.4
2025-04-22 18:50:00+09:00,0.2034,0.2037,0.2031,0.2031,27974.1
2025-04-22 18:55:00+09:00,0.2032,0.2034,0.2031,0.2034,7409.2
2025-04-22 19:00:00+09:00,0.2032,0.2036,0.203,0.2036,11733.3
2025-04-22 19:05:00+09:00,0.2035,0.2039,0.2035,0.2039,15163.0
2025-04-22 19:10:00+09:00,0.2041,0.2041,0.2038,0.2041,28158.7
2025-04-22 19:15:00+09:00,0.2039,0.2039,0.2039,0.2039,1125.0
2025-04-22 19:20:00+09:00,0.2038,0.2038,0.2034,0.2035,13921.3
2025-04-22 19:25:00+09:00,0.2036,0.2036,0.2032,0.2033,24000.0
2025-04-22 19:30:00+09:00,0.2033,0.2037,0.2033,0.2037,6050.7
2025-04-22 19:35:00+09:00,0.204,0.2043,0.204,0.2043,11038.8
2025-04-22 19:40:00+09:00,0.2043,0.2048,0.2043,0.2046,5574.9
2025-04-22 19:45:00+09:00,0.2046,0.2047,0.2045,0.2045,1786.6
2025-04-22 19:50:00+09:00,0.2045,0.2045,0.2044,0.2045,3996.9
2025-04-22 19:55:00+09:00,0.2045,0.2045,0.2044,0.2044,5001.7
2025-04-22 20:00:00+09:00,0.2044,0.2044,0.2041,0.2041,8599.7
2025-04-22 20:05:00+09:00,0.2042,0.2043,0.2042,0.2043,1622.6
2025-04-22 20:10:00+09:00,0.2045,0.2045,0.2044,0.2044,3221.7
2025-04-22 20:15:00+09:00,0.2044,0.2045,0.2044,0.2044,4846.7
2025-04-22 20:20:00+09:00,0.2046,0.2048,0.2044,0.2047,26147.3
2025-04-22 20:25:00+09:00,0.2046,0.2047,0.2046,0.2047,2755.7
2025-04-22 20:30:00+09:00,0.2047,0.2057,0.2047,0.2053,80907.7
2025-04-22 20:35:00+09:00,0.2051,0.2053,0.205,0.2052,33604.7
2025-04-22 20:40:00+09:00,0.2053,0.2058,0.2045,0.2047,55233.7
2025-04-22 20:45:00+09:00,0.2048,0.2052,0.2048,0.2052,6487.0
2025-04-22 20:50:00+09:00,0.2054,0.2054,0.2051,0.2051,12256.7
2025-04-22 20:55:00+09:00,0.2051,0.2052,0.2049,0.2052,35346.0
2025-04-22 21:00:00+09:00,0.2051,0.2054,0.205,0.2054,14166.7
2025-04-22 21:05:00+09:00,0.2052,0.2054,0.2051,0.2054,9543.9
2025-04-22 21:10:00+09:00,0.2054,0.2054,0.2052,0.2052,4443.9
2025-04-22 21:15:00+09:00,0.2051,0.2056,0.2051,0.2052,16349.1
2025-04-22 21:20:00+09:00,0.2051,0.2056,0.2051,0.2054,14509.4
2025-04-22 21:25:00+09:00,0.2055,0.2061,0.2053,0.2061,16963.6
2025-04-22 21:30:00+09:00,0.2061,0.2065,0.2058,0.2065,24444.6
2025-04-22 21:35:00+09:00,0.2065,0.2068,0.2061,0.2062,21048.7
2025-04-22 21:40:00+09:00,0.206,0.2069,0.2057,0.2067,65051.7
2025-04-22 21:45:00+09:00,0.2067,0.2072,0.2067,0.207,9381.4
2025-04-22 21:50:00+09:00,0.207,0.2071,0.207,0.207,5194.6
2025-04-22 21:55:00+09:00,0.207,0.2078,0.2069,0.2071,75079.9
2025-04-22 22:00:00+09:00,0.2071,0.2073,0.2068,0.2068,49383.2
2025-04-22 22:05:00+09:00,0.2068,0.2072,0.2067,0.2072,70927.6
2025-04-22 22:10:00+09:00,0.2073,0.2074,0.207,0.2072,15256.9
2025-04-22 22:15:00+09:00,0.2071,0.2076,0.2067,0.2067,23536.3
2025-04-22 22:20:00+09:00,0.2066,0.2068,0.2063,0.2068,29905.1
2025-04-22 22:25:00+09:00,0.2067,0.2069,0.2065,0.2066,24010.9
2025-04-22 22:30:00+09:00,0.2064,0.207,0.2062,0.2069,14962.7
2025-04-22 22:35:00+09:00,0.2067,0.2067,0.2063,0.2067,15207.5
2025-04-22 22:40:00+09:00,0.207,0.208,0.207,0.2079,32321.0
2025-04-22 22:45:00+09:00,0.2079,0.2089,0.2079,0.2084,20980.2
2025-04-22 22:50:00+09:00,0.2084,0.2088,0.2075,0.2076,22133.7
2025-04-22 22:55:00+09:00,0.2074,0.2077,0.2066,0.2077,33607.7
2025-04-22 23:00:00+09:00,0.2076,0.2081,0.2074,0.2076,57124.7
2025-04-22 23:05:00+09:00,0.2076,0.2077,0.207,0.2076,21036.6
2025-04-22 23:10:00+09:00,0.2076,0.2081,0.2076,0.2081,19698.3
2025-04-22 23:15:00+09:00,0.2083,0.2095,0.2083,0.2087,51500.5
2025-04-22 23:20:00+09:00,0.2087,0.2091,0.2087,0.2091,34619.6
2025-04-22 23:25:00+09:00,0.209,0.209,0.2079,0.2082,61705.7
2025-04-22 23:30:00+09:00,0.208,0.2088,0.2078,0.2088,13483.9
2025-04-22 23:35:00+09:00,0.2088,0.209,0.2084,0.209,25320.8
2025-04-22 23:40:00+09:00,0.2091,0.2108,0.2085,0.2102,82888.7
2025-04-22 23:45:00+09:00,0.2104,0.2112,0.2099,0.2099,51986.0
2025-04-22 23:50:00+09:00,0.2097,0.2109,0.2096,0.2109,25422.4
2025-04-22 23:55:00+09:00,0.2108,0.2117,0.2107,0.2116,20568.4
2025-04-23 00:00:00+09:00,0.2116,0.2137,0.2116,0.2133,273645.2
2025-04-23 00:05:00+09:00,0.2131,0.2139,0.2124,0.2134,61325.8
2025-04-23 00:10:00+09:00,0.2133,0.2148,0.2133,0.214,118457.5
2025-04-23 00:15:00+09:00,0.214,0.2147,0.2131,0.2134,21772.4
2025-04-23 00:20:00+09:00,0.2134,0.2139,0.2129,0.2138,46882.6
2025-04-23 00:25:00+09:00,0.214,0.214,0.2131,0.2135,21987.6
2025-04-23 00:30:00+09:00,0.2135,0.2136,0.211,0.2113,100760.3
2025-04-23 00:35:00+09:00,0.2114,0.2116,0.2106,0.211,21070.6
2025-04-23 00:40:00+09:00,0.2112,0.2112,0.2102,0.2102,25474.0
2025-04-23 00:45:00+09:00,0.2104,0.211,0.2101,0.211,16222.8
2025-04-23 00:50:00+09:00,0.2109,0.2111,0.2107,0.2108,13627.7
2025-04-23 00:55:00+09:00,0.2109,0.2115,0.2107,0.2114,23472.0
2025-04-23 01:00:00+09:00,0.2117,0.2123,0.2111,0.2116,47936.6
2025-04-23 01:05:00+09:00,0.2116,0.2125,0.2116,0.2122,13209.7
2025-04-23 01:10:00+09:00,0.2122,0.2123,0.2115,0.2115,7403.1
2025-04-23 01:15:00+09:00,0.2115,0.2115,0.2107,0.2111,9058.6
2025-04-23 01:20:00+09:00,0.2112,0.212,0.2112,0.212,4965.1
2025-04-23 01:25:00+09:00,0.2118,0.2119,0.2115,0.2118,15702.3
2025-04-23 01:30:00+09:00,0.2118,0.2121,0.2118,0.2119,7673.3
2025-04-23 01:35:00+09:00,0.2119,0.2119,0.2116,0.2119,3955.3
2025-04-23 01:40:00+09:00,0.2119,0.2119,0.2114,0.2116,7601.2
2025-04-23 01:45:00+09:00,0.2116,0.2118,0.2108,0.2109,11554.0
2025-04-23 01:50:00+09:00,0.2107,0.2107,0.2101,0.2103,6915.4
2025-04-23 01:55:00+09:00,0.2104,0.2106,0.2104,0.2106,4211.5
2025-04-23 02:00:00+09:00,0.2109,0.2111,0.2108,0.211,5649.9
2025-04-23 02:05:00+09:00,0.211,0.2115,0.2109,0.211,40189.4
2025-04-23 02:10:00+09:00,0.2109,0.2109,0.2103,0.2105,5214.1
2025-04-23 02:15:00+09:00,0.2106,0.2108,0.2098,0.2108,28802.4
2025-04-23 02:20:00+09:00,0.2108,0.2108,0.2105,0.2107,3334.5
2025-04-23 02:25:00+09:00,0.2108,0.2111,0.2107,0.2107,38891.4
2025-04-23 02:30:00+09:00,0.2108,0.211,0.2106,0.2108,33313.2
2025-04-23 02:35:00+09:00,0.2109,0.2116,0.2109,0.2114,17753.7
2025-04-23 02:40:00+09:00,0.2114,0.2114,0.2108,0.2112,12146.8
2025-04-23 02:45:00+09:00,0.2114,0.2114,0.2112,0.2112,11608.2
2025-04-23 02:50:00+09:00,0.2113,0.2118,0.2113,0.2118,7473.3
2025-04-23 02:55:00+09:00,0.2118,0.2119,0.2117,0.2118,5295.3
2025-04-23 03:00:00+09:00,0.2119,0.2122,0.2118,0.212,12505.1
2025-04-23 03:05:00+09:00,0.2121,0.2122,0.2118,0.2121,34323.6
2025-04-23 03:10:00+09:00,0.2121,0.2129,0.2118,0.2127,104359.5
2025-04-23 03:15:00+09:00,0.2128,0.2136,0.2128,0.2134,15821.9
2025-04-23 03:20:00+09:00,0.2135,0.2135,0.2132,0.2135,6247.8
2025-04-23 03:25:00+09:00,0.2137,0.2138,0.2136,0.2138,5587.6
2025-04-23 03:30:00+09:00,0.2138,0.214,0.2138,0.2138,3686.5
2025-04-23 03:35:00+09:00,0.2138,0.2142,0.2138,0.2141,21057.2
2025-04-23 03:40:00+09:00,0.2141,0.2147,0.2141,0.2146,5638.3
2025-04-23 03:45:00+09:00,0.2148,0.2148,0.2143,0.2143,10480.5
2025-04-23 03:50:00+09:00,0.2144,0.2146,0.2144,0.2146,407.8
2025-04-23 03:55:00+09:00,0.2145,0.2145,0.214,0.214,9799.1
2025-04-23 04:00:00+09:00,0.214,0.2141,0.2138,0.2141,6077.1
2025-04-23 04:05:00+09:00,0.2141,0.2142,0.214,0.214,11404.4
2025-04-23 04:10:00+09:00,0.2142,0.2144,0.2142,0.2142,6069.2
2025-04-23 04:15:00+09:00,0.2143,0.2143,0.2139,0.2139,5132.3
2025-04-23 04:20:00+09:00,0.2139,0.2141,0.2137,0.2141,3428.5
2025-04-23 04:25:00+09:00,0.2142,0.2143,0.214,0.214,4829.5
2025-04-23 04:30:00+09:00,0.2141,0.2141,0.2139,0.2139,1270.5
2025-04-23 04:35:00+09:00,0.2137,0.2137,0.2126,0.2126,11354.2
2025-04-23 04:40:00+09:00,0.2124,0.2124,0.2116,0.2123,68240.1
2025-04-23 04:45:00+09:00,0.2123,0.2123,0.2119,0.2123,18087.0
2025-04-23 04:50:00+09:00,0.2124,0.2128,0.2124,0.2128,10638.1
2025-04-23 04:55:00+09:00,0.2128,0.213,0.2128,0.2128,3273.0
2025-04-23 05:00:00+09:00,0.2129,0.2129,0.2123,0.2125,10634.8
2025-04-23 05:05:00+09:00,0.2125,0.2126,0.2124,0.2126,4317.0
2025-04-23 05:10:00+09:00,0.2126,0.2126,0.2121,0.2121,16925.2
2025-04-23 05:15:00+09:00,0.2122,0.2124,0.212,0.212,11182.7
2025-04-23 05:20:00+09:00,0.212,0.2122,0.212,0.2122,2437.1
2025-04-23 05:25:00+09:00,0.2123,0.2123,0.2121,0.2123,5575.2
2025-04-23 05:30:00+09:00,0.2123,0.2124,0.2122,0.2123,11297.7
2025-04-23 05:35:00+09:00,0.2122,0.2124,0.2122,0.2124,807.1
2025-04-23 05:40:00+09:00,0.2127,0.2127,0.2124,0.2126,5690.6
2025-04-23 05:45:00+09:00,0.2127,0.2127,0.2127,0.2127,3211.6
2025-04-23 05:50:00+09:00,0.2126,0.2138,0.2126,0.2135,78837.6
2025-04-23 05:55:00+09:00,0.2131,0.2132,0.2129,0.2129,3204.2
2025-04-23 06:00:00+09:00,0.2131,0.2134,0.2131,0.2132,8007.3
2025-04-23 06:05:00+09:00,0.2133,0.2137,0.2133,0.2136,6883.8
2025-04-23 06:10:00+09:00,0.2136,0.2136,0.2128,0.2128,13678.9
2025-04-23 06:15:00+09:00,0.213,0.2137,0.213,0.2136,23890.9
2025-04-23 06:20:00+09:00,0.214,0.2154,0.2139,0.2152,48905.5
2025-04-23 06:25:00+09:00,0.215,0.215,0.214,0.2143,34770.4
2025-04-23 06:30:00+09:00,0.2145,0.216,0.2145,0.2153,17662.5
2025-04-23 06:35:00+09:00,0.2149,0.2153,0.2144,0.2153,18437.6
2025-04-23 06:40:00+09:00,0.2152,0.2153,0.2147,0.2148,18511.5
2025-04-23 06:45:00+09:00,0.2149,0.2184,0.2149,0.2177,67897.0
2025-04-23 06:50:00+09:00,0.2177,0.2183,0.2163,0.2183,45569.5
2025-04-23 06:55:00+09:00,0.2184,0.2184,0.2168,0.2179,11992.3
2025-04-23 07:00:00+09:00,0.2181,0.219,0.2181,0.2184,20958.5
2025-04-23 07:05:00+09:00,0.2185,0.2186,0.2179,0.2179,14884.2
2025-04-23 07:10:00+09:00,0.2179,0.2189,0.2178,0.2189,25374.8
2025-04-23 07:15:00+09:00,0.2187,0.2191,0.2186,0.2186,16087.2
2025-04-23 07:20:00+09:00,0.2185,0.219,0.2182,0.2184,23177.2
2025-04-23 07:25:00+09:00,0.2187,0.2187,0.2177,0.2178,7590.8
2025-04-23 07:30:00+09:00,0.2178,0.2181,0.2175,0.2178,27023.0
2025-04-23 07:35:00+09:00,0.2175,0.2175,0.217,0.217,8270.9
2025-04-23 07:40:00+09:00,0.2168,0.2176,0.2168,0.2176,7935.7
2025-04-23 07:45:00+09:00,0.2176,0.2177,0.2175,0.2177,3972.6
2025-04-23 07:50:00+09:00,0.2176,0.218,0.2176,0.2179,4593.7
2025-04-23 07:55:00+09:00,0.218,0.2185,0.218,0.2184,4185.1
2025-04-23 08:00:00+09:00,0.2185,0.2196,0.2185,0.2193,11194.0
2025-04-23 08:05:00+09:00,0.2193,0.2204,0.2193,0.2197,14192.9
2025-04-23 08:10:00+09:00,0.22,0.2203,0.2197,0.2198,17356.0
2025-04-23 08:15:00+09:00,0.2196,0.2196,0.2184,0.2185,12918.6
2025-04-23 08:20:00+09:00,0.2186,0.2188,0.2179,0.218,8920.3
2025-04-23 08:25:00+09:00,0.2181,0.2192,0.2181,0.2191,19911.5
2025-04-23 08:30:00+09:00,0.2191,0.2195,0.2186,0.2192,23200.1
2025-04-23 08:35:00+09:00,0.2191,0.2196,0.2191,0.2195,7459.0
2025-04-23 08:40:00+09:00,0.2195,0.22,0.2194,0.2197,5760.5
2025-04-23 08:45:00+09:00,0.2196,0.22,0.2195,0.22,6837.3
2025-04-23 08:50:00+09:00,0.22,0.2201,0.219,0.219,24696.8
2025-04-23 08:55:00+09:00,0.219,0.2193,0.2188,0.219,15222.4
2025-04-23 09:00:00+09:00,0.2191,0.2196,0.2191,0.2195,16424.6
2025-04-23 09:05:00+09:00,0.2193,0.2194,0.2187,0.2187,12868.0
2025-04-23 09:10:00+09:00,0.2188,0.219,0.2188,0.219,2415.0
2025-04-23 09:15:00+09:00,0.2193,0.2202,0.2193,0.22,17121.3
2025-04-23 09:20:00+09:00,0.22,0.2205,0.22,0.2204,85289.8
2025-04-23 09:25:00+09:00,0.2202,0.2202,0.2195,0.22,32580.7
2025-04-23 09:30:00+09:00,0.2201,0.2202,0.2193,0.2197,12534.6
2025-04-23 09:35:00+09:00,0.2198,0.2201,0.2193,0.2196,7658.3
2025-04-23 09:40:00+09:00,0.2196,0.2196,0.2191,0.2191,13762.2
2025-04-23 09:45:00+09:00,0.2191,0.2193,0.2187,0.2193,7877.4
2025-04-23 09:50:00+09:00,0.2193,0.2193,0.2188,0.2193,19381.4
2025-04-23 09:55:00+09:00,0.2196,0.2196,0.219,0.2193,13637.4
2025-04-23 10:00:00+09:00,0.2195,0.22,0.2192,0.2199,31155.6
2025-04-23 10:05:00+09:00,0.2198,0.222,0.2198,0.2219,30412.0
2025-04-23 10:10:00+09:00,0.222,0.2228,0.2217,0.2217,32983.5
2025-04-23 10:15:00+09:00,0.2219,0.2223,0.2215,0.2215,4323.7
2025-04-23 10:20:00+09:00,0.2209,0.221,0.2208,0.2209,4253.7
2025-04-23 10:25:00+09:00,0.2208,0.2222,0.2208,0.2219,6746.0
2025-04-23 10:30:00+09:00,0.222,0.222,0.2213,0.2213,18354.2
2025-04-23 10:35:00+09:00,0.2209,0.2214,0.2207,0.2209,9159.2
2025-04-23 10:40:00+09:00,0.2209,0.2209,0.2206,0.2209,6349.5
2025-04-23 10:45:00+09:00,0.2211,0.2211,0.2202,0.2202,20935.3
2025-04-23 10:50:00+09:00,0.2203,0.2205,0.22,0.22,35055.7
2025-04-23 10:55:00+09:00,0.2201,0.2204,0.2197,0.22,35979.5
2025-04-23 11:00:00+09:00,0.2201,0.2205,0.2198,0.2205,15811.8
2025-04-23 11:05:00+09:00,0.2204,0.2213,0.2204,0.221,19579.2
2025-04-23 11:10:00+09:00,0.2211,0.2214,0.221,0.2214,6097.2
2025-04-23 11:15:00+09:00,0.2212,0.2217,0.2212,0.2217,23559.5
2025-04-23 11:20:00+09:00,0.222,0.2235,0.222,0.2232,76337.6
2025-04-23 11:25:00+09:00,0.2235,0.2236,0.222,0.2222,32169.1
2025-04-23 11:30:00+09:00,0.2221,0.2226,0.2219,0.2226,18416.7
2025-04-23 11:35:00+09:00,0.2226,0.2227,0.2222,0.2226,13724.5
2025-04-23 11:40:00+09:00,0.2225,0.2235,0.2225,0.2234,20382.6
2025-04-23 11:45:00+09:00,0.2234,0.2243,0.2234,0.2243,38862.5
2025-04-23 11:50:00+09:00,0.2241,0.2242,0.2233,0.2233,22985.3
2025-04-23 11:55:00+09:00,0.2233,0.2238,0.2233,0.2235,8724.2
2025-04-23 12:00:00+09:00,0.2235,0.2239,0.2233,0.2236,35762.7
2025-04-23 12:05:00+09:00,0.2235,0.2236,0.2229,0.2229,14195.3
2025-04-23 12:10:00+09:00,0.223,0.2235,0.223,0.2231,11732.7
2025-04-23 12:15:00+09:00,0.223,0.2236,0.2229,0.2236,2607.5
2025-04-23 12:20:00+09:00,0.2236,0.224,0.2233,0.2235,41663.9
2025-04-23 12:25:00+09:00,0.2234,0.2234,0.2231,0.2232,15145.3
2025-04-23 12:30:00+09:00,0.2232,0.2233,0.2225,0.2229,21446.8
2025-04-23 12:35:00+09:00,0.2229,0.2234,0.2228,0.2233,6658.7
2025-04-23 12:40:00+09:00,0.2234,0.2239,0.2234,0.2239,2277.3
2025-04-23 12:45:00+09:00,0.224,0.224,0.2234,0.2239,60770.5
2025-04-23 12:50:00+09:00,0.2239,0.2243,0.2238,0.2243,16070.7
2025-04-23 12:55:00+09:00,0.2243,0.2245,0.2243,0.2245,9945.7
2025-04-23 13:00:00+09:00,0.2247,0.2257,0.2247,0.2249,132744.9
2025-04-23 13:05:00+09:00,0.2249,0.2262,0.2249,0.2261,11980.4
2025-04-23 13:10:00+09:00,0.2263,0.2263,0.2255,0.2257,7379.9
2025-04-23 13:15:00+09:00,0.226,0.226,0.2251,0.2251,4704.6
2025-04-23 13:20:00+09:00,0.2251,0.2254,0.2251,0.2252,8528.7
2025-04-23 13:25:00+09:00,0.2251,0.2251,0.2245,0.2245,27173.0
2025-04-23 13:30:00+09:00,0.2244,0.2246,0.2238,0.2243,17256.3
2025-04-23 13:35:00+09:00,0.2243,0.2249,0.2243,0.2247,38625.1
2025-04-23 13:40:00+09:00,0.2249,0.2261,0.2249,0.2255,43387.1
2025-04-23 13:45:00+09:00,0.2255,0.2256,0.2251,0.2252,17256.0
2025-04-23 13:50:00+09:00,0.2253,0.2259,0.2253,0.2254,9818.5
2025-04-23 13:55:00+09:00,0.2257,0.2272,0.2256,0.2272,32105.4
2025-04-23 14:00:00+09:00,0.2272,0.2272,0.2258,0.2259,37168.4
2025-04-23 14:05:00+09:00,0.2258,0.2265,0.2258,0.2265,15780.2
2025-04-23 14:10:00+09:00,0.2266,0.2272,0.2263,0.2267,18978.5
2025-04-23 14:15:00+09:00,0.2268,0.2269,0.2244,0.2248,25222.2
2025-04-23 14:20:00+09:00,0.2247,0.2253,0.2247,0.2248,6927.5
2025-04-23 14:25:00+09:00,0.2247,0.2247,0.2242,0.2243,29597.2
2025-04-23 14:30:00+09:00,0.2242,0.225,0.2241,0.225,19375.7
2025-04-23 14:35:00+09:00,0.2249,0.2254,0.2246,0.2254,9618.4
2025-04-23 14:40:00+09:00,0.2254,0.2255,0.2251,0.2254,7338.3
2025-04-23 14:45:00+09:00,0.2254,0.2255,0.2247,0.2248,13135.7
2025-04-23 14:50:00+09:00,0.2246,0.2248,0.2244,0.2244,6045.0
2025-04-23 14:55:00+09:00,0.2244,0.2244,0.2238,0.2238,8572.5
2025-04-23 15:00:00+09:00,0.2238,0.2239,0.2233,0.2238,16997.8
2025-04-23 15:05:00+09:00,0.2239,0.2245,0.2236,0.2243,24227.0
2025-04-23 15:10:00+09:00,0.2245,0.225,0.2242,0.2249,7372.2
2025-04-23 15:15:00+09:00,0.2247,0.2248,0.2243,0.2246,8330.5
2025-04-23 15:20:00+09:00,0.2246,0.2247,0.2243,0.2244,17152.2
2025-04-23 15:25:00+09:00,0.2246,0.2246,0.2243,0.2243,11409.7
2025-04-23 15:30:00+09:00,0.2243,0.2243,0.2235,0.2243,19871.6
2025-04-23 15:35:00+09:00,0.2243,0.2243,0.2238,0.2239,1759.4
2025-04-23 15:40:00+09:00,0.224,0.2243,0.224,0.2241,20552.0
2025-04-23 15:45:00+09:00,0.2241,0.2241,0.2239,0.2239,9212.5
2025-04-23 15:50:00+09:00,0.2242,0.2242,0.2238,0.2239,4274.6
2025-04-23 15:55:00+09:00,0.2239,0.2242,0.2239,0.2241,17001.3
2025-04-23 16:00:00+09:00,0.2242,0.2243,0.2235,0.2235,40876.8
2025-04-23 16:05:00+09:00,0.2235,0.2235,0.222,0.222,14405.0
2025-04-23 16:10:00+09:00,0.2222,0.2226,0.2219,0.2221,28487.0
2025-04-23 16:15:00+09:00,0.2221,0.2221,0.2216,0.222,40796.8
2025-04-23 16:20:00+09:00,0.2222,0.2224,0.222,0.2222,14951.6
2025-04-23 16:25:00+09:00,0.2221,0.2229,0.2221,0.2229,14264.2
2025-04-23 16:30:00+09:00,0.2228,0.223,0.2225,0.2228,8774.1
2025-04-23 16:35:00+09:00,0.2228,0.2229,0.2223,0.2223,14307.2
2025-04-23 16:40:00+09:00,0.2226,0.2229,0.2226,0.2228,6221.3
2025-04-23 16:45:00+09:00,0.2228,0.2232,0.2228,0.2231,5637.3
2025-04-23 16:50:00+09:00,0.2231,0.2235,0.2231,0.2235,6678.9
2025-04-23 16:55:00+09:00,0.2235,0.2243,0.2235,0.2242,19532.8
2025-04-23 17:00:00+09:00,0.2242,0.2242,0.2236,0.2241,11992.4
2025-04-23 17:05:00+09:00,0.2239,0.2239,0.2229,0.2234,17630.9
2025-04-23 17:10:00+09:00,0.2234,0.2243,0.2234,0.2242,22593.7
2025-04-23 17:15:00+09:00,0.224,0.2241,0.2234,0.2241,12116.9
2025-04-23 17:20:00+09:00,0.2241,0.2244,0.2239,0.2239,10806.8
2025-04-23 17:25:00+09:00,0.2237,0.2237,0.2234,0.2236,3825.6
2025-04-23 17:30:00+09:00,0.2236,0.2236,0.223,0.2232,4990.7
2025-04-23 17:35:00+09:00,0.2232,0.2238,0.2232,0.2237,3648.5
2025-04-23 17:40:00+09:00,0.2238,0.2244,0.2238,0.2242,4959.2
2025-04-23 17:45:00+09:00,0.2245,0.2247,0.2243,0.2243,8549.0
2025-04-23 17:50:00+09:00,0.2243,0.2243,0.2239,0.224,10117.9
2025-04-23 17:55:00+09:00,0.224,0.2242,0.2239,0.2242,9703.8
2025-04-23 18:00:00+09:00,0.2243,0.2246,0.2243,0.2246,6662.2
2025-04-23 18:05:00+09:00,0.2245,0.2246,0.2244,0.2246,5197.5
2025-04-23 18:10:00+09:00,0.2246,0.2261,0.2246,0.2259,141076.8
2025-04-23 18:15:00+09:00,0.2258,0.2267,0.2258,0.226,31130.6
2025-04-23 18:20:00+09:00,0.2261,0.2262,0.2257,0.2257,16323.2
2025-04-23 18:25:00+09:00,0.2258,0.2258,0.2254,0.2255,12821.5
2025-04-23 18:30:00+09:00,0.2256,0.2261,0.2255,0.2258,13449.5
2025-04-23 18:35:00+09:00,0.226,0.2261,0.2257,0.2259,16233.5
2025-04-23 18:40:00+09:00,0.2259,0.226,0.2257,0.2257,31529.6
2025-04-23 18:45:00+09:00,0.2258,0.226,0.2258,0.2259,9906.0
2025-04-23 18:50:00+09:00,0.226,0.2269,0.226,0.2264,77065.2
2025-04-23 18:55:00+09:00,0.2264,0.2264,0.2249,0.2249,26753.1
2025-04-23 19:00:00+09:00,0.2251,0.2252,0.2241,0.2241,44480.4
2025-04-23 19:05:00+09:00,0.224,0.2241,0.2227,0.223,30544.4
2025-04-23 19:10:00+09:00,0.2231,0.2234,0.223,0.2233,6665.7
2025-04-23 19:15:00+09:00,0.2231,0.224,0.223,0.224,13347.4
2025-04-23 19:20:00+09:00,0.2239,0.2247,0.2237,0.2245,17209.2
2025-04-23 19:25:00+09:00,0.2244,0.2247,0.2242,0.2245,8704.5
2025-04-23 19:30:00+09:00,0.2249,0.2252,0.2246,0.2247,12885.0
2025-04-23 19:35:00+09:00,0.2246,0.225,0.2245,0.225,8973.1
2025-04-23 19:40:00+09:00,0.2251,0.2257,0.225,0.2255,2387.9
2025-04-23 19:45:00+09:00,0.2255,0.2258,0.2254,0.2257,9863.5
2025-04-23 19:50:00+09:00,0.2257,0.226,0.2253,0.2256,29684.1
2025-04-23 19:55:00+09:00,0.2256,0.2265,0.2256,0.2262,25086.6
2025-04-23 20:00:00+09:00,0.2262,0.2265,0.2261,0.2263,12075.8
2025-04-23 20:05:00+09:00,0.2264,0.2268,0.2262,0.2266,18534.0
2025-04-23 20:10:00+09:00,0.2267,0.2274,0.2267,0.2271,39678.9
2025-04-23 20:15:00+09:00,0.227,0.2278,0.227,0.2274,4113.2
2025-04-23 20:20:00+09:00,0.2274,0.2283,0.2274,0.2281,19191.4
2025-04-23 20:25:00+09:00,0.2281,0.2281,0.2277,0.2277,2524.4
2025-04-23 20:30:00+09:00,0.2276,0.2278,0.2271,0.2276,8377.8
2025-04-23 20:35:00+09:00,0.2274,0.2278,0.2274,0.2276,15535.8
2025-04-23 20:40:00+09:00,0.2275,0.2278,0.2263,0.2263,10410.8
2025-04-23 20:45:00+09:00,0.2263,0.2267,0.2261,0.2262,24796.8
2025-04-23 20:50:00+09:00,0.2261,0.2261,0.2253,0.2254,23698.4
2025-04-23 20:55:00+09:00,0.2255,0.2258,0.2252,0.2258,6404.6
2025-04-23 21:00:00+09:00,0.2258,0.2264,0.2255,0.2263,12728.3
2025-04-23 21:05:00+09:00,0.2263,0.2274,0.2263,0.2274,57377.1
2025-04-23 21:10:00+09:00,0.2278,0.2295,0.2278,0.229,46412.8
2025-04-23 21:15:00+09:00,0.2287,0.2291,0.2284,0.2286,8018.0
2025-04-23 21:20:00+09:00,0.2285,0.2285,0.2276,0.2276,5039.1
2025-04-23 21:25:00+09:00,0.2276,0.2284,0.2276,0.2278,18277.5
2025-04-23 21:30:00+09:00,0.2278,0.2282,0.2278,0.2282,4387.7
2025-04-23 21:35:00+09:00,0.2282,0.2283,0.2279,0.2281,15056.6
2025-04-23 21:40:00+09:00,0.2283,0.2288,0.2283,0.2285,9382.8
2025-04-23 21:45:00+09:00,0.2285,0.2288,0.2284,0.2286,10079.6
2025-04-23 21:50:00+09:00,0.2287,0.2294,0.2287,0.229,13116.0
2025-04-23 21:55:00+09:00,0.229,0.2293,0.229,0.2293,5461.7
2025-04-23 22:00:00+09:00,0.2294,0.2294,0.228,0.228,18189.6
2025-04-23 22:05:00+09:00,0.228,0.2288,0.228,0.2285,33570.5
2025-04-23 22:10:00+09:00,0.2287,0.2296,0.2287,0.2294,20303.4
2025-04-23 22:15:00+09:00,0.2295,0.2297,0.2292,0.2297,33167.3
2025-04-23 22:20:00+09:00,0.2298,0.2299,0.2292,0.2292,21178.6
2025-04-23 22:25:00+09:00,0.2293,0.2293,0.2285,0.2288,2048.8
2025-04-23 22:30:00+09:00,0.2289,0.2297,0.2289,0.2293,22366.8
2025-04-23 22:35:00+09:00,0.229,0.2321,0.2259,0.2259,550293.2
2025-04-23 22:40:00+09:00,0.2259,0.2271,0.2258,0.2259,55547.0
2025-04-23 22:45:00+09:00,0.2259,0.2283,0.2259,0.228,25988.8
2025-04-23 22:50:00+09:00,0.2278,0.2284,0.2268,0.2268,54769.2
2025-04-23 22:55:00+09:00,0.2262,0.2262,0.2243,0.2246,26666.3
2025-04-23 23:00:00+09:00,0.2248,0.2272,0.2246,0.2271,59795.1
2025-04-23 23:05:00+09:00,0.227,0.2274,0.2267,0.2272,13248.7
2025-04-23 23:10:00+09:00,0.2274,0.2289,0.2273,0.2277,73262.0
2025-04-23 23:15:00+09:00,0.2277,0.2278,0.225,0.2251,18569.0
2025-04-23 23:20:00+09:00,0.225,0.227,0.2244,0.2268,50947.7
2025-04-23 23:25:00+09:00,0.2269,0.2277,0.2268,0.2269,16005.8
2025-04-23 23:30:00+09:00,0.2269,0.2269,0.2258,0.2261,11435.3
2025-04-23 23:35:00+09:00,0.2262,0.2269,0.2258,0.2264,18174.1
2025-04-23 23:40:00+09:00,0.2263,0.2267,0.226,0.2267,78185.4
2025-04-23 23:45:00+09:00,0.2266,0.2266,0.225,0.2257,40869.5
2025-04-23 23:50:00+09:00,0.2255,0.2255,0.2242,0.2245,8084.9
2025-04-23 23:55:00+09:00,0.2247,0.2254,0.2247,0.2248,29917.1
2025-04-24 00:00:00+09:00,0.225,0.2253,0.2234,0.2245,192423.3
2025-04-24 00:05:00+09:00,0.2246,0.2252,0.2239,0.2246,43610.1
2025-04-24 00:10:00+09:00,0.2247,0.2251,0.2237,0.2237,52397.1
2025-04-24 00:15:00+09:00,0.224,0.224,0.2218,0.222,85384.6
2025-04-24 00:20:00+09:00,0.2218,0.2225,0.2208,0.2213,63816.9
2025-04-24 00:25:00+09:00,0.2214,0.2215,0.2192,0.22,73119.8
2025-04-24 00:30:00+09:00,0.2201,0.2215,0.2198,0.2212,185229.0
2025-04-24 00:35:00+09:00,0.2211,0.2231,0.2211,0.2229,13109.4
2025-04-24 00:40:00+09:00,0.2229,0.2232,0.2219,0.2219,24356.2
2025-04-24 00:45:00+09:00,0.2221,0.2225,0.2213,0.2214,26176.4
2025-04-24 00:50:00+09:00,0.2213,0.2225,0.2213,0.2225,12592.4
2025-04-24 00:55:00+09:00,0.2224,0.2235,0.2224,0.2235,8293.0
2025-04-24 01:00:00+09:00,0.2233,0.2234,0.2226,0.2229,34861.8
2025-04-24 01:05:00+09:00,0.223,0.2236,0.2225,0.223,14085.4
2025-04-24 01:10:00+09:00,0.223,0.2235,0.2228,0.223,21626.7
2025-04-24 01:15:00+09:00,0.2229,0.2229,0.2217,0.2218,22746.8
2025-04-24 01:20:00+09:00,0.2216,0.2218,0.2202,0.2203,56868.0
2025-04-24 01:25:00+09:00,0.2203,0.2218,0.2203,0.2216,22552.2
2025-04-24 01:30:00+09:00,0.2217,0.2217,0.2211,0.2213,13403.9
2025-04-24 01:35:00+09:00,0.2214,0.224,0.2214,0.224,48797.4
2025-04-24 01:40:00+09:00,0.2242,0.2242,0.2239,0.2241,2108.1
2025-04-24 01:45:00+09:00,0.224,0.2244,0.2239,0.224,7083.2
2025-04-24 01:50:00+09:00,0.2241,0.2249,0.2241,0.2249,11409.9
2025-04-24 01:55:00+09:00,0.225,0.2256,0.2249,0.2253,3975.9
2025-04-24 02:00:00+09:00,0.2251,0.2261,0.2247,0.2259,51955.1
2025-04-24 02:05:00+09:00,0.2258,0.2273,0.2258,0.2267,58146.1
2025-04-24 02:10:00+09:00,0.2265,0.227,0.2264,0.2265,13698.2
2025-04-24 02:15:00+09:00,0.2264,0.2264,0.2254,0.2258,33403.8
2025-04-24 02:20:00+09:00,0.2259,0.2261,0.2257,0.2259,8728.7
2025-04-24 02:25:00+09:00,0.2258,0.2258,0.2249,0.2249,11984.0
2025-04-24 02:30:00+09:00,0.2249,0.225,0.2245,0.2245,4052.7
2025-04-24 02:35:00+09:00,0.2245,0.2245,0.2234,0.2244,20270.0
2025-04-24 02:40:00+09:00,0.2245,0.2248,0.224,0.2248,8901.1
2025-04-24 02:45:00+09:00,0.2246,0.2246,0.2238,0.2238,9893.2
2025-04-24 02:50:00+09:00,0.2238,0.2252,0.2238,0.2252,9678.4
2025-04-24 02:55:00+09:00,0.2255,0.2256,0.2253,0.2255,7827.3
2025-04-24 03:00:00+09:00,0.2255,0.2257,0.225,0.2254,14127.1
2025-04-24 03:05:00+09:00,0.2254,0.2262,0.2254,0.2262,26441.3
2025-04-24 03:10:00+09:00,0.2261,0.2271,0.2261,0.2263,15346.0
2025-04-24 03:15:00+09:00,0.2264,0.227,0.2264,0.227,2894.7
2025-04-24 03:20:00+09:00,0.2268,0.227,0.2262,0.2263,12752.1
2025-04-24 03:25:00+09:00,0.2262,0.2262,0.2256,0.2256,7721.7
2025-04-24 03:30:00+09:00,0.2254,0.2256,0.225,0.2253,15986.3
2025-04-24 03:35:00+09:00,0.2254,0.2254,0.2248,0.225,6590.0
2025-04-24 03:40:00+09:00,0.2249,0.2249,0.2247,0.2247,3011.7
2025-04-24 03:45:00+09:00,0.2245,0.225,0.2245,0.2249,4135.5
2025-04-24 03:50:00+09:00,0.225,0.225,0.2247,0.2247,2746.2
2025-04-24 03:55:00+09:00,0.2249,0.2249,0.2244,0.2247,12729.0
2025-04-24 04:00:00+09:00,0.2245,0.2246,0.2233,0.2233,8252.5
2025-04-24 04:05:00+09:00,0.2233,0.2237,0.2233,0.2237,6760.0
2025-04-24 04:10:00+09:00,0.2237,0.2237,0.2225,0.2226,17627.0
2025-04-24 04:15:00+09:00,0.2225,0.223,0.2225,0.2226,12423.8
2025-04-24 04:20:00+09:00,0.2227,0.2229,0.2221,0.2223,17190.6
2025-04-24 04:25:00+09:00,0.2222,0.2222,0.2214,0.2217,10275.7
2025-04-24 04:30:00+09:00,0.2217,0.2226,0.2217,0.2224,7048.4
2025-04-24 04:35:00+09:00,0.2224,0.2225,0.2222,0.2225,5122.4
2025-04-24 04:40:00+09:00,0.2226,0.223,0.2226,0.223,8574.2
2025-04-24 04:45:00+09:00,0.223,0.223,0.2219,0.2223,28554.5
2025-04-24 04:50:00+09:00,0.2223,0.2225,0.2214,0.2225,25570.7
2025-04-24 04:55:00+09:00,0.2224,0.2226,0.2223,0.2224,5833.8
2025-04-24 05:00:00+09:00,0.2224,0.2229,0.2224,0.2224,13041.1
2025-04-24 05:05:00+09:00,0.2222,0.2227,0.2222,0.2223,15377.0
2025-04-24 05:10:00+09:00,0.2224,0.2226,0.2223,0.2223,5670.8
2025-04-24 05:15:00+09:00,0.2225,0.2233,0.2225,0.2233,4102.2
2025-04-24 05:20:00+09:00,0.2235,0.2239,0.2234,0.2234,8065.8
2025-04-24 05:25:00+09:00,0.2234,0.2237,0.2234,0.2234,19336.7
2025-04-24 05:30:00+09:00,0.2233,0.2237,0.2233,0.2234,7795.2
2025-04-24 05:35:00+09:00,0.2236,0.2236,0.2228,0.2228,10008.1
2025-04-24 05:40:00+09:00,0.2231,0.2231,0.2225,0.2225,1005.8
2025-04-24 05:45:00+09:00,0.2226,0.2228,0.222,0.222,5220.7
2025-04-24 05:50:00+09:00,0.2221,0.2225,0.2221,0.2225,7137.3
2025-04-24 05:55:00+09:00,0.2223,0.2224,0.2221,0.2221,6580.1
2025-04-24 06:00:00+09:00,0.2221,0.2225,0.2221,0.2223,13583.6
2025-04-24 06:05:00+09:00,0.2222,0.2228,0.2222,0.2222,15066.3
2025-04-24 06:10:00+09:00,0.2221,0.2227,0.2219,0.2224,10196.8
2025-04-24 06:15:00+09:00,0.2224,0.2227,0.2224,0.2226,3987.7
2025-04-24 06:20:00+09:00,0.2226,0.2227,0.2226,0.2227,673.4
2025-04-24 06:25:00+09:00,0.2228,0.2228,0.2228,0.2228,56.1
2025-04-24 06:30:00+09:00,0.2228,0.2228,0.2224,0.2224,2519.4
2025-04-24 06:35:00+09:00,0.2222,0.2223,0.2222,0.2223,1263.8
2025-04-24 06:40:00+09:00,0.2223,0.2223,0.2219,0.222,3856.9
2025-04-24 06:45:00+09:00,0.222,0.222,0.222,0.222,200.0
2025-04-24 06:50:00+09:00,0.222,0.2222,0.2219,0.2222,2626.5
2025-04-24 06:55:00+09:00,0.2222,0.2222,0.2217,0.2221,19529.4
2025-04-24 07:00:00+09:00,0.2223,0.2232,0.2223,0.2228,17144.2
2025-04-24 07:05:00+09:00,0.2229,0.2233,0.2229,0.2233,2956.6
2025-04-24 07:10:00+09:00,0.2233,0.2234,0.2227,0.223,8107.2
2025-04-24 07:15:00+09:00,0.223,0.2234,0.2229,0.2234,9187.0
2025-04-24 07:20:00+09:00,0.2234,0.2234,0.2231,0.2234,4103.2
2025-04-24 07:25:00+09:00,0.2235,0.2236,0.2235,0.2235,711.1
2025-04-24 07:30:00+09:00,0.2236,0.2243,0.2236,0.2242,5985.9
2025-04-24 07:35:00+09:00,0.2243,0.2244,0.2242,0.2242,2975.8
2025-04-24 07:40:00+09:00,0.2244,0.225,0.2244,0.225,3899.3
2025-04-24 07:45:00+09:00,0.225,0.225,0.2247,0.2248,8956.3
2025-04-24 07:50:00+09:00,0.2247,0.2247,0.2247,0.2247,630.9
2025-04-24 07:55:00+09:00,0.2248,0.2248,0.2248,0.2248,26.7
2025-04-24 08:00:00+09:00,0.2248,0.2248,0.2246,0.2246,5134.0
2025-04-24 08:05:00+09:00,0.2247,0.225,0.2247,0.225,4091.3
2025-04-24 08:10:00+09:00,0.225,0.2257,0.225,0.2257,14947.2
2025-04-24 08:15:00+09:00,0.2257,0.2257,0.2251,0.2253,9053.3
2025-04-24 08:20:00+09:00,0.2253,0.2256,0.2253,0.2253,8874.8
2025-04-24 08:25:00+09:00,0.2251,0.2251,0.2249,0.2249,1418.6
2025-04-24 08:30:00+09:00,0.2248,0.2251,0.2247,0.2248,13185.7
2025-04-24 08:35:00+09:00,0.2248,0.2248,0.2248,0.2248,0.0
2025-04-24 08:40:00+09:00,0.2247,0.2248,0.224,0.2245,34420.9
2025-04-24 08:45:00+09:00,0.2244,0.2245,0.2243,0.2243,1846.4
2025-04-24 08:50:00+09:00,0.2243,0.2244,0.2243,0.2244,909.1
2025-04-24 08:55:00+09:00,0.2244,0.2244,0.2244,0.2244,0.0
2025-04-24 09:00:00+09:00,0.2247,0.2251,0.2247,0.2247,16005.3
2025-04-24 09:05:00+09:00,0.2245,0.2247,0.2241,0.2247,16687.8
2025-04-24 09:10:00+09:00,0.2247,0.2247,0.2244,0.2244,6893.3
2025-04-24 09:15:00+09:00,0.2243,0.2245,0.2243,0.2245,4004.1
2025-04-24 09:20:00+09:00,0.2245,0.2248,0.2232,0.2232,20501.8
2025-04-24 09:25:00+09:00,0.2233,0.2233,0.2225,0.2225,41697.5
2025-04-24 09:30:00+09:00,0.2224,0.2228,0.2218,0.2223,33290.0
2025-04-24 09:35:00+09:00,0.2226,0.2235,0.2225,0.2234,10460.9
2025-04-24 09:40:00+09:00,0.2237,0.2244,0.2237,0.2241,3521.5
2025-04-24 09:45:00+09:00,0.2241,0.2241,0.2229,0.2229,16487.5
2025-04-24 09:50:00+09:00,0.2231,0.2235,0.2227,0.2235,9196.4
2025-04-24 09:55:00+09:00,0.2232,0.2234,0.223,0.223,8593.6
2025-04-24 10:00:00+09:00,0.2231,0.2236,0.2228,0.2231,29620.8
2025-04-24 10:05:00+09:00,0.2232,0.2235,0.2229,0.2231,17399.4
2025-04-24 10:10:00+09:00,0.2233,0.2233,0.2218,0.2221,56379.5
2025-04-24 10:15:00+09:00,0.2223,0.2224,0.2215,0.2218,14583.4
2025-04-24 10:20:00+09:00,0.2219,0.2226,0.2213,0.2226,33670.0
2025-04-24 10:25:00+09:00,0.2223,0.2228,0.2222,0.2225,10923.3
2025-04-24 10:30:00+09:00,0.2227,0.2229,0.2226,0.2229,8671.2
2025-04-24 10:35:00+09:00,0.2232,0.2239,0.2232,0.2235,10012.7
2025-04-24 10:40:00+09:00,0.2235,0.224,0.2235,0.224,8042.6
2025-04-24 10:45:00+09:00,0.2238,0.2239,0.2234,0.2239,16785.3
2025-04-24 10:50:00+09:00,0.224,0.224,0.2233,0.2234,61088.3
2025-04-24 10:55:00+09:00,0.2231,0.2234,0.2231,0.2231,14350.5
2025-04-24 11:00:00+09:00,0.2231,0.2232,0.2228,0.2232,18209.9
2025-04-24 11:05:00+09:00,0.2233,0.2237,0.223,0.2236,17208.7
2025-04-24 11:10:00+09:00,0.2237,0.2241,0.2237,0.2239,8982.9
2025-04-24 11:15:00+09:00,0.2238,0.224,0.2232,0.2235,16261.8
2025-04-24 11:20:00+09:00,0.2235,0.2237,0.2235,0.2235,1977.1
2025-04-24 11:25:00+09:00,0.2236,0.2239,0.2236,0.2238,6770.9
2025-04-24 11:30:00+09:00,0.2237,0.2237,0.2234,0.2235,22844.2
2025-04-24 11:35:00+09:00,0.2234,0.2235,0.2231,0.2233,12465.6
2025-04-24 11:40:00+09:00,0.2232,0.2232,0.2224,0.2224,21987.0
2025-04-24 11:45:00+09:00,0.2225,0.2225,0.221,0.221,39475.2
2025-04-24 11:50:00+09:00,0.2212,0.2216,0.221,0.2211,47641.1
2025-04-24 11:55:00+09:00,0.2208,0.2208,0.2203,0.2203,9219.3
2025-04-24 12:00:00+09:00,0.2202,0.2206,0.2192,0.2197,31774.9
2025-04-24 12:05:00+09:00,0.2199,0.2212,0.2199,0.2209,33231.3
2025-04-24 12:10:00+09:00,0.221,0.221,0.2204,0.2204,14176.5
2025-04-24 12:15:00+09:00,0.2206,0.221,0.2206,0.2209,17759.1
2025-04-24 12:20:00+09:00,0.2212,0.2213,0.221,0.2212,12606.3
2025-04-24 12:25:00+09:00,0.2213,0.2219,0.2213,0.2218,7323.9
2025-04-24 12:30:00+09:00,0.2217,0.2218,0.2199,0.22,70549.3
2025-04-24 12:35:00+09:00,0.2198,0.22,0.2192,0.2193,37569.9
2025-04-24 12:40:00+09:00,0.2195,0.2199,0.2192,0.2193,44662.1
2025-04-24 12:45:00+09:00,0.2193,0.2199,0.2192,0.2194,39545.8
2025-04-24 12:50:00+09:00,0.2193,0.2193,0.2186,0.2188,23559.1
2025-04-24 12:55:00+09:00,0.2189,0.2191,0.2184,0.2186,24424.9
2025-04-24 13:00:00+09:00,0.2184,0.2191,0.2181,0.2191,19727.8
2025-04-24 13:05:00+09:00,0.2195,0.2195,0.2185,0.2188,38507.2
2025-04-24 13:10:00+09:00,0.2188,0.22,0.2183,0.22,15910.5
2025-04-24 13:15:00+09:00,0.2198,0.2198,0.219,0.2195,33924.4
2025-04-24 13:20:00+09:00,0.2195,0.2199,0.2193,0.2193,21077.8
2025-04-24 13:25:00+09:00,0.2192,0.2195,0.2187,0.2187,9699.0
2025-04-24 13:30:00+09:00,0.2186,0.2189,0.2182,0.2186,18668.7
2025-04-24 13:35:00+09:00,0.2184,0.2186,0.2177,0.2177,12174.9
2025-04-24 13:40:00+09:00,0.2174,0.2182,0.2174,0.2182,9631.2
2025-04-24 13:45:00+09:00,0.2181,0.2186,0.2181,0.2184,9081.2
2025-04-24 13:50:00+09:00,0.2184,0.2189,0.2184,0.2189,9894.8
2025-04-24 13:55:00+09:00,0.2188,0.2194,0.2188,0.2194,1206.0
2025-04-24 14:00:00+09:00,0.2195,0.22,0.2195,0.22,5902.6
2025-04-24 14:05:00+09:00,0.2199,0.2204,0.2198,0.2202,18054.6
2025-04-24 14:10:00+09:00,0.2202,0.2204,0.22,0.2203,14823.9
2025-04-24 14:15:00+09:00,0.2205,0.2205,0.2197,0.2197,40622.9
2025-04-24 14:20:00+09:00,0.2196,0.2197,0.2192,0.2193,13080.1
2025-04-24 14:25:00+09:00,0.2193,0.2195,0.219,0.2195,8319.4
2025-04-24 14:30:00+09:00,0.2194,0.2198,0.2194,0.2196,11168.5
2025-04-24 14:35:00+09:00,0.2196,0.22,0.2196,0.2198,8944.6
2025-04-24 14:40:00+09:00,0.2198,0.2205,0.2198,0.2205,23922.3
2025-04-24 14:45:00+09:00,0.2204,0.2214,0.2204,0.2214,13708.9
2025-04-24 14:50:00+09:00,0.2213,0.2216,0.2211,0.2213,36197.6
2025-04-24 14:55:00+09:00,0.2212,0.2212,0.2206,0.2207,8959.1
2025-04-24 15:00:00+09:00,0.2208,0.2212,0.2206,0.2209,27519.2
2025-04-24 15:05:00+09:00,0.221,0.221,0.2201,0.2202,26605.7
2025-04-24 15:10:00+09:00,0.22,0.2211,0.2196,0.2211,78976.3
2025-04-24 15:15:00+09:00,0.2208,0.2209,0.2194,0.22,46043.9
2025-04-24 15:20:00+09:00,0.2201,0.2215,0.22,0.2213,32642.3
2025-04-24 15:25:00+09:00,0.2214,0.2216,0.2214,0.2215,4913.7
2025-04-24 15:30:00+09:00,0.2214,0.2215,0.2206,0.2208,24296.8
2025-04-24 15:35:00+09:00,0.2209,0.2214,0.2208,0.221,26280.3
2025-04-24 15:40:00+09:00,0.221,0.2212,0.2208,0.2209,23158.0
2025-04-24 15:45:00+09:00,0.221,0.2215,0.221,0.2213,21520.4
2025-04-24 15:50:00+09:00,0.2213,0.2213,0.2205,0.2205,19049.7
2025-04-24 15:55:00+09:00,0.2204,0.2204,0.22,0.2202,10690.2
2025-04-24 16:00:00+09:00,0.2202,0.2211,0.2201,0.2211,37091.5
2025-04-24 16:05:00+09:00,0.221,0.221,0.2199,0.2206,51059.6
2025-04-24 16:10:00+09:00,0.2208,0.2215,0.2208,0.2215,57625.4
2025-04-24 16:15:00+09:00,0.2216,0.2217,0.2207,0.2211,24167.8
2025-04-24 16:20:00+09:00,0.2212,0.2212,0.2204,0.2205,15765.1
2025-04-24 16:25:00+09:00,0.2204,0.2206,0.2198,0.2201,24331.3
2025-04-24 16:30:00+09:00,0.2201,0.2204,0.2197,0.2203,15801.5
2025-04-24 16:35:00+09:00,0.2202,0.2202,0.2188,0.2188,21066.7
2025-04-24 16:40:00+09:00,0.2188,0.219,0.2181,0.2185,26627.0
2025-04-24 16:45:00+09:00,0.2184,0.2184,0.2178,0.2179,50009.4
2025-04-24 16:50:00+09:00,0.2179,0.2183,0.2176,0.2178,10673.6
2025-04-24 16:55:00+09:00,0.2179,0.2179,0.2175,0.2177,12359.7
2025-04-24 17:00:00+09:00,0.2179,0.2185,0.2179,0.2185,7627.2
2025-04-24 17:05:00+09:00,0.2183,0.2184,0.2173,0.2173,12706.5
2025-04-24 17:10:00+09:00,0.2176,0.2176,0.2168,0.2169,13072.5
2025-04-24 17:15:00+09:00,0.2167,0.2175,0.2162,0.2162,36850.2
2025-04-24 17:20:00+09:00,0.2162,0.2167,0.2161,0.2161,21708.2
2025-04-24 17:25:00+09:00,0.2163,0.2166,0.2152,0.2154,58810.4
2025-04-24 17:30:00+09:00,0.2154,0.2158,0.2146,0.2154,66276.8
2025-04-24 17:35:00+09:00,0.2153,0.2156,0.2142,0.2153,23848.5
2025-04-24 17:40:00+09:00,0.2152,0.2152,0.2148,0.215,20339.0
2025-04-24 17:45:00+09:00,0.2149,0.2154,0.213,0.2134,95914.5
2025-04-24 17:50:00+09:00,0.2133,0.2134,0.2114,0.2119,290126.1
2025-04-24 17:55:00+09:00,0.2122,0.2126,0.2104,0.2104,301638.5
2025-04-24 18:00:00+09:00,0.2104,0.2107,0.2083,0.2093,297179.1
2025-04-24 18:05:00+09:00,0.21,0.2112,0.2096,0.2112,59678.9
2025-04-24 18:10:00+09:00,0.2114,0.2126,0.2114,0.2121,35711.3
2025-04-24 18:15:00+09:00,0.2122,0.2131,0.2122,0.2127,14725.7
2025-04-24 18:20:00+09:00,0.2126,0.2127,0.2119,0.2126,23939.4
2025-04-24 18:25:00+09:00,0.2126,0.2128,0.2121,0.2123,6233.5
2025-04-24 18:30:00+09:00,0.2122,0.2124,0.2117,0.2118,22744.0
2025-04-24 18:35:00+09:00,0.2119,0.2119,0.2093,0.2095,192990.7
2025-04-24 18:40:00+09:00,0.2096,0.2111,0.2096,0.211,33629.0
2025-04-24 18:45:00+09:00,0.2109,0.2119,0.2105,0.2117,18301.3
2025-04-24 18:50:00+09:00,0.2119,0.212,0.2113,0.2116,10612.1
2025-04-24 18:55:00+09:00,0.2117,0.2123,0.2116,0.2117,34586.2
2025-04-24 19:00:00+09:00,0.2115,0.2119,0.2112,0.2112,24850.8
2025-04-24 19:05:00+09:00,0.2111,0.2111,0.2108,0.2111,6188.1
2025-04-24 19:10:00+09:00,0.2112,0.2115,0.2111,0.2115,9649.6
2025-04-24 19:15:00+09:00,0.2115,0.2115,0.2098,0.2099,142135.6
2025-04-24 19:20:00+09:00,0.21,0.2117,0.21,0.2117,80764.6
2025-04-24 19:25:00+09:00,0.2115,0.2116,0.2113,0.2115,11213.1
2025-04-24 19:30:00+09:00,0.2115,0.2121,0.2114,0.2114,12975.7
2025-04-24 19:35:00+09:00,0.2113,0.2117,0.2112,0.2117,10276.7
2025-04-24 19:40:00+09:00,0.2117,0.2117,0.2112,0.2114,12663.6
2025-04-24 19:45:00+09:00,0.2114,0.2115,0.2109,0.2109,19470.7
2025-04-24 19:50:00+09:00,0.2108,0.2116,0.2108,0.2116,19406.2
2025-04-24 19:55:00+09:00,0.2117,0.2117,0.2113,0.2114,22384.5
2025-04-24 20:00:00+09:00,0.2114,0.2119,0.2114,0.2119,19012.1
2025-04-24 20:05:00+09:00,0.2118,0.2118,0.2113,0.2116,13685.2
2025-04-24 20:10:00+09:00,0.2116,0.2117,0.2114,0.2117,13519.8
2025-04-24 20:15:00+09:00,0.2116,0.2116,0.2112,0.2112,11063.3
2025-04-24 20:20:00+09:00,0.2112,0.2117,0.2112,0.2116,2615.4
2025-04-24 20:25:00+09:00,0.2117,0.212,0.2117,0.2118,5209.4
2025-04-24 20:30:00+09:00,0.2118,0.2118,0.2113,0.2114,3455.6
2025-04-24 20:35:00+09:00,0.2112,0.212,0.2112,0.2115,36982.2
2025-04-24 20:40:00+09:00,0.2112,0.212,0.2112,0.212,12118.4
2025-04-24 20:45:00+09:00,0.2119,0.212,0.2118,0.2119,16641.2
2025-04-24 20:50:00+09:00,0.2123,0.2125,0.2123,0.2124,3006.3
2025-04-24 20:55:00+09:00,0.2127,0.2129,0.2125,0.2126,16511.1
2025-04-24 21:00:00+09:00,0.2124,0.2124,0.2113,0.2113,23182.7
2025-04-24 21:05:00+09:00,0.2116,0.2116,0.2107,0.211,24916.5
2025-04-24 21:10:00+09:00,0.211,0.2119,0.2108,0.2119,23524.7
2025-04-24 21:15:00+09:00,0.2119,0.2131,0.2119,0.2127,96081.4
2025-04-24 21:20:00+09:00,0.2131,0.2133,0.2125,0.2125,24987.8
2025-04-24 21:25:00+09:00,0.2122,0.2127,0.212,0.2124,18151.0
2025-04-24 21:30:00+09:00,0.2125,0.213,0.2121,0.213,20397.3
2025-04-24 21:35:00+09:00,0.213,0.2134,0.2129,0.2132,16357.0
2025-04-24 21:40:00+09:00,0.2132,0.2136,0.213,0.2135,28741.7
2025-04-24 21:45:00+09:00,0.2135,0.2135,0.2128,0.2132,43376.6
2025-04-24 21:50:00+09:00,0.2132,0.2137,0.2131,0.2137,6375.3
2025-04-24 21:55:00+09:00,0.2138,0.2138,0.2137,0.2138,3007.8
2025-04-24 22:00:00+09:00,0.214,0.214,0.2134,0.2134,31821.0
2025-04-24 22:05:00+09:00,0.2132,0.2137,0.2132,0.2134,11131.7
2025-04-24 22:10:00+09:00,0.213,0.2133,0.2112,0.2121,357602.3
2025-04-24 22:15:00+09:00,0.2121,0.2124,0.2121,0.2123,9670.2
2025-04-24 22:20:00+09:00,0.2123,0.2127,0.2123,0.2125,6685.6
2025-04-24 22:25:00+09:00,0.2125,0.2125,0.2124,0.2125,7492.8
2025-04-24 22:30:00+09:00,0.2126,0.2141,0.2126,0.2141,74465.7
2025-04-24 22:35:00+09:00,0.214,0.2147,0.2138,0.2145,37475.6
2025-04-24 22:40:00+09:00,0.2146,0.2147,0.2133,0.2143,178580.2
2025-04-24 22:45:00+09:00,0.2142,0.2142,0.2129,0.2129,53371.9
2025-04-24 22:50:00+09:00,0.213,0.2133,0.2128,0.2132,15149.6
2025-04-24 22:55:00+09:00,0.2131,0.2131,0.2125,0.2129,28649.4
2025-04-24 23:00:00+09:00,0.2128,0.2151,0.2128,0.2148,43779.5
2025-04-24 23:05:00+09:00,0.2148,0.2161,0.2146,0.2161,46985.3
2025-04-24 23:10:00+09:00,0.2161,0.2161,0.2141,0.2143,66558.0
2025-04-24 23:15:00+09:00,0.2144,0.2149,0.2136,0.2136,91973.5
2025-04-24 23:20:00+09:00,0.2135,0.2136,0.213,0.2134,36918.9
2025-04-24 23:25:00+09:00,0.2134,0.2137,0.2128,0.2137,9665.4
2025-04-24 23:30:00+09:00,0.2136,0.2143,0.2136,0.2143,43239.6
2025-04-24 23:35:00+09:00,0.2145,0.2156,0.2145,0.2152,24685.8
2025-04-24 23:40:00+09:00,0.2152,0.2155,0.2151,0.2154,33981.5
2025-04-24 23:45:00+09:00,0.2152,0.2153,0.2146,0.2153,43019.3
2025-04-24 23:50:00+09:00,0.2155,0.2161,0.2154,0.2156,37644.9
2025-04-24 23:55:00+09:00,0.2156,0.2157,0.2148,0.2148,8495.5
2025-04-25 00:00:00+09:00,0.2148,0.2148,0.214,0.2146,16490.3
2025-04-25 00:05:00+09:00,0.2145,0.216,0.2145,0.2157,28707.0
2025-04-25 00:10:00+09:00,0.2159,0.2161,0.2154,0.2154,37523.8
2025-04-25 00:15:00+09:00,0.2156,0.216,0.2147,0.2149,19606.8
2025-04-25 00:20:00+09:00,0.2149,0.2156,0.2147,0.215,34299.5
2025-04-25 00:25:00+09:00,0.2151,0.2157,0.215,0.215,4868.3
2025-04-25 00:30:00+09:00,0.2149,0.2154,0.2144,0.2154,15265.7
2025-04-25 00:35:00+09:00,0.2153,0.2157,0.2153,0.2156,6018.8
2025-04-25 00:40:00+09:00,0.2156,0.2158,0.2142,0.2146,19615.4
2025-04-25 00:45:00+09:00,0.2145,0.2147,0.2138,0.2139,41617.8
2025-04-25 00:50:00+09:00,0.2138,0.2141,0.2131,0.2139,12290.4
2025-04-25 00:55:00+09:00,0.214,0.214,0.2133,0.2137,24448.8
2025-04-25 01:00:00+09:00,0.2138,0.2142,0.2135,0.2141,19782.9
2025-04-25 01:05:00+09:00,0.214,0.214,0.2134,0.2139,27346.3
2025-04-25 01:10:00+09:00,0.2142,0.2142,0.2136,0.214,11719.0
2025-04-25 01:15:00+09:00,0.2141,0.2149,0.2141,0.2148,13819.7
2025-04-25 01:20:00+09:00,0.215,0.215,0.2141,0.2141,34883.2
2025-04-25 01:25:00+09:00,0.2139,0.2164,0.2139,0.2164,149564.1
2025-04-25 01:30:00+09:00,0.2162,0.217,0.2162,0.217,37242.9
2025-04-25 01:35:00+09:00,0.217,0.2172,0.2163,0.2167,31737.3
2025-04-25 01:40:00+09:00,0.2164,0.2164,0.2157,0.2157,8995.9
2025-04-25 01:45:00+09:00,0.2156,0.2161,0.2156,0.2158,36203.9
2025-04-25 01:50:00+09:00,0.2158,0.216,0.2157,0.216,19159.9
2025-04-25 01:55:00+09:00,0.216,0.216,0.2153,0.2153,12186.3
2025-04-25 02:00:00+09:00,0.2152,0.2153,0.2145,0.215,56157.0
2025-04-25 02:05:00+09:00,0.2152,0.2156,0.2142,0.2142,23817.4
2025-04-25 02:10:00+09:00,0.2142,0.2142,0.2119,0.2119,44554.5
2025-04-25 02:15:00+09:00,0.2118,0.2126,0.2112,0.2115,115737.8
2025-04-25 02:20:00+09:00,0.2114,0.2114,0.2098,0.2105,40802.7
2025-04-25 02:25:00+09:00,0.2106,0.2119,0.2106,0.2118,22802.8
2025-04-25 02:30:00+09:00,0.2117,0.2119,0.2104,0.2104,34777.4
2025-04-25 02:35:00+09:00,0.2105,0.2112,0.2105,0.2109,62004.3
2025-04-25 02:40:00+09:00,0.211,0.2111,0.209,0.2093,54502.1
2025-04-25 02:45:00+09:00,0.2093,0.2101,0.2091,0.2095,41460.4
2025-04-25 02:50:00+09:00,0.2097,0.2105,0.2091,0.2105,28267.6
2025-04-25 02:55:00+09:00,0.2107,0.2109,0.2103,0.2109,23525.4
2025-04-25 03:00:00+09:00,0.2107,0.2111,0.2104,0.211,53801.4
2025-04-25 03:05:00+09:00,0.2112,0.2121,0.2112,0.2115,67602.5
2025-04-25 03:10:00+09:00,0.2114,0.2116,0.2105,0.2113,30736.1
2025-04-25 03:15:00+09:00,0.2112,0.2125,0.2111,0.2118,134171.6
2025-04-25 03:20:00+09:00,0.2116,0.2117,0.2111,0.2113,12187.6
2025-04-25 03:25:00+09:00,0.2112,0.2116,0.2111,0.2115,38553.4
2025-04-25 03:30:00+09:00,0.2115,0.2127,0.2115,0.2124,60628.3
2025-04-25 03:35:00+09:00,0.2123,0.2126,0.2121,0.2125,10425.0
2025-04-25 03:40:00+09:00,0.2124,0.2127,0.2117,0.2117,41581.1
2025-04-25 03:45:00+09:00,0.2117,0.2125,0.2115,0.2123,48133.8
2025-04-25 03:50:00+09:00,0.2121,0.2126,0.2119,0.2122,47490.7
2025-04-25 03:55:00+09:00,0.2122,0.2126,0.2122,0.2125,16290.0
2025-04-25 04:00:00+09:00,0.2125,0.2126,0.2116,0.2116,26219.6
2025-04-25 04:05:00+09:00,0.2114,0.2121,0.2113,0.2121,21722.8
2025-04-25 04:10:00+09:00,0.2121,0.2121,0.2105,0.2105,11831.1
2025-04-25 04:15:00+09:00,0.2106,0.2119,0.2106,0.2119,19318.7
2025-04-25 04:20:00+09:00,0.2121,0.2131,0.2121,0.2131,14309.8
2025-04-25 04:25:00+09:00,0.2131,0.2133,0.2127,0.2127,12032.8
2025-04-25 04:30:00+09:00,0.2128,0.213,0.2125,0.2128,16985.4
2025-04-25 04:35:00+09:00,0.213,0.2132,0.2125,0.2125,8859.4
2025-04-25 04:40:00+09:00,0.2126,0.213,0.2126,0.213,13450.3
2025-04-25 04:45:00+09:00,0.2129,0.2133,0.2126,0.2133,12091.3
2025-04-25 04:50:00+09:00,0.2132,0.2136,0.2132,0.2136,11142.2
2025-04-25 04:55:00+09:00,0.2136,0.2136,0.2131,0.2132,27188.2
2025-04-25 05:00:00+09:00,0.2131,0.214,0.2128,0.2133,53228.9
2025-04-25 05:05:00+09:00,0.2135,0.2144,0.2135,0.214,7363.3
2025-04-25 05:10:00+09:00,0.214,0.2143,0.2139,0.2141,6927.8
2025-04-25 05:15:00+09:00,0.2141,0.2142,0.2139,0.2142,9291.1
2025-04-25 05:20:00+09:00,0.2142,0.2147,0.2141,0.2147,6578.5
2025-04-25 05:25:00+09:00,0.2147,0.2148,0.2144,0.2148,6591.7
2025-04-25 05:30:00+09:00,0.2148,0.2149,0.2144,0.2147,39277.4
2025-04-25 05:35:00+09:00,0.2147,0.2159,0.2147,0.2151,37365.9
2025-04-25 05:40:00+09:00,0.215,0.2159,0.215,0.2157,14668.3
2025-04-25 05:45:00+09:00,0.2159,0.2166,0.2159,0.2161,16845.8
2025-04-25 05:50:00+09:00,0.216,0.2169,0.216,0.2167,22163.9
2025-04-25 05:55:00+09:00,0.2167,0.2168,0.216,0.216,54143.5
2025-04-25 06:00:00+09:00,0.2158,0.2161,0.2152,0.2153,28623.9
2025-04-25 06:05:00+09:00,0.2155,0.2159,0.2154,0.2159,5910.3
2025-04-25 06:10:00+09:00,0.216,0.2161,0.2156,0.2161,8913.8
2025-04-25 06:15:00+09:00,0.2162,0.2165,0.2161,0.2163,3619.1
2025-04-25 06:20:00+09:00,0.2162,0.2163,0.2156,0.2158,8406.5
2025-04-25 06:25:00+09:00,0.2159,0.2159,0.2139,0.2142,42383.4
2025-04-25 06:30:00+09:00,0.2145,0.2159,0.2144,0.2146,52731.5
2025-04-25 06:35:00+09:00,0.2146,0.2152,0.2146,0.215,36563.4
2025-04-25 06:40:00+09:00,0.2151,0.2154,0.215,0.2154,2560.8
2025-04-25 06:45:00+09:00,0.2154,0.2161,0.2154,0.2161,1153.0
2025-04-25 06:50:00+09:00,0.2161,0.217,0.2161,0.217,4956.0
2025-04-25 06:55:00+09:00,0.217,0.2176,0.2168,0.2172,53620.5
2025-04-25 07:00:00+09:00,0.2171,0.2173,0.2162,0.2173,26927.4
2025-04-25 07:05:00+09:00,0.2173,0.2175,0.2166,0.2172,46727.7
2025-04-25 07:10:00+09:00,0.2174,0.218,0.217,0.2171,24722.2
2025-04-25 07:15:00+09:00,0.217,0.2173,0.2167,0.2167,5703.1
2025-04-25 07:20:00+09:00,0.2169,0.2172,0.2168,0.2172,18738.8
2025-04-25 07:25:00+09:00,0.2172,0.2176,0.2172,0.2176,2445.1
2025-04-25 07:30:00+09:00,0.2176,0.2177,0.2174,0.2175,12387.4
2025-04-25 07:35:00+09:00,0.2175,0.2177,0.2175,0.2176,1511.2
2025-04-25 07:40:00+09:00,0.2176,0.2181,0.2175,0.2181,5165.4
2025-04-25 07:45:00+09:00,0.2181,0.2181,0.2172,0.2173,14774.7
2025-04-25 07:50:00+09:00,0.2173,0.2174,0.217,0.217,11780.0
2025-04-25 07:55:00+09:00,0.2171,0.2174,0.2168,0.2168,22525.5
2025-04-25 08:00:00+09:00,0.2168,0.2168,0.2153,0.2158,145711.4
2025-04-25 08:05:00+09:00,0.2158,0.217,0.2157,0.2167,50744.1
2025-04-25 08:10:00+09:00,0.2167,0.2171,0.2167,0.2171,4143.8
2025-04-25 08:15:00+09:00,0.2172,0.2175,0.2172,0.2175,1898.5
2025-04-25 08:20:00+09:00,0.2174,0.2178,0.2174,0.2176,6524.6
2025-04-25 08:25:00+09:00,0.2175,0.2183,0.2174,0.2176,63784.5
2025-04-25 08:30:00+09:00,0.2175,0.2176,0.2165,0.2171,80992.5
2025-04-25 08:35:00+09:00,0.2171,0.2173,0.2169,0.2172,2486.8
2025-04-25 08:40:00+09:00,0.2172,0.2176,0.2172,0.2172,13142.7
2025-04-25 08:45:00+09:00,0.2173,0.2175,0.2171,0.2173,22701.4
2025-04-25 08:50:00+09:00,0.2173,0.2174,0.2172,0.2174,8228.1
2025-04-25 08:55:00+09:00,0.2174,0.2179,0.2174,0.2178,6065.1
2025-04-25 09:00:00+09:00,0.2178,0.2192,0.2173,0.2192,86084.6
2025-04-25 09:05:00+09:00,0.2192,0.2193,0.2182,0.2182,34527.0
2025-04-25 09:10:00+09:00,0.2183,0.2183,0.2176,0.2183,6895.1
2025-04-25 09:15:00+09:00,0.2181,0.2185,0.2179,0.2181,48060.4
2025-04-25 09:20:00+09:00,0.2184,0.2192,0.2184,0.219,8794.5
2025-04-25 09:25:00+09:00,0.219,0.2192,0.2186,0.2192,8861.0
2025-04-25 09:30:00+09:00,0.2191,0.2191,0.2185,0.2191,4682.9
2025-04-25 09:35:00+09:00,0.2193,0.2196,0.2191,0.2191,13574.0
2025-04-25 09:40:00+09:00,0.219,0.2194,0.219,0.2193,3832.0
2025-04-25 09:45:00+09:00,0.2192,0.2194,0.2187,0.2194,19200.8
2025-04-25 09:50:00+09:00,0.2193,0.2193,0.2189,0.2189,1750.2
2025-04-25 09:55:00+09:00,0.2187,0.2189,0.2187,0.2187,4086.7
2025-04-25 10:00:00+09:00,0.2187,0.2188,0.2186,0.2186,9816.7
2025-04-25 10:05:00+09:00,0.2186,0.2204,0.2183,0.2202,37876.0
2025-04-25 10:10:00+09:00,0.2204,0.2218,0.2204,0.2217,162722.8
2025-04-25 10:15:00+09:00,0.2215,0.2219,0.2199,0.2202,289979.5
2025-04-25 10:20:00+09:00,0.2203,0.2204,0.2194,0.2202,20997.1
2025-04-25 10:25:00+09:00,0.2202,0.2203,0.2193,0.2193,8195.6
2025-04-25 10:30:00+09:00,0.2194,0.22,0.2193,0.2196,24128.5
2025-04-25 10:35:00+09:00,0.2195,0.2206,0.2195,0.2204,35850.7
2025-04-25 10:40:00+09:00,0.2205,0.2216,0.2205,0.221,105030.3
2025-04-25 10:45:00+09:00,0.221,0.2214,0.2202,0.2202,14728.1
2025-04-25 10:50:00+09:00,0.2202,0.2206,0.2202,0.2204,3490.7
2025-04-25 10:55:00+09:00,0.2203,0.2203,0.2199,0.2201,23376.1
2025-04-25 11:00:00+09:00,0.2201,0.221,0.2201,0.2208,13558.8
2025-04-25 11:05:00+09:00,0.2208,0.2208,0.2195,0.2195,79782.0
2025-04-25 11:10:00+09:00,0.2192,0.2192,0.219,0.219,22620.9
2025-04-25 11:15:00+09:00,0.2189,0.2189,0.2182,0.2186,94327.8
2025-04-25 11:20:00+09:00,0.2187,0.2192,0.2183,0.2183,9727.2
2025-04-25 11:25:00+09:00,0.2182,0.2187,0.2175,0.2184,28082.5
2025-04-25 11:30:00+09:00,0.2182,0.2183,0.2177,0.2178,15717.3
2025-04-25 11:35:00+09:00,0.2177,0.2182,0.2177,0.2179,6738.0
2025-04-25 11:40:00+09:00,0.2179,0.218,0.2168,0.2168,6474.8
2025-04-25 11:45:00+09:00,0.2167,0.2176,0.2167,0.217,23396.9
2025-04-25 11:50:00+09:00,0.2169,0.2169,0.2158,0.2162,50270.6
2025-04-25 11:55:00+09:00,0.2163,0.2163,0.2154,0.2161,28267.3
2025-04-25 12:00:00+09:00,0.2159,0.2165,0.2157,0.2164,11887.2
2025-04-25 12:05:00+09:00,0.2164,0.2166,0.2164,0.2165,7110.6
2025-04-25 12:10:00+09:00,0.2169,0.2171,0.2165,0.2165,5443.6
2025-04-25 12:15:00+09:00,0.2164,0.217,0.2164,0.2167,7053.5
2025-04-25 12:20:00+09:00,0.2167,0.2169,0.2155,0.2167,37586.1
2025-04-25 12:25:00+09:00,0.2165,0.2168,0.2157,0.2157,15392.3
2025-04-25 12:30:00+09:00,0.2158,0.2169,0.2157,0.2167,44479.4
2025-04-25 12:35:00+09:00,0.2165,0.2174,0.2164,0.2174,31138.2
2025-04-25 12:40:00+09:00,0.2175,0.2176,0.2171,0.2174,8868.4
2025-04-25 12:45:00+09:00,0.2172,0.2178,0.2172,0.2175,9096.3
2025-04-25 12:50:00+09:00,0.2174,0.2181,0.2174,0.2181,6336.0
2025-04-25 12:55:00+09:00,0.2181,0.2189,0.218,0.2189,104469.3
2025-04-25 13:00:00+09:00,0.2188,0.2195,0.2186,0.2195,8607.5
2025-04-25 13:05:00+09:00,0.2195,0.2196,0.2192,0.2196,9826.6
2025-04-25 13:10:00+09:00,0.2194,0.2205,0.2193,0.2203,7847.9
2025-04-25 13:15:00+09:00,0.2204,0.2206,0.22,0.22,25558.3
2025-04-25 13:20:00+09:00,0.2201,0.2208,0.2201,0.2206,7973.0
2025-04-25 13:25:00+09:00,0.2205,0.2205,0.2203,0.2203,5507.7
2025-04-25 13:30:00+09:00,0.2202,0.2202,0.2192,0.2192,10388.0
2025-04-25 13:35:00+09:00,0.2192,0.2199,0.2191,0.2199,14613.8
2025-04-25 13:40:00+09:00,0.2202,0.2206,0.2202,0.2203,46933.7
2025-04-25 13:45:00+09:00,0.2204,0.2204,0.2197,0.2199,6336.6
2025-04-25 13:50:00+09:00,0.2199,0.22,0.2194,0.2194,9172.8
2025-04-25 13:55:00+09:00,0.2193,0.2194,0.219,0.2194,30996.8
2025-04-25 14:00:00+09:00,0.2194,0.2201,0.2191,0.22,6236.1
2025-04-25 14:05:00+09:00,0.22,0.2206,0.2199,0.2205,27969.8
2025-04-25 14:10:00+09:00,0.2205,0.221,0.2205,0.2208,19247.1
2025-04-25 14:15:00+09:00,0.2208,0.2212,0.2208,0.2212,5119.5
2025-04-25 14:20:00+09:00,0.2213,0.2214,0.2207,0.2208,9204.0
2025-04-25 14:25:00+09:00,0.2209,0.2217,0.2209,0.2216,10998.8
2025-04-25 14:30:00+09:00,0.2216,0.222,0.2215,0.2215,41039.9
2025-04-25 14:35:00+09:00,0.2218,0.2219,0.2215,0.2215,14193.5
2025-04-25 14:40:00+09:00,0.2215,0.2219,0.2215,0.2218,13727.6
2025-04-25 14:45:00+09:00,0.222,0.2224,0.222,0.2224,12257.3
2025-04-25 14:50:00+09:00,0.2222,0.2223,0.222,0.222,3000.3
2025-04-25 14:55:00+09:00,0.222,0.2224,0.222,0.2223,2368.2
2025-04-25 15:00:00+09:00,0.2223,0.2228,0.222,0.2228,14596.7
2025-04-25 15:05:00+09:00,0.2228,0.2232,0.2228,0.2232,33340.2
2025-04-25 15:10:00+09:00,0.2232,0.2241,0.2231,0.2237,17637.3
2025-04-25 15:15:00+09:00,0.2238,0.2241,0.2234,0.2234,7603.6
2025-04-25 15:20:00+09:00,0.2232,0.2233,0.2222,0.2228,49099.9
2025-04-25 15:25:00+09:00,0.2227,0.2236,0.2225,0.2235,4535.9
2025-04-25 15:30:00+09:00,0.2236,0.2241,0.2235,0.2241,5307.7
2025-04-25 15:35:00+09:00,0.224,0.2247,0.224,0.2241,17750.6
2025-04-25 15:40:00+09:00,0.2241,0.2244,0.2241,0.2244,5658.6
2025-04-25 15:45:00+09:00,0.2241,0.2253,0.2239,0.225,43126.9
2025-04-25 15:50:00+09:00,0.2251,0.2257,0.2245,0.2252,33644.5
2025-04-25 15:55:00+09:00,0.2252,0.2252,0.2246,0.2252,10607.4
2025-04-25 16:00:00+09:00,0.2253,0.2257,0.2246,0.2248,19586.5
2025-04-25 16:05:00+09:00,0.2249,0.2258,0.2249,0.2251,15986.7
2025-04-25 16:10:00+09:00,0.2252,0.2254,0.2245,0.2245,34701.0
2025-04-25 16:15:00+09:00,0.2244,0.2251,0.2244,0.2249,13184.1
2025-04-25 16:20:00+09:00,0.2248,0.2248,0.2238,0.2238,10277.3
2025-04-25 16:25:00+09:00,0.2235,0.2242,0.2235,0.224,2038.1
2025-04-25 16:30:00+09:00,0.224,0.2247,0.2238,0.2238,6755.6
2025-04-25 16:35:00+09:00,0.2237,0.2243,0.2237,0.2242,13270.0
2025-04-25 16:40:00+09:00,0.2243,0.2247,0.2241,0.2244,12920.8
2025-04-25 16:45:00+09:00,0.2243,0.2246,0.2241,0.2241,6090.5
2025-04-25 16:50:00+09:00,0.2242,0.2251,0.2242,0.2251,7966.4
2025-04-25 16:55:00+09:00,0.2252,0.2253,0.2249,0.225,7543.2
2025-04-25 17:00:00+09:00,0.2251,0.2257,0.2251,0.2252,17942.5
2025-04-25 17:05:00+09:00,0.2252,0.2263,0.2252,0.2262,40779.6
2025-04-25 17:10:00+09:00,0.2262,0.2271,0.2259,0.2265,160080.7
2025-04-25 17:15:00+09:00,0.2265,0.2269,0.2264,0.2266,52499.6
2025-04-25 17:20:00+09:00,0.2265,0.2275,0.2265,0.2274,62050.8
2025-04-25 17:25:00+09:00,0.2274,0.2275,0.227,0.2271,141120.2
2025-04-25 17:30:00+09:00,0.2271,0.2272,0.2254,0.2254,84579.9
2025-04-25 17:35:00+09:00,0.2254,0.2263,0.2254,0.226,57956.6
2025-04-25 17:40:00+09:00,0.226,0.226,0.2249,0.2254,75903.1
2025-04-25 17:45:00+09:00,0.2255,0.2261,0.2254,0.2259,30464.7
2025-04-25 17:50:00+09:00,0.2258,0.226,0.2254,0.2259,25645.1
2025-04-25 17:55:00+09:00,0.2258,0.2261,0.2258,0.2259,31053.5
2025-04-25 18:00:00+09:00,0.2259,0.226,0.2252,0.2252,10542.3
2025-04-25 18:05:00+09:00,0.2254,0.2259,0.225,0.225,29497.9
2025-04-25 18:10:00+09:00,0.2248,0.2259,0.2247,0.2257,69081.4
2025-04-25 18:15:00+09:00,0.2257,0.2258,0.225,0.2256,21332.4
2025-04-25 18:20:00+09:00,0.2255,0.2258,0.2254,0.2255,6895.4
2025-04-25 18:25:00+09:00,0.2253,0.2253,0.2249,0.2252,9349.0
2025-04-25 18:30:00+09:00,0.2252,0.2256,0.2251,0.2255,25761.5
2025-04-25 18:35:00+09:00,0.2256,0.226,0.2255,0.2258,15459.4
2025-04-25 18:40:00+09:00,0.2256,0.2257,0.225,0.225,8021.4
2025-04-25 18:45:00+09:00,0.2251,0.2257,0.2251,0.2257,52804.5
2025-04-25 18:50:00+09:00,0.2261,0.2265,0.2256,0.2264,67403.2
2025-04-25 18:55:00+09:00,0.2263,0.2267,0.2262,0.2267,88014.0
2025-04-25 19:00:00+09:00,0.2266,0.2268,0.2257,0.2261,54292.4
2025-04-25 19:05:00+09:00,0.2261,0.2263,0.2244,0.2249,63232.2
2025-04-25 19:10:00+09:00,0.225,0.2256,0.225,0.2256,29678.9
2025-04-25 19:15:00+09:00,0.2255,0.2261,0.225,0.2257,45824.9
2025-04-25 19:20:00+09:00,0.2257,0.2257,0.2246,0.225,42339.8
2025-04-25 19:25:00+09:00,0.2249,0.2249,0.2242,0.2244,16736.5
2025-04-25 19:30:00+09:00,0.2244,0.2248,0.2243,0.2248,28157.8
2025-04-25 19:35:00+09:00,0.225,0.225,0.2233,0.2234,47900.9
2025-04-25 19:40:00+09:00,0.2234,0.2241,0.2234,0.2239,45499.5
2025-04-25 19:45:00+09:00,0.2241,0.2245,0.2234,0.2236,21236.7
2025-04-25 19:50:00+09:00,0.2237,0.2241,0.2236,0.2238,15788.8
2025-04-25 19:55:00+09:00,0.2237,0.2241,0.2237,0.224,20480.2
2025-04-25 20:00:00+09:00,0.2241,0.2247,0.2241,0.2247,31885.8
2025-04-25 20:05:00+09:00,0.2245,0.2256,0.2245,0.2252,13080.5
2025-04-25 20:10:00+09:00,0.2251,0.2258,0.225,0.2258,17444.5
2025-04-25 20:15:00+09:00,0.2259,0.2262,0.2251,0.2258,49460.7
2025-04-25 20:20:00+09:00,0.2257,0.2259,0.2255,0.2258,20282.6
2025-04-25 20:25:00+09:00,0.2257,0.2259,0.2254,0.2257,18602.9
2025-04-25 20:30:00+09:00,0.2256,0.2256,0.2246,0.2246,38075.0
2025-04-25 20:35:00+09:00,0.2246,0.2249,0.2244,0.2247,41174.5
2025-04-25 20:40:00+09:00,0.2247,0.2251,0.2243,0.2244,26993.2
2025-04-25 20:45:00+09:00,0.2245,0.2247,0.2243,0.2244,24659.4
2025-04-25 20:50:00+09:00,0.2245,0.2246,0.2245,0.2245,8673.6
2025-04-25 20:55:00+09:00,0.2246,0.2253,0.2246,0.2251,21144.2
2025-04-25 21:00:00+09:00,0.2252,0.2256,0.2247,0.225,58767.1
2025-04-25 21:05:00+09:00,0.2251,0.2255,0.225,0.2252,49044.7
2025-04-25 21:10:00+09:00,0.2252,0.2265,0.2252,0.2262,53051.7
2025-04-25 21:15:00+09:00,0.2261,0.2264,0.2259,0.2261,19052.1
2025-04-25 21:20:00+09:00,0.226,0.2261,0.2252,0.2252,53241.8
2025-04-25 21:25:00+09:00,0.2251,0.2251,0.2241,0.2244,18005.6
2025-04-25 21:30:00+09:00,0.2243,0.2245,0.2236,0.2239,17667.4
2025-04-25 21:35:00+09:00,0.2241,0.2245,0.2239,0.2243,5003.7
2025-04-25 21:40:00+09:00,0.2242,0.2247,0.2242,0.2244,17239.6
2025-04-25 21:45:00+09:00,0.2243,0.2245,0.2236,0.2236,22149.5
2025-04-25 21:50:00+09:00,0.2237,0.2239,0.2221,0.2223,46017.4
2025-04-25 21:55:00+09:00,0.2225,0.223,0.2224,0.2226,18651.6
2025-04-25 22:00:00+09:00,0.2226,0.2232,0.2226,0.2229,35472.8
2025-04-25 22:05:00+09:00,0.2229,0.2232,0.2222,0.2223,43833.7
2025-04-25 22:10:00+09:00,0.2223,0.2226,0.2217,0.2224,4584.7
2025-04-25 22:15:00+09:00,0.2222,0.2225,0.2221,0.2225,17912.6
2025-04-25 22:20:00+09:00,0.2224,0.2224,0.222,0.2221,4605.2
2025-04-25 22:25:00+09:00,0.2221,0.2223,0.2213,0.2213,11269.4
2025-04-25 22:30:00+09:00,0.2215,0.2218,0.2198,0.2211,65399.8
2025-04-25 22:35:00+09:00,0.2213,0.222,0.2213,0.2218,10794.0
2025-04-25 22:40:00+09:00,0.2219,0.2219,0.2212,0.2214,6863.7
2025-04-25 22:45:00+09:00,0.2215,0.2221,0.2214,0.2218,4356.3
2025-04-25 22:50:00+09:00,0.2217,0.222,0.221,0.2213,33516.2
2025-04-25 22:55:00+09:00,0.2213,0.2217,0.2211,0.2214,15303.4
2025-04-25 23:00:00+09:00,0.2213,0.2222,0.2213,0.2219,42946.3
2025-04-25 23:05:00+09:00,0.2221,0.2228,0.2221,0.2227,8712.6
2025-04-25 23:10:00+09:00,0.2228,0.2239,0.2228,0.2239,23758.8
2025-04-25 23:15:00+09:00,0.224,0.2242,0.223,0.2235,24996.5
2025-04-25 23:20:00+09:00,0.2235,0.2236,0.222,0.2227,31287.3
2025-04-25 23:25:00+09:00,0.2226,0.2226,0.2216,0.2219,4918.9
2025-04-25 23:30:00+09:00,0.2218,0.223,0.221,0.223,100357.1
2025-04-25 23:35:00+09:00,0.223,0.2232,0.2228,0.2232,7193.1
2025-04-25 23:40:00+09:00,0.2229,0.224,0.2229,0.2239,12110.5
2025-04-25 23:45:00+09:00,0.2239,0.2247,0.2237,0.2244,32373.8
2025-04-25 23:50:00+09:00,0.2244,0.225,0.224,0.2248,33314.7
2025-04-25 23:55:00+09:00,0.2251,0.2258,0.2248,0.2255,20880.4
2025-04-26 00:00:00+09:00,0.2256,0.226,0.2251,0.2256,31849.0
2025-04-26 00:05:00+09:00,0.2255,0.2258,0.225,0.225,16772.0
2025-04-26 00:10:00+09:00,0.2248,0.2253,0.2248,0.2253,18671.6
2025-04-26 00:15:00+09:00,0.2252,0.2256,0.2243,0.2253,41033.0
2025-04-26 00:20:00+09:00,0.2253,0.2264,0.2252,0.2259,35812.0
2025-04-26 00:25:00+09:00,0.2262,0.2262,0.2247,0.2247,9145.3
2025-04-26 00:30:00+09:00,0.2248,0.2255,0.2244,0.2244,44822.0
2025-04-26 00:35:00+09:00,0.2245,0.2245,0.2227,0.2227,41404.4
2025-04-26 00:40:00+09:00,0.2226,0.2232,0.2226,0.2227,1546.5
2025-04-26 00:45:00+09:00,0.2228,0.2238,0.2228,0.2229,10351.8
2025-04-26 00:50:00+09:00,0.2231,0.2235,0.223,0.2235,9892.5
2025-04-26 00:55:00+09:00,0.2233,0.2234,0.2226,0.2226,2898.0
2025-04-26 01:00:00+09:00,0.2226,0.2231,0.2222,0.2223,16298.5
2025-04-26 01:05:00+09:00,0.2221,0.2224,0.2217,0.2224,14114.9
2025-04-26 01:10:00+09:00,0.2223,0.2223,0.2217,0.2217,17590.5
2025-04-26 01:15:00+09:00,0.2218,0.222,0.2207,0.2214,18832.8
2025-04-26 01:20:00+09:00,0.2216,0.2225,0.2211,0.2223,5301.4
2025-04-26 01:25:00+09:00,0.2223,0.2228,0.2223,0.2228,10815.2
2025-04-26 01:30:00+09:00,0.2227,0.2229,0.2223,0.2224,3440.1
2025-04-26 01:35:00+09:00,0.2222,0.2228,0.2221,0.2228,8481.1
2025-04-26 01:40:00+09:00,0.2229,0.2233,0.2229,0.2232,7629.1
2025-04-26 01:45:00+09:00,0.2234,0.2234,0.223,0.2233,4564.1
2025-04-26 01:50:00+09:00,0.2234,0.2234,0.2228,0.223,4067.7
2025-04-26 01:55:00+09:00,0.223,0.2232,0.2229,0.223,9616.0
2025-04-26 02:00:00+09:00,0.2231,0.2235,0.2227,0.2232,57675.0
2025-04-26 02:05:00+09:00,0.2232,0.2235,0.2229,0.2229,17244.8
2025-04-26 02:10:00+09:00,0.2229,0.223,0.2223,0.2228,10662.1
2025-04-26 02:15:00+09:00,0.2227,0.2227,0.2223,0.2227,10280.1
2025-04-26 02:20:00+09:00,0.2228,0.223,0.2227,0.2229,1264.1
2025-04-26 02:25:00+09:00,0.2229,0.2234,0.2228,0.2228,11003.4
2025-04-26 02:30:00+09:00,0.2227,0.2227,0.2216,0.222,19009.7
2025-04-26 02:35:00+09:00,0.2219,0.2219,0.2196,0.2199,21466.2
2025-04-26 02:40:00+09:00,0.2194,0.2209,0.2194,0.2202,110461.3
2025-04-26 02:45:00+09:00,0.22,0.22,0.2192,0.2196,32746.1
2025-04-26 02:50:00+09:00,0.2196,0.2201,0.2195,0.2195,15382.4
2025-04-26 02:55:00+09:00,0.2193,0.2196,0.2191,0.2193,8186.9
2025-04-26 03:00:00+09:00,0.2193,0.22,0.2193,0.22,21886.2
2025-04-26 03:05:00+09:00,0.22,0.2201,0.2198,0.2201,7083.9
2025-04-26 03:10:00+09:00,0.2202,0.2205,0.2199,0.2204,10255.2
2025-04-26 03:15:00+09:00,0.2203,0.2207,0.22,0.2205,7204.8
2025-04-26 03:20:00+09:00,0.2206,0.2211,0.2204,0.2209,13381.9
2025-04-26 03:25:00+09:00,0.221,0.2213,0.221,0.2212,2814.5
2025-04-26 03:30:00+09:00,0.2212,0.2217,0.2209,0.2209,12448.1
2025-04-26 03:35:00+09:00,0.2209,0.2215,0.2209,0.2213,1310.1
2025-04-26 03:40:00+09:00,0.2211,0.2213,0.221,0.2213,2664.6
2025-04-26 03:45:00+09:00,0.2212,0.2214,0.2212,0.2212,9210.0
2025-04-26 03:50:00+09:00,0.2213,0.2215,0.2206,0.2208,7020.7
2025-04-26 03:55:00+09:00,0.2208,0.2208,0.2205,0.2205,6009.3
2025-04-26 04:00:00+09:00,0.2205,0.2206,0.2199,0.2203,16545.8
2025-04-26 04:05:00+09:00,0.2202,0.2202,0.2195,0.2199,4223.3
2025-04-26 04:10:00+09:00,0.22,0.22,0.2187,0.2187,7335.0
2025-04-26 04:15:00+09:00,0.2189,0.2199,0.2189,0.2199,15678.4
2025-04-26 04:20:00+09:00,0.22,0.2203,0.2199,0.2201,3306.6
2025-04-26 04:25:00+09:00,0.2202,0.2207,0.2202,0.2206,3831.4
2025-04-26 04:30:00+09:00,0.2204,0.2206,0.2202,0.2202,7858.3
2025-04-26 04:35:00+09:00,0.2201,0.2201,0.2197,0.2201,8179.0
2025-04-26 04:40:00+09:00,0.2202,0.2202,0.2198,0.22,8795.4
2025-04-26 04:45:00+09:00,0.2202,0.2204,0.22,0.2204,5625.5
2025-04-26 04:50:00+09:00,0.2205,0.2206,0.2204,0.2206,5310.0
2025-04-26 04:55:00+09:00,0.2208,0.2209,0.2206,0.2209,5663.8
2025-04-26 05:00:00+09:00,0.2208,0.2212,0.2207,0.2211,13409.4
2025-04-26 05:05:00+09:00,0.2209,0.2214,0.2209,0.2214,15426.6
2025-04-26 05:10:00+09:00,0.2214,0.2217,0.2214,0.2215,14543.4
2025-04-26 05:15:00+09:00,0.2216,0.2216,0.2213,0.2215,1826.7
2025-04-26 05:20:00+09:00,0.2216,0.2217,0.221,0.2211,20368.1
2025-04-26 05:25:00+09:00,0.2212,0.2214,0.2212,0.2212,1410.6
2025-04-26 05:30:00+09:00,0.2212,0.2215,0.2212,0.2215,5112.8
2025-04-26 05:35:00+09:00,0.2215,0.2218,0.221,0.2217,9329.6
2025-04-26 05:40:00+09:00,0.2216,0.2216,0.2213,0.2213,5626.1
2025-04-26 05:45:00+09:00,0.2215,0.2221,0.2215,0.2219,6923.2
2025-04-26 05:50:00+09:00,0.222,0.2226,0.222,0.2224,4899.0
2025-04-26 05:55:00+09:00,0.2223,0.2227,0.2213,0.2215,99694.3
2025-04-26 06:00:00+09:00,0.2214,0.2218,0.2214,0.2218,735.0
2025-04-26 06:05:00+09:00,0.2218,0.2224,0.2215,0.2223,15903.9
2025-04-26 06:10:00+09:00,0.2223,0.2225,0.2219,0.222,6225.6
2025-04-26 06:15:00+09:00,0.222,0.2222,0.2211,0.2211,7355.7
2025-04-26 06:20:00+09:00,0.2211,0.2215,0.221,0.2211,14390.0
2025-04-26 06:25:00+09:00,0.2209,0.2211,0.2209,0.2211,558.9
2025-04-26 06:30:00+09:00,0.2209,0.2213,0.2203,0.2213,17968.5
2025-04-26 06:35:00+09:00,0.2213,0.2213,0.2207,0.2207,1407.9
2025-04-26 06:40:00+09:00,0.2207,0.221,0.2207,0.2208,2904.5
2025-04-26 06:45:00+09:00,0.2207,0.2207,0.2197,0.2197,291.9
2025-04-26 06:50:00+09:00,0.2195,0.2196,0.2192,0.2195,10866.5
2025-04-26 06:55:00+09:00,0.2196,0.2196,0.2184,0.2191,8519.1
2025-04-26 07:00:00+09:00,0.2194,0.2198,0.2191,0.2198,8366.9
2025-04-26 07:05:00+09:00,0.2196,0.2203,0.2196,0.2201,1902.9
2025-04-26 07:10:00+09:00,0.2199,0.2203,0.2197,0.2202,3575.2
2025-04-26 07:15:00+09:00,0.2203,0.2206,0.22,0.2206,9923.4
2025-04-26 07:20:00+09:00,0.2206,0.221,0.2206,0.221,4703.0
2025-04-26 07:25:00+09:00,0.2211,0.2214,0.2211,0.2212,1612.1
2025-04-26 07:30:00+09:00,0.2213,0.2213,0.2213,0.2213,897.8
2025-04-26 07:35:00+09:00,0.2214,0.2217,0.2214,0.2217,4821.5
2025-04-26 07:40:00+09:00,0.2217,0.2218,0.2216,0.2217,2282.4
2025-04-26 07:45:00+09:00,0.2217,0.2217,0.2216,0.2217,2363.8
2025-04-26 07:50:00+09:00,0.2217,0.2217,0.2212,0.2213,5451.8
2025-04-26 07:55:00+09:00,0.2213,0.2214,0.2213,0.2213,406.9
2025-04-26 08:00:00+09:00,0.2213,0.2213,0.2207,0.2207,3781.7
2025-04-26 08:05:00+09:00,0.2208,0.2215,0.2208,0.2215,3079.3
2025-04-26 08:10:00+09:00,0.2218,0.2218,0.2216,0.2216,1047.7
2025-04-26 08:15:00+09:00,0.2214,0.2214,0.2208,0.2211,24257.3
2025-04-26 08:20:00+09:00,0.2211,0.2211,0.2207,0.2207,4632.2
2025-04-26 08:25:00+09:00,0.2205,0.2209,0.2204,0.2207,8782.4
2025-04-26 08:30:00+09:00,0.2207,0.2208,0.2202,0.2207,14160.9
2025-04-26 08:35:00+09:00,0.2209,0.221,0.2204,0.2204,22808.6
2025-04-26 08:40:00+09:00,0.2205,0.2205,0.2203,0.2205,7946.4
2025-04-26 08:45:00+09:00,0.2205,0.2205,0.2202,0.2202,2962.9
2025-04-26 08:50:00+09:00,0.22,0.2202,0.2199,0.2201,8010.8
2025-04-26 08:55:00+09:00,0.22,0.22,0.2193,0.2197,9002.8
2025-04-26 09:00:00+09:00,0.2196,0.22,0.2196,0.22,29528.9
2025-04-26 09:05:00+09:00,0.2199,0.2201,0.2196,0.22,5436.1
2025-04-26 09:10:00+09:00,0.22,0.2207,0.2197,0.2206,11047.0
2025-04-26 09:15:00+09:00,0.2205,0.2214,0.2203,0.2214,4114.5
2025-04-26 09:20:00+09:00,0.2212,0.2216,0.2209,0.2216,7592.1
2025-04-26 09:25:00+09:00,0.2215,0.2216,0.2212,0.2213,3746.9
2025-04-26 09:30:00+09:00,0.2211,0.2214,0.2209,0.221,6711.1
2025-04-26 09:35:00+09:00,0.2209,0.2211,0.2207,0.2209,3810.0
2025-04-26 09:40:00+09:00,0.2209,0.2212,0.2209,0.2211,7965.7
2025-04-26 09:45:00+09:00,0.2211,0.2225,0.221,0.2218,25819.2
2025-04-26 09:50:00+09:00,0.2219,0.2224,0.2219,0.2224,2216.5
2025-04-26 09:55:00+09:00,0.2225,0.2225,0.2218,0.2222,31569.7
2025-04-26 10:00:00+09:00,0.2223,0.2223,0.2215,0.2216,7636.9
2025-04-26 10:05:00+09:00,0.2216,0.222,0.2203,0.2209,110167.9
2025-04-26 10:10:00+09:00,0.221,0.2212,0.2209,0.2211,4689.2
2025-04-26 10:15:00+09:00,0.221,0.2221,0.2209,0.2221,4920.2
2025-04-26 10:20:00+09:00,0.2224,0.2246,0.2224,0.2241,157806.2
2025-04-26 10:25:00+09:00,0.2242,0.2243,0.2236,0.2239,4924.0
2025-04-26 10:30:00+09:00,0.2242,0.2253,0.2242,0.225,51501.9
2025-04-26 10:35:00+09:00,0.2258,0.2261,0.2256,0.2259,20686.5
2025-04-26 10:40:00+09:00,0.2258,0.2258,0.2253,0.2255,10037.3
2025-04-26 10:45:00+09:00,0.2253,0.2256,0.2249,0.2253,31424.7
2025-04-26 10:50:00+09:00,0.2252,0.2256,0.2251,0.2252,8291.9
2025-04-26 10:55:00+09:00,0.2252,0.2259,0.2252,0.2255,31025.2
2025-04-26 11:00:00+09:00,0.2255,0.2257,0.2251,0.2252,12989.2
2025-04-26 11:05:00+09:00,0.2252,0.2253,0.2246,0.2248,16618.4
2025-04-26 11:10:00+09:00,0.2247,0.2248,0.2245,0.2247,8367.6
2025-04-26 11:15:00+09:00,0.2248,0.2251,0.2244,0.225,11709.2
2025-04-26 11:20:00+09:00,0.225,0.2253,0.2247,0.2252,42158.4
2025-04-26 11:25:00+09:00,0.2251,0.2253,0.2249,0.225,90746.6
2025-04-26 11:30:00+09:00,0.2249,0.2253,0.2249,0.2252,35599.2
2025-04-26 11:35:00+09:00,0.2251,0.2253,0.225,0.2252,19546.7
2025-04-26 11:40:00+09:00,0.2253,0.2266,0.2253,0.2261,33204.7
2025-04-26 11:45:00+09:00,0.226,0.2261,0.2258,0.2259,10455.2
2025-04-26 11:50:00+09:00,0.2258,0.226,0.2255,0.2259,6098.2
2025-04-26 11:55:00+09:00,0.2259,0.226,0.2258,0.2258,10969.9
2025-04-26 12:00:00+09:00,0.226,0.2266,0.2259,0.2261,26338.1
2025-04-26 12:05:00+09:00,0.226,0.2267,0.2258,0.2264,33899.7
2025-04-26 12:10:00+09:00,0.2267,0.2267,0.2264,0.2264,14797.7
2025-04-26 12:15:00+09:00,0.2263,0.2263,0.2256,0.2256,27996.9
2025-04-26 12:20:00+09:00,0.2255,0.2261,0.2252,0.2258,21578.6
2025-04-26 12:25:00+09:00,0.2257,0.2257,0.2248,0.2248,7232.0
2025-04-26 12:30:00+09:00,0.2247,0.2249,0.2245,0.2246,7607.5
2025-04-26 12:35:00+09:00,0.2246,0.2247,0.2245,0.2245,4799.0
2025-04-26 12:40:00+09:00,0.2245,0.2247,0.2245,0.2246,5202.2
2025-04-26 12:45:00+09:00,0.2247,0.2249,0.2246,0.2246,4094.2
2025-04-26 12:50:00+09:00,0.2244,0.2246,0.2243,0.2243,4555.7
2025-04-26 12:55:00+09:00,0.2243,0.2243,0.2238,0.224,16537.9
2025-04-26 13:00:00+09:00,0.224,0.224,0.2235,0.2235,8731.8
2025-04-26 13:05:00+09:00,0.2236,0.2238,0.2236,0.2238,4658.0
2025-04-26 13:10:00+09:00,0.2237,0.2237,0.2234,0.2235,2001.8
2025-04-26 13:15:00+09:00,0.2235,0.2235,0.2233,0.2234,849.3
2025-04-26 13:20:00+09:00,0.2234,0.2234,0.2228,0.2233,17985.4
2025-04-26 13:25:00+09:00,0.2231,0.2231,0.2226,0.2226,5146.4
2025-04-26 13:30:00+09:00,0.2223,0.2223,0.2218,0.2218,6830.2
2025-04-26 13:35:00+09:00,0.2218,0.222,0.2208,0.2212,67237.2
2025-04-26 13:40:00+09:00,0.2212,0.222,0.2212,0.2219,18176.6
2025-04-26 13:45:00+09:00,0.2219,0.2219,0.2214,0.2216,4222.9
2025-04-26 13:50:00+09:00,0.2217,0.2217,0.2212,0.2217,3380.1
2025-04-26 13:55:00+09:00,0.2217,0.2217,0.2214,0.2216,19224.6
2025-04-26 14:00:00+09:00,0.2215,0.2217,0.2213,0.2216,5199.2
2025-04-26 14:05:00+09:00,0.2216,0.2217,0.2213,0.2213,24617.2
2025-04-26 14:10:00+09:00,0.2212,0.2217,0.2211,0.2217,20713.2
2025-04-26 14:15:00+09:00,0.2217,0.2219,0.2216,0.2216,4300.4
2025-04-26 14:20:00+09:00,0.2217,0.2219,0.2217,0.2217,1668.4
2025-04-26 14:25:00+09:00,0.2217,0.2217,0.2212,0.2216,11769.2
2025-04-26 14:30:00+09:00,0.2217,0.222,0.2217,0.2219,16663.4
2025-04-26 14:35:00+09:00,0.2218,0.2219,0.2217,0.2217,5044.8
2025-04-26 14:40:00+09:00,0.2218,0.2222,0.2215,0.2222,15542.6
2025-04-26 14:45:00+09:00,0.2223,0.2231,0.2223,0.2231,7436.0
2025-04-26 14:50:00+09:00,0.2232,0.2232,0.223,0.2231,582.8
2025-04-26 14:55:00+09:00,0.2233,0.2234,0.223,0.223,6590.1
2025-04-26 15:00:00+09:00,0.2231,0.2241,0.2231,0.224,86036.2
2025-04-26 15:05:00+09:00,0.2239,0.2241,0.2235,0.2235,14296.3
2025-04-26 15:10:00+09:00,0.2236,0.2249,0.2236,0.2249,21053.9
2025-04-26 15:15:00+09:00,0.2248,0.225,0.2244,0.2244,12027.0
2025-04-26 15:20:00+09:00,0.2245,0.2247,0.2243,0.2243,30940.5
2025-04-26 15:25:00+09:00,0.2243,0.2244,0.2238,0.2239,10342.9
2025-04-26 15:30:00+09:00,0.2239,0.2244,0.2237,0.2241,21484.6
2025-04-26 15:35:00+09:00,0.2244,0.2251,0.2242,0.2248,13824.2
2025-04-26 15:40:00+09:00,0.2247,0.225,0.2246,0.2249,6297.1
2025-04-26 15:45:00+09:00,0.225,0.2253,0.2248,0.2252,13189.2
2025-04-26 15:50:00+09:00,0.2253,0.2253,0.2248,0.2251,13621.6
2025-04-26 15:55:00+09:00,0.2251,0.2251,0.2249,0.225,218.2
2025-04-26 16:00:00+09:00,0.2249,0.2295,0.2249,0.2291,677129.1
2025-04-26 16:05:00+09:00,0.2289,0.2305,0.2288,0.2292,359670.4
2025-04-26 16:10:00+09:00,0.2296,0.2314,0.2289,0.23,230356.0
2025-04-26 16:15:00+09:00,0.2301,0.2309,0.2287,0.2288,70046.6
2025-04-26 16:20:00+09:00,0.2288,0.2288,0.2279,0.2283,4878.0
2025-04-26 16:25:00+09:00,0.2281,0.2283,0.2275,0.2283,32563.3
2025-04-26 16:30:00+09:00,0.2283,0.2283,0.2276,0.228,8220.8
2025-04-26 16:35:00+09:00,0.228,0.2283,0.2279,0.2279,9266.9
2025-04-26 16:40:00+09:00,0.228,0.228,0.2275,0.2278,11308.2
2025-04-26 16:45:00+09:00,0.2277,0.2277,0.2272,0.2276,8008.4
2025-04-26 16:50:00+09:00,0.2278,0.2283,0.2277,0.2281,31354.5
2025-04-26 16:55:00+09:00,0.228,0.228,0.2277,0.2277,5420.2
2025-04-26 17:00:00+09:00,0.2278,0.228,0.2273,0.2274,69654.4
2025-04-26 17:05:00+09:00,0.2274,0.2295,0.2274,0.2287,157449.9
2025-04-26 17:10:00+09:00,0.2288,0.229,0.2283,0.2289,23295.1
2025-04-26 17:15:00+09:00,0.229,0.229,0.2285,0.2285,2011.8
2025-04-26 17:20:00+09:00,0.2287,0.2287,0.2283,0.2283,7467.1
2025-04-26 17:25:00+09:00,0.2284,0.2314,0.2284,0.2304,325852.5
2025-04-26 17:30:00+09:00,0.2305,0.2305,0.2294,0.2298,30234.8
2025-04-26 17:35:00+09:00,0.2299,0.2306,0.2299,0.2301,20639.3
2025-04-26 17:40:00+09:00,0.2299,0.2299,0.2274,0.2278,68610.5
2025-04-26 17:45:00+09:00,0.2274,0.2278,0.2267,0.227,56772.9
2025-04-26 17:50:00+09:00,0.2271,0.2271,0.2261,0.2264,24463.9
2025-04-26 17:55:00+09:00,0.2264,0.2269,0.2261,0.2261,21471.5
2025-04-26 18:00:00+09:00,0.2263,0.2264,0.2254,0.2254,23656.9
2025-04-26 18:05:00+09:00,0.2253,0.2257,0.2252,0.2253,91922.7
2025-04-26 18:10:00+09:00,0.2252,0.2259,0.2252,0.2259,26120.7
2025-04-26 18:15:00+09:00,0.2258,0.2271,0.2257,0.227,30940.4
2025-04-26 18:20:00+09:00,0.2272,0.2276,0.2272,0.2274,7657.2
2025-04-26 18:25:00+09:00,0.2272,0.2272,0.2256,0.2258,12917.9
2025-04-26 18:30:00+09:00,0.2258,0.2258,0.2241,0.2244,15513.5
2025-04-26 18:35:00+09:00,0.2243,0.2244,0.2234,0.2242,8684.5
2025-04-26 18:40:00+09:00,0.2242,0.2245,0.224,0.2245,10430.9
2025-04-26 18:45:00+09:00,0.2243,0.2246,0.2242,0.2245,6666.3
2025-04-26 18:50:00+09:00,0.2245,0.2247,0.2245,0.2247,3728.3
2025-04-26 18:55:00+09:00,0.2246,0.225,0.2243,0.225,19921.0
2025-04-26 19:00:00+09:00,0.2251,0.2256,0.2246,0.2255,18608.5
2025-04-26 19:05:00+09:00,0.2256,0.2261,0.2255,0.2259,31957.9
2025-04-26 19:10:00+09:00,0.226,0.2263,0.2256,0.2258,15787.6
2025-04-26 19:15:00+09:00,0.2257,0.2262,0.2257,0.226,6487.4
2025-04-26 19:20:00+09:00,0.2263,0.2266,0.2261,0.2266,3517.0
2025-04-26 19:25:00+09:00,0.2267,0.2267,0.2263,0.2263,10048.5
2025-04-26 19:30:00+09:00,0.2262,0.2265,0.226,0.2261,2711.3
2025-04-26 19:35:00+09:00,0.2264,0.2269,0.2264,0.2269,6027.8
2025-04-26 19:40:00+09:00,0.2269,0.2269,0.2265,0.2266,4227.7
2025-04-26 19:45:00+09:00,0.2267,0.2269,0.2263,0.2263,5012.9
2025-04-26 19:50:00+09:00,0.2266,0.2266,0.2263,0.2265,6709.5
2025-04-26 19:55:00+09:00,0.2265,0.2266,0.2259,0.226,2088.7
2025-04-26 20:00:00+09:00,0.2257,0.2267,0.2252,0.2266,23505.5
2025-04-26 20:05:00+09:00,0.2265,0.2272,0.2261,0.2261,10994.3
2025-04-26 20:10:00+09:00,0.2262,0.2264,0.2262,0.2263,8421.2
2025-04-26 20:15:00+09:00,0.2257,0.2264,0.2257,0.2258,8155.9
2025-04-26 20:20:00+09:00,0.2258,0.226,0.225,0.2251,12971.0
2025-04-26 20:25:00+09:00,0.2252,0.2255,0.2246,0.2248,9301.1
2025-04-26 20:30:00+09:00,0.2248,0.2252,0.2248,0.2251,3885.0
2025-04-26 20:35:00+09:00,0.225,0.225,0.2238,0.2239,16625.4
2025-04-26 20:40:00+09:00,0.2238,0.2244,0.2233,0.2234,43465.8
2025-04-26 20:45:00+09:00,0.2235,0.2239,0.2229,0.2234,9171.9
2025-04-26 20:50:00+09:00,0.2234,0.2234,0.2219,0.2221,42552.8
2025-04-26 20:55:00+09:00,0.2223,0.2227,0.222,0.2221,9488.2
2025-04-26 21:00:00+09:00,0.2221,0.2228,0.2221,0.2226,66988.7
2025-04-26 21:05:00+09:00,0.2225,0.2235,0.2221,0.2235,16163.6
2025-04-26 21:10:00+09:00,0.2233,0.2243,0.2233,0.2234,22578.5
2025-04-26 21:15:00+09:00,0.2235,0.2236,0.2232,0.2232,11302.2
2025-04-26 21:20:00+09:00,0.2225,0.2231,0.2225,0.2231,9596.8
2025-04-26 21:25:00+09:00,0.2229,0.2236,0.2228,0.2235,26947.1
2025-04-26 21:30:00+09:00,0.2234,0.2234,0.2224,0.2224,40072.0
2025-04-26 21:35:00+09:00,0.2223,0.2229,0.2219,0.2226,20221.9
2025-04-26 21:40:00+09:00,0.2225,0.2232,0.2225,0.2229,9922.3
2025-04-26 21:45:00+09:00,0.2227,0.2229,0.2223,0.2227,20252.1
2025-04-26 21:50:00+09:00,0.2227,0.2228,0.2223,0.2228,10273.5
2025-04-26 21:55:00+09:00,0.2226,0.2229,0.2225,0.2225,21713.2
2025-04-26 22:00:00+09:00,0.2223,0.2228,0.2221,0.2227,17569.6
2025-04-26 22:05:00+09:00,0.223,0.2232,0.223,0.2231,4843.6
2025-04-26 22:10:00+09:00,0.2229,0.2231,0.2229,0.2229,4785.3
2025-04-26 22:15:00+09:00,0.2228,0.223,0.2228,0.223,3115.0
2025-04-26 22:20:00+09:00,0.2229,0.2232,0.2228,0.2231,33926.8
2025-04-26 22:25:00+09:00,0.223,0.223,0.2223,0.2223,18125.7
2025-04-26 22:30:00+09:00,0.2222,0.2222,0.2217,0.222,17708.2
2025-04-26 22:35:00+09:00,0.2221,0.223,0.2221,0.223,23608.1
2025-04-26 22:40:00+09:00,0.223,0.2232,0.2222,0.2223,30265.0
2025-04-26 22:45:00+09:00,0.2222,0.2222,0.2212,0.2221,29371.1
2025-04-26 22:50:00+09:00,0.2222,0.2223,0.2214,0.2217,16177.5
2025-04-26 22:55:00+09:00,0.2218,0.2228,0.2218,0.2228,9182.9
2025-04-26 23:00:00+09:00,0.2228,0.2232,0.2225,0.2225,32377.6
2025-04-26 23:05:00+09:00,0.2227,0.2232,0.2214,0.2218,49874.5
2025-04-26 23:10:00+09:00,0.2218,0.2225,0.2217,0.2225,22738.9
2025-04-26 23:15:00+09:00,0.2225,0.2225,0.2214,0.2219,13729.9
2025-04-26 23:20:00+09:00,0.2217,0.2217,0.221,0.2215,22151.7
2025-04-26 23:25:00+09:00,0.2215,0.222,0.2215,0.2218,8374.8
2025-04-26 23:30:00+09:00,0.2219,0.2224,0.2218,0.2224,9593.3
2025-04-26 23:35:00+09:00,0.2225,0.2227,0.2216,0.2227,194862.9
2025-04-26 23:40:00+09:00,0.2227,0.2232,0.2227,0.2228,26732.1
2025-04-26 23:45:00+09:00,0.2227,0.2229,0.2225,0.2225,15957.7
2025-04-26 23:50:00+09:00,0.2222,0.2224,0.2221,0.2224,17368.0
2025-04-26 23:55:00+09:00,0.2224,0.2228,0.2221,0.2224,27882.0
2025-04-27 00:00:00+09:00,0.2227,0.2273,0.2225,0.2228,310264.3
2025-04-27 00:05:00+09:00,0.2229,0.2241,0.2229,0.2241,20716.4
2025-04-27 00:10:00+09:00,0.224,0.2247,0.224,0.2242,5946.3
2025-04-27 00:15:00+09:00,0.2243,0.225,0.2243,0.2243,21150.3
2025-04-27 00:20:00+09:00,0.2244,0.2245,0.224,0.2245,16394.5
2025-04-27 00:25:00+09:00,0.2247,0.2253,0.2247,0.2252,3838.6
2025-04-27 00:30:00+09:00,0.2252,0.2255,0.2247,0.2252,11217.1
2025-04-27 00:35:00+09:00,0.2252,0.2257,0.2252,0.2254,10818.5
2025-04-27 00:40:00+09:00,0.2255,0.2257,0.2248,0.2256,83958.4
2025-04-27 00:45:00+09:00,0.2254,0.2258,0.2252,0.2257,4964.6
2025-04-27 00:50:00+09:00,0.2263,0.2265,0.2261,0.2265,8559.4
2025-04-27 00:55:00+09:00,0.2262,0.2269,0.2259,0.226,48067.0
2025-04-27 01:00:00+09:00,0.2259,0.2261,0.2258,0.226,12417.4
2025-04-27 01:05:00+09:00,0.2259,0.2259,0.2254,0.2254,8270.9
2025-04-27 01:10:00+09:00,0.2257,0.2261,0.2255,0.2258,6968.6
2025-04-27 01:15:00+09:00,0.2259,0.2267,0.2256,0.2267,63184.5
2025-04-27 01:20:00+09:00,0.2271,0.2271,0.2264,0.2265,20237.8
2025-04-27 01:25:00+09:00,0.2266,0.2268,0.2266,0.2266,3142.2
2025-04-27 01:30:00+09:00,0.2266,0.2266,0.226,0.226,10402.8
2025-04-27 01:35:00+09:00,0.2261,0.2261,0.2247,0.226,175822.6
2025-04-27 01:40:00+09:00,0.226,0.2261,0.2246,0.2249,18654.0
2025-04-27 01:45:00+09:00,0.2247,0.2255,0.2246,0.2255,4572.9
2025-04-27 01:50:00+09:00,0.2257,0.2259,0.2253,0.2259,5788.5
2025-04-27 01:55:00+09:00,0.2259,0.2261,0.2259,0.2261,4078.6
2025-04-27 02:00:00+09:00,0.2261,0.2266,0.2261,0.2266,21715.3
2025-04-27 02:05:00+09:00,0.2264,0.2264,0.226,0.2263,7614.5
2025-04-27 02:10:00+09:00,0.2262,0.2262,0.2252,0.2254,13309.0
2025-04-27 02:15:00+09:00,0.2255,0.2258,0.2253,0.2258,6253.3
2025-04-27 02:20:00+09:00,0.2256,0.2257,0.2254,0.2257,3961.4
2025-04-27 02:25:00+09:00,0.2257,0.2264,0.2257,0.2262,9577.5
2025-04-27 02:30:00+09:00,0.2263,0.2265,0.2262,0.2265,1905.7
2025-04-27 02:35:00+09:00,0.2263,0.2264,0.2262,0.2263,5788.8
2025-04-27 02:40:00+09:00,0.2263,0.2269,0.2263,0.2268,1447.3
2025-04-27 02:45:00+09:00,0.2268,0.2268,0.2266,0.2267,2481.2
2025-04-27 02:50:00+09:00,0.2268,0.2268,0.2265,0.2265,1156.5
2025-04-27 02:55:00+09:00,0.2266,0.2266,0.2262,0.2264,5368.4
2025-04-27 03:00:00+09:00,0.2262,0.2262,0.2256,0.2259,9048.6
2025-04-27 03:05:00+09:00,0.2259,0.2262,0.2259,0.2262,11465.9
2025-04-27 03:10:00+09:00,0.2262,0.2263,0.2256,0.2256,4002.7
2025-04-27 03:15:00+09:00,0.2257,0.2261,0.2257,0.226,5543.7
2025-04-27 03:20:00+09:00,0.2259,0.2262,0.2259,0.2262,3034.4
2025-04-27 03:25:00+09:00,0.226,0.2264,0.226,0.2262,4613.9
2025-04-27 03:30:00+09:00,0.226,0.2267,0.2259,0.2262,11321.7
2025-04-27 03:35:00+09:00,0.2263,0.2263,0.226,0.226,1594.6
2025-04-27 03:40:00+09:00,0.2261,0.2261,0.2255,0.2256,20055.4
2025-04-27 03:45:00+09:00,0.2256,0.2258,0.2253,0.2253,1765.5
2025-04-27 03:50:00+09:00,0.2254,0.2254,0.2248,0.2248,522.3
2025-04-27 03:55:00+09:00,0.2248,0.225,0.2244,0.2245,13374.5
2025-04-27 04:00:00+09:00,0.2247,0.225,0.2247,0.225,8799.0
2025-04-27 04:05:00+09:00,0.225,0.225,0.2244,0.2244,3876.9
2025-04-27 04:10:00+09:00,0.2245,0.2248,0.2244,0.2247,8568.2
2025-04-27 04:15:00+09:00,0.2247,0.2247,0.2246,0.2247,4055.8
2025-04-27 04:20:00+09:00,0.2247,0.2249,0.2247,0.2247,1475.5
2025-04-27 04:25:00+09:00,0.2248,0.2253,0.2248,0.2253,3446.3
2025-04-27 04:30:00+09:00,0.2255,0.2255,0.2251,0.2252,5178.3
2025-04-27 04:35:00+09:00,0.2254,0.2257,0.2253,0.2256,5798.1
2025-04-27 04:40:00+09:00,0.2256,0.2258,0.2256,0.2257,3657.1
2025-04-27 04:45:00+09:00,0.2256,0.2258,0.225,0.225,17018.4
2025-04-27 04:50:00+09:00,0.225,0.2253,0.225,0.2253,5176.8
2025-04-27 04:55:00+09:00,0.2253,0.2256,0.225,0.2255,8966.9
2025-04-27 05:00:00+09:00,0.2256,0.2258,0.2255,0.2257,7602.2
2025-04-27 05:05:00+09:00,0.2258,0.227,0.2257,0.2268,73679.7
2025-04-27 05:10:00+09:00,0.2268,0.2269,0.2263,0.2263,5416.6
2025-04-27 05:15:00+09:00,0.2266,0.2266,0.2264,0.2264,1846.0
2025-04-27 05:20:00+09:00,0.2264,0.2265,0.2264,0.2265,428.0
2025-04-27 05:25:00+09:00,0.2264,0.2265,0.2264,0.2265,2963.5
2025-04-27 05:30:00+09:00,0.2265,0.2269,0.2264,0.2264,13967.6
2025-04-27 05:35:00+09:00,0.2263,0.2263,0.226,0.2263,6884.0
2025-04-27 05:40:00+09:00,0.2262,0.2264,0.2261,0.2261,3657.3
2025-04-27 05:45:00+09:00,0.2262,0.2263,0.2262,0.2262,3993.5
2025-04-27 05:50:00+09:00,0.2264,0.2264,0.226,0.226,1866.3
2025-04-27 05:55:00+09:00,0.2261,0.2261,0.2258,0.2258,2385.2
2025-04-27 06:00:00+09:00,0.2259,0.2262,0.2259,0.226,4110.8
2025-04-27 06:05:00+09:00,0.2262,0.2265,0.2261,0.2264,5517.0
2025-04-27 06:10:00+09:00,0.2265,0.2272,0.2265,0.227,24628.3
2025-04-27 06:15:00+09:00,0.2272,0.2272,0.2264,0.2264,8935.7
2025-04-27 06:20:00+09:00,0.2263,0.2269,0.2262,0.2269,2033.8
2025-04-27 06:25:00+09:00,0.2269,0.227,0.2269,0.227,2878.6
2025-04-27 06:30:00+09:00,0.2269,0.227,0.2268,0.2269,32442.3
2025-04-27 06:35:00+09:00,0.227,0.2283,0.227,0.2283,13027.9
2025-04-27 06:40:00+09:00,0.2283,0.2286,0.2276,0.2282,48479.1
2025-04-27 06:45:00+09:00,0.2286,0.2288,0.228,0.228,11845.1
2025-04-27 06:50:00+09:00,0.2277,0.2277,0.2271,0.2272,1731.8
2025-04-27 06:55:00+09:00,0.2271,0.2271,0.2271,0.2271,2492.7
2025-04-27 07:00:00+09:00,0.2268,0.2269,0.2266,0.2269,2702.0
2025-04-27 07:05:00+09:00,0.227,0.2281,0.227,0.228,6451.6
2025-04-27 07:10:00+09:00,0.2279,0.2284,0.2275,0.2284,19350.1
2025-04-27 07:15:00+09:00,0.2283,0.2285,0.2279,0.2284,22854.6
2025-04-27 07:20:00+09:00,0.2282,0.2282,0.2279,0.2282,2618.8
2025-04-27 07:25:00+09:00,0.2282,0.2282,0.2278,0.2281,9244.9
2025-04-27 07:30:00+09:00,0.228,0.2283,0.2279,0.2279,11380.8
2025-04-27 07:35:00+09:00,0.2281,0.2285,0.2281,0.2283,2565.6
2025-04-27 07:40:00+09:00,0.2282,0.2286,0.2282,0.2286,12361.3
2025-04-27 07:45:00+09:00,0.2284,0.2284,0.228,0.228,5570.1
2025-04-27 07:50:00+09:00,0.2282,0.2282,0.2275,0.2275,6798.0
2025-04-27 07:55:00+09:00,0.2275,0.2277,0.2275,0.2277,965.1
2025-04-27 08:00:00+09:00,0.2275,0.2277,0.2274,0.2274,1734.1
2025-04-27 08:05:00+09:00,0.2274,0.2277,0.2274,0.2277,5435.3
2025-04-27 08:10:00+09:00,0.2275,0.2279,0.2275,0.2278,5076.2
2025-04-27 08:15:00+09:00,0.2278,0.2279,0.2277,0.2279,1867.8
2025-04-27 08:20:00+09:00,0.2278,0.2278,0.2278,0.2278,5017.2
2025-04-27 08:25:00+09:00,0.2277,0.2282,0.2275,0.2281,31420.9
2025-04-27 08:30:00+09:00,0.228,0.2287,0.2279,0.2287,14022.3
2025-04-27 08:35:00+09:00,0.2286,0.2286,0.2285,0.2285,1669.6
2025-04-27 08:40:00+09:00,0.2284,0.2291,0.2284,0.229,10363.0
2025-04-27 08:45:00+09:00,0.229,0.2297,0.2287,0.2292,45840.9
2025-04-27 08:50:00+09:00,0.2289,0.2292,0.2289,0.2291,700.9
2025-04-27 08:55:00+09:00,0.229,0.229,0.2288,0.2288,2821.9
2025-04-27 09:00:00+09:00,0.2288,0.229,0.2285,0.2285,12170.9
2025-04-27 09:05:00+09:00,0.2283,0.2293,0.2283,0.2293,11025.9
2025-04-27 09:10:00+09:00,0.2294,0.2299,0.2294,0.2298,4747.2
2025-04-27 09:15:00+09:00,0.2299,0.2315,0.2299,0.2313,46185.6
2025-04-27 09:20:00+09:00,0.2312,0.2313,0.2297,0.2299,30231.5
2025-04-27 09:25:00+09:00,0.2298,0.2298,0.2293,0.2297,6123.0
2025-04-27 09:30:00+09:00,0.2297,0.2298,0.2288,0.2288,4804.5
2025-04-27 09:35:00+09:00,0.2289,0.229,0.2287,0.229,1928.4
2025-04-27 09:40:00+09:00,0.229,0.229,0.228,0.2286,28950.4
2025-04-27 09:45:00+09:00,0.2286,0.2301,0.2283,0.2294,99995.7
2025-04-27 09:50:00+09:00,0.2296,0.2301,0.2295,0.2295,4058.6
2025-04-27 09:55:00+09:00,0.2294,0.2295,0.229,0.2291,2307.0
2025-04-27 10:00:00+09:00,0.2292,0.2294,0.2283,0.2285,5610.5
2025-04-27 10:05:00+09:00,0.2285,0.2286,0.2278,0.2281,11357.1
2025-04-27 10:10:00+09:00,0.2284,0.2302,0.2284,0.23,48768.9
2025-04-27 10:15:00+09:00,0.2299,0.2302,0.2284,0.2284,140513.6
2025-04-27 10:20:00+09:00,0.2277,0.2277,0.2251,0.2251,54435.9
2025-04-27 10:25:00+09:00,0.225,0.225,0.2242,0.2245,55183.8
2025-04-27 10:30:00+09:00,0.2243,0.226,0.2237,0.2239,212981.6
2025-04-27 10:35:00+09:00,0.2237,0.2246,0.223,0.2242,80295.6
2025-04-27 10:40:00+09:00,0.224,0.2246,0.2239,0.224,5244.6
2025-04-27 10:45:00+09:00,0.2239,0.2239,0.2224,0.2227,24914.2
2025-04-27 10:50:00+09:00,0.2227,0.2229,0.222,0.2221,4174.0
2025-04-27 10:55:00+09:00,0.2222,0.2222,0.2208,0.221,49088.7
2025-04-27 11:00:00+09:00,0.2208,0.2223,0.2208,0.2217,14703.3
2025-04-27 11:05:00+09:00,0.2221,0.2227,0.2221,0.2227,6811.7
2025-04-27 11:10:00+09:00,0.2226,0.2239,0.2226,0.2239,3022.5
2025-04-27 11:15:00+09:00,0.2241,0.2241,0.2226,0.2232,5438.6
2025-04-27 11:20:00+09:00,0.2233,0.2234,0.2229,0.223,5790.2
2025-04-27 11:25:00+09:00,0.2231,0.2236,0.2231,0.2233,7274.7
2025-04-27 11:30:00+09:00,0.223,0.2231,0.2225,0.2227,11777.2
2025-04-27 11:35:00+09:00,0.2229,0.223,0.2225,0.2225,3874.5
2025-04-27 11:40:00+09:00,0.2223,0.2226,0.2223,0.2225,3515.9
2025-04-27 11:45:00+09:00,0.2224,0.2225,0.222,0.222,3330.9
2025-04-27 11:50:00+09:00,0.222,0.2231,0.222,0.2231,5897.6
2025-04-27 11:55:00+09:00,0.2231,0.2231,0.2229,0.2231,3190.6
2025-04-27 12:00:00+09:00,0.2231,0.2236,0.223,0.2236,7933.9
2025-04-27 12:05:00+09:00,0.2237,0.2241,0.2237,0.2239,8037.8
2025-04-27 12:10:00+09:00,0.2242,0.2244,0.2234,0.2234,16509.0
2025-04-27 12:15:00+09:00,0.2235,0.2241,0.2235,0.2235,9062.2
2025-04-27 12:20:00+09:00,0.2236,0.2237,0.2234,0.2235,1954.8
2025-04-27 12:25:00+09:00,0.2235,0.2235,0.2232,0.2234,809.3
2025-04-27 12:30:00+09:00,0.2234,0.2246,0.2234,0.2245,7373.9
2025-04-27 12:35:00+09:00,0.2245,0.2248,0.2245,0.2248,895.7
2025-04-27 12:40:00+09:00,0.2248,0.2252,0.2241,0.2243,50489.2
2025-04-27 12:45:00+09:00,0.2246,0.2248,0.2242,0.2243,13787.3
2025-04-27 12:50:00+09:00,0.2244,0.2244,0.2238,0.224,9282.4
2025-04-27 12:55:00+09:00,0.2242,0.2244,0.2242,0.2243,5352.2
2025-04-27 13:00:00+09:00,0.2243,0.2246,0.2241,0.2241,14989.1
2025-04-27 13:05:00+09:00,0.224,0.2248,0.2238,0.2248,21441.7
2025-04-27 13:10:00+09:00,0.225,0.2252,0.2245,0.2247,20905.2
2025-04-27 13:15:00+09:00,0.2244,0.2244,0.224,0.2242,12657.4
2025-04-27 13:20:00+09:00,0.2243,0.2245,0.2241,0.2243,30936.1
2025-04-27 13:25:00+09:00,0.2242,0.2242,0.2239,0.2239,1495.0
2025-04-27 13:30:00+09:00,0.224,0.2241,0.223,0.223,3490.8
2025-04-27 13:35:00+09:00,0.2228,0.2229,0.2225,0.2225,4806.0
2025-04-27 13:40:00+09:00,0.2221,0.2225,0.2217,0.2217,18486.9
2025-04-27 13:45:00+09:00,0.2217,0.2219,0.2214,0.2214,3507.5
2025-04-27 13:50:00+09:00,0.2214,0.2214,0.2205,0.2206,12618.7
2025-04-27 13:55:00+09:00,0.2207,0.2214,0.2207,0.221,7370.3
2025-04-27 14:00:00+09:00,0.2209,0.2215,0.2209,0.2215,2105.3
2025-04-27 14:05:00+09:00,0.2215,0.2219,0.221,0.2216,38329.9
2025-04-27 14:10:00+09:00,0.2214,0.2216,0.2212,0.2214,14042.2
2025-04-27 14:15:00+09:00,0.2213,0.2216,0.2212,0.2212,2065.7
2025-04-27 14:20:00+09:00,0.2212,0.2225,0.2205,0.2205,235798.8
2025-04-27 14:25:00+09:00,0.2207,0.2208,0.2201,0.2205,17717.9
2025-04-27 14:30:00+09:00,0.2202,0.2214,0.2202,0.2213,18624.0
2025-04-27 14:35:00+09:00,0.2214,0.2216,0.2212,0.2212,4904.3
2025-04-27 14:40:00+09:00,0.2213,0.2216,0.2213,0.2216,8358.2
2025-04-27 14:45:00+09:00,0.2216,0.2224,0.2215,0.2224,3455.7
2025-04-27 14:50:00+09:00,0.2226,0.2226,0.2219,0.2225,9483.9
2025-04-27 14:55:00+09:00,0.2223,0.2224,0.2222,0.2224,2411.8
2025-04-27 15:00:00+09:00,0.2223,0.2224,0.222,0.222,5226.8
2025-04-27 15:05:00+09:00,0.2221,0.2221,0.2219,0.222,4037.5
2025-04-27 15:10:00+09:00,0.2221,0.2222,0.222,0.222,1738.6
2025-04-27 15:15:00+09:00,0.222,0.222,0.2216,0.2219,3222.2
2025-04-27 15:20:00+09:00,0.2218,0.2221,0.2217,0.2221,12595.9
2025-04-27 15:25:00+09:00,0.2221,0.2221,0.2218,0.222,2800.8
2025-04-27 15:30:00+09:00,0.222,0.222,0.2219,0.2219,1456.9
2025-04-27 15:35:00+09:00,0.2219,0.2219,0.2215,0.2215,883.8
2025-04-27 15:40:00+09:00,0.2216,0.2219,0.2203,0.2204,67423.0
2025-04-27 15:45:00+09:00,0.2205,0.2206,0.2191,0.2199,146591.3
2025-04-27 15:50:00+09:00,0.2199,0.2206,0.2199,0.2206,11742.5
2025-04-27 15:55:00+09:00,0.2207,0.2207,0.2205,0.2205,2813.1
2025-04-27 16:00:00+09:00,0.2204,0.2209,0.2204,0.2209,17828.8
2025-04-27 16:05:00+09:00,0.2209,0.2211,0.2207,0.2208,2454.2
2025-04-27 16:10:00+09:00,0.2207,0.2207,0.2204,0.2207,5884.6
2025-04-27 16:15:00+09:00,0.2206,0.2217,0.2206,0.2216,61307.0
2025-04-27 16:20:00+09:00,0.2218,0.222,0.2217,0.2217,3611.8
2025-04-27 16:25:00+09:00,0.2218,0.2221,0.2216,0.222,3213.6
2025-04-27 16:30:00+09:00,0.222,0.2224,0.2217,0.2217,6065.7
2025-04-27 16:35:00+09:00,0.2217,0.2218,0.2215,0.2216,2189.0
2025-04-27 16:40:00+09:00,0.2217,0.2219,0.2217,0.2218,1611.8
2025-04-27 16:45:00+09:00,0.2217,0.2219,0.2215,0.2219,4584.9
2025-04-27 16:50:00+09:00,0.2219,0.2219,0.2216,0.2216,8920.2
2025-04-27 16:55:00+09:00,0.2217,0.2217,0.2217,0.2217,716.6
2025-04-27 17:00:00+09:00,0.2216,0.2216,0.2213,0.2213,2863.2
2025-04-27 17:05:00+09:00,0.2212,0.2216,0.2212,0.2216,3307.5
2025-04-27 17:10:00+09:00,0.2218,0.2223,0.2217,0.2223,8013.4
2025-04-27 17:15:00+09:00,0.2222,0.2235,0.2222,0.2224,23616.2
2025-04-27 17:20:00+09:00,0.2224,0.2227,0.2224,0.2226,1424.8
2025-04-27 17:25:00+09:00,0.2226,0.2226,0.2225,0.2225,1601.6
2025-04-27 17:30:00+09:00,0.2224,0.2239,0.2223,0.2231,107914.3
2025-04-27 17:35:00+09:00,0.223,0.2231,0.2226,0.223,7464.5
2025-04-27 17:40:00+09:00,0.223,0.223,0.2226,0.223,5756.6
2025-04-27 17:45:00+09:00,0.2231,0.2232,0.2229,0.2232,2749.5
2025-04-27 17:50:00+09:00,0.2232,0.2233,0.2227,0.2227,10001.8
2025-04-27 17:55:00+09:00,0.2229,0.2229,0.2227,0.2228,4781.8
2025-04-27 18:00:00+09:00,0.2228,0.2228,0.2223,0.2223,3545.9
2025-04-27 18:05:00+09:00,0.2219,0.2223,0.2215,0.2215,5963.7
2025-04-27 18:10:00+09:00,0.2215,0.2217,0.2212,0.2213,9590.2
2025-04-27 18:15:00+09:00,0.2213,0.2219,0.2213,0.2219,1622.4
2025-04-27 18:20:00+09:00,0.2217,0.2217,0.2211,0.2213,4140.1
2025-04-27 18:25:00+09:00,0.2213,0.2214,0.221,0.2211,7966.2
2025-04-27 18:30:00+09:00,0.221,0.2218,0.2209,0.2218,3384.1
2025-04-27 18:35:00+09:00,0.2218,0.2224,0.2217,0.2224,4433.5
2025-04-27 18:40:00+09:00,0.2224,0.2233,0.2224,0.2233,5107.2
2025-04-27 18:45:00+09:00,0.2232,0.2233,0.2231,0.2232,2008.6
2025-04-27 18:50:00+09:00,0.2232,0.2232,0.223,0.223,1353.6
2025-04-27 18:55:00+09:00,0.223,0.2231,0.2228,0.2228,4090.6
2025-04-27 19:00:00+09:00,0.2226,0.2228,0.2226,0.2228,1488.5
2025-04-27 19:05:00+09:00,0.2227,0.2229,0.2225,0.2229,4003.7
2025-04-27 19:10:00+09:00,0.2227,0.2227,0.2224,0.2226,4445.6
2025-04-27 19:15:00+09:00,0.2224,0.2228,0.2224,0.2225,4112.8
2025-04-27 19:20:00+09:00,0.2226,0.2226,0.2225,0.2225,740.6
2025-04-27 19:25:00+09:00,0.2226,0.2226,0.2223,0.2223,4164.4
2025-04-27 19:30:00+09:00,0.2224,0.2228,0.2224,0.2228,1369.7
2025-04-27 19:35:00+09:00,0.2227,0.2227,0.2218,0.2218,6759.9
2025-04-27 19:40:00+09:00,0.2218,0.2224,0.2218,0.2222,6791.5
2025-04-27 19:45:00+09:00,0.2223,0.2228,0.2223,0.2228,6924.8
2025-04-27 19:50:00+09:00,0.2228,0.2228,0.2225,0.2226,3713.6
2025-04-27 19:55:00+09:00,0.2225,0.2233,0.2225,0.2232,9944.0
2025-04-27 20:00:00+09:00,0.2232,0.2238,0.2231,0.2237,32676.0
2025-04-27 20:05:00+09:00,0.2236,0.2238,0.2233,0.2234,15851.6
2025-04-27 20:10:00+09:00,0.2235,0.2238,0.2235,0.2238,8342.3
2025-04-27 20:15:00+09:00,0.2236,0.2239,0.2236,0.2238,10857.4
2025-04-27 20:20:00+09:00,0.2238,0.2238,0.2234,0.2234,13650.9
2025-04-27 20:25:00+09:00,0.2234,0.2237,0.2234,0.2236,2758.5
2025-04-27 20:30:00+09:00,0.2234,0.2242,0.2233,0.2236,100818.3
2025-04-27 20:35:00+09:00,0.2237,0.224,0.2237,0.2237,5590.2
2025-04-27 20:40:00+09:00,0.2235,0.2235,0.2232,0.2234,13942.9
2025-04-27 20:45:00+09:00,0.2234,0.2239,0.2234,0.2239,12979.6
2025-04-27 20:50:00+09:00,0.2238,0.224,0.2237,0.2238,12555.5
2025-04-27 20:55:00+09:00,0.2238,0.2239,0.2236,0.2236,5233.3
2025-04-27 21:00:00+09:00,0.2236,0.2238,0.2233,0.2236,13658.7
2025-04-27 21:05:00+09:00,0.2235,0.2239,0.2235,0.2237,8188.7
2025-04-27 21:10:00+09:00,0.2238,0.2243,0.2235,0.2236,10090.7
2025-04-27 21:15:00+09:00,0.2235,0.2247,0.2235,0.2246,29607.5
2025-04-27 21:20:00+09:00,0.2247,0.2253,0.2243,0.2247,41652.5
2025-04-27 21:25:00+09:00,0.2247,0.2249,0.2245,0.2247,23940.2
2025-04-27 21:30:00+09:00,0.2245,0.2246,0.2235,0.2241,118729.8
2025-04-27 21:35:00+09:00,0.2241,0.2253,0.2241,0.2245,71247.4
2025-04-27 21:40:00+09:00,0.2246,0.2253,0.2245,0.2245,22998.7
2025-04-27 21:45:00+09:00,0.2247,0.2268,0.2245,0.2255,122626.0
2025-04-27 21:50:00+09:00,0.2256,0.226,0.2252,0.2259,46207.1
2025-04-27 21:55:00+09:00,0.2258,0.2261,0.2254,0.2258,44239.4
2025-04-27 22:00:00+09:00,0.2261,0.2271,0.2261,0.2268,108515.4
2025-04-27 22:05:00+09:00,0.2267,0.2269,0.2248,0.2248,173765.1
2025-04-27 22:10:00+09:00,0.2246,0.226,0.2246,0.2257,46147.6
2025-04-27 22:15:00+09:00,0.2258,0.2259,0.2249,0.2255,17827.2
2025-04-27 22:20:00+09:00,0.2256,0.2256,0.2252,0.2252,14402.0
2025-04-27 22:25:00+09:00,0.2253,0.2258,0.2251,0.2258,17019.4
2025-04-27 22:30:00+09:00,0.2257,0.2264,0.2257,0.2262,16050.9
2025-04-27 22:35:00+09:00,0.2265,0.2268,0.2265,0.2268,7399.5
2025-04-27 22:40:00+09:00,0.2265,0.2268,0.2264,0.2264,9380.5
2025-04-27 22:45:00+09:00,0.2263,0.227,0.2263,0.2265,6721.2
2025-04-27 22:50:00+09:00,0.2264,0.2265,0.2262,0.2265,14941.1
2025-04-27 22:55:00+09:00,0.2265,0.2269,0.2265,0.2268,3735.6
2025-04-27 23:00:00+09:00,0.2268,0.227,0.2262,0.2263,23620.5
2025-04-27 23:05:00+09:00,0.2265,0.2267,0.2264,0.2265,27702.0
2025-04-27 23:10:00+09:00,0.2265,0.2267,0.2264,0.2266,10800.5
2025-04-27 23:15:00+09:00,0.2267,0.2275,0.2264,0.2275,35953.6
2025-04-27 23:20:00+09:00,0.2276,0.2276,0.2266,0.2268,16106.1
2025-04-27 23:25:00+09:00,0.2267,0.2267,0.2256,0.2256,74979.9
2025-04-27 23:30:00+09:00,0.2257,0.2259,0.2252,0.2253,16827.7
2025-04-27 23:35:00+09:00,0.2252,0.2256,0.2252,0.2256,7682.0
2025-04-27 23:40:00+09:00,0.2256,0.2259,0.2251,0.2251,7746.8
2025-04-27 23:45:00+09:00,0.2253,0.2255,0.2251,0.2255,9247.5
2025-04-27 23:50:00+09:00,0.2255,0.2255,0.225,0.225,4853.1
2025-04-27 23:55:00+09:00,0.2247,0.2252,0.2246,0.2248,15102.0
2025-04-28 00:00:00+09:00,0.2248,0.2249,0.2244,0.2244,13548.4
2025-04-28 00:05:00+09:00,0.2244,0.2244,0.2229,0.2229,19720.6
2025-04-28 00:10:00+09:00,0.2228,0.2237,0.2227,0.2236,42985.1
2025-04-28 00:15:00+09:00,0.2235,0.2239,0.2234,0.2238,5190.6
2025-04-28 00:20:00+09:00,0.2238,0.2241,0.2238,0.2241,9481.9
2025-04-28 00:25:00+09:00,0.2242,0.2243,0.223,0.223,9928.7
2025-04-28 00:30:00+09:00,0.2229,0.2235,0.2227,0.2234,28641.3
2025-04-28 00:35:00+09:00,0.2235,0.2236,0.222,0.222,34567.8
2025-04-28 00:40:00+09:00,0.222,0.2236,0.222,0.2226,97522.2
2025-04-28 00:45:00+09:00,0.2224,0.2228,0.2224,0.2225,19925.8
2025-04-28 00:50:00+09:00,0.2227,0.2231,0.2225,0.2229,15892.3
2025-04-28 00:55:00+09:00,0.223,0.2232,0.2228,0.2229,11727.3
2025-04-28 01:00:00+09:00,0.2229,0.223,0.2225,0.223,5508.0
2025-04-28 01:05:00+09:00,0.223,0.2232,0.2227,0.2231,11968.3
2025-04-28 01:10:00+09:00,0.223,0.2231,0.2227,0.2231,18961.0
2025-04-28 01:15:00+09:00,0.2231,0.2231,0.2222,0.2222,9651.7
2025-04-28 01:20:00+09:00,0.2223,0.2227,0.2223,0.2224,2997.1
2025-04-28 01:25:00+09:00,0.2223,0.2223,0.2215,0.2215,37972.5
2025-04-28 01:30:00+09:00,0.221,0.2224,0.2208,0.221,140839.2
2025-04-28 01:35:00+09:00,0.2207,0.2212,0.2204,0.221,26559.4
2025-04-28 01:40:00+09:00,0.2209,0.2216,0.2209,0.2216,8426.8
2025-04-28 01:45:00+09:00,0.2215,0.2219,0.221,0.2215,61800.2
2025-04-28 01:50:00+09:00,0.2218,0.2221,0.2212,0.222,49040.7
2025-04-28 01:55:00+09:00,0.2218,0.2219,0.2212,0.2216,33972.5
2025-04-28 02:00:00+09:00,0.2214,0.2217,0.2212,0.2214,38791.6
2025-04-28 02:05:00+09:00,0.2214,0.2217,0.2214,0.2216,5073.8
2025-04-28 02:10:00+09:00,0.2216,0.222,0.2215,0.2217,11184.3
2025-04-28 02:15:00+09:00,0.2217,0.2221,0.2215,0.222,26349.4
2025-04-28 02:20:00+09:00,0.2219,0.222,0.2219,0.2219,4668.0
2025-04-28 02:25:00+09:00,0.2217,0.2217,0.2215,0.2215,4565.7
2025-04-28 02:30:00+09:00,0.2215,0.2215,0.2212,0.2212,4004.0
2025-04-28 02:35:00+09:00,0.221,0.2214,0.221,0.2212,22773.1
2025-04-28 02:40:00+09:00,0.221,0.2213,0.2209,0.2212,10474.7
2025-04-28 02:45:00+09:00,0.2213,0.2215,0.2211,0.2215,3085.7
2025-04-28 02:50:00+09:00,0.2215,0.2215,0.2213,0.2213,2708.3
2025-04-28 02:55:00+09:00,0.2213,0.2213,0.2211,0.2211,550.3
2025-04-28 03:00:00+09:00,0.2211,0.2211,0.2202,0.2211,56699.5
2025-04-28 03:05:00+09:00,0.2211,0.2213,0.2208,0.221,27325.3
2025-04-28 03:10:00+09:00,0.2209,0.221,0.2208,0.221,3667.9
2025-04-28 03:15:00+09:00,0.2211,0.2219,0.2211,0.2217,9063.5
2025-04-28 03:20:00+09:00,0.2216,0.2216,0.2206,0.2216,78650.5
2025-04-28 03:25:00+09:00,0.2215,0.2215,0.2213,0.2214,8281.4
2025-04-28 03:30:00+09:00,0.2215,0.2218,0.2214,0.2216,4067.8
2025-04-28 03:35:00+09:00,0.2216,0.2218,0.2216,0.2217,3643.7
2025-04-28 03:40:00+09:00,0.2217,0.2223,0.2216,0.2222,14169.4
2025-04-28 03:45:00+09:00,0.2223,0.2224,0.2222,0.2222,2475.6
2025-04-28 03:50:00+09:00,0.2224,0.2224,0.2221,0.2223,4080.9
2025-04-28 03:55:00+09:00,0.2223,0.2223,0.222,0.222,1156.3
2025-04-28 04:00:00+09:00,0.2221,0.2224,0.2219,0.2219,2049.0
2025-04-28 04:05:00+09:00,0.2219,0.2224,0.2219,0.2223,1665.7
2025-04-28 04:10:00+09:00,0.2223,0.2223,0.2219,0.2219,1493.4
2025-04-28 04:15:00+09:00,0.2218,0.2218,0.2214,0.2216,3856.1
2025-04-28 04:20:00+09:00,0.2214,0.2216,0.2214,0.2216,2410.0
2025-04-28 04:25:00+09:00,0.2216,0.2217,0.2215,0.2216,2561.4
2025-04-28 04:30:00+09:00,0.2216,0.2216,0.221,0.2213,10074.2
2025-04-28 04:35:00+09:00,0.2213,0.2215,0.2213,0.2215,3042.2
2025-04-28 04:40:00+09:00,0.2216,0.2216,0.2214,0.2214,7585.9
2025-04-28 04:45:00+09:00,0.2216,0.2217,0.2213,0.2213,20831.6
2025-04-28 04:50:00+09:00,0.2212,0.2215,0.2212,0.2213,3994.2
2025-04-28 04:55:00+09:00,0.2213,0.2213,0.2213,0.2213,2591.0
2025-04-28 05:00:00+09:00,0.2213,0.2213,0.2209,0.2209,18040.2
2025-04-28 05:05:00+09:00,0.2209,0.2213,0.2203,0.2205,15947.9
2025-04-28 05:10:00+09:00,0.2205,0.2208,0.2205,0.2206,2389.2
2025-04-28 05:15:00+09:00,0.2207,0.221,0.2207,0.221,5187.1
2025-04-28 05:20:00+09:00,0.221,0.221,0.2207,0.2207,3644.1
2025-04-28 05:25:00+09:00,0.2208,0.2209,0.2207,0.2209,563.3
2025-04-28 05:30:00+09:00,0.2206,0.221,0.2206,0.221,18478.9
2025-04-28 05:35:00+09:00,0.2212,0.2214,0.221,0.2213,4555.2
2025-04-28 05:40:00+09:00,0.2213,0.2213,0.221,0.2212,5689.2
2025-04-28 05:45:00+09:00,0.2211,0.2214,0.2209,0.2214,1520.9
2025-04-28 05:50:00+09:00,0.2213,0.2213,0.2213,0.2213,1433.4
2025-04-28 05:55:00+09:00,0.2213,0.2214,0.2211,0.2211,779.8
2025-04-28 06:00:00+09:00,0.221,0.221,0.2205,0.2205,5101.4
2025-04-28 06:05:00+09:00,0.2203,0.2206,0.2203,0.2204,1537.8
2025-04-28 06:10:00+09:00,0.2204,0.2204,0.2203,0.2203,973.6
2025-04-28 06:15:00+09:00,0.2202,0.2207,0.2202,0.2206,5394.2
2025-04-28 06:20:00+09:00,0.2209,0.221,0.2209,0.221,1446.6
2025-04-28 06:25:00+09:00,0.2211,0.2215,0.2211,0.2214,3201.2
2025-04-28 06:30:00+09:00,0.2214,0.222,0.2214,0.222,6476.3
2025-04-28 06:35:00+09:00,0.2218,0.2219,0.2217,0.2219,3625.2
2025-04-28 06:40:00+09:00,0.2218,0.222,0.2217,0.2217,4336.6
2025-04-28 06:45:00+09:00,0.2219,0.222,0.2219,0.222,2890.7
2025-04-28 06:50:00+09:00,0.2218,0.2221,0.2218,0.2221,60.7
2025-04-28 06:55:00+09:00,0.2221,0.2221,0.2218,0.2218,666.2
2025-04-28 07:00:00+09:00,0.2217,0.2217,0.2203,0.2203,3988.8
2025-04-28 07:05:00+09:00,0.2203,0.2206,0.22,0.2204,38120.7
2025-04-28 07:10:00+09:00,0.2203,0.2205,0.2203,0.2203,1924.1
2025-04-28 07:15:00+09:00,0.22,0.2203,0.2198,0.2201,39280.2
2025-04-28 07:20:00+09:00,0.22,0.2201,0.2199,0.2201,2590.0
2025-04-28 07:25:00+09:00,0.22,0.22,0.2195,0.2195,1253.7
2025-04-28 07:30:00+09:00,0.2194,0.2194,0.2186,0.2191,30385.8
2025-04-28 07:35:00+09:00,0.2193,0.2193,0.2189,0.2189,2765.3
2025-04-28 07:40:00+09:00,0.219,0.2196,0.219,0.2195,3288.6
2025-04-28 07:45:00+09:00,0.2195,0.2198,0.2194,0.2198,2834.6
2025-04-28 07:50:00+09:00,0.2198,0.2198,0.2196,0.2196,1517.6
2025-04-28 07:55:00+09:00,0.2197,0.2197,0.2195,0.2195,1820.3
2025-04-28 08:00:00+09:00,0.2195,0.2195,0.2188,0.2189,18807.0
2025-04-28 08:05:00+09:00,0.2187,0.2188,0.2183,0.2183,12310.4
2025-04-28 08:10:00+09:00,0.2184,0.2186,0.2181,0.2181,17812.6
2025-04-28 08:15:00+09:00,0.218,0.219,0.2179,0.219,27718.8
2025-04-28 08:20:00+09:00,0.2188,0.2188,0.2187,0.2187,2426.6
2025-04-28 08:25:00+09:00,0.2188,0.2188,0.2186,0.2186,1367.8
2025-04-28 08:30:00+09:00,0.2186,0.2189,0.2186,0.2189,3430.6
2025-04-28 08:35:00+09:00,0.219,0.2191,0.2188,0.2189,4498.3
2025-04-28 08:40:00+09:00,0.2189,0.2191,0.2184,0.2184,6577.9
2025-04-28 08:45:00+09:00,0.2185,0.2191,0.2185,0.2187,5871.0
2025-04-28 08:50:00+09:00,0.2185,0.2192,0.2185,0.2192,2952.7
2025-04-28 08:55:00+09:00,0.2191,0.2191,0.2186,0.2186,5167.2
2025-04-28 09:00:00+09:00,0.2187,0.2189,0.2184,0.2184,17561.0
2025-04-28 09:05:00+09:00,0.2184,0.2186,0.2169,0.2172,77172.9
2025-04-28 09:10:00+09:00,0.2171,0.2174,0.2159,0.2165,36626.5
2025-04-28 09:15:00+09:00,0.2168,0.2182,0.2168,0.2182,32325.4
2025-04-28 09:20:00+09:00,0.2182,0.2186,0.2166,0.2171,39974.2
2025-04-28 09:25:00+09:00,0.2169,0.2169,0.2161,0.2168,64879.6
2025-04-28 09:30:00+09:00,0.2169,0.2175,0.2165,0.2175,23265.4
2025-04-28 09:35:00+09:00,0.2172,0.2185,0.2171,0.2185,61905.9
2025-04-28 09:40:00+09:00,0.2188,0.219,0.2183,0.2184,20309.5
2025-04-28 09:45:00+09:00,0.2184,0.2184,0.2173,0.2173,9143.5
2025-04-28 09:50:00+09:00,0.2172,0.2178,0.2168,0.2175,5180.6
2025-04-28 09:55:00+09:00,0.2173,0.2173,0.2165,0.2165,20263.5
2025-04-28 10:00:00+09:00,0.2166,0.2168,0.2159,0.2168,21930.5
2025-04-28 10:05:00+09:00,0.2168,0.2168,0.2159,0.2163,14057.8
2025-04-28 10:10:00+09:00,0.2165,0.217,0.2165,0.2168,5819.5
2025-04-28 10:15:00+09:00,0.217,0.2171,0.2166,0.2168,23408.9
2025-04-28 10:20:00+09:00,0.2166,0.2166,0.2149,0.2149,79008.1
2025-04-28 10:25:00+09:00,0.215,0.215,0.2145,0.2147,7691.2
2025-04-28 10:30:00+09:00,0.215,0.215,0.2124,0.2125,17502.6
2025-04-28 10:35:00+09:00,0.2126,0.213,0.2111,0.2116,76616.1
2025-04-28 10:40:00+09:00,0.2119,0.2119,0.2104,0.2117,86506.1
2025-04-28 10:45:00+09:00,0.2118,0.2127,0.2115,0.2122,36625.7
2025-04-28 10:50:00+09:00,0.2121,0.2124,0.2119,0.2121,7910.4
2025-04-28 10:55:00+09:00,0.212,0.2124,0.212,0.2121,27299.3
2025-04-28 11:00:00+09:00,0.212,0.2126,0.2114,0.2123,13825.0
2025-04-28 11:05:00+09:00,0.2124,0.2136,0.2124,0.2133,15015.8
2025-04-28 11:10:00+09:00,0.2133,0.2137,0.2131,0.2135,4928.9
2025-04-28 11:15:00+09:00,0.2132,0.2136,0.2132,0.2135,35002.0
2025-04-28 11:20:00+09:00,0.2138,0.2143,0.2132,0.2142,10146.6
2025-04-28 11:25:00+09:00,0.214,0.2142,0.2138,0.2139,16204.4
2025-04-28 11:30:00+09:00,0.2138,0.2142,0.2136,0.2139,17298.3
2025-04-28 11:35:00+09:00,0.2139,0.2139,0.2137,0.2137,581.9
2025-04-28 11:40:00+09:00,0.2138,0.2144,0.2138,0.2141,9105.3
2025-04-28 11:45:00+09:00,0.2142,0.2145,0.2141,0.2143,1829.7
2025-04-28 11:50:00+09:00,0.2143,0.2144,0.2142,0.2142,631.5
2025-04-28 11:55:00+09:00,0.2143,0.2143,0.2139,0.2139,13074.8
2025-04-28 12:00:00+09:00,0.2139,0.2141,0.2131,0.2132,19518.0
2025-04-28 12:05:00+09:00,0.2132,0.2133,0.2132,0.2133,1332.2
2025-04-28 12:10:00+09:00,0.2134,0.2139,0.2134,0.2137,1383.7
2025-04-28 12:15:00+09:00,0.2138,0.2146,0.2138,0.2146,7874.9
2025-04-28 12:20:00+09:00,0.2147,0.2153,0.2147,0.2153,4942.6
2025-04-28 12:25:00+09:00,0.2154,0.2159,0.2154,0.2159,1154.5
2025-04-28 12:30:00+09:00,0.2159,0.2168,0.2158,0.216,14878.7
2025-04-28 12:35:00+09:00,0.2159,0.216,0.2158,0.2159,6067.8
2025-04-28 12:40:00+09:00,0.2157,0.2157,0.2152,0.2157,7105.5
2025-04-28 12:45:00+09:00,0.216,0.2161,0.2155,0.2156,15408.4
2025-04-28 12:50:00+09:00,0.2156,0.2157,0.214,0.2142,115927.9
2025-04-28 12:55:00+09:00,0.2143,0.2148,0.2143,0.2143,36471.8
2025-04-28 13:00:00+09:00,0.2146,0.2146,0.2143,0.2146,3858.8
2025-04-28 13:05:00+09:00,0.2147,0.2152,0.2143,0.2152,23200.7
2025-04-28 13:10:00+09:00,0.2152,0.2164,0.2152,0.2159,77586.3
2025-04-28 13:15:00+09:00,0.2159,0.2162,0.2159,0.2162,6385.8
2025-04-28 13:20:00+09:00,0.2161,0.2163,0.2159,0.2163,7690.5
2025-04-28 13:25:00+09:00,0.216,0.2182,0.216,0.2174,259928.0
2025-04-28 13:30:00+09:00,0.2174,0.2174,0.2168,0.2168,10905.8
2025-04-28 13:35:00+09:00,0.2168,0.2168,0.2159,0.2166,48153.5
2025-04-28 13:40:00+09:00,0.2168,0.217,0.2166,0.217,3220.0
2025-04-28 13:45:00+09:00,0.217,0.2173,0.2169,0.2169,4174.7
2025-04-28 13:50:00+09:00,0.2169,0.2169,0.2163,0.2164,405.8
2025-04-28 13:55:00+09:00,0.2165,0.2166,0.2164,0.2164,2323.8
2025-04-28 14:00:00+09:00,0.2165,0.2168,0.2165,0.2167,3615.7
2025-04-28 14:05:00+09:00,0.217,0.2173,0.2169,0.2173,387.5
2025-04-28 14:10:00+09:00,0.2176,0.218,0.2174,0.2179,21364.3
2025-04-28 14:15:00+09:00,0.2179,0.2179,0.2174,0.2179,6427.5
2025-04-28 14:20:00+09:00,0.2178,0.2179,0.2174,0.2174,27943.5
2025-04-28 14:25:00+09:00,0.2174,0.2189,0.2174,0.2179,58461.6
2025-04-28 14:30:00+09:00,0.2179,0.2179,0.2169,0.217,10075.5
2025-04-28 14:35:00+09:00,0.2168,0.2171,0.2168,0.217,11808.1
2025-04-28 14:40:00+09:00,0.2171,0.2177,0.2171,0.2172,13241.8
2025-04-28 14:45:00+09:00,0.2172,0.2172,0.2167,0.2168,33959.5
2025-04-28 14:50:00+09:00,0.2168,0.2172,0.2168,0.2172,2384.3
2025-04-28 14:55:00+09:00,0.217,0.2172,0.2169,0.2172,3615.0
2025-04-28 15:00:00+09:00,0.2173,0.2177,0.2173,0.2177,5554.5
2025-04-28 15:05:00+09:00,0.2178,0.2185,0.2178,0.2185,16407.2
2025-04-28 15:10:00+09:00,0.2187,0.2188,0.2185,0.2187,7848.8
2025-04-28 15:15:00+09:00,0.2186,0.2192,0.2185,0.219,7426.7
2025-04-28 15:20:00+09:00,0.2191,0.2193,0.2191,0.2191,2977.6
2025-04-28 15:25:00+09:00,0.2191,0.2194,0.2188,0.2189,46841.5
2025-04-28 15:30:00+09:00,0.2189,0.2192,0.2189,0.2192,4880.2
2025-04-28 15:35:00+09:00,0.2194,0.2199,0.2181,0.2197,108556.4
2025-04-28 15:40:00+09:00,0.2198,0.2205,0.2197,0.2204,5271.6
2025-04-28 15:45:00+09:00,0.2202,0.2202,0.2198,0.2199,2550.3
2025-04-28 15:50:00+09:00,0.22,0.2201,0.2198,0.2198,1979.1
2025-04-28 15:55:00+09:00,0.22,0.2203,0.22,0.2203,3732.8
2025-04-28 16:00:00+09:00,0.2204,0.2206,0.2197,0.2197,29280.5
2025-04-28 16:05:00+09:00,0.2197,0.2202,0.2197,0.2201,6567.2
2025-04-28 16:10:00+09:00,0.22,0.2201,0.22,0.22,872.2
2025-04-28 16:15:00+09:00,0.2199,0.2217,0.2199,0.2217,78651.9
2025-04-28 16:20:00+09:00,0.2216,0.222,0.221,0.221,88298.4
2025-04-28 16:25:00+09:00,0.2214,0.2218,0.2213,0.2218,16259.1
2025-04-28 16:30:00+09:00,0.2218,0.2225,0.2218,0.2221,17891.8
2025-04-28 16:35:00+09:00,0.2222,0.2224,0.222,0.222,8422.5
2025-04-28 16:40:00+09:00,0.2222,0.2226,0.2219,0.2226,19227.3
2025-04-28 16:45:00+09:00,0.2226,0.2236,0.2221,0.2236,82386.7
2025-04-28 16:50:00+09:00,0.2235,0.2239,0.2227,0.2231,55654.2
2025-04-28 16:55:00+09:00,0.2233,0.2233,0.2229,0.2231,3246.3
2025-04-28 17:00:00+09:00,0.2232,0.2236,0.2214,0.2221,182550.4
2025-04-28 17:05:00+09:00,0.2222,0.2227,0.2195,0.2203,448029.6
2025-04-28 17:10:00+09:00,0.2204,0.2215,0.2199,0.2215,55667.1
2025-04-28 17:15:00+09:00,0.2217,0.2226,0.2217,0.2224,10525.0
2025-04-28 17:20:00+09:00,0.2224,0.2226,0.2222,0.2226,4512.6
2025-04-28 17:25:00+09:00,0.2227,0.2232,0.2226,0.2232,11600.9
2025-04-28 17:30:00+09:00,0.2231,0.2231,0.2226,0.223,8058.8
2025-04-28 17:35:00+09:00,0.223,0.2235,0.2228,0.2228,57725.0
2025-04-28 17:40:00+09:00,0.2229,0.2232,0.2228,0.223,9060.5
2025-04-28 17:45:00+09:00,0.2229,0.2229,0.222,0.222,5927.8
2025-04-28 17:50:00+09:00,0.2222,0.2223,0.2218,0.2218,4410.2
2025-04-28 17:55:00+09:00,0.222,0.2221,0.2215,0.2215,16095.4
2025-04-28 18:00:00+09:00,0.2216,0.2224,0.2213,0.2223,23246.4
2025-04-28 18:05:00+09:00,0.2221,0.2223,0.2218,0.2218,22146.4
2025-04-28 18:10:00+09:00,0.2218,0.2219,0.221,0.221,52375.6
2025-04-28 18:15:00+09:00,0.2211,0.2225,0.221,0.2225,119660.9
2025-04-28 18:20:00+09:00,0.2224,0.2224,0.2215,0.2221,139411.1
2025-04-28 18:25:00+09:00,0.2221,0.2224,0.2218,0.2218,44021.4
2025-04-28 18:30:00+09:00,0.2218,0.222,0.2216,0.2217,36510.0
2025-04-28 18:35:00+09:00,0.2217,0.2218,0.2215,0.2217,49561.8
2025-04-28 18:40:00+09:00,0.2217,0.222,0.2217,0.2219,4589.6
2025-04-28 18:45:00+09:00,0.2218,0.2218,0.2215,0.2218,35031.5
2025-04-28 18:50:00+09:00,0.2218,0.2218,0.2216,0.2216,1046.8
2025-04-28 18:55:00+09:00,0.2216,0.2218,0.2215,0.2218,20474.3
2025-04-28 19:00:00+09:00,0.2218,0.2219,0.2215,0.2216,21492.4
2025-04-28 19:05:00+09:00,0.2216,0.2224,0.2203,0.2224,226058.0
2025-04-28 19:10:00+09:00,0.2225,0.2225,0.2221,0.2221,5435.4
2025-04-28 19:15:00+09:00,0.2223,0.2224,0.2214,0.2214,9005.7
2025-04-28 19:20:00+09:00,0.2213,0.2213,0.2197,0.2203,50657.9
2025-04-28 19:25:00+09:00,0.2203,0.221,0.2201,0.221,17828.9
2025-04-28 19:30:00+09:00,0.2208,0.222,0.2208,0.222,12942.1
2025-04-28 19:35:00+09:00,0.2221,0.2238,0.2221,0.2238,12315.1
2025-04-28 19:40:00+09:00,0.224,0.2251,0.2234,0.2251,87405.6
2025-04-28 19:45:00+09:00,0.2251,0.2254,0.2246,0.2252,54127.1
2025-04-28 19:50:00+09:00,0.2254,0.2256,0.2247,0.2247,29423.8
2025-04-28 19:55:00+09:00,0.2248,0.225,0.2241,0.2245,43045.2
2025-04-28 20:00:00+09:00,0.2245,0.2245,0.2235,0.224,28028.9
2025-04-28 20:05:00+09:00,0.2242,0.227,0.2242,0.2264,57717.4
2025-04-28 20:10:00+09:00,0.2267,0.2267,0.2244,0.2252,131970.6
2025-04-28 20:15:00+09:00,0.2253,0.2264,0.2251,0.2252,39826.6
2025-04-28 20:20:00+09:00,0.2252,0.2266,0.2248,0.2261,37200.3
2025-04-28 20:25:00+09:00,0.2262,0.2263,0.2256,0.2261,60610.6
2025-04-28 20:30:00+09:00,0.2261,0.2263,0.226,0.2262,6705.4
2025-04-28 20:35:00+09:00,0.2262,0.2269,0.2261,0.2262,36882.5
2025-04-28 20:40:00+09:00,0.2264,0.2266,0.226,0.2265,23778.8
2025-04-28 20:45:00+09:00,0.2263,0.2264,0.2255,0.2258,21357.3
2025-04-28 20:50:00+09:00,0.226,0.2261,0.2258,0.2259,6430.9
2025-04-28 20:55:00+09:00,0.2258,0.2262,0.2256,0.2262,22440.0
2025-04-28 21:00:00+09:00,0.2262,0.2262,0.2254,0.2255,17169.4
2025-04-28 21:05:00+09:00,0.2256,0.2262,0.2248,0.2248,47443.4
2025-04-28 21:10:00+09:00,0.2247,0.2248,0.224,0.2246,87287.6
2025-04-28 21:15:00+09:00,0.2245,0.2257,0.2245,0.2253,15120.5
2025-04-28 21:20:00+09:00,0.2252,0.2253,0.2245,0.2248,13955.1
2025-04-28 21:25:00+09:00,0.2247,0.2251,0.2247,0.225,3694.3
2025-04-28 21:30:00+09:00,0.2249,0.2254,0.2247,0.2252,10525.0
2025-04-28 21:35:00+09:00,0.2251,0.2252,0.2248,0.225,17158.4
2025-04-28 21:40:00+09:00,0.2251,0.2253,0.2248,0.225,13038.0
2025-04-28 21:45:00+09:00,0.225,0.2253,0.2247,0.2249,9526.5
2025-04-28 21:50:00+09:00,0.225,0.225,0.2243,0.2243,8341.5
2025-04-28 21:55:00+09:00,0.2244,0.2245,0.2237,0.2239,23932.2
2025-04-28 22:00:00+09:00,0.224,0.2242,0.2236,0.2242,10366.6
2025-04-28 22:05:00+09:00,0.2244,0.2245,0.2237,0.2238,10586.9
2025-04-28 22:10:00+09:00,0.2236,0.224,0.2232,0.224,18239.4
2025-04-28 22:15:00+09:00,0.2239,0.2242,0.2237,0.2241,31648.5
2025-04-28 22:20:00+09:00,0.2242,0.2242,0.2234,0.2236,31410.7
2025-04-28 22:25:00+09:00,0.2235,0.2236,0.2226,0.2226,15041.8
2025-04-28 22:30:00+09:00,0.2227,0.223,0.2219,0.2219,13564.6
2025-04-28 22:35:00+09:00,0.2217,0.2219,0.2208,0.2209,21987.9
2025-04-28 22:40:00+09:00,0.2209,0.2225,0.2209,0.2224,12828.5
2025-04-28 22:45:00+09:00,0.2226,0.2227,0.2216,0.2219,30714.3
2025-04-28 22:50:00+09:00,0.2219,0.2225,0.2214,0.2215,17474.3
2025-04-28 22:55:00+09:00,0.2213,0.2213,0.2196,0.2196,24225.8
2025-04-28 23:00:00+09:00,0.2196,0.2212,0.2186,0.2212,59941.8
2025-04-28 23:05:00+09:00,0.2209,0.221,0.2203,0.221,13962.7
2025-04-28 23:10:00+09:00,0.2209,0.2218,0.2207,0.2218,17723.9
2025-04-28 23:15:00+09:00,0.2217,0.2223,0.2215,0.2219,13559.7
2025-04-28 23:20:00+09:00,0.2218,0.2229,0.2218,0.222,19172.2
2025-04-28 23:25:00+09:00,0.2218,0.222,0.2215,0.2218,18254.1
2025-04-28 23:30:00+09:00,0.2219,0.2219,0.2196,0.2199,25419.5
2025-04-28 23:35:00+09:00,0.2198,0.2213,0.2198,0.2213,18653.8
2025-04-28 23:40:00+09:00,0.2213,0.2215,0.2205,0.2214,13440.2
2025-04-28 23:45:00+09:00,0.2213,0.2217,0.2211,0.2211,16592.7
2025-04-28 23:50:00+09:00,0.2207,0.2209,0.2198,0.22,29585.3
2025-04-28 23:55:00+09:00,0.2199,0.2201,0.2193,0.2198,10784.8
2025-04-29 00:00:00+09:00,0.2198,0.2206,0.2198,0.2202,49593.3
2025-04-29 00:05:00+09:00,0.22,0.2204,0.2191,0.2191,24203.4
2025-04-29 00:10:00+09:00,0.2191,0.2193,0.2186,0.2186,44573.7
2025-04-29 00:15:00+09:00,0.2183,0.219,0.2176,0.218,49513.2
2025-04-29 00:20:00+09:00,0.218,0.218,0.2169,0.2171,11136.2
2025-04-29 00:25:00+09:00,0.217,0.217,0.2157,0.2162,27746.7
2025-04-29 00:30:00+09:00,0.2162,0.2166,0.2159,0.2159,8258.9
2025-04-29 00:35:00+09:00,0.2156,0.2163,0.215,0.2163,25322.0
2025-04-29 00:40:00+09:00,0.2163,0.2165,0.2155,0.2155,31451.7
2025-04-29 00:45:00+09:00,0.2154,0.2159,0.2152,0.2156,32866.1
2025-04-29 00:50:00+09:00,0.2156,0.216,0.2151,0.2156,36119.8
2025-04-29 00:55:00+09:00,0.2156,0.2169,0.2156,0.2169,31373.7
2025-04-29 01:00:00+09:00,0.2169,0.217,0.2163,0.2166,29880.1
2025-04-29 01:05:00+09:00,0.2166,0.2167,0.2157,0.2157,31053.6
2025-04-29 01:10:00+09:00,0.2153,0.2153,0.2145,0.2152,33978.9
2025-04-29 01:15:00+09:00,0.2152,0.2166,0.2147,0.2149,75453.4
2025-04-29 01:20:00+09:00,0.2149,0.2158,0.2149,0.2157,57049.6
2025-04-29 01:25:00+09:00,0.2158,0.2166,0.2153,0.2165,74824.7
2025-04-29 01:30:00+09:00,0.2165,0.217,0.216,0.2166,112351.8
2025-04-29 01:35:00+09:00,0.2168,0.2179,0.2168,0.2178,31528.2
2025-04-29 01:40:00+09:00,0.2178,0.2182,0.2176,0.2182,15990.1
2025-04-29 01:45:00+09:00,0.2181,0.2183,0.2176,0.2176,18650.0
2025-04-29 01:50:00+09:00,0.2175,0.2176,0.2168,0.2171,19215.5
2025-04-29 01:55:00+09:00,0.2172,0.2175,0.217,0.2174,15940.8
2025-04-29 02:00:00+09:00,0.2175,0.2186,0.2175,0.2186,16616.3
2025-04-29 02:05:00+09:00,0.2186,0.2193,0.2185,0.2188,39421.6
2025-04-29 02:10:00+09:00,0.2189,0.2189,0.2177,0.2178,17025.3
2025-04-29 02:15:00+09:00,0.2175,0.2188,0.2174,0.2184,56942.5
2025-04-29 02:20:00+09:00,0.2184,0.2193,0.2184,0.2193,24724.1
2025-04-29 02:25:00+09:00,0.2194,0.2194,0.2186,0.2186,11047.1
2025-04-29 02:30:00+09:00,0.2185,0.2189,0.2185,0.2189,13631.6
2025-04-29 02:35:00+09:00,0.2191,0.2204,0.2191,0.2203,14019.6
2025-04-29 02:40:00+09:00,0.2202,0.2205,0.2198,0.2204,37711.8
2025-04-29 02:45:00+09:00,0.2204,0.2225,0.2204,0.2216,86677.6
2025-04-29 02:50:00+09:00,0.2218,0.2225,0.2216,0.2224,12385.6
2025-04-29 02:55:00+09:00,0.2225,0.2227,0.2216,0.2224,63924.7
2025-04-29 03:00:00+09:00,0.2226,0.2227,0.2222,0.2226,34490.9
2025-04-29 03:05:00+09:00,0.2226,0.2227,0.222,0.222,8555.2
2025-04-29 03:10:00+09:00,0.2216,0.2216,0.2209,0.221,11216.1
2025-04-29 03:15:00+09:00,0.2211,0.2212,0.2209,0.2211,12346.4
2025-04-29 03:20:00+09:00,0.2211,0.222,0.2211,0.2219,4955.3
2025-04-29 03:25:00+09:00,0.2221,0.2224,0.222,0.2223,11987.0
2025-04-29 03:30:00+09:00,0.2223,0.2228,0.2218,0.222,14595.5
2025-04-29 03:35:00+09:00,0.2221,0.2235,0.2221,0.2233,13985.9
2025-04-29 03:40:00+09:00,0.2234,0.2237,0.2222,0.2231,143865.1
2025-04-29 03:45:00+09:00,0.2232,0.2237,0.2231,0.2235,10372.6
2025-04-29 03:50:00+09:00,0.2236,0.2239,0.2236,0.2239,4126.1
2025-04-29 03:55:00+09:00,0.2239,0.224,0.2234,0.2237,30135.5
2025-04-29 04:00:00+09:00,0.2238,0.2263,0.2237,0.2261,59761.9
2025-04-29 04:05:00+09:00,0.2255,0.226,0.2248,0.2248,15494.4
2025-04-29 04:10:00+09:00,0.2247,0.2247,0.224,0.2244,3165.4
2025-04-29 04:15:00+09:00,0.2244,0.225,0.2242,0.2249,18339.8
2025-04-29 04:20:00+09:00,0.2247,0.2249,0.2246,0.2248,6057.0
2025-04-29 04:25:00+09:00,0.2247,0.2254,0.2247,0.2252,21714.2
2025-04-29 04:30:00+09:00,0.2253,0.2257,0.2252,0.2257,7617.4
2025-04-29 04:35:00+09:00,0.2258,0.2258,0.2253,0.2253,6782.5
2025-04-29 04:40:00+09:00,0.2254,0.2255,0.225,0.2254,19197.9
2025-04-29 04:45:00+09:00,0.2255,0.2255,0.2247,0.2252,6164.5
2025-04-29 04:50:00+09:00,0.2254,0.2256,0.2254,0.2254,7482.8
2025-04-29 04:55:00+09:00,0.2254,0.2256,0.2252,0.2252,6182.4
2025-04-29 05:00:00+09:00,0.2254,0.2255,0.2243,0.2244,17050.1
2025-04-29 05:05:00+09:00,0.2245,0.2245,0.2241,0.2242,6253.6
2025-04-29 05:10:00+09:00,0.2241,0.2241,0.2237,0.2237,1636.8
2025-04-29 05:15:00+09:00,0.2238,0.2242,0.2238,0.2238,6891.6
2025-04-29 05:20:00+09:00,0.2239,0.2244,0.2239,0.2242,8828.1
2025-04-29 05:25:00+09:00,0.2242,0.2246,0.224,0.2244,7240.7
2025-04-29 05:30:00+09:00,0.2244,0.2244,0.2239,0.2241,3655.0
2025-04-29 05:35:00+09:00,0.224,0.2266,0.224,0.2261,335912.8
2025-04-29 05:40:00+09:00,0.2261,0.2264,0.2255,0.2255,40669.5
2025-04-29 05:45:00+09:00,0.2253,0.2261,0.2253,0.2254,16446.3
2025-04-29 05:50:00+09:00,0.2251,0.2252,0.2246,0.2246,15589.8
2025-04-29 05:55:00+09:00,0.2248,0.2251,0.2248,0.2248,4885.4
2025-04-29 06:00:00+09:00,0.2248,0.2255,0.2247,0.2249,11210.1
2025-04-29 06:05:00+09:00,0.2248,0.225,0.2246,0.2246,6453.9
2025-04-29 06:10:00+09:00,0.2246,0.2246,0.224,0.224,1235.5
2025-04-29 06:15:00+09:00,0.2243,0.2243,0.2239,0.224,8147.9
2025-04-29 06:20:00+09:00,0.2238,0.224,0.2238,0.224,1385.4
2025-04-29 06:25:00+09:00,0.2241,0.2242,0.2241,0.2241,596.4
2025-04-29 06:30:00+09:00,0.2243,0.2245,0.2243,0.2244,736.4
2025-04-29 06:35:00+09:00,0.2242,0.2243,0.2242,0.2243,168.4
2025-04-29 06:40:00+09:00,0.2243,0.2249,0.2243,0.2247,8915.0
2025-04-29 06:45:00+09:00,0.2251,0.2251,0.225,0.225,4071.4
2025-04-29 06:50:00+09:00,0.225,0.2253,0.225,0.2252,933.3
2025-04-29 06:55:00+09:00,0.2253,0.2253,0.2253,0.2253,27.1
2025-04-29 07:00:00+09:00,0.2255,0.2261,0.2253,0.2253,19252.5
2025-04-29 07:05:00+09:00,0.2254,0.2261,0.2252,0.2256,27556.3
2025-04-29 07:10:00+09:00,0.2255,0.226,0.2254,0.2254,4676.6
2025-04-29 07:15:00+09:00,0.2253,0.2253,0.2243,0.2243,7259.9
2025-04-29 07:20:00+09:00,0.2246,0.2251,0.2245,0.2251,10997.6
2025-04-29 07:25:00+09:00,0.225,0.2251,0.2245,0.225,28331.8
2025-04-29 07:30:00+09:00,0.2248,0.2257,0.2244,0.2249,33045.9
2025-04-29 07:35:00+09:00,0.2249,0.2252,0.2248,0.225,7508.2
2025-04-29 07:40:00+09:00,0.2252,0.2252,0.225,0.2252,1762.4
2025-04-29 07:45:00+09:00,0.225,0.2254,0.2248,0.2253,10945.9
2025-04-29 07:50:00+09:00,0.2255,0.2259,0.2252,0.2258,5101.7
2025-04-29 07:55:00+09:00,0.2257,0.2257,0.2254,0.2255,3924.7
2025-04-29 08:00:00+09:00,0.2255,0.226,0.2252,0.2259,6173.6
2025-04-29 08:05:00+09:00,0.226,0.2261,0.2254,0.2255,6862.7
2025-04-29 08:10:00+09:00,0.2254,0.2254,0.2251,0.2252,1733.0
2025-04-29 08:15:00+09:00,0.2254,0.2256,0.225,0.2256,29415.7
2025-04-29 08:20:00+09:00,0.2256,0.2257,0.2256,0.2256,12211.5
2025-04-29 08:25:00+09:00,0.2257,0.2261,0.2257,0.2257,7471.8
2025-04-29 08:30:00+09:00,0.2255,0.227,0.2255,0.227,4402.8
2025-04-29 08:35:00+09:00,0.2272,0.2274,0.2267,0.227,12381.4
2025-04-29 08:40:00+09:00,0.2267,0.2269,0.2266,0.2266,9329.4
2025-04-29 08:45:00+09:00,0.2264,0.2264,0.2258,0.2258,3307.6
2025-04-29 08:50:00+09:00,0.226,0.2264,0.226,0.2264,3018.4
2025-04-29 08:55:00+09:00,0.2266,0.2267,0.2265,0.2265,2053.7
2025-04-29 09:00:00+09:00,0.2267,0.2276,0.2259,0.2272,95789.2
2025-04-29 09:05:00+09:00,0.2272,0.2279,0.2271,0.2276,9960.6
2025-04-29 09:10:00+09:00,0.2276,0.2281,0.2273,0.2273,3874.6
2025-04-29 09:15:00+09:00,0.2273,0.2274,0.2266,0.2266,7113.2
2025-04-29 09:20:00+09:00,0.2268,0.2274,0.2268,0.2274,4516.5
2025-04-29 09:25:00+09:00,0.2276,0.2283,0.2276,0.2283,1002.7
2025-04-29 09:30:00+09:00,0.2284,0.2289,0.2281,0.2286,39493.3
2025-04-29 09:35:00+09:00,0.2286,0.2308,0.2284,0.2307,76314.8
2025-04-29 09:40:00+09:00,0.2306,0.2313,0.2291,0.2297,226977.9
2025-04-29 09:45:00+09:00,0.23,0.2301,0.2286,0.2292,11277.3
2025-04-29 09:50:00+09:00,0.2294,0.2296,0.229,0.2296,2422.3
2025-04-29 09:55:00+09:00,0.2295,0.2299,0.2294,0.2297,27166.4
2025-04-29 10:00:00+09:00,0.2295,0.2301,0.229,0.2293,25829.5
2025-04-29 10:05:00+09:00,0.2295,0.2298,0.2289,0.229,8805.5
2025-04-29 10:10:00+09:00,0.2289,0.2296,0.2283,0.2284,8099.2
2025-04-29 10:15:00+09:00,0.2285,0.2287,0.2274,0.2281,71302.2
2025-04-29 10:20:00+09:00,0.2283,0.2289,0.2283,0.2289,2655.5
2025-04-29 10:25:00+09:00,0.229,0.2292,0.2288,0.2288,5793.5
2025-04-29 10:30:00+09:00,0.2287,0.2289,0.2284,0.2284,5900.4
2025-04-29 10:35:00+09:00,0.2285,0.2292,0.2284,0.229,28184.5
2025-04-29 10:40:00+09:00,0.2296,0.2299,0.2294,0.2294,22970.7
2025-04-29 10:45:00+09:00,0.2296,0.2302,0.2288,0.2291,27551.5
2025-04-29 10:50:00+09:00,0.2294,0.2298,0.2288,0.2288,4749.9
2025-04-29 10:55:00+09:00,0.229,0.2292,0.2287,0.2287,12065.0
2025-04-29 11:00:00+09:00,0.2286,0.2289,0.227,0.2273,47053.0
2025-04-29 11:05:00+09:00,0.2276,0.2277,0.227,0.227,19894.1
2025-04-29 11:10:00+09:00,0.2271,0.2271,0.2262,0.227,21720.7
2025-04-29 11:15:00+09:00,0.2273,0.2273,0.2265,0.2268,6752.8
2025-04-29 11:20:00+09:00,0.2268,0.2272,0.2265,0.2269,10248.1
2025-04-29 11:25:00+09:00,0.2271,0.2274,0.2271,0.2274,3310.8
2025-04-29 11:30:00+09:00,0.2272,0.2275,0.227,0.2273,9780.1
2025-04-29 11:35:00+09:00,0.2274,0.2274,0.2269,0.2274,9715.0
2025-04-29 11:40:00+09:00,0.2273,0.2276,0.2267,0.2268,7683.3
2025-04-29 11:45:00+09:00,0.2267,0.2269,0.2263,0.2263,5945.0
2025-04-29 11:50:00+09:00,0.2258,0.2265,0.2256,0.2264,9103.3
2025-04-29 11:55:00+09:00,0.2264,0.2266,0.2264,0.2264,3233.1
2025-04-29 12:00:00+09:00,0.2264,0.2268,0.2264,0.2268,10066.7
2025-04-29 12:05:00+09:00,0.2271,0.2271,0.2267,0.227,4718.2
2025-04-29 12:10:00+09:00,0.2272,0.2275,0.2268,0.2268,11376.8
2025-04-29 12:15:00+09:00,0.2268,0.2272,0.2267,0.2269,4410.0
2025-04-29 12:20:00+09:00,0.2271,0.2271,0.2271,0.2271,440.3
2025-04-29 12:25:00+09:00,0.2271,0.2277,0.2271,0.2277,3772.8
2025-04-29 12:30:00+09:00,0.2278,0.228,0.2277,0.228,9099.8
2025-04-29 12:35:00+09:00,0.2282,0.2289,0.2279,0.2288,26899.8
2025-04-29 12:40:00+09:00,0.2288,0.2289,0.2284,0.2286,24737.4
2025-04-29 12:45:00+09:00,0.2288,0.2294,0.2286,0.2294,8245.9
2025-04-29 12:50:00+09:00,0.2295,0.2298,0.2295,0.2298,6904.6
2025-04-29 12:55:00+09:00,0.2298,0.2307,0.2295,0.2304,163758.6
2025-04-29 13:00:00+09:00,0.2304,0.2306,0.2298,0.2303,53984.9
2025-04-29 13:05:00+09:00,0.2304,0.2313,0.2304,0.2312,65865.7
2025-04-29 13:10:00+09:00,0.2313,0.2314,0.2308,0.2309,9256.0
2025-04-29 13:15:00+09:00,0.2309,0.2309,0.2302,0.2309,18118.2
2025-04-29 13:20:00+09:00,0.2309,0.2314,0.2306,0.2306,7168.9
2025-04-29 13:25:00+09:00,0.2304,0.2318,0.2302,0.2318,56144.5
2025-04-29 13:30:00+09:00,0.2319,0.233,0.2318,0.2323,40721.3
2025-04-29 13:35:00+09:00,0.2323,0.2323,0.2314,0.232,35393.8
2025-04-29 13:40:00+09:00,0.232,0.232,0.2302,0.2302,22929.4
2025-04-29 13:45:00+09:00,0.2302,0.2302,0.2286,0.2297,89134.8
2025-04-29 13:50:00+09:00,0.2295,0.2298,0.229,0.2297,33473.7
2025-04-29 13:55:00+09:00,0.2298,0.23,0.2295,0.23,14622.3
2025-04-29 14:00:00+09:00,0.2299,0.2308,0.2298,0.2305,31611.5
2025-04-29 14:05:00+09:00,0.2304,0.2312,0.2302,0.2307,27477.2
2025-04-29 14:10:00+09:00,0.2309,0.2311,0.2299,0.2299,4601.7
2025-04-29 14:15:00+09:00,0.23,0.2311,0.23,0.231,5593.9
2025-04-29 14:20:00+09:00,0.2309,0.2314,0.2309,0.2313,7207.7
2025-04-29 14:25:00+09:00,0.2316,0.2319,0.2315,0.2319,10531.2
2025-04-29 14:30:00+09:00,0.2318,0.2323,0.2318,0.2323,13907.1
2025-04-29 14:35:00+09:00,0.232,0.2325,0.2318,0.2318,24657.1
2025-04-29 14:40:00+09:00,0.2316,0.2316,0.2305,0.2308,59272.3
2025-04-29 14:45:00+09:00,0.2311,0.2315,0.2303,0.2305,24087.5
2025-04-29 14:50:00+09:00,0.2306,0.2309,0.2306,0.2306,4418.6
2025-04-29 14:55:00+09:00,0.2305,0.2305,0.2298,0.2298,108112.0
2025-04-29 15:00:00+09:00,0.2299,0.2304,0.2298,0.2301,9939.0
2025-04-29 15:05:00+09:00,0.2302,0.2306,0.23,0.2306,5386.9
2025-04-29 15:10:00+09:00,0.2308,0.2325,0.2306,0.2324,75149.8
2025-04-29 15:15:00+09:00,0.2323,0.2329,0.2321,0.2325,119895.7
2025-04-29 15:20:00+09:00,0.2326,0.233,0.232,0.2324,7552.8
2025-04-29 15:25:00+09:00,0.2325,0.2331,0.232,0.232,19923.1
2025-04-29 15:30:00+09:00,0.232,0.2323,0.2317,0.2317,20724.4
2025-04-29 15:35:00+09:00,0.2317,0.2318,0.2311,0.2316,32442.8
2025-04-29 15:40:00+09:00,0.2316,0.2318,0.2312,0.2313,11101.1
2025-04-29 15:45:00+09:00,0.2313,0.2315,0.2307,0.2311,25350.4
2025-04-29 15:50:00+09:00,0.2314,0.2322,0.2314,0.2322,13757.5
2025-04-29 15:55:00+09:00,0.2322,0.2322,0.2316,0.2318,7636.6
2025-04-29 16:00:00+09:00,0.2319,0.2324,0.2307,0.2308,30834.7
2025-04-29 16:05:00+09:00,0.2308,0.2317,0.2307,0.2317,10142.9
2025-04-29 16:10:00+09:00,0.2318,0.2325,0.2318,0.2324,19324.2
2025-04-29 16:15:00+09:00,0.2324,0.233,0.2324,0.2328,13149.7
2025-04-29 16:20:00+09:00,0.2328,0.2343,0.2328,0.2343,23525.7
2025-04-29 16:25:00+09:00,0.2342,0.2358,0.2342,0.2352,79502.3
2025-04-29 16:30:00+09:00,0.2352,0.2352,0.2332,0.2343,83408.6
2025-04-29 16:35:00+09:00,0.2344,0.2357,0.234,0.2355,112146.3
2025-04-29 16:40:00+09:00,0.2352,0.2369,0.2352,0.2368,124691.3
2025-04-29 16:45:00+09:00,0.2367,0.2368,0.2359,0.2365,56059.6
2025-04-29 16:50:00+09:00,0.2366,0.2366,0.2361,0.2361,17454.0
2025-04-29 16:55:00+09:00,0.2362,0.2363,0.2352,0.2353,37626.6
2025-04-29 17:00:00+09:00,0.2353,0.2371,0.235,0.2351,125339.0
2025-04-29 17:05:00+09:00,0.2351,0.2354,0.2349,0.2353,12419.9
2025-04-29 17:10:00+09:00,0.2351,0.2352,0.2343,0.2343,57011.0
2025-04-29 17:15:00+09:00,0.2343,0.2344,0.2335,0.2336,71995.8
2025-04-29 17:20:00+09:00,0.2336,0.2337,0.2326,0.2326,32698.9
2025-04-29 17:25:00+09:00,0.2324,0.2327,0.2317,0.2326,124412.2
2025-04-29 17:30:00+09:00,0.2324,0.2324,0.2307,0.231,50947.9
2025-04-29 17:35:00+09:00,0.2313,0.2315,0.2306,0.2311,57437.2
2025-04-29 17:40:00+09:00,0.231,0.2319,0.2307,0.2314,42672.3
2025-04-29 17:45:00+09:00,0.2315,0.2315,0.231,0.2315,15344.8
2025-04-29 17:50:00+09:00,0.2315,0.2315,0.2299,0.2304,145791.6
2025-04-29 17:55:00+09:00,0.2306,0.2315,0.2304,0.2314,56015.1
2025-04-29 18:00:00+09:00,0.2315,0.2321,0.2305,0.2316,74101.1
2025-04-29 18:05:00+09:00,0.2316,0.2316,0.23,0.2304,32674.7
2025-04-29 18:10:00+09:00,0.2306,0.2307,0.2302,0.2302,4854.9
2025-04-29 18:15:00+09:00,0.2301,0.2302,0.2292,0.2297,21925.2
2025-04-29 18:20:00+09:00,0.23,0.2304,0.2297,0.2302,56202.7
2025-04-29 18:25:00+09:00,0.23,0.231,0.23,0.2309,20271.9
2025-04-29 18:30:00+09:00,0.2307,0.2312,0.2307,0.2311,15679.2
2025-04-29 18:35:00+09:00,0.2313,0.2316,0.2311,0.2316,15421.8
2025-04-29 18:40:00+09:00,0.2317,0.2318,0.2312,0.2312,19680.5
2025-04-29 18:45:00+09:00,0.2309,0.2311,0.2308,0.231,5028.8
2025-04-29 18:50:00+09:00,0.2311,0.2313,0.231,0.2312,10387.8
2025-04-29 18:55:00+09:00,0.2312,0.233,0.2312,0.233,64016.4
2025-04-29 19:00:00+09:00,0.233,0.2351,0.2326,0.2329,211485.7
2025-04-29 19:05:00+09:00,0.2332,0.234,0.2332,0.2333,17733.0
2025-04-29 19:10:00+09:00,0.2332,0.2337,0.2329,0.2337,18555.4
2025-04-29 19:15:00+09:00,0.2337,0.2338,0.2316,0.232,95189.6
2025-04-29 19:20:00+09:00,0.2318,0.232,0.2307,0.2307,34312.6
2025-04-29 19:25:00+09:00,0.2307,0.2323,0.2306,0.2316,58306.1
2025-04-29 19:30:00+09:00,0.2309,0.2309,0.2299,0.23,16653.1
2025-04-29 19:35:00+09:00,0.2301,0.2305,0.2297,0.2297,11802.2
2025-04-29 19:40:00+09:00,0.2298,0.2299,0.2287,0.2287,66809.9
2025-04-29 19:45:00+09:00,0.2289,0.2289,0.228,0.2284,53326.1
2025-04-29 19:50:00+09:00,0.2284,0.2302,0.2284,0.2298,47244.7
2025-04-29 19:55:00+09:00,0.2299,0.2299,0.2293,0.2294,8502.2
2025-04-29 20:00:00+09:00,0.2293,0.2299,0.2293,0.2298,15375.8
2025-04-29 20:05:00+09:00,0.2296,0.2303,0.2296,0.2303,5373.2
2025-04-29 20:10:00+09:00,0.2302,0.2309,0.2302,0.2308,23862.5
2025-04-29 20:15:00+09:00,0.2307,0.2309,0.2296,0.2306,52175.8
2025-04-29 20:20:00+09:00,0.2303,0.2303,0.2299,0.2299,798.0
2025-04-29 20:25:00+09:00,0.2296,0.2299,0.2295,0.2297,15073.4
2025-04-29 20:30:00+09:00,0.2296,0.2296,0.2289,0.229,16059.3
2025-04-29 20:35:00+09:00,0.2291,0.2295,0.229,0.229,4327.0
2025-04-29 20:40:00+09:00,0.2292,0.2297,0.2292,0.2295,6030.7
2025-04-29 20:45:00+09:00,0.2294,0.2295,0.2294,0.2295,1331.5
2025-04-29 20:50:00+09:00,0.2296,0.2299,0.2296,0.2299,982.6
2025-04-29 20:55:00+09:00,0.2299,0.2305,0.2299,0.2304,22420.7
2025-04-29 21:00:00+09:00,0.2302,0.2307,0.23,0.2303,15954.6
2025-04-29 21:05:00+09:00,0.2304,0.2316,0.2304,0.2311,79504.7
2025-04-29 21:10:00+09:00,0.2312,0.2313,0.2305,0.2307,5342.2
2025-04-29 21:15:00+09:00,0.2305,0.2307,0.2301,0.2306,15831.9
2025-04-29 21:20:00+09:00,0.2307,0.2307,0.2291,0.2291,11679.3
2025-04-29 21:25:00+09:00,0.229,0.2293,0.229,0.2292,3492.3
2025-04-29 21:30:00+09:00,0.2291,0.2291,0.2283,0.2283,3257.4
2025-04-29 21:35:00+09:00,0.2285,0.229,0.228,0.2287,45497.5
2025-04-29 21:40:00+09:00,0.2287,0.2289,0.2281,0.2281,30463.0
2025-04-29 21:45:00+09:00,0.2283,0.2284,0.2274,0.2283,40817.0
2025-04-29 21:50:00+09:00,0.2284,0.2286,0.2278,0.2278,12931.2
2025-04-29 21:55:00+09:00,0.228,0.2281,0.228,0.228,1719.5
2025-04-29 22:00:00+09:00,0.228,0.2283,0.2274,0.2281,17463.3
2025-04-29 22:05:00+09:00,0.2281,0.2287,0.2278,0.2283,6243.0
2025-04-29 22:10:00+09:00,0.2283,0.2283,0.2282,0.2282,2120.3
2025-04-29 22:15:00+09:00,0.2281,0.2281,0.2259,0.2262,45159.9
2025-04-29 22:20:00+09:00,0.2262,0.2276,0.2262,0.2275,5228.0
2025-04-29 22:25:00+09:00,0.2275,0.2291,0.2275,0.229,23615.1
2025-04-29 22:30:00+09:00,0.2289,0.2295,0.2283,0.2291,63523.5
2025-04-29 22:35:00+09:00,0.2289,0.2289,0.2281,0.2284,8417.0
2025-04-29 22:40:00+09:00,0.2286,0.2289,0.2286,0.2289,4513.5
2025-04-29 22:45:00+09:00,0.2287,0.2292,0.2286,0.2291,2421.0
2025-04-29 22:50:00+09:00,0.229,0.2296,0.229,0.2296,3796.3
2025-04-29 22:55:00+09:00,0.2297,0.2297,0.2292,0.2294,10501.9
2025-04-29 23:00:00+09:00,0.2292,0.2312,0.2286,0.2312,27406.3
2025-04-29 23:05:00+09:00,0.2312,0.2319,0.2309,0.2309,41633.7
2025-04-29 23:10:00+09:00,0.2308,0.2308,0.2296,0.2304,11709.5
2025-04-29 23:15:00+09:00,0.2308,0.2308,0.2301,0.2304,3100.2
2025-04-29 23:20:00+09:00,0.2302,0.2304,0.2297,0.2297,9202.5
2025-04-29 23:25:00+09:00,0.2297,0.23,0.2297,0.23,680.0
2025-04-29 23:30:00+09:00,0.2299,0.2305,0.2299,0.2304,4952.5
2025-04-29 23:35:00+09:00,0.2306,0.2313,0.2306,0.2312,4586.8
2025-04-29 23:40:00+09:00,0.2311,0.2318,0.2311,0.2318,8925.6
2025-04-29 23:45:00+09:00,0.2319,0.2319,0.2313,0.2314,3985.5
2025-04-29 23:50:00+09:00,0.2312,0.2313,0.231,0.2311,2518.4
2025-04-29 23:55:00+09:00,0.2311,0.2317,0.2311,0.2317,8996.7
2025-04-30 00:00:00+09:00,0.2317,0.2317,0.2305,0.2305,9975.2
2025-04-30 00:05:00+09:00,0.2306,0.2314,0.2306,0.231,38193.4
2025-04-30 00:10:00+09:00,0.2309,0.2311,0.2303,0.2303,3186.8
2025-04-30 00:15:00+09:00,0.2305,0.2305,0.2298,0.2298,11517.7
2025-04-30 00:20:00+09:00,0.2295,0.2298,0.2292,0.2294,10678.9
2025-04-30 00:25:00+09:00,0.2295,0.2305,0.2294,0.2302,24457.9
2025-04-30 00:30:00+09:00,0.2301,0.2302,0.2296,0.2296,2882.7
2025-04-30 00:35:00+09:00,0.2296,0.2306,0.2294,0.2306,10865.2
2025-04-30 00:40:00+09:00,0.2309,0.2313,0.2309,0.2312,15661.5
2025-04-30 00:45:00+09:00,0.2311,0.2314,0.2306,0.2306,11780.9
2025-04-30 00:50:00+09:00,0.2302,0.2307,0.2302,0.2306,11265.6
2025-04-30 00:55:00+09:00,0.2304,0.2307,0.2304,0.2305,6268.1
2025-04-30 01:00:00+09:00,0.2305,0.2307,0.2299,0.2302,6149.2
2025-04-30 01:05:00+09:00,0.2301,0.2303,0.2293,0.2296,54194.8
2025-04-30 01:10:00+09:00,0.2294,0.2294,0.229,0.2291,4976.8
2025-04-30 01:15:00+09:00,0.229,0.2296,0.229,0.2294,6859.4
2025-04-30 01:20:00+09:00,0.2294,0.2299,0.2294,0.2298,9226.1
2025-04-30 01:25:00+09:00,0.2297,0.2302,0.2295,0.2301,20662.9
2025-04-30 01:30:00+09:00,0.2301,0.2305,0.2298,0.2305,8066.8
2025-04-30 01:35:00+09:00,0.2307,0.2311,0.2296,0.2296,10126.6
2025-04-30 01:40:00+09:00,0.2296,0.2301,0.229,0.2299,56981.0
2025-04-30 01:45:00+09:00,0.23,0.23,0.2287,0.2288,9589.5
2025-04-30 01:50:00+09:00,0.2286,0.229,0.2286,0.2286,7966.7
2025-04-30 01:55:00+09:00,0.2285,0.2285,0.2273,0.2281,30820.1
2025-04-30 02:00:00+09:00,0.2279,0.2279,0.2261,0.2269,21181.2
2025-04-30 02:05:00+09:00,0.2266,0.2268,0.2263,0.2266,6601.2
2025-04-30 02:10:00+09:00,0.2265,0.2275,0.2265,0.2275,9788.8
2025-04-30 02:15:00+09:00,0.2272,0.2289,0.2272,0.2287,60223.2
2025-04-30 02:20:00+09:00,0.2284,0.2284,0.228,0.2282,31576.0
2025-04-30 02:25:00+09:00,0.2281,0.2284,0.2276,0.2276,12817.0
2025-04-30 02:30:00+09:00,0.2277,0.2277,0.2268,0.2269,26096.1
2025-04-30 02:35:00+09:00,0.2271,0.2278,0.2271,0.2275,22801.9
2025-04-30 02:40:00+09:00,0.2276,0.2278,0.2274,0.2275,7956.1
2025-04-30 02:45:00+09:00,0.2275,0.2275,0.2274,0.2274,4650.7
2025-04-30 02:50:00+09:00,0.2281,0.2285,0.2276,0.2285,37319.5
2025-04-30 02:55:00+09:00,0.2283,0.2286,0.2283,0.2283,2239.4
2025-04-30 03:00:00+09:00,0.2285,0.2287,0.2283,0.2283,2145.5
2025-04-30 03:05:00+09:00,0.2283,0.2286,0.228,0.228,8193.8
2025-04-30 03:10:00+09:00,0.2279,0.2282,0.2278,0.228,6273.7
2025-04-30 03:15:00+09:00,0.2279,0.2284,0.2279,0.2284,2961.0
2025-04-30 03:20:00+09:00,0.2282,0.2285,0.2274,0.2283,82180.4
2025-04-30 03:25:00+09:00,0.2283,0.2288,0.2283,0.2284,16197.7
2025-04-30 03:30:00+09:00,0.2285,0.2293,0.2282,0.229,13994.8
2025-04-30 03:35:00+09:00,0.229,0.2292,0.2289,0.2291,3558.4
2025-04-30 03:40:00+09:00,0.2291,0.2291,0.2287,0.2287,2143.5
2025-04-30 03:45:00+09:00,0.2288,0.229,0.2288,0.229,3764.3
2025-04-30 03:50:00+09:00,0.2287,0.2287,0.2283,0.2287,7298.6
2025-04-30 03:55:00+09:00,0.2286,0.2286,0.2284,0.2284,1482.9
2025-04-30 04:00:00+09:00,0.2284,0.2284,0.2276,0.2277,3761.2
2025-04-30 04:05:00+09:00,0.2277,0.228,0.2277,0.2278,1848.4
2025-04-30 04:10:00+09:00,0.2279,0.228,0.2272,0.2272,3659.9
2025-04-30 04:15:00+09:00,0.2274,0.2276,0.2274,0.2275,1685.6
2025-04-30 04:20:00+09:00,0.2275,0.2277,0.2275,0.2277,1513.9
2025-04-30 04:25:00+09:00,0.2279,0.2279,0.2274,0.2277,11461.5
2025-04-30 04:30:00+09:00,0.2277,0.2277,0.2273,0.2276,1926.6
2025-04-30 04:35:00+09:00,0.2275,0.2277,0.2272,0.2277,5128.1
2025-04-30 04:40:00+09:00,0.2277,0.2279,0.2276,0.2276,828.0
2025-04-30 04:45:00+09:00,0.2276,0.228,0.2275,0.228,1043.1
2025-04-30 04:50:00+09:00,0.2279,0.228,0.2276,0.2279,4604.9
2025-04-30 04:55:00+09:00,0.2279,0.2279,0.2272,0.2274,15329.1
2025-04-30 05:00:00+09:00,0.2274,0.2279,0.2273,0.2273,4396.7
2025-04-30 05:05:00+09:00,0.2271,0.2271,0.2266,0.2268,7236.6
2025-04-30 05:10:00+09:00,0.2266,0.2267,0.2263,0.2267,4266.9
2025-04-30 05:15:00+09:00,0.2267,0.2269,0.2263,0.2269,4492.5
2025-04-30 05:20:00+09:00,0.2269,0.2274,0.2269,0.2274,6844.9
2025-04-30 05:25:00+09:00,0.2273,0.2274,0.2272,0.2272,1973.8
2025-04-30 05:30:00+09:00,0.2271,0.2272,0.2266,0.2266,6464.8
2025-04-30 05:35:00+09:00,0.2266,0.2269,0.2266,0.2269,988.8
2025-04-30 05:40:00+09:00,0.2269,0.2269,0.2269,0.2269,26.7
2025-04-30 05:45:00+09:00,0.2271,0.2272,0.2271,0.2272,1807.6
2025-04-30 05:50:00+09:00,0.2272,0.2273,0.2272,0.2273,3001.7
2025-04-30 05:55:00+09:00,0.2271,0.2271,0.2271,0.2271,260.0
2025-04-30 06:00:00+09:00,0.2268,0.2271,0.2266,0.2269,5193.1
2025-04-30 06:05:00+09:00,0.2268,0.227,0.2266,0.2266,2777.9
2025-04-30 06:10:00+09:00,0.2263,0.2263,0.2242,0.2248,24707.4
2025-04-30 06:15:00+09:00,0.2246,0.2248,0.2242,0.2246,23729.7
2025-04-30 06:20:00+09:00,0.2245,0.2245,0.2239,0.2241,6707.4
2025-04-30 06:25:00+09:00,0.2239,0.2253,0.2237,0.2245,69580.7
2025-04-30 06:30:00+09:00,0.2242,0.2242,0.2235,0.2235,22469.7
2025-04-30 06:35:00+09:00,0.2236,0.2253,0.2236,0.2251,19304.0
2025-04-30 06:40:00+09:00,0.2251,0.2251,0.2245,0.2247,14942.6
2025-04-30 06:45:00+09:00,0.2246,0.2246,0.224,0.224,1959.3
2025-04-30 06:50:00+09:00,0.224,0.2247,0.2239,0.2246,5552.6
2025-04-30 06:55:00+09:00,0.2249,0.2254,0.2247,0.2254,5386.2
2025-04-30 07:00:00+09:00,0.225,0.2251,0.2243,0.2248,15897.1
2025-04-30 07:05:00+09:00,0.2245,0.2247,0.224,0.2242,14953.3
2025-04-30 07:10:00+09:00,0.2242,0.2247,0.2242,0.2246,11164.6
2025-04-30 07:15:00+09:00,0.2248,0.225,0.2241,0.2244,5118.5
2025-04-30 07:20:00+09:00,0.2243,0.2244,0.2238,0.2239,7090.2
2025-04-30 07:25:00+09:00,0.2238,0.2244,0.223,0.2232,12633.1
2025-04-30 07:30:00+09:00,0.2235,0.2239,0.2232,0.2238,23945.0
2025-04-30 07:35:00+09:00,0.2239,0.2241,0.2237,0.2241,13584.2
2025-04-30 07:40:00+09:00,0.224,0.2241,0.2229,0.2229,11186.9
2025-04-30 07:45:00+09:00,0.223,0.2235,0.2228,0.2235,5003.6
2025-04-30 07:50:00+09:00,0.2234,0.2239,0.2234,0.2238,3564.8
2025-04-30 07:55:00+09:00,0.2238,0.2238,0.2231,0.2233,9544.6
2025-04-30 08:00:00+09:00,0.2234,0.2242,0.2231,0.2236,51657.7
2025-04-30 08:05:00+09:00,0.2236,0.2236,0.2209,0.2212,135227.4
2025-04-30 08:10:00+09:00,0.2211,0.2211,0.2183,0.2186,222398.6
2025-04-30 08:15:00+09:00,0.2188,0.2196,0.2179,0.2191,187457.8
2025-04-30 08:20:00+09:00,0.219,0.2195,0.2184,0.2193,8995.2
2025-04-30 08:25:00+09:00,0.2194,0.2197,0.219,0.2195,4742.3
2025-04-30 08:30:00+09:00,0.2196,0.2204,0.2195,0.2204,5508.0
2025-04-30 08:35:00+09:00,0.2206,0.2212,0.2204,0.2212,640.5
2025-04-30 08:40:00+09:00,0.2211,0.222,0.2211,0.222,12562.8
2025-04-30 08:45:00+09:00,0.2217,0.2222,0.2214,0.2222,1951.4
2025-04-30 08:50:00+09:00,0.2221,0.2222,0.2218,0.2222,5209.4
2025-04-30 08:55:00+09:00,0.2223,0.2223,0.2223,0.2223,1685.7
2025-04-30 09:00:00+09:00,0.2221,0.2225,0.2212,0.2217,33169.7
2025-04-30 09:05:00+09:00,0.2216,0.2228,0.2216,0.2228,3906.4
2025-04-30 09:10:00+09:00,0.2228,0.2229,0.2223,0.2229,20572.6
2025-04-30 09:15:00+09:00,0.2226,0.2227,0.2224,0.2226,2952.6
2025-04-30 09:20:00+09:00,0.2228,0.2235,0.2226,0.2226,4561.7
2025-04-30 09:25:00+09:00,0.2226,0.2231,0.2226,0.2228,7211.7
2025-04-30 09:30:00+09:00,0.2223,0.2236,0.2221,0.2234,23385.6
2025-04-30 09:35:00+09:00,0.2235,0.2236,0.2234,0.2235,3303.2
2025-04-30 09:40:00+09:00,0.2235,0.2235,0.223,0.223,1996.2
2025-04-30 09:45:00+09:00,0.2229,0.2235,0.2229,0.2235,9244.9
2025-04-30 09:50:00+09:00,0.2233,0.2233,0.223,0.2232,8642.8
2025-04-30 09:55:00+09:00,0.2233,0.2235,0.2231,0.2235,2269.3
2025-04-30 10:00:00+09:00,0.2237,0.2239,0.2235,0.2235,4049.2
2025-04-30 10:05:00+09:00,0.2235,0.2235,0.2234,0.2234,2965.0
2025-04-30 10:10:00+09:00,0.2234,0.2234,0.2221,0.2226,26751.7
2025-04-30 10:15:00+09:00,0.2226,0.2229,0.2219,0.2228,19475.4
2025-04-30 10:20:00+09:00,0.2228,0.2232,0.2227,0.223,3676.5
2025-04-30 10:25:00+09:00,0.2229,0.2229,0.2227,0.2229,4425.0
2025-04-30 10:30:00+09:00,0.2229,0.2229,0.2219,0.2225,12972.9
2025-04-30 10:35:00+09:00,0.2225,0.2225,0.2218,0.2218,2555.4
2025-04-30 10:40:00+09:00,0.2217,0.2217,0.221,0.221,980.6
2025-04-30 10:45:00+09:00,0.2208,0.2209,0.2202,0.2205,15031.5
2025-04-30 10:50:00+09:00,0.2204,0.2215,0.2204,0.2213,17305.7
2025-04-30 10:55:00+09:00,0.2212,0.2221,0.2212,0.2219,2056.6
2025-04-30 11:00:00+09:00,0.2219,0.2222,0.2218,0.2222,1181.2
2025-04-30 11:05:00+09:00,0.222,0.2221,0.2218,0.2221,1753.9
2025-04-30 11:10:00+09:00,0.2223,0.2226,0.2222,0.2224,6514.5
2025-04-30 11:15:00+09:00,0.2223,0.2227,0.2218,0.2223,20620.0
2025-04-30 11:20:00+09:00,0.2223,0.2227,0.2223,0.2225,8779.2
2025-04-30 11:25:00+09:00,0.2224,0.2224,0.2218,0.2218,3096.5
2025-04-30 11:30:00+09:00,0.2219,0.2219,0.2211,0.2215,15892.4
2025-04-30 11:35:00+09:00,0.2214,0.2217,0.221,0.2215,19976.4
2025-04-30 11:40:00+09:00,0.2216,0.2223,0.2216,0.2223,1080.3
2025-04-30 11:45:00+09:00,0.2221,0.2222,0.2219,0.2222,2109.8
2025-04-30 11:50:00+09:00,0.2222,0.2223,0.222,0.222,1461.1
2025-04-30 11:55:00+09:00,0.2219,0.222,0.2219,0.222,438.5
2025-04-30 12:00:00+09:00,0.222,0.2223,0.2215,0.2215,14886.5
2025-04-30 12:05:00+09:00,0.2214,0.2214,0.221,0.2213,7004.9
2025-04-30 12:10:00+09:00,0.2214,0.2216,0.2209,0.2209,3505.5
2025-04-30 12:15:00+09:00,0.2211,0.2213,0.221,0.221,2817.4
2025-04-30 12:20:00+09:00,0.2212,0.2213,0.2208,0.2208,2689.9
2025-04-30 12:25:00+09:00,0.221,0.221,0.2209,0.2209,1026.4
2025-04-30 12:30:00+09:00,0.2208,0.2217,0.2207,0.2213,31582.7
2025-04-30 12:35:00+09:00,0.2213,0.2213,0.2211,0.2211,5614.5
2025-04-30 12:40:00+09:00,0.2214,0.2217,0.2214,0.2215,3172.2
2025-04-30 12:45:00+09:00,0.2217,0.222,0.2217,0.2219,2778.8
2025-04-30 12:50:00+09:00,0.2219,0.2223,0.2219,0.2223,1133.2
2025-04-30 12:55:00+09:00,0.2226,0.2228,0.2226,0.2226,6150.1
2025-04-30 13:00:00+09:00,0.2227,0.223,0.2219,0.2219,11128.5
2025-04-30 13:05:00+09:00,0.2219,0.2219,0.2215,0.2215,3426.7
2025-04-30 13:10:00+09:00,0.2214,0.222,0.2213,0.2215,33213.3
2025-04-30 13:15:00+09:00,0.2217,0.2227,0.2217,0.2227,10349.7
2025-04-30 13:20:00+09:00,0.2229,0.2232,0.2229,0.2231,1813.0
2025-04-30 13:25:00+09:00,0.2232,0.2233,0.223,0.2232,3272.5
2025-04-30 13:30:00+09:00,0.2233,0.2237,0.2232,0.2236,3763.9
2025-04-30 13:35:00+09:00,0.2235,0.2237,0.2234,0.2237,2879.4
2025-04-30 13:40:00+09:00,0.2236,0.2237,0.2235,0.2235,1574.9
2025-04-30 13:45:00+09:00,0.2235,0.2239,0.2234,0.2236,6515.6
2025-04-30 13:50:00+09:00,0.2236,0.2238,0.2236,0.2237,2652.4
2025-04-30 13:55:00+09:00,0.2238,0.2242,0.2238,0.224,1756.9
2025-04-30 14:00:00+09:00,0.2242,0.2242,0.2237,0.2239,2451.7
2025-04-30 14:05:00+09:00,0.2238,0.2243,0.2238,0.2242,2844.9
2025-04-30 14:10:00+09:00,0.2242,0.2242,0.2236,0.2236,7351.4
2025-04-30 14:15:00+09:00,0.2235,0.2236,0.2234,0.2234,5110.9
2025-04-30 14:20:00+09:00,0.2235,0.2236,0.2234,0.2236,2306.3
2025-04-30 14:25:00+09:00,0.2236,0.2236,0.2231,0.2231,2219.0
2025-04-30 14:30:00+09:00,0.2231,0.2233,0.223,0.2233,4679.7
2025-04-30 14:35:00+09:00,0.2232,0.2232,0.2231,0.2231,653.4
2025-04-30 14:40:00+09:00,0.2231,0.2234,0.2231,0.2233,4408.9
2025-04-30 14:45:00+09:00,0.2231,0.2231,0.2228,0.2229,877.7
2025-04-30 14:50:00+09:00,0.2229,0.2234,0.2229,0.2234,2814.7
2025-04-30 14:55:00+09:00,0.2233,0.2235,0.2233,0.2235,4052.1
2025-04-30 15:00:00+09:00,0.2236,0.2238,0.2236,0.2237,3225.9
2025-04-30 15:05:00+09:00,0.2236,0.2236,0.2234,0.2236,6456.7
2025-04-30 15:10:00+09:00,0.2235,0.2239,0.2232,0.2238,9288.0
2025-04-30 15:15:00+09:00,0.2239,0.2242,0.2239,0.2242,3057.0
2025-04-30 15:20:00+09:00,0.2242,0.2245,0.2242,0.2244,4009.2
2025-04-30 15:25:00+09:00,0.2244,0.2247,0.2243,0.2246,2288.2
2025-04-30 15:30:00+09:00,0.2248,0.2248,0.2246,0.2246,3647.5
2025-04-30 15:35:00+09:00,0.2246,0.2246,0.2245,0.2245,630.1
2025-04-30 15:40:00+09:00,0.2245,0.2245,0.224,0.224,6505.3
2025-04-30 15:45:00+09:00,0.224,0.2245,0.224,0.2245,771.3
2025-04-30 15:50:00+09:00,0.2245,0.2246,0.2245,0.2246,1050.1
2025-04-30 15:55:00+09:00,0.2245,0.2245,0.2239,0.2239,2277.6
2025-04-30 16:00:00+09:00,0.224,0.2241,0.2237,0.2237,3431.8
2025-04-30 16:05:00+09:00,0.2237,0.2237,0.223,0.223,3107.3
2025-04-30 16:10:00+09:00,0.2232,0.2235,0.2232,0.2235,9996.6
2025-04-30 16:15:00+09:00,0.2235,0.2237,0.2234,0.2234,5431.4
2025-04-30 16:20:00+09:00,0.2233,0.2233,0.223,0.2232,3173.1
2025-04-30 16:25:00+09:00,0.2232,0.2234,0.2232,0.2232,3317.2
2025-04-30 16:30:00+09:00,0.2232,0.2232,0.2218,0.2222,42610.9
2025-04-30 16:35:00+09:00,0.2221,0.2221,0.221,0.2217,71401.5
2025-04-30 16:40:00+09:00,0.2218,0.2218,0.2212,0.2212,13476.5
2025-04-30 16:45:00+09:00,0.2213,0.2214,0.2204,0.2205,12234.6
2025-04-30 16:50:00+09:00,0.2205,0.221,0.2201,0.221,10231.8
2025-04-30 16:55:00+09:00,0.2211,0.2213,0.2208,0.2212,5972.0
2025-04-30 17:00:00+09:00,0.2215,0.2215,0.221,0.2214,3331.2
2025-04-30 17:05:00+09:00,0.2212,0.2214,0.221,0.2214,1714.2
2025-04-30 17:10:00+09:00,0.2216,0.2222,0.2216,0.2222,2168.5
2025-04-30 17:15:00+09:00,0.2222,0.2223,0.222,0.222,2796.8
2025-04-30 17:20:00+09:00,0.2219,0.2219,0.2214,0.2217,8661.2
2025-04-30 17:25:00+09:00,0.2217,0.2217,0.2209,0.2209,1087.2
2025-04-30 17:30:00+09:00,0.2209,0.2212,0.2209,0.2209,2000.9
2025-04-30 17:35:00+09:00,0.2212,0.2216,0.2211,0.2215,1310.0
2025-04-30 17:40:00+09:00,0.2217,0.2218,0.2215,0.2217,9326.6
2025-04-30 17:45:00+09:00,0.2218,0.2221,0.2218,0.2221,3444.1
2025-04-30 17:50:00+09:00,0.2221,0.2226,0.222,0.2224,9793.0
2025-04-30 17:55:00+09:00,0.2223,0.2223,0.2217,0.2217,6654.9
2025-04-30 18:00:00+09:00,0.2218,0.2224,0.2217,0.2224,11770.9
2025-04-30 18:05:00+09:00,0.2224,0.2227,0.2222,0.2227,20870.0
2025-04-30 18:10:00+09:00,0.2226,0.2226,0.2224,0.2225,2607.7
2025-04-30 18:15:00+09:00,0.2227,0.2233,0.2226,0.2233,5117.2
2025-04-30 18:20:00+09:00,0.2233,0.2238,0.2233,0.2238,5798.0
2025-04-30 18:25:00+09:00,0.2237,0.224,0.2234,0.2239,4517.4
2025-04-30 18:30:00+09:00,0.2238,0.2241,0.2238,0.224,2798.6
2025-04-30 18:35:00+09:00,0.2238,0.224,0.2237,0.2239,2042.0
2025-04-30 18:40:00+09:00,0.2239,0.2246,0.2239,0.2244,7912.8
2025-04-30 18:45:00+09:00,0.2245,0.2245,0.224,0.2243,26763.4
2025-04-30 18:50:00+09:00,0.2245,0.2246,0.2243,0.2243,5766.2
2025-04-30 18:55:00+09:00,0.2246,0.2247,0.2245,0.2247,1819.4
2025-04-30 19:00:00+09:00,0.2246,0.2252,0.2244,0.2249,18201.5
2025-04-30 19:05:00+09:00,0.2249,0.225,0.2246,0.2249,11262.2
2025-04-30 19:10:00+09:00,0.225,0.2253,0.225,0.2252,4430.5
2025-04-30 19:15:00+09:00,0.2253,0.2254,0.2245,0.2245,55448.8
2025-04-30 19:20:00+09:00,0.2246,0.2247,0.2244,0.2245,8957.2
2025-04-30 19:25:00+09:00,0.2246,0.2257,0.2246,0.2254,28378.4
2025-04-30 19:30:00+09:00,0.2251,0.2264,0.2251,0.2263,68993.4
2025-04-30 19:35:00+09:00,0.2262,0.227,0.2259,0.2263,90086.9
2025-04-30 19:40:00+09:00,0.2263,0.2264,0.2263,0.2264,1578.5
2025-04-30 19:45:00+09:00,0.2265,0.2267,0.2264,0.2267,9490.0
2025-04-30 19:50:00+09:00,0.2265,0.2268,0.2265,0.2268,471.5
2025-04-30 19:55:00+09:00,0.2269,0.2269,0.2266,0.2266,1298.9
2025-04-30 20:00:00+09:00,0.2266,0.2273,0.2266,0.2269,11979.5
2025-04-30 20:05:00+09:00,0.2269,0.2271,0.2269,0.2271,6286.0
2025-04-30 20:10:00+09:00,0.227,0.227,0.2267,0.2267,718.0
2025-04-30 20:15:00+09:00,0.2267,0.2271,0.2267,0.2269,7149.1
2025-04-30 20:20:00+09:00,0.2268,0.2269,0.2268,0.2268,1640.0
2025-04-30 20:25:00+09:00,0.2268,0.227,0.2268,0.2269,1544.9
2025-04-30 20:30:00+09:00,0.2269,0.2272,0.2269,0.2271,5148.9
2025-04-30 20:35:00+09:00,0.2271,0.2272,0.227,0.227,11273.2
2025-04-30 20:40:00+09:00,0.227,0.2275,0.227,0.2274,5636.8
2025-04-30 20:45:00+09:00,0.2274,0.2274,0.2268,0.2269,11985.6
2025-04-30 20:50:00+09:00,0.2268,0.2273,0.2268,0.2271,4851.0
2025-04-30 20:55:00+09:00,0.2271,0.2274,0.2271,0.2273,4704.9
2025-04-30 21:00:00+09:00,0.2274,0.2284,0.2274,0.2281,26767.2
2025-04-30 21:05:00+09:00,0.2284,0.2291,0.2281,0.2287,36469.1
2025-04-30 21:10:00+09:00,0.2286,0.2286,0.2273,0.2283,135181.2
2025-04-30 21:15:00+09:00,0.2282,0.2286,0.2277,0.2278,22558.4
2025-04-30 21:20:00+09:00,0.2277,0.2277,0.2253,0.2258,222497.3
2025-04-30 21:25:00+09:00,0.2256,0.2259,0.2252,0.2252,19756.5
2025-04-30 21:30:00+09:00,0.2254,0.2255,0.2226,0.2234,31066.8
2025-04-30 21:35:00+09:00,0.2235,0.2235,0.2214,0.2215,34367.0
2025-04-30 21:40:00+09:00,0.2215,0.222,0.2211,0.2216,14157.4
2025-04-30 21:45:00+09:00,0.2215,0.2215,0.2198,0.2201,31522.7
2025-04-30 21:50:00+09:00,0.2202,0.2216,0.2201,0.2216,15837.2
2025-04-30 21:55:00+09:00,0.2219,0.2219,0.2214,0.2214,6432.8
2025-04-30 22:00:00+09:00,0.2214,0.2214,0.2206,0.2213,10170.7
2025-04-30 22:05:00+09:00,0.2212,0.2212,0.2194,0.2196,11762.1
2025-04-30 22:10:00+09:00,0.2198,0.2205,0.2177,0.2177,22697.3
2025-04-30 22:15:00+09:00,0.2174,0.2199,0.2171,0.2185,54969.9
2025-04-30 22:20:00+09:00,0.2184,0.2189,0.218,0.2183,57662.2
2025-04-30 22:25:00+09:00,0.2182,0.219,0.2178,0.219,41816.2
2025-04-30 22:30:00+09:00,0.2189,0.2189,0.2175,0.2183,50609.2
2025-04-30 22:35:00+09:00,0.2185,0.2188,0.2161,0.2162,47582.6
2025-04-30 22:40:00+09:00,0.2159,0.2167,0.2138,0.2157,119110.6
2025-04-30 22:45:00+09:00,0.2154,0.2165,0.2144,0.2163,56473.9
2025-04-30 22:50:00+09:00,0.216,0.216,0.2147,0.2155,16241.7
2025-04-30 22:55:00+09:00,0.2155,0.2155,0.213,0.2131,54636.0
2025-04-30 23:00:00+09:00,0.2129,0.2161,0.2126,0.2155,40087.0
2025-04-30 23:05:00+09:00,0.2146,0.2156,0.2146,0.2156,29526.8
2025-04-30 23:10:00+09:00,0.2155,0.2157,0.2145,0.2157,16284.7
2025-04-30 23:15:00+09:00,0.2155,0.2159,0.2148,0.2159,19610.4
2025-04-30 23:20:00+09:00,0.2158,0.2183,0.2157,0.2181,24906.9
2025-04-30 23:25:00+09:00,0.2183,0.2185,0.2177,0.2183,25885.9
2025-04-30 23:30:00+09:00,0.2183,0.2196,0.2179,0.2189,120684.3
2025-04-30 23:35:00+09:00,0.2185,0.2185,0.2167,0.2171,20590.4
2025-04-30 23:40:00+09:00,0.2169,0.2169,0.215,0.2165,46653.0
2025-04-30 23:45:00+09:00,0.2165,0.2165,0.2155,0.2157,4328.1
2025-04-30 23:50:00+09:00,0.2158,0.2169,0.2152,0.2162,28147.0
2025-04-30 23:55:00+09:00,0.2161,0.2167,0.2158,0.2163,7141.9
2025-05-01 00:00:00+09:00,0.2165,0.2173,0.2156,0.2156,68911.3
2025-05-01 00:05:00+09:00,0.2155,0.2166,0.2153,0.2166,18980.8
2025-05-01 00:10:00+09:00,0.2166,0.2166,0.2159,0.216,79567.4
2025-05-01 00:15:00+09:00,0.2161,0.2169,0.2161,0.2165,19694.8
2025-05-01 00:20:00+09:00,0.2164,0.2171,0.2164,0.2165,17910.3
2025-05-01 00:25:00+09:00,0.2162,0.2169,0.2156,0.2167,16075.8
2025-05-01 00:30:00+09:00,0.2168,0.2173,0.2157,0.2173,60119.4
2025-05-01 00:35:00+09:00,0.2171,0.2174,0.217,0.2172,6486.9
2025-05-01 00:40:00+09:00,0.2173,0.2177,0.217,0.2176,27619.3
2025-05-01 00:45:00+09:00,0.2174,0.2174,0.2167,0.217,7090.4
2025-05-01 00:50:00+09:00,0.217,0.217,0.2165,0.2168,2051.4
2025-05-01 00:55:00+09:00,0.2168,0.2168,0.216,0.2167,43958.8
2025-05-01 01:00:00+09:00,0.2165,0.2166,0.2153,0.2166,47527.3
2025-05-01 01:05:00+09:00,0.2166,0.2169,0.2161,0.2161,25685.6
2025-05-01 01:10:00+09:00,0.2159,0.2163,0.2159,0.2161,11581.6
2025-05-01 01:15:00+09:00,0.2162,0.2162,0.2154,0.2158,6144.6
2025-05-01 01:20:00+09:00,0.2159,0.2161,0.2155,0.2157,7160.5
2025-05-01 01:25:00+09:00,0.2157,0.216,0.2148,0.2158,24365.1
2025-05-01 01:30:00+09:00,0.2158,0.216,0.2155,0.2155,14643.3
2025-05-01 01:35:00+09:00,0.2154,0.2171,0.2151,0.217,15647.8
2025-05-01 01:40:00+09:00,0.2171,0.2179,0.2167,0.2168,29350.1
2025-05-01 01:45:00+09:00,0.2168,0.2175,0.2168,0.2175,9361.3
2025-05-01 01:50:00+09:00,0.2174,0.2176,0.2168,0.217,9195.2
2025-05-01 01:55:00+09:00,0.2172,0.2176,0.2172,0.2173,8288.8
2025-05-01 02:00:00+09:00,0.2174,0.2181,0.2172,0.2179,25673.9
2025-05-01 02:05:00+09:00,0.2179,0.2179,0.2166,0.2167,9195.8
2025-05-01 02:10:00+09:00,0.2165,0.2169,0.2163,0.2168,27104.1
2025-05-01 02:15:00+09:00,0.2167,0.2176,0.2167,0.2171,6504.4
2025-05-01 02:20:00+09:00,0.2171,0.2174,0.217,0.2171,2916.5
2025-05-01 02:25:00+09:00,0.2171,0.2184,0.2171,0.2182,21621.6
2025-05-01 02:30:00+09:00,0.2185,0.2187,0.2182,0.2187,38946.4
2025-05-01 02:35:00+09:00,0.2185,0.2197,0.2183,0.219,38332.6
2025-05-01 02:40:00+09:00,0.219,0.2195,0.2184,0.2194,40570.1
2025-05-01 02:45:00+09:00,0.2193,0.2193,0.2183,0.2185,31188.1
2025-05-01 02:50:00+09:00,0.2185,0.2193,0.2166,0.2173,194826.2
2025-05-01 02:55:00+09:00,0.2175,0.2176,0.217,0.217,13056.1
2025-05-01 03:00:00+09:00,0.2171,0.2173,0.2163,0.2168,26678.2
2025-05-01 03:05:00+09:00,0.2168,0.2184,0.2165,0.2181,31104.1
2025-05-01 03:10:00+09:00,0.2181,0.2191,0.218,0.2187,15431.5
2025-05-01 03:15:00+09:00,0.2187,0.2192,0.2187,0.2189,3657.5
2025-05-01 03:20:00+09:00,0.219,0.2193,0.2184,0.2185,5869.0
2025-05-01 03:25:00+09:00,0.2185,0.2189,0.2181,0.2181,6215.0
2025-05-01 03:30:00+09:00,0.2181,0.2187,0.2181,0.2184,6870.5
2025-05-01 03:35:00+09:00,0.2183,0.2184,0.2178,0.218,8779.7
2025-05-01 03:40:00+09:00,0.218,0.218,0.2173,0.2176,6987.1
2025-05-01 03:45:00+09:00,0.2174,0.2187,0.2173,0.2187,9982.5
2025-05-01 03:50:00+09:00,0.2185,0.2186,0.2182,0.2182,4421.8
2025-05-01 03:55:00+09:00,0.2182,0.2183,0.2178,0.2179,1923.4
2025-05-01 04:00:00+09:00,0.218,0.2182,0.2176,0.2178,10301.4
2025-05-01 04:05:00+09:00,0.2179,0.218,0.2175,0.2175,3604.3
2025-05-01 04:10:00+09:00,0.2175,0.2175,0.2169,0.2172,18740.4
2025-05-01 04:15:00+09:00,0.2173,0.2173,0.2164,0.2164,2960.1
2025-05-01 04:20:00+09:00,0.2164,0.2165,0.2157,0.2158,4557.5
2025-05-01 04:25:00+09:00,0.2156,0.2164,0.2153,0.2155,49413.9
2025-05-01 04:30:00+09:00,0.2153,0.2159,0.2153,0.2156,7140.7
2025-05-01 04:35:00+09:00,0.2156,0.2161,0.2156,0.2158,4038.9
2025-05-01 04:40:00+09:00,0.2158,0.2163,0.2158,0.2163,3101.5
2025-05-01 04:45:00+09:00,0.2166,0.2171,0.2165,0.2171,2078.5
2025-05-01 04:50:00+09:00,0.2171,0.218,0.2171,0.2176,6204.8
2025-05-01 04:55:00+09:00,0.2178,0.2183,0.2173,0.2176,13989.8
2025-05-01 05:00:00+09:00,0.2175,0.2186,0.2172,0.2185,51205.1
2025-05-01 05:05:00+09:00,0.2184,0.2191,0.2184,0.219,10543.7
2025-05-01 05:10:00+09:00,0.2189,0.2207,0.2188,0.2206,37806.8
2025-05-01 05:15:00+09:00,0.2205,0.2208,0.2197,0.2197,90743.8
2025-05-01 05:20:00+09:00,0.2197,0.2198,0.2193,0.2195,12303.6
2025-05-01 05:25:00+09:00,0.2196,0.2198,0.2194,0.2195,2319.7
2025-05-01 05:30:00+09:00,0.2194,0.2194,0.2184,0.2188,12869.2
2025-05-01 05:35:00+09:00,0.2189,0.219,0.2185,0.2186,1752.0
2025-05-01 05:40:00+09:00,0.2186,0.2189,0.2183,0.2189,7843.2
2025-05-01 05:45:00+09:00,0.2191,0.2191,0.2184,0.2186,13890.3
2025-05-01 05:50:00+09:00,0.2183,0.2188,0.2178,0.2184,20036.6
2025-05-01 05:55:00+09:00,0.2183,0.2183,0.2179,0.218,3345.2
2025-05-01 06:00:00+09:00,0.218,0.2182,0.2178,0.218,7083.7
2025-05-01 06:05:00+09:00,0.2181,0.2184,0.2179,0.2179,3503.5
2025-05-01 06:10:00+09:00,0.2178,0.2178,0.2171,0.2174,7461.2
2025-05-01 06:15:00+09:00,0.2176,0.2183,0.2176,0.2183,4365.7
2025-05-01 06:20:00+09:00,0.2186,0.2187,0.2185,0.2186,3235.9
2025-05-01 06:25:00+09:00,0.2185,0.2186,0.2183,0.2184,5840.7
2025-05-01 06:30:00+09:00,0.2185,0.2186,0.2177,0.2178,1172.7
2025-05-01 06:35:00+09:00,0.2174,0.2177,0.2174,0.2176,4513.1
2025-05-01 06:40:00+09:00,0.2176,0.2176,0.217,0.2173,8738.9
2025-05-01 06:45:00+09:00,0.2173,0.2173,0.217,0.2172,1066.8
2025-05-01 06:50:00+09:00,0.2172,0.2175,0.217,0.2171,4889.0
2025-05-01 06:55:00+09:00,0.2172,0.2172,0.2162,0.2165,12549.9
2025-05-01 07:00:00+09:00,0.2166,0.2173,0.2166,0.2171,19863.5
2025-05-01 07:05:00+09:00,0.2171,0.2173,0.217,0.2173,3936.6
2025-05-01 07:10:00+09:00,0.2173,0.2173,0.2161,0.2166,14832.9
2025-05-01 07:15:00+09:00,0.2165,0.2168,0.2164,0.2168,9352.0
2025-05-01 07:20:00+09:00,0.2167,0.2172,0.2167,0.217,842.8
2025-05-01 07:25:00+09:00,0.2171,0.2171,0.2168,0.2168,3018.2
2025-05-01 07:30:00+09:00,0.2166,0.2167,0.2164,0.2165,5466.3
2025-05-01 07:35:00+09:00,0.2164,0.2165,0.2163,0.2165,772.7
2025-05-01 07:40:00+09:00,0.2165,0.2166,0.2164,0.2165,729.4
2025-05-01 07:45:00+09:00,0.2166,0.2166,0.2162,0.2162,2402.4
2025-05-01 07:50:00+09:00,0.2163,0.2163,0.2152,0.216,76966.9
2025-05-01 07:55:00+09:00,0.216,0.2161,0.216,0.216,7408.6
2025-05-01 08:00:00+09:00,0.2161,0.2161,0.2159,0.216,38460.5
2025-05-01 08:05:00+09:00,0.2159,0.2166,0.2158,0.2164,43133.4
2025-05-01 08:10:00+09:00,0.2165,0.2169,0.2162,0.2168,4411.7
2025-05-01 08:15:00+09:00,0.2168,0.2169,0.2166,0.2166,4236.5
2025-05-01 08:20:00+09:00,0.2166,0.2166,0.2164,0.2166,320.1
2025-05-01 08:25:00+09:00,0.2165,0.2171,0.2165,0.2171,4930.9
2025-05-01 08:30:00+09:00,0.2171,0.2173,0.217,0.2173,5683.1
2025-05-01 08:35:00+09:00,0.2173,0.218,0.2171,0.218,7518.8
2025-05-01 08:40:00+09:00,0.2178,0.2178,0.2173,0.2177,3869.6
2025-05-01 08:45:00+09:00,0.2176,0.2177,0.2175,0.2175,3038.6
2025-05-01 08:50:00+09:00,0.2175,0.2179,0.2175,0.2178,9940.5
2025-05-01 08:55:00+09:00,0.2177,0.2183,0.2177,0.2181,2840.2
2025-05-01 09:00:00+09:00,0.2182,0.2184,0.2178,0.2181,15666.1
2025-05-01 09:05:00+09:00,0.2182,0.2184,0.2178,0.2181,16279.7
2025-05-01 09:10:00+09:00,0.2181,0.2181,0.2178,0.2178,2615.2
2025-05-01 09:15:00+09:00,0.2179,0.2179,0.2176,0.2178,3225.4
2025-05-01 09:20:00+09:00,0.2178,0.2181,0.2178,0.2181,2914.4
2025-05-01 09:25:00+09:00,0.218,0.2181,0.2178,0.2178,3478.4
2025-05-01 09:30:00+09:00,0.2177,0.2179,0.2177,0.2178,856.9
2025-05-01 09:35:00+09:00,0.2178,0.218,0.2177,0.218,1826.6
2025-05-01 09:40:00+09:00,0.218,0.2182,0.218,0.2182,1031.6
2025-05-01 09:45:00+09:00,0.2182,0.2188,0.2182,0.2188,3401.2
2025-05-01 09:50:00+09:00,0.2188,0.2191,0.2187,0.219,1704.7
2025-05-01 09:55:00+09:00,0.2189,0.2195,0.2189,0.2195,3504.5
2025-05-01 10:00:00+09:00,0.2197,0.2198,0.2192,0.2196,50136.1
2025-05-01 10:05:00+09:00,0.2196,0.2204,0.2196,0.2203,3139.9
2025-05-01 10:10:00+09:00,0.2201,0.2201,0.2198,0.2198,3746.6
2025-05-01 10:15:00+09:00,0.2198,0.2203,0.2198,0.2201,3540.1
2025-05-01 10:20:00+09:00,0.2202,0.2203,0.2198,0.2198,7083.9
2025-05-01 10:25:00+09:00,0.2199,0.2199,0.2197,0.2197,619.8
2025-05-01 10:30:00+09:00,0.2195,0.2195,0.2194,0.2194,2149.8
2025-05-01 10:35:00+09:00,0.2193,0.2194,0.2192,0.2192,1633.4
2025-05-01 10:40:00+09:00,0.219,0.2193,0.2188,0.2193,3918.5
2025-05-01 10:45:00+09:00,0.2192,0.2192,0.2191,0.2191,829.8
2025-05-01 10:50:00+09:00,0.2191,0.2196,0.2189,0.2195,5086.9
2025-05-01 10:55:00+09:00,0.2197,0.2197,0.2192,0.2194,2812.2
2025-05-01 11:00:00+09:00,0.2192,0.2192,0.2192,0.2192,560.4
2025-05-01 11:05:00+09:00,0.2191,0.2194,0.219,0.2191,3657.0
2025-05-01 11:10:00+09:00,0.2191,0.2194,0.2191,0.2191,4658.7
2025-05-01 11:15:00+09:00,0.2192,0.2195,0.2191,0.2193,1829.4
2025-05-01 11:20:00+09:00,0.2193,0.2193,0.2186,0.2186,3441.8
2025-05-01 11:25:00+09:00,0.2186,0.2189,0.2186,0.2188,1997.2
2025-05-01 11:30:00+09:00,0.2189,0.2189,0.2186,0.2188,859.7
2025-05-01 11:35:00+09:00,0.2189,0.2198,0.2189,0.2196,27447.3
2025-05-01 11:40:00+09:00,0.2197,0.2197,0.2188,0.2191,36122.5
2025-05-01 11:45:00+09:00,0.2191,0.2191,0.2185,0.2186,1410.6
2025-05-01 11:50:00+09:00,0.2187,0.2187,0.2185,0.2185,2056.2
2025-05-01 11:55:00+09:00,0.2185,0.2185,0.2181,0.2181,3732.7
2025-05-01 12:00:00+09:00,0.2181,0.2183,0.2181,0.2183,3303.6
2025-05-01 12:05:00+09:00,0.2185,0.2187,0.2183,0.2187,2817.5
2025-05-01 12:10:00+09:00,0.2185,0.2186,0.218,0.218,4188.5
2025-05-01 12:15:00+09:00,0.218,0.218,0.218,0.218,1696.5
2025-05-01 12:20:00+09:00,0.218,0.218,0.2179,0.218,971.8
2025-05-01 12:25:00+09:00,0.218,0.2181,0.218,0.2181,1410.0
2025-05-01 12:30:00+09:00,0.2181,0.2182,0.217,0.2172,9355.2
2025-05-01 12:35:00+09:00,0.2175,0.2178,0.2175,0.2177,9874.7
2025-05-01 12:40:00+09:00,0.2178,0.2178,0.2173,0.2173,6135.8
2025-05-01 12:45:00+09:00,0.2173,0.2177,0.2166,0.2177,51133.4
2025-05-01 12:50:00+09:00,0.2176,0.2176,0.2168,0.2168,28231.1
2025-05-01 12:55:00+09:00,0.2167,0.2171,0.2166,0.217,2632.3
2025-05-01 13:00:00+09:00,0.217,0.2172,0.2166,0.2166,1840.1
2025-05-01 13:05:00+09:00,0.2168,0.2168,0.2165,0.2166,2521.1
2025-05-01 13:10:00+09:00,0.2167,0.2172,0.2167,0.2172,6737.8
2025-05-01 13:15:00+09:00,0.217,0.217,0.2164,0.2164,4477.4
2025-05-01 13:20:00+09:00,0.2165,0.2171,0.2165,0.2171,12340.9
2025-05-01 13:25:00+09:00,0.217,0.2171,0.2168,0.2168,1184.0
2025-05-01 13:30:00+09:00,0.2169,0.217,0.2163,0.2163,2945.0
2025-05-01 13:35:00+09:00,0.2164,0.2172,0.2163,0.2171,24377.2
2025-05-01 13:40:00+09:00,0.217,0.2172,0.2167,0.2171,5832.5
2025-05-01 13:45:00+09:00,0.2171,0.2171,0.2167,0.2169,14898.5
2025-05-01 13:50:00+09:00,0.2168,0.2169,0.2167,0.2169,7482.9
2025-05-01 13:55:00+09:00,0.2171,0.2171,0.217,0.2171,5240.6
2025-05-01 14:00:00+09:00,0.2171,0.2172,0.2169,0.2171,3537.4
2025-05-01 14:05:00+09:00,0.217,0.2175,0.2169,0.2175,1902.4
2025-05-01 14:10:00+09:00,0.2177,0.218,0.2177,0.2179,10718.3
2025-05-01 14:15:00+09:00,0.2181,0.2183,0.218,0.2182,2366.6
2025-05-01 14:20:00+09:00,0.2182,0.2187,0.2182,0.2187,2473.7
2025-05-01 14:25:00+09:00,0.2185,0.2185,0.2184,0.2185,1022.3
2025-05-01 14:30:00+09:00,0.2184,0.2189,0.2183,0.2189,762.4
2025-05-01 14:35:00+09:00,0.2189,0.2193,0.2189,0.219,12601.3
2025-05-01 14:40:00+09:00,0.2191,0.2197,0.2189,0.2195,5385.2
2025-05-01 14:45:00+09:00,0.2197,0.2199,0.2194,0.2194,7069.3
2025-05-01 14:50:00+09:00,0.2193,0.2193,0.219,0.219,2318.1
2025-05-01 14:55:00+09:00,0.2191,0.2191,0.2189,0.2191,1435.3
2025-05-01 15:00:00+09:00,0.219,0.2191,0.2189,0.2189,4913.8
2025-05-01 15:05:00+09:00,0.2189,0.2189,0.2184,0.2184,2510.9
2025-05-01 15:10:00+09:00,0.2183,0.2183,0.2181,0.2181,2156.3
2025-05-01 15:15:00+09:00,0.2182,0.2185,0.2181,0.2184,2730.1
2025-05-01 15:20:00+09:00,0.2185,0.2187,0.2184,0.2187,6925.2
2025-05-01 15:25:00+09:00,0.2187,0.219,0.2187,0.2188,3287.4
2025-05-01 15:30:00+09:00,0.219,0.2193,0.219,0.2193,2956.9
2025-05-01 15:35:00+09:00,0.2193,0.2194,0.2193,0.2194,2104.3
2025-05-01 15:40:00+09:00,0.2195,0.2195,0.2187,0.2189,5719.9
2025-05-01 15:45:00+09:00,0.2188,0.2191,0.2187,0.2188,3087.2
2025-05-01 15:50:00+09:00,0.219,0.2191,0.219,0.219,408.6
2025-05-01 15:55:00+09:00,0.219,0.2191,0.2189,0.219,430.3
2025-05-01 16:00:00+09:00,0.2189,0.219,0.2186,0.2189,6323.4
2025-05-01 16:05:00+09:00,0.219,0.2191,0.2189,0.2191,625.5
2025-05-01 16:10:00+09:00,0.219,0.2192,0.219,0.2192,2613.8
2025-05-01 16:15:00+09:00,0.2193,0.2194,0.2192,0.2192,2169.6
2025-05-01 16:20:00+09:00,0.2192,0.2195,0.2192,0.2195,3457.0
2025-05-01 16:25:00+09:00,0.2194,0.2195,0.2193,0.2194,1663.4
2025-05-01 16:30:00+09:00,0.2193,0.2197,0.2187,0.2188,56373.1
2025-05-01 16:35:00+09:00,0.2189,0.219,0.2186,0.2188,16227.2
2025-05-01 16:40:00+09:00,0.2188,0.2191,0.2187,0.2189,1797.6
2025-05-01 16:45:00+09:00,0.219,0.2191,0.219,0.2191,3339.9
2025-05-01 16:50:00+09:00,0.2192,0.2195,0.2192,0.2193,1599.8
2025-05-01 16:55:00+09:00,0.2194,0.2196,0.2194,0.2195,904.0
2025-05-01 17:00:00+09:00,0.2194,0.2205,0.2194,0.2201,24077.1
2025-05-01 17:05:00+09:00,0.2201,0.2203,0.2199,0.2202,14165.7
2025-05-01 17:10:00+09:00,0.22,0.2203,0.2196,0.2202,32089.2
2025-05-01 17:15:00+09:00,0.2203,0.2215,0.2202,0.2213,45678.5
2025-05-01 17:20:00+09:00,0.2213,0.2219,0.2207,0.2207,57993.2
2025-05-01 17:25:00+09:00,0.2208,0.2208,0.2206,0.2208,3427.7
2025-05-01 17:30:00+09:00,0.221,0.222,0.221,0.222,17719.9
2025-05-01 17:35:00+09:00,0.222,0.222,0.2213,0.2214,19145.8
2025-05-01 17:40:00+09:00,0.2212,0.2214,0.2211,0.2214,1931.4
2025-05-01 17:45:00+09:00,0.2214,0.2217,0.2214,0.2217,4299.4
2025-05-01 17:50:00+09:00,0.2217,0.2218,0.2216,0.2218,2696.5
2025-05-01 17:55:00+09:00,0.2218,0.222,0.2216,0.2216,4696.6
2025-05-01 18:00:00+09:00,0.2217,0.2219,0.2216,0.2217,16535.0
2025-05-01 18:05:00+09:00,0.2216,0.2216,0.2215,0.2216,8158.6
2025-05-01 18:10:00+09:00,0.2216,0.2218,0.2216,0.2217,5624.6
2025-05-01 18:15:00+09:00,0.222,0.2222,0.2219,0.222,2964.9
2025-05-01 18:20:00+09:00,0.2221,0.2224,0.2221,0.2224,2245.5
2025-05-01 18:25:00+09:00,0.2224,0.2225,0.2221,0.2223,24535.7
2025-05-01 18:30:00+09:00,0.2222,0.2232,0.2221,0.2231,29929.2
2025-05-01 18:35:00+09:00,0.2233,0.2234,0.223,0.2234,5800.2
2025-05-01 18:40:00+09:00,0.2231,0.2231,0.2226,0.223,14216.0
2025-05-01 18:45:00+09:00,0.223,0.223,0.2226,0.2228,12925.1
2025-05-01 18:50:00+09:00,0.2228,0.2241,0.2228,0.2232,84251.3
2025-05-01 18:55:00+09:00,0.2232,0.2232,0.2231,0.2232,4732.8
2025-05-01 19:00:00+09:00,0.2232,0.2236,0.2232,0.2234,5822.1
2025-05-01 19:05:00+09:00,0.2236,0.2237,0.2234,0.2235,9674.0
2025-05-01 19:10:00+09:00,0.2236,0.2236,0.2234,0.2234,3234.8
2025-05-01 19:15:00+09:00,0.2236,0.2246,0.2236,0.2246,10804.7
2025-05-01 19:20:00+09:00,0.2247,0.2257,0.2243,0.225,95947.5
2025-05-01 19:25:00+09:00,0.2252,0.2263,0.2252,0.2263,20003.8
2025-05-01 19:30:00+09:00,0.2262,0.2264,0.2248,0.2248,97816.6
2025-05-01 19:35:00+09:00,0.2248,0.2248,0.2242,0.2243,3517.1
2025-05-01 19:40:00+09:00,0.2243,0.2244,0.224,0.2243,6335.1
2025-05-01 19:45:00+09:00,0.2242,0.2242,0.2235,0.2235,5339.1
2025-05-01 19:50:00+09:00,0.2236,0.2243,0.2236,0.2243,7579.5
2025-05-01 19:55:00+09:00,0.2242,0.2252,0.2242,0.2249,11848.3
2025-05-01 20:00:00+09:00,0.225,0.2256,0.225,0.2253,11419.7
2025-05-01 20:05:00+09:00,0.2253,0.2253,0.225,0.2253,10689.7
2025-05-01 20:10:00+09:00,0.2251,0.2251,0.2251,0.2251,256.1
2025-05-01 20:15:00+09:00,0.2252,0.2252,0.2247,0.2247,4898.1
2025-05-01 20:20:00+09:00,0.2244,0.2244,0.224,0.2241,9553.7
2025-05-01 20:25:00+09:00,0.2241,0.2241,0.2233,0.2234,4598.3
2025-05-01 20:30:00+09:00,0.2236,0.2242,0.2235,0.2235,16086.2
2025-05-01 20:35:00+09:00,0.2236,0.2241,0.2236,0.2241,4608.1
2025-05-01 20:40:00+09:00,0.2247,0.2247,0.2245,0.2245,3164.5
2025-05-01 20:45:00+09:00,0.2247,0.2248,0.2245,0.2247,3162.7
2025-05-01 20:50:00+09:00,0.2251,0.2251,0.2247,0.2247,4036.8
2025-05-01 20:55:00+09:00,0.2245,0.225,0.2244,0.2245,48164.3
2025-05-01 21:00:00+09:00,0.2246,0.2247,0.2243,0.2244,12409.0
2025-05-01 21:05:00+09:00,0.2245,0.2253,0.2245,0.2252,11251.4
2025-05-01 21:10:00+09:00,0.2254,0.2257,0.2253,0.2257,3518.6
2025-05-01 21:15:00+09:00,0.2257,0.2257,0.2249,0.2249,3289.1
2025-05-01 21:20:00+09:00,0.2249,0.2252,0.2249,0.2252,1361.8
2025-05-01 21:25:00+09:00,0.2252,0.2252,0.2247,0.2247,4903.1
2025-05-01 21:30:00+09:00,0.2244,0.2248,0.2237,0.2239,38571.6
2025-05-01 21:35:00+09:00,0.2242,0.2244,0.224,0.224,5970.0
2025-05-01 21:40:00+09:00,0.2242,0.2247,0.2242,0.2246,4810.7
2025-05-01 21:45:00+09:00,0.2245,0.2245,0.2233,0.2242,47363.3
2025-05-01 21:50:00+09:00,0.2244,0.2251,0.2243,0.2251,18138.9
2025-05-01 21:55:00+09:00,0.2249,0.2257,0.2241,0.225,83898.2
2025-05-01 22:00:00+09:00,0.2248,0.2264,0.2248,0.2264,44097.0
2025-05-01 22:05:00+09:00,0.2262,0.2264,0.226,0.2261,10044.8
2025-05-01 22:10:00+09:00,0.226,0.2266,0.226,0.2264,15623.2
2025-05-01 22:15:00+09:00,0.2266,0.2267,0.2259,0.2261,34768.4
2025-05-01 22:20:00+09:00,0.226,0.2263,0.2259,0.2261,5230.4
2025-05-01 22:25:00+09:00,0.2262,0.2266,0.2261,0.2266,10779.5
2025-05-01 22:30:00+09:00,0.2264,0.2264,0.2249,0.2249,26182.6
2025-05-01 22:35:00+09:00,0.2248,0.2249,0.2239,0.224,47995.4
2025-05-01 22:40:00+09:00,0.2238,0.2243,0.2229,0.2235,46164.0
2025-05-01 22:45:00+09:00,0.2236,0.224,0.223,0.224,2676.9
2025-05-01 22:50:00+09:00,0.2242,0.2242,0.2232,0.2232,6282.0
2025-05-01 22:55:00+09:00,0.2229,0.2229,0.2222,0.2222,23848.5
2025-05-01 23:00:00+09:00,0.2222,0.2232,0.2222,0.223,37841.7
2025-05-01 23:05:00+09:00,0.2232,0.224,0.2232,0.2239,5159.1
2025-05-01 23:10:00+09:00,0.2238,0.2242,0.2233,0.2242,7575.3
2025-05-01 23:15:00+09:00,0.2244,0.2249,0.2242,0.2242,23344.6
2025-05-01 23:20:00+09:00,0.2243,0.2245,0.2242,0.2243,8521.2
2025-05-01 23:25:00+09:00,0.2241,0.2246,0.2241,0.2243,2704.4
2025-05-01 23:30:00+09:00,0.2244,0.2244,0.224,0.2244,8679.7
2025-05-01 23:35:00+09:00,0.2244,0.2252,0.2244,0.2248,6018.4
2025-05-01 23:40:00+09:00,0.2249,0.225,0.2245,0.2245,10905.2
2025-05-01 23:45:00+09:00,0.2245,0.2252,0.2245,0.2249,5350.7
2025-05-01 23:50:00+09:00,0.225,0.2257,0.225,0.2257,13850.5
2025-05-01 23:55:00+09:00,0.2258,0.2266,0.2258,0.2265,8800.8
2025-05-02 00:00:00+09:00,0.2266,0.2266,0.2261,0.2265,5697.8
2025-05-02 00:05:00+09:00,0.2265,0.2269,0.2256,0.2269,92388.4
2025-05-02 00:10:00+09:00,0.2269,0.2284,0.2268,0.2283,76762.8
2025-05-02 00:15:00+09:00,0.2283,0.2287,0.2272,0.2281,117268.8
2025-05-02 00:20:00+09:00,0.2282,0.2283,0.2277,0.2278,11660.0
2025-05-02 00:25:00+09:00,0.2276,0.2281,0.2276,0.228,23016.7
2025-05-02 00:30:00+09:00,0.2282,0.2289,0.2276,0.2276,22838.9
2025-05-02 00:35:00+09:00,0.2275,0.2281,0.2275,0.2281,7753.8
2025-05-02 00:40:00+09:00,0.2277,0.2279,0.2271,0.2271,33244.8
2025-05-02 00:45:00+09:00,0.2273,0.2273,0.2264,0.2265,7060.3
2025-05-02 00:50:00+09:00,0.2264,0.2268,0.2262,0.2262,8448.5
2025-05-02 00:55:00+09:00,0.2259,0.2261,0.2256,0.2261,2371.0
2025-05-02 01:00:00+09:00,0.2262,0.2267,0.2262,0.2267,3891.2
2025-05-02 01:05:00+09:00,0.2267,0.2278,0.2267,0.2278,13592.1
2025-05-02 01:10:00+09:00,0.2277,0.2282,0.2276,0.2282,13503.3
2025-05-02 01:15:00+09:00,0.228,0.23,0.2271,0.2289,225983.2
2025-05-02 01:20:00+09:00,0.229,0.2291,0.2283,0.229,58207.2
2025-05-02 01:25:00+09:00,0.229,0.2294,0.228,0.2289,89707.0
2025-05-02 01:30:00+09:00,0.2288,0.229,0.2286,0.2288,2758.2
2025-05-02 01:35:00+09:00,0.2288,0.2288,0.2281,0.2284,12735.2
2025-05-02 01:40:00+09:00,0.2283,0.2285,0.2278,0.2285,8327.9
2025-05-02 01:45:00+09:00,0.2282,0.2284,0.2277,0.2278,4093.7
2025-05-02 01:50:00+09:00,0.2279,0.2279,0.2267,0.2272,28501.1
2025-05-02 01:55:00+09:00,0.2272,0.2273,0.227,0.2271,5213.5
2025-05-02 02:00:00+09:00,0.2271,0.2278,0.227,0.2278,6749.2
2025-05-02 02:05:00+09:00,0.2277,0.228,0.2277,0.228,1692.2
2025-05-02 02:10:00+09:00,0.2279,0.2281,0.2277,0.2278,2367.6
2025-05-02 02:15:00+09:00,0.2277,0.2287,0.2277,0.2282,17129.2
2025-05-02 02:20:00+09:00,0.2281,0.2282,0.2279,0.2279,2678.5
2025-05-02 02:25:00+09:00,0.2278,0.2278,0.2269,0.2269,2594.1
2025-05-02 02:30:00+09:00,0.2268,0.2272,0.2268,0.227,2334.6
2025-05-02 02:35:00+09:00,0.2272,0.2272,0.2257,0.2257,22988.0
2025-05-02 02:40:00+09:00,0.2256,0.2261,0.2251,0.2253,59211.4
2025-05-02 02:45:00+09:00,0.2256,0.2261,0.2255,0.226,8165.7
2025-05-02 02:50:00+09:00,0.2263,0.2266,0.2262,0.2265,4334.0
2025-05-02 02:55:00+09:00,0.2268,0.2272,0.2264,0.227,46798.6
2025-05-02 03:00:00+09:00,0.227,0.2273,0.2268,0.2268,9177.8
2025-05-02 03:05:00+09:00,0.227,0.2271,0.2266,0.2266,3306.3
2025-05-02 03:10:00+09:00,0.2268,0.2268,0.2265,0.2265,7212.2
2025-05-02 03:15:00+09:00,0.2262,0.2267,0.2261,0.2264,8687.0
2025-05-02 03:20:00+09:00,0.2265,0.2265,0.2261,0.2264,5694.2
2025-05-02 03:25:00+09:00,0.2265,0.2265,0.2262,0.2264,3106.2
2025-05-02 03:30:00+09:00,0.2263,0.2266,0.2261,0.2266,2575.8
2025-05-02 03:35:00+09:00,0.2266,0.2267,0.2264,0.2266,2221.7
2025-05-02 03:40:00+09:00,0.2268,0.2272,0.2266,0.2269,12840.2
2025-05-02 03:45:00+09:00,0.2269,0.2275,0.2269,0.2275,6653.8
2025-05-02 03:50:00+09:00,0.2275,0.2275,0.2271,0.2274,10822.7
2025-05-02 03:55:00+09:00,0.2273,0.2276,0.2273,0.2276,1765.0
2025-05-02 04:00:00+09:00,0.2274,0.2298,0.2273,0.2293,93173.7
2025-05-02 04:05:00+09:00,0.2292,0.2292,0.2272,0.2272,143388.5
2025-05-02 04:10:00+09:00,0.2271,0.2271,0.2266,0.2268,3459.3
2025-05-02 04:15:00+09:00,0.2267,0.2272,0.2265,0.2272,16544.8
2025-05-02 04:20:00+09:00,0.2276,0.2278,0.2273,0.2273,8355.3
2025-05-02 04:25:00+09:00,0.2273,0.2273,0.2263,0.227,36219.9
2025-05-02 04:30:00+09:00,0.2271,0.2274,0.2271,0.2273,5197.1
2025-05-02 04:35:00+09:00,0.2274,0.2275,0.2273,0.2274,1879.7
2025-05-02 04:40:00+09:00,0.2273,0.2273,0.2268,0.2268,2498.7
2025-05-02 04:45:00+09:00,0.2269,0.2282,0.2269,0.2282,47345.0
2025-05-02 04:50:00+09:00,0.2282,0.2282,0.227,0.2275,36792.6
2025-05-02 04:55:00+09:00,0.2274,0.2274,0.2265,0.2271,15595.9
2025-05-02 05:00:00+09:00,0.2271,0.2273,0.2265,0.2265,6731.7
2025-05-02 05:05:00+09:00,0.2267,0.2274,0.2267,0.2272,13225.7
2025-05-02 05:10:00+09:00,0.2273,0.2277,0.2272,0.2277,1582.0
2025-05-02 05:15:00+09:00,0.2277,0.2282,0.2276,0.2282,3835.0
2025-05-02 05:20:00+09:00,0.2281,0.2283,0.2281,0.2281,3623.1
2025-05-02 05:25:00+09:00,0.2284,0.2286,0.2282,0.2285,5222.3
2025-05-02 05:30:00+09:00,0.2285,0.2287,0.2272,0.2275,75302.7
2025-05-02 05:35:00+09:00,0.2275,0.2279,0.2272,0.2279,6061.6
2025-05-02 05:40:00+09:00,0.2277,0.2277,0.2274,0.2275,1053.6
2025-05-02 05:45:00+09:00,0.2273,0.2274,0.227,0.2274,5810.2
2025-05-02 05:50:00+09:00,0.2272,0.2277,0.2272,0.2275,1599.5
2025-05-02 05:55:00+09:00,0.2274,0.2279,0.2274,0.2279,3593.7
2025-05-02 06:00:00+09:00,0.228,0.2282,0.2279,0.2282,10604.2
2025-05-02 06:05:00+09:00,0.2282,0.2282,0.2281,0.2281,1736.3
2025-05-02 06:10:00+09:00,0.2281,0.2286,0.2279,0.2286,7797.2
2025-05-02 06:15:00+09:00,0.2286,0.2292,0.2286,0.229,27149.9
2025-05-02 06:20:00+09:00,0.2292,0.2292,0.2284,0.2285,32980.5
2025-05-02 06:25:00+09:00,0.2285,0.2298,0.2285,0.2297,77172.8
2025-05-02 06:30:00+09:00,0.2299,0.2299,0.2289,0.2289,33480.8
2025-05-02 06:35:00+09:00,0.2286,0.2293,0.2281,0.2293,55348.7
2025-05-02 06:40:00+09:00,0.2293,0.2293,0.2282,0.2283,42358.0
2025-05-02 06:45:00+09:00,0.2282,0.2283,0.2281,0.2281,622.6
2025-05-02 06:50:00+09:00,0.2281,0.2281,0.2277,0.2281,6452.2
2025-05-02 06:55:00+09:00,0.2278,0.2281,0.2276,0.2276,2293.3
2025-05-02 07:00:00+09:00,0.2275,0.2277,0.227,0.227,14468.4
2025-05-02 07:05:00+09:00,0.2271,0.2271,0.2268,0.2268,2959.3
2025-05-02 07:10:00+09:00,0.2268,0.2274,0.2268,0.2274,1809.6
2025-05-02 07:15:00+09:00,0.2274,0.2274,0.2272,0.2272,6184.7
2025-05-02 07:20:00+09:00,0.2267,0.2271,0.2266,0.2271,9714.7
2025-05-02 07:25:00+09:00,0.227,0.227,0.2266,0.2267,10068.3
2025-05-02 07:30:00+09:00,0.2267,0.2268,0.2262,0.2262,3725.4
2025-05-02 07:35:00+09:00,0.226,0.2262,0.2259,0.2262,4474.7
2025-05-02 07:40:00+09:00,0.2262,0.2263,0.226,0.2261,9110.3
2025-05-02 07:45:00+09:00,0.2261,0.2264,0.2257,0.2258,15896.4
2025-05-02 07:50:00+09:00,0.2257,0.2261,0.2255,0.226,82777.2
2025-05-02 07:55:00+09:00,0.2259,0.2261,0.2259,0.2259,10311.1
2025-05-02 08:00:00+09:00,0.2259,0.2263,0.225,0.225,10102.1
2025-05-02 08:05:00+09:00,0.2251,0.2255,0.2248,0.2255,51303.5
2025-05-02 08:10:00+09:00,0.2254,0.2255,0.225,0.2254,7870.1
2025-05-02 08:15:00+09:00,0.2252,0.2253,0.2251,0.2252,4363.7
2025-05-02 08:20:00+09:00,0.2253,0.2253,0.2252,0.2253,2302.9
2025-05-02 08:25:00+09:00,0.2253,0.2253,0.2251,0.2251,1002.7
2025-05-02 08:30:00+09:00,0.225,0.225,0.2242,0.2243,26673.5
2025-05-02 08:35:00+09:00,0.2243,0.2243,0.224,0.2241,4525.0
2025-05-02 08:40:00+09:00,0.2243,0.2244,0.2243,0.2244,2077.4
2025-05-02 08:45:00+09:00,0.2242,0.2242,0.2241,0.2241,2859.0
2025-05-02 08:50:00+09:00,0.2243,0.2248,0.2243,0.2247,37356.1
2025-05-02 08:55:00+09:00,0.2247,0.2251,0.2247,0.2251,23428.0
2025-05-02 09:00:00+09:00,0.2253,0.2257,0.2249,0.2251,18764.0
2025-05-02 09:05:00+09:00,0.2252,0.2252,0.2242,0.2243,4729.4
2025-05-02 09:10:00+09:00,0.2244,0.2248,0.2244,0.2246,1430.4
2025-05-02 09:15:00+09:00,0.2246,0.225,0.2242,0.225,4643.5
2025-05-02 09:20:00+09:00,0.2252,0.2256,0.225,0.2256,7023.1
2025-05-02 09:25:00+09:00,0.2255,0.2265,0.2254,0.226,7461.7
2025-05-02 09:30:00+09:00,0.2261,0.2265,0.2261,0.2263,3798.9
2025-05-02 09:35:00+09:00,0.2263,0.2263,0.2259,0.2259,16511.8
2025-05-02 09:40:00+09:00,0.2261,0.2263,0.226,0.2261,1650.9
2025-05-02 09:45:00+09:00,0.2263,0.2266,0.2262,0.2265,37896.0
2025-05-02 09:50:00+09:00,0.2266,0.2266,0.2263,0.2266,1847.7
2025-05-02 09:55:00+09:00,0.2267,0.2274,0.2267,0.2274,10302.5
2025-05-02 10:00:00+09:00,0.2271,0.2272,0.227,0.2271,5197.6
2025-05-02 10:05:00+09:00,0.2271,0.2272,0.2271,0.2272,1257.8
2025-05-02 10:10:00+09:00,0.2271,0.2272,0.2269,0.2271,7058.3
2025-05-02 10:15:00+09:00,0.2272,0.2273,0.2267,0.2273,23497.8
2025-05-02 10:20:00+09:00,0.2274,0.2276,0.2271,0.2271,7152.8
2025-05-02 10:25:00+09:00,0.2271,0.2273,0.227,0.2271,3406.9
2025-05-02 10:30:00+09:00,0.2268,0.2272,0.2266,0.2266,12612.5
2025-05-02 10:35:00+09:00,0.2265,0.2267,0.2265,0.2267,4321.0
2025-05-02 10:40:00+09:00,0.2266,0.2266,0.2256,0.2259,8900.3
2025-05-02 10:45:00+09:00,0.2259,0.2259,0.2254,0.2257,13114.8
2025-05-02 10:50:00+09:00,0.2257,0.2262,0.2257,0.2262,4694.0
2025-05-02 10:55:00+09:00,0.2263,0.2267,0.2263,0.2265,3995.3
2025-05-02 11:00:00+09:00,0.2264,0.2265,0.226,0.2265,11184.0
2025-05-02 11:05:00+09:00,0.2263,0.2266,0.2263,0.2264,7946.3
2025-05-02 11:10:00+09:00,0.2264,0.2269,0.2263,0.2266,24038.3
2025-05-02 11:15:00+09:00,0.2266,0.2266,0.2262,0.2263,1683.1
2025-05-02 11:20:00+09:00,0.2264,0.2265,0.2264,0.2264,4661.8
2025-05-02 11:25:00+09:00,0.2263,0.227,0.2263,0.227,2520.0
2025-05-02 11:30:00+09:00,0.2269,0.2271,0.2269,0.2271,4403.1
2025-05-02 11:35:00+09:00,0.2272,0.2272,0.2269,0.2272,4308.3
2025-05-02 11:40:00+09:00,0.2272,0.2283,0.2272,0.2279,39901.3
2025-05-02 11:45:00+09:00,0.2279,0.2288,0.2279,0.2285,11586.8
2025-05-02 11:50:00+09:00,0.2284,0.2287,0.2284,0.2287,922.3
2025-05-02 11:55:00+09:00,0.2287,0.2291,0.2287,0.229,4166.5
2025-05-02 12:00:00+09:00,0.2291,0.2295,0.2291,0.2293,2343.4
2025-05-02 12:05:00+09:00,0.2292,0.2293,0.2285,0.2289,13787.7
2025-05-02 12:10:00+09:00,0.2289,0.2289,0.2283,0.2285,9353.5
2025-05-02 12:15:00+09:00,0.2287,0.2287,0.2275,0.2275,16920.7
2025-05-02 12:20:00+09:00,0.2273,0.2274,0.227,0.2273,11987.6
2025-05-02 12:25:00+09:00,0.2275,0.2281,0.2275,0.2279,32867.1
2025-05-02 12:30:00+09:00,0.228,0.228,0.2278,0.2279,3604.2
2025-05-02 12:35:00+09:00,0.2279,0.2315,0.2279,0.2308,324432.4
2025-05-02 12:40:00+09:00,0.2303,0.2324,0.2301,0.2319,120802.5
2025-05-02 12:45:00+09:00,0.2315,0.2324,0.2311,0.2316,38427.9
2025-05-02 12:50:00+09:00,0.2313,0.234,0.2308,0.2339,84337.8
2025-05-02 12:55:00+09:00,0.2337,0.2338,0.2324,0.2327,85136.2
2025-05-02 13:00:00+09:00,0.2327,0.2327,0.2305,0.2321,112751.0
2025-05-02 13:05:00+09:00,0.2323,0.2324,0.2303,0.2305,30310.3
2025-05-02 13:10:00+09:00,0.2304,0.2305,0.2292,0.2292,22231.7
2025-05-02 13:15:00+09:00,0.2286,0.2287,0.2276,0.2281,90825.9
2025-05-02 13:20:00+09:00,0.2281,0.2292,0.228,0.2288,24347.6
2025-05-02 13:25:00+09:00,0.229,0.229,0.2278,0.2279,9094.7
2025-05-02 13:30:00+09:00,0.2278,0.2278,0.227,0.2271,5890.8
2025-05-02 13:35:00+09:00,0.2271,0.2278,0.2271,0.2273,27858.9
2025-05-02 13:40:00+09:00,0.2273,0.2273,0.2271,0.2273,741.8
2025-05-02 13:45:00+09:00,0.2269,0.2281,0.2262,0.2281,85394.0
2025-05-02 13:50:00+09:00,0.2281,0.2282,0.227,0.2271,96933.6
2025-05-02 13:55:00+09:00,0.2265,0.2265,0.226,0.2261,19968.9
2025-05-02 14:00:00+09:00,0.2261,0.2265,0.2261,0.2265,5268.7
2025-05-02 14:05:00+09:00,0.2266,0.2272,0.2263,0.2272,13683.7
2025-05-02 14:10:00+09:00,0.2273,0.2274,0.2267,0.2267,10461.4
2025-05-02 14:15:00+09:00,0.2265,0.2265,0.2256,0.2257,17836.8
2025-05-02 14:20:00+09:00,0.2254,0.2256,0.2252,0.2255,1881.3
2025-05-02 14:25:00+09:00,0.2254,0.2257,0.2251,0.2257,2022.7
2025-05-02 14:30:00+09:00,0.2259,0.2262,0.2254,0.2254,9867.8
2025-05-02 14:35:00+09:00,0.2252,0.2254,0.2252,0.2254,2836.5
2025-05-02 14:40:00+09:00,0.2256,0.2263,0.2256,0.226,7144.9
2025-05-02 14:45:00+09:00,0.226,0.226,0.2254,0.226,5726.2
2025-05-02 14:50:00+09:00,0.2259,0.2259,0.2249,0.2253,8442.5
2025-05-02 14:55:00+09:00,0.2253,0.2257,0.2253,0.2257,4211.9
2025-05-02 15:00:00+09:00,0.2256,0.2267,0.2255,0.2267,33437.0
2025-05-02 15:05:00+09:00,0.2264,0.2274,0.2264,0.2274,25883.8
2025-05-02 15:10:00+09:00,0.2274,0.2279,0.2272,0.2276,23076.1
2025-05-02 15:15:00+09:00,0.2275,0.2281,0.2275,0.2278,8250.7
2025-05-02 15:20:00+09:00,0.2278,0.2282,0.2271,0.2279,12401.4
2025-05-02 15:25:00+09:00,0.228,0.2283,0.228,0.2283,7335.9
2025-05-02 15:30:00+09:00,0.2284,0.2287,0.2282,0.2282,5136.8
2025-05-02 15:35:00+09:00,0.2281,0.2285,0.2279,0.2281,7095.8
2025-05-02 15:40:00+09:00,0.2281,0.2281,0.2269,0.2269,41272.5
2025-05-02 15:45:00+09:00,0.227,0.2276,0.227,0.2276,5707.2
2025-05-02 15:50:00+09:00,0.2276,0.2278,0.2274,0.2275,8328.0
2025-05-02 15:55:00+09:00,0.2274,0.2276,0.2274,0.2276,511.7
2025-05-02 16:00:00+09:00,0.2275,0.228,0.2274,0.228,11329.1
2025-05-02 16:05:00+09:00,0.2279,0.2283,0.2273,0.2273,12245.6
2025-05-02 16:10:00+09:00,0.2276,0.2277,0.2273,0.2277,6485.1
2025-05-02 16:15:00+09:00,0.2277,0.2292,0.2276,0.229,10064.4
2025-05-02 16:20:00+09:00,0.2289,0.229,0.2271,0.2281,110335.5
2025-05-02 16:25:00+09:00,0.2281,0.2283,0.2279,0.228,8784.4
2025-05-02 16:30:00+09:00,0.228,0.228,0.2264,0.2274,52163.6
2025-05-02 16:35:00+09:00,0.2274,0.2275,0.2262,0.2268,41668.6
2025-05-02 16:40:00+09:00,0.2269,0.2272,0.2265,0.2271,11016.1
2025-05-02 16:45:00+09:00,0.2273,0.2278,0.2273,0.2277,25727.2
2025-05-02 16:50:00+09:00,0.2275,0.2276,0.2272,0.2274,11336.5
2025-05-02 16:55:00+09:00,0.2274,0.2278,0.2274,0.2277,15344.4
2025-05-02 17:00:00+09:00,0.2274,0.2279,0.2271,0.2274,6521.4
2025-05-02 17:05:00+09:00,0.2275,0.2287,0.2273,0.2275,73572.4
2025-05-02 17:10:00+09:00,0.2277,0.228,0.2277,0.2277,5569.6
2025-05-02 17:15:00+09:00,0.2275,0.2281,0.2275,0.2281,10098.0
2025-05-02 17:20:00+09:00,0.228,0.228,0.2277,0.228,5267.9
2025-05-02 17:25:00+09:00,0.2279,0.2279,0.2277,0.2278,982.9
2025-05-02 17:30:00+09:00,0.2278,0.228,0.2278,0.2279,2965.4
2025-05-02 17:35:00+09:00,0.228,0.2288,0.228,0.2285,9225.5
2025-05-02 17:40:00+09:00,0.2285,0.2289,0.2285,0.2289,8331.1
2025-05-02 17:45:00+09:00,0.2289,0.2292,0.2287,0.229,29314.8
2025-05-02 17:50:00+09:00,0.2289,0.229,0.2288,0.2289,8670.6
2025-05-02 17:55:00+09:00,0.229,0.229,0.2286,0.2287,9910.4
2025-05-02 18:00:00+09:00,0.2286,0.2287,0.2278,0.2278,4481.2
2025-05-02 18:05:00+09:00,0.2278,0.2287,0.2278,0.2287,29590.5
2025-05-02 18:10:00+09:00,0.2287,0.2288,0.2285,0.2287,10646.8
2025-05-02 18:15:00+09:00,0.2285,0.2285,0.228,0.2281,9523.3
2025-05-02 18:20:00+09:00,0.2281,0.2282,0.2278,0.2281,6288.6
2025-05-02 18:25:00+09:00,0.2279,0.2282,0.2279,0.2282,3498.6
2025-05-02 18:30:00+09:00,0.2281,0.2282,0.2274,0.2276,1631.9
2025-05-02 18:35:00+09:00,0.2276,0.2279,0.2275,0.2275,4682.4
2025-05-02 18:40:00+09:00,0.2275,0.2279,0.2275,0.2275,3641.6
2025-05-02 18:45:00+09:00,0.2274,0.2284,0.2274,0.2283,15352.6
2025-05-02 18:50:00+09:00,0.2284,0.2284,0.2278,0.228,7447.0
2025-05-02 18:55:00+09:00,0.228,0.228,0.2278,0.2278,1338.8
2025-05-02 19:00:00+09:00,0.228,0.228,0.2276,0.228,6606.4
2025-05-02 19:05:00+09:00,0.2283,0.2284,0.2277,0.2277,18040.6
2025-05-02 19:10:00+09:00,0.2278,0.2279,0.2275,0.2276,3271.0
2025-05-02 19:15:00+09:00,0.2277,0.2277,0.2272,0.2276,7436.7
2025-05-02 19:20:00+09:00,0.2276,0.2277,0.2273,0.2273,4840.8
2025-05-02 19:25:00+09:00,0.2273,0.2276,0.2272,0.2275,7820.0
2025-05-02 19:30:00+09:00,0.2277,0.2279,0.2277,0.2279,4687.4
2025-05-02 19:35:00+09:00,0.2278,0.2278,0.2272,0.2272,13965.7
2025-05-02 19:40:00+09:00,0.2272,0.2275,0.2271,0.2274,3764.9
2025-05-02 19:45:00+09:00,0.2273,0.2275,0.2272,0.2275,2952.5
2025-05-02 19:50:00+09:00,0.2274,0.2274,0.2268,0.2269,15540.3
2025-05-02 19:55:00+09:00,0.2269,0.2274,0.2265,0.2268,38762.5
2025-05-02 20:00:00+09:00,0.2269,0.2269,0.2264,0.2267,6942.9
2025-05-02 20:05:00+09:00,0.2269,0.2273,0.2266,0.2273,14104.6
2025-05-02 20:10:00+09:00,0.227,0.2277,0.227,0.2276,4270.4
2025-05-02 20:15:00+09:00,0.2276,0.2276,0.2272,0.2275,12473.6
2025-05-02 20:20:00+09:00,0.2276,0.2277,0.2274,0.2277,4098.3
2025-05-02 20:25:00+09:00,0.2277,0.2278,0.2274,0.2274,1281.2
2025-05-02 20:30:00+09:00,0.2275,0.2275,0.227,0.227,2104.2
2025-05-02 20:35:00+09:00,0.2269,0.2273,0.2269,0.2273,1679.0
2025-05-02 20:40:00+09:00,0.2273,0.2273,0.2271,0.2272,1517.0
2025-05-02 20:45:00+09:00,0.2272,0.2272,0.2267,0.2271,2578.3
2025-05-02 20:50:00+09:00,0.2269,0.2269,0.2269,0.2269,501.1
2025-05-02 20:55:00+09:00,0.2266,0.2267,0.2266,0.2266,735.7
2025-05-02 21:00:00+09:00,0.2266,0.2266,0.2261,0.2264,15130.4
2025-05-02 21:05:00+09:00,0.2264,0.2267,0.2263,0.2265,14317.4
2025-05-02 21:10:00+09:00,0.2264,0.2264,0.225,0.225,7394.8
2025-05-02 21:15:00+09:00,0.2249,0.2249,0.2243,0.2244,4442.4
2025-05-02 21:20:00+09:00,0.2243,0.2246,0.2241,0.2246,49490.9
2025-05-02 21:25:00+09:00,0.2247,0.2252,0.2247,0.225,27025.4
2025-05-02 21:30:00+09:00,0.2248,0.2271,0.2238,0.224,124868.7
2025-05-02 21:35:00+09:00,0.224,0.2256,0.224,0.2254,13955.8
2025-05-02 21:40:00+09:00,0.2256,0.2256,0.225,0.2253,36299.8
2025-05-02 21:45:00+09:00,0.2254,0.2263,0.2254,0.2263,7642.1
2025-05-02 21:50:00+09:00,0.2265,0.227,0.2263,0.227,8058.8
2025-05-02 21:55:00+09:00,0.2269,0.2271,0.2267,0.2269,6011.3
2025-05-02 22:00:00+09:00,0.227,0.2271,0.2267,0.2269,6597.5
2025-05-02 22:05:00+09:00,0.227,0.227,0.2266,0.2267,17205.9
2025-05-02 22:10:00+09:00,0.2267,0.2268,0.2261,0.2261,16726.3
2025-05-02 22:15:00+09:00,0.226,0.2268,0.2259,0.2268,14776.4
2025-05-02 22:20:00+09:00,0.2268,0.2272,0.2267,0.2268,17808.7
2025-05-02 22:25:00+09:00,0.2268,0.2268,0.2266,0.2267,3113.1
2025-05-02 22:30:00+09:00,0.2268,0.2274,0.2266,0.2268,26627.9
2025-05-02 22:35:00+09:00,0.2268,0.2268,0.2257,0.2262,18162.1
2025-05-02 22:40:00+09:00,0.2263,0.2266,0.226,0.2265,24360.1
2025-05-02 22:45:00+09:00,0.2267,0.2271,0.2262,0.2264,17170.5
2025-05-02 22:50:00+09:00,0.2265,0.2267,0.2262,0.2267,12010.9
2025-05-02 22:55:00+09:00,0.2266,0.2269,0.2264,0.2266,10677.9
2025-05-02 23:00:00+09:00,0.2267,0.2275,0.2265,0.2271,31453.8
2025-05-02 23:05:00+09:00,0.2274,0.2279,0.2274,0.2274,19913.5
2025-05-02 23:10:00+09:00,0.2275,0.2275,0.2268,0.2269,17934.7
2025-05-02 23:15:00+09:00,0.227,0.2276,0.2267,0.2276,12609.9
2025-05-02 23:20:00+09:00,0.2276,0.2278,0.2273,0.2278,19975.3
2025-05-02 23:25:00+09:00,0.2282,0.2288,0.228,0.2288,19766.1
2025-05-02 23:30:00+09:00,0.2287,0.229,0.2283,0.229,20775.3
2025-05-02 23:35:00+09:00,0.2291,0.2301,0.2291,0.2301,55274.1
2025-05-02 23:40:00+09:00,0.2301,0.2301,0.2285,0.229,92181.5
2025-05-02 23:45:00+09:00,0.2292,0.2301,0.2291,0.23,37260.8
2025-05-02 23:50:00+09:00,0.23,0.2301,0.2287,0.2295,70185.9
2025-05-02 23:55:00+09:00,0.2297,0.2302,0.2297,0.2301,18504.3
2025-05-03 00:00:00+09:00,0.2303,0.2308,0.2299,0.2299,28174.3
2025-05-03 00:05:00+09:00,0.23,0.23,0.2294,0.2295,12205.8
2025-05-03 00:10:00+09:00,0.2294,0.2295,0.2289,0.2292,16670.6
2025-05-03 00:15:00+09:00,0.2293,0.2298,0.2291,0.2295,16109.5
2025-05-03 00:20:00+09:00,0.2293,0.2293,0.2284,0.2286,22502.6
2025-05-03 00:25:00+09:00,0.2286,0.2286,0.2275,0.2279,21220.2
2025-05-03 00:30:00+09:00,0.2279,0.2281,0.2278,0.2278,7980.0
2025-05-03 00:35:00+09:00,0.2279,0.2282,0.2278,0.2282,11546.7
2025-05-03 00:40:00+09:00,0.2284,0.2286,0.2284,0.2285,2377.8
2025-05-03 00:45:00+09:00,0.2286,0.229,0.2285,0.2289,4647.0
2025-05-03 00:50:00+09:00,0.2289,0.2289,0.2283,0.2283,7652.7
2025-05-03 00:55:00+09:00,0.2285,0.2287,0.2284,0.2285,5082.7
2025-05-03 01:00:00+09:00,0.2286,0.2308,0.2285,0.2307,54811.0
2025-05-03 01:05:00+09:00,0.2308,0.2308,0.2296,0.2298,38903.5
2025-05-03 01:10:00+09:00,0.2298,0.2303,0.2294,0.2302,24599.8
2025-05-03 01:15:00+09:00,0.2304,0.2307,0.2299,0.2307,26978.4
2025-05-03 01:20:00+09:00,0.2308,0.2308,0.2304,0.2304,16690.4
2025-05-03 01:25:00+09:00,0.2303,0.2306,0.2299,0.2299,5343.0
2025-05-03 01:30:00+09:00,0.2302,0.2306,0.23,0.2305,29903.2
2025-05-03 01:35:00+09:00,0.2308,0.2312,0.2306,0.2308,23177.2
2025-05-03 01:40:00+09:00,0.2307,0.2309,0.2301,0.2307,23258.3
2025-05-03 01:45:00+09:00,0.2309,0.2314,0.23,0.2301,48148.4
2025-05-03 01:50:00+09:00,0.2304,0.2304,0.2294,0.2294,25677.6
2025-05-03 01:55:00+09:00,0.2295,0.2296,0.2293,0.2295,12197.0
2025-05-03 02:00:00+09:00,0.2293,0.2293,0.2289,0.2291,19844.8
2025-05-03 02:05:00+09:00,0.2289,0.2289,0.2278,0.2278,22016.3
2025-05-03 02:10:00+09:00,0.2278,0.2283,0.2276,0.2282,18899.2
2025-05-03 02:15:00+09:00,0.2282,0.2285,0.2279,0.2285,13738.8
2025-05-03 02:20:00+09:00,0.2286,0.2291,0.2285,0.2285,30158.3
2025-05-03 02:25:00+09:00,0.2285,0.2288,0.2282,0.2286,33677.0
2025-05-03 02:30:00+09:00,0.2288,0.2291,0.2281,0.2285,30077.2
2025-05-03 02:35:00+09:00,0.2286,0.2288,0.2281,0.2282,24685.6
2025-05-03 02:40:00+09:00,0.228,0.228,0.2273,0.2279,71200.9
2025-05-03 02:45:00+09:00,0.2279,0.2282,0.2276,0.2277,16363.7
2025-05-03 02:50:00+09:00,0.2277,0.2283,0.2276,0.2283,27050.3
2025-05-03 02:55:00+09:00,0.2283,0.2284,0.2283,0.2284,2240.6
2025-05-03 03:00:00+09:00,0.2284,0.2284,0.2281,0.2283,18679.6
2025-05-03 03:05:00+09:00,0.2283,0.2288,0.2283,0.2284,9180.3
2025-05-03 03:10:00+09:00,0.2283,0.2287,0.2283,0.2286,13910.2
2025-05-03 03:15:00+09:00,0.2286,0.2287,0.2281,0.2281,11915.8
2025-05-03 03:20:00+09:00,0.2281,0.2284,0.228,0.2281,13339.3
2025-05-03 03:25:00+09:00,0.2281,0.2281,0.2277,0.228,17544.8
2025-05-03 03:30:00+09:00,0.2279,0.2283,0.2279,0.2283,16889.2
2025-05-03 03:35:00+09:00,0.2282,0.2283,0.228,0.228,8329.6
2025-05-03 03:40:00+09:00,0.228,0.228,0.2268,0.2269,105669.4
2025-05-03 03:45:00+09:00,0.2269,0.2271,0.2263,0.2263,43980.5
2025-05-03 03:50:00+09:00,0.2262,0.2263,0.2256,0.2263,50328.6
2025-05-03 03:55:00+09:00,0.2262,0.2262,0.2257,0.2257,22477.2
2025-05-03 04:00:00+09:00,0.2258,0.2259,0.2248,0.2249,35975.1
2025-05-03 04:05:00+09:00,0.2248,0.225,0.2245,0.2248,14738.0
2025-05-03 04:10:00+09:00,0.2248,0.225,0.2239,0.2239,17689.6
2025-05-03 04:15:00+09:00,0.2238,0.224,0.2235,0.224,17807.1
2025-05-03 04:20:00+09:00,0.2239,0.2243,0.2239,0.2242,12792.0
2025-05-03 04:25:00+09:00,0.2242,0.2243,0.2242,0.2243,2693.5
2025-05-03 04:30:00+09:00,0.2242,0.2242,0.2235,0.2237,4815.3
2025-05-03 04:35:00+09:00,0.2236,0.2236,0.2234,0.2234,9412.5
2025-05-03 04:40:00+09:00,0.2234,0.2234,0.2223,0.2225,32567.0
2025-05-03 04:45:00+09:00,0.2224,0.2224,0.2208,0.2208,46679.1
2025-05-03 04:50:00+09:00,0.2209,0.2219,0.2209,0.2216,52835.4
2025-05-03 04:55:00+09:00,0.2214,0.2217,0.2214,0.2217,10839.2
2025-05-03 05:00:00+09:00,0.2219,0.2225,0.2211,0.2225,15011.3
2025-05-03 05:05:00+09:00,0.2224,0.2234,0.2224,0.2234,32431.9
2025-05-03 05:10:00+09:00,0.2233,0.2235,0.2231,0.2235,2211.6
2025-05-03 05:15:00+09:00,0.2234,0.2235,0.2233,0.2234,2828.4
2025-05-03 05:20:00+09:00,0.2233,0.2233,0.2227,0.223,3765.0
2025-05-03 05:25:00+09:00,0.223,0.2235,0.223,0.2232,3289.0
2025-05-03 05:30:00+09:00,0.2232,0.2233,0.2229,0.2233,6448.3
2025-05-03 05:35:00+09:00,0.2232,0.2234,0.2232,0.2234,9959.9
2025-05-03 05:40:00+09:00,0.2233,0.2233,0.2229,0.223,3978.6
2025-05-03 05:45:00+09:00,0.2229,0.2229,0.2225,0.2227,14389.1
2025-05-03 05:50:00+09:00,0.2226,0.2226,0.2223,0.2223,3989.1
2025-05-03 05:55:00+09:00,0.2224,0.2224,0.2224,0.2224,362.3
2025-05-03 06:00:00+09:00,0.2223,0.2223,0.2223,0.2223,1542.7
2025-05-03 06:05:00+09:00,0.2222,0.2227,0.2221,0.2227,11700.5
2025-05-03 06:10:00+09:00,0.2228,0.2228,0.2223,0.2223,1965.3
2025-05-03 06:15:00+09:00,0.2223,0.2223,0.222,0.222,6930.7
2025-05-03 06:20:00+09:00,0.222,0.2221,0.222,0.2221,3171.6
2025-05-03 06:25:00+09:00,0.2222,0.2228,0.2222,0.2228,2345.1
2025-05-03 06:30:00+09:00,0.2228,0.2233,0.2228,0.2233,4870.1
2025-05-03 06:35:00+09:00,0.2235,0.2235,0.2232,0.2232,2351.2
2025-05-03 06:40:00+09:00,0.223,0.223,0.2224,0.2226,4543.9
2025-05-03 06:45:00+09:00,0.2225,0.2227,0.2224,0.2224,4119.6
2025-05-03 06:50:00+09:00,0.222,0.222,0.2219,0.2219,510.6
2025-05-03 06:55:00+09:00,0.2217,0.2226,0.2217,0.2223,4359.6
2025-05-03 07:00:00+09:00,0.222,0.2222,0.2218,0.222,4560.2
2025-05-03 07:05:00+09:00,0.2218,0.2224,0.2218,0.2223,2250.4
2025-05-03 07:10:00+09:00,0.2223,0.2224,0.2216,0.2218,4686.9
2025-05-03 07:15:00+09:00,0.2218,0.222,0.2214,0.2217,21840.7
2025-05-03 07:20:00+09:00,0.2217,0.2219,0.2216,0.2218,7835.3
2025-05-03 07:25:00+09:00,0.2217,0.2219,0.2217,0.2218,1866.2
2025-05-03 07:30:00+09:00,0.2218,0.2218,0.2217,0.2217,602.2
2025-05-03 07:35:00+09:00,0.2217,0.2218,0.2214,0.2214,1896.3
2025-05-03 07:40:00+09:00,0.2213,0.2215,0.2213,0.2214,1000.5
2025-05-03 07:45:00+09:00,0.2214,0.2217,0.2214,0.2217,5600.8
2025-05-03 07:50:00+09:00,0.2216,0.2216,0.2214,0.2215,1852.0
2025-05-03 07:55:00+09:00,0.2216,0.2216,0.2214,0.2215,2152.2
2025-05-03 08:00:00+09:00,0.2214,0.2222,0.2214,0.2222,4727.4
2025-05-03 08:05:00+09:00,0.2219,0.2221,0.2216,0.2219,3649.8
2025-05-03 08:10:00+09:00,0.2219,0.222,0.2219,0.222,3512.2
2025-05-03 08:15:00+09:00,0.2219,0.222,0.2218,0.2218,2936.1
2025-05-03 08:20:00+09:00,0.2218,0.2228,0.2218,0.2223,16578.5
2025-05-03 08:25:00+09:00,0.2223,0.2223,0.2222,0.2222,2090.3
2025-05-03 08:30:00+09:00,0.2223,0.2224,0.2221,0.2224,1540.9
2025-05-03 08:35:00+09:00,0.2222,0.2223,0.2222,0.2223,1602.3
2025-05-03 08:40:00+09:00,0.2222,0.2222,0.2222,0.2222,2367.2
2025-05-03 08:45:00+09:00,0.2222,0.2223,0.2219,0.222,4885.0
2025-05-03 08:50:00+09:00,0.2218,0.2223,0.2218,0.2223,12042.8
2025-05-03 08:55:00+09:00,0.2223,0.2225,0.2223,0.2225,2720.7
2025-05-03 09:00:00+09:00,0.2225,0.2225,0.2213,0.2223,62237.4
2025-05-03 09:05:00+09:00,0.2221,0.2221,0.222,0.222,4048.3
2025-05-03 09:10:00+09:00,0.2219,0.222,0.2214,0.2215,11952.6
2025-05-03 09:15:00+09:00,0.2214,0.222,0.2214,0.2217,24075.9
2025-05-03 09:20:00+09:00,0.2216,0.2216,0.2208,0.221,18738.6
2025-05-03 09:25:00+09:00,0.2209,0.221,0.2208,0.2208,2249.3
2025-05-03 09:30:00+09:00,0.2208,0.2211,0.2207,0.2211,3424.7
2025-05-03 09:35:00+09:00,0.221,0.2213,0.221,0.2211,13590.6
2025-05-03 09:40:00+09:00,0.221,0.2215,0.2203,0.2205,108341.9
2025-05-03 09:45:00+09:00,0.2205,0.2206,0.22,0.22,6372.5
2025-05-03 09:50:00+09:00,0.2199,0.2199,0.2187,0.2194,58407.8
2025-05-03 09:55:00+09:00,0.2196,0.22,0.2196,0.2196,35078.0
2025-05-03 10:00:00+09:00,0.2198,0.2204,0.2197,0.2204,3593.5
2025-05-03 10:05:00+09:00,0.2204,0.2208,0.2196,0.2198,71829.1
2025-05-03 10:10:00+09:00,0.2198,0.2199,0.2189,0.2191,261120.2
2025-05-03 10:15:00+09:00,0.2189,0.219,0.2184,0.2189,16280.2
2025-05-03 10:20:00+09:00,0.219,0.2192,0.219,0.2192,3771.7
2025-05-03 10:25:00+09:00,0.2191,0.2192,0.2184,0.2187,102197.0
2025-05-03 10:30:00+09:00,0.2188,0.2189,0.2178,0.2179,83557.4
2025-05-03 10:35:00+09:00,0.2178,0.2186,0.2176,0.2184,22010.7
2025-05-03 10:40:00+09:00,0.2184,0.2184,0.2175,0.2175,6451.9
2025-05-03 10:45:00+09:00,0.2176,0.2176,0.2175,0.2176,801.2
2025-05-03 10:50:00+09:00,0.2175,0.2176,0.217,0.2176,30131.2
2025-05-03 10:55:00+09:00,0.2174,0.2175,0.2167,0.2172,62442.0
2025-05-03 11:00:00+09:00,0.2171,0.2173,0.2164,0.2165,34047.8
2025-05-03 11:05:00+09:00,0.2163,0.2173,0.2159,0.2169,57869.1
2025-05-03 11:10:00+09:00,0.2168,0.2174,0.2168,0.2173,24811.5
2025-05-03 11:15:00+09:00,0.2171,0.2171,0.2167,0.2169,4919.5
2025-05-03 11:20:00+09:00,0.217,0.2177,0.217,0.2176,52413.0
2025-05-03 11:25:00+09:00,0.2176,0.218,0.2176,0.218,4571.9
2025-05-03 11:30:00+09:00,0.2181,0.2181,0.218,0.218,917.1
2025-05-03 11:35:00+09:00,0.218,0.218,0.2176,0.2176,2300.5
2025-05-03 11:40:00+09:00,0.2175,0.2178,0.2175,0.2177,2431.9
2025-05-03 11:45:00+09:00,0.2176,0.2181,0.2176,0.2181,6013.1
2025-05-03 11:50:00+09:00,0.218,0.2184,0.218,0.2183,767.3
2025-05-03 11:55:00+09:00,0.2185,0.2186,0.2185,0.2186,379.1
2025-05-03 12:00:00+09:00,0.2186,0.2194,0.2186,0.2193,6205.5
2025-05-03 12:05:00+09:00,0.2193,0.22,0.2193,0.22,2308.5
2025-05-03 12:10:00+09:00,0.2202,0.2203,0.2199,0.2199,7730.1
2025-05-03 12:15:00+09:00,0.2201,0.2202,0.22,0.2202,1024.9
2025-05-03 12:20:00+09:00,0.22,0.2201,0.2198,0.2199,3151.0
2025-05-03 12:25:00+09:00,0.2199,0.2203,0.2198,0.22,1511.6
2025-05-03 12:30:00+09:00,0.22,0.2202,0.22,0.2202,1050.2
2025-05-03 12:35:00+09:00,0.2201,0.2211,0.2201,0.221,15454.4
2025-05-03 12:40:00+09:00,0.221,0.221,0.2204,0.2205,27908.8
2025-05-03 12:45:00+09:00,0.2205,0.2208,0.2205,0.2206,18674.4
2025-05-03 12:50:00+09:00,0.2206,0.2206,0.2204,0.2205,16480.1
2025-05-03 12:55:00+09:00,0.2206,0.2206,0.2204,0.2204,5465.1
2025-05-03 13:00:00+09:00,0.2201,0.2205,0.2201,0.2202,11834.8
2025-05-03 13:05:00+09:00,0.2201,0.221,0.2201,0.221,7251.5
2025-05-03 13:10:00+09:00,0.221,0.221,0.2203,0.2208,29829.3
2025-05-03 13:15:00+09:00,0.2206,0.2208,0.2204,0.2204,1673.6
2025-05-03 13:20:00+09:00,0.2202,0.2202,0.2201,0.2202,998.0
2025-05-03 13:25:00+09:00,0.2201,0.2201,0.2199,0.2199,1496.9
2025-05-03 13:30:00+09:00,0.2198,0.2202,0.2195,0.2201,9886.7
2025-05-03 13:35:00+09:00,0.2199,0.2199,0.2195,0.2195,8561.9
2025-05-03 13:40:00+09:00,0.2195,0.2199,0.2195,0.2199,3211.4
2025-05-03 13:45:00+09:00,0.2199,0.22,0.2196,0.2197,1328.7
2025-05-03 13:50:00+09:00,0.2195,0.2197,0.2195,0.2196,4056.1
2025-05-03 13:55:00+09:00,0.2197,0.2197,0.2195,0.2195,308.4
2025-05-03 14:00:00+09:00,0.2194,0.2195,0.2193,0.2194,1620.5
2025-05-03 14:05:00+09:00,0.2195,0.2196,0.2195,0.2195,753.8
2025-05-03 14:10:00+09:00,0.2195,0.2196,0.2195,0.2196,521.2
2025-05-03 14:15:00+09:00,0.2196,0.2201,0.2196,0.2198,8433.6
2025-05-03 14:20:00+09:00,0.2198,0.2198,0.2196,0.2196,672.9
2025-05-03 14:25:00+09:00,0.2196,0.2198,0.2196,0.2198,400.0
2025-05-03 14:30:00+09:00,0.2197,0.2197,0.2197,0.2197,121.7
2025-05-03 14:35:00+09:00,0.2196,0.2197,0.2196,0.2196,813.9
2025-05-03 14:40:00+09:00,0.2197,0.22,0.2197,0.22,3290.1
2025-05-03 14:45:00+09:00,0.2199,0.2201,0.2198,0.2198,6969.8
2025-05-03 14:50:00+09:00,0.2197,0.2197,0.2195,0.2195,514.6
2025-05-03 14:55:00+09:00,0.2196,0.2196,0.2195,0.2195,1214.4
2025-05-03 15:00:00+09:00,0.2195,0.22,0.2194,0.22,5040.6
2025-05-03 15:05:00+09:00,0.2199,0.2199,0.2193,0.2193,3944.2
2025-05-03 15:10:00+09:00,0.2194,0.2196,0.2193,0.2196,2791.4
2025-05-03 15:15:00+09:00,0.2196,0.2196,0.2187,0.2188,2701.5
2025-05-03 15:20:00+09:00,0.2186,0.2187,0.2186,0.2187,2904.2
2025-05-03 15:25:00+09:00,0.2188,0.2188,0.2185,0.2185,11757.2
2025-05-03 15:30:00+09:00,0.2184,0.2187,0.2184,0.2187,4208.0
2025-05-03 15:35:00+09:00,0.2187,0.219,0.2187,0.219,2624.4
2025-05-03 15:40:00+09:00,0.2191,0.2192,0.2191,0.2192,3017.4
2025-05-03 15:45:00+09:00,0.2197,0.2197,0.2189,0.2189,8223.4
2025-05-03 15:50:00+09:00,0.219,0.2193,0.2189,0.2193,2469.8
2025-05-03 15:55:00+09:00,0.2193,0.2195,0.2193,0.2193,3338.9
2025-05-03 16:00:00+09:00,0.2194,0.22,0.2192,0.2194,3785.5
2025-05-03 16:05:00+09:00,0.2196,0.2199,0.2196,0.2197,1545.8
2025-05-03 16:10:00+09:00,0.2197,0.2198,0.2196,0.2198,368.9
2025-05-03 16:15:00+09:00,0.2198,0.2201,0.2197,0.2199,3238.9
2025-05-03 16:20:00+09:00,0.2197,0.2197,0.2192,0.2195,12354.0
2025-05-03 16:25:00+09:00,0.2195,0.2197,0.2195,0.2195,823.3
2025-05-03 16:30:00+09:00,0.2194,0.2194,0.219,0.2193,2863.8
2025-05-03 16:35:00+09:00,0.2193,0.2196,0.2192,0.2196,3242.9
2025-05-03 16:40:00+09:00,0.2195,0.2198,0.2195,0.2198,2475.5
2025-05-03 16:45:00+09:00,0.2199,0.2201,0.2198,0.2201,1215.6
2025-05-03 16:50:00+09:00,0.22,0.2201,0.2198,0.2199,309.0
2025-05-03 16:55:00+09:00,0.2198,0.2198,0.2194,0.2194,580.9
2025-05-03 17:00:00+09:00,0.2193,0.2194,0.219,0.219,2299.2
2025-05-03 17:05:00+09:00,0.2189,0.2192,0.2189,0.2192,2360.3
2025-05-03 17:10:00+09:00,0.2193,0.2195,0.2193,0.2195,2331.5
2025-05-03 17:15:00+09:00,0.2196,0.22,0.2196,0.2197,2746.6
2025-05-03 17:20:00+09:00,0.2196,0.2196,0.2196,0.2196,260.0
2025-05-03 17:25:00+09:00,0.2197,0.2199,0.2197,0.2198,3455.8
2025-05-03 17:30:00+09:00,0.2197,0.2198,0.2197,0.2198,535.2
2025-05-03 17:35:00+09:00,0.2197,0.2202,0.2197,0.2201,2033.7
2025-05-03 17:40:00+09:00,0.2202,0.2204,0.2202,0.2203,388.7
2025-05-03 17:45:00+09:00,0.2202,0.2202,0.22,0.22,2502.0
2025-05-03 17:50:00+09:00,0.2199,0.2199,0.2196,0.2197,3230.3
2025-05-03 17:55:00+09:00,0.2196,0.2196,0.2195,0.2195,3421.2
2025-05-03 18:00:00+09:00,0.2194,0.2194,0.2188,0.2188,2734.6
2025-05-03 18:05:00+09:00,0.219,0.219,0.219,0.219,325.9
2025-05-03 18:10:00+09:00,0.2189,0.2194,0.2189,0.2193,1395.7
2025-05-03 18:15:00+09:00,0.2193,0.2193,0.2188,0.2191,2863.3
2025-05-03 18:20:00+09:00,0.219,0.219,0.219,0.219,1836.8
2025-05-03 18:25:00+09:00,0.2191,0.2191,0.2189,0.2189,3349.8
2025-05-03 18:30:00+09:00,0.2189,0.2191,0.2189,0.2189,6304.9
2025-05-03 18:35:00+09:00,0.2189,0.2194,0.2189,0.2194,659.2
2025-05-03 18:40:00+09:00,0.2193,0.2195,0.2192,0.2192,8669.2
2025-05-03 18:45:00+09:00,0.2192,0.2194,0.2192,0.2193,2641.1
2025-05-03 18:50:00+09:00,0.2191,0.2191,0.2186,0.2186,2114.6
2025-05-03 18:55:00+09:00,0.2186,0.2186,0.218,0.2185,15646.1
2025-05-03 19:00:00+09:00,0.2186,0.2186,0.2181,0.2183,2291.3
2025-05-03 19:05:00+09:00,0.2181,0.2182,0.218,0.218,1364.9
2025-05-03 19:10:00+09:00,0.2178,0.2178,0.2166,0.2169,7120.2
2025-05-03 19:15:00+09:00,0.2169,0.2172,0.2167,0.2169,7070.2
2025-05-03 19:20:00+09:00,0.2168,0.2175,0.2168,0.2172,24455.8
2025-05-03 19:25:00+09:00,0.217,0.217,0.2168,0.2169,1904.5
2025-05-03 19:30:00+09:00,0.2167,0.2169,0.2161,0.2163,15144.6
2025-05-03 19:35:00+09:00,0.2163,0.2163,0.2157,0.2161,15220.3
2025-05-03 19:40:00+09:00,0.2161,0.2161,0.2155,0.2156,15982.6
2025-05-03 19:45:00+09:00,0.2156,0.2156,0.2152,0.2155,1389.1
2025-05-03 19:50:00+09:00,0.2157,0.2159,0.2153,0.2153,6840.4
2025-05-03 19:55:00+09:00,0.2152,0.2152,0.2143,0.2143,11034.3
2025-05-03 20:00:00+09:00,0.2143,0.2149,0.2142,0.2149,34147.4
2025-05-03 20:05:00+09:00,0.2149,0.2149,0.2145,0.2149,2875.5
2025-05-03 20:10:00+09:00,0.2148,0.2151,0.2148,0.215,1981.3
2025-05-03 20:15:00+09:00,0.2149,0.2149,0.2144,0.2147,11365.1
2025-05-03 20:20:00+09:00,0.2148,0.2151,0.2146,0.2151,4530.6
2025-05-03 20:25:00+09:00,0.2151,0.2151,0.2147,0.2147,3317.6
2025-05-03 20:30:00+09:00,0.2147,0.2149,0.2144,0.2148,4776.3
2025-05-03 20:35:00+09:00,0.215,0.2154,0.215,0.2151,15778.3
2025-05-03 20:40:00+09:00,0.215,0.215,0.2136,0.2136,155313.2
2025-05-03 20:45:00+09:00,0.2136,0.2138,0.2131,0.2136,29908.0
2025-05-03 20:50:00+09:00,0.2135,0.2138,0.2135,0.2137,9763.3
2025-05-03 20:55:00+09:00,0.2136,0.2139,0.2135,0.2139,1152.3
2025-05-03 21:00:00+09:00,0.2137,0.2142,0.2137,0.2141,3404.1
2025-05-03 21:05:00+09:00,0.2141,0.2142,0.2138,0.2139,2554.0
2025-05-03 21:10:00+09:00,0.2141,0.2143,0.214,0.2143,1903.1
2025-05-03 21:15:00+09:00,0.2147,0.2149,0.2147,0.2149,2494.1
2025-05-03 21:20:00+09:00,0.2149,0.2152,0.2149,0.2151,3544.9
2025-05-03 21:25:00+09:00,0.2153,0.2153,0.2151,0.2153,1046.7
2025-05-03 21:30:00+09:00,0.2153,0.2155,0.2152,0.2152,7268.9
2025-05-03 21:35:00+09:00,0.2153,0.2155,0.2153,0.2155,2807.8
2025-05-03 21:40:00+09:00,0.2157,0.2157,0.2154,0.2155,8717.2
2025-05-03 21:45:00+09:00,0.2155,0.2156,0.2154,0.2154,1297.0
2025-05-03 21:50:00+09:00,0.2152,0.2153,0.2152,0.2153,718.5
2025-05-03 21:55:00+09:00,0.2153,0.2153,0.2151,0.2153,844.1
2025-05-03 22:00:00+09:00,0.2153,0.2154,0.2153,0.2154,3741.7
2025-05-03 22:05:00+09:00,0.2154,0.2156,0.2154,0.2154,4146.4
2025-05-03 22:10:00+09:00,0.2154,0.2154,0.2152,0.2152,5174.8
2025-05-03 22:15:00+09:00,0.2149,0.2152,0.2148,0.2152,3461.2
2025-05-03 22:20:00+09:00,0.2151,0.2151,0.2147,0.2148,639.2
2025-05-03 22:25:00+09:00,0.2148,0.2149,0.2147,0.2147,4895.7
2025-05-03 22:30:00+09:00,0.2147,0.2149,0.2142,0.2144,5367.3
2025-05-03 22:35:00+09:00,0.2143,0.2143,0.2142,0.2142,720.1
2025-05-03 22:40:00+09:00,0.2142,0.2147,0.2142,0.2145,20726.8
2025-05-03 22:45:00+09:00,0.2147,0.2151,0.2147,0.2151,934.0
2025-05-03 22:50:00+09:00,0.2151,0.2152,0.215,0.2151,2905.2
2025-05-03 22:55:00+09:00,0.2151,0.2152,0.215,0.2152,5573.7
2025-05-03 23:00:00+09:00,0.2153,0.2153,0.215,0.2152,2606.2
2025-05-03 23:05:00+09:00,0.2153,0.2155,0.215,0.2151,2864.4
2025-05-03 23:10:00+09:00,0.215,0.2152,0.215,0.2152,3170.9
2025-05-03 23:15:00+09:00,0.2153,0.2153,0.2151,0.2153,813.0
2025-05-03 23:20:00+09:00,0.2154,0.2154,0.215,0.2152,10660.7
2025-05-03 23:25:00+09:00,0.2151,0.2152,0.2145,0.2145,3937.1
2025-05-03 23:30:00+09:00,0.2145,0.2145,0.2139,0.2139,4848.5
2025-05-03 23:35:00+09:00,0.214,0.2141,0.2138,0.2138,18630.5
2025-05-03 23:40:00+09:00,0.2138,0.2138,0.211,0.2129,331236.7
2025-05-03 23:45:00+09:00,0.2129,0.213,0.2126,0.2127,22004.3
2025-05-03 23:50:00+09:00,0.2127,0.2135,0.2127,0.2135,2476.2
2025-05-03 23:55:00+09:00,0.2133,0.2133,0.2128,0.2128,23111.0
2025-05-04 00:00:00+09:00,0.2129,0.2137,0.2128,0.2137,9604.2
2025-05-04 00:05:00+09:00,0.2135,0.2139,0.2135,0.2139,11301.2
2025-05-04 00:10:00+09:00,0.2141,0.2141,0.2139,0.214,3210.6
2025-05-04 00:15:00+09:00,0.214,0.2141,0.2137,0.214,16775.0
2025-05-04 00:20:00+09:00,0.2139,0.2139,0.2136,0.2136,2098.5
2025-05-04 00:25:00+09:00,0.2137,0.2139,0.2137,0.2138,2389.2
2025-05-04 00:30:00+09:00,0.214,0.2145,0.214,0.2144,5187.9
2025-05-04 00:35:00+09:00,0.2143,0.2144,0.2137,0.214,47916.8
2025-05-04 00:40:00+09:00,0.2141,0.2142,0.214,0.2141,2531.9
2025-05-04 00:45:00+09:00,0.214,0.214,0.2137,0.2138,2899.4
2025-05-04 00:50:00+09:00,0.2138,0.2139,0.2132,0.2133,3873.6
2025-05-04 00:55:00+09:00,0.2132,0.2136,0.2129,0.2133,9575.9
2025-05-04 01:00:00+09:00,0.2133,0.2135,0.2129,0.2131,20808.2
2025-05-04 01:05:00+09:00,0.2129,0.213,0.2126,0.2128,7577.1
2025-05-04 01:10:00+09:00,0.2128,0.2128,0.2123,0.2123,4726.3
2025-05-04 01:15:00+09:00,0.2122,0.2123,0.2109,0.2113,15999.4
2025-05-04 01:20:00+09:00,0.2111,0.2116,0.2108,0.2111,34538.1
2025-05-04 01:25:00+09:00,0.2114,0.2114,0.2111,0.2111,2535.8
2025-05-04 01:30:00+09:00,0.2108,0.2109,0.2102,0.2106,8913.2
2025-05-04 01:35:00+09:00,0.2105,0.2105,0.2092,0.2103,102261.4
2025-05-04 01:40:00+09:00,0.2102,0.2106,0.2099,0.2106,20617.1
2025-05-04 01:45:00+09:00,0.2107,0.2108,0.2091,0.2096,75936.8
2025-05-04 01:50:00+09:00,0.2096,0.2099,0.2094,0.2098,9026.7
2025-05-04 01:55:00+09:00,0.2098,0.21,0.2096,0.2096,21573.3
2025-05-04 02:00:00+09:00,0.2097,0.2097,0.2083,0.2085,25896.8
2025-05-04 02:05:00+09:00,0.2086,0.2086,0.2055,0.2066,109523.8
2025-05-04 02:10:00+09:00,0.2064,0.2076,0.2064,0.2075,28053.2
2025-05-04 02:15:00+09:00,0.2076,0.2076,0.2062,0.2065,3803.6
2025-05-04 02:20:00+09:00,0.2064,0.2081,0.2063,0.208,70690.4
2025-05-04 02:25:00+09:00,0.2079,0.2083,0.2077,0.2082,15266.6
2025-05-04 02:30:00+09:00,0.208,0.2081,0.2073,0.2075,5193.8
2025-05-04 02:35:00+09:00,0.2075,0.2075,0.2067,0.2067,736.9
2025-05-04 02:40:00+09:00,0.2068,0.207,0.2068,0.2068,4410.8
2025-05-04 02:45:00+09:00,0.2071,0.2081,0.2071,0.2074,10441.9
2025-05-04 02:50:00+09:00,0.2074,0.2082,0.2069,0.2082,39960.5
2025-05-04 02:55:00+09:00,0.2083,0.2083,0.2077,0.2077,5103.2
2025-05-04 03:00:00+09:00,0.2077,0.208,0.2075,0.2079,7098.9
2025-05-04 03:05:00+09:00,0.2077,0.2087,0.2077,0.2086,33757.3
2025-05-04 03:10:00+09:00,0.2085,0.2086,0.2084,0.2086,12390.0
2025-05-04 03:15:00+09:00,0.2085,0.2086,0.2082,0.2086,6748.1
2025-05-04 03:20:00+09:00,0.2085,0.2089,0.2082,0.2086,11614.1
2025-05-04 03:25:00+09:00,0.2087,0.2087,0.2078,0.2079,11655.4
2025-05-04 03:30:00+09:00,0.2079,0.2081,0.2076,0.2077,36120.6
2025-05-04 03:35:00+09:00,0.2077,0.2078,0.2076,0.2077,9577.1
2025-05-04 03:40:00+09:00,0.2079,0.2079,0.2073,0.2073,10806.0
2025-05-04 03:45:00+09:00,0.2073,0.2077,0.2071,0.2077,5174.5
2025-05-04 03:50:00+09:00,0.2076,0.2076,0.2068,0.2069,7991.8
2025-05-04 03:55:00+09:00,0.2069,0.2074,0.2069,0.2072,2676.1
2025-05-04 04:00:00+09:00,0.2072,0.2073,0.2068,0.2073,9442.4
2025-05-04 04:05:00+09:00,0.2073,0.2077,0.207,0.2077,11086.6
2025-05-04 04:10:00+09:00,0.2078,0.2082,0.2078,0.208,3595.6
2025-05-04 04:15:00+09:00,0.2079,0.2085,0.2079,0.2084,2091.7
2025-05-04 04:20:00+09:00,0.2083,0.2087,0.2083,0.2084,1067.4
2025-05-04 04:25:00+09:00,0.2083,0.2087,0.2083,0.2087,6128.9
2025-05-04 04:30:00+09:00,0.209,0.2099,0.2088,0.2099,4514.0
2025-05-04 04:35:00+09:00,0.21,0.21,0.2096,0.2097,10541.9
2025-05-04 04:40:00+09:00,0.2098,0.2114,0.2098,0.2106,93368.1
2025-05-04 04:45:00+09:00,0.2109,0.2109,0.2108,0.2108,1559.8
2025-05-04 04:50:00+09:00,0.211,0.2111,0.2109,0.2111,3354.6
2025-05-04 04:55:00+09:00,0.2111,0.2111,0.211,0.211,1700.3
2025-05-04 05:00:00+09:00,0.211,0.211,0.2102,0.2102,5665.7
2025-05-04 05:05:00+09:00,0.2101,0.2103,0.21,0.21,8265.4
2025-05-04 05:10:00+09:00,0.2101,0.2103,0.2099,0.21,2749.0
2025-05-04 05:15:00+09:00,0.2101,0.2105,0.2101,0.2104,1971.9
2025-05-04 05:20:00+09:00,0.2105,0.2105,0.2102,0.2102,2027.4
2025-05-04 05:25:00+09:00,0.2101,0.2102,0.21,0.2102,537.6
2025-05-04 05:30:00+09:00,0.2102,0.2102,0.2099,0.2102,12498.4
2025-05-04 05:35:00+09:00,0.2101,0.2103,0.21,0.21,5268.8
2025-05-04 05:40:00+09:00,0.2099,0.21,0.2099,0.21,742.6
2025-05-04 05:45:00+09:00,0.21,0.21,0.2097,0.21,3314.2
2025-05-04 05:50:00+09:00,0.21,0.21,0.2099,0.2099,1127.1
2025-05-04 05:55:00+09:00,0.21,0.21,0.2095,0.2095,1394.4
2025-05-04 06:00:00+09:00,0.2092,0.2092,0.2084,0.2084,15609.3
2025-05-04 06:05:00+09:00,0.2084,0.2084,0.2076,0.2077,35408.1
2025-05-04 06:10:00+09:00,0.2076,0.2085,0.2075,0.2085,16403.7
2025-05-04 06:15:00+09:00,0.2085,0.2093,0.2085,0.2093,10636.1
2025-05-04 06:20:00+09:00,0.2092,0.2094,0.2091,0.2094,2827.9
2025-05-04 06:25:00+09:00,0.2094,0.2105,0.2094,0.2103,7173.4
2025-05-04 06:30:00+09:00,0.2104,0.2108,0.2104,0.2105,4236.0
2025-05-04 06:35:00+09:00,0.2105,0.2105,0.2102,0.2105,2150.3
2025-05-04 06:40:00+09:00,0.2103,0.2105,0.2102,0.2104,6518.5
2025-05-04 06:45:00+09:00,0.2104,0.2105,0.2101,0.2102,905.1
2025-05-04 06:50:00+09:00,0.2102,0.2106,0.2102,0.2103,5501.5
2025-05-04 06:55:00+09:00,0.2102,0.2102,0.2095,0.2095,4472.0
2025-05-04 07:00:00+09:00,0.2094,0.2094,0.2083,0.2083,12800.1
2025-05-04 07:05:00+09:00,0.2086,0.2092,0.2085,0.2085,25902.4
2025-05-04 07:10:00+09:00,0.2082,0.2088,0.2082,0.2083,40065.7
2025-05-04 07:15:00+09:00,0.2083,0.2086,0.2083,0.2084,3257.6
2025-05-04 07:20:00+09:00,0.2085,0.2086,0.2082,0.2085,21216.7
2025-05-04 07:25:00+09:00,0.2086,0.2086,0.2084,0.2086,1773.8
2025-05-04 07:30:00+09:00,0.2087,0.2093,0.2087,0.209,10957.5
2025-05-04 07:35:00+09:00,0.209,0.2091,0.209,0.2091,2198.8
2025-05-04 07:40:00+09:00,0.2092,0.2099,0.2091,0.2099,7734.9
2025-05-04 07:45:00+09:00,0.2097,0.2097,0.2092,0.2093,4385.2
2025-05-04 07:50:00+09:00,0.2092,0.2092,0.209,0.209,2418.9
2025-05-04 07:55:00+09:00,0.2089,0.2089,0.2088,0.2088,1009.3
2025-05-04 08:00:00+09:00,0.2089,0.2089,0.2078,0.2079,21095.8
2025-05-04 08:05:00+09:00,0.2081,0.2086,0.2081,0.2086,8481.1
2025-05-04 08:10:00+09:00,0.2086,0.2088,0.2084,0.2084,6171.9
2025-05-04 08:15:00+09:00,0.2085,0.2088,0.2085,0.2087,2252.8
2025-05-04 08:20:00+09:00,0.2088,0.2088,0.2085,0.2086,5028.1
2025-05-04 08:25:00+09:00,0.2087,0.209,0.2076,0.2078,12623.2
2025-05-04 08:30:00+09:00,0.2078,0.2084,0.2077,0.208,24477.7
2025-05-04 08:35:00+09:00,0.208,0.2084,0.208,0.2084,6780.9
2025-05-04 08:40:00+09:00,0.2086,0.2088,0.2085,0.2087,1429.1
2025-05-04 08:45:00+09:00,0.2088,0.209,0.2086,0.2086,1308.6
2025-05-04 08:50:00+09:00,0.2085,0.2085,0.2082,0.2085,5275.9
2025-05-04 08:55:00+09:00,0.2085,0.2087,0.2076,0.2079,58327.2
2025-05-04 09:00:00+09:00,0.2078,0.2081,0.2073,0.2079,16681.1
2025-05-04 09:05:00+09:00,0.2081,0.2081,0.2076,0.208,16499.1
2025-05-04 09:10:00+09:00,0.208,0.2083,0.208,0.208,8220.1
2025-05-04 09:15:00+09:00,0.2081,0.2088,0.2081,0.2084,11867.0
2025-05-04 09:20:00+09:00,0.2084,0.2086,0.2082,0.2082,5969.0
2025-05-04 09:25:00+09:00,0.2082,0.2084,0.2077,0.2077,1683.8
2025-05-04 09:30:00+09:00,0.2077,0.2079,0.2071,0.2075,34393.0
2025-05-04 09:35:00+09:00,0.2074,0.2079,0.2073,0.2074,28985.5
2025-05-04 09:40:00+09:00,0.2074,0.2076,0.2064,0.2069,188561.8
2025-05-04 09:45:00+09:00,0.2069,0.2069,0.2057,0.2057,15382.0
2025-05-04 09:50:00+09:00,0.2058,0.2065,0.2058,0.2065,7312.3
2025-05-04 09:55:00+09:00,0.2066,0.2072,0.2063,0.2066,30514.7
2025-05-04 10:00:00+09:00,0.2065,0.207,0.2065,0.2069,28061.6
2025-05-04 10:05:00+09:00,0.2071,0.2077,0.207,0.2076,13358.2
2025-05-04 10:10:00+09:00,0.2076,0.2081,0.2075,0.2081,6295.8
2025-05-04 10:15:00+09:00,0.208,0.208,0.2073,0.2073,4031.8
2025-05-04 10:20:00+09:00,0.2074,0.2081,0.2074,0.2081,13581.9
2025-05-04 10:25:00+09:00,0.2084,0.2088,0.2083,0.2083,9036.2
2025-05-04 10:30:00+09:00,0.2083,0.2083,0.2079,0.208,3979.7
2025-05-04 10:35:00+09:00,0.2082,0.2082,0.2077,0.2077,13397.5
2025-05-04 10:40:00+09:00,0.2077,0.2077,0.2068,0.2068,1266.0
2025-05-04 10:45:00+09:00,0.2067,0.2068,0.206,0.2066,4844.0
2025-05-04 10:50:00+09:00,0.2068,0.2079,0.2068,0.2078,15584.2
2025-05-04 10:55:00+09:00,0.2079,0.2086,0.2079,0.2083,16059.0
2025-05-04 11:00:00+09:00,0.2082,0.2093,0.208,0.2093,5356.3
2025-05-04 11:05:00+09:00,0.2095,0.2102,0.2095,0.2097,23393.4
2025-05-04 11:10:00+09:00,0.2097,0.2099,0.2092,0.2099,28789.9
2025-05-04 11:15:00+09:00,0.2098,0.2098,0.2091,0.2093,7001.3
2025-05-04 11:20:00+09:00,0.2095,0.2098,0.2093,0.2098,3051.5
2025-05-04 11:25:00+09:00,0.2099,0.2099,0.2092,0.2093,5216.9
2025-05-04 11:30:00+09:00,0.2096,0.2096,0.2083,0.2083,7583.6
2025-05-04 11:35:00+09:00,0.2083,0.2086,0.2082,0.2084,18949.0
2025-05-04 11:40:00+09:00,0.2083,0.2083,0.2073,0.2078,9222.4
2025-05-04 11:45:00+09:00,0.2077,0.2082,0.2076,0.2078,6944.2
2025-05-04 11:50:00+09:00,0.2079,0.208,0.2078,0.2079,4159.9
2025-05-04 11:55:00+09:00,0.2081,0.2081,0.2081,0.2081,309.0
2025-05-04 12:00:00+09:00,0.2079,0.2079,0.2069,0.2072,15155.9
2025-05-04 12:05:00+09:00,0.2071,0.2073,0.2065,0.2065,18089.7
2025-05-04 12:10:00+09:00,0.2066,0.2069,0.2066,0.2067,3225.7
2025-05-04 12:15:00+09:00,0.2067,0.2071,0.2063,0.2064,4442.6
2025-05-04 12:20:00+09:00,0.2064,0.207,0.2064,0.207,6004.8
2025-05-04 12:25:00+09:00,0.207,0.2075,0.207,0.2075,6010.5
2025-05-04 12:30:00+09:00,0.2077,0.2079,0.2072,0.2074,10576.0
2025-05-04 12:35:00+09:00,0.2076,0.2079,0.2076,0.2077,2038.9
2025-05-04 12:40:00+09:00,0.2077,0.2084,0.2076,0.2084,3172.9
2025-05-04 12:45:00+09:00,0.2082,0.2082,0.2074,0.2074,5800.1
2025-05-04 12:50:00+09:00,0.2074,0.2075,0.2073,0.2074,2652.8
2025-05-04 12:55:00+09:00,0.2074,0.2074,0.2069,0.2069,10547.2
2025-05-04 13:00:00+09:00,0.2065,0.2065,0.2059,0.2064,25763.4
2025-05-04 13:05:00+09:00,0.2064,0.207,0.2064,0.2069,14985.4
2025-05-04 13:10:00+09:00,0.2068,0.2069,0.2065,0.2067,3047.3
2025-05-04 13:15:00+09:00,0.2067,0.2071,0.2067,0.2068,6393.8
2025-05-04 13:20:00+09:00,0.2067,0.2067,0.2065,0.2066,6365.3
2025-05-04 13:25:00+09:00,0.2065,0.2066,0.2063,0.2064,690.4
2025-05-04 13:30:00+09:00,0.2063,0.2063,0.2053,0.2054,6880.1
2025-05-04 13:35:00+09:00,0.2053,0.2053,0.205,0.2052,8929.9
2025-05-04 13:40:00+09:00,0.2052,0.2055,0.2052,0.2053,10457.2
2025-05-04 13:45:00+09:00,0.2053,0.206,0.2053,0.2056,34118.7
2025-05-04 13:50:00+09:00,0.2055,0.2061,0.2054,0.2061,4415.9
2025-05-04 13:55:00+09:00,0.2061,0.2064,0.2059,0.2061,15073.8
2025-05-04 14:00:00+09:00,0.2059,0.2071,0.2059,0.2071,9355.9
2025-05-04 14:05:00+09:00,0.2071,0.2072,0.2065,0.2066,11020.2
2025-05-04 14:10:00+09:00,0.2066,0.2066,0.206,0.2062,6613.3
2025-05-04 14:15:00+09:00,0.2064,0.2065,0.2056,0.2058,18825.7
2025-05-04 14:20:00+09:00,0.2059,0.2065,0.2058,0.2065,3784.9
2025-05-04 14:25:00+09:00,0.2067,0.2073,0.2067,0.2072,10774.7
2025-05-04 14:30:00+09:00,0.2072,0.2073,0.207,0.207,4870.1
2025-05-04 14:35:00+09:00,0.2072,0.2073,0.207,0.2071,7601.7
2025-05-04 14:40:00+09:00,0.2071,0.2075,0.2071,0.2074,8379.4
2025-05-04 14:45:00+09:00,0.2073,0.2076,0.2072,0.2075,7586.1
2025-05-04 14:50:00+09:00,0.2077,0.2078,0.2073,0.2073,11586.3
2025-05-04 14:55:00+09:00,0.2073,0.2078,0.2072,0.2074,5786.0
2025-05-04 15:00:00+09:00,0.2073,0.2074,0.2065,0.2072,38049.9
2025-05-04 15:05:00+09:00,0.2073,0.2073,0.2068,0.2068,10316.0
2025-05-04 15:10:00+09:00,0.2069,0.2069,0.2057,0.2061,25873.1
2025-05-04 15:15:00+09:00,0.2061,0.2065,0.2057,0.2058,49532.5
2025-05-04 15:20:00+09:00,0.2058,0.2058,0.2052,0.2052,33801.6
2025-05-04 15:25:00+09:00,0.2052,0.2052,0.2047,0.2052,9322.7
2025-05-04 15:30:00+09:00,0.2051,0.2055,0.2049,0.2055,19235.2
2025-05-04 15:35:00+09:00,0.2058,0.2062,0.2058,0.2061,27913.5
2025-05-04 15:40:00+09:00,0.2061,0.2062,0.2057,0.2061,4901.0
2025-05-04 15:45:00+09:00,0.2061,0.2066,0.2061,0.2065,11108.5
2025-05-04 15:50:00+09:00,0.2067,0.2072,0.2067,0.2067,35695.4
2025-05-04 15:55:00+09:00,0.2069,0.2071,0.2069,0.2069,935.7
2025-05-04 16:00:00+09:00,0.207,0.207,0.2065,0.2065,13935.9
2025-05-04 16:05:00+09:00,0.2065,0.2065,0.206,0.206,11693.7
2025-05-04 16:10:00+09:00,0.2061,0.2073,0.2061,0.2073,28578.9
2025-05-04 16:15:00+09:00,0.2073,0.2073,0.2063,0.2065,19678.4
2025-05-04 16:20:00+09:00,0.2064,0.2065,0.2064,0.2064,3479.6
2025-05-04 16:25:00+09:00,0.2064,0.2064,0.2062,0.2063,2880.3
2025-05-04 16:30:00+09:00,0.2062,0.2063,0.2059,0.2061,5428.9
2025-05-04 16:35:00+09:00,0.2058,0.206,0.2058,0.2058,5063.9
2025-05-04 16:40:00+09:00,0.206,0.206,0.2058,0.2059,1703.5
2025-05-04 16:45:00+09:00,0.2059,0.2059,0.2055,0.2057,4148.5
2025-05-04 16:50:00+09:00,0.2058,0.2061,0.2058,0.2061,1207.0
2025-05-04 16:55:00+09:00,0.2059,0.2061,0.2058,0.2061,8147.2
2025-05-04 17:00:00+09:00,0.2061,0.2063,0.2061,0.2062,1331.5
2025-05-04 17:05:00+09:00,0.2061,0.2066,0.2059,0.2065,5308.4
2025-05-04 17:10:00+09:00,0.2066,0.2073,0.2066,0.2073,4418.9
2025-05-04 17:15:00+09:00,0.2072,0.2072,0.2067,0.207,12951.1
2025-05-04 17:20:00+09:00,0.207,0.2076,0.207,0.207,22942.3
2025-05-04 17:25:00+09:00,0.2069,0.2071,0.2065,0.2071,20698.3
2025-05-04 17:30:00+09:00,0.2071,0.2071,0.2062,0.2062,6521.1
2025-05-04 17:35:00+09:00,0.2062,0.2068,0.2062,0.2066,9060.0
2025-05-04 17:40:00+09:00,0.2066,0.2066,0.2056,0.2056,14695.1
2025-05-04 17:45:00+09:00,0.2056,0.2058,0.2053,0.2056,15419.6
2025-05-04 17:50:00+09:00,0.2054,0.2057,0.2053,0.2057,610.9
2025-05-04 17:55:00+09:00,0.2055,0.206,0.2055,0.2056,7426.3
2025-05-04 18:00:00+09:00,0.2055,0.2057,0.2051,0.2053,30693.9
2025-05-04 18:05:00+09:00,0.2053,0.2055,0.2045,0.2055,27829.0
2025-05-04 18:10:00+09:00,0.2055,0.2055,0.2046,0.2046,12602.1
2025-05-04 18:15:00+09:00,0.2045,0.2049,0.2043,0.2044,37621.6
2025-05-04 18:20:00+09:00,0.2044,0.2049,0.2044,0.2045,26496.3
2025-05-04 18:25:00+09:00,0.2043,0.2043,0.2039,0.2042,3511.5
2025-05-04 18:30:00+09:00,0.2044,0.2052,0.2043,0.2043,25749.7
2025-05-04 18:35:00+09:00,0.2043,0.2043,0.2037,0.2038,31017.5
2025-05-04 18:40:00+09:00,0.2038,0.2038,0.2029,0.2032,39610.4
2025-05-04 18:45:00+09:00,0.203,0.2033,0.2027,0.2031,25592.1
2025-05-04 18:50:00+09:00,0.2033,0.2035,0.2032,0.2033,11666.6
2025-05-04 18:55:00+09:00,0.2032,0.2035,0.2031,0.2035,6349.5
2025-05-04 19:00:00+09:00,0.2036,0.2039,0.2029,0.2029,41762.6
2025-05-04 19:05:00+09:00,0.2029,0.2031,0.2028,0.2029,5680.5
2025-05-04 19:10:00+09:00,0.2029,0.203,0.2023,0.2029,29419.6
2025-05-04 19:15:00+09:00,0.203,0.2034,0.2028,0.2028,33965.8
2025-05-04 19:20:00+09:00,0.2028,0.2035,0.2028,0.2035,14704.6
2025-05-04 19:25:00+09:00,0.2036,0.2036,0.2034,0.2036,10038.4
2025-05-04 19:30:00+09:00,0.2037,0.2044,0.2037,0.2041,33478.1
2025-05-04 19:35:00+09:00,0.2042,0.2048,0.2042,0.2046,3246.4
2025-05-04 19:40:00+09:00,0.2049,0.2054,0.2049,0.2052,5049.2
2025-05-04 19:45:00+09:00,0.2052,0.2054,0.205,0.205,8561.7
2025-05-04 19:50:00+09:00,0.205,0.2051,0.205,0.2051,1449.1
2025-05-04 19:55:00+09:00,0.2052,0.2052,0.205,0.205,5240.4
2025-05-04 20:00:00+09:00,0.2051,0.2051,0.2046,0.2049,7806.1
2025-05-04 20:05:00+09:00,0.2052,0.2055,0.2049,0.2055,13475.4
2025-05-04 20:10:00+09:00,0.2054,0.2055,0.2054,0.2055,792.0
2025-05-04 20:15:00+09:00,0.2055,0.2058,0.2054,0.2055,15582.6
2025-05-04 20:20:00+09:00,0.2057,0.206,0.2057,0.2059,3800.2
2025-05-04 20:25:00+09:00,0.2057,0.206,0.2056,0.2059,6308.8
2025-05-04 20:30:00+09:00,0.2061,0.2061,0.2058,0.2058,1536.0
2025-05-04 20:35:00+09:00,0.2058,0.2058,0.2053,0.2053,3195.6
2025-05-04 20:40:00+09:00,0.2054,0.2058,0.2053,0.2058,9572.8
2025-05-04 20:45:00+09:00,0.2058,0.2059,0.205,0.2053,40959.7
2025-05-04 20:50:00+09:00,0.2052,0.2052,0.2045,0.2046,6076.0
2025-05-04 20:55:00+09:00,0.2047,0.2049,0.2047,0.2047,1440.1
2025-05-04 21:00:00+09:00,0.2047,0.2048,0.2044,0.2046,9571.6
2025-05-04 21:05:00+09:00,0.2046,0.2046,0.2044,0.2045,3224.4
2025-05-04 21:10:00+09:00,0.2044,0.205,0.2044,0.2049,2887.7
2025-05-04 21:15:00+09:00,0.2051,0.2052,0.2048,0.2048,7916.5
2025-05-04 21:20:00+09:00,0.2048,0.2049,0.2044,0.2046,7599.5
2025-05-04 21:25:00+09:00,0.2047,0.2049,0.2046,0.2049,4795.4
2025-05-04 21:30:00+09:00,0.2048,0.2052,0.2047,0.2047,5535.2
2025-05-04 21:35:00+09:00,0.2048,0.2048,0.2046,0.2046,3206.1
2025-05-04 21:40:00+09:00,0.2045,0.2047,0.2045,0.2046,2853.3
2025-05-04 21:45:00+09:00,0.2047,0.205,0.2046,0.2048,23648.0
2025-05-04 21:50:00+09:00,0.2048,0.2049,0.2046,0.2049,4977.9
2025-05-04 21:55:00+09:00,0.2049,0.2049,0.2044,0.2044,3681.1
2025-05-04 22:00:00+09:00,0.2044,0.2046,0.2042,0.2045,9773.4
2025-05-04 22:05:00+09:00,0.2046,0.2046,0.2043,0.2044,8788.7
2025-05-04 22:10:00+09:00,0.2043,0.2044,0.2041,0.2041,4224.0
2025-05-04 22:15:00+09:00,0.204,0.204,0.2027,0.203,13837.5
2025-05-04 22:20:00+09:00,0.203,0.2034,0.2026,0.2026,5428.5
2025-05-04 22:25:00+09:00,0.2027,0.2035,0.2027,0.2035,25763.5
2025-05-04 22:30:00+09:00,0.2035,0.2038,0.2032,0.2034,30968.7
2025-05-04 22:35:00+09:00,0.2033,0.204,0.2033,0.2035,11441.4
2025-05-04 22:40:00+09:00,0.2035,0.2035,0.2025,0.2028,22354.6
2025-05-04 22:45:00+09:00,0.2027,0.2029,0.2024,0.2029,27852.0
2025-05-04 22:50:00+09:00,0.2032,0.2035,0.2032,0.2035,4380.4
2025-05-04 22:55:00+09:00,0.2037,0.204,0.2036,0.2039,19130.8
2025-05-04 23:00:00+09:00,0.2038,0.2042,0.2037,0.2042,3218.4
2025-05-04 23:05:00+09:00,0.2044,0.2045,0.2042,0.2045,6359.9
2025-05-04 23:10:00+09:00,0.2047,0.2047,0.2044,0.2044,3455.0
2025-05-04 23:15:00+09:00,0.2044,0.2049,0.204,0.2047,13367.8
2025-05-04 23:20:00+09:00,0.2048,0.2052,0.2048,0.2052,2226.8
2025-05-04 23:25:00+09:00,0.2051,0.2054,0.2051,0.2053,9250.2
2025-05-04 23:30:00+09:00,0.2054,0.2059,0.2052,0.2059,10780.7
2025-05-04 23:35:00+09:00,0.2059,0.2062,0.2049,0.2051,23306.5
2025-05-04 23:40:00+09:00,0.2052,0.2054,0.2048,0.2048,5908.2
2025-05-04 23:45:00+09:00,0.2048,0.2049,0.2044,0.2047,2067.9
2025-05-04 23:50:00+09:00,0.2047,0.2049,0.2046,0.2048,1038.1
2025-05-04 23:55:00+09:00,0.2048,0.2048,0.2043,0.2043,9311.6
2025-05-05 00:00:00+09:00,0.2044,0.2045,0.2042,0.2043,6074.6
2025-05-05 00:05:00+09:00,0.2043,0.2044,0.2042,0.2043,3851.4
2025-05-05 00:10:00+09:00,0.2043,0.2044,0.204,0.2044,1492.7
2025-05-05 00:15:00+09:00,0.2042,0.2042,0.2033,0.2034,16718.7
2025-05-05 00:20:00+09:00,0.2035,0.2036,0.2033,0.2033,7214.5
2025-05-05 00:25:00+09:00,0.2033,0.2033,0.2028,0.203,16343.7
2025-05-05 00:30:00+09:00,0.2031,0.2032,0.2025,0.2025,14754.4
2025-05-05 00:35:00+09:00,0.2026,0.2026,0.2023,0.2024,52666.6
2025-05-05 00:40:00+09:00,0.2023,0.2024,0.2021,0.2021,10861.1
2025-05-05 00:45:00+09:00,0.2023,0.2024,0.2018,0.2023,13122.5
2025-05-05 00:50:00+09:00,0.2025,0.2026,0.2024,0.2025,2939.0
2025-05-05 00:55:00+09:00,0.2025,0.203,0.2025,0.2026,6605.4
2025-05-05 01:00:00+09:00,0.2026,0.2033,0.2024,0.2032,13921.6
2025-05-05 01:05:00+09:00,0.2031,0.2032,0.2027,0.2027,4584.0
2025-05-05 01:10:00+09:00,0.2027,0.2028,0.2024,0.2024,3169.7
2025-05-05 01:15:00+09:00,0.2026,0.2026,0.2019,0.202,16206.0
2025-05-05 01:20:00+09:00,0.2021,0.2027,0.2021,0.2027,9092.7
2025-05-05 01:25:00+09:00,0.2028,0.2028,0.2025,0.2025,12314.5
2025-05-05 01:30:00+09:00,0.2025,0.2027,0.2019,0.2019,9953.7
2025-05-05 01:35:00+09:00,0.2018,0.2021,0.2018,0.202,12781.2
2025-05-05 01:40:00+09:00,0.2019,0.202,0.2014,0.2015,12523.6
2025-05-05 01:45:00+09:00,0.2015,0.2016,0.2008,0.2009,5141.1
2025-05-05 01:50:00+09:00,0.2009,0.2011,0.2005,0.2009,45218.7
2025-05-05 01:55:00+09:00,0.201,0.2018,0.201,0.2017,24539.7
2025-05-05 02:00:00+09:00,0.2017,0.2018,0.2015,0.2018,10872.3
2025-05-05 02:05:00+09:00,0.2017,0.2021,0.2015,0.202,5260.8
2025-05-05 02:10:00+09:00,0.2019,0.2029,0.2019,0.2022,34659.8
2025-05-05 02:15:00+09:00,0.2022,0.2023,0.2018,0.2021,29198.8
2025-05-05 02:20:00+09:00,0.2019,0.202,0.2012,0.2013,14483.5
2025-05-05 02:25:00+09:00,0.2013,0.2013,0.2006,0.2007,5220.6
2025-05-05 02:30:00+09:00,0.2009,0.2009,0.2,0.2,16543.9
2025-05-05 02:35:00+09:00,0.2002,0.2008,0.2001,0.2008,23650.1
2025-05-05 02:40:00+09:00,0.2009,0.202,0.2009,0.2019,28455.2
2025-05-05 02:45:00+09:00,0.2018,0.2021,0.2014,0.2018,58759.1
2025-05-05 02:50:00+09:00,0.2018,0.2022,0.2018,0.2021,15187.8
2025-05-05 02:55:00+09:00,0.2021,0.2021,0.2018,0.2018,4161.2
2025-05-05 03:00:00+09:00,0.2015,0.2022,0.2012,0.2018,23755.7
2025-05-05 03:05:00+09:00,0.2018,0.2024,0.2018,0.2019,34689.4
2025-05-05 03:10:00+09:00,0.2017,0.2017,0.2007,0.2007,10885.3
2025-05-05 03:15:00+09:00,0.2009,0.2018,0.2009,0.2012,16882.8
2025-05-05 03:20:00+09:00,0.2013,0.2014,0.2011,0.2014,4644.8
2025-05-05 03:25:00+09:00,0.2014,0.2014,0.2012,0.2014,3655.3
2025-05-05 03:30:00+09:00,0.2013,0.2015,0.2008,0.2008,11989.1
2025-05-05 03:35:00+09:00,0.2007,0.2011,0.2004,0.201,42827.4
2025-05-05 03:40:00+09:00,0.2009,0.201,0.2006,0.201,8631.0
2025-05-05 03:45:00+09:00,0.201,0.201,0.2003,0.2004,9906.8
2025-05-05 03:50:00+09:00,0.2003,0.2007,0.2,0.2005,42284.0
2025-05-05 03:55:00+09:00,0.2005,0.2007,0.2,0.2,7431.5
2025-05-05 04:00:00+09:00,0.2,0.2001,0.1998,0.2,5992.6
2025-05-05 04:05:00+09:00,0.2003,0.2005,0.2,0.2,8053.9
2025-05-05 04:10:00+09:00,0.2002,0.2004,0.2001,0.2001,20901.9
2025-05-05 04:15:00+09:00,0.2,0.2005,0.1999,0.2004,3083.9
2025-05-05 04:20:00+09:00,0.2004,0.2004,0.2003,0.2004,5577.5
2025-05-05 04:25:00+09:00,0.2004,0.2009,0.2004,0.2008,2199.0
2025-05-05 04:30:00+09:00,0.2008,0.2014,0.2006,0.2013,7951.5
2025-05-05 04:35:00+09:00,0.2013,0.2017,0.2013,0.2017,19463.3
2025-05-05 04:40:00+09:00,0.2015,0.2017,0.2014,0.2015,5188.1
2025-05-05 04:45:00+09:00,0.2016,0.2018,0.2014,0.2014,6273.6
2025-05-05 04:50:00+09:00,0.2012,0.2012,0.201,0.2012,4264.2
2025-05-05 04:55:00+09:00,0.201,0.2011,0.2009,0.201,3522.7
2025-05-05 05:00:00+09:00,0.201,0.2013,0.2007,0.2012,6556.8
2025-05-05 05:05:00+09:00,0.2012,0.2013,0.2009,0.2012,15319.9
2025-05-05 05:10:00+09:00,0.2011,0.2012,0.2008,0.2008,858.6
2025-05-05 05:15:00+09:00,0.2007,0.201,0.2006,0.201,2288.9
2025-05-05 05:20:00+09:00,0.2012,0.2013,0.2012,0.2013,1593.8
2025-05-05 05:25:00+09:00,0.2013,0.2021,0.2012,0.202,4660.3
2025-05-05 05:30:00+09:00,0.2021,0.2023,0.2016,0.2016,3137.5
2025-05-05 05:35:00+09:00,0.2018,0.2018,0.2016,0.2016,3480.7
2025-05-05 05:40:00+09:00,0.2016,0.2017,0.2015,0.2015,2355.9
2025-05-05 05:45:00+09:00,0.2015,0.2017,0.2015,0.2016,2655.9
2025-05-05 05:50:00+09:00,0.2017,0.2018,0.2014,0.2014,2113.4
2025-05-05 05:55:00+09:00,0.2014,0.2016,0.2014,0.2016,1778.8
2025-05-05 06:00:00+09:00,0.2017,0.2017,0.2015,0.2015,414.9
2025-05-05 06:05:00+09:00,0.2015,0.2015,0.2008,0.2008,2474.5
2025-05-05 06:10:00+09:00,0.2007,0.2007,0.2003,0.2003,4097.1
2025-05-05 06:15:00+09:00,0.2004,0.2006,0.2004,0.2005,11739.3
2025-05-05 06:20:00+09:00,0.2006,0.2006,0.2004,0.2005,698.3
2025-05-05 06:25:00+09:00,0.2004,0.2007,0.2004,0.2004,330.3
2025-05-05 06:30:00+09:00,0.2006,0.2007,0.2006,0.2007,890.2
2025-05-05 06:35:00+09:00,0.2009,0.2012,0.2009,0.2012,2241.5
2025-05-05 06:40:00+09:00,0.2012,0.2015,0.2012,0.2014,2306.4
2025-05-05 06:45:00+09:00,0.2014,0.2015,0.2013,0.2014,582.3
2025-05-05 06:50:00+09:00,0.2014,0.2015,0.2014,0.2015,158.4
2025-05-05 06:55:00+09:00,0.2017,0.2019,0.2017,0.2018,2970.6
2025-05-05 07:00:00+09:00,0.2019,0.2019,0.2003,0.2007,26621.4
2025-05-05 07:05:00+09:00,0.2006,0.202,0.2004,0.2007,47658.6
2025-05-05 07:10:00+09:00,0.2007,0.2009,0.2001,0.2005,38543.0
2025-05-05 07:15:00+09:00,0.2006,0.2009,0.2006,0.2007,11739.4
2025-05-05 07:20:00+09:00,0.2006,0.2008,0.2004,0.2007,8638.5
2025-05-05 07:25:00+09:00,0.2009,0.2009,0.2007,0.2008,4051.2
2025-05-05 07:30:00+09:00,0.2007,0.2007,0.1996,0.1996,5807.5
2025-05-05 07:35:00+09:00,0.1997,0.2003,0.1997,0.2003,7873.9
2025-05-05 07:40:00+09:00,0.2002,0.2002,0.1999,0.2,3781.1
2025-05-05 07:45:00+09:00,0.1998,0.2001,0.1997,0.2001,4187.2
2025-05-05 07:50:00+09:00,0.2002,0.2005,0.2002,0.2003,6025.3
2025-05-05 07:55:00+09:00,0.2002,0.2007,0.2002,0.2006,1056.7
2025-05-05 08:00:00+09:00,0.2005,0.2005,0.2002,0.2003,13526.3
2025-05-05 08:05:00+09:00,0.2001,0.2001,0.1996,0.1999,2064.2
2025-05-05 08:10:00+09:00,0.1997,0.2003,0.1997,0.2003,13097.0
2025-05-05 08:15:00+09:00,0.2001,0.2001,0.1999,0.1999,2429.7
2025-05-05 08:20:00+09:00,0.2001,0.2004,0.2001,0.2004,4303.0
2025-05-05 08:25:00+09:00,0.2002,0.2002,0.1997,0.1998,4596.1
2025-05-05 08:30:00+09:00,0.1997,0.2007,0.1993,0.2007,8454.4
2025-05-05 08:35:00+09:00,0.2007,0.2012,0.2005,0.2011,4566.8
2025-05-05 08:40:00+09:00,0.2009,0.2009,0.2002,0.2003,15314.0
2025-05-05 08:45:00+09:00,0.2003,0.2008,0.2003,0.2008,10487.2
2025-05-05 08:50:00+09:00,0.2009,0.201,0.2007,0.2008,1057.4
2025-05-05 08:55:00+09:00,0.2008,0.2008,0.2005,0.2006,1321.1
2025-05-05 09:00:00+09:00,0.2004,0.2009,0.2002,0.2003,6123.9
2025-05-05 09:05:00+09:00,0.2003,0.2005,0.2002,0.2005,4485.6
2025-05-05 09:10:00+09:00,0.2006,0.2014,0.2005,0.201,39294.4
2025-05-05 09:15:00+09:00,0.201,0.2012,0.201,0.2011,9234.3
2025-05-05 09:20:00+09:00,0.2013,0.2016,0.2012,0.2013,11327.9
2025-05-05 09:25:00+09:00,0.2014,0.2022,0.2014,0.2022,972.6
2025-05-05 09:30:00+09:00,0.2021,0.2021,0.2014,0.2014,7926.4
2025-05-05 09:35:00+09:00,0.2015,0.2019,0.2015,0.2018,8606.2
2025-05-05 09:40:00+09:00,0.2017,0.2017,0.2014,0.2017,1601.0
2025-05-05 09:45:00+09:00,0.2018,0.202,0.2018,0.2019,1640.6
2025-05-05 09:50:00+09:00,0.2021,0.2024,0.2021,0.2022,3761.7
2025-05-05 09:55:00+09:00,0.2022,0.2032,0.202,0.2025,186017.9
2025-05-05 10:00:00+09:00,0.2027,0.2027,0.2016,0.2016,118114.6
2025-05-05 10:05:00+09:00,0.2016,0.2018,0.2014,0.2017,19632.8
2025-05-05 10:10:00+09:00,0.2015,0.2016,0.2013,0.2016,18798.1
2025-05-05 10:15:00+09:00,0.2016,0.2019,0.2006,0.2006,17787.7
2025-05-05 10:20:00+09:00,0.2005,0.2012,0.2005,0.2012,18797.8
2025-05-05 10:25:00+09:00,0.2011,0.2013,0.2005,0.2008,14571.1
2025-05-05 10:30:00+09:00,0.2006,0.2006,0.199,0.1996,59954.5
2025-05-05 10:35:00+09:00,0.1996,0.2003,0.1994,0.2,30196.1
2025-05-05 10:40:00+09:00,0.1998,0.2,0.1993,0.1996,20659.5
2025-05-05 10:45:00+09:00,0.1996,0.1998,0.1995,0.1995,838.2
2025-05-05 10:50:00+09:00,0.1991,0.1997,0.1991,0.1996,2356.7
2025-05-05 10:55:00+09:00,0.1996,0.1996,0.1991,0.1991,6323.1
2025-05-05 11:00:00+09:00,0.199,0.1999,0.199,0.1998,16301.3
2025-05-05 11:05:00+09:00,0.1999,0.1999,0.1993,0.1994,16207.5
2025-05-05 11:10:00+09:00,0.1995,0.2005,0.1995,0.2005,15362.1
2025-05-05 11:15:00+09:00,0.201,0.2025,0.201,0.2022,69898.4
2025-05-05 11:20:00+09:00,0.2022,0.2024,0.2019,0.2022,12398.2
2025-05-05 11:25:00+09:00,0.2021,0.2025,0.202,0.2025,10649.4
2025-05-05 11:30:00+09:00,0.2026,0.2029,0.2025,0.2028,12925.3
2025-05-05 11:35:00+09:00,0.203,0.2033,0.203,0.2033,13643.0
2025-05-05 11:40:00+09:00,0.2031,0.2034,0.203,0.2033,24435.5
2025-05-05 11:45:00+09:00,0.2031,0.2033,0.2029,0.2033,1830.2
2025-05-05 11:50:00+09:00,0.2032,0.2032,0.2031,0.2031,616.8
2025-05-05 11:55:00+09:00,0.2029,0.203,0.2024,0.2026,2727.1
2025-05-05 12:00:00+09:00,0.2025,0.2027,0.202,0.2022,3890.3
2025-05-05 12:05:00+09:00,0.2022,0.2022,0.2021,0.2022,126.1
2025-05-05 12:10:00+09:00,0.202,0.202,0.2017,0.2017,396.7
2025-05-05 12:15:00+09:00,0.2018,0.2018,0.2016,0.2016,2141.7
2025-05-05 12:20:00+09:00,0.2017,0.2026,0.2017,0.202,37816.1
2025-05-05 12:25:00+09:00,0.2021,0.2022,0.2019,0.2019,2407.8
2025-05-05 12:30:00+09:00,0.2019,0.2021,0.2019,0.2019,1403.1
2025-05-05 12:35:00+09:00,0.2018,0.2021,0.2018,0.202,1508.6
2025-05-05 12:40:00+09:00,0.202,0.2022,0.202,0.2022,4904.4
2025-05-05 12:45:00+09:00,0.202,0.202,0.2015,0.2015,755.5
2025-05-05 12:50:00+09:00,0.2015,0.2015,0.2012,0.2015,2793.0
2025-05-05 12:55:00+09:00,0.2015,0.2016,0.2011,0.2011,2903.7
2025-05-05 13:00:00+09:00,0.2011,0.2012,0.2008,0.2012,6029.2
2025-05-05 13:05:00+09:00,0.2011,0.2011,0.2007,0.2007,2368.4
2025-05-05 13:10:00+09:00,0.2006,0.2009,0.2001,0.2009,6117.3
2025-05-05 13:15:00+09:00,0.201,0.2019,0.201,0.2015,23763.5
2025-05-05 13:20:00+09:00,0.2017,0.2022,0.2017,0.2019,17368.5
2025-05-05 13:25:00+09:00,0.2018,0.202,0.2018,0.202,1500.4
2025-05-05 13:30:00+09:00,0.2019,0.2023,0.2019,0.2022,8092.0
2025-05-05 13:35:00+09:00,0.2023,0.2026,0.2022,0.2024,7713.5
2025-05-05 13:40:00+09:00,0.2024,0.2024,0.2023,0.2024,2935.5
2025-05-05 13:45:00+09:00,0.2024,0.2024,0.2019,0.2021,8740.8
2025-05-05 13:50:00+09:00,0.2021,0.2023,0.2021,0.2022,1832.0
2025-05-05 13:55:00+09:00,0.2022,0.2022,0.202,0.202,427.2
2025-05-05 14:00:00+09:00,0.2021,0.2021,0.2017,0.2018,5950.7
2025-05-05 14:05:00+09:00,0.2018,0.202,0.2018,0.2019,1662.0
2025-05-05 14:10:00+09:00,0.2018,0.2018,0.2016,0.2016,1367.8
2025-05-05 14:15:00+09:00,0.2015,0.2021,0.2015,0.2019,2415.0
2025-05-05 14:20:00+09:00,0.2019,0.2021,0.2019,0.2019,3361.8
2025-05-05 14:25:00+09:00,0.2019,0.2019,0.2018,0.2019,7604.4
2025-05-05 14:30:00+09:00,0.2018,0.202,0.2016,0.2019,4065.8
2025-05-05 14:35:00+09:00,0.2019,0.202,0.2018,0.2019,6210.1
2025-05-05 14:40:00+09:00,0.2019,0.202,0.2018,0.2018,588.9
2025-05-05 14:45:00+09:00,0.2018,0.2021,0.2018,0.2021,1378.8
2025-05-05 14:50:00+09:00,0.202,0.2022,0.202,0.2022,3528.3
2025-05-05 14:55:00+09:00,0.2021,0.2027,0.2021,0.2027,6983.3
2025-05-05 15:00:00+09:00,0.2027,0.2029,0.2025,0.2026,10066.6
2025-05-05 15:05:00+09:00,0.2026,0.2027,0.2025,0.2025,8231.2
2025-05-05 15:10:00+09:00,0.2024,0.2024,0.2019,0.2022,25168.9
2025-05-05 15:15:00+09:00,0.2023,0.2029,0.2023,0.2028,9239.0
2025-05-05 15:20:00+09:00,0.2026,0.2026,0.2025,0.2025,10400.2
2025-05-05 15:25:00+09:00,0.2025,0.2025,0.2019,0.202,3848.6
2025-05-05 15:30:00+09:00,0.202,0.2021,0.2017,0.2019,10739.8
2025-05-05 15:35:00+09:00,0.2019,0.203,0.2019,0.2029,26907.7
2025-05-05 15:40:00+09:00,0.2028,0.203,0.2024,0.2024,9778.4
2025-05-05 15:45:00+09:00,0.2024,0.2028,0.2024,0.2027,2400.8
2025-05-05 15:50:00+09:00,0.2028,0.2029,0.2027,0.2029,3734.8
2025-05-05 15:55:00+09:00,0.2031,0.2031,0.2029,0.2029,5713.1
2025-05-05 16:00:00+09:00,0.2029,0.2029,0.2025,0.2026,4790.5
2025-05-05 16:05:00+09:00,0.2025,0.2025,0.2023,0.2025,2455.5
2025-05-05 16:10:00+09:00,0.2023,0.2023,0.2022,0.2023,3140.5
2025-05-05 16:15:00+09:00,0.2024,0.2028,0.2022,0.2026,6659.5
2025-05-05 16:20:00+09:00,0.2027,0.203,0.2027,0.203,2295.8
2025-05-05 16:25:00+09:00,0.203,0.203,0.2024,0.2025,7428.3
2025-05-05 16:30:00+09:00,0.2027,0.2031,0.2027,0.2029,6080.3
2025-05-05 16:35:00+09:00,0.2029,0.203,0.2028,0.2029,13235.9
2025-05-05 16:40:00+09:00,0.2029,0.2035,0.2029,0.2035,3342.2
2025-05-05 16:45:00+09:00,0.2035,0.2038,0.2034,0.2038,10818.1
2025-05-05 16:50:00+09:00,0.2039,0.2039,0.2037,0.2039,3646.8
2025-05-05 16:55:00+09:00,0.2038,0.2038,0.2037,0.2037,890.4
2025-05-05 17:00:00+09:00,0.2037,0.2039,0.2034,0.2035,6116.0
2025-05-05 17:05:00+09:00,0.2034,0.2034,0.2031,0.2032,2278.1
2025-05-05 17:10:00+09:00,0.2032,0.2032,0.2029,0.203,2166.4
2025-05-05 17:15:00+09:00,0.203,0.2036,0.203,0.2034,11494.9
2025-05-05 17:20:00+09:00,0.2034,0.2034,0.2029,0.203,4348.9
2025-05-05 17:25:00+09:00,0.2031,0.2032,0.203,0.2031,3577.1
2025-05-05 17:30:00+09:00,0.2032,0.2032,0.2025,0.2029,28164.9
2025-05-05 17:35:00+09:00,0.2031,0.2037,0.2031,0.2035,3368.2
2025-05-05 17:40:00+09:00,0.2034,0.2035,0.2034,0.2035,1070.1
2025-05-05 17:45:00+09:00,0.2036,0.2037,0.2034,0.2034,2724.2
2025-05-05 17:50:00+09:00,0.2034,0.2035,0.2031,0.2032,3463.8
2025-05-05 17:55:00+09:00,0.2033,0.2034,0.2033,0.2034,741.4
2025-05-05 18:00:00+09:00,0.2034,0.2035,0.2028,0.2028,6740.6
2025-05-05 18:05:00+09:00,0.2028,0.2037,0.2027,0.2037,12686.8
2025-05-05 18:10:00+09:00,0.2035,0.2035,0.2029,0.2031,18977.2
2025-05-05 18:15:00+09:00,0.2031,0.2033,0.2031,0.2032,4722.1
2025-05-05 18:20:00+09:00,0.2032,0.2035,0.2032,0.2033,1861.9
2025-05-05 18:25:00+09:00,0.2034,0.2034,0.203,0.203,2706.5
2025-05-05 18:30:00+09:00,0.2031,0.2033,0.2031,0.2031,831.9
2025-05-05 18:35:00+09:00,0.2031,0.2031,0.2027,0.2028,28446.4
2025-05-05 18:40:00+09:00,0.2028,0.203,0.2026,0.2027,28470.3
2025-05-05 18:45:00+09:00,0.2027,0.2028,0.2026,0.2026,1262.7
2025-05-05 18:50:00+09:00,0.2028,0.2028,0.2027,0.2027,858.0
2025-05-05 18:55:00+09:00,0.2026,0.2026,0.2023,0.2023,3747.3
2025-05-05 19:00:00+09:00,0.2024,0.2024,0.2012,0.2013,6124.8
2025-05-05 19:05:00+09:00,0.2013,0.2015,0.2008,0.2008,47707.3
2025-05-05 19:10:00+09:00,0.2008,0.2008,0.1998,0.2001,41076.2
2025-05-05 19:15:00+09:00,0.2001,0.2001,0.1994,0.1998,28620.3
2025-05-05 19:20:00+09:00,0.1998,0.1998,0.1995,0.1995,11597.6
2025-05-05 19:25:00+09:00,0.1996,0.1998,0.1993,0.1993,17522.9
2025-05-05 19:30:00+09:00,0.199,0.1996,0.199,0.1992,14658.1
2025-05-05 19:35:00+09:00,0.1993,0.1993,0.1983,0.1984,60929.9
2025-05-05 19:40:00+09:00,0.1985,0.199,0.1984,0.1985,13038.1
2025-05-05 19:45:00+09:00,0.1984,0.1984,0.1967,0.197,40238.7
2025-05-05 19:50:00+09:00,0.197,0.1978,0.197,0.1978,41038.9
2025-05-05 19:55:00+09:00,0.1979,0.1982,0.1979,0.1982,19671.2
2025-05-05 20:00:00+09:00,0.1983,0.1995,0.1983,0.1991,19169.5
2025-05-05 20:05:00+09:00,0.1992,0.1997,0.1991,0.1995,10821.3
2025-05-05 20:10:00+09:00,0.1995,0.1998,0.1995,0.1997,3373.7
2025-05-05 20:15:00+09:00,0.1997,0.2,0.1997,0.1998,5189.2
2025-05-05 20:20:00+09:00,0.2,0.2,0.1991,0.1991,18814.8
2025-05-05 20:25:00+09:00,0.1992,0.1992,0.1986,0.1987,17130.1
2025-05-05 20:30:00+09:00,0.1987,0.1989,0.1984,0.1984,10501.5
2025-05-05 20:35:00+09:00,0.1986,0.1987,0.1981,0.1981,3037.7
2025-05-05 20:40:00+09:00,0.1981,0.1982,0.1981,0.1981,2015.6
2025-05-05 20:45:00+09:00,0.1983,0.1986,0.1983,0.1984,6885.2
2025-05-05 20:50:00+09:00,0.1985,0.1988,0.1985,0.1988,5574.9
2025-05-05 20:55:00+09:00,0.1988,0.199,0.1988,0.1989,5228.6
2025-05-05 21:00:00+09:00,0.1988,0.1988,0.198,0.198,7424.3
2025-05-05 21:05:00+09:00,0.1983,0.1989,0.1983,0.1989,9965.3
2025-05-05 21:10:00+09:00,0.1993,0.1995,0.1991,0.1995,7262.3
2025-05-05 21:15:00+09:00,0.1995,0.1997,0.1993,0.1993,9391.4
2025-05-05 21:20:00+09:00,0.1994,0.1996,0.1994,0.1996,1705.0
2025-05-05 21:25:00+09:00,0.1996,0.1998,0.1996,0.1997,3659.9
2025-05-05 21:30:00+09:00,0.1998,0.1998,0.1994,0.1996,1431.7
2025-05-05 21:35:00+09:00,0.1995,0.1996,0.1994,0.1996,386.4
2025-05-05 21:40:00+09:00,0.1995,0.1996,0.1994,0.1995,9102.5
2025-05-05 21:45:00+09:00,0.1995,0.1995,0.199,0.1992,3792.5
2025-05-05 21:50:00+09:00,0.1992,0.1992,0.1983,0.1985,1760.2
2025-05-05 21:55:00+09:00,0.1985,0.1987,0.1984,0.1987,10069.0
2025-05-05 22:00:00+09:00,0.1987,0.199,0.1985,0.1987,7321.7
2025-05-05 22:05:00+09:00,0.1989,0.1991,0.1979,0.1979,2814.7
2025-05-05 22:10:00+09:00,0.198,0.1984,0.198,0.1984,18970.8
2025-05-05 22:15:00+09:00,0.1985,0.1987,0.1983,0.1987,8892.2
2025-05-05 22:20:00+09:00,0.1986,0.1991,0.1986,0.1989,2890.7
2025-05-05 22:25:00+09:00,0.1989,0.1989,0.198,0.198,2654.5
2025-05-05 22:30:00+09:00,0.198,0.1984,0.1974,0.1981,18061.8
2025-05-05 22:35:00+09:00,0.1984,0.199,0.1973,0.1974,16066.1
2025-05-05 22:40:00+09:00,0.1974,0.1983,0.1973,0.1981,4089.6
2025-05-05 22:45:00+09:00,0.1981,0.1985,0.1978,0.198,22532.6
2025-05-05 22:50:00+09:00,0.1982,0.1986,0.198,0.1983,5640.5
2025-05-05 22:55:00+09:00,0.1986,0.1999,0.1985,0.1998,32248.6
2025-05-05 23:00:00+09:00,0.2001,0.201,0.2001,0.2003,20708.1
2025-05-05 23:05:00+09:00,0.2001,0.2005,0.1995,0.2,17850.9
2025-05-05 23:10:00+09:00,0.2,0.2003,0.1997,0.1997,15435.6
2025-05-05 23:15:00+09:00,0.1996,0.2004,0.1994,0.2003,19257.7
2025-05-05 23:20:00+09:00,0.2003,0.2006,0.1994,0.1995,20537.2
2025-05-05 23:25:00+09:00,0.1994,0.2001,0.1994,0.1999,13084.5
2025-05-05 23:30:00+09:00,0.1998,0.1998,0.1996,0.1998,5280.0
2025-05-05 23:35:00+09:00,0.1996,0.2004,0.1993,0.2004,21933.8
2025-05-05 23:40:00+09:00,0.2004,0.2006,0.2002,0.2002,7742.7
2025-05-05 23:45:00+09:00,0.2004,0.2007,0.2004,0.2005,5754.6
2025-05-05 23:50:00+09:00,0.2004,0.2006,0.2002,0.2002,8113.7
2025-05-05 23:55:00+09:00,0.2002,0.2004,0.2001,0.2004,11849.9
2025-05-06 00:00:00+09:00,0.2003,0.2011,0.2003,0.2011,6275.5
2025-05-06 00:05:00+09:00,0.201,0.201,0.2003,0.2003,15604.6
2025-05-06 00:10:00+09:00,0.2005,0.2009,0.2005,0.2008,11042.8
2025-05-06 00:15:00+09:00,0.2007,0.2007,0.2001,0.2006,10577.9
2025-05-06 00:20:00+09:00,0.2007,0.201,0.2006,0.2008,3542.2
2025-05-06 00:25:00+09:00,0.2007,0.2008,0.2007,0.2008,874.7
2025-05-06 00:30:00+09:00,0.2007,0.2009,0.2004,0.2005,15942.7
2025-05-06 00:35:00+09:00,0.2004,0.2008,0.2,0.2002,24589.0
2025-05-06 00:40:00+09:00,0.2003,0.2005,0.1989,0.199,16489.3
2025-05-06 00:45:00+09:00,0.1988,0.1992,0.1985,0.1987,11389.4
2025-05-06 00:50:00+09:00,0.1988,0.1997,0.1988,0.1996,5739.5
2025-05-06 00:55:00+09:00,0.1996,0.1996,0.1994,0.1995,6598.4
2025-05-06 01:00:00+09:00,0.1996,0.2003,0.1995,0.2001,12408.3
2025-05-06 01:05:00+09:00,0.2001,0.2004,0.2001,0.2001,4828.7
2025-05-06 01:10:00+09:00,0.2001,0.2007,0.2001,0.2002,8721.1
2025-05-06 01:15:00+09:00,0.2004,0.2017,0.2004,0.2015,5871.8
2025-05-06 01:20:00+09:00,0.2014,0.2016,0.201,0.2011,17661.5
2025-05-06 01:25:00+09:00,0.2012,0.2014,0.2011,0.2013,4917.6
2025-05-06 01:30:00+09:00,0.2014,0.2015,0.2011,0.2013,15690.6
2025-05-06 01:35:00+09:00,0.2013,0.2024,0.2011,0.2014,77453.5
2025-05-06 01:40:00+09:00,0.2014,0.2014,0.2012,0.2014,4926.4
2025-05-06 01:45:00+09:00,0.2016,0.2016,0.2015,0.2015,4376.4
2025-05-06 01:50:00+09:00,0.2015,0.2015,0.2008,0.2009,3614.9
2025-05-06 01:55:00+09:00,0.2009,0.201,0.2007,0.2009,6336.8
2025-05-06 02:00:00+09:00,0.2007,0.2008,0.2001,0.2006,17247.5
2025-05-06 02:05:00+09:00,0.2006,0.2006,0.2,0.2002,5552.7
2025-05-06 02:10:00+09:00,0.2004,0.2006,0.2003,0.2005,9024.4
2025-05-06 02:15:00+09:00,0.2004,0.2009,0.2003,0.2008,7972.8
2025-05-06 02:20:00+09:00,0.2012,0.2016,0.2011,0.2016,19800.0
2025-05-06 02:25:00+09:00,0.2019,0.2023,0.2016,0.2021,6001.8
2025-05-06 02:30:00+09:00,0.2022,0.2024,0.2021,0.2024,25783.2
2025-05-06 02:35:00+09:00,0.2024,0.2029,0.2024,0.2029,9450.5
2025-05-06 02:40:00+09:00,0.2032,0.2033,0.2029,0.2031,4005.6
2025-05-06 02:45:00+09:00,0.203,0.2032,0.2028,0.2031,22621.1
2025-05-06 02:50:00+09:00,0.2032,0.2032,0.2028,0.203,6127.6
2025-05-06 02:55:00+09:00,0.2031,0.2035,0.2029,0.2029,14256.8
2025-05-06 03:00:00+09:00,0.203,0.203,0.2026,0.203,5660.1
2025-05-06 03:05:00+09:00,0.2029,0.2034,0.2028,0.2033,3210.3
2025-05-06 03:10:00+09:00,0.2033,0.2036,0.2032,0.2036,7273.3
2025-05-06 03:15:00+09:00,0.2036,0.2036,0.2035,0.2036,14291.6
2025-05-06 03:20:00+09:00,0.2035,0.2035,0.2034,0.2034,2420.0
2025-05-06 03:25:00+09:00,0.2035,0.2035,0.2033,0.2034,6503.0
2025-05-06 03:30:00+09:00,0.2035,0.2044,0.2034,0.2043,7956.0
2025-05-06 03:35:00+09:00,0.2042,0.205,0.2042,0.2044,10718.2
2025-05-06 03:40:00+09:00,0.2043,0.2045,0.2043,0.2044,5266.0
2025-05-06 03:45:00+09:00,0.2045,0.2049,0.2045,0.2045,3290.3
2025-05-06 03:50:00+09:00,0.2045,0.2045,0.204,0.204,1887.8
2025-05-06 03:55:00+09:00,0.2041,0.2041,0.2041,0.2041,1342.0
2025-05-06 04:00:00+09:00,0.204,0.204,0.2037,0.204,21978.1
2025-05-06 04:05:00+09:00,0.2041,0.2041,0.2036,0.2038,4788.1
2025-05-06 04:10:00+09:00,0.2036,0.2036,0.2033,0.2034,4928.1
2025-05-06 04:15:00+09:00,0.2036,0.2036,0.2031,0.2031,9636.0
2025-05-06 04:20:00+09:00,0.2031,0.2032,0.2026,0.2027,8353.2
2025-05-06 04:25:00+09:00,0.2027,0.2027,0.2026,0.2026,3606.2
2025-05-06 04:30:00+09:00,0.2025,0.2025,0.2019,0.2019,7931.4
2025-05-06 04:35:00+09:00,0.2019,0.2023,0.2014,0.2014,5570.1
2025-05-06 04:40:00+09:00,0.2014,0.2016,0.2012,0.2014,23039.9
2025-05-06 04:45:00+09:00,0.2014,0.2014,0.2012,0.2014,3311.1
2025-05-06 04:50:00+09:00,0.2015,0.2016,0.2011,0.2011,7591.0
2025-05-06 04:55:00+09:00,0.2011,0.2014,0.201,0.2014,8895.2
2025-05-06 05:00:00+09:00,0.2014,0.2014,0.2005,0.2008,54482.5
2025-05-06 05:05:00+09:00,0.2007,0.2007,0.2003,0.2003,7221.3
2025-05-06 05:10:00+09:00,0.2002,0.2003,0.1999,0.2003,27624.5
2025-05-06 05:15:00+09:00,0.2003,0.2008,0.2003,0.2007,3458.1
2025-05-06 05:20:00+09:00,0.2007,0.2007,0.2002,0.2002,13564.1
2025-05-06 05:25:00+09:00,0.2003,0.2004,0.2001,0.2001,3557.0
2025-05-06 05:30:00+09:00,0.2,0.2,0.1984,0.1984,13403.2
2025-05-06 05:35:00+09:00,0.1984,0.1987,0.1981,0.1987,22703.0
2025-05-06 05:40:00+09:00,0.1985,0.1985,0.1981,0.1982,9150.7
2025-05-06 05:45:00+09:00,0.1983,0.1983,0.1979,0.1982,4893.3
2025-05-06 05:50:00+09:00,0.1984,0.199,0.1984,0.1989,3991.2
2025-05-06 05:55:00+09:00,0.1992,0.1993,0.1992,0.1992,8547.8
2025-05-06 06:00:00+09:00,0.1993,0.2001,0.1993,0.2001,5204.9
2025-05-06 06:05:00+09:00,0.1998,0.2,0.1997,0.2,2159.4
2025-05-06 06:10:00+09:00,0.2003,0.2008,0.2003,0.2007,9426.9
2025-05-06 06:15:00+09:00,0.2007,0.2011,0.2007,0.2007,18963.2
2025-05-06 06:20:00+09:00,0.2008,0.201,0.2008,0.201,784.8
2025-05-06 06:25:00+09:00,0.201,0.2012,0.201,0.2012,7660.6
2025-05-06 06:30:00+09:00,0.201,0.2011,0.1999,0.2003,18090.7
2025-05-06 06:35:00+09:00,0.2004,0.2006,0.2004,0.2006,6461.1
2025-05-06 06:40:00+09:00,0.2005,0.2006,0.2004,0.2004,3042.6
2025-05-06 06:45:00+09:00,0.2004,0.2004,0.2004,0.2004,1023.8
2025-05-06 06:50:00+09:00,0.2005,0.201,0.2005,0.201,6685.3
2025-05-06 06:55:00+09:00,0.2009,0.2009,0.2004,0.2004,2045.0
2025-05-06 07:00:00+09:00,0.2003,0.2011,0.2003,0.201,16873.5
2025-05-06 07:05:00+09:00,0.2006,0.2008,0.2006,0.2007,2141.9
2025-05-06 07:10:00+09:00,0.2007,0.2007,0.2006,0.2006,232.9
2025-05-06 07:15:00+09:00,0.2009,0.2011,0.2009,0.2009,2140.5
2025-05-06 07:20:00+09:00,0.2009,0.2009,0.2008,0.2008,269.2
2025-05-06 07:25:00+09:00,0.2006,0.2007,0.2005,0.2007,2724.8
2025-05-06 07:30:00+09:00,0.2007,0.2009,0.2007,0.2009,3038.7
2025-05-06 07:35:00+09:00,0.2011,0.2015,0.2011,0.2015,7759.1
2025-05-06 07:40:00+09:00,0.2014,0.2019,0.2013,0.2019,3409.9
2025-05-06 07:45:00+09:00,0.2016,0.2016,0.2015,0.2016,2958.1
2025-05-06 07:50:00+09:00,0.2014,0.2019,0.2014,0.2019,8731.0
2025-05-06 07:55:00+09:00,0.2015,0.2015,0.2014,0.2014,1695.0
2025-05-06 08:00:00+09:00,0.2014,0.2017,0.2012,0.2012,3598.3
2025-05-06 08:05:00+09:00,0.2014,0.2014,0.2012,0.2013,15214.2
2025-05-06 08:10:00+09:00,0.2013,0.2016,0.2012,0.2012,6011.5
2025-05-06 08:15:00+09:00,0.2013,0.2017,0.2013,0.2017,7525.5
2025-05-06 08:20:00+09:00,0.2018,0.2019,0.2017,0.2018,4097.0
2025-05-06 08:25:00+09:00,0.2018,0.2018,0.2012,0.2012,8230.2
2025-05-06 08:30:00+09:00,0.2011,0.2016,0.2011,0.2014,9083.6
2025-05-06 08:35:00+09:00,0.2014,0.2017,0.2014,0.2015,2254.2
2025-05-06 08:40:00+09:00,0.2015,0.2015,0.2012,0.2014,5915.0
2025-05-06 08:45:00+09:00,0.2014,0.2015,0.2014,0.2015,2155.4
2025-05-06 08:50:00+09:00,0.2014,0.2014,0.2011,0.2013,4613.0
2025-05-06 08:55:00+09:00,0.2015,0.2015,0.2013,0.2013,2381.8
2025-05-06 09:00:00+09:00,0.2013,0.2015,0.2011,0.2013,7972.0
2025-05-06 09:05:00+09:00,0.2014,0.2017,0.2013,0.2013,11444.0
2025-05-06 09:10:00+09:00,0.2013,0.2017,0.2013,0.2017,11916.2
2025-05-06 09:15:00+09:00,0.2017,0.2017,0.2014,0.2014,7181.6
2025-05-06 09:20:00+09:00,0.2014,0.2015,0.2014,0.2015,1992.7
2025-05-06 09:25:00+09:00,0.2016,0.2029,0.2016,0.2029,19945.7
2025-05-06 09:30:00+09:00,0.203,0.203,0.2021,0.2022,15429.6
2025-05-06 09:35:00+09:00,0.2022,0.2022,0.2017,0.2018,5537.3
2025-05-06 09:40:00+09:00,0.2017,0.2018,0.2016,0.2016,8226.9
2025-05-06 09:45:00+09:00,0.2017,0.2018,0.2013,0.2015,13848.3
2025-05-06 09:50:00+09:00,0.2015,0.2018,0.2015,0.2018,5558.6
2025-05-06 09:55:00+09:00,0.2019,0.2021,0.2019,0.2021,4327.5
2025-05-06 10:00:00+09:00,0.2022,0.2029,0.2021,0.2023,12743.8
2025-05-06 10:05:00+09:00,0.2024,0.2026,0.2017,0.2026,19758.3
2025-05-06 10:10:00+09:00,0.2025,0.2037,0.2023,0.2036,20294.4
2025-05-06 10:15:00+09:00,0.2036,0.2038,0.2034,0.2035,12062.8
2025-05-06 10:20:00+09:00,0.2035,0.2036,0.2033,0.2034,4609.8
2025-05-06 10:25:00+09:00,0.2035,0.2035,0.2033,0.2033,1694.6
2025-05-06 10:30:00+09:00,0.2033,0.2033,0.203,0.2031,6813.5
2025-05-06 10:35:00+09:00,0.203,0.203,0.2018,0.2018,50939.4
2025-05-06 10:40:00+09:00,0.2016,0.2021,0.2016,0.2017,17394.5
2025-05-06 10:45:00+09:00,0.2017,0.2018,0.2012,0.2012,12151.5
2025-05-06 10:50:00+09:00,0.2012,0.2017,0.2012,0.2012,6444.8
2025-05-06 10:55:00+09:00,0.2011,0.2017,0.201,0.201,6462.2
2025-05-06 11:00:00+09:00,0.201,0.2012,0.2008,0.2012,10657.7
2025-05-06 11:05:00+09:00,0.201,0.201,0.2,0.2002,1418.5
2025-05-06 11:10:00+09:00,0.2001,0.2006,0.2001,0.2002,11743.4
2025-05-06 11:15:00+09:00,0.2001,0.2001,0.199,0.199,58896.8
2025-05-06 11:20:00+09:00,0.199,0.199,0.1985,0.1988,6771.0
2025-05-06 11:25:00+09:00,0.1988,0.1992,0.1987,0.1992,3180.9
2025-05-06 11:30:00+09:00,0.199,0.1997,0.1984,0.1992,18049.7
2025-05-06 11:35:00+09:00,0.1993,0.2,0.1992,0.1999,29649.2
2025-05-06 11:40:00+09:00,0.1998,0.2003,0.1998,0.2002,5773.0
2025-05-06 11:45:00+09:00,0.2001,0.2012,0.2001,0.2012,19146.8
2025-05-06 11:50:00+09:00,0.201,0.2012,0.2009,0.2012,4565.5
2025-05-06 11:55:00+09:00,0.201,0.2015,0.201,0.2015,15978.1
2025-05-06 12:00:00+09:00,0.2015,0.2015,0.2012,0.2012,18627.2
2025-05-06 12:05:00+09:00,0.2011,0.2017,0.2011,0.2012,21764.3
2025-05-06 12:10:00+09:00,0.2013,0.2013,0.2011,0.2012,1430.4
2025-05-06 12:15:00+09:00,0.2013,0.2015,0.2013,0.2014,15662.6
2025-05-06 12:20:00+09:00,0.2013,0.2015,0.2009,0.2015,10089.1
2025-05-06 12:25:00+09:00,0.2013,0.2018,0.2013,0.2018,10499.3
2025-05-06 12:30:00+09:00,0.2019,0.2021,0.2018,0.202,9390.8
2025-05-06 12:35:00+09:00,0.2022,0.2023,0.2018,0.2019,34897.3
2025-05-06 12:40:00+09:00,0.2019,0.2026,0.2019,0.2026,17326.1
2025-05-06 12:45:00+09:00,0.2024,0.2028,0.2021,0.2028,15276.7
2025-05-06 12:50:00+09:00,0.2029,0.2029,0.2025,0.2027,16247.2
2025-05-06 12:55:00+09:00,0.2028,0.2029,0.2026,0.2027,7440.2
2025-05-06 13:00:00+09:00,0.2026,0.2026,0.2024,0.2024,4990.3
2025-05-06 13:05:00+09:00,0.2023,0.2025,0.2022,0.2023,2226.9
2025-05-06 13:10:00+09:00,0.2023,0.2023,0.202,0.2021,2110.1
2025-05-06 13:15:00+09:00,0.2022,0.2026,0.2021,0.2026,5422.4
2025-05-06 13:20:00+09:00,0.2027,0.2029,0.2027,0.2028,5488.2
2025-05-06 13:25:00+09:00,0.2028,0.2028,0.2027,0.2028,233.7
2025-05-06 13:30:00+09:00,0.2029,0.2031,0.2028,0.2028,8467.4
2025-05-06 13:35:00+09:00,0.2028,0.2028,0.2023,0.2023,13192.6
2025-05-06 13:40:00+09:00,0.2022,0.2022,0.2019,0.202,1632.8
2025-05-06 13:45:00+09:00,0.2022,0.2022,0.2018,0.202,3473.6
2025-05-06 13:50:00+09:00,0.202,0.202,0.2018,0.202,1336.4
2025-05-06 13:55:00+09:00,0.2019,0.2019,0.2017,0.2017,1229.1
2025-05-06 14:00:00+09:00,0.2018,0.2019,0.2011,0.2011,12688.3
2025-05-06 14:05:00+09:00,0.2011,0.2021,0.2011,0.2019,33186.1
2025-05-06 14:10:00+09:00,0.2019,0.2019,0.2015,0.2015,22744.6
2025-05-06 14:15:00+09:00,0.2014,0.2017,0.2014,0.2014,6331.6
2025-05-06 14:20:00+09:00,0.2012,0.2015,0.2012,0.2012,12995.5
2025-05-06 14:25:00+09:00,0.2011,0.2012,0.201,0.2011,6343.8
2025-05-06 14:30:00+09:00,0.2012,0.2012,0.2004,0.2006,30447.4
2025-05-06 14:35:00+09:00,0.2008,0.2011,0.2008,0.2009,4455.2
2025-05-06 14:40:00+09:00,0.2009,0.2014,0.2009,0.2013,10116.6
2025-05-06 14:45:00+09:00,0.2013,0.2015,0.2012,0.2012,9151.9
2025-05-06 14:50:00+09:00,0.2012,0.2012,0.201,0.201,259.9
2025-05-06 14:55:00+09:00,0.2011,0.2011,0.2008,0.2009,8349.1
2025-05-06 15:00:00+09:00,0.2009,0.201,0.2009,0.201,1528.9
2025-05-06 15:05:00+09:00,0.2013,0.2014,0.2012,0.2014,12850.8
2025-05-06 15:10:00+09:00,0.2013,0.2013,0.2012,0.2012,126.8
2025-05-06 15:15:00+09:00,0.2012,0.2012,0.2011,0.2012,844.0
2025-05-06 15:20:00+09:00,0.2012,0.2012,0.2009,0.2009,638.2
2025-05-06 15:25:00+09:00,0.201,0.201,0.2008,0.2008,538.1
2025-05-06 15:30:00+09:00,0.2007,0.2007,0.2005,0.2005,660.0
2025-05-06 15:35:00+09:00,0.2006,0.2011,0.2006,0.2007,22246.7
2025-05-06 15:40:00+09:00,0.2006,0.2007,0.2006,0.2007,9821.3
2025-05-06 15:45:00+09:00,0.2008,0.2009,0.2006,0.2009,7308.4
2025-05-06 15:50:00+09:00,0.2008,0.2008,0.2006,0.2008,987.4
2025-05-06 15:55:00+09:00,0.2007,0.2011,0.2007,0.2011,3274.7
2025-05-06 16:00:00+09:00,0.2011,0.2018,0.2011,0.2018,22545.4
2025-05-06 16:05:00+09:00,0.2017,0.2017,0.2013,0.2013,26501.9
2025-05-06 16:10:00+09:00,0.2014,0.2015,0.2014,0.2015,2713.3
2025-05-06 16:15:00+09:00,0.2014,0.2014,0.2008,0.2009,3311.3
2025-05-06 16:20:00+09:00,0.2009,0.2011,0.2009,0.201,7884.7
2025-05-06 16:25:00+09:00,0.201,0.201,0.2007,0.2007,9233.5
2025-05-06 16:30:00+09:00,0.2007,0.201,0.2007,0.201,4997.0
2025-05-06 16:35:00+09:00,0.2009,0.201,0.2005,0.2005,12870.7
2025-05-06 16:40:00+09:00,0.2001,0.2008,0.2001,0.2008,19816.7
2025-05-06 16:45:00+09:00,0.2009,0.2009,0.2006,0.2006,7423.8
2025-05-06 16:50:00+09:00,0.2006,0.2006,0.2004,0.2004,4139.2
2025-05-06 16:55:00+09:00,0.2004,0.2005,0.2004,0.2005,769.8
2025-05-06 17:00:00+09:00,0.2005,0.2005,0.1999,0.2003,37246.0
2025-05-06 17:05:00+09:00,0.2,0.2002,0.1999,0.2,17219.1
2025-05-06 17:10:00+09:00,0.1998,0.2001,0.1995,0.1995,36472.7
2025-05-06 17:15:00+09:00,0.1996,0.1997,0.1989,0.1989,42346.1
2025-05-06 17:20:00+09:00,0.1986,0.1986,0.198,0.198,8637.3
2025-05-06 17:25:00+09:00,0.1979,0.1982,0.1979,0.1981,3565.1
2025-05-06 17:30:00+09:00,0.1983,0.1996,0.1983,0.1996,8734.3
2025-05-06 17:35:00+09:00,0.1996,0.2002,0.1996,0.2001,13447.9
2025-05-06 17:40:00+09:00,0.2,0.2001,0.1999,0.2001,885.7
2025-05-06 17:45:00+09:00,0.2002,0.2004,0.2001,0.2001,4378.4
2025-05-06 17:50:00+09:00,0.2,0.2007,0.2,0.2007,12627.5
2025-05-06 17:55:00+09:00,0.2006,0.2006,0.2004,0.2005,13069.6
2025-05-06 18:00:00+09:00,0.2005,0.2005,0.1952,0.1978,808813.3
2025-05-06 18:05:00+09:00,0.1978,0.1987,0.1978,0.1983,20539.6
2025-05-06 18:10:00+09:00,0.1984,0.1986,0.1982,0.1983,15788.8
2025-05-06 18:15:00+09:00,0.1985,0.1985,0.1979,0.1979,33865.4
2025-05-06 18:20:00+09:00,0.1981,0.1984,0.1981,0.1982,1868.9
2025-05-06 18:25:00+09:00,0.1983,0.1986,0.1983,0.1986,2016.6
2025-05-06 18:30:00+09:00,0.1985,0.199,0.1981,0.1982,15380.6
2025-05-06 18:35:00+09:00,0.1984,0.1985,0.1972,0.1972,30367.8
2025-05-06 18:40:00+09:00,0.197,0.1975,0.1967,0.1967,37601.0
2025-05-06 18:45:00+09:00,0.1967,0.197,0.1961,0.197,12575.4
2025-05-06 18:50:00+09:00,0.1968,0.1975,0.1967,0.1975,24360.5
2025-05-06 18:55:00+09:00,0.1978,0.1979,0.1975,0.1977,16969.7
2025-05-06 19:00:00+09:00,0.1976,0.1976,0.1963,0.1964,32295.2
2025-05-06 19:05:00+09:00,0.1962,0.1962,0.1958,0.1961,21829.0
2025-05-06 19:10:00+09:00,0.196,0.1961,0.1957,0.1958,14660.2
2025-05-06 19:15:00+09:00,0.1956,0.196,0.1955,0.196,12004.8
2025-05-06 19:20:00+09:00,0.1961,0.1962,0.1944,0.1947,34717.3
2025-05-06 19:25:00+09:00,0.1947,0.1952,0.1947,0.1948,6031.2
2025-05-06 19:30:00+09:00,0.1946,0.1955,0.1944,0.1953,116648.3
2025-05-06 19:35:00+09:00,0.1955,0.1959,0.1946,0.1946,36559.6
2025-05-06 19:40:00+09:00,0.1948,0.1952,0.1934,0.1937,57485.5
2025-05-06 19:45:00+09:00,0.1935,0.1935,0.1919,0.1922,84144.0
2025-05-06 19:50:00+09:00,0.192,0.1924,0.1907,0.1917,141101.5
2025-05-06 19:55:00+09:00,0.1917,0.1917,0.1905,0.1909,70348.1
2025-05-06 20:00:00+09:00,0.1909,0.192,0.1904,0.1919,44528.4
2025-05-06 20:05:00+09:00,0.192,0.192,0.1906,0.1914,118222.3
2025-05-06 20:10:00+09:00,0.1915,0.1925,0.1915,0.1921,66747.0
2025-05-06 20:15:00+09:00,0.192,0.1924,0.1917,0.1922,17347.7
2025-05-06 20:20:00+09:00,0.1923,0.1924,0.192,0.1922,5656.7
2025-05-06 20:25:00+09:00,0.1922,0.1922,0.1918,0.1919,22570.2
2025-05-06 20:30:00+09:00,0.1919,0.1922,0.1908,0.1916,37732.8
2025-05-06 20:35:00+09:00,0.1914,0.1923,0.1911,0.1911,41239.1
2025-05-06 20:40:00+09:00,0.191,0.1911,0.1907,0.1909,32817.6
2025-05-06 20:45:00+09:00,0.1909,0.1912,0.1901,0.1904,12575.6
2025-05-06 20:50:00+09:00,0.1906,0.1906,0.1893,0.1898,29546.0
2025-05-06 20:55:00+09:00,0.1899,0.191,0.1898,0.191,16507.3
2025-05-06 21:00:00+09:00,0.1909,0.191,0.1903,0.1909,24665.3
2025-05-06 21:05:00+09:00,0.1909,0.1923,0.1909,0.1919,58597.0
2025-05-06 21:10:00+09:00,0.1918,0.1918,0.1908,0.1909,27694.8
2025-05-06 21:15:00+09:00,0.191,0.191,0.1903,0.1909,29871.3
2025-05-06 21:20:00+09:00,0.191,0.191,0.1899,0.1899,6312.6
2025-05-06 21:25:00+09:00,0.1896,0.1902,0.1896,0.1902,7328.6
2025-05-06 21:30:00+09:00,0.1904,0.1906,0.1901,0.1903,16440.9
2025-05-06 21:35:00+09:00,0.1903,0.1904,0.1895,0.19,11822.7
2025-05-06 21:40:00+09:00,0.1898,0.1902,0.1895,0.19,26768.7
2025-05-06 21:45:00+09:00,0.1899,0.1906,0.1894,0.1903,38023.0
2025-05-06 21:50:00+09:00,0.1901,0.1911,0.1901,0.1908,41516.0
2025-05-06 21:55:00+09:00,0.1908,0.1909,0.1907,0.1909,10005.1
2025-05-06 22:00:00+09:00,0.1911,0.1912,0.1906,0.1909,28647.3
2025-05-06 22:05:00+09:00,0.1907,0.1907,0.1902,0.1902,14693.3
2025-05-06 22:10:00+09:00,0.1902,0.1914,0.1902,0.1911,170231.4
2025-05-06 22:15:00+09:00,0.1914,0.1916,0.1912,0.1916,15125.0
2025-05-06 22:20:00+09:00,0.1914,0.1917,0.1911,0.1913,14444.4
2025-05-06 22:25:00+09:00,0.1913,0.1913,0.1897,0.1897,20273.1
2025-05-06 22:30:00+09:00,0.1899,0.1907,0.1899,0.1904,16561.4
2025-05-06 22:35:00+09:00,0.1905,0.1912,0.1901,0.1912,22480.2
2025-05-06 22:40:00+09:00,0.191,0.1923,0.1909,0.1922,38551.3
2025-05-06 22:45:00+09:00,0.1922,0.1922,0.191,0.1912,35141.9
2025-05-06 22:50:00+09:00,0.191,0.191,0.1896,0.1899,22683.3
2025-05-06 22:55:00+09:00,0.1902,0.1913,0.1902,0.1908,69311.6
2025-05-06 23:00:00+09:00,0.1909,0.1924,0.1905,0.1921,43213.9
2025-05-06 23:05:00+09:00,0.1921,0.1927,0.1916,0.1926,20144.3
2025-05-06 23:10:00+09:00,0.1925,0.1927,0.1921,0.1921,36285.4
2025-05-06 23:15:00+09:00,0.1919,0.1929,0.1919,0.1927,28170.9
2025-05-06 23:20:00+09:00,0.1928,0.193,0.1923,0.1925,13514.4
2025-05-06 23:25:00+09:00,0.1924,0.1924,0.1919,0.1919,9538.4
2025-05-06 23:30:00+09:00,0.192,0.192,0.1914,0.1919,7364.8
2025-05-06 23:35:00+09:00,0.1919,0.1922,0.1913,0.1914,7299.1
2025-05-06 23:40:00+09:00,0.1912,0.1913,0.1908,0.1909,5093.2
2025-05-06 23:45:00+09:00,0.1908,0.1908,0.1903,0.1904,14200.7
2025-05-06 23:50:00+09:00,0.1901,0.1901,0.1894,0.1894,53003.2
2025-05-06 23:55:00+09:00,0.1893,0.1894,0.189,0.1892,28010.7
2025-05-07 00:00:00+09:00,0.1891,0.1898,0.1887,0.1889,163385.7
2025-05-07 00:05:00+09:00,0.1888,0.1892,0.1879,0.188,93381.4
2025-05-07 00:10:00+09:00,0.188,0.189,0.1878,0.189,30499.4
2025-05-07 00:15:00+09:00,0.1891,0.1902,0.1884,0.1902,32400.3
2025-05-07 00:20:00+09:00,0.1901,0.1906,0.1899,0.1906,79141.9
2025-05-07 00:25:00+09:00,0.1907,0.1913,0.1907,0.1908,10349.7
2025-05-07 00:30:00+09:00,0.191,0.1918,0.1907,0.1918,16429.9
2025-05-07 00:35:00+09:00,0.1917,0.1917,0.1905,0.1907,56044.9
2025-05-07 00:40:00+09:00,0.1907,0.1907,0.1898,0.1899,14364.3
2025-05-07 00:45:00+09:00,0.1899,0.19,0.1894,0.1899,18440.4
2025-05-07 00:50:00+09:00,0.1899,0.1901,0.1894,0.1895,11656.7
2025-05-07 00:55:00+09:00,0.1896,0.19,0.1896,0.1898,13423.9
2025-05-07 01:00:00+09:00,0.1898,0.1899,0.1894,0.1898,14459.3
2025-05-07 01:05:00+09:00,0.1897,0.1902,0.189,0.189,11121.4
2025-05-07 01:10:00+09:00,0.1889,0.1906,0.1889,0.1906,54479.9
2025-05-07 01:15:00+09:00,0.1905,0.1909,0.1899,0.1905,18461.5
2025-05-07 01:20:00+09:00,0.1903,0.1903,0.1894,0.1894,10561.0
2025-05-07 01:25:00+09:00,0.1895,0.19,0.1894,0.19,5046.8
2025-05-07 01:30:00+09:00,0.1901,0.1907,0.1898,0.1903,23660.5
2025-05-07 01:35:00+09:00,0.1906,0.1906,0.1901,0.1903,9332.3
2025-05-07 01:40:00+09:00,0.1901,0.1903,0.1892,0.1892,5644.4
2025-05-07 01:45:00+09:00,0.189,0.1895,0.189,0.1891,7865.3
2025-05-07 01:50:00+09:00,0.189,0.1891,0.1887,0.189,1518.7
2025-05-07 01:55:00+09:00,0.1889,0.1889,0.1884,0.1885,10148.3
2025-05-07 02:00:00+09:00,0.1886,0.1892,0.1884,0.1884,30726.4
2025-05-07 02:05:00+09:00,0.1884,0.1897,0.1884,0.1897,22097.7
2025-05-07 02:10:00+09:00,0.1897,0.1904,0.1894,0.1904,40144.6
2025-05-07 02:15:00+09:00,0.1905,0.1916,0.1905,0.1916,65307.7
2025-05-07 02:20:00+09:00,0.1919,0.192,0.1908,0.191,12054.2
2025-05-07 02:25:00+09:00,0.1913,0.1916,0.1911,0.1913,3021.2
2025-05-07 02:30:00+09:00,0.1914,0.1915,0.1912,0.1915,3283.3
2025-05-07 02:35:00+09:00,0.1917,0.1926,0.1909,0.1909,148958.0
2025-05-07 02:40:00+09:00,0.1906,0.1906,0.19,0.19,14932.1
2025-05-07 02:45:00+09:00,0.19,0.19,0.1899,0.19,1790.9
2025-05-07 02:50:00+09:00,0.1902,0.1905,0.1902,0.1902,11478.8
2025-05-07 02:55:00+09:00,0.1903,0.1904,0.1903,0.1904,559.7
2025-05-07 03:00:00+09:00,0.1904,0.1911,0.1904,0.191,29673.0
2025-05-07 03:05:00+09:00,0.1909,0.1918,0.1908,0.1918,8665.6
2025-05-07 03:10:00+09:00,0.1918,0.1918,0.1911,0.1914,15177.0
2025-05-07 03:15:00+09:00,0.1918,0.1921,0.1918,0.1918,10522.2
2025-05-07 03:20:00+09:00,0.1919,0.1924,0.1917,0.1921,45951.4
2025-05-07 03:25:00+09:00,0.1922,0.1922,0.1919,0.1922,7520.5
2025-05-07 03:30:00+09:00,0.1921,0.1921,0.1916,0.1916,3040.8
2025-05-07 03:35:00+09:00,0.1915,0.1918,0.1915,0.1918,11540.9
2025-05-07 03:40:00+09:00,0.1916,0.1916,0.1914,0.1914,1700.7
2025-05-07 03:45:00+09:00,0.1913,0.1917,0.1912,0.1917,3203.2
2025-05-07 03:50:00+09:00,0.1918,0.192,0.1914,0.192,6140.3
2025-05-07 03:55:00+09:00,0.1923,0.1932,0.1923,0.1932,20545.1
2025-05-07 04:00:00+09:00,0.1932,0.1939,0.1931,0.1932,14542.8
2025-05-07 04:05:00+09:00,0.1929,0.193,0.1925,0.1925,2678.1
2025-05-07 04:10:00+09:00,0.1923,0.1923,0.192,0.192,3549.8
2025-05-07 04:15:00+09:00,0.192,0.1923,0.1918,0.1918,5720.1
2025-05-07 04:20:00+09:00,0.192,0.1922,0.192,0.1922,2036.4
2025-05-07 04:25:00+09:00,0.1922,0.1924,0.1921,0.1923,4844.7
2025-05-07 04:30:00+09:00,0.1923,0.1927,0.192,0.1927,7682.5
2025-05-07 04:35:00+09:00,0.1929,0.1929,0.1922,0.1922,5833.0
2025-05-07 04:40:00+09:00,0.1922,0.1925,0.192,0.1925,2513.4
2025-05-07 04:45:00+09:00,0.1923,0.1923,0.1919,0.192,5697.4
2025-05-07 04:50:00+09:00,0.1918,0.1918,0.1912,0.1912,3066.0
2025-05-07 04:55:00+09:00,0.1912,0.1918,0.1912,0.1912,17368.7
2025-05-07 05:00:00+09:00,0.1911,0.1913,0.1907,0.1913,11172.2
2025-05-07 05:05:00+09:00,0.1914,0.1919,0.1913,0.1914,9009.2
2025-05-07 05:10:00+09:00,0.1914,0.192,0.1914,0.192,2049.6
2025-05-07 05:15:00+09:00,0.1919,0.1919,0.1916,0.1916,6650.5
2025-05-07 05:20:00+09:00,0.1915,0.1915,0.1906,0.1906,12169.8
2025-05-07 05:25:00+09:00,0.1905,0.1906,0.1901,0.1901,10191.9
2025-05-07 05:30:00+09:00,0.1901,0.1901,0.1889,0.189,10552.1
2025-05-07 05:35:00+09:00,0.1888,0.1895,0.1886,0.1892,53664.1
2025-05-07 05:40:00+09:00,0.1891,0.1896,0.1888,0.1896,15687.0
2025-05-07 05:45:00+09:00,0.1898,0.1898,0.1891,0.1891,3561.3
2025-05-07 05:50:00+09:00,0.1889,0.1893,0.1888,0.1892,4191.9
2025-05-07 05:55:00+09:00,0.1891,0.1894,0.1889,0.1892,6135.2
2025-05-07 06:00:00+09:00,0.1893,0.1899,0.1893,0.1896,1208.0
2025-05-07 06:05:00+09:00,0.1897,0.1899,0.1895,0.1897,1812.7
2025-05-07 06:10:00+09:00,0.1896,0.1896,0.1883,0.1884,104372.8
2025-05-07 06:15:00+09:00,0.1884,0.1887,0.1883,0.1887,20489.6
2025-05-07 06:20:00+09:00,0.1887,0.1888,0.188,0.1881,8182.1
2025-05-07 06:25:00+09:00,0.188,0.188,0.1862,0.1865,18081.5
2025-05-07 06:30:00+09:00,0.1864,0.187,0.186,0.187,46075.3
2025-05-07 06:35:00+09:00,0.1868,0.187,0.1855,0.1869,18508.9
2025-05-07 06:40:00+09:00,0.1868,0.1875,0.1864,0.1873,55131.8
2025-05-07 06:45:00+09:00,0.1876,0.1889,0.1876,0.1889,20808.9
2025-05-07 06:50:00+09:00,0.1889,0.1902,0.1889,0.1902,914.4
2025-05-07 06:55:00+09:00,0.1901,0.1902,0.1891,0.1893,18674.6
2025-05-07 07:00:00+09:00,0.1894,0.1927,0.1894,0.1925,148544.6
2025-05-07 07:05:00+09:00,0.1925,0.1933,0.1925,0.1931,48130.5
2025-05-07 07:10:00+09:00,0.193,0.193,0.1919,0.1926,35530.0
2025-05-07 07:15:00+09:00,0.1925,0.1933,0.1925,0.193,20423.8
2025-05-07 07:20:00+09:00,0.1933,0.1941,0.1933,0.1938,31322.8
2025-05-07 07:25:00+09:00,0.1939,0.1941,0.1937,0.1941,7925.9
2025-05-07 07:30:00+09:00,0.1941,0.1945,0.1932,0.1934,15730.7
2025-05-07 07:35:00+09:00,0.1935,0.1936,0.1929,0.1931,11374.8
2025-05-07 07:40:00+09:00,0.1933,0.1938,0.1933,0.1935,21469.7
2025-05-07 07:45:00+09:00,0.1935,0.194,0.1935,0.1939,5394.7
2025-05-07 07:50:00+09:00,0.1939,0.1942,0.1938,0.1939,8504.6
2025-05-07 07:55:00+09:00,0.194,0.194,0.1937,0.1938,1111.4
2025-05-07 08:00:00+09:00,0.194,0.194,0.1934,0.1936,4417.2
2025-05-07 08:05:00+09:00,0.1937,0.1938,0.1929,0.1931,24746.4
2025-05-07 08:10:00+09:00,0.1931,0.1949,0.193,0.1936,396981.7
2025-05-07 08:15:00+09:00,0.1937,0.1948,0.1937,0.1948,13660.2
2025-05-07 08:20:00+09:00,0.1949,0.1958,0.1949,0.1958,9493.9
2025-05-07 08:25:00+09:00,0.196,0.1961,0.1957,0.1957,5370.5
2025-05-07 08:30:00+09:00,0.1958,0.1958,0.1952,0.1954,6557.9
2025-05-07 08:35:00+09:00,0.1957,0.1957,0.1953,0.1956,11803.5
2025-05-07 08:40:00+09:00,0.1957,0.1963,0.1957,0.1963,11170.4
2025-05-07 08:45:00+09:00,0.1964,0.1964,0.1964,0.1964,2354.1
2025-05-07 08:50:00+09:00,0.1964,0.1964,0.1958,0.196,29677.6
2025-05-07 08:55:00+09:00,0.196,0.196,0.1956,0.1957,2501.2
2025-05-07 09:00:00+09:00,0.1956,0.1959,0.1954,0.1955,17501.3
2025-05-07 09:05:00+09:00,0.1955,0.1958,0.1947,0.1949,18542.7
2025-05-07 09:10:00+09:00,0.1951,0.1953,0.1947,0.1952,21312.6
2025-05-07 09:15:00+09:00,0.1954,0.196,0.195,0.1954,32699.1
2025-05-07 09:20:00+09:00,0.1955,0.1973,0.1955,0.1968,22293.7
2025-05-07 09:25:00+09:00,0.1969,0.1972,0.1966,0.197,9532.6
2025-05-07 09:30:00+09:00,0.1971,0.1973,0.1967,0.1968,3466.3
2025-05-07 09:35:00+09:00,0.1969,0.197,0.1966,0.1966,7885.2
2025-05-07 09:40:00+09:00,0.1967,0.1971,0.1967,0.1969,3928.1
2025-05-07 09:45:00+09:00,0.1969,0.1969,0.1967,0.1967,1923.3
2025-05-07 09:50:00+09:00,0.1966,0.1968,0.1966,0.1966,5682.4
2025-05-07 09:55:00+09:00,0.1966,0.1969,0.1966,0.1968,3391.9
2025-05-07 10:00:00+09:00,0.197,0.1977,0.1968,0.1974,43439.6
2025-05-07 10:05:00+09:00,0.1976,0.1991,0.1969,0.1983,210468.5
2025-05-07 10:10:00+09:00,0.1984,0.1986,0.1983,0.1984,10776.8
2025-05-07 10:15:00+09:00,0.1984,0.2003,0.1982,0.1993,191668.6
2025-05-07 10:20:00+09:00,0.1993,0.2001,0.1993,0.1998,51151.2
2025-05-07 10:25:00+09:00,0.2001,0.2003,0.1999,0.2,16643.2
2025-05-07 10:30:00+09:00,0.2,0.2016,0.1997,0.2016,88066.2
2025-05-07 10:35:00+09:00,0.2017,0.2017,0.2002,0.2008,60690.5
2025-05-07 10:40:00+09:00,0.2008,0.2014,0.1998,0.2004,113730.8
2025-05-07 10:45:00+09:00,0.2004,0.2018,0.2004,0.2015,100589.1
2025-05-07 10:50:00+09:00,0.2015,0.2015,0.2009,0.201,75114.8
2025-05-07 10:55:00+09:00,0.2011,0.2011,0.2002,0.201,31108.8
2025-05-07 11:00:00+09:00,0.2009,0.2027,0.2005,0.2013,564884.5
2025-05-07 11:05:00+09:00,0.2014,0.2015,0.2,0.2,117951.1
2025-05-07 11:10:00+09:00,0.2001,0.2004,0.1996,0.2001,28135.8
2025-05-07 11:15:00+09:00,0.2,0.2,0.1993,0.1995,10802.2
2025-05-07 11:20:00+09:00,0.1996,0.2002,0.1996,0.2,17169.8
2025-05-07 11:25:00+09:00,0.1998,0.1998,0.1994,0.1996,11763.1
2025-05-07 11:30:00+09:00,0.1999,0.1999,0.1996,0.1998,15700.8
2025-05-07 11:35:00+09:00,0.1999,0.2001,0.1997,0.2,15387.5
2025-05-07 11:40:00+09:00,0.2001,0.2004,0.1996,0.1997,31511.9
2025-05-07 11:45:00+09:00,0.1997,0.2,0.1997,0.1998,5409.7
2025-05-07 11:50:00+09:00,0.1998,0.1998,0.1993,0.1993,1962.0
2025-05-07 11:55:00+09:00,0.1995,0.1995,0.1991,0.1991,3482.6
2025-05-07 12:00:00+09:00,0.1992,0.1994,0.1987,0.1988,30890.3
2025-05-07 12:05:00+09:00,0.1988,0.1989,0.1979,0.198,22628.5
2025-05-07 12:10:00+09:00,0.198,0.1988,0.1979,0.1986,58967.5
2025-05-07 12:15:00+09:00,0.1987,0.1987,0.1981,0.1981,1648.9
2025-05-07 12:20:00+09:00,0.1983,0.1983,0.1976,0.1978,26731.1
2025-05-07 12:25:00+09:00,0.198,0.1993,0.198,0.199,29104.2
2025-05-07 12:30:00+09:00,0.1991,0.2001,0.1991,0.2001,33573.5
2025-05-07 12:35:00+09:00,0.1999,0.2,0.1997,0.2,7116.8
2025-05-07 12:40:00+09:00,0.2002,0.2004,0.2002,0.2002,2775.6
2025-05-07 12:45:00+09:00,0.2001,0.2001,0.1999,0.2,2031.4
2025-05-07 12:50:00+09:00,0.2001,0.2005,0.2001,0.2005,4568.5
2025-05-07 12:55:00+09:00,0.2005,0.2006,0.2001,0.2002,8779.5
2025-05-07 13:00:00+09:00,0.2004,0.201,0.2002,0.201,38366.3
2025-05-07 13:05:00+09:00,0.2012,0.2013,0.2009,0.2012,8970.6
2025-05-07 13:10:00+09:00,0.2016,0.2016,0.201,0.2015,28901.2
2025-05-07 13:15:00+09:00,0.2016,0.2017,0.2013,0.2013,3384.9
2025-05-07 13:20:00+09:00,0.2012,0.2022,0.2012,0.2015,73586.2
2025-05-07 13:25:00+09:00,0.2015,0.2024,0.2015,0.2021,65963.6
2025-05-07 13:30:00+09:00,0.2021,0.204,0.2019,0.203,196829.7
2025-05-07 13:35:00+09:00,0.2031,0.2047,0.2029,0.2037,124477.7
2025-05-07 13:40:00+09:00,0.2037,0.2053,0.2034,0.2049,181066.0
2025-05-07 13:45:00+09:00,0.2049,0.2049,0.204,0.2043,51902.5
2025-05-07 13:50:00+09:00,0.2043,0.2056,0.204,0.2055,133357.9
2025-05-07 13:55:00+09:00,0.2054,0.206,0.2052,0.2053,131973.3
2025-05-07 14:00:00+09:00,0.2053,0.2053,0.2042,0.2047,44607.9
2025-05-07 14:05:00+09:00,0.2046,0.2083,0.2042,0.2073,362166.6
2025-05-07 14:10:00+09:00,0.2073,0.2085,0.207,0.2083,416705.7
2025-05-07 14:15:00+09:00,0.2082,0.2089,0.2073,0.2075,224824.8
2025-05-07 14:20:00+09:00,0.2076,0.2103,0.2076,0.2081,441520.2
2025-05-07 14:25:00+09:00,0.2077,0.2095,0.2076,0.2095,80565.9
2025-05-07 14:30:00+09:00,0.2089,0.2101,0.2077,0.2087,150281.6
2025-05-07 14:35:00+09:00,0.2085,0.2098,0.2084,0.2098,35370.1
2025-05-07 14:40:00+09:00,0.21,0.2102,0.209,0.2094,66598.0
2025-05-07 14:45:00+09:00,0.2094,0.2107,0.2086,0.2106,88536.2
2025-05-07 14:50:00+09:00,0.2106,0.2113,0.2092,0.2096,258793.3
2025-05-07 14:55:00+09:00,0.2096,0.2107,0.2089,0.2107,110060.2
2025-05-07 15:00:00+09:00,0.2107,0.211,0.2103,0.211,77437.4
2025-05-07 15:05:00+09:00,0.2111,0.2123,0.2109,0.2111,75449.4
2025-05-07 15:10:00+09:00,0.2112,0.2122,0.2112,0.2117,30583.7
2025-05-07 15:15:00+09:00,0.2118,0.2133,0.2112,0.2124,220400.6
2025-05-07 15:20:00+09:00,0.2124,0.2133,0.2117,0.2129,37383.2
2025-05-07 15:25:00+09:00,0.2131,0.2141,0.213,0.2141,75670.1
2025-05-07 15:30:00+09:00,0.2137,0.2138,0.2132,0.2134,71865.8
2025-05-07 15:35:00+09:00,0.2132,0.2144,0.2124,0.214,100897.3
2025-05-07 15:40:00+09:00,0.214,0.2146,0.2132,0.2133,68580.7
2025-05-07 15:45:00+09:00,0.2134,0.2138,0.2124,0.2133,80618.7
2025-05-07 15:50:00+09:00,0.2132,0.2154,0.2132,0.2153,53938.1
2025-05-07 15:55:00+09:00,0.2153,0.2156,0.2142,0.2145,119979.4
2025-05-07 16:00:00+09:00,0.2145,0.2147,0.2137,0.2143,88015.3
2025-05-07 16:05:00+09:00,0.2144,0.2153,0.2136,0.2152,66593.8
2025-05-07 16:10:00+09:00,0.2152,0.216,0.2152,0.2152,40416.8
2025-05-07 16:15:00+09:00,0.2151,0.2154,0.2145,0.2151,29749.3
2025-05-07 16:20:00+09:00,0.2153,0.2171,0.2153,0.2169,114159.1
2025-05-07 16:25:00+09:00,0.2167,0.2167,0.2158,0.216,61393.0
2025-05-07 16:30:00+09:00,0.216,0.2163,0.2148,0.216,36611.8
2025-05-07 16:35:00+09:00,0.216,0.2169,0.2157,0.2161,79344.8
2025-05-07 16:40:00+09:00,0.216,0.2207,0.216,0.2207,729999.4
2025-05-07 16:45:00+09:00,0.2206,0.2215,0.2199,0.2204,332520.3
2025-05-07 16:50:00+09:00,0.2205,0.2216,0.2179,0.2179,409860.1
2025-05-07 16:55:00+09:00,0.2179,0.2179,0.2164,0.2167,157409.1
2025-05-07 17:00:00+09:00,0.2166,0.2189,0.2146,0.2184,271020.9
2025-05-07 17:05:00+09:00,0.2182,0.219,0.2171,0.2189,75784.7
2025-05-07 17:10:00+09:00,0.219,0.219,0.213,0.2145,552120.0
2025-05-07 17:15:00+09:00,0.2146,0.2148,0.213,0.213,117406.8
2025-05-07 17:20:00+09:00,0.213,0.2148,0.2118,0.2148,177581.8
2025-05-07 17:25:00+09:00,0.2147,0.2156,0.2117,0.212,223395.2
2025-05-07 17:30:00+09:00,0.2121,0.2137,0.2101,0.2107,498963.2
2025-05-07 17:35:00+09:00,0.2107,0.2115,0.2098,0.2112,191439.6
2025-05-07 17:40:00+09:00,0.2113,0.2113,0.2102,0.211,94715.3
2025-05-07 17:45:00+09:00,0.2111,0.2118,0.2107,0.2108,94245.9
2025-05-07 17:50:00+09:00,0.2109,0.2115,0.2102,0.2114,130171.1
2025-05-07 17:55:00+09:00,0.2111,0.2112,0.2106,0.211,47019.2
2025-05-07 18:00:00+09:00,0.2109,0.2112,0.2102,0.2111,51666.9
2025-05-07 18:05:00+09:00,0.2112,0.2124,0.2108,0.2118,70056.4
2025-05-07 18:10:00+09:00,0.212,0.213,0.2119,0.2128,78702.1
2025-05-07 18:15:00+09:00,0.213,0.2141,0.213,0.2139,84569.6
2025-05-07 18:20:00+09:00,0.2141,0.2146,0.2133,0.2136,49576.8
2025-05-07 18:25:00+09:00,0.214,0.2143,0.2131,0.2135,27644.1
2025-05-07 18:30:00+09:00,0.2135,0.2231,0.2116,0.2128,2692515.9
2025-05-07 18:35:00+09:00,0.2128,0.2133,0.2114,0.2126,243059.8
2025-05-07 18:40:00+09:00,0.2126,0.213,0.2116,0.2119,105212.7
2025-05-07 18:45:00+09:00,0.2118,0.213,0.2118,0.213,26342.9
2025-05-07 18:50:00+09:00,0.213,0.2133,0.2124,0.2126,64472.7
2025-05-07 18:55:00+09:00,0.2127,0.2128,0.2118,0.212,39296.8
2025-05-07 19:00:00+09:00,0.2119,0.2121,0.2116,0.2121,20512.5
2025-05-07 19:05:00+09:00,0.2123,0.2124,0.2114,0.2119,16898.1
2025-05-07 19:10:00+09:00,0.2121,0.2123,0.2116,0.2116,24417.5
2025-05-07 19:15:00+09:00,0.2116,0.2117,0.2105,0.2107,70384.9
2025-05-07 19:20:00+09:00,0.2105,0.211,0.2105,0.2107,20376.8
2025-05-07 19:25:00+09:00,0.2108,0.2114,0.2107,0.2114,37303.5
2025-05-07 19:30:00+09:00,0.2114,0.2132,0.211,0.2125,107313.5
2025-05-07 19:35:00+09:00,0.2127,0.2132,0.2125,0.213,16588.6
2025-05-07 19:40:00+09:00,0.2132,0.2137,0.2131,0.2136,38762.2
2025-05-07 19:45:00+09:00,0.2135,0.2137,0.213,0.2135,32101.9
2025-05-07 19:50:00+09:00,0.2136,0.2136,0.2127,0.2129,20964.5
2025-05-07 19:55:00+09:00,0.213,0.2135,0.2129,0.2135,16806.1
2025-05-07 20:00:00+09:00,0.2136,0.2136,0.2121,0.213,44159.7
2025-05-07 20:05:00+09:00,0.2131,0.2137,0.213,0.2131,25008.3
2025-05-07 20:10:00+09:00,0.2129,0.213,0.2125,0.2128,8506.3
2025-05-07 20:15:00+09:00,0.2126,0.2126,0.2118,0.2122,12693.8
2025-05-07 20:20:00+09:00,0.2123,0.2124,0.2119,0.2122,7690.2
2025-05-07 20:25:00+09:00,0.2122,0.2126,0.2119,0.2122,6974.7
2025-05-07 20:30:00+09:00,0.2122,0.2125,0.2122,0.2125,8615.2
2025-05-07 20:35:00+09:00,0.2124,0.213,0.2124,0.2124,10226.3
2025-05-07 20:40:00+09:00,0.2126,0.2134,0.2126,0.2132,20582.9
2025-05-07 20:45:00+09:00,0.2134,0.2137,0.2128,0.2129,15255.1
2025-05-07 20:50:00+09:00,0.2128,0.2129,0.2124,0.2125,25915.3
2025-05-07 20:55:00+09:00,0.2124,0.2129,0.2124,0.2128,8510.1
2025-05-07 21:00:00+09:00,0.213,0.2135,0.2128,0.213,9655.3
2025-05-07 21:05:00+09:00,0.2126,0.2126,0.2121,0.2126,7138.6
2025-05-07 21:10:00+09:00,0.2127,0.213,0.2126,0.2126,9921.3
2025-05-07 21:15:00+09:00,0.2126,0.2128,0.2123,0.2124,14707.6
2025-05-07 21:20:00+09:00,0.2126,0.2127,0.212,0.2121,5763.0
2025-05-07 21:25:00+09:00,0.2121,0.2121,0.2116,0.2118,10688.2
2025-05-07 21:30:00+09:00,0.2118,0.2118,0.211,0.211,27170.4
2025-05-07 21:35:00+09:00,0.2111,0.2117,0.2111,0.2116,17032.7
2025-05-07 21:40:00+09:00,0.2116,0.2122,0.2111,0.2112,56952.7
2025-05-07 21:45:00+09:00,0.2111,0.2112,0.2107,0.2109,29635.0
2025-05-07 21:50:00+09:00,0.211,0.2119,0.211,0.2119,22281.9
2025-05-07 21:55:00+09:00,0.212,0.2121,0.2117,0.2119,11925.0
2025-05-07 22:00:00+09:00,0.2119,0.2119,0.2112,0.2114,32880.3
2025-05-07 22:05:00+09:00,0.2114,0.2115,0.2111,0.2112,2719.5
2025-05-07 22:10:00+09:00,0.2112,0.2114,0.2108,0.2109,27609.3
2025-05-07 22:15:00+09:00,0.2107,0.2109,0.2103,0.2104,4193.0
2025-05-07 22:20:00+09:00,0.2104,0.2108,0.2101,0.2107,43090.4
2025-05-07 22:25:00+09:00,0.2107,0.2112,0.2107,0.2111,21511.6
2025-05-07 22:30:00+09:00,0.211,0.2118,0.211,0.2114,25295.0
2025-05-07 22:35:00+09:00,0.2113,0.2117,0.2107,0.2117,15345.9
2025-05-07 22:40:00+09:00,0.2118,0.2122,0.2117,0.2122,17918.4
2025-05-07 22:45:00+09:00,0.2124,0.2124,0.2108,0.2108,40832.8
2025-05-07 22:50:00+09:00,0.2109,0.2116,0.2109,0.2113,7540.1
2025-05-07 22:55:00+09:00,0.2113,0.2117,0.2113,0.2117,7154.7
2025-05-07 23:00:00+09:00,0.2116,0.2118,0.2113,0.2115,9327.2
2025-05-07 23:05:00+09:00,0.2116,0.2123,0.2114,0.2119,29424.4
2025-05-07 23:10:00+09:00,0.2116,0.2127,0.2115,0.2118,51721.3
2025-05-07 23:15:00+09:00,0.2117,0.2118,0.2112,0.2115,44156.1
2025-05-07 23:20:00+09:00,0.2113,0.2117,0.2107,0.2117,24367.6
2025-05-07 23:25:00+09:00,0.2116,0.2116,0.2112,0.2113,7744.0
2025-05-07 23:30:00+09:00,0.2112,0.2118,0.2108,0.211,16461.0
2025-05-07 23:35:00+09:00,0.2109,0.2112,0.2108,0.211,9484.8
2025-05-07 23:40:00+09:00,0.2111,0.2117,0.2109,0.2114,13194.4
2025-05-07 23:45:00+09:00,0.2112,0.2113,0.211,0.2111,26268.0
2025-05-07 23:50:00+09:00,0.2108,0.2108,0.2093,0.2098,80792.1
2025-05-07 23:55:00+09:00,0.21,0.2101,0.209,0.2093,142936.3
2025-05-08 00:00:00+09:00,0.2092,0.2095,0.2084,0.2087,30444.4
2025-05-08 00:05:00+09:00,0.2088,0.2088,0.2079,0.2084,54950.2
2025-05-08 00:10:00+09:00,0.2086,0.2091,0.2076,0.2083,197077.8
2025-05-08 00:15:00+09:00,0.2084,0.2086,0.208,0.2081,13630.5
2025-05-08 00:20:00+09:00,0.208,0.2089,0.2078,0.2087,42257.7
2025-05-08 00:25:00+09:00,0.2086,0.2086,0.2077,0.2081,55820.3
2025-05-08 00:30:00+09:00,0.2079,0.2088,0.2073,0.2073,173864.4
2025-05-08 00:35:00+09:00,0.2074,0.2083,0.2064,0.2083,122271.0
2025-05-08 00:40:00+09:00,0.2083,0.2091,0.2083,0.2087,35971.8
2025-05-08 00:45:00+09:00,0.2087,0.2087,0.2077,0.2082,49267.6
2025-05-08 00:50:00+09:00,0.2082,0.2084,0.2072,0.2072,29400.3
2025-05-08 00:55:00+09:00,0.207,0.207,0.2065,0.2068,49425.1
2025-05-08 01:00:00+09:00,0.2069,0.2071,0.206,0.2066,62519.7
2025-05-08 01:05:00+09:00,0.2065,0.2074,0.2062,0.2073,47543.1
2025-05-08 01:10:00+09:00,0.2073,0.2078,0.207,0.2076,14956.8
2025-05-08 01:15:00+09:00,0.2074,0.2074,0.2064,0.2071,54549.9
2025-05-08 01:20:00+09:00,0.2071,0.2071,0.2062,0.2065,28702.6
2025-05-08 01:25:00+09:00,0.2067,0.2069,0.2062,0.2062,12362.3
2025-05-08 01:30:00+09:00,0.2063,0.2064,0.2055,0.206,26195.9
2025-05-08 01:35:00+09:00,0.2057,0.2057,0.2047,0.2052,52185.1
2025-05-08 01:40:00+09:00,0.2053,0.2054,0.2036,0.2045,88895.3
2025-05-08 01:45:00+09:00,0.2043,0.2055,0.2043,0.2054,14614.3
2025-05-08 01:50:00+09:00,0.2052,0.2067,0.2052,0.2067,73602.5
2025-05-08 01:55:00+09:00,0.2064,0.2065,0.2063,0.2064,4834.4
2025-05-08 02:00:00+09:00,0.2064,0.2068,0.206,0.2061,25028.5
2025-05-08 02:05:00+09:00,0.206,0.206,0.2053,0.2054,17922.3
2025-05-08 02:10:00+09:00,0.2056,0.2061,0.2055,0.2056,11783.2
2025-05-08 02:15:00+09:00,0.2054,0.2063,0.2051,0.2055,116998.8
2025-05-08 02:20:00+09:00,0.2056,0.2063,0.2055,0.2062,4005.9
2025-05-08 02:25:00+09:00,0.2063,0.2067,0.2063,0.2065,7676.3
2025-05-08 02:30:00+09:00,0.2067,0.207,0.2066,0.2067,12729.9
2025-05-08 02:35:00+09:00,0.2067,0.2069,0.2058,0.206,48154.6
2025-05-08 02:40:00+09:00,0.2062,0.2062,0.2059,0.2061,12143.3
2025-05-08 02:45:00+09:00,0.2061,0.2068,0.2061,0.2067,4646.8
2025-05-08 02:50:00+09:00,0.2067,0.2069,0.2042,0.2055,85532.9
2025-05-08 02:55:00+09:00,0.2054,0.2065,0.2048,0.2065,19771.5
2025-05-08 03:00:00+09:00,0.2068,0.2078,0.2064,0.2072,84780.8
2025-05-08 03:05:00+09:00,0.207,0.2071,0.2045,0.2049,47729.5
2025-05-08 03:10:00+09:00,0.2049,0.206,0.2049,0.2055,84610.6
2025-05-08 03:15:00+09:00,0.2054,0.2067,0.2052,0.2066,43461.3
2025-05-08 03:20:00+09:00,0.2069,0.2074,0.2067,0.207,26789.3
2025-05-08 03:25:00+09:00,0.2067,0.2069,0.2064,0.2065,7743.2
2025-05-08 03:30:00+09:00,0.2065,0.2076,0.2062,0.2072,26393.5
2025-05-08 03:35:00+09:00,0.2075,0.2076,0.2069,0.2072,8657.6
2025-05-08 03:40:00+09:00,0.2073,0.2077,0.2059,0.206,8667.4
2025-05-08 03:45:00+09:00,0.2059,0.206,0.2052,0.2054,16005.3
2025-05-08 03:50:00+09:00,0.2056,0.206,0.2049,0.206,6108.7
2025-05-08 03:55:00+09:00,0.206,0.207,0.206,0.2068,10162.4
2025-05-08 04:00:00+09:00,0.2068,0.2071,0.2065,0.2067,6600.3
2025-05-08 04:05:00+09:00,0.2064,0.207,0.2063,0.2068,18241.6
2025-05-08 04:10:00+09:00,0.2068,0.2068,0.2063,0.2063,6033.6
2025-05-08 04:15:00+09:00,0.2061,0.2068,0.206,0.2068,6155.2
2025-05-08 04:20:00+09:00,0.2068,0.2069,0.2058,0.2058,10914.9
2025-05-08 04:25:00+09:00,0.2057,0.2057,0.2049,0.2052,38597.7
2025-05-08 04:30:00+09:00,0.2052,0.206,0.2052,0.2053,23879.1
2025-05-08 04:35:00+09:00,0.2051,0.2061,0.2051,0.206,20842.6
2025-05-08 04:40:00+09:00,0.2061,0.208,0.2061,0.2075,38877.5
2025-05-08 04:45:00+09:00,0.2075,0.2078,0.2062,0.2065,59574.2
2025-05-08 04:50:00+09:00,0.2063,0.2068,0.2061,0.2064,11413.5
2025-05-08 04:55:00+09:00,0.2063,0.2066,0.2062,0.2064,5054.2
2025-05-08 05:00:00+09:00,0.2063,0.2065,0.2058,0.2063,52538.8
2025-05-08 05:05:00+09:00,0.2064,0.2066,0.206,0.2063,4876.0
2025-05-08 05:10:00+09:00,0.2063,0.207,0.2062,0.2063,25575.8
2025-05-08 05:15:00+09:00,0.2063,0.2068,0.2059,0.206,45099.7
2025-05-08 05:20:00+09:00,0.206,0.2062,0.2059,0.206,10696.3
2025-05-08 05:25:00+09:00,0.206,0.206,0.2057,0.206,23333.4
2025-05-08 05:30:00+09:00,0.206,0.2061,0.2049,0.2052,40052.3
2025-05-08 05:35:00+09:00,0.2052,0.2053,0.205,0.2052,6681.6
2025-05-08 05:40:00+09:00,0.2051,0.2053,0.2049,0.2049,11787.7
2025-05-08 05:45:00+09:00,0.2049,0.2053,0.2049,0.2053,8973.6
2025-05-08 05:50:00+09:00,0.2052,0.2053,0.2042,0.2046,28934.0
2025-05-08 05:55:00+09:00,0.2046,0.2051,0.2046,0.2051,12118.5
2025-05-08 06:00:00+09:00,0.2051,0.2055,0.2051,0.2055,8589.3
2025-05-08 06:05:00+09:00,0.2055,0.2055,0.2047,0.2055,90175.4
2025-05-08 06:10:00+09:00,0.2055,0.206,0.2055,0.2059,10268.0
2025-05-08 06:15:00+09:00,0.2059,0.2062,0.2059,0.2062,15599.2
2025-05-08 06:20:00+09:00,0.2062,0.2062,0.2059,0.206,6183.0
2025-05-08 06:25:00+09:00,0.2062,0.207,0.2062,0.207,10418.7
2025-05-08 06:30:00+09:00,0.2071,0.2077,0.2068,0.2071,25675.5
2025-05-08 06:35:00+09:00,0.2071,0.2075,0.2065,0.2067,25243.2
2025-05-08 06:40:00+09:00,0.2067,0.2072,0.2067,0.2072,3257.8
2025-05-08 06:45:00+09:00,0.2072,0.2078,0.2071,0.2078,4442.9
2025-05-08 06:50:00+09:00,0.2078,0.2084,0.2078,0.208,33759.7
2025-05-08 06:55:00+09:00,0.2083,0.2085,0.2082,0.2083,12795.7
2025-05-08 07:00:00+09:00,0.2084,0.2094,0.2082,0.2094,24452.8
2025-05-08 07:05:00+09:00,0.2094,0.2096,0.2092,0.2095,28982.2
2025-05-08 07:10:00+09:00,0.2096,0.2105,0.2096,0.2099,121910.6
2025-05-08 07:15:00+09:00,0.2098,0.2098,0.209,0.209,5604.0
2025-05-08 07:20:00+09:00,0.2092,0.2092,0.2078,0.2082,80349.4
2025-05-08 07:25:00+09:00,0.2082,0.2086,0.2082,0.2086,6090.4
2025-05-08 07:30:00+09:00,0.2086,0.2095,0.2083,0.2094,59427.3
2025-05-08 07:35:00+09:00,0.2092,0.2098,0.2091,0.2097,2697.0
2025-05-08 07:40:00+09:00,0.2098,0.2098,0.2094,0.2097,7071.6
2025-05-08 07:45:00+09:00,0.2096,0.2097,0.209,0.2093,41208.7
2025-05-08 07:50:00+09:00,0.2092,0.2094,0.2091,0.2094,4797.2
2025-05-08 07:55:00+09:00,0.2093,0.2093,0.2091,0.2093,1122.0
2025-05-08 08:00:00+09:00,0.2093,0.2094,0.2086,0.2093,36155.1
2025-05-08 08:05:00+09:00,0.2092,0.2092,0.2089,0.209,22746.4
2025-05-08 08:10:00+09:00,0.2091,0.2093,0.2087,0.2089,3282.1
2025-05-08 08:15:00+09:00,0.2087,0.2087,0.2082,0.2084,3108.3
2025-05-08 08:20:00+09:00,0.2084,0.2084,0.2072,0.2078,70886.9
2025-05-08 08:25:00+09:00,0.2078,0.2079,0.2076,0.2076,6244.2
2025-05-08 08:30:00+09:00,0.2078,0.208,0.2073,0.2073,5517.7
2025-05-08 08:35:00+09:00,0.2073,0.2073,0.2069,0.2071,11751.8
2025-05-08 08:40:00+09:00,0.2072,0.2072,0.2069,0.2071,12143.3
2025-05-08 08:45:00+09:00,0.2071,0.2074,0.2068,0.2073,5808.7
2025-05-08 08:50:00+09:00,0.2071,0.2071,0.2069,0.207,9122.0
2025-05-08 08:55:00+09:00,0.2069,0.207,0.2069,0.207,3566.2
2025-05-08 09:00:00+09:00,0.2069,0.2078,0.2069,0.2076,50861.0
2025-05-08 09:05:00+09:00,0.2076,0.2083,0.2075,0.2081,31544.3
2025-05-08 09:10:00+09:00,0.2081,0.2081,0.2071,0.2072,5592.3
2025-05-08 09:15:00+09:00,0.2073,0.2075,0.2069,0.2075,7534.5
2025-05-08 09:20:00+09:00,0.2074,0.2075,0.207,0.2074,23456.2
2025-05-08 09:25:00+09:00,0.2074,0.2075,0.2071,0.2074,1070.1
2025-05-08 09:30:00+09:00,0.2073,0.2073,0.2068,0.2068,8883.0
2025-05-08 09:35:00+09:00,0.2067,0.2069,0.2064,0.2068,17979.5
2025-05-08 09:40:00+09:00,0.2067,0.2067,0.2059,0.206,39739.5
2025-05-08 09:45:00+09:00,0.2061,0.2065,0.2058,0.2063,41356.5
2025-05-08 09:50:00+09:00,0.2065,0.2073,0.2065,0.2073,16635.4
2025-05-08 09:55:00+09:00,0.2073,0.2092,0.2073,0.2085,43487.9
2025-05-08 10:00:00+09:00,0.2085,0.2096,0.2085,0.2088,23584.6
2025-05-08 10:05:00+09:00,0.2091,0.2097,0.2089,0.2092,29171.6
2025-05-08 10:10:00+09:00,0.2092,0.2092,0.2081,0.2087,12360.9
2025-05-08 10:15:00+09:00,0.2087,0.2088,0.2082,0.2085,5342.6
2025-05-08 10:20:00+09:00,0.2087,0.2094,0.2087,0.2087,5431.4
2025-05-08 10:25:00+09:00,0.2087,0.2091,0.2087,0.2089,6745.1
2025-05-08 10:30:00+09:00,0.2089,0.2089,0.2082,0.2083,8290.1
2025-05-08 10:35:00+09:00,0.2083,0.2086,0.2083,0.2084,5552.6
2025-05-08 10:40:00+09:00,0.2083,0.2083,0.208,0.208,11698.8
2025-05-08 10:45:00+09:00,0.2081,0.2081,0.2075,0.2076,1980.5
2025-05-08 10:50:00+09:00,0.2076,0.2077,0.2071,0.2071,8420.4
2025-05-08 10:55:00+09:00,0.2072,0.2072,0.2069,0.2072,27021.8
2025-05-08 11:00:00+09:00,0.2072,0.2079,0.2072,0.2076,31387.5
2025-05-08 11:05:00+09:00,0.2077,0.2082,0.2077,0.2082,17225.3
2025-05-08 11:10:00+09:00,0.2082,0.2093,0.2082,0.2093,4721.5
2025-05-08 11:15:00+09:00,0.2094,0.2095,0.2091,0.2092,42019.8
2025-05-08 11:20:00+09:00,0.209,0.2093,0.2089,0.2093,9282.9
2025-05-08 11:25:00+09:00,0.2094,0.2106,0.2094,0.2103,13276.3
2025-05-08 11:30:00+09:00,0.2105,0.2109,0.2103,0.2103,15869.8
2025-05-08 11:35:00+09:00,0.2103,0.2106,0.2101,0.2101,15675.8
2025-05-08 11:40:00+09:00,0.2101,0.2107,0.2101,0.2106,2942.8
2025-05-08 11:45:00+09:00,0.2105,0.2121,0.2105,0.212,119004.5
2025-05-08 11:50:00+09:00,0.2119,0.212,0.2112,0.2112,10344.7
2025-05-08 11:55:00+09:00,0.2109,0.2109,0.2105,0.2108,21137.7
2025-05-08 12:00:00+09:00,0.2108,0.2113,0.2108,0.2113,2567.8
2025-05-08 12:05:00+09:00,0.2113,0.2121,0.2113,0.2119,14644.8
2025-05-08 12:10:00+09:00,0.2118,0.2122,0.2115,0.2115,7625.0
2025-05-08 12:15:00+09:00,0.2117,0.2123,0.2117,0.2123,28829.0
2025-05-08 12:20:00+09:00,0.2122,0.2126,0.212,0.2124,27738.7
2025-05-08 12:25:00+09:00,0.2124,0.2124,0.2119,0.2119,2338.8
2025-05-08 12:30:00+09:00,0.2118,0.212,0.2117,0.2119,9619.1
2025-05-08 12:35:00+09:00,0.2118,0.2125,0.2116,0.2124,36375.1
2025-05-08 12:40:00+09:00,0.2123,0.2133,0.2123,0.2133,21227.6
2025-05-08 12:45:00+09:00,0.2136,0.214,0.2124,0.213,64421.3
2025-05-08 12:50:00+09:00,0.213,0.2133,0.2127,0.2131,5704.5
2025-05-08 12:55:00+09:00,0.2133,0.2145,0.2133,0.2145,26722.0
2025-05-08 13:00:00+09:00,0.2145,0.2149,0.2141,0.2141,42096.5
2025-05-08 13:05:00+09:00,0.2143,0.2151,0.2143,0.2145,17595.3
2025-05-08 13:10:00+09:00,0.2146,0.215,0.2144,0.215,38819.4
2025-05-08 13:15:00+09:00,0.215,0.216,0.2149,0.2155,16058.1
2025-05-08 13:20:00+09:00,0.2157,0.2159,0.2152,0.2153,7611.4
2025-05-08 13:25:00+09:00,0.2153,0.2157,0.2151,0.2155,4351.9
2025-05-08 13:30:00+09:00,0.2156,0.2156,0.2151,0.2155,13319.7
2025-05-08 13:35:00+09:00,0.2158,0.2158,0.2148,0.2154,304930.4
2025-05-08 13:40:00+09:00,0.2152,0.2155,0.2149,0.215,34495.0
2025-05-08 13:45:00+09:00,0.2151,0.2155,0.215,0.2152,12043.9
2025-05-08 13:50:00+09:00,0.215,0.2153,0.2142,0.2143,28636.8
2025-05-08 13:55:00+09:00,0.2145,0.215,0.2145,0.215,14113.0
2025-05-08 14:00:00+09:00,0.215,0.2157,0.215,0.2157,18831.5
2025-05-08 14:05:00+09:00,0.2155,0.2158,0.2153,0.2153,3805.1
2025-05-08 14:10:00+09:00,0.2153,0.2155,0.2146,0.2148,28023.3
2025-05-08 14:15:00+09:00,0.2149,0.215,0.2145,0.2147,15576.8
2025-05-08 14:20:00+09:00,0.2146,0.2148,0.2145,0.2146,13965.5
2025-05-08 14:25:00+09:00,0.2146,0.2146,0.2141,0.2144,4803.3
2025-05-08 14:30:00+09:00,0.2144,0.2146,0.2128,0.2135,82831.2
2025-05-08 14:35:00+09:00,0.2133,0.2138,0.2133,0.2137,1302.9
2025-05-08 14:40:00+09:00,0.2138,0.2144,0.2138,0.2143,10019.7
2025-05-08 14:45:00+09:00,0.2143,0.2144,0.2143,0.2144,6748.5
2025-05-08 14:50:00+09:00,0.2144,0.2144,0.2137,0.2137,9089.3
2025-05-08 14:55:00+09:00,0.2137,0.2139,0.2136,0.2138,4109.6
2025-05-08 15:00:00+09:00,0.2139,0.2146,0.2139,0.2144,9264.6
2025-05-08 15:05:00+09:00,0.2146,0.2151,0.2146,0.215,8029.7
2025-05-08 15:10:00+09:00,0.215,0.215,0.2148,0.215,2408.6
2025-05-08 15:15:00+09:00,0.2151,0.2151,0.2148,0.2149,89.1
2025-05-08 15:20:00+09:00,0.2151,0.2153,0.2149,0.2149,3817.5
2025-05-08 15:25:00+09:00,0.2151,0.2152,0.2151,0.2152,5103.6
2025-05-08 15:30:00+09:00,0.2151,0.2154,0.2151,0.2154,6764.6
2025-05-08 15:35:00+09:00,0.2155,0.2158,0.2155,0.2156,8019.0
2025-05-08 15:40:00+09:00,0.2156,0.2161,0.2156,0.2161,5411.7
2025-05-08 15:45:00+09:00,0.2161,0.2163,0.2161,0.2162,3100.3
2025-05-08 15:50:00+09:00,0.2162,0.2165,0.2162,0.2165,1497.6
2025-05-08 15:55:00+09:00,0.2166,0.2169,0.2165,0.2168,9460.0
2025-05-08 16:00:00+09:00,0.217,0.217,0.2162,0.2164,11725.5
2025-05-08 16:05:00+09:00,0.2164,0.2173,0.2164,0.2169,34007.9
2025-05-08 16:10:00+09:00,0.2169,0.2172,0.2167,0.2167,8252.1
2025-05-08 16:15:00+09:00,0.2169,0.2172,0.2169,0.2171,2111.2
2025-05-08 16:20:00+09:00,0.2171,0.2171,0.2166,0.2166,3075.6
2025-05-08 16:25:00+09:00,0.2165,0.217,0.216,0.2167,47393.1
2025-05-08 16:30:00+09:00,0.2168,0.2189,0.2166,0.2177,150806.1
2025-05-08 16:35:00+09:00,0.2175,0.2179,0.217,0.2178,48162.2
2025-05-08 16:40:00+09:00,0.2175,0.2181,0.2175,0.2178,8671.0
2025-05-08 16:45:00+09:00,0.2177,0.2177,0.217,0.2172,12152.2
2025-05-08 16:50:00+09:00,0.2173,0.2174,0.2169,0.2171,13622.1
2025-05-08 16:55:00+09:00,0.2173,0.2174,0.2171,0.2174,22303.0
2025-05-08 17:00:00+09:00,0.2174,0.2184,0.2174,0.2183,28148.3
2025-05-08 17:05:00+09:00,0.2183,0.2183,0.2169,0.2173,67510.6
2025-05-08 17:10:00+09:00,0.2172,0.2174,0.2168,0.217,27540.9
2025-05-08 17:15:00+09:00,0.217,0.2174,0.217,0.2173,6491.3
2025-05-08 17:20:00+09:00,0.2174,0.2179,0.2172,0.2178,40924.1
2025-05-08 17:25:00+09:00,0.2177,0.2184,0.2176,0.2184,31017.5
2025-05-08 17:30:00+09:00,0.2183,0.2192,0.2178,0.2189,53446.5
2025-05-08 17:35:00+09:00,0.2188,0.219,0.2188,0.219,8026.1
2025-05-08 17:40:00+09:00,0.2189,0.2197,0.2189,0.2195,5012.9
2025-05-08 17:45:00+09:00,0.2196,0.2197,0.2193,0.2194,11237.8
2025-05-08 17:50:00+09:00,0.2194,0.2194,0.219,0.2192,9654.7
2025-05-08 17:55:00+09:00,0.2193,0.2193,0.2184,0.2188,36061.8
2025-05-08 18:00:00+09:00,0.2188,0.2189,0.2181,0.2183,18569.1
2025-05-08 18:05:00+09:00,0.2181,0.2187,0.2181,0.2184,12523.7
2025-05-08 18:10:00+09:00,0.2184,0.2184,0.2179,0.2184,15263.0
2025-05-08 18:15:00+09:00,0.2183,0.2185,0.2183,0.2184,11861.1
2025-05-08 18:20:00+09:00,0.2184,0.2187,0.2184,0.2185,20444.7
2025-05-08 18:25:00+09:00,0.2186,0.2191,0.2186,0.2191,5229.7
2025-05-08 18:30:00+09:00,0.2193,0.2193,0.218,0.2182,21385.6
2025-05-08 18:35:00+09:00,0.2182,0.2187,0.2182,0.2182,31266.8
2025-05-08 18:40:00+09:00,0.2183,0.2184,0.2182,0.2184,6079.6
2025-05-08 18:45:00+09:00,0.2184,0.2189,0.2184,0.2189,8272.3
2025-05-08 18:50:00+09:00,0.2189,0.2193,0.2189,0.2191,14327.7
2025-05-08 18:55:00+09:00,0.2192,0.2194,0.2189,0.2194,14949.9
2025-05-08 19:00:00+09:00,0.2194,0.2195,0.2192,0.2192,4539.1
2025-05-08 19:05:00+09:00,0.2193,0.2195,0.2189,0.2191,7353.1
2025-05-08 19:10:00+09:00,0.2191,0.2196,0.2189,0.2195,12775.6
2025-05-08 19:15:00+09:00,0.2194,0.2197,0.2194,0.2196,10644.5
2025-05-08 19:20:00+09:00,0.2196,0.2198,0.2195,0.2197,8147.5
2025-05-08 19:25:00+09:00,0.2196,0.22,0.2196,0.22,2884.6
2025-05-08 19:30:00+09:00,0.2201,0.2202,0.2197,0.2197,16161.4
2025-05-08 19:35:00+09:00,0.2196,0.2199,0.2194,0.2199,6936.5
2025-05-08 19:40:00+09:00,0.22,0.2203,0.2199,0.2201,16428.3
2025-05-08 19:45:00+09:00,0.2201,0.2205,0.22,0.2203,11236.2
2025-05-08 19:50:00+09:00,0.2204,0.2204,0.2201,0.2201,1895.0
2025-05-08 19:55:00+09:00,0.2201,0.2209,0.2201,0.2209,8027.7
2025-05-08 20:00:00+09:00,0.221,0.221,0.2199,0.2206,27505.1
2025-05-08 20:05:00+09:00,0.2206,0.2208,0.2204,0.2205,5128.2
2025-05-08 20:10:00+09:00,0.2208,0.2212,0.2202,0.2207,46828.0
2025-05-08 20:15:00+09:00,0.2205,0.2207,0.2204,0.2206,3678.2
2025-05-08 20:20:00+09:00,0.2205,0.2205,0.2199,0.2203,18139.0
2025-05-08 20:25:00+09:00,0.2203,0.2209,0.2203,0.2209,6348.7
2025-05-08 20:30:00+09:00,0.2208,0.2208,0.22,0.2201,25473.7
2025-05-08 20:35:00+09:00,0.2201,0.2206,0.22,0.2206,36446.1
2025-05-08 20:40:00+09:00,0.2206,0.2212,0.2206,0.2207,12787.0
2025-05-08 20:45:00+09:00,0.2207,0.2211,0.2207,0.2209,33589.8
2025-05-08 20:50:00+09:00,0.2214,0.2215,0.2209,0.2209,7539.3
2025-05-08 20:55:00+09:00,0.221,0.2211,0.2209,0.2211,855.5
2025-05-08 21:00:00+09:00,0.221,0.221,0.2204,0.2206,3723.4
2025-05-08 21:05:00+09:00,0.2207,0.2208,0.2205,0.2207,385.4
2025-05-08 21:10:00+09:00,0.2208,0.2212,0.2207,0.2208,9182.7
2025-05-08 21:15:00+09:00,0.2208,0.2214,0.2206,0.2213,19163.9
2025-05-08 21:20:00+09:00,0.2216,0.2218,0.2211,0.2215,18919.8
2025-05-08 21:25:00+09:00,0.2214,0.2214,0.2212,0.2212,2619.3
2025-05-08 21:30:00+09:00,0.2213,0.2221,0.2213,0.2217,14483.5
2025-05-08 21:35:00+09:00,0.2215,0.2215,0.2199,0.2199,48543.8
2025-05-08 21:40:00+09:00,0.2197,0.2203,0.2197,0.2202,31338.2
2025-05-08 21:45:00+09:00,0.22,0.2209,0.22,0.2206,47191.9
2025-05-08 21:50:00+09:00,0.2207,0.2208,0.2201,0.2201,5834.5
2025-05-08 21:55:00+09:00,0.22,0.2203,0.2197,0.2198,16328.7
2025-05-08 22:00:00+09:00,0.2198,0.2207,0.2197,0.2203,47091.7
2025-05-08 22:05:00+09:00,0.2202,0.2204,0.22,0.2204,24321.8
2025-05-08 22:10:00+09:00,0.2203,0.2209,0.2202,0.2202,14171.2
2025-05-08 22:15:00+09:00,0.2204,0.2204,0.2198,0.2198,66815.8
2025-05-08 22:20:00+09:00,0.2199,0.2202,0.2199,0.2202,13181.0
2025-05-08 22:25:00+09:00,0.2203,0.2203,0.22,0.2202,4282.7
2025-05-08 22:30:00+09:00,0.2202,0.2206,0.2201,0.2204,15388.7
2025-05-08 22:35:00+09:00,0.2203,0.2212,0.22,0.2205,35821.5
2025-05-08 22:40:00+09:00,0.2204,0.2208,0.2201,0.2206,17848.5
2025-05-08 22:45:00+09:00,0.2206,0.2208,0.2198,0.2198,16851.7
2025-05-08 22:50:00+09:00,0.22,0.2208,0.22,0.2206,18051.1
2025-05-08 22:55:00+09:00,0.2207,0.2212,0.2206,0.221,8433.7
2025-05-08 23:00:00+09:00,0.2211,0.2217,0.221,0.2217,48383.3
2025-05-08 23:05:00+09:00,0.2215,0.2218,0.221,0.2211,7874.0
2025-05-08 23:10:00+09:00,0.2213,0.2216,0.2207,0.2211,38543.2
2025-05-08 23:15:00+09:00,0.221,0.2215,0.2209,0.2211,19566.7
2025-05-08 23:20:00+09:00,0.2211,0.2216,0.2211,0.2216,11464.8
2025-05-08 23:25:00+09:00,0.2217,0.2223,0.2217,0.2221,17109.4
2025-05-08 23:30:00+09:00,0.222,0.2241,0.222,0.2239,68596.4
2025-05-08 23:35:00+09:00,0.2234,0.2234,0.2227,0.2227,14156.9
2025-05-08 23:40:00+09:00,0.2228,0.2232,0.2227,0.2227,8136.9
2025-05-08 23:45:00+09:00,0.2227,0.2238,0.2226,0.2236,29221.8
2025-05-08 23:50:00+09:00,0.2233,0.2242,0.2232,0.2233,60060.8
2025-05-08 23:55:00+09:00,0.2233,0.2241,0.2224,0.2234,169142.7
2025-05-09 00:00:00+09:00,0.2231,0.2238,0.2229,0.2232,23499.6
2025-05-09 00:05:00+09:00,0.2231,0.2247,0.2231,0.2247,8045.0
2025-05-09 00:10:00+09:00,0.2247,0.225,0.2244,0.225,20237.4
2025-05-09 00:15:00+09:00,0.2251,0.2261,0.2246,0.2249,112494.7
2025-05-09 00:20:00+09:00,0.225,0.2281,0.225,0.2276,48159.1
2025-05-09 00:25:00+09:00,0.2276,0.229,0.2269,0.2284,92930.3
2025-05-09 00:30:00+09:00,0.2277,0.2278,0.2269,0.227,38813.8
2025-05-09 00:35:00+09:00,0.2272,0.2287,0.2271,0.2286,142937.9
2025-05-09 00:40:00+09:00,0.2286,0.2302,0.2286,0.2292,101426.1
2025-05-09 00:45:00+09:00,0.2294,0.2295,0.2283,0.2288,45666.1
2025-05-09 00:50:00+09:00,0.229,0.2292,0.2259,0.2265,60358.6
2025-05-09 00:55:00+09:00,0.2264,0.2275,0.2258,0.2273,74693.9
2025-05-09 01:00:00+09:00,0.2273,0.2283,0.2269,0.2269,116739.0
2025-05-09 01:05:00+09:00,0.227,0.2279,0.227,0.2276,66921.4
2025-05-09 01:10:00+09:00,0.2277,0.2281,0.2275,0.228,15435.4
2025-05-09 01:15:00+09:00,0.2282,0.2285,0.2277,0.2279,33637.6
2025-05-09 01:20:00+09:00,0.2278,0.2283,0.2271,0.2271,27561.4
2025-05-09 01:25:00+09:00,0.2268,0.2268,0.2261,0.2263,14475.9
2025-05-09 01:30:00+09:00,0.2264,0.227,0.2263,0.227,17913.2
2025-05-09 01:35:00+09:00,0.2269,0.2279,0.2266,0.2279,71108.9
2025-05-09 01:40:00+09:00,0.2279,0.228,0.2277,0.2277,6714.5
2025-05-09 01:45:00+09:00,0.2277,0.2279,0.2269,0.2279,22172.3
2025-05-09 01:50:00+09:00,0.2283,0.2286,0.228,0.2281,14102.3
2025-05-09 01:55:00+09:00,0.228,0.2283,0.2276,0.2282,26824.2
2025-05-09 02:00:00+09:00,0.2283,0.2283,0.2277,0.2278,16658.9
2025-05-09 02:05:00+09:00,0.2278,0.2285,0.2277,0.2279,9903.9
2025-05-09 02:10:00+09:00,0.2278,0.2286,0.2278,0.2281,13284.5
2025-05-09 02:15:00+09:00,0.2281,0.2286,0.2281,0.2285,12865.0
2025-05-09 02:20:00+09:00,0.2285,0.2292,0.2285,0.2292,22136.1
2025-05-09 02:25:00+09:00,0.229,0.2293,0.2289,0.229,6423.4
2025-05-09 02:30:00+09:00,0.229,0.229,0.2281,0.2282,17263.0
2025-05-09 02:35:00+09:00,0.2281,0.2285,0.2276,0.2282,30446.1
2025-05-09 02:40:00+09:00,0.2282,0.2283,0.2275,0.2278,9807.2
2025-05-09 02:45:00+09:00,0.2276,0.2277,0.2263,0.2269,24449.3
2025-05-09 02:50:00+09:00,0.2268,0.2277,0.2268,0.2276,20789.3
2025-05-09 02:55:00+09:00,0.2276,0.2276,0.2272,0.2272,14634.6
2025-05-09 03:00:00+09:00,0.2273,0.2279,0.2272,0.2275,26350.0
2025-05-09 03:05:00+09:00,0.2277,0.2287,0.2275,0.2286,18273.9
2025-05-09 03:10:00+09:00,0.2287,0.2291,0.2287,0.2288,17618.3
2025-05-09 03:15:00+09:00,0.229,0.2297,0.229,0.2296,22014.8
2025-05-09 03:20:00+09:00,0.2297,0.2306,0.2296,0.2298,11524.0
2025-05-09 03:25:00+09:00,0.2298,0.2299,0.2295,0.2297,13461.4
2025-05-09 03:30:00+09:00,0.2297,0.2301,0.2288,0.2288,20451.7
2025-05-09 03:35:00+09:00,0.2286,0.2289,0.2286,0.2289,11200.8
2025-05-09 03:40:00+09:00,0.229,0.2292,0.2283,0.2283,9451.1
2025-05-09 03:45:00+09:00,0.2283,0.2284,0.228,0.2281,5049.0
2025-05-09 03:50:00+09:00,0.2282,0.2282,0.2278,0.2279,5217.5
2025-05-09 03:55:00+09:00,0.2278,0.2287,0.2277,0.2283,24552.1
2025-05-09 04:00:00+09:00,0.2284,0.2295,0.2282,0.2292,12738.0
2025-05-09 04:05:00+09:00,0.2292,0.23,0.2283,0.23,52839.1
2025-05-09 04:10:00+09:00,0.2299,0.2314,0.2299,0.2313,26278.3
2025-05-09 04:15:00+09:00,0.2314,0.2319,0.2309,0.2318,37782.8
2025-05-09 04:20:00+09:00,0.2319,0.2334,0.2315,0.2317,70948.9
2025-05-09 04:25:00+09:00,0.2318,0.2321,0.2312,0.2315,38928.9
2025-05-09 04:30:00+09:00,0.2315,0.2315,0.2302,0.2302,8872.1
2025-05-09 04:35:00+09:00,0.2302,0.2305,0.2293,0.2301,63273.2
2025-05-09 04:40:00+09:00,0.2301,0.2315,0.2301,0.2315,13318.8
2025-05-09 04:45:00+09:00,0.2313,0.2317,0.2307,0.2314,26132.4
2025-05-09 04:50:00+09:00,0.2313,0.2332,0.2311,0.2328,92495.9
2025-05-09 04:55:00+09:00,0.2328,0.2335,0.2318,0.2323,69692.9
2025-05-09 05:00:00+09:00,0.2323,0.2327,0.2321,0.2321,23147.3
2025-05-09 05:05:00+09:00,0.2323,0.2336,0.2323,0.233,23271.0
2025-05-09 05:10:00+09:00,0.2331,0.2335,0.2203,0.2289,3813757.1
2025-05-09 05:15:00+09:00,0.2289,0.2318,0.2289,0.2317,164475.0
2025-05-09 05:20:00+09:00,0.2318,0.233,0.2316,0.2327,56433.6
2025-05-09 05:25:00+09:00,0.2328,0.2329,0.2312,0.2319,108627.5
2025-05-09 05:30:00+09:00,0.2319,0.2335,0.2317,0.2334,24902.6
2025-05-09 05:35:00+09:00,0.2334,0.2359,0.233,0.2357,93402.0
2025-05-09 05:40:00+09:00,0.2356,0.2367,0.2352,0.2367,67857.7
2025-05-09 05:45:00+09:00,0.2367,0.238,0.2358,0.2375,168471.9
2025-05-09 05:50:00+09:00,0.2375,0.24,0.2375,0.2394,52475.9
2025-05-09 05:55:00+09:00,0.2395,0.2412,0.2387,0.2399,125698.2
2025-05-09 06:00:00+09:00,0.2398,0.2405,0.2393,0.2398,34408.6
2025-05-09 06:05:00+09:00,0.2399,0.2404,0.2385,0.2404,19537.4
2025-05-09 06:10:00+09:00,0.2403,0.2414,0.2395,0.2401,96870.9
2025-05-09 06:15:00+09:00,0.2401,0.2416,0.2398,0.2408,17505.0
2025-05-09 06:20:00+09:00,0.2405,0.2419,0.2405,0.2407,15090.5
2025-05-09 06:25:00+09:00,0.2407,0.2407,0.2387,0.2389,16972.6
2025-05-09 06:30:00+09:00,0.2388,0.2394,0.2384,0.2389,53916.7
2025-05-09 06:35:00+09:00,0.239,0.2404,0.239,0.24,49013.9
2025-05-09 06:40:00+09:00,0.2398,0.2402,0.2385,0.2401,13104.3
2025-05-09 06:45:00+09:00,0.2401,0.2406,0.2396,0.2396,20026.9
2025-05-09 06:50:00+09:00,0.2395,0.2399,0.2369,0.237,119043.1
2025-05-09 06:55:00+09:00,0.2372,0.2383,0.2372,0.2381,32504.3
2025-05-09 07:00:00+09:00,0.2384,0.2392,0.2375,0.2377,37092.2
2025-05-09 07:05:00+09:00,0.2377,0.2378,0.2369,0.2369,3021.0
2025-05-09 07:10:00+09:00,0.237,0.239,0.237,0.2385,78003.0
2025-05-09 07:15:00+09:00,0.2384,0.2393,0.2382,0.2388,30698.1
2025-05-09 07:20:00+09:00,0.2388,0.239,0.2385,0.2389,44391.9
2025-05-09 07:25:00+09:00,0.2388,0.239,0.2381,0.2383,5127.0
2025-05-09 07:30:00+09:00,0.2382,0.2383,0.2379,0.2381,12110.4
2025-05-09 07:35:00+09:00,0.2382,0.2389,0.2382,0.2389,80443.7
2025-05-09 07:40:00+09:00,0.239,0.2403,0.2388,0.2403,21802.5
2025-05-09 07:45:00+09:00,0.2403,0.2403,0.2392,0.2393,69839.3
2025-05-09 07:50:00+09:00,0.2393,0.2393,0.239,0.2391,13329.4
2025-05-09 07:55:00+09:00,0.2393,0.2393,0.2388,0.239,6240.8
2025-05-09 08:00:00+09:00,0.2389,0.239,0.2377,0.2384,64247.2
2025-05-09 08:05:00+09:00,0.2388,0.2406,0.2388,0.2402,97200.9
2025-05-09 08:10:00+09:00,0.2402,0.2405,0.2394,0.2396,89734.4
2025-05-09 08:15:00+09:00,0.2396,0.2419,0.2395,0.2419,29239.8
2025-05-09 08:20:00+09:00,0.2419,0.2424,0.241,0.241,25263.7
2025-05-09 08:25:00+09:00,0.241,0.2419,0.241,0.2416,45024.2
2025-05-09 08:30:00+09:00,0.2416,0.2426,0.2416,0.2419,30785.8
2025-05-09 08:35:00+09:00,0.242,0.242,0.2407,0.2409,29941.7
2025-05-09 08:40:00+09:00,0.2411,0.2419,0.2411,0.2416,40439.4
2025-05-09 08:45:00+09:00,0.2416,0.2421,0.2415,0.2419,24767.3
2025-05-09 08:50:00+09:00,0.2419,0.242,0.2416,0.242,10384.0
2025-05-09 08:55:00+09:00,0.2422,0.2425,0.2414,0.2416,21251.3
2025-05-09 09:00:00+09:00,0.2415,0.2417,0.2397,0.24,61414.3
2025-05-09 09:05:00+09:00,0.24,0.2402,0.2393,0.2394,21631.2
2025-05-09 09:10:00+09:00,0.2394,0.2405,0.2394,0.2405,30788.8
2025-05-09 09:15:00+09:00,0.2404,0.2404,0.2391,0.2403,46722.3
2025-05-09 09:20:00+09:00,0.2402,0.2403,0.2389,0.2392,18020.0
2025-05-09 09:25:00+09:00,0.2391,0.2393,0.2382,0.2383,16191.5
2025-05-09 09:30:00+09:00,0.2381,0.2389,0.2379,0.2383,39126.6
2025-05-09 09:35:00+09:00,0.2382,0.2392,0.238,0.2389,18826.4
2025-05-09 09:40:00+09:00,0.2389,0.2406,0.2389,0.2405,20673.5
2025-05-09 09:45:00+09:00,0.2405,0.2407,0.2401,0.2402,14284.2
2025-05-09 09:50:00+09:00,0.2402,0.2418,0.2402,0.2411,14844.4
2025-05-09 09:55:00+09:00,0.2411,0.2412,0.2401,0.2402,14534.9
2025-05-09 10:00:00+09:00,0.2403,0.2403,0.2389,0.2389,54952.5
2025-05-09 10:05:00+09:00,0.2388,0.2417,0.2388,0.2417,28100.2
2025-05-09 10:10:00+09:00,0.2419,0.2441,0.2419,0.2436,48884.2
2025-05-09 10:15:00+09:00,0.2436,0.2449,0.2432,0.2434,153402.2
2025-05-09 10:20:00+09:00,0.2433,0.2433,0.2411,0.2412,49947.3
2025-05-09 10:25:00+09:00,0.2413,0.2418,0.2412,0.2416,9129.3
2025-05-09 10:30:00+09:00,0.2414,0.2415,0.2404,0.2405,19562.4
2025-05-09 10:35:00+09:00,0.2405,0.2416,0.2403,0.2412,9138.4
2025-05-09 10:40:00+09:00,0.2414,0.2421,0.2414,0.2421,32366.7
2025-05-09 10:45:00+09:00,0.242,0.2426,0.2415,0.2424,16794.2
2025-05-09 10:50:00+09:00,0.2422,0.243,0.2422,0.243,3855.7
2025-05-09 10:55:00+09:00,0.2429,0.2429,0.2426,0.2428,11671.1
2025-05-09 11:00:00+09:00,0.2427,0.2427,0.2415,0.2419,11484.2
2025-05-09 11:05:00+09:00,0.242,0.242,0.2412,0.2418,22851.6
2025-05-09 11:10:00+09:00,0.2421,0.2432,0.2421,0.2429,51132.3
2025-05-09 11:15:00+09:00,0.2429,0.2444,0.2428,0.2436,32065.7
2025-05-09 11:20:00+09:00,0.2436,0.244,0.2433,0.2435,11979.6
2025-05-09 11:25:00+09:00,0.2434,0.2436,0.2419,0.2419,25539.0
2025-05-09 11:30:00+09:00,0.2418,0.2426,0.2417,0.2426,11679.8
2025-05-09 11:35:00+09:00,0.2428,0.2435,0.2427,0.2434,32109.7
2025-05-09 11:40:00+09:00,0.2434,0.2446,0.2431,0.2445,27680.7
2025-05-09 11:45:00+09:00,0.2445,0.2465,0.2443,0.2463,34672.5
2025-05-09 11:50:00+09:00,0.2462,0.2468,0.2453,0.2461,38874.4
2025-05-09 11:55:00+09:00,0.2462,0.2467,0.2458,0.2463,10447.5
2025-05-09 12:00:00+09:00,0.2461,0.2463,0.2452,0.2455,19147.9
2025-05-09 12:05:00+09:00,0.2453,0.2467,0.2453,0.2464,30521.3
2025-05-09 12:10:00+09:00,0.2463,0.2465,0.245,0.245,19104.1
2025-05-09 12:15:00+09:00,0.245,0.2452,0.2438,0.2441,24936.5
2025-05-09 12:20:00+09:00,0.244,0.2445,0.2435,0.2443,52941.6
2025-05-09 12:25:00+09:00,0.2443,0.2446,0.2431,0.2431,14394.6
2025-05-09 12:30:00+09:00,0.2429,0.2434,0.2421,0.2422,37846.6
2025-05-09 12:35:00+09:00,0.2421,0.2421,0.2402,0.2413,121965.4
2025-05-09 12:40:00+09:00,0.2414,0.2418,0.2404,0.2405,38799.6
2025-05-09 12:45:00+09:00,0.2406,0.2413,0.2404,0.2408,21350.4
2025-05-09 12:50:00+09:00,0.2409,0.2416,0.2409,0.241,16334.6
2025-05-09 12:55:00+09:00,0.2403,0.2403,0.2387,0.2401,55711.3
2025-05-09 13:00:00+09:00,0.2401,0.2422,0.2401,0.2422,46127.5
2025-05-09 13:05:00+09:00,0.2423,0.244,0.2423,0.244,98824.3
2025-05-09 13:10:00+09:00,0.244,0.2446,0.2433,0.2445,30635.1
2025-05-09 13:15:00+09:00,0.2446,0.2449,0.2439,0.2446,41273.1
2025-05-09 13:20:00+09:00,0.2447,0.2459,0.2444,0.245,56346.8
2025-05-09 13:25:00+09:00,0.245,0.2455,0.245,0.2455,20432.7
2025-05-09 13:30:00+09:00,0.2456,0.2459,0.2437,0.2454,67762.6
2025-05-09 13:35:00+09:00,0.2456,0.2456,0.2448,0.2452,30104.4
2025-05-09 13:40:00+09:00,0.2453,0.2453,0.2447,0.2448,16258.3
2025-05-09 13:45:00+09:00,0.2447,0.2458,0.2443,0.2458,23531.5
2025-05-09 13:50:00+09:00,0.2456,0.2463,0.2449,0.2463,55556.3
2025-05-09 13:55:00+09:00,0.2462,0.2462,0.2451,0.2454,20003.9
2025-05-09 14:00:00+09:00,0.2453,0.2459,0.2443,0.2459,25280.2
2025-05-09 14:05:00+09:00,0.2459,0.246,0.2452,0.2453,24577.1
2025-05-09 14:10:00+09:00,0.2451,0.2452,0.2443,0.245,15377.1
2025-05-09 14:15:00+09:00,0.2449,0.2454,0.2441,0.2441,10396.4
2025-05-09 14:20:00+09:00,0.2441,0.2443,0.2435,0.2437,7763.8
2025-05-09 14:25:00+09:00,0.2435,0.2436,0.2429,0.2433,21734.5
2025-05-09 14:30:00+09:00,0.2434,0.2434,0.242,0.2425,28972.7
2025-05-09 14:35:00+09:00,0.2423,0.2429,0.2422,0.2425,15938.1
2025-05-09 14:40:00+09:00,0.2426,0.2434,0.2426,0.2434,13067.8
2025-05-09 14:45:00+09:00,0.2435,0.2435,0.2433,0.2433,7461.6
2025-05-09 14:50:00+09:00,0.2432,0.2435,0.2429,0.2431,19942.4
2025-05-09 14:55:00+09:00,0.2432,0.2436,0.243,0.2436,9520.2
2025-05-09 15:00:00+09:00,0.2437,0.244,0.2433,0.2434,35091.4
2025-05-09 15:05:00+09:00,0.2433,0.2435,0.2426,0.2427,67341.4
2025-05-09 15:10:00+09:00,0.2424,0.2431,0.242,0.2424,21471.3
2025-05-09 15:15:00+09:00,0.2423,0.2441,0.2422,0.2436,54358.0
2025-05-09 15:20:00+09:00,0.2435,0.2443,0.2431,0.2443,51590.1
2025-05-09 15:25:00+09:00,0.2443,0.2447,0.2438,0.244,26966.4
2025-05-09 15:30:00+09:00,0.2439,0.2447,0.2438,0.244,47497.1
2025-05-09 15:35:00+09:00,0.2439,0.2443,0.2432,0.2434,64668.5
2025-05-09 15:40:00+09:00,0.2433,0.2443,0.2425,0.2432,169527.6
2025-05-09 15:45:00+09:00,0.2432,0.2443,0.2431,0.244,30336.7
2025-05-09 15:50:00+09:00,0.244,0.245,0.244,0.2448,26448.3
2025-05-09 15:55:00+09:00,0.2449,0.245,0.2444,0.2446,11564.0
2025-05-09 16:00:00+09:00,0.2446,0.2459,0.2446,0.2456,55745.7
2025-05-09 16:05:00+09:00,0.2456,0.247,0.2449,0.2469,56904.8
2025-05-09 16:10:00+09:00,0.2468,0.2468,0.2458,0.2458,50686.6
2025-05-09 16:15:00+09:00,0.2459,0.2468,0.2455,0.2463,141122.3
2025-05-09 16:20:00+09:00,0.2463,0.247,0.2451,0.2466,55119.1
2025-05-09 16:25:00+09:00,0.2465,0.247,0.246,0.2466,34054.6
2025-05-09 16:30:00+09:00,0.2467,0.2479,0.2466,0.2474,146443.9
2025-05-09 16:35:00+09:00,0.2474,0.2497,0.2474,0.2493,166127.3
2025-05-09 16:40:00+09:00,0.2493,0.2517,0.249,0.2499,106985.4
2025-05-09 16:45:00+09:00,0.25,0.2526,0.2497,0.2523,130277.4
2025-05-09 16:50:00+09:00,0.2522,0.253,0.2509,0.251,166353.1
2025-05-09 16:55:00+09:00,0.251,0.251,0.2496,0.25,58415.1
2025-05-09 17:00:00+09:00,0.25,0.2516,0.2498,0.2506,81621.0
2025-05-09 17:05:00+09:00,0.2504,0.2519,0.2502,0.2511,46282.4
2025-05-09 17:10:00+09:00,0.2509,0.2509,0.2482,0.2485,134522.6
2025-05-09 17:15:00+09:00,0.2486,0.2509,0.2486,0.2503,248481.5
2025-05-09 17:20:00+09:00,0.2505,0.2537,0.2505,0.2535,99711.3
2025-05-09 17:25:00+09:00,0.2534,0.2563,0.2526,0.2538,119894.0
2025-05-09 17:30:00+09:00,0.254,0.2562,0.2535,0.2558,120677.7
2025-05-09 17:35:00+09:00,0.2557,0.2567,0.2533,0.2539,362316.2
2025-05-09 17:40:00+09:00,0.2539,0.2545,0.2492,0.2501,237918.0
2025-05-09 17:45:00+09:00,0.2503,0.2523,0.2502,0.2503,64191.9
2025-05-09 17:50:00+09:00,0.2502,0.251,0.2495,0.2506,22875.5
2025-05-09 17:55:00+09:00,0.2506,0.2507,0.2482,0.2502,92414.7
2025-05-09 18:00:00+09:00,0.2503,0.2514,0.2498,0.2501,153545.8
2025-05-09 18:05:00+09:00,0.2501,0.2503,0.2454,0.246,165858.6
2025-05-09 18:10:00+09:00,0.2459,0.2463,0.2424,0.2433,234713.6
2025-05-09 18:15:00+09:00,0.2434,0.2443,0.2423,0.2443,219728.2
2025-05-09 18:20:00+09:00,0.2443,0.2449,0.2427,0.2443,101914.0
2025-05-09 18:25:00+09:00,0.2442,0.2449,0.2412,0.2428,131365.4
2025-05-09 18:30:00+09:00,0.2426,0.2446,0.2426,0.2439,110513.6
2025-05-09 18:35:00+09:00,0.244,0.2443,0.2418,0.2442,94873.5
2025-05-09 18:40:00+09:00,0.2442,0.2455,0.2441,0.2452,69465.9
2025-05-09 18:45:00+09:00,0.2452,0.2466,0.2452,0.2454,50099.0
2025-05-09 18:50:00+09:00,0.2454,0.2456,0.244,0.2444,40081.4
2025-05-09 18:55:00+09:00,0.2446,0.2459,0.2444,0.2457,7782.5
2025-05-09 19:00:00+09:00,0.2459,0.246,0.2438,0.2438,34453.0
2025-05-09 19:05:00+09:00,0.2438,0.245,0.2436,0.2449,27843.1
2025-05-09 19:10:00+09:00,0.2451,0.2464,0.2451,0.2452,49433.7
2025-05-09 19:15:00+09:00,0.2454,0.2455,0.2442,0.2443,4931.6
2025-05-09 19:20:00+09:00,0.2441,0.2444,0.2432,0.2442,79758.3
2025-05-09 19:25:00+09:00,0.244,0.2444,0.2437,0.2442,15500.9
2025-05-09 19:30:00+09:00,0.2441,0.2444,0.2427,0.2428,54892.1
2025-05-09 19:35:00+09:00,0.2428,0.2434,0.2424,0.2434,35631.7
2025-05-09 19:40:00+09:00,0.2435,0.2447,0.243,0.2447,39300.3
2025-05-09 19:45:00+09:00,0.2445,0.2455,0.2442,0.2453,12513.2
2025-05-09 19:50:00+09:00,0.2452,0.2459,0.245,0.2455,26939.6
2025-05-09 19:55:00+09:00,0.2456,0.2462,0.2452,0.2459,66549.5
2025-05-09 20:00:00+09:00,0.246,0.2467,0.2453,0.2459,37017.2
2025-05-09 20:05:00+09:00,0.2459,0.2473,0.2453,0.2465,40701.6
2025-05-09 20:10:00+09:00,0.2466,0.247,0.2458,0.2462,36096.2
2025-05-09 20:15:00+09:00,0.2461,0.2477,0.246,0.2475,13418.3
2025-05-09 20:20:00+09:00,0.2476,0.2482,0.2472,0.2479,10590.7
2025-05-09 20:25:00+09:00,0.2478,0.248,0.2432,0.2451,386600.6
2025-05-09 20:30:00+09:00,0.245,0.2453,0.2435,0.2448,37288.5
2025-05-09 20:35:00+09:00,0.2449,0.2449,0.2433,0.2438,25325.7
2025-05-09 20:40:00+09:00,0.2439,0.2453,0.2438,0.2453,21208.7
2025-05-09 20:45:00+09:00,0.2456,0.2459,0.2448,0.2452,9877.9
2025-05-09 20:50:00+09:00,0.2453,0.2453,0.2444,0.245,5225.2
2025-05-09 20:55:00+09:00,0.245,0.2455,0.2442,0.2446,67411.1
2025-05-09 21:00:00+09:00,0.2446,0.245,0.2436,0.2437,32038.5
2025-05-09 21:05:00+09:00,0.2438,0.2443,0.2414,0.2422,40069.1
2025-05-09 21:10:00+09:00,0.2423,0.2428,0.2414,0.2427,44678.1
2025-05-09 21:15:00+09:00,0.2427,0.2433,0.2417,0.2433,29975.4
2025-05-09 21:20:00+09:00,0.2432,0.2447,0.2432,0.2447,9516.1
2025-05-09 21:25:00+09:00,0.2448,0.2448,0.244,0.2442,9215.4
2025-05-09 21:30:00+09:00,0.2441,0.2445,0.244,0.2444,5280.3
2025-05-09 21:35:00+09:00,0.2445,0.2445,0.244,0.2443,11900.9
2025-05-09 21:40:00+09:00,0.2444,0.2448,0.2438,0.2445,36425.2
2025-05-09 21:45:00+09:00,0.2447,0.2457,0.2447,0.2457,12333.7
2025-05-09 21:50:00+09:00,0.2458,0.246,0.2454,0.246,3819.6
2025-05-09 21:55:00+09:00,0.246,0.246,0.2454,0.2455,4244.8
2025-05-09 22:00:00+09:00,0.2456,0.2468,0.2455,0.2468,24986.7
2025-05-09 22:05:00+09:00,0.2468,0.2469,0.2461,0.2461,10075.2
2025-05-09 22:10:00+09:00,0.2461,0.2466,0.2459,0.2464,12493.8
2025-05-09 22:15:00+09:00,0.2464,0.2468,0.2459,0.2465,56679.9
2025-05-09 22:20:00+09:00,0.2466,0.2467,0.2461,0.2463,13638.8
2025-05-09 22:25:00+09:00,0.2464,0.2472,0.2464,0.247,11163.8
2025-05-09 22:30:00+09:00,0.2471,0.2476,0.2452,0.2476,59284.4
2025-05-09 22:35:00+09:00,0.2475,0.2484,0.2473,0.2474,21423.4
2025-05-09 22:40:00+09:00,0.2475,0.2481,0.247,0.2475,18389.0
2025-05-09 22:45:00+09:00,0.2477,0.2495,0.2477,0.2494,25476.8
2025-05-09 22:50:00+09:00,0.2494,0.2494,0.248,0.2487,17254.0
2025-05-09 22:55:00+09:00,0.2488,0.249,0.2482,0.2482,5695.8
2025-05-09 23:00:00+09:00,0.248,0.248,0.2465,0.247,28150.2
2025-05-09 23:05:00+09:00,0.2471,0.2483,0.2467,0.2477,36851.0
2025-05-09 23:10:00+09:00,0.2476,0.249,0.2476,0.249,15837.8
2025-05-09 23:15:00+09:00,0.249,0.2492,0.2478,0.2478,19852.8
2025-05-09 23:20:00+09:00,0.2475,0.2479,0.2464,0.2468,24791.5
2025-05-09 23:25:00+09:00,0.2467,0.2467,0.2449,0.2449,97988.7
2025-05-09 23:30:00+09:00,0.2448,0.2462,0.2446,0.2462,53146.6
2025-05-09 23:35:00+09:00,0.2463,0.2463,0.2426,0.2431,150761.5
2025-05-09 23:40:00+09:00,0.2432,0.2453,0.2425,0.2452,25921.2
2025-05-09 23:45:00+09:00,0.2452,0.2455,0.2429,0.244,31708.3
2025-05-09 23:50:00+09:00,0.244,0.2449,0.2439,0.2447,28659.4
2025-05-09 23:55:00+09:00,0.2448,0.2457,0.2447,0.2455,19593.5
2025-05-10 00:00:00+09:00,0.2456,0.246,0.2448,0.2458,24790.4
2025-05-10 00:05:00+09:00,0.246,0.2476,0.246,0.2469,34344.8
2025-05-10 00:10:00+09:00,0.2469,0.2469,0.2457,0.2466,78194.6
2025-05-10 00:15:00+09:00,0.2466,0.247,0.2463,0.2466,24525.9
2025-05-10 00:20:00+09:00,0.2466,0.2467,0.2444,0.2448,19236.1
2025-05-10 00:25:00+09:00,0.2449,0.2463,0.2448,0.2463,57294.3
2025-05-10 00:30:00+09:00,0.2463,0.2467,0.2452,0.2463,11692.8
2025-05-10 00:35:00+09:00,0.2463,0.247,0.2458,0.2462,26863.1
2025-05-10 00:40:00+09:00,0.2463,0.2464,0.2445,0.2458,25438.5
2025-05-10 00:45:00+09:00,0.246,0.2461,0.2445,0.2448,38097.5
2025-05-10 00:50:00+09:00,0.2449,0.2468,0.2449,0.2463,9239.0
2025-05-10 00:55:00+09:00,0.2461,0.2469,0.246,0.2469,4393.8
2025-05-10 01:00:00+09:00,0.247,0.2478,0.2458,0.2458,71341.8
2025-05-10 01:05:00+09:00,0.2459,0.2465,0.2436,0.2436,53428.6
2025-05-10 01:10:00+09:00,0.2437,0.2459,0.2437,0.2457,12548.8
2025-05-10 01:15:00+09:00,0.2457,0.2465,0.2449,0.2463,23365.0
2025-05-10 01:20:00+09:00,0.2464,0.247,0.2463,0.247,21040.9
2025-05-10 01:25:00+09:00,0.2472,0.2474,0.2459,0.246,22308.2
2025-05-10 01:30:00+09:00,0.2459,0.2468,0.2458,0.2467,11290.5
2025-05-10 01:35:00+09:00,0.2469,0.2478,0.2461,0.2461,27943.5
2025-05-10 01:40:00+09:00,0.246,0.2468,0.246,0.2468,25658.7
2025-05-10 01:45:00+09:00,0.2466,0.2472,0.2459,0.2461,14606.1
2025-05-10 01:50:00+09:00,0.246,0.2461,0.245,0.2456,5185.2
2025-05-10 01:55:00+09:00,0.2456,0.2457,0.2443,0.2448,12986.3
2025-05-10 02:00:00+09:00,0.2447,0.2456,0.2444,0.2452,12932.9
2025-05-10 02:05:00+09:00,0.2452,0.2464,0.245,0.2463,14808.8
2025-05-10 02:10:00+09:00,0.2462,0.2466,0.2462,0.2463,5201.2
2025-05-10 02:15:00+09:00,0.2464,0.248,0.2464,0.2479,13525.2
2025-05-10 02:20:00+09:00,0.2479,0.2479,0.2471,0.2476,38246.0
2025-05-10 02:25:00+09:00,0.2477,0.248,0.2475,0.2479,6547.1
2025-05-10 02:30:00+09:00,0.2479,0.2485,0.2477,0.2485,15279.2
2025-05-10 02:35:00+09:00,0.2486,0.2495,0.2484,0.2491,11081.8
2025-05-10 02:40:00+09:00,0.2488,0.2491,0.2487,0.2489,2371.0
2025-05-10 02:45:00+09:00,0.2488,0.2502,0.2488,0.2498,16960.4
2025-05-10 02:50:00+09:00,0.2497,0.2497,0.249,0.2494,10679.4
2025-05-10 02:55:00+09:00,0.2493,0.2497,0.2492,0.2497,4480.8
2025-05-10 03:00:00+09:00,0.2496,0.25,0.2491,0.2491,13081.2
2025-05-10 03:05:00+09:00,0.249,0.2493,0.2488,0.2488,954.6
2025-05-10 03:10:00+09:00,0.2487,0.2493,0.2484,0.2493,10142.2
2025-05-10 03:15:00+09:00,0.2491,0.2495,0.2481,0.2489,30929.5
2025-05-10 03:20:00+09:00,0.249,0.2493,0.2486,0.2486,4621.6
2025-05-10 03:25:00+09:00,0.2486,0.2492,0.2486,0.2489,5395.1
2025-05-10 03:30:00+09:00,0.2488,0.2496,0.2488,0.2496,3725.1
2025-05-10 03:35:00+09:00,0.2496,0.2501,0.2492,0.2495,11581.9
2025-05-10 03:40:00+09:00,0.2496,0.2501,0.2495,0.2499,18453.7
2025-05-10 03:45:00+09:00,0.2499,0.251,0.2498,0.2507,10890.5
2025-05-10 03:50:00+09:00,0.251,0.2513,0.2505,0.2507,5921.4
2025-05-10 03:55:00+09:00,0.2509,0.2509,0.2504,0.2504,4390.7
2025-05-10 04:00:00+09:00,0.2505,0.2508,0.2503,0.2507,11871.0
2025-05-10 04:05:00+09:00,0.2508,0.2508,0.2497,0.2501,23202.7
2025-05-10 04:10:00+09:00,0.25,0.25,0.2494,0.2494,11592.4
2025-05-10 04:15:00+09:00,0.2492,0.2493,0.2484,0.2492,11344.5
2025-05-10 04:20:00+09:00,0.2492,0.2497,0.2486,0.249,25018.0
2025-05-10 04:25:00+09:00,0.2492,0.25,0.2492,0.25,2468.8
2025-05-10 04:30:00+09:00,0.25,0.2505,0.2499,0.2502,11854.4
2025-05-10 04:35:00+09:00,0.2501,0.2501,0.2498,0.2501,14121.5
2025-05-10 04:40:00+09:00,0.25,0.25,0.2492,0.25,22224.9
2025-05-10 04:45:00+09:00,0.2501,0.2501,0.2489,0.2493,35385.3
2025-05-10 04:50:00+09:00,0.2494,0.2495,0.249,0.2495,2010.8
2025-05-10 04:55:00+09:00,0.2494,0.2494,0.2489,0.2491,7554.0
2025-05-10 05:00:00+09:00,0.2492,0.2495,0.2485,0.2495,5026.5
2025-05-10 05:05:00+09:00,0.2494,0.2495,0.249,0.2495,2056.7
2025-05-10 05:10:00+09:00,0.2496,0.2504,0.2496,0.2503,39428.8
2025-05-10 05:15:00+09:00,0.2504,0.2517,0.2504,0.2515,19344.2
2025-05-10 05:20:00+09:00,0.2517,0.2523,0.2517,0.2523,8555.3
2025-05-10 05:25:00+09:00,0.2523,0.2528,0.2523,0.2526,57768.3
2025-05-10 05:30:00+09:00,0.2526,0.2529,0.2521,0.2527,60230.7
2025-05-10 05:35:00+09:00,0.2525,0.2525,0.2507,0.2509,15891.4
2025-05-10 05:40:00+09:00,0.2508,0.251,0.2507,0.251,4101.5
2025-05-10 05:45:00+09:00,0.2509,0.2519,0.2506,0.2517,52772.8
2025-05-10 05:50:00+09:00,0.2518,0.2525,0.2518,0.2522,12505.9
2025-05-10 05:55:00+09:00,0.2524,0.2527,0.2524,0.2527,4413.0
2025-05-10 06:00:00+09:00,0.2527,0.2529,0.2521,0.2525,8293.5
2025-05-10 06:05:00+09:00,0.2525,0.2534,0.2525,0.2533,4228.6
2025-05-10 06:10:00+09:00,0.2535,0.2535,0.2529,0.2529,13535.4
2025-05-10 06:15:00+09:00,0.2527,0.2527,0.2517,0.2517,14210.6
2025-05-10 06:20:00+09:00,0.2515,0.2515,0.2497,0.25,16082.3
2025-05-10 06:25:00+09:00,0.25,0.2506,0.25,0.2505,1589.1
2025-05-10 06:30:00+09:00,0.2507,0.2517,0.2507,0.2517,5141.5
2025-05-10 06:35:00+09:00,0.2519,0.2523,0.2519,0.2523,194.5
2025-05-10 06:40:00+09:00,0.2527,0.2528,0.252,0.2521,16536.1
2025-05-10 06:45:00+09:00,0.2518,0.2521,0.2507,0.2508,23905.5
2025-05-10 06:50:00+09:00,0.2507,0.2507,0.2503,0.2505,7204.0
2025-05-10 06:55:00+09:00,0.2506,0.2506,0.2502,0.2503,12133.7
2025-05-10 07:00:00+09:00,0.2503,0.2513,0.2503,0.2505,9981.4
2025-05-10 07:05:00+09:00,0.2507,0.2507,0.2502,0.2503,6244.4
2025-05-10 07:10:00+09:00,0.2505,0.2509,0.2505,0.2505,1396.5
2025-05-10 07:15:00+09:00,0.2507,0.2508,0.2496,0.2496,2158.0
2025-05-10 07:20:00+09:00,0.2497,0.25,0.2496,0.25,15351.9
2025-05-10 07:25:00+09:00,0.2501,0.2517,0.25,0.2516,9622.8
2025-05-10 07:30:00+09:00,0.2516,0.2519,0.2509,0.251,51943.4
2025-05-10 07:35:00+09:00,0.251,0.2525,0.251,0.2525,52143.0
2025-05-10 07:40:00+09:00,0.2526,0.2534,0.2519,0.2534,12207.9
2025-05-10 07:45:00+09:00,0.2532,0.2534,0.2525,0.2527,7228.9
2025-05-10 07:50:00+09:00,0.2528,0.2529,0.2525,0.2525,3683.7
2025-05-10 07:55:00+09:00,0.2525,0.2527,0.2521,0.2524,39937.1
2025-05-10 08:00:00+09:00,0.2523,0.2524,0.2514,0.2514,12673.4
2025-05-10 08:05:00+09:00,0.2514,0.2514,0.2505,0.2505,285.6
2025-05-10 08:10:00+09:00,0.2503,0.2508,0.2503,0.2508,12684.7
2025-05-10 08:15:00+09:00,0.2506,0.2506,0.2505,0.2505,3488.2
2025-05-10 08:20:00+09:00,0.2506,0.2507,0.2505,0.2507,2400.1
2025-05-10 08:25:00+09:00,0.2507,0.2515,0.2507,0.2515,14519.9
2025-05-10 08:30:00+09:00,0.2514,0.252,0.2513,0.252,754.5
2025-05-10 08:35:00+09:00,0.2523,0.2527,0.2523,0.2527,803.8
2025-05-10 08:40:00+09:00,0.2529,0.253,0.2527,0.253,396.5
2025-05-10 08:45:00+09:00,0.2531,0.2531,0.2526,0.253,40004.2
2025-05-10 08:50:00+09:00,0.2532,0.2536,0.2532,0.2535,5810.4
2025-05-10 08:55:00+09:00,0.2535,0.2548,0.2535,0.2544,12250.7
2025-05-10 09:00:00+09:00,0.2544,0.2549,0.2538,0.2547,13838.4
2025-05-10 09:05:00+09:00,0.255,0.256,0.2547,0.256,77981.7
2025-05-10 09:10:00+09:00,0.256,0.256,0.2553,0.256,2609.8
2025-05-10 09:15:00+09:00,0.2556,0.2578,0.2556,0.2578,8667.6
2025-05-10 09:20:00+09:00,0.2577,0.2582,0.2575,0.2578,24965.6
2025-05-10 09:25:00+09:00,0.2576,0.2579,0.2569,0.2576,48843.7
2025-05-10 09:30:00+09:00,0.2575,0.2575,0.255,0.2555,33170.7
2025-05-10 09:35:00+09:00,0.2556,0.2571,0.2556,0.2559,35595.7
2025-05-10 09:40:00+09:00,0.2557,0.2557,0.2551,0.2555,5489.8
2025-05-10 09:45:00+09:00,0.2552,0.2552,0.251,0.2518,9477.7
2025-05-10 09:50:00+09:00,0.2517,0.2529,0.251,0.251,16936.3
2025-05-10 09:55:00+09:00,0.2507,0.2511,0.2497,0.2508,39960.6
2025-05-10 10:00:00+09:00,0.2509,0.2518,0.2508,0.2518,7174.7
2025-05-10 10:05:00+09:00,0.2518,0.2526,0.2505,0.2523,61026.1
2025-05-10 10:10:00+09:00,0.2521,0.2526,0.2515,0.2515,2548.9
2025-05-10 10:15:00+09:00,0.2516,0.2526,0.2511,0.2516,18174.2
2025-05-10 10:20:00+09:00,0.2517,0.2532,0.2517,0.2532,3966.5
2025-05-10 10:25:00+09:00,0.2531,0.2538,0.2531,0.2538,8121.1
2025-05-10 10:30:00+09:00,0.2536,0.2536,0.2525,0.253,6298.2
2025-05-10 10:35:00+09:00,0.2531,0.2532,0.2526,0.2527,3362.6
2025-05-10 10:40:00+09:00,0.2528,0.2528,0.2509,0.2509,3475.0
2025-05-10 10:45:00+09:00,0.251,0.2517,0.2505,0.2505,44173.4
2025-05-10 10:50:00+09:00,0.2503,0.2503,0.2476,0.2489,114353.3
2025-05-10 10:55:00+09:00,0.2489,0.25,0.2489,0.2491,7000.7
2025-05-10 11:00:00+09:00,0.2489,0.2503,0.2486,0.249,42816.0
2025-05-10 11:05:00+09:00,0.2486,0.2523,0.2486,0.2523,66697.0
2025-05-10 11:10:00+09:00,0.2523,0.2525,0.2517,0.252,17146.8
2025-05-10 11:15:00+09:00,0.2524,0.2524,0.2506,0.2511,6091.1
2025-05-10 11:20:00+09:00,0.2512,0.2525,0.2512,0.2521,15763.3
2025-05-10 11:25:00+09:00,0.2522,0.2524,0.2518,0.2521,12473.4
2025-05-10 11:30:00+09:00,0.2526,0.2526,0.2507,0.2523,21152.5
2025-05-10 11:35:00+09:00,0.2526,0.2533,0.2514,0.2517,27715.9
2025-05-10 11:40:00+09:00,0.2518,0.2519,0.2511,0.2511,1462.5
2025-05-10 11:45:00+09:00,0.2513,0.2518,0.2511,0.2514,3789.9
2025-05-10 11:50:00+09:00,0.2512,0.2513,0.2512,0.2512,559.7
2025-05-10 11:55:00+09:00,0.2517,0.2519,0.2517,0.2517,1226.4
2025-05-10 12:00:00+09:00,0.2515,0.2517,0.2513,0.2513,5391.7
2025-05-10 12:05:00+09:00,0.2514,0.2517,0.2506,0.2511,5863.2
2025-05-10 12:10:00+09:00,0.2516,0.2519,0.2511,0.2514,15307.3
2025-05-10 12:15:00+09:00,0.2518,0.2518,0.2517,0.2518,1276.3
2025-05-10 12:20:00+09:00,0.2516,0.2519,0.2509,0.2519,5341.6
2025-05-10 12:25:00+09:00,0.2518,0.2521,0.2517,0.2521,2581.1
2025-05-10 12:30:00+09:00,0.2523,0.2525,0.252,0.2523,1088.5
2025-05-10 12:35:00+09:00,0.2522,0.2529,0.2521,0.2524,4761.6
2025-05-10 12:40:00+09:00,0.2523,0.2523,0.2515,0.2517,13010.2
2025-05-10 12:45:00+09:00,0.2518,0.2527,0.2518,0.2523,1124.9
2025-05-10 12:50:00+09:00,0.2525,0.253,0.2525,0.253,520.0
2025-05-10 12:55:00+09:00,0.253,0.2531,0.2524,0.2526,31067.3
2025-05-10 13:00:00+09:00,0.2528,0.2528,0.2513,0.2515,9410.4
2025-05-10 13:05:00+09:00,0.2519,0.2521,0.2504,0.2505,11285.9
2025-05-10 13:10:00+09:00,0.2505,0.2508,0.25,0.2502,3643.0
2025-05-10 13:15:00+09:00,0.2502,0.2503,0.2491,0.25,10443.6
2025-05-10 13:20:00+09:00,0.2497,0.2506,0.2497,0.2505,12247.9
2025-05-10 13:25:00+09:00,0.2509,0.2509,0.2505,0.2505,1198.1
2025-05-10 13:30:00+09:00,0.2507,0.2511,0.25,0.2511,8308.5
2025-05-10 13:35:00+09:00,0.2514,0.2526,0.2507,0.2519,95916.0
2025-05-10 13:40:00+09:00,0.2518,0.2524,0.2507,0.2512,108257.3
2025-05-10 13:45:00+09:00,0.2512,0.2521,0.2512,0.2521,1243.8
2025-05-10 13:50:00+09:00,0.2523,0.2529,0.2523,0.2526,8559.0
2025-05-10 13:55:00+09:00,0.2528,0.2528,0.252,0.2525,1718.1
2025-05-10 14:00:00+09:00,0.2528,0.2534,0.2525,0.2534,5593.2
2025-05-10 14:05:00+09:00,0.2533,0.2538,0.2533,0.2537,787.0
2025-05-10 14:10:00+09:00,0.2537,0.2537,0.2532,0.2535,6049.2
2025-05-10 14:15:00+09:00,0.2539,0.254,0.253,0.253,14465.3
2025-05-10 14:20:00+09:00,0.2528,0.2534,0.2524,0.2524,1671.2
2025-05-10 14:25:00+09:00,0.2527,0.253,0.2527,0.2528,1286.0
2025-05-10 14:30:00+09:00,0.2528,0.2528,0.2525,0.2528,7209.5
2025-05-10 14:35:00+09:00,0.2527,0.2528,0.2527,0.2528,1150.5
2025-05-10 14:40:00+09:00,0.253,0.2537,0.253,0.2537,1348.0
2025-05-10 14:45:00+09:00,0.2537,0.2545,0.2537,0.2545,2374.4
2025-05-10 14:50:00+09:00,0.2549,0.2558,0.2547,0.2558,2024.2
2025-05-10 14:55:00+09:00,0.2561,0.2561,0.255,0.2553,39727.6
2025-05-10 15:00:00+09:00,0.2553,0.2559,0.2549,0.2556,5170.3
2025-05-10 15:05:00+09:00,0.2557,0.2566,0.2557,0.2566,13448.9
2025-05-10 15:10:00+09:00,0.2564,0.2564,0.256,0.2561,5335.7
2025-05-10 15:15:00+09:00,0.2558,0.2575,0.2558,0.2573,4360.2
2025-05-10 15:20:00+09:00,0.2573,0.2575,0.2567,0.2571,2682.3
2025-05-10 15:25:00+09:00,0.2574,0.2583,0.2574,0.2578,4361.7
2025-05-10 15:30:00+09:00,0.2579,0.2579,0.2561,0.2573,44802.9
2025-05-10 15:35:00+09:00,0.2573,0.2576,0.257,0.2571,2858.5
2025-05-10 15:40:00+09:00,0.2569,0.2569,0.2557,0.2559,3338.6
2025-05-10 15:45:00+09:00,0.2557,0.2565,0.2546,0.2549,25197.3
2025-05-10 15:50:00+09:00,0.2548,0.2553,0.2548,0.2552,1930.8
2025-05-10 15:55:00+09:00,0.2553,0.2569,0.2553,0.2569,6688.8
2025-05-10 16:00:00+09:00,0.257,0.2575,0.2564,0.2571,10013.2
2025-05-10 16:05:00+09:00,0.2573,0.2584,0.2573,0.2584,10700.4
2025-05-10 16:10:00+09:00,0.2579,0.2594,0.2579,0.2582,67307.1
2025-05-10 16:15:00+09:00,0.2581,0.2583,0.2573,0.2583,54485.1
2025-05-10 16:20:00+09:00,0.2595,0.2596,0.2584,0.2584,5912.4
2025-05-10 16:25:00+09:00,0.2581,0.2582,0.2565,0.2578,106274.7
2025-05-10 16:30:00+09:00,0.2578,0.2584,0.2531,0.2538,523848.1
2025-05-10 16:35:00+09:00,0.254,0.2544,0.2524,0.2524,37919.9
2025-05-10 16:40:00+09:00,0.2528,0.2545,0.2528,0.2534,103917.5
2025-05-10 16:45:00+09:00,0.2534,0.2541,0.253,0.2538,39146.3
2025-05-10 16:50:00+09:00,0.2534,0.2542,0.253,0.2542,16204.1
2025-05-10 16:55:00+09:00,0.2544,0.2557,0.2544,0.255,95416.7
2025-05-10 17:00:00+09:00,0.2547,0.2558,0.2547,0.2558,38506.7
2025-05-10 17:05:00+09:00,0.2558,0.2567,0.2549,0.2551,17781.2
2025-05-10 17:10:00+09:00,0.2554,0.2565,0.2549,0.2562,55803.0
2025-05-10 17:15:00+09:00,0.2564,0.2574,0.2562,0.2567,21432.5
2025-05-10 17:20:00+09:00,0.2566,0.2576,0.2555,0.2572,19205.2
2025-05-10 17:25:00+09:00,0.2573,0.2573,0.2565,0.2566,8742.5
2025-05-10 17:30:00+09:00,0.2565,0.2566,0.2555,0.256,5929.4
2025-05-10 17:35:00+09:00,0.2559,0.2562,0.255,0.2562,16836.7
2025-05-10 17:40:00+09:00,0.2562,0.2568,0.2557,0.2568,9900.2
2025-05-10 17:45:00+09:00,0.2566,0.2568,0.2562,0.2562,3287.9
2025-05-10 17:50:00+09:00,0.2559,0.2559,0.2531,0.2535,42401.8
2025-05-10 17:55:00+09:00,0.2538,0.2548,0.2521,0.2527,168640.2
2025-05-10 18:00:00+09:00,0.253,0.2532,0.2512,0.252,43590.3
2025-05-10 18:05:00+09:00,0.2519,0.2534,0.2518,0.2529,28794.5
2025-05-10 18:10:00+09:00,0.253,0.2534,0.253,0.2533,3936.5
2025-05-10 18:15:00+09:00,0.2537,0.255,0.2536,0.255,4716.7
2025-05-10 18:20:00+09:00,0.255,0.2562,0.255,0.2559,16601.0
2025-05-10 18:25:00+09:00,0.2561,0.2565,0.2557,0.2565,4101.6
2025-05-10 18:30:00+09:00,0.2564,0.2564,0.2549,0.2556,29519.6
2025-05-10 18:35:00+09:00,0.2555,0.2577,0.2555,0.257,23139.2
2025-05-10 18:40:00+09:00,0.2572,0.2575,0.2558,0.2558,6214.2
2025-05-10 18:45:00+09:00,0.256,0.2582,0.256,0.2577,23616.2
2025-05-10 18:50:00+09:00,0.2577,0.2581,0.2574,0.2574,2500.5
2025-05-10 18:55:00+09:00,0.2574,0.258,0.2555,0.2558,79962.8
2025-05-10 19:00:00+09:00,0.2559,0.256,0.2546,0.2557,18690.0
2025-05-10 19:05:00+09:00,0.2557,0.2559,0.2553,0.2557,5904.3
2025-05-10 19:10:00+09:00,0.2556,0.2564,0.2556,0.2559,9395.0
2025-05-10 19:15:00+09:00,0.2558,0.2561,0.2546,0.2552,24830.7
2025-05-10 19:20:00+09:00,0.2553,0.2556,0.255,0.2555,106471.8
2025-05-10 19:25:00+09:00,0.2555,0.2561,0.2555,0.2558,4395.2
2025-05-10 19:30:00+09:00,0.2559,0.2561,0.2557,0.2558,6526.3
2025-05-10 19:35:00+09:00,0.2558,0.2559,0.2546,0.255,65843.9
2025-05-10 19:40:00+09:00,0.2548,0.2559,0.2547,0.255,25991.9
2025-05-10 19:45:00+09:00,0.2552,0.2554,0.254,0.2552,21919.5
2025-05-10 19:50:00+09:00,0.255,0.2553,0.2539,0.2539,19086.0
2025-05-10 19:55:00+09:00,0.254,0.2541,0.2529,0.2538,76241.8
2025-05-10 20:00:00+09:00,0.2537,0.2546,0.2536,0.2546,56004.6
2025-05-10 20:05:00+09:00,0.2546,0.2561,0.2546,0.256,11796.9
2025-05-10 20:10:00+09:00,0.2561,0.2572,0.2558,0.2572,10444.2
2025-05-10 20:15:00+09:00,0.2572,0.2574,0.2551,0.2553,64024.7
2025-05-10 20:20:00+09:00,0.2553,0.2558,0.2548,0.2554,66714.7
2025-05-10 20:25:00+09:00,0.2555,0.256,0.255,0.256,31650.0
2025-05-10 20:30:00+09:00,0.2557,0.2559,0.2517,0.2525,145525.5
2025-05-10 20:35:00+09:00,0.2527,0.2527,0.2517,0.252,55809.2
2025-05-10 20:40:00+09:00,0.2518,0.2518,0.2501,0.2502,38114.3
2025-05-10 20:45:00+09:00,0.2504,0.2518,0.2503,0.2518,43226.4
2025-05-10 20:50:00+09:00,0.2522,0.253,0.252,0.253,22770.3
2025-05-10 20:55:00+09:00,0.2528,0.2552,0.2523,0.2545,87256.4
2025-05-10 21:00:00+09:00,0.2545,0.2568,0.2545,0.2564,90424.3
2025-05-10 21:05:00+09:00,0.2568,0.2574,0.2562,0.2563,68704.8
2025-05-10 21:10:00+09:00,0.2563,0.2571,0.2562,0.2569,77751.0
2025-05-10 21:15:00+09:00,0.257,0.2579,0.2566,0.2572,18363.8
2025-05-10 21:20:00+09:00,0.257,0.2582,0.2569,0.2577,5880.3
2025-05-10 21:25:00+09:00,0.2577,0.2583,0.2575,0.258,5726.0
2025-05-10 21:30:00+09:00,0.2576,0.2581,0.2571,0.2575,9216.1
2025-05-10 21:35:00+09:00,0.2574,0.2575,0.2567,0.2567,12092.8
2025-05-10 21:40:00+09:00,0.2567,0.2577,0.2561,0.2565,56077.6
2025-05-10 21:45:00+09:00,0.2566,0.258,0.2563,0.2572,12611.5
2025-05-10 21:50:00+09:00,0.2576,0.2598,0.2576,0.2593,41248.2
2025-05-10 21:55:00+09:00,0.2594,0.26,0.2594,0.2597,14567.9
2025-05-10 22:00:00+09:00,0.2596,0.2603,0.2588,0.2596,42625.9
2025-05-10 22:05:00+09:00,0.2593,0.2596,0.2585,0.2586,8194.1
2025-05-10 22:10:00+09:00,0.2585,0.2588,0.2573,0.2575,17378.6
2025-05-10 22:15:00+09:00,0.2577,0.2577,0.2559,0.2559,9361.1
2025-05-10 22:20:00+09:00,0.256,0.2565,0.2558,0.2563,41156.3
2025-05-10 22:25:00+09:00,0.2563,0.2572,0.2563,0.2568,7328.3
2025-05-10 22:30:00+09:00,0.256,0.256,0.255,0.2557,19079.5
2025-05-10 22:35:00+09:00,0.2558,0.2567,0.2556,0.256,15905.2
2025-05-10 22:40:00+09:00,0.2559,0.2569,0.2558,0.2564,4062.1
2025-05-10 22:45:00+09:00,0.2563,0.2584,0.2563,0.2582,12162.6
2025-05-10 22:50:00+09:00,0.2579,0.259,0.2577,0.2589,23907.9
2025-05-10 22:55:00+09:00,0.2589,0.2595,0.2587,0.2592,9866.0
2025-05-10 23:00:00+09:00,0.2594,0.2596,0.2572,0.2578,9909.4
2025-05-10 23:05:00+09:00,0.2576,0.2578,0.2569,0.2578,13560.4
2025-05-10 23:10:00+09:00,0.2579,0.2579,0.257,0.2575,5105.1
2025-05-10 23:15:00+09:00,0.2571,0.2571,0.256,0.2565,37093.3
2025-05-10 23:20:00+09:00,0.2565,0.2577,0.2565,0.2576,2437.4
2025-05-10 23:25:00+09:00,0.2576,0.2576,0.257,0.257,411.6
2025-05-10 23:30:00+09:00,0.2573,0.2576,0.2566,0.2571,2248.0
2025-05-10 23:35:00+09:00,0.2572,0.2575,0.2568,0.2568,2467.9
2025-05-10 23:40:00+09:00,0.2568,0.2576,0.2568,0.2575,1051.1
2025-05-10 23:45:00+09:00,0.258,0.2585,0.2579,0.2581,4600.9
2025-05-10 23:50:00+09:00,0.2579,0.2582,0.2578,0.258,2207.5
2025-05-10 23:55:00+09:00,0.258,0.258,0.2574,0.2574,805.3
2025-05-11 00:00:00+09:00,0.2573,0.2573,0.2558,0.2564,32878.0
2025-05-11 00:05:00+09:00,0.2565,0.2565,0.2551,0.2553,9282.9
2025-05-11 00:10:00+09:00,0.2555,0.2555,0.2543,0.2552,49266.7
2025-05-11 00:15:00+09:00,0.2553,0.2553,0.2521,0.2531,71092.3
2025-05-11 00:20:00+09:00,0.2529,0.2547,0.2529,0.2544,141115.5
2025-05-11 00:25:00+09:00,0.2542,0.2583,0.2538,0.257,229917.9
2025-05-11 00:30:00+09:00,0.2571,0.2577,0.2557,0.2558,42373.7
2025-05-11 00:35:00+09:00,0.2555,0.2555,0.2539,0.2551,21981.9
2025-05-11 00:40:00+09:00,0.2549,0.2556,0.2548,0.2556,6112.4
2025-05-11 00:45:00+09:00,0.2556,0.2564,0.2552,0.2556,21833.9
2025-05-11 00:50:00+09:00,0.2555,0.2555,0.2544,0.2553,3521.5
2025-05-11 00:55:00+09:00,0.2554,0.256,0.2551,0.2554,1314.9
2025-05-11 01:00:00+09:00,0.2553,0.2553,0.2534,0.2541,12835.4
2025-05-11 01:05:00+09:00,0.2539,0.254,0.2535,0.2538,2623.9
2025-05-11 01:10:00+09:00,0.254,0.2547,0.254,0.2544,9396.5
2025-05-11 01:15:00+09:00,0.2547,0.2572,0.2546,0.2558,60535.9
2025-05-11 01:20:00+09:00,0.2561,0.2565,0.2552,0.2553,45921.8
2025-05-11 01:25:00+09:00,0.2554,0.2559,0.2545,0.255,28508.3
2025-05-11 01:30:00+09:00,0.255,0.2562,0.255,0.256,27672.7
2025-05-11 01:35:00+09:00,0.2562,0.2573,0.2557,0.2569,25396.6
2025-05-11 01:40:00+09:00,0.2568,0.2571,0.2561,0.2571,8212.6
2025-05-11 01:45:00+09:00,0.2571,0.2577,0.2571,0.2575,4151.7
2025-05-11 01:50:00+09:00,0.258,0.2586,0.2577,0.2583,5878.2
2025-05-11 01:55:00+09:00,0.2583,0.2586,0.2581,0.2586,1046.4
2025-05-11 02:00:00+09:00,0.2582,0.2588,0.2578,0.2588,7557.7
2025-05-11 02:05:00+09:00,0.2587,0.2597,0.2587,0.259,3764.6
2025-05-11 02:10:00+09:00,0.2591,0.2591,0.2586,0.2588,1883.3
2025-05-11 02:15:00+09:00,0.2587,0.26,0.2586,0.2599,2342.1
2025-05-11 02:20:00+09:00,0.2597,0.2597,0.2593,0.2594,2761.7
2025-05-11 02:25:00+09:00,0.2592,0.2614,0.2589,0.2613,164908.5
2025-05-11 02:30:00+09:00,0.2613,0.2616,0.2605,0.2613,49108.1
2025-05-11 02:35:00+09:00,0.2612,0.2612,0.2601,0.2608,4985.3
2025-05-11 02:40:00+09:00,0.2609,0.2609,0.2594,0.2597,17893.4
2025-05-11 02:45:00+09:00,0.2602,0.261,0.2559,0.2563,278509.4
2025-05-11 02:50:00+09:00,0.2565,0.2582,0.2565,0.2577,24781.9
2025-05-11 02:55:00+09:00,0.2574,0.2574,0.2566,0.2569,43995.4
2025-05-11 03:00:00+09:00,0.2568,0.2578,0.2562,0.2576,37724.9
2025-05-11 03:05:00+09:00,0.2575,0.258,0.2568,0.2576,12772.9
2025-05-11 03:10:00+09:00,0.2574,0.2587,0.2574,0.2581,25495.2
2025-05-11 03:15:00+09:00,0.2583,0.2585,0.2578,0.2584,4813.8
2025-05-11 03:20:00+09:00,0.2587,0.2589,0.2577,0.2577,23865.5
2025-05-11 03:25:00+09:00,0.2577,0.2582,0.2572,0.2582,5564.0
2025-05-11 03:30:00+09:00,0.2582,0.259,0.2582,0.259,7954.1
2025-05-11 03:35:00+09:00,0.2587,0.259,0.2582,0.259,12182.1
2025-05-11 03:40:00+09:00,0.259,0.2591,0.2584,0.259,6943.7
2025-05-11 03:45:00+09:00,0.2591,0.2602,0.259,0.2596,4066.7
2025-05-11 03:50:00+09:00,0.2598,0.2613,0.2598,0.2613,8938.4
2025-05-11 03:55:00+09:00,0.261,0.261,0.2605,0.2609,6737.5
2025-05-11 04:00:00+09:00,0.2607,0.2617,0.2606,0.2615,14835.4
2025-05-11 04:05:00+09:00,0.2614,0.262,0.2599,0.2599,91640.4
2025-05-11 04:10:00+09:00,0.26,0.26,0.2585,0.2587,5489.8
2025-05-11 04:15:00+09:00,0.2585,0.2587,0.2583,0.2586,6014.8
2025-05-11 04:20:00+09:00,0.2584,0.2589,0.2581,0.2581,3757.3
2025-05-11 04:25:00+09:00,0.2584,0.2585,0.2578,0.2578,2174.3
2025-05-11 04:30:00+09:00,0.2576,0.2595,0.2574,0.2594,49140.0
2025-05-11 04:35:00+09:00,0.2591,0.2595,0.2589,0.2593,7757.6
2025-05-11 04:40:00+09:00,0.2592,0.2597,0.259,0.259,5149.5
2025-05-11 04:45:00+09:00,0.259,0.2593,0.2587,0.259,6333.0
2025-05-11 04:50:00+09:00,0.2589,0.2591,0.2586,0.2587,5079.6
2025-05-11 04:55:00+09:00,0.2588,0.2592,0.2586,0.2591,30791.2
2025-05-11 05:00:00+09:00,0.2591,0.2595,0.2588,0.2592,11541.6
2025-05-11 05:05:00+09:00,0.2591,0.2591,0.2577,0.2586,29710.0
2025-05-11 05:10:00+09:00,0.2591,0.2601,0.2589,0.26,6875.8
2025-05-11 05:15:00+09:00,0.2604,0.2607,0.2604,0.2607,143.1
2025-05-11 05:20:00+09:00,0.261,0.2615,0.2608,0.2615,2967.2
2025-05-11 05:25:00+09:00,0.2617,0.2621,0.2614,0.262,15644.3
2025-05-11 05:30:00+09:00,0.262,0.2626,0.2613,0.2625,51527.5
2025-05-11 05:35:00+09:00,0.2628,0.2642,0.2626,0.2637,34131.7
2025-05-11 05:40:00+09:00,0.2636,0.2641,0.2629,0.2637,7512.4
2025-05-11 05:45:00+09:00,0.2641,0.2647,0.2638,0.2646,1410.0
2025-05-11 05:50:00+09:00,0.2645,0.2645,0.2632,0.2637,26340.3
2025-05-11 05:55:00+09:00,0.2638,0.2642,0.2631,0.264,9844.0
2025-05-11 06:00:00+09:00,0.2638,0.264,0.2625,0.2627,21086.1
2025-05-11 06:05:00+09:00,0.2627,0.263,0.2618,0.2618,11922.1
2025-05-11 06:10:00+09:00,0.2617,0.2624,0.2614,0.2616,50337.7
2025-05-11 06:15:00+09:00,0.2618,0.2627,0.2609,0.2623,49129.7
2025-05-11 06:20:00+09:00,0.2619,0.2621,0.2613,0.2614,4337.4
2025-05-11 06:25:00+09:00,0.2612,0.2616,0.2612,0.2614,5903.5
2025-05-11 06:30:00+09:00,0.2612,0.2615,0.2609,0.261,2020.0
2025-05-11 06:35:00+09:00,0.2608,0.2608,0.2602,0.2602,10679.5
2025-05-11 06:40:00+09:00,0.2604,0.2605,0.2602,0.2602,12004.8
2025-05-11 06:45:00+09:00,0.2603,0.2617,0.2603,0.2607,39635.1
2025-05-11 06:50:00+09:00,0.2608,0.2608,0.2602,0.2606,4408.8
2025-05-11 06:55:00+09:00,0.2612,0.2619,0.2612,0.2618,2622.2
2025-05-11 07:00:00+09:00,0.2617,0.2621,0.2617,0.2619,2863.7
2025-05-11 07:05:00+09:00,0.2618,0.2629,0.2615,0.2627,1178.9
2025-05-11 07:10:00+09:00,0.2625,0.2632,0.2623,0.2632,683.3
2025-05-11 07:15:00+09:00,0.2632,0.2639,0.2628,0.2639,6820.9
2025-05-11 07:20:00+09:00,0.2639,0.2645,0.2639,0.2643,3100.6
2025-05-11 07:25:00+09:00,0.2644,0.2649,0.2644,0.2649,4015.0
2025-05-11 07:30:00+09:00,0.2649,0.266,0.2648,0.265,23299.7
2025-05-11 07:35:00+09:00,0.2652,0.267,0.2652,0.2663,34818.2
2025-05-11 07:40:00+09:00,0.2661,0.2669,0.2657,0.2667,2899.0
2025-05-11 07:45:00+09:00,0.2666,0.2666,0.2655,0.2662,4902.9
2025-05-11 07:50:00+09:00,0.2663,0.268,0.2659,0.2675,5338.4
2025-05-11 07:55:00+09:00,0.2676,0.2679,0.2672,0.2672,1445.8
2025-05-11 08:00:00+09:00,0.2672,0.2673,0.2662,0.2664,6207.8
2025-05-11 08:05:00+09:00,0.2663,0.2667,0.2661,0.2661,7874.0
2025-05-11 08:10:00+09:00,0.2659,0.2666,0.2656,0.2664,17979.5
2025-05-11 08:15:00+09:00,0.2664,0.2684,0.2664,0.2677,56872.6
2025-05-11 08:20:00+09:00,0.2675,0.2683,0.2666,0.2683,20392.1
2025-05-11 08:25:00+09:00,0.2679,0.2679,0.2665,0.2668,6911.8
2025-05-11 08:30:00+09:00,0.2669,0.2672,0.2651,0.2657,12573.5
2025-05-11 08:35:00+09:00,0.2658,0.2672,0.2658,0.2667,9429.1
2025-05-11 08:40:00+09:00,0.2669,0.2681,0.2666,0.268,44989.6
2025-05-11 08:45:00+09:00,0.2679,0.2697,0.2674,0.2695,69750.8
2025-05-11 08:50:00+09:00,0.2696,0.2703,0.2695,0.2703,27820.9
2025-05-11 08:55:00+09:00,0.2705,0.2705,0.2697,0.2697,51626.7
2025-05-11 09:00:00+09:00,0.2695,0.27,0.268,0.2699,40989.8
2025-05-11 09:05:00+09:00,0.2698,0.2709,0.2696,0.2699,34849.4
2025-05-11 09:10:00+09:00,0.2695,0.2704,0.2691,0.2702,25705.3
2025-05-11 09:15:00+09:00,0.2699,0.2699,0.2675,0.2676,131577.2
2025-05-11 09:20:00+09:00,0.2674,0.2675,0.2662,0.2666,37532.5
2025-05-11 09:25:00+09:00,0.2665,0.267,0.2626,0.2628,62413.2
2025-05-11 09:30:00+09:00,0.2629,0.2645,0.2629,0.2638,54087.2
2025-05-11 09:35:00+09:00,0.2639,0.2641,0.2627,0.2631,40205.5
2025-05-11 09:40:00+09:00,0.2632,0.2655,0.2631,0.2654,98057.6
2025-05-11 09:45:00+09:00,0.2654,0.2666,0.2654,0.2661,16165.7
2025-05-11 09:50:00+09:00,0.2662,0.2667,0.265,0.2655,11175.5
2025-05-11 09:55:00+09:00,0.2656,0.2662,0.2655,0.2662,10040.8
2025-05-11 10:00:00+09:00,0.2663,0.2663,0.2649,0.2658,11391.9
2025-05-11 10:05:00+09:00,0.266,0.267,0.2657,0.2669,2389.1
2025-05-11 10:10:00+09:00,0.2666,0.2674,0.2663,0.2673,7488.8
2025-05-11 10:15:00+09:00,0.2672,0.2674,0.2665,0.2672,5205.4
2025-05-11 10:20:00+09:00,0.2672,0.2676,0.2658,0.2658,5786.2
2025-05-11 10:25:00+09:00,0.2659,0.2676,0.2659,0.2676,10510.2
2025-05-11 10:30:00+09:00,0.2677,0.2677,0.2665,0.2675,8419.0
2025-05-11 10:35:00+09:00,0.267,0.2672,0.2662,0.2666,2796.6
2025-05-11 10:40:00+09:00,0.2663,0.2678,0.265,0.2675,238609.9
2025-05-11 10:45:00+09:00,0.2675,0.2679,0.2651,0.2651,127486.5
2025-05-11 10:50:00+09:00,0.265,0.265,0.2632,0.264,27278.8
2025-05-11 10:55:00+09:00,0.2642,0.2652,0.2638,0.2652,13238.5
2025-05-11 11:00:00+09:00,0.2653,0.2659,0.2647,0.2659,34052.6
2025-05-11 11:05:00+09:00,0.2658,0.2671,0.2657,0.2671,17666.9
2025-05-11 11:10:00+09:00,0.2673,0.2681,0.2673,0.268,4005.3
2025-05-11 11:15:00+09:00,0.2682,0.2684,0.2673,0.2674,7358.8
2025-05-11 11:20:00+09:00,0.2675,0.268,0.2674,0.2674,6446.3
2025-05-11 11:25:00+09:00,0.2673,0.2674,0.2669,0.2673,1793.1
2025-05-11 11:30:00+09:00,0.2674,0.2677,0.2671,0.2676,2483.6
2025-05-11 11:35:00+09:00,0.2677,0.2693,0.2677,0.2693,21597.2
2025-05-11 11:40:00+09:00,0.2695,0.27,0.2692,0.2695,36519.1
2025-05-11 11:45:00+09:00,0.2696,0.27,0.2689,0.2689,32356.2
2025-05-11 11:50:00+09:00,0.2688,0.2688,0.2654,0.2654,6535.7
2025-05-11 11:55:00+09:00,0.2654,0.2665,0.2654,0.2663,25579.7
2025-05-11 12:00:00+09:00,0.2661,0.2665,0.266,0.266,9185.0
2025-05-11 12:05:00+09:00,0.2659,0.2676,0.2659,0.2673,7187.1
2025-05-11 12:10:00+09:00,0.2679,0.2686,0.2679,0.2684,7662.1
2025-05-11 12:15:00+09:00,0.2685,0.2694,0.2685,0.2694,4678.5
2025-05-11 12:20:00+09:00,0.2695,0.2696,0.269,0.2695,32983.9
2025-05-11 12:25:00+09:00,0.2695,0.2695,0.2689,0.2694,1463.4
2025-05-11 12:30:00+09:00,0.2693,0.2693,0.2684,0.2686,2500.7
2025-05-11 12:35:00+09:00,0.2684,0.2684,0.2675,0.2675,848.0
2025-05-11 12:40:00+09:00,0.2675,0.269,0.2671,0.2688,61721.7
2025-05-11 12:45:00+09:00,0.2687,0.2687,0.2677,0.2686,35495.6
2025-05-11 12:50:00+09:00,0.2687,0.2692,0.2687,0.2689,6852.6
2025-05-11 12:55:00+09:00,0.2685,0.2686,0.2679,0.2685,12610.3
2025-05-11 13:00:00+09:00,0.2686,0.2687,0.2682,0.2682,644.2
2025-05-11 13:05:00+09:00,0.2684,0.2684,0.2678,0.2683,1943.7
2025-05-11 13:10:00+09:00,0.2686,0.27,0.2685,0.2699,39162.8
2025-05-11 13:15:00+09:00,0.2699,0.2702,0.2696,0.27,11033.2
2025-05-11 13:20:00+09:00,0.2701,0.2701,0.2691,0.2691,9308.0
2025-05-11 13:25:00+09:00,0.2694,0.2694,0.2689,0.269,530.6
2025-05-11 13:30:00+09:00,0.2688,0.2691,0.268,0.2686,6124.5
2025-05-11 13:35:00+09:00,0.2686,0.2686,0.2676,0.2676,749.9
2025-05-11 13:40:00+09:00,0.2678,0.2686,0.2678,0.2686,1155.8
2025-05-11 13:45:00+09:00,0.2685,0.2691,0.2684,0.2689,1189.0
2025-05-11 13:50:00+09:00,0.269,0.2714,0.269,0.2701,70228.2
2025-05-11 13:55:00+09:00,0.2701,0.2702,0.2698,0.2702,9869.8
2025-05-11 14:00:00+09:00,0.2702,0.2713,0.27,0.2709,7502.9
2025-05-11 14:05:00+09:00,0.2704,0.2704,0.2691,0.2692,9450.7
2025-05-11 14:10:00+09:00,0.2694,0.2694,0.2682,0.2682,21957.8
2025-05-11 14:15:00+09:00,0.2682,0.2683,0.2676,0.2679,3859.1
2025-05-11 14:20:00+09:00,0.2678,0.2683,0.2676,0.268,5546.2
2025-05-11 14:25:00+09:00,0.268,0.2683,0.2671,0.2672,3961.8
2025-05-11 14:30:00+09:00,0.2671,0.2683,0.2668,0.2683,60119.4
2025-05-11 14:35:00+09:00,0.2679,0.2685,0.2679,0.268,931.9
2025-05-11 14:40:00+09:00,0.2678,0.2688,0.2678,0.2685,8025.8
2025-05-11 14:45:00+09:00,0.2691,0.2691,0.2678,0.268,2757.7
2025-05-11 14:50:00+09:00,0.2678,0.2679,0.267,0.2672,1728.0
2025-05-11 14:55:00+09:00,0.2672,0.2672,0.2664,0.2664,30082.5
2025-05-11 15:00:00+09:00,0.2667,0.2667,0.2654,0.2662,14866.4
2025-05-11 15:05:00+09:00,0.2665,0.2665,0.2655,0.2664,11318.9
2025-05-11 15:10:00+09:00,0.2665,0.2671,0.2663,0.267,8119.3
2025-05-11 15:15:00+09:00,0.2672,0.2697,0.2672,0.2692,71047.1
2025-05-11 15:20:00+09:00,0.2692,0.2694,0.2686,0.2694,7966.6
2025-05-11 15:25:00+09:00,0.2691,0.2697,0.2682,0.2682,36796.8
2025-05-11 15:30:00+09:00,0.2683,0.2689,0.2672,0.2685,77503.5
2025-05-11 15:35:00+09:00,0.2683,0.2683,0.2672,0.2673,23859.1
2025-05-11 15:40:00+09:00,0.2672,0.2672,0.2655,0.2655,27949.6
2025-05-11 15:45:00+09:00,0.2658,0.2662,0.2644,0.2644,4166.4
2025-05-11 15:50:00+09:00,0.2644,0.2647,0.2641,0.2642,5537.1
2025-05-11 15:55:00+09:00,0.2642,0.2648,0.2642,0.2644,19546.6
2025-05-11 16:00:00+09:00,0.264,0.2641,0.2615,0.2615,9943.4
2025-05-11 16:05:00+09:00,0.2614,0.2614,0.2594,0.2596,120891.0
2025-05-11 16:10:00+09:00,0.2599,0.2619,0.2599,0.2616,46194.1
2025-05-11 16:15:00+09:00,0.2618,0.2621,0.2604,0.2604,21213.7
2025-05-11 16:20:00+09:00,0.2607,0.261,0.2603,0.2609,22117.7
2025-05-11 16:25:00+09:00,0.2609,0.2609,0.2603,0.2603,4906.1
2025-05-11 16:30:00+09:00,0.2606,0.2609,0.2595,0.26,22005.4
2025-05-11 16:35:00+09:00,0.2603,0.2605,0.259,0.259,57217.1
2025-05-11 16:40:00+09:00,0.259,0.259,0.2569,0.257,81384.9
2025-05-11 16:45:00+09:00,0.2568,0.2591,0.2568,0.2586,5655.1
2025-05-11 16:50:00+09:00,0.2588,0.259,0.258,0.259,5782.9
2025-05-11 16:55:00+09:00,0.259,0.2593,0.2583,0.2583,1604.6
2025-05-11 17:00:00+09:00,0.2584,0.26,0.2584,0.2595,6089.9
2025-05-11 17:05:00+09:00,0.2592,0.2599,0.2589,0.2597,2209.9
2025-05-11 17:10:00+09:00,0.2599,0.2607,0.2599,0.2605,3838.1
2025-05-11 17:15:00+09:00,0.2605,0.2613,0.2603,0.2606,20715.3
2025-05-11 17:20:00+09:00,0.2608,0.2613,0.2605,0.2606,3977.1
2025-05-11 17:25:00+09:00,0.2608,0.2609,0.2598,0.2598,2671.8
2025-05-11 17:30:00+09:00,0.2595,0.2595,0.2584,0.2586,52558.1
2025-05-11 17:35:00+09:00,0.259,0.2599,0.259,0.2596,17803.8
2025-05-11 17:40:00+09:00,0.2598,0.2606,0.2597,0.2604,2174.2
2025-05-11 17:45:00+09:00,0.2604,0.2608,0.2597,0.26,6384.9
2025-05-11 17:50:00+09:00,0.2602,0.2607,0.2598,0.2603,3908.1
2025-05-11 17:55:00+09:00,0.2602,0.2603,0.2598,0.2603,382.5
2025-05-11 18:00:00+09:00,0.26,0.2609,0.2598,0.2609,12489.5
2025-05-11 18:05:00+09:00,0.261,0.2623,0.261,0.2623,3181.8
2025-05-11 18:10:00+09:00,0.2621,0.2623,0.2616,0.2623,6508.4
2025-05-11 18:15:00+09:00,0.2623,0.263,0.2614,0.2619,16841.8
2025-05-11 18:20:00+09:00,0.2621,0.2625,0.2618,0.2621,10770.2
2025-05-11 18:25:00+09:00,0.2621,0.2635,0.2621,0.2632,2270.5
2025-05-11 18:30:00+09:00,0.2635,0.2636,0.2628,0.2636,2351.6
2025-05-11 18:35:00+09:00,0.2638,0.2639,0.2634,0.2635,2005.1
2025-05-11 18:40:00+09:00,0.2634,0.2634,0.2628,0.2633,7965.4
2025-05-11 18:45:00+09:00,0.2635,0.264,0.2634,0.2639,704.8
2025-05-11 18:50:00+09:00,0.2643,0.2643,0.2639,0.2639,308.3
2025-05-11 18:55:00+09:00,0.2639,0.2662,0.263,0.2657,302285.7
2025-05-11 19:00:00+09:00,0.2656,0.2669,0.2654,0.2665,25605.3
2025-05-11 19:05:00+09:00,0.2667,0.267,0.2658,0.2669,23448.5
2025-05-11 19:10:00+09:00,0.2667,0.2672,0.2664,0.2669,28000.6
2025-05-11 19:15:00+09:00,0.2669,0.2669,0.2655,0.2662,89315.2
2025-05-11 19:20:00+09:00,0.2664,0.2669,0.2662,0.2666,815.3
2025-05-11 19:25:00+09:00,0.2668,0.2669,0.2663,0.2664,427.2
2025-05-11 19:30:00+09:00,0.2663,0.2664,0.266,0.2663,9924.1
2025-05-11 19:35:00+09:00,0.2663,0.2669,0.266,0.2666,4882.0
2025-05-11 19:40:00+09:00,0.2663,0.2663,0.266,0.2663,1586.1
2025-05-11 19:45:00+09:00,0.2662,0.2667,0.2658,0.2663,20112.8
2025-05-11 19:50:00+09:00,0.2664,0.2669,0.2662,0.2668,39099.5
2025-05-11 19:55:00+09:00,0.2668,0.2673,0.2668,0.2671,6386.5
2025-05-11 20:00:00+09:00,0.2674,0.2686,0.2671,0.2683,19611.6
2025-05-11 20:05:00+09:00,0.2686,0.2686,0.2675,0.2682,25775.0
2025-05-11 20:10:00+09:00,0.2681,0.2681,0.2673,0.2676,4846.5
2025-05-11 20:15:00+09:00,0.2677,0.2684,0.2676,0.2682,2835.6
2025-05-11 20:20:00+09:00,0.2687,0.2696,0.2687,0.2688,6209.5
2025-05-11 20:25:00+09:00,0.2691,0.27,0.2689,0.2692,29671.0
2025-05-11 20:30:00+09:00,0.2694,0.2697,0.2683,0.2687,19843.9
2025-05-11 20:35:00+09:00,0.2687,0.2701,0.2686,0.2694,23932.3
2025-05-11 20:40:00+09:00,0.2694,0.2705,0.2693,0.2703,29372.9
2025-05-11 20:45:00+09:00,0.2704,0.2708,0.2703,0.2705,13069.1
2025-05-11 20:50:00+09:00,0.2704,0.271,0.2704,0.271,675.8
2025-05-11 20:55:00+09:00,0.2707,0.2717,0.2707,0.2716,8489.0
2025-05-11 21:00:00+09:00,0.2716,0.2721,0.2716,0.272,11598.4
2025-05-11 21:05:00+09:00,0.2721,0.2731,0.2721,0.2725,21626.2
2025-05-11 21:10:00+09:00,0.2725,0.2739,0.2723,0.2726,125578.2
2025-05-11 21:15:00+09:00,0.2726,0.2726,0.2714,0.2714,16262.0
2025-05-11 21:20:00+09:00,0.2715,0.2737,0.2712,0.2725,89187.4
2025-05-11 21:25:00+09:00,0.2727,0.2732,0.2722,0.2732,28020.1
2025-05-11 21:30:00+09:00,0.2731,0.2745,0.2729,0.274,42051.4
2025-05-11 21:35:00+09:00,0.274,0.274,0.2729,0.2729,27485.5
2025-05-11 21:40:00+09:00,0.2726,0.274,0.2722,0.2735,46182.1
2025-05-11 21:45:00+09:00,0.2729,0.274,0.2729,0.2739,3834.3
2025-05-11 21:50:00+09:00,0.2738,0.2743,0.2738,0.274,1417.0
2025-05-11 21:55:00+09:00,0.2739,0.2745,0.2732,0.2738,47997.2
2025-05-11 22:00:00+09:00,0.2739,0.2744,0.2736,0.2736,12333.1
2025-05-11 22:05:00+09:00,0.2736,0.2739,0.2735,0.2737,38449.0
2025-05-11 22:10:00+09:00,0.2738,0.2741,0.2721,0.2722,39318.2
2025-05-11 22:15:00+09:00,0.2723,0.2726,0.2721,0.2722,39487.5
2025-05-11 22:20:00+09:00,0.2725,0.2725,0.2704,0.2709,41225.2
2025-05-11 22:25:00+09:00,0.2705,0.2711,0.2694,0.2702,59608.2
2025-05-11 22:30:00+09:00,0.2702,0.2706,0.269,0.2705,24654.5
2025-05-11 22:35:00+09:00,0.2704,0.2712,0.2697,0.2704,71367.2
2025-05-11 22:40:00+09:00,0.2706,0.2706,0.2691,0.2694,74052.4
2025-05-11 22:45:00+09:00,0.2696,0.2702,0.2691,0.2694,9108.0
2025-05-11 22:50:00+09:00,0.2694,0.2705,0.2692,0.2703,92747.4
2025-05-11 22:55:00+09:00,0.27,0.27,0.2672,0.2672,34083.2
2025-05-11 23:00:00+09:00,0.2674,0.2682,0.2674,0.2675,18112.2
2025-05-11 23:05:00+09:00,0.2677,0.2685,0.2672,0.2685,16180.0
2025-05-11 23:10:00+09:00,0.2683,0.2691,0.2682,0.2685,16181.0
2025-05-11 23:15:00+09:00,0.2688,0.2698,0.2682,0.2691,32652.4
2025-05-11 23:20:00+09:00,0.2693,0.2709,0.2693,0.2704,9182.2
2025-05-11 23:25:00+09:00,0.2702,0.2703,0.2696,0.2696,2027.3
2025-05-11 23:30:00+09:00,0.2694,0.2703,0.2694,0.2701,1302.9
2025-05-11 23:35:00+09:00,0.2699,0.2704,0.2698,0.2704,1865.9
2025-05-11 23:40:00+09:00,0.2704,0.2704,0.2691,0.2691,43231.4
2025-05-11 23:45:00+09:00,0.2692,0.2692,0.2687,0.2687,1361.4
2025-05-11 23:50:00+09:00,0.2686,0.2687,0.2683,0.2683,6425.4
2025-05-11 23:55:00+09:00,0.2682,0.2689,0.2682,0.2689,6947.1
2025-05-12 00:00:00+09:00,0.2689,0.2697,0.2683,0.2695,12376.9
2025-05-12 00:05:00+09:00,0.2696,0.2698,0.2695,0.2697,2943.7
2025-05-12 00:10:00+09:00,0.2696,0.2709,0.2696,0.2709,8600.3
2025-05-12 00:15:00+09:00,0.2708,0.2713,0.2706,0.2711,2809.4
2025-05-12 00:20:00+09:00,0.2713,0.2713,0.2703,0.2703,2893.6
2025-05-12 00:25:00+09:00,0.2704,0.2704,0.269,0.2691,56476.3
2025-05-12 00:30:00+09:00,0.2691,0.2694,0.2688,0.2694,11740.5
2025-05-12 00:35:00+09:00,0.2693,0.2696,0.2683,0.2684,7003.3
2025-05-12 00:40:00+09:00,0.2682,0.2691,0.2682,0.2686,5814.5
2025-05-12 00:45:00+09:00,0.2688,0.269,0.2672,0.2674,9478.1
2025-05-12 00:50:00+09:00,0.2675,0.2678,0.2643,0.2644,34479.2
2025-05-12 00:55:00+09:00,0.2643,0.2664,0.2641,0.2659,9657.3
2025-05-12 01:00:00+09:00,0.266,0.2666,0.2652,0.2652,3264.1
2025-05-12 01:05:00+09:00,0.2645,0.2645,0.263,0.2637,16940.6
2025-05-12 01:10:00+09:00,0.2635,0.2644,0.2624,0.2629,43029.0
2025-05-12 01:15:00+09:00,0.2631,0.2631,0.262,0.2628,22584.9
2025-05-12 01:20:00+09:00,0.263,0.2647,0.263,0.2644,21885.6
2025-05-12 01:25:00+09:00,0.2646,0.2655,0.2646,0.2649,29648.5
2025-05-12 01:30:00+09:00,0.2651,0.2659,0.265,0.265,8306.0
2025-05-12 01:35:00+09:00,0.2644,0.2648,0.2642,0.2645,2449.3
2025-05-12 01:40:00+09:00,0.2646,0.2654,0.2646,0.2651,1725.3
2025-05-12 01:45:00+09:00,0.265,0.2654,0.2641,0.2641,21605.2
2025-05-12 01:50:00+09:00,0.2641,0.2643,0.2636,0.2641,2884.8
2025-05-12 01:55:00+09:00,0.2644,0.2646,0.2641,0.2641,3368.1
2025-05-12 02:00:00+09:00,0.2643,0.2652,0.2636,0.2645,42373.9
2025-05-12 02:05:00+09:00,0.2643,0.2657,0.2634,0.2647,66839.6
2025-05-12 02:10:00+09:00,0.2647,0.2647,0.2633,0.2644,4896.9
2025-05-12 02:15:00+09:00,0.2642,0.265,0.2636,0.2647,6050.6
2025-05-12 02:20:00+09:00,0.2647,0.2652,0.2638,0.2638,5191.1
2025-05-12 02:25:00+09:00,0.2638,0.2644,0.2635,0.2636,22091.7
2025-05-12 02:30:00+09:00,0.2636,0.2641,0.2636,0.2641,1822.2
2025-05-12 02:35:00+09:00,0.2641,0.2648,0.2638,0.2647,49644.5
2025-05-12 02:40:00+09:00,0.2647,0.2652,0.2647,0.2649,1107.1
2025-05-12 02:45:00+09:00,0.2648,0.2653,0.2642,0.2653,10561.1
2025-05-12 02:50:00+09:00,0.2652,0.2655,0.265,0.2652,3908.6
2025-05-12 02:55:00+09:00,0.2653,0.2654,0.2649,0.2652,5557.7
2025-05-12 03:00:00+09:00,0.2655,0.2658,0.2639,0.2644,44079.4
2025-05-12 03:05:00+09:00,0.2644,0.2645,0.2641,0.2644,4037.5
2025-05-12 03:10:00+09:00,0.2647,0.2649,0.2643,0.2643,4296.2
2025-05-12 03:15:00+09:00,0.2647,0.2649,0.2642,0.2648,10521.9
2025-05-12 03:20:00+09:00,0.2649,0.2656,0.2649,0.2653,2110.2
2025-05-12 03:25:00+09:00,0.2654,0.2654,0.2645,0.2645,4470.8
2025-05-12 03:30:00+09:00,0.2645,0.2646,0.2636,0.264,8326.4
2025-05-12 03:35:00+09:00,0.2642,0.2668,0.2641,0.2668,7740.7
2025-05-12 03:40:00+09:00,0.2671,0.2681,0.2669,0.2672,4160.9
2025-05-12 03:45:00+09:00,0.2675,0.2685,0.2675,0.2683,2276.2
2025-05-12 03:50:00+09:00,0.2683,0.2687,0.2683,0.2684,3059.1
2025-05-12 03:55:00+09:00,0.2686,0.269,0.2677,0.2687,20423.4
2025-05-12 04:00:00+09:00,0.2684,0.2692,0.2683,0.2689,8585.5
2025-05-12 04:05:00+09:00,0.269,0.2718,0.269,0.2709,39475.0
2025-05-12 04:10:00+09:00,0.2708,0.2712,0.2696,0.271,18097.8
2025-05-12 04:15:00+09:00,0.2708,0.2709,0.27,0.2701,28142.1
2025-05-12 04:20:00+09:00,0.2703,0.2708,0.27,0.2704,4145.1
2025-05-12 04:25:00+09:00,0.2704,0.2716,0.2704,0.2714,6834.7
2025-05-12 04:30:00+09:00,0.2714,0.2731,0.2711,0.2727,16488.5
2025-05-12 04:35:00+09:00,0.2729,0.2729,0.2718,0.2723,8816.1
2025-05-12 04:40:00+09:00,0.2723,0.2735,0.2712,0.272,72690.2
2025-05-12 04:45:00+09:00,0.2722,0.2732,0.2722,0.2726,2634.0
2025-05-12 04:50:00+09:00,0.2726,0.2729,0.2721,0.2725,7032.8
2025-05-12 04:55:00+09:00,0.2723,0.2723,0.2714,0.2719,26988.9
2025-05-12 05:00:00+09:00,0.2717,0.2718,0.2699,0.2701,17463.0
2025-05-12 05:05:00+09:00,0.2703,0.2705,0.27,0.2703,11450.1
2025-05-12 05:10:00+09:00,0.2702,0.2706,0.2701,0.2706,6557.8
2025-05-12 05:15:00+09:00,0.2704,0.2704,0.2692,0.2692,13927.4
2025-05-12 05:20:00+09:00,0.2693,0.2699,0.2689,0.2689,5739.3
2025-05-12 05:25:00+09:00,0.2688,0.2692,0.2685,0.2685,10604.8
2025-05-12 05:30:00+09:00,0.2684,0.2684,0.2671,0.2675,11877.5
2025-05-12 05:35:00+09:00,0.2675,0.2678,0.267,0.2673,29351.3
2025-05-12 05:40:00+09:00,0.2668,0.2671,0.2662,0.2664,2784.7
2025-05-12 05:45:00+09:00,0.2662,0.2662,0.2652,0.2654,15920.2
2025-05-12 05:50:00+09:00,0.2655,0.2658,0.2644,0.2646,29607.4
2025-05-12 05:55:00+09:00,0.2644,0.2659,0.2642,0.2657,45799.5
2025-05-12 06:00:00+09:00,0.2657,0.2661,0.2653,0.2659,8136.0
2025-05-12 06:05:00+09:00,0.2656,0.2658,0.2653,0.2658,3771.9
2025-05-12 06:10:00+09:00,0.2657,0.266,0.2653,0.2658,4022.9
2025-05-12 06:15:00+09:00,0.2661,0.2673,0.2661,0.2673,2340.0
2025-05-12 06:20:00+09:00,0.2674,0.2677,0.2672,0.2677,832.4
2025-05-12 06:25:00+09:00,0.2679,0.2681,0.2671,0.2672,27277.0
2025-05-12 06:30:00+09:00,0.2674,0.2674,0.2671,0.2673,1990.0
2025-05-12 06:35:00+09:00,0.2674,0.2678,0.2674,0.2678,448.5
2025-05-12 06:40:00+09:00,0.2679,0.2684,0.2675,0.2683,8293.8
2025-05-12 06:45:00+09:00,0.2686,0.269,0.2684,0.2689,6600.2
2025-05-12 06:50:00+09:00,0.2692,0.27,0.2687,0.2692,34083.0
2025-05-12 06:55:00+09:00,0.2693,0.2694,0.269,0.2694,2257.9
2025-05-12 07:00:00+09:00,0.2695,0.2713,0.2693,0.2702,25823.0
2025-05-12 07:05:00+09:00,0.2698,0.2709,0.2694,0.2705,14071.9
2025-05-12 07:10:00+09:00,0.2705,0.271,0.2695,0.271,11358.0
2025-05-12 07:15:00+09:00,0.2708,0.2708,0.2701,0.2704,2784.7
2025-05-12 07:20:00+09:00,0.2705,0.2716,0.2703,0.2703,5499.1
2025-05-12 07:25:00+09:00,0.27,0.2704,0.2696,0.2701,17576.7
2025-05-12 07:30:00+09:00,0.2701,0.2702,0.2687,0.2693,53679.7
2025-05-12 07:35:00+09:00,0.269,0.269,0.2678,0.268,6018.7
2025-05-12 07:40:00+09:00,0.2682,0.269,0.2679,0.2679,6094.0
2025-05-12 07:45:00+09:00,0.2681,0.2691,0.2681,0.2691,888.8
2025-05-12 07:50:00+09:00,0.2694,0.2696,0.2693,0.2695,2258.8
2025-05-12 07:55:00+09:00,0.2693,0.2698,0.2693,0.2698,5400.1
2025-05-12 08:00:00+09:00,0.2697,0.2715,0.2695,0.2715,22771.0
2025-05-12 08:05:00+09:00,0.2713,0.2722,0.2709,0.2713,45119.3
2025-05-12 08:10:00+09:00,0.2704,0.2713,0.2699,0.2699,5480.2
2025-05-12 08:15:00+09:00,0.27,0.2706,0.2698,0.27,7567.7
2025-05-12 08:20:00+09:00,0.2698,0.2702,0.2693,0.2698,2806.2
2025-05-12 08:25:00+09:00,0.2694,0.2701,0.2691,0.2694,7293.1
2025-05-12 08:30:00+09:00,0.2693,0.2695,0.2676,0.2681,17325.3
2025-05-12 08:35:00+09:00,0.268,0.2682,0.2669,0.2669,21826.7
2025-05-12 08:40:00+09:00,0.2672,0.2675,0.2669,0.2674,12897.6
2025-05-12 08:45:00+09:00,0.2673,0.268,0.2666,0.2668,41295.5
2025-05-12 08:50:00+09:00,0.2667,0.2672,0.2662,0.2666,15921.2
2025-05-12 08:55:00+09:00,0.2663,0.2674,0.2663,0.2674,15803.6
2025-05-12 09:00:00+09:00,0.2672,0.2688,0.2672,0.2688,12379.1
2025-05-12 09:05:00+09:00,0.2689,0.2696,0.2689,0.2689,26888.1
2025-05-12 09:10:00+09:00,0.2693,0.2701,0.269,0.2701,13591.6
2025-05-12 09:15:00+09:00,0.2705,0.2715,0.2703,0.2703,16664.2
2025-05-12 09:20:00+09:00,0.2705,0.2707,0.2696,0.2696,2775.6
2025-05-12 09:25:00+09:00,0.2699,0.2722,0.2699,0.2722,17354.4
2025-05-12 09:30:00+09:00,0.2724,0.2737,0.2724,0.2726,25020.2
2025-05-12 09:35:00+09:00,0.2726,0.2733,0.2721,0.2721,6385.6
2025-05-12 09:40:00+09:00,0.2722,0.2722,0.271,0.2711,2649.7
2025-05-12 09:45:00+09:00,0.271,0.2715,0.2706,0.2714,11097.9
2025-05-12 09:50:00+09:00,0.2714,0.2723,0.2713,0.2723,6291.4
2025-05-12 09:55:00+09:00,0.2729,0.2735,0.2722,0.2722,32878.1
2025-05-12 10:00:00+09:00,0.2723,0.2724,0.2712,0.2718,15488.4
2025-05-12 10:05:00+09:00,0.2718,0.2724,0.2716,0.2723,15131.9
2025-05-12 10:10:00+09:00,0.272,0.2727,0.2704,0.2707,7263.3
2025-05-12 10:15:00+09:00,0.2708,0.2717,0.2701,0.2701,27027.9
2025-05-12 10:20:00+09:00,0.2702,0.2705,0.27,0.2701,1618.4
2025-05-12 10:25:00+09:00,0.2699,0.27,0.2691,0.2697,3581.7
2025-05-12 10:30:00+09:00,0.2695,0.2695,0.2673,0.2675,4277.8
2025-05-12 10:35:00+09:00,0.2672,0.2672,0.26,0.2624,436496.8
2025-05-12 10:40:00+09:00,0.2633,0.2644,0.2633,0.2639,56378.6
2025-05-12 10:45:00+09:00,0.2643,0.2643,0.2632,0.2642,35430.9
2025-05-12 10:50:00+09:00,0.2641,0.2646,0.2638,0.2643,8183.4
2025-05-12 10:55:00+09:00,0.2644,0.2647,0.2638,0.2643,16207.4
2025-05-12 11:00:00+09:00,0.2643,0.2668,0.2643,0.2668,35956.0
2025-05-12 11:05:00+09:00,0.267,0.2693,0.267,0.2689,129306.3
2025-05-12 11:10:00+09:00,0.2692,0.2697,0.2671,0.2671,42368.5
2025-05-12 11:15:00+09:00,0.2667,0.2683,0.2656,0.2683,8676.8
2025-05-12 11:20:00+09:00,0.2685,0.2691,0.2681,0.2681,8936.9
2025-05-12 11:25:00+09:00,0.268,0.268,0.2663,0.2665,14250.1
2025-05-12 11:30:00+09:00,0.2669,0.2684,0.2669,0.2681,42804.9
2025-05-12 11:35:00+09:00,0.2683,0.2688,0.2677,0.2681,5507.5
2025-05-12 11:40:00+09:00,0.268,0.268,0.267,0.2672,12423.7
2025-05-12 11:45:00+09:00,0.2673,0.2682,0.2672,0.2672,2620.4
2025-05-12 11:50:00+09:00,0.2666,0.2674,0.2666,0.2667,5092.9
2025-05-12 11:55:00+09:00,0.2665,0.2674,0.2657,0.2673,9602.5
2025-05-12 12:00:00+09:00,0.2674,0.2674,0.2653,0.2656,27706.9
2025-05-12 12:05:00+09:00,0.2657,0.2662,0.2647,0.265,14902.8
2025-05-12 12:10:00+09:00,0.2651,0.2658,0.2643,0.2655,29152.7
2025-05-12 12:15:00+09:00,0.2657,0.2664,0.2644,0.2662,31430.2
2025-05-12 12:20:00+09:00,0.2664,0.269,0.2663,0.2686,91392.1
2025-05-12 12:25:00+09:00,0.2684,0.2689,0.2661,0.2661,21335.1
2025-05-12 12:30:00+09:00,0.2661,0.2671,0.2661,0.2669,6514.0
2025-05-12 12:35:00+09:00,0.267,0.2681,0.2662,0.2666,12068.6
2025-05-12 12:40:00+09:00,0.2663,0.2669,0.2661,0.2667,13671.3
2025-05-12 12:45:00+09:00,0.2665,0.2674,0.2657,0.2668,14830.1
2025-05-12 12:50:00+09:00,0.2665,0.2684,0.2665,0.2679,3514.6
2025-05-12 12:55:00+09:00,0.2679,0.269,0.2676,0.2683,39210.1
2025-05-12 13:00:00+09:00,0.2683,0.2689,0.2668,0.2676,22868.8
2025-05-12 13:05:00+09:00,0.268,0.2691,0.2679,0.2688,16144.5
2025-05-12 13:10:00+09:00,0.2685,0.2705,0.2683,0.2705,14847.6
2025-05-12 13:15:00+09:00,0.2702,0.2711,0.2696,0.2707,22544.6
2025-05-12 13:20:00+09:00,0.2707,0.2715,0.2707,0.271,20145.3
2025-05-12 13:25:00+09:00,0.2709,0.2709,0.268,0.2698,68181.8
2025-05-12 13:30:00+09:00,0.2697,0.2699,0.2687,0.2697,13830.2
2025-05-12 13:35:00+09:00,0.27,0.2718,0.27,0.2712,31401.6
2025-05-12 13:40:00+09:00,0.2713,0.2722,0.2707,0.2719,7202.5
2025-05-12 13:45:00+09:00,0.2721,0.2727,0.2699,0.271,78366.0
2025-05-12 13:50:00+09:00,0.2711,0.2717,0.2706,0.2717,8581.7
2025-05-12 13:55:00+09:00,0.2717,0.2718,0.2707,0.2707,11150.8
2025-05-12 14:00:00+09:00,0.2707,0.2736,0.2705,0.2714,270594.2
2025-05-12 14:05:00+09:00,0.2713,0.2724,0.2713,0.2715,16098.1
2025-05-12 14:10:00+09:00,0.271,0.271,0.2683,0.2693,39481.1
2025-05-12 14:15:00+09:00,0.2694,0.27,0.2684,0.2693,12266.5
2025-05-12 14:20:00+09:00,0.2695,0.2695,0.2675,0.2687,29820.3
2025-05-12 14:25:00+09:00,0.2685,0.2685,0.2675,0.2679,21287.5
2025-05-12 14:30:00+09:00,0.2677,0.2683,0.2656,0.2667,49213.8
2025-05-12 14:35:00+09:00,0.2668,0.2682,0.2668,0.2677,21282.0
2025-05-12 14:40:00+09:00,0.2677,0.269,0.2677,0.2687,30444.2
2025-05-12 14:45:00+09:00,0.2687,0.2687,0.268,0.268,14393.3
2025-05-12 14:50:00+09:00,0.2677,0.2682,0.2671,0.2671,9704.8
2025-05-12 14:55:00+09:00,0.2668,0.2671,0.2666,0.2668,6937.1
2025-05-12 15:00:00+09:00,0.2671,0.2682,0.2662,0.2676,25232.1
2025-05-12 15:05:00+09:00,0.2675,0.2685,0.2673,0.2685,4107.1
2025-05-12 15:10:00+09:00,0.2684,0.2689,0.268,0.2685,17620.6
2025-05-12 15:15:00+09:00,0.2686,0.2688,0.268,0.2686,6605.8
2025-05-12 15:20:00+09:00,0.2689,0.2704,0.2689,0.2704,11031.6
2025-05-12 15:25:00+09:00,0.2705,0.2719,0.2705,0.2712,60179.6
2025-05-12 15:30:00+09:00,0.2712,0.2725,0.2712,0.2722,24100.2
2025-05-12 15:35:00+09:00,0.2722,0.2735,0.2721,0.273,14904.2
2025-05-12 15:40:00+09:00,0.2728,0.2733,0.2722,0.2728,56240.2
2025-05-12 15:45:00+09:00,0.2731,0.2746,0.2731,0.2744,27069.6
2025-05-12 15:50:00+09:00,0.2747,0.2747,0.274,0.2743,3553.5
2025-05-12 15:55:00+09:00,0.2744,0.2747,0.2744,0.2744,3583.0
2025-05-12 16:00:00+09:00,0.2745,0.2775,0.2745,0.2771,75129.7
2025-05-12 16:05:00+09:00,0.2773,0.278,0.2764,0.2772,55616.7
2025-05-12 16:10:00+09:00,0.2774,0.2778,0.2765,0.2778,32181.7
2025-05-12 16:15:00+09:00,0.2779,0.2779,0.2765,0.2766,7295.4
2025-05-12 16:20:00+09:00,0.2771,0.2784,0.277,0.2784,29543.3
2025-05-12 16:25:00+09:00,0.2785,0.281,0.2783,0.2805,78097.7
2025-05-12 16:30:00+09:00,0.2808,0.2828,0.2802,0.2812,75717.3
2025-05-12 16:35:00+09:00,0.2809,0.2813,0.2794,0.2805,7025.4
2025-05-12 16:40:00+09:00,0.28,0.28,0.2771,0.2784,77087.8
2025-05-12 16:45:00+09:00,0.2783,0.2783,0.2742,0.276,31721.3
2025-05-12 16:50:00+09:00,0.2758,0.2765,0.2757,0.2757,8285.6
2025-05-12 16:55:00+09:00,0.2757,0.2757,0.2739,0.2745,8653.8
2025-05-12 17:00:00+09:00,0.275,0.2751,0.2735,0.2739,11633.9
2025-05-12 17:05:00+09:00,0.2737,0.2743,0.272,0.2737,147573.3
2025-05-12 17:10:00+09:00,0.2736,0.2738,0.2716,0.2734,15592.0
2025-05-12 17:15:00+09:00,0.2736,0.2748,0.2733,0.2748,8625.5
2025-05-12 17:20:00+09:00,0.2746,0.2746,0.2717,0.273,23901.5
2025-05-12 17:25:00+09:00,0.2729,0.2734,0.2722,0.2729,30807.6
2025-05-12 17:30:00+09:00,0.2729,0.2736,0.2726,0.2735,5706.0
2025-05-12 17:35:00+09:00,0.2734,0.2745,0.2731,0.2742,9455.7
2025-05-12 17:40:00+09:00,0.2743,0.2756,0.2743,0.2755,6598.7
2025-05-12 17:45:00+09:00,0.2755,0.2767,0.2749,0.2764,37093.2
2025-05-12 17:50:00+09:00,0.2767,0.2772,0.2764,0.2768,6811.8
2025-05-12 17:55:00+09:00,0.2768,0.277,0.2765,0.2768,5637.3
2025-05-12 18:00:00+09:00,0.2767,0.2773,0.2755,0.2755,7481.7
2025-05-12 18:05:00+09:00,0.2755,0.2765,0.2753,0.2754,8253.3
2025-05-12 18:10:00+09:00,0.2754,0.2757,0.2747,0.2754,4895.3
2025-05-12 18:15:00+09:00,0.2754,0.2756,0.2744,0.2744,7800.7
2025-05-12 18:20:00+09:00,0.2744,0.275,0.2738,0.2744,13321.8
2025-05-12 18:25:00+09:00,0.2745,0.2749,0.2736,0.2749,30741.6
2025-05-12 18:30:00+09:00,0.2747,0.2747,0.2737,0.2743,7980.5
2025-05-12 18:35:00+09:00,0.2742,0.2745,0.2735,0.2743,19248.0
2025-05-12 18:40:00+09:00,0.2743,0.2746,0.2737,0.274,13231.6
2025-05-12 18:45:00+09:00,0.274,0.274,0.2724,0.2727,15802.4
2025-05-12 18:50:00+09:00,0.2727,0.2728,0.272,0.272,7801.9
2025-05-12 18:55:00+09:00,0.2718,0.2725,0.2715,0.2725,27317.9
2025-05-12 19:00:00+09:00,0.2725,0.2736,0.2717,0.2721,13139.7
2025-05-12 19:05:00+09:00,0.2724,0.2733,0.2715,0.2718,32124.7
2025-05-12 19:10:00+09:00,0.2715,0.2731,0.2715,0.2728,8054.3
2025-05-12 19:15:00+09:00,0.2728,0.2738,0.2728,0.2738,10937.4
2025-05-12 19:20:00+09:00,0.2735,0.274,0.2729,0.2732,4595.6
2025-05-12 19:25:00+09:00,0.2732,0.275,0.2732,0.2749,9890.5
2025-05-12 19:30:00+09:00,0.2749,0.2749,0.2733,0.2743,7108.5
2025-05-12 19:35:00+09:00,0.2743,0.2751,0.274,0.2751,10726.3
2025-05-12 19:40:00+09:00,0.2748,0.2749,0.2738,0.2738,3282.1
2025-05-12 19:45:00+09:00,0.2738,0.2738,0.2733,0.2737,11114.6
2025-05-12 19:50:00+09:00,0.2739,0.274,0.2737,0.2737,562.9
2025-05-12 19:55:00+09:00,0.2741,0.2745,0.2737,0.2744,2898.7
2025-05-12 20:00:00+09:00,0.2739,0.2754,0.2739,0.2749,16140.9
2025-05-12 20:05:00+09:00,0.2749,0.2763,0.2749,0.2761,10953.3
2025-05-12 20:10:00+09:00,0.2761,0.2762,0.2755,0.276,9459.1
2025-05-12 20:15:00+09:00,0.2757,0.2757,0.2748,0.275,3340.2
2025-05-12 20:20:00+09:00,0.275,0.2751,0.2736,0.274,9372.1
2025-05-12 20:25:00+09:00,0.2742,0.2751,0.2742,0.2744,4182.8
2025-05-12 20:30:00+09:00,0.2744,0.2745,0.274,0.2745,1793.9
2025-05-12 20:35:00+09:00,0.2747,0.2749,0.2742,0.2748,3002.7
2025-05-12 20:40:00+09:00,0.2743,0.2744,0.2735,0.2737,29482.2
2025-05-12 20:45:00+09:00,0.2739,0.2743,0.2732,0.2734,1688.9
2025-05-12 20:50:00+09:00,0.2734,0.2734,0.2706,0.271,16092.2
2025-05-12 20:55:00+09:00,0.2711,0.2711,0.2699,0.2703,7017.0
2025-05-12 21:00:00+09:00,0.2703,0.2714,0.2702,0.271,57448.7
2025-05-12 21:05:00+09:00,0.2717,0.2728,0.2705,0.2728,7775.9
2025-05-12 21:10:00+09:00,0.2729,0.2745,0.2723,0.2745,36192.6
2025-05-12 21:15:00+09:00,0.2744,0.2751,0.2737,0.2747,33487.3
2025-05-12 21:20:00+09:00,0.2746,0.2752,0.274,0.2743,7860.6
2025-05-12 21:25:00+09:00,0.2741,0.2743,0.2731,0.2734,6719.4
2025-05-12 21:30:00+09:00,0.2735,0.2741,0.2726,0.2738,11096.3
2025-05-12 21:35:00+09:00,0.2739,0.2754,0.2739,0.2754,8385.3
2025-05-12 21:40:00+09:00,0.2748,0.2757,0.2743,0.2757,5747.7
2025-05-12 21:45:00+09:00,0.2756,0.2756,0.2744,0.275,32004.5
2025-05-12 21:50:00+09:00,0.2751,0.2751,0.2745,0.2749,27975.6
2025-05-12 21:55:00+09:00,0.2749,0.2751,0.2744,0.2744,4798.7
2025-05-12 22:00:00+09:00,0.2745,0.275,0.2744,0.2749,4465.8
2025-05-12 22:05:00+09:00,0.2748,0.2748,0.2734,0.2735,10002.1
2025-05-12 22:10:00+09:00,0.2735,0.2761,0.2735,0.2761,68318.3
2025-05-12 22:15:00+09:00,0.2761,0.2771,0.2755,0.2757,21195.2
2025-05-12 22:20:00+09:00,0.2762,0.2762,0.2752,0.2754,13536.3
2025-05-12 22:25:00+09:00,0.2756,0.2761,0.2746,0.2746,44282.9
2025-05-12 22:30:00+09:00,0.2744,0.2756,0.2738,0.2747,27637.5
2025-05-12 22:35:00+09:00,0.2742,0.2748,0.2731,0.2734,19286.0
2025-05-12 22:40:00+09:00,0.2737,0.274,0.2718,0.2723,17938.1
2025-05-12 22:45:00+09:00,0.2728,0.2736,0.2725,0.2736,6407.1
2025-05-12 22:50:00+09:00,0.2736,0.2752,0.2736,0.2748,14836.4
2025-05-12 22:55:00+09:00,0.2746,0.2747,0.2742,0.2745,2336.6
2025-05-12 23:00:00+09:00,0.2747,0.2761,0.2744,0.2761,35569.3
2025-05-12 23:05:00+09:00,0.2765,0.2765,0.2759,0.2759,4393.0
2025-05-12 23:10:00+09:00,0.2758,0.276,0.2742,0.2744,124844.8
2025-05-12 23:15:00+09:00,0.2742,0.2752,0.2739,0.2742,13183.0
2025-05-12 23:20:00+09:00,0.2743,0.2745,0.2723,0.2723,24105.8
2025-05-12 23:25:00+09:00,0.2724,0.2725,0.267,0.2679,78620.3
2025-05-12 23:30:00+09:00,0.268,0.2691,0.2654,0.2687,60676.6
2025-05-12 23:35:00+09:00,0.2691,0.2699,0.2684,0.2699,14564.7
2025-05-12 23:40:00+09:00,0.27,0.2724,0.27,0.2722,27451.9
2025-05-12 23:45:00+09:00,0.272,0.272,0.2706,0.2713,13173.3
2025-05-12 23:50:00+09:00,0.2713,0.2715,0.2687,0.2687,18622.8
2025-05-12 23:55:00+09:00,0.2689,0.2698,0.2684,0.2688,14179.7
2025-05-13 00:00:00+09:00,0.2685,0.2695,0.2644,0.2647,47554.8
2025-05-13 00:05:00+09:00,0.265,0.2663,0.2634,0.2653,129465.5
2025-05-13 00:10:00+09:00,0.2656,0.2668,0.2641,0.2668,63224.4
2025-05-13 00:15:00+09:00,0.2666,0.2676,0.2653,0.2676,40700.2
2025-05-13 00:20:00+09:00,0.2673,0.268,0.2656,0.2662,76108.0
2025-05-13 00:25:00+09:00,0.2664,0.2675,0.2661,0.2669,23799.3
2025-05-13 00:30:00+09:00,0.267,0.2678,0.2666,0.2678,16856.4
2025-05-13 00:35:00+09:00,0.2673,0.2673,0.2656,0.2659,30428.4
2025-05-13 00:40:00+09:00,0.2654,0.2658,0.2638,0.2644,28813.4
2025-05-13 00:45:00+09:00,0.2642,0.265,0.263,0.263,18396.5
2025-05-13 00:50:00+09:00,0.2634,0.2645,0.2627,0.2645,26711.1
2025-05-13 00:55:00+09:00,0.2646,0.2648,0.2635,0.264,10111.1
2025-05-13 01:00:00+09:00,0.264,0.2655,0.2635,0.2645,59613.0
2025-05-13 01:05:00+09:00,0.2641,0.2655,0.264,0.2648,13745.0
2025-05-13 01:10:00+09:00,0.2647,0.267,0.2647,0.267,5584.4
2025-05-13 01:15:00+09:00,0.2672,0.269,0.2672,0.269,9995.8
2025-05-13 01:20:00+09:00,0.269,0.27,0.2689,0.2698,3806.5
2025-05-13 01:25:00+09:00,0.27,0.27,0.2693,0.2699,3075.9
2025-05-13 01:30:00+09:00,0.2696,0.2704,0.2695,0.2697,17324.6
2025-05-13 01:35:00+09:00,0.2699,0.27,0.2681,0.2681,2461.3
2025-05-13 01:40:00+09:00,0.2681,0.2688,0.2673,0.2685,11678.7
2025-05-13 01:45:00+09:00,0.2687,0.2705,0.2687,0.2704,2996.3
2025-05-13 01:50:00+09:00,0.2703,0.2703,0.2697,0.2701,12020.2
2025-05-13 01:55:00+09:00,0.2703,0.2708,0.2696,0.2697,3408.0
2025-05-13 02:00:00+09:00,0.27,0.271,0.2697,0.2707,3255.5
2025-05-13 02:05:00+09:00,0.2711,0.2718,0.271,0.2717,2905.3
2025-05-13 02:10:00+09:00,0.2713,0.2715,0.271,0.2711,1634.0
2025-05-13 02:15:00+09:00,0.2713,0.2716,0.2705,0.2705,29846.6
2025-05-13 02:20:00+09:00,0.2704,0.2704,0.2681,0.2692,40482.2
2025-05-13 02:25:00+09:00,0.2693,0.2713,0.2688,0.2704,71245.0
2025-05-13 02:30:00+09:00,0.2703,0.2714,0.27,0.2712,9509.6
2025-05-13 02:35:00+09:00,0.2711,0.2711,0.2701,0.2707,3284.9
2025-05-13 02:40:00+09:00,0.2705,0.2705,0.2693,0.2694,16331.5
2025-05-13 02:45:00+09:00,0.2696,0.2697,0.2664,0.2664,9005.8
2025-05-13 02:50:00+09:00,0.2663,0.2669,0.2661,0.2665,26346.8
2025-05-13 02:55:00+09:00,0.2667,0.2673,0.2662,0.2668,11121.3
2025-05-13 03:00:00+09:00,0.267,0.2685,0.267,0.2683,9753.5
2025-05-13 03:05:00+09:00,0.2679,0.2679,0.2639,0.2639,17980.7
2025-05-13 03:10:00+09:00,0.2641,0.2653,0.2636,0.2646,11562.0
2025-05-13 03:15:00+09:00,0.2649,0.2663,0.2649,0.2658,5094.1
2025-05-13 03:20:00+09:00,0.2661,0.2662,0.2648,0.2648,18342.8
2025-05-13 03:25:00+09:00,0.265,0.2652,0.2605,0.261,11858.4
2025-05-13 03:30:00+09:00,0.261,0.262,0.2594,0.2604,67452.1
2025-05-13 03:35:00+09:00,0.2605,0.2614,0.2601,0.2606,7593.3
2025-05-13 03:40:00+09:00,0.2608,0.2628,0.2607,0.2624,22250.6
2025-05-13 03:45:00+09:00,0.2624,0.2632,0.2572,0.2578,57176.1
2025-05-13 03:50:00+09:00,0.258,0.2612,0.258,0.2609,39369.2
2025-05-13 03:55:00+09:00,0.2617,0.2628,0.2612,0.2614,11602.9
2025-05-13 04:00:00+09:00,0.2611,0.2631,0.2604,0.2627,70581.1
2025-05-13 04:05:00+09:00,0.263,0.2636,0.262,0.2636,15668.5
2025-05-13 04:10:00+09:00,0.2631,0.2631,0.262,0.2622,6851.1
2025-05-13 04:15:00+09:00,0.2628,0.2637,0.2621,0.2628,43598.3
2025-05-13 04:20:00+09:00,0.2627,0.2629,0.2621,0.2623,4296.8
2025-05-13 04:25:00+09:00,0.2618,0.2618,0.2603,0.2605,24514.8
2025-05-13 04:30:00+09:00,0.261,0.2622,0.261,0.2612,8089.1
2025-05-13 04:35:00+09:00,0.2613,0.2618,0.2612,0.2615,2671.7
2025-05-13 04:40:00+09:00,0.2613,0.2613,0.2604,0.2607,3376.9
2025-05-13 04:45:00+09:00,0.2607,0.2617,0.2607,0.261,5228.1
2025-05-13 04:50:00+09:00,0.2608,0.2619,0.2603,0.261,37721.1
2025-05-13 04:55:00+09:00,0.261,0.2621,0.261,0.2621,1645.4
2025-05-13 05:00:00+09:00,0.2618,0.2625,0.2614,0.2616,6018.6
2025-05-13 05:05:00+09:00,0.2617,0.2622,0.2616,0.2618,4161.0
2025-05-13 05:10:00+09:00,0.2619,0.2628,0.2619,0.2627,4396.1
2025-05-13 05:15:00+09:00,0.2628,0.2648,0.2628,0.2648,4809.5
2025-05-13 05:20:00+09:00,0.2648,0.2652,0.2641,0.2648,41137.1
2025-05-13 05:25:00+09:00,0.2651,0.2652,0.2647,0.2651,1841.7
2025-05-13 05:30:00+09:00,0.2654,0.2672,0.2654,0.2672,5698.6
2025-05-13 05:35:00+09:00,0.2673,0.2686,0.2668,0.2684,27001.9
2025-05-13 05:40:00+09:00,0.2685,0.2685,0.2671,0.2674,78749.2
2025-05-13 05:45:00+09:00,0.2675,0.2678,0.2672,0.2677,14375.3
2025-05-13 05:50:00+09:00,0.2678,0.2689,0.2678,0.2689,8529.5
2025-05-13 05:55:00+09:00,0.2692,0.2692,0.2684,0.2688,2654.8
2025-05-13 06:00:00+09:00,0.2689,0.2696,0.268,0.2696,12219.3
2025-05-13 06:05:00+09:00,0.2695,0.2695,0.268,0.268,18106.1
2025-05-13 06:10:00+09:00,0.2678,0.2685,0.2675,0.2675,10272.2
2025-05-13 06:15:00+09:00,0.2674,0.2676,0.2671,0.2676,7351.0
2025-05-13 06:20:00+09:00,0.2673,0.2677,0.2672,0.2677,1006.0
2025-05-13 06:25:00+09:00,0.2677,0.2678,0.2663,0.2663,11721.0
2025-05-13 06:30:00+09:00,0.2663,0.2673,0.2663,0.2673,9155.8
2025-05-13 06:35:00+09:00,0.2674,0.2677,0.2674,0.2677,416.6
2025-05-13 06:40:00+09:00,0.268,0.2686,0.268,0.2683,11203.8
2025-05-13 06:45:00+09:00,0.2685,0.2685,0.2685,0.2685,248.0
2025-05-13 06:50:00+09:00,0.269,0.269,0.2686,0.2688,20961.4
2025-05-13 06:55:00+09:00,0.269,0.269,0.2688,0.2688,410.6
2025-05-13 07:00:00+09:00,0.2688,0.2695,0.2677,0.2695,31022.4
2025-05-13 07:05:00+09:00,0.2695,0.2695,0.2684,0.2684,20749.2
2025-05-13 07:10:00+09:00,0.2685,0.2688,0.2684,0.2688,2217.9
2025-05-13 07:15:00+09:00,0.2691,0.2695,0.2691,0.2695,1024.0
2025-05-13 07:20:00+09:00,0.2696,0.2702,0.2696,0.2701,991.0
2025-05-13 07:25:00+09:00,0.2701,0.2701,0.2688,0.2688,22745.9
2025-05-13 07:30:00+09:00,0.2689,0.2692,0.2687,0.2691,1239.9
2025-05-13 07:35:00+09:00,0.2693,0.2696,0.2691,0.2693,691.6
2025-05-13 07:40:00+09:00,0.2693,0.2695,0.2692,0.2695,407.9
2025-05-13 07:45:00+09:00,0.2696,0.2705,0.2696,0.2704,18649.9
2025-05-13 07:50:00+09:00,0.2704,0.2704,0.2696,0.2703,17227.6
2025-05-13 07:55:00+09:00,0.27,0.27,0.2697,0.2698,1757.1
2025-05-13 08:00:00+09:00,0.2698,0.27,0.2696,0.2697,1226.7
2025-05-13 08:05:00+09:00,0.27,0.27,0.27,0.27,236.6
2025-05-13 08:10:00+09:00,0.2703,0.2704,0.2703,0.2704,118.3
2025-05-13 08:15:00+09:00,0.2707,0.271,0.2707,0.271,255.8
2025-05-13 08:20:00+09:00,0.271,0.2716,0.2709,0.2716,1217.0
2025-05-13 08:25:00+09:00,0.2716,0.2721,0.2716,0.272,2026.5
2025-05-13 08:30:00+09:00,0.2718,0.2718,0.2707,0.2713,32315.1
2025-05-13 08:35:00+09:00,0.2713,0.2716,0.2704,0.2704,2981.1
2025-05-13 08:40:00+09:00,0.2701,0.2706,0.2701,0.2703,5828.0
2025-05-13 08:45:00+09:00,0.2702,0.2706,0.2702,0.2704,4137.9
2025-05-13 08:50:00+09:00,0.2704,0.2707,0.2702,0.2705,747.3
2025-05-13 08:55:00+09:00,0.2701,0.2706,0.27,0.2703,737.7
2025-05-13 09:00:00+09:00,0.2703,0.2703,0.2695,0.2696,7756.9
2025-05-13 09:05:00+09:00,0.27,0.2704,0.2692,0.2694,3803.1
2025-05-13 09:10:00+09:00,0.2691,0.2691,0.2682,0.2685,6929.2
2025-05-13 09:15:00+09:00,0.2681,0.2688,0.2674,0.2686,14457.8
2025-05-13 09:20:00+09:00,0.2686,0.2688,0.268,0.2684,2859.2
2025-05-13 09:25:00+09:00,0.2687,0.2688,0.2678,0.2684,8304.3
2025-05-13 09:30:00+09:00,0.2687,0.2687,0.2673,0.2679,8513.6
2025-05-13 09:35:00+09:00,0.2674,0.2676,0.2669,0.2674,2670.4
2025-05-13 09:40:00+09:00,0.2676,0.2676,0.2666,0.2666,2057.3
2025-05-13 09:45:00+09:00,0.267,0.2673,0.267,0.267,2201.1
2025-05-13 09:50:00+09:00,0.267,0.267,0.2657,0.2665,4856.3
2025-05-13 09:55:00+09:00,0.2661,0.2662,0.2652,0.2652,4615.8
2025-05-13 10:00:00+09:00,0.2654,0.2659,0.2652,0.2659,5458.0
2025-05-13 10:05:00+09:00,0.2664,0.2664,0.2646,0.2646,7163.5
2025-05-13 10:10:00+09:00,0.264,0.2652,0.2634,0.2641,21432.9
2025-05-13 10:15:00+09:00,0.2644,0.2648,0.2637,0.2646,24568.6
2025-05-13 10:20:00+09:00,0.264,0.2649,0.2635,0.2646,27676.7
2025-05-13 10:25:00+09:00,0.2643,0.2644,0.2624,0.2624,5769.7
2025-05-13 10:30:00+09:00,0.2622,0.2631,0.2613,0.2631,43121.9
2025-05-13 10:35:00+09:00,0.2629,0.2629,0.2609,0.2614,7553.2
2025-05-13 10:40:00+09:00,0.2613,0.2614,0.2599,0.2602,10777.0
2025-05-13 10:45:00+09:00,0.26,0.2605,0.2598,0.2604,12442.7
2025-05-13 10:50:00+09:00,0.2603,0.2615,0.2602,0.2604,30748.5
2025-05-13 10:55:00+09:00,0.2606,0.2615,0.2602,0.2608,310326.2
2025-05-13 11:00:00+09:00,0.2608,0.263,0.2597,0.2601,88444.4
2025-05-13 11:05:00+09:00,0.2592,0.262,0.2578,0.26,146029.9
2025-05-13 11:10:00+09:00,0.2607,0.2607,0.2573,0.2578,55581.9
2025-05-13 11:15:00+09:00,0.2581,0.2584,0.2563,0.2564,21879.6
2025-05-13 11:20:00+09:00,0.2562,0.2575,0.2556,0.2573,7539.7
2025-05-13 11:25:00+09:00,0.2575,0.2595,0.2575,0.2595,20120.7
2025-05-13 11:30:00+09:00,0.2592,0.2593,0.2572,0.2582,32420.5
2025-05-13 11:35:00+09:00,0.2581,0.2586,0.2574,0.2575,13858.1
2025-05-13 11:40:00+09:00,0.2576,0.259,0.2576,0.2582,3248.0
2025-05-13 11:45:00+09:00,0.2583,0.2587,0.2575,0.2581,3248.4
2025-05-13 11:50:00+09:00,0.2579,0.2591,0.2575,0.2591,4638.8
2025-05-13 11:55:00+09:00,0.2588,0.2588,0.2582,0.2582,1333.9
2025-05-13 12:00:00+09:00,0.258,0.2587,0.2573,0.2575,7180.4
2025-05-13 12:05:00+09:00,0.2574,0.2585,0.2572,0.2583,26085.6
2025-05-13 12:10:00+09:00,0.2583,0.259,0.2583,0.2586,15230.4
2025-05-13 12:15:00+09:00,0.2584,0.2586,0.2577,0.2577,5060.2
2025-05-13 12:20:00+09:00,0.2578,0.2578,0.256,0.256,4501.3
2025-05-13 12:25:00+09:00,0.2556,0.2565,0.2533,0.2541,58068.9
2025-05-13 12:30:00+09:00,0.2541,0.2555,0.2537,0.2555,25954.8
2025-05-13 12:35:00+09:00,0.2555,0.2555,0.2545,0.2552,18208.0
2025-05-13 12:40:00+09:00,0.2552,0.2564,0.2552,0.2564,4994.0
2025-05-13 12:45:00+09:00,0.2561,0.2561,0.2554,0.2558,13480.9
2025-05-13 12:50:00+09:00,0.2555,0.256,0.255,0.256,9827.3
2025-05-13 12:55:00+09:00,0.2562,0.2564,0.254,0.254,100956.0
2025-05-13 13:00:00+09:00,0.2541,0.2564,0.2534,0.2564,51940.3
2025-05-13 13:05:00+09:00,0.2563,0.2566,0.2557,0.2566,7773.2
2025-05-13 13:10:00+09:00,0.2564,0.2567,0.2551,0.2557,14362.9
2025-05-13 13:15:00+09:00,0.2556,0.2566,0.2556,0.2566,16242.8
2025-05-13 13:20:00+09:00,0.2571,0.258,0.2571,0.258,6724.8
2025-05-13 13:25:00+09:00,0.2579,0.2581,0.2576,0.2576,10777.2
2025-05-13 13:30:00+09:00,0.2578,0.2592,0.2577,0.2592,5603.1
2025-05-13 13:35:00+09:00,0.2588,0.2596,0.2585,0.2596,21760.9
2025-05-13 13:40:00+09:00,0.2592,0.2592,0.2581,0.2586,21718.9
2025-05-13 13:45:00+09:00,0.2589,0.2593,0.2586,0.2587,1036.3
2025-05-13 13:50:00+09:00,0.2587,0.2595,0.2587,0.2594,681.0
2025-05-13 13:55:00+09:00,0.2594,0.2594,0.2584,0.2586,32051.2
2025-05-13 14:00:00+09:00,0.2586,0.2588,0.2583,0.2587,9063.3
2025-05-13 14:05:00+09:00,0.259,0.2606,0.259,0.2606,1523.8
2025-05-13 14:10:00+09:00,0.2608,0.2618,0.2608,0.2608,15196.0
2025-05-13 14:15:00+09:00,0.2607,0.2608,0.26,0.2607,12062.2
2025-05-13 14:20:00+09:00,0.2605,0.2608,0.2599,0.2606,7214.6
2025-05-13 14:25:00+09:00,0.2607,0.2607,0.2602,0.2604,6916.0
2025-05-13 14:30:00+09:00,0.2604,0.2604,0.2577,0.2577,53973.1
2025-05-13 14:35:00+09:00,0.2574,0.2595,0.2574,0.2585,41893.5
2025-05-13 14:40:00+09:00,0.259,0.2592,0.2585,0.2591,13004.5
2025-05-13 14:45:00+09:00,0.26,0.2605,0.26,0.2601,13131.9
2025-05-13 14:50:00+09:00,0.2603,0.261,0.2598,0.261,1828.1
2025-05-13 14:55:00+09:00,0.2615,0.2615,0.2603,0.2612,39722.6
2025-05-13 15:00:00+09:00,0.2613,0.262,0.2613,0.2618,3148.3
2025-05-13 15:05:00+09:00,0.2618,0.262,0.2615,0.2616,1646.4
2025-05-13 15:10:00+09:00,0.2615,0.2626,0.2615,0.2623,5532.4
2025-05-13 15:15:00+09:00,0.2622,0.2624,0.2612,0.2612,1450.3
2025-05-13 15:20:00+09:00,0.261,0.2612,0.2606,0.2607,12487.0
2025-05-13 15:25:00+09:00,0.2607,0.2607,0.2602,0.2604,12893.8
2025-05-13 15:30:00+09:00,0.2605,0.2614,0.2605,0.261,5724.1
2025-05-13 15:35:00+09:00,0.2608,0.2611,0.2604,0.2606,3980.5
2025-05-13 15:40:00+09:00,0.2605,0.2607,0.2595,0.2603,63413.5
2025-05-13 15:45:00+09:00,0.2603,0.2606,0.2595,0.2596,2302.1
2025-05-13 15:50:00+09:00,0.2595,0.2597,0.2591,0.2591,3378.2
2025-05-13 15:55:00+09:00,0.2592,0.2597,0.2592,0.2597,766.8
2025-05-13 16:00:00+09:00,0.2595,0.2605,0.2595,0.2604,11836.5
2025-05-13 16:05:00+09:00,0.2605,0.2608,0.2597,0.2606,16107.7
2025-05-13 16:10:00+09:00,0.2608,0.2617,0.2608,0.2616,14874.4
2025-05-13 16:15:00+09:00,0.2617,0.2633,0.2617,0.2628,11892.0
2025-05-13 16:20:00+09:00,0.2628,0.2635,0.2628,0.2629,12828.4
2025-05-13 16:25:00+09:00,0.2636,0.2643,0.2635,0.2638,8387.9
2025-05-13 16:30:00+09:00,0.2645,0.2648,0.264,0.2645,18364.8
2025-05-13 16:35:00+09:00,0.2648,0.2658,0.2638,0.2639,140694.0
2025-05-13 16:40:00+09:00,0.2634,0.2646,0.2634,0.2637,17561.1
2025-05-13 16:45:00+09:00,0.2638,0.2648,0.2638,0.264,10121.3
2025-05-13 16:50:00+09:00,0.2641,0.2649,0.2641,0.2645,1471.4
2025-05-13 16:55:00+09:00,0.2648,0.2653,0.2647,0.2652,8944.2
2025-05-13 17:00:00+09:00,0.2648,0.2658,0.2645,0.2651,32019.9
2025-05-13 17:05:00+09:00,0.2654,0.2659,0.2653,0.2655,10759.5
2025-05-13 17:10:00+09:00,0.265,0.2663,0.2633,0.265,114725.3
2025-05-13 17:15:00+09:00,0.265,0.2657,0.265,0.2652,5580.1
2025-05-13 17:20:00+09:00,0.2655,0.2659,0.2646,0.2659,25652.3
2025-05-13 17:25:00+09:00,0.2656,0.2659,0.265,0.265,11357.5
2025-05-13 17:30:00+09:00,0.265,0.2656,0.2626,0.2638,108673.6
2025-05-13 17:35:00+09:00,0.2638,0.2656,0.2637,0.2654,64618.7
2025-05-13 17:40:00+09:00,0.2653,0.2653,0.2635,0.2641,96731.8
2025-05-13 17:45:00+09:00,0.2644,0.2655,0.2644,0.2653,10828.0
2025-05-13 17:50:00+09:00,0.2648,0.2648,0.2625,0.2633,110555.4
2025-05-13 17:55:00+09:00,0.2634,0.2636,0.263,0.2632,4186.9
2025-05-13 18:00:00+09:00,0.2631,0.2637,0.263,0.2634,3296.2
2025-05-13 18:05:00+09:00,0.2635,0.2641,0.2635,0.2637,9068.2
2025-05-13 18:10:00+09:00,0.2638,0.2641,0.2636,0.2639,8201.3
2025-05-13 18:15:00+09:00,0.2642,0.2661,0.2642,0.2661,5402.7
2025-05-13 18:20:00+09:00,0.2658,0.2662,0.2657,0.2661,4458.3
2025-05-13 18:25:00+09:00,0.266,0.267,0.266,0.2666,2746.9
2025-05-13 18:30:00+09:00,0.2669,0.2671,0.266,0.2662,4029.5
2025-05-13 18:35:00+09:00,0.2663,0.2678,0.2663,0.267,63094.3
2025-05-13 18:40:00+09:00,0.267,0.2671,0.266,0.2661,29868.6
2025-05-13 18:45:00+09:00,0.2661,0.2671,0.2659,0.2664,39097.0
2025-05-13 18:50:00+09:00,0.2665,0.2671,0.2664,0.2671,1635.4
2025-05-13 18:55:00+09:00,0.2671,0.2674,0.267,0.267,3812.9
2025-05-13 19:00:00+09:00,0.2671,0.2671,0.2654,0.2654,10876.6
2025-05-13 19:05:00+09:00,0.2658,0.2664,0.2657,0.2657,8006.8
2025-05-13 19:10:00+09:00,0.2654,0.266,0.2654,0.2657,2052.4
2025-05-13 19:15:00+09:00,0.2655,0.2655,0.2644,0.2648,6474.1
2025-05-13 19:20:00+09:00,0.2648,0.2658,0.2648,0.2655,22049.5
2025-05-13 19:25:00+09:00,0.2655,0.2661,0.2652,0.2661,5014.3
2025-05-13 19:30:00+09:00,0.2661,0.2661,0.2651,0.2652,7138.1
2025-05-13 19:35:00+09:00,0.2653,0.2654,0.2645,0.2645,17374.3
2025-05-13 19:40:00+09:00,0.2646,0.2655,0.2646,0.2653,8717.8
2025-05-13 19:45:00+09:00,0.2653,0.2656,0.265,0.2651,6585.9
2025-05-13 19:50:00+09:00,0.2653,0.2662,0.2653,0.266,11310.2
2025-05-13 19:55:00+09:00,0.2658,0.266,0.2658,0.2658,273.1
2025-05-13 20:00:00+09:00,0.266,0.266,0.2648,0.2649,4788.1
2025-05-13 20:05:00+09:00,0.2651,0.2651,0.2638,0.2638,1967.0
2025-05-13 20:10:00+09:00,0.2641,0.2667,0.264,0.2657,79545.8
2025-05-13 20:15:00+09:00,0.2658,0.2661,0.2655,0.2661,10915.8
2025-05-13 20:20:00+09:00,0.2663,0.2677,0.2663,0.2675,27727.0
2025-05-13 20:25:00+09:00,0.2677,0.2678,0.266,0.266,13845.9
2025-05-13 20:30:00+09:00,0.2657,0.2677,0.2657,0.2673,2528.5
2025-05-13 20:35:00+09:00,0.267,0.2678,0.2666,0.2674,11535.5
2025-05-13 20:40:00+09:00,0.2677,0.2684,0.2677,0.2679,20913.5
2025-05-13 20:45:00+09:00,0.2678,0.2682,0.2674,0.2682,2168.7
2025-05-13 20:50:00+09:00,0.2681,0.2681,0.267,0.2678,13444.4
2025-05-13 20:55:00+09:00,0.268,0.2682,0.268,0.268,111.0
2025-05-13 21:00:00+09:00,0.268,0.268,0.2665,0.2665,12927.6
2025-05-13 21:05:00+09:00,0.2663,0.2668,0.2655,0.2657,3404.6
2025-05-13 21:10:00+09:00,0.2656,0.2663,0.2654,0.266,31985.3
2025-05-13 21:15:00+09:00,0.266,0.2671,0.266,0.2669,6573.4
2025-05-13 21:20:00+09:00,0.2667,0.2667,0.2656,0.2658,3795.8
2025-05-13 21:25:00+09:00,0.2658,0.2667,0.2658,0.2663,2835.1
2025-05-13 21:30:00+09:00,0.2665,0.2695,0.2664,0.2682,136683.7
2025-05-13 21:35:00+09:00,0.2687,0.2698,0.2687,0.2698,14293.3
2025-05-13 21:40:00+09:00,0.2699,0.2708,0.2696,0.2697,65351.5
2025-05-13 21:45:00+09:00,0.2699,0.2711,0.2688,0.2706,41873.6
2025-05-13 21:50:00+09:00,0.2706,0.2709,0.2701,0.2707,11813.0
2025-05-13 21:55:00+09:00,0.2704,0.2713,0.2699,0.271,9184.9
2025-05-13 22:00:00+09:00,0.2711,0.2724,0.2707,0.2707,5175.2
2025-05-13 22:05:00+09:00,0.271,0.2711,0.2701,0.2704,12195.3
2025-05-13 22:10:00+09:00,0.2705,0.2713,0.2705,0.2707,3203.3
2025-05-13 22:15:00+09:00,0.2709,0.2728,0.2707,0.2719,51172.2
2025-05-13 22:20:00+09:00,0.2721,0.2724,0.2714,0.2714,18343.5
2025-05-13 22:25:00+09:00,0.2716,0.272,0.2713,0.2718,3840.0
2025-05-13 22:30:00+09:00,0.2715,0.2721,0.2709,0.2709,12568.5
2025-05-13 22:35:00+09:00,0.271,0.2722,0.2705,0.2712,16903.1
2025-05-13 22:40:00+09:00,0.2712,0.2716,0.2707,0.271,3580.1
2025-05-13 22:45:00+09:00,0.2707,0.2707,0.2689,0.2695,22151.9
2025-05-13 22:50:00+09:00,0.2699,0.2712,0.2699,0.271,1441.1
2025-05-13 22:55:00+09:00,0.2708,0.2712,0.2708,0.2708,1890.3
2025-05-13 23:00:00+09:00,0.2707,0.2707,0.2693,0.2694,15617.0
2025-05-13 23:05:00+09:00,0.2687,0.2698,0.2685,0.2695,33642.4
2025-05-13 23:10:00+09:00,0.269,0.269,0.2678,0.2688,11410.0
2025-05-13 23:15:00+09:00,0.2684,0.2698,0.2675,0.2698,3473.2
2025-05-13 23:20:00+09:00,0.2702,0.2705,0.2698,0.2704,3524.3
2025-05-13 23:25:00+09:00,0.2704,0.271,0.2701,0.2706,12285.9
2025-05-13 23:30:00+09:00,0.2707,0.2707,0.2695,0.2697,5385.3
2025-05-13 23:35:00+09:00,0.2696,0.2699,0.2694,0.2698,2886.6
2025-05-13 23:40:00+09:00,0.2696,0.2698,0.2691,0.2694,12794.1
2025-05-13 23:45:00+09:00,0.2694,0.2701,0.2674,0.2679,7749.7
2025-05-13 23:50:00+09:00,0.2681,0.2686,0.268,0.2686,9216.1
2025-05-13 23:55:00+09:00,0.2687,0.2691,0.2687,0.2688,2734.9
2025-05-14 00:00:00+09:00,0.2688,0.2695,0.2685,0.2695,3745.4
2025-05-14 00:05:00+09:00,0.2693,0.2703,0.2687,0.2692,68669.2
2025-05-14 00:10:00+09:00,0.269,0.2714,0.269,0.2701,35144.1
2025-05-14 00:15:00+09:00,0.2701,0.2707,0.2701,0.2702,4329.8
2025-05-14 00:20:00+09:00,0.2701,0.2701,0.2698,0.2701,1377.9
2025-05-14 00:25:00+09:00,0.2703,0.2714,0.2703,0.2712,5582.6
2025-05-14 00:30:00+09:00,0.2715,0.2715,0.2704,0.2704,2036.2
2025-05-14 00:35:00+09:00,0.27,0.2711,0.2694,0.2708,20319.7
2025-05-14 00:40:00+09:00,0.271,0.2712,0.2706,0.2709,1596.1
2025-05-14 00:45:00+09:00,0.2711,0.2711,0.2707,0.271,5921.3
2025-05-14 00:50:00+09:00,0.2713,0.2713,0.2709,0.2713,8978.4
2025-05-14 00:55:00+09:00,0.2714,0.2718,0.2713,0.2718,330.1
2025-05-14 01:00:00+09:00,0.2717,0.2717,0.2704,0.2713,18003.5
2025-05-14 01:05:00+09:00,0.2712,0.2713,0.2709,0.2709,3610.3
2025-05-14 01:10:00+09:00,0.2708,0.2725,0.2708,0.2724,7171.5
2025-05-14 01:15:00+09:00,0.2726,0.2728,0.2716,0.2716,16011.3
2025-05-14 01:20:00+09:00,0.2716,0.2723,0.2713,0.2716,8741.6
2025-05-14 01:25:00+09:00,0.2718,0.2723,0.2714,0.2716,40891.7
2025-05-14 01:30:00+09:00,0.2714,0.2714,0.2698,0.2709,71997.2
2025-05-14 01:35:00+09:00,0.2713,0.2727,0.2706,0.2717,71885.7
2025-05-14 01:40:00+09:00,0.2718,0.2718,0.2707,0.2711,23344.0
2025-05-14 01:45:00+09:00,0.2708,0.2709,0.2699,0.2704,12266.6
2025-05-14 01:50:00+09:00,0.2701,0.2701,0.2694,0.2701,2062.5
2025-05-14 01:55:00+09:00,0.2702,0.2702,0.2694,0.2698,2290.5
2025-05-14 02:00:00+09:00,0.2699,0.2705,0.2698,0.2703,2706.4
2025-05-14 02:05:00+09:00,0.2703,0.2713,0.2699,0.2709,23643.0
2025-05-14 02:10:00+09:00,0.2712,0.2716,0.2709,0.271,6902.7
2025-05-14 02:15:00+09:00,0.2712,0.2719,0.2712,0.2718,1669.3
2025-05-14 02:20:00+09:00,0.272,0.2731,0.2719,0.2731,5158.8
2025-05-14 02:25:00+09:00,0.2728,0.2732,0.2723,0.2727,4204.5
2025-05-14 02:30:00+09:00,0.2726,0.2736,0.2723,0.2725,50031.6
2025-05-14 02:35:00+09:00,0.2725,0.2727,0.2715,0.2724,10540.1
2025-05-14 02:40:00+09:00,0.2726,0.273,0.2726,0.2728,777.3
2025-05-14 02:45:00+09:00,0.2729,0.2745,0.2726,0.2741,9317.1
2025-05-14 02:50:00+09:00,0.2741,0.2744,0.2737,0.2737,10724.5
2025-05-14 02:55:00+09:00,0.2737,0.2743,0.2736,0.2741,4552.1
2025-05-14 03:00:00+09:00,0.2741,0.2748,0.2738,0.2744,4279.1
2025-05-14 03:05:00+09:00,0.2745,0.2748,0.2743,0.2744,7212.0
2025-05-14 03:10:00+09:00,0.2747,0.2751,0.2745,0.2747,19376.9
2025-05-14 03:15:00+09:00,0.2747,0.2752,0.2743,0.2752,5495.8
2025-05-14 03:20:00+09:00,0.2751,0.2755,0.2747,0.2748,14306.3
2025-05-14 03:25:00+09:00,0.2751,0.2759,0.2749,0.2756,6964.0
2025-05-14 03:30:00+09:00,0.2756,0.2766,0.2755,0.2756,7753.8
2025-05-14 03:35:00+09:00,0.2759,0.2762,0.2754,0.2754,7773.6
2025-05-14 03:40:00+09:00,0.2751,0.2754,0.2745,0.2752,21731.5
2025-05-14 03:45:00+09:00,0.2753,0.2786,0.2753,0.2779,184026.1
2025-05-14 03:50:00+09:00,0.2778,0.2778,0.2766,0.2771,37821.9
2025-05-14 03:55:00+09:00,0.277,0.2786,0.2766,0.2783,29631.2
2025-05-14 04:00:00+09:00,0.2782,0.2782,0.2762,0.2763,34175.3
2025-05-14 04:05:00+09:00,0.2764,0.2766,0.2756,0.2756,2310.8
2025-05-14 04:10:00+09:00,0.2759,0.2765,0.2759,0.2762,9477.4
2025-05-14 04:15:00+09:00,0.2764,0.2773,0.2764,0.2773,3898.1
2025-05-14 04:20:00+09:00,0.2773,0.2791,0.277,0.278,54269.6
2025-05-14 04:25:00+09:00,0.2784,0.2793,0.2784,0.2789,4777.2
2025-05-14 04:30:00+09:00,0.2787,0.2792,0.2783,0.2783,11072.8
2025-05-14 04:35:00+09:00,0.2783,0.2787,0.278,0.278,8941.7
2025-05-14 04:40:00+09:00,0.2779,0.2791,0.2779,0.2788,5643.9
2025-05-14 04:45:00+09:00,0.2787,0.28,0.2787,0.2796,26808.8
2025-05-14 04:50:00+09:00,0.2794,0.2796,0.2768,0.2778,72477.6
2025-05-14 04:55:00+09:00,0.2777,0.2791,0.2769,0.2791,12595.4
2025-05-14 05:00:00+09:00,0.2791,0.2793,0.2778,0.2788,4407.1
2025-05-14 05:05:00+09:00,0.2784,0.2784,0.2764,0.2779,5714.4
2025-05-14 05:10:00+09:00,0.2781,0.2791,0.2781,0.2791,18635.6
2025-05-14 05:15:00+09:00,0.2791,0.2794,0.2788,0.2791,15281.6
2025-05-14 05:20:00+09:00,0.2795,0.2798,0.2792,0.2798,3899.1
2025-05-14 05:25:00+09:00,0.2797,0.2798,0.2792,0.2793,2775.3
2025-05-14 05:30:00+09:00,0.279,0.2792,0.2786,0.2792,1762.3
2025-05-14 05:35:00+09:00,0.2791,0.2797,0.2788,0.2794,36109.3
2025-05-14 05:40:00+09:00,0.2793,0.2799,0.2791,0.2795,4444.6
2025-05-14 05:45:00+09:00,0.2795,0.281,0.2794,0.2805,14416.1
2025-05-14 05:50:00+09:00,0.2804,0.2805,0.2793,0.2794,3064.2
2025-05-14 05:55:00+09:00,0.2796,0.2798,0.2795,0.2798,1494.0
2025-05-14 06:00:00+09:00,0.2796,0.2796,0.2787,0.279,1315.4
2025-05-14 06:05:00+09:00,0.2787,0.2792,0.2787,0.2792,3180.4
2025-05-14 06:10:00+09:00,0.2792,0.2792,0.2783,0.2787,1725.8
2025-05-14 06:15:00+09:00,0.2787,0.2789,0.2785,0.2787,15788.4
2025-05-14 06:20:00+09:00,0.2784,0.2785,0.2776,0.278,1820.6
2025-05-14 06:25:00+09:00,0.2779,0.2789,0.2779,0.2789,1533.9
2025-05-14 06:30:00+09:00,0.279,0.2792,0.2787,0.2792,1426.9
2025-05-14 06:35:00+09:00,0.279,0.2792,0.2788,0.2788,1070.0
2025-05-14 06:40:00+09:00,0.2789,0.2789,0.2781,0.2784,13979.7
2025-05-14 06:45:00+09:00,0.2782,0.2797,0.2782,0.2795,20147.9
2025-05-14 06:50:00+09:00,0.2797,0.2797,0.2793,0.2793,339.9
2025-05-14 06:55:00+09:00,0.2794,0.2796,0.2794,0.2794,511.8
2025-05-14 07:00:00+09:00,0.2793,0.2796,0.2783,0.2783,2386.6
2025-05-14 07:05:00+09:00,0.2781,0.2781,0.2768,0.2769,9339.9
2025-05-14 07:10:00+09:00,0.2769,0.2778,0.2769,0.2774,3220.0
2025-05-14 07:15:00+09:00,0.2776,0.2783,0.2776,0.2782,1440.6
2025-05-14 07:20:00+09:00,0.2783,0.2798,0.2783,0.2786,111379.2
2025-05-14 07:25:00+09:00,0.2786,0.2788,0.2783,0.2785,2774.1
2025-05-14 07:30:00+09:00,0.2784,0.2787,0.2777,0.2787,3183.1
2025-05-14 07:35:00+09:00,0.2783,0.2795,0.2783,0.2795,2063.6
2025-05-14 07:40:00+09:00,0.2795,0.2795,0.2794,0.2794,7137.8
2025-05-14 07:45:00+09:00,0.2795,0.2798,0.2787,0.2787,1080.5
2025-05-14 07:50:00+09:00,0.2787,0.2787,0.2779,0.2779,913.4
2025-05-14 07:55:00+09:00,0.2777,0.2777,0.277,0.2776,794.8
2025-05-14 08:00:00+09:00,0.2776,0.2781,0.2771,0.2774,5527.9
2025-05-14 08:05:00+09:00,0.2766,0.2767,0.2755,0.2766,5166.2
2025-05-14 08:10:00+09:00,0.2769,0.2775,0.2769,0.2775,4742.8
2025-05-14 08:15:00+09:00,0.2776,0.2785,0.2776,0.2785,2709.6
2025-05-14 08:20:00+09:00,0.2784,0.2784,0.2773,0.2773,1919.1
2025-05-14 08:25:00+09:00,0.2772,0.2773,0.2769,0.2773,1556.9
2025-05-14 08:30:00+09:00,0.2775,0.2793,0.2775,0.2791,2788.3
2025-05-14 08:35:00+09:00,0.2791,0.2803,0.279,0.2796,2977.8
2025-05-14 08:40:00+09:00,0.2795,0.2806,0.2794,0.2794,13757.5
2025-05-14 08:45:00+09:00,0.2798,0.2803,0.2797,0.2798,1935.0
2025-05-14 08:50:00+09:00,0.2797,0.2803,0.2797,0.2803,3233.5
2025-05-14 08:55:00+09:00,0.2802,0.2802,0.2791,0.2791,14266.8
2025-05-14 09:00:00+09:00,0.2789,0.2803,0.2788,0.2796,26400.8
2025-05-14 09:05:00+09:00,0.2794,0.2794,0.2779,0.2779,3784.2
2025-05-14 09:10:00+09:00,0.2776,0.2802,0.2776,0.279,25536.1
2025-05-14 09:15:00+09:00,0.2789,0.2794,0.2789,0.2793,3544.1
2025-05-14 09:20:00+09:00,0.2794,0.2794,0.2778,0.2778,9627.2
2025-05-14 09:25:00+09:00,0.2775,0.2781,0.2768,0.278,29122.9
2025-05-14 09:30:00+09:00,0.2779,0.2789,0.2771,0.2789,17087.7
2025-05-14 09:35:00+09:00,0.2789,0.2793,0.2786,0.2793,21729.2
2025-05-14 09:40:00+09:00,0.2791,0.2791,0.278,0.2783,8256.0
2025-05-14 09:45:00+09:00,0.278,0.2783,0.2765,0.2772,77753.3
2025-05-14 09:50:00+09:00,0.2772,0.2787,0.2772,0.2778,8033.9
2025-05-14 09:55:00+09:00,0.2781,0.2786,0.2781,0.2784,647.3
2025-05-14 10:00:00+09:00,0.2784,0.28,0.2778,0.2784,9960.2
2025-05-14 10:05:00+09:00,0.279,0.2796,0.2783,0.2795,10121.3
2025-05-14 10:10:00+09:00,0.2797,0.2799,0.2788,0.2799,2444.6
2025-05-14 10:15:00+09:00,0.2803,0.2808,0.2801,0.2802,7334.5
2025-05-14 10:20:00+09:00,0.2797,0.2809,0.2797,0.2802,8945.0
2025-05-14 10:25:00+09:00,0.2798,0.2812,0.2798,0.2808,9423.3
2025-05-14 10:30:00+09:00,0.2808,0.2808,0.279,0.2791,14306.5
2025-05-14 10:35:00+09:00,0.278,0.2794,0.2777,0.2786,28618.8
2025-05-14 10:40:00+09:00,0.2787,0.2798,0.2787,0.2791,31629.3
2025-05-14 10:45:00+09:00,0.2788,0.2791,0.2773,0.2778,7491.5
2025-05-14 10:50:00+09:00,0.2776,0.2776,0.2762,0.2766,4664.5
2025-05-14 10:55:00+09:00,0.2769,0.2776,0.2768,0.2774,2003.7
2025-05-14 11:00:00+09:00,0.2771,0.2771,0.275,0.2761,11297.5
2025-05-14 11:05:00+09:00,0.2759,0.2762,0.2738,0.2738,7392.0
2025-05-14 11:10:00+09:00,0.2738,0.2754,0.2734,0.2752,30180.3
2025-05-14 11:15:00+09:00,0.2752,0.2774,0.2752,0.2774,27353.4
2025-05-14 11:20:00+09:00,0.2771,0.2774,0.2765,0.2767,2987.8
2025-05-14 11:25:00+09:00,0.2767,0.2767,0.2748,0.2749,12188.4
2025-05-14 11:30:00+09:00,0.2746,0.2767,0.2743,0.2766,35201.8
2025-05-14 11:35:00+09:00,0.2767,0.2774,0.2766,0.2769,15195.3
2025-05-14 11:40:00+09:00,0.277,0.2776,0.277,0.2773,437.6
2025-05-14 11:45:00+09:00,0.2777,0.2777,0.2766,0.277,1585.6
2025-05-14 11:50:00+09:00,0.2768,0.277,0.2761,0.2764,2646.2
2025-05-14 11:55:00+09:00,0.2766,0.2772,0.2766,0.2769,990.4
2025-05-14 12:00:00+09:00,0.277,0.2774,0.2764,0.2765,4749.1
2025-05-14 12:05:00+09:00,0.2764,0.2764,0.2748,0.2753,30446.7
2025-05-14 12:10:00+09:00,0.2752,0.2764,0.2751,0.2759,6051.8
2025-05-14 12:15:00+09:00,0.2761,0.2762,0.2755,0.2755,1088.2
2025-05-14 12:20:00+09:00,0.2755,0.2756,0.2739,0.2739,26676.1
2025-05-14 12:25:00+09:00,0.2737,0.274,0.2722,0.2726,103089.1
2025-05-14 12:30:00+09:00,0.2725,0.2734,0.2723,0.273,230554.5
2025-05-14 12:35:00+09:00,0.2731,0.2739,0.273,0.2739,2541.4
2025-05-14 12:40:00+09:00,0.2743,0.2753,0.2726,0.2734,84692.0
2025-05-14 12:45:00+09:00,0.2736,0.2748,0.2736,0.2744,9421.6
2025-05-14 12:50:00+09:00,0.2751,0.2751,0.2742,0.2746,3371.7
2025-05-14 12:55:00+09:00,0.2746,0.2757,0.2742,0.2757,4793.6
2025-05-14 13:00:00+09:00,0.2756,0.2756,0.2748,0.2748,7957.6
2025-05-14 13:05:00+09:00,0.2751,0.2754,0.2745,0.2746,8215.3
2025-05-14 13:10:00+09:00,0.2745,0.2749,0.2744,0.2744,1964.0
2025-05-14 13:15:00+09:00,0.2747,0.2748,0.2735,0.2736,7412.3
2025-05-14 13:20:00+09:00,0.2738,0.2751,0.2738,0.2749,4330.7
2025-05-14 13:25:00+09:00,0.2749,0.2755,0.2748,0.2748,1732.0
2025-05-14 13:30:00+09:00,0.2748,0.2754,0.2748,0.2749,13982.2
2025-05-14 13:35:00+09:00,0.2751,0.2773,0.2751,0.277,15279.7
2025-05-14 13:40:00+09:00,0.2768,0.2776,0.2766,0.2766,14826.7
2025-05-14 13:45:00+09:00,0.2767,0.2768,0.2763,0.2764,2739.5
2025-05-14 13:50:00+09:00,0.2764,0.2772,0.2764,0.2772,2086.9
2025-05-14 13:55:00+09:00,0.2769,0.2778,0.2767,0.2778,1429.7
2025-05-14 14:00:00+09:00,0.2778,0.279,0.2774,0.2786,17093.1
2025-05-14 14:05:00+09:00,0.2786,0.2786,0.2776,0.2776,5207.7
2025-05-14 14:10:00+09:00,0.2774,0.2774,0.276,0.2763,7273.9
2025-05-14 14:15:00+09:00,0.2761,0.2764,0.2756,0.2758,2437.2
2025-05-14 14:20:00+09:00,0.2758,0.2767,0.2758,0.2766,1545.6
2025-05-14 14:25:00+09:00,0.2766,0.2768,0.2762,0.2765,1630.3
2025-05-14 14:30:00+09:00,0.2766,0.2768,0.276,0.2764,10323.5
2025-05-14 14:35:00+09:00,0.2763,0.2767,0.2763,0.2765,933.0
2025-05-14 14:40:00+09:00,0.2766,0.2771,0.2766,0.2767,1847.3
2025-05-14 14:45:00+09:00,0.2769,0.2781,0.2769,0.278,19750.4
2025-05-14 14:50:00+09:00,0.278,0.2781,0.2778,0.2778,1227.8
2025-05-14 14:55:00+09:00,0.2782,0.2782,0.2777,0.2779,6456.4
2025-05-14 15:00:00+09:00,0.2777,0.278,0.2768,0.2768,23927.4
2025-05-14 15:05:00+09:00,0.2771,0.2774,0.2759,0.2759,10360.1
2025-05-14 15:10:00+09:00,0.2759,0.2768,0.2758,0.2765,1743.0
2025-05-14 15:15:00+09:00,0.2766,0.2776,0.2766,0.2768,22567.2
2025-05-14 15:20:00+09:00,0.2767,0.2767,0.2755,0.2761,32517.3
2025-05-14 15:25:00+09:00,0.2762,0.2768,0.2762,0.2766,1635.8
2025-05-14 15:30:00+09:00,0.2768,0.2772,0.2767,0.277,2465.0
2025-05-14 15:35:00+09:00,0.2773,0.2776,0.2771,0.2775,3265.1
2025-05-14 15:40:00+09:00,0.2778,0.2785,0.2775,0.2775,8337.8
2025-05-14 15:45:00+09:00,0.2775,0.2775,0.2769,0.2774,8922.2
2025-05-14 15:50:00+09:00,0.2776,0.2778,0.2776,0.2778,1150.1
2025-05-14 15:55:00+09:00,0.2775,0.2778,0.2775,0.2777,91.5
2025-05-14 16:00:00+09:00,0.2775,0.2775,0.2762,0.2762,3406.8
2025-05-14 16:05:00+09:00,0.2761,0.2766,0.276,0.2765,845.3
2025-05-14 16:10:00+09:00,0.2764,0.2771,0.2764,0.2769,1429.0
2025-05-14 16:15:00+09:00,0.2768,0.277,0.275,0.2755,1602.0
2025-05-14 16:20:00+09:00,0.2758,0.276,0.2745,0.2745,4552.1
2025-05-14 16:25:00+09:00,0.2743,0.2751,0.2743,0.2751,19162.7
2025-05-14 16:30:00+09:00,0.2752,0.2755,0.2742,0.2752,16144.0
2025-05-14 16:35:00+09:00,0.2753,0.2755,0.2744,0.2753,15319.0
2025-05-14 16:40:00+09:00,0.2753,0.2756,0.2747,0.2747,8954.4
2025-05-14 16:45:00+09:00,0.2744,0.2744,0.2738,0.2741,3459.8
2025-05-14 16:50:00+09:00,0.2739,0.2745,0.2738,0.2745,27237.1
2025-05-14 16:55:00+09:00,0.2744,0.2745,0.2733,0.2735,14238.1
2025-05-14 17:00:00+09:00,0.2735,0.274,0.2723,0.2733,35728.6
2025-05-14 17:05:00+09:00,0.2735,0.2737,0.2716,0.2729,47574.1
2025-05-14 17:10:00+09:00,0.2728,0.2733,0.2715,0.2731,43461.5
2025-05-14 17:15:00+09:00,0.2731,0.2738,0.2693,0.2701,353638.7
2025-05-14 17:20:00+09:00,0.2702,0.2725,0.2689,0.27,266210.1
2025-05-14 17:25:00+09:00,0.2699,0.2702,0.2695,0.2701,21765.6
2025-05-14 17:30:00+09:00,0.2701,0.2703,0.2691,0.2694,22858.9
2025-05-14 17:35:00+09:00,0.2694,0.2709,0.2691,0.2709,16129.8
2025-05-14 17:40:00+09:00,0.271,0.2711,0.2682,0.269,294759.2
2025-05-14 17:45:00+09:00,0.2689,0.269,0.2667,0.2673,111373.8
2025-05-14 17:50:00+09:00,0.2671,0.2671,0.264,0.2641,48543.2
2025-05-14 17:55:00+09:00,0.2643,0.2652,0.2625,0.2627,234327.2
2025-05-14 18:00:00+09:00,0.2627,0.2646,0.2625,0.2629,71190.6
2025-05-14 18:05:00+09:00,0.2625,0.2635,0.2619,0.2629,32130.9
2025-05-14 18:10:00+09:00,0.2631,0.2643,0.2631,0.2643,10334.7
2025-05-14 18:15:00+09:00,0.264,0.2647,0.2633,0.2639,28798.5
2025-05-14 18:20:00+09:00,0.2634,0.2634,0.2596,0.2612,508864.2
2025-05-14 18:25:00+09:00,0.2616,0.2626,0.261,0.2619,119970.3
2025-05-14 18:30:00+09:00,0.2616,0.2621,0.2607,0.2617,28454.6
2025-05-14 18:35:00+09:00,0.2615,0.2616,0.2601,0.2614,40082.8
2025-05-14 18:40:00+09:00,0.2615,0.2629,0.2612,0.2612,13023.0
2025-05-14 18:45:00+09:00,0.2616,0.2625,0.2612,0.2616,14562.5
2025-05-14 18:50:00+09:00,0.2615,0.2617,0.2598,0.2601,50701.6
2025-05-14 18:55:00+09:00,0.2601,0.2612,0.2599,0.2612,53164.5
2025-05-14 19:00:00+09:00,0.2615,0.2624,0.2615,0.2618,15346.9
2025-05-14 19:05:00+09:00,0.2618,0.2625,0.2614,0.2618,23228.5
2025-05-14 19:10:00+09:00,0.2617,0.2624,0.2613,0.2622,30053.8
2025-05-14 19:15:00+09:00,0.2622,0.2628,0.261,0.2612,33251.1
2025-05-14 19:20:00+09:00,0.261,0.2618,0.2595,0.2609,285723.1
2025-05-14 19:25:00+09:00,0.2611,0.2619,0.2607,0.2607,28392.7
2025-05-14 19:30:00+09:00,0.2604,0.2608,0.26,0.2605,10455.3
2025-05-14 19:35:00+09:00,0.2604,0.2614,0.2598,0.2612,31693.9
2025-05-14 19:40:00+09:00,0.2612,0.2615,0.2598,0.26,49205.5
2025-05-14 19:45:00+09:00,0.2599,0.2604,0.2597,0.2598,8639.9
2025-05-14 19:50:00+09:00,0.2597,0.2597,0.2587,0.2592,10200.0
2025-05-14 19:55:00+09:00,0.2592,0.2598,0.2591,0.2591,4102.5
2025-05-14 20:00:00+09:00,0.2592,0.26,0.2592,0.2596,9205.6
2025-05-14 20:05:00+09:00,0.2594,0.2599,0.2585,0.2588,62993.2
2025-05-14 20:10:00+09:00,0.2588,0.2599,0.2588,0.2596,101430.9
2025-05-14 20:15:00+09:00,0.2595,0.26,0.2587,0.2594,84071.0
2025-05-14 20:20:00+09:00,0.2596,0.2606,0.2592,0.2596,167148.3
2025-05-14 20:25:00+09:00,0.2594,0.2602,0.2592,0.2601,13700.4
2025-05-14 20:30:00+09:00,0.2601,0.2605,0.2599,0.2601,12960.2
2025-05-14 20:35:00+09:00,0.2602,0.2614,0.2599,0.2614,20504.8
2025-05-14 20:40:00+09:00,0.2611,0.2612,0.2604,0.2607,10521.4
2025-05-14 20:45:00+09:00,0.2606,0.2606,0.2602,0.2603,14027.8
2025-05-14 20:50:00+09:00,0.2603,0.2607,0.2599,0.2604,18031.2
2025-05-14 20:55:00+09:00,0.2603,0.2604,0.2598,0.2601,13801.4
2025-05-14 21:00:00+09:00,0.2601,0.2607,0.259,0.2593,18626.9
2025-05-14 21:05:00+09:00,0.2593,0.2601,0.2593,0.2598,4607.1
2025-05-14 21:10:00+09:00,0.2598,0.2611,0.2598,0.2605,7188.8
2025-05-14 21:15:00+09:00,0.2605,0.2615,0.2605,0.2614,5988.2
2025-05-14 21:20:00+09:00,0.2615,0.2619,0.2614,0.2617,4302.5
2025-05-14 21:25:00+09:00,0.2616,0.2616,0.2608,0.2609,6878.4
2025-05-14 21:30:00+09:00,0.2609,0.2614,0.2608,0.2612,18054.1
2025-05-14 21:35:00+09:00,0.2613,0.2614,0.26,0.26,3682.2
2025-05-14 21:40:00+09:00,0.26,0.2601,0.2586,0.2587,47283.0
2025-05-14 21:45:00+09:00,0.2588,0.259,0.2561,0.2569,178251.1
2025-05-14 21:50:00+09:00,0.2569,0.2587,0.2569,0.2579,24596.3
2025-05-14 21:55:00+09:00,0.2578,0.2581,0.257,0.2579,20999.7
2025-05-14 22:00:00+09:00,0.2578,0.2579,0.2555,0.2574,26938.7
2025-05-14 22:05:00+09:00,0.2573,0.2574,0.2563,0.2571,17686.6
2025-05-14 22:10:00+09:00,0.2577,0.2587,0.2574,0.2574,30368.2
2025-05-14 22:15:00+09:00,0.2577,0.2586,0.257,0.2579,11410.9
2025-05-14 22:20:00+09:00,0.2576,0.2581,0.2572,0.2579,18514.4
2025-05-14 22:25:00+09:00,0.2582,0.2582,0.2571,0.2576,8759.5
2025-05-14 22:30:00+09:00,0.2578,0.2589,0.2567,0.2576,61432.1
2025-05-14 22:35:00+09:00,0.2579,0.258,0.2552,0.2565,18143.7
2025-05-14 22:40:00+09:00,0.2566,0.2569,0.2542,0.2545,61209.9
2025-05-14 22:45:00+09:00,0.2546,0.2553,0.2521,0.253,89027.8
2025-05-14 22:50:00+09:00,0.2529,0.2557,0.2526,0.2552,33745.2
2025-05-14 22:55:00+09:00,0.255,0.257,0.2548,0.2569,24435.6
2025-05-14 23:00:00+09:00,0.2571,0.2572,0.2556,0.2564,44820.8
2025-05-14 23:05:00+09:00,0.2564,0.2569,0.2551,0.2562,80443.4
2025-05-14 23:10:00+09:00,0.2561,0.2561,0.2533,0.2541,50143.5
2025-05-14 23:15:00+09:00,0.2538,0.2538,0.2515,0.2519,65012.0
2025-05-14 23:20:00+09:00,0.252,0.2529,0.2506,0.2528,45848.5
2025-05-14 23:25:00+09:00,0.2528,0.253,0.252,0.2524,20376.7
2025-05-14 23:30:00+09:00,0.2524,0.2537,0.2524,0.2527,40641.9
2025-05-14 23:35:00+09:00,0.2528,0.2541,0.2528,0.2539,18136.5
2025-05-14 23:40:00+09:00,0.2539,0.2549,0.2528,0.2532,117284.4
2025-05-14 23:45:00+09:00,0.253,0.2538,0.2526,0.2533,63118.2
2025-05-14 23:50:00+09:00,0.2532,0.2544,0.2531,0.2542,7952.9
2025-05-14 23:55:00+09:00,0.2543,0.2543,0.2534,0.2535,10864.2
2025-05-15 00:00:00+09:00,0.2535,0.2543,0.2515,0.252,52985.2
2025-05-15 00:05:00+09:00,0.2521,0.2539,0.2519,0.2537,14573.5
2025-05-15 00:10:00+09:00,0.2534,0.2554,0.2534,0.2552,42213.0
2025-05-15 00:15:00+09:00,0.2551,0.2552,0.2541,0.2541,41728.0
2025-05-15 00:20:00+09:00,0.2535,0.2536,0.2519,0.2522,57282.5
2025-05-15 00:25:00+09:00,0.2523,0.2535,0.2523,0.2533,9735.9
2025-05-15 00:30:00+09:00,0.2534,0.254,0.2516,0.254,32079.7
2025-05-15 00:35:00+09:00,0.2536,0.2543,0.2531,0.2543,30397.9
2025-05-15 00:40:00+09:00,0.2549,0.2549,0.2536,0.2538,13692.7
2025-05-15 00:45:00+09:00,0.2541,0.2541,0.2532,0.2535,7961.9
2025-05-15 00:50:00+09:00,0.2535,0.2543,0.2535,0.254,8420.4
2025-05-15 00:55:00+09:00,0.2542,0.2552,0.254,0.2552,7556.2
2025-05-15 01:00:00+09:00,0.255,0.2561,0.2549,0.2549,56146.9
2025-05-15 01:05:00+09:00,0.2549,0.2558,0.2548,0.2551,27676.6
2025-05-15 01:10:00+09:00,0.2551,0.2555,0.2549,0.2553,15001.8
2025-05-15 01:15:00+09:00,0.2552,0.2552,0.2533,0.2533,38667.1
2025-05-15 01:20:00+09:00,0.2535,0.2536,0.253,0.2536,11556.4
2025-05-15 01:25:00+09:00,0.2538,0.2544,0.2531,0.2534,6521.3
2025-05-15 01:30:00+09:00,0.2533,0.2539,0.2525,0.2533,23442.6
2025-05-15 01:35:00+09:00,0.2533,0.2536,0.252,0.2523,19406.8
2025-05-15 01:40:00+09:00,0.2524,0.2533,0.2516,0.252,90950.1
2025-05-15 01:45:00+09:00,0.2522,0.2529,0.2505,0.2506,47759.5
2025-05-15 01:50:00+09:00,0.2505,0.2519,0.2505,0.2519,39139.7
2025-05-15 01:55:00+09:00,0.2518,0.2522,0.2517,0.2517,5406.1
2025-05-15 02:00:00+09:00,0.2516,0.2519,0.2504,0.251,22162.0
2025-05-15 02:05:00+09:00,0.2505,0.251,0.2502,0.2507,17195.9
2025-05-15 02:10:00+09:00,0.2506,0.2506,0.2485,0.2496,50595.8
2025-05-15 02:15:00+09:00,0.2493,0.2495,0.2484,0.2489,68825.4
