timestamp,open,high,low,close,volume
2025-04-10 09:00:00+09:00,0.0491,0.0493,0.049,0.049,54173.0
2025-04-10 09:05:00+09:00,0.049,0.049,0.049,0.049,45641.0
2025-04-10 09:10:00+09:00,0.049,0.049,0.049,0.049,5512.0
2025-04-10 09:15:00+09:00,0.049,0.049,0.0489,0.0489,4441.0
2025-04-10 09:20:00+09:00,0.0489,0.049,0.0489,0.0489,5485.0
2025-04-10 09:25:00+09:00,0.0489,0.0489,0.0487,0.0487,17020.0
2025-04-10 09:30:00+09:00,0.0488,0.0488,0.0487,0.0487,16355.0
2025-04-10 09:35:00+09:00,0.0486,0.0486,0.0485,0.0485,15448.0
2025-04-10 09:40:00+09:00,0.0484,0.0485,0.0483,0.0484,52102.0
2025-04-10 09:45:00+09:00,0.0484,0.0485,0.0484,0.0485,9500.0
2025-04-10 09:50:00+09:00,0.0484,0.0486,0.0482,0.0485,463421.0
2025-04-10 09:55:00+09:00,0.0486,0.0487,0.0486,0.0486,21248.0
2025-04-10 10:00:00+09:00,0.0487,0.0487,0.0486,0.0487,97020.0
2025-04-10 10:05:00+09:00,0.0486,0.0486,0.0484,0.0484,25369.0
2025-04-10 10:10:00+09:00,0.0484,0.0485,0.0484,0.0484,46703.0
2025-04-10 10:15:00+09:00,0.0484,0.0486,0.0484,0.0485,72757.0
2025-04-10 10:20:00+09:00,0.0484,0.0484,0.0484,0.0484,830.0
2025-04-10 10:25:00+09:00,0.0483,0.0484,0.0483,0.0484,4917.0
2025-04-10 10:30:00+09:00,0.0484,0.0484,0.0482,0.0482,37153.0
2025-04-10 10:35:00+09:00,0.0482,0.0484,0.0482,0.0483,55737.0
2025-04-10 10:40:00+09:00,0.0483,0.0483,0.0483,0.0483,5843.0
2025-04-10 10:45:00+09:00,0.0484,0.0484,0.0483,0.0484,7475.0
2025-04-10 10:50:00+09:00,0.0483,0.0483,0.0483,0.0483,24562.0
2025-04-10 10:55:00+09:00,0.0482,0.0484,0.0482,0.0482,15548.0
2025-04-10 11:00:00+09:00,0.0482,0.0483,0.0482,0.0482,14156.0
2025-04-10 11:05:00+09:00,0.0482,0.0483,0.0481,0.0483,27845.0
2025-04-10 11:10:00+09:00,0.0482,0.0483,0.0482,0.0483,10854.0
2025-04-10 11:15:00+09:00,0.0483,0.0484,0.0483,0.0484,16393.0
2025-04-10 11:20:00+09:00,0.0483,0.0484,0.0483,0.0484,39938.0
2025-04-10 11:25:00+09:00,0.0484,0.0484,0.0484,0.0484,1084.0
2025-04-10 11:30:00+09:00,0.0484,0.0485,0.0484,0.0484,29674.0
2025-04-10 11:35:00+09:00,0.0484,0.0484,0.0484,0.0484,20181.0
2025-04-10 11:40:00+09:00,0.0484,0.0485,0.0484,0.0485,490.0
2025-04-10 11:45:00+09:00,0.0484,0.0484,0.0483,0.0483,41243.0
2025-04-10 11:50:00+09:00,0.0483,0.0484,0.0483,0.0484,3172.0
2025-04-10 11:55:00+09:00,0.0484,0.0485,0.0483,0.0485,75602.0
2025-04-10 12:00:00+09:00,0.0484,0.0484,0.0482,0.0483,75866.0
2025-04-10 12:05:00+09:00,0.0483,0.0484,0.0483,0.0483,68352.0
2025-04-10 12:10:00+09:00,0.0482,0.0482,0.0476,0.0478,188351.0
2025-04-10 12:15:00+09:00,0.0477,0.0478,0.0476,0.0477,71057.0
2025-04-10 12:20:00+09:00,0.0476,0.0477,0.0475,0.0475,100024.0
2025-04-10 12:25:00+09:00,0.0474,0.0476,0.0474,0.0476,2393.0
2025-04-10 12:30:00+09:00,0.0475,0.0475,0.0474,0.0475,131214.0
2025-04-10 12:35:00+09:00,0.0475,0.0477,0.0475,0.0477,20417.0
2025-04-10 12:40:00+09:00,0.0477,0.0477,0.0477,0.0477,9326.0
2025-04-10 12:45:00+09:00,0.0477,0.0478,0.0477,0.0477,31161.0
2025-04-10 12:50:00+09:00,0.0476,0.0476,0.0476,0.0476,12557.0
2025-04-10 12:55:00+09:00,0.0477,0.0478,0.0477,0.0478,30076.0
2025-04-10 13:00:00+09:00,0.0478,0.0478,0.0476,0.0476,35770.0
2025-04-10 13:05:00+09:00,0.0477,0.0478,0.0476,0.0476,32168.0
2025-04-10 13:10:00+09:00,0.0475,0.0477,0.0475,0.0477,20176.0
2025-04-10 13:15:00+09:00,0.0477,0.0477,0.0477,0.0477,5515.0
2025-04-10 13:20:00+09:00,0.0477,0.0478,0.0476,0.0477,11557.0
2025-04-10 13:25:00+09:00,0.0475,0.0475,0.0475,0.0475,887.0
2025-04-10 13:30:00+09:00,0.0475,0.0475,0.0474,0.0475,3738.0
2025-04-10 13:35:00+09:00,0.0473,0.0475,0.0473,0.0475,14670.0
2025-04-10 13:40:00+09:00,0.0475,0.0477,0.0475,0.0475,30555.0
2025-04-10 13:45:00+09:00,0.0478,0.0478,0.0478,0.0478,289.0
2025-04-10 13:50:00+09:00,0.0478,0.0478,0.0478,0.0478,452.0
2025-04-10 13:55:00+09:00,0.0478,0.048,0.0478,0.048,43971.0
2025-04-10 14:00:00+09:00,0.048,0.048,0.0479,0.0479,15260.0
2025-04-10 14:05:00+09:00,0.048,0.0481,0.0479,0.0479,1903.0
2025-04-10 14:10:00+09:00,0.0479,0.0479,0.0479,0.0479,0.0
2025-04-10 14:15:00+09:00,0.0481,0.0481,0.048,0.048,769.0
2025-04-10 14:20:00+09:00,0.048,0.0482,0.048,0.0481,46681.0
2025-04-10 14:25:00+09:00,0.0482,0.0484,0.0481,0.0482,119552.0
2025-04-10 14:30:00+09:00,0.0482,0.0483,0.048,0.048,11471.0
2025-04-10 14:35:00+09:00,0.0479,0.048,0.0479,0.048,79681.0
2025-04-10 14:40:00+09:00,0.0481,0.0481,0.0481,0.0481,645.0
2025-04-10 14:45:00+09:00,0.0479,0.0479,0.0477,0.0479,36155.0
2025-04-10 14:50:00+09:00,0.0478,0.0478,0.0477,0.0478,21712.0
2025-04-10 14:55:00+09:00,0.0479,0.048,0.0479,0.048,11445.0
2025-04-10 15:00:00+09:00,0.0479,0.048,0.0479,0.048,31249.0
2025-04-10 15:05:00+09:00,0.048,0.0481,0.048,0.048,102900.0
2025-04-10 15:10:00+09:00,0.048,0.048,0.0479,0.048,2466.0
2025-04-10 15:15:00+09:00,0.048,0.048,0.048,0.048,2136.0
2025-04-10 15:20:00+09:00,0.048,0.048,0.0479,0.0479,72001.0
2025-04-10 15:25:00+09:00,0.048,0.048,0.0478,0.0479,58466.0
2025-04-10 15:30:00+09:00,0.0479,0.048,0.0479,0.0479,42419.0
2025-04-10 15:35:00+09:00,0.0479,0.048,0.0479,0.0479,10743.0
2025-04-10 15:40:00+09:00,0.0478,0.0478,0.0478,0.0478,11791.0
2025-04-10 15:45:00+09:00,0.0477,0.0478,0.0477,0.0477,47802.0
2025-04-10 15:50:00+09:00,0.0477,0.0479,0.0477,0.0479,24766.0
2025-04-10 15:55:00+09:00,0.0479,0.0479,0.0479,0.0479,19962.0
2025-04-10 16:00:00+09:00,0.0479,0.048,0.0478,0.0478,49330.0
2025-04-10 16:05:00+09:00,0.0478,0.0479,0.0478,0.0478,9749.0
2025-04-10 16:10:00+09:00,0.0478,0.048,0.0477,0.0479,35338.0
2025-04-10 16:15:00+09:00,0.0479,0.0479,0.0478,0.0478,14696.0
2025-04-10 16:20:00+09:00,0.0479,0.0479,0.0478,0.0478,16321.0
2025-04-10 16:25:00+09:00,0.0477,0.0477,0.0477,0.0477,4589.0
2025-04-10 16:30:00+09:00,0.0476,0.0476,0.0471,0.0472,110080.0
2025-04-10 16:35:00+09:00,0.0472,0.0474,0.047,0.0473,33033.0
2025-04-10 16:40:00+09:00,0.0473,0.0474,0.0472,0.0472,5615.0
2025-04-10 16:45:00+09:00,0.0474,0.0475,0.0473,0.0475,9083.0
2025-04-10 16:50:00+09:00,0.0474,0.0474,0.0474,0.0474,2219.0
2025-04-10 16:55:00+09:00,0.0474,0.0475,0.0473,0.0475,20768.0
2025-04-10 17:00:00+09:00,0.0474,0.0475,0.0474,0.0474,1740.0
2025-04-10 17:05:00+09:00,0.0474,0.0475,0.0474,0.0475,7890.0
2025-04-10 17:10:00+09:00,0.0475,0.0476,0.0475,0.0476,181564.0
2025-04-10 17:15:00+09:00,0.0476,0.0477,0.0476,0.0476,13577.0
2025-04-10 17:20:00+09:00,0.0476,0.0477,0.0475,0.0476,53062.0
2025-04-10 17:25:00+09:00,0.0476,0.0477,0.0476,0.0476,5426.0
2025-04-10 17:30:00+09:00,0.0475,0.0477,0.0474,0.0474,3407.0
2025-04-10 17:35:00+09:00,0.0473,0.0474,0.0473,0.0474,10247.0
2025-04-10 17:40:00+09:00,0.0472,0.0476,0.0472,0.0474,14698.0
2025-04-10 17:45:00+09:00,0.0475,0.0475,0.0475,0.0475,1073.0
2025-04-10 17:50:00+09:00,0.0475,0.0475,0.0474,0.0475,8904.0
2025-04-10 17:55:00+09:00,0.0475,0.0476,0.0474,0.0474,20762.0
2025-04-10 18:00:00+09:00,0.0475,0.0475,0.0474,0.0474,13151.0
2025-04-10 18:05:00+09:00,0.0473,0.0474,0.0472,0.0473,10510.0
2025-04-10 18:10:00+09:00,0.0473,0.0474,0.0473,0.0474,3728.0
2025-04-10 18:15:00+09:00,0.0475,0.0476,0.0475,0.0476,4470.0
2025-04-10 18:20:00+09:00,0.0477,0.0477,0.0477,0.0477,44479.0
2025-04-10 18:25:00+09:00,0.0476,0.0476,0.0475,0.0475,19196.0
2025-04-10 18:30:00+09:00,0.0477,0.0479,0.0477,0.0478,21582.0
2025-04-10 18:35:00+09:00,0.0477,0.0481,0.0477,0.0479,111978.0
2025-04-10 18:40:00+09:00,0.0478,0.0478,0.0476,0.0476,18146.0
2025-04-10 18:45:00+09:00,0.0476,0.0477,0.0476,0.0477,3766.0
2025-04-10 18:50:00+09:00,0.0477,0.0477,0.0477,0.0477,0.0
2025-04-10 18:55:00+09:00,0.0479,0.048,0.0479,0.048,6505.0
2025-04-10 19:00:00+09:00,0.048,0.048,0.0478,0.0479,6721.0
2025-04-10 19:05:00+09:00,0.0479,0.048,0.0478,0.0478,5759.0
2025-04-10 19:10:00+09:00,0.0479,0.048,0.0478,0.0478,6680.0
2025-04-10 19:15:00+09:00,0.0479,0.0479,0.0477,0.0477,1326.0
2025-04-10 19:20:00+09:00,0.0476,0.0476,0.0476,0.0476,219.0
2025-04-10 19:25:00+09:00,0.0476,0.0479,0.0476,0.0479,3268.0
2025-04-10 19:30:00+09:00,0.0478,0.0478,0.0477,0.0477,1718.0
2025-04-10 19:35:00+09:00,0.0478,0.0478,0.0478,0.0478,376.0
2025-04-10 19:40:00+09:00,0.0478,0.0479,0.0476,0.0476,8259.0
2025-04-10 19:45:00+09:00,0.0476,0.0476,0.0476,0.0476,3060.0
2025-04-10 19:50:00+09:00,0.0476,0.0476,0.0476,0.0476,4226.0
2025-04-10 19:55:00+09:00,0.0477,0.0479,0.0477,0.0479,17320.0
2025-04-10 20:00:00+09:00,0.0479,0.0479,0.0476,0.0477,19348.0
2025-04-10 20:05:00+09:00,0.0476,0.0477,0.0476,0.0476,5153.0
2025-04-10 20:10:00+09:00,0.0477,0.0477,0.0476,0.0476,646.0
2025-04-10 20:15:00+09:00,0.0475,0.0475,0.0474,0.0475,89953.0
2025-04-10 20:20:00+09:00,0.0474,0.0475,0.0474,0.0475,10111.0
2025-04-10 20:25:00+09:00,0.0474,0.0475,0.0473,0.0473,7302.0
2025-04-10 20:30:00+09:00,0.0474,0.0475,0.0474,0.0475,9796.0
2025-04-10 20:35:00+09:00,0.0475,0.0476,0.0475,0.0475,2485.0
2025-04-10 20:40:00+09:00,0.0476,0.0476,0.0474,0.0475,4336.0
2025-04-10 20:45:00+09:00,0.0475,0.0476,0.0475,0.0475,8862.0
2025-04-10 20:50:00+09:00,0.0475,0.0476,0.0475,0.0476,7893.0
2025-04-10 20:55:00+09:00,0.0476,0.0478,0.0476,0.0478,14023.0
2025-04-10 21:00:00+09:00,0.0475,0.0482,0.0475,0.0479,75546.0
2025-04-10 21:05:00+09:00,0.0478,0.0478,0.0476,0.0477,26068.0
2025-04-10 21:10:00+09:00,0.0479,0.0479,0.0479,0.0479,2231.0
2025-04-10 21:15:00+09:00,0.048,0.048,0.0478,0.048,9552.0
2025-04-10 21:20:00+09:00,0.048,0.048,0.0478,0.048,37717.0
2025-04-10 21:25:00+09:00,0.0479,0.0485,0.0478,0.0484,37858.0
2025-04-10 21:30:00+09:00,0.0484,0.0485,0.0483,0.0483,93397.0
2025-04-10 21:35:00+09:00,0.0481,0.0482,0.048,0.0482,5743.0
2025-04-10 21:40:00+09:00,0.048,0.0481,0.048,0.0481,10313.0
2025-04-10 21:45:00+09:00,0.048,0.048,0.0478,0.0479,32062.0
2025-04-10 21:50:00+09:00,0.0477,0.0477,0.0477,0.0477,3531.0
2025-04-10 21:55:00+09:00,0.0479,0.0479,0.0477,0.0479,22783.0
2025-04-10 22:00:00+09:00,0.0479,0.0479,0.0477,0.0478,12118.0
2025-04-10 22:05:00+09:00,0.0477,0.0477,0.0476,0.0477,2259.0
2025-04-10 22:10:00+09:00,0.0477,0.0479,0.0476,0.0477,11012.0
2025-04-10 22:15:00+09:00,0.0476,0.0478,0.0476,0.0477,14936.0
2025-04-10 22:20:00+09:00,0.0479,0.0479,0.0479,0.0479,6700.0
2025-04-10 22:25:00+09:00,0.0479,0.0479,0.0479,0.0479,3982.0
2025-04-10 22:30:00+09:00,0.048,0.048,0.0475,0.0477,66829.0
2025-04-10 22:35:00+09:00,0.0477,0.0477,0.0472,0.0474,95143.0
2025-04-10 22:40:00+09:00,0.0472,0.0473,0.0471,0.0471,3640.0
2025-04-10 22:45:00+09:00,0.0472,0.0475,0.0472,0.0475,19929.0
2025-04-10 22:50:00+09:00,0.0475,0.0478,0.0474,0.0474,63526.0
2025-04-10 22:55:00+09:00,0.0475,0.0476,0.0473,0.0475,18676.0
2025-04-10 23:00:00+09:00,0.0475,0.0475,0.0473,0.0475,13882.0
2025-04-10 23:05:00+09:00,0.0475,0.0475,0.0474,0.0474,2039.0
2025-04-10 23:10:00+09:00,0.0475,0.0475,0.0473,0.0474,65787.0
2025-04-10 23:15:00+09:00,0.0474,0.0475,0.0473,0.0475,30134.0
2025-04-10 23:20:00+09:00,0.0475,0.0476,0.0474,0.0475,5412.0
2025-04-10 23:25:00+09:00,0.0476,0.0477,0.0476,0.0477,67433.0
2025-04-10 23:30:00+09:00,0.0478,0.048,0.0478,0.0479,15229.0
2025-04-10 23:35:00+09:00,0.048,0.0481,0.0478,0.0478,16727.0
2025-04-10 23:40:00+09:00,0.0479,0.048,0.0479,0.0479,8587.0
2025-04-10 23:45:00+09:00,0.0479,0.0479,0.0476,0.0476,46802.0
2025-04-10 23:50:00+09:00,0.0476,0.0476,0.0474,0.0474,218277.0
2025-04-10 23:55:00+09:00,0.0474,0.0474,0.0472,0.0473,56016.0
2025-04-11 00:00:00+09:00,0.0474,0.0475,0.0473,0.0474,6971.0
2025-04-11 00:05:00+09:00,0.0473,0.0473,0.0473,0.0473,34360.0
2025-04-11 00:10:00+09:00,0.0473,0.0474,0.0471,0.0471,82788.0
2025-04-11 00:15:00+09:00,0.0471,0.0471,0.0468,0.047,99646.0
2025-04-11 00:20:00+09:00,0.0469,0.047,0.0467,0.0467,92093.0
2025-04-11 00:25:00+09:00,0.0466,0.0467,0.0465,0.0466,103330.0
2025-04-11 00:30:00+09:00,0.0466,0.0466,0.0461,0.0463,87310.0
2025-04-11 00:35:00+09:00,0.0461,0.0462,0.0458,0.0459,80550.0
2025-04-11 00:40:00+09:00,0.0458,0.0464,0.0457,0.0462,256794.0
2025-04-11 00:45:00+09:00,0.0461,0.0462,0.0459,0.0459,27045.0
2025-04-11 00:50:00+09:00,0.0459,0.0463,0.0458,0.0463,145464.0
2025-04-11 00:55:00+09:00,0.0462,0.0462,0.0459,0.0459,41045.0
2025-04-11 01:00:00+09:00,0.046,0.0463,0.0457,0.046,172794.0
2025-04-11 01:05:00+09:00,0.0458,0.0463,0.0458,0.0463,121874.0
2025-04-11 01:10:00+09:00,0.0462,0.0462,0.0461,0.0461,19853.0
2025-04-11 01:15:00+09:00,0.046,0.046,0.0459,0.0459,9331.0
2025-04-11 01:20:00+09:00,0.046,0.046,0.0457,0.046,103125.0
2025-04-11 01:25:00+09:00,0.0459,0.046,0.0459,0.046,81198.0
2025-04-11 01:30:00+09:00,0.0458,0.0462,0.0458,0.0461,19182.0
2025-04-11 01:35:00+09:00,0.0461,0.0462,0.0461,0.0462,4781.0
2025-04-11 01:40:00+09:00,0.0461,0.0461,0.0459,0.0459,20983.0
2025-04-11 01:45:00+09:00,0.0459,0.0462,0.0459,0.0462,2328.0
2025-04-11 01:50:00+09:00,0.0461,0.0463,0.0461,0.0461,3936.0
2025-04-11 01:55:00+09:00,0.0461,0.0463,0.046,0.0463,160752.0
2025-04-11 02:00:00+09:00,0.0462,0.0466,0.0462,0.0463,214127.0
2025-04-11 02:05:00+09:00,0.0463,0.0463,0.0462,0.0462,50688.0
2025-04-11 02:10:00+09:00,0.0461,0.0461,0.0461,0.0461,13312.0
2025-04-11 02:15:00+09:00,0.0461,0.0462,0.046,0.0461,30972.0
2025-04-11 02:20:00+09:00,0.0461,0.0461,0.0461,0.0461,0.0
2025-04-11 02:25:00+09:00,0.0465,0.0465,0.0465,0.0465,231.0
2025-04-11 02:30:00+09:00,0.0464,0.0465,0.0462,0.0462,88297.0
2025-04-11 02:35:00+09:00,0.0462,0.0464,0.0462,0.0464,67979.0
2025-04-11 02:40:00+09:00,0.0464,0.0464,0.0464,0.0464,219.0
2025-04-11 02:45:00+09:00,0.0465,0.0466,0.0464,0.0464,724.0
2025-04-11 02:50:00+09:00,0.0465,0.0465,0.0464,0.0464,34276.0
2025-04-11 02:55:00+09:00,0.0466,0.0466,0.0465,0.0465,10465.0
2025-04-11 03:00:00+09:00,0.0465,0.0465,0.0465,0.0465,2288.0
2025-04-11 03:05:00+09:00,0.0466,0.0466,0.0466,0.0466,355.0
2025-04-11 03:10:00+09:00,0.0464,0.0464,0.0464,0.0464,231.0
2025-04-11 03:15:00+09:00,0.0466,0.0466,0.0464,0.0464,12943.0
2025-04-11 03:20:00+09:00,0.0466,0.0466,0.0465,0.0466,38449.0
2025-04-11 03:25:00+09:00,0.0468,0.0468,0.0468,0.0468,131.0
2025-04-11 03:30:00+09:00,0.0465,0.0465,0.0465,0.0465,832.0
2025-04-11 03:35:00+09:00,0.0467,0.0467,0.0465,0.0466,6545.0
2025-04-11 03:40:00+09:00,0.0466,0.0467,0.0466,0.0467,21554.0
2025-04-11 03:45:00+09:00,0.0466,0.0468,0.0465,0.0467,76988.0
2025-04-11 03:50:00+09:00,0.0466,0.0466,0.0465,0.0465,25729.0
2025-04-11 03:55:00+09:00,0.0465,0.0467,0.0465,0.0467,8379.0
2025-04-11 04:00:00+09:00,0.0466,0.0467,0.0466,0.0467,5420.0
2025-04-11 04:05:00+09:00,0.0466,0.0467,0.0465,0.0465,7527.0
2025-04-11 04:10:00+09:00,0.0466,0.0466,0.0464,0.0466,13531.0
2025-04-11 04:15:00+09:00,0.0466,0.0466,0.0466,0.0466,2267.0
2025-04-11 04:20:00+09:00,0.0467,0.0467,0.0465,0.0465,7870.0
2025-04-11 04:25:00+09:00,0.0465,0.0466,0.0464,0.0464,61397.0
2025-04-11 04:30:00+09:00,0.0464,0.0467,0.0464,0.0467,1590.0
2025-04-11 04:35:00+09:00,0.0467,0.0467,0.0465,0.0466,39903.0
2025-04-11 04:40:00+09:00,0.0466,0.0466,0.0465,0.0465,5145.0
2025-04-11 04:45:00+09:00,0.0466,0.0466,0.0465,0.0465,3435.0
2025-04-11 04:50:00+09:00,0.0466,0.0467,0.0466,0.0467,32107.0
2025-04-11 04:55:00+09:00,0.0466,0.0468,0.0466,0.0467,51639.0
2025-04-11 05:00:00+09:00,0.0466,0.047,0.0466,0.0469,171816.0
2025-04-11 05:05:00+09:00,0.0469,0.0472,0.0468,0.0471,805124.0
2025-04-11 05:10:00+09:00,0.0471,0.0472,0.0468,0.0468,497390.0
2025-04-11 05:15:00+09:00,0.0468,0.0468,0.0464,0.0465,334367.0
2025-04-11 05:20:00+09:00,0.0464,0.0466,0.0464,0.0466,43482.0
2025-04-11 05:25:00+09:00,0.0466,0.0466,0.0466,0.0466,0.0
2025-04-11 05:30:00+09:00,0.0467,0.0468,0.0467,0.0468,34704.0
2025-04-11 05:35:00+09:00,0.0469,0.0469,0.0469,0.0469,2007.0
2025-04-11 05:40:00+09:00,0.0469,0.0469,0.0469,0.0469,0.0
2025-04-11 05:45:00+09:00,0.0469,0.047,0.0468,0.0469,6330.0
2025-04-11 05:50:00+09:00,0.047,0.047,0.0469,0.0469,13223.0
2025-04-11 05:55:00+09:00,0.0469,0.047,0.0468,0.047,13652.0
2025-04-11 06:00:00+09:00,0.0468,0.047,0.0467,0.047,8475.0
2025-04-11 06:05:00+09:00,0.047,0.0471,0.0468,0.0471,18836.0
2025-04-11 06:10:00+09:00,0.0471,0.0472,0.047,0.047,71347.0
2025-04-11 06:15:00+09:00,0.0472,0.0472,0.047,0.047,2791.0
2025-04-11 06:20:00+09:00,0.047,0.0471,0.0468,0.0468,8918.0
2025-04-11 06:25:00+09:00,0.0469,0.047,0.0469,0.0469,3106.0
2025-04-11 06:30:00+09:00,0.047,0.0472,0.047,0.0471,21238.0
2025-04-11 06:35:00+09:00,0.0471,0.0472,0.0471,0.0471,18685.0
2025-04-11 06:40:00+09:00,0.0473,0.0473,0.0473,0.0473,40465.0
2025-04-11 06:45:00+09:00,0.0472,0.0474,0.0472,0.0473,1404.0
2025-04-11 06:50:00+09:00,0.0472,0.0472,0.0472,0.0472,329.0
2025-04-11 06:55:00+09:00,0.0472,0.0473,0.0471,0.0473,15852.0
2025-04-11 07:00:00+09:00,0.0471,0.0471,0.0471,0.0471,213.0
2025-04-11 07:05:00+09:00,0.0472,0.0472,0.0472,0.0472,1390.0
2025-04-11 07:10:00+09:00,0.0474,0.0474,0.0473,0.0473,1637.0
2025-04-11 07:15:00+09:00,0.0474,0.0476,0.0474,0.0474,54401.0
2025-04-11 07:20:00+09:00,0.0474,0.0474,0.0473,0.0474,46381.0
2025-04-11 07:25:00+09:00,0.0473,0.0473,0.0472,0.0472,108901.0
2025-04-11 07:30:00+09:00,0.0472,0.0472,0.0472,0.0472,0.0
2025-04-11 07:35:00+09:00,0.0474,0.0474,0.0472,0.0472,6911.0
2025-04-11 07:40:00+09:00,0.0473,0.0474,0.0472,0.0474,3131.0
2025-04-11 07:45:00+09:00,0.0473,0.0473,0.0473,0.0473,2614.0
2025-04-11 07:50:00+09:00,0.0473,0.0473,0.0472,0.0472,5464.0
2025-04-11 07:55:00+09:00,0.0473,0.0473,0.0472,0.0472,7975.0
2025-04-11 08:00:00+09:00,0.0472,0.0473,0.0471,0.0471,18683.0
2025-04-11 08:05:00+09:00,0.0472,0.0472,0.0471,0.0472,10828.0
2025-04-11 08:10:00+09:00,0.0472,0.0472,0.0472,0.0472,6899.0
2025-04-11 08:15:00+09:00,0.0472,0.0473,0.0472,0.0473,40140.0
2025-04-11 08:20:00+09:00,0.0472,0.0472,0.0471,0.0471,5282.0
2025-04-11 08:25:00+09:00,0.0471,0.0471,0.0471,0.0471,14336.0
2025-04-11 08:30:00+09:00,0.0471,0.0471,0.0467,0.0468,307474.0
2025-04-11 08:35:00+09:00,0.0469,0.047,0.0468,0.0469,17108.0
2025-04-11 08:40:00+09:00,0.0468,0.047,0.0468,0.047,385.0
2025-04-11 08:45:00+09:00,0.047,0.0471,0.047,0.0471,4859.0
2025-04-11 08:50:00+09:00,0.0471,0.0471,0.047,0.047,7774.0
2025-04-11 08:55:00+09:00,0.0471,0.0471,0.0469,0.047,18577.0
2025-04-11 09:00:00+09:00,0.0471,0.0473,0.047,0.0473,36213.0
2025-04-11 09:05:00+09:00,0.0473,0.0476,0.0473,0.0476,51124.0
2025-04-11 09:10:00+09:00,0.0476,0.0476,0.0475,0.0475,11763.0
2025-04-11 09:15:00+09:00,0.0475,0.0475,0.0474,0.0474,6610.0
2025-04-11 09:20:00+09:00,0.0475,0.0475,0.0475,0.0475,2648.0
2025-04-11 09:25:00+09:00,0.0474,0.0474,0.0474,0.0474,250.0
2025-04-11 09:30:00+09:00,0.0474,0.0474,0.0474,0.0474,2434.0
2025-04-11 09:35:00+09:00,0.0474,0.0474,0.0473,0.0473,11142.0
2025-04-11 09:40:00+09:00,0.0474,0.0475,0.0474,0.0474,4251.0
2025-04-11 09:45:00+09:00,0.0475,0.0476,0.0473,0.0473,33287.0
2025-04-11 09:50:00+09:00,0.0473,0.0473,0.0472,0.0472,1812.0
2025-04-11 09:55:00+09:00,0.0472,0.0472,0.047,0.047,24333.0
2025-04-11 10:00:00+09:00,0.047,0.0473,0.047,0.0473,12595.0
2025-04-11 10:05:00+09:00,0.0472,0.0472,0.0472,0.0472,199.0
2025-04-11 10:10:00+09:00,0.0474,0.0476,0.0474,0.0476,114848.0
2025-04-11 10:15:00+09:00,0.0476,0.0476,0.0475,0.0475,15560.0
2025-04-11 10:20:00+09:00,0.0476,0.0477,0.0475,0.0475,11914.0
2025-04-11 10:25:00+09:00,0.0475,0.0475,0.0475,0.0475,2923.0
2025-04-11 10:30:00+09:00,0.0475,0.0481,0.0475,0.0478,158885.0
2025-04-11 10:35:00+09:00,0.048,0.048,0.0476,0.0476,8939.0
2025-04-11 10:40:00+09:00,0.0477,0.0478,0.0476,0.0478,10085.0
2025-04-11 10:45:00+09:00,0.0477,0.0479,0.0476,0.0479,32038.0
2025-04-11 10:50:00+09:00,0.0478,0.048,0.0478,0.048,95514.0
2025-04-11 10:55:00+09:00,0.0479,0.048,0.0479,0.048,23783.0
2025-04-11 11:00:00+09:00,0.0479,0.0479,0.0478,0.0478,18331.0
2025-04-11 11:05:00+09:00,0.0479,0.048,0.0478,0.048,43932.0
2025-04-11 11:10:00+09:00,0.0479,0.0479,0.0478,0.0479,26434.0
2025-04-11 11:15:00+09:00,0.0478,0.0478,0.0478,0.0478,290.0
2025-04-11 11:20:00+09:00,0.048,0.048,0.048,0.048,14958.0
2025-04-11 11:25:00+09:00,0.0481,0.0483,0.048,0.0482,32586.0
2025-04-11 11:30:00+09:00,0.0483,0.0484,0.0481,0.0482,18541.0
2025-04-11 11:35:00+09:00,0.0481,0.0481,0.0481,0.0481,486.0
2025-04-11 11:40:00+09:00,0.0481,0.0481,0.0481,0.0481,536.0
2025-04-11 11:45:00+09:00,0.0482,0.0482,0.0482,0.0482,1498.0
2025-04-11 11:50:00+09:00,0.0482,0.0482,0.0482,0.0482,0.0
2025-04-11 11:55:00+09:00,0.0481,0.0482,0.048,0.0481,19977.0
2025-04-11 12:00:00+09:00,0.0481,0.0482,0.0481,0.0482,17381.0
2025-04-11 12:05:00+09:00,0.0483,0.0483,0.0481,0.0481,11953.0
2025-04-11 12:10:00+09:00,0.0482,0.0482,0.0482,0.0482,136.0
2025-04-11 12:15:00+09:00,0.0481,0.0482,0.048,0.0482,23689.0
2025-04-11 12:20:00+09:00,0.0482,0.0483,0.0481,0.0483,10046.0
2025-04-11 12:25:00+09:00,0.0483,0.0484,0.0483,0.0483,11933.0
2025-04-11 12:30:00+09:00,0.0483,0.0484,0.0483,0.0483,32666.0
2025-04-11 12:35:00+09:00,0.0483,0.0483,0.0482,0.0482,18186.0
2025-04-11 12:40:00+09:00,0.0482,0.0485,0.0482,0.0484,34414.0
2025-04-11 12:45:00+09:00,0.0484,0.0485,0.0484,0.0484,17833.0
2025-04-11 12:50:00+09:00,0.0484,0.0484,0.0484,0.0484,7238.0
2025-04-11 12:55:00+09:00,0.0485,0.0485,0.0483,0.0484,15494.0
2025-04-11 13:00:00+09:00,0.0484,0.0485,0.0484,0.0485,13387.0
2025-04-11 13:05:00+09:00,0.0485,0.0488,0.0485,0.0486,84730.0
2025-04-11 13:10:00+09:00,0.0486,0.0486,0.0486,0.0486,17982.0
2025-04-11 13:15:00+09:00,0.0487,0.0488,0.0485,0.0485,30300.0
2025-04-11 13:20:00+09:00,0.0485,0.0485,0.0485,0.0485,0.0
2025-04-11 13:25:00+09:00,0.0485,0.0487,0.0485,0.0487,23767.0
2025-04-11 13:30:00+09:00,0.0486,0.0486,0.0485,0.0486,3765.0
2025-04-11 13:35:00+09:00,0.0484,0.0485,0.0484,0.0485,4117.0
2025-04-11 13:40:00+09:00,0.0484,0.0486,0.0484,0.0486,8240.0
2025-04-11 13:45:00+09:00,0.0484,0.0484,0.0483,0.0483,1025.0
2025-04-11 13:50:00+09:00,0.0483,0.0484,0.0483,0.0484,40891.0
2025-04-11 13:55:00+09:00,0.0484,0.0484,0.0483,0.0484,9924.0
2025-04-11 14:00:00+09:00,0.0485,0.0485,0.0484,0.0484,4259.0
2025-04-11 14:05:00+09:00,0.0484,0.0485,0.0483,0.0484,6266.0
2025-04-11 14:10:00+09:00,0.0484,0.0484,0.0484,0.0484,112.0
2025-04-11 14:15:00+09:00,0.0485,0.0485,0.0484,0.0484,11653.0
2025-04-11 14:20:00+09:00,0.0485,0.0486,0.0485,0.0486,615.0
2025-04-11 14:25:00+09:00,0.0486,0.0486,0.0486,0.0486,615.0
2025-04-11 14:30:00+09:00,0.0486,0.0487,0.0485,0.0485,18943.0
2025-04-11 14:35:00+09:00,0.0484,0.0484,0.0484,0.0484,14797.0
2025-04-11 14:40:00+09:00,0.0484,0.0485,0.0484,0.0484,11655.0
2025-04-11 14:45:00+09:00,0.0485,0.0485,0.0483,0.0483,14852.0
2025-04-11 14:50:00+09:00,0.0483,0.0484,0.0483,0.0484,7979.0
2025-04-11 14:55:00+09:00,0.0484,0.0485,0.0484,0.0484,21380.0
2025-04-11 15:00:00+09:00,0.0485,0.0486,0.0484,0.0486,32492.0
2025-04-11 15:05:00+09:00,0.0486,0.0487,0.0486,0.0486,12374.0
2025-04-11 15:10:00+09:00,0.0486,0.0488,0.0486,0.0488,15838.0
2025-04-11 15:15:00+09:00,0.0488,0.0488,0.0487,0.0487,105209.0
2025-04-11 15:20:00+09:00,0.0486,0.0486,0.0486,0.0486,4893.0
2025-04-11 15:25:00+09:00,0.0486,0.0486,0.0486,0.0486,0.0
2025-04-11 15:30:00+09:00,0.0485,0.0487,0.0485,0.0487,13313.0
2025-04-11 15:35:00+09:00,0.0486,0.0486,0.0486,0.0486,226.0
2025-04-11 15:40:00+09:00,0.0486,0.0488,0.0486,0.0486,16381.0
2025-04-11 15:45:00+09:00,0.0486,0.0488,0.0486,0.0487,48863.0
2025-04-11 15:50:00+09:00,0.0485,0.0485,0.0485,0.0485,5523.0
2025-04-11 15:55:00+09:00,0.0484,0.0486,0.0484,0.0485,15914.0
2025-04-11 16:00:00+09:00,0.0486,0.0489,0.0485,0.0488,72305.0
2025-04-11 16:05:00+09:00,0.0489,0.0489,0.0487,0.0487,13211.0
2025-04-11 16:10:00+09:00,0.0487,0.0488,0.0486,0.0487,13500.0
2025-04-11 16:15:00+09:00,0.0486,0.0486,0.0484,0.0485,24184.0
2025-04-11 16:20:00+09:00,0.0485,0.0485,0.0484,0.0484,7524.0
2025-04-11 16:25:00+09:00,0.0485,0.0485,0.0485,0.0485,11154.0
2025-04-11 16:30:00+09:00,0.0486,0.0487,0.0486,0.0487,16106.0
2025-04-11 16:35:00+09:00,0.0486,0.0487,0.0486,0.0487,13842.0
2025-04-11 16:40:00+09:00,0.0487,0.0488,0.0486,0.0487,13275.0
2025-04-11 16:45:00+09:00,0.0486,0.0486,0.0485,0.0485,10995.0
2025-04-11 16:50:00+09:00,0.0486,0.0486,0.0486,0.0486,207.0
2025-04-11 16:55:00+09:00,0.0485,0.0485,0.0484,0.0484,10983.0
2025-04-11 17:00:00+09:00,0.0484,0.0484,0.0481,0.0483,32513.0
2025-04-11 17:05:00+09:00,0.0484,0.0488,0.0484,0.0488,178381.0
2025-04-11 17:10:00+09:00,0.0487,0.0488,0.0487,0.0487,43627.0
2025-04-11 17:15:00+09:00,0.0486,0.0486,0.0483,0.0483,26723.0
2025-04-11 17:20:00+09:00,0.0484,0.0485,0.0484,0.0485,6369.0
2025-04-11 17:25:00+09:00,0.0485,0.0486,0.0484,0.0484,13003.0
2025-04-11 17:30:00+09:00,0.0484,0.0485,0.0483,0.0483,1713.0
2025-04-11 17:35:00+09:00,0.0484,0.0487,0.0484,0.0486,30454.0
2025-04-11 17:40:00+09:00,0.0486,0.0486,0.0485,0.0485,5555.0
2025-04-11 17:45:00+09:00,0.0485,0.0485,0.0483,0.0483,6517.0
2025-04-11 17:50:00+09:00,0.0484,0.0484,0.0484,0.0484,1438.0
2025-04-11 17:55:00+09:00,0.0484,0.0485,0.0484,0.0484,9554.0
2025-04-11 18:00:00+09:00,0.0485,0.0485,0.0482,0.0482,25844.0
2025-04-11 18:05:00+09:00,0.0482,0.0482,0.0482,0.0482,32438.0
2025-04-11 18:10:00+09:00,0.0482,0.0482,0.0482,0.0482,31280.0
2025-04-11 18:15:00+09:00,0.0483,0.0483,0.0481,0.0481,7671.0
2025-04-11 18:20:00+09:00,0.0482,0.0484,0.0482,0.0483,13325.0
2025-04-11 18:25:00+09:00,0.0484,0.0485,0.0484,0.0485,24270.0
2025-04-11 18:30:00+09:00,0.0485,0.0486,0.0484,0.0486,10735.0
2025-04-11 18:35:00+09:00,0.0486,0.0489,0.0485,0.0488,30808.0
2025-04-11 18:40:00+09:00,0.0488,0.0488,0.0486,0.0486,72935.0
2025-04-11 18:45:00+09:00,0.0487,0.0488,0.0487,0.0488,30373.0
2025-04-11 18:50:00+09:00,0.0488,0.049,0.0488,0.049,100932.0
2025-04-11 18:55:00+09:00,0.0489,0.049,0.0488,0.0488,52868.0
2025-04-11 19:00:00+09:00,0.0489,0.049,0.0487,0.0487,30335.0
2025-04-11 19:05:00+09:00,0.0488,0.0489,0.0488,0.0489,2084.0
2025-04-11 19:10:00+09:00,0.0488,0.0488,0.0487,0.0487,3696.0
2025-04-11 19:15:00+09:00,0.0487,0.0492,0.0487,0.0491,228505.0
2025-04-11 19:20:00+09:00,0.0492,0.0492,0.0489,0.0489,186515.0
2025-04-11 19:25:00+09:00,0.0489,0.049,0.0488,0.049,12741.0
2025-04-11 19:30:00+09:00,0.0488,0.0491,0.0487,0.0491,22186.0
2025-04-11 19:35:00+09:00,0.0491,0.0491,0.0489,0.0489,56475.0
2025-04-11 19:40:00+09:00,0.0488,0.0488,0.0488,0.0488,2147.0
2025-04-11 19:45:00+09:00,0.0487,0.0488,0.0487,0.0487,7309.0
2025-04-11 19:50:00+09:00,0.0487,0.0487,0.0487,0.0487,17678.0
2025-04-11 19:55:00+09:00,0.0487,0.0487,0.0486,0.0486,251242.0
2025-04-11 20:00:00+09:00,0.0487,0.0488,0.0486,0.0486,32856.0
2025-04-11 20:05:00+09:00,0.0486,0.0488,0.0486,0.0488,27369.0
2025-04-11 20:10:00+09:00,0.0487,0.0488,0.0486,0.0486,8186.0
2025-04-11 20:15:00+09:00,0.0486,0.0486,0.0484,0.0484,1413.0
2025-04-11 20:20:00+09:00,0.0484,0.0484,0.0484,0.0484,0.0
2025-04-11 20:25:00+09:00,0.0484,0.0484,0.0484,0.0484,9364.0
2025-04-11 20:30:00+09:00,0.0484,0.0485,0.0484,0.0484,7138.0
2025-04-11 20:35:00+09:00,0.0485,0.0485,0.0484,0.0484,73808.0
2025-04-11 20:40:00+09:00,0.0483,0.0484,0.0483,0.0484,10513.0
2025-04-11 20:45:00+09:00,0.0483,0.0483,0.0483,0.0483,426.0
2025-04-11 20:50:00+09:00,0.0483,0.0483,0.0481,0.0483,1693.0
2025-04-11 20:55:00+09:00,0.0482,0.0482,0.0481,0.0482,14528.0
2025-04-11 21:00:00+09:00,0.0482,0.0482,0.0481,0.0482,30266.0
2025-04-11 21:05:00+09:00,0.0483,0.0483,0.0482,0.0482,26983.0
2025-04-11 21:10:00+09:00,0.0482,0.0483,0.0482,0.0483,18799.0
2025-04-11 21:15:00+09:00,0.0482,0.0484,0.0482,0.0482,10378.0
2025-04-11 21:20:00+09:00,0.0482,0.0484,0.0482,0.0483,2016.0
2025-04-11 21:25:00+09:00,0.0483,0.0483,0.0483,0.0483,2638.0
2025-04-11 21:30:00+09:00,0.0484,0.0486,0.0484,0.0485,72719.0
2025-04-11 21:35:00+09:00,0.0485,0.0485,0.0485,0.0485,734.0
2025-04-11 21:40:00+09:00,0.0484,0.0484,0.0483,0.0484,10729.0
2025-04-11 21:45:00+09:00,0.0484,0.0484,0.0482,0.0482,56145.0
2025-04-11 21:50:00+09:00,0.0483,0.0483,0.0482,0.0483,5981.0
2025-04-11 21:55:00+09:00,0.0482,0.0482,0.0481,0.0482,4821.0
2025-04-11 22:00:00+09:00,0.0482,0.0482,0.0481,0.0481,5976.0
2025-04-11 22:05:00+09:00,0.0483,0.0483,0.0481,0.0482,17688.0
2025-04-11 22:10:00+09:00,0.0482,0.0482,0.0481,0.0482,5257.0
2025-04-11 22:15:00+09:00,0.0482,0.0482,0.0481,0.0481,1124.0
2025-04-11 22:20:00+09:00,0.0482,0.0484,0.0482,0.0484,8999.0
2025-04-11 22:25:00+09:00,0.0484,0.0484,0.0484,0.0484,1686.0
2025-04-11 22:30:00+09:00,0.0483,0.0485,0.0482,0.0484,51368.0
2025-04-11 22:35:00+09:00,0.0486,0.0488,0.0484,0.0488,24854.0
2025-04-11 22:40:00+09:00,0.0487,0.0488,0.0485,0.0487,49653.0
2025-04-11 22:45:00+09:00,0.0488,0.0488,0.0487,0.0487,8857.0
2025-04-11 22:50:00+09:00,0.0487,0.0488,0.0485,0.0488,5433.0
2025-04-11 22:55:00+09:00,0.0489,0.0489,0.0486,0.0488,17472.0
2025-04-11 23:00:00+09:00,0.0487,0.0487,0.0484,0.0485,78412.0
2025-04-11 23:05:00+09:00,0.0485,0.0487,0.0485,0.0487,106166.0
2025-04-11 23:10:00+09:00,0.0485,0.0487,0.0485,0.0486,36054.0
2025-04-11 23:15:00+09:00,0.0485,0.0485,0.0484,0.0484,1715.0
2025-04-11 23:20:00+09:00,0.0484,0.0484,0.048,0.0481,37224.0
2025-04-11 23:25:00+09:00,0.0481,0.0481,0.0479,0.048,25465.0
2025-04-11 23:30:00+09:00,0.0481,0.0483,0.0481,0.0481,68674.0
2025-04-11 23:35:00+09:00,0.0482,0.0483,0.0481,0.0483,8214.0
2025-04-11 23:40:00+09:00,0.0483,0.0484,0.0482,0.0482,3282.0
2025-04-11 23:45:00+09:00,0.0483,0.0486,0.0483,0.0484,82136.0
2025-04-11 23:50:00+09:00,0.0484,0.0484,0.0484,0.0484,0.0
2025-04-11 23:55:00+09:00,0.0482,0.0484,0.0482,0.0484,23201.0
2025-04-12 00:00:00+09:00,0.0484,0.0485,0.0482,0.0482,53242.0
2025-04-12 00:05:00+09:00,0.0483,0.0484,0.0483,0.0484,6853.0
2025-04-12 00:10:00+09:00,0.0483,0.0483,0.0481,0.0481,10102.0
2025-04-12 00:15:00+09:00,0.0484,0.0484,0.0483,0.0483,11963.0
2025-04-12 00:20:00+09:00,0.0484,0.0485,0.0484,0.0484,8213.0
2025-04-12 00:25:00+09:00,0.0485,0.0485,0.0484,0.0485,29664.0
2025-04-12 00:30:00+09:00,0.0484,0.0488,0.0484,0.0487,67228.0
2025-04-12 00:35:00+09:00,0.0487,0.0488,0.0486,0.0488,3855.0
2025-04-12 00:40:00+09:00,0.0489,0.0489,0.0487,0.0488,3390.0
2025-04-12 00:45:00+09:00,0.0488,0.049,0.0488,0.0488,2514.0
2025-04-12 00:50:00+09:00,0.0489,0.0489,0.0487,0.0489,11805.0
2025-04-12 00:55:00+09:00,0.0489,0.049,0.0489,0.0489,17206.0
2025-04-12 01:00:00+09:00,0.0488,0.0488,0.0488,0.0488,4163.0
2025-04-12 01:05:00+09:00,0.0489,0.0489,0.0489,0.0489,1616.0
2025-04-12 01:10:00+09:00,0.0488,0.0488,0.0487,0.0487,1380.0
2025-04-12 01:15:00+09:00,0.0487,0.049,0.0487,0.0489,91970.0
2025-04-12 01:20:00+09:00,0.0488,0.0488,0.0487,0.0487,66982.0
2025-04-12 01:25:00+09:00,0.0487,0.0488,0.0487,0.0488,740.0
2025-04-12 01:30:00+09:00,0.049,0.049,0.0489,0.049,15236.0
2025-04-12 01:35:00+09:00,0.049,0.0493,0.049,0.0493,113190.0
2025-04-12 01:40:00+09:00,0.0492,0.0494,0.049,0.0492,51324.0
2025-04-12 01:45:00+09:00,0.0494,0.0494,0.0492,0.0493,26693.0
2025-04-12 01:50:00+09:00,0.0493,0.0495,0.0493,0.0495,15123.0
2025-04-12 01:55:00+09:00,0.0494,0.0495,0.0494,0.0495,70810.0
2025-04-12 02:00:00+09:00,0.0494,0.0496,0.0493,0.0496,47208.0
2025-04-12 02:05:00+09:00,0.0495,0.0496,0.0494,0.0495,53508.0
2025-04-12 02:10:00+09:00,0.0495,0.0495,0.0494,0.0495,6838.0
2025-04-12 02:15:00+09:00,0.0495,0.0499,0.0495,0.0495,129075.0
2025-04-12 02:20:00+09:00,0.0496,0.0498,0.0496,0.0496,26348.0
2025-04-12 02:25:00+09:00,0.0495,0.0497,0.0495,0.0496,6963.0
2025-04-12 02:30:00+09:00,0.0495,0.0497,0.0494,0.0495,35325.0
2025-04-12 02:35:00+09:00,0.0496,0.05,0.0496,0.05,70359.0
2025-04-12 02:40:00+09:00,0.0499,0.0501,0.0498,0.05,148734.0
2025-04-12 02:45:00+09:00,0.0501,0.0503,0.05,0.0503,112314.0
2025-04-12 02:50:00+09:00,0.0502,0.0504,0.0502,0.0503,19661.0
2025-04-12 02:55:00+09:00,0.0502,0.0503,0.0501,0.0503,44910.0
2025-04-12 03:00:00+09:00,0.0502,0.0505,0.0502,0.0504,61956.0
2025-04-12 03:05:00+09:00,0.0505,0.0505,0.0502,0.0504,28582.0
2025-04-12 03:10:00+09:00,0.0503,0.0504,0.0502,0.0502,17019.0
2025-04-12 03:15:00+09:00,0.0504,0.0504,0.0502,0.0503,2533.0
2025-04-12 03:20:00+09:00,0.0502,0.0504,0.0502,0.0504,23201.0
2025-04-12 03:25:00+09:00,0.0504,0.0505,0.0503,0.0504,18952.0
2025-04-12 03:30:00+09:00,0.0505,0.0505,0.0503,0.0504,6706.0
2025-04-12 03:35:00+09:00,0.0502,0.0504,0.0502,0.0502,45079.0
2025-04-12 03:40:00+09:00,0.0503,0.0505,0.0503,0.0504,23432.0
2025-04-12 03:45:00+09:00,0.0504,0.0504,0.0503,0.0503,34650.0
2025-04-12 03:50:00+09:00,0.0503,0.0503,0.0501,0.0503,9866.0
2025-04-12 03:55:00+09:00,0.0502,0.0502,0.05,0.0502,14473.0
2025-04-12 04:00:00+09:00,0.0502,0.0502,0.0501,0.0501,26376.0
2025-04-12 04:05:00+09:00,0.0502,0.0502,0.0502,0.0502,3834.0
2025-04-12 04:10:00+09:00,0.0502,0.0502,0.0502,0.0502,4979.0
2025-04-12 04:15:00+09:00,0.0502,0.0503,0.0502,0.0502,22402.0
2025-04-12 04:20:00+09:00,0.0502,0.0502,0.0501,0.0502,25507.0
2025-04-12 04:25:00+09:00,0.0501,0.0501,0.05,0.0501,5057.0
2025-04-12 04:30:00+09:00,0.05,0.0501,0.0498,0.05,10751.0
2025-04-12 04:35:00+09:00,0.0498,0.0499,0.0498,0.0499,38913.0
2025-04-12 04:40:00+09:00,0.0499,0.0499,0.0497,0.0497,1332.0
2025-04-12 04:45:00+09:00,0.0497,0.0498,0.0497,0.0498,7818.0
2025-04-12 04:50:00+09:00,0.0497,0.0498,0.0496,0.0498,12989.0
2025-04-12 04:55:00+09:00,0.0497,0.0499,0.0497,0.0499,29642.0
2025-04-12 05:00:00+09:00,0.0499,0.05,0.0499,0.0499,8136.0
2025-04-12 05:05:00+09:00,0.0498,0.0499,0.0498,0.0498,13711.0
2025-04-12 05:10:00+09:00,0.0499,0.0499,0.0498,0.0498,428.0
2025-04-12 05:15:00+09:00,0.0499,0.0499,0.0498,0.0499,4395.0
2025-04-12 05:20:00+09:00,0.0499,0.05,0.0498,0.0499,49576.0
2025-04-12 05:25:00+09:00,0.0499,0.05,0.0498,0.05,6461.0
2025-04-12 05:30:00+09:00,0.05,0.05,0.0499,0.05,8179.0
2025-04-12 05:35:00+09:00,0.0498,0.0498,0.0497,0.0497,61689.0
2025-04-12 05:40:00+09:00,0.0498,0.0498,0.0498,0.0498,2335.0
2025-04-12 05:45:00+09:00,0.0499,0.0499,0.0497,0.0498,22893.0
2025-04-12 05:50:00+09:00,0.0498,0.0499,0.0498,0.0499,1500.0
2025-04-12 05:55:00+09:00,0.0497,0.0498,0.0497,0.0498,16407.0
2025-04-12 06:00:00+09:00,0.0498,0.0498,0.0498,0.0498,5142.0
2025-04-12 06:05:00+09:00,0.0498,0.0499,0.0497,0.0497,5914.0
2025-04-12 06:10:00+09:00,0.0499,0.0499,0.0498,0.0498,1971.0
2025-04-12 06:15:00+09:00,0.0497,0.0499,0.0497,0.0498,4125.0
2025-04-12 06:20:00+09:00,0.0498,0.0499,0.0498,0.0499,45428.0
2025-04-12 06:25:00+09:00,0.0499,0.0499,0.0498,0.0498,31325.0
2025-04-12 06:30:00+09:00,0.0498,0.0498,0.0497,0.0497,23482.0
2025-04-12 06:35:00+09:00,0.0496,0.0496,0.0494,0.0495,132630.0
2025-04-12 06:40:00+09:00,0.0495,0.0496,0.0494,0.0496,6818.0
2025-04-12 06:45:00+09:00,0.0495,0.0496,0.0495,0.0495,2836.0
2025-04-12 06:50:00+09:00,0.0496,0.0497,0.0496,0.0497,3902.0
2025-04-12 06:55:00+09:00,0.0496,0.0498,0.0496,0.0498,19842.0
2025-04-12 07:00:00+09:00,0.0498,0.0498,0.0497,0.0497,16197.0
2025-04-12 07:05:00+09:00,0.0497,0.0497,0.0496,0.0496,5913.0
2025-04-12 07:10:00+09:00,0.0495,0.0497,0.0495,0.0497,6294.0
2025-04-12 07:15:00+09:00,0.0495,0.0495,0.0495,0.0495,1225.0
2025-04-12 07:20:00+09:00,0.0495,0.0496,0.0495,0.0496,6031.0
2025-04-12 07:25:00+09:00,0.0496,0.0496,0.0496,0.0496,4459.0
2025-04-12 07:30:00+09:00,0.0497,0.0497,0.0497,0.0497,12784.0
2025-04-12 07:35:00+09:00,0.0495,0.0497,0.0495,0.0497,31051.0
2025-04-12 07:40:00+09:00,0.0496,0.0497,0.0496,0.0497,1209.0
2025-04-12 07:45:00+09:00,0.0496,0.0496,0.0496,0.0496,591.0
2025-04-12 07:50:00+09:00,0.0495,0.0495,0.0495,0.0495,7003.0
2025-04-12 07:55:00+09:00,0.0494,0.0496,0.0494,0.0495,13520.0
2025-04-12 08:00:00+09:00,0.0495,0.0495,0.0494,0.0494,3024.0
2025-04-12 08:05:00+09:00,0.0494,0.0494,0.0494,0.0494,1519.0
2025-04-12 08:10:00+09:00,0.0494,0.0494,0.0494,0.0494,2179.0
2025-04-12 08:15:00+09:00,0.0493,0.0494,0.0493,0.0494,15109.0
2025-04-12 08:20:00+09:00,0.0492,0.0494,0.0492,0.0494,820.0
2025-04-12 08:25:00+09:00,0.0492,0.0492,0.0492,0.0492,9597.0
2025-04-12 08:30:00+09:00,0.0492,0.0494,0.0492,0.0493,10386.0
2025-04-12 08:35:00+09:00,0.0493,0.0493,0.0493,0.0493,1318.0
2025-04-12 08:40:00+09:00,0.0494,0.0494,0.0494,0.0494,557.0
2025-04-12 08:45:00+09:00,0.0492,0.0493,0.0492,0.0492,4469.0
2025-04-12 08:50:00+09:00,0.0491,0.0493,0.0491,0.0492,5791.0
2025-04-12 08:55:00+09:00,0.0492,0.0492,0.049,0.0491,10051.0
2025-04-12 09:00:00+09:00,0.049,0.0491,0.0489,0.0489,42518.0
2025-04-12 09:05:00+09:00,0.0488,0.0491,0.0488,0.0491,8640.0
2025-04-12 09:10:00+09:00,0.0492,0.0494,0.0492,0.0492,72705.0
2025-04-12 09:15:00+09:00,0.0492,0.0492,0.0491,0.0491,4244.0
2025-04-12 09:20:00+09:00,0.0492,0.0492,0.0492,0.0492,3702.0
2025-04-12 09:25:00+09:00,0.0492,0.0493,0.0491,0.0491,1360.0
2025-04-12 09:30:00+09:00,0.0493,0.0493,0.0491,0.0491,4309.0
2025-04-12 09:35:00+09:00,0.0492,0.0494,0.0492,0.0492,20592.0
2025-04-12 09:40:00+09:00,0.0493,0.0493,0.0493,0.0493,6250.0
2025-04-12 09:45:00+09:00,0.0492,0.0493,0.0491,0.0491,8026.0
2025-04-12 09:50:00+09:00,0.0492,0.0492,0.0492,0.0492,1909.0
2025-04-12 09:55:00+09:00,0.0491,0.0492,0.049,0.0492,11519.0
2025-04-12 10:00:00+09:00,0.0492,0.0492,0.0492,0.0492,9515.0
2025-04-12 10:05:00+09:00,0.0491,0.0492,0.0491,0.0491,4052.0
2025-04-12 10:10:00+09:00,0.0492,0.0494,0.0492,0.0494,1311.0
2025-04-12 10:15:00+09:00,0.0492,0.0492,0.0492,0.0492,5169.0
2025-04-12 10:20:00+09:00,0.0491,0.0491,0.0491,0.0491,2975.0
2025-04-12 10:25:00+09:00,0.0491,0.0491,0.0491,0.0491,0.0
2025-04-12 10:30:00+09:00,0.0491,0.0491,0.0489,0.0491,6513.0
2025-04-12 10:35:00+09:00,0.0491,0.0492,0.0491,0.0492,5273.0
2025-04-12 10:40:00+09:00,0.0492,0.0492,0.0492,0.0492,7969.0
2025-04-12 10:45:00+09:00,0.0492,0.0492,0.0491,0.0492,3444.0
2025-04-12 10:50:00+09:00,0.0492,0.0492,0.0491,0.0491,5041.0
2025-04-12 10:55:00+09:00,0.0492,0.0492,0.0491,0.0491,12835.0
2025-04-12 11:00:00+09:00,0.0492,0.0492,0.0491,0.0491,11780.0
2025-04-12 11:05:00+09:00,0.0491,0.0491,0.049,0.049,2282.0
2025-04-12 11:10:00+09:00,0.0489,0.0489,0.0488,0.0488,19358.0
2025-04-12 11:15:00+09:00,0.0489,0.0491,0.0489,0.0491,8394.0
2025-04-12 11:20:00+09:00,0.049,0.049,0.0489,0.0489,1694.0
2025-04-12 11:25:00+09:00,0.049,0.0491,0.049,0.0491,14923.0
2025-04-12 11:30:00+09:00,0.0491,0.0491,0.049,0.0491,3741.0
2025-04-12 11:35:00+09:00,0.0492,0.0492,0.0492,0.0492,206.0
2025-04-12 11:40:00+09:00,0.0492,0.0492,0.0492,0.0492,281.0
2025-04-12 11:45:00+09:00,0.0492,0.0492,0.049,0.049,34593.0
2025-04-12 11:50:00+09:00,0.0489,0.049,0.0489,0.049,4010.0
2025-04-12 11:55:00+09:00,0.049,0.049,0.0489,0.0489,2429.0
2025-04-12 12:00:00+09:00,0.0489,0.049,0.0489,0.0489,9485.0
2025-04-12 12:05:00+09:00,0.049,0.049,0.049,0.049,2015.0
2025-04-12 12:10:00+09:00,0.0491,0.0491,0.0489,0.0489,8566.0
2025-04-12 12:15:00+09:00,0.0488,0.049,0.0488,0.049,2821.0
2025-04-12 12:20:00+09:00,0.0489,0.0489,0.0489,0.0489,2503.0
2025-04-12 12:25:00+09:00,0.0489,0.0489,0.0489,0.0489,411.0
2025-04-12 12:30:00+09:00,0.0488,0.0489,0.0488,0.0488,2223.0
2025-04-12 12:35:00+09:00,0.0489,0.049,0.0489,0.049,36075.0
2025-04-12 12:40:00+09:00,0.049,0.049,0.049,0.049,6834.0
2025-04-12 12:45:00+09:00,0.0491,0.0491,0.0491,0.0491,2100.0
2025-04-12 12:50:00+09:00,0.049,0.049,0.0489,0.0489,10186.0
2025-04-12 12:55:00+09:00,0.049,0.049,0.049,0.049,222.0
2025-04-12 13:00:00+09:00,0.0489,0.049,0.0489,0.0489,5562.0
2025-04-12 13:05:00+09:00,0.0488,0.0489,0.0488,0.0488,4326.0
2025-04-12 13:10:00+09:00,0.0489,0.0489,0.0487,0.0487,11084.0
2025-04-12 13:15:00+09:00,0.0487,0.0488,0.0487,0.0487,6441.0
2025-04-12 13:20:00+09:00,0.0489,0.0489,0.0489,0.0489,2808.0
2025-04-12 13:25:00+09:00,0.049,0.049,0.049,0.049,515.0
2025-04-12 13:30:00+09:00,0.0488,0.0493,0.0488,0.049,32694.0
2025-04-12 13:35:00+09:00,0.0489,0.0489,0.0489,0.0489,137.0
2025-04-12 13:40:00+09:00,0.049,0.0491,0.049,0.0491,2075.0
2025-04-12 13:45:00+09:00,0.049,0.0491,0.049,0.0491,12672.0
2025-04-12 13:50:00+09:00,0.049,0.0491,0.049,0.0491,8025.0
2025-04-12 13:55:00+09:00,0.049,0.0492,0.049,0.0492,1289.0
2025-04-12 14:00:00+09:00,0.0492,0.0493,0.0492,0.0492,3008.0
2025-04-12 14:05:00+09:00,0.0493,0.0493,0.0491,0.0491,41183.0
2025-04-12 14:10:00+09:00,0.0492,0.0493,0.0492,0.0493,8600.0
2025-04-12 14:15:00+09:00,0.0492,0.0493,0.0492,0.0493,941.0
2025-04-12 14:20:00+09:00,0.0492,0.0492,0.0492,0.0492,2374.0
2025-04-12 14:25:00+09:00,0.0492,0.0493,0.0492,0.0493,56996.0
2025-04-12 14:30:00+09:00,0.0493,0.0494,0.0493,0.0494,4436.0
2025-04-12 14:35:00+09:00,0.0493,0.0493,0.0493,0.0493,111.0
2025-04-12 14:40:00+09:00,0.0494,0.0494,0.0494,0.0494,445.0
2025-04-12 14:45:00+09:00,0.0493,0.0493,0.0492,0.0492,4634.0
2025-04-12 14:50:00+09:00,0.0493,0.0493,0.0491,0.0493,93740.0
2025-04-12 14:55:00+09:00,0.0492,0.0494,0.0492,0.0494,8548.0
2025-04-12 15:00:00+09:00,0.0493,0.0494,0.0492,0.0492,7136.0
2025-04-12 15:05:00+09:00,0.0494,0.0495,0.0493,0.0494,22475.0
2025-04-12 15:10:00+09:00,0.0495,0.0495,0.0495,0.0495,366.0
2025-04-12 15:15:00+09:00,0.0494,0.0494,0.0494,0.0494,119.0
2025-04-12 15:20:00+09:00,0.0494,0.0495,0.0494,0.0495,22300.0
2025-04-12 15:25:00+09:00,0.0495,0.0495,0.0495,0.0495,6919.0
2025-04-12 15:30:00+09:00,0.0495,0.0496,0.0493,0.0496,13262.0
2025-04-12 15:35:00+09:00,0.0494,0.0494,0.0494,0.0494,5459.0
2025-04-12 15:40:00+09:00,0.0495,0.0495,0.0495,0.0495,1013.0
2025-04-12 15:45:00+09:00,0.0493,0.0493,0.0492,0.0492,62981.0
2025-04-12 15:50:00+09:00,0.0492,0.0492,0.0492,0.0492,2638.0
2025-04-12 15:55:00+09:00,0.0492,0.0492,0.0492,0.0492,674.0
2025-04-12 16:00:00+09:00,0.0492,0.0492,0.0492,0.0492,635.0
2025-04-12 16:05:00+09:00,0.0491,0.0492,0.0491,0.0492,10520.0
2025-04-12 16:10:00+09:00,0.0492,0.0493,0.0492,0.0492,16087.0
2025-04-12 16:15:00+09:00,0.0493,0.0493,0.0492,0.0493,11146.0
2025-04-12 16:20:00+09:00,0.0492,0.0492,0.0491,0.0491,3274.0
2025-04-12 16:25:00+09:00,0.0493,0.0493,0.0493,0.0493,206.0
2025-04-12 16:30:00+09:00,0.0493,0.0493,0.0493,0.0493,1169.0
2025-04-12 16:35:00+09:00,0.0493,0.0495,0.0493,0.0495,10989.0
2025-04-12 16:40:00+09:00,0.0495,0.0495,0.0494,0.0495,11503.0
2025-04-12 16:45:00+09:00,0.0494,0.0495,0.0494,0.0495,1370.0
2025-04-12 16:50:00+09:00,0.0494,0.0495,0.0494,0.0494,2449.0
2025-04-12 16:55:00+09:00,0.0494,0.0494,0.0494,0.0494,1120.0
2025-04-12 17:00:00+09:00,0.0493,0.0494,0.0493,0.0494,4729.0
2025-04-12 17:05:00+09:00,0.0494,0.0496,0.0494,0.0496,32494.0
2025-04-12 17:10:00+09:00,0.0497,0.0498,0.0496,0.0498,5610.0
2025-04-12 17:15:00+09:00,0.0498,0.0498,0.0496,0.0496,17463.0
2025-04-12 17:20:00+09:00,0.0496,0.0496,0.0496,0.0496,130.0
2025-04-12 17:25:00+09:00,0.0496,0.0498,0.0496,0.0496,2137.0
2025-04-12 17:30:00+09:00,0.0498,0.0498,0.0497,0.0497,15377.0
2025-04-12 17:35:00+09:00,0.0497,0.0497,0.0497,0.0497,0.0
2025-04-12 17:40:00+09:00,0.0498,0.0498,0.0497,0.0497,4476.0
2025-04-12 17:45:00+09:00,0.0498,0.0498,0.0496,0.0496,37943.0
2025-04-12 17:50:00+09:00,0.0497,0.0497,0.0497,0.0497,4863.0
2025-04-12 17:55:00+09:00,0.0497,0.0498,0.0497,0.0498,4991.0
2025-04-12 18:00:00+09:00,0.0498,0.0499,0.0498,0.0499,35503.0
2025-04-12 18:05:00+09:00,0.05,0.05,0.0498,0.0498,8667.0
2025-04-12 18:10:00+09:00,0.0497,0.0498,0.0497,0.0497,2098.0
2025-04-12 18:15:00+09:00,0.0496,0.0496,0.0495,0.0495,82177.0
2025-04-12 18:20:00+09:00,0.0496,0.0497,0.0496,0.0497,7041.0
2025-04-12 18:25:00+09:00,0.0497,0.0498,0.0497,0.0498,51692.0
2025-04-12 18:30:00+09:00,0.0498,0.0499,0.0498,0.0499,21498.0
2025-04-12 18:35:00+09:00,0.0498,0.05,0.0498,0.0498,7046.0
2025-04-12 18:40:00+09:00,0.0498,0.05,0.0498,0.0499,19299.0
2025-04-12 18:45:00+09:00,0.0499,0.05,0.0499,0.05,12787.0
2025-04-12 18:50:00+09:00,0.0498,0.0498,0.0497,0.0498,9364.0
2025-04-12 18:55:00+09:00,0.0498,0.0499,0.0497,0.0499,8184.0
2025-04-12 19:00:00+09:00,0.0498,0.0498,0.0498,0.0498,9630.0
2025-04-12 19:05:00+09:00,0.0499,0.05,0.0498,0.0498,3010.0
2025-04-12 19:10:00+09:00,0.0498,0.05,0.0498,0.0499,7300.0
2025-04-12 19:15:00+09:00,0.05,0.05,0.0499,0.0499,2856.0
2025-04-12 19:20:00+09:00,0.0499,0.05,0.0498,0.05,11335.0
2025-04-12 19:25:00+09:00,0.05,0.0506,0.05,0.0503,351232.0
2025-04-12 19:30:00+09:00,0.0504,0.0506,0.0504,0.0504,88632.0
2025-04-12 19:35:00+09:00,0.0504,0.0504,0.0503,0.0503,8077.0
2025-04-12 19:40:00+09:00,0.0504,0.0506,0.0504,0.0505,25409.0
2025-04-12 19:45:00+09:00,0.0505,0.0506,0.0504,0.0506,10058.0
2025-04-12 19:50:00+09:00,0.0505,0.0507,0.0505,0.0507,15967.0
2025-04-12 19:55:00+09:00,0.0506,0.0506,0.0504,0.0505,25017.0
2025-04-12 20:00:00+09:00,0.0504,0.0507,0.0504,0.0506,7488.0
2025-04-12 20:05:00+09:00,0.0506,0.0507,0.0505,0.0507,2949.0
2025-04-12 20:10:00+09:00,0.0507,0.0507,0.0505,0.0506,16652.0
2025-04-12 20:15:00+09:00,0.0507,0.0507,0.0505,0.0507,45780.0
2025-04-12 20:20:00+09:00,0.0508,0.0509,0.0507,0.0509,6674.0
2025-04-12 20:25:00+09:00,0.0507,0.0508,0.0507,0.0508,31960.0
2025-04-12 20:30:00+09:00,0.0508,0.0508,0.0506,0.0507,31054.0
2025-04-12 20:35:00+09:00,0.0507,0.0508,0.0507,0.0507,8788.0
2025-04-12 20:40:00+09:00,0.0507,0.0507,0.0506,0.0506,6774.0
2025-04-12 20:45:00+09:00,0.0507,0.0507,0.0505,0.0506,25593.0
2025-04-12 20:50:00+09:00,0.0506,0.0507,0.0506,0.0506,8768.0
2025-04-12 20:55:00+09:00,0.0506,0.0507,0.0505,0.0506,8710.0
2025-04-12 21:00:00+09:00,0.0505,0.0507,0.0505,0.0507,16096.0
2025-04-12 21:05:00+09:00,0.0506,0.0507,0.0506,0.0507,4191.0
2025-04-12 21:10:00+09:00,0.0507,0.0507,0.0506,0.0506,6748.0
2025-04-12 21:15:00+09:00,0.0506,0.0506,0.0506,0.0506,2360.0
2025-04-12 21:20:00+09:00,0.0505,0.0506,0.0505,0.0506,3137.0
2025-04-12 21:25:00+09:00,0.0506,0.0507,0.0506,0.0506,11737.0
2025-04-12 21:30:00+09:00,0.0507,0.0507,0.0507,0.0507,1852.0
2025-04-12 21:35:00+09:00,0.0505,0.051,0.0505,0.051,52581.0
2025-04-12 21:40:00+09:00,0.0508,0.0509,0.0507,0.0509,26193.0
2025-04-12 21:45:00+09:00,0.0508,0.0508,0.0507,0.0507,3999.0
2025-04-12 21:50:00+09:00,0.0508,0.0508,0.0507,0.0507,7583.0
2025-04-12 21:55:00+09:00,0.0507,0.0509,0.0507,0.0509,15657.0
2025-04-12 22:00:00+09:00,0.0509,0.051,0.0508,0.051,18837.0
2025-04-12 22:05:00+09:00,0.051,0.051,0.0509,0.051,14576.0
2025-04-12 22:10:00+09:00,0.051,0.051,0.0509,0.0509,17596.0
2025-04-12 22:15:00+09:00,0.0509,0.0509,0.0508,0.0508,18382.0
2025-04-12 22:20:00+09:00,0.0508,0.0508,0.0506,0.0507,54944.0
2025-04-12 22:25:00+09:00,0.0506,0.0508,0.0506,0.0507,44784.0
2025-04-12 22:30:00+09:00,0.0507,0.0509,0.0507,0.0508,45494.0
2025-04-12 22:35:00+09:00,0.0508,0.0509,0.0508,0.0509,10030.0
2025-04-12 22:40:00+09:00,0.0508,0.0512,0.0508,0.0511,35051.0
2025-04-12 22:45:00+09:00,0.0512,0.0514,0.0511,0.0512,42474.0
2025-04-12 22:50:00+09:00,0.051,0.0513,0.051,0.0513,43212.0
2025-04-12 22:55:00+09:00,0.0512,0.0514,0.0512,0.0512,78867.0
2025-04-12 23:00:00+09:00,0.0512,0.0513,0.0512,0.0513,44923.0
2025-04-12 23:05:00+09:00,0.0513,0.0516,0.0513,0.0516,83636.0
2025-04-12 23:10:00+09:00,0.0515,0.0516,0.0513,0.0515,38875.0
2025-04-12 23:15:00+09:00,0.0515,0.0516,0.0514,0.0515,4903.0
2025-04-12 23:20:00+09:00,0.0515,0.052,0.0514,0.0519,69559.0
2025-04-12 23:25:00+09:00,0.0519,0.052,0.0516,0.0519,134944.0
2025-04-12 23:30:00+09:00,0.0518,0.0521,0.0518,0.0519,100719.0
2025-04-12 23:35:00+09:00,0.0519,0.052,0.0518,0.052,39730.0
2025-04-12 23:40:00+09:00,0.0518,0.052,0.0516,0.0518,489401.0
2025-04-12 23:45:00+09:00,0.0517,0.0518,0.0514,0.0515,256649.0
2025-04-12 23:50:00+09:00,0.0515,0.0518,0.0515,0.0517,62632.0
2025-04-12 23:55:00+09:00,0.0517,0.0518,0.0516,0.0518,16239.0
2025-04-13 00:00:00+09:00,0.0517,0.052,0.0517,0.0519,23093.0
2025-04-13 00:05:00+09:00,0.0516,0.0517,0.0515,0.0516,5877.0
2025-04-13 00:10:00+09:00,0.0515,0.0517,0.0515,0.0516,73259.0
2025-04-13 00:15:00+09:00,0.0516,0.0519,0.0516,0.0518,14167.0
2025-04-13 00:20:00+09:00,0.0518,0.052,0.0517,0.0519,34822.0
2025-04-13 00:25:00+09:00,0.0519,0.0519,0.0518,0.0519,2206.0
2025-04-13 00:30:00+09:00,0.0518,0.0519,0.0518,0.0519,13170.0
2025-04-13 00:35:00+09:00,0.0518,0.052,0.0518,0.0518,20336.0
2025-04-13 00:40:00+09:00,0.0518,0.052,0.0518,0.052,5725.0
2025-04-13 00:45:00+09:00,0.0519,0.0519,0.0518,0.0519,10263.0
2025-04-13 00:50:00+09:00,0.0519,0.052,0.0518,0.052,25938.0
2025-04-13 00:55:00+09:00,0.0518,0.0519,0.0518,0.0519,27227.0
2025-04-13 01:00:00+09:00,0.0518,0.0519,0.0518,0.0519,23020.0
2025-04-13 01:05:00+09:00,0.0519,0.0519,0.0515,0.0516,59119.0
2025-04-13 01:10:00+09:00,0.0516,0.0516,0.0514,0.0515,32264.0
2025-04-13 01:15:00+09:00,0.0516,0.0517,0.0516,0.0517,31862.0
2025-04-13 01:20:00+09:00,0.0517,0.0519,0.0517,0.0519,40690.0
2025-04-13 01:25:00+09:00,0.0519,0.0519,0.0516,0.0517,136674.0
2025-04-13 01:30:00+09:00,0.0517,0.0517,0.0516,0.0516,37737.0
2025-04-13 01:35:00+09:00,0.0517,0.0518,0.0516,0.0516,69738.0
2025-04-13 01:40:00+09:00,0.0516,0.0517,0.0514,0.0515,45414.0
2025-04-13 01:45:00+09:00,0.0515,0.0515,0.0514,0.0514,21571.0
2025-04-13 01:50:00+09:00,0.0515,0.0515,0.0515,0.0515,27266.0
2025-04-13 01:55:00+09:00,0.0515,0.0516,0.0515,0.0516,7359.0
2025-04-13 02:00:00+09:00,0.0516,0.0517,0.0515,0.0515,107595.0
2025-04-13 02:05:00+09:00,0.0515,0.0515,0.0513,0.0513,22059.0
2025-04-13 02:10:00+09:00,0.0513,0.0514,0.0512,0.0513,65916.0
2025-04-13 02:15:00+09:00,0.0514,0.0515,0.0514,0.0514,18510.0
2025-04-13 02:20:00+09:00,0.0514,0.0517,0.0514,0.0516,17657.0
2025-04-13 02:25:00+09:00,0.0517,0.0517,0.0516,0.0516,41586.0
2025-04-13 02:30:00+09:00,0.0516,0.0517,0.0516,0.0517,21559.0
2025-04-13 02:35:00+09:00,0.0516,0.0517,0.0516,0.0516,19435.0
2025-04-13 02:40:00+09:00,0.0516,0.0516,0.0515,0.0515,23789.0
2025-04-13 02:45:00+09:00,0.0515,0.0515,0.0514,0.0515,19774.0
2025-04-13 02:50:00+09:00,0.0515,0.0515,0.0515,0.0515,17251.0
2025-04-13 02:55:00+09:00,0.0515,0.0515,0.0513,0.0514,97744.0
2025-04-13 03:00:00+09:00,0.0514,0.0516,0.0514,0.0516,130831.0
2025-04-13 03:05:00+09:00,0.0515,0.0515,0.0514,0.0514,16538.0
2025-04-13 03:10:00+09:00,0.0515,0.0516,0.0514,0.0516,6557.0
2025-04-13 03:15:00+09:00,0.0515,0.0517,0.0515,0.0517,36176.0
2025-04-13 03:20:00+09:00,0.0517,0.0517,0.0516,0.0517,36125.0
2025-04-13 03:25:00+09:00,0.0517,0.0518,0.0516,0.0518,10810.0
2025-04-13 03:30:00+09:00,0.0517,0.0518,0.0517,0.0518,10968.0
2025-04-13 03:35:00+09:00,0.0518,0.0518,0.0516,0.0517,61332.0
2025-04-13 03:40:00+09:00,0.0517,0.0517,0.0517,0.0517,18369.0
2025-04-13 03:45:00+09:00,0.0518,0.0518,0.0517,0.0517,10075.0
2025-04-13 03:50:00+09:00,0.0517,0.0517,0.0516,0.0517,14490.0
2025-04-13 03:55:00+09:00,0.0516,0.0517,0.0516,0.0516,2895.0
2025-04-13 04:00:00+09:00,0.0516,0.0517,0.0514,0.0514,20771.0
2025-04-13 04:05:00+09:00,0.0515,0.0516,0.0514,0.0514,295156.0
2025-04-13 04:10:00+09:00,0.0516,0.0516,0.0515,0.0515,3133.0
2025-04-13 04:15:00+09:00,0.0515,0.0516,0.0514,0.0516,78733.0
2025-04-13 04:20:00+09:00,0.0516,0.0516,0.0514,0.0514,27237.0
2025-04-13 04:25:00+09:00,0.0514,0.0514,0.0513,0.0513,16171.0
2025-04-13 04:30:00+09:00,0.0514,0.0515,0.0512,0.0514,59030.0
2025-04-13 04:35:00+09:00,0.0513,0.0513,0.0512,0.0512,118836.0
2025-04-13 04:40:00+09:00,0.0512,0.0514,0.0511,0.0514,37691.0
2025-04-13 04:45:00+09:00,0.0513,0.0514,0.0513,0.0514,1257.0
2025-04-13 04:50:00+09:00,0.0513,0.0513,0.0513,0.0513,2205.0
2025-04-13 04:55:00+09:00,0.0514,0.0514,0.0513,0.0513,2090.0
2025-04-13 05:00:00+09:00,0.0513,0.0514,0.0513,0.0514,1947.0
2025-04-13 05:05:00+09:00,0.0514,0.0515,0.0514,0.0514,36704.0
2025-04-13 05:10:00+09:00,0.0514,0.0514,0.0512,0.0514,23016.0
2025-04-13 05:15:00+09:00,0.0514,0.0514,0.0514,0.0514,49262.0
2025-04-13 05:20:00+09:00,0.0513,0.0515,0.0512,0.0513,74994.0
2025-04-13 05:25:00+09:00,0.0513,0.0514,0.0513,0.0514,28808.0
2025-04-13 05:30:00+09:00,0.0514,0.0515,0.0513,0.0514,188771.0
2025-04-13 05:35:00+09:00,0.0514,0.0514,0.0512,0.0514,47713.0
2025-04-13 05:40:00+09:00,0.0514,0.0518,0.0514,0.0517,358051.0
2025-04-13 05:45:00+09:00,0.0517,0.0517,0.0515,0.0516,80936.0
2025-04-13 05:50:00+09:00,0.0515,0.0516,0.0515,0.0515,6865.0
2025-04-13 05:55:00+09:00,0.0516,0.0517,0.0516,0.0517,48031.0
2025-04-13 06:00:00+09:00,0.0517,0.0517,0.0516,0.0516,24417.0
2025-04-13 06:05:00+09:00,0.0517,0.0518,0.0515,0.0516,77086.0
2025-04-13 06:10:00+09:00,0.0515,0.0516,0.0514,0.0516,35904.0
2025-04-13 06:15:00+09:00,0.0516,0.0517,0.0515,0.0516,23147.0
2025-04-13 06:20:00+09:00,0.0516,0.0517,0.0516,0.0517,17424.0
2025-04-13 06:25:00+09:00,0.0517,0.0517,0.0517,0.0517,7469.0
2025-04-13 06:30:00+09:00,0.0516,0.0517,0.0516,0.0517,44052.0
2025-04-13 06:35:00+09:00,0.0517,0.0518,0.0516,0.0518,44430.0
2025-04-13 06:40:00+09:00,0.0517,0.0519,0.0516,0.0519,260878.0
2025-04-13 06:45:00+09:00,0.0518,0.0519,0.0518,0.0519,3231.0
2025-04-13 06:50:00+09:00,0.0519,0.0519,0.0518,0.0519,7745.0
2025-04-13 06:55:00+09:00,0.0518,0.0519,0.0517,0.0518,30441.0
2025-04-13 07:00:00+09:00,0.0518,0.052,0.0518,0.0519,41467.0
2025-04-13 07:05:00+09:00,0.0518,0.052,0.0517,0.052,37061.0
2025-04-13 07:10:00+09:00,0.0519,0.0519,0.0518,0.0519,52436.0
2025-04-13 07:15:00+09:00,0.0519,0.052,0.0519,0.052,7946.0
2025-04-13 07:20:00+09:00,0.0519,0.052,0.0518,0.0519,13032.0
2025-04-13 07:25:00+09:00,0.0518,0.0519,0.0518,0.0519,5067.0
2025-04-13 07:30:00+09:00,0.0518,0.0519,0.0517,0.0518,23544.0
2025-04-13 07:35:00+09:00,0.0518,0.0519,0.0517,0.0518,54833.0
2025-04-13 07:40:00+09:00,0.0517,0.0519,0.0517,0.0519,7989.0
2025-04-13 07:45:00+09:00,0.0519,0.0521,0.0518,0.052,158105.0
2025-04-13 07:50:00+09:00,0.0519,0.052,0.0516,0.0517,175542.0
2025-04-13 07:55:00+09:00,0.0517,0.0518,0.0517,0.0518,36308.0
2025-04-13 08:00:00+09:00,0.0518,0.0519,0.0517,0.0519,29669.0
2025-04-13 08:05:00+09:00,0.0519,0.0519,0.0518,0.0519,12408.0
2025-04-13 08:10:00+09:00,0.0518,0.0519,0.0517,0.0519,14281.0
2025-04-13 08:15:00+09:00,0.0519,0.052,0.0519,0.052,23158.0
2025-04-13 08:20:00+09:00,0.052,0.052,0.0518,0.0519,38153.0
2025-04-13 08:25:00+09:00,0.0519,0.052,0.0519,0.052,4453.0
2025-04-13 08:30:00+09:00,0.0519,0.052,0.0518,0.0519,15739.0
2025-04-13 08:35:00+09:00,0.0518,0.052,0.0518,0.0519,36112.0
2025-04-13 08:40:00+09:00,0.0519,0.0519,0.0519,0.0519,2807.0
2025-04-13 08:45:00+09:00,0.0519,0.052,0.0518,0.0519,23955.0
2025-04-13 08:50:00+09:00,0.0518,0.0519,0.0518,0.0519,2104.0
2025-04-13 08:55:00+09:00,0.0518,0.0521,0.0516,0.0518,465822.0
2025-04-13 09:00:00+09:00,0.0517,0.0518,0.0516,0.0516,112312.0
2025-04-13 09:05:00+09:00,0.0517,0.0519,0.0517,0.0519,20809.0
2025-04-13 09:10:00+09:00,0.0519,0.0519,0.0518,0.0519,25485.0
2025-04-13 09:15:00+09:00,0.0519,0.0521,0.0519,0.052,60932.0
2025-04-13 09:20:00+09:00,0.052,0.052,0.0518,0.0518,28450.0
2025-04-13 09:25:00+09:00,0.0518,0.0519,0.0518,0.0519,61979.0
2025-04-13 09:30:00+09:00,0.0519,0.0519,0.0517,0.0518,20914.0
2025-04-13 09:35:00+09:00,0.0518,0.0519,0.0518,0.0519,17084.0
2025-04-13 09:40:00+09:00,0.0518,0.0518,0.0518,0.0518,347.0
2025-04-13 09:45:00+09:00,0.0519,0.052,0.0519,0.052,11997.0
2025-04-13 09:50:00+09:00,0.0519,0.052,0.0519,0.0519,10827.0
2025-04-13 09:55:00+09:00,0.0518,0.0518,0.0517,0.0517,11660.0
2025-04-13 10:00:00+09:00,0.0518,0.0519,0.0514,0.0515,183292.0
2025-04-13 10:05:00+09:00,0.0514,0.0517,0.0513,0.0515,147335.0
2025-04-13 10:10:00+09:00,0.0516,0.0517,0.0515,0.0516,29809.0
2025-04-13 10:15:00+09:00,0.0517,0.0518,0.0515,0.0515,48146.0
2025-04-13 10:20:00+09:00,0.0515,0.0516,0.0515,0.0516,57820.0
2025-04-13 10:25:00+09:00,0.0516,0.0517,0.0516,0.0517,10532.0
2025-04-13 10:30:00+09:00,0.0516,0.0518,0.0515,0.0515,34189.0
2025-04-13 10:35:00+09:00,0.0515,0.0516,0.0513,0.0513,45929.0
2025-04-13 10:40:00+09:00,0.0513,0.0516,0.0513,0.0515,21162.0
2025-04-13 10:45:00+09:00,0.0514,0.0514,0.0511,0.0512,94803.0
2025-04-13 10:50:00+09:00,0.0512,0.0513,0.0511,0.0511,55389.0
2025-04-13 10:55:00+09:00,0.0511,0.0512,0.051,0.051,82124.0
2025-04-13 11:00:00+09:00,0.0511,0.0513,0.0511,0.0513,24420.0
2025-04-13 11:05:00+09:00,0.0513,0.0514,0.0512,0.0513,33657.0
2025-04-13 11:10:00+09:00,0.0513,0.0514,0.0512,0.0512,43811.0
2025-04-13 11:15:00+09:00,0.0513,0.0514,0.0511,0.0512,57268.0
2025-04-13 11:20:00+09:00,0.0512,0.0513,0.0512,0.0512,21335.0
2025-04-13 11:25:00+09:00,0.0512,0.0513,0.051,0.0512,38811.0
2025-04-13 11:30:00+09:00,0.0512,0.0513,0.0511,0.0513,50827.0
2025-04-13 11:35:00+09:00,0.0512,0.0513,0.0511,0.0513,64196.0
2025-04-13 11:40:00+09:00,0.0511,0.0513,0.0511,0.0512,25913.0
2025-04-13 11:45:00+09:00,0.0512,0.0512,0.0512,0.0512,45796.0
2025-04-13 11:50:00+09:00,0.0512,0.0513,0.0511,0.0513,12747.0
2025-04-13 11:55:00+09:00,0.0513,0.0514,0.0513,0.0513,68986.0
2025-04-13 12:00:00+09:00,0.0512,0.0512,0.0512,0.0512,8789.0
2025-04-13 12:05:00+09:00,0.0511,0.0513,0.0511,0.0512,23168.0
2025-04-13 12:10:00+09:00,0.0512,0.0512,0.0512,0.0512,974.0
2025-04-13 12:15:00+09:00,0.0512,0.0513,0.051,0.0512,53890.0
2025-04-13 12:20:00+09:00,0.0512,0.0512,0.051,0.0512,26967.0
2025-04-13 12:25:00+09:00,0.0511,0.0511,0.051,0.051,12879.0
2025-04-13 12:30:00+09:00,0.0511,0.0512,0.051,0.0512,29748.0
2025-04-13 12:35:00+09:00,0.0512,0.0513,0.0512,0.0512,26490.0
2025-04-13 12:40:00+09:00,0.0511,0.0511,0.0511,0.0511,1004.0
2025-04-13 12:45:00+09:00,0.0512,0.0513,0.0512,0.0512,31844.0
2025-04-13 12:50:00+09:00,0.0512,0.0513,0.0512,0.0512,22784.0
2025-04-13 12:55:00+09:00,0.0512,0.0513,0.0512,0.0512,21551.0
2025-04-13 13:00:00+09:00,0.0511,0.0512,0.0511,0.0511,18573.0
2025-04-13 13:05:00+09:00,0.0511,0.0511,0.051,0.0511,11767.0
2025-04-13 13:10:00+09:00,0.051,0.051,0.0509,0.0509,1755.0
2025-04-13 13:15:00+09:00,0.0509,0.0509,0.0507,0.0508,18406.0
2025-04-13 13:20:00+09:00,0.0509,0.051,0.0509,0.0509,11658.0
2025-04-13 13:25:00+09:00,0.0509,0.051,0.0509,0.051,1742.0
2025-04-13 13:30:00+09:00,0.0507,0.0508,0.0507,0.0508,40480.0
2025-04-13 13:35:00+09:00,0.0507,0.0508,0.0507,0.0507,26480.0
2025-04-13 13:40:00+09:00,0.0506,0.0508,0.0506,0.0507,4332.0
2025-04-13 13:45:00+09:00,0.0508,0.0509,0.0507,0.0507,28024.0
2025-04-13 13:50:00+09:00,0.0507,0.0507,0.0505,0.0506,46114.0
2025-04-13 13:55:00+09:00,0.0505,0.0506,0.0505,0.0506,58649.0
2025-04-13 14:00:00+09:00,0.0506,0.0507,0.0505,0.0507,31034.0
2025-04-13 14:05:00+09:00,0.0507,0.0507,0.0506,0.0506,23297.0
2025-04-13 14:10:00+09:00,0.0505,0.0506,0.0503,0.0504,65882.0
2025-04-13 14:15:00+09:00,0.0504,0.0506,0.0504,0.0506,41341.0
2025-04-13 14:20:00+09:00,0.0506,0.0507,0.0506,0.0507,28834.0
2025-04-13 14:25:00+09:00,0.0507,0.0507,0.0507,0.0507,4695.0
2025-04-13 14:30:00+09:00,0.0508,0.0509,0.0505,0.0507,27471.0
2025-04-13 14:35:00+09:00,0.0507,0.0509,0.0507,0.0508,48354.0
2025-04-13 14:40:00+09:00,0.0507,0.0508,0.0507,0.0508,28096.0
2025-04-13 14:45:00+09:00,0.0507,0.0507,0.0505,0.0507,21285.0
2025-04-13 14:50:00+09:00,0.0506,0.0508,0.0506,0.0508,2358.0
2025-04-13 14:55:00+09:00,0.0507,0.0508,0.0506,0.0508,36505.0
2025-04-13 15:00:00+09:00,0.0507,0.0508,0.0507,0.0507,22443.0
2025-04-13 15:05:00+09:00,0.0507,0.0508,0.0507,0.0508,11883.0
2025-04-13 15:10:00+09:00,0.0507,0.0508,0.0507,0.0508,14007.0
2025-04-13 15:15:00+09:00,0.0508,0.0509,0.0506,0.0508,45816.0
2025-04-13 15:20:00+09:00,0.0507,0.0509,0.0507,0.0508,76460.0
2025-04-13 15:25:00+09:00,0.0507,0.0509,0.0507,0.0509,25285.0
2025-04-13 15:30:00+09:00,0.0509,0.051,0.0509,0.051,31304.0
2025-04-13 15:35:00+09:00,0.0509,0.0509,0.0508,0.0508,42377.0
2025-04-13 15:40:00+09:00,0.0508,0.0509,0.0508,0.0509,4549.0
2025-04-13 15:45:00+09:00,0.0509,0.051,0.0508,0.0509,11461.0
2025-04-13 15:50:00+09:00,0.0508,0.0509,0.0508,0.0509,6189.0
2025-04-13 15:55:00+09:00,0.0508,0.0509,0.0507,0.0508,27224.0
2025-04-13 16:00:00+09:00,0.0508,0.0509,0.0507,0.0509,3543.0
2025-04-13 16:05:00+09:00,0.0508,0.051,0.0508,0.051,12182.0
2025-04-13 16:10:00+09:00,0.0508,0.0509,0.0508,0.0509,1507.0
2025-04-13 16:15:00+09:00,0.0509,0.051,0.0508,0.0509,111267.0
2025-04-13 16:20:00+09:00,0.0508,0.0509,0.0508,0.0508,4343.0
2025-04-13 16:25:00+09:00,0.0508,0.0509,0.0508,0.0509,1129.0
2025-04-13 16:30:00+09:00,0.0508,0.0508,0.0507,0.0508,9497.0
2025-04-13 16:35:00+09:00,0.0508,0.0508,0.0507,0.0508,39623.0
2025-04-13 16:40:00+09:00,0.0508,0.0508,0.0507,0.0507,10798.0
2025-04-13 16:45:00+09:00,0.0507,0.0508,0.0507,0.0508,20502.0
2025-04-13 16:50:00+09:00,0.0508,0.0508,0.0508,0.0508,157.0
2025-04-13 16:55:00+09:00,0.0507,0.0508,0.0506,0.0508,287852.0
2025-04-13 17:00:00+09:00,0.0508,0.0509,0.0507,0.0507,77648.0
2025-04-13 17:05:00+09:00,0.0506,0.0508,0.0506,0.0507,11408.0
2025-04-13 17:10:00+09:00,0.0507,0.0507,0.0506,0.0507,30297.0
2025-04-13 17:15:00+09:00,0.0507,0.0509,0.0507,0.0508,38947.0
2025-04-13 17:20:00+09:00,0.0509,0.0509,0.0508,0.0508,65997.0
2025-04-13 17:25:00+09:00,0.0508,0.0508,0.0508,0.0508,9644.0
2025-04-13 17:30:00+09:00,0.0509,0.051,0.0509,0.0509,7140.0
2025-04-13 17:35:00+09:00,0.0509,0.0509,0.0507,0.0507,2685.0
2025-04-13 17:40:00+09:00,0.0507,0.0508,0.0507,0.0508,26440.0
2025-04-13 17:45:00+09:00,0.0508,0.0508,0.0507,0.0508,20321.0
2025-04-13 17:50:00+09:00,0.0507,0.0508,0.0507,0.0508,11277.0
2025-04-13 17:55:00+09:00,0.0509,0.0509,0.0508,0.0508,23043.0
2025-04-13 18:00:00+09:00,0.0509,0.0509,0.0508,0.0508,310.0
2025-04-13 18:05:00+09:00,0.0508,0.0509,0.0508,0.0509,5081.0
2025-04-13 18:10:00+09:00,0.0508,0.0509,0.0507,0.0508,15790.0
2025-04-13 18:15:00+09:00,0.0508,0.0509,0.0508,0.0509,43274.0
2025-04-13 18:20:00+09:00,0.0509,0.051,0.0509,0.051,7149.0
2025-04-13 18:25:00+09:00,0.0509,0.051,0.0509,0.051,21501.0
2025-04-13 18:30:00+09:00,0.051,0.051,0.0509,0.0509,18497.0
2025-04-13 18:35:00+09:00,0.051,0.051,0.051,0.051,6575.0
2025-04-13 18:40:00+09:00,0.0511,0.0511,0.051,0.051,486.0
2025-04-13 18:45:00+09:00,0.051,0.051,0.051,0.051,0.0
2025-04-13 18:50:00+09:00,0.0511,0.0512,0.051,0.051,48852.0
2025-04-13 18:55:00+09:00,0.0511,0.0513,0.0511,0.0511,12417.0
2025-04-13 19:00:00+09:00,0.0512,0.0513,0.0511,0.0511,35157.0
2025-04-13 19:05:00+09:00,0.051,0.0511,0.051,0.0511,11484.0
2025-04-13 19:10:00+09:00,0.0509,0.051,0.0509,0.051,11631.0
2025-04-13 19:15:00+09:00,0.0509,0.051,0.0509,0.051,483.0
2025-04-13 19:20:00+09:00,0.051,0.051,0.0509,0.0509,8055.0
2025-04-13 19:25:00+09:00,0.051,0.0511,0.0508,0.0508,13918.0
2025-04-13 19:30:00+09:00,0.0508,0.0509,0.0508,0.0508,20990.0
2025-04-13 19:35:00+09:00,0.0508,0.0509,0.0508,0.0509,5391.0
2025-04-13 19:40:00+09:00,0.0509,0.0509,0.0509,0.0509,441.0
2025-04-13 19:45:00+09:00,0.0509,0.0509,0.0508,0.0509,11121.0
2025-04-13 19:50:00+09:00,0.0509,0.0509,0.0509,0.0509,4878.0
2025-04-13 19:55:00+09:00,0.051,0.0511,0.051,0.051,36544.0
2025-04-13 20:00:00+09:00,0.0511,0.0511,0.0511,0.0511,1214.0
2025-04-13 20:05:00+09:00,0.051,0.0512,0.051,0.0511,49124.0
2025-04-13 20:10:00+09:00,0.0511,0.0512,0.0511,0.0511,37373.0
2025-04-13 20:15:00+09:00,0.0511,0.0511,0.0509,0.051,96285.0
2025-04-13 20:20:00+09:00,0.051,0.0511,0.0508,0.0508,80473.0
2025-04-13 20:25:00+09:00,0.0508,0.0509,0.0507,0.0509,29137.0
2025-04-13 20:30:00+09:00,0.0507,0.0509,0.0507,0.0508,21171.0
2025-04-13 20:35:00+09:00,0.0508,0.0509,0.0508,0.0508,23705.0
2025-04-13 20:40:00+09:00,0.0508,0.0508,0.0507,0.0508,22194.0
2025-04-13 20:45:00+09:00,0.0508,0.0509,0.0506,0.0507,32269.0
2025-04-13 20:50:00+09:00,0.0507,0.0507,0.0507,0.0507,0.0
2025-04-13 20:55:00+09:00,0.0507,0.0509,0.0507,0.0508,18947.0
2025-04-13 21:00:00+09:00,0.0509,0.051,0.0508,0.0508,30226.0
2025-04-13 21:05:00+09:00,0.0508,0.0509,0.0508,0.0509,640.0
2025-04-13 21:10:00+09:00,0.0509,0.051,0.0509,0.051,33663.0
2025-04-13 21:15:00+09:00,0.0511,0.0511,0.051,0.051,6157.0
2025-04-13 21:20:00+09:00,0.0507,0.0508,0.0507,0.0507,35469.0
2025-04-13 21:25:00+09:00,0.0506,0.0507,0.0506,0.0507,34803.0
2025-04-13 21:30:00+09:00,0.0507,0.0507,0.0505,0.0506,13296.0
2025-04-13 21:35:00+09:00,0.0506,0.0507,0.0506,0.0506,49565.0
2025-04-13 21:40:00+09:00,0.0507,0.0507,0.0506,0.0506,434.0
2025-04-13 21:45:00+09:00,0.0506,0.0508,0.0506,0.0507,44353.0
2025-04-13 21:50:00+09:00,0.0507,0.0507,0.0507,0.0507,5395.0
2025-04-13 21:55:00+09:00,0.0507,0.0508,0.0507,0.0508,32274.0
2025-04-13 22:00:00+09:00,0.0508,0.0509,0.0507,0.0507,17031.0
2025-04-13 22:05:00+09:00,0.0507,0.0508,0.0507,0.0507,44824.0
2025-04-13 22:10:00+09:00,0.0507,0.0509,0.0507,0.0509,11384.0
2025-04-13 22:15:00+09:00,0.0509,0.0509,0.0506,0.0506,4607.0
2025-04-13 22:20:00+09:00,0.0506,0.0506,0.0505,0.0505,44386.0
2025-04-13 22:25:00+09:00,0.0506,0.0506,0.0503,0.0505,83831.0
2025-04-13 22:30:00+09:00,0.0505,0.0507,0.0505,0.0506,40898.0
2025-04-13 22:35:00+09:00,0.0506,0.0507,0.0505,0.0506,20998.0
2025-04-13 22:40:00+09:00,0.0505,0.0506,0.0502,0.0502,88425.0
2025-04-13 22:45:00+09:00,0.0502,0.0502,0.0502,0.0502,9855.0
2025-04-13 22:50:00+09:00,0.0502,0.0503,0.0497,0.0497,120400.0
2025-04-13 22:55:00+09:00,0.0498,0.0498,0.0497,0.0497,3002.0
2025-04-13 23:00:00+09:00,0.0497,0.0499,0.0497,0.0497,32295.0
2025-04-13 23:05:00+09:00,0.0498,0.0498,0.0495,0.0497,23866.0
2025-04-13 23:10:00+09:00,0.0497,0.0499,0.0497,0.0498,55155.0
2025-04-13 23:15:00+09:00,0.0498,0.0498,0.0493,0.0496,106897.0
2025-04-13 23:20:00+09:00,0.0495,0.0499,0.0495,0.0497,223888.0
2025-04-13 23:25:00+09:00,0.0497,0.0498,0.0497,0.0497,65717.0
2025-04-13 23:30:00+09:00,0.0497,0.05,0.0497,0.05,9426.0
2025-04-13 23:35:00+09:00,0.05,0.05,0.05,0.05,14871.0
2025-04-13 23:40:00+09:00,0.0499,0.0502,0.0499,0.0501,24834.0
2025-04-13 23:45:00+09:00,0.0501,0.0502,0.05,0.05,2592.0
2025-04-13 23:50:00+09:00,0.0501,0.0502,0.0501,0.0501,13075.0
2025-04-13 23:55:00+09:00,0.05,0.0502,0.05,0.0502,11648.0
2025-04-14 00:00:00+09:00,0.0501,0.0501,0.0499,0.0499,3204.0
2025-04-14 00:05:00+09:00,0.0499,0.0499,0.0498,0.0498,2335.0
2025-04-14 00:10:00+09:00,0.0497,0.0498,0.0497,0.0498,13398.0
2025-04-14 00:15:00+09:00,0.0498,0.05,0.0498,0.0498,27184.0
2025-04-14 00:20:00+09:00,0.0499,0.0499,0.0498,0.0498,6760.0
2025-04-14 00:25:00+09:00,0.0498,0.05,0.0498,0.0499,8186.0
2025-04-14 00:30:00+09:00,0.0499,0.0499,0.0497,0.0497,38233.0
2025-04-14 00:35:00+09:00,0.0497,0.0499,0.0497,0.0498,50047.0
2025-04-14 00:40:00+09:00,0.0499,0.0499,0.0497,0.0498,8741.0
2025-04-14 00:45:00+09:00,0.0497,0.0497,0.0497,0.0497,159.0
2025-04-14 00:50:00+09:00,0.0498,0.0499,0.0497,0.0497,13490.0
2025-04-14 00:55:00+09:00,0.0497,0.0498,0.0497,0.0498,12565.0
2025-04-14 01:00:00+09:00,0.0497,0.05,0.0497,0.05,8731.0
2025-04-14 01:05:00+09:00,0.0499,0.05,0.0498,0.0498,16747.0
2025-04-14 01:10:00+09:00,0.05,0.05,0.0498,0.0499,10187.0
2025-04-14 01:15:00+09:00,0.0499,0.05,0.0499,0.05,18152.0
2025-04-14 01:20:00+09:00,0.05,0.05,0.05,0.05,13156.0
2025-04-14 01:25:00+09:00,0.0501,0.0502,0.05,0.0502,19457.0
2025-04-14 01:30:00+09:00,0.0501,0.0502,0.0499,0.05,18395.0
2025-04-14 01:35:00+09:00,0.0501,0.0501,0.0501,0.0501,1313.0
2025-04-14 01:40:00+09:00,0.05,0.0501,0.05,0.05,57214.0
2025-04-14 01:45:00+09:00,0.05,0.05,0.0499,0.0499,40724.0
2025-04-14 01:50:00+09:00,0.0498,0.0499,0.0498,0.0499,6972.0
2025-04-14 01:55:00+09:00,0.05,0.05,0.05,0.05,662.0
2025-04-14 02:00:00+09:00,0.05,0.0501,0.05,0.0501,39759.0
2025-04-14 02:05:00+09:00,0.0501,0.0502,0.0501,0.0501,7791.0
2025-04-14 02:10:00+09:00,0.0502,0.0503,0.0501,0.0502,30292.0
2025-04-14 02:15:00+09:00,0.0502,0.0507,0.0502,0.0507,49901.0
2025-04-14 02:20:00+09:00,0.0506,0.0508,0.0506,0.0507,139786.0
2025-04-14 02:25:00+09:00,0.0506,0.0508,0.0506,0.0508,36340.0
2025-04-14 02:30:00+09:00,0.0507,0.0509,0.0507,0.0507,22090.0
2025-04-14 02:35:00+09:00,0.0507,0.0508,0.0507,0.0507,25071.0
2025-04-14 02:40:00+09:00,0.0508,0.051,0.0508,0.0509,26701.0
2025-04-14 02:45:00+09:00,0.051,0.051,0.0509,0.051,45154.0
2025-04-14 02:50:00+09:00,0.0511,0.0512,0.0511,0.0511,23147.0
2025-04-14 02:55:00+09:00,0.0512,0.0512,0.0511,0.0511,26747.0
2025-04-14 03:00:00+09:00,0.051,0.0511,0.051,0.051,7691.0
2025-04-14 03:05:00+09:00,0.051,0.0513,0.051,0.0513,14035.0
2025-04-14 03:10:00+09:00,0.0512,0.0512,0.051,0.051,17832.0
2025-04-14 03:15:00+09:00,0.0509,0.0509,0.0508,0.0508,17679.0
2025-04-14 03:20:00+09:00,0.0508,0.0508,0.0508,0.0508,6810.0
2025-04-14 03:25:00+09:00,0.0508,0.0509,0.0508,0.0509,10975.0
2025-04-14 03:30:00+09:00,0.0508,0.0509,0.0508,0.0509,9060.0
2025-04-14 03:35:00+09:00,0.051,0.0511,0.051,0.0511,106141.0
2025-04-14 03:40:00+09:00,0.0511,0.0511,0.0508,0.0509,182641.0
2025-04-14 03:45:00+09:00,0.051,0.051,0.0508,0.0508,15295.0
2025-04-14 03:50:00+09:00,0.0508,0.0508,0.0506,0.0508,104276.0
2025-04-14 03:55:00+09:00,0.0507,0.0507,0.0507,0.0507,3720.0
2025-04-14 04:00:00+09:00,0.0507,0.0507,0.0504,0.0504,29699.0
2025-04-14 04:05:00+09:00,0.0503,0.0505,0.0502,0.0502,17516.0
2025-04-14 04:10:00+09:00,0.0502,0.0502,0.0502,0.0502,965.0
2025-04-14 04:15:00+09:00,0.0502,0.0503,0.0499,0.0501,29484.0
2025-04-14 04:20:00+09:00,0.0499,0.0499,0.0497,0.0498,41550.0
2025-04-14 04:25:00+09:00,0.0499,0.0499,0.0497,0.0497,5294.0
2025-04-14 04:30:00+09:00,0.0497,0.0498,0.0488,0.049,178374.0
2025-04-14 04:35:00+09:00,0.0491,0.0491,0.0477,0.0478,361968.0
2025-04-14 04:40:00+09:00,0.0478,0.048,0.0472,0.0475,701672.0
2025-04-14 04:45:00+09:00,0.0473,0.0475,0.047,0.0475,273769.0
2025-04-14 04:50:00+09:00,0.0474,0.0475,0.0471,0.0473,61691.0
2025-04-14 04:55:00+09:00,0.0474,0.0474,0.0473,0.0473,47584.0
2025-04-14 05:00:00+09:00,0.0474,0.048,0.0471,0.048,100833.0
2025-04-14 05:05:00+09:00,0.048,0.0482,0.0478,0.048,266930.0
2025-04-14 05:10:00+09:00,0.0481,0.0486,0.0481,0.0484,177435.0
2025-04-14 05:15:00+09:00,0.0484,0.0486,0.0483,0.0484,27637.0
2025-04-14 05:20:00+09:00,0.0484,0.0486,0.0482,0.0484,89173.0
2025-04-14 05:25:00+09:00,0.0484,0.0485,0.0483,0.0484,10386.0
2025-04-14 05:30:00+09:00,0.0483,0.0483,0.0479,0.0482,122756.0
2025-04-14 05:35:00+09:00,0.0481,0.0481,0.0477,0.0477,42971.0
2025-04-14 05:40:00+09:00,0.0477,0.0477,0.0474,0.0476,445951.0
2025-04-14 05:45:00+09:00,0.0475,0.0476,0.0473,0.0476,38696.0
2025-04-14 05:50:00+09:00,0.0476,0.0479,0.0474,0.0475,95196.0
2025-04-14 05:55:00+09:00,0.0475,0.0476,0.0475,0.0475,24602.0
2025-04-14 06:00:00+09:00,0.0475,0.0475,0.0471,0.0471,57289.0
2025-04-14 06:05:00+09:00,0.0471,0.0475,0.0471,0.0474,33331.0
2025-04-14 06:10:00+09:00,0.0475,0.0476,0.0473,0.0475,15236.0
2025-04-14 06:15:00+09:00,0.0475,0.0477,0.0473,0.0477,33022.0
2025-04-14 06:20:00+09:00,0.0477,0.0477,0.0476,0.0477,34780.0
2025-04-14 06:25:00+09:00,0.0476,0.0476,0.0473,0.0474,15787.0
2025-04-14 06:30:00+09:00,0.0475,0.0476,0.0473,0.0475,65626.0
2025-04-14 06:35:00+09:00,0.0474,0.0475,0.0469,0.047,48984.0
2025-04-14 06:40:00+09:00,0.047,0.0474,0.047,0.0474,64114.0
2025-04-14 06:45:00+09:00,0.0473,0.0476,0.0473,0.0476,12057.0
2025-04-14 06:50:00+09:00,0.0475,0.0478,0.0475,0.0477,8439.0
2025-04-14 06:55:00+09:00,0.0477,0.048,0.0477,0.0478,55213.0
2025-04-14 07:00:00+09:00,0.0478,0.048,0.0476,0.0478,71691.0
2025-04-14 07:05:00+09:00,0.0478,0.0479,0.0475,0.0476,6291.0
2025-04-14 07:10:00+09:00,0.0475,0.0476,0.0474,0.0475,4919.0
2025-04-14 07:15:00+09:00,0.0476,0.0476,0.0475,0.0476,5225.0
2025-04-14 07:20:00+09:00,0.0475,0.0478,0.0475,0.0478,38845.0
2025-04-14 07:25:00+09:00,0.0477,0.0478,0.0477,0.0478,9170.0
2025-04-14 07:30:00+09:00,0.0478,0.0479,0.0476,0.0476,15251.0
2025-04-14 07:35:00+09:00,0.0476,0.0477,0.0476,0.0476,4619.0
2025-04-14 07:40:00+09:00,0.0477,0.0477,0.0476,0.0476,1835.0
2025-04-14 07:45:00+09:00,0.0475,0.0476,0.0474,0.0476,5739.0
2025-04-14 07:50:00+09:00,0.0476,0.0477,0.0475,0.0477,11513.0
2025-04-14 07:55:00+09:00,0.0476,0.0477,0.0474,0.0476,31741.0
2025-04-14 08:00:00+09:00,0.0475,0.0476,0.0474,0.0475,38717.0
2025-04-14 08:05:00+09:00,0.0475,0.0477,0.0475,0.0477,17160.0
2025-04-14 08:10:00+09:00,0.0477,0.0479,0.0477,0.0479,12822.0
2025-04-14 08:15:00+09:00,0.0478,0.0479,0.0477,0.0479,26024.0
2025-04-14 08:20:00+09:00,0.0476,0.0478,0.0476,0.0478,5826.0
2025-04-14 08:25:00+09:00,0.0478,0.0479,0.0477,0.0478,2040.0
2025-04-14 08:30:00+09:00,0.0479,0.0479,0.0477,0.0478,6129.0
2025-04-14 08:35:00+09:00,0.0477,0.0478,0.0476,0.0478,12805.0
2025-04-14 08:40:00+09:00,0.0477,0.0478,0.0476,0.0478,8480.0
2025-04-14 08:45:00+09:00,0.0478,0.048,0.0478,0.048,6743.0
2025-04-14 08:50:00+09:00,0.0479,0.0481,0.0479,0.0481,8949.0
2025-04-14 08:55:00+09:00,0.0482,0.0482,0.048,0.0482,8378.0
2025-04-14 09:00:00+09:00,0.0481,0.0483,0.0481,0.0481,27274.0
2025-04-14 09:05:00+09:00,0.0481,0.0483,0.0481,0.0483,79143.0
2025-04-14 09:10:00+09:00,0.0482,0.0483,0.0482,0.0483,31509.0
2025-04-14 09:15:00+09:00,0.0482,0.0484,0.0482,0.0484,38277.0
2025-04-14 09:20:00+09:00,0.0485,0.049,0.0485,0.0489,32499.0
2025-04-14 09:25:00+09:00,0.0488,0.049,0.0488,0.049,25948.0
2025-04-14 09:30:00+09:00,0.0489,0.0489,0.0488,0.0488,24470.0
2025-04-14 09:35:00+09:00,0.0487,0.0488,0.0485,0.0488,60887.0
2025-04-14 09:40:00+09:00,0.0487,0.0489,0.0487,0.0487,50424.0
2025-04-14 09:45:00+09:00,0.0486,0.0486,0.0484,0.0485,34236.0
2025-04-14 09:50:00+09:00,0.0484,0.0485,0.0484,0.0484,34694.0
2025-04-14 09:55:00+09:00,0.0483,0.0483,0.0481,0.0482,58982.0
2025-04-14 10:00:00+09:00,0.0483,0.0484,0.0483,0.0483,96141.0
2025-04-14 10:05:00+09:00,0.0482,0.0483,0.0481,0.0482,42373.0
2025-04-14 10:10:00+09:00,0.0482,0.0482,0.0481,0.0481,32357.0
2025-04-14 10:15:00+09:00,0.0482,0.0484,0.0482,0.0483,46722.0
2025-04-14 10:20:00+09:00,0.0483,0.0483,0.0483,0.0483,2714.0
2025-04-14 10:25:00+09:00,0.0483,0.0483,0.0482,0.0483,10232.0
2025-04-14 10:30:00+09:00,0.0481,0.0483,0.0481,0.0482,46109.0
2025-04-14 10:35:00+09:00,0.0482,0.0482,0.0481,0.0481,17399.0
2025-04-14 10:40:00+09:00,0.0481,0.0481,0.048,0.048,1804.0
2025-04-14 10:45:00+09:00,0.0481,0.0482,0.048,0.048,22816.0
2025-04-14 10:50:00+09:00,0.048,0.048,0.0479,0.0479,10345.0
2025-04-14 10:55:00+09:00,0.0478,0.0479,0.0478,0.0479,4363.0
2025-04-14 11:00:00+09:00,0.048,0.048,0.0479,0.048,26697.0
2025-04-14 11:05:00+09:00,0.048,0.0482,0.048,0.0481,31842.0
2025-04-14 11:10:00+09:00,0.0481,0.0481,0.048,0.048,16739.0
2025-04-14 11:15:00+09:00,0.048,0.0481,0.0479,0.0479,31971.0
2025-04-14 11:20:00+09:00,0.048,0.0483,0.048,0.0483,37551.0
2025-04-14 11:25:00+09:00,0.0483,0.0485,0.0483,0.0485,50592.0
2025-04-14 11:30:00+09:00,0.0485,0.0493,0.0485,0.0491,100922.0
2025-04-14 11:35:00+09:00,0.0491,0.0492,0.0489,0.0489,36007.0
2025-04-14 11:40:00+09:00,0.0488,0.049,0.0488,0.049,14882.0
2025-04-14 11:45:00+09:00,0.049,0.049,0.0489,0.0489,1465.0
2025-04-14 11:50:00+09:00,0.049,0.049,0.0489,0.0489,15375.0
2025-04-14 11:55:00+09:00,0.0488,0.0488,0.0488,0.0488,38249.0
2025-04-14 12:00:00+09:00,0.0487,0.0488,0.0486,0.0487,5361.0
2025-04-14 12:05:00+09:00,0.0487,0.0487,0.0486,0.0486,13633.0
2025-04-14 12:10:00+09:00,0.0486,0.0486,0.0485,0.0486,48683.0
2025-04-14 12:15:00+09:00,0.0485,0.0488,0.0485,0.0488,64550.0
2025-04-14 12:20:00+09:00,0.0486,0.0488,0.0486,0.0486,19899.0
2025-04-14 12:25:00+09:00,0.0487,0.0487,0.0486,0.0486,20900.0
2025-04-14 12:30:00+09:00,0.0486,0.0487,0.0486,0.0486,12587.0
2025-04-14 12:35:00+09:00,0.0487,0.0487,0.0486,0.0486,4342.0
2025-04-14 12:40:00+09:00,0.0485,0.0486,0.0484,0.0486,11293.0
2025-04-14 12:45:00+09:00,0.0485,0.0485,0.0482,0.0484,10991.0
2025-04-14 12:50:00+09:00,0.0482,0.0482,0.0482,0.0482,7078.0
2025-04-14 12:55:00+09:00,0.0482,0.0482,0.0481,0.0481,2258.0
2025-04-14 13:00:00+09:00,0.0481,0.0484,0.0481,0.0484,9475.0
2025-04-14 13:05:00+09:00,0.0483,0.0484,0.0482,0.0482,25935.0
2025-04-14 13:10:00+09:00,0.0482,0.0482,0.0481,0.0481,9947.0
2025-04-14 13:15:00+09:00,0.0481,0.0483,0.0481,0.0483,8741.0
2025-04-14 13:20:00+09:00,0.0483,0.0484,0.0483,0.0484,2043.0
2025-04-14 13:25:00+09:00,0.0482,0.0484,0.0482,0.0484,9378.0
2025-04-14 13:30:00+09:00,0.0484,0.0484,0.0483,0.0483,9507.0
2025-04-14 13:35:00+09:00,0.0484,0.0486,0.0484,0.0485,8261.0
2025-04-14 13:40:00+09:00,0.0486,0.0487,0.0486,0.0486,7397.0
2025-04-14 13:45:00+09:00,0.0487,0.0487,0.0487,0.0487,115.0
2025-04-14 13:50:00+09:00,0.0486,0.0487,0.0486,0.0487,15045.0
2025-04-14 13:55:00+09:00,0.0487,0.0488,0.0487,0.0488,12420.0
2025-04-14 14:00:00+09:00,0.0488,0.0489,0.0487,0.0487,87867.0
2025-04-14 14:05:00+09:00,0.0489,0.0489,0.0487,0.0487,28629.0
2025-04-14 14:10:00+09:00,0.0488,0.0489,0.0488,0.0489,342.0
2025-04-14 14:15:00+09:00,0.0489,0.0489,0.0488,0.0488,2190.0
2025-04-14 14:20:00+09:00,0.0488,0.0488,0.0487,0.0488,53924.0
2025-04-14 14:25:00+09:00,0.0487,0.0489,0.0486,0.0488,12535.0
2025-04-14 14:30:00+09:00,0.0489,0.0489,0.0486,0.0487,39127.0
2025-04-14 14:35:00+09:00,0.0486,0.0486,0.0484,0.0485,50797.0
2025-04-14 14:40:00+09:00,0.0485,0.0486,0.0485,0.0485,19923.0
2025-04-14 14:45:00+09:00,0.0484,0.0485,0.0483,0.0484,42699.0
2025-04-14 14:50:00+09:00,0.0483,0.0485,0.0483,0.0485,43875.0
2025-04-14 14:55:00+09:00,0.0483,0.0485,0.0483,0.0485,13519.0
2025-04-14 15:00:00+09:00,0.0484,0.0486,0.0482,0.0484,11044.0
2025-04-14 15:05:00+09:00,0.0483,0.0484,0.0482,0.0483,901.0
2025-04-14 15:10:00+09:00,0.0483,0.0484,0.0482,0.0483,1217.0
2025-04-14 15:15:00+09:00,0.0484,0.0485,0.0483,0.0485,39270.0
2025-04-14 15:20:00+09:00,0.0486,0.0486,0.0484,0.0485,11125.0
2025-04-14 15:25:00+09:00,0.0484,0.0485,0.0483,0.0484,19750.0
2025-04-14 15:30:00+09:00,0.0482,0.0484,0.0482,0.0484,51798.0
2025-04-14 15:35:00+09:00,0.0483,0.0485,0.0483,0.0485,42706.0
2025-04-14 15:40:00+09:00,0.0485,0.049,0.0483,0.0485,397973.0
2025-04-14 15:45:00+09:00,0.0486,0.0486,0.0486,0.0486,106.0
2025-04-14 15:50:00+09:00,0.0486,0.0486,0.0485,0.0486,33648.0
2025-04-14 15:55:00+09:00,0.0485,0.0486,0.0485,0.0486,44496.0
2025-04-14 16:00:00+09:00,0.0486,0.0486,0.0484,0.0485,21577.0
2025-04-14 16:05:00+09:00,0.0485,0.0488,0.0485,0.0488,58134.0
2025-04-14 16:10:00+09:00,0.0487,0.0487,0.0484,0.0484,55603.0
2025-04-14 16:15:00+09:00,0.0483,0.0486,0.0482,0.0485,104885.0
2025-04-14 16:20:00+09:00,0.0484,0.0486,0.0484,0.0485,66853.0
2025-04-14 16:25:00+09:00,0.0485,0.0486,0.0485,0.0486,4591.0
2025-04-14 16:30:00+09:00,0.0486,0.0487,0.0485,0.0486,54328.0
2025-04-14 16:35:00+09:00,0.0486,0.0488,0.0486,0.0488,36185.0
2025-04-14 16:40:00+09:00,0.0488,0.0488,0.0488,0.0488,609.0
2025-04-14 16:45:00+09:00,0.0488,0.0489,0.0488,0.0488,63028.0
2025-04-14 16:50:00+09:00,0.0486,0.0488,0.0486,0.0488,4758.0
2025-04-14 16:55:00+09:00,0.0488,0.0489,0.0488,0.0489,27383.0
2025-04-14 17:00:00+09:00,0.0489,0.049,0.0489,0.049,22231.0
2025-04-14 17:05:00+09:00,0.0489,0.049,0.0489,0.0489,68934.0
2025-04-14 17:10:00+09:00,0.049,0.049,0.0488,0.0488,19886.0
2025-04-14 17:15:00+09:00,0.0488,0.0488,0.0488,0.0488,37439.0
2025-04-14 17:20:00+09:00,0.0488,0.0489,0.0488,0.0489,130386.0
2025-04-14 17:25:00+09:00,0.0489,0.0491,0.0489,0.049,59761.0
2025-04-14 17:30:00+09:00,0.049,0.0491,0.049,0.0491,63406.0
2025-04-14 17:35:00+09:00,0.049,0.0491,0.049,0.049,25514.0
2025-04-14 17:40:00+09:00,0.049,0.0492,0.049,0.0492,28517.0
2025-04-14 17:45:00+09:00,0.0492,0.0493,0.0491,0.0491,44945.0
2025-04-14 17:50:00+09:00,0.0493,0.0493,0.0493,0.0493,219.0
2025-04-14 17:55:00+09:00,0.0492,0.0492,0.0492,0.0492,20733.0
2025-04-14 18:00:00+09:00,0.0491,0.0491,0.0491,0.0491,12527.0
2025-04-14 18:05:00+09:00,0.0492,0.0494,0.0492,0.0494,47641.0
2025-04-14 18:10:00+09:00,0.0494,0.0495,0.0494,0.0495,29598.0
2025-04-14 18:15:00+09:00,0.0495,0.0495,0.0493,0.0493,30087.0
2025-04-14 18:20:00+09:00,0.0492,0.0492,0.0492,0.0492,12194.0
2025-04-14 18:25:00+09:00,0.0492,0.0492,0.0491,0.0491,12725.0
2025-04-14 18:30:00+09:00,0.0491,0.0491,0.049,0.0491,19672.0
2025-04-14 18:35:00+09:00,0.049,0.049,0.0488,0.0488,23693.0
2025-04-14 18:40:00+09:00,0.0488,0.049,0.0488,0.0489,19687.0
2025-04-14 18:45:00+09:00,0.0489,0.0489,0.0488,0.0488,37410.0
2025-04-14 18:50:00+09:00,0.0489,0.0489,0.0488,0.0488,44051.0
2025-04-14 18:55:00+09:00,0.0488,0.049,0.0488,0.049,56252.0
2025-04-14 19:00:00+09:00,0.049,0.0492,0.049,0.049,31595.0
2025-04-14 19:05:00+09:00,0.0491,0.0492,0.049,0.0492,69244.0
2025-04-14 19:10:00+09:00,0.0493,0.0494,0.0492,0.0492,47711.0
2025-04-14 19:15:00+09:00,0.0493,0.0495,0.0492,0.0495,148944.0
2025-04-14 19:20:00+09:00,0.0496,0.0499,0.0496,0.0498,62250.0
2025-04-14 19:25:00+09:00,0.0497,0.05,0.0497,0.05,152441.0
2025-04-14 19:30:00+09:00,0.05,0.0501,0.05,0.0501,128806.0
2025-04-14 19:35:00+09:00,0.05,0.05,0.0499,0.0499,61680.0
2025-04-14 19:40:00+09:00,0.05,0.0502,0.0499,0.0501,42552.0
2025-04-14 19:45:00+09:00,0.0502,0.0502,0.0501,0.0502,20453.0
2025-04-14 19:50:00+09:00,0.0501,0.0503,0.0501,0.0502,34310.0
2025-04-14 19:55:00+09:00,0.0503,0.0504,0.0501,0.0503,19431.0
2025-04-14 20:00:00+09:00,0.0503,0.0505,0.0503,0.0503,82896.0
2025-04-14 20:05:00+09:00,0.0502,0.0505,0.0502,0.0505,11954.0
2025-04-14 20:10:00+09:00,0.0505,0.0505,0.0503,0.0503,5053.0
2025-04-14 20:15:00+09:00,0.0505,0.0505,0.0505,0.0505,3205.0
2025-04-14 20:20:00+09:00,0.0503,0.0503,0.0502,0.0502,24459.0
2025-04-14 20:25:00+09:00,0.0502,0.0502,0.0501,0.0502,8151.0
2025-04-14 20:30:00+09:00,0.0501,0.0502,0.0501,0.0502,4970.0
2025-04-14 20:35:00+09:00,0.0502,0.0502,0.0501,0.0502,3466.0
2025-04-14 20:40:00+09:00,0.0501,0.0501,0.05,0.05,1451.0
2025-04-14 20:45:00+09:00,0.0501,0.0503,0.0501,0.0503,51187.0
2025-04-14 20:50:00+09:00,0.0503,0.0504,0.0503,0.0504,14147.0
2025-04-14 20:55:00+09:00,0.0503,0.0504,0.0503,0.0503,32274.0
2025-04-14 21:00:00+09:00,0.0504,0.0504,0.0503,0.0503,26388.0
2025-04-14 21:05:00+09:00,0.0502,0.0504,0.0501,0.0504,34854.0
2025-04-14 21:10:00+09:00,0.0504,0.0505,0.0502,0.0502,73121.0
2025-04-14 21:15:00+09:00,0.0502,0.0503,0.0502,0.0503,2304.0
2025-04-14 21:20:00+09:00,0.0503,0.0504,0.0503,0.0504,18816.0
2025-04-14 21:25:00+09:00,0.0503,0.0505,0.0503,0.0505,27473.0
2025-04-14 21:30:00+09:00,0.0504,0.0504,0.0503,0.0504,24000.0
2025-04-14 21:35:00+09:00,0.0504,0.0504,0.0503,0.0503,15954.0
2025-04-14 21:40:00+09:00,0.0504,0.0504,0.0504,0.0504,9322.0
2025-04-14 21:45:00+09:00,0.0504,0.0504,0.0504,0.0504,4629.0
2025-04-14 21:50:00+09:00,0.0504,0.0504,0.0503,0.0503,9806.0
2025-04-14 21:55:00+09:00,0.0503,0.0505,0.0502,0.0504,39021.0
2025-04-14 22:00:00+09:00,0.0504,0.0506,0.0504,0.0506,24874.0
2025-04-14 22:05:00+09:00,0.0505,0.0506,0.0504,0.0504,79794.0
2025-04-14 22:10:00+09:00,0.0503,0.0504,0.0502,0.0503,63522.0
2025-04-14 22:15:00+09:00,0.0503,0.0503,0.0502,0.0503,32290.0
2025-04-14 22:20:00+09:00,0.0503,0.0503,0.05,0.0501,40809.0
2025-04-14 22:25:00+09:00,0.0502,0.0502,0.0501,0.0501,5583.0
2025-04-14 22:30:00+09:00,0.0501,0.0502,0.0497,0.0499,88175.0
2025-04-14 22:35:00+09:00,0.0499,0.0499,0.0496,0.0496,99970.0
2025-04-14 22:40:00+09:00,0.0496,0.0497,0.0493,0.0494,149740.0
2025-04-14 22:45:00+09:00,0.0494,0.0495,0.0491,0.0493,189876.0
2025-04-14 22:50:00+09:00,0.0494,0.0496,0.0492,0.0496,131834.0
2025-04-14 22:55:00+09:00,0.0495,0.0496,0.0493,0.0494,31938.0
2025-04-14 23:00:00+09:00,0.0493,0.0496,0.0493,0.0496,71730.0
2025-04-14 23:05:00+09:00,0.0495,0.0496,0.0494,0.0495,8121.0
2025-04-14 23:10:00+09:00,0.0494,0.0498,0.0494,0.0498,36438.0
2025-04-14 23:15:00+09:00,0.0497,0.0498,0.0496,0.0497,24702.0
2025-04-14 23:20:00+09:00,0.0497,0.0498,0.0497,0.0498,18552.0
2025-04-14 23:25:00+09:00,0.0498,0.0499,0.0497,0.0499,38591.0
2025-04-14 23:30:00+09:00,0.0499,0.0501,0.0498,0.0501,33455.0
2025-04-14 23:35:00+09:00,0.0499,0.0503,0.0499,0.0502,37359.0
2025-04-14 23:40:00+09:00,0.0503,0.0503,0.0501,0.0503,10519.0
2025-04-14 23:45:00+09:00,0.0501,0.0502,0.05,0.0502,92420.0
2025-04-14 23:50:00+09:00,0.0502,0.0504,0.0502,0.0503,45070.0
2025-04-14 23:55:00+09:00,0.0502,0.0502,0.0501,0.0501,38877.0
2025-04-15 00:00:00+09:00,0.0502,0.0502,0.0497,0.0498,178445.0
2025-04-15 00:05:00+09:00,0.0497,0.0499,0.0496,0.0499,187031.0
2025-04-15 00:10:00+09:00,0.0498,0.0498,0.0496,0.0496,186136.0
2025-04-15 00:15:00+09:00,0.0496,0.0498,0.0495,0.0498,87924.0
2025-04-15 00:20:00+09:00,0.0497,0.0498,0.0497,0.0498,16656.0
2025-04-15 00:25:00+09:00,0.0496,0.0497,0.0493,0.0493,36811.0
2025-04-15 00:30:00+09:00,0.0493,0.0495,0.0492,0.0494,82132.0
2025-04-15 00:35:00+09:00,0.0493,0.0494,0.049,0.049,355437.0
2025-04-15 00:40:00+09:00,0.0491,0.0492,0.0489,0.0491,60449.0
2025-04-15 00:45:00+09:00,0.0492,0.0492,0.0488,0.0488,55265.0
2025-04-15 00:50:00+09:00,0.0489,0.049,0.0488,0.0488,59542.0
2025-04-15 00:55:00+09:00,0.0487,0.049,0.0487,0.0489,34492.0
2025-04-15 01:00:00+09:00,0.0488,0.0491,0.0488,0.0491,91970.0
2025-04-15 01:05:00+09:00,0.0491,0.0491,0.0488,0.0488,45075.0
2025-04-15 01:10:00+09:00,0.0488,0.049,0.0487,0.049,68592.0
2025-04-15 01:15:00+09:00,0.049,0.0491,0.049,0.0491,34800.0
2025-04-15 01:20:00+09:00,0.0492,0.0493,0.0489,0.049,16383.0
2025-04-15 01:25:00+09:00,0.049,0.049,0.0488,0.0488,33090.0
2025-04-15 01:30:00+09:00,0.0488,0.049,0.0488,0.049,60112.0
2025-04-15 01:35:00+09:00,0.049,0.0491,0.049,0.0491,24943.0
2025-04-15 01:40:00+09:00,0.049,0.0492,0.049,0.0492,36684.0
2025-04-15 01:45:00+09:00,0.0493,0.0493,0.0493,0.0493,8546.0
2025-04-15 01:50:00+09:00,0.0492,0.0494,0.0492,0.0493,124631.0
2025-04-15 01:55:00+09:00,0.0492,0.0493,0.049,0.049,66263.0
2025-04-15 02:00:00+09:00,0.0491,0.0494,0.0491,0.0494,115601.0
2025-04-15 02:05:00+09:00,0.0494,0.0495,0.0494,0.0494,42580.0
2025-04-15 02:10:00+09:00,0.0493,0.0495,0.0493,0.0494,39591.0
2025-04-15 02:15:00+09:00,0.0494,0.0494,0.0493,0.0494,46552.0
2025-04-15 02:20:00+09:00,0.0495,0.0497,0.0495,0.0497,32657.0
2025-04-15 02:25:00+09:00,0.0498,0.0498,0.0497,0.0498,224611.0
2025-04-15 02:30:00+09:00,0.0498,0.0499,0.0496,0.0496,99574.0
2025-04-15 02:35:00+09:00,0.0495,0.0497,0.0495,0.0497,52815.0
2025-04-15 02:40:00+09:00,0.0496,0.0496,0.0496,0.0496,27796.0
2025-04-15 02:45:00+09:00,0.0496,0.0496,0.0495,0.0495,35185.0
2025-04-15 02:50:00+09:00,0.0496,0.0499,0.0496,0.0498,69917.0
2025-04-15 02:55:00+09:00,0.0497,0.0498,0.0497,0.0498,6535.0
2025-04-15 03:00:00+09:00,0.0498,0.0499,0.0498,0.0498,52112.0
2025-04-15 03:05:00+09:00,0.0499,0.05,0.0497,0.0499,55875.0
2025-04-15 03:10:00+09:00,0.0498,0.0499,0.0498,0.0498,7361.0
2025-04-15 03:15:00+09:00,0.0498,0.0499,0.0498,0.0498,51574.0
2025-04-15 03:20:00+09:00,0.0499,0.0499,0.0498,0.0498,10223.0
2025-04-15 03:25:00+09:00,0.0499,0.0499,0.0498,0.0498,46118.0
2025-04-15 03:30:00+09:00,0.0498,0.0499,0.0497,0.0499,11850.0
2025-04-15 03:35:00+09:00,0.0498,0.0499,0.0498,0.0499,10780.0
2025-04-15 03:40:00+09:00,0.0499,0.05,0.0499,0.05,26098.0
2025-04-15 03:45:00+09:00,0.0499,0.0499,0.0496,0.0498,107592.0
2025-04-15 03:50:00+09:00,0.0497,0.0499,0.0497,0.0499,275232.0
2025-04-15 03:55:00+09:00,0.0498,0.0499,0.0498,0.0498,14859.0
2025-04-15 04:00:00+09:00,0.0498,0.0499,0.0498,0.0499,27593.0
2025-04-15 04:05:00+09:00,0.0498,0.0499,0.0498,0.0499,29247.0
2025-04-15 04:10:00+09:00,0.05,0.05,0.0499,0.0499,12424.0
2025-04-15 04:15:00+09:00,0.0499,0.0499,0.0497,0.0497,21592.0
2025-04-15 04:20:00+09:00,0.0498,0.0499,0.0498,0.0498,50009.0
2025-04-15 04:25:00+09:00,0.0498,0.0498,0.0498,0.0498,3618.0
2025-04-15 04:30:00+09:00,0.0497,0.0497,0.0496,0.0497,49784.0
2025-04-15 04:35:00+09:00,0.0497,0.0498,0.0497,0.0498,39935.0
2025-04-15 04:40:00+09:00,0.0499,0.05,0.0499,0.0499,6507.0
2025-04-15 04:45:00+09:00,0.0498,0.0499,0.0498,0.0498,43669.0
2025-04-15 04:50:00+09:00,0.0498,0.0499,0.0497,0.0497,43381.0
2025-04-15 04:55:00+09:00,0.0497,0.0497,0.0497,0.0497,10593.0
2025-04-15 05:00:00+09:00,0.0498,0.0498,0.0497,0.0497,8110.0
2025-04-15 05:05:00+09:00,0.0496,0.0498,0.0496,0.0498,31148.0
2025-04-15 05:10:00+09:00,0.0498,0.0499,0.0497,0.0499,12034.0
2025-04-15 05:15:00+09:00,0.0498,0.0498,0.0496,0.0497,8850.0
2025-04-15 05:20:00+09:00,0.0497,0.0497,0.0497,0.0497,20972.0
2025-04-15 05:25:00+09:00,0.0496,0.0496,0.0495,0.0495,17230.0
2025-04-15 05:30:00+09:00,0.0495,0.0496,0.0495,0.0496,18684.0
2025-04-15 05:35:00+09:00,0.0496,0.0496,0.0495,0.0495,33634.0
2025-04-15 05:40:00+09:00,0.0497,0.0498,0.0497,0.0497,134520.0
2025-04-15 05:45:00+09:00,0.0498,0.0501,0.0498,0.05,86708.0
2025-04-15 05:50:00+09:00,0.05,0.05,0.05,0.05,2606.0
2025-04-15 05:55:00+09:00,0.05,0.0501,0.0499,0.0501,65717.0
2025-04-15 06:00:00+09:00,0.05,0.05,0.0499,0.0499,101924.0
2025-04-15 06:05:00+09:00,0.0499,0.05,0.0498,0.0498,38024.0
2025-04-15 06:10:00+09:00,0.05,0.05,0.0499,0.05,7214.0
2025-04-15 06:15:00+09:00,0.05,0.0501,0.0499,0.05,23218.0
2025-04-15 06:20:00+09:00,0.0499,0.0499,0.0498,0.0498,18767.0
2025-04-15 06:25:00+09:00,0.0498,0.0498,0.0498,0.0498,0.0
2025-04-15 06:30:00+09:00,0.0499,0.0499,0.0496,0.0497,7507.0
2025-04-15 06:35:00+09:00,0.0497,0.0498,0.0495,0.0497,75828.0
2025-04-15 06:40:00+09:00,0.0496,0.0497,0.0496,0.0497,27697.0
2025-04-15 06:45:00+09:00,0.0497,0.0499,0.0497,0.0499,71953.0
2025-04-15 06:50:00+09:00,0.0499,0.0501,0.0499,0.0501,12712.0
2025-04-15 06:55:00+09:00,0.05,0.0501,0.0499,0.0501,16410.0
2025-04-15 07:00:00+09:00,0.0501,0.0502,0.0499,0.05,59901.0
2025-04-15 07:05:00+09:00,0.05,0.0501,0.0499,0.05,28900.0
2025-04-15 07:10:00+09:00,0.05,0.0501,0.05,0.05,19536.0
2025-04-15 07:15:00+09:00,0.0499,0.0501,0.0499,0.0501,4030.0
2025-04-15 07:20:00+09:00,0.05,0.0502,0.05,0.0502,123644.0
2025-04-15 07:25:00+09:00,0.0503,0.0503,0.0501,0.0503,5421.0
2025-04-15 07:30:00+09:00,0.0501,0.0503,0.0501,0.0503,16132.0
2025-04-15 07:35:00+09:00,0.0501,0.0503,0.0501,0.0503,34714.0
2025-04-15 07:40:00+09:00,0.0502,0.0504,0.0502,0.0504,14983.0
2025-04-15 07:45:00+09:00,0.0503,0.0504,0.0503,0.0503,8108.0
2025-04-15 07:50:00+09:00,0.0501,0.0502,0.05,0.05,85640.0
2025-04-15 07:55:00+09:00,0.0499,0.05,0.0497,0.0499,172528.0
2025-04-15 08:00:00+09:00,0.0498,0.0499,0.0497,0.0499,23711.0
2025-04-15 08:05:00+09:00,0.0498,0.0498,0.0496,0.0497,1099.0
2025-04-15 08:10:00+09:00,0.0498,0.0498,0.0498,0.0498,2811.0
2025-04-15 08:15:00+09:00,0.0498,0.0499,0.0498,0.0499,16025.0
2025-04-15 08:20:00+09:00,0.0499,0.05,0.0499,0.05,1842.0
2025-04-15 08:25:00+09:00,0.0499,0.05,0.0498,0.05,15828.0
2025-04-15 08:30:00+09:00,0.0498,0.05,0.0498,0.05,1612.0
2025-04-15 08:35:00+09:00,0.05,0.05,0.05,0.05,1000.0
2025-04-15 08:40:00+09:00,0.0498,0.0498,0.0497,0.0497,34199.0
2025-04-15 08:45:00+09:00,0.0497,0.0498,0.0497,0.0498,17751.0
2025-04-15 08:50:00+09:00,0.0497,0.0498,0.0496,0.0498,16802.0
2025-04-15 08:55:00+09:00,0.0496,0.0497,0.0495,0.0497,11239.0
2025-04-15 09:00:00+09:00,0.0496,0.0497,0.0494,0.0495,57552.0
2025-04-15 09:05:00+09:00,0.0495,0.0496,0.0495,0.0495,33784.0
2025-04-15 09:10:00+09:00,0.0495,0.0496,0.0494,0.0494,29797.0
2025-04-15 09:15:00+09:00,0.0493,0.0493,0.0492,0.0493,79619.0
2025-04-15 09:20:00+09:00,0.0492,0.0493,0.0492,0.0493,18502.0
2025-04-15 09:25:00+09:00,0.0493,0.0494,0.0493,0.0494,66537.0
2025-04-15 09:30:00+09:00,0.0494,0.0496,0.0494,0.0496,13343.0
2025-04-15 09:35:00+09:00,0.0495,0.0497,0.0495,0.0497,20697.0
2025-04-15 09:40:00+09:00,0.0496,0.0496,0.0496,0.0496,2222.0
2025-04-15 09:45:00+09:00,0.0496,0.0496,0.0495,0.0496,13400.0
2025-04-15 09:50:00+09:00,0.0495,0.0495,0.0495,0.0495,27585.0
2025-04-15 09:55:00+09:00,0.0495,0.0495,0.0493,0.0493,32734.0
2025-04-15 10:00:00+09:00,0.0493,0.0494,0.0491,0.0492,13905.0
2025-04-15 10:05:00+09:00,0.0492,0.0492,0.049,0.049,38308.0
2025-04-15 10:10:00+09:00,0.049,0.0492,0.049,0.0491,71052.0
2025-04-15 10:15:00+09:00,0.0491,0.0492,0.049,0.049,36002.0
2025-04-15 10:20:00+09:00,0.0491,0.0493,0.0491,0.0493,60098.0
2025-04-15 10:25:00+09:00,0.0493,0.0495,0.0491,0.0494,355010.0
2025-04-15 10:30:00+09:00,0.0494,0.0495,0.0494,0.0495,44605.0
2025-04-15 10:35:00+09:00,0.0494,0.0495,0.0494,0.0494,49939.0
2025-04-15 10:40:00+09:00,0.0494,0.0495,0.0494,0.0494,16468.0
2025-04-15 10:45:00+09:00,0.0494,0.0497,0.0494,0.0497,60692.0
2025-04-15 10:50:00+09:00,0.0496,0.05,0.0495,0.0499,86086.0
2025-04-15 10:55:00+09:00,0.0499,0.0499,0.0498,0.0498,12330.0
2025-04-15 11:00:00+09:00,0.0498,0.0499,0.0496,0.0499,21957.0
2025-04-15 11:05:00+09:00,0.0498,0.0499,0.0498,0.0499,25073.0
2025-04-15 11:10:00+09:00,0.0499,0.0499,0.0499,0.0499,17759.0
2025-04-15 11:15:00+09:00,0.0499,0.05,0.0498,0.0498,16699.0
2025-04-15 11:20:00+09:00,0.0498,0.0498,0.0496,0.0496,37075.0
2025-04-15 11:25:00+09:00,0.0496,0.0496,0.0494,0.0495,102160.0
2025-04-15 11:30:00+09:00,0.0494,0.0494,0.0493,0.0494,34600.0
2025-04-15 11:35:00+09:00,0.0493,0.0494,0.0491,0.0492,80793.0
2025-04-15 11:40:00+09:00,0.0493,0.0495,0.0493,0.0495,39080.0
2025-04-15 11:45:00+09:00,0.0493,0.0494,0.0493,0.0494,8442.0
2025-04-15 11:50:00+09:00,0.0494,0.0496,0.0494,0.0496,25778.0
2025-04-15 11:55:00+09:00,0.0495,0.0497,0.0495,0.0496,45777.0
2025-04-15 12:00:00+09:00,0.0497,0.0497,0.0495,0.0496,60340.0
2025-04-15 12:05:00+09:00,0.0496,0.0497,0.0496,0.0497,25816.0
2025-04-15 12:10:00+09:00,0.0497,0.0497,0.0495,0.0497,35061.0
2025-04-15 12:15:00+09:00,0.0496,0.0497,0.0496,0.0496,27367.0
2025-04-15 12:20:00+09:00,0.0496,0.0498,0.0496,0.0497,85253.0
2025-04-15 12:25:00+09:00,0.0497,0.0498,0.0496,0.0497,9017.0
2025-04-15 12:30:00+09:00,0.0497,0.0498,0.0497,0.0498,87614.0
2025-04-15 12:35:00+09:00,0.0499,0.0499,0.0499,0.0499,4557.0
2025-04-15 12:40:00+09:00,0.0499,0.0499,0.0497,0.0499,58182.0
2025-04-15 12:45:00+09:00,0.0498,0.05,0.0497,0.0498,84287.0
2025-04-15 12:50:00+09:00,0.0498,0.0498,0.0498,0.0498,1618.0
2025-04-15 12:55:00+09:00,0.0498,0.0499,0.0498,0.0499,15502.0
2025-04-15 13:00:00+09:00,0.0498,0.0499,0.0497,0.0497,42553.0
2025-04-15 13:05:00+09:00,0.0498,0.0498,0.0498,0.0498,326.0
2025-04-15 13:10:00+09:00,0.0498,0.0498,0.0497,0.0498,3355.0
2025-04-15 13:15:00+09:00,0.0498,0.0498,0.0497,0.0497,24547.0
2025-04-15 13:20:00+09:00,0.0497,0.0497,0.0496,0.0496,29956.0
2025-04-15 13:25:00+09:00,0.0496,0.0496,0.0496,0.0496,0.0
2025-04-15 13:30:00+09:00,0.0495,0.0497,0.0494,0.0496,95481.0
2025-04-15 13:35:00+09:00,0.0496,0.0497,0.0495,0.0495,42516.0
2025-04-15 13:40:00+09:00,0.0496,0.0498,0.0496,0.0498,44105.0
2025-04-15 13:45:00+09:00,0.0497,0.0498,0.0496,0.0496,12319.0
2025-04-15 13:50:00+09:00,0.0497,0.0499,0.0497,0.0498,52403.0
2025-04-15 13:55:00+09:00,0.0498,0.0499,0.0497,0.0497,66045.0
2025-04-15 14:00:00+09:00,0.0498,0.0499,0.0498,0.0499,39693.0
2025-04-15 14:05:00+09:00,0.0499,0.05,0.0498,0.0499,35902.0
2025-04-15 14:10:00+09:00,0.0499,0.0499,0.0498,0.0498,620.0
2025-04-15 14:15:00+09:00,0.0498,0.0499,0.0497,0.0498,23070.0
2025-04-15 14:20:00+09:00,0.0498,0.05,0.0498,0.0498,106208.0
2025-04-15 14:25:00+09:00,0.0498,0.05,0.0498,0.0499,74071.0
2025-04-15 14:30:00+09:00,0.0498,0.0499,0.0497,0.0498,34005.0
2025-04-15 14:35:00+09:00,0.0498,0.0501,0.0498,0.0501,30686.0
2025-04-15 14:40:00+09:00,0.05,0.05,0.0499,0.05,17552.0
2025-04-15 14:45:00+09:00,0.05,0.05,0.0499,0.05,38823.0
2025-04-15 14:50:00+09:00,0.0499,0.0501,0.0499,0.0501,56859.0
2025-04-15 14:55:00+09:00,0.05,0.0501,0.0499,0.05,30392.0
2025-04-15 15:00:00+09:00,0.0499,0.05,0.0498,0.0498,26698.0
2025-04-15 15:05:00+09:00,0.0498,0.05,0.0498,0.0498,35417.0
2025-04-15 15:10:00+09:00,0.0498,0.0499,0.0498,0.0499,12431.0
2025-04-15 15:15:00+09:00,0.0498,0.05,0.0498,0.0499,38316.0
2025-04-15 15:20:00+09:00,0.05,0.05,0.0499,0.0499,13330.0
2025-04-15 15:25:00+09:00,0.05,0.05,0.0498,0.05,11075.0
2025-04-15 15:30:00+09:00,0.0499,0.05,0.0499,0.0499,13720.0
2025-04-15 15:35:00+09:00,0.05,0.05,0.0498,0.0499,7824.0
2025-04-15 15:40:00+09:00,0.05,0.05,0.0499,0.05,27335.0
2025-04-15 15:45:00+09:00,0.05,0.0502,0.05,0.0502,141704.0
2025-04-15 15:50:00+09:00,0.0501,0.0502,0.05,0.05,54982.0
2025-04-15 15:55:00+09:00,0.0501,0.0502,0.05,0.0501,59721.0
2025-04-15 16:00:00+09:00,0.0501,0.0504,0.05,0.0504,177930.0
2025-04-15 16:05:00+09:00,0.0503,0.0504,0.0501,0.0504,95154.0
2025-04-15 16:10:00+09:00,0.0504,0.0504,0.0502,0.0503,36595.0
2025-04-15 16:15:00+09:00,0.0504,0.0505,0.0504,0.0505,61103.0
2025-04-15 16:20:00+09:00,0.0505,0.0507,0.0505,0.0506,84680.0
2025-04-15 16:25:00+09:00,0.0506,0.0507,0.0505,0.0506,30630.0
2025-04-15 16:30:00+09:00,0.0507,0.0507,0.0506,0.0507,2257.0
2025-04-15 16:35:00+09:00,0.0506,0.0507,0.0504,0.0506,58498.0
2025-04-15 16:40:00+09:00,0.0505,0.0506,0.0505,0.0506,924.0
2025-04-15 16:45:00+09:00,0.0505,0.0506,0.0504,0.0505,13075.0
2025-04-15 16:50:00+09:00,0.0505,0.0506,0.0505,0.0506,21065.0
2025-04-15 16:55:00+09:00,0.0506,0.0506,0.0505,0.0506,27923.0
2025-04-15 17:00:00+09:00,0.0505,0.0506,0.0505,0.0506,7898.0
2025-04-15 17:05:00+09:00,0.0505,0.0505,0.0504,0.0504,67339.0
2025-04-15 17:10:00+09:00,0.0504,0.0506,0.0504,0.0506,19160.0
2025-04-15 17:15:00+09:00,0.0505,0.0505,0.0505,0.0505,217.0
2025-04-15 17:20:00+09:00,0.0506,0.0506,0.0504,0.0504,1676.0
2025-04-15 17:25:00+09:00,0.0504,0.0504,0.0504,0.0504,13292.0
2025-04-15 17:30:00+09:00,0.0505,0.0505,0.0502,0.0502,57377.0
2025-04-15 17:35:00+09:00,0.0504,0.0504,0.0503,0.0504,4163.0
2025-04-15 17:40:00+09:00,0.0505,0.0505,0.0504,0.0505,154277.0
2025-04-15 17:45:00+09:00,0.0506,0.0507,0.0505,0.0506,54023.0
2025-04-15 17:50:00+09:00,0.0505,0.0505,0.0502,0.0504,154935.0
2025-04-15 17:55:00+09:00,0.0503,0.0503,0.0502,0.0502,10787.0
2025-04-15 18:00:00+09:00,0.0503,0.0503,0.0501,0.0502,22863.0
2025-04-15 18:05:00+09:00,0.0503,0.0506,0.0503,0.0506,50079.0
2025-04-15 18:10:00+09:00,0.0507,0.0507,0.0507,0.0507,544.0
2025-04-15 18:15:00+09:00,0.0507,0.0507,0.0506,0.0506,15604.0
2025-04-15 18:20:00+09:00,0.0506,0.0508,0.0506,0.0506,22787.0
2025-04-15 18:25:00+09:00,0.0506,0.0507,0.0506,0.0507,28889.0
2025-04-15 18:30:00+09:00,0.0507,0.0507,0.0505,0.0505,2574.0
2025-04-15 18:35:00+09:00,0.0505,0.0505,0.0504,0.0504,77654.0
2025-04-15 18:40:00+09:00,0.0505,0.0505,0.0504,0.0504,11920.0
2025-04-15 18:45:00+09:00,0.0504,0.0506,0.0504,0.0506,10929.0
2025-04-15 18:50:00+09:00,0.0505,0.0505,0.0505,0.0505,1405.0
2025-04-15 18:55:00+09:00,0.0506,0.0508,0.0506,0.0506,31213.0
2025-04-15 19:00:00+09:00,0.0506,0.0508,0.0506,0.0507,23605.0
2025-04-15 19:05:00+09:00,0.0506,0.0506,0.0505,0.0506,11322.0
2025-04-15 19:10:00+09:00,0.0506,0.0506,0.0505,0.0505,11170.0
2025-04-15 19:15:00+09:00,0.0504,0.0504,0.0503,0.0504,135336.0
2025-04-15 19:20:00+09:00,0.0504,0.0504,0.0502,0.0502,13796.0
2025-04-15 19:25:00+09:00,0.0503,0.0505,0.0503,0.0505,15389.0
2025-04-15 19:30:00+09:00,0.0504,0.0504,0.0502,0.0502,92859.0
2025-04-15 19:35:00+09:00,0.0501,0.0502,0.0501,0.0502,10966.0
2025-04-15 19:40:00+09:00,0.0501,0.0502,0.0501,0.0502,10226.0
2025-04-15 19:45:00+09:00,0.0501,0.0501,0.05,0.05,66264.0
2025-04-15 19:50:00+09:00,0.05,0.0502,0.05,0.0502,1804.0
2025-04-15 19:55:00+09:00,0.0501,0.0501,0.05,0.05,28756.0
2025-04-15 20:00:00+09:00,0.0501,0.0502,0.05,0.0502,11550.0
2025-04-15 20:05:00+09:00,0.0501,0.0501,0.0501,0.0501,88743.0
2025-04-15 20:10:00+09:00,0.0501,0.0502,0.0501,0.0501,10878.0
2025-04-15 20:15:00+09:00,0.05,0.0501,0.0498,0.05,70912.0
2025-04-15 20:20:00+09:00,0.05,0.05,0.05,0.05,0.0
2025-04-15 20:25:00+09:00,0.05,0.05,0.0499,0.0499,1230.0
2025-04-15 20:30:00+09:00,0.05,0.0501,0.05,0.0501,3873.0
2025-04-15 20:35:00+09:00,0.05,0.0501,0.0499,0.0499,43900.0
2025-04-15 20:40:00+09:00,0.05,0.0501,0.05,0.0501,17071.0
2025-04-15 20:45:00+09:00,0.0501,0.0501,0.0501,0.0501,0.0
2025-04-15 20:50:00+09:00,0.05,0.0501,0.05,0.05,17983.0
2025-04-15 20:55:00+09:00,0.05,0.0501,0.05,0.0501,16682.0
2025-04-15 21:00:00+09:00,0.0501,0.0502,0.0501,0.0502,5452.0
2025-04-15 21:05:00+09:00,0.0502,0.0503,0.0502,0.0503,12420.0
2025-04-15 21:10:00+09:00,0.0502,0.0502,0.05,0.05,40252.0
2025-04-15 21:15:00+09:00,0.0501,0.0501,0.0501,0.0501,1093.0
2025-04-15 21:20:00+09:00,0.0501,0.0501,0.0498,0.0498,41237.0
2025-04-15 21:25:00+09:00,0.0499,0.0499,0.0499,0.0499,8421.0
2025-04-15 21:30:00+09:00,0.0499,0.0499,0.0499,0.0499,7602.0
2025-04-15 21:35:00+09:00,0.05,0.0501,0.05,0.05,4523.0
2025-04-15 21:40:00+09:00,0.0501,0.0501,0.0498,0.0499,45313.0
2025-04-15 21:45:00+09:00,0.0499,0.0499,0.0499,0.0499,14726.0
2025-04-15 21:50:00+09:00,0.05,0.0501,0.0499,0.0501,21304.0
2025-04-15 21:55:00+09:00,0.0501,0.0501,0.05,0.05,9156.0
2025-04-15 22:00:00+09:00,0.0501,0.0502,0.0501,0.0502,23604.0
2025-04-15 22:05:00+09:00,0.0502,0.0502,0.0502,0.0502,4425.0
2025-04-15 22:10:00+09:00,0.0501,0.0503,0.0501,0.0502,2373.0
2025-04-15 22:15:00+09:00,0.0502,0.0502,0.0501,0.0501,868.0
2025-04-15 22:20:00+09:00,0.0502,0.0502,0.0501,0.0501,13073.0
2025-04-15 22:25:00+09:00,0.0502,0.0502,0.0501,0.0502,23185.0
2025-04-15 22:30:00+09:00,0.0503,0.0503,0.0501,0.0502,41245.0
2025-04-15 22:35:00+09:00,0.0503,0.0505,0.0501,0.0505,8007.0
2025-04-15 22:40:00+09:00,0.0504,0.0505,0.0503,0.0504,32023.0
2025-04-15 22:45:00+09:00,0.0504,0.0508,0.0503,0.0508,54550.0
2025-04-15 22:50:00+09:00,0.0507,0.0508,0.0502,0.0503,67168.0
2025-04-15 22:55:00+09:00,0.0502,0.0503,0.0499,0.0501,59009.0
2025-04-15 23:00:00+09:00,0.0501,0.0502,0.0499,0.0501,39777.0
2025-04-15 23:05:00+09:00,0.05,0.0503,0.05,0.0503,2635.0
2025-04-15 23:10:00+09:00,0.0503,0.0504,0.0502,0.0504,39473.0
2025-04-15 23:15:00+09:00,0.0503,0.0504,0.0494,0.0494,139918.0
2025-04-15 23:20:00+09:00,0.0493,0.0496,0.0492,0.0496,75180.0
2025-04-15 23:25:00+09:00,0.0495,0.0496,0.0493,0.0495,227417.0
2025-04-15 23:30:00+09:00,0.0493,0.0495,0.0493,0.0495,15103.0
2025-04-15 23:35:00+09:00,0.0494,0.0495,0.0494,0.0495,44791.0
2025-04-15 23:40:00+09:00,0.0495,0.05,0.0495,0.05,20978.0
2025-04-15 23:45:00+09:00,0.0499,0.05,0.0496,0.0497,119246.0
2025-04-15 23:50:00+09:00,0.0498,0.0498,0.0496,0.0498,64625.0
2025-04-15 23:55:00+09:00,0.0498,0.0498,0.0496,0.0498,92730.0
2025-04-16 00:00:00+09:00,0.0498,0.0501,0.0498,0.0501,21864.0
2025-04-16 00:05:00+09:00,0.0501,0.0502,0.0499,0.05,83589.0
2025-04-16 00:10:00+09:00,0.0501,0.0502,0.0501,0.0502,23643.0
2025-04-16 00:15:00+09:00,0.0501,0.0503,0.0501,0.0503,16843.0
2025-04-16 00:20:00+09:00,0.0503,0.0503,0.0501,0.0503,15699.0
2025-04-16 00:25:00+09:00,0.0502,0.0503,0.0501,0.0502,69268.0
2025-04-16 00:30:00+09:00,0.0501,0.0505,0.05,0.0505,317706.0
2025-04-16 00:35:00+09:00,0.0504,0.0504,0.0501,0.0502,107529.0
2025-04-16 00:40:00+09:00,0.0502,0.0503,0.0502,0.0503,4820.0
2025-04-16 00:45:00+09:00,0.0501,0.0501,0.0499,0.0501,18522.0
2025-04-16 00:50:00+09:00,0.0499,0.05,0.0498,0.05,20169.0
2025-04-16 00:55:00+09:00,0.05,0.0501,0.0499,0.0501,55958.0
2025-04-16 01:00:00+09:00,0.0501,0.0501,0.0498,0.05,231606.0
2025-04-16 01:05:00+09:00,0.05,0.05,0.0498,0.05,59778.0
2025-04-16 01:10:00+09:00,0.05,0.05,0.0498,0.0498,13804.0
2025-04-16 01:15:00+09:00,0.0498,0.0498,0.0497,0.0497,34199.0
2025-04-16 01:20:00+09:00,0.0497,0.0498,0.0497,0.0498,15538.0
2025-04-16 01:25:00+09:00,0.0498,0.0501,0.0498,0.0501,117201.0
2025-04-16 01:30:00+09:00,0.0501,0.0501,0.0499,0.05,16550.0
2025-04-16 01:35:00+09:00,0.0501,0.0501,0.0498,0.05,55275.0
2025-04-16 01:40:00+09:00,0.05,0.05,0.0499,0.05,4395.0
2025-04-16 01:45:00+09:00,0.05,0.05,0.0498,0.0498,35303.0
2025-04-16 01:50:00+09:00,0.0499,0.05,0.0499,0.0499,2729.0
2025-04-16 01:55:00+09:00,0.0499,0.0499,0.0495,0.0497,45679.0
2025-04-16 02:00:00+09:00,0.0495,0.0496,0.0495,0.0496,82352.0
2025-04-16 02:05:00+09:00,0.0496,0.0497,0.0495,0.0497,46828.0
2025-04-16 02:10:00+09:00,0.0497,0.0498,0.0497,0.0498,4532.0
2025-04-16 02:15:00+09:00,0.0498,0.0498,0.0495,0.0496,45852.0
2025-04-16 02:20:00+09:00,0.0495,0.0496,0.0493,0.0493,38630.0
2025-04-16 02:25:00+09:00,0.0492,0.0494,0.0492,0.0492,32458.0
2025-04-16 02:30:00+09:00,0.0492,0.0493,0.0492,0.0492,8342.0
2025-04-16 02:35:00+09:00,0.0493,0.0496,0.0493,0.0495,80725.0
2025-04-16 02:40:00+09:00,0.0496,0.0496,0.0495,0.0495,4803.0
2025-04-16 02:45:00+09:00,0.0495,0.0495,0.0494,0.0494,10581.0
2025-04-16 02:50:00+09:00,0.0494,0.0495,0.0491,0.0491,33701.0
2025-04-16 02:55:00+09:00,0.0491,0.0494,0.0491,0.0494,46331.0
2025-04-16 03:00:00+09:00,0.0492,0.0495,0.0492,0.0495,7632.0
2025-04-16 03:05:00+09:00,0.0494,0.0494,0.0493,0.0494,41310.0
2025-04-16 03:10:00+09:00,0.0494,0.0495,0.0493,0.0493,33006.0
2025-04-16 03:15:00+09:00,0.0492,0.0492,0.0488,0.0491,244660.0
2025-04-16 03:20:00+09:00,0.049,0.0491,0.0489,0.049,26225.0
2025-04-16 03:25:00+09:00,0.049,0.0491,0.049,0.049,6355.0
2025-04-16 03:30:00+09:00,0.0491,0.0491,0.0489,0.049,7599.0
2025-04-16 03:35:00+09:00,0.0491,0.0491,0.049,0.049,1282.0
2025-04-16 03:40:00+09:00,0.049,0.0493,0.049,0.0493,16754.0
2025-04-16 03:45:00+09:00,0.0493,0.0493,0.0491,0.0492,53918.0
2025-04-16 03:50:00+09:00,0.0492,0.0492,0.049,0.049,14522.0
2025-04-16 03:55:00+09:00,0.0491,0.0491,0.049,0.049,7858.0
2025-04-16 04:00:00+09:00,0.049,0.049,0.0488,0.0489,10765.0
2025-04-16 04:05:00+09:00,0.0489,0.0491,0.0489,0.0491,39088.0
2025-04-16 04:10:00+09:00,0.0491,0.0491,0.0491,0.0491,14574.0
2025-04-16 04:15:00+09:00,0.0491,0.0491,0.0491,0.0491,451.0
2025-04-16 04:20:00+09:00,0.049,0.049,0.0488,0.0488,41785.0
2025-04-16 04:25:00+09:00,0.0488,0.0488,0.0485,0.0486,88636.0
2025-04-16 04:30:00+09:00,0.0487,0.0487,0.0485,0.0485,15921.0
2025-04-16 04:35:00+09:00,0.0486,0.0486,0.0484,0.0485,19398.0
2025-04-16 04:40:00+09:00,0.0486,0.0487,0.0486,0.0486,29070.0
2025-04-16 04:45:00+09:00,0.0486,0.0486,0.0485,0.0485,1421.0
2025-04-16 04:50:00+09:00,0.0486,0.0487,0.0485,0.0486,27331.0
2025-04-16 04:55:00+09:00,0.0486,0.0487,0.0486,0.0486,17227.0
2025-04-16 05:00:00+09:00,0.0487,0.0487,0.0487,0.0487,25585.0
2025-04-16 05:05:00+09:00,0.0487,0.0488,0.0487,0.0487,25951.0
2025-04-16 05:10:00+09:00,0.0487,0.0489,0.0487,0.0489,35278.0
2025-04-16 05:15:00+09:00,0.0489,0.0491,0.0489,0.049,4399.0
2025-04-16 05:20:00+09:00,0.049,0.0491,0.049,0.049,25784.0
2025-04-16 05:25:00+09:00,0.049,0.049,0.0488,0.0488,19395.0
2025-04-16 05:30:00+09:00,0.0488,0.0489,0.0488,0.0488,4173.0
2025-04-16 05:35:00+09:00,0.0487,0.0489,0.0487,0.0488,2687.0
2025-04-16 05:40:00+09:00,0.0488,0.0489,0.0487,0.0489,53059.0
2025-04-16 05:45:00+09:00,0.0487,0.0487,0.0485,0.0485,52608.0
2025-04-16 05:50:00+09:00,0.0485,0.0486,0.0483,0.0484,26181.0
2025-04-16 05:55:00+09:00,0.0482,0.0485,0.0482,0.0485,21170.0
2025-04-16 06:00:00+09:00,0.0485,0.0485,0.0484,0.0485,50996.0
2025-04-16 06:05:00+09:00,0.0485,0.0485,0.0484,0.0485,5063.0
2025-04-16 06:10:00+09:00,0.0485,0.0486,0.0485,0.0485,7967.0
2025-04-16 06:15:00+09:00,0.0485,0.0486,0.0485,0.0485,18492.0
2025-04-16 06:20:00+09:00,0.0485,0.0487,0.0485,0.0487,29105.0
2025-04-16 06:25:00+09:00,0.0487,0.0487,0.0487,0.0487,203.0
2025-04-16 06:30:00+09:00,0.0487,0.0489,0.0487,0.0489,19920.0
2025-04-16 06:35:00+09:00,0.0488,0.049,0.0488,0.049,5947.0
2025-04-16 06:40:00+09:00,0.0489,0.049,0.0488,0.0489,31301.0
2025-04-16 06:45:00+09:00,0.0488,0.0489,0.0488,0.0489,354.0
2025-04-16 06:50:00+09:00,0.0489,0.0489,0.0488,0.0489,10406.0
2025-04-16 06:55:00+09:00,0.0488,0.049,0.0488,0.0489,20921.0
2025-04-16 07:00:00+09:00,0.0488,0.0489,0.0487,0.0489,29144.0
2025-04-16 07:05:00+09:00,0.0488,0.0489,0.0488,0.0489,26955.0
2025-04-16 07:10:00+09:00,0.0486,0.0487,0.0486,0.0487,17303.0
2025-04-16 07:15:00+09:00,0.0487,0.0487,0.0487,0.0487,0.0
2025-04-16 07:20:00+09:00,0.0486,0.0486,0.0485,0.0486,7792.0
2025-04-16 07:25:00+09:00,0.0484,0.0487,0.0484,0.0487,29363.0
2025-04-16 07:30:00+09:00,0.0487,0.0487,0.0486,0.0486,2826.0
2025-04-16 07:35:00+09:00,0.0486,0.0487,0.0485,0.0486,628.0
2025-04-16 07:40:00+09:00,0.0485,0.0487,0.0485,0.0486,50255.0
2025-04-16 07:45:00+09:00,0.0485,0.0486,0.0484,0.0485,33645.0
2025-04-16 07:50:00+09:00,0.0485,0.0485,0.0482,0.0483,180071.0
2025-04-16 07:55:00+09:00,0.0482,0.0484,0.0482,0.0484,29758.0
2025-04-16 08:00:00+09:00,0.0484,0.0485,0.0483,0.0484,59795.0
2025-04-16 08:05:00+09:00,0.0485,0.0485,0.0484,0.0485,24133.0
2025-04-16 08:10:00+09:00,0.0484,0.0486,0.0484,0.0486,62552.0
2025-04-16 08:15:00+09:00,0.0485,0.0486,0.0485,0.0486,15409.0
2025-04-16 08:20:00+09:00,0.0486,0.0486,0.0485,0.0486,5693.0
2025-04-16 08:25:00+09:00,0.0484,0.0486,0.0484,0.0486,11351.0
2025-04-16 08:30:00+09:00,0.0485,0.0486,0.0485,0.0486,22591.0
2025-04-16 08:35:00+09:00,0.0485,0.0486,0.0485,0.0486,28957.0
2025-04-16 08:40:00+09:00,0.0484,0.0486,0.0484,0.0486,808.0
2025-04-16 08:45:00+09:00,0.0484,0.0485,0.0484,0.0485,11911.0
2025-04-16 08:50:00+09:00,0.0484,0.0485,0.0483,0.0485,11799.0
2025-04-16 08:55:00+09:00,0.0485,0.0485,0.0484,0.0485,13793.0
2025-04-16 09:00:00+09:00,0.0484,0.0487,0.0483,0.0483,265623.0
2025-04-16 09:05:00+09:00,0.0483,0.0484,0.0482,0.0483,64486.0
2025-04-16 09:10:00+09:00,0.0483,0.0483,0.0482,0.0482,11483.0
2025-04-16 09:15:00+09:00,0.0482,0.0482,0.0481,0.0482,7646.0
2025-04-16 09:20:00+09:00,0.0481,0.0484,0.0479,0.0483,131846.0
2025-04-16 09:25:00+09:00,0.0484,0.0485,0.0484,0.0484,26771.0
2025-04-16 09:30:00+09:00,0.0485,0.0487,0.0485,0.0485,20830.0
2025-04-16 09:35:00+09:00,0.0485,0.0486,0.0485,0.0485,51330.0
2025-04-16 09:40:00+09:00,0.0485,0.0485,0.0483,0.0483,90005.0
2025-04-16 09:45:00+09:00,0.0484,0.0484,0.0484,0.0484,7489.0
2025-04-16 09:50:00+09:00,0.0484,0.0484,0.0483,0.0483,13182.0
2025-04-16 09:55:00+09:00,0.0483,0.0483,0.0483,0.0483,10683.0
2025-04-16 10:00:00+09:00,0.0482,0.0483,0.0482,0.0483,41106.0
2025-04-16 10:05:00+09:00,0.0482,0.0485,0.0482,0.0485,24799.0
2025-04-16 10:10:00+09:00,0.0485,0.0485,0.0485,0.0485,11609.0
2025-04-16 10:15:00+09:00,0.0485,0.0486,0.0485,0.0486,4945.0
2025-04-16 10:20:00+09:00,0.0486,0.0488,0.0486,0.0488,28309.0
2025-04-16 10:25:00+09:00,0.0489,0.0489,0.0489,0.0489,1126.0
2025-04-16 10:30:00+09:00,0.0488,0.0489,0.0487,0.0487,28165.0
2025-04-16 10:35:00+09:00,0.0488,0.0488,0.0486,0.0488,7684.0
2025-04-16 10:40:00+09:00,0.0487,0.0488,0.0487,0.0487,2315.0
2025-04-16 10:45:00+09:00,0.049,0.0491,0.049,0.049,85426.0
2025-04-16 10:50:00+09:00,0.0491,0.0491,0.0489,0.0489,4267.0
2025-04-16 10:55:00+09:00,0.0489,0.049,0.0488,0.0488,5698.0
2025-04-16 11:00:00+09:00,0.0488,0.049,0.0488,0.049,15724.0
2025-04-16 11:05:00+09:00,0.0489,0.049,0.0489,0.049,7363.0
2025-04-16 11:10:00+09:00,0.0489,0.049,0.0489,0.049,8450.0
2025-04-16 11:15:00+09:00,0.0488,0.0488,0.0488,0.0488,4470.0
2025-04-16 11:20:00+09:00,0.0488,0.0489,0.0488,0.0489,19622.0
2025-04-16 11:25:00+09:00,0.049,0.049,0.049,0.049,114.0
2025-04-16 11:30:00+09:00,0.0489,0.049,0.0488,0.0488,3956.0
2025-04-16 11:35:00+09:00,0.0489,0.0489,0.0489,0.0489,14160.0
2025-04-16 11:40:00+09:00,0.0487,0.0487,0.0486,0.0487,11415.0
2025-04-16 11:45:00+09:00,0.0486,0.0487,0.0486,0.0487,12501.0
2025-04-16 11:50:00+09:00,0.0486,0.0488,0.0486,0.0487,30011.0
2025-04-16 11:55:00+09:00,0.0487,0.0488,0.0486,0.0488,9720.0
2025-04-16 12:00:00+09:00,0.0486,0.0488,0.0486,0.0488,381.0
2025-04-16 12:05:00+09:00,0.0487,0.0489,0.0487,0.0489,11348.0
2025-04-16 12:10:00+09:00,0.0488,0.049,0.0488,0.049,8704.0
2025-04-16 12:15:00+09:00,0.0489,0.049,0.0489,0.0489,12614.0
2025-04-16 12:20:00+09:00,0.0489,0.049,0.0489,0.049,10009.0
2025-04-16 12:25:00+09:00,0.0488,0.0488,0.0488,0.0488,10770.0
2025-04-16 12:30:00+09:00,0.0488,0.0488,0.0488,0.0488,1777.0
2025-04-16 12:35:00+09:00,0.0488,0.0489,0.0488,0.0489,2947.0
2025-04-16 12:40:00+09:00,0.0489,0.0489,0.0487,0.0489,9769.0
2025-04-16 12:45:00+09:00,0.0488,0.0488,0.0487,0.0487,30311.0
2025-04-16 12:50:00+09:00,0.0487,0.0487,0.0487,0.0487,2801.0
2025-04-16 12:55:00+09:00,0.0488,0.0489,0.0488,0.0489,3987.0
2025-04-16 13:00:00+09:00,0.0488,0.0489,0.0487,0.0489,25688.0
2025-04-16 13:05:00+09:00,0.0489,0.0489,0.0487,0.0488,11249.0
2025-04-16 13:10:00+09:00,0.0488,0.0488,0.0488,0.0488,5401.0
2025-04-16 13:15:00+09:00,0.0488,0.0488,0.0485,0.0485,77510.0
2025-04-16 13:20:00+09:00,0.0485,0.0486,0.0485,0.0485,21570.0
2025-04-16 13:25:00+09:00,0.0485,0.0485,0.0485,0.0485,31001.0
2025-04-16 13:30:00+09:00,0.0485,0.0486,0.0485,0.0486,3384.0
2025-04-16 13:35:00+09:00,0.0486,0.0486,0.0485,0.0485,16094.0
2025-04-16 13:40:00+09:00,0.0486,0.0486,0.0485,0.0486,40137.0
2025-04-16 13:45:00+09:00,0.0486,0.0486,0.0486,0.0486,3190.0
2025-04-16 13:50:00+09:00,0.0487,0.0487,0.0487,0.0487,90790.0
2025-04-16 13:55:00+09:00,0.0488,0.0488,0.0488,0.0488,1740.0
2025-04-16 14:00:00+09:00,0.0489,0.049,0.0488,0.049,34216.0
2025-04-16 14:05:00+09:00,0.049,0.049,0.049,0.049,0.0
2025-04-16 14:10:00+09:00,0.0489,0.049,0.0489,0.0489,4162.0
2025-04-16 14:15:00+09:00,0.0489,0.049,0.0489,0.049,72778.0
2025-04-16 14:20:00+09:00,0.049,0.049,0.0483,0.0483,207102.0
2025-04-16 14:25:00+09:00,0.0485,0.0485,0.0484,0.0485,99969.0
2025-04-16 14:30:00+09:00,0.0486,0.0486,0.0483,0.0483,47269.0
2025-04-16 14:35:00+09:00,0.0484,0.0487,0.0484,0.0487,103750.0
2025-04-16 14:40:00+09:00,0.0487,0.0488,0.0486,0.0487,32522.0
2025-04-16 14:45:00+09:00,0.0488,0.0488,0.0486,0.0486,39470.0
2025-04-16 14:50:00+09:00,0.0486,0.0487,0.0485,0.0486,25153.0
2025-04-16 14:55:00+09:00,0.0485,0.0486,0.0485,0.0486,9572.0
2025-04-16 15:00:00+09:00,0.0485,0.0487,0.0485,0.0487,54197.0
2025-04-16 15:05:00+09:00,0.0488,0.0489,0.0487,0.0488,52729.0
2025-04-16 15:10:00+09:00,0.0487,0.049,0.0487,0.0489,51236.0
2025-04-16 15:15:00+09:00,0.0489,0.0492,0.0489,0.0491,300471.0
2025-04-16 15:20:00+09:00,0.049,0.0492,0.049,0.0492,12202.0
2025-04-16 15:25:00+09:00,0.0492,0.0492,0.049,0.0491,4277.0
2025-04-16 15:30:00+09:00,0.0491,0.0493,0.0491,0.0492,60908.0
2025-04-16 15:35:00+09:00,0.0493,0.0493,0.0492,0.0492,27392.0
2025-04-16 15:40:00+09:00,0.0491,0.0494,0.0491,0.0493,155830.0
2025-04-16 15:45:00+09:00,0.0493,0.0494,0.0493,0.0494,6442.0
2025-04-16 15:50:00+09:00,0.0493,0.0494,0.0493,0.0494,9186.0
2025-04-16 15:55:00+09:00,0.0493,0.0493,0.0492,0.0493,71790.0
2025-04-16 16:00:00+09:00,0.0492,0.0493,0.0489,0.049,59404.0
2025-04-16 16:05:00+09:00,0.0489,0.049,0.0489,0.049,7276.0
2025-04-16 16:10:00+09:00,0.0488,0.0489,0.0488,0.0489,21280.0
2025-04-16 16:15:00+09:00,0.0488,0.0488,0.0487,0.0488,4008.0
2025-04-16 16:20:00+09:00,0.0487,0.0488,0.0487,0.0487,34422.0
2025-04-16 16:25:00+09:00,0.0486,0.0487,0.0486,0.0487,50841.0
2025-04-16 16:30:00+09:00,0.0486,0.0487,0.0485,0.0486,69392.0
2025-04-16 16:35:00+09:00,0.0485,0.0485,0.0481,0.0483,191588.0
2025-04-16 16:40:00+09:00,0.0483,0.0484,0.0482,0.0484,81833.0
2025-04-16 16:45:00+09:00,0.0483,0.0484,0.0482,0.0482,40765.0
2025-04-16 16:50:00+09:00,0.0483,0.0483,0.0482,0.0483,1895.0
2025-04-16 16:55:00+09:00,0.0484,0.0484,0.0481,0.0483,43717.0
2025-04-16 17:00:00+09:00,0.0483,0.0483,0.0481,0.0482,29799.0
2025-04-16 17:05:00+09:00,0.0482,0.0482,0.0479,0.0481,65263.0
2025-04-16 17:10:00+09:00,0.0481,0.0481,0.0479,0.0479,20463.0
2025-04-16 17:15:00+09:00,0.0479,0.0479,0.0478,0.0479,27819.0
2025-04-16 17:20:00+09:00,0.0479,0.0479,0.0479,0.0479,2276.0
2025-04-16 17:25:00+09:00,0.048,0.0484,0.048,0.0483,46162.0
2025-04-16 17:30:00+09:00,0.0484,0.0485,0.0484,0.0485,16413.0
2025-04-16 17:35:00+09:00,0.0485,0.0485,0.0485,0.0485,16823.0
2025-04-16 17:40:00+09:00,0.0485,0.0488,0.0485,0.0486,20847.0
2025-04-16 17:45:00+09:00,0.0486,0.0487,0.0485,0.0485,18420.0
2025-04-16 17:50:00+09:00,0.0486,0.0487,0.0484,0.0484,14462.0
2025-04-16 17:55:00+09:00,0.0484,0.0486,0.0484,0.0486,23395.0
2025-04-16 18:00:00+09:00,0.0486,0.0487,0.0485,0.0487,36202.0
2025-04-16 18:05:00+09:00,0.0486,0.0488,0.0486,0.0487,27553.0
2025-04-16 18:10:00+09:00,0.0487,0.0487,0.0487,0.0487,12081.0
2025-04-16 18:15:00+09:00,0.0488,0.0488,0.0488,0.0488,24842.0
2025-04-16 18:20:00+09:00,0.0488,0.0488,0.0488,0.0488,396.0
2025-04-16 18:25:00+09:00,0.0487,0.0488,0.0487,0.0488,1941.0
2025-04-16 18:30:00+09:00,0.0487,0.0488,0.0486,0.0488,4100.0
2025-04-16 18:35:00+09:00,0.0488,0.0489,0.0487,0.0487,34311.0
2025-04-16 18:40:00+09:00,0.0488,0.0488,0.0487,0.0487,4986.0
2025-04-16 18:45:00+09:00,0.0486,0.0487,0.0484,0.0484,8793.0
2025-04-16 18:50:00+09:00,0.0484,0.0486,0.0484,0.0486,12029.0
2025-04-16 18:55:00+09:00,0.0485,0.0485,0.0484,0.0484,20490.0
2025-04-16 19:00:00+09:00,0.0484,0.0485,0.0484,0.0485,4581.0
2025-04-16 19:05:00+09:00,0.0485,0.0488,0.0484,0.0488,24770.0
2025-04-16 19:10:00+09:00,0.0487,0.0496,0.0487,0.0488,553460.0
2025-04-16 19:15:00+09:00,0.0488,0.0489,0.0487,0.0488,38570.0
2025-04-16 19:20:00+09:00,0.0489,0.0489,0.0487,0.0488,26872.0
2025-04-16 19:25:00+09:00,0.0487,0.0487,0.0486,0.0487,46274.0
2025-04-16 19:30:00+09:00,0.0487,0.0487,0.0484,0.0484,98171.0
2025-04-16 19:35:00+09:00,0.0484,0.0485,0.0483,0.0484,58531.0
2025-04-16 19:40:00+09:00,0.0485,0.0485,0.0484,0.0485,21483.0
2025-04-16 19:45:00+09:00,0.0485,0.0485,0.0483,0.0483,85853.0
2025-04-16 19:50:00+09:00,0.0484,0.0487,0.0483,0.0487,91990.0
2025-04-16 19:55:00+09:00,0.0487,0.0488,0.0486,0.0488,27655.0
2025-04-16 20:00:00+09:00,0.0488,0.0489,0.0486,0.0487,42832.0
2025-04-16 20:05:00+09:00,0.0487,0.0489,0.0487,0.0489,18596.0
2025-04-16 20:10:00+09:00,0.049,0.0491,0.049,0.049,23903.0
2025-04-16 20:15:00+09:00,0.049,0.0491,0.049,0.0491,7751.0
2025-04-16 20:20:00+09:00,0.0489,0.049,0.0488,0.0488,4159.0
2025-04-16 20:25:00+09:00,0.0488,0.0488,0.0488,0.0488,22210.0
2025-04-16 20:30:00+09:00,0.0487,0.0488,0.0486,0.0488,13141.0
2025-04-16 20:35:00+09:00,0.0486,0.0486,0.0486,0.0486,269.0
2025-04-16 20:40:00+09:00,0.0488,0.0491,0.0488,0.0491,69371.0
2025-04-16 20:45:00+09:00,0.049,0.049,0.0489,0.049,69140.0
2025-04-16 20:50:00+09:00,0.0489,0.0489,0.0488,0.0489,14364.0
2025-04-16 20:55:00+09:00,0.0489,0.0489,0.0489,0.0489,157.0
2025-04-16 21:00:00+09:00,0.0489,0.0489,0.0488,0.0489,9194.0
2025-04-16 21:05:00+09:00,0.0489,0.049,0.0489,0.049,119170.0
2025-04-16 21:10:00+09:00,0.0489,0.0489,0.0489,0.0489,2472.0
2025-04-16 21:15:00+09:00,0.0489,0.0489,0.0489,0.0489,372.0
2025-04-16 21:20:00+09:00,0.049,0.0491,0.049,0.0491,127320.0
2025-04-16 21:25:00+09:00,0.0491,0.0493,0.0491,0.0491,39158.0
2025-04-16 21:30:00+09:00,0.0492,0.0493,0.0491,0.0492,18996.0
2025-04-16 21:35:00+09:00,0.0491,0.0492,0.049,0.049,6889.0
2025-04-16 21:40:00+09:00,0.049,0.049,0.0487,0.0488,47800.0
2025-04-16 21:45:00+09:00,0.0488,0.0488,0.0487,0.0487,2102.0
2025-04-16 21:50:00+09:00,0.0487,0.0487,0.0485,0.0486,41116.0
2025-04-16 21:55:00+09:00,0.0487,0.0489,0.0484,0.0484,64938.0
2025-04-16 22:00:00+09:00,0.0484,0.0485,0.0484,0.0485,42321.0
2025-04-16 22:05:00+09:00,0.0485,0.0486,0.0485,0.0486,28844.0
2025-04-16 22:10:00+09:00,0.0484,0.0484,0.0483,0.0483,144408.0
2025-04-16 22:15:00+09:00,0.0484,0.0485,0.0483,0.0483,41519.0
2025-04-16 22:20:00+09:00,0.0483,0.0484,0.0482,0.0484,12575.0
2025-04-16 22:25:00+09:00,0.0483,0.0485,0.0483,0.0484,31181.0
2025-04-16 22:30:00+09:00,0.0485,0.0486,0.0482,0.0486,36488.0
2025-04-16 22:35:00+09:00,0.0486,0.0488,0.0485,0.0487,24922.0
2025-04-16 22:40:00+09:00,0.0488,0.0488,0.0487,0.0488,340.0
2025-04-16 22:45:00+09:00,0.0484,0.0486,0.0484,0.0485,20512.0
2025-04-16 22:50:00+09:00,0.0485,0.0486,0.0483,0.0484,43593.0
2025-04-16 22:55:00+09:00,0.0483,0.0485,0.0482,0.0484,44935.0
2025-04-16 23:00:00+09:00,0.0484,0.0485,0.0482,0.0485,18135.0
2025-04-16 23:05:00+09:00,0.0485,0.0487,0.0485,0.0487,26301.0
2025-04-16 23:10:00+09:00,0.0487,0.0489,0.0486,0.0486,43580.0
2025-04-16 23:15:00+09:00,0.0487,0.0487,0.0484,0.0486,16139.0
2025-04-16 23:20:00+09:00,0.0487,0.049,0.0486,0.049,82872.0
2025-04-16 23:25:00+09:00,0.049,0.049,0.0488,0.0489,155697.0
2025-04-16 23:30:00+09:00,0.0489,0.0492,0.0489,0.049,148266.0
2025-04-16 23:35:00+09:00,0.0491,0.0493,0.0489,0.049,100602.0
2025-04-16 23:40:00+09:00,0.0489,0.0492,0.0489,0.0492,78541.0
2025-04-16 23:45:00+09:00,0.0491,0.0492,0.0489,0.049,48113.0
2025-04-16 23:50:00+09:00,0.0489,0.0492,0.0489,0.0492,34698.0
2025-04-16 23:55:00+09:00,0.0491,0.0492,0.0488,0.0489,86454.0
2025-04-17 00:00:00+09:00,0.0489,0.0491,0.0489,0.049,40683.0
2025-04-17 00:05:00+09:00,0.0489,0.049,0.0487,0.0489,43569.0
2025-04-17 00:10:00+09:00,0.0489,0.0491,0.0487,0.049,31448.0
2025-04-17 00:15:00+09:00,0.0488,0.049,0.0488,0.049,25027.0
2025-04-17 00:20:00+09:00,0.0489,0.0492,0.0488,0.0492,30467.0
2025-04-17 00:25:00+09:00,0.0492,0.0495,0.0492,0.0492,267146.0
2025-04-17 00:30:00+09:00,0.0492,0.0493,0.049,0.0492,91238.0
2025-04-17 00:35:00+09:00,0.0492,0.0493,0.0491,0.0492,27519.0
2025-04-17 00:40:00+09:00,0.049,0.049,0.049,0.049,7724.0
2025-04-17 00:45:00+09:00,0.049,0.0491,0.0487,0.0489,250900.0
2025-04-17 00:50:00+09:00,0.0488,0.0489,0.0487,0.0488,39298.0
2025-04-17 00:55:00+09:00,0.0487,0.0488,0.0485,0.0486,103471.0
2025-04-17 01:00:00+09:00,0.0487,0.0488,0.0486,0.0488,55335.0
2025-04-17 01:05:00+09:00,0.0487,0.0488,0.0486,0.0488,36684.0
2025-04-17 01:10:00+09:00,0.0488,0.0489,0.0487,0.0487,91104.0
2025-04-17 01:15:00+09:00,0.0487,0.0488,0.0486,0.0487,79368.0
2025-04-17 01:20:00+09:00,0.0486,0.0486,0.0484,0.0485,44162.0
2025-04-17 01:25:00+09:00,0.0485,0.0485,0.0483,0.0483,23811.0
2025-04-17 01:30:00+09:00,0.0483,0.0485,0.0483,0.0485,69358.0
2025-04-17 01:35:00+09:00,0.0484,0.0484,0.048,0.048,134830.0
2025-04-17 01:40:00+09:00,0.0481,0.0482,0.0481,0.0481,34022.0
2025-04-17 01:45:00+09:00,0.0481,0.0481,0.048,0.0481,27279.0
2025-04-17 01:50:00+09:00,0.0482,0.0483,0.0481,0.0483,60790.0
2025-04-17 01:55:00+09:00,0.0484,0.0485,0.0483,0.0484,93024.0
2025-04-17 02:00:00+09:00,0.0484,0.0487,0.0484,0.0486,106488.0
2025-04-17 02:05:00+09:00,0.0486,0.0487,0.0485,0.0485,83829.0
2025-04-17 02:10:00+09:00,0.0485,0.0486,0.0485,0.0486,76477.0
2025-04-17 02:15:00+09:00,0.0486,0.0489,0.0485,0.0488,66094.0
2025-04-17 02:20:00+09:00,0.0489,0.049,0.0488,0.0489,185791.0
2025-04-17 02:25:00+09:00,0.0489,0.049,0.0488,0.0488,63596.0
2025-04-17 02:30:00+09:00,0.0488,0.049,0.0483,0.0484,268122.0
2025-04-17 02:35:00+09:00,0.0485,0.0488,0.0482,0.0482,93671.0
2025-04-17 02:40:00+09:00,0.0484,0.0485,0.0478,0.0479,254561.0
2025-04-17 02:45:00+09:00,0.048,0.048,0.0476,0.0476,128492.0
2025-04-17 02:50:00+09:00,0.0475,0.0475,0.0471,0.0472,422523.0
2025-04-17 02:55:00+09:00,0.0472,0.0473,0.0467,0.047,216608.0
2025-04-17 03:00:00+09:00,0.0469,0.0474,0.0469,0.0474,209634.0
2025-04-17 03:05:00+09:00,0.0475,0.0479,0.0474,0.0477,285605.0
2025-04-17 03:10:00+09:00,0.0478,0.0483,0.0478,0.0482,250931.0
2025-04-17 03:15:00+09:00,0.0483,0.0483,0.0479,0.048,58812.0
2025-04-17 03:20:00+09:00,0.048,0.0484,0.048,0.0484,192033.0
2025-04-17 03:25:00+09:00,0.0484,0.0488,0.0484,0.0486,89280.0
2025-04-17 03:30:00+09:00,0.0488,0.0488,0.0486,0.0486,30628.0
2025-04-17 03:35:00+09:00,0.0485,0.0485,0.0483,0.0483,40123.0
2025-04-17 03:40:00+09:00,0.0483,0.0483,0.0479,0.0482,30315.0
2025-04-17 03:45:00+09:00,0.0481,0.0482,0.048,0.0482,43665.0
2025-04-17 03:50:00+09:00,0.048,0.0483,0.048,0.0482,39386.0
2025-04-17 03:55:00+09:00,0.0484,0.0485,0.0482,0.0484,56828.0
2025-04-17 04:00:00+09:00,0.0484,0.0485,0.0484,0.0484,11824.0
2025-04-17 04:05:00+09:00,0.0483,0.0485,0.0482,0.0482,20300.0
2025-04-17 04:10:00+09:00,0.0482,0.0484,0.048,0.0483,78988.0
2025-04-17 04:15:00+09:00,0.0483,0.0483,0.0481,0.0481,25702.0
2025-04-17 04:20:00+09:00,0.048,0.0481,0.0478,0.0478,41371.0
2025-04-17 04:25:00+09:00,0.0479,0.048,0.0479,0.0479,14757.0
2025-04-17 04:30:00+09:00,0.0479,0.0481,0.0478,0.0479,152010.0
2025-04-17 04:35:00+09:00,0.048,0.048,0.0479,0.048,92426.0
2025-04-17 04:40:00+09:00,0.048,0.0482,0.0479,0.0482,62660.0
2025-04-17 04:45:00+09:00,0.0481,0.0484,0.0481,0.0484,86599.0
2025-04-17 04:50:00+09:00,0.0485,0.049,0.0485,0.049,258622.0
2025-04-17 04:55:00+09:00,0.0488,0.049,0.0487,0.0488,118398.0
2025-04-17 05:00:00+09:00,0.0488,0.0491,0.0488,0.049,85558.0
2025-04-17 05:05:00+09:00,0.049,0.0491,0.0489,0.0489,38232.0
2025-04-17 05:10:00+09:00,0.049,0.0491,0.0489,0.049,32609.0
2025-04-17 05:15:00+09:00,0.0491,0.0493,0.0491,0.0492,10914.0
2025-04-17 05:20:00+09:00,0.0493,0.0493,0.0491,0.0491,30062.0
2025-04-17 05:25:00+09:00,0.0491,0.0492,0.0491,0.0492,14407.0
2025-04-17 05:30:00+09:00,0.0492,0.0492,0.0489,0.0489,46349.0
2025-04-17 05:35:00+09:00,0.0488,0.0489,0.0488,0.0488,45179.0
2025-04-17 05:40:00+09:00,0.0488,0.0488,0.0486,0.0487,5582.0
2025-04-17 05:45:00+09:00,0.0487,0.0488,0.0486,0.0487,30605.0
2025-04-17 05:50:00+09:00,0.0486,0.0487,0.0485,0.0485,46664.0
2025-04-17 05:55:00+09:00,0.0484,0.0484,0.0482,0.0484,34095.0
2025-04-17 06:00:00+09:00,0.0482,0.0485,0.0482,0.0485,140617.0
2025-04-17 06:05:00+09:00,0.0486,0.0486,0.0486,0.0486,4049.0
2025-04-17 06:10:00+09:00,0.0487,0.0487,0.0485,0.0486,62554.0
2025-04-17 06:15:00+09:00,0.0485,0.0486,0.0484,0.0486,33071.0
2025-04-17 06:20:00+09:00,0.0487,0.0488,0.0486,0.0487,34584.0
2025-04-17 06:25:00+09:00,0.0488,0.0489,0.0488,0.0488,47734.0
2025-04-17 06:30:00+09:00,0.0489,0.0491,0.0487,0.0488,75473.0
2025-04-17 06:35:00+09:00,0.0488,0.0488,0.0487,0.0488,8615.0
2025-04-17 06:40:00+09:00,0.0487,0.0487,0.0485,0.0486,40938.0
2025-04-17 06:45:00+09:00,0.0486,0.0487,0.0486,0.0487,11258.0
2025-04-17 06:50:00+09:00,0.0486,0.0487,0.0485,0.0487,21002.0
2025-04-17 06:55:00+09:00,0.0487,0.0488,0.0487,0.0488,31126.0
2025-04-17 07:00:00+09:00,0.0487,0.0488,0.0486,0.0488,54920.0
2025-04-17 07:05:00+09:00,0.0487,0.0488,0.0486,0.0488,14314.0
2025-04-17 07:10:00+09:00,0.0486,0.0489,0.0486,0.0487,35146.0
2025-04-17 07:15:00+09:00,0.0487,0.0488,0.0486,0.0486,14617.0
2025-04-17 07:20:00+09:00,0.0486,0.0487,0.0485,0.0486,26397.0
2025-04-17 07:25:00+09:00,0.0487,0.0487,0.0484,0.0486,24318.0
2025-04-17 07:30:00+09:00,0.0485,0.0487,0.0485,0.0487,31110.0
2025-04-17 07:35:00+09:00,0.0486,0.0489,0.0486,0.0489,6871.0
2025-04-17 07:40:00+09:00,0.0488,0.0489,0.0488,0.0489,778.0
2025-04-17 07:45:00+09:00,0.0488,0.0489,0.0488,0.0489,2532.0
2025-04-17 07:50:00+09:00,0.0488,0.0489,0.0488,0.0488,38946.0
2025-04-17 07:55:00+09:00,0.0488,0.0489,0.0488,0.0488,13738.0
2025-04-17 08:00:00+09:00,0.0487,0.0489,0.0487,0.0487,11284.0
2025-04-17 08:05:00+09:00,0.0486,0.0487,0.0485,0.0487,24929.0
2025-04-17 08:10:00+09:00,0.0486,0.0487,0.0485,0.0485,7111.0
2025-04-17 08:15:00+09:00,0.0485,0.0486,0.0485,0.0486,54800.0
2025-04-17 08:20:00+09:00,0.0485,0.0486,0.0484,0.0485,6077.0
2025-04-17 08:25:00+09:00,0.0485,0.0485,0.0484,0.0485,965.0
2025-04-17 08:30:00+09:00,0.0484,0.0485,0.0483,0.0484,11471.0
2025-04-17 08:35:00+09:00,0.0484,0.0484,0.0483,0.0483,17032.0
2025-04-17 08:40:00+09:00,0.0483,0.0485,0.0483,0.0484,33657.0
2025-04-17 08:45:00+09:00,0.0483,0.0485,0.0483,0.0485,10866.0
2025-04-17 08:50:00+09:00,0.0484,0.0485,0.0484,0.0485,20683.0
2025-04-17 08:55:00+09:00,0.0485,0.0485,0.0484,0.0485,15133.0
2025-04-17 09:00:00+09:00,0.0484,0.0487,0.0484,0.0486,17423.0
2025-04-17 09:05:00+09:00,0.0485,0.0485,0.0483,0.0483,42036.0
2025-04-17 09:10:00+09:00,0.0484,0.0485,0.0484,0.0484,8697.0
2025-04-17 09:15:00+09:00,0.0483,0.0483,0.0482,0.0483,37414.0
2025-04-17 09:20:00+09:00,0.0482,0.0482,0.0482,0.0482,41439.0
2025-04-17 09:25:00+09:00,0.0483,0.0484,0.0483,0.0483,3586.0
2025-04-17 09:30:00+09:00,0.0484,0.0484,0.0482,0.0482,11206.0
2025-04-17 09:35:00+09:00,0.0482,0.0483,0.0482,0.0483,19221.0
2025-04-17 09:40:00+09:00,0.0484,0.0484,0.0483,0.0483,3435.0
2025-04-17 09:45:00+09:00,0.0483,0.0484,0.0482,0.0483,32619.0
2025-04-17 09:50:00+09:00,0.0482,0.0484,0.0482,0.0484,6593.0
2025-04-17 09:55:00+09:00,0.0483,0.0485,0.0483,0.0484,42168.0
2025-04-17 10:00:00+09:00,0.0484,0.0484,0.0484,0.0484,5073.0
2025-04-17 10:05:00+09:00,0.0484,0.0485,0.0484,0.0485,21790.0
2025-04-17 10:10:00+09:00,0.0486,0.0487,0.0486,0.0486,14125.0
2025-04-17 10:15:00+09:00,0.0487,0.0487,0.0487,0.0487,16254.0
2025-04-17 10:20:00+09:00,0.0486,0.0486,0.0485,0.0486,14266.0
2025-04-17 10:25:00+09:00,0.0485,0.0486,0.0485,0.0486,1281.0
2025-04-17 10:30:00+09:00,0.0487,0.0488,0.0487,0.0488,14366.0
2025-04-17 10:35:00+09:00,0.0488,0.0489,0.0486,0.0486,20810.0
2025-04-17 10:40:00+09:00,0.0484,0.0486,0.0484,0.0484,58257.0
2025-04-17 10:45:00+09:00,0.0484,0.0484,0.0484,0.0484,6888.0
2025-04-17 10:50:00+09:00,0.0483,0.0484,0.0483,0.0484,5437.0
2025-04-17 10:55:00+09:00,0.0484,0.0485,0.0483,0.0484,27550.0
2025-04-17 11:00:00+09:00,0.0484,0.0484,0.0484,0.0484,12662.0
2025-04-17 11:05:00+09:00,0.0483,0.0484,0.0483,0.0484,2955.0
2025-04-17 11:10:00+09:00,0.0483,0.0483,0.0482,0.0482,4249.0
2025-04-17 11:15:00+09:00,0.0482,0.0482,0.0482,0.0482,0.0
2025-04-17 11:20:00+09:00,0.0481,0.0481,0.0481,0.0481,132309.0
2025-04-17 11:25:00+09:00,0.0481,0.0483,0.0481,0.0482,27669.0
2025-04-17 11:30:00+09:00,0.0482,0.0482,0.048,0.048,6540.0
2025-04-17 11:35:00+09:00,0.0481,0.0481,0.0481,0.0481,1124.0
2025-04-17 11:40:00+09:00,0.0481,0.0482,0.0481,0.0481,14553.0
2025-04-17 11:45:00+09:00,0.048,0.0483,0.048,0.048,34880.0
2025-04-17 11:50:00+09:00,0.048,0.048,0.048,0.048,3520.0
2025-04-17 11:55:00+09:00,0.0481,0.0481,0.048,0.0481,28590.0
2025-04-17 12:00:00+09:00,0.048,0.0482,0.048,0.0482,7709.0
2025-04-17 12:05:00+09:00,0.0481,0.0481,0.048,0.048,43570.0
2025-04-17 12:10:00+09:00,0.048,0.0481,0.048,0.048,30325.0
2025-04-17 12:15:00+09:00,0.048,0.0481,0.048,0.048,11745.0
2025-04-17 12:20:00+09:00,0.048,0.0481,0.0479,0.0481,19414.0
2025-04-17 12:25:00+09:00,0.0479,0.048,0.0478,0.0478,6673.0
2025-04-17 12:30:00+09:00,0.0477,0.0479,0.0477,0.0478,6686.0
2025-04-17 12:35:00+09:00,0.0477,0.0479,0.0477,0.0479,9898.0
2025-04-17 12:40:00+09:00,0.0479,0.0479,0.0479,0.0479,1865.0
2025-04-17 12:45:00+09:00,0.0479,0.0481,0.0478,0.0481,38493.0
2025-04-17 12:50:00+09:00,0.048,0.0481,0.048,0.048,18984.0
2025-04-17 12:55:00+09:00,0.048,0.0481,0.0479,0.048,30925.0
2025-04-17 13:00:00+09:00,0.0481,0.0481,0.0479,0.0479,14465.0
2025-04-17 13:05:00+09:00,0.0479,0.0479,0.0478,0.0479,22753.0
2025-04-17 13:10:00+09:00,0.0478,0.0478,0.0478,0.0478,188.0
2025-04-17 13:15:00+09:00,0.048,0.048,0.048,0.048,8273.0
2025-04-17 13:20:00+09:00,0.048,0.0482,0.048,0.0482,24531.0
2025-04-17 13:25:00+09:00,0.0481,0.0481,0.0481,0.0481,262.0
2025-04-17 13:30:00+09:00,0.0481,0.0481,0.048,0.048,15028.0
2025-04-17 13:35:00+09:00,0.0482,0.0482,0.048,0.048,2324.0
2025-04-17 13:40:00+09:00,0.0481,0.0483,0.048,0.0482,7061.0
2025-04-17 13:45:00+09:00,0.0483,0.0485,0.0483,0.0484,7136.0
2025-04-17 13:50:00+09:00,0.0485,0.0485,0.0484,0.0485,17767.0
2025-04-17 13:55:00+09:00,0.0484,0.0486,0.0484,0.0485,20088.0
2025-04-17 14:00:00+09:00,0.0486,0.0487,0.0486,0.0486,5314.0
2025-04-17 14:05:00+09:00,0.0486,0.0489,0.0486,0.0488,90040.0
2025-04-17 14:10:00+09:00,0.0488,0.0488,0.0487,0.0487,39176.0
2025-04-17 14:15:00+09:00,0.0487,0.0489,0.0487,0.0489,25486.0
2025-04-17 14:20:00+09:00,0.0488,0.0489,0.0487,0.0489,17956.0
2025-04-17 14:25:00+09:00,0.0488,0.0488,0.0488,0.0488,10428.0
2025-04-17 14:30:00+09:00,0.0489,0.0491,0.0488,0.0491,16064.0
2025-04-17 14:35:00+09:00,0.0491,0.0493,0.0491,0.0492,28630.0
2025-04-17 14:40:00+09:00,0.0492,0.0493,0.0491,0.0492,22536.0
2025-04-17 14:45:00+09:00,0.0491,0.0492,0.0491,0.0492,1211.0
2025-04-17 14:50:00+09:00,0.0491,0.0492,0.049,0.0491,43259.0
2025-04-17 14:55:00+09:00,0.0491,0.0492,0.049,0.0491,36462.0
2025-04-17 15:00:00+09:00,0.0491,0.0492,0.049,0.0491,11644.0
2025-04-17 15:05:00+09:00,0.0491,0.0492,0.0491,0.0492,10916.0
2025-04-17 15:10:00+09:00,0.0491,0.0492,0.0491,0.0492,64013.0
2025-04-17 15:15:00+09:00,0.0493,0.0493,0.0492,0.0493,1040.0
2025-04-17 15:20:00+09:00,0.0493,0.0494,0.0493,0.0494,34627.0
2025-04-17 15:25:00+09:00,0.0493,0.0495,0.0492,0.0495,7220.0
2025-04-17 15:30:00+09:00,0.0494,0.0495,0.0494,0.0495,18755.0
2025-04-17 15:35:00+09:00,0.0494,0.0496,0.0493,0.0495,27512.0
2025-04-17 15:40:00+09:00,0.0496,0.0496,0.0493,0.0494,19592.0
2025-04-17 15:45:00+09:00,0.0494,0.0495,0.0494,0.0494,2524.0
2025-04-17 15:50:00+09:00,0.0493,0.0494,0.0493,0.0494,12760.0
2025-04-17 15:55:00+09:00,0.0494,0.0496,0.0494,0.0494,47034.0
2025-04-17 16:00:00+09:00,0.0494,0.0495,0.0493,0.0494,13149.0
2025-04-17 16:05:00+09:00,0.0493,0.0494,0.0491,0.0493,21905.0
2025-04-17 16:10:00+09:00,0.0492,0.0494,0.0491,0.0494,44321.0
2025-04-17 16:15:00+09:00,0.0494,0.0494,0.0492,0.0493,514.0
2025-04-17 16:20:00+09:00,0.0494,0.0495,0.0494,0.0495,5091.0
2025-04-17 16:25:00+09:00,0.0493,0.0496,0.0493,0.0496,6726.0
2025-04-17 16:30:00+09:00,0.0496,0.0497,0.0496,0.0497,2434.0
2025-04-17 16:35:00+09:00,0.0496,0.0497,0.0495,0.0497,6484.0
2025-04-17 16:40:00+09:00,0.0494,0.0496,0.0494,0.0496,3292.0
2025-04-17 16:45:00+09:00,0.0497,0.0497,0.0496,0.0496,2778.0
2025-04-17 16:50:00+09:00,0.0495,0.0495,0.0494,0.0495,3040.0
2025-04-17 16:55:00+09:00,0.0495,0.0496,0.0494,0.0496,27097.0
2025-04-17 17:00:00+09:00,0.0495,0.0495,0.0495,0.0495,1244.0
2025-04-17 17:05:00+09:00,0.0494,0.0494,0.0494,0.0494,3230.0
2025-04-17 17:10:00+09:00,0.0494,0.0494,0.0493,0.0493,3306.0
2025-04-17 17:15:00+09:00,0.0494,0.0494,0.0492,0.0492,4805.0
2025-04-17 17:20:00+09:00,0.0492,0.0493,0.0492,0.0492,21569.0
2025-04-17 17:25:00+09:00,0.0492,0.0492,0.0491,0.0492,19343.0
2025-04-17 17:30:00+09:00,0.0491,0.0492,0.0491,0.0492,6517.0
2025-04-17 17:35:00+09:00,0.049,0.0492,0.049,0.0492,3073.0
2025-04-17 17:40:00+09:00,0.0493,0.0493,0.0492,0.0492,464.0
2025-04-17 17:45:00+09:00,0.0493,0.0493,0.0489,0.0491,35409.0
2025-04-17 17:50:00+09:00,0.049,0.049,0.0488,0.049,23945.0
2025-04-17 17:55:00+09:00,0.0489,0.0489,0.0487,0.0488,62961.0
2025-04-17 18:00:00+09:00,0.049,0.049,0.0488,0.0488,18661.0
2025-04-17 18:05:00+09:00,0.049,0.0491,0.0489,0.0491,37357.0
2025-04-17 18:10:00+09:00,0.0489,0.0489,0.0489,0.0489,1986.0
2025-04-17 18:15:00+09:00,0.049,0.049,0.0489,0.0489,3849.0
2025-04-17 18:20:00+09:00,0.049,0.049,0.049,0.049,4142.0
2025-04-17 18:25:00+09:00,0.049,0.049,0.0489,0.049,6187.0
2025-04-17 18:30:00+09:00,0.049,0.0491,0.049,0.049,37992.0
2025-04-17 18:35:00+09:00,0.0491,0.0491,0.0491,0.0491,337.0
2025-04-17 18:40:00+09:00,0.049,0.0492,0.049,0.0492,190827.0
2025-04-17 18:45:00+09:00,0.0493,0.0493,0.0493,0.0493,3367.0
2025-04-17 18:50:00+09:00,0.0492,0.0492,0.0491,0.0491,1616.0
2025-04-17 18:55:00+09:00,0.0491,0.0492,0.049,0.0491,24055.0
2025-04-17 19:00:00+09:00,0.0491,0.0491,0.049,0.049,4482.0
2025-04-17 19:05:00+09:00,0.049,0.049,0.049,0.049,10384.0
2025-04-17 19:10:00+09:00,0.049,0.049,0.0489,0.0489,5568.0
2025-04-17 19:15:00+09:00,0.0488,0.0489,0.0488,0.0488,12769.0
2025-04-17 19:20:00+09:00,0.0487,0.0488,0.0486,0.0488,3077.0
2025-04-17 19:25:00+09:00,0.0488,0.0489,0.0488,0.0489,3107.0
2025-04-17 19:30:00+09:00,0.0488,0.0488,0.0488,0.0488,212.0
2025-04-17 19:35:00+09:00,0.0488,0.049,0.0488,0.0488,6626.0
2025-04-17 19:40:00+09:00,0.0489,0.0489,0.0487,0.0487,5525.0
2025-04-17 19:45:00+09:00,0.0488,0.0489,0.0487,0.0487,7696.0
2025-04-17 19:50:00+09:00,0.0488,0.0489,0.0488,0.0489,9112.0
2025-04-17 19:55:00+09:00,0.0489,0.0489,0.0488,0.0489,24876.0
2025-04-17 20:00:00+09:00,0.0488,0.049,0.0488,0.0489,34382.0
2025-04-17 20:05:00+09:00,0.0489,0.049,0.0488,0.0488,6833.0
2025-04-17 20:10:00+09:00,0.0488,0.0488,0.0486,0.0488,12002.0
2025-04-17 20:15:00+09:00,0.0488,0.049,0.0487,0.049,59415.0
2025-04-17 20:20:00+09:00,0.0489,0.0489,0.0489,0.0489,14316.0
2025-04-17 20:25:00+09:00,0.0488,0.049,0.0488,0.0488,4957.0
2025-04-17 20:30:00+09:00,0.0489,0.049,0.0489,0.049,16600.0
2025-04-17 20:35:00+09:00,0.0489,0.049,0.0488,0.0488,9026.0
2025-04-17 20:40:00+09:00,0.049,0.0491,0.049,0.0491,6496.0
2025-04-17 20:45:00+09:00,0.0489,0.049,0.0489,0.049,4975.0
2025-04-17 20:50:00+09:00,0.049,0.049,0.049,0.049,0.0
2025-04-17 20:55:00+09:00,0.0489,0.049,0.0489,0.0489,29543.0
2025-04-17 21:00:00+09:00,0.049,0.0492,0.0489,0.049,22516.0
2025-04-17 21:05:00+09:00,0.0492,0.0492,0.0491,0.0492,24884.0
2025-04-17 21:10:00+09:00,0.0492,0.0492,0.0489,0.049,15269.0
2025-04-17 21:15:00+09:00,0.0491,0.0491,0.0491,0.0491,9479.0
2025-04-17 21:20:00+09:00,0.0492,0.0492,0.0491,0.0492,4427.0
2025-04-17 21:25:00+09:00,0.0492,0.0494,0.0492,0.0492,14960.0
2025-04-17 21:30:00+09:00,0.0491,0.0493,0.0491,0.0493,9178.0
2025-04-17 21:35:00+09:00,0.0492,0.0493,0.049,0.049,10164.0
2025-04-17 21:40:00+09:00,0.0491,0.0492,0.0491,0.0491,18124.0
2025-04-17 21:45:00+09:00,0.0493,0.0493,0.049,0.0491,23850.0
2025-04-17 21:50:00+09:00,0.0491,0.0491,0.0491,0.0491,3026.0
2025-04-17 21:55:00+09:00,0.049,0.0491,0.049,0.049,39119.0
2025-04-17 22:00:00+09:00,0.0491,0.0491,0.049,0.0491,784.0
2025-04-17 22:05:00+09:00,0.0489,0.0489,0.0488,0.0489,14271.0
2025-04-17 22:10:00+09:00,0.0489,0.0489,0.0488,0.0488,43214.0
2025-04-17 22:15:00+09:00,0.0488,0.0489,0.0487,0.0489,35225.0
2025-04-17 22:20:00+09:00,0.049,0.049,0.049,0.049,243.0
2025-04-17 22:25:00+09:00,0.0488,0.049,0.0488,0.0489,897.0
2025-04-17 22:30:00+09:00,0.049,0.049,0.0488,0.0489,20361.0
2025-04-17 22:35:00+09:00,0.0488,0.0489,0.0488,0.0489,3091.0
2025-04-17 22:40:00+09:00,0.0487,0.049,0.0487,0.049,1137.0
2025-04-17 22:45:00+09:00,0.0487,0.0489,0.0487,0.0489,4321.0
2025-04-17 22:50:00+09:00,0.0489,0.049,0.0488,0.049,53764.0
2025-04-17 22:55:00+09:00,0.0487,0.0489,0.0487,0.0488,1962.0
2025-04-17 23:00:00+09:00,0.0488,0.0489,0.0487,0.0488,15574.0
2025-04-17 23:05:00+09:00,0.0487,0.0488,0.0484,0.0486,32264.0
2025-04-17 23:10:00+09:00,0.0486,0.0488,0.0484,0.0485,39307.0
2025-04-17 23:15:00+09:00,0.0485,0.0486,0.0483,0.0484,25762.0
2025-04-17 23:20:00+09:00,0.0483,0.0484,0.0482,0.0483,43605.0
2025-04-17 23:25:00+09:00,0.0484,0.0484,0.0482,0.0483,15617.0
2025-04-17 23:30:00+09:00,0.0482,0.0483,0.0481,0.0481,136995.0
2025-04-17 23:35:00+09:00,0.048,0.0481,0.0479,0.0481,39588.0
2025-04-17 23:40:00+09:00,0.0481,0.0483,0.048,0.0483,31753.0
2025-04-17 23:45:00+09:00,0.0483,0.0483,0.0483,0.0483,1908.0
2025-04-17 23:50:00+09:00,0.0483,0.0483,0.0483,0.0483,1983.0
2025-04-17 23:55:00+09:00,0.0483,0.0484,0.0482,0.0483,29425.0
2025-04-18 00:00:00+09:00,0.0482,0.0485,0.0482,0.0485,6887.0
2025-04-18 00:05:00+09:00,0.0485,0.0488,0.0485,0.0488,271660.0
2025-04-18 00:10:00+09:00,0.0488,0.0489,0.0487,0.0488,32517.0
2025-04-18 00:15:00+09:00,0.0486,0.0488,0.0486,0.0488,44036.0
2025-04-18 00:20:00+09:00,0.0487,0.0488,0.0487,0.0488,37938.0
2025-04-18 00:25:00+09:00,0.0487,0.0488,0.0485,0.0487,33018.0
2025-04-18 00:30:00+09:00,0.0488,0.0488,0.0487,0.0488,319.0
2025-04-18 00:35:00+09:00,0.0488,0.049,0.0488,0.049,43157.0
2025-04-18 00:40:00+09:00,0.0488,0.0488,0.0488,0.0488,1940.0
2025-04-18 00:45:00+09:00,0.0488,0.0489,0.0488,0.0488,22292.0
2025-04-18 00:50:00+09:00,0.0488,0.049,0.0488,0.0489,86775.0
2025-04-18 00:55:00+09:00,0.0488,0.049,0.0487,0.0489,155808.0
2025-04-18 01:00:00+09:00,0.0489,0.049,0.0488,0.0488,65867.0
2025-04-18 01:05:00+09:00,0.0487,0.049,0.0487,0.0489,93907.0
2025-04-18 01:10:00+09:00,0.0489,0.0489,0.0488,0.0489,41578.0
2025-04-18 01:15:00+09:00,0.0489,0.0491,0.0489,0.0491,62155.0
2025-04-18 01:20:00+09:00,0.0492,0.0495,0.049,0.0494,69497.0
2025-04-18 01:25:00+09:00,0.0495,0.0495,0.0494,0.0494,54858.0
2025-04-18 01:30:00+09:00,0.0494,0.0496,0.0494,0.0496,60336.0
2025-04-18 01:35:00+09:00,0.0496,0.0497,0.0494,0.0494,129004.0
2025-04-18 01:40:00+09:00,0.0494,0.0494,0.0493,0.0494,36321.0
2025-04-18 01:45:00+09:00,0.0494,0.0495,0.0494,0.0494,54063.0
2025-04-18 01:50:00+09:00,0.0494,0.0495,0.0494,0.0495,30843.0
2025-04-18 01:55:00+09:00,0.0496,0.0496,0.0496,0.0496,7565.0
2025-04-18 02:00:00+09:00,0.0496,0.0497,0.0495,0.0497,21703.0
2025-04-18 02:05:00+09:00,0.0496,0.0497,0.0495,0.0497,31609.0
2025-04-18 02:10:00+09:00,0.0497,0.0498,0.0496,0.0497,63940.0
2025-04-18 02:15:00+09:00,0.0496,0.0498,0.0496,0.0498,36580.0
2025-04-18 02:20:00+09:00,0.0497,0.0498,0.0496,0.0497,49419.0
2025-04-18 02:25:00+09:00,0.0497,0.0498,0.0497,0.0497,24599.0
2025-04-18 02:30:00+09:00,0.0497,0.0499,0.0497,0.0498,47636.0
2025-04-18 02:35:00+09:00,0.0498,0.0499,0.0497,0.0498,55454.0
2025-04-18 02:40:00+09:00,0.0497,0.0498,0.0496,0.0498,29710.0
2025-04-18 02:45:00+09:00,0.0498,0.05,0.0498,0.0499,30554.0
2025-04-18 02:50:00+09:00,0.0499,0.05,0.0499,0.05,7850.0
2025-04-18 02:55:00+09:00,0.05,0.05,0.0499,0.0499,35813.0
2025-04-18 03:00:00+09:00,0.0499,0.05,0.0497,0.0499,43922.0
2025-04-18 03:05:00+09:00,0.0499,0.05,0.0498,0.0499,47008.0
2025-04-18 03:10:00+09:00,0.0499,0.0499,0.0497,0.0499,26771.0
2025-04-18 03:15:00+09:00,0.0498,0.05,0.0497,0.0498,21675.0
2025-04-18 03:20:00+09:00,0.0499,0.0499,0.0496,0.0496,22721.0
2025-04-18 03:25:00+09:00,0.0496,0.0497,0.0495,0.0497,78662.0
2025-04-18 03:30:00+09:00,0.0496,0.0497,0.0495,0.0495,38302.0
2025-04-18 03:35:00+09:00,0.0497,0.0497,0.0495,0.0496,11727.0
2025-04-18 03:40:00+09:00,0.0496,0.0497,0.0495,0.0495,33510.0
2025-04-18 03:45:00+09:00,0.0496,0.0497,0.0494,0.0494,103820.0
2025-04-18 03:50:00+09:00,0.0495,0.0497,0.0495,0.0496,24649.0
2025-04-18 03:55:00+09:00,0.0496,0.0496,0.0493,0.0494,38532.0
2025-04-18 04:00:00+09:00,0.0494,0.0494,0.0493,0.0494,13117.0
2025-04-18 04:05:00+09:00,0.0493,0.0494,0.0493,0.0494,8897.0
2025-04-18 04:10:00+09:00,0.0494,0.0494,0.0493,0.0493,10695.0
2025-04-18 04:15:00+09:00,0.0492,0.0493,0.0491,0.0491,22436.0
2025-04-18 04:20:00+09:00,0.049,0.0491,0.0489,0.049,165765.0
2025-04-18 04:25:00+09:00,0.049,0.049,0.049,0.049,0.0
2025-04-18 04:30:00+09:00,0.0489,0.0491,0.0488,0.0489,19333.0
2025-04-18 04:35:00+09:00,0.0489,0.0492,0.0489,0.0492,13168.0
2025-04-18 04:40:00+09:00,0.0492,0.0493,0.0491,0.0491,7535.0
2025-04-18 04:45:00+09:00,0.0491,0.0492,0.049,0.049,7929.0
2025-04-18 04:50:00+09:00,0.0491,0.0493,0.0491,0.0493,13703.0
2025-04-18 04:55:00+09:00,0.0492,0.0493,0.0492,0.0493,2392.0
2025-04-18 05:00:00+09:00,0.0493,0.0495,0.0493,0.0494,16709.0
2025-04-18 05:05:00+09:00,0.0495,0.0496,0.0495,0.0495,13748.0
2025-04-18 05:10:00+09:00,0.0495,0.0495,0.0493,0.0495,42030.0
2025-04-18 05:15:00+09:00,0.0496,0.0496,0.0494,0.0494,2866.0
2025-04-18 05:20:00+09:00,0.0495,0.0495,0.0495,0.0495,2185.0
2025-04-18 05:25:00+09:00,0.0496,0.0496,0.0494,0.0495,32859.0
2025-04-18 05:30:00+09:00,0.0495,0.0495,0.0494,0.0494,132470.0
2025-04-18 05:35:00+09:00,0.0494,0.0494,0.0494,0.0494,0.0
2025-04-18 05:40:00+09:00,0.0493,0.0493,0.0493,0.0493,33390.0
2025-04-18 05:45:00+09:00,0.0495,0.0496,0.0495,0.0496,6379.0
2025-04-18 05:50:00+09:00,0.0496,0.0496,0.0495,0.0496,6370.0
2025-04-18 05:55:00+09:00,0.0496,0.0497,0.0495,0.0496,16916.0
2025-04-18 06:00:00+09:00,0.0496,0.0497,0.0495,0.0495,32720.0
2025-04-18 06:05:00+09:00,0.0496,0.0496,0.0496,0.0496,161.0
2025-04-18 06:10:00+09:00,0.0495,0.0495,0.0494,0.0494,257.0
2025-04-18 06:15:00+09:00,0.0495,0.0496,0.0495,0.0496,2473.0
2025-04-18 06:20:00+09:00,0.0495,0.0495,0.0494,0.0494,2808.0
2025-04-18 06:25:00+09:00,0.0496,0.0496,0.0496,0.0496,351.0
2025-04-18 06:30:00+09:00,0.0495,0.0496,0.0495,0.0495,443.0
2025-04-18 06:35:00+09:00,0.0496,0.0496,0.0496,0.0496,104.0
2025-04-18 06:40:00+09:00,0.0494,0.0496,0.0494,0.0496,19282.0
2025-04-18 06:45:00+09:00,0.0496,0.0496,0.0496,0.0496,0.0
2025-04-18 06:50:00+09:00,0.0496,0.0496,0.0496,0.0496,0.0
2025-04-18 06:55:00+09:00,0.0496,0.0497,0.0495,0.0496,15911.0
2025-04-18 07:00:00+09:00,0.0497,0.0498,0.0497,0.0498,2750.0
2025-04-18 07:05:00+09:00,0.0497,0.0498,0.0496,0.0497,8367.0
2025-04-18 07:10:00+09:00,0.0497,0.0498,0.0496,0.0498,13519.0
2025-04-18 07:15:00+09:00,0.0497,0.0498,0.0496,0.0497,19747.0
2025-04-18 07:20:00+09:00,0.0496,0.0496,0.0494,0.0495,21667.0
2025-04-18 07:25:00+09:00,0.0494,0.0496,0.0494,0.0496,3151.0
2025-04-18 07:30:00+09:00,0.0495,0.0495,0.0494,0.0495,8860.0
2025-04-18 07:35:00+09:00,0.0493,0.0494,0.0493,0.0494,6644.0
2025-04-18 07:40:00+09:00,0.0493,0.0494,0.0493,0.0494,4036.0
2025-04-18 07:45:00+09:00,0.0492,0.0493,0.0492,0.0493,4590.0
2025-04-18 07:50:00+09:00,0.0492,0.0492,0.0491,0.0492,1147.0
2025-04-18 07:55:00+09:00,0.049,0.0491,0.0489,0.049,4178.0
2025-04-18 08:00:00+09:00,0.049,0.0491,0.0489,0.0491,10683.0
2025-04-18 08:05:00+09:00,0.0491,0.0491,0.0491,0.0491,1221.0
2025-04-18 08:10:00+09:00,0.0491,0.0491,0.049,0.0491,1041.0
2025-04-18 08:15:00+09:00,0.049,0.0493,0.049,0.0493,40928.0
2025-04-18 08:20:00+09:00,0.0492,0.0493,0.0492,0.0493,7246.0
2025-04-18 08:25:00+09:00,0.0493,0.0493,0.0493,0.0493,348.0
2025-04-18 08:30:00+09:00,0.0492,0.0494,0.0492,0.0493,15262.0
2025-04-18 08:35:00+09:00,0.0494,0.0494,0.0492,0.0493,2654.0
2025-04-18 08:40:00+09:00,0.0492,0.0492,0.0492,0.0492,238.0
2025-04-18 08:45:00+09:00,0.0491,0.0492,0.0491,0.0492,5072.0
2025-04-18 08:50:00+09:00,0.0492,0.0493,0.0492,0.0493,1759.0
2025-04-18 08:55:00+09:00,0.0492,0.0493,0.0491,0.0493,10766.0
2025-04-18 09:00:00+09:00,0.0493,0.0494,0.0492,0.0492,35943.0
2025-04-18 09:05:00+09:00,0.0492,0.0494,0.0492,0.0493,15847.0
2025-04-18 09:10:00+09:00,0.0493,0.0493,0.0493,0.0493,0.0
2025-04-18 09:15:00+09:00,0.0491,0.0491,0.049,0.049,6560.0
2025-04-18 09:20:00+09:00,0.049,0.049,0.049,0.049,11952.0
2025-04-18 09:25:00+09:00,0.049,0.0492,0.049,0.0491,15463.0
2025-04-18 09:30:00+09:00,0.0491,0.0491,0.049,0.0491,22792.0
2025-04-18 09:35:00+09:00,0.0491,0.0492,0.0491,0.0492,19725.0
2025-04-18 09:40:00+09:00,0.049,0.049,0.0489,0.0489,1992.0
2025-04-18 09:45:00+09:00,0.049,0.0491,0.0489,0.0489,30430.0
2025-04-18 09:50:00+09:00,0.0489,0.0489,0.0489,0.0489,2679.0
2025-04-18 09:55:00+09:00,0.0488,0.0489,0.0487,0.0489,18426.0
2025-04-18 10:00:00+09:00,0.049,0.049,0.0489,0.049,17136.0
2025-04-18 10:05:00+09:00,0.049,0.0491,0.049,0.0491,26794.0
2025-04-18 10:10:00+09:00,0.0491,0.0492,0.049,0.0492,23933.0
2025-04-18 10:15:00+09:00,0.0493,0.0494,0.0493,0.0493,19555.0
2025-04-18 10:20:00+09:00,0.0492,0.0493,0.0491,0.0493,13741.0
2025-04-18 10:25:00+09:00,0.0492,0.0494,0.0492,0.0492,13756.0
2025-04-18 10:30:00+09:00,0.0493,0.0494,0.0493,0.0493,10632.0
2025-04-18 10:35:00+09:00,0.0492,0.0492,0.0492,0.0492,2011.0
2025-04-18 10:40:00+09:00,0.049,0.049,0.0489,0.049,24610.0
2025-04-18 10:45:00+09:00,0.049,0.0491,0.049,0.0491,13177.0
2025-04-18 10:50:00+09:00,0.0491,0.0491,0.049,0.049,17826.0
2025-04-18 10:55:00+09:00,0.0491,0.0491,0.0491,0.0491,709.0
2025-04-18 11:00:00+09:00,0.0491,0.0493,0.0491,0.0491,13428.0
2025-04-18 11:05:00+09:00,0.0491,0.0492,0.049,0.049,28387.0
2025-04-18 11:10:00+09:00,0.049,0.0493,0.049,0.0491,39741.0
2025-04-18 11:15:00+09:00,0.0491,0.0492,0.0491,0.0492,50133.0
2025-04-18 11:20:00+09:00,0.0492,0.0493,0.0491,0.0493,23798.0
2025-04-18 11:25:00+09:00,0.0493,0.0494,0.0493,0.0493,26249.0
2025-04-18 11:30:00+09:00,0.0492,0.0492,0.0492,0.0492,3772.0
2025-04-18 11:35:00+09:00,0.0492,0.0493,0.0492,0.0493,34967.0
2025-04-18 11:40:00+09:00,0.0492,0.0493,0.0492,0.0493,20204.0
2025-04-18 11:45:00+09:00,0.0493,0.0494,0.0493,0.0494,28863.0
2025-04-18 11:50:00+09:00,0.0494,0.0495,0.0493,0.0493,13008.0
2025-04-18 11:55:00+09:00,0.0494,0.0495,0.0494,0.0495,50366.0
2025-04-18 12:00:00+09:00,0.0492,0.0494,0.0492,0.0494,11947.0
2025-04-18 12:05:00+09:00,0.0493,0.0494,0.0491,0.0493,20593.0
2025-04-18 12:10:00+09:00,0.0492,0.0494,0.0492,0.0494,623.0
2025-04-18 12:15:00+09:00,0.0494,0.0494,0.0494,0.0494,9509.0
2025-04-18 12:20:00+09:00,0.0494,0.0496,0.0494,0.0495,45703.0
2025-04-18 12:25:00+09:00,0.0493,0.0495,0.0493,0.0495,6557.0
2025-04-18 12:30:00+09:00,0.0495,0.0496,0.0495,0.0496,27868.0
2025-04-18 12:35:00+09:00,0.0496,0.0496,0.0496,0.0496,7796.0
2025-04-18 12:40:00+09:00,0.0496,0.0497,0.0496,0.0496,29650.0
2025-04-18 12:45:00+09:00,0.0496,0.0497,0.0495,0.0496,20454.0
2025-04-18 12:50:00+09:00,0.0496,0.0498,0.0496,0.0497,19935.0
2025-04-18 12:55:00+09:00,0.0497,0.0498,0.0496,0.0497,21185.0
2025-04-18 13:00:00+09:00,0.0497,0.0498,0.0497,0.0497,20668.0
2025-04-18 13:05:00+09:00,0.0497,0.0497,0.0495,0.0495,71849.0
2025-04-18 13:10:00+09:00,0.0496,0.0497,0.0495,0.0496,18578.0
2025-04-18 13:15:00+09:00,0.0496,0.0496,0.0495,0.0496,4506.0
2025-04-18 13:20:00+09:00,0.0497,0.0498,0.0497,0.0498,9334.0
2025-04-18 13:25:00+09:00,0.0498,0.0499,0.0498,0.0499,15104.0
2025-04-18 13:30:00+09:00,0.0499,0.05,0.0499,0.0499,15812.0
2025-04-18 13:35:00+09:00,0.05,0.05,0.0499,0.0499,17268.0
2025-04-18 13:40:00+09:00,0.0499,0.0501,0.0499,0.0499,96117.0
2025-04-18 13:45:00+09:00,0.05,0.05,0.05,0.05,228.0
2025-04-18 13:50:00+09:00,0.05,0.05,0.05,0.05,2396.0
2025-04-18 13:55:00+09:00,0.05,0.0502,0.05,0.05,32383.0
2025-04-18 14:00:00+09:00,0.0501,0.0501,0.0499,0.05,1570.0
2025-04-18 14:05:00+09:00,0.05,0.05,0.0499,0.0499,12018.0
2025-04-18 14:10:00+09:00,0.0498,0.05,0.0498,0.05,3001.0
2025-04-18 14:15:00+09:00,0.0501,0.0501,0.05,0.05,8518.0
2025-04-18 14:20:00+09:00,0.05,0.0501,0.05,0.0501,5798.0
2025-04-18 14:25:00+09:00,0.0499,0.0499,0.0499,0.0499,266.0
2025-04-18 14:30:00+09:00,0.0501,0.0501,0.0501,0.0501,623.0
2025-04-18 14:35:00+09:00,0.0501,0.0502,0.0501,0.0502,18963.0
2025-04-18 14:40:00+09:00,0.05,0.0502,0.05,0.0502,3659.0
2025-04-18 14:45:00+09:00,0.0501,0.0502,0.05,0.0502,5341.0
2025-04-18 14:50:00+09:00,0.0501,0.0504,0.0501,0.0504,44246.0
2025-04-18 14:55:00+09:00,0.0504,0.0505,0.0503,0.0504,44218.0
2025-04-18 15:00:00+09:00,0.0504,0.0504,0.0504,0.0504,1000.0
2025-04-18 15:05:00+09:00,0.0502,0.0504,0.0501,0.0503,90329.0
2025-04-18 15:10:00+09:00,0.0503,0.0503,0.0503,0.0503,551.0
2025-04-18 15:15:00+09:00,0.0502,0.0504,0.0502,0.0504,4242.0
2025-04-18 15:20:00+09:00,0.0501,0.0502,0.0501,0.0502,703.0
2025-04-18 15:25:00+09:00,0.0502,0.0504,0.0502,0.0504,44264.0
2025-04-18 15:30:00+09:00,0.0505,0.0505,0.0502,0.0502,23014.0
2025-04-18 15:35:00+09:00,0.0502,0.0503,0.0502,0.0502,41654.0
2025-04-18 15:40:00+09:00,0.0501,0.0503,0.0501,0.0503,7455.0
2025-04-18 15:45:00+09:00,0.0503,0.0503,0.0502,0.0502,5126.0
2025-04-18 15:50:00+09:00,0.0502,0.0503,0.0502,0.0503,5569.0
2025-04-18 15:55:00+09:00,0.0502,0.0505,0.0502,0.0505,129864.0
2025-04-18 16:00:00+09:00,0.0504,0.0505,0.0504,0.0504,22187.0
2025-04-18 16:05:00+09:00,0.0505,0.0505,0.0504,0.0504,47554.0
2025-04-18 16:10:00+09:00,0.0504,0.0506,0.0504,0.0506,53431.0
2025-04-18 16:15:00+09:00,0.0507,0.0508,0.0505,0.0506,213969.0
2025-04-18 16:20:00+09:00,0.0505,0.0505,0.0503,0.0504,60710.0
2025-04-18 16:25:00+09:00,0.0503,0.0506,0.0503,0.0506,77005.0
2025-04-18 16:30:00+09:00,0.0506,0.0507,0.0506,0.0507,14963.0
2025-04-18 16:35:00+09:00,0.0506,0.0507,0.0505,0.0506,6819.0
2025-04-18 16:40:00+09:00,0.0504,0.0506,0.0504,0.0506,7699.0
2025-04-18 16:45:00+09:00,0.0506,0.0507,0.0506,0.0507,50889.0
2025-04-18 16:50:00+09:00,0.0507,0.0507,0.0507,0.0507,0.0
2025-04-18 16:55:00+09:00,0.0507,0.0509,0.0507,0.0507,22959.0
2025-04-18 17:00:00+09:00,0.0507,0.0511,0.0507,0.0507,24664.0
2025-04-18 17:05:00+09:00,0.0507,0.0508,0.0506,0.0506,28860.0
2025-04-18 17:10:00+09:00,0.0505,0.0506,0.0505,0.0506,407.0
2025-04-18 17:15:00+09:00,0.0507,0.0507,0.0506,0.0506,8190.0
2025-04-18 17:20:00+09:00,0.0506,0.0508,0.0505,0.0508,25397.0
2025-04-18 17:25:00+09:00,0.0507,0.0507,0.0507,0.0507,255.0
2025-04-18 17:30:00+09:00,0.0509,0.0509,0.0509,0.0509,1740.0
2025-04-18 17:35:00+09:00,0.051,0.0511,0.0509,0.0511,8714.0
2025-04-18 17:40:00+09:00,0.0509,0.0512,0.0509,0.0512,11087.0
2025-04-18 17:45:00+09:00,0.0511,0.0511,0.051,0.051,2183.0
2025-04-18 17:50:00+09:00,0.0511,0.0511,0.0509,0.0509,2273.0
2025-04-18 17:55:00+09:00,0.0509,0.0512,0.0509,0.0511,2310.0
2025-04-18 18:00:00+09:00,0.0511,0.0513,0.0511,0.0512,11079.0
2025-04-18 18:05:00+09:00,0.0512,0.0512,0.051,0.051,38699.0
2025-04-18 18:10:00+09:00,0.0509,0.051,0.0509,0.051,7862.0
2025-04-18 18:15:00+09:00,0.0509,0.0512,0.0509,0.0511,117057.0
2025-04-18 18:20:00+09:00,0.0511,0.0511,0.0511,0.0511,0.0
2025-04-18 18:25:00+09:00,0.0513,0.0513,0.0512,0.0512,2416.0
2025-04-18 18:30:00+09:00,0.0513,0.0514,0.0513,0.0514,14114.0
2025-04-18 18:35:00+09:00,0.0514,0.0514,0.0511,0.0511,5084.0
2025-04-18 18:40:00+09:00,0.0513,0.0513,0.0512,0.0513,5818.0
2025-04-18 18:45:00+09:00,0.0513,0.0513,0.0513,0.0513,4131.0
2025-04-18 18:50:00+09:00,0.0511,0.0511,0.0511,0.0511,508.0
2025-04-18 18:55:00+09:00,0.0513,0.0513,0.0511,0.0511,5131.0
2025-04-18 19:00:00+09:00,0.0512,0.0513,0.0511,0.0511,54197.0
2025-04-18 19:05:00+09:00,0.0511,0.0514,0.0511,0.0514,9545.0
2025-04-18 19:10:00+09:00,0.0512,0.0514,0.0512,0.0513,9902.0
2025-04-18 19:15:00+09:00,0.0512,0.0512,0.0511,0.0512,67127.0
2025-04-18 19:20:00+09:00,0.0512,0.0512,0.051,0.051,2882.0
2025-04-18 19:25:00+09:00,0.0511,0.0511,0.0511,0.0511,1144.0
2025-04-18 19:30:00+09:00,0.0511,0.0511,0.0511,0.0511,25064.0
2025-04-18 19:35:00+09:00,0.051,0.051,0.0508,0.0508,18930.0
2025-04-18 19:40:00+09:00,0.0509,0.0509,0.0509,0.0509,16116.0
2025-04-18 19:45:00+09:00,0.0509,0.0511,0.0509,0.0511,5771.0
2025-04-18 19:50:00+09:00,0.051,0.0512,0.051,0.0511,2789.0
2025-04-18 19:55:00+09:00,0.0509,0.0509,0.0509,0.0509,4461.0
2025-04-18 20:00:00+09:00,0.0512,0.0512,0.051,0.051,5957.0
2025-04-18 20:05:00+09:00,0.0509,0.051,0.0509,0.051,10326.0
2025-04-18 20:10:00+09:00,0.0512,0.0513,0.0512,0.0513,4240.0
2025-04-18 20:15:00+09:00,0.0513,0.0513,0.0512,0.0512,3458.0
2025-04-18 20:20:00+09:00,0.0513,0.0513,0.0512,0.0513,15496.0
2025-04-18 20:25:00+09:00,0.0512,0.0512,0.051,0.051,44954.0
2025-04-18 20:30:00+09:00,0.051,0.051,0.051,0.051,692.0
2025-04-18 20:35:00+09:00,0.0512,0.0512,0.051,0.051,3528.0
2025-04-18 20:40:00+09:00,0.051,0.0511,0.051,0.0511,459.0
2025-04-18 20:45:00+09:00,0.0511,0.0512,0.0511,0.0512,35220.0
2025-04-18 20:50:00+09:00,0.051,0.0511,0.051,0.0511,7250.0
2025-04-18 20:55:00+09:00,0.051,0.0511,0.051,0.051,495.0
2025-04-18 21:00:00+09:00,0.0511,0.0513,0.0511,0.0512,39314.0
2025-04-18 21:05:00+09:00,0.0511,0.0511,0.0511,0.0511,9431.0
2025-04-18 21:10:00+09:00,0.051,0.051,0.051,0.051,24106.0
2025-04-18 21:15:00+09:00,0.051,0.051,0.0509,0.051,24290.0
2025-04-18 21:20:00+09:00,0.0509,0.0512,0.0509,0.0512,28452.0
2025-04-18 21:25:00+09:00,0.0512,0.0512,0.0512,0.0512,148.0
2025-04-18 21:30:00+09:00,0.0511,0.0514,0.0511,0.0513,7183.0
2025-04-18 21:35:00+09:00,0.0513,0.0514,0.0512,0.0513,29410.0
2025-04-18 21:40:00+09:00,0.0514,0.0514,0.0514,0.0514,470.0
2025-04-18 21:45:00+09:00,0.0514,0.0515,0.0514,0.0514,7194.0
2025-04-18 21:50:00+09:00,0.0514,0.0514,0.0513,0.0513,14320.0
2025-04-18 21:55:00+09:00,0.0513,0.0517,0.0513,0.0517,76036.0
2025-04-18 22:00:00+09:00,0.0515,0.0518,0.0515,0.0517,97025.0
2025-04-18 22:05:00+09:00,0.0517,0.0524,0.0516,0.0518,1029999.0
2025-04-18 22:10:00+09:00,0.0516,0.0517,0.0516,0.0516,30178.0
2025-04-18 22:15:00+09:00,0.0517,0.0517,0.0516,0.0517,29016.0
2025-04-18 22:20:00+09:00,0.0517,0.0517,0.0516,0.0516,20742.0
2025-04-18 22:25:00+09:00,0.0516,0.0517,0.0515,0.0516,18449.0
2025-04-18 22:30:00+09:00,0.0516,0.0517,0.0516,0.0517,13583.0
2025-04-18 22:35:00+09:00,0.0516,0.0517,0.0516,0.0517,9512.0
2025-04-18 22:40:00+09:00,0.0515,0.0516,0.0514,0.0515,24454.0
2025-04-18 22:45:00+09:00,0.0515,0.0516,0.0514,0.0516,51686.0
2025-04-18 22:50:00+09:00,0.0516,0.0517,0.0516,0.0517,2785.0
2025-04-18 22:55:00+09:00,0.0517,0.0518,0.0517,0.0518,33392.0
2025-04-18 23:00:00+09:00,0.0518,0.0519,0.0516,0.0518,62081.0
2025-04-18 23:05:00+09:00,0.0518,0.0518,0.0515,0.0516,28358.0
2025-04-18 23:10:00+09:00,0.0516,0.0517,0.0516,0.0516,13282.0
2025-04-18 23:15:00+09:00,0.0515,0.0515,0.0514,0.0515,99587.0
2025-04-18 23:20:00+09:00,0.0514,0.0516,0.0514,0.0516,27524.0
2025-04-18 23:25:00+09:00,0.0516,0.0519,0.0515,0.0517,200424.0
2025-04-18 23:30:00+09:00,0.0516,0.0516,0.0512,0.0514,254177.0
2025-04-18 23:35:00+09:00,0.0513,0.0515,0.0513,0.0515,53417.0
2025-04-18 23:40:00+09:00,0.0514,0.0515,0.0514,0.0515,4044.0
2025-04-18 23:45:00+09:00,0.0515,0.0516,0.0514,0.0514,24755.0
2025-04-18 23:50:00+09:00,0.0515,0.0515,0.0513,0.0514,51190.0
2025-04-18 23:55:00+09:00,0.0514,0.0515,0.0514,0.0515,38883.0
2025-04-19 00:00:00+09:00,0.0515,0.0517,0.0514,0.0515,15304.0
2025-04-19 00:05:00+09:00,0.0514,0.0515,0.0512,0.0513,54979.0
2025-04-19 00:10:00+09:00,0.0513,0.0514,0.0512,0.0513,30055.0
2025-04-19 00:15:00+09:00,0.0513,0.0514,0.0513,0.0514,12696.0
2025-04-19 00:20:00+09:00,0.0514,0.0514,0.0513,0.0513,57530.0
2025-04-19 00:25:00+09:00,0.0512,0.0513,0.0512,0.0512,21884.0
2025-04-19 00:30:00+09:00,0.0512,0.0514,0.0512,0.0513,44880.0
2025-04-19 00:35:00+09:00,0.0513,0.0514,0.0513,0.0514,24577.0
2025-04-19 00:40:00+09:00,0.0513,0.0515,0.0513,0.0514,18084.0
2025-04-19 00:45:00+09:00,0.0513,0.0515,0.0511,0.0515,38525.0
2025-04-19 00:50:00+09:00,0.0515,0.0515,0.0513,0.0514,24945.0
2025-04-19 00:55:00+09:00,0.0513,0.0516,0.0513,0.0515,40384.0
2025-04-19 01:00:00+09:00,0.0515,0.0516,0.0513,0.0515,91551.0
2025-04-19 01:05:00+09:00,0.0514,0.0515,0.0514,0.0514,23283.0
2025-04-19 01:10:00+09:00,0.0514,0.0516,0.0514,0.0515,21949.0
2025-04-19 01:15:00+09:00,0.0514,0.0516,0.0514,0.0514,46103.0
2025-04-19 01:20:00+09:00,0.0515,0.0516,0.0515,0.0516,5252.0
2025-04-19 01:25:00+09:00,0.0516,0.0516,0.0515,0.0515,8437.0
2025-04-19 01:30:00+09:00,0.0516,0.0517,0.0515,0.0515,73259.0
2025-04-19 01:35:00+09:00,0.0515,0.0517,0.0514,0.0517,36626.0
2025-04-19 01:40:00+09:00,0.0516,0.0516,0.0515,0.0515,7011.0
2025-04-19 01:45:00+09:00,0.0515,0.0516,0.0514,0.0515,34606.0
2025-04-19 01:50:00+09:00,0.0515,0.0516,0.0515,0.0516,6137.0
2025-04-19 01:55:00+09:00,0.0515,0.0517,0.0515,0.0516,21197.0
2025-04-19 02:00:00+09:00,0.0516,0.0518,0.0515,0.0516,22219.0
2025-04-19 02:05:00+09:00,0.0517,0.0518,0.0516,0.0518,6085.0
2025-04-19 02:10:00+09:00,0.0517,0.052,0.0517,0.0518,47016.0
2025-04-19 02:15:00+09:00,0.0518,0.0519,0.0518,0.0518,19336.0
2025-04-19 02:20:00+09:00,0.0518,0.0518,0.0517,0.0517,6344.0
2025-04-19 02:25:00+09:00,0.0517,0.0518,0.0517,0.0517,21818.0
2025-04-19 02:30:00+09:00,0.0519,0.0521,0.0518,0.052,60781.0
2025-04-19 02:35:00+09:00,0.0519,0.052,0.0519,0.052,11885.0
2025-04-19 02:40:00+09:00,0.0522,0.0523,0.052,0.0521,9243.0
2025-04-19 02:45:00+09:00,0.0522,0.0523,0.0521,0.0521,43819.0
2025-04-19 02:50:00+09:00,0.0521,0.0523,0.0521,0.0522,44312.0
2025-04-19 02:55:00+09:00,0.0521,0.0524,0.0521,0.0523,102500.0
2025-04-19 03:00:00+09:00,0.0523,0.0523,0.052,0.0521,139057.0
2025-04-19 03:05:00+09:00,0.052,0.0522,0.052,0.0522,44790.0
2025-04-19 03:10:00+09:00,0.0521,0.0523,0.0521,0.0523,9192.0
2025-04-19 03:15:00+09:00,0.0522,0.0523,0.0522,0.0522,9176.0
2025-04-19 03:20:00+09:00,0.0522,0.0523,0.0521,0.0522,35408.0
2025-04-19 03:25:00+09:00,0.0522,0.0522,0.0522,0.0522,1583.0
2025-04-19 03:30:00+09:00,0.0522,0.0522,0.052,0.0521,27903.0
2025-04-19 03:35:00+09:00,0.052,0.0521,0.052,0.0521,2120.0
2025-04-19 03:40:00+09:00,0.0521,0.0522,0.052,0.0522,22035.0
2025-04-19 03:45:00+09:00,0.0521,0.0523,0.052,0.0522,140340.0
2025-04-19 03:50:00+09:00,0.0522,0.0523,0.0521,0.0523,114418.0
2025-04-19 03:55:00+09:00,0.0522,0.0522,0.0521,0.0522,12952.0
2025-04-19 04:00:00+09:00,0.0522,0.0522,0.052,0.052,43662.0
2025-04-19 04:05:00+09:00,0.0521,0.0522,0.052,0.052,5972.0
2025-04-19 04:10:00+09:00,0.0521,0.0523,0.0521,0.0522,7455.0
2025-04-19 04:15:00+09:00,0.0522,0.0522,0.0521,0.0521,4290.0
2025-04-19 04:20:00+09:00,0.0522,0.0522,0.0521,0.0521,11899.0
2025-04-19 04:25:00+09:00,0.0521,0.0522,0.052,0.0521,10582.0
2025-04-19 04:30:00+09:00,0.0521,0.0522,0.0521,0.0522,10927.0
2025-04-19 04:35:00+09:00,0.0521,0.0523,0.052,0.0522,14199.0
2025-04-19 04:40:00+09:00,0.0522,0.0524,0.0522,0.0523,60211.0
2025-04-19 04:45:00+09:00,0.0522,0.0523,0.0521,0.0521,6475.0
2025-04-19 04:50:00+09:00,0.0521,0.0523,0.052,0.0521,3206.0
2025-04-19 04:55:00+09:00,0.0522,0.0523,0.0521,0.0523,21021.0
2025-04-19 05:00:00+09:00,0.0522,0.0523,0.0521,0.0522,7914.0
2025-04-19 05:05:00+09:00,0.0522,0.0523,0.0522,0.0522,61697.0
2025-04-19 05:10:00+09:00,0.0522,0.0522,0.0522,0.0522,5197.0
2025-04-19 05:15:00+09:00,0.0524,0.0525,0.0523,0.0524,25706.0
2025-04-19 05:20:00+09:00,0.0524,0.0524,0.0524,0.0524,0.0
2025-04-19 05:25:00+09:00,0.0524,0.0525,0.0524,0.0525,471.0
2025-04-19 05:30:00+09:00,0.0523,0.0523,0.0522,0.0522,691.0
2025-04-19 05:35:00+09:00,0.0523,0.0525,0.0523,0.0524,25038.0
2025-04-19 05:40:00+09:00,0.0523,0.0523,0.0522,0.0522,5936.0
2025-04-19 05:45:00+09:00,0.0523,0.0523,0.0523,0.0523,1126.0
2025-04-19 05:50:00+09:00,0.0524,0.0525,0.0524,0.0525,8141.0
2025-04-19 05:55:00+09:00,0.0524,0.0526,0.0524,0.0526,26458.0
2025-04-19 06:00:00+09:00,0.0524,0.0525,0.0523,0.0523,39018.0
2025-04-19 06:05:00+09:00,0.0523,0.0525,0.0523,0.0524,20317.0
2025-04-19 06:10:00+09:00,0.0524,0.0526,0.0524,0.0524,11466.0
2025-04-19 06:15:00+09:00,0.0524,0.0524,0.0522,0.0522,19767.0
2025-04-19 06:20:00+09:00,0.0522,0.0524,0.0522,0.0522,71538.0
2025-04-19 06:25:00+09:00,0.0522,0.0522,0.0522,0.0522,512.0
2025-04-19 06:30:00+09:00,0.0523,0.0526,0.0522,0.0526,9225.0
2025-04-19 06:35:00+09:00,0.0524,0.0525,0.0524,0.0524,32437.0
2025-04-19 06:40:00+09:00,0.0523,0.0525,0.0523,0.0525,21866.0
2025-04-19 06:45:00+09:00,0.0524,0.0524,0.0523,0.0524,1235.0
2025-04-19 06:50:00+09:00,0.0523,0.0525,0.0523,0.0525,89557.0
2025-04-19 06:55:00+09:00,0.0525,0.0527,0.0524,0.0527,36765.0
2025-04-19 07:00:00+09:00,0.0527,0.0528,0.0525,0.0526,128862.0
2025-04-19 07:05:00+09:00,0.0525,0.0526,0.0525,0.0525,8763.0
2025-04-19 07:10:00+09:00,0.0524,0.0525,0.0523,0.0525,14896.0
2025-04-19 07:15:00+09:00,0.0525,0.0525,0.0522,0.0524,67812.0
2025-04-19 07:20:00+09:00,0.0523,0.0525,0.0522,0.0525,24550.0
2025-04-19 07:25:00+09:00,0.0524,0.0525,0.0524,0.0525,5241.0
2025-04-19 07:30:00+09:00,0.0524,0.0525,0.0524,0.0525,1235.0
2025-04-19 07:35:00+09:00,0.0525,0.0525,0.0524,0.0525,1220.0
2025-04-19 07:40:00+09:00,0.0524,0.0526,0.0524,0.0526,5818.0
2025-04-19 07:45:00+09:00,0.0525,0.0525,0.0523,0.0524,5008.0
2025-04-19 07:50:00+09:00,0.0523,0.0525,0.0523,0.0525,24629.0
2025-04-19 07:55:00+09:00,0.0524,0.0525,0.0524,0.0525,40926.0
2025-04-19 08:00:00+09:00,0.0525,0.0526,0.0523,0.0524,53565.0
2025-04-19 08:05:00+09:00,0.0524,0.0525,0.0523,0.0524,8252.0
2025-04-19 08:10:00+09:00,0.0523,0.0524,0.0523,0.0524,5973.0
2025-04-19 08:15:00+09:00,0.0524,0.0524,0.0522,0.0523,2858.0
2025-04-19 08:20:00+09:00,0.0522,0.0523,0.0521,0.0522,48478.0
2025-04-19 08:25:00+09:00,0.0521,0.0523,0.052,0.0523,51131.0
2025-04-19 08:30:00+09:00,0.0521,0.0523,0.0521,0.0523,6805.0
2025-04-19 08:35:00+09:00,0.0523,0.0524,0.0523,0.0524,22020.0
2025-04-19 08:40:00+09:00,0.0524,0.0525,0.0523,0.0524,11504.0
2025-04-19 08:45:00+09:00,0.0524,0.0524,0.0522,0.0523,5907.0
2025-04-19 08:50:00+09:00,0.0523,0.0523,0.0522,0.0523,1609.0
2025-04-19 08:55:00+09:00,0.0523,0.0523,0.0522,0.0523,18264.0
2025-04-19 09:00:00+09:00,0.0523,0.0524,0.0521,0.0524,35714.0
2025-04-19 09:05:00+09:00,0.0524,0.0524,0.0522,0.0523,20167.0
2025-04-19 09:10:00+09:00,0.0523,0.0523,0.0523,0.0523,6204.0
2025-04-19 09:15:00+09:00,0.0524,0.0528,0.0524,0.0527,150233.0
2025-04-19 09:20:00+09:00,0.0528,0.0531,0.0527,0.053,176930.0
2025-04-19 09:25:00+09:00,0.0529,0.053,0.0528,0.0528,4761.0
2025-04-19 09:30:00+09:00,0.0527,0.0527,0.0525,0.0527,21653.0
2025-04-19 09:35:00+09:00,0.0528,0.0529,0.0526,0.0527,43967.0
2025-04-19 09:40:00+09:00,0.0527,0.0528,0.0526,0.0528,7820.0
2025-04-19 09:45:00+09:00,0.0527,0.0527,0.0525,0.0526,26369.0
2025-04-19 09:50:00+09:00,0.0527,0.0528,0.0527,0.0527,1611.0
2025-04-19 09:55:00+09:00,0.0528,0.0529,0.0527,0.0528,4371.0
2025-04-19 10:00:00+09:00,0.0528,0.0531,0.0528,0.053,20261.0
2025-04-19 10:05:00+09:00,0.0531,0.0533,0.0531,0.0531,56427.0
2025-04-19 10:10:00+09:00,0.053,0.0532,0.053,0.0532,17613.0
2025-04-19 10:15:00+09:00,0.0531,0.0532,0.053,0.053,6586.0
2025-04-19 10:20:00+09:00,0.053,0.0532,0.0529,0.0531,23955.0
2025-04-19 10:25:00+09:00,0.053,0.0532,0.053,0.0532,6324.0
2025-04-19 10:30:00+09:00,0.0531,0.0532,0.053,0.0532,8779.0
2025-04-19 10:35:00+09:00,0.0531,0.0531,0.053,0.053,6728.0
2025-04-19 10:40:00+09:00,0.0531,0.0532,0.053,0.0532,19311.0
2025-04-19 10:45:00+09:00,0.0531,0.0532,0.0529,0.0531,20319.0
2025-04-19 10:50:00+09:00,0.0529,0.0531,0.0528,0.0531,169718.0
2025-04-19 10:55:00+09:00,0.0531,0.0533,0.053,0.0533,16628.0
2025-04-19 11:00:00+09:00,0.0533,0.0534,0.053,0.053,43944.0
2025-04-19 11:05:00+09:00,0.0531,0.0533,0.053,0.0531,24511.0
2025-04-19 11:10:00+09:00,0.0532,0.0535,0.0532,0.0534,75287.0
2025-04-19 11:15:00+09:00,0.0533,0.0535,0.0532,0.0532,7753.0
2025-04-19 11:20:00+09:00,0.0533,0.0534,0.0533,0.0534,4553.0
2025-04-19 11:25:00+09:00,0.0534,0.0535,0.0533,0.0535,4553.0
2025-04-19 11:30:00+09:00,0.0535,0.0535,0.0534,0.0534,13487.0
2025-04-19 11:35:00+09:00,0.0534,0.0536,0.0534,0.0536,223810.0
2025-04-19 11:40:00+09:00,0.0537,0.0537,0.0535,0.0535,46476.0
2025-04-19 11:45:00+09:00,0.0536,0.0537,0.0536,0.0536,20696.0
2025-04-19 11:50:00+09:00,0.0534,0.0535,0.0533,0.0534,19296.0
2025-04-19 11:55:00+09:00,0.0535,0.0536,0.0534,0.0536,9184.0
2025-04-19 12:00:00+09:00,0.0536,0.0536,0.0534,0.0534,1925.0
2025-04-19 12:05:00+09:00,0.0534,0.0536,0.0534,0.0535,33068.0
2025-04-19 12:10:00+09:00,0.0535,0.0536,0.0535,0.0535,4638.0
2025-04-19 12:15:00+09:00,0.0536,0.0536,0.0535,0.0535,1280.0
2025-04-19 12:20:00+09:00,0.0535,0.054,0.0535,0.0538,63811.0
2025-04-19 12:25:00+09:00,0.0538,0.054,0.0538,0.054,41348.0
2025-04-19 12:30:00+09:00,0.0539,0.0539,0.0537,0.0538,19744.0
2025-04-19 12:35:00+09:00,0.0539,0.0539,0.0537,0.0537,17427.0
2025-04-19 12:40:00+09:00,0.0536,0.0537,0.0536,0.0536,2886.0
2025-04-19 12:45:00+09:00,0.0536,0.0537,0.0536,0.0537,31161.0
2025-04-19 12:50:00+09:00,0.0537,0.0537,0.0536,0.0537,1392.0
2025-04-19 12:55:00+09:00,0.0536,0.0536,0.0535,0.0536,13652.0
2025-04-19 13:00:00+09:00,0.0536,0.0536,0.0533,0.0534,18187.0
2025-04-19 13:05:00+09:00,0.0535,0.0535,0.0534,0.0535,7457.0
2025-04-19 13:10:00+09:00,0.0534,0.0535,0.0534,0.0535,14947.0
2025-04-19 13:15:00+09:00,0.0533,0.0535,0.0533,0.0534,2150.0
2025-04-19 13:20:00+09:00,0.0534,0.0536,0.0534,0.0536,32087.0
2025-04-19 13:25:00+09:00,0.0535,0.0536,0.0534,0.0536,32916.0
2025-04-19 13:30:00+09:00,0.0535,0.0535,0.0534,0.0534,14969.0
2025-04-19 13:35:00+09:00,0.0534,0.0534,0.0534,0.0534,9694.0
2025-04-19 13:40:00+09:00,0.0534,0.0536,0.0534,0.0536,4129.0
2025-04-19 13:45:00+09:00,0.0535,0.0535,0.0535,0.0535,5588.0
2025-04-19 13:50:00+09:00,0.0535,0.0537,0.0535,0.0535,5623.0
2025-04-19 13:55:00+09:00,0.0535,0.0536,0.0533,0.0534,23969.0
2025-04-19 14:00:00+09:00,0.0535,0.0535,0.0535,0.0535,6957.0
2025-04-19 14:05:00+09:00,0.0535,0.0535,0.0535,0.0535,0.0
2025-04-19 14:10:00+09:00,0.0533,0.0533,0.0531,0.0532,43125.0
2025-04-19 14:15:00+09:00,0.0532,0.0533,0.0532,0.0532,1415.0
2025-04-19 14:20:00+09:00,0.0533,0.0533,0.0533,0.0533,2574.0
2025-04-19 14:25:00+09:00,0.0533,0.0534,0.0533,0.0534,1835.0
2025-04-19 14:30:00+09:00,0.0533,0.0534,0.0533,0.0534,764.0
2025-04-19 14:35:00+09:00,0.0532,0.0533,0.0532,0.0533,9002.0
2025-04-19 14:40:00+09:00,0.0532,0.0535,0.0532,0.0535,9145.0
2025-04-19 14:45:00+09:00,0.0534,0.0535,0.0533,0.0535,15253.0
2025-04-19 14:50:00+09:00,0.0534,0.0535,0.0534,0.0535,293.0
2025-04-19 14:55:00+09:00,0.0534,0.0535,0.0534,0.0535,1257.0
2025-04-19 15:00:00+09:00,0.0535,0.0536,0.0533,0.0533,28658.0
2025-04-19 15:05:00+09:00,0.0533,0.0533,0.0532,0.0533,12241.0
2025-04-19 15:10:00+09:00,0.0531,0.0533,0.0531,0.0532,11316.0
2025-04-19 15:15:00+09:00,0.0531,0.0532,0.0531,0.0532,735.0
2025-04-19 15:20:00+09:00,0.0532,0.0533,0.0531,0.0533,25690.0
2025-04-19 15:25:00+09:00,0.0532,0.0533,0.0532,0.0533,3981.0
2025-04-19 15:30:00+09:00,0.0532,0.0532,0.053,0.0532,97546.0
2025-04-19 15:35:00+09:00,0.0531,0.0532,0.0531,0.0532,29309.0
2025-04-19 15:40:00+09:00,0.0531,0.0533,0.0531,0.0533,78484.0
2025-04-19 15:45:00+09:00,0.0532,0.0533,0.0532,0.0533,28349.0
2025-04-19 15:50:00+09:00,0.0533,0.0537,0.0533,0.0537,146551.0
2025-04-19 15:55:00+09:00,0.0537,0.0539,0.0536,0.0537,95311.0
2025-04-19 16:00:00+09:00,0.0536,0.0538,0.0535,0.0537,20447.0
2025-04-19 16:05:00+09:00,0.0538,0.0538,0.0535,0.0535,39941.0
2025-04-19 16:10:00+09:00,0.0534,0.0536,0.0534,0.0536,35414.0
2025-04-19 16:15:00+09:00,0.0536,0.0538,0.0536,0.0538,20636.0
2025-04-19 16:20:00+09:00,0.0537,0.054,0.0537,0.054,115100.0
2025-04-19 16:25:00+09:00,0.0539,0.054,0.0538,0.054,10363.0
2025-04-19 16:30:00+09:00,0.0539,0.0542,0.0539,0.0542,9800.0
2025-04-19 16:35:00+09:00,0.0541,0.0546,0.0541,0.0542,238020.0
2025-04-19 16:40:00+09:00,0.0541,0.0544,0.0541,0.0544,51154.0
2025-04-19 16:45:00+09:00,0.0542,0.0544,0.0542,0.0544,40897.0
2025-04-19 16:50:00+09:00,0.0543,0.0545,0.0543,0.0545,83480.0
2025-04-19 16:55:00+09:00,0.0545,0.0546,0.0544,0.0546,43437.0
2025-04-19 17:00:00+09:00,0.0546,0.0546,0.0545,0.0546,13180.0
2025-04-19 17:05:00+09:00,0.0547,0.0548,0.0542,0.0542,122807.0
2025-04-19 17:10:00+09:00,0.0542,0.0544,0.0541,0.0543,211971.0
2025-04-19 17:15:00+09:00,0.0542,0.0542,0.054,0.0541,70528.0
2025-04-19 17:20:00+09:00,0.0541,0.0542,0.054,0.0542,14070.0
2025-04-19 17:25:00+09:00,0.0541,0.0545,0.0541,0.0545,24630.0
2025-04-19 17:30:00+09:00,0.0546,0.0547,0.0543,0.0543,57892.0
2025-04-19 17:35:00+09:00,0.0544,0.0546,0.0544,0.0544,153568.0
2025-04-19 17:40:00+09:00,0.0543,0.0546,0.0543,0.0546,47077.0
2025-04-19 17:45:00+09:00,0.0546,0.0547,0.0545,0.0546,16734.0
2025-04-19 17:50:00+09:00,0.0545,0.0545,0.0545,0.0545,17405.0
2025-04-19 17:55:00+09:00,0.0544,0.0544,0.0543,0.0543,2593.0
2025-04-19 18:00:00+09:00,0.0543,0.0544,0.0541,0.0542,108801.0
2025-04-19 18:05:00+09:00,0.0541,0.0542,0.0541,0.0542,27878.0
2025-04-19 18:10:00+09:00,0.0543,0.0543,0.0543,0.0543,9962.0
2025-04-19 18:15:00+09:00,0.0542,0.0545,0.0542,0.0544,22951.0
2025-04-19 18:20:00+09:00,0.0543,0.0544,0.0543,0.0543,13150.0
2025-04-19 18:25:00+09:00,0.0542,0.0544,0.0542,0.0543,3987.0
2025-04-19 18:30:00+09:00,0.0542,0.0542,0.0542,0.0542,1040.0
2025-04-19 18:35:00+09:00,0.0541,0.0541,0.0541,0.0541,8008.0
2025-04-19 18:40:00+09:00,0.0541,0.0542,0.054,0.0542,21325.0
2025-04-19 18:45:00+09:00,0.0542,0.0542,0.0542,0.0542,1070.0
2025-04-19 18:50:00+09:00,0.0541,0.0542,0.0541,0.0541,1436.0
2025-04-19 18:55:00+09:00,0.0541,0.0543,0.0541,0.0542,24131.0
2025-04-19 19:00:00+09:00,0.0542,0.0542,0.0542,0.0542,757.0
2025-04-19 19:05:00+09:00,0.0541,0.0541,0.0541,0.0541,16462.0
2025-04-19 19:10:00+09:00,0.054,0.054,0.054,0.054,1587.0
2025-04-19 19:15:00+09:00,0.054,0.0542,0.054,0.0542,33754.0
2025-04-19 19:20:00+09:00,0.0542,0.0542,0.0542,0.0542,4913.0
2025-04-19 19:25:00+09:00,0.0543,0.0543,0.0541,0.0542,6785.0
2025-04-19 19:30:00+09:00,0.0542,0.0542,0.0541,0.0541,1654.0
2025-04-19 19:35:00+09:00,0.054,0.0541,0.054,0.054,9734.0
2025-04-19 19:40:00+09:00,0.0541,0.0541,0.0541,0.0541,5608.0
2025-04-19 19:45:00+09:00,0.054,0.0541,0.0539,0.0539,6416.0
2025-04-19 19:50:00+09:00,0.0539,0.0541,0.0539,0.0539,6596.0
2025-04-19 19:55:00+09:00,0.054,0.054,0.0538,0.054,86136.0
2025-04-19 20:00:00+09:00,0.054,0.0541,0.054,0.0541,13464.0
2025-04-19 20:05:00+09:00,0.054,0.054,0.054,0.054,139.0
2025-04-19 20:10:00+09:00,0.0541,0.0541,0.054,0.0541,11448.0
2025-04-19 20:15:00+09:00,0.0541,0.0542,0.0541,0.0541,882.0
2025-04-19 20:20:00+09:00,0.0541,0.0542,0.0541,0.0542,1713.0
2025-04-19 20:25:00+09:00,0.0541,0.0542,0.0541,0.0542,14004.0
2025-04-19 20:30:00+09:00,0.0543,0.0544,0.0543,0.0543,7877.0
2025-04-19 20:35:00+09:00,0.0543,0.0545,0.0542,0.0544,57304.0
2025-04-19 20:40:00+09:00,0.0544,0.0544,0.0544,0.0544,8819.0
2025-04-19 20:45:00+09:00,0.0544,0.0544,0.0542,0.0542,6780.0
2025-04-19 20:50:00+09:00,0.0542,0.0542,0.0542,0.0542,4858.0
2025-04-19 20:55:00+09:00,0.0542,0.0542,0.0542,0.0542,6600.0
2025-04-19 21:00:00+09:00,0.0542,0.0544,0.0542,0.0542,33168.0
2025-04-19 21:05:00+09:00,0.0543,0.0543,0.0542,0.0543,5515.0
2025-04-19 21:10:00+09:00,0.0542,0.0542,0.0541,0.0541,954.0
2025-04-19 21:15:00+09:00,0.0542,0.0542,0.054,0.054,39544.0
2025-04-19 21:20:00+09:00,0.054,0.0541,0.054,0.0541,10103.0
2025-04-19 21:25:00+09:00,0.0542,0.0542,0.054,0.054,23257.0
2025-04-19 21:30:00+09:00,0.054,0.0541,0.054,0.0541,7722.0
2025-04-19 21:35:00+09:00,0.0541,0.0541,0.054,0.054,10576.0
2025-04-19 21:40:00+09:00,0.0541,0.0541,0.054,0.054,7029.0
2025-04-19 21:45:00+09:00,0.054,0.054,0.0537,0.0538,134323.0
2025-04-19 21:50:00+09:00,0.0539,0.0539,0.0539,0.0539,4988.0
2025-04-19 21:55:00+09:00,0.0539,0.0539,0.0539,0.0539,19519.0
2025-04-19 22:00:00+09:00,0.054,0.054,0.0539,0.0539,16910.0
2025-04-19 22:05:00+09:00,0.0538,0.0538,0.0538,0.0538,7443.0
2025-04-19 22:10:00+09:00,0.0539,0.054,0.0538,0.054,48011.0
2025-04-19 22:15:00+09:00,0.0539,0.054,0.0538,0.0539,20648.0
2025-04-19 22:20:00+09:00,0.0539,0.054,0.0539,0.054,7834.0
2025-04-19 22:25:00+09:00,0.054,0.054,0.0538,0.0539,7790.0
2025-04-19 22:30:00+09:00,0.0539,0.0539,0.0538,0.0539,16263.0
2025-04-19 22:35:00+09:00,0.0538,0.0538,0.0537,0.0538,8048.0
2025-04-19 22:40:00+09:00,0.0538,0.0538,0.0537,0.0538,2362.0
2025-04-19 22:45:00+09:00,0.0538,0.0539,0.0538,0.0539,21935.0
2025-04-19 22:50:00+09:00,0.0538,0.0539,0.0538,0.0539,7049.0
2025-04-19 22:55:00+09:00,0.0538,0.0539,0.0538,0.0539,15171.0
2025-04-19 23:00:00+09:00,0.0538,0.0539,0.0536,0.0537,12111.0
2025-04-19 23:05:00+09:00,0.0537,0.0538,0.0536,0.0538,15767.0
2025-04-19 23:10:00+09:00,0.0537,0.0538,0.0537,0.0537,18872.0
2025-04-19 23:15:00+09:00,0.0537,0.0538,0.0537,0.0537,14964.0
2025-04-19 23:20:00+09:00,0.0537,0.0538,0.0536,0.0538,8797.0
2025-04-19 23:25:00+09:00,0.0538,0.0538,0.0537,0.0538,6112.0
2025-04-19 23:30:00+09:00,0.0538,0.0538,0.0536,0.0537,33906.0
2025-04-19 23:35:00+09:00,0.0537,0.0537,0.0537,0.0537,3065.0
2025-04-19 23:40:00+09:00,0.0537,0.0537,0.0536,0.0537,30792.0
2025-04-19 23:45:00+09:00,0.0537,0.0537,0.0536,0.0537,2160.0
2025-04-19 23:50:00+09:00,0.0537,0.0538,0.0537,0.0538,10663.0
2025-04-19 23:55:00+09:00,0.0537,0.0539,0.0537,0.0539,27053.0
2025-04-20 00:00:00+09:00,0.0538,0.0539,0.0538,0.0539,40445.0
2025-04-20 00:05:00+09:00,0.0538,0.054,0.0537,0.0539,33171.0
2025-04-20 00:10:00+09:00,0.0538,0.054,0.0538,0.054,28656.0
2025-04-20 00:15:00+09:00,0.0539,0.0543,0.0539,0.0543,91047.0
2025-04-20 00:20:00+09:00,0.0543,0.0545,0.0543,0.0544,48835.0
2025-04-20 00:25:00+09:00,0.0544,0.0544,0.0542,0.0544,40162.0
2025-04-20 00:30:00+09:00,0.0544,0.0546,0.0543,0.0544,30593.0
2025-04-20 00:35:00+09:00,0.0542,0.0544,0.0541,0.0542,13773.0
2025-04-20 00:40:00+09:00,0.0542,0.0543,0.0541,0.0543,13888.0
2025-04-20 00:45:00+09:00,0.0542,0.0543,0.054,0.0542,101001.0
2025-04-20 00:50:00+09:00,0.0542,0.0543,0.0542,0.0543,20166.0
2025-04-20 00:55:00+09:00,0.0543,0.0544,0.0543,0.0544,16670.0
2025-04-20 01:00:00+09:00,0.0544,0.0546,0.0543,0.0545,65116.0
2025-04-20 01:05:00+09:00,0.0546,0.0549,0.0546,0.0549,262322.0
2025-04-20 01:10:00+09:00,0.0548,0.0548,0.0547,0.0548,9686.0
2025-04-20 01:15:00+09:00,0.0548,0.0549,0.0548,0.0549,42244.0
2025-04-20 01:20:00+09:00,0.0547,0.0548,0.0547,0.0548,9630.0
2025-04-20 01:25:00+09:00,0.0548,0.0548,0.0548,0.0548,4006.0
2025-04-20 01:30:00+09:00,0.0546,0.0547,0.0546,0.0546,21427.0
2025-04-20 01:35:00+09:00,0.0546,0.0547,0.0545,0.0547,7831.0
2025-04-20 01:40:00+09:00,0.0547,0.0548,0.0545,0.0545,44614.0
2025-04-20 01:45:00+09:00,0.0545,0.0545,0.0544,0.0544,13578.0
2025-04-20 01:50:00+09:00,0.0544,0.0545,0.0544,0.0545,42441.0
2025-04-20 01:55:00+09:00,0.0544,0.0546,0.0543,0.0543,31665.0
2025-04-20 02:00:00+09:00,0.0544,0.0546,0.0543,0.0545,32870.0
2025-04-20 02:05:00+09:00,0.0545,0.0545,0.0542,0.0542,15486.0
2025-04-20 02:10:00+09:00,0.0542,0.0544,0.0542,0.0544,15088.0
2025-04-20 02:15:00+09:00,0.0545,0.0545,0.0542,0.0542,264640.0
2025-04-20 02:20:00+09:00,0.0543,0.0544,0.0542,0.0544,27358.0
2025-04-20 02:25:00+09:00,0.0545,0.0546,0.0545,0.0546,3845.0
2025-04-20 02:30:00+09:00,0.0545,0.0546,0.0545,0.0546,10533.0
2025-04-20 02:35:00+09:00,0.0547,0.0553,0.0547,0.0548,284358.0
2025-04-20 02:40:00+09:00,0.0547,0.055,0.0547,0.055,53784.0
2025-04-20 02:45:00+09:00,0.0549,0.055,0.0549,0.055,10170.0
2025-04-20 02:50:00+09:00,0.0548,0.0548,0.0547,0.0548,13550.0
2025-04-20 02:55:00+09:00,0.0549,0.0551,0.0549,0.0551,62532.0
2025-04-20 03:00:00+09:00,0.0551,0.0552,0.055,0.0552,35946.0
2025-04-20 03:05:00+09:00,0.0551,0.0561,0.0551,0.0555,935399.0
2025-04-20 03:10:00+09:00,0.0555,0.0556,0.0554,0.0556,37057.0
2025-04-20 03:15:00+09:00,0.0554,0.0556,0.0553,0.0555,31690.0
2025-04-20 03:20:00+09:00,0.0555,0.0556,0.0554,0.0554,33002.0
2025-04-20 03:25:00+09:00,0.0554,0.0557,0.0554,0.0556,6599.0
2025-04-20 03:30:00+09:00,0.0557,0.0558,0.0557,0.0558,72068.0
2025-04-20 03:35:00+09:00,0.0556,0.0556,0.0555,0.0556,34372.0
2025-04-20 03:40:00+09:00,0.0555,0.0556,0.0553,0.0553,59573.0
2025-04-20 03:45:00+09:00,0.0554,0.0554,0.0552,0.0553,7196.0
2025-04-20 03:50:00+09:00,0.0553,0.0554,0.0552,0.0554,37916.0
2025-04-20 03:55:00+09:00,0.0554,0.0556,0.0554,0.0556,24924.0
2025-04-20 04:00:00+09:00,0.0556,0.0557,0.0555,0.0557,17851.0
2025-04-20 04:05:00+09:00,0.0556,0.0558,0.0556,0.0557,2513.0
2025-04-20 04:10:00+09:00,0.0557,0.0558,0.0556,0.0558,22165.0
2025-04-20 04:15:00+09:00,0.0558,0.0558,0.0555,0.0556,47601.0
2025-04-20 04:20:00+09:00,0.0556,0.0556,0.0555,0.0555,7394.0
2025-04-20 04:25:00+09:00,0.0555,0.0555,0.0555,0.0555,1150.0
2025-04-20 04:30:00+09:00,0.0556,0.0558,0.0554,0.0555,34455.0
2025-04-20 04:35:00+09:00,0.0554,0.0554,0.0554,0.0554,8282.0
2025-04-20 04:40:00+09:00,0.0555,0.0556,0.0555,0.0555,3724.0
2025-04-20 04:45:00+09:00,0.0555,0.0556,0.0555,0.0556,17161.0
2025-04-20 04:50:00+09:00,0.0556,0.0556,0.0554,0.0555,111703.0
2025-04-20 04:55:00+09:00,0.0555,0.0556,0.0554,0.0556,25198.0
2025-04-20 05:00:00+09:00,0.0556,0.0557,0.0553,0.0553,75044.0
2025-04-20 05:05:00+09:00,0.0555,0.0555,0.0552,0.0552,32396.0
2025-04-20 05:10:00+09:00,0.0552,0.0552,0.0551,0.0552,16963.0
2025-04-20 05:15:00+09:00,0.0551,0.0552,0.0551,0.0551,2517.0
2025-04-20 05:20:00+09:00,0.0552,0.0552,0.0551,0.0551,2174.0
2025-04-20 05:25:00+09:00,0.0551,0.0552,0.055,0.0551,24690.0
2025-04-20 05:30:00+09:00,0.0551,0.0552,0.0548,0.055,56567.0
2025-04-20 05:35:00+09:00,0.0549,0.055,0.0549,0.055,7564.0
2025-04-20 05:40:00+09:00,0.055,0.055,0.055,0.055,99.0
2025-04-20 05:45:00+09:00,0.055,0.0552,0.0549,0.0552,18448.0
2025-04-20 05:50:00+09:00,0.0551,0.0551,0.055,0.0551,23781.0
2025-04-20 05:55:00+09:00,0.0551,0.0552,0.0551,0.0552,10089.0
2025-04-20 06:00:00+09:00,0.0551,0.0551,0.0551,0.0551,3849.0
2025-04-20 06:05:00+09:00,0.0551,0.0552,0.055,0.0552,18364.0
2025-04-20 06:10:00+09:00,0.0552,0.0553,0.0551,0.0552,47652.0
2025-04-20 06:15:00+09:00,0.0551,0.0553,0.0551,0.0552,18647.0
2025-04-20 06:20:00+09:00,0.0552,0.0552,0.0551,0.0551,7523.0
2025-04-20 06:25:00+09:00,0.0552,0.0552,0.0552,0.0552,1163.0
2025-04-20 06:30:00+09:00,0.0551,0.0551,0.0551,0.0551,13609.0
2025-04-20 06:35:00+09:00,0.055,0.0552,0.055,0.0552,11997.0
2025-04-20 06:40:00+09:00,0.0551,0.0551,0.0549,0.055,59508.0
2025-04-20 06:45:00+09:00,0.055,0.0551,0.055,0.055,17900.0
2025-04-20 06:50:00+09:00,0.055,0.0551,0.055,0.0551,6215.0
2025-04-20 06:55:00+09:00,0.055,0.0551,0.055,0.0551,19072.0
2025-04-20 07:00:00+09:00,0.0551,0.0553,0.0551,0.0553,45751.0
2025-04-20 07:05:00+09:00,0.0552,0.0552,0.0552,0.0552,6113.0
2025-04-20 07:10:00+09:00,0.0552,0.0552,0.0552,0.0552,1247.0
2025-04-20 07:15:00+09:00,0.0551,0.0553,0.0551,0.0552,20915.0
2025-04-20 07:20:00+09:00,0.0552,0.0552,0.0552,0.0552,0.0
2025-04-20 07:25:00+09:00,0.0551,0.0552,0.0551,0.0552,2605.0
2025-04-20 07:30:00+09:00,0.0552,0.0553,0.0552,0.0553,13905.0
2025-04-20 07:35:00+09:00,0.0553,0.0554,0.0552,0.0554,171462.0
2025-04-20 07:40:00+09:00,0.0553,0.0553,0.0551,0.0553,26605.0
2025-04-20 07:45:00+09:00,0.0552,0.0553,0.0551,0.0552,34946.0
2025-04-20 07:50:00+09:00,0.0551,0.0551,0.055,0.055,11924.0
2025-04-20 07:55:00+09:00,0.055,0.0551,0.055,0.0551,12724.0
2025-04-20 08:00:00+09:00,0.0551,0.0551,0.055,0.0551,4010.0
2025-04-20 08:05:00+09:00,0.0551,0.0552,0.0551,0.0552,10988.0
2025-04-20 08:10:00+09:00,0.0551,0.0551,0.0549,0.055,17476.0
2025-04-20 08:15:00+09:00,0.0549,0.055,0.0548,0.055,24538.0
2025-04-20 08:20:00+09:00,0.055,0.0551,0.055,0.055,25639.0
2025-04-20 08:25:00+09:00,0.055,0.0551,0.055,0.0551,1457.0
2025-04-20 08:30:00+09:00,0.055,0.0551,0.055,0.0551,1348.0
2025-04-20 08:35:00+09:00,0.0551,0.0551,0.055,0.0551,2510.0
2025-04-20 08:40:00+09:00,0.055,0.0552,0.055,0.0552,502.0
2025-04-20 08:45:00+09:00,0.0551,0.0552,0.0551,0.0552,6629.0
2025-04-20 08:50:00+09:00,0.0551,0.0552,0.0551,0.0552,490.0
2025-04-20 08:55:00+09:00,0.0552,0.0552,0.0551,0.0552,10344.0
2025-04-20 09:00:00+09:00,0.0551,0.0552,0.055,0.0552,21299.0
2025-04-20 09:05:00+09:00,0.0552,0.0552,0.0551,0.0551,31751.0
2025-04-20 09:10:00+09:00,0.0552,0.0552,0.055,0.0551,10794.0
2025-04-20 09:15:00+09:00,0.055,0.055,0.0549,0.0549,30842.0
2025-04-20 09:20:00+09:00,0.0548,0.0548,0.0546,0.0547,231161.0
2025-04-20 09:25:00+09:00,0.0547,0.0548,0.0547,0.0547,1440.0
2025-04-20 09:30:00+09:00,0.0547,0.055,0.0545,0.055,36540.0
2025-04-20 09:35:00+09:00,0.0549,0.0549,0.0549,0.0549,9952.0
2025-04-20 09:40:00+09:00,0.0549,0.055,0.0548,0.0548,63445.0
2025-04-20 09:45:00+09:00,0.0547,0.0547,0.0547,0.0547,7363.0
2025-04-20 09:50:00+09:00,0.0547,0.0547,0.0547,0.0547,1000.0
2025-04-20 09:55:00+09:00,0.0547,0.0547,0.0547,0.0547,26036.0
2025-04-20 10:00:00+09:00,0.0547,0.0549,0.0547,0.0549,38981.0
2025-04-20 10:05:00+09:00,0.0549,0.0551,0.0549,0.0551,39190.0
2025-04-20 10:10:00+09:00,0.0551,0.0551,0.0551,0.0551,3979.0
2025-04-20 10:15:00+09:00,0.055,0.0553,0.055,0.0553,39391.0
2025-04-20 10:20:00+09:00,0.0553,0.0554,0.0553,0.0554,52767.0
2025-04-20 10:25:00+09:00,0.0553,0.0553,0.0553,0.0553,4831.0
2025-04-20 10:30:00+09:00,0.0553,0.0554,0.0553,0.0554,42634.0
2025-04-20 10:35:00+09:00,0.0555,0.0555,0.0554,0.0554,11049.0
2025-04-20 10:40:00+09:00,0.0553,0.0554,0.0553,0.0554,18861.0
2025-04-20 10:45:00+09:00,0.0554,0.0556,0.0554,0.0555,18460.0
2025-04-20 10:50:00+09:00,0.0554,0.0555,0.0554,0.0555,1502.0
2025-04-20 10:55:00+09:00,0.0556,0.0557,0.0556,0.0557,58993.0
2025-04-20 11:00:00+09:00,0.0556,0.0556,0.0555,0.0556,21974.0
2025-04-20 11:05:00+09:00,0.0555,0.0557,0.0555,0.0557,1509.0
2025-04-20 11:10:00+09:00,0.0556,0.0557,0.0556,0.0557,730.0
2025-04-20 11:15:00+09:00,0.0556,0.0556,0.0555,0.0555,7937.0
2025-04-20 11:20:00+09:00,0.0555,0.0556,0.0555,0.0555,10437.0
2025-04-20 11:25:00+09:00,0.0554,0.0557,0.0554,0.0557,99547.0
2025-04-20 11:30:00+09:00,0.0556,0.0557,0.0556,0.0557,3794.0
2025-04-20 11:35:00+09:00,0.0558,0.0559,0.0558,0.0559,18858.0
2025-04-20 11:40:00+09:00,0.056,0.056,0.0558,0.0559,22148.0
2025-04-20 11:45:00+09:00,0.0559,0.0561,0.0558,0.056,98702.0
2025-04-20 11:50:00+09:00,0.056,0.0561,0.0559,0.0561,9461.0
2025-04-20 11:55:00+09:00,0.0559,0.0561,0.0559,0.0561,26427.0
2025-04-20 12:00:00+09:00,0.0561,0.0565,0.0561,0.0564,99475.0
2025-04-20 12:05:00+09:00,0.0562,0.0563,0.0562,0.0562,24792.0
2025-04-20 12:10:00+09:00,0.0562,0.0563,0.0561,0.0562,16820.0
2025-04-20 12:15:00+09:00,0.0561,0.0564,0.0561,0.0562,83822.0
2025-04-20 12:20:00+09:00,0.0562,0.0562,0.0562,0.0562,0.0
2025-04-20 12:25:00+09:00,0.0563,0.0564,0.0563,0.0564,5362.0
2025-04-20 12:30:00+09:00,0.0563,0.0564,0.0561,0.0561,14311.0
2025-04-20 12:35:00+09:00,0.0561,0.0562,0.056,0.0561,62383.0
2025-04-20 12:40:00+09:00,0.056,0.0561,0.0559,0.0559,26674.0
2025-04-20 12:45:00+09:00,0.0561,0.0565,0.0561,0.0565,20487.0
2025-04-20 12:50:00+09:00,0.0564,0.0566,0.0563,0.0566,25849.0
2025-04-20 12:55:00+09:00,0.0565,0.0567,0.0565,0.0566,49859.0
2025-04-20 13:00:00+09:00,0.0566,0.0566,0.0565,0.0566,6694.0
2025-04-20 13:05:00+09:00,0.0566,0.0566,0.0566,0.0566,396.0
2025-04-20 13:10:00+09:00,0.0565,0.0566,0.0565,0.0566,14963.0
2025-04-20 13:15:00+09:00,0.0565,0.0567,0.0564,0.0567,25225.0
2025-04-20 13:20:00+09:00,0.0567,0.0571,0.0567,0.0571,135545.0
2025-04-20 13:25:00+09:00,0.057,0.0571,0.0569,0.057,13372.0
2025-04-20 13:30:00+09:00,0.057,0.0571,0.057,0.0571,12112.0
2025-04-20 13:35:00+09:00,0.0571,0.0572,0.0571,0.0571,21630.0
2025-04-20 13:40:00+09:00,0.057,0.0571,0.0569,0.057,36491.0
2025-04-20 13:45:00+09:00,0.057,0.0572,0.057,0.0572,23063.0
2025-04-20 13:50:00+09:00,0.057,0.0572,0.057,0.0572,6414.0
2025-04-20 13:55:00+09:00,0.0571,0.0573,0.0571,0.0572,12682.0
2025-04-20 14:00:00+09:00,0.0572,0.0572,0.0571,0.0572,25721.0
2025-04-20 14:05:00+09:00,0.0572,0.0573,0.0572,0.0573,5222.0
2025-04-20 14:10:00+09:00,0.0573,0.0578,0.0573,0.0576,132286.0
2025-04-20 14:15:00+09:00,0.0577,0.0578,0.0576,0.0577,56185.0
2025-04-20 14:20:00+09:00,0.0576,0.0578,0.0576,0.0578,21902.0
2025-04-20 14:25:00+09:00,0.0576,0.0577,0.0575,0.0577,56097.0
2025-04-20 14:30:00+09:00,0.0576,0.0579,0.0576,0.0578,74324.0
2025-04-20 14:35:00+09:00,0.0574,0.0575,0.0571,0.0573,64685.0
2025-04-20 14:40:00+09:00,0.0572,0.0574,0.0572,0.0573,3414.0
2025-04-20 14:45:00+09:00,0.0572,0.0573,0.0571,0.0573,3382.0
2025-04-20 14:50:00+09:00,0.0573,0.0574,0.0573,0.0573,12335.0
2025-04-20 14:55:00+09:00,0.0572,0.0573,0.057,0.057,16809.0
2025-04-20 15:00:00+09:00,0.057,0.0572,0.0568,0.0572,178083.0
2025-04-20 15:05:00+09:00,0.0571,0.0571,0.057,0.057,9319.0
2025-04-20 15:10:00+09:00,0.0571,0.0573,0.0571,0.0572,46669.0
2025-04-20 15:15:00+09:00,0.057,0.057,0.0568,0.0569,40359.0
2025-04-20 15:20:00+09:00,0.0568,0.057,0.0568,0.0568,15832.0
2025-04-20 15:25:00+09:00,0.0567,0.0568,0.0566,0.0567,15588.0
2025-04-20 15:30:00+09:00,0.0566,0.0568,0.0566,0.0568,3379.0
2025-04-20 15:35:00+09:00,0.0568,0.0574,0.0568,0.0574,71862.0
2025-04-20 15:40:00+09:00,0.0573,0.0574,0.0571,0.0571,39191.0
2025-04-20 15:45:00+09:00,0.0569,0.0573,0.0568,0.0569,223652.0
2025-04-20 15:50:00+09:00,0.0569,0.057,0.0568,0.0569,32645.0
2025-04-20 15:55:00+09:00,0.0569,0.0572,0.0569,0.0572,30959.0
2025-04-20 16:00:00+09:00,0.0571,0.0573,0.0568,0.0571,297892.0
2025-04-20 16:05:00+09:00,0.0571,0.0572,0.0571,0.0571,24749.0
2025-04-20 16:10:00+09:00,0.0568,0.0569,0.0565,0.0569,28017.0
2025-04-20 16:15:00+09:00,0.0568,0.0568,0.0563,0.0565,113968.0
2025-04-20 16:20:00+09:00,0.0565,0.0566,0.0564,0.0565,54651.0
2025-04-20 16:25:00+09:00,0.0564,0.0567,0.056,0.0566,402581.0
2025-04-20 16:30:00+09:00,0.0566,0.0566,0.0564,0.0565,56510.0
2025-04-20 16:35:00+09:00,0.0566,0.0568,0.0566,0.0568,15121.0
2025-04-20 16:40:00+09:00,0.0567,0.0568,0.0565,0.0568,82179.0
2025-04-20 16:45:00+09:00,0.0567,0.0569,0.0566,0.0569,14065.0
2025-04-20 16:50:00+09:00,0.0567,0.0569,0.0567,0.0568,70472.0
2025-04-20 16:55:00+09:00,0.0568,0.0568,0.0566,0.0568,18533.0
2025-04-20 17:00:00+09:00,0.0567,0.0568,0.0567,0.0568,15284.0
2025-04-20 17:05:00+09:00,0.0569,0.057,0.0568,0.057,23317.0
2025-04-20 17:10:00+09:00,0.057,0.0572,0.057,0.0572,24405.0
2025-04-20 17:15:00+09:00,0.0573,0.0573,0.0569,0.057,231369.0
2025-04-20 17:20:00+09:00,0.0569,0.0571,0.0569,0.057,4435.0
2025-04-20 17:25:00+09:00,0.0571,0.0571,0.0569,0.0569,19984.0
2025-04-20 17:30:00+09:00,0.0568,0.0569,0.0565,0.0565,18128.0
2025-04-20 17:35:00+09:00,0.0565,0.0566,0.0564,0.0564,73439.0
2025-04-20 17:40:00+09:00,0.0564,0.0567,0.0564,0.0567,6047.0
2025-04-20 17:45:00+09:00,0.0566,0.0566,0.0566,0.0566,1227.0
2025-04-20 17:50:00+09:00,0.0563,0.0566,0.0563,0.0565,135668.0
2025-04-20 17:55:00+09:00,0.0564,0.0565,0.0562,0.0563,38440.0
2025-04-20 18:00:00+09:00,0.0563,0.0566,0.0563,0.0565,44610.0
2025-04-20 18:05:00+09:00,0.0564,0.0568,0.0564,0.0568,16116.0
2025-04-20 18:10:00+09:00,0.0568,0.0569,0.0567,0.0567,5965.0
2025-04-20 18:15:00+09:00,0.0566,0.0567,0.0566,0.0567,9099.0
2025-04-20 18:20:00+09:00,0.0567,0.0568,0.0566,0.0566,2691.0
2025-04-20 18:25:00+09:00,0.0566,0.0566,0.0563,0.0564,20981.0
2025-04-20 18:30:00+09:00,0.0564,0.0565,0.0563,0.0563,61446.0
2025-04-20 18:35:00+09:00,0.0562,0.0567,0.0562,0.0566,37589.0
2025-04-20 18:40:00+09:00,0.0565,0.0566,0.0564,0.0564,6857.0
2025-04-20 18:45:00+09:00,0.0565,0.0565,0.0564,0.0564,5092.0
2025-04-20 18:50:00+09:00,0.0564,0.0566,0.0564,0.0566,6862.0
2025-04-20 18:55:00+09:00,0.0566,0.0566,0.0564,0.0564,6843.0
2025-04-20 19:00:00+09:00,0.0563,0.0564,0.0563,0.0564,19606.0
2025-04-20 19:05:00+09:00,0.0563,0.0563,0.0559,0.056,115471.0
2025-04-20 19:10:00+09:00,0.0561,0.0561,0.0559,0.0559,89054.0
2025-04-20 19:15:00+09:00,0.0558,0.056,0.0557,0.0558,251876.0
2025-04-20 19:20:00+09:00,0.0557,0.056,0.0557,0.0559,31827.0
2025-04-20 19:25:00+09:00,0.0559,0.0559,0.0558,0.0559,20294.0
2025-04-20 19:30:00+09:00,0.0558,0.0559,0.0557,0.0559,14453.0
2025-04-20 19:35:00+09:00,0.0559,0.056,0.0556,0.0556,100456.0
2025-04-20 19:40:00+09:00,0.0556,0.0556,0.0553,0.0554,45827.0
2025-04-20 19:45:00+09:00,0.0554,0.0554,0.055,0.055,95265.0
2025-04-20 19:50:00+09:00,0.0551,0.0552,0.0548,0.0548,82899.0
2025-04-20 19:55:00+09:00,0.0549,0.0551,0.0549,0.055,19907.0
2025-04-20 20:00:00+09:00,0.0551,0.0552,0.0549,0.055,97708.0
2025-04-20 20:05:00+09:00,0.0548,0.0549,0.0547,0.0549,31377.0
2025-04-20 20:10:00+09:00,0.0548,0.0552,0.0548,0.0552,102949.0
2025-04-20 20:15:00+09:00,0.0551,0.0552,0.0549,0.0552,155540.0
2025-04-20 20:20:00+09:00,0.0552,0.0552,0.0549,0.055,8006.0
2025-04-20 20:25:00+09:00,0.0548,0.055,0.0548,0.055,76927.0
2025-04-20 20:30:00+09:00,0.0548,0.055,0.0547,0.0549,49183.0
2025-04-20 20:35:00+09:00,0.055,0.0552,0.055,0.0551,55437.0
2025-04-20 20:40:00+09:00,0.055,0.0552,0.0549,0.0551,41200.0
2025-04-20 20:45:00+09:00,0.0549,0.055,0.0549,0.0549,45829.0
2025-04-20 20:50:00+09:00,0.055,0.0551,0.055,0.055,16433.0
2025-04-20 20:55:00+09:00,0.0549,0.0552,0.0549,0.0552,27275.0
2025-04-20 21:00:00+09:00,0.0551,0.0552,0.055,0.055,30999.0
2025-04-20 21:05:00+09:00,0.0551,0.0554,0.0551,0.0551,56809.0
2025-04-20 21:10:00+09:00,0.0551,0.0552,0.0551,0.0552,58547.0
2025-04-20 21:15:00+09:00,0.0552,0.0552,0.0551,0.0552,7331.0
2025-04-20 21:20:00+09:00,0.0553,0.0554,0.0553,0.0553,19142.0
2025-04-20 21:25:00+09:00,0.0552,0.0553,0.0551,0.0553,37224.0
2025-04-20 21:30:00+09:00,0.0554,0.0556,0.0553,0.0556,251764.0
2025-04-20 21:35:00+09:00,0.0556,0.0556,0.0553,0.0553,80077.0
2025-04-20 21:40:00+09:00,0.0554,0.0554,0.0553,0.0553,2211.0
2025-04-20 21:45:00+09:00,0.0553,0.0553,0.055,0.055,137570.0
2025-04-20 21:50:00+09:00,0.0551,0.0551,0.055,0.055,9885.0
2025-04-20 21:55:00+09:00,0.0549,0.055,0.0549,0.055,3451.0
2025-04-20 22:00:00+09:00,0.055,0.0551,0.0549,0.055,38845.0
2025-04-20 22:05:00+09:00,0.055,0.055,0.0549,0.055,19023.0
2025-04-20 22:10:00+09:00,0.0549,0.0549,0.0549,0.0549,24641.0
2025-04-20 22:15:00+09:00,0.055,0.0553,0.055,0.0551,49590.0
2025-04-20 22:20:00+09:00,0.0551,0.0551,0.0551,0.0551,3071.0
2025-04-20 22:25:00+09:00,0.0551,0.0553,0.0551,0.0553,26398.0
2025-04-20 22:30:00+09:00,0.0553,0.0553,0.0552,0.0552,21311.0
2025-04-20 22:35:00+09:00,0.0552,0.0554,0.0552,0.0554,23074.0
2025-04-20 22:40:00+09:00,0.0554,0.0555,0.0554,0.0555,8539.0
2025-04-20 22:45:00+09:00,0.0554,0.0555,0.0553,0.0555,16851.0
2025-04-20 22:50:00+09:00,0.0553,0.0555,0.0553,0.0555,6115.0
2025-04-20 22:55:00+09:00,0.0556,0.0556,0.0555,0.0555,4600.0
2025-04-20 23:00:00+09:00,0.0553,0.0555,0.0553,0.0553,656.0
2025-04-20 23:05:00+09:00,0.0553,0.0556,0.0553,0.0555,28983.0
2025-04-20 23:10:00+09:00,0.0554,0.0557,0.0554,0.0555,39846.0
2025-04-20 23:15:00+09:00,0.0554,0.0556,0.0554,0.0555,51265.0
2025-04-20 23:20:00+09:00,0.0556,0.0556,0.0554,0.0555,17239.0
2025-04-20 23:25:00+09:00,0.0555,0.0556,0.0554,0.0556,9237.0
2025-04-20 23:30:00+09:00,0.0556,0.0557,0.0556,0.0557,23011.0
2025-04-20 23:35:00+09:00,0.0556,0.0558,0.0555,0.0558,25831.0
2025-04-20 23:40:00+09:00,0.0555,0.0557,0.0555,0.0557,15478.0
2025-04-20 23:45:00+09:00,0.0556,0.0557,0.0556,0.0556,6361.0
2025-04-20 23:50:00+09:00,0.0557,0.0557,0.0555,0.0557,31076.0
2025-04-20 23:55:00+09:00,0.0557,0.0557,0.0556,0.0557,2532.0
2025-04-21 00:00:00+09:00,0.0557,0.0559,0.0555,0.0559,65422.0
2025-04-21 00:05:00+09:00,0.0559,0.0559,0.0556,0.0556,2471.0
2025-04-21 00:10:00+09:00,0.0554,0.0555,0.0554,0.0555,29136.0
2025-04-21 00:15:00+09:00,0.0555,0.0557,0.0552,0.0553,62223.0
2025-04-21 00:20:00+09:00,0.0553,0.0555,0.0553,0.0554,13496.0
2025-04-21 00:25:00+09:00,0.0552,0.0555,0.0552,0.0554,50822.0
2025-04-21 00:30:00+09:00,0.0554,0.0557,0.0554,0.0557,112572.0
2025-04-21 00:35:00+09:00,0.0557,0.0561,0.0557,0.0561,115577.0
2025-04-21 00:40:00+09:00,0.056,0.0561,0.0559,0.0561,25184.0
2025-04-21 00:45:00+09:00,0.0559,0.056,0.0559,0.056,667.0
2025-04-21 00:50:00+09:00,0.0559,0.0559,0.0556,0.0559,139071.0
2025-04-21 00:55:00+09:00,0.056,0.0561,0.056,0.056,7838.0
2025-04-21 01:00:00+09:00,0.056,0.0561,0.056,0.0561,9065.0
2025-04-21 01:05:00+09:00,0.0561,0.0564,0.0561,0.0563,52012.0
2025-04-21 01:10:00+09:00,0.0562,0.0565,0.0561,0.0565,105228.0
2025-04-21 01:15:00+09:00,0.0566,0.0567,0.0564,0.0564,23993.0
2025-04-21 01:20:00+09:00,0.0566,0.0567,0.0564,0.0564,11902.0
2025-04-21 01:25:00+09:00,0.0565,0.0566,0.0565,0.0566,7578.0
2025-04-21 01:30:00+09:00,0.0565,0.0566,0.0564,0.0566,12968.0
2025-04-21 01:35:00+09:00,0.0564,0.0566,0.0564,0.0565,498.0
2025-04-21 01:40:00+09:00,0.0565,0.0565,0.0561,0.0564,130035.0
2025-04-21 01:45:00+09:00,0.0563,0.0563,0.0563,0.0563,333.0
2025-04-21 01:50:00+09:00,0.0562,0.0562,0.0561,0.0562,6114.0
2025-04-21 01:55:00+09:00,0.0562,0.0565,0.0561,0.0565,29462.0
2025-04-21 02:00:00+09:00,0.0564,0.0566,0.0563,0.0566,91414.0
2025-04-21 02:05:00+09:00,0.0566,0.0567,0.0566,0.0566,16279.0
2025-04-21 02:10:00+09:00,0.0566,0.0566,0.0564,0.0564,12358.0
2025-04-21 02:15:00+09:00,0.0564,0.0564,0.0564,0.0564,7834.0
2025-04-21 02:20:00+09:00,0.0564,0.0565,0.0564,0.0565,15306.0
2025-04-21 02:25:00+09:00,0.0563,0.0564,0.0563,0.0564,16109.0
2025-04-21 02:30:00+09:00,0.0564,0.0565,0.0564,0.0564,10208.0
2025-04-21 02:35:00+09:00,0.0563,0.0563,0.0562,0.0562,6561.0
2025-04-21 02:40:00+09:00,0.0563,0.0563,0.0563,0.0563,6482.0
2025-04-21 02:45:00+09:00,0.0564,0.0565,0.0564,0.0565,11519.0
2025-04-21 02:50:00+09:00,0.0566,0.0566,0.0566,0.0566,2244.0
2025-04-21 02:55:00+09:00,0.0564,0.0566,0.0564,0.0565,6770.0
2025-04-21 03:00:00+09:00,0.0566,0.0566,0.0565,0.0565,5868.0
2025-04-21 03:05:00+09:00,0.0565,0.0565,0.0565,0.0565,123.0
2025-04-21 03:10:00+09:00,0.0566,0.0566,0.0564,0.0564,12530.0
2025-04-21 03:15:00+09:00,0.0564,0.0566,0.0564,0.0566,27875.0
2025-04-21 03:20:00+09:00,0.0566,0.0568,0.0566,0.0568,7354.0
2025-04-21 03:25:00+09:00,0.0568,0.0568,0.0566,0.0566,737.0
2025-04-21 03:30:00+09:00,0.0568,0.0568,0.0564,0.0566,107504.0
2025-04-21 03:35:00+09:00,0.0564,0.0565,0.0564,0.0564,22183.0
2025-04-21 03:40:00+09:00,0.0565,0.0566,0.0564,0.0566,14452.0
2025-04-21 03:45:00+09:00,0.0565,0.0565,0.0564,0.0564,7740.0
2025-04-21 03:50:00+09:00,0.0564,0.0564,0.0564,0.0564,452.0
2025-04-21 03:55:00+09:00,0.0565,0.0565,0.0565,0.0565,265.0
2025-04-21 04:00:00+09:00,0.0564,0.0566,0.0564,0.0566,26900.0
2025-04-21 04:05:00+09:00,0.0566,0.0566,0.0565,0.0565,1180.0
2025-04-21 04:10:00+09:00,0.0566,0.0566,0.0566,0.0566,1000.0
2025-04-21 04:15:00+09:00,0.0566,0.0566,0.0566,0.0566,4281.0
2025-04-21 04:20:00+09:00,0.0568,0.0568,0.0565,0.0565,62370.0
2025-04-21 04:25:00+09:00,0.0565,0.0565,0.0565,0.0565,533.0
2025-04-21 04:30:00+09:00,0.0565,0.0565,0.0565,0.0565,6589.0
2025-04-21 04:35:00+09:00,0.0565,0.0565,0.0565,0.0565,115.0
2025-04-21 04:40:00+09:00,0.0565,0.0567,0.0565,0.0567,730.0
2025-04-21 04:45:00+09:00,0.0567,0.0567,0.0567,0.0567,307.0
2025-04-21 04:50:00+09:00,0.0566,0.0566,0.0565,0.0565,24084.0
2025-04-21 04:55:00+09:00,0.0567,0.0568,0.0566,0.0568,16130.0
2025-04-21 05:00:00+09:00,0.0566,0.0569,0.0566,0.0566,21659.0
2025-04-21 05:05:00+09:00,0.0567,0.0568,0.0566,0.0566,62269.0
2025-04-21 05:10:00+09:00,0.0566,0.0567,0.0566,0.0567,34333.0
2025-04-21 05:15:00+09:00,0.0567,0.057,0.0567,0.0568,121492.0
2025-04-21 05:20:00+09:00,0.0569,0.0569,0.0568,0.0569,36785.0
2025-04-21 05:25:00+09:00,0.0568,0.0569,0.0567,0.0569,77512.0
2025-04-21 05:30:00+09:00,0.0568,0.0569,0.0567,0.0567,27346.0
2025-04-21 05:35:00+09:00,0.0566,0.0566,0.0566,0.0566,111.0
2025-04-21 05:40:00+09:00,0.0566,0.0568,0.0566,0.0567,48498.0
2025-04-21 05:45:00+09:00,0.0567,0.0567,0.0566,0.0566,28134.0
2025-04-21 05:50:00+09:00,0.0566,0.0566,0.0565,0.0566,23721.0
2025-04-21 05:55:00+09:00,0.0565,0.0565,0.0565,0.0565,14313.0
2025-04-21 06:00:00+09:00,0.0565,0.0566,0.0563,0.0565,82111.0
2025-04-21 06:05:00+09:00,0.0564,0.0564,0.0564,0.0564,107.0
2025-04-21 06:10:00+09:00,0.0565,0.0565,0.0565,0.0565,15338.0
2025-04-21 06:15:00+09:00,0.0564,0.0565,0.0564,0.0564,19219.0
2025-04-21 06:20:00+09:00,0.0564,0.0564,0.0564,0.0564,4423.0
2025-04-21 06:25:00+09:00,0.0564,0.0565,0.0564,0.0565,9236.0
2025-04-21 06:30:00+09:00,0.0566,0.0566,0.0564,0.0566,4501.0
2025-04-21 06:35:00+09:00,0.0566,0.0567,0.0566,0.0567,3173.0
2025-04-21 06:40:00+09:00,0.0567,0.0567,0.0565,0.0566,8436.0
2025-04-21 06:45:00+09:00,0.0566,0.0567,0.0565,0.0567,773.0
2025-04-21 06:50:00+09:00,0.0565,0.0568,0.0565,0.0568,465.0
2025-04-21 06:55:00+09:00,0.0566,0.0568,0.0565,0.0567,983.0
2025-04-21 07:00:00+09:00,0.0567,0.0568,0.0564,0.0566,80177.0
2025-04-21 07:05:00+09:00,0.0565,0.0565,0.0564,0.0565,5861.0
2025-04-21 07:10:00+09:00,0.0565,0.0567,0.0565,0.0566,39968.0
2025-04-21 07:15:00+09:00,0.0566,0.0566,0.0565,0.0566,6614.0
2025-04-21 07:20:00+09:00,0.0566,0.0566,0.0565,0.0565,4733.0
2025-04-21 07:25:00+09:00,0.0563,0.0564,0.0563,0.0564,1748.0
2025-04-21 07:30:00+09:00,0.0564,0.0564,0.0564,0.0564,0.0
2025-04-21 07:35:00+09:00,0.0564,0.0565,0.0563,0.0565,5267.0
2025-04-21 07:40:00+09:00,0.0565,0.0566,0.0565,0.0565,38879.0
2025-04-21 07:45:00+09:00,0.0566,0.0566,0.0565,0.0565,4751.0
2025-04-21 07:50:00+09:00,0.0565,0.0565,0.0565,0.0565,0.0
2025-04-21 07:55:00+09:00,0.0564,0.0564,0.0563,0.0564,6148.0
2025-04-21 08:00:00+09:00,0.0563,0.0567,0.0563,0.0567,17637.0
2025-04-21 08:05:00+09:00,0.0567,0.0567,0.0567,0.0567,105.0
2025-04-21 08:10:00+09:00,0.0566,0.0567,0.0566,0.0567,7673.0
2025-04-21 08:15:00+09:00,0.0565,0.0569,0.0565,0.0568,17924.0
2025-04-21 08:20:00+09:00,0.0567,0.0567,0.0565,0.0566,23704.0
2025-04-21 08:25:00+09:00,0.0566,0.0566,0.0566,0.0566,0.0
2025-04-21 08:30:00+09:00,0.0565,0.0566,0.0565,0.0566,11872.0
2025-04-21 08:35:00+09:00,0.0566,0.0567,0.0566,0.0566,20910.0
2025-04-21 08:40:00+09:00,0.0566,0.0567,0.0565,0.0567,783.0
2025-04-21 08:45:00+09:00,0.0566,0.0567,0.0566,0.0567,273.0
2025-04-21 08:50:00+09:00,0.0566,0.0567,0.0566,0.0567,559.0
2025-04-21 08:55:00+09:00,0.0567,0.0568,0.0567,0.0568,22006.0
2025-04-21 09:00:00+09:00,0.0567,0.0567,0.0566,0.0567,31142.0
2025-04-21 09:05:00+09:00,0.0567,0.0569,0.0566,0.0567,69081.0
2025-04-21 09:10:00+09:00,0.0567,0.0567,0.0567,0.0567,43342.0
2025-04-21 09:15:00+09:00,0.0567,0.057,0.0567,0.057,26524.0
2025-04-21 09:20:00+09:00,0.057,0.057,0.0568,0.0569,42304.0
2025-04-21 09:25:00+09:00,0.0568,0.0573,0.0568,0.0573,181488.0
2025-04-21 09:30:00+09:00,0.0574,0.0576,0.0573,0.0575,71257.0
2025-04-21 09:35:00+09:00,0.0573,0.0573,0.057,0.057,75624.0
2025-04-21 09:40:00+09:00,0.0571,0.0573,0.0571,0.0571,117632.0
2025-04-21 09:45:00+09:00,0.0571,0.0574,0.057,0.0572,74237.0
2025-04-21 09:50:00+09:00,0.0572,0.0572,0.0572,0.0572,44799.0
2025-04-21 09:55:00+09:00,0.0571,0.0573,0.0569,0.0571,118956.0
2025-04-21 10:00:00+09:00,0.0571,0.0573,0.0571,0.0572,108619.0
2025-04-21 10:05:00+09:00,0.0572,0.0573,0.0571,0.0572,112742.0
2025-04-21 10:10:00+09:00,0.0572,0.0572,0.0569,0.0569,120660.0
2025-04-21 10:15:00+09:00,0.057,0.057,0.057,0.057,23244.0
2025-04-21 10:20:00+09:00,0.057,0.0571,0.057,0.0571,39035.0
2025-04-21 10:25:00+09:00,0.0571,0.0571,0.057,0.057,27542.0
2025-04-21 10:30:00+09:00,0.0572,0.0572,0.0571,0.0571,5375.0
2025-04-21 10:35:00+09:00,0.0571,0.0572,0.0571,0.0572,40940.0
2025-04-21 10:40:00+09:00,0.057,0.0571,0.057,0.0571,1152.0
2025-04-21 10:45:00+09:00,0.0571,0.0572,0.057,0.0572,22732.0
2025-04-21 10:50:00+09:00,0.0573,0.0575,0.057,0.057,94280.0
2025-04-21 10:55:00+09:00,0.0571,0.0572,0.0571,0.0572,106906.0
2025-04-21 11:00:00+09:00,0.0573,0.0573,0.057,0.057,107289.0
2025-04-21 11:05:00+09:00,0.0571,0.0571,0.057,0.0571,16200.0
2025-04-21 11:10:00+09:00,0.0569,0.057,0.0568,0.0569,59450.0
2025-04-21 11:15:00+09:00,0.0568,0.0569,0.0568,0.0569,93456.0
2025-04-21 11:20:00+09:00,0.057,0.057,0.0569,0.057,50306.0
2025-04-21 11:25:00+09:00,0.057,0.057,0.0568,0.0569,11780.0
2025-04-21 11:30:00+09:00,0.057,0.0571,0.057,0.0571,25466.0
2025-04-21 11:35:00+09:00,0.0568,0.0568,0.0568,0.0568,29946.0
2025-04-21 11:40:00+09:00,0.0569,0.0569,0.0567,0.0569,43320.0
2025-04-21 11:45:00+09:00,0.0567,0.0568,0.0567,0.0568,9082.0
2025-04-21 11:50:00+09:00,0.0569,0.0569,0.0568,0.0569,14757.0
2025-04-21 11:55:00+09:00,0.0569,0.0569,0.0566,0.0567,22597.0
2025-04-21 12:00:00+09:00,0.0568,0.0569,0.0567,0.0568,142317.0
2025-04-21 12:05:00+09:00,0.0567,0.0568,0.0563,0.0566,492539.0
2025-04-21 12:10:00+09:00,0.0566,0.0567,0.0564,0.0564,7513.0
2025-04-21 12:15:00+09:00,0.0566,0.0567,0.0563,0.0567,201944.0
2025-04-21 12:20:00+09:00,0.0567,0.0569,0.0564,0.0564,298585.0
2025-04-21 12:25:00+09:00,0.0565,0.0565,0.0563,0.0563,10385.0
2025-04-21 12:30:00+09:00,0.0563,0.0564,0.0563,0.0564,25802.0
2025-04-21 12:35:00+09:00,0.0563,0.0564,0.0562,0.0564,9050.0
2025-04-21 12:40:00+09:00,0.0563,0.0564,0.0562,0.0564,10034.0
2025-04-21 12:45:00+09:00,0.0564,0.0564,0.0562,0.0562,575.0
2025-04-21 12:50:00+09:00,0.0562,0.0563,0.0561,0.0563,4131.0
2025-04-21 12:55:00+09:00,0.0564,0.0564,0.0562,0.0562,8925.0
2025-04-21 13:00:00+09:00,0.0563,0.0564,0.0563,0.0564,22809.0
2025-04-21 13:05:00+09:00,0.0563,0.0564,0.0563,0.0563,17701.0
2025-04-21 13:10:00+09:00,0.0563,0.0564,0.0562,0.0562,960.0
2025-04-21 13:15:00+09:00,0.0562,0.0562,0.0561,0.0562,26731.0
2025-04-21 13:20:00+09:00,0.0563,0.0564,0.0563,0.0564,3266.0
2025-04-21 13:25:00+09:00,0.0562,0.0564,0.0562,0.0564,1093.0
2025-04-21 13:30:00+09:00,0.0561,0.0564,0.056,0.0562,55572.0
2025-04-21 13:35:00+09:00,0.0562,0.0563,0.056,0.0563,69007.0
2025-04-21 13:40:00+09:00,0.0563,0.0563,0.0561,0.0561,7562.0
2025-04-21 13:45:00+09:00,0.0563,0.0564,0.0563,0.0564,38449.0
2025-04-21 13:50:00+09:00,0.0564,0.0564,0.0564,0.0564,2378.0
2025-04-21 13:55:00+09:00,0.0565,0.0566,0.0564,0.0566,58568.0
2025-04-21 14:00:00+09:00,0.0564,0.0565,0.0564,0.0564,35371.0
2025-04-21 14:05:00+09:00,0.0564,0.0565,0.0564,0.0565,13000.0
2025-04-21 14:10:00+09:00,0.0565,0.0565,0.0563,0.0563,559.0
2025-04-21 14:15:00+09:00,0.0563,0.0566,0.0563,0.0566,75210.0
2025-04-21 14:20:00+09:00,0.0565,0.0565,0.0565,0.0565,1265.0
2025-04-21 14:25:00+09:00,0.0565,0.0565,0.0563,0.0565,11022.0
2025-04-21 14:30:00+09:00,0.0565,0.0566,0.0565,0.0566,21523.0
2025-04-21 14:35:00+09:00,0.0564,0.0566,0.0564,0.0566,16950.0
2025-04-21 14:40:00+09:00,0.0565,0.0566,0.0564,0.0566,25222.0
2025-04-21 14:45:00+09:00,0.0566,0.0568,0.0565,0.0568,56752.0
2025-04-21 14:50:00+09:00,0.0568,0.0569,0.0567,0.0569,25903.0
2025-04-21 14:55:00+09:00,0.0567,0.0568,0.0566,0.0568,34352.0
2025-04-21 15:00:00+09:00,0.0568,0.0568,0.0566,0.0568,6667.0
2025-04-21 15:05:00+09:00,0.0566,0.0569,0.0565,0.0569,67071.0
2025-04-21 15:10:00+09:00,0.0568,0.0569,0.0568,0.0569,46464.0
2025-04-21 15:15:00+09:00,0.0568,0.0571,0.0568,0.057,80715.0
2025-04-21 15:20:00+09:00,0.057,0.057,0.0568,0.0569,39368.0
2025-04-21 15:25:00+09:00,0.0569,0.0571,0.0568,0.0571,94419.0
2025-04-21 15:30:00+09:00,0.057,0.0571,0.0568,0.0571,18457.0
2025-04-21 15:35:00+09:00,0.0569,0.0571,0.0569,0.057,10644.0
2025-04-21 15:40:00+09:00,0.057,0.057,0.0568,0.057,33022.0
2025-04-21 15:45:00+09:00,0.057,0.057,0.0568,0.057,1215.0
2025-04-21 15:50:00+09:00,0.057,0.057,0.057,0.057,463.0
2025-04-21 15:55:00+09:00,0.057,0.057,0.0568,0.057,13527.0
2025-04-21 16:00:00+09:00,0.057,0.0571,0.057,0.057,20099.0
2025-04-21 16:05:00+09:00,0.057,0.0571,0.0568,0.0569,31018.0
2025-04-21 16:10:00+09:00,0.0568,0.057,0.0568,0.057,55495.0
2025-04-21 16:15:00+09:00,0.0569,0.057,0.0568,0.057,34426.0
2025-04-21 16:20:00+09:00,0.057,0.0571,0.057,0.057,16489.0
2025-04-21 16:25:00+09:00,0.057,0.057,0.057,0.057,0.0
2025-04-21 16:30:00+09:00,0.057,0.0572,0.0569,0.0571,39475.0
2025-04-21 16:35:00+09:00,0.0571,0.0572,0.057,0.0571,14833.0
2025-04-21 16:40:00+09:00,0.057,0.0572,0.057,0.0571,40300.0
2025-04-21 16:45:00+09:00,0.057,0.0571,0.057,0.0571,10520.0
2025-04-21 16:50:00+09:00,0.057,0.0571,0.057,0.0571,849.0
2025-04-21 16:55:00+09:00,0.0571,0.0572,0.0571,0.0571,7647.0
2025-04-21 17:00:00+09:00,0.0571,0.0573,0.0571,0.0573,28118.0
2025-04-21 17:05:00+09:00,0.0574,0.0574,0.0572,0.0572,14036.0
2025-04-21 17:10:00+09:00,0.0572,0.0573,0.0572,0.0573,14144.0
2025-04-21 17:15:00+09:00,0.0573,0.0573,0.0573,0.0573,2094.0
2025-04-21 17:20:00+09:00,0.0573,0.0574,0.0573,0.0574,6404.0
2025-04-21 17:25:00+09:00,0.0573,0.0575,0.0573,0.0574,23560.0
2025-04-21 17:30:00+09:00,0.0575,0.0575,0.0573,0.0574,47130.0
2025-04-21 17:35:00+09:00,0.0573,0.0575,0.0573,0.0575,19450.0
2025-04-21 17:40:00+09:00,0.0574,0.0575,0.0573,0.0573,83961.0
2025-04-21 17:45:00+09:00,0.0573,0.0574,0.0572,0.0574,28891.0
2025-04-21 17:50:00+09:00,0.0574,0.0575,0.0574,0.0575,5638.0
2025-04-21 17:55:00+09:00,0.0575,0.0576,0.0575,0.0576,29611.0
2025-04-21 18:00:00+09:00,0.0576,0.0576,0.0574,0.0574,37104.0
2025-04-21 18:05:00+09:00,0.0573,0.0574,0.0573,0.0573,34634.0
2025-04-21 18:10:00+09:00,0.0572,0.0574,0.0571,0.0573,32976.0
2025-04-21 18:15:00+09:00,0.0571,0.0572,0.0571,0.0571,6768.0
2025-04-21 18:20:00+09:00,0.0571,0.0575,0.0571,0.0573,79306.0
2025-04-21 18:25:00+09:00,0.0574,0.0574,0.0573,0.0573,22900.0
2025-04-21 18:30:00+09:00,0.0572,0.0572,0.057,0.057,29823.0
2025-04-21 18:35:00+09:00,0.0571,0.0571,0.0571,0.0571,6466.0
2025-04-21 18:40:00+09:00,0.0571,0.0572,0.057,0.057,13038.0
2025-04-21 18:45:00+09:00,0.0571,0.0572,0.0571,0.0572,9308.0
2025-04-21 18:50:00+09:00,0.0571,0.0572,0.0571,0.0571,15782.0
2025-04-21 18:55:00+09:00,0.057,0.0572,0.057,0.0571,28844.0
2025-04-21 19:00:00+09:00,0.0571,0.0572,0.057,0.057,13041.0
2025-04-21 19:05:00+09:00,0.057,0.057,0.0566,0.0567,277923.0
2025-04-21 19:10:00+09:00,0.0568,0.0568,0.0567,0.0567,19838.0
2025-04-21 19:15:00+09:00,0.0567,0.0568,0.0566,0.0567,43048.0
2025-04-21 19:20:00+09:00,0.0566,0.0567,0.0566,0.0566,19152.0
2025-04-21 19:25:00+09:00,0.0566,0.0567,0.0565,0.0566,13246.0
2025-04-21 19:30:00+09:00,0.0565,0.0566,0.0565,0.0565,19314.0
2025-04-21 19:35:00+09:00,0.0564,0.0566,0.0564,0.0565,22246.0
2025-04-21 19:40:00+09:00,0.0565,0.0567,0.0564,0.0567,25719.0
2025-04-21 19:45:00+09:00,0.0567,0.0567,0.0565,0.0566,10817.0
2025-04-21 19:50:00+09:00,0.0566,0.0567,0.0565,0.0567,61780.0
2025-04-21 19:55:00+09:00,0.0566,0.0568,0.0566,0.0568,70294.0
2025-04-21 20:00:00+09:00,0.0569,0.0569,0.0568,0.0569,7320.0
2025-04-21 20:05:00+09:00,0.0569,0.0569,0.0566,0.0568,21628.0
2025-04-21 20:10:00+09:00,0.0566,0.0568,0.0565,0.0567,6829.0
2025-04-21 20:15:00+09:00,0.0567,0.0567,0.0564,0.0564,54329.0
2025-04-21 20:20:00+09:00,0.0563,0.0565,0.0562,0.0562,6368.0
2025-04-21 20:25:00+09:00,0.0562,0.0563,0.0562,0.0563,11575.0
2025-04-21 20:30:00+09:00,0.0563,0.0563,0.0562,0.0563,33420.0
2025-04-21 20:35:00+09:00,0.0563,0.0565,0.0563,0.0563,49376.0
2025-04-21 20:40:00+09:00,0.0563,0.0565,0.0563,0.0564,19624.0
2025-04-21 20:45:00+09:00,0.0565,0.0565,0.0563,0.0564,14920.0
2025-04-21 20:50:00+09:00,0.0564,0.0564,0.0563,0.0563,32688.0
2025-04-21 20:55:00+09:00,0.0562,0.0564,0.0562,0.0563,35984.0
2025-04-21 21:00:00+09:00,0.0562,0.0565,0.0562,0.0565,21115.0
2025-04-21 21:05:00+09:00,0.0565,0.0566,0.0564,0.0565,66920.0
2025-04-21 21:10:00+09:00,0.0566,0.0567,0.0565,0.0565,37853.0
2025-04-21 21:15:00+09:00,0.0566,0.0566,0.0566,0.0566,23787.0
2025-04-21 21:20:00+09:00,0.0566,0.0567,0.0566,0.0567,38616.0
2025-04-21 21:25:00+09:00,0.0567,0.0569,0.0567,0.0568,41483.0
2025-04-21 21:30:00+09:00,0.0568,0.057,0.0568,0.057,32705.0
2025-04-21 21:35:00+09:00,0.0571,0.0571,0.0571,0.0571,44836.0
2025-04-21 21:40:00+09:00,0.0571,0.0571,0.0571,0.0571,9446.0
2025-04-21 21:45:00+09:00,0.0571,0.0572,0.057,0.057,33356.0
2025-04-21 21:50:00+09:00,0.057,0.057,0.0568,0.0568,1258.0
2025-04-21 21:55:00+09:00,0.0568,0.0568,0.0567,0.0568,3747.0
2025-04-21 22:00:00+09:00,0.0568,0.0569,0.0568,0.0568,18511.0
2025-04-21 22:05:00+09:00,0.0568,0.0568,0.0568,0.0568,11386.0
2025-04-21 22:10:00+09:00,0.0567,0.0569,0.0567,0.0567,25125.0
2025-04-21 22:15:00+09:00,0.0568,0.057,0.0568,0.0569,6300.0
2025-04-21 22:20:00+09:00,0.0569,0.0571,0.0569,0.0571,14554.0
2025-04-21 22:25:00+09:00,0.057,0.0571,0.0569,0.057,23803.0
2025-04-21 22:30:00+09:00,0.0571,0.0571,0.057,0.0571,10616.0
2025-04-21 22:35:00+09:00,0.0569,0.0571,0.0566,0.0571,71629.0
2025-04-21 22:40:00+09:00,0.0571,0.0571,0.0567,0.0568,60770.0
2025-04-21 22:45:00+09:00,0.0568,0.057,0.0567,0.057,60839.0
2025-04-21 22:50:00+09:00,0.057,0.057,0.0568,0.0568,34194.0
2025-04-21 22:55:00+09:00,0.0567,0.0568,0.0566,0.0567,47228.0
2025-04-21 23:00:00+09:00,0.0567,0.0569,0.0565,0.0569,110122.0
2025-04-21 23:05:00+09:00,0.0568,0.0569,0.0567,0.0569,81345.0
2025-04-21 23:10:00+09:00,0.0569,0.0571,0.0569,0.0571,38754.0
2025-04-21 23:15:00+09:00,0.0571,0.0572,0.0568,0.057,54595.0
2025-04-21 23:20:00+09:00,0.057,0.0573,0.057,0.0573,101332.0
2025-04-21 23:25:00+09:00,0.0572,0.0574,0.0572,0.0574,70166.0
2025-04-21 23:30:00+09:00,0.0574,0.0575,0.0571,0.0573,55973.0
2025-04-21 23:35:00+09:00,0.0573,0.0575,0.0573,0.0575,8571.0
2025-04-21 23:40:00+09:00,0.0574,0.0576,0.0573,0.0574,15792.0
2025-04-21 23:45:00+09:00,0.0574,0.0576,0.0573,0.0574,26610.0
2025-04-21 23:50:00+09:00,0.0574,0.0574,0.0571,0.0574,102805.0
2025-04-21 23:55:00+09:00,0.0574,0.0576,0.0573,0.0576,14780.0
2025-04-22 00:00:00+09:00,0.0575,0.0576,0.0574,0.0575,16654.0
2025-04-22 00:05:00+09:00,0.0575,0.0576,0.0573,0.0574,54302.0
2025-04-22 00:10:00+09:00,0.0573,0.0574,0.0572,0.0573,112088.0
2025-04-22 00:15:00+09:00,0.0572,0.0574,0.0571,0.0574,61724.0
2025-04-22 00:20:00+09:00,0.0574,0.0574,0.0571,0.0573,79385.0
2025-04-22 00:25:00+09:00,0.0572,0.0574,0.0572,0.0574,22890.0
2025-04-22 00:30:00+09:00,0.0573,0.0575,0.0573,0.0575,78895.0
2025-04-22 00:35:00+09:00,0.0574,0.0576,0.0574,0.0575,100619.0
2025-04-22 00:40:00+09:00,0.0574,0.0575,0.0573,0.0573,21220.0
2025-04-22 00:45:00+09:00,0.0572,0.0574,0.0572,0.0574,44394.0
2025-04-22 00:50:00+09:00,0.0572,0.0574,0.0572,0.0574,20750.0
2025-04-22 00:55:00+09:00,0.0573,0.0576,0.0573,0.0576,56914.0
2025-04-22 01:00:00+09:00,0.0575,0.0577,0.0575,0.0575,70851.0
2025-04-22 01:05:00+09:00,0.0576,0.0576,0.0573,0.0575,97760.0
2025-04-22 01:10:00+09:00,0.0574,0.0576,0.0573,0.0573,49603.0
2025-04-22 01:15:00+09:00,0.0574,0.0574,0.0572,0.0572,47799.0
2025-04-22 01:20:00+09:00,0.0571,0.0573,0.057,0.0573,88093.0
2025-04-22 01:25:00+09:00,0.0574,0.0574,0.0572,0.0572,22466.0
2025-04-22 01:30:00+09:00,0.0573,0.0574,0.0571,0.0571,9648.0
2025-04-22 01:35:00+09:00,0.0573,0.0574,0.0571,0.0572,36476.0
2025-04-22 01:40:00+09:00,0.0571,0.0572,0.057,0.0571,20281.0
2025-04-22 01:45:00+09:00,0.0569,0.0569,0.0568,0.0569,33340.0
2025-04-22 01:50:00+09:00,0.0568,0.0569,0.0566,0.0566,59666.0
2025-04-22 01:55:00+09:00,0.0567,0.0567,0.0563,0.0563,154734.0
2025-04-22 02:00:00+09:00,0.0563,0.0563,0.0561,0.0561,37204.0
2025-04-22 02:05:00+09:00,0.056,0.0564,0.0557,0.0563,71159.0
2025-04-22 02:10:00+09:00,0.0563,0.0565,0.0562,0.0564,41707.0
2025-04-22 02:15:00+09:00,0.0562,0.0566,0.0561,0.0565,56261.0
2025-04-22 02:20:00+09:00,0.0565,0.0567,0.0565,0.0565,22997.0
2025-04-22 02:25:00+09:00,0.0565,0.0568,0.0565,0.0568,93004.0
2025-04-22 02:30:00+09:00,0.0567,0.0569,0.0567,0.0568,27814.0
2025-04-22 02:35:00+09:00,0.0566,0.0569,0.0566,0.0568,39893.0
2025-04-22 02:40:00+09:00,0.0569,0.0569,0.0567,0.0567,5125.0
2025-04-22 02:45:00+09:00,0.0566,0.0568,0.0566,0.0567,66452.0
2025-04-22 02:50:00+09:00,0.0565,0.0566,0.0565,0.0566,9574.0
2025-04-22 02:55:00+09:00,0.0566,0.0567,0.0564,0.0565,14804.0
2025-04-22 03:00:00+09:00,0.0564,0.0565,0.0564,0.0565,14811.0
2025-04-22 03:05:00+09:00,0.0563,0.0564,0.0563,0.0564,6258.0
2025-04-22 03:10:00+09:00,0.0563,0.0566,0.0563,0.0566,3365.0
2025-04-22 03:15:00+09:00,0.0564,0.0565,0.0564,0.0565,30917.0
2025-04-22 03:20:00+09:00,0.0565,0.0565,0.0563,0.0565,1605.0
2025-04-22 03:25:00+09:00,0.0562,0.0564,0.0562,0.0564,18010.0
2025-04-22 03:30:00+09:00,0.0563,0.0563,0.0563,0.0563,5553.0
2025-04-22 03:35:00+09:00,0.0565,0.0565,0.0564,0.0564,1568.0
2025-04-22 03:40:00+09:00,0.0565,0.0565,0.0562,0.0563,16016.0
2025-04-22 03:45:00+09:00,0.0564,0.0564,0.0561,0.0561,3511.0
2025-04-22 03:50:00+09:00,0.0564,0.0564,0.0564,0.0564,592.0
2025-04-22 03:55:00+09:00,0.0562,0.0564,0.0561,0.0562,28576.0
2025-04-22 04:00:00+09:00,0.0561,0.0564,0.0561,0.0564,28973.0
2025-04-22 04:05:00+09:00,0.0565,0.0565,0.0564,0.0564,14307.0
2025-04-22 04:10:00+09:00,0.0565,0.0565,0.0564,0.0564,13507.0
2025-04-22 04:15:00+09:00,0.0566,0.0566,0.0566,0.0566,17279.0
2025-04-22 04:20:00+09:00,0.0566,0.0567,0.0566,0.0567,15253.0
2025-04-22 04:25:00+09:00,0.0567,0.0568,0.0567,0.0568,7203.0
2025-04-22 04:30:00+09:00,0.0569,0.0569,0.0567,0.0569,29109.0
2025-04-22 04:35:00+09:00,0.0569,0.057,0.0568,0.057,27828.0
2025-04-22 04:40:00+09:00,0.057,0.057,0.057,0.057,494.0
2025-04-22 04:45:00+09:00,0.057,0.0571,0.0568,0.0569,69650.0
2025-04-22 04:50:00+09:00,0.0568,0.057,0.0568,0.057,47832.0
2025-04-22 04:55:00+09:00,0.0569,0.057,0.0568,0.057,22222.0
2025-04-22 05:00:00+09:00,0.0568,0.057,0.0567,0.0569,161012.0
2025-04-22 05:05:00+09:00,0.0568,0.0569,0.0568,0.0568,90791.0
2025-04-22 05:10:00+09:00,0.0568,0.0569,0.0567,0.0568,22003.0
2025-04-22 05:15:00+09:00,0.0568,0.0568,0.0568,0.0568,11181.0
2025-04-22 05:20:00+09:00,0.0569,0.0569,0.0567,0.0567,4833.0
2025-04-22 05:25:00+09:00,0.0567,0.0568,0.0567,0.0568,10098.0
2025-04-22 05:30:00+09:00,0.0567,0.0569,0.0567,0.0568,18307.0
2025-04-22 05:35:00+09:00,0.0569,0.057,0.0568,0.0568,11886.0
2025-04-22 05:40:00+09:00,0.0569,0.0572,0.0569,0.057,20880.0
2025-04-22 05:45:00+09:00,0.0571,0.0573,0.0571,0.0571,63307.0
2025-04-22 05:50:00+09:00,0.057,0.057,0.057,0.057,488.0
2025-04-22 05:55:00+09:00,0.057,0.057,0.0569,0.0569,9881.0
2025-04-22 06:00:00+09:00,0.0569,0.0569,0.0569,0.0569,0.0
2025-04-22 06:05:00+09:00,0.0571,0.0571,0.0571,0.0571,2251.0
2025-04-22 06:10:00+09:00,0.0571,0.0573,0.0571,0.0573,1350.0
2025-04-22 06:15:00+09:00,0.0573,0.0573,0.0571,0.0571,66877.0
2025-04-22 06:20:00+09:00,0.0569,0.0569,0.0568,0.0569,5192.0
2025-04-22 06:25:00+09:00,0.0568,0.0569,0.0567,0.0568,133186.0
2025-04-22 06:30:00+09:00,0.0567,0.0568,0.0567,0.0568,31957.0
2025-04-22 06:35:00+09:00,0.0568,0.0569,0.0567,0.0568,3675.0
2025-04-22 06:40:00+09:00,0.0567,0.0569,0.0567,0.0569,38971.0
2025-04-22 06:45:00+09:00,0.0567,0.0569,0.0567,0.0569,859.0
2025-04-22 06:50:00+09:00,0.0567,0.057,0.0567,0.057,3640.0
2025-04-22 06:55:00+09:00,0.0568,0.057,0.0567,0.0569,8684.0
2025-04-22 07:00:00+09:00,0.0567,0.057,0.0564,0.0565,43337.0
2025-04-22 07:05:00+09:00,0.0565,0.0568,0.0565,0.0568,20162.0
2025-04-22 07:10:00+09:00,0.0565,0.0567,0.0565,0.0567,534.0
2025-04-22 07:15:00+09:00,0.0567,0.0567,0.0563,0.0565,6094.0
2025-04-22 07:20:00+09:00,0.0563,0.0565,0.0563,0.0563,55920.0
2025-04-22 07:25:00+09:00,0.0565,0.0565,0.0563,0.0565,4937.0
2025-04-22 07:30:00+09:00,0.0565,0.0565,0.0565,0.0565,0.0
2025-04-22 07:35:00+09:00,0.0565,0.0566,0.0565,0.0566,378.0
2025-04-22 07:40:00+09:00,0.0564,0.0566,0.0564,0.0566,777.0
2025-04-22 07:45:00+09:00,0.0566,0.0566,0.0566,0.0566,331.0
2025-04-22 07:50:00+09:00,0.0564,0.0566,0.0564,0.0566,273.0
2025-04-22 07:55:00+09:00,0.0565,0.0566,0.0563,0.0565,5307.0
2025-04-22 08:00:00+09:00,0.0565,0.0565,0.0562,0.0564,10344.0
2025-04-22 08:05:00+09:00,0.0561,0.0563,0.0561,0.0561,3160.0
2025-04-22 08:10:00+09:00,0.0563,0.0565,0.0563,0.0564,5939.0
2025-04-22 08:15:00+09:00,0.0564,0.0565,0.0564,0.0565,646.0
2025-04-22 08:20:00+09:00,0.0565,0.0566,0.0563,0.0566,7829.0
2025-04-22 08:25:00+09:00,0.0566,0.0566,0.0566,0.0566,0.0
2025-04-22 08:30:00+09:00,0.0566,0.0566,0.0565,0.0566,7912.0
2025-04-22 08:35:00+09:00,0.0564,0.0565,0.0563,0.0565,9943.0
2025-04-22 08:40:00+09:00,0.0563,0.0565,0.0563,0.0564,8927.0
2025-04-22 08:45:00+09:00,0.0563,0.0564,0.0562,0.0564,17681.0
2025-04-22 08:50:00+09:00,0.0565,0.0566,0.0564,0.0566,2651.0
2025-04-22 08:55:00+09:00,0.0565,0.0566,0.0564,0.0566,2594.0
2025-04-22 09:00:00+09:00,0.0564,0.0565,0.0562,0.0563,30067.0
2025-04-22 09:05:00+09:00,0.0562,0.0564,0.0562,0.0563,55385.0
2025-04-22 09:10:00+09:00,0.0562,0.0562,0.0561,0.0561,5130.0
2025-04-22 09:15:00+09:00,0.0562,0.0563,0.0561,0.0561,34015.0
2025-04-22 09:20:00+09:00,0.0561,0.0563,0.0561,0.0562,37921.0
2025-04-22 09:25:00+09:00,0.0562,0.0562,0.0562,0.0562,7432.0
2025-04-22 09:30:00+09:00,0.0562,0.0563,0.056,0.056,67442.0
2025-04-22 09:35:00+09:00,0.0559,0.0559,0.0556,0.0559,302884.0
2025-04-22 09:40:00+09:00,0.056,0.0561,0.0559,0.0561,202565.0
2025-04-22 09:45:00+09:00,0.0559,0.0561,0.0559,0.056,75860.0
2025-04-22 09:50:00+09:00,0.056,0.0561,0.056,0.0561,96615.0
2025-04-22 09:55:00+09:00,0.0561,0.0561,0.056,0.056,14788.0
2025-04-22 10:00:00+09:00,0.056,0.0561,0.056,0.056,232784.0
2025-04-22 10:05:00+09:00,0.056,0.0564,0.056,0.0564,409039.0
2025-04-22 10:10:00+09:00,0.0564,0.0566,0.0564,0.0566,5143.0
2025-04-22 10:15:00+09:00,0.0568,0.057,0.0567,0.057,51488.0
2025-04-22 10:20:00+09:00,0.057,0.0572,0.0569,0.0571,107775.0
2025-04-22 10:25:00+09:00,0.057,0.0571,0.057,0.0571,5506.0
2025-04-22 10:30:00+09:00,0.0569,0.0572,0.0569,0.0571,20422.0
2025-04-22 10:35:00+09:00,0.057,0.0571,0.0569,0.0569,17285.0
2025-04-22 10:40:00+09:00,0.0569,0.0569,0.0569,0.0569,887.0
2025-04-22 10:45:00+09:00,0.057,0.057,0.0568,0.0569,10616.0
2025-04-22 10:50:00+09:00,0.0569,0.057,0.0567,0.057,13891.0
2025-04-22 10:55:00+09:00,0.057,0.0571,0.0569,0.0571,18039.0
2025-04-22 11:00:00+09:00,0.0571,0.0572,0.057,0.0571,88136.0
2025-04-22 11:05:00+09:00,0.0571,0.0571,0.0571,0.0571,1179.0
2025-04-22 11:10:00+09:00,0.0569,0.0569,0.0567,0.0568,7294.0
2025-04-22 11:15:00+09:00,0.0566,0.0568,0.0566,0.0567,19712.0
2025-04-22 11:20:00+09:00,0.0567,0.0568,0.0566,0.0568,3768.0
2025-04-22 11:25:00+09:00,0.0566,0.0567,0.0565,0.0566,39080.0
2025-04-22 11:30:00+09:00,0.0565,0.0566,0.0564,0.0564,17876.0
2025-04-22 11:35:00+09:00,0.0565,0.0567,0.0565,0.0566,30305.0
2025-04-22 11:40:00+09:00,0.0565,0.0566,0.0565,0.0565,16715.0
2025-04-22 11:45:00+09:00,0.0565,0.0566,0.0565,0.0566,17651.0
2025-04-22 11:50:00+09:00,0.0566,0.0566,0.0566,0.0566,7697.0
2025-04-22 11:55:00+09:00,0.0565,0.0567,0.0565,0.0566,46608.0
2025-04-22 12:00:00+09:00,0.0565,0.0566,0.0565,0.0565,62108.0
2025-04-22 12:05:00+09:00,0.0564,0.0565,0.0564,0.0564,48732.0
2025-04-22 12:10:00+09:00,0.0563,0.0563,0.0562,0.0563,36859.0
2025-04-22 12:15:00+09:00,0.0562,0.0564,0.0562,0.0564,57200.0
2025-04-22 12:20:00+09:00,0.0563,0.0564,0.0563,0.0564,5355.0
2025-04-22 12:25:00+09:00,0.0565,0.0565,0.0564,0.0565,20472.0
2025-04-22 12:30:00+09:00,0.0564,0.0564,0.0564,0.0564,14351.0
2025-04-22 12:35:00+09:00,0.0564,0.0565,0.0564,0.0564,14880.0
2025-04-22 12:40:00+09:00,0.0565,0.0566,0.0565,0.0566,14289.0
2025-04-22 12:45:00+09:00,0.0566,0.0566,0.0565,0.0565,25093.0
2025-04-22 12:50:00+09:00,0.0566,0.0566,0.0565,0.0565,11682.0
2025-04-22 12:55:00+09:00,0.0565,0.0566,0.0564,0.0566,38597.0
2025-04-22 13:00:00+09:00,0.0566,0.0566,0.0566,0.0566,21069.0
2025-04-22 13:05:00+09:00,0.0566,0.0567,0.0566,0.0567,37138.0
2025-04-22 13:10:00+09:00,0.0566,0.0566,0.0564,0.0565,19509.0
2025-04-22 13:15:00+09:00,0.0564,0.0564,0.0563,0.0564,3087.0
2025-04-22 13:20:00+09:00,0.0564,0.0565,0.0564,0.0565,24915.0
2025-04-22 13:25:00+09:00,0.0564,0.0565,0.0564,0.0564,13180.0
2025-04-22 13:30:00+09:00,0.0564,0.0564,0.0564,0.0564,8895.0
2025-04-22 13:35:00+09:00,0.0564,0.0564,0.0564,0.0564,0.0
2025-04-22 13:40:00+09:00,0.0564,0.0565,0.0564,0.0565,43589.0
2025-04-22 13:45:00+09:00,0.0565,0.0565,0.0564,0.0565,105955.0
2025-04-22 13:50:00+09:00,0.0564,0.0564,0.0563,0.0563,816.0
2025-04-22 13:55:00+09:00,0.0563,0.0563,0.0561,0.0561,16244.0
2025-04-22 14:00:00+09:00,0.0563,0.0563,0.0561,0.0561,435.0
2025-04-22 14:05:00+09:00,0.0561,0.0561,0.0561,0.0561,4912.0
2025-04-22 14:10:00+09:00,0.0562,0.0563,0.0562,0.0562,5660.0
2025-04-22 14:15:00+09:00,0.0561,0.0562,0.0561,0.0561,9890.0
2025-04-22 14:20:00+09:00,0.0562,0.0562,0.056,0.0561,14245.0
2025-04-22 14:25:00+09:00,0.0561,0.0563,0.0555,0.0561,445774.0
2025-04-22 14:30:00+09:00,0.0559,0.056,0.0558,0.056,38184.0
2025-04-22 14:35:00+09:00,0.0559,0.056,0.0559,0.0559,12652.0
2025-04-22 14:40:00+09:00,0.0559,0.056,0.0558,0.0559,14992.0
2025-04-22 14:45:00+09:00,0.0558,0.0559,0.0558,0.0559,4447.0
2025-04-22 14:50:00+09:00,0.0558,0.0559,0.0558,0.0559,21633.0
2025-04-22 14:55:00+09:00,0.0559,0.0559,0.0558,0.0558,9011.0
2025-04-22 15:00:00+09:00,0.0558,0.0559,0.0558,0.0559,19857.0
2025-04-22 15:05:00+09:00,0.056,0.056,0.0559,0.0559,12864.0
2025-04-22 15:10:00+09:00,0.0558,0.056,0.0558,0.056,26774.0
2025-04-22 15:15:00+09:00,0.0558,0.0559,0.0555,0.0557,67233.0
2025-04-22 15:20:00+09:00,0.0556,0.0557,0.0553,0.0555,156395.0
2025-04-22 15:25:00+09:00,0.0555,0.0556,0.0554,0.0555,8798.0
2025-04-22 15:30:00+09:00,0.0553,0.0555,0.0551,0.0555,55405.0
2025-04-22 15:35:00+09:00,0.0555,0.0555,0.0551,0.0553,22620.0
2025-04-22 15:40:00+09:00,0.0551,0.0553,0.0551,0.0553,2041.0
2025-04-22 15:45:00+09:00,0.0552,0.0554,0.0552,0.0554,19226.0
2025-04-22 15:50:00+09:00,0.0553,0.0554,0.0553,0.0554,9752.0
2025-04-22 15:55:00+09:00,0.0553,0.0555,0.0553,0.0555,8773.0
2025-04-22 16:00:00+09:00,0.0556,0.0556,0.0554,0.0556,3880.0
2025-04-22 16:05:00+09:00,0.0554,0.0556,0.0554,0.0556,4422.0
2025-04-22 16:10:00+09:00,0.0554,0.0556,0.0554,0.0556,14856.0
2025-04-22 16:15:00+09:00,0.0557,0.0558,0.0555,0.0558,13317.0
2025-04-22 16:20:00+09:00,0.0558,0.0558,0.0557,0.0558,851.0
2025-04-22 16:25:00+09:00,0.0558,0.0561,0.0558,0.0561,16686.0
2025-04-22 16:30:00+09:00,0.0561,0.0566,0.0561,0.0565,139835.0
2025-04-22 16:35:00+09:00,0.0564,0.0567,0.0564,0.0564,94838.0
2025-04-22 16:40:00+09:00,0.0564,0.0565,0.0564,0.0565,28304.0
2025-04-22 16:45:00+09:00,0.0564,0.0568,0.0564,0.0567,19968.0
2025-04-22 16:50:00+09:00,0.0567,0.0567,0.0565,0.0567,4637.0
2025-04-22 16:55:00+09:00,0.0567,0.0567,0.0565,0.0567,8431.0
2025-04-22 17:00:00+09:00,0.0568,0.0568,0.0568,0.0568,5643.0
2025-04-22 17:05:00+09:00,0.0568,0.0569,0.0565,0.0566,51091.0
2025-04-22 17:10:00+09:00,0.0566,0.0568,0.0565,0.0568,12969.0
2025-04-22 17:15:00+09:00,0.0568,0.0569,0.0566,0.0566,14047.0
2025-04-22 17:20:00+09:00,0.0566,0.0566,0.0564,0.0564,13667.0
2025-04-22 17:25:00+09:00,0.0564,0.0565,0.0563,0.0563,55700.0
2025-04-22 17:30:00+09:00,0.0563,0.0564,0.0563,0.0564,27867.0
2025-04-22 17:35:00+09:00,0.0564,0.0565,0.0564,0.0565,13798.0
2025-04-22 17:40:00+09:00,0.0565,0.0566,0.0565,0.0566,41998.0
2025-04-22 17:45:00+09:00,0.0567,0.0567,0.0565,0.0565,427.0
2025-04-22 17:50:00+09:00,0.0565,0.0565,0.0564,0.0564,6745.0
2025-04-22 17:55:00+09:00,0.0564,0.0567,0.0564,0.0567,21382.0
2025-04-22 18:00:00+09:00,0.0567,0.0567,0.0565,0.0565,7735.0
2025-04-22 18:05:00+09:00,0.0565,0.0566,0.0564,0.0566,19777.0
2025-04-22 18:10:00+09:00,0.0564,0.0566,0.0563,0.0565,95382.0
2025-04-22 18:15:00+09:00,0.0564,0.0567,0.0563,0.0563,25054.0
2025-04-22 18:20:00+09:00,0.0563,0.0565,0.0562,0.0564,157879.0
2025-04-22 18:25:00+09:00,0.0565,0.0566,0.0565,0.0566,10964.0
2025-04-22 18:30:00+09:00,0.0564,0.0565,0.0563,0.0563,14695.0
2025-04-22 18:35:00+09:00,0.0563,0.0563,0.0563,0.0563,1638.0
2025-04-22 18:40:00+09:00,0.0565,0.0565,0.0563,0.0565,1642.0
2025-04-22 18:45:00+09:00,0.0564,0.0565,0.0561,0.0562,118639.0
2025-04-22 18:50:00+09:00,0.0562,0.0563,0.0562,0.0562,12477.0
2025-04-22 18:55:00+09:00,0.0561,0.0563,0.0561,0.0562,13242.0
2025-04-22 19:00:00+09:00,0.0562,0.0563,0.0562,0.0563,69505.0
2025-04-22 19:05:00+09:00,0.0563,0.0564,0.0562,0.0563,164639.0
2025-04-22 19:10:00+09:00,0.0563,0.0563,0.0562,0.0562,24161.0
2025-04-22 19:15:00+09:00,0.0562,0.0563,0.0562,0.0562,41824.0
2025-04-22 19:20:00+09:00,0.0562,0.0562,0.0562,0.0562,19075.0
2025-04-22 19:25:00+09:00,0.0562,0.0563,0.0561,0.0561,46051.0
2025-04-22 19:30:00+09:00,0.0562,0.0563,0.0562,0.0563,27958.0
2025-04-22 19:35:00+09:00,0.0563,0.0566,0.0563,0.0565,283446.0
2025-04-22 19:40:00+09:00,0.0564,0.0567,0.0564,0.0565,46665.0
2025-04-22 19:45:00+09:00,0.0565,0.0565,0.0565,0.0565,989.0
2025-04-22 19:50:00+09:00,0.0565,0.0567,0.0565,0.0567,858.0
2025-04-22 19:55:00+09:00,0.0566,0.0567,0.0566,0.0567,5252.0
2025-04-22 20:00:00+09:00,0.0568,0.0568,0.0566,0.0566,3980.0
2025-04-22 20:05:00+09:00,0.0565,0.0565,0.0565,0.0565,1057.0
2025-04-22 20:10:00+09:00,0.0567,0.0567,0.0565,0.0565,1327.0
2025-04-22 20:15:00+09:00,0.0567,0.0568,0.0565,0.0568,10701.0
2025-04-22 20:20:00+09:00,0.0568,0.057,0.0568,0.057,37962.0
2025-04-22 20:25:00+09:00,0.0568,0.0568,0.0567,0.0567,3639.0
2025-04-22 20:30:00+09:00,0.057,0.057,0.0568,0.0568,1103.0
2025-04-22 20:35:00+09:00,0.0569,0.0569,0.0569,0.0569,19307.0
2025-04-22 20:40:00+09:00,0.0569,0.057,0.0569,0.0569,44161.0
2025-04-22 20:45:00+09:00,0.0568,0.0568,0.0568,0.0568,666.0
2025-04-22 20:50:00+09:00,0.057,0.0571,0.0569,0.0569,2532.0
2025-04-22 20:55:00+09:00,0.0571,0.0571,0.057,0.057,3172.0
2025-04-22 21:00:00+09:00,0.057,0.0571,0.057,0.057,28339.0
2025-04-22 21:05:00+09:00,0.057,0.0571,0.0569,0.0569,5647.0
2025-04-22 21:10:00+09:00,0.0569,0.0571,0.0569,0.0569,19397.0
2025-04-22 21:15:00+09:00,0.0569,0.057,0.0569,0.0569,20375.0
2025-04-22 21:20:00+09:00,0.0569,0.0571,0.0569,0.0569,23231.0
2025-04-22 21:25:00+09:00,0.0571,0.0572,0.0571,0.0572,22903.0
2025-04-22 21:30:00+09:00,0.0572,0.0573,0.057,0.0571,99771.0
2025-04-22 21:35:00+09:00,0.057,0.0573,0.057,0.0572,13200.0
2025-04-22 21:40:00+09:00,0.057,0.0573,0.0569,0.0573,29440.0
2025-04-22 21:45:00+09:00,0.0573,0.0574,0.0572,0.0573,25041.0
2025-04-22 21:50:00+09:00,0.0573,0.0575,0.0572,0.0575,108234.0
2025-04-22 21:55:00+09:00,0.0575,0.0577,0.0573,0.0575,46525.0
2025-04-22 22:00:00+09:00,0.0575,0.0577,0.0574,0.0577,25760.0
2025-04-22 22:05:00+09:00,0.0578,0.0578,0.0578,0.0578,4418.0
2025-04-22 22:10:00+09:00,0.0578,0.0579,0.0577,0.0579,77014.0
2025-04-22 22:15:00+09:00,0.058,0.058,0.0578,0.0579,60010.0
2025-04-22 22:20:00+09:00,0.0577,0.0579,0.0576,0.0577,108812.0
2025-04-22 22:25:00+09:00,0.0577,0.0579,0.0577,0.0579,11206.0
2025-04-22 22:30:00+09:00,0.0577,0.0579,0.0575,0.0579,158912.0
2025-04-22 22:35:00+09:00,0.0579,0.058,0.0577,0.058,37531.0
2025-04-22 22:40:00+09:00,0.0581,0.0584,0.0579,0.0582,126253.0
2025-04-22 22:45:00+09:00,0.0582,0.0587,0.0582,0.0586,509567.0
2025-04-22 22:50:00+09:00,0.0585,0.0586,0.0581,0.0583,119029.0
2025-04-22 22:55:00+09:00,0.0581,0.0583,0.0579,0.0583,68588.0
2025-04-22 23:00:00+09:00,0.0583,0.0585,0.0581,0.0583,79717.0
2025-04-22 23:05:00+09:00,0.0581,0.0584,0.058,0.0584,202370.0
2025-04-22 23:10:00+09:00,0.0584,0.0586,0.0582,0.0586,14040.0
2025-04-22 23:15:00+09:00,0.0583,0.0586,0.0582,0.0585,84255.0
2025-04-22 23:20:00+09:00,0.0584,0.0584,0.0582,0.0583,101575.0
2025-04-22 23:25:00+09:00,0.0581,0.0583,0.0578,0.0581,140786.0
2025-04-22 23:30:00+09:00,0.058,0.0582,0.0579,0.0581,19641.0
2025-04-22 23:35:00+09:00,0.0582,0.0582,0.058,0.0582,33970.0
2025-04-22 23:40:00+09:00,0.0582,0.0584,0.058,0.0584,140023.0
2025-04-22 23:45:00+09:00,0.0584,0.0586,0.0583,0.0583,165991.0
2025-04-22 23:50:00+09:00,0.0584,0.0586,0.0583,0.0586,86910.0
2025-04-22 23:55:00+09:00,0.0584,0.0587,0.0584,0.0587,154571.0
2025-04-23 00:00:00+09:00,0.0587,0.0595,0.0587,0.0591,486478.0
2025-04-23 00:05:00+09:00,0.0591,0.0593,0.059,0.0591,198775.0
2025-04-23 00:10:00+09:00,0.0591,0.0594,0.0591,0.0592,105606.0
2025-04-23 00:15:00+09:00,0.0592,0.0593,0.0589,0.059,172016.0
2025-04-23 00:20:00+09:00,0.059,0.0592,0.0589,0.0592,280238.0
2025-04-23 00:25:00+09:00,0.0591,0.0592,0.0588,0.059,17062.0
2025-04-23 00:30:00+09:00,0.059,0.059,0.0585,0.0586,117160.0
2025-04-23 00:35:00+09:00,0.0586,0.0587,0.0584,0.0586,61439.0
2025-04-23 00:40:00+09:00,0.0585,0.0585,0.0583,0.0584,11920.0
2025-04-23 00:45:00+09:00,0.0584,0.0587,0.0584,0.0587,33678.0
2025-04-23 00:50:00+09:00,0.0586,0.0588,0.0585,0.0588,7093.0
2025-04-23 00:55:00+09:00,0.0585,0.0588,0.0585,0.0588,41317.0
2025-04-23 01:00:00+09:00,0.0589,0.0591,0.0585,0.0585,161193.0
2025-04-23 01:05:00+09:00,0.0586,0.0588,0.0584,0.0588,500555.0
2025-04-23 01:10:00+09:00,0.0588,0.0588,0.0586,0.0586,9222.0
2025-04-23 01:15:00+09:00,0.0586,0.0587,0.0583,0.0586,146197.0
2025-04-23 01:20:00+09:00,0.0586,0.0588,0.0586,0.0587,26195.0
2025-04-23 01:25:00+09:00,0.0586,0.0588,0.0586,0.0587,47297.0
2025-04-23 01:30:00+09:00,0.0586,0.0588,0.0586,0.0586,91153.0
2025-04-23 01:35:00+09:00,0.0586,0.0587,0.0586,0.0587,121943.0
2025-04-23 01:40:00+09:00,0.0586,0.0587,0.0583,0.0585,88999.0
2025-04-23 01:45:00+09:00,0.0585,0.0585,0.0584,0.0585,71463.0
2025-04-23 01:50:00+09:00,0.0584,0.0585,0.0584,0.0585,75262.0
2025-04-23 01:55:00+09:00,0.0585,0.0586,0.0584,0.0584,23081.0
2025-04-23 02:00:00+09:00,0.0585,0.0586,0.0585,0.0586,76463.0
2025-04-23 02:05:00+09:00,0.0587,0.0588,0.0584,0.0587,113777.0
2025-04-23 02:10:00+09:00,0.0586,0.0587,0.0583,0.0584,51076.0
2025-04-23 02:15:00+09:00,0.0584,0.0586,0.0582,0.0585,158701.0
2025-04-23 02:20:00+09:00,0.0585,0.0585,0.0584,0.0585,48658.0
2025-04-23 02:25:00+09:00,0.0585,0.0587,0.0585,0.0586,39436.0
2025-04-23 02:30:00+09:00,0.0585,0.0587,0.0584,0.0586,71873.0
2025-04-23 02:35:00+09:00,0.0586,0.0587,0.0585,0.0586,108011.0
2025-04-23 02:40:00+09:00,0.0586,0.0586,0.0584,0.0586,37426.0
2025-04-23 02:45:00+09:00,0.0585,0.0585,0.0583,0.0585,9898.0
2025-04-23 02:50:00+09:00,0.0585,0.0587,0.0583,0.0586,55193.0
2025-04-23 02:55:00+09:00,0.0585,0.0586,0.0584,0.0584,20359.0
2025-04-23 03:00:00+09:00,0.0585,0.0587,0.0585,0.0586,102578.0
2025-04-23 03:05:00+09:00,0.0587,0.0588,0.0586,0.0587,88759.0
2025-04-23 03:10:00+09:00,0.0586,0.0587,0.0585,0.0586,52192.0
2025-04-23 03:15:00+09:00,0.0586,0.0587,0.0586,0.0586,37868.0
2025-04-23 03:20:00+09:00,0.0586,0.0588,0.0586,0.0587,44797.0
2025-04-23 03:25:00+09:00,0.0587,0.0588,0.0587,0.0587,74848.0
2025-04-23 03:30:00+09:00,0.0588,0.0588,0.0588,0.0588,5877.0
2025-04-23 03:35:00+09:00,0.0589,0.0591,0.0589,0.059,114097.0
2025-04-23 03:40:00+09:00,0.059,0.0591,0.059,0.0591,15683.0
2025-04-23 03:45:00+09:00,0.0591,0.0591,0.0589,0.059,56770.0
2025-04-23 03:50:00+09:00,0.0591,0.0592,0.059,0.0591,36148.0
2025-04-23 03:55:00+09:00,0.059,0.059,0.059,0.059,532.0
2025-04-23 04:00:00+09:00,0.0591,0.0591,0.059,0.0591,60531.0
2025-04-23 04:05:00+09:00,0.059,0.0591,0.0589,0.0589,55179.0
2025-04-23 04:10:00+09:00,0.0591,0.0591,0.0589,0.059,15147.0
2025-04-23 04:15:00+09:00,0.059,0.0591,0.0589,0.059,132250.0
2025-04-23 04:20:00+09:00,0.059,0.059,0.0589,0.059,13759.0
2025-04-23 04:25:00+09:00,0.0589,0.0589,0.0589,0.0589,336.0
2025-04-23 04:30:00+09:00,0.059,0.0591,0.0588,0.0588,52045.0
2025-04-23 04:35:00+09:00,0.0589,0.059,0.0586,0.0586,74552.0
2025-04-23 04:40:00+09:00,0.0586,0.0589,0.0586,0.0588,110675.0
2025-04-23 04:45:00+09:00,0.0587,0.0589,0.0587,0.0588,5023.0
2025-04-23 04:50:00+09:00,0.0589,0.0589,0.0589,0.0589,9401.0
2025-04-23 04:55:00+09:00,0.0589,0.0591,0.0589,0.0589,41427.0
2025-04-23 05:00:00+09:00,0.0591,0.0591,0.0589,0.0589,86317.0
2025-04-23 05:05:00+09:00,0.059,0.0591,0.0589,0.0591,74997.0
2025-04-23 05:10:00+09:00,0.0591,0.0591,0.0589,0.059,10494.0
2025-04-23 05:15:00+09:00,0.0589,0.059,0.0588,0.0588,17310.0
2025-04-23 05:20:00+09:00,0.059,0.059,0.0589,0.0589,344.0
2025-04-23 05:25:00+09:00,0.0591,0.0591,0.0589,0.059,3366.0
2025-04-23 05:30:00+09:00,0.0591,0.0591,0.059,0.059,14211.0
2025-04-23 05:35:00+09:00,0.0589,0.0589,0.0589,0.0589,1092.0
2025-04-23 05:40:00+09:00,0.0589,0.0591,0.0589,0.0591,6146.0
2025-04-23 05:45:00+09:00,0.0591,0.0592,0.059,0.059,24467.0
2025-04-23 05:50:00+09:00,0.059,0.059,0.0589,0.0589,17118.0
2025-04-23 05:55:00+09:00,0.0589,0.0589,0.0588,0.0588,19851.0
2025-04-23 06:00:00+09:00,0.0589,0.0589,0.0586,0.0586,721.0
2025-04-23 06:05:00+09:00,0.0586,0.059,0.0586,0.059,101240.0
2025-04-23 06:10:00+09:00,0.0589,0.059,0.0588,0.0588,8497.0
2025-04-23 06:15:00+09:00,0.0589,0.0591,0.0587,0.0591,48241.0
2025-04-23 06:20:00+09:00,0.0591,0.0593,0.0591,0.0593,31966.0
2025-04-23 06:25:00+09:00,0.0592,0.0592,0.059,0.059,35569.0
2025-04-23 06:30:00+09:00,0.0592,0.0594,0.0592,0.0594,76274.0
2025-04-23 06:35:00+09:00,0.0591,0.0594,0.059,0.0594,27319.0
2025-04-23 06:40:00+09:00,0.0592,0.0595,0.0592,0.0594,87744.0
2025-04-23 06:45:00+09:00,0.0594,0.0603,0.0594,0.0603,202767.0
2025-04-23 06:50:00+09:00,0.0603,0.0603,0.0596,0.06,340592.0
2025-04-23 06:55:00+09:00,0.0599,0.06,0.0595,0.0599,126124.0
2025-04-23 07:00:00+09:00,0.0599,0.06,0.0597,0.0597,72080.0
2025-04-23 07:05:00+09:00,0.0596,0.0596,0.0593,0.0595,54302.0
2025-04-23 07:10:00+09:00,0.0593,0.0597,0.0593,0.0597,16061.0
2025-04-23 07:15:00+09:00,0.0596,0.0598,0.0596,0.0598,48766.0
2025-04-23 07:20:00+09:00,0.0598,0.0599,0.0595,0.0598,9401.0
2025-04-23 07:25:00+09:00,0.0596,0.0598,0.0596,0.0597,935.0
2025-04-23 07:30:00+09:00,0.0596,0.0598,0.0596,0.0598,23627.0
2025-04-23 07:35:00+09:00,0.0596,0.0597,0.0593,0.0595,15217.0
2025-04-23 07:40:00+09:00,0.0593,0.0596,0.0593,0.0596,6216.0
2025-04-23 07:45:00+09:00,0.0595,0.0596,0.0595,0.0596,8004.0
2025-04-23 07:50:00+09:00,0.0596,0.0598,0.0596,0.0598,21246.0
2025-04-23 07:55:00+09:00,0.0599,0.0599,0.0596,0.0598,34442.0
2025-04-23 08:00:00+09:00,0.0597,0.0599,0.0597,0.0597,8827.0
2025-04-23 08:05:00+09:00,0.0597,0.06,0.0597,0.06,22775.0
2025-04-23 08:10:00+09:00,0.06,0.0601,0.06,0.0601,13277.0
2025-04-23 08:15:00+09:00,0.0601,0.0602,0.0597,0.0599,58589.0
2025-04-23 08:20:00+09:00,0.0598,0.0599,0.0597,0.0599,6395.0
2025-04-23 08:25:00+09:00,0.0599,0.0602,0.0599,0.0602,17026.0
2025-04-23 08:30:00+09:00,0.06,0.0601,0.0599,0.0601,61604.0
2025-04-23 08:35:00+09:00,0.0599,0.0602,0.0599,0.0601,121973.0
2025-04-23 08:40:00+09:00,0.06,0.0602,0.0599,0.06,6982.0
2025-04-23 08:45:00+09:00,0.06,0.0603,0.06,0.0603,62414.0
2025-04-23 08:50:00+09:00,0.0602,0.0603,0.0601,0.0602,27877.0
2025-04-23 08:55:00+09:00,0.0602,0.0602,0.06,0.0601,45057.0
2025-04-23 09:00:00+09:00,0.0602,0.0602,0.06,0.0602,23315.0
2025-04-23 09:05:00+09:00,0.0601,0.0601,0.0598,0.0598,50473.0
2025-04-23 09:10:00+09:00,0.0599,0.06,0.0598,0.06,49813.0
2025-04-23 09:15:00+09:00,0.06,0.0602,0.0599,0.0602,13452.0
2025-04-23 09:20:00+09:00,0.0602,0.0604,0.0602,0.0603,11725.0
2025-04-23 09:25:00+09:00,0.0602,0.0603,0.0602,0.0602,18223.0
2025-04-23 09:30:00+09:00,0.0602,0.0604,0.0602,0.0604,18717.0
2025-04-23 09:35:00+09:00,0.0604,0.0605,0.0602,0.0603,65679.0
2025-04-23 09:40:00+09:00,0.0605,0.0605,0.0602,0.0602,7279.0
2025-04-23 09:45:00+09:00,0.0602,0.0603,0.0602,0.0602,14125.0
2025-04-23 09:50:00+09:00,0.0602,0.0602,0.0601,0.0601,7656.0
2025-04-23 09:55:00+09:00,0.0602,0.0603,0.06,0.06,36683.0
2025-04-23 10:00:00+09:00,0.0601,0.0602,0.0601,0.0602,31145.0
2025-04-23 10:05:00+09:00,0.0602,0.0604,0.0602,0.0603,70302.0
2025-04-23 10:10:00+09:00,0.0605,0.0606,0.0604,0.0604,23556.0
2025-04-23 10:15:00+09:00,0.0604,0.0604,0.0602,0.0602,69389.0
2025-04-23 10:20:00+09:00,0.0601,0.0602,0.0601,0.0602,2530.0
2025-04-23 10:25:00+09:00,0.0601,0.0603,0.0601,0.0602,4083.0
2025-04-23 10:30:00+09:00,0.0602,0.0602,0.0601,0.0601,6959.0
2025-04-23 10:35:00+09:00,0.06,0.0601,0.06,0.06,12498.0
2025-04-23 10:40:00+09:00,0.06,0.06,0.0599,0.06,8812.0
2025-04-23 10:45:00+09:00,0.0601,0.0601,0.0597,0.0597,161184.0
2025-04-23 10:50:00+09:00,0.0597,0.0598,0.0596,0.0597,53919.0
2025-04-23 10:55:00+09:00,0.0596,0.0596,0.0594,0.0594,32540.0
2025-04-23 11:00:00+09:00,0.0596,0.0596,0.0593,0.0594,101082.0
2025-04-23 11:05:00+09:00,0.0595,0.0596,0.0594,0.0596,15501.0
2025-04-23 11:10:00+09:00,0.0595,0.0596,0.0594,0.0596,40649.0
2025-04-23 11:15:00+09:00,0.0596,0.0598,0.0596,0.0598,3087.0
2025-04-23 11:20:00+09:00,0.0599,0.0601,0.0599,0.0601,8194.0
2025-04-23 11:25:00+09:00,0.0601,0.0601,0.06,0.06,1366.0
2025-04-23 11:30:00+09:00,0.0598,0.0599,0.0598,0.0599,16794.0
2025-04-23 11:35:00+09:00,0.0601,0.0601,0.0599,0.06,3332.0
2025-04-23 11:40:00+09:00,0.0598,0.06,0.0598,0.06,961.0
2025-04-23 11:45:00+09:00,0.06,0.0602,0.06,0.06,33445.0
2025-04-23 11:50:00+09:00,0.0601,0.0602,0.06,0.0602,15895.0
2025-04-23 11:55:00+09:00,0.0601,0.0602,0.06,0.06,18817.0
2025-04-23 12:00:00+09:00,0.06,0.0601,0.06,0.0601,495.0
2025-04-23 12:05:00+09:00,0.06,0.06,0.0597,0.0597,15313.0
2025-04-23 12:10:00+09:00,0.0597,0.0598,0.0597,0.0598,11092.0
2025-04-23 12:15:00+09:00,0.0598,0.0599,0.0596,0.0599,3604.0
2025-04-23 12:20:00+09:00,0.0599,0.0601,0.0599,0.0601,46783.0
2025-04-23 12:25:00+09:00,0.0602,0.0602,0.0602,0.0602,117.0
2025-04-23 12:30:00+09:00,0.0601,0.0601,0.06,0.06,8621.0
2025-04-23 12:35:00+09:00,0.0601,0.0602,0.06,0.06,18596.0
2025-04-23 12:40:00+09:00,0.06,0.0601,0.06,0.06,42463.0
2025-04-23 12:45:00+09:00,0.06,0.0602,0.06,0.0602,44651.0
2025-04-23 12:50:00+09:00,0.0603,0.0604,0.0602,0.0604,8934.0
2025-04-23 12:55:00+09:00,0.0605,0.0605,0.0602,0.0603,49768.0
2025-04-23 13:00:00+09:00,0.0604,0.0606,0.0604,0.0604,110822.0
2025-04-23 13:05:00+09:00,0.0605,0.0605,0.0603,0.0603,1187.0
2025-04-23 13:10:00+09:00,0.0604,0.0605,0.0604,0.0605,7495.0
2025-04-23 13:15:00+09:00,0.0606,0.0606,0.0605,0.0605,1945.0
2025-04-23 13:20:00+09:00,0.0604,0.0604,0.0604,0.0604,32327.0
2025-04-23 13:25:00+09:00,0.0602,0.0603,0.0602,0.0603,7518.0
2025-04-23 13:30:00+09:00,0.0603,0.0605,0.0603,0.0603,37512.0
2025-04-23 13:35:00+09:00,0.0603,0.0605,0.0603,0.0605,2399.0
2025-04-23 13:40:00+09:00,0.0606,0.0606,0.0604,0.0606,14510.0
2025-04-23 13:45:00+09:00,0.0607,0.0616,0.0607,0.0612,1060883.0
2025-04-23 13:50:00+09:00,0.0612,0.0614,0.061,0.0614,14378.0
2025-04-23 13:55:00+09:00,0.0611,0.0614,0.0611,0.0613,61015.0
2025-04-23 14:00:00+09:00,0.0613,0.0613,0.0608,0.0608,180577.0
2025-04-23 14:05:00+09:00,0.061,0.0611,0.0608,0.0611,38455.0
2025-04-23 14:10:00+09:00,0.0611,0.0611,0.0609,0.0611,19149.0
2025-04-23 14:15:00+09:00,0.061,0.061,0.0606,0.0606,61751.0
2025-04-23 14:20:00+09:00,0.0608,0.0609,0.0606,0.0607,24068.0
2025-04-23 14:25:00+09:00,0.0607,0.0609,0.0606,0.0607,3966.0
2025-04-23 14:30:00+09:00,0.0608,0.0611,0.0607,0.0611,7088.0
2025-04-23 14:35:00+09:00,0.0609,0.0612,0.0609,0.0612,2059.0
2025-04-23 14:40:00+09:00,0.0612,0.0612,0.061,0.0611,6078.0
2025-04-23 14:45:00+09:00,0.0609,0.0611,0.0608,0.061,20570.0
2025-04-23 14:50:00+09:00,0.0607,0.0615,0.0607,0.0614,638291.0
2025-04-23 14:55:00+09:00,0.0614,0.0615,0.0607,0.0609,503433.0
2025-04-23 15:00:00+09:00,0.0607,0.0609,0.0606,0.0608,229795.0
2025-04-23 15:05:00+09:00,0.0607,0.0608,0.0607,0.0608,1082.0
2025-04-23 15:10:00+09:00,0.0608,0.0609,0.0606,0.0609,53019.0
2025-04-23 15:15:00+09:00,0.0608,0.0609,0.0607,0.0609,15483.0
2025-04-23 15:20:00+09:00,0.0608,0.0609,0.0608,0.0609,9426.0
2025-04-23 15:25:00+09:00,0.0609,0.0609,0.0608,0.0609,7475.0
2025-04-23 15:30:00+09:00,0.0608,0.0609,0.0606,0.0608,43897.0
2025-04-23 15:35:00+09:00,0.0608,0.0609,0.0607,0.0608,30539.0
2025-04-23 15:40:00+09:00,0.0607,0.0608,0.0607,0.0608,14753.0
2025-04-23 15:45:00+09:00,0.0608,0.0611,0.0608,0.0611,116096.0
2025-04-23 15:50:00+09:00,0.0611,0.0612,0.061,0.061,29618.0
2025-04-23 15:55:00+09:00,0.0608,0.0609,0.0608,0.0609,9405.0
2025-04-23 16:00:00+09:00,0.0609,0.0611,0.0608,0.0611,24698.0
2025-04-23 16:05:00+09:00,0.061,0.061,0.0607,0.0608,55644.0
2025-04-23 16:10:00+09:00,0.0606,0.0608,0.0606,0.0608,44136.0
2025-04-23 16:15:00+09:00,0.0605,0.0608,0.0605,0.0608,11359.0
2025-04-23 16:20:00+09:00,0.0609,0.0609,0.0608,0.0609,6200.0
2025-04-23 16:25:00+09:00,0.0608,0.0609,0.0607,0.0609,41743.0
2025-04-23 16:30:00+09:00,0.0608,0.0611,0.0608,0.061,20694.0
2025-04-23 16:35:00+09:00,0.061,0.0611,0.0609,0.0611,18993.0
2025-04-23 16:40:00+09:00,0.061,0.061,0.0608,0.061,6541.0
2025-04-23 16:45:00+09:00,0.0608,0.061,0.0608,0.0609,73919.0
2025-04-23 16:50:00+09:00,0.0609,0.0611,0.0609,0.0611,11472.0
2025-04-23 16:55:00+09:00,0.0611,0.0614,0.061,0.0613,12787.0
2025-04-23 17:00:00+09:00,0.0611,0.0611,0.0608,0.061,77521.0
2025-04-23 17:05:00+09:00,0.0609,0.0609,0.0608,0.0609,82317.0
2025-04-23 17:10:00+09:00,0.0608,0.0612,0.0608,0.0611,129357.0
2025-04-23 17:15:00+09:00,0.0612,0.0612,0.061,0.0611,93491.0
2025-04-23 17:20:00+09:00,0.0611,0.0612,0.061,0.0611,55920.0
2025-04-23 17:25:00+09:00,0.0611,0.0612,0.061,0.061,20256.0
2025-04-23 17:30:00+09:00,0.061,0.0611,0.061,0.0611,17570.0
2025-04-23 17:35:00+09:00,0.0611,0.0611,0.0611,0.0611,214.0
2025-04-23 17:40:00+09:00,0.0612,0.0612,0.0612,0.0612,344.0
2025-04-23 17:45:00+09:00,0.0612,0.0614,0.0612,0.0612,63837.0
2025-04-23 17:50:00+09:00,0.0614,0.0614,0.0614,0.0614,36316.0
2025-04-23 17:55:00+09:00,0.0612,0.0614,0.0611,0.0612,32395.0
2025-04-23 18:00:00+09:00,0.0612,0.0615,0.0612,0.0615,8333.0
2025-04-23 18:05:00+09:00,0.0614,0.0615,0.0614,0.0614,5141.0
2025-04-23 18:10:00+09:00,0.0615,0.0615,0.0615,0.0615,1897.0
2025-04-23 18:15:00+09:00,0.0614,0.0617,0.0612,0.0613,82498.0
2025-04-23 18:20:00+09:00,0.0614,0.0615,0.0614,0.0614,12647.0
2025-04-23 18:25:00+09:00,0.0614,0.0615,0.0614,0.0615,37709.0
2025-04-23 18:30:00+09:00,0.0613,0.0614,0.0613,0.0614,406.0
2025-04-23 18:35:00+09:00,0.0615,0.0616,0.0614,0.0614,1718.0
2025-04-23 18:40:00+09:00,0.0613,0.0615,0.0613,0.0613,24302.0
2025-04-23 18:45:00+09:00,0.0613,0.0615,0.0613,0.0615,5075.0
2025-04-23 18:50:00+09:00,0.0615,0.0616,0.0615,0.0615,74003.0
2025-04-23 18:55:00+09:00,0.0615,0.0615,0.0614,0.0615,22219.0
2025-04-23 19:00:00+09:00,0.0613,0.0613,0.061,0.0613,70414.0
2025-04-23 19:05:00+09:00,0.0611,0.0611,0.0605,0.0605,93925.0
2025-04-23 19:10:00+09:00,0.0607,0.0608,0.0606,0.0607,5514.0
2025-04-23 19:15:00+09:00,0.0608,0.0611,0.0608,0.0611,4528.0
2025-04-23 19:20:00+09:00,0.061,0.0613,0.061,0.0613,16503.0
2025-04-23 19:25:00+09:00,0.0612,0.0613,0.0611,0.0611,11006.0
2025-04-23 19:30:00+09:00,0.0613,0.0614,0.0612,0.0612,22559.0
2025-04-23 19:35:00+09:00,0.0611,0.0612,0.0611,0.0611,67502.0
2025-04-23 19:40:00+09:00,0.0611,0.0612,0.0611,0.0612,30287.0
2025-04-23 19:45:00+09:00,0.0612,0.0612,0.0612,0.0612,0.0
2025-04-23 19:50:00+09:00,0.0614,0.0614,0.0612,0.0614,871.0
2025-04-23 19:55:00+09:00,0.0614,0.0615,0.0614,0.0614,23852.0
2025-04-23 20:00:00+09:00,0.0614,0.0615,0.0613,0.0614,21454.0
2025-04-23 20:05:00+09:00,0.0613,0.0614,0.0612,0.0613,32348.0
2025-04-23 20:10:00+09:00,0.0613,0.0613,0.0613,0.0613,0.0
2025-04-23 20:15:00+09:00,0.0612,0.0615,0.0611,0.0615,47106.0
2025-04-23 20:20:00+09:00,0.0615,0.0615,0.0614,0.0614,17457.0
2025-04-23 20:25:00+09:00,0.0614,0.0615,0.0613,0.0615,15531.0
2025-04-23 20:30:00+09:00,0.0613,0.0615,0.0613,0.0615,23543.0
2025-04-23 20:35:00+09:00,0.0613,0.0615,0.0613,0.0614,2852.0
2025-04-23 20:40:00+09:00,0.0614,0.0616,0.0613,0.0613,24697.0
2025-04-23 20:45:00+09:00,0.0613,0.0614,0.0613,0.0614,596.0
2025-04-23 20:50:00+09:00,0.0612,0.0613,0.0611,0.0612,21450.0
2025-04-23 20:55:00+09:00,0.0612,0.0613,0.061,0.0613,116541.0
2025-04-23 21:00:00+09:00,0.0613,0.0614,0.0612,0.0613,23001.0
2025-04-23 21:05:00+09:00,0.0614,0.0615,0.0613,0.0613,5329.0
2025-04-23 21:10:00+09:00,0.0615,0.0618,0.0615,0.0618,170431.0
2025-04-23 21:15:00+09:00,0.0616,0.0618,0.0615,0.0618,219749.0
2025-04-23 21:20:00+09:00,0.0616,0.0617,0.0616,0.0616,18962.0
2025-04-23 21:25:00+09:00,0.0615,0.0618,0.0615,0.0615,12661.0
2025-04-23 21:30:00+09:00,0.0615,0.0616,0.0615,0.0616,6535.0
2025-04-23 21:35:00+09:00,0.0617,0.0617,0.0615,0.0617,775.0
2025-04-23 21:40:00+09:00,0.0616,0.0616,0.0615,0.0615,32298.0
2025-04-23 21:45:00+09:00,0.0615,0.0617,0.0615,0.0616,9424.0
2025-04-23 21:50:00+09:00,0.0617,0.0618,0.0617,0.0618,2597.0
2025-04-23 21:55:00+09:00,0.0617,0.0619,0.0616,0.0618,14179.0
2025-04-23 22:00:00+09:00,0.0616,0.0617,0.0616,0.0617,988.0
2025-04-23 22:05:00+09:00,0.0617,0.0618,0.0617,0.0617,38779.0
2025-04-23 22:10:00+09:00,0.0618,0.0618,0.0617,0.0617,962.0
2025-04-23 22:15:00+09:00,0.0618,0.062,0.0618,0.062,31190.0
2025-04-23 22:20:00+09:00,0.0621,0.0621,0.0618,0.0619,14679.0
2025-04-23 22:25:00+09:00,0.0618,0.0619,0.0618,0.0619,9191.0
2025-04-23 22:30:00+09:00,0.0619,0.0621,0.0617,0.062,13380.0
2025-04-23 22:35:00+09:00,0.0618,0.062,0.0607,0.0611,606025.0
2025-04-23 22:40:00+09:00,0.0612,0.0614,0.0611,0.0614,9787.0
2025-04-23 22:45:00+09:00,0.061,0.0615,0.061,0.0615,35154.0
2025-04-23 22:50:00+09:00,0.0612,0.0615,0.061,0.0611,23735.0
2025-04-23 22:55:00+09:00,0.0609,0.061,0.0602,0.0605,149435.0
2025-04-23 23:00:00+09:00,0.0605,0.0611,0.0604,0.0611,275495.0
2025-04-23 23:05:00+09:00,0.0611,0.0612,0.061,0.0612,93956.0
2025-04-23 23:10:00+09:00,0.0612,0.0614,0.0612,0.0612,28557.0
2025-04-23 23:15:00+09:00,0.0609,0.061,0.0605,0.0606,90546.0
2025-04-23 23:20:00+09:00,0.0605,0.0611,0.0605,0.0611,23245.0
2025-04-23 23:25:00+09:00,0.061,0.0613,0.061,0.0612,58468.0
2025-04-23 23:30:00+09:00,0.0611,0.0611,0.0607,0.061,85616.0
2025-04-23 23:35:00+09:00,0.0609,0.0611,0.0607,0.0609,40209.0
2025-04-23 23:40:00+09:00,0.0609,0.0612,0.0609,0.0612,15349.0
2025-04-23 23:45:00+09:00,0.0612,0.0612,0.0609,0.0611,12861.0
2025-04-23 23:50:00+09:00,0.0609,0.0609,0.0606,0.0608,38126.0
2025-04-23 23:55:00+09:00,0.0606,0.0609,0.0606,0.0608,19761.0
2025-04-24 00:00:00+09:00,0.0606,0.0609,0.0603,0.0606,130628.0
2025-04-24 00:05:00+09:00,0.0604,0.0607,0.0604,0.0604,13479.0
2025-04-24 00:10:00+09:00,0.0605,0.0606,0.0603,0.0604,93293.0
2025-04-24 00:15:00+09:00,0.0603,0.0603,0.0596,0.0599,86449.0
2025-04-24 00:20:00+09:00,0.0597,0.06,0.0595,0.0598,98497.0
2025-04-24 00:25:00+09:00,0.0598,0.0599,0.0596,0.0599,195989.0
2025-04-24 00:30:00+09:00,0.0599,0.0603,0.0599,0.0603,48693.0
2025-04-24 00:35:00+09:00,0.0603,0.0607,0.0603,0.0605,71408.0
2025-04-24 00:40:00+09:00,0.0604,0.0605,0.0602,0.0603,28799.0
2025-04-24 00:45:00+09:00,0.0603,0.0603,0.0601,0.0602,14886.0
2025-04-24 00:50:00+09:00,0.0601,0.0602,0.06,0.0602,110121.0
2025-04-24 00:55:00+09:00,0.0602,0.0604,0.0602,0.0604,108802.0
2025-04-24 01:00:00+09:00,0.0603,0.0603,0.0601,0.0601,25321.0
2025-04-24 01:05:00+09:00,0.0602,0.0605,0.0601,0.0602,86013.0
2025-04-24 01:10:00+09:00,0.0602,0.0603,0.0601,0.0603,5218.0
2025-04-24 01:15:00+09:00,0.0602,0.0603,0.0598,0.0599,37387.0
2025-04-24 01:20:00+09:00,0.0599,0.06,0.0596,0.0596,72556.0
2025-04-24 01:25:00+09:00,0.0596,0.06,0.0596,0.06,19403.0
2025-04-24 01:30:00+09:00,0.0599,0.0601,0.0599,0.06,35200.0
2025-04-24 01:35:00+09:00,0.0602,0.0605,0.0602,0.0604,22060.0
2025-04-24 01:40:00+09:00,0.0605,0.0605,0.0603,0.0604,34592.0
2025-04-24 01:45:00+09:00,0.0603,0.0605,0.0603,0.0603,107862.0
2025-04-24 01:50:00+09:00,0.0605,0.0605,0.0604,0.0604,55338.0
2025-04-24 01:55:00+09:00,0.0604,0.0607,0.0604,0.0606,134745.0
2025-04-24 02:00:00+09:00,0.0605,0.0608,0.0605,0.0607,105738.0
2025-04-24 02:05:00+09:00,0.0607,0.0608,0.0606,0.0608,71200.0
2025-04-24 02:10:00+09:00,0.0608,0.0608,0.0606,0.0607,14232.0
2025-04-24 02:15:00+09:00,0.0605,0.0606,0.0605,0.0605,7603.0
2025-04-24 02:20:00+09:00,0.0607,0.0609,0.0607,0.0609,38268.0
2025-04-24 02:25:00+09:00,0.0609,0.0609,0.0607,0.0608,13435.0
2025-04-24 02:30:00+09:00,0.0608,0.0609,0.0607,0.0607,38946.0
2025-04-24 02:35:00+09:00,0.0607,0.0607,0.0605,0.0607,23227.0
2025-04-24 02:40:00+09:00,0.0605,0.0607,0.0605,0.0607,15311.0
2025-04-24 02:45:00+09:00,0.0606,0.0607,0.0605,0.0605,30575.0
2025-04-24 02:50:00+09:00,0.0605,0.0609,0.0605,0.0607,46482.0
2025-04-24 02:55:00+09:00,0.0609,0.0609,0.0608,0.0609,29938.0
2025-04-24 03:00:00+09:00,0.0609,0.061,0.0609,0.0609,15295.0
2025-04-24 03:05:00+09:00,0.0609,0.0613,0.0609,0.0613,99483.0
2025-04-24 03:10:00+09:00,0.0613,0.0614,0.0612,0.0612,58129.0
2025-04-24 03:15:00+09:00,0.0612,0.0613,0.0611,0.0613,99588.0
2025-04-24 03:20:00+09:00,0.0613,0.0614,0.0611,0.0612,21262.0
2025-04-24 03:25:00+09:00,0.0611,0.0611,0.061,0.0611,13087.0
2025-04-24 03:30:00+09:00,0.061,0.0613,0.0609,0.0612,25840.0
2025-04-24 03:35:00+09:00,0.0611,0.0611,0.061,0.0611,15676.0
2025-04-24 03:40:00+09:00,0.0611,0.0614,0.061,0.0611,178654.0
2025-04-24 03:45:00+09:00,0.061,0.0614,0.061,0.0613,22734.0
2025-04-24 03:50:00+09:00,0.0614,0.0614,0.0612,0.0612,2744.0
2025-04-24 03:55:00+09:00,0.0612,0.0612,0.0611,0.0611,18234.0
2025-04-24 04:00:00+09:00,0.0611,0.0613,0.0609,0.0609,90111.0
2025-04-24 04:05:00+09:00,0.0609,0.0609,0.0608,0.0609,19758.0
2025-04-24 04:10:00+09:00,0.0607,0.0607,0.0607,0.0607,115.0
2025-04-24 04:15:00+09:00,0.0606,0.0608,0.0606,0.0608,23737.0
2025-04-24 04:20:00+09:00,0.0607,0.0607,0.0605,0.0606,15003.0
2025-04-24 04:25:00+09:00,0.0603,0.0603,0.0603,0.0603,13537.0
2025-04-24 04:30:00+09:00,0.0603,0.0605,0.0602,0.0604,13494.0
2025-04-24 04:35:00+09:00,0.0605,0.0605,0.0603,0.0604,6599.0
2025-04-24 04:40:00+09:00,0.0606,0.0607,0.0606,0.0607,9560.0
2025-04-24 04:45:00+09:00,0.0604,0.0606,0.0604,0.0606,56041.0
2025-04-24 04:50:00+09:00,0.0604,0.0607,0.0604,0.0607,2740.0
2025-04-24 04:55:00+09:00,0.0605,0.0606,0.0605,0.0605,6618.0
2025-04-24 05:00:00+09:00,0.0606,0.0606,0.0606,0.0606,1485.0
2025-04-24 05:05:00+09:00,0.0606,0.0606,0.0605,0.0605,15738.0
2025-04-24 05:10:00+09:00,0.0606,0.0606,0.0603,0.0603,81839.0
2025-04-24 05:15:00+09:00,0.0603,0.0606,0.0603,0.0605,24027.0
2025-04-24 05:20:00+09:00,0.0606,0.0606,0.0605,0.0605,13458.0
2025-04-24 05:25:00+09:00,0.0604,0.0606,0.0604,0.0606,19385.0
2025-04-24 05:30:00+09:00,0.0607,0.0608,0.0606,0.0608,18210.0
2025-04-24 05:35:00+09:00,0.0608,0.0608,0.0606,0.0606,2268.0
2025-04-24 05:40:00+09:00,0.0607,0.0607,0.0605,0.0605,2258.0
2025-04-24 05:45:00+09:00,0.0607,0.0607,0.0606,0.0606,44643.0
2025-04-24 05:50:00+09:00,0.0606,0.0608,0.0606,0.0608,34793.0
2025-04-24 05:55:00+09:00,0.0607,0.0608,0.0607,0.0608,31721.0
2025-04-24 06:00:00+09:00,0.0607,0.0609,0.0607,0.0608,33960.0
2025-04-24 06:05:00+09:00,0.0608,0.0609,0.0607,0.0608,23842.0
2025-04-24 06:10:00+09:00,0.0608,0.0609,0.0607,0.0607,61310.0
2025-04-24 06:15:00+09:00,0.0606,0.0608,0.0606,0.0608,45572.0
2025-04-24 06:20:00+09:00,0.0607,0.0609,0.0607,0.0608,26430.0
2025-04-24 06:25:00+09:00,0.0608,0.0609,0.0607,0.0608,6794.0
2025-04-24 06:30:00+09:00,0.0608,0.0609,0.0607,0.0607,52638.0
2025-04-24 06:35:00+09:00,0.0607,0.0607,0.0606,0.0607,45844.0
2025-04-24 06:40:00+09:00,0.0607,0.0607,0.0605,0.0605,12604.0
2025-04-24 06:45:00+09:00,0.0605,0.0605,0.0604,0.0605,18019.0
2025-04-24 06:50:00+09:00,0.0604,0.0606,0.0602,0.0606,113261.0
2025-04-24 06:55:00+09:00,0.0605,0.0606,0.0605,0.0606,15555.0
2025-04-24 07:00:00+09:00,0.0606,0.0607,0.0605,0.0606,46670.0
2025-04-24 07:05:00+09:00,0.0605,0.0607,0.0605,0.0606,58044.0
2025-04-24 07:10:00+09:00,0.0605,0.0606,0.0605,0.0606,21541.0
2025-04-24 07:15:00+09:00,0.0607,0.0607,0.0606,0.0607,93614.0
2025-04-24 07:20:00+09:00,0.0606,0.0607,0.0604,0.0606,24482.0
2025-04-24 07:25:00+09:00,0.0606,0.0607,0.0606,0.0607,50851.0
2025-04-24 07:30:00+09:00,0.0607,0.0609,0.0607,0.0609,7381.0
2025-04-24 07:35:00+09:00,0.0609,0.061,0.0608,0.061,41090.0
2025-04-24 07:40:00+09:00,0.061,0.0611,0.0609,0.0611,64652.0
2025-04-24 07:45:00+09:00,0.0611,0.0611,0.0611,0.0611,0.0
2025-04-24 07:50:00+09:00,0.061,0.0611,0.061,0.0611,625.0
2025-04-24 07:55:00+09:00,0.0611,0.0611,0.061,0.0611,2812.0
2025-04-24 08:00:00+09:00,0.0611,0.0612,0.061,0.0612,2114.0
2025-04-24 08:05:00+09:00,0.0612,0.0613,0.0611,0.0613,35349.0
2025-04-24 08:10:00+09:00,0.0612,0.0614,0.0612,0.0614,4636.0
2025-04-24 08:15:00+09:00,0.0612,0.0613,0.0611,0.0613,15891.0
2025-04-24 08:20:00+09:00,0.0612,0.0614,0.0611,0.0613,2061.0
2025-04-24 08:25:00+09:00,0.0612,0.0613,0.0611,0.0612,1797.0
2025-04-24 08:30:00+09:00,0.0611,0.0612,0.061,0.0611,9859.0
2025-04-24 08:35:00+09:00,0.0611,0.0612,0.061,0.0612,6983.0
2025-04-24 08:40:00+09:00,0.0611,0.0611,0.0608,0.061,47873.0
2025-04-24 08:45:00+09:00,0.0609,0.0611,0.0609,0.061,5580.0
2025-04-24 08:50:00+09:00,0.061,0.0611,0.0609,0.061,25942.0
2025-04-24 08:55:00+09:00,0.061,0.0612,0.061,0.0611,4445.0
2025-04-24 09:00:00+09:00,0.0612,0.0613,0.0612,0.0612,52070.0
2025-04-24 09:05:00+09:00,0.061,0.0612,0.0609,0.0611,25863.0
2025-04-24 09:10:00+09:00,0.061,0.0611,0.061,0.0611,22038.0
2025-04-24 09:15:00+09:00,0.061,0.0612,0.0609,0.061,49415.0
2025-04-24 09:20:00+09:00,0.0611,0.0611,0.0607,0.0608,91731.0
2025-04-24 09:25:00+09:00,0.0607,0.0607,0.0604,0.0604,48034.0
2025-04-24 09:30:00+09:00,0.0604,0.0605,0.0603,0.0605,22650.0
2025-04-24 09:35:00+09:00,0.0605,0.0608,0.0605,0.0608,24590.0
2025-04-24 09:40:00+09:00,0.0607,0.0609,0.0607,0.0608,15855.0
2025-04-24 09:45:00+09:00,0.0608,0.061,0.0607,0.0607,34882.0
2025-04-24 09:50:00+09:00,0.0606,0.0606,0.0606,0.0606,15723.0
2025-04-24 09:55:00+09:00,0.0607,0.0607,0.0607,0.0607,4864.0
2025-04-24 10:00:00+09:00,0.0607,0.0608,0.0606,0.0607,16756.0
2025-04-24 10:05:00+09:00,0.0608,0.0609,0.0608,0.0609,695.0
2025-04-24 10:10:00+09:00,0.0608,0.0608,0.0604,0.0604,15379.0
2025-04-24 10:15:00+09:00,0.0604,0.0606,0.0604,0.0606,671.0
2025-04-24 10:20:00+09:00,0.0606,0.0606,0.0603,0.0605,39091.0
2025-04-24 10:25:00+09:00,0.0604,0.0606,0.0604,0.0606,4951.0
2025-04-24 10:30:00+09:00,0.0607,0.0608,0.0605,0.0607,24784.0
2025-04-24 10:35:00+09:00,0.0608,0.0609,0.0607,0.0609,21753.0
2025-04-24 10:40:00+09:00,0.061,0.061,0.061,0.061,237.0
2025-04-24 10:45:00+09:00,0.0607,0.0609,0.0607,0.0608,886.0
2025-04-24 10:50:00+09:00,0.061,0.061,0.0608,0.0608,4997.0
2025-04-24 10:55:00+09:00,0.0608,0.0609,0.0608,0.0609,2597.0
2025-04-24 11:00:00+09:00,0.0608,0.0608,0.0608,0.0608,4092.0
2025-04-24 11:05:00+09:00,0.0609,0.0611,0.0608,0.0609,35693.0
2025-04-24 11:10:00+09:00,0.0611,0.0611,0.061,0.061,1377.0
2025-04-24 11:15:00+09:00,0.0609,0.0611,0.0609,0.0611,11330.0
2025-04-24 11:20:00+09:00,0.061,0.0611,0.061,0.0611,20636.0
2025-04-24 11:25:00+09:00,0.0611,0.0611,0.0611,0.0611,410.0
2025-04-24 11:30:00+09:00,0.061,0.061,0.061,0.061,173.0
2025-04-24 11:35:00+09:00,0.061,0.061,0.0609,0.0609,13940.0
2025-04-24 11:40:00+09:00,0.0609,0.0609,0.0606,0.0606,4644.0
2025-04-24 11:45:00+09:00,0.0603,0.0603,0.0602,0.0602,6095.0
2025-04-24 11:50:00+09:00,0.0602,0.0604,0.0602,0.0604,3349.0
2025-04-24 11:55:00+09:00,0.0603,0.0603,0.0601,0.0601,7577.0
2025-04-24 12:00:00+09:00,0.0602,0.0602,0.0602,0.0602,83.0
2025-04-24 12:05:00+09:00,0.0601,0.0604,0.0601,0.0604,14434.0
2025-04-24 12:10:00+09:00,0.0604,0.0604,0.0604,0.0604,0.0
2025-04-24 12:15:00+09:00,0.0602,0.0603,0.0601,0.0602,16819.0
2025-04-24 12:20:00+09:00,0.0602,0.0606,0.0602,0.0605,321327.0
2025-04-24 12:25:00+09:00,0.0606,0.0606,0.0606,0.0606,4625.0
2025-04-24 12:30:00+09:00,0.0603,0.0603,0.0602,0.0602,9922.0
2025-04-24 12:35:00+09:00,0.06,0.0602,0.0599,0.0599,134451.0
2025-04-24 12:40:00+09:00,0.0599,0.0599,0.0596,0.0598,4503.0
2025-04-24 12:45:00+09:00,0.0598,0.06,0.0597,0.0598,22998.0
2025-04-24 12:50:00+09:00,0.0597,0.0597,0.0596,0.0596,9065.0
2025-04-24 12:55:00+09:00,0.0596,0.0597,0.0594,0.0596,10463.0
2025-04-24 13:00:00+09:00,0.0595,0.0597,0.0594,0.0597,23679.0
2025-04-24 13:05:00+09:00,0.0598,0.0598,0.0596,0.0596,36284.0
2025-04-24 13:10:00+09:00,0.0596,0.0598,0.0595,0.0598,9997.0
2025-04-24 13:15:00+09:00,0.0598,0.0598,0.0597,0.0597,15834.0
2025-04-24 13:20:00+09:00,0.0598,0.0599,0.0593,0.0597,345913.0
2025-04-24 13:25:00+09:00,0.0597,0.0598,0.0595,0.0595,125784.0
2025-04-24 13:30:00+09:00,0.0595,0.0597,0.0594,0.0594,44021.0
2025-04-24 13:35:00+09:00,0.0595,0.0595,0.059,0.0592,122938.0
2025-04-24 13:40:00+09:00,0.0591,0.0593,0.059,0.0593,58120.0
2025-04-24 13:45:00+09:00,0.0592,0.0595,0.0592,0.0595,97890.0
2025-04-24 13:50:00+09:00,0.0594,0.0596,0.0593,0.0596,52595.0
2025-04-24 13:55:00+09:00,0.0596,0.0596,0.0596,0.0596,1436.0
2025-04-24 14:00:00+09:00,0.0596,0.06,0.0596,0.0599,100696.0
2025-04-24 14:05:00+09:00,0.0598,0.0601,0.0598,0.06,24257.0
2025-04-24 14:10:00+09:00,0.06,0.0602,0.06,0.0601,73811.0
2025-04-24 14:15:00+09:00,0.0601,0.0601,0.0599,0.06,24434.0
2025-04-24 14:20:00+09:00,0.0601,0.0602,0.0599,0.0601,25791.0
2025-04-24 14:25:00+09:00,0.06,0.0602,0.0599,0.0601,20980.0
2025-04-24 14:30:00+09:00,0.0602,0.0603,0.0601,0.0602,36430.0
2025-04-24 14:35:00+09:00,0.0601,0.0603,0.06,0.0602,66720.0
2025-04-24 14:40:00+09:00,0.0603,0.0603,0.0602,0.0603,2519.0
2025-04-24 14:45:00+09:00,0.0602,0.0605,0.0602,0.0605,48359.0
2025-04-24 14:50:00+09:00,0.0604,0.0605,0.0604,0.0604,4379.0
2025-04-24 14:55:00+09:00,0.0603,0.0603,0.0602,0.0603,6767.0
2025-04-24 15:00:00+09:00,0.0602,0.0603,0.0601,0.0603,24003.0
2025-04-24 15:05:00+09:00,0.0602,0.0603,0.06,0.0601,91527.0
2025-04-24 15:10:00+09:00,0.06,0.0602,0.0599,0.0602,24422.0
2025-04-24 15:15:00+09:00,0.0601,0.0602,0.0599,0.0602,45559.0
2025-04-24 15:20:00+09:00,0.0601,0.0604,0.06,0.0604,50229.0
2025-04-24 15:25:00+09:00,0.0604,0.0605,0.0604,0.0605,850.0
2025-04-24 15:30:00+09:00,0.0603,0.0605,0.0603,0.0605,13152.0
2025-04-24 15:35:00+09:00,0.0603,0.0605,0.0602,0.0604,26596.0
2025-04-24 15:40:00+09:00,0.0602,0.0603,0.06,0.0602,9869.0
2025-04-24 15:45:00+09:00,0.0602,0.0602,0.0602,0.0602,0.0
2025-04-24 15:50:00+09:00,0.0601,0.0602,0.0599,0.0601,49612.0
2025-04-24 15:55:00+09:00,0.0599,0.06,0.0598,0.06,11422.0
2025-04-24 16:00:00+09:00,0.0598,0.0602,0.0598,0.0601,114477.0
2025-04-24 16:05:00+09:00,0.0601,0.0602,0.0599,0.0602,56542.0
2025-04-24 16:10:00+09:00,0.0602,0.0604,0.0602,0.0604,14183.0
2025-04-24 16:15:00+09:00,0.0604,0.0605,0.0602,0.0603,32455.0
2025-04-24 16:20:00+09:00,0.0602,0.0602,0.06,0.0601,13165.0
2025-04-24 16:25:00+09:00,0.06,0.0601,0.06,0.0601,21913.0
2025-04-24 16:30:00+09:00,0.06,0.0601,0.06,0.0601,18965.0
2025-04-24 16:35:00+09:00,0.06,0.0601,0.0597,0.0598,53366.0
2025-04-24 16:40:00+09:00,0.0598,0.0598,0.0596,0.0597,1108.0
2025-04-24 16:45:00+09:00,0.0596,0.0597,0.0594,0.0597,46439.0
2025-04-24 16:50:00+09:00,0.0595,0.0597,0.0595,0.0596,54356.0
2025-04-24 16:55:00+09:00,0.0595,0.0596,0.0595,0.0596,5544.0
2025-04-24 17:00:00+09:00,0.0595,0.0598,0.0595,0.0598,19172.0
2025-04-24 17:05:00+09:00,0.0598,0.0598,0.0596,0.0597,35872.0
2025-04-24 17:10:00+09:00,0.0596,0.0598,0.0596,0.0597,147800.0
2025-04-24 17:15:00+09:00,0.0596,0.0598,0.0596,0.0598,11437.0
2025-04-24 17:20:00+09:00,0.0595,0.0597,0.0595,0.0597,1143.0
2025-04-24 17:25:00+09:00,0.0595,0.0597,0.0592,0.0592,27837.0
2025-04-24 17:30:00+09:00,0.0592,0.0592,0.0588,0.0589,77300.0
2025-04-24 17:35:00+09:00,0.0588,0.0591,0.0588,0.0591,38294.0
2025-04-24 17:40:00+09:00,0.0591,0.0591,0.0589,0.059,30707.0
2025-04-24 17:45:00+09:00,0.059,0.0592,0.0588,0.0588,60442.0
2025-04-24 17:50:00+09:00,0.059,0.0592,0.0589,0.0589,24546.0
2025-04-24 17:55:00+09:00,0.059,0.0591,0.059,0.0591,33079.0
2025-04-24 18:00:00+09:00,0.0591,0.0592,0.059,0.0592,112991.0
2025-04-24 18:05:00+09:00,0.0593,0.0594,0.0591,0.0593,139693.0
2025-04-24 18:10:00+09:00,0.0593,0.0593,0.0592,0.0593,34738.0
2025-04-24 18:15:00+09:00,0.0593,0.0594,0.0592,0.0592,88290.0
2025-04-24 18:20:00+09:00,0.0594,0.0595,0.0592,0.0595,6423.0
2025-04-24 18:25:00+09:00,0.0595,0.0596,0.0594,0.0596,36107.0
2025-04-24 18:30:00+09:00,0.0594,0.0595,0.0593,0.0593,53248.0
2025-04-24 18:35:00+09:00,0.0594,0.0594,0.0592,0.0592,56994.0
2025-04-24 18:40:00+09:00,0.0593,0.0594,0.0592,0.0594,5712.0
2025-04-24 18:45:00+09:00,0.0594,0.0595,0.0593,0.0594,22456.0
2025-04-24 18:50:00+09:00,0.0594,0.0594,0.0593,0.0593,4035.0
2025-04-24 18:55:00+09:00,0.0594,0.0596,0.0593,0.0596,9676.0
2025-04-24 19:00:00+09:00,0.0594,0.0595,0.0594,0.0595,11181.0
2025-04-24 19:05:00+09:00,0.0594,0.0594,0.0594,0.0594,1000.0
2025-04-24 19:10:00+09:00,0.0596,0.0598,0.0596,0.0597,32511.0
2025-04-24 19:15:00+09:00,0.0598,0.0598,0.0597,0.0598,84104.0
2025-04-24 19:20:00+09:00,0.0598,0.0601,0.0597,0.06,113031.0
2025-04-24 19:25:00+09:00,0.0601,0.0601,0.06,0.0601,27255.0
2025-04-24 19:30:00+09:00,0.0601,0.0603,0.0601,0.0601,56623.0
2025-04-24 19:35:00+09:00,0.0602,0.0602,0.06,0.0601,66028.0
2025-04-24 19:40:00+09:00,0.0602,0.0602,0.06,0.0601,53320.0
2025-04-24 19:45:00+09:00,0.0601,0.0601,0.06,0.0601,5996.0
2025-04-24 19:50:00+09:00,0.06,0.0602,0.06,0.0601,84768.0
2025-04-24 19:55:00+09:00,0.0601,0.0602,0.0601,0.0602,15215.0
2025-04-24 20:00:00+09:00,0.0601,0.0602,0.06,0.0601,46384.0
2025-04-24 20:05:00+09:00,0.06,0.06,0.0599,0.0599,54140.0
2025-04-24 20:10:00+09:00,0.0599,0.06,0.0598,0.06,75377.0
2025-04-24 20:15:00+09:00,0.0599,0.06,0.0599,0.0599,25296.0
2025-04-24 20:20:00+09:00,0.0599,0.06,0.0599,0.0599,22371.0
2025-04-24 20:25:00+09:00,0.06,0.0601,0.06,0.0601,9182.0
2025-04-24 20:30:00+09:00,0.0601,0.0601,0.0599,0.0601,56869.0
2025-04-24 20:35:00+09:00,0.06,0.0602,0.06,0.0601,75729.0
2025-04-24 20:40:00+09:00,0.0601,0.0601,0.06,0.0601,47632.0
2025-04-24 20:45:00+09:00,0.0601,0.0603,0.0601,0.0602,33632.0
2025-04-24 20:50:00+09:00,0.0602,0.0603,0.0602,0.0602,1500.0
2025-04-24 20:55:00+09:00,0.0603,0.0604,0.0603,0.0604,15719.0
2025-04-24 21:00:00+09:00,0.0603,0.0604,0.0602,0.0603,23940.0
2025-04-24 21:05:00+09:00,0.0602,0.0602,0.06,0.0601,12658.0
2025-04-24 21:10:00+09:00,0.06,0.0601,0.06,0.0601,24356.0
2025-04-24 21:15:00+09:00,0.0602,0.0604,0.0602,0.0604,86114.0
2025-04-24 21:20:00+09:00,0.0604,0.0605,0.0602,0.0603,37276.0
2025-04-24 21:25:00+09:00,0.0602,0.0605,0.0602,0.0603,34513.0
2025-04-24 21:30:00+09:00,0.0603,0.0604,0.0602,0.0602,19578.0
2025-04-24 21:35:00+09:00,0.0604,0.0606,0.0603,0.0605,51515.0
2025-04-24 21:40:00+09:00,0.0604,0.0605,0.0603,0.0603,37471.0
2025-04-24 21:45:00+09:00,0.0602,0.0603,0.0601,0.0602,43674.0
2025-04-24 21:50:00+09:00,0.0602,0.0605,0.0601,0.0605,83545.0
2025-04-24 21:55:00+09:00,0.0604,0.0606,0.0604,0.0606,9560.0
2025-04-24 22:00:00+09:00,0.0605,0.0606,0.0604,0.0605,26106.0
2025-04-24 22:05:00+09:00,0.0604,0.0606,0.0603,0.0603,28449.0
2025-04-24 22:10:00+09:00,0.0603,0.0604,0.0602,0.0604,17354.0
2025-04-24 22:15:00+09:00,0.0603,0.0605,0.0603,0.0604,8009.0
2025-04-24 22:20:00+09:00,0.0605,0.0606,0.0605,0.0605,10912.0
2025-04-24 22:25:00+09:00,0.0603,0.0606,0.0603,0.0606,50262.0
2025-04-24 22:30:00+09:00,0.0605,0.061,0.0605,0.061,295272.0
2025-04-24 22:35:00+09:00,0.0609,0.061,0.0607,0.0609,134606.0
2025-04-24 22:40:00+09:00,0.0607,0.0607,0.0604,0.0607,64249.0
2025-04-24 22:45:00+09:00,0.0606,0.0606,0.0604,0.0605,98840.0
2025-04-24 22:50:00+09:00,0.0604,0.0606,0.0603,0.0606,45012.0
2025-04-24 22:55:00+09:00,0.0605,0.0607,0.0604,0.0607,105189.0
2025-04-24 23:00:00+09:00,0.0606,0.0612,0.0606,0.0611,186221.0
2025-04-24 23:05:00+09:00,0.0612,0.0614,0.061,0.0614,87783.0
2025-04-24 23:10:00+09:00,0.0615,0.0615,0.0608,0.061,108241.0
2025-04-24 23:15:00+09:00,0.0611,0.0611,0.0609,0.0609,86021.0
2025-04-24 23:20:00+09:00,0.0608,0.0609,0.0606,0.0608,58960.0
2025-04-24 23:25:00+09:00,0.0608,0.0609,0.0606,0.0609,14028.0
2025-04-24 23:30:00+09:00,0.0609,0.0611,0.0608,0.061,21027.0
2025-04-24 23:35:00+09:00,0.0611,0.0616,0.0611,0.0614,42372.0
2025-04-24 23:40:00+09:00,0.0613,0.0615,0.0613,0.0614,43071.0
2025-04-24 23:45:00+09:00,0.0614,0.0614,0.0611,0.0613,64262.0
2025-04-24 23:50:00+09:00,0.0613,0.0616,0.0613,0.0614,68584.0
2025-04-24 23:55:00+09:00,0.0615,0.0615,0.0611,0.0613,85804.0
2025-04-25 00:00:00+09:00,0.0613,0.0614,0.061,0.0614,88827.0
2025-04-25 00:05:00+09:00,0.0614,0.0617,0.0614,0.0617,106829.0
2025-04-25 00:10:00+09:00,0.0616,0.0622,0.0612,0.0616,1249101.0
2025-04-25 00:15:00+09:00,0.0615,0.0616,0.0614,0.0615,124491.0
2025-04-25 00:20:00+09:00,0.0614,0.0615,0.0608,0.0612,544399.0
2025-04-25 00:25:00+09:00,0.0611,0.0612,0.0608,0.061,72151.0
2025-04-25 00:30:00+09:00,0.0608,0.0609,0.0606,0.0609,57028.0
2025-04-25 00:35:00+09:00,0.0609,0.0611,0.0608,0.061,137016.0
2025-04-25 00:40:00+09:00,0.061,0.0611,0.0608,0.0609,83199.0
2025-04-25 00:45:00+09:00,0.0609,0.061,0.0607,0.0608,108223.0
2025-04-25 00:50:00+09:00,0.0606,0.0609,0.0605,0.0608,57689.0
2025-04-25 00:55:00+09:00,0.0607,0.0608,0.0604,0.0606,49430.0
2025-04-25 01:00:00+09:00,0.0605,0.0607,0.0605,0.0607,36828.0
2025-04-25 01:05:00+09:00,0.0606,0.0607,0.0602,0.0606,173275.0
2025-04-25 01:10:00+09:00,0.0605,0.0607,0.0605,0.0607,31513.0
2025-04-25 01:15:00+09:00,0.0607,0.0608,0.0606,0.0606,72117.0
2025-04-25 01:20:00+09:00,0.0607,0.0608,0.0606,0.0606,97724.0
2025-04-25 01:25:00+09:00,0.0606,0.0608,0.0605,0.0608,148948.0
2025-04-25 01:30:00+09:00,0.0607,0.0608,0.0605,0.0606,108352.0
2025-04-25 01:35:00+09:00,0.0606,0.0608,0.0605,0.0607,59504.0
2025-04-25 01:40:00+09:00,0.0606,0.0608,0.0605,0.0606,62639.0
2025-04-25 01:45:00+09:00,0.0607,0.0609,0.0606,0.0609,74873.0
2025-04-25 01:50:00+09:00,0.0608,0.0608,0.0607,0.0608,7631.0
2025-04-25 01:55:00+09:00,0.0608,0.0608,0.0605,0.0605,45316.0
2025-04-25 02:00:00+09:00,0.0605,0.0608,0.0604,0.0606,78611.0
2025-04-25 02:05:00+09:00,0.0607,0.0608,0.0604,0.0604,126035.0
2025-04-25 02:10:00+09:00,0.0604,0.0604,0.0599,0.0599,88748.0
2025-04-25 02:15:00+09:00,0.0598,0.06,0.0595,0.0597,99606.0
2025-04-25 02:20:00+09:00,0.0596,0.0597,0.0593,0.0594,51292.0
2025-04-25 02:25:00+09:00,0.0595,0.0599,0.0594,0.0596,59852.0
2025-04-25 02:30:00+09:00,0.0597,0.0597,0.0592,0.0594,44287.0
2025-04-25 02:35:00+09:00,0.0594,0.0597,0.0593,0.0597,70900.0
2025-04-25 02:40:00+09:00,0.0597,0.0598,0.0594,0.0595,146599.0
2025-04-25 02:45:00+09:00,0.0594,0.0596,0.0593,0.0594,74050.0
2025-04-25 02:50:00+09:00,0.0594,0.0596,0.0593,0.0596,38372.0
2025-04-25 02:55:00+09:00,0.0597,0.0598,0.0596,0.0597,32042.0
2025-04-25 03:00:00+09:00,0.0597,0.0599,0.0597,0.0598,28381.0
2025-04-25 03:05:00+09:00,0.0598,0.0601,0.0598,0.06,47065.0
2025-04-25 03:10:00+09:00,0.06,0.0601,0.0599,0.06,42187.0
2025-04-25 03:15:00+09:00,0.0601,0.0601,0.0598,0.0599,51029.0
2025-04-25 03:20:00+09:00,0.0598,0.06,0.0598,0.0598,42902.0
2025-04-25 03:25:00+09:00,0.0598,0.0599,0.0598,0.0598,51864.0
2025-04-25 03:30:00+09:00,0.0598,0.0601,0.0597,0.0599,119127.0
2025-04-25 03:35:00+09:00,0.0598,0.0599,0.0597,0.0598,121182.0
2025-04-25 03:40:00+09:00,0.0598,0.0599,0.0598,0.0599,762.0
2025-04-25 03:45:00+09:00,0.0597,0.0599,0.0596,0.0598,83068.0
2025-04-25 03:50:00+09:00,0.0598,0.0599,0.0596,0.0597,64164.0
2025-04-25 03:55:00+09:00,0.0597,0.0599,0.0596,0.0597,21166.0
2025-04-25 04:00:00+09:00,0.0597,0.0597,0.0593,0.0593,36447.0
2025-04-25 04:05:00+09:00,0.0594,0.0595,0.0594,0.0595,30245.0
2025-04-25 04:10:00+09:00,0.0596,0.0596,0.0594,0.0595,15106.0
2025-04-25 04:15:00+09:00,0.0596,0.0597,0.0593,0.0597,61044.0
2025-04-25 04:20:00+09:00,0.0596,0.0598,0.0596,0.0597,41290.0
2025-04-25 04:25:00+09:00,0.0598,0.0599,0.0597,0.0599,42105.0
2025-04-25 04:30:00+09:00,0.0597,0.0601,0.0597,0.06,216291.0
2025-04-25 04:35:00+09:00,0.0601,0.0601,0.06,0.06,40447.0
2025-04-25 04:40:00+09:00,0.06,0.06,0.06,0.06,11940.0
2025-04-25 04:45:00+09:00,0.06,0.0602,0.0599,0.0602,31904.0
2025-04-25 04:50:00+09:00,0.0601,0.0603,0.06,0.0602,101827.0
2025-04-25 04:55:00+09:00,0.0602,0.0603,0.0601,0.0602,45579.0
2025-04-25 05:00:00+09:00,0.0602,0.0604,0.0601,0.0602,112962.0
2025-04-25 05:05:00+09:00,0.0601,0.0602,0.0599,0.0601,111197.0
2025-04-25 05:10:00+09:00,0.0601,0.0601,0.0598,0.06,42987.0
2025-04-25 05:15:00+09:00,0.0599,0.0601,0.0598,0.0599,43140.0
2025-04-25 05:20:00+09:00,0.0599,0.06,0.0599,0.06,3107.0
2025-04-25 05:25:00+09:00,0.06,0.0601,0.0599,0.06,48693.0
2025-04-25 05:30:00+09:00,0.0601,0.0601,0.06,0.0601,7653.0
2025-04-25 05:35:00+09:00,0.0601,0.0601,0.0598,0.0599,66505.0
2025-04-25 05:40:00+09:00,0.0599,0.0599,0.0597,0.0599,107331.0
2025-04-25 05:45:00+09:00,0.0599,0.0601,0.0598,0.06,63412.0
2025-04-25 05:50:00+09:00,0.0599,0.06,0.0599,0.06,20748.0
2025-04-25 05:55:00+09:00,0.06,0.06,0.0598,0.0599,51283.0
2025-04-25 06:00:00+09:00,0.0599,0.06,0.0598,0.0599,104467.0
2025-04-25 06:05:00+09:00,0.0599,0.06,0.0597,0.06,54308.0
2025-04-25 06:10:00+09:00,0.06,0.06,0.0598,0.06,35129.0
2025-04-25 06:15:00+09:00,0.06,0.0601,0.0599,0.06,21281.0
2025-04-25 06:20:00+09:00,0.0601,0.0601,0.0597,0.0598,70687.0
2025-04-25 06:25:00+09:00,0.0599,0.06,0.0596,0.0597,194239.0
2025-04-25 06:30:00+09:00,0.0597,0.06,0.0597,0.0598,104759.0
2025-04-25 06:35:00+09:00,0.0598,0.0599,0.0598,0.0599,28015.0
2025-04-25 06:40:00+09:00,0.0598,0.06,0.0598,0.06,23237.0
2025-04-25 06:45:00+09:00,0.06,0.0602,0.06,0.0602,3767.0
2025-04-25 06:50:00+09:00,0.0602,0.0606,0.0602,0.0606,57985.0
2025-04-25 06:55:00+09:00,0.0606,0.0612,0.0605,0.0608,717699.0
2025-04-25 07:00:00+09:00,0.0609,0.0612,0.0606,0.0612,268761.0
2025-04-25 07:05:00+09:00,0.0611,0.0612,0.0609,0.061,37886.0
2025-04-25 07:10:00+09:00,0.0609,0.0613,0.0609,0.0612,44622.0
2025-04-25 07:15:00+09:00,0.0612,0.0613,0.0611,0.0611,18135.0
2025-04-25 07:20:00+09:00,0.0612,0.0614,0.0611,0.0614,33794.0
2025-04-25 07:25:00+09:00,0.0612,0.0614,0.0612,0.0614,16546.0
2025-04-25 07:30:00+09:00,0.0614,0.0614,0.0612,0.0614,30239.0
2025-04-25 07:35:00+09:00,0.0613,0.0614,0.0612,0.0612,54160.0
2025-04-25 07:40:00+09:00,0.0612,0.0613,0.0611,0.0613,18176.0
2025-04-25 07:45:00+09:00,0.0613,0.0614,0.0612,0.0613,21731.0
2025-04-25 07:50:00+09:00,0.0613,0.0613,0.0611,0.0612,26790.0
2025-04-25 07:55:00+09:00,0.0612,0.0615,0.0612,0.0614,52046.0
2025-04-25 08:00:00+09:00,0.0614,0.0614,0.0612,0.0613,28931.0
2025-04-25 08:05:00+09:00,0.0613,0.0615,0.0612,0.0615,43111.0
2025-04-25 08:10:00+09:00,0.0614,0.0615,0.0613,0.0614,15874.0
2025-04-25 08:15:00+09:00,0.0614,0.0615,0.0613,0.0614,13763.0
2025-04-25 08:20:00+09:00,0.0613,0.0614,0.0613,0.0613,6714.0
2025-04-25 08:25:00+09:00,0.0613,0.0616,0.0613,0.0616,31158.0
2025-04-25 08:30:00+09:00,0.0615,0.0617,0.0614,0.0616,132713.0
2025-04-25 08:35:00+09:00,0.0616,0.0617,0.0613,0.0615,92101.0
2025-04-25 08:40:00+09:00,0.0613,0.0616,0.0613,0.0616,82675.0
2025-04-25 08:45:00+09:00,0.0615,0.0617,0.0615,0.0617,98439.0
2025-04-25 08:50:00+09:00,0.0617,0.0617,0.0615,0.0616,8999.0
2025-04-25 08:55:00+09:00,0.0616,0.0617,0.0615,0.0617,16836.0
2025-04-25 09:00:00+09:00,0.0616,0.0617,0.0614,0.0616,121562.0
2025-04-25 09:05:00+09:00,0.0614,0.0615,0.0605,0.0612,679025.0
2025-04-25 09:10:00+09:00,0.0612,0.0612,0.0609,0.0611,42003.0
2025-04-25 09:15:00+09:00,0.0611,0.0612,0.0608,0.0611,89110.0
2025-04-25 09:20:00+09:00,0.0611,0.0612,0.061,0.0611,46601.0
2025-04-25 09:25:00+09:00,0.061,0.0612,0.061,0.0612,27788.0
2025-04-25 09:30:00+09:00,0.0611,0.0613,0.061,0.0613,104501.0
2025-04-25 09:35:00+09:00,0.0614,0.0616,0.0612,0.0612,70050.0
2025-04-25 09:40:00+09:00,0.0611,0.0614,0.0611,0.0613,36946.0
2025-04-25 09:45:00+09:00,0.0612,0.0613,0.061,0.0611,51394.0
2025-04-25 09:50:00+09:00,0.0612,0.0613,0.0611,0.0611,46987.0
2025-04-25 09:55:00+09:00,0.0612,0.0614,0.0611,0.0612,36024.0
2025-04-25 10:00:00+09:00,0.0612,0.0615,0.0611,0.0611,71306.0
2025-04-25 10:05:00+09:00,0.0611,0.0616,0.061,0.0615,78566.0
2025-04-25 10:10:00+09:00,0.0615,0.0619,0.0615,0.0617,342381.0
2025-04-25 10:15:00+09:00,0.0618,0.0618,0.0615,0.0615,253845.0
2025-04-25 10:20:00+09:00,0.0616,0.0616,0.0614,0.0615,49194.0
2025-04-25 10:25:00+09:00,0.0615,0.0617,0.0613,0.0615,53688.0
2025-04-25 10:30:00+09:00,0.0614,0.0614,0.0612,0.0613,129213.0
2025-04-25 10:35:00+09:00,0.0612,0.0615,0.0612,0.0614,25795.0
2025-04-25 10:40:00+09:00,0.0614,0.0616,0.0614,0.0616,10776.0
2025-04-25 10:45:00+09:00,0.0615,0.0616,0.0614,0.0614,25062.0
2025-04-25 10:50:00+09:00,0.0614,0.0614,0.0612,0.0612,13000.0
2025-04-25 10:55:00+09:00,0.0612,0.0613,0.061,0.0611,108120.0
2025-04-25 11:00:00+09:00,0.0613,0.0614,0.0611,0.0614,45837.0
2025-04-25 11:05:00+09:00,0.0613,0.0613,0.0609,0.0609,47572.0
2025-04-25 11:10:00+09:00,0.0608,0.0609,0.0608,0.0609,28086.0
2025-04-25 11:15:00+09:00,0.0609,0.061,0.0607,0.0608,74386.0
2025-04-25 11:20:00+09:00,0.0608,0.061,0.0608,0.0608,58270.0
2025-04-25 11:25:00+09:00,0.0608,0.0609,0.0607,0.0607,126860.0
2025-04-25 11:30:00+09:00,0.0607,0.0607,0.0606,0.0607,90752.0
2025-04-25 11:35:00+09:00,0.0607,0.0609,0.0607,0.0607,53069.0
2025-04-25 11:40:00+09:00,0.0607,0.0608,0.0604,0.0605,49976.0
2025-04-25 11:45:00+09:00,0.0605,0.0606,0.0605,0.0605,10584.0
2025-04-25 11:50:00+09:00,0.0605,0.0605,0.0603,0.0604,43174.0
2025-04-25 11:55:00+09:00,0.0604,0.0604,0.0602,0.0602,204490.0
2025-04-25 12:00:00+09:00,0.0603,0.0604,0.0602,0.0603,20242.0
2025-04-25 12:05:00+09:00,0.0606,0.0606,0.0605,0.0605,1853.0
2025-04-25 12:10:00+09:00,0.0605,0.0607,0.0604,0.0605,39322.0
2025-04-25 12:15:00+09:00,0.0606,0.0606,0.0605,0.0605,17044.0
2025-04-25 12:20:00+09:00,0.0606,0.0606,0.0604,0.0604,8207.0
2025-04-25 12:25:00+09:00,0.0604,0.0605,0.0602,0.0602,32952.0
2025-04-25 12:30:00+09:00,0.0602,0.0604,0.0601,0.0602,123974.0
2025-04-25 12:35:00+09:00,0.0603,0.0605,0.0602,0.0605,15504.0
2025-04-25 12:40:00+09:00,0.0604,0.0605,0.0603,0.0604,46267.0
2025-04-25 12:45:00+09:00,0.0604,0.0606,0.0604,0.0606,34794.0
2025-04-25 12:50:00+09:00,0.0606,0.0606,0.0604,0.0604,12546.0
2025-04-25 12:55:00+09:00,0.0605,0.0606,0.0604,0.0604,39438.0
2025-04-25 13:00:00+09:00,0.0603,0.0605,0.0602,0.0605,95096.0
2025-04-25 13:05:00+09:00,0.0605,0.0607,0.0605,0.0606,48864.0
2025-04-25 13:10:00+09:00,0.0607,0.0609,0.0606,0.0608,70225.0
2025-04-25 13:15:00+09:00,0.0608,0.0608,0.0606,0.0607,80550.0
2025-04-25 13:20:00+09:00,0.0607,0.0608,0.0606,0.0607,73659.0
2025-04-25 13:25:00+09:00,0.0607,0.0608,0.0606,0.0607,44605.0
2025-04-25 13:30:00+09:00,0.0606,0.0606,0.0605,0.0605,20468.0
2025-04-25 13:35:00+09:00,0.0605,0.0607,0.0605,0.0607,12626.0
2025-04-25 13:40:00+09:00,0.0608,0.061,0.0608,0.0609,51050.0
2025-04-25 13:45:00+09:00,0.061,0.061,0.0608,0.0608,131647.0
2025-04-25 13:50:00+09:00,0.0608,0.0608,0.0608,0.0608,10694.0
2025-04-25 13:55:00+09:00,0.0608,0.0608,0.0607,0.0608,23543.0
2025-04-25 14:00:00+09:00,0.0607,0.0608,0.0607,0.0608,32608.0
2025-04-25 14:05:00+09:00,0.0608,0.0609,0.0608,0.0609,7779.0
2025-04-25 14:10:00+09:00,0.0609,0.061,0.0609,0.061,41177.0
2025-04-25 14:15:00+09:00,0.061,0.061,0.0608,0.061,63417.0
2025-04-25 14:20:00+09:00,0.061,0.0611,0.0609,0.0609,203317.0
2025-04-25 14:25:00+09:00,0.0611,0.0611,0.061,0.061,306.0
2025-04-25 14:30:00+09:00,0.0612,0.0613,0.061,0.0612,27897.0
2025-04-25 14:35:00+09:00,0.0611,0.0613,0.0611,0.0613,28303.0
2025-04-25 14:40:00+09:00,0.0612,0.0614,0.0612,0.0614,435.0
2025-04-25 14:45:00+09:00,0.0614,0.0615,0.0613,0.0614,68150.0
2025-04-25 14:50:00+09:00,0.0612,0.0614,0.0612,0.0614,2622.0
2025-04-25 14:55:00+09:00,0.0613,0.0615,0.0613,0.0615,11640.0
2025-04-25 15:00:00+09:00,0.0613,0.0616,0.0613,0.0616,17950.0
2025-04-25 15:05:00+09:00,0.0616,0.0619,0.0615,0.0617,51287.0
2025-04-25 15:10:00+09:00,0.0617,0.062,0.0617,0.062,130050.0
2025-04-25 15:15:00+09:00,0.0619,0.062,0.0618,0.0619,36191.0
2025-04-25 15:20:00+09:00,0.0617,0.0623,0.0616,0.062,399118.0
2025-04-25 15:25:00+09:00,0.0621,0.0622,0.062,0.0622,12058.0
2025-04-25 15:30:00+09:00,0.062,0.0624,0.062,0.0624,14824.0
2025-04-25 15:35:00+09:00,0.0623,0.0625,0.0623,0.0624,53740.0
2025-04-25 15:40:00+09:00,0.0623,0.0624,0.0621,0.0623,35063.0
2025-04-25 15:45:00+09:00,0.0623,0.0625,0.0621,0.0625,12547.0
2025-04-25 15:50:00+09:00,0.0623,0.0627,0.0623,0.0627,24271.0
2025-04-25 15:55:00+09:00,0.0625,0.0626,0.0623,0.0625,39725.0
2025-04-25 16:00:00+09:00,0.0626,0.0626,0.0624,0.0626,6917.0
2025-04-25 16:05:00+09:00,0.0625,0.0626,0.0624,0.0625,35594.0
2025-04-25 16:10:00+09:00,0.0625,0.0626,0.0622,0.0623,40251.0
2025-04-25 16:15:00+09:00,0.0624,0.0626,0.0623,0.0624,55989.0
2025-04-25 16:20:00+09:00,0.0623,0.0625,0.0622,0.0623,23334.0
2025-04-25 16:25:00+09:00,0.0623,0.0627,0.0622,0.0625,150049.0
2025-04-25 16:30:00+09:00,0.0625,0.0627,0.0624,0.0626,21680.0
2025-04-25 16:35:00+09:00,0.0627,0.0628,0.0625,0.0628,32709.0
2025-04-25 16:40:00+09:00,0.0627,0.0629,0.0626,0.0629,66328.0
2025-04-25 16:45:00+09:00,0.0629,0.0631,0.0628,0.063,119810.0
2025-04-25 16:50:00+09:00,0.063,0.0632,0.063,0.0632,129334.0
2025-04-25 16:55:00+09:00,0.0633,0.0636,0.0631,0.0635,553706.0
2025-04-25 17:00:00+09:00,0.0635,0.0635,0.0632,0.0632,115770.0
2025-04-25 17:05:00+09:00,0.0631,0.0633,0.063,0.0633,85414.0
2025-04-25 17:10:00+09:00,0.0632,0.0632,0.0629,0.0629,48396.0
2025-04-25 17:15:00+09:00,0.063,0.0634,0.063,0.0632,102842.0
2025-04-25 17:20:00+09:00,0.0632,0.0633,0.0631,0.0631,85451.0
2025-04-25 17:25:00+09:00,0.0633,0.0634,0.0632,0.0632,129496.0
2025-04-25 17:30:00+09:00,0.0632,0.0632,0.0629,0.063,63634.0
2025-04-25 17:35:00+09:00,0.063,0.0634,0.063,0.0633,88317.0
2025-04-25 17:40:00+09:00,0.0633,0.0635,0.0632,0.0634,22722.0
2025-04-25 17:45:00+09:00,0.0634,0.0635,0.0633,0.0634,37107.0
2025-04-25 17:50:00+09:00,0.0634,0.0635,0.0633,0.0633,46947.0
2025-04-25 17:55:00+09:00,0.0633,0.0635,0.0632,0.0632,14834.0
2025-04-25 18:00:00+09:00,0.0632,0.0635,0.0631,0.0631,48464.0
2025-04-25 18:05:00+09:00,0.0633,0.0634,0.0632,0.0632,19407.0
2025-04-25 18:10:00+09:00,0.0632,0.0633,0.063,0.0632,70609.0
2025-04-25 18:15:00+09:00,0.0632,0.0632,0.0629,0.0629,93403.0
2025-04-25 18:20:00+09:00,0.063,0.0633,0.063,0.0631,20595.0
2025-04-25 18:25:00+09:00,0.063,0.0631,0.0629,0.0629,44639.0
2025-04-25 18:30:00+09:00,0.0629,0.063,0.0629,0.063,17156.0
2025-04-25 18:35:00+09:00,0.063,0.0631,0.0629,0.0629,17655.0
2025-04-25 18:40:00+09:00,0.0629,0.0629,0.0627,0.0628,4978.0
2025-04-25 18:45:00+09:00,0.0629,0.0631,0.0629,0.0631,6146.0
2025-04-25 18:50:00+09:00,0.0631,0.0633,0.0631,0.0631,6820.0
2025-04-25 18:55:00+09:00,0.0633,0.0634,0.0632,0.0632,20519.0
2025-04-25 19:00:00+09:00,0.0632,0.0633,0.0629,0.0629,23003.0
2025-04-25 19:05:00+09:00,0.063,0.063,0.0627,0.0627,65916.0
2025-04-25 19:10:00+09:00,0.0628,0.063,0.0628,0.0629,16055.0
2025-04-25 19:15:00+09:00,0.0631,0.0632,0.0629,0.0631,103014.0
2025-04-25 19:20:00+09:00,0.0632,0.0632,0.0629,0.0631,65580.0
2025-04-25 19:25:00+09:00,0.0631,0.0633,0.0631,0.0631,21158.0
2025-04-25 19:30:00+09:00,0.0632,0.0632,0.063,0.0632,54584.0
2025-04-25 19:35:00+09:00,0.063,0.063,0.0626,0.0628,30011.0
2025-04-25 19:40:00+09:00,0.0627,0.0629,0.0627,0.0628,5621.0
2025-04-25 19:45:00+09:00,0.0629,0.063,0.0628,0.0628,20090.0
2025-04-25 19:50:00+09:00,0.0629,0.0631,0.0629,0.0629,83245.0
2025-04-25 19:55:00+09:00,0.0629,0.0631,0.0628,0.0628,110386.0
2025-04-25 20:00:00+09:00,0.0628,0.063,0.0628,0.0629,7653.0
2025-04-25 20:05:00+09:00,0.0629,0.0632,0.0628,0.0631,44840.0
2025-04-25 20:10:00+09:00,0.063,0.0633,0.063,0.0633,4873.0
2025-04-25 20:15:00+09:00,0.0632,0.0635,0.0631,0.0632,122250.0
2025-04-25 20:20:00+09:00,0.0632,0.0633,0.0631,0.0632,26838.0
2025-04-25 20:25:00+09:00,0.0633,0.0633,0.0633,0.0633,26016.0
2025-04-25 20:30:00+09:00,0.0633,0.0633,0.0633,0.0633,23192.0
2025-04-25 20:35:00+09:00,0.0632,0.0633,0.0631,0.0631,19047.0
2025-04-25 20:40:00+09:00,0.0631,0.0633,0.063,0.063,4543.0
2025-04-25 20:45:00+09:00,0.063,0.0633,0.063,0.0632,6013.0
2025-04-25 20:50:00+09:00,0.0633,0.0633,0.0632,0.0632,3637.0
2025-04-25 20:55:00+09:00,0.0632,0.0635,0.0632,0.0633,18204.0
2025-04-25 21:00:00+09:00,0.0634,0.0634,0.0631,0.0631,72081.0
2025-04-25 21:05:00+09:00,0.0632,0.0635,0.0632,0.0633,47968.0
2025-04-25 21:10:00+09:00,0.0633,0.0638,0.0633,0.0636,140204.0
2025-04-25 21:15:00+09:00,0.0635,0.0637,0.0635,0.0635,18604.0
2025-04-25 21:20:00+09:00,0.0635,0.0636,0.0633,0.0634,75751.0
2025-04-25 21:25:00+09:00,0.0633,0.0634,0.0631,0.0632,18244.0
2025-04-25 21:30:00+09:00,0.0631,0.0633,0.063,0.063,15304.0
2025-04-25 21:35:00+09:00,0.0631,0.0632,0.063,0.0631,32852.0
2025-04-25 21:40:00+09:00,0.0631,0.0633,0.063,0.0631,17810.0
2025-04-25 21:45:00+09:00,0.0631,0.0632,0.0628,0.0628,76592.0
2025-04-25 21:50:00+09:00,0.0629,0.0631,0.0625,0.0626,233776.0
2025-04-25 21:55:00+09:00,0.0627,0.0628,0.0626,0.0626,60427.0
2025-04-25 22:00:00+09:00,0.0626,0.063,0.0626,0.063,44214.0
2025-04-25 22:05:00+09:00,0.063,0.063,0.0627,0.0628,74516.0
2025-04-25 22:10:00+09:00,0.0628,0.0629,0.0626,0.0626,88018.0
2025-04-25 22:15:00+09:00,0.0627,0.0629,0.0626,0.0627,24406.0
2025-04-25 22:20:00+09:00,0.0627,0.0627,0.0626,0.0626,18354.0
2025-04-25 22:25:00+09:00,0.0626,0.0627,0.0624,0.0624,168812.0
2025-04-25 22:30:00+09:00,0.0625,0.0626,0.0619,0.0624,237376.0
2025-04-25 22:35:00+09:00,0.0623,0.0628,0.0623,0.0628,99830.0
2025-04-25 22:40:00+09:00,0.0627,0.0627,0.0624,0.0626,48272.0
2025-04-25 22:45:00+09:00,0.0626,0.0628,0.0626,0.0628,59686.0
2025-04-25 22:50:00+09:00,0.0627,0.0628,0.0622,0.0625,209511.0
2025-04-25 22:55:00+09:00,0.0625,0.0625,0.0624,0.0624,19909.0
2025-04-25 23:00:00+09:00,0.0624,0.0627,0.0624,0.0627,161869.0
2025-04-25 23:05:00+09:00,0.0626,0.0628,0.0625,0.0628,9716.0
2025-04-25 23:10:00+09:00,0.0627,0.0633,0.0627,0.0633,70411.0
2025-04-25 23:15:00+09:00,0.0631,0.0633,0.063,0.0632,122898.0
2025-04-25 23:20:00+09:00,0.0631,0.0632,0.0627,0.0629,116932.0
2025-04-25 23:25:00+09:00,0.0627,0.0628,0.0626,0.0627,30595.0
2025-04-25 23:30:00+09:00,0.0628,0.0629,0.0625,0.0629,64895.0
2025-04-25 23:35:00+09:00,0.0628,0.0629,0.0627,0.0628,9292.0
2025-04-25 23:40:00+09:00,0.0629,0.0632,0.0625,0.0632,284724.0
2025-04-25 23:45:00+09:00,0.063,0.0633,0.063,0.0632,180392.0
2025-04-25 23:50:00+09:00,0.0631,0.0633,0.063,0.0633,210603.0
2025-04-25 23:55:00+09:00,0.0632,0.0633,0.0629,0.063,178165.0
2025-04-26 00:00:00+09:00,0.063,0.0632,0.0629,0.0632,222704.0
2025-04-26 00:05:00+09:00,0.0631,0.0632,0.063,0.0632,55088.0
2025-04-26 00:10:00+09:00,0.063,0.0631,0.0629,0.0631,86385.0
2025-04-26 00:15:00+09:00,0.0631,0.0632,0.0628,0.063,164416.0
2025-04-26 00:20:00+09:00,0.0631,0.0634,0.063,0.0634,129346.0
2025-04-26 00:25:00+09:00,0.0633,0.0634,0.063,0.0631,27532.0
2025-04-26 00:30:00+09:00,0.063,0.0632,0.0628,0.063,64853.0
2025-04-26 00:35:00+09:00,0.0629,0.063,0.0622,0.0624,81637.0
2025-04-26 00:40:00+09:00,0.0624,0.0625,0.0621,0.0624,89708.0
2025-04-26 00:45:00+09:00,0.0623,0.0626,0.0623,0.0624,24025.0
2025-04-26 00:50:00+09:00,0.0623,0.0625,0.0623,0.0625,23173.0
2025-04-26 00:55:00+09:00,0.0624,0.0625,0.0623,0.0624,19252.0
2025-04-26 01:00:00+09:00,0.0624,0.0626,0.0622,0.0622,47273.0
2025-04-26 01:05:00+09:00,0.0622,0.0622,0.062,0.0621,29407.0
2025-04-26 01:10:00+09:00,0.0621,0.0621,0.0618,0.0619,30467.0
2025-04-26 01:15:00+09:00,0.0619,0.062,0.0617,0.0617,41633.0
2025-04-26 01:20:00+09:00,0.0617,0.0621,0.0617,0.062,100306.0
2025-04-26 01:25:00+09:00,0.062,0.0621,0.0619,0.0621,24696.0
2025-04-26 01:30:00+09:00,0.0621,0.0621,0.062,0.062,29555.0
2025-04-26 01:35:00+09:00,0.0621,0.0622,0.062,0.0622,11126.0
2025-04-26 01:40:00+09:00,0.0623,0.0626,0.0623,0.0626,114429.0
2025-04-26 01:45:00+09:00,0.0626,0.0626,0.0622,0.0624,134751.0
2025-04-26 01:50:00+09:00,0.0625,0.0625,0.0624,0.0624,67194.0
2025-04-26 01:55:00+09:00,0.0625,0.0626,0.0624,0.0625,34045.0
2025-04-26 02:00:00+09:00,0.0626,0.0627,0.0625,0.0627,10263.0
2025-04-26 02:05:00+09:00,0.0627,0.0627,0.0627,0.0627,24036.0
2025-04-26 02:10:00+09:00,0.0627,0.0628,0.0626,0.0626,18872.0
2025-04-26 02:15:00+09:00,0.0627,0.0627,0.0626,0.0627,16409.0
2025-04-26 02:20:00+09:00,0.0627,0.0627,0.0627,0.0627,18117.0
2025-04-26 02:25:00+09:00,0.0626,0.0628,0.0626,0.0627,74689.0
2025-04-26 02:30:00+09:00,0.0626,0.0626,0.0623,0.0625,121941.0
2025-04-26 02:35:00+09:00,0.0625,0.0625,0.0621,0.0621,59496.0
2025-04-26 02:40:00+09:00,0.062,0.0622,0.0619,0.0622,117212.0
2025-04-26 02:45:00+09:00,0.062,0.062,0.0618,0.0618,68516.0
2025-04-26 02:50:00+09:00,0.0619,0.062,0.0619,0.0619,98582.0
2025-04-26 02:55:00+09:00,0.0619,0.0619,0.0618,0.0618,89828.0
2025-04-26 03:00:00+09:00,0.0619,0.0622,0.0619,0.0622,28521.0
2025-04-26 03:05:00+09:00,0.0622,0.0622,0.0621,0.0621,52249.0
2025-04-26 03:10:00+09:00,0.0621,0.0621,0.062,0.062,19963.0
2025-04-26 03:15:00+09:00,0.062,0.0621,0.062,0.0621,46761.0
2025-04-26 03:20:00+09:00,0.0621,0.0623,0.0621,0.0623,63459.0
2025-04-26 03:25:00+09:00,0.0623,0.0623,0.0623,0.0623,14184.0
2025-04-26 03:30:00+09:00,0.0624,0.0625,0.0623,0.0625,15086.0
2025-04-26 03:35:00+09:00,0.0625,0.0625,0.0623,0.0623,8296.0
2025-04-26 03:40:00+09:00,0.0624,0.0624,0.0623,0.0624,30573.0
2025-04-26 03:45:00+09:00,0.0624,0.0624,0.0624,0.0624,23531.0
2025-04-26 03:50:00+09:00,0.0624,0.0624,0.0623,0.0623,34458.0
2025-04-26 03:55:00+09:00,0.0622,0.0622,0.0621,0.0622,61124.0
2025-04-26 04:00:00+09:00,0.0622,0.0623,0.0621,0.0623,81418.0
2025-04-26 04:05:00+09:00,0.0622,0.0622,0.0619,0.062,32997.0
2025-04-26 04:10:00+09:00,0.062,0.062,0.0618,0.0618,34987.0
2025-04-26 04:15:00+09:00,0.0618,0.062,0.0617,0.062,67096.0
2025-04-26 04:20:00+09:00,0.0621,0.0622,0.062,0.0621,26040.0
2025-04-26 04:25:00+09:00,0.0622,0.0622,0.0622,0.0622,401.0
2025-04-26 04:30:00+09:00,0.0621,0.0621,0.062,0.0621,29068.0
2025-04-26 04:35:00+09:00,0.062,0.0622,0.0619,0.0622,49429.0
2025-04-26 04:40:00+09:00,0.0621,0.0621,0.0621,0.0621,9337.0
2025-04-26 04:45:00+09:00,0.062,0.0621,0.062,0.0621,18847.0
2025-04-26 04:50:00+09:00,0.0622,0.0622,0.0622,0.0622,32573.0
2025-04-26 04:55:00+09:00,0.0622,0.0623,0.0622,0.0622,25470.0
2025-04-26 05:00:00+09:00,0.0623,0.0624,0.0622,0.0622,30915.0
2025-04-26 05:05:00+09:00,0.0623,0.0624,0.0623,0.0623,67748.0
2025-04-26 05:10:00+09:00,0.0623,0.0623,0.0622,0.0623,23928.0
2025-04-26 05:15:00+09:00,0.0623,0.0624,0.0623,0.0623,13552.0
2025-04-26 05:20:00+09:00,0.0623,0.0623,0.0622,0.0622,37476.0
2025-04-26 05:25:00+09:00,0.0622,0.0623,0.0621,0.0623,51659.0
2025-04-26 05:30:00+09:00,0.0623,0.0623,0.0623,0.0623,25851.0
2025-04-26 05:35:00+09:00,0.0623,0.0624,0.0623,0.0624,83769.0
2025-04-26 05:40:00+09:00,0.0623,0.0624,0.0623,0.0623,24699.0
2025-04-26 05:45:00+09:00,0.0623,0.0624,0.0623,0.0624,156223.0
2025-04-26 05:50:00+09:00,0.0625,0.0626,0.0625,0.0625,15509.0
2025-04-26 05:55:00+09:00,0.0625,0.0625,0.0624,0.0624,8315.0
2025-04-26 06:00:00+09:00,0.0624,0.0626,0.0623,0.0626,8630.0
2025-04-26 06:05:00+09:00,0.0626,0.0626,0.0625,0.0626,51032.0
2025-04-26 06:10:00+09:00,0.0626,0.0626,0.0626,0.0626,8372.0
2025-04-26 06:15:00+09:00,0.0624,0.0624,0.0624,0.0624,5023.0
2025-04-26 06:20:00+09:00,0.0623,0.0624,0.0622,0.0622,37756.0
2025-04-26 06:25:00+09:00,0.0623,0.0623,0.0623,0.0623,194.0
2025-04-26 06:30:00+09:00,0.0623,0.0624,0.0621,0.0624,2007.0
2025-04-26 06:35:00+09:00,0.0622,0.0623,0.0622,0.0622,13441.0
2025-04-26 06:40:00+09:00,0.0621,0.0622,0.0619,0.062,46570.0
2025-04-26 06:45:00+09:00,0.0619,0.062,0.0616,0.0617,15558.0
2025-04-26 06:50:00+09:00,0.0617,0.0617,0.0615,0.0617,6947.0
2025-04-26 06:55:00+09:00,0.0616,0.0617,0.0614,0.0617,53903.0
2025-04-26 07:00:00+09:00,0.0617,0.062,0.0617,0.0619,58939.0
2025-04-26 07:05:00+09:00,0.0619,0.062,0.0619,0.062,3765.0
2025-04-26 07:10:00+09:00,0.0619,0.062,0.0618,0.062,180555.0
2025-04-26 07:15:00+09:00,0.0619,0.062,0.0619,0.062,21298.0
2025-04-26 07:20:00+09:00,0.062,0.0621,0.062,0.0621,10971.0
2025-04-26 07:25:00+09:00,0.0621,0.0622,0.062,0.0622,135701.0
2025-04-26 07:30:00+09:00,0.0623,0.0623,0.0622,0.0623,710.0
2025-04-26 07:35:00+09:00,0.0623,0.0625,0.0623,0.0625,8753.0
2025-04-26 07:40:00+09:00,0.0624,0.0625,0.0624,0.0625,335.0
2025-04-26 07:45:00+09:00,0.0625,0.0626,0.0625,0.0626,1694.0
2025-04-26 07:50:00+09:00,0.0626,0.0626,0.0625,0.0626,14833.0
2025-04-26 07:55:00+09:00,0.0624,0.0625,0.0624,0.0625,11914.0
2025-04-26 08:00:00+09:00,0.0624,0.0624,0.0622,0.0624,7101.0
2025-04-26 08:05:00+09:00,0.0622,0.0625,0.0622,0.0625,13963.0
2025-04-26 08:10:00+09:00,0.0623,0.0624,0.0623,0.0624,9942.0
2025-04-26 08:15:00+09:00,0.062,0.0622,0.062,0.0622,248.0
2025-04-26 08:20:00+09:00,0.062,0.0621,0.062,0.0621,498.0
2025-04-26 08:25:00+09:00,0.0619,0.0621,0.0619,0.062,7022.0
2025-04-26 08:30:00+09:00,0.0621,0.0621,0.0617,0.0619,11152.0
2025-04-26 08:35:00+09:00,0.062,0.062,0.0619,0.062,5410.0
2025-04-26 08:40:00+09:00,0.0618,0.0621,0.0618,0.0621,4941.0
2025-04-26 08:45:00+09:00,0.0619,0.0621,0.0619,0.062,14398.0
2025-04-26 08:50:00+09:00,0.062,0.0621,0.062,0.0621,9993.0
2025-04-26 08:55:00+09:00,0.0619,0.062,0.0618,0.062,16279.0
2025-04-26 09:00:00+09:00,0.0619,0.0621,0.0619,0.062,20527.0
2025-04-26 09:05:00+09:00,0.0619,0.0621,0.0618,0.0621,2230.0
2025-04-26 09:10:00+09:00,0.0618,0.0619,0.0618,0.0619,13654.0
2025-04-26 09:15:00+09:00,0.0619,0.0622,0.0619,0.0622,93500.0
2025-04-26 09:20:00+09:00,0.0623,0.0625,0.0621,0.0625,12546.0
2025-04-26 09:25:00+09:00,0.0623,0.0625,0.0622,0.0622,8074.0
2025-04-26 09:30:00+09:00,0.0623,0.0625,0.0622,0.0624,40652.0
2025-04-26 09:35:00+09:00,0.0623,0.0625,0.0623,0.0624,48479.0
2025-04-26 09:40:00+09:00,0.0624,0.0626,0.0624,0.0624,3959.0
2025-04-26 09:45:00+09:00,0.0625,0.0628,0.0625,0.0627,32667.0
2025-04-26 09:50:00+09:00,0.0626,0.0627,0.0626,0.0627,7999.0
2025-04-26 09:55:00+09:00,0.0627,0.0627,0.0625,0.0625,49952.0
2025-04-26 10:00:00+09:00,0.0626,0.0626,0.0623,0.0624,24318.0
2025-04-26 10:05:00+09:00,0.0622,0.0625,0.0622,0.0625,13494.0
2025-04-26 10:10:00+09:00,0.0624,0.0624,0.0623,0.0623,26406.0
2025-04-26 10:15:00+09:00,0.0623,0.0628,0.0623,0.0628,24633.0
2025-04-26 10:20:00+09:00,0.0628,0.063,0.0628,0.063,44031.0
2025-04-26 10:25:00+09:00,0.0629,0.063,0.0627,0.0628,68720.0
2025-04-26 10:30:00+09:00,0.0629,0.0633,0.0628,0.0633,105791.0
2025-04-26 10:35:00+09:00,0.0633,0.0636,0.0632,0.0635,125827.0
2025-04-26 10:40:00+09:00,0.0634,0.0636,0.0634,0.0635,23716.0
2025-04-26 10:45:00+09:00,0.0634,0.0635,0.0633,0.0635,26436.0
2025-04-26 10:50:00+09:00,0.0635,0.0636,0.0634,0.0634,22675.0
2025-04-26 10:55:00+09:00,0.0634,0.0635,0.0633,0.0635,36722.0
2025-04-26 11:00:00+09:00,0.0636,0.0637,0.0634,0.0635,66587.0
2025-04-26 11:05:00+09:00,0.0634,0.0635,0.0632,0.0634,48003.0
2025-04-26 11:10:00+09:00,0.0633,0.0633,0.0631,0.0633,20492.0
2025-04-26 11:15:00+09:00,0.0633,0.0634,0.0632,0.0633,19689.0
2025-04-26 11:20:00+09:00,0.0632,0.0634,0.0632,0.0634,12573.0
2025-04-26 11:25:00+09:00,0.0634,0.0636,0.0633,0.0634,23065.0
2025-04-26 11:30:00+09:00,0.0634,0.0635,0.0633,0.0635,29783.0
2025-04-26 11:35:00+09:00,0.0634,0.0636,0.0634,0.0634,39810.0
2025-04-26 11:40:00+09:00,0.0634,0.0637,0.0634,0.0635,20821.0
2025-04-26 11:45:00+09:00,0.0636,0.0637,0.0635,0.0636,8830.0
2025-04-26 11:50:00+09:00,0.0635,0.0636,0.0634,0.0636,50193.0
2025-04-26 11:55:00+09:00,0.0635,0.0637,0.0635,0.0637,35317.0
2025-04-26 12:00:00+09:00,0.0636,0.0637,0.0634,0.0634,60649.0
2025-04-26 12:05:00+09:00,0.0634,0.0636,0.0634,0.0635,47168.0
2025-04-26 12:10:00+09:00,0.0635,0.0637,0.0635,0.0636,13646.0
2025-04-26 12:15:00+09:00,0.0635,0.0636,0.0632,0.0633,147300.0
2025-04-26 12:20:00+09:00,0.0632,0.0634,0.0632,0.0633,31193.0
2025-04-26 12:25:00+09:00,0.0632,0.0633,0.0631,0.0632,34535.0
2025-04-26 12:30:00+09:00,0.0632,0.0632,0.0631,0.0632,44607.0
2025-04-26 12:35:00+09:00,0.0632,0.0633,0.0632,0.0633,11953.0
2025-04-26 12:40:00+09:00,0.0633,0.0634,0.0633,0.0634,47506.0
2025-04-26 12:45:00+09:00,0.0633,0.0636,0.0633,0.0634,62332.0
2025-04-26 12:50:00+09:00,0.0634,0.0635,0.0633,0.0633,23629.0
2025-04-26 12:55:00+09:00,0.0633,0.0634,0.063,0.0634,222565.0
2025-04-26 13:00:00+09:00,0.0634,0.0634,0.0631,0.0631,1045.0
2025-04-26 13:05:00+09:00,0.0632,0.0633,0.0632,0.0632,18160.0
2025-04-26 13:10:00+09:00,0.0632,0.0632,0.063,0.0631,66191.0
2025-04-26 13:15:00+09:00,0.0632,0.0632,0.063,0.0631,94456.0
2025-04-26 13:20:00+09:00,0.0631,0.0632,0.063,0.063,18434.0
2025-04-26 13:25:00+09:00,0.0629,0.0631,0.0629,0.063,20737.0
2025-04-26 13:30:00+09:00,0.0629,0.0629,0.0627,0.0627,62383.0
2025-04-26 13:35:00+09:00,0.0626,0.0626,0.0626,0.0626,555.0
2025-04-26 13:40:00+09:00,0.0624,0.0627,0.0624,0.0626,54639.0
2025-04-26 13:45:00+09:00,0.0627,0.0628,0.0626,0.0626,46903.0
2025-04-26 13:50:00+09:00,0.0626,0.0626,0.0624,0.0626,100619.0
2025-04-26 13:55:00+09:00,0.0626,0.0626,0.0625,0.0625,39095.0
2025-04-26 14:00:00+09:00,0.0626,0.0626,0.0624,0.0624,15064.0
2025-04-26 14:05:00+09:00,0.0624,0.0626,0.0623,0.0625,12057.0
2025-04-26 14:10:00+09:00,0.0624,0.0624,0.0622,0.0624,105735.0
2025-04-26 14:15:00+09:00,0.0623,0.0624,0.0623,0.0624,582.0
2025-04-26 14:20:00+09:00,0.0622,0.0623,0.0622,0.0623,1326.0
2025-04-26 14:25:00+09:00,0.0622,0.0624,0.0621,0.0623,67515.0
2025-04-26 14:30:00+09:00,0.0623,0.0624,0.0623,0.0624,34389.0
2025-04-26 14:35:00+09:00,0.0623,0.0625,0.0623,0.0623,20115.0
2025-04-26 14:40:00+09:00,0.0622,0.0624,0.0622,0.0624,13510.0
2025-04-26 14:45:00+09:00,0.0624,0.0626,0.0624,0.0626,22492.0
2025-04-26 14:50:00+09:00,0.0626,0.0626,0.0626,0.0626,4825.0
2025-04-26 14:55:00+09:00,0.0625,0.0626,0.0624,0.0626,19467.0
2025-04-26 15:00:00+09:00,0.0625,0.0628,0.0625,0.0628,24099.0
2025-04-26 15:05:00+09:00,0.0626,0.0628,0.0626,0.0627,38511.0
2025-04-26 15:10:00+09:00,0.0627,0.0628,0.0626,0.0628,3721.0
2025-04-26 15:15:00+09:00,0.0627,0.0629,0.0627,0.0629,5739.0
2025-04-26 15:20:00+09:00,0.0627,0.0628,0.0626,0.0627,1377.0
2025-04-26 15:25:00+09:00,0.0626,0.0628,0.0626,0.0628,993.0
2025-04-26 15:30:00+09:00,0.0628,0.0629,0.0628,0.0629,15512.0
2025-04-26 15:35:00+09:00,0.063,0.0631,0.0629,0.0631,4914.0
2025-04-26 15:40:00+09:00,0.0629,0.0631,0.0629,0.0631,1046.0
2025-04-26 15:45:00+09:00,0.0631,0.0633,0.063,0.0633,12195.0
2025-04-26 15:50:00+09:00,0.0633,0.0633,0.0631,0.0633,2575.0
2025-04-26 15:55:00+09:00,0.0629,0.0633,0.0629,0.0632,13233.0
2025-04-26 16:00:00+09:00,0.0632,0.0633,0.063,0.0633,4436.0
2025-04-26 16:05:00+09:00,0.0632,0.0633,0.0631,0.0633,19655.0
2025-04-26 16:10:00+09:00,0.0633,0.0634,0.0632,0.0634,46431.0
2025-04-26 16:15:00+09:00,0.0634,0.0636,0.0633,0.0636,108548.0
2025-04-26 16:20:00+09:00,0.0635,0.0636,0.0634,0.0636,22376.0
2025-04-26 16:25:00+09:00,0.0635,0.0636,0.0633,0.0635,106020.0
2025-04-26 16:30:00+09:00,0.0633,0.0635,0.0633,0.0635,1603.0
2025-04-26 16:35:00+09:00,0.0633,0.0636,0.0633,0.0635,1015.0
2025-04-26 16:40:00+09:00,0.0633,0.0635,0.0633,0.0635,7863.0
2025-04-26 16:45:00+09:00,0.0635,0.0635,0.0633,0.0634,10219.0
2025-04-26 16:50:00+09:00,0.0634,0.0636,0.0633,0.0635,11611.0
2025-04-26 16:55:00+09:00,0.0632,0.0634,0.063,0.0632,9392.0
2025-04-26 17:00:00+09:00,0.0631,0.0631,0.063,0.063,28183.0
2025-04-26 17:05:00+09:00,0.0633,0.0633,0.0632,0.0633,27540.0
2025-04-26 17:10:00+09:00,0.0631,0.0633,0.0629,0.0632,2819.0
2025-04-26 17:15:00+09:00,0.0633,0.0634,0.0632,0.0632,12122.0
2025-04-26 17:20:00+09:00,0.0631,0.0633,0.0631,0.0633,40781.0
2025-04-26 17:25:00+09:00,0.0633,0.0637,0.0633,0.0636,70477.0
2025-04-26 17:30:00+09:00,0.0636,0.0636,0.0633,0.0634,29855.0
2025-04-26 17:35:00+09:00,0.0634,0.0635,0.0633,0.0633,13842.0
2025-04-26 17:40:00+09:00,0.0632,0.0632,0.0628,0.063,65165.0
2025-04-26 17:45:00+09:00,0.0627,0.063,0.0626,0.063,112788.0
2025-04-26 17:50:00+09:00,0.063,0.063,0.0627,0.0627,34808.0
2025-04-26 17:55:00+09:00,0.0627,0.0629,0.0627,0.0627,26641.0
2025-04-26 18:00:00+09:00,0.0628,0.0628,0.0626,0.0626,19619.0
2025-04-26 18:05:00+09:00,0.0626,0.0629,0.0626,0.0628,76333.0
2025-04-26 18:10:00+09:00,0.0628,0.0631,0.0628,0.0631,37239.0
2025-04-26 18:15:00+09:00,0.063,0.0632,0.0629,0.0631,70493.0
2025-04-26 18:20:00+09:00,0.0633,0.0634,0.0632,0.0633,7012.0
2025-04-26 18:25:00+09:00,0.0632,0.0632,0.0629,0.0629,82932.0
2025-04-26 18:30:00+09:00,0.0627,0.0627,0.0625,0.0625,15708.0
2025-04-26 18:35:00+09:00,0.0623,0.0626,0.0623,0.0625,86505.0
2025-04-26 18:40:00+09:00,0.0625,0.0626,0.0624,0.0626,44723.0
2025-04-26 18:45:00+09:00,0.0625,0.0626,0.0623,0.0625,86725.0
2025-04-26 18:50:00+09:00,0.0625,0.0625,0.0624,0.0625,24890.0
2025-04-26 18:55:00+09:00,0.0625,0.0626,0.0625,0.0626,47158.0
2025-04-26 19:00:00+09:00,0.0625,0.063,0.0625,0.063,53391.0
2025-04-26 19:05:00+09:00,0.063,0.0631,0.063,0.0631,1682.0
2025-04-26 19:10:00+09:00,0.0629,0.063,0.0627,0.0627,4500.0
2025-04-26 19:15:00+09:00,0.063,0.0631,0.063,0.063,31165.0
2025-04-26 19:20:00+09:00,0.063,0.0631,0.063,0.0631,10081.0
2025-04-26 19:25:00+09:00,0.0631,0.0633,0.0631,0.0632,16479.0
2025-04-26 19:30:00+09:00,0.0631,0.0631,0.0629,0.0629,34353.0
2025-04-26 19:35:00+09:00,0.0629,0.0629,0.0629,0.0629,0.0
2025-04-26 19:40:00+09:00,0.063,0.0631,0.063,0.0631,1180.0
2025-04-26 19:45:00+09:00,0.0632,0.0632,0.063,0.063,13501.0
2025-04-26 19:50:00+09:00,0.0631,0.0631,0.063,0.0631,14820.0
2025-04-26 19:55:00+09:00,0.063,0.0631,0.0629,0.0629,29196.0
2025-04-26 20:00:00+09:00,0.0629,0.0632,0.0628,0.0632,23275.0
2025-04-26 20:05:00+09:00,0.0632,0.0632,0.063,0.063,86573.0
2025-04-26 20:10:00+09:00,0.0629,0.0629,0.0627,0.0627,102864.0
2025-04-26 20:15:00+09:00,0.0628,0.0629,0.0626,0.0626,80398.0
2025-04-26 20:20:00+09:00,0.0626,0.0627,0.0624,0.0624,67128.0
2025-04-26 20:25:00+09:00,0.0624,0.0625,0.0624,0.0624,40873.0
2025-04-26 20:30:00+09:00,0.0625,0.0626,0.0625,0.0625,48866.0
2025-04-26 20:35:00+09:00,0.0625,0.0626,0.062,0.062,215118.0
2025-04-26 20:40:00+09:00,0.0619,0.062,0.0616,0.0616,151795.0
2025-04-26 20:45:00+09:00,0.0618,0.0618,0.0616,0.0616,208882.0
2025-04-26 20:50:00+09:00,0.0615,0.0616,0.0614,0.0615,50497.0
2025-04-26 20:55:00+09:00,0.0615,0.0617,0.0615,0.0617,51761.0
2025-04-26 21:00:00+09:00,0.0618,0.062,0.0618,0.062,54095.0
2025-04-26 21:05:00+09:00,0.0619,0.0621,0.0618,0.0621,56015.0
2025-04-26 21:10:00+09:00,0.0621,0.0623,0.062,0.0622,43497.0
2025-04-26 21:15:00+09:00,0.0622,0.0623,0.0622,0.0623,10695.0
2025-04-26 21:20:00+09:00,0.062,0.0622,0.062,0.0622,5499.0
2025-04-26 21:25:00+09:00,0.062,0.0623,0.062,0.0623,47300.0
2025-04-26 21:30:00+09:00,0.0622,0.0622,0.062,0.062,11787.0
2025-04-26 21:35:00+09:00,0.062,0.0623,0.062,0.062,22861.0
2025-04-26 21:40:00+09:00,0.062,0.0622,0.062,0.0622,9293.0
2025-04-26 21:45:00+09:00,0.0623,0.0623,0.0621,0.0621,18484.0
2025-04-26 21:50:00+09:00,0.062,0.0621,0.0619,0.062,45812.0
2025-04-26 21:55:00+09:00,0.062,0.0622,0.0619,0.0621,34434.0
2025-04-26 22:00:00+09:00,0.0621,0.0623,0.0619,0.0623,59003.0
2025-04-26 22:05:00+09:00,0.0623,0.0623,0.0622,0.0623,45960.0
2025-04-26 22:10:00+09:00,0.0622,0.0622,0.0621,0.0622,54444.0
2025-04-26 22:15:00+09:00,0.0623,0.0625,0.0622,0.0623,83257.0
2025-04-26 22:20:00+09:00,0.0623,0.0624,0.0622,0.0622,34621.0
2025-04-26 22:25:00+09:00,0.0622,0.0622,0.062,0.062,8823.0
2025-04-26 22:30:00+09:00,0.0619,0.0619,0.0615,0.0618,32872.0
2025-04-26 22:35:00+09:00,0.0618,0.0621,0.0618,0.0621,23995.0
2025-04-26 22:40:00+09:00,0.0621,0.0621,0.0617,0.0619,19080.0
2025-04-26 22:45:00+09:00,0.0616,0.0618,0.0614,0.0618,51368.0
2025-04-26 22:50:00+09:00,0.0617,0.0617,0.0614,0.0617,58418.0
2025-04-26 22:55:00+09:00,0.0616,0.0621,0.0616,0.0621,40766.0
2025-04-26 23:00:00+09:00,0.0621,0.0623,0.0618,0.0619,94988.0
2025-04-26 23:05:00+09:00,0.0619,0.0622,0.0618,0.0619,92521.0
2025-04-26 23:10:00+09:00,0.0619,0.0622,0.0618,0.0622,79968.0
2025-04-26 23:15:00+09:00,0.0622,0.0622,0.0618,0.0619,30613.0
2025-04-26 23:20:00+09:00,0.0618,0.062,0.0618,0.062,32796.0
2025-04-26 23:25:00+09:00,0.062,0.0621,0.062,0.0621,13587.0
2025-04-26 23:30:00+09:00,0.0621,0.0625,0.0621,0.0624,36052.0
2025-04-26 23:35:00+09:00,0.0624,0.0626,0.0624,0.0626,28781.0
2025-04-26 23:40:00+09:00,0.0626,0.0626,0.0625,0.0625,5116.0
2025-04-26 23:45:00+09:00,0.0624,0.0625,0.0624,0.0625,68328.0
2025-04-26 23:50:00+09:00,0.0624,0.0625,0.0624,0.0625,12730.0
2025-04-26 23:55:00+09:00,0.0623,0.0624,0.0623,0.0624,28758.0
2025-04-27 00:00:00+09:00,0.0625,0.0627,0.0624,0.0627,158328.0
2025-04-27 00:05:00+09:00,0.0626,0.0627,0.0625,0.0627,6530.0
2025-04-27 00:10:00+09:00,0.0626,0.0627,0.0625,0.0626,9697.0
2025-04-27 00:15:00+09:00,0.0627,0.0629,0.0626,0.0627,61420.0
2025-04-27 00:20:00+09:00,0.0625,0.0628,0.0625,0.0628,21313.0
2025-04-27 00:25:00+09:00,0.0627,0.0629,0.0627,0.0628,47909.0
2025-04-27 00:30:00+09:00,0.0627,0.0628,0.0627,0.0627,23470.0
2025-04-27 00:35:00+09:00,0.0627,0.063,0.0627,0.0628,30675.0
2025-04-27 00:40:00+09:00,0.0628,0.0629,0.0628,0.0629,60385.0
2025-04-27 00:45:00+09:00,0.0628,0.063,0.0627,0.063,31884.0
2025-04-27 00:50:00+09:00,0.0629,0.063,0.0628,0.063,38534.0
2025-04-27 00:55:00+09:00,0.063,0.0631,0.0629,0.063,48597.0
2025-04-27 01:00:00+09:00,0.0629,0.063,0.0627,0.0627,40259.0
2025-04-27 01:05:00+09:00,0.0629,0.063,0.0628,0.0629,39836.0
2025-04-27 01:10:00+09:00,0.0627,0.0629,0.0627,0.0629,5934.0
2025-04-27 01:15:00+09:00,0.0628,0.0629,0.0627,0.0629,16390.0
2025-04-27 01:20:00+09:00,0.0629,0.063,0.0629,0.0629,7286.0
2025-04-27 01:25:00+09:00,0.063,0.063,0.0629,0.063,8841.0
2025-04-27 01:30:00+09:00,0.0628,0.0628,0.0628,0.0628,30057.0
2025-04-27 01:35:00+09:00,0.0627,0.0627,0.0626,0.0626,1003.0
2025-04-27 01:40:00+09:00,0.0626,0.0627,0.0622,0.0623,51338.0
2025-04-27 01:45:00+09:00,0.0623,0.0625,0.0623,0.0625,4120.0
2025-04-27 01:50:00+09:00,0.0624,0.0624,0.0624,0.0624,136.0
2025-04-27 01:55:00+09:00,0.0625,0.0626,0.0623,0.0624,139545.0
2025-04-27 02:00:00+09:00,0.0625,0.0625,0.0625,0.0625,111.0
2025-04-27 02:05:00+09:00,0.0624,0.0624,0.0624,0.0624,517.0
2025-04-27 02:10:00+09:00,0.0626,0.0626,0.0623,0.0623,5013.0
2025-04-27 02:15:00+09:00,0.0625,0.0626,0.0624,0.0626,19545.0
2025-04-27 02:20:00+09:00,0.0626,0.0626,0.0626,0.0626,2065.0
2025-04-27 02:25:00+09:00,0.0626,0.0626,0.0624,0.0625,11252.0
2025-04-27 02:30:00+09:00,0.0626,0.0626,0.0625,0.0625,28716.0
2025-04-27 02:35:00+09:00,0.0625,0.0625,0.0625,0.0625,14770.0
2025-04-27 02:40:00+09:00,0.0626,0.0626,0.0625,0.0626,732.0
2025-04-27 02:45:00+09:00,0.0626,0.0627,0.0626,0.0626,24491.0
2025-04-27 02:50:00+09:00,0.0627,0.0628,0.0627,0.0628,1221.0
2025-04-27 02:55:00+09:00,0.0627,0.0627,0.0625,0.0627,15026.0
2025-04-27 03:00:00+09:00,0.0624,0.0624,0.0624,0.0624,179.0
2025-04-27 03:05:00+09:00,0.0626,0.0628,0.0626,0.0628,21609.0
2025-04-27 03:10:00+09:00,0.0628,0.0628,0.0625,0.0625,24317.0
2025-04-27 03:15:00+09:00,0.0626,0.0627,0.0626,0.0626,22524.0
2025-04-27 03:20:00+09:00,0.0626,0.0629,0.0626,0.0629,4788.0
2025-04-27 03:25:00+09:00,0.0629,0.0629,0.0628,0.0628,3743.0
2025-04-27 03:30:00+09:00,0.0626,0.0626,0.0626,0.0626,4586.0
2025-04-27 03:35:00+09:00,0.0626,0.0626,0.0626,0.0626,3194.0
2025-04-27 03:40:00+09:00,0.0626,0.0627,0.0624,0.0624,8625.0
2025-04-27 03:45:00+09:00,0.0624,0.0624,0.0624,0.0624,0.0
2025-04-27 03:50:00+09:00,0.0626,0.0626,0.0624,0.0624,3880.0
2025-04-27 03:55:00+09:00,0.0623,0.0624,0.0622,0.0624,13439.0
2025-04-27 04:00:00+09:00,0.0623,0.0624,0.0623,0.0624,3631.0
2025-04-27 04:05:00+09:00,0.0624,0.0624,0.0624,0.0624,21512.0
2025-04-27 04:10:00+09:00,0.0623,0.0626,0.0623,0.0626,10012.0
2025-04-27 04:15:00+09:00,0.0626,0.0626,0.0624,0.0624,1853.0
2025-04-27 04:20:00+09:00,0.0625,0.0626,0.0624,0.0625,16476.0
2025-04-27 04:25:00+09:00,0.0624,0.0626,0.0624,0.0626,26518.0
2025-04-27 04:30:00+09:00,0.0626,0.0626,0.0624,0.0625,17654.0
2025-04-27 04:35:00+09:00,0.0627,0.0627,0.0625,0.0625,4216.0
2025-04-27 04:40:00+09:00,0.0628,0.0628,0.0628,0.0628,245.0
2025-04-27 04:45:00+09:00,0.0627,0.0627,0.0626,0.0626,5301.0
2025-04-27 04:50:00+09:00,0.0628,0.0629,0.0628,0.0629,23505.0
2025-04-27 04:55:00+09:00,0.0627,0.063,0.0627,0.063,31981.0
2025-04-27 05:00:00+09:00,0.063,0.063,0.0628,0.0629,33722.0
2025-04-27 05:05:00+09:00,0.0628,0.0629,0.0627,0.0629,107510.0
2025-04-27 05:10:00+09:00,0.0627,0.0628,0.0627,0.0628,27671.0
2025-04-27 05:15:00+09:00,0.0628,0.0628,0.0626,0.0626,19191.0
2025-04-27 05:20:00+09:00,0.0627,0.0627,0.0627,0.0627,398.0
2025-04-27 05:25:00+09:00,0.0627,0.0628,0.0627,0.0628,22453.0
2025-04-27 05:30:00+09:00,0.0628,0.0628,0.0626,0.0627,10127.0
2025-04-27 05:35:00+09:00,0.0627,0.0628,0.0626,0.0626,76911.0
2025-04-27 05:40:00+09:00,0.0626,0.0626,0.0625,0.0626,45283.0
2025-04-27 05:45:00+09:00,0.0626,0.0626,0.0626,0.0626,4412.0
2025-04-27 05:50:00+09:00,0.0627,0.0627,0.0626,0.0626,9417.0
2025-04-27 05:55:00+09:00,0.0626,0.0626,0.0625,0.0625,10111.0
2025-04-27 06:00:00+09:00,0.0625,0.0627,0.0624,0.0627,17989.0
2025-04-27 06:05:00+09:00,0.0626,0.0626,0.0626,0.0626,6264.0
2025-04-27 06:10:00+09:00,0.0627,0.0627,0.0626,0.0626,19802.0
2025-04-27 06:15:00+09:00,0.0627,0.0627,0.0626,0.0626,8594.0
2025-04-27 06:20:00+09:00,0.0626,0.0628,0.0625,0.0628,13598.0
2025-04-27 06:25:00+09:00,0.0628,0.0628,0.0628,0.0628,6023.0
2025-04-27 06:30:00+09:00,0.0626,0.0628,0.0626,0.0628,455.0
2025-04-27 06:35:00+09:00,0.0626,0.0628,0.0626,0.0628,1851.0
2025-04-27 06:40:00+09:00,0.0627,0.0628,0.0626,0.0628,8792.0
2025-04-27 06:45:00+09:00,0.0627,0.0628,0.0627,0.0628,26803.0
2025-04-27 06:50:00+09:00,0.0626,0.0628,0.0626,0.0628,24278.0
2025-04-27 06:55:00+09:00,0.0626,0.0628,0.0626,0.0628,21653.0
2025-04-27 07:00:00+09:00,0.0626,0.0628,0.0626,0.0628,4970.0
2025-04-27 07:05:00+09:00,0.0627,0.0631,0.0627,0.0631,59587.0
2025-04-27 07:10:00+09:00,0.0629,0.0632,0.0629,0.0632,48992.0
2025-04-27 07:15:00+09:00,0.0631,0.0633,0.0629,0.0633,22226.0
2025-04-27 07:20:00+09:00,0.0631,0.0632,0.063,0.0632,9563.0
2025-04-27 07:25:00+09:00,0.0632,0.0632,0.063,0.0631,84657.0
2025-04-27 07:30:00+09:00,0.0632,0.0632,0.063,0.0632,1167.0
2025-04-27 07:35:00+09:00,0.0632,0.0635,0.063,0.0633,178485.0
2025-04-27 07:40:00+09:00,0.0632,0.0633,0.0632,0.0633,3923.0
2025-04-27 07:45:00+09:00,0.0631,0.0632,0.0631,0.0631,955.0
2025-04-27 07:50:00+09:00,0.0632,0.0632,0.0629,0.0631,609.0
2025-04-27 07:55:00+09:00,0.0629,0.0631,0.0629,0.0631,17851.0
2025-04-27 08:00:00+09:00,0.0632,0.0632,0.0629,0.0631,1001.0
2025-04-27 08:05:00+09:00,0.0629,0.0631,0.0629,0.0631,29658.0
2025-04-27 08:10:00+09:00,0.0632,0.0632,0.063,0.0631,3523.0
2025-04-27 08:15:00+09:00,0.063,0.0632,0.063,0.0632,625.0
2025-04-27 08:20:00+09:00,0.0631,0.0632,0.0631,0.0632,4572.0
2025-04-27 08:25:00+09:00,0.0631,0.0632,0.0631,0.0632,3326.0
2025-04-27 08:30:00+09:00,0.063,0.0632,0.063,0.0632,1062.0
2025-04-27 08:35:00+09:00,0.0631,0.0632,0.0631,0.0632,5766.0
2025-04-27 08:40:00+09:00,0.0632,0.0633,0.0632,0.0633,18997.0
2025-04-27 08:45:00+09:00,0.0633,0.0633,0.0632,0.0633,4184.0
2025-04-27 08:50:00+09:00,0.0633,0.0634,0.0633,0.0634,5163.0
2025-04-27 08:55:00+09:00,0.0632,0.0635,0.0632,0.0635,54969.0
2025-04-27 09:00:00+09:00,0.0634,0.0634,0.0632,0.0633,6154.0
2025-04-27 09:05:00+09:00,0.0632,0.0634,0.0631,0.0634,28605.0
2025-04-27 09:10:00+09:00,0.0634,0.0634,0.0633,0.0634,3437.0
2025-04-27 09:15:00+09:00,0.0634,0.0636,0.0633,0.0636,150088.0
2025-04-27 09:20:00+09:00,0.0635,0.0636,0.0634,0.0634,39483.0
2025-04-27 09:25:00+09:00,0.0632,0.0634,0.0632,0.0634,34961.0
2025-04-27 09:30:00+09:00,0.0635,0.0635,0.0631,0.0631,38504.0
2025-04-27 09:35:00+09:00,0.0631,0.0633,0.0631,0.0632,31555.0
2025-04-27 09:40:00+09:00,0.0633,0.0634,0.0632,0.0633,25707.0
2025-04-27 09:45:00+09:00,0.0633,0.0633,0.0633,0.0633,14288.0
2025-04-27 09:50:00+09:00,0.0632,0.0634,0.0632,0.0633,24670.0
2025-04-27 09:55:00+09:00,0.0632,0.0634,0.0632,0.0633,53699.0
2025-04-27 10:00:00+09:00,0.0634,0.0634,0.0633,0.0634,37780.0
2025-04-27 10:05:00+09:00,0.0632,0.0634,0.0631,0.0631,25663.0
2025-04-27 10:10:00+09:00,0.063,0.0631,0.0628,0.0631,42029.0
2025-04-27 10:15:00+09:00,0.063,0.0631,0.0628,0.0628,9841.0
2025-04-27 10:20:00+09:00,0.0627,0.0627,0.062,0.062,23177.0
2025-04-27 10:25:00+09:00,0.062,0.0622,0.062,0.0622,10197.0
2025-04-27 10:30:00+09:00,0.0621,0.0621,0.0616,0.0616,45523.0
2025-04-27 10:35:00+09:00,0.0618,0.0621,0.0618,0.0621,27340.0
2025-04-27 10:40:00+09:00,0.0621,0.0621,0.0621,0.0621,0.0
2025-04-27 10:45:00+09:00,0.0618,0.0618,0.0615,0.0615,6746.0
2025-04-27 10:50:00+09:00,0.0615,0.0615,0.0615,0.0615,16155.0
2025-04-27 10:55:00+09:00,0.0613,0.0614,0.061,0.0611,55534.0
2025-04-27 11:00:00+09:00,0.0611,0.0615,0.0611,0.0613,32230.0
2025-04-27 11:05:00+09:00,0.0613,0.0613,0.0613,0.0613,257.0
2025-04-27 11:10:00+09:00,0.0616,0.0617,0.0616,0.0617,1617.0
2025-04-27 11:15:00+09:00,0.0618,0.0618,0.0615,0.0615,1702.0
2025-04-27 11:20:00+09:00,0.0615,0.0616,0.0615,0.0616,5305.0
2025-04-27 11:25:00+09:00,0.0617,0.0617,0.0617,0.0617,26769.0
2025-04-27 11:30:00+09:00,0.0615,0.0615,0.0615,0.0615,104.0
2025-04-27 11:35:00+09:00,0.0615,0.0616,0.0615,0.0615,37479.0
2025-04-27 11:40:00+09:00,0.0616,0.0616,0.0615,0.0616,4191.0
2025-04-27 11:45:00+09:00,0.0616,0.0616,0.0614,0.0614,2862.0
2025-04-27 11:50:00+09:00,0.0613,0.0616,0.0613,0.0616,23528.0
2025-04-27 11:55:00+09:00,0.0618,0.0619,0.0618,0.0618,788.0
2025-04-27 12:00:00+09:00,0.0617,0.062,0.0617,0.062,4147.0
2025-04-27 12:05:00+09:00,0.0619,0.0619,0.0619,0.0619,196.0
2025-04-27 12:10:00+09:00,0.0619,0.0619,0.0619,0.0619,11049.0
2025-04-27 12:15:00+09:00,0.0618,0.0618,0.0618,0.0618,312.0
2025-04-27 12:20:00+09:00,0.0618,0.0618,0.0617,0.0617,7093.0
2025-04-27 12:25:00+09:00,0.0617,0.0617,0.0617,0.0617,90.0
2025-04-27 12:30:00+09:00,0.0617,0.0618,0.0617,0.0618,3590.0
2025-04-27 12:35:00+09:00,0.0619,0.0619,0.0619,0.0619,922.0
2025-04-27 12:40:00+09:00,0.062,0.062,0.062,0.062,287.0
2025-04-27 12:45:00+09:00,0.0621,0.0621,0.0621,0.0621,496.0
2025-04-27 12:50:00+09:00,0.0621,0.0621,0.0621,0.0621,0.0
2025-04-27 12:55:00+09:00,0.0619,0.0621,0.0619,0.0621,11762.0
2025-04-27 13:00:00+09:00,0.062,0.062,0.0619,0.0619,5631.0
2025-04-27 13:05:00+09:00,0.0617,0.0617,0.0617,0.0617,82.0
2025-04-27 13:10:00+09:00,0.0618,0.062,0.0618,0.062,1303.0
2025-04-27 13:15:00+09:00,0.0618,0.0619,0.0618,0.0618,18906.0
2025-04-27 13:20:00+09:00,0.0619,0.0619,0.0619,0.0619,489.0
2025-04-27 13:25:00+09:00,0.0617,0.0618,0.0617,0.0618,1336.0
2025-04-27 13:30:00+09:00,0.0616,0.0616,0.0614,0.0614,11336.0
2025-04-27 13:35:00+09:00,0.0614,0.0614,0.0613,0.0613,7774.0
2025-04-27 13:40:00+09:00,0.0613,0.0615,0.0613,0.0615,668.0
2025-04-27 13:45:00+09:00,0.0612,0.0612,0.0612,0.0612,1095.0
2025-04-27 13:50:00+09:00,0.0611,0.0612,0.061,0.0612,31785.0
2025-04-27 13:55:00+09:00,0.0612,0.0612,0.061,0.0612,9911.0
2025-04-27 14:00:00+09:00,0.0611,0.0612,0.0611,0.0612,31599.0
2025-04-27 14:05:00+09:00,0.0611,0.0613,0.0611,0.0613,13540.0
2025-04-27 14:10:00+09:00,0.0611,0.0613,0.0611,0.0613,9345.0
2025-04-27 14:15:00+09:00,0.0613,0.0614,0.0612,0.0613,7695.0
2025-04-27 14:20:00+09:00,0.0611,0.0611,0.0606,0.0606,10926.0
2025-04-27 14:25:00+09:00,0.0606,0.0607,0.0605,0.0606,3755.0
2025-04-27 14:30:00+09:00,0.0607,0.0609,0.0605,0.0609,12433.0
2025-04-27 14:35:00+09:00,0.061,0.0611,0.0608,0.0611,8357.0
2025-04-27 14:40:00+09:00,0.0609,0.0609,0.0607,0.0609,10841.0
2025-04-27 14:45:00+09:00,0.0607,0.061,0.0607,0.061,91684.0
2025-04-27 14:50:00+09:00,0.0608,0.0609,0.0608,0.0609,13174.0
2025-04-27 14:55:00+09:00,0.0608,0.0608,0.0607,0.0608,7811.0
2025-04-27 15:00:00+09:00,0.0609,0.0609,0.0607,0.0608,487.0
2025-04-27 15:05:00+09:00,0.0608,0.061,0.0608,0.061,153294.0
2025-04-27 15:10:00+09:00,0.061,0.0611,0.061,0.0611,555.0
2025-04-27 15:15:00+09:00,0.0611,0.0613,0.0611,0.0613,381.0
2025-04-27 15:20:00+09:00,0.0613,0.0614,0.0611,0.0614,1380.0
2025-04-27 15:25:00+09:00,0.0614,0.0614,0.0611,0.0613,2593.0
2025-04-27 15:30:00+09:00,0.0613,0.0613,0.0611,0.0613,4604.0
2025-04-27 15:35:00+09:00,0.0611,0.0611,0.061,0.0611,16563.0
2025-04-27 15:40:00+09:00,0.0609,0.0612,0.0609,0.0612,622.0
2025-04-27 15:45:00+09:00,0.0608,0.061,0.0608,0.061,501.0
2025-04-27 15:50:00+09:00,0.061,0.0612,0.0609,0.0612,43448.0
2025-04-27 15:55:00+09:00,0.0613,0.0613,0.061,0.0612,17013.0
2025-04-27 16:00:00+09:00,0.0612,0.0613,0.061,0.0613,10161.0
2025-04-27 16:05:00+09:00,0.0612,0.0613,0.0611,0.0612,9229.0
2025-04-27 16:10:00+09:00,0.0609,0.0612,0.0609,0.0611,1405.0
2025-04-27 16:15:00+09:00,0.0612,0.0612,0.061,0.0612,578.0
2025-04-27 16:20:00+09:00,0.0612,0.0614,0.0612,0.0614,6302.0
2025-04-27 16:25:00+09:00,0.0613,0.0614,0.0612,0.0614,13241.0
2025-04-27 16:30:00+09:00,0.0614,0.0615,0.0612,0.0614,6822.0
2025-04-27 16:35:00+09:00,0.0611,0.0614,0.0611,0.0613,1358.0
2025-04-27 16:40:00+09:00,0.0613,0.0614,0.0613,0.0614,427.0
2025-04-27 16:45:00+09:00,0.0612,0.0616,0.0612,0.0615,5733.0
2025-04-27 16:50:00+09:00,0.0614,0.0616,0.0614,0.0616,252.0
2025-04-27 16:55:00+09:00,0.0614,0.0616,0.0613,0.0614,25391.0
2025-04-27 17:00:00+09:00,0.0613,0.0613,0.0612,0.0612,5934.0
2025-04-27 17:05:00+09:00,0.0611,0.0612,0.061,0.0612,5267.0
2025-04-27 17:10:00+09:00,0.0612,0.0614,0.0612,0.0613,13808.0
2025-04-27 17:15:00+09:00,0.0613,0.0616,0.0613,0.0616,20608.0
2025-04-27 17:20:00+09:00,0.0615,0.0615,0.0615,0.0615,530.0
2025-04-27 17:25:00+09:00,0.0616,0.0616,0.0616,0.0616,1393.0
2025-04-27 17:30:00+09:00,0.0616,0.0616,0.0616,0.0616,351.0
2025-04-27 17:35:00+09:00,0.0616,0.0616,0.0616,0.0616,0.0
2025-04-27 17:40:00+09:00,0.0617,0.0617,0.0615,0.0617,2194.0
2025-04-27 17:45:00+09:00,0.0617,0.0617,0.0617,0.0617,0.0
2025-04-27 17:50:00+09:00,0.0617,0.0617,0.0617,0.0617,0.0
2025-04-27 17:55:00+09:00,0.0617,0.0617,0.0615,0.0616,18701.0
2025-04-27 18:00:00+09:00,0.0615,0.0617,0.0615,0.0617,5600.0
2025-04-27 18:05:00+09:00,0.0613,0.0613,0.0612,0.0612,909.0
2025-04-27 18:10:00+09:00,0.0612,0.0613,0.0612,0.0613,75918.0
2025-04-27 18:15:00+09:00,0.0613,0.0613,0.0613,0.0613,0.0
2025-04-27 18:20:00+09:00,0.0616,0.0616,0.0613,0.0613,1741.0
2025-04-27 18:25:00+09:00,0.0613,0.0615,0.0613,0.0615,1013.0
2025-04-27 18:30:00+09:00,0.0613,0.0616,0.0613,0.0615,22683.0
2025-04-27 18:35:00+09:00,0.0615,0.0615,0.0615,0.0615,835.0
2025-04-27 18:40:00+09:00,0.0616,0.0619,0.0616,0.0619,2530.0
2025-04-27 18:45:00+09:00,0.0618,0.0619,0.0617,0.0617,28722.0
2025-04-27 18:50:00+09:00,0.0617,0.0617,0.0616,0.0617,9853.0
2025-04-27 18:55:00+09:00,0.0616,0.0619,0.0616,0.0619,16933.0
2025-04-27 19:00:00+09:00,0.0619,0.0619,0.0616,0.0616,3311.0
2025-04-27 19:05:00+09:00,0.0616,0.0618,0.0616,0.0618,33068.0
2025-04-27 19:10:00+09:00,0.0616,0.0617,0.0616,0.0617,2375.0
2025-04-27 19:15:00+09:00,0.0618,0.0618,0.0618,0.0618,14112.0
2025-04-27 19:20:00+09:00,0.0616,0.0617,0.0615,0.0617,13538.0
2025-04-27 19:25:00+09:00,0.0615,0.0615,0.0611,0.0613,672920.0
2025-04-27 19:30:00+09:00,0.0613,0.0614,0.0613,0.0613,13130.0
2025-04-27 19:35:00+09:00,0.0612,0.0613,0.0611,0.0611,34540.0
2025-04-27 19:40:00+09:00,0.0612,0.0613,0.0611,0.0612,27536.0
2025-04-27 19:45:00+09:00,0.0613,0.0613,0.0612,0.0612,20395.0
2025-04-27 19:50:00+09:00,0.0613,0.0613,0.0613,0.0613,1567.0
2025-04-27 19:55:00+09:00,0.0611,0.0612,0.0609,0.0612,125533.0
2025-04-27 20:00:00+09:00,0.0611,0.0612,0.0611,0.0611,15136.0
2025-04-27 20:05:00+09:00,0.0611,0.0612,0.061,0.061,37637.0
2025-04-27 20:10:00+09:00,0.0611,0.0612,0.061,0.0612,2840.0
2025-04-27 20:15:00+09:00,0.0611,0.0612,0.0611,0.0612,2523.0
2025-04-27 20:20:00+09:00,0.0611,0.0612,0.061,0.0611,27708.0
2025-04-27 20:25:00+09:00,0.0612,0.0612,0.0611,0.0611,949.0
2025-04-27 20:30:00+09:00,0.061,0.0613,0.0609,0.0613,90545.0
2025-04-27 20:35:00+09:00,0.0613,0.0613,0.0613,0.0613,0.0
2025-04-27 20:40:00+09:00,0.0613,0.0613,0.061,0.061,3974.0
2025-04-27 20:45:00+09:00,0.0611,0.0611,0.0611,0.0611,11133.0
2025-04-27 20:50:00+09:00,0.0611,0.0611,0.061,0.061,6037.0
2025-04-27 20:55:00+09:00,0.0612,0.0612,0.0611,0.0611,337.0
2025-04-27 21:00:00+09:00,0.0611,0.0612,0.061,0.0611,15778.0
2025-04-27 21:05:00+09:00,0.061,0.0611,0.061,0.0611,10880.0
2025-04-27 21:10:00+09:00,0.0609,0.061,0.0609,0.0609,4539.0
2025-04-27 21:15:00+09:00,0.0608,0.0609,0.0608,0.0609,17779.0
2025-04-27 21:20:00+09:00,0.0608,0.0611,0.0608,0.0611,8175.0
2025-04-27 21:25:00+09:00,0.061,0.061,0.061,0.061,475.0
2025-04-27 21:30:00+09:00,0.0607,0.0608,0.0601,0.0603,266324.0
2025-04-27 21:35:00+09:00,0.0603,0.0603,0.0603,0.0603,421.0
2025-04-27 21:40:00+09:00,0.0605,0.0605,0.0605,0.0605,2664.0
2025-04-27 21:45:00+09:00,0.0605,0.061,0.0604,0.0605,100802.0
2025-04-27 21:50:00+09:00,0.0604,0.0604,0.0604,0.0604,4604.0
2025-04-27 21:55:00+09:00,0.0605,0.0605,0.06,0.0603,16318.0
2025-04-27 22:00:00+09:00,0.0603,0.0605,0.0603,0.0605,4261.0
2025-04-27 22:05:00+09:00,0.0603,0.0603,0.0596,0.0596,287983.0
2025-04-27 22:10:00+09:00,0.0598,0.0602,0.0598,0.0601,20804.0
2025-04-27 22:15:00+09:00,0.0602,0.0603,0.0599,0.0599,16895.0
2025-04-27 22:20:00+09:00,0.0601,0.0602,0.06,0.0601,15332.0
2025-04-27 22:25:00+09:00,0.0599,0.0599,0.0599,0.0599,29083.0
2025-04-27 22:30:00+09:00,0.0601,0.0603,0.0599,0.0603,8158.0
2025-04-27 22:35:00+09:00,0.0603,0.0604,0.0602,0.0604,6149.0
2025-04-27 22:40:00+09:00,0.0605,0.0605,0.0603,0.0605,1190.0
2025-04-27 22:45:00+09:00,0.0605,0.0607,0.0603,0.0605,1030.0
2025-04-27 22:50:00+09:00,0.0603,0.0605,0.0603,0.0605,1434.0
2025-04-27 22:55:00+09:00,0.0605,0.0606,0.0603,0.0605,16895.0
2025-04-27 23:00:00+09:00,0.0605,0.0605,0.0602,0.0603,13630.0
2025-04-27 23:05:00+09:00,0.0604,0.0605,0.0602,0.0604,499.0
2025-04-27 23:10:00+09:00,0.0602,0.0603,0.0602,0.0603,599.0
2025-04-27 23:15:00+09:00,0.0602,0.0607,0.0602,0.0607,15594.0
2025-04-27 23:20:00+09:00,0.0605,0.0606,0.0605,0.0606,9698.0
2025-04-27 23:25:00+09:00,0.0604,0.0604,0.0603,0.0604,5488.0
2025-04-27 23:30:00+09:00,0.0602,0.0604,0.0602,0.0603,6560.0
2025-04-27 23:35:00+09:00,0.0603,0.0605,0.0603,0.0605,29460.0
2025-04-27 23:40:00+09:00,0.0602,0.0604,0.0602,0.0604,265.0
2025-04-27 23:45:00+09:00,0.0604,0.0604,0.0602,0.0604,9376.0
2025-04-27 23:50:00+09:00,0.0603,0.0605,0.0601,0.0602,232649.0
2025-04-27 23:55:00+09:00,0.0603,0.0603,0.06,0.06,13548.0
2025-04-28 00:00:00+09:00,0.0601,0.0601,0.0598,0.0599,20226.0
2025-04-28 00:05:00+09:00,0.06,0.06,0.0596,0.0598,33830.0
2025-04-28 00:10:00+09:00,0.0598,0.0598,0.0597,0.0598,4499.0
2025-04-28 00:15:00+09:00,0.0598,0.06,0.0598,0.06,28044.0
2025-04-28 00:20:00+09:00,0.0599,0.06,0.0599,0.06,4801.0
2025-04-28 00:25:00+09:00,0.0597,0.0598,0.0597,0.0598,5840.0
2025-04-28 00:30:00+09:00,0.0596,0.0598,0.0596,0.0598,25643.0
2025-04-28 00:35:00+09:00,0.0598,0.0598,0.0594,0.0594,22311.0
2025-04-28 00:40:00+09:00,0.0594,0.0597,0.0594,0.0595,23460.0
2025-04-28 00:45:00+09:00,0.0594,0.0597,0.0594,0.0597,35439.0
2025-04-28 00:50:00+09:00,0.0598,0.0598,0.0596,0.0598,7991.0
2025-04-28 00:55:00+09:00,0.0597,0.0598,0.0596,0.0597,20640.0
2025-04-28 01:00:00+09:00,0.0596,0.0598,0.0595,0.0598,5212.0
2025-04-28 01:05:00+09:00,0.0597,0.0597,0.0596,0.0596,14878.0
2025-04-28 01:10:00+09:00,0.0597,0.0598,0.0597,0.0598,6029.0
2025-04-28 01:15:00+09:00,0.0597,0.0598,0.0594,0.0596,33527.0
2025-04-28 01:20:00+09:00,0.0596,0.0597,0.0596,0.0596,10301.0
2025-04-28 01:25:00+09:00,0.0595,0.0596,0.0594,0.0594,4873.0
2025-04-28 01:30:00+09:00,0.0594,0.0594,0.0593,0.0593,40279.0
2025-04-28 01:35:00+09:00,0.0592,0.0593,0.0591,0.0593,17393.0
2025-04-28 01:40:00+09:00,0.0595,0.0596,0.0594,0.0596,915.0
2025-04-28 01:45:00+09:00,0.0595,0.0597,0.0594,0.0594,86758.0
2025-04-28 01:50:00+09:00,0.0595,0.0595,0.0593,0.0594,6082.0
2025-04-28 01:55:00+09:00,0.0592,0.0592,0.059,0.059,28654.0
2025-04-28 02:00:00+09:00,0.0591,0.0591,0.0589,0.0591,60655.0
2025-04-28 02:05:00+09:00,0.0593,0.0593,0.0593,0.0593,733.0
2025-04-28 02:10:00+09:00,0.0594,0.0595,0.0594,0.0595,20908.0
2025-04-28 02:15:00+09:00,0.0595,0.0596,0.0595,0.0595,9462.0
2025-04-28 02:20:00+09:00,0.0595,0.0598,0.0595,0.0598,6607.0
2025-04-28 02:25:00+09:00,0.0597,0.0597,0.0595,0.0595,16123.0
2025-04-28 02:30:00+09:00,0.0596,0.0596,0.0595,0.0595,1850.0
2025-04-28 02:35:00+09:00,0.0595,0.0595,0.0594,0.0594,13798.0
2025-04-28 02:40:00+09:00,0.0595,0.0596,0.0595,0.0596,5710.0
2025-04-28 02:45:00+09:00,0.0595,0.0596,0.0595,0.0596,13531.0
2025-04-28 02:50:00+09:00,0.0598,0.0599,0.0598,0.0598,17485.0
2025-04-28 02:55:00+09:00,0.0599,0.0599,0.0597,0.0597,8306.0
2025-04-28 03:00:00+09:00,0.0598,0.0598,0.0597,0.0597,21722.0
2025-04-28 03:05:00+09:00,0.0599,0.0599,0.0599,0.0599,8127.0
2025-04-28 03:10:00+09:00,0.0599,0.06,0.0599,0.06,11231.0
2025-04-28 03:15:00+09:00,0.0601,0.0602,0.06,0.06,21097.0
2025-04-28 03:20:00+09:00,0.0601,0.0601,0.06,0.0601,3260.0
2025-04-28 03:25:00+09:00,0.0601,0.0601,0.0599,0.0601,4433.0
2025-04-28 03:30:00+09:00,0.0601,0.0601,0.06,0.06,8676.0
2025-04-28 03:35:00+09:00,0.0601,0.0602,0.0601,0.0602,1962.0
2025-04-28 03:40:00+09:00,0.0602,0.0606,0.0602,0.0604,143374.0
2025-04-28 03:45:00+09:00,0.0605,0.0606,0.0605,0.0605,2193.0
2025-04-28 03:50:00+09:00,0.0605,0.0606,0.0604,0.0605,5927.0
2025-04-28 03:55:00+09:00,0.0606,0.0606,0.0604,0.0605,14719.0
2025-04-28 04:00:00+09:00,0.0605,0.0605,0.0604,0.0605,36020.0
2025-04-28 04:05:00+09:00,0.0604,0.0606,0.0604,0.0605,24944.0
2025-04-28 04:10:00+09:00,0.0606,0.0606,0.0604,0.0604,71010.0
2025-04-28 04:15:00+09:00,0.0603,0.0603,0.0601,0.0602,48322.0
2025-04-28 04:20:00+09:00,0.0602,0.0602,0.0601,0.0601,3628.0
2025-04-28 04:25:00+09:00,0.0602,0.0603,0.0602,0.0602,12187.0
2025-04-28 04:30:00+09:00,0.0601,0.0602,0.0601,0.0602,26857.0
2025-04-28 04:35:00+09:00,0.0602,0.0602,0.0602,0.0602,2339.0
2025-04-28 04:40:00+09:00,0.0603,0.0603,0.0602,0.0602,711.0
2025-04-28 04:45:00+09:00,0.0603,0.0604,0.0603,0.0604,30189.0
2025-04-28 04:50:00+09:00,0.0604,0.0605,0.0604,0.0605,5517.0
2025-04-28 04:55:00+09:00,0.0605,0.0605,0.0604,0.0604,7103.0
2025-04-28 05:00:00+09:00,0.0604,0.0605,0.0603,0.0603,9243.0
2025-04-28 05:05:00+09:00,0.0605,0.0605,0.0602,0.0602,1740.0
2025-04-28 05:10:00+09:00,0.0603,0.0603,0.0603,0.0603,15951.0
2025-04-28 05:15:00+09:00,0.0604,0.0605,0.0604,0.0604,17025.0
2025-04-28 05:20:00+09:00,0.0603,0.0604,0.0602,0.0602,27312.0
2025-04-28 05:25:00+09:00,0.0602,0.0603,0.0601,0.0603,26190.0
2025-04-28 05:30:00+09:00,0.0602,0.0603,0.0602,0.0603,38003.0
2025-04-28 05:35:00+09:00,0.0602,0.0604,0.0602,0.0602,23400.0
2025-04-28 05:40:00+09:00,0.0603,0.0603,0.0603,0.0603,17275.0
2025-04-28 05:45:00+09:00,0.0602,0.0604,0.0602,0.0604,22285.0
2025-04-28 05:50:00+09:00,0.0604,0.0604,0.0603,0.0603,18505.0
2025-04-28 05:55:00+09:00,0.0603,0.0603,0.0603,0.0603,31375.0
2025-04-28 06:00:00+09:00,0.0602,0.0602,0.0602,0.0602,183.0
2025-04-28 06:05:00+09:00,0.0601,0.0602,0.0601,0.0602,9420.0
2025-04-28 06:10:00+09:00,0.0601,0.0601,0.0601,0.0601,5018.0
2025-04-28 06:15:00+09:00,0.06,0.0602,0.06,0.0602,16329.0
2025-04-28 06:20:00+09:00,0.0602,0.0602,0.0602,0.0602,9517.0
2025-04-28 06:25:00+09:00,0.0603,0.0604,0.0603,0.0604,5387.0
2025-04-28 06:30:00+09:00,0.0603,0.0605,0.0603,0.0605,155971.0
2025-04-28 06:35:00+09:00,0.0605,0.0606,0.0605,0.0606,456.0
2025-04-28 06:40:00+09:00,0.0606,0.061,0.0606,0.061,35630.0
2025-04-28 06:45:00+09:00,0.0608,0.061,0.0608,0.061,4697.0
2025-04-28 06:50:00+09:00,0.061,0.061,0.0608,0.061,11174.0
2025-04-28 06:55:00+09:00,0.061,0.061,0.0606,0.0607,157283.0
2025-04-28 07:00:00+09:00,0.0606,0.0607,0.0604,0.0605,66509.0
2025-04-28 07:05:00+09:00,0.0604,0.0605,0.0601,0.0603,66492.0
2025-04-28 07:10:00+09:00,0.0603,0.0603,0.0602,0.0602,11358.0
2025-04-28 07:15:00+09:00,0.0602,0.0603,0.0602,0.0603,30482.0
2025-04-28 07:20:00+09:00,0.0602,0.0603,0.0602,0.0603,5873.0
2025-04-28 07:25:00+09:00,0.0602,0.0602,0.0601,0.0602,8558.0
2025-04-28 07:30:00+09:00,0.0601,0.0601,0.0597,0.06,34561.0
2025-04-28 07:35:00+09:00,0.06,0.0601,0.06,0.0601,10763.0
2025-04-28 07:40:00+09:00,0.0602,0.0603,0.0602,0.0603,2363.0
2025-04-28 07:45:00+09:00,0.0602,0.0603,0.0602,0.0603,6283.0
2025-04-28 07:50:00+09:00,0.0603,0.0603,0.0602,0.0603,2199.0
2025-04-28 07:55:00+09:00,0.0602,0.0602,0.0601,0.0601,10831.0
2025-04-28 08:00:00+09:00,0.0599,0.06,0.0595,0.0598,77127.0
2025-04-28 08:05:00+09:00,0.0598,0.0599,0.0597,0.0597,5066.0
2025-04-28 08:10:00+09:00,0.0597,0.0598,0.0597,0.0598,32032.0
2025-04-28 08:15:00+09:00,0.0597,0.06,0.0597,0.06,39618.0
2025-04-28 08:20:00+09:00,0.0597,0.0598,0.0597,0.0598,12703.0
2025-04-28 08:25:00+09:00,0.0597,0.0599,0.0597,0.0598,10622.0
2025-04-28 08:30:00+09:00,0.0598,0.06,0.0598,0.06,13869.0
2025-04-28 08:35:00+09:00,0.0598,0.06,0.0598,0.06,257.0
2025-04-28 08:40:00+09:00,0.0599,0.06,0.0597,0.0598,766.0
2025-04-28 08:45:00+09:00,0.0598,0.0599,0.0598,0.0599,29008.0
2025-04-28 08:50:00+09:00,0.0597,0.06,0.0597,0.0599,6826.0
2025-04-28 08:55:00+09:00,0.0598,0.0599,0.0598,0.0599,31234.0
2025-04-28 09:00:00+09:00,0.0599,0.0601,0.0598,0.0599,2723.0
2025-04-28 09:05:00+09:00,0.0601,0.0601,0.0598,0.06,53302.0
2025-04-28 09:10:00+09:00,0.0598,0.0599,0.0598,0.0598,3028.0
2025-04-28 09:15:00+09:00,0.0599,0.0601,0.0599,0.0601,28922.0
2025-04-28 09:20:00+09:00,0.06,0.0601,0.0598,0.0599,8134.0
2025-04-28 09:25:00+09:00,0.0597,0.0599,0.0597,0.0598,4558.0
2025-04-28 09:30:00+09:00,0.0601,0.0602,0.06,0.0602,5643.0
2025-04-28 09:35:00+09:00,0.0602,0.0604,0.0602,0.0603,21189.0
2025-04-28 09:40:00+09:00,0.0604,0.0605,0.0604,0.0604,6373.0
2025-04-28 09:45:00+09:00,0.0604,0.0604,0.0602,0.0602,5997.0
2025-04-28 09:50:00+09:00,0.0601,0.0602,0.0599,0.0602,4742.0
2025-04-28 09:55:00+09:00,0.0601,0.0603,0.0601,0.0603,23881.0
2025-04-28 10:00:00+09:00,0.0602,0.0602,0.0598,0.06,17983.0
2025-04-28 10:05:00+09:00,0.0602,0.0603,0.0601,0.0601,5569.0
2025-04-28 10:10:00+09:00,0.0601,0.0602,0.06,0.0602,42572.0
2025-04-28 10:15:00+09:00,0.0603,0.0603,0.06,0.0601,6316.0
2025-04-28 10:20:00+09:00,0.0599,0.0599,0.0596,0.0596,7613.0
2025-04-28 10:25:00+09:00,0.0597,0.0597,0.0596,0.0597,26050.0
2025-04-28 10:30:00+09:00,0.0597,0.0597,0.059,0.0591,14430.0
2025-04-28 10:35:00+09:00,0.0591,0.0592,0.0586,0.0587,46330.0
2025-04-28 10:40:00+09:00,0.0589,0.0589,0.0584,0.0587,21465.0
2025-04-28 10:45:00+09:00,0.0587,0.0591,0.0587,0.0589,7197.0
2025-04-28 10:50:00+09:00,0.0589,0.0591,0.0589,0.0591,20302.0
2025-04-28 10:55:00+09:00,0.0589,0.059,0.0588,0.059,14360.0
2025-04-28 11:00:00+09:00,0.0588,0.0591,0.0588,0.059,10769.0
2025-04-28 11:05:00+09:00,0.0592,0.0592,0.0592,0.0592,2171.0
2025-04-28 11:10:00+09:00,0.0592,0.0593,0.0592,0.0592,6351.0
2025-04-28 11:15:00+09:00,0.0593,0.0594,0.0593,0.0594,6525.0
2025-04-28 11:20:00+09:00,0.0595,0.0595,0.0593,0.0595,10847.0
2025-04-28 11:25:00+09:00,0.0595,0.0596,0.0594,0.0594,21917.0
2025-04-28 11:30:00+09:00,0.0594,0.0596,0.0594,0.0596,3019.0
2025-04-28 11:35:00+09:00,0.0595,0.0595,0.0595,0.0595,2389.0
2025-04-28 11:40:00+09:00,0.0596,0.0597,0.0596,0.0596,6831.0
2025-04-28 11:45:00+09:00,0.0597,0.0598,0.0597,0.0598,11507.0
2025-04-28 11:50:00+09:00,0.0598,0.0602,0.0598,0.06,436704.0
2025-04-28 11:55:00+09:00,0.0601,0.0606,0.0596,0.0598,988898.0
2025-04-28 12:00:00+09:00,0.0597,0.0598,0.0593,0.0596,210817.0
2025-04-28 12:05:00+09:00,0.0595,0.0595,0.0595,0.0595,4078.0
2025-04-28 12:10:00+09:00,0.0596,0.0597,0.0596,0.0596,1769.0
2025-04-28 12:15:00+09:00,0.0598,0.0599,0.0597,0.0599,29711.0
2025-04-28 12:20:00+09:00,0.06,0.0601,0.0599,0.0599,26860.0
2025-04-28 12:25:00+09:00,0.0601,0.0601,0.0601,0.0601,9798.0
2025-04-28 12:30:00+09:00,0.0601,0.0606,0.0601,0.0605,31966.0
2025-04-28 12:35:00+09:00,0.0603,0.0603,0.0603,0.0603,110.0
2025-04-28 12:40:00+09:00,0.0604,0.0605,0.0603,0.0605,13258.0
2025-04-28 12:45:00+09:00,0.0603,0.0603,0.0603,0.0603,960.0
2025-04-28 12:50:00+09:00,0.0603,0.0603,0.0603,0.0603,1086.0
2025-04-28 12:55:00+09:00,0.0606,0.0606,0.0604,0.0606,8537.0
2025-04-28 13:00:00+09:00,0.0606,0.0608,0.0605,0.0607,13992.0
2025-04-28 13:05:00+09:00,0.0607,0.0607,0.0606,0.0606,25544.0
2025-04-28 13:10:00+09:00,0.0607,0.0609,0.0607,0.0608,34169.0
2025-04-28 13:15:00+09:00,0.0608,0.0608,0.0608,0.0608,39713.0
2025-04-28 13:20:00+09:00,0.0607,0.0608,0.0607,0.0607,35922.0
2025-04-28 13:25:00+09:00,0.0608,0.061,0.0608,0.061,51904.0
2025-04-28 13:30:00+09:00,0.0609,0.061,0.0608,0.0608,64027.0
2025-04-28 13:35:00+09:00,0.0608,0.0609,0.0608,0.0609,29965.0
2025-04-28 13:40:00+09:00,0.0608,0.0609,0.0607,0.0608,43268.0
2025-04-28 13:45:00+09:00,0.0608,0.0608,0.0608,0.0608,19162.0
2025-04-28 13:50:00+09:00,0.0608,0.0609,0.0608,0.0608,11170.0
2025-04-28 13:55:00+09:00,0.0607,0.0607,0.0607,0.0607,583.0
2025-04-28 14:00:00+09:00,0.0607,0.061,0.0607,0.0609,36884.0
2025-04-28 14:05:00+09:00,0.0609,0.0614,0.0609,0.0611,157636.0
2025-04-28 14:10:00+09:00,0.0611,0.0613,0.0611,0.0612,22834.0
2025-04-28 14:15:00+09:00,0.0613,0.0613,0.061,0.061,33993.0
2025-04-28 14:20:00+09:00,0.0611,0.0612,0.061,0.061,2434.0
2025-04-28 14:25:00+09:00,0.061,0.0613,0.0609,0.0611,7067.0
2025-04-28 14:30:00+09:00,0.0612,0.0612,0.0609,0.0612,26069.0
2025-04-28 14:35:00+09:00,0.0608,0.061,0.0608,0.061,2099.0
2025-04-28 14:40:00+09:00,0.0608,0.0611,0.0608,0.0609,5152.0
2025-04-28 14:45:00+09:00,0.0608,0.0609,0.0607,0.0609,15410.0
2025-04-28 14:50:00+09:00,0.0609,0.061,0.0608,0.061,21338.0
2025-04-28 14:55:00+09:00,0.0609,0.0611,0.0608,0.0611,22823.0
2025-04-28 15:00:00+09:00,0.0611,0.0615,0.0611,0.0613,31953.0
2025-04-28 15:05:00+09:00,0.0612,0.0614,0.0612,0.0614,32033.0
2025-04-28 15:10:00+09:00,0.0613,0.0615,0.0613,0.0614,15452.0
2025-04-28 15:15:00+09:00,0.0615,0.0617,0.0614,0.0616,11256.0
2025-04-28 15:20:00+09:00,0.0615,0.0618,0.0615,0.0617,15632.0
2025-04-28 15:25:00+09:00,0.0616,0.0617,0.0616,0.0617,22208.0
2025-04-28 15:30:00+09:00,0.0617,0.0619,0.0617,0.0618,36835.0
2025-04-28 15:35:00+09:00,0.0618,0.0626,0.0618,0.0623,370925.0
2025-04-28 15:40:00+09:00,0.0623,0.0626,0.0622,0.0626,27184.0
2025-04-28 15:45:00+09:00,0.0623,0.0625,0.0622,0.0624,36639.0
2025-04-28 15:50:00+09:00,0.0624,0.0624,0.062,0.0623,84012.0
2025-04-28 15:55:00+09:00,0.0623,0.0625,0.0623,0.0624,44436.0
2025-04-28 16:00:00+09:00,0.0625,0.0625,0.0622,0.0623,11527.0
2025-04-28 16:05:00+09:00,0.0623,0.0624,0.0622,0.0624,3834.0
2025-04-28 16:10:00+09:00,0.0622,0.0625,0.0622,0.0625,9709.0
2025-04-28 16:15:00+09:00,0.0623,0.0625,0.0623,0.0625,12573.0
2025-04-28 16:20:00+09:00,0.0625,0.0628,0.0625,0.0628,35747.0
2025-04-28 16:25:00+09:00,0.0626,0.063,0.0626,0.063,67892.0
2025-04-28 16:30:00+09:00,0.0628,0.0632,0.0628,0.063,98108.0
2025-04-28 16:35:00+09:00,0.0629,0.0631,0.0629,0.0629,9187.0
2025-04-28 16:40:00+09:00,0.0628,0.0629,0.0627,0.0629,25499.0
2025-04-28 16:45:00+09:00,0.0628,0.063,0.0628,0.063,11603.0
2025-04-28 16:50:00+09:00,0.063,0.0631,0.0629,0.0631,5104.0
2025-04-28 16:55:00+09:00,0.063,0.063,0.0628,0.063,43487.0
2025-04-28 17:00:00+09:00,0.063,0.0632,0.063,0.0632,82925.0
2025-04-28 17:05:00+09:00,0.0632,0.0633,0.0631,0.0631,52822.0
2025-04-28 17:10:00+09:00,0.0631,0.0634,0.0631,0.0632,80581.0
2025-04-28 17:15:00+09:00,0.0632,0.0632,0.0631,0.0631,12449.0
2025-04-28 17:20:00+09:00,0.0631,0.0631,0.0628,0.063,40341.0
2025-04-28 17:25:00+09:00,0.063,0.0631,0.063,0.0631,17784.0
2025-04-28 17:30:00+09:00,0.0631,0.0631,0.0631,0.0631,5314.0
2025-04-28 17:35:00+09:00,0.0629,0.063,0.0627,0.0627,50310.0
2025-04-28 17:40:00+09:00,0.0629,0.063,0.0629,0.0629,553.0
2025-04-28 17:45:00+09:00,0.0628,0.0628,0.0627,0.0627,23146.0
2025-04-28 17:50:00+09:00,0.0627,0.0627,0.0626,0.0627,24800.0
2025-04-28 17:55:00+09:00,0.0627,0.0629,0.0627,0.0629,26571.0
2025-04-28 18:00:00+09:00,0.063,0.063,0.063,0.063,3583.0
2025-04-28 18:05:00+09:00,0.0629,0.0629,0.0628,0.0628,16888.0
2025-04-28 18:10:00+09:00,0.0628,0.0631,0.0628,0.063,25735.0
2025-04-28 18:15:00+09:00,0.0631,0.0632,0.0631,0.0631,48257.0
2025-04-28 18:20:00+09:00,0.0628,0.0631,0.0628,0.0629,623.0
2025-04-28 18:25:00+09:00,0.0629,0.0629,0.0629,0.0629,39810.0
2025-04-28 18:30:00+09:00,0.0629,0.0629,0.0629,0.0629,1831.0
2025-04-28 18:35:00+09:00,0.063,0.063,0.0629,0.0629,1514.0
2025-04-28 18:40:00+09:00,0.0629,0.0629,0.0629,0.0629,0.0
2025-04-28 18:45:00+09:00,0.0628,0.0628,0.0627,0.0627,29603.0
2025-04-28 18:50:00+09:00,0.0627,0.0627,0.0627,0.0627,841.0
2025-04-28 18:55:00+09:00,0.0626,0.0628,0.0626,0.0626,16659.0
2025-04-28 19:00:00+09:00,0.0626,0.0629,0.0625,0.0626,48323.0
2025-04-28 19:05:00+09:00,0.0624,0.0625,0.0622,0.0624,134856.0
2025-04-28 19:10:00+09:00,0.0626,0.0626,0.0626,0.0626,17349.0
2025-04-28 19:15:00+09:00,0.0626,0.0626,0.0623,0.0625,9545.0
2025-04-28 19:20:00+09:00,0.0624,0.0624,0.0619,0.0621,41228.0
2025-04-28 19:25:00+09:00,0.0619,0.062,0.0616,0.062,285560.0
2025-04-28 19:30:00+09:00,0.0621,0.0623,0.0621,0.0623,16648.0
2025-04-28 19:35:00+09:00,0.0624,0.0629,0.0624,0.0628,36164.0
2025-04-28 19:40:00+09:00,0.0629,0.063,0.0629,0.063,5268.0
2025-04-28 19:45:00+09:00,0.0632,0.0632,0.063,0.063,21384.0
2025-04-28 19:50:00+09:00,0.063,0.0631,0.0629,0.063,20318.0
2025-04-28 19:55:00+09:00,0.0628,0.0628,0.0626,0.0628,16468.0
2025-04-28 20:00:00+09:00,0.0626,0.0627,0.0622,0.0623,72088.0
2025-04-28 20:05:00+09:00,0.0624,0.0627,0.0623,0.0627,39512.0
2025-04-28 20:10:00+09:00,0.0627,0.0627,0.0627,0.0627,228.0
2025-04-28 20:15:00+09:00,0.0627,0.0627,0.0627,0.0627,0.0
2025-04-28 20:20:00+09:00,0.0624,0.0626,0.0624,0.0626,352.0
2025-04-28 20:25:00+09:00,0.0627,0.0627,0.0626,0.0626,33153.0
2025-04-28 20:30:00+09:00,0.0626,0.0628,0.0626,0.0628,18322.0
2025-04-28 20:35:00+09:00,0.0626,0.0626,0.0626,0.0626,367.0
2025-04-28 20:40:00+09:00,0.0628,0.0629,0.0628,0.0629,2801.0
2025-04-28 20:45:00+09:00,0.0629,0.0629,0.0625,0.0625,5130.0
2025-04-28 20:50:00+09:00,0.0625,0.0625,0.0625,0.0625,3237.0
2025-04-28 20:55:00+09:00,0.0625,0.0626,0.0623,0.0626,62165.0
2025-04-28 21:00:00+09:00,0.0624,0.0624,0.0622,0.0623,2911.0
2025-04-28 21:05:00+09:00,0.0623,0.0625,0.062,0.0622,7503.0
2025-04-28 21:10:00+09:00,0.062,0.0623,0.062,0.0623,636.0
2025-04-28 21:15:00+09:00,0.0622,0.0625,0.0622,0.0624,10525.0
2025-04-28 21:20:00+09:00,0.0622,0.0622,0.0622,0.0622,607.0
2025-04-28 21:25:00+09:00,0.0625,0.0625,0.0621,0.0624,97617.0
2025-04-28 21:30:00+09:00,0.0621,0.0623,0.0621,0.0622,16556.0
2025-04-28 21:35:00+09:00,0.0624,0.0624,0.0624,0.0624,885.0
2025-04-28 21:40:00+09:00,0.0624,0.0625,0.0624,0.0625,3270.0
2025-04-28 21:45:00+09:00,0.0625,0.0625,0.0622,0.0622,29764.0
2025-04-28 21:50:00+09:00,0.0622,0.0622,0.0622,0.0622,105.0
2025-04-28 21:55:00+09:00,0.062,0.0622,0.062,0.0622,23712.0
2025-04-28 22:00:00+09:00,0.0622,0.0623,0.062,0.0623,25038.0
2025-04-28 22:05:00+09:00,0.0623,0.0625,0.0623,0.0625,13790.0
2025-04-28 22:10:00+09:00,0.0622,0.0623,0.0621,0.0623,7163.0
2025-04-28 22:15:00+09:00,0.0624,0.0624,0.0624,0.0624,4530.0
2025-04-28 22:20:00+09:00,0.0626,0.0626,0.0624,0.0624,840.0
2025-04-28 22:25:00+09:00,0.0625,0.0625,0.0623,0.0623,3367.0
2025-04-28 22:30:00+09:00,0.0624,0.0625,0.0616,0.0618,13924.0
2025-04-28 22:35:00+09:00,0.0619,0.0621,0.0617,0.0617,48269.0
2025-04-28 22:40:00+09:00,0.0617,0.0623,0.0617,0.0622,54010.0
2025-04-28 22:45:00+09:00,0.0622,0.0623,0.0619,0.0619,45449.0
2025-04-28 22:50:00+09:00,0.0619,0.0622,0.0617,0.0617,79805.0
2025-04-28 22:55:00+09:00,0.0617,0.0619,0.0614,0.0616,39459.0
2025-04-28 23:00:00+09:00,0.0614,0.0619,0.0613,0.0619,78759.0
2025-04-28 23:05:00+09:00,0.0619,0.062,0.0615,0.0618,138402.0
2025-04-28 23:10:00+09:00,0.0617,0.0618,0.0615,0.0617,122212.0
2025-04-28 23:15:00+09:00,0.0617,0.0619,0.0617,0.0619,11933.0
2025-04-28 23:20:00+09:00,0.0619,0.062,0.0616,0.0619,48732.0
2025-04-28 23:25:00+09:00,0.0617,0.0619,0.0616,0.0618,7758.0
2025-04-28 23:30:00+09:00,0.0618,0.0618,0.061,0.0613,69179.0
2025-04-28 23:35:00+09:00,0.0612,0.0617,0.0612,0.0617,10061.0
2025-04-28 23:40:00+09:00,0.0615,0.0617,0.0614,0.0617,88453.0
2025-04-28 23:45:00+09:00,0.0615,0.0618,0.0615,0.0618,14972.0
2025-04-28 23:50:00+09:00,0.0615,0.0616,0.0611,0.0612,181816.0
2025-04-28 23:55:00+09:00,0.0613,0.0613,0.061,0.0612,28255.0
2025-04-29 00:00:00+09:00,0.0613,0.0614,0.0612,0.0614,4883.0
2025-04-29 00:05:00+09:00,0.0613,0.0614,0.0608,0.0609,138852.0
2025-04-29 00:10:00+09:00,0.061,0.0612,0.0607,0.0609,201894.0
2025-04-29 00:15:00+09:00,0.0609,0.0611,0.0603,0.0605,242957.0
2025-04-29 00:20:00+09:00,0.0604,0.0605,0.0601,0.0601,38608.0
2025-04-29 00:25:00+09:00,0.0603,0.0603,0.0599,0.0601,56272.0
2025-04-29 00:30:00+09:00,0.0602,0.0602,0.0599,0.0599,12120.0
2025-04-29 00:35:00+09:00,0.0598,0.0602,0.0598,0.0602,71907.0
2025-04-29 00:40:00+09:00,0.0602,0.0604,0.0601,0.0604,86000.0
2025-04-29 00:45:00+09:00,0.0602,0.0604,0.0601,0.0603,32511.0
2025-04-29 00:50:00+09:00,0.0602,0.0604,0.0602,0.0604,38732.0
2025-04-29 00:55:00+09:00,0.0601,0.0605,0.0601,0.0605,62362.0
2025-04-29 01:00:00+09:00,0.0605,0.0605,0.0601,0.0603,295899.0
2025-04-29 01:05:00+09:00,0.0601,0.0604,0.06,0.06,143421.0
2025-04-29 01:10:00+09:00,0.0601,0.0601,0.0598,0.06,7733.0
2025-04-29 01:15:00+09:00,0.0601,0.0604,0.0598,0.0598,49672.0
2025-04-29 01:20:00+09:00,0.0599,0.0602,0.0599,0.0602,10031.0
2025-04-29 01:25:00+09:00,0.0602,0.0603,0.0602,0.0603,6095.0
2025-04-29 01:30:00+09:00,0.06,0.0606,0.06,0.0606,28419.0
2025-04-29 01:35:00+09:00,0.0606,0.0609,0.0606,0.0606,42625.0
2025-04-29 01:40:00+09:00,0.0608,0.0608,0.0608,0.0608,533.0
2025-04-29 01:45:00+09:00,0.0608,0.0609,0.0607,0.0609,65505.0
2025-04-29 01:50:00+09:00,0.0607,0.0608,0.0605,0.0606,36349.0
2025-04-29 01:55:00+09:00,0.0606,0.0608,0.0606,0.0608,52763.0
2025-04-29 02:00:00+09:00,0.0608,0.0611,0.0608,0.0611,34175.0
2025-04-29 02:05:00+09:00,0.061,0.0612,0.0609,0.0611,37337.0
2025-04-29 02:10:00+09:00,0.0611,0.0611,0.0609,0.061,9872.0
2025-04-29 02:15:00+09:00,0.061,0.0611,0.0609,0.0609,30882.0
2025-04-29 02:20:00+09:00,0.0609,0.0611,0.0608,0.0611,28476.0
2025-04-29 02:25:00+09:00,0.0611,0.0611,0.061,0.061,6785.0
2025-04-29 02:30:00+09:00,0.0609,0.061,0.0608,0.0609,13812.0
2025-04-29 02:35:00+09:00,0.061,0.0613,0.061,0.0613,3926.0
2025-04-29 02:40:00+09:00,0.0611,0.0614,0.0611,0.0612,4137.0
2025-04-29 02:45:00+09:00,0.0614,0.0616,0.0613,0.0614,400700.0
2025-04-29 02:50:00+09:00,0.0615,0.0616,0.0615,0.0615,44863.0
2025-04-29 02:55:00+09:00,0.0615,0.0616,0.0614,0.0615,18615.0
2025-04-29 03:00:00+09:00,0.0614,0.0615,0.0613,0.0613,15398.0
2025-04-29 03:05:00+09:00,0.0615,0.0616,0.0612,0.0612,34915.0
2025-04-29 03:10:00+09:00,0.0614,0.0614,0.0609,0.0609,39346.0
2025-04-29 03:15:00+09:00,0.0608,0.0612,0.0608,0.0612,20486.0
2025-04-29 03:20:00+09:00,0.0612,0.0614,0.0612,0.0614,7485.0
2025-04-29 03:25:00+09:00,0.0614,0.0615,0.0613,0.0613,18044.0
2025-04-29 03:30:00+09:00,0.0613,0.0614,0.0612,0.0613,10727.0
2025-04-29 03:35:00+09:00,0.061,0.0614,0.061,0.0614,58543.0
2025-04-29 03:40:00+09:00,0.0614,0.0614,0.0613,0.0614,5508.0
2025-04-29 03:45:00+09:00,0.0613,0.0616,0.0613,0.0615,27059.0
2025-04-29 03:50:00+09:00,0.0615,0.0616,0.0614,0.0616,20253.0
2025-04-29 03:55:00+09:00,0.0614,0.0617,0.0614,0.0616,21952.0
2025-04-29 04:00:00+09:00,0.0617,0.0622,0.0616,0.0619,227053.0
2025-04-29 04:05:00+09:00,0.0619,0.0621,0.0618,0.0619,63145.0
2025-04-29 04:10:00+09:00,0.0618,0.0619,0.0618,0.0619,31039.0
2025-04-29 04:15:00+09:00,0.0619,0.062,0.0619,0.062,140716.0
2025-04-29 04:20:00+09:00,0.062,0.0621,0.0619,0.0619,105329.0
2025-04-29 04:25:00+09:00,0.0619,0.0621,0.0619,0.062,88983.0
2025-04-29 04:30:00+09:00,0.062,0.0622,0.062,0.0622,64130.0
2025-04-29 04:35:00+09:00,0.0622,0.0624,0.0621,0.0623,214721.0
2025-04-29 04:40:00+09:00,0.0625,0.0625,0.0623,0.0624,13361.0
2025-04-29 04:45:00+09:00,0.0625,0.0625,0.0622,0.0624,48074.0
2025-04-29 04:50:00+09:00,0.0624,0.0625,0.0622,0.0623,144544.0
2025-04-29 04:55:00+09:00,0.0623,0.0623,0.0622,0.0623,28759.0
2025-04-29 05:00:00+09:00,0.0622,0.0623,0.0621,0.0621,51285.0
2025-04-29 05:05:00+09:00,0.0622,0.0623,0.0621,0.0621,38778.0
2025-04-29 05:10:00+09:00,0.0621,0.0622,0.0621,0.0621,28265.0
2025-04-29 05:15:00+09:00,0.0621,0.0623,0.0621,0.0622,15993.0
2025-04-29 05:20:00+09:00,0.0622,0.0622,0.0622,0.0622,3146.0
2025-04-29 05:25:00+09:00,0.0622,0.0622,0.062,0.0621,201991.0
2025-04-29 05:30:00+09:00,0.0621,0.0621,0.062,0.062,37682.0
2025-04-29 05:35:00+09:00,0.062,0.062,0.062,0.062,0.0
2025-04-29 05:40:00+09:00,0.0622,0.0622,0.0617,0.0619,27443.0
2025-04-29 05:45:00+09:00,0.0617,0.0621,0.0617,0.0621,80936.0
2025-04-29 05:50:00+09:00,0.0618,0.0618,0.0618,0.0618,3414.0
2025-04-29 05:55:00+09:00,0.0619,0.0619,0.0619,0.0619,453.0
2025-04-29 06:00:00+09:00,0.0619,0.0619,0.0619,0.0619,2941.0
2025-04-29 06:05:00+09:00,0.062,0.062,0.0618,0.0618,3287.0
2025-04-29 06:10:00+09:00,0.062,0.062,0.0619,0.0619,1382.0
2025-04-29 06:15:00+09:00,0.0617,0.0617,0.0616,0.0616,7902.0
2025-04-29 06:20:00+09:00,0.0616,0.0617,0.0616,0.0617,23955.0
2025-04-29 06:25:00+09:00,0.0616,0.0616,0.0616,0.0616,3284.0
2025-04-29 06:30:00+09:00,0.0617,0.0618,0.0617,0.0618,13514.0
2025-04-29 06:35:00+09:00,0.0617,0.0618,0.0617,0.0618,8919.0
2025-04-29 06:40:00+09:00,0.0617,0.0619,0.0617,0.0619,8971.0
2025-04-29 06:45:00+09:00,0.0618,0.0619,0.0618,0.0619,13958.0
2025-04-29 06:50:00+09:00,0.0618,0.062,0.0618,0.062,1058.0
2025-04-29 06:55:00+09:00,0.062,0.062,0.0618,0.062,8932.0
2025-04-29 07:00:00+09:00,0.062,0.0623,0.062,0.0623,16161.0
2025-04-29 07:05:00+09:00,0.0622,0.0623,0.0622,0.0622,15259.0
2025-04-29 07:10:00+09:00,0.0622,0.0624,0.0622,0.0624,83652.0
2025-04-29 07:15:00+09:00,0.0623,0.0624,0.062,0.0621,45904.0
2025-04-29 07:20:00+09:00,0.0621,0.0622,0.062,0.0622,23901.0
2025-04-29 07:25:00+09:00,0.0622,0.0623,0.0621,0.0623,36098.0
2025-04-29 07:30:00+09:00,0.0623,0.0624,0.0621,0.0624,11650.0
2025-04-29 07:35:00+09:00,0.0624,0.0625,0.0623,0.0624,41639.0
2025-04-29 07:40:00+09:00,0.0623,0.0624,0.0622,0.0624,5042.0
2025-04-29 07:45:00+09:00,0.0622,0.0625,0.0622,0.0624,27033.0
2025-04-29 07:50:00+09:00,0.0623,0.0624,0.0623,0.0624,12249.0
2025-04-29 07:55:00+09:00,0.0623,0.0624,0.0621,0.0623,5475.0
2025-04-29 08:00:00+09:00,0.0623,0.0625,0.0623,0.0624,17808.0
2025-04-29 08:05:00+09:00,0.0622,0.0623,0.062,0.062,17784.0
2025-04-29 08:10:00+09:00,0.0621,0.0621,0.062,0.0621,3708.0
2025-04-29 08:15:00+09:00,0.0621,0.0622,0.0619,0.062,27157.0
2025-04-29 08:20:00+09:00,0.062,0.0622,0.062,0.0621,19548.0
2025-04-29 08:25:00+09:00,0.0621,0.0622,0.062,0.062,11469.0
2025-04-29 08:30:00+09:00,0.062,0.0622,0.062,0.0622,49109.0
2025-04-29 08:35:00+09:00,0.0623,0.0623,0.0622,0.0623,18634.0
2025-04-29 08:40:00+09:00,0.0622,0.0624,0.0622,0.0624,331.0
2025-04-29 08:45:00+09:00,0.0622,0.0623,0.0622,0.0623,6103.0
2025-04-29 08:50:00+09:00,0.0622,0.0623,0.0622,0.0623,247.0
2025-04-29 08:55:00+09:00,0.0623,0.0623,0.0622,0.0623,6364.0
2025-04-29 09:00:00+09:00,0.0622,0.0624,0.0622,0.0624,13923.0
2025-04-29 09:05:00+09:00,0.0623,0.0625,0.0623,0.0625,14861.0
2025-04-29 09:10:00+09:00,0.0625,0.0625,0.0624,0.0624,5685.0
2025-04-29 09:15:00+09:00,0.0624,0.0624,0.0623,0.0624,34364.0
2025-04-29 09:20:00+09:00,0.0623,0.0625,0.0623,0.0625,29528.0
2025-04-29 09:25:00+09:00,0.0625,0.0628,0.0625,0.0626,120887.0
2025-04-29 09:30:00+09:00,0.0626,0.063,0.0626,0.0628,50643.0
2025-04-29 09:35:00+09:00,0.0628,0.063,0.0628,0.063,4389.0
2025-04-29 09:40:00+09:00,0.0628,0.0629,0.0628,0.0629,3329.0
2025-04-29 09:45:00+09:00,0.0629,0.063,0.0627,0.0627,13303.0
2025-04-29 09:50:00+09:00,0.0627,0.0628,0.0627,0.0627,12698.0
2025-04-29 09:55:00+09:00,0.0628,0.0628,0.0627,0.0627,14146.0
2025-04-29 10:00:00+09:00,0.0626,0.0627,0.0626,0.0627,34640.0
2025-04-29 10:05:00+09:00,0.0626,0.0626,0.0625,0.0625,14579.0
2025-04-29 10:10:00+09:00,0.0626,0.0628,0.0626,0.0626,19028.0
2025-04-29 10:15:00+09:00,0.0624,0.0624,0.0622,0.0623,25905.0
2025-04-29 10:20:00+09:00,0.0623,0.0625,0.0623,0.0625,14533.0
2025-04-29 10:25:00+09:00,0.0625,0.0625,0.0624,0.0625,23428.0
2025-04-29 10:30:00+09:00,0.0625,0.0625,0.0623,0.0624,10693.0
2025-04-29 10:35:00+09:00,0.0624,0.0626,0.0624,0.0626,32034.0
2025-04-29 10:40:00+09:00,0.0626,0.0627,0.0625,0.0626,34734.0
2025-04-29 10:45:00+09:00,0.0626,0.0627,0.0624,0.0626,21629.0
2025-04-29 10:50:00+09:00,0.0625,0.0626,0.0622,0.0622,26969.0
2025-04-29 10:55:00+09:00,0.0622,0.0624,0.0622,0.0622,30565.0
2025-04-29 11:00:00+09:00,0.0623,0.0623,0.0622,0.0622,11181.0
2025-04-29 11:05:00+09:00,0.0622,0.0622,0.0621,0.0622,20926.0
2025-04-29 11:10:00+09:00,0.0622,0.0623,0.062,0.0623,24798.0
2025-04-29 11:15:00+09:00,0.0624,0.0624,0.0623,0.0624,36518.0
2025-04-29 11:20:00+09:00,0.0623,0.0624,0.0622,0.0623,15187.0
2025-04-29 11:25:00+09:00,0.0623,0.0623,0.0622,0.0623,24830.0
2025-04-29 11:30:00+09:00,0.0623,0.0623,0.0622,0.0622,15586.0
2025-04-29 11:35:00+09:00,0.0623,0.0623,0.0621,0.0623,4170.0
2025-04-29 11:40:00+09:00,0.0622,0.0623,0.0622,0.0623,7046.0
2025-04-29 11:45:00+09:00,0.0621,0.0623,0.0621,0.0621,28581.0
2025-04-29 11:50:00+09:00,0.0621,0.0621,0.062,0.0621,32978.0
2025-04-29 11:55:00+09:00,0.0621,0.0623,0.062,0.0622,52142.0
2025-04-29 12:00:00+09:00,0.0621,0.0623,0.0621,0.0623,27507.0
2025-04-29 12:05:00+09:00,0.0624,0.0624,0.0624,0.0624,17598.0
2025-04-29 12:10:00+09:00,0.0624,0.0624,0.0623,0.0623,7862.0
2025-04-29 12:15:00+09:00,0.0624,0.0625,0.0624,0.0625,19567.0
2025-04-29 12:20:00+09:00,0.0624,0.0625,0.0623,0.0624,13421.0
2025-04-29 12:25:00+09:00,0.0623,0.0625,0.0623,0.0625,34027.0
2025-04-29 12:30:00+09:00,0.0624,0.0625,0.0623,0.0624,5066.0
2025-04-29 12:35:00+09:00,0.0623,0.0625,0.0623,0.0625,25952.0
2025-04-29 12:40:00+09:00,0.0623,0.0625,0.0623,0.0625,8900.0
2025-04-29 12:45:00+09:00,0.0624,0.0626,0.0624,0.0626,31778.0
2025-04-29 12:50:00+09:00,0.0625,0.0626,0.0624,0.0626,22446.0
2025-04-29 12:55:00+09:00,0.0625,0.0626,0.0623,0.0623,23367.0
2025-04-29 13:00:00+09:00,0.0625,0.0626,0.0623,0.0624,60994.0
2025-04-29 13:05:00+09:00,0.0624,0.0625,0.0624,0.0624,12230.0
2025-04-29 13:10:00+09:00,0.0625,0.0626,0.0624,0.0625,22548.0
2025-04-29 13:15:00+09:00,0.0624,0.0624,0.0624,0.0624,16870.0
2025-04-29 13:20:00+09:00,0.0624,0.0625,0.0624,0.0624,33451.0
2025-04-29 13:25:00+09:00,0.0624,0.0625,0.0624,0.0625,19916.0
2025-04-29 13:30:00+09:00,0.0624,0.0624,0.0623,0.0624,10767.0
2025-04-29 13:35:00+09:00,0.0623,0.0624,0.0623,0.0624,1516.0
2025-04-29 13:40:00+09:00,0.0622,0.0622,0.0618,0.062,38558.0
2025-04-29 13:45:00+09:00,0.0619,0.0619,0.0617,0.0618,24162.0
2025-04-29 13:50:00+09:00,0.0617,0.0617,0.0616,0.0617,62652.0
2025-04-29 13:55:00+09:00,0.0617,0.0617,0.0615,0.0616,53414.0
2025-04-29 14:00:00+09:00,0.0617,0.062,0.0615,0.062,282749.0
2025-04-29 14:05:00+09:00,0.0618,0.0625,0.0616,0.0619,1099194.0
2025-04-29 14:10:00+09:00,0.062,0.062,0.0615,0.0615,257761.0
2025-04-29 14:15:00+09:00,0.0617,0.0618,0.0614,0.0618,78218.0
2025-04-29 14:20:00+09:00,0.0618,0.062,0.0617,0.0619,24816.0
2025-04-29 14:25:00+09:00,0.0619,0.0619,0.0619,0.0619,4129.0
2025-04-29 14:30:00+09:00,0.0618,0.0621,0.0618,0.0621,23635.0
2025-04-29 14:35:00+09:00,0.0621,0.0622,0.0621,0.0622,668.0
2025-04-29 14:40:00+09:00,0.0621,0.0621,0.062,0.0621,20232.0
2025-04-29 14:45:00+09:00,0.062,0.0621,0.062,0.062,28078.0
2025-04-29 14:50:00+09:00,0.062,0.0622,0.062,0.0621,27406.0
2025-04-29 14:55:00+09:00,0.062,0.0622,0.062,0.0621,43333.0
2025-04-29 15:00:00+09:00,0.062,0.0623,0.062,0.0623,23572.0
2025-04-29 15:05:00+09:00,0.0622,0.0625,0.0622,0.0625,5893.0
2025-04-29 15:10:00+09:00,0.0624,0.0625,0.0623,0.0625,68251.0
2025-04-29 15:15:00+09:00,0.0625,0.0627,0.0625,0.0626,28991.0
2025-04-29 15:20:00+09:00,0.0627,0.0628,0.0627,0.0628,61706.0
2025-04-29 15:25:00+09:00,0.0628,0.0629,0.0627,0.0628,30938.0
2025-04-29 15:30:00+09:00,0.0628,0.0629,0.0627,0.0628,33826.0
2025-04-29 15:35:00+09:00,0.0628,0.0628,0.0626,0.0627,12758.0
2025-04-29 15:40:00+09:00,0.0626,0.0626,0.0625,0.0626,26207.0
2025-04-29 15:45:00+09:00,0.0625,0.0626,0.0625,0.0626,9349.0
2025-04-29 15:50:00+09:00,0.0626,0.0626,0.0626,0.0626,374.0
2025-04-29 15:55:00+09:00,0.0626,0.0627,0.0624,0.0626,110800.0
2025-04-29 16:00:00+09:00,0.0626,0.0627,0.0625,0.0625,30161.0
2025-04-29 16:05:00+09:00,0.0625,0.0626,0.0624,0.0625,19917.0
2025-04-29 16:10:00+09:00,0.0625,0.0626,0.0625,0.0626,910.0
2025-04-29 16:15:00+09:00,0.0626,0.0627,0.0626,0.0627,66977.0
2025-04-29 16:20:00+09:00,0.0626,0.0627,0.0625,0.0627,19879.0
2025-04-29 16:25:00+09:00,0.0626,0.0627,0.0626,0.0627,9579.0
2025-04-29 16:30:00+09:00,0.0627,0.0628,0.0626,0.0627,2784.0
2025-04-29 16:35:00+09:00,0.0626,0.0627,0.0626,0.0626,4871.0
2025-04-29 16:40:00+09:00,0.0625,0.0627,0.0625,0.0627,23380.0
2025-04-29 16:45:00+09:00,0.0627,0.0628,0.0627,0.0628,4664.0
2025-04-29 16:50:00+09:00,0.0628,0.0629,0.0628,0.0629,23957.0
2025-04-29 16:55:00+09:00,0.0629,0.0629,0.0626,0.0628,7995.0
2025-04-29 17:00:00+09:00,0.0628,0.0629,0.0628,0.0628,30074.0
2025-04-29 17:05:00+09:00,0.0627,0.0628,0.0627,0.0628,20858.0
2025-04-29 17:10:00+09:00,0.0628,0.0628,0.0627,0.0627,3344.0
2025-04-29 17:15:00+09:00,0.0627,0.0629,0.0627,0.0629,2225.0
2025-04-29 17:20:00+09:00,0.0628,0.0628,0.0626,0.0627,19979.0
2025-04-29 17:25:00+09:00,0.0626,0.0626,0.0624,0.0626,24975.0
2025-04-29 17:30:00+09:00,0.0623,0.0624,0.0623,0.0624,988.0
2025-04-29 17:35:00+09:00,0.0624,0.0627,0.0624,0.0625,231737.0
2025-04-29 17:40:00+09:00,0.0626,0.063,0.0622,0.0624,934932.0
2025-04-29 17:45:00+09:00,0.0624,0.0626,0.0623,0.0624,155348.0
2025-04-29 17:50:00+09:00,0.0623,0.0623,0.062,0.062,196306.0
2025-04-29 17:55:00+09:00,0.0621,0.0624,0.0621,0.0623,88579.0
2025-04-29 18:00:00+09:00,0.0622,0.0625,0.0621,0.0624,87713.0
2025-04-29 18:05:00+09:00,0.0623,0.0623,0.0621,0.0621,61290.0
2025-04-29 18:10:00+09:00,0.0622,0.0622,0.0621,0.0621,19261.0
2025-04-29 18:15:00+09:00,0.0621,0.0622,0.062,0.062,19806.0
2025-04-29 18:20:00+09:00,0.0621,0.0622,0.0619,0.0619,18162.0
2025-04-29 18:25:00+09:00,0.0619,0.0622,0.0619,0.0622,15107.0
2025-04-29 18:30:00+09:00,0.0621,0.0621,0.0616,0.0618,398906.0
2025-04-29 18:35:00+09:00,0.0619,0.0619,0.0613,0.0616,314655.0
2025-04-29 18:40:00+09:00,0.0617,0.0617,0.0616,0.0616,18681.0
2025-04-29 18:45:00+09:00,0.0616,0.0616,0.0616,0.0616,1268.0
2025-04-29 18:50:00+09:00,0.0616,0.0617,0.0616,0.0617,1325.0
2025-04-29 18:55:00+09:00,0.0616,0.0618,0.0616,0.0617,26824.0
2025-04-29 19:00:00+09:00,0.0617,0.0618,0.0616,0.0618,11665.0
2025-04-29 19:05:00+09:00,0.0617,0.0618,0.0616,0.0617,22199.0
2025-04-29 19:10:00+09:00,0.0618,0.0619,0.0615,0.0617,55647.0
2025-04-29 19:15:00+09:00,0.0617,0.0618,0.0616,0.0616,14235.0
2025-04-29 19:20:00+09:00,0.0616,0.0616,0.0614,0.0614,21320.0
2025-04-29 19:25:00+09:00,0.0615,0.0616,0.0613,0.0613,13919.0
2025-04-29 19:30:00+09:00,0.0615,0.0615,0.0613,0.0613,22788.0
2025-04-29 19:35:00+09:00,0.0613,0.0613,0.0611,0.0611,59912.0
2025-04-29 19:40:00+09:00,0.0611,0.0611,0.0608,0.0608,197832.0
2025-04-29 19:45:00+09:00,0.0609,0.061,0.0605,0.0607,175837.0
2025-04-29 19:50:00+09:00,0.0607,0.061,0.0607,0.0609,27784.0
2025-04-29 19:55:00+09:00,0.0609,0.061,0.0608,0.0608,57475.0
2025-04-29 20:00:00+09:00,0.0609,0.0611,0.0609,0.0611,49443.0
2025-04-29 20:05:00+09:00,0.0611,0.0613,0.0611,0.0613,26901.0
2025-04-29 20:10:00+09:00,0.0612,0.0613,0.0612,0.0613,38416.0
2025-04-29 20:15:00+09:00,0.0612,0.0612,0.0611,0.0612,14629.0
2025-04-29 20:20:00+09:00,0.0612,0.0612,0.0611,0.0611,37753.0
2025-04-29 20:25:00+09:00,0.061,0.0612,0.061,0.0611,62528.0
2025-04-29 20:30:00+09:00,0.0611,0.0611,0.061,0.061,25092.0
2025-04-29 20:35:00+09:00,0.061,0.0611,0.061,0.061,131226.0
2025-04-29 20:40:00+09:00,0.0609,0.0609,0.0608,0.0608,6563.0
2025-04-29 20:45:00+09:00,0.0609,0.061,0.0609,0.0609,25457.0
2025-04-29 20:50:00+09:00,0.0609,0.061,0.0609,0.061,16400.0
2025-04-29 20:55:00+09:00,0.0609,0.061,0.0608,0.0609,37388.0
2025-04-29 21:00:00+09:00,0.061,0.0611,0.0609,0.0611,17595.0
2025-04-29 21:05:00+09:00,0.0609,0.0611,0.0609,0.061,34733.0
2025-04-29 21:10:00+09:00,0.061,0.061,0.061,0.061,20694.0
2025-04-29 21:15:00+09:00,0.0609,0.0609,0.0608,0.0609,8074.0
2025-04-29 21:20:00+09:00,0.0609,0.0609,0.0608,0.0608,15042.0
2025-04-29 21:25:00+09:00,0.0608,0.0608,0.0605,0.0606,69735.0
2025-04-29 21:30:00+09:00,0.0605,0.0605,0.0602,0.0602,97563.0
2025-04-29 21:35:00+09:00,0.0603,0.0605,0.0602,0.0605,54780.0
2025-04-29 21:40:00+09:00,0.0604,0.0605,0.0604,0.0605,9251.0
2025-04-29 21:45:00+09:00,0.0605,0.0605,0.0603,0.0603,39683.0
2025-04-29 21:50:00+09:00,0.0603,0.0604,0.0602,0.0602,31879.0
2025-04-29 21:55:00+09:00,0.0601,0.0602,0.0601,0.0602,23300.0
2025-04-29 22:00:00+09:00,0.0601,0.0603,0.0601,0.0603,47066.0
2025-04-29 22:05:00+09:00,0.0603,0.0605,0.0603,0.0604,39610.0
2025-04-29 22:10:00+09:00,0.0604,0.0605,0.0604,0.0604,4482.0
2025-04-29 22:15:00+09:00,0.0603,0.0603,0.06,0.0601,87296.0
2025-04-29 22:20:00+09:00,0.0601,0.0604,0.0601,0.0604,45743.0
2025-04-29 22:25:00+09:00,0.0603,0.0605,0.0602,0.0605,7860.0
2025-04-29 22:30:00+09:00,0.0603,0.0607,0.0603,0.0605,11151.0
2025-04-29 22:35:00+09:00,0.0605,0.0606,0.0602,0.0605,38813.0
2025-04-29 22:40:00+09:00,0.0604,0.0612,0.0603,0.0606,1386707.0
2025-04-29 22:45:00+09:00,0.0605,0.0607,0.0605,0.0607,4535.0
2025-04-29 22:50:00+09:00,0.0606,0.0607,0.0605,0.0607,88659.0
2025-04-29 22:55:00+09:00,0.0606,0.0607,0.0603,0.0607,247123.0
2025-04-29 23:00:00+09:00,0.0604,0.0608,0.0602,0.0608,53423.0
2025-04-29 23:05:00+09:00,0.0607,0.0611,0.0607,0.061,41093.0
2025-04-29 23:10:00+09:00,0.0608,0.061,0.0607,0.0609,81539.0
2025-04-29 23:15:00+09:00,0.0607,0.061,0.0607,0.0609,41221.0
2025-04-29 23:20:00+09:00,0.0608,0.0609,0.0606,0.0608,20954.0
2025-04-29 23:25:00+09:00,0.0607,0.0608,0.0607,0.0608,45254.0
2025-04-29 23:30:00+09:00,0.0608,0.0611,0.0608,0.0611,72351.0
2025-04-29 23:35:00+09:00,0.0611,0.0614,0.0611,0.0614,65230.0
2025-04-29 23:40:00+09:00,0.0612,0.0614,0.0611,0.0613,6757.0
2025-04-29 23:45:00+09:00,0.0614,0.0614,0.0612,0.0614,14804.0
2025-04-29 23:50:00+09:00,0.0611,0.0613,0.0611,0.0613,19705.0
2025-04-29 23:55:00+09:00,0.0611,0.0614,0.0611,0.0613,28752.0
2025-04-30 00:00:00+09:00,0.0613,0.0613,0.061,0.061,32901.0
2025-04-30 00:05:00+09:00,0.0609,0.0611,0.0608,0.0611,20352.0
2025-04-30 00:10:00+09:00,0.0611,0.0611,0.0611,0.0611,1635.0
2025-04-30 00:15:00+09:00,0.0608,0.0609,0.0606,0.0607,17380.0
2025-04-30 00:20:00+09:00,0.0607,0.0607,0.0605,0.0607,89686.0
2025-04-30 00:25:00+09:00,0.0605,0.0608,0.0605,0.0608,15482.0
2025-04-30 00:30:00+09:00,0.0608,0.0608,0.0606,0.0607,5222.0
2025-04-30 00:35:00+09:00,0.0607,0.0608,0.0607,0.0608,30330.0
2025-04-30 00:40:00+09:00,0.0606,0.061,0.0606,0.061,5163.0
2025-04-30 00:45:00+09:00,0.0608,0.061,0.0608,0.061,1748.0
2025-04-30 00:50:00+09:00,0.0608,0.0609,0.0608,0.0609,3187.0
2025-04-30 00:55:00+09:00,0.0608,0.0608,0.0606,0.0606,13058.0
2025-04-30 01:00:00+09:00,0.0606,0.0608,0.0605,0.0605,20324.0
2025-04-30 01:05:00+09:00,0.0606,0.0608,0.0606,0.0606,60406.0
2025-04-30 01:10:00+09:00,0.0606,0.0607,0.0606,0.0607,5824.0
2025-04-30 01:15:00+09:00,0.0607,0.0607,0.0607,0.0607,7482.0
2025-04-30 01:20:00+09:00,0.0606,0.0608,0.0606,0.0608,18252.0
2025-04-30 01:25:00+09:00,0.0608,0.0608,0.0608,0.0608,0.0
2025-04-30 01:30:00+09:00,0.0607,0.0609,0.0607,0.0609,15262.0
2025-04-30 01:35:00+09:00,0.0611,0.0612,0.0608,0.0608,62038.0
2025-04-30 01:40:00+09:00,0.0607,0.0609,0.0607,0.0609,15081.0
2025-04-30 01:45:00+09:00,0.0607,0.0608,0.0606,0.0606,500.0
2025-04-30 01:50:00+09:00,0.0608,0.0608,0.0608,0.0608,1643.0
2025-04-30 01:55:00+09:00,0.0607,0.0607,0.0603,0.0605,126368.0
2025-04-30 02:00:00+09:00,0.0604,0.0604,0.0603,0.0604,17269.0
2025-04-30 02:05:00+09:00,0.0604,0.0605,0.0604,0.0605,14165.0
2025-04-30 02:10:00+09:00,0.0604,0.0606,0.0604,0.0605,31459.0
2025-04-30 02:15:00+09:00,0.0605,0.0608,0.0605,0.0607,27639.0
2025-04-30 02:20:00+09:00,0.0607,0.0608,0.0607,0.0607,33727.0
2025-04-30 02:25:00+09:00,0.0607,0.0608,0.0606,0.0606,14547.0
2025-04-30 02:30:00+09:00,0.0606,0.0607,0.0606,0.0607,5874.0
2025-04-30 02:35:00+09:00,0.0607,0.0609,0.0606,0.0606,24725.0
2025-04-30 02:40:00+09:00,0.0607,0.0608,0.0607,0.0607,13651.0
2025-04-30 02:45:00+09:00,0.0606,0.0608,0.0606,0.0608,14826.0
2025-04-30 02:50:00+09:00,0.0608,0.0609,0.0607,0.0608,24638.0
2025-04-30 02:55:00+09:00,0.0607,0.0609,0.0606,0.0606,29978.0
2025-04-30 03:00:00+09:00,0.0607,0.0608,0.0607,0.0608,51659.0
2025-04-30 03:05:00+09:00,0.0608,0.0609,0.0606,0.0606,54440.0
2025-04-30 03:10:00+09:00,0.0606,0.0607,0.0606,0.0607,19262.0
2025-04-30 03:15:00+09:00,0.0607,0.0608,0.0607,0.0608,15156.0
2025-04-30 03:20:00+09:00,0.0607,0.0608,0.0606,0.0608,7427.0
2025-04-30 03:25:00+09:00,0.0608,0.0609,0.0608,0.0609,10039.0
2025-04-30 03:30:00+09:00,0.0607,0.0608,0.0607,0.0607,12276.0
2025-04-30 03:35:00+09:00,0.0607,0.0608,0.0607,0.0607,6896.0
2025-04-30 03:40:00+09:00,0.0606,0.0607,0.0606,0.0607,371.0
2025-04-30 03:45:00+09:00,0.0607,0.0609,0.0607,0.0608,10862.0
2025-04-30 03:50:00+09:00,0.0608,0.0608,0.0607,0.0608,29506.0
2025-04-30 03:55:00+09:00,0.0609,0.0609,0.0606,0.0607,35360.0
2025-04-30 04:00:00+09:00,0.0607,0.0607,0.0607,0.0607,0.0
2025-04-30 04:05:00+09:00,0.0608,0.0609,0.0608,0.0609,49050.0
2025-04-30 04:10:00+09:00,0.0608,0.0608,0.0608,0.0608,4845.0
2025-04-30 04:15:00+09:00,0.0608,0.0608,0.0607,0.0607,19424.0
2025-04-30 04:20:00+09:00,0.0607,0.0609,0.0607,0.0609,20841.0
2025-04-30 04:25:00+09:00,0.0609,0.0609,0.0608,0.0608,27483.0
2025-04-30 04:30:00+09:00,0.0607,0.0608,0.0607,0.0608,1516.0
2025-04-30 04:35:00+09:00,0.0607,0.0608,0.0607,0.0608,5119.0
2025-04-30 04:40:00+09:00,0.0608,0.0608,0.0607,0.0607,14610.0
2025-04-30 04:45:00+09:00,0.0607,0.0609,0.0607,0.0609,24416.0
2025-04-30 04:50:00+09:00,0.0608,0.0609,0.0607,0.0607,37686.0
2025-04-30 04:55:00+09:00,0.0607,0.0607,0.0605,0.0605,23909.0
2025-04-30 05:00:00+09:00,0.0606,0.0607,0.0606,0.0606,12520.0
2025-04-30 05:05:00+09:00,0.0606,0.0606,0.0604,0.0604,22073.0
2025-04-30 05:10:00+09:00,0.0604,0.0605,0.0604,0.0605,34929.0
2025-04-30 05:15:00+09:00,0.0604,0.0605,0.0604,0.0604,9490.0
2025-04-30 05:20:00+09:00,0.0605,0.0606,0.0604,0.0604,55818.0
2025-04-30 05:25:00+09:00,0.0605,0.0605,0.0605,0.0605,17425.0
2025-04-30 05:30:00+09:00,0.0604,0.0604,0.0603,0.0603,8096.0
2025-04-30 05:35:00+09:00,0.0604,0.0606,0.0604,0.0604,4934.0
2025-04-30 05:40:00+09:00,0.0604,0.0605,0.0604,0.0605,4941.0
2025-04-30 05:45:00+09:00,0.0605,0.0605,0.0605,0.0605,5471.0
2025-04-30 05:50:00+09:00,0.0606,0.0607,0.0605,0.0606,14631.0
2025-04-30 05:55:00+09:00,0.0607,0.0607,0.0604,0.0606,19157.0
2025-04-30 06:00:00+09:00,0.0605,0.0605,0.0604,0.0604,2653.0
2025-04-30 06:05:00+09:00,0.0604,0.0606,0.0604,0.0604,7727.0
2025-04-30 06:10:00+09:00,0.0602,0.0603,0.0598,0.0599,36806.0
2025-04-30 06:15:00+09:00,0.0601,0.0602,0.0601,0.0601,73016.0
2025-04-30 06:20:00+09:00,0.0599,0.06,0.0598,0.0599,19062.0
2025-04-30 06:25:00+09:00,0.06,0.0601,0.0598,0.0601,52110.0
2025-04-30 06:30:00+09:00,0.0599,0.0601,0.0598,0.06,10951.0
2025-04-30 06:35:00+09:00,0.0601,0.0602,0.0599,0.0601,32344.0
2025-04-30 06:40:00+09:00,0.06,0.06,0.0598,0.0599,31280.0
2025-04-30 06:45:00+09:00,0.0598,0.0599,0.0594,0.0595,118385.0
2025-04-30 06:50:00+09:00,0.0594,0.0595,0.0593,0.0595,65543.0
2025-04-30 06:55:00+09:00,0.0595,0.0597,0.0595,0.0597,13859.0
2025-04-30 07:00:00+09:00,0.0595,0.0596,0.0595,0.0596,10464.0
2025-04-30 07:05:00+09:00,0.0594,0.0595,0.0591,0.0593,124497.0
2025-04-30 07:10:00+09:00,0.0594,0.0594,0.0591,0.0593,9454.0
2025-04-30 07:15:00+09:00,0.0594,0.0594,0.0593,0.0594,598.0
2025-04-30 07:20:00+09:00,0.0591,0.0593,0.0589,0.0591,11830.0
2025-04-30 07:25:00+09:00,0.0592,0.0592,0.0589,0.059,7811.0
2025-04-30 07:30:00+09:00,0.0591,0.0593,0.0589,0.0593,12196.0
2025-04-30 07:35:00+09:00,0.0593,0.0594,0.0591,0.0593,70168.0
2025-04-30 07:40:00+09:00,0.0592,0.0593,0.0591,0.0592,562.0
2025-04-30 07:45:00+09:00,0.0589,0.0591,0.0589,0.0591,5379.0
2025-04-30 07:50:00+09:00,0.0591,0.0592,0.0591,0.0592,3450.0
2025-04-30 07:55:00+09:00,0.0592,0.0592,0.0588,0.059,19044.0
2025-04-30 08:00:00+09:00,0.0589,0.0591,0.0588,0.0591,16178.0
2025-04-30 08:05:00+09:00,0.0589,0.059,0.0588,0.0589,9014.0
2025-04-30 08:10:00+09:00,0.0587,0.0589,0.0587,0.0589,8085.0
2025-04-30 08:15:00+09:00,0.0587,0.059,0.0587,0.059,10226.0
2025-04-30 08:20:00+09:00,0.0586,0.0589,0.0586,0.0589,4816.0
2025-04-30 08:25:00+09:00,0.0588,0.0589,0.0588,0.0589,9388.0
2025-04-30 08:30:00+09:00,0.059,0.059,0.0588,0.059,41312.0
2025-04-30 08:35:00+09:00,0.0591,0.0592,0.0591,0.0592,6005.0
2025-04-30 08:40:00+09:00,0.0592,0.0594,0.0592,0.0594,783.0
2025-04-30 08:45:00+09:00,0.0593,0.0594,0.0592,0.0594,21897.0
2025-04-30 08:50:00+09:00,0.0594,0.0595,0.0594,0.0595,11198.0
2025-04-30 08:55:00+09:00,0.0595,0.0596,0.0594,0.0596,3832.0
2025-04-30 09:00:00+09:00,0.0594,0.0595,0.0592,0.0595,17344.0
2025-04-30 09:05:00+09:00,0.0595,0.0598,0.0595,0.0598,36435.0
2025-04-30 09:10:00+09:00,0.0598,0.0598,0.0596,0.0596,12077.0
2025-04-30 09:15:00+09:00,0.0598,0.0598,0.0597,0.0597,3523.0
2025-04-30 09:20:00+09:00,0.0598,0.0599,0.0597,0.0597,19673.0
2025-04-30 09:25:00+09:00,0.0597,0.0597,0.0597,0.0597,6625.0
2025-04-30 09:30:00+09:00,0.0598,0.0601,0.0598,0.06,88033.0
2025-04-30 09:35:00+09:00,0.0602,0.0602,0.06,0.06,35627.0
2025-04-30 09:40:00+09:00,0.0599,0.0602,0.0599,0.06,3745.0
2025-04-30 09:45:00+09:00,0.06,0.0601,0.0599,0.06,4821.0
2025-04-30 09:50:00+09:00,0.06,0.06,0.0598,0.0598,69470.0
2025-04-30 09:55:00+09:00,0.0598,0.0598,0.0598,0.0598,9663.0
2025-04-30 10:00:00+09:00,0.0599,0.0599,0.0599,0.0599,2612.0
2025-04-30 10:05:00+09:00,0.0598,0.0598,0.0597,0.0597,812.0
2025-04-30 10:10:00+09:00,0.0597,0.0598,0.0595,0.0598,66712.0
2025-04-30 10:15:00+09:00,0.0595,0.0595,0.0595,0.0595,172.0
2025-04-30 10:20:00+09:00,0.0599,0.0599,0.0599,0.0599,9003.0
2025-04-30 10:25:00+09:00,0.0597,0.0597,0.0597,0.0597,1374.0
2025-04-30 10:30:00+09:00,0.0597,0.0597,0.0597,0.0597,1245.0
2025-04-30 10:35:00+09:00,0.0598,0.0598,0.0598,0.0598,269.0
2025-04-30 10:40:00+09:00,0.0596,0.0596,0.0596,0.0596,186.0
2025-04-30 10:45:00+09:00,0.0595,0.0595,0.0593,0.0593,4986.0
2025-04-30 10:50:00+09:00,0.0594,0.0596,0.0593,0.0596,4137.0
2025-04-30 10:55:00+09:00,0.0597,0.0597,0.0596,0.0596,4995.0
2025-04-30 11:00:00+09:00,0.0596,0.0596,0.0596,0.0596,0.0
2025-04-30 11:05:00+09:00,0.0597,0.0597,0.0597,0.0597,169.0
2025-04-30 11:10:00+09:00,0.0595,0.0596,0.0594,0.0595,24363.0
2025-04-30 11:15:00+09:00,0.0596,0.0597,0.0596,0.0597,52155.0
2025-04-30 11:20:00+09:00,0.0597,0.0598,0.0597,0.0598,35208.0
2025-04-30 11:25:00+09:00,0.0599,0.0599,0.0598,0.0598,12303.0
2025-04-30 11:30:00+09:00,0.0597,0.0598,0.0596,0.0596,49396.0
2025-04-30 11:35:00+09:00,0.0596,0.0598,0.0596,0.0597,81897.0
2025-04-30 11:40:00+09:00,0.0598,0.0599,0.0598,0.0599,22941.0
2025-04-30 11:45:00+09:00,0.0598,0.0598,0.0598,0.0598,30992.0
2025-04-30 11:50:00+09:00,0.0598,0.06,0.0598,0.0598,20226.0
2025-04-30 11:55:00+09:00,0.0598,0.0599,0.0597,0.0598,19402.0
2025-04-30 12:00:00+09:00,0.0598,0.0599,0.0598,0.0598,24950.0
2025-04-30 12:05:00+09:00,0.0597,0.0597,0.0594,0.0595,3953.0
2025-04-30 12:10:00+09:00,0.0596,0.0596,0.0595,0.0595,15382.0
2025-04-30 12:15:00+09:00,0.0595,0.0595,0.0594,0.0594,35823.0
2025-04-30 12:20:00+09:00,0.0595,0.0597,0.0595,0.0596,11999.0
2025-04-30 12:25:00+09:00,0.0597,0.0597,0.0596,0.0596,29067.0
2025-04-30 12:30:00+09:00,0.0597,0.0599,0.0597,0.0598,22741.0
2025-04-30 12:35:00+09:00,0.0599,0.06,0.0599,0.06,5399.0
2025-04-30 12:40:00+09:00,0.06,0.06,0.0599,0.0599,14418.0
2025-04-30 12:45:00+09:00,0.0599,0.0601,0.0599,0.0601,9452.0
2025-04-30 12:50:00+09:00,0.0602,0.0602,0.0602,0.0602,664.0
2025-04-30 12:55:00+09:00,0.0602,0.0602,0.06,0.06,6170.0
2025-04-30 13:00:00+09:00,0.0601,0.0601,0.06,0.0601,14846.0
2025-04-30 13:05:00+09:00,0.0598,0.06,0.0598,0.06,274.0
2025-04-30 13:10:00+09:00,0.0599,0.06,0.0598,0.06,1245.0
2025-04-30 13:15:00+09:00,0.06,0.06,0.06,0.06,0.0
2025-04-30 13:20:00+09:00,0.06,0.0602,0.06,0.0602,10698.0
2025-04-30 13:25:00+09:00,0.0601,0.0602,0.0601,0.0601,5708.0
2025-04-30 13:30:00+09:00,0.0603,0.0605,0.0602,0.0604,66048.0
2025-04-30 13:35:00+09:00,0.0604,0.0604,0.0603,0.0603,390.0
2025-04-30 13:40:00+09:00,0.0605,0.0605,0.0604,0.0604,3999.0
2025-04-30 13:45:00+09:00,0.0605,0.0606,0.0605,0.0605,3853.0
2025-04-30 13:50:00+09:00,0.0605,0.0605,0.0605,0.0605,1307.0
2025-04-30 13:55:00+09:00,0.0606,0.0607,0.0606,0.0607,19834.0
2025-04-30 14:00:00+09:00,0.0607,0.0609,0.0607,0.0608,11357.0
2025-04-30 14:05:00+09:00,0.0608,0.0609,0.0607,0.0607,20212.0
2025-04-30 14:10:00+09:00,0.0605,0.0606,0.0605,0.0606,3915.0
2025-04-30 14:15:00+09:00,0.0605,0.0606,0.0604,0.0604,15331.0
2025-04-30 14:20:00+09:00,0.0604,0.0605,0.0603,0.0605,26779.0
2025-04-30 14:25:00+09:00,0.0604,0.0605,0.0604,0.0605,2037.0
2025-04-30 14:30:00+09:00,0.0603,0.0606,0.0603,0.0606,4616.0
2025-04-30 14:35:00+09:00,0.0604,0.0606,0.0604,0.0606,4448.0
2025-04-30 14:40:00+09:00,0.0606,0.0608,0.0606,0.0608,20620.0
2025-04-30 14:45:00+09:00,0.0607,0.0607,0.0603,0.0605,5220.0
2025-04-30 14:50:00+09:00,0.0604,0.0607,0.0604,0.0607,12743.0
2025-04-30 14:55:00+09:00,0.0607,0.0607,0.0606,0.0607,424.0
2025-04-30 15:00:00+09:00,0.0608,0.0608,0.0606,0.0607,17513.0
2025-04-30 15:05:00+09:00,0.0608,0.0608,0.0606,0.0608,126158.0
2025-04-30 15:10:00+09:00,0.0608,0.0609,0.0608,0.0609,3562.0
2025-04-30 15:15:00+09:00,0.0609,0.061,0.0609,0.061,16948.0
2025-04-30 15:20:00+09:00,0.061,0.0612,0.0609,0.0612,19136.0
2025-04-30 15:25:00+09:00,0.0612,0.0612,0.0609,0.0612,60335.0
2025-04-30 15:30:00+09:00,0.0612,0.0614,0.0611,0.0614,26358.0
2025-04-30 15:35:00+09:00,0.0614,0.0614,0.0611,0.0612,48431.0
2025-04-30 15:40:00+09:00,0.0612,0.0612,0.0611,0.0611,2160.0
2025-04-30 15:45:00+09:00,0.0612,0.0613,0.061,0.0613,3860.0
2025-04-30 15:50:00+09:00,0.0613,0.0614,0.0613,0.0614,260.0
2025-04-30 15:55:00+09:00,0.0613,0.0613,0.061,0.061,9545.0
2025-04-30 16:00:00+09:00,0.0612,0.0613,0.0611,0.0612,9396.0
2025-04-30 16:05:00+09:00,0.0612,0.0612,0.061,0.0611,3354.0
2025-04-30 16:10:00+09:00,0.061,0.0612,0.061,0.0612,18928.0
2025-04-30 16:15:00+09:00,0.0612,0.0613,0.061,0.0612,14959.0
2025-04-30 16:20:00+09:00,0.061,0.0612,0.0609,0.0611,12895.0
2025-04-30 16:25:00+09:00,0.0612,0.0613,0.061,0.0613,109182.0
2025-04-30 16:30:00+09:00,0.0611,0.0613,0.061,0.0612,16420.0
2025-04-30 16:35:00+09:00,0.061,0.0612,0.061,0.0612,40993.0
2025-04-30 16:40:00+09:00,0.0612,0.0612,0.0608,0.061,93199.0
2025-04-30 16:45:00+09:00,0.061,0.061,0.0608,0.0609,4999.0
2025-04-30 16:50:00+09:00,0.0608,0.0609,0.0607,0.0609,6376.0
2025-04-30 16:55:00+09:00,0.0609,0.061,0.0609,0.061,11016.0
2025-04-30 17:00:00+09:00,0.061,0.0612,0.061,0.0612,5475.0
2025-04-30 17:05:00+09:00,0.061,0.061,0.0608,0.0608,9543.0
2025-04-30 17:10:00+09:00,0.061,0.0611,0.061,0.0611,4465.0
2025-04-30 17:15:00+09:00,0.0611,0.0612,0.061,0.061,20564.0
2025-04-30 17:20:00+09:00,0.0609,0.0611,0.0609,0.0611,4801.0
2025-04-30 17:25:00+09:00,0.0609,0.0609,0.0609,0.0609,17010.0
2025-04-30 17:30:00+09:00,0.061,0.061,0.061,0.061,6684.0
2025-04-30 17:35:00+09:00,0.0609,0.0609,0.0609,0.0609,10795.0
2025-04-30 17:40:00+09:00,0.061,0.0611,0.0609,0.061,13095.0
2025-04-30 17:45:00+09:00,0.061,0.061,0.061,0.061,6527.0
2025-04-30 17:50:00+09:00,0.0611,0.0613,0.061,0.061,77216.0
2025-04-30 17:55:00+09:00,0.0611,0.0612,0.061,0.061,18610.0
2025-04-30 18:00:00+09:00,0.0613,0.0613,0.0612,0.0612,561.0
2025-04-30 18:05:00+09:00,0.0613,0.0615,0.0613,0.0615,16711.0
2025-04-30 18:10:00+09:00,0.0615,0.0616,0.0614,0.0615,8859.0
2025-04-30 18:15:00+09:00,0.0616,0.0618,0.0615,0.0617,38742.0
2025-04-30 18:20:00+09:00,0.0617,0.0618,0.0615,0.0618,276159.0
2025-04-30 18:25:00+09:00,0.0619,0.062,0.0619,0.062,23747.0
2025-04-30 18:30:00+09:00,0.0619,0.0619,0.0619,0.0619,17856.0
2025-04-30 18:35:00+09:00,0.0618,0.0619,0.0617,0.0619,20931.0
2025-04-30 18:40:00+09:00,0.0619,0.0622,0.0619,0.0621,14723.0
2025-04-30 18:45:00+09:00,0.0621,0.0621,0.062,0.062,464.0
2025-04-30 18:50:00+09:00,0.0619,0.0621,0.0619,0.0621,7170.0
2025-04-30 18:55:00+09:00,0.0621,0.0621,0.062,0.062,33686.0
2025-04-30 19:00:00+09:00,0.062,0.062,0.062,0.062,3657.0
2025-04-30 19:05:00+09:00,0.0619,0.0622,0.0619,0.0619,81828.0
2025-04-30 19:10:00+09:00,0.0622,0.0622,0.062,0.0621,13290.0
2025-04-30 19:15:00+09:00,0.062,0.062,0.0617,0.0617,22605.0
2025-04-30 19:20:00+09:00,0.0618,0.062,0.0618,0.0618,39480.0
2025-04-30 19:25:00+09:00,0.0619,0.0619,0.0619,0.0619,902.0
2025-04-30 19:30:00+09:00,0.0619,0.0619,0.0617,0.0617,7423.0
2025-04-30 19:35:00+09:00,0.0619,0.0622,0.0619,0.0622,91649.0
2025-04-30 19:40:00+09:00,0.0623,0.0625,0.0623,0.0625,56659.0
2025-04-30 19:45:00+09:00,0.0625,0.0627,0.0624,0.0627,21120.0
2025-04-30 19:50:00+09:00,0.0626,0.0626,0.0626,0.0626,7814.0
2025-04-30 19:55:00+09:00,0.0626,0.0627,0.0624,0.0626,45138.0
2025-04-30 20:00:00+09:00,0.0625,0.0628,0.0625,0.0627,34945.0
2025-04-30 20:05:00+09:00,0.0627,0.0627,0.0624,0.0626,479.0
2025-04-30 20:10:00+09:00,0.0624,0.0625,0.0624,0.0624,11600.0
2025-04-30 20:15:00+09:00,0.0624,0.0625,0.0623,0.0625,17419.0
2025-04-30 20:20:00+09:00,0.0624,0.0625,0.0623,0.0624,13667.0
2025-04-30 20:25:00+09:00,0.0624,0.0624,0.0624,0.0624,655.0
2025-04-30 20:30:00+09:00,0.0622,0.0624,0.0622,0.0624,36976.0
2025-04-30 20:35:00+09:00,0.0622,0.0625,0.0622,0.0625,73661.0
2025-04-30 20:40:00+09:00,0.0625,0.0625,0.0624,0.0625,8825.0
2025-04-30 20:45:00+09:00,0.0625,0.0626,0.0622,0.0622,3054.0
2025-04-30 20:50:00+09:00,0.0622,0.0623,0.0622,0.0623,5500.0
2025-04-30 20:55:00+09:00,0.0622,0.0623,0.0622,0.0623,1684.0
2025-04-30 21:00:00+09:00,0.0622,0.0624,0.0622,0.0624,11004.0
2025-04-30 21:05:00+09:00,0.0623,0.0623,0.0623,0.0623,326.0
2025-04-30 21:10:00+09:00,0.0623,0.0623,0.0621,0.0623,15302.0
2025-04-30 21:15:00+09:00,0.0622,0.0622,0.0619,0.0619,27660.0
2025-04-30 21:20:00+09:00,0.0621,0.0621,0.0619,0.0619,23889.0
2025-04-30 21:25:00+09:00,0.062,0.062,0.0618,0.062,30546.0
2025-04-30 21:30:00+09:00,0.0619,0.0619,0.0614,0.0615,37809.0
2025-04-30 21:35:00+09:00,0.0613,0.0615,0.0612,0.0613,34857.0
2025-04-30 21:40:00+09:00,0.0612,0.0613,0.0611,0.0612,44207.0
2025-04-30 21:45:00+09:00,0.0614,0.0614,0.0608,0.0608,135102.0
2025-04-30 21:50:00+09:00,0.061,0.0614,0.061,0.0613,69131.0
2025-04-30 21:55:00+09:00,0.0613,0.0613,0.0612,0.0612,50172.0
2025-04-30 22:00:00+09:00,0.0612,0.0614,0.0611,0.0612,52097.0
2025-04-30 22:05:00+09:00,0.0611,0.0611,0.0604,0.0608,126551.0
2025-04-30 22:10:00+09:00,0.0608,0.0609,0.0603,0.0603,64700.0
2025-04-30 22:15:00+09:00,0.0602,0.0609,0.0601,0.0608,105808.0
2025-04-30 22:20:00+09:00,0.0607,0.061,0.0605,0.0608,28438.0
2025-04-30 22:25:00+09:00,0.0608,0.0609,0.0607,0.0609,38656.0
2025-04-30 22:30:00+09:00,0.0607,0.0609,0.0605,0.0608,37059.0
2025-04-30 22:35:00+09:00,0.061,0.061,0.0603,0.0604,47838.0
2025-04-30 22:40:00+09:00,0.0603,0.0603,0.0597,0.0602,144910.0
2025-04-30 22:45:00+09:00,0.0601,0.0604,0.0599,0.0604,34404.0
2025-04-30 22:50:00+09:00,0.0603,0.0603,0.06,0.0602,63122.0
2025-04-30 22:55:00+09:00,0.0599,0.0599,0.0595,0.0596,62829.0
2025-04-30 23:00:00+09:00,0.0594,0.06,0.0592,0.06,115660.0
2025-04-30 23:05:00+09:00,0.0597,0.06,0.0597,0.0599,4326.0
2025-04-30 23:10:00+09:00,0.0598,0.06,0.0597,0.0598,5912.0
2025-04-30 23:15:00+09:00,0.0599,0.0601,0.0598,0.0601,93524.0
2025-04-30 23:20:00+09:00,0.0602,0.0605,0.0599,0.0604,53774.0
2025-04-30 23:25:00+09:00,0.0606,0.0607,0.0603,0.0607,58825.0
2025-04-30 23:30:00+09:00,0.0606,0.0609,0.0604,0.0608,91259.0
2025-04-30 23:35:00+09:00,0.0607,0.0608,0.0603,0.0605,85203.0
2025-04-30 23:40:00+09:00,0.0605,0.0609,0.0604,0.0609,100064.0
2025-04-30 23:45:00+09:00,0.0608,0.0609,0.0606,0.0607,51314.0
2025-04-30 23:50:00+09:00,0.0607,0.0608,0.0604,0.0606,54267.0
2025-04-30 23:55:00+09:00,0.0607,0.0608,0.0606,0.0607,54518.0
2025-05-01 00:00:00+09:00,0.0607,0.061,0.0607,0.0608,85057.0
2025-05-01 00:05:00+09:00,0.0607,0.0609,0.0606,0.0609,47428.0
2025-05-01 00:10:00+09:00,0.061,0.061,0.0608,0.061,15751.0
2025-05-01 00:15:00+09:00,0.0609,0.0609,0.0608,0.0608,31707.0
2025-05-01 00:20:00+09:00,0.0608,0.0611,0.0608,0.0609,20083.0
2025-05-01 00:25:00+09:00,0.0609,0.061,0.0606,0.061,91080.0
2025-05-01 00:30:00+09:00,0.061,0.0611,0.0608,0.0611,50527.0
2025-05-01 00:35:00+09:00,0.061,0.0611,0.061,0.0611,34721.0
2025-05-01 00:40:00+09:00,0.0609,0.0611,0.0609,0.0611,8919.0
2025-05-01 00:45:00+09:00,0.061,0.0611,0.0608,0.061,11862.0
2025-05-01 00:50:00+09:00,0.061,0.061,0.0607,0.0608,12957.0
2025-05-01 00:55:00+09:00,0.0607,0.0608,0.0606,0.0608,8349.0
2025-05-01 01:00:00+09:00,0.0608,0.0608,0.0604,0.0607,80329.0
2025-05-01 01:05:00+09:00,0.0607,0.0607,0.0607,0.0607,7555.0
2025-05-01 01:10:00+09:00,0.0604,0.0606,0.0604,0.0606,1962.0
2025-05-01 01:15:00+09:00,0.0604,0.0604,0.0603,0.0603,3170.0
2025-05-01 01:20:00+09:00,0.0604,0.0605,0.0603,0.0604,8960.0
2025-05-01 01:25:00+09:00,0.0602,0.0603,0.0601,0.0603,80739.0
2025-05-01 01:30:00+09:00,0.0604,0.0604,0.0603,0.0603,5642.0
2025-05-01 01:35:00+09:00,0.0602,0.0605,0.0602,0.0605,18788.0
2025-05-01 01:40:00+09:00,0.0606,0.0607,0.0605,0.0607,12390.0
2025-05-01 01:45:00+09:00,0.0606,0.0606,0.0605,0.0605,20000.0
2025-05-01 01:50:00+09:00,0.0606,0.0607,0.0604,0.0604,75213.0
2025-05-01 01:55:00+09:00,0.0606,0.0606,0.0605,0.0605,16078.0
2025-05-01 02:00:00+09:00,0.0607,0.0607,0.0606,0.0606,35037.0
2025-05-01 02:05:00+09:00,0.0606,0.0606,0.0604,0.0604,715.0
2025-05-01 02:10:00+09:00,0.0603,0.0604,0.0602,0.0603,6313.0
2025-05-01 02:15:00+09:00,0.0604,0.0606,0.0604,0.0606,2302.0
2025-05-01 02:20:00+09:00,0.0607,0.0607,0.0605,0.0605,12034.0
2025-05-01 02:25:00+09:00,0.0607,0.0608,0.0607,0.0608,19038.0
2025-05-01 02:30:00+09:00,0.0608,0.0608,0.0608,0.0608,1179.0
2025-05-01 02:35:00+09:00,0.061,0.0611,0.0609,0.061,8862.0
2025-05-01 02:40:00+09:00,0.0611,0.0612,0.0611,0.0612,7603.0
2025-05-01 02:45:00+09:00,0.0611,0.0611,0.0609,0.061,4787.0
2025-05-01 02:50:00+09:00,0.061,0.0613,0.061,0.061,4382.0
2025-05-01 02:55:00+09:00,0.061,0.061,0.0609,0.061,6439.0
2025-05-01 03:00:00+09:00,0.0609,0.061,0.0608,0.061,28658.0
2025-05-01 03:05:00+09:00,0.061,0.0615,0.061,0.0613,889992.0
2025-05-01 03:10:00+09:00,0.0614,0.0614,0.0612,0.0614,163380.0
2025-05-01 03:15:00+09:00,0.0614,0.0614,0.061,0.0612,132044.0
2025-05-01 03:20:00+09:00,0.0613,0.0613,0.0609,0.061,33527.0
2025-05-01 03:25:00+09:00,0.0612,0.0613,0.061,0.061,29518.0
2025-05-01 03:30:00+09:00,0.0611,0.0611,0.0611,0.0611,5412.0
2025-05-01 03:35:00+09:00,0.0609,0.0611,0.0609,0.061,10763.0
2025-05-01 03:40:00+09:00,0.0609,0.061,0.0609,0.061,6429.0
2025-05-01 03:45:00+09:00,0.061,0.061,0.0609,0.061,10176.0
2025-05-01 03:50:00+09:00,0.0613,0.0613,0.061,0.061,36061.0
2025-05-01 03:55:00+09:00,0.061,0.061,0.0608,0.061,14435.0
2025-05-01 04:00:00+09:00,0.061,0.061,0.0609,0.061,2821.0
2025-05-01 04:05:00+09:00,0.0611,0.0612,0.0611,0.0612,48429.0
2025-05-01 04:10:00+09:00,0.0611,0.0613,0.061,0.0611,32231.0
2025-05-01 04:15:00+09:00,0.0611,0.0612,0.061,0.061,17253.0
2025-05-01 04:20:00+09:00,0.061,0.0612,0.061,0.061,21322.0
2025-05-01 04:25:00+09:00,0.061,0.061,0.0608,0.0609,17623.0
2025-05-01 04:30:00+09:00,0.0608,0.0609,0.0606,0.0606,18228.0
2025-05-01 04:35:00+09:00,0.0607,0.0609,0.0607,0.0607,27296.0
2025-05-01 04:40:00+09:00,0.0608,0.061,0.0607,0.061,1048.0
2025-05-01 04:45:00+09:00,0.0609,0.0612,0.0609,0.0612,63494.0
2025-05-01 04:50:00+09:00,0.0611,0.0614,0.0611,0.0614,28064.0
2025-05-01 04:55:00+09:00,0.0612,0.0615,0.0612,0.0614,8895.0
2025-05-01 05:00:00+09:00,0.0612,0.0616,0.0612,0.0615,58244.0
2025-05-01 05:05:00+09:00,0.0615,0.0617,0.0615,0.0617,45714.0
2025-05-01 05:10:00+09:00,0.0617,0.0619,0.0614,0.0619,154240.0
2025-05-01 05:15:00+09:00,0.0618,0.062,0.0617,0.0619,77006.0
2025-05-01 05:20:00+09:00,0.0619,0.062,0.0618,0.0619,53684.0
2025-05-01 05:25:00+09:00,0.0618,0.0618,0.0617,0.0618,19510.0
2025-05-01 05:30:00+09:00,0.0618,0.0618,0.0617,0.0617,10103.0
2025-05-01 05:35:00+09:00,0.0616,0.0617,0.0615,0.0615,7280.0
2025-05-01 05:40:00+09:00,0.0617,0.0617,0.0615,0.0615,12384.0
2025-05-01 05:45:00+09:00,0.0615,0.0616,0.0615,0.0616,2903.0
2025-05-01 05:50:00+09:00,0.0616,0.0616,0.0615,0.0616,3015.0
2025-05-01 05:55:00+09:00,0.0614,0.0615,0.0613,0.0615,19309.0
2025-05-01 06:00:00+09:00,0.0616,0.0616,0.0615,0.0615,208.0
2025-05-01 06:05:00+09:00,0.0617,0.0617,0.0615,0.0616,9668.0
2025-05-01 06:10:00+09:00,0.0615,0.0615,0.0613,0.0614,66404.0
2025-05-01 06:15:00+09:00,0.0613,0.0615,0.0613,0.0615,43200.0
2025-05-01 06:20:00+09:00,0.0616,0.0617,0.0615,0.0617,17250.0
2025-05-01 06:25:00+09:00,0.0617,0.0618,0.0615,0.0618,26930.0
2025-05-01 06:30:00+09:00,0.0618,0.0618,0.0616,0.0616,43082.0
2025-05-01 06:35:00+09:00,0.0616,0.0617,0.0616,0.0617,20999.0
2025-05-01 06:40:00+09:00,0.0615,0.0616,0.0615,0.0616,4914.0
2025-05-01 06:45:00+09:00,0.0615,0.0616,0.0615,0.0616,538.0
2025-05-01 06:50:00+09:00,0.0616,0.0617,0.0616,0.0617,6449.0
2025-05-01 06:55:00+09:00,0.0615,0.0616,0.0613,0.0614,5539.0
2025-05-01 07:00:00+09:00,0.0614,0.0617,0.0614,0.0616,52749.0
2025-05-01 07:05:00+09:00,0.0616,0.0617,0.0616,0.0617,681.0
2025-05-01 07:10:00+09:00,0.0617,0.0617,0.0615,0.0616,6282.0
2025-05-01 07:15:00+09:00,0.0616,0.0618,0.0616,0.0618,66628.0
2025-05-01 07:20:00+09:00,0.0618,0.0618,0.0617,0.0617,35725.0
2025-05-01 07:25:00+09:00,0.0616,0.0618,0.0616,0.0617,16990.0
2025-05-01 07:30:00+09:00,0.0616,0.0617,0.0613,0.0615,12287.0
2025-05-01 07:35:00+09:00,0.0613,0.0613,0.0609,0.0613,147434.0
2025-05-01 07:40:00+09:00,0.0612,0.0614,0.0611,0.0613,4532.0
2025-05-01 07:45:00+09:00,0.0611,0.0613,0.061,0.0611,802.0
2025-05-01 07:50:00+09:00,0.0611,0.0612,0.061,0.0612,16265.0
2025-05-01 07:55:00+09:00,0.0613,0.0613,0.0612,0.0613,1802.0
2025-05-01 08:00:00+09:00,0.0614,0.0614,0.0612,0.0612,33603.0
2025-05-01 08:05:00+09:00,0.061,0.0613,0.061,0.0613,432.0
2025-05-01 08:10:00+09:00,0.0613,0.0614,0.0613,0.0614,451.0
2025-05-01 08:15:00+09:00,0.0614,0.0615,0.0614,0.0615,182.0
2025-05-01 08:20:00+09:00,0.0612,0.0615,0.0612,0.0615,274.0
2025-05-01 08:25:00+09:00,0.0614,0.0615,0.0614,0.0615,1069.0
2025-05-01 08:30:00+09:00,0.0614,0.0615,0.0614,0.0615,251.0
2025-05-01 08:35:00+09:00,0.0614,0.0616,0.0614,0.0616,41542.0
2025-05-01 08:40:00+09:00,0.0616,0.0616,0.0614,0.0616,7451.0
2025-05-01 08:45:00+09:00,0.0615,0.0616,0.0615,0.0616,2424.0
2025-05-01 08:50:00+09:00,0.0615,0.0616,0.0614,0.0616,16118.0
2025-05-01 08:55:00+09:00,0.0615,0.0616,0.0614,0.0616,4766.0
2025-05-01 09:00:00+09:00,0.0614,0.0617,0.0613,0.0617,31832.0
2025-05-01 09:05:00+09:00,0.0617,0.0617,0.0617,0.0617,234.0
2025-05-01 09:10:00+09:00,0.0618,0.0618,0.0618,0.0618,780.0
2025-05-01 09:15:00+09:00,0.0618,0.0618,0.0618,0.0618,0.0
2025-05-01 09:20:00+09:00,0.0616,0.0616,0.0616,0.0616,885.0
2025-05-01 09:25:00+09:00,0.0616,0.0617,0.0616,0.0617,13684.0
2025-05-01 09:30:00+09:00,0.0615,0.0615,0.0615,0.0615,101.0
2025-05-01 09:35:00+09:00,0.0617,0.0618,0.0617,0.0618,12527.0
2025-05-01 09:40:00+09:00,0.0616,0.0617,0.0615,0.0615,20196.0
2025-05-01 09:45:00+09:00,0.0616,0.0619,0.0616,0.0619,19422.0
2025-05-01 09:50:00+09:00,0.0618,0.0619,0.0618,0.0618,2692.0
2025-05-01 09:55:00+09:00,0.0618,0.0619,0.0618,0.0619,4710.0
2025-05-01 10:00:00+09:00,0.062,0.0622,0.062,0.0621,52491.0
2025-05-01 10:05:00+09:00,0.0622,0.0622,0.0622,0.0622,7628.0
2025-05-01 10:10:00+09:00,0.0622,0.0622,0.0621,0.0622,9782.0
2025-05-01 10:15:00+09:00,0.0621,0.0622,0.0621,0.0622,11274.0
2025-05-01 10:20:00+09:00,0.0623,0.0623,0.0622,0.0622,2904.0
2025-05-01 10:25:00+09:00,0.0621,0.0622,0.062,0.0622,3144.0
2025-05-01 10:30:00+09:00,0.0622,0.0622,0.0622,0.0622,0.0
2025-05-01 10:35:00+09:00,0.0622,0.0622,0.0621,0.0621,17013.0
2025-05-01 10:40:00+09:00,0.062,0.062,0.0619,0.0619,12566.0
2025-05-01 10:45:00+09:00,0.0619,0.0619,0.0619,0.0619,678.0
2025-05-01 10:50:00+09:00,0.0619,0.0622,0.0619,0.0622,58886.0
2025-05-01 10:55:00+09:00,0.0622,0.0623,0.0621,0.0621,65786.0
2025-05-01 11:00:00+09:00,0.0621,0.0621,0.0621,0.0621,4746.0
2025-05-01 11:05:00+09:00,0.0621,0.0621,0.0621,0.0621,0.0
2025-05-01 11:10:00+09:00,0.0623,0.0623,0.062,0.062,1505.0
2025-05-01 11:15:00+09:00,0.062,0.062,0.062,0.062,11747.0
2025-05-01 11:20:00+09:00,0.062,0.062,0.062,0.062,0.0
2025-05-01 11:25:00+09:00,0.062,0.062,0.0619,0.0619,864.0
2025-05-01 11:30:00+09:00,0.0619,0.0619,0.0619,0.0619,0.0
2025-05-01 11:35:00+09:00,0.0619,0.0621,0.0619,0.062,12322.0
2025-05-01 11:40:00+09:00,0.0619,0.062,0.0619,0.062,17136.0
2025-05-01 11:45:00+09:00,0.0619,0.0619,0.0618,0.0618,371.0
2025-05-01 11:50:00+09:00,0.062,0.062,0.0618,0.0618,180.0
2025-05-01 11:55:00+09:00,0.0618,0.0618,0.0618,0.0618,3305.0
2025-05-01 12:00:00+09:00,0.0616,0.0618,0.0616,0.0618,17596.0
2025-05-01 12:05:00+09:00,0.0618,0.0618,0.0618,0.0618,704.0
2025-05-01 12:10:00+09:00,0.0619,0.0619,0.0618,0.0618,4041.0
2025-05-01 12:15:00+09:00,0.0619,0.0619,0.0616,0.0616,262.0
2025-05-01 12:20:00+09:00,0.0617,0.0617,0.0616,0.0616,3774.0
2025-05-01 12:25:00+09:00,0.0616,0.0616,0.0616,0.0616,0.0
2025-05-01 12:30:00+09:00,0.0617,0.0617,0.0616,0.0616,4218.0
2025-05-01 12:35:00+09:00,0.0616,0.0617,0.0615,0.0617,22561.0
2025-05-01 12:40:00+09:00,0.0616,0.0616,0.0616,0.0616,1655.0
2025-05-01 12:45:00+09:00,0.0615,0.0615,0.0615,0.0615,34.0
2025-05-01 12:50:00+09:00,0.0613,0.0613,0.0613,0.0613,5683.0
2025-05-01 12:55:00+09:00,0.0613,0.0613,0.0613,0.0613,0.0
2025-05-01 13:00:00+09:00,0.0613,0.0613,0.0613,0.0613,2661.0
2025-05-01 13:05:00+09:00,0.0612,0.0612,0.0612,0.0612,2829.0
2025-05-01 13:10:00+09:00,0.0613,0.0613,0.0613,0.0613,577.0
2025-05-01 13:15:00+09:00,0.0613,0.0613,0.0611,0.0611,952.0
2025-05-01 13:20:00+09:00,0.0611,0.0613,0.0611,0.0613,3360.0
2025-05-01 13:25:00+09:00,0.0613,0.0613,0.0613,0.0613,778.0
2025-05-01 13:30:00+09:00,0.0612,0.0612,0.0611,0.0611,6269.0
2025-05-01 13:35:00+09:00,0.0611,0.0611,0.0611,0.0611,0.0
2025-05-01 13:40:00+09:00,0.0613,0.0613,0.0611,0.0611,326.0
2025-05-01 13:45:00+09:00,0.0612,0.0613,0.0611,0.0613,7909.0
2025-05-01 13:50:00+09:00,0.0614,0.0615,0.0614,0.0615,629.0
2025-05-01 13:55:00+09:00,0.0615,0.0615,0.0615,0.0615,0.0
2025-05-01 14:00:00+09:00,0.0615,0.0616,0.0614,0.0614,32822.0
2025-05-01 14:05:00+09:00,0.0615,0.0617,0.0615,0.0616,21708.0
2025-05-01 14:10:00+09:00,0.0616,0.0618,0.0615,0.0616,13731.0
2025-05-01 14:15:00+09:00,0.0617,0.0619,0.0616,0.0619,76578.0
2025-05-01 14:20:00+09:00,0.0618,0.0619,0.0618,0.0618,7254.0
2025-05-01 14:25:00+09:00,0.0618,0.0619,0.0618,0.0619,11058.0
2025-05-01 14:30:00+09:00,0.062,0.0623,0.0619,0.0623,61423.0
2025-05-01 14:35:00+09:00,0.0622,0.0624,0.0622,0.0624,45831.0
2025-05-01 14:40:00+09:00,0.0622,0.0626,0.0622,0.0626,49900.0
2025-05-01 14:45:00+09:00,0.0624,0.0625,0.0623,0.0624,95333.0
2025-05-01 14:50:00+09:00,0.0623,0.0624,0.0623,0.0624,13725.0
2025-05-01 14:55:00+09:00,0.0624,0.0625,0.0623,0.0625,11888.0
2025-05-01 15:00:00+09:00,0.0623,0.0628,0.0623,0.0627,100935.0
2025-05-01 15:05:00+09:00,0.0626,0.0628,0.0625,0.0626,11876.0
2025-05-01 15:10:00+09:00,0.0625,0.0628,0.0625,0.0628,81357.0
2025-05-01 15:15:00+09:00,0.0628,0.063,0.0627,0.0627,188998.0
2025-05-01 15:20:00+09:00,0.0629,0.0632,0.0629,0.0632,71509.0
2025-05-01 15:25:00+09:00,0.0632,0.0633,0.063,0.0633,201059.0
2025-05-01 15:30:00+09:00,0.0633,0.0636,0.0632,0.0636,85880.0
2025-05-01 15:35:00+09:00,0.0634,0.0636,0.0632,0.0635,82895.0
2025-05-01 15:40:00+09:00,0.0633,0.0635,0.0632,0.0633,40660.0
2025-05-01 15:45:00+09:00,0.0631,0.0632,0.0628,0.0632,30029.0
2025-05-01 15:50:00+09:00,0.0632,0.0633,0.0631,0.0632,75498.0
2025-05-01 15:55:00+09:00,0.0634,0.0637,0.0633,0.0635,132574.0
2025-05-01 16:00:00+09:00,0.0637,0.0642,0.0634,0.0642,106100.0
2025-05-01 16:05:00+09:00,0.0642,0.0642,0.0638,0.0641,63584.0
2025-05-01 16:10:00+09:00,0.0639,0.0641,0.0636,0.0638,112493.0
2025-05-01 16:15:00+09:00,0.0638,0.0641,0.0637,0.0639,60683.0
2025-05-01 16:20:00+09:00,0.0637,0.0639,0.0636,0.0637,68304.0
2025-05-01 16:25:00+09:00,0.0635,0.0637,0.0634,0.0635,41438.0
2025-05-01 16:30:00+09:00,0.0634,0.0634,0.0632,0.0633,32190.0
2025-05-01 16:35:00+09:00,0.0633,0.0634,0.0631,0.0634,23755.0
2025-05-01 16:40:00+09:00,0.0632,0.0635,0.0632,0.0635,10025.0
2025-05-01 16:45:00+09:00,0.0634,0.0635,0.0634,0.0635,4888.0
2025-05-01 16:50:00+09:00,0.0634,0.0635,0.0632,0.0635,197789.0
2025-05-01 16:55:00+09:00,0.0633,0.0633,0.0632,0.0633,27696.0
2025-05-01 17:00:00+09:00,0.0632,0.0633,0.063,0.0631,73282.0
2025-05-01 17:05:00+09:00,0.063,0.0631,0.0627,0.0628,95954.0
2025-05-01 17:10:00+09:00,0.0628,0.063,0.0628,0.063,27829.0
2025-05-01 17:15:00+09:00,0.063,0.0631,0.0629,0.0631,30199.0
2025-05-01 17:20:00+09:00,0.0631,0.0631,0.063,0.063,1501.0
2025-05-01 17:25:00+09:00,0.0629,0.063,0.0628,0.063,14995.0
2025-05-01 17:30:00+09:00,0.063,0.063,0.0628,0.063,56710.0
2025-05-01 17:35:00+09:00,0.063,0.0632,0.063,0.0632,33227.0
2025-05-01 17:40:00+09:00,0.0632,0.0634,0.0632,0.0632,20951.0
2025-05-01 17:45:00+09:00,0.0632,0.0637,0.0632,0.0635,67103.0
2025-05-01 17:50:00+09:00,0.0635,0.0637,0.0634,0.0637,33317.0
2025-05-01 17:55:00+09:00,0.0637,0.0643,0.0636,0.0643,351803.0
2025-05-01 18:00:00+09:00,0.0643,0.0643,0.0638,0.0641,150286.0
2025-05-01 18:05:00+09:00,0.0639,0.0639,0.0639,0.0639,4981.0
2025-05-01 18:10:00+09:00,0.0639,0.064,0.0637,0.064,7195.0
2025-05-01 18:15:00+09:00,0.064,0.064,0.0637,0.0638,26911.0
2025-05-01 18:20:00+09:00,0.0639,0.064,0.0638,0.0639,9595.0
2025-05-01 18:25:00+09:00,0.0639,0.064,0.0638,0.064,17195.0
2025-05-01 18:30:00+09:00,0.0639,0.0641,0.0639,0.0639,26252.0
2025-05-01 18:35:00+09:00,0.0639,0.0641,0.0639,0.0641,10449.0
2025-05-01 18:40:00+09:00,0.064,0.0641,0.064,0.064,6239.0
2025-05-01 18:45:00+09:00,0.064,0.064,0.0639,0.0639,8142.0
2025-05-01 18:50:00+09:00,0.064,0.064,0.0638,0.0638,33225.0
2025-05-01 18:55:00+09:00,0.0638,0.0638,0.0638,0.0638,1122.0
2025-05-01 19:00:00+09:00,0.0638,0.0639,0.0636,0.0639,110763.0
2025-05-01 19:05:00+09:00,0.0638,0.0639,0.0638,0.0639,4888.0
2025-05-01 19:10:00+09:00,0.0638,0.0639,0.0637,0.0639,15570.0
2025-05-01 19:15:00+09:00,0.0639,0.0641,0.0638,0.0641,74462.0
2025-05-01 19:20:00+09:00,0.0642,0.0647,0.0641,0.0643,242336.0
2025-05-01 19:25:00+09:00,0.0644,0.0644,0.0643,0.0644,32638.0
2025-05-01 19:30:00+09:00,0.0644,0.0645,0.0641,0.0641,31530.0
2025-05-01 19:35:00+09:00,0.0641,0.0641,0.0641,0.0641,17571.0
2025-05-01 19:40:00+09:00,0.064,0.0642,0.064,0.064,4510.0
2025-05-01 19:45:00+09:00,0.064,0.0641,0.0639,0.0641,5632.0
2025-05-01 19:50:00+09:00,0.0641,0.0642,0.064,0.0641,24788.0
2025-05-01 19:55:00+09:00,0.0642,0.0643,0.0642,0.0643,12974.0
2025-05-01 20:00:00+09:00,0.0643,0.0644,0.0642,0.0643,25631.0
2025-05-01 20:05:00+09:00,0.0641,0.0642,0.064,0.0641,14566.0
2025-05-01 20:10:00+09:00,0.0641,0.0642,0.064,0.0642,13498.0
2025-05-01 20:15:00+09:00,0.0641,0.0643,0.0641,0.0641,14671.0
2025-05-01 20:20:00+09:00,0.0642,0.0643,0.0641,0.0641,2352.0
2025-05-01 20:25:00+09:00,0.0642,0.0643,0.064,0.0641,17044.0
2025-05-01 20:30:00+09:00,0.0642,0.0643,0.064,0.064,6824.0
2025-05-01 20:35:00+09:00,0.064,0.064,0.0638,0.0639,96790.0
2025-05-01 20:40:00+09:00,0.0639,0.064,0.0639,0.064,11901.0
2025-05-01 20:45:00+09:00,0.0639,0.064,0.0638,0.064,25602.0
2025-05-01 20:50:00+09:00,0.064,0.0641,0.064,0.0641,8519.0
2025-05-01 20:55:00+09:00,0.0642,0.0643,0.0642,0.0642,60052.0
2025-05-01 21:00:00+09:00,0.0641,0.0641,0.0641,0.0641,1880.0
2025-05-01 21:05:00+09:00,0.0642,0.0644,0.0642,0.0643,13434.0
2025-05-01 21:10:00+09:00,0.0642,0.0643,0.0642,0.0643,12640.0
2025-05-01 21:15:00+09:00,0.0641,0.0641,0.0639,0.064,38048.0
2025-05-01 21:20:00+09:00,0.0639,0.064,0.0638,0.0638,75848.0
2025-05-01 21:25:00+09:00,0.064,0.064,0.0637,0.0639,155648.0
2025-05-01 21:30:00+09:00,0.0638,0.0639,0.0635,0.0636,105653.0
2025-05-01 21:35:00+09:00,0.0636,0.0637,0.0636,0.0636,19628.0
2025-05-01 21:40:00+09:00,0.0636,0.0638,0.0636,0.0637,25948.0
2025-05-01 21:45:00+09:00,0.0636,0.0637,0.0636,0.0637,26687.0
2025-05-01 21:50:00+09:00,0.0637,0.0639,0.0637,0.0639,85546.0
2025-05-01 21:55:00+09:00,0.0639,0.0639,0.0638,0.0639,21033.0
2025-05-01 22:00:00+09:00,0.0639,0.064,0.0638,0.064,752.0
2025-05-01 22:05:00+09:00,0.064,0.0644,0.064,0.0644,106694.0
2025-05-01 22:10:00+09:00,0.0644,0.0644,0.0643,0.0643,10415.0
2025-05-01 22:15:00+09:00,0.0642,0.0643,0.0641,0.0643,17272.0
2025-05-01 22:20:00+09:00,0.0641,0.0643,0.0641,0.0643,30581.0
2025-05-01 22:25:00+09:00,0.0642,0.0642,0.0641,0.0641,22202.0
2025-05-01 22:30:00+09:00,0.0643,0.0643,0.0638,0.0639,61148.0
2025-05-01 22:35:00+09:00,0.0638,0.0638,0.0634,0.0634,112510.0
2025-05-01 22:40:00+09:00,0.0634,0.0635,0.0633,0.0635,41367.0
2025-05-01 22:45:00+09:00,0.0634,0.0635,0.0632,0.0635,64962.0
2025-05-01 22:50:00+09:00,0.0635,0.0635,0.0633,0.0634,20116.0
2025-05-01 22:55:00+09:00,0.0633,0.0634,0.0632,0.0633,136329.0
2025-05-01 23:00:00+09:00,0.0633,0.0635,0.0633,0.0635,110381.0
2025-05-01 23:05:00+09:00,0.0635,0.0638,0.0635,0.0637,101100.0
2025-05-01 23:10:00+09:00,0.0636,0.0637,0.0635,0.0637,86786.0
2025-05-01 23:15:00+09:00,0.0637,0.064,0.0637,0.0638,31773.0
2025-05-01 23:20:00+09:00,0.0638,0.0639,0.0637,0.0639,32006.0
2025-05-01 23:25:00+09:00,0.0637,0.0639,0.0637,0.0638,23592.0
2025-05-01 23:30:00+09:00,0.0638,0.0639,0.0637,0.0639,226396.0
2025-05-01 23:35:00+09:00,0.0639,0.0642,0.0639,0.0642,122204.0
2025-05-01 23:40:00+09:00,0.064,0.0641,0.064,0.064,19715.0
2025-05-01 23:45:00+09:00,0.0638,0.064,0.0637,0.064,8016.0
2025-05-01 23:50:00+09:00,0.064,0.064,0.0639,0.064,1026.0
2025-05-01 23:55:00+09:00,0.0641,0.0643,0.0639,0.0642,16447.0
2025-05-02 00:00:00+09:00,0.0642,0.0643,0.0641,0.0642,18656.0
2025-05-02 00:05:00+09:00,0.064,0.0642,0.064,0.0642,24955.0
2025-05-02 00:10:00+09:00,0.0642,0.0644,0.0642,0.0644,15147.0
2025-05-02 00:15:00+09:00,0.0644,0.0644,0.064,0.0642,21900.0
2025-05-02 00:20:00+09:00,0.0642,0.0642,0.064,0.0642,11152.0
2025-05-02 00:25:00+09:00,0.064,0.0642,0.064,0.0642,1931.0
2025-05-02 00:30:00+09:00,0.0642,0.0642,0.0638,0.0639,38810.0
2025-05-02 00:35:00+09:00,0.0638,0.0639,0.0638,0.0639,5088.0
2025-05-02 00:40:00+09:00,0.0637,0.0638,0.0636,0.0638,7779.0
2025-05-02 00:45:00+09:00,0.0638,0.0638,0.0636,0.0637,10005.0
2025-05-02 00:50:00+09:00,0.0638,0.0638,0.0635,0.0637,29183.0
2025-05-02 00:55:00+09:00,0.0635,0.0637,0.0635,0.0637,24062.0
2025-05-02 01:00:00+09:00,0.0637,0.0639,0.0637,0.0638,26612.0
2025-05-02 01:05:00+09:00,0.0637,0.0638,0.0635,0.0638,111024.0
2025-05-02 01:10:00+09:00,0.0637,0.0638,0.0636,0.0638,61977.0
2025-05-02 01:15:00+09:00,0.0636,0.0637,0.0636,0.0637,12148.0
2025-05-02 01:20:00+09:00,0.0637,0.0639,0.0637,0.0639,75351.0
2025-05-02 01:25:00+09:00,0.0639,0.064,0.0638,0.0639,5672.0
2025-05-02 01:30:00+09:00,0.0638,0.0638,0.0638,0.0638,2315.0
2025-05-02 01:35:00+09:00,0.0638,0.0639,0.0638,0.0638,35793.0
2025-05-02 01:40:00+09:00,0.064,0.064,0.0638,0.0639,10726.0
2025-05-02 01:45:00+09:00,0.0638,0.0639,0.0637,0.0637,31275.0
2025-05-02 01:50:00+09:00,0.0637,0.0637,0.0636,0.0636,32090.0
2025-05-02 01:55:00+09:00,0.0635,0.0637,0.0635,0.0635,31366.0
2025-05-02 02:00:00+09:00,0.0635,0.0636,0.0635,0.0635,40420.0
2025-05-02 02:05:00+09:00,0.0638,0.0638,0.0638,0.0638,815.0
2025-05-02 02:10:00+09:00,0.0635,0.0635,0.0635,0.0635,864.0
2025-05-02 02:15:00+09:00,0.0637,0.0637,0.0637,0.0637,8183.0
2025-05-02 02:20:00+09:00,0.0637,0.0637,0.0637,0.0637,1016.0
2025-05-02 02:25:00+09:00,0.0638,0.0638,0.0635,0.0635,11505.0
2025-05-02 02:30:00+09:00,0.0636,0.0637,0.0635,0.0637,9129.0
2025-05-02 02:35:00+09:00,0.0636,0.0636,0.0633,0.0634,26900.0
2025-05-02 02:40:00+09:00,0.0632,0.0633,0.0628,0.0628,122431.0
2025-05-02 02:45:00+09:00,0.0631,0.0631,0.0629,0.063,13297.0
2025-05-02 02:50:00+09:00,0.0632,0.0633,0.0631,0.0632,5600.0
2025-05-02 02:55:00+09:00,0.0633,0.0634,0.0633,0.0634,7437.0
2025-05-02 03:00:00+09:00,0.0634,0.0634,0.0632,0.0633,16820.0
2025-05-02 03:05:00+09:00,0.0631,0.0632,0.0631,0.0632,52388.0
2025-05-02 03:10:00+09:00,0.0631,0.0631,0.0629,0.0629,9827.0
2025-05-02 03:15:00+09:00,0.0631,0.0633,0.0631,0.0633,1675.0
2025-05-02 03:20:00+09:00,0.0631,0.0632,0.0629,0.0631,115189.0
2025-05-02 03:25:00+09:00,0.0629,0.0631,0.0629,0.0631,1424.0
2025-05-02 03:30:00+09:00,0.063,0.063,0.063,0.063,135.0
2025-05-02 03:35:00+09:00,0.0629,0.0631,0.0629,0.0631,27889.0
2025-05-02 03:40:00+09:00,0.0631,0.0631,0.0631,0.0631,199.0
2025-05-02 03:45:00+09:00,0.0631,0.0632,0.063,0.0632,4157.0
2025-05-02 03:50:00+09:00,0.0632,0.0632,0.0632,0.0632,367.0
2025-05-02 03:55:00+09:00,0.0632,0.0632,0.0632,0.0632,7954.0
2025-05-02 04:00:00+09:00,0.0632,0.0632,0.0632,0.0632,13523.0
2025-05-02 04:05:00+09:00,0.0633,0.0633,0.0632,0.0632,20643.0
2025-05-02 04:10:00+09:00,0.0632,0.0632,0.063,0.0631,38806.0
2025-05-02 04:15:00+09:00,0.0632,0.0633,0.0632,0.0633,18568.0
2025-05-02 04:20:00+09:00,0.0634,0.0634,0.0633,0.0633,40163.0
2025-05-02 04:25:00+09:00,0.0635,0.0635,0.0635,0.0635,78.0
2025-05-02 04:30:00+09:00,0.0635,0.0635,0.0635,0.0635,122.0
2025-05-02 04:35:00+09:00,0.0634,0.0634,0.0634,0.0634,270.0
2025-05-02 04:40:00+09:00,0.0635,0.0635,0.0634,0.0635,6958.0
2025-05-02 04:45:00+09:00,0.0635,0.0635,0.0634,0.0635,5746.0
2025-05-02 04:50:00+09:00,0.0633,0.0635,0.0632,0.0633,4228.0
2025-05-02 04:55:00+09:00,0.0635,0.0635,0.0633,0.0633,34849.0
2025-05-02 05:00:00+09:00,0.0633,0.0633,0.063,0.0631,50513.0
2025-05-02 05:05:00+09:00,0.0631,0.0633,0.0631,0.0633,34080.0
2025-05-02 05:10:00+09:00,0.0634,0.0635,0.0634,0.0635,18449.0
2025-05-02 05:15:00+09:00,0.0635,0.0636,0.0635,0.0636,3672.0
2025-05-02 05:20:00+09:00,0.0637,0.0637,0.0637,0.0637,1001.0
2025-05-02 05:25:00+09:00,0.0637,0.0638,0.0636,0.0638,10087.0
2025-05-02 05:30:00+09:00,0.0637,0.0637,0.0635,0.0635,60357.0
2025-05-02 05:35:00+09:00,0.0635,0.0636,0.0635,0.0635,9076.0
2025-05-02 05:40:00+09:00,0.0635,0.0635,0.0634,0.0635,55467.0
2025-05-02 05:45:00+09:00,0.0635,0.0635,0.0635,0.0635,0.0
2025-05-02 05:50:00+09:00,0.0633,0.0634,0.0632,0.0632,7911.0
2025-05-02 05:55:00+09:00,0.0634,0.0635,0.0632,0.0635,20061.0
2025-05-02 06:00:00+09:00,0.0635,0.0635,0.0635,0.0635,105.0
2025-05-02 06:05:00+09:00,0.0635,0.0635,0.0635,0.0635,414.0
2025-05-02 06:10:00+09:00,0.0635,0.0636,0.0635,0.0636,3350.0
2025-05-02 06:15:00+09:00,0.0634,0.0636,0.0634,0.0635,10981.0
2025-05-02 06:20:00+09:00,0.0636,0.0637,0.0635,0.0637,18121.0
2025-05-02 06:25:00+09:00,0.0637,0.0637,0.0637,0.0637,1779.0
2025-05-02 06:30:00+09:00,0.0637,0.0637,0.0636,0.0637,409.0
2025-05-02 06:35:00+09:00,0.0637,0.0637,0.0635,0.0637,3137.0
2025-05-02 06:40:00+09:00,0.0637,0.0637,0.0636,0.0637,9711.0
2025-05-02 06:45:00+09:00,0.0637,0.0637,0.0637,0.0637,1589.0
2025-05-02 06:50:00+09:00,0.0637,0.0637,0.0635,0.0637,3796.0
2025-05-02 06:55:00+09:00,0.0636,0.0638,0.0635,0.0638,15532.0
2025-05-02 07:00:00+09:00,0.0638,0.0638,0.0635,0.0637,1238.0
2025-05-02 07:05:00+09:00,0.0635,0.0637,0.0635,0.0636,9241.0
2025-05-02 07:10:00+09:00,0.0635,0.0637,0.0635,0.0637,711.0
2025-05-02 07:15:00+09:00,0.0637,0.0638,0.0636,0.0638,7380.0
2025-05-02 07:20:00+09:00,0.0636,0.0638,0.0635,0.0636,1579.0
2025-05-02 07:25:00+09:00,0.0635,0.0637,0.0633,0.0635,153692.0
2025-05-02 07:30:00+09:00,0.0633,0.0634,0.0632,0.0633,20688.0
2025-05-02 07:35:00+09:00,0.0632,0.0633,0.0632,0.0633,468.0
2025-05-02 07:40:00+09:00,0.0632,0.0633,0.0632,0.0633,8646.0
2025-05-02 07:45:00+09:00,0.0632,0.0634,0.0632,0.0634,6074.0
2025-05-02 07:50:00+09:00,0.0632,0.0634,0.0632,0.0633,16339.0
2025-05-02 07:55:00+09:00,0.0634,0.0634,0.0634,0.0634,81.0
2025-05-02 08:00:00+09:00,0.0633,0.0634,0.0632,0.0632,8127.0
2025-05-02 08:05:00+09:00,0.0633,0.0633,0.0631,0.0633,33495.0
2025-05-02 08:10:00+09:00,0.0633,0.0633,0.0632,0.0633,10390.0
2025-05-02 08:15:00+09:00,0.0632,0.0635,0.0632,0.0635,7275.0
2025-05-02 08:20:00+09:00,0.0635,0.0635,0.0635,0.0635,15669.0
2025-05-02 08:25:00+09:00,0.0635,0.0635,0.0635,0.0635,0.0
2025-05-02 08:30:00+09:00,0.0632,0.0632,0.0631,0.0632,5698.0
2025-05-02 08:35:00+09:00,0.063,0.0631,0.0629,0.0631,15995.0
2025-05-02 08:40:00+09:00,0.0629,0.0631,0.0629,0.0631,25044.0
2025-05-02 08:45:00+09:00,0.063,0.0632,0.063,0.0632,9011.0
2025-05-02 08:50:00+09:00,0.0632,0.0632,0.0632,0.0632,381.0
2025-05-02 08:55:00+09:00,0.0632,0.0633,0.0631,0.0633,15286.0
2025-05-02 09:00:00+09:00,0.0633,0.0633,0.0632,0.0632,18936.0
2025-05-02 09:05:00+09:00,0.0632,0.0632,0.0627,0.0629,107590.0
2025-05-02 09:10:00+09:00,0.0629,0.063,0.0629,0.0629,4812.0
2025-05-02 09:15:00+09:00,0.0629,0.0631,0.0629,0.0631,35115.0
2025-05-02 09:20:00+09:00,0.0631,0.0633,0.0631,0.0633,46604.0
2025-05-02 09:25:00+09:00,0.0634,0.0634,0.0632,0.0634,3635.0
2025-05-02 09:30:00+09:00,0.0635,0.0636,0.0635,0.0636,17515.0
2025-05-02 09:35:00+09:00,0.0635,0.0637,0.0635,0.0636,58087.0
2025-05-02 09:40:00+09:00,0.0637,0.0639,0.0637,0.0638,41880.0
2025-05-02 09:45:00+09:00,0.0639,0.064,0.0638,0.0638,23366.0
2025-05-02 09:50:00+09:00,0.0638,0.0638,0.0636,0.0637,48398.0
2025-05-02 09:55:00+09:00,0.0636,0.0638,0.0636,0.0638,3357.0
2025-05-02 10:00:00+09:00,0.0638,0.0638,0.0636,0.0636,6859.0
2025-05-02 10:05:00+09:00,0.0636,0.0637,0.0636,0.0637,14606.0
2025-05-02 10:10:00+09:00,0.0637,0.0637,0.0637,0.0637,22915.0
2025-05-02 10:15:00+09:00,0.0638,0.0639,0.0638,0.0638,23007.0
2025-05-02 10:20:00+09:00,0.0638,0.0639,0.0637,0.0637,4812.0
2025-05-02 10:25:00+09:00,0.0637,0.0637,0.0635,0.0635,7243.0
2025-05-02 10:30:00+09:00,0.0635,0.0635,0.0634,0.0634,19262.0
2025-05-02 10:35:00+09:00,0.0634,0.0635,0.0634,0.0634,15729.0
2025-05-02 10:40:00+09:00,0.0634,0.0634,0.0632,0.0633,29995.0
2025-05-02 10:45:00+09:00,0.0632,0.0633,0.0631,0.0632,44391.0
2025-05-02 10:50:00+09:00,0.0632,0.0634,0.0632,0.0634,47350.0
2025-05-02 10:55:00+09:00,0.0634,0.0634,0.0634,0.0634,23554.0
2025-05-02 11:00:00+09:00,0.0633,0.0633,0.0633,0.0633,20744.0
2025-05-02 11:05:00+09:00,0.0633,0.0633,0.0633,0.0633,9034.0
2025-05-02 11:10:00+09:00,0.0634,0.0635,0.0633,0.0634,86730.0
2025-05-02 11:15:00+09:00,0.0634,0.0635,0.0634,0.0635,35276.0
2025-05-02 11:20:00+09:00,0.0635,0.0635,0.0635,0.0635,49218.0
2025-05-02 11:25:00+09:00,0.0635,0.0636,0.0635,0.0636,16392.0
2025-05-02 11:30:00+09:00,0.0636,0.0636,0.0635,0.0635,24131.0
2025-05-02 11:35:00+09:00,0.0635,0.0635,0.0635,0.0635,34922.0
2025-05-02 11:40:00+09:00,0.0636,0.0636,0.0635,0.0636,23957.0
2025-05-02 11:45:00+09:00,0.0636,0.0636,0.0636,0.0636,15812.0
2025-05-02 11:50:00+09:00,0.0636,0.0636,0.0635,0.0635,2471.0
2025-05-02 11:55:00+09:00,0.0634,0.0635,0.0633,0.0633,10983.0
2025-05-02 12:00:00+09:00,0.0635,0.0635,0.0635,0.0635,53457.0
2025-05-02 12:05:00+09:00,0.0635,0.0635,0.0634,0.0635,63364.0
2025-05-02 12:10:00+09:00,0.0634,0.0634,0.0634,0.0634,13589.0
2025-05-02 12:15:00+09:00,0.0635,0.0635,0.0633,0.0633,30180.0
2025-05-02 12:20:00+09:00,0.0632,0.0632,0.063,0.0632,25052.0
2025-05-02 12:25:00+09:00,0.0631,0.0631,0.0631,0.0631,14269.0
2025-05-02 12:30:00+09:00,0.063,0.0632,0.063,0.0631,32226.0
2025-05-02 12:35:00+09:00,0.0631,0.0633,0.0631,0.0631,42790.0
2025-05-02 12:40:00+09:00,0.0631,0.0631,0.063,0.063,35526.0
2025-05-02 12:45:00+09:00,0.063,0.0631,0.063,0.063,22601.0
2025-05-02 12:50:00+09:00,0.063,0.0631,0.063,0.0631,21253.0
2025-05-02 12:55:00+09:00,0.0629,0.0629,0.0628,0.0628,72544.0
2025-05-02 13:00:00+09:00,0.0628,0.0628,0.0627,0.0628,44880.0
2025-05-02 13:05:00+09:00,0.0629,0.0629,0.0627,0.0628,16814.0
2025-05-02 13:10:00+09:00,0.0628,0.0629,0.0626,0.0626,19873.0
2025-05-02 13:15:00+09:00,0.0626,0.0626,0.0624,0.0625,31004.0
2025-05-02 13:20:00+09:00,0.0625,0.0629,0.0625,0.0629,47131.0
2025-05-02 13:25:00+09:00,0.0628,0.0628,0.0626,0.0626,11473.0
2025-05-02 13:30:00+09:00,0.0626,0.0627,0.0625,0.0625,10844.0
2025-05-02 13:35:00+09:00,0.0625,0.0625,0.0625,0.0625,14750.0
2025-05-02 13:40:00+09:00,0.0626,0.0626,0.0625,0.0625,6814.0
2025-05-02 13:45:00+09:00,0.0624,0.0624,0.0624,0.0624,10557.0
2025-05-02 13:50:00+09:00,0.0624,0.0625,0.0623,0.0625,112867.0
2025-05-02 13:55:00+09:00,0.0625,0.0625,0.0625,0.0625,5554.0
2025-05-02 14:00:00+09:00,0.0625,0.0625,0.0625,0.0625,3419.0
2025-05-02 14:05:00+09:00,0.0624,0.0627,0.0624,0.0627,15159.0
2025-05-02 14:10:00+09:00,0.0626,0.0626,0.0625,0.0625,22267.0
2025-05-02 14:15:00+09:00,0.0625,0.0625,0.0623,0.0623,32658.0
2025-05-02 14:20:00+09:00,0.0622,0.0624,0.0622,0.0624,37837.0
2025-05-02 14:25:00+09:00,0.0624,0.0625,0.0623,0.0625,35449.0
2025-05-02 14:30:00+09:00,0.0626,0.0626,0.0625,0.0625,11362.0
2025-05-02 14:35:00+09:00,0.0623,0.0625,0.0623,0.0625,647.0
2025-05-02 14:40:00+09:00,0.0624,0.0625,0.0624,0.0624,5201.0
2025-05-02 14:45:00+09:00,0.0624,0.0625,0.0624,0.0625,12553.0
2025-05-02 14:50:00+09:00,0.0624,0.0625,0.0622,0.0623,17274.0
2025-05-02 14:55:00+09:00,0.0623,0.0624,0.0623,0.0624,1844.0
2025-05-02 15:00:00+09:00,0.0624,0.0625,0.0623,0.0623,13342.0
2025-05-02 15:05:00+09:00,0.0622,0.0626,0.0622,0.0626,8033.0
2025-05-02 15:10:00+09:00,0.0625,0.0626,0.0625,0.0626,1916.0
2025-05-02 15:15:00+09:00,0.0625,0.0627,0.0624,0.0624,9380.0
2025-05-02 15:20:00+09:00,0.0623,0.0625,0.0623,0.0625,36880.0
2025-05-02 15:25:00+09:00,0.0625,0.0627,0.0625,0.0627,705.0
2025-05-02 15:30:00+09:00,0.0627,0.0627,0.0626,0.0626,26505.0
2025-05-02 15:35:00+09:00,0.0625,0.0625,0.0624,0.0624,12950.0
2025-05-02 15:40:00+09:00,0.0623,0.0623,0.0622,0.0622,1421.0
2025-05-02 15:45:00+09:00,0.0621,0.0622,0.062,0.0622,21384.0
2025-05-02 15:50:00+09:00,0.0621,0.0623,0.0621,0.0622,14784.0
2025-05-02 15:55:00+09:00,0.0621,0.0622,0.0621,0.0622,8156.0
2025-05-02 16:00:00+09:00,0.0621,0.0623,0.0621,0.0622,27305.0
2025-05-02 16:05:00+09:00,0.0621,0.0624,0.0619,0.0621,185776.0
2025-05-02 16:10:00+09:00,0.062,0.0622,0.0619,0.0622,57994.0
2025-05-02 16:15:00+09:00,0.0621,0.0623,0.0619,0.0623,81297.0
2025-05-02 16:20:00+09:00,0.0621,0.0622,0.0621,0.0622,248.0
2025-05-02 16:25:00+09:00,0.0621,0.0622,0.062,0.0622,27314.0
2025-05-02 16:30:00+09:00,0.0621,0.0622,0.0621,0.0622,6192.0
2025-05-02 16:35:00+09:00,0.0621,0.0621,0.0618,0.062,44279.0
2025-05-02 16:40:00+09:00,0.0619,0.062,0.0618,0.062,8297.0
2025-05-02 16:45:00+09:00,0.062,0.0628,0.062,0.0624,348174.0
2025-05-02 16:50:00+09:00,0.0622,0.0623,0.0621,0.0621,4516.0
2025-05-02 16:55:00+09:00,0.062,0.0621,0.0619,0.0621,4447.0
2025-05-02 17:00:00+09:00,0.0621,0.0636,0.0621,0.0622,1126592.0
2025-05-02 17:05:00+09:00,0.0623,0.0626,0.0623,0.0626,74825.0
2025-05-02 17:10:00+09:00,0.0625,0.0626,0.0624,0.0626,6576.0
2025-05-02 17:15:00+09:00,0.0627,0.0627,0.0625,0.0625,93649.0
2025-05-02 17:20:00+09:00,0.0624,0.0625,0.0624,0.0625,29899.0
2025-05-02 17:25:00+09:00,0.0625,0.0625,0.0624,0.0625,27338.0
2025-05-02 17:30:00+09:00,0.0626,0.0626,0.0625,0.0625,1578.0
2025-05-02 17:35:00+09:00,0.0625,0.0628,0.0625,0.0628,44009.0
2025-05-02 17:40:00+09:00,0.0628,0.0628,0.0628,0.0628,11034.0
2025-05-02 17:45:00+09:00,0.0628,0.0628,0.0627,0.0627,7995.0
2025-05-02 17:50:00+09:00,0.0629,0.0629,0.0627,0.0629,359.0
2025-05-02 17:55:00+09:00,0.0628,0.0628,0.0621,0.0624,326760.0
2025-05-02 18:00:00+09:00,0.0624,0.0624,0.0624,0.0624,82.0
2025-05-02 18:05:00+09:00,0.0624,0.0626,0.0624,0.0626,8023.0
2025-05-02 18:10:00+09:00,0.0627,0.0627,0.0627,0.0627,98.0
2025-05-02 18:15:00+09:00,0.0626,0.0626,0.0624,0.0626,14628.0
2025-05-02 18:20:00+09:00,0.0623,0.0623,0.0623,0.0623,1845.0
2025-05-02 18:25:00+09:00,0.0623,0.0624,0.0622,0.0624,110094.0
2025-05-02 18:30:00+09:00,0.0624,0.0624,0.0622,0.0622,2250.0
2025-05-02 18:35:00+09:00,0.0621,0.0621,0.0621,0.0621,1107.0
2025-05-02 18:40:00+09:00,0.0622,0.0622,0.062,0.062,14121.0
2025-05-02 18:45:00+09:00,0.0621,0.0622,0.0621,0.0622,8941.0
2025-05-02 18:50:00+09:00,0.0622,0.0622,0.0619,0.0621,6524.0
2025-05-02 18:55:00+09:00,0.0619,0.0621,0.0619,0.0621,696.0
2025-05-02 19:00:00+09:00,0.0621,0.0621,0.0619,0.062,83374.0
2025-05-02 19:05:00+09:00,0.0621,0.0621,0.0621,0.0621,341.0
2025-05-02 19:10:00+09:00,0.0621,0.0621,0.062,0.062,2376.0
2025-05-02 19:15:00+09:00,0.062,0.062,0.062,0.062,4551.0
2025-05-02 19:20:00+09:00,0.0619,0.062,0.0619,0.062,65997.0
2025-05-02 19:25:00+09:00,0.0619,0.0619,0.0619,0.0619,2606.0
2025-05-02 19:30:00+09:00,0.062,0.062,0.062,0.062,5985.0
2025-05-02 19:35:00+09:00,0.0621,0.0621,0.0618,0.0618,33664.0
2025-05-02 19:40:00+09:00,0.0618,0.0618,0.0618,0.0618,4232.0
2025-05-02 19:45:00+09:00,0.0617,0.0619,0.0617,0.0619,6112.0
2025-05-02 19:50:00+09:00,0.0616,0.0617,0.0615,0.0617,24028.0
2025-05-02 19:55:00+09:00,0.0616,0.0616,0.0614,0.0614,28780.0
2025-05-02 20:00:00+09:00,0.0616,0.0617,0.0614,0.0616,65228.0
2025-05-02 20:05:00+09:00,0.0615,0.0616,0.0615,0.0616,55487.0
2025-05-02 20:10:00+09:00,0.0616,0.0616,0.0616,0.0616,0.0
2025-05-02 20:15:00+09:00,0.0618,0.0619,0.0617,0.0617,5121.0
2025-05-02 20:20:00+09:00,0.0618,0.0619,0.0618,0.0619,799.0
2025-05-02 20:25:00+09:00,0.0619,0.0619,0.0618,0.0619,6934.0
2025-05-02 20:30:00+09:00,0.0619,0.0619,0.0617,0.0618,3986.0
2025-05-02 20:35:00+09:00,0.0619,0.0619,0.0618,0.0619,12100.0
2025-05-02 20:40:00+09:00,0.0619,0.0619,0.0618,0.0619,1680.0
2025-05-02 20:45:00+09:00,0.0618,0.0618,0.0618,0.0618,2575.0
2025-05-02 20:50:00+09:00,0.0618,0.0619,0.0618,0.0619,21407.0
2025-05-02 20:55:00+09:00,0.0618,0.0619,0.0618,0.0619,580.0
2025-05-02 21:00:00+09:00,0.0619,0.0619,0.0619,0.0619,9938.0
2025-05-02 21:05:00+09:00,0.0618,0.0622,0.0618,0.062,52917.0
2025-05-02 21:10:00+09:00,0.0621,0.0621,0.0618,0.0618,43297.0
2025-05-02 21:15:00+09:00,0.0616,0.0618,0.0616,0.0618,8214.0
2025-05-02 21:20:00+09:00,0.0617,0.0619,0.0617,0.0618,850.0
2025-05-02 21:25:00+09:00,0.0618,0.0619,0.0618,0.0619,20477.0
2025-05-02 21:30:00+09:00,0.0618,0.0623,0.0617,0.0618,63843.0
2025-05-02 21:35:00+09:00,0.0617,0.0621,0.0617,0.0619,33086.0
2025-05-02 21:40:00+09:00,0.0619,0.062,0.0619,0.0619,58454.0
2025-05-02 21:45:00+09:00,0.0621,0.0622,0.0621,0.0622,31743.0
2025-05-02 21:50:00+09:00,0.0623,0.0625,0.0622,0.0624,36544.0
2025-05-02 21:55:00+09:00,0.0624,0.0625,0.0624,0.0624,15920.0
2025-05-02 22:00:00+09:00,0.0625,0.0625,0.0623,0.0623,48157.0
2025-05-02 22:05:00+09:00,0.0623,0.0624,0.0623,0.0623,52939.0
2025-05-02 22:10:00+09:00,0.0623,0.0624,0.0623,0.0623,5838.0
2025-05-02 22:15:00+09:00,0.0622,0.0622,0.0621,0.0622,7740.0
2025-05-02 22:20:00+09:00,0.0623,0.0623,0.0622,0.0622,13718.0
2025-05-02 22:25:00+09:00,0.0622,0.0623,0.0621,0.0621,17605.0
2025-05-02 22:30:00+09:00,0.0622,0.0623,0.0621,0.0623,13032.0
2025-05-02 22:35:00+09:00,0.0622,0.0622,0.062,0.0621,27212.0
2025-05-02 22:40:00+09:00,0.062,0.0622,0.062,0.0622,20132.0
2025-05-02 22:45:00+09:00,0.0621,0.0622,0.062,0.0621,24198.0
2025-05-02 22:50:00+09:00,0.0621,0.0623,0.0621,0.0623,5241.0
2025-05-02 22:55:00+09:00,0.0624,0.0624,0.0621,0.0623,8059.0
2025-05-02 23:00:00+09:00,0.0624,0.0625,0.0624,0.0625,39841.0
2025-05-02 23:05:00+09:00,0.0626,0.0626,0.0624,0.0625,26387.0
2025-05-02 23:10:00+09:00,0.0623,0.0623,0.0621,0.0622,420.0
2025-05-02 23:15:00+09:00,0.0622,0.0624,0.0622,0.0624,4595.0
2025-05-02 23:20:00+09:00,0.0622,0.0626,0.0622,0.0626,8962.0
2025-05-02 23:25:00+09:00,0.0625,0.0626,0.0625,0.0626,51359.0
2025-05-02 23:30:00+09:00,0.0625,0.0628,0.0625,0.0628,39149.0
2025-05-02 23:35:00+09:00,0.0628,0.0628,0.0625,0.0626,122213.0
2025-05-02 23:40:00+09:00,0.0626,0.0626,0.0623,0.0624,20723.0
2025-05-02 23:45:00+09:00,0.0624,0.0625,0.0624,0.0625,13201.0
2025-05-02 23:50:00+09:00,0.0625,0.0626,0.0624,0.0626,8423.0
2025-05-02 23:55:00+09:00,0.0626,0.0627,0.0625,0.0627,13809.0
2025-05-03 00:00:00+09:00,0.0627,0.0627,0.0625,0.0626,4146.0
2025-05-03 00:05:00+09:00,0.0624,0.0625,0.0619,0.0622,94233.0
2025-05-03 00:10:00+09:00,0.062,0.062,0.0619,0.062,294.0
2025-05-03 00:15:00+09:00,0.062,0.0621,0.062,0.0621,9297.0
2025-05-03 00:20:00+09:00,0.0619,0.0621,0.0619,0.0621,3656.0
2025-05-03 00:25:00+09:00,0.0621,0.0621,0.0619,0.0621,3975.0
2025-05-03 00:30:00+09:00,0.0619,0.0622,0.0619,0.0622,4488.0
2025-05-03 00:35:00+09:00,0.0622,0.0622,0.062,0.0622,330.0
2025-05-03 00:40:00+09:00,0.0622,0.0623,0.0621,0.0623,5298.0
2025-05-03 00:45:00+09:00,0.0622,0.0624,0.0622,0.0624,7752.0
2025-05-03 00:50:00+09:00,0.0624,0.0624,0.0622,0.0624,5215.0
2025-05-03 00:55:00+09:00,0.0622,0.0624,0.0622,0.0624,8376.0
2025-05-03 01:00:00+09:00,0.0624,0.0625,0.0624,0.0625,38011.0
2025-05-03 01:05:00+09:00,0.0625,0.0626,0.0625,0.0625,725.0
2025-05-03 01:10:00+09:00,0.0626,0.0626,0.0626,0.0626,16246.0
2025-05-03 01:15:00+09:00,0.0626,0.0626,0.0626,0.0626,956.0
2025-05-03 01:20:00+09:00,0.0627,0.0627,0.0625,0.0627,369.0
2025-05-03 01:25:00+09:00,0.0625,0.0627,0.0625,0.0627,748.0
2025-05-03 01:30:00+09:00,0.0626,0.0626,0.0625,0.0626,59682.0
2025-05-03 01:35:00+09:00,0.0626,0.0626,0.0626,0.0626,7352.0
2025-05-03 01:40:00+09:00,0.0626,0.0627,0.0625,0.0625,1193.0
2025-05-03 01:45:00+09:00,0.0625,0.0626,0.0625,0.0626,5227.0
2025-05-03 01:50:00+09:00,0.0624,0.0625,0.0624,0.0625,21678.0
2025-05-03 01:55:00+09:00,0.0624,0.0626,0.0623,0.0626,16208.0
2025-05-03 02:00:00+09:00,0.0622,0.0622,0.0622,0.0622,282.0
2025-05-03 02:05:00+09:00,0.0622,0.0622,0.0621,0.0621,4184.0
2025-05-03 02:10:00+09:00,0.0622,0.0622,0.0621,0.0622,4230.0
2025-05-03 02:15:00+09:00,0.0623,0.0623,0.0623,0.0623,5340.0
2025-05-03 02:20:00+09:00,0.0623,0.0624,0.0622,0.0622,27201.0
2025-05-03 02:25:00+09:00,0.0624,0.0624,0.0622,0.0622,196.0
2025-05-03 02:30:00+09:00,0.0622,0.0622,0.0622,0.0622,0.0
2025-05-03 02:35:00+09:00,0.0622,0.0622,0.0622,0.0622,8270.0
2025-05-03 02:40:00+09:00,0.0622,0.0623,0.0621,0.0623,4690.0
2025-05-03 02:45:00+09:00,0.0621,0.0622,0.0621,0.0622,335.0
2025-05-03 02:50:00+09:00,0.0623,0.0623,0.0623,0.0623,2566.0
2025-05-03 02:55:00+09:00,0.0624,0.0624,0.0623,0.0624,15248.0
2025-05-03 03:00:00+09:00,0.0624,0.0624,0.0624,0.0624,4566.0
2025-05-03 03:05:00+09:00,0.0624,0.0624,0.0624,0.0624,641.0
2025-05-03 03:10:00+09:00,0.0625,0.0625,0.0625,0.0625,598.0
2025-05-03 03:15:00+09:00,0.0623,0.0623,0.0623,0.0623,471.0
2025-05-03 03:20:00+09:00,0.0621,0.0624,0.0621,0.0624,24812.0
2025-05-03 03:25:00+09:00,0.0624,0.0625,0.0624,0.0625,6988.0
2025-05-03 03:30:00+09:00,0.0625,0.0626,0.0625,0.0626,21125.0
2025-05-03 03:35:00+09:00,0.0626,0.0628,0.0626,0.0627,140691.0
2025-05-03 03:40:00+09:00,0.0628,0.063,0.0628,0.0628,78665.0
2025-05-03 03:45:00+09:00,0.0628,0.0628,0.0628,0.0628,2089.0
2025-05-03 03:50:00+09:00,0.0628,0.0628,0.0627,0.0628,328598.0
2025-05-03 03:55:00+09:00,0.0627,0.0628,0.0627,0.0628,9040.0
2025-05-03 04:00:00+09:00,0.0628,0.0628,0.0627,0.0627,89179.0
2025-05-03 04:05:00+09:00,0.0627,0.0627,0.0627,0.0627,0.0
2025-05-03 04:10:00+09:00,0.0627,0.0627,0.0627,0.0627,1356.0
2025-05-03 04:15:00+09:00,0.0628,0.0628,0.0624,0.0624,112056.0
2025-05-03 04:20:00+09:00,0.0624,0.0625,0.0624,0.0625,14258.0
2025-05-03 04:25:00+09:00,0.0624,0.0624,0.0624,0.0624,177.0
2025-05-03 04:30:00+09:00,0.0624,0.0624,0.0622,0.0624,7997.0
2025-05-03 04:35:00+09:00,0.0622,0.0622,0.0621,0.0622,2500.0
2025-05-03 04:40:00+09:00,0.0623,0.0623,0.0621,0.0621,4582.0
2025-05-03 04:45:00+09:00,0.0622,0.0622,0.0618,0.062,21617.0
2025-05-03 04:50:00+09:00,0.062,0.0621,0.0619,0.0621,2576.0
2025-05-03 04:55:00+09:00,0.0621,0.0621,0.0619,0.0619,10503.0
2025-05-03 05:00:00+09:00,0.0619,0.0621,0.0618,0.0621,20420.0
2025-05-03 05:05:00+09:00,0.0621,0.0623,0.0621,0.0623,105993.0
2025-05-03 05:10:00+09:00,0.0624,0.0624,0.0622,0.0622,11320.0
2025-05-03 05:15:00+09:00,0.0622,0.0622,0.0622,0.0622,0.0
2025-05-03 05:20:00+09:00,0.0622,0.0622,0.0622,0.0622,0.0
2025-05-03 05:25:00+09:00,0.0623,0.0623,0.0622,0.0622,1747.0
2025-05-03 05:30:00+09:00,0.0624,0.0624,0.0622,0.0624,1589.0
2025-05-03 05:35:00+09:00,0.0624,0.0624,0.0624,0.0624,1628.0
2025-05-03 05:40:00+09:00,0.0625,0.0625,0.0625,0.0625,199.0
2025-05-03 05:45:00+09:00,0.0623,0.0624,0.0623,0.0624,1750.0
2025-05-03 05:50:00+09:00,0.0625,0.0625,0.0625,0.0625,1647.0
2025-05-03 05:55:00+09:00,0.0624,0.0626,0.0623,0.0623,67520.0
2025-05-03 06:00:00+09:00,0.0623,0.0624,0.0622,0.0622,8133.0
2025-05-03 06:05:00+09:00,0.0621,0.0623,0.0621,0.0621,555.0
2025-05-03 06:10:00+09:00,0.0623,0.0623,0.0621,0.0623,1291.0
2025-05-03 06:15:00+09:00,0.0622,0.0622,0.0622,0.0622,319.0
2025-05-03 06:20:00+09:00,0.0621,0.0622,0.062,0.062,21152.0
2025-05-03 06:25:00+09:00,0.0622,0.0622,0.0622,0.0622,53693.0
2025-05-03 06:30:00+09:00,0.0623,0.0623,0.0623,0.0623,757.0
2025-05-03 06:35:00+09:00,0.0624,0.0624,0.0621,0.0623,3863.0
2025-05-03 06:40:00+09:00,0.0621,0.0623,0.0621,0.0622,21341.0
2025-05-03 06:45:00+09:00,0.062,0.0622,0.062,0.0621,9901.0
2025-05-03 06:50:00+09:00,0.0621,0.0621,0.062,0.0621,2443.0
2025-05-03 06:55:00+09:00,0.062,0.0622,0.0619,0.0622,169745.0
2025-05-03 07:00:00+09:00,0.0623,0.0623,0.0623,0.0623,84.0
2025-05-03 07:05:00+09:00,0.0623,0.0623,0.0623,0.0623,0.0
2025-05-03 07:10:00+09:00,0.0621,0.0624,0.0621,0.0624,2751.0
2025-05-03 07:15:00+09:00,0.0621,0.0623,0.0621,0.0623,261.0
2025-05-03 07:20:00+09:00,0.0621,0.0623,0.0621,0.0623,5741.0
2025-05-03 07:25:00+09:00,0.0623,0.0623,0.0623,0.0623,240.0
2025-05-03 07:30:00+09:00,0.0623,0.0623,0.0623,0.0623,0.0
2025-05-03 07:35:00+09:00,0.0621,0.0623,0.0621,0.0623,966.0
2025-05-03 07:40:00+09:00,0.0623,0.0623,0.0621,0.0622,988.0
2025-05-03 07:45:00+09:00,0.0621,0.0623,0.0621,0.0623,961.0
2025-05-03 07:50:00+09:00,0.0622,0.0623,0.0622,0.0623,6154.0
2025-05-03 07:55:00+09:00,0.0623,0.0623,0.0623,0.0623,14918.0
2025-05-03 08:00:00+09:00,0.0621,0.0624,0.0621,0.0624,13298.0
2025-05-03 08:05:00+09:00,0.0622,0.0623,0.0622,0.0623,3889.0
2025-05-03 08:10:00+09:00,0.0623,0.0623,0.0623,0.0623,0.0
2025-05-03 08:15:00+09:00,0.0624,0.0624,0.0624,0.0624,82.0
2025-05-03 08:20:00+09:00,0.0621,0.0623,0.0621,0.0623,245.0
2025-05-03 08:25:00+09:00,0.0623,0.0623,0.0623,0.0623,0.0
2025-05-03 08:30:00+09:00,0.0624,0.0624,0.0624,0.0624,1102.0
2025-05-03 08:35:00+09:00,0.0622,0.0623,0.0622,0.0623,203.0
2025-05-03 08:40:00+09:00,0.0623,0.0624,0.0623,0.0624,263.0
2025-05-03 08:45:00+09:00,0.0623,0.0624,0.0623,0.0624,1242.0
2025-05-03 08:50:00+09:00,0.0623,0.0624,0.0623,0.0624,5685.0
2025-05-03 08:55:00+09:00,0.0623,0.0625,0.0623,0.0625,26568.0
2025-05-03 09:00:00+09:00,0.0625,0.0625,0.0624,0.0624,19759.0
2025-05-03 09:05:00+09:00,0.0625,0.0625,0.0624,0.0625,3340.0
2025-05-03 09:10:00+09:00,0.0625,0.0625,0.0624,0.0624,2996.0
2025-05-03 09:15:00+09:00,0.0624,0.0625,0.0623,0.0625,10672.0
2025-05-03 09:20:00+09:00,0.0623,0.0624,0.0622,0.0624,3360.0
2025-05-03 09:25:00+09:00,0.0623,0.0623,0.0623,0.0623,3265.0
2025-05-03 09:30:00+09:00,0.0622,0.0623,0.0622,0.0623,14622.0
2025-05-03 09:35:00+09:00,0.0624,0.0624,0.0624,0.0624,1415.0
2025-05-03 09:40:00+09:00,0.0624,0.0624,0.0623,0.0623,6903.0
2025-05-03 09:45:00+09:00,0.0622,0.0622,0.0622,0.0622,3260.0
2025-05-03 09:50:00+09:00,0.0621,0.0622,0.0621,0.0621,10667.0
2025-05-03 09:55:00+09:00,0.0622,0.0623,0.0621,0.0623,15951.0
2025-05-03 10:00:00+09:00,0.0623,0.0623,0.0623,0.0623,0.0
2025-05-03 10:05:00+09:00,0.0622,0.0622,0.0622,0.0622,2275.0
2025-05-03 10:10:00+09:00,0.0621,0.0622,0.0621,0.0621,12161.0
2025-05-03 10:15:00+09:00,0.062,0.062,0.0619,0.0619,4331.0
2025-05-03 10:20:00+09:00,0.0622,0.0622,0.0622,0.0622,777.0
2025-05-03 10:25:00+09:00,0.0621,0.0621,0.0621,0.0621,2467.0
2025-05-03 10:30:00+09:00,0.062,0.0621,0.0619,0.062,29730.0
2025-05-03 10:35:00+09:00,0.062,0.0621,0.062,0.0621,929.0
2025-05-03 10:40:00+09:00,0.0621,0.0621,0.0621,0.0621,10846.0
2025-05-03 10:45:00+09:00,0.062,0.062,0.062,0.062,84.0
2025-05-03 10:50:00+09:00,0.062,0.0621,0.062,0.0621,4461.0
2025-05-03 10:55:00+09:00,0.062,0.062,0.0618,0.062,18060.0
2025-05-03 11:00:00+09:00,0.062,0.062,0.0618,0.0619,13094.0
2025-05-03 11:05:00+09:00,0.062,0.062,0.0618,0.0618,6428.0
2025-05-03 11:10:00+09:00,0.062,0.062,0.062,0.062,12670.0
2025-05-03 11:15:00+09:00,0.0619,0.062,0.0619,0.062,3040.0
2025-05-03 11:20:00+09:00,0.0621,0.0621,0.062,0.062,4883.0
2025-05-03 11:25:00+09:00,0.0621,0.0622,0.0621,0.0622,9309.0
2025-05-03 11:30:00+09:00,0.0622,0.0622,0.0622,0.0622,243.0
2025-05-03 11:35:00+09:00,0.0623,0.0624,0.0623,0.0623,27991.0
2025-05-03 11:40:00+09:00,0.0623,0.0623,0.0622,0.0622,553.0
2025-05-03 11:45:00+09:00,0.0622,0.0624,0.0622,0.0623,66054.0
2025-05-03 11:50:00+09:00,0.0622,0.0622,0.0622,0.0622,172.0
2025-05-03 11:55:00+09:00,0.0623,0.0623,0.0623,0.0623,8651.0
2025-05-03 12:00:00+09:00,0.0622,0.0624,0.0622,0.0624,28904.0
2025-05-03 12:05:00+09:00,0.0625,0.0625,0.0623,0.0623,169.0
2025-05-03 12:10:00+09:00,0.0625,0.0625,0.0625,0.0625,841.0
2025-05-03 12:15:00+09:00,0.0624,0.0624,0.0623,0.0623,1279.0
2025-05-03 12:20:00+09:00,0.0624,0.0624,0.0624,0.0624,1155.0
2025-05-03 12:25:00+09:00,0.0623,0.0625,0.0623,0.0624,18066.0
2025-05-03 12:30:00+09:00,0.0624,0.0624,0.0624,0.0624,131.0
2025-05-03 12:35:00+09:00,0.0625,0.063,0.0622,0.0623,1440274.0
2025-05-03 12:40:00+09:00,0.0624,0.0624,0.0623,0.0623,32457.0
2025-05-03 12:45:00+09:00,0.0623,0.0623,0.0623,0.0623,0.0
2025-05-03 12:50:00+09:00,0.0623,0.0623,0.0621,0.0622,136924.0
2025-05-03 12:55:00+09:00,0.0622,0.0623,0.0622,0.0623,15445.0
2025-05-03 13:00:00+09:00,0.0622,0.0622,0.062,0.0621,21214.0
2025-05-03 13:05:00+09:00,0.0622,0.0622,0.0622,0.0622,5450.0
2025-05-03 13:10:00+09:00,0.0621,0.0623,0.0621,0.0623,1253.0
2025-05-03 13:15:00+09:00,0.0622,0.0623,0.0622,0.0623,4527.0
2025-05-03 13:20:00+09:00,0.0622,0.0623,0.0622,0.0623,2802.0
2025-05-03 13:25:00+09:00,0.0623,0.0624,0.0623,0.0624,4666.0
2025-05-03 13:30:00+09:00,0.0622,0.0624,0.0622,0.0624,4150.0
2025-05-03 13:35:00+09:00,0.0624,0.0624,0.0623,0.0623,3104.0
2025-05-03 13:40:00+09:00,0.0622,0.0622,0.0622,0.0622,357.0
2025-05-03 13:45:00+09:00,0.0622,0.0622,0.0622,0.0622,326.0
2025-05-03 13:50:00+09:00,0.0624,0.0624,0.0622,0.0624,4994.0
2025-05-03 13:55:00+09:00,0.0624,0.0624,0.0624,0.0624,15000.0
2025-05-03 14:00:00+09:00,0.0624,0.0624,0.0623,0.0623,2600.0
2025-05-03 14:05:00+09:00,0.0622,0.0623,0.0621,0.0621,12314.0
2025-05-03 14:10:00+09:00,0.0621,0.0621,0.0621,0.0621,1487.0
2025-05-03 14:15:00+09:00,0.0623,0.0623,0.0623,0.0623,3625.0
2025-05-03 14:20:00+09:00,0.0623,0.0623,0.0623,0.0623,2653.0
2025-05-03 14:25:00+09:00,0.0622,0.0622,0.0622,0.0622,999.0
2025-05-03 14:30:00+09:00,0.0623,0.0623,0.0621,0.0622,17646.0
2025-05-03 14:35:00+09:00,0.0622,0.0623,0.0622,0.0623,2620.0
2025-05-03 14:40:00+09:00,0.0622,0.0624,0.0605,0.0621,1182143.0
2025-05-03 14:45:00+09:00,0.062,0.0621,0.062,0.0621,4559.0
2025-05-03 14:50:00+09:00,0.062,0.0621,0.0619,0.062,21515.0
2025-05-03 14:55:00+09:00,0.062,0.062,0.0619,0.062,12765.0
2025-05-03 15:00:00+09:00,0.0618,0.0619,0.0618,0.0619,10381.0
2025-05-03 15:05:00+09:00,0.0618,0.0624,0.0618,0.0624,839584.0
2025-05-03 15:10:00+09:00,0.0623,0.0624,0.0621,0.0624,105356.0
2025-05-03 15:15:00+09:00,0.0622,0.0624,0.0622,0.0624,8888.0
2025-05-03 15:20:00+09:00,0.0623,0.0625,0.0616,0.0621,785739.0
2025-05-03 15:25:00+09:00,0.0621,0.0622,0.0621,0.0622,1238.0
2025-05-03 15:30:00+09:00,0.062,0.0622,0.062,0.0621,3280.0
2025-05-03 15:35:00+09:00,0.062,0.0621,0.062,0.0621,7839.0
2025-05-03 15:40:00+09:00,0.062,0.0621,0.062,0.0621,1202.0
2025-05-03 15:45:00+09:00,0.0621,0.0622,0.0621,0.0622,129714.0
2025-05-03 15:50:00+09:00,0.0622,0.0623,0.0622,0.0623,8051.0
2025-05-03 15:55:00+09:00,0.0623,0.0624,0.0621,0.0623,64747.0
2025-05-03 16:00:00+09:00,0.0621,0.0624,0.0621,0.0623,5082.0
2025-05-03 16:05:00+09:00,0.0622,0.0623,0.062,0.0622,20211.0
2025-05-03 16:10:00+09:00,0.062,0.0622,0.062,0.0622,1215.0
2025-05-03 16:15:00+09:00,0.062,0.0622,0.062,0.0622,24724.0
2025-05-03 16:20:00+09:00,0.062,0.0621,0.0619,0.062,31472.0
2025-05-03 16:25:00+09:00,0.0619,0.062,0.0619,0.062,249.0
2025-05-03 16:30:00+09:00,0.062,0.062,0.062,0.062,0.0
2025-05-03 16:35:00+09:00,0.062,0.062,0.0619,0.062,19425.0
2025-05-03 16:40:00+09:00,0.0619,0.0621,0.0619,0.0621,5630.0
2025-05-03 16:45:00+09:00,0.062,0.0621,0.062,0.0621,2257.0
2025-05-03 16:50:00+09:00,0.0619,0.0621,0.0619,0.0621,8309.0
2025-05-03 16:55:00+09:00,0.0619,0.0621,0.0618,0.0619,90632.0
2025-05-03 17:00:00+09:00,0.0618,0.0619,0.0618,0.0618,35272.0
2025-05-03 17:05:00+09:00,0.0617,0.0617,0.0616,0.0616,31948.0
2025-05-03 17:10:00+09:00,0.0617,0.0617,0.0615,0.0616,40147.0
2025-05-03 17:15:00+09:00,0.0616,0.0617,0.0615,0.0615,6450.0
2025-05-03 17:20:00+09:00,0.0615,0.0618,0.0615,0.0618,974.0
2025-05-03 17:25:00+09:00,0.0618,0.0619,0.0617,0.0617,8394.0
2025-05-03 17:30:00+09:00,0.0617,0.0617,0.0617,0.0617,4611.0
2025-05-03 17:35:00+09:00,0.0619,0.0619,0.0617,0.0619,73375.0
2025-05-03 17:40:00+09:00,0.0617,0.0617,0.0617,0.0617,199.0
2025-05-03 17:45:00+09:00,0.0617,0.0617,0.0617,0.0617,0.0
2025-05-03 17:50:00+09:00,0.0617,0.0617,0.0617,0.0617,0.0
2025-05-03 17:55:00+09:00,0.0616,0.0617,0.0615,0.0615,11923.0
2025-05-03 18:00:00+09:00,0.0615,0.0615,0.0612,0.0613,70629.0
2025-05-03 18:05:00+09:00,0.0612,0.0612,0.0612,0.0612,16231.0
2025-05-03 18:10:00+09:00,0.0613,0.0613,0.0611,0.0612,17324.0
2025-05-03 18:15:00+09:00,0.0614,0.0615,0.0614,0.0615,69721.0
2025-05-03 18:20:00+09:00,0.0615,0.0615,0.0614,0.0614,3218.0
2025-05-03 18:25:00+09:00,0.0615,0.0615,0.0614,0.0614,5549.0
2025-05-03 18:30:00+09:00,0.0614,0.0614,0.0612,0.0612,41354.0
2025-05-03 18:35:00+09:00,0.0611,0.0612,0.0611,0.0612,60679.0
2025-05-03 18:40:00+09:00,0.0611,0.0611,0.0611,0.0611,15589.0
2025-05-03 18:45:00+09:00,0.0612,0.0613,0.0612,0.0612,24624.0
2025-05-03 18:50:00+09:00,0.0612,0.0612,0.0611,0.0611,1566.0
2025-05-03 18:55:00+09:00,0.061,0.061,0.0609,0.0609,60739.0
2025-05-03 19:00:00+09:00,0.0609,0.061,0.0609,0.061,19930.0
2025-05-03 19:05:00+09:00,0.061,0.061,0.061,0.061,10002.0
2025-05-03 19:10:00+09:00,0.0609,0.0609,0.0608,0.0608,52915.0
2025-05-03 19:15:00+09:00,0.0608,0.0608,0.0608,0.0608,16026.0
2025-05-03 19:20:00+09:00,0.0609,0.0609,0.0609,0.0609,214.0
2025-05-03 19:25:00+09:00,0.0608,0.0609,0.0607,0.0607,3619.0
2025-05-03 19:30:00+09:00,0.0607,0.0608,0.0607,0.0607,22790.0
2025-05-03 19:35:00+09:00,0.0607,0.0608,0.0607,0.0607,15279.0
2025-05-03 19:40:00+09:00,0.0607,0.0608,0.0607,0.0607,1586.0
2025-05-03 19:45:00+09:00,0.0607,0.0609,0.0606,0.0609,293103.0
2025-05-03 19:50:00+09:00,0.0607,0.0607,0.0607,0.0607,230.0
2025-05-03 19:55:00+09:00,0.0607,0.0607,0.0606,0.0606,47461.0
2025-05-03 20:00:00+09:00,0.0606,0.0606,0.0602,0.0603,430767.0
2025-05-03 20:05:00+09:00,0.0604,0.0605,0.0604,0.0605,28513.0
2025-05-03 20:10:00+09:00,0.0604,0.0604,0.0604,0.0604,394.0
2025-05-03 20:15:00+09:00,0.0605,0.0605,0.0604,0.0604,416.0
2025-05-03 20:20:00+09:00,0.0604,0.0605,0.0603,0.0605,16239.0
2025-05-03 20:25:00+09:00,0.0604,0.0604,0.0604,0.0604,1128.0
2025-05-03 20:30:00+09:00,0.0604,0.0604,0.0602,0.0604,13788.0
2025-05-03 20:35:00+09:00,0.0604,0.0604,0.0603,0.0603,25158.0
2025-05-03 20:40:00+09:00,0.0603,0.0603,0.0602,0.0602,10290.0
2025-05-03 20:45:00+09:00,0.0602,0.0602,0.0602,0.0602,76651.0
2025-05-03 20:50:00+09:00,0.0602,0.0602,0.0602,0.0602,174.0
2025-05-03 20:55:00+09:00,0.0601,0.0601,0.0599,0.0599,52061.0
2025-05-03 21:00:00+09:00,0.0599,0.0601,0.0599,0.0599,18039.0
2025-05-03 21:05:00+09:00,0.0598,0.0598,0.0596,0.0598,22725.0
2025-05-03 21:10:00+09:00,0.0598,0.06,0.0598,0.06,14457.0
2025-05-03 21:15:00+09:00,0.06,0.0601,0.06,0.0601,3797.0
2025-05-03 21:20:00+09:00,0.0601,0.0602,0.0601,0.0602,4078.0
2025-05-03 21:25:00+09:00,0.0601,0.0602,0.06,0.0601,14620.0
2025-05-03 21:30:00+09:00,0.0602,0.0602,0.0602,0.0602,32118.0
2025-05-03 21:35:00+09:00,0.0603,0.0605,0.0603,0.0605,38321.0
2025-05-03 21:40:00+09:00,0.0604,0.0607,0.0604,0.0605,45655.0
2025-05-03 21:45:00+09:00,0.0607,0.0607,0.0606,0.0606,10892.0
2025-05-03 21:50:00+09:00,0.0606,0.0607,0.0606,0.0607,14848.0
2025-05-03 21:55:00+09:00,0.0606,0.0606,0.0603,0.0603,30602.0
2025-05-03 22:00:00+09:00,0.0603,0.0603,0.0602,0.0603,7190.0
2025-05-03 22:05:00+09:00,0.0603,0.0603,0.0602,0.0603,4733.0
2025-05-03 22:10:00+09:00,0.0604,0.0604,0.0604,0.0604,467.0
2025-05-03 22:15:00+09:00,0.0604,0.0604,0.0603,0.0603,284.0
2025-05-03 22:20:00+09:00,0.0603,0.0604,0.0603,0.0603,10197.0
2025-05-03 22:25:00+09:00,0.0603,0.0603,0.0603,0.0603,0.0
2025-05-03 22:30:00+09:00,0.0605,0.0605,0.0602,0.0602,9357.0
2025-05-03 22:35:00+09:00,0.0604,0.0604,0.0602,0.0603,278.0
2025-05-03 22:40:00+09:00,0.0602,0.0603,0.0602,0.0603,769.0
2025-05-03 22:45:00+09:00,0.0603,0.0604,0.0602,0.0603,15296.0
2025-05-03 22:50:00+09:00,0.0602,0.0604,0.0602,0.0604,11440.0
2025-05-03 22:55:00+09:00,0.0602,0.0605,0.0602,0.0605,34155.0
2025-05-03 23:00:00+09:00,0.0603,0.0605,0.0603,0.0605,33691.0
2025-05-03 23:05:00+09:00,0.0605,0.0607,0.0605,0.0606,18299.0
2025-05-03 23:10:00+09:00,0.0606,0.0606,0.0602,0.0604,64588.0
2025-05-03 23:15:00+09:00,0.0604,0.0605,0.0604,0.0605,27935.0
2025-05-03 23:20:00+09:00,0.0605,0.0605,0.0601,0.0603,55207.0
2025-05-03 23:25:00+09:00,0.0603,0.0605,0.0598,0.0601,820252.0
2025-05-03 23:30:00+09:00,0.06,0.0601,0.0598,0.0601,42829.0
2025-05-03 23:35:00+09:00,0.06,0.0601,0.0595,0.0598,226990.0
2025-05-03 23:40:00+09:00,0.0597,0.0599,0.0597,0.0599,847.0
2025-05-03 23:45:00+09:00,0.0599,0.0599,0.0597,0.0598,14028.0
2025-05-03 23:50:00+09:00,0.0597,0.0599,0.0597,0.0599,3237.0
2025-05-03 23:55:00+09:00,0.0598,0.0599,0.0597,0.0598,40150.0
2025-05-04 00:00:00+09:00,0.0598,0.06,0.0598,0.06,6347.0
2025-05-04 00:05:00+09:00,0.06,0.0601,0.06,0.0601,8465.0
2025-05-04 00:10:00+09:00,0.06,0.0601,0.0599,0.0601,24900.0
2025-05-04 00:15:00+09:00,0.06,0.06,0.0599,0.06,15700.0
2025-05-04 00:20:00+09:00,0.06,0.06,0.0599,0.06,4932.0
2025-05-04 00:25:00+09:00,0.06,0.06,0.06,0.06,0.0
2025-05-04 00:30:00+09:00,0.0599,0.06,0.0599,0.06,515.0
2025-05-04 00:35:00+09:00,0.0601,0.0601,0.06,0.06,4770.0
2025-05-04 00:40:00+09:00,0.06,0.0601,0.06,0.0601,11526.0
2025-05-04 00:45:00+09:00,0.06,0.0602,0.06,0.0601,4871.0
2025-05-04 00:50:00+09:00,0.06,0.0601,0.06,0.06,12752.0
2025-05-04 00:55:00+09:00,0.0599,0.0601,0.0598,0.0599,32479.0
2025-05-04 01:00:00+09:00,0.0598,0.0599,0.0598,0.0599,28025.0
2025-05-04 01:05:00+09:00,0.0599,0.0599,0.0598,0.0598,1926.0
2025-05-04 01:10:00+09:00,0.0598,0.0599,0.0598,0.0599,18583.0
2025-05-04 01:15:00+09:00,0.0599,0.06,0.0598,0.0599,50388.0
2025-05-04 01:20:00+09:00,0.0598,0.0599,0.0595,0.0596,39782.0
2025-05-04 01:25:00+09:00,0.0596,0.0596,0.0596,0.0596,0.0
2025-05-04 01:30:00+09:00,0.0595,0.0595,0.0593,0.0593,7715.0
2025-05-04 01:35:00+09:00,0.0593,0.0593,0.0591,0.0591,56188.0
2025-05-04 01:40:00+09:00,0.059,0.0591,0.059,0.059,3637.0
2025-05-04 01:45:00+09:00,0.0592,0.0592,0.0589,0.059,13529.0
2025-05-04 01:50:00+09:00,0.0591,0.0592,0.059,0.0591,6804.0
2025-05-04 01:55:00+09:00,0.0592,0.0592,0.059,0.059,39333.0
2025-05-04 02:00:00+09:00,0.059,0.0592,0.059,0.059,77991.0
2025-05-04 02:05:00+09:00,0.0589,0.059,0.0565,0.0572,1205218.0
2025-05-04 02:10:00+09:00,0.0573,0.0574,0.057,0.0573,97833.0
2025-05-04 02:15:00+09:00,0.0573,0.0574,0.0571,0.0571,57725.0
2025-05-04 02:20:00+09:00,0.0571,0.0575,0.0571,0.0574,80909.0
2025-05-04 02:25:00+09:00,0.0575,0.0577,0.0574,0.0576,28516.0
2025-05-04 02:30:00+09:00,0.0575,0.0576,0.0573,0.0574,21083.0
2025-05-04 02:35:00+09:00,0.0573,0.0573,0.0571,0.0571,91862.0
2025-05-04 02:40:00+09:00,0.0572,0.0572,0.057,0.0571,47189.0
2025-05-04 02:45:00+09:00,0.0571,0.0574,0.057,0.0573,36639.0
2025-05-04 02:50:00+09:00,0.0572,0.0573,0.0572,0.0572,5955.0
2025-05-04 02:55:00+09:00,0.0573,0.0573,0.057,0.0571,36497.0
2025-05-04 03:00:00+09:00,0.0571,0.0573,0.0569,0.0573,81850.0
2025-05-04 03:05:00+09:00,0.0572,0.0574,0.0572,0.0574,4704.0
2025-05-04 03:10:00+09:00,0.0574,0.0574,0.0571,0.0572,6745.0
2025-05-04 03:15:00+09:00,0.0573,0.0574,0.0572,0.0574,14666.0
2025-05-04 03:20:00+09:00,0.0573,0.0575,0.0573,0.0575,22077.0
2025-05-04 03:25:00+09:00,0.0574,0.0574,0.0571,0.0571,5623.0
2025-05-04 03:30:00+09:00,0.0572,0.0572,0.057,0.057,8524.0
2025-05-04 03:35:00+09:00,0.057,0.057,0.0568,0.0568,29568.0
2025-05-04 03:40:00+09:00,0.0568,0.0568,0.0566,0.0566,14848.0
2025-05-04 03:45:00+09:00,0.0566,0.0569,0.0566,0.0568,13630.0
2025-05-04 03:50:00+09:00,0.0568,0.0568,0.0565,0.0566,66435.0
2025-05-04 03:55:00+09:00,0.0567,0.0567,0.0567,0.0567,52720.0
2025-05-04 04:00:00+09:00,0.0567,0.0568,0.0567,0.0568,12638.0
2025-05-04 04:05:00+09:00,0.0568,0.0569,0.0567,0.0569,1979.0
2025-05-04 04:10:00+09:00,0.0569,0.057,0.0569,0.057,1927.0
2025-05-04 04:15:00+09:00,0.057,0.0573,0.057,0.0573,127750.0
2025-05-04 04:20:00+09:00,0.0573,0.0573,0.0572,0.0572,34222.0
2025-05-04 04:25:00+09:00,0.0571,0.0574,0.0571,0.0574,724.0
2025-05-04 04:30:00+09:00,0.0573,0.0575,0.0573,0.0575,10822.0
2025-05-04 04:35:00+09:00,0.0576,0.0578,0.0576,0.0576,15590.0
2025-05-04 04:40:00+09:00,0.0576,0.0577,0.0576,0.0576,11194.0
2025-05-04 04:45:00+09:00,0.0576,0.0578,0.0576,0.0576,16228.0
2025-05-04 04:50:00+09:00,0.0577,0.0578,0.0577,0.0577,3816.0
2025-05-04 04:55:00+09:00,0.0577,0.0578,0.0576,0.0576,10672.0
2025-05-04 05:00:00+09:00,0.0577,0.0577,0.0575,0.0576,9023.0
2025-05-04 05:05:00+09:00,0.0578,0.0578,0.0576,0.0576,13998.0
2025-05-04 05:10:00+09:00,0.0575,0.0575,0.0573,0.0575,10695.0
2025-05-04 05:15:00+09:00,0.0574,0.0574,0.0572,0.0574,25160.0
2025-05-04 05:20:00+09:00,0.0574,0.0574,0.0573,0.0573,7523.0
2025-05-04 05:25:00+09:00,0.0573,0.0574,0.0573,0.0574,5529.0
2025-05-04 05:30:00+09:00,0.0572,0.0572,0.0572,0.0572,865.0
2025-05-04 05:35:00+09:00,0.0575,0.0575,0.0573,0.0573,19575.0
2025-05-04 05:40:00+09:00,0.0572,0.0574,0.0572,0.0574,8819.0
2025-05-04 05:45:00+09:00,0.0572,0.0574,0.0572,0.0574,4844.0
2025-05-04 05:50:00+09:00,0.0574,0.0574,0.0574,0.0574,411.0
2025-05-04 05:55:00+09:00,0.0574,0.0574,0.0572,0.0572,40050.0
2025-05-04 06:00:00+09:00,0.0572,0.0573,0.057,0.057,50349.0
2025-05-04 06:05:00+09:00,0.057,0.057,0.0567,0.0568,21799.0
2025-05-04 06:10:00+09:00,0.0568,0.0569,0.0567,0.0567,84710.0
2025-05-04 06:15:00+09:00,0.0566,0.057,0.0566,0.057,41305.0
2025-05-04 06:20:00+09:00,0.057,0.0571,0.057,0.0571,97400.0
2025-05-04 06:25:00+09:00,0.0572,0.0573,0.0571,0.0573,7301.0
2025-05-04 06:30:00+09:00,0.0573,0.0575,0.0573,0.0575,16170.0
2025-05-04 06:35:00+09:00,0.0575,0.0575,0.0575,0.0575,29399.0
2025-05-04 06:40:00+09:00,0.0574,0.0575,0.0573,0.0575,36503.0
2025-05-04 06:45:00+09:00,0.0574,0.0575,0.0574,0.0575,9167.0
2025-05-04 06:50:00+09:00,0.0575,0.0575,0.0574,0.0575,30181.0
2025-05-04 06:55:00+09:00,0.0574,0.0574,0.057,0.0571,29687.0
2025-05-04 07:00:00+09:00,0.0571,0.0571,0.0569,0.0569,4427.0
2025-05-04 07:05:00+09:00,0.0569,0.0572,0.0568,0.0571,22784.0
2025-05-04 07:10:00+09:00,0.057,0.0571,0.057,0.0571,22729.0
2025-05-04 07:15:00+09:00,0.057,0.0572,0.057,0.0572,8262.0
2025-05-04 07:20:00+09:00,0.0571,0.0572,0.0571,0.0572,6341.0
2025-05-04 07:25:00+09:00,0.0571,0.0572,0.0571,0.0572,923.0
2025-05-04 07:30:00+09:00,0.0572,0.0574,0.0572,0.0574,12699.0
2025-05-04 07:35:00+09:00,0.0574,0.0574,0.0574,0.0574,3546.0
2025-05-04 07:40:00+09:00,0.0574,0.0575,0.0574,0.0575,4807.0
2025-05-04 07:45:00+09:00,0.0574,0.0575,0.0574,0.0575,2226.0
2025-05-04 07:50:00+09:00,0.0575,0.0575,0.0573,0.0574,9418.0
2025-05-04 07:55:00+09:00,0.0573,0.0574,0.0571,0.0572,13947.0
2025-05-04 08:00:00+09:00,0.057,0.0572,0.0569,0.057,9635.0
2025-05-04 08:05:00+09:00,0.057,0.0571,0.0569,0.057,33490.0
2025-05-04 08:10:00+09:00,0.057,0.057,0.0568,0.0568,3360.0
2025-05-04 08:15:00+09:00,0.0568,0.0569,0.0568,0.0569,15994.0
2025-05-04 08:20:00+09:00,0.0569,0.0571,0.0569,0.0571,12364.0
2025-05-04 08:25:00+09:00,0.0569,0.057,0.0567,0.0568,11881.0
2025-05-04 08:30:00+09:00,0.0569,0.057,0.0569,0.057,4467.0
2025-05-04 08:35:00+09:00,0.0569,0.057,0.0569,0.057,1292.0
2025-05-04 08:40:00+09:00,0.0569,0.057,0.0569,0.057,2190.0
2025-05-04 08:45:00+09:00,0.057,0.0571,0.0569,0.0569,60475.0
2025-05-04 08:50:00+09:00,0.0568,0.0569,0.0568,0.0569,3088.0
2025-05-04 08:55:00+09:00,0.0568,0.0568,0.0565,0.0566,24944.0
2025-05-04 09:00:00+09:00,0.0565,0.0566,0.0563,0.0563,27561.0
2025-05-04 09:05:00+09:00,0.0564,0.0566,0.0563,0.0566,57064.0
2025-05-04 09:10:00+09:00,0.0566,0.0566,0.0566,0.0566,2077.0
2025-05-04 09:15:00+09:00,0.0566,0.0567,0.0566,0.0567,20648.0
2025-05-04 09:20:00+09:00,0.0568,0.0568,0.0566,0.0566,13107.0
2025-05-04 09:25:00+09:00,0.0567,0.0567,0.0564,0.0564,8494.0
2025-05-04 09:30:00+09:00,0.0563,0.0563,0.0547,0.0549,831046.0
2025-05-04 09:35:00+09:00,0.0549,0.0549,0.0542,0.0547,122540.0
2025-05-04 09:40:00+09:00,0.0547,0.0551,0.0547,0.0551,19574.0
2025-05-04 09:45:00+09:00,0.0552,0.0553,0.0548,0.0548,25662.0
2025-05-04 09:50:00+09:00,0.0549,0.055,0.0548,0.055,33121.0
2025-05-04 09:55:00+09:00,0.0552,0.0553,0.0547,0.0548,26117.0
2025-05-04 10:00:00+09:00,0.0548,0.0551,0.0548,0.055,79169.0
2025-05-04 10:05:00+09:00,0.055,0.055,0.0546,0.0548,42290.0
2025-05-04 10:10:00+09:00,0.0548,0.0549,0.0547,0.0549,17198.0
2025-05-04 10:15:00+09:00,0.0548,0.055,0.0548,0.0549,97267.0
2025-05-04 10:20:00+09:00,0.0549,0.055,0.0549,0.055,66975.0
2025-05-04 10:25:00+09:00,0.055,0.0553,0.055,0.0553,6906.0
2025-05-04 10:30:00+09:00,0.0552,0.0553,0.0552,0.0553,22676.0
2025-05-04 10:35:00+09:00,0.0553,0.0554,0.055,0.055,56308.0
2025-05-04 10:40:00+09:00,0.055,0.055,0.0545,0.0545,20727.0
2025-05-04 10:45:00+09:00,0.0546,0.0546,0.0542,0.0545,174169.0
2025-05-04 10:50:00+09:00,0.0546,0.0549,0.0546,0.0548,57143.0
2025-05-04 10:55:00+09:00,0.0549,0.055,0.0549,0.0549,44079.0
2025-05-04 11:00:00+09:00,0.0548,0.0551,0.0548,0.0551,72996.0
2025-05-04 11:05:00+09:00,0.0551,0.0553,0.0549,0.0551,86344.0
2025-05-04 11:10:00+09:00,0.055,0.0554,0.0549,0.0553,173277.0
2025-05-04 11:15:00+09:00,0.0552,0.0552,0.0549,0.055,117770.0
2025-05-04 11:20:00+09:00,0.055,0.0551,0.0549,0.0551,37817.0
2025-05-04 11:25:00+09:00,0.055,0.055,0.0548,0.0548,23169.0
2025-05-04 11:30:00+09:00,0.0549,0.0549,0.0545,0.0545,20793.0
2025-05-04 11:35:00+09:00,0.0545,0.0545,0.054,0.054,131592.0
2025-05-04 11:40:00+09:00,0.0541,0.0541,0.0538,0.054,38452.0
2025-05-04 11:45:00+09:00,0.054,0.0543,0.054,0.0542,99468.0
2025-05-04 11:50:00+09:00,0.0541,0.0542,0.0541,0.0541,37646.0
2025-05-04 11:55:00+09:00,0.0541,0.0547,0.0541,0.0542,498409.0
2025-05-04 12:00:00+09:00,0.0542,0.0542,0.0538,0.0539,62858.0
2025-05-04 12:05:00+09:00,0.0539,0.0539,0.0536,0.0537,36228.0
2025-05-04 12:10:00+09:00,0.0538,0.054,0.0536,0.0539,34943.0
2025-05-04 12:15:00+09:00,0.054,0.0541,0.0537,0.0537,56725.0
2025-05-04 12:20:00+09:00,0.0538,0.054,0.0538,0.054,40660.0
2025-05-04 12:25:00+09:00,0.0541,0.0543,0.054,0.0543,15468.0
2025-05-04 12:30:00+09:00,0.0542,0.0544,0.0542,0.0544,15526.0
2025-05-04 12:35:00+09:00,0.0544,0.0545,0.0544,0.0544,9147.0
2025-05-04 12:40:00+09:00,0.0543,0.0544,0.0542,0.0544,24052.0
2025-05-04 12:45:00+09:00,0.0543,0.0543,0.0542,0.0542,35538.0
2025-05-04 12:50:00+09:00,0.0542,0.0542,0.054,0.0541,31467.0
2025-05-04 12:55:00+09:00,0.0541,0.0541,0.0538,0.0538,37560.0
2025-05-04 13:00:00+09:00,0.0537,0.0537,0.0523,0.0532,653782.0
2025-05-04 13:05:00+09:00,0.0532,0.0533,0.0529,0.0533,86002.0
2025-05-04 13:10:00+09:00,0.0533,0.0534,0.0531,0.0532,81590.0
2025-05-04 13:15:00+09:00,0.0532,0.0535,0.053,0.0531,187610.0
2025-05-04 13:20:00+09:00,0.053,0.0532,0.053,0.0532,66297.0
2025-05-04 13:25:00+09:00,0.0532,0.0533,0.0532,0.0532,67981.0
2025-05-04 13:30:00+09:00,0.0533,0.0533,0.0531,0.0533,16548.0
2025-05-04 13:35:00+09:00,0.0533,0.0533,0.0531,0.0532,129844.0
2025-05-04 13:40:00+09:00,0.0531,0.0533,0.0531,0.0532,26028.0
2025-05-04 13:45:00+09:00,0.0532,0.0534,0.0532,0.0533,33189.0
2025-05-04 13:50:00+09:00,0.0532,0.0534,0.0531,0.0534,9667.0
2025-05-04 13:55:00+09:00,0.0536,0.0536,0.0534,0.0535,21704.0
2025-05-04 14:00:00+09:00,0.0535,0.0536,0.0532,0.0536,50227.0
2025-05-04 14:05:00+09:00,0.0536,0.0536,0.0532,0.0533,46114.0
2025-05-04 14:10:00+09:00,0.0533,0.0533,0.0531,0.0533,5040.0
2025-05-04 14:15:00+09:00,0.0532,0.0533,0.0528,0.0528,261944.0
2025-05-04 14:20:00+09:00,0.0527,0.0532,0.0527,0.0531,73013.0
2025-05-04 14:25:00+09:00,0.0531,0.0534,0.0531,0.0533,8952.0
2025-05-04 14:30:00+09:00,0.0533,0.0535,0.0532,0.0535,77084.0
2025-05-04 14:35:00+09:00,0.0534,0.0535,0.0534,0.0535,20362.0
2025-05-04 14:40:00+09:00,0.0534,0.0535,0.0533,0.0534,11736.0
2025-05-04 14:45:00+09:00,0.0533,0.0535,0.0533,0.0533,15460.0
2025-05-04 14:50:00+09:00,0.0534,0.0535,0.0532,0.0533,22280.0
2025-05-04 14:55:00+09:00,0.0533,0.0534,0.053,0.0531,34756.0
2025-05-04 15:00:00+09:00,0.0531,0.0532,0.0528,0.0532,40764.0
2025-05-04 15:05:00+09:00,0.0531,0.0532,0.053,0.0532,87133.0
2025-05-04 15:10:00+09:00,0.0531,0.0532,0.053,0.0531,15106.0
2025-05-04 15:15:00+09:00,0.0531,0.0532,0.053,0.0532,64221.0
2025-05-04 15:20:00+09:00,0.0531,0.0532,0.0525,0.0525,280113.0
2025-05-04 15:25:00+09:00,0.0525,0.0527,0.0525,0.0527,43224.0
2025-05-04 15:30:00+09:00,0.0527,0.053,0.0526,0.053,73834.0
2025-05-04 15:35:00+09:00,0.053,0.0533,0.053,0.0533,38714.0
2025-05-04 15:40:00+09:00,0.0532,0.0533,0.0531,0.0533,15450.0
2025-05-04 15:45:00+09:00,0.0532,0.0535,0.0531,0.0535,23973.0
2025-05-04 15:50:00+09:00,0.0534,0.0535,0.0531,0.0531,41041.0
2025-05-04 15:55:00+09:00,0.0531,0.0532,0.0531,0.0532,17564.0
2025-05-04 16:00:00+09:00,0.0531,0.0533,0.0531,0.0532,25094.0
2025-05-04 16:05:00+09:00,0.0531,0.0532,0.053,0.0532,4138.0
2025-05-04 16:10:00+09:00,0.0531,0.0533,0.053,0.0533,41361.0
2025-05-04 16:15:00+09:00,0.0532,0.0532,0.053,0.0532,22477.0
2025-05-04 16:20:00+09:00,0.0531,0.0532,0.053,0.0531,2497.0
2025-05-04 16:25:00+09:00,0.0532,0.0532,0.053,0.0531,9356.0
2025-05-04 16:30:00+09:00,0.0531,0.0532,0.0529,0.0532,31692.0
2025-05-04 16:35:00+09:00,0.0531,0.0533,0.0531,0.0532,263513.0
2025-05-04 16:40:00+09:00,0.0531,0.0534,0.0531,0.0533,61816.0
2025-05-04 16:45:00+09:00,0.0533,0.0534,0.0532,0.0533,53695.0
2025-05-04 16:50:00+09:00,0.0533,0.0534,0.0533,0.0534,16015.0
2025-05-04 16:55:00+09:00,0.0533,0.0533,0.0532,0.0533,24273.0
2025-05-04 17:00:00+09:00,0.0532,0.0534,0.0531,0.0534,14604.0
2025-05-04 17:05:00+09:00,0.0533,0.0533,0.0532,0.0533,25032.0
2025-05-04 17:10:00+09:00,0.0532,0.0532,0.0531,0.0532,16197.0
2025-05-04 17:15:00+09:00,0.0531,0.0532,0.053,0.0532,51047.0
2025-05-04 17:20:00+09:00,0.0532,0.0533,0.0532,0.0532,7784.0
2025-05-04 17:25:00+09:00,0.0532,0.0533,0.0531,0.0532,50297.0
2025-05-04 17:30:00+09:00,0.0533,0.0534,0.0532,0.0532,95672.0
2025-05-04 17:35:00+09:00,0.0531,0.0532,0.053,0.053,18168.0
2025-05-04 17:40:00+09:00,0.053,0.0531,0.0527,0.0528,138710.0
2025-05-04 17:45:00+09:00,0.0531,0.0531,0.0529,0.053,7708.0
2025-05-04 17:50:00+09:00,0.0531,0.0531,0.0528,0.0529,75251.0
2025-05-04 17:55:00+09:00,0.0529,0.0531,0.0529,0.053,11249.0
2025-05-04 18:00:00+09:00,0.053,0.0532,0.053,0.0531,31284.0
2025-05-04 18:05:00+09:00,0.0531,0.0533,0.053,0.0531,34854.0
2025-05-04 18:10:00+09:00,0.0532,0.0532,0.0529,0.053,111891.0
2025-05-04 18:15:00+09:00,0.0529,0.053,0.0529,0.0529,1577.0
2025-05-04 18:20:00+09:00,0.0529,0.0529,0.0529,0.0529,34026.0
2025-05-04 18:25:00+09:00,0.0529,0.0529,0.0527,0.0527,14432.0
2025-05-04 18:30:00+09:00,0.0527,0.0529,0.0527,0.0529,16515.0
2025-05-04 18:35:00+09:00,0.0529,0.0529,0.0528,0.0528,20800.0
2025-05-04 18:40:00+09:00,0.0528,0.053,0.0528,0.0529,89195.0
2025-05-04 18:45:00+09:00,0.0529,0.053,0.0528,0.0529,55855.0
2025-05-04 18:50:00+09:00,0.053,0.053,0.053,0.053,4780.0
2025-05-04 18:55:00+09:00,0.053,0.053,0.053,0.053,17757.0
2025-05-04 19:00:00+09:00,0.053,0.0531,0.0529,0.0531,40442.0
2025-05-04 19:05:00+09:00,0.0531,0.0531,0.0527,0.0527,211799.0
2025-05-04 19:10:00+09:00,0.0526,0.0527,0.0525,0.0525,109134.0
2025-05-04 19:15:00+09:00,0.0526,0.0528,0.0526,0.0527,24451.0
2025-05-04 19:20:00+09:00,0.0527,0.0528,0.0527,0.0528,14445.0
2025-05-04 19:25:00+09:00,0.0528,0.053,0.0528,0.053,69439.0
2025-05-04 19:30:00+09:00,0.053,0.0532,0.053,0.0531,36765.0
2025-05-04 19:35:00+09:00,0.0532,0.0532,0.0531,0.0532,3821.0
2025-05-04 19:40:00+09:00,0.0532,0.0533,0.0532,0.0532,14376.0
2025-05-04 19:45:00+09:00,0.0533,0.0533,0.0531,0.0532,32792.0
2025-05-04 19:50:00+09:00,0.0533,0.0535,0.0533,0.0535,65640.0
2025-05-04 19:55:00+09:00,0.0534,0.0535,0.0534,0.0534,7281.0
2025-05-04 20:00:00+09:00,0.0534,0.0535,0.0533,0.0535,42402.0
2025-05-04 20:05:00+09:00,0.0535,0.0537,0.0534,0.0536,89211.0
2025-05-04 20:10:00+09:00,0.0536,0.0537,0.0535,0.0537,27259.0
2025-05-04 20:15:00+09:00,0.0536,0.0538,0.0536,0.0537,69457.0
2025-05-04 20:20:00+09:00,0.0537,0.0539,0.0537,0.0537,15703.0
2025-05-04 20:25:00+09:00,0.0537,0.0538,0.0537,0.0538,16309.0
2025-05-04 20:30:00+09:00,0.0538,0.054,0.0538,0.0539,117448.0
2025-05-04 20:35:00+09:00,0.0538,0.054,0.0538,0.0538,236736.0
2025-05-04 20:40:00+09:00,0.0537,0.0539,0.0537,0.0537,37383.0
2025-05-04 20:45:00+09:00,0.0538,0.0539,0.0537,0.0539,39994.0
2025-05-04 20:50:00+09:00,0.0538,0.0539,0.0538,0.0538,31657.0
2025-05-04 20:55:00+09:00,0.0539,0.0539,0.0538,0.0539,11893.0
2025-05-04 21:00:00+09:00,0.0539,0.0539,0.0536,0.0538,25781.0
2025-05-04 21:05:00+09:00,0.0539,0.0539,0.0539,0.0539,7782.0
2025-05-04 21:10:00+09:00,0.0539,0.054,0.0539,0.0539,12114.0
2025-05-04 21:15:00+09:00,0.0539,0.054,0.0538,0.0538,35619.0
2025-05-04 21:20:00+09:00,0.0537,0.0538,0.0537,0.0537,6704.0
2025-05-04 21:25:00+09:00,0.0537,0.0537,0.0536,0.0536,5311.0
2025-05-04 21:30:00+09:00,0.0536,0.0536,0.0536,0.0536,11484.0
2025-05-04 21:35:00+09:00,0.0537,0.0538,0.0536,0.0537,36412.0
2025-05-04 21:40:00+09:00,0.0537,0.0537,0.0537,0.0537,4992.0
2025-05-04 21:45:00+09:00,0.0538,0.054,0.0537,0.054,180886.0
2025-05-04 21:50:00+09:00,0.0541,0.0541,0.0538,0.0539,26652.0
2025-05-04 21:55:00+09:00,0.054,0.0541,0.054,0.0541,26895.0
2025-05-04 22:00:00+09:00,0.0539,0.054,0.0538,0.054,12866.0
2025-05-04 22:05:00+09:00,0.054,0.054,0.0539,0.054,5566.0
2025-05-04 22:10:00+09:00,0.0539,0.0539,0.0539,0.0539,8056.0
2025-05-04 22:15:00+09:00,0.0538,0.0538,0.0536,0.0536,2625.0
2025-05-04 22:20:00+09:00,0.0536,0.0536,0.0532,0.0533,82127.0
2025-05-04 22:25:00+09:00,0.0533,0.0533,0.0532,0.0533,69133.0
2025-05-04 22:30:00+09:00,0.0534,0.0536,0.0533,0.0534,29519.0
2025-05-04 22:35:00+09:00,0.0534,0.0535,0.0533,0.0535,24324.0
2025-05-04 22:40:00+09:00,0.0533,0.0534,0.0532,0.0534,50569.0
2025-05-04 22:45:00+09:00,0.0533,0.0534,0.0532,0.0534,19922.0
2025-05-04 22:50:00+09:00,0.0534,0.0534,0.0533,0.0534,26219.0
2025-05-04 22:55:00+09:00,0.0534,0.0535,0.0533,0.0535,15951.0
2025-05-04 23:00:00+09:00,0.0535,0.0536,0.0535,0.0536,26244.0
2025-05-04 23:05:00+09:00,0.0536,0.0538,0.0536,0.0538,4647.0
2025-05-04 23:10:00+09:00,0.0538,0.0539,0.0538,0.0539,975.0
2025-05-04 23:15:00+09:00,0.0537,0.0538,0.0537,0.0538,26226.0
2025-05-04 23:20:00+09:00,0.0537,0.054,0.0537,0.0539,54676.0
2025-05-04 23:25:00+09:00,0.0539,0.0539,0.0538,0.0539,47230.0
2025-05-04 23:30:00+09:00,0.0538,0.0539,0.0538,0.0539,9553.0
2025-05-04 23:35:00+09:00,0.0539,0.0542,0.0539,0.054,55803.0
2025-05-04 23:40:00+09:00,0.054,0.0542,0.0539,0.0541,33381.0
2025-05-04 23:45:00+09:00,0.054,0.0541,0.0538,0.054,14149.0
2025-05-04 23:50:00+09:00,0.054,0.0541,0.054,0.0541,2824.0
2025-05-04 23:55:00+09:00,0.054,0.0541,0.0538,0.054,4802.0
2025-05-05 00:00:00+09:00,0.0538,0.0539,0.0538,0.0539,24849.0
2025-05-05 00:05:00+09:00,0.0538,0.0539,0.0537,0.0538,73164.0
2025-05-05 00:10:00+09:00,0.0539,0.0539,0.0537,0.0539,47986.0
2025-05-05 00:15:00+09:00,0.0538,0.0539,0.0538,0.0539,12106.0
2025-05-05 00:20:00+09:00,0.0539,0.054,0.0538,0.0539,110275.0
2025-05-05 00:25:00+09:00,0.0538,0.0539,0.0538,0.0539,34959.0
2025-05-05 00:30:00+09:00,0.0539,0.0539,0.0537,0.0538,30901.0
2025-05-05 00:35:00+09:00,0.0537,0.0538,0.0536,0.0537,114231.0
2025-05-05 00:40:00+09:00,0.0536,0.0537,0.0536,0.0536,5991.0
2025-05-05 00:45:00+09:00,0.0536,0.0536,0.0534,0.0536,28939.0
2025-05-05 00:50:00+09:00,0.0536,0.0537,0.0536,0.0537,10457.0
2025-05-05 00:55:00+09:00,0.0537,0.0537,0.0536,0.0537,28457.0
2025-05-05 01:00:00+09:00,0.0536,0.0538,0.0536,0.0538,18092.0
2025-05-05 01:05:00+09:00,0.0538,0.0538,0.0537,0.0537,22499.0
2025-05-05 01:10:00+09:00,0.0537,0.0538,0.0537,0.0537,38840.0
2025-05-05 01:15:00+09:00,0.0536,0.0536,0.0534,0.0535,115853.0
2025-05-05 01:20:00+09:00,0.0534,0.0537,0.0534,0.0537,62600.0
2025-05-05 01:25:00+09:00,0.0537,0.0537,0.0536,0.0537,20626.0
2025-05-05 01:30:00+09:00,0.0537,0.0537,0.0534,0.0534,56662.0
2025-05-05 01:35:00+09:00,0.0534,0.0535,0.0534,0.0534,44750.0
2025-05-05 01:40:00+09:00,0.0535,0.0535,0.0533,0.0533,53776.0
2025-05-05 01:45:00+09:00,0.0534,0.0534,0.0533,0.0533,34227.0
2025-05-05 01:50:00+09:00,0.0534,0.0535,0.0534,0.0534,26492.0
2025-05-05 01:55:00+09:00,0.0534,0.0534,0.0534,0.0534,13695.0
2025-05-05 02:00:00+09:00,0.0534,0.0535,0.0533,0.0534,47552.0
2025-05-05 02:05:00+09:00,0.0533,0.0534,0.0532,0.0534,34048.0
2025-05-05 02:10:00+09:00,0.0534,0.0536,0.0534,0.0535,66207.0
2025-05-05 02:15:00+09:00,0.0534,0.0535,0.0534,0.0534,16372.0
2025-05-05 02:20:00+09:00,0.0534,0.0535,0.0531,0.0531,63934.0
2025-05-05 02:25:00+09:00,0.053,0.053,0.0529,0.0529,163744.0
2025-05-05 02:30:00+09:00,0.0529,0.0529,0.0525,0.0527,114880.0
2025-05-05 02:35:00+09:00,0.0527,0.0528,0.0527,0.0528,39362.0
2025-05-05 02:40:00+09:00,0.0529,0.053,0.0527,0.053,185414.0
2025-05-05 02:45:00+09:00,0.053,0.0531,0.0529,0.0531,115851.0
2025-05-05 02:50:00+09:00,0.0532,0.0533,0.0532,0.0533,1423.0
2025-05-05 02:55:00+09:00,0.0533,0.0533,0.0533,0.0533,14157.0
2025-05-05 03:00:00+09:00,0.0532,0.0534,0.0532,0.0533,44423.0
2025-05-05 03:05:00+09:00,0.0533,0.0533,0.0533,0.0533,11917.0
2025-05-05 03:10:00+09:00,0.0533,0.0533,0.0532,0.0532,61728.0
2025-05-05 03:15:00+09:00,0.0532,0.0534,0.0532,0.0533,25175.0
2025-05-05 03:20:00+09:00,0.0533,0.0533,0.0532,0.0532,7303.0
2025-05-05 03:25:00+09:00,0.0533,0.0534,0.0532,0.0534,19536.0
2025-05-05 03:30:00+09:00,0.0533,0.0533,0.0531,0.0531,11847.0
2025-05-05 03:35:00+09:00,0.0531,0.0531,0.0531,0.0531,0.0
2025-05-05 03:40:00+09:00,0.053,0.0531,0.053,0.0531,411.0
2025-05-05 03:45:00+09:00,0.0531,0.0532,0.053,0.053,10434.0
2025-05-05 03:50:00+09:00,0.053,0.053,0.053,0.053,2586.0
2025-05-05 03:55:00+09:00,0.0531,0.0532,0.0531,0.0531,3206.0
2025-05-05 04:00:00+09:00,0.053,0.053,0.0528,0.0529,51597.0
2025-05-05 04:05:00+09:00,0.0529,0.0529,0.0529,0.0529,11778.0
2025-05-05 04:10:00+09:00,0.053,0.0531,0.053,0.053,25210.0
2025-05-05 04:15:00+09:00,0.0531,0.0531,0.0529,0.053,13834.0
2025-05-05 04:20:00+09:00,0.0531,0.0532,0.0531,0.0532,16936.0
2025-05-05 04:25:00+09:00,0.0531,0.0531,0.0531,0.0531,3557.0
2025-05-05 04:30:00+09:00,0.053,0.0531,0.053,0.0531,1021.0
2025-05-05 04:35:00+09:00,0.0532,0.0532,0.0532,0.0532,9343.0
2025-05-05 04:40:00+09:00,0.0533,0.0533,0.0532,0.0532,600.0
2025-05-05 04:45:00+09:00,0.0533,0.0534,0.0532,0.0532,21431.0
2025-05-05 04:50:00+09:00,0.0532,0.0532,0.0531,0.0531,9710.0
2025-05-05 04:55:00+09:00,0.0531,0.0532,0.0531,0.0532,2314.0
2025-05-05 05:00:00+09:00,0.0531,0.0531,0.053,0.0531,18088.0
2025-05-05 05:05:00+09:00,0.0531,0.0531,0.053,0.0531,10846.0
2025-05-05 05:10:00+09:00,0.0532,0.0532,0.0531,0.0531,2171.0
2025-05-05 05:15:00+09:00,0.053,0.0531,0.053,0.0531,3401.0
2025-05-05 05:20:00+09:00,0.0531,0.0532,0.0531,0.0532,22361.0
2025-05-05 05:25:00+09:00,0.0532,0.0535,0.0532,0.0534,47474.0
2025-05-05 05:30:00+09:00,0.0535,0.0535,0.0534,0.0534,23358.0
2025-05-05 05:35:00+09:00,0.0534,0.0534,0.0533,0.0533,17395.0
2025-05-05 05:40:00+09:00,0.0533,0.0534,0.0533,0.0534,916.0
2025-05-05 05:45:00+09:00,0.0533,0.0534,0.0533,0.0534,5009.0
2025-05-05 05:50:00+09:00,0.0535,0.0535,0.0534,0.0534,10367.0
2025-05-05 05:55:00+09:00,0.0533,0.0533,0.0533,0.0533,323.0
2025-05-05 06:00:00+09:00,0.0533,0.0533,0.0532,0.0532,16768.0
2025-05-05 06:05:00+09:00,0.0533,0.0533,0.0533,0.0533,13665.0
2025-05-05 06:10:00+09:00,0.0532,0.0532,0.0532,0.0532,56624.0
2025-05-05 06:15:00+09:00,0.0531,0.0531,0.0531,0.0531,777.0
2025-05-05 06:20:00+09:00,0.0532,0.0533,0.0532,0.0533,14519.0
2025-05-05 06:25:00+09:00,0.0533,0.0533,0.0533,0.0533,386.0
2025-05-05 06:30:00+09:00,0.0534,0.0534,0.0533,0.0534,7722.0
2025-05-05 06:35:00+09:00,0.0533,0.0535,0.0533,0.0535,12186.0
2025-05-05 06:40:00+09:00,0.0533,0.0535,0.0533,0.0535,1805.0
2025-05-05 06:45:00+09:00,0.0535,0.0535,0.0535,0.0535,2754.0
2025-05-05 06:50:00+09:00,0.0535,0.0535,0.0535,0.0535,12637.0
2025-05-05 06:55:00+09:00,0.0535,0.0536,0.0535,0.0536,8454.0
2025-05-05 07:00:00+09:00,0.0535,0.0535,0.053,0.0531,18529.0
2025-05-05 07:05:00+09:00,0.053,0.0534,0.053,0.0531,71929.0
2025-05-05 07:10:00+09:00,0.0532,0.0532,0.053,0.0531,10763.0
2025-05-05 07:15:00+09:00,0.053,0.0532,0.053,0.0531,33807.0
2025-05-05 07:20:00+09:00,0.0531,0.0533,0.0531,0.0532,14695.0
2025-05-05 07:25:00+09:00,0.0532,0.0533,0.0531,0.0533,4145.0
2025-05-05 07:30:00+09:00,0.0531,0.0532,0.053,0.053,4973.0
2025-05-05 07:35:00+09:00,0.053,0.0531,0.0529,0.0531,8098.0
2025-05-05 07:40:00+09:00,0.053,0.0532,0.053,0.0532,6396.0
2025-05-05 07:45:00+09:00,0.053,0.0532,0.053,0.0532,2971.0
2025-05-05 07:50:00+09:00,0.0532,0.0533,0.0531,0.0532,6007.0
2025-05-05 07:55:00+09:00,0.0533,0.0535,0.0533,0.0535,50839.0
2025-05-05 08:00:00+09:00,0.0534,0.0535,0.0532,0.0535,24588.0
2025-05-05 08:05:00+09:00,0.0532,0.0533,0.0532,0.0533,34688.0
2025-05-05 08:10:00+09:00,0.0532,0.0534,0.0532,0.0534,2648.0
2025-05-05 08:15:00+09:00,0.0533,0.0534,0.0533,0.0534,2187.0
2025-05-05 08:20:00+09:00,0.0533,0.0536,0.0533,0.0536,10418.0
2025-05-05 08:25:00+09:00,0.0535,0.0536,0.0534,0.0535,10362.0
2025-05-05 08:30:00+09:00,0.0534,0.0536,0.0534,0.0536,23954.0
2025-05-05 08:35:00+09:00,0.0537,0.0537,0.0536,0.0536,8579.0
2025-05-05 08:40:00+09:00,0.0535,0.0536,0.0535,0.0536,4074.0
2025-05-05 08:45:00+09:00,0.0535,0.0537,0.0535,0.0536,11955.0
2025-05-05 08:50:00+09:00,0.0537,0.0537,0.0535,0.0537,7456.0
2025-05-05 08:55:00+09:00,0.0535,0.0537,0.0535,0.0536,5072.0
2025-05-05 09:00:00+09:00,0.0535,0.0537,0.0535,0.0536,15844.0
2025-05-05 09:05:00+09:00,0.0535,0.0535,0.0535,0.0535,2037.0
2025-05-05 09:10:00+09:00,0.0534,0.0534,0.0533,0.0533,17115.0
2025-05-05 09:15:00+09:00,0.0534,0.0534,0.0533,0.0533,3578.0
2025-05-05 09:20:00+09:00,0.0533,0.0535,0.0533,0.0535,15421.0
2025-05-05 09:25:00+09:00,0.0535,0.0537,0.0535,0.0537,14035.0
2025-05-05 09:30:00+09:00,0.0536,0.0537,0.0536,0.0536,36694.0
2025-05-05 09:35:00+09:00,0.0535,0.0536,0.0535,0.0536,7974.0
2025-05-05 09:40:00+09:00,0.0535,0.0535,0.0534,0.0534,3947.0
2025-05-05 09:45:00+09:00,0.0534,0.0536,0.0534,0.0536,17111.0
2025-05-05 09:50:00+09:00,0.0536,0.0536,0.0536,0.0536,7195.0
2025-05-05 09:55:00+09:00,0.0536,0.0536,0.0536,0.0536,0.0
2025-05-05 10:00:00+09:00,0.0535,0.0535,0.0534,0.0534,25131.0
2025-05-05 10:05:00+09:00,0.0532,0.0533,0.0531,0.0531,32012.0
2025-05-05 10:10:00+09:00,0.0532,0.0533,0.0532,0.0533,14916.0
2025-05-05 10:15:00+09:00,0.0534,0.0535,0.0534,0.0534,67830.0
2025-05-05 10:20:00+09:00,0.0534,0.0534,0.0534,0.0534,0.0
2025-05-05 10:25:00+09:00,0.0532,0.0533,0.0532,0.0533,1163.0
2025-05-05 10:30:00+09:00,0.053,0.053,0.0527,0.0528,31353.0
2025-05-05 10:35:00+09:00,0.0529,0.053,0.0529,0.0529,10484.0
2025-05-05 10:40:00+09:00,0.0527,0.0527,0.0527,0.0527,3699.0
2025-05-05 10:45:00+09:00,0.0527,0.0527,0.0526,0.0527,1180.0
2025-05-05 10:50:00+09:00,0.0527,0.0529,0.0527,0.0529,4089.0
2025-05-05 10:55:00+09:00,0.0528,0.0528,0.0528,0.0528,102.0
2025-05-05 11:00:00+09:00,0.0527,0.0528,0.0526,0.0528,16412.0
2025-05-05 11:05:00+09:00,0.0528,0.0529,0.0527,0.0528,11939.0
2025-05-05 11:10:00+09:00,0.0528,0.0532,0.0528,0.053,236955.0
2025-05-05 11:15:00+09:00,0.0531,0.0536,0.0531,0.0536,118336.0
2025-05-05 11:20:00+09:00,0.0535,0.0535,0.0535,0.0535,36799.0
2025-05-05 11:25:00+09:00,0.0536,0.0536,0.0536,0.0536,15587.0
2025-05-05 11:30:00+09:00,0.0537,0.054,0.0536,0.0538,95785.0
2025-05-05 11:35:00+09:00,0.0538,0.054,0.0538,0.0538,18334.0
2025-05-05 11:40:00+09:00,0.0537,0.0538,0.0537,0.0538,419.0
2025-05-05 11:45:00+09:00,0.0537,0.0538,0.0536,0.0538,29893.0
2025-05-05 11:50:00+09:00,0.0538,0.0538,0.0537,0.0538,26091.0
2025-05-05 11:55:00+09:00,0.0537,0.0537,0.0536,0.0536,911.0
2025-05-05 12:00:00+09:00,0.0536,0.0538,0.0535,0.0538,23906.0
2025-05-05 12:05:00+09:00,0.0537,0.0537,0.0536,0.0537,14049.0
2025-05-05 12:10:00+09:00,0.0536,0.0537,0.0535,0.0537,21566.0
2025-05-05 12:15:00+09:00,0.0537,0.0537,0.0535,0.0537,13426.0
2025-05-05 12:20:00+09:00,0.0537,0.0539,0.0536,0.0537,67500.0
2025-05-05 12:25:00+09:00,0.0537,0.0537,0.0535,0.0536,3573.0
2025-05-05 12:30:00+09:00,0.0536,0.0536,0.0536,0.0536,4976.0
2025-05-05 12:35:00+09:00,0.0536,0.0536,0.0536,0.0536,1159.0
2025-05-05 12:40:00+09:00,0.0537,0.0538,0.0537,0.0538,1603.0
2025-05-05 12:45:00+09:00,0.0537,0.0537,0.0536,0.0537,19470.0
2025-05-05 12:50:00+09:00,0.0536,0.0537,0.0535,0.0537,32658.0
2025-05-05 12:55:00+09:00,0.0537,0.0537,0.0537,0.0537,104.0
2025-05-05 13:00:00+09:00,0.0536,0.0536,0.0535,0.0535,2920.0
2025-05-05 13:05:00+09:00,0.0535,0.0535,0.0535,0.0535,0.0
2025-05-05 13:10:00+09:00,0.0534,0.0535,0.0534,0.0535,14776.0
2025-05-05 13:15:00+09:00,0.0536,0.0537,0.0536,0.0537,12218.0
2025-05-05 13:20:00+09:00,0.0536,0.0537,0.0536,0.0537,1215.0
2025-05-05 13:25:00+09:00,0.0537,0.0538,0.0537,0.0538,17211.0
2025-05-05 13:30:00+09:00,0.0538,0.0538,0.0538,0.0538,4646.0
2025-05-05 13:35:00+09:00,0.0537,0.0539,0.0537,0.0538,51354.0
2025-05-05 13:40:00+09:00,0.0539,0.0539,0.0537,0.0539,6181.0
2025-05-05 13:45:00+09:00,0.0538,0.0539,0.0538,0.0538,6396.0
2025-05-05 13:50:00+09:00,0.0538,0.0538,0.0537,0.0537,1534.0
2025-05-05 13:55:00+09:00,0.0538,0.0545,0.0537,0.0538,1568914.0
2025-05-05 14:00:00+09:00,0.0537,0.0538,0.0536,0.0537,74561.0
2025-05-05 14:05:00+09:00,0.0537,0.0538,0.0535,0.0537,222023.0
2025-05-05 14:10:00+09:00,0.0535,0.0536,0.0535,0.0536,44887.0
2025-05-05 14:15:00+09:00,0.0535,0.0537,0.0535,0.0536,43345.0
2025-05-05 14:20:00+09:00,0.0536,0.0536,0.0535,0.0535,14839.0
2025-05-05 14:25:00+09:00,0.0536,0.0536,0.0535,0.0535,487.0
2025-05-05 14:30:00+09:00,0.0536,0.0537,0.0535,0.0536,45884.0
2025-05-05 14:35:00+09:00,0.0536,0.0537,0.0536,0.0537,8989.0
2025-05-05 14:40:00+09:00,0.0537,0.0537,0.0535,0.0537,4202.0
2025-05-05 14:45:00+09:00,0.0537,0.0537,0.0537,0.0537,8288.0
2025-05-05 14:50:00+09:00,0.0537,0.0537,0.0537,0.0537,108.0
2025-05-05 14:55:00+09:00,0.0537,0.0538,0.0537,0.0538,27779.0
2025-05-05 15:00:00+09:00,0.0537,0.0538,0.0536,0.0538,4813.0
2025-05-05 15:05:00+09:00,0.0536,0.0537,0.0536,0.0537,7389.0
2025-05-05 15:10:00+09:00,0.0535,0.0537,0.0535,0.0537,738.0
2025-05-05 15:15:00+09:00,0.0537,0.0537,0.0534,0.0537,38783.0
2025-05-05 15:20:00+09:00,0.0535,0.0536,0.0535,0.0535,20656.0
2025-05-05 15:25:00+09:00,0.0535,0.0535,0.0534,0.0535,66154.0
2025-05-05 15:30:00+09:00,0.0535,0.0535,0.0535,0.0535,0.0
2025-05-05 15:35:00+09:00,0.0535,0.0535,0.0535,0.0535,49041.0
2025-05-05 15:40:00+09:00,0.0535,0.0535,0.0534,0.0535,8811.0
2025-05-05 15:45:00+09:00,0.0535,0.0535,0.0535,0.0535,564.0
2025-05-05 15:50:00+09:00,0.0534,0.0535,0.0534,0.0535,2303.0
2025-05-05 15:55:00+09:00,0.0534,0.0535,0.0534,0.0535,4638.0
2025-05-05 16:00:00+09:00,0.0535,0.0535,0.0533,0.0533,87900.0
2025-05-05 16:05:00+09:00,0.0532,0.0533,0.0531,0.0532,25659.0
2025-05-05 16:10:00+09:00,0.0532,0.0533,0.053,0.0533,28556.0
2025-05-05 16:15:00+09:00,0.0533,0.0533,0.0531,0.0533,45299.0
2025-05-05 16:20:00+09:00,0.0533,0.0533,0.0532,0.0533,11726.0
2025-05-05 16:25:00+09:00,0.0532,0.0532,0.0531,0.0532,1342.0
2025-05-05 16:30:00+09:00,0.0532,0.0533,0.0531,0.0532,40961.0
2025-05-05 16:35:00+09:00,0.0532,0.0533,0.0531,0.0533,13023.0
2025-05-05 16:40:00+09:00,0.0533,0.0533,0.0533,0.0533,299.0
2025-05-05 16:45:00+09:00,0.0533,0.0533,0.0533,0.0533,227.0
2025-05-05 16:50:00+09:00,0.0533,0.0533,0.0532,0.0533,439.0
2025-05-05 16:55:00+09:00,0.0532,0.0534,0.0532,0.0534,24863.0
2025-05-05 17:00:00+09:00,0.0534,0.0535,0.0534,0.0534,43594.0
2025-05-05 17:05:00+09:00,0.0534,0.0534,0.0533,0.0533,71151.0
2025-05-05 17:10:00+09:00,0.0532,0.0533,0.0532,0.0533,4129.0
2025-05-05 17:15:00+09:00,0.0533,0.0535,0.0533,0.0535,99016.0
2025-05-05 17:20:00+09:00,0.0535,0.0535,0.0533,0.0533,7770.0
2025-05-05 17:25:00+09:00,0.0533,0.0534,0.0533,0.0534,41467.0
2025-05-05 17:30:00+09:00,0.0534,0.0535,0.0534,0.0535,25905.0
2025-05-05 17:35:00+09:00,0.0535,0.0535,0.0534,0.0534,12705.0
2025-05-05 17:40:00+09:00,0.0536,0.0536,0.0536,0.0536,365.0
2025-05-05 17:45:00+09:00,0.0536,0.0536,0.0536,0.0536,1902.0
2025-05-05 17:50:00+09:00,0.0534,0.0536,0.0533,0.0533,127366.0
2025-05-05 17:55:00+09:00,0.0532,0.0532,0.0532,0.0532,1507.0
2025-05-05 18:00:00+09:00,0.0534,0.0534,0.0534,0.0534,851.0
2025-05-05 18:05:00+09:00,0.0532,0.0533,0.0532,0.0533,8801.0
2025-05-05 18:10:00+09:00,0.0533,0.0533,0.0533,0.0533,323.0
2025-05-05 18:15:00+09:00,0.0534,0.0534,0.0532,0.0532,2048.0
2025-05-05 18:20:00+09:00,0.0532,0.0534,0.0532,0.0534,8254.0
2025-05-05 18:25:00+09:00,0.0534,0.0534,0.0534,0.0534,7700.0
2025-05-05 18:30:00+09:00,0.0532,0.0532,0.0532,0.0532,1135.0
2025-05-05 18:35:00+09:00,0.0532,0.0532,0.0532,0.0532,2028.0
2025-05-05 18:40:00+09:00,0.0534,0.0534,0.0534,0.0534,377.0
2025-05-05 18:45:00+09:00,0.0532,0.0532,0.0532,0.0532,52710.0
2025-05-05 18:50:00+09:00,0.0533,0.0533,0.0532,0.0533,1935.0
2025-05-05 18:55:00+09:00,0.0532,0.0532,0.0532,0.0532,6715.0
2025-05-05 19:00:00+09:00,0.0531,0.0533,0.0531,0.0531,1626.0
2025-05-05 19:05:00+09:00,0.053,0.053,0.0529,0.0529,146672.0
2025-05-05 19:10:00+09:00,0.0529,0.0529,0.0527,0.0527,14255.0
2025-05-05 19:15:00+09:00,0.0527,0.0527,0.0525,0.0527,37454.0
2025-05-05 19:20:00+09:00,0.0525,0.0527,0.0525,0.0527,4684.0
2025-05-05 19:25:00+09:00,0.0525,0.0527,0.0525,0.0525,16402.0
2025-05-05 19:30:00+09:00,0.0527,0.0527,0.0526,0.0526,4382.0
2025-05-05 19:35:00+09:00,0.0526,0.0526,0.0524,0.0524,516.0
2025-05-05 19:40:00+09:00,0.0526,0.0526,0.0526,0.0526,645.0
2025-05-05 19:45:00+09:00,0.0524,0.0524,0.0514,0.0519,461384.0
2025-05-05 19:50:00+09:00,0.0518,0.052,0.0517,0.052,23749.0
2025-05-05 19:55:00+09:00,0.0519,0.0522,0.0519,0.052,9020.0
2025-05-05 20:00:00+09:00,0.0522,0.0524,0.0522,0.0523,70877.0
2025-05-05 20:05:00+09:00,0.0523,0.0523,0.0522,0.0523,25920.0
2025-05-05 20:10:00+09:00,0.0522,0.0523,0.0522,0.0523,26126.0
2025-05-05 20:15:00+09:00,0.0523,0.0523,0.0523,0.0523,4274.0
2025-05-05 20:20:00+09:00,0.0522,0.0522,0.0521,0.0521,34364.0
2025-05-05 20:25:00+09:00,0.0522,0.0522,0.052,0.052,5909.0
2025-05-05 20:30:00+09:00,0.0519,0.0519,0.0516,0.0519,21027.0
2025-05-05 20:35:00+09:00,0.0517,0.0517,0.0514,0.0515,107167.0
2025-05-05 20:40:00+09:00,0.0515,0.0515,0.0514,0.0514,13518.0
2025-05-05 20:45:00+09:00,0.0516,0.0516,0.0516,0.0516,2529.0
2025-05-05 20:50:00+09:00,0.0517,0.0517,0.0517,0.0517,607.0
2025-05-05 20:55:00+09:00,0.0515,0.0517,0.0515,0.0516,4768.0
2025-05-05 21:00:00+09:00,0.0515,0.0516,0.0513,0.0513,45990.0
2025-05-05 21:05:00+09:00,0.0514,0.0517,0.0514,0.0517,23211.0
2025-05-05 21:10:00+09:00,0.0516,0.0518,0.0516,0.0518,10528.0
2025-05-05 21:15:00+09:00,0.0519,0.052,0.0519,0.052,470.0
2025-05-05 21:20:00+09:00,0.0519,0.0519,0.0518,0.0519,43990.0
2025-05-05 21:25:00+09:00,0.052,0.0521,0.0519,0.0519,16240.0
2025-05-05 21:30:00+09:00,0.0521,0.0521,0.0518,0.0518,3215.0
2025-05-05 21:35:00+09:00,0.0519,0.0519,0.0519,0.0519,17892.0
2025-05-05 21:40:00+09:00,0.0518,0.0519,0.0518,0.0519,29916.0
2025-05-05 21:45:00+09:00,0.0517,0.0518,0.0517,0.0518,11330.0
2025-05-05 21:50:00+09:00,0.0518,0.0518,0.0515,0.0516,27005.0
2025-05-05 21:55:00+09:00,0.0516,0.0516,0.0515,0.0516,7122.0
2025-05-05 22:00:00+09:00,0.0517,0.0517,0.0517,0.0517,30534.0
2025-05-05 22:05:00+09:00,0.0518,0.0518,0.0516,0.0516,61105.0
2025-05-05 22:10:00+09:00,0.0516,0.0517,0.0516,0.0516,55776.0
2025-05-05 22:15:00+09:00,0.0515,0.0516,0.0515,0.0516,32189.0
2025-05-05 22:20:00+09:00,0.0517,0.0518,0.0515,0.0517,61975.0
2025-05-05 22:25:00+09:00,0.0516,0.0517,0.0516,0.0517,11415.0
2025-05-05 22:30:00+09:00,0.0516,0.0517,0.0513,0.0517,41742.0
2025-05-05 22:35:00+09:00,0.0516,0.0518,0.0515,0.0516,22280.0
2025-05-05 22:40:00+09:00,0.0514,0.0517,0.0514,0.0517,11998.0
2025-05-05 22:45:00+09:00,0.0515,0.0517,0.0515,0.0517,14672.0
2025-05-05 22:50:00+09:00,0.0515,0.0518,0.0515,0.0518,1949.0
2025-05-05 22:55:00+09:00,0.0517,0.0522,0.0517,0.0522,97577.0
2025-05-05 23:00:00+09:00,0.0521,0.0523,0.0519,0.052,436407.0
2025-05-05 23:05:00+09:00,0.0519,0.0521,0.0518,0.0521,20078.0
2025-05-05 23:10:00+09:00,0.0519,0.0521,0.0519,0.0521,1638.0
2025-05-05 23:15:00+09:00,0.0521,0.0522,0.0521,0.0521,8209.0
2025-05-05 23:20:00+09:00,0.0522,0.0522,0.0519,0.052,30202.0
2025-05-05 23:25:00+09:00,0.052,0.0521,0.0519,0.0521,2523.0
2025-05-05 23:30:00+09:00,0.052,0.0521,0.0519,0.0521,19368.0
2025-05-05 23:35:00+09:00,0.0519,0.0522,0.0519,0.0522,981.0
2025-05-05 23:40:00+09:00,0.0522,0.0524,0.0522,0.0523,8817.0
2025-05-05 23:45:00+09:00,0.0522,0.0523,0.0521,0.0523,2586.0
2025-05-05 23:50:00+09:00,0.0523,0.0523,0.0522,0.0522,17221.0
2025-05-05 23:55:00+09:00,0.0523,0.0523,0.0522,0.0523,357.0
2025-05-06 00:00:00+09:00,0.0522,0.0524,0.0522,0.0524,23986.0
2025-05-06 00:05:00+09:00,0.0525,0.0526,0.0524,0.0525,90096.0
2025-05-06 00:10:00+09:00,0.0524,0.0526,0.0523,0.0526,14100.0
2025-05-06 00:15:00+09:00,0.0524,0.0527,0.0524,0.0527,208021.0
2025-05-06 00:20:00+09:00,0.0527,0.0528,0.0526,0.0528,39355.0
2025-05-06 00:25:00+09:00,0.0526,0.0527,0.0525,0.0527,52593.0
2025-05-06 00:30:00+09:00,0.0527,0.0527,0.0525,0.0525,19291.0
2025-05-06 00:35:00+09:00,0.0526,0.0526,0.0524,0.0525,11220.0
2025-05-06 00:40:00+09:00,0.0524,0.0525,0.052,0.0522,104103.0
2025-05-06 00:45:00+09:00,0.0522,0.0523,0.0521,0.0521,19377.0
2025-05-06 00:50:00+09:00,0.0522,0.0524,0.0521,0.0524,10204.0
2025-05-06 00:55:00+09:00,0.0525,0.0525,0.0525,0.0525,339.0
2025-05-06 01:00:00+09:00,0.0524,0.0524,0.0524,0.0524,33332.0
2025-05-06 01:05:00+09:00,0.0525,0.0526,0.0525,0.0526,8621.0
2025-05-06 01:10:00+09:00,0.0526,0.0526,0.0526,0.0526,356.0
2025-05-06 01:15:00+09:00,0.0528,0.0529,0.0527,0.0529,14660.0
2025-05-06 01:20:00+09:00,0.0529,0.0529,0.0529,0.0529,214.0
2025-05-06 01:25:00+09:00,0.0528,0.0529,0.0528,0.0529,30230.0
2025-05-06 01:30:00+09:00,0.0529,0.0529,0.0529,0.0529,445.0
2025-05-06 01:35:00+09:00,0.053,0.053,0.0529,0.053,4968.0
2025-05-06 01:40:00+09:00,0.0531,0.0531,0.0529,0.0529,1279.0
2025-05-06 01:45:00+09:00,0.0529,0.0529,0.0529,0.0529,19315.0
2025-05-06 01:50:00+09:00,0.0529,0.0529,0.0529,0.0529,94.0
2025-05-06 01:55:00+09:00,0.0528,0.0528,0.0528,0.0528,118.0
2025-05-06 02:00:00+09:00,0.0527,0.0527,0.0526,0.0527,6066.0
2025-05-06 02:05:00+09:00,0.0526,0.0526,0.0525,0.0525,14694.0
2025-05-06 02:10:00+09:00,0.0524,0.0526,0.0524,0.0525,26392.0
2025-05-06 02:15:00+09:00,0.0524,0.0526,0.0524,0.0526,14358.0
2025-05-06 02:20:00+09:00,0.0525,0.0526,0.0525,0.0526,5003.0
2025-05-06 02:25:00+09:00,0.0527,0.0527,0.0527,0.0527,97.0
2025-05-06 02:30:00+09:00,0.0526,0.0526,0.0526,0.0526,750.0
2025-05-06 02:35:00+09:00,0.0528,0.0528,0.0527,0.0528,1960.0
2025-05-06 02:40:00+09:00,0.053,0.053,0.053,0.053,292.0
2025-05-06 02:45:00+09:00,0.053,0.053,0.053,0.053,109.0
2025-05-06 02:50:00+09:00,0.053,0.053,0.053,0.053,3222.0
2025-05-06 02:55:00+09:00,0.053,0.0532,0.053,0.053,2326.0
2025-05-06 03:00:00+09:00,0.053,0.053,0.0528,0.0529,26071.0
2025-05-06 03:05:00+09:00,0.0529,0.0531,0.0529,0.0531,16466.0
2025-05-06 03:10:00+09:00,0.0532,0.0532,0.0532,0.0532,357.0
2025-05-06 03:15:00+09:00,0.0532,0.0532,0.0532,0.0532,266.0
2025-05-06 03:20:00+09:00,0.0532,0.0532,0.053,0.0532,2561.0
2025-05-06 03:25:00+09:00,0.0532,0.0532,0.053,0.053,5483.0
2025-05-06 03:30:00+09:00,0.053,0.0531,0.053,0.0531,22832.0
2025-05-06 03:35:00+09:00,0.053,0.0536,0.053,0.0534,77365.0
2025-05-06 03:40:00+09:00,0.0535,0.0536,0.0534,0.0535,15880.0
2025-05-06 03:45:00+09:00,0.0536,0.0536,0.0535,0.0535,1044.0
2025-05-06 03:50:00+09:00,0.0535,0.0535,0.0534,0.0534,18396.0
2025-05-06 03:55:00+09:00,0.0534,0.0535,0.0534,0.0534,9515.0
2025-05-06 04:00:00+09:00,0.0534,0.0534,0.0533,0.0534,8722.0
2025-05-06 04:05:00+09:00,0.0534,0.0534,0.0533,0.0534,17331.0
2025-05-06 04:10:00+09:00,0.0533,0.0536,0.0533,0.0536,17459.0
2025-05-06 04:15:00+09:00,0.0534,0.0534,0.0533,0.0533,10429.0
2025-05-06 04:20:00+09:00,0.0533,0.0534,0.0532,0.0532,11472.0
2025-05-06 04:25:00+09:00,0.0532,0.0532,0.0532,0.0532,4956.0
2025-05-06 04:30:00+09:00,0.0532,0.0532,0.053,0.0531,19206.0
2025-05-06 04:35:00+09:00,0.0531,0.0531,0.0528,0.0528,109057.0
2025-05-06 04:40:00+09:00,0.0529,0.053,0.0529,0.0529,9885.0
2025-05-06 04:45:00+09:00,0.0529,0.0529,0.0529,0.0529,6748.0
2025-05-06 04:50:00+09:00,0.053,0.053,0.053,0.053,8899.0
2025-05-06 04:55:00+09:00,0.0529,0.053,0.0528,0.0529,19245.0
2025-05-06 05:00:00+09:00,0.0529,0.053,0.0527,0.0527,37498.0
2025-05-06 05:05:00+09:00,0.0526,0.0526,0.0525,0.0525,39108.0
2025-05-06 05:10:00+09:00,0.0525,0.0526,0.0525,0.0526,20983.0
2025-05-06 05:15:00+09:00,0.0525,0.0526,0.0524,0.0525,34691.0
2025-05-06 05:20:00+09:00,0.0525,0.0525,0.0524,0.0525,7085.0
2025-05-06 05:25:00+09:00,0.0525,0.0525,0.0524,0.0524,20052.0
2025-05-06 05:30:00+09:00,0.0524,0.0525,0.0521,0.0521,121203.0
2025-05-06 05:35:00+09:00,0.0521,0.0523,0.052,0.0522,24294.0
2025-05-06 05:40:00+09:00,0.0523,0.0523,0.0522,0.0522,25693.0
2025-05-06 05:45:00+09:00,0.0522,0.0523,0.0522,0.0523,10606.0
2025-05-06 05:50:00+09:00,0.0524,0.0525,0.0524,0.0525,32585.0
2025-05-06 05:55:00+09:00,0.0526,0.0526,0.0525,0.0525,26339.0
2025-05-06 06:00:00+09:00,0.0525,0.0527,0.0525,0.0527,35628.0
2025-05-06 06:05:00+09:00,0.0528,0.0529,0.0528,0.0529,3394.0
2025-05-06 06:10:00+09:00,0.0528,0.0531,0.0528,0.0531,16163.0
2025-05-06 06:15:00+09:00,0.053,0.053,0.053,0.053,748.0
2025-05-06 06:20:00+09:00,0.053,0.0532,0.053,0.0531,18486.0
2025-05-06 06:25:00+09:00,0.0532,0.0533,0.0532,0.0532,10808.0
2025-05-06 06:30:00+09:00,0.0533,0.0533,0.053,0.0531,41890.0
2025-05-06 06:35:00+09:00,0.0532,0.0533,0.0531,0.0532,4172.0
2025-05-06 06:40:00+09:00,0.0531,0.0533,0.0531,0.0532,14602.0
2025-05-06 06:45:00+09:00,0.0532,0.0533,0.0532,0.0533,3260.0
2025-05-06 06:50:00+09:00,0.0533,0.0535,0.0533,0.0535,4709.0
2025-05-06 06:55:00+09:00,0.0535,0.0535,0.0533,0.0534,8015.0
2025-05-06 07:00:00+09:00,0.0533,0.0536,0.0533,0.0534,100421.0
2025-05-06 07:05:00+09:00,0.0533,0.0535,0.0533,0.0535,3087.0
2025-05-06 07:10:00+09:00,0.0534,0.0536,0.0534,0.0536,4285.0
2025-05-06 07:15:00+09:00,0.0536,0.0537,0.0535,0.0537,4749.0
2025-05-06 07:20:00+09:00,0.0536,0.0536,0.0534,0.0534,6137.0
2025-05-06 07:25:00+09:00,0.0535,0.0535,0.0533,0.0535,14160.0
2025-05-06 07:30:00+09:00,0.0535,0.0536,0.0532,0.0534,42169.0
2025-05-06 07:35:00+09:00,0.0535,0.0538,0.0535,0.0538,16028.0
2025-05-06 07:40:00+09:00,0.0536,0.0539,0.0536,0.0539,42877.0
2025-05-06 07:45:00+09:00,0.0539,0.0539,0.0537,0.0538,11577.0
2025-05-06 07:50:00+09:00,0.0539,0.0539,0.0537,0.0538,649.0
2025-05-06 07:55:00+09:00,0.0537,0.0538,0.0537,0.0538,198.0
2025-05-06 08:00:00+09:00,0.0537,0.0538,0.0536,0.0537,24026.0
2025-05-06 08:05:00+09:00,0.0537,0.0537,0.0537,0.0537,0.0
2025-05-06 08:10:00+09:00,0.0536,0.0537,0.0536,0.0537,2176.0
2025-05-06 08:15:00+09:00,0.0534,0.0536,0.0533,0.0535,55191.0
2025-05-06 08:20:00+09:00,0.0535,0.0535,0.0535,0.0535,0.0
2025-05-06 08:25:00+09:00,0.0532,0.0533,0.0532,0.0533,486.0
2025-05-06 08:30:00+09:00,0.0532,0.0534,0.0532,0.0534,423.0
2025-05-06 08:35:00+09:00,0.0533,0.0533,0.0533,0.0533,1778.0
2025-05-06 08:40:00+09:00,0.0533,0.0534,0.0533,0.0534,867.0
2025-05-06 08:45:00+09:00,0.0533,0.0533,0.0531,0.0531,4286.0
2025-05-06 08:50:00+09:00,0.0533,0.0533,0.0532,0.0532,2340.0
2025-05-06 08:55:00+09:00,0.0533,0.0533,0.0532,0.0533,2972.0
2025-05-06 09:00:00+09:00,0.0531,0.0533,0.0531,0.0531,11774.0
2025-05-06 09:05:00+09:00,0.0532,0.0533,0.0532,0.0533,48345.0
2025-05-06 09:10:00+09:00,0.0533,0.0534,0.0533,0.0534,16515.0
2025-05-06 09:15:00+09:00,0.0534,0.0534,0.0532,0.0532,10054.0
2025-05-06 09:20:00+09:00,0.0532,0.0532,0.0532,0.0532,132.0
2025-05-06 09:25:00+09:00,0.0532,0.0535,0.0532,0.0535,7578.0
2025-05-06 09:30:00+09:00,0.0534,0.0534,0.0534,0.0534,187.0
2025-05-06 09:35:00+09:00,0.0533,0.0534,0.0532,0.0534,10152.0
2025-05-06 09:40:00+09:00,0.0533,0.0533,0.0531,0.0531,2105.0
2025-05-06 09:45:00+09:00,0.0532,0.0532,0.053,0.053,21404.0
2025-05-06 09:50:00+09:00,0.0529,0.053,0.0528,0.053,2292.0
2025-05-06 09:55:00+09:00,0.0529,0.053,0.0529,0.053,1490.0
2025-05-06 10:00:00+09:00,0.0531,0.0533,0.0531,0.0533,496.0
2025-05-06 10:05:00+09:00,0.0532,0.0532,0.0532,0.0532,1876.0
2025-05-06 10:10:00+09:00,0.0532,0.0534,0.0532,0.0534,1365.0
2025-05-06 10:15:00+09:00,0.0534,0.0534,0.0534,0.0534,0.0
2025-05-06 10:20:00+09:00,0.0535,0.0535,0.0535,0.0535,1926.0
2025-05-06 10:25:00+09:00,0.0535,0.0535,0.0535,0.0535,0.0
2025-05-06 10:30:00+09:00,0.0534,0.0535,0.0534,0.0535,15262.0
2025-05-06 10:35:00+09:00,0.0533,0.0533,0.0532,0.0532,281.0
2025-05-06 10:40:00+09:00,0.0534,0.0534,0.0534,0.0534,477.0
2025-05-06 10:45:00+09:00,0.0533,0.0533,0.0531,0.0531,7315.0
2025-05-06 10:50:00+09:00,0.0531,0.0532,0.0531,0.0531,14166.0
2025-05-06 10:55:00+09:00,0.0531,0.0532,0.0531,0.0532,9248.0
2025-05-06 11:00:00+09:00,0.0532,0.0532,0.0532,0.0532,2284.0
2025-05-06 11:05:00+09:00,0.0531,0.0531,0.0531,0.0531,11890.0
2025-05-06 11:10:00+09:00,0.0531,0.0532,0.053,0.053,32261.0
2025-05-06 11:15:00+09:00,0.053,0.053,0.0528,0.0528,329983.0
2025-05-06 11:20:00+09:00,0.0528,0.0528,0.0527,0.0527,21475.0
2025-05-06 11:25:00+09:00,0.0526,0.0528,0.0526,0.0528,4799.0
2025-05-06 11:30:00+09:00,0.0527,0.053,0.0526,0.053,20118.0
2025-05-06 11:35:00+09:00,0.0531,0.0531,0.0531,0.0531,711.0
2025-05-06 11:40:00+09:00,0.0532,0.0533,0.0532,0.0533,6635.0
2025-05-06 11:45:00+09:00,0.0533,0.0535,0.0533,0.0535,25843.0
2025-05-06 11:50:00+09:00,0.0535,0.0536,0.0534,0.0535,27689.0
2025-05-06 11:55:00+09:00,0.0535,0.0537,0.0534,0.0534,28234.0
2025-05-06 12:00:00+09:00,0.0534,0.0534,0.0534,0.0534,1765.0
2025-05-06 12:05:00+09:00,0.0534,0.0534,0.0534,0.0534,25484.0
2025-05-06 12:10:00+09:00,0.0534,0.0534,0.0533,0.0533,12822.0
2025-05-06 12:15:00+09:00,0.0533,0.0533,0.0533,0.0533,13048.0
2025-05-06 12:20:00+09:00,0.0533,0.0533,0.0533,0.0533,16422.0
2025-05-06 12:25:00+09:00,0.0534,0.0534,0.0534,0.0534,11714.0
2025-05-06 12:30:00+09:00,0.0534,0.0535,0.0534,0.0535,290.0
2025-05-06 12:35:00+09:00,0.0535,0.0535,0.0535,0.0535,23288.0
2025-05-06 12:40:00+09:00,0.0536,0.0536,0.0535,0.0536,6191.0
2025-05-06 12:45:00+09:00,0.0535,0.0536,0.0535,0.0536,553.0
2025-05-06 12:50:00+09:00,0.0536,0.0536,0.0534,0.0535,27774.0
2025-05-06 12:55:00+09:00,0.0535,0.0535,0.0535,0.0535,0.0
2025-05-06 13:00:00+09:00,0.0536,0.0536,0.0535,0.0535,8897.0
2025-05-06 13:05:00+09:00,0.0535,0.0535,0.0535,0.0535,0.0
2025-05-06 13:10:00+09:00,0.0534,0.0535,0.0534,0.0535,3446.0
2025-05-06 13:15:00+09:00,0.0536,0.0536,0.0536,0.0536,347.0
2025-05-06 13:20:00+09:00,0.0537,0.0538,0.0537,0.0538,5795.0
2025-05-06 13:25:00+09:00,0.0537,0.0537,0.0536,0.0536,9951.0
2025-05-06 13:30:00+09:00,0.0536,0.0536,0.0536,0.0536,10612.0
2025-05-06 13:35:00+09:00,0.0536,0.0536,0.0536,0.0536,0.0
2025-05-06 13:40:00+09:00,0.0535,0.0535,0.0534,0.0534,10242.0
2025-05-06 13:45:00+09:00,0.0535,0.0535,0.0535,0.0535,188.0
2025-05-06 13:50:00+09:00,0.0535,0.0535,0.0535,0.0535,0.0
2025-05-06 13:55:00+09:00,0.0534,0.0535,0.0534,0.0535,7451.0
2025-05-06 14:00:00+09:00,0.0535,0.0535,0.0533,0.0533,26986.0
2025-05-06 14:05:00+09:00,0.0532,0.0533,0.0532,0.0533,7997.0
2025-05-06 14:10:00+09:00,0.0534,0.0534,0.0534,0.0534,12256.0
2025-05-06 14:15:00+09:00,0.0534,0.0535,0.0532,0.0532,32794.0
2025-05-06 14:20:00+09:00,0.0533,0.0534,0.0532,0.0534,15901.0
2025-05-06 14:25:00+09:00,0.0533,0.0533,0.0533,0.0533,18183.0
2025-05-06 14:30:00+09:00,0.0532,0.0533,0.0532,0.0533,26414.0
2025-05-06 14:35:00+09:00,0.0533,0.0533,0.0532,0.0533,14075.0
2025-05-06 14:40:00+09:00,0.0532,0.0533,0.0531,0.0533,81263.0
2025-05-06 14:45:00+09:00,0.0532,0.0533,0.0532,0.0532,61348.0
2025-05-06 14:50:00+09:00,0.0531,0.0532,0.053,0.0532,24953.0
2025-05-06 14:55:00+09:00,0.0531,0.0532,0.053,0.0531,17143.0
2025-05-06 15:00:00+09:00,0.053,0.0531,0.053,0.0531,2502.0
2025-05-06 15:05:00+09:00,0.0531,0.0532,0.053,0.0531,10473.0
2025-05-06 15:10:00+09:00,0.053,0.0531,0.053,0.0531,5431.0
2025-05-06 15:15:00+09:00,0.053,0.053,0.0529,0.053,10045.0
2025-05-06 15:20:00+09:00,0.0529,0.053,0.0528,0.053,10774.0
2025-05-06 15:25:00+09:00,0.0529,0.053,0.0529,0.053,1331.0
2025-05-06 15:30:00+09:00,0.053,0.053,0.0529,0.053,836.0
2025-05-06 15:35:00+09:00,0.0531,0.0531,0.053,0.0531,6414.0
2025-05-06 15:40:00+09:00,0.0531,0.0531,0.0531,0.0531,390.0
2025-05-06 15:45:00+09:00,0.0531,0.0532,0.0531,0.0532,51251.0
2025-05-06 15:50:00+09:00,0.0532,0.0532,0.0532,0.0532,0.0
2025-05-06 15:55:00+09:00,0.0531,0.0532,0.0531,0.0532,1641.0
2025-05-06 16:00:00+09:00,0.0531,0.0534,0.0531,0.0534,27858.0
2025-05-06 16:05:00+09:00,0.0534,0.0534,0.0534,0.0534,0.0
2025-05-06 16:10:00+09:00,0.0533,0.0534,0.0532,0.0533,16552.0
2025-05-06 16:15:00+09:00,0.0532,0.0532,0.0531,0.0532,16751.0
2025-05-06 16:20:00+09:00,0.0531,0.0532,0.0531,0.0531,4570.0
2025-05-06 16:25:00+09:00,0.0531,0.0531,0.0531,0.0531,115.0
2025-05-06 16:30:00+09:00,0.053,0.0532,0.053,0.053,33740.0
2025-05-06 16:35:00+09:00,0.0529,0.0531,0.0529,0.0531,10209.0
2025-05-06 16:40:00+09:00,0.0529,0.0531,0.0529,0.0531,9339.0
2025-05-06 16:45:00+09:00,0.053,0.0532,0.053,0.0531,40926.0
2025-05-06 16:50:00+09:00,0.0531,0.0531,0.053,0.0531,3023.0
2025-05-06 16:55:00+09:00,0.053,0.053,0.0529,0.053,28788.0
2025-05-06 17:00:00+09:00,0.0529,0.053,0.0528,0.0529,17116.0
2025-05-06 17:05:00+09:00,0.053,0.053,0.0529,0.0529,26077.0
2025-05-06 17:10:00+09:00,0.0531,0.0531,0.0529,0.0529,18600.0
2025-05-06 17:15:00+09:00,0.0528,0.0528,0.0525,0.0526,29519.0
2025-05-06 17:20:00+09:00,0.0525,0.0525,0.0523,0.0524,41866.0
2025-05-06 17:25:00+09:00,0.0524,0.0525,0.0524,0.0525,7090.0
2025-05-06 17:30:00+09:00,0.0525,0.0527,0.0525,0.0526,44154.0
2025-05-06 17:35:00+09:00,0.0527,0.0528,0.0527,0.0527,2946.0
2025-05-06 17:40:00+09:00,0.0527,0.0527,0.0526,0.0527,943.0
2025-05-06 17:45:00+09:00,0.0528,0.0528,0.0527,0.0527,3222.0
2025-05-06 17:50:00+09:00,0.0526,0.0527,0.0526,0.0527,2322.0
2025-05-06 17:55:00+09:00,0.0527,0.0527,0.0527,0.0527,253.0
2025-05-06 18:00:00+09:00,0.0527,0.0527,0.0527,0.0527,359.0
2025-05-06 18:05:00+09:00,0.0526,0.0526,0.0524,0.0525,67514.0
2025-05-06 18:10:00+09:00,0.0526,0.0526,0.0525,0.0526,65925.0
2025-05-06 18:15:00+09:00,0.0526,0.0527,0.0525,0.0526,93572.0
2025-05-06 18:20:00+09:00,0.0526,0.0526,0.0526,0.0526,133.0
2025-05-06 18:25:00+09:00,0.0525,0.0526,0.0525,0.0525,24841.0
2025-05-06 18:30:00+09:00,0.0525,0.0525,0.0525,0.0525,4288.0
2025-05-06 18:35:00+09:00,0.0524,0.0524,0.0524,0.0524,5576.0
2025-05-06 18:40:00+09:00,0.0523,0.0524,0.0522,0.0522,17936.0
2025-05-06 18:45:00+09:00,0.0522,0.0523,0.0521,0.0522,28200.0
2025-05-06 18:50:00+09:00,0.0521,0.0522,0.0521,0.0521,3221.0
2025-05-06 18:55:00+09:00,0.0522,0.0522,0.0522,0.0522,11861.0
2025-05-06 19:00:00+09:00,0.0522,0.0522,0.052,0.052,10445.0
2025-05-06 19:05:00+09:00,0.0519,0.052,0.0518,0.052,80634.0
2025-05-06 19:10:00+09:00,0.0518,0.0519,0.0517,0.0517,76791.0
2025-05-06 19:15:00+09:00,0.0518,0.0519,0.0517,0.0519,33077.0
2025-05-06 19:20:00+09:00,0.0519,0.0519,0.0514,0.0515,50939.0
2025-05-06 19:25:00+09:00,0.0516,0.0516,0.0515,0.0515,35547.0
2025-05-06 19:30:00+09:00,0.0514,0.0515,0.0514,0.0515,86096.0
2025-05-06 19:35:00+09:00,0.0515,0.0515,0.0515,0.0515,7169.0
2025-05-06 19:40:00+09:00,0.0516,0.0516,0.0512,0.0513,20257.0
2025-05-06 19:45:00+09:00,0.0512,0.0514,0.0512,0.0513,18007.0
2025-05-06 19:50:00+09:00,0.0513,0.0514,0.0513,0.0514,12961.0
2025-05-06 19:55:00+09:00,0.0514,0.0514,0.0513,0.0514,10541.0
2025-05-06 20:00:00+09:00,0.0514,0.0516,0.0514,0.0516,47050.0
2025-05-06 20:05:00+09:00,0.0516,0.0516,0.0514,0.0514,327.0
2025-05-06 20:10:00+09:00,0.0515,0.0515,0.0515,0.0515,503.0
2025-05-06 20:15:00+09:00,0.0515,0.0516,0.0514,0.0514,27441.0
2025-05-06 20:20:00+09:00,0.0515,0.0515,0.0513,0.0513,451.0
2025-05-06 20:25:00+09:00,0.0514,0.0515,0.0513,0.0513,18658.0
2025-05-06 20:30:00+09:00,0.0514,0.0514,0.051,0.0512,35651.0
2025-05-06 20:35:00+09:00,0.0511,0.0511,0.0511,0.0511,331.0
2025-05-06 20:40:00+09:00,0.0509,0.0511,0.0508,0.051,22709.0
2025-05-06 20:45:00+09:00,0.0509,0.051,0.0509,0.0509,12270.0
2025-05-06 20:50:00+09:00,0.0508,0.0508,0.0505,0.0507,19142.0
2025-05-06 20:55:00+09:00,0.0506,0.051,0.0506,0.051,14126.0
2025-05-06 21:00:00+09:00,0.051,0.051,0.0507,0.0508,27782.0
2025-05-06 21:05:00+09:00,0.0508,0.051,0.0508,0.051,5722.0
2025-05-06 21:10:00+09:00,0.051,0.051,0.0508,0.051,309.0
2025-05-06 21:15:00+09:00,0.051,0.0511,0.051,0.0511,8759.0
2025-05-06 21:20:00+09:00,0.0509,0.051,0.0508,0.0508,11256.0
2025-05-06 21:25:00+09:00,0.0508,0.0508,0.0508,0.0508,511.0
2025-05-06 21:30:00+09:00,0.0507,0.0509,0.0506,0.0509,50660.0
2025-05-06 21:35:00+09:00,0.0508,0.0508,0.0507,0.0508,18843.0
2025-05-06 21:40:00+09:00,0.0509,0.0509,0.0509,0.0509,1455.0
2025-05-06 21:45:00+09:00,0.0507,0.0508,0.0507,0.0508,22025.0
2025-05-06 21:50:00+09:00,0.0509,0.0509,0.0509,0.0509,981.0
2025-05-06 21:55:00+09:00,0.0508,0.0511,0.0508,0.0511,44953.0
2025-05-06 22:00:00+09:00,0.0511,0.0511,0.0508,0.0508,2393.0
2025-05-06 22:05:00+09:00,0.051,0.051,0.0507,0.0507,16865.0
2025-05-06 22:10:00+09:00,0.0506,0.0507,0.0506,0.0507,6571.0
2025-05-06 22:15:00+09:00,0.0507,0.0509,0.0507,0.0509,11090.0
2025-05-06 22:20:00+09:00,0.0509,0.0509,0.0509,0.0509,0.0
2025-05-06 22:25:00+09:00,0.0509,0.0509,0.0508,0.0508,4798.0
2025-05-06 22:30:00+09:00,0.0509,0.051,0.0509,0.051,11912.0
2025-05-06 22:35:00+09:00,0.0509,0.051,0.0509,0.051,8442.0
2025-05-06 22:40:00+09:00,0.051,0.0512,0.051,0.0512,20299.0
2025-05-06 22:45:00+09:00,0.0511,0.0512,0.051,0.0511,6530.0
2025-05-06 22:50:00+09:00,0.0507,0.0508,0.0506,0.0508,13123.0
2025-05-06 22:55:00+09:00,0.0507,0.0509,0.0507,0.0508,20069.0
2025-05-06 23:00:00+09:00,0.0508,0.0513,0.0508,0.0512,181479.0
2025-05-06 23:05:00+09:00,0.0512,0.0513,0.0512,0.0513,16581.0
2025-05-06 23:10:00+09:00,0.0512,0.0515,0.0512,0.0515,18846.0
2025-05-06 23:15:00+09:00,0.0515,0.0517,0.0514,0.0517,19688.0
2025-05-06 23:20:00+09:00,0.0517,0.0518,0.0517,0.0517,30835.0
2025-05-06 23:25:00+09:00,0.0516,0.0517,0.0515,0.0517,1624.0
2025-05-06 23:30:00+09:00,0.0515,0.0517,0.0515,0.0517,15533.0
2025-05-06 23:35:00+09:00,0.0517,0.0518,0.0514,0.0515,164284.0
2025-05-06 23:40:00+09:00,0.0515,0.0515,0.0514,0.0515,6082.0
2025-05-06 23:45:00+09:00,0.0514,0.0515,0.0514,0.0515,32040.0
2025-05-06 23:50:00+09:00,0.0514,0.0514,0.0512,0.0513,44681.0
2025-05-06 23:55:00+09:00,0.0511,0.0513,0.0511,0.0513,11860.0
2025-05-07 00:00:00+09:00,0.0512,0.0513,0.0512,0.0513,2572.0
2025-05-07 00:05:00+09:00,0.0513,0.0513,0.051,0.051,95328.0
2025-05-07 00:10:00+09:00,0.051,0.0511,0.051,0.0511,22997.0
2025-05-07 00:15:00+09:00,0.051,0.0512,0.051,0.0512,16027.0
2025-05-07 00:20:00+09:00,0.0512,0.0513,0.0512,0.0513,24943.0
2025-05-07 00:25:00+09:00,0.0513,0.0514,0.0513,0.0513,11086.0
2025-05-07 00:30:00+09:00,0.0513,0.0514,0.0512,0.0514,11416.0
2025-05-07 00:35:00+09:00,0.0513,0.0513,0.0512,0.0513,22875.0
2025-05-07 00:40:00+09:00,0.0512,0.0513,0.051,0.0512,7953.0
2025-05-07 00:45:00+09:00,0.051,0.0511,0.0508,0.0511,105026.0
2025-05-07 00:50:00+09:00,0.0509,0.051,0.0508,0.0509,37173.0
2025-05-07 00:55:00+09:00,0.0508,0.0509,0.0507,0.0509,14185.0
2025-05-07 01:00:00+09:00,0.0509,0.0509,0.0507,0.0508,36237.0
2025-05-07 01:05:00+09:00,0.0507,0.0507,0.0507,0.0507,1331.0
2025-05-07 01:10:00+09:00,0.0505,0.0509,0.0505,0.0509,59875.0
2025-05-07 01:15:00+09:00,0.051,0.0511,0.0508,0.051,51634.0
2025-05-07 01:20:00+09:00,0.0509,0.0509,0.0507,0.0507,17266.0
2025-05-07 01:25:00+09:00,0.0508,0.0508,0.0508,0.0508,399.0
2025-05-07 01:30:00+09:00,0.0509,0.0509,0.0509,0.0509,5688.0
2025-05-07 01:35:00+09:00,0.0508,0.0509,0.0508,0.0509,25880.0
2025-05-07 01:40:00+09:00,0.0509,0.0509,0.0507,0.0507,8279.0
2025-05-07 01:45:00+09:00,0.0506,0.0506,0.0506,0.0506,26246.0
2025-05-07 01:50:00+09:00,0.0505,0.0506,0.0505,0.0506,10538.0
2025-05-07 01:55:00+09:00,0.0506,0.0506,0.0504,0.0505,63379.0
2025-05-07 02:00:00+09:00,0.0506,0.0506,0.0505,0.0505,19910.0
2025-05-07 02:05:00+09:00,0.0506,0.0507,0.0505,0.0505,20894.0
2025-05-07 02:10:00+09:00,0.0507,0.0507,0.0507,0.0507,34673.0
2025-05-07 02:15:00+09:00,0.0508,0.051,0.0508,0.0509,39600.0
2025-05-07 02:20:00+09:00,0.051,0.0511,0.051,0.0511,14114.0
2025-05-07 02:25:00+09:00,0.0511,0.0512,0.051,0.0511,4654.0
2025-05-07 02:30:00+09:00,0.0511,0.0512,0.0511,0.0512,20884.0
2025-05-07 02:35:00+09:00,0.0513,0.0513,0.0511,0.0511,39028.0
2025-05-07 02:40:00+09:00,0.0511,0.0511,0.0508,0.0508,2989.0
2025-05-07 02:45:00+09:00,0.0508,0.0509,0.0508,0.0509,5174.0
2025-05-07 02:50:00+09:00,0.051,0.051,0.0509,0.0509,5942.0
2025-05-07 02:55:00+09:00,0.0508,0.0509,0.0508,0.0509,9503.0
2025-05-07 03:00:00+09:00,0.0509,0.051,0.0508,0.0509,8847.0
2025-05-07 03:05:00+09:00,0.0509,0.0511,0.0509,0.0511,222020.0
2025-05-07 03:10:00+09:00,0.051,0.051,0.0509,0.0509,5626.0
2025-05-07 03:15:00+09:00,0.051,0.0512,0.051,0.0511,22682.0
2025-05-07 03:20:00+09:00,0.0512,0.0513,0.0512,0.0512,15914.0
2025-05-07 03:25:00+09:00,0.0513,0.0514,0.0512,0.0514,4260.0
2025-05-07 03:30:00+09:00,0.0513,0.0513,0.0513,0.0513,14516.0
2025-05-07 03:35:00+09:00,0.0514,0.0514,0.0514,0.0514,968.0
2025-05-07 03:40:00+09:00,0.0514,0.0515,0.0513,0.0514,20606.0
2025-05-07 03:45:00+09:00,0.0513,0.0514,0.0513,0.0514,69676.0
2025-05-07 03:50:00+09:00,0.0514,0.0515,0.0513,0.0513,69200.0
2025-05-07 03:55:00+09:00,0.0514,0.0516,0.0513,0.0516,54488.0
2025-05-07 04:00:00+09:00,0.0515,0.0516,0.0515,0.0515,18393.0
2025-05-07 04:05:00+09:00,0.0515,0.0515,0.0515,0.0515,11458.0
2025-05-07 04:10:00+09:00,0.0514,0.0514,0.0514,0.0514,952.0
2025-05-07 04:15:00+09:00,0.0514,0.0514,0.0514,0.0514,0.0
2025-05-07 04:20:00+09:00,0.0514,0.0514,0.0513,0.0514,16102.0
2025-05-07 04:25:00+09:00,0.0514,0.0515,0.0513,0.0515,16769.0
2025-05-07 04:30:00+09:00,0.0515,0.0515,0.0515,0.0515,2049.0
2025-05-07 04:35:00+09:00,0.0515,0.0515,0.0514,0.0514,2714.0
2025-05-07 04:40:00+09:00,0.0514,0.0515,0.0513,0.0513,91574.0
2025-05-07 04:45:00+09:00,0.0514,0.0514,0.0512,0.0513,8761.0
2025-05-07 04:50:00+09:00,0.0512,0.0512,0.051,0.051,3343.0
2025-05-07 04:55:00+09:00,0.0512,0.0512,0.0511,0.0512,9149.0
2025-05-07 05:00:00+09:00,0.0511,0.0511,0.051,0.0511,4507.0
2025-05-07 05:05:00+09:00,0.0511,0.0511,0.051,0.051,10983.0
2025-05-07 05:10:00+09:00,0.0511,0.0511,0.0511,0.0511,1183.0
2025-05-07 05:15:00+09:00,0.051,0.0511,0.0509,0.0511,10267.0
2025-05-07 05:20:00+09:00,0.051,0.051,0.0509,0.0509,8401.0
2025-05-07 05:25:00+09:00,0.0509,0.0509,0.0507,0.0508,14997.0
2025-05-07 05:30:00+09:00,0.0507,0.0507,0.0505,0.0505,21136.0
2025-05-07 05:35:00+09:00,0.0505,0.0505,0.0503,0.0505,42308.0
2025-05-07 05:40:00+09:00,0.0505,0.0505,0.0503,0.0505,11684.0
2025-05-07 05:45:00+09:00,0.0505,0.0505,0.0503,0.0503,11168.0
2025-05-07 05:50:00+09:00,0.0503,0.0506,0.0503,0.0506,51368.0
2025-05-07 05:55:00+09:00,0.0505,0.0505,0.0505,0.0505,1472.0
2025-05-07 06:00:00+09:00,0.0506,0.0507,0.0506,0.0506,19604.0
2025-05-07 06:05:00+09:00,0.0506,0.0506,0.0506,0.0506,326.0
2025-05-07 06:10:00+09:00,0.0505,0.0505,0.0502,0.0502,22917.0
2025-05-07 06:15:00+09:00,0.0502,0.0503,0.0501,0.0503,46214.0
2025-05-07 06:20:00+09:00,0.0503,0.0504,0.0502,0.0502,18786.0
2025-05-07 06:25:00+09:00,0.0502,0.0503,0.0499,0.0499,213326.0
2025-05-07 06:30:00+09:00,0.05,0.05,0.0499,0.05,2509.0
2025-05-07 06:35:00+09:00,0.0499,0.05,0.0496,0.0499,61295.0
2025-05-07 06:40:00+09:00,0.0499,0.05,0.0499,0.05,42036.0
2025-05-07 06:45:00+09:00,0.0501,0.0502,0.0501,0.0502,620.0
2025-05-07 06:50:00+09:00,0.0501,0.0504,0.0501,0.0504,70151.0
2025-05-07 06:55:00+09:00,0.0503,0.0505,0.0503,0.0505,9265.0
2025-05-07 07:00:00+09:00,0.0506,0.0514,0.0505,0.0513,172182.0
2025-05-07 07:05:00+09:00,0.0512,0.0516,0.0511,0.0514,202478.0
2025-05-07 07:10:00+09:00,0.0513,0.0514,0.0511,0.0513,12185.0
2025-05-07 07:15:00+09:00,0.0512,0.0516,0.0512,0.0516,38208.0
2025-05-07 07:20:00+09:00,0.0516,0.0517,0.0516,0.0517,10494.0
2025-05-07 07:25:00+09:00,0.0516,0.0518,0.0516,0.0518,7693.0
2025-05-07 07:30:00+09:00,0.0517,0.0519,0.0514,0.0515,112302.0
2025-05-07 07:35:00+09:00,0.0514,0.0515,0.0514,0.0515,4845.0
2025-05-07 07:40:00+09:00,0.0515,0.0517,0.0515,0.0517,16846.0
2025-05-07 07:45:00+09:00,0.0516,0.0517,0.0516,0.0517,27773.0
2025-05-07 07:50:00+09:00,0.0517,0.0518,0.0516,0.0517,23327.0
2025-05-07 07:55:00+09:00,0.0516,0.0517,0.0515,0.0517,37448.0
2025-05-07 08:00:00+09:00,0.0516,0.0516,0.0514,0.0516,18971.0
2025-05-07 08:05:00+09:00,0.0516,0.0517,0.0515,0.0516,31023.0
2025-05-07 08:10:00+09:00,0.0515,0.0517,0.0515,0.0517,5666.0
2025-05-07 08:15:00+09:00,0.0517,0.0518,0.0517,0.0518,20815.0
2025-05-07 08:20:00+09:00,0.0518,0.0519,0.0518,0.0519,13129.0
2025-05-07 08:25:00+09:00,0.0519,0.052,0.0517,0.0519,13093.0
2025-05-07 08:30:00+09:00,0.0519,0.0519,0.0517,0.0517,44859.0
2025-05-07 08:35:00+09:00,0.0518,0.0519,0.0517,0.0519,5973.0
2025-05-07 08:40:00+09:00,0.0519,0.052,0.0519,0.052,605.0
2025-05-07 08:45:00+09:00,0.0519,0.052,0.0519,0.052,456.0
2025-05-07 08:50:00+09:00,0.0519,0.0521,0.0519,0.052,51545.0
2025-05-07 08:55:00+09:00,0.052,0.0521,0.0519,0.052,103966.0
2025-05-07 09:00:00+09:00,0.052,0.0522,0.052,0.0522,23172.0
2025-05-07 09:05:00+09:00,0.0522,0.0523,0.0522,0.0522,51913.0
2025-05-07 09:10:00+09:00,0.0522,0.0522,0.0522,0.0522,5757.0
2025-05-07 09:15:00+09:00,0.0524,0.0524,0.0522,0.0522,10371.0
2025-05-07 09:20:00+09:00,0.0523,0.0526,0.0523,0.0526,52963.0
2025-05-07 09:25:00+09:00,0.0526,0.0526,0.0524,0.0524,36414.0
2025-05-07 09:30:00+09:00,0.0525,0.0525,0.0524,0.0524,12865.0
2025-05-07 09:35:00+09:00,0.0525,0.0526,0.0525,0.0526,25271.0
2025-05-07 09:40:00+09:00,0.0526,0.0527,0.0525,0.0526,1424.0
2025-05-07 09:45:00+09:00,0.0526,0.0526,0.0526,0.0526,0.0
2025-05-07 09:50:00+09:00,0.0527,0.0527,0.0527,0.0527,2245.0
2025-05-07 09:55:00+09:00,0.0528,0.0529,0.0527,0.0529,41782.0
2025-05-07 10:00:00+09:00,0.0528,0.053,0.0528,0.053,8797.0
2025-05-07 10:05:00+09:00,0.0529,0.0529,0.0529,0.0529,21281.0
2025-05-07 10:10:00+09:00,0.0527,0.0528,0.0527,0.0528,8124.0
2025-05-07 10:15:00+09:00,0.0528,0.053,0.0527,0.053,9975.0
2025-05-07 10:20:00+09:00,0.053,0.053,0.0529,0.0529,10170.0
2025-05-07 10:25:00+09:00,0.053,0.053,0.0529,0.0529,5142.0
2025-05-07 10:30:00+09:00,0.053,0.053,0.053,0.053,6927.0
2025-05-07 10:35:00+09:00,0.0531,0.0537,0.0528,0.0529,1280144.0
2025-05-07 10:40:00+09:00,0.0529,0.0529,0.0526,0.0526,229513.0
2025-05-07 10:45:00+09:00,0.0526,0.0527,0.0524,0.0525,238464.0
2025-05-07 10:50:00+09:00,0.0524,0.0526,0.0523,0.0526,111900.0
2025-05-07 10:55:00+09:00,0.0526,0.0527,0.0526,0.0527,137141.0
2025-05-07 11:00:00+09:00,0.0527,0.0528,0.0527,0.0528,36985.0
2025-05-07 11:05:00+09:00,0.0528,0.0528,0.0526,0.0526,20684.0
2025-05-07 11:10:00+09:00,0.0525,0.0527,0.0525,0.0527,11357.0
2025-05-07 11:15:00+09:00,0.0525,0.0526,0.0525,0.0526,6473.0
2025-05-07 11:20:00+09:00,0.0526,0.0527,0.0526,0.0527,64045.0
2025-05-07 11:25:00+09:00,0.0528,0.0528,0.0526,0.0528,12666.0
2025-05-07 11:30:00+09:00,0.0528,0.0528,0.0528,0.0528,0.0
2025-05-07 11:35:00+09:00,0.0525,0.0526,0.0524,0.0524,2727.0
2025-05-07 11:40:00+09:00,0.0525,0.0525,0.0523,0.0523,21098.0
2025-05-07 11:45:00+09:00,0.0524,0.0524,0.0524,0.0524,181.0
2025-05-07 11:50:00+09:00,0.0523,0.0523,0.0519,0.0519,143137.0
2025-05-07 11:55:00+09:00,0.0521,0.0521,0.052,0.052,4401.0
2025-05-07 12:00:00+09:00,0.052,0.052,0.0518,0.0519,13271.0
2025-05-07 12:05:00+09:00,0.0521,0.0521,0.0519,0.0519,1056.0
2025-05-07 12:10:00+09:00,0.052,0.0521,0.052,0.0521,463.0
2025-05-07 12:15:00+09:00,0.0518,0.0518,0.0518,0.0518,4755.0
2025-05-07 12:20:00+09:00,0.0518,0.0519,0.0518,0.0519,47032.0
2025-05-07 12:25:00+09:00,0.0518,0.052,0.0517,0.052,32558.0
2025-05-07 12:30:00+09:00,0.052,0.052,0.052,0.052,28482.0
2025-05-07 12:35:00+09:00,0.0521,0.0522,0.0521,0.0522,969.0
2025-05-07 12:40:00+09:00,0.0522,0.0524,0.0522,0.0524,57809.0
2025-05-07 12:45:00+09:00,0.0524,0.0524,0.0524,0.0524,62814.0
2025-05-07 12:50:00+09:00,0.0524,0.0525,0.0524,0.0525,2289.0
2025-05-07 12:55:00+09:00,0.0524,0.0524,0.0524,0.0524,19361.0
2025-05-07 13:00:00+09:00,0.0524,0.0525,0.0523,0.0524,6649.0
2025-05-07 13:05:00+09:00,0.0525,0.0525,0.0525,0.0525,141.0
2025-05-07 13:10:00+09:00,0.0524,0.0526,0.0524,0.0526,14386.0
2025-05-07 13:15:00+09:00,0.0524,0.0524,0.0524,0.0524,171.0
2025-05-07 13:20:00+09:00,0.0524,0.0524,0.0524,0.0524,6788.0
2025-05-07 13:25:00+09:00,0.0525,0.0525,0.0524,0.0524,1233.0
2025-05-07 13:30:00+09:00,0.0524,0.0524,0.0523,0.0524,38828.0
2025-05-07 13:35:00+09:00,0.0524,0.0524,0.0524,0.0524,0.0
2025-05-07 13:40:00+09:00,0.0523,0.0525,0.0523,0.0525,502.0
2025-05-07 13:45:00+09:00,0.0525,0.0525,0.0525,0.0525,0.0
2025-05-07 13:50:00+09:00,0.0524,0.0525,0.0524,0.0525,1739.0
2025-05-07 13:55:00+09:00,0.0525,0.0525,0.0523,0.0523,5380.0
2025-05-07 14:00:00+09:00,0.0523,0.0523,0.052,0.052,6043.0
2025-05-07 14:05:00+09:00,0.0522,0.0523,0.0521,0.0523,8894.0
2025-05-07 14:10:00+09:00,0.0523,0.0523,0.0522,0.0522,4197.0
2025-05-07 14:15:00+09:00,0.0522,0.0522,0.0522,0.0522,24948.0
2025-05-07 14:20:00+09:00,0.0523,0.0524,0.0523,0.0524,1014.0
2025-05-07 14:25:00+09:00,0.0523,0.0525,0.0523,0.0523,732.0
2025-05-07 14:30:00+09:00,0.0524,0.0525,0.0523,0.0523,3802.0
2025-05-07 14:35:00+09:00,0.0522,0.0523,0.0521,0.0522,4639.0
2025-05-07 14:40:00+09:00,0.0522,0.0522,0.0522,0.0522,0.0
2025-05-07 14:45:00+09:00,0.052,0.0522,0.052,0.0522,4553.0
2025-05-07 14:50:00+09:00,0.052,0.0522,0.052,0.0521,584.0
2025-05-07 14:55:00+09:00,0.0522,0.0522,0.052,0.0522,71536.0
2025-05-07 15:00:00+09:00,0.052,0.0523,0.052,0.0523,11343.0
2025-05-07 15:05:00+09:00,0.0523,0.0525,0.0523,0.0525,20568.0
2025-05-07 15:10:00+09:00,0.0526,0.0526,0.0526,0.0526,100.0
2025-05-07 15:15:00+09:00,0.0526,0.0526,0.0526,0.0526,0.0
2025-05-07 15:20:00+09:00,0.0524,0.0526,0.0523,0.0524,22506.0
2025-05-07 15:25:00+09:00,0.0524,0.0525,0.0523,0.0524,3721.0
2025-05-07 15:30:00+09:00,0.0522,0.0523,0.0522,0.0523,5161.0
2025-05-07 15:35:00+09:00,0.0522,0.0523,0.0522,0.0523,4638.0
2025-05-07 15:40:00+09:00,0.0524,0.0524,0.0521,0.0523,7942.0
2025-05-07 15:45:00+09:00,0.0521,0.0523,0.0521,0.0523,7841.0
2025-05-07 15:50:00+09:00,0.0521,0.0524,0.0521,0.0524,8246.0
2025-05-07 15:55:00+09:00,0.0524,0.0524,0.0524,0.0524,6703.0
2025-05-07 16:00:00+09:00,0.0524,0.0525,0.0524,0.0525,7250.0
2025-05-07 16:05:00+09:00,0.0525,0.0526,0.0525,0.0526,10909.0
2025-05-07 16:10:00+09:00,0.0525,0.0526,0.0525,0.0526,6650.0
2025-05-07 16:15:00+09:00,0.0526,0.0526,0.0526,0.0526,2186.0
2025-05-07 16:20:00+09:00,0.0526,0.0528,0.0526,0.0528,14045.0
2025-05-07 16:25:00+09:00,0.0527,0.0529,0.0527,0.0529,11273.0
2025-05-07 16:30:00+09:00,0.0528,0.0529,0.0528,0.0529,15380.0
2025-05-07 16:35:00+09:00,0.0528,0.0529,0.0528,0.0529,16558.0
2025-05-07 16:40:00+09:00,0.0528,0.0529,0.0528,0.0529,3222.0
2025-05-07 16:45:00+09:00,0.0529,0.053,0.0529,0.0529,8705.0
2025-05-07 16:50:00+09:00,0.053,0.053,0.0529,0.0529,2440.0
2025-05-07 16:55:00+09:00,0.053,0.053,0.0529,0.0529,2968.0
2025-05-07 17:00:00+09:00,0.0529,0.0529,0.0526,0.0526,39314.0
2025-05-07 17:05:00+09:00,0.0527,0.0528,0.0525,0.0527,71440.0
2025-05-07 17:10:00+09:00,0.0526,0.0526,0.0526,0.0526,19649.0
2025-05-07 17:15:00+09:00,0.0526,0.0526,0.0526,0.0526,17250.0
2025-05-07 17:20:00+09:00,0.0527,0.053,0.0527,0.053,101907.0
2025-05-07 17:25:00+09:00,0.053,0.0531,0.053,0.053,14050.0
2025-05-07 17:30:00+09:00,0.053,0.053,0.053,0.053,32956.0
2025-05-07 17:35:00+09:00,0.053,0.0532,0.0529,0.0532,24186.0
2025-05-07 17:40:00+09:00,0.0532,0.0532,0.0531,0.0531,16450.0
2025-05-07 17:45:00+09:00,0.0532,0.0533,0.0532,0.0533,11851.0
2025-05-07 17:50:00+09:00,0.0533,0.0533,0.0532,0.0532,27365.0
2025-05-07 17:55:00+09:00,0.0533,0.0534,0.0533,0.0533,65645.0
2025-05-07 18:00:00+09:00,0.0534,0.0534,0.0532,0.0532,90598.0
2025-05-07 18:05:00+09:00,0.0532,0.0533,0.0531,0.0531,76823.0
2025-05-07 18:10:00+09:00,0.0531,0.0532,0.0531,0.0531,2120.0
2025-05-07 18:15:00+09:00,0.0531,0.0531,0.0531,0.0531,3377.0
2025-05-07 18:20:00+09:00,0.0531,0.0531,0.0529,0.053,56264.0
2025-05-07 18:25:00+09:00,0.053,0.053,0.0529,0.053,6829.0
2025-05-07 18:30:00+09:00,0.0529,0.0529,0.0529,0.0529,21692.0
2025-05-07 18:35:00+09:00,0.0529,0.053,0.0529,0.053,65470.0
2025-05-07 18:40:00+09:00,0.053,0.0531,0.053,0.0531,16185.0
2025-05-07 18:45:00+09:00,0.0531,0.0531,0.0529,0.053,15311.0
2025-05-07 18:50:00+09:00,0.0529,0.053,0.0529,0.053,33055.0
2025-05-07 18:55:00+09:00,0.053,0.053,0.0529,0.0529,29061.0
2025-05-07 19:00:00+09:00,0.0529,0.0529,0.0527,0.0528,94953.0
2025-05-07 19:05:00+09:00,0.0528,0.0529,0.0527,0.0529,74713.0
2025-05-07 19:10:00+09:00,0.0529,0.0529,0.0528,0.0528,9409.0
2025-05-07 19:15:00+09:00,0.0528,0.0529,0.0527,0.0528,53817.0
2025-05-07 19:20:00+09:00,0.0527,0.0528,0.0527,0.0527,22883.0
2025-05-07 19:25:00+09:00,0.0527,0.0527,0.0526,0.0527,17813.0
2025-05-07 19:30:00+09:00,0.0526,0.0527,0.0525,0.0527,13031.0
2025-05-07 19:35:00+09:00,0.0527,0.0527,0.0526,0.0526,18583.0
2025-05-07 19:40:00+09:00,0.0526,0.0528,0.0525,0.0527,64799.0
2025-05-07 19:45:00+09:00,0.0527,0.0527,0.0527,0.0527,24817.0
2025-05-07 19:50:00+09:00,0.0527,0.0528,0.0526,0.0527,71574.0
2025-05-07 19:55:00+09:00,0.0526,0.0527,0.0525,0.0525,28886.0
2025-05-07 20:00:00+09:00,0.0525,0.0525,0.0524,0.0525,26808.0
2025-05-07 20:05:00+09:00,0.0525,0.0525,0.0524,0.0525,16287.0
2025-05-07 20:10:00+09:00,0.0525,0.0526,0.0524,0.0526,18796.0
2025-05-07 20:15:00+09:00,0.0525,0.0526,0.0525,0.0526,16905.0
2025-05-07 20:20:00+09:00,0.0526,0.0526,0.0524,0.0525,29259.0
2025-05-07 20:25:00+09:00,0.0525,0.0525,0.0525,0.0525,0.0
2025-05-07 20:30:00+09:00,0.0524,0.0525,0.0524,0.0524,37325.0
2025-05-07 20:35:00+09:00,0.0526,0.0526,0.0525,0.0525,13672.0
2025-05-07 20:40:00+09:00,0.0525,0.0526,0.0524,0.0525,47117.0
2025-05-07 20:45:00+09:00,0.0526,0.0527,0.0526,0.0526,24230.0
2025-05-07 20:50:00+09:00,0.0527,0.0529,0.0527,0.0529,42928.0
2025-05-07 20:55:00+09:00,0.0528,0.053,0.0528,0.053,13828.0
2025-05-07 21:00:00+09:00,0.0529,0.053,0.0529,0.053,14333.0
2025-05-07 21:05:00+09:00,0.0529,0.053,0.0527,0.0529,15992.0
2025-05-07 21:10:00+09:00,0.0529,0.0529,0.0529,0.0529,17183.0
2025-05-07 21:15:00+09:00,0.0529,0.0529,0.0528,0.0529,22286.0
2025-05-07 21:20:00+09:00,0.053,0.0531,0.0528,0.053,66349.0
2025-05-07 21:25:00+09:00,0.053,0.053,0.0528,0.0528,38288.0
2025-05-07 21:30:00+09:00,0.0528,0.0529,0.0528,0.0528,6070.0
2025-05-07 21:35:00+09:00,0.0527,0.0527,0.0527,0.0527,1131.0
2025-05-07 21:40:00+09:00,0.0526,0.0527,0.0526,0.0526,9910.0
2025-05-07 21:45:00+09:00,0.0526,0.0526,0.0524,0.0524,109245.0
2025-05-07 21:50:00+09:00,0.0524,0.0525,0.0524,0.0525,36212.0
2025-05-07 21:55:00+09:00,0.0524,0.0524,0.0523,0.0524,30814.0
2025-05-07 22:00:00+09:00,0.0523,0.0524,0.0522,0.0524,29905.0
2025-05-07 22:05:00+09:00,0.0523,0.0524,0.0523,0.0524,4232.0
2025-05-07 22:10:00+09:00,0.0524,0.0524,0.0522,0.0523,5724.0
2025-05-07 22:15:00+09:00,0.0522,0.0522,0.052,0.052,98935.0
2025-05-07 22:20:00+09:00,0.0521,0.0521,0.0519,0.052,65880.0
2025-05-07 22:25:00+09:00,0.0519,0.0519,0.0519,0.0519,15404.0
2025-05-07 22:30:00+09:00,0.052,0.0523,0.0519,0.0522,90657.0
2025-05-07 22:35:00+09:00,0.0522,0.0524,0.0519,0.0522,199484.0
2025-05-07 22:40:00+09:00,0.0522,0.0525,0.0522,0.0525,73622.0
2025-05-07 22:45:00+09:00,0.0524,0.0525,0.0522,0.0522,60053.0
2025-05-07 22:50:00+09:00,0.0521,0.0522,0.0519,0.0521,68114.0
2025-05-07 22:55:00+09:00,0.0521,0.0523,0.0521,0.0523,31046.0
2025-05-07 23:00:00+09:00,0.0522,0.0524,0.0522,0.0523,26636.0
2025-05-07 23:05:00+09:00,0.0523,0.0525,0.0522,0.0524,58037.0
2025-05-07 23:10:00+09:00,0.0524,0.0525,0.0523,0.0523,42670.0
2025-05-07 23:15:00+09:00,0.0524,0.0524,0.0521,0.0521,13681.0
2025-05-07 23:20:00+09:00,0.0522,0.0522,0.052,0.0522,10973.0
2025-05-07 23:25:00+09:00,0.0522,0.0523,0.0522,0.0522,13340.0
2025-05-07 23:30:00+09:00,0.0522,0.0523,0.052,0.052,34693.0
2025-05-07 23:35:00+09:00,0.052,0.0521,0.0519,0.0519,9769.0
2025-05-07 23:40:00+09:00,0.0518,0.052,0.0518,0.0519,12461.0
2025-05-07 23:45:00+09:00,0.0518,0.0519,0.0517,0.0517,42651.0
2025-05-07 23:50:00+09:00,0.0516,0.0517,0.0515,0.0515,63193.0
2025-05-07 23:55:00+09:00,0.0515,0.0516,0.0515,0.0516,49308.0
2025-05-08 00:00:00+09:00,0.0515,0.0517,0.0515,0.0515,51416.0
2025-05-08 00:05:00+09:00,0.0515,0.0516,0.0514,0.0515,48481.0
2025-05-08 00:10:00+09:00,0.0514,0.0515,0.0512,0.0513,47996.0
2025-05-08 00:15:00+09:00,0.0513,0.0515,0.0512,0.0515,26581.0
2025-05-08 00:20:00+09:00,0.0515,0.0516,0.0515,0.0516,23754.0
2025-05-08 00:25:00+09:00,0.0513,0.0513,0.0512,0.0513,14072.0
2025-05-08 00:30:00+09:00,0.0513,0.0514,0.0512,0.0513,20206.0
2025-05-08 00:35:00+09:00,0.0512,0.0514,0.0512,0.0514,62769.0
2025-05-08 00:40:00+09:00,0.0514,0.0514,0.0514,0.0514,0.0
2025-05-08 00:45:00+09:00,0.0513,0.0514,0.0513,0.0514,9436.0
2025-05-08 00:50:00+09:00,0.0514,0.0515,0.0514,0.0515,8259.0
2025-05-08 00:55:00+09:00,0.0514,0.0515,0.0513,0.0515,42463.0
2025-05-08 01:00:00+09:00,0.0515,0.0515,0.0511,0.0511,45217.0
2025-05-08 01:05:00+09:00,0.0511,0.0511,0.0509,0.051,27742.0
2025-05-08 01:10:00+09:00,0.051,0.051,0.051,0.051,4806.0
2025-05-08 01:15:00+09:00,0.051,0.0511,0.051,0.0511,33950.0
2025-05-08 01:20:00+09:00,0.051,0.051,0.0509,0.0509,85013.0
2025-05-08 01:25:00+09:00,0.051,0.0511,0.0508,0.0508,37113.0
2025-05-08 01:30:00+09:00,0.0507,0.0508,0.0507,0.0508,68182.0
2025-05-08 01:35:00+09:00,0.0507,0.0507,0.0506,0.0506,37125.0
2025-05-08 01:40:00+09:00,0.0506,0.0508,0.0506,0.0507,27126.0
2025-05-08 01:45:00+09:00,0.0508,0.051,0.0508,0.0509,73743.0
2025-05-08 01:50:00+09:00,0.0508,0.0511,0.0508,0.0511,27794.0
2025-05-08 01:55:00+09:00,0.0511,0.0512,0.051,0.0512,19904.0
2025-05-08 02:00:00+09:00,0.0512,0.0512,0.051,0.0511,19249.0
2025-05-08 02:05:00+09:00,0.051,0.0511,0.0509,0.0509,54590.0
2025-05-08 02:10:00+09:00,0.0509,0.051,0.0509,0.051,16689.0
2025-05-08 02:15:00+09:00,0.051,0.0511,0.0509,0.0509,17093.0
2025-05-08 02:20:00+09:00,0.0509,0.0509,0.0509,0.0509,8870.0
2025-05-08 02:25:00+09:00,0.0511,0.0511,0.051,0.051,23727.0
2025-05-08 02:30:00+09:00,0.051,0.0511,0.051,0.0511,20561.0
2025-05-08 02:35:00+09:00,0.0509,0.0509,0.0509,0.0509,20844.0
2025-05-08 02:40:00+09:00,0.0508,0.0508,0.0507,0.0508,46913.0
2025-05-08 02:45:00+09:00,0.0509,0.051,0.0509,0.0509,74959.0
2025-05-08 02:50:00+09:00,0.0509,0.0509,0.0504,0.0505,234927.0
2025-05-08 02:55:00+09:00,0.0505,0.0506,0.0499,0.0504,1016575.0
2025-05-08 03:00:00+09:00,0.0504,0.0509,0.0501,0.0508,475750.0
2025-05-08 03:05:00+09:00,0.0507,0.0507,0.0495,0.0497,554436.0
2025-05-08 03:10:00+09:00,0.0497,0.05,0.0494,0.0495,460868.0
2025-05-08 03:15:00+09:00,0.0494,0.0499,0.049,0.0499,785233.0
2025-05-08 03:20:00+09:00,0.0498,0.0501,0.0496,0.0497,250765.0
2025-05-08 03:25:00+09:00,0.0497,0.0499,0.0496,0.0497,76673.0
2025-05-08 03:30:00+09:00,0.0498,0.0502,0.0496,0.0499,156445.0
2025-05-08 03:35:00+09:00,0.0499,0.0499,0.0493,0.0493,189190.0
2025-05-08 03:40:00+09:00,0.0494,0.0497,0.0491,0.0492,423495.0
2025-05-08 03:45:00+09:00,0.0492,0.0493,0.049,0.0492,175665.0
2025-05-08 03:50:00+09:00,0.0493,0.0494,0.0488,0.0491,250287.0
2025-05-08 03:55:00+09:00,0.0491,0.0497,0.0491,0.0496,127148.0
2025-05-08 04:00:00+09:00,0.0495,0.0498,0.0494,0.0496,100249.0
2025-05-08 04:05:00+09:00,0.0496,0.0498,0.0496,0.0498,54269.0
2025-05-08 04:10:00+09:00,0.0497,0.0497,0.0494,0.0496,152045.0
2025-05-08 04:15:00+09:00,0.0496,0.0497,0.0495,0.0496,36527.0
2025-05-08 04:20:00+09:00,0.0496,0.0498,0.0495,0.0495,59051.0
2025-05-08 04:25:00+09:00,0.0494,0.0496,0.0493,0.0494,62316.0
2025-05-08 04:30:00+09:00,0.0494,0.0495,0.0493,0.0495,50342.0
2025-05-08 04:35:00+09:00,0.0493,0.0496,0.0493,0.0494,76566.0
2025-05-08 04:40:00+09:00,0.0495,0.0499,0.0494,0.0496,94237.0
2025-05-08 04:45:00+09:00,0.0497,0.0497,0.0494,0.0494,97671.0
2025-05-08 04:50:00+09:00,0.0494,0.0496,0.0493,0.0494,51261.0
2025-05-08 04:55:00+09:00,0.0494,0.0495,0.0493,0.0493,41021.0
2025-05-08 05:00:00+09:00,0.0493,0.0493,0.0489,0.0489,111859.0
2025-05-08 05:05:00+09:00,0.0489,0.049,0.0488,0.0489,155208.0
2025-05-08 05:10:00+09:00,0.0489,0.049,0.0489,0.0489,91169.0
2025-05-08 05:15:00+09:00,0.049,0.0491,0.0489,0.0489,15373.0
2025-05-08 05:20:00+09:00,0.049,0.0491,0.049,0.049,11346.0
2025-05-08 05:25:00+09:00,0.0491,0.0492,0.0489,0.0492,49317.0
2025-05-08 05:30:00+09:00,0.0491,0.0491,0.0488,0.0488,27823.0
2025-05-08 05:35:00+09:00,0.0489,0.049,0.0489,0.0489,71658.0
2025-05-08 05:40:00+09:00,0.0488,0.0488,0.0487,0.0487,69680.0
2025-05-08 05:45:00+09:00,0.0487,0.0488,0.0486,0.0486,61778.0
2025-05-08 05:50:00+09:00,0.0487,0.0488,0.0486,0.0487,21034.0
2025-05-08 05:55:00+09:00,0.0488,0.0491,0.0488,0.0491,86453.0
2025-05-08 06:00:00+09:00,0.0491,0.0491,0.0488,0.0488,29975.0
2025-05-08 06:05:00+09:00,0.0488,0.049,0.0488,0.049,54318.0
2025-05-08 06:10:00+09:00,0.0489,0.0489,0.0488,0.0489,12617.0
2025-05-08 06:15:00+09:00,0.0488,0.0489,0.0487,0.0489,23094.0
2025-05-08 06:20:00+09:00,0.0489,0.049,0.0488,0.0489,17594.0
2025-05-08 06:25:00+09:00,0.0489,0.0491,0.0489,0.0491,58970.0
2025-05-08 06:30:00+09:00,0.0491,0.0492,0.0489,0.049,143442.0
2025-05-08 06:35:00+09:00,0.0489,0.0492,0.0489,0.049,68458.0
2025-05-08 06:40:00+09:00,0.049,0.049,0.0488,0.0489,54764.0
2025-05-08 06:45:00+09:00,0.0489,0.049,0.0489,0.049,9277.0
2025-05-08 06:50:00+09:00,0.0489,0.049,0.0487,0.0488,43267.0
2025-05-08 06:55:00+09:00,0.0487,0.0488,0.0487,0.0488,67297.0
2025-05-08 07:00:00+09:00,0.0488,0.049,0.0487,0.049,26162.0
2025-05-08 07:05:00+09:00,0.0489,0.0491,0.0489,0.0491,18864.0
2025-05-08 07:10:00+09:00,0.0491,0.0492,0.049,0.0491,23212.0
2025-05-08 07:15:00+09:00,0.049,0.0491,0.049,0.049,22334.0
2025-05-08 07:20:00+09:00,0.0489,0.0489,0.0489,0.0489,17056.0
2025-05-08 07:25:00+09:00,0.0489,0.0491,0.0489,0.0491,12362.0
2025-05-08 07:30:00+09:00,0.0491,0.0494,0.0491,0.0494,97207.0
2025-05-08 07:35:00+09:00,0.0493,0.0495,0.0493,0.0495,105926.0
2025-05-08 07:40:00+09:00,0.0493,0.0494,0.0492,0.0494,51421.0
2025-05-08 07:45:00+09:00,0.0493,0.0494,0.0492,0.0493,20591.0
2025-05-08 07:50:00+09:00,0.0493,0.0493,0.0492,0.0493,679.0
2025-05-08 07:55:00+09:00,0.0492,0.0493,0.0491,0.0492,44641.0
2025-05-08 08:00:00+09:00,0.0492,0.0493,0.049,0.0493,37412.0
2025-05-08 08:05:00+09:00,0.0492,0.0493,0.0491,0.0492,15833.0
2025-05-08 08:10:00+09:00,0.0491,0.0492,0.049,0.0492,11822.0
2025-05-08 08:15:00+09:00,0.0492,0.0492,0.0491,0.0492,13328.0
2025-05-08 08:20:00+09:00,0.0492,0.0492,0.0491,0.0492,4395.0
2025-05-08 08:25:00+09:00,0.0491,0.0492,0.049,0.0491,55689.0
2025-05-08 08:30:00+09:00,0.0491,0.0491,0.049,0.049,16705.0
2025-05-08 08:35:00+09:00,0.0489,0.049,0.0489,0.049,1760.0
2025-05-08 08:40:00+09:00,0.0489,0.049,0.0489,0.049,43861.0
2025-05-08 08:45:00+09:00,0.049,0.0491,0.0489,0.0491,50555.0
2025-05-08 08:50:00+09:00,0.0491,0.0491,0.049,0.049,21531.0
2025-05-08 08:55:00+09:00,0.0489,0.0491,0.0489,0.0491,17772.0
2025-05-08 09:00:00+09:00,0.049,0.0491,0.0488,0.0489,67236.0
2025-05-08 09:05:00+09:00,0.049,0.0491,0.049,0.049,14776.0
2025-05-08 09:10:00+09:00,0.0491,0.0491,0.0489,0.049,37631.0
2025-05-08 09:15:00+09:00,0.049,0.0491,0.049,0.0491,22825.0
2025-05-08 09:20:00+09:00,0.0491,0.0491,0.049,0.0491,28042.0
2025-05-08 09:25:00+09:00,0.0492,0.0492,0.0491,0.0492,24007.0
2025-05-08 09:30:00+09:00,0.0491,0.0491,0.0491,0.0491,14039.0
2025-05-08 09:35:00+09:00,0.049,0.0491,0.0489,0.0489,37197.0
2025-05-08 09:40:00+09:00,0.049,0.049,0.049,0.049,3799.0
2025-05-08 09:45:00+09:00,0.049,0.049,0.049,0.049,2198.0
2025-05-08 09:50:00+09:00,0.0491,0.0492,0.0491,0.0492,6731.0
2025-05-08 09:55:00+09:00,0.0492,0.0495,0.0491,0.0494,156219.0
2025-05-08 10:00:00+09:00,0.0495,0.05,0.0495,0.0496,201377.0
2025-05-08 10:05:00+09:00,0.0498,0.0499,0.0497,0.0498,50863.0
2025-05-08 10:10:00+09:00,0.0498,0.0498,0.0497,0.0498,23956.0
2025-05-08 10:15:00+09:00,0.0497,0.0499,0.0497,0.0498,36144.0
2025-05-08 10:20:00+09:00,0.0499,0.0499,0.0499,0.0499,7312.0
2025-05-08 10:25:00+09:00,0.0499,0.0499,0.0498,0.0498,42628.0
2025-05-08 10:30:00+09:00,0.0499,0.05,0.0499,0.0499,34189.0
2025-05-08 10:35:00+09:00,0.05,0.05,0.0499,0.0499,7144.0
2025-05-08 10:40:00+09:00,0.0499,0.0499,0.0498,0.0498,5240.0
2025-05-08 10:45:00+09:00,0.0498,0.0499,0.0498,0.0499,681.0
2025-05-08 10:50:00+09:00,0.0498,0.0498,0.0497,0.0497,48182.0
2025-05-08 10:55:00+09:00,0.0497,0.0497,0.0496,0.0497,20289.0
2025-05-08 11:00:00+09:00,0.0497,0.0497,0.0496,0.0496,22241.0
2025-05-08 11:05:00+09:00,0.0496,0.0497,0.0496,0.0497,3345.0
2025-05-08 11:10:00+09:00,0.0496,0.0497,0.0495,0.0496,25948.0
2025-05-08 11:15:00+09:00,0.0497,0.0498,0.0497,0.0498,6587.0
2025-05-08 11:20:00+09:00,0.0498,0.05,0.0498,0.05,31286.0
2025-05-08 11:25:00+09:00,0.05,0.0503,0.05,0.0503,66654.0
2025-05-08 11:30:00+09:00,0.0503,0.0504,0.0503,0.0504,135571.0
2025-05-08 11:35:00+09:00,0.0504,0.0504,0.0503,0.0504,12510.0
2025-05-08 11:40:00+09:00,0.0503,0.0504,0.0503,0.0504,16927.0
2025-05-08 11:45:00+09:00,0.0505,0.0507,0.0505,0.0506,123310.0
2025-05-08 11:50:00+09:00,0.0507,0.0507,0.0506,0.0506,48235.0
2025-05-08 11:55:00+09:00,0.0506,0.0506,0.0504,0.0504,82780.0
2025-05-08 12:00:00+09:00,0.0505,0.0505,0.0504,0.0505,59824.0
2025-05-08 12:05:00+09:00,0.0505,0.0507,0.0505,0.0506,44549.0
2025-05-08 12:10:00+09:00,0.0506,0.0507,0.0506,0.0507,121496.0
2025-05-08 12:15:00+09:00,0.0509,0.0509,0.0508,0.0509,14212.0
2025-05-08 12:20:00+09:00,0.051,0.051,0.0509,0.051,57380.0
2025-05-08 12:25:00+09:00,0.0511,0.0512,0.0511,0.0511,31582.0
2025-05-08 12:30:00+09:00,0.0512,0.0512,0.0511,0.0511,12054.0
2025-05-08 12:35:00+09:00,0.0512,0.0512,0.0511,0.0512,6370.0
2025-05-08 12:40:00+09:00,0.0512,0.0515,0.0512,0.0515,117087.0
2025-05-08 12:45:00+09:00,0.0515,0.0515,0.0514,0.0515,41628.0
2025-05-08 12:50:00+09:00,0.0514,0.0514,0.0513,0.0514,25940.0
2025-05-08 12:55:00+09:00,0.0516,0.0517,0.0515,0.0517,111942.0
2025-05-08 13:00:00+09:00,0.0516,0.0518,0.0515,0.0515,66078.0
2025-05-08 13:05:00+09:00,0.0515,0.0516,0.0514,0.0514,66316.0
2025-05-08 13:10:00+09:00,0.0514,0.0516,0.0513,0.0516,21002.0
2025-05-08 13:15:00+09:00,0.0516,0.0519,0.0516,0.0519,56181.0
2025-05-08 13:20:00+09:00,0.0518,0.0519,0.0517,0.0517,23530.0
2025-05-08 13:25:00+09:00,0.0518,0.0519,0.0517,0.0519,16663.0
2025-05-08 13:30:00+09:00,0.052,0.052,0.0519,0.052,47752.0
2025-05-08 13:35:00+09:00,0.0521,0.0521,0.0519,0.0521,11521.0
2025-05-08 13:40:00+09:00,0.052,0.0521,0.0518,0.0518,17201.0
2025-05-08 13:45:00+09:00,0.0518,0.052,0.0518,0.0518,37659.0
2025-05-08 13:50:00+09:00,0.0518,0.0518,0.0518,0.0518,11276.0
2025-05-08 13:55:00+09:00,0.0518,0.052,0.0518,0.052,27094.0
2025-05-08 14:00:00+09:00,0.0519,0.0522,0.0519,0.052,30863.0
2025-05-08 14:05:00+09:00,0.052,0.0521,0.052,0.052,14697.0
2025-05-08 14:10:00+09:00,0.052,0.0522,0.0519,0.052,91910.0
2025-05-08 14:15:00+09:00,0.052,0.052,0.0517,0.0517,15410.0
2025-05-08 14:20:00+09:00,0.0518,0.0518,0.0518,0.0518,10314.0
2025-05-08 14:25:00+09:00,0.0518,0.0519,0.0517,0.0518,33852.0
2025-05-08 14:30:00+09:00,0.0519,0.0519,0.0517,0.0518,20727.0
2025-05-08 14:35:00+09:00,0.0517,0.0518,0.0517,0.0518,12766.0
2025-05-08 14:40:00+09:00,0.0519,0.0519,0.0518,0.0519,5636.0
2025-05-08 14:45:00+09:00,0.0518,0.0521,0.0518,0.0521,33528.0
2025-05-08 14:50:00+09:00,0.0521,0.0522,0.0519,0.0521,92575.0
2025-05-08 14:55:00+09:00,0.0521,0.0521,0.0519,0.0519,28651.0
2025-05-08 15:00:00+09:00,0.052,0.052,0.0518,0.052,9781.0
2025-05-08 15:05:00+09:00,0.0519,0.0521,0.0519,0.0521,4883.0
2025-05-08 15:10:00+09:00,0.0519,0.0521,0.0519,0.0521,9201.0
2025-05-08 15:15:00+09:00,0.052,0.0521,0.0519,0.0521,6274.0
2025-05-08 15:20:00+09:00,0.052,0.0521,0.0519,0.052,41980.0
2025-05-08 15:25:00+09:00,0.0519,0.0521,0.0519,0.052,10231.0
2025-05-08 15:30:00+09:00,0.0519,0.052,0.0519,0.0519,4161.0
2025-05-08 15:35:00+09:00,0.0519,0.052,0.0518,0.0519,29525.0
2025-05-08 15:40:00+09:00,0.0519,0.052,0.0518,0.052,38829.0
2025-05-08 15:45:00+09:00,0.0519,0.052,0.0518,0.052,43931.0
2025-05-08 15:50:00+09:00,0.052,0.0521,0.0519,0.0521,26099.0
2025-05-08 15:55:00+09:00,0.0521,0.0522,0.0521,0.0522,18685.0
2025-05-08 16:00:00+09:00,0.0521,0.0522,0.0519,0.0521,57472.0
2025-05-08 16:05:00+09:00,0.0521,0.0524,0.0521,0.0524,14689.0
2025-05-08 16:10:00+09:00,0.0523,0.0523,0.0522,0.0523,3871.0
2025-05-08 16:15:00+09:00,0.0523,0.0523,0.0523,0.0523,34150.0
2025-05-08 16:20:00+09:00,0.0524,0.0524,0.0523,0.0524,31825.0
2025-05-08 16:25:00+09:00,0.0524,0.0524,0.0523,0.0524,39725.0
2025-05-08 16:30:00+09:00,0.0524,0.0527,0.0523,0.0527,32241.0
2025-05-08 16:35:00+09:00,0.0526,0.0528,0.0525,0.0527,58425.0
2025-05-08 16:40:00+09:00,0.0527,0.0529,0.0527,0.0529,32788.0
2025-05-08 16:45:00+09:00,0.0527,0.0529,0.0527,0.0528,50113.0
2025-05-08 16:50:00+09:00,0.0528,0.0528,0.0525,0.0527,60800.0
2025-05-08 16:55:00+09:00,0.0527,0.0528,0.0526,0.0528,23945.0
2025-05-08 17:00:00+09:00,0.0527,0.0528,0.0526,0.0527,32888.0
2025-05-08 17:05:00+09:00,0.0528,0.053,0.0527,0.0528,68845.0
2025-05-08 17:10:00+09:00,0.0527,0.0529,0.0527,0.0529,8224.0
2025-05-08 17:15:00+09:00,0.0528,0.0528,0.0527,0.0528,36166.0
2025-05-08 17:20:00+09:00,0.0528,0.0528,0.0525,0.0527,113777.0
2025-05-08 17:25:00+09:00,0.0527,0.0527,0.0527,0.0527,16003.0
2025-05-08 17:30:00+09:00,0.0528,0.0528,0.0526,0.0527,20376.0
2025-05-08 17:35:00+09:00,0.0526,0.0526,0.0524,0.0526,115260.0
2025-05-08 17:40:00+09:00,0.0526,0.0526,0.0525,0.0526,5216.0
2025-05-08 17:45:00+09:00,0.0526,0.0526,0.0522,0.0523,174967.0
2025-05-08 17:50:00+09:00,0.0522,0.0523,0.0521,0.0523,39064.0
2025-05-08 17:55:00+09:00,0.0522,0.0522,0.0521,0.0522,34519.0
2025-05-08 18:00:00+09:00,0.0523,0.0523,0.0521,0.0521,16093.0
2025-05-08 18:05:00+09:00,0.052,0.0521,0.052,0.052,33400.0
2025-05-08 18:10:00+09:00,0.052,0.0522,0.052,0.0522,22294.0
2025-05-08 18:15:00+09:00,0.0521,0.0523,0.0521,0.0523,85545.0
2025-05-08 18:20:00+09:00,0.0523,0.0523,0.0522,0.0522,16666.0
2025-05-08 18:25:00+09:00,0.0523,0.0524,0.0523,0.0523,22383.0
2025-05-08 18:30:00+09:00,0.0524,0.0525,0.0522,0.0523,71774.0
2025-05-08 18:35:00+09:00,0.0523,0.0524,0.0523,0.0523,16955.0
2025-05-08 18:40:00+09:00,0.0523,0.0525,0.0523,0.0524,14944.0
2025-05-08 18:45:00+09:00,0.0525,0.0525,0.0524,0.0524,3840.0
2025-05-08 18:50:00+09:00,0.0525,0.0527,0.0525,0.0526,33667.0
2025-05-08 18:55:00+09:00,0.0526,0.0531,0.0525,0.0529,203644.0
2025-05-08 19:00:00+09:00,0.053,0.053,0.0529,0.0529,14830.0
2025-05-08 19:05:00+09:00,0.0529,0.053,0.0527,0.0527,48851.0
2025-05-08 19:10:00+09:00,0.0529,0.0532,0.0529,0.053,78006.0
2025-05-08 19:15:00+09:00,0.0528,0.053,0.0528,0.0528,13302.0
2025-05-08 19:20:00+09:00,0.0529,0.0529,0.0527,0.0527,10961.0
2025-05-08 19:25:00+09:00,0.0527,0.053,0.0527,0.053,106163.0
2025-05-08 19:30:00+09:00,0.053,0.053,0.0529,0.053,43557.0
2025-05-08 19:35:00+09:00,0.053,0.0532,0.053,0.0531,24668.0
2025-05-08 19:40:00+09:00,0.0531,0.0535,0.0531,0.0534,99253.0
2025-05-08 19:45:00+09:00,0.0535,0.054,0.0535,0.0537,161400.0
2025-05-08 19:50:00+09:00,0.0537,0.0537,0.0534,0.0534,61143.0
2025-05-08 19:55:00+09:00,0.0536,0.0536,0.0534,0.0534,42037.0
2025-05-08 20:00:00+09:00,0.0534,0.0534,0.0532,0.0534,56308.0
2025-05-08 20:05:00+09:00,0.0532,0.0533,0.0531,0.0533,11341.0
2025-05-08 20:10:00+09:00,0.0532,0.0533,0.0532,0.0532,8399.0
2025-05-08 20:15:00+09:00,0.0532,0.0532,0.0531,0.0531,10133.0
2025-05-08 20:20:00+09:00,0.0531,0.0534,0.0531,0.0533,47242.0
2025-05-08 20:25:00+09:00,0.0533,0.0534,0.0532,0.0533,8771.0
2025-05-08 20:30:00+09:00,0.0533,0.0533,0.0533,0.0533,880.0
2025-05-08 20:35:00+09:00,0.0532,0.0533,0.0531,0.0532,12284.0
2025-05-08 20:40:00+09:00,0.0531,0.0533,0.0531,0.0533,2376.0
2025-05-08 20:45:00+09:00,0.0533,0.0533,0.0532,0.0532,6001.0
2025-05-08 20:50:00+09:00,0.0532,0.0533,0.0531,0.0533,9309.0
2025-05-08 20:55:00+09:00,0.0531,0.0533,0.0531,0.0531,21586.0
2025-05-08 21:00:00+09:00,0.0533,0.0536,0.0532,0.0534,43758.0
2025-05-08 21:05:00+09:00,0.0535,0.0535,0.0533,0.0533,8318.0
2025-05-08 21:10:00+09:00,0.0534,0.0535,0.0533,0.0535,8104.0
2025-05-08 21:15:00+09:00,0.0533,0.0537,0.0533,0.0537,16528.0
2025-05-08 21:20:00+09:00,0.0536,0.0537,0.0535,0.0537,12465.0
2025-05-08 21:25:00+09:00,0.0536,0.0538,0.0535,0.0537,64890.0
2025-05-08 21:30:00+09:00,0.0537,0.0538,0.0537,0.0537,45205.0
2025-05-08 21:35:00+09:00,0.0537,0.0541,0.0536,0.0536,224148.0
2025-05-08 21:40:00+09:00,0.0536,0.0537,0.0535,0.0535,110135.0
2025-05-08 21:45:00+09:00,0.0536,0.0538,0.0536,0.0537,25597.0
2025-05-08 21:50:00+09:00,0.0538,0.0538,0.0537,0.0537,13960.0
2025-05-08 21:55:00+09:00,0.0537,0.0538,0.0536,0.0537,22435.0
2025-05-08 22:00:00+09:00,0.0537,0.0538,0.0536,0.0537,24778.0
2025-05-08 22:05:00+09:00,0.0538,0.0538,0.0536,0.0536,9272.0
2025-05-08 22:10:00+09:00,0.0536,0.0538,0.0536,0.0536,1802.0
2025-05-08 22:15:00+09:00,0.0536,0.0538,0.0536,0.0538,2610.0
2025-05-08 22:20:00+09:00,0.0537,0.0537,0.0537,0.0537,8635.0
2025-05-08 22:25:00+09:00,0.0536,0.0537,0.0535,0.0537,77034.0
2025-05-08 22:30:00+09:00,0.0537,0.0539,0.0537,0.0539,50432.0
2025-05-08 22:35:00+09:00,0.0539,0.0541,0.0538,0.0539,47213.0
2025-05-08 22:40:00+09:00,0.0538,0.0539,0.0537,0.0539,19928.0
2025-05-08 22:45:00+09:00,0.0538,0.054,0.0536,0.0537,8549.0
2025-05-08 22:50:00+09:00,0.0536,0.0538,0.0536,0.0538,3762.0
2025-05-08 22:55:00+09:00,0.0537,0.0539,0.0537,0.0539,15001.0
2025-05-08 23:00:00+09:00,0.0538,0.054,0.0538,0.054,1105.0
2025-05-08 23:05:00+09:00,0.0538,0.054,0.0535,0.0537,15904.0
2025-05-08 23:10:00+09:00,0.0536,0.0537,0.0533,0.0535,12005.0
2025-05-08 23:15:00+09:00,0.0536,0.0537,0.0535,0.0537,9239.0
2025-05-08 23:20:00+09:00,0.0536,0.0538,0.0536,0.0536,71198.0
2025-05-08 23:25:00+09:00,0.0538,0.054,0.0538,0.0539,18199.0
2025-05-08 23:30:00+09:00,0.0539,0.0543,0.0539,0.0543,29927.0
2025-05-08 23:35:00+09:00,0.0542,0.0543,0.054,0.0541,46590.0
2025-05-08 23:40:00+09:00,0.0541,0.0542,0.054,0.0541,10851.0
2025-05-08 23:45:00+09:00,0.0541,0.0544,0.054,0.0544,47781.0
2025-05-08 23:50:00+09:00,0.0543,0.0545,0.0542,0.0544,51368.0
2025-05-08 23:55:00+09:00,0.0543,0.0543,0.054,0.0542,20731.0
2025-05-09 00:00:00+09:00,0.0541,0.0542,0.0539,0.054,57172.0
2025-05-09 00:05:00+09:00,0.0539,0.0542,0.0539,0.0542,12374.0
2025-05-09 00:10:00+09:00,0.054,0.0542,0.054,0.0542,851.0
2025-05-09 00:15:00+09:00,0.0541,0.0543,0.054,0.0543,13959.0
2025-05-09 00:20:00+09:00,0.0543,0.0549,0.0543,0.0548,86140.0
2025-05-09 00:25:00+09:00,0.0548,0.0552,0.0546,0.0551,189767.0
2025-05-09 00:30:00+09:00,0.055,0.0555,0.0548,0.0554,263053.0
2025-05-09 00:35:00+09:00,0.0553,0.0556,0.0553,0.0556,64295.0
2025-05-09 00:40:00+09:00,0.0556,0.0557,0.0553,0.0555,58842.0
2025-05-09 00:45:00+09:00,0.0554,0.0556,0.0553,0.0555,51122.0
2025-05-09 00:50:00+09:00,0.0554,0.0555,0.0546,0.0549,61903.0
2025-05-09 00:55:00+09:00,0.0547,0.0553,0.0546,0.0553,79591.0
2025-05-09 01:00:00+09:00,0.0551,0.0555,0.0549,0.0549,252813.0
2025-05-09 01:05:00+09:00,0.0549,0.055,0.0548,0.0548,52481.0
2025-05-09 01:10:00+09:00,0.055,0.0551,0.0549,0.055,25266.0
2025-05-09 01:15:00+09:00,0.055,0.0552,0.0549,0.0552,93756.0
2025-05-09 01:20:00+09:00,0.0551,0.0551,0.0549,0.055,35566.0
2025-05-09 01:25:00+09:00,0.0549,0.0549,0.0549,0.0549,8625.0
2025-05-09 01:30:00+09:00,0.0549,0.0551,0.0548,0.0551,36142.0
2025-05-09 01:35:00+09:00,0.0552,0.0554,0.0552,0.0554,25272.0
2025-05-09 01:40:00+09:00,0.0555,0.0556,0.0554,0.0554,26242.0
2025-05-09 01:45:00+09:00,0.0556,0.0556,0.0554,0.0556,39363.0
2025-05-09 01:50:00+09:00,0.0556,0.0556,0.0554,0.0554,29404.0
2025-05-09 01:55:00+09:00,0.0556,0.0556,0.0554,0.0555,9835.0
2025-05-09 02:00:00+09:00,0.0555,0.0555,0.0554,0.0554,86239.0
2025-05-09 02:05:00+09:00,0.0554,0.0556,0.0554,0.0555,22224.0
2025-05-09 02:10:00+09:00,0.0554,0.0556,0.0554,0.0556,21252.0
2025-05-09 02:15:00+09:00,0.0556,0.0557,0.0555,0.0556,20692.0
2025-05-09 02:20:00+09:00,0.0557,0.0558,0.0556,0.0558,126185.0
2025-05-09 02:25:00+09:00,0.0558,0.0562,0.055,0.0553,757014.0
2025-05-09 02:30:00+09:00,0.0552,0.0552,0.055,0.0551,20290.0
2025-05-09 02:35:00+09:00,0.0551,0.0551,0.0547,0.0549,249856.0
2025-05-09 02:40:00+09:00,0.055,0.055,0.0546,0.0547,121369.0
2025-05-09 02:45:00+09:00,0.0548,0.0548,0.0546,0.0547,34961.0
2025-05-09 02:50:00+09:00,0.0547,0.0553,0.0545,0.055,241461.0
2025-05-09 02:55:00+09:00,0.0551,0.0551,0.0549,0.0549,15462.0
2025-05-09 03:00:00+09:00,0.055,0.0551,0.0549,0.0549,53743.0
2025-05-09 03:05:00+09:00,0.0548,0.055,0.0547,0.0547,16815.0
2025-05-09 03:10:00+09:00,0.0549,0.0549,0.0537,0.0542,835482.0
2025-05-09 03:15:00+09:00,0.0543,0.0546,0.0543,0.0545,48312.0
2025-05-09 03:20:00+09:00,0.0545,0.0546,0.0545,0.0546,12619.0
2025-05-09 03:25:00+09:00,0.0546,0.0547,0.0545,0.0545,30455.0
2025-05-09 03:30:00+09:00,0.0546,0.0546,0.0544,0.0546,34413.0
2025-05-09 03:35:00+09:00,0.0544,0.0545,0.0543,0.0545,125539.0
2025-05-09 03:40:00+09:00,0.0546,0.0547,0.0545,0.0545,24567.0
2025-05-09 03:45:00+09:00,0.0546,0.0546,0.0544,0.0546,26597.0
2025-05-09 03:50:00+09:00,0.0545,0.0546,0.0545,0.0546,8592.0
2025-05-09 03:55:00+09:00,0.0545,0.0546,0.0543,0.0545,61982.0
2025-05-09 04:00:00+09:00,0.0546,0.0546,0.0544,0.0544,17280.0
2025-05-09 04:05:00+09:00,0.0544,0.0544,0.0543,0.0543,13235.0
2025-05-09 04:10:00+09:00,0.0544,0.0545,0.0544,0.0545,26555.0
2025-05-09 04:15:00+09:00,0.0545,0.0547,0.0545,0.0547,86328.0
2025-05-09 04:20:00+09:00,0.0547,0.0548,0.0546,0.0546,43540.0
2025-05-09 04:25:00+09:00,0.0545,0.0547,0.0545,0.0547,21868.0
2025-05-09 04:30:00+09:00,0.0547,0.0548,0.0546,0.0547,10670.0
2025-05-09 04:35:00+09:00,0.0546,0.0547,0.0544,0.0544,13126.0
2025-05-09 04:40:00+09:00,0.0544,0.0548,0.0544,0.0548,6296.0
2025-05-09 04:45:00+09:00,0.0548,0.0548,0.0546,0.0547,7157.0
2025-05-09 04:50:00+09:00,0.0546,0.0549,0.0546,0.0548,111672.0
2025-05-09 04:55:00+09:00,0.0548,0.0549,0.0548,0.0549,45753.0
2025-05-09 05:00:00+09:00,0.0549,0.0551,0.0549,0.055,76126.0
2025-05-09 05:05:00+09:00,0.0551,0.0553,0.0549,0.0552,145656.0
2025-05-09 05:10:00+09:00,0.0551,0.0553,0.0551,0.0552,12120.0
2025-05-09 05:15:00+09:00,0.0551,0.0553,0.0551,0.0552,22590.0
2025-05-09 05:20:00+09:00,0.0553,0.0554,0.0549,0.055,137200.0
2025-05-09 05:25:00+09:00,0.0551,0.0553,0.0551,0.0553,23161.0
2025-05-09 05:30:00+09:00,0.0553,0.0555,0.055,0.0551,276847.0
2025-05-09 05:35:00+09:00,0.0551,0.0555,0.0551,0.0555,80982.0
2025-05-09 05:40:00+09:00,0.0554,0.0556,0.0553,0.0555,25440.0
2025-05-09 05:45:00+09:00,0.0555,0.0557,0.0555,0.0557,82778.0
2025-05-09 05:50:00+09:00,0.0557,0.0561,0.0557,0.0561,92827.0
2025-05-09 05:55:00+09:00,0.0561,0.0562,0.0559,0.056,108332.0
2025-05-09 06:00:00+09:00,0.0561,0.0563,0.0561,0.0562,24665.0
2025-05-09 06:05:00+09:00,0.0562,0.0562,0.056,0.0561,125181.0
2025-05-09 06:10:00+09:00,0.0561,0.0563,0.0561,0.0563,348158.0
2025-05-09 06:15:00+09:00,0.0563,0.0564,0.0563,0.0564,89147.0
2025-05-09 06:20:00+09:00,0.0564,0.0565,0.0563,0.0564,86872.0
2025-05-09 06:25:00+09:00,0.0564,0.0564,0.0562,0.0562,91337.0
2025-05-09 06:30:00+09:00,0.0562,0.0564,0.0562,0.0563,81533.0
2025-05-09 06:35:00+09:00,0.0562,0.0562,0.0561,0.0561,58468.0
2025-05-09 06:40:00+09:00,0.0561,0.0562,0.0555,0.0557,145390.0
2025-05-09 06:45:00+09:00,0.0557,0.0559,0.0557,0.0559,62232.0
2025-05-09 06:50:00+09:00,0.0558,0.0559,0.0557,0.0558,134393.0
2025-05-09 06:55:00+09:00,0.0558,0.056,0.0558,0.056,33452.0
2025-05-09 07:00:00+09:00,0.056,0.0563,0.056,0.0561,151305.0
2025-05-09 07:05:00+09:00,0.056,0.0561,0.0556,0.0556,37740.0
2025-05-09 07:10:00+09:00,0.0556,0.0559,0.0556,0.0559,112221.0
2025-05-09 07:15:00+09:00,0.0559,0.056,0.0557,0.056,58750.0
2025-05-09 07:20:00+09:00,0.0559,0.0559,0.0557,0.0559,79817.0
2025-05-09 07:25:00+09:00,0.0558,0.0559,0.0556,0.0558,75326.0
2025-05-09 07:30:00+09:00,0.0557,0.0558,0.0556,0.0557,18963.0
2025-05-09 07:35:00+09:00,0.0557,0.0559,0.0557,0.0559,58416.0
2025-05-09 07:40:00+09:00,0.0559,0.0562,0.0558,0.0562,87032.0
2025-05-09 07:45:00+09:00,0.056,0.0561,0.0559,0.056,55089.0
2025-05-09 07:50:00+09:00,0.0559,0.056,0.0558,0.0559,21656.0
2025-05-09 07:55:00+09:00,0.0558,0.0559,0.0558,0.0559,14330.0
2025-05-09 08:00:00+09:00,0.056,0.0561,0.0558,0.0559,58336.0
2025-05-09 08:05:00+09:00,0.0558,0.0561,0.0558,0.0561,23610.0
2025-05-09 08:10:00+09:00,0.0561,0.0563,0.0561,0.0561,23562.0
2025-05-09 08:15:00+09:00,0.056,0.0563,0.056,0.0563,16517.0
2025-05-09 08:20:00+09:00,0.0563,0.0563,0.0561,0.0562,19325.0
2025-05-09 08:25:00+09:00,0.0562,0.0563,0.0562,0.0563,4072.0
2025-05-09 08:30:00+09:00,0.0563,0.0565,0.0563,0.0565,9580.0
2025-05-09 08:35:00+09:00,0.0564,0.0565,0.0564,0.0564,13733.0
2025-05-09 08:40:00+09:00,0.0563,0.0564,0.0563,0.0564,7259.0
2025-05-09 08:45:00+09:00,0.0564,0.0567,0.0564,0.0566,68747.0
2025-05-09 08:50:00+09:00,0.0566,0.0566,0.0565,0.0566,2625.0
2025-05-09 08:55:00+09:00,0.0566,0.0568,0.0566,0.0568,24159.0
2025-05-09 09:00:00+09:00,0.0567,0.0569,0.0566,0.0567,35397.0
2025-05-09 09:05:00+09:00,0.0568,0.0568,0.0567,0.0567,74796.0
2025-05-09 09:10:00+09:00,0.0567,0.0567,0.0566,0.0567,18604.0
2025-05-09 09:15:00+09:00,0.0567,0.0569,0.0567,0.0569,27399.0
2025-05-09 09:20:00+09:00,0.0569,0.0569,0.0569,0.0569,32402.0
2025-05-09 09:25:00+09:00,0.0569,0.0569,0.0568,0.0569,17258.0
2025-05-09 09:30:00+09:00,0.0569,0.057,0.0568,0.0569,23258.0
2025-05-09 09:35:00+09:00,0.0568,0.0568,0.0567,0.0567,30351.0
2025-05-09 09:40:00+09:00,0.0567,0.0569,0.0567,0.0569,8247.0
2025-05-09 09:45:00+09:00,0.0569,0.0571,0.0569,0.0571,54048.0
2025-05-09 09:50:00+09:00,0.0571,0.0573,0.0571,0.0573,94715.0
2025-05-09 09:55:00+09:00,0.0573,0.0576,0.0573,0.0576,167368.0
2025-05-09 10:00:00+09:00,0.0575,0.0577,0.0574,0.0576,177312.0
2025-05-09 10:05:00+09:00,0.0575,0.0578,0.0575,0.0576,49557.0
2025-05-09 10:10:00+09:00,0.0577,0.0579,0.0577,0.0579,31926.0
2025-05-09 10:15:00+09:00,0.0578,0.058,0.0578,0.0578,64833.0
2025-05-09 10:20:00+09:00,0.0578,0.0579,0.0576,0.0577,51826.0
2025-05-09 10:25:00+09:00,0.0576,0.0581,0.0576,0.058,94429.0
2025-05-09 10:30:00+09:00,0.058,0.0581,0.0577,0.0577,51626.0
2025-05-09 10:35:00+09:00,0.0577,0.0579,0.0574,0.0575,147953.0
2025-05-09 10:40:00+09:00,0.0577,0.058,0.0577,0.0579,22092.0
2025-05-09 10:45:00+09:00,0.058,0.058,0.0578,0.058,75170.0
2025-05-09 10:50:00+09:00,0.058,0.0581,0.0579,0.0579,26393.0
2025-05-09 10:55:00+09:00,0.058,0.0581,0.0579,0.0581,16783.0
2025-05-09 11:00:00+09:00,0.0581,0.0583,0.058,0.0581,18136.0
2025-05-09 11:05:00+09:00,0.0581,0.0582,0.0579,0.058,15289.0
2025-05-09 11:10:00+09:00,0.058,0.0582,0.058,0.0582,12725.0
2025-05-09 11:15:00+09:00,0.0581,0.0584,0.0581,0.0583,46768.0
2025-05-09 11:20:00+09:00,0.0583,0.0583,0.0582,0.0583,58214.0
2025-05-09 11:25:00+09:00,0.0583,0.0584,0.0582,0.0582,6258.0
2025-05-09 11:30:00+09:00,0.0581,0.0582,0.0581,0.0581,18075.0
2025-05-09 11:35:00+09:00,0.0581,0.0585,0.0581,0.0583,60014.0
2025-05-09 11:40:00+09:00,0.0583,0.0585,0.0583,0.0584,21926.0
2025-05-09 11:45:00+09:00,0.0584,0.0584,0.0583,0.0584,40390.0
2025-05-09 11:50:00+09:00,0.0584,0.0584,0.0582,0.0583,51061.0
2025-05-09 11:55:00+09:00,0.0583,0.0584,0.0582,0.0584,14069.0
2025-05-09 12:00:00+09:00,0.0584,0.0586,0.0583,0.0583,42499.0
2025-05-09 12:05:00+09:00,0.0584,0.0585,0.0584,0.0584,20500.0
2025-05-09 12:10:00+09:00,0.0585,0.0586,0.0583,0.0585,24507.0
2025-05-09 12:15:00+09:00,0.0585,0.0585,0.0582,0.0584,35313.0
2025-05-09 12:20:00+09:00,0.0584,0.0585,0.0584,0.0585,32591.0
2025-05-09 12:25:00+09:00,0.0585,0.0585,0.0584,0.0585,9006.0
2025-05-09 12:30:00+09:00,0.0585,0.0586,0.0583,0.0585,70837.0
2025-05-09 12:35:00+09:00,0.0585,0.0586,0.0583,0.0583,52759.0
2025-05-09 12:40:00+09:00,0.0583,0.0583,0.0582,0.0583,25244.0
2025-05-09 12:45:00+09:00,0.0584,0.0584,0.0583,0.0584,33046.0
2025-05-09 12:50:00+09:00,0.0584,0.0586,0.0584,0.0585,13364.0
2025-05-09 12:55:00+09:00,0.0584,0.0585,0.0581,0.0581,81133.0
2025-05-09 13:00:00+09:00,0.0581,0.0584,0.0581,0.0584,28300.0
2025-05-09 13:05:00+09:00,0.0585,0.0585,0.0585,0.0585,31616.0
2025-05-09 13:10:00+09:00,0.0584,0.0585,0.0583,0.0584,13594.0
2025-05-09 13:15:00+09:00,0.0584,0.0586,0.0584,0.0585,29789.0
2025-05-09 13:20:00+09:00,0.0585,0.0585,0.0583,0.0583,16279.0
2025-05-09 13:25:00+09:00,0.0583,0.0584,0.0583,0.0583,49700.0
2025-05-09 13:30:00+09:00,0.0583,0.0583,0.0581,0.0582,54553.0
2025-05-09 13:35:00+09:00,0.0582,0.0582,0.0581,0.0582,7542.0
2025-05-09 13:40:00+09:00,0.0583,0.0583,0.0581,0.0583,2280.0
2025-05-09 13:45:00+09:00,0.0582,0.0583,0.0582,0.0583,37739.0
2025-05-09 13:50:00+09:00,0.0583,0.0584,0.0582,0.0583,33808.0
2025-05-09 13:55:00+09:00,0.0583,0.0583,0.0582,0.0582,31202.0
2025-05-09 14:00:00+09:00,0.0583,0.0586,0.0583,0.0585,59872.0
2025-05-09 14:05:00+09:00,0.0584,0.0585,0.0583,0.0585,11145.0
2025-05-09 14:10:00+09:00,0.0584,0.0585,0.0584,0.0585,1553.0
2025-05-09 14:15:00+09:00,0.0585,0.0585,0.0584,0.0585,2408.0
2025-05-09 14:20:00+09:00,0.0585,0.0585,0.0583,0.0583,11820.0
2025-05-09 14:25:00+09:00,0.0584,0.0584,0.0583,0.0584,27416.0
2025-05-09 14:30:00+09:00,0.0585,0.0585,0.0583,0.0585,5719.0
2025-05-09 14:35:00+09:00,0.0583,0.0585,0.0583,0.0583,4727.0
2025-05-09 14:40:00+09:00,0.0585,0.0585,0.0583,0.0584,951.0
2025-05-09 14:45:00+09:00,0.0583,0.0585,0.0583,0.0584,20198.0
2025-05-09 14:50:00+09:00,0.0582,0.0584,0.0582,0.0584,27903.0
2025-05-09 14:55:00+09:00,0.0583,0.0585,0.0583,0.0585,5275.0
2025-05-09 15:00:00+09:00,0.0585,0.0586,0.0584,0.0584,48819.0
2025-05-09 15:05:00+09:00,0.0584,0.0584,0.0583,0.0584,5012.0
2025-05-09 15:10:00+09:00,0.0584,0.0585,0.0583,0.0583,2779.0
2025-05-09 15:15:00+09:00,0.0582,0.0585,0.0582,0.0585,51699.0
2025-05-09 15:20:00+09:00,0.0585,0.0586,0.0584,0.0586,55954.0
2025-05-09 15:25:00+09:00,0.0586,0.0588,0.0585,0.0588,64658.0
2025-05-09 15:30:00+09:00,0.0586,0.0589,0.0586,0.0588,36760.0
2025-05-09 15:35:00+09:00,0.0587,0.0588,0.0587,0.0588,24254.0
2025-05-09 15:40:00+09:00,0.0586,0.0589,0.0586,0.0588,91672.0
2025-05-09 15:45:00+09:00,0.0587,0.059,0.0587,0.059,46037.0
2025-05-09 15:50:00+09:00,0.0589,0.059,0.0589,0.059,17399.0
2025-05-09 15:55:00+09:00,0.0589,0.0591,0.0589,0.059,22601.0
2025-05-09 16:00:00+09:00,0.0591,0.0593,0.059,0.0593,90159.0
2025-05-09 16:05:00+09:00,0.0592,0.0593,0.0591,0.0593,24310.0
2025-05-09 16:10:00+09:00,0.0592,0.0596,0.0591,0.0596,351450.0
2025-05-09 16:15:00+09:00,0.0595,0.0597,0.0594,0.0597,109527.0
2025-05-09 16:20:00+09:00,0.0596,0.0599,0.0596,0.0599,135792.0
2025-05-09 16:25:00+09:00,0.0597,0.0598,0.0596,0.0598,19962.0
2025-05-09 16:30:00+09:00,0.0597,0.0599,0.0596,0.0598,42124.0
2025-05-09 16:35:00+09:00,0.0597,0.0599,0.0596,0.0599,56053.0
2025-05-09 16:40:00+09:00,0.0597,0.0602,0.0597,0.0599,84956.0
2025-05-09 16:45:00+09:00,0.06,0.0603,0.06,0.0602,42816.0
2025-05-09 16:50:00+09:00,0.0602,0.0602,0.0596,0.0596,68365.0
2025-05-09 16:55:00+09:00,0.0595,0.0596,0.0592,0.0596,54011.0
2025-05-09 17:00:00+09:00,0.0595,0.0597,0.0595,0.0597,20745.0
2025-05-09 17:05:00+09:00,0.0596,0.0597,0.0596,0.0597,26547.0
2025-05-09 17:10:00+09:00,0.0596,0.0599,0.0596,0.0596,157613.0
2025-05-09 17:15:00+09:00,0.0597,0.0599,0.0597,0.0598,25344.0
2025-05-09 17:20:00+09:00,0.0599,0.0601,0.0598,0.0601,22972.0
2025-05-09 17:25:00+09:00,0.0601,0.0611,0.06,0.0608,616737.0
2025-05-09 17:30:00+09:00,0.0606,0.0613,0.0603,0.0611,340145.0
2025-05-09 17:35:00+09:00,0.0612,0.0616,0.0606,0.0607,193968.0
2025-05-09 17:40:00+09:00,0.0606,0.0606,0.0589,0.0592,668223.0
2025-05-09 17:45:00+09:00,0.0592,0.0601,0.0592,0.0595,89884.0
2025-05-09 17:50:00+09:00,0.0597,0.06,0.0595,0.0596,70371.0
2025-05-09 17:55:00+09:00,0.0596,0.0599,0.0595,0.0597,153965.0
2025-05-09 18:00:00+09:00,0.0597,0.0601,0.0597,0.06,124764.0
2025-05-09 18:05:00+09:00,0.06,0.0601,0.0592,0.0594,133083.0
2025-05-09 18:10:00+09:00,0.0594,0.0596,0.0589,0.0592,157000.0
2025-05-09 18:15:00+09:00,0.0593,0.0595,0.059,0.0594,60256.0
2025-05-09 18:20:00+09:00,0.0595,0.0596,0.0592,0.0595,93756.0
2025-05-09 18:25:00+09:00,0.0594,0.0595,0.0586,0.0589,149104.0
2025-05-09 18:30:00+09:00,0.0589,0.0593,0.0589,0.0593,44897.0
2025-05-09 18:35:00+09:00,0.0592,0.0593,0.059,0.0593,63546.0
2025-05-09 18:40:00+09:00,0.0593,0.0594,0.059,0.059,143534.0
2025-05-09 18:45:00+09:00,0.059,0.0593,0.059,0.0591,64614.0
2025-05-09 18:50:00+09:00,0.059,0.0593,0.0588,0.0592,175819.0
2025-05-09 18:55:00+09:00,0.0592,0.0598,0.0592,0.0597,109861.0
2025-05-09 19:00:00+09:00,0.0596,0.0599,0.0595,0.0597,105522.0
2025-05-09 19:05:00+09:00,0.0596,0.0601,0.0596,0.0599,79998.0
2025-05-09 19:10:00+09:00,0.06,0.0601,0.0599,0.0601,89174.0
2025-05-09 19:15:00+09:00,0.06,0.0601,0.0598,0.0599,24664.0
2025-05-09 19:20:00+09:00,0.0598,0.06,0.0597,0.0599,27404.0
2025-05-09 19:25:00+09:00,0.06,0.0603,0.06,0.0601,65893.0
2025-05-09 19:30:00+09:00,0.0602,0.0603,0.06,0.06,96304.0
2025-05-09 19:35:00+09:00,0.0601,0.0603,0.0601,0.0602,101046.0
2025-05-09 19:40:00+09:00,0.0602,0.0602,0.0599,0.06,36961.0
2025-05-09 19:45:00+09:00,0.06,0.0602,0.06,0.0601,30226.0
2025-05-09 19:50:00+09:00,0.06,0.0603,0.06,0.0603,66629.0
2025-05-09 19:55:00+09:00,0.0603,0.0603,0.0603,0.0603,23546.0
2025-05-09 20:00:00+09:00,0.0602,0.0605,0.0601,0.0603,65985.0
2025-05-09 20:05:00+09:00,0.0602,0.0607,0.0602,0.0607,83625.0
2025-05-09 20:10:00+09:00,0.0607,0.0609,0.0605,0.0606,33474.0
2025-05-09 20:15:00+09:00,0.0605,0.0608,0.0605,0.0608,23270.0
2025-05-09 20:20:00+09:00,0.0607,0.0609,0.0607,0.0608,29436.0
2025-05-09 20:25:00+09:00,0.0608,0.0608,0.0597,0.0601,197604.0
2025-05-09 20:30:00+09:00,0.06,0.0605,0.0599,0.0602,143897.0
2025-05-09 20:35:00+09:00,0.0602,0.0602,0.0599,0.06,148520.0
2025-05-09 20:40:00+09:00,0.06,0.0603,0.06,0.0603,90772.0
2025-05-09 20:45:00+09:00,0.0604,0.0604,0.0602,0.0602,8012.0
2025-05-09 20:50:00+09:00,0.0602,0.0603,0.0601,0.0602,13972.0
2025-05-09 20:55:00+09:00,0.0602,0.0603,0.0601,0.0602,67269.0
2025-05-09 21:00:00+09:00,0.0602,0.0602,0.0599,0.0599,113886.0
2025-05-09 21:05:00+09:00,0.06,0.0602,0.0595,0.0596,42128.0
2025-05-09 21:10:00+09:00,0.0597,0.0599,0.0595,0.0598,73549.0
2025-05-09 21:15:00+09:00,0.0598,0.0602,0.0598,0.0601,73678.0
2025-05-09 21:20:00+09:00,0.0602,0.0605,0.0602,0.0605,7228.0
2025-05-09 21:25:00+09:00,0.0604,0.0604,0.0603,0.0603,11870.0
2025-05-09 21:30:00+09:00,0.0603,0.0605,0.0603,0.0605,11010.0
2025-05-09 21:35:00+09:00,0.0605,0.0606,0.0605,0.0606,40054.0
2025-05-09 21:40:00+09:00,0.0606,0.0608,0.0605,0.0607,18280.0
2025-05-09 21:45:00+09:00,0.0608,0.0608,0.0607,0.0607,54853.0
2025-05-09 21:50:00+09:00,0.0608,0.0608,0.0606,0.0607,53032.0
2025-05-09 21:55:00+09:00,0.0606,0.0606,0.0605,0.0606,36295.0
2025-05-09 22:00:00+09:00,0.0606,0.0608,0.0606,0.0608,16715.0
2025-05-09 22:05:00+09:00,0.0608,0.0609,0.0608,0.0608,66674.0
2025-05-09 22:10:00+09:00,0.0607,0.0608,0.0607,0.0608,10897.0
2025-05-09 22:15:00+09:00,0.0609,0.0609,0.0605,0.0605,13875.0
2025-05-09 22:20:00+09:00,0.0605,0.0606,0.0604,0.0604,26417.0
2025-05-09 22:25:00+09:00,0.0606,0.0607,0.0605,0.0606,9191.0
2025-05-09 22:30:00+09:00,0.0607,0.0608,0.0602,0.0608,34023.0
2025-05-09 22:35:00+09:00,0.0608,0.061,0.0607,0.0609,28790.0
2025-05-09 22:40:00+09:00,0.0609,0.0612,0.0608,0.0611,45140.0
2025-05-09 22:45:00+09:00,0.061,0.0611,0.0607,0.061,108081.0
2025-05-09 22:50:00+09:00,0.0609,0.061,0.0607,0.0608,40474.0
2025-05-09 22:55:00+09:00,0.0609,0.061,0.0609,0.061,12709.0
2025-05-09 23:00:00+09:00,0.0608,0.0609,0.0607,0.0608,93185.0
2025-05-09 23:05:00+09:00,0.0606,0.061,0.0606,0.0609,114387.0
2025-05-09 23:10:00+09:00,0.0609,0.0613,0.0609,0.0613,69969.0
2025-05-09 23:15:00+09:00,0.0613,0.0614,0.061,0.061,63773.0
2025-05-09 23:20:00+09:00,0.0609,0.0611,0.0606,0.0607,127542.0
2025-05-09 23:25:00+09:00,0.0605,0.0606,0.0603,0.0603,64284.0
2025-05-09 23:30:00+09:00,0.0602,0.0608,0.0602,0.0606,194035.0
2025-05-09 23:35:00+09:00,0.0607,0.0607,0.0594,0.0598,300287.0
2025-05-09 23:40:00+09:00,0.0596,0.0602,0.0596,0.0602,52111.0
2025-05-09 23:45:00+09:00,0.0599,0.06,0.0596,0.0599,43485.0
2025-05-09 23:50:00+09:00,0.0599,0.0603,0.0599,0.0602,95969.0
2025-05-09 23:55:00+09:00,0.06,0.0605,0.06,0.0604,58830.0
2025-05-10 00:00:00+09:00,0.0603,0.0604,0.0602,0.0604,17211.0
2025-05-10 00:05:00+09:00,0.0604,0.0609,0.0604,0.0609,47080.0
2025-05-10 00:10:00+09:00,0.0607,0.0609,0.0604,0.0606,71799.0
2025-05-10 00:15:00+09:00,0.0605,0.0606,0.0604,0.0605,13080.0
2025-05-10 00:20:00+09:00,0.0603,0.0604,0.06,0.0601,39795.0
2025-05-10 00:25:00+09:00,0.06,0.0603,0.0597,0.0603,71012.0
2025-05-10 00:30:00+09:00,0.0601,0.0603,0.0599,0.0603,33003.0
2025-05-10 00:35:00+09:00,0.0601,0.0603,0.06,0.0602,18604.0
2025-05-10 00:40:00+09:00,0.0601,0.0602,0.06,0.0602,17040.0
2025-05-10 00:45:00+09:00,0.0602,0.0603,0.0599,0.0601,28956.0
2025-05-10 00:50:00+09:00,0.0601,0.0606,0.0601,0.0605,93623.0
2025-05-10 00:55:00+09:00,0.0604,0.0607,0.0604,0.0607,41662.0
2025-05-10 01:00:00+09:00,0.0607,0.0611,0.0606,0.0607,84978.0
2025-05-10 01:05:00+09:00,0.0606,0.0607,0.0602,0.0602,101427.0
2025-05-10 01:10:00+09:00,0.0602,0.0606,0.06,0.0606,79690.0
2025-05-10 01:15:00+09:00,0.0603,0.0606,0.0603,0.0606,32405.0
2025-05-10 01:20:00+09:00,0.0606,0.0608,0.0606,0.0608,22067.0
2025-05-10 01:25:00+09:00,0.0607,0.0607,0.0604,0.0604,19071.0
2025-05-10 01:30:00+09:00,0.0603,0.0604,0.0602,0.0604,9952.0
2025-05-10 01:35:00+09:00,0.0605,0.0606,0.0604,0.0604,14931.0
2025-05-10 01:40:00+09:00,0.0604,0.0605,0.0604,0.0605,39226.0
2025-05-10 01:45:00+09:00,0.0604,0.0605,0.0604,0.0604,13721.0
2025-05-10 01:50:00+09:00,0.0602,0.0602,0.0601,0.0601,26425.0
2025-05-10 01:55:00+09:00,0.0601,0.0601,0.0597,0.0597,72807.0
2025-05-10 02:00:00+09:00,0.0598,0.0602,0.0598,0.0601,65201.0
2025-05-10 02:05:00+09:00,0.0602,0.0604,0.0602,0.0604,30996.0
2025-05-10 02:10:00+09:00,0.0604,0.0606,0.0603,0.0604,35382.0
2025-05-10 02:15:00+09:00,0.0603,0.0607,0.0603,0.0607,17796.0
2025-05-10 02:20:00+09:00,0.0608,0.0608,0.0605,0.0605,23955.0
2025-05-10 02:25:00+09:00,0.0606,0.0608,0.0606,0.0608,21916.0
2025-05-10 02:30:00+09:00,0.0608,0.061,0.0607,0.0609,28227.0
2025-05-10 02:35:00+09:00,0.0609,0.0612,0.0609,0.061,25103.0
2025-05-10 02:40:00+09:00,0.061,0.0611,0.061,0.0611,3366.0
2025-05-10 02:45:00+09:00,0.061,0.0613,0.0609,0.0612,47566.0
2025-05-10 02:50:00+09:00,0.0612,0.0613,0.061,0.0612,127526.0
2025-05-10 02:55:00+09:00,0.0612,0.0613,0.0609,0.0611,203044.0
2025-05-10 03:00:00+09:00,0.0613,0.0623,0.0612,0.0615,305523.0
2025-05-10 03:05:00+09:00,0.0616,0.0616,0.0614,0.0616,15296.0
2025-05-10 03:10:00+09:00,0.0615,0.0615,0.0611,0.0614,98003.0
2025-05-10 03:15:00+09:00,0.0614,0.0614,0.0609,0.0612,35364.0
2025-05-10 03:20:00+09:00,0.0611,0.0612,0.061,0.061,8929.0
2025-05-10 03:25:00+09:00,0.0611,0.0613,0.0611,0.0611,60505.0
2025-05-10 03:30:00+09:00,0.0612,0.0613,0.0611,0.0612,31094.0
2025-05-10 03:35:00+09:00,0.0611,0.0611,0.0611,0.0611,16853.0
2025-05-10 03:40:00+09:00,0.061,0.0612,0.061,0.061,17024.0
2025-05-10 03:45:00+09:00,0.0611,0.0613,0.0611,0.0612,32650.0
2025-05-10 03:50:00+09:00,0.0612,0.0612,0.0609,0.0609,18082.0
2025-05-10 03:55:00+09:00,0.061,0.061,0.0608,0.0608,15174.0
2025-05-10 04:00:00+09:00,0.0609,0.0613,0.0609,0.0613,18926.0
2025-05-10 04:05:00+09:00,0.0614,0.0617,0.0614,0.0617,59329.0
2025-05-10 04:10:00+09:00,0.0616,0.0618,0.0614,0.0614,64616.0
2025-05-10 04:15:00+09:00,0.0614,0.0614,0.0611,0.0612,146094.0
2025-05-10 04:20:00+09:00,0.0613,0.0614,0.0611,0.0613,37609.0
2025-05-10 04:25:00+09:00,0.0612,0.0614,0.0612,0.0613,18883.0
2025-05-10 04:30:00+09:00,0.0613,0.0614,0.0611,0.0612,33423.0
2025-05-10 04:35:00+09:00,0.0612,0.0612,0.061,0.061,2791.0
2025-05-10 04:40:00+09:00,0.0611,0.0611,0.0609,0.0609,39940.0
2025-05-10 04:45:00+09:00,0.0608,0.0609,0.0607,0.0608,77970.0
2025-05-10 04:50:00+09:00,0.0608,0.0609,0.0607,0.0608,42818.0
2025-05-10 04:55:00+09:00,0.0608,0.0608,0.0607,0.0608,7420.0
2025-05-10 05:00:00+09:00,0.0608,0.0608,0.0608,0.0608,6137.0
2025-05-10 05:05:00+09:00,0.0608,0.0608,0.0608,0.0608,20699.0
2025-05-10 05:10:00+09:00,0.0609,0.061,0.0607,0.0608,61312.0
2025-05-10 05:15:00+09:00,0.0608,0.0611,0.0608,0.0611,8179.0
2025-05-10 05:20:00+09:00,0.0611,0.0611,0.061,0.0611,688.0
2025-05-10 05:25:00+09:00,0.0611,0.0611,0.0611,0.0611,302.0
2025-05-10 05:30:00+09:00,0.061,0.0611,0.061,0.0611,7102.0
2025-05-10 05:35:00+09:00,0.061,0.0611,0.0608,0.061,94196.0
2025-05-10 05:40:00+09:00,0.061,0.061,0.061,0.061,234.0
2025-05-10 05:45:00+09:00,0.0609,0.061,0.0609,0.061,13637.0
2025-05-10 05:50:00+09:00,0.061,0.0613,0.061,0.0613,7472.0
2025-05-10 05:55:00+09:00,0.0613,0.0615,0.0612,0.0615,46409.0
2025-05-10 06:00:00+09:00,0.0615,0.0615,0.0613,0.0615,8345.0
2025-05-10 06:05:00+09:00,0.0616,0.0619,0.0616,0.0618,176018.0
2025-05-10 06:10:00+09:00,0.0617,0.0618,0.0617,0.0617,8882.0
2025-05-10 06:15:00+09:00,0.0616,0.0616,0.0613,0.0614,31752.0
2025-05-10 06:20:00+09:00,0.0613,0.0613,0.0611,0.0611,76739.0
2025-05-10 06:25:00+09:00,0.0611,0.0612,0.061,0.0612,23450.0
2025-05-10 06:30:00+09:00,0.0612,0.0617,0.0612,0.0617,22346.0
2025-05-10 06:35:00+09:00,0.0616,0.0618,0.0616,0.0617,29682.0
2025-05-10 06:40:00+09:00,0.0617,0.0617,0.0615,0.0616,39774.0
2025-05-10 06:45:00+09:00,0.0615,0.0616,0.0615,0.0615,16700.0
2025-05-10 06:50:00+09:00,0.0615,0.0616,0.0614,0.0615,12482.0
2025-05-10 06:55:00+09:00,0.0614,0.0615,0.0612,0.0613,134005.0
2025-05-10 07:00:00+09:00,0.0613,0.0614,0.0611,0.0613,56488.0
2025-05-10 07:05:00+09:00,0.0612,0.0615,0.0612,0.0615,4437.0
2025-05-10 07:10:00+09:00,0.0615,0.0615,0.0611,0.0612,46567.0
2025-05-10 07:15:00+09:00,0.0611,0.0612,0.061,0.0611,49060.0
2025-05-10 07:20:00+09:00,0.0611,0.0613,0.0611,0.0613,34159.0
2025-05-10 07:25:00+09:00,0.0613,0.0616,0.0613,0.0616,4470.0
2025-05-10 07:30:00+09:00,0.0615,0.0616,0.0615,0.0616,932.0
2025-05-10 07:35:00+09:00,0.0616,0.0616,0.0616,0.0616,0.0
2025-05-10 07:40:00+09:00,0.0614,0.0614,0.0613,0.0614,57174.0
2025-05-10 07:45:00+09:00,0.0615,0.0615,0.0613,0.0615,60682.0
2025-05-10 07:50:00+09:00,0.0613,0.0614,0.0612,0.0613,12262.0
2025-05-10 07:55:00+09:00,0.0611,0.0613,0.0611,0.0613,1911.0
2025-05-10 08:00:00+09:00,0.0613,0.0613,0.0611,0.0613,19643.0
2025-05-10 08:05:00+09:00,0.0612,0.0613,0.061,0.0611,65640.0
2025-05-10 08:10:00+09:00,0.0611,0.0613,0.0611,0.0613,11496.0
2025-05-10 08:15:00+09:00,0.0613,0.0614,0.0613,0.0614,7159.0
2025-05-10 08:20:00+09:00,0.0614,0.0616,0.0613,0.0616,17758.0
2025-05-10 08:25:00+09:00,0.0616,0.0617,0.0616,0.0617,6271.0
2025-05-10 08:30:00+09:00,0.0616,0.0618,0.0616,0.0618,21691.0
2025-05-10 08:35:00+09:00,0.0618,0.0619,0.0617,0.0619,14616.0
2025-05-10 08:40:00+09:00,0.0617,0.0619,0.0617,0.0617,35608.0
2025-05-10 08:45:00+09:00,0.0617,0.0618,0.0616,0.0618,20814.0
2025-05-10 08:50:00+09:00,0.0618,0.0619,0.0617,0.0619,18099.0
2025-05-10 08:55:00+09:00,0.0618,0.062,0.0618,0.0619,75769.0
2025-05-10 09:00:00+09:00,0.0619,0.0624,0.0619,0.0624,61718.0
2025-05-10 09:05:00+09:00,0.0624,0.0626,0.0624,0.0625,11423.0
2025-05-10 09:10:00+09:00,0.0626,0.0629,0.0626,0.0628,57807.0
2025-05-10 09:15:00+09:00,0.0629,0.0639,0.0629,0.0637,294035.0
2025-05-10 09:20:00+09:00,0.0636,0.0636,0.0631,0.0631,138482.0
2025-05-10 09:25:00+09:00,0.063,0.0632,0.063,0.0631,123030.0
2025-05-10 09:30:00+09:00,0.0631,0.0632,0.063,0.0631,137738.0
2025-05-10 09:35:00+09:00,0.0631,0.0633,0.0629,0.0629,96875.0
2025-05-10 09:40:00+09:00,0.0629,0.063,0.0628,0.0629,134069.0
2025-05-10 09:45:00+09:00,0.0628,0.0629,0.062,0.0622,110826.0
2025-05-10 09:50:00+09:00,0.0622,0.0623,0.0618,0.0618,94246.0
2025-05-10 09:55:00+09:00,0.0618,0.0618,0.0614,0.0616,392072.0
2025-05-10 10:00:00+09:00,0.0615,0.0617,0.0615,0.0617,87944.0
2025-05-10 10:05:00+09:00,0.0617,0.0617,0.0615,0.0617,118629.0
2025-05-10 10:10:00+09:00,0.0618,0.0619,0.0617,0.0617,37797.0
2025-05-10 10:15:00+09:00,0.0618,0.0621,0.0618,0.0619,36875.0
2025-05-10 10:20:00+09:00,0.062,0.0626,0.062,0.0626,46742.0
2025-05-10 10:25:00+09:00,0.0625,0.0628,0.0624,0.0627,209724.0
2025-05-10 10:30:00+09:00,0.0627,0.0627,0.0625,0.0626,54841.0
2025-05-10 10:35:00+09:00,0.0627,0.0627,0.0626,0.0626,1581.0
2025-05-10 10:40:00+09:00,0.0626,0.0628,0.0625,0.0625,95980.0
2025-05-10 10:45:00+09:00,0.0625,0.0626,0.0622,0.0622,88938.0
2025-05-10 10:50:00+09:00,0.0623,0.0624,0.0619,0.0621,270354.0
2025-05-10 10:55:00+09:00,0.062,0.0623,0.062,0.0622,55020.0
2025-05-10 11:00:00+09:00,0.062,0.0622,0.062,0.0621,49459.0
2025-05-10 11:05:00+09:00,0.0622,0.0627,0.0622,0.0627,47670.0
2025-05-10 11:10:00+09:00,0.0626,0.0627,0.0625,0.0627,26033.0
2025-05-10 11:15:00+09:00,0.0626,0.0626,0.0623,0.0623,27517.0
2025-05-10 11:20:00+09:00,0.0624,0.0628,0.0623,0.0628,132582.0
2025-05-10 11:25:00+09:00,0.0626,0.0627,0.0626,0.0626,37464.0
2025-05-10 11:30:00+09:00,0.0626,0.0626,0.0622,0.0623,86605.0
2025-05-10 11:35:00+09:00,0.0624,0.0625,0.0624,0.0625,43725.0
2025-05-10 11:40:00+09:00,0.0626,0.0626,0.0623,0.0623,43209.0
2025-05-10 11:45:00+09:00,0.0624,0.0624,0.0624,0.0624,30063.0
2025-05-10 11:50:00+09:00,0.0624,0.0624,0.0624,0.0624,11667.0
2025-05-10 11:55:00+09:00,0.0624,0.0624,0.0624,0.0624,0.0
2025-05-10 12:00:00+09:00,0.0623,0.0625,0.0622,0.0623,13588.0
2025-05-10 12:05:00+09:00,0.0623,0.0624,0.062,0.062,30827.0
2025-05-10 12:10:00+09:00,0.0621,0.0623,0.0621,0.0622,96549.0
2025-05-10 12:15:00+09:00,0.0622,0.0624,0.0622,0.0623,23747.0
2025-05-10 12:20:00+09:00,0.0622,0.0625,0.0622,0.0625,17671.0
2025-05-10 12:25:00+09:00,0.0623,0.0625,0.0623,0.0625,5160.0
2025-05-10 12:30:00+09:00,0.0623,0.0625,0.0623,0.0623,1178.0
2025-05-10 12:35:00+09:00,0.0624,0.0624,0.0624,0.0624,885.0
2025-05-10 12:40:00+09:00,0.0621,0.0622,0.0621,0.0621,8378.0
2025-05-10 12:45:00+09:00,0.0623,0.0623,0.0623,0.0623,160.0
2025-05-10 12:50:00+09:00,0.0621,0.0623,0.0621,0.0623,8253.0
2025-05-10 12:55:00+09:00,0.0623,0.0624,0.0623,0.0623,1804.0
2025-05-10 13:00:00+09:00,0.0621,0.0621,0.062,0.0621,10373.0
2025-05-10 13:05:00+09:00,0.0622,0.0622,0.0617,0.0618,96630.0
2025-05-10 13:10:00+09:00,0.0618,0.0619,0.0617,0.0619,49824.0
2025-05-10 13:15:00+09:00,0.0618,0.0619,0.0617,0.0619,46473.0
2025-05-10 13:20:00+09:00,0.062,0.0621,0.0618,0.0619,40756.0
2025-05-10 13:25:00+09:00,0.062,0.0623,0.062,0.0623,9802.0
2025-05-10 13:30:00+09:00,0.0622,0.0624,0.0622,0.0623,13403.0
2025-05-10 13:35:00+09:00,0.0625,0.0626,0.0623,0.0623,114443.0
2025-05-10 13:40:00+09:00,0.0624,0.0624,0.0623,0.0623,1314.0
2025-05-10 13:45:00+09:00,0.0624,0.0625,0.0624,0.0625,14618.0
2025-05-10 13:50:00+09:00,0.0626,0.0626,0.0624,0.0624,35905.0
2025-05-10 13:55:00+09:00,0.0623,0.0623,0.0623,0.0623,1388.0
2025-05-10 14:00:00+09:00,0.0624,0.0624,0.0621,0.0622,10039.0
2025-05-10 14:05:00+09:00,0.0622,0.0622,0.0621,0.0621,10673.0
2025-05-10 14:10:00+09:00,0.0621,0.0621,0.062,0.062,9300.0
2025-05-10 14:15:00+09:00,0.062,0.0622,0.062,0.0622,32791.0
2025-05-10 14:20:00+09:00,0.062,0.0622,0.062,0.0622,41436.0
2025-05-10 14:25:00+09:00,0.0621,0.0621,0.0621,0.0621,12018.0
2025-05-10 14:30:00+09:00,0.0622,0.0623,0.062,0.0622,28274.0
2025-05-10 14:35:00+09:00,0.0621,0.0622,0.062,0.062,13069.0
2025-05-10 14:40:00+09:00,0.062,0.0623,0.062,0.0623,27100.0
2025-05-10 14:45:00+09:00,0.0623,0.0623,0.0621,0.0623,51148.0
2025-05-10 14:50:00+09:00,0.0623,0.0624,0.0621,0.0624,235465.0
2025-05-10 14:55:00+09:00,0.0624,0.0626,0.0624,0.0625,41751.0
2025-05-10 15:00:00+09:00,0.0625,0.0626,0.0622,0.0624,28264.0
2025-05-10 15:05:00+09:00,0.0623,0.0626,0.0623,0.0626,22671.0
2025-05-10 15:10:00+09:00,0.0625,0.0627,0.0625,0.0626,61371.0
2025-05-10 15:15:00+09:00,0.0625,0.0629,0.0625,0.0629,72792.0
2025-05-10 15:20:00+09:00,0.0628,0.0629,0.0626,0.0628,46821.0
2025-05-10 15:25:00+09:00,0.0627,0.0628,0.0626,0.0627,48436.0
2025-05-10 15:30:00+09:00,0.0626,0.0628,0.0626,0.0627,26976.0
2025-05-10 15:35:00+09:00,0.0627,0.0628,0.0627,0.0628,19656.0
2025-05-10 15:40:00+09:00,0.0627,0.0628,0.0624,0.0624,61793.0
2025-05-10 15:45:00+09:00,0.0624,0.0626,0.0622,0.0623,26139.0
2025-05-10 15:50:00+09:00,0.0623,0.0626,0.0623,0.0626,23248.0
2025-05-10 15:55:00+09:00,0.0626,0.0628,0.0625,0.0628,24295.0
2025-05-10 16:00:00+09:00,0.0627,0.0628,0.0626,0.0628,34016.0
2025-05-10 16:05:00+09:00,0.0627,0.0628,0.0625,0.0627,93844.0
2025-05-10 16:10:00+09:00,0.0625,0.0627,0.0625,0.0626,24334.0
2025-05-10 16:15:00+09:00,0.0626,0.0627,0.0625,0.0626,37210.0
2025-05-10 16:20:00+09:00,0.0627,0.0627,0.0625,0.0626,41854.0
2025-05-10 16:25:00+09:00,0.0626,0.0628,0.0625,0.0628,30181.0
2025-05-10 16:30:00+09:00,0.0628,0.0629,0.0627,0.0629,76107.0
2025-05-10 16:35:00+09:00,0.0629,0.0633,0.0629,0.0633,424648.0
2025-05-10 16:40:00+09:00,0.0632,0.0634,0.0631,0.0634,44256.0
2025-05-10 16:45:00+09:00,0.0632,0.0634,0.0631,0.0632,53363.0
2025-05-10 16:50:00+09:00,0.0632,0.0633,0.063,0.0633,104481.0
2025-05-10 16:55:00+09:00,0.0633,0.0635,0.0631,0.0632,74970.0
2025-05-10 17:00:00+09:00,0.063,0.0631,0.0629,0.0631,42664.0
2025-05-10 17:05:00+09:00,0.0629,0.063,0.0627,0.0628,129623.0
2025-05-10 17:10:00+09:00,0.0629,0.0632,0.0629,0.063,67172.0
2025-05-10 17:15:00+09:00,0.0631,0.0633,0.0629,0.0629,27596.0
2025-05-10 17:20:00+09:00,0.063,0.0631,0.0627,0.0631,212532.0
2025-05-10 17:25:00+09:00,0.0631,0.0635,0.0631,0.0635,116819.0
2025-05-10 17:30:00+09:00,0.0634,0.0635,0.0633,0.0634,60492.0
2025-05-10 17:35:00+09:00,0.0634,0.0634,0.0631,0.0632,12934.0
2025-05-10 17:40:00+09:00,0.0632,0.0634,0.0631,0.0634,12113.0
2025-05-10 17:45:00+09:00,0.0634,0.0634,0.0632,0.0632,38085.0
2025-05-10 17:50:00+09:00,0.0632,0.0633,0.0623,0.0625,280069.0
2025-05-10 17:55:00+09:00,0.0625,0.0628,0.0625,0.0628,49092.0
2025-05-10 18:00:00+09:00,0.0629,0.063,0.0622,0.0623,85247.0
2025-05-10 18:05:00+09:00,0.0623,0.0625,0.0623,0.0624,70916.0
2025-05-10 18:10:00+09:00,0.0624,0.0627,0.0624,0.0627,73069.0
2025-05-10 18:15:00+09:00,0.0627,0.0628,0.0627,0.0627,77605.0
2025-05-10 18:20:00+09:00,0.0627,0.0629,0.0627,0.0627,17127.0
2025-05-10 18:25:00+09:00,0.0628,0.0629,0.0627,0.0629,7136.0
2025-05-10 18:30:00+09:00,0.0628,0.0628,0.0624,0.0626,88753.0
2025-05-10 18:35:00+09:00,0.0626,0.0628,0.0626,0.0627,24331.0
2025-05-10 18:40:00+09:00,0.0629,0.0629,0.0628,0.0628,27507.0
2025-05-10 18:45:00+09:00,0.0628,0.0628,0.0628,0.0628,18777.0
2025-05-10 18:50:00+09:00,0.0629,0.0632,0.0629,0.063,169850.0
2025-05-10 18:55:00+09:00,0.0629,0.063,0.0629,0.0629,36935.0
2025-05-10 19:00:00+09:00,0.0628,0.0628,0.0627,0.0628,24383.0
2025-05-10 19:05:00+09:00,0.0629,0.063,0.0629,0.0629,35067.0
2025-05-10 19:10:00+09:00,0.063,0.063,0.0629,0.0629,16492.0
2025-05-10 19:15:00+09:00,0.0628,0.0628,0.0627,0.0627,14567.0
2025-05-10 19:20:00+09:00,0.0628,0.0629,0.0627,0.0627,21432.0
2025-05-10 19:25:00+09:00,0.0628,0.0629,0.0627,0.0627,38583.0
2025-05-10 19:30:00+09:00,0.0627,0.063,0.0627,0.0628,30444.0
2025-05-10 19:35:00+09:00,0.0629,0.0629,0.0626,0.0626,86898.0
2025-05-10 19:40:00+09:00,0.0626,0.0627,0.0625,0.0626,25545.0
2025-05-10 19:45:00+09:00,0.0625,0.0625,0.0622,0.0623,36998.0
2025-05-10 19:50:00+09:00,0.0624,0.0626,0.0624,0.0625,53356.0
2025-05-10 19:55:00+09:00,0.0625,0.0625,0.0622,0.0622,44020.0
2025-05-10 20:00:00+09:00,0.0621,0.0622,0.0619,0.062,111400.0
2025-05-10 20:05:00+09:00,0.0622,0.0624,0.0622,0.0624,26612.0
2025-05-10 20:10:00+09:00,0.0624,0.0627,0.0624,0.0627,7468.0
2025-05-10 20:15:00+09:00,0.0627,0.0627,0.0626,0.0626,50037.0
2025-05-10 20:20:00+09:00,0.0625,0.0627,0.0625,0.0626,26974.0
2025-05-10 20:25:00+09:00,0.0627,0.0628,0.0627,0.0627,46219.0
2025-05-10 20:30:00+09:00,0.0627,0.0627,0.0625,0.0626,75085.0
2025-05-10 20:35:00+09:00,0.0627,0.0627,0.0625,0.0625,18697.0
2025-05-10 20:40:00+09:00,0.0625,0.0625,0.0619,0.0619,167704.0
2025-05-10 20:45:00+09:00,0.0621,0.0623,0.0621,0.0622,39494.0
2025-05-10 20:50:00+09:00,0.0622,0.0624,0.0621,0.0623,47220.0
2025-05-10 20:55:00+09:00,0.0623,0.0624,0.0622,0.0622,23888.0
2025-05-10 21:00:00+09:00,0.0622,0.0625,0.0622,0.0625,5147.0
2025-05-10 21:05:00+09:00,0.0626,0.0626,0.0624,0.0626,18255.0
2025-05-10 21:10:00+09:00,0.0625,0.0626,0.0624,0.0626,41830.0
2025-05-10 21:15:00+09:00,0.0625,0.0625,0.0625,0.0625,14061.0
2025-05-10 21:20:00+09:00,0.0625,0.0627,0.0624,0.0626,958.0
2025-05-10 21:25:00+09:00,0.0626,0.0626,0.0625,0.0626,6269.0
2025-05-10 21:30:00+09:00,0.0626,0.0628,0.0626,0.0627,31735.0
2025-05-10 21:35:00+09:00,0.0627,0.0627,0.0624,0.0624,12387.0
2025-05-10 21:40:00+09:00,0.0625,0.0625,0.0623,0.0623,52740.0
2025-05-10 21:45:00+09:00,0.0622,0.0625,0.0622,0.0624,145971.0
2025-05-10 21:50:00+09:00,0.0624,0.0626,0.0624,0.0626,11981.0
2025-05-10 21:55:00+09:00,0.0627,0.0628,0.0627,0.0627,25220.0
2025-05-10 22:00:00+09:00,0.0627,0.0628,0.0627,0.0628,224226.0
2025-05-10 22:05:00+09:00,0.0627,0.0628,0.0626,0.0627,9358.0
2025-05-10 22:10:00+09:00,0.0627,0.0629,0.0627,0.0627,23494.0
2025-05-10 22:15:00+09:00,0.0627,0.0627,0.0627,0.0627,21753.0
2025-05-10 22:20:00+09:00,0.0626,0.0627,0.0625,0.0625,23606.0
2025-05-10 22:25:00+09:00,0.0625,0.0628,0.0625,0.0628,39831.0
2025-05-10 22:30:00+09:00,0.0628,0.063,0.0626,0.0628,27105.0
2025-05-10 22:35:00+09:00,0.063,0.063,0.0628,0.063,11954.0
2025-05-10 22:40:00+09:00,0.063,0.0633,0.063,0.0633,94913.0
2025-05-10 22:45:00+09:00,0.063,0.0633,0.063,0.0631,48461.0
2025-05-10 22:50:00+09:00,0.0631,0.0632,0.0628,0.0632,79843.0
2025-05-10 22:55:00+09:00,0.063,0.0632,0.063,0.0632,36074.0
2025-05-10 23:00:00+09:00,0.0632,0.0636,0.0631,0.0634,62360.0
2025-05-10 23:05:00+09:00,0.0634,0.0638,0.0634,0.0638,32093.0
2025-05-10 23:10:00+09:00,0.0637,0.0639,0.0636,0.0639,53559.0
2025-05-10 23:15:00+09:00,0.0638,0.0639,0.0635,0.0636,80690.0
2025-05-10 23:20:00+09:00,0.0636,0.064,0.0636,0.064,90913.0
2025-05-10 23:25:00+09:00,0.0637,0.0637,0.0633,0.0635,125687.0
2025-05-10 23:30:00+09:00,0.0634,0.0635,0.0632,0.0635,61156.0
2025-05-10 23:35:00+09:00,0.0634,0.0635,0.0634,0.0635,41215.0
2025-05-10 23:40:00+09:00,0.0634,0.0638,0.0634,0.0638,67853.0
2025-05-10 23:45:00+09:00,0.0638,0.064,0.0637,0.0639,37358.0
2025-05-10 23:50:00+09:00,0.0638,0.0639,0.0637,0.0638,31492.0
2025-05-10 23:55:00+09:00,0.0638,0.0638,0.0637,0.0638,12776.0
2025-05-11 00:00:00+09:00,0.0637,0.0638,0.0636,0.0638,45939.0
2025-05-11 00:05:00+09:00,0.0636,0.0637,0.0633,0.0634,49899.0
2025-05-11 00:10:00+09:00,0.0634,0.0635,0.0631,0.0632,65585.0
2025-05-11 00:15:00+09:00,0.0631,0.0631,0.0625,0.0628,160899.0
2025-05-11 00:20:00+09:00,0.0627,0.0629,0.0626,0.0628,50545.0
2025-05-11 00:25:00+09:00,0.0627,0.063,0.0626,0.063,66931.0
2025-05-11 00:30:00+09:00,0.0629,0.063,0.0628,0.0628,75940.0
2025-05-11 00:35:00+09:00,0.0627,0.0628,0.0622,0.0626,162475.0
2025-05-11 00:40:00+09:00,0.0626,0.0629,0.0626,0.0628,40516.0
2025-05-11 00:45:00+09:00,0.0627,0.0629,0.0626,0.0626,33723.0
2025-05-11 00:50:00+09:00,0.0625,0.0626,0.0623,0.0626,67147.0
2025-05-11 00:55:00+09:00,0.0625,0.0627,0.0624,0.0625,42088.0
2025-05-11 01:00:00+09:00,0.0625,0.0625,0.0623,0.0624,70411.0
2025-05-11 01:05:00+09:00,0.0623,0.0624,0.0622,0.0624,24256.0
2025-05-11 01:10:00+09:00,0.0624,0.0626,0.0624,0.0626,82332.0
2025-05-11 01:15:00+09:00,0.0626,0.063,0.0626,0.0627,135132.0
2025-05-11 01:20:00+09:00,0.0628,0.0629,0.0628,0.0628,53405.0
2025-05-11 01:25:00+09:00,0.0628,0.0629,0.0628,0.0628,16256.0
2025-05-11 01:30:00+09:00,0.0628,0.0629,0.0627,0.0629,50934.0
2025-05-11 01:35:00+09:00,0.0629,0.0634,0.0629,0.0633,166416.0
2025-05-11 01:40:00+09:00,0.0632,0.0632,0.0629,0.0629,45337.0
2025-05-11 01:45:00+09:00,0.0631,0.0632,0.063,0.0632,57585.0
2025-05-11 01:50:00+09:00,0.0632,0.0634,0.0632,0.0634,9436.0
2025-05-11 01:55:00+09:00,0.0634,0.0634,0.0633,0.0634,5191.0
2025-05-11 02:00:00+09:00,0.0634,0.0634,0.0633,0.0633,37464.0
2025-05-11 02:05:00+09:00,0.0634,0.0637,0.0634,0.0635,62330.0
2025-05-11 02:10:00+09:00,0.0636,0.0636,0.0634,0.0634,8633.0
2025-05-11 02:15:00+09:00,0.0635,0.0636,0.0635,0.0636,21969.0
2025-05-11 02:20:00+09:00,0.0635,0.0636,0.0635,0.0636,3127.0
2025-05-11 02:25:00+09:00,0.0636,0.0639,0.0636,0.0638,87766.0
2025-05-11 02:30:00+09:00,0.0638,0.0638,0.0636,0.0637,16212.0
2025-05-11 02:35:00+09:00,0.0636,0.0637,0.0636,0.0637,27440.0
2025-05-11 02:40:00+09:00,0.0637,0.0637,0.0635,0.0635,14148.0
2025-05-11 02:45:00+09:00,0.0636,0.0637,0.063,0.063,158481.0
2025-05-11 02:50:00+09:00,0.0631,0.0636,0.0631,0.0636,55221.0
2025-05-11 02:55:00+09:00,0.0634,0.0634,0.0633,0.0633,19632.0
2025-05-11 03:00:00+09:00,0.0633,0.0636,0.0632,0.0635,42000.0
2025-05-11 03:05:00+09:00,0.0635,0.0636,0.0635,0.0636,17896.0
2025-05-11 03:10:00+09:00,0.0636,0.0637,0.0635,0.0636,39005.0
2025-05-11 03:15:00+09:00,0.0636,0.0637,0.0636,0.0636,10834.0
2025-05-11 03:20:00+09:00,0.0635,0.0635,0.0633,0.0634,5109.0
2025-05-11 03:25:00+09:00,0.0632,0.0632,0.0631,0.0631,14675.0
2025-05-11 03:30:00+09:00,0.0633,0.0634,0.0633,0.0633,46279.0
2025-05-11 03:35:00+09:00,0.0633,0.0633,0.0633,0.0633,88175.0
2025-05-11 03:40:00+09:00,0.0632,0.0634,0.0632,0.0633,12010.0
2025-05-11 03:45:00+09:00,0.0633,0.0637,0.0633,0.0637,60354.0
2025-05-11 03:50:00+09:00,0.0635,0.0638,0.0635,0.0638,10208.0
2025-05-11 03:55:00+09:00,0.0636,0.0637,0.0636,0.0637,14223.0
2025-05-11 04:00:00+09:00,0.0637,0.0637,0.0635,0.0636,30705.0
2025-05-11 04:05:00+09:00,0.0637,0.0638,0.0637,0.0637,48718.0
2025-05-11 04:10:00+09:00,0.0637,0.0637,0.0635,0.0635,60188.0
2025-05-11 04:15:00+09:00,0.0636,0.0636,0.0635,0.0636,27143.0
2025-05-11 04:20:00+09:00,0.0635,0.0637,0.0635,0.0637,13056.0
2025-05-11 04:25:00+09:00,0.0635,0.0637,0.0635,0.0637,2489.0
2025-05-11 04:30:00+09:00,0.0636,0.0637,0.0636,0.0637,10158.0
2025-05-11 04:35:00+09:00,0.0637,0.0638,0.0637,0.0638,14060.0
2025-05-11 04:40:00+09:00,0.0639,0.0641,0.0638,0.0638,125699.0
2025-05-11 04:45:00+09:00,0.0638,0.0638,0.0638,0.0638,10190.0
2025-05-11 04:50:00+09:00,0.064,0.064,0.0638,0.0639,67517.0
2025-05-11 04:55:00+09:00,0.064,0.064,0.0638,0.0639,19412.0
2025-05-11 05:00:00+09:00,0.0639,0.0639,0.0637,0.0637,33881.0
2025-05-11 05:05:00+09:00,0.0637,0.0637,0.0634,0.0637,60464.0
2025-05-11 05:10:00+09:00,0.0637,0.0638,0.0637,0.0638,5651.0
2025-05-11 05:15:00+09:00,0.0638,0.064,0.0638,0.064,8686.0
2025-05-11 05:20:00+09:00,0.064,0.064,0.0638,0.064,23506.0
2025-05-11 05:25:00+09:00,0.0641,0.0644,0.0641,0.0644,42648.0
2025-05-11 05:30:00+09:00,0.0644,0.0644,0.0642,0.0644,6504.0
2025-05-11 05:35:00+09:00,0.0644,0.0645,0.0643,0.0644,62141.0
2025-05-11 05:40:00+09:00,0.0645,0.0645,0.0642,0.0643,6754.0
2025-05-11 05:45:00+09:00,0.0643,0.0645,0.0643,0.0645,167276.0
2025-05-11 05:50:00+09:00,0.0644,0.0646,0.0644,0.0644,6851.0
2025-05-11 05:55:00+09:00,0.0644,0.0644,0.0642,0.0642,13475.0
2025-05-11 06:00:00+09:00,0.0642,0.0644,0.064,0.0643,63697.0
2025-05-11 06:05:00+09:00,0.0641,0.0641,0.0641,0.0641,651.0
2025-05-11 06:10:00+09:00,0.064,0.064,0.0638,0.0639,187474.0
2025-05-11 06:15:00+09:00,0.0639,0.064,0.0639,0.064,11601.0
2025-05-11 06:20:00+09:00,0.0641,0.0641,0.0638,0.0638,7628.0
2025-05-11 06:25:00+09:00,0.0638,0.064,0.0638,0.0638,37291.0
2025-05-11 06:30:00+09:00,0.064,0.0641,0.064,0.0641,10483.0
2025-05-11 06:35:00+09:00,0.0641,0.0644,0.0641,0.0644,24775.0
2025-05-11 06:40:00+09:00,0.0645,0.0649,0.0645,0.0648,309836.0
2025-05-11 06:45:00+09:00,0.0648,0.0702,0.0647,0.0685,4588707.0
2025-05-11 06:50:00+09:00,0.0687,0.0738,0.0678,0.0721,7320231.0
2025-05-11 06:55:00+09:00,0.072,0.0724,0.0709,0.0715,1452169.0
2025-05-11 07:00:00+09:00,0.0715,0.0717,0.0697,0.0708,1960123.0
2025-05-11 07:05:00+09:00,0.0707,0.0714,0.0699,0.0712,704494.0
2025-05-11 07:10:00+09:00,0.0713,0.0728,0.0703,0.0722,1784304.0
2025-05-11 07:15:00+09:00,0.0722,0.0728,0.0705,0.0711,1143241.0
2025-05-11 07:20:00+09:00,0.0712,0.0713,0.0697,0.07,1163945.0
2025-05-11 07:25:00+09:00,0.0699,0.0701,0.0697,0.0699,216979.0
2025-05-11 07:30:00+09:00,0.0697,0.0699,0.0692,0.0695,494974.0
2025-05-11 07:35:00+09:00,0.0694,0.0698,0.0691,0.0694,365259.0
2025-05-11 07:40:00+09:00,0.0693,0.0695,0.0675,0.0679,2420286.0
2025-05-11 07:45:00+09:00,0.0679,0.0679,0.0671,0.0674,590405.0
2025-05-11 07:50:00+09:00,0.0674,0.0679,0.0674,0.0676,247391.0
2025-05-11 07:55:00+09:00,0.0676,0.0677,0.0673,0.0675,150276.0
2025-05-11 08:00:00+09:00,0.0675,0.068,0.0672,0.0674,258266.0
2025-05-11 08:05:00+09:00,0.0674,0.0681,0.0674,0.0679,166739.0
2025-05-11 08:10:00+09:00,0.0679,0.0682,0.0679,0.0682,138518.0
2025-05-11 08:15:00+09:00,0.0681,0.0686,0.0679,0.0681,430229.0
2025-05-11 08:20:00+09:00,0.0681,0.0686,0.068,0.0685,41432.0
2025-05-11 08:25:00+09:00,0.0685,0.0688,0.0684,0.0686,118346.0
2025-05-11 08:30:00+09:00,0.0686,0.069,0.0684,0.0688,361622.0
2025-05-11 08:35:00+09:00,0.0687,0.0694,0.0687,0.0689,88095.0
2025-05-11 08:40:00+09:00,0.0688,0.0689,0.0684,0.0689,179689.0
2025-05-11 08:45:00+09:00,0.0689,0.0692,0.0684,0.0686,613868.0
2025-05-11 08:50:00+09:00,0.0685,0.0687,0.0685,0.0685,86048.0
2025-05-11 08:55:00+09:00,0.0686,0.0688,0.0685,0.0687,111624.0
2025-05-11 09:00:00+09:00,0.0686,0.0688,0.0678,0.0686,331379.0
2025-05-11 09:05:00+09:00,0.0688,0.069,0.0684,0.0684,168011.0
2025-05-11 09:10:00+09:00,0.0686,0.0687,0.0681,0.0687,220832.0
2025-05-11 09:15:00+09:00,0.0687,0.0687,0.068,0.0686,343521.0
2025-05-11 09:20:00+09:00,0.0688,0.0689,0.0685,0.0685,226564.0
2025-05-11 09:25:00+09:00,0.0685,0.0687,0.0662,0.0667,481847.0
2025-05-11 09:30:00+09:00,0.0667,0.0678,0.0667,0.0678,259061.0
2025-05-11 09:35:00+09:00,0.0678,0.0681,0.0676,0.0679,147676.0
2025-05-11 09:40:00+09:00,0.068,0.0688,0.068,0.0686,146399.0
2025-05-11 09:45:00+09:00,0.0686,0.0693,0.0686,0.0688,314390.0
2025-05-11 09:50:00+09:00,0.0688,0.0689,0.0686,0.0687,166659.0
2025-05-11 09:55:00+09:00,0.0686,0.0688,0.0683,0.0685,107771.0
2025-05-11 10:00:00+09:00,0.0685,0.0687,0.0684,0.0686,122522.0
2025-05-11 10:05:00+09:00,0.0686,0.0689,0.0686,0.0688,48117.0
2025-05-11 10:10:00+09:00,0.0687,0.0687,0.0684,0.0685,66923.0
2025-05-11 10:15:00+09:00,0.0685,0.0688,0.0685,0.0688,64096.0
2025-05-11 10:20:00+09:00,0.0687,0.0687,0.068,0.068,88615.0
2025-05-11 10:25:00+09:00,0.068,0.0685,0.068,0.0685,51741.0
2025-05-11 10:30:00+09:00,0.0685,0.0685,0.0679,0.0684,286920.0
2025-05-11 10:35:00+09:00,0.0684,0.0691,0.0684,0.0689,594939.0
2025-05-11 10:40:00+09:00,0.0689,0.069,0.0688,0.0689,40090.0
2025-05-11 10:45:00+09:00,0.0689,0.0689,0.0682,0.0683,451711.0
2025-05-11 10:50:00+09:00,0.0682,0.0682,0.0675,0.0677,150834.0
2025-05-11 10:55:00+09:00,0.0677,0.0681,0.0677,0.0679,67759.0
2025-05-11 11:00:00+09:00,0.0681,0.0681,0.0676,0.0679,27030.0
2025-05-11 11:05:00+09:00,0.0679,0.0683,0.0679,0.068,61307.0
2025-05-11 11:10:00+09:00,0.068,0.068,0.0677,0.0679,65881.0
2025-05-11 11:15:00+09:00,0.0679,0.068,0.0677,0.0679,106051.0
2025-05-11 11:20:00+09:00,0.0679,0.068,0.0678,0.0679,57897.0
2025-05-11 11:25:00+09:00,0.068,0.0681,0.0678,0.0681,54295.0
2025-05-11 11:30:00+09:00,0.0679,0.0684,0.0679,0.0684,24618.0
2025-05-11 11:35:00+09:00,0.0682,0.0683,0.0681,0.0683,32420.0
2025-05-11 11:40:00+09:00,0.0683,0.0683,0.0681,0.0681,70507.0
2025-05-11 11:45:00+09:00,0.0681,0.0684,0.0681,0.0683,62176.0
2025-05-11 11:50:00+09:00,0.0681,0.0681,0.0672,0.0672,148926.0
2025-05-11 11:55:00+09:00,0.0673,0.0676,0.0673,0.0674,133248.0
2025-05-11 12:00:00+09:00,0.0674,0.0674,0.0671,0.0671,177838.0
2025-05-11 12:05:00+09:00,0.067,0.0675,0.067,0.0675,53864.0
2025-05-11 12:10:00+09:00,0.0676,0.0679,0.0676,0.0679,31472.0
2025-05-11 12:15:00+09:00,0.0678,0.068,0.0677,0.068,20806.0
2025-05-11 12:20:00+09:00,0.068,0.0683,0.068,0.0683,33401.0
2025-05-11 12:25:00+09:00,0.0683,0.0683,0.0682,0.0682,10601.0
2025-05-11 12:30:00+09:00,0.0682,0.0682,0.068,0.0681,14473.0
2025-05-11 12:35:00+09:00,0.0681,0.0681,0.0678,0.0678,55645.0
2025-05-11 12:40:00+09:00,0.0678,0.0681,0.0678,0.0681,34949.0
2025-05-11 12:45:00+09:00,0.068,0.068,0.0678,0.0678,57202.0
2025-05-11 12:50:00+09:00,0.0677,0.068,0.0677,0.068,30941.0
2025-05-11 12:55:00+09:00,0.0679,0.068,0.0678,0.0679,59337.0
2025-05-11 13:00:00+09:00,0.0679,0.068,0.0678,0.0678,47140.0
2025-05-11 13:05:00+09:00,0.0677,0.0681,0.0676,0.0679,156727.0
2025-05-11 13:10:00+09:00,0.068,0.0683,0.0676,0.0677,111798.0
2025-05-11 13:15:00+09:00,0.0678,0.068,0.0678,0.068,10587.0
2025-05-11 13:20:00+09:00,0.0679,0.0679,0.0676,0.0676,14523.0
2025-05-11 13:25:00+09:00,0.0676,0.0679,0.0675,0.0675,32216.0
2025-05-11 13:30:00+09:00,0.0675,0.0676,0.0671,0.0675,139827.0
2025-05-11 13:35:00+09:00,0.0676,0.0676,0.0674,0.0675,25908.0
2025-05-11 13:40:00+09:00,0.0676,0.0678,0.0676,0.0677,40050.0
2025-05-11 13:45:00+09:00,0.0679,0.068,0.0678,0.068,7202.0
2025-05-11 13:50:00+09:00,0.068,0.068,0.0678,0.0679,5336.0
2025-05-11 13:55:00+09:00,0.068,0.0682,0.068,0.0681,64278.0
2025-05-11 14:00:00+09:00,0.0681,0.0681,0.0679,0.068,9688.0
2025-05-11 14:05:00+09:00,0.0679,0.0679,0.0676,0.0676,42645.0
2025-05-11 14:10:00+09:00,0.0677,0.0678,0.0676,0.0678,28543.0
2025-05-11 14:15:00+09:00,0.0675,0.0677,0.0675,0.0676,32916.0
2025-05-11 14:20:00+09:00,0.0674,0.0678,0.0673,0.0675,86371.0
2025-05-11 14:25:00+09:00,0.0675,0.0675,0.0674,0.0675,45166.0
2025-05-11 14:30:00+09:00,0.0673,0.0675,0.0672,0.0675,13589.0
2025-05-11 14:35:00+09:00,0.0673,0.0675,0.0673,0.0675,12045.0
2025-05-11 14:40:00+09:00,0.0674,0.0678,0.0674,0.0678,12775.0
2025-05-11 14:45:00+09:00,0.0677,0.0678,0.0673,0.0674,27136.0
2025-05-11 14:50:00+09:00,0.0674,0.0674,0.0673,0.0674,24357.0
2025-05-11 14:55:00+09:00,0.0674,0.0674,0.0671,0.0673,22060.0
2025-05-11 15:00:00+09:00,0.0671,0.0672,0.0654,0.0666,542387.0
2025-05-11 15:05:00+09:00,0.0664,0.0676,0.0661,0.0674,602154.0
2025-05-11 15:10:00+09:00,0.0673,0.0675,0.067,0.0675,51499.0
2025-05-11 15:15:00+09:00,0.0673,0.0676,0.0673,0.0675,64171.0
2025-05-11 15:20:00+09:00,0.0675,0.0678,0.0673,0.0676,73773.0
2025-05-11 15:25:00+09:00,0.0675,0.0676,0.0674,0.0676,9471.0
2025-05-11 15:30:00+09:00,0.0675,0.0676,0.0674,0.0676,34708.0
2025-05-11 15:35:00+09:00,0.0675,0.0676,0.0672,0.0674,58339.0
2025-05-11 15:40:00+09:00,0.0672,0.0672,0.0666,0.0669,90434.0
2025-05-11 15:45:00+09:00,0.0669,0.0673,0.0669,0.0672,130073.0
2025-05-11 15:50:00+09:00,0.067,0.0672,0.0669,0.0672,2956.0
2025-05-11 15:55:00+09:00,0.0672,0.0675,0.067,0.0672,45403.0
2025-05-11 16:00:00+09:00,0.0671,0.0675,0.0669,0.0673,131134.0
2025-05-11 16:05:00+09:00,0.0669,0.0669,0.0665,0.0668,67621.0
2025-05-11 16:10:00+09:00,0.0666,0.0673,0.0666,0.0673,205651.0
2025-05-11 16:15:00+09:00,0.0672,0.0672,0.0666,0.0669,81848.0
2025-05-11 16:20:00+09:00,0.0667,0.0669,0.0666,0.0666,40051.0
2025-05-11 16:25:00+09:00,0.0668,0.0669,0.0665,0.0666,54381.0
2025-05-11 16:30:00+09:00,0.0667,0.0669,0.0664,0.0666,97125.0
2025-05-11 16:35:00+09:00,0.0664,0.0667,0.0663,0.0663,33773.0
2025-05-11 16:40:00+09:00,0.0664,0.0665,0.0654,0.0655,517335.0
2025-05-11 16:45:00+09:00,0.0655,0.0669,0.0654,0.0668,545267.0
2025-05-11 16:50:00+09:00,0.0666,0.0669,0.0662,0.0669,155414.0
2025-05-11 16:55:00+09:00,0.0668,0.0671,0.0665,0.0668,121161.0
2025-05-11 17:00:00+09:00,0.0668,0.0676,0.0666,0.0676,360566.0
2025-05-11 17:05:00+09:00,0.0676,0.0676,0.0672,0.0673,97902.0
2025-05-11 17:10:00+09:00,0.0675,0.0675,0.067,0.0673,74047.0
2025-05-11 17:15:00+09:00,0.0673,0.0684,0.0673,0.0684,695708.0
2025-05-11 17:20:00+09:00,0.0682,0.069,0.0682,0.0688,338291.0
2025-05-11 17:25:00+09:00,0.069,0.069,0.0685,0.069,362408.0
2025-05-11 17:30:00+09:00,0.069,0.0691,0.0682,0.0684,320864.0
2025-05-11 17:35:00+09:00,0.0684,0.0696,0.0684,0.0691,538154.0
2025-05-11 17:40:00+09:00,0.0691,0.0691,0.0685,0.0688,205581.0
2025-05-11 17:45:00+09:00,0.0691,0.0693,0.0684,0.0686,321440.0
2025-05-11 17:50:00+09:00,0.0685,0.0686,0.0681,0.0684,134947.0
2025-05-11 17:55:00+09:00,0.0684,0.0685,0.0683,0.0683,141987.0
2025-05-11 18:00:00+09:00,0.0684,0.069,0.0678,0.069,493084.0
2025-05-11 18:05:00+09:00,0.069,0.0698,0.0685,0.0688,1186807.0
2025-05-11 18:10:00+09:00,0.0688,0.0694,0.0687,0.0694,206805.0
2025-05-11 18:15:00+09:00,0.0695,0.0706,0.0695,0.0703,1158362.0
2025-05-11 18:20:00+09:00,0.0702,0.0706,0.0694,0.0698,944208.0
2025-05-11 18:25:00+09:00,0.0697,0.0701,0.0696,0.07,72758.0
2025-05-11 18:30:00+09:00,0.07,0.07,0.0686,0.0692,569803.0
2025-05-11 18:35:00+09:00,0.0693,0.0695,0.069,0.0692,106437.0
2025-05-11 18:40:00+09:00,0.0694,0.0694,0.069,0.0692,49144.0
2025-05-11 18:45:00+09:00,0.0692,0.0695,0.069,0.0691,121012.0
2025-05-11 18:50:00+09:00,0.0691,0.0696,0.069,0.0696,103654.0
2025-05-11 18:55:00+09:00,0.0696,0.0698,0.0694,0.0694,105534.0
2025-05-11 19:00:00+09:00,0.0695,0.0697,0.0694,0.0697,122238.0
2025-05-11 19:05:00+09:00,0.0696,0.0699,0.0695,0.0699,74216.0
2025-05-11 19:10:00+09:00,0.0698,0.0699,0.0694,0.0695,38394.0
2025-05-11 19:15:00+09:00,0.0695,0.0699,0.0688,0.0691,229738.0
2025-05-11 19:20:00+09:00,0.0691,0.0695,0.069,0.069,337813.0
2025-05-11 19:25:00+09:00,0.0692,0.0692,0.0688,0.0689,78021.0
2025-05-11 19:30:00+09:00,0.0689,0.0689,0.0687,0.0687,143705.0
2025-05-11 19:35:00+09:00,0.0687,0.069,0.0687,0.0688,28845.0
2025-05-11 19:40:00+09:00,0.0687,0.0689,0.0686,0.0688,33502.0
2025-05-11 19:45:00+09:00,0.0688,0.0689,0.0686,0.0687,45867.0
2025-05-11 19:50:00+09:00,0.0689,0.0689,0.0688,0.0689,18544.0
2025-05-11 19:55:00+09:00,0.0688,0.0689,0.0686,0.0686,90075.0
2025-05-11 20:00:00+09:00,0.0686,0.0686,0.0683,0.0683,266910.0
2025-05-11 20:05:00+09:00,0.0685,0.0686,0.0682,0.0684,155172.0
2025-05-11 20:10:00+09:00,0.0685,0.0686,0.0681,0.0683,63940.0
2025-05-11 20:15:00+09:00,0.0683,0.0684,0.0681,0.0683,97735.0
2025-05-11 20:20:00+09:00,0.0682,0.0686,0.0682,0.0686,64688.0
2025-05-11 20:25:00+09:00,0.0685,0.0686,0.0684,0.0684,143118.0
2025-05-11 20:30:00+09:00,0.0684,0.0684,0.068,0.0681,88805.0
2025-05-11 20:35:00+09:00,0.0682,0.0684,0.068,0.0683,102477.0
2025-05-11 20:40:00+09:00,0.0684,0.0696,0.0684,0.0693,748276.0
2025-05-11 20:45:00+09:00,0.0694,0.0696,0.0688,0.0691,388952.0
2025-05-11 20:50:00+09:00,0.069,0.0706,0.069,0.0699,553864.0
2025-05-11 20:55:00+09:00,0.0697,0.0698,0.0694,0.0697,176404.0
2025-05-11 21:00:00+09:00,0.0696,0.0697,0.0694,0.0695,66117.0
2025-05-11 21:05:00+09:00,0.0695,0.0695,0.0694,0.0694,61001.0
2025-05-11 21:10:00+09:00,0.0694,0.0696,0.0692,0.0692,86752.0
2025-05-11 21:15:00+09:00,0.0691,0.0692,0.0689,0.0689,65827.0
2025-05-11 21:20:00+09:00,0.069,0.0692,0.0689,0.0692,51422.0
2025-05-11 21:25:00+09:00,0.069,0.0694,0.069,0.0691,91287.0
2025-05-11 21:30:00+09:00,0.0692,0.0699,0.0688,0.0699,326411.0
2025-05-11 21:35:00+09:00,0.0699,0.0707,0.0695,0.0703,862477.0
2025-05-11 21:40:00+09:00,0.07,0.0702,0.0688,0.0697,570371.0
2025-05-11 21:45:00+09:00,0.0697,0.0697,0.0693,0.0695,126907.0
2025-05-11 21:50:00+09:00,0.0696,0.0697,0.0694,0.0695,42236.0
2025-05-11 21:55:00+09:00,0.0695,0.0699,0.0693,0.0698,116340.0
2025-05-11 22:00:00+09:00,0.0697,0.0705,0.0697,0.07,448777.0
2025-05-11 22:05:00+09:00,0.0701,0.0705,0.0699,0.0701,167389.0
2025-05-11 22:10:00+09:00,0.0701,0.0703,0.0698,0.0701,124095.0
2025-05-11 22:15:00+09:00,0.07,0.0701,0.0698,0.0698,86407.0
2025-05-11 22:20:00+09:00,0.0698,0.0699,0.0696,0.0696,83186.0
2025-05-11 22:25:00+09:00,0.0698,0.0698,0.0691,0.0694,91792.0
2025-05-11 22:30:00+09:00,0.0695,0.0698,0.069,0.0698,187971.0
2025-05-11 22:35:00+09:00,0.0696,0.0702,0.0694,0.0701,275868.0
2025-05-11 22:40:00+09:00,0.0701,0.0701,0.0696,0.0697,86518.0
2025-05-11 22:45:00+09:00,0.0696,0.0701,0.0693,0.0695,318822.0
2025-05-11 22:50:00+09:00,0.0696,0.0699,0.0693,0.0695,200788.0
2025-05-11 22:55:00+09:00,0.0693,0.0693,0.0686,0.0687,205514.0
2025-05-11 23:00:00+09:00,0.0685,0.0697,0.0685,0.0697,327742.0
2025-05-11 23:05:00+09:00,0.0696,0.0697,0.0692,0.0695,111488.0
2025-05-11 23:10:00+09:00,0.0693,0.0694,0.0689,0.0692,156074.0
2025-05-11 23:15:00+09:00,0.0691,0.0697,0.0691,0.0696,251839.0
2025-05-11 23:20:00+09:00,0.0694,0.07,0.0693,0.0699,285007.0
2025-05-11 23:25:00+09:00,0.07,0.07,0.0694,0.0698,128761.0
2025-05-11 23:30:00+09:00,0.0698,0.0702,0.0697,0.0702,127760.0
2025-05-11 23:35:00+09:00,0.07,0.0709,0.07,0.0708,535521.0
2025-05-11 23:40:00+09:00,0.0705,0.0706,0.0699,0.0702,96887.0
2025-05-11 23:45:00+09:00,0.0702,0.0705,0.07,0.0704,79149.0
2025-05-11 23:50:00+09:00,0.0704,0.0704,0.07,0.0702,55884.0
2025-05-11 23:55:00+09:00,0.0703,0.0705,0.0702,0.0705,102600.0
2025-05-12 00:00:00+09:00,0.0705,0.0713,0.0704,0.0712,374017.0
2025-05-12 00:05:00+09:00,0.0712,0.0715,0.071,0.0714,235447.0
2025-05-12 00:10:00+09:00,0.0713,0.0715,0.0701,0.0704,1373951.0
2025-05-12 00:15:00+09:00,0.0706,0.0707,0.0703,0.0706,91553.0
2025-05-12 00:20:00+09:00,0.0705,0.0705,0.0692,0.0693,706819.0
2025-05-12 00:25:00+09:00,0.0693,0.0694,0.0688,0.0692,319148.0
2025-05-12 00:30:00+09:00,0.069,0.0693,0.0688,0.0692,76433.0
2025-05-12 00:35:00+09:00,0.0691,0.0693,0.0689,0.0689,38002.0
2025-05-12 00:40:00+09:00,0.0689,0.069,0.0683,0.0684,376768.0
2025-05-12 00:45:00+09:00,0.0684,0.0686,0.0669,0.0672,570333.0
2025-05-12 00:50:00+09:00,0.0672,0.0675,0.0663,0.0667,598255.0
2025-05-12 00:55:00+09:00,0.0666,0.0677,0.0664,0.0673,228582.0
2025-05-12 01:00:00+09:00,0.0672,0.0674,0.0666,0.0671,59106.0
2025-05-12 01:05:00+09:00,0.067,0.067,0.0665,0.0669,95992.0
2025-05-12 01:10:00+09:00,0.067,0.0671,0.0665,0.0665,192914.0
2025-05-12 01:15:00+09:00,0.0665,0.0666,0.0657,0.0665,300016.0
2025-05-12 01:20:00+09:00,0.0666,0.0672,0.0665,0.0671,40045.0
2025-05-12 01:25:00+09:00,0.0672,0.0674,0.067,0.067,120437.0
2025-05-12 01:30:00+09:00,0.067,0.0672,0.0668,0.067,54028.0
2025-05-12 01:35:00+09:00,0.0668,0.0672,0.0668,0.0672,18607.0
2025-05-12 01:40:00+09:00,0.0672,0.0677,0.0671,0.0676,83996.0
2025-05-12 01:45:00+09:00,0.0675,0.0675,0.0668,0.0668,91760.0
2025-05-12 01:50:00+09:00,0.0668,0.067,0.0668,0.067,13867.0
2025-05-12 01:55:00+09:00,0.067,0.0672,0.067,0.0672,5905.0
2025-05-12 02:00:00+09:00,0.0671,0.0673,0.067,0.0671,36436.0
2025-05-12 02:05:00+09:00,0.0672,0.0674,0.067,0.0674,39336.0
2025-05-12 02:10:00+09:00,0.0671,0.0671,0.0668,0.0671,43366.0
2025-05-12 02:15:00+09:00,0.0672,0.0674,0.0669,0.0674,61225.0
2025-05-12 02:20:00+09:00,0.0674,0.0674,0.0671,0.0672,54797.0
2025-05-12 02:25:00+09:00,0.0672,0.0674,0.0672,0.0672,62291.0
2025-05-12 02:30:00+09:00,0.0672,0.0674,0.0672,0.0674,21691.0
2025-05-12 02:35:00+09:00,0.0674,0.0675,0.0672,0.0673,96483.0
2025-05-12 02:40:00+09:00,0.0672,0.0673,0.0672,0.0673,4755.0
2025-05-12 02:45:00+09:00,0.0673,0.0675,0.0672,0.0675,35301.0
2025-05-12 02:50:00+09:00,0.0676,0.0677,0.0671,0.0673,157192.0
2025-05-12 02:55:00+09:00,0.0672,0.0673,0.0671,0.0671,29900.0
2025-05-12 03:00:00+09:00,0.0672,0.0674,0.0671,0.0672,47786.0
2025-05-12 03:05:00+09:00,0.0672,0.0673,0.0671,0.0671,91703.0
2025-05-12 03:10:00+09:00,0.067,0.0673,0.067,0.0672,27082.0
2025-05-12 03:15:00+09:00,0.0673,0.0677,0.0673,0.0677,129399.0
2025-05-12 03:20:00+09:00,0.0678,0.0678,0.0675,0.0677,19574.0
2025-05-12 03:25:00+09:00,0.0677,0.0678,0.0675,0.0676,30186.0
2025-05-12 03:30:00+09:00,0.0675,0.0676,0.0671,0.0673,37662.0
2025-05-12 03:35:00+09:00,0.0672,0.0679,0.0672,0.0678,56944.0
2025-05-12 03:40:00+09:00,0.0678,0.0682,0.0678,0.0678,63699.0
2025-05-12 03:45:00+09:00,0.0679,0.0683,0.0679,0.0682,128561.0
2025-05-12 03:50:00+09:00,0.0682,0.0683,0.0681,0.0683,74280.0
2025-05-12 03:55:00+09:00,0.0683,0.0683,0.0678,0.0679,33308.0
2025-05-12 04:00:00+09:00,0.0681,0.0683,0.068,0.0681,66694.0
2025-05-12 04:05:00+09:00,0.068,0.0685,0.0678,0.0683,172825.0
2025-05-12 04:10:00+09:00,0.0683,0.0683,0.0681,0.0681,36024.0
2025-05-12 04:15:00+09:00,0.0682,0.0685,0.0682,0.0682,18388.0
2025-05-12 04:20:00+09:00,0.0683,0.0688,0.0681,0.0687,259968.0
2025-05-12 04:25:00+09:00,0.0687,0.0698,0.0684,0.0698,720653.0
2025-05-12 04:30:00+09:00,0.0698,0.0705,0.0686,0.069,1295954.0
2025-05-12 04:35:00+09:00,0.0692,0.0698,0.0685,0.0695,480417.0
2025-05-12 04:40:00+09:00,0.0693,0.0693,0.0686,0.0686,108708.0
2025-05-12 04:45:00+09:00,0.0687,0.0691,0.0686,0.0689,163251.0
2025-05-12 04:50:00+09:00,0.0688,0.0689,0.0686,0.0688,111290.0
2025-05-12 04:55:00+09:00,0.0685,0.0688,0.0682,0.0686,163050.0
2025-05-12 05:00:00+09:00,0.0686,0.0689,0.0679,0.0681,96502.0
2025-05-12 05:05:00+09:00,0.0682,0.0688,0.0682,0.0685,129325.0
2025-05-12 05:10:00+09:00,0.0686,0.0692,0.0686,0.0692,51876.0
2025-05-12 05:15:00+09:00,0.0693,0.0694,0.069,0.069,42211.0
2025-05-12 05:20:00+09:00,0.0692,0.0692,0.0688,0.069,25692.0
2025-05-12 05:25:00+09:00,0.0689,0.0691,0.0686,0.0691,37679.0
2025-05-12 05:30:00+09:00,0.0688,0.0688,0.0685,0.0685,40752.0
2025-05-12 05:35:00+09:00,0.0689,0.0693,0.0688,0.0691,105072.0
2025-05-12 05:40:00+09:00,0.0689,0.0689,0.0687,0.0689,113859.0
2025-05-12 05:45:00+09:00,0.0689,0.0694,0.0689,0.0692,131813.0
2025-05-12 05:50:00+09:00,0.0692,0.0693,0.0691,0.0692,37876.0
2025-05-12 05:55:00+09:00,0.0691,0.0695,0.0691,0.0693,125327.0
2025-05-12 06:00:00+09:00,0.0694,0.0699,0.0693,0.0698,360919.0
2025-05-12 06:05:00+09:00,0.0697,0.0697,0.0692,0.0694,109740.0
2025-05-12 06:10:00+09:00,0.0693,0.0693,0.0689,0.0691,63048.0
2025-05-12 06:15:00+09:00,0.0692,0.0694,0.0691,0.0693,59449.0
2025-05-12 06:20:00+09:00,0.0695,0.0702,0.0694,0.0699,176378.0
2025-05-12 06:25:00+09:00,0.0698,0.0701,0.0693,0.0694,221527.0
2025-05-12 06:30:00+09:00,0.0693,0.0695,0.0691,0.0692,58059.0
2025-05-12 06:35:00+09:00,0.0693,0.0693,0.0691,0.0692,30993.0
2025-05-12 06:40:00+09:00,0.069,0.0692,0.0689,0.0692,79725.0
2025-05-12 06:45:00+09:00,0.0692,0.0699,0.0691,0.0696,65373.0
2025-05-12 06:50:00+09:00,0.0698,0.0699,0.0695,0.0698,50390.0
2025-05-12 06:55:00+09:00,0.0697,0.07,0.0695,0.0699,38981.0
2025-05-12 07:00:00+09:00,0.07,0.0704,0.0694,0.0695,106621.0
2025-05-12 07:05:00+09:00,0.0693,0.0695,0.0689,0.0694,142647.0
2025-05-12 07:10:00+09:00,0.0694,0.0696,0.0692,0.0696,13946.0
2025-05-12 07:15:00+09:00,0.0696,0.0697,0.0694,0.0697,29074.0
2025-05-12 07:20:00+09:00,0.0698,0.0699,0.0696,0.0696,15842.0
2025-05-12 07:25:00+09:00,0.0698,0.0699,0.0697,0.0699,8761.0
2025-05-12 07:30:00+09:00,0.0698,0.0701,0.0698,0.0699,25542.0
2025-05-12 07:35:00+09:00,0.0697,0.07,0.0694,0.0696,144971.0
2025-05-12 07:40:00+09:00,0.0694,0.0698,0.0694,0.0695,63854.0
2025-05-12 07:45:00+09:00,0.0695,0.0696,0.0692,0.0694,130727.0
2025-05-12 07:50:00+09:00,0.0692,0.0696,0.0692,0.0695,2113.0
2025-05-12 07:55:00+09:00,0.0693,0.0696,0.0693,0.0696,4949.0
2025-05-12 08:00:00+09:00,0.0694,0.0699,0.0693,0.0699,70862.0
2025-05-12 08:05:00+09:00,0.07,0.0702,0.0699,0.0702,27354.0
2025-05-12 08:10:00+09:00,0.0701,0.0706,0.07,0.0704,83029.0
2025-05-12 08:15:00+09:00,0.0703,0.0706,0.07,0.0701,177093.0
2025-05-12 08:20:00+09:00,0.07,0.0701,0.0697,0.0699,26208.0
2025-05-12 08:25:00+09:00,0.0697,0.0702,0.0697,0.0701,51660.0
2025-05-12 08:30:00+09:00,0.0699,0.07,0.0696,0.0698,166091.0
2025-05-12 08:35:00+09:00,0.0698,0.07,0.0697,0.0699,35247.0
2025-05-12 08:40:00+09:00,0.07,0.0701,0.0697,0.0701,31709.0
2025-05-12 08:45:00+09:00,0.07,0.0702,0.0699,0.0701,18526.0
2025-05-12 08:50:00+09:00,0.0699,0.07,0.0694,0.0694,123347.0
2025-05-12 08:55:00+09:00,0.0694,0.0696,0.0694,0.0696,15364.0
2025-05-12 09:00:00+09:00,0.0695,0.0695,0.069,0.0691,222968.0
2025-05-12 09:05:00+09:00,0.069,0.0695,0.069,0.0695,50917.0
2025-05-12 09:10:00+09:00,0.0696,0.0699,0.0696,0.0698,45107.0
2025-05-12 09:15:00+09:00,0.07,0.0701,0.0695,0.0695,38297.0
2025-05-12 09:20:00+09:00,0.0696,0.07,0.0696,0.0699,55031.0
2025-05-12 09:25:00+09:00,0.0699,0.0702,0.0698,0.07,59577.0
2025-05-12 09:30:00+09:00,0.0701,0.0703,0.0699,0.0701,99287.0
2025-05-12 09:35:00+09:00,0.0702,0.0705,0.0701,0.0701,100179.0
2025-05-12 09:40:00+09:00,0.07,0.0705,0.07,0.0702,38306.0
2025-05-12 09:45:00+09:00,0.0701,0.0704,0.0701,0.0702,117068.0
2025-05-12 09:50:00+09:00,0.0702,0.0702,0.0699,0.0701,90202.0
2025-05-12 09:55:00+09:00,0.07,0.0703,0.07,0.0702,26727.0
2025-05-12 10:00:00+09:00,0.0703,0.0706,0.0702,0.0706,69509.0
2025-05-12 10:05:00+09:00,0.0705,0.0706,0.0704,0.0704,51131.0
2025-05-12 10:10:00+09:00,0.0705,0.0706,0.0704,0.0704,24177.0
2025-05-12 10:15:00+09:00,0.0704,0.0708,0.0704,0.0704,131865.0
2025-05-12 10:20:00+09:00,0.0703,0.0703,0.0697,0.0697,76194.0
2025-05-12 10:25:00+09:00,0.0696,0.0698,0.0696,0.0698,39709.0
2025-05-12 10:30:00+09:00,0.0697,0.0697,0.0684,0.069,456946.0
2025-05-12 10:35:00+09:00,0.0688,0.0688,0.0675,0.0682,634880.0
2025-05-12 10:40:00+09:00,0.068,0.0688,0.068,0.0688,91408.0
2025-05-12 10:45:00+09:00,0.0686,0.0687,0.0684,0.0687,87286.0
2025-05-12 10:50:00+09:00,0.0686,0.0691,0.0686,0.069,50636.0
2025-05-12 10:55:00+09:00,0.0691,0.0692,0.069,0.0691,90814.0
2025-05-12 11:00:00+09:00,0.0691,0.0695,0.0691,0.0695,197952.0
2025-05-12 11:05:00+09:00,0.0695,0.0698,0.0694,0.0697,23833.0
2025-05-12 11:10:00+09:00,0.0698,0.07,0.0697,0.0698,107593.0
2025-05-12 11:15:00+09:00,0.0698,0.0702,0.0698,0.0702,165271.0
2025-05-12 11:20:00+09:00,0.0703,0.0704,0.0701,0.0701,102167.0
2025-05-12 11:25:00+09:00,0.0702,0.0702,0.0698,0.0698,103306.0
2025-05-12 11:30:00+09:00,0.0698,0.0702,0.0698,0.0699,82866.0
2025-05-12 11:35:00+09:00,0.0699,0.07,0.0696,0.0696,6808.0
2025-05-12 11:40:00+09:00,0.0694,0.0697,0.0694,0.0696,58969.0
2025-05-12 11:45:00+09:00,0.0697,0.07,0.0697,0.07,38443.0
2025-05-12 11:50:00+09:00,0.0698,0.07,0.0698,0.07,7094.0
2025-05-12 11:55:00+09:00,0.07,0.07,0.0698,0.07,28248.0
2025-05-12 12:00:00+09:00,0.07,0.07,0.0698,0.07,34464.0
2025-05-12 12:05:00+09:00,0.0698,0.0698,0.0697,0.0697,6684.0
2025-05-12 12:10:00+09:00,0.0697,0.0699,0.0695,0.0699,21435.0
2025-05-12 12:15:00+09:00,0.0699,0.07,0.0698,0.0699,15272.0
2025-05-12 12:20:00+09:00,0.0698,0.0703,0.0698,0.0702,25195.0
2025-05-12 12:25:00+09:00,0.0704,0.0704,0.0702,0.0702,60974.0
2025-05-12 12:30:00+09:00,0.0701,0.0703,0.0701,0.0702,13244.0
2025-05-12 12:35:00+09:00,0.0702,0.0704,0.07,0.0701,33514.0
2025-05-12 12:40:00+09:00,0.07,0.0703,0.07,0.0702,25152.0
2025-05-12 12:45:00+09:00,0.0703,0.0705,0.0701,0.0703,85069.0
2025-05-12 12:50:00+09:00,0.0702,0.0704,0.0702,0.0703,42865.0
2025-05-12 12:55:00+09:00,0.0704,0.0705,0.0703,0.0705,45130.0
2025-05-12 13:00:00+09:00,0.0705,0.0705,0.0703,0.0703,32408.0
2025-05-12 13:05:00+09:00,0.0704,0.0708,0.0704,0.0706,233704.0
2025-05-12 13:10:00+09:00,0.0706,0.071,0.0706,0.0708,105229.0
2025-05-12 13:15:00+09:00,0.071,0.0711,0.0706,0.0708,115609.0
2025-05-12 13:20:00+09:00,0.0707,0.0709,0.0705,0.0705,56175.0
2025-05-12 13:25:00+09:00,0.0704,0.0707,0.0698,0.0701,493210.0
2025-05-12 13:30:00+09:00,0.0701,0.0706,0.0699,0.0706,82791.0
2025-05-12 13:35:00+09:00,0.0705,0.0706,0.0705,0.0706,4548.0
2025-05-12 13:40:00+09:00,0.0705,0.0712,0.0705,0.071,133523.0
2025-05-12 13:45:00+09:00,0.071,0.0713,0.0709,0.0713,107016.0
2025-05-12 13:50:00+09:00,0.0713,0.0715,0.0712,0.0714,43111.0
2025-05-12 13:55:00+09:00,0.0714,0.0716,0.0712,0.0713,38484.0
2025-05-12 14:00:00+09:00,0.0713,0.0717,0.071,0.0714,208510.0
2025-05-12 14:05:00+09:00,0.0716,0.0716,0.0711,0.0711,120141.0
2025-05-12 14:10:00+09:00,0.0711,0.0711,0.07,0.0703,168800.0
2025-05-12 14:15:00+09:00,0.0706,0.0707,0.0698,0.0703,304173.0
2025-05-12 14:20:00+09:00,0.0704,0.0709,0.0699,0.0707,428615.0
2025-05-12 14:25:00+09:00,0.0709,0.0723,0.0704,0.0708,789438.0
2025-05-12 14:30:00+09:00,0.0708,0.0714,0.0707,0.071,430211.0
2025-05-12 14:35:00+09:00,0.071,0.073,0.0709,0.0724,1650089.0
2025-05-12 14:40:00+09:00,0.0723,0.0727,0.0713,0.0713,539834.0
2025-05-12 14:45:00+09:00,0.0713,0.0718,0.0713,0.0716,134527.0
2025-05-12 14:50:00+09:00,0.0716,0.0719,0.0713,0.0717,86264.0
2025-05-12 14:55:00+09:00,0.0716,0.0717,0.0711,0.0715,258663.0
2025-05-12 15:00:00+09:00,0.0713,0.0713,0.0705,0.0709,102616.0
2025-05-12 15:05:00+09:00,0.0709,0.0712,0.0707,0.0709,73891.0
2025-05-12 15:10:00+09:00,0.0709,0.0709,0.0703,0.0706,59770.0
2025-05-12 15:15:00+09:00,0.0706,0.0708,0.0702,0.0704,139048.0
2025-05-12 15:20:00+09:00,0.0704,0.071,0.0704,0.071,187972.0
2025-05-12 15:25:00+09:00,0.071,0.0711,0.0708,0.071,71224.0
2025-05-12 15:30:00+09:00,0.071,0.0717,0.0708,0.0713,149792.0
2025-05-12 15:35:00+09:00,0.0711,0.0713,0.0708,0.0711,57423.0
2025-05-12 15:40:00+09:00,0.0709,0.0712,0.0709,0.0712,45291.0
2025-05-12 15:45:00+09:00,0.0712,0.0713,0.071,0.0712,85652.0
2025-05-12 15:50:00+09:00,0.071,0.071,0.0708,0.0709,33729.0
2025-05-12 15:55:00+09:00,0.0708,0.0709,0.0707,0.0709,95925.0
2025-05-12 16:00:00+09:00,0.071,0.0724,0.071,0.0722,304864.0
2025-05-12 16:05:00+09:00,0.0721,0.0723,0.0713,0.0716,201328.0
2025-05-12 16:10:00+09:00,0.0715,0.0721,0.0713,0.0719,179464.0
2025-05-12 16:15:00+09:00,0.0719,0.072,0.0712,0.0715,165342.0
2025-05-12 16:20:00+09:00,0.0714,0.0719,0.0712,0.0717,161842.0
2025-05-12 16:25:00+09:00,0.0716,0.0723,0.0714,0.0721,274148.0
2025-05-12 16:30:00+09:00,0.0719,0.0721,0.0717,0.0719,157558.0
2025-05-12 16:35:00+09:00,0.072,0.072,0.0715,0.0717,160276.0
2025-05-12 16:40:00+09:00,0.0716,0.0717,0.0709,0.0715,215081.0
2025-05-12 16:45:00+09:00,0.0713,0.0714,0.0701,0.0703,211371.0
2025-05-12 16:50:00+09:00,0.0704,0.0709,0.0703,0.0708,160149.0
2025-05-12 16:55:00+09:00,0.0705,0.0709,0.0703,0.0706,175547.0
2025-05-12 17:00:00+09:00,0.0706,0.0708,0.07,0.0705,643692.0
2025-05-12 17:05:00+09:00,0.0705,0.0705,0.0695,0.0702,309083.0
2025-05-12 17:10:00+09:00,0.0699,0.07,0.0692,0.0697,196044.0
2025-05-12 17:15:00+09:00,0.0699,0.0704,0.0698,0.0703,115453.0
2025-05-12 17:20:00+09:00,0.0703,0.0703,0.0698,0.07,85342.0
2025-05-12 17:25:00+09:00,0.0701,0.0703,0.07,0.0702,28138.0
2025-05-12 17:30:00+09:00,0.0702,0.0704,0.0698,0.0704,56537.0
2025-05-12 17:35:00+09:00,0.0704,0.0706,0.0704,0.0706,24381.0
2025-05-12 17:40:00+09:00,0.0707,0.0712,0.0707,0.0712,199513.0
2025-05-12 17:45:00+09:00,0.0711,0.0712,0.0708,0.0712,118245.0
2025-05-12 17:50:00+09:00,0.0713,0.0717,0.0712,0.0716,162489.0
2025-05-12 17:55:00+09:00,0.0716,0.0716,0.0712,0.0713,79333.0
2025-05-12 18:00:00+09:00,0.0713,0.0715,0.0713,0.0715,97738.0
2025-05-12 18:05:00+09:00,0.0714,0.0721,0.0714,0.0718,261990.0
2025-05-12 18:10:00+09:00,0.0716,0.0718,0.0715,0.0717,43994.0
2025-05-12 18:15:00+09:00,0.0716,0.0718,0.0716,0.0717,89695.0
2025-05-12 18:20:00+09:00,0.0715,0.0716,0.0714,0.0716,38324.0
2025-05-12 18:25:00+09:00,0.0715,0.0718,0.0714,0.0718,27694.0
2025-05-12 18:30:00+09:00,0.0718,0.0718,0.0714,0.0714,17161.0
2025-05-12 18:35:00+09:00,0.0713,0.0715,0.0713,0.0715,106424.0
2025-05-12 18:40:00+09:00,0.0715,0.0719,0.0714,0.0719,25678.0
2025-05-12 18:45:00+09:00,0.0719,0.072,0.0717,0.0718,31560.0
2025-05-12 18:50:00+09:00,0.0716,0.0718,0.0715,0.0715,55000.0
2025-05-12 18:55:00+09:00,0.0714,0.0715,0.0713,0.0713,10050.0
2025-05-12 19:00:00+09:00,0.0713,0.0715,0.0709,0.0711,136824.0
2025-05-12 19:05:00+09:00,0.0712,0.0715,0.0711,0.0711,21767.0
2025-05-12 19:10:00+09:00,0.0712,0.0714,0.0712,0.0714,31315.0
2025-05-12 19:15:00+09:00,0.0715,0.0718,0.0713,0.0714,146920.0
2025-05-12 19:20:00+09:00,0.0713,0.0715,0.0713,0.0715,17152.0
2025-05-12 19:25:00+09:00,0.0715,0.0717,0.0715,0.0717,67752.0
2025-05-12 19:30:00+09:00,0.0717,0.0721,0.0716,0.072,227901.0
2025-05-12 19:35:00+09:00,0.072,0.0721,0.0718,0.0721,94682.0
2025-05-12 19:40:00+09:00,0.072,0.072,0.0717,0.0719,90512.0
2025-05-12 19:45:00+09:00,0.0718,0.0719,0.0717,0.0718,22239.0
2025-05-12 19:50:00+09:00,0.0718,0.0721,0.0718,0.0718,48633.0
2025-05-12 19:55:00+09:00,0.0717,0.0718,0.0717,0.0718,16719.0
2025-05-12 20:00:00+09:00,0.0716,0.072,0.0716,0.072,27031.0
2025-05-12 20:05:00+09:00,0.0718,0.0719,0.0718,0.0718,36406.0
2025-05-12 20:10:00+09:00,0.0718,0.0718,0.0696,0.0703,2120432.0
2025-05-12 20:15:00+09:00,0.0702,0.0704,0.07,0.0703,46968.0
2025-05-12 20:20:00+09:00,0.0704,0.0706,0.0701,0.0706,25438.0
2025-05-12 20:25:00+09:00,0.0705,0.071,0.0704,0.0707,117647.0
2025-05-12 20:30:00+09:00,0.0706,0.0709,0.0704,0.0709,133615.0
2025-05-12 20:35:00+09:00,0.071,0.0713,0.0708,0.0713,103995.0
2025-05-12 20:40:00+09:00,0.0713,0.0713,0.0707,0.0708,264464.0
2025-05-12 20:45:00+09:00,0.0708,0.0711,0.0703,0.0703,210204.0
2025-05-12 20:50:00+09:00,0.0704,0.0704,0.0696,0.0697,246545.0
2025-05-12 20:55:00+09:00,0.0699,0.07,0.0696,0.0697,161922.0
2025-05-12 21:00:00+09:00,0.0698,0.0704,0.0698,0.0702,160594.0
2025-05-12 21:05:00+09:00,0.0702,0.0706,0.07,0.0706,48648.0
2025-05-12 21:10:00+09:00,0.0705,0.0707,0.0703,0.0706,45935.0
2025-05-12 21:15:00+09:00,0.0706,0.071,0.0706,0.0709,82099.0
2025-05-12 21:20:00+09:00,0.0709,0.071,0.0707,0.0708,126909.0
2025-05-12 21:25:00+09:00,0.0707,0.0709,0.0705,0.0705,70103.0
2025-05-12 21:30:00+09:00,0.0706,0.0706,0.0702,0.0705,103363.0
2025-05-12 21:35:00+09:00,0.0706,0.0707,0.0705,0.0707,153442.0
2025-05-12 21:40:00+09:00,0.0709,0.0713,0.0709,0.0712,22497.0
2025-05-12 21:45:00+09:00,0.0712,0.0713,0.071,0.0713,90104.0
2025-05-12 21:50:00+09:00,0.0714,0.0715,0.0712,0.0715,29979.0
2025-05-12 21:55:00+09:00,0.0715,0.0717,0.0713,0.0715,41064.0
2025-05-12 22:00:00+09:00,0.0713,0.0715,0.0712,0.0713,51557.0
2025-05-12 22:05:00+09:00,0.0712,0.0713,0.0707,0.0708,93360.0
2025-05-12 22:10:00+09:00,0.0708,0.0713,0.0708,0.0713,95838.0
2025-05-12 22:15:00+09:00,0.0713,0.0714,0.0709,0.071,71455.0
2025-05-12 22:20:00+09:00,0.0711,0.0715,0.071,0.0713,49117.0
2025-05-12 22:25:00+09:00,0.0714,0.0716,0.0713,0.0714,83338.0
2025-05-12 22:30:00+09:00,0.0714,0.0715,0.071,0.0712,143963.0
2025-05-12 22:35:00+09:00,0.0711,0.0711,0.0701,0.0704,185477.0
2025-05-12 22:40:00+09:00,0.0704,0.0707,0.0698,0.0702,67854.0
2025-05-12 22:45:00+09:00,0.0703,0.0706,0.07,0.0706,49581.0
2025-05-12 22:50:00+09:00,0.0706,0.0714,0.0706,0.071,117342.0
2025-05-12 22:55:00+09:00,0.0711,0.0711,0.0709,0.0711,19931.0
2025-05-12 23:00:00+09:00,0.0711,0.0714,0.0707,0.0714,150515.0
2025-05-12 23:05:00+09:00,0.0713,0.0714,0.0711,0.0711,46654.0
2025-05-12 23:10:00+09:00,0.0712,0.0714,0.071,0.071,75705.0
2025-05-12 23:15:00+09:00,0.0709,0.0713,0.0709,0.071,23876.0
2025-05-12 23:20:00+09:00,0.0709,0.071,0.0703,0.0704,79607.0
2025-05-12 23:25:00+09:00,0.0704,0.0705,0.0686,0.0687,553825.0
2025-05-12 23:30:00+09:00,0.0687,0.0696,0.0681,0.0693,771377.0
2025-05-12 23:35:00+09:00,0.0694,0.0697,0.0691,0.0695,202175.0
2025-05-12 23:40:00+09:00,0.0695,0.0699,0.0695,0.0698,140962.0
2025-05-12 23:45:00+09:00,0.0697,0.0699,0.0693,0.0696,169879.0
2025-05-12 23:50:00+09:00,0.0694,0.0695,0.069,0.069,65660.0
2025-05-12 23:55:00+09:00,0.069,0.0694,0.069,0.0691,57277.0
2025-05-13 00:00:00+09:00,0.069,0.0697,0.0679,0.0682,425672.0
2025-05-13 00:05:00+09:00,0.0682,0.069,0.068,0.0687,439725.0
2025-05-13 00:10:00+09:00,0.0686,0.0692,0.0683,0.0692,166726.0
2025-05-13 00:15:00+09:00,0.0691,0.0695,0.0688,0.0695,67102.0
2025-05-13 00:20:00+09:00,0.0692,0.0695,0.0691,0.0693,19377.0
2025-05-13 00:25:00+09:00,0.0693,0.0697,0.0692,0.0696,117714.0
2025-05-13 00:30:00+09:00,0.0696,0.0697,0.0694,0.0697,35233.0
2025-05-13 00:35:00+09:00,0.0694,0.0697,0.069,0.0691,54714.0
2025-05-13 00:40:00+09:00,0.0689,0.0691,0.0685,0.0687,148760.0
2025-05-13 00:45:00+09:00,0.0687,0.0689,0.0679,0.0679,287096.0
2025-05-13 00:50:00+09:00,0.068,0.0685,0.0678,0.0684,168730.0
2025-05-13 00:55:00+09:00,0.0683,0.0683,0.0676,0.0677,106265.0
2025-05-13 01:00:00+09:00,0.0678,0.0682,0.0678,0.0679,118745.0
2025-05-13 01:05:00+09:00,0.0679,0.0682,0.067,0.068,213393.0
2025-05-13 01:10:00+09:00,0.0682,0.0685,0.068,0.0685,37708.0
2025-05-13 01:15:00+09:00,0.0684,0.0691,0.0684,0.0691,64790.0
2025-05-13 01:20:00+09:00,0.069,0.0691,0.0687,0.0691,80668.0
2025-05-13 01:25:00+09:00,0.069,0.0693,0.069,0.0693,33943.0
2025-05-13 01:30:00+09:00,0.0693,0.0694,0.0692,0.0693,26522.0
2025-05-13 01:35:00+09:00,0.0691,0.0691,0.0689,0.069,8260.0
2025-05-13 01:40:00+09:00,0.069,0.0693,0.0689,0.0693,174859.0
2025-05-13 01:45:00+09:00,0.0694,0.0695,0.0691,0.0692,98453.0
2025-05-13 01:50:00+09:00,0.0692,0.0693,0.0691,0.0691,15317.0
2025-05-13 01:55:00+09:00,0.0692,0.0692,0.0689,0.069,49572.0
2025-05-13 02:00:00+09:00,0.0689,0.0692,0.0688,0.069,96928.0
2025-05-13 02:05:00+09:00,0.069,0.0693,0.069,0.0693,35952.0
2025-05-13 02:10:00+09:00,0.0693,0.0693,0.0691,0.0692,11915.0
2025-05-13 02:15:00+09:00,0.0692,0.0692,0.069,0.0692,43244.0
2025-05-13 02:20:00+09:00,0.069,0.0691,0.0683,0.0687,102556.0
2025-05-13 02:25:00+09:00,0.0687,0.0692,0.0686,0.0692,40032.0
2025-05-13 02:30:00+09:00,0.0692,0.0697,0.0692,0.0697,75508.0
2025-05-13 02:35:00+09:00,0.0695,0.0696,0.0692,0.0693,28862.0
2025-05-13 02:40:00+09:00,0.0693,0.0693,0.069,0.0692,43123.0
2025-05-13 02:45:00+09:00,0.0691,0.0691,0.068,0.068,172948.0
2025-05-13 02:50:00+09:00,0.0682,0.0686,0.0682,0.0685,17062.0
2025-05-13 02:55:00+09:00,0.0686,0.0687,0.0683,0.0687,53801.0
2025-05-13 03:00:00+09:00,0.0686,0.0689,0.0685,0.0689,56913.0
2025-05-13 03:05:00+09:00,0.0688,0.0688,0.0677,0.0678,250034.0
2025-05-13 03:10:00+09:00,0.0677,0.0682,0.0676,0.0678,68074.0
2025-05-13 03:15:00+09:00,0.0682,0.0685,0.0681,0.0682,93881.0
2025-05-13 03:20:00+09:00,0.068,0.0681,0.0676,0.0678,27607.0
2025-05-13 03:25:00+09:00,0.0676,0.0677,0.0659,0.0661,472731.0
2025-05-13 03:30:00+09:00,0.0663,0.0665,0.0646,0.066,395222.0
2025-05-13 03:35:00+09:00,0.066,0.0664,0.0653,0.0657,150405.0
2025-05-13 03:40:00+09:00,0.0659,0.0662,0.0655,0.0658,212288.0
2025-05-13 03:45:00+09:00,0.0657,0.0659,0.0644,0.0645,846423.0
2025-05-13 03:50:00+09:00,0.0646,0.0658,0.0646,0.0656,144733.0
2025-05-13 03:55:00+09:00,0.0657,0.0662,0.0657,0.0658,198667.0
2025-05-13 04:00:00+09:00,0.0657,0.0668,0.0657,0.0666,129971.0
2025-05-13 04:05:00+09:00,0.0667,0.0672,0.0667,0.0672,52336.0
2025-05-13 04:10:00+09:00,0.067,0.067,0.0666,0.0667,52244.0
2025-05-13 04:15:00+09:00,0.0668,0.0672,0.0668,0.067,143037.0
2025-05-13 04:20:00+09:00,0.0669,0.0672,0.0669,0.067,85056.0
2025-05-13 04:25:00+09:00,0.0669,0.0669,0.0667,0.0668,36653.0
2025-05-13 04:30:00+09:00,0.0669,0.0672,0.0668,0.067,142945.0
2025-05-13 04:35:00+09:00,0.0669,0.0669,0.0666,0.0668,99613.0
2025-05-13 04:40:00+09:00,0.0667,0.0669,0.0666,0.0666,110616.0
2025-05-13 04:45:00+09:00,0.0667,0.0671,0.0667,0.067,171681.0
2025-05-13 04:50:00+09:00,0.067,0.067,0.0668,0.0668,39554.0
2025-05-13 04:55:00+09:00,0.0667,0.067,0.0667,0.0669,49304.0
2025-05-13 05:00:00+09:00,0.067,0.067,0.0666,0.0666,86750.0
2025-05-13 05:05:00+09:00,0.0667,0.0669,0.0666,0.0667,124198.0
2025-05-13 05:10:00+09:00,0.0667,0.0669,0.0667,0.0669,20182.0
2025-05-13 05:15:00+09:00,0.0669,0.067,0.0668,0.067,42040.0
2025-05-13 05:20:00+09:00,0.0671,0.0671,0.0669,0.0671,47622.0
2025-05-13 05:25:00+09:00,0.0671,0.0674,0.0671,0.0674,41201.0
2025-05-13 05:30:00+09:00,0.0675,0.0675,0.0673,0.0673,15053.0
2025-05-13 05:35:00+09:00,0.0674,0.0676,0.0672,0.0672,60812.0
2025-05-13 05:40:00+09:00,0.0672,0.0674,0.0672,0.0672,13437.0
2025-05-13 05:45:00+09:00,0.0672,0.0674,0.0672,0.0673,8422.0
2025-05-13 05:50:00+09:00,0.0674,0.0676,0.0673,0.0676,11149.0
2025-05-13 05:55:00+09:00,0.0675,0.0677,0.0674,0.0674,5941.0
2025-05-13 06:00:00+09:00,0.0674,0.0678,0.0673,0.0676,29462.0
2025-05-13 06:05:00+09:00,0.0678,0.0679,0.0675,0.0677,42903.0
2025-05-13 06:10:00+09:00,0.0679,0.0679,0.0676,0.0678,47977.0
2025-05-13 06:15:00+09:00,0.0677,0.0681,0.0677,0.0681,78655.0
2025-05-13 06:20:00+09:00,0.0681,0.0681,0.0679,0.068,15549.0
2025-05-13 06:25:00+09:00,0.068,0.068,0.0678,0.0679,35606.0
2025-05-13 06:30:00+09:00,0.0679,0.0683,0.0678,0.0683,16128.0
2025-05-13 06:35:00+09:00,0.0681,0.0681,0.0679,0.0681,9216.0
2025-05-13 06:40:00+09:00,0.0679,0.0681,0.0679,0.0681,44594.0
2025-05-13 06:45:00+09:00,0.0679,0.0681,0.0679,0.0681,24012.0
2025-05-13 06:50:00+09:00,0.068,0.068,0.0678,0.068,16236.0
2025-05-13 06:55:00+09:00,0.0681,0.0681,0.068,0.0681,90784.0
2025-05-13 07:00:00+09:00,0.068,0.0684,0.0678,0.0684,90662.0
2025-05-13 07:05:00+09:00,0.0685,0.0686,0.0683,0.0686,24485.0
2025-05-13 07:10:00+09:00,0.0686,0.0687,0.0681,0.0687,172409.0
2025-05-13 07:15:00+09:00,0.0686,0.0687,0.0685,0.0686,7771.0
2025-05-13 07:20:00+09:00,0.0684,0.0689,0.0684,0.0687,255910.0
2025-05-13 07:25:00+09:00,0.0687,0.0689,0.0687,0.0688,18277.0
2025-05-13 07:30:00+09:00,0.0686,0.0689,0.0686,0.0689,1963.0
2025-05-13 07:35:00+09:00,0.0689,0.0691,0.0688,0.069,10755.0
2025-05-13 07:40:00+09:00,0.0689,0.069,0.0687,0.0688,22683.0
2025-05-13 07:45:00+09:00,0.0688,0.069,0.0688,0.0689,15298.0
2025-05-13 07:50:00+09:00,0.0688,0.0689,0.0686,0.0687,5624.0
2025-05-13 07:55:00+09:00,0.0688,0.0688,0.0687,0.0688,300.0
2025-05-13 08:00:00+09:00,0.0687,0.0689,0.0686,0.0689,10638.0
2025-05-13 08:05:00+09:00,0.0687,0.0689,0.0687,0.0689,462.0
2025-05-13 08:10:00+09:00,0.0688,0.069,0.0688,0.069,24611.0
2025-05-13 08:15:00+09:00,0.0689,0.069,0.0689,0.069,18673.0
2025-05-13 08:20:00+09:00,0.069,0.0693,0.069,0.0693,40685.0
2025-05-13 08:25:00+09:00,0.0691,0.0693,0.0691,0.0692,2940.0
2025-05-13 08:30:00+09:00,0.069,0.0692,0.069,0.069,18431.0
2025-05-13 08:35:00+09:00,0.0689,0.069,0.0689,0.0689,33262.0
2025-05-13 08:40:00+09:00,0.0688,0.069,0.0688,0.0689,9516.0
2025-05-13 08:45:00+09:00,0.0689,0.069,0.0688,0.069,29461.0
2025-05-13 08:50:00+09:00,0.069,0.069,0.0688,0.069,39579.0
2025-05-13 08:55:00+09:00,0.0689,0.069,0.0689,0.069,28955.0
2025-05-13 09:00:00+09:00,0.0689,0.0689,0.0686,0.0686,59708.0
2025-05-13 09:05:00+09:00,0.0687,0.0689,0.0686,0.0686,64274.0
2025-05-13 09:10:00+09:00,0.0687,0.0687,0.0684,0.0685,59534.0
2025-05-13 09:15:00+09:00,0.0684,0.0686,0.0682,0.0685,78178.0
2025-05-13 09:20:00+09:00,0.0685,0.0685,0.0681,0.0683,57986.0
2025-05-13 09:25:00+09:00,0.0682,0.0683,0.0681,0.0681,6164.0
2025-05-13 09:30:00+09:00,0.0683,0.0683,0.068,0.0682,24733.0
2025-05-13 09:35:00+09:00,0.0682,0.0682,0.068,0.0682,11100.0
2025-05-13 09:40:00+09:00,0.0683,0.0683,0.0681,0.0682,7227.0
2025-05-13 09:45:00+09:00,0.0678,0.0682,0.0678,0.0681,10924.0
2025-05-13 09:50:00+09:00,0.0678,0.0679,0.0678,0.0678,3589.0
2025-05-13 09:55:00+09:00,0.0679,0.068,0.0675,0.0675,35862.0
2025-05-13 10:00:00+09:00,0.0676,0.0677,0.0671,0.0672,69590.0
2025-05-13 10:05:00+09:00,0.0674,0.0674,0.067,0.0671,25820.0
2025-05-13 10:10:00+09:00,0.0669,0.067,0.0665,0.0667,54395.0
2025-05-13 10:15:00+09:00,0.0668,0.0668,0.0665,0.0666,26909.0
2025-05-13 10:20:00+09:00,0.0665,0.0666,0.0662,0.0666,82983.0
2025-05-13 10:25:00+09:00,0.0667,0.0667,0.0662,0.0662,7877.0
2025-05-13 10:30:00+09:00,0.066,0.066,0.0656,0.0659,49892.0
2025-05-13 10:35:00+09:00,0.066,0.066,0.0656,0.0657,32816.0
2025-05-13 10:40:00+09:00,0.0657,0.0659,0.0652,0.0659,216213.0
2025-05-13 10:45:00+09:00,0.0658,0.0659,0.0656,0.0659,28721.0
2025-05-13 10:50:00+09:00,0.0659,0.0659,0.0655,0.0657,82971.0
2025-05-13 10:55:00+09:00,0.0658,0.0658,0.0655,0.0655,12123.0
2025-05-13 11:00:00+09:00,0.0656,0.0711,0.0656,0.0669,4330509.0
2025-05-13 11:05:00+09:00,0.067,0.0675,0.0667,0.0671,90384.0
2025-05-13 11:10:00+09:00,0.0669,0.067,0.066,0.0662,259348.0
2025-05-13 11:15:00+09:00,0.0663,0.0663,0.0656,0.0657,37270.0
2025-05-13 11:20:00+09:00,0.0656,0.0659,0.0653,0.0658,43510.0
2025-05-13 11:25:00+09:00,0.0659,0.0663,0.0659,0.0662,20405.0
2025-05-13 11:30:00+09:00,0.0662,0.0663,0.0656,0.0657,27173.0
2025-05-13 11:35:00+09:00,0.0656,0.0659,0.0655,0.0656,28536.0
2025-05-13 11:40:00+09:00,0.0658,0.066,0.0658,0.0658,5141.0
2025-05-13 11:45:00+09:00,0.0659,0.0661,0.0657,0.0659,13101.0
2025-05-13 11:50:00+09:00,0.0657,0.0659,0.0657,0.0659,3062.0
2025-05-13 11:55:00+09:00,0.0658,0.0661,0.0658,0.066,2330.0
2025-05-13 12:00:00+09:00,0.0659,0.0661,0.0658,0.0659,62837.0
2025-05-13 12:05:00+09:00,0.0661,0.0665,0.066,0.0662,86318.0
2025-05-13 12:10:00+09:00,0.0664,0.0664,0.0662,0.0662,37063.0
2025-05-13 12:15:00+09:00,0.0662,0.0664,0.0661,0.0661,16628.0
2025-05-13 12:20:00+09:00,0.0662,0.0662,0.0659,0.066,21928.0
2025-05-13 12:25:00+09:00,0.0659,0.0659,0.0651,0.0652,31609.0
2025-05-13 12:30:00+09:00,0.0653,0.0655,0.0651,0.0655,34685.0
2025-05-13 12:35:00+09:00,0.0656,0.0656,0.0654,0.0655,33152.0
2025-05-13 12:40:00+09:00,0.0655,0.0658,0.0655,0.0657,12326.0
2025-05-13 12:45:00+09:00,0.0657,0.0658,0.0655,0.0656,13431.0
2025-05-13 12:50:00+09:00,0.0654,0.0654,0.0653,0.0654,41597.0
2025-05-13 12:55:00+09:00,0.0656,0.0657,0.0654,0.0654,5791.0
2025-05-13 13:00:00+09:00,0.0654,0.0657,0.0653,0.0657,28848.0
2025-05-13 13:05:00+09:00,0.0657,0.0662,0.0657,0.0661,202430.0
2025-05-13 13:10:00+09:00,0.066,0.0666,0.0655,0.0656,482466.0
2025-05-13 13:15:00+09:00,0.0656,0.066,0.0653,0.0658,515047.0
2025-05-13 13:20:00+09:00,0.0657,0.0661,0.0657,0.0661,15708.0
2025-05-13 13:25:00+09:00,0.066,0.0662,0.066,0.0661,53539.0
2025-05-13 13:30:00+09:00,0.0661,0.0665,0.066,0.0665,85526.0
2025-05-13 13:35:00+09:00,0.0665,0.0667,0.0664,0.0666,31385.0
2025-05-13 13:40:00+09:00,0.0666,0.0668,0.0665,0.0668,11481.0
2025-05-13 13:45:00+09:00,0.0667,0.0668,0.0666,0.0668,19896.0
2025-05-13 13:50:00+09:00,0.0666,0.067,0.0666,0.0669,4058.0
2025-05-13 13:55:00+09:00,0.0669,0.0672,0.0668,0.0671,32438.0
2025-05-13 14:00:00+09:00,0.0669,0.0673,0.0669,0.0673,15499.0
2025-05-13 14:05:00+09:00,0.0674,0.0674,0.0669,0.0671,33705.0
2025-05-13 14:10:00+09:00,0.067,0.0672,0.0669,0.0669,5823.0
2025-05-13 14:15:00+09:00,0.0671,0.0671,0.0667,0.0669,8743.0
2025-05-13 14:20:00+09:00,0.0667,0.0668,0.0667,0.0668,438.0
2025-05-13 14:25:00+09:00,0.067,0.067,0.0669,0.067,3599.0
2025-05-13 14:30:00+09:00,0.0671,0.0671,0.0666,0.0666,40758.0
2025-05-13 14:35:00+09:00,0.0666,0.0669,0.0663,0.0668,108392.0
2025-05-13 14:40:00+09:00,0.0665,0.0667,0.0665,0.0667,1800.0
2025-05-13 14:45:00+09:00,0.0666,0.0668,0.0666,0.0668,5647.0
2025-05-13 14:50:00+09:00,0.0666,0.0668,0.0665,0.0668,8238.0
2025-05-13 14:55:00+09:00,0.0668,0.0669,0.0667,0.0669,4994.0
2025-05-13 15:00:00+09:00,0.0668,0.067,0.0667,0.067,44945.0
2025-05-13 15:05:00+09:00,0.067,0.0674,0.067,0.0674,72454.0
2025-05-13 15:10:00+09:00,0.0672,0.0678,0.0672,0.0677,55776.0
2025-05-13 15:15:00+09:00,0.0676,0.0677,0.0673,0.0675,15705.0
2025-05-13 15:20:00+09:00,0.0673,0.0676,0.0672,0.0676,19323.0
2025-05-13 15:25:00+09:00,0.0674,0.0676,0.0673,0.0675,3730.0
2025-05-13 15:30:00+09:00,0.0674,0.0676,0.0673,0.0675,32110.0
2025-05-13 15:35:00+09:00,0.0675,0.0675,0.0673,0.0675,788.0
2025-05-13 15:40:00+09:00,0.0674,0.0675,0.0672,0.0672,6498.0
2025-05-13 15:45:00+09:00,0.0674,0.0674,0.067,0.0671,48357.0
2025-05-13 15:50:00+09:00,0.0669,0.0671,0.0669,0.0671,9635.0
2025-05-13 15:55:00+09:00,0.0671,0.0671,0.0671,0.0671,0.0
2025-05-13 16:00:00+09:00,0.0669,0.067,0.0668,0.0669,14605.0
2025-05-13 16:05:00+09:00,0.0669,0.0671,0.0668,0.067,53531.0
2025-05-13 16:10:00+09:00,0.067,0.0672,0.0669,0.0672,30789.0
2025-05-13 16:15:00+09:00,0.0672,0.0676,0.0672,0.0675,21692.0
2025-05-13 16:20:00+09:00,0.0676,0.0676,0.0674,0.0674,72208.0
2025-05-13 16:25:00+09:00,0.0674,0.0675,0.0672,0.0674,45146.0
2025-05-13 16:30:00+09:00,0.0675,0.0675,0.0672,0.0675,16161.0
2025-05-13 16:35:00+09:00,0.0674,0.0675,0.0671,0.0671,9006.0
2025-05-13 16:40:00+09:00,0.0673,0.0675,0.0673,0.0675,13077.0
2025-05-13 16:45:00+09:00,0.0675,0.0676,0.0673,0.0676,4274.0
2025-05-13 16:50:00+09:00,0.0675,0.0677,0.0675,0.0676,12556.0
2025-05-13 16:55:00+09:00,0.0674,0.0676,0.0674,0.0676,801.0
2025-05-13 17:00:00+09:00,0.0676,0.0677,0.0675,0.0675,43986.0
2025-05-13 17:05:00+09:00,0.0675,0.0675,0.0674,0.0674,22531.0
2025-05-13 17:10:00+09:00,0.0674,0.0676,0.0674,0.0676,38334.0
2025-05-13 17:15:00+09:00,0.0675,0.0676,0.0674,0.0674,16412.0
2025-05-13 17:20:00+09:00,0.0674,0.0675,0.0673,0.0674,94598.0
2025-05-13 17:25:00+09:00,0.0675,0.0675,0.0674,0.0674,14085.0
2025-05-13 17:30:00+09:00,0.0673,0.0674,0.0673,0.0673,22604.0
2025-05-13 17:35:00+09:00,0.0674,0.0676,0.0674,0.0676,20514.0
2025-05-13 17:40:00+09:00,0.0675,0.0676,0.0675,0.0676,12078.0
2025-05-13 17:45:00+09:00,0.0675,0.0678,0.0675,0.0677,46075.0
2025-05-13 17:50:00+09:00,0.0677,0.0679,0.0677,0.0677,28567.0
2025-05-13 17:55:00+09:00,0.0676,0.0678,0.0676,0.0676,24953.0
2025-05-13 18:00:00+09:00,0.0675,0.0676,0.0675,0.0676,35317.0
2025-05-13 18:05:00+09:00,0.0675,0.0677,0.0674,0.0677,97676.0
2025-05-13 18:10:00+09:00,0.0677,0.0677,0.0677,0.0677,271.0
2025-05-13 18:15:00+09:00,0.0677,0.0681,0.0675,0.0681,47171.0
2025-05-13 18:20:00+09:00,0.0682,0.0683,0.0681,0.0683,17047.0
2025-05-13 18:25:00+09:00,0.0683,0.0685,0.0683,0.0683,7662.0
2025-05-13 18:30:00+09:00,0.0685,0.0687,0.0684,0.0685,11563.0
2025-05-13 18:35:00+09:00,0.0686,0.0689,0.0686,0.0687,33760.0
2025-05-13 18:40:00+09:00,0.0687,0.0687,0.0687,0.0687,4366.0
2025-05-13 18:45:00+09:00,0.0685,0.0687,0.0685,0.0687,22361.0
2025-05-13 18:50:00+09:00,0.0688,0.0688,0.0688,0.0688,98.0
2025-05-13 18:55:00+09:00,0.0687,0.0689,0.0686,0.0687,14580.0
2025-05-13 19:00:00+09:00,0.0687,0.0687,0.0684,0.0686,52417.0
2025-05-13 19:05:00+09:00,0.0686,0.0687,0.0683,0.0686,43163.0
2025-05-13 19:10:00+09:00,0.0686,0.0686,0.0683,0.0685,16918.0
2025-05-13 19:15:00+09:00,0.0684,0.0686,0.0683,0.0686,30644.0
2025-05-13 19:20:00+09:00,0.0687,0.069,0.0687,0.069,35677.0
2025-05-13 19:25:00+09:00,0.0689,0.0689,0.0688,0.0688,13850.0
2025-05-13 19:30:00+09:00,0.0686,0.0688,0.0685,0.0688,29676.0
2025-05-13 19:35:00+09:00,0.0686,0.0688,0.0686,0.0688,50978.0
2025-05-13 19:40:00+09:00,0.0691,0.0696,0.0689,0.0695,600076.0
2025-05-13 19:45:00+09:00,0.0695,0.0697,0.0692,0.0697,194108.0
2025-05-13 19:50:00+09:00,0.0697,0.0701,0.0694,0.0698,330569.0
2025-05-13 19:55:00+09:00,0.0698,0.0698,0.0696,0.0696,65196.0
2025-05-13 20:00:00+09:00,0.0696,0.0697,0.0694,0.0694,47974.0
2025-05-13 20:05:00+09:00,0.0695,0.0697,0.0694,0.0697,24049.0
2025-05-13 20:10:00+09:00,0.0695,0.0696,0.0694,0.0696,25120.0
2025-05-13 20:15:00+09:00,0.0694,0.0695,0.0693,0.0695,14001.0
2025-05-13 20:20:00+09:00,0.0695,0.0697,0.0695,0.0697,13432.0
2025-05-13 20:25:00+09:00,0.0695,0.0698,0.0695,0.0696,50558.0
2025-05-13 20:30:00+09:00,0.0695,0.0698,0.0694,0.0697,36867.0
2025-05-13 20:35:00+09:00,0.0698,0.0704,0.0697,0.0699,276916.0
2025-05-13 20:40:00+09:00,0.0701,0.0702,0.0699,0.0701,91583.0
2025-05-13 20:45:00+09:00,0.0699,0.0703,0.0699,0.0703,22069.0
2025-05-13 20:50:00+09:00,0.0701,0.0701,0.0699,0.0701,59244.0
2025-05-13 20:55:00+09:00,0.0702,0.0702,0.07,0.0702,45557.0
2025-05-13 21:00:00+09:00,0.0702,0.0703,0.07,0.0702,85859.0
2025-05-13 21:05:00+09:00,0.0702,0.0702,0.0697,0.0699,43149.0
2025-05-13 21:10:00+09:00,0.0699,0.0706,0.0699,0.0704,443113.0
2025-05-13 21:15:00+09:00,0.0704,0.0705,0.0703,0.0703,132964.0
2025-05-13 21:20:00+09:00,0.07,0.0702,0.0695,0.0696,65576.0
2025-05-13 21:25:00+09:00,0.0697,0.0702,0.0697,0.0702,61883.0
2025-05-13 21:30:00+09:00,0.0701,0.0706,0.07,0.0705,138977.0
2025-05-13 21:35:00+09:00,0.0704,0.0708,0.0704,0.0707,81906.0
2025-05-13 21:40:00+09:00,0.0708,0.0711,0.0707,0.0707,118493.0
2025-05-13 21:45:00+09:00,0.0709,0.0709,0.0703,0.0708,33426.0
2025-05-13 21:50:00+09:00,0.0708,0.0709,0.0705,0.0706,39918.0
2025-05-13 21:55:00+09:00,0.0705,0.0707,0.0705,0.0705,19004.0
2025-05-13 22:00:00+09:00,0.0705,0.071,0.0704,0.0704,36992.0
2025-05-13 22:05:00+09:00,0.0704,0.0708,0.0704,0.0706,27367.0
2025-05-13 22:10:00+09:00,0.0706,0.0707,0.0705,0.0707,24557.0
2025-05-13 22:15:00+09:00,0.0706,0.0708,0.0705,0.0707,17389.0
2025-05-13 22:20:00+09:00,0.0707,0.0708,0.0704,0.0704,17597.0
2025-05-13 22:25:00+09:00,0.0705,0.0707,0.0704,0.0706,86057.0
2025-05-13 22:30:00+09:00,0.0705,0.0707,0.0701,0.0705,367807.0
2025-05-13 22:35:00+09:00,0.0704,0.0705,0.0701,0.0704,322894.0
2025-05-13 22:40:00+09:00,0.0704,0.0706,0.0703,0.0706,154373.0
2025-05-13 22:45:00+09:00,0.0704,0.071,0.0702,0.0705,599379.0
2025-05-13 22:50:00+09:00,0.0705,0.0708,0.0704,0.0708,31367.0
2025-05-13 22:55:00+09:00,0.0708,0.0708,0.0705,0.0705,23153.0
2025-05-13 23:00:00+09:00,0.0705,0.0707,0.0701,0.0702,102237.0
2025-05-13 23:05:00+09:00,0.07,0.0703,0.0698,0.0701,25902.0
2025-05-13 23:10:00+09:00,0.0698,0.07,0.0695,0.07,144448.0
2025-05-13 23:15:00+09:00,0.0697,0.0701,0.0695,0.0701,40141.0
2025-05-13 23:20:00+09:00,0.0701,0.0727,0.0698,0.0722,1186456.0
2025-05-13 23:25:00+09:00,0.0721,0.0745,0.0715,0.0745,3114910.0
2025-05-13 23:30:00+09:00,0.0743,0.0744,0.073,0.0733,1044354.0
2025-05-13 23:35:00+09:00,0.0732,0.0734,0.0723,0.0733,564461.0
2025-05-13 23:40:00+09:00,0.073,0.0743,0.0723,0.0734,685516.0
2025-05-13 23:45:00+09:00,0.0735,0.0738,0.0726,0.0729,492541.0
2025-05-13 23:50:00+09:00,0.0732,0.0736,0.0727,0.0727,469812.0
2025-05-13 23:55:00+09:00,0.0728,0.073,0.0725,0.073,561199.0
2025-05-14 00:00:00+09:00,0.0728,0.0728,0.0661,0.0694,4903739.0
2025-05-14 00:05:00+09:00,0.0695,0.0696,0.0689,0.0694,325016.0
2025-05-14 00:10:00+09:00,0.0694,0.0695,0.0692,0.0694,43390.0
2025-05-14 00:15:00+09:00,0.0693,0.0697,0.0691,0.0697,171595.0
2025-05-14 00:20:00+09:00,0.0695,0.0699,0.0694,0.0696,181110.0
2025-05-14 00:25:00+09:00,0.0694,0.0699,0.0694,0.0698,16357.0
2025-05-14 00:30:00+09:00,0.0696,0.07,0.0696,0.0699,57033.0
2025-05-14 00:35:00+09:00,0.0697,0.0701,0.0697,0.0701,30971.0
2025-05-14 00:40:00+09:00,0.0699,0.07,0.0697,0.0698,90655.0
2025-05-14 00:45:00+09:00,0.0696,0.0699,0.0696,0.0698,30177.0
2025-05-14 00:50:00+09:00,0.0696,0.0699,0.0692,0.0695,361254.0
2025-05-14 00:55:00+09:00,0.0695,0.0697,0.0693,0.0697,408684.0
2025-05-14 01:00:00+09:00,0.0696,0.0699,0.0696,0.0698,115303.0
2025-05-14 01:05:00+09:00,0.0698,0.0698,0.0693,0.0696,171731.0
2025-05-14 01:10:00+09:00,0.0696,0.0696,0.0691,0.0696,351229.0
2025-05-14 01:15:00+09:00,0.0696,0.0698,0.0694,0.0697,201908.0
2025-05-14 01:20:00+09:00,0.0697,0.0698,0.0694,0.0696,96271.0
2025-05-14 01:25:00+09:00,0.0697,0.0698,0.0696,0.0696,89237.0
2025-05-14 01:30:00+09:00,0.0697,0.0699,0.0696,0.0699,163280.0
2025-05-14 01:35:00+09:00,0.0698,0.0701,0.0698,0.07,238612.0
2025-05-14 01:40:00+09:00,0.0701,0.0702,0.0699,0.0701,183555.0
2025-05-14 01:45:00+09:00,0.0701,0.0704,0.0701,0.0703,220690.0
2025-05-14 01:50:00+09:00,0.0704,0.0705,0.0703,0.0705,159077.0
2025-05-14 01:55:00+09:00,0.0705,0.0705,0.0704,0.0704,45053.0
2025-05-14 02:00:00+09:00,0.0704,0.0706,0.0702,0.0706,39857.0
2025-05-14 02:05:00+09:00,0.0706,0.0709,0.0705,0.0707,182002.0
2025-05-14 02:10:00+09:00,0.0705,0.0706,0.0704,0.0705,19718.0
2025-05-14 02:15:00+09:00,0.0705,0.071,0.0705,0.0707,203338.0
2025-05-14 02:20:00+09:00,0.0707,0.071,0.0707,0.0709,42701.0
2025-05-14 02:25:00+09:00,0.071,0.071,0.0709,0.0709,23136.0
2025-05-14 02:30:00+09:00,0.0709,0.071,0.0709,0.0709,17450.0
2025-05-14 02:35:00+09:00,0.0708,0.0709,0.0706,0.0709,91775.0
2025-05-14 02:40:00+09:00,0.0707,0.071,0.0707,0.0709,1073.0
2025-05-14 02:45:00+09:00,0.0708,0.0712,0.0707,0.0711,92974.0
2025-05-14 02:50:00+09:00,0.0712,0.0712,0.071,0.0712,90659.0
2025-05-14 02:55:00+09:00,0.071,0.0712,0.071,0.0711,65640.0
2025-05-14 03:00:00+09:00,0.0711,0.0713,0.0711,0.0712,47300.0
2025-05-14 03:05:00+09:00,0.0712,0.0716,0.0711,0.0714,196629.0
2025-05-14 03:10:00+09:00,0.0714,0.0715,0.0713,0.0714,31216.0
2025-05-14 03:15:00+09:00,0.0715,0.0715,0.0709,0.0711,175953.0
2025-05-14 03:20:00+09:00,0.0712,0.0713,0.0711,0.0713,7493.0
2025-05-14 03:25:00+09:00,0.0713,0.0716,0.0713,0.0716,20911.0
2025-05-14 03:30:00+09:00,0.0715,0.0717,0.0714,0.0716,70542.0
2025-05-14 03:35:00+09:00,0.0714,0.0717,0.0714,0.0716,70887.0
2025-05-14 03:40:00+09:00,0.0716,0.0718,0.0715,0.0715,77178.0
2025-05-14 03:45:00+09:00,0.0714,0.0716,0.0714,0.0715,25142.0
2025-05-14 03:50:00+09:00,0.0715,0.0718,0.0714,0.0718,65918.0
2025-05-14 03:55:00+09:00,0.0716,0.0718,0.0716,0.0717,17893.0
2025-05-14 04:00:00+09:00,0.0717,0.0717,0.0714,0.0715,138853.0
2025-05-14 04:05:00+09:00,0.0714,0.0714,0.0712,0.0713,73257.0
2025-05-14 04:10:00+09:00,0.0714,0.0717,0.0714,0.0716,53704.0
2025-05-14 04:15:00+09:00,0.0716,0.0717,0.0713,0.0714,84282.0
2025-05-14 04:20:00+09:00,0.0715,0.0717,0.0714,0.0717,10455.0
2025-05-14 04:25:00+09:00,0.0717,0.072,0.0717,0.072,135577.0
2025-05-14 04:30:00+09:00,0.0719,0.0722,0.0719,0.0719,91658.0
2025-05-14 04:35:00+09:00,0.0719,0.0722,0.0719,0.0722,67841.0
2025-05-14 04:40:00+09:00,0.0722,0.0724,0.0722,0.0724,100004.0
2025-05-14 04:45:00+09:00,0.0724,0.0727,0.0722,0.0726,162273.0
2025-05-14 04:50:00+09:00,0.0726,0.0726,0.0715,0.0717,359684.0
2025-05-14 04:55:00+09:00,0.0718,0.0721,0.0717,0.0721,45094.0
2025-05-14 05:00:00+09:00,0.0719,0.0721,0.0719,0.0721,56674.0
2025-05-14 05:05:00+09:00,0.072,0.072,0.0713,0.0718,210730.0
2025-05-14 05:10:00+09:00,0.0718,0.072,0.0716,0.0716,35127.0
2025-05-14 05:15:00+09:00,0.0718,0.0719,0.0716,0.0718,63928.0
2025-05-14 05:20:00+09:00,0.0718,0.0719,0.0716,0.0719,17726.0
2025-05-14 05:25:00+09:00,0.072,0.0722,0.0719,0.0721,53593.0
2025-05-14 05:30:00+09:00,0.0721,0.0722,0.0721,0.0721,54607.0
2025-05-14 05:35:00+09:00,0.0721,0.0722,0.0719,0.072,13812.0
2025-05-14 05:40:00+09:00,0.0721,0.0723,0.0721,0.0721,8566.0
2025-05-14 05:45:00+09:00,0.0721,0.0722,0.072,0.0721,32064.0
2025-05-14 05:50:00+09:00,0.072,0.0721,0.0719,0.0721,46320.0
2025-05-14 05:55:00+09:00,0.0721,0.0721,0.0719,0.0721,63403.0
2025-05-14 06:00:00+09:00,0.0719,0.072,0.0718,0.0718,28777.0
2025-05-14 06:05:00+09:00,0.0718,0.072,0.0717,0.0718,63485.0
2025-05-14 06:10:00+09:00,0.0719,0.072,0.0718,0.0719,37956.0
2025-05-14 06:15:00+09:00,0.0719,0.0721,0.0719,0.0719,24573.0
2025-05-14 06:20:00+09:00,0.0719,0.072,0.0719,0.0719,3095.0
2025-05-14 06:25:00+09:00,0.0719,0.0721,0.0719,0.072,13955.0
2025-05-14 06:30:00+09:00,0.0721,0.0723,0.0719,0.0723,63223.0
2025-05-14 06:35:00+09:00,0.0723,0.0724,0.072,0.0722,32615.0
2025-05-14 06:40:00+09:00,0.0721,0.0723,0.0719,0.0719,81653.0
2025-05-14 06:45:00+09:00,0.0718,0.0719,0.0717,0.0719,10978.0
2025-05-14 06:50:00+09:00,0.0719,0.072,0.0718,0.072,6020.0
2025-05-14 06:55:00+09:00,0.0718,0.072,0.0718,0.0719,1371.0
2025-05-14 07:00:00+09:00,0.0719,0.0722,0.0718,0.0719,51731.0
2025-05-14 07:05:00+09:00,0.0718,0.0718,0.0713,0.0718,106596.0
2025-05-14 07:10:00+09:00,0.0715,0.0719,0.0715,0.0717,6446.0
2025-05-14 07:15:00+09:00,0.0718,0.0718,0.0715,0.0717,14016.0
2025-05-14 07:20:00+09:00,0.0715,0.0719,0.0715,0.0715,19437.0
2025-05-14 07:25:00+09:00,0.0715,0.0719,0.0715,0.0719,34824.0
2025-05-14 07:30:00+09:00,0.0718,0.072,0.0717,0.072,5099.0
2025-05-14 07:35:00+09:00,0.0719,0.0721,0.0718,0.072,8025.0
2025-05-14 07:40:00+09:00,0.072,0.0721,0.0719,0.072,3341.0
2025-05-14 07:45:00+09:00,0.0719,0.072,0.0719,0.072,12784.0
2025-05-14 07:50:00+09:00,0.072,0.072,0.0701,0.0709,586663.0
2025-05-14 07:55:00+09:00,0.0709,0.0709,0.0706,0.0707,45002.0
2025-05-14 08:00:00+09:00,0.0706,0.0709,0.0705,0.0707,59386.0
2025-05-14 08:05:00+09:00,0.0706,0.0707,0.0703,0.0707,102607.0
2025-05-14 08:10:00+09:00,0.0706,0.071,0.0705,0.071,29168.0
2025-05-14 08:15:00+09:00,0.0709,0.0709,0.0707,0.0709,30559.0
2025-05-14 08:20:00+09:00,0.0708,0.071,0.0707,0.0707,8927.0
2025-05-14 08:25:00+09:00,0.0707,0.0708,0.0705,0.0707,7193.0
2025-05-14 08:30:00+09:00,0.0706,0.0707,0.0704,0.0706,35805.0
2025-05-14 08:35:00+09:00,0.0706,0.0707,0.0705,0.0707,33505.0
2025-05-14 08:40:00+09:00,0.0707,0.0708,0.0707,0.0708,20709.0
2025-05-14 08:45:00+09:00,0.0708,0.0708,0.0706,0.0708,17120.0
2025-05-14 08:50:00+09:00,0.0706,0.0708,0.0706,0.0708,5119.0
2025-05-14 08:55:00+09:00,0.0706,0.0708,0.0706,0.0707,10166.0
2025-05-14 09:00:00+09:00,0.0705,0.0707,0.0705,0.0705,38527.0
2025-05-14 09:05:00+09:00,0.0705,0.0707,0.0703,0.0704,65308.0
2025-05-14 09:10:00+09:00,0.0704,0.071,0.0704,0.0709,48543.0
2025-05-14 09:15:00+09:00,0.0709,0.0711,0.0708,0.071,17179.0
2025-05-14 09:20:00+09:00,0.071,0.071,0.0708,0.0708,14699.0
2025-05-14 09:25:00+09:00,0.0708,0.0708,0.0703,0.0704,74923.0
2025-05-14 09:30:00+09:00,0.0704,0.0708,0.0703,0.0708,49179.0
2025-05-14 09:35:00+09:00,0.0709,0.0712,0.0709,0.0712,52978.0
2025-05-14 09:40:00+09:00,0.0712,0.0714,0.0706,0.0711,320571.0
2025-05-14 09:45:00+09:00,0.071,0.0713,0.0708,0.071,102230.0
2025-05-14 09:50:00+09:00,0.0711,0.0713,0.0709,0.0709,37666.0
2025-05-14 09:55:00+09:00,0.0707,0.0709,0.0706,0.0709,65908.0
2025-05-14 10:00:00+09:00,0.0708,0.071,0.0706,0.0707,31861.0
2025-05-14 10:05:00+09:00,0.0707,0.071,0.0706,0.0709,30396.0
2025-05-14 10:10:00+09:00,0.071,0.0711,0.0707,0.0707,90680.0
2025-05-14 10:15:00+09:00,0.0708,0.0711,0.0705,0.0706,52992.0
2025-05-14 10:20:00+09:00,0.0705,0.0708,0.0704,0.0706,59041.0
2025-05-14 10:25:00+09:00,0.0706,0.0707,0.0704,0.0705,6316.0
2025-05-14 10:30:00+09:00,0.0706,0.071,0.0705,0.0707,56953.0
2025-05-14 10:35:00+09:00,0.0706,0.0707,0.0702,0.0707,89119.0
2025-05-14 10:40:00+09:00,0.0707,0.071,0.0706,0.0708,80943.0
2025-05-14 10:45:00+09:00,0.0708,0.071,0.0705,0.0707,97393.0
2025-05-14 10:50:00+09:00,0.0706,0.0708,0.0703,0.0704,138445.0
2025-05-14 10:55:00+09:00,0.0706,0.0708,0.0705,0.0707,24511.0
2025-05-14 11:00:00+09:00,0.0705,0.0707,0.0702,0.0705,219496.0
2025-05-14 11:05:00+09:00,0.0705,0.0705,0.0698,0.0699,169385.0
2025-05-14 11:10:00+09:00,0.0698,0.0701,0.0696,0.0701,89124.0
2025-05-14 11:15:00+09:00,0.07,0.0706,0.07,0.0706,46706.0
2025-05-14 11:20:00+09:00,0.0706,0.0706,0.0698,0.0699,179992.0
2025-05-14 11:25:00+09:00,0.0698,0.0698,0.0694,0.0695,66131.0
2025-05-14 11:30:00+09:00,0.0694,0.0698,0.0694,0.0697,68518.0
2025-05-14 11:35:00+09:00,0.0698,0.07,0.0696,0.07,151622.0
2025-05-14 11:40:00+09:00,0.07,0.0704,0.07,0.0704,33808.0
2025-05-14 11:45:00+09:00,0.0704,0.0704,0.0701,0.0702,31480.0
2025-05-14 11:50:00+09:00,0.0702,0.0702,0.07,0.07,6558.0
2025-05-14 11:55:00+09:00,0.0701,0.0706,0.0701,0.0705,44930.0
2025-05-14 12:00:00+09:00,0.0704,0.0706,0.0703,0.0705,40116.0
2025-05-14 12:05:00+09:00,0.0701,0.0702,0.0699,0.0702,28358.0
2025-05-14 12:10:00+09:00,0.0702,0.0704,0.0702,0.0704,59830.0
2025-05-14 12:15:00+09:00,0.0704,0.0705,0.0702,0.0702,46629.0
2025-05-14 12:20:00+09:00,0.0701,0.0702,0.0701,0.0702,13538.0
2025-05-14 12:25:00+09:00,0.0703,0.0706,0.0702,0.0704,166908.0
2025-05-14 12:30:00+09:00,0.0704,0.0708,0.0704,0.0707,186439.0
2025-05-14 12:35:00+09:00,0.0708,0.0709,0.0706,0.0709,120617.0
2025-05-14 12:40:00+09:00,0.071,0.071,0.0709,0.0709,8528.0
2025-05-14 12:45:00+09:00,0.0707,0.0708,0.0707,0.0707,10015.0
2025-05-14 12:50:00+09:00,0.0706,0.0707,0.0705,0.0707,8760.0
2025-05-14 12:55:00+09:00,0.0706,0.0706,0.0706,0.0706,1457.0
2025-05-14 13:00:00+09:00,0.0707,0.0707,0.0703,0.0703,11456.0
2025-05-14 13:05:00+09:00,0.0705,0.0706,0.07,0.0701,230618.0
2025-05-14 13:10:00+09:00,0.0701,0.0704,0.0701,0.0701,8096.0
2025-05-14 13:15:00+09:00,0.0704,0.0704,0.07,0.0702,23462.0
2025-05-14 13:20:00+09:00,0.0703,0.0703,0.0702,0.0703,829.0
2025-05-14 13:25:00+09:00,0.0702,0.0705,0.0702,0.0703,70423.0
2025-05-14 13:30:00+09:00,0.0703,0.0704,0.07,0.0702,69357.0
2025-05-14 13:35:00+09:00,0.0702,0.0706,0.0702,0.0706,14540.0
2025-05-14 13:40:00+09:00,0.0707,0.0707,0.0705,0.0705,2812.0
2025-05-14 13:45:00+09:00,0.0707,0.0708,0.0705,0.0705,43524.0
2025-05-14 13:50:00+09:00,0.0705,0.0706,0.0705,0.0706,615.0
2025-05-14 13:55:00+09:00,0.0707,0.0707,0.0704,0.0704,3448.0
2025-05-14 14:00:00+09:00,0.0706,0.0706,0.0706,0.0706,36807.0
2025-05-14 14:05:00+09:00,0.0706,0.0706,0.0705,0.0705,3452.0
2025-05-14 14:10:00+09:00,0.0704,0.0705,0.0704,0.0705,8199.0
2025-05-14 14:15:00+09:00,0.0705,0.0706,0.0702,0.0706,188878.0
2025-05-14 14:20:00+09:00,0.0706,0.0706,0.0706,0.0706,352.0
2025-05-14 14:25:00+09:00,0.0705,0.0706,0.0704,0.0704,34506.0
2025-05-14 14:30:00+09:00,0.0706,0.0709,0.0705,0.0708,15572.0
2025-05-14 14:35:00+09:00,0.0707,0.0709,0.0707,0.0709,7404.0
2025-05-14 14:40:00+09:00,0.0709,0.071,0.0708,0.071,4522.0
2025-05-14 14:45:00+09:00,0.0709,0.0713,0.0709,0.0713,48918.0
2025-05-14 14:50:00+09:00,0.0712,0.0715,0.0711,0.0715,75024.0
2025-05-14 14:55:00+09:00,0.0716,0.0716,0.0713,0.0716,23803.0
2025-05-14 15:00:00+09:00,0.0715,0.0715,0.0709,0.0711,47097.0
2025-05-14 15:05:00+09:00,0.0709,0.0709,0.0707,0.0709,19041.0
2025-05-14 15:10:00+09:00,0.0707,0.0708,0.0706,0.0708,6536.0
2025-05-14 15:15:00+09:00,0.0708,0.0711,0.0708,0.0711,13639.0
2025-05-14 15:20:00+09:00,0.0708,0.0709,0.0706,0.0709,6967.0
2025-05-14 15:25:00+09:00,0.0708,0.071,0.0708,0.071,27065.0
2025-05-14 15:30:00+09:00,0.0709,0.071,0.0708,0.071,33540.0
2025-05-14 15:35:00+09:00,0.071,0.0711,0.0709,0.071,4839.0
2025-05-14 15:40:00+09:00,0.0708,0.0711,0.0708,0.0711,9788.0
2025-05-14 15:45:00+09:00,0.0711,0.0712,0.0709,0.0712,35154.0
2025-05-14 15:50:00+09:00,0.0712,0.0713,0.071,0.0712,9686.0
2025-05-14 15:55:00+09:00,0.0711,0.0713,0.071,0.0712,1722.0
2025-05-14 16:00:00+09:00,0.071,0.0712,0.0707,0.0709,114042.0
2025-05-14 16:05:00+09:00,0.0709,0.0713,0.0708,0.0712,77947.0
2025-05-14 16:10:00+09:00,0.0709,0.0712,0.0708,0.0712,22751.0
2025-05-14 16:15:00+09:00,0.071,0.0711,0.0706,0.0707,26280.0
2025-05-14 16:20:00+09:00,0.0706,0.0707,0.0705,0.0706,8840.0
2025-05-14 16:25:00+09:00,0.0705,0.0705,0.0701,0.0705,14204.0
2025-05-14 16:30:00+09:00,0.0704,0.0706,0.0701,0.0706,11769.0
2025-05-14 16:35:00+09:00,0.0706,0.0714,0.0705,0.0708,563018.0
2025-05-14 16:40:00+09:00,0.0707,0.0708,0.0705,0.0708,21042.0
2025-05-14 16:45:00+09:00,0.0709,0.0709,0.0705,0.0707,5349.0
2025-05-14 16:50:00+09:00,0.0705,0.0707,0.0703,0.0705,128380.0
2025-05-14 16:55:00+09:00,0.0704,0.0705,0.0701,0.0703,145000.0
2025-05-14 17:00:00+09:00,0.0702,0.0703,0.0696,0.07,230962.0
2025-05-14 17:05:00+09:00,0.0701,0.0701,0.0695,0.0696,111995.0
2025-05-14 17:10:00+09:00,0.0694,0.0696,0.0693,0.0696,115249.0
2025-05-14 17:15:00+09:00,0.0696,0.0699,0.0695,0.0698,44037.0
2025-05-14 17:20:00+09:00,0.0699,0.0699,0.0698,0.0698,16896.0
2025-05-14 17:25:00+09:00,0.0697,0.0698,0.0696,0.0698,8539.0
2025-05-14 17:30:00+09:00,0.0697,0.0698,0.0696,0.0696,26316.0
2025-05-14 17:35:00+09:00,0.0695,0.0699,0.0695,0.0698,50719.0
2025-05-14 17:40:00+09:00,0.0699,0.0701,0.0699,0.0701,18971.0
2025-05-14 17:45:00+09:00,0.0701,0.0701,0.0695,0.0695,28641.0
2025-05-14 17:50:00+09:00,0.0694,0.0694,0.0681,0.0684,388244.0
2025-05-14 17:55:00+09:00,0.0685,0.0686,0.0674,0.0676,278121.0
2025-05-14 18:00:00+09:00,0.0677,0.0684,0.0677,0.0682,136126.0
2025-05-14 18:05:00+09:00,0.068,0.0686,0.0678,0.0685,143116.0
2025-05-14 18:10:00+09:00,0.0683,0.0686,0.0681,0.0686,46179.0
2025-05-14 18:15:00+09:00,0.0684,0.0686,0.0684,0.0684,5315.0
2025-05-14 18:20:00+09:00,0.0683,0.0685,0.0681,0.0685,23305.0
2025-05-14 18:25:00+09:00,0.0685,0.0688,0.0684,0.0687,107552.0
2025-05-14 18:30:00+09:00,0.0689,0.0689,0.0686,0.0687,18803.0
2025-05-14 18:35:00+09:00,0.0687,0.0688,0.0685,0.0685,9765.0
2025-05-14 18:40:00+09:00,0.0685,0.0687,0.0685,0.0686,7497.0
2025-05-14 18:45:00+09:00,0.0686,0.0688,0.0686,0.0687,19013.0
2025-05-14 18:50:00+09:00,0.0686,0.0686,0.0684,0.0686,13311.0
2025-05-14 18:55:00+09:00,0.0683,0.0686,0.0683,0.0686,2002.0
2025-05-14 19:00:00+09:00,0.0686,0.0687,0.0686,0.0687,8542.0
2025-05-14 19:05:00+09:00,0.0687,0.069,0.0686,0.0689,37555.0
2025-05-14 19:10:00+09:00,0.069,0.069,0.0688,0.069,9428.0
2025-05-14 19:15:00+09:00,0.069,0.0691,0.0689,0.069,24110.0
2025-05-14 19:20:00+09:00,0.069,0.0694,0.069,0.0692,41096.0
2025-05-14 19:25:00+09:00,0.0694,0.0696,0.0693,0.0694,56805.0
2025-05-14 19:30:00+09:00,0.0694,0.0694,0.0691,0.0693,23414.0
2025-05-14 19:35:00+09:00,0.0694,0.0696,0.0693,0.0693,101509.0
2025-05-14 19:40:00+09:00,0.0693,0.0695,0.0693,0.0694,12010.0
2025-05-14 19:45:00+09:00,0.0695,0.0695,0.0692,0.0692,23492.0
2025-05-14 19:50:00+09:00,0.0692,0.0693,0.0692,0.0693,59871.0
2025-05-14 19:55:00+09:00,0.0691,0.0691,0.0691,0.0691,4519.0
2025-05-14 20:00:00+09:00,0.069,0.0692,0.0689,0.0692,55960.0
2025-05-14 20:05:00+09:00,0.0692,0.0693,0.0691,0.0693,18398.0
2025-05-14 20:10:00+09:00,0.0694,0.0697,0.0694,0.0695,101102.0
2025-05-14 20:15:00+09:00,0.0695,0.0696,0.0694,0.0696,20985.0
2025-05-14 20:20:00+09:00,0.0696,0.0696,0.0694,0.0696,13656.0
2025-05-14 20:25:00+09:00,0.0696,0.0696,0.0695,0.0695,6074.0
2025-05-14 20:30:00+09:00,0.0694,0.0697,0.0694,0.0695,24029.0
2025-05-14 20:35:00+09:00,0.0694,0.0696,0.0693,0.0696,16480.0
2025-05-14 20:40:00+09:00,0.0697,0.0699,0.0696,0.0696,56716.0
2025-05-14 20:45:00+09:00,0.0697,0.0697,0.0695,0.0695,26960.0
2025-05-14 20:50:00+09:00,0.0696,0.0696,0.0694,0.0694,52989.0
2025-05-14 20:55:00+09:00,0.0693,0.0694,0.0692,0.0692,17952.0
2025-05-14 21:00:00+09:00,0.0691,0.0691,0.069,0.0691,17997.0
2025-05-14 21:05:00+09:00,0.0693,0.0694,0.069,0.0694,116777.0
2025-05-14 21:10:00+09:00,0.0694,0.0696,0.0694,0.0694,18814.0
2025-05-14 21:15:00+09:00,0.0696,0.0697,0.0692,0.0694,73378.0
2025-05-14 21:20:00+09:00,0.0695,0.0697,0.0695,0.0695,30240.0
2025-05-14 21:25:00+09:00,0.0695,0.0695,0.0692,0.0692,77580.0
2025-05-14 21:30:00+09:00,0.0693,0.0693,0.069,0.0692,17863.0
2025-05-14 21:35:00+09:00,0.069,0.0691,0.0688,0.0688,14205.0
2025-05-14 21:40:00+09:00,0.0689,0.0691,0.0689,0.069,26413.0
2025-05-14 21:45:00+09:00,0.069,0.0691,0.0685,0.0685,81197.0
2025-05-14 21:50:00+09:00,0.0686,0.0687,0.0686,0.0686,21763.0
2025-05-14 21:55:00+09:00,0.0685,0.0686,0.0683,0.0686,44873.0
2025-05-14 22:00:00+09:00,0.0685,0.0685,0.0678,0.0679,266380.0
2025-05-14 22:05:00+09:00,0.068,0.0682,0.0677,0.0682,21426.0
2025-05-14 22:10:00+09:00,0.0682,0.0686,0.0679,0.0682,171949.0
2025-05-14 22:15:00+09:00,0.0683,0.0684,0.068,0.0683,17746.0
2025-05-14 22:20:00+09:00,0.0682,0.0683,0.0679,0.0683,15198.0
2025-05-14 22:25:00+09:00,0.0681,0.0682,0.068,0.068,2411.0
2025-05-14 22:30:00+09:00,0.0682,0.0688,0.0681,0.0686,40449.0
2025-05-14 22:35:00+09:00,0.0684,0.0686,0.0679,0.0683,34164.0
2025-05-14 22:40:00+09:00,0.0683,0.0685,0.0674,0.0675,73869.0
2025-05-14 22:45:00+09:00,0.0676,0.0677,0.0672,0.0677,143003.0
2025-05-14 22:50:00+09:00,0.0675,0.0681,0.0675,0.068,15373.0
2025-05-14 22:55:00+09:00,0.0679,0.0683,0.0679,0.0683,113045.0
2025-05-14 23:00:00+09:00,0.0683,0.0687,0.0682,0.0687,166527.0
2025-05-14 23:05:00+09:00,0.0687,0.0688,0.0681,0.0685,52295.0
2025-05-14 23:10:00+09:00,0.0686,0.0686,0.0679,0.0681,80969.0
2025-05-14 23:15:00+09:00,0.0679,0.068,0.0676,0.0678,37818.0
2025-05-14 23:20:00+09:00,0.0676,0.0681,0.0676,0.068,51395.0
2025-05-14 23:25:00+09:00,0.068,0.068,0.0677,0.0679,148145.0
2025-05-14 23:30:00+09:00,0.0678,0.0681,0.0678,0.068,13744.0
2025-05-14 23:35:00+09:00,0.0679,0.0683,0.0679,0.0683,29383.0
2025-05-14 23:40:00+09:00,0.0683,0.0687,0.0682,0.0685,38311.0
2025-05-14 23:45:00+09:00,0.0685,0.0685,0.068,0.0681,70445.0
2025-05-14 23:50:00+09:00,0.068,0.0683,0.068,0.0682,5461.0
2025-05-14 23:55:00+09:00,0.0682,0.0683,0.068,0.0681,62624.0
2025-05-15 00:00:00+09:00,0.0681,0.0681,0.0676,0.0677,40563.0
2025-05-15 00:05:00+09:00,0.0676,0.0679,0.0675,0.0679,27460.0
2025-05-15 00:10:00+09:00,0.0679,0.0682,0.0679,0.0681,61793.0
2025-05-15 00:15:00+09:00,0.0681,0.0683,0.0681,0.0681,50417.0
2025-05-15 00:20:00+09:00,0.068,0.068,0.0675,0.0677,80026.0
2025-05-15 00:25:00+09:00,0.0676,0.0681,0.0676,0.0681,87429.0
2025-05-15 00:30:00+09:00,0.0679,0.0683,0.0678,0.0683,74944.0
2025-05-15 00:35:00+09:00,0.0682,0.0684,0.068,0.0684,18103.0
2025-05-15 00:40:00+09:00,0.0682,0.0684,0.0681,0.0682,26716.0
2025-05-15 00:45:00+09:00,0.068,0.0681,0.0678,0.0679,23618.0
2025-05-15 00:50:00+09:00,0.0678,0.0681,0.0678,0.0681,10379.0
2025-05-15 00:55:00+09:00,0.0681,0.0681,0.068,0.0681,25214.0
2025-05-15 01:00:00+09:00,0.0681,0.0687,0.068,0.0684,49311.0
2025-05-15 01:05:00+09:00,0.0684,0.0684,0.0681,0.0681,41996.0
2025-05-15 01:10:00+09:00,0.0682,0.0685,0.0682,0.0682,26784.0
2025-05-15 01:15:00+09:00,0.0683,0.0683,0.0679,0.068,49168.0
2025-05-15 01:20:00+09:00,0.0681,0.0681,0.0678,0.0678,20278.0
2025-05-15 01:25:00+09:00,0.068,0.0681,0.0679,0.0679,15820.0
2025-05-15 01:30:00+09:00,0.0679,0.0681,0.0677,0.068,52522.0
2025-05-15 01:35:00+09:00,0.068,0.0681,0.0676,0.0677,28810.0
2025-05-15 01:40:00+09:00,0.0678,0.0679,0.0677,0.0677,54349.0
2025-05-15 01:45:00+09:00,0.0678,0.0679,0.067,0.067,135390.0
2025-05-15 01:50:00+09:00,0.0671,0.0674,0.0668,0.0674,72490.0
2025-05-15 01:55:00+09:00,0.0674,0.0674,0.0672,0.0674,28327.0
2025-05-15 02:00:00+09:00,0.0675,0.0677,0.0674,0.0675,62519.0
2025-05-15 02:05:00+09:00,0.0673,0.0674,0.0671,0.0674,55026.0
2025-05-15 02:10:00+09:00,0.0675,0.0678,0.0673,0.0674,115110.0
2025-05-15 02:15:00+09:00,0.0675,0.0675,0.0672,0.0672,23394.0
