timestamp,open,high,low,close,volume
2025-04-10 09:00:00+09:00,0.02506,0.02518,0.02504,0.02514,1207465.0
2025-04-10 09:05:00+09:00,0.02514,0.02516,0.02508,0.02509,724266.0
2025-04-10 09:10:00+09:00,0.0251,0.02521,0.0251,0.02516,1027310.0
2025-04-10 09:15:00+09:00,0.02517,0.02525,0.02511,0.02514,966550.0
2025-04-10 09:20:00+09:00,0.02515,0.02516,0.02506,0.02511,423913.0
2025-04-10 09:25:00+09:00,0.02511,0.02512,0.02496,0.02496,785462.0
2025-04-10 09:30:00+09:00,0.02497,0.02501,0.0249,0.02495,1029946.0
2025-04-10 09:35:00+09:00,0.02496,0.02497,0.02479,0.0248,2099545.0
2025-04-10 09:40:00+09:00,0.02481,0.02484,0.0247,0.02478,2116705.0
2025-04-10 09:45:00+09:00,0.02478,0.02488,0.02474,0.02476,1083999.0
2025-04-10 09:50:00+09:00,0.02476,0.02482,0.02472,0.02475,768966.0
2025-04-10 09:55:00+09:00,0.02476,0.02485,0.02467,0.02485,2860969.0
2025-04-10 10:00:00+09:00,0.02485,0.02492,0.02481,0.02484,1159948.0
2025-04-10 10:05:00+09:00,0.02484,0.0249,0.02481,0.02486,1074566.0
2025-04-10 10:10:00+09:00,0.02486,0.0249,0.0248,0.02481,819846.0
2025-04-10 10:15:00+09:00,0.02483,0.02484,0.02476,0.02478,576445.0
2025-04-10 10:20:00+09:00,0.02478,0.0248,0.02464,0.02465,584477.0
2025-04-10 10:25:00+09:00,0.02466,0.0247,0.02466,0.02468,358045.0
2025-04-10 10:30:00+09:00,0.02468,0.02469,0.02455,0.02455,708831.0
2025-04-10 10:35:00+09:00,0.02456,0.02471,0.02455,0.02466,1337367.0
2025-04-10 10:40:00+09:00,0.02466,0.0247,0.02461,0.02465,531656.0
2025-04-10 10:45:00+09:00,0.02464,0.02472,0.02464,0.02471,426428.0
2025-04-10 10:50:00+09:00,0.0247,0.02473,0.02468,0.0247,304617.0
2025-04-10 10:55:00+09:00,0.02469,0.02472,0.02466,0.02469,417851.0
2025-04-10 11:00:00+09:00,0.02468,0.02471,0.02463,0.02466,649018.0
2025-04-10 11:05:00+09:00,0.02465,0.02465,0.02456,0.02463,1272348.0
2025-04-10 11:10:00+09:00,0.02462,0.02466,0.0246,0.02466,637698.0
2025-04-10 11:15:00+09:00,0.02466,0.02468,0.02462,0.02465,550168.0
2025-04-10 11:20:00+09:00,0.02466,0.02473,0.02461,0.02472,636435.0
2025-04-10 11:25:00+09:00,0.02472,0.02475,0.0247,0.02475,209665.0
2025-04-10 11:30:00+09:00,0.02476,0.02483,0.02469,0.0248,1579287.0
2025-04-10 11:35:00+09:00,0.02479,0.02481,0.02467,0.02479,1384032.0
2025-04-10 11:40:00+09:00,0.02478,0.02479,0.0247,0.02472,232984.0
2025-04-10 11:45:00+09:00,0.02473,0.02475,0.02466,0.02469,483664.0
2025-04-10 11:50:00+09:00,0.02469,0.0247,0.02461,0.02463,285926.0
2025-04-10 11:55:00+09:00,0.02463,0.02469,0.02463,0.02467,687694.0
2025-04-10 12:00:00+09:00,0.02467,0.02469,0.02456,0.02458,1085271.0
2025-04-10 12:05:00+09:00,0.02457,0.02462,0.02451,0.02453,1264378.0
2025-04-10 12:10:00+09:00,0.02453,0.02453,0.02432,0.02433,2399953.0
2025-04-10 12:15:00+09:00,0.02433,0.02439,0.02413,0.02416,5584326.0
2025-04-10 12:20:00+09:00,0.02416,0.02423,0.02409,0.02414,2373189.0
2025-04-10 12:25:00+09:00,0.02414,0.02418,0.02408,0.02415,1641007.0
2025-04-10 12:30:00+09:00,0.02415,0.02418,0.02403,0.02412,1102275.0
2025-04-10 12:35:00+09:00,0.02412,0.02429,0.02409,0.02429,907310.0
2025-04-10 12:40:00+09:00,0.02429,0.02433,0.02426,0.0243,1203041.0
2025-04-10 12:45:00+09:00,0.0243,0.02433,0.02424,0.02424,735664.0
2025-04-10 12:50:00+09:00,0.02426,0.0243,0.02424,0.02427,338368.0
2025-04-10 12:55:00+09:00,0.02426,0.02435,0.02426,0.02433,471279.0
2025-04-10 13:00:00+09:00,0.02434,0.02436,0.02424,0.02427,874741.0
2025-04-10 13:05:00+09:00,0.02427,0.02435,0.02419,0.02423,1000097.0
2025-04-10 13:10:00+09:00,0.02422,0.02428,0.02419,0.02424,720281.0
2025-04-10 13:15:00+09:00,0.02424,0.02435,0.02424,0.02433,1511884.0
2025-04-10 13:20:00+09:00,0.02434,0.02434,0.02424,0.02425,1043469.0
2025-04-10 13:25:00+09:00,0.02426,0.02426,0.02414,0.02416,1330519.0
2025-04-10 13:30:00+09:00,0.02416,0.0242,0.02401,0.02403,1961065.0
2025-04-10 13:35:00+09:00,0.02404,0.02409,0.02397,0.02408,1571248.0
2025-04-10 13:40:00+09:00,0.02408,0.02419,0.02406,0.02418,966987.0
2025-04-10 13:45:00+09:00,0.02418,0.02429,0.02415,0.02428,713628.0
2025-04-10 13:50:00+09:00,0.02428,0.02431,0.02423,0.02427,1372700.0
2025-04-10 13:55:00+09:00,0.02426,0.02433,0.02425,0.02431,995170.0
2025-04-10 14:00:00+09:00,0.02431,0.02433,0.02424,0.02424,400659.0
2025-04-10 14:05:00+09:00,0.02424,0.02439,0.02423,0.02434,1101949.0
2025-04-10 14:10:00+09:00,0.02434,0.02438,0.0243,0.02435,390681.0
2025-04-10 14:15:00+09:00,0.02435,0.02441,0.02435,0.02435,685185.0
2025-04-10 14:20:00+09:00,0.02436,0.02442,0.02432,0.02441,491983.0
2025-04-10 14:25:00+09:00,0.02439,0.02442,0.02437,0.02441,384865.0
2025-04-10 14:30:00+09:00,0.0244,0.02442,0.02437,0.02437,453168.0
2025-04-10 14:35:00+09:00,0.02437,0.0244,0.02427,0.02437,2283378.0
2025-04-10 14:40:00+09:00,0.02437,0.02439,0.02435,0.02438,505370.0
2025-04-10 14:45:00+09:00,0.02437,0.02438,0.02423,0.02425,1171114.0
2025-04-10 14:50:00+09:00,0.02427,0.02427,0.02424,0.02427,344699.0
2025-04-10 14:55:00+09:00,0.02427,0.02433,0.02426,0.02428,1011918.0
2025-04-10 15:00:00+09:00,0.02428,0.0244,0.02427,0.02435,2119488.0
2025-04-10 15:05:00+09:00,0.02433,0.02447,0.02433,0.02446,629323.0
2025-04-10 15:10:00+09:00,0.02446,0.02451,0.02442,0.02443,743348.0
2025-04-10 15:15:00+09:00,0.02442,0.02445,0.02441,0.02444,237993.0
2025-04-10 15:20:00+09:00,0.02444,0.02446,0.02439,0.02444,450109.0
2025-04-10 15:25:00+09:00,0.02443,0.02444,0.02437,0.02439,330649.0
2025-04-10 15:30:00+09:00,0.0244,0.02441,0.02435,0.02436,529454.0
2025-04-10 15:35:00+09:00,0.02435,0.02437,0.0243,0.02431,664060.0
2025-04-10 15:40:00+09:00,0.02431,0.02431,0.02424,0.02425,388397.0
2025-04-10 15:45:00+09:00,0.02425,0.02435,0.02423,0.02432,580176.0
2025-04-10 15:50:00+09:00,0.02431,0.02443,0.02431,0.02443,787586.0
2025-04-10 15:55:00+09:00,0.02441,0.02443,0.02436,0.02436,327851.0
2025-04-10 16:00:00+09:00,0.02437,0.02445,0.02436,0.02444,738170.0
2025-04-10 16:05:00+09:00,0.02443,0.02443,0.02429,0.0243,293384.0
2025-04-10 16:10:00+09:00,0.02431,0.02442,0.02425,0.02435,1460700.0
2025-04-10 16:15:00+09:00,0.02436,0.02439,0.02431,0.02434,236448.0
2025-04-10 16:20:00+09:00,0.02434,0.02439,0.02432,0.02438,121993.0
2025-04-10 16:25:00+09:00,0.02438,0.0244,0.02429,0.02429,255004.0
2025-04-10 16:30:00+09:00,0.02428,0.02428,0.02395,0.024,3613141.0
2025-04-10 16:35:00+09:00,0.024,0.02405,0.0239,0.02401,1300076.0
2025-04-10 16:40:00+09:00,0.02401,0.02409,0.02397,0.02401,1455935.0
2025-04-10 16:45:00+09:00,0.024,0.02414,0.02399,0.02414,847976.0
2025-04-10 16:50:00+09:00,0.02414,0.02415,0.02409,0.02413,287436.0
2025-04-10 16:55:00+09:00,0.02413,0.02413,0.02408,0.02413,179178.0
2025-04-10 17:00:00+09:00,0.02412,0.02417,0.02403,0.02403,1012831.0
2025-04-10 17:05:00+09:00,0.02403,0.02416,0.02401,0.02414,816095.0
2025-04-10 17:10:00+09:00,0.02414,0.02419,0.02414,0.02415,522831.0
2025-04-10 17:15:00+09:00,0.02415,0.0242,0.02403,0.02405,725969.0
2025-04-10 17:20:00+09:00,0.02407,0.0241,0.02403,0.02405,618771.0
2025-04-10 17:25:00+09:00,0.02405,0.0241,0.02404,0.02409,442407.0
2025-04-10 17:30:00+09:00,0.02408,0.0241,0.0239,0.02397,533000.0
2025-04-10 17:35:00+09:00,0.02397,0.02399,0.02391,0.02393,615161.0
2025-04-10 17:40:00+09:00,0.02394,0.02404,0.02393,0.02402,454583.0
2025-04-10 17:45:00+09:00,0.02403,0.02409,0.02402,0.02406,574026.0
2025-04-10 17:50:00+09:00,0.02406,0.02408,0.02397,0.02397,592572.0
2025-04-10 17:55:00+09:00,0.02397,0.02402,0.02397,0.02402,339532.0
2025-04-10 18:00:00+09:00,0.02402,0.02408,0.0239,0.02392,1515098.0
2025-04-10 18:05:00+09:00,0.02393,0.02395,0.02387,0.02388,820797.0
2025-04-10 18:10:00+09:00,0.02389,0.02399,0.02385,0.02399,2328149.0
2025-04-10 18:15:00+09:00,0.024,0.02413,0.024,0.02413,526231.0
2025-04-10 18:20:00+09:00,0.02413,0.02414,0.02406,0.02406,945971.0
2025-04-10 18:25:00+09:00,0.02405,0.02408,0.02402,0.02408,660127.0
2025-04-10 18:30:00+09:00,0.02408,0.02419,0.02405,0.02416,1217239.0
2025-04-10 18:35:00+09:00,0.02416,0.02416,0.02407,0.02408,678877.0
2025-04-10 18:40:00+09:00,0.02408,0.02408,0.02399,0.024,523187.0
2025-04-10 18:45:00+09:00,0.024,0.02403,0.02399,0.02402,539048.0
2025-04-10 18:50:00+09:00,0.02402,0.02409,0.02402,0.02408,231976.0
2025-04-10 18:55:00+09:00,0.02409,0.02413,0.02408,0.02411,404916.0
2025-04-10 19:00:00+09:00,0.0241,0.02412,0.02405,0.02412,799123.0
2025-04-10 19:05:00+09:00,0.02411,0.02411,0.02402,0.02403,300509.0
2025-04-10 19:10:00+09:00,0.02402,0.02403,0.02398,0.02398,505233.0
2025-04-10 19:15:00+09:00,0.024,0.02403,0.02392,0.02395,992399.0
2025-04-10 19:20:00+09:00,0.02395,0.02395,0.02386,0.02393,1887078.0
2025-04-10 19:25:00+09:00,0.02392,0.02392,0.02387,0.02388,1037906.0
2025-04-10 19:30:00+09:00,0.02388,0.02393,0.0238,0.02382,1486357.0
2025-04-10 19:35:00+09:00,0.02382,0.02385,0.02378,0.02383,608346.0
2025-04-10 19:40:00+09:00,0.02382,0.02382,0.02375,0.02378,710575.0
2025-04-10 19:45:00+09:00,0.02377,0.0238,0.02374,0.02377,659188.0
2025-04-10 19:50:00+09:00,0.02378,0.02381,0.02375,0.02377,627384.0
2025-04-10 19:55:00+09:00,0.02377,0.02387,0.02377,0.02384,1278283.0
2025-04-10 20:00:00+09:00,0.02384,0.02387,0.02374,0.02376,532406.0
2025-04-10 20:05:00+09:00,0.02377,0.02379,0.02373,0.02374,401085.0
2025-04-10 20:10:00+09:00,0.02375,0.02376,0.02354,0.02357,1795985.0
2025-04-10 20:15:00+09:00,0.02357,0.02361,0.0235,0.02357,1693748.0
2025-04-10 20:20:00+09:00,0.02358,0.02364,0.02358,0.02361,874656.0
2025-04-10 20:25:00+09:00,0.02361,0.02364,0.02354,0.02354,424626.0
2025-04-10 20:30:00+09:00,0.02356,0.02367,0.02355,0.02359,747158.0
2025-04-10 20:35:00+09:00,0.02359,0.02372,0.02359,0.02367,1258324.0
2025-04-10 20:40:00+09:00,0.02367,0.02369,0.02363,0.02367,517948.0
2025-04-10 20:45:00+09:00,0.02366,0.02369,0.02364,0.02365,212325.0
2025-04-10 20:50:00+09:00,0.02365,0.02378,0.02365,0.02371,1229832.0
2025-04-10 20:55:00+09:00,0.02371,0.02381,0.02371,0.02376,367224.0
2025-04-10 21:00:00+09:00,0.02375,0.02408,0.02371,0.02386,3643356.0
2025-04-10 21:05:00+09:00,0.02385,0.02391,0.02373,0.02378,2241163.0
2025-04-10 21:10:00+09:00,0.02378,0.02389,0.02372,0.02387,1483499.0
2025-04-10 21:15:00+09:00,0.02386,0.02395,0.0238,0.02393,1141012.0
2025-04-10 21:20:00+09:00,0.02393,0.02398,0.02388,0.02392,933254.0
2025-04-10 21:25:00+09:00,0.02392,0.0244,0.02391,0.02422,3977638.0
2025-04-10 21:30:00+09:00,0.02423,0.02437,0.0241,0.02417,6251070.0
2025-04-10 21:35:00+09:00,0.02417,0.02421,0.02405,0.02413,3828260.0
2025-04-10 21:40:00+09:00,0.02414,0.02414,0.024,0.02404,1272141.0
2025-04-10 21:45:00+09:00,0.02403,0.02404,0.02387,0.02387,1744962.0
2025-04-10 21:50:00+09:00,0.02388,0.02388,0.02371,0.02383,2450482.0
2025-04-10 21:55:00+09:00,0.02384,0.02387,0.02378,0.0238,776824.0
2025-04-10 22:00:00+09:00,0.02381,0.02383,0.0237,0.02374,2043122.0
2025-04-10 22:05:00+09:00,0.02373,0.02376,0.02363,0.02374,4047537.0
2025-04-10 22:10:00+09:00,0.02372,0.02384,0.02372,0.02376,1037741.0
2025-04-10 22:15:00+09:00,0.02376,0.02389,0.02369,0.02388,1278760.0
2025-04-10 22:20:00+09:00,0.02387,0.02392,0.02384,0.02386,1289176.0
2025-04-10 22:25:00+09:00,0.02386,0.02389,0.02375,0.02379,934354.0
2025-04-10 22:30:00+09:00,0.02379,0.02387,0.02353,0.02363,3317330.0
2025-04-10 22:35:00+09:00,0.02364,0.0237,0.02343,0.02352,2755398.0
2025-04-10 22:40:00+09:00,0.02353,0.02353,0.02338,0.0234,1268807.0
2025-04-10 22:45:00+09:00,0.02341,0.02363,0.02338,0.02362,1967593.0
2025-04-10 22:50:00+09:00,0.0236,0.02373,0.02358,0.02362,1125342.0
2025-04-10 22:55:00+09:00,0.02362,0.02363,0.02354,0.02356,1034223.0
2025-04-10 23:00:00+09:00,0.02355,0.02361,0.02342,0.02357,1965535.0
2025-04-10 23:05:00+09:00,0.02356,0.02361,0.02347,0.02353,826335.0
2025-04-10 23:10:00+09:00,0.02353,0.02359,0.02346,0.02356,737247.0
2025-04-10 23:15:00+09:00,0.02356,0.02366,0.02356,0.02364,838463.0
2025-04-10 23:20:00+09:00,0.02365,0.0238,0.02365,0.02378,1080642.0
2025-04-10 23:25:00+09:00,0.02379,0.02383,0.02374,0.02376,514150.0
2025-04-10 23:30:00+09:00,0.02378,0.02389,0.02375,0.02388,378510.0
2025-04-10 23:35:00+09:00,0.02387,0.02399,0.02385,0.02388,673042.0
2025-04-10 23:40:00+09:00,0.02388,0.02396,0.02388,0.02393,788410.0
2025-04-10 23:45:00+09:00,0.02393,0.02393,0.02382,0.02383,741670.0
2025-04-10 23:50:00+09:00,0.02383,0.02389,0.02381,0.02386,724105.0
2025-04-10 23:55:00+09:00,0.02387,0.02389,0.02374,0.02376,882755.0
2025-04-11 00:00:00+09:00,0.02377,0.02386,0.0237,0.02371,1058770.0
2025-04-11 00:05:00+09:00,0.0237,0.02375,0.02366,0.02373,1156871.0
2025-04-11 00:10:00+09:00,0.02373,0.02375,0.02359,0.0236,817506.0
2025-04-11 00:15:00+09:00,0.0236,0.0236,0.02342,0.02349,1995177.0
2025-04-11 00:20:00+09:00,0.0235,0.0235,0.0234,0.02341,1485295.0
2025-04-11 00:25:00+09:00,0.02341,0.02342,0.02323,0.02325,5161166.0
2025-04-11 00:30:00+09:00,0.02326,0.0233,0.02301,0.02309,2112299.0
2025-04-11 00:35:00+09:00,0.02307,0.02309,0.02276,0.02279,3557632.0
2025-04-11 00:40:00+09:00,0.02281,0.02293,0.02271,0.02282,2785518.0
2025-04-11 00:45:00+09:00,0.02282,0.02283,0.02264,0.02265,2133725.0
2025-04-11 00:50:00+09:00,0.02265,0.02285,0.02261,0.02284,4731404.0
2025-04-11 00:55:00+09:00,0.02285,0.02287,0.0226,0.02266,1732914.0
2025-04-11 01:00:00+09:00,0.02267,0.02286,0.02252,0.02271,5928650.0
2025-04-11 01:05:00+09:00,0.02269,0.02305,0.02263,0.02301,2805628.0
2025-04-11 01:10:00+09:00,0.023,0.02313,0.02295,0.02299,3815984.0
2025-04-11 01:15:00+09:00,0.02299,0.02301,0.02286,0.02295,1767187.0
2025-04-11 01:20:00+09:00,0.02293,0.02294,0.02269,0.02293,2106885.0
2025-04-11 01:25:00+09:00,0.02295,0.02295,0.0228,0.02284,1193376.0
2025-04-11 01:30:00+09:00,0.02285,0.02307,0.02285,0.02304,2621561.0
2025-04-11 01:35:00+09:00,0.02303,0.02303,0.02288,0.02294,2018953.0
2025-04-11 01:40:00+09:00,0.02292,0.02295,0.02277,0.02283,2287438.0
2025-04-11 01:45:00+09:00,0.02284,0.02295,0.02271,0.02293,1457574.0
2025-04-11 01:50:00+09:00,0.02292,0.02297,0.02286,0.02287,1212352.0
2025-04-11 01:55:00+09:00,0.02287,0.02293,0.02284,0.02293,604830.0
2025-04-11 02:00:00+09:00,0.02293,0.02325,0.02291,0.0231,8201360.0
2025-04-11 02:05:00+09:00,0.02309,0.02309,0.02297,0.023,1530887.0
2025-04-11 02:10:00+09:00,0.02299,0.02301,0.02292,0.023,1857922.0
2025-04-11 02:15:00+09:00,0.023,0.0231,0.02295,0.02307,858176.0
2025-04-11 02:20:00+09:00,0.02308,0.02316,0.02298,0.02314,1267445.0
2025-04-11 02:25:00+09:00,0.02315,0.0233,0.02314,0.02318,1448222.0
2025-04-11 02:30:00+09:00,0.02315,0.02321,0.02303,0.02303,876612.0
2025-04-11 02:35:00+09:00,0.02302,0.02316,0.02301,0.02303,1214359.0
2025-04-11 02:40:00+09:00,0.02302,0.02313,0.023,0.02311,726023.0
2025-04-11 02:45:00+09:00,0.02311,0.02317,0.02309,0.02314,3396993.0
2025-04-11 02:50:00+09:00,0.02314,0.02321,0.02308,0.0232,948896.0
2025-04-11 02:55:00+09:00,0.02319,0.02331,0.02319,0.02325,883717.0
2025-04-11 03:00:00+09:00,0.02323,0.02335,0.02323,0.02325,1554257.0
2025-04-11 03:05:00+09:00,0.02324,0.0233,0.02306,0.02308,1657622.0
2025-04-11 03:10:00+09:00,0.02308,0.02313,0.02304,0.02308,843310.0
2025-04-11 03:15:00+09:00,0.02307,0.02317,0.02304,0.02312,1539896.0
2025-04-11 03:20:00+09:00,0.02314,0.02322,0.02314,0.02318,275828.0
2025-04-11 03:25:00+09:00,0.02317,0.02325,0.02315,0.02324,776388.0
2025-04-11 03:30:00+09:00,0.02323,0.02333,0.02319,0.02321,1088618.0
2025-04-11 03:35:00+09:00,0.02321,0.02326,0.02317,0.02324,772507.0
2025-04-11 03:40:00+09:00,0.02325,0.02331,0.02323,0.02329,418822.0
2025-04-11 03:45:00+09:00,0.02328,0.02329,0.02318,0.02322,784649.0
2025-04-11 03:50:00+09:00,0.02322,0.02329,0.02316,0.02322,8162473.0
2025-04-11 03:55:00+09:00,0.02322,0.02334,0.02319,0.0233,410039.0
2025-04-11 04:00:00+09:00,0.02331,0.02339,0.02328,0.02328,1777759.0
2025-04-11 04:05:00+09:00,0.02329,0.02333,0.02321,0.02321,478400.0
2025-04-11 04:10:00+09:00,0.02322,0.02325,0.02316,0.02319,1205842.0
2025-04-11 04:15:00+09:00,0.02319,0.02327,0.02316,0.02325,1062268.0
2025-04-11 04:20:00+09:00,0.02324,0.02325,0.02315,0.02316,526083.0
2025-04-11 04:25:00+09:00,0.02318,0.02332,0.02313,0.02315,2235056.0
2025-04-11 04:30:00+09:00,0.02315,0.02325,0.02315,0.02323,426018.0
2025-04-11 04:35:00+09:00,0.02323,0.02327,0.0232,0.02321,448154.0
2025-04-11 04:40:00+09:00,0.02322,0.02324,0.02314,0.02315,434330.0
2025-04-11 04:45:00+09:00,0.02317,0.02325,0.02317,0.02325,856857.0
2025-04-11 04:50:00+09:00,0.02323,0.02333,0.02323,0.02331,763989.0
2025-04-11 04:55:00+09:00,0.02331,0.02341,0.02323,0.02325,1057116.0
2025-04-11 05:00:00+09:00,0.02325,0.02328,0.02323,0.02326,1176574.0
2025-04-11 05:05:00+09:00,0.02324,0.02328,0.02324,0.02328,704949.0
2025-04-11 05:10:00+09:00,0.02329,0.02329,0.02324,0.02328,492439.0
2025-04-11 05:15:00+09:00,0.02328,0.0233,0.02324,0.02328,440135.0
2025-04-11 05:20:00+09:00,0.02328,0.02328,0.02323,0.02325,328789.0
2025-04-11 05:25:00+09:00,0.02325,0.02327,0.02324,0.02327,218092.0
2025-04-11 05:30:00+09:00,0.02326,0.02333,0.02326,0.02328,319271.0
2025-04-11 05:35:00+09:00,0.02328,0.02336,0.02328,0.02336,489758.0
2025-04-11 05:40:00+09:00,0.02336,0.02336,0.02332,0.02332,280381.0
2025-04-11 05:45:00+09:00,0.02333,0.02335,0.02328,0.02335,196751.0
2025-04-11 05:50:00+09:00,0.02335,0.02351,0.02335,0.02344,3347140.0
2025-04-11 05:55:00+09:00,0.02343,0.02346,0.02333,0.0234,839086.0
2025-04-11 06:00:00+09:00,0.02341,0.02346,0.0234,0.02343,746208.0
2025-04-11 06:05:00+09:00,0.02344,0.02351,0.02343,0.02351,581172.0
2025-04-11 06:10:00+09:00,0.02352,0.02352,0.02345,0.0235,634706.0
2025-04-11 06:15:00+09:00,0.0235,0.02352,0.02345,0.02346,291393.0
2025-04-11 06:20:00+09:00,0.02346,0.02346,0.02337,0.02339,449650.0
2025-04-11 06:25:00+09:00,0.02339,0.02346,0.02338,0.02346,302238.0
2025-04-11 06:30:00+09:00,0.02346,0.02353,0.02341,0.02342,695309.0
2025-04-11 06:35:00+09:00,0.02342,0.02352,0.02337,0.02352,331570.0
2025-04-11 06:40:00+09:00,0.02352,0.02353,0.02347,0.02349,285411.0
2025-04-11 06:45:00+09:00,0.02349,0.0235,0.02346,0.02346,161332.0
2025-04-11 06:50:00+09:00,0.02346,0.02346,0.02346,0.02346,40945.0
2025-04-11 06:55:00+09:00,0.02346,0.02346,0.02335,0.0234,487762.0
2025-04-11 07:00:00+09:00,0.0234,0.02345,0.0233,0.02343,783365.0
2025-04-11 07:05:00+09:00,0.02344,0.02348,0.02341,0.02347,313334.0
2025-04-11 07:10:00+09:00,0.02348,0.02354,0.02348,0.02349,487174.0
2025-04-11 07:15:00+09:00,0.02349,0.02358,0.02348,0.02352,496794.0
2025-04-11 07:20:00+09:00,0.02351,0.0236,0.0235,0.02357,296704.0
2025-04-11 07:25:00+09:00,0.02356,0.02357,0.02348,0.02351,761853.0
2025-04-11 07:30:00+09:00,0.02351,0.02358,0.02351,0.02353,651164.0
2025-04-11 07:35:00+09:00,0.02355,0.02356,0.02346,0.02347,690311.0
2025-04-11 07:40:00+09:00,0.02348,0.02349,0.02345,0.02346,317426.0
2025-04-11 07:45:00+09:00,0.02346,0.02347,0.02342,0.02345,400748.0
2025-04-11 07:50:00+09:00,0.02346,0.02346,0.02341,0.02342,99342.0
2025-04-11 07:55:00+09:00,0.02343,0.02343,0.0234,0.02341,98675.0
2025-04-11 08:00:00+09:00,0.0234,0.02346,0.02337,0.02346,398419.0
2025-04-11 08:05:00+09:00,0.02346,0.02347,0.0234,0.02346,130085.0
2025-04-11 08:10:00+09:00,0.02347,0.02347,0.0234,0.02343,168196.0
2025-04-11 08:15:00+09:00,0.02344,0.02347,0.02344,0.02346,136172.0
2025-04-11 08:20:00+09:00,0.02348,0.02353,0.02345,0.02345,539280.0
2025-04-11 08:25:00+09:00,0.02347,0.02347,0.02339,0.02345,199783.0
2025-04-11 08:30:00+09:00,0.02344,0.02351,0.02342,0.0235,298006.0
2025-04-11 08:35:00+09:00,0.0235,0.02353,0.02347,0.02351,232594.0
2025-04-11 08:40:00+09:00,0.02353,0.02357,0.02353,0.02356,337122.0
2025-04-11 08:45:00+09:00,0.02356,0.02361,0.02354,0.02359,381190.0
2025-04-11 08:50:00+09:00,0.02358,0.02359,0.02354,0.02355,311725.0
2025-04-11 08:55:00+09:00,0.02354,0.02355,0.02352,0.02353,303477.0
2025-04-11 09:00:00+09:00,0.02352,0.02355,0.02348,0.02353,760478.0
2025-04-11 09:05:00+09:00,0.02353,0.02359,0.02349,0.02359,949502.0
2025-04-11 09:10:00+09:00,0.0236,0.02367,0.0236,0.02365,692933.0
2025-04-11 09:15:00+09:00,0.02364,0.02365,0.02356,0.02358,253800.0
2025-04-11 09:20:00+09:00,0.02358,0.02362,0.02356,0.0236,270490.0
2025-04-11 09:25:00+09:00,0.02358,0.0236,0.02356,0.02356,177453.0
2025-04-11 09:30:00+09:00,0.02355,0.02362,0.02352,0.02361,306878.0
2025-04-11 09:35:00+09:00,0.02363,0.02367,0.02357,0.02362,678783.0
2025-04-11 09:40:00+09:00,0.02362,0.02367,0.02359,0.0236,601128.0
2025-04-11 09:45:00+09:00,0.0236,0.02361,0.0235,0.02351,1484748.0
2025-04-11 09:50:00+09:00,0.0235,0.02354,0.02344,0.02344,1709476.0
2025-04-11 09:55:00+09:00,0.02345,0.02346,0.02333,0.02335,1199912.0
2025-04-11 10:00:00+09:00,0.02336,0.02348,0.02335,0.02346,1327947.0
2025-04-11 10:05:00+09:00,0.02346,0.02358,0.02344,0.02356,1560249.0
2025-04-11 10:10:00+09:00,0.02356,0.02361,0.02355,0.02358,1360220.0
2025-04-11 10:15:00+09:00,0.02358,0.02368,0.02355,0.02366,1282020.0
2025-04-11 10:20:00+09:00,0.02365,0.0237,0.02362,0.02363,1132052.0
2025-04-11 10:25:00+09:00,0.02364,0.02365,0.02359,0.02359,426290.0
2025-04-11 10:30:00+09:00,0.02358,0.02384,0.02355,0.02377,2264978.0
2025-04-11 10:35:00+09:00,0.02376,0.02377,0.02368,0.0237,415683.0
2025-04-11 10:40:00+09:00,0.0237,0.0237,0.02362,0.02367,850564.0
2025-04-11 10:45:00+09:00,0.02366,0.02374,0.02361,0.02371,494480.0
2025-04-11 10:50:00+09:00,0.0237,0.02389,0.02369,0.02376,2421070.0
2025-04-11 10:55:00+09:00,0.02376,0.02387,0.02374,0.02386,740579.0
2025-04-11 11:00:00+09:00,0.02387,0.02388,0.02381,0.02381,716269.0
2025-04-11 11:05:00+09:00,0.02382,0.02388,0.02377,0.02386,468534.0
2025-04-11 11:10:00+09:00,0.02387,0.02389,0.02381,0.02387,461699.0
2025-04-11 11:15:00+09:00,0.02387,0.02388,0.02381,0.02387,747859.0
2025-04-11 11:20:00+09:00,0.02388,0.02405,0.02387,0.02404,1664420.0
2025-04-11 11:25:00+09:00,0.02403,0.02421,0.02403,0.02418,1186677.0
2025-04-11 11:30:00+09:00,0.02419,0.02425,0.02415,0.02418,1104035.0
2025-04-11 11:35:00+09:00,0.02419,0.02419,0.02407,0.02407,776008.0
2025-04-11 11:40:00+09:00,0.02406,0.02408,0.02397,0.024,974944.0
2025-04-11 11:45:00+09:00,0.02401,0.02408,0.02399,0.02404,820968.0
2025-04-11 11:50:00+09:00,0.02405,0.02406,0.024,0.024,221190.0
2025-04-11 11:55:00+09:00,0.024,0.02409,0.02399,0.02409,563471.0
2025-04-11 12:00:00+09:00,0.02407,0.02421,0.02407,0.02417,1820477.0
2025-04-11 12:05:00+09:00,0.02417,0.02424,0.02417,0.02422,886680.0
2025-04-11 12:10:00+09:00,0.02422,0.02425,0.02417,0.02418,987970.0
2025-04-11 12:15:00+09:00,0.02418,0.02425,0.02408,0.02424,645981.0
2025-04-11 12:20:00+09:00,0.02425,0.02432,0.02418,0.02428,676300.0
2025-04-11 12:25:00+09:00,0.02428,0.02433,0.02427,0.02432,953270.0
2025-04-11 12:30:00+09:00,0.02432,0.02432,0.02423,0.02423,827373.0
2025-04-11 12:35:00+09:00,0.02423,0.02425,0.02417,0.02422,819533.0
2025-04-11 12:40:00+09:00,0.0242,0.02451,0.0242,0.02441,4053750.0
2025-04-11 12:45:00+09:00,0.02441,0.02441,0.0243,0.02432,643836.0
2025-04-11 12:50:00+09:00,0.02432,0.02436,0.0243,0.02431,633108.0
2025-04-11 12:55:00+09:00,0.02431,0.02432,0.02426,0.0243,391591.0
2025-04-11 13:00:00+09:00,0.02429,0.02432,0.02422,0.02428,492447.0
2025-04-11 13:05:00+09:00,0.02427,0.02439,0.02427,0.02434,1160525.0
2025-04-11 13:10:00+09:00,0.02434,0.02456,0.02434,0.02453,784183.0
2025-04-11 13:15:00+09:00,0.02453,0.02456,0.02435,0.02435,703249.0
2025-04-11 13:20:00+09:00,0.02436,0.02437,0.02429,0.0243,446186.0
2025-04-11 13:25:00+09:00,0.02433,0.02435,0.02429,0.02433,519347.0
2025-04-11 13:30:00+09:00,0.02433,0.02435,0.02418,0.02421,2969431.0
2025-04-11 13:35:00+09:00,0.02419,0.02425,0.02413,0.02424,1087340.0
2025-04-11 13:40:00+09:00,0.02424,0.02424,0.02419,0.02421,1159754.0
2025-04-11 13:45:00+09:00,0.02422,0.02423,0.02418,0.02421,297275.0
2025-04-11 13:50:00+09:00,0.02422,0.02424,0.02416,0.02419,624937.0
2025-04-11 13:55:00+09:00,0.0242,0.02423,0.02417,0.02419,385098.0
2025-04-11 14:00:00+09:00,0.0242,0.02422,0.02414,0.02416,399977.0
2025-04-11 14:05:00+09:00,0.02416,0.02418,0.02412,0.02414,189500.0
2025-04-11 14:10:00+09:00,0.02415,0.02416,0.0241,0.0241,693220.0
2025-04-11 14:15:00+09:00,0.02412,0.02415,0.02408,0.0241,242438.0
2025-04-11 14:20:00+09:00,0.0241,0.02413,0.02407,0.02412,183083.0
2025-04-11 14:25:00+09:00,0.02412,0.0242,0.02412,0.0242,382451.0
2025-04-11 14:30:00+09:00,0.02421,0.02428,0.02415,0.02416,1631204.0
2025-04-11 14:35:00+09:00,0.02416,0.02436,0.02412,0.02425,7149967.0
2025-04-11 14:40:00+09:00,0.02424,0.02431,0.02423,0.02424,1466944.0
2025-04-11 14:45:00+09:00,0.02425,0.02426,0.0242,0.02423,780213.0
2025-04-11 14:50:00+09:00,0.02424,0.02431,0.02424,0.02429,361381.0
2025-04-11 14:55:00+09:00,0.02429,0.02435,0.02427,0.02434,390264.0
2025-04-11 15:00:00+09:00,0.02434,0.02444,0.0243,0.02444,2844724.0
2025-04-11 15:05:00+09:00,0.02442,0.02465,0.02442,0.02454,5425216.0
2025-04-11 15:10:00+09:00,0.02454,0.02466,0.02445,0.02448,5898056.0
2025-04-11 15:15:00+09:00,0.02448,0.0245,0.02441,0.02443,1089315.0
2025-04-11 15:20:00+09:00,0.02443,0.02453,0.02443,0.02449,1984298.0
2025-04-11 15:25:00+09:00,0.02448,0.02459,0.02445,0.02446,3084601.0
2025-04-11 15:30:00+09:00,0.02446,0.0245,0.02436,0.0245,2755380.0
2025-04-11 15:35:00+09:00,0.0245,0.02453,0.02447,0.02448,1397401.0
2025-04-11 15:40:00+09:00,0.02449,0.02455,0.02445,0.02455,534650.0
2025-04-11 15:45:00+09:00,0.02453,0.02464,0.02453,0.02456,1404724.0
2025-04-11 15:50:00+09:00,0.02453,0.02453,0.02442,0.02446,1572197.0
2025-04-11 15:55:00+09:00,0.02446,0.02447,0.02443,0.02445,728806.0
2025-04-11 16:00:00+09:00,0.02446,0.02447,0.02437,0.02437,569415.0
2025-04-11 16:05:00+09:00,0.02437,0.02438,0.0243,0.02438,1534140.0
2025-04-11 16:10:00+09:00,0.02438,0.02441,0.02437,0.02438,688696.0
2025-04-11 16:15:00+09:00,0.02438,0.0244,0.02429,0.02432,346678.0
2025-04-11 16:20:00+09:00,0.02432,0.02435,0.02431,0.02433,439580.0
2025-04-11 16:25:00+09:00,0.02434,0.02436,0.02427,0.02431,233327.0
2025-04-11 16:30:00+09:00,0.02431,0.02433,0.02428,0.02433,653931.0
2025-04-11 16:35:00+09:00,0.02434,0.02444,0.02432,0.02444,1243147.0
2025-04-11 16:40:00+09:00,0.02445,0.02451,0.02444,0.0245,1805921.0
2025-04-11 16:45:00+09:00,0.02448,0.02448,0.02442,0.02443,560204.0
2025-04-11 16:50:00+09:00,0.02442,0.02448,0.02442,0.02443,961493.0
2025-04-11 16:55:00+09:00,0.02444,0.02444,0.02436,0.02437,306442.0
2025-04-11 17:00:00+09:00,0.02438,0.02438,0.02423,0.02438,2858106.0
2025-04-11 17:05:00+09:00,0.02438,0.02461,0.02438,0.02443,2240896.0
2025-04-11 17:10:00+09:00,0.02444,0.02449,0.02437,0.02438,466244.0
2025-04-11 17:15:00+09:00,0.02438,0.02438,0.02425,0.02426,1335767.0
2025-04-11 17:20:00+09:00,0.02426,0.0243,0.02423,0.02428,2074881.0
2025-04-11 17:25:00+09:00,0.02428,0.02439,0.02428,0.02434,685139.0
2025-04-11 17:30:00+09:00,0.02435,0.02441,0.0243,0.0243,548251.0
2025-04-11 17:35:00+09:00,0.02431,0.02447,0.02429,0.02444,634482.0
2025-04-11 17:40:00+09:00,0.02444,0.02446,0.0244,0.02441,1306810.0
2025-04-11 17:45:00+09:00,0.02441,0.02444,0.02435,0.02438,742624.0
2025-04-11 17:50:00+09:00,0.02438,0.02471,0.02438,0.02456,5641370.0
2025-04-11 17:55:00+09:00,0.02456,0.02457,0.02445,0.02452,2872917.0
2025-04-11 18:00:00+09:00,0.02453,0.02455,0.02436,0.02441,1497821.0
2025-04-11 18:05:00+09:00,0.0244,0.02443,0.02433,0.02433,1359893.0
2025-04-11 18:10:00+09:00,0.02432,0.02434,0.02429,0.02431,791168.0
2025-04-11 18:15:00+09:00,0.02431,0.02435,0.02428,0.02429,684897.0
2025-04-11 18:20:00+09:00,0.02429,0.02441,0.02426,0.02437,969268.0
2025-04-11 18:25:00+09:00,0.02437,0.02455,0.02437,0.02452,1397934.0
2025-04-11 18:30:00+09:00,0.02453,0.02459,0.02448,0.02459,893422.0
2025-04-11 18:35:00+09:00,0.02457,0.02467,0.02454,0.0246,633643.0
2025-04-11 18:40:00+09:00,0.0246,0.02466,0.02459,0.02463,931071.0
2025-04-11 18:45:00+09:00,0.02463,0.0247,0.0246,0.02465,1631169.0
2025-04-11 18:50:00+09:00,0.02465,0.02473,0.02463,0.02472,714289.0
2025-04-11 18:55:00+09:00,0.02471,0.02482,0.02464,0.02478,4316223.0
2025-04-11 19:00:00+09:00,0.02478,0.02483,0.02465,0.02468,1603463.0
2025-04-11 19:05:00+09:00,0.02467,0.02477,0.02461,0.02462,2601928.0
2025-04-11 19:10:00+09:00,0.02462,0.02464,0.02452,0.02452,3840737.0
2025-04-11 19:15:00+09:00,0.02455,0.02466,0.02455,0.02466,1407151.0
2025-04-11 19:20:00+09:00,0.02467,0.02476,0.02463,0.02469,2300726.0
2025-04-11 19:25:00+09:00,0.02468,0.02474,0.02466,0.02474,889081.0
2025-04-11 19:30:00+09:00,0.02474,0.02501,0.02472,0.02491,3390733.0
2025-04-11 19:35:00+09:00,0.02491,0.02498,0.02481,0.02481,3163460.0
2025-04-11 19:40:00+09:00,0.02483,0.02484,0.02473,0.02478,2118682.0
2025-04-11 19:45:00+09:00,0.02479,0.02483,0.0247,0.0247,993923.0
2025-04-11 19:50:00+09:00,0.0247,0.02474,0.02464,0.02474,1336563.0
2025-04-11 19:55:00+09:00,0.02474,0.0248,0.02474,0.0248,766949.0
2025-04-11 20:00:00+09:00,0.02478,0.02478,0.02466,0.02471,738704.0
2025-04-11 20:05:00+09:00,0.02471,0.0248,0.02469,0.02478,683968.0
2025-04-11 20:10:00+09:00,0.02476,0.02479,0.02459,0.02461,3092602.0
2025-04-11 20:15:00+09:00,0.02461,0.02462,0.02453,0.02456,1313034.0
2025-04-11 20:20:00+09:00,0.02456,0.02461,0.02456,0.02457,712054.0
2025-04-11 20:25:00+09:00,0.02456,0.02457,0.02446,0.02452,2064285.0
2025-04-11 20:30:00+09:00,0.02451,0.02454,0.02443,0.02449,1552065.0
2025-04-11 20:35:00+09:00,0.02449,0.02453,0.02443,0.02447,1052550.0
2025-04-11 20:40:00+09:00,0.02447,0.02456,0.02446,0.02453,356119.0
2025-04-11 20:45:00+09:00,0.02455,0.02457,0.0245,0.02452,335776.0
2025-04-11 20:50:00+09:00,0.02453,0.02454,0.02451,0.02453,261135.0
2025-04-11 20:55:00+09:00,0.02452,0.02452,0.02446,0.0245,731681.0
2025-04-11 21:00:00+09:00,0.02451,0.02455,0.02444,0.02452,844147.0
2025-04-11 21:05:00+09:00,0.02452,0.02454,0.02442,0.02442,917585.0
2025-04-11 21:10:00+09:00,0.02442,0.02444,0.02437,0.02444,1227317.0
2025-04-11 21:15:00+09:00,0.02443,0.02449,0.02442,0.02448,1045432.0
2025-04-11 21:20:00+09:00,0.02447,0.02451,0.02444,0.02446,399837.0
2025-04-11 21:25:00+09:00,0.02446,0.02452,0.02444,0.02447,2137200.0
2025-04-11 21:30:00+09:00,0.02449,0.0248,0.02449,0.02461,3869650.0
2025-04-11 21:35:00+09:00,0.02462,0.02467,0.02453,0.02454,657989.0
2025-04-11 21:40:00+09:00,0.02454,0.02456,0.0245,0.02455,539649.0
2025-04-11 21:45:00+09:00,0.02455,0.02459,0.02446,0.02446,2253747.0
2025-04-11 21:50:00+09:00,0.02447,0.0245,0.02446,0.02448,534168.0
2025-04-11 21:55:00+09:00,0.02448,0.0245,0.02446,0.0245,1026417.0
2025-04-11 22:00:00+09:00,0.0245,0.02452,0.02441,0.02443,1207508.0
2025-04-11 22:05:00+09:00,0.02441,0.02455,0.02441,0.0245,1111461.0
2025-04-11 22:10:00+09:00,0.0245,0.02452,0.02446,0.02449,610867.0
2025-04-11 22:15:00+09:00,0.02448,0.0245,0.02444,0.02447,534107.0
2025-04-11 22:20:00+09:00,0.02447,0.02458,0.02447,0.02458,608106.0
2025-04-11 22:25:00+09:00,0.02457,0.02462,0.02456,0.02459,615845.0
2025-04-11 22:30:00+09:00,0.0246,0.02464,0.02442,0.02464,1360396.0
2025-04-11 22:35:00+09:00,0.02465,0.02494,0.02465,0.02489,3286457.0
2025-04-11 22:40:00+09:00,0.02488,0.02491,0.02478,0.02482,1745842.0
2025-04-11 22:45:00+09:00,0.02483,0.02492,0.02476,0.02488,1813170.0
2025-04-11 22:50:00+09:00,0.02487,0.02488,0.02472,0.02481,1110916.0
2025-04-11 22:55:00+09:00,0.0248,0.02483,0.02472,0.02482,882955.0
2025-04-11 23:00:00+09:00,0.02481,0.02481,0.02453,0.02465,5738946.0
2025-04-11 23:05:00+09:00,0.02465,0.02474,0.02461,0.02474,4844996.0
2025-04-11 23:10:00+09:00,0.02474,0.02488,0.02465,0.02476,2928252.0
2025-04-11 23:15:00+09:00,0.02477,0.0248,0.02472,0.02472,363680.0
2025-04-11 23:20:00+09:00,0.0247,0.02474,0.0245,0.02455,1958375.0
2025-04-11 23:25:00+09:00,0.02455,0.02458,0.02437,0.02448,2275453.0
2025-04-11 23:30:00+09:00,0.02448,0.02456,0.02446,0.02454,890775.0
2025-04-11 23:35:00+09:00,0.02455,0.02469,0.02453,0.02469,839376.0
2025-04-11 23:40:00+09:00,0.02469,0.02469,0.02462,0.02465,1030113.0
2025-04-11 23:45:00+09:00,0.02464,0.02479,0.02464,0.02474,763457.0
2025-04-11 23:50:00+09:00,0.02474,0.02474,0.02463,0.02468,570545.0
2025-04-11 23:55:00+09:00,0.02467,0.02473,0.02463,0.02468,765926.0
2025-04-12 00:00:00+09:00,0.02468,0.02494,0.02461,0.02469,2749297.0
2025-04-12 00:05:00+09:00,0.02469,0.02475,0.02464,0.02472,1517642.0
2025-04-12 00:10:00+09:00,0.02469,0.02473,0.02462,0.02462,1690440.0
2025-04-12 00:15:00+09:00,0.02461,0.02465,0.02456,0.02458,1281648.0
2025-04-12 00:20:00+09:00,0.02459,0.02465,0.02456,0.0246,487977.0
2025-04-12 00:25:00+09:00,0.02459,0.02468,0.02458,0.02467,170502.0
2025-04-12 00:30:00+09:00,0.02467,0.02481,0.02467,0.02477,1502531.0
2025-04-12 00:35:00+09:00,0.02477,0.02492,0.02477,0.02491,747018.0
2025-04-12 00:40:00+09:00,0.02491,0.02491,0.02478,0.02479,846734.0
2025-04-12 00:45:00+09:00,0.02479,0.02492,0.02478,0.02491,987971.0
2025-04-12 00:50:00+09:00,0.02491,0.02498,0.02486,0.02495,2331352.0
2025-04-12 00:55:00+09:00,0.02495,0.02502,0.0249,0.02499,1696847.0
2025-04-12 01:00:00+09:00,0.02499,0.02499,0.02486,0.02491,2002678.0
2025-04-12 01:05:00+09:00,0.02491,0.025,0.02487,0.02487,4527657.0
2025-04-12 01:10:00+09:00,0.02487,0.02488,0.02474,0.02476,2931243.0
2025-04-12 01:15:00+09:00,0.02477,0.02486,0.02473,0.02476,5111884.0
2025-04-12 01:20:00+09:00,0.02476,0.02481,0.02473,0.02479,435189.0
2025-04-12 01:25:00+09:00,0.02479,0.0248,0.02475,0.02477,905004.0
2025-04-12 01:30:00+09:00,0.02477,0.02497,0.02477,0.02493,700984.0
2025-04-12 01:35:00+09:00,0.02494,0.02505,0.02491,0.02496,2062691.0
2025-04-12 01:40:00+09:00,0.02496,0.025,0.02494,0.025,859561.0
2025-04-12 01:45:00+09:00,0.025,0.02512,0.02495,0.0251,1190831.0
2025-04-12 01:50:00+09:00,0.02509,0.02511,0.02505,0.02509,752110.0
2025-04-12 01:55:00+09:00,0.0251,0.0251,0.02499,0.025,825730.0
2025-04-12 02:00:00+09:00,0.025,0.02507,0.02497,0.02503,612982.0
2025-04-12 02:05:00+09:00,0.02502,0.02513,0.025,0.02505,781392.0
2025-04-12 02:10:00+09:00,0.02505,0.02505,0.02497,0.02502,1365582.0
2025-04-12 02:15:00+09:00,0.02501,0.02512,0.025,0.02505,688669.0
2025-04-12 02:20:00+09:00,0.02504,0.02516,0.02503,0.02513,2535989.0
2025-04-12 02:25:00+09:00,0.02514,0.02515,0.02509,0.02509,1241906.0
2025-04-12 02:30:00+09:00,0.0251,0.02517,0.02509,0.02513,1071830.0
2025-04-12 02:35:00+09:00,0.02512,0.02549,0.02511,0.02546,2662531.0
2025-04-12 02:40:00+09:00,0.02546,0.0256,0.02536,0.02559,3309465.0
2025-04-12 02:45:00+09:00,0.02559,0.02561,0.0254,0.02549,2047075.0
2025-04-12 02:50:00+09:00,0.02548,0.02553,0.02542,0.02545,1915387.0
2025-04-12 02:55:00+09:00,0.02544,0.02546,0.02535,0.02539,835344.0
2025-04-12 03:00:00+09:00,0.0254,0.02548,0.02529,0.02547,2736512.0
2025-04-12 03:05:00+09:00,0.02547,0.02553,0.0254,0.0254,3472379.0
2025-04-12 03:10:00+09:00,0.0254,0.0255,0.02539,0.02546,1878003.0
2025-04-12 03:15:00+09:00,0.02547,0.02549,0.0254,0.02542,1476324.0
2025-04-12 03:20:00+09:00,0.02542,0.02544,0.02535,0.02544,884405.0
2025-04-12 03:25:00+09:00,0.02545,0.02553,0.02541,0.02549,2335542.0
2025-04-12 03:30:00+09:00,0.02549,0.02551,0.0254,0.02546,519511.0
2025-04-12 03:35:00+09:00,0.02545,0.02548,0.0254,0.02542,1691555.0
2025-04-12 03:40:00+09:00,0.02543,0.02545,0.02535,0.02538,1396534.0
2025-04-12 03:45:00+09:00,0.02538,0.02539,0.02517,0.02532,6612513.0
2025-04-12 03:50:00+09:00,0.02532,0.02532,0.02514,0.02517,1350077.0
2025-04-12 03:55:00+09:00,0.02517,0.02518,0.0251,0.02514,1596359.0
2025-04-12 04:00:00+09:00,0.02514,0.0252,0.02511,0.02517,1797028.0
2025-04-12 04:05:00+09:00,0.02516,0.02525,0.02514,0.02525,561262.0
2025-04-12 04:10:00+09:00,0.02525,0.02525,0.02518,0.02519,859530.0
2025-04-12 04:15:00+09:00,0.0252,0.0252,0.02509,0.02512,2762688.0
2025-04-12 04:20:00+09:00,0.02512,0.02519,0.02511,0.02514,361147.0
2025-04-12 04:25:00+09:00,0.02514,0.02514,0.02499,0.02507,1593795.0
2025-04-12 04:30:00+09:00,0.02506,0.02506,0.02493,0.02498,1479822.0
2025-04-12 04:35:00+09:00,0.02499,0.02503,0.02496,0.025,549770.0
2025-04-12 04:40:00+09:00,0.025,0.02508,0.025,0.02504,820839.0
2025-04-12 04:45:00+09:00,0.02504,0.02506,0.02496,0.02501,636213.0
2025-04-12 04:50:00+09:00,0.02502,0.02502,0.02497,0.025,545574.0
2025-04-12 04:55:00+09:00,0.02501,0.02502,0.02497,0.02501,328414.0
2025-04-12 05:00:00+09:00,0.02501,0.02507,0.02498,0.02505,856140.0
2025-04-12 05:05:00+09:00,0.02506,0.0251,0.02501,0.02501,587115.0
2025-04-12 05:10:00+09:00,0.02502,0.02504,0.02501,0.02503,446293.0
2025-04-12 05:15:00+09:00,0.02504,0.02506,0.025,0.02506,146403.0
2025-04-12 05:20:00+09:00,0.02505,0.02511,0.02505,0.02508,779703.0
2025-04-12 05:25:00+09:00,0.02508,0.02515,0.02508,0.02511,550731.0
2025-04-12 05:30:00+09:00,0.02511,0.02518,0.0251,0.02515,1176166.0
2025-04-12 05:35:00+09:00,0.02515,0.02517,0.02512,0.02514,385340.0
2025-04-12 05:40:00+09:00,0.02513,0.02539,0.0251,0.02536,9226230.0
2025-04-12 05:45:00+09:00,0.02536,0.02544,0.02535,0.02542,3387176.0
2025-04-12 05:50:00+09:00,0.02542,0.02548,0.02535,0.0254,3964952.0
2025-04-12 05:55:00+09:00,0.02539,0.02539,0.02528,0.0253,828190.0
2025-04-12 06:00:00+09:00,0.0253,0.02537,0.02527,0.02536,1256075.0
2025-04-12 06:05:00+09:00,0.02537,0.0254,0.02533,0.02533,935199.0
2025-04-12 06:10:00+09:00,0.02534,0.02538,0.02532,0.02536,925335.0
2025-04-12 06:15:00+09:00,0.02535,0.02542,0.02535,0.02539,464084.0
2025-04-12 06:20:00+09:00,0.02539,0.02576,0.02539,0.02564,3625536.0
2025-04-12 06:25:00+09:00,0.02565,0.02565,0.0255,0.02551,984937.0
2025-04-12 06:30:00+09:00,0.02551,0.02552,0.02535,0.02537,945154.0
2025-04-12 06:35:00+09:00,0.02537,0.02545,0.02529,0.02542,1430269.0
2025-04-12 06:40:00+09:00,0.02541,0.02541,0.02533,0.02533,688928.0
2025-04-12 06:45:00+09:00,0.02534,0.02538,0.02533,0.02538,641194.0
2025-04-12 06:50:00+09:00,0.02539,0.02551,0.02539,0.02551,269325.0
2025-04-12 06:55:00+09:00,0.0255,0.02551,0.02544,0.02546,555619.0
2025-04-12 07:00:00+09:00,0.02546,0.02552,0.02544,0.0255,414727.0
2025-04-12 07:05:00+09:00,0.02551,0.02573,0.02546,0.0257,3894352.0
2025-04-12 07:10:00+09:00,0.0257,0.02578,0.02563,0.02565,3288155.0
2025-04-12 07:15:00+09:00,0.02564,0.02565,0.02557,0.02559,662907.0
2025-04-12 07:20:00+09:00,0.02558,0.02571,0.02557,0.02571,984692.0
2025-04-12 07:25:00+09:00,0.02571,0.02572,0.02566,0.02569,672762.0
2025-04-12 07:30:00+09:00,0.02569,0.02574,0.02562,0.02563,1138218.0
2025-04-12 07:35:00+09:00,0.02562,0.02569,0.0256,0.02568,1666517.0
2025-04-12 07:40:00+09:00,0.02568,0.02572,0.0256,0.02569,814890.0
2025-04-12 07:45:00+09:00,0.02569,0.02583,0.02567,0.02581,958851.0
2025-04-12 07:50:00+09:00,0.0258,0.02585,0.02578,0.02581,956888.0
2025-04-12 07:55:00+09:00,0.02581,0.0259,0.02578,0.02589,1947930.0
2025-04-12 08:00:00+09:00,0.02589,0.02591,0.02578,0.02579,1292016.0
2025-04-12 08:05:00+09:00,0.02578,0.02581,0.02571,0.02581,1440913.0
2025-04-12 08:10:00+09:00,0.02582,0.02582,0.02572,0.02575,973810.0
2025-04-12 08:15:00+09:00,0.02574,0.02577,0.02559,0.02562,1532812.0
2025-04-12 08:20:00+09:00,0.02562,0.02568,0.02561,0.02566,361850.0
2025-04-12 08:25:00+09:00,0.02564,0.02566,0.02553,0.02555,331124.0
2025-04-12 08:30:00+09:00,0.02556,0.02567,0.02556,0.02564,1476574.0
2025-04-12 08:35:00+09:00,0.02565,0.0257,0.02562,0.02568,200534.0
2025-04-12 08:40:00+09:00,0.02569,0.02572,0.02566,0.02567,674359.0
2025-04-12 08:45:00+09:00,0.02567,0.02567,0.02557,0.02559,1132464.0
2025-04-12 08:50:00+09:00,0.0256,0.02564,0.02552,0.02563,2647373.0
2025-04-12 08:55:00+09:00,0.02564,0.02569,0.0254,0.02541,4233305.0
2025-04-12 09:00:00+09:00,0.0254,0.02548,0.02527,0.02532,4190449.0
2025-04-12 09:05:00+09:00,0.02532,0.02532,0.02512,0.02514,5538735.0
2025-04-12 09:10:00+09:00,0.02515,0.02529,0.02511,0.02512,2274761.0
2025-04-12 09:15:00+09:00,0.02512,0.02521,0.02512,0.02517,1184992.0
2025-04-12 09:20:00+09:00,0.02517,0.02533,0.02516,0.02533,668894.0
2025-04-12 09:25:00+09:00,0.02533,0.0254,0.02532,0.02538,825511.0
2025-04-12 09:30:00+09:00,0.02538,0.0254,0.02527,0.02527,827615.0
2025-04-12 09:35:00+09:00,0.02527,0.0253,0.02521,0.02523,529027.0
2025-04-12 09:40:00+09:00,0.02523,0.02524,0.02518,0.02519,1015787.0
2025-04-12 09:45:00+09:00,0.0252,0.02521,0.02512,0.02514,402286.0
2025-04-12 09:50:00+09:00,0.02515,0.02517,0.025,0.02502,1482431.0
2025-04-12 09:55:00+09:00,0.02501,0.02508,0.02501,0.02507,756700.0
2025-04-12 10:00:00+09:00,0.02507,0.02512,0.02505,0.02505,814817.0
2025-04-12 10:05:00+09:00,0.02504,0.02511,0.02496,0.02509,1778176.0
2025-04-12 10:10:00+09:00,0.02509,0.02522,0.02508,0.02518,904244.0
2025-04-12 10:15:00+09:00,0.02517,0.02518,0.02505,0.02505,1062784.0
2025-04-12 10:20:00+09:00,0.02505,0.02508,0.02501,0.02503,527502.0
2025-04-12 10:25:00+09:00,0.02504,0.02508,0.02499,0.025,478913.0
2025-04-12 10:30:00+09:00,0.025,0.025,0.02492,0.02495,608755.0
2025-04-12 10:35:00+09:00,0.02496,0.02508,0.02496,0.02507,372970.0
2025-04-12 10:40:00+09:00,0.02507,0.02509,0.02503,0.02503,483278.0
2025-04-12 10:45:00+09:00,0.02503,0.02505,0.025,0.02501,374732.0
2025-04-12 10:50:00+09:00,0.025,0.02504,0.02499,0.02504,315593.0
2025-04-12 10:55:00+09:00,0.02505,0.02507,0.02503,0.02505,195018.0
2025-04-12 11:00:00+09:00,0.02504,0.02504,0.02498,0.025,725961.0
2025-04-12 11:05:00+09:00,0.025,0.02504,0.02494,0.02494,479152.0
2025-04-12 11:10:00+09:00,0.02493,0.02493,0.02488,0.0249,815541.0
2025-04-12 11:15:00+09:00,0.02489,0.02498,0.02488,0.02498,450910.0
2025-04-12 11:20:00+09:00,0.02498,0.02498,0.02492,0.02494,488970.0
2025-04-12 11:25:00+09:00,0.02493,0.02499,0.02493,0.02497,617221.0
2025-04-12 11:30:00+09:00,0.02496,0.02498,0.02491,0.02491,557562.0
2025-04-12 11:35:00+09:00,0.02492,0.02492,0.02485,0.02487,1274959.0
2025-04-12 11:40:00+09:00,0.02487,0.02491,0.02487,0.02489,327850.0
2025-04-12 11:45:00+09:00,0.02488,0.02492,0.02477,0.0248,1281177.0
2025-04-12 11:50:00+09:00,0.02479,0.0248,0.02468,0.02471,959781.0
2025-04-12 11:55:00+09:00,0.02472,0.02472,0.02466,0.02467,768454.0
2025-04-12 12:00:00+09:00,0.02467,0.0247,0.02463,0.02468,1669673.0
2025-04-12 12:05:00+09:00,0.02468,0.02473,0.02468,0.02472,985443.0
2025-04-12 12:10:00+09:00,0.02473,0.02473,0.02465,0.02466,350855.0
2025-04-12 12:15:00+09:00,0.02467,0.02469,0.02463,0.02467,427603.0
2025-04-12 12:20:00+09:00,0.02467,0.02467,0.02458,0.02461,725045.0
2025-04-12 12:25:00+09:00,0.02461,0.02463,0.02459,0.02463,393113.0
2025-04-12 12:30:00+09:00,0.02463,0.02464,0.02455,0.02459,566441.0
2025-04-12 12:35:00+09:00,0.0246,0.02465,0.02459,0.02462,628107.0
2025-04-12 12:40:00+09:00,0.02462,0.02472,0.0246,0.0247,674363.0
2025-04-12 12:45:00+09:00,0.02469,0.02473,0.02468,0.02471,300086.0
2025-04-12 12:50:00+09:00,0.02472,0.02473,0.02468,0.0247,174108.0
2025-04-12 12:55:00+09:00,0.02471,0.02472,0.02465,0.02465,131307.0
2025-04-12 13:00:00+09:00,0.02465,0.02467,0.02457,0.02458,408273.0
2025-04-12 13:05:00+09:00,0.02458,0.0246,0.02454,0.02459,630926.0
2025-04-12 13:10:00+09:00,0.02459,0.0246,0.02451,0.02452,1475607.0
2025-04-12 13:15:00+09:00,0.02454,0.02457,0.02445,0.02455,1271549.0
2025-04-12 13:20:00+09:00,0.02455,0.02461,0.02455,0.02461,281336.0
2025-04-12 13:25:00+09:00,0.02461,0.02475,0.02461,0.02472,809671.0
2025-04-12 13:30:00+09:00,0.02473,0.02512,0.0247,0.02476,4529652.0
2025-04-12 13:35:00+09:00,0.02477,0.02495,0.02471,0.0249,1078063.0
2025-04-12 13:40:00+09:00,0.0249,0.02492,0.02481,0.02482,382326.0
2025-04-12 13:45:00+09:00,0.02481,0.02493,0.0248,0.02487,1375755.0
2025-04-12 13:50:00+09:00,0.02487,0.02491,0.02481,0.02489,408999.0
2025-04-12 13:55:00+09:00,0.02488,0.025,0.02487,0.025,1380192.0
2025-04-12 14:00:00+09:00,0.025,0.02503,0.02487,0.02489,627079.0
2025-04-12 14:05:00+09:00,0.02489,0.02492,0.02484,0.02484,576691.0
2025-04-12 14:10:00+09:00,0.02486,0.02486,0.02478,0.02486,439397.0
2025-04-12 14:15:00+09:00,0.02487,0.02494,0.02483,0.02493,396599.0
2025-04-12 14:20:00+09:00,0.02493,0.02514,0.02493,0.02504,5283759.0
2025-04-12 14:25:00+09:00,0.02503,0.02503,0.02494,0.02496,840924.0
2025-04-12 14:30:00+09:00,0.02495,0.02511,0.02494,0.02505,3805303.0
2025-04-12 14:35:00+09:00,0.02505,0.02505,0.02498,0.02503,726743.0
2025-04-12 14:40:00+09:00,0.02502,0.02507,0.02498,0.02505,908170.0
2025-04-12 14:45:00+09:00,0.02506,0.02509,0.02503,0.02504,768943.0
2025-04-12 14:50:00+09:00,0.02503,0.02515,0.02503,0.02511,554144.0
2025-04-12 14:55:00+09:00,0.02512,0.02513,0.02507,0.02508,469404.0
2025-04-12 15:00:00+09:00,0.02507,0.02515,0.02504,0.02515,838802.0
2025-04-12 15:05:00+09:00,0.02516,0.02522,0.02505,0.0252,1226463.0
2025-04-12 15:10:00+09:00,0.02519,0.02522,0.02517,0.0252,1035695.0
2025-04-12 15:15:00+09:00,0.0252,0.0252,0.0251,0.02512,824219.0
2025-04-12 15:20:00+09:00,0.02511,0.02523,0.02511,0.02523,374001.0
2025-04-12 15:25:00+09:00,0.02524,0.02524,0.02514,0.02516,413108.0
2025-04-12 15:30:00+09:00,0.02515,0.0252,0.02503,0.02503,5567335.0
2025-04-12 15:35:00+09:00,0.02503,0.02513,0.02503,0.02511,975188.0
2025-04-12 15:40:00+09:00,0.0251,0.02513,0.02508,0.02513,856358.0
2025-04-12 15:45:00+09:00,0.02512,0.02517,0.02505,0.02505,1532094.0
2025-04-12 15:50:00+09:00,0.02506,0.02507,0.02497,0.02497,649123.0
2025-04-12 15:55:00+09:00,0.02498,0.02502,0.02495,0.02499,1367782.0
2025-04-12 16:00:00+09:00,0.02498,0.02504,0.02497,0.025,1056837.0
2025-04-12 16:05:00+09:00,0.025,0.02506,0.02499,0.02505,597722.0
2025-04-12 16:10:00+09:00,0.02504,0.02509,0.02501,0.02509,694795.0
2025-04-12 16:15:00+09:00,0.02508,0.02518,0.02507,0.02513,1330015.0
2025-04-12 16:20:00+09:00,0.02515,0.02516,0.02505,0.0251,1355746.0
2025-04-12 16:25:00+09:00,0.0251,0.02521,0.02505,0.02521,657722.0
2025-04-12 16:30:00+09:00,0.02521,0.02533,0.0252,0.02533,1754781.0
2025-04-12 16:35:00+09:00,0.02533,0.02637,0.02533,0.02625,18313871.0
2025-04-12 16:40:00+09:00,0.02625,0.02674,0.02601,0.02601,31424623.0
2025-04-12 16:45:00+09:00,0.02601,0.02629,0.0259,0.02629,8990070.0
2025-04-12 16:50:00+09:00,0.0263,0.02656,0.02626,0.02647,12470488.0
2025-04-12 16:55:00+09:00,0.02648,0.0265,0.02632,0.02647,5844928.0
2025-04-12 17:00:00+09:00,0.02648,0.02694,0.02631,0.02689,10206198.0
2025-04-12 17:05:00+09:00,0.02689,0.02733,0.02685,0.02723,11542239.0
2025-04-12 17:10:00+09:00,0.02723,0.02799,0.02722,0.02768,20873315.0
2025-04-12 17:15:00+09:00,0.02767,0.02803,0.02756,0.02797,7598437.0
2025-04-12 17:20:00+09:00,0.02798,0.02812,0.02754,0.02792,10365311.0
2025-04-12 17:25:00+09:00,0.02793,0.02839,0.02793,0.02814,11099723.0
2025-04-12 17:30:00+09:00,0.02815,0.02853,0.02808,0.02839,11314607.0
2025-04-12 17:35:00+09:00,0.02837,0.02884,0.02821,0.02883,9986244.0
2025-04-12 17:40:00+09:00,0.02882,0.02951,0.02865,0.02908,39549325.0
2025-04-12 17:45:00+09:00,0.02909,0.02968,0.02856,0.02875,29429709.0
2025-04-12 17:50:00+09:00,0.02874,0.02934,0.02872,0.02934,10005056.0
2025-04-12 17:55:00+09:00,0.02934,0.02936,0.02912,0.02912,11924154.0
2025-04-12 18:00:00+09:00,0.02912,0.02961,0.02912,0.02934,12773198.0
2025-04-12 18:05:00+09:00,0.02936,0.02974,0.02932,0.02945,9098925.0
2025-04-12 18:10:00+09:00,0.02943,0.02957,0.02868,0.0288,16253548.0
2025-04-12 18:15:00+09:00,0.02881,0.02884,0.02828,0.02837,13423418.0
2025-04-12 18:20:00+09:00,0.02838,0.02841,0.02777,0.02793,11876254.0
2025-04-12 18:25:00+09:00,0.02793,0.028,0.02747,0.02763,13681738.0
2025-04-12 18:30:00+09:00,0.02764,0.02789,0.02753,0.02787,7384836.0
2025-04-12 18:35:00+09:00,0.02789,0.02799,0.02777,0.02782,5516756.0
2025-04-12 18:40:00+09:00,0.02782,0.02804,0.02777,0.02785,3581555.0
2025-04-12 18:45:00+09:00,0.02786,0.02788,0.02747,0.02757,10588099.0
2025-04-12 18:50:00+09:00,0.02757,0.0276,0.0271,0.02714,7619277.0
2025-04-12 18:55:00+09:00,0.02716,0.02724,0.02679,0.02692,7197832.0
2025-04-12 19:00:00+09:00,0.02693,0.02697,0.0264,0.02645,17874133.0
2025-04-12 19:05:00+09:00,0.02645,0.02677,0.02638,0.02677,10902230.0
2025-04-12 19:10:00+09:00,0.02678,0.02689,0.02668,0.0268,5472515.0
2025-04-12 19:15:00+09:00,0.0268,0.0268,0.02656,0.02658,2321926.0
2025-04-12 19:20:00+09:00,0.02658,0.02669,0.0265,0.0266,5767748.0
2025-04-12 19:25:00+09:00,0.02661,0.02673,0.02658,0.02659,1321561.0
2025-04-12 19:30:00+09:00,0.02659,0.02662,0.02621,0.02624,7598206.0
2025-04-12 19:35:00+09:00,0.02623,0.02627,0.02604,0.02611,7157295.0
2025-04-12 19:40:00+09:00,0.02611,0.02619,0.026,0.02607,5719097.0
2025-04-12 19:45:00+09:00,0.02607,0.02608,0.02583,0.02589,5916482.0
2025-04-12 19:50:00+09:00,0.0259,0.02616,0.02588,0.02607,3386585.0
2025-04-12 19:55:00+09:00,0.02607,0.02608,0.02599,0.02604,2194492.0
2025-04-12 20:00:00+09:00,0.02605,0.02625,0.02598,0.02613,3009379.0
2025-04-12 20:05:00+09:00,0.02613,0.02615,0.02597,0.02607,1970577.0
2025-04-12 20:10:00+09:00,0.02607,0.02642,0.02607,0.0264,3112745.0
2025-04-12 20:15:00+09:00,0.0264,0.02647,0.0263,0.02643,3331244.0
2025-04-12 20:20:00+09:00,0.02643,0.027,0.0263,0.02688,10414044.0
2025-04-12 20:25:00+09:00,0.02688,0.02733,0.02669,0.02704,15719116.0
2025-04-12 20:30:00+09:00,0.02703,0.02707,0.02673,0.02679,6161781.0
2025-04-12 20:35:00+09:00,0.0268,0.02689,0.02673,0.02689,2021866.0
2025-04-12 20:40:00+09:00,0.02689,0.02703,0.02675,0.02698,4321913.0
2025-04-12 20:45:00+09:00,0.02696,0.027,0.0268,0.02691,3199710.0
2025-04-12 20:50:00+09:00,0.02692,0.02705,0.02691,0.02703,1939526.0
2025-04-12 20:55:00+09:00,0.02702,0.02705,0.02692,0.02693,1054530.0
2025-04-12 21:00:00+09:00,0.02693,0.02696,0.0268,0.02685,2532274.0
2025-04-12 21:05:00+09:00,0.02685,0.02685,0.02662,0.02673,4581315.0
2025-04-12 21:10:00+09:00,0.02673,0.02704,0.02672,0.02704,3379899.0
2025-04-12 21:15:00+09:00,0.02705,0.02738,0.02693,0.02737,3412130.0
2025-04-12 21:20:00+09:00,0.02738,0.02756,0.02726,0.02745,3999324.0
2025-04-12 21:25:00+09:00,0.02745,0.02757,0.02735,0.02747,4771164.0
2025-04-12 21:30:00+09:00,0.02747,0.02771,0.02744,0.02753,6621266.0
2025-04-12 21:35:00+09:00,0.02754,0.02773,0.02731,0.02773,5629808.0
2025-04-12 21:40:00+09:00,0.02774,0.02781,0.02735,0.02753,6435515.0
2025-04-12 21:45:00+09:00,0.02751,0.02758,0.02734,0.02753,2874515.0
2025-04-12 21:50:00+09:00,0.02753,0.02769,0.02744,0.02756,5569892.0
2025-04-12 21:55:00+09:00,0.02756,0.02767,0.02753,0.0276,2781573.0
2025-04-12 22:00:00+09:00,0.0276,0.0276,0.02731,0.02747,4186819.0
2025-04-12 22:05:00+09:00,0.02747,0.02761,0.02747,0.02754,4207424.0
2025-04-12 22:10:00+09:00,0.02756,0.02778,0.02756,0.02762,4397090.0
2025-04-12 22:15:00+09:00,0.02762,0.02772,0.02753,0.02754,2045354.0
2025-04-12 22:20:00+09:00,0.02754,0.02754,0.02706,0.02721,4935505.0
2025-04-12 22:25:00+09:00,0.02721,0.02753,0.02721,0.02752,2386999.0
2025-04-12 22:30:00+09:00,0.02751,0.02767,0.02742,0.02755,2471574.0
2025-04-12 22:35:00+09:00,0.02756,0.02759,0.02745,0.02758,839211.0
2025-04-12 22:40:00+09:00,0.02759,0.0278,0.02744,0.02754,5922883.0
2025-04-12 22:45:00+09:00,0.02755,0.02769,0.02739,0.02762,14614671.0
2025-04-12 22:50:00+09:00,0.02763,0.02772,0.02747,0.02771,2060432.0
2025-04-12 22:55:00+09:00,0.02772,0.02784,0.02757,0.02762,3414122.0
2025-04-12 23:00:00+09:00,0.02761,0.02767,0.02751,0.02762,3580625.0
2025-04-12 23:05:00+09:00,0.02763,0.02823,0.02757,0.02823,12587225.0
2025-04-12 23:10:00+09:00,0.02823,0.0285,0.02806,0.02841,10629736.0
2025-04-12 23:15:00+09:00,0.02842,0.02856,0.02819,0.02823,8212805.0
2025-04-12 23:20:00+09:00,0.02822,0.02871,0.02815,0.02866,6050826.0
2025-04-12 23:25:00+09:00,0.02866,0.02872,0.02833,0.02842,4982573.0
2025-04-12 23:30:00+09:00,0.02843,0.02874,0.0283,0.0283,5440213.0
2025-04-12 23:35:00+09:00,0.0283,0.02842,0.02818,0.02823,8620781.0
2025-04-12 23:40:00+09:00,0.02824,0.02826,0.02796,0.02807,4232938.0
2025-04-12 23:45:00+09:00,0.02808,0.02811,0.0279,0.02792,6124223.0
2025-04-12 23:50:00+09:00,0.02792,0.02815,0.02787,0.02806,4073684.0
2025-04-12 23:55:00+09:00,0.02807,0.0281,0.028,0.028,3231259.0
2025-04-13 00:00:00+09:00,0.02801,0.02822,0.02801,0.02811,3553286.0
2025-04-13 00:05:00+09:00,0.0281,0.02811,0.02777,0.02785,5137774.0
2025-04-13 00:10:00+09:00,0.02787,0.02796,0.0277,0.02783,2572885.0
2025-04-13 00:15:00+09:00,0.02783,0.02807,0.02783,0.02793,1526488.0
2025-04-13 00:20:00+09:00,0.02793,0.02806,0.02786,0.02798,3293561.0
2025-04-13 00:25:00+09:00,0.02799,0.02802,0.02785,0.02787,1575365.0
2025-04-13 00:30:00+09:00,0.02788,0.02797,0.02771,0.02797,3312102.0
2025-04-13 00:35:00+09:00,0.02796,0.02804,0.02772,0.02774,2400234.0
2025-04-13 00:40:00+09:00,0.02776,0.02792,0.02775,0.02776,1626627.0
2025-04-13 00:45:00+09:00,0.02777,0.02779,0.02759,0.02768,2341561.0
2025-04-13 00:50:00+09:00,0.02769,0.02789,0.02766,0.02777,2367553.0
2025-04-13 00:55:00+09:00,0.02776,0.02779,0.02762,0.0277,2209303.0
2025-04-13 01:00:00+09:00,0.0277,0.02787,0.02768,0.02775,2373899.0
2025-04-13 01:05:00+09:00,0.02773,0.02774,0.02745,0.02745,5468793.0
2025-04-13 01:10:00+09:00,0.02747,0.0276,0.02738,0.0276,3306493.0
2025-04-13 01:15:00+09:00,0.02758,0.02759,0.02741,0.02742,2642377.0
2025-04-13 01:20:00+09:00,0.02742,0.02768,0.0274,0.02767,2603063.0
2025-04-13 01:25:00+09:00,0.02766,0.02766,0.02755,0.02756,1024720.0
2025-04-13 01:30:00+09:00,0.02758,0.02762,0.0275,0.02754,942229.0
2025-04-13 01:35:00+09:00,0.02754,0.02774,0.02754,0.02772,1130955.0
2025-04-13 01:40:00+09:00,0.02773,0.02779,0.02757,0.02758,2007778.0
2025-04-13 01:45:00+09:00,0.02756,0.02761,0.02738,0.02744,2514089.0
2025-04-13 01:50:00+09:00,0.02743,0.02749,0.02738,0.02742,1468869.0
2025-04-13 01:55:00+09:00,0.02743,0.02748,0.02739,0.02748,1010008.0
2025-04-13 02:00:00+09:00,0.02748,0.02753,0.02733,0.02737,1506097.0
2025-04-13 02:05:00+09:00,0.02738,0.02739,0.02715,0.02716,2998742.0
2025-04-13 02:10:00+09:00,0.02717,0.02721,0.02701,0.02704,2532332.0
2025-04-13 02:15:00+09:00,0.02705,0.02711,0.02689,0.02707,5304606.0
2025-04-13 02:20:00+09:00,0.02707,0.0272,0.02702,0.02716,1950105.0
2025-04-13 02:25:00+09:00,0.02717,0.02727,0.02712,0.02727,1269390.0
2025-04-13 02:30:00+09:00,0.02727,0.02742,0.02727,0.02741,888135.0
2025-04-13 02:35:00+09:00,0.02739,0.02757,0.02739,0.02751,2162213.0
2025-04-13 02:40:00+09:00,0.02752,0.02752,0.02736,0.02741,2158405.0
2025-04-13 02:45:00+09:00,0.02741,0.02742,0.02722,0.02724,1757289.0
2025-04-13 02:50:00+09:00,0.02724,0.02731,0.02723,0.02724,261218.0
2025-04-13 02:55:00+09:00,0.02723,0.02725,0.02714,0.02716,512876.0
2025-04-13 03:00:00+09:00,0.02717,0.02722,0.02713,0.02716,530430.0
2025-04-13 03:05:00+09:00,0.02716,0.02727,0.02711,0.02727,441380.0
2025-04-13 03:10:00+09:00,0.02728,0.02734,0.02726,0.02731,1112082.0
2025-04-13 03:15:00+09:00,0.0273,0.02752,0.02721,0.02747,4097992.0
2025-04-13 03:20:00+09:00,0.02747,0.02762,0.02745,0.02761,2580148.0
2025-04-13 03:25:00+09:00,0.02761,0.02784,0.02757,0.02779,2819190.0
2025-04-13 03:30:00+09:00,0.02779,0.0281,0.02774,0.02809,5218843.0
2025-04-13 03:35:00+09:00,0.0281,0.02814,0.02777,0.02782,4291867.0
2025-04-13 03:40:00+09:00,0.02782,0.02794,0.02767,0.0279,3780045.0
2025-04-13 03:45:00+09:00,0.0279,0.02816,0.02785,0.02812,5426397.0
2025-04-13 03:50:00+09:00,0.02812,0.02851,0.0281,0.02838,8867818.0
2025-04-13 03:55:00+09:00,0.02838,0.02857,0.02831,0.02837,5832476.0
2025-04-13 04:00:00+09:00,0.02837,0.02844,0.02825,0.02838,1796963.0
2025-04-13 04:05:00+09:00,0.02839,0.02856,0.02834,0.02845,3287607.0
2025-04-13 04:10:00+09:00,0.02845,0.02853,0.02839,0.02849,1963502.0
2025-04-13 04:15:00+09:00,0.0285,0.02853,0.0283,0.02842,1532557.0
2025-04-13 04:20:00+09:00,0.02842,0.02844,0.02817,0.02829,4080608.0
2025-04-13 04:25:00+09:00,0.02829,0.02841,0.0281,0.02817,5638151.0
2025-04-13 04:30:00+09:00,0.02817,0.02817,0.0279,0.02803,3872874.0
2025-04-13 04:35:00+09:00,0.02803,0.0282,0.02803,0.02811,1549447.0
2025-04-13 04:40:00+09:00,0.02811,0.02825,0.0281,0.02815,1483430.0
2025-04-13 04:45:00+09:00,0.02816,0.02818,0.02797,0.02806,2420454.0
2025-04-13 04:50:00+09:00,0.02806,0.02806,0.02797,0.02805,366158.0
2025-04-13 04:55:00+09:00,0.02804,0.0281,0.02799,0.02801,363156.0
2025-04-13 05:00:00+09:00,0.02802,0.0282,0.02801,0.02807,1057331.0
2025-04-13 05:05:00+09:00,0.02806,0.02814,0.02797,0.02805,682829.0
2025-04-13 05:10:00+09:00,0.02805,0.02816,0.02802,0.02815,517730.0
2025-04-13 05:15:00+09:00,0.02816,0.02835,0.02809,0.02824,4397135.0
2025-04-13 05:20:00+09:00,0.02823,0.02836,0.02817,0.02829,719120.0
2025-04-13 05:25:00+09:00,0.02827,0.02836,0.02826,0.02834,499361.0
2025-04-13 05:30:00+09:00,0.02833,0.0285,0.02833,0.02847,715735.0
2025-04-13 05:35:00+09:00,0.02845,0.02855,0.02838,0.0285,406620.0
2025-04-13 05:40:00+09:00,0.0285,0.0287,0.02845,0.02863,1013422.0
2025-04-13 05:45:00+09:00,0.02865,0.02868,0.02837,0.02844,1406502.0
2025-04-13 05:50:00+09:00,0.02844,0.02844,0.02832,0.02843,873663.0
2025-04-13 05:55:00+09:00,0.02844,0.02854,0.02837,0.02849,499533.0
2025-04-13 06:00:00+09:00,0.02848,0.02851,0.02832,0.02838,883557.0
2025-04-13 06:05:00+09:00,0.02838,0.02872,0.02838,0.02852,2954697.0
2025-04-13 06:10:00+09:00,0.02852,0.02883,0.02851,0.02874,4688005.0
2025-04-13 06:15:00+09:00,0.02874,0.02876,0.0286,0.02871,1263722.0
2025-04-13 06:20:00+09:00,0.02872,0.02878,0.02859,0.02877,630741.0
2025-04-13 06:25:00+09:00,0.02876,0.02879,0.02853,0.02855,1605695.0
2025-04-13 06:30:00+09:00,0.02855,0.02859,0.02826,0.02835,1696500.0
2025-04-13 06:35:00+09:00,0.02836,0.02839,0.02829,0.02835,658651.0
2025-04-13 06:40:00+09:00,0.02835,0.02836,0.02824,0.02836,632459.0
2025-04-13 06:45:00+09:00,0.02836,0.02839,0.02829,0.02839,209643.0
2025-04-13 06:50:00+09:00,0.0284,0.02845,0.02814,0.02823,3406685.0
2025-04-13 06:55:00+09:00,0.02824,0.02824,0.02817,0.02821,579898.0
2025-04-13 07:00:00+09:00,0.0282,0.0282,0.02794,0.02799,3587317.0
2025-04-13 07:05:00+09:00,0.02799,0.02819,0.02793,0.02807,3611773.0
2025-04-13 07:10:00+09:00,0.02805,0.0282,0.02804,0.0282,822679.0
2025-04-13 07:15:00+09:00,0.02819,0.02832,0.02819,0.0283,369531.0
2025-04-13 07:20:00+09:00,0.02831,0.02831,0.02812,0.02815,1387910.0
2025-04-13 07:25:00+09:00,0.02814,0.02814,0.02801,0.02803,974643.0
2025-04-13 07:30:00+09:00,0.02802,0.02805,0.02794,0.02802,1881093.0
2025-04-13 07:35:00+09:00,0.02802,0.02807,0.02794,0.02794,900494.0
2025-04-13 07:40:00+09:00,0.02795,0.02803,0.02793,0.02803,381963.0
2025-04-13 07:45:00+09:00,0.02802,0.02803,0.02795,0.02802,556607.0
2025-04-13 07:50:00+09:00,0.02802,0.02807,0.02799,0.02801,509131.0
2025-04-13 07:55:00+09:00,0.02802,0.02809,0.02801,0.02807,537484.0
2025-04-13 08:00:00+09:00,0.02807,0.02809,0.02789,0.02797,1583127.0
2025-04-13 08:05:00+09:00,0.02797,0.02801,0.02794,0.02801,193385.0
2025-04-13 08:10:00+09:00,0.02801,0.02801,0.02779,0.02788,2025868.0
2025-04-13 08:15:00+09:00,0.02789,0.02803,0.02789,0.02799,880489.0
2025-04-13 08:20:00+09:00,0.02798,0.02798,0.02783,0.02786,418685.0
2025-04-13 08:25:00+09:00,0.02786,0.02788,0.02781,0.02785,470952.0
2025-04-13 08:30:00+09:00,0.02786,0.02788,0.02779,0.02779,505981.0
2025-04-13 08:35:00+09:00,0.02779,0.02785,0.02779,0.02782,607746.0
2025-04-13 08:40:00+09:00,0.02782,0.02782,0.02771,0.02776,745246.0
2025-04-13 08:45:00+09:00,0.02776,0.0278,0.02771,0.02771,569041.0
2025-04-13 08:50:00+09:00,0.02771,0.02781,0.0277,0.02774,1032571.0
2025-04-13 08:55:00+09:00,0.02774,0.02778,0.0277,0.02777,603596.0
2025-04-13 09:00:00+09:00,0.02777,0.02783,0.02766,0.02778,738046.0
2025-04-13 09:05:00+09:00,0.02777,0.02786,0.02775,0.02783,811000.0
2025-04-13 09:10:00+09:00,0.02782,0.02788,0.02779,0.02785,1337979.0
2025-04-13 09:15:00+09:00,0.02785,0.02802,0.02781,0.02801,3726164.0
2025-04-13 09:20:00+09:00,0.02801,0.0281,0.02792,0.02795,1333174.0
2025-04-13 09:25:00+09:00,0.02795,0.02795,0.02786,0.02792,283584.0
2025-04-13 09:30:00+09:00,0.02791,0.02808,0.02786,0.02808,524683.0
2025-04-13 09:35:00+09:00,0.02809,0.02824,0.02806,0.02812,2229036.0
2025-04-13 09:40:00+09:00,0.02812,0.02824,0.02807,0.0281,1503251.0
2025-04-13 09:45:00+09:00,0.0281,0.0282,0.02809,0.02815,340345.0
2025-04-13 09:50:00+09:00,0.02814,0.02831,0.02814,0.02831,555832.0
2025-04-13 09:55:00+09:00,0.02831,0.02834,0.02827,0.02828,435461.0
2025-04-13 10:00:00+09:00,0.02829,0.02834,0.02812,0.02819,2038596.0
2025-04-13 10:05:00+09:00,0.02819,0.0282,0.02805,0.02813,588224.0
2025-04-13 10:10:00+09:00,0.02814,0.02829,0.02814,0.02826,337145.0
2025-04-13 10:15:00+09:00,0.02827,0.02838,0.02789,0.02789,3069651.0
2025-04-13 10:20:00+09:00,0.0279,0.02807,0.02788,0.02801,705080.0
2025-04-13 10:25:00+09:00,0.02802,0.02808,0.02795,0.02801,447615.0
2025-04-13 10:30:00+09:00,0.028,0.02809,0.0278,0.02788,1258150.0
2025-04-13 10:35:00+09:00,0.02789,0.0279,0.02775,0.0278,544486.0
2025-04-13 10:40:00+09:00,0.02781,0.02798,0.0278,0.02797,627109.0
2025-04-13 10:45:00+09:00,0.02795,0.028,0.02771,0.02782,1143150.0
2025-04-13 10:50:00+09:00,0.02782,0.02782,0.0277,0.02771,598308.0
2025-04-13 10:55:00+09:00,0.0277,0.02772,0.02756,0.02763,1250137.0
2025-04-13 11:00:00+09:00,0.02763,0.02771,0.02763,0.02769,1538347.0
2025-04-13 11:05:00+09:00,0.02769,0.02772,0.02759,0.02763,824235.0
2025-04-13 11:10:00+09:00,0.02764,0.02779,0.02764,0.02777,875691.0
2025-04-13 11:15:00+09:00,0.02776,0.02786,0.02764,0.02773,810379.0
2025-04-13 11:20:00+09:00,0.02772,0.02779,0.02769,0.02776,330579.0
2025-04-13 11:25:00+09:00,0.02777,0.02783,0.02772,0.02777,606885.0
2025-04-13 11:30:00+09:00,0.02778,0.02791,0.02775,0.02788,1305253.0
2025-04-13 11:35:00+09:00,0.02787,0.02795,0.02787,0.02793,1385139.0
2025-04-13 11:40:00+09:00,0.02793,0.02808,0.02793,0.02801,1175783.0
2025-04-13 11:45:00+09:00,0.028,0.02802,0.02789,0.02789,666673.0
2025-04-13 11:50:00+09:00,0.02791,0.02801,0.02789,0.02801,646623.0
2025-04-13 11:55:00+09:00,0.02802,0.02833,0.028,0.02829,3321770.0
2025-04-13 12:00:00+09:00,0.02828,0.02849,0.02827,0.02846,3811656.0
2025-04-13 12:05:00+09:00,0.02846,0.02895,0.02839,0.02884,10808090.0
2025-04-13 12:10:00+09:00,0.02883,0.02898,0.02873,0.02891,4895195.0
2025-04-13 12:15:00+09:00,0.02891,0.02911,0.0287,0.02872,7158225.0
2025-04-13 12:20:00+09:00,0.02874,0.0293,0.02874,0.02911,7125089.0
2025-04-13 12:25:00+09:00,0.02911,0.02937,0.02895,0.02902,7983261.0
2025-04-13 12:30:00+09:00,0.02902,0.02931,0.02893,0.02922,7174904.0
2025-04-13 12:35:00+09:00,0.02921,0.02925,0.02892,0.02894,2277448.0
2025-04-13 12:40:00+09:00,0.02895,0.02905,0.02887,0.02899,2834565.0
2025-04-13 12:45:00+09:00,0.02899,0.02899,0.02883,0.02888,1582826.0
2025-04-13 12:50:00+09:00,0.02889,0.02892,0.02875,0.02889,1806497.0
2025-04-13 12:55:00+09:00,0.0289,0.02896,0.02881,0.02881,1050753.0
2025-04-13 13:00:00+09:00,0.02882,0.02887,0.02866,0.02872,2451598.0
2025-04-13 13:05:00+09:00,0.02871,0.02874,0.02807,0.02815,10653562.0
2025-04-13 13:10:00+09:00,0.02816,0.02832,0.0281,0.02824,3276689.0
2025-04-13 13:15:00+09:00,0.02823,0.02826,0.02807,0.02815,2138898.0
2025-04-13 13:20:00+09:00,0.02815,0.02817,0.02787,0.02788,7460433.0
2025-04-13 13:25:00+09:00,0.02788,0.02802,0.02786,0.02801,1790380.0
2025-04-13 13:30:00+09:00,0.02801,0.02802,0.02775,0.02786,2422912.0
2025-04-13 13:35:00+09:00,0.02788,0.02797,0.02785,0.02794,877685.0
2025-04-13 13:40:00+09:00,0.02794,0.02818,0.0279,0.02815,2226104.0
2025-04-13 13:45:00+09:00,0.02816,0.02823,0.02808,0.02808,1068950.0
2025-04-13 13:50:00+09:00,0.02809,0.02811,0.028,0.02807,2908826.0
2025-04-13 13:55:00+09:00,0.02807,0.02809,0.02778,0.02793,2830936.0
2025-04-13 14:00:00+09:00,0.02794,0.028,0.02785,0.02787,1122234.0
2025-04-13 14:05:00+09:00,0.02788,0.02803,0.02777,0.02777,1706283.0
2025-04-13 14:10:00+09:00,0.02778,0.02789,0.02778,0.02781,1222122.0
2025-04-13 14:15:00+09:00,0.02783,0.02806,0.02783,0.02806,903865.0
2025-04-13 14:20:00+09:00,0.02805,0.02805,0.02788,0.0279,1638686.0
2025-04-13 14:25:00+09:00,0.02789,0.02813,0.02787,0.02805,1323943.0
2025-04-13 14:30:00+09:00,0.02806,0.02808,0.02798,0.02804,676298.0
2025-04-13 14:35:00+09:00,0.02803,0.02812,0.02797,0.02803,1116612.0
2025-04-13 14:40:00+09:00,0.02804,0.02824,0.02804,0.02819,1171953.0
2025-04-13 14:45:00+09:00,0.02819,0.02819,0.02802,0.02803,864380.0
2025-04-13 14:50:00+09:00,0.02802,0.02802,0.02792,0.02801,1441835.0
2025-04-13 14:55:00+09:00,0.02801,0.02811,0.02799,0.028,814865.0
2025-04-13 15:00:00+09:00,0.02799,0.02806,0.02794,0.02803,1167301.0
2025-04-13 15:05:00+09:00,0.02803,0.02816,0.02802,0.02808,1451352.0
2025-04-13 15:10:00+09:00,0.02809,0.0283,0.02809,0.02821,2285225.0
2025-04-13 15:15:00+09:00,0.02822,0.02824,0.02805,0.02806,955601.0
2025-04-13 15:20:00+09:00,0.02805,0.02819,0.02797,0.02816,1398686.0
2025-04-13 15:25:00+09:00,0.02816,0.02825,0.02808,0.02825,919077.0
2025-04-13 15:30:00+09:00,0.02824,0.02844,0.02821,0.02844,1698619.0
2025-04-13 15:35:00+09:00,0.02844,0.02863,0.02844,0.0286,2230560.0
2025-04-13 15:40:00+09:00,0.0286,0.02897,0.0286,0.02884,3298135.0
2025-04-13 15:45:00+09:00,0.02885,0.0294,0.02878,0.02912,10622471.0
2025-04-13 15:50:00+09:00,0.02912,0.0293,0.02903,0.02915,4067079.0
2025-04-13 15:55:00+09:00,0.02914,0.02918,0.02882,0.02903,8558060.0
2025-04-13 16:00:00+09:00,0.02902,0.02916,0.02882,0.02912,2895572.0
2025-04-13 16:05:00+09:00,0.02913,0.02915,0.02887,0.02894,1471182.0
2025-04-13 16:10:00+09:00,0.02893,0.02903,0.02882,0.02887,1546816.0
2025-04-13 16:15:00+09:00,0.02889,0.02905,0.02884,0.02888,2076811.0
2025-04-13 16:20:00+09:00,0.02888,0.02895,0.02885,0.02885,1098063.0
2025-04-13 16:25:00+09:00,0.02884,0.02897,0.02873,0.02873,2043568.0
2025-04-13 16:30:00+09:00,0.02873,0.02892,0.02873,0.0289,1313549.0
2025-04-13 16:35:00+09:00,0.02889,0.02903,0.02885,0.02886,3474247.0
2025-04-13 16:40:00+09:00,0.02886,0.02897,0.02884,0.02893,1380441.0
2025-04-13 16:45:00+09:00,0.02893,0.02894,0.02879,0.02888,1589071.0
2025-04-13 16:50:00+09:00,0.02888,0.02888,0.02865,0.02869,1742082.0
2025-04-13 16:55:00+09:00,0.02869,0.02876,0.02868,0.02875,936081.0
2025-04-13 17:00:00+09:00,0.02874,0.02874,0.02815,0.02816,7032672.0
2025-04-13 17:05:00+09:00,0.02814,0.02821,0.02802,0.02813,2891992.0
2025-04-13 17:10:00+09:00,0.02812,0.02813,0.02681,0.02692,27240239.0
2025-04-13 17:15:00+09:00,0.02692,0.02758,0.02692,0.02743,9820108.0
2025-04-13 17:20:00+09:00,0.02743,0.02782,0.02743,0.02774,10027803.0
2025-04-13 17:25:00+09:00,0.02775,0.02918,0.0276,0.02883,35850517.0
2025-04-13 17:30:00+09:00,0.02883,0.031,0.0288,0.03066,77821456.0
2025-04-13 17:35:00+09:00,0.03066,0.0318,0.03052,0.03172,60255486.0
2025-04-13 17:40:00+09:00,0.03173,0.03244,0.03095,0.03117,55510762.0
2025-04-13 17:45:00+09:00,0.03117,0.03221,0.03108,0.03176,26330977.0
2025-04-13 17:50:00+09:00,0.03177,0.03184,0.03126,0.03133,15213445.0
2025-04-13 17:55:00+09:00,0.03134,0.03141,0.03057,0.03091,34222580.0
2025-04-13 18:00:00+09:00,0.0309,0.03171,0.03074,0.03127,30627280.0
2025-04-13 18:05:00+09:00,0.03126,0.03135,0.03078,0.03119,12982457.0
2025-04-13 18:10:00+09:00,0.03121,0.03131,0.03096,0.03097,7928071.0
2025-04-13 18:15:00+09:00,0.03096,0.03155,0.03037,0.03145,31372176.0
2025-04-13 18:20:00+09:00,0.03145,0.0326,0.03133,0.03171,45557187.0
2025-04-13 18:25:00+09:00,0.0317,0.03216,0.03153,0.0321,14319273.0
2025-04-13 18:30:00+09:00,0.03209,0.03249,0.03185,0.03216,14209761.0
2025-04-13 18:35:00+09:00,0.03215,0.03271,0.03195,0.03237,18420101.0
2025-04-13 18:40:00+09:00,0.03236,0.03239,0.03199,0.03209,10075439.0
2025-04-13 18:45:00+09:00,0.03209,0.03213,0.0318,0.0319,9311222.0
2025-04-13 18:50:00+09:00,0.03192,0.03203,0.03182,0.03189,5143634.0
2025-04-13 18:55:00+09:00,0.03189,0.03306,0.03183,0.03292,26143049.0
2025-04-13 19:00:00+09:00,0.03292,0.03325,0.03248,0.03273,25491983.0
2025-04-13 19:05:00+09:00,0.03274,0.0329,0.03256,0.03273,15539984.0
2025-04-13 19:10:00+09:00,0.03272,0.03321,0.03269,0.03308,24392176.0
2025-04-13 19:15:00+09:00,0.03307,0.03322,0.03251,0.03266,23465318.0
2025-04-13 19:20:00+09:00,0.03267,0.03314,0.03267,0.03298,19781019.0
2025-04-13 19:25:00+09:00,0.03297,0.03315,0.03237,0.03262,26398289.0
2025-04-13 19:30:00+09:00,0.0326,0.03347,0.03247,0.03332,27996797.0
2025-04-13 19:35:00+09:00,0.03331,0.03421,0.03331,0.0341,48590252.0
2025-04-13 19:40:00+09:00,0.03409,0.03447,0.03363,0.03373,58968852.0
2025-04-13 19:45:00+09:00,0.03374,0.03417,0.03355,0.03402,38110015.0
2025-04-13 19:50:00+09:00,0.03402,0.03445,0.03398,0.03408,36286261.0
2025-04-13 19:55:00+09:00,0.03407,0.03411,0.03384,0.0339,19226651.0
2025-04-13 20:00:00+09:00,0.0339,0.03438,0.0338,0.03397,26321918.0
2025-04-13 20:05:00+09:00,0.03397,0.03419,0.03321,0.03348,47496987.0
2025-04-13 20:10:00+09:00,0.03347,0.03376,0.03342,0.03364,17917927.0
2025-04-13 20:15:00+09:00,0.03363,0.03403,0.0331,0.03336,34742879.0
2025-04-13 20:20:00+09:00,0.03337,0.03357,0.03309,0.03354,21586333.0
2025-04-13 20:25:00+09:00,0.03356,0.03433,0.03356,0.03411,38627821.0
2025-04-13 20:30:00+09:00,0.0341,0.03424,0.03379,0.03398,19888299.0
2025-04-13 20:35:00+09:00,0.03397,0.03414,0.03367,0.03383,22143803.0
2025-04-13 20:40:00+09:00,0.03384,0.03419,0.03362,0.034,18976393.0
2025-04-13 20:45:00+09:00,0.03401,0.0342,0.03381,0.03395,19068482.0
2025-04-13 20:50:00+09:00,0.03395,0.03489,0.03379,0.03445,50000191.0
2025-04-13 20:55:00+09:00,0.03447,0.03496,0.03423,0.03436,45173639.0
2025-04-13 21:00:00+09:00,0.03436,0.03652,0.03385,0.03558,152115430.0
2025-04-13 21:05:00+09:00,0.03558,0.0365,0.03506,0.03506,97671128.0
2025-04-13 21:10:00+09:00,0.03508,0.03509,0.0332,0.03348,136291296.0
2025-04-13 21:15:00+09:00,0.03346,0.03356,0.03168,0.03193,181825188.0
2025-04-13 21:20:00+09:00,0.03192,0.032,0.0305,0.03076,111981427.0
2025-04-13 21:25:00+09:00,0.03077,0.03078,0.02933,0.02963,125621171.0
2025-04-13 21:30:00+09:00,0.02964,0.02996,0.02766,0.02909,242221517.0
2025-04-13 21:35:00+09:00,0.0291,0.02928,0.02873,0.02918,55214651.0
2025-04-13 21:40:00+09:00,0.02919,0.02944,0.02858,0.02903,55821412.0
2025-04-13 21:45:00+09:00,0.02903,0.02946,0.02897,0.02941,26147361.0
2025-04-13 21:50:00+09:00,0.02941,0.02975,0.02934,0.02965,27353610.0
2025-04-13 21:55:00+09:00,0.02965,0.02976,0.02821,0.02856,76862936.0
2025-04-13 22:00:00+09:00,0.02855,0.02906,0.02843,0.02883,33982546.0
2025-04-13 22:05:00+09:00,0.02883,0.0294,0.02881,0.0294,16855251.0
2025-04-13 22:10:00+09:00,0.02941,0.02962,0.02922,0.0293,21508929.0
2025-04-13 22:15:00+09:00,0.02931,0.02951,0.02922,0.0294,12976462.0
2025-04-13 22:20:00+09:00,0.0294,0.02945,0.02869,0.02872,22956746.0
2025-04-13 22:25:00+09:00,0.02872,0.0288,0.02844,0.02855,16594729.0
2025-04-13 22:30:00+09:00,0.02855,0.02856,0.0279,0.0282,25458551.0
2025-04-13 22:35:00+09:00,0.02819,0.02828,0.02803,0.02818,13944170.0
2025-04-13 22:40:00+09:00,0.02818,0.02819,0.02763,0.02766,28478541.0
2025-04-13 22:45:00+09:00,0.02767,0.02797,0.02748,0.02758,23077833.0
2025-04-13 22:50:00+09:00,0.02758,0.02772,0.02741,0.02753,15784892.0
2025-04-13 22:55:00+09:00,0.02753,0.02761,0.0272,0.02725,20431475.0
2025-04-13 23:00:00+09:00,0.02726,0.02747,0.02708,0.02743,22865575.0
2025-04-13 23:05:00+09:00,0.02742,0.02754,0.02717,0.0274,15409267.0
2025-04-13 23:10:00+09:00,0.0274,0.02825,0.0274,0.02817,40069406.0
2025-04-13 23:15:00+09:00,0.02817,0.0282,0.02751,0.02758,27132726.0
2025-04-13 23:20:00+09:00,0.02759,0.02783,0.02748,0.02776,9949616.0
2025-04-13 23:25:00+09:00,0.02776,0.028,0.02772,0.02789,8848751.0
2025-04-13 23:30:00+09:00,0.02789,0.0279,0.02768,0.02786,8116157.0
2025-04-13 23:35:00+09:00,0.02785,0.02806,0.02767,0.02775,9375493.0
2025-04-13 23:40:00+09:00,0.02774,0.02802,0.02761,0.02792,11558578.0
2025-04-13 23:45:00+09:00,0.02793,0.02809,0.0278,0.02794,5267585.0
2025-04-13 23:50:00+09:00,0.02794,0.02811,0.02783,0.02809,5829270.0
2025-04-13 23:55:00+09:00,0.02809,0.02828,0.02809,0.02815,9827081.0
2025-04-14 00:00:00+09:00,0.02814,0.02816,0.02729,0.02743,23361238.0
2025-04-14 00:05:00+09:00,0.02742,0.02762,0.0273,0.02748,10148868.0
2025-04-14 00:10:00+09:00,0.02749,0.02784,0.02747,0.02774,7000641.0
2025-04-14 00:15:00+09:00,0.02775,0.02783,0.02748,0.02763,4944287.0
2025-04-14 00:20:00+09:00,0.02763,0.02763,0.02742,0.02744,4230679.0
2025-04-14 00:25:00+09:00,0.02745,0.02755,0.02738,0.02751,3996287.0
2025-04-14 00:30:00+09:00,0.02752,0.02761,0.0272,0.02734,7688348.0
2025-04-14 00:35:00+09:00,0.02734,0.02746,0.02731,0.02734,4300248.0
2025-04-14 00:40:00+09:00,0.02735,0.02737,0.02714,0.02725,5694428.0
2025-04-14 00:45:00+09:00,0.02726,0.0273,0.02709,0.0272,4105595.0
2025-04-14 00:50:00+09:00,0.0272,0.02753,0.0272,0.02746,7309660.0
2025-04-14 00:55:00+09:00,0.02746,0.02764,0.02734,0.02749,4976232.0
2025-04-14 01:00:00+09:00,0.02749,0.02769,0.02742,0.02751,8085764.0
2025-04-14 01:05:00+09:00,0.02751,0.02774,0.02732,0.02772,9604511.0
2025-04-14 01:10:00+09:00,0.02773,0.02793,0.02762,0.02786,10395165.0
2025-04-14 01:15:00+09:00,0.02786,0.02806,0.02776,0.02796,11447572.0
2025-04-14 01:20:00+09:00,0.02796,0.02825,0.02796,0.02813,12442598.0
2025-04-14 01:25:00+09:00,0.02814,0.02821,0.02806,0.02811,6489077.0
2025-04-14 01:30:00+09:00,0.02812,0.02822,0.02795,0.02806,8743227.0
2025-04-14 01:35:00+09:00,0.02807,0.02811,0.02792,0.02795,7402229.0
2025-04-14 01:40:00+09:00,0.02797,0.0281,0.02789,0.02795,4877236.0
2025-04-14 01:45:00+09:00,0.02796,0.02818,0.02795,0.02804,4598443.0
2025-04-14 01:50:00+09:00,0.02804,0.02841,0.02802,0.02834,9123008.0
2025-04-14 01:55:00+09:00,0.02834,0.0285,0.02831,0.02842,5783233.0
2025-04-14 02:00:00+09:00,0.02842,0.02883,0.02836,0.02871,11924652.0
2025-04-14 02:05:00+09:00,0.02871,0.02899,0.02865,0.02892,10550835.0
2025-04-14 02:10:00+09:00,0.02893,0.02925,0.02887,0.02915,14617387.0
2025-04-14 02:15:00+09:00,0.02916,0.02933,0.02906,0.02926,18964558.0
2025-04-14 02:20:00+09:00,0.02928,0.02969,0.02923,0.02948,18553895.0
2025-04-14 02:25:00+09:00,0.02947,0.02954,0.02925,0.02949,9468854.0
2025-04-14 02:30:00+09:00,0.0295,0.02969,0.02939,0.02942,10839268.0
2025-04-14 02:35:00+09:00,0.02942,0.02949,0.02892,0.02899,17351344.0
2025-04-14 02:40:00+09:00,0.02899,0.02901,0.02874,0.02894,10038263.0
2025-04-14 02:45:00+09:00,0.02893,0.02938,0.02888,0.02919,12924155.0
2025-04-14 02:50:00+09:00,0.02919,0.02978,0.02918,0.02971,12374114.0
2025-04-14 02:55:00+09:00,0.0297,0.03006,0.02969,0.03001,14389710.0
2025-04-14 03:00:00+09:00,0.03001,0.03034,0.03,0.03013,17562257.0
2025-04-14 03:05:00+09:00,0.03014,0.03044,0.03012,0.03026,11947011.0
2025-04-14 03:10:00+09:00,0.03026,0.03029,0.02979,0.02998,12777746.0
2025-04-14 03:15:00+09:00,0.02999,0.03004,0.02965,0.02988,6772636.0
2025-04-14 03:20:00+09:00,0.02987,0.02989,0.02959,0.02961,3854824.0
2025-04-14 03:25:00+09:00,0.02962,0.03051,0.02961,0.02998,13318513.0
2025-04-14 03:30:00+09:00,0.03,0.03031,0.02995,0.03003,9680293.0
2025-04-14 03:35:00+09:00,0.03003,0.03086,0.03003,0.03077,13360026.0
2025-04-14 03:40:00+09:00,0.03075,0.03081,0.03045,0.03059,11449509.0
2025-04-14 03:45:00+09:00,0.03057,0.03102,0.03054,0.03058,12724795.0
2025-04-14 03:50:00+09:00,0.03059,0.03081,0.02981,0.03014,18266344.0
2025-04-14 03:55:00+09:00,0.03013,0.0303,0.02996,0.03019,6183628.0
2025-04-14 04:00:00+09:00,0.03018,0.03053,0.03015,0.03043,9055036.0
2025-04-14 04:05:00+09:00,0.03043,0.03046,0.0299,0.02994,8960915.0
2025-04-14 04:10:00+09:00,0.02994,0.03006,0.02943,0.02996,12549993.0
2025-04-14 04:15:00+09:00,0.02996,0.03013,0.0295,0.02987,16601674.0
2025-04-14 04:20:00+09:00,0.02987,0.02987,0.02934,0.0295,9352647.0
2025-04-14 04:25:00+09:00,0.02951,0.02963,0.02928,0.02936,6365860.0
2025-04-14 04:30:00+09:00,0.02937,0.02954,0.029,0.0291,7744561.0
2025-04-14 04:35:00+09:00,0.0291,0.02912,0.02832,0.0284,22411480.0
2025-04-14 04:40:00+09:00,0.02841,0.02843,0.02788,0.02802,27315276.0
2025-04-14 04:45:00+09:00,0.02803,0.02827,0.02788,0.02814,10341136.0
2025-04-14 04:50:00+09:00,0.02813,0.02814,0.02777,0.02793,8465105.0
2025-04-14 04:55:00+09:00,0.02793,0.02803,0.02731,0.02747,17835280.0
2025-04-14 05:00:00+09:00,0.02748,0.02784,0.02716,0.02783,15571807.0
2025-04-14 05:05:00+09:00,0.02782,0.0279,0.02746,0.02748,10531942.0
2025-04-14 05:10:00+09:00,0.02748,0.02793,0.02739,0.0277,6468635.0
2025-04-14 05:15:00+09:00,0.0277,0.02799,0.02765,0.0278,6278464.0
2025-04-14 05:20:00+09:00,0.0278,0.02788,0.02768,0.02781,2878651.0
2025-04-14 05:25:00+09:00,0.02782,0.02782,0.02735,0.02737,4585693.0
2025-04-14 05:30:00+09:00,0.02737,0.02745,0.02715,0.02725,2802623.0
2025-04-14 05:35:00+09:00,0.02725,0.02725,0.02683,0.02691,11240992.0
2025-04-14 05:40:00+09:00,0.0269,0.02714,0.02686,0.02697,4464791.0
2025-04-14 05:45:00+09:00,0.02698,0.0271,0.02686,0.02693,4697634.0
2025-04-14 05:50:00+09:00,0.02694,0.02718,0.0267,0.02679,9866890.0
2025-04-14 05:55:00+09:00,0.0268,0.02688,0.02669,0.02676,3423520.0
2025-04-14 06:00:00+09:00,0.02675,0.02678,0.02652,0.02661,7036177.0
2025-04-14 06:05:00+09:00,0.02663,0.02666,0.02631,0.0264,9152262.0
2025-04-14 06:10:00+09:00,0.02639,0.02658,0.02633,0.02654,5346949.0
2025-04-14 06:15:00+09:00,0.02654,0.02663,0.02638,0.02658,4238229.0
2025-04-14 06:20:00+09:00,0.02658,0.02659,0.02639,0.02641,3600738.0
2025-04-14 06:25:00+09:00,0.02642,0.02642,0.02616,0.02637,3963220.0
2025-04-14 06:30:00+09:00,0.02636,0.02645,0.02618,0.02634,2790683.0
2025-04-14 06:35:00+09:00,0.02634,0.02634,0.02586,0.02602,6045957.0
2025-04-14 06:40:00+09:00,0.02603,0.0262,0.02603,0.02619,2763669.0
2025-04-14 06:45:00+09:00,0.02619,0.02633,0.02619,0.02633,1005663.0
2025-04-14 06:50:00+09:00,0.02633,0.02663,0.02633,0.02656,4967233.0
2025-04-14 06:55:00+09:00,0.02656,0.02667,0.02616,0.02617,5527969.0
2025-04-14 07:00:00+09:00,0.02617,0.02642,0.026,0.02626,4091491.0
2025-04-14 07:05:00+09:00,0.02626,0.0263,0.02607,0.02613,4152738.0
2025-04-14 07:10:00+09:00,0.02614,0.02617,0.02605,0.02609,3215196.0
2025-04-14 07:15:00+09:00,0.02608,0.02641,0.02608,0.02633,4560808.0
2025-04-14 07:20:00+09:00,0.02634,0.02658,0.02631,0.02656,2061599.0
2025-04-14 07:25:00+09:00,0.02656,0.02666,0.02641,0.02643,1904104.0
2025-04-14 07:30:00+09:00,0.02643,0.02658,0.02622,0.02622,6007356.0
2025-04-14 07:35:00+09:00,0.02621,0.02632,0.02608,0.02608,4862020.0
2025-04-14 07:40:00+09:00,0.02608,0.02634,0.02599,0.02611,5306133.0
2025-04-14 07:45:00+09:00,0.02612,0.02612,0.02599,0.02609,4265046.0
2025-04-14 07:50:00+09:00,0.02608,0.02616,0.02602,0.02615,2218166.0
2025-04-14 07:55:00+09:00,0.02614,0.02614,0.02582,0.02584,5368018.0
2025-04-14 08:00:00+09:00,0.02586,0.02601,0.02564,0.02584,10477505.0
2025-04-14 08:05:00+09:00,0.02584,0.02616,0.0258,0.02612,2873679.0
2025-04-14 08:10:00+09:00,0.02611,0.02654,0.02611,0.02635,7348385.0
2025-04-14 08:15:00+09:00,0.02634,0.0264,0.02614,0.0263,5611244.0
2025-04-14 08:20:00+09:00,0.02629,0.02636,0.02608,0.02619,3591441.0
2025-04-14 08:25:00+09:00,0.0262,0.02637,0.02613,0.02633,3224211.0
2025-04-14 08:30:00+09:00,0.02632,0.02639,0.02621,0.02621,2513884.0
2025-04-14 08:35:00+09:00,0.02621,0.02628,0.02607,0.02624,3148573.0
2025-04-14 08:40:00+09:00,0.02625,0.02626,0.02605,0.02615,2356331.0
2025-04-14 08:45:00+09:00,0.02615,0.02656,0.02614,0.02655,3687998.0
2025-04-14 08:50:00+09:00,0.02656,0.02657,0.02646,0.02647,2039495.0
2025-04-14 08:55:00+09:00,0.02648,0.02666,0.02643,0.0265,4742020.0
2025-04-14 09:00:00+09:00,0.0265,0.02668,0.02621,0.02623,8376266.0
2025-04-14 09:05:00+09:00,0.02623,0.02633,0.02608,0.02623,4877977.0
2025-04-14 09:10:00+09:00,0.02624,0.02647,0.02616,0.0264,4461974.0
2025-04-14 09:15:00+09:00,0.0264,0.02652,0.02626,0.02652,4620627.0
2025-04-14 09:20:00+09:00,0.02652,0.02705,0.02652,0.02694,9155711.0
2025-04-14 09:25:00+09:00,0.02693,0.02707,0.02673,0.02686,5173481.0
2025-04-14 09:30:00+09:00,0.02686,0.02691,0.02669,0.0268,3893353.0
2025-04-14 09:35:00+09:00,0.02678,0.02683,0.02661,0.02675,2839436.0
2025-04-14 09:40:00+09:00,0.02675,0.02695,0.02669,0.02693,2692444.0
2025-04-14 09:45:00+09:00,0.02693,0.02701,0.02676,0.02699,5709589.0
2025-04-14 09:50:00+09:00,0.02699,0.02715,0.02684,0.02684,4589839.0
2025-04-14 09:55:00+09:00,0.02683,0.02707,0.02672,0.02704,4960522.0
2025-04-14 10:00:00+09:00,0.02704,0.02715,0.02695,0.0271,4322709.0
2025-04-14 10:05:00+09:00,0.0271,0.02711,0.02677,0.027,5949004.0
2025-04-14 10:10:00+09:00,0.02701,0.02702,0.02678,0.0268,2497897.0
2025-04-14 10:15:00+09:00,0.0268,0.02698,0.0268,0.02683,1560689.0
2025-04-14 10:20:00+09:00,0.02684,0.02692,0.02684,0.02687,1283312.0
2025-04-14 10:25:00+09:00,0.02687,0.02692,0.02669,0.02673,3491561.0
2025-04-14 10:30:00+09:00,0.02674,0.02704,0.02671,0.02691,4683623.0
2025-04-14 10:35:00+09:00,0.02691,0.02707,0.0269,0.02692,2467486.0
2025-04-14 10:40:00+09:00,0.02692,0.02708,0.02679,0.02706,3937551.0
2025-04-14 10:45:00+09:00,0.02706,0.02727,0.02704,0.02721,4419991.0
2025-04-14 10:50:00+09:00,0.02721,0.02744,0.02712,0.02723,5660247.0
2025-04-14 10:55:00+09:00,0.02723,0.02727,0.02711,0.02714,2668132.0
2025-04-14 11:00:00+09:00,0.02714,0.02715,0.02686,0.02697,2998412.0
2025-04-14 11:05:00+09:00,0.02699,0.0271,0.02692,0.02699,2169306.0
2025-04-14 11:10:00+09:00,0.02699,0.02702,0.02653,0.02664,5336889.0
2025-04-14 11:15:00+09:00,0.02664,0.02672,0.02643,0.0266,2598953.0
2025-04-14 11:20:00+09:00,0.02661,0.02697,0.02659,0.02697,6215485.0
2025-04-14 11:25:00+09:00,0.02697,0.02758,0.02695,0.02757,6408031.0
2025-04-14 11:30:00+09:00,0.02757,0.02822,0.02757,0.02804,13289706.0
2025-04-14 11:35:00+09:00,0.02805,0.02831,0.02746,0.02751,14372432.0
2025-04-14 11:40:00+09:00,0.02751,0.02752,0.02716,0.02732,5967590.0
2025-04-14 11:45:00+09:00,0.02732,0.02766,0.02732,0.02744,7080725.0
2025-04-14 11:50:00+09:00,0.02744,0.02756,0.02737,0.0275,4891579.0
2025-04-14 11:55:00+09:00,0.02749,0.02749,0.02724,0.02743,3230958.0
2025-04-14 12:00:00+09:00,0.02742,0.02762,0.02731,0.02744,6848089.0
2025-04-14 12:05:00+09:00,0.02743,0.02757,0.02714,0.02716,5342211.0
2025-04-14 12:10:00+09:00,0.02717,0.02747,0.02717,0.02732,4545085.0
2025-04-14 12:15:00+09:00,0.02731,0.0274,0.027,0.02712,5465937.0
2025-04-14 12:20:00+09:00,0.02712,0.02728,0.02708,0.02717,4282230.0
2025-04-14 12:25:00+09:00,0.02717,0.02727,0.0271,0.02725,1302397.0
2025-04-14 12:30:00+09:00,0.02725,0.02748,0.02725,0.02735,2873725.0
2025-04-14 12:35:00+09:00,0.02736,0.02761,0.02729,0.02732,4906429.0
2025-04-14 12:40:00+09:00,0.02733,0.02741,0.02725,0.02735,2194019.0
2025-04-14 12:45:00+09:00,0.02735,0.0276,0.02732,0.02752,5691921.0
2025-04-14 12:50:00+09:00,0.02753,0.02755,0.02733,0.02743,2166370.0
2025-04-14 12:55:00+09:00,0.02743,0.02757,0.02735,0.02756,1407382.0
2025-04-14 13:00:00+09:00,0.02755,0.02764,0.02726,0.02747,5160314.0
2025-04-14 13:05:00+09:00,0.02746,0.0277,0.02731,0.02758,4209614.0
2025-04-14 13:10:00+09:00,0.02757,0.02769,0.02733,0.02741,3201716.0
2025-04-14 13:15:00+09:00,0.02742,0.02755,0.02731,0.02745,2935418.0
2025-04-14 13:20:00+09:00,0.02746,0.0276,0.02726,0.02731,5714573.0
2025-04-14 13:25:00+09:00,0.02732,0.02749,0.02723,0.02745,1759918.0
2025-04-14 13:30:00+09:00,0.02745,0.02765,0.02739,0.02762,2824939.0
2025-04-14 13:35:00+09:00,0.02761,0.02828,0.02758,0.02821,11815069.0
2025-04-14 13:40:00+09:00,0.02822,0.02825,0.028,0.02817,6540178.0
2025-04-14 13:45:00+09:00,0.02817,0.02864,0.02814,0.02854,7882480.0
2025-04-14 13:50:00+09:00,0.02855,0.02866,0.02832,0.02849,10522974.0
2025-04-14 13:55:00+09:00,0.02849,0.02851,0.02814,0.0282,3372594.0
2025-04-14 14:00:00+09:00,0.02819,0.02825,0.0279,0.02798,5032855.0
2025-04-14 14:05:00+09:00,0.02799,0.02808,0.02778,0.02795,2362345.0
2025-04-14 14:10:00+09:00,0.02793,0.02803,0.02786,0.02796,2619020.0
2025-04-14 14:15:00+09:00,0.02796,0.02808,0.02782,0.02806,2913571.0
2025-04-14 14:20:00+09:00,0.02806,0.02807,0.0278,0.02797,2773858.0
2025-04-14 14:25:00+09:00,0.02798,0.0281,0.02795,0.02804,1051946.0
2025-04-14 14:30:00+09:00,0.02804,0.02804,0.02767,0.02781,3964080.0
2025-04-14 14:35:00+09:00,0.0278,0.0278,0.02759,0.02771,2333917.0
2025-04-14 14:40:00+09:00,0.0277,0.02775,0.0273,0.02732,7697687.0
2025-04-14 14:45:00+09:00,0.02733,0.02757,0.02731,0.02752,2982885.0
2025-04-14 14:50:00+09:00,0.02751,0.02766,0.02748,0.02761,3324567.0
2025-04-14 14:55:00+09:00,0.0276,0.02769,0.02756,0.02767,1483500.0
2025-04-14 15:00:00+09:00,0.02766,0.0277,0.02745,0.02751,3810857.0
2025-04-14 15:05:00+09:00,0.02751,0.02752,0.02731,0.02739,2931369.0
2025-04-14 15:10:00+09:00,0.02739,0.0276,0.02739,0.02751,1874077.0
2025-04-14 15:15:00+09:00,0.02751,0.02753,0.0273,0.02737,4110645.0
2025-04-14 15:20:00+09:00,0.02736,0.02759,0.02736,0.02749,5201684.0
2025-04-14 15:25:00+09:00,0.02749,0.02751,0.02734,0.02741,1648699.0
2025-04-14 15:30:00+09:00,0.02742,0.02754,0.02731,0.0274,2663488.0
2025-04-14 15:35:00+09:00,0.02741,0.02757,0.02739,0.02751,1608246.0
2025-04-14 15:40:00+09:00,0.02752,0.02753,0.0274,0.02745,2484313.0
2025-04-14 15:45:00+09:00,0.02746,0.02751,0.02739,0.02742,2049963.0
2025-04-14 15:50:00+09:00,0.02742,0.02758,0.02739,0.0274,1816538.0
2025-04-14 15:55:00+09:00,0.0274,0.02746,0.02733,0.02744,2792588.0
2025-04-14 16:00:00+09:00,0.02742,0.02752,0.02729,0.02745,3290568.0
2025-04-14 16:05:00+09:00,0.02746,0.02774,0.02745,0.0277,5099147.0
2025-04-14 16:10:00+09:00,0.02771,0.02786,0.02751,0.02774,10861126.0
2025-04-14 16:15:00+09:00,0.02772,0.02794,0.0276,0.02792,6230663.0
2025-04-14 16:20:00+09:00,0.02793,0.02806,0.02782,0.02788,3891262.0
2025-04-14 16:25:00+09:00,0.02787,0.02808,0.02784,0.02799,2942677.0
2025-04-14 16:30:00+09:00,0.028,0.02803,0.02759,0.02764,4343660.0
2025-04-14 16:35:00+09:00,0.02762,0.02774,0.02757,0.02757,2655729.0
2025-04-14 16:40:00+09:00,0.02757,0.02763,0.02738,0.0274,3466090.0
2025-04-14 16:45:00+09:00,0.02739,0.02759,0.02738,0.02744,3757703.0
2025-04-14 16:50:00+09:00,0.02744,0.0276,0.02732,0.02755,2002785.0
2025-04-14 16:55:00+09:00,0.02756,0.02761,0.0275,0.02752,1174964.0
2025-04-14 17:00:00+09:00,0.02753,0.02813,0.02751,0.02791,6540794.0
2025-04-14 17:05:00+09:00,0.02791,0.02844,0.02766,0.02785,31098542.0
2025-04-14 17:10:00+09:00,0.02784,0.02793,0.02748,0.02758,4383181.0
2025-04-14 17:15:00+09:00,0.02758,0.02777,0.02754,0.02776,2854957.0
2025-04-14 17:20:00+09:00,0.02775,0.02792,0.02769,0.02774,1752494.0
2025-04-14 17:25:00+09:00,0.02773,0.0281,0.02756,0.02781,20878850.0
2025-04-14 17:30:00+09:00,0.0278,0.02785,0.02768,0.02779,3270292.0
2025-04-14 17:35:00+09:00,0.02779,0.02799,0.02779,0.02787,3278694.0
2025-04-14 17:40:00+09:00,0.02789,0.02809,0.02781,0.02805,2254359.0
2025-04-14 17:45:00+09:00,0.02804,0.02826,0.02776,0.0278,5324359.0
2025-04-14 17:50:00+09:00,0.02781,0.02784,0.02771,0.02781,4172432.0
2025-04-14 17:55:00+09:00,0.02782,0.02788,0.02772,0.02783,1992885.0
2025-04-14 18:00:00+09:00,0.02783,0.02788,0.02735,0.02753,4244941.0
2025-04-14 18:05:00+09:00,0.02753,0.02771,0.02747,0.02747,2380093.0
2025-04-14 18:10:00+09:00,0.02747,0.02758,0.02738,0.02755,2181678.0
2025-04-14 18:15:00+09:00,0.02754,0.02761,0.02746,0.02748,1823236.0
2025-04-14 18:20:00+09:00,0.02748,0.02754,0.02732,0.02739,2383606.0
2025-04-14 18:25:00+09:00,0.0274,0.02746,0.02735,0.02742,2012329.0
2025-04-14 18:30:00+09:00,0.02741,0.02773,0.02738,0.0277,4918131.0
2025-04-14 18:35:00+09:00,0.0277,0.02781,0.02764,0.02768,3617289.0
2025-04-14 18:40:00+09:00,0.02769,0.02776,0.02752,0.0276,2060438.0
2025-04-14 18:45:00+09:00,0.02761,0.02764,0.02709,0.02739,16494451.0
2025-04-14 18:50:00+09:00,0.02741,0.02749,0.02729,0.02744,3406489.0
2025-04-14 18:55:00+09:00,0.02745,0.0276,0.02743,0.02749,2289977.0
2025-04-14 19:00:00+09:00,0.02749,0.02767,0.02747,0.02761,3623510.0
2025-04-14 19:05:00+09:00,0.02761,0.02789,0.02755,0.02789,2325243.0
2025-04-14 19:10:00+09:00,0.0279,0.02797,0.02761,0.02771,5771820.0
2025-04-14 19:15:00+09:00,0.02771,0.02785,0.02771,0.02784,1902226.0
2025-04-14 19:20:00+09:00,0.02784,0.02832,0.02784,0.02819,7971933.0
2025-04-14 19:25:00+09:00,0.02818,0.02853,0.02815,0.02845,4066757.0
2025-04-14 19:30:00+09:00,0.02844,0.02872,0.02836,0.02863,5588437.0
2025-04-14 19:35:00+09:00,0.02863,0.02867,0.02831,0.0284,7526496.0
2025-04-14 19:40:00+09:00,0.02841,0.02846,0.02818,0.02844,6640677.0
2025-04-14 19:45:00+09:00,0.02845,0.02854,0.02814,0.02827,5871355.0
2025-04-14 19:50:00+09:00,0.02826,0.02833,0.0281,0.02831,6632238.0
2025-04-14 19:55:00+09:00,0.02832,0.02849,0.02832,0.02838,4092756.0
2025-04-14 20:00:00+09:00,0.02838,0.02846,0.02816,0.0283,4101408.0
2025-04-14 20:05:00+09:00,0.0283,0.02859,0.0283,0.02845,4464397.0
2025-04-14 20:10:00+09:00,0.02846,0.02848,0.02827,0.02844,4207032.0
2025-04-14 20:15:00+09:00,0.02845,0.02853,0.0283,0.02842,3291201.0
2025-04-14 20:20:00+09:00,0.0284,0.02861,0.02822,0.0284,5027965.0
2025-04-14 20:25:00+09:00,0.0284,0.02849,0.0282,0.0282,6340478.0
2025-04-14 20:30:00+09:00,0.02821,0.02831,0.02807,0.02825,6695139.0
2025-04-14 20:35:00+09:00,0.02826,0.02846,0.02826,0.02838,3497973.0
2025-04-14 20:40:00+09:00,0.02839,0.02848,0.02831,0.02844,1931284.0
2025-04-14 20:45:00+09:00,0.02842,0.029,0.02841,0.02884,4315061.0
2025-04-14 20:50:00+09:00,0.02882,0.02905,0.02879,0.02895,7258909.0
2025-04-14 20:55:00+09:00,0.02895,0.02909,0.02886,0.02904,3098712.0
2025-04-14 21:00:00+09:00,0.02904,0.02923,0.02874,0.02893,9070436.0
2025-04-14 21:05:00+09:00,0.02892,0.02892,0.02864,0.0289,5602736.0
2025-04-14 21:10:00+09:00,0.02889,0.0289,0.02823,0.02828,9946242.0
2025-04-14 21:15:00+09:00,0.02829,0.0285,0.02828,0.02843,4417153.0
2025-04-14 21:20:00+09:00,0.02844,0.0287,0.02838,0.02866,6825195.0
2025-04-14 21:25:00+09:00,0.02866,0.02876,0.02843,0.02874,5983508.0
2025-04-14 21:30:00+09:00,0.02874,0.02881,0.0285,0.0287,5383026.0
2025-04-14 21:35:00+09:00,0.02871,0.02912,0.02867,0.029,5374410.0
2025-04-14 21:40:00+09:00,0.029,0.02908,0.02865,0.02889,5994071.0
2025-04-14 21:45:00+09:00,0.02889,0.02903,0.02883,0.02887,2248058.0
2025-04-14 21:50:00+09:00,0.02887,0.02892,0.02853,0.02862,4840013.0
2025-04-14 21:55:00+09:00,0.02862,0.02865,0.02853,0.02865,2477168.0
2025-04-14 22:00:00+09:00,0.02866,0.02878,0.02858,0.02864,4623709.0
2025-04-14 22:05:00+09:00,0.02863,0.02877,0.02861,0.02864,2104094.0
2025-04-14 22:10:00+09:00,0.02865,0.02872,0.02856,0.02858,2460208.0
2025-04-14 22:15:00+09:00,0.02859,0.02893,0.02858,0.02867,3289203.0
2025-04-14 22:20:00+09:00,0.02866,0.02866,0.02828,0.02845,5223244.0
2025-04-14 22:25:00+09:00,0.02846,0.02849,0.02836,0.02841,2671231.0
2025-04-14 22:30:00+09:00,0.0284,0.02854,0.02815,0.02846,8148872.0
2025-04-14 22:35:00+09:00,0.02845,0.02854,0.02834,0.02848,4744942.0
2025-04-14 22:40:00+09:00,0.02848,0.02854,0.02825,0.02838,4612139.0
2025-04-14 22:45:00+09:00,0.02839,0.02844,0.02814,0.02832,4138206.0
2025-04-14 22:50:00+09:00,0.02833,0.02857,0.02823,0.02844,4611414.0
2025-04-14 22:55:00+09:00,0.02843,0.02843,0.02825,0.02838,4807010.0
2025-04-14 23:00:00+09:00,0.02839,0.02861,0.02835,0.02849,4239742.0
2025-04-14 23:05:00+09:00,0.02847,0.02882,0.02846,0.02879,4026684.0
2025-04-14 23:10:00+09:00,0.02879,0.02887,0.02865,0.02868,6263792.0
2025-04-14 23:15:00+09:00,0.02869,0.0288,0.02856,0.02875,3723778.0
2025-04-14 23:20:00+09:00,0.02877,0.02933,0.02875,0.02929,10858759.0
2025-04-14 23:25:00+09:00,0.02929,0.02935,0.02912,0.02929,6905848.0
2025-04-14 23:30:00+09:00,0.02929,0.0294,0.02911,0.02919,5522587.0
2025-04-14 23:35:00+09:00,0.02918,0.02936,0.02907,0.02935,3478100.0
2025-04-14 23:40:00+09:00,0.02936,0.0294,0.02888,0.0289,3521804.0
2025-04-14 23:45:00+09:00,0.0289,0.02901,0.02882,0.02894,3003520.0
2025-04-14 23:50:00+09:00,0.02895,0.02923,0.02895,0.02922,3345216.0
2025-04-14 23:55:00+09:00,0.02924,0.02924,0.02904,0.02908,3704732.0
2025-04-15 00:00:00+09:00,0.02909,0.02911,0.02836,0.02849,8314896.0
2025-04-15 00:05:00+09:00,0.0285,0.02873,0.0284,0.02869,5835412.0
2025-04-15 00:10:00+09:00,0.02869,0.02872,0.02808,0.02815,5479194.0
2025-04-15 00:15:00+09:00,0.02815,0.02834,0.02812,0.02827,3869256.0
2025-04-15 00:20:00+09:00,0.02828,0.02832,0.02806,0.02811,3028436.0
2025-04-15 00:25:00+09:00,0.0281,0.0281,0.02788,0.02802,5039562.0
2025-04-15 00:30:00+09:00,0.02803,0.02803,0.02774,0.02784,4407939.0
2025-04-15 00:35:00+09:00,0.02783,0.02786,0.0275,0.02758,8084806.0
2025-04-15 00:40:00+09:00,0.02758,0.02769,0.02742,0.02755,8022813.0
2025-04-15 00:45:00+09:00,0.02757,0.02768,0.02744,0.02749,5968987.0
2025-04-15 00:50:00+09:00,0.02747,0.02759,0.02738,0.02738,3163647.0
2025-04-15 00:55:00+09:00,0.02737,0.0274,0.02721,0.02732,3249965.0
2025-04-15 01:00:00+09:00,0.02733,0.02753,0.02715,0.02728,6627084.0
2025-04-15 01:05:00+09:00,0.02728,0.02729,0.02676,0.0268,10848929.0
2025-04-15 01:10:00+09:00,0.02681,0.02683,0.02645,0.02656,15435754.0
2025-04-15 01:15:00+09:00,0.02656,0.02674,0.02634,0.02655,9841976.0
2025-04-15 01:20:00+09:00,0.02656,0.02682,0.02627,0.02638,9912455.0
2025-04-15 01:25:00+09:00,0.02637,0.02639,0.02615,0.02624,5324368.0
2025-04-15 01:30:00+09:00,0.02623,0.02657,0.02612,0.02652,11013518.0
2025-04-15 01:35:00+09:00,0.02652,0.02669,0.02647,0.02658,6488119.0
2025-04-15 01:40:00+09:00,0.02659,0.02682,0.02659,0.0267,6838997.0
2025-04-15 01:45:00+09:00,0.02668,0.02694,0.02663,0.02691,4648805.0
2025-04-15 01:50:00+09:00,0.02692,0.02695,0.0267,0.02679,4652596.0
2025-04-15 01:55:00+09:00,0.02678,0.02687,0.02665,0.02673,3619916.0
2025-04-15 02:00:00+09:00,0.02674,0.02709,0.02674,0.02707,9754753.0
2025-04-15 02:05:00+09:00,0.02708,0.02719,0.02701,0.0271,2397777.0
2025-04-15 02:10:00+09:00,0.0271,0.02724,0.02705,0.02722,1892493.0
2025-04-15 02:15:00+09:00,0.02722,0.02734,0.02713,0.02724,2683661.0
2025-04-15 02:20:00+09:00,0.02725,0.02753,0.02716,0.02746,3884567.0
2025-04-15 02:25:00+09:00,0.02746,0.02746,0.02725,0.02726,2014629.0
2025-04-15 02:30:00+09:00,0.02726,0.02727,0.02706,0.02711,2335914.0
2025-04-15 02:35:00+09:00,0.0271,0.02718,0.02707,0.02716,1776646.0
2025-04-15 02:40:00+09:00,0.02717,0.02717,0.02694,0.02704,2855967.0
2025-04-15 02:45:00+09:00,0.02704,0.02704,0.02685,0.02685,2098827.0
2025-04-15 02:50:00+09:00,0.02685,0.02725,0.02679,0.02723,4797843.0
2025-04-15 02:55:00+09:00,0.02722,0.02722,0.02705,0.02711,1663164.0
2025-04-15 03:00:00+09:00,0.02712,0.02727,0.02704,0.02713,2840858.0
2025-04-15 03:05:00+09:00,0.02713,0.02724,0.02703,0.02715,1546543.0
2025-04-15 03:10:00+09:00,0.02715,0.0272,0.02706,0.0272,1848491.0
2025-04-15 03:15:00+09:00,0.0272,0.02724,0.02706,0.02712,1566892.0
2025-04-15 03:20:00+09:00,0.02713,0.02726,0.02712,0.02723,1282971.0
2025-04-15 03:25:00+09:00,0.02723,0.02725,0.02704,0.0271,1411664.0
2025-04-15 03:30:00+09:00,0.0271,0.0272,0.02705,0.02717,2083939.0
2025-04-15 03:35:00+09:00,0.02717,0.02726,0.02713,0.02718,1356032.0
2025-04-15 03:40:00+09:00,0.02717,0.02723,0.02713,0.02719,1180677.0
2025-04-15 03:45:00+09:00,0.02719,0.02719,0.02692,0.02703,1841248.0
2025-04-15 03:50:00+09:00,0.02703,0.02713,0.02699,0.02708,1637618.0
2025-04-15 03:55:00+09:00,0.02707,0.0271,0.02654,0.02678,7512702.0
2025-04-15 04:00:00+09:00,0.02677,0.02714,0.02674,0.02706,7996401.0
2025-04-15 04:05:00+09:00,0.02706,0.0273,0.02698,0.02729,5176345.0
2025-04-15 04:10:00+09:00,0.02729,0.02729,0.02703,0.02707,3292039.0
2025-04-15 04:15:00+09:00,0.02707,0.02707,0.02685,0.02692,2514309.0
2025-04-15 04:20:00+09:00,0.02691,0.02701,0.02687,0.0269,1509909.0
2025-04-15 04:25:00+09:00,0.0269,0.02702,0.02689,0.02696,1600777.0
2025-04-15 04:30:00+09:00,0.02695,0.02701,0.02685,0.02696,2372884.0
2025-04-15 04:35:00+09:00,0.02696,0.02713,0.02692,0.02709,3364840.0
2025-04-15 04:40:00+09:00,0.0271,0.02711,0.02681,0.02686,1874414.0
2025-04-15 04:45:00+09:00,0.02687,0.02688,0.02673,0.02677,3535452.0
2025-04-15 04:50:00+09:00,0.02676,0.02687,0.02669,0.02679,1299733.0
2025-04-15 04:55:00+09:00,0.02679,0.0268,0.02672,0.02677,1340258.0
2025-04-15 05:00:00+09:00,0.02678,0.02695,0.02677,0.02688,2413241.0
2025-04-15 05:05:00+09:00,0.02688,0.02715,0.02687,0.02714,2668906.0
2025-04-15 05:10:00+09:00,0.02715,0.02739,0.0271,0.02735,3329678.0
2025-04-15 05:15:00+09:00,0.02734,0.02739,0.02714,0.02727,3926846.0
2025-04-15 05:20:00+09:00,0.02728,0.02736,0.02718,0.02727,1774651.0
2025-04-15 05:25:00+09:00,0.02726,0.02727,0.0271,0.02717,1575726.0
2025-04-15 05:30:00+09:00,0.02717,0.02723,0.02702,0.02703,1800153.0
2025-04-15 05:35:00+09:00,0.02703,0.0271,0.027,0.02706,1164722.0
2025-04-15 05:40:00+09:00,0.02706,0.02711,0.02683,0.02689,1933573.0
2025-04-15 05:45:00+09:00,0.02689,0.02697,0.02685,0.02694,1749795.0
2025-04-15 05:50:00+09:00,0.02694,0.02697,0.02676,0.02685,1711196.0
2025-04-15 05:55:00+09:00,0.02684,0.0269,0.02674,0.02689,1953398.0
2025-04-15 06:00:00+09:00,0.0269,0.02709,0.02685,0.027,2220125.0
2025-04-15 06:05:00+09:00,0.02699,0.02701,0.02686,0.02689,1710522.0
2025-04-15 06:10:00+09:00,0.02688,0.02697,0.02685,0.02695,1078796.0
2025-04-15 06:15:00+09:00,0.02694,0.02698,0.02689,0.0269,1055174.0
2025-04-15 06:20:00+09:00,0.02691,0.02694,0.0268,0.0268,1564927.0
2025-04-15 06:25:00+09:00,0.0268,0.02687,0.02677,0.02678,1795093.0
2025-04-15 06:30:00+09:00,0.02678,0.02681,0.0266,0.02669,1780592.0
2025-04-15 06:35:00+09:00,0.02669,0.02673,0.02637,0.02651,4434622.0
2025-04-15 06:40:00+09:00,0.02652,0.02653,0.0264,0.0265,1277980.0
2025-04-15 06:45:00+09:00,0.0265,0.02672,0.0265,0.02672,668777.0
2025-04-15 06:50:00+09:00,0.02672,0.02675,0.02661,0.02675,1450064.0
2025-04-15 06:55:00+09:00,0.02675,0.02676,0.02666,0.02672,928783.0
2025-04-15 07:00:00+09:00,0.02673,0.02684,0.02669,0.02677,3008097.0
2025-04-15 07:05:00+09:00,0.02676,0.0269,0.02674,0.02678,1396901.0
2025-04-15 07:10:00+09:00,0.02678,0.02701,0.02676,0.0269,1578084.0
2025-04-15 07:15:00+09:00,0.02691,0.02719,0.0269,0.02714,1899296.0
2025-04-15 07:20:00+09:00,0.02714,0.02727,0.02708,0.02726,2877033.0
2025-04-15 07:25:00+09:00,0.02727,0.02732,0.0271,0.02714,2138246.0
2025-04-15 07:30:00+09:00,0.02714,0.02728,0.02712,0.02712,1563721.0
2025-04-15 07:35:00+09:00,0.02713,0.02726,0.02712,0.02725,725043.0
2025-04-15 07:40:00+09:00,0.02725,0.02729,0.02701,0.02706,1620649.0
2025-04-15 07:45:00+09:00,0.02706,0.02709,0.02699,0.02707,1136126.0
2025-04-15 07:50:00+09:00,0.02707,0.02715,0.02701,0.02704,882658.0
2025-04-15 07:55:00+09:00,0.02704,0.02707,0.02692,0.02695,1464778.0
2025-04-15 08:00:00+09:00,0.02696,0.02707,0.02692,0.02695,2231196.0
2025-04-15 08:05:00+09:00,0.02694,0.02695,0.02676,0.02681,2086283.0
2025-04-15 08:10:00+09:00,0.02682,0.02682,0.02674,0.02677,855936.0
2025-04-15 08:15:00+09:00,0.02678,0.02687,0.02676,0.02679,871043.0
2025-04-15 08:20:00+09:00,0.02678,0.02689,0.02675,0.02682,1370980.0
2025-04-15 08:25:00+09:00,0.02682,0.02683,0.02671,0.02681,1555555.0
2025-04-15 08:30:00+09:00,0.02682,0.02683,0.02673,0.02677,2132546.0
2025-04-15 08:35:00+09:00,0.02676,0.02677,0.02666,0.02668,1010627.0
2025-04-15 08:40:00+09:00,0.02668,0.02668,0.02656,0.02659,1247182.0
2025-04-15 08:45:00+09:00,0.02659,0.02675,0.02659,0.02667,1507127.0
2025-04-15 08:50:00+09:00,0.02667,0.02676,0.02664,0.02674,566292.0
2025-04-15 08:55:00+09:00,0.02674,0.02682,0.02671,0.0268,1995078.0
2025-04-15 09:00:00+09:00,0.02679,0.02684,0.02662,0.02663,3140835.0
2025-04-15 09:05:00+09:00,0.02662,0.02666,0.02651,0.0266,2630713.0
2025-04-15 09:10:00+09:00,0.02659,0.02659,0.0263,0.02633,4882299.0
2025-04-15 09:15:00+09:00,0.02633,0.02642,0.0263,0.02632,2530945.0
2025-04-15 09:20:00+09:00,0.02632,0.02647,0.0263,0.02646,2189720.0
2025-04-15 09:25:00+09:00,0.02646,0.02659,0.02645,0.02653,1688100.0
2025-04-15 09:30:00+09:00,0.02653,0.02673,0.02653,0.02669,2268961.0
2025-04-15 09:35:00+09:00,0.0267,0.02698,0.02666,0.02696,4612443.0
2025-04-15 09:40:00+09:00,0.02697,0.02697,0.02673,0.02675,2578105.0
2025-04-15 09:45:00+09:00,0.02674,0.02681,0.02659,0.02659,1568574.0
2025-04-15 09:50:00+09:00,0.02661,0.02661,0.02649,0.02657,1407850.0
2025-04-15 09:55:00+09:00,0.02658,0.0266,0.0265,0.02653,826066.0
2025-04-15 10:00:00+09:00,0.02651,0.02652,0.02637,0.02647,2439005.0
2025-04-15 10:05:00+09:00,0.02646,0.02646,0.02623,0.02626,1995150.0
2025-04-15 10:10:00+09:00,0.02626,0.02636,0.02622,0.02626,2675307.0
2025-04-15 10:15:00+09:00,0.02627,0.02635,0.0262,0.0263,1170384.0
2025-04-15 10:20:00+09:00,0.02631,0.02645,0.02631,0.02641,1151505.0
2025-04-15 10:25:00+09:00,0.02641,0.02664,0.02641,0.02661,1865284.0
2025-04-15 10:30:00+09:00,0.02661,0.02669,0.02649,0.02663,2123986.0
2025-04-15 10:35:00+09:00,0.02663,0.02664,0.02645,0.02656,1199536.0
2025-04-15 10:40:00+09:00,0.02656,0.02656,0.02643,0.02652,1098815.0
2025-04-15 10:45:00+09:00,0.02653,0.02672,0.0265,0.02662,2321693.0
2025-04-15 10:50:00+09:00,0.02664,0.02671,0.02657,0.02667,1649001.0
2025-04-15 10:55:00+09:00,0.02667,0.0267,0.02662,0.02666,1044583.0
2025-04-15 11:00:00+09:00,0.02667,0.02673,0.02654,0.02663,2738893.0
2025-04-15 11:05:00+09:00,0.02664,0.02665,0.02648,0.02656,1229576.0
2025-04-15 11:10:00+09:00,0.02657,0.02664,0.02648,0.0266,1401437.0
2025-04-15 11:15:00+09:00,0.0266,0.02664,0.02655,0.02655,1069195.0
2025-04-15 11:20:00+09:00,0.02656,0.02665,0.02648,0.02654,1864558.0
2025-04-15 11:25:00+09:00,0.02654,0.02656,0.02633,0.02636,2581318.0
2025-04-15 11:30:00+09:00,0.02636,0.02637,0.02625,0.0263,2118620.0
2025-04-15 11:35:00+09:00,0.0263,0.0263,0.02601,0.02615,3787037.0
2025-04-15 11:40:00+09:00,0.02615,0.02635,0.02615,0.02624,2297376.0
2025-04-15 11:45:00+09:00,0.02623,0.02636,0.02623,0.02627,1675929.0
2025-04-15 11:50:00+09:00,0.02628,0.02642,0.02628,0.02634,1191142.0
2025-04-15 11:55:00+09:00,0.02635,0.02651,0.02628,0.02649,1408100.0
2025-04-15 12:00:00+09:00,0.02649,0.0266,0.02639,0.02651,3482782.0
2025-04-15 12:05:00+09:00,0.0265,0.02657,0.02646,0.02654,1501977.0
2025-04-15 12:10:00+09:00,0.02652,0.02653,0.02636,0.02642,2052822.0
2025-04-15 12:15:00+09:00,0.02641,0.02641,0.02625,0.02628,1819063.0
2025-04-15 12:20:00+09:00,0.02628,0.02633,0.02623,0.0263,1324912.0
2025-04-15 12:25:00+09:00,0.0263,0.02634,0.02625,0.02629,959689.0
2025-04-15 12:30:00+09:00,0.0263,0.02671,0.02626,0.02668,4510136.0
2025-04-15 12:35:00+09:00,0.02667,0.02667,0.02653,0.02655,2331928.0
2025-04-15 12:40:00+09:00,0.02655,0.02659,0.02638,0.02652,2102178.0
2025-04-15 12:45:00+09:00,0.02651,0.02658,0.02647,0.02656,1868960.0
2025-04-15 12:50:00+09:00,0.02656,0.02659,0.02648,0.02648,669047.0
2025-04-15 12:55:00+09:00,0.02649,0.02651,0.02644,0.02646,1217531.0
2025-04-15 13:00:00+09:00,0.02645,0.02667,0.02644,0.02659,2625664.0
2025-04-15 13:05:00+09:00,0.02658,0.02658,0.02636,0.02642,1593750.0
2025-04-15 13:10:00+09:00,0.02642,0.02642,0.0262,0.02625,2461286.0
2025-04-15 13:15:00+09:00,0.02625,0.0264,0.02622,0.02631,2606759.0
2025-04-15 13:20:00+09:00,0.02631,0.02632,0.02608,0.02613,2206866.0
2025-04-15 13:25:00+09:00,0.02613,0.02623,0.0261,0.02616,1550990.0
2025-04-15 13:30:00+09:00,0.02615,0.02622,0.02608,0.02621,1379820.0
2025-04-15 13:35:00+09:00,0.0262,0.02621,0.02606,0.0262,2112822.0
2025-04-15 13:40:00+09:00,0.02619,0.02636,0.02613,0.02632,2190694.0
2025-04-15 13:45:00+09:00,0.02631,0.02633,0.0262,0.02626,1008866.0
2025-04-15 13:50:00+09:00,0.02626,0.0263,0.02616,0.0263,1925676.0
2025-04-15 13:55:00+09:00,0.0263,0.02645,0.02626,0.02642,1650593.0
2025-04-15 14:00:00+09:00,0.02642,0.02659,0.02638,0.0265,2940687.0
2025-04-15 14:05:00+09:00,0.0265,0.02662,0.02646,0.02655,2781171.0
2025-04-15 14:10:00+09:00,0.02654,0.02661,0.02646,0.02659,1667444.0
2025-04-15 14:15:00+09:00,0.02658,0.02661,0.02645,0.02652,1798352.0
2025-04-15 14:20:00+09:00,0.02652,0.02674,0.02647,0.02667,1738319.0
2025-04-15 14:25:00+09:00,0.02667,0.02667,0.02641,0.02642,1472679.0
2025-04-15 14:30:00+09:00,0.02641,0.0265,0.0264,0.02643,1462004.0
2025-04-15 14:35:00+09:00,0.02643,0.02674,0.02639,0.02669,2462123.0
2025-04-15 14:40:00+09:00,0.02669,0.02669,0.0265,0.0265,1786278.0
2025-04-15 14:45:00+09:00,0.0265,0.02658,0.02648,0.02652,1301522.0
2025-04-15 14:50:00+09:00,0.02651,0.02655,0.02642,0.02647,1896880.0
2025-04-15 14:55:00+09:00,0.02648,0.0265,0.02637,0.02641,630653.0
2025-04-15 15:00:00+09:00,0.0264,0.02648,0.02626,0.0263,3216740.0
2025-04-15 15:05:00+09:00,0.0263,0.02636,0.02611,0.02612,3135016.0
2025-04-15 15:10:00+09:00,0.02611,0.02623,0.02609,0.02618,3181253.0
2025-04-15 15:15:00+09:00,0.02619,0.02627,0.02612,0.02616,1549011.0
2025-04-15 15:20:00+09:00,0.02616,0.02626,0.02609,0.02612,4964998.0
2025-04-15 15:25:00+09:00,0.02612,0.02631,0.02612,0.02622,2231415.0
2025-04-15 15:30:00+09:00,0.02621,0.02634,0.0262,0.02626,1877546.0
2025-04-15 15:35:00+09:00,0.02625,0.02627,0.02607,0.02624,2856605.0
2025-04-15 15:40:00+09:00,0.02624,0.02635,0.0262,0.02635,1350107.0
2025-04-15 15:45:00+09:00,0.02635,0.02638,0.02629,0.0263,750611.0
2025-04-15 15:50:00+09:00,0.02629,0.02638,0.02621,0.02622,1247609.0
2025-04-15 15:55:00+09:00,0.02622,0.02623,0.02619,0.02621,666993.0
2025-04-15 16:00:00+09:00,0.02621,0.02639,0.02616,0.02639,2466130.0
2025-04-15 16:05:00+09:00,0.02638,0.0264,0.02631,0.02631,1664976.0
2025-04-15 16:10:00+09:00,0.0263,0.02641,0.02628,0.02639,2854823.0
2025-04-15 16:15:00+09:00,0.02638,0.02649,0.02636,0.02649,1669312.0
2025-04-15 16:20:00+09:00,0.02649,0.02662,0.02648,0.02658,2282205.0
2025-04-15 16:25:00+09:00,0.02659,0.02659,0.02651,0.02654,1068413.0
2025-04-15 16:30:00+09:00,0.02655,0.02663,0.02652,0.02662,1542997.0
2025-04-15 16:35:00+09:00,0.02661,0.02666,0.02644,0.02648,1262904.0
2025-04-15 16:40:00+09:00,0.02648,0.02654,0.02648,0.02654,534579.0
2025-04-15 16:45:00+09:00,0.02653,0.02655,0.02644,0.0265,1178538.0
2025-04-15 16:50:00+09:00,0.02649,0.02655,0.02645,0.02648,512690.0
2025-04-15 16:55:00+09:00,0.02648,0.02651,0.02645,0.0265,747242.0
2025-04-15 17:00:00+09:00,0.02649,0.02652,0.02643,0.02648,1225200.0
2025-04-15 17:05:00+09:00,0.02647,0.02651,0.02644,0.02646,1488803.0
2025-04-15 17:10:00+09:00,0.02646,0.02653,0.02645,0.02651,979268.0
2025-04-15 17:15:00+09:00,0.02651,0.02656,0.02645,0.02645,799765.0
2025-04-15 17:20:00+09:00,0.02645,0.02648,0.02637,0.02641,1444370.0
2025-04-15 17:25:00+09:00,0.02641,0.02641,0.02636,0.02639,816008.0
2025-04-15 17:30:00+09:00,0.02639,0.02647,0.02638,0.02644,757293.0
2025-04-15 17:35:00+09:00,0.02644,0.02647,0.02636,0.02642,584954.0
2025-04-15 17:40:00+09:00,0.02643,0.02651,0.02642,0.02648,1319149.0
2025-04-15 17:45:00+09:00,0.02648,0.02658,0.02646,0.02647,918148.0
2025-04-15 17:50:00+09:00,0.02647,0.02649,0.02638,0.02638,580083.0
2025-04-15 17:55:00+09:00,0.02638,0.0264,0.02628,0.02634,1597331.0
2025-04-15 18:00:00+09:00,0.02633,0.0264,0.02623,0.0264,2125299.0
2025-04-15 18:05:00+09:00,0.02641,0.02657,0.02638,0.02654,1616041.0
2025-04-15 18:10:00+09:00,0.02654,0.02666,0.0265,0.02666,1354878.0
2025-04-15 18:15:00+09:00,0.02666,0.02683,0.02664,0.02681,3474001.0
2025-04-15 18:20:00+09:00,0.0268,0.02693,0.02676,0.02689,2911637.0
2025-04-15 18:25:00+09:00,0.02689,0.02697,0.0268,0.02685,3866735.0
2025-04-15 18:30:00+09:00,0.02685,0.02713,0.02673,0.02674,9918125.0
2025-04-15 18:35:00+09:00,0.02674,0.02674,0.02634,0.0264,12589134.0
2025-04-15 18:40:00+09:00,0.02641,0.02694,0.02628,0.02676,16238821.0
2025-04-15 18:45:00+09:00,0.02677,0.02688,0.0266,0.02667,10891728.0
2025-04-15 18:50:00+09:00,0.02667,0.02681,0.02653,0.02673,6206188.0
2025-04-15 18:55:00+09:00,0.02673,0.02674,0.02644,0.02653,11302748.0
2025-04-15 19:00:00+09:00,0.02652,0.02695,0.02648,0.02671,11116380.0
2025-04-15 19:05:00+09:00,0.0267,0.02671,0.02639,0.0265,4448385.0
2025-04-15 19:10:00+09:00,0.0265,0.02653,0.02631,0.02637,6538834.0
2025-04-15 19:15:00+09:00,0.02637,0.02638,0.02621,0.02625,4974099.0
2025-04-15 19:20:00+09:00,0.02627,0.02629,0.02619,0.02625,2389823.0
2025-04-15 19:25:00+09:00,0.02625,0.0264,0.02625,0.02638,2632022.0
2025-04-15 19:30:00+09:00,0.02637,0.02639,0.0261,0.02617,2122085.0
2025-04-15 19:35:00+09:00,0.02617,0.02635,0.02615,0.02624,3102038.0
2025-04-15 19:40:00+09:00,0.02625,0.02637,0.02622,0.02629,2639612.0
2025-04-15 19:45:00+09:00,0.02629,0.0264,0.02624,0.02632,1801139.0
2025-04-15 19:50:00+09:00,0.02632,0.02642,0.02631,0.02631,1324254.0
2025-04-15 19:55:00+09:00,0.02632,0.02638,0.02624,0.02629,2203464.0
2025-04-15 20:00:00+09:00,0.0263,0.02631,0.02607,0.02621,3786375.0
2025-04-15 20:05:00+09:00,0.02621,0.02626,0.02609,0.02619,2832757.0
2025-04-15 20:10:00+09:00,0.02619,0.02621,0.02608,0.02611,1498713.0
2025-04-15 20:15:00+09:00,0.02611,0.02622,0.02609,0.02615,2360465.0
2025-04-15 20:20:00+09:00,0.02616,0.02623,0.02613,0.02621,1426121.0
2025-04-15 20:25:00+09:00,0.02622,0.0263,0.02616,0.02629,1812172.0
2025-04-15 20:30:00+09:00,0.02628,0.02646,0.02627,0.02645,2527677.0
2025-04-15 20:35:00+09:00,0.02644,0.02645,0.02627,0.02631,1337822.0
2025-04-15 20:40:00+09:00,0.02631,0.02637,0.02628,0.02633,1535860.0
2025-04-15 20:45:00+09:00,0.02633,0.02638,0.02627,0.02631,1000789.0
2025-04-15 20:50:00+09:00,0.0263,0.02641,0.02628,0.02637,1504871.0
2025-04-15 20:55:00+09:00,0.02637,0.02643,0.02637,0.0264,850304.0
2025-04-15 21:00:00+09:00,0.02642,0.02661,0.02635,0.02652,3129997.0
2025-04-15 21:05:00+09:00,0.02651,0.02662,0.02648,0.02655,2223352.0
2025-04-15 21:10:00+09:00,0.02654,0.02664,0.02643,0.02656,4203444.0
2025-04-15 21:15:00+09:00,0.02655,0.02665,0.0264,0.0264,1505488.0
2025-04-15 21:20:00+09:00,0.0264,0.02647,0.02625,0.02628,2290843.0
2025-04-15 21:25:00+09:00,0.02628,0.02632,0.02617,0.02617,3564209.0
2025-04-15 21:30:00+09:00,0.02617,0.02626,0.02614,0.02626,3153877.0
2025-04-15 21:35:00+09:00,0.02626,0.02626,0.02617,0.02617,2615896.0
2025-04-15 21:40:00+09:00,0.02617,0.02625,0.02607,0.02611,3749564.0
2025-04-15 21:45:00+09:00,0.0261,0.02627,0.02607,0.02627,2803438.0
2025-04-15 21:50:00+09:00,0.02627,0.02643,0.02627,0.0264,2157074.0
2025-04-15 21:55:00+09:00,0.02641,0.02675,0.0264,0.02675,4133112.0
2025-04-15 22:00:00+09:00,0.02674,0.02675,0.02652,0.02655,5314059.0
2025-04-15 22:05:00+09:00,0.02656,0.02665,0.0265,0.02662,2762799.0
2025-04-15 22:10:00+09:00,0.02662,0.02679,0.02662,0.02668,2421577.0
2025-04-15 22:15:00+09:00,0.02668,0.0267,0.02655,0.02658,1311890.0
2025-04-15 22:20:00+09:00,0.02659,0.02672,0.02658,0.02661,4014485.0
2025-04-15 22:25:00+09:00,0.0266,0.02686,0.02659,0.02686,1737771.0
2025-04-15 22:30:00+09:00,0.02686,0.02689,0.02665,0.02676,4880624.0
2025-04-15 22:35:00+09:00,0.02676,0.027,0.02671,0.02698,3598015.0
2025-04-15 22:40:00+09:00,0.02697,0.02697,0.02683,0.0269,3493011.0
2025-04-15 22:45:00+09:00,0.02689,0.02717,0.02681,0.02709,3303119.0
2025-04-15 22:50:00+09:00,0.02708,0.02708,0.02653,0.02656,4805090.0
2025-04-15 22:55:00+09:00,0.02657,0.02659,0.02637,0.02654,6172678.0
2025-04-15 23:00:00+09:00,0.02654,0.02662,0.02637,0.02653,3335809.0
2025-04-15 23:05:00+09:00,0.02653,0.02664,0.02644,0.02656,3067659.0
2025-04-15 23:10:00+09:00,0.02656,0.02671,0.02652,0.02667,2047532.0
2025-04-15 23:15:00+09:00,0.02667,0.0267,0.02609,0.02613,5935799.0
2025-04-15 23:20:00+09:00,0.02613,0.02624,0.02581,0.02611,9018440.0
2025-04-15 23:25:00+09:00,0.02611,0.02629,0.02608,0.02609,4970819.0
2025-04-15 23:30:00+09:00,0.0261,0.02628,0.02605,0.02619,4308719.0
2025-04-15 23:35:00+09:00,0.0262,0.02628,0.02618,0.02623,1586449.0
2025-04-15 23:40:00+09:00,0.02624,0.02641,0.02612,0.02636,3650031.0
2025-04-15 23:45:00+09:00,0.02636,0.02643,0.02622,0.02632,3150323.0
2025-04-15 23:50:00+09:00,0.02631,0.0264,0.02626,0.02631,1286291.0
2025-04-15 23:55:00+09:00,0.0263,0.02633,0.02607,0.0261,1341575.0
2025-04-16 00:00:00+09:00,0.02612,0.02631,0.02608,0.02626,1866065.0
2025-04-16 00:05:00+09:00,0.02626,0.02632,0.02602,0.02619,2098979.0
2025-04-16 00:10:00+09:00,0.02618,0.02634,0.02616,0.02629,1482133.0
2025-04-16 00:15:00+09:00,0.02629,0.02658,0.02628,0.02658,2519151.0
2025-04-16 00:20:00+09:00,0.02659,0.02662,0.02647,0.0265,1568248.0
2025-04-16 00:25:00+09:00,0.0265,0.02651,0.02637,0.02641,954288.0
2025-04-16 00:30:00+09:00,0.02641,0.0265,0.02629,0.02631,1858122.0
2025-04-16 00:35:00+09:00,0.0263,0.02631,0.02595,0.02599,2769443.0
2025-04-16 00:40:00+09:00,0.02599,0.02607,0.02593,0.02594,2791206.0
2025-04-16 00:45:00+09:00,0.02595,0.02608,0.02588,0.02594,2330983.0
2025-04-16 00:50:00+09:00,0.02595,0.02606,0.02584,0.02605,1342499.0
2025-04-16 00:55:00+09:00,0.02606,0.02606,0.02597,0.02604,1762875.0
2025-04-16 01:00:00+09:00,0.02604,0.02617,0.02589,0.02602,3724480.0
2025-04-16 01:05:00+09:00,0.02603,0.02608,0.02583,0.02592,2421444.0
2025-04-16 01:10:00+09:00,0.02591,0.02595,0.02581,0.02583,2533605.0
2025-04-16 01:15:00+09:00,0.02583,0.02583,0.02559,0.02577,7152024.0
2025-04-16 01:20:00+09:00,0.02577,0.02577,0.02541,0.02555,5384245.0
2025-04-16 01:25:00+09:00,0.02556,0.0257,0.0255,0.02569,2732409.0
2025-04-16 01:30:00+09:00,0.02568,0.02571,0.02551,0.02558,3313879.0
2025-04-16 01:35:00+09:00,0.02557,0.0257,0.02555,0.02555,1702794.0
2025-04-16 01:40:00+09:00,0.02554,0.02557,0.02545,0.02553,1819300.0
2025-04-16 01:45:00+09:00,0.02553,0.02559,0.02549,0.02557,1793221.0
2025-04-16 01:50:00+09:00,0.02556,0.02561,0.02552,0.02555,912808.0
2025-04-16 01:55:00+09:00,0.02555,0.0256,0.02541,0.02546,1442023.0
2025-04-16 02:00:00+09:00,0.02546,0.02559,0.02534,0.02558,2055260.0
2025-04-16 02:05:00+09:00,0.02557,0.02557,0.02543,0.0255,2811844.0
2025-04-16 02:10:00+09:00,0.0255,0.02566,0.02549,0.02565,1043378.0
2025-04-16 02:15:00+09:00,0.02567,0.02571,0.02547,0.02547,2183627.0
2025-04-16 02:20:00+09:00,0.02547,0.02552,0.02523,0.02523,2758690.0
2025-04-16 02:25:00+09:00,0.02525,0.02532,0.02516,0.0252,3434826.0
2025-04-16 02:30:00+09:00,0.0252,0.02537,0.02519,0.02532,2167074.0
2025-04-16 02:35:00+09:00,0.02532,0.02547,0.02532,0.02547,1882054.0
2025-04-16 02:40:00+09:00,0.02548,0.02553,0.02543,0.02547,931979.0
2025-04-16 02:45:00+09:00,0.02548,0.02553,0.02543,0.02544,733419.0
2025-04-16 02:50:00+09:00,0.02544,0.02544,0.02523,0.02534,1936033.0
2025-04-16 02:55:00+09:00,0.02533,0.02538,0.02531,0.02538,881438.0
2025-04-16 03:00:00+09:00,0.02539,0.02543,0.02528,0.02529,1611827.0
2025-04-16 03:05:00+09:00,0.0253,0.02532,0.02516,0.02526,2318616.0
2025-04-16 03:10:00+09:00,0.02527,0.02533,0.0252,0.02525,1095848.0
2025-04-16 03:15:00+09:00,0.02526,0.02526,0.02509,0.02511,4811296.0
2025-04-16 03:20:00+09:00,0.02512,0.02522,0.02508,0.02515,4582919.0
2025-04-16 03:25:00+09:00,0.02515,0.02521,0.02507,0.02513,2051410.0
2025-04-16 03:30:00+09:00,0.02514,0.02526,0.02509,0.02517,2045905.0
2025-04-16 03:35:00+09:00,0.02517,0.02525,0.02517,0.02521,863789.0
2025-04-16 03:40:00+09:00,0.02521,0.02549,0.02521,0.02547,2521526.0
2025-04-16 03:45:00+09:00,0.02547,0.02553,0.02541,0.02544,4632866.0
2025-04-16 03:50:00+09:00,0.02545,0.02545,0.0253,0.02532,1070283.0
2025-04-16 03:55:00+09:00,0.02533,0.02541,0.02533,0.02541,1067065.0
2025-04-16 04:00:00+09:00,0.0254,0.02544,0.02531,0.02536,955041.0
2025-04-16 04:05:00+09:00,0.02536,0.02548,0.02533,0.02543,923692.0
2025-04-16 04:10:00+09:00,0.02542,0.02551,0.02536,0.02548,901339.0
2025-04-16 04:15:00+09:00,0.02547,0.02547,0.02541,0.02542,475485.0
2025-04-16 04:20:00+09:00,0.02541,0.02541,0.02529,0.02529,406525.0
2025-04-16 04:25:00+09:00,0.02529,0.02535,0.02518,0.02524,1398016.0
2025-04-16 04:30:00+09:00,0.02525,0.02525,0.02522,0.02522,386460.0
2025-04-16 04:35:00+09:00,0.02522,0.02522,0.025,0.02507,3673294.0
2025-04-16 04:40:00+09:00,0.02506,0.02511,0.02495,0.02511,1961019.0
2025-04-16 04:45:00+09:00,0.02512,0.02512,0.02506,0.02507,739014.0
2025-04-16 04:50:00+09:00,0.02507,0.02515,0.02506,0.02509,1486243.0
2025-04-16 04:55:00+09:00,0.02508,0.02509,0.02503,0.02503,467208.0
2025-04-16 05:00:00+09:00,0.02503,0.02504,0.02492,0.02496,2328548.0
2025-04-16 05:05:00+09:00,0.02497,0.02509,0.02495,0.02506,1234970.0
2025-04-16 05:10:00+09:00,0.02506,0.02514,0.02504,0.02513,614638.0
2025-04-16 05:15:00+09:00,0.02512,0.02513,0.02505,0.02512,1038432.0
2025-04-16 05:20:00+09:00,0.02511,0.02512,0.02495,0.02496,925274.0
2025-04-16 05:25:00+09:00,0.02495,0.02498,0.02493,0.02497,1121589.0
2025-04-16 05:30:00+09:00,0.02497,0.02497,0.02488,0.02494,1025082.0
2025-04-16 05:35:00+09:00,0.02495,0.02503,0.02493,0.02495,506453.0
2025-04-16 05:40:00+09:00,0.02495,0.02497,0.02482,0.02488,816449.0
2025-04-16 05:45:00+09:00,0.02488,0.0249,0.02472,0.02474,2089097.0
2025-04-16 05:50:00+09:00,0.02475,0.02476,0.02438,0.02452,15749373.0
2025-04-16 05:55:00+09:00,0.02453,0.02464,0.02438,0.02455,10455665.0
2025-04-16 06:00:00+09:00,0.02456,0.0246,0.02451,0.02459,1868186.0
2025-04-16 06:05:00+09:00,0.02459,0.02468,0.02455,0.02458,2512642.0
2025-04-16 06:10:00+09:00,0.02457,0.0246,0.02451,0.02454,1086683.0
2025-04-16 06:15:00+09:00,0.02453,0.0246,0.02449,0.02459,948640.0
2025-04-16 06:20:00+09:00,0.02459,0.02468,0.02458,0.02464,473307.0
2025-04-16 06:25:00+09:00,0.02464,0.02468,0.02463,0.02466,461464.0
2025-04-16 06:30:00+09:00,0.02467,0.02483,0.02466,0.02477,1037984.0
2025-04-16 06:35:00+09:00,0.02478,0.02482,0.02472,0.02479,1466026.0
2025-04-16 06:40:00+09:00,0.02479,0.02485,0.02475,0.02484,851117.0
2025-04-16 06:45:00+09:00,0.02483,0.02485,0.02481,0.02483,411436.0
2025-04-16 06:50:00+09:00,0.02483,0.02486,0.02483,0.02485,578766.0
2025-04-16 06:55:00+09:00,0.02484,0.02486,0.02481,0.02482,432778.0
2025-04-16 07:00:00+09:00,0.02481,0.02482,0.02468,0.02472,1864638.0
2025-04-16 07:05:00+09:00,0.02472,0.02474,0.02456,0.02456,812039.0
2025-04-16 07:10:00+09:00,0.02456,0.02464,0.02454,0.02461,680156.0
2025-04-16 07:15:00+09:00,0.02462,0.02464,0.02455,0.02456,543305.0
2025-04-16 07:20:00+09:00,0.02457,0.02458,0.02446,0.02448,1168801.0
2025-04-16 07:25:00+09:00,0.02447,0.02451,0.02443,0.02447,1930383.0
2025-04-16 07:30:00+09:00,0.02448,0.02449,0.02437,0.02443,1412012.0
2025-04-16 07:35:00+09:00,0.02444,0.02447,0.02437,0.02441,1023901.0
2025-04-16 07:40:00+09:00,0.02441,0.02446,0.0244,0.02443,1110247.0
2025-04-16 07:45:00+09:00,0.02443,0.02444,0.02415,0.02425,3799887.0
2025-04-16 07:50:00+09:00,0.02425,0.02427,0.02417,0.02423,1501402.0
2025-04-16 07:55:00+09:00,0.02424,0.02429,0.02423,0.02427,1392558.0
2025-04-16 08:00:00+09:00,0.02426,0.02434,0.02426,0.02431,1074870.0
2025-04-16 08:05:00+09:00,0.02431,0.02438,0.02429,0.02438,833825.0
2025-04-16 08:10:00+09:00,0.02438,0.02445,0.02435,0.02441,985301.0
2025-04-16 08:15:00+09:00,0.0244,0.0244,0.02422,0.02423,588965.0
2025-04-16 08:20:00+09:00,0.02424,0.02436,0.02424,0.02432,699055.0
2025-04-16 08:25:00+09:00,0.02432,0.02434,0.02427,0.02429,934752.0
2025-04-16 08:30:00+09:00,0.0243,0.02432,0.02425,0.02432,557572.0
2025-04-16 08:35:00+09:00,0.02433,0.02436,0.0243,0.02436,611392.0
2025-04-16 08:40:00+09:00,0.02437,0.02439,0.02423,0.02425,566171.0
2025-04-16 08:45:00+09:00,0.02425,0.02429,0.02422,0.02423,839880.0
2025-04-16 08:50:00+09:00,0.02422,0.02422,0.02418,0.02419,680431.0
2025-04-16 08:55:00+09:00,0.0242,0.02426,0.0242,0.02422,627965.0
2025-04-16 09:00:00+09:00,0.02422,0.02436,0.02411,0.02416,3520593.0
2025-04-16 09:05:00+09:00,0.02416,0.02424,0.02414,0.02423,1296275.0
2025-04-16 09:10:00+09:00,0.02423,0.02423,0.02406,0.02415,2183161.0
2025-04-16 09:15:00+09:00,0.02415,0.02416,0.02384,0.0239,5934424.0
2025-04-16 09:20:00+09:00,0.02389,0.02417,0.02384,0.0241,3135720.0
2025-04-16 09:25:00+09:00,0.0241,0.02422,0.02407,0.02422,2045990.0
2025-04-16 09:30:00+09:00,0.02422,0.02428,0.02414,0.02421,1150054.0
2025-04-16 09:35:00+09:00,0.02422,0.02423,0.02415,0.02421,2194862.0
2025-04-16 09:40:00+09:00,0.02421,0.02421,0.0239,0.0239,1707864.0
2025-04-16 09:45:00+09:00,0.02391,0.024,0.02389,0.02398,1132267.0
2025-04-16 09:50:00+09:00,0.02398,0.02405,0.02398,0.024,1019377.0
2025-04-16 09:55:00+09:00,0.02401,0.02403,0.02387,0.02391,1124087.0
2025-04-16 10:00:00+09:00,0.0239,0.02399,0.02382,0.02392,2166411.0
2025-04-16 10:05:00+09:00,0.02392,0.02412,0.02391,0.02412,1497727.0
2025-04-16 10:10:00+09:00,0.02413,0.02414,0.02398,0.02399,1783582.0
2025-04-16 10:15:00+09:00,0.024,0.02418,0.02392,0.02415,1151233.0
2025-04-16 10:20:00+09:00,0.02416,0.02426,0.02409,0.02426,1283490.0
2025-04-16 10:25:00+09:00,0.02426,0.02428,0.0242,0.0242,1444363.0
2025-04-16 10:30:00+09:00,0.02421,0.02422,0.02409,0.02413,1697301.0
2025-04-16 10:35:00+09:00,0.02413,0.0242,0.02407,0.02418,1292432.0
2025-04-16 10:40:00+09:00,0.02418,0.02421,0.02412,0.02414,881821.0
2025-04-16 10:45:00+09:00,0.02415,0.02437,0.02415,0.02429,1669716.0
2025-04-16 10:50:00+09:00,0.02429,0.02431,0.02419,0.02422,1390674.0
2025-04-16 10:55:00+09:00,0.02422,0.02422,0.02418,0.0242,729634.0
2025-04-16 11:00:00+09:00,0.0242,0.02428,0.02417,0.02424,1227571.0
2025-04-16 11:05:00+09:00,0.02423,0.02439,0.02423,0.02435,3373173.0
2025-04-16 11:10:00+09:00,0.02435,0.02435,0.02423,0.02427,1083319.0
2025-04-16 11:15:00+09:00,0.02427,0.02434,0.02419,0.02419,1174025.0
2025-04-16 11:20:00+09:00,0.02419,0.02433,0.02418,0.02428,1529713.0
2025-04-16 11:25:00+09:00,0.02427,0.02428,0.02423,0.02425,1002264.0
2025-04-16 11:30:00+09:00,0.02424,0.02427,0.02421,0.02424,829507.0
2025-04-16 11:35:00+09:00,0.02425,0.0243,0.0241,0.0241,1249591.0
2025-04-16 11:40:00+09:00,0.0241,0.02414,0.02402,0.02404,1749274.0
2025-04-16 11:45:00+09:00,0.02404,0.02411,0.02401,0.02409,1596985.0
2025-04-16 11:50:00+09:00,0.02408,0.02413,0.02402,0.02408,1124456.0
2025-04-16 11:55:00+09:00,0.02407,0.02422,0.02406,0.02422,1314794.0
2025-04-16 12:00:00+09:00,0.02422,0.02425,0.02414,0.02415,1196674.0
2025-04-16 12:05:00+09:00,0.02415,0.02422,0.02414,0.02422,741568.0
2025-04-16 12:10:00+09:00,0.02422,0.02429,0.0242,0.02428,919977.0
2025-04-16 12:15:00+09:00,0.02428,0.02433,0.02422,0.02422,1245297.0
2025-04-16 12:20:00+09:00,0.02422,0.02425,0.02419,0.02419,604903.0
2025-04-16 12:25:00+09:00,0.02418,0.0242,0.0241,0.02412,1325314.0
2025-04-16 12:30:00+09:00,0.02412,0.02418,0.02412,0.02418,427622.0
2025-04-16 12:35:00+09:00,0.02418,0.02424,0.02418,0.02422,734093.0
2025-04-16 12:40:00+09:00,0.02422,0.02424,0.02415,0.02417,507078.0
2025-04-16 12:45:00+09:00,0.02418,0.02419,0.02412,0.02414,1143386.0
2025-04-16 12:50:00+09:00,0.02414,0.02418,0.02413,0.02414,978478.0
2025-04-16 12:55:00+09:00,0.02415,0.02415,0.02409,0.02412,1204832.0
2025-04-16 13:00:00+09:00,0.02412,0.02418,0.02409,0.02417,764859.0
2025-04-16 13:05:00+09:00,0.02418,0.02426,0.02416,0.0242,1356352.0
2025-04-16 13:10:00+09:00,0.02419,0.02422,0.02414,0.02414,477038.0
2025-04-16 13:15:00+09:00,0.02414,0.02415,0.02392,0.02395,3275792.0
2025-04-16 13:20:00+09:00,0.02396,0.02398,0.0239,0.0239,1741167.0
2025-04-16 13:25:00+09:00,0.02389,0.02396,0.02388,0.02396,718286.0
2025-04-16 13:30:00+09:00,0.02397,0.02403,0.02395,0.02402,1321872.0
2025-04-16 13:35:00+09:00,0.02403,0.02403,0.02393,0.02401,1311431.0
2025-04-16 13:40:00+09:00,0.02402,0.02402,0.02393,0.02396,532438.0
2025-04-16 13:45:00+09:00,0.02396,0.02413,0.02392,0.02412,1048849.0
2025-04-16 13:50:00+09:00,0.02413,0.02422,0.02413,0.02418,1477591.0
2025-04-16 13:55:00+09:00,0.02417,0.02417,0.02413,0.02415,1157909.0
2025-04-16 14:00:00+09:00,0.02415,0.02429,0.02412,0.02423,979593.0
2025-04-16 14:05:00+09:00,0.02423,0.02441,0.02423,0.0244,2341542.0
2025-04-16 14:10:00+09:00,0.0244,0.02441,0.02425,0.0243,2125120.0
2025-04-16 14:15:00+09:00,0.02431,0.02442,0.02426,0.02432,5417196.0
2025-04-16 14:20:00+09:00,0.02431,0.02432,0.02388,0.02394,5098025.0
2025-04-16 14:25:00+09:00,0.02395,0.02401,0.02393,0.02399,1548266.0
2025-04-16 14:30:00+09:00,0.02398,0.02398,0.02385,0.02395,2850303.0
2025-04-16 14:35:00+09:00,0.02396,0.02413,0.02394,0.0241,1416020.0
2025-04-16 14:40:00+09:00,0.0241,0.02411,0.024,0.02405,848095.0
2025-04-16 14:45:00+09:00,0.02405,0.0241,0.02404,0.02405,578555.0
2025-04-16 14:50:00+09:00,0.02406,0.02408,0.02401,0.02406,1156800.0
2025-04-16 14:55:00+09:00,0.02406,0.02406,0.02401,0.02403,625910.0
2025-04-16 15:00:00+09:00,0.02402,0.02403,0.02391,0.024,719946.0
2025-04-16 15:05:00+09:00,0.02399,0.02404,0.02395,0.024,1161394.0
2025-04-16 15:10:00+09:00,0.02401,0.02426,0.02401,0.02425,1748434.0
2025-04-16 15:15:00+09:00,0.02426,0.02429,0.02417,0.02421,2193756.0
2025-04-16 15:20:00+09:00,0.02421,0.02423,0.02416,0.02421,689680.0
2025-04-16 15:25:00+09:00,0.02421,0.02421,0.02412,0.02412,834428.0
2025-04-16 15:30:00+09:00,0.02411,0.02422,0.0241,0.02417,634950.0
2025-04-16 15:35:00+09:00,0.02417,0.02431,0.02416,0.02428,975523.0
2025-04-16 15:40:00+09:00,0.02428,0.02428,0.02423,0.02423,1108694.0
2025-04-16 15:45:00+09:00,0.02424,0.0243,0.02421,0.0243,357529.0
2025-04-16 15:50:00+09:00,0.0243,0.02432,0.02425,0.02426,566269.0
2025-04-16 15:55:00+09:00,0.02426,0.02426,0.0242,0.02425,459369.0
2025-04-16 16:00:00+09:00,0.02426,0.02433,0.02416,0.02416,750672.0
2025-04-16 16:05:00+09:00,0.02416,0.02423,0.02415,0.02417,805644.0
2025-04-16 16:10:00+09:00,0.02417,0.02417,0.02405,0.02408,1306335.0
2025-04-16 16:15:00+09:00,0.02408,0.02408,0.02398,0.02399,1328148.0
2025-04-16 16:20:00+09:00,0.02398,0.02402,0.02391,0.02392,1992697.0
2025-04-16 16:25:00+09:00,0.0239,0.02399,0.02389,0.02395,1050669.0
2025-04-16 16:30:00+09:00,0.02395,0.02401,0.02391,0.02392,775828.0
2025-04-16 16:35:00+09:00,0.02393,0.02393,0.02361,0.02365,5232090.0
2025-04-16 16:40:00+09:00,0.02367,0.02386,0.02367,0.0238,2317303.0
2025-04-16 16:45:00+09:00,0.02381,0.02384,0.02375,0.02381,2014844.0
2025-04-16 16:50:00+09:00,0.02382,0.0239,0.02379,0.02387,880489.0
2025-04-16 16:55:00+09:00,0.02388,0.02388,0.0238,0.02385,796877.0
2025-04-16 17:00:00+09:00,0.02385,0.0239,0.02367,0.02369,1567257.0
2025-04-16 17:05:00+09:00,0.02369,0.02382,0.02365,0.02368,1983815.0
2025-04-16 17:10:00+09:00,0.02369,0.0237,0.02361,0.02366,1560548.0
2025-04-16 17:15:00+09:00,0.02365,0.02375,0.02364,0.02372,1381852.0
2025-04-16 17:20:00+09:00,0.02373,0.02374,0.02368,0.02371,1249422.0
2025-04-16 17:25:00+09:00,0.02372,0.02403,0.02371,0.02394,2434330.0
2025-04-16 17:30:00+09:00,0.02394,0.02412,0.02394,0.02399,1799548.0
2025-04-16 17:35:00+09:00,0.02399,0.02408,0.02396,0.02408,1218185.0
2025-04-16 17:40:00+09:00,0.02406,0.02424,0.024,0.02411,2582807.0
2025-04-16 17:45:00+09:00,0.02411,0.02414,0.02402,0.02405,1984076.0
2025-04-16 17:50:00+09:00,0.02406,0.02407,0.02394,0.02397,1132689.0
2025-04-16 17:55:00+09:00,0.02395,0.02399,0.02391,0.02398,1135418.0
2025-04-16 18:00:00+09:00,0.02398,0.02409,0.02392,0.02403,4554381.0
2025-04-16 18:05:00+09:00,0.02402,0.02413,0.02395,0.02406,3211045.0
2025-04-16 18:10:00+09:00,0.02407,0.02414,0.02404,0.02406,1334499.0
2025-04-16 18:15:00+09:00,0.02406,0.02416,0.02405,0.02411,1210162.0
2025-04-16 18:20:00+09:00,0.0241,0.02413,0.02406,0.02407,1059730.0
2025-04-16 18:25:00+09:00,0.02407,0.02409,0.02403,0.02406,1263814.0
2025-04-16 18:30:00+09:00,0.02405,0.02414,0.02401,0.02407,1617414.0
2025-04-16 18:35:00+09:00,0.02407,0.02412,0.02402,0.02405,2177277.0
2025-04-16 18:40:00+09:00,0.02406,0.0241,0.02397,0.02399,1146947.0
2025-04-16 18:45:00+09:00,0.02399,0.024,0.02376,0.02378,2341506.0
2025-04-16 18:50:00+09:00,0.02379,0.02388,0.02379,0.02388,1005281.0
2025-04-16 18:55:00+09:00,0.02388,0.02394,0.02385,0.02385,2521760.0
2025-04-16 19:00:00+09:00,0.02384,0.02403,0.02383,0.02403,1150379.0
2025-04-16 19:05:00+09:00,0.02402,0.02402,0.02385,0.0239,635764.0
2025-04-16 19:10:00+09:00,0.0239,0.02402,0.0239,0.02398,1083761.0
2025-04-16 19:15:00+09:00,0.02398,0.02407,0.02395,0.02407,1172839.0
2025-04-16 19:20:00+09:00,0.02406,0.02409,0.02399,0.02404,917993.0
2025-04-16 19:25:00+09:00,0.02404,0.02408,0.024,0.02404,1178929.0
2025-04-16 19:30:00+09:00,0.02405,0.02405,0.02396,0.02399,1478461.0
2025-04-16 19:35:00+09:00,0.024,0.02402,0.02397,0.02401,287316.0
2025-04-16 19:40:00+09:00,0.02401,0.02403,0.02398,0.02398,526090.0
2025-04-16 19:45:00+09:00,0.02399,0.02406,0.02397,0.02399,703955.0
2025-04-16 19:50:00+09:00,0.02399,0.02413,0.02399,0.02408,517530.0
2025-04-16 19:55:00+09:00,0.02409,0.0241,0.02403,0.02403,624922.0
2025-04-16 20:00:00+09:00,0.02404,0.02413,0.02402,0.02409,910568.0
2025-04-16 20:05:00+09:00,0.02408,0.02414,0.02405,0.02414,858134.0
2025-04-16 20:10:00+09:00,0.02413,0.02414,0.02407,0.0241,1024859.0
2025-04-16 20:15:00+09:00,0.02411,0.02413,0.02405,0.0241,725030.0
2025-04-16 20:20:00+09:00,0.02411,0.02413,0.02391,0.02392,950061.0
2025-04-16 20:25:00+09:00,0.02391,0.02393,0.02383,0.02383,1125488.0
2025-04-16 20:30:00+09:00,0.02384,0.02391,0.02384,0.02389,1396079.0
2025-04-16 20:35:00+09:00,0.02388,0.02393,0.02388,0.02392,708199.0
2025-04-16 20:40:00+09:00,0.02393,0.02408,0.02392,0.02402,1277729.0
2025-04-16 20:45:00+09:00,0.02402,0.02417,0.02402,0.02416,1253048.0
2025-04-16 20:50:00+09:00,0.02416,0.02416,0.02403,0.02405,1843868.0
2025-04-16 20:55:00+09:00,0.02405,0.02408,0.02401,0.02407,812153.0
2025-04-16 21:00:00+09:00,0.02406,0.02406,0.02397,0.02401,1840503.0
2025-04-16 21:05:00+09:00,0.02401,0.02403,0.02393,0.02403,749506.0
2025-04-16 21:10:00+09:00,0.02403,0.02403,0.02389,0.02389,1038098.0
2025-04-16 21:15:00+09:00,0.02389,0.02398,0.02388,0.02397,1014469.0
2025-04-16 21:20:00+09:00,0.02396,0.02404,0.02393,0.02401,563245.0
2025-04-16 21:25:00+09:00,0.02402,0.02404,0.02397,0.02397,1857370.0
2025-04-16 21:30:00+09:00,0.02397,0.02399,0.02389,0.0239,1311995.0
2025-04-16 21:35:00+09:00,0.0239,0.02397,0.02377,0.02379,1634843.0
2025-04-16 21:40:00+09:00,0.02379,0.02381,0.02372,0.02375,1979246.0
2025-04-16 21:45:00+09:00,0.02374,0.02374,0.0236,0.02362,1996492.0
2025-04-16 21:50:00+09:00,0.02361,0.02372,0.02359,0.02372,1159253.0
2025-04-16 21:55:00+09:00,0.02372,0.02378,0.02362,0.02363,2447796.0
2025-04-16 22:00:00+09:00,0.02362,0.02375,0.02361,0.02373,1191331.0
2025-04-16 22:05:00+09:00,0.02372,0.02375,0.02364,0.02367,790331.0
2025-04-16 22:10:00+09:00,0.02367,0.0237,0.02354,0.02361,2237663.0
2025-04-16 22:15:00+09:00,0.02361,0.02366,0.0235,0.02352,1261312.0
2025-04-16 22:20:00+09:00,0.02352,0.02358,0.02346,0.02357,2755965.0
2025-04-16 22:25:00+09:00,0.02357,0.02361,0.02346,0.0235,1861133.0
2025-04-16 22:30:00+09:00,0.0235,0.02365,0.02344,0.02365,1977499.0
2025-04-16 22:35:00+09:00,0.02364,0.02376,0.0236,0.02375,1629367.0
2025-04-16 22:40:00+09:00,0.02374,0.02381,0.02365,0.02371,1283362.0
2025-04-16 22:45:00+09:00,0.0237,0.02373,0.02357,0.02366,2328865.0
2025-04-16 22:50:00+09:00,0.02365,0.02366,0.02346,0.02348,1026479.0
2025-04-16 22:55:00+09:00,0.02348,0.02359,0.02342,0.0235,1605396.0
2025-04-16 23:00:00+09:00,0.02349,0.02356,0.02348,0.02354,805662.0
2025-04-16 23:05:00+09:00,0.02355,0.02372,0.02355,0.02367,1633853.0
2025-04-16 23:10:00+09:00,0.02368,0.02373,0.02355,0.02355,1146284.0
2025-04-16 23:15:00+09:00,0.02356,0.02361,0.02348,0.02358,2693566.0
2025-04-16 23:20:00+09:00,0.02359,0.02396,0.02357,0.02393,2626842.0
2025-04-16 23:25:00+09:00,0.02394,0.02396,0.02387,0.02393,2461353.0
2025-04-16 23:30:00+09:00,0.02394,0.02415,0.02393,0.0241,2804197.0
2025-04-16 23:35:00+09:00,0.0241,0.0242,0.02391,0.02394,1992021.0
2025-04-16 23:40:00+09:00,0.02394,0.02412,0.02391,0.02409,1446145.0
2025-04-16 23:45:00+09:00,0.02408,0.02412,0.02401,0.02401,1147883.0
2025-04-16 23:50:00+09:00,0.024,0.0242,0.02395,0.02405,2647118.0
2025-04-16 23:55:00+09:00,0.02405,0.02409,0.02393,0.02402,1564704.0
2025-04-17 00:00:00+09:00,0.02403,0.02409,0.02395,0.02398,1424513.0
2025-04-17 00:05:00+09:00,0.02399,0.02405,0.02387,0.02391,3325526.0
2025-04-17 00:10:00+09:00,0.02392,0.02405,0.02389,0.02396,2010247.0
2025-04-17 00:15:00+09:00,0.02396,0.024,0.02386,0.02396,1184062.0
2025-04-17 00:20:00+09:00,0.02396,0.02412,0.02388,0.0241,1543447.0
2025-04-17 00:25:00+09:00,0.02409,0.02438,0.02409,0.02419,4280646.0
2025-04-17 00:30:00+09:00,0.0242,0.02421,0.024,0.02406,3089545.0
2025-04-17 00:35:00+09:00,0.02406,0.02413,0.02403,0.02403,1680995.0
2025-04-17 00:40:00+09:00,0.02402,0.02403,0.02389,0.02397,1627645.0
2025-04-17 00:45:00+09:00,0.02396,0.024,0.02392,0.02394,568009.0
2025-04-17 00:50:00+09:00,0.02394,0.02399,0.02382,0.02384,756814.0
2025-04-17 00:55:00+09:00,0.02385,0.02394,0.02385,0.02387,896239.0
2025-04-17 01:00:00+09:00,0.02388,0.0239,0.0238,0.02383,1324086.0
2025-04-17 01:05:00+09:00,0.02384,0.02384,0.02359,0.0238,4935671.0
2025-04-17 01:10:00+09:00,0.0238,0.0239,0.02358,0.02371,5896108.0
2025-04-17 01:15:00+09:00,0.02371,0.02375,0.02347,0.02351,3516003.0
2025-04-17 01:20:00+09:00,0.02351,0.02356,0.02326,0.02337,4668011.0
2025-04-17 01:25:00+09:00,0.02337,0.02347,0.02332,0.02339,4606763.0
2025-04-17 01:30:00+09:00,0.0234,0.02347,0.02338,0.02345,1945339.0
2025-04-17 01:35:00+09:00,0.02345,0.02348,0.02318,0.02319,3756721.0
2025-04-17 01:40:00+09:00,0.02319,0.02332,0.02316,0.02324,2681510.0
2025-04-17 01:45:00+09:00,0.02324,0.02327,0.02314,0.02325,1511124.0
2025-04-17 01:50:00+09:00,0.02325,0.02353,0.02322,0.02351,1886719.0
2025-04-17 01:55:00+09:00,0.02352,0.02367,0.02352,0.02357,1756531.0
2025-04-17 02:00:00+09:00,0.02357,0.02374,0.02353,0.02373,1885360.0
2025-04-17 02:05:00+09:00,0.02373,0.02375,0.02364,0.02365,1769470.0
2025-04-17 02:10:00+09:00,0.02366,0.02371,0.02364,0.02366,805576.0
2025-04-17 02:15:00+09:00,0.02365,0.02398,0.02365,0.02396,1391930.0
2025-04-17 02:20:00+09:00,0.02397,0.02412,0.02389,0.02402,4203147.0
2025-04-17 02:25:00+09:00,0.02402,0.02403,0.02393,0.02393,1221007.0
2025-04-17 02:30:00+09:00,0.02393,0.02412,0.02356,0.02365,10205766.0
2025-04-17 02:35:00+09:00,0.02365,0.02388,0.02365,0.0238,2940898.0
2025-04-17 02:40:00+09:00,0.02379,0.02379,0.02341,0.02354,4601112.0
2025-04-17 02:45:00+09:00,0.02353,0.02353,0.02315,0.02321,3869650.0
2025-04-17 02:50:00+09:00,0.02322,0.02323,0.02289,0.02308,6652473.0
2025-04-17 02:55:00+09:00,0.02309,0.0231,0.02286,0.02301,4921928.0
2025-04-17 03:00:00+09:00,0.02301,0.02343,0.02299,0.02343,8089538.0
2025-04-17 03:05:00+09:00,0.02343,0.02361,0.02336,0.02354,2345261.0
2025-04-17 03:10:00+09:00,0.02355,0.02384,0.02355,0.02375,3828744.0
2025-04-17 03:15:00+09:00,0.02377,0.02377,0.02336,0.02349,3473765.0
2025-04-17 03:20:00+09:00,0.02348,0.02373,0.02342,0.02373,2060764.0
2025-04-17 03:25:00+09:00,0.02373,0.02392,0.02371,0.02384,2660584.0
2025-04-17 03:30:00+09:00,0.02383,0.02386,0.0237,0.02374,1749089.0
2025-04-17 03:35:00+09:00,0.02375,0.02375,0.02354,0.02358,1162981.0
2025-04-17 03:40:00+09:00,0.02357,0.02365,0.02345,0.02351,1753589.0
2025-04-17 03:45:00+09:00,0.02351,0.02361,0.02346,0.02355,1093086.0
2025-04-17 03:50:00+09:00,0.02355,0.02363,0.0235,0.02357,908691.0
2025-04-17 03:55:00+09:00,0.02358,0.02371,0.02357,0.02361,682468.0
2025-04-17 04:00:00+09:00,0.02362,0.0237,0.02355,0.02355,1013649.0
2025-04-17 04:05:00+09:00,0.02354,0.02365,0.02349,0.02353,1045198.0
2025-04-17 04:10:00+09:00,0.02352,0.02371,0.02349,0.02366,1076361.0
2025-04-17 04:15:00+09:00,0.02367,0.02371,0.02348,0.02349,1216201.0
2025-04-17 04:20:00+09:00,0.02349,0.02354,0.02341,0.02342,1119516.0
2025-04-17 04:25:00+09:00,0.02343,0.02343,0.02329,0.02339,2263966.0
2025-04-17 04:30:00+09:00,0.02339,0.02349,0.02333,0.02346,1258451.0
2025-04-17 04:35:00+09:00,0.02346,0.02357,0.02344,0.02356,907391.0
2025-04-17 04:40:00+09:00,0.02358,0.02368,0.02352,0.02364,914705.0
2025-04-17 04:45:00+09:00,0.02363,0.02392,0.02358,0.02392,3842211.0
2025-04-17 04:50:00+09:00,0.02392,0.02406,0.0238,0.02404,5945662.0
2025-04-17 04:55:00+09:00,0.02403,0.02408,0.0239,0.02393,3665822.0
2025-04-17 05:00:00+09:00,0.02393,0.02405,0.02389,0.02395,1993482.0
2025-04-17 05:05:00+09:00,0.02394,0.02403,0.02392,0.02393,990654.0
2025-04-17 05:10:00+09:00,0.02394,0.02405,0.02394,0.02405,756747.0
2025-04-17 05:15:00+09:00,0.02404,0.02421,0.02404,0.02414,2382800.0
2025-04-17 05:20:00+09:00,0.02415,0.02424,0.02407,0.02409,1530279.0
2025-04-17 05:25:00+09:00,0.02408,0.02415,0.02403,0.02404,865335.0
2025-04-17 05:30:00+09:00,0.02405,0.02406,0.02392,0.02393,811891.0
2025-04-17 05:35:00+09:00,0.02393,0.02401,0.0239,0.02398,927610.0
2025-04-17 05:40:00+09:00,0.02398,0.02398,0.02384,0.02384,1165639.0
2025-04-17 05:45:00+09:00,0.02383,0.02389,0.02381,0.02383,563499.0
2025-04-17 05:50:00+09:00,0.02383,0.02388,0.02377,0.02379,1123795.0
2025-04-17 05:55:00+09:00,0.02379,0.02383,0.02369,0.02372,1043684.0
2025-04-17 06:00:00+09:00,0.02372,0.02383,0.02362,0.02374,3208269.0
2025-04-17 06:05:00+09:00,0.02375,0.02383,0.0237,0.02375,1800413.0
2025-04-17 06:10:00+09:00,0.02375,0.02378,0.02371,0.02378,1143691.0
2025-04-17 06:15:00+09:00,0.02378,0.02385,0.02371,0.02385,1312088.0
2025-04-17 06:20:00+09:00,0.02385,0.02391,0.02378,0.02391,620966.0
2025-04-17 06:25:00+09:00,0.02392,0.02396,0.02386,0.02386,700582.0
2025-04-17 06:30:00+09:00,0.02386,0.02392,0.02377,0.02378,1762635.0
2025-04-17 06:35:00+09:00,0.02378,0.02378,0.0237,0.02375,545645.0
2025-04-17 06:40:00+09:00,0.02375,0.02379,0.0237,0.02372,759448.0
2025-04-17 06:45:00+09:00,0.02371,0.02382,0.02371,0.02382,554396.0
2025-04-17 06:50:00+09:00,0.02382,0.02388,0.02376,0.02388,894695.0
2025-04-17 06:55:00+09:00,0.02387,0.02395,0.02385,0.02385,1069543.0
2025-04-17 07:00:00+09:00,0.02386,0.02391,0.02383,0.02386,892036.0
2025-04-17 07:05:00+09:00,0.02387,0.0239,0.02383,0.02386,728792.0
2025-04-17 07:10:00+09:00,0.02385,0.02391,0.02384,0.02389,814920.0
2025-04-17 07:15:00+09:00,0.02387,0.0239,0.0238,0.02384,1552519.0
2025-04-17 07:20:00+09:00,0.02385,0.02386,0.02378,0.02382,582144.0
2025-04-17 07:25:00+09:00,0.02383,0.02384,0.02371,0.02371,383940.0
2025-04-17 07:30:00+09:00,0.0237,0.02378,0.02369,0.02374,557546.0
2025-04-17 07:35:00+09:00,0.02374,0.02382,0.02373,0.02382,336011.0
2025-04-17 07:40:00+09:00,0.02382,0.02389,0.02382,0.02388,632797.0
2025-04-17 07:45:00+09:00,0.02389,0.0239,0.02386,0.02387,155999.0
2025-04-17 07:50:00+09:00,0.02387,0.02387,0.02376,0.0238,860558.0
2025-04-17 07:55:00+09:00,0.0238,0.02384,0.0238,0.0238,168883.0
2025-04-17 08:00:00+09:00,0.0238,0.0238,0.02373,0.02373,528736.0
2025-04-17 08:05:00+09:00,0.02373,0.02373,0.02362,0.02366,1181628.0
2025-04-17 08:10:00+09:00,0.02366,0.02369,0.02359,0.0236,460307.0
2025-04-17 08:15:00+09:00,0.0236,0.02364,0.02356,0.02358,958917.0
2025-04-17 08:20:00+09:00,0.02358,0.02361,0.02351,0.02354,452819.0
2025-04-17 08:25:00+09:00,0.02355,0.0236,0.02354,0.02357,341289.0
2025-04-17 08:30:00+09:00,0.02356,0.02358,0.0235,0.0235,679855.0
2025-04-17 08:35:00+09:00,0.02351,0.02355,0.02344,0.02346,339935.0
2025-04-17 08:40:00+09:00,0.02345,0.02354,0.02345,0.02351,457427.0
2025-04-17 08:45:00+09:00,0.0235,0.0236,0.02345,0.02359,739159.0
2025-04-17 08:50:00+09:00,0.02359,0.02359,0.02353,0.02358,432794.0
2025-04-17 08:55:00+09:00,0.02358,0.0236,0.02355,0.0236,500183.0
2025-04-17 09:00:00+09:00,0.02359,0.02368,0.02356,0.0236,968455.0
2025-04-17 09:05:00+09:00,0.0236,0.0236,0.02343,0.02357,916065.0
2025-04-17 09:10:00+09:00,0.02358,0.0236,0.02346,0.02348,859438.0
2025-04-17 09:15:00+09:00,0.02347,0.02348,0.02326,0.02326,4139861.0
2025-04-17 09:20:00+09:00,0.02325,0.02341,0.02322,0.02337,1007136.0
2025-04-17 09:25:00+09:00,0.02338,0.02349,0.02338,0.02344,989059.0
2025-04-17 09:30:00+09:00,0.02344,0.0235,0.02339,0.02341,904622.0
2025-04-17 09:35:00+09:00,0.02342,0.02351,0.02339,0.02348,889939.0
2025-04-17 09:40:00+09:00,0.02348,0.0235,0.02339,0.02342,802816.0
2025-04-17 09:45:00+09:00,0.02341,0.02344,0.02339,0.0234,489517.0
2025-04-17 09:50:00+09:00,0.0234,0.02351,0.02337,0.02346,1099614.0
2025-04-17 09:55:00+09:00,0.02345,0.02349,0.02342,0.02349,446735.0
2025-04-17 10:00:00+09:00,0.0235,0.02351,0.02338,0.02342,732643.0
2025-04-17 10:05:00+09:00,0.02343,0.02357,0.02343,0.02357,887910.0
2025-04-17 10:10:00+09:00,0.02358,0.02361,0.02354,0.02356,809572.0
2025-04-17 10:15:00+09:00,0.02358,0.02364,0.02357,0.0236,562919.0
2025-04-17 10:20:00+09:00,0.0236,0.0236,0.02348,0.02351,541466.0
2025-04-17 10:25:00+09:00,0.02352,0.02352,0.02346,0.02351,674171.0
2025-04-17 10:30:00+09:00,0.0235,0.02359,0.02349,0.02351,911318.0
2025-04-17 10:35:00+09:00,0.02351,0.0236,0.02336,0.0234,2112122.0
2025-04-17 10:40:00+09:00,0.02341,0.02343,0.02337,0.02338,522591.0
2025-04-17 10:45:00+09:00,0.02337,0.02339,0.02332,0.02334,630853.0
2025-04-17 10:50:00+09:00,0.02334,0.02336,0.02328,0.02334,453014.0
2025-04-17 10:55:00+09:00,0.02335,0.02341,0.02335,0.02341,354753.0
2025-04-17 11:00:00+09:00,0.02341,0.02343,0.0233,0.02333,741322.0
2025-04-17 11:05:00+09:00,0.02334,0.02334,0.02329,0.02334,358160.0
2025-04-17 11:10:00+09:00,0.02335,0.02336,0.02325,0.02326,936322.0
2025-04-17 11:15:00+09:00,0.02325,0.02325,0.02315,0.02318,1617042.0
2025-04-17 11:20:00+09:00,0.02319,0.02319,0.02312,0.02314,670884.0
2025-04-17 11:25:00+09:00,0.02315,0.02327,0.02315,0.02326,769621.0
2025-04-17 11:30:00+09:00,0.02326,0.0233,0.02313,0.02319,721272.0
2025-04-17 11:35:00+09:00,0.02318,0.02319,0.02313,0.02318,599994.0
2025-04-17 11:40:00+09:00,0.02317,0.02324,0.02317,0.02321,630684.0
2025-04-17 11:45:00+09:00,0.02322,0.02333,0.02322,0.02328,671703.0
2025-04-17 11:50:00+09:00,0.02327,0.02327,0.02318,0.02321,542690.0
2025-04-17 11:55:00+09:00,0.02322,0.02326,0.02318,0.02325,399160.0
2025-04-17 12:00:00+09:00,0.02325,0.02328,0.0232,0.02327,650378.0
2025-04-17 12:05:00+09:00,0.02328,0.02332,0.02324,0.02324,941734.0
2025-04-17 12:10:00+09:00,0.02323,0.02326,0.02319,0.02325,928074.0
2025-04-17 12:15:00+09:00,0.02325,0.02327,0.02321,0.02321,278084.0
2025-04-17 12:20:00+09:00,0.02321,0.02324,0.02319,0.02319,472773.0
2025-04-17 12:25:00+09:00,0.0232,0.0232,0.02314,0.02315,866315.0
2025-04-17 12:30:00+09:00,0.02315,0.02327,0.02315,0.02324,340398.0
2025-04-17 12:35:00+09:00,0.02325,0.02336,0.02324,0.02334,1967950.0
2025-04-17 12:40:00+09:00,0.02334,0.02337,0.02332,0.02337,514551.0
2025-04-17 12:45:00+09:00,0.02336,0.02348,0.02334,0.02345,1063172.0
2025-04-17 12:50:00+09:00,0.02345,0.02346,0.02339,0.0234,404069.0
2025-04-17 12:55:00+09:00,0.02339,0.02343,0.02338,0.02342,390439.0
2025-04-17 13:00:00+09:00,0.02343,0.02346,0.02336,0.02345,736825.0
2025-04-17 13:05:00+09:00,0.02345,0.02345,0.02338,0.02342,516668.0
2025-04-17 13:10:00+09:00,0.02343,0.02348,0.0234,0.02346,369616.0
2025-04-17 13:15:00+09:00,0.02346,0.02354,0.02345,0.02351,650817.0
2025-04-17 13:20:00+09:00,0.02352,0.02356,0.02352,0.02353,333712.0
2025-04-17 13:25:00+09:00,0.02354,0.02357,0.02353,0.02354,357887.0
2025-04-17 13:30:00+09:00,0.02353,0.0236,0.02353,0.02356,594637.0
2025-04-17 13:35:00+09:00,0.02356,0.02359,0.02354,0.02359,319473.0
2025-04-17 13:40:00+09:00,0.02359,0.02368,0.02358,0.02366,1091934.0
2025-04-17 13:45:00+09:00,0.02366,0.02378,0.02366,0.02376,1040183.0
2025-04-17 13:50:00+09:00,0.02377,0.02384,0.02376,0.02381,848696.0
2025-04-17 13:55:00+09:00,0.0238,0.02389,0.02379,0.02386,1201350.0
2025-04-17 14:00:00+09:00,0.02387,0.02394,0.02385,0.02389,1090645.0
2025-04-17 14:05:00+09:00,0.02389,0.02395,0.02384,0.02395,847228.0
2025-04-17 14:10:00+09:00,0.02396,0.02397,0.02392,0.02393,894547.0
2025-04-17 14:15:00+09:00,0.02394,0.02406,0.02392,0.02403,1102099.0
2025-04-17 14:20:00+09:00,0.02403,0.02406,0.02395,0.02406,2700171.0
2025-04-17 14:25:00+09:00,0.02405,0.0241,0.02401,0.0241,894423.0
2025-04-17 14:30:00+09:00,0.02409,0.02414,0.02401,0.02405,1634626.0
2025-04-17 14:35:00+09:00,0.02405,0.02415,0.02405,0.02413,922655.0
2025-04-17 14:40:00+09:00,0.02413,0.02419,0.02411,0.02415,681185.0
2025-04-17 14:45:00+09:00,0.02415,0.02417,0.02411,0.02413,590249.0
2025-04-17 14:50:00+09:00,0.02413,0.02414,0.02402,0.02403,884620.0
2025-04-17 14:55:00+09:00,0.02404,0.02411,0.02404,0.02411,514870.0
2025-04-17 15:00:00+09:00,0.02412,0.02415,0.02403,0.02405,1079810.0
2025-04-17 15:05:00+09:00,0.02407,0.02414,0.02407,0.02414,718344.0
2025-04-17 15:10:00+09:00,0.02414,0.02414,0.02404,0.02406,529368.0
2025-04-17 15:15:00+09:00,0.02407,0.02407,0.02394,0.02401,1447751.0
2025-04-17 15:20:00+09:00,0.02402,0.0241,0.02402,0.02408,698417.0
2025-04-17 15:25:00+09:00,0.02409,0.02424,0.02406,0.02418,687414.0
2025-04-17 15:30:00+09:00,0.02418,0.02421,0.02411,0.02416,823102.0
2025-04-17 15:35:00+09:00,0.02415,0.02433,0.02413,0.02432,2071473.0
2025-04-17 15:40:00+09:00,0.0243,0.0243,0.02423,0.02423,1086395.0
2025-04-17 15:45:00+09:00,0.02424,0.02424,0.02414,0.0242,733141.0
2025-04-17 15:50:00+09:00,0.0242,0.02424,0.02419,0.02421,289731.0
2025-04-17 15:55:00+09:00,0.02421,0.0243,0.02419,0.02426,918968.0
2025-04-17 16:00:00+09:00,0.02426,0.02427,0.02415,0.02425,2026923.0
2025-04-17 16:05:00+09:00,0.02425,0.02425,0.02414,0.0242,820495.0
2025-04-17 16:10:00+09:00,0.02421,0.02429,0.02421,0.02426,1294154.0
2025-04-17 16:15:00+09:00,0.02426,0.02426,0.02419,0.02422,424562.0
2025-04-17 16:20:00+09:00,0.02422,0.02426,0.02419,0.02425,780666.0
2025-04-17 16:25:00+09:00,0.02425,0.02435,0.02423,0.02433,919360.0
2025-04-17 16:30:00+09:00,0.02434,0.02441,0.02427,0.02439,1943873.0
2025-04-17 16:35:00+09:00,0.02438,0.02452,0.02429,0.02448,3658710.0
2025-04-17 16:40:00+09:00,0.02447,0.0245,0.02441,0.02449,1216562.0
2025-04-17 16:45:00+09:00,0.02449,0.02457,0.02428,0.02428,5796431.0
2025-04-17 16:50:00+09:00,0.02429,0.02434,0.0242,0.0243,1913839.0
2025-04-17 16:55:00+09:00,0.0243,0.02432,0.02421,0.02425,691756.0
2025-04-17 17:00:00+09:00,0.02426,0.02426,0.02415,0.02422,2751692.0
2025-04-17 17:05:00+09:00,0.02422,0.02433,0.02421,0.02429,1487231.0
2025-04-17 17:10:00+09:00,0.02429,0.02429,0.0242,0.02423,1315901.0
2025-04-17 17:15:00+09:00,0.02424,0.02424,0.02414,0.02419,1086614.0
2025-04-17 17:20:00+09:00,0.02418,0.0243,0.02417,0.02429,1122262.0
2025-04-17 17:25:00+09:00,0.02429,0.02437,0.02426,0.02436,2607521.0
2025-04-17 17:30:00+09:00,0.02435,0.02441,0.02433,0.02435,1380828.0
2025-04-17 17:35:00+09:00,0.02436,0.0244,0.02419,0.02419,1947972.0
2025-04-17 17:40:00+09:00,0.02419,0.02424,0.02413,0.02422,1082570.0
2025-04-17 17:45:00+09:00,0.02422,0.02426,0.02419,0.0242,476346.0
2025-04-17 17:50:00+09:00,0.0242,0.0242,0.02413,0.02415,1205514.0
2025-04-17 17:55:00+09:00,0.02415,0.02422,0.02412,0.02418,648993.0
2025-04-17 18:00:00+09:00,0.02418,0.02421,0.02403,0.02406,1815900.0
2025-04-17 18:05:00+09:00,0.02406,0.02412,0.02406,0.02412,528593.0
2025-04-17 18:10:00+09:00,0.02413,0.02416,0.02409,0.02413,743459.0
2025-04-17 18:15:00+09:00,0.02413,0.02413,0.024,0.02404,1750246.0
2025-04-17 18:20:00+09:00,0.02406,0.02413,0.02406,0.0241,434567.0
2025-04-17 18:25:00+09:00,0.0241,0.02416,0.02391,0.02396,2902651.0
2025-04-17 18:30:00+09:00,0.02396,0.02397,0.02386,0.02392,2005144.0
2025-04-17 18:35:00+09:00,0.02392,0.0241,0.02392,0.02407,3771096.0
2025-04-17 18:40:00+09:00,0.02407,0.02418,0.02407,0.02413,956446.0
2025-04-17 18:45:00+09:00,0.02413,0.02418,0.02406,0.02406,890464.0
2025-04-17 18:50:00+09:00,0.02407,0.02408,0.024,0.02402,794118.0
2025-04-17 18:55:00+09:00,0.024,0.02405,0.024,0.02404,472716.0
2025-04-17 19:00:00+09:00,0.02404,0.02406,0.02399,0.024,492335.0
2025-04-17 19:05:00+09:00,0.024,0.02403,0.02399,0.02401,531024.0
2025-04-17 19:10:00+09:00,0.02402,0.02408,0.02382,0.02382,1838833.0
2025-04-17 19:15:00+09:00,0.02384,0.02392,0.0238,0.02384,1067815.0
2025-04-17 19:20:00+09:00,0.02383,0.02391,0.02382,0.02391,2025211.0
2025-04-17 19:25:00+09:00,0.02391,0.02399,0.02388,0.02397,834805.0
2025-04-17 19:30:00+09:00,0.02397,0.024,0.02395,0.02399,479276.0
2025-04-17 19:35:00+09:00,0.02399,0.02401,0.0239,0.02392,2117714.0
2025-04-17 19:40:00+09:00,0.02393,0.02402,0.02393,0.02397,1488180.0
2025-04-17 19:45:00+09:00,0.02397,0.02397,0.02392,0.02392,479227.0
2025-04-17 19:50:00+09:00,0.02392,0.02397,0.02389,0.02397,1187340.0
2025-04-17 19:55:00+09:00,0.02397,0.02413,0.02395,0.02411,2682593.0
2025-04-17 20:00:00+09:00,0.02411,0.02425,0.0241,0.02418,3308985.0
2025-04-17 20:05:00+09:00,0.02418,0.02421,0.02415,0.02417,1323550.0
2025-04-17 20:10:00+09:00,0.02417,0.02417,0.02396,0.02398,1576363.0
2025-04-17 20:15:00+09:00,0.02399,0.02405,0.02398,0.02405,2705094.0
2025-04-17 20:20:00+09:00,0.02404,0.02406,0.024,0.02404,827006.0
2025-04-17 20:25:00+09:00,0.02404,0.02405,0.02401,0.02403,431997.0
2025-04-17 20:30:00+09:00,0.02402,0.02405,0.02397,0.02402,641645.0
2025-04-17 20:35:00+09:00,0.02402,0.02409,0.02401,0.02409,503930.0
2025-04-17 20:40:00+09:00,0.02408,0.02419,0.02407,0.02419,1006545.0
2025-04-17 20:45:00+09:00,0.02419,0.02436,0.02411,0.0243,4889325.0
2025-04-17 20:50:00+09:00,0.0243,0.02432,0.02423,0.02426,1355104.0
2025-04-17 20:55:00+09:00,0.02426,0.02426,0.02411,0.02412,1094688.0
2025-04-17 21:00:00+09:00,0.02411,0.02432,0.02411,0.0242,3811335.0
2025-04-17 21:05:00+09:00,0.02421,0.02426,0.02419,0.02425,1078344.0
2025-04-17 21:10:00+09:00,0.02423,0.02423,0.02412,0.02419,1128378.0
2025-04-17 21:15:00+09:00,0.0242,0.0243,0.02418,0.02421,714137.0
2025-04-17 21:20:00+09:00,0.0242,0.02424,0.02418,0.02424,619587.0
2025-04-17 21:25:00+09:00,0.02424,0.02431,0.02423,0.02427,1139111.0
2025-04-17 21:30:00+09:00,0.02428,0.02431,0.02418,0.02425,1082051.0
2025-04-17 21:35:00+09:00,0.02425,0.02426,0.02412,0.02412,389110.0
2025-04-17 21:40:00+09:00,0.02412,0.02419,0.0241,0.02418,509750.0
2025-04-17 21:45:00+09:00,0.02418,0.0242,0.02412,0.02419,622704.0
2025-04-17 21:50:00+09:00,0.02419,0.02423,0.0241,0.02414,1150952.0
2025-04-17 21:55:00+09:00,0.02414,0.0242,0.02413,0.02418,718317.0
2025-04-17 22:00:00+09:00,0.02418,0.02421,0.02407,0.02407,1020318.0
2025-04-17 22:05:00+09:00,0.02407,0.02407,0.024,0.02404,915104.0
2025-04-17 22:10:00+09:00,0.02404,0.02409,0.02402,0.02406,635358.0
2025-04-17 22:15:00+09:00,0.02406,0.02407,0.02395,0.02403,1112385.0
2025-04-17 22:20:00+09:00,0.02404,0.02414,0.02404,0.02413,351883.0
2025-04-17 22:25:00+09:00,0.02411,0.02412,0.02404,0.0241,599127.0
2025-04-17 22:30:00+09:00,0.0241,0.02412,0.02391,0.02398,1468169.0
2025-04-17 22:35:00+09:00,0.02396,0.02401,0.02394,0.02396,693788.0
2025-04-17 22:40:00+09:00,0.02395,0.02405,0.02395,0.02404,682024.0
2025-04-17 22:45:00+09:00,0.02403,0.02405,0.02396,0.02401,557196.0
2025-04-17 22:50:00+09:00,0.02399,0.02409,0.02398,0.02407,521747.0
2025-04-17 22:55:00+09:00,0.02406,0.02408,0.02401,0.02404,1267275.0
2025-04-17 23:00:00+09:00,0.02403,0.02415,0.02403,0.02405,2005148.0
2025-04-17 23:05:00+09:00,0.02405,0.02405,0.02385,0.02385,2448209.0
2025-04-17 23:10:00+09:00,0.02386,0.024,0.0238,0.0239,3890509.0
2025-04-17 23:15:00+09:00,0.02392,0.02396,0.02376,0.02379,2189808.0
2025-04-17 23:20:00+09:00,0.0238,0.02386,0.02372,0.02381,2182545.0
2025-04-17 23:25:00+09:00,0.02382,0.02388,0.02374,0.02377,719235.0
2025-04-17 23:30:00+09:00,0.02376,0.02385,0.0237,0.0237,1396469.0
2025-04-17 23:35:00+09:00,0.0237,0.0237,0.02354,0.02365,2152091.0
2025-04-17 23:40:00+09:00,0.02364,0.02381,0.02361,0.0238,1512673.0
2025-04-17 23:45:00+09:00,0.02381,0.02383,0.02376,0.02381,657435.0
2025-04-17 23:50:00+09:00,0.02381,0.02384,0.02371,0.02379,1374570.0
2025-04-17 23:55:00+09:00,0.0238,0.02383,0.02373,0.02377,612669.0
2025-04-18 00:00:00+09:00,0.02377,0.02386,0.02376,0.02378,1508093.0
2025-04-18 00:05:00+09:00,0.02379,0.02411,0.02377,0.02407,3221207.0
2025-04-18 00:10:00+09:00,0.02407,0.02431,0.02406,0.02429,3657164.0
2025-04-18 00:15:00+09:00,0.0243,0.02439,0.02415,0.0243,2231418.0
2025-04-18 00:20:00+09:00,0.02431,0.02431,0.02413,0.02414,1984965.0
2025-04-18 00:25:00+09:00,0.02414,0.02418,0.02405,0.02411,1084624.0
2025-04-18 00:30:00+09:00,0.02412,0.02424,0.02411,0.0242,1002757.0
2025-04-18 00:35:00+09:00,0.02422,0.02437,0.0242,0.02437,736819.0
2025-04-18 00:40:00+09:00,0.02437,0.02439,0.02428,0.02432,931673.0
2025-04-18 00:45:00+09:00,0.02432,0.02433,0.02426,0.0243,1085999.0
2025-04-18 00:50:00+09:00,0.0243,0.02439,0.02425,0.02427,1497292.0
2025-04-18 00:55:00+09:00,0.02428,0.02433,0.02425,0.02429,1221626.0
2025-04-18 01:00:00+09:00,0.0243,0.02438,0.02416,0.02417,1940715.0
2025-04-18 01:05:00+09:00,0.02417,0.02445,0.02416,0.02443,3362140.0
2025-04-18 01:10:00+09:00,0.02443,0.02443,0.02426,0.02435,1671550.0
2025-04-18 01:15:00+09:00,0.02436,0.02464,0.02435,0.02461,2092687.0
2025-04-18 01:20:00+09:00,0.0246,0.02479,0.02448,0.02475,2463131.0
2025-04-18 01:25:00+09:00,0.02475,0.02484,0.02469,0.02469,3616638.0
2025-04-18 01:30:00+09:00,0.02469,0.02479,0.02465,0.02479,2501204.0
2025-04-18 01:35:00+09:00,0.02479,0.02487,0.02469,0.02469,2668880.0
2025-04-18 01:40:00+09:00,0.02469,0.02475,0.02462,0.02462,1446170.0
2025-04-18 01:45:00+09:00,0.02464,0.02478,0.0246,0.02477,3442830.0
2025-04-18 01:50:00+09:00,0.02478,0.02489,0.02471,0.02486,2152439.0
2025-04-18 01:55:00+09:00,0.02486,0.02502,0.02485,0.02496,4237098.0
2025-04-18 02:00:00+09:00,0.02497,0.02515,0.02492,0.02514,3677707.0
2025-04-18 02:05:00+09:00,0.02514,0.02515,0.02493,0.02503,2967387.0
2025-04-18 02:10:00+09:00,0.02503,0.02518,0.02502,0.0251,2121006.0
2025-04-18 02:15:00+09:00,0.0251,0.02522,0.02508,0.02518,1849347.0
2025-04-18 02:20:00+09:00,0.02519,0.02527,0.02509,0.02527,1447167.0
2025-04-18 02:25:00+09:00,0.02528,0.02535,0.02524,0.02525,3197390.0
2025-04-18 02:30:00+09:00,0.02524,0.02545,0.02524,0.02538,4052023.0
2025-04-18 02:35:00+09:00,0.02538,0.02545,0.02528,0.02528,1853367.0
2025-04-18 02:40:00+09:00,0.02529,0.02533,0.02518,0.02531,1850559.0
2025-04-18 02:45:00+09:00,0.02531,0.02537,0.02528,0.02536,1288800.0
2025-04-18 02:50:00+09:00,0.02536,0.02606,0.02535,0.02596,23182834.0
2025-04-18 02:55:00+09:00,0.02594,0.02623,0.02587,0.02623,15608238.0
2025-04-18 03:00:00+09:00,0.02621,0.02629,0.0259,0.02605,10864151.0
2025-04-18 03:05:00+09:00,0.02606,0.02624,0.02593,0.02594,4106331.0
2025-04-18 03:10:00+09:00,0.02596,0.02597,0.02573,0.02573,6680051.0
2025-04-18 03:15:00+09:00,0.02574,0.02589,0.02561,0.02581,7648751.0
2025-04-18 03:20:00+09:00,0.02582,0.02597,0.02571,0.02577,4938421.0
2025-04-18 03:25:00+09:00,0.02577,0.0259,0.02576,0.0259,2635404.0
2025-04-18 03:30:00+09:00,0.0259,0.02618,0.02586,0.02613,7642031.0
2025-04-18 03:35:00+09:00,0.02613,0.02613,0.02594,0.02597,2164813.0
2025-04-18 03:40:00+09:00,0.02597,0.02623,0.02597,0.02618,2828854.0
2025-04-18 03:45:00+09:00,0.02618,0.02624,0.02585,0.02591,6688048.0
2025-04-18 03:50:00+09:00,0.02591,0.02592,0.02576,0.02581,3022101.0
2025-04-18 03:55:00+09:00,0.02581,0.02589,0.02571,0.02575,3382834.0
2025-04-18 04:00:00+09:00,0.02576,0.02589,0.02571,0.02573,2414849.0
2025-04-18 04:05:00+09:00,0.02572,0.02589,0.0257,0.02578,1650338.0
2025-04-18 04:10:00+09:00,0.02578,0.02581,0.0257,0.02575,2004920.0
2025-04-18 04:15:00+09:00,0.02574,0.02577,0.0256,0.02562,4099247.0
2025-04-18 04:20:00+09:00,0.02563,0.02567,0.02552,0.02562,3256832.0
2025-04-18 04:25:00+09:00,0.02563,0.02563,0.02546,0.02554,3532482.0
2025-04-18 04:30:00+09:00,0.02555,0.02557,0.02532,0.02534,2649486.0
2025-04-18 04:35:00+09:00,0.02535,0.02551,0.02532,0.0255,2055890.0
2025-04-18 04:40:00+09:00,0.0255,0.02559,0.02545,0.02552,1029687.0
2025-04-18 04:45:00+09:00,0.0255,0.0255,0.02542,0.02548,650256.0
2025-04-18 04:50:00+09:00,0.02548,0.02554,0.02537,0.02552,1269444.0
2025-04-18 04:55:00+09:00,0.02551,0.02562,0.02541,0.02541,1532545.0
2025-04-18 05:00:00+09:00,0.0254,0.02564,0.0254,0.02561,3029700.0
2025-04-18 05:05:00+09:00,0.02561,0.02571,0.02549,0.02571,2082179.0
2025-04-18 05:10:00+09:00,0.02572,0.0258,0.02565,0.02578,1847523.0
2025-04-18 05:15:00+09:00,0.02579,0.0258,0.02554,0.02572,3682866.0
2025-04-18 05:20:00+09:00,0.02572,0.02576,0.02567,0.02573,1763972.0
2025-04-18 05:25:00+09:00,0.02572,0.02574,0.02567,0.02574,483634.0
2025-04-18 05:30:00+09:00,0.02574,0.0258,0.02568,0.02568,1036693.0
2025-04-18 05:35:00+09:00,0.02568,0.02583,0.02566,0.02577,1023919.0
2025-04-18 05:40:00+09:00,0.02576,0.02576,0.02565,0.02572,1902172.0
2025-04-18 05:45:00+09:00,0.02572,0.02584,0.02567,0.02577,1927783.0
2025-04-18 05:50:00+09:00,0.02577,0.02586,0.02574,0.02584,823956.0
2025-04-18 05:55:00+09:00,0.02585,0.02597,0.02582,0.02596,2273315.0
2025-04-18 06:00:00+09:00,0.02595,0.02596,0.02578,0.02578,800335.0
2025-04-18 06:05:00+09:00,0.02577,0.02584,0.02574,0.02579,1575870.0
2025-04-18 06:10:00+09:00,0.02579,0.02579,0.02562,0.02562,2219228.0
2025-04-18 06:15:00+09:00,0.02563,0.02573,0.02553,0.02554,2210743.0
2025-04-18 06:20:00+09:00,0.02554,0.02558,0.02553,0.02558,634229.0
2025-04-18 06:25:00+09:00,0.02557,0.02558,0.02537,0.02541,2672081.0
2025-04-18 06:30:00+09:00,0.0254,0.02547,0.02538,0.02547,1177216.0
2025-04-18 06:35:00+09:00,0.02546,0.02547,0.02542,0.02546,458792.0
2025-04-18 06:40:00+09:00,0.02547,0.02548,0.02539,0.02539,784766.0
2025-04-18 06:45:00+09:00,0.02539,0.02543,0.02537,0.02541,828544.0
2025-04-18 06:50:00+09:00,0.0254,0.02551,0.0254,0.02551,336704.0
2025-04-18 06:55:00+09:00,0.02551,0.02555,0.0255,0.02552,448234.0
2025-04-18 07:00:00+09:00,0.02551,0.02554,0.02546,0.02551,771437.0
2025-04-18 07:05:00+09:00,0.0255,0.0255,0.02534,0.02539,390530.0
2025-04-18 07:10:00+09:00,0.02539,0.02543,0.02532,0.02537,920007.0
2025-04-18 07:15:00+09:00,0.02537,0.02541,0.02526,0.02532,1185528.0
2025-04-18 07:20:00+09:00,0.02531,0.02534,0.02527,0.0253,737699.0
2025-04-18 07:25:00+09:00,0.0253,0.0253,0.02524,0.02526,704207.0
2025-04-18 07:30:00+09:00,0.02527,0.02532,0.02525,0.02525,553797.0
2025-04-18 07:35:00+09:00,0.02524,0.02524,0.02512,0.02518,1138625.0
2025-04-18 07:40:00+09:00,0.02518,0.02521,0.02514,0.02517,612324.0
2025-04-18 07:45:00+09:00,0.02518,0.02518,0.025,0.02503,2167920.0
2025-04-18 07:50:00+09:00,0.02503,0.02505,0.02496,0.02496,2609383.0
2025-04-18 07:55:00+09:00,0.02499,0.025,0.02492,0.02495,1313550.0
2025-04-18 08:00:00+09:00,0.02496,0.02506,0.02495,0.02501,2223709.0
2025-04-18 08:05:00+09:00,0.02502,0.02509,0.02501,0.02509,373290.0
2025-04-18 08:10:00+09:00,0.0251,0.0252,0.0251,0.0252,770578.0
2025-04-18 08:15:00+09:00,0.02519,0.02525,0.02508,0.02522,1118228.0
2025-04-18 08:20:00+09:00,0.02521,0.0253,0.02519,0.02524,651603.0
2025-04-18 08:25:00+09:00,0.02524,0.02534,0.02524,0.0253,722374.0
2025-04-18 08:30:00+09:00,0.0253,0.02537,0.02529,0.02537,1323034.0
2025-04-18 08:35:00+09:00,0.02537,0.0254,0.02533,0.02537,476299.0
2025-04-18 08:40:00+09:00,0.02536,0.0254,0.02534,0.02534,252989.0
2025-04-18 08:45:00+09:00,0.02535,0.02539,0.02532,0.02539,295724.0
2025-04-18 08:50:00+09:00,0.02537,0.02545,0.02537,0.02542,351375.0
2025-04-18 08:55:00+09:00,0.02542,0.02545,0.0254,0.02543,395724.0
2025-04-18 09:00:00+09:00,0.02544,0.02554,0.02543,0.02549,817239.0
2025-04-18 09:05:00+09:00,0.02548,0.02551,0.02537,0.02551,1509267.0
2025-04-18 09:10:00+09:00,0.02552,0.02564,0.0255,0.0255,1467555.0
2025-04-18 09:15:00+09:00,0.02549,0.02554,0.02533,0.02538,1221407.0
2025-04-18 09:20:00+09:00,0.02538,0.02546,0.02537,0.02546,708652.0
2025-04-18 09:25:00+09:00,0.02547,0.02561,0.02546,0.0256,670786.0
2025-04-18 09:30:00+09:00,0.02559,0.02586,0.02558,0.02567,4531406.0
2025-04-18 09:35:00+09:00,0.02568,0.02576,0.02563,0.02568,1070584.0
2025-04-18 09:40:00+09:00,0.02568,0.02577,0.02567,0.02576,2145005.0
2025-04-18 09:45:00+09:00,0.02575,0.02578,0.02562,0.02563,1815696.0
2025-04-18 09:50:00+09:00,0.02561,0.02564,0.02555,0.02555,1441977.0
2025-04-18 09:55:00+09:00,0.02556,0.02558,0.02545,0.02558,1263668.0
2025-04-18 10:00:00+09:00,0.02559,0.02563,0.02545,0.02553,960870.0
2025-04-18 10:05:00+09:00,0.02554,0.0257,0.02553,0.02567,1370348.0
2025-04-18 10:10:00+09:00,0.02567,0.02577,0.02566,0.02573,1419605.0
2025-04-18 10:15:00+09:00,0.02573,0.02588,0.02572,0.02581,974501.0
2025-04-18 10:20:00+09:00,0.0258,0.0258,0.02569,0.02577,877596.0
2025-04-18 10:25:00+09:00,0.02576,0.02576,0.0257,0.02573,587475.0
2025-04-18 10:30:00+09:00,0.02574,0.02575,0.02559,0.02569,1777357.0
2025-04-18 10:35:00+09:00,0.02569,0.02569,0.02547,0.02549,1816096.0
2025-04-18 10:40:00+09:00,0.02548,0.02549,0.02532,0.02538,2277019.0
2025-04-18 10:45:00+09:00,0.02537,0.02555,0.02537,0.02553,776911.0
2025-04-18 10:50:00+09:00,0.02552,0.02553,0.02549,0.02549,596174.0
2025-04-18 10:55:00+09:00,0.0255,0.02551,0.02544,0.02546,668807.0
2025-04-18 11:00:00+09:00,0.02548,0.02549,0.02541,0.02544,939918.0
2025-04-18 11:05:00+09:00,0.02543,0.02548,0.02533,0.02535,817438.0
2025-04-18 11:10:00+09:00,0.02535,0.02552,0.02534,0.02542,595236.0
2025-04-18 11:15:00+09:00,0.02541,0.02556,0.0254,0.02554,1226232.0
2025-04-18 11:20:00+09:00,0.02555,0.02561,0.02553,0.0256,448170.0
2025-04-18 11:25:00+09:00,0.02559,0.02562,0.02556,0.02558,464825.0
2025-04-18 11:30:00+09:00,0.02558,0.02558,0.02549,0.02552,627118.0
2025-04-18 11:35:00+09:00,0.02552,0.02559,0.02548,0.02559,883338.0
2025-04-18 11:40:00+09:00,0.02559,0.0257,0.02557,0.0256,1344254.0
2025-04-18 11:45:00+09:00,0.0256,0.02583,0.02558,0.02582,2875148.0
2025-04-18 11:50:00+09:00,0.02583,0.02594,0.02578,0.02585,1950960.0
2025-04-18 11:55:00+09:00,0.02584,0.02585,0.02565,0.02567,1727535.0
2025-04-18 12:00:00+09:00,0.02566,0.02568,0.02552,0.02555,1453883.0
2025-04-18 12:05:00+09:00,0.02553,0.02577,0.02553,0.02575,1523112.0
2025-04-18 12:10:00+09:00,0.02576,0.02583,0.0257,0.02574,1429701.0
2025-04-18 12:15:00+09:00,0.02575,0.02577,0.02558,0.02568,3739651.0
2025-04-18 12:20:00+09:00,0.02568,0.02568,0.02545,0.02547,1292087.0
2025-04-18 12:25:00+09:00,0.02547,0.02552,0.02541,0.0255,1347491.0
2025-04-18 12:30:00+09:00,0.02549,0.02558,0.02547,0.02551,973546.0
2025-04-18 12:35:00+09:00,0.02551,0.02565,0.02551,0.02565,598501.0
2025-04-18 12:40:00+09:00,0.02565,0.0257,0.02563,0.02566,821755.0
2025-04-18 12:45:00+09:00,0.02565,0.02565,0.02546,0.02552,1836374.0
2025-04-18 12:50:00+09:00,0.02553,0.02559,0.02551,0.02555,361707.0
2025-04-18 12:55:00+09:00,0.02555,0.02555,0.02547,0.02555,1150705.0
2025-04-18 13:00:00+09:00,0.02554,0.0256,0.02549,0.02549,1179489.0
2025-04-18 13:05:00+09:00,0.0255,0.02557,0.02547,0.02548,492236.0
2025-04-18 13:10:00+09:00,0.02547,0.02555,0.02541,0.02553,1294117.0
2025-04-18 13:15:00+09:00,0.02554,0.02557,0.02542,0.0255,759150.0
2025-04-18 13:20:00+09:00,0.0255,0.02569,0.02549,0.02567,987988.0
2025-04-18 13:25:00+09:00,0.02567,0.02596,0.02567,0.02594,2941942.0
2025-04-18 13:30:00+09:00,0.02592,0.02597,0.0258,0.02581,4456226.0
2025-04-18 13:35:00+09:00,0.02582,0.02586,0.02575,0.02586,1434662.0
2025-04-18 13:40:00+09:00,0.02586,0.02587,0.02572,0.02574,1667547.0
2025-04-18 13:45:00+09:00,0.02575,0.0258,0.02572,0.0258,818982.0
2025-04-18 13:50:00+09:00,0.02579,0.02585,0.02575,0.02575,971187.0
2025-04-18 13:55:00+09:00,0.02576,0.02577,0.02564,0.02574,1926174.0
2025-04-18 14:00:00+09:00,0.02573,0.02573,0.02563,0.02567,1173599.0
2025-04-18 14:05:00+09:00,0.02568,0.02577,0.02568,0.02569,1085734.0
2025-04-18 14:10:00+09:00,0.0257,0.02584,0.02569,0.02581,1036646.0
2025-04-18 14:15:00+09:00,0.02581,0.02592,0.0258,0.02586,1080481.0
2025-04-18 14:20:00+09:00,0.02585,0.02589,0.0258,0.02582,796240.0
2025-04-18 14:25:00+09:00,0.02581,0.02581,0.02571,0.02573,1186716.0
2025-04-18 14:30:00+09:00,0.02572,0.02579,0.02572,0.02578,449805.0
2025-04-18 14:35:00+09:00,0.02576,0.02584,0.02569,0.02582,911926.0
2025-04-18 14:40:00+09:00,0.02582,0.02586,0.02577,0.02581,717449.0
2025-04-18 14:45:00+09:00,0.02579,0.02602,0.02577,0.02596,2480902.0
2025-04-18 14:50:00+09:00,0.02595,0.02599,0.0259,0.02594,1001321.0
2025-04-18 14:55:00+09:00,0.02593,0.02598,0.02585,0.02597,1517340.0
2025-04-18 15:00:00+09:00,0.02596,0.026,0.0259,0.02596,1474261.0
2025-04-18 15:05:00+09:00,0.02595,0.02598,0.02582,0.02597,975969.0
2025-04-18 15:10:00+09:00,0.02598,0.02606,0.02594,0.02605,1067247.0
2025-04-18 15:15:00+09:00,0.02606,0.02631,0.02602,0.02621,7412595.0
2025-04-18 15:20:00+09:00,0.0262,0.02628,0.02615,0.02619,1784060.0
2025-04-18 15:25:00+09:00,0.02619,0.02641,0.02615,0.0263,5268769.0
2025-04-18 15:30:00+09:00,0.02631,0.02662,0.02627,0.02641,9307501.0
2025-04-18 15:35:00+09:00,0.02643,0.02654,0.02639,0.02654,2088610.0
2025-04-18 15:40:00+09:00,0.02653,0.0267,0.0265,0.02667,4165009.0
2025-04-18 15:45:00+09:00,0.02668,0.02689,0.02636,0.0264,10022408.0
2025-04-18 15:50:00+09:00,0.02641,0.02642,0.02622,0.02638,3851076.0
2025-04-18 15:55:00+09:00,0.02638,0.02648,0.02631,0.02636,3495156.0
2025-04-18 16:00:00+09:00,0.02636,0.02639,0.02618,0.02622,3724673.0
2025-04-18 16:05:00+09:00,0.02622,0.02634,0.02616,0.0263,5719197.0
2025-04-18 16:10:00+09:00,0.0263,0.027,0.02619,0.02692,8124504.0
2025-04-18 16:15:00+09:00,0.02692,0.02703,0.02644,0.02646,12984726.0
2025-04-18 16:20:00+09:00,0.02647,0.02649,0.02588,0.02601,17113379.0
2025-04-18 16:25:00+09:00,0.02601,0.02626,0.02599,0.02615,4318957.0
2025-04-18 16:30:00+09:00,0.02614,0.02638,0.02611,0.02633,4672247.0
2025-04-18 16:35:00+09:00,0.02633,0.02636,0.02618,0.02619,2514322.0
2025-04-18 16:40:00+09:00,0.0262,0.02641,0.02604,0.02619,9543454.0
2025-04-18 16:45:00+09:00,0.0262,0.02628,0.02598,0.02614,7992914.0
2025-04-18 16:50:00+09:00,0.02613,0.02643,0.02612,0.02633,3781773.0
2025-04-18 16:55:00+09:00,0.02633,0.02652,0.02632,0.02647,4361175.0
2025-04-18 17:00:00+09:00,0.02648,0.02661,0.02626,0.02633,5561522.0
2025-04-18 17:05:00+09:00,0.02633,0.02645,0.02616,0.02622,3513203.0
2025-04-18 17:10:00+09:00,0.02621,0.02651,0.02619,0.02651,3761333.0
2025-04-18 17:15:00+09:00,0.0265,0.02663,0.02645,0.02654,2468818.0
2025-04-18 17:20:00+09:00,0.02655,0.02675,0.02651,0.02669,4616620.0
2025-04-18 17:25:00+09:00,0.0267,0.02696,0.02669,0.02689,4094984.0
2025-04-18 17:30:00+09:00,0.02689,0.027,0.02681,0.02698,5418849.0
2025-04-18 17:35:00+09:00,0.02695,0.02708,0.02689,0.02696,5777479.0
2025-04-18 17:40:00+09:00,0.02695,0.02703,0.02686,0.02695,1758698.0
2025-04-18 17:45:00+09:00,0.02696,0.02706,0.02685,0.02688,4075435.0
2025-04-18 17:50:00+09:00,0.02689,0.02694,0.02668,0.02675,3549922.0
2025-04-18 17:55:00+09:00,0.02675,0.0268,0.02669,0.02676,2010049.0
2025-04-18 18:00:00+09:00,0.02676,0.02678,0.02661,0.02668,4174298.0
2025-04-18 18:05:00+09:00,0.02669,0.02676,0.02663,0.02671,1768622.0
2025-04-18 18:10:00+09:00,0.02672,0.02684,0.02666,0.02683,786736.0
2025-04-18 18:15:00+09:00,0.02682,0.02693,0.02666,0.02692,3562123.0
2025-04-18 18:20:00+09:00,0.0269,0.02707,0.02684,0.02694,3692709.0
2025-04-18 18:25:00+09:00,0.02695,0.02747,0.02691,0.02732,18505708.0
2025-04-18 18:30:00+09:00,0.02732,0.02733,0.027,0.02703,9184468.0
2025-04-18 18:35:00+09:00,0.02704,0.02717,0.02681,0.02715,10597506.0
2025-04-18 18:40:00+09:00,0.02717,0.02734,0.02711,0.02731,5160732.0
2025-04-18 18:45:00+09:00,0.0273,0.02739,0.02709,0.0271,2626951.0
2025-04-18 18:50:00+09:00,0.02709,0.02709,0.0269,0.0269,6025389.0
2025-04-18 18:55:00+09:00,0.02692,0.02696,0.02679,0.02682,4482833.0
2025-04-18 19:00:00+09:00,0.02682,0.02701,0.02672,0.02678,4497100.0
2025-04-18 19:05:00+09:00,0.02679,0.02688,0.02674,0.02685,1181363.0
2025-04-18 19:10:00+09:00,0.02685,0.02703,0.02685,0.027,1979814.0
2025-04-18 19:15:00+09:00,0.027,0.02706,0.02693,0.02694,1399160.0
2025-04-18 19:20:00+09:00,0.02694,0.02717,0.02694,0.02713,5556139.0
2025-04-18 19:25:00+09:00,0.02713,0.02724,0.02711,0.02718,2367201.0
2025-04-18 19:30:00+09:00,0.02718,0.02728,0.02695,0.02695,5220817.0
2025-04-18 19:35:00+09:00,0.02696,0.02699,0.02675,0.02678,2629439.0
2025-04-18 19:40:00+09:00,0.02679,0.02685,0.02671,0.0268,1484794.0
2025-04-18 19:45:00+09:00,0.0268,0.02683,0.02654,0.02659,4017952.0
2025-04-18 19:50:00+09:00,0.0266,0.0266,0.02637,0.02642,6197892.0
2025-04-18 19:55:00+09:00,0.02641,0.02648,0.02638,0.02641,1910494.0
2025-04-18 20:00:00+09:00,0.02642,0.02649,0.02625,0.02633,3757049.0
2025-04-18 20:05:00+09:00,0.02633,0.02654,0.02632,0.02654,3003035.0
2025-04-18 20:10:00+09:00,0.02655,0.02671,0.02654,0.02669,4652286.0
2025-04-18 20:15:00+09:00,0.02671,0.02672,0.02661,0.02664,1042504.0
2025-04-18 20:20:00+09:00,0.02664,0.02664,0.02629,0.02634,6675264.0
2025-04-18 20:25:00+09:00,0.02634,0.02639,0.02625,0.02636,2289006.0
2025-04-18 20:30:00+09:00,0.02636,0.02638,0.02626,0.0263,2208750.0
2025-04-18 20:35:00+09:00,0.02631,0.02634,0.02623,0.02634,1216232.0
2025-04-18 20:40:00+09:00,0.02635,0.02638,0.026,0.02609,10597177.0
2025-04-18 20:45:00+09:00,0.0261,0.02619,0.0261,0.02616,1349162.0
2025-04-18 20:50:00+09:00,0.02616,0.02632,0.02616,0.02632,1534040.0
2025-04-18 20:55:00+09:00,0.02633,0.02643,0.02631,0.02634,1614167.0
2025-04-18 21:00:00+09:00,0.02634,0.02638,0.02625,0.02634,1790859.0
2025-04-18 21:05:00+09:00,0.02635,0.02635,0.02626,0.0263,916069.0
2025-04-18 21:10:00+09:00,0.0263,0.0264,0.0263,0.02636,785612.0
2025-04-18 21:15:00+09:00,0.02635,0.02635,0.02613,0.02618,1243034.0
2025-04-18 21:20:00+09:00,0.02618,0.02627,0.02615,0.02621,1639701.0
2025-04-18 21:25:00+09:00,0.02621,0.02625,0.02612,0.02623,2097813.0
2025-04-18 21:30:00+09:00,0.02623,0.02645,0.02623,0.02644,1630425.0
2025-04-18 21:35:00+09:00,0.02643,0.02654,0.02642,0.0265,1996295.0
2025-04-18 21:40:00+09:00,0.0265,0.02657,0.02647,0.02655,1029934.0
2025-04-18 21:45:00+09:00,0.02654,0.02658,0.02639,0.0264,859637.0
2025-04-18 21:50:00+09:00,0.0264,0.02641,0.02627,0.02628,2523172.0
2025-04-18 21:55:00+09:00,0.02628,0.02631,0.02619,0.02624,809363.0
2025-04-18 22:00:00+09:00,0.02624,0.02624,0.02604,0.02608,2526270.0
2025-04-18 22:05:00+09:00,0.02609,0.02612,0.02597,0.0261,3423911.0
2025-04-18 22:10:00+09:00,0.0261,0.02616,0.02592,0.026,2546074.0
2025-04-18 22:15:00+09:00,0.026,0.02616,0.02598,0.02611,2803444.0
2025-04-18 22:20:00+09:00,0.02611,0.02621,0.02611,0.02619,1371926.0
2025-04-18 22:25:00+09:00,0.0262,0.02627,0.02616,0.02621,1463408.0
2025-04-18 22:30:00+09:00,0.02621,0.02621,0.02611,0.02613,959129.0
2025-04-18 22:35:00+09:00,0.02613,0.02623,0.02608,0.02609,903643.0
2025-04-18 22:40:00+09:00,0.0261,0.02623,0.02609,0.02616,1459754.0
2025-04-18 22:45:00+09:00,0.02616,0.02616,0.02607,0.0261,1157502.0
2025-04-18 22:50:00+09:00,0.02609,0.02618,0.02608,0.02611,764738.0
2025-04-18 22:55:00+09:00,0.02612,0.02637,0.02612,0.02637,2867955.0
2025-04-18 23:00:00+09:00,0.02636,0.02638,0.02622,0.02625,1745935.0
2025-04-18 23:05:00+09:00,0.02625,0.02626,0.02608,0.02612,549313.0
2025-04-18 23:10:00+09:00,0.02611,0.0262,0.02589,0.02596,4174597.0
2025-04-18 23:15:00+09:00,0.02597,0.02608,0.02597,0.02608,2345763.0
2025-04-18 23:20:00+09:00,0.02608,0.02618,0.02604,0.02618,1892834.0
2025-04-18 23:25:00+09:00,0.02618,0.02628,0.02618,0.02624,1009021.0
2025-04-18 23:30:00+09:00,0.02623,0.02623,0.02613,0.02619,922740.0
2025-04-18 23:35:00+09:00,0.0262,0.02631,0.02609,0.02618,6588894.0
2025-04-18 23:40:00+09:00,0.02618,0.02648,0.02618,0.02646,5017434.0
2025-04-18 23:45:00+09:00,0.02646,0.02648,0.02627,0.02629,2158997.0
2025-04-18 23:50:00+09:00,0.0263,0.0263,0.02617,0.02622,1001519.0
2025-04-18 23:55:00+09:00,0.02622,0.0263,0.0262,0.02628,1722740.0
2025-04-19 00:00:00+09:00,0.02628,0.02628,0.02601,0.02604,4108654.0
2025-04-19 00:05:00+09:00,0.02604,0.02612,0.02598,0.02611,2443142.0
2025-04-19 00:10:00+09:00,0.02611,0.02617,0.02605,0.02615,1648420.0
2025-04-19 00:15:00+09:00,0.02612,0.02619,0.02608,0.02618,1094010.0
2025-04-19 00:20:00+09:00,0.02618,0.02622,0.02609,0.02616,2210120.0
2025-04-19 00:25:00+09:00,0.02615,0.02615,0.02608,0.02614,835883.0
2025-04-19 00:30:00+09:00,0.02615,0.02627,0.0261,0.02613,1187404.0
2025-04-19 00:35:00+09:00,0.02613,0.02619,0.0261,0.02613,705059.0
2025-04-19 00:40:00+09:00,0.02613,0.02621,0.02607,0.02611,2170032.0
2025-04-19 00:45:00+09:00,0.02611,0.02622,0.02606,0.02622,816032.0
2025-04-19 00:50:00+09:00,0.02621,0.02621,0.02614,0.02618,353913.0
2025-04-19 00:55:00+09:00,0.02618,0.02626,0.02615,0.02625,647329.0
2025-04-19 01:00:00+09:00,0.02625,0.0263,0.02616,0.02624,967062.0
2025-04-19 01:05:00+09:00,0.02624,0.02635,0.02622,0.02627,1294278.0
2025-04-19 01:10:00+09:00,0.02628,0.02636,0.02627,0.02634,865551.0
2025-04-19 01:15:00+09:00,0.02633,0.02662,0.02632,0.02656,3962256.0
2025-04-19 01:20:00+09:00,0.02655,0.0268,0.02652,0.02674,4155215.0
2025-04-19 01:25:00+09:00,0.02673,0.02676,0.0266,0.02676,2658756.0
2025-04-19 01:30:00+09:00,0.02676,0.027,0.0267,0.02679,10440410.0
2025-04-19 01:35:00+09:00,0.02679,0.02692,0.02676,0.02688,1811045.0
2025-04-19 01:40:00+09:00,0.02688,0.02689,0.02673,0.02679,2113755.0
2025-04-19 01:45:00+09:00,0.02679,0.02681,0.02669,0.02672,2035584.0
2025-04-19 01:50:00+09:00,0.02672,0.0269,0.02668,0.02682,2633017.0
2025-04-19 01:55:00+09:00,0.02682,0.02702,0.02679,0.02697,4382242.0
2025-04-19 02:00:00+09:00,0.02698,0.02712,0.02694,0.02709,4256235.0
2025-04-19 02:05:00+09:00,0.02709,0.02717,0.02695,0.02717,3559780.0
2025-04-19 02:10:00+09:00,0.02717,0.02721,0.02707,0.02717,3603264.0
2025-04-19 02:15:00+09:00,0.02719,0.02725,0.02692,0.02696,3978117.0
2025-04-19 02:20:00+09:00,0.02697,0.02698,0.02676,0.02682,3904968.0
2025-04-19 02:25:00+09:00,0.02683,0.02684,0.02666,0.0268,2562895.0
2025-04-19 02:30:00+09:00,0.02679,0.02685,0.02676,0.02683,1004598.0
2025-04-19 02:35:00+09:00,0.02684,0.02686,0.02675,0.02686,871733.0
2025-04-19 02:40:00+09:00,0.02686,0.0269,0.0268,0.0268,975684.0
2025-04-19 02:45:00+09:00,0.02681,0.02681,0.02671,0.02671,1023406.0
2025-04-19 02:50:00+09:00,0.02671,0.02678,0.02669,0.02675,1914151.0
2025-04-19 02:55:00+09:00,0.02676,0.02677,0.02665,0.02669,1639855.0
2025-04-19 03:00:00+09:00,0.02669,0.02674,0.02664,0.02664,1494232.0
2025-04-19 03:05:00+09:00,0.02665,0.02672,0.02656,0.02657,1258201.0
2025-04-19 03:10:00+09:00,0.02658,0.02671,0.02655,0.02667,1545007.0
2025-04-19 03:15:00+09:00,0.02668,0.02669,0.02652,0.02657,1534117.0
2025-04-19 03:20:00+09:00,0.02657,0.02663,0.02654,0.02663,783978.0
2025-04-19 03:25:00+09:00,0.02662,0.02669,0.0266,0.02669,1032202.0
2025-04-19 03:30:00+09:00,0.02668,0.02671,0.0266,0.02661,1040872.0
2025-04-19 03:35:00+09:00,0.0266,0.02662,0.0265,0.0266,3197877.0
2025-04-19 03:40:00+09:00,0.0266,0.02661,0.02643,0.02656,6110406.0
2025-04-19 03:45:00+09:00,0.02657,0.0266,0.02652,0.02657,638627.0
2025-04-19 03:50:00+09:00,0.02657,0.02659,0.02653,0.02655,288762.0
2025-04-19 03:55:00+09:00,0.02655,0.02655,0.02639,0.0264,1562283.0
2025-04-19 04:00:00+09:00,0.02641,0.02642,0.02625,0.02637,6201813.0
2025-04-19 04:05:00+09:00,0.02637,0.02648,0.02636,0.0264,2111193.0
2025-04-19 04:10:00+09:00,0.02639,0.02646,0.02638,0.02642,512478.0
2025-04-19 04:15:00+09:00,0.02643,0.02644,0.02638,0.02642,469000.0
2025-04-19 04:20:00+09:00,0.02642,0.02648,0.02636,0.02648,1478904.0
2025-04-19 04:25:00+09:00,0.02648,0.02648,0.02636,0.0264,392754.0
2025-04-19 04:30:00+09:00,0.02639,0.02646,0.02638,0.0264,1408873.0
2025-04-19 04:35:00+09:00,0.02641,0.02642,0.02637,0.02638,355336.0
2025-04-19 04:40:00+09:00,0.02638,0.02641,0.02636,0.02637,411674.0
2025-04-19 04:45:00+09:00,0.02637,0.02638,0.0263,0.02634,863552.0
2025-04-19 04:50:00+09:00,0.02634,0.0264,0.02633,0.02639,479330.0
2025-04-19 04:55:00+09:00,0.02639,0.02644,0.02638,0.02642,604543.0
2025-04-19 05:00:00+09:00,0.02642,0.02642,0.02629,0.02634,684028.0
2025-04-19 05:05:00+09:00,0.02634,0.0264,0.02632,0.02633,748922.0
2025-04-19 05:10:00+09:00,0.02633,0.02641,0.02631,0.0264,458124.0
2025-04-19 05:15:00+09:00,0.0264,0.02646,0.02635,0.02637,362606.0
2025-04-19 05:20:00+09:00,0.02637,0.02642,0.02637,0.0264,411234.0
2025-04-19 05:25:00+09:00,0.0264,0.0264,0.02636,0.02636,366643.0
2025-04-19 05:30:00+09:00,0.02636,0.02638,0.02631,0.02634,343682.0
2025-04-19 05:35:00+09:00,0.02633,0.02635,0.02621,0.02621,859226.0
2025-04-19 05:40:00+09:00,0.02621,0.02621,0.02612,0.02614,1066441.0
2025-04-19 05:45:00+09:00,0.02613,0.02625,0.02613,0.0262,1754343.0
2025-04-19 05:50:00+09:00,0.02621,0.02627,0.02619,0.02624,640155.0
2025-04-19 05:55:00+09:00,0.02624,0.02635,0.02624,0.02635,831039.0
2025-04-19 06:00:00+09:00,0.02635,0.02635,0.02625,0.02629,433923.0
2025-04-19 06:05:00+09:00,0.0263,0.02636,0.02629,0.0263,897064.0
2025-04-19 06:10:00+09:00,0.0263,0.02631,0.02626,0.0263,830523.0
2025-04-19 06:15:00+09:00,0.0263,0.02641,0.02628,0.02638,1261854.0
2025-04-19 06:20:00+09:00,0.02638,0.02647,0.02638,0.02643,872240.0
2025-04-19 06:25:00+09:00,0.02644,0.02647,0.02642,0.02646,262449.0
2025-04-19 06:30:00+09:00,0.02646,0.02661,0.02645,0.0266,2140920.0
2025-04-19 06:35:00+09:00,0.0266,0.0266,0.02648,0.02648,336919.0
2025-04-19 06:40:00+09:00,0.02648,0.02648,0.02628,0.02632,1834507.0
2025-04-19 06:45:00+09:00,0.02633,0.02637,0.02625,0.02629,1043491.0
2025-04-19 06:50:00+09:00,0.02629,0.0263,0.02619,0.0262,477439.0
2025-04-19 06:55:00+09:00,0.0262,0.02623,0.02612,0.02622,1318552.0
2025-04-19 07:00:00+09:00,0.02622,0.02626,0.0262,0.02625,441306.0
2025-04-19 07:05:00+09:00,0.02624,0.02624,0.02617,0.02618,190583.0
2025-04-19 07:10:00+09:00,0.02619,0.02621,0.02617,0.02619,275815.0
2025-04-19 07:15:00+09:00,0.02618,0.02624,0.02615,0.02624,553625.0
2025-04-19 07:20:00+09:00,0.02625,0.02628,0.02622,0.02622,527070.0
2025-04-19 07:25:00+09:00,0.02621,0.02625,0.02619,0.02623,541172.0
2025-04-19 07:30:00+09:00,0.02624,0.02624,0.02621,0.02623,427894.0
2025-04-19 07:35:00+09:00,0.02623,0.02643,0.02622,0.0264,2864856.0
2025-04-19 07:40:00+09:00,0.02639,0.02642,0.02636,0.02638,1161754.0
2025-04-19 07:45:00+09:00,0.02639,0.02652,0.02638,0.02639,1252348.0
2025-04-19 07:50:00+09:00,0.02638,0.02646,0.02634,0.02639,1372135.0
2025-04-19 07:55:00+09:00,0.02638,0.02645,0.02637,0.02642,582322.0
2025-04-19 08:00:00+09:00,0.02642,0.02642,0.0263,0.0263,574918.0
2025-04-19 08:05:00+09:00,0.0263,0.02644,0.02628,0.02636,1773683.0
2025-04-19 08:10:00+09:00,0.02637,0.02657,0.02632,0.02651,3275327.0
2025-04-19 08:15:00+09:00,0.02651,0.02655,0.02647,0.02652,1455606.0
2025-04-19 08:20:00+09:00,0.02652,0.02677,0.02651,0.0267,2917137.0
2025-04-19 08:25:00+09:00,0.02669,0.02671,0.02665,0.02671,1388607.0
2025-04-19 08:30:00+09:00,0.02671,0.02677,0.02666,0.02674,633217.0
2025-04-19 08:35:00+09:00,0.02673,0.02695,0.02673,0.0269,2267642.0
2025-04-19 08:40:00+09:00,0.02688,0.02694,0.02687,0.02692,692497.0
2025-04-19 08:45:00+09:00,0.02693,0.02695,0.02685,0.02694,2248495.0
2025-04-19 08:50:00+09:00,0.02695,0.02711,0.0269,0.02707,3236305.0
2025-04-19 08:55:00+09:00,0.02706,0.02706,0.02697,0.02705,1513419.0
2025-04-19 09:00:00+09:00,0.02706,0.02706,0.02682,0.02695,2079463.0
2025-04-19 09:05:00+09:00,0.02695,0.02706,0.02682,0.02704,2931378.0
2025-04-19 09:10:00+09:00,0.02705,0.02709,0.02688,0.02706,4049129.0
2025-04-19 09:15:00+09:00,0.02705,0.02708,0.02684,0.02684,619028.0
2025-04-19 09:20:00+09:00,0.02684,0.02688,0.02672,0.02683,1773655.0
2025-04-19 09:25:00+09:00,0.02682,0.02682,0.02669,0.02672,877517.0
2025-04-19 09:30:00+09:00,0.02672,0.02677,0.02652,0.02657,2230290.0
2025-04-19 09:35:00+09:00,0.02656,0.0269,0.02655,0.02687,1329223.0
2025-04-19 09:40:00+09:00,0.02686,0.0269,0.02675,0.02683,1337877.0
2025-04-19 09:45:00+09:00,0.02684,0.02694,0.02679,0.02689,1524298.0
2025-04-19 09:50:00+09:00,0.02688,0.02693,0.02678,0.0268,1588004.0
2025-04-19 09:55:00+09:00,0.02678,0.02683,0.02669,0.02673,3963561.0
2025-04-19 10:00:00+09:00,0.02673,0.02682,0.02669,0.02682,763497.0
2025-04-19 10:05:00+09:00,0.02683,0.02704,0.02683,0.02687,7539610.0
2025-04-19 10:10:00+09:00,0.02687,0.02703,0.02685,0.02702,1709960.0
2025-04-19 10:15:00+09:00,0.02703,0.02712,0.02698,0.02698,1070107.0
2025-04-19 10:20:00+09:00,0.02697,0.02698,0.02685,0.02689,1625540.0
2025-04-19 10:25:00+09:00,0.02688,0.02696,0.02688,0.02692,470929.0
2025-04-19 10:30:00+09:00,0.02691,0.02692,0.02668,0.02669,3139252.0
2025-04-19 10:35:00+09:00,0.02669,0.02669,0.02656,0.02659,1291211.0
2025-04-19 10:40:00+09:00,0.0266,0.02664,0.02652,0.02655,1351564.0
2025-04-19 10:45:00+09:00,0.02655,0.02657,0.02646,0.02647,822781.0
2025-04-19 10:50:00+09:00,0.02647,0.02652,0.02641,0.02642,1397777.0
2025-04-19 10:55:00+09:00,0.02641,0.02645,0.02634,0.02643,1053627.0
2025-04-19 11:00:00+09:00,0.02644,0.02646,0.02625,0.02631,1448643.0
2025-04-19 11:05:00+09:00,0.02631,0.02631,0.02623,0.02628,850790.0
2025-04-19 11:10:00+09:00,0.02628,0.02653,0.02623,0.02643,2280517.0
2025-04-19 11:15:00+09:00,0.02644,0.02648,0.02634,0.02646,508198.0
2025-04-19 11:20:00+09:00,0.02647,0.02659,0.02646,0.02657,784515.0
2025-04-19 11:25:00+09:00,0.02657,0.02665,0.02657,0.02663,732159.0
2025-04-19 11:30:00+09:00,0.02664,0.02664,0.02654,0.02662,515690.0
2025-04-19 11:35:00+09:00,0.02662,0.02663,0.02654,0.02657,444299.0
2025-04-19 11:40:00+09:00,0.02658,0.02664,0.02656,0.02659,489177.0
2025-04-19 11:45:00+09:00,0.02658,0.02662,0.02656,0.02656,595199.0
2025-04-19 11:50:00+09:00,0.02656,0.0266,0.02653,0.02654,300836.0
2025-04-19 11:55:00+09:00,0.02655,0.02655,0.02643,0.02647,1610106.0
2025-04-19 12:00:00+09:00,0.02648,0.02682,0.02648,0.02679,4241582.0
2025-04-19 12:05:00+09:00,0.02679,0.02682,0.02672,0.02679,1445572.0
2025-04-19 12:10:00+09:00,0.02678,0.02685,0.02675,0.02678,1249860.0
2025-04-19 12:15:00+09:00,0.02679,0.02686,0.02679,0.02685,717533.0
2025-04-19 12:20:00+09:00,0.02683,0.02698,0.02682,0.02692,1510367.0
2025-04-19 12:25:00+09:00,0.02693,0.02707,0.02691,0.02705,2016339.0
2025-04-19 12:30:00+09:00,0.02704,0.0271,0.02701,0.02704,898079.0
2025-04-19 12:35:00+09:00,0.02704,0.02731,0.02691,0.02694,5939857.0
2025-04-19 12:40:00+09:00,0.02695,0.02702,0.02695,0.02695,551692.0
2025-04-19 12:45:00+09:00,0.02696,0.02709,0.0269,0.02704,2766202.0
2025-04-19 12:50:00+09:00,0.02703,0.02718,0.02697,0.02708,2842432.0
2025-04-19 12:55:00+09:00,0.02707,0.02712,0.02691,0.02696,5919566.0
2025-04-19 13:00:00+09:00,0.02696,0.02706,0.0269,0.02693,2576320.0
2025-04-19 13:05:00+09:00,0.02694,0.02706,0.02687,0.02695,2014933.0
2025-04-19 13:10:00+09:00,0.02695,0.02705,0.02695,0.02701,933449.0
2025-04-19 13:15:00+09:00,0.02701,0.02708,0.027,0.02707,681066.0
2025-04-19 13:20:00+09:00,0.02706,0.02706,0.02696,0.02699,559127.0
2025-04-19 13:25:00+09:00,0.02699,0.02719,0.02699,0.02718,556856.0
2025-04-19 13:30:00+09:00,0.02717,0.02735,0.02717,0.0272,3629177.0
2025-04-19 13:35:00+09:00,0.0272,0.02727,0.02718,0.02719,441972.0
2025-04-19 13:40:00+09:00,0.02719,0.02719,0.02709,0.02712,1429259.0
2025-04-19 13:45:00+09:00,0.02712,0.02714,0.02709,0.02712,413009.0
2025-04-19 13:50:00+09:00,0.02712,0.02716,0.02696,0.02701,1855976.0
2025-04-19 13:55:00+09:00,0.02702,0.02703,0.02692,0.02699,638956.0
2025-04-19 14:00:00+09:00,0.02699,0.02702,0.02693,0.02698,772734.0
2025-04-19 14:05:00+09:00,0.02698,0.02702,0.02694,0.02696,506410.0
2025-04-19 14:10:00+09:00,0.02696,0.02697,0.02687,0.02688,1161891.0
2025-04-19 14:15:00+09:00,0.02687,0.02692,0.02674,0.02679,1124474.0
2025-04-19 14:20:00+09:00,0.02679,0.02686,0.02677,0.02682,744169.0
2025-04-19 14:25:00+09:00,0.02684,0.02691,0.02681,0.02689,1440842.0
2025-04-19 14:30:00+09:00,0.0269,0.02691,0.02681,0.02684,366342.0
2025-04-19 14:35:00+09:00,0.02685,0.02685,0.02661,0.02661,4018996.0
2025-04-19 14:40:00+09:00,0.02663,0.02666,0.02657,0.02663,808738.0
2025-04-19 14:45:00+09:00,0.02664,0.02679,0.02662,0.02676,1389720.0
2025-04-19 14:50:00+09:00,0.02676,0.02684,0.02675,0.02684,606196.0
2025-04-19 14:55:00+09:00,0.02684,0.02687,0.02682,0.02683,408957.0
2025-04-19 15:00:00+09:00,0.02683,0.02687,0.02675,0.02687,2000017.0
2025-04-19 15:05:00+09:00,0.02687,0.02696,0.02685,0.02689,2845856.0
2025-04-19 15:10:00+09:00,0.02689,0.02689,0.02682,0.02683,455392.0
2025-04-19 15:15:00+09:00,0.02684,0.02684,0.02673,0.02674,1103785.0
2025-04-19 15:20:00+09:00,0.02674,0.02679,0.02672,0.02676,464364.0
2025-04-19 15:25:00+09:00,0.02675,0.02675,0.02674,0.02675,174059.0
2025-04-19 15:30:00+09:00,0.02674,0.02674,0.02663,0.02663,640283.0
2025-04-19 15:35:00+09:00,0.02664,0.02671,0.0266,0.02661,627677.0
2025-04-19 15:40:00+09:00,0.02661,0.02665,0.02657,0.0266,613861.0
2025-04-19 15:45:00+09:00,0.0266,0.02668,0.02659,0.02662,888487.0
2025-04-19 15:50:00+09:00,0.02663,0.02665,0.02658,0.02659,611138.0
2025-04-19 15:55:00+09:00,0.0266,0.02661,0.0265,0.02651,701722.0
2025-04-19 16:00:00+09:00,0.02651,0.02652,0.02639,0.02649,1690594.0
2025-04-19 16:05:00+09:00,0.02649,0.02658,0.02649,0.02658,1033252.0
2025-04-19 16:10:00+09:00,0.02658,0.02669,0.02644,0.02669,4237762.0
2025-04-19 16:15:00+09:00,0.02669,0.02675,0.02659,0.02659,970502.0
2025-04-19 16:20:00+09:00,0.0266,0.0267,0.02658,0.02663,714790.0
2025-04-19 16:25:00+09:00,0.02665,0.02677,0.02663,0.02669,799638.0
2025-04-19 16:30:00+09:00,0.02669,0.02679,0.0266,0.0266,1522040.0
2025-04-19 16:35:00+09:00,0.0266,0.02669,0.0266,0.02667,970750.0
2025-04-19 16:40:00+09:00,0.02666,0.02666,0.02657,0.02661,564031.0
2025-04-19 16:45:00+09:00,0.02662,0.02664,0.02656,0.02661,631261.0
2025-04-19 16:50:00+09:00,0.0266,0.02665,0.0266,0.0266,541743.0
2025-04-19 16:55:00+09:00,0.0266,0.02662,0.02653,0.02653,814565.0
2025-04-19 17:00:00+09:00,0.02653,0.02659,0.02636,0.02642,2448922.0
2025-04-19 17:05:00+09:00,0.02642,0.02643,0.02625,0.02629,5209505.0
2025-04-19 17:10:00+09:00,0.02629,0.02638,0.02629,0.02638,708920.0
2025-04-19 17:15:00+09:00,0.02638,0.02643,0.02636,0.02636,620927.0
2025-04-19 17:20:00+09:00,0.02636,0.0264,0.02631,0.02632,368253.0
2025-04-19 17:25:00+09:00,0.02633,0.0264,0.02633,0.02637,663539.0
2025-04-19 17:30:00+09:00,0.02638,0.02638,0.02628,0.02635,629997.0
2025-04-19 17:35:00+09:00,0.02635,0.02644,0.02617,0.0262,7198790.0
2025-04-19 17:40:00+09:00,0.02621,0.02628,0.02617,0.02619,1811764.0
2025-04-19 17:45:00+09:00,0.0262,0.0263,0.02616,0.02628,1291733.0
2025-04-19 17:50:00+09:00,0.02628,0.02639,0.02627,0.02638,962350.0
2025-04-19 17:55:00+09:00,0.02638,0.02639,0.02633,0.02638,371160.0
2025-04-19 18:00:00+09:00,0.02638,0.02639,0.0263,0.02634,533611.0
2025-04-19 18:05:00+09:00,0.02634,0.02637,0.0263,0.02632,965926.0
2025-04-19 18:10:00+09:00,0.02632,0.02635,0.02626,0.02632,474124.0
2025-04-19 18:15:00+09:00,0.02632,0.02644,0.02631,0.0264,1555897.0
2025-04-19 18:20:00+09:00,0.0264,0.02645,0.02636,0.02639,972440.0
2025-04-19 18:25:00+09:00,0.02638,0.02638,0.02633,0.02633,245380.0
2025-04-19 18:30:00+09:00,0.02633,0.02636,0.02631,0.02635,414597.0
2025-04-19 18:35:00+09:00,0.02636,0.02642,0.02618,0.02624,1106913.0
2025-04-19 18:40:00+09:00,0.02621,0.02627,0.02619,0.02626,559899.0
2025-04-19 18:45:00+09:00,0.02625,0.02627,0.02623,0.02626,483017.0
2025-04-19 18:50:00+09:00,0.02626,0.02626,0.02618,0.02618,717990.0
2025-04-19 18:55:00+09:00,0.02618,0.02626,0.02613,0.02626,945845.0
2025-04-19 19:00:00+09:00,0.02625,0.02625,0.02616,0.02623,1028553.0
2025-04-19 19:05:00+09:00,0.02624,0.02629,0.02623,0.02624,836850.0
2025-04-19 19:10:00+09:00,0.02624,0.02654,0.02624,0.02651,2480292.0
2025-04-19 19:15:00+09:00,0.02652,0.02682,0.0265,0.02663,3101499.0
2025-04-19 19:20:00+09:00,0.02666,0.02679,0.02663,0.02674,2076227.0
2025-04-19 19:25:00+09:00,0.02674,0.02684,0.02665,0.02671,1845273.0
2025-04-19 19:30:00+09:00,0.02672,0.02682,0.02671,0.02671,1154408.0
2025-04-19 19:35:00+09:00,0.02671,0.02671,0.02652,0.02652,1204185.0
2025-04-19 19:40:00+09:00,0.02651,0.02663,0.02648,0.02663,1165464.0
2025-04-19 19:45:00+09:00,0.02662,0.02668,0.02659,0.02666,699777.0
2025-04-19 19:50:00+09:00,0.02667,0.02667,0.0266,0.02664,361041.0
2025-04-19 19:55:00+09:00,0.02663,0.02666,0.02659,0.02661,580644.0
2025-04-19 20:00:00+09:00,0.02661,0.02667,0.02661,0.02663,784967.0
2025-04-19 20:05:00+09:00,0.02664,0.02666,0.02652,0.02652,470453.0
2025-04-19 20:10:00+09:00,0.02651,0.02658,0.02648,0.02648,320685.0
2025-04-19 20:15:00+09:00,0.02647,0.02656,0.02636,0.02639,1847225.0
2025-04-19 20:20:00+09:00,0.02639,0.02641,0.02636,0.02637,441440.0
2025-04-19 20:25:00+09:00,0.02637,0.0264,0.02629,0.02634,1791980.0
2025-04-19 20:30:00+09:00,0.02632,0.02637,0.02631,0.02636,449388.0
2025-04-19 20:35:00+09:00,0.02637,0.02641,0.02636,0.02639,512012.0
2025-04-19 20:40:00+09:00,0.0264,0.02643,0.02637,0.02639,844047.0
2025-04-19 20:45:00+09:00,0.02639,0.02642,0.02635,0.02642,349764.0
2025-04-19 20:50:00+09:00,0.02641,0.02644,0.02632,0.02635,858089.0
2025-04-19 20:55:00+09:00,0.02637,0.02643,0.02632,0.02642,484861.0
2025-04-19 21:00:00+09:00,0.02641,0.02649,0.02634,0.02641,1545380.0
2025-04-19 21:05:00+09:00,0.0264,0.02642,0.02635,0.02637,926363.0
2025-04-19 21:10:00+09:00,0.02637,0.0264,0.02627,0.02629,1987456.0
2025-04-19 21:15:00+09:00,0.02629,0.0263,0.02622,0.02623,627788.0
2025-04-19 21:20:00+09:00,0.02623,0.02627,0.02619,0.02624,353157.0
2025-04-19 21:25:00+09:00,0.02624,0.02627,0.02623,0.02625,295497.0
2025-04-19 21:30:00+09:00,0.02625,0.02626,0.0262,0.02625,408898.0
2025-04-19 21:35:00+09:00,0.02626,0.0263,0.02624,0.02624,394622.0
2025-04-19 21:40:00+09:00,0.02624,0.02628,0.02624,0.02625,217212.0
2025-04-19 21:45:00+09:00,0.02626,0.02628,0.02619,0.0262,396075.0
2025-04-19 21:50:00+09:00,0.0262,0.0263,0.02619,0.02628,774159.0
2025-04-19 21:55:00+09:00,0.02629,0.02631,0.02618,0.02618,928258.0
2025-04-19 22:00:00+09:00,0.02618,0.0262,0.02612,0.02618,687206.0
2025-04-19 22:05:00+09:00,0.02619,0.02627,0.02618,0.02622,578948.0
2025-04-19 22:10:00+09:00,0.02622,0.02631,0.02621,0.02631,736702.0
2025-04-19 22:15:00+09:00,0.02631,0.02631,0.02623,0.02627,1118551.0
2025-04-19 22:20:00+09:00,0.02627,0.02645,0.02627,0.02645,611045.0
2025-04-19 22:25:00+09:00,0.02645,0.02654,0.02643,0.02649,1082249.0
2025-04-19 22:30:00+09:00,0.02649,0.02651,0.02636,0.0264,3111719.0
2025-04-19 22:35:00+09:00,0.0264,0.02642,0.02637,0.02638,310155.0
2025-04-19 22:40:00+09:00,0.02638,0.02639,0.02625,0.02625,1344616.0
2025-04-19 22:45:00+09:00,0.02626,0.02629,0.02621,0.02626,1909064.0
2025-04-19 22:50:00+09:00,0.02628,0.0263,0.02625,0.02626,1152507.0
2025-04-19 22:55:00+09:00,0.02625,0.02629,0.02625,0.02627,253742.0
2025-04-19 23:00:00+09:00,0.02627,0.0263,0.02615,0.02616,642018.0
2025-04-19 23:05:00+09:00,0.02617,0.02625,0.02617,0.02622,595041.0
2025-04-19 23:10:00+09:00,0.02623,0.02627,0.02622,0.02624,524408.0
2025-04-19 23:15:00+09:00,0.02625,0.02639,0.02625,0.02632,963651.0
2025-04-19 23:20:00+09:00,0.02632,0.02636,0.02628,0.02634,367480.0
2025-04-19 23:25:00+09:00,0.02634,0.02636,0.0263,0.02635,355802.0
2025-04-19 23:30:00+09:00,0.02636,0.02639,0.02631,0.02632,748963.0
2025-04-19 23:35:00+09:00,0.02632,0.02643,0.02628,0.02638,964174.0
2025-04-19 23:40:00+09:00,0.02639,0.02645,0.02639,0.02639,688548.0
2025-04-19 23:45:00+09:00,0.02639,0.02649,0.02638,0.02649,427802.0
2025-04-19 23:50:00+09:00,0.02648,0.02654,0.02643,0.0265,1338899.0
2025-04-19 23:55:00+09:00,0.0265,0.02665,0.0265,0.02661,894918.0
2025-04-20 00:00:00+09:00,0.02662,0.02668,0.02657,0.02663,1621951.0
2025-04-20 00:05:00+09:00,0.02664,0.02667,0.02653,0.02653,1092609.0
2025-04-20 00:10:00+09:00,0.02654,0.02667,0.02654,0.02667,500268.0
2025-04-20 00:15:00+09:00,0.02666,0.02684,0.0266,0.0268,2637172.0
2025-04-20 00:20:00+09:00,0.0268,0.0269,0.02673,0.0269,1297690.0
2025-04-20 00:25:00+09:00,0.02688,0.0272,0.02686,0.02708,5539857.0
2025-04-20 00:30:00+09:00,0.02708,0.02731,0.02706,0.02724,5223205.0
2025-04-20 00:35:00+09:00,0.02725,0.02726,0.02699,0.02705,3784947.0
2025-04-20 00:40:00+09:00,0.02704,0.02706,0.02694,0.027,2943573.0
2025-04-20 00:45:00+09:00,0.027,0.02706,0.02686,0.0269,4742537.0
2025-04-20 00:50:00+09:00,0.02691,0.02704,0.02691,0.02696,1297373.0
2025-04-20 00:55:00+09:00,0.02697,0.02703,0.02693,0.02694,1125080.0
2025-04-20 01:00:00+09:00,0.02694,0.02707,0.02687,0.02689,3843961.0
2025-04-20 01:05:00+09:00,0.02689,0.02724,0.02688,0.02714,5053648.0
2025-04-20 01:10:00+09:00,0.02714,0.02716,0.027,0.02704,1509370.0
2025-04-20 01:15:00+09:00,0.02702,0.02706,0.02687,0.02689,1376543.0
2025-04-20 01:20:00+09:00,0.0269,0.02693,0.02683,0.0269,1417499.0
2025-04-20 01:25:00+09:00,0.0269,0.0269,0.02664,0.02664,2930577.0
2025-04-20 01:30:00+09:00,0.02665,0.0267,0.02658,0.02662,1496052.0
2025-04-20 01:35:00+09:00,0.02662,0.02668,0.0266,0.02667,840209.0
2025-04-20 01:40:00+09:00,0.02667,0.02673,0.02666,0.02669,783420.0
2025-04-20 01:45:00+09:00,0.02668,0.02671,0.02659,0.02663,1389585.0
2025-04-20 01:50:00+09:00,0.02663,0.02669,0.0266,0.02664,967113.0
2025-04-20 01:55:00+09:00,0.02663,0.02664,0.02651,0.02652,1104743.0
2025-04-20 02:00:00+09:00,0.02651,0.02666,0.02646,0.02664,2999350.0
2025-04-20 02:05:00+09:00,0.02664,0.0267,0.02654,0.02658,450119.0
2025-04-20 02:10:00+09:00,0.02658,0.02669,0.02656,0.02668,341525.0
2025-04-20 02:15:00+09:00,0.02668,0.0267,0.02663,0.02665,232348.0
2025-04-20 02:20:00+09:00,0.02665,0.0267,0.02661,0.0267,761858.0
2025-04-20 02:25:00+09:00,0.02669,0.02669,0.02664,0.02664,415483.0
2025-04-20 02:30:00+09:00,0.02664,0.02667,0.02662,0.02667,676324.0
2025-04-20 02:35:00+09:00,0.02668,0.02723,0.02668,0.02699,3260568.0
2025-04-20 02:40:00+09:00,0.027,0.0272,0.027,0.0271,847951.0
2025-04-20 02:45:00+09:00,0.0271,0.0272,0.02706,0.02707,771126.0
2025-04-20 02:50:00+09:00,0.02707,0.02709,0.02692,0.02704,1055097.0
2025-04-20 02:55:00+09:00,0.02705,0.02711,0.02702,0.02703,476860.0
2025-04-20 03:00:00+09:00,0.02703,0.02715,0.02702,0.0271,995542.0
2025-04-20 03:05:00+09:00,0.0271,0.0272,0.02707,0.02713,837369.0
2025-04-20 03:10:00+09:00,0.02712,0.02716,0.02708,0.02714,1628129.0
2025-04-20 03:15:00+09:00,0.02713,0.02719,0.02708,0.02715,940213.0
2025-04-20 03:20:00+09:00,0.02716,0.02722,0.0271,0.02715,1939681.0
2025-04-20 03:25:00+09:00,0.02715,0.02715,0.02709,0.02713,462764.0
2025-04-20 03:30:00+09:00,0.02713,0.02728,0.02711,0.02728,995667.0
2025-04-20 03:35:00+09:00,0.02729,0.02747,0.02728,0.02737,3842341.0
2025-04-20 03:40:00+09:00,0.02737,0.02738,0.02722,0.02726,3363803.0
2025-04-20 03:45:00+09:00,0.02726,0.02726,0.0271,0.0272,2539715.0
2025-04-20 03:50:00+09:00,0.02719,0.0272,0.02709,0.02714,766057.0
2025-04-20 03:55:00+09:00,0.02715,0.0272,0.02714,0.02718,658117.0
2025-04-20 04:00:00+09:00,0.02718,0.02726,0.02708,0.02725,1578547.0
2025-04-20 04:05:00+09:00,0.02725,0.02731,0.02718,0.02731,891681.0
2025-04-20 04:10:00+09:00,0.02732,0.02734,0.02715,0.0272,1073661.0
2025-04-20 04:15:00+09:00,0.02721,0.02723,0.02717,0.02719,554382.0
2025-04-20 04:20:00+09:00,0.0272,0.0272,0.02715,0.02717,359557.0
2025-04-20 04:25:00+09:00,0.02717,0.02721,0.02716,0.0272,358116.0
2025-04-20 04:30:00+09:00,0.0272,0.02738,0.0272,0.02737,1891529.0
2025-04-20 04:35:00+09:00,0.02738,0.02738,0.02722,0.02726,1071752.0
2025-04-20 04:40:00+09:00,0.02727,0.02735,0.02724,0.02729,1242862.0
2025-04-20 04:45:00+09:00,0.02728,0.02728,0.0272,0.02723,191109.0
2025-04-20 04:50:00+09:00,0.02723,0.02725,0.0271,0.02713,1309678.0
2025-04-20 04:55:00+09:00,0.02714,0.02715,0.02711,0.02711,214077.0
2025-04-20 05:00:00+09:00,0.02712,0.02716,0.02702,0.02706,1236880.0
2025-04-20 05:05:00+09:00,0.02706,0.02724,0.02706,0.0272,1200256.0
2025-04-20 05:10:00+09:00,0.02719,0.02723,0.02716,0.02719,361564.0
2025-04-20 05:15:00+09:00,0.02719,0.02723,0.02715,0.02719,212131.0
2025-04-20 05:20:00+09:00,0.02719,0.02724,0.02717,0.02718,807404.0
2025-04-20 05:25:00+09:00,0.02717,0.02724,0.02716,0.02722,149945.0
2025-04-20 05:30:00+09:00,0.02722,0.02724,0.02715,0.02722,588281.0
2025-04-20 05:35:00+09:00,0.02721,0.02725,0.02719,0.02723,418192.0
2025-04-20 05:40:00+09:00,0.02723,0.02724,0.0272,0.02724,172986.0
2025-04-20 05:45:00+09:00,0.02724,0.02726,0.02722,0.02724,167851.0
2025-04-20 05:50:00+09:00,0.02724,0.0273,0.02724,0.02729,546606.0
2025-04-20 05:55:00+09:00,0.02729,0.02743,0.02729,0.0274,894799.0
2025-04-20 06:00:00+09:00,0.02739,0.02746,0.02739,0.02742,1188468.0
2025-04-20 06:05:00+09:00,0.02742,0.02749,0.02738,0.02747,731916.0
2025-04-20 06:10:00+09:00,0.02748,0.02761,0.02747,0.02758,727722.0
2025-04-20 06:15:00+09:00,0.02759,0.02771,0.02759,0.02762,1935802.0
2025-04-20 06:20:00+09:00,0.02762,0.02763,0.02756,0.02756,489894.0
2025-04-20 06:25:00+09:00,0.02756,0.0277,0.02756,0.02764,613817.0
2025-04-20 06:30:00+09:00,0.02763,0.02773,0.02755,0.02773,568833.0
2025-04-20 06:35:00+09:00,0.02774,0.0279,0.02774,0.02787,1190171.0
2025-04-20 06:40:00+09:00,0.02789,0.0279,0.02774,0.02774,822332.0
2025-04-20 06:45:00+09:00,0.02773,0.0278,0.02762,0.0278,1329709.0
2025-04-20 06:50:00+09:00,0.0278,0.02789,0.02779,0.02784,273374.0
2025-04-20 06:55:00+09:00,0.02784,0.02819,0.02783,0.02815,2146457.0
2025-04-20 07:00:00+09:00,0.02815,0.02822,0.02812,0.0282,842804.0
2025-04-20 07:05:00+09:00,0.0282,0.02822,0.02797,0.0281,2105038.0
2025-04-20 07:10:00+09:00,0.0281,0.02827,0.02808,0.02826,783193.0
2025-04-20 07:15:00+09:00,0.02827,0.0283,0.02816,0.02817,1413366.0
2025-04-20 07:20:00+09:00,0.02817,0.02817,0.02793,0.02795,1683482.0
2025-04-20 07:25:00+09:00,0.02797,0.02804,0.02792,0.02795,1248415.0
2025-04-20 07:30:00+09:00,0.02796,0.02814,0.02789,0.02807,3176210.0
2025-04-20 07:35:00+09:00,0.02808,0.02813,0.02803,0.02813,838349.0
2025-04-20 07:40:00+09:00,0.02812,0.02815,0.02805,0.0281,851642.0
2025-04-20 07:45:00+09:00,0.02809,0.02825,0.02808,0.02817,1491752.0
2025-04-20 07:50:00+09:00,0.02817,0.02821,0.02815,0.02819,903169.0
2025-04-20 07:55:00+09:00,0.02819,0.02827,0.02813,0.02818,1805750.0
2025-04-20 08:00:00+09:00,0.02817,0.02821,0.02815,0.02819,841206.0
2025-04-20 08:05:00+09:00,0.02818,0.02818,0.02803,0.02808,754177.0
2025-04-20 08:10:00+09:00,0.02807,0.02819,0.02799,0.02819,1077745.0
2025-04-20 08:15:00+09:00,0.0282,0.0283,0.02804,0.02825,3859113.0
2025-04-20 08:20:00+09:00,0.02825,0.02827,0.02821,0.02823,705715.0
2025-04-20 08:25:00+09:00,0.02824,0.02824,0.02816,0.02819,474843.0
2025-04-20 08:30:00+09:00,0.02819,0.02829,0.02819,0.02826,879743.0
2025-04-20 08:35:00+09:00,0.02826,0.02833,0.02824,0.02833,336375.0
2025-04-20 08:40:00+09:00,0.02832,0.02836,0.02822,0.02827,1249880.0
2025-04-20 08:45:00+09:00,0.02826,0.02828,0.0281,0.0281,1328085.0
2025-04-20 08:50:00+09:00,0.02811,0.02812,0.02802,0.02808,707300.0
2025-04-20 08:55:00+09:00,0.02809,0.02809,0.02804,0.02806,1001689.0
2025-04-20 09:00:00+09:00,0.02804,0.02805,0.02783,0.02786,2397089.0
2025-04-20 09:05:00+09:00,0.02785,0.02789,0.02777,0.02782,1946854.0
2025-04-20 09:10:00+09:00,0.02783,0.02789,0.02779,0.02785,1128715.0
2025-04-20 09:15:00+09:00,0.02786,0.0279,0.02781,0.02782,1549843.0
2025-04-20 09:20:00+09:00,0.02781,0.02798,0.02772,0.02791,1316709.0
2025-04-20 09:25:00+09:00,0.0279,0.02796,0.02784,0.0279,1039197.0
2025-04-20 09:30:00+09:00,0.0279,0.02819,0.02788,0.02815,2007707.0
2025-04-20 09:35:00+09:00,0.02815,0.02828,0.02804,0.02822,6335382.0
2025-04-20 09:40:00+09:00,0.02824,0.02824,0.02807,0.02808,1342731.0
2025-04-20 09:45:00+09:00,0.02808,0.02815,0.02802,0.02805,732988.0
2025-04-20 09:50:00+09:00,0.02804,0.02804,0.02784,0.02794,2209342.0
2025-04-20 09:55:00+09:00,0.02795,0.02796,0.02778,0.0278,1735527.0
2025-04-20 10:00:00+09:00,0.02779,0.02793,0.02779,0.02792,497579.0
2025-04-20 10:05:00+09:00,0.02793,0.02795,0.02786,0.02789,742994.0
2025-04-20 10:10:00+09:00,0.02789,0.02792,0.02782,0.02789,800537.0
2025-04-20 10:15:00+09:00,0.02789,0.02803,0.02788,0.02803,472182.0
2025-04-20 10:20:00+09:00,0.02804,0.02807,0.02798,0.02799,1036669.0
2025-04-20 10:25:00+09:00,0.028,0.02803,0.02783,0.02783,1349412.0
2025-04-20 10:30:00+09:00,0.02782,0.02791,0.02771,0.02791,1504283.0
2025-04-20 10:35:00+09:00,0.02791,0.02812,0.02791,0.0281,1115626.0
2025-04-20 10:40:00+09:00,0.0281,0.02826,0.02807,0.02822,1749975.0
2025-04-20 10:45:00+09:00,0.02822,0.02825,0.02814,0.02814,849625.0
2025-04-20 10:50:00+09:00,0.02814,0.02833,0.02813,0.02827,1508848.0
2025-04-20 10:55:00+09:00,0.02827,0.0284,0.02827,0.02838,674436.0
2025-04-20 11:00:00+09:00,0.02839,0.02844,0.0283,0.02832,3404122.0
2025-04-20 11:05:00+09:00,0.02832,0.0284,0.02818,0.02828,997329.0
2025-04-20 11:10:00+09:00,0.02829,0.02852,0.02829,0.0284,1505727.0
2025-04-20 11:15:00+09:00,0.02841,0.02852,0.0284,0.02845,587821.0
2025-04-20 11:20:00+09:00,0.02846,0.02849,0.0283,0.02831,676879.0
2025-04-20 11:25:00+09:00,0.0283,0.02833,0.02819,0.0282,825381.0
2025-04-20 11:30:00+09:00,0.0282,0.0284,0.0282,0.02836,1566771.0
2025-04-20 11:35:00+09:00,0.02836,0.02852,0.02836,0.02847,1340619.0
2025-04-20 11:40:00+09:00,0.02848,0.02853,0.0284,0.0284,522373.0
2025-04-20 11:45:00+09:00,0.02839,0.02842,0.02823,0.02829,755829.0
2025-04-20 11:50:00+09:00,0.02829,0.0283,0.02809,0.02809,1758404.0
2025-04-20 11:55:00+09:00,0.02808,0.02818,0.02807,0.02811,1495433.0
2025-04-20 12:00:00+09:00,0.02812,0.02813,0.02802,0.0281,749291.0
2025-04-20 12:05:00+09:00,0.0281,0.02814,0.02806,0.02814,639217.0
2025-04-20 12:10:00+09:00,0.02814,0.0282,0.02803,0.02817,473511.0
2025-04-20 12:15:00+09:00,0.02817,0.02818,0.02806,0.02812,1107661.0
2025-04-20 12:20:00+09:00,0.02812,0.02827,0.02812,0.02821,575077.0
2025-04-20 12:25:00+09:00,0.02822,0.02836,0.02822,0.02833,900341.0
2025-04-20 12:30:00+09:00,0.02834,0.02837,0.02809,0.02817,1275609.0
2025-04-20 12:35:00+09:00,0.02816,0.02824,0.02804,0.02804,694073.0
2025-04-20 12:40:00+09:00,0.02805,0.02814,0.02803,0.02811,478047.0
2025-04-20 12:45:00+09:00,0.02812,0.02817,0.02809,0.02813,325043.0
2025-04-20 12:50:00+09:00,0.02814,0.02815,0.02808,0.02812,213262.0
2025-04-20 12:55:00+09:00,0.02814,0.02821,0.02814,0.02815,286185.0
2025-04-20 13:00:00+09:00,0.02814,0.02821,0.02812,0.02815,414490.0
2025-04-20 13:05:00+09:00,0.02814,0.02821,0.02812,0.02817,524083.0
2025-04-20 13:10:00+09:00,0.02816,0.02816,0.02805,0.02806,985453.0
2025-04-20 13:15:00+09:00,0.02807,0.02828,0.02805,0.02828,727321.0
2025-04-20 13:20:00+09:00,0.02828,0.02867,0.02827,0.02861,2302932.0
2025-04-20 13:25:00+09:00,0.02861,0.02893,0.02856,0.02881,5351334.0
2025-04-20 13:30:00+09:00,0.0288,0.02905,0.0288,0.02891,7280999.0
2025-04-20 13:35:00+09:00,0.02892,0.02919,0.02892,0.02916,3347887.0
2025-04-20 13:40:00+09:00,0.02915,0.02917,0.02902,0.02912,4202937.0
2025-04-20 13:45:00+09:00,0.02912,0.02913,0.029,0.029,1188951.0
2025-04-20 13:50:00+09:00,0.029,0.02907,0.02886,0.02906,2181619.0
2025-04-20 13:55:00+09:00,0.02906,0.02909,0.02902,0.02904,383879.0
2025-04-20 14:00:00+09:00,0.02903,0.02907,0.02887,0.02893,1516397.0
2025-04-20 14:05:00+09:00,0.02892,0.02916,0.02887,0.02914,4728970.0
2025-04-20 14:10:00+09:00,0.02912,0.02918,0.02909,0.02915,726318.0
2025-04-20 14:15:00+09:00,0.02914,0.02947,0.02912,0.02929,5102492.0
2025-04-20 14:20:00+09:00,0.02928,0.0293,0.0291,0.02911,1999999.0
2025-04-20 14:25:00+09:00,0.02909,0.02915,0.02897,0.02897,1720580.0
2025-04-20 14:30:00+09:00,0.02896,0.02896,0.02858,0.02861,5280173.0
2025-04-20 14:35:00+09:00,0.02861,0.02864,0.02841,0.02846,2018856.0
2025-04-20 14:40:00+09:00,0.02846,0.02853,0.02839,0.02844,1283801.0
2025-04-20 14:45:00+09:00,0.02844,0.02858,0.02839,0.02853,1227918.0
2025-04-20 14:50:00+09:00,0.02853,0.02873,0.02851,0.02873,1404114.0
2025-04-20 14:55:00+09:00,0.02872,0.02884,0.02871,0.02876,1841871.0
2025-04-20 15:00:00+09:00,0.02876,0.02876,0.02859,0.02867,1840636.0
2025-04-20 15:05:00+09:00,0.02866,0.02876,0.02857,0.02874,1243793.0
2025-04-20 15:10:00+09:00,0.02874,0.02879,0.02866,0.02876,1710395.0
2025-04-20 15:15:00+09:00,0.02875,0.02878,0.02862,0.02866,784825.0
2025-04-20 15:20:00+09:00,0.02868,0.02886,0.02861,0.02875,1196891.0
2025-04-20 15:25:00+09:00,0.02874,0.02876,0.02863,0.02863,832701.0
2025-04-20 15:30:00+09:00,0.02865,0.02873,0.02857,0.02868,1447280.0
2025-04-20 15:35:00+09:00,0.02869,0.02896,0.02869,0.02892,1382618.0
2025-04-20 15:40:00+09:00,0.0289,0.02893,0.0287,0.02882,1002862.0
2025-04-20 15:45:00+09:00,0.02881,0.02888,0.02866,0.02875,1329672.0
2025-04-20 15:50:00+09:00,0.02876,0.02888,0.02869,0.02875,885251.0
2025-04-20 15:55:00+09:00,0.02877,0.02891,0.02876,0.02883,934544.0
2025-04-20 16:00:00+09:00,0.02882,0.02884,0.02865,0.02874,802728.0
2025-04-20 16:05:00+09:00,0.02872,0.02879,0.02862,0.02876,1242102.0
2025-04-20 16:10:00+09:00,0.02876,0.02887,0.02862,0.02887,1223529.0
2025-04-20 16:15:00+09:00,0.02887,0.0289,0.02854,0.02864,2154345.0
2025-04-20 16:20:00+09:00,0.02863,0.02872,0.02848,0.02852,2618250.0
2025-04-20 16:25:00+09:00,0.02851,0.02854,0.02843,0.0285,1344368.0
2025-04-20 16:30:00+09:00,0.0285,0.02858,0.0283,0.02832,1462543.0
2025-04-20 16:35:00+09:00,0.02831,0.02851,0.02828,0.02843,1240120.0
2025-04-20 16:40:00+09:00,0.02842,0.02848,0.02834,0.02841,953931.0
2025-04-20 16:45:00+09:00,0.0284,0.02846,0.02836,0.02843,414756.0
2025-04-20 16:50:00+09:00,0.02845,0.02845,0.02827,0.02832,856136.0
2025-04-20 16:55:00+09:00,0.02832,0.02834,0.02817,0.0283,1882101.0
2025-04-20 17:00:00+09:00,0.02829,0.02831,0.02808,0.02809,1472239.0
2025-04-20 17:05:00+09:00,0.02809,0.02827,0.02807,0.02826,936627.0
2025-04-20 17:10:00+09:00,0.02826,0.02828,0.02813,0.02825,1185396.0
2025-04-20 17:15:00+09:00,0.02824,0.02832,0.0282,0.0282,519387.0
2025-04-20 17:20:00+09:00,0.02821,0.02827,0.02816,0.02823,1441856.0
2025-04-20 17:25:00+09:00,0.02822,0.02822,0.02799,0.02803,1235551.0
2025-04-20 17:30:00+09:00,0.02803,0.02809,0.02788,0.02788,2085675.0
2025-04-20 17:35:00+09:00,0.02789,0.02802,0.02783,0.02783,4058678.0
2025-04-20 17:40:00+09:00,0.02784,0.02795,0.02783,0.02789,941694.0
2025-04-20 17:45:00+09:00,0.02788,0.02796,0.02781,0.02782,1177827.0
2025-04-20 17:50:00+09:00,0.02783,0.02784,0.02773,0.02776,1378980.0
2025-04-20 17:55:00+09:00,0.02776,0.02781,0.02771,0.02781,1792240.0
2025-04-20 18:00:00+09:00,0.02781,0.02799,0.02777,0.02797,1240588.0
2025-04-20 18:05:00+09:00,0.02797,0.02802,0.0279,0.02793,1262919.0
2025-04-20 18:10:00+09:00,0.02793,0.02797,0.02785,0.02786,998353.0
2025-04-20 18:15:00+09:00,0.02786,0.02795,0.02783,0.02795,749844.0
2025-04-20 18:20:00+09:00,0.02795,0.02796,0.02786,0.02786,854265.0
2025-04-20 18:25:00+09:00,0.02786,0.02792,0.02784,0.02786,483414.0
2025-04-20 18:30:00+09:00,0.02785,0.02795,0.02784,0.02788,360993.0
2025-04-20 18:35:00+09:00,0.02787,0.02804,0.02786,0.02798,1038455.0
2025-04-20 18:40:00+09:00,0.02798,0.02804,0.02792,0.02792,1295408.0
2025-04-20 18:45:00+09:00,0.02791,0.02804,0.02786,0.02787,806473.0
2025-04-20 18:50:00+09:00,0.02787,0.02795,0.02785,0.0279,612139.0
2025-04-20 18:55:00+09:00,0.02791,0.02794,0.02787,0.02789,644537.0
2025-04-20 19:00:00+09:00,0.02788,0.0279,0.02737,0.02743,5819816.0
2025-04-20 19:05:00+09:00,0.02744,0.02764,0.02741,0.02764,2121496.0
2025-04-20 19:10:00+09:00,0.02763,0.02774,0.02763,0.0277,1237386.0
2025-04-20 19:15:00+09:00,0.0277,0.02773,0.02756,0.02756,807525.0
2025-04-20 19:20:00+09:00,0.02758,0.02781,0.02758,0.02775,1840755.0
2025-04-20 19:25:00+09:00,0.02775,0.02779,0.02772,0.02772,338887.0
2025-04-20 19:30:00+09:00,0.02773,0.02786,0.02773,0.02786,836102.0
2025-04-20 19:35:00+09:00,0.02786,0.02788,0.0277,0.02772,1062483.0
2025-04-20 19:40:00+09:00,0.02772,0.02776,0.02756,0.0276,991806.0
2025-04-20 19:45:00+09:00,0.0276,0.02769,0.02754,0.02755,1592246.0
2025-04-20 19:50:00+09:00,0.02755,0.0276,0.02732,0.02738,2549303.0
2025-04-20 19:55:00+09:00,0.02738,0.02751,0.02738,0.02746,1915100.0
2025-04-20 20:00:00+09:00,0.02746,0.02751,0.02739,0.02745,1521855.0
2025-04-20 20:05:00+09:00,0.02744,0.02744,0.02733,0.02737,1319985.0
2025-04-20 20:10:00+09:00,0.02736,0.02759,0.02734,0.02758,1760657.0
2025-04-20 20:15:00+09:00,0.02758,0.02758,0.02738,0.02742,1384258.0
2025-04-20 20:20:00+09:00,0.02741,0.02751,0.02736,0.02736,1092533.0
2025-04-20 20:25:00+09:00,0.02735,0.02748,0.02734,0.02743,1125305.0
2025-04-20 20:30:00+09:00,0.02743,0.02757,0.02735,0.02757,834977.0
2025-04-20 20:35:00+09:00,0.02758,0.02767,0.02748,0.0275,1244388.0
2025-04-20 20:40:00+09:00,0.02749,0.02749,0.02738,0.02741,553626.0
2025-04-20 20:45:00+09:00,0.02742,0.02744,0.02724,0.02732,1801990.0
2025-04-20 20:50:00+09:00,0.02733,0.02742,0.02733,0.02738,634151.0
2025-04-20 20:55:00+09:00,0.02739,0.02748,0.02738,0.02747,514430.0
2025-04-20 21:00:00+09:00,0.02747,0.0277,0.02746,0.0277,1715896.0
2025-04-20 21:05:00+09:00,0.0277,0.02782,0.0276,0.0277,1593599.0
2025-04-20 21:10:00+09:00,0.0277,0.02779,0.0277,0.02773,1075262.0
2025-04-20 21:15:00+09:00,0.02773,0.0278,0.02772,0.0278,724197.0
2025-04-20 21:20:00+09:00,0.02778,0.02784,0.02776,0.02783,665623.0
2025-04-20 21:25:00+09:00,0.02783,0.02786,0.0278,0.02784,1098278.0
2025-04-20 21:30:00+09:00,0.02786,0.02808,0.02783,0.02807,1297116.0
2025-04-20 21:35:00+09:00,0.02807,0.02807,0.02798,0.02798,1829493.0
2025-04-20 21:40:00+09:00,0.02799,0.02803,0.02782,0.02782,1537163.0
2025-04-20 21:45:00+09:00,0.02782,0.02784,0.02766,0.02766,1125766.0
2025-04-20 21:50:00+09:00,0.02767,0.02777,0.02767,0.0277,1932942.0
2025-04-20 21:55:00+09:00,0.0277,0.02777,0.02769,0.02769,888911.0
2025-04-20 22:00:00+09:00,0.02768,0.02774,0.02766,0.02771,688631.0
2025-04-20 22:05:00+09:00,0.02771,0.02779,0.0277,0.02777,978815.0
2025-04-20 22:10:00+09:00,0.02778,0.02781,0.02767,0.02769,346382.0
2025-04-20 22:15:00+09:00,0.02768,0.02787,0.02768,0.02782,436423.0
2025-04-20 22:20:00+09:00,0.02783,0.02802,0.02781,0.02802,1774699.0
2025-04-20 22:25:00+09:00,0.028,0.02807,0.02798,0.028,1005082.0
2025-04-20 22:30:00+09:00,0.02801,0.02814,0.02799,0.02804,1438359.0
2025-04-20 22:35:00+09:00,0.02805,0.02809,0.02801,0.02804,861755.0
2025-04-20 22:40:00+09:00,0.02804,0.02808,0.02802,0.02807,535818.0
2025-04-20 22:45:00+09:00,0.02807,0.02809,0.02798,0.02804,981563.0
2025-04-20 22:50:00+09:00,0.02804,0.02808,0.02797,0.02808,502440.0
2025-04-20 22:55:00+09:00,0.02809,0.0283,0.02809,0.0283,2651175.0
2025-04-20 23:00:00+09:00,0.0283,0.02831,0.02809,0.02811,1835383.0
2025-04-20 23:05:00+09:00,0.02811,0.02823,0.0281,0.0282,1112393.0
2025-04-20 23:10:00+09:00,0.02821,0.02851,0.02816,0.02838,3556647.0
2025-04-20 23:15:00+09:00,0.02838,0.02838,0.02817,0.0282,3263440.0
2025-04-20 23:20:00+09:00,0.0282,0.02821,0.02803,0.02805,2774847.0
2025-04-20 23:25:00+09:00,0.02804,0.02814,0.02803,0.02811,1499714.0
2025-04-20 23:30:00+09:00,0.02813,0.02821,0.02806,0.02813,1279750.0
2025-04-20 23:35:00+09:00,0.02813,0.02827,0.02812,0.02817,1957692.0
2025-04-20 23:40:00+09:00,0.02818,0.02826,0.02807,0.0281,623645.0
2025-04-20 23:45:00+09:00,0.02811,0.02816,0.02808,0.02816,926433.0
2025-04-20 23:50:00+09:00,0.02817,0.02821,0.02812,0.02821,609974.0
2025-04-20 23:55:00+09:00,0.02822,0.02823,0.02809,0.0281,776423.0
2025-04-21 00:00:00+09:00,0.02809,0.02812,0.02801,0.0281,861819.0
2025-04-21 00:05:00+09:00,0.0281,0.0282,0.02793,0.02802,1404173.0
2025-04-21 00:10:00+09:00,0.02802,0.0281,0.028,0.02803,509826.0
2025-04-21 00:15:00+09:00,0.02803,0.02811,0.02783,0.02792,1595379.0
2025-04-21 00:20:00+09:00,0.02791,0.02795,0.02786,0.02792,853791.0
2025-04-21 00:25:00+09:00,0.02793,0.02795,0.02783,0.02788,442068.0
2025-04-21 00:30:00+09:00,0.02787,0.028,0.02781,0.02797,1946297.0
2025-04-21 00:35:00+09:00,0.02798,0.028,0.02791,0.02791,411299.0
2025-04-21 00:40:00+09:00,0.02791,0.02796,0.02778,0.02786,3161095.0
2025-04-21 00:45:00+09:00,0.02787,0.0279,0.02767,0.02776,2056208.0
2025-04-21 00:50:00+09:00,0.02776,0.02781,0.02771,0.02778,1355716.0
2025-04-21 00:55:00+09:00,0.02779,0.02784,0.02759,0.02775,3343347.0
2025-04-21 01:00:00+09:00,0.02776,0.02783,0.02763,0.02783,1508687.0
2025-04-21 01:05:00+09:00,0.02783,0.0281,0.0278,0.02803,2374514.0
2025-04-21 01:10:00+09:00,0.02803,0.02825,0.02796,0.02816,1221327.0
2025-04-21 01:15:00+09:00,0.02816,0.02852,0.02812,0.02849,4707068.0
2025-04-21 01:20:00+09:00,0.02851,0.02892,0.02848,0.02888,9617435.0
2025-04-21 01:25:00+09:00,0.02887,0.02887,0.02838,0.02846,6389277.0
2025-04-21 01:30:00+09:00,0.02848,0.0288,0.02845,0.02873,5041001.0
2025-04-21 01:35:00+09:00,0.02873,0.02904,0.02864,0.0289,4050451.0
2025-04-21 01:40:00+09:00,0.02891,0.02893,0.0286,0.02881,3672963.0
2025-04-21 01:45:00+09:00,0.02878,0.02891,0.02874,0.02886,2713718.0
2025-04-21 01:50:00+09:00,0.02887,0.02888,0.02855,0.02865,1836892.0
2025-04-21 01:55:00+09:00,0.02865,0.02873,0.02859,0.02866,1685703.0
2025-04-21 02:00:00+09:00,0.02866,0.02866,0.02842,0.02847,2032839.0
2025-04-21 02:05:00+09:00,0.02846,0.0285,0.0283,0.02832,3625836.0
2025-04-21 02:10:00+09:00,0.02831,0.02841,0.02826,0.02827,982023.0
2025-04-21 02:15:00+09:00,0.02826,0.02829,0.02819,0.02826,1755041.0
2025-04-21 02:20:00+09:00,0.02827,0.02849,0.02825,0.02833,3526207.0
2025-04-21 02:25:00+09:00,0.02833,0.0285,0.02832,0.02848,1058072.0
2025-04-21 02:30:00+09:00,0.02847,0.02849,0.02839,0.02844,1152801.0
2025-04-21 02:35:00+09:00,0.02843,0.02845,0.02822,0.02829,1918607.0
2025-04-21 02:40:00+09:00,0.02827,0.02834,0.02826,0.02834,975173.0
2025-04-21 02:45:00+09:00,0.02834,0.02844,0.02832,0.02844,556750.0
2025-04-21 02:50:00+09:00,0.02843,0.02845,0.02833,0.02836,1463492.0
2025-04-21 02:55:00+09:00,0.02836,0.02838,0.02822,0.02825,3000208.0
2025-04-21 03:00:00+09:00,0.02825,0.02831,0.02813,0.02815,769741.0
2025-04-21 03:05:00+09:00,0.02815,0.02825,0.0281,0.02821,1914496.0
2025-04-21 03:10:00+09:00,0.02821,0.02825,0.02812,0.02823,4044738.0
2025-04-21 03:15:00+09:00,0.02826,0.02839,0.02821,0.02833,2739007.0
2025-04-21 03:20:00+09:00,0.02834,0.02845,0.02829,0.02833,1101371.0
2025-04-21 03:25:00+09:00,0.02833,0.02844,0.02831,0.02844,317113.0
2025-04-21 03:30:00+09:00,0.02842,0.02843,0.02827,0.02829,486604.0
2025-04-21 03:35:00+09:00,0.0283,0.02834,0.02824,0.02828,427515.0
2025-04-21 03:40:00+09:00,0.02828,0.02831,0.02824,0.0283,722248.0
2025-04-21 03:45:00+09:00,0.02831,0.02831,0.02821,0.02825,497512.0
2025-04-21 03:50:00+09:00,0.02826,0.02836,0.02823,0.02835,1799349.0
2025-04-21 03:55:00+09:00,0.02835,0.02835,0.02828,0.0283,184760.0
2025-04-21 04:00:00+09:00,0.0283,0.02835,0.02824,0.02828,243662.0
2025-04-21 04:05:00+09:00,0.02828,0.02837,0.02828,0.02829,932334.0
2025-04-21 04:10:00+09:00,0.0283,0.02831,0.02825,0.02825,286286.0
2025-04-21 04:15:00+09:00,0.02826,0.02848,0.02826,0.02848,762414.0
2025-04-21 04:20:00+09:00,0.02849,0.02861,0.02847,0.02852,1920814.0
2025-04-21 04:25:00+09:00,0.02852,0.02866,0.02852,0.02865,900549.0
2025-04-21 04:30:00+09:00,0.02865,0.0287,0.02856,0.02856,1407164.0
2025-04-21 04:35:00+09:00,0.02856,0.02875,0.02851,0.02853,1778077.0
2025-04-21 04:40:00+09:00,0.02853,0.02863,0.02852,0.02852,546497.0
2025-04-21 04:45:00+09:00,0.02853,0.02856,0.02849,0.02852,367913.0
2025-04-21 04:50:00+09:00,0.02851,0.02864,0.0285,0.02858,740487.0
2025-04-21 04:55:00+09:00,0.02858,0.0287,0.02857,0.02866,415705.0
2025-04-21 05:00:00+09:00,0.02865,0.02866,0.02851,0.02862,2145723.0
2025-04-21 05:05:00+09:00,0.02862,0.02884,0.0286,0.02884,1946281.0
2025-04-21 05:10:00+09:00,0.02884,0.02894,0.02874,0.02892,733283.0
2025-04-21 05:15:00+09:00,0.02892,0.02912,0.02886,0.02905,2223741.0
2025-04-21 05:20:00+09:00,0.02906,0.02911,0.02896,0.029,1436628.0
2025-04-21 05:25:00+09:00,0.02901,0.02909,0.02892,0.02898,1931599.0
2025-04-21 05:30:00+09:00,0.02898,0.02901,0.02885,0.02887,1563608.0
2025-04-21 05:35:00+09:00,0.02889,0.02897,0.02888,0.02894,570048.0
2025-04-21 05:40:00+09:00,0.02894,0.02906,0.0289,0.02902,1171886.0
2025-04-21 05:45:00+09:00,0.02903,0.02903,0.02881,0.02885,1376355.0
2025-04-21 05:50:00+09:00,0.02885,0.0289,0.02871,0.02873,2080836.0
2025-04-21 05:55:00+09:00,0.02873,0.02886,0.02868,0.02885,1288946.0
2025-04-21 06:00:00+09:00,0.02884,0.02885,0.02864,0.02868,969943.0
2025-04-21 06:05:00+09:00,0.02868,0.02873,0.02863,0.02863,1300735.0
2025-04-21 06:10:00+09:00,0.02863,0.02867,0.02856,0.02858,818092.0
2025-04-21 06:15:00+09:00,0.0286,0.02866,0.02858,0.02863,558172.0
2025-04-21 06:20:00+09:00,0.02863,0.02865,0.02852,0.02852,348652.0
2025-04-21 06:25:00+09:00,0.02853,0.02862,0.02851,0.02859,662988.0
2025-04-21 06:30:00+09:00,0.0286,0.02867,0.0285,0.02867,904768.0
2025-04-21 06:35:00+09:00,0.02868,0.02876,0.02863,0.02863,580074.0
2025-04-21 06:40:00+09:00,0.02862,0.02862,0.02854,0.02858,942483.0
2025-04-21 06:45:00+09:00,0.02859,0.02864,0.02859,0.02864,140774.0
2025-04-21 06:50:00+09:00,0.02864,0.02864,0.02859,0.02863,319307.0
2025-04-21 06:55:00+09:00,0.02863,0.02868,0.02854,0.02858,568338.0
2025-04-21 07:00:00+09:00,0.02859,0.0286,0.02831,0.02838,1183622.0
2025-04-21 07:05:00+09:00,0.02839,0.02844,0.02835,0.02842,524517.0
2025-04-21 07:10:00+09:00,0.02842,0.02853,0.0284,0.02848,877080.0
2025-04-21 07:15:00+09:00,0.02849,0.02849,0.0284,0.02847,1148108.0
2025-04-21 07:20:00+09:00,0.02848,0.02848,0.02819,0.02819,1272297.0
2025-04-21 07:25:00+09:00,0.02821,0.02829,0.02821,0.02825,556438.0
2025-04-21 07:30:00+09:00,0.02824,0.02829,0.0282,0.02823,1167548.0
2025-04-21 07:35:00+09:00,0.02824,0.02828,0.02819,0.02821,952100.0
2025-04-21 07:40:00+09:00,0.02822,0.02832,0.02821,0.02829,574661.0
2025-04-21 07:45:00+09:00,0.02829,0.02838,0.02827,0.02832,442360.0
2025-04-21 07:50:00+09:00,0.02832,0.02835,0.02831,0.02832,280637.0
2025-04-21 07:55:00+09:00,0.02832,0.02836,0.02829,0.02831,486737.0
2025-04-21 08:00:00+09:00,0.02832,0.0284,0.02832,0.02839,242369.0
2025-04-21 08:05:00+09:00,0.02839,0.02839,0.02835,0.02836,325501.0
2025-04-21 08:10:00+09:00,0.02835,0.02837,0.02833,0.02836,449069.0
2025-04-21 08:15:00+09:00,0.02837,0.02846,0.02835,0.02841,246493.0
2025-04-21 08:20:00+09:00,0.02841,0.02843,0.02833,0.02834,516847.0
2025-04-21 08:25:00+09:00,0.02834,0.02836,0.0283,0.0283,237405.0
2025-04-21 08:30:00+09:00,0.0283,0.0284,0.02829,0.02829,756608.0
2025-04-21 08:35:00+09:00,0.02831,0.02835,0.0283,0.02831,334601.0
2025-04-21 08:40:00+09:00,0.0283,0.02836,0.0283,0.02836,455878.0
2025-04-21 08:45:00+09:00,0.02837,0.02837,0.02831,0.02835,464298.0
2025-04-21 08:50:00+09:00,0.02835,0.02842,0.02832,0.02842,175401.0
2025-04-21 08:55:00+09:00,0.02842,0.02847,0.02837,0.02847,536238.0
2025-04-21 09:00:00+09:00,0.02846,0.02846,0.02831,0.02841,795500.0
2025-04-21 09:05:00+09:00,0.02841,0.02864,0.02841,0.02861,1616963.0
2025-04-21 09:10:00+09:00,0.02861,0.02864,0.02854,0.02855,637658.0
2025-04-21 09:15:00+09:00,0.02856,0.02874,0.02856,0.02873,724867.0
2025-04-21 09:20:00+09:00,0.02873,0.02876,0.02869,0.02872,757219.0
2025-04-21 09:25:00+09:00,0.02872,0.02917,0.02869,0.02911,3061907.0
2025-04-21 09:30:00+09:00,0.02913,0.02935,0.02913,0.02919,2995932.0
2025-04-21 09:35:00+09:00,0.02919,0.02924,0.02893,0.02903,2823372.0
2025-04-21 09:40:00+09:00,0.02904,0.02926,0.02904,0.02911,2299320.0
2025-04-21 09:45:00+09:00,0.02913,0.02926,0.02906,0.02913,989228.0
2025-04-21 09:50:00+09:00,0.02913,0.02917,0.02898,0.02902,793994.0
2025-04-21 09:55:00+09:00,0.02903,0.02909,0.02888,0.02893,1604439.0
2025-04-21 10:00:00+09:00,0.02893,0.02902,0.02891,0.02898,1304184.0
2025-04-21 10:05:00+09:00,0.02897,0.02905,0.02884,0.02886,726151.0
2025-04-21 10:10:00+09:00,0.02885,0.02887,0.02878,0.02886,659014.0
2025-04-21 10:15:00+09:00,0.02885,0.02892,0.02872,0.02875,1519964.0
2025-04-21 10:20:00+09:00,0.02876,0.02885,0.0287,0.02882,1044222.0
2025-04-21 10:25:00+09:00,0.02884,0.02902,0.0288,0.02897,2414390.0
2025-04-21 10:30:00+09:00,0.02898,0.02902,0.0289,0.02896,601564.0
2025-04-21 10:35:00+09:00,0.02896,0.02912,0.02894,0.02904,691476.0
2025-04-21 10:40:00+09:00,0.02903,0.02903,0.02895,0.02898,795142.0
2025-04-21 10:45:00+09:00,0.02899,0.02918,0.02896,0.02918,1523208.0
2025-04-21 10:50:00+09:00,0.02918,0.02927,0.02914,0.02914,857917.0
2025-04-21 10:55:00+09:00,0.02913,0.02913,0.02901,0.02907,1089972.0
2025-04-21 11:00:00+09:00,0.02906,0.02913,0.02886,0.0289,929389.0
2025-04-21 11:05:00+09:00,0.02889,0.02903,0.02884,0.02887,768841.0
2025-04-21 11:10:00+09:00,0.02888,0.02888,0.02868,0.0287,1444828.0
2025-04-21 11:15:00+09:00,0.02869,0.02872,0.0286,0.02866,678850.0
2025-04-21 11:20:00+09:00,0.02867,0.02867,0.02854,0.02857,1317775.0
2025-04-21 11:25:00+09:00,0.02857,0.02879,0.02846,0.02879,3842113.0
2025-04-21 11:30:00+09:00,0.02879,0.02899,0.02871,0.02892,2021536.0
2025-04-21 11:35:00+09:00,0.02894,0.02894,0.02872,0.02887,1232837.0
2025-04-21 11:40:00+09:00,0.02887,0.0289,0.02863,0.02878,1194057.0
2025-04-21 11:45:00+09:00,0.02879,0.02883,0.02867,0.02876,939609.0
2025-04-21 11:50:00+09:00,0.02877,0.02893,0.02877,0.02882,412425.0
2025-04-21 11:55:00+09:00,0.02883,0.02884,0.0287,0.02871,342914.0
2025-04-21 12:00:00+09:00,0.02872,0.02886,0.02871,0.02883,1434695.0
2025-04-21 12:05:00+09:00,0.0288,0.0288,0.02863,0.02863,1980411.0
2025-04-21 12:10:00+09:00,0.02863,0.02868,0.0286,0.02868,589167.0
2025-04-21 12:15:00+09:00,0.02869,0.02874,0.02866,0.02872,529878.0
2025-04-21 12:20:00+09:00,0.02873,0.02873,0.02844,0.02846,1079094.0
2025-04-21 12:25:00+09:00,0.02846,0.02847,0.02828,0.0283,1650088.0
2025-04-21 12:30:00+09:00,0.02831,0.02839,0.02829,0.0283,1637429.0
2025-04-21 12:35:00+09:00,0.02832,0.02845,0.02832,0.02841,1077182.0
2025-04-21 12:40:00+09:00,0.02842,0.0285,0.02841,0.02844,1080842.0
2025-04-21 12:45:00+09:00,0.02844,0.02853,0.02839,0.02839,655112.0
2025-04-21 12:50:00+09:00,0.0284,0.02847,0.0284,0.02847,315424.0
2025-04-21 12:55:00+09:00,0.02848,0.02849,0.02841,0.02847,300323.0
2025-04-21 13:00:00+09:00,0.02846,0.02864,0.02843,0.02856,1618210.0
2025-04-21 13:05:00+09:00,0.02855,0.02857,0.02841,0.02845,755211.0
2025-04-21 13:10:00+09:00,0.02846,0.02852,0.02842,0.02846,528232.0
2025-04-21 13:15:00+09:00,0.02846,0.02846,0.02829,0.02843,535946.0
2025-04-21 13:20:00+09:00,0.02843,0.02865,0.02843,0.02864,639448.0
2025-04-21 13:25:00+09:00,0.02865,0.02868,0.0286,0.02862,401336.0
2025-04-21 13:30:00+09:00,0.02861,0.0288,0.02858,0.02873,2420043.0
2025-04-21 13:35:00+09:00,0.02872,0.02893,0.02872,0.02887,1728241.0
2025-04-21 13:40:00+09:00,0.02887,0.02888,0.02875,0.02881,1451770.0
2025-04-21 13:45:00+09:00,0.02882,0.0291,0.02881,0.02903,1708785.0
2025-04-21 13:50:00+09:00,0.02902,0.02907,0.02887,0.02893,1544559.0
2025-04-21 13:55:00+09:00,0.02892,0.02908,0.0289,0.02903,1944310.0
2025-04-21 14:00:00+09:00,0.02903,0.02904,0.02894,0.02897,630597.0
2025-04-21 14:05:00+09:00,0.02897,0.02913,0.02891,0.02902,1109887.0
2025-04-21 14:10:00+09:00,0.02903,0.02908,0.02902,0.02907,459722.0
2025-04-21 14:15:00+09:00,0.02907,0.02925,0.02906,0.02913,2817854.0
2025-04-21 14:20:00+09:00,0.02913,0.02913,0.02898,0.02898,1176637.0
2025-04-21 14:25:00+09:00,0.02898,0.02929,0.02898,0.0292,2392283.0
2025-04-21 14:30:00+09:00,0.02921,0.02922,0.02914,0.02919,616837.0
2025-04-21 14:35:00+09:00,0.02919,0.02926,0.02918,0.0292,466275.0
2025-04-21 14:40:00+09:00,0.02919,0.02922,0.02903,0.02912,1495736.0
2025-04-21 14:45:00+09:00,0.02912,0.02924,0.02911,0.02917,963690.0
2025-04-21 14:50:00+09:00,0.02918,0.02926,0.02912,0.02916,1367091.0
2025-04-21 14:55:00+09:00,0.02915,0.02915,0.02903,0.02904,474809.0
2025-04-21 15:00:00+09:00,0.02903,0.02909,0.02898,0.02901,868690.0
2025-04-21 15:05:00+09:00,0.029,0.029,0.02887,0.02898,1639302.0
2025-04-21 15:10:00+09:00,0.02898,0.02899,0.02889,0.02893,899348.0
2025-04-21 15:15:00+09:00,0.02892,0.02899,0.02891,0.02893,281103.0
2025-04-21 15:20:00+09:00,0.02892,0.02892,0.02879,0.02881,973419.0
2025-04-21 15:25:00+09:00,0.02882,0.02885,0.02878,0.02881,816016.0
2025-04-21 15:30:00+09:00,0.02882,0.02886,0.02876,0.02881,655643.0
2025-04-21 15:35:00+09:00,0.02881,0.02882,0.0287,0.02873,268440.0
2025-04-21 15:40:00+09:00,0.02873,0.02877,0.02865,0.02872,1142293.0
2025-04-21 15:45:00+09:00,0.02873,0.02887,0.02873,0.02882,700680.0
2025-04-21 15:50:00+09:00,0.02881,0.02881,0.02868,0.0287,311167.0
2025-04-21 15:55:00+09:00,0.02869,0.02871,0.02865,0.02867,707879.0
2025-04-21 16:00:00+09:00,0.02868,0.02874,0.02863,0.02873,553601.0
2025-04-21 16:05:00+09:00,0.02873,0.02874,0.02864,0.02872,1213148.0
2025-04-21 16:10:00+09:00,0.02873,0.02873,0.02859,0.02868,705591.0
2025-04-21 16:15:00+09:00,0.02867,0.02875,0.02861,0.02873,1307173.0
2025-04-21 16:20:00+09:00,0.02874,0.02874,0.02862,0.02866,578790.0
2025-04-21 16:25:00+09:00,0.02864,0.02864,0.02857,0.02862,355890.0
2025-04-21 16:30:00+09:00,0.02863,0.02863,0.02856,0.0286,172080.0
2025-04-21 16:35:00+09:00,0.0286,0.02862,0.02848,0.02852,1042713.0
2025-04-21 16:40:00+09:00,0.02853,0.02853,0.02838,0.02842,1551085.0
2025-04-21 16:45:00+09:00,0.02842,0.02855,0.02842,0.02853,1048967.0
2025-04-21 16:50:00+09:00,0.02852,0.02859,0.02849,0.02859,700309.0
2025-04-21 16:55:00+09:00,0.02856,0.02856,0.02843,0.02852,2659834.0
2025-04-21 17:00:00+09:00,0.02854,0.02862,0.02853,0.02856,892865.0
2025-04-21 17:05:00+09:00,0.02855,0.02861,0.0285,0.02857,1053081.0
2025-04-21 17:10:00+09:00,0.02859,0.02872,0.02859,0.02865,591200.0
2025-04-21 17:15:00+09:00,0.02865,0.02874,0.02865,0.02873,1420520.0
2025-04-21 17:20:00+09:00,0.02874,0.02881,0.02867,0.0288,575553.0
2025-04-21 17:25:00+09:00,0.0288,0.02895,0.0288,0.02892,1405251.0
2025-04-21 17:30:00+09:00,0.02891,0.02894,0.02887,0.02893,555906.0
2025-04-21 17:35:00+09:00,0.02894,0.02898,0.0289,0.02897,399233.0
2025-04-21 17:40:00+09:00,0.02898,0.02904,0.02897,0.02899,694333.0
2025-04-21 17:45:00+09:00,0.029,0.02905,0.02899,0.02904,291964.0
2025-04-21 17:50:00+09:00,0.02905,0.02909,0.02902,0.02903,862277.0
2025-04-21 17:55:00+09:00,0.02902,0.02904,0.02893,0.02894,354914.0
2025-04-21 18:00:00+09:00,0.02895,0.02899,0.02891,0.02893,702849.0
2025-04-21 18:05:00+09:00,0.02894,0.02903,0.02893,0.02903,387096.0
2025-04-21 18:10:00+09:00,0.02902,0.02906,0.02895,0.02904,702409.0
2025-04-21 18:15:00+09:00,0.02905,0.02905,0.02877,0.0288,1619770.0
2025-04-21 18:20:00+09:00,0.02879,0.02889,0.02879,0.02886,482809.0
2025-04-21 18:25:00+09:00,0.02886,0.02888,0.02874,0.02874,384188.0
2025-04-21 18:30:00+09:00,0.02876,0.02878,0.02856,0.02857,2018375.0
2025-04-21 18:35:00+09:00,0.02858,0.02863,0.02857,0.02862,569178.0
2025-04-21 18:40:00+09:00,0.02862,0.02864,0.02855,0.02858,367434.0
2025-04-21 18:45:00+09:00,0.02858,0.02867,0.02857,0.02862,817493.0
2025-04-21 18:50:00+09:00,0.02863,0.02885,0.02861,0.02885,2492409.0
2025-04-21 18:55:00+09:00,0.02886,0.02903,0.02883,0.02901,1038038.0
2025-04-21 19:00:00+09:00,0.02901,0.02904,0.02882,0.02882,2035140.0
2025-04-21 19:05:00+09:00,0.02883,0.02895,0.02882,0.02895,524154.0
2025-04-21 19:10:00+09:00,0.02894,0.029,0.02889,0.02891,614284.0
2025-04-21 19:15:00+09:00,0.02891,0.029,0.02888,0.02896,367892.0
2025-04-21 19:20:00+09:00,0.02895,0.02902,0.02886,0.02886,365307.0
2025-04-21 19:25:00+09:00,0.02886,0.02889,0.02882,0.02884,1025189.0
2025-04-21 19:30:00+09:00,0.02885,0.02886,0.02877,0.02881,474544.0
2025-04-21 19:35:00+09:00,0.0288,0.02897,0.02879,0.02893,793516.0
2025-04-21 19:40:00+09:00,0.02893,0.02898,0.0289,0.02896,807199.0
2025-04-21 19:45:00+09:00,0.02895,0.02897,0.02879,0.02882,559134.0
2025-04-21 19:50:00+09:00,0.02881,0.02883,0.02877,0.02878,251876.0
2025-04-21 19:55:00+09:00,0.02878,0.02892,0.02877,0.02884,587799.0
2025-04-21 20:00:00+09:00,0.02883,0.02891,0.02882,0.0289,891343.0
2025-04-21 20:05:00+09:00,0.0289,0.02893,0.02886,0.02892,575663.0
2025-04-21 20:10:00+09:00,0.02891,0.02899,0.02884,0.02885,251981.0
2025-04-21 20:15:00+09:00,0.02884,0.02884,0.02858,0.02858,1457692.0
2025-04-21 20:20:00+09:00,0.02857,0.02865,0.02852,0.02854,1187253.0
2025-04-21 20:25:00+09:00,0.02855,0.02866,0.02849,0.02859,965417.0
2025-04-21 20:30:00+09:00,0.02859,0.02861,0.02851,0.02861,652015.0
2025-04-21 20:35:00+09:00,0.02862,0.02867,0.02861,0.02865,418260.0
2025-04-21 20:40:00+09:00,0.02865,0.02872,0.02863,0.02868,523109.0
2025-04-21 20:45:00+09:00,0.02869,0.02874,0.02858,0.02861,969068.0
2025-04-21 20:50:00+09:00,0.02862,0.02862,0.02854,0.02856,607590.0
2025-04-21 20:55:00+09:00,0.02856,0.02862,0.02853,0.02862,1054427.0
2025-04-21 21:00:00+09:00,0.0286,0.02878,0.02859,0.02878,682657.0
2025-04-21 21:05:00+09:00,0.02878,0.02888,0.02874,0.02884,488153.0
2025-04-21 21:10:00+09:00,0.02883,0.02899,0.02883,0.02898,1180446.0
2025-04-21 21:15:00+09:00,0.02898,0.02905,0.02892,0.02899,727312.0
2025-04-21 21:20:00+09:00,0.02899,0.02918,0.02898,0.02915,1462367.0
2025-04-21 21:25:00+09:00,0.02915,0.0292,0.02912,0.02915,1225027.0
2025-04-21 21:30:00+09:00,0.02915,0.02918,0.02911,0.02913,865553.0
2025-04-21 21:35:00+09:00,0.02912,0.02929,0.02912,0.02924,877727.0
2025-04-21 21:40:00+09:00,0.02922,0.02944,0.02921,0.02941,1455070.0
2025-04-21 21:45:00+09:00,0.0294,0.02946,0.0293,0.02931,2039642.0
2025-04-21 21:50:00+09:00,0.02933,0.02944,0.02933,0.02938,701895.0
2025-04-21 21:55:00+09:00,0.02938,0.02942,0.02934,0.02934,1420328.0
2025-04-21 22:00:00+09:00,0.02935,0.02975,0.02924,0.02939,5938291.0
2025-04-21 22:05:00+09:00,0.02938,0.02944,0.02925,0.02926,2017039.0
2025-04-21 22:10:00+09:00,0.02925,0.02951,0.02919,0.0295,1588273.0
2025-04-21 22:15:00+09:00,0.0295,0.02958,0.02939,0.02942,4360181.0
2025-04-21 22:20:00+09:00,0.02941,0.02966,0.0293,0.02961,1412054.0
2025-04-21 22:25:00+09:00,0.02962,0.02987,0.02955,0.02986,4123069.0
2025-04-21 22:30:00+09:00,0.02986,0.03013,0.02959,0.02965,9232762.0
2025-04-21 22:35:00+09:00,0.02966,0.02986,0.02951,0.02983,5226606.0
2025-04-21 22:40:00+09:00,0.02983,0.02996,0.02965,0.02967,5290108.0
2025-04-21 22:45:00+09:00,0.02967,0.02968,0.0295,0.02959,2774973.0
2025-04-21 22:50:00+09:00,0.0296,0.0298,0.02945,0.02948,4264766.0
2025-04-21 22:55:00+09:00,0.02948,0.02949,0.02928,0.02932,2459839.0
2025-04-21 23:00:00+09:00,0.02931,0.02961,0.02919,0.02954,4266770.0
2025-04-21 23:05:00+09:00,0.02955,0.02963,0.02943,0.02958,1752102.0
2025-04-21 23:10:00+09:00,0.02958,0.02995,0.02951,0.02995,3338088.0
2025-04-21 23:15:00+09:00,0.02993,0.02993,0.02946,0.02967,6275615.0
2025-04-21 23:20:00+09:00,0.02967,0.02992,0.02963,0.02976,3558668.0
2025-04-21 23:25:00+09:00,0.02976,0.02991,0.02973,0.02979,1819056.0
2025-04-21 23:30:00+09:00,0.0298,0.03018,0.02973,0.02981,5296113.0
2025-04-21 23:35:00+09:00,0.02981,0.03016,0.02964,0.03014,8994404.0
2025-04-21 23:40:00+09:00,0.03014,0.03028,0.02985,0.03,6705942.0
2025-04-21 23:45:00+09:00,0.03,0.03004,0.0297,0.02975,1853168.0
2025-04-21 23:50:00+09:00,0.02978,0.03008,0.02968,0.03004,2599784.0
2025-04-21 23:55:00+09:00,0.03007,0.0301,0.0299,0.03003,3111777.0
2025-04-22 00:00:00+09:00,0.03003,0.03049,0.02986,0.03025,12494358.0
2025-04-22 00:05:00+09:00,0.03025,0.03025,0.02983,0.02996,3155280.0
2025-04-22 00:10:00+09:00,0.02995,0.03022,0.02985,0.02987,4328140.0
2025-04-22 00:15:00+09:00,0.02987,0.03007,0.02984,0.03001,1160224.0
2025-04-22 00:20:00+09:00,0.03,0.03016,0.02991,0.03003,5529720.0
2025-04-22 00:25:00+09:00,0.03005,0.03009,0.02987,0.02988,4438305.0
2025-04-22 00:30:00+09:00,0.02988,0.02997,0.02982,0.02985,785667.0
2025-04-22 00:35:00+09:00,0.02983,0.02983,0.02958,0.02966,2072974.0
2025-04-22 00:40:00+09:00,0.02967,0.02967,0.02954,0.02961,1391813.0
2025-04-22 00:45:00+09:00,0.02961,0.02961,0.02937,0.0295,4034969.0
2025-04-22 00:50:00+09:00,0.0295,0.02952,0.0294,0.02945,1493933.0
2025-04-22 00:55:00+09:00,0.02945,0.02975,0.02943,0.0297,2645598.0
2025-04-22 01:00:00+09:00,0.0297,0.02986,0.0296,0.02967,1445648.0
2025-04-22 01:05:00+09:00,0.02968,0.02975,0.02949,0.0297,1748439.0
2025-04-22 01:10:00+09:00,0.02969,0.02984,0.02967,0.02976,650715.0
2025-04-22 01:15:00+09:00,0.02976,0.02981,0.02965,0.02968,994339.0
2025-04-22 01:20:00+09:00,0.02969,0.02988,0.02965,0.02984,2315467.0
2025-04-22 01:25:00+09:00,0.02984,0.02996,0.02968,0.02982,1759372.0
2025-04-22 01:30:00+09:00,0.02981,0.02996,0.02978,0.02984,3712957.0
2025-04-22 01:35:00+09:00,0.02985,0.02987,0.02971,0.02974,1272607.0
2025-04-22 01:40:00+09:00,0.02975,0.02998,0.02973,0.02976,5082682.0
2025-04-22 01:45:00+09:00,0.02978,0.02978,0.02954,0.02955,3348152.0
2025-04-22 01:50:00+09:00,0.02955,0.02956,0.02937,0.02938,1498813.0
2025-04-22 01:55:00+09:00,0.02938,0.02938,0.02896,0.02908,6544696.0
2025-04-22 02:00:00+09:00,0.02908,0.02909,0.02874,0.02886,4057802.0
2025-04-22 02:05:00+09:00,0.02885,0.02885,0.02861,0.02869,6549554.0
2025-04-22 02:10:00+09:00,0.02867,0.02882,0.02855,0.02876,2842018.0
2025-04-22 02:15:00+09:00,0.02875,0.02898,0.02855,0.02891,1671733.0
2025-04-22 02:20:00+09:00,0.0289,0.02891,0.02874,0.02881,1295894.0
2025-04-22 02:25:00+09:00,0.02883,0.02901,0.02878,0.0289,1142159.0
2025-04-22 02:30:00+09:00,0.02889,0.02895,0.02881,0.02886,939977.0
2025-04-22 02:35:00+09:00,0.02886,0.02889,0.02868,0.02883,1288681.0
2025-04-22 02:40:00+09:00,0.02884,0.0289,0.02878,0.02881,660786.0
2025-04-22 02:45:00+09:00,0.0288,0.02887,0.02869,0.02881,1832660.0
2025-04-22 02:50:00+09:00,0.02881,0.02882,0.02873,0.02876,800286.0
2025-04-22 02:55:00+09:00,0.02876,0.02894,0.02869,0.02879,2593771.0
2025-04-22 03:00:00+09:00,0.02878,0.02883,0.02868,0.02869,1314339.0
2025-04-22 03:05:00+09:00,0.0287,0.02878,0.0286,0.02867,1248913.0
2025-04-22 03:10:00+09:00,0.02867,0.02907,0.02865,0.02903,2453518.0
2025-04-22 03:15:00+09:00,0.02904,0.02932,0.02896,0.02913,5071215.0
2025-04-22 03:20:00+09:00,0.02913,0.02913,0.02882,0.02896,4435581.0
2025-04-22 03:25:00+09:00,0.02896,0.02902,0.02892,0.029,836960.0
2025-04-22 03:30:00+09:00,0.02901,0.02906,0.02889,0.029,1434024.0
2025-04-22 03:35:00+09:00,0.02899,0.02909,0.0289,0.02901,946643.0
2025-04-22 03:40:00+09:00,0.02903,0.02916,0.02895,0.02902,1543453.0
2025-04-22 03:45:00+09:00,0.02903,0.02909,0.02897,0.02902,1029347.0
2025-04-22 03:50:00+09:00,0.02903,0.02907,0.02897,0.02906,417656.0
2025-04-22 03:55:00+09:00,0.02905,0.02907,0.02892,0.02892,647610.0
2025-04-22 04:00:00+09:00,0.02891,0.02912,0.02887,0.02908,1966981.0
2025-04-22 04:05:00+09:00,0.02908,0.02915,0.02902,0.02915,1037239.0
2025-04-22 04:10:00+09:00,0.02916,0.02919,0.02908,0.02913,761468.0
2025-04-22 04:15:00+09:00,0.02913,0.02922,0.02909,0.02922,665666.0
2025-04-22 04:20:00+09:00,0.02922,0.02931,0.02922,0.02926,673300.0
2025-04-22 04:25:00+09:00,0.02927,0.02932,0.02916,0.0292,986389.0
2025-04-22 04:30:00+09:00,0.0292,0.02938,0.0292,0.0293,1078247.0
2025-04-22 04:35:00+09:00,0.0293,0.02936,0.02926,0.02934,725437.0
2025-04-22 04:40:00+09:00,0.02935,0.02956,0.02929,0.02949,2721169.0
2025-04-22 04:45:00+09:00,0.0295,0.02952,0.02924,0.02932,1152137.0
2025-04-22 04:50:00+09:00,0.02932,0.02949,0.0293,0.02947,799823.0
2025-04-22 04:55:00+09:00,0.02948,0.02967,0.02946,0.02959,3938373.0
2025-04-22 05:00:00+09:00,0.02959,0.0296,0.02947,0.02951,643437.0
2025-04-22 05:05:00+09:00,0.0295,0.02961,0.0295,0.02952,1003102.0
2025-04-22 05:10:00+09:00,0.02953,0.02953,0.02938,0.02943,1248210.0
2025-04-22 05:15:00+09:00,0.02943,0.02958,0.02942,0.02953,650885.0
2025-04-22 05:20:00+09:00,0.02953,0.02963,0.02949,0.02954,779237.0
2025-04-22 05:25:00+09:00,0.02956,0.02962,0.0295,0.02953,289327.0
2025-04-22 05:30:00+09:00,0.02953,0.02965,0.02953,0.02962,561810.0
2025-04-22 05:35:00+09:00,0.0296,0.02966,0.0296,0.02965,782393.0
2025-04-22 05:40:00+09:00,0.02966,0.02978,0.02966,0.02974,488284.0
2025-04-22 05:45:00+09:00,0.02974,0.02983,0.02971,0.02982,692765.0
2025-04-22 05:50:00+09:00,0.02981,0.02991,0.02976,0.02989,1617660.0
2025-04-22 05:55:00+09:00,0.0299,0.02992,0.02982,0.02987,1099442.0
2025-04-22 06:00:00+09:00,0.02986,0.02986,0.02938,0.02938,3947530.0
2025-04-22 06:05:00+09:00,0.02938,0.02948,0.02934,0.02936,2680786.0
2025-04-22 06:10:00+09:00,0.02937,0.02943,0.0292,0.02921,2020440.0
2025-04-22 06:15:00+09:00,0.02921,0.02929,0.02916,0.0292,758551.0
2025-04-22 06:20:00+09:00,0.0292,0.0292,0.029,0.02904,738187.0
2025-04-22 06:25:00+09:00,0.02903,0.02912,0.02903,0.0291,648947.0
2025-04-22 06:30:00+09:00,0.0291,0.0291,0.02897,0.02906,480294.0
2025-04-22 06:35:00+09:00,0.02907,0.02917,0.02906,0.02906,357919.0
2025-04-22 06:40:00+09:00,0.02906,0.02916,0.02905,0.02915,250935.0
2025-04-22 06:45:00+09:00,0.02916,0.02916,0.02909,0.02912,383990.0
2025-04-22 06:50:00+09:00,0.02912,0.02912,0.02907,0.02912,421362.0
2025-04-22 06:55:00+09:00,0.02912,0.02912,0.02898,0.02902,913497.0
2025-04-22 07:00:00+09:00,0.02901,0.02907,0.02863,0.02863,3358516.0
2025-04-22 07:05:00+09:00,0.02863,0.02875,0.02863,0.02866,1109159.0
2025-04-22 07:10:00+09:00,0.02866,0.02871,0.02864,0.02867,547091.0
2025-04-22 07:15:00+09:00,0.02867,0.02868,0.02855,0.02857,959957.0
2025-04-22 07:20:00+09:00,0.02857,0.02869,0.02857,0.02867,609628.0
2025-04-22 07:25:00+09:00,0.02867,0.02876,0.02863,0.02873,1170434.0
2025-04-22 07:30:00+09:00,0.02873,0.02883,0.02872,0.02875,659503.0
2025-04-22 07:35:00+09:00,0.02875,0.02881,0.02871,0.02872,416512.0
2025-04-22 07:40:00+09:00,0.02871,0.02874,0.02864,0.02871,486226.0
2025-04-22 07:45:00+09:00,0.02871,0.02877,0.0287,0.0287,206020.0
2025-04-22 07:50:00+09:00,0.02869,0.02896,0.02865,0.02885,3191270.0
2025-04-22 07:55:00+09:00,0.02884,0.02895,0.02882,0.02891,467539.0
2025-04-22 08:00:00+09:00,0.02891,0.02897,0.02866,0.02886,4522543.0
2025-04-22 08:05:00+09:00,0.02887,0.02889,0.02868,0.0287,1501147.0
2025-04-22 08:10:00+09:00,0.02871,0.02882,0.02871,0.02872,884836.0
2025-04-22 08:15:00+09:00,0.02875,0.0288,0.02873,0.02877,262293.0
2025-04-22 08:20:00+09:00,0.02877,0.02883,0.02874,0.02883,1095211.0
2025-04-22 08:25:00+09:00,0.02881,0.02881,0.02874,0.02877,279402.0
2025-04-22 08:30:00+09:00,0.02878,0.02891,0.02877,0.02879,482769.0
2025-04-22 08:35:00+09:00,0.02879,0.02879,0.02865,0.0287,427747.0
2025-04-22 08:40:00+09:00,0.02871,0.02872,0.02863,0.02863,210179.0
2025-04-22 08:45:00+09:00,0.02862,0.02862,0.02834,0.0285,2831825.0
2025-04-22 08:50:00+09:00,0.02851,0.02857,0.02847,0.02857,1026006.0
2025-04-22 08:55:00+09:00,0.02858,0.02865,0.02857,0.02859,1080794.0
2025-04-22 09:00:00+09:00,0.02858,0.02863,0.02847,0.02854,1221741.0
2025-04-22 09:05:00+09:00,0.02853,0.02861,0.02847,0.0285,879112.0
2025-04-22 09:10:00+09:00,0.02848,0.02853,0.0283,0.02837,2554165.0
2025-04-22 09:15:00+09:00,0.02839,0.02857,0.02835,0.02856,2516055.0
2025-04-22 09:20:00+09:00,0.02856,0.02879,0.02854,0.02866,2497315.0
2025-04-22 09:25:00+09:00,0.02866,0.0288,0.02866,0.02878,832758.0
2025-04-22 09:30:00+09:00,0.02879,0.02887,0.02846,0.02846,2036302.0
2025-04-22 09:35:00+09:00,0.02846,0.02847,0.02779,0.02822,12915097.0
2025-04-22 09:40:00+09:00,0.02823,0.02851,0.02821,0.0285,1736262.0
2025-04-22 09:45:00+09:00,0.02849,0.02853,0.0283,0.02852,784566.0
2025-04-22 09:50:00+09:00,0.02852,0.02874,0.02852,0.02871,873815.0
2025-04-22 09:55:00+09:00,0.0287,0.02877,0.02863,0.02871,870489.0
2025-04-22 10:00:00+09:00,0.0287,0.02872,0.0286,0.02867,789678.0
2025-04-22 10:05:00+09:00,0.02867,0.02891,0.02857,0.02883,1651484.0
2025-04-22 10:10:00+09:00,0.02884,0.02896,0.02881,0.0289,898546.0
2025-04-22 10:15:00+09:00,0.02891,0.02922,0.02891,0.02915,3543795.0
2025-04-22 10:20:00+09:00,0.02917,0.02931,0.02906,0.02909,1216732.0
2025-04-22 10:25:00+09:00,0.0291,0.02919,0.02907,0.02908,842567.0
2025-04-22 10:30:00+09:00,0.02908,0.02925,0.02907,0.02913,696393.0
2025-04-22 10:35:00+09:00,0.02915,0.02915,0.02905,0.02914,932273.0
2025-04-22 10:40:00+09:00,0.02914,0.02917,0.02889,0.02899,1230616.0
2025-04-22 10:45:00+09:00,0.02901,0.02906,0.0288,0.0289,2167801.0
2025-04-22 10:50:00+09:00,0.0289,0.02911,0.02888,0.029,1740809.0
2025-04-22 10:55:00+09:00,0.029,0.02912,0.02899,0.0291,1113036.0
2025-04-22 11:00:00+09:00,0.02909,0.02931,0.02908,0.0292,940964.0
2025-04-22 11:05:00+09:00,0.0292,0.02926,0.02904,0.02909,1249259.0
2025-04-22 11:10:00+09:00,0.02908,0.02928,0.02892,0.02927,4102581.0
2025-04-22 11:15:00+09:00,0.02927,0.02927,0.02892,0.02893,2606976.0
2025-04-22 11:20:00+09:00,0.02893,0.02901,0.02891,0.02898,794176.0
2025-04-22 11:25:00+09:00,0.02897,0.029,0.02866,0.02875,2005074.0
2025-04-22 11:30:00+09:00,0.02874,0.0288,0.02864,0.02876,660767.0
2025-04-22 11:35:00+09:00,0.02875,0.02888,0.02869,0.0287,1488487.0
2025-04-22 11:40:00+09:00,0.02869,0.02873,0.02848,0.02854,2257819.0
2025-04-22 11:45:00+09:00,0.02853,0.02867,0.02851,0.02861,1365192.0
2025-04-22 11:50:00+09:00,0.02864,0.02864,0.02846,0.02849,1022157.0
2025-04-22 11:55:00+09:00,0.02848,0.02861,0.02848,0.02857,460607.0
2025-04-22 12:00:00+09:00,0.02858,0.02861,0.0284,0.02843,927494.0
2025-04-22 12:05:00+09:00,0.02843,0.02845,0.02826,0.02836,2684330.0
2025-04-22 12:10:00+09:00,0.02837,0.02837,0.02824,0.02828,738544.0
2025-04-22 12:15:00+09:00,0.02831,0.02843,0.0283,0.02841,683607.0
2025-04-22 12:20:00+09:00,0.0284,0.02853,0.02837,0.02853,287009.0
2025-04-22 12:25:00+09:00,0.02852,0.02853,0.02843,0.02848,942591.0
2025-04-22 12:30:00+09:00,0.02848,0.0285,0.02834,0.02834,556207.0
2025-04-22 12:35:00+09:00,0.02834,0.0284,0.02833,0.0284,348497.0
2025-04-22 12:40:00+09:00,0.02839,0.02843,0.02836,0.02841,322145.0
2025-04-22 12:45:00+09:00,0.02842,0.02844,0.02836,0.0284,384438.0
2025-04-22 12:50:00+09:00,0.02841,0.02843,0.02836,0.02837,273348.0
2025-04-22 12:55:00+09:00,0.02837,0.0284,0.0283,0.02839,1005099.0
2025-04-22 13:00:00+09:00,0.02838,0.02844,0.02829,0.02839,598325.0
2025-04-22 13:05:00+09:00,0.02839,0.02864,0.02836,0.02864,1975916.0
2025-04-22 13:10:00+09:00,0.02861,0.02865,0.02839,0.02848,3362990.0
2025-04-22 13:15:00+09:00,0.02849,0.02857,0.02844,0.02849,444371.0
2025-04-22 13:20:00+09:00,0.02848,0.02853,0.02843,0.02847,273371.0
2025-04-22 13:25:00+09:00,0.02848,0.0285,0.02844,0.02849,477034.0
2025-04-22 13:30:00+09:00,0.0285,0.02853,0.02834,0.02839,718689.0
2025-04-22 13:35:00+09:00,0.0284,0.02841,0.02829,0.02832,566504.0
2025-04-22 13:40:00+09:00,0.02832,0.02837,0.02829,0.0283,356687.0
2025-04-22 13:45:00+09:00,0.02831,0.02833,0.0282,0.02827,1530752.0
2025-04-22 13:50:00+09:00,0.02826,0.02828,0.02807,0.02813,1508895.0
2025-04-22 13:55:00+09:00,0.02813,0.02814,0.02791,0.02796,1562253.0
2025-04-22 14:00:00+09:00,0.02795,0.02811,0.02792,0.02797,1405911.0
2025-04-22 14:05:00+09:00,0.02797,0.02801,0.02787,0.02791,993209.0
2025-04-22 14:10:00+09:00,0.02792,0.02796,0.0279,0.02793,447836.0
2025-04-22 14:15:00+09:00,0.02793,0.02795,0.02784,0.02787,379492.0
2025-04-22 14:20:00+09:00,0.02786,0.0279,0.02781,0.02788,398253.0
2025-04-22 14:25:00+09:00,0.02789,0.02795,0.02788,0.02792,1049122.0
2025-04-22 14:30:00+09:00,0.02793,0.028,0.02775,0.028,978526.0
2025-04-22 14:35:00+09:00,0.028,0.028,0.02787,0.02787,861766.0
2025-04-22 14:40:00+09:00,0.02788,0.02797,0.02784,0.02795,622500.0
2025-04-22 14:45:00+09:00,0.02796,0.0281,0.02793,0.02808,1664544.0
2025-04-22 14:50:00+09:00,0.02808,0.02814,0.02806,0.0281,650158.0
2025-04-22 14:55:00+09:00,0.02811,0.02811,0.028,0.028,420163.0
2025-04-22 15:00:00+09:00,0.02799,0.02804,0.02794,0.02804,508284.0
2025-04-22 15:05:00+09:00,0.02805,0.02807,0.02781,0.02781,986012.0
2025-04-22 15:10:00+09:00,0.02782,0.02786,0.02766,0.02769,2426067.0
2025-04-22 15:15:00+09:00,0.02768,0.02773,0.02742,0.02747,2222392.0
2025-04-22 15:20:00+09:00,0.02748,0.0275,0.02718,0.02724,2471233.0
2025-04-22 15:25:00+09:00,0.02724,0.02729,0.02712,0.02714,3488286.0
2025-04-22 15:30:00+09:00,0.02713,0.0273,0.02711,0.02722,2491999.0
2025-04-22 15:35:00+09:00,0.02721,0.02728,0.02695,0.02699,2376003.0
2025-04-22 15:40:00+09:00,0.027,0.02704,0.02689,0.02702,1838384.0
2025-04-22 15:45:00+09:00,0.027,0.02708,0.02698,0.02705,1035988.0
2025-04-22 15:50:00+09:00,0.02704,0.02714,0.02701,0.02713,585955.0
2025-04-22 15:55:00+09:00,0.02713,0.02735,0.0271,0.02731,1489655.0
2025-04-22 16:00:00+09:00,0.02731,0.02759,0.02731,0.02756,3435847.0
2025-04-22 16:05:00+09:00,0.02757,0.02767,0.0275,0.02756,1777907.0
2025-04-22 16:10:00+09:00,0.02756,0.0276,0.02751,0.0276,1109956.0
2025-04-22 16:15:00+09:00,0.02761,0.02782,0.02754,0.02781,1559508.0
2025-04-22 16:20:00+09:00,0.02781,0.02785,0.02778,0.0278,916859.0
2025-04-22 16:25:00+09:00,0.02781,0.02804,0.02774,0.02801,8545782.0
2025-04-22 16:30:00+09:00,0.02802,0.02844,0.02798,0.0284,4152293.0
2025-04-22 16:35:00+09:00,0.0284,0.02849,0.02821,0.02829,1988081.0
2025-04-22 16:40:00+09:00,0.02828,0.02843,0.02824,0.02841,1375102.0
2025-04-22 16:45:00+09:00,0.02841,0.02855,0.02839,0.02845,1710311.0
2025-04-22 16:50:00+09:00,0.02846,0.0286,0.02837,0.02859,1133843.0
2025-04-22 16:55:00+09:00,0.0286,0.02879,0.0286,0.02876,1563012.0
2025-04-22 17:00:00+09:00,0.02876,0.02891,0.02874,0.02876,2278794.0
2025-04-22 17:05:00+09:00,0.02877,0.02893,0.02876,0.02889,1817820.0
2025-04-22 17:10:00+09:00,0.02888,0.02892,0.02876,0.02885,1101594.0
2025-04-22 17:15:00+09:00,0.02885,0.02907,0.02873,0.02873,3294034.0
2025-04-22 17:20:00+09:00,0.02874,0.02877,0.02859,0.02862,1626379.0
2025-04-22 17:25:00+09:00,0.02863,0.02865,0.02853,0.02857,1922925.0
2025-04-22 17:30:00+09:00,0.02857,0.02863,0.02853,0.02861,1317735.0
2025-04-22 17:35:00+09:00,0.02862,0.02874,0.02861,0.02864,1160412.0
2025-04-22 17:40:00+09:00,0.02865,0.02869,0.02857,0.02858,673585.0
2025-04-22 17:45:00+09:00,0.02859,0.02868,0.02855,0.02865,511643.0
2025-04-22 17:50:00+09:00,0.02865,0.02866,0.02853,0.02853,477200.0
2025-04-22 17:55:00+09:00,0.02853,0.02853,0.02837,0.02843,725534.0
2025-04-22 18:00:00+09:00,0.02843,0.02848,0.02833,0.02835,681074.0
2025-04-22 18:05:00+09:00,0.02834,0.02834,0.02817,0.02832,1413598.0
2025-04-22 18:10:00+09:00,0.02831,0.02831,0.02815,0.02823,1440370.0
2025-04-22 18:15:00+09:00,0.02822,0.02824,0.02808,0.0281,1544361.0
2025-04-22 18:20:00+09:00,0.02809,0.02841,0.02809,0.02834,4927593.0
2025-04-22 18:25:00+09:00,0.02832,0.02833,0.02818,0.0283,1740332.0
2025-04-22 18:30:00+09:00,0.02829,0.02835,0.02816,0.02823,1427080.0
2025-04-22 18:35:00+09:00,0.02823,0.02831,0.02817,0.02819,323985.0
2025-04-22 18:40:00+09:00,0.0282,0.02825,0.02818,0.02825,247604.0
2025-04-22 18:45:00+09:00,0.02826,0.02827,0.02815,0.0282,1199643.0
2025-04-22 18:50:00+09:00,0.02821,0.02823,0.02809,0.02811,1530997.0
2025-04-22 18:55:00+09:00,0.0281,0.02816,0.02791,0.02799,5394786.0
2025-04-22 19:00:00+09:00,0.028,0.02801,0.02793,0.02799,1095471.0
2025-04-22 19:05:00+09:00,0.02798,0.02806,0.02795,0.02802,1168217.0
2025-04-22 19:10:00+09:00,0.02803,0.02807,0.02796,0.02807,664245.0
2025-04-22 19:15:00+09:00,0.02806,0.02806,0.02801,0.02802,449144.0
2025-04-22 19:20:00+09:00,0.02802,0.02807,0.02792,0.02799,896227.0
2025-04-22 19:25:00+09:00,0.02799,0.02801,0.02785,0.02789,921476.0
2025-04-22 19:30:00+09:00,0.02789,0.02805,0.02788,0.02805,2391185.0
2025-04-22 19:35:00+09:00,0.02804,0.02811,0.028,0.02804,578304.0
2025-04-22 19:40:00+09:00,0.02803,0.02811,0.02795,0.02805,751450.0
2025-04-22 19:45:00+09:00,0.02807,0.02817,0.02806,0.0281,1145147.0
2025-04-22 19:50:00+09:00,0.0281,0.02817,0.02807,0.02811,570680.0
2025-04-22 19:55:00+09:00,0.02812,0.02817,0.02808,0.02812,425012.0
2025-04-22 20:00:00+09:00,0.02812,0.02825,0.02812,0.02819,608395.0
2025-04-22 20:05:00+09:00,0.0282,0.02821,0.02807,0.02814,836027.0
2025-04-22 20:10:00+09:00,0.02815,0.02823,0.02813,0.0282,1138564.0
2025-04-22 20:15:00+09:00,0.02821,0.02831,0.02821,0.0283,383078.0
2025-04-22 20:20:00+09:00,0.02829,0.02843,0.02828,0.02842,1056187.0
2025-04-22 20:25:00+09:00,0.02842,0.02842,0.02832,0.02837,863242.0
2025-04-22 20:30:00+09:00,0.02837,0.02841,0.02836,0.02838,567909.0
2025-04-22 20:35:00+09:00,0.02838,0.02858,0.02838,0.02856,1449167.0
2025-04-22 20:40:00+09:00,0.02855,0.02864,0.0284,0.02845,1748343.0
2025-04-22 20:45:00+09:00,0.02846,0.02872,0.02845,0.02872,939809.0
2025-04-22 20:50:00+09:00,0.02871,0.02877,0.02862,0.02864,2410018.0
2025-04-22 20:55:00+09:00,0.02866,0.02866,0.02856,0.02864,787703.0
2025-04-22 21:00:00+09:00,0.02865,0.02883,0.02856,0.02883,2581921.0
2025-04-22 21:05:00+09:00,0.02882,0.02886,0.0287,0.02884,1314699.0
2025-04-22 21:10:00+09:00,0.02884,0.02897,0.02884,0.02892,2332273.0
2025-04-22 21:15:00+09:00,0.02893,0.02907,0.0289,0.02901,2127095.0
2025-04-22 21:20:00+09:00,0.02903,0.02914,0.02894,0.02911,2234869.0
2025-04-22 21:25:00+09:00,0.02912,0.02942,0.02906,0.02928,3177019.0
2025-04-22 21:30:00+09:00,0.02929,0.02933,0.02894,0.029,2107645.0
2025-04-22 21:35:00+09:00,0.02898,0.02903,0.02877,0.02877,4448642.0
2025-04-22 21:40:00+09:00,0.02876,0.02896,0.02871,0.02891,1349152.0
2025-04-22 21:45:00+09:00,0.02891,0.02905,0.02889,0.02904,2369051.0
2025-04-22 21:50:00+09:00,0.02903,0.02918,0.02898,0.02918,980873.0
2025-04-22 21:55:00+09:00,0.02917,0.02959,0.02917,0.02945,4849434.0
2025-04-22 22:00:00+09:00,0.02945,0.02948,0.0292,0.02928,3025445.0
2025-04-22 22:05:00+09:00,0.0293,0.02938,0.02923,0.02931,1100094.0
2025-04-22 22:10:00+09:00,0.02932,0.02936,0.02919,0.02928,2338692.0
2025-04-22 22:15:00+09:00,0.02928,0.0294,0.02895,0.02903,1728622.0
2025-04-22 22:20:00+09:00,0.02902,0.02915,0.029,0.02905,1574302.0
2025-04-22 22:25:00+09:00,0.02906,0.02921,0.02902,0.02912,1944787.0
2025-04-22 22:30:00+09:00,0.02913,0.02925,0.02903,0.02919,1336340.0
2025-04-22 22:35:00+09:00,0.02917,0.02921,0.02901,0.02919,811614.0
2025-04-22 22:40:00+09:00,0.0292,0.02953,0.02919,0.02952,1297097.0
2025-04-22 22:45:00+09:00,0.02952,0.02978,0.02948,0.02968,2600951.0
2025-04-22 22:50:00+09:00,0.02969,0.02969,0.02948,0.02953,2929068.0
2025-04-22 22:55:00+09:00,0.02954,0.0297,0.02938,0.02968,2630840.0
2025-04-22 23:00:00+09:00,0.02971,0.02987,0.02959,0.02967,3427719.0
2025-04-22 23:05:00+09:00,0.02967,0.02988,0.0296,0.02983,8636321.0
2025-04-22 23:10:00+09:00,0.02984,0.03027,0.02984,0.03026,3995668.0
2025-04-22 23:15:00+09:00,0.03026,0.03066,0.03026,0.0304,7880066.0
2025-04-22 23:20:00+09:00,0.03042,0.0306,0.03026,0.0304,3519929.0
2025-04-22 23:25:00+09:00,0.03041,0.03042,0.03014,0.03033,4929928.0
2025-04-22 23:30:00+09:00,0.03034,0.03057,0.03021,0.03044,4376579.0
2025-04-22 23:35:00+09:00,0.03043,0.03052,0.03028,0.03037,3303015.0
2025-04-22 23:40:00+09:00,0.03038,0.03064,0.03015,0.03051,5321321.0
2025-04-22 23:45:00+09:00,0.03051,0.03085,0.03041,0.03043,5503950.0
2025-04-22 23:50:00+09:00,0.03043,0.03046,0.0302,0.03028,2968187.0
2025-04-22 23:55:00+09:00,0.03028,0.03037,0.0302,0.03034,1036920.0
2025-04-23 00:00:00+09:00,0.03033,0.03064,0.03031,0.03055,2970297.0
2025-04-23 00:05:00+09:00,0.03055,0.0307,0.0304,0.0304,3890766.0
2025-04-23 00:10:00+09:00,0.03039,0.03079,0.03037,0.03061,5133863.0
2025-04-23 00:15:00+09:00,0.0306,0.03075,0.03045,0.03051,2887802.0
2025-04-23 00:20:00+09:00,0.03053,0.03168,0.03046,0.03167,22168660.0
2025-04-23 00:25:00+09:00,0.03164,0.03201,0.03111,0.03131,24527383.0
2025-04-23 00:30:00+09:00,0.03132,0.03142,0.03059,0.03089,9745966.0
2025-04-23 00:35:00+09:00,0.0309,0.03101,0.03068,0.03097,4502736.0
2025-04-23 00:40:00+09:00,0.03097,0.03098,0.03051,0.03053,6337981.0
2025-04-23 00:45:00+09:00,0.03055,0.03083,0.03053,0.03079,5050389.0
2025-04-23 00:50:00+09:00,0.0308,0.03089,0.03073,0.03077,1813885.0
2025-04-23 00:55:00+09:00,0.03078,0.0313,0.03066,0.0313,8133784.0
2025-04-23 01:00:00+09:00,0.03129,0.0315,0.0309,0.0309,6374864.0
2025-04-23 01:05:00+09:00,0.0309,0.03118,0.03089,0.03102,4227694.0
2025-04-23 01:10:00+09:00,0.03103,0.03103,0.0307,0.03075,2025801.0
2025-04-23 01:15:00+09:00,0.03075,0.03076,0.03041,0.03055,5068419.0
2025-04-23 01:20:00+09:00,0.03054,0.03078,0.03053,0.03069,2493909.0
2025-04-23 01:25:00+09:00,0.0307,0.0307,0.03054,0.03056,2156109.0
2025-04-23 01:30:00+09:00,0.03056,0.03058,0.03037,0.03046,3846490.0
2025-04-23 01:35:00+09:00,0.03046,0.03051,0.0304,0.03044,1335548.0
2025-04-23 01:40:00+09:00,0.03043,0.03046,0.03003,0.03017,5716400.0
2025-04-23 01:45:00+09:00,0.03019,0.03027,0.03001,0.03011,1963464.0
2025-04-23 01:50:00+09:00,0.0301,0.03014,0.02995,0.03013,1531910.0
2025-04-23 01:55:00+09:00,0.03012,0.03024,0.03005,0.03005,1861839.0
2025-04-23 02:00:00+09:00,0.03008,0.03022,0.03008,0.03011,1389314.0
2025-04-23 02:05:00+09:00,0.03011,0.03019,0.03,0.03001,1871825.0
2025-04-23 02:10:00+09:00,0.03001,0.03001,0.02978,0.02986,3433124.0
2025-04-23 02:15:00+09:00,0.02987,0.03001,0.02973,0.02996,2158040.0
2025-04-23 02:20:00+09:00,0.02997,0.02998,0.02969,0.02982,1575265.0
2025-04-23 02:25:00+09:00,0.02982,0.02997,0.02978,0.02995,1599794.0
2025-04-23 02:30:00+09:00,0.02996,0.03005,0.02985,0.03,1610017.0
2025-04-23 02:35:00+09:00,0.02999,0.03024,0.02995,0.0301,2297381.0
2025-04-23 02:40:00+09:00,0.0301,0.03016,0.02999,0.03014,1758115.0
2025-04-23 02:45:00+09:00,0.03015,0.03018,0.03006,0.03015,1476795.0
2025-04-23 02:50:00+09:00,0.03017,0.03018,0.03006,0.03018,418042.0
2025-04-23 02:55:00+09:00,0.03019,0.03027,0.03017,0.03017,1078029.0
2025-04-23 03:00:00+09:00,0.03018,0.03025,0.02999,0.03011,1613793.0
2025-04-23 03:05:00+09:00,0.03012,0.03023,0.03008,0.03016,2154885.0
2025-04-23 03:10:00+09:00,0.03015,0.03015,0.02999,0.03006,996483.0
2025-04-23 03:15:00+09:00,0.03006,0.03014,0.03,0.03005,2111628.0
2025-04-23 03:20:00+09:00,0.03006,0.03017,0.02997,0.03013,1117843.0
2025-04-23 03:25:00+09:00,0.03012,0.03017,0.0301,0.03016,629557.0
2025-04-23 03:30:00+09:00,0.03014,0.03021,0.03012,0.03016,379240.0
2025-04-23 03:35:00+09:00,0.03015,0.03021,0.03009,0.0301,308323.0
2025-04-23 03:40:00+09:00,0.03011,0.03025,0.03009,0.03023,1013702.0
2025-04-23 03:45:00+09:00,0.03023,0.03024,0.03012,0.0302,920029.0
2025-04-23 03:50:00+09:00,0.03019,0.03024,0.03012,0.03016,1009667.0
2025-04-23 03:55:00+09:00,0.03017,0.03023,0.03015,0.03023,1453766.0
2025-04-23 04:00:00+09:00,0.03024,0.03026,0.03014,0.03017,1031156.0
2025-04-23 04:05:00+09:00,0.03016,0.0302,0.03007,0.03011,460198.0
2025-04-23 04:10:00+09:00,0.03011,0.03024,0.0301,0.0302,794164.0
2025-04-23 04:15:00+09:00,0.03019,0.03029,0.03016,0.03018,451349.0
2025-04-23 04:20:00+09:00,0.03017,0.03021,0.03005,0.03019,822395.0
2025-04-23 04:25:00+09:00,0.0302,0.03026,0.03016,0.03018,1170787.0
2025-04-23 04:30:00+09:00,0.03017,0.03021,0.02998,0.02998,1205439.0
2025-04-23 04:35:00+09:00,0.02998,0.03005,0.02986,0.02987,2151323.0
2025-04-23 04:40:00+09:00,0.02987,0.02997,0.0298,0.02992,1539124.0
2025-04-23 04:45:00+09:00,0.02992,0.03004,0.02988,0.03004,449092.0
2025-04-23 04:50:00+09:00,0.03001,0.03004,0.02995,0.03004,365637.0
2025-04-23 04:55:00+09:00,0.03003,0.03014,0.03001,0.03008,659609.0
2025-04-23 05:00:00+09:00,0.03011,0.03014,0.02999,0.03013,615463.0
2025-04-23 05:05:00+09:00,0.03014,0.03023,0.03013,0.03015,748999.0
2025-04-23 05:10:00+09:00,0.03015,0.03032,0.03013,0.03028,1352935.0
2025-04-23 05:15:00+09:00,0.0303,0.0304,0.03023,0.03029,720390.0
2025-04-23 05:20:00+09:00,0.03029,0.03035,0.03026,0.0303,479645.0
2025-04-23 05:25:00+09:00,0.03031,0.03036,0.03026,0.03036,433071.0
2025-04-23 05:30:00+09:00,0.03036,0.03039,0.0302,0.03024,730729.0
2025-04-23 05:35:00+09:00,0.03023,0.03024,0.03017,0.03019,245440.0
2025-04-23 05:40:00+09:00,0.03019,0.03029,0.03018,0.03025,442798.0
2025-04-23 05:45:00+09:00,0.03024,0.03041,0.03023,0.03033,612678.0
2025-04-23 05:50:00+09:00,0.03033,0.03035,0.03028,0.03028,155211.0
2025-04-23 05:55:00+09:00,0.03028,0.0303,0.0302,0.03025,678680.0
2025-04-23 06:00:00+09:00,0.03024,0.03025,0.03019,0.03023,635432.0
2025-04-23 06:05:00+09:00,0.03022,0.03022,0.03003,0.03012,5473828.0
2025-04-23 06:10:00+09:00,0.03012,0.03013,0.02993,0.02998,1026909.0
2025-04-23 06:15:00+09:00,0.02998,0.03017,0.02997,0.03013,1085725.0
2025-04-23 06:20:00+09:00,0.03011,0.03048,0.03011,0.03042,2229609.0
2025-04-23 06:25:00+09:00,0.03041,0.03041,0.03016,0.03023,512469.0
2025-04-23 06:30:00+09:00,0.03024,0.03049,0.03024,0.03038,1224102.0
2025-04-23 06:35:00+09:00,0.03037,0.03055,0.0303,0.03047,1528161.0
2025-04-23 06:40:00+09:00,0.03049,0.03049,0.03027,0.03036,456661.0
2025-04-23 06:45:00+09:00,0.03037,0.03144,0.03037,0.03123,2344381.0
2025-04-23 06:50:00+09:00,0.03126,0.03126,0.0306,0.03113,2835982.0
2025-04-23 06:55:00+09:00,0.03111,0.03119,0.03084,0.03108,2838552.0
2025-04-23 07:00:00+09:00,0.0311,0.03131,0.03105,0.03116,2377692.0
2025-04-23 07:05:00+09:00,0.03117,0.0314,0.03116,0.03135,2035589.0
2025-04-23 07:10:00+09:00,0.03136,0.03168,0.0312,0.03168,3160530.0
2025-04-23 07:15:00+09:00,0.03168,0.03197,0.0316,0.03189,2800534.0
2025-04-23 07:20:00+09:00,0.03188,0.03225,0.03176,0.03221,7955408.0
2025-04-23 07:25:00+09:00,0.03221,0.03229,0.03176,0.03189,3054010.0
2025-04-23 07:30:00+09:00,0.0319,0.03191,0.03165,0.03166,2317587.0
2025-04-23 07:35:00+09:00,0.03166,0.03172,0.03132,0.03132,3133491.0
2025-04-23 07:40:00+09:00,0.03132,0.03175,0.03131,0.03174,1332259.0
2025-04-23 07:45:00+09:00,0.03175,0.03211,0.03168,0.03203,2090842.0
2025-04-23 07:50:00+09:00,0.03202,0.03275,0.03202,0.03261,9840529.0
2025-04-23 07:55:00+09:00,0.0326,0.03286,0.03243,0.03244,7225400.0
2025-04-23 08:00:00+09:00,0.03245,0.03276,0.03243,0.03253,5468712.0
2025-04-23 08:05:00+09:00,0.03254,0.03316,0.03252,0.03308,8087450.0
2025-04-23 08:10:00+09:00,0.03304,0.03355,0.03302,0.03351,4445411.0
2025-04-23 08:15:00+09:00,0.03351,0.03356,0.03296,0.03328,8672781.0
2025-04-23 08:20:00+09:00,0.03328,0.0334,0.033,0.03334,5523317.0
2025-04-23 08:25:00+09:00,0.03334,0.03412,0.03323,0.03403,8569883.0
2025-04-23 08:30:00+09:00,0.03404,0.03416,0.03375,0.03389,7236406.0
2025-04-23 08:35:00+09:00,0.03389,0.03468,0.03379,0.03437,16766426.0
2025-04-23 08:40:00+09:00,0.03436,0.03582,0.03434,0.03508,50470003.0
2025-04-23 08:45:00+09:00,0.03506,0.03575,0.03504,0.03556,11910548.0
2025-04-23 08:50:00+09:00,0.03556,0.0356,0.03503,0.03507,9430107.0
2025-04-23 08:55:00+09:00,0.03508,0.03552,0.03508,0.03536,3861309.0
2025-04-23 09:00:00+09:00,0.03536,0.03537,0.03481,0.03507,12631113.0
2025-04-23 09:05:00+09:00,0.03509,0.03512,0.03432,0.03435,8878833.0
2025-04-23 09:10:00+09:00,0.03438,0.03514,0.03437,0.03509,10156038.0
2025-04-23 09:15:00+09:00,0.03511,0.03574,0.03507,0.03559,5171517.0
2025-04-23 09:20:00+09:00,0.03558,0.03696,0.03552,0.03677,17533796.0
2025-04-23 09:25:00+09:00,0.0368,0.03713,0.03588,0.03602,16969379.0
2025-04-23 09:30:00+09:00,0.03602,0.03642,0.03592,0.03631,6824689.0
2025-04-23 09:35:00+09:00,0.03632,0.03655,0.03481,0.03497,19768168.0
2025-04-23 09:40:00+09:00,0.03497,0.03503,0.03459,0.0347,8660073.0
2025-04-23 09:45:00+09:00,0.03469,0.03484,0.03451,0.03475,5720539.0
2025-04-23 09:50:00+09:00,0.03475,0.03504,0.03445,0.03503,4456914.0
2025-04-23 09:55:00+09:00,0.03503,0.03528,0.03483,0.03528,4818168.0
2025-04-23 10:00:00+09:00,0.03527,0.03536,0.03506,0.03518,3858154.0
2025-04-23 10:05:00+09:00,0.03516,0.03561,0.03513,0.03548,2810592.0
2025-04-23 10:10:00+09:00,0.0355,0.03628,0.0355,0.03584,8500071.0
2025-04-23 10:15:00+09:00,0.03586,0.03619,0.0357,0.03574,6927301.0
2025-04-23 10:20:00+09:00,0.03574,0.03578,0.0354,0.03555,7376092.0
2025-04-23 10:25:00+09:00,0.03554,0.03605,0.03553,0.036,2441148.0
2025-04-23 10:30:00+09:00,0.03599,0.03603,0.03544,0.03544,2459977.0
2025-04-23 10:35:00+09:00,0.03546,0.03574,0.03538,0.03548,3914415.0
2025-04-23 10:40:00+09:00,0.03549,0.03557,0.03523,0.03553,5102173.0
2025-04-23 10:45:00+09:00,0.03555,0.03564,0.03461,0.03468,8377596.0
2025-04-23 10:50:00+09:00,0.03468,0.03476,0.03399,0.03405,14935912.0
2025-04-23 10:55:00+09:00,0.03406,0.03437,0.03404,0.03419,4974120.0
2025-04-23 11:00:00+09:00,0.0342,0.03457,0.0342,0.03457,5605020.0
2025-04-23 11:05:00+09:00,0.03454,0.03491,0.03444,0.03486,5228184.0
2025-04-23 11:10:00+09:00,0.03487,0.03496,0.03473,0.03496,4633734.0
2025-04-23 11:15:00+09:00,0.03496,0.03561,0.03483,0.03557,6661089.0
2025-04-23 11:20:00+09:00,0.03555,0.03663,0.03548,0.03649,10307672.0
2025-04-23 11:25:00+09:00,0.03647,0.03667,0.03583,0.03588,8380022.0
2025-04-23 11:30:00+09:00,0.03589,0.03593,0.03569,0.03582,3503206.0
2025-04-23 11:35:00+09:00,0.03582,0.03638,0.03579,0.03623,4228634.0
2025-04-23 11:40:00+09:00,0.03622,0.03697,0.03618,0.03684,7007643.0
2025-04-23 11:45:00+09:00,0.03682,0.03771,0.03678,0.03744,18347575.0
2025-04-23 11:50:00+09:00,0.03745,0.03757,0.03719,0.03738,9394770.0
2025-04-23 11:55:00+09:00,0.03738,0.03796,0.03732,0.03756,10859549.0
2025-04-23 12:00:00+09:00,0.03758,0.03774,0.03728,0.03768,5464267.0
2025-04-23 12:05:00+09:00,0.0377,0.03905,0.03753,0.03855,24019526.0
2025-04-23 12:10:00+09:00,0.03854,0.03857,0.03757,0.03778,14734551.0
2025-04-23 12:15:00+09:00,0.03779,0.03847,0.03778,0.03821,9157241.0
2025-04-23 12:20:00+09:00,0.03825,0.03876,0.03821,0.03864,10054803.0
2025-04-23 12:25:00+09:00,0.03865,0.03917,0.03865,0.03888,10737202.0
2025-04-23 12:30:00+09:00,0.0389,0.03891,0.03775,0.03826,22766546.0
2025-04-23 12:35:00+09:00,0.03825,0.03825,0.03728,0.03765,21832297.0
2025-04-23 12:40:00+09:00,0.03766,0.03844,0.03751,0.03828,7085075.0
2025-04-23 12:45:00+09:00,0.03827,0.03904,0.03789,0.03904,13817961.0
2025-04-23 12:50:00+09:00,0.03903,0.03912,0.03837,0.0385,13526567.0
2025-04-23 12:55:00+09:00,0.03848,0.0397,0.03841,0.03932,29672481.0
2025-04-23 13:00:00+09:00,0.03931,0.03987,0.03833,0.03841,18623401.0
2025-04-23 13:05:00+09:00,0.03839,0.03925,0.03809,0.03911,14547284.0
2025-04-23 13:10:00+09:00,0.03913,0.03972,0.03863,0.03936,13540228.0
2025-04-23 13:15:00+09:00,0.03937,0.03945,0.03858,0.03879,11759247.0
2025-04-23 13:20:00+09:00,0.03878,0.03928,0.03874,0.03922,12827533.0
2025-04-23 13:25:00+09:00,0.03923,0.03948,0.03716,0.03787,49853927.0
2025-04-23 13:30:00+09:00,0.03789,0.03851,0.03775,0.03823,11509934.0
2025-04-23 13:35:00+09:00,0.03824,0.03881,0.0381,0.03869,6926443.0
2025-04-23 13:40:00+09:00,0.03871,0.03895,0.03851,0.03891,8449778.0
2025-04-23 13:45:00+09:00,0.03889,0.03927,0.03877,0.03888,10777861.0
2025-04-23 13:50:00+09:00,0.03888,0.03927,0.03829,0.03841,10150653.0
2025-04-23 13:55:00+09:00,0.03845,0.03888,0.0383,0.03878,3152571.0
2025-04-23 14:00:00+09:00,0.03876,0.03877,0.0378,0.03782,5494359.0
2025-04-23 14:05:00+09:00,0.03783,0.03807,0.03773,0.03801,6193535.0
2025-04-23 14:10:00+09:00,0.03801,0.03812,0.03754,0.03754,5049863.0
2025-04-23 14:15:00+09:00,0.03754,0.03764,0.03724,0.03747,6971095.0
2025-04-23 14:20:00+09:00,0.03749,0.03775,0.03733,0.0374,2645351.0
2025-04-23 14:25:00+09:00,0.03735,0.03757,0.03728,0.03754,2093984.0
2025-04-23 14:30:00+09:00,0.03756,0.03805,0.03745,0.03779,6205431.0
2025-04-23 14:35:00+09:00,0.03781,0.03824,0.03773,0.03802,4882826.0
2025-04-23 14:40:00+09:00,0.03802,0.0381,0.03763,0.03769,2975932.0
2025-04-23 14:45:00+09:00,0.03767,0.03808,0.03745,0.03762,4831158.0
2025-04-23 14:50:00+09:00,0.03762,0.03762,0.03694,0.03724,9182755.0
2025-04-23 14:55:00+09:00,0.03724,0.0375,0.0371,0.03744,4419702.0
2025-04-23 15:00:00+09:00,0.03742,0.03762,0.03726,0.0375,2985589.0
2025-04-23 15:05:00+09:00,0.03747,0.03799,0.03747,0.03771,3768785.0
2025-04-23 15:10:00+09:00,0.0377,0.03771,0.03711,0.03711,6631261.0
2025-04-23 15:15:00+09:00,0.03713,0.03742,0.03705,0.03727,8462071.0
2025-04-23 15:20:00+09:00,0.03726,0.03761,0.03717,0.0375,3259150.0
2025-04-23 15:25:00+09:00,0.0375,0.03775,0.03725,0.03726,4015165.0
2025-04-23 15:30:00+09:00,0.03727,0.03733,0.03651,0.0367,9114773.0
2025-04-23 15:35:00+09:00,0.0367,0.03693,0.03621,0.03658,11223785.0
2025-04-23 15:40:00+09:00,0.03658,0.0366,0.03543,0.03596,17512488.0
2025-04-23 15:45:00+09:00,0.03598,0.0363,0.03584,0.03616,6387261.0
2025-04-23 15:50:00+09:00,0.03618,0.03643,0.03603,0.03639,3186113.0
2025-04-23 15:55:00+09:00,0.03638,0.03655,0.03621,0.03644,2103075.0
2025-04-23 16:00:00+09:00,0.03646,0.03661,0.03614,0.03633,5981806.0
2025-04-23 16:05:00+09:00,0.03634,0.03646,0.03612,0.03615,3382914.0
2025-04-23 16:10:00+09:00,0.03614,0.03643,0.03598,0.03628,4412465.0
2025-04-23 16:15:00+09:00,0.03629,0.03647,0.03614,0.03647,2322652.0
2025-04-23 16:20:00+09:00,0.03647,0.03647,0.03613,0.03632,2214019.0
2025-04-23 16:25:00+09:00,0.03635,0.03643,0.03618,0.03625,1318311.0
2025-04-23 16:30:00+09:00,0.03625,0.03644,0.03596,0.03635,6530463.0
2025-04-23 16:35:00+09:00,0.03633,0.03639,0.0361,0.03616,2042266.0
2025-04-23 16:40:00+09:00,0.03617,0.03632,0.03582,0.03585,3548730.0
2025-04-23 16:45:00+09:00,0.03586,0.0361,0.03586,0.03603,2672840.0
2025-04-23 16:50:00+09:00,0.03602,0.03617,0.03601,0.03612,947255.0
2025-04-23 16:55:00+09:00,0.03613,0.03659,0.03612,0.03644,4093453.0
2025-04-23 17:00:00+09:00,0.03645,0.03646,0.03623,0.03624,1447066.0
2025-04-23 17:05:00+09:00,0.03625,0.03626,0.03569,0.03579,4347848.0
2025-04-23 17:10:00+09:00,0.03582,0.03642,0.03582,0.03635,2043061.0
2025-04-23 17:15:00+09:00,0.03635,0.03656,0.03622,0.03648,2772196.0
2025-04-23 17:20:00+09:00,0.03649,0.03682,0.03636,0.03655,6763563.0
2025-04-23 17:25:00+09:00,0.03655,0.03671,0.03646,0.03658,2471887.0
2025-04-23 17:30:00+09:00,0.03658,0.03681,0.03639,0.03676,2105545.0
2025-04-23 17:35:00+09:00,0.03677,0.03709,0.03665,0.03701,3868081.0
2025-04-23 17:40:00+09:00,0.03701,0.03712,0.03683,0.03696,2101376.0
2025-04-23 17:45:00+09:00,0.03696,0.03707,0.03683,0.03703,2382406.0
2025-04-23 17:50:00+09:00,0.037,0.03723,0.03689,0.03723,1947980.0
2025-04-23 17:55:00+09:00,0.03722,0.03732,0.03707,0.03709,3617504.0
2025-04-23 18:00:00+09:00,0.03708,0.03718,0.03688,0.03693,3432303.0
2025-04-23 18:05:00+09:00,0.03692,0.03718,0.03672,0.03715,2820248.0
2025-04-23 18:10:00+09:00,0.03715,0.03745,0.0371,0.03739,3589437.0
2025-04-23 18:15:00+09:00,0.03738,0.03802,0.03733,0.03766,8523615.0
2025-04-23 18:20:00+09:00,0.03766,0.03769,0.03747,0.0375,1582381.0
2025-04-23 18:25:00+09:00,0.03752,0.0377,0.03742,0.03758,1849510.0
2025-04-23 18:30:00+09:00,0.03759,0.03775,0.03755,0.03764,2703826.0
2025-04-23 18:35:00+09:00,0.03762,0.03765,0.03739,0.03739,1456436.0
2025-04-23 18:40:00+09:00,0.03739,0.03761,0.03734,0.03748,3788268.0
2025-04-23 18:45:00+09:00,0.03746,0.03771,0.03744,0.03771,1291003.0
2025-04-23 18:50:00+09:00,0.0377,0.03794,0.03769,0.03788,2722313.0
2025-04-23 18:55:00+09:00,0.03788,0.03793,0.03698,0.03705,9085144.0
2025-04-23 19:00:00+09:00,0.03707,0.03738,0.03706,0.03727,5928579.0
2025-04-23 19:05:00+09:00,0.0373,0.03731,0.03642,0.03659,7433978.0
2025-04-23 19:10:00+09:00,0.03661,0.03701,0.03646,0.03678,5738210.0
2025-04-23 19:15:00+09:00,0.0368,0.03743,0.03676,0.03734,3031004.0
2025-04-23 19:20:00+09:00,0.03735,0.03799,0.03734,0.03776,5532674.0
2025-04-23 19:25:00+09:00,0.03777,0.03791,0.03764,0.03788,3316570.0
2025-04-23 19:30:00+09:00,0.03787,0.03839,0.03787,0.03801,6697811.0
2025-04-23 19:35:00+09:00,0.03801,0.03848,0.03787,0.03826,5956708.0
2025-04-23 19:40:00+09:00,0.03826,0.03858,0.03801,0.03856,7239981.0
2025-04-23 19:45:00+09:00,0.03854,0.0387,0.03822,0.03845,4753258.0
2025-04-23 19:50:00+09:00,0.03844,0.0388,0.03844,0.03856,4666552.0
2025-04-23 19:55:00+09:00,0.03855,0.03893,0.03847,0.03874,5903781.0
2025-04-23 20:00:00+09:00,0.03872,0.03877,0.03817,0.03821,3465896.0
2025-04-23 20:05:00+09:00,0.03822,0.03822,0.03774,0.03779,4497455.0
2025-04-23 20:10:00+09:00,0.0378,0.03804,0.03755,0.038,4161903.0
2025-04-23 20:15:00+09:00,0.03799,0.03812,0.03775,0.03777,3675425.0
2025-04-23 20:20:00+09:00,0.03779,0.03781,0.03754,0.0376,2125190.0
2025-04-23 20:25:00+09:00,0.03759,0.03795,0.03738,0.03793,4598765.0
2025-04-23 20:30:00+09:00,0.03792,0.03972,0.03779,0.03972,20946321.0
2025-04-23 20:35:00+09:00,0.03973,0.03989,0.03912,0.03976,29240190.0
2025-04-23 20:40:00+09:00,0.03975,0.04031,0.03861,0.03885,33919306.0
2025-04-23 20:45:00+09:00,0.03887,0.03896,0.03743,0.03817,26548902.0
2025-04-23 20:50:00+09:00,0.03817,0.0386,0.03784,0.03805,17270157.0
2025-04-23 20:55:00+09:00,0.03805,0.03835,0.03763,0.03789,8753806.0
2025-04-23 21:00:00+09:00,0.03791,0.03843,0.03788,0.0384,6011041.0
2025-04-23 21:05:00+09:00,0.03837,0.03885,0.03837,0.03885,5630745.0
2025-04-23 21:10:00+09:00,0.03885,0.03928,0.03877,0.03913,8103549.0
2025-04-23 21:15:00+09:00,0.03914,0.03923,0.03878,0.03901,5472353.0
2025-04-23 21:20:00+09:00,0.039,0.03917,0.03807,0.03813,4064355.0
2025-04-23 21:25:00+09:00,0.03816,0.03852,0.03807,0.0381,7378758.0
2025-04-23 21:30:00+09:00,0.0381,0.03841,0.03795,0.03834,4149899.0
2025-04-23 21:35:00+09:00,0.03834,0.03877,0.03834,0.03842,5197925.0
2025-04-23 21:40:00+09:00,0.03843,0.03872,0.03818,0.03835,4727493.0
2025-04-23 21:45:00+09:00,0.03835,0.03905,0.03831,0.03878,5558073.0
2025-04-23 21:50:00+09:00,0.03879,0.03922,0.03875,0.03893,6335774.0
2025-04-23 21:55:00+09:00,0.03892,0.03906,0.03865,0.03873,4223652.0
2025-04-23 22:00:00+09:00,0.03872,0.03886,0.03831,0.03848,3829046.0
2025-04-23 22:05:00+09:00,0.03849,0.03953,0.0384,0.03949,7907969.0
2025-04-23 22:10:00+09:00,0.03947,0.03977,0.03924,0.03927,8131237.0
2025-04-23 22:15:00+09:00,0.03926,0.04014,0.03925,0.03993,11648691.0
2025-04-23 22:20:00+09:00,0.03992,0.04008,0.03936,0.03954,9680829.0
2025-04-23 22:25:00+09:00,0.03952,0.03961,0.03877,0.03937,9904722.0
2025-04-23 22:30:00+09:00,0.0394,0.0397,0.03916,0.03921,4023237.0
2025-04-23 22:35:00+09:00,0.03922,0.0397,0.03801,0.0387,22273049.0
2025-04-23 22:40:00+09:00,0.03869,0.03929,0.03864,0.0387,7786195.0
2025-04-23 22:45:00+09:00,0.03872,0.03977,0.03872,0.03959,7709603.0
2025-04-23 22:50:00+09:00,0.03959,0.04066,0.03945,0.03956,19751573.0
2025-04-23 22:55:00+09:00,0.03956,0.03961,0.03862,0.03868,11110024.0
2025-04-23 23:00:00+09:00,0.03869,0.04176,0.03869,0.04169,20402047.0
2025-04-23 23:05:00+09:00,0.04164,0.04397,0.04122,0.04333,96018558.0
2025-04-23 23:10:00+09:00,0.04329,0.04514,0.04281,0.04459,42043886.0
2025-04-23 23:15:00+09:00,0.04458,0.04498,0.04146,0.04191,53021753.0
2025-04-23 23:20:00+09:00,0.04191,0.04317,0.04134,0.04293,29736330.0
2025-04-23 23:25:00+09:00,0.04292,0.04373,0.04291,0.04363,24810062.0
2025-04-23 23:30:00+09:00,0.04365,0.04397,0.04218,0.04296,29489020.0
2025-04-23 23:35:00+09:00,0.04299,0.0431,0.04129,0.0419,37506252.0
2025-04-23 23:40:00+09:00,0.04189,0.04249,0.04156,0.04232,9203217.0
2025-04-23 23:45:00+09:00,0.04236,0.04238,0.04052,0.04089,24880333.0
2025-04-23 23:50:00+09:00,0.04091,0.04102,0.03893,0.03944,38042136.0
2025-04-23 23:55:00+09:00,0.03944,0.04019,0.03908,0.03916,18104915.0
2025-04-24 00:00:00+09:00,0.03919,0.03994,0.03809,0.03921,25580676.0
2025-04-24 00:05:00+09:00,0.03917,0.03924,0.03697,0.03704,31382998.0
2025-04-24 00:10:00+09:00,0.03709,0.03732,0.03633,0.03637,22436648.0
2025-04-24 00:15:00+09:00,0.03637,0.03684,0.03574,0.03593,28374666.0
2025-04-24 00:20:00+09:00,0.03593,0.03659,0.03573,0.03613,18774406.0
2025-04-24 00:25:00+09:00,0.03613,0.03619,0.03522,0.03573,12694301.0
2025-04-24 00:30:00+09:00,0.0357,0.03664,0.03541,0.03629,14620580.0
2025-04-24 00:35:00+09:00,0.03627,0.03709,0.03605,0.03681,16923604.0
2025-04-24 00:40:00+09:00,0.03681,0.03695,0.03636,0.03682,12643319.0
2025-04-24 00:45:00+09:00,0.03681,0.03695,0.03628,0.03633,8633653.0
2025-04-24 00:50:00+09:00,0.03635,0.03787,0.03601,0.03778,17726580.0
2025-04-24 00:55:00+09:00,0.03778,0.03823,0.03762,0.03788,15561763.0
2025-04-24 01:00:00+09:00,0.03784,0.03796,0.03644,0.03677,25193472.0
2025-04-24 01:05:00+09:00,0.03676,0.0374,0.03666,0.03712,12377358.0
2025-04-24 01:10:00+09:00,0.03713,0.03738,0.03686,0.03691,7168888.0
2025-04-24 01:15:00+09:00,0.03692,0.03715,0.03586,0.03606,19491446.0
2025-04-24 01:20:00+09:00,0.03606,0.0362,0.03542,0.03559,18336787.0
2025-04-24 01:25:00+09:00,0.0356,0.03667,0.03559,0.03664,11716460.0
2025-04-24 01:30:00+09:00,0.03663,0.03669,0.0362,0.03637,6041763.0
2025-04-24 01:35:00+09:00,0.03638,0.0378,0.03638,0.03775,14856437.0
2025-04-24 01:40:00+09:00,0.03775,0.03781,0.0372,0.03739,8366704.0
2025-04-24 01:45:00+09:00,0.03738,0.03793,0.03712,0.03777,10634219.0
2025-04-24 01:50:00+09:00,0.03773,0.03912,0.03755,0.03892,17616748.0
2025-04-24 01:55:00+09:00,0.03886,0.04002,0.03837,0.0384,21537175.0
2025-04-24 02:00:00+09:00,0.03836,0.03868,0.0381,0.03848,10104980.0
2025-04-24 02:05:00+09:00,0.03849,0.03931,0.03839,0.03926,8381532.0
2025-04-24 02:10:00+09:00,0.03924,0.03942,0.03885,0.03901,5731064.0
2025-04-24 02:15:00+09:00,0.03901,0.03921,0.03856,0.03918,4390349.0
2025-04-24 02:20:00+09:00,0.03916,0.03992,0.03906,0.03964,10002277.0
2025-04-24 02:25:00+09:00,0.03962,0.04027,0.03906,0.0399,18273538.0
2025-04-24 02:30:00+09:00,0.03992,0.03993,0.0391,0.03912,10584686.0
2025-04-24 02:35:00+09:00,0.03911,0.03958,0.03911,0.03954,6381025.0
2025-04-24 02:40:00+09:00,0.03952,0.03956,0.03709,0.03785,48346990.0
2025-04-24 02:45:00+09:00,0.03783,0.03803,0.03723,0.03737,11407385.0
2025-04-24 02:50:00+09:00,0.03737,0.0378,0.03737,0.03753,5838936.0
2025-04-24 02:55:00+09:00,0.03755,0.03793,0.03753,0.03773,4306272.0
2025-04-24 03:00:00+09:00,0.03774,0.03807,0.03764,0.03777,3626603.0
2025-04-24 03:05:00+09:00,0.03776,0.03801,0.03758,0.03772,5683546.0
2025-04-24 03:10:00+09:00,0.03772,0.03817,0.03762,0.03774,3608175.0
2025-04-24 03:15:00+09:00,0.03772,0.03784,0.03749,0.03774,4325819.0
2025-04-24 03:20:00+09:00,0.03773,0.0383,0.03772,0.03821,5580550.0
2025-04-24 03:25:00+09:00,0.03821,0.03821,0.03767,0.03776,2983934.0
2025-04-24 03:30:00+09:00,0.03777,0.03779,0.03744,0.03754,4331176.0
2025-04-24 03:35:00+09:00,0.03755,0.0376,0.03692,0.03722,8646524.0
2025-04-24 03:40:00+09:00,0.03722,0.0374,0.03712,0.03726,2893399.0
2025-04-24 03:45:00+09:00,0.03727,0.03797,0.03724,0.03784,5630897.0
2025-04-24 03:50:00+09:00,0.03784,0.03789,0.03745,0.03752,3211448.0
2025-04-24 03:55:00+09:00,0.03751,0.03755,0.03691,0.03707,5904602.0
2025-04-24 04:00:00+09:00,0.03708,0.03719,0.03683,0.03691,6081142.0
2025-04-24 04:05:00+09:00,0.03692,0.0374,0.03692,0.03733,4864096.0
2025-04-24 04:10:00+09:00,0.03734,0.0375,0.03701,0.03701,2989653.0
2025-04-24 04:15:00+09:00,0.03702,0.0373,0.03699,0.03709,2112709.0
2025-04-24 04:20:00+09:00,0.0371,0.03731,0.03706,0.03721,2062240.0
2025-04-24 04:25:00+09:00,0.03719,0.03724,0.03685,0.03695,4183078.0
2025-04-24 04:30:00+09:00,0.03697,0.03737,0.03688,0.03724,2806286.0
2025-04-24 04:35:00+09:00,0.03723,0.03723,0.03694,0.03703,3119488.0
2025-04-24 04:40:00+09:00,0.03702,0.03725,0.03694,0.03712,1794827.0
2025-04-24 04:45:00+09:00,0.03713,0.03713,0.03658,0.03665,4170028.0
2025-04-24 04:50:00+09:00,0.03666,0.0368,0.03632,0.03673,3933472.0
2025-04-24 04:55:00+09:00,0.03674,0.0368,0.03661,0.03674,1650462.0
2025-04-24 05:00:00+09:00,0.03671,0.03719,0.03668,0.03684,3309144.0
2025-04-24 05:05:00+09:00,0.03684,0.03691,0.03666,0.0367,2917693.0
2025-04-24 05:10:00+09:00,0.0367,0.03695,0.03667,0.03675,1037396.0
2025-04-24 05:15:00+09:00,0.03676,0.03701,0.03665,0.03698,1340698.0
2025-04-24 05:20:00+09:00,0.03697,0.03721,0.03692,0.03707,1706387.0
2025-04-24 05:25:00+09:00,0.0371,0.03744,0.03706,0.03728,2012974.0
2025-04-24 05:30:00+09:00,0.03727,0.03767,0.03721,0.03725,4151585.0
2025-04-24 05:35:00+09:00,0.03723,0.03728,0.03684,0.03684,4382962.0
2025-04-24 05:40:00+09:00,0.03683,0.037,0.0368,0.03688,1392188.0
2025-04-24 05:45:00+09:00,0.03687,0.037,0.03666,0.03681,3065156.0
2025-04-24 05:50:00+09:00,0.03681,0.03696,0.03671,0.03692,963536.0
2025-04-24 05:55:00+09:00,0.03691,0.03705,0.03682,0.03698,1336873.0
2025-04-24 06:00:00+09:00,0.03697,0.03714,0.03681,0.03688,2152132.0
2025-04-24 06:05:00+09:00,0.03687,0.03707,0.03658,0.03667,3722131.0
2025-04-24 06:10:00+09:00,0.03665,0.03679,0.03655,0.03661,1752869.0
2025-04-24 06:15:00+09:00,0.03662,0.0369,0.03648,0.03689,1353016.0
2025-04-24 06:20:00+09:00,0.03689,0.03722,0.03681,0.03707,2344842.0
2025-04-24 06:25:00+09:00,0.03708,0.03714,0.03695,0.03709,1146113.0
2025-04-24 06:30:00+09:00,0.03709,0.03721,0.03686,0.03688,1242349.0
2025-04-24 06:35:00+09:00,0.03688,0.03689,0.03656,0.03679,2542891.0
2025-04-24 06:40:00+09:00,0.03679,0.03681,0.03651,0.03663,1787537.0
2025-04-24 06:45:00+09:00,0.03663,0.03679,0.0364,0.03673,4060728.0
2025-04-24 06:50:00+09:00,0.03671,0.03743,0.03671,0.03736,3075782.0
2025-04-24 06:55:00+09:00,0.03736,0.03739,0.03705,0.03716,1939517.0
2025-04-24 07:00:00+09:00,0.03716,0.0376,0.03716,0.03729,3220356.0
2025-04-24 07:05:00+09:00,0.03729,0.03788,0.03725,0.03784,2387721.0
2025-04-24 07:10:00+09:00,0.03785,0.03787,0.03737,0.03738,2701312.0
2025-04-24 07:15:00+09:00,0.03739,0.03763,0.03725,0.03751,2156966.0
2025-04-24 07:20:00+09:00,0.03751,0.03752,0.03689,0.03714,4008839.0
2025-04-24 07:25:00+09:00,0.03715,0.0375,0.03715,0.03733,1760445.0
2025-04-24 07:30:00+09:00,0.03732,0.03763,0.03725,0.03763,1764513.0
2025-04-24 07:35:00+09:00,0.03763,0.03802,0.03758,0.03799,1166432.0
2025-04-24 07:40:00+09:00,0.03799,0.03827,0.03791,0.03812,2430582.0
2025-04-24 07:45:00+09:00,0.03814,0.03845,0.03806,0.03825,2551537.0
2025-04-24 07:50:00+09:00,0.03825,0.03856,0.03818,0.03837,2507689.0
2025-04-24 07:55:00+09:00,0.03837,0.03846,0.03815,0.03822,6002077.0
2025-04-24 08:00:00+09:00,0.03821,0.03848,0.03813,0.03842,3249929.0
2025-04-24 08:05:00+09:00,0.03841,0.03898,0.03839,0.03893,3580791.0
2025-04-24 08:10:00+09:00,0.03893,0.0394,0.03889,0.03929,6577694.0
2025-04-24 08:15:00+09:00,0.03929,0.0395,0.03907,0.03946,6662988.0
2025-04-24 08:20:00+09:00,0.03946,0.03965,0.03926,0.03946,5626442.0
2025-04-24 08:25:00+09:00,0.03947,0.03969,0.03885,0.03888,10992372.0
2025-04-24 08:30:00+09:00,0.03888,0.03928,0.03869,0.03928,4218503.0
2025-04-24 08:35:00+09:00,0.03929,0.03939,0.03905,0.03923,6385338.0
2025-04-24 08:40:00+09:00,0.03923,0.03952,0.03923,0.03946,2550692.0
2025-04-24 08:45:00+09:00,0.03944,0.03972,0.03944,0.03955,3706256.0
2025-04-24 08:50:00+09:00,0.03954,0.03955,0.03894,0.03953,4315588.0
2025-04-24 08:55:00+09:00,0.03955,0.03982,0.03942,0.03951,5968842.0
2025-04-24 09:00:00+09:00,0.03954,0.03995,0.03916,0.03983,9691132.0
2025-04-24 09:05:00+09:00,0.03982,0.03985,0.03916,0.03943,11136210.0
2025-04-24 09:10:00+09:00,0.03942,0.03987,0.03932,0.03944,7286048.0
2025-04-24 09:15:00+09:00,0.03944,0.03957,0.0386,0.03894,14200193.0
2025-04-24 09:20:00+09:00,0.03894,0.03916,0.03804,0.03804,11916416.0
2025-04-24 09:25:00+09:00,0.03806,0.03839,0.03797,0.03813,7751386.0
2025-04-24 09:30:00+09:00,0.03815,0.03819,0.0376,0.03816,6171136.0
2025-04-24 09:35:00+09:00,0.03815,0.03888,0.03815,0.03859,7509993.0
2025-04-24 09:40:00+09:00,0.03858,0.03873,0.03829,0.03851,5424920.0
2025-04-24 09:45:00+09:00,0.03852,0.03853,0.03764,0.03774,3927080.0
2025-04-24 09:50:00+09:00,0.03772,0.03777,0.03724,0.03759,5540988.0
2025-04-24 09:55:00+09:00,0.03761,0.03787,0.03758,0.03768,3702447.0
2025-04-24 10:00:00+09:00,0.03768,0.03795,0.03731,0.03741,5687655.0
2025-04-24 10:05:00+09:00,0.03741,0.038,0.03736,0.03779,3791567.0
2025-04-24 10:10:00+09:00,0.03779,0.03792,0.03738,0.03778,6045267.0
2025-04-24 10:15:00+09:00,0.03779,0.03787,0.03744,0.0375,4702197.0
2025-04-24 10:20:00+09:00,0.03747,0.03756,0.03696,0.03723,6041133.0
2025-04-24 10:25:00+09:00,0.03723,0.03802,0.03716,0.03796,3504238.0
2025-04-24 10:30:00+09:00,0.03796,0.03798,0.03744,0.0378,5058759.0
2025-04-24 10:35:00+09:00,0.03779,0.03811,0.03765,0.03807,3708248.0
2025-04-24 10:40:00+09:00,0.03808,0.03824,0.03753,0.03768,5314748.0
2025-04-24 10:45:00+09:00,0.03767,0.03768,0.0373,0.03749,2939310.0
2025-04-24 10:50:00+09:00,0.03746,0.03762,0.03727,0.03735,3044097.0
2025-04-24 10:55:00+09:00,0.03735,0.03761,0.03726,0.0375,3258998.0
2025-04-24 11:00:00+09:00,0.03748,0.03771,0.03738,0.0377,1617466.0
2025-04-24 11:05:00+09:00,0.03769,0.03788,0.03742,0.0376,2850061.0
2025-04-24 11:10:00+09:00,0.03759,0.03812,0.03756,0.03785,3293439.0
2025-04-24 11:15:00+09:00,0.03784,0.038,0.03765,0.03777,3072477.0
2025-04-24 11:20:00+09:00,0.03775,0.03789,0.0375,0.03782,1026949.0
2025-04-24 11:25:00+09:00,0.03783,0.03788,0.03766,0.03776,1071734.0
2025-04-24 11:30:00+09:00,0.03775,0.03778,0.03758,0.03771,1383000.0
2025-04-24 11:35:00+09:00,0.0377,0.03772,0.0375,0.03754,1233439.0
2025-04-24 11:40:00+09:00,0.03754,0.03754,0.03681,0.03682,6913459.0
2025-04-24 11:45:00+09:00,0.0368,0.03695,0.03641,0.03656,7933676.0
2025-04-24 11:50:00+09:00,0.03659,0.0372,0.03659,0.03715,4107743.0
2025-04-24 11:55:00+09:00,0.03716,0.03721,0.03688,0.03694,2258497.0
2025-04-24 12:00:00+09:00,0.03694,0.03709,0.03644,0.03673,3213242.0
2025-04-24 12:05:00+09:00,0.03675,0.03704,0.03671,0.0369,3108653.0
2025-04-24 12:10:00+09:00,0.03689,0.03694,0.03673,0.03676,1341364.0
2025-04-24 12:15:00+09:00,0.03679,0.03689,0.03655,0.03673,2015010.0
2025-04-24 12:20:00+09:00,0.03674,0.03694,0.03666,0.03682,1301798.0
2025-04-24 12:25:00+09:00,0.0368,0.03691,0.03668,0.03685,3181614.0
2025-04-24 12:30:00+09:00,0.03686,0.03687,0.03539,0.03544,12620274.0
2025-04-24 12:35:00+09:00,0.03544,0.03584,0.03544,0.03568,5873696.0
2025-04-24 12:40:00+09:00,0.03568,0.03576,0.03552,0.03568,3652611.0
2025-04-24 12:45:00+09:00,0.03568,0.03586,0.03552,0.03568,4766961.0
2025-04-24 12:50:00+09:00,0.03569,0.03609,0.03568,0.03601,4271054.0
2025-04-24 12:55:00+09:00,0.03602,0.03603,0.0356,0.03564,2478655.0
2025-04-24 13:00:00+09:00,0.03563,0.03574,0.03531,0.03554,11850201.0
2025-04-24 13:05:00+09:00,0.03556,0.03583,0.0355,0.03566,6171346.0
2025-04-24 13:10:00+09:00,0.03567,0.03597,0.03558,0.03576,4173644.0
2025-04-24 13:15:00+09:00,0.03576,0.03578,0.03527,0.03573,5241683.0
2025-04-24 13:20:00+09:00,0.03571,0.03624,0.03567,0.03589,6443961.0
2025-04-24 13:25:00+09:00,0.03589,0.03589,0.03555,0.03556,2118438.0
2025-04-24 13:30:00+09:00,0.03558,0.03563,0.0354,0.03544,3147534.0
2025-04-24 13:35:00+09:00,0.03543,0.03543,0.03489,0.03513,6717820.0
2025-04-24 13:40:00+09:00,0.03515,0.03541,0.03506,0.03534,4693158.0
2025-04-24 13:45:00+09:00,0.03534,0.03568,0.03529,0.03557,3158524.0
2025-04-24 13:50:00+09:00,0.03557,0.03566,0.03548,0.03558,1339148.0
2025-04-24 13:55:00+09:00,0.03557,0.03582,0.03556,0.03574,3621558.0
2025-04-24 14:00:00+09:00,0.03575,0.03582,0.0355,0.03571,2353257.0
2025-04-24 14:05:00+09:00,0.0357,0.03604,0.03565,0.03599,3832560.0
2025-04-24 14:10:00+09:00,0.03599,0.03662,0.03599,0.03649,5110712.0
2025-04-24 14:15:00+09:00,0.0365,0.03652,0.03633,0.0365,3675563.0
2025-04-24 14:20:00+09:00,0.03651,0.03654,0.03631,0.03638,3668950.0
2025-04-24 14:25:00+09:00,0.03638,0.03701,0.03638,0.03689,4620691.0
2025-04-24 14:30:00+09:00,0.03689,0.03711,0.03663,0.0367,3772036.0
2025-04-24 14:35:00+09:00,0.0367,0.03677,0.0365,0.03673,2681108.0
2025-04-24 14:40:00+09:00,0.03673,0.03681,0.03663,0.0367,1110210.0
2025-04-24 14:45:00+09:00,0.03669,0.03688,0.03664,0.03683,973795.0
2025-04-24 14:50:00+09:00,0.03684,0.03719,0.0368,0.03709,3345409.0
2025-04-24 14:55:00+09:00,0.0371,0.03737,0.03688,0.03722,6613802.0
2025-04-24 15:00:00+09:00,0.03721,0.03741,0.03692,0.03736,5472734.0
2025-04-24 15:05:00+09:00,0.03737,0.03754,0.03721,0.03738,2450190.0
2025-04-24 15:10:00+09:00,0.03739,0.03755,0.03714,0.03721,2567225.0
2025-04-24 15:15:00+09:00,0.03723,0.03724,0.03669,0.03687,3589747.0
2025-04-24 15:20:00+09:00,0.03689,0.03721,0.03678,0.03713,3072900.0
2025-04-24 15:25:00+09:00,0.03712,0.03717,0.03684,0.03692,2080668.0
2025-04-24 15:30:00+09:00,0.03691,0.03692,0.03671,0.03681,1591772.0
2025-04-24 15:35:00+09:00,0.03682,0.03709,0.03679,0.03696,1643983.0
2025-04-24 15:40:00+09:00,0.03696,0.0371,0.0367,0.03681,2502055.0
2025-04-24 15:45:00+09:00,0.0368,0.03687,0.03667,0.03679,2245663.0
2025-04-24 15:50:00+09:00,0.0368,0.03684,0.03663,0.03672,2012088.0
2025-04-24 15:55:00+09:00,0.03673,0.03682,0.03654,0.03671,1877941.0
2025-04-24 16:00:00+09:00,0.0367,0.03677,0.03613,0.03645,11159050.0
2025-04-24 16:05:00+09:00,0.03646,0.03662,0.03634,0.0365,3226137.0
2025-04-24 16:10:00+09:00,0.03652,0.03665,0.03644,0.03663,4250501.0
2025-04-24 16:15:00+09:00,0.03662,0.03662,0.03631,0.03641,1535221.0
2025-04-24 16:20:00+09:00,0.03641,0.03641,0.0362,0.03625,1828601.0
2025-04-24 16:25:00+09:00,0.03624,0.03624,0.03604,0.03614,2530572.0
2025-04-24 16:30:00+09:00,0.03615,0.03619,0.03585,0.03607,4592609.0
2025-04-24 16:35:00+09:00,0.03608,0.03613,0.03576,0.03581,2580350.0
2025-04-24 16:40:00+09:00,0.0358,0.03588,0.03546,0.03558,2532970.0
2025-04-24 16:45:00+09:00,0.03558,0.03558,0.03505,0.0353,4545425.0
2025-04-24 16:50:00+09:00,0.0353,0.03533,0.03513,0.03523,1784603.0
2025-04-24 16:55:00+09:00,0.03522,0.03534,0.03406,0.03488,28399598.0
2025-04-24 17:00:00+09:00,0.03489,0.03528,0.03484,0.03528,6866211.0
2025-04-24 17:05:00+09:00,0.03526,0.03535,0.03502,0.03509,2934608.0
2025-04-24 17:10:00+09:00,0.03508,0.03528,0.035,0.03505,2728794.0
2025-04-24 17:15:00+09:00,0.03504,0.03562,0.03495,0.03512,7307099.0
2025-04-24 17:20:00+09:00,0.03511,0.03535,0.03508,0.03526,2389012.0
2025-04-24 17:25:00+09:00,0.03525,0.03554,0.03511,0.03516,2475737.0
2025-04-24 17:30:00+09:00,0.03518,0.03525,0.03496,0.03499,4604239.0
2025-04-24 17:35:00+09:00,0.035,0.0353,0.03473,0.03507,5488347.0
2025-04-24 17:40:00+09:00,0.03506,0.03508,0.03477,0.03483,2186214.0
2025-04-24 17:45:00+09:00,0.03482,0.03517,0.03476,0.03503,3954635.0
2025-04-24 17:50:00+09:00,0.03504,0.03531,0.0349,0.03511,1214398.0
2025-04-24 17:55:00+09:00,0.03512,0.03529,0.03509,0.03511,853885.0
2025-04-24 18:00:00+09:00,0.03513,0.03538,0.03505,0.03531,1818228.0
2025-04-24 18:05:00+09:00,0.03531,0.03531,0.03506,0.03515,2722215.0
2025-04-24 18:10:00+09:00,0.03515,0.03526,0.03512,0.03523,738219.0
2025-04-24 18:15:00+09:00,0.03522,0.03542,0.03519,0.03527,1083963.0
2025-04-24 18:20:00+09:00,0.03528,0.0354,0.03513,0.03537,1467269.0
2025-04-24 18:25:00+09:00,0.03537,0.03539,0.035,0.03504,2215289.0
2025-04-24 18:30:00+09:00,0.03504,0.03539,0.03502,0.03535,3267827.0
2025-04-24 18:35:00+09:00,0.03537,0.03562,0.03531,0.03555,3943355.0
2025-04-24 18:40:00+09:00,0.03554,0.03583,0.03546,0.03578,3925415.0
2025-04-24 18:45:00+09:00,0.03579,0.03581,0.03528,0.03529,3454153.0
2025-04-24 18:50:00+09:00,0.03529,0.03539,0.03522,0.03527,2183308.0
2025-04-24 18:55:00+09:00,0.03526,0.03545,0.03524,0.0354,1890869.0
2025-04-24 19:00:00+09:00,0.0354,0.03546,0.03515,0.03524,3294950.0
2025-04-24 19:05:00+09:00,0.03523,0.03526,0.03512,0.03515,1777390.0
2025-04-24 19:10:00+09:00,0.03515,0.03536,0.03513,0.0353,1623169.0
2025-04-24 19:15:00+09:00,0.03529,0.03568,0.03529,0.03563,3317911.0
2025-04-24 19:20:00+09:00,0.03563,0.03579,0.03555,0.03579,1444337.0
2025-04-24 19:25:00+09:00,0.0358,0.03582,0.03563,0.03567,1992450.0
2025-04-24 19:30:00+09:00,0.03567,0.03577,0.03544,0.03551,2512329.0
2025-04-24 19:35:00+09:00,0.03548,0.03568,0.03538,0.03557,1529562.0
2025-04-24 19:40:00+09:00,0.03558,0.0357,0.03548,0.03561,1446224.0
2025-04-24 19:45:00+09:00,0.03561,0.03562,0.03523,0.0353,1896869.0
2025-04-24 19:50:00+09:00,0.03529,0.03554,0.03528,0.03552,615969.0
2025-04-24 19:55:00+09:00,0.03552,0.03561,0.03552,0.03555,513378.0
2025-04-24 20:00:00+09:00,0.03553,0.03554,0.03536,0.03548,1072517.0
2025-04-24 20:05:00+09:00,0.03547,0.03547,0.03507,0.03532,5450539.0
2025-04-24 20:10:00+09:00,0.03532,0.03545,0.03532,0.03539,1256822.0
2025-04-24 20:15:00+09:00,0.03539,0.03546,0.03531,0.03541,735603.0
2025-04-24 20:20:00+09:00,0.0354,0.03552,0.03535,0.03545,739343.0
2025-04-24 20:25:00+09:00,0.03545,0.03559,0.03545,0.03554,1346633.0
2025-04-24 20:30:00+09:00,0.03553,0.03553,0.03539,0.03547,873167.0
2025-04-24 20:35:00+09:00,0.03548,0.03578,0.03543,0.03552,3458739.0
2025-04-24 20:40:00+09:00,0.03551,0.03561,0.03544,0.0355,2247743.0
2025-04-24 20:45:00+09:00,0.03551,0.03556,0.03537,0.03542,1179205.0
2025-04-24 20:50:00+09:00,0.03543,0.03553,0.03538,0.0355,1198203.0
2025-04-24 20:55:00+09:00,0.03551,0.03559,0.03547,0.03553,1383725.0
2025-04-24 21:00:00+09:00,0.03551,0.03566,0.03547,0.03566,1393052.0
2025-04-24 21:05:00+09:00,0.03565,0.03565,0.03528,0.03532,2225693.0
2025-04-24 21:10:00+09:00,0.03532,0.03551,0.0353,0.03545,1087287.0
2025-04-24 21:15:00+09:00,0.03545,0.03559,0.03542,0.03553,1167393.0
2025-04-24 21:20:00+09:00,0.03554,0.03562,0.03525,0.03528,4038889.0
2025-04-24 21:25:00+09:00,0.03526,0.03539,0.03519,0.03533,3033840.0
2025-04-24 21:30:00+09:00,0.03535,0.03546,0.03525,0.03545,922788.0
2025-04-24 21:35:00+09:00,0.03546,0.03557,0.03535,0.03535,1536628.0
2025-04-24 21:40:00+09:00,0.03534,0.03546,0.03529,0.03538,913869.0
2025-04-24 21:45:00+09:00,0.03539,0.03541,0.0352,0.03522,1101524.0
2025-04-24 21:50:00+09:00,0.03522,0.03527,0.03513,0.03525,1364870.0
2025-04-24 21:55:00+09:00,0.03526,0.03527,0.03509,0.03512,1936125.0
2025-04-24 22:00:00+09:00,0.03513,0.03524,0.0349,0.03497,2360575.0
2025-04-24 22:05:00+09:00,0.03498,0.03515,0.03475,0.03506,5976953.0
2025-04-24 22:10:00+09:00,0.03507,0.03531,0.03503,0.03515,2785061.0
2025-04-24 22:15:00+09:00,0.03516,0.03518,0.03504,0.03511,1050861.0
2025-04-24 22:20:00+09:00,0.03511,0.03523,0.03508,0.03523,721738.0
2025-04-24 22:25:00+09:00,0.03524,0.03524,0.03495,0.03498,1437607.0
2025-04-24 22:30:00+09:00,0.03497,0.03543,0.03495,0.03534,5666141.0
2025-04-24 22:35:00+09:00,0.03535,0.03539,0.0352,0.03531,1445132.0
2025-04-24 22:40:00+09:00,0.03532,0.03538,0.03511,0.03527,2213257.0
2025-04-24 22:45:00+09:00,0.03525,0.03526,0.03488,0.03499,1971989.0
2025-04-24 22:50:00+09:00,0.03499,0.03508,0.03486,0.03492,1221588.0
2025-04-24 22:55:00+09:00,0.03493,0.03493,0.03464,0.03485,3391036.0
2025-04-24 23:00:00+09:00,0.03482,0.03562,0.0348,0.03544,4992584.0
2025-04-24 23:05:00+09:00,0.03545,0.03584,0.03537,0.03584,2538145.0
2025-04-24 23:10:00+09:00,0.03581,0.03583,0.03508,0.03523,3982064.0
2025-04-24 23:15:00+09:00,0.03523,0.03537,0.03508,0.03508,3108708.0
2025-04-24 23:20:00+09:00,0.03507,0.03512,0.03482,0.03499,2618236.0
2025-04-24 23:25:00+09:00,0.035,0.03524,0.03469,0.03522,3670090.0
2025-04-24 23:30:00+09:00,0.03523,0.03612,0.03518,0.03572,21086170.0
2025-04-24 23:35:00+09:00,0.03573,0.03596,0.03571,0.03585,6030523.0
2025-04-24 23:40:00+09:00,0.03587,0.03622,0.03587,0.03604,3149146.0
2025-04-24 23:45:00+09:00,0.03604,0.0361,0.0358,0.0361,2610609.0
2025-04-24 23:50:00+09:00,0.0361,0.03642,0.03606,0.03621,6001214.0
2025-04-24 23:55:00+09:00,0.03622,0.03622,0.03572,0.03582,5967721.0
2025-04-25 00:00:00+09:00,0.03581,0.03583,0.0353,0.0355,5075486.0
2025-04-25 00:05:00+09:00,0.03552,0.03611,0.0355,0.036,3499978.0
2025-04-25 00:10:00+09:00,0.03601,0.03645,0.03599,0.03623,4018400.0
2025-04-25 00:15:00+09:00,0.03624,0.03661,0.03622,0.03635,6698749.0
2025-04-25 00:20:00+09:00,0.03635,0.03649,0.03619,0.03633,2219363.0
2025-04-25 00:25:00+09:00,0.03633,0.03635,0.03612,0.03615,2108511.0
2025-04-25 00:30:00+09:00,0.03615,0.03647,0.0359,0.03644,5327267.0
2025-04-25 00:35:00+09:00,0.03644,0.03672,0.0364,0.03658,6308810.0
2025-04-25 00:40:00+09:00,0.03656,0.03673,0.03645,0.03659,4533370.0
2025-04-25 00:45:00+09:00,0.03658,0.03664,0.03629,0.03636,2056910.0
2025-04-25 00:50:00+09:00,0.03636,0.03638,0.03607,0.03633,1584032.0
2025-04-25 00:55:00+09:00,0.03633,0.03636,0.03609,0.03615,1119139.0
2025-04-25 01:00:00+09:00,0.03617,0.03629,0.03603,0.03611,3058322.0
2025-04-25 01:05:00+09:00,0.03612,0.03643,0.03599,0.03625,2334351.0
2025-04-25 01:10:00+09:00,0.03625,0.03665,0.03623,0.03662,3068902.0
2025-04-25 01:15:00+09:00,0.03665,0.03676,0.03644,0.03672,3232068.0
2025-04-25 01:20:00+09:00,0.03671,0.03723,0.0367,0.03692,9712566.0
2025-04-25 01:25:00+09:00,0.03692,0.0376,0.03682,0.03731,11860833.0
2025-04-25 01:30:00+09:00,0.0373,0.03767,0.03701,0.03731,11981845.0
2025-04-25 01:35:00+09:00,0.03732,0.03769,0.03713,0.03744,12166201.0
2025-04-25 01:40:00+09:00,0.03745,0.03766,0.03698,0.03712,8523818.0
2025-04-25 01:45:00+09:00,0.03712,0.0375,0.03699,0.03714,5578736.0
2025-04-25 01:50:00+09:00,0.03713,0.03736,0.03696,0.03733,3337365.0
2025-04-25 01:55:00+09:00,0.03732,0.03735,0.03658,0.03658,7664730.0
2025-04-25 02:00:00+09:00,0.03658,0.03668,0.03619,0.03654,6659517.0
2025-04-25 02:05:00+09:00,0.03655,0.03677,0.03627,0.03637,4518472.0
2025-04-25 02:10:00+09:00,0.03636,0.03637,0.03582,0.03584,4968823.0
2025-04-25 02:15:00+09:00,0.03583,0.03614,0.03569,0.03577,4798868.0
2025-04-25 02:20:00+09:00,0.03579,0.03582,0.035,0.03519,12032183.0
2025-04-25 02:25:00+09:00,0.0352,0.03555,0.03516,0.03541,4142656.0
2025-04-25 02:30:00+09:00,0.0354,0.03559,0.03511,0.03516,4886365.0
2025-04-25 02:35:00+09:00,0.03515,0.03551,0.03508,0.03532,5083457.0
2025-04-25 02:40:00+09:00,0.03533,0.03549,0.03483,0.03492,7336221.0
2025-04-25 02:45:00+09:00,0.03493,0.0351,0.03473,0.03507,2967348.0
2025-04-25 02:50:00+09:00,0.03508,0.03535,0.03488,0.03532,1868102.0
2025-04-25 02:55:00+09:00,0.03533,0.03547,0.03528,0.03545,2160205.0
2025-04-25 03:00:00+09:00,0.03544,0.03582,0.03543,0.0358,4842883.0
2025-04-25 03:05:00+09:00,0.03581,0.03605,0.0357,0.03586,4602794.0
2025-04-25 03:10:00+09:00,0.03585,0.03612,0.0357,0.03596,2241199.0
2025-04-25 03:15:00+09:00,0.03596,0.0361,0.0358,0.03584,2227855.0
2025-04-25 03:20:00+09:00,0.03584,0.03587,0.03567,0.03578,1382227.0
2025-04-25 03:25:00+09:00,0.0358,0.03581,0.03552,0.0356,3211564.0
2025-04-25 03:30:00+09:00,0.03559,0.03589,0.03555,0.03566,1604501.0
2025-04-25 03:35:00+09:00,0.03567,0.03591,0.03565,0.03576,1839854.0
2025-04-25 03:40:00+09:00,0.03576,0.03607,0.03576,0.03603,5498037.0
2025-04-25 03:45:00+09:00,0.03604,0.03618,0.03584,0.03589,3752284.0
2025-04-25 03:50:00+09:00,0.03591,0.03598,0.03584,0.03584,960325.0
2025-04-25 03:55:00+09:00,0.03584,0.03615,0.03584,0.03613,1615770.0
2025-04-25 04:00:00+09:00,0.03614,0.03624,0.03602,0.03607,3302040.0
2025-04-25 04:05:00+09:00,0.03607,0.03629,0.03601,0.03621,1616521.0
2025-04-25 04:10:00+09:00,0.03622,0.03646,0.03622,0.03635,1658501.0
2025-04-25 04:15:00+09:00,0.03635,0.03665,0.03635,0.03665,3400055.0
2025-04-25 04:20:00+09:00,0.03665,0.03667,0.03631,0.03642,4653957.0
2025-04-25 04:25:00+09:00,0.03641,0.03655,0.03639,0.0365,1662063.0
2025-04-25 04:30:00+09:00,0.03651,0.03691,0.03648,0.03675,4400364.0
2025-04-25 04:35:00+09:00,0.03676,0.03704,0.03674,0.03694,2542162.0
2025-04-25 04:40:00+09:00,0.03696,0.03699,0.03678,0.03682,1427127.0
2025-04-25 04:45:00+09:00,0.03682,0.03682,0.03634,0.03646,5193917.0
2025-04-25 04:50:00+09:00,0.03647,0.0365,0.03627,0.03636,1394554.0
2025-04-25 04:55:00+09:00,0.03636,0.03641,0.03626,0.03637,1038088.0
2025-04-25 05:00:00+09:00,0.03639,0.03673,0.03636,0.03652,3542863.0
2025-04-25 05:05:00+09:00,0.03652,0.03686,0.03646,0.03654,4326525.0
2025-04-25 05:10:00+09:00,0.03654,0.03664,0.03646,0.03646,1418916.0
2025-04-25 05:15:00+09:00,0.03646,0.03655,0.03637,0.03645,1598609.0
2025-04-25 05:20:00+09:00,0.03646,0.03667,0.03644,0.03663,877214.0
2025-04-25 05:25:00+09:00,0.03664,0.03679,0.03657,0.03663,1464188.0
2025-04-25 05:30:00+09:00,0.03663,0.03671,0.03655,0.03659,1539562.0
2025-04-25 05:35:00+09:00,0.03659,0.03681,0.03654,0.03657,2196349.0
2025-04-25 05:40:00+09:00,0.03655,0.03671,0.03649,0.03661,951801.0
2025-04-25 05:45:00+09:00,0.0366,0.03673,0.0366,0.03661,636531.0
2025-04-25 05:50:00+09:00,0.03662,0.037,0.03659,0.03689,2531699.0
2025-04-25 05:55:00+09:00,0.03688,0.03688,0.0367,0.03674,1382826.0
2025-04-25 06:00:00+09:00,0.03675,0.03676,0.0364,0.03641,1586870.0
2025-04-25 06:05:00+09:00,0.0364,0.03652,0.03636,0.0364,893771.0
2025-04-25 06:10:00+09:00,0.0364,0.03645,0.03627,0.03633,2139956.0
2025-04-25 06:15:00+09:00,0.03634,0.03634,0.03601,0.0361,2008361.0
2025-04-25 06:20:00+09:00,0.0361,0.0361,0.03576,0.03583,1685196.0
2025-04-25 06:25:00+09:00,0.03583,0.03596,0.0356,0.03572,1697094.0
2025-04-25 06:30:00+09:00,0.03574,0.03592,0.03564,0.03576,1906328.0
2025-04-25 06:35:00+09:00,0.03575,0.03588,0.03571,0.03572,1710410.0
2025-04-25 06:40:00+09:00,0.03572,0.0359,0.03572,0.0358,893522.0
2025-04-25 06:45:00+09:00,0.03579,0.03604,0.03579,0.03604,424739.0
2025-04-25 06:50:00+09:00,0.03603,0.0361,0.03603,0.03609,159737.0
2025-04-25 06:55:00+09:00,0.03611,0.03618,0.03602,0.03617,354444.0
2025-04-25 07:00:00+09:00,0.03617,0.0362,0.03589,0.0361,1022706.0
2025-04-25 07:05:00+09:00,0.03611,0.03634,0.0361,0.03613,644542.0
2025-04-25 07:10:00+09:00,0.03613,0.03634,0.03606,0.03614,1685802.0
2025-04-25 07:15:00+09:00,0.03614,0.0362,0.03601,0.03603,446878.0
2025-04-25 07:20:00+09:00,0.03603,0.03634,0.03603,0.03632,526126.0
2025-04-25 07:25:00+09:00,0.03632,0.03684,0.03631,0.0368,3438680.0
2025-04-25 07:30:00+09:00,0.03681,0.03694,0.0366,0.03692,1632272.0
2025-04-25 07:35:00+09:00,0.03693,0.03693,0.03672,0.03672,739535.0
2025-04-25 07:40:00+09:00,0.03673,0.03699,0.03672,0.03689,1470777.0
2025-04-25 07:45:00+09:00,0.0369,0.03702,0.03662,0.03667,1776998.0
2025-04-25 07:50:00+09:00,0.03666,0.03667,0.03644,0.03651,915864.0
2025-04-25 07:55:00+09:00,0.03651,0.03678,0.03651,0.03673,1011959.0
2025-04-25 08:00:00+09:00,0.03675,0.03675,0.03646,0.03668,901960.0
2025-04-25 08:05:00+09:00,0.03669,0.03678,0.03662,0.03672,679250.0
2025-04-25 08:10:00+09:00,0.03671,0.03675,0.03657,0.03672,1936318.0
2025-04-25 08:15:00+09:00,0.03672,0.0369,0.03672,0.03688,584778.0
2025-04-25 08:20:00+09:00,0.03687,0.03699,0.03684,0.03695,1977079.0
2025-04-25 08:25:00+09:00,0.03695,0.0372,0.03684,0.03701,1728801.0
2025-04-25 08:30:00+09:00,0.03702,0.03726,0.03699,0.03725,1888473.0
2025-04-25 08:35:00+09:00,0.03724,0.03726,0.03706,0.0372,820623.0
2025-04-25 08:40:00+09:00,0.0372,0.03721,0.03707,0.03719,357442.0
2025-04-25 08:45:00+09:00,0.03719,0.03724,0.03709,0.03717,712468.0
2025-04-25 08:50:00+09:00,0.03718,0.03729,0.03713,0.03726,1560373.0
2025-04-25 08:55:00+09:00,0.03726,0.03732,0.03713,0.03725,934216.0
2025-04-25 09:00:00+09:00,0.03726,0.03727,0.03675,0.03682,3258817.0
2025-04-25 09:05:00+09:00,0.03683,0.03701,0.0366,0.03676,4621687.0
2025-04-25 09:10:00+09:00,0.03676,0.03696,0.03676,0.03687,1572675.0
2025-04-25 09:15:00+09:00,0.03687,0.03689,0.03663,0.03678,1152250.0
2025-04-25 09:20:00+09:00,0.03679,0.03693,0.03671,0.03671,2739502.0
2025-04-25 09:25:00+09:00,0.03672,0.03749,0.03671,0.03729,5917563.0
2025-04-25 09:30:00+09:00,0.03729,0.0375,0.03702,0.03731,5583481.0
2025-04-25 09:35:00+09:00,0.03733,0.03752,0.03714,0.03714,3824089.0
2025-04-25 09:40:00+09:00,0.03714,0.03747,0.0371,0.03743,1070899.0
2025-04-25 09:45:00+09:00,0.03742,0.03749,0.03718,0.03742,1270097.0
2025-04-25 09:50:00+09:00,0.03744,0.03766,0.03732,0.03759,2725814.0
2025-04-25 09:55:00+09:00,0.03759,0.03771,0.03754,0.03756,1534197.0
2025-04-25 10:00:00+09:00,0.03756,0.03786,0.03751,0.0376,2362055.0
2025-04-25 10:05:00+09:00,0.03759,0.03818,0.03747,0.03815,4365087.0
2025-04-25 10:10:00+09:00,0.03813,0.03832,0.03794,0.03797,2956660.0
2025-04-25 10:15:00+09:00,0.03799,0.03826,0.0377,0.03775,2775450.0
2025-04-25 10:20:00+09:00,0.03775,0.03775,0.0373,0.03754,3817948.0
2025-04-25 10:25:00+09:00,0.03754,0.0377,0.0373,0.03746,1967342.0
2025-04-25 10:30:00+09:00,0.03746,0.03752,0.0372,0.03738,3965860.0
2025-04-25 10:35:00+09:00,0.03739,0.03773,0.03739,0.03761,1445854.0
2025-04-25 10:40:00+09:00,0.03762,0.03913,0.03742,0.03812,44437291.0
2025-04-25 10:45:00+09:00,0.03812,0.03855,0.03793,0.03795,11403101.0
2025-04-25 10:50:00+09:00,0.03797,0.03806,0.03776,0.0379,2560467.0
2025-04-25 10:55:00+09:00,0.03789,0.03803,0.0378,0.03798,3374425.0
2025-04-25 11:00:00+09:00,0.03798,0.03806,0.0378,0.03799,1789878.0
2025-04-25 11:05:00+09:00,0.03798,0.03798,0.03749,0.0378,6414384.0
2025-04-25 11:10:00+09:00,0.0378,0.03805,0.03777,0.0379,3202861.0
2025-04-25 11:15:00+09:00,0.0379,0.03798,0.03745,0.0375,3686157.0
2025-04-25 11:20:00+09:00,0.0375,0.03778,0.03736,0.03744,1940101.0
2025-04-25 11:25:00+09:00,0.03743,0.03782,0.03725,0.03775,2494413.0
2025-04-25 11:30:00+09:00,0.03774,0.03778,0.03748,0.03748,1755793.0
2025-04-25 11:35:00+09:00,0.03749,0.03781,0.03745,0.03769,5625843.0
2025-04-25 11:40:00+09:00,0.0377,0.03771,0.03706,0.03706,4873457.0
2025-04-25 11:45:00+09:00,0.03706,0.0374,0.03704,0.03729,2179834.0
2025-04-25 11:50:00+09:00,0.0373,0.03736,0.0367,0.0369,8383933.0
2025-04-25 11:55:00+09:00,0.03692,0.03694,0.03633,0.03656,5773114.0
2025-04-25 12:00:00+09:00,0.03657,0.03682,0.03634,0.03676,3038067.0
2025-04-25 12:05:00+09:00,0.03676,0.03703,0.03664,0.03703,4760770.0
2025-04-25 12:10:00+09:00,0.03704,0.03734,0.03704,0.03721,4235945.0
2025-04-25 12:15:00+09:00,0.03722,0.03736,0.03699,0.03705,2323486.0
2025-04-25 12:20:00+09:00,0.03706,0.0371,0.03663,0.0369,3045994.0
2025-04-25 12:25:00+09:00,0.03688,0.03714,0.03674,0.03679,4413790.0
2025-04-25 12:30:00+09:00,0.03679,0.03735,0.03677,0.03728,1821677.0
2025-04-25 12:35:00+09:00,0.03729,0.03772,0.03719,0.03772,2114321.0
2025-04-25 12:40:00+09:00,0.03772,0.03775,0.03751,0.03763,2780155.0
2025-04-25 12:45:00+09:00,0.03761,0.03764,0.03737,0.03745,1727224.0
2025-04-25 12:50:00+09:00,0.03745,0.03778,0.03742,0.03778,1933757.0
2025-04-25 12:55:00+09:00,0.03778,0.03781,0.03749,0.03765,2031730.0
2025-04-25 13:00:00+09:00,0.03764,0.03769,0.03735,0.03767,1331486.0
2025-04-25 13:05:00+09:00,0.03768,0.038,0.03753,0.03796,2318705.0
2025-04-25 13:10:00+09:00,0.03795,0.03828,0.03784,0.03819,2980806.0
2025-04-25 13:15:00+09:00,0.03818,0.03825,0.03791,0.03812,3049624.0
2025-04-25 13:20:00+09:00,0.03811,0.03837,0.038,0.03815,4357602.0
2025-04-25 13:25:00+09:00,0.03814,0.03814,0.03781,0.03784,3371706.0
2025-04-25 13:30:00+09:00,0.03781,0.03787,0.0372,0.03734,6501760.0
2025-04-25 13:35:00+09:00,0.03734,0.03767,0.03724,0.03752,2867814.0
2025-04-25 13:40:00+09:00,0.03751,0.03772,0.03732,0.03748,2570608.0
2025-04-25 13:45:00+09:00,0.03747,0.03748,0.03721,0.03734,1267009.0
2025-04-25 13:50:00+09:00,0.03736,0.03748,0.03706,0.0372,3879739.0
2025-04-25 13:55:00+09:00,0.0372,0.03735,0.03717,0.03729,1009059.0
2025-04-25 14:00:00+09:00,0.03728,0.03742,0.0372,0.03733,968901.0
2025-04-25 14:05:00+09:00,0.03732,0.03802,0.03729,0.03799,3555233.0
2025-04-25 14:10:00+09:00,0.038,0.03843,0.038,0.03828,4367925.0
2025-04-25 14:15:00+09:00,0.03827,0.03838,0.03807,0.03813,3086230.0
2025-04-25 14:20:00+09:00,0.03811,0.03833,0.03796,0.03825,4708256.0
2025-04-25 14:25:00+09:00,0.03825,0.03855,0.0382,0.03855,2063445.0
2025-04-25 14:30:00+09:00,0.03855,0.0389,0.03855,0.03882,4741227.0
2025-04-25 14:35:00+09:00,0.03882,0.03902,0.03861,0.03898,4258143.0
2025-04-25 14:40:00+09:00,0.03897,0.03904,0.03868,0.03871,3779729.0
2025-04-25 14:45:00+09:00,0.03871,0.0388,0.03838,0.03843,4052680.0
2025-04-25 14:50:00+09:00,0.03844,0.03854,0.03798,0.03805,5571644.0
2025-04-25 14:55:00+09:00,0.03806,0.0382,0.03803,0.03814,1860717.0
2025-04-25 15:00:00+09:00,0.03814,0.03816,0.0378,0.0381,2628471.0
2025-04-25 15:05:00+09:00,0.0381,0.03848,0.03807,0.03845,3686341.0
2025-04-25 15:10:00+09:00,0.03844,0.03864,0.03832,0.03864,3664876.0
2025-04-25 15:15:00+09:00,0.03863,0.03876,0.03845,0.03864,2604142.0
2025-04-25 15:20:00+09:00,0.03863,0.03895,0.03854,0.03885,2366834.0
2025-04-25 15:25:00+09:00,0.03884,0.03928,0.03871,0.03927,5446335.0
2025-04-25 15:30:00+09:00,0.03927,0.03931,0.0389,0.03926,3914368.0
2025-04-25 15:35:00+09:00,0.03923,0.03948,0.03897,0.03932,4687623.0
2025-04-25 15:40:00+09:00,0.03931,0.03942,0.03907,0.03914,3445172.0
2025-04-25 15:45:00+09:00,0.03914,0.03945,0.03894,0.03942,5465280.0
2025-04-25 15:50:00+09:00,0.03941,0.03975,0.03928,0.03959,4629390.0
2025-04-25 15:55:00+09:00,0.03958,0.0396,0.03933,0.03948,4082837.0
2025-04-25 16:00:00+09:00,0.03947,0.03954,0.03917,0.03932,2249624.0
2025-04-25 16:05:00+09:00,0.03932,0.03954,0.03929,0.03942,1564798.0
2025-04-25 16:10:00+09:00,0.03941,0.03945,0.039,0.03905,2974178.0
2025-04-25 16:15:00+09:00,0.03906,0.03925,0.03872,0.03884,7073676.0
2025-04-25 16:20:00+09:00,0.03883,0.03898,0.0383,0.0383,4985883.0
2025-04-25 16:25:00+09:00,0.03833,0.03869,0.03818,0.03849,4592702.0
2025-04-25 16:30:00+09:00,0.03847,0.03873,0.03841,0.03851,2235820.0
2025-04-25 16:35:00+09:00,0.03853,0.03898,0.03847,0.03897,2884683.0
2025-04-25 16:40:00+09:00,0.03895,0.03921,0.03891,0.03917,2822919.0
2025-04-25 16:45:00+09:00,0.03917,0.03934,0.03905,0.0393,2260014.0
2025-04-25 16:50:00+09:00,0.03932,0.04028,0.03932,0.04014,7908001.0
2025-04-25 16:55:00+09:00,0.04014,0.04017,0.03961,0.03981,7347483.0
2025-04-25 17:00:00+09:00,0.03979,0.04,0.0396,0.0399,4163828.0
2025-04-25 17:05:00+09:00,0.03991,0.03993,0.03942,0.03977,5500657.0
2025-04-25 17:10:00+09:00,0.03977,0.03984,0.03943,0.03953,2118487.0
2025-04-25 17:15:00+09:00,0.03952,0.03993,0.03942,0.03984,3421246.0
2025-04-25 17:20:00+09:00,0.03984,0.04017,0.03976,0.04016,2884713.0
2025-04-25 17:25:00+09:00,0.04015,0.04034,0.03985,0.04011,4025481.0
2025-04-25 17:30:00+09:00,0.0401,0.04032,0.03995,0.04009,2312723.0
2025-04-25 17:35:00+09:00,0.04009,0.0406,0.04004,0.04048,3908564.0
2025-04-25 17:40:00+09:00,0.04048,0.04055,0.03983,0.04007,8369120.0
2025-04-25 17:45:00+09:00,0.04006,0.04165,0.04003,0.04155,26380113.0
2025-04-25 17:50:00+09:00,0.04152,0.04183,0.04079,0.04149,21044765.0
2025-04-25 17:55:00+09:00,0.04149,0.0418,0.04052,0.04055,8120488.0
2025-04-25 18:00:00+09:00,0.04057,0.04059,0.03963,0.03975,10164509.0
2025-04-25 18:05:00+09:00,0.03975,0.03982,0.03921,0.03954,6589698.0
2025-04-25 18:10:00+09:00,0.03953,0.04054,0.03946,0.04044,11364278.0
2025-04-25 18:15:00+09:00,0.04041,0.04053,0.03996,0.04045,5583605.0
2025-04-25 18:20:00+09:00,0.04044,0.0411,0.0403,0.04043,7769775.0
2025-04-25 18:25:00+09:00,0.04042,0.04057,0.03996,0.04034,6080181.0
2025-04-25 18:30:00+09:00,0.04034,0.04037,0.03958,0.03989,6218163.0
2025-04-25 18:35:00+09:00,0.03988,0.04008,0.0396,0.03961,3752821.0
2025-04-25 18:40:00+09:00,0.03961,0.04009,0.03957,0.04009,2655444.0
2025-04-25 18:45:00+09:00,0.04007,0.04075,0.03991,0.04055,7123571.0
2025-04-25 18:50:00+09:00,0.04056,0.04063,0.03998,0.04028,7325669.0
2025-04-25 18:55:00+09:00,0.04031,0.04042,0.03998,0.04038,2008855.0
2025-04-25 19:00:00+09:00,0.04036,0.04036,0.04005,0.04019,3281035.0
2025-04-25 19:05:00+09:00,0.04019,0.04019,0.03942,0.03961,8186605.0
2025-04-25 19:10:00+09:00,0.03961,0.04018,0.03957,0.04018,3229596.0
2025-04-25 19:15:00+09:00,0.04017,0.04071,0.04014,0.04054,4765683.0
2025-04-25 19:20:00+09:00,0.04055,0.04074,0.04033,0.04062,1808302.0
2025-04-25 19:25:00+09:00,0.04061,0.04077,0.04031,0.04066,2063896.0
2025-04-25 19:30:00+09:00,0.04068,0.04089,0.04031,0.04048,3109408.0
2025-04-25 19:35:00+09:00,0.04049,0.04066,0.04007,0.04014,5013400.0
2025-04-25 19:40:00+09:00,0.04014,0.04054,0.03997,0.04047,4456442.0
2025-04-25 19:45:00+09:00,0.04048,0.04103,0.04048,0.04061,3627371.0
2025-04-25 19:50:00+09:00,0.04062,0.04091,0.04054,0.04071,3568717.0
2025-04-25 19:55:00+09:00,0.04071,0.04082,0.04045,0.0406,3416057.0
2025-04-25 20:00:00+09:00,0.04061,0.04082,0.04036,0.04052,3809917.0
2025-04-25 20:05:00+09:00,0.04051,0.04113,0.04041,0.04105,4254558.0
2025-04-25 20:10:00+09:00,0.04104,0.04163,0.04099,0.04143,4506058.0
2025-04-25 20:15:00+09:00,0.04142,0.04171,0.04113,0.04142,5973340.0
2025-04-25 20:20:00+09:00,0.04141,0.04153,0.04121,0.04126,2290620.0
2025-04-25 20:25:00+09:00,0.04124,0.04161,0.0411,0.04146,3902528.0
2025-04-25 20:30:00+09:00,0.04147,0.04154,0.04072,0.04101,10575421.0
2025-04-25 20:35:00+09:00,0.04102,0.04106,0.04054,0.04071,5362632.0
2025-04-25 20:40:00+09:00,0.04071,0.04088,0.04042,0.04066,4280762.0
2025-04-25 20:45:00+09:00,0.04064,0.0411,0.04062,0.04107,2885159.0
2025-04-25 20:50:00+09:00,0.04106,0.04132,0.04097,0.04122,3902062.0
2025-04-25 20:55:00+09:00,0.04123,0.04142,0.04103,0.0411,2323427.0
2025-04-25 21:00:00+09:00,0.04112,0.04122,0.04043,0.04053,4596005.0
2025-04-25 21:05:00+09:00,0.04052,0.04061,0.04024,0.04047,4957044.0
2025-04-25 21:10:00+09:00,0.04047,0.04086,0.04029,0.04061,3336609.0
2025-04-25 21:15:00+09:00,0.04063,0.04063,0.0401,0.04057,3741920.0
2025-04-25 21:20:00+09:00,0.04058,0.0411,0.04053,0.041,3718807.0
2025-04-25 21:25:00+09:00,0.041,0.04114,0.04046,0.0406,2887449.0
2025-04-25 21:30:00+09:00,0.0406,0.04124,0.04046,0.04047,3575393.0
2025-04-25 21:35:00+09:00,0.04047,0.04076,0.04036,0.04062,2942265.0
2025-04-25 21:40:00+09:00,0.04061,0.04154,0.04057,0.0415,6771006.0
2025-04-25 21:45:00+09:00,0.04148,0.04157,0.04077,0.04108,5262366.0
2025-04-25 21:50:00+09:00,0.04107,0.0414,0.0406,0.04067,5000620.0
2025-04-25 21:55:00+09:00,0.04064,0.04085,0.04035,0.04074,5912645.0
2025-04-25 22:00:00+09:00,0.04075,0.04156,0.04075,0.04141,9341990.0
2025-04-25 22:05:00+09:00,0.04137,0.04181,0.04074,0.04159,9630742.0
2025-04-25 22:10:00+09:00,0.0416,0.04216,0.04153,0.04187,8382213.0
2025-04-25 22:15:00+09:00,0.04188,0.04208,0.04154,0.04171,6312815.0
2025-04-25 22:20:00+09:00,0.0417,0.04226,0.0416,0.04209,7101922.0
2025-04-25 22:25:00+09:00,0.0421,0.04248,0.04179,0.04199,9327792.0
2025-04-25 22:30:00+09:00,0.04201,0.04222,0.04052,0.04109,17939597.0
2025-04-25 22:35:00+09:00,0.04108,0.04173,0.041,0.04137,6887567.0
2025-04-25 22:40:00+09:00,0.04138,0.04155,0.04071,0.0408,6454381.0
2025-04-25 22:45:00+09:00,0.04082,0.04163,0.04079,0.04157,6726924.0
2025-04-25 22:50:00+09:00,0.04156,0.04159,0.04016,0.04023,16044274.0
2025-04-25 22:55:00+09:00,0.04022,0.04033,0.03982,0.04014,7501020.0
2025-04-25 23:00:00+09:00,0.04016,0.04068,0.04014,0.04057,7065141.0
2025-04-25 23:05:00+09:00,0.04058,0.04111,0.04058,0.04107,5009747.0
2025-04-25 23:10:00+09:00,0.0411,0.04144,0.04091,0.04144,4243946.0
2025-04-25 23:15:00+09:00,0.04144,0.04148,0.04066,0.04068,3456261.0
2025-04-25 23:20:00+09:00,0.04067,0.04071,0.03994,0.04019,5100713.0
2025-04-25 23:25:00+09:00,0.04019,0.04034,0.03959,0.03986,5353542.0
2025-04-25 23:30:00+09:00,0.03986,0.04023,0.03954,0.04004,5540738.0
2025-04-25 23:35:00+09:00,0.04006,0.04047,0.03995,0.04047,3290410.0
2025-04-25 23:40:00+09:00,0.04045,0.0409,0.04041,0.04088,3267499.0
2025-04-25 23:45:00+09:00,0.04087,0.04102,0.04058,0.04082,3695693.0
2025-04-25 23:50:00+09:00,0.0408,0.04128,0.0406,0.04121,3346711.0
2025-04-25 23:55:00+09:00,0.04122,0.04166,0.04101,0.04164,10112584.0
2025-04-26 00:00:00+09:00,0.04166,0.04175,0.04098,0.04137,5767496.0
2025-04-26 00:05:00+09:00,0.04136,0.04147,0.04106,0.04141,5289741.0
2025-04-26 00:10:00+09:00,0.04142,0.04185,0.04142,0.04159,6607019.0
2025-04-26 00:15:00+09:00,0.04159,0.04192,0.04116,0.04157,7159688.0
2025-04-26 00:20:00+09:00,0.04155,0.04182,0.04132,0.04151,4081144.0
2025-04-26 00:25:00+09:00,0.0415,0.04176,0.04143,0.04152,1916410.0
2025-04-26 00:30:00+09:00,0.04154,0.04197,0.04132,0.04159,4793944.0
2025-04-26 00:35:00+09:00,0.04158,0.04158,0.04031,0.04036,6020896.0
2025-04-26 00:40:00+09:00,0.04036,0.04036,0.03771,0.03871,36639196.0
2025-04-26 00:45:00+09:00,0.0387,0.03936,0.03796,0.03805,14801696.0
2025-04-26 00:50:00+09:00,0.03804,0.0389,0.03802,0.03875,8627713.0
2025-04-26 00:55:00+09:00,0.03874,0.03875,0.03814,0.0383,5208663.0
2025-04-26 01:00:00+09:00,0.03831,0.04002,0.03831,0.03992,9324332.0
2025-04-26 01:05:00+09:00,0.03989,0.04023,0.03923,0.04018,12586860.0
2025-04-26 01:10:00+09:00,0.04019,0.04038,0.03957,0.03985,11599284.0
2025-04-26 01:15:00+09:00,0.03986,0.03991,0.03863,0.0393,14021326.0
2025-04-26 01:20:00+09:00,0.03929,0.04032,0.039,0.0402,9761509.0
2025-04-26 01:25:00+09:00,0.04021,0.04071,0.0398,0.04066,7473192.0
2025-04-26 01:30:00+09:00,0.04067,0.04069,0.03921,0.03964,9313271.0
2025-04-26 01:35:00+09:00,0.0396,0.04011,0.03948,0.03997,6522180.0
2025-04-26 01:40:00+09:00,0.03999,0.04026,0.03985,0.04014,4354899.0
2025-04-26 01:45:00+09:00,0.04015,0.04015,0.03945,0.03953,4025403.0
2025-04-26 01:50:00+09:00,0.03953,0.03956,0.03871,0.03912,6876899.0
2025-04-26 01:55:00+09:00,0.03911,0.03978,0.03906,0.03962,3963263.0
2025-04-26 02:00:00+09:00,0.0396,0.04015,0.0395,0.03993,5240489.0
2025-04-26 02:05:00+09:00,0.03994,0.04024,0.03982,0.04014,3124146.0
2025-04-26 02:10:00+09:00,0.04015,0.04036,0.03999,0.04026,4723339.0
2025-04-26 02:15:00+09:00,0.04026,0.04027,0.03936,0.03957,4299949.0
2025-04-26 02:20:00+09:00,0.03956,0.0399,0.03947,0.0398,3561559.0
2025-04-26 02:25:00+09:00,0.03977,0.0401,0.03955,0.0396,4650198.0
2025-04-26 02:30:00+09:00,0.03961,0.03966,0.03888,0.03928,6606885.0
2025-04-26 02:35:00+09:00,0.03928,0.03946,0.03892,0.03894,4411148.0
2025-04-26 02:40:00+09:00,0.03896,0.03942,0.03883,0.0392,2632840.0
2025-04-26 02:45:00+09:00,0.03922,0.03926,0.03886,0.03911,2493465.0
2025-04-26 02:50:00+09:00,0.03912,0.03938,0.03894,0.03911,3291537.0
2025-04-26 02:55:00+09:00,0.03911,0.0394,0.03906,0.03911,2572732.0
2025-04-26 03:00:00+09:00,0.03911,0.03951,0.03906,0.03946,1681181.0
2025-04-26 03:05:00+09:00,0.03947,0.03949,0.03906,0.03926,4966187.0
2025-04-26 03:10:00+09:00,0.03925,0.03963,0.03925,0.03953,4827130.0
2025-04-26 03:15:00+09:00,0.03951,0.03958,0.03922,0.03951,1113396.0
2025-04-26 03:20:00+09:00,0.0395,0.03992,0.03941,0.03989,1386184.0
2025-04-26 03:25:00+09:00,0.03989,0.04027,0.03971,0.04026,2909582.0
2025-04-26 03:30:00+09:00,0.04024,0.04028,0.04005,0.04013,3555682.0
2025-04-26 03:35:00+09:00,0.04013,0.04054,0.04009,0.04028,4037633.0
2025-04-26 03:40:00+09:00,0.04029,0.04064,0.04029,0.04046,2017383.0
2025-04-26 03:45:00+09:00,0.04046,0.0405,0.04014,0.04015,1166662.0
2025-04-26 03:50:00+09:00,0.04015,0.0404,0.04012,0.04017,787903.0
2025-04-26 03:55:00+09:00,0.04018,0.04027,0.0399,0.04008,3475516.0
2025-04-26 04:00:00+09:00,0.04007,0.04013,0.03983,0.03992,1392679.0
2025-04-26 04:05:00+09:00,0.03993,0.03999,0.03964,0.0398,1574135.0
2025-04-26 04:10:00+09:00,0.03981,0.03982,0.03954,0.03969,1366469.0
2025-04-26 04:15:00+09:00,0.03967,0.03994,0.03964,0.03981,1348139.0
2025-04-26 04:20:00+09:00,0.0398,0.03986,0.03969,0.03984,782720.0
2025-04-26 04:25:00+09:00,0.03985,0.03992,0.03976,0.03986,785536.0
2025-04-26 04:30:00+09:00,0.03986,0.03989,0.03971,0.03972,1224378.0
2025-04-26 04:35:00+09:00,0.03973,0.03973,0.03947,0.03958,1012612.0
2025-04-26 04:40:00+09:00,0.03957,0.03966,0.03936,0.03945,1045865.0
2025-04-26 04:45:00+09:00,0.03946,0.0396,0.03936,0.03955,774517.0
2025-04-26 04:50:00+09:00,0.03955,0.03961,0.03932,0.03943,754615.0
2025-04-26 04:55:00+09:00,0.03944,0.03948,0.03934,0.03947,786871.0
2025-04-26 05:00:00+09:00,0.03947,0.03948,0.03915,0.03926,754726.0
2025-04-26 05:05:00+09:00,0.03928,0.03953,0.03928,0.03951,1176374.0
2025-04-26 05:10:00+09:00,0.03953,0.0396,0.03934,0.03953,860862.0
2025-04-26 05:15:00+09:00,0.03952,0.03952,0.03906,0.03923,1978829.0
2025-04-26 05:20:00+09:00,0.03923,0.03936,0.03882,0.03888,2332586.0
2025-04-26 05:25:00+09:00,0.03889,0.03916,0.03889,0.0391,828764.0
2025-04-26 05:30:00+09:00,0.03911,0.03917,0.03892,0.039,1315209.0
2025-04-26 05:35:00+09:00,0.03901,0.03906,0.03885,0.03894,1161773.0
2025-04-26 05:40:00+09:00,0.03893,0.03914,0.03884,0.03911,685710.0
2025-04-26 05:45:00+09:00,0.03912,0.03913,0.03892,0.03902,803851.0
2025-04-26 05:50:00+09:00,0.03902,0.03904,0.0389,0.03903,783256.0
2025-04-26 05:55:00+09:00,0.03902,0.03921,0.03898,0.03918,795389.0
2025-04-26 06:00:00+09:00,0.03914,0.03932,0.03892,0.03924,1718980.0
2025-04-26 06:05:00+09:00,0.03924,0.03927,0.03901,0.03914,1324314.0
2025-04-26 06:10:00+09:00,0.03914,0.03945,0.03908,0.03929,2539270.0
2025-04-26 06:15:00+09:00,0.0393,0.03931,0.03911,0.03913,702651.0
2025-04-26 06:20:00+09:00,0.03913,0.03927,0.03891,0.03893,1078663.0
2025-04-26 06:25:00+09:00,0.03893,0.03909,0.03893,0.03904,728202.0
2025-04-26 06:30:00+09:00,0.03902,0.03919,0.03899,0.03913,714230.0
2025-04-26 06:35:00+09:00,0.03912,0.03914,0.0387,0.03875,2980890.0
2025-04-26 06:40:00+09:00,0.03875,0.03898,0.03857,0.03862,2966358.0
2025-04-26 06:45:00+09:00,0.03863,0.03875,0.03815,0.0382,3044191.0
2025-04-26 06:50:00+09:00,0.03819,0.03827,0.03812,0.0382,929184.0
2025-04-26 06:55:00+09:00,0.03821,0.03837,0.03806,0.0382,1204502.0
2025-04-26 07:00:00+09:00,0.03821,0.03863,0.03821,0.03853,1145317.0
2025-04-26 07:05:00+09:00,0.03853,0.03874,0.0385,0.03871,882843.0
2025-04-26 07:10:00+09:00,0.0387,0.03909,0.0387,0.03886,2117932.0
2025-04-26 07:15:00+09:00,0.03886,0.03913,0.03876,0.03901,955364.0
2025-04-26 07:20:00+09:00,0.03901,0.03905,0.03886,0.03904,639481.0
2025-04-26 07:25:00+09:00,0.03904,0.03914,0.03893,0.03904,762969.0
2025-04-26 07:30:00+09:00,0.03905,0.03948,0.03905,0.03942,1138289.0
2025-04-26 07:35:00+09:00,0.03943,0.04028,0.03943,0.04001,4530852.0
2025-04-26 07:40:00+09:00,0.04,0.04009,0.03982,0.04006,2469533.0
2025-04-26 07:45:00+09:00,0.04006,0.04027,0.03992,0.0402,2199236.0
2025-04-26 07:50:00+09:00,0.0402,0.04053,0.04009,0.0404,2306661.0
2025-04-26 07:55:00+09:00,0.0404,0.04047,0.04026,0.0404,1649420.0
2025-04-26 08:00:00+09:00,0.04039,0.04043,0.03984,0.04009,3167342.0
2025-04-26 08:05:00+09:00,0.04009,0.04055,0.04008,0.04051,1971221.0
2025-04-26 08:10:00+09:00,0.04051,0.04053,0.04024,0.04026,1102061.0
2025-04-26 08:15:00+09:00,0.04026,0.04042,0.04017,0.04039,1868740.0
2025-04-26 08:20:00+09:00,0.04038,0.04046,0.03997,0.04002,2151375.0
2025-04-26 08:25:00+09:00,0.04002,0.04042,0.04002,0.04033,1749028.0
2025-04-26 08:30:00+09:00,0.0403,0.04045,0.04015,0.0403,2000063.0
2025-04-26 08:35:00+09:00,0.04032,0.04062,0.04032,0.04058,1003559.0
2025-04-26 08:40:00+09:00,0.04059,0.04077,0.04054,0.04071,1780955.0
2025-04-26 08:45:00+09:00,0.04072,0.04109,0.04056,0.04106,4831326.0
2025-04-26 08:50:00+09:00,0.04106,0.04107,0.04074,0.04077,2365013.0
2025-04-26 08:55:00+09:00,0.04077,0.04093,0.04067,0.04073,1438856.0
2025-04-26 09:00:00+09:00,0.04074,0.04101,0.04059,0.04088,4063868.0
2025-04-26 09:05:00+09:00,0.04088,0.04096,0.04046,0.04055,1889039.0
2025-04-26 09:10:00+09:00,0.04054,0.04057,0.04018,0.04025,2315404.0
2025-04-26 09:15:00+09:00,0.04023,0.04065,0.04011,0.04056,2258189.0
2025-04-26 09:20:00+09:00,0.04057,0.04074,0.04036,0.04068,3325418.0
2025-04-26 09:25:00+09:00,0.04069,0.04093,0.04062,0.04079,1373117.0
2025-04-26 09:30:00+09:00,0.04077,0.04086,0.04047,0.04062,1632497.0
2025-04-26 09:35:00+09:00,0.04062,0.04114,0.04059,0.04091,5343328.0
2025-04-26 09:40:00+09:00,0.04092,0.04092,0.04058,0.0406,1488936.0
2025-04-26 09:45:00+09:00,0.04059,0.04091,0.04054,0.04076,1333912.0
2025-04-26 09:50:00+09:00,0.04077,0.04089,0.04054,0.04089,2596778.0
2025-04-26 09:55:00+09:00,0.04089,0.04089,0.04069,0.04075,607064.0
2025-04-26 10:00:00+09:00,0.04071,0.04072,0.04042,0.04048,1142722.0
2025-04-26 10:05:00+09:00,0.04048,0.04073,0.04035,0.04067,2316763.0
2025-04-26 10:10:00+09:00,0.04068,0.04111,0.04068,0.04091,3202700.0
2025-04-26 10:15:00+09:00,0.04091,0.04185,0.04091,0.04155,11215917.0
2025-04-26 10:20:00+09:00,0.04154,0.04215,0.04149,0.04206,5418698.0
2025-04-26 10:25:00+09:00,0.04202,0.04247,0.04189,0.04243,4753902.0
2025-04-26 10:30:00+09:00,0.04245,0.04283,0.04235,0.04261,5621412.0
2025-04-26 10:35:00+09:00,0.04262,0.04286,0.04238,0.04242,4625060.0
2025-04-26 10:40:00+09:00,0.04243,0.04262,0.04212,0.0424,3027760.0
2025-04-26 10:45:00+09:00,0.0424,0.04256,0.0421,0.0423,2219832.0
2025-04-26 10:50:00+09:00,0.04232,0.04255,0.04223,0.04243,3521923.0
2025-04-26 10:55:00+09:00,0.04243,0.04329,0.04227,0.04322,6400973.0
2025-04-26 11:00:00+09:00,0.0432,0.04331,0.04278,0.04304,3737902.0
2025-04-26 11:05:00+09:00,0.04304,0.04377,0.04298,0.0436,6210608.0
2025-04-26 11:10:00+09:00,0.0436,0.04401,0.04347,0.04382,9519323.0
2025-04-26 11:15:00+09:00,0.04383,0.04429,0.0434,0.04388,6619478.0
2025-04-26 11:20:00+09:00,0.04387,0.04439,0.0438,0.04439,2878274.0
2025-04-26 11:25:00+09:00,0.04438,0.04438,0.04387,0.04424,2919880.0
2025-04-26 11:30:00+09:00,0.04424,0.04494,0.04401,0.04479,6747567.0
2025-04-26 11:35:00+09:00,0.04474,0.04505,0.04444,0.04473,5403264.0
2025-04-26 11:40:00+09:00,0.04471,0.04565,0.04469,0.04513,11821455.0
2025-04-26 11:45:00+09:00,0.04514,0.04747,0.04473,0.04732,19167000.0
2025-04-26 11:50:00+09:00,0.04732,0.0478,0.04639,0.04768,17469359.0
2025-04-26 11:55:00+09:00,0.04764,0.04767,0.04656,0.04679,9206888.0
2025-04-26 12:00:00+09:00,0.04677,0.04696,0.04546,0.0456,17377031.0
2025-04-26 12:05:00+09:00,0.04564,0.0462,0.04507,0.04604,16742121.0
2025-04-26 12:10:00+09:00,0.04604,0.04638,0.04573,0.04584,7416151.0
2025-04-26 12:15:00+09:00,0.04584,0.04614,0.04495,0.04513,6181720.0
2025-04-26 12:20:00+09:00,0.04514,0.04556,0.04438,0.04505,17772517.0
2025-04-26 12:25:00+09:00,0.04509,0.04516,0.04419,0.04452,10099664.0
2025-04-26 12:30:00+09:00,0.04453,0.04476,0.0437,0.04406,12627462.0
2025-04-26 12:35:00+09:00,0.04407,0.04421,0.04337,0.04356,9827377.0
2025-04-26 12:40:00+09:00,0.04359,0.04382,0.04353,0.04364,5311437.0
2025-04-26 12:45:00+09:00,0.04364,0.04408,0.04341,0.0439,5345930.0
2025-04-26 12:50:00+09:00,0.04391,0.04417,0.04357,0.04381,4836867.0
2025-04-26 12:55:00+09:00,0.04381,0.04444,0.04368,0.0444,3174225.0
2025-04-26 13:00:00+09:00,0.04438,0.04484,0.04387,0.04456,5397612.0
2025-04-26 13:05:00+09:00,0.04453,0.04483,0.04396,0.04455,5176637.0
2025-04-26 13:10:00+09:00,0.04455,0.04477,0.0441,0.04432,3950669.0
2025-04-26 13:15:00+09:00,0.04432,0.04437,0.04375,0.04381,2622153.0
2025-04-26 13:20:00+09:00,0.0438,0.04414,0.04361,0.04364,1955679.0
2025-04-26 13:25:00+09:00,0.04365,0.04387,0.04313,0.04346,4608128.0
2025-04-26 13:30:00+09:00,0.04346,0.04425,0.04322,0.04395,9278618.0
2025-04-26 13:35:00+09:00,0.04396,0.04396,0.04306,0.04348,5191906.0
2025-04-26 13:40:00+09:00,0.04348,0.044,0.04341,0.04399,1725523.0
2025-04-26 13:45:00+09:00,0.044,0.04421,0.04377,0.04406,2114405.0
2025-04-26 13:50:00+09:00,0.04407,0.04445,0.04402,0.04438,2958867.0
2025-04-26 13:55:00+09:00,0.04438,0.04448,0.0441,0.04434,3149401.0
2025-04-26 14:00:00+09:00,0.04435,0.04475,0.0443,0.04451,3278957.0
2025-04-26 14:05:00+09:00,0.0445,0.04489,0.04373,0.04374,7135950.0
2025-04-26 14:10:00+09:00,0.04374,0.04396,0.04355,0.04395,4108621.0
2025-04-26 14:15:00+09:00,0.04395,0.04407,0.04316,0.04335,5236820.0
2025-04-26 14:20:00+09:00,0.04336,0.04374,0.04327,0.04361,2810735.0
2025-04-26 14:25:00+09:00,0.04361,0.04384,0.04328,0.04367,5317484.0
2025-04-26 14:30:00+09:00,0.04366,0.04392,0.04355,0.04374,1798176.0
2025-04-26 14:35:00+09:00,0.04373,0.04395,0.04358,0.04394,2263836.0
2025-04-26 14:40:00+09:00,0.04395,0.04409,0.04375,0.04385,1277745.0
2025-04-26 14:45:00+09:00,0.04387,0.04451,0.04381,0.04434,4041249.0
2025-04-26 14:50:00+09:00,0.04433,0.04481,0.04433,0.04454,3829334.0
2025-04-26 14:55:00+09:00,0.04454,0.0446,0.04405,0.04441,4023910.0
2025-04-26 15:00:00+09:00,0.04438,0.0452,0.04434,0.04474,11474996.0
2025-04-26 15:05:00+09:00,0.04474,0.04478,0.04361,0.04371,7938562.0
2025-04-26 15:10:00+09:00,0.04369,0.044,0.04368,0.04382,3451673.0
2025-04-26 15:15:00+09:00,0.04381,0.04418,0.04375,0.04414,1839765.0
2025-04-26 15:20:00+09:00,0.04415,0.04445,0.04396,0.04417,4841823.0
2025-04-26 15:25:00+09:00,0.04414,0.04437,0.04404,0.04423,1181118.0
2025-04-26 15:30:00+09:00,0.04424,0.04441,0.04394,0.04398,1928697.0
2025-04-26 15:35:00+09:00,0.04397,0.04415,0.04379,0.0441,2514864.0
2025-04-26 15:40:00+09:00,0.04405,0.04417,0.0438,0.04412,1315090.0
2025-04-26 15:45:00+09:00,0.04413,0.04456,0.04404,0.04441,1825003.0
2025-04-26 15:50:00+09:00,0.0444,0.04479,0.0443,0.04442,6836872.0
2025-04-26 15:55:00+09:00,0.04439,0.04464,0.04428,0.04451,3667788.0
2025-04-26 16:00:00+09:00,0.04453,0.04473,0.04433,0.04464,1422301.0
2025-04-26 16:05:00+09:00,0.04464,0.0449,0.04452,0.04463,2662023.0
2025-04-26 16:10:00+09:00,0.04463,0.04512,0.04462,0.04471,5362241.0
2025-04-26 16:15:00+09:00,0.04472,0.0449,0.04442,0.04461,4751712.0
2025-04-26 16:20:00+09:00,0.04463,0.04489,0.04431,0.04473,4825269.0
2025-04-26 16:25:00+09:00,0.04474,0.04487,0.04456,0.0447,2141717.0
2025-04-26 16:30:00+09:00,0.0447,0.04471,0.04384,0.04422,4270151.0
2025-04-26 16:35:00+09:00,0.04423,0.04427,0.0439,0.04405,4230726.0
2025-04-26 16:40:00+09:00,0.04405,0.04408,0.0437,0.04396,3159959.0
2025-04-26 16:45:00+09:00,0.04397,0.04412,0.04378,0.04406,2498150.0
2025-04-26 16:50:00+09:00,0.04407,0.04432,0.04401,0.04422,1140156.0
2025-04-26 16:55:00+09:00,0.04424,0.04425,0.04367,0.04406,2586978.0
2025-04-26 17:00:00+09:00,0.04405,0.04408,0.04371,0.04393,2464219.0
2025-04-26 17:05:00+09:00,0.04392,0.04425,0.04375,0.04417,3662272.0
2025-04-26 17:10:00+09:00,0.04421,0.0443,0.04392,0.04424,2051986.0
2025-04-26 17:15:00+09:00,0.04428,0.04439,0.04368,0.0437,2080374.0
2025-04-26 17:20:00+09:00,0.04373,0.04373,0.04307,0.04344,14264729.0
2025-04-26 17:25:00+09:00,0.04345,0.04397,0.04336,0.0438,2588961.0
2025-04-26 17:30:00+09:00,0.04381,0.04386,0.04325,0.04344,4029054.0
2025-04-26 17:35:00+09:00,0.04344,0.0437,0.04326,0.04342,1844910.0
2025-04-26 17:40:00+09:00,0.04341,0.04343,0.04247,0.04284,11099039.0
2025-04-26 17:45:00+09:00,0.04283,0.0434,0.04255,0.04337,6427610.0
2025-04-26 17:50:00+09:00,0.04336,0.0434,0.04314,0.04317,1306551.0
2025-04-26 17:55:00+09:00,0.04318,0.0438,0.04312,0.04373,4157411.0
2025-04-26 18:00:00+09:00,0.04375,0.0438,0.04348,0.0436,3693204.0
2025-04-26 18:05:00+09:00,0.0436,0.04422,0.04356,0.04396,2921853.0
2025-04-26 18:10:00+09:00,0.04399,0.04429,0.04397,0.04424,1817217.0
2025-04-26 18:15:00+09:00,0.04425,0.04448,0.04409,0.04438,3537615.0
2025-04-26 18:20:00+09:00,0.04437,0.04458,0.04426,0.0445,2384466.0
2025-04-26 18:25:00+09:00,0.04452,0.04477,0.04427,0.04433,3772301.0
2025-04-26 18:30:00+09:00,0.04434,0.0444,0.04359,0.04369,4598849.0
2025-04-26 18:35:00+09:00,0.0437,0.04373,0.04335,0.04348,2359597.0
2025-04-26 18:40:00+09:00,0.04349,0.04362,0.0434,0.04355,903198.0
2025-04-26 18:45:00+09:00,0.04352,0.04374,0.04343,0.04364,2472875.0
2025-04-26 18:50:00+09:00,0.04367,0.04419,0.04361,0.04391,3056087.0
2025-04-26 18:55:00+09:00,0.04392,0.04399,0.04379,0.04395,727381.0
2025-04-26 19:00:00+09:00,0.04393,0.04429,0.04378,0.04428,2317602.0
2025-04-26 19:05:00+09:00,0.04429,0.04464,0.04407,0.04435,5647185.0
2025-04-26 19:10:00+09:00,0.04435,0.04452,0.04408,0.04415,1717034.0
2025-04-26 19:15:00+09:00,0.04413,0.04445,0.04406,0.04432,2173416.0
2025-04-26 19:20:00+09:00,0.04431,0.04439,0.04422,0.04427,851435.0
2025-04-26 19:25:00+09:00,0.04426,0.0447,0.04422,0.04454,3339728.0
2025-04-26 19:30:00+09:00,0.04453,0.04453,0.04411,0.04417,1508254.0
2025-04-26 19:35:00+09:00,0.04415,0.04431,0.04396,0.04416,2804440.0
2025-04-26 19:40:00+09:00,0.04416,0.04433,0.04402,0.04431,544339.0
2025-04-26 19:45:00+09:00,0.04433,0.04448,0.04429,0.04442,832943.0
2025-04-26 19:50:00+09:00,0.04441,0.04482,0.04436,0.04457,2997944.0
2025-04-26 19:55:00+09:00,0.04458,0.04477,0.04452,0.0447,1125332.0
2025-04-26 20:00:00+09:00,0.04471,0.04502,0.04444,0.04482,3867844.0
2025-04-26 20:05:00+09:00,0.04481,0.04482,0.04422,0.04449,2505158.0
2025-04-26 20:10:00+09:00,0.04449,0.04479,0.04441,0.04448,2665658.0
2025-04-26 20:15:00+09:00,0.04449,0.04474,0.04413,0.04432,2700524.0
2025-04-26 20:20:00+09:00,0.04431,0.04443,0.04398,0.04423,3343515.0
2025-04-26 20:25:00+09:00,0.04426,0.04447,0.0441,0.04438,2030932.0
2025-04-26 20:30:00+09:00,0.04435,0.04454,0.04427,0.04452,2160772.0
2025-04-26 20:35:00+09:00,0.04453,0.04471,0.04372,0.04381,4273975.0
2025-04-26 20:40:00+09:00,0.04381,0.04401,0.04304,0.04325,7094935.0
2025-04-26 20:45:00+09:00,0.04328,0.04359,0.04312,0.04339,2663802.0
2025-04-26 20:50:00+09:00,0.0434,0.04367,0.04284,0.04317,5775306.0
2025-04-26 20:55:00+09:00,0.04318,0.04328,0.04299,0.04306,2154554.0
2025-04-26 21:00:00+09:00,0.04308,0.0438,0.04305,0.04369,5257173.0
2025-04-26 21:05:00+09:00,0.04369,0.04428,0.04353,0.04408,4894339.0
2025-04-26 21:10:00+09:00,0.04409,0.04432,0.04378,0.04413,2707299.0
2025-04-26 21:15:00+09:00,0.04414,0.04421,0.04361,0.04366,2657839.0
2025-04-26 21:20:00+09:00,0.04365,0.0438,0.04352,0.04359,1255114.0
2025-04-26 21:25:00+09:00,0.04361,0.04384,0.04341,0.04364,1676428.0
2025-04-26 21:30:00+09:00,0.04361,0.04376,0.04301,0.04313,3087045.0
2025-04-26 21:35:00+09:00,0.04311,0.04334,0.04295,0.043,1852676.0
2025-04-26 21:40:00+09:00,0.043,0.04328,0.04283,0.04324,2070142.0
2025-04-26 21:45:00+09:00,0.0432,0.04358,0.04302,0.04336,3257761.0
2025-04-26 21:50:00+09:00,0.04337,0.04371,0.0431,0.04365,3526655.0
2025-04-26 21:55:00+09:00,0.04364,0.04392,0.04363,0.0438,976573.0
2025-04-26 22:00:00+09:00,0.04378,0.04383,0.04333,0.04374,1641221.0
2025-04-26 22:05:00+09:00,0.0437,0.04375,0.04327,0.04342,1020986.0
2025-04-26 22:10:00+09:00,0.04341,0.04341,0.04287,0.0432,3175369.0
2025-04-26 22:15:00+09:00,0.04319,0.0434,0.04305,0.04328,1827732.0
2025-04-26 22:20:00+09:00,0.04327,0.04327,0.04278,0.04291,1583517.0
2025-04-26 22:25:00+09:00,0.0429,0.04296,0.04252,0.04277,2683099.0
2025-04-26 22:30:00+09:00,0.04278,0.04284,0.04213,0.04232,8059996.0
2025-04-26 22:35:00+09:00,0.04233,0.04297,0.04226,0.04296,3093553.0
2025-04-26 22:40:00+09:00,0.04296,0.04304,0.04273,0.04287,1724263.0
2025-04-26 22:45:00+09:00,0.04287,0.04313,0.04229,0.04308,3466261.0
2025-04-26 22:50:00+09:00,0.04309,0.04337,0.04286,0.04333,2152708.0
2025-04-26 22:55:00+09:00,0.04335,0.04363,0.04314,0.04363,2495628.0
2025-04-26 23:00:00+09:00,0.04359,0.0436,0.04299,0.043,3216286.0
2025-04-26 23:05:00+09:00,0.04302,0.04334,0.04286,0.043,2343551.0
2025-04-26 23:10:00+09:00,0.043,0.0434,0.04288,0.04328,2539192.0
2025-04-26 23:15:00+09:00,0.0433,0.04336,0.0428,0.04301,1076124.0
2025-04-26 23:20:00+09:00,0.043,0.04319,0.04274,0.04314,1547350.0
2025-04-26 23:25:00+09:00,0.04317,0.04341,0.04309,0.04325,1353904.0
2025-04-26 23:30:00+09:00,0.04328,0.04368,0.04325,0.04359,2859144.0
2025-04-26 23:35:00+09:00,0.04358,0.04386,0.04347,0.04385,3505059.0
2025-04-26 23:40:00+09:00,0.04385,0.0439,0.04352,0.04375,2592292.0
2025-04-26 23:45:00+09:00,0.04376,0.04403,0.04354,0.0438,1613680.0
2025-04-26 23:50:00+09:00,0.0438,0.04394,0.04354,0.04375,3546545.0
2025-04-26 23:55:00+09:00,0.04375,0.04382,0.04356,0.0437,1713670.0
2025-04-27 00:00:00+09:00,0.04368,0.04377,0.04326,0.04331,2454066.0
2025-04-27 00:05:00+09:00,0.0433,0.04379,0.04329,0.04358,1514325.0
2025-04-27 00:10:00+09:00,0.04359,0.04384,0.04356,0.04362,1054974.0
2025-04-27 00:15:00+09:00,0.04361,0.04399,0.04358,0.04375,4405011.0
2025-04-27 00:20:00+09:00,0.04374,0.0439,0.04366,0.04388,1742685.0
2025-04-27 00:25:00+09:00,0.0439,0.04431,0.04388,0.04422,2770999.0
2025-04-27 00:30:00+09:00,0.04422,0.04438,0.0441,0.04426,2762736.0
2025-04-27 00:35:00+09:00,0.04426,0.04452,0.04415,0.04428,1151206.0
2025-04-27 00:40:00+09:00,0.04427,0.04435,0.04406,0.0441,1325384.0
2025-04-27 00:45:00+09:00,0.04408,0.04443,0.04392,0.04439,848032.0
2025-04-27 00:50:00+09:00,0.04438,0.04494,0.04426,0.04474,3592438.0
2025-04-27 00:55:00+09:00,0.04472,0.04508,0.04468,0.04499,4337147.0
2025-04-27 01:00:00+09:00,0.04499,0.04532,0.04439,0.04523,6391571.0
2025-04-27 01:05:00+09:00,0.04525,0.04579,0.04505,0.04522,7628803.0
2025-04-27 01:10:00+09:00,0.04523,0.04536,0.04482,0.04527,4391386.0
2025-04-27 01:15:00+09:00,0.04526,0.04532,0.0446,0.04499,4653433.0
2025-04-27 01:20:00+09:00,0.045,0.04526,0.04468,0.0452,2775258.0
2025-04-27 01:25:00+09:00,0.0452,0.04524,0.04475,0.0448,3134796.0
2025-04-27 01:30:00+09:00,0.04479,0.04479,0.04426,0.04451,2358129.0
2025-04-27 01:35:00+09:00,0.04451,0.04513,0.04417,0.04489,7972521.0
2025-04-27 01:40:00+09:00,0.04488,0.04498,0.04437,0.04458,3817648.0
2025-04-27 01:45:00+09:00,0.0446,0.04484,0.04444,0.04476,1080950.0
2025-04-27 01:50:00+09:00,0.04476,0.04496,0.04467,0.04467,1659823.0
2025-04-27 01:55:00+09:00,0.04468,0.04499,0.04468,0.04494,1775786.0
2025-04-27 02:00:00+09:00,0.04494,0.04518,0.0448,0.0451,1992248.0
2025-04-27 02:05:00+09:00,0.04511,0.04519,0.04465,0.04478,3702757.0
2025-04-27 02:10:00+09:00,0.04475,0.04508,0.04459,0.0446,3549167.0
2025-04-27 02:15:00+09:00,0.04461,0.04486,0.0445,0.0446,1041235.0
2025-04-27 02:20:00+09:00,0.04459,0.04479,0.04443,0.04469,1396994.0
2025-04-27 02:25:00+09:00,0.0447,0.04474,0.04449,0.04456,765361.0
2025-04-27 02:30:00+09:00,0.04456,0.04468,0.04444,0.04465,976022.0
2025-04-27 02:35:00+09:00,0.04465,0.0448,0.04462,0.04466,978798.0
2025-04-27 02:40:00+09:00,0.04467,0.04494,0.04466,0.04482,367880.0
2025-04-27 02:45:00+09:00,0.04481,0.04494,0.04475,0.04476,740136.0
2025-04-27 02:50:00+09:00,0.04476,0.04483,0.04469,0.04473,325937.0
2025-04-27 02:55:00+09:00,0.04472,0.04473,0.04449,0.04457,3012410.0
2025-04-27 03:00:00+09:00,0.04456,0.04458,0.04414,0.04435,1755826.0
2025-04-27 03:05:00+09:00,0.04436,0.0448,0.04436,0.0448,2802101.0
2025-04-27 03:10:00+09:00,0.0448,0.04513,0.04464,0.0447,1516813.0
2025-04-27 03:15:00+09:00,0.04471,0.04517,0.0447,0.04514,2972831.0
2025-04-27 03:20:00+09:00,0.04515,0.0454,0.0451,0.04527,1587786.0
2025-04-27 03:25:00+09:00,0.04529,0.04556,0.04529,0.04548,1043639.0
2025-04-27 03:30:00+09:00,0.04547,0.04549,0.04514,0.0452,1726738.0
2025-04-27 03:35:00+09:00,0.04519,0.04533,0.04512,0.04533,1015246.0
2025-04-27 03:40:00+09:00,0.04531,0.04542,0.04518,0.04525,1577762.0
2025-04-27 03:45:00+09:00,0.04526,0.04553,0.0452,0.04529,2157180.0
2025-04-27 03:50:00+09:00,0.04528,0.04528,0.04465,0.04471,2582245.0
2025-04-27 03:55:00+09:00,0.0447,0.04481,0.04445,0.04473,1761447.0
2025-04-27 04:00:00+09:00,0.04474,0.04502,0.04466,0.04499,1609575.0
2025-04-27 04:05:00+09:00,0.04499,0.04513,0.0449,0.0449,605678.0
2025-04-27 04:10:00+09:00,0.04491,0.04585,0.04469,0.04573,12847336.0
2025-04-27 04:15:00+09:00,0.0457,0.04572,0.04521,0.0455,6420854.0
2025-04-27 04:20:00+09:00,0.0455,0.04582,0.04543,0.04579,3308502.0
2025-04-27 04:25:00+09:00,0.04578,0.04623,0.04576,0.04616,6912347.0
2025-04-27 04:30:00+09:00,0.04617,0.04641,0.046,0.04617,3972530.0
2025-04-27 04:35:00+09:00,0.04616,0.04632,0.04587,0.04627,2086104.0
2025-04-27 04:40:00+09:00,0.04624,0.04641,0.046,0.04614,1425540.0
2025-04-27 04:45:00+09:00,0.04609,0.04638,0.04594,0.04597,1205018.0
2025-04-27 04:50:00+09:00,0.04596,0.04607,0.04565,0.04594,3305460.0
2025-04-27 04:55:00+09:00,0.04596,0.04602,0.04559,0.0458,2217581.0
2025-04-27 05:00:00+09:00,0.04579,0.04611,0.04569,0.0459,3665373.0
2025-04-27 05:05:00+09:00,0.0459,0.04609,0.04587,0.04591,846905.0
2025-04-27 05:10:00+09:00,0.04593,0.04614,0.0455,0.04596,8065171.0
2025-04-27 05:15:00+09:00,0.04595,0.04672,0.04592,0.04645,5396654.0
2025-04-27 05:20:00+09:00,0.04646,0.0466,0.04605,0.04629,3795957.0
2025-04-27 05:25:00+09:00,0.04628,0.04629,0.04603,0.04618,1274770.0
2025-04-27 05:30:00+09:00,0.04617,0.04618,0.04576,0.04598,1492125.0
2025-04-27 05:35:00+09:00,0.04598,0.04647,0.04597,0.04644,1636981.0
2025-04-27 05:40:00+09:00,0.04647,0.04673,0.04638,0.04669,4116196.0
2025-04-27 05:45:00+09:00,0.04665,0.04692,0.04657,0.04669,3552360.0
2025-04-27 05:50:00+09:00,0.04669,0.04688,0.04581,0.04586,7416063.0
2025-04-27 05:55:00+09:00,0.04587,0.0461,0.04562,0.04569,2739013.0
2025-04-27 06:00:00+09:00,0.04569,0.04592,0.04538,0.0457,3339425.0
2025-04-27 06:05:00+09:00,0.04571,0.0462,0.04569,0.04607,2914885.0
2025-04-27 06:10:00+09:00,0.04608,0.04612,0.04566,0.0457,1755626.0
2025-04-27 06:15:00+09:00,0.04569,0.04604,0.0456,0.04594,862192.0
2025-04-27 06:20:00+09:00,0.04593,0.0461,0.0457,0.0461,1166023.0
2025-04-27 06:25:00+09:00,0.04609,0.04637,0.04607,0.04632,1154522.0
2025-04-27 06:30:00+09:00,0.04632,0.0466,0.04606,0.04613,783379.0
2025-04-27 06:35:00+09:00,0.04612,0.04633,0.0459,0.04604,912294.0
2025-04-27 06:40:00+09:00,0.04604,0.04604,0.04574,0.04586,1128899.0
2025-04-27 06:45:00+09:00,0.04586,0.04601,0.04573,0.04581,998670.0
2025-04-27 06:50:00+09:00,0.04582,0.04585,0.04572,0.04584,418092.0
2025-04-27 06:55:00+09:00,0.04584,0.04599,0.04568,0.0458,546795.0
2025-04-27 07:00:00+09:00,0.0458,0.04608,0.04566,0.04602,2329350.0
2025-04-27 07:05:00+09:00,0.04602,0.04605,0.0457,0.04589,1479728.0
2025-04-27 07:10:00+09:00,0.0459,0.04609,0.04576,0.04604,799422.0
2025-04-27 07:15:00+09:00,0.04604,0.04656,0.04603,0.0463,2505228.0
2025-04-27 07:20:00+09:00,0.04632,0.04706,0.04622,0.04675,5129074.0
2025-04-27 07:25:00+09:00,0.04673,0.048,0.0467,0.04725,18726020.0
2025-04-27 07:30:00+09:00,0.04724,0.04771,0.04705,0.04716,5330336.0
2025-04-27 07:35:00+09:00,0.04715,0.04725,0.04697,0.04715,3140532.0
2025-04-27 07:40:00+09:00,0.04714,0.04714,0.04678,0.04694,1847700.0
2025-04-27 07:45:00+09:00,0.04695,0.04713,0.04667,0.04707,3282811.0
2025-04-27 07:50:00+09:00,0.04706,0.04711,0.04683,0.04693,1180754.0
2025-04-27 07:55:00+09:00,0.04693,0.04693,0.04653,0.04664,1865304.0
2025-04-27 08:00:00+09:00,0.04665,0.04669,0.04637,0.04637,3344114.0
2025-04-27 08:05:00+09:00,0.04637,0.0466,0.04628,0.04642,1799424.0
2025-04-27 08:10:00+09:00,0.04642,0.0468,0.04636,0.0466,2197815.0
2025-04-27 08:15:00+09:00,0.04659,0.04712,0.04658,0.04705,2338860.0
2025-04-27 08:20:00+09:00,0.04707,0.04726,0.04693,0.04726,1705920.0
2025-04-27 08:25:00+09:00,0.04725,0.04749,0.04721,0.04723,2257618.0
2025-04-27 08:30:00+09:00,0.04722,0.04736,0.04673,0.0473,3707969.0
2025-04-27 08:35:00+09:00,0.04728,0.04859,0.04727,0.04827,14534220.0
2025-04-27 08:40:00+09:00,0.04826,0.0487,0.04796,0.0486,9861416.0
2025-04-27 08:45:00+09:00,0.04857,0.04934,0.04842,0.04918,16124087.0
2025-04-27 08:50:00+09:00,0.04918,0.04924,0.04785,0.04849,12478318.0
2025-04-27 08:55:00+09:00,0.04855,0.04892,0.04823,0.04869,9929007.0
2025-04-27 09:00:00+09:00,0.04867,0.0487,0.0477,0.04833,9703265.0
2025-04-27 09:05:00+09:00,0.04832,0.04832,0.04704,0.0474,11336913.0
2025-04-27 09:10:00+09:00,0.04737,0.04776,0.04707,0.04736,6128438.0
2025-04-27 09:15:00+09:00,0.04737,0.04783,0.04709,0.04771,7150101.0
2025-04-27 09:20:00+09:00,0.04771,0.04778,0.04687,0.04698,5874002.0
2025-04-27 09:25:00+09:00,0.047,0.04703,0.04569,0.04589,19770204.0
2025-04-27 09:30:00+09:00,0.04589,0.04625,0.04528,0.04568,6195094.0
2025-04-27 09:35:00+09:00,0.04568,0.0459,0.04533,0.04573,7060505.0
2025-04-27 09:40:00+09:00,0.04574,0.04578,0.04517,0.04526,5841268.0
2025-04-27 09:45:00+09:00,0.04524,0.04587,0.04517,0.04579,3082125.0
2025-04-27 09:50:00+09:00,0.04579,0.04605,0.04576,0.0459,2852550.0
2025-04-27 09:55:00+09:00,0.04591,0.04632,0.0458,0.04614,4194857.0
2025-04-27 10:00:00+09:00,0.04615,0.04615,0.0458,0.04604,2126587.0
2025-04-27 10:05:00+09:00,0.04604,0.04619,0.04546,0.04565,4497030.0
2025-04-27 10:10:00+09:00,0.04566,0.04644,0.04566,0.04644,5062280.0
2025-04-27 10:15:00+09:00,0.04644,0.04682,0.04617,0.04619,4858806.0
2025-04-27 10:20:00+09:00,0.04618,0.04623,0.0446,0.04503,10946353.0
2025-04-27 10:25:00+09:00,0.04505,0.04507,0.0445,0.04487,8805057.0
2025-04-27 10:30:00+09:00,0.04488,0.0453,0.04442,0.04455,7660609.0
2025-04-27 10:35:00+09:00,0.04456,0.04549,0.04456,0.0453,4350490.0
2025-04-27 10:40:00+09:00,0.0453,0.04535,0.0448,0.04481,1927530.0
2025-04-27 10:45:00+09:00,0.04486,0.04487,0.04451,0.04477,2477537.0
2025-04-27 10:50:00+09:00,0.04476,0.04492,0.04404,0.04433,5592817.0
2025-04-27 10:55:00+09:00,0.04434,0.04442,0.04349,0.04365,8056368.0
2025-04-27 11:00:00+09:00,0.04365,0.0445,0.04308,0.04368,14755738.0
2025-04-27 11:05:00+09:00,0.04371,0.04399,0.04326,0.04376,7217606.0
2025-04-27 11:10:00+09:00,0.04376,0.04406,0.04373,0.04395,2247029.0
2025-04-27 11:15:00+09:00,0.04396,0.04401,0.04322,0.04346,3409447.0
2025-04-27 11:20:00+09:00,0.04348,0.04384,0.04337,0.0438,3230566.0
2025-04-27 11:25:00+09:00,0.04381,0.04383,0.04351,0.04369,2534028.0
2025-04-27 11:30:00+09:00,0.04369,0.0437,0.04332,0.04343,2283740.0
2025-04-27 11:35:00+09:00,0.04344,0.04374,0.04319,0.04327,4191447.0
2025-04-27 11:40:00+09:00,0.04327,0.04398,0.04326,0.04388,3416739.0
2025-04-27 11:45:00+09:00,0.04384,0.04407,0.04367,0.04378,4066157.0
2025-04-27 11:50:00+09:00,0.04375,0.04453,0.0437,0.04447,2315227.0
2025-04-27 11:55:00+09:00,0.04448,0.04449,0.04425,0.04433,1286422.0
2025-04-27 12:00:00+09:00,0.04432,0.04437,0.04397,0.04421,1690427.0
2025-04-27 12:05:00+09:00,0.04423,0.04442,0.04408,0.04438,2042156.0
2025-04-27 12:10:00+09:00,0.04439,0.04478,0.04439,0.04469,2768782.0
2025-04-27 12:15:00+09:00,0.04467,0.04494,0.04432,0.04439,2410239.0
2025-04-27 12:20:00+09:00,0.04438,0.0446,0.04434,0.04456,896306.0
2025-04-27 12:25:00+09:00,0.04454,0.04482,0.04438,0.04479,2400168.0
2025-04-27 12:30:00+09:00,0.04477,0.04494,0.04466,0.04483,2043729.0
2025-04-27 12:35:00+09:00,0.04482,0.04491,0.04461,0.04489,776478.0
2025-04-27 12:40:00+09:00,0.04489,0.04511,0.04464,0.04496,1675855.0
2025-04-27 12:45:00+09:00,0.04494,0.04514,0.0448,0.04485,1151729.0
2025-04-27 12:50:00+09:00,0.04483,0.04503,0.04476,0.04497,1285825.0
2025-04-27 12:55:00+09:00,0.04496,0.04518,0.04493,0.045,643202.0
2025-04-27 13:00:00+09:00,0.04498,0.04498,0.04466,0.04469,1084695.0
2025-04-27 13:05:00+09:00,0.04468,0.04502,0.04465,0.045,955106.0
2025-04-27 13:10:00+09:00,0.04498,0.04521,0.0448,0.04516,1224747.0
2025-04-27 13:15:00+09:00,0.04517,0.04539,0.04513,0.04532,1132400.0
2025-04-27 13:20:00+09:00,0.04531,0.04531,0.04463,0.04469,2003482.0
2025-04-27 13:25:00+09:00,0.04466,0.04468,0.04416,0.0443,3780723.0
2025-04-27 13:30:00+09:00,0.0443,0.04439,0.04383,0.04384,2892484.0
2025-04-27 13:35:00+09:00,0.04387,0.044,0.04367,0.04371,2305964.0
2025-04-27 13:40:00+09:00,0.04374,0.04411,0.04358,0.04369,7158225.0
2025-04-27 13:45:00+09:00,0.0437,0.04381,0.04355,0.04362,1148021.0
2025-04-27 13:50:00+09:00,0.0436,0.04362,0.04334,0.04338,941603.0
2025-04-27 13:55:00+09:00,0.04338,0.04367,0.04333,0.04348,1531531.0
2025-04-27 14:00:00+09:00,0.04349,0.04376,0.04345,0.04358,2281465.0
2025-04-27 14:05:00+09:00,0.04357,0.04408,0.04349,0.04394,2776826.0
2025-04-27 14:10:00+09:00,0.04393,0.04393,0.04374,0.0438,971909.0
2025-04-27 14:15:00+09:00,0.04379,0.04406,0.04367,0.0437,1145465.0
2025-04-27 14:20:00+09:00,0.04367,0.04367,0.04316,0.04318,2469743.0
2025-04-27 14:25:00+09:00,0.04318,0.04329,0.04285,0.0429,3633203.0
2025-04-27 14:30:00+09:00,0.0429,0.04328,0.04286,0.04317,2042568.0
2025-04-27 14:35:00+09:00,0.04314,0.04326,0.04299,0.04317,1054573.0
2025-04-27 14:40:00+09:00,0.04317,0.04335,0.04314,0.0433,1670816.0
2025-04-27 14:45:00+09:00,0.04329,0.04344,0.04313,0.04326,2685505.0
2025-04-27 14:50:00+09:00,0.04328,0.04328,0.04303,0.04319,777583.0
2025-04-27 14:55:00+09:00,0.04319,0.04323,0.04304,0.04313,1198055.0
2025-04-27 15:00:00+09:00,0.04312,0.04337,0.04298,0.04335,1344424.0
2025-04-27 15:05:00+09:00,0.04335,0.04339,0.04318,0.04337,462990.0
2025-04-27 15:10:00+09:00,0.04338,0.04359,0.04333,0.0435,1000863.0
2025-04-27 15:15:00+09:00,0.04349,0.04352,0.04341,0.04344,603278.0
2025-04-27 15:20:00+09:00,0.04345,0.04365,0.04325,0.04355,1772265.0
2025-04-27 15:25:00+09:00,0.04354,0.04355,0.04325,0.04329,707979.0
2025-04-27 15:30:00+09:00,0.04332,0.04346,0.04317,0.04326,1781217.0
2025-04-27 15:35:00+09:00,0.04324,0.04324,0.04289,0.04296,2586384.0
2025-04-27 15:40:00+09:00,0.04295,0.04314,0.0429,0.04292,705334.0
2025-04-27 15:45:00+09:00,0.04293,0.04293,0.04256,0.04266,1584841.0
2025-04-27 15:50:00+09:00,0.04268,0.04294,0.04259,0.04291,1946632.0
2025-04-27 15:55:00+09:00,0.04289,0.04298,0.04269,0.04288,1948424.0
2025-04-27 16:00:00+09:00,0.04289,0.04339,0.04285,0.0432,5095569.0
2025-04-27 16:05:00+09:00,0.0432,0.0433,0.04301,0.04302,730276.0
2025-04-27 16:10:00+09:00,0.04302,0.0431,0.0429,0.04308,1017783.0
2025-04-27 16:15:00+09:00,0.04308,0.04372,0.04308,0.04364,1904092.0
2025-04-27 16:20:00+09:00,0.04363,0.04378,0.04355,0.04358,693295.0
2025-04-27 16:25:00+09:00,0.04358,0.04366,0.04351,0.04357,661540.0
2025-04-27 16:30:00+09:00,0.04357,0.0437,0.0432,0.04326,2030041.0
2025-04-27 16:35:00+09:00,0.04326,0.04333,0.04318,0.04331,340096.0
2025-04-27 16:40:00+09:00,0.04329,0.04352,0.0432,0.04352,704624.0
2025-04-27 16:45:00+09:00,0.04352,0.04367,0.04337,0.04356,512989.0
2025-04-27 16:50:00+09:00,0.04356,0.04368,0.04351,0.04367,420665.0
2025-04-27 16:55:00+09:00,0.04368,0.04374,0.04353,0.04365,807082.0
2025-04-27 17:00:00+09:00,0.04364,0.04365,0.04331,0.04353,1457340.0
2025-04-27 17:05:00+09:00,0.04354,0.04439,0.04351,0.04401,5224990.0
2025-04-27 17:10:00+09:00,0.04404,0.04457,0.04404,0.04441,2423794.0
2025-04-27 17:15:00+09:00,0.04442,0.04503,0.04442,0.04455,2954947.0
2025-04-27 17:20:00+09:00,0.04457,0.04493,0.04456,0.04469,2003046.0
2025-04-27 17:25:00+09:00,0.04471,0.04477,0.04457,0.04458,962895.0
2025-04-27 17:30:00+09:00,0.04459,0.04507,0.04452,0.04491,3030673.0
2025-04-27 17:35:00+09:00,0.04489,0.04493,0.04472,0.04479,987275.0
2025-04-27 17:40:00+09:00,0.04481,0.04541,0.0448,0.04535,2681680.0
2025-04-27 17:45:00+09:00,0.04534,0.04585,0.04528,0.04533,5881859.0
2025-04-27 17:50:00+09:00,0.04536,0.04607,0.04536,0.04607,4302671.0
2025-04-27 17:55:00+09:00,0.04606,0.04625,0.04574,0.04612,4014961.0
2025-04-27 18:00:00+09:00,0.04612,0.04632,0.04544,0.04584,6369700.0
2025-04-27 18:05:00+09:00,0.04588,0.046,0.04556,0.04586,2380826.0
2025-04-27 18:10:00+09:00,0.04588,0.04606,0.04553,0.04581,4851290.0
2025-04-27 18:15:00+09:00,0.04583,0.04638,0.04583,0.04615,4079144.0
2025-04-27 18:20:00+09:00,0.04617,0.04635,0.0457,0.04581,1873351.0
2025-04-27 18:25:00+09:00,0.04583,0.04587,0.04547,0.04548,2497723.0
2025-04-27 18:30:00+09:00,0.0455,0.04558,0.04525,0.04551,2175363.0
2025-04-27 18:35:00+09:00,0.04551,0.04557,0.0453,0.04549,1135172.0
2025-04-27 18:40:00+09:00,0.0455,0.04608,0.0455,0.04594,2416263.0
2025-04-27 18:45:00+09:00,0.04591,0.04593,0.04545,0.04556,1128062.0
2025-04-27 18:50:00+09:00,0.04556,0.04556,0.04524,0.04531,1745070.0
2025-04-27 18:55:00+09:00,0.04531,0.04542,0.04526,0.04535,1426348.0
2025-04-27 19:00:00+09:00,0.04535,0.04542,0.04431,0.04466,8832565.0
2025-04-27 19:05:00+09:00,0.04467,0.04481,0.04447,0.04468,4045692.0
2025-04-27 19:10:00+09:00,0.04467,0.04468,0.04434,0.04451,1955423.0
2025-04-27 19:15:00+09:00,0.04449,0.04449,0.04363,0.04381,5834526.0
2025-04-27 19:20:00+09:00,0.04379,0.04393,0.04371,0.04385,2123166.0
2025-04-27 19:25:00+09:00,0.04383,0.04383,0.04351,0.04353,1707291.0
2025-04-27 19:30:00+09:00,0.04352,0.04386,0.04348,0.04377,2671538.0
2025-04-27 19:35:00+09:00,0.04377,0.04389,0.04321,0.04329,4391150.0
2025-04-27 19:40:00+09:00,0.04329,0.04365,0.04327,0.04357,2112814.0
2025-04-27 19:45:00+09:00,0.04358,0.04391,0.04351,0.04385,3043352.0
2025-04-27 19:50:00+09:00,0.04383,0.0439,0.0434,0.04352,2049287.0
2025-04-27 19:55:00+09:00,0.04351,0.04375,0.04342,0.04368,1012635.0
2025-04-27 20:00:00+09:00,0.04368,0.04389,0.04361,0.04379,2334755.0
2025-04-27 20:05:00+09:00,0.04377,0.04412,0.04374,0.04386,1331103.0
2025-04-27 20:10:00+09:00,0.04387,0.04415,0.04387,0.04407,766926.0
2025-04-27 20:15:00+09:00,0.04405,0.04406,0.04387,0.04388,485075.0
2025-04-27 20:20:00+09:00,0.04387,0.04392,0.04357,0.04383,973562.0
2025-04-27 20:25:00+09:00,0.04381,0.044,0.04379,0.04395,723121.0
2025-04-27 20:30:00+09:00,0.04396,0.04402,0.04362,0.04371,1514860.0
2025-04-27 20:35:00+09:00,0.04371,0.04386,0.04344,0.04352,1130099.0
2025-04-27 20:40:00+09:00,0.0435,0.04357,0.04323,0.0433,2825399.0
2025-04-27 20:45:00+09:00,0.04329,0.04345,0.04321,0.04325,1370828.0
2025-04-27 20:50:00+09:00,0.04329,0.04354,0.04322,0.04322,1194087.0
2025-04-27 20:55:00+09:00,0.04321,0.04343,0.04315,0.0433,1347963.0
2025-04-27 21:00:00+09:00,0.04328,0.04346,0.04322,0.04334,1815938.0
2025-04-27 21:05:00+09:00,0.04334,0.04336,0.04311,0.0433,588137.0
2025-04-27 21:10:00+09:00,0.0433,0.04338,0.04289,0.04306,3321356.0
2025-04-27 21:15:00+09:00,0.04308,0.04342,0.04301,0.0434,1929816.0
2025-04-27 21:20:00+09:00,0.04341,0.04361,0.04329,0.04337,1775034.0
2025-04-27 21:25:00+09:00,0.04336,0.04336,0.043,0.04306,1940124.0
2025-04-27 21:30:00+09:00,0.04304,0.04304,0.04242,0.04265,4112350.0
2025-04-27 21:35:00+09:00,0.04263,0.04278,0.04236,0.0426,2144458.0
2025-04-27 21:40:00+09:00,0.04262,0.04282,0.0425,0.04259,1704310.0
2025-04-27 21:45:00+09:00,0.04262,0.04304,0.0425,0.04269,2195889.0
2025-04-27 21:50:00+09:00,0.04268,0.04284,0.04254,0.04268,1088097.0
2025-04-27 21:55:00+09:00,0.04267,0.04279,0.04237,0.04248,2104633.0
2025-04-27 22:00:00+09:00,0.0425,0.04284,0.04242,0.04269,3230441.0
2025-04-27 22:05:00+09:00,0.0427,0.04271,0.04156,0.04193,7973216.0
2025-04-27 22:10:00+09:00,0.042,0.04238,0.04197,0.04235,3741545.0
2025-04-27 22:15:00+09:00,0.04234,0.04247,0.04172,0.04222,5463904.0
2025-04-27 22:20:00+09:00,0.04223,0.04229,0.04195,0.04205,5072644.0
2025-04-27 22:25:00+09:00,0.04204,0.04222,0.04201,0.04214,1295035.0
2025-04-27 22:30:00+09:00,0.04217,0.04281,0.04217,0.04262,2146764.0
2025-04-27 22:35:00+09:00,0.04261,0.04271,0.04243,0.04269,1551766.0
2025-04-27 22:40:00+09:00,0.0427,0.04294,0.04259,0.04286,1560396.0
2025-04-27 22:45:00+09:00,0.04284,0.04313,0.04272,0.04288,1709501.0
2025-04-27 22:50:00+09:00,0.04287,0.0429,0.04271,0.04278,1254365.0
2025-04-27 22:55:00+09:00,0.04278,0.04289,0.04275,0.04285,758051.0
2025-04-27 23:00:00+09:00,0.04284,0.04308,0.04274,0.04279,1492266.0
2025-04-27 23:05:00+09:00,0.0428,0.0435,0.0428,0.04333,1834610.0
2025-04-27 23:10:00+09:00,0.04332,0.04366,0.04324,0.04346,1714040.0
2025-04-27 23:15:00+09:00,0.04345,0.04401,0.04342,0.04401,1701400.0
2025-04-27 23:20:00+09:00,0.044,0.04401,0.04367,0.04386,1878585.0
2025-04-27 23:25:00+09:00,0.04385,0.04403,0.04354,0.04366,1758814.0
2025-04-27 23:30:00+09:00,0.04363,0.04367,0.04323,0.04329,1331785.0
2025-04-27 23:35:00+09:00,0.0433,0.04336,0.04316,0.04328,877255.0
2025-04-27 23:40:00+09:00,0.04329,0.04331,0.04274,0.04289,1798890.0
2025-04-27 23:45:00+09:00,0.04288,0.04314,0.04288,0.04308,1105235.0
2025-04-27 23:50:00+09:00,0.04308,0.0431,0.04278,0.04278,713268.0
2025-04-27 23:55:00+09:00,0.0428,0.04311,0.0428,0.04304,1556666.0
2025-04-28 00:00:00+09:00,0.04304,0.04313,0.04274,0.04274,873518.0
2025-04-28 00:05:00+09:00,0.04277,0.04284,0.04246,0.04252,2177435.0
2025-04-28 00:10:00+09:00,0.04254,0.04273,0.0424,0.04258,1943596.0
2025-04-28 00:15:00+09:00,0.04258,0.04287,0.04256,0.04287,284532.0
2025-04-28 00:20:00+09:00,0.04286,0.04301,0.04278,0.04291,545519.0
2025-04-28 00:25:00+09:00,0.04292,0.04298,0.04255,0.04257,1068386.0
2025-04-28 00:30:00+09:00,0.04258,0.04285,0.04256,0.04272,1299827.0
2025-04-28 00:35:00+09:00,0.04269,0.04294,0.04269,0.04279,601055.0
2025-04-28 00:40:00+09:00,0.0428,0.04311,0.04269,0.04295,1038331.0
2025-04-28 00:45:00+09:00,0.04297,0.04331,0.0429,0.0432,2795976.0
2025-04-28 00:50:00+09:00,0.04318,0.04336,0.04314,0.04323,1436667.0
2025-04-28 00:55:00+09:00,0.04325,0.04344,0.04319,0.04332,741586.0
2025-04-28 01:00:00+09:00,0.04334,0.04343,0.04319,0.04334,2022899.0
2025-04-28 01:05:00+09:00,0.04333,0.0434,0.04306,0.04323,2292414.0
2025-04-28 01:10:00+09:00,0.04328,0.04353,0.04311,0.04344,2239947.0
2025-04-28 01:15:00+09:00,0.04346,0.04367,0.04324,0.04331,2082696.0
2025-04-28 01:20:00+09:00,0.0433,0.04371,0.0433,0.04341,3474904.0
2025-04-28 01:25:00+09:00,0.04341,0.04346,0.04323,0.04329,582814.0
2025-04-28 01:30:00+09:00,0.04328,0.04328,0.04292,0.04302,2330049.0
2025-04-28 01:35:00+09:00,0.04305,0.04322,0.04282,0.04315,2277250.0
2025-04-28 01:40:00+09:00,0.04317,0.04326,0.04304,0.04323,626189.0
2025-04-28 01:45:00+09:00,0.04326,0.04349,0.04321,0.04347,1110030.0
2025-04-28 01:50:00+09:00,0.04347,0.04355,0.04326,0.0434,719276.0
2025-04-28 01:55:00+09:00,0.04343,0.04343,0.04297,0.04311,1294066.0
2025-04-28 02:00:00+09:00,0.04311,0.04316,0.04267,0.04294,2451514.0
2025-04-28 02:05:00+09:00,0.04293,0.0431,0.04283,0.04291,1106691.0
2025-04-28 02:10:00+09:00,0.04291,0.04301,0.04264,0.04266,1267993.0
2025-04-28 02:15:00+09:00,0.04266,0.04292,0.04261,0.04275,868085.0
2025-04-28 02:20:00+09:00,0.04278,0.04286,0.04246,0.04258,7153368.0
2025-04-28 02:25:00+09:00,0.0426,0.04268,0.04236,0.0426,3026121.0
2025-04-28 02:30:00+09:00,0.04264,0.04278,0.04256,0.04259,747174.0
2025-04-28 02:35:00+09:00,0.0426,0.04261,0.04227,0.04232,1194139.0
2025-04-28 02:40:00+09:00,0.04233,0.04273,0.0423,0.04268,876010.0
2025-04-28 02:45:00+09:00,0.04267,0.04291,0.04263,0.0428,936024.0
2025-04-28 02:50:00+09:00,0.04281,0.04282,0.04252,0.04252,768916.0
2025-04-28 02:55:00+09:00,0.04253,0.04276,0.0425,0.04268,472999.0
2025-04-28 03:00:00+09:00,0.0427,0.0427,0.04251,0.04263,989628.0
2025-04-28 03:05:00+09:00,0.04266,0.0429,0.04264,0.04283,573553.0
2025-04-28 03:10:00+09:00,0.04283,0.04292,0.04269,0.04284,729822.0
2025-04-28 03:15:00+09:00,0.04283,0.04317,0.04283,0.04315,1083238.0
2025-04-28 03:20:00+09:00,0.04317,0.04369,0.04317,0.04363,2255883.0
2025-04-28 03:25:00+09:00,0.04363,0.04371,0.04329,0.04332,1866028.0
2025-04-28 03:30:00+09:00,0.04331,0.04343,0.04313,0.04325,1869324.0
2025-04-28 03:35:00+09:00,0.04324,0.04342,0.04319,0.04342,820518.0
2025-04-28 03:40:00+09:00,0.04342,0.04362,0.04342,0.04353,605292.0
2025-04-28 03:45:00+09:00,0.04352,0.04368,0.04341,0.04348,1519242.0
2025-04-28 03:50:00+09:00,0.04348,0.04348,0.04331,0.04345,1012870.0
2025-04-28 03:55:00+09:00,0.04344,0.04353,0.04338,0.04353,426653.0
2025-04-28 04:00:00+09:00,0.04353,0.04355,0.04309,0.04313,1009353.0
2025-04-28 04:05:00+09:00,0.04312,0.04332,0.04312,0.04328,453780.0
2025-04-28 04:10:00+09:00,0.04329,0.04329,0.04295,0.04299,639326.0
2025-04-28 04:15:00+09:00,0.04301,0.04311,0.0429,0.04302,615329.0
2025-04-28 04:20:00+09:00,0.04302,0.04302,0.04266,0.04273,1044844.0
2025-04-28 04:25:00+09:00,0.04273,0.04305,0.04268,0.04289,874811.0
2025-04-28 04:30:00+09:00,0.04288,0.043,0.04265,0.043,868728.0
2025-04-28 04:35:00+09:00,0.04298,0.04342,0.04298,0.04341,3011256.0
2025-04-28 04:40:00+09:00,0.04343,0.0437,0.0434,0.04369,1231397.0
2025-04-28 04:45:00+09:00,0.04368,0.04379,0.04343,0.04349,633181.0
2025-04-28 04:50:00+09:00,0.04351,0.04365,0.04344,0.04363,492516.0
2025-04-28 04:55:00+09:00,0.04363,0.04363,0.04335,0.04348,948780.0
2025-04-28 05:00:00+09:00,0.04347,0.0435,0.04308,0.04309,774564.0
2025-04-28 05:05:00+09:00,0.04311,0.04336,0.04302,0.04309,840063.0
2025-04-28 05:10:00+09:00,0.0431,0.04324,0.04291,0.043,851858.0
2025-04-28 05:15:00+09:00,0.04298,0.0432,0.04297,0.04319,693796.0
2025-04-28 05:20:00+09:00,0.04318,0.04325,0.04309,0.04318,363267.0
2025-04-28 05:25:00+09:00,0.04319,0.04353,0.04317,0.04346,703751.0
2025-04-28 05:30:00+09:00,0.04346,0.04366,0.04342,0.04363,905966.0
2025-04-28 05:35:00+09:00,0.04366,0.04376,0.04355,0.04376,602390.0
2025-04-28 05:40:00+09:00,0.04375,0.04375,0.04337,0.04341,372872.0
2025-04-28 05:45:00+09:00,0.04339,0.04359,0.04332,0.04357,457716.0
2025-04-28 05:50:00+09:00,0.04357,0.04366,0.04352,0.04355,734686.0
2025-04-28 05:55:00+09:00,0.04356,0.04365,0.04346,0.04363,459145.0
2025-04-28 06:00:00+09:00,0.04363,0.04379,0.04355,0.04357,875965.0
2025-04-28 06:05:00+09:00,0.04358,0.044,0.04358,0.04397,1663324.0
2025-04-28 06:10:00+09:00,0.04399,0.04441,0.04391,0.04412,2230665.0
2025-04-28 06:15:00+09:00,0.04413,0.0445,0.04413,0.04418,1356348.0
2025-04-28 06:20:00+09:00,0.04418,0.04446,0.04417,0.04437,504895.0
2025-04-28 06:25:00+09:00,0.04437,0.04447,0.04427,0.04429,930874.0
2025-04-28 06:30:00+09:00,0.0443,0.04447,0.04412,0.04429,986779.0
2025-04-28 06:35:00+09:00,0.04428,0.04432,0.04419,0.04432,313829.0
2025-04-28 06:40:00+09:00,0.04433,0.04436,0.0441,0.04411,938812.0
2025-04-28 06:45:00+09:00,0.04413,0.04416,0.04411,0.04413,242835.0
2025-04-28 06:50:00+09:00,0.04414,0.04425,0.04414,0.04414,191946.0
2025-04-28 06:55:00+09:00,0.04414,0.04419,0.04401,0.04403,368301.0
2025-04-28 07:00:00+09:00,0.04404,0.04426,0.04395,0.04399,2158700.0
2025-04-28 07:05:00+09:00,0.04398,0.0441,0.04381,0.04397,1307875.0
2025-04-28 07:10:00+09:00,0.04398,0.04401,0.04371,0.04377,1049991.0
2025-04-28 07:15:00+09:00,0.04376,0.0438,0.04359,0.04368,821035.0
2025-04-28 07:20:00+09:00,0.0437,0.0437,0.04353,0.04359,520797.0
2025-04-28 07:25:00+09:00,0.0436,0.04366,0.04323,0.04327,1800968.0
2025-04-28 07:30:00+09:00,0.04327,0.04327,0.04288,0.04316,1820564.0
2025-04-28 07:35:00+09:00,0.04317,0.04352,0.04312,0.04347,1311856.0
2025-04-28 07:40:00+09:00,0.04349,0.04402,0.04349,0.044,1452545.0
2025-04-28 07:45:00+09:00,0.04397,0.04398,0.04366,0.04379,886349.0
2025-04-28 07:50:00+09:00,0.0438,0.04381,0.04337,0.04349,991256.0
2025-04-28 07:55:00+09:00,0.04349,0.04359,0.04331,0.04342,479068.0
2025-04-28 08:00:00+09:00,0.04341,0.04341,0.04308,0.04318,825241.0
2025-04-28 08:05:00+09:00,0.04316,0.04327,0.04298,0.04327,1075588.0
2025-04-28 08:10:00+09:00,0.04326,0.04351,0.04317,0.0433,1888502.0
2025-04-28 08:15:00+09:00,0.04331,0.04352,0.04328,0.04346,963561.0
2025-04-28 08:20:00+09:00,0.04349,0.04358,0.04311,0.04318,366738.0
2025-04-28 08:25:00+09:00,0.04319,0.04351,0.04313,0.04351,666704.0
2025-04-28 08:30:00+09:00,0.04349,0.0436,0.04314,0.04349,5043146.0
2025-04-28 08:35:00+09:00,0.04351,0.04366,0.04329,0.04337,985164.0
2025-04-28 08:40:00+09:00,0.04338,0.04358,0.04328,0.04341,625927.0
2025-04-28 08:45:00+09:00,0.04341,0.04367,0.04341,0.04353,603166.0
2025-04-28 08:50:00+09:00,0.04352,0.04405,0.04352,0.04404,1347022.0
2025-04-28 08:55:00+09:00,0.04404,0.04411,0.04385,0.04391,1044970.0
2025-04-28 09:00:00+09:00,0.04392,0.04408,0.04345,0.04346,2034755.0
2025-04-28 09:05:00+09:00,0.04346,0.04371,0.04316,0.04346,2203709.0
2025-04-28 09:10:00+09:00,0.04346,0.04354,0.04288,0.04302,3223965.0
2025-04-28 09:15:00+09:00,0.04305,0.04343,0.04297,0.04326,2510150.0
2025-04-28 09:20:00+09:00,0.04326,0.04343,0.04274,0.04276,2410957.0
2025-04-28 09:25:00+09:00,0.04277,0.04294,0.0424,0.04284,4630797.0
2025-04-28 09:30:00+09:00,0.04286,0.04304,0.04249,0.04292,1601941.0
2025-04-28 09:35:00+09:00,0.04292,0.04304,0.04254,0.04273,2316185.0
2025-04-28 09:40:00+09:00,0.04275,0.04297,0.04259,0.04261,696938.0
2025-04-28 09:45:00+09:00,0.0426,0.04264,0.0421,0.04219,3570143.0
2025-04-28 09:50:00+09:00,0.04219,0.04268,0.04213,0.04247,1833801.0
2025-04-28 09:55:00+09:00,0.04246,0.04279,0.04246,0.0426,1509236.0
2025-04-28 10:00:00+09:00,0.0426,0.04287,0.04252,0.04278,1184802.0
2025-04-28 10:05:00+09:00,0.04276,0.04293,0.04248,0.04278,3301128.0
2025-04-28 10:10:00+09:00,0.04279,0.04304,0.04273,0.04303,1922831.0
2025-04-28 10:15:00+09:00,0.04305,0.04323,0.04267,0.04267,1582310.0
2025-04-28 10:20:00+09:00,0.04269,0.04279,0.04245,0.04254,2001148.0
2025-04-28 10:25:00+09:00,0.04255,0.04277,0.04246,0.04261,2430035.0
2025-04-28 10:30:00+09:00,0.04262,0.04275,0.04183,0.04185,2671729.0
2025-04-28 10:35:00+09:00,0.04189,0.04195,0.04084,0.04118,10946751.0
2025-04-28 10:40:00+09:00,0.0412,0.04129,0.04058,0.04094,9878206.0
2025-04-28 10:45:00+09:00,0.04094,0.04144,0.04092,0.04131,3558544.0
2025-04-28 10:50:00+09:00,0.04132,0.04181,0.04126,0.04169,1551282.0
2025-04-28 10:55:00+09:00,0.04171,0.04198,0.04159,0.04183,4703263.0
2025-04-28 11:00:00+09:00,0.04183,0.04217,0.04166,0.04195,2613766.0
2025-04-28 11:05:00+09:00,0.04195,0.04257,0.04195,0.04246,2225905.0
2025-04-28 11:10:00+09:00,0.04246,0.04266,0.04228,0.04231,1990534.0
2025-04-28 11:15:00+09:00,0.04235,0.04272,0.04228,0.0426,1231957.0
2025-04-28 11:20:00+09:00,0.04261,0.04321,0.04247,0.04305,2827875.0
2025-04-28 11:25:00+09:00,0.04307,0.04307,0.04274,0.04287,2474227.0
2025-04-28 11:30:00+09:00,0.04287,0.0429,0.04243,0.04247,2059716.0
2025-04-28 11:35:00+09:00,0.0425,0.04266,0.04244,0.04263,597353.0
2025-04-28 11:40:00+09:00,0.04264,0.04269,0.04234,0.04245,787810.0
2025-04-28 11:45:00+09:00,0.04248,0.0427,0.04238,0.04261,1056586.0
2025-04-28 11:50:00+09:00,0.04258,0.04298,0.0425,0.04285,2704052.0
2025-04-28 11:55:00+09:00,0.04284,0.0429,0.04274,0.04284,551786.0
2025-04-28 12:00:00+09:00,0.04285,0.04288,0.04255,0.04276,872008.0
2025-04-28 12:05:00+09:00,0.04273,0.04274,0.04252,0.04267,1964650.0
2025-04-28 12:10:00+09:00,0.04268,0.04283,0.0426,0.04276,638619.0
2025-04-28 12:15:00+09:00,0.04275,0.04284,0.04265,0.04277,1207752.0
2025-04-28 12:20:00+09:00,0.04277,0.04286,0.04255,0.0428,1326591.0
2025-04-28 12:25:00+09:00,0.04279,0.04281,0.04266,0.04274,1356783.0
2025-04-28 12:30:00+09:00,0.04273,0.0433,0.04272,0.04315,2838622.0
2025-04-28 12:35:00+09:00,0.04315,0.04317,0.0429,0.04307,827873.0
2025-04-28 12:40:00+09:00,0.04307,0.04308,0.04277,0.04289,2761191.0
2025-04-28 12:45:00+09:00,0.04292,0.0433,0.04292,0.04328,2417293.0
2025-04-28 12:50:00+09:00,0.04329,0.04332,0.04304,0.0432,993119.0
2025-04-28 12:55:00+09:00,0.04319,0.04324,0.04318,0.04324,211469.0
2025-04-28 13:00:00+09:00,0.04324,0.04352,0.04316,0.04339,1195288.0
2025-04-28 13:05:00+09:00,0.04341,0.04391,0.04337,0.04371,3577278.0
2025-04-28 13:10:00+09:00,0.0437,0.04439,0.04365,0.04417,3569503.0
2025-04-28 13:15:00+09:00,0.04418,0.04493,0.044,0.04493,5036950.0
2025-04-28 13:20:00+09:00,0.04493,0.04494,0.04453,0.04465,6607416.0
2025-04-28 13:25:00+09:00,0.04465,0.04476,0.04426,0.04434,2777108.0
2025-04-28 13:30:00+09:00,0.04436,0.04438,0.04343,0.04374,6986233.0
2025-04-28 13:35:00+09:00,0.04372,0.04411,0.04366,0.04399,2282858.0
2025-04-28 13:40:00+09:00,0.04399,0.04413,0.04385,0.04385,1981495.0
2025-04-28 13:45:00+09:00,0.04384,0.044,0.04373,0.04388,2018406.0
2025-04-28 13:50:00+09:00,0.04388,0.04408,0.04382,0.04388,1008389.0
2025-04-28 13:55:00+09:00,0.04388,0.04432,0.04388,0.04427,824727.0
2025-04-28 14:00:00+09:00,0.04425,0.04486,0.04406,0.04459,3527389.0
2025-04-28 14:05:00+09:00,0.04457,0.04569,0.04457,0.04544,6592862.0
2025-04-28 14:10:00+09:00,0.04545,0.04567,0.04513,0.04553,5481129.0
2025-04-28 14:15:00+09:00,0.0455,0.046,0.04531,0.04587,3357170.0
2025-04-28 14:20:00+09:00,0.04586,0.04607,0.04568,0.04589,4206068.0
2025-04-28 14:25:00+09:00,0.04589,0.04613,0.04567,0.04584,3144144.0
2025-04-28 14:30:00+09:00,0.04584,0.04594,0.04551,0.04559,3458606.0
2025-04-28 14:35:00+09:00,0.0456,0.04565,0.04521,0.04551,2544516.0
2025-04-28 14:40:00+09:00,0.04551,0.04567,0.04536,0.04539,1709576.0
2025-04-28 14:45:00+09:00,0.04536,0.04616,0.04534,0.0461,2855417.0
2025-04-28 14:50:00+09:00,0.0461,0.04664,0.04606,0.04636,4923848.0
2025-04-28 14:55:00+09:00,0.04635,0.04636,0.04601,0.04625,2933415.0
2025-04-28 15:00:00+09:00,0.04624,0.04657,0.0461,0.04634,4026826.0
2025-04-28 15:05:00+09:00,0.04635,0.04653,0.04586,0.04587,3944867.0
2025-04-28 15:10:00+09:00,0.04586,0.04599,0.04563,0.04599,2228924.0
2025-04-28 15:15:00+09:00,0.046,0.04677,0.046,0.04673,3195347.0
2025-04-28 15:20:00+09:00,0.04677,0.04754,0.04675,0.04714,7404035.0
2025-04-28 15:25:00+09:00,0.04712,0.04714,0.0464,0.0466,4066750.0
2025-04-28 15:30:00+09:00,0.04659,0.04706,0.04656,0.04705,1807767.0
2025-04-28 15:35:00+09:00,0.04704,0.04749,0.04698,0.04731,1579178.0
2025-04-28 15:40:00+09:00,0.04729,0.04779,0.04714,0.04746,6926685.0
2025-04-28 15:45:00+09:00,0.04745,0.04772,0.04664,0.04673,6452277.0
2025-04-28 15:50:00+09:00,0.04672,0.0471,0.04656,0.04697,2076716.0
2025-04-28 15:55:00+09:00,0.04698,0.04743,0.04698,0.04722,1749681.0
2025-04-28 16:00:00+09:00,0.04724,0.04757,0.04697,0.04714,3271753.0
2025-04-28 16:05:00+09:00,0.04713,0.04735,0.04683,0.04688,3262566.0
2025-04-28 16:10:00+09:00,0.04689,0.04721,0.04625,0.04648,7566655.0
2025-04-28 16:15:00+09:00,0.04648,0.04654,0.04622,0.04644,2149408.0
2025-04-28 16:20:00+09:00,0.04644,0.04658,0.04604,0.0461,2350034.0
2025-04-28 16:25:00+09:00,0.04613,0.04647,0.04606,0.04634,3173358.0
2025-04-28 16:30:00+09:00,0.04632,0.04645,0.04621,0.04622,1495383.0
2025-04-28 16:35:00+09:00,0.04623,0.04668,0.04619,0.04664,1700054.0
2025-04-28 16:40:00+09:00,0.04662,0.04718,0.04662,0.04696,2385899.0
2025-04-28 16:45:00+09:00,0.04695,0.04695,0.04635,0.04643,3432863.0
2025-04-28 16:50:00+09:00,0.04641,0.0469,0.04634,0.0468,1956750.0
2025-04-28 16:55:00+09:00,0.04681,0.04709,0.04677,0.04709,1387997.0
2025-04-28 17:00:00+09:00,0.0471,0.04712,0.04646,0.04654,1412088.0
2025-04-28 17:05:00+09:00,0.04653,0.04668,0.04626,0.04634,2774267.0
2025-04-28 17:10:00+09:00,0.04637,0.04642,0.0454,0.04562,8774316.0
2025-04-28 17:15:00+09:00,0.04563,0.04586,0.0454,0.04568,2945459.0
2025-04-28 17:20:00+09:00,0.04569,0.04644,0.04561,0.04625,4293156.0
2025-04-28 17:25:00+09:00,0.04623,0.04674,0.04622,0.04655,2621428.0
2025-04-28 17:30:00+09:00,0.04656,0.04687,0.04654,0.04678,2378118.0
2025-04-28 17:35:00+09:00,0.04677,0.04682,0.04615,0.04628,2311719.0
2025-04-28 17:40:00+09:00,0.04629,0.04664,0.04625,0.04657,1242197.0
2025-04-28 17:45:00+09:00,0.04662,0.04686,0.04662,0.04674,1406649.0
2025-04-28 17:50:00+09:00,0.04677,0.0468,0.04646,0.04649,1346545.0
2025-04-28 17:55:00+09:00,0.0465,0.04671,0.0464,0.04642,1527791.0
2025-04-28 18:00:00+09:00,0.04644,0.04668,0.04624,0.04636,1725991.0
2025-04-28 18:05:00+09:00,0.0464,0.04707,0.04638,0.04688,2499529.0
2025-04-28 18:10:00+09:00,0.04689,0.04697,0.04661,0.04668,2162252.0
2025-04-28 18:15:00+09:00,0.04668,0.04712,0.04658,0.04675,3690212.0
2025-04-28 18:20:00+09:00,0.04674,0.0471,0.04655,0.04664,2267286.0
2025-04-28 18:25:00+09:00,0.04664,0.0468,0.0464,0.04643,1159884.0
2025-04-28 18:30:00+09:00,0.04643,0.04644,0.04602,0.04615,2887203.0
2025-04-28 18:35:00+09:00,0.0462,0.04639,0.04604,0.04639,1278091.0
2025-04-28 18:40:00+09:00,0.04637,0.04648,0.04613,0.04624,1598871.0
2025-04-28 18:45:00+09:00,0.04621,0.04633,0.04598,0.04628,1994966.0
2025-04-28 18:50:00+09:00,0.04629,0.04654,0.04629,0.04651,596421.0
2025-04-28 18:55:00+09:00,0.04652,0.04659,0.04645,0.04653,371238.0
2025-04-28 19:00:00+09:00,0.04652,0.04661,0.04622,0.04624,925562.0
2025-04-28 19:05:00+09:00,0.04621,0.04657,0.04543,0.0459,9490083.0
2025-04-28 19:10:00+09:00,0.04591,0.04595,0.04557,0.04573,1880068.0
2025-04-28 19:15:00+09:00,0.04571,0.04571,0.04518,0.04527,2916393.0
2025-04-28 19:20:00+09:00,0.04523,0.0453,0.04412,0.04472,10879660.0
2025-04-28 19:25:00+09:00,0.04472,0.04516,0.04467,0.04506,4271737.0
2025-04-28 19:30:00+09:00,0.04505,0.04565,0.04505,0.04559,2917952.0
2025-04-28 19:35:00+09:00,0.04557,0.04612,0.04545,0.04612,4806081.0
2025-04-28 19:40:00+09:00,0.04607,0.0464,0.04602,0.04618,3174717.0
2025-04-28 19:45:00+09:00,0.0462,0.04623,0.0458,0.04602,2941114.0
2025-04-28 19:50:00+09:00,0.04604,0.04643,0.04603,0.04608,2421679.0
2025-04-28 19:55:00+09:00,0.04609,0.04623,0.04585,0.04593,2956728.0
2025-04-28 20:00:00+09:00,0.04597,0.04608,0.04552,0.04578,2140758.0
2025-04-28 20:05:00+09:00,0.04578,0.04627,0.04577,0.04623,1751448.0
2025-04-28 20:10:00+09:00,0.04621,0.04621,0.04574,0.04588,2085029.0
2025-04-28 20:15:00+09:00,0.04586,0.04612,0.04586,0.04602,635109.0
2025-04-28 20:20:00+09:00,0.04601,0.04626,0.04593,0.04605,837026.0
2025-04-28 20:25:00+09:00,0.04604,0.04613,0.04591,0.04592,1030757.0
2025-04-28 20:30:00+09:00,0.04593,0.04608,0.04579,0.04579,768275.0
2025-04-28 20:35:00+09:00,0.04578,0.04602,0.0456,0.04586,2086172.0
2025-04-28 20:40:00+09:00,0.04586,0.04588,0.0456,0.0456,769275.0
2025-04-28 20:45:00+09:00,0.04565,0.04571,0.04531,0.04544,3405920.0
2025-04-28 20:50:00+09:00,0.04544,0.04575,0.04543,0.04547,1703216.0
2025-04-28 20:55:00+09:00,0.04546,0.04561,0.04537,0.04559,1500240.0
2025-04-28 21:00:00+09:00,0.04557,0.04572,0.04504,0.04526,1971445.0
2025-04-28 21:05:00+09:00,0.04528,0.04544,0.04505,0.04507,911123.0
2025-04-28 21:10:00+09:00,0.04506,0.04506,0.04474,0.045,1938586.0
2025-04-28 21:15:00+09:00,0.04501,0.04542,0.04501,0.04529,1716224.0
2025-04-28 21:20:00+09:00,0.04532,0.0454,0.04519,0.04536,949762.0
2025-04-28 21:25:00+09:00,0.04538,0.04551,0.04519,0.04546,1207958.0
2025-04-28 21:30:00+09:00,0.04545,0.04549,0.0451,0.0454,1138025.0
2025-04-28 21:35:00+09:00,0.04537,0.04546,0.04527,0.0454,334590.0
2025-04-28 21:40:00+09:00,0.04541,0.04564,0.04538,0.04557,1594270.0
2025-04-28 21:45:00+09:00,0.04556,0.04577,0.04529,0.0453,1882182.0
2025-04-28 21:50:00+09:00,0.04529,0.04534,0.04493,0.04507,2409953.0
2025-04-28 21:55:00+09:00,0.04509,0.04512,0.04489,0.04498,806923.0
2025-04-28 22:00:00+09:00,0.04499,0.04536,0.04495,0.04536,1548881.0
2025-04-28 22:05:00+09:00,0.04536,0.04585,0.04529,0.04573,2694383.0
2025-04-28 22:10:00+09:00,0.04574,0.04606,0.04552,0.04604,4018798.0
2025-04-28 22:15:00+09:00,0.04601,0.04611,0.04563,0.04588,3804889.0
2025-04-28 22:20:00+09:00,0.0459,0.04617,0.04585,0.04592,2095194.0
2025-04-28 22:25:00+09:00,0.04594,0.046,0.0456,0.04566,1995798.0
2025-04-28 22:30:00+09:00,0.04566,0.04587,0.04534,0.04541,2076270.0
2025-04-28 22:35:00+09:00,0.04541,0.04578,0.04534,0.04552,1725756.0
2025-04-28 22:40:00+09:00,0.04553,0.04619,0.04553,0.04595,2286553.0
2025-04-28 22:45:00+09:00,0.04599,0.04608,0.0453,0.04535,2179069.0
2025-04-28 22:50:00+09:00,0.04537,0.0456,0.04461,0.04462,4149883.0
2025-04-28 22:55:00+09:00,0.04461,0.04472,0.04433,0.04439,7180104.0
2025-04-28 23:00:00+09:00,0.04441,0.04473,0.04412,0.04453,3457219.0
2025-04-28 23:05:00+09:00,0.04456,0.04507,0.04435,0.04503,2987359.0
2025-04-28 23:10:00+09:00,0.04503,0.04512,0.04482,0.0451,1639982.0
2025-04-28 23:15:00+09:00,0.04508,0.04553,0.04499,0.04509,2419542.0
2025-04-28 23:20:00+09:00,0.0451,0.04511,0.04449,0.0446,2046789.0
2025-04-28 23:25:00+09:00,0.04457,0.04474,0.04443,0.04457,2084386.0
2025-04-28 23:30:00+09:00,0.04458,0.0446,0.04376,0.04381,5334685.0
2025-04-28 23:35:00+09:00,0.04383,0.04454,0.04383,0.04444,1486482.0
2025-04-28 23:40:00+09:00,0.04446,0.04449,0.04402,0.0444,2343742.0
2025-04-28 23:45:00+09:00,0.04441,0.04456,0.04435,0.04436,1339655.0
2025-04-28 23:50:00+09:00,0.04435,0.04435,0.04384,0.04389,2092398.0
2025-04-28 23:55:00+09:00,0.04391,0.04393,0.04297,0.04343,17326848.0
2025-04-29 00:00:00+09:00,0.04343,0.04357,0.04326,0.04351,4115035.0
2025-04-29 00:05:00+09:00,0.0435,0.0437,0.04331,0.04336,1877976.0
2025-04-29 00:10:00+09:00,0.04336,0.04355,0.0431,0.04324,3420113.0
2025-04-29 00:15:00+09:00,0.04325,0.04345,0.04276,0.04301,3859712.0
2025-04-29 00:20:00+09:00,0.04302,0.04315,0.04279,0.0431,3282090.0
2025-04-29 00:25:00+09:00,0.04311,0.04319,0.04293,0.04311,2590243.0
2025-04-29 00:30:00+09:00,0.04312,0.04317,0.04268,0.04274,2928982.0
2025-04-29 00:35:00+09:00,0.04271,0.04352,0.04245,0.04343,7320396.0
2025-04-29 00:40:00+09:00,0.04342,0.04391,0.04325,0.04336,6288514.0
2025-04-29 00:45:00+09:00,0.04336,0.04339,0.043,0.04305,2413438.0
2025-04-29 00:50:00+09:00,0.04306,0.04326,0.04291,0.04313,1637980.0
2025-04-29 00:55:00+09:00,0.04311,0.04336,0.04305,0.04334,1434157.0
2025-04-29 01:00:00+09:00,0.04333,0.04333,0.04284,0.04312,3551353.0
2025-04-29 01:05:00+09:00,0.04312,0.04318,0.04276,0.04276,1080641.0
2025-04-29 01:10:00+09:00,0.04276,0.04309,0.04261,0.04307,1534848.0
2025-04-29 01:15:00+09:00,0.04307,0.04333,0.04227,0.04229,4568984.0
2025-04-29 01:20:00+09:00,0.0423,0.04257,0.04193,0.04248,9676861.0
2025-04-29 01:25:00+09:00,0.04249,0.0427,0.04238,0.04268,2829057.0
2025-04-29 01:30:00+09:00,0.04265,0.04323,0.04258,0.0432,2479057.0
2025-04-29 01:35:00+09:00,0.04319,0.0433,0.04303,0.04305,2320243.0
2025-04-29 01:40:00+09:00,0.04306,0.04316,0.04292,0.04313,1459334.0
2025-04-29 01:45:00+09:00,0.04311,0.04327,0.04292,0.04315,1061497.0
2025-04-29 01:50:00+09:00,0.04314,0.04323,0.04292,0.04297,1468409.0
2025-04-29 01:55:00+09:00,0.04296,0.04318,0.04295,0.04312,1279999.0
2025-04-29 02:00:00+09:00,0.04311,0.0433,0.04303,0.04324,1454974.0
2025-04-29 02:05:00+09:00,0.0432,0.04348,0.04317,0.04328,3862858.0
2025-04-29 02:10:00+09:00,0.04328,0.04329,0.04278,0.04278,2722246.0
2025-04-29 02:15:00+09:00,0.0428,0.04322,0.0428,0.04302,1105601.0
2025-04-29 02:20:00+09:00,0.04302,0.04322,0.04287,0.04318,1046238.0
2025-04-29 02:25:00+09:00,0.04317,0.04323,0.04304,0.04306,835757.0
2025-04-29 02:30:00+09:00,0.04308,0.04324,0.04304,0.04324,1262262.0
2025-04-29 02:35:00+09:00,0.04324,0.04371,0.04316,0.04371,1744996.0
2025-04-29 02:40:00+09:00,0.04367,0.04393,0.04336,0.04382,3635109.0
2025-04-29 02:45:00+09:00,0.04382,0.04388,0.04365,0.04376,1435958.0
2025-04-29 02:50:00+09:00,0.04376,0.04387,0.04365,0.04376,1504553.0
2025-04-29 02:55:00+09:00,0.04374,0.0438,0.04361,0.04361,1019621.0
2025-04-29 03:00:00+09:00,0.04362,0.04378,0.04348,0.04365,1332439.0
2025-04-29 03:05:00+09:00,0.04365,0.04369,0.0434,0.04342,537409.0
2025-04-29 03:10:00+09:00,0.04343,0.04344,0.04313,0.04314,1222957.0
2025-04-29 03:15:00+09:00,0.04313,0.04351,0.04313,0.04349,625774.0
2025-04-29 03:20:00+09:00,0.04349,0.04355,0.04336,0.0435,881128.0
2025-04-29 03:25:00+09:00,0.0435,0.04351,0.04338,0.04342,656109.0
2025-04-29 03:30:00+09:00,0.0434,0.04345,0.04307,0.04311,986875.0
2025-04-29 03:35:00+09:00,0.04309,0.04347,0.04307,0.04346,624458.0
2025-04-29 03:40:00+09:00,0.04345,0.04351,0.04325,0.04332,648983.0
2025-04-29 03:45:00+09:00,0.04333,0.04382,0.04333,0.0438,931600.0
2025-04-29 03:50:00+09:00,0.0438,0.04415,0.0438,0.04412,1971627.0
2025-04-29 03:55:00+09:00,0.04412,0.04423,0.04398,0.04412,1484685.0
2025-04-29 04:00:00+09:00,0.04412,0.04496,0.04402,0.04486,4204243.0
2025-04-29 04:05:00+09:00,0.04486,0.04505,0.04475,0.04503,2489404.0
2025-04-29 04:10:00+09:00,0.04503,0.04545,0.04503,0.04545,4240645.0
2025-04-29 04:15:00+09:00,0.04545,0.04566,0.04529,0.04558,3302965.0
2025-04-29 04:20:00+09:00,0.04558,0.04587,0.04525,0.04534,3621311.0
2025-04-29 04:25:00+09:00,0.04535,0.04561,0.04525,0.04537,1528171.0
2025-04-29 04:30:00+09:00,0.04539,0.04606,0.04538,0.04584,2525341.0
2025-04-29 04:35:00+09:00,0.04582,0.04594,0.0456,0.04586,1588895.0
2025-04-29 04:40:00+09:00,0.04586,0.04606,0.04556,0.04589,1978795.0
2025-04-29 04:45:00+09:00,0.04588,0.04602,0.0457,0.04584,893754.0
2025-04-29 04:50:00+09:00,0.04586,0.04605,0.04581,0.04591,1811250.0
2025-04-29 04:55:00+09:00,0.0459,0.04593,0.04578,0.04578,696459.0
2025-04-29 05:00:00+09:00,0.04578,0.04579,0.04541,0.04566,2446824.0
2025-04-29 05:05:00+09:00,0.04567,0.04567,0.04538,0.04542,1169507.0
2025-04-29 05:10:00+09:00,0.04544,0.04545,0.04521,0.04532,1433796.0
2025-04-29 05:15:00+09:00,0.04531,0.04549,0.04525,0.04547,650391.0
2025-04-29 05:20:00+09:00,0.04548,0.04576,0.04546,0.04576,770320.0
2025-04-29 05:25:00+09:00,0.04573,0.04603,0.04564,0.04595,3521875.0
2025-04-29 05:30:00+09:00,0.04593,0.04596,0.04529,0.04536,3320196.0
2025-04-29 05:35:00+09:00,0.04536,0.04584,0.04536,0.04583,1498990.0
2025-04-29 05:40:00+09:00,0.04582,0.0459,0.04536,0.04539,1425709.0
2025-04-29 05:45:00+09:00,0.04543,0.04564,0.04531,0.04531,650118.0
2025-04-29 05:50:00+09:00,0.04532,0.0455,0.04522,0.0455,989965.0
2025-04-29 05:55:00+09:00,0.04548,0.0458,0.04546,0.04558,766966.0
2025-04-29 06:00:00+09:00,0.04557,0.04613,0.04549,0.04597,2693332.0
2025-04-29 06:05:00+09:00,0.04597,0.04598,0.04562,0.04583,1323941.0
2025-04-29 06:10:00+09:00,0.04585,0.046,0.04581,0.04593,1151516.0
2025-04-29 06:15:00+09:00,0.04594,0.04603,0.04533,0.04545,2643935.0
2025-04-29 06:20:00+09:00,0.04545,0.04564,0.04539,0.04561,642296.0
2025-04-29 06:25:00+09:00,0.04561,0.0459,0.0456,0.04574,1516637.0
2025-04-29 06:30:00+09:00,0.04575,0.046,0.04567,0.04574,1063405.0
2025-04-29 06:35:00+09:00,0.04578,0.04591,0.04569,0.04585,968939.0
2025-04-29 06:40:00+09:00,0.04586,0.04587,0.04572,0.04575,463166.0
2025-04-29 06:45:00+09:00,0.04575,0.04575,0.04549,0.04562,649023.0
2025-04-29 06:50:00+09:00,0.04563,0.0459,0.04527,0.04539,4258471.0
2025-04-29 06:55:00+09:00,0.04539,0.04555,0.04527,0.04552,1204572.0
2025-04-29 07:00:00+09:00,0.0455,0.04562,0.0448,0.04498,6350412.0
2025-04-29 07:05:00+09:00,0.045,0.0452,0.04498,0.04514,999541.0
2025-04-29 07:10:00+09:00,0.04514,0.04519,0.04505,0.04508,1104505.0
2025-04-29 07:15:00+09:00,0.04508,0.04512,0.04442,0.04466,3321307.0
2025-04-29 07:20:00+09:00,0.04466,0.04478,0.04455,0.04461,1688533.0
2025-04-29 07:25:00+09:00,0.04462,0.04467,0.04446,0.0445,1350809.0
2025-04-29 07:30:00+09:00,0.04448,0.04497,0.04441,0.04486,1235992.0
2025-04-29 07:35:00+09:00,0.04487,0.04509,0.04475,0.04502,2039064.0
2025-04-29 07:40:00+09:00,0.04499,0.04524,0.04488,0.04511,1202771.0
2025-04-29 07:45:00+09:00,0.04513,0.04538,0.04505,0.04529,808502.0
2025-04-29 07:50:00+09:00,0.04531,0.04571,0.04529,0.04566,1071448.0
2025-04-29 07:55:00+09:00,0.04569,0.04571,0.04549,0.04553,680617.0
2025-04-29 08:00:00+09:00,0.04551,0.04569,0.04539,0.04541,855890.0
2025-04-29 08:05:00+09:00,0.0454,0.04547,0.04513,0.04522,1318959.0
2025-04-29 08:10:00+09:00,0.04525,0.04527,0.04507,0.04511,561694.0
2025-04-29 08:15:00+09:00,0.04511,0.04518,0.04474,0.0448,969578.0
2025-04-29 08:20:00+09:00,0.04479,0.04491,0.04474,0.04483,581812.0
2025-04-29 08:25:00+09:00,0.04483,0.04483,0.04448,0.04452,818055.0
2025-04-29 08:30:00+09:00,0.04454,0.04482,0.04443,0.0448,1061692.0
2025-04-29 08:35:00+09:00,0.04483,0.04514,0.04481,0.04504,863728.0
2025-04-29 08:40:00+09:00,0.04504,0.04535,0.04495,0.04524,1495770.0
2025-04-29 08:45:00+09:00,0.04525,0.04533,0.04506,0.04529,584898.0
2025-04-29 08:50:00+09:00,0.04529,0.04545,0.04529,0.04542,545808.0
2025-04-29 08:55:00+09:00,0.04542,0.04576,0.04541,0.04541,1738819.0
2025-04-29 09:00:00+09:00,0.04543,0.04555,0.04506,0.04523,1635202.0
2025-04-29 09:05:00+09:00,0.04523,0.04527,0.04502,0.04509,925209.0
2025-04-29 09:10:00+09:00,0.0451,0.04573,0.04509,0.04572,1056703.0
2025-04-29 09:15:00+09:00,0.04572,0.04579,0.04503,0.04506,1527770.0
2025-04-29 09:20:00+09:00,0.04506,0.0455,0.04494,0.04547,1013697.0
2025-04-29 09:25:00+09:00,0.04547,0.04562,0.04532,0.0455,1060767.0
2025-04-29 09:30:00+09:00,0.0455,0.04572,0.04529,0.04542,2681276.0
2025-04-29 09:35:00+09:00,0.04541,0.0458,0.04537,0.04578,1741638.0
2025-04-29 09:40:00+09:00,0.04579,0.04586,0.04543,0.04553,1291283.0
2025-04-29 09:45:00+09:00,0.04555,0.04573,0.04474,0.045,6138161.0
2025-04-29 09:50:00+09:00,0.04502,0.04518,0.04494,0.04506,2759783.0
2025-04-29 09:55:00+09:00,0.04502,0.04517,0.04451,0.04468,2106507.0
2025-04-29 10:00:00+09:00,0.04467,0.04507,0.04458,0.04503,2152373.0
2025-04-29 10:05:00+09:00,0.04501,0.0453,0.04498,0.04499,1465321.0
2025-04-29 10:10:00+09:00,0.04499,0.04538,0.04481,0.04491,2139333.0
2025-04-29 10:15:00+09:00,0.04492,0.04493,0.04453,0.04483,1684996.0
2025-04-29 10:20:00+09:00,0.04485,0.04497,0.04463,0.04495,699494.0
2025-04-29 10:25:00+09:00,0.04496,0.04505,0.04484,0.04496,623437.0
2025-04-29 10:30:00+09:00,0.04496,0.04504,0.04471,0.04483,783046.0
2025-04-29 10:35:00+09:00,0.04482,0.04535,0.0448,0.04525,2350838.0
2025-04-29 10:40:00+09:00,0.04526,0.04542,0.0449,0.04495,752369.0
2025-04-29 10:45:00+09:00,0.04493,0.04526,0.04487,0.04497,1135227.0
2025-04-29 10:50:00+09:00,0.04496,0.04498,0.04422,0.04434,3924283.0
2025-04-29 10:55:00+09:00,0.04438,0.04463,0.04432,0.04454,1099916.0
2025-04-29 11:00:00+09:00,0.04454,0.04468,0.04431,0.04445,1377977.0
2025-04-29 11:05:00+09:00,0.04445,0.0446,0.04436,0.04441,1018867.0
2025-04-29 11:10:00+09:00,0.04441,0.04461,0.04419,0.04461,2143444.0
2025-04-29 11:15:00+09:00,0.04461,0.0451,0.04461,0.04499,973694.0
2025-04-29 11:20:00+09:00,0.04501,0.04518,0.04476,0.04482,1179452.0
2025-04-29 11:25:00+09:00,0.04483,0.04488,0.04441,0.04443,1603587.0
2025-04-29 11:30:00+09:00,0.04443,0.04486,0.0443,0.04486,1362627.0
2025-04-29 11:35:00+09:00,0.04487,0.04488,0.04455,0.0448,1401983.0
2025-04-29 11:40:00+09:00,0.04479,0.0449,0.04464,0.04482,900249.0
2025-04-29 11:45:00+09:00,0.04484,0.04492,0.04464,0.04464,900950.0
2025-04-29 11:50:00+09:00,0.04465,0.04504,0.0445,0.04503,1451682.0
2025-04-29 11:55:00+09:00,0.04503,0.04518,0.04488,0.04518,1211541.0
2025-04-29 12:00:00+09:00,0.04518,0.04531,0.04494,0.04504,1495857.0
2025-04-29 12:05:00+09:00,0.04505,0.04521,0.04494,0.04521,1030052.0
2025-04-29 12:10:00+09:00,0.04519,0.04522,0.04467,0.04478,1660430.0
2025-04-29 12:15:00+09:00,0.04476,0.04494,0.04462,0.0448,718079.0
2025-04-29 12:20:00+09:00,0.0448,0.04497,0.04477,0.04493,728474.0
2025-04-29 12:25:00+09:00,0.04495,0.04516,0.04489,0.04503,1124921.0
2025-04-29 12:30:00+09:00,0.04502,0.04519,0.04489,0.04517,767637.0
2025-04-29 12:35:00+09:00,0.04519,0.04571,0.04518,0.04562,3248647.0
2025-04-29 12:40:00+09:00,0.04565,0.04601,0.0456,0.04579,5554643.0
2025-04-29 12:45:00+09:00,0.0458,0.04582,0.04553,0.0456,2381084.0
2025-04-29 12:50:00+09:00,0.04561,0.04581,0.04551,0.04551,1190445.0
2025-04-29 12:55:00+09:00,0.04554,0.04556,0.04527,0.04534,1073014.0
2025-04-29 13:00:00+09:00,0.04532,0.04546,0.045,0.04503,1845951.0
2025-04-29 13:05:00+09:00,0.04503,0.04526,0.04502,0.04507,1376714.0
2025-04-29 13:10:00+09:00,0.04506,0.0452,0.04496,0.0452,1199673.0
2025-04-29 13:15:00+09:00,0.04518,0.04533,0.04505,0.04509,991854.0
2025-04-29 13:20:00+09:00,0.04508,0.0452,0.04445,0.04445,1803222.0
2025-04-29 13:25:00+09:00,0.04445,0.04493,0.04441,0.04484,2038244.0
2025-04-29 13:30:00+09:00,0.04482,0.04511,0.04477,0.04484,2481141.0
2025-04-29 13:35:00+09:00,0.0448,0.0448,0.04438,0.04447,1476046.0
2025-04-29 13:40:00+09:00,0.04444,0.04444,0.04379,0.04384,4725592.0
2025-04-29 13:45:00+09:00,0.04384,0.04384,0.04324,0.04335,6191301.0
2025-04-29 13:50:00+09:00,0.04334,0.04342,0.04306,0.0434,3912193.0
2025-04-29 13:55:00+09:00,0.04339,0.04362,0.0433,0.04362,2985236.0
2025-04-29 14:00:00+09:00,0.04357,0.04368,0.04331,0.04359,3427323.0
2025-04-29 14:05:00+09:00,0.04358,0.04388,0.04355,0.0438,1201695.0
2025-04-29 14:10:00+09:00,0.04378,0.04383,0.04353,0.04379,1531907.0
2025-04-29 14:15:00+09:00,0.04378,0.04397,0.04358,0.0439,1461553.0
2025-04-29 14:20:00+09:00,0.0439,0.04441,0.04383,0.04437,1822069.0
2025-04-29 14:25:00+09:00,0.04437,0.0444,0.04407,0.04413,1409038.0
2025-04-29 14:30:00+09:00,0.04411,0.04452,0.04404,0.04433,2235209.0
2025-04-29 14:35:00+09:00,0.0443,0.04452,0.0442,0.04452,876078.0
2025-04-29 14:40:00+09:00,0.04449,0.04469,0.04438,0.04443,1435558.0
2025-04-29 14:45:00+09:00,0.0444,0.04459,0.04434,0.04444,702099.0
2025-04-29 14:50:00+09:00,0.04443,0.0445,0.04434,0.04435,806827.0
2025-04-29 14:55:00+09:00,0.04435,0.04447,0.04424,0.04432,704710.0
2025-04-29 15:00:00+09:00,0.0443,0.04448,0.04422,0.04436,719076.0
2025-04-29 15:05:00+09:00,0.04435,0.04445,0.04417,0.04419,908202.0
2025-04-29 15:10:00+09:00,0.04418,0.04438,0.04411,0.04425,1622925.0
2025-04-29 15:15:00+09:00,0.04425,0.04446,0.04423,0.04428,830957.0
2025-04-29 15:20:00+09:00,0.04427,0.04442,0.04421,0.04435,1029743.0
2025-04-29 15:25:00+09:00,0.04436,0.04449,0.0442,0.04444,673993.0
2025-04-29 15:30:00+09:00,0.04445,0.0449,0.04445,0.0448,1712043.0
2025-04-29 15:35:00+09:00,0.04478,0.04486,0.04455,0.0446,1429571.0
2025-04-29 15:40:00+09:00,0.0446,0.04481,0.04427,0.04434,2129669.0
2025-04-29 15:45:00+09:00,0.04435,0.04453,0.04426,0.04433,2844943.0
2025-04-29 15:50:00+09:00,0.04434,0.0445,0.04428,0.04449,503590.0
2025-04-29 15:55:00+09:00,0.04449,0.04465,0.04433,0.04465,666291.0
2025-04-29 16:00:00+09:00,0.04466,0.0447,0.04429,0.0445,1529473.0
2025-04-29 16:05:00+09:00,0.04451,0.04467,0.04441,0.04441,879587.0
2025-04-29 16:10:00+09:00,0.04441,0.04452,0.04436,0.04446,836007.0
2025-04-29 16:15:00+09:00,0.04449,0.04464,0.04436,0.04459,1049058.0
2025-04-29 16:20:00+09:00,0.04462,0.04477,0.04444,0.04446,1287162.0
2025-04-29 16:25:00+09:00,0.04446,0.04496,0.04443,0.04495,2091023.0
2025-04-29 16:30:00+09:00,0.04496,0.04504,0.04486,0.04501,1020370.0
2025-04-29 16:35:00+09:00,0.04502,0.0454,0.04496,0.04525,2790320.0
2025-04-29 16:40:00+09:00,0.04526,0.04543,0.04518,0.04537,1246104.0
2025-04-29 16:45:00+09:00,0.04536,0.04536,0.04511,0.04519,636368.0
2025-04-29 16:50:00+09:00,0.04522,0.04532,0.04513,0.04513,920314.0
2025-04-29 16:55:00+09:00,0.04512,0.04514,0.04491,0.04512,1372071.0
2025-04-29 17:00:00+09:00,0.04512,0.04553,0.0451,0.04545,1998337.0
2025-04-29 17:05:00+09:00,0.04545,0.04552,0.04534,0.04541,802653.0
2025-04-29 17:10:00+09:00,0.04543,0.04575,0.04538,0.04562,1203254.0
2025-04-29 17:15:00+09:00,0.04563,0.04578,0.04547,0.04563,1481112.0
2025-04-29 17:20:00+09:00,0.0456,0.04564,0.04518,0.04523,2235817.0
2025-04-29 17:25:00+09:00,0.04525,0.04527,0.04483,0.04504,2311800.0
2025-04-29 17:30:00+09:00,0.04506,0.0452,0.04495,0.04511,1116075.0
2025-04-29 17:35:00+09:00,0.04512,0.04517,0.04484,0.04485,1083447.0
2025-04-29 17:40:00+09:00,0.04486,0.04495,0.04458,0.04475,1936794.0
2025-04-29 17:45:00+09:00,0.04476,0.04496,0.04469,0.04496,1594264.0
2025-04-29 17:50:00+09:00,0.04495,0.0451,0.04488,0.04506,1689889.0
2025-04-29 17:55:00+09:00,0.04505,0.04542,0.04501,0.04532,1634069.0
2025-04-29 18:00:00+09:00,0.04532,0.04535,0.04498,0.04514,1809754.0
2025-04-29 18:05:00+09:00,0.04513,0.04519,0.04476,0.04485,2052130.0
2025-04-29 18:10:00+09:00,0.04486,0.04503,0.04468,0.04474,3849345.0
2025-04-29 18:15:00+09:00,0.04473,0.04497,0.04464,0.04494,429926.0
2025-04-29 18:20:00+09:00,0.04495,0.04509,0.0445,0.04455,973066.0
2025-04-29 18:25:00+09:00,0.04456,0.04479,0.04452,0.04476,488196.0
2025-04-29 18:30:00+09:00,0.04475,0.04475,0.04427,0.04447,2039698.0
2025-04-29 18:35:00+09:00,0.04449,0.04449,0.04394,0.04399,2765444.0
2025-04-29 18:40:00+09:00,0.04398,0.04413,0.04382,0.04384,2365075.0
2025-04-29 18:45:00+09:00,0.04386,0.04415,0.04386,0.04408,922823.0
2025-04-29 18:50:00+09:00,0.04408,0.04444,0.04408,0.04436,1471629.0
2025-04-29 18:55:00+09:00,0.04435,0.0447,0.04431,0.04465,1978357.0
2025-04-29 19:00:00+09:00,0.04464,0.04468,0.04429,0.04449,1755840.0
2025-04-29 19:05:00+09:00,0.0445,0.04457,0.0443,0.04431,662397.0
2025-04-29 19:10:00+09:00,0.04433,0.04462,0.04433,0.04437,1053951.0
2025-04-29 19:15:00+09:00,0.04436,0.04436,0.04373,0.04393,2254073.0
2025-04-29 19:20:00+09:00,0.04392,0.044,0.04363,0.0437,1807649.0
2025-04-29 19:25:00+09:00,0.0437,0.04385,0.0436,0.04366,1135034.0
2025-04-29 19:30:00+09:00,0.04366,0.04377,0.04344,0.04354,2014696.0
2025-04-29 19:35:00+09:00,0.04357,0.04361,0.04327,0.04329,1662501.0
2025-04-29 19:40:00+09:00,0.04329,0.04337,0.04294,0.04302,3917919.0
2025-04-29 19:45:00+09:00,0.04304,0.04316,0.0427,0.04295,3915181.0
2025-04-29 19:50:00+09:00,0.04294,0.04317,0.04282,0.04307,1602930.0
2025-04-29 19:55:00+09:00,0.04306,0.04328,0.04303,0.04316,1266452.0
2025-04-29 20:00:00+09:00,0.04317,0.04362,0.04317,0.04353,2043621.0
2025-04-29 20:05:00+09:00,0.0435,0.04365,0.04339,0.04341,1603697.0
2025-04-29 20:10:00+09:00,0.04342,0.0435,0.04326,0.04347,1379798.0
2025-04-29 20:15:00+09:00,0.04348,0.04353,0.04317,0.04352,909146.0
2025-04-29 20:20:00+09:00,0.04352,0.04372,0.04349,0.04352,621301.0
2025-04-29 20:25:00+09:00,0.04349,0.04392,0.04343,0.0438,1731045.0
2025-04-29 20:30:00+09:00,0.04383,0.04395,0.04363,0.04387,1239943.0
2025-04-29 20:35:00+09:00,0.04383,0.04418,0.04378,0.04403,1298557.0
2025-04-29 20:40:00+09:00,0.04404,0.0444,0.04404,0.04437,1565413.0
2025-04-29 20:45:00+09:00,0.04437,0.04448,0.0441,0.04425,1546430.0
2025-04-29 20:50:00+09:00,0.04425,0.04425,0.044,0.04406,1285624.0
2025-04-29 20:55:00+09:00,0.04407,0.04421,0.04396,0.04415,679149.0
2025-04-29 21:00:00+09:00,0.04418,0.04437,0.0441,0.04432,1109822.0
2025-04-29 21:05:00+09:00,0.04432,0.04468,0.04432,0.04459,1341481.0
2025-04-29 21:10:00+09:00,0.0446,0.04488,0.0446,0.04482,2048566.0
2025-04-29 21:15:00+09:00,0.04484,0.04486,0.04438,0.04444,1662808.0
2025-04-29 21:20:00+09:00,0.04443,0.04444,0.04398,0.04408,990691.0
2025-04-29 21:25:00+09:00,0.04406,0.04414,0.04387,0.04393,1063012.0
2025-04-29 21:30:00+09:00,0.04394,0.04394,0.0434,0.04347,2300172.0
2025-04-29 21:35:00+09:00,0.04349,0.04386,0.04349,0.04367,1966040.0
2025-04-29 21:40:00+09:00,0.04368,0.04397,0.04364,0.04375,977531.0
2025-04-29 21:45:00+09:00,0.04375,0.04375,0.04342,0.04345,617851.0
2025-04-29 21:50:00+09:00,0.04344,0.04356,0.04333,0.04353,1431218.0
2025-04-29 21:55:00+09:00,0.04354,0.04367,0.04347,0.04356,956314.0
2025-04-29 22:00:00+09:00,0.04357,0.04383,0.04349,0.04383,830146.0
2025-04-29 22:05:00+09:00,0.04384,0.04392,0.04366,0.04377,780196.0
2025-04-29 22:10:00+09:00,0.04374,0.04391,0.04366,0.04366,546601.0
2025-04-29 22:15:00+09:00,0.04365,0.04381,0.04312,0.04336,3707583.0
2025-04-29 22:20:00+09:00,0.04338,0.04386,0.04336,0.04375,1011230.0
2025-04-29 22:25:00+09:00,0.04376,0.04403,0.04368,0.04383,1394464.0
2025-04-29 22:30:00+09:00,0.04384,0.04448,0.0438,0.04424,3112103.0
2025-04-29 22:35:00+09:00,0.04424,0.04433,0.04388,0.04403,2646829.0
2025-04-29 22:40:00+09:00,0.04404,0.04434,0.04404,0.04422,1483575.0
2025-04-29 22:45:00+09:00,0.04421,0.0446,0.04415,0.0445,1318548.0
2025-04-29 22:50:00+09:00,0.04447,0.04473,0.04446,0.04469,1314580.0
2025-04-29 22:55:00+09:00,0.04471,0.0448,0.04448,0.04467,1104177.0
2025-04-29 23:00:00+09:00,0.04467,0.04485,0.04444,0.04477,2589647.0
2025-04-29 23:05:00+09:00,0.04479,0.04499,0.04476,0.04495,1375919.0
2025-04-29 23:10:00+09:00,0.04496,0.04518,0.0447,0.0451,2682469.0
2025-04-29 23:15:00+09:00,0.0451,0.04511,0.0444,0.04444,1280572.0
2025-04-29 23:20:00+09:00,0.04445,0.04458,0.04422,0.04426,1130524.0
2025-04-29 23:25:00+09:00,0.04427,0.04455,0.04424,0.04453,728888.0
2025-04-29 23:30:00+09:00,0.04452,0.04487,0.0444,0.04469,1638703.0
2025-04-29 23:35:00+09:00,0.04471,0.04501,0.04466,0.045,1496057.0
2025-04-29 23:40:00+09:00,0.04502,0.04544,0.04489,0.04513,6190008.0
2025-04-29 23:45:00+09:00,0.04511,0.04517,0.04487,0.04487,1196481.0
2025-04-29 23:50:00+09:00,0.04488,0.04493,0.04471,0.04471,1387174.0
2025-04-29 23:55:00+09:00,0.04472,0.045,0.04464,0.04467,1037711.0
2025-04-30 00:00:00+09:00,0.04467,0.04471,0.04441,0.04448,2702417.0
2025-04-30 00:05:00+09:00,0.04449,0.04471,0.04433,0.04467,1759712.0
2025-04-30 00:10:00+09:00,0.04467,0.04467,0.04425,0.04429,1104836.0
2025-04-30 00:15:00+09:00,0.04431,0.04436,0.04384,0.04403,3654595.0
2025-04-30 00:20:00+09:00,0.04405,0.04417,0.04395,0.04405,1058350.0
2025-04-30 00:25:00+09:00,0.04406,0.04439,0.04397,0.04428,1534368.0
2025-04-30 00:30:00+09:00,0.04427,0.04439,0.04397,0.04412,2391843.0
2025-04-30 00:35:00+09:00,0.04407,0.0442,0.04395,0.04418,684849.0
2025-04-30 00:40:00+09:00,0.04419,0.0444,0.04415,0.0443,1248288.0
2025-04-30 00:45:00+09:00,0.04431,0.0445,0.04427,0.04449,866941.0
2025-04-30 00:50:00+09:00,0.04446,0.04446,0.044,0.04406,1292654.0
2025-04-30 00:55:00+09:00,0.04406,0.04429,0.04406,0.04428,979436.0
2025-04-30 01:00:00+09:00,0.04429,0.04429,0.04404,0.04426,752616.0
2025-04-30 01:05:00+09:00,0.04427,0.04436,0.04402,0.04423,822143.0
2025-04-30 01:10:00+09:00,0.04424,0.04453,0.04414,0.04447,684767.0
2025-04-30 01:15:00+09:00,0.04448,0.04466,0.04431,0.04436,975287.0
2025-04-30 01:20:00+09:00,0.04434,0.04458,0.04425,0.04454,592299.0
2025-04-30 01:25:00+09:00,0.04453,0.04514,0.04453,0.04506,1709434.0
2025-04-30 01:30:00+09:00,0.04505,0.04532,0.04487,0.04502,3886247.0
2025-04-30 01:35:00+09:00,0.04505,0.04516,0.04459,0.04465,1694770.0
2025-04-30 01:40:00+09:00,0.04463,0.04492,0.04457,0.04464,2108306.0
2025-04-30 01:45:00+09:00,0.04467,0.0448,0.04448,0.04454,936897.0
2025-04-30 01:50:00+09:00,0.04457,0.04474,0.04456,0.04472,1304041.0
2025-04-30 01:55:00+09:00,0.04468,0.04468,0.04428,0.04455,1150405.0
2025-04-30 02:00:00+09:00,0.04455,0.04471,0.04391,0.04422,3341374.0
2025-04-30 02:05:00+09:00,0.04422,0.0443,0.04406,0.0442,1678151.0
2025-04-30 02:10:00+09:00,0.04419,0.04441,0.04393,0.04434,863581.0
2025-04-30 02:15:00+09:00,0.04437,0.04472,0.04427,0.04468,1776056.0
2025-04-30 02:20:00+09:00,0.0447,0.04509,0.04466,0.04505,2059430.0
2025-04-30 02:25:00+09:00,0.04506,0.04519,0.04498,0.04509,1110610.0
2025-04-30 02:30:00+09:00,0.04512,0.04516,0.04498,0.045,1180970.0
2025-04-30 02:35:00+09:00,0.045,0.04518,0.04487,0.04495,600183.0
2025-04-30 02:40:00+09:00,0.04494,0.04499,0.04479,0.04489,775028.0
2025-04-30 02:45:00+09:00,0.04486,0.04522,0.04482,0.04522,766367.0
2025-04-30 02:50:00+09:00,0.0452,0.0455,0.0449,0.0449,3249672.0
2025-04-30 02:55:00+09:00,0.0449,0.0449,0.04473,0.04481,715848.0
2025-04-30 03:00:00+09:00,0.04481,0.04513,0.0448,0.04502,1484488.0
2025-04-30 03:05:00+09:00,0.04498,0.04512,0.04482,0.04483,406528.0
2025-04-30 03:10:00+09:00,0.04482,0.04503,0.04479,0.04492,621924.0
2025-04-30 03:15:00+09:00,0.04491,0.04503,0.04476,0.04485,585574.0
2025-04-30 03:20:00+09:00,0.04484,0.04492,0.04461,0.04474,686125.0
2025-04-30 03:25:00+09:00,0.04474,0.04485,0.04472,0.04478,396128.0
2025-04-30 03:30:00+09:00,0.04481,0.04522,0.04476,0.04518,991707.0
2025-04-30 03:35:00+09:00,0.04522,0.04544,0.04506,0.04542,2177607.0
2025-04-30 03:40:00+09:00,0.04544,0.04579,0.04538,0.04572,2799131.0
2025-04-30 03:45:00+09:00,0.04575,0.04579,0.04538,0.04554,1925221.0
2025-04-30 03:50:00+09:00,0.04554,0.04556,0.04522,0.0453,1195124.0
2025-04-30 03:55:00+09:00,0.0453,0.0454,0.04504,0.04514,843479.0
2025-04-30 04:00:00+09:00,0.04513,0.04523,0.04487,0.04491,1732201.0
2025-04-30 04:05:00+09:00,0.0449,0.04507,0.04489,0.04501,559698.0
2025-04-30 04:10:00+09:00,0.045,0.04518,0.04494,0.04517,500463.0
2025-04-30 04:15:00+09:00,0.04519,0.04535,0.04513,0.04528,416234.0
2025-04-30 04:20:00+09:00,0.04527,0.04592,0.04527,0.04584,2127280.0
2025-04-30 04:25:00+09:00,0.04585,0.04585,0.04546,0.04551,1186363.0
2025-04-30 04:30:00+09:00,0.04551,0.04551,0.0451,0.04516,869342.0
2025-04-30 04:35:00+09:00,0.04512,0.04537,0.04508,0.04524,932967.0
2025-04-30 04:40:00+09:00,0.04525,0.04535,0.04515,0.04517,626345.0
2025-04-30 04:45:00+09:00,0.04517,0.04524,0.04502,0.0452,703484.0
2025-04-30 04:50:00+09:00,0.04521,0.04523,0.04483,0.04499,1603113.0
2025-04-30 04:55:00+09:00,0.04498,0.04499,0.04485,0.04489,383371.0
2025-04-30 05:00:00+09:00,0.0449,0.04541,0.04485,0.04527,1066554.0
2025-04-30 05:05:00+09:00,0.04527,0.04527,0.04492,0.04512,854406.0
2025-04-30 05:10:00+09:00,0.04514,0.04525,0.04506,0.04524,709322.0
2025-04-30 05:15:00+09:00,0.04524,0.0453,0.04502,0.04526,623326.0
2025-04-30 05:20:00+09:00,0.04527,0.04535,0.045,0.0451,1157829.0
2025-04-30 05:25:00+09:00,0.0451,0.0453,0.04502,0.0453,508222.0
2025-04-30 05:30:00+09:00,0.04531,0.0455,0.04482,0.045,1576468.0
2025-04-30 05:35:00+09:00,0.04501,0.04545,0.04495,0.04533,651382.0
2025-04-30 05:40:00+09:00,0.04534,0.04543,0.04517,0.04522,620609.0
2025-04-30 05:45:00+09:00,0.04523,0.0453,0.04513,0.04521,398450.0
2025-04-30 05:50:00+09:00,0.04522,0.04537,0.04513,0.04521,414770.0
2025-04-30 05:55:00+09:00,0.04522,0.04536,0.04516,0.04516,468622.0
2025-04-30 06:00:00+09:00,0.04514,0.04514,0.04489,0.04501,709113.0
2025-04-30 06:05:00+09:00,0.04502,0.04502,0.04426,0.0443,2335767.0
2025-04-30 06:10:00+09:00,0.04431,0.04446,0.04353,0.04376,5478258.0
2025-04-30 06:15:00+09:00,0.04375,0.04399,0.04342,0.04365,4132465.0
2025-04-30 06:20:00+09:00,0.04366,0.0437,0.04343,0.0436,1384754.0
2025-04-30 06:25:00+09:00,0.0436,0.04363,0.04332,0.04351,1705801.0
2025-04-30 06:30:00+09:00,0.04352,0.04361,0.04337,0.04353,2538496.0
2025-04-30 06:35:00+09:00,0.04354,0.04431,0.04353,0.04431,2609506.0
2025-04-30 06:40:00+09:00,0.04431,0.04434,0.04417,0.04423,3692926.0
2025-04-30 06:45:00+09:00,0.04423,0.04424,0.04365,0.04378,5477326.0
2025-04-30 06:50:00+09:00,0.04377,0.0442,0.04374,0.04419,4639782.0
2025-04-30 06:55:00+09:00,0.04417,0.04449,0.04416,0.04436,1349351.0
2025-04-30 07:00:00+09:00,0.04438,0.04438,0.04386,0.04406,1026007.0
2025-04-30 07:05:00+09:00,0.04407,0.04408,0.04372,0.04372,732292.0
2025-04-30 07:10:00+09:00,0.04374,0.04413,0.04374,0.04406,903635.0
2025-04-30 07:15:00+09:00,0.04406,0.04424,0.04381,0.04381,586796.0
2025-04-30 07:20:00+09:00,0.04379,0.0441,0.04354,0.04358,1423477.0
2025-04-30 07:25:00+09:00,0.04359,0.04383,0.04344,0.04361,1520411.0
2025-04-30 07:30:00+09:00,0.0436,0.04388,0.04346,0.04385,927988.0
2025-04-30 07:35:00+09:00,0.04383,0.04391,0.0436,0.04368,1022422.0
2025-04-30 07:40:00+09:00,0.04367,0.0438,0.04316,0.04323,1197560.0
2025-04-30 07:45:00+09:00,0.04324,0.04342,0.0432,0.04335,787569.0
2025-04-30 07:50:00+09:00,0.04335,0.04345,0.04323,0.0433,1199161.0
2025-04-30 07:55:00+09:00,0.04331,0.04339,0.04312,0.04331,1939535.0
2025-04-30 08:00:00+09:00,0.04335,0.04353,0.04316,0.04349,945879.0
2025-04-30 08:05:00+09:00,0.04351,0.04356,0.04306,0.04319,1535213.0
2025-04-30 08:10:00+09:00,0.04316,0.04322,0.04281,0.04285,2186194.0
2025-04-30 08:15:00+09:00,0.04286,0.04307,0.04266,0.04269,1554670.0
2025-04-30 08:20:00+09:00,0.0427,0.04275,0.0422,0.04254,6327968.0
2025-04-30 08:25:00+09:00,0.04256,0.04262,0.0424,0.04262,929736.0
2025-04-30 08:30:00+09:00,0.04259,0.04267,0.04241,0.04259,1773006.0
2025-04-30 08:35:00+09:00,0.04259,0.04278,0.04246,0.04272,1421966.0
2025-04-30 08:40:00+09:00,0.04272,0.04307,0.04267,0.04305,907982.0
2025-04-30 08:45:00+09:00,0.04305,0.04331,0.04295,0.04327,918773.0
2025-04-30 08:50:00+09:00,0.04331,0.04333,0.04311,0.04332,723688.0
2025-04-30 08:55:00+09:00,0.04332,0.04333,0.04302,0.04302,683157.0
2025-04-30 09:00:00+09:00,0.04303,0.04323,0.0427,0.04297,3182372.0
2025-04-30 09:05:00+09:00,0.04295,0.04348,0.04283,0.04337,2261184.0
2025-04-30 09:10:00+09:00,0.04337,0.04338,0.04278,0.04297,2273567.0
2025-04-30 09:15:00+09:00,0.04296,0.0432,0.0428,0.04304,1414922.0
2025-04-30 09:20:00+09:00,0.04303,0.0435,0.04303,0.04334,1278328.0
2025-04-30 09:25:00+09:00,0.04337,0.04362,0.04335,0.04353,650738.0
2025-04-30 09:30:00+09:00,0.04354,0.04372,0.0434,0.04363,1162786.0
2025-04-30 09:35:00+09:00,0.04367,0.04394,0.04362,0.04381,1753731.0
2025-04-30 09:40:00+09:00,0.04378,0.04385,0.04336,0.04348,1248711.0
2025-04-30 09:45:00+09:00,0.04345,0.04369,0.04337,0.04361,648340.0
2025-04-30 09:50:00+09:00,0.04361,0.04363,0.04301,0.04305,1044363.0
2025-04-30 09:55:00+09:00,0.04308,0.04347,0.04308,0.04347,693679.0
2025-04-30 10:00:00+09:00,0.04348,0.04361,0.04335,0.04348,1460828.0
2025-04-30 10:05:00+09:00,0.04349,0.04349,0.04311,0.04316,778093.0
2025-04-30 10:10:00+09:00,0.04315,0.0432,0.04285,0.04289,1282043.0
2025-04-30 10:15:00+09:00,0.0429,0.04302,0.0425,0.04284,4134724.0
2025-04-30 10:20:00+09:00,0.04285,0.04306,0.04279,0.04302,2041254.0
2025-04-30 10:25:00+09:00,0.04303,0.04303,0.04282,0.04291,584491.0
2025-04-30 10:30:00+09:00,0.0429,0.04294,0.04252,0.04268,1243364.0
2025-04-30 10:35:00+09:00,0.04269,0.04272,0.04223,0.04223,979439.0
2025-04-30 10:40:00+09:00,0.04224,0.04226,0.0418,0.04194,4336068.0
2025-04-30 10:45:00+09:00,0.04195,0.04228,0.04193,0.04218,1617650.0
2025-04-30 10:50:00+09:00,0.04213,0.04243,0.04205,0.0424,686993.0
2025-04-30 10:55:00+09:00,0.0424,0.04284,0.0424,0.04284,1327977.0
2025-04-30 11:00:00+09:00,0.04284,0.04288,0.04237,0.04249,1270374.0
2025-04-30 11:05:00+09:00,0.04248,0.04248,0.04225,0.04231,672758.0
2025-04-30 11:10:00+09:00,0.04228,0.04236,0.04203,0.04203,720520.0
2025-04-30 11:15:00+09:00,0.04204,0.04251,0.04203,0.0425,988044.0
2025-04-30 11:20:00+09:00,0.0425,0.04265,0.04241,0.04252,1114719.0
2025-04-30 11:25:00+09:00,0.04254,0.04258,0.04227,0.04244,664979.0
2025-04-30 11:30:00+09:00,0.04237,0.04242,0.04193,0.04199,1049338.0
2025-04-30 11:35:00+09:00,0.04199,0.04238,0.04197,0.04231,1229583.0
2025-04-30 11:40:00+09:00,0.04231,0.04256,0.04224,0.04234,1033889.0
2025-04-30 11:45:00+09:00,0.04234,0.04265,0.04227,0.04262,1488543.0
2025-04-30 11:50:00+09:00,0.0426,0.0426,0.04235,0.04235,562417.0
2025-04-30 11:55:00+09:00,0.04234,0.04256,0.04229,0.04256,1688350.0
2025-04-30 12:00:00+09:00,0.04251,0.04252,0.04218,0.04223,790548.0
2025-04-30 12:05:00+09:00,0.04221,0.04223,0.04202,0.04208,1006999.0
2025-04-30 12:10:00+09:00,0.04207,0.04216,0.04168,0.0419,3779959.0
2025-04-30 12:15:00+09:00,0.04191,0.04205,0.04176,0.04199,1316370.0
2025-04-30 12:20:00+09:00,0.042,0.04211,0.04178,0.04199,1428668.0
2025-04-30 12:25:00+09:00,0.04199,0.042,0.04148,0.04152,1580913.0
2025-04-30 12:30:00+09:00,0.0415,0.04179,0.04146,0.04167,1623632.0
2025-04-30 12:35:00+09:00,0.04166,0.04184,0.04163,0.04176,840252.0
2025-04-30 12:40:00+09:00,0.04177,0.04192,0.04175,0.04188,861555.0
2025-04-30 12:45:00+09:00,0.04189,0.04222,0.04186,0.04217,899975.0
2025-04-30 12:50:00+09:00,0.04214,0.04246,0.04204,0.04244,1927374.0
2025-04-30 12:55:00+09:00,0.04245,0.0427,0.04221,0.04222,1360821.0
2025-04-30 13:00:00+09:00,0.04225,0.04257,0.04223,0.0425,1151756.0
2025-04-30 13:05:00+09:00,0.0425,0.04251,0.04226,0.0424,990228.0
2025-04-30 13:10:00+09:00,0.04239,0.04277,0.04227,0.04273,993572.0
2025-04-30 13:15:00+09:00,0.04273,0.04297,0.0427,0.04286,1940819.0
2025-04-30 13:20:00+09:00,0.04285,0.04312,0.0427,0.04278,2502674.0
2025-04-30 13:25:00+09:00,0.04278,0.04292,0.04256,0.04263,1680066.0
2025-04-30 13:30:00+09:00,0.04263,0.04271,0.0425,0.0426,909246.0
2025-04-30 13:35:00+09:00,0.04261,0.04261,0.04227,0.04247,1273934.0
2025-04-30 13:40:00+09:00,0.04246,0.04251,0.04227,0.04231,771419.0
2025-04-30 13:45:00+09:00,0.04234,0.04255,0.04227,0.04243,805122.0
2025-04-30 13:50:00+09:00,0.04243,0.04251,0.04231,0.04249,825451.0
2025-04-30 13:55:00+09:00,0.04249,0.04258,0.04236,0.04249,679726.0
2025-04-30 14:00:00+09:00,0.04249,0.04254,0.04229,0.04245,1099678.0
2025-04-30 14:05:00+09:00,0.04245,0.04262,0.0424,0.04249,409901.0
2025-04-30 14:10:00+09:00,0.04248,0.04253,0.0422,0.04237,1127724.0
2025-04-30 14:15:00+09:00,0.04238,0.04266,0.04222,0.04259,1149465.0
2025-04-30 14:20:00+09:00,0.04259,0.0428,0.04249,0.0427,887097.0
2025-04-30 14:25:00+09:00,0.04273,0.04279,0.04229,0.04233,1199582.0
2025-04-30 14:30:00+09:00,0.04231,0.04267,0.04231,0.04263,2194215.0
2025-04-30 14:35:00+09:00,0.04264,0.04268,0.04246,0.04263,578847.0
2025-04-30 14:40:00+09:00,0.04264,0.04267,0.04254,0.04261,547172.0
2025-04-30 14:45:00+09:00,0.0426,0.04265,0.04236,0.04242,1039748.0
2025-04-30 14:50:00+09:00,0.04241,0.04263,0.04237,0.04262,522633.0
2025-04-30 14:55:00+09:00,0.04263,0.04306,0.04263,0.04296,1660534.0
2025-04-30 15:00:00+09:00,0.04294,0.04308,0.04277,0.0429,624680.0
2025-04-30 15:05:00+09:00,0.04289,0.0429,0.04264,0.04268,472685.0
2025-04-30 15:10:00+09:00,0.04267,0.043,0.04262,0.04298,781409.0
2025-04-30 15:15:00+09:00,0.04299,0.04311,0.04295,0.04303,609224.0
2025-04-30 15:20:00+09:00,0.04305,0.04336,0.04303,0.04333,1406969.0
2025-04-30 15:25:00+09:00,0.04332,0.0435,0.04327,0.04342,1016080.0
2025-04-30 15:30:00+09:00,0.04346,0.04368,0.04334,0.04349,2492695.0
2025-04-30 15:35:00+09:00,0.04349,0.04353,0.04327,0.04341,2262515.0
2025-04-30 15:40:00+09:00,0.0434,0.04357,0.04322,0.04338,1735584.0
2025-04-30 15:45:00+09:00,0.04337,0.04368,0.04333,0.04368,770853.0
2025-04-30 15:50:00+09:00,0.04368,0.04385,0.04366,0.04372,679861.0
2025-04-30 15:55:00+09:00,0.04373,0.04381,0.04343,0.0435,1516455.0
2025-04-30 16:00:00+09:00,0.0435,0.04355,0.04318,0.04327,745679.0
2025-04-30 16:05:00+09:00,0.04328,0.04332,0.04314,0.04324,728649.0
2025-04-30 16:10:00+09:00,0.04323,0.04325,0.04305,0.04313,1294122.0
2025-04-30 16:15:00+09:00,0.04314,0.04366,0.04312,0.04345,1023703.0
2025-04-30 16:20:00+09:00,0.04344,0.0435,0.04325,0.04339,564363.0
2025-04-30 16:25:00+09:00,0.0434,0.04356,0.0434,0.04352,307908.0
2025-04-30 16:30:00+09:00,0.04353,0.04353,0.04312,0.04329,447952.0
2025-04-30 16:35:00+09:00,0.04328,0.04328,0.04302,0.04315,786827.0
2025-04-30 16:40:00+09:00,0.04314,0.04315,0.04276,0.04278,969328.0
2025-04-30 16:45:00+09:00,0.04281,0.0429,0.04257,0.04272,1069412.0
2025-04-30 16:50:00+09:00,0.04272,0.04312,0.04265,0.04311,1055341.0
2025-04-30 16:55:00+09:00,0.04312,0.04312,0.0428,0.04299,672369.0
2025-04-30 17:00:00+09:00,0.043,0.04347,0.04296,0.04336,1575787.0
2025-04-30 17:05:00+09:00,0.04333,0.0434,0.0432,0.0434,718353.0
2025-04-30 17:10:00+09:00,0.04339,0.04368,0.04338,0.0436,1284724.0
2025-04-30 17:15:00+09:00,0.04362,0.04369,0.04316,0.04331,1637591.0
2025-04-30 17:20:00+09:00,0.04332,0.04334,0.04305,0.04305,644202.0
2025-04-30 17:25:00+09:00,0.04309,0.04312,0.04284,0.04294,686795.0
2025-04-30 17:30:00+09:00,0.04295,0.04306,0.04281,0.04294,620931.0
2025-04-30 17:35:00+09:00,0.04295,0.04305,0.04287,0.04291,944124.0
2025-04-30 17:40:00+09:00,0.04291,0.04298,0.04276,0.04292,1434130.0
2025-04-30 17:45:00+09:00,0.04291,0.04291,0.04269,0.04278,769581.0
2025-04-30 17:50:00+09:00,0.04279,0.0434,0.04274,0.04331,2176403.0
2025-04-30 17:55:00+09:00,0.04327,0.04333,0.04318,0.04325,720420.0
2025-04-30 18:00:00+09:00,0.04325,0.04374,0.04314,0.04374,1775809.0
2025-04-30 18:05:00+09:00,0.04373,0.04384,0.04351,0.04361,1376729.0
2025-04-30 18:10:00+09:00,0.04363,0.04368,0.04335,0.0434,785640.0
2025-04-30 18:15:00+09:00,0.04341,0.04364,0.04341,0.04361,990298.0
2025-04-30 18:20:00+09:00,0.04362,0.04364,0.04341,0.04359,1087898.0
2025-04-30 18:25:00+09:00,0.04356,0.04363,0.04349,0.04356,633857.0
2025-04-30 18:30:00+09:00,0.04357,0.04372,0.04334,0.04351,931591.0
2025-04-30 18:35:00+09:00,0.04355,0.04355,0.04334,0.04339,1296618.0
2025-04-30 18:40:00+09:00,0.0434,0.04358,0.0434,0.04345,448556.0
2025-04-30 18:45:00+09:00,0.04348,0.04372,0.04348,0.04359,744062.0
2025-04-30 18:50:00+09:00,0.04357,0.04376,0.04356,0.04369,384265.0
2025-04-30 18:55:00+09:00,0.04371,0.0438,0.04365,0.04368,480572.0
2025-04-30 19:00:00+09:00,0.04369,0.04369,0.0434,0.04345,524564.0
2025-04-30 19:05:00+09:00,0.04347,0.04347,0.04329,0.04332,524925.0
2025-04-30 19:10:00+09:00,0.04334,0.04338,0.04304,0.04319,1283823.0
2025-04-30 19:15:00+09:00,0.04319,0.04322,0.04287,0.04304,1415174.0
2025-04-30 19:20:00+09:00,0.04306,0.04318,0.04305,0.04306,268503.0
2025-04-30 19:25:00+09:00,0.04305,0.04328,0.04298,0.04321,552419.0
2025-04-30 19:30:00+09:00,0.04321,0.0433,0.04298,0.04323,940718.0
2025-04-30 19:35:00+09:00,0.04321,0.04336,0.0432,0.0433,226118.0
2025-04-30 19:40:00+09:00,0.04331,0.04346,0.04329,0.04345,350318.0
2025-04-30 19:45:00+09:00,0.04345,0.04361,0.04344,0.04361,963452.0
2025-04-30 19:50:00+09:00,0.0436,0.04371,0.04355,0.04371,310720.0
2025-04-30 19:55:00+09:00,0.04372,0.04379,0.04355,0.04373,699198.0
2025-04-30 20:00:00+09:00,0.04373,0.04379,0.04362,0.0437,323458.0
2025-04-30 20:05:00+09:00,0.04368,0.04383,0.04359,0.04368,603236.0
2025-04-30 20:10:00+09:00,0.04369,0.04386,0.04367,0.04374,655381.0
2025-04-30 20:15:00+09:00,0.04377,0.04423,0.04376,0.04412,978893.0
2025-04-30 20:20:00+09:00,0.04411,0.04438,0.04411,0.04422,860516.0
2025-04-30 20:25:00+09:00,0.04426,0.04439,0.044,0.04414,1221827.0
2025-04-30 20:30:00+09:00,0.04411,0.04417,0.04397,0.04414,415577.0
2025-04-30 20:35:00+09:00,0.04413,0.04439,0.04413,0.04437,912424.0
2025-04-30 20:40:00+09:00,0.04436,0.04457,0.04427,0.04446,904186.0
2025-04-30 20:45:00+09:00,0.04446,0.04455,0.04415,0.04424,877570.0
2025-04-30 20:50:00+09:00,0.04425,0.04437,0.04415,0.04415,402166.0
2025-04-30 20:55:00+09:00,0.04415,0.04419,0.04392,0.04409,773573.0
2025-04-30 21:00:00+09:00,0.0441,0.04413,0.0438,0.04394,828999.0
2025-04-30 21:05:00+09:00,0.04392,0.04405,0.04382,0.04385,679761.0
2025-04-30 21:10:00+09:00,0.04383,0.04394,0.04339,0.04368,4195321.0
2025-04-30 21:15:00+09:00,0.04365,0.0437,0.04336,0.04344,959111.0
2025-04-30 21:20:00+09:00,0.04344,0.04348,0.04301,0.04312,945355.0
2025-04-30 21:25:00+09:00,0.04313,0.04325,0.04306,0.0432,961909.0
2025-04-30 21:30:00+09:00,0.0432,0.04352,0.04261,0.04292,3323064.0
2025-04-30 21:35:00+09:00,0.04294,0.04294,0.04214,0.04231,3902985.0
2025-04-30 21:40:00+09:00,0.04228,0.04228,0.04196,0.04213,4007890.0
2025-04-30 21:45:00+09:00,0.04216,0.04228,0.04151,0.04181,3710582.0
2025-04-30 21:50:00+09:00,0.04181,0.04242,0.0418,0.04235,2083725.0
2025-04-30 21:55:00+09:00,0.04238,0.04249,0.04212,0.04231,1263670.0
2025-04-30 22:00:00+09:00,0.04231,0.04236,0.04159,0.04184,8360774.0
2025-04-30 22:05:00+09:00,0.04186,0.04191,0.04134,0.04143,4997544.0
2025-04-30 22:10:00+09:00,0.04144,0.0418,0.04087,0.04094,4426313.0
2025-04-30 22:15:00+09:00,0.04096,0.04158,0.04086,0.04114,6267401.0
2025-04-30 22:20:00+09:00,0.04115,0.04132,0.04109,0.04129,1111346.0
2025-04-30 22:25:00+09:00,0.0413,0.04153,0.04123,0.04151,1369825.0
2025-04-30 22:30:00+09:00,0.04148,0.04148,0.041,0.04133,3256415.0
2025-04-30 22:35:00+09:00,0.04135,0.04139,0.04032,0.04032,3515937.0
2025-04-30 22:40:00+09:00,0.04036,0.04065,0.03996,0.04053,7527049.0
2025-04-30 22:45:00+09:00,0.04053,0.04083,0.04016,0.04069,2509212.0
2025-04-30 22:50:00+09:00,0.04069,0.0407,0.04035,0.04061,1829699.0
2025-04-30 22:55:00+09:00,0.04059,0.04067,0.04017,0.04028,3301544.0
2025-04-30 23:00:00+09:00,0.04027,0.04097,0.03999,0.04051,4440985.0
2025-04-30 23:05:00+09:00,0.04053,0.04074,0.04043,0.04067,1765321.0
2025-04-30 23:10:00+09:00,0.04068,0.04121,0.04054,0.04114,2517550.0
2025-04-30 23:15:00+09:00,0.04113,0.04155,0.04099,0.04153,2876791.0
2025-04-30 23:20:00+09:00,0.04153,0.04199,0.04136,0.04198,2501359.0
2025-04-30 23:25:00+09:00,0.04199,0.04199,0.04164,0.04183,2226106.0
2025-04-30 23:30:00+09:00,0.04184,0.04258,0.04175,0.04236,2617580.0
2025-04-30 23:35:00+09:00,0.04238,0.04243,0.04211,0.04242,1508936.0
2025-04-30 23:40:00+09:00,0.04242,0.04243,0.04183,0.04232,1368299.0
2025-04-30 23:45:00+09:00,0.04234,0.04234,0.04173,0.04173,3173105.0
2025-04-30 23:50:00+09:00,0.04175,0.04188,0.04149,0.0416,1349648.0
2025-04-30 23:55:00+09:00,0.04162,0.04176,0.04147,0.04165,1089024.0
2025-05-01 00:00:00+09:00,0.04168,0.04191,0.04147,0.04155,1084523.0
2025-05-01 00:05:00+09:00,0.04154,0.042,0.04142,0.04196,1165879.0
2025-05-01 00:10:00+09:00,0.04196,0.04211,0.0417,0.04202,1280628.0
2025-05-01 00:15:00+09:00,0.04199,0.04235,0.04193,0.04228,993682.0
2025-05-01 00:20:00+09:00,0.04222,0.04233,0.04195,0.04195,532299.0
2025-05-01 00:25:00+09:00,0.04195,0.04195,0.04167,0.04177,1333633.0
2025-05-01 00:30:00+09:00,0.04178,0.04193,0.04162,0.04187,1204707.0
2025-05-01 00:35:00+09:00,0.04186,0.04209,0.04179,0.04196,1372425.0
2025-05-01 00:40:00+09:00,0.04195,0.04207,0.04166,0.04204,1011001.0
2025-05-01 00:45:00+09:00,0.04204,0.04209,0.04179,0.04193,393361.0
2025-05-01 00:50:00+09:00,0.04191,0.04198,0.04164,0.04185,469472.0
2025-05-01 00:55:00+09:00,0.04185,0.04191,0.04166,0.04176,713129.0
2025-05-01 01:00:00+09:00,0.04176,0.04187,0.04151,0.04184,2083629.0
2025-05-01 01:05:00+09:00,0.04187,0.04188,0.04136,0.04143,1498898.0
2025-05-01 01:10:00+09:00,0.04146,0.04157,0.04135,0.0414,801597.0
2025-05-01 01:15:00+09:00,0.0414,0.04159,0.0411,0.04116,1903823.0
2025-05-01 01:20:00+09:00,0.04117,0.04139,0.04108,0.04108,961579.0
2025-05-01 01:25:00+09:00,0.0411,0.04116,0.0407,0.04116,1758896.0
2025-05-01 01:30:00+09:00,0.04113,0.04118,0.04101,0.04101,664339.0
2025-05-01 01:35:00+09:00,0.04103,0.04132,0.04083,0.04129,1256350.0
2025-05-01 01:40:00+09:00,0.04126,0.04155,0.04122,0.0413,1198323.0
2025-05-01 01:45:00+09:00,0.04131,0.04141,0.04105,0.04116,1428765.0
2025-05-01 01:50:00+09:00,0.04112,0.04126,0.04088,0.04093,1292692.0
2025-05-01 01:55:00+09:00,0.04094,0.04106,0.04083,0.04103,1970107.0
2025-05-01 02:00:00+09:00,0.04104,0.04136,0.04098,0.04113,1395482.0
2025-05-01 02:05:00+09:00,0.04114,0.04114,0.04065,0.04073,894874.0
2025-05-01 02:10:00+09:00,0.04073,0.04081,0.04055,0.04078,2471874.0
2025-05-01 02:15:00+09:00,0.04079,0.04086,0.04056,0.04058,484838.0
2025-05-01 02:20:00+09:00,0.04057,0.04096,0.04057,0.0408,1547898.0
2025-05-01 02:25:00+09:00,0.04083,0.04122,0.04083,0.04121,604018.0
2025-05-01 02:30:00+09:00,0.04122,0.04133,0.04095,0.04107,1412188.0
2025-05-01 02:35:00+09:00,0.04106,0.0416,0.04104,0.04137,1025233.0
2025-05-01 02:40:00+09:00,0.04137,0.0417,0.04135,0.04158,745753.0
2025-05-01 02:45:00+09:00,0.04161,0.04167,0.04133,0.04134,1274987.0
2025-05-01 02:50:00+09:00,0.04134,0.04164,0.04134,0.04164,512264.0
2025-05-01 02:55:00+09:00,0.0416,0.04169,0.0414,0.0414,491337.0
2025-05-01 03:00:00+09:00,0.04141,0.04149,0.04123,0.04148,774880.0
2025-05-01 03:05:00+09:00,0.04148,0.042,0.04143,0.04188,2053946.0
2025-05-01 03:10:00+09:00,0.04188,0.04198,0.04173,0.04184,1798329.0
2025-05-01 03:15:00+09:00,0.04184,0.04191,0.04167,0.04174,545073.0
2025-05-01 03:20:00+09:00,0.04174,0.04188,0.04158,0.0418,720597.0
2025-05-01 03:25:00+09:00,0.0418,0.04183,0.0416,0.04163,570666.0
2025-05-01 03:30:00+09:00,0.0416,0.04164,0.0414,0.0414,1453771.0
2025-05-01 03:35:00+09:00,0.0414,0.04157,0.04125,0.04149,1236666.0
2025-05-01 03:40:00+09:00,0.04145,0.04149,0.04124,0.04131,595001.0
2025-05-01 03:45:00+09:00,0.04132,0.04159,0.04132,0.04158,508191.0
2025-05-01 03:50:00+09:00,0.04156,0.04159,0.04145,0.04145,251360.0
2025-05-01 03:55:00+09:00,0.04144,0.04156,0.04133,0.04136,599578.0
2025-05-01 04:00:00+09:00,0.04138,0.04148,0.04124,0.04134,413569.0
2025-05-01 04:05:00+09:00,0.04135,0.04145,0.04128,0.04129,249247.0
2025-05-01 04:10:00+09:00,0.04128,0.04128,0.04108,0.04119,737944.0
2025-05-01 04:15:00+09:00,0.0412,0.0412,0.04096,0.04097,441621.0
2025-05-01 04:20:00+09:00,0.04098,0.04106,0.04083,0.04088,1769437.0
2025-05-01 04:25:00+09:00,0.0409,0.04096,0.04068,0.04092,711296.0
2025-05-01 04:30:00+09:00,0.04092,0.04106,0.04087,0.04098,504182.0
2025-05-01 04:35:00+09:00,0.04101,0.0412,0.04098,0.04099,365609.0
2025-05-01 04:40:00+09:00,0.04099,0.04119,0.04099,0.04119,408339.0
2025-05-01 04:45:00+09:00,0.04118,0.04129,0.0411,0.04126,185031.0
2025-05-01 04:50:00+09:00,0.04127,0.04143,0.04127,0.04133,631537.0
2025-05-01 04:55:00+09:00,0.04131,0.04151,0.04124,0.04127,392310.0
2025-05-01 05:00:00+09:00,0.04128,0.04154,0.0412,0.04154,599751.0
2025-05-01 05:05:00+09:00,0.04146,0.04188,0.04141,0.04172,1603590.0
2025-05-01 05:10:00+09:00,0.04172,0.04199,0.04171,0.0419,936621.0
2025-05-01 05:15:00+09:00,0.04194,0.04218,0.04185,0.04208,814984.0
2025-05-01 05:20:00+09:00,0.04211,0.04231,0.04211,0.04226,1133740.0
2025-05-01 05:25:00+09:00,0.04226,0.04238,0.04212,0.04228,740213.0
2025-05-01 05:30:00+09:00,0.04229,0.04244,0.04217,0.04234,540216.0
2025-05-01 05:35:00+09:00,0.04232,0.04238,0.04216,0.0422,336999.0
2025-05-01 05:40:00+09:00,0.04218,0.04221,0.04199,0.04217,1015024.0
2025-05-01 05:45:00+09:00,0.04218,0.0424,0.04208,0.04229,1502536.0
2025-05-01 05:50:00+09:00,0.04228,0.04247,0.04226,0.04242,365125.0
2025-05-01 05:55:00+09:00,0.04243,0.04243,0.04214,0.04218,1869849.0
2025-05-01 06:00:00+09:00,0.04216,0.04221,0.04199,0.04208,1184378.0
2025-05-01 06:05:00+09:00,0.04209,0.0424,0.04206,0.0421,475733.0
2025-05-01 06:10:00+09:00,0.04208,0.04213,0.04188,0.04205,2421451.0
2025-05-01 06:15:00+09:00,0.04205,0.0422,0.04199,0.0422,217121.0
2025-05-01 06:20:00+09:00,0.04221,0.04226,0.04211,0.04221,424299.0
2025-05-01 06:25:00+09:00,0.04219,0.04223,0.04215,0.04219,174438.0
2025-05-01 06:30:00+09:00,0.04218,0.04229,0.04211,0.04212,282872.0
2025-05-01 06:35:00+09:00,0.04213,0.04229,0.04213,0.04218,207271.0
2025-05-01 06:40:00+09:00,0.04217,0.0425,0.04214,0.04218,1657571.0
2025-05-01 06:45:00+09:00,0.04218,0.0422,0.04215,0.04215,187464.0
2025-05-01 06:50:00+09:00,0.04216,0.04222,0.04204,0.04204,313825.0
2025-05-01 06:55:00+09:00,0.04203,0.04203,0.0418,0.04201,372208.0
2025-05-01 07:00:00+09:00,0.04197,0.04221,0.04194,0.0422,584711.0
2025-05-01 07:05:00+09:00,0.0422,0.04226,0.04208,0.04219,318431.0
2025-05-01 07:10:00+09:00,0.0422,0.0422,0.04206,0.0421,182024.0
2025-05-01 07:15:00+09:00,0.04214,0.04216,0.04206,0.04206,414401.0
2025-05-01 07:20:00+09:00,0.04206,0.04212,0.04189,0.04205,696613.0
2025-05-01 07:25:00+09:00,0.04207,0.04213,0.04194,0.04195,98895.0
2025-05-01 07:30:00+09:00,0.04194,0.04205,0.04186,0.04192,283199.0
2025-05-01 07:35:00+09:00,0.04188,0.04189,0.04169,0.04171,998575.0
2025-05-01 07:40:00+09:00,0.04171,0.0418,0.04171,0.04179,424441.0
2025-05-01 07:45:00+09:00,0.04177,0.04188,0.04153,0.04161,1123056.0
2025-05-01 07:50:00+09:00,0.04161,0.04172,0.04155,0.04156,514259.0
2025-05-01 07:55:00+09:00,0.0416,0.04169,0.04158,0.04162,340526.0
2025-05-01 08:00:00+09:00,0.04163,0.04168,0.04128,0.0414,1523701.0
2025-05-01 08:05:00+09:00,0.04139,0.04183,0.04134,0.0418,1325086.0
2025-05-01 08:10:00+09:00,0.04181,0.04218,0.04181,0.04218,1075464.0
2025-05-01 08:15:00+09:00,0.04218,0.04226,0.04184,0.04191,848431.0
2025-05-01 08:20:00+09:00,0.0419,0.04198,0.04182,0.04189,345030.0
2025-05-01 08:25:00+09:00,0.04188,0.04214,0.04186,0.04211,439733.0
2025-05-01 08:30:00+09:00,0.04212,0.04245,0.04205,0.04239,873052.0
2025-05-01 08:35:00+09:00,0.04239,0.04254,0.0423,0.04243,3114692.0
2025-05-01 08:40:00+09:00,0.04245,0.04264,0.04244,0.04248,1469518.0
2025-05-01 08:45:00+09:00,0.04249,0.04252,0.0423,0.04244,311001.0
2025-05-01 08:50:00+09:00,0.04246,0.04271,0.04232,0.04252,2791173.0
2025-05-01 08:55:00+09:00,0.04252,0.04259,0.04241,0.04243,368256.0
2025-05-01 09:00:00+09:00,0.04245,0.04245,0.04213,0.04239,1031309.0
2025-05-01 09:05:00+09:00,0.04237,0.0426,0.0423,0.0426,1239757.0
2025-05-01 09:10:00+09:00,0.0426,0.04292,0.04258,0.04287,1511937.0
2025-05-01 09:15:00+09:00,0.0429,0.0429,0.04256,0.04283,900059.0
2025-05-01 09:20:00+09:00,0.04283,0.04316,0.04276,0.04305,2917475.0
2025-05-01 09:25:00+09:00,0.04306,0.04332,0.04296,0.04324,1143817.0
2025-05-01 09:30:00+09:00,0.04324,0.04332,0.0429,0.04307,1213278.0
2025-05-01 09:35:00+09:00,0.04305,0.04325,0.04292,0.04318,850273.0
2025-05-01 09:40:00+09:00,0.04319,0.04319,0.04291,0.04294,731662.0
2025-05-01 09:45:00+09:00,0.04291,0.04344,0.04282,0.04337,1032341.0
2025-05-01 09:50:00+09:00,0.04338,0.04338,0.04314,0.04317,945781.0
2025-05-01 09:55:00+09:00,0.04317,0.04326,0.04299,0.04324,1091719.0
2025-05-01 10:00:00+09:00,0.04324,0.04354,0.04318,0.04351,1054171.0
2025-05-01 10:05:00+09:00,0.04352,0.04352,0.0432,0.04331,1651787.0
2025-05-01 10:10:00+09:00,0.04336,0.04341,0.04323,0.04339,800330.0
2025-05-01 10:15:00+09:00,0.04336,0.04379,0.04334,0.0437,1435851.0
2025-05-01 10:20:00+09:00,0.04369,0.04392,0.04366,0.04384,1551848.0
2025-05-01 10:25:00+09:00,0.04383,0.04387,0.04365,0.04371,594576.0
2025-05-01 10:30:00+09:00,0.04368,0.04374,0.04334,0.04338,1354409.0
2025-05-01 10:35:00+09:00,0.0434,0.04348,0.04326,0.04327,1575801.0
2025-05-01 10:40:00+09:00,0.04326,0.0433,0.04296,0.04328,1013624.0
2025-05-01 10:45:00+09:00,0.04327,0.04334,0.04316,0.04316,488174.0
2025-05-01 10:50:00+09:00,0.04317,0.04326,0.04301,0.04326,615545.0
2025-05-01 10:55:00+09:00,0.04326,0.04331,0.04302,0.04315,252189.0
2025-05-01 11:00:00+09:00,0.04314,0.04318,0.04282,0.04297,1039556.0
2025-05-01 11:05:00+09:00,0.04296,0.04326,0.04289,0.04312,667465.0
2025-05-01 11:10:00+09:00,0.04312,0.04322,0.04284,0.0429,928382.0
2025-05-01 11:15:00+09:00,0.04291,0.0433,0.04291,0.04315,422734.0
2025-05-01 11:20:00+09:00,0.04314,0.04317,0.04288,0.04314,849355.0
2025-05-01 11:25:00+09:00,0.04313,0.0433,0.04308,0.04321,402153.0
2025-05-01 11:30:00+09:00,0.04321,0.04326,0.04297,0.04299,772889.0
2025-05-01 11:35:00+09:00,0.043,0.04318,0.04297,0.04307,509514.0
2025-05-01 11:40:00+09:00,0.04307,0.04309,0.0428,0.04283,535456.0
2025-05-01 11:45:00+09:00,0.04283,0.04284,0.04232,0.04232,4555418.0
2025-05-01 11:50:00+09:00,0.04232,0.04258,0.04232,0.04244,2942624.0
2025-05-01 11:55:00+09:00,0.04243,0.04251,0.04231,0.04247,586357.0
2025-05-01 12:00:00+09:00,0.04246,0.04281,0.04244,0.04281,491953.0
2025-05-01 12:05:00+09:00,0.04282,0.04298,0.04281,0.04294,663625.0
2025-05-01 12:10:00+09:00,0.04293,0.04305,0.04282,0.04283,1221089.0
2025-05-01 12:15:00+09:00,0.04283,0.04283,0.04232,0.04233,1501137.0
2025-05-01 12:20:00+09:00,0.04235,0.04255,0.04232,0.04247,336003.0
2025-05-01 12:25:00+09:00,0.04248,0.04256,0.04197,0.04203,2228288.0
2025-05-01 12:30:00+09:00,0.04205,0.04215,0.04169,0.04188,1474379.0
2025-05-01 12:35:00+09:00,0.04187,0.04218,0.04182,0.04215,652261.0
2025-05-01 12:40:00+09:00,0.04214,0.04217,0.042,0.04211,629491.0
2025-05-01 12:45:00+09:00,0.0421,0.04213,0.04182,0.04196,617281.0
2025-05-01 12:50:00+09:00,0.04195,0.04203,0.04176,0.04179,559398.0
2025-05-01 12:55:00+09:00,0.04181,0.04205,0.04181,0.04203,437897.0
2025-05-01 13:00:00+09:00,0.04205,0.04214,0.04186,0.0419,365759.0
2025-05-01 13:05:00+09:00,0.04192,0.04218,0.04183,0.04216,440035.0
2025-05-01 13:10:00+09:00,0.04217,0.04245,0.04211,0.04242,1537417.0
2025-05-01 13:15:00+09:00,0.04242,0.04265,0.04235,0.0426,944025.0
2025-05-01 13:20:00+09:00,0.0426,0.04288,0.04255,0.04282,421578.0
2025-05-01 13:25:00+09:00,0.04283,0.04293,0.04247,0.04254,1510622.0
2025-05-01 13:30:00+09:00,0.04256,0.04259,0.04223,0.04241,1628753.0
2025-05-01 13:35:00+09:00,0.04242,0.04274,0.04236,0.04259,1516237.0
2025-05-01 13:40:00+09:00,0.04257,0.04287,0.04257,0.0428,1369544.0
2025-05-01 13:45:00+09:00,0.0428,0.0428,0.04256,0.04256,373256.0
2025-05-01 13:50:00+09:00,0.04256,0.04257,0.04245,0.04254,581935.0
2025-05-01 13:55:00+09:00,0.04255,0.04267,0.04235,0.04237,389716.0
2025-05-01 14:00:00+09:00,0.04237,0.0424,0.04203,0.04211,1009916.0
2025-05-01 14:05:00+09:00,0.04213,0.04247,0.04208,0.04246,684550.0
2025-05-01 14:10:00+09:00,0.04246,0.04253,0.04228,0.04236,1469606.0
2025-05-01 14:15:00+09:00,0.04237,0.04245,0.04211,0.04211,652186.0
2025-05-01 14:20:00+09:00,0.0421,0.04219,0.04202,0.04208,513642.0
2025-05-01 14:25:00+09:00,0.04209,0.04231,0.04204,0.04231,399270.0
2025-05-01 14:30:00+09:00,0.04229,0.04231,0.04204,0.04214,414975.0
2025-05-01 14:35:00+09:00,0.04216,0.04245,0.04216,0.04238,732398.0
2025-05-01 14:40:00+09:00,0.04238,0.04284,0.04238,0.04274,642170.0
2025-05-01 14:45:00+09:00,0.04274,0.04284,0.04268,0.04275,441305.0
2025-05-01 14:50:00+09:00,0.04274,0.04292,0.04267,0.04278,424249.0
2025-05-01 14:55:00+09:00,0.04273,0.04278,0.04259,0.0427,768334.0
2025-05-01 15:00:00+09:00,0.04271,0.04287,0.04252,0.04258,892832.0
2025-05-01 15:05:00+09:00,0.04258,0.04275,0.04234,0.0424,1169162.0
2025-05-01 15:10:00+09:00,0.0424,0.04259,0.0424,0.04255,395190.0
2025-05-01 15:15:00+09:00,0.04255,0.04276,0.04253,0.04276,1130551.0
2025-05-01 15:20:00+09:00,0.04277,0.0429,0.04259,0.04259,1580618.0
2025-05-01 15:25:00+09:00,0.04261,0.04282,0.04261,0.04279,352936.0
2025-05-01 15:30:00+09:00,0.04279,0.04287,0.0426,0.04276,467890.0
2025-05-01 15:35:00+09:00,0.04274,0.04299,0.04274,0.04299,854148.0
2025-05-01 15:40:00+09:00,0.04298,0.04298,0.04259,0.04269,769233.0
2025-05-01 15:45:00+09:00,0.04267,0.04273,0.04247,0.04256,465546.0
2025-05-01 15:50:00+09:00,0.04257,0.04268,0.04254,0.04268,316560.0
2025-05-01 15:55:00+09:00,0.04265,0.04265,0.04241,0.04245,363943.0
2025-05-01 16:00:00+09:00,0.04244,0.0425,0.04223,0.04248,808815.0
2025-05-01 16:05:00+09:00,0.04248,0.04284,0.04243,0.0427,1126845.0
2025-05-01 16:10:00+09:00,0.0427,0.04283,0.04265,0.04265,327572.0
2025-05-01 16:15:00+09:00,0.04268,0.04269,0.0425,0.04255,533524.0
2025-05-01 16:20:00+09:00,0.04252,0.04262,0.04249,0.04261,252150.0
2025-05-01 16:25:00+09:00,0.0426,0.04263,0.04246,0.04256,391192.0
2025-05-01 16:30:00+09:00,0.04254,0.04265,0.04246,0.04262,253489.0
2025-05-01 16:35:00+09:00,0.04264,0.04277,0.04259,0.04274,410244.0
2025-05-01 16:40:00+09:00,0.04275,0.04285,0.04272,0.04276,423538.0
2025-05-01 16:45:00+09:00,0.04275,0.04279,0.04246,0.04256,692369.0
2025-05-01 16:50:00+09:00,0.04256,0.04268,0.04254,0.04258,281378.0
2025-05-01 16:55:00+09:00,0.04259,0.0428,0.04259,0.04271,617077.0
2025-05-01 17:00:00+09:00,0.04271,0.04272,0.04242,0.04254,451014.0
2025-05-01 17:05:00+09:00,0.04253,0.04263,0.04242,0.04253,363649.0
2025-05-01 17:10:00+09:00,0.04253,0.04264,0.04241,0.0425,4073153.0
2025-05-01 17:15:00+09:00,0.04251,0.0428,0.04244,0.0428,358045.0
2025-05-01 17:20:00+09:00,0.04279,0.04289,0.04277,0.04277,543905.0
2025-05-01 17:25:00+09:00,0.04279,0.04282,0.04263,0.04265,332756.0
2025-05-01 17:30:00+09:00,0.04265,0.04276,0.04254,0.04272,716619.0
2025-05-01 17:35:00+09:00,0.04274,0.04274,0.04248,0.04251,206185.0
2025-05-01 17:40:00+09:00,0.04252,0.04286,0.04252,0.04272,488878.0
2025-05-01 17:45:00+09:00,0.04275,0.04283,0.04274,0.04281,206254.0
2025-05-01 17:50:00+09:00,0.04277,0.04289,0.04276,0.04281,584671.0
2025-05-01 17:55:00+09:00,0.04281,0.04288,0.04276,0.04286,334486.0
2025-05-01 18:00:00+09:00,0.04286,0.04291,0.04267,0.04277,950879.0
2025-05-01 18:05:00+09:00,0.04279,0.04284,0.0426,0.04261,792894.0
2025-05-01 18:10:00+09:00,0.04261,0.0427,0.04259,0.04269,214291.0
2025-05-01 18:15:00+09:00,0.04268,0.0429,0.04262,0.04282,703096.0
2025-05-01 18:20:00+09:00,0.04279,0.04286,0.04273,0.04281,769941.0
2025-05-01 18:25:00+09:00,0.04282,0.04288,0.04273,0.04284,457597.0
2025-05-01 18:30:00+09:00,0.04283,0.04296,0.04277,0.04293,268444.0
2025-05-01 18:35:00+09:00,0.04295,0.04332,0.04291,0.04328,1615845.0
2025-05-01 18:40:00+09:00,0.04329,0.04332,0.04313,0.04323,425335.0
2025-05-01 18:45:00+09:00,0.04325,0.04347,0.04321,0.0434,1184737.0
2025-05-01 18:50:00+09:00,0.04341,0.04376,0.04335,0.04368,2027553.0
2025-05-01 18:55:00+09:00,0.04367,0.04387,0.04356,0.0436,1529968.0
2025-05-01 19:00:00+09:00,0.04362,0.04394,0.0436,0.04388,1122945.0
2025-05-01 19:05:00+09:00,0.04385,0.04401,0.0438,0.04383,1762269.0
2025-05-01 19:10:00+09:00,0.04384,0.04398,0.04363,0.04375,1864138.0
2025-05-01 19:15:00+09:00,0.04376,0.04407,0.04376,0.04403,2156253.0
2025-05-01 19:20:00+09:00,0.04403,0.04424,0.04381,0.04406,2983911.0
2025-05-01 19:25:00+09:00,0.04405,0.04417,0.04396,0.04413,1419683.0
2025-05-01 19:30:00+09:00,0.04415,0.0442,0.04361,0.04381,2098213.0
2025-05-01 19:35:00+09:00,0.0438,0.04391,0.04354,0.04358,1631256.0
2025-05-01 19:40:00+09:00,0.0436,0.04391,0.04348,0.0437,2824568.0
2025-05-01 19:45:00+09:00,0.04371,0.04373,0.0432,0.04329,1698313.0
2025-05-01 19:50:00+09:00,0.04331,0.04385,0.04331,0.04385,1204896.0
2025-05-01 19:55:00+09:00,0.04382,0.04408,0.0438,0.04403,1116015.0
2025-05-01 20:00:00+09:00,0.04404,0.0442,0.04396,0.04416,1491439.0
2025-05-01 20:05:00+09:00,0.04417,0.04437,0.044,0.04424,2805415.0
2025-05-01 20:10:00+09:00,0.04423,0.0448,0.04421,0.04475,2347322.0
2025-05-01 20:15:00+09:00,0.04475,0.0448,0.04431,0.04448,1413360.0
2025-05-01 20:20:00+09:00,0.0445,0.0445,0.04414,0.04415,839938.0
2025-05-01 20:25:00+09:00,0.04415,0.04434,0.04402,0.04421,1563458.0
2025-05-01 20:30:00+09:00,0.04425,0.04473,0.04425,0.04464,977930.0
2025-05-01 20:35:00+09:00,0.04464,0.04512,0.04464,0.04502,4902207.0
2025-05-01 20:40:00+09:00,0.04504,0.04525,0.04499,0.04513,1039916.0
2025-05-01 20:45:00+09:00,0.04513,0.04544,0.04507,0.04531,3482754.0
2025-05-01 20:50:00+09:00,0.04534,0.04544,0.04499,0.04504,1498216.0
2025-05-01 20:55:00+09:00,0.04503,0.04523,0.04493,0.04501,1283519.0
2025-05-01 21:00:00+09:00,0.04499,0.04515,0.04484,0.04488,805658.0
2025-05-01 21:05:00+09:00,0.04488,0.04514,0.04482,0.04507,1075254.0
2025-05-01 21:10:00+09:00,0.04509,0.0458,0.04504,0.04565,3164942.0
2025-05-01 21:15:00+09:00,0.04562,0.04566,0.04517,0.04522,1646498.0
2025-05-01 21:20:00+09:00,0.0452,0.04572,0.04503,0.04564,2268346.0
2025-05-01 21:25:00+09:00,0.04562,0.04566,0.04508,0.04509,1297505.0
2025-05-01 21:30:00+09:00,0.04507,0.04527,0.04485,0.04521,1570561.0
2025-05-01 21:35:00+09:00,0.04523,0.04557,0.0451,0.04529,1666619.0
2025-05-01 21:40:00+09:00,0.04526,0.04573,0.04523,0.04533,3642790.0
2025-05-01 21:45:00+09:00,0.04531,0.04547,0.04463,0.04477,3146969.0
2025-05-01 21:50:00+09:00,0.04475,0.04477,0.0444,0.04459,3535838.0
2025-05-01 21:55:00+09:00,0.0446,0.04463,0.04432,0.04463,2053989.0
2025-05-01 22:00:00+09:00,0.04461,0.04489,0.04444,0.0448,1085206.0
2025-05-01 22:05:00+09:00,0.04481,0.04506,0.0448,0.045,1034678.0
2025-05-01 22:10:00+09:00,0.04502,0.04552,0.04502,0.04552,2701310.0
2025-05-01 22:15:00+09:00,0.04549,0.04549,0.04509,0.04524,2633895.0
2025-05-01 22:20:00+09:00,0.04526,0.04561,0.04517,0.04531,1128827.0
2025-05-01 22:25:00+09:00,0.04535,0.04539,0.04514,0.04516,826954.0
2025-05-01 22:30:00+09:00,0.04516,0.04517,0.04447,0.04447,2930042.0
2025-05-01 22:35:00+09:00,0.04449,0.04468,0.04412,0.04424,3154507.0
2025-05-01 22:40:00+09:00,0.04425,0.04436,0.04371,0.04397,5220511.0
2025-05-01 22:45:00+09:00,0.04398,0.0443,0.04376,0.04418,1667259.0
2025-05-01 22:50:00+09:00,0.04418,0.04439,0.04391,0.044,1997380.0
2025-05-01 22:55:00+09:00,0.04396,0.04403,0.04374,0.04383,1769502.0
2025-05-01 23:00:00+09:00,0.04382,0.04427,0.04382,0.04425,4103504.0
2025-05-01 23:05:00+09:00,0.04424,0.04474,0.04421,0.04469,1620277.0
2025-05-01 23:10:00+09:00,0.04474,0.04499,0.04454,0.04467,1867794.0
2025-05-01 23:15:00+09:00,0.04468,0.04488,0.04446,0.04448,1335602.0
2025-05-01 23:20:00+09:00,0.0445,0.0452,0.0445,0.04511,1637449.0
2025-05-01 23:25:00+09:00,0.04512,0.04521,0.04485,0.04485,2319870.0
2025-05-01 23:30:00+09:00,0.04487,0.04513,0.04454,0.04472,2170204.0
2025-05-01 23:35:00+09:00,0.04472,0.04501,0.04465,0.04486,1006585.0
2025-05-01 23:40:00+09:00,0.04488,0.04519,0.04476,0.04479,1629192.0
2025-05-01 23:45:00+09:00,0.04481,0.04495,0.0447,0.04492,818135.0
2025-05-01 23:50:00+09:00,0.04491,0.04506,0.04488,0.04506,925702.0
2025-05-01 23:55:00+09:00,0.04506,0.04525,0.045,0.04518,862631.0
2025-05-02 00:00:00+09:00,0.04518,0.04527,0.04492,0.04526,1329788.0
2025-05-02 00:05:00+09:00,0.04525,0.04541,0.04504,0.04528,2826525.0
2025-05-02 00:10:00+09:00,0.04531,0.04569,0.04518,0.04535,2500204.0
2025-05-02 00:15:00+09:00,0.04532,0.04538,0.04475,0.04484,1948431.0
2025-05-02 00:20:00+09:00,0.04485,0.045,0.04474,0.04492,915084.0
2025-05-02 00:25:00+09:00,0.04491,0.04526,0.0449,0.0452,675898.0
2025-05-02 00:30:00+09:00,0.04521,0.04526,0.04453,0.04453,1137690.0
2025-05-02 00:35:00+09:00,0.04457,0.04489,0.04457,0.04485,807156.0
2025-05-02 00:40:00+09:00,0.04482,0.04498,0.04467,0.0447,712971.0
2025-05-02 00:45:00+09:00,0.04469,0.04476,0.04433,0.04434,1235434.0
2025-05-02 00:50:00+09:00,0.04441,0.04475,0.04439,0.04453,2481320.0
2025-05-02 00:55:00+09:00,0.04456,0.04479,0.04436,0.04471,1490776.0
2025-05-02 01:00:00+09:00,0.04474,0.04493,0.0446,0.04485,1265560.0
2025-05-02 01:05:00+09:00,0.04488,0.04522,0.04481,0.04521,1053722.0
2025-05-02 01:10:00+09:00,0.04521,0.04522,0.04488,0.04502,1415000.0
2025-05-02 01:15:00+09:00,0.04501,0.04511,0.04439,0.0445,3105816.0
2025-05-02 01:20:00+09:00,0.04449,0.04473,0.04444,0.04458,1077473.0
2025-05-02 01:25:00+09:00,0.04461,0.04476,0.04434,0.0444,560352.0
2025-05-02 01:30:00+09:00,0.04441,0.04467,0.0444,0.04466,711953.0
2025-05-02 01:35:00+09:00,0.04466,0.0448,0.0444,0.04444,791287.0
2025-05-02 01:40:00+09:00,0.04444,0.04444,0.04413,0.04441,1410799.0
2025-05-02 01:45:00+09:00,0.04442,0.04442,0.04427,0.04436,376631.0
2025-05-02 01:50:00+09:00,0.04436,0.04438,0.04411,0.04417,707401.0
2025-05-02 01:55:00+09:00,0.04416,0.04439,0.04413,0.04427,1957177.0
2025-05-02 02:00:00+09:00,0.04426,0.04481,0.04426,0.04478,1487278.0
2025-05-02 02:05:00+09:00,0.04479,0.04499,0.04475,0.04499,858631.0
2025-05-02 02:10:00+09:00,0.045,0.04502,0.04468,0.04478,748675.0
2025-05-02 02:15:00+09:00,0.04479,0.04501,0.04472,0.04477,469272.0
2025-05-02 02:20:00+09:00,0.04477,0.04497,0.04469,0.04485,466182.0
2025-05-02 02:25:00+09:00,0.04486,0.04488,0.04435,0.0445,1886975.0
2025-05-02 02:30:00+09:00,0.0445,0.04456,0.04433,0.04448,430470.0
2025-05-02 02:35:00+09:00,0.04449,0.04453,0.04386,0.04396,2014346.0
2025-05-02 02:40:00+09:00,0.04395,0.04395,0.04365,0.04381,1818127.0
2025-05-02 02:45:00+09:00,0.04382,0.04389,0.04362,0.04387,693796.0
2025-05-02 02:50:00+09:00,0.04388,0.04425,0.04388,0.04422,809271.0
2025-05-02 02:55:00+09:00,0.04424,0.04424,0.04402,0.04418,245170.0
2025-05-02 03:00:00+09:00,0.04417,0.04427,0.04404,0.04407,393085.0
2025-05-02 03:05:00+09:00,0.04411,0.04425,0.04398,0.04404,341396.0
2025-05-02 03:10:00+09:00,0.04404,0.04408,0.04393,0.04393,709961.0
2025-05-02 03:15:00+09:00,0.04393,0.04397,0.04377,0.04394,896934.0
2025-05-02 03:20:00+09:00,0.04393,0.04396,0.04372,0.04391,288098.0
2025-05-02 03:25:00+09:00,0.04392,0.04394,0.04381,0.04388,291157.0
2025-05-02 03:30:00+09:00,0.04387,0.04387,0.04346,0.04362,4061057.0
2025-05-02 03:35:00+09:00,0.04363,0.04372,0.04351,0.0437,922958.0
2025-05-02 03:40:00+09:00,0.04371,0.0439,0.04369,0.0439,482558.0
2025-05-02 03:45:00+09:00,0.0439,0.04413,0.0439,0.04407,689303.0
2025-05-02 03:50:00+09:00,0.04406,0.04422,0.04402,0.04402,841661.0
2025-05-02 03:55:00+09:00,0.04403,0.04409,0.04396,0.04401,672327.0
2025-05-02 04:00:00+09:00,0.04404,0.04404,0.04337,0.04356,5115012.0
2025-05-02 04:05:00+09:00,0.04353,0.0436,0.04337,0.04349,1062679.0
2025-05-02 04:10:00+09:00,0.04349,0.04357,0.04347,0.04354,723053.0
2025-05-02 04:15:00+09:00,0.04355,0.04379,0.04349,0.04376,758901.0
2025-05-02 04:20:00+09:00,0.04375,0.0438,0.04349,0.04349,405602.0
2025-05-02 04:25:00+09:00,0.0435,0.04379,0.0435,0.04375,712946.0
2025-05-02 04:30:00+09:00,0.04374,0.04391,0.04363,0.0439,1598253.0
2025-05-02 04:35:00+09:00,0.04388,0.04405,0.04384,0.04394,824871.0
2025-05-02 04:40:00+09:00,0.04391,0.04395,0.04347,0.04347,1096424.0
2025-05-02 04:45:00+09:00,0.04349,0.04362,0.04349,0.04359,545067.0
2025-05-02 04:50:00+09:00,0.04358,0.04367,0.04339,0.0435,603130.0
2025-05-02 04:55:00+09:00,0.04349,0.04356,0.04322,0.04334,1375278.0
2025-05-02 05:00:00+09:00,0.04334,0.04349,0.04315,0.04322,1777093.0
2025-05-02 05:05:00+09:00,0.0432,0.04337,0.04317,0.0433,1089121.0
2025-05-02 05:10:00+09:00,0.04331,0.04364,0.0433,0.04363,777207.0
2025-05-02 05:15:00+09:00,0.04363,0.04378,0.0436,0.04372,470889.0
2025-05-02 05:20:00+09:00,0.04374,0.04379,0.04364,0.04373,365829.0
2025-05-02 05:25:00+09:00,0.04374,0.04377,0.04349,0.04351,753540.0
2025-05-02 05:30:00+09:00,0.04353,0.04361,0.04332,0.04342,665777.0
2025-05-02 05:35:00+09:00,0.04342,0.04349,0.04326,0.0434,722830.0
2025-05-02 05:40:00+09:00,0.0434,0.0436,0.0434,0.0435,695821.0
2025-05-02 05:45:00+09:00,0.04351,0.04372,0.04344,0.04356,452024.0
2025-05-02 05:50:00+09:00,0.04357,0.04382,0.04356,0.04381,192143.0
2025-05-02 05:55:00+09:00,0.0438,0.04391,0.04368,0.04388,365825.0
2025-05-02 06:00:00+09:00,0.04389,0.04405,0.04383,0.04401,448311.0
2025-05-02 06:05:00+09:00,0.04403,0.04419,0.04403,0.04418,544879.0
2025-05-02 06:10:00+09:00,0.04418,0.04429,0.04406,0.04419,629569.0
2025-05-02 06:15:00+09:00,0.04419,0.04423,0.04398,0.044,447549.0
2025-05-02 06:20:00+09:00,0.044,0.04401,0.04378,0.04397,416237.0
2025-05-02 06:25:00+09:00,0.04397,0.04405,0.04393,0.04402,453050.0
2025-05-02 06:30:00+09:00,0.04401,0.04409,0.04398,0.04398,298066.0
2025-05-02 06:35:00+09:00,0.044,0.04412,0.0439,0.04407,240460.0
2025-05-02 06:40:00+09:00,0.04406,0.04406,0.04382,0.04388,440917.0
2025-05-02 06:45:00+09:00,0.04386,0.04391,0.04382,0.04388,317788.0
2025-05-02 06:50:00+09:00,0.04388,0.0439,0.04361,0.04363,1307785.0
2025-05-02 06:55:00+09:00,0.04364,0.04394,0.04364,0.04376,1121630.0
2025-05-02 07:00:00+09:00,0.04375,0.04396,0.04371,0.04378,884056.0
2025-05-02 07:05:00+09:00,0.04379,0.04393,0.04374,0.04384,347682.0
2025-05-02 07:10:00+09:00,0.04385,0.04408,0.04381,0.04408,724036.0
2025-05-02 07:15:00+09:00,0.04409,0.0443,0.04404,0.0442,664338.0
2025-05-02 07:20:00+09:00,0.04421,0.04427,0.04403,0.04403,296899.0
2025-05-02 07:25:00+09:00,0.04403,0.04408,0.04392,0.04404,523104.0
2025-05-02 07:30:00+09:00,0.04406,0.04414,0.04398,0.04406,246345.0
2025-05-02 07:35:00+09:00,0.04406,0.04407,0.044,0.04401,93281.0
2025-05-02 07:40:00+09:00,0.044,0.044,0.0438,0.04383,304009.0
2025-05-02 07:45:00+09:00,0.04382,0.04391,0.04368,0.04368,742262.0
2025-05-02 07:50:00+09:00,0.04368,0.04379,0.04366,0.04379,187251.0
2025-05-02 07:55:00+09:00,0.04378,0.04384,0.04364,0.04366,258385.0
2025-05-02 08:00:00+09:00,0.04365,0.04374,0.04345,0.04352,1143093.0
2025-05-02 08:05:00+09:00,0.04353,0.04367,0.04347,0.04361,442118.0
2025-05-02 08:10:00+09:00,0.04362,0.04374,0.04354,0.04367,808096.0
2025-05-02 08:15:00+09:00,0.04369,0.04373,0.04354,0.0436,358368.0
2025-05-02 08:20:00+09:00,0.04359,0.04374,0.04349,0.04355,829096.0
2025-05-02 08:25:00+09:00,0.04355,0.0437,0.04355,0.04369,865604.0
2025-05-02 08:30:00+09:00,0.04368,0.04369,0.04332,0.04344,743987.0
2025-05-02 08:35:00+09:00,0.04344,0.04348,0.04313,0.04319,1488879.0
2025-05-02 08:40:00+09:00,0.0432,0.04333,0.043,0.04329,2683336.0
2025-05-02 08:45:00+09:00,0.0433,0.04371,0.04323,0.0437,1251214.0
2025-05-02 08:50:00+09:00,0.0437,0.04403,0.04363,0.04396,1175867.0
2025-05-02 08:55:00+09:00,0.04397,0.04409,0.04397,0.04403,671117.0
2025-05-02 09:00:00+09:00,0.04404,0.04407,0.0436,0.04383,1116670.0
2025-05-02 09:05:00+09:00,0.04383,0.04385,0.04354,0.04366,1911986.0
2025-05-02 09:10:00+09:00,0.04364,0.04374,0.04346,0.04368,1168544.0
2025-05-02 09:15:00+09:00,0.04365,0.04391,0.04363,0.04387,875652.0
2025-05-02 09:20:00+09:00,0.04388,0.04418,0.04387,0.04414,724676.0
2025-05-02 09:25:00+09:00,0.04415,0.04432,0.04414,0.04422,685047.0
2025-05-02 09:30:00+09:00,0.04423,0.04455,0.04422,0.04443,753823.0
2025-05-02 09:35:00+09:00,0.04444,0.04446,0.04427,0.04432,568851.0
2025-05-02 09:40:00+09:00,0.04431,0.04432,0.04421,0.0443,694428.0
2025-05-02 09:45:00+09:00,0.04431,0.04466,0.04427,0.04461,1386007.0
2025-05-02 09:50:00+09:00,0.04462,0.0451,0.04461,0.04507,1841250.0
2025-05-02 09:55:00+09:00,0.04507,0.04545,0.04502,0.04541,1951873.0
2025-05-02 10:00:00+09:00,0.04542,0.04557,0.04536,0.04543,1433710.0
2025-05-02 10:05:00+09:00,0.04543,0.04565,0.04523,0.0456,2006661.0
2025-05-02 10:10:00+09:00,0.04559,0.0457,0.04537,0.04549,3390226.0
2025-05-02 10:15:00+09:00,0.04548,0.04577,0.04527,0.0457,2302209.0
2025-05-02 10:20:00+09:00,0.04566,0.04614,0.04552,0.04579,4114031.0
2025-05-02 10:25:00+09:00,0.04577,0.04608,0.04561,0.04595,2128595.0
2025-05-02 10:30:00+09:00,0.04594,0.04603,0.04561,0.04595,2993160.0
2025-05-02 10:35:00+09:00,0.04595,0.04634,0.04593,0.04618,2912491.0
2025-05-02 10:40:00+09:00,0.04617,0.0463,0.04542,0.04559,2765053.0
2025-05-02 10:45:00+09:00,0.0456,0.04571,0.04543,0.04543,1703678.0
2025-05-02 10:50:00+09:00,0.04542,0.04575,0.04522,0.04564,2705357.0
2025-05-02 10:55:00+09:00,0.04566,0.04606,0.04565,0.04587,1169527.0
2025-05-02 11:00:00+09:00,0.04586,0.04592,0.0455,0.04581,1578355.0
2025-05-02 11:05:00+09:00,0.04582,0.04582,0.04521,0.04539,2759784.0
2025-05-02 11:10:00+09:00,0.0454,0.04543,0.04431,0.04438,4964277.0
2025-05-02 11:15:00+09:00,0.04441,0.04452,0.0441,0.04436,2212582.0
2025-05-02 11:20:00+09:00,0.04434,0.04464,0.0442,0.0442,2265495.0
2025-05-02 11:25:00+09:00,0.04419,0.04434,0.04379,0.0442,1964446.0
2025-05-02 11:30:00+09:00,0.0442,0.04471,0.04416,0.04467,2016121.0
2025-05-02 11:35:00+09:00,0.0447,0.04476,0.04423,0.0444,2665458.0
2025-05-02 11:40:00+09:00,0.0444,0.04444,0.0441,0.04431,795769.0
2025-05-02 11:45:00+09:00,0.04431,0.0445,0.04419,0.04442,687635.0
2025-05-02 11:50:00+09:00,0.04447,0.04466,0.04445,0.04454,1718878.0
2025-05-02 11:55:00+09:00,0.04454,0.04462,0.0444,0.04456,660384.0
2025-05-02 12:00:00+09:00,0.04456,0.04461,0.04365,0.0437,2096482.0
2025-05-02 12:05:00+09:00,0.04368,0.04392,0.04364,0.0437,1957606.0
2025-05-02 12:10:00+09:00,0.04369,0.04387,0.04366,0.04382,912428.0
2025-05-02 12:15:00+09:00,0.04382,0.04386,0.04348,0.04384,1750089.0
2025-05-02 12:20:00+09:00,0.04383,0.04386,0.04356,0.04374,1737621.0
2025-05-02 12:25:00+09:00,0.04377,0.04383,0.04364,0.04364,700636.0
2025-05-02 12:30:00+09:00,0.04363,0.0439,0.04354,0.04361,990109.0
2025-05-02 12:35:00+09:00,0.04365,0.04387,0.04364,0.04372,628633.0
2025-05-02 12:40:00+09:00,0.04371,0.04376,0.04347,0.04351,873477.0
2025-05-02 12:45:00+09:00,0.0435,0.04375,0.04337,0.04363,1118440.0
2025-05-02 12:50:00+09:00,0.04361,0.04403,0.04359,0.04397,917006.0
2025-05-02 12:55:00+09:00,0.04397,0.04397,0.04379,0.04388,562136.0
2025-05-02 13:00:00+09:00,0.04388,0.04389,0.04346,0.04371,1355576.0
2025-05-02 13:05:00+09:00,0.04373,0.04386,0.04343,0.04346,643661.0
2025-05-02 13:10:00+09:00,0.0435,0.04357,0.04326,0.04329,615471.0
2025-05-02 13:15:00+09:00,0.04325,0.04335,0.04316,0.04331,749718.0
2025-05-02 13:20:00+09:00,0.04332,0.04333,0.04314,0.04326,1799306.0
2025-05-02 13:25:00+09:00,0.04326,0.04332,0.04304,0.04322,1516488.0
2025-05-02 13:30:00+09:00,0.04322,0.04322,0.04267,0.04276,1988146.0
2025-05-02 13:35:00+09:00,0.04277,0.0429,0.0427,0.04278,1368081.0
2025-05-02 13:40:00+09:00,0.04277,0.04288,0.04266,0.04272,1346522.0
2025-05-02 13:45:00+09:00,0.04269,0.04272,0.04245,0.04267,2375169.0
2025-05-02 13:50:00+09:00,0.04266,0.04275,0.0425,0.04261,1060758.0
2025-05-02 13:55:00+09:00,0.04261,0.04274,0.04255,0.0426,734967.0
2025-05-02 14:00:00+09:00,0.04261,0.04282,0.04254,0.04278,1781058.0
2025-05-02 14:05:00+09:00,0.04279,0.04294,0.04275,0.0428,1002916.0
2025-05-02 14:10:00+09:00,0.04282,0.04294,0.04282,0.04286,855003.0
2025-05-02 14:15:00+09:00,0.04286,0.0429,0.04252,0.04252,741858.0
2025-05-02 14:20:00+09:00,0.04252,0.04252,0.04226,0.04244,1980542.0
2025-05-02 14:25:00+09:00,0.04242,0.04259,0.04233,0.04259,2484434.0
2025-05-02 14:30:00+09:00,0.04257,0.04277,0.04255,0.04257,1042212.0
2025-05-02 14:35:00+09:00,0.04256,0.04262,0.04242,0.04262,436930.0
2025-05-02 14:40:00+09:00,0.0426,0.04263,0.0425,0.0425,514853.0
2025-05-02 14:45:00+09:00,0.0425,0.04267,0.04249,0.04265,958224.0
2025-05-02 14:50:00+09:00,0.04266,0.04268,0.04237,0.04255,992919.0
2025-05-02 14:55:00+09:00,0.04256,0.04275,0.04256,0.04272,481481.0
2025-05-02 15:00:00+09:00,0.0427,0.04279,0.04257,0.04266,868807.0
2025-05-02 15:05:00+09:00,0.04265,0.04305,0.04252,0.04305,1310704.0
2025-05-02 15:10:00+09:00,0.04305,0.04332,0.04303,0.04316,1450441.0
2025-05-02 15:15:00+09:00,0.04315,0.04315,0.04275,0.04275,942994.0
2025-05-02 15:20:00+09:00,0.04274,0.04291,0.04269,0.04269,1087723.0
2025-05-02 15:25:00+09:00,0.04271,0.0429,0.0427,0.04285,474963.0
2025-05-02 15:30:00+09:00,0.04285,0.04287,0.04268,0.04278,929160.0
2025-05-02 15:35:00+09:00,0.04276,0.04277,0.04251,0.04251,799496.0
2025-05-02 15:40:00+09:00,0.04253,0.04253,0.04224,0.04228,1362313.0
2025-05-02 15:45:00+09:00,0.04227,0.0426,0.0422,0.0426,917794.0
2025-05-02 15:50:00+09:00,0.0426,0.04284,0.04251,0.04279,624730.0
2025-05-02 15:55:00+09:00,0.04279,0.04279,0.04262,0.04279,551585.0
2025-05-02 16:00:00+09:00,0.04278,0.04279,0.04264,0.04273,649286.0
2025-05-02 16:05:00+09:00,0.04272,0.04276,0.04251,0.04252,1788360.0
2025-05-02 16:10:00+09:00,0.04254,0.04274,0.04254,0.0427,593753.0
2025-05-02 16:15:00+09:00,0.04269,0.04295,0.04256,0.04287,1658498.0
2025-05-02 16:20:00+09:00,0.04287,0.04288,0.04267,0.0427,473288.0
2025-05-02 16:25:00+09:00,0.04271,0.04292,0.04267,0.04283,1044022.0
2025-05-02 16:30:00+09:00,0.04283,0.04284,0.04267,0.04284,979840.0
2025-05-02 16:35:00+09:00,0.04282,0.04282,0.04243,0.04272,1011686.0
2025-05-02 16:40:00+09:00,0.04273,0.04282,0.0425,0.04278,552660.0
2025-05-02 16:45:00+09:00,0.04278,0.04288,0.04268,0.04273,600233.0
2025-05-02 16:50:00+09:00,0.04271,0.04271,0.04255,0.04258,794558.0
2025-05-02 16:55:00+09:00,0.0426,0.04266,0.04243,0.04251,886275.0
2025-05-02 17:00:00+09:00,0.04251,0.04279,0.04242,0.0427,993641.0
2025-05-02 17:05:00+09:00,0.04269,0.04278,0.04264,0.0427,711474.0
2025-05-02 17:10:00+09:00,0.04272,0.04309,0.04272,0.04297,632416.0
2025-05-02 17:15:00+09:00,0.04296,0.04301,0.04273,0.04299,851301.0
2025-05-02 17:20:00+09:00,0.04298,0.04307,0.04292,0.04306,553591.0
2025-05-02 17:25:00+09:00,0.04306,0.04332,0.04295,0.04328,1362046.0
2025-05-02 17:30:00+09:00,0.04329,0.04379,0.04327,0.04374,3272838.0
2025-05-02 17:35:00+09:00,0.04375,0.04399,0.04359,0.04387,3425138.0
2025-05-02 17:40:00+09:00,0.04386,0.04388,0.04349,0.04374,2352926.0
2025-05-02 17:45:00+09:00,0.04374,0.04375,0.04356,0.04365,1568378.0
2025-05-02 17:50:00+09:00,0.04365,0.04397,0.0436,0.04387,1293421.0
2025-05-02 17:55:00+09:00,0.04387,0.04387,0.04351,0.04358,1246606.0
2025-05-02 18:00:00+09:00,0.04357,0.04362,0.04337,0.04359,2529299.0
2025-05-02 18:05:00+09:00,0.0436,0.04402,0.04358,0.04393,1715155.0
2025-05-02 18:10:00+09:00,0.04391,0.04393,0.04369,0.04376,861363.0
2025-05-02 18:15:00+09:00,0.04375,0.04385,0.04353,0.04362,1403379.0
2025-05-02 18:20:00+09:00,0.04362,0.04389,0.04361,0.04378,780531.0
2025-05-02 18:25:00+09:00,0.04377,0.04392,0.04364,0.04383,864394.0
2025-05-02 18:30:00+09:00,0.04386,0.04391,0.04345,0.04346,1364689.0
2025-05-02 18:35:00+09:00,0.04348,0.04369,0.04347,0.04367,707451.0
2025-05-02 18:40:00+09:00,0.04366,0.04373,0.04355,0.04369,448012.0
2025-05-02 18:45:00+09:00,0.04368,0.0442,0.04359,0.04418,1831921.0
2025-05-02 18:50:00+09:00,0.04419,0.04425,0.04391,0.04408,2659531.0
2025-05-02 18:55:00+09:00,0.04409,0.04416,0.04403,0.04407,823382.0
2025-05-02 19:00:00+09:00,0.04406,0.04422,0.04387,0.04422,723348.0
2025-05-02 19:05:00+09:00,0.04422,0.04423,0.04402,0.04402,792775.0
2025-05-02 19:10:00+09:00,0.04401,0.04405,0.04389,0.04389,788549.0
2025-05-02 19:15:00+09:00,0.04394,0.04402,0.04386,0.04401,1248767.0
2025-05-02 19:20:00+09:00,0.04401,0.04428,0.04389,0.0439,755172.0
2025-05-02 19:25:00+09:00,0.04389,0.04421,0.04388,0.04414,456289.0
2025-05-02 19:30:00+09:00,0.04412,0.04421,0.04392,0.04393,568976.0
2025-05-02 19:35:00+09:00,0.04392,0.04395,0.04341,0.04341,1930367.0
2025-05-02 19:40:00+09:00,0.04341,0.04349,0.04327,0.04349,1549727.0
2025-05-02 19:45:00+09:00,0.04346,0.04355,0.04334,0.04346,1016358.0
2025-05-02 19:50:00+09:00,0.04346,0.04346,0.04323,0.04338,1146956.0
2025-05-02 19:55:00+09:00,0.04338,0.04344,0.04328,0.04342,763482.0
2025-05-02 20:00:00+09:00,0.04342,0.04347,0.04313,0.04339,1972991.0
2025-05-02 20:05:00+09:00,0.04341,0.04367,0.04326,0.04365,1464346.0
2025-05-02 20:10:00+09:00,0.04367,0.04377,0.04362,0.04367,1188177.0
2025-05-02 20:15:00+09:00,0.04367,0.04374,0.04347,0.04373,950436.0
2025-05-02 20:20:00+09:00,0.04374,0.04417,0.04365,0.04407,1404808.0
2025-05-02 20:25:00+09:00,0.04408,0.04439,0.04405,0.04431,1377081.0
2025-05-02 20:30:00+09:00,0.04429,0.04437,0.04397,0.04402,1394983.0
2025-05-02 20:35:00+09:00,0.04403,0.0446,0.04403,0.04458,2343193.0
2025-05-02 20:40:00+09:00,0.04458,0.04465,0.04445,0.04461,1908415.0
2025-05-02 20:45:00+09:00,0.04462,0.04468,0.04445,0.04459,550229.0
2025-05-02 20:50:00+09:00,0.04458,0.04489,0.04453,0.04481,1196120.0
2025-05-02 20:55:00+09:00,0.04481,0.04504,0.04466,0.04482,2833910.0
2025-05-02 21:00:00+09:00,0.04483,0.04493,0.04463,0.04486,2156232.0
2025-05-02 21:05:00+09:00,0.04486,0.04496,0.04459,0.04464,1684297.0
2025-05-02 21:10:00+09:00,0.04464,0.04465,0.04419,0.04423,1637731.0
2025-05-02 21:15:00+09:00,0.04423,0.04427,0.04385,0.04409,2262340.0
2025-05-02 21:20:00+09:00,0.04408,0.04425,0.04402,0.04421,1092487.0
2025-05-02 21:25:00+09:00,0.0442,0.04441,0.04416,0.04418,854139.0
2025-05-02 21:30:00+09:00,0.04418,0.04512,0.04404,0.04404,6227535.0
2025-05-02 21:35:00+09:00,0.04407,0.04469,0.04407,0.04463,1188014.0
2025-05-02 21:40:00+09:00,0.04463,0.04465,0.04407,0.04433,1268111.0
2025-05-02 21:45:00+09:00,0.04435,0.04489,0.04425,0.04479,1086107.0
2025-05-02 21:50:00+09:00,0.04479,0.04494,0.04457,0.04474,1148790.0
2025-05-02 21:55:00+09:00,0.0447,0.0449,0.04461,0.04489,1056258.0
2025-05-02 22:00:00+09:00,0.04489,0.04501,0.04483,0.04489,1869235.0
2025-05-02 22:05:00+09:00,0.04487,0.04532,0.0448,0.0448,1849238.0
2025-05-02 22:10:00+09:00,0.0448,0.04488,0.04455,0.04471,1004950.0
2025-05-02 22:15:00+09:00,0.0447,0.04505,0.0447,0.04505,610118.0
2025-05-02 22:20:00+09:00,0.04506,0.04529,0.04491,0.04507,1420855.0
2025-05-02 22:25:00+09:00,0.04507,0.04557,0.04505,0.04555,1433268.0
2025-05-02 22:30:00+09:00,0.04556,0.04561,0.04515,0.04519,1554819.0
2025-05-02 22:35:00+09:00,0.0452,0.04524,0.04481,0.04481,1421809.0
2025-05-02 22:40:00+09:00,0.04482,0.0451,0.04472,0.04494,2167848.0
2025-05-02 22:45:00+09:00,0.04496,0.04505,0.04445,0.04452,2074954.0
2025-05-02 22:50:00+09:00,0.04453,0.04471,0.04435,0.04469,1834772.0
2025-05-02 22:55:00+09:00,0.04467,0.04488,0.04451,0.04454,1343837.0
2025-05-02 23:00:00+09:00,0.0446,0.04492,0.04447,0.04489,2814916.0
2025-05-02 23:05:00+09:00,0.0449,0.04513,0.04468,0.04486,1312175.0
2025-05-02 23:10:00+09:00,0.04484,0.04489,0.04444,0.04455,833055.0
2025-05-02 23:15:00+09:00,0.04456,0.0448,0.04433,0.04477,1382652.0
2025-05-02 23:20:00+09:00,0.04475,0.04488,0.04455,0.04468,891265.0
2025-05-02 23:25:00+09:00,0.0447,0.04488,0.04468,0.04482,604794.0
2025-05-02 23:30:00+09:00,0.04483,0.04513,0.04471,0.04509,1060044.0
2025-05-02 23:35:00+09:00,0.04509,0.04551,0.04506,0.04537,1872648.0
2025-05-02 23:40:00+09:00,0.04539,0.04539,0.04476,0.04476,1819283.0
2025-05-02 23:45:00+09:00,0.04476,0.04488,0.04461,0.04476,930497.0
2025-05-02 23:50:00+09:00,0.04474,0.04498,0.04453,0.04489,1421558.0
2025-05-02 23:55:00+09:00,0.04487,0.04513,0.04487,0.04501,881303.0
2025-05-03 00:00:00+09:00,0.04502,0.04524,0.04485,0.04485,964197.0
2025-05-03 00:05:00+09:00,0.04489,0.04495,0.04461,0.04464,1931555.0
2025-05-03 00:10:00+09:00,0.04465,0.04469,0.04435,0.04451,1688264.0
2025-05-03 00:15:00+09:00,0.04452,0.04459,0.04442,0.0445,853627.0
2025-05-03 00:20:00+09:00,0.04449,0.04459,0.04443,0.04448,469250.0
2025-05-03 00:25:00+09:00,0.04447,0.04447,0.04402,0.04425,2257143.0
2025-05-03 00:30:00+09:00,0.04425,0.0444,0.04416,0.04435,1176836.0
2025-05-03 00:35:00+09:00,0.04433,0.04458,0.0442,0.04455,954111.0
2025-05-03 00:40:00+09:00,0.04455,0.04487,0.04444,0.04478,1492047.0
2025-05-03 00:45:00+09:00,0.04483,0.04509,0.04472,0.04505,1440064.0
2025-05-03 00:50:00+09:00,0.04506,0.04508,0.0448,0.04484,1200335.0
2025-05-03 00:55:00+09:00,0.04483,0.04502,0.04482,0.04497,599399.0
2025-05-03 01:00:00+09:00,0.04499,0.04515,0.04454,0.0451,1957116.0
2025-05-03 01:05:00+09:00,0.04511,0.04522,0.0448,0.04496,1270844.0
2025-05-03 01:10:00+09:00,0.04497,0.04531,0.04485,0.04531,1525865.0
2025-05-03 01:15:00+09:00,0.04531,0.04547,0.04522,0.04538,677936.0
2025-05-03 01:20:00+09:00,0.04537,0.04544,0.04511,0.04544,1070669.0
2025-05-03 01:25:00+09:00,0.04543,0.04582,0.04535,0.04557,2212469.0
2025-05-03 01:30:00+09:00,0.04551,0.0456,0.04506,0.04506,1324237.0
2025-05-03 01:35:00+09:00,0.04508,0.04532,0.04504,0.04507,1128535.0
2025-05-03 01:40:00+09:00,0.04507,0.04507,0.04468,0.04494,1088070.0
2025-05-03 01:45:00+09:00,0.04493,0.0451,0.04479,0.04484,1072566.0
2025-05-03 01:50:00+09:00,0.04485,0.0449,0.04467,0.04476,1291969.0
2025-05-03 01:55:00+09:00,0.04477,0.04508,0.04477,0.04498,462893.0
2025-05-03 02:00:00+09:00,0.04499,0.04517,0.04473,0.04474,641989.0
2025-05-03 02:05:00+09:00,0.04475,0.0449,0.0447,0.04472,606488.0
2025-05-03 02:10:00+09:00,0.04473,0.04488,0.04465,0.04486,577531.0
2025-05-03 02:15:00+09:00,0.04486,0.04526,0.04478,0.04522,1408374.0
2025-05-03 02:20:00+09:00,0.04524,0.04571,0.04524,0.04553,3966179.0
2025-05-03 02:25:00+09:00,0.0455,0.0455,0.0451,0.04521,1550614.0
2025-05-03 02:30:00+09:00,0.04523,0.04527,0.04359,0.04397,13513087.0
2025-05-03 02:35:00+09:00,0.04401,0.04411,0.04372,0.04389,2551828.0
2025-05-03 02:40:00+09:00,0.04389,0.04414,0.04387,0.04414,1254788.0
2025-05-03 02:45:00+09:00,0.04415,0.04456,0.04409,0.0444,1458887.0
2025-05-03 02:50:00+09:00,0.04441,0.04487,0.04431,0.04485,2340357.0
2025-05-03 02:55:00+09:00,0.04485,0.04524,0.04472,0.04518,3972635.0
2025-05-03 03:00:00+09:00,0.0452,0.04582,0.04517,0.04561,4648121.0
2025-05-03 03:05:00+09:00,0.04562,0.04594,0.04561,0.04589,1747993.0
2025-05-03 03:10:00+09:00,0.0459,0.046,0.0456,0.0457,2312212.0
2025-05-03 03:15:00+09:00,0.0457,0.04597,0.0457,0.04583,813470.0
2025-05-03 03:20:00+09:00,0.04581,0.04595,0.04561,0.04585,1333168.0
2025-05-03 03:25:00+09:00,0.04585,0.0459,0.04541,0.04542,1101557.0
2025-05-03 03:30:00+09:00,0.04543,0.04594,0.04531,0.04589,1390529.0
2025-05-03 03:35:00+09:00,0.0459,0.04602,0.04569,0.04575,1217997.0
2025-05-03 03:40:00+09:00,0.04575,0.04612,0.04574,0.04603,1405886.0
2025-05-03 03:45:00+09:00,0.04605,0.04616,0.04574,0.04577,675851.0
2025-05-03 03:50:00+09:00,0.04578,0.04585,0.04525,0.04556,5210211.0
2025-05-03 03:55:00+09:00,0.04555,0.04556,0.04535,0.04546,633235.0
2025-05-03 04:00:00+09:00,0.04547,0.0455,0.04519,0.0453,897787.0
2025-05-03 04:05:00+09:00,0.04533,0.04565,0.04524,0.04564,577183.0
2025-05-03 04:10:00+09:00,0.04565,0.04575,0.04523,0.04546,688894.0
2025-05-03 04:15:00+09:00,0.04548,0.04548,0.04493,0.04503,2323927.0
2025-05-03 04:20:00+09:00,0.04506,0.04519,0.04493,0.04515,842770.0
2025-05-03 04:25:00+09:00,0.04514,0.0452,0.04502,0.04516,401117.0
2025-05-03 04:30:00+09:00,0.04516,0.04524,0.04502,0.0451,723398.0
2025-05-03 04:35:00+09:00,0.04511,0.04522,0.04499,0.04503,576542.0
2025-05-03 04:40:00+09:00,0.04504,0.0451,0.04466,0.04481,1559045.0
2025-05-03 04:45:00+09:00,0.04481,0.04483,0.04434,0.04438,1125832.0
2025-05-03 04:50:00+09:00,0.04437,0.04471,0.04436,0.04467,1232216.0
2025-05-03 04:55:00+09:00,0.04467,0.04475,0.04455,0.04473,1156690.0
2025-05-03 05:00:00+09:00,0.04474,0.0451,0.04456,0.04506,1153603.0
2025-05-03 05:05:00+09:00,0.04506,0.04539,0.04497,0.04539,809023.0
2025-05-03 05:10:00+09:00,0.04538,0.04559,0.04503,0.04512,2107686.0
2025-05-03 05:15:00+09:00,0.04515,0.04519,0.04495,0.04499,466517.0
2025-05-03 05:20:00+09:00,0.04498,0.04506,0.04482,0.04506,486526.0
2025-05-03 05:25:00+09:00,0.04505,0.04548,0.04503,0.04545,888977.0
2025-05-03 05:30:00+09:00,0.04545,0.0457,0.0452,0.0456,1565042.0
2025-05-03 05:35:00+09:00,0.04562,0.0462,0.04558,0.04608,1834697.0
2025-05-03 05:40:00+09:00,0.04607,0.04615,0.04571,0.04573,1474528.0
2025-05-03 05:45:00+09:00,0.04577,0.04605,0.04556,0.04589,858733.0
2025-05-03 05:50:00+09:00,0.04591,0.04598,0.04561,0.04566,938989.0
2025-05-03 05:55:00+09:00,0.04568,0.04587,0.04564,0.04584,661199.0
2025-05-03 06:00:00+09:00,0.04582,0.04615,0.04581,0.04584,1061695.0
2025-05-03 06:05:00+09:00,0.04583,0.04614,0.04581,0.04614,731656.0
2025-05-03 06:10:00+09:00,0.04613,0.04613,0.04562,0.0457,2026683.0
2025-05-03 06:15:00+09:00,0.0457,0.04592,0.0457,0.0459,844365.0
2025-05-03 06:20:00+09:00,0.0459,0.04606,0.04578,0.04603,578406.0
2025-05-03 06:25:00+09:00,0.04604,0.04606,0.04579,0.04606,1253996.0
2025-05-03 06:30:00+09:00,0.04605,0.04614,0.04581,0.04609,750734.0
2025-05-03 06:35:00+09:00,0.0461,0.04615,0.04572,0.0458,629508.0
2025-05-03 06:40:00+09:00,0.04577,0.04577,0.0454,0.04554,980033.0
2025-05-03 06:45:00+09:00,0.04552,0.04553,0.04516,0.04518,564254.0
2025-05-03 06:50:00+09:00,0.04516,0.04516,0.04483,0.04487,1082607.0
2025-05-03 06:55:00+09:00,0.04484,0.04532,0.04471,0.04509,1390710.0
2025-05-03 07:00:00+09:00,0.04509,0.04576,0.04504,0.0454,4224702.0
2025-05-03 07:05:00+09:00,0.04539,0.04573,0.04524,0.04538,3206442.0
2025-05-03 07:10:00+09:00,0.04538,0.04555,0.0453,0.04541,1562456.0
2025-05-03 07:15:00+09:00,0.04541,0.04565,0.04514,0.04565,1518975.0
2025-05-03 07:20:00+09:00,0.04566,0.04578,0.04554,0.04556,505360.0
2025-05-03 07:25:00+09:00,0.04557,0.0457,0.04543,0.04556,626422.0
2025-05-03 07:30:00+09:00,0.04556,0.04577,0.04547,0.04555,1535273.0
2025-05-03 07:35:00+09:00,0.04556,0.04587,0.04553,0.04581,809323.0
2025-05-03 07:40:00+09:00,0.04579,0.04582,0.04556,0.04581,975230.0
2025-05-03 07:45:00+09:00,0.04582,0.04599,0.04581,0.0459,967681.0
2025-05-03 07:50:00+09:00,0.04592,0.04604,0.04568,0.04595,1611407.0
2025-05-03 07:55:00+09:00,0.04593,0.04596,0.04566,0.04578,735319.0
2025-05-03 08:00:00+09:00,0.04578,0.0458,0.04533,0.04533,623482.0
2025-05-03 08:05:00+09:00,0.04532,0.04535,0.04495,0.04496,1339789.0
2025-05-03 08:10:00+09:00,0.04496,0.04506,0.04492,0.04498,1310715.0
2025-05-03 08:15:00+09:00,0.04497,0.04507,0.04479,0.04502,1017881.0
2025-05-03 08:20:00+09:00,0.04501,0.04517,0.04496,0.04508,698565.0
2025-05-03 08:25:00+09:00,0.04507,0.04514,0.0449,0.04501,1005234.0
2025-05-03 08:30:00+09:00,0.04499,0.04522,0.04491,0.04521,1099861.0
2025-05-03 08:35:00+09:00,0.04519,0.04535,0.0451,0.04529,1578933.0
2025-05-03 08:40:00+09:00,0.04529,0.04571,0.04523,0.04571,1843188.0
2025-05-03 08:45:00+09:00,0.0457,0.04571,0.04535,0.04542,1100747.0
2025-05-03 08:50:00+09:00,0.04542,0.04587,0.0454,0.04584,1020779.0
2025-05-03 08:55:00+09:00,0.0458,0.04587,0.0457,0.04577,804072.0
2025-05-03 09:00:00+09:00,0.04578,0.0458,0.04512,0.04548,2248645.0
2025-05-03 09:05:00+09:00,0.04547,0.04547,0.04513,0.04528,1000516.0
2025-05-03 09:10:00+09:00,0.04525,0.0455,0.04512,0.04542,1658284.0
2025-05-03 09:15:00+09:00,0.04543,0.04561,0.04528,0.0454,1076066.0
2025-05-03 09:20:00+09:00,0.04539,0.04546,0.04517,0.04517,1353189.0
2025-05-03 09:25:00+09:00,0.04517,0.04519,0.04484,0.04489,1694897.0
2025-05-03 09:30:00+09:00,0.04489,0.04532,0.04489,0.04532,1155167.0
2025-05-03 09:35:00+09:00,0.04531,0.04539,0.04512,0.04515,891726.0
2025-05-03 09:40:00+09:00,0.04515,0.04515,0.04475,0.04485,1244250.0
2025-05-03 09:45:00+09:00,0.04484,0.04491,0.04432,0.04437,4131416.0
2025-05-03 09:50:00+09:00,0.04437,0.04444,0.04423,0.04429,1377685.0
2025-05-03 09:55:00+09:00,0.0443,0.04475,0.0443,0.04469,1945741.0
2025-05-03 10:00:00+09:00,0.0447,0.04484,0.04463,0.04472,1570024.0
2025-05-03 10:05:00+09:00,0.04473,0.04497,0.04464,0.04472,871348.0
2025-05-03 10:10:00+09:00,0.04474,0.04483,0.04449,0.04459,973813.0
2025-05-03 10:15:00+09:00,0.04458,0.0448,0.04434,0.04473,1766080.0
2025-05-03 10:20:00+09:00,0.04476,0.04539,0.04474,0.0453,1963693.0
2025-05-03 10:25:00+09:00,0.04531,0.04537,0.04516,0.04535,1449104.0
2025-05-03 10:30:00+09:00,0.04534,0.04537,0.04511,0.04516,1026872.0
2025-05-03 10:35:00+09:00,0.04515,0.04515,0.04477,0.04482,3111818.0
2025-05-03 10:40:00+09:00,0.04482,0.04482,0.04445,0.04467,1233925.0
2025-05-03 10:45:00+09:00,0.04465,0.04481,0.04463,0.04465,677326.0
2025-05-03 10:50:00+09:00,0.04466,0.04471,0.04448,0.04457,910947.0
2025-05-03 10:55:00+09:00,0.04458,0.04471,0.04449,0.04469,405513.0
2025-05-03 11:00:00+09:00,0.0447,0.04481,0.04434,0.04436,526545.0
2025-05-03 11:05:00+09:00,0.04434,0.04445,0.04422,0.04443,851681.0
2025-05-03 11:10:00+09:00,0.04444,0.04481,0.04443,0.04481,1053831.0
2025-05-03 11:15:00+09:00,0.04479,0.04479,0.04445,0.04465,517246.0
2025-05-03 11:20:00+09:00,0.04464,0.04501,0.04464,0.04494,2200071.0
2025-05-03 11:25:00+09:00,0.04495,0.04527,0.04487,0.04527,1307179.0
2025-05-03 11:30:00+09:00,0.04527,0.04535,0.04501,0.04508,616898.0
2025-05-03 11:35:00+09:00,0.04508,0.04521,0.04505,0.0451,604528.0
2025-05-03 11:40:00+09:00,0.04511,0.0453,0.0451,0.04513,619950.0
2025-05-03 11:45:00+09:00,0.04512,0.04521,0.04491,0.04521,754790.0
2025-05-03 11:50:00+09:00,0.04522,0.04576,0.04522,0.04576,1270464.0
2025-05-03 11:55:00+09:00,0.04576,0.04579,0.04556,0.04579,1464507.0
2025-05-03 12:00:00+09:00,0.04578,0.0462,0.04576,0.04576,3517767.0
2025-05-03 12:05:00+09:00,0.04578,0.04626,0.04569,0.04622,2552290.0
2025-05-03 12:10:00+09:00,0.04621,0.04628,0.04598,0.04602,1959592.0
2025-05-03 12:15:00+09:00,0.04603,0.04607,0.04564,0.04572,1649986.0
2025-05-03 12:20:00+09:00,0.04572,0.04583,0.04558,0.04571,1669739.0
2025-05-03 12:25:00+09:00,0.0457,0.04582,0.04557,0.04578,2101861.0
2025-05-03 12:30:00+09:00,0.04579,0.04583,0.04558,0.04574,803093.0
2025-05-03 12:35:00+09:00,0.04572,0.04585,0.04561,0.04571,942982.0
2025-05-03 12:40:00+09:00,0.04571,0.04574,0.04529,0.04548,1508336.0
2025-05-03 12:45:00+09:00,0.04549,0.0457,0.04548,0.04562,799472.0
2025-05-03 12:50:00+09:00,0.04563,0.04585,0.04552,0.04582,1260440.0
2025-05-03 12:55:00+09:00,0.04583,0.04593,0.04565,0.04566,915576.0
2025-05-03 13:00:00+09:00,0.04565,0.0458,0.04542,0.04578,1464957.0
2025-05-03 13:05:00+09:00,0.0458,0.04591,0.04571,0.04591,719691.0
2025-05-03 13:10:00+09:00,0.04591,0.04601,0.04583,0.04588,1105978.0
2025-05-03 13:15:00+09:00,0.04589,0.04604,0.04572,0.04572,862373.0
2025-05-03 13:20:00+09:00,0.04573,0.04606,0.0457,0.04593,511843.0
2025-05-03 13:25:00+09:00,0.04593,0.04593,0.0452,0.04536,2250695.0
2025-05-03 13:30:00+09:00,0.04536,0.04562,0.04522,0.04551,1860040.0
2025-05-03 13:35:00+09:00,0.04554,0.04574,0.04548,0.04556,1134753.0
2025-05-03 13:40:00+09:00,0.04558,0.04575,0.04541,0.04573,638465.0
2025-05-03 13:45:00+09:00,0.04571,0.04588,0.04558,0.04572,994274.0
2025-05-03 13:50:00+09:00,0.04572,0.04593,0.04572,0.04593,493499.0
2025-05-03 13:55:00+09:00,0.04594,0.04594,0.04565,0.04567,405171.0
2025-05-03 14:00:00+09:00,0.04566,0.04574,0.04525,0.04533,1769887.0
2025-05-03 14:05:00+09:00,0.04531,0.04571,0.04526,0.04552,1373794.0
2025-05-03 14:10:00+09:00,0.04553,0.04564,0.04548,0.04554,637540.0
2025-05-03 14:15:00+09:00,0.04555,0.04565,0.04525,0.04529,1544695.0
2025-05-03 14:20:00+09:00,0.04531,0.04531,0.04506,0.04513,962477.0
2025-05-03 14:25:00+09:00,0.04511,0.04512,0.04484,0.04487,2954569.0
2025-05-03 14:30:00+09:00,0.04486,0.04493,0.0447,0.04481,1350346.0
2025-05-03 14:35:00+09:00,0.0448,0.04502,0.04477,0.04499,739856.0
2025-05-03 14:40:00+09:00,0.04499,0.04519,0.04496,0.04511,565778.0
2025-05-03 14:45:00+09:00,0.04512,0.04543,0.04512,0.04537,1338839.0
2025-05-03 14:50:00+09:00,0.04538,0.04549,0.04535,0.04539,648828.0
2025-05-03 14:55:00+09:00,0.04539,0.04563,0.04533,0.04562,1076201.0
2025-05-03 15:00:00+09:00,0.04562,0.04583,0.0453,0.04573,1432249.0
2025-05-03 15:05:00+09:00,0.0457,0.04578,0.04551,0.04572,1552416.0
2025-05-03 15:10:00+09:00,0.04573,0.04573,0.0453,0.04554,2286137.0
2025-05-03 15:15:00+09:00,0.04557,0.04557,0.04453,0.04478,6433674.0
2025-05-03 15:20:00+09:00,0.04481,0.04508,0.04466,0.04496,2536973.0
2025-05-03 15:25:00+09:00,0.04498,0.04498,0.04466,0.04484,1849869.0
2025-05-03 15:30:00+09:00,0.04485,0.04508,0.04474,0.04498,759153.0
2025-05-03 15:35:00+09:00,0.04499,0.04518,0.04491,0.04496,467735.0
2025-05-03 15:40:00+09:00,0.04497,0.04504,0.04483,0.04504,657377.0
2025-05-03 15:45:00+09:00,0.04504,0.04514,0.04487,0.04496,1462982.0
2025-05-03 15:50:00+09:00,0.04493,0.04495,0.04465,0.04469,1628733.0
2025-05-03 15:55:00+09:00,0.04468,0.04471,0.04444,0.04447,1813543.0
2025-05-03 16:00:00+09:00,0.04451,0.04478,0.04444,0.04471,2237457.0
2025-05-03 16:05:00+09:00,0.04472,0.04478,0.04421,0.04423,2694938.0
2025-05-03 16:10:00+09:00,0.04423,0.04449,0.04421,0.04434,1952883.0
2025-05-03 16:15:00+09:00,0.04435,0.04452,0.04422,0.04422,637260.0
2025-05-03 16:20:00+09:00,0.04421,0.04421,0.04343,0.04343,8462405.0
2025-05-03 16:25:00+09:00,0.04344,0.04351,0.04303,0.04313,4320941.0
2025-05-03 16:30:00+09:00,0.04313,0.04321,0.04301,0.04319,3410807.0
2025-05-03 16:35:00+09:00,0.04319,0.04336,0.04308,0.04311,1433227.0
2025-05-03 16:40:00+09:00,0.04311,0.04359,0.04311,0.04355,1781776.0
2025-05-03 16:45:00+09:00,0.04356,0.04357,0.04342,0.04356,529441.0
2025-05-03 16:50:00+09:00,0.04356,0.04357,0.04334,0.04338,1062917.0
2025-05-03 16:55:00+09:00,0.04336,0.04364,0.04324,0.04362,1533410.0
2025-05-03 17:00:00+09:00,0.04362,0.04385,0.04339,0.04352,2909872.0
2025-05-03 17:05:00+09:00,0.04352,0.04376,0.04343,0.04358,949903.0
2025-05-03 17:10:00+09:00,0.04359,0.04369,0.04334,0.04336,937435.0
2025-05-03 17:15:00+09:00,0.04338,0.04357,0.04335,0.04353,791280.0
2025-05-03 17:20:00+09:00,0.04353,0.04358,0.04344,0.04345,498227.0
2025-05-03 17:25:00+09:00,0.04347,0.04362,0.04347,0.04356,1024134.0
2025-05-03 17:30:00+09:00,0.04357,0.04357,0.04331,0.04336,673788.0
2025-05-03 17:35:00+09:00,0.04336,0.04362,0.04335,0.04361,667385.0
2025-05-03 17:40:00+09:00,0.04361,0.04379,0.0436,0.04372,1216530.0
2025-05-03 17:45:00+09:00,0.0437,0.04379,0.04355,0.0436,866012.0
2025-05-03 17:50:00+09:00,0.04358,0.04358,0.04346,0.04351,349533.0
2025-05-03 17:55:00+09:00,0.04353,0.04357,0.04337,0.04345,375119.0
2025-05-03 18:00:00+09:00,0.04346,0.04347,0.04326,0.04338,506731.0
2025-05-03 18:05:00+09:00,0.0434,0.04359,0.0434,0.04353,569183.0
2025-05-03 18:10:00+09:00,0.04354,0.04367,0.04351,0.04359,711136.0
2025-05-03 18:15:00+09:00,0.04359,0.04383,0.0435,0.04382,591409.0
2025-05-03 18:20:00+09:00,0.04383,0.04394,0.04372,0.0439,1486813.0
2025-05-03 18:25:00+09:00,0.0439,0.04432,0.04389,0.04393,4009758.0
2025-05-03 18:30:00+09:00,0.04392,0.04392,0.0435,0.04352,1969398.0
2025-05-03 18:35:00+09:00,0.04355,0.04375,0.04348,0.04366,1139663.0
2025-05-03 18:40:00+09:00,0.04369,0.04375,0.04362,0.0437,695881.0
2025-05-03 18:45:00+09:00,0.04371,0.04387,0.04355,0.04355,578741.0
2025-05-03 18:50:00+09:00,0.04358,0.0437,0.04336,0.04342,1430021.0
2025-05-03 18:55:00+09:00,0.0434,0.04369,0.04333,0.04366,840505.0
2025-05-03 19:00:00+09:00,0.04366,0.04366,0.04339,0.04358,976006.0
2025-05-03 19:05:00+09:00,0.04359,0.04366,0.04309,0.04316,1356021.0
2025-05-03 19:10:00+09:00,0.04316,0.04324,0.04247,0.04296,7308462.0
2025-05-03 19:15:00+09:00,0.04295,0.0432,0.04274,0.04308,1285513.0
2025-05-03 19:20:00+09:00,0.04309,0.04338,0.04308,0.04338,1797282.0
2025-05-03 19:25:00+09:00,0.04337,0.04337,0.04296,0.04301,2185658.0
2025-05-03 19:30:00+09:00,0.04303,0.04304,0.0427,0.04295,1234889.0
2025-05-03 19:35:00+09:00,0.04295,0.04303,0.04278,0.04293,1235481.0
2025-05-03 19:40:00+09:00,0.04291,0.04292,0.04279,0.04286,1804775.0
2025-05-03 19:45:00+09:00,0.04288,0.04298,0.04267,0.04298,767486.0
2025-05-03 19:50:00+09:00,0.04296,0.04296,0.04258,0.0426,1321575.0
2025-05-03 19:55:00+09:00,0.04262,0.04273,0.04241,0.04253,1813411.0
2025-05-03 20:00:00+09:00,0.04253,0.04267,0.04248,0.04267,1996916.0
2025-05-03 20:05:00+09:00,0.04267,0.04269,0.04241,0.04263,1416827.0
2025-05-03 20:10:00+09:00,0.04263,0.04286,0.04262,0.04275,1001950.0
2025-05-03 20:15:00+09:00,0.04277,0.04296,0.04272,0.04296,657431.0
2025-05-03 20:20:00+09:00,0.04296,0.04306,0.04289,0.04289,782852.0
2025-05-03 20:25:00+09:00,0.0429,0.0429,0.04275,0.04281,484481.0
2025-05-03 20:30:00+09:00,0.0428,0.04296,0.04266,0.04293,709878.0
2025-05-03 20:35:00+09:00,0.04293,0.04298,0.04272,0.04272,404873.0
2025-05-03 20:40:00+09:00,0.04273,0.04283,0.04268,0.04275,534421.0
2025-05-03 20:45:00+09:00,0.04275,0.04275,0.04248,0.0425,948402.0
2025-05-03 20:50:00+09:00,0.04249,0.04265,0.04245,0.04262,467763.0
2025-05-03 20:55:00+09:00,0.04261,0.04261,0.04238,0.04252,1613283.0
2025-05-03 21:00:00+09:00,0.04252,0.04273,0.0425,0.04256,518851.0
2025-05-03 21:05:00+09:00,0.04258,0.04273,0.04255,0.0427,730829.0
2025-05-03 21:10:00+09:00,0.04269,0.04284,0.04265,0.04284,424883.0
2025-05-03 21:15:00+09:00,0.04285,0.04302,0.04282,0.04297,684238.0
2025-05-03 21:20:00+09:00,0.04297,0.0431,0.04294,0.0431,1081542.0
2025-05-03 21:25:00+09:00,0.04309,0.04314,0.04303,0.04308,459803.0
2025-05-03 21:30:00+09:00,0.04311,0.04349,0.04307,0.0432,1886761.0
2025-05-03 21:35:00+09:00,0.04319,0.04345,0.04318,0.04345,1075807.0
2025-05-03 21:40:00+09:00,0.04343,0.04349,0.04334,0.04344,598578.0
2025-05-03 21:45:00+09:00,0.04344,0.04362,0.04339,0.04344,1474382.0
2025-05-03 21:50:00+09:00,0.04346,0.04349,0.04321,0.04327,1363193.0
2025-05-03 21:55:00+09:00,0.0433,0.04346,0.04327,0.04341,625662.0
2025-05-03 22:00:00+09:00,0.04344,0.04344,0.04325,0.04327,971186.0
2025-05-03 22:05:00+09:00,0.04327,0.04334,0.04311,0.04316,572337.0
2025-05-03 22:10:00+09:00,0.04315,0.04319,0.04306,0.0431,892615.0
2025-05-03 22:15:00+09:00,0.04311,0.04327,0.04311,0.04316,477342.0
2025-05-03 22:20:00+09:00,0.04315,0.0432,0.04301,0.04316,426996.0
2025-05-03 22:25:00+09:00,0.04316,0.04319,0.04301,0.04318,627273.0
2025-05-03 22:30:00+09:00,0.04318,0.04318,0.0428,0.04288,589460.0
2025-05-03 22:35:00+09:00,0.04288,0.04297,0.04279,0.04291,463811.0
2025-05-03 22:40:00+09:00,0.04291,0.04291,0.04282,0.04286,539337.0
2025-05-03 22:45:00+09:00,0.04286,0.04307,0.04283,0.04303,550807.0
2025-05-03 22:50:00+09:00,0.04303,0.04306,0.04294,0.04301,210226.0
2025-05-03 22:55:00+09:00,0.04302,0.04307,0.043,0.04306,221900.0
2025-05-03 23:00:00+09:00,0.04307,0.04334,0.04297,0.04328,1598885.0
2025-05-03 23:05:00+09:00,0.04329,0.04354,0.04327,0.04339,2133740.0
2025-05-03 23:10:00+09:00,0.04337,0.04339,0.0431,0.04316,1500500.0
2025-05-03 23:15:00+09:00,0.04317,0.04328,0.04307,0.04315,1001934.0
2025-05-03 23:20:00+09:00,0.04315,0.04321,0.04287,0.04294,531932.0
2025-05-03 23:25:00+09:00,0.04295,0.04303,0.04288,0.04289,595123.0
2025-05-03 23:30:00+09:00,0.04289,0.04296,0.04264,0.04279,820301.0
2025-05-03 23:35:00+09:00,0.04282,0.0429,0.04273,0.04277,542398.0
2025-05-03 23:40:00+09:00,0.04276,0.04282,0.0425,0.04268,1929943.0
2025-05-03 23:45:00+09:00,0.04269,0.04285,0.04265,0.04282,887472.0
2025-05-03 23:50:00+09:00,0.04284,0.04293,0.04275,0.04292,277820.0
2025-05-03 23:55:00+09:00,0.04294,0.04306,0.04276,0.04288,422495.0
2025-05-04 00:00:00+09:00,0.0429,0.04306,0.04285,0.043,1466325.0
2025-05-04 00:05:00+09:00,0.04299,0.04323,0.04291,0.04312,1543619.0
2025-05-04 00:10:00+09:00,0.04312,0.04313,0.04287,0.04294,715947.0
2025-05-04 00:15:00+09:00,0.0429,0.04294,0.04269,0.04275,700175.0
2025-05-04 00:20:00+09:00,0.04275,0.04299,0.04272,0.04286,1480431.0
2025-05-04 00:25:00+09:00,0.04286,0.04298,0.04277,0.04295,204727.0
2025-05-04 00:30:00+09:00,0.04294,0.04296,0.04276,0.04282,449090.0
2025-05-04 00:35:00+09:00,0.04283,0.043,0.04279,0.04279,341626.0
2025-05-04 00:40:00+09:00,0.0428,0.04292,0.04275,0.04284,464344.0
2025-05-04 00:45:00+09:00,0.04285,0.04285,0.04277,0.04285,221968.0
2025-05-04 00:50:00+09:00,0.04282,0.04287,0.04264,0.04264,696944.0
2025-05-04 00:55:00+09:00,0.04267,0.04269,0.04254,0.04265,599523.0
2025-05-04 01:00:00+09:00,0.04266,0.04267,0.04232,0.04267,1909294.0
2025-05-04 01:05:00+09:00,0.04268,0.04275,0.04242,0.04242,800071.0
2025-05-04 01:10:00+09:00,0.04243,0.04309,0.04243,0.04278,4395687.0
2025-05-04 01:15:00+09:00,0.04277,0.04279,0.04247,0.04254,866914.0
2025-05-04 01:20:00+09:00,0.04253,0.04253,0.04213,0.04225,1748795.0
2025-05-04 01:25:00+09:00,0.04224,0.04234,0.04204,0.04206,2319533.0
2025-05-04 01:30:00+09:00,0.04209,0.04218,0.04134,0.04148,7428042.0
2025-05-04 01:35:00+09:00,0.04149,0.04149,0.041,0.04121,4206253.0
2025-05-04 01:40:00+09:00,0.04121,0.04144,0.04116,0.0414,2018181.0
2025-05-04 01:45:00+09:00,0.04142,0.04153,0.04126,0.0415,1489484.0
2025-05-04 01:50:00+09:00,0.0415,0.04164,0.04137,0.04156,5726891.0
2025-05-04 01:55:00+09:00,0.04156,0.04168,0.04145,0.04149,603732.0
2025-05-04 02:00:00+09:00,0.04152,0.0416,0.04088,0.04098,2819273.0
2025-05-04 02:05:00+09:00,0.04096,0.04098,0.03962,0.04011,14923781.0
2025-05-04 02:10:00+09:00,0.0401,0.04067,0.04004,0.04065,4757739.0
2025-05-04 02:15:00+09:00,0.04064,0.04067,0.04027,0.04038,4401036.0
2025-05-04 02:20:00+09:00,0.04039,0.04068,0.04023,0.04056,4059595.0
2025-05-04 02:25:00+09:00,0.04055,0.04079,0.04047,0.04063,1924092.0
2025-05-04 02:30:00+09:00,0.04063,0.04079,0.04052,0.04078,1664291.0
2025-05-04 02:35:00+09:00,0.0408,0.0408,0.04051,0.04053,1078267.0
2025-05-04 02:40:00+09:00,0.04053,0.04053,0.04029,0.04046,1396460.0
2025-05-04 02:45:00+09:00,0.04047,0.04072,0.04041,0.04043,987205.0
2025-05-04 02:50:00+09:00,0.04042,0.04075,0.04027,0.04074,1373572.0
2025-05-04 02:55:00+09:00,0.04075,0.04083,0.04067,0.04079,791158.0
2025-05-04 03:00:00+09:00,0.04079,0.04089,0.04071,0.04083,2403223.0
2025-05-04 03:05:00+09:00,0.04083,0.04105,0.04073,0.04087,2132238.0
2025-05-04 03:10:00+09:00,0.04087,0.04088,0.04069,0.04073,696637.0
2025-05-04 03:15:00+09:00,0.04073,0.04093,0.04067,0.04082,1046684.0
2025-05-04 03:20:00+09:00,0.0408,0.04089,0.04071,0.04072,682081.0
2025-05-04 03:25:00+09:00,0.04072,0.04081,0.04054,0.04078,2225823.0
2025-05-04 03:30:00+09:00,0.04077,0.04077,0.04052,0.04052,535257.0
2025-05-04 03:35:00+09:00,0.04051,0.04061,0.0404,0.04044,923773.0
2025-05-04 03:40:00+09:00,0.04042,0.04043,0.04013,0.0402,919956.0
2025-05-04 03:45:00+09:00,0.04022,0.04036,0.0401,0.04028,941680.0
2025-05-04 03:50:00+09:00,0.04029,0.04037,0.04009,0.04028,1035491.0
2025-05-04 03:55:00+09:00,0.0403,0.04061,0.0403,0.04061,1054194.0
2025-05-04 04:00:00+09:00,0.0406,0.04061,0.04036,0.0405,939255.0
2025-05-04 04:05:00+09:00,0.04051,0.04053,0.04041,0.04042,589323.0
2025-05-04 04:10:00+09:00,0.04043,0.04069,0.04043,0.04046,479691.0
2025-05-04 04:15:00+09:00,0.04047,0.04077,0.04047,0.04073,829078.0
2025-05-04 04:20:00+09:00,0.04075,0.04084,0.04066,0.04066,437143.0
2025-05-04 04:25:00+09:00,0.04067,0.04089,0.04067,0.04088,1285544.0
2025-05-04 04:30:00+09:00,0.04089,0.04105,0.04075,0.04105,1116724.0
2025-05-04 04:35:00+09:00,0.04105,0.04133,0.04105,0.0411,2342398.0
2025-05-04 04:40:00+09:00,0.04111,0.04118,0.04107,0.0411,1886889.0
2025-05-04 04:45:00+09:00,0.0411,0.04129,0.04107,0.04109,1001393.0
2025-05-04 04:50:00+09:00,0.04111,0.04116,0.04098,0.04108,794262.0
2025-05-04 04:55:00+09:00,0.04108,0.04109,0.04101,0.04101,201772.0
2025-05-04 05:00:00+09:00,0.04101,0.04105,0.04086,0.04086,1022411.0
2025-05-04 05:05:00+09:00,0.04088,0.04107,0.04088,0.04089,1119958.0
2025-05-04 05:10:00+09:00,0.04089,0.04101,0.04088,0.04092,313537.0
2025-05-04 05:15:00+09:00,0.04092,0.04094,0.04081,0.04086,470623.0
2025-05-04 05:20:00+09:00,0.04086,0.04096,0.04072,0.04073,1930605.0
2025-05-04 05:25:00+09:00,0.04072,0.04083,0.04066,0.04081,1051346.0
2025-05-04 05:30:00+09:00,0.04081,0.04086,0.04067,0.04081,445456.0
2025-05-04 05:35:00+09:00,0.0408,0.04088,0.04078,0.04082,385980.0
2025-05-04 05:40:00+09:00,0.04081,0.04083,0.04069,0.04073,369369.0
2025-05-04 05:45:00+09:00,0.04072,0.04075,0.04062,0.04071,690846.0
2025-05-04 05:50:00+09:00,0.04071,0.04071,0.04059,0.04063,531906.0
2025-05-04 05:55:00+09:00,0.04061,0.04061,0.04049,0.04054,371902.0
2025-05-04 06:00:00+09:00,0.04054,0.04054,0.04031,0.04033,362144.0
2025-05-04 06:05:00+09:00,0.04033,0.04036,0.04005,0.04008,1138069.0
2025-05-04 06:10:00+09:00,0.04009,0.04034,0.04009,0.04031,867167.0
2025-05-04 06:15:00+09:00,0.04034,0.04066,0.04023,0.04065,1631279.0
2025-05-04 06:20:00+09:00,0.04063,0.04077,0.04055,0.04072,903123.0
2025-05-04 06:25:00+09:00,0.0407,0.04075,0.04066,0.0407,469893.0
2025-05-04 06:30:00+09:00,0.0407,0.04083,0.0407,0.0408,386494.0
2025-05-04 06:35:00+09:00,0.04079,0.04081,0.04063,0.04073,461605.0
2025-05-04 06:40:00+09:00,0.04072,0.04077,0.04071,0.04073,155533.0
2025-05-04 06:45:00+09:00,0.04073,0.04074,0.04069,0.04069,455918.0
2025-05-04 06:50:00+09:00,0.04068,0.04088,0.04068,0.04084,699631.0
2025-05-04 06:55:00+09:00,0.04084,0.04092,0.0407,0.04073,1112142.0
2025-05-04 07:00:00+09:00,0.04073,0.04078,0.04032,0.04035,1574152.0
2025-05-04 07:05:00+09:00,0.04036,0.04063,0.04036,0.0404,858919.0
2025-05-04 07:10:00+09:00,0.04043,0.04055,0.0404,0.04045,869635.0
2025-05-04 07:15:00+09:00,0.04045,0.0405,0.04034,0.04049,404556.0
2025-05-04 07:20:00+09:00,0.04048,0.04062,0.04044,0.04061,202398.0
2025-05-04 07:25:00+09:00,0.04062,0.04062,0.04039,0.04054,345630.0
2025-05-04 07:30:00+09:00,0.04053,0.04064,0.04053,0.0406,321703.0
2025-05-04 07:35:00+09:00,0.04059,0.04072,0.04058,0.04068,485623.0
2025-05-04 07:40:00+09:00,0.04069,0.04082,0.04066,0.04078,575199.0
2025-05-04 07:45:00+09:00,0.04077,0.0409,0.04077,0.04088,712144.0
2025-05-04 07:50:00+09:00,0.04087,0.04088,0.04061,0.04061,542122.0
2025-05-04 07:55:00+09:00,0.04061,0.0407,0.04058,0.04067,440327.0
2025-05-04 08:00:00+09:00,0.04067,0.04067,0.04038,0.04038,425657.0
2025-05-04 08:05:00+09:00,0.04038,0.04048,0.04038,0.04047,291183.0
2025-05-04 08:10:00+09:00,0.04047,0.04051,0.04036,0.04038,536590.0
2025-05-04 08:15:00+09:00,0.04039,0.04054,0.04036,0.0405,306320.0
2025-05-04 08:20:00+09:00,0.04052,0.04062,0.04046,0.04059,755374.0
2025-05-04 08:25:00+09:00,0.04058,0.0406,0.04041,0.04045,530337.0
2025-05-04 08:30:00+09:00,0.04044,0.04071,0.04039,0.04063,605642.0
2025-05-04 08:35:00+09:00,0.04061,0.04075,0.04055,0.04072,786055.0
2025-05-04 08:40:00+09:00,0.04071,0.04071,0.04062,0.0407,349903.0
2025-05-04 08:45:00+09:00,0.0407,0.04074,0.04054,0.04055,269350.0
2025-05-04 08:50:00+09:00,0.04054,0.04054,0.04038,0.04043,618869.0
2025-05-04 08:55:00+09:00,0.04045,0.04048,0.04019,0.0403,1506854.0
2025-05-04 09:00:00+09:00,0.04029,0.04046,0.04022,0.04046,989056.0
2025-05-04 09:05:00+09:00,0.04046,0.04052,0.04039,0.0405,993615.0
2025-05-04 09:10:00+09:00,0.04049,0.04049,0.04028,0.04029,619510.0
2025-05-04 09:15:00+09:00,0.04031,0.04064,0.04029,0.04053,434825.0
2025-05-04 09:20:00+09:00,0.04053,0.04062,0.04031,0.04033,521896.0
2025-05-04 09:25:00+09:00,0.04033,0.04048,0.04014,0.04015,674582.0
2025-05-04 09:30:00+09:00,0.04016,0.04024,0.0401,0.0401,758029.0
2025-05-04 09:35:00+09:00,0.04009,0.04017,0.03992,0.04006,895015.0
2025-05-04 09:40:00+09:00,0.04006,0.04021,0.04005,0.04014,874894.0
2025-05-04 09:45:00+09:00,0.04013,0.04019,0.03936,0.03966,5657618.0
2025-05-04 09:50:00+09:00,0.03964,0.03977,0.03943,0.03973,1739467.0
2025-05-04 09:55:00+09:00,0.03974,0.04008,0.03974,0.03994,2188807.0
2025-05-04 10:00:00+09:00,0.03992,0.03992,0.03958,0.03978,3122836.0
2025-05-04 10:05:00+09:00,0.0398,0.04003,0.03969,0.03993,995298.0
2025-05-04 10:10:00+09:00,0.03995,0.04005,0.03983,0.03995,1237334.0
2025-05-04 10:15:00+09:00,0.03998,0.03999,0.03975,0.03982,1134582.0
2025-05-04 10:20:00+09:00,0.03982,0.04009,0.0398,0.04002,1134753.0
2025-05-04 10:25:00+09:00,0.04003,0.04029,0.04003,0.0402,784799.0
2025-05-04 10:30:00+09:00,0.0402,0.0402,0.03996,0.04002,892850.0
2025-05-04 10:35:00+09:00,0.04001,0.04018,0.04001,0.04004,617241.0
2025-05-04 10:40:00+09:00,0.04003,0.04004,0.03968,0.03975,1139975.0
2025-05-04 10:45:00+09:00,0.03976,0.0398,0.03934,0.03966,1873312.0
2025-05-04 10:50:00+09:00,0.03967,0.04005,0.03961,0.04,1752843.0
2025-05-04 10:55:00+09:00,0.04002,0.04031,0.04001,0.04009,1575571.0
2025-05-04 11:00:00+09:00,0.04009,0.04037,0.04003,0.04034,1131486.0
2025-05-04 11:05:00+09:00,0.04035,0.04059,0.04035,0.04043,1709955.0
2025-05-04 11:10:00+09:00,0.04042,0.04064,0.04035,0.04059,869495.0
2025-05-04 11:15:00+09:00,0.04059,0.04062,0.04029,0.04056,1297483.0
2025-05-04 11:20:00+09:00,0.04057,0.04065,0.04047,0.04059,696329.0
2025-05-04 11:25:00+09:00,0.04058,0.0406,0.04043,0.04054,551504.0
2025-05-04 11:30:00+09:00,0.04053,0.04053,0.03994,0.04001,1359552.0
2025-05-04 11:35:00+09:00,0.04001,0.04007,0.03985,0.03986,936844.0
2025-05-04 11:40:00+09:00,0.03987,0.04002,0.0398,0.03994,696085.0
2025-05-04 11:45:00+09:00,0.03994,0.04005,0.03984,0.03986,850608.0
2025-05-04 11:50:00+09:00,0.03987,0.04003,0.03986,0.03998,508663.0
2025-05-04 11:55:00+09:00,0.03999,0.04003,0.03978,0.0398,1070434.0
2025-05-04 12:00:00+09:00,0.0398,0.03982,0.0394,0.03944,2231034.0
2025-05-04 12:05:00+09:00,0.03944,0.03944,0.03924,0.03938,2629538.0
2025-05-04 12:10:00+09:00,0.03939,0.0394,0.03924,0.03931,1464640.0
2025-05-04 12:15:00+09:00,0.0393,0.03937,0.03879,0.03886,3197000.0
2025-05-04 12:20:00+09:00,0.03889,0.03925,0.03885,0.03925,2202966.0
2025-05-04 12:25:00+09:00,0.03924,0.03947,0.03922,0.03947,1211489.0
2025-05-04 12:30:00+09:00,0.03945,0.03954,0.03931,0.03953,841240.0
2025-05-04 12:35:00+09:00,0.03952,0.03964,0.03943,0.03944,756573.0
2025-05-04 12:40:00+09:00,0.03947,0.03973,0.03943,0.03955,1158940.0
2025-05-04 12:45:00+09:00,0.03954,0.03956,0.03928,0.03933,1378532.0
2025-05-04 12:50:00+09:00,0.03932,0.03936,0.03921,0.03935,559752.0
2025-05-04 12:55:00+09:00,0.03936,0.03945,0.03925,0.03928,868502.0
2025-05-04 13:00:00+09:00,0.03928,0.03929,0.03894,0.03897,1274780.0
2025-05-04 13:05:00+09:00,0.03897,0.03935,0.03897,0.03935,690137.0
2025-05-04 13:10:00+09:00,0.03933,0.03947,0.03925,0.03947,584481.0
2025-05-04 13:15:00+09:00,0.03945,0.03956,0.03934,0.03936,935573.0
2025-05-04 13:20:00+09:00,0.03936,0.03951,0.03932,0.03936,830858.0
2025-05-04 13:25:00+09:00,0.03935,0.03942,0.0393,0.03942,690036.0
2025-05-04 13:30:00+09:00,0.03941,0.03943,0.03912,0.03914,881999.0
2025-05-04 13:35:00+09:00,0.0392,0.03926,0.03906,0.03915,886521.0
2025-05-04 13:40:00+09:00,0.03915,0.03924,0.03906,0.03908,829702.0
2025-05-04 13:45:00+09:00,0.03907,0.03922,0.03901,0.03909,574554.0
2025-05-04 13:50:00+09:00,0.03908,0.03933,0.03901,0.03932,534370.0
2025-05-04 13:55:00+09:00,0.03933,0.03935,0.03918,0.0392,424334.0
2025-05-04 14:00:00+09:00,0.03921,0.03951,0.03917,0.03951,698133.0
2025-05-04 14:05:00+09:00,0.03948,0.03957,0.03933,0.0394,871639.0
2025-05-04 14:10:00+09:00,0.03939,0.03949,0.03915,0.03922,619132.0
2025-05-04 14:15:00+09:00,0.03923,0.0393,0.03904,0.03908,463968.0
2025-05-04 14:20:00+09:00,0.03908,0.03943,0.03908,0.03938,447167.0
2025-05-04 14:25:00+09:00,0.03938,0.03964,0.03938,0.03959,754714.0
2025-05-04 14:30:00+09:00,0.0396,0.03981,0.03953,0.03963,1843740.0
2025-05-04 14:35:00+09:00,0.03964,0.03981,0.03962,0.03972,584477.0
2025-05-04 14:40:00+09:00,0.03971,0.03971,0.0395,0.0395,548949.0
2025-05-04 14:45:00+09:00,0.03951,0.03969,0.03951,0.03963,569560.0
2025-05-04 14:50:00+09:00,0.03963,0.0397,0.03944,0.03951,906732.0
2025-05-04 14:55:00+09:00,0.03951,0.03968,0.03946,0.03946,286638.0
2025-05-04 15:00:00+09:00,0.03945,0.0395,0.03921,0.03946,1298947.0
2025-05-04 15:05:00+09:00,0.03945,0.03946,0.03922,0.03933,4303527.0
2025-05-04 15:10:00+09:00,0.03932,0.03933,0.03897,0.03902,1840576.0
2025-05-04 15:15:00+09:00,0.03903,0.03922,0.0388,0.03884,2199997.0
2025-05-04 15:20:00+09:00,0.03883,0.03894,0.03857,0.03863,1613505.0
2025-05-04 15:25:00+09:00,0.03863,0.0388,0.03846,0.03874,2345553.0
2025-05-04 15:30:00+09:00,0.03874,0.03899,0.03872,0.03899,1815954.0
2025-05-04 15:35:00+09:00,0.039,0.03917,0.03879,0.03891,3963602.0
2025-05-04 15:40:00+09:00,0.03892,0.03896,0.03876,0.03876,1106994.0
2025-05-04 15:45:00+09:00,0.03876,0.03904,0.03872,0.03902,1296557.0
2025-05-04 15:50:00+09:00,0.03902,0.03914,0.03891,0.03892,959312.0
2025-05-04 15:55:00+09:00,0.0389,0.03904,0.03889,0.03903,390447.0
2025-05-04 16:00:00+09:00,0.03903,0.03909,0.03875,0.03877,1404803.0
2025-05-04 16:05:00+09:00,0.03878,0.03902,0.03875,0.03902,928261.0
2025-05-04 16:10:00+09:00,0.03902,0.03907,0.0388,0.0389,1220449.0
2025-05-04 16:15:00+09:00,0.0389,0.03895,0.03868,0.0387,1548287.0
2025-05-04 16:20:00+09:00,0.0387,0.03886,0.03866,0.0387,1082202.0
2025-05-04 16:25:00+09:00,0.03871,0.03885,0.03867,0.03882,604913.0
2025-05-04 16:30:00+09:00,0.03883,0.03884,0.03858,0.03868,607213.0
2025-05-04 16:35:00+09:00,0.03867,0.03881,0.03861,0.03867,1375662.0
2025-05-04 16:40:00+09:00,0.03866,0.03893,0.03866,0.03889,995056.0
2025-05-04 16:45:00+09:00,0.03889,0.0389,0.03871,0.03871,613480.0
2025-05-04 16:50:00+09:00,0.03872,0.03903,0.03871,0.03889,4690240.0
2025-05-04 16:55:00+09:00,0.03889,0.03908,0.03889,0.03903,1661904.0
2025-05-04 17:00:00+09:00,0.03904,0.03904,0.03879,0.03887,1206998.0
2025-05-04 17:05:00+09:00,0.03889,0.03889,0.03875,0.03877,798115.0
2025-05-04 17:10:00+09:00,0.03877,0.03885,0.03871,0.03881,1399911.0
2025-05-04 17:15:00+09:00,0.0388,0.0388,0.0386,0.03869,756345.0
2025-05-04 17:20:00+09:00,0.0387,0.03884,0.03866,0.03879,505845.0
2025-05-04 17:25:00+09:00,0.03878,0.03885,0.03871,0.03882,519558.0
2025-05-04 17:30:00+09:00,0.03884,0.03885,0.03855,0.03858,1117112.0
2025-05-04 17:35:00+09:00,0.03859,0.03879,0.03854,0.03867,737934.0
2025-05-04 17:40:00+09:00,0.03866,0.03867,0.03829,0.03833,1427431.0
2025-05-04 17:45:00+09:00,0.03834,0.03839,0.03815,0.03826,4651574.0
2025-05-04 17:50:00+09:00,0.03827,0.03834,0.03811,0.03832,1224050.0
2025-05-04 17:55:00+09:00,0.03833,0.03859,0.03833,0.03851,1180437.0
2025-05-04 18:00:00+09:00,0.0385,0.03859,0.03838,0.03859,765131.0
2025-05-04 18:05:00+09:00,0.0386,0.03868,0.0384,0.03859,1047732.0
2025-05-04 18:10:00+09:00,0.03859,0.03862,0.03832,0.03832,767011.0
2025-05-04 18:15:00+09:00,0.03831,0.03836,0.038,0.03812,1293995.0
2025-05-04 18:20:00+09:00,0.03813,0.03822,0.03794,0.03801,2213777.0
2025-05-04 18:25:00+09:00,0.03801,0.03817,0.03797,0.03815,1194538.0
2025-05-04 18:30:00+09:00,0.03816,0.03816,0.03792,0.03795,1510278.0
2025-05-04 18:35:00+09:00,0.03795,0.0381,0.03777,0.03807,1139491.0
2025-05-04 18:40:00+09:00,0.03808,0.03811,0.0379,0.03795,1731390.0
2025-05-04 18:45:00+09:00,0.03795,0.03796,0.03769,0.03784,1954465.0
2025-05-04 18:50:00+09:00,0.03784,0.03794,0.03777,0.03792,860658.0
2025-05-04 18:55:00+09:00,0.03793,0.03796,0.03781,0.03786,1116891.0
2025-05-04 19:00:00+09:00,0.03787,0.03807,0.03783,0.03796,1261419.0
2025-05-04 19:05:00+09:00,0.03794,0.03806,0.03791,0.03795,629719.0
2025-05-04 19:10:00+09:00,0.03794,0.03795,0.03779,0.03792,674307.0
2025-05-04 19:15:00+09:00,0.03791,0.03802,0.03783,0.03785,736740.0
2025-05-04 19:20:00+09:00,0.03783,0.0383,0.03779,0.03823,2684232.0
2025-05-04 19:25:00+09:00,0.03823,0.03828,0.03807,0.03825,848775.0
2025-05-04 19:30:00+09:00,0.03826,0.03833,0.03819,0.03826,579586.0
2025-05-04 19:35:00+09:00,0.03826,0.03859,0.03825,0.0385,1257610.0
2025-05-04 19:40:00+09:00,0.03852,0.03861,0.03843,0.03848,1511307.0
2025-05-04 19:45:00+09:00,0.0385,0.03853,0.03841,0.03843,452725.0
2025-05-04 19:50:00+09:00,0.03844,0.03855,0.03834,0.03834,486207.0
2025-05-04 19:55:00+09:00,0.03839,0.03841,0.03821,0.03828,1196964.0
2025-05-04 20:00:00+09:00,0.03828,0.03845,0.03821,0.03845,921539.0
2025-05-04 20:05:00+09:00,0.03846,0.03876,0.03846,0.0387,1092066.0
2025-05-04 20:10:00+09:00,0.0387,0.03887,0.03863,0.03878,1395005.0
2025-05-04 20:15:00+09:00,0.03876,0.03895,0.03865,0.03883,836122.0
2025-05-04 20:20:00+09:00,0.03883,0.03891,0.03875,0.03875,444114.0
2025-05-04 20:25:00+09:00,0.03875,0.03889,0.03867,0.03884,1129889.0
2025-05-04 20:30:00+09:00,0.03884,0.03905,0.0388,0.03887,2297475.0
2025-05-04 20:35:00+09:00,0.03891,0.03905,0.0389,0.03894,717744.0
2025-05-04 20:40:00+09:00,0.03894,0.03907,0.03894,0.03905,1046229.0
2025-05-04 20:45:00+09:00,0.03904,0.03913,0.03898,0.03909,712864.0
2025-05-04 20:50:00+09:00,0.03907,0.03907,0.03885,0.03886,447693.0
2025-05-04 20:55:00+09:00,0.03887,0.03893,0.03881,0.03883,302243.0
2025-05-04 21:00:00+09:00,0.03884,0.03906,0.03875,0.03903,990542.0
2025-05-04 21:05:00+09:00,0.03903,0.0392,0.03903,0.03917,761485.0
2025-05-04 21:10:00+09:00,0.03917,0.03919,0.03898,0.03915,964317.0
2025-05-04 21:15:00+09:00,0.03916,0.03929,0.03899,0.03903,975975.0
2025-05-04 21:20:00+09:00,0.039,0.039,0.03882,0.03888,1082044.0
2025-05-04 21:25:00+09:00,0.03889,0.03902,0.03888,0.03899,590694.0
2025-05-04 21:30:00+09:00,0.03899,0.039,0.03874,0.0388,1019478.0
2025-05-04 21:35:00+09:00,0.03881,0.03908,0.03879,0.03901,675202.0
2025-05-04 21:40:00+09:00,0.03902,0.03909,0.03892,0.03902,428952.0
2025-05-04 21:45:00+09:00,0.03903,0.03918,0.03903,0.03912,405140.0
2025-05-04 21:50:00+09:00,0.03913,0.03913,0.03891,0.03896,790685.0
2025-05-04 21:55:00+09:00,0.03896,0.03899,0.03884,0.03889,361559.0
2025-05-04 22:00:00+09:00,0.0389,0.03899,0.03887,0.03889,556194.0
2025-05-04 22:05:00+09:00,0.03888,0.03892,0.03876,0.03881,767102.0
2025-05-04 22:10:00+09:00,0.03881,0.03888,0.0388,0.03884,506458.0
2025-05-04 22:15:00+09:00,0.03883,0.03883,0.03844,0.03847,1696084.0
2025-05-04 22:20:00+09:00,0.03847,0.03856,0.03828,0.03829,1254889.0
2025-05-04 22:25:00+09:00,0.0383,0.0386,0.03829,0.0386,693262.0
2025-05-04 22:30:00+09:00,0.0386,0.03861,0.03837,0.03856,794073.0
2025-05-04 22:35:00+09:00,0.03855,0.03872,0.03848,0.03848,903908.0
2025-05-04 22:40:00+09:00,0.03849,0.03855,0.03843,0.03846,603612.0
2025-05-04 22:45:00+09:00,0.03845,0.03857,0.03833,0.03857,1102328.0
2025-05-04 22:50:00+09:00,0.03857,0.03878,0.03854,0.03878,588301.0
2025-05-04 22:55:00+09:00,0.03877,0.03893,0.03877,0.03891,667884.0
2025-05-04 23:00:00+09:00,0.03891,0.03916,0.03889,0.03911,1274927.0
2025-05-04 23:05:00+09:00,0.03911,0.03925,0.03908,0.03925,1167024.0
2025-05-04 23:10:00+09:00,0.03925,0.03932,0.03912,0.03915,1376700.0
2025-05-04 23:15:00+09:00,0.03914,0.03933,0.03905,0.0392,843122.0
2025-05-04 23:20:00+09:00,0.03921,0.03954,0.0392,0.03941,1879123.0
2025-05-04 23:25:00+09:00,0.03939,0.03956,0.03938,0.03948,1947407.0
2025-05-04 23:30:00+09:00,0.03949,0.0396,0.03944,0.03955,1863147.0
2025-05-04 23:35:00+09:00,0.03957,0.03966,0.03916,0.03918,3021226.0
2025-05-04 23:40:00+09:00,0.03921,0.03934,0.0392,0.03928,588403.0
2025-05-04 23:45:00+09:00,0.03929,0.03931,0.03917,0.03928,1013088.0
2025-05-04 23:50:00+09:00,0.03926,0.03939,0.03916,0.03937,2403594.0
2025-05-04 23:55:00+09:00,0.03935,0.03939,0.03916,0.03919,1033279.0
2025-05-05 00:00:00+09:00,0.0392,0.0393,0.03911,0.03919,780813.0
2025-05-05 00:05:00+09:00,0.03918,0.03926,0.03911,0.03924,1028048.0
2025-05-05 00:10:00+09:00,0.03923,0.03927,0.03916,0.03916,332064.0
2025-05-05 00:15:00+09:00,0.03915,0.03915,0.03894,0.03897,978038.0
2025-05-05 00:20:00+09:00,0.03895,0.03898,0.03884,0.03893,701256.0
2025-05-05 00:25:00+09:00,0.03896,0.03898,0.03885,0.03898,666119.0
2025-05-05 00:30:00+09:00,0.03898,0.03898,0.0387,0.03873,618579.0
2025-05-05 00:35:00+09:00,0.03873,0.03884,0.03873,0.03878,538316.0
2025-05-05 00:40:00+09:00,0.03878,0.03884,0.0387,0.03876,918323.0
2025-05-05 00:45:00+09:00,0.03876,0.03885,0.03864,0.0388,1053916.0
2025-05-05 00:50:00+09:00,0.03881,0.03892,0.03879,0.03886,361476.0
2025-05-05 00:55:00+09:00,0.03887,0.03892,0.0388,0.03884,1008835.0
2025-05-05 01:00:00+09:00,0.03884,0.03906,0.03874,0.03896,1911024.0
2025-05-05 01:05:00+09:00,0.03897,0.0391,0.03887,0.03899,1089914.0
2025-05-05 01:10:00+09:00,0.03898,0.03911,0.03891,0.03902,419304.0
2025-05-05 01:15:00+09:00,0.03903,0.03907,0.03887,0.03891,1652180.0
2025-05-05 01:20:00+09:00,0.03891,0.0392,0.03889,0.03919,728686.0
2025-05-05 01:25:00+09:00,0.03919,0.03922,0.03902,0.03904,701832.0
2025-05-05 01:30:00+09:00,0.03904,0.03918,0.03886,0.03888,633662.0
2025-05-05 01:35:00+09:00,0.03888,0.03894,0.03878,0.03886,526073.0
2025-05-05 01:40:00+09:00,0.03886,0.03889,0.03856,0.03865,1421332.0
2025-05-05 01:45:00+09:00,0.03865,0.03892,0.03862,0.03869,1570115.0
2025-05-05 01:50:00+09:00,0.03868,0.03881,0.03866,0.03867,865361.0
2025-05-05 01:55:00+09:00,0.03866,0.03884,0.03863,0.03881,437684.0
2025-05-05 02:00:00+09:00,0.03881,0.03887,0.03869,0.03879,775432.0
2025-05-05 02:05:00+09:00,0.0388,0.03889,0.03862,0.03877,909680.0
2025-05-05 02:10:00+09:00,0.03878,0.03887,0.03874,0.03874,802942.0
2025-05-05 02:15:00+09:00,0.03874,0.0388,0.03861,0.03868,971295.0
2025-05-05 02:20:00+09:00,0.03867,0.03873,0.03842,0.03846,1326996.0
2025-05-05 02:25:00+09:00,0.03847,0.03848,0.03829,0.03834,1201540.0
2025-05-05 02:30:00+09:00,0.03834,0.03838,0.0381,0.03816,2020203.0
2025-05-05 02:35:00+09:00,0.03817,0.03828,0.03796,0.03827,2598475.0
2025-05-05 02:40:00+09:00,0.03828,0.03853,0.03828,0.03851,1043215.0
2025-05-05 02:45:00+09:00,0.0385,0.0386,0.03839,0.03858,516560.0
2025-05-05 02:50:00+09:00,0.03857,0.03868,0.03852,0.03862,1035528.0
2025-05-05 02:55:00+09:00,0.03863,0.03867,0.03859,0.03862,856687.0
2025-05-05 03:00:00+09:00,0.03862,0.03887,0.03852,0.03887,707663.0
2025-05-05 03:05:00+09:00,0.03887,0.03897,0.03881,0.03883,1361021.0
2025-05-05 03:10:00+09:00,0.03882,0.03882,0.03847,0.03852,1981303.0
2025-05-05 03:15:00+09:00,0.03853,0.03878,0.03853,0.03865,588350.0
2025-05-05 03:20:00+09:00,0.03866,0.0388,0.03865,0.03875,366112.0
2025-05-05 03:25:00+09:00,0.03877,0.03878,0.03861,0.03867,770366.0
2025-05-05 03:30:00+09:00,0.03868,0.03871,0.0384,0.03842,1008776.0
2025-05-05 03:35:00+09:00,0.03839,0.03848,0.03835,0.03839,538347.0
2025-05-05 03:40:00+09:00,0.0384,0.0386,0.03837,0.0386,206250.0
2025-05-05 03:45:00+09:00,0.03858,0.03862,0.03842,0.03844,436235.0
2025-05-05 03:50:00+09:00,0.03842,0.03843,0.03827,0.03837,726680.0
2025-05-05 03:55:00+09:00,0.03836,0.03845,0.03832,0.03832,290310.0
2025-05-05 04:00:00+09:00,0.03834,0.03836,0.03805,0.03827,1020823.0
2025-05-05 04:05:00+09:00,0.03828,0.03837,0.03824,0.03834,1005759.0
2025-05-05 04:10:00+09:00,0.03832,0.03837,0.03819,0.0382,779089.0
2025-05-05 04:15:00+09:00,0.03819,0.03822,0.038,0.03818,1464096.0
2025-05-05 04:20:00+09:00,0.03819,0.03824,0.03809,0.03821,361689.0
2025-05-05 04:25:00+09:00,0.03822,0.03827,0.03818,0.03822,680474.0
2025-05-05 04:30:00+09:00,0.03821,0.03834,0.03812,0.03832,1455823.0
2025-05-05 04:35:00+09:00,0.03831,0.03845,0.03829,0.03841,747941.0
2025-05-05 04:40:00+09:00,0.03841,0.03848,0.03837,0.03842,794850.0
2025-05-05 04:45:00+09:00,0.03842,0.0385,0.03819,0.03822,1037078.0
2025-05-05 04:50:00+09:00,0.03821,0.03827,0.03812,0.03815,600640.0
2025-05-05 04:55:00+09:00,0.03816,0.03821,0.03808,0.03819,243274.0
2025-05-05 05:00:00+09:00,0.0382,0.03826,0.03814,0.03814,349237.0
2025-05-05 05:05:00+09:00,0.03813,0.03824,0.03799,0.03819,494645.0
2025-05-05 05:10:00+09:00,0.03821,0.03822,0.03811,0.03812,890135.0
2025-05-05 05:15:00+09:00,0.03811,0.03812,0.03796,0.03807,681876.0
2025-05-05 05:20:00+09:00,0.03808,0.03829,0.03805,0.03818,367082.0
2025-05-05 05:25:00+09:00,0.0382,0.03853,0.0382,0.03849,702842.0
2025-05-05 05:30:00+09:00,0.03849,0.0385,0.03836,0.03839,549671.0
2025-05-05 05:35:00+09:00,0.0384,0.03858,0.03836,0.03858,587490.0
2025-05-05 05:40:00+09:00,0.03856,0.03856,0.03844,0.03848,502613.0
2025-05-05 05:45:00+09:00,0.03848,0.03852,0.03845,0.03852,129465.0
2025-05-05 05:50:00+09:00,0.03853,0.03861,0.03844,0.03845,437403.0
2025-05-05 05:55:00+09:00,0.03843,0.03854,0.03841,0.03853,263874.0
2025-05-05 06:00:00+09:00,0.03854,0.03866,0.03852,0.03855,814578.0
2025-05-05 06:05:00+09:00,0.03855,0.03866,0.03834,0.03835,678834.0
2025-05-05 06:10:00+09:00,0.03834,0.03839,0.0382,0.03824,1256896.0
2025-05-05 06:15:00+09:00,0.03823,0.03836,0.03813,0.03834,1211268.0
2025-05-05 06:20:00+09:00,0.03832,0.03834,0.03823,0.03825,207790.0
2025-05-05 06:25:00+09:00,0.03826,0.03834,0.0382,0.0382,146363.0
2025-05-05 06:30:00+09:00,0.03822,0.0383,0.03815,0.03826,466225.0
2025-05-05 06:35:00+09:00,0.03827,0.03841,0.03826,0.0384,195382.0
2025-05-05 06:40:00+09:00,0.03842,0.03844,0.03838,0.03844,169775.0
2025-05-05 06:45:00+09:00,0.03844,0.03848,0.03843,0.03848,49140.0
2025-05-05 06:50:00+09:00,0.03848,0.03849,0.03848,0.03849,143265.0
2025-05-05 06:55:00+09:00,0.03849,0.03853,0.03843,0.03848,327595.0
2025-05-05 07:00:00+09:00,0.03848,0.03849,0.03792,0.03794,1794585.0
2025-05-05 07:05:00+09:00,0.03795,0.03821,0.03781,0.03798,1643969.0
2025-05-05 07:10:00+09:00,0.03798,0.038,0.03776,0.03788,1307656.0
2025-05-05 07:15:00+09:00,0.03788,0.03805,0.03786,0.03786,330973.0
2025-05-05 07:20:00+09:00,0.03788,0.03796,0.03778,0.03793,710977.0
2025-05-05 07:25:00+09:00,0.03794,0.03807,0.03794,0.03797,905624.0
2025-05-05 07:30:00+09:00,0.03796,0.03799,0.03727,0.0373,4832284.0
2025-05-05 07:35:00+09:00,0.03736,0.03763,0.03728,0.03758,3783271.0
2025-05-05 07:40:00+09:00,0.0376,0.03763,0.03751,0.03754,1164317.0
2025-05-05 07:45:00+09:00,0.03752,0.03774,0.03741,0.03774,914339.0
2025-05-05 07:50:00+09:00,0.03775,0.03787,0.03773,0.03782,739835.0
2025-05-05 07:55:00+09:00,0.03782,0.03802,0.03782,0.03799,453964.0
2025-05-05 08:00:00+09:00,0.03797,0.03806,0.03782,0.03788,943414.0
2025-05-05 08:05:00+09:00,0.03789,0.03794,0.0377,0.03782,959932.0
2025-05-05 08:10:00+09:00,0.03784,0.03789,0.03777,0.03781,1275274.0
2025-05-05 08:15:00+09:00,0.03781,0.03782,0.03771,0.03777,221763.0
2025-05-05 08:20:00+09:00,0.03776,0.03795,0.03767,0.03793,490646.0
2025-05-05 08:25:00+09:00,0.03793,0.03793,0.03778,0.03786,615182.0
2025-05-05 08:30:00+09:00,0.03785,0.03804,0.03778,0.03799,784498.0
2025-05-05 08:35:00+09:00,0.03799,0.03812,0.03791,0.03808,1435684.0
2025-05-05 08:40:00+09:00,0.03808,0.03812,0.03791,0.03797,545633.0
2025-05-05 08:45:00+09:00,0.03798,0.03829,0.03797,0.03819,1118798.0
2025-05-05 08:50:00+09:00,0.03819,0.03834,0.03819,0.03827,579195.0
2025-05-05 08:55:00+09:00,0.03828,0.03831,0.03806,0.03807,520774.0
2025-05-05 09:00:00+09:00,0.03808,0.03824,0.038,0.03802,714490.0
2025-05-05 09:05:00+09:00,0.03803,0.0382,0.03792,0.03815,524655.0
2025-05-05 09:10:00+09:00,0.03816,0.03829,0.0381,0.0382,735057.0
2025-05-05 09:15:00+09:00,0.0382,0.03824,0.03809,0.03819,305637.0
2025-05-05 09:20:00+09:00,0.0382,0.03834,0.03819,0.03827,788413.0
2025-05-05 09:25:00+09:00,0.03828,0.03867,0.03821,0.03858,1299069.0
2025-05-05 09:30:00+09:00,0.03859,0.03864,0.03836,0.03839,1103622.0
2025-05-05 09:35:00+09:00,0.03839,0.03852,0.03837,0.03841,583774.0
2025-05-05 09:40:00+09:00,0.03836,0.03844,0.03823,0.03832,371183.0
2025-05-05 09:45:00+09:00,0.03831,0.03856,0.0383,0.03844,636019.0
2025-05-05 09:50:00+09:00,0.03843,0.03867,0.03843,0.03856,927769.0
2025-05-05 09:55:00+09:00,0.03858,0.0387,0.03855,0.03858,975124.0
2025-05-05 10:00:00+09:00,0.0386,0.03862,0.03833,0.03841,717361.0
2025-05-05 10:05:00+09:00,0.03838,0.0385,0.03822,0.03836,3585114.0
2025-05-05 10:10:00+09:00,0.03836,0.03845,0.03828,0.0384,1010190.0
2025-05-05 10:15:00+09:00,0.03841,0.03843,0.03799,0.03799,1359612.0
2025-05-05 10:20:00+09:00,0.03803,0.03826,0.03798,0.03822,1250101.0
2025-05-05 10:25:00+09:00,0.03821,0.0383,0.03809,0.03809,377003.0
2025-05-05 10:30:00+09:00,0.0381,0.0381,0.03766,0.03779,3586089.0
2025-05-05 10:35:00+09:00,0.03778,0.0381,0.03765,0.03795,1557928.0
2025-05-05 10:40:00+09:00,0.03795,0.0381,0.0379,0.03796,867937.0
2025-05-05 10:45:00+09:00,0.03796,0.03806,0.03775,0.03779,995574.0
2025-05-05 10:50:00+09:00,0.03779,0.03808,0.03769,0.03799,1702127.0
2025-05-05 10:55:00+09:00,0.03802,0.03803,0.03787,0.03798,513395.0
2025-05-05 11:00:00+09:00,0.03797,0.03807,0.03788,0.038,715743.0
2025-05-05 11:05:00+09:00,0.03801,0.03806,0.03774,0.03781,731405.0
2025-05-05 11:10:00+09:00,0.03783,0.03835,0.03783,0.03835,923566.0
2025-05-05 11:15:00+09:00,0.03836,0.03888,0.03836,0.03882,1350263.0
2025-05-05 11:20:00+09:00,0.0388,0.03881,0.0386,0.03876,639938.0
2025-05-05 11:25:00+09:00,0.03874,0.03889,0.03868,0.03889,1002195.0
2025-05-05 11:30:00+09:00,0.03888,0.03917,0.03888,0.03906,2529735.0
2025-05-05 11:35:00+09:00,0.03907,0.03918,0.039,0.03912,1547754.0
2025-05-05 11:40:00+09:00,0.03912,0.03922,0.0391,0.03912,722548.0
2025-05-05 11:45:00+09:00,0.03911,0.03924,0.0391,0.03917,1071559.0
2025-05-05 11:50:00+09:00,0.03918,0.03929,0.03904,0.03904,1119390.0
2025-05-05 11:55:00+09:00,0.03907,0.03913,0.03903,0.03908,487647.0
2025-05-05 12:00:00+09:00,0.03908,0.03929,0.03902,0.03918,496886.0
2025-05-05 12:05:00+09:00,0.03916,0.03916,0.03901,0.03905,652669.0
2025-05-05 12:10:00+09:00,0.03906,0.03909,0.03884,0.03886,1161081.0
2025-05-05 12:15:00+09:00,0.03887,0.039,0.03874,0.03888,1995574.0
2025-05-05 12:20:00+09:00,0.03889,0.03908,0.03889,0.03901,988602.0
2025-05-05 12:25:00+09:00,0.03897,0.03897,0.03887,0.0389,538430.0
2025-05-05 12:30:00+09:00,0.03891,0.03892,0.03879,0.03881,1183683.0
2025-05-05 12:35:00+09:00,0.03882,0.03883,0.03869,0.03878,691434.0
2025-05-05 12:40:00+09:00,0.03877,0.03901,0.03873,0.03901,515636.0
2025-05-05 12:45:00+09:00,0.03902,0.03902,0.03879,0.03881,283395.0
2025-05-05 12:50:00+09:00,0.0388,0.03883,0.03872,0.03883,150532.0
2025-05-05 12:55:00+09:00,0.03883,0.03887,0.03869,0.03873,499763.0
2025-05-05 13:00:00+09:00,0.03873,0.03874,0.03844,0.03863,3704778.0
2025-05-05 13:05:00+09:00,0.03866,0.03884,0.03854,0.03858,829900.0
2025-05-05 13:10:00+09:00,0.03858,0.03883,0.03857,0.03883,519892.0
2025-05-05 13:15:00+09:00,0.03883,0.03892,0.03881,0.03892,271703.0
2025-05-05 13:20:00+09:00,0.03891,0.03903,0.03891,0.039,459787.0
2025-05-05 13:25:00+09:00,0.039,0.03908,0.03895,0.03902,704993.0
2025-05-05 13:30:00+09:00,0.03902,0.03905,0.0389,0.03902,506789.0
2025-05-05 13:35:00+09:00,0.03905,0.03918,0.03905,0.03915,503580.0
2025-05-05 13:40:00+09:00,0.03914,0.03921,0.0391,0.03911,529114.0
2025-05-05 13:45:00+09:00,0.03913,0.03915,0.03898,0.03902,217016.0
2025-05-05 13:50:00+09:00,0.03899,0.03913,0.03898,0.03909,395414.0
2025-05-05 13:55:00+09:00,0.03908,0.03908,0.03899,0.03904,197792.0
2025-05-05 14:00:00+09:00,0.03904,0.03912,0.039,0.03907,697743.0
2025-05-05 14:05:00+09:00,0.03907,0.03942,0.03906,0.03935,1270435.0
2025-05-05 14:10:00+09:00,0.03935,0.03935,0.03908,0.03916,528423.0
2025-05-05 14:15:00+09:00,0.03916,0.03936,0.03912,0.0393,858605.0
2025-05-05 14:20:00+09:00,0.03931,0.03936,0.03921,0.03921,1104585.0
2025-05-05 14:25:00+09:00,0.0392,0.03921,0.03912,0.03915,728750.0
2025-05-05 14:30:00+09:00,0.03915,0.03921,0.03906,0.03917,629799.0
2025-05-05 14:35:00+09:00,0.03918,0.03921,0.03906,0.03916,499127.0
2025-05-05 14:40:00+09:00,0.03917,0.03926,0.03901,0.03902,828151.0
2025-05-05 14:45:00+09:00,0.03903,0.03944,0.03903,0.03933,1269611.0
2025-05-05 14:50:00+09:00,0.03934,0.03951,0.03933,0.03945,1178528.0
2025-05-05 14:55:00+09:00,0.03946,0.03967,0.03945,0.03961,1236335.0
2025-05-05 15:00:00+09:00,0.03959,0.03973,0.0395,0.03955,1082037.0
2025-05-05 15:05:00+09:00,0.03956,0.03967,0.03941,0.03963,2571238.0
2025-05-05 15:10:00+09:00,0.03963,0.03964,0.03952,0.03953,795199.0
2025-05-05 15:15:00+09:00,0.03953,0.03985,0.03947,0.03982,1031938.0
2025-05-05 15:20:00+09:00,0.03981,0.03982,0.03958,0.03959,640621.0
2025-05-05 15:25:00+09:00,0.03959,0.03959,0.03947,0.0395,1152546.0
2025-05-05 15:30:00+09:00,0.0395,0.03957,0.03933,0.03937,2195088.0
2025-05-05 15:35:00+09:00,0.03938,0.03949,0.03936,0.0394,861362.0
2025-05-05 15:40:00+09:00,0.0394,0.03957,0.03934,0.03955,996958.0
2025-05-05 15:45:00+09:00,0.03955,0.03972,0.03954,0.03972,1793630.0
2025-05-05 15:50:00+09:00,0.03971,0.03971,0.03954,0.03959,280267.0
2025-05-05 15:55:00+09:00,0.03959,0.03967,0.03939,0.03943,789377.0
2025-05-05 16:00:00+09:00,0.03942,0.03951,0.03931,0.03945,978731.0
2025-05-05 16:05:00+09:00,0.03944,0.03945,0.03921,0.03926,1243802.0
2025-05-05 16:10:00+09:00,0.03925,0.03938,0.03915,0.03931,2065846.0
2025-05-05 16:15:00+09:00,0.03933,0.03946,0.03924,0.03935,1297224.0
2025-05-05 16:20:00+09:00,0.03935,0.03949,0.03932,0.03949,240640.0
2025-05-05 16:25:00+09:00,0.03949,0.03949,0.03933,0.03944,274803.0
2025-05-05 16:30:00+09:00,0.03944,0.03957,0.0394,0.03942,549059.0
2025-05-05 16:35:00+09:00,0.03942,0.03942,0.03925,0.03935,929494.0
2025-05-05 16:40:00+09:00,0.03936,0.03945,0.03931,0.03938,336159.0
2025-05-05 16:45:00+09:00,0.03938,0.03942,0.03914,0.03921,608108.0
2025-05-05 16:50:00+09:00,0.03922,0.03937,0.03922,0.03928,619925.0
2025-05-05 16:55:00+09:00,0.03929,0.0394,0.03928,0.03937,1119383.0
2025-05-05 17:00:00+09:00,0.03936,0.03953,0.03927,0.03944,982359.0
2025-05-05 17:05:00+09:00,0.03942,0.03949,0.03934,0.03938,1047558.0
2025-05-05 17:10:00+09:00,0.0394,0.03944,0.03934,0.03943,337944.0
2025-05-05 17:15:00+09:00,0.03943,0.03968,0.03938,0.03966,1896144.0
2025-05-05 17:20:00+09:00,0.03963,0.03968,0.03946,0.03951,1005133.0
2025-05-05 17:25:00+09:00,0.03952,0.03963,0.03947,0.03959,738182.0
2025-05-05 17:30:00+09:00,0.03958,0.03961,0.03944,0.03954,828719.0
2025-05-05 17:35:00+09:00,0.03957,0.03981,0.03954,0.03974,928871.0
2025-05-05 17:40:00+09:00,0.03971,0.03971,0.03962,0.03964,651663.0
2025-05-05 17:45:00+09:00,0.03964,0.0398,0.03962,0.03965,477907.0
2025-05-05 17:50:00+09:00,0.03962,0.0397,0.03947,0.03952,1272526.0
2025-05-05 17:55:00+09:00,0.03953,0.03953,0.03927,0.03941,3326774.0
2025-05-05 18:00:00+09:00,0.03941,0.03945,0.03919,0.03926,682160.0
2025-05-05 18:05:00+09:00,0.03926,0.03956,0.03926,0.03953,2218434.0
2025-05-05 18:10:00+09:00,0.03952,0.03961,0.0395,0.03951,556457.0
2025-05-05 18:15:00+09:00,0.03951,0.03955,0.03941,0.03949,386867.0
2025-05-05 18:20:00+09:00,0.0395,0.03972,0.0395,0.03972,475528.0
2025-05-05 18:25:00+09:00,0.03973,0.03975,0.03957,0.03966,2196117.0
2025-05-05 18:30:00+09:00,0.03966,0.03986,0.03964,0.03977,323863.0
2025-05-05 18:35:00+09:00,0.03977,0.03981,0.03971,0.03976,534127.0
2025-05-05 18:40:00+09:00,0.03976,0.03976,0.03954,0.03958,823485.0
2025-05-05 18:45:00+09:00,0.03958,0.03963,0.03946,0.0396,641807.0
2025-05-05 18:50:00+09:00,0.03959,0.03971,0.03958,0.03959,456622.0
2025-05-05 18:55:00+09:00,0.03959,0.03973,0.03936,0.03942,1863395.0
2025-05-05 19:00:00+09:00,0.03943,0.03948,0.03924,0.03927,1101112.0
2025-05-05 19:05:00+09:00,0.03927,0.03928,0.03909,0.0391,1000671.0
2025-05-05 19:10:00+09:00,0.03912,0.03914,0.03888,0.03894,5458073.0
2025-05-05 19:15:00+09:00,0.03896,0.03896,0.03868,0.03884,1981242.0
2025-05-05 19:20:00+09:00,0.03885,0.03891,0.03867,0.03885,1188208.0
2025-05-05 19:25:00+09:00,0.03884,0.03898,0.03875,0.03876,1073108.0
2025-05-05 19:30:00+09:00,0.03876,0.03903,0.03876,0.03896,982686.0
2025-05-05 19:35:00+09:00,0.03894,0.03894,0.03855,0.03855,1329240.0
2025-05-05 19:40:00+09:00,0.03857,0.0388,0.03857,0.03869,770026.0
2025-05-05 19:45:00+09:00,0.03866,0.03869,0.03821,0.03832,2678775.0
2025-05-05 19:50:00+09:00,0.03831,0.03843,0.03816,0.03841,2030894.0
2025-05-05 19:55:00+09:00,0.03843,0.03862,0.03843,0.0386,799904.0
2025-05-05 20:00:00+09:00,0.03862,0.03897,0.0386,0.03897,1141384.0
2025-05-05 20:05:00+09:00,0.03893,0.03909,0.03886,0.03901,968924.0
2025-05-05 20:10:00+09:00,0.039,0.03913,0.03894,0.03909,1491232.0
2025-05-05 20:15:00+09:00,0.03907,0.03918,0.03901,0.03911,494927.0
2025-05-05 20:20:00+09:00,0.03913,0.03913,0.0389,0.03898,459807.0
2025-05-05 20:25:00+09:00,0.03899,0.03899,0.0387,0.03873,2730324.0
2025-05-05 20:30:00+09:00,0.03873,0.03881,0.0385,0.03859,1384783.0
2025-05-05 20:35:00+09:00,0.03859,0.03871,0.03854,0.03856,524543.0
2025-05-05 20:40:00+09:00,0.03856,0.03869,0.03852,0.03859,509035.0
2025-05-05 20:45:00+09:00,0.03858,0.03866,0.03847,0.03858,1100764.0
2025-05-05 20:50:00+09:00,0.03859,0.03867,0.03848,0.03863,495618.0
2025-05-05 20:55:00+09:00,0.03865,0.03872,0.03853,0.03853,725786.0
2025-05-05 21:00:00+09:00,0.03854,0.03856,0.0382,0.03831,1490279.0
2025-05-05 21:05:00+09:00,0.0383,0.03875,0.03829,0.03871,2021818.0
2025-05-05 21:10:00+09:00,0.03869,0.03882,0.03852,0.03882,1223934.0
2025-05-05 21:15:00+09:00,0.03882,0.03885,0.03857,0.03866,653408.0
2025-05-05 21:20:00+09:00,0.03865,0.03878,0.03855,0.03871,521571.0
2025-05-05 21:25:00+09:00,0.0387,0.0388,0.03865,0.03872,320118.0
2025-05-05 21:30:00+09:00,0.03872,0.0388,0.03849,0.03853,702269.0
2025-05-05 21:35:00+09:00,0.03852,0.03859,0.03843,0.03851,773591.0
2025-05-05 21:40:00+09:00,0.03852,0.03867,0.03848,0.0385,514059.0
2025-05-05 21:45:00+09:00,0.03849,0.03851,0.03833,0.0384,500389.0
2025-05-05 21:50:00+09:00,0.03838,0.0384,0.03802,0.03814,1488663.0
2025-05-05 21:55:00+09:00,0.03815,0.03841,0.03815,0.0384,972887.0
2025-05-05 22:00:00+09:00,0.03839,0.03849,0.03834,0.03847,690530.0
2025-05-05 22:05:00+09:00,0.03848,0.03862,0.03812,0.0382,1753229.0
2025-05-05 22:10:00+09:00,0.03818,0.03825,0.03813,0.03818,542871.0
2025-05-05 22:15:00+09:00,0.03819,0.03834,0.03807,0.03834,601087.0
2025-05-05 22:20:00+09:00,0.03835,0.03848,0.03832,0.03835,778542.0
2025-05-05 22:25:00+09:00,0.03834,0.03835,0.03802,0.03803,1488060.0
2025-05-05 22:30:00+09:00,0.03803,0.03807,0.03768,0.03802,5686446.0
2025-05-05 22:35:00+09:00,0.03803,0.0382,0.03786,0.0379,1949981.0
2025-05-05 22:40:00+09:00,0.03789,0.03812,0.03778,0.038,1101839.0
2025-05-05 22:45:00+09:00,0.03801,0.03832,0.03795,0.03825,2280830.0
2025-05-05 22:50:00+09:00,0.03827,0.03837,0.03814,0.03819,1062939.0
2025-05-05 22:55:00+09:00,0.03823,0.03859,0.03823,0.03859,2343584.0
2025-05-05 23:00:00+09:00,0.03859,0.03893,0.03853,0.03853,2202422.0
2025-05-05 23:05:00+09:00,0.03852,0.03863,0.03834,0.0385,992028.0
2025-05-05 23:10:00+09:00,0.03851,0.03856,0.03833,0.03842,505012.0
2025-05-05 23:15:00+09:00,0.03844,0.03854,0.03827,0.03844,434132.0
2025-05-05 23:20:00+09:00,0.03846,0.03853,0.03809,0.03818,1286472.0
2025-05-05 23:25:00+09:00,0.0382,0.03837,0.0382,0.03835,853950.0
2025-05-05 23:30:00+09:00,0.03836,0.03842,0.03824,0.03838,1101378.0
2025-05-05 23:35:00+09:00,0.03836,0.03881,0.03834,0.03874,1299333.0
2025-05-05 23:40:00+09:00,0.03875,0.03884,0.03864,0.03876,1896846.0
2025-05-05 23:45:00+09:00,0.03876,0.03892,0.0387,0.0387,676647.0
2025-05-05 23:50:00+09:00,0.03871,0.03876,0.03841,0.03847,1988629.0
2025-05-05 23:55:00+09:00,0.03847,0.0385,0.03843,0.03847,264730.0
2025-05-06 00:00:00+09:00,0.03847,0.03858,0.03841,0.03853,443642.0
2025-05-06 00:05:00+09:00,0.03851,0.03851,0.03825,0.03828,2141496.0
2025-05-06 00:10:00+09:00,0.03829,0.03841,0.03828,0.03835,512465.0
2025-05-06 00:15:00+09:00,0.03834,0.03834,0.03811,0.03825,491596.0
2025-05-06 00:20:00+09:00,0.03826,0.0385,0.03826,0.0384,1495949.0
2025-05-06 00:25:00+09:00,0.03841,0.03841,0.03825,0.03828,415322.0
2025-05-06 00:30:00+09:00,0.03827,0.03844,0.03814,0.03816,995780.0
2025-05-06 00:35:00+09:00,0.03816,0.03829,0.03807,0.03817,1486963.0
2025-05-06 00:40:00+09:00,0.03818,0.03832,0.03801,0.03805,894986.0
2025-05-06 00:45:00+09:00,0.03805,0.0381,0.03786,0.03791,1225034.0
2025-05-06 00:50:00+09:00,0.03792,0.03813,0.03791,0.03811,562564.0
2025-05-06 00:55:00+09:00,0.03811,0.03811,0.03794,0.03807,279303.0
2025-05-06 01:00:00+09:00,0.03808,0.03817,0.03794,0.03816,1057350.0
2025-05-06 01:05:00+09:00,0.03817,0.03826,0.03809,0.03811,445147.0
2025-05-06 01:10:00+09:00,0.03809,0.03831,0.03806,0.03815,1674940.0
2025-05-06 01:15:00+09:00,0.03816,0.03859,0.03816,0.03853,1190766.0
2025-05-06 01:20:00+09:00,0.03852,0.0386,0.03837,0.0385,749643.0
2025-05-06 01:25:00+09:00,0.03851,0.03855,0.03843,0.03846,325616.0
2025-05-06 01:30:00+09:00,0.03847,0.03854,0.0384,0.03846,300781.0
2025-05-06 01:35:00+09:00,0.03845,0.0386,0.03841,0.03857,611404.0
2025-05-06 01:40:00+09:00,0.03857,0.03857,0.03829,0.03848,457511.0
2025-05-06 01:45:00+09:00,0.03849,0.03856,0.03842,0.03847,386263.0
2025-05-06 01:50:00+09:00,0.03846,0.03848,0.0382,0.03823,488154.0
2025-05-06 01:55:00+09:00,0.03824,0.03835,0.03824,0.03832,96073.0
2025-05-06 02:00:00+09:00,0.03832,0.03835,0.03812,0.03829,625130.0
2025-05-06 02:05:00+09:00,0.03828,0.03829,0.03799,0.03803,1041057.0
2025-05-06 02:10:00+09:00,0.03804,0.0382,0.03796,0.03799,439167.0
2025-05-06 02:15:00+09:00,0.03799,0.03807,0.03782,0.03801,735083.0
2025-05-06 02:20:00+09:00,0.03801,0.0382,0.038,0.03819,437263.0
2025-05-06 02:25:00+09:00,0.0382,0.0383,0.03813,0.03817,459202.0
2025-05-06 02:30:00+09:00,0.03817,0.03836,0.03816,0.03831,505826.0
2025-05-06 02:35:00+09:00,0.03831,0.03857,0.0383,0.03855,427961.0
2025-05-06 02:40:00+09:00,0.03856,0.03856,0.03841,0.03842,515139.0
2025-05-06 02:45:00+09:00,0.03842,0.03853,0.03838,0.03847,334847.0
2025-05-06 02:50:00+09:00,0.03848,0.03854,0.0384,0.03844,207701.0
2025-05-06 02:55:00+09:00,0.03845,0.03849,0.03836,0.03841,245198.0
2025-05-06 03:00:00+09:00,0.03842,0.03844,0.03817,0.03831,844267.0
2025-05-06 03:05:00+09:00,0.0383,0.03837,0.03818,0.03831,599798.0
2025-05-06 03:10:00+09:00,0.0383,0.03841,0.03829,0.03837,505235.0
2025-05-06 03:15:00+09:00,0.03838,0.03857,0.03835,0.03841,522060.0
2025-05-06 03:20:00+09:00,0.03839,0.03853,0.03839,0.03853,667737.0
2025-05-06 03:25:00+09:00,0.03851,0.03853,0.0384,0.03844,354072.0
2025-05-06 03:30:00+09:00,0.03845,0.03894,0.03845,0.03887,1790554.0
2025-05-06 03:35:00+09:00,0.03885,0.03919,0.03885,0.03906,1689459.0
2025-05-06 03:40:00+09:00,0.03907,0.03921,0.03904,0.03916,1069776.0
2025-05-06 03:45:00+09:00,0.03915,0.0394,0.03914,0.03927,1487387.0
2025-05-06 03:50:00+09:00,0.03928,0.03933,0.039,0.03903,1117628.0
2025-05-06 03:55:00+09:00,0.03906,0.03921,0.039,0.03911,896392.0
2025-05-06 04:00:00+09:00,0.03911,0.03925,0.03899,0.03925,681861.0
2025-05-06 04:05:00+09:00,0.03925,0.03927,0.03909,0.03925,460866.0
2025-05-06 04:10:00+09:00,0.03925,0.03925,0.0391,0.03911,613344.0
2025-05-06 04:15:00+09:00,0.0391,0.03925,0.03905,0.03909,424725.0
2025-05-06 04:20:00+09:00,0.0391,0.0392,0.03896,0.03897,583966.0
2025-05-06 04:25:00+09:00,0.03897,0.03902,0.03893,0.03899,602379.0
2025-05-06 04:30:00+09:00,0.03898,0.03904,0.03869,0.03874,1707643.0
2025-05-06 04:35:00+09:00,0.03873,0.03878,0.03853,0.03859,1438263.0
2025-05-06 04:40:00+09:00,0.03858,0.0387,0.03855,0.03858,802169.0
2025-05-06 04:45:00+09:00,0.03858,0.03869,0.03854,0.03865,325864.0
2025-05-06 04:50:00+09:00,0.03867,0.03877,0.0386,0.0386,505832.0
2025-05-06 04:55:00+09:00,0.03861,0.03861,0.03845,0.03856,596137.0
2025-05-06 05:00:00+09:00,0.03856,0.03856,0.03831,0.03831,1211594.0
2025-05-06 05:05:00+09:00,0.0383,0.0383,0.03803,0.03803,1819613.0
2025-05-06 05:10:00+09:00,0.03803,0.03823,0.03801,0.03814,1043413.0
2025-05-06 05:15:00+09:00,0.03814,0.03831,0.03814,0.03824,534543.0
2025-05-06 05:20:00+09:00,0.03826,0.03826,0.03806,0.03818,368617.0
2025-05-06 05:25:00+09:00,0.03818,0.03827,0.0381,0.03814,756118.0
2025-05-06 05:30:00+09:00,0.03814,0.03814,0.03744,0.0375,2073539.0
2025-05-06 05:35:00+09:00,0.03751,0.03757,0.03726,0.03756,3618766.0
2025-05-06 05:40:00+09:00,0.03757,0.03768,0.03748,0.03768,956676.0
2025-05-06 05:45:00+09:00,0.03769,0.03776,0.03757,0.03773,838120.0
2025-05-06 05:50:00+09:00,0.03773,0.03794,0.03773,0.03793,711256.0
2025-05-06 05:55:00+09:00,0.03795,0.03802,0.03788,0.03796,849966.0
2025-05-06 06:00:00+09:00,0.03797,0.03838,0.0379,0.03831,1583889.0
2025-05-06 06:05:00+09:00,0.03829,0.03844,0.0382,0.03844,1815228.0
2025-05-06 06:10:00+09:00,0.03845,0.03864,0.03843,0.03856,1834351.0
2025-05-06 06:15:00+09:00,0.03855,0.03885,0.03849,0.0388,1382697.0
2025-05-06 06:20:00+09:00,0.03879,0.03903,0.03879,0.03898,1334827.0
2025-05-06 06:25:00+09:00,0.03899,0.03901,0.03881,0.03887,914742.0
2025-05-06 06:30:00+09:00,0.03887,0.03887,0.03859,0.03875,931752.0
2025-05-06 06:35:00+09:00,0.03873,0.03875,0.03865,0.03873,484011.0
2025-05-06 06:40:00+09:00,0.03874,0.03874,0.0386,0.03863,426532.0
2025-05-06 06:45:00+09:00,0.03862,0.03869,0.03859,0.03869,226324.0
2025-05-06 06:50:00+09:00,0.0387,0.03885,0.03869,0.03881,400605.0
2025-05-06 06:55:00+09:00,0.03882,0.03891,0.03864,0.03865,935373.0
2025-05-06 07:00:00+09:00,0.03865,0.03883,0.03862,0.03871,588321.0
2025-05-06 07:05:00+09:00,0.03871,0.03879,0.03862,0.03879,415062.0
2025-05-06 07:10:00+09:00,0.03879,0.03888,0.03875,0.03888,654675.0
2025-05-06 07:15:00+09:00,0.03888,0.03896,0.03881,0.03889,663881.0
2025-05-06 07:20:00+09:00,0.03889,0.03889,0.03873,0.03873,288832.0
2025-05-06 07:25:00+09:00,0.03872,0.03872,0.03849,0.03857,698309.0
2025-05-06 07:30:00+09:00,0.03858,0.03868,0.03847,0.03858,1295780.0
2025-05-06 07:35:00+09:00,0.0386,0.039,0.0386,0.039,296407.0
2025-05-06 07:40:00+09:00,0.03899,0.0391,0.03892,0.03897,615507.0
2025-05-06 07:45:00+09:00,0.03899,0.03909,0.03884,0.03887,556826.0
2025-05-06 07:50:00+09:00,0.03887,0.03892,0.03881,0.0389,222069.0
2025-05-06 07:55:00+09:00,0.03887,0.03891,0.03885,0.03888,246248.0
2025-05-06 08:00:00+09:00,0.03888,0.03894,0.03873,0.03874,389433.0
2025-05-06 08:05:00+09:00,0.03873,0.03881,0.0387,0.0387,534534.0
2025-05-06 08:10:00+09:00,0.03872,0.03877,0.03863,0.03867,307754.0
2025-05-06 08:15:00+09:00,0.03866,0.03875,0.0386,0.03872,369124.0
2025-05-06 08:20:00+09:00,0.03873,0.03883,0.03869,0.03869,308930.0
2025-05-06 08:25:00+09:00,0.03869,0.03869,0.03841,0.03843,1431164.0
2025-05-06 08:30:00+09:00,0.03846,0.03847,0.03834,0.0384,432961.0
2025-05-06 08:35:00+09:00,0.03839,0.03847,0.03838,0.03846,216106.0
2025-05-06 08:40:00+09:00,0.03844,0.03852,0.03842,0.0385,303360.0
2025-05-06 08:45:00+09:00,0.03849,0.03849,0.03825,0.0383,578393.0
2025-05-06 08:50:00+09:00,0.0383,0.0383,0.0382,0.03829,294971.0
2025-05-06 08:55:00+09:00,0.0383,0.03837,0.0382,0.03826,222799.0
2025-05-06 09:00:00+09:00,0.03825,0.03829,0.03809,0.03811,655746.0
2025-05-06 09:05:00+09:00,0.0381,0.03838,0.03806,0.03832,706391.0
2025-05-06 09:10:00+09:00,0.03832,0.03841,0.03825,0.03832,381938.0
2025-05-06 09:15:00+09:00,0.03832,0.03833,0.03822,0.03827,269198.0
2025-05-06 09:20:00+09:00,0.03827,0.03828,0.03818,0.03828,314006.0
2025-05-06 09:25:00+09:00,0.03829,0.03861,0.03829,0.03859,871891.0
2025-05-06 09:30:00+09:00,0.03857,0.03858,0.0383,0.03835,370377.0
2025-05-06 09:35:00+09:00,0.03837,0.03839,0.03821,0.03824,298705.0
2025-05-06 09:40:00+09:00,0.03823,0.03829,0.03815,0.03822,283120.0
2025-05-06 09:45:00+09:00,0.03821,0.03824,0.03806,0.0381,467585.0
2025-05-06 09:50:00+09:00,0.0381,0.03827,0.0381,0.03826,269745.0
2025-05-06 09:55:00+09:00,0.03826,0.03842,0.03826,0.03842,367325.0
2025-05-06 10:00:00+09:00,0.0384,0.03862,0.03835,0.03836,1114740.0
2025-05-06 10:05:00+09:00,0.03836,0.03836,0.03813,0.03831,664034.0
2025-05-06 10:10:00+09:00,0.03829,0.03865,0.03827,0.03859,1056779.0
2025-05-06 10:15:00+09:00,0.0386,0.03884,0.03859,0.03871,1175309.0
2025-05-06 10:20:00+09:00,0.03872,0.0389,0.03871,0.03878,694386.0
2025-05-06 10:25:00+09:00,0.03877,0.03879,0.03862,0.03862,265298.0
2025-05-06 10:30:00+09:00,0.03863,0.0387,0.03852,0.03854,491191.0
2025-05-06 10:35:00+09:00,0.03855,0.03858,0.03833,0.03837,1024364.0
2025-05-06 10:40:00+09:00,0.03837,0.03854,0.03823,0.03825,1028514.0
2025-05-06 10:45:00+09:00,0.03825,0.03836,0.03818,0.03821,481754.0
2025-05-06 10:50:00+09:00,0.03821,0.03831,0.03816,0.0382,397989.0
2025-05-06 10:55:00+09:00,0.03819,0.03834,0.03816,0.03821,597451.0
2025-05-06 11:00:00+09:00,0.03819,0.03823,0.03808,0.03812,1328856.0
2025-05-06 11:05:00+09:00,0.03811,0.03813,0.03791,0.03792,2469555.0
2025-05-06 11:10:00+09:00,0.03791,0.03796,0.03783,0.03791,975749.0
2025-05-06 11:15:00+09:00,0.03791,0.03794,0.03776,0.0378,1017289.0
2025-05-06 11:20:00+09:00,0.0378,0.0378,0.03761,0.03764,724898.0
2025-05-06 11:25:00+09:00,0.03763,0.03785,0.03763,0.03776,1271514.0
2025-05-06 11:30:00+09:00,0.03775,0.03816,0.03765,0.03799,745033.0
2025-05-06 11:35:00+09:00,0.038,0.03827,0.038,0.03821,928338.0
2025-05-06 11:40:00+09:00,0.03822,0.03844,0.03822,0.03838,864169.0
2025-05-06 11:45:00+09:00,0.0384,0.03874,0.03839,0.03867,766455.0
2025-05-06 11:50:00+09:00,0.03867,0.03877,0.0385,0.0385,488039.0
2025-05-06 11:55:00+09:00,0.03851,0.03863,0.03842,0.03863,503872.0
2025-05-06 12:00:00+09:00,0.03863,0.03871,0.03858,0.03859,1614733.0
2025-05-06 12:05:00+09:00,0.0386,0.03877,0.03847,0.03853,1086860.0
2025-05-06 12:10:00+09:00,0.03852,0.03863,0.03846,0.03852,440948.0
2025-05-06 12:15:00+09:00,0.03853,0.03876,0.03852,0.03873,377032.0
2025-05-06 12:20:00+09:00,0.03872,0.03882,0.03865,0.03867,718178.0
2025-05-06 12:25:00+09:00,0.03866,0.03903,0.03862,0.03901,1136728.0
2025-05-06 12:30:00+09:00,0.03902,0.03913,0.03895,0.03897,755903.0
2025-05-06 12:35:00+09:00,0.03898,0.03928,0.03897,0.03928,764027.0
2025-05-06 12:40:00+09:00,0.03927,0.03932,0.0392,0.03926,775746.0
2025-05-06 12:45:00+09:00,0.03927,0.03941,0.03923,0.03938,1100185.0
2025-05-06 12:50:00+09:00,0.03941,0.03949,0.03928,0.03933,1098053.0
2025-05-06 12:55:00+09:00,0.03933,0.03934,0.03912,0.03919,729570.0
2025-05-06 13:00:00+09:00,0.0392,0.0392,0.03894,0.03905,1443784.0
2025-05-06 13:05:00+09:00,0.03906,0.0392,0.03903,0.03907,993750.0
2025-05-06 13:10:00+09:00,0.03907,0.03916,0.03901,0.03905,624430.0
2025-05-06 13:15:00+09:00,0.03906,0.03925,0.03904,0.03917,913768.0
2025-05-06 13:20:00+09:00,0.03918,0.03937,0.03913,0.03931,957577.0
2025-05-06 13:25:00+09:00,0.03932,0.03938,0.03924,0.03937,664944.0
2025-05-06 13:30:00+09:00,0.03936,0.03955,0.03931,0.03941,1096037.0
2025-05-06 13:35:00+09:00,0.0394,0.0394,0.03911,0.03914,2958797.0
2025-05-06 13:40:00+09:00,0.03915,0.03921,0.03887,0.03893,2770587.0
2025-05-06 13:45:00+09:00,0.03893,0.03905,0.03882,0.03888,1143016.0
2025-05-06 13:50:00+09:00,0.03887,0.03901,0.03886,0.03898,895816.0
2025-05-06 13:55:00+09:00,0.03897,0.03907,0.03893,0.03894,489899.0
2025-05-06 14:00:00+09:00,0.03894,0.03896,0.03881,0.03881,389320.0
2025-05-06 14:05:00+09:00,0.03881,0.03893,0.03881,0.03893,630780.0
2025-05-06 14:10:00+09:00,0.03894,0.03901,0.03887,0.039,328757.0
2025-05-06 14:15:00+09:00,0.039,0.03903,0.03868,0.03873,1139482.0
2025-05-06 14:20:00+09:00,0.03874,0.0388,0.0386,0.03861,552796.0
2025-05-06 14:25:00+09:00,0.03861,0.03883,0.03861,0.03881,1000667.0
2025-05-06 14:30:00+09:00,0.0388,0.03889,0.03874,0.03882,696401.0
2025-05-06 14:35:00+09:00,0.03882,0.03894,0.03882,0.03889,334408.0
2025-05-06 14:40:00+09:00,0.03888,0.03911,0.03888,0.03899,994211.0
2025-05-06 14:45:00+09:00,0.03903,0.03911,0.03891,0.03892,809000.0
2025-05-06 14:50:00+09:00,0.03893,0.03895,0.03876,0.03876,704762.0
2025-05-06 14:55:00+09:00,0.03875,0.03883,0.03865,0.0387,466386.0
2025-05-06 15:00:00+09:00,0.03869,0.03894,0.03869,0.03894,344149.0
2025-05-06 15:05:00+09:00,0.03895,0.03899,0.03891,0.03899,433378.0
2025-05-06 15:10:00+09:00,0.039,0.03912,0.03899,0.03904,465133.0
2025-05-06 15:15:00+09:00,0.03903,0.03917,0.03895,0.03912,973906.0
2025-05-06 15:20:00+09:00,0.03911,0.03911,0.03882,0.03894,421706.0
2025-05-06 15:25:00+09:00,0.03894,0.03896,0.03882,0.03886,713912.0
2025-05-06 15:30:00+09:00,0.03887,0.03895,0.03877,0.03887,636417.0
2025-05-06 15:35:00+09:00,0.0389,0.03926,0.03884,0.03923,551726.0
2025-05-06 15:40:00+09:00,0.03924,0.03942,0.03908,0.03942,907650.0
2025-05-06 15:45:00+09:00,0.03941,0.03959,0.03932,0.03942,2795854.0
2025-05-06 15:50:00+09:00,0.03941,0.03957,0.03932,0.03943,710958.0
2025-05-06 15:55:00+09:00,0.03942,0.03977,0.03939,0.03971,2294494.0
2025-05-06 16:00:00+09:00,0.03972,0.04037,0.03972,0.04034,12227359.0
2025-05-06 16:05:00+09:00,0.04033,0.04049,0.03991,0.04017,6309107.0
2025-05-06 16:10:00+09:00,0.04017,0.04038,0.04006,0.0403,4682567.0
2025-05-06 16:15:00+09:00,0.04031,0.04031,0.04007,0.0401,2634426.0
2025-05-06 16:20:00+09:00,0.04011,0.04018,0.03994,0.04006,2515469.0
2025-05-06 16:25:00+09:00,0.04006,0.04009,0.03997,0.04005,1198372.0
2025-05-06 16:30:00+09:00,0.04006,0.04054,0.04001,0.04018,6133084.0
2025-05-06 16:35:00+09:00,0.04018,0.04057,0.04008,0.04008,2989257.0
2025-05-06 16:40:00+09:00,0.04009,0.0404,0.04004,0.0404,1240669.0
2025-05-06 16:45:00+09:00,0.04041,0.04047,0.03982,0.03992,3866018.0
2025-05-06 16:50:00+09:00,0.03993,0.04021,0.03976,0.04007,4976028.0
2025-05-06 16:55:00+09:00,0.04008,0.04027,0.04001,0.0402,2697600.0
2025-05-06 17:00:00+09:00,0.0402,0.04033,0.03989,0.04013,6067342.0
2025-05-06 17:05:00+09:00,0.04014,0.04014,0.03979,0.03981,2752240.0
2025-05-06 17:10:00+09:00,0.03981,0.03985,0.03941,0.03946,3310048.0
2025-05-06 17:15:00+09:00,0.03946,0.03949,0.03885,0.03889,5031345.0
2025-05-06 17:20:00+09:00,0.03888,0.03906,0.03862,0.03899,4496501.0
2025-05-06 17:25:00+09:00,0.03901,0.03939,0.03894,0.03939,1638321.0
2025-05-06 17:30:00+09:00,0.03939,0.03976,0.03933,0.03974,2296217.0
2025-05-06 17:35:00+09:00,0.03974,0.03992,0.03965,0.03984,1095064.0
2025-05-06 17:40:00+09:00,0.03986,0.04002,0.03977,0.03995,1209918.0
2025-05-06 17:45:00+09:00,0.03994,0.03999,0.0397,0.03986,1217025.0
2025-05-06 17:50:00+09:00,0.03984,0.04009,0.03978,0.04006,1357957.0
2025-05-06 17:55:00+09:00,0.04005,0.04007,0.0397,0.03982,1145887.0
2025-05-06 18:00:00+09:00,0.03982,0.03982,0.03952,0.03955,797845.0
2025-05-06 18:05:00+09:00,0.03955,0.03975,0.03952,0.03968,1135496.0
2025-05-06 18:10:00+09:00,0.03967,0.03975,0.0391,0.03916,2749768.0
2025-05-06 18:15:00+09:00,0.03918,0.03924,0.03905,0.03924,1052156.0
2025-05-06 18:20:00+09:00,0.03923,0.03948,0.03919,0.03942,910573.0
2025-05-06 18:25:00+09:00,0.03943,0.03959,0.03929,0.03946,811103.0
2025-05-06 18:30:00+09:00,0.03945,0.03946,0.03926,0.03931,996630.0
2025-05-06 18:35:00+09:00,0.03932,0.03935,0.03897,0.03906,1589689.0
2025-05-06 18:40:00+09:00,0.03907,0.03917,0.03894,0.03901,642367.0
2025-05-06 18:45:00+09:00,0.03902,0.03903,0.03878,0.03897,1774184.0
2025-05-06 18:50:00+09:00,0.03897,0.03913,0.03879,0.03911,2358113.0
2025-05-06 18:55:00+09:00,0.03912,0.03923,0.03912,0.03922,362186.0
2025-05-06 19:00:00+09:00,0.03922,0.03923,0.03892,0.03893,778913.0
2025-05-06 19:05:00+09:00,0.03891,0.03892,0.03873,0.03875,1911341.0
2025-05-06 19:10:00+09:00,0.03874,0.03887,0.03866,0.03884,1183742.0
2025-05-06 19:15:00+09:00,0.03883,0.03907,0.03879,0.03901,1424754.0
2025-05-06 19:20:00+09:00,0.03902,0.03914,0.03841,0.03863,3594340.0
2025-05-06 19:25:00+09:00,0.03864,0.03873,0.03861,0.03861,2056966.0
2025-05-06 19:30:00+09:00,0.03863,0.03866,0.03831,0.03854,2699900.0
2025-05-06 19:35:00+09:00,0.03853,0.03853,0.03797,0.038,3544837.0
2025-05-06 19:40:00+09:00,0.038,0.03812,0.03768,0.03774,3632393.0
2025-05-06 19:45:00+09:00,0.03773,0.03803,0.03773,0.03789,3829448.0
2025-05-06 19:50:00+09:00,0.03788,0.03817,0.03778,0.03816,1458676.0
2025-05-06 19:55:00+09:00,0.03817,0.03821,0.03795,0.03798,1318986.0
2025-05-06 20:00:00+09:00,0.03797,0.03827,0.03795,0.03823,1761843.0
2025-05-06 20:05:00+09:00,0.03823,0.03826,0.03801,0.03811,1671926.0
2025-05-06 20:10:00+09:00,0.03813,0.03835,0.03813,0.03819,941004.0
2025-05-06 20:15:00+09:00,0.03818,0.03838,0.03808,0.03831,828700.0
2025-05-06 20:20:00+09:00,0.03832,0.0384,0.03818,0.0383,876199.0
2025-05-06 20:25:00+09:00,0.03832,0.03836,0.03785,0.03801,2247123.0
2025-05-06 20:30:00+09:00,0.03803,0.03821,0.03789,0.03796,1589305.0
2025-05-06 20:35:00+09:00,0.03795,0.03803,0.03769,0.03774,3545823.0
2025-05-06 20:40:00+09:00,0.03772,0.03783,0.03761,0.03778,3504991.0
2025-05-06 20:45:00+09:00,0.03779,0.03782,0.03735,0.03751,3821432.0
2025-05-06 20:50:00+09:00,0.03751,0.03753,0.03709,0.03723,5053272.0
2025-05-06 20:55:00+09:00,0.03724,0.03728,0.0369,0.03722,6319778.0
2025-05-06 21:00:00+09:00,0.03723,0.03728,0.03697,0.0372,4170871.0
2025-05-06 21:05:00+09:00,0.03719,0.03755,0.03719,0.03744,1897790.0
2025-05-06 21:10:00+09:00,0.03745,0.03751,0.03725,0.03736,955680.0
2025-05-06 21:15:00+09:00,0.03736,0.03748,0.03717,0.03748,1385043.0
2025-05-06 21:20:00+09:00,0.03747,0.03751,0.03687,0.03694,1858276.0
2025-05-06 21:25:00+09:00,0.03696,0.03697,0.03671,0.03696,3436401.0
2025-05-06 21:30:00+09:00,0.03697,0.03733,0.03691,0.03724,1768102.0
2025-05-06 21:35:00+09:00,0.03724,0.03736,0.0371,0.03736,1431238.0
2025-05-06 21:40:00+09:00,0.03734,0.03738,0.03719,0.03726,853959.0
2025-05-06 21:45:00+09:00,0.03725,0.03736,0.03701,0.0373,2090763.0
2025-05-06 21:50:00+09:00,0.03728,0.03749,0.0372,0.03746,1694133.0
2025-05-06 21:55:00+09:00,0.03747,0.0377,0.03747,0.0377,1705125.0
2025-05-06 22:00:00+09:00,0.03767,0.03768,0.03733,0.03745,2255788.0
2025-05-06 22:05:00+09:00,0.03743,0.03746,0.0372,0.03727,866431.0
2025-05-06 22:10:00+09:00,0.03728,0.03747,0.03718,0.0374,861210.0
2025-05-06 22:15:00+09:00,0.03741,0.0376,0.03731,0.03741,1101283.0
2025-05-06 22:20:00+09:00,0.03739,0.03751,0.03728,0.03749,630195.0
2025-05-06 22:25:00+09:00,0.03747,0.0375,0.03719,0.03719,1032839.0
2025-05-06 22:30:00+09:00,0.03719,0.0374,0.03717,0.03719,850784.0
2025-05-06 22:35:00+09:00,0.03724,0.03743,0.03708,0.0374,1207118.0
2025-05-06 22:40:00+09:00,0.03739,0.03753,0.03728,0.0374,1256298.0
2025-05-06 22:45:00+09:00,0.0374,0.03748,0.03713,0.03716,891888.0
2025-05-06 22:50:00+09:00,0.03714,0.03714,0.03644,0.0366,6115826.0
2025-05-06 22:55:00+09:00,0.03658,0.03687,0.03656,0.03674,1882999.0
2025-05-06 23:00:00+09:00,0.03674,0.03744,0.03674,0.03727,4341901.0
2025-05-06 23:05:00+09:00,0.03727,0.03759,0.0372,0.03754,2021278.0
2025-05-06 23:10:00+09:00,0.03754,0.03777,0.03743,0.03748,3392034.0
2025-05-06 23:15:00+09:00,0.03749,0.03799,0.03749,0.03786,2331084.0
2025-05-06 23:20:00+09:00,0.03787,0.03819,0.03785,0.0379,2236094.0
2025-05-06 23:25:00+09:00,0.0379,0.03792,0.03772,0.03783,1518594.0
2025-05-06 23:30:00+09:00,0.03782,0.03796,0.03767,0.03792,1496787.0
2025-05-06 23:35:00+09:00,0.03788,0.03797,0.03774,0.03784,950009.0
2025-05-06 23:40:00+09:00,0.03783,0.03783,0.03767,0.0377,956369.0
2025-05-06 23:45:00+09:00,0.03772,0.03782,0.03758,0.03778,782947.0
2025-05-06 23:50:00+09:00,0.0378,0.0378,0.03729,0.03744,1965330.0
2025-05-06 23:55:00+09:00,0.03745,0.03751,0.03737,0.03742,626822.0
2025-05-07 00:00:00+09:00,0.03742,0.03757,0.03723,0.03731,1046489.0
2025-05-07 00:05:00+09:00,0.0373,0.03734,0.03707,0.03707,1149060.0
2025-05-07 00:10:00+09:00,0.03706,0.03733,0.03704,0.03733,991888.0
2025-05-07 00:15:00+09:00,0.03733,0.03743,0.03709,0.03741,866599.0
2025-05-07 00:20:00+09:00,0.03742,0.03773,0.0374,0.03766,1374542.0
2025-05-07 00:25:00+09:00,0.03766,0.03785,0.03764,0.03771,642453.0
2025-05-07 00:30:00+09:00,0.03771,0.03801,0.03771,0.03797,1353561.0
2025-05-07 00:35:00+09:00,0.03797,0.03801,0.03786,0.03795,816975.0
2025-05-07 00:40:00+09:00,0.03792,0.03795,0.03756,0.03759,1202066.0
2025-05-07 00:45:00+09:00,0.03759,0.03763,0.03748,0.0375,1038275.0
2025-05-07 00:50:00+09:00,0.03753,0.03763,0.03727,0.03727,1019564.0
2025-05-07 00:55:00+09:00,0.0373,0.03743,0.03727,0.03736,942322.0
2025-05-07 01:00:00+09:00,0.03736,0.03736,0.03699,0.03705,2076501.0
2025-05-07 01:05:00+09:00,0.03705,0.03725,0.03671,0.03671,2552419.0
2025-05-07 01:10:00+09:00,0.03671,0.03751,0.03664,0.0375,2847407.0
2025-05-07 01:15:00+09:00,0.0375,0.03756,0.03721,0.03736,2649641.0
2025-05-07 01:20:00+09:00,0.03733,0.03744,0.03695,0.03699,1664884.0
2025-05-07 01:25:00+09:00,0.037,0.03745,0.03697,0.0373,2364616.0
2025-05-07 01:30:00+09:00,0.03729,0.03738,0.03709,0.03732,955675.0
2025-05-07 01:35:00+09:00,0.03731,0.03736,0.03712,0.03719,697361.0
2025-05-07 01:40:00+09:00,0.03717,0.03717,0.03683,0.03692,1517436.0
2025-05-07 01:45:00+09:00,0.03692,0.03712,0.03684,0.03699,1444488.0
2025-05-07 01:50:00+09:00,0.03698,0.03698,0.03678,0.03697,1848734.0
2025-05-07 01:55:00+09:00,0.03698,0.03699,0.03678,0.03685,777538.0
2025-05-07 02:00:00+09:00,0.03683,0.03726,0.03682,0.0369,4688911.0
2025-05-07 02:05:00+09:00,0.0369,0.03738,0.0369,0.03733,2406122.0
2025-05-07 02:10:00+09:00,0.03734,0.03765,0.03729,0.03761,1517164.0
2025-05-07 02:15:00+09:00,0.03761,0.0378,0.03758,0.03777,1057866.0
2025-05-07 02:20:00+09:00,0.03778,0.0379,0.03771,0.03784,956551.0
2025-05-07 02:25:00+09:00,0.03783,0.03791,0.03773,0.03785,681758.0
2025-05-07 02:30:00+09:00,0.03788,0.03803,0.03782,0.03791,898743.0
2025-05-07 02:35:00+09:00,0.03792,0.03806,0.03762,0.03766,1095077.0
2025-05-07 02:40:00+09:00,0.03768,0.03771,0.03731,0.03735,1051131.0
2025-05-07 02:45:00+09:00,0.03735,0.03758,0.03723,0.03758,796684.0
2025-05-07 02:50:00+09:00,0.03758,0.03769,0.03753,0.0376,735796.0
2025-05-07 02:55:00+09:00,0.03761,0.03765,0.03745,0.03751,1118763.0
2025-05-07 03:00:00+09:00,0.03752,0.03757,0.03738,0.03751,702397.0
2025-05-07 03:05:00+09:00,0.03749,0.0378,0.03744,0.03777,578304.0
2025-05-07 03:10:00+09:00,0.03776,0.03779,0.03748,0.03762,777118.0
2025-05-07 03:15:00+09:00,0.03762,0.0378,0.03757,0.03771,1035516.0
2025-05-07 03:20:00+09:00,0.03773,0.03792,0.03767,0.03788,456529.0
2025-05-07 03:25:00+09:00,0.03788,0.03797,0.03781,0.03793,1366104.0
2025-05-07 03:30:00+09:00,0.03792,0.03795,0.03765,0.03769,554984.0
2025-05-07 03:35:00+09:00,0.03768,0.03776,0.03763,0.03768,595790.0
2025-05-07 03:40:00+09:00,0.03768,0.03768,0.03736,0.03736,816140.0
2025-05-07 03:45:00+09:00,0.03736,0.03744,0.03728,0.03739,752552.0
2025-05-07 03:50:00+09:00,0.0374,0.03758,0.03734,0.03755,745671.0
2025-05-07 03:55:00+09:00,0.03758,0.0379,0.03757,0.03786,815020.0
2025-05-07 04:00:00+09:00,0.03786,0.03808,0.03776,0.03777,724529.0
2025-05-07 04:05:00+09:00,0.03778,0.03784,0.03755,0.03755,951874.0
2025-05-07 04:10:00+09:00,0.03756,0.0376,0.03749,0.0376,676234.0
2025-05-07 04:15:00+09:00,0.03759,0.03759,0.03735,0.03737,570283.0
2025-05-07 04:20:00+09:00,0.03738,0.03745,0.03732,0.03743,411737.0
2025-05-07 04:25:00+09:00,0.03745,0.03754,0.03739,0.03748,253500.0
2025-05-07 04:30:00+09:00,0.03748,0.03758,0.03731,0.03757,761802.0
2025-05-07 04:35:00+09:00,0.03756,0.0376,0.03739,0.03742,339726.0
2025-05-07 04:40:00+09:00,0.03743,0.03746,0.03735,0.0374,512109.0
2025-05-07 04:45:00+09:00,0.03743,0.03746,0.03726,0.03728,442310.0
2025-05-07 04:50:00+09:00,0.03729,0.03732,0.03707,0.0371,774560.0
2025-05-07 04:55:00+09:00,0.03708,0.03713,0.03703,0.03707,475159.0
2025-05-07 05:00:00+09:00,0.03707,0.0371,0.03692,0.03704,1142331.0
2025-05-07 05:05:00+09:00,0.03703,0.03716,0.03684,0.03684,1120004.0
2025-05-07 05:10:00+09:00,0.03685,0.03706,0.0368,0.03696,920530.0
2025-05-07 05:15:00+09:00,0.03698,0.03709,0.03692,0.03698,611784.0
2025-05-07 05:20:00+09:00,0.03697,0.03699,0.03668,0.0367,1163306.0
2025-05-07 05:25:00+09:00,0.03671,0.03678,0.03657,0.03662,1181471.0
2025-05-07 05:30:00+09:00,0.03663,0.03663,0.03618,0.03621,4046421.0
2025-05-07 05:35:00+09:00,0.03622,0.03622,0.03595,0.03607,2510064.0
2025-05-07 05:40:00+09:00,0.03607,0.03621,0.03597,0.0362,1285832.0
2025-05-07 05:45:00+09:00,0.03621,0.03631,0.03608,0.03616,2778784.0
2025-05-07 05:50:00+09:00,0.03615,0.03631,0.03611,0.03625,732446.0
2025-05-07 05:55:00+09:00,0.03625,0.0363,0.03616,0.03623,754614.0
2025-05-07 06:00:00+09:00,0.03622,0.0365,0.03622,0.03648,1873269.0
2025-05-07 06:05:00+09:00,0.03648,0.03652,0.0364,0.03641,627756.0
2025-05-07 06:10:00+09:00,0.03643,0.03644,0.03607,0.03615,833697.0
2025-05-07 06:15:00+09:00,0.03614,0.03624,0.03607,0.03624,764994.0
2025-05-07 06:20:00+09:00,0.03625,0.03629,0.03591,0.036,775995.0
2025-05-07 06:25:00+09:00,0.03599,0.03599,0.03515,0.03553,7097372.0
2025-05-07 06:30:00+09:00,0.03554,0.03564,0.03533,0.03537,2154256.0
2025-05-07 06:35:00+09:00,0.03536,0.03552,0.03489,0.03524,5256355.0
2025-05-07 06:40:00+09:00,0.03523,0.03545,0.03521,0.03545,856033.0
2025-05-07 06:45:00+09:00,0.03544,0.03573,0.03543,0.03572,970715.0
2025-05-07 06:50:00+09:00,0.03571,0.03605,0.03568,0.03598,1266306.0
2025-05-07 06:55:00+09:00,0.03599,0.03603,0.03571,0.0359,1598612.0
2025-05-07 07:00:00+09:00,0.0359,0.03677,0.03587,0.03659,3930828.0
2025-05-07 07:05:00+09:00,0.03661,0.03703,0.03661,0.03691,2758459.0
2025-05-07 07:10:00+09:00,0.03691,0.037,0.03664,0.03688,2083135.0
2025-05-07 07:15:00+09:00,0.03688,0.03737,0.03684,0.03736,3517006.0
2025-05-07 07:20:00+09:00,0.03735,0.03753,0.03724,0.03751,4518652.0
2025-05-07 07:25:00+09:00,0.03753,0.0377,0.03744,0.03762,2322893.0
2025-05-07 07:30:00+09:00,0.03764,0.03797,0.03763,0.03777,8420826.0
2025-05-07 07:35:00+09:00,0.03778,0.03794,0.03778,0.03789,1890035.0
2025-05-07 07:40:00+09:00,0.0379,0.03819,0.03784,0.03795,1372265.0
2025-05-07 07:45:00+09:00,0.03796,0.03802,0.03773,0.03783,2076202.0
2025-05-07 07:50:00+09:00,0.03784,0.03792,0.03765,0.0377,1653004.0
2025-05-07 07:55:00+09:00,0.0377,0.03785,0.03763,0.03776,978624.0
2025-05-07 08:00:00+09:00,0.03776,0.03786,0.03767,0.03782,1342592.0
2025-05-07 08:05:00+09:00,0.03781,0.03787,0.03768,0.03778,1458546.0
2025-05-07 08:10:00+09:00,0.03777,0.03781,0.03758,0.03767,823054.0
2025-05-07 08:15:00+09:00,0.03769,0.0379,0.03767,0.0379,456532.0
2025-05-07 08:20:00+09:00,0.03789,0.03804,0.03783,0.03802,861943.0
2025-05-07 08:25:00+09:00,0.03802,0.03812,0.03794,0.03797,925211.0
2025-05-07 08:30:00+09:00,0.03797,0.03797,0.03756,0.03762,934769.0
2025-05-07 08:35:00+09:00,0.03761,0.03781,0.03754,0.03781,426444.0
2025-05-07 08:40:00+09:00,0.03781,0.03781,0.03761,0.03772,537569.0
2025-05-07 08:45:00+09:00,0.03772,0.03779,0.03764,0.03777,525175.0
2025-05-07 08:50:00+09:00,0.03778,0.03789,0.0377,0.03772,523646.0
2025-05-07 08:55:00+09:00,0.03773,0.03778,0.03765,0.03773,327239.0
2025-05-07 09:00:00+09:00,0.03774,0.03795,0.03766,0.03794,1403859.0
2025-05-07 09:05:00+09:00,0.03795,0.03804,0.03775,0.03798,929190.0
2025-05-07 09:10:00+09:00,0.03798,0.03802,0.03779,0.038,1194024.0
2025-05-07 09:15:00+09:00,0.03801,0.03822,0.03801,0.03822,1803446.0
2025-05-07 09:20:00+09:00,0.03823,0.0388,0.0382,0.03862,2368221.0
2025-05-07 09:25:00+09:00,0.03862,0.03871,0.0384,0.03852,1386201.0
2025-05-07 09:30:00+09:00,0.03853,0.03869,0.03845,0.0385,1325179.0
2025-05-07 09:35:00+09:00,0.03851,0.03864,0.03827,0.03827,935967.0
2025-05-07 09:40:00+09:00,0.03827,0.03852,0.03826,0.03852,656146.0
2025-05-07 09:45:00+09:00,0.03853,0.03862,0.03846,0.03851,686524.0
2025-05-07 09:50:00+09:00,0.03852,0.03861,0.03838,0.03841,1626458.0
2025-05-07 09:55:00+09:00,0.03842,0.03852,0.0383,0.03851,957437.0
2025-05-07 10:00:00+09:00,0.03847,0.03919,0.03847,0.03919,4662905.0
2025-05-07 10:05:00+09:00,0.0392,0.04029,0.03889,0.03901,18158205.0
2025-05-07 10:10:00+09:00,0.039,0.03918,0.03889,0.03904,3088325.0
2025-05-07 10:15:00+09:00,0.03903,0.03926,0.03893,0.03924,2741975.0
2025-05-07 10:20:00+09:00,0.03922,0.03932,0.03907,0.03927,2117352.0
2025-05-07 10:25:00+09:00,0.03925,0.03937,0.03922,0.03928,1234362.0
2025-05-07 10:30:00+09:00,0.03929,0.03933,0.03902,0.03929,1548547.0
2025-05-07 10:35:00+09:00,0.03929,0.03939,0.03919,0.03934,924884.0
2025-05-07 10:40:00+09:00,0.03934,0.0394,0.03916,0.03921,803776.0
2025-05-07 10:45:00+09:00,0.03922,0.03962,0.03921,0.03955,1224684.0
2025-05-07 10:50:00+09:00,0.03953,0.03961,0.0394,0.03961,553855.0
2025-05-07 10:55:00+09:00,0.03961,0.03964,0.03932,0.03954,1900012.0
2025-05-07 11:00:00+09:00,0.03955,0.03961,0.03898,0.03902,3146633.0
2025-05-07 11:05:00+09:00,0.03903,0.03913,0.0389,0.03891,1301867.0
2025-05-07 11:10:00+09:00,0.03892,0.03907,0.03876,0.03902,1436897.0
2025-05-07 11:15:00+09:00,0.03901,0.03905,0.03883,0.03905,974312.0
2025-05-07 11:20:00+09:00,0.03906,0.03926,0.03903,0.03916,691472.0
2025-05-07 11:25:00+09:00,0.03917,0.03918,0.03903,0.03904,955773.0
2025-05-07 11:30:00+09:00,0.03906,0.03908,0.03871,0.03884,1030570.0
2025-05-07 11:35:00+09:00,0.03884,0.03885,0.0387,0.03874,1026076.0
2025-05-07 11:40:00+09:00,0.03873,0.03879,0.03852,0.03852,885680.0
2025-05-07 11:45:00+09:00,0.03853,0.03867,0.03853,0.03858,589694.0
2025-05-07 11:50:00+09:00,0.03858,0.03866,0.03834,0.03846,1898432.0
2025-05-07 11:55:00+09:00,0.03849,0.03852,0.03839,0.03847,422083.0
2025-05-07 12:00:00+09:00,0.03848,0.03857,0.03827,0.03839,1151508.0
2025-05-07 12:05:00+09:00,0.0384,0.03848,0.0382,0.03821,1034525.0
2025-05-07 12:10:00+09:00,0.03821,0.03836,0.03819,0.03825,1085947.0
2025-05-07 12:15:00+09:00,0.03825,0.03832,0.03802,0.0381,1474701.0
2025-05-07 12:20:00+09:00,0.0381,0.0381,0.03781,0.03797,1423693.0
2025-05-07 12:25:00+09:00,0.03796,0.03829,0.03793,0.03826,832281.0
2025-05-07 12:30:00+09:00,0.03827,0.03856,0.03825,0.03847,1474674.0
2025-05-07 12:35:00+09:00,0.03846,0.03846,0.03833,0.0384,529455.0
2025-05-07 12:40:00+09:00,0.03842,0.03869,0.03842,0.03868,743544.0
2025-05-07 12:45:00+09:00,0.03868,0.03874,0.03858,0.03863,648438.0
2025-05-07 12:50:00+09:00,0.03862,0.03893,0.03862,0.03878,730566.0
2025-05-07 12:55:00+09:00,0.03878,0.03882,0.03862,0.03871,400959.0
2025-05-07 13:00:00+09:00,0.0387,0.03891,0.03869,0.03886,924907.0
2025-05-07 13:05:00+09:00,0.03886,0.03888,0.03857,0.03862,613913.0
2025-05-07 13:10:00+09:00,0.03862,0.03886,0.03862,0.03876,723894.0
2025-05-07 13:15:00+09:00,0.03877,0.03882,0.03869,0.03882,753545.0
2025-05-07 13:20:00+09:00,0.0388,0.03884,0.03866,0.0387,3121504.0
2025-05-07 13:25:00+09:00,0.0387,0.0387,0.03845,0.03845,825313.0
2025-05-07 13:30:00+09:00,0.03845,0.03846,0.03832,0.03839,1165567.0
2025-05-07 13:35:00+09:00,0.0384,0.03861,0.03835,0.03856,539996.0
2025-05-07 13:40:00+09:00,0.03857,0.03863,0.03851,0.03861,412904.0
2025-05-07 13:45:00+09:00,0.03861,0.03861,0.03832,0.03836,783418.0
2025-05-07 13:50:00+09:00,0.03835,0.03854,0.0383,0.03852,400440.0
2025-05-07 13:55:00+09:00,0.03853,0.03853,0.03829,0.03831,558307.0
2025-05-07 14:00:00+09:00,0.0383,0.03837,0.03821,0.03837,433572.0
2025-05-07 14:05:00+09:00,0.03835,0.0384,0.03819,0.0384,615758.0
2025-05-07 14:10:00+09:00,0.03841,0.0385,0.03825,0.03826,877243.0
2025-05-07 14:15:00+09:00,0.03826,0.03826,0.03786,0.03804,5414561.0
2025-05-07 14:20:00+09:00,0.03805,0.03829,0.03805,0.03829,1005909.0
2025-05-07 14:25:00+09:00,0.03829,0.03833,0.03818,0.03818,528859.0
2025-05-07 14:30:00+09:00,0.03817,0.03833,0.03804,0.03807,868094.0
2025-05-07 14:35:00+09:00,0.0381,0.0381,0.03792,0.03797,604613.0
2025-05-07 14:40:00+09:00,0.03798,0.03809,0.03789,0.03791,550049.0
2025-05-07 14:45:00+09:00,0.0379,0.03797,0.03778,0.03791,474862.0
2025-05-07 14:50:00+09:00,0.0379,0.03796,0.03774,0.03785,1524496.0
2025-05-07 14:55:00+09:00,0.03788,0.03794,0.03788,0.03794,404066.0
2025-05-07 15:00:00+09:00,0.03791,0.03794,0.03765,0.0378,2028063.0
2025-05-07 15:05:00+09:00,0.03782,0.03793,0.03774,0.03783,617094.0
2025-05-07 15:10:00+09:00,0.03785,0.03813,0.03785,0.03811,553075.0
2025-05-07 15:15:00+09:00,0.0381,0.03813,0.03791,0.03793,316270.0
2025-05-07 15:20:00+09:00,0.03794,0.03794,0.03768,0.03772,539834.0
2025-05-07 15:25:00+09:00,0.03773,0.03784,0.03761,0.0377,403590.0
2025-05-07 15:30:00+09:00,0.03769,0.03774,0.03756,0.0376,961175.0
2025-05-07 15:35:00+09:00,0.0376,0.03778,0.0376,0.03775,585073.0
2025-05-07 15:40:00+09:00,0.03775,0.0379,0.03766,0.03766,589291.0
2025-05-07 15:45:00+09:00,0.03765,0.03781,0.03752,0.0378,2086902.0
2025-05-07 15:50:00+09:00,0.0378,0.03798,0.03778,0.03797,274669.0
2025-05-07 15:55:00+09:00,0.03797,0.038,0.03789,0.0379,465360.0
2025-05-07 16:00:00+09:00,0.0379,0.03808,0.03788,0.03807,416590.0
2025-05-07 16:05:00+09:00,0.03806,0.0383,0.03806,0.0383,731739.0
2025-05-07 16:10:00+09:00,0.0383,0.03845,0.03828,0.0384,1365207.0
2025-05-07 16:15:00+09:00,0.03841,0.03841,0.03819,0.03828,892174.0
2025-05-07 16:20:00+09:00,0.03829,0.0385,0.03829,0.03842,611044.0
2025-05-07 16:25:00+09:00,0.03843,0.03858,0.03837,0.03856,477433.0
2025-05-07 16:30:00+09:00,0.03857,0.03871,0.03855,0.03869,745341.0
2025-05-07 16:35:00+09:00,0.03869,0.03875,0.03859,0.03869,965157.0
2025-05-07 16:40:00+09:00,0.03869,0.03883,0.03868,0.03876,544666.0
2025-05-07 16:45:00+09:00,0.03878,0.03889,0.03876,0.0388,309410.0
2025-05-07 16:50:00+09:00,0.03881,0.03886,0.03869,0.03879,938402.0
2025-05-07 16:55:00+09:00,0.03879,0.03885,0.03874,0.0388,479218.0
2025-05-07 17:00:00+09:00,0.03879,0.03879,0.03837,0.03841,2419643.0
2025-05-07 17:05:00+09:00,0.03841,0.03869,0.03841,0.03859,547536.0
2025-05-07 17:10:00+09:00,0.0386,0.03863,0.03844,0.03848,565282.0
2025-05-07 17:15:00+09:00,0.0385,0.03864,0.03846,0.03862,437840.0
2025-05-07 17:20:00+09:00,0.03863,0.03877,0.0386,0.03876,397216.0
2025-05-07 17:25:00+09:00,0.03876,0.03885,0.0387,0.0387,1116117.0
2025-05-07 17:30:00+09:00,0.03872,0.03878,0.03863,0.0387,825407.0
2025-05-07 17:35:00+09:00,0.03869,0.03882,0.03855,0.03878,585925.0
2025-05-07 17:40:00+09:00,0.03877,0.03907,0.03877,0.03907,813788.0
2025-05-07 17:45:00+09:00,0.03904,0.03913,0.03888,0.03891,1162211.0
2025-05-07 17:50:00+09:00,0.03891,0.039,0.03887,0.039,353315.0
2025-05-07 17:55:00+09:00,0.03899,0.03902,0.0389,0.03894,428071.0
2025-05-07 18:00:00+09:00,0.03893,0.03906,0.03886,0.03897,2605335.0
2025-05-07 18:05:00+09:00,0.03897,0.03905,0.03885,0.03885,300006.0
2025-05-07 18:10:00+09:00,0.03884,0.039,0.03882,0.03895,639267.0
2025-05-07 18:15:00+09:00,0.03895,0.039,0.03879,0.03888,817421.0
2025-05-07 18:20:00+09:00,0.03888,0.03897,0.03874,0.0388,736571.0
2025-05-07 18:25:00+09:00,0.03881,0.03886,0.03874,0.03881,508655.0
2025-05-07 18:30:00+09:00,0.03881,0.03886,0.03863,0.03867,830860.0
2025-05-07 18:35:00+09:00,0.03867,0.03885,0.03867,0.03883,796717.0
2025-05-07 18:40:00+09:00,0.03882,0.03903,0.03878,0.03892,828342.0
2025-05-07 18:45:00+09:00,0.03892,0.03905,0.03888,0.03889,593821.0
2025-05-07 18:50:00+09:00,0.03888,0.03896,0.0388,0.03886,332154.0
2025-05-07 18:55:00+09:00,0.03886,0.03893,0.03882,0.03883,251273.0
2025-05-07 19:00:00+09:00,0.03884,0.03885,0.03866,0.03867,683833.0
2025-05-07 19:05:00+09:00,0.03867,0.0388,0.03851,0.03867,951947.0
2025-05-07 19:10:00+09:00,0.03868,0.03886,0.03866,0.03879,573502.0
2025-05-07 19:15:00+09:00,0.03881,0.03882,0.0386,0.03864,653505.0
2025-05-07 19:20:00+09:00,0.03866,0.03881,0.03866,0.03877,715091.0
2025-05-07 19:25:00+09:00,0.03877,0.03877,0.03852,0.03857,3210108.0
2025-05-07 19:30:00+09:00,0.03856,0.03866,0.03839,0.03855,835470.0
2025-05-07 19:35:00+09:00,0.03857,0.03867,0.03856,0.03865,367032.0
2025-05-07 19:40:00+09:00,0.03864,0.03884,0.03864,0.03883,509167.0
2025-05-07 19:45:00+09:00,0.03883,0.03883,0.03865,0.03868,273374.0
2025-05-07 19:50:00+09:00,0.03869,0.03878,0.03868,0.03869,217152.0
2025-05-07 19:55:00+09:00,0.03869,0.03873,0.03853,0.03859,401240.0
2025-05-07 20:00:00+09:00,0.03858,0.03861,0.03829,0.03848,1606323.0
2025-05-07 20:05:00+09:00,0.03848,0.03854,0.03843,0.0385,301755.0
2025-05-07 20:10:00+09:00,0.03853,0.03854,0.0384,0.03846,405702.0
2025-05-07 20:15:00+09:00,0.03845,0.03845,0.03832,0.03843,435141.0
2025-05-07 20:20:00+09:00,0.03841,0.03852,0.0384,0.03846,463274.0
2025-05-07 20:25:00+09:00,0.03847,0.03847,0.03838,0.03843,221240.0
2025-05-07 20:30:00+09:00,0.03843,0.03877,0.03842,0.03871,840038.0
2025-05-07 20:35:00+09:00,0.03872,0.03877,0.03848,0.03867,4201909.0
2025-05-07 20:40:00+09:00,0.03867,0.03906,0.03867,0.03905,2229199.0
2025-05-07 20:45:00+09:00,0.03907,0.0391,0.03894,0.03908,754516.0
2025-05-07 20:50:00+09:00,0.03906,0.03914,0.03897,0.03902,1260881.0
2025-05-07 20:55:00+09:00,0.039,0.03902,0.03891,0.03897,697296.0
2025-05-07 21:00:00+09:00,0.03899,0.039,0.03876,0.03881,916432.0
2025-05-07 21:05:00+09:00,0.03882,0.03883,0.03864,0.03867,1466934.0
2025-05-07 21:10:00+09:00,0.03867,0.03882,0.03866,0.03868,2150356.0
2025-05-07 21:15:00+09:00,0.03867,0.03874,0.03854,0.03874,3336383.0
2025-05-07 21:20:00+09:00,0.03872,0.03884,0.03861,0.03861,614905.0
2025-05-07 21:25:00+09:00,0.03862,0.03869,0.03855,0.03865,281165.0
2025-05-07 21:30:00+09:00,0.03866,0.03867,0.03836,0.03842,1001847.0
2025-05-07 21:35:00+09:00,0.03841,0.0385,0.03837,0.0384,598321.0
2025-05-07 21:40:00+09:00,0.03837,0.03843,0.03822,0.03832,2304238.0
2025-05-07 21:45:00+09:00,0.0383,0.03841,0.03824,0.03831,517172.0
2025-05-07 21:50:00+09:00,0.03833,0.03844,0.03829,0.03837,937943.0
2025-05-07 21:55:00+09:00,0.03836,0.03858,0.03836,0.0385,1497910.0
2025-05-07 22:00:00+09:00,0.0385,0.03852,0.03834,0.03842,1265927.0
2025-05-07 22:05:00+09:00,0.03844,0.03845,0.03816,0.0382,796780.0
2025-05-07 22:10:00+09:00,0.03818,0.03819,0.03796,0.03807,2310708.0
2025-05-07 22:15:00+09:00,0.03807,0.03808,0.03787,0.03794,2180371.0
2025-05-07 22:20:00+09:00,0.03795,0.03802,0.03787,0.03797,348839.0
2025-05-07 22:25:00+09:00,0.03795,0.03805,0.03788,0.03805,454367.0
2025-05-07 22:30:00+09:00,0.03806,0.03832,0.03801,0.03826,805919.0
2025-05-07 22:35:00+09:00,0.03824,0.0385,0.0381,0.03847,837222.0
2025-05-07 22:40:00+09:00,0.03846,0.03878,0.03844,0.03869,2944763.0
2025-05-07 22:45:00+09:00,0.03869,0.03869,0.03822,0.03829,1778582.0
2025-05-07 22:50:00+09:00,0.03828,0.0385,0.03826,0.0385,495290.0
2025-05-07 22:55:00+09:00,0.03848,0.03853,0.03839,0.0384,292251.0
2025-05-07 23:00:00+09:00,0.03839,0.03841,0.03829,0.03835,357185.0
2025-05-07 23:05:00+09:00,0.03836,0.03869,0.03831,0.03845,3505821.0
2025-05-07 23:10:00+09:00,0.03843,0.03854,0.0384,0.03844,849684.0
2025-05-07 23:15:00+09:00,0.03845,0.03852,0.03827,0.03844,363964.0
2025-05-07 23:20:00+09:00,0.03845,0.03872,0.03841,0.03871,429643.0
2025-05-07 23:25:00+09:00,0.03872,0.03873,0.03861,0.03864,591408.0
2025-05-07 23:30:00+09:00,0.03865,0.03866,0.03843,0.03849,407766.0
2025-05-07 23:35:00+09:00,0.0385,0.0385,0.03835,0.03835,218354.0
2025-05-07 23:40:00+09:00,0.03834,0.03836,0.03824,0.03824,475859.0
2025-05-07 23:45:00+09:00,0.03823,0.03823,0.03794,0.03794,862959.0
2025-05-07 23:50:00+09:00,0.03794,0.03795,0.03775,0.03788,1750522.0
2025-05-07 23:55:00+09:00,0.03788,0.03809,0.03787,0.03808,2356362.0
2025-05-08 00:00:00+09:00,0.03806,0.0381,0.03782,0.03789,1275378.0
2025-05-08 00:05:00+09:00,0.03789,0.03789,0.03765,0.03777,2339989.0
2025-05-08 00:10:00+09:00,0.03778,0.03796,0.03765,0.0377,969147.0
2025-05-08 00:15:00+09:00,0.0377,0.03782,0.03769,0.0378,950206.0
2025-05-08 00:20:00+09:00,0.03779,0.03788,0.03771,0.0378,1137944.0
2025-05-08 00:25:00+09:00,0.03781,0.03783,0.03736,0.03746,4773552.0
2025-05-08 00:30:00+09:00,0.03746,0.03749,0.03725,0.03725,1852699.0
2025-05-08 00:35:00+09:00,0.03727,0.03738,0.03708,0.03734,1504193.0
2025-05-08 00:40:00+09:00,0.03735,0.03768,0.03735,0.03766,2247766.0
2025-05-08 00:45:00+09:00,0.03765,0.03768,0.03741,0.03741,1011078.0
2025-05-08 00:50:00+09:00,0.0374,0.03759,0.03738,0.03748,1646283.0
2025-05-08 00:55:00+09:00,0.03749,0.03758,0.03743,0.03745,1012867.0
2025-05-08 01:00:00+09:00,0.03747,0.03748,0.03714,0.03716,2064006.0
2025-05-08 01:05:00+09:00,0.03715,0.03715,0.03693,0.03709,2226547.0
2025-05-08 01:10:00+09:00,0.03711,0.0373,0.03704,0.03714,2681343.0
2025-05-08 01:15:00+09:00,0.03713,0.03713,0.03691,0.03707,780488.0
2025-05-08 01:20:00+09:00,0.03708,0.03708,0.03687,0.03693,1093514.0
2025-05-08 01:25:00+09:00,0.03692,0.03698,0.0367,0.03675,1307610.0
2025-05-08 01:30:00+09:00,0.03673,0.03683,0.03659,0.03679,1284327.0
2025-05-08 01:35:00+09:00,0.03681,0.03682,0.03647,0.03667,1626284.0
2025-05-08 01:40:00+09:00,0.03668,0.03677,0.03662,0.03672,1160476.0
2025-05-08 01:45:00+09:00,0.03673,0.03711,0.03663,0.037,1287181.0
2025-05-08 01:50:00+09:00,0.03701,0.03717,0.03698,0.03709,1593754.0
2025-05-08 01:55:00+09:00,0.03711,0.03716,0.03706,0.03714,692580.0
2025-05-08 02:00:00+09:00,0.03711,0.03725,0.03702,0.03704,1127869.0
2025-05-08 02:05:00+09:00,0.03703,0.03707,0.03674,0.03674,1369728.0
2025-05-08 02:10:00+09:00,0.03677,0.03688,0.03669,0.03686,417655.0
2025-05-08 02:15:00+09:00,0.03687,0.03703,0.03676,0.03681,1227637.0
2025-05-08 02:20:00+09:00,0.0368,0.0371,0.03676,0.0371,757802.0
2025-05-08 02:25:00+09:00,0.0371,0.03713,0.03697,0.03697,494678.0
2025-05-08 02:30:00+09:00,0.03697,0.03708,0.03692,0.03693,954124.0
2025-05-08 02:35:00+09:00,0.03692,0.03692,0.03673,0.03684,1122206.0
2025-05-08 02:40:00+09:00,0.03684,0.03692,0.03673,0.03688,593224.0
2025-05-08 02:45:00+09:00,0.03689,0.03727,0.03688,0.03718,1755207.0
2025-05-08 02:50:00+09:00,0.03719,0.03728,0.03677,0.03711,1506019.0
2025-05-08 02:55:00+09:00,0.03709,0.03744,0.03692,0.03744,777254.0
2025-05-08 03:00:00+09:00,0.03743,0.03828,0.03722,0.03817,10618085.0
2025-05-08 03:05:00+09:00,0.03814,0.03814,0.03728,0.03746,4493336.0
2025-05-08 03:10:00+09:00,0.03744,0.03784,0.03738,0.0378,6783646.0
2025-05-08 03:15:00+09:00,0.03775,0.03832,0.0377,0.03828,2395670.0
2025-05-08 03:20:00+09:00,0.03826,0.0388,0.03826,0.03845,3167620.0
2025-05-08 03:25:00+09:00,0.03846,0.03874,0.03845,0.03867,2101415.0
2025-05-08 03:30:00+09:00,0.03867,0.03916,0.03857,0.03903,6441520.0
2025-05-08 03:35:00+09:00,0.03902,0.03907,0.03848,0.03858,6858612.0
2025-05-08 03:40:00+09:00,0.03858,0.03875,0.0383,0.03836,2204177.0
2025-05-08 03:45:00+09:00,0.03837,0.0384,0.03799,0.03811,1177716.0
2025-05-08 03:50:00+09:00,0.03812,0.03822,0.03797,0.03814,1497839.0
2025-05-08 03:55:00+09:00,0.03815,0.0385,0.03814,0.03838,970667.0
2025-05-08 04:00:00+09:00,0.03838,0.03843,0.0381,0.03822,1445929.0
2025-05-08 04:05:00+09:00,0.03822,0.03828,0.03807,0.03825,970711.0
2025-05-08 04:10:00+09:00,0.03824,0.03824,0.03806,0.03809,764984.0
2025-05-08 04:15:00+09:00,0.03808,0.03817,0.03795,0.03814,4248612.0
2025-05-08 04:20:00+09:00,0.03814,0.03818,0.03757,0.03761,1723821.0
2025-05-08 04:25:00+09:00,0.0376,0.03761,0.03735,0.03741,1643707.0
2025-05-08 04:30:00+09:00,0.0374,0.03765,0.03735,0.03742,868416.0
2025-05-08 04:35:00+09:00,0.03743,0.0377,0.03742,0.03765,465911.0
2025-05-08 04:40:00+09:00,0.03765,0.03829,0.03758,0.03808,4610872.0
2025-05-08 04:45:00+09:00,0.03809,0.03816,0.03781,0.03785,1191298.0
2025-05-08 04:50:00+09:00,0.03785,0.03797,0.03769,0.03793,1022062.0
2025-05-08 04:55:00+09:00,0.03793,0.03816,0.03788,0.03815,682621.0
2025-05-08 05:00:00+09:00,0.03815,0.03817,0.03781,0.03807,2195305.0
2025-05-08 05:05:00+09:00,0.03808,0.03819,0.038,0.03815,774726.0
2025-05-08 05:10:00+09:00,0.03815,0.03841,0.03814,0.03818,890358.0
2025-05-08 05:15:00+09:00,0.03818,0.03835,0.03803,0.03811,1229308.0
2025-05-08 05:20:00+09:00,0.03811,0.03828,0.03808,0.03826,651750.0
2025-05-08 05:25:00+09:00,0.03827,0.03834,0.03814,0.03821,451222.0
2025-05-08 05:30:00+09:00,0.03821,0.03822,0.03804,0.03817,725706.0
2025-05-08 05:35:00+09:00,0.03818,0.03825,0.03803,0.03806,674200.0
2025-05-08 05:40:00+09:00,0.03806,0.0381,0.03794,0.03806,1141495.0
2025-05-08 05:45:00+09:00,0.03807,0.0382,0.03794,0.03816,670961.0
2025-05-08 05:50:00+09:00,0.03816,0.03818,0.03796,0.03816,443898.0
2025-05-08 05:55:00+09:00,0.03815,0.03855,0.03815,0.03855,870784.0
2025-05-08 06:00:00+09:00,0.03855,0.03862,0.0384,0.03842,1124182.0
2025-05-08 06:05:00+09:00,0.03842,0.0386,0.0383,0.03857,408125.0
2025-05-08 06:10:00+09:00,0.03857,0.03898,0.03854,0.03872,3209074.0
2025-05-08 06:15:00+09:00,0.03872,0.03908,0.03866,0.03898,1289264.0
2025-05-08 06:20:00+09:00,0.03898,0.03913,0.03884,0.03907,2285371.0
2025-05-08 06:25:00+09:00,0.0391,0.03947,0.03901,0.03944,994891.0
2025-05-08 06:30:00+09:00,0.03942,0.03956,0.03924,0.03946,2463264.0
2025-05-08 06:35:00+09:00,0.03947,0.03971,0.03923,0.03927,2556054.0
2025-05-08 06:40:00+09:00,0.03928,0.03949,0.03927,0.03945,691851.0
2025-05-08 06:45:00+09:00,0.03946,0.03951,0.03936,0.03951,411252.0
2025-05-08 06:50:00+09:00,0.03952,0.03958,0.03918,0.03939,3308906.0
2025-05-08 06:55:00+09:00,0.0394,0.03966,0.0394,0.03964,736749.0
2025-05-08 07:00:00+09:00,0.03963,0.03977,0.03941,0.03967,1374679.0
2025-05-08 07:05:00+09:00,0.03964,0.03998,0.03961,0.03989,1383815.0
2025-05-08 07:10:00+09:00,0.03991,0.03997,0.03971,0.03973,2019536.0
2025-05-08 07:15:00+09:00,0.03973,0.03981,0.03962,0.03965,1196076.0
2025-05-08 07:20:00+09:00,0.03965,0.03968,0.03945,0.0395,1174493.0
2025-05-08 07:25:00+09:00,0.0395,0.0398,0.0395,0.03979,629767.0
2025-05-08 07:30:00+09:00,0.03979,0.04013,0.03978,0.03999,950524.0
2025-05-08 07:35:00+09:00,0.03999,0.04023,0.03999,0.04018,880204.0
2025-05-08 07:40:00+09:00,0.04016,0.04021,0.04002,0.04009,844959.0
2025-05-08 07:45:00+09:00,0.0401,0.04011,0.03989,0.03992,757860.0
2025-05-08 07:50:00+09:00,0.03992,0.04001,0.03985,0.03996,832826.0
2025-05-08 07:55:00+09:00,0.03997,0.03999,0.03977,0.0398,550249.0
2025-05-08 08:00:00+09:00,0.0398,0.0399,0.03965,0.03987,1147539.0
2025-05-08 08:05:00+09:00,0.03987,0.03992,0.03979,0.03987,1137516.0
2025-05-08 08:10:00+09:00,0.03986,0.03994,0.03962,0.03983,1185912.0
2025-05-08 08:15:00+09:00,0.03982,0.03982,0.03965,0.03969,528462.0
2025-05-08 08:20:00+09:00,0.0397,0.03977,0.03964,0.0397,668544.0
2025-05-08 08:25:00+09:00,0.03969,0.03979,0.03961,0.03961,558188.0
2025-05-08 08:30:00+09:00,0.03962,0.0397,0.03942,0.03947,820792.0
2025-05-08 08:35:00+09:00,0.03945,0.03965,0.0394,0.03955,586548.0
2025-05-08 08:40:00+09:00,0.03954,0.03962,0.03948,0.03962,588590.0
2025-05-08 08:45:00+09:00,0.03961,0.0398,0.03957,0.03976,1284405.0
2025-05-08 08:50:00+09:00,0.03975,0.03984,0.0396,0.03964,1089522.0
2025-05-08 08:55:00+09:00,0.03963,0.03967,0.03952,0.03963,665828.0
2025-05-08 09:00:00+09:00,0.03963,0.03971,0.03952,0.03961,1377782.0
2025-05-08 09:05:00+09:00,0.03963,0.03999,0.03963,0.03999,1038881.0
2025-05-08 09:10:00+09:00,0.03998,0.04018,0.03996,0.04015,2391080.0
2025-05-08 09:15:00+09:00,0.04014,0.04034,0.04007,0.04027,1000178.0
2025-05-08 09:20:00+09:00,0.04027,0.04043,0.04017,0.04035,1281909.0
2025-05-08 09:25:00+09:00,0.04037,0.04044,0.04014,0.04025,1588458.0
2025-05-08 09:30:00+09:00,0.04025,0.04039,0.04013,0.04015,1385200.0
2025-05-08 09:35:00+09:00,0.04015,0.04046,0.04008,0.04043,2002635.0
2025-05-08 09:40:00+09:00,0.04042,0.04052,0.04014,0.04016,2241908.0
2025-05-08 09:45:00+09:00,0.04016,0.04022,0.03988,0.04017,1627276.0
2025-05-08 09:50:00+09:00,0.04014,0.04046,0.04008,0.04041,2410907.0
2025-05-08 09:55:00+09:00,0.04042,0.04112,0.04039,0.04104,6459292.0
2025-05-08 10:00:00+09:00,0.04103,0.04174,0.04098,0.0414,7692451.0
2025-05-08 10:05:00+09:00,0.04138,0.04155,0.04113,0.04126,4188902.0
2025-05-08 10:10:00+09:00,0.04127,0.04133,0.041,0.04127,1401726.0
2025-05-08 10:15:00+09:00,0.04125,0.04126,0.04087,0.04113,2760238.0
2025-05-08 10:20:00+09:00,0.04115,0.0415,0.04112,0.04112,2679279.0
2025-05-08 10:25:00+09:00,0.04111,0.04137,0.04102,0.04121,1817710.0
2025-05-08 10:30:00+09:00,0.0412,0.04138,0.04104,0.0411,1946538.0
2025-05-08 10:35:00+09:00,0.04112,0.04121,0.04098,0.04106,2049482.0
2025-05-08 10:40:00+09:00,0.04106,0.04108,0.04078,0.04103,1543172.0
2025-05-08 10:45:00+09:00,0.04101,0.04114,0.04076,0.04084,1404908.0
2025-05-08 10:50:00+09:00,0.04083,0.04083,0.04053,0.04065,814655.0
2025-05-08 10:55:00+09:00,0.04067,0.04082,0.04064,0.04074,775740.0
2025-05-08 11:00:00+09:00,0.04074,0.04085,0.04063,0.04068,1010953.0
2025-05-08 11:05:00+09:00,0.04068,0.04086,0.04068,0.04077,871121.0
2025-05-08 11:10:00+09:00,0.04076,0.04128,0.04076,0.04124,3201623.0
2025-05-08 11:15:00+09:00,0.04123,0.04135,0.04115,0.04115,1131482.0
2025-05-08 11:20:00+09:00,0.04115,0.04137,0.04103,0.04137,1310326.0
2025-05-08 11:25:00+09:00,0.04136,0.04173,0.04134,0.0417,1580987.0
2025-05-08 11:30:00+09:00,0.0417,0.04198,0.0417,0.04187,1597027.0
2025-05-08 11:35:00+09:00,0.04184,0.04198,0.04178,0.04186,2060102.0
2025-05-08 11:40:00+09:00,0.04188,0.04229,0.04186,0.04219,2464227.0
2025-05-08 11:45:00+09:00,0.04221,0.04237,0.04209,0.04234,1655966.0
2025-05-08 11:50:00+09:00,0.04234,0.04256,0.04221,0.04237,3821231.0
2025-05-08 11:55:00+09:00,0.04237,0.04238,0.04197,0.04202,1908903.0
2025-05-08 12:00:00+09:00,0.04203,0.04216,0.04177,0.04216,2612164.0
2025-05-08 12:05:00+09:00,0.04214,0.0425,0.04214,0.04238,2195175.0
2025-05-08 12:10:00+09:00,0.04236,0.0425,0.04209,0.0424,2389090.0
2025-05-08 12:15:00+09:00,0.04238,0.04257,0.04223,0.04244,1660663.0
2025-05-08 12:20:00+09:00,0.04243,0.04247,0.04215,0.04234,1381879.0
2025-05-08 12:25:00+09:00,0.04232,0.0424,0.04214,0.04235,1520312.0
2025-05-08 12:30:00+09:00,0.04235,0.04246,0.04218,0.04225,2026486.0
2025-05-08 12:35:00+09:00,0.04227,0.04266,0.04227,0.04247,1173870.0
2025-05-08 12:40:00+09:00,0.04247,0.04292,0.04227,0.04288,3190225.0
2025-05-08 12:45:00+09:00,0.04286,0.04303,0.04262,0.04278,1981243.0
2025-05-08 12:50:00+09:00,0.0428,0.0428,0.04253,0.04267,1899962.0
2025-05-08 12:55:00+09:00,0.04269,0.04287,0.04263,0.04281,896197.0
2025-05-08 13:00:00+09:00,0.0428,0.04297,0.04248,0.04271,2257609.0
2025-05-08 13:05:00+09:00,0.04272,0.04307,0.04271,0.04271,2040639.0
2025-05-08 13:10:00+09:00,0.04272,0.0429,0.0426,0.04275,2186716.0
2025-05-08 13:15:00+09:00,0.04277,0.04326,0.04277,0.04321,2971156.0
2025-05-08 13:20:00+09:00,0.04319,0.04328,0.0429,0.04299,2273028.0
2025-05-08 13:25:00+09:00,0.04299,0.04324,0.04283,0.04309,3411409.0
2025-05-08 13:30:00+09:00,0.04312,0.0433,0.04295,0.04323,4116570.0
2025-05-08 13:35:00+09:00,0.04322,0.04331,0.04294,0.04296,1854911.0
2025-05-08 13:40:00+09:00,0.04295,0.04302,0.04281,0.04284,1580931.0
2025-05-08 13:45:00+09:00,0.04285,0.04292,0.04263,0.04269,1000020.0
2025-05-08 13:50:00+09:00,0.04271,0.0428,0.04266,0.04271,1737415.0
2025-05-08 13:55:00+09:00,0.04271,0.0428,0.04255,0.04271,2310729.0
2025-05-08 14:00:00+09:00,0.04271,0.04337,0.04271,0.04329,4692108.0
2025-05-08 14:05:00+09:00,0.0433,0.04342,0.04317,0.04318,2101099.0
2025-05-08 14:10:00+09:00,0.04319,0.04327,0.04307,0.0432,1205242.0
2025-05-08 14:15:00+09:00,0.0432,0.04328,0.04299,0.04304,1213833.0
2025-05-08 14:20:00+09:00,0.04306,0.04315,0.04295,0.04299,1122251.0
2025-05-08 14:25:00+09:00,0.04299,0.04335,0.04286,0.04335,1588172.0
2025-05-08 14:30:00+09:00,0.04334,0.04358,0.04332,0.04346,2574203.0
2025-05-08 14:35:00+09:00,0.04345,0.04357,0.04336,0.0435,1347943.0
2025-05-08 14:40:00+09:00,0.0435,0.0435,0.04332,0.04349,1549161.0
2025-05-08 14:45:00+09:00,0.0435,0.04372,0.04349,0.04371,2004831.0
2025-05-08 14:50:00+09:00,0.04371,0.04379,0.04356,0.04365,2965030.0
2025-05-08 14:55:00+09:00,0.04365,0.0438,0.04363,0.04363,958246.0
2025-05-08 15:00:00+09:00,0.04363,0.04403,0.0436,0.04384,2466687.0
2025-05-08 15:05:00+09:00,0.04384,0.04406,0.04374,0.044,2039334.0
2025-05-08 15:10:00+09:00,0.04399,0.04407,0.04385,0.04402,2150129.0
2025-05-08 15:15:00+09:00,0.04402,0.04416,0.04396,0.04409,2777773.0
2025-05-08 15:20:00+09:00,0.04408,0.04431,0.04405,0.04412,1998728.0
2025-05-08 15:25:00+09:00,0.0441,0.0441,0.04386,0.0439,1965590.0
2025-05-08 15:30:00+09:00,0.04393,0.04421,0.04393,0.04419,1346957.0
2025-05-08 15:35:00+09:00,0.0442,0.04438,0.04402,0.0442,2839727.0
2025-05-08 15:40:00+09:00,0.04416,0.04419,0.04391,0.04411,2090758.0
2025-05-08 15:45:00+09:00,0.04412,0.04412,0.04376,0.04397,2896973.0
2025-05-08 15:50:00+09:00,0.04396,0.04431,0.04396,0.04428,1920984.0
2025-05-08 15:55:00+09:00,0.04429,0.04473,0.04423,0.04467,3991322.0
2025-05-08 16:00:00+09:00,0.04466,0.04518,0.04445,0.0449,9349408.0
2025-05-08 16:05:00+09:00,0.04485,0.04518,0.04472,0.04512,3833787.0
2025-05-08 16:10:00+09:00,0.04509,0.0454,0.04508,0.0453,5388264.0
2025-05-08 16:15:00+09:00,0.04531,0.04558,0.04513,0.04552,10440242.0
2025-05-08 16:20:00+09:00,0.04554,0.04566,0.04532,0.04533,5225304.0
2025-05-08 16:25:00+09:00,0.04535,0.04535,0.04495,0.04524,5320742.0
2025-05-08 16:30:00+09:00,0.04523,0.04579,0.04511,0.04572,8437449.0
2025-05-08 16:35:00+09:00,0.04571,0.04571,0.04527,0.04542,4476412.0
2025-05-08 16:40:00+09:00,0.04543,0.04558,0.04519,0.04536,2366260.0
2025-05-08 16:45:00+09:00,0.04535,0.04539,0.04508,0.04515,4597038.0
2025-05-08 16:50:00+09:00,0.04517,0.04535,0.04508,0.04527,4685415.0
2025-05-08 16:55:00+09:00,0.04528,0.04542,0.04516,0.04523,3620951.0
2025-05-08 17:00:00+09:00,0.04523,0.04562,0.0451,0.04562,3512032.0
2025-05-08 17:05:00+09:00,0.0456,0.04579,0.04526,0.04536,7103544.0
2025-05-08 17:10:00+09:00,0.04536,0.04557,0.04517,0.04543,5092440.0
2025-05-08 17:15:00+09:00,0.04544,0.04575,0.04528,0.04545,7464079.0
2025-05-08 17:20:00+09:00,0.04544,0.0455,0.0451,0.04515,2696131.0
2025-05-08 17:25:00+09:00,0.04516,0.0452,0.04456,0.04459,11499547.0
2025-05-08 17:30:00+09:00,0.0446,0.04507,0.0446,0.04502,4491034.0
2025-05-08 17:35:00+09:00,0.04504,0.04548,0.045,0.04546,2492101.0
2025-05-08 17:40:00+09:00,0.04545,0.04625,0.04541,0.0462,10384632.0
2025-05-08 17:45:00+09:00,0.0462,0.04759,0.04601,0.04688,29389450.0
2025-05-08 17:50:00+09:00,0.04689,0.04711,0.04668,0.04677,10752419.0
2025-05-08 17:55:00+09:00,0.04679,0.04694,0.04629,0.04638,9359305.0
2025-05-08 18:00:00+09:00,0.04641,0.04685,0.04611,0.04611,7064772.0
2025-05-08 18:05:00+09:00,0.04609,0.04673,0.04596,0.04666,9968753.0
2025-05-08 18:10:00+09:00,0.04666,0.04667,0.04591,0.04624,9185430.0
2025-05-08 18:15:00+09:00,0.04624,0.0467,0.0462,0.04658,3818778.0
2025-05-08 18:20:00+09:00,0.04657,0.047,0.04655,0.04689,6236132.0
2025-05-08 18:25:00+09:00,0.04688,0.04691,0.04633,0.04646,5877669.0
2025-05-08 18:30:00+09:00,0.04646,0.04678,0.04629,0.0464,8179519.0
2025-05-08 18:35:00+09:00,0.0464,0.04662,0.04629,0.04637,3647874.0
2025-05-08 18:40:00+09:00,0.0464,0.0464,0.04605,0.04607,2317318.0
2025-05-08 18:45:00+09:00,0.04608,0.04661,0.04607,0.04656,2692752.0
2025-05-08 18:50:00+09:00,0.04657,0.04675,0.04637,0.04667,4886561.0
2025-05-08 18:55:00+09:00,0.04665,0.0469,0.04639,0.04678,5604332.0
2025-05-08 19:00:00+09:00,0.04681,0.0472,0.04666,0.04713,6469349.0
2025-05-08 19:05:00+09:00,0.04712,0.04795,0.04699,0.04763,17407279.0
2025-05-08 19:10:00+09:00,0.04761,0.04799,0.04749,0.04796,9363188.0
2025-05-08 19:15:00+09:00,0.04796,0.04816,0.04758,0.04775,9326392.0
2025-05-08 19:20:00+09:00,0.04777,0.04793,0.04748,0.04778,5652180.0
2025-05-08 19:25:00+09:00,0.04778,0.04816,0.04765,0.04807,6598164.0
2025-05-08 19:30:00+09:00,0.04807,0.0481,0.04772,0.0478,5545311.0
2025-05-08 19:35:00+09:00,0.04781,0.048,0.04754,0.0476,7017125.0
2025-05-08 19:40:00+09:00,0.04761,0.04796,0.04761,0.04782,2773861.0
2025-05-08 19:45:00+09:00,0.04778,0.04801,0.0476,0.04777,4693797.0
2025-05-08 19:50:00+09:00,0.04777,0.04818,0.04775,0.04794,7965557.0
2025-05-08 19:55:00+09:00,0.04798,0.04835,0.04776,0.04778,7258628.0
2025-05-08 20:00:00+09:00,0.04777,0.04785,0.04734,0.04756,7408939.0
2025-05-08 20:05:00+09:00,0.04759,0.04799,0.0475,0.04779,4586047.0
2025-05-08 20:10:00+09:00,0.0478,0.04811,0.04777,0.04783,4154803.0
2025-05-08 20:15:00+09:00,0.04782,0.04818,0.04769,0.04792,6906141.0
2025-05-08 20:20:00+09:00,0.04793,0.04916,0.04793,0.04858,18734101.0
2025-05-08 20:25:00+09:00,0.04862,0.04877,0.04781,0.04827,15602336.0
2025-05-08 20:30:00+09:00,0.04826,0.04826,0.04753,0.04761,10163449.0
2025-05-08 20:35:00+09:00,0.04763,0.04795,0.04757,0.04776,8001668.0
2025-05-08 20:40:00+09:00,0.04776,0.04815,0.04776,0.04811,4010689.0
2025-05-08 20:45:00+09:00,0.0481,0.04811,0.04791,0.04803,1610917.0
2025-05-08 20:50:00+09:00,0.04804,0.04845,0.04794,0.04821,9524876.0
2025-05-08 20:55:00+09:00,0.04821,0.04833,0.04805,0.04805,4544421.0
2025-05-08 21:00:00+09:00,0.04806,0.04854,0.04784,0.0485,6870906.0
2025-05-08 21:05:00+09:00,0.0485,0.04913,0.04838,0.04878,9525069.0
2025-05-08 21:10:00+09:00,0.0488,0.04909,0.0487,0.04873,10223435.0
2025-05-08 21:15:00+09:00,0.0487,0.04904,0.04838,0.0489,8490652.0
2025-05-08 21:20:00+09:00,0.04889,0.04966,0.04886,0.04952,16501648.0
2025-05-08 21:25:00+09:00,0.04951,0.04955,0.04911,0.04933,7535099.0
2025-05-08 21:30:00+09:00,0.04936,0.05007,0.04921,0.05002,15224043.0
2025-05-08 21:35:00+09:00,0.05002,0.05023,0.04917,0.04917,25537216.0
2025-05-08 21:40:00+09:00,0.04918,0.05025,0.04916,0.05009,12857070.0
2025-05-08 21:45:00+09:00,0.05009,0.05042,0.04971,0.05025,21052143.0
2025-05-08 21:50:00+09:00,0.05023,0.05038,0.04959,0.04973,18823561.0
2025-05-08 21:55:00+09:00,0.04972,0.05,0.04952,0.04977,14947636.0
2025-05-08 22:00:00+09:00,0.0498,0.0504,0.0498,0.05022,18438610.0
2025-05-08 22:05:00+09:00,0.05023,0.05052,0.04972,0.05022,17412227.0
2025-05-08 22:10:00+09:00,0.05021,0.05029,0.04995,0.05001,8511410.0
2025-05-08 22:15:00+09:00,0.04999,0.05028,0.04982,0.05021,9771103.0
2025-05-08 22:20:00+09:00,0.0502,0.05052,0.05012,0.05037,16975765.0
2025-05-08 22:25:00+09:00,0.05038,0.0505,0.05,0.05018,12844365.0
2025-05-08 22:30:00+09:00,0.05018,0.0506,0.04999,0.05025,17928471.0
2025-05-08 22:35:00+09:00,0.05024,0.05099,0.05021,0.05027,24213026.0
2025-05-08 22:40:00+09:00,0.05027,0.05048,0.05001,0.05023,10330057.0
2025-05-08 22:45:00+09:00,0.05025,0.0504,0.04981,0.05003,12240680.0
2025-05-08 22:50:00+09:00,0.05003,0.05094,0.05002,0.05072,19552942.0
2025-05-08 22:55:00+09:00,0.05073,0.05095,0.05033,0.05059,20837450.0
2025-05-08 23:00:00+09:00,0.0506,0.05115,0.05019,0.05093,20149640.0
2025-05-08 23:05:00+09:00,0.05093,0.05106,0.05062,0.05085,11808837.0
2025-05-08 23:10:00+09:00,0.05083,0.05083,0.04965,0.04977,35442615.0
2025-05-08 23:15:00+09:00,0.04977,0.0503,0.04973,0.05013,16908131.0
2025-05-08 23:20:00+09:00,0.05013,0.05044,0.05,0.05021,12696059.0
2025-05-08 23:25:00+09:00,0.05022,0.05078,0.05022,0.05057,13845438.0
2025-05-08 23:30:00+09:00,0.05056,0.051,0.05041,0.05081,14059780.0
2025-05-08 23:35:00+09:00,0.05083,0.05115,0.05063,0.05081,18272052.0
2025-05-08 23:40:00+09:00,0.0508,0.05108,0.05068,0.05101,10196176.0
2025-05-08 23:45:00+09:00,0.05102,0.0518,0.05092,0.05145,44425857.0
2025-05-08 23:50:00+09:00,0.05147,0.05249,0.0512,0.05188,50129894.0
2025-05-08 23:55:00+09:00,0.05188,0.05198,0.05125,0.05158,30437735.0
2025-05-09 00:00:00+09:00,0.05158,0.05278,0.05153,0.05242,41402387.0
2025-05-09 00:05:00+09:00,0.05242,0.05464,0.05227,0.05409,104479542.0
2025-05-09 00:10:00+09:00,0.05409,0.05454,0.05361,0.05422,45749287.0
2025-05-09 00:15:00+09:00,0.0542,0.05519,0.05355,0.05378,90423071.0
2025-05-09 00:20:00+09:00,0.05379,0.0546,0.05366,0.05432,48220941.0
2025-05-09 00:25:00+09:00,0.05432,0.05656,0.05417,0.05615,100452650.0
2025-05-09 00:30:00+09:00,0.05614,0.05766,0.05537,0.05673,94039321.0
2025-05-09 00:35:00+09:00,0.05675,0.05746,0.05662,0.05736,53321395.0
2025-05-09 00:40:00+09:00,0.05736,0.05764,0.0557,0.05586,62161374.0
2025-05-09 00:45:00+09:00,0.05586,0.05609,0.0549,0.05579,67922997.0
2025-05-09 00:50:00+09:00,0.05579,0.05633,0.05438,0.05457,70165271.0
2025-05-09 00:55:00+09:00,0.05457,0.05575,0.05453,0.0555,41636740.0
2025-05-09 01:00:00+09:00,0.05552,0.05727,0.0555,0.05677,88204209.0
2025-05-09 01:05:00+09:00,0.05675,0.05801,0.05672,0.05784,82254126.0
2025-05-09 01:10:00+09:00,0.05783,0.05886,0.05747,0.05858,69702725.0
2025-05-09 01:15:00+09:00,0.0586,0.06186,0.0584,0.06177,180405136.0
2025-05-09 01:20:00+09:00,0.06177,0.06269,0.06085,0.06241,148815644.0
2025-05-09 01:25:00+09:00,0.06244,0.06318,0.0593,0.06025,150280939.0
2025-05-09 01:30:00+09:00,0.06024,0.061,0.05881,0.06089,82196773.0
2025-05-09 01:35:00+09:00,0.06089,0.06142,0.0604,0.06091,62181872.0
2025-05-09 01:40:00+09:00,0.06088,0.06107,0.0596,0.05983,52043158.0
2025-05-09 01:45:00+09:00,0.05981,0.06063,0.05875,0.06053,56565167.0
2025-05-09 01:50:00+09:00,0.06053,0.06072,0.05967,0.06016,30399688.0
2025-05-09 01:55:00+09:00,0.06017,0.06078,0.05974,0.06062,27560053.0
2025-05-09 02:00:00+09:00,0.06058,0.06183,0.06007,0.0613,64494684.0
2025-05-09 02:05:00+09:00,0.0613,0.06175,0.06077,0.06128,35503618.0
2025-05-09 02:10:00+09:00,0.06129,0.06225,0.06089,0.06194,49235324.0
2025-05-09 02:15:00+09:00,0.06192,0.06227,0.06107,0.06112,40010263.0
2025-05-09 02:20:00+09:00,0.0611,0.0645,0.0611,0.0642,116538194.0
2025-05-09 02:25:00+09:00,0.06418,0.06482,0.06309,0.06325,92722801.0
2025-05-09 02:30:00+09:00,0.06325,0.06351,0.06188,0.06281,60562595.0
2025-05-09 02:35:00+09:00,0.06282,0.06345,0.06266,0.06288,37502667.0
2025-05-09 02:40:00+09:00,0.06285,0.06398,0.06243,0.06357,34599117.0
2025-05-09 02:45:00+09:00,0.06358,0.06374,0.06123,0.06148,54048559.0
2025-05-09 02:50:00+09:00,0.06148,0.06228,0.06143,0.06168,36392253.0
2025-05-09 02:55:00+09:00,0.06167,0.06223,0.06104,0.06216,30096475.0
2025-05-09 03:00:00+09:00,0.06213,0.06243,0.0614,0.06182,37300049.0
2025-05-09 03:05:00+09:00,0.06181,0.06325,0.0618,0.06285,39187028.0
2025-05-09 03:10:00+09:00,0.06285,0.06321,0.06191,0.06197,31222174.0
2025-05-09 03:15:00+09:00,0.06198,0.06293,0.06178,0.06225,34790793.0
2025-05-09 03:20:00+09:00,0.06224,0.06298,0.06215,0.06243,24842204.0
2025-05-09 03:25:00+09:00,0.06243,0.06275,0.06198,0.0622,21866502.0
2025-05-09 03:30:00+09:00,0.06219,0.06263,0.0611,0.06141,37612188.0
2025-05-09 03:35:00+09:00,0.06144,0.06181,0.06074,0.06149,30723741.0
2025-05-09 03:40:00+09:00,0.06148,0.0624,0.06138,0.06205,28999254.0
2025-05-09 03:45:00+09:00,0.06207,0.06209,0.06073,0.06097,33757151.0
2025-05-09 03:50:00+09:00,0.06097,0.06187,0.06095,0.06165,23129709.0
2025-05-09 03:55:00+09:00,0.06165,0.06325,0.06156,0.0628,36722515.0
2025-05-09 04:00:00+09:00,0.06281,0.06312,0.06238,0.06257,25832097.0
2025-05-09 04:05:00+09:00,0.06256,0.06367,0.06253,0.06366,39658224.0
2025-05-09 04:10:00+09:00,0.06364,0.06472,0.06362,0.06421,55832958.0
2025-05-09 04:15:00+09:00,0.06423,0.0644,0.06319,0.06357,47429722.0
2025-05-09 04:20:00+09:00,0.06358,0.06758,0.06357,0.06604,106971166.0
2025-05-09 04:25:00+09:00,0.06604,0.06666,0.0654,0.06607,35952024.0
2025-05-09 04:30:00+09:00,0.06609,0.06717,0.06558,0.06558,48128493.0
2025-05-09 04:35:00+09:00,0.06559,0.0669,0.06505,0.06668,47065574.0
2025-05-09 04:40:00+09:00,0.06666,0.06766,0.06602,0.067,45070613.0
2025-05-09 04:45:00+09:00,0.06699,0.06717,0.06557,0.06632,39546085.0
2025-05-09 04:50:00+09:00,0.06633,0.06659,0.06547,0.06614,31779914.0
2025-05-09 04:55:00+09:00,0.06614,0.06647,0.06566,0.06617,23317029.0
2025-05-09 05:00:00+09:00,0.06616,0.06876,0.0661,0.06791,77808714.0
2025-05-09 05:05:00+09:00,0.06791,0.06797,0.0665,0.06673,33095943.0
2025-05-09 05:10:00+09:00,0.06673,0.06734,0.06613,0.06629,29628460.0
2025-05-09 05:15:00+09:00,0.06631,0.06641,0.06519,0.06522,47803009.0
2025-05-09 05:20:00+09:00,0.06521,0.06577,0.06473,0.06537,49497594.0
2025-05-09 05:25:00+09:00,0.06538,0.06742,0.06538,0.06713,51272344.0
2025-05-09 05:30:00+09:00,0.06713,0.06842,0.06697,0.06753,49602951.0
2025-05-09 05:35:00+09:00,0.06753,0.0681,0.06659,0.06805,30550167.0
2025-05-09 05:40:00+09:00,0.06805,0.06918,0.06771,0.06791,53043071.0
2025-05-09 05:45:00+09:00,0.06792,0.06971,0.06764,0.06897,54388099.0
2025-05-09 05:50:00+09:00,0.06896,0.06928,0.06834,0.06914,32157881.0
2025-05-09 05:55:00+09:00,0.06915,0.07105,0.0689,0.06993,81810346.0
2025-05-09 06:00:00+09:00,0.06996,0.07656,0.06946,0.07379,185934242.0
2025-05-09 06:05:00+09:00,0.07379,0.07425,0.07135,0.07348,93000717.0
2025-05-09 06:10:00+09:00,0.07346,0.07558,0.07328,0.07436,77173813.0
2025-05-09 06:15:00+09:00,0.07437,0.08427,0.07365,0.08367,251694924.0
2025-05-09 06:20:00+09:00,0.08374,0.0869,0.08116,0.0859,164047079.0
2025-05-09 06:25:00+09:00,0.08593,0.095,0.08581,0.08977,316946683.0
2025-05-09 06:30:00+09:00,0.08977,0.09003,0.08465,0.08631,143384213.0
2025-05-09 06:35:00+09:00,0.08625,0.08796,0.07898,0.08007,187135288.0
2025-05-09 06:40:00+09:00,0.08007,0.08116,0.07557,0.07971,144242446.0
2025-05-09 06:45:00+09:00,0.07971,0.08036,0.07545,0.07769,78557501.0
2025-05-09 06:50:00+09:00,0.07766,0.07899,0.07519,0.0775,85148554.0
2025-05-09 06:55:00+09:00,0.07749,0.07998,0.07655,0.07733,63266905.0
2025-05-09 07:00:00+09:00,0.07738,0.07772,0.0741,0.07683,90205118.0
2025-05-09 07:05:00+09:00,0.07681,0.07844,0.07585,0.07597,53509293.0
2025-05-09 07:10:00+09:00,0.07593,0.07661,0.07258,0.07362,105139054.0
2025-05-09 07:15:00+09:00,0.0736,0.07696,0.07356,0.07641,86248474.0
2025-05-09 07:20:00+09:00,0.07637,0.07644,0.07372,0.07447,51567569.0
2025-05-09 07:25:00+09:00,0.07446,0.07464,0.0734,0.07438,30193987.0
2025-05-09 07:30:00+09:00,0.07439,0.07537,0.07258,0.07304,51410513.0
2025-05-09 07:35:00+09:00,0.07304,0.07454,0.0728,0.07433,26938415.0
2025-05-09 07:40:00+09:00,0.07437,0.07451,0.06902,0.07058,113645272.0
2025-05-09 07:45:00+09:00,0.07061,0.07169,0.07011,0.07088,51812002.0
2025-05-09 07:50:00+09:00,0.07088,0.07318,0.07088,0.07231,50413856.0
2025-05-09 07:55:00+09:00,0.07229,0.0735,0.07194,0.07315,28459120.0
2025-05-09 08:00:00+09:00,0.07321,0.07323,0.07145,0.07215,33300189.0
2025-05-09 08:05:00+09:00,0.07216,0.07324,0.07173,0.07302,21093502.0
2025-05-09 08:10:00+09:00,0.07299,0.07386,0.07235,0.07332,31009993.0
2025-05-09 08:15:00+09:00,0.07333,0.07688,0.07299,0.07571,74579955.0
2025-05-09 08:20:00+09:00,0.07572,0.07623,0.07428,0.0748,47715440.0
2025-05-09 08:25:00+09:00,0.0748,0.07483,0.0725,0.07325,44389909.0
2025-05-09 08:30:00+09:00,0.07328,0.07604,0.07328,0.07494,35143749.0
2025-05-09 08:35:00+09:00,0.0749,0.07551,0.07473,0.07538,19634281.0
2025-05-09 08:40:00+09:00,0.07538,0.07758,0.07532,0.07704,33798725.0
2025-05-09 08:45:00+09:00,0.07704,0.07776,0.07568,0.07697,50298350.0
2025-05-09 08:50:00+09:00,0.07696,0.07697,0.07564,0.0764,34507025.0
2025-05-09 08:55:00+09:00,0.07643,0.07684,0.0756,0.07588,22340525.0
2025-05-09 09:00:00+09:00,0.07589,0.08,0.07563,0.07896,81586659.0
2025-05-09 09:05:00+09:00,0.07896,0.07972,0.07719,0.07785,64171261.0
2025-05-09 09:10:00+09:00,0.07782,0.07905,0.07673,0.07843,42608304.0
2025-05-09 09:15:00+09:00,0.0784,0.07974,0.07792,0.07896,37407556.0
2025-05-09 09:20:00+09:00,0.07895,0.0798,0.07735,0.07899,46620388.0
2025-05-09 09:25:00+09:00,0.07898,0.0808,0.0788,0.07962,51078779.0
2025-05-09 09:30:00+09:00,0.07963,0.08134,0.079,0.07958,43431406.0
2025-05-09 09:35:00+09:00,0.07957,0.08025,0.07854,0.07972,39296718.0
2025-05-09 09:40:00+09:00,0.07972,0.08033,0.07894,0.07952,24789299.0
2025-05-09 09:45:00+09:00,0.07952,0.08024,0.07728,0.07817,54878411.0
2025-05-09 09:50:00+09:00,0.07818,0.07949,0.07817,0.07938,20705591.0
2025-05-09 09:55:00+09:00,0.07939,0.0799,0.07809,0.07841,25608990.0
2025-05-09 10:00:00+09:00,0.0784,0.07872,0.07593,0.07784,50165915.0
2025-05-09 10:05:00+09:00,0.07782,0.07986,0.0778,0.0792,37286870.0
2025-05-09 10:10:00+09:00,0.0792,0.08174,0.07901,0.08099,53757714.0
2025-05-09 10:15:00+09:00,0.08096,0.0826,0.08064,0.08242,53146226.0
2025-05-09 10:20:00+09:00,0.0824,0.08494,0.08205,0.0841,73097484.0
2025-05-09 10:25:00+09:00,0.08409,0.08412,0.08161,0.08254,58551139.0
2025-05-09 10:30:00+09:00,0.08249,0.08249,0.07921,0.08021,74433230.0
2025-05-09 10:35:00+09:00,0.08021,0.08028,0.07854,0.08026,32224805.0
2025-05-09 10:40:00+09:00,0.08026,0.08123,0.07954,0.08018,31610160.0
2025-05-09 10:45:00+09:00,0.08017,0.08148,0.07908,0.08143,28096342.0
2025-05-09 10:50:00+09:00,0.08144,0.08241,0.08074,0.08215,27997249.0
2025-05-09 10:55:00+09:00,0.08215,0.08259,0.08163,0.08179,22248482.0
2025-05-09 11:00:00+09:00,0.08177,0.08319,0.08137,0.08264,27435226.0
2025-05-09 11:05:00+09:00,0.08263,0.08266,0.07989,0.08093,43746101.0
2025-05-09 11:10:00+09:00,0.08092,0.08183,0.08039,0.08099,25307600.0
2025-05-09 11:15:00+09:00,0.08101,0.0822,0.08057,0.08082,28457272.0
2025-05-09 11:20:00+09:00,0.08082,0.08121,0.07976,0.08062,21941414.0
2025-05-09 11:25:00+09:00,0.08062,0.0808,0.07865,0.07922,40921417.0
2025-05-09 11:30:00+09:00,0.07922,0.08027,0.07922,0.08,17814046.0
2025-05-09 11:35:00+09:00,0.07999,0.08001,0.07811,0.07857,33171115.0
2025-05-09 11:40:00+09:00,0.07856,0.07978,0.07841,0.079,27384614.0
2025-05-09 11:45:00+09:00,0.07897,0.07981,0.07831,0.07981,20792241.0
2025-05-09 11:50:00+09:00,0.0798,0.08154,0.07929,0.08103,31172614.0
2025-05-09 11:55:00+09:00,0.08103,0.08127,0.07994,0.08041,21421906.0
2025-05-09 12:00:00+09:00,0.08044,0.08082,0.07945,0.07968,23872098.0
2025-05-09 12:05:00+09:00,0.07968,0.08099,0.07924,0.08062,19817208.0
2025-05-09 12:10:00+09:00,0.08063,0.08228,0.0804,0.08211,29812712.0
2025-05-09 12:15:00+09:00,0.08214,0.08278,0.08133,0.08234,27288228.0
2025-05-09 12:20:00+09:00,0.08233,0.08336,0.08161,0.08167,33779987.0
2025-05-09 12:25:00+09:00,0.08164,0.0824,0.08131,0.08142,19960212.0
2025-05-09 12:30:00+09:00,0.08144,0.08166,0.08042,0.08083,26209904.0
2025-05-09 12:35:00+09:00,0.08083,0.08084,0.0791,0.08028,34153667.0
2025-05-09 12:40:00+09:00,0.08025,0.08141,0.08018,0.08073,26906171.0
2025-05-09 12:45:00+09:00,0.08073,0.0823,0.08065,0.08192,29015238.0
2025-05-09 12:50:00+09:00,0.08191,0.08237,0.08116,0.0812,24115562.0
2025-05-09 12:55:00+09:00,0.08117,0.0813,0.07988,0.08021,35276751.0
2025-05-09 13:00:00+09:00,0.08022,0.08192,0.07991,0.08165,32257242.0
2025-05-09 13:05:00+09:00,0.08167,0.08296,0.08132,0.08289,35883943.0
2025-05-09 13:10:00+09:00,0.08289,0.08455,0.08231,0.084,72493955.0
2025-05-09 13:15:00+09:00,0.08401,0.08483,0.08266,0.0836,48886083.0
2025-05-09 13:20:00+09:00,0.0836,0.08438,0.08293,0.08342,30998872.0
2025-05-09 13:25:00+09:00,0.08341,0.08575,0.08335,0.08476,50793625.0
2025-05-09 13:30:00+09:00,0.08475,0.0869,0.08326,0.08593,62536122.0
2025-05-09 13:35:00+09:00,0.0859,0.08886,0.08583,0.088,104924854.0
2025-05-09 13:40:00+09:00,0.088,0.0893,0.08732,0.08881,80354829.0
2025-05-09 13:45:00+09:00,0.08875,0.0921,0.088,0.08884,147704339.0
2025-05-09 13:50:00+09:00,0.08884,0.08884,0.08613,0.08767,92841219.0
2025-05-09 13:55:00+09:00,0.08771,0.09027,0.08659,0.08965,65044821.0
2025-05-09 14:00:00+09:00,0.08965,0.09311,0.08824,0.09189,108545689.0
2025-05-09 14:05:00+09:00,0.09189,0.094,0.09061,0.09287,102835007.0
2025-05-09 14:10:00+09:00,0.0929,0.09355,0.09154,0.09184,70585700.0
2025-05-09 14:15:00+09:00,0.09184,0.094,0.09103,0.09235,84268645.0
2025-05-09 14:20:00+09:00,0.09234,0.09247,0.08951,0.09172,79755960.0
2025-05-09 14:25:00+09:00,0.09171,0.09249,0.08975,0.09121,57266616.0
2025-05-09 14:30:00+09:00,0.09121,0.09379,0.09084,0.09291,63651843.0
2025-05-09 14:35:00+09:00,0.09292,0.09319,0.09177,0.09258,39795354.0
2025-05-09 14:40:00+09:00,0.09261,0.09819,0.09194,0.09656,145353461.0
2025-05-09 14:45:00+09:00,0.09656,0.1039,0.0961,0.10132,252816154.0
2025-05-09 14:50:00+09:00,0.10131,0.1072,0.10106,0.10691,164679208.0
2025-05-09 14:55:00+09:00,0.10689,0.10766,0.10041,0.10285,159380685.0
2025-05-09 15:00:00+09:00,0.10287,0.10526,0.1018,0.10403,93286765.0
2025-05-09 15:05:00+09:00,0.10405,0.10844,0.10261,0.10585,117796309.0
2025-05-09 15:10:00+09:00,0.10591,0.10604,0.09903,0.09979,142921151.0
2025-05-09 15:15:00+09:00,0.09977,0.10164,0.09543,0.10142,203642865.0
2025-05-09 15:20:00+09:00,0.10138,0.10147,0.09601,0.09992,128286855.0
2025-05-09 15:25:00+09:00,0.09986,0.10217,0.0985,0.1002,92829045.0
2025-05-09 15:30:00+09:00,0.10021,0.10357,0.09876,0.10216,79505905.0
2025-05-09 15:35:00+09:00,0.10218,0.10218,0.10016,0.10126,43403084.0
2025-05-09 15:40:00+09:00,0.10124,0.10175,0.09926,0.10091,43631952.0
2025-05-09 15:45:00+09:00,0.1009,0.10181,0.09916,0.09958,36696798.0
2025-05-09 15:50:00+09:00,0.09958,0.10093,0.09871,0.09954,45796929.0
2025-05-09 15:55:00+09:00,0.09955,0.10287,0.09955,0.102,57365863.0
2025-05-09 16:00:00+09:00,0.102,0.10277,0.10082,0.10185,51143854.0
2025-05-09 16:05:00+09:00,0.10186,0.10626,0.10111,0.10473,86350016.0
2025-05-09 16:10:00+09:00,0.10469,0.10626,0.1035,0.10414,60445821.0
2025-05-09 16:15:00+09:00,0.1041,0.11184,0.10403,0.11106,122033865.0
2025-05-09 16:20:00+09:00,0.11103,0.11595,0.10982,0.11326,186123557.0
2025-05-09 16:25:00+09:00,0.1133,0.11542,0.11001,0.11191,105764751.0
2025-05-09 16:30:00+09:00,0.11194,0.1166,0.11054,0.1146,98116076.0
2025-05-09 16:35:00+09:00,0.11455,0.11545,0.11182,0.11221,70290679.0
2025-05-09 16:40:00+09:00,0.1122,0.1141,0.11134,0.11271,59308876.0
2025-05-09 16:45:00+09:00,0.11269,0.11915,0.11231,0.11694,121903634.0
2025-05-09 16:50:00+09:00,0.11691,0.11723,0.10909,0.11052,164994930.0
2025-05-09 16:55:00+09:00,0.11052,0.11153,0.10776,0.10976,102253659.0
2025-05-09 17:00:00+09:00,0.10981,0.11386,0.10858,0.11169,105889101.0
2025-05-09 17:05:00+09:00,0.11169,0.11399,0.11146,0.11352,62875650.0
2025-05-09 17:10:00+09:00,0.11354,0.11798,0.11307,0.1146,119817488.0
2025-05-09 17:15:00+09:00,0.1146,0.12561,0.1141,0.12249,257935271.0
2025-05-09 17:20:00+09:00,0.12251,0.12717,0.12151,0.12582,137222757.0
2025-05-09 17:25:00+09:00,0.12583,0.13627,0.12583,0.13203,279455700.0
2025-05-09 17:30:00+09:00,0.132,0.14582,0.12995,0.1441,315981064.0
2025-05-09 17:35:00+09:00,0.14413,0.147,0.12727,0.12857,309683687.0
2025-05-09 17:40:00+09:00,0.12858,0.13502,0.125,0.12923,218304166.0
2025-05-09 17:45:00+09:00,0.12915,0.1378,0.12794,0.13098,198053783.0
2025-05-09 17:50:00+09:00,0.13094,0.13275,0.12279,0.12462,185908071.0
2025-05-09 17:55:00+09:00,0.12459,0.12835,0.12311,0.12734,96403677.0
2025-05-09 18:00:00+09:00,0.12735,0.1325,0.1255,0.13206,105782337.0
2025-05-09 18:05:00+09:00,0.13206,0.13331,0.12207,0.12408,147219350.0
2025-05-09 18:10:00+09:00,0.12409,0.1254,0.1165,0.11853,154094547.0
2025-05-09 18:15:00+09:00,0.11843,0.124,0.1163,0.12082,123115497.0
2025-05-09 18:20:00+09:00,0.12083,0.123,0.11816,0.12028,73684048.0
2025-05-09 18:25:00+09:00,0.12028,0.12147,0.1177,0.12052,73185842.0
2025-05-09 18:30:00+09:00,0.12054,0.12395,0.119,0.12389,88593186.0
2025-05-09 18:35:00+09:00,0.12385,0.12614,0.12196,0.12476,88298449.0
2025-05-09 18:40:00+09:00,0.12474,0.12484,0.11867,0.12,85301225.0
2025-05-09 18:45:00+09:00,0.11996,0.12202,0.11264,0.11397,170214297.0
2025-05-09 18:50:00+09:00,0.11397,0.12268,0.11255,0.12208,161589978.0
2025-05-09 18:55:00+09:00,0.12203,0.12851,0.11742,0.12017,177191335.0
2025-05-09 19:00:00+09:00,0.12017,0.1216,0.11676,0.12023,90418907.0
2025-05-09 19:05:00+09:00,0.12023,0.12264,0.11984,0.12127,48923770.0
2025-05-09 19:10:00+09:00,0.12128,0.1248,0.12095,0.12395,59623072.0
2025-05-09 19:15:00+09:00,0.12396,0.1247,0.12182,0.12291,48900904.0
2025-05-09 19:20:00+09:00,0.1229,0.12648,0.1204,0.12586,69940512.0
2025-05-09 19:25:00+09:00,0.12586,0.12619,0.12338,0.12471,46837523.0
2025-05-09 19:30:00+09:00,0.12473,0.12698,0.12268,0.12377,62826079.0
2025-05-09 19:35:00+09:00,0.12377,0.12757,0.12352,0.12723,56724797.0
2025-05-09 19:40:00+09:00,0.12721,0.1325,0.1261,0.13129,115071826.0
2025-05-09 19:45:00+09:00,0.1313,0.13356,0.12872,0.13249,106518598.0
2025-05-09 19:50:00+09:00,0.13251,0.13485,0.12922,0.13448,77870581.0
2025-05-09 19:55:00+09:00,0.13444,0.13919,0.13434,0.13713,123639133.0
2025-05-09 20:00:00+09:00,0.13713,0.14021,0.13241,0.13457,146916403.0
2025-05-09 20:05:00+09:00,0.13449,0.13618,0.13176,0.13391,78715129.0
2025-05-09 20:10:00+09:00,0.13398,0.1367,0.13154,0.13253,68079380.0
2025-05-09 20:15:00+09:00,0.13254,0.13671,0.13253,0.13454,57346283.0
2025-05-09 20:20:00+09:00,0.13457,0.13575,0.13277,0.13456,39484625.0
2025-05-09 20:25:00+09:00,0.13457,0.13518,0.1256,0.129,146026413.0
2025-05-09 20:30:00+09:00,0.12895,0.13422,0.12656,0.13222,88338647.0
2025-05-09 20:35:00+09:00,0.1322,0.13264,0.12811,0.12973,46177227.0
2025-05-09 20:40:00+09:00,0.12974,0.13284,0.12929,0.13173,44266641.0
2025-05-09 20:45:00+09:00,0.13176,0.1349,0.1312,0.13376,51791590.0
2025-05-09 20:50:00+09:00,0.13376,0.13384,0.12917,0.12969,51665397.0
2025-05-09 20:55:00+09:00,0.12973,0.1303,0.12663,0.12796,62386890.0
2025-05-09 21:00:00+09:00,0.12793,0.12935,0.12063,0.12208,154473604.0
2025-05-09 21:05:00+09:00,0.12211,0.12459,0.11926,0.12208,132264414.0
2025-05-09 21:10:00+09:00,0.12209,0.1246,0.12117,0.12276,76184591.0
2025-05-09 21:15:00+09:00,0.12277,0.12399,0.11868,0.12194,97764965.0
2025-05-09 21:20:00+09:00,0.12198,0.1276,0.12114,0.12664,83280139.0
2025-05-09 21:25:00+09:00,0.12662,0.12693,0.12279,0.12381,60704834.0
2025-05-09 21:30:00+09:00,0.12384,0.12638,0.12321,0.12566,38965475.0
2025-05-09 21:35:00+09:00,0.12562,0.12588,0.12123,0.12154,55702987.0
2025-05-09 21:40:00+09:00,0.12152,0.12333,0.12042,0.12207,50315148.0
2025-05-09 21:45:00+09:00,0.12207,0.1247,0.12101,0.12362,44040261.0
2025-05-09 21:50:00+09:00,0.12363,0.12632,0.12301,0.12528,39933275.0
2025-05-09 21:55:00+09:00,0.12531,0.12739,0.12395,0.12695,44278560.0
2025-05-09 22:00:00+09:00,0.12696,0.13863,0.12615,0.13296,127780909.0
2025-05-09 22:05:00+09:00,0.13288,0.13415,0.12802,0.12931,81546845.0
2025-05-09 22:10:00+09:00,0.12936,0.13079,0.1283,0.12886,41383022.0
2025-05-09 22:15:00+09:00,0.12887,0.13129,0.12626,0.12722,59587920.0
2025-05-09 22:20:00+09:00,0.12723,0.12932,0.12635,0.12827,40966831.0
2025-05-09 22:25:00+09:00,0.12829,0.12955,0.1271,0.12862,26445515.0
2025-05-09 22:30:00+09:00,0.12861,0.12989,0.12503,0.1297,62360813.0
2025-05-09 22:35:00+09:00,0.12971,0.13075,0.12763,0.12956,38936254.0
2025-05-09 22:40:00+09:00,0.12956,0.12973,0.12603,0.1277,51654057.0
2025-05-09 22:45:00+09:00,0.12769,0.12905,0.1271,0.12781,34788768.0
2025-05-09 22:50:00+09:00,0.12782,0.12797,0.124,0.12683,49666345.0
2025-05-09 22:55:00+09:00,0.12687,0.12993,0.1267,0.12925,45538381.0
2025-05-09 23:00:00+09:00,0.12926,0.13156,0.12643,0.12729,62963390.0
2025-05-09 23:05:00+09:00,0.12734,0.13062,0.1256,0.13013,52984678.0
2025-05-09 23:10:00+09:00,0.13012,0.13077,0.12863,0.13006,39719652.0
2025-05-09 23:15:00+09:00,0.13007,0.14136,0.12993,0.13937,197892696.0
2025-05-09 23:20:00+09:00,0.13935,0.13936,0.1294,0.13105,142871825.0
2025-05-09 23:25:00+09:00,0.13103,0.13127,0.12634,0.12707,112016912.0
2025-05-09 23:30:00+09:00,0.12707,0.13118,0.12643,0.12975,80601121.0
2025-05-09 23:35:00+09:00,0.12976,0.13072,0.1182,0.12055,240518766.0
2025-05-09 23:40:00+09:00,0.12055,0.12731,0.11854,0.12607,172778116.0
2025-05-09 23:45:00+09:00,0.12615,0.12779,0.12157,0.12397,89122993.0
2025-05-09 23:50:00+09:00,0.12397,0.1265,0.12245,0.12375,56070342.0
2025-05-09 23:55:00+09:00,0.1238,0.1265,0.12324,0.12505,40177685.0
2025-05-10 00:00:00+09:00,0.12503,0.12975,0.12272,0.12898,118571205.0
2025-05-10 00:05:00+09:00,0.129,0.13172,0.12808,0.12928,86116781.0
2025-05-10 00:10:00+09:00,0.12928,0.13447,0.12843,0.13194,88520219.0
2025-05-10 00:15:00+09:00,0.13194,0.13509,0.13051,0.13125,81784374.0
2025-05-10 00:20:00+09:00,0.13119,0.13167,0.12802,0.12999,77041195.0
2025-05-10 00:25:00+09:00,0.13004,0.13272,0.12816,0.13085,69077990.0
2025-05-10 00:30:00+09:00,0.13085,0.13386,0.12846,0.13223,78801335.0
2025-05-10 00:35:00+09:00,0.13225,0.13654,0.13114,0.13349,89896200.0
2025-05-10 00:40:00+09:00,0.1335,0.13379,0.13088,0.13365,51906398.0
2025-05-10 00:45:00+09:00,0.13364,0.13556,0.13128,0.13336,54387889.0
2025-05-10 00:50:00+09:00,0.13336,0.13488,0.13265,0.13294,40363850.0
2025-05-10 00:55:00+09:00,0.1329,0.13299,0.12915,0.13227,56462518.0
2025-05-10 01:00:00+09:00,0.13225,0.13539,0.13005,0.13088,109211702.0
2025-05-10 01:05:00+09:00,0.13093,0.13317,0.12608,0.12885,101080924.0
2025-05-10 01:10:00+09:00,0.12885,0.14189,0.1281,0.14019,237012463.0
2025-05-10 01:15:00+09:00,0.1402,0.15413,0.138,0.14991,380011826.0
2025-05-10 01:20:00+09:00,0.14975,0.15418,0.14662,0.14825,180763784.0
2025-05-10 01:25:00+09:00,0.14817,0.15135,0.14,0.14309,179942444.0
2025-05-10 01:30:00+09:00,0.14312,0.14649,0.14011,0.14647,119213112.0
2025-05-10 01:35:00+09:00,0.14647,0.15098,0.14496,0.14573,103239505.0
2025-05-10 01:40:00+09:00,0.14573,0.14975,0.14314,0.14855,77249134.0
2025-05-10 01:45:00+09:00,0.14854,0.15097,0.14412,0.14622,104959267.0
2025-05-10 01:50:00+09:00,0.14625,0.14638,0.14147,0.144,75931025.0
2025-05-10 01:55:00+09:00,0.14395,0.14438,0.1366,0.14126,140153393.0
2025-05-10 02:00:00+09:00,0.14132,0.1441,0.13861,0.14334,98067530.0
2025-05-10 02:05:00+09:00,0.14344,0.14588,0.14159,0.14274,61978529.0
2025-05-10 02:10:00+09:00,0.14274,0.14447,0.14167,0.14404,42862427.0
2025-05-10 02:15:00+09:00,0.14409,0.14694,0.1435,0.14572,68900489.0
2025-05-10 02:20:00+09:00,0.14571,0.14736,0.14358,0.14575,64074983.0
2025-05-10 02:25:00+09:00,0.14578,0.14674,0.14371,0.14407,48234045.0
2025-05-10 02:30:00+09:00,0.14402,0.14854,0.14219,0.14725,71052542.0
2025-05-10 02:35:00+09:00,0.14725,0.14756,0.14512,0.14559,32917014.0
2025-05-10 02:40:00+09:00,0.14557,0.14813,0.14544,0.14637,32954624.0
2025-05-10 02:45:00+09:00,0.1464,0.15276,0.14519,0.14928,79643055.0
2025-05-10 02:50:00+09:00,0.14926,0.15398,0.14778,0.15028,124434975.0
2025-05-10 02:55:00+09:00,0.15027,0.15255,0.14901,0.15042,50112664.0
2025-05-10 03:00:00+09:00,0.15044,0.15349,0.14268,0.14472,139583083.0
2025-05-10 03:05:00+09:00,0.1447,0.14862,0.14432,0.14511,56106495.0
2025-05-10 03:10:00+09:00,0.14515,0.14678,0.1445,0.14567,33123699.0
2025-05-10 03:15:00+09:00,0.14567,0.14925,0.14485,0.14789,55831052.0
2025-05-10 03:20:00+09:00,0.14785,0.14848,0.14444,0.14457,32303443.0
2025-05-10 03:25:00+09:00,0.1446,0.14666,0.14222,0.1449,50281639.0
2025-05-10 03:30:00+09:00,0.1449,0.14623,0.1422,0.14494,49156322.0
2025-05-10 03:35:00+09:00,0.14496,0.14544,0.14116,0.14336,51400982.0
2025-05-10 03:40:00+09:00,0.14335,0.14449,0.14242,0.14419,28417485.0
2025-05-10 03:45:00+09:00,0.14425,0.14592,0.14305,0.14361,38738951.0
2025-05-10 03:50:00+09:00,0.14365,0.14442,0.14,0.14088,40500853.0
2025-05-10 03:55:00+09:00,0.14092,0.14239,0.13914,0.14175,41037920.0
2025-05-10 04:00:00+09:00,0.14174,0.14251,0.14033,0.14109,28142890.0
2025-05-10 04:05:00+09:00,0.14104,0.14105,0.13833,0.14003,47613282.0
2025-05-10 04:10:00+09:00,0.14004,0.1407,0.13893,0.13894,22928068.0
2025-05-10 04:15:00+09:00,0.13896,0.13952,0.13414,0.13676,81884793.0
2025-05-10 04:20:00+09:00,0.1368,0.13806,0.1353,0.13635,37248357.0
2025-05-10 04:25:00+09:00,0.13633,0.14378,0.13581,0.14225,60197099.0
2025-05-10 04:30:00+09:00,0.14232,0.14233,0.13957,0.14002,39213099.0
2025-05-10 04:35:00+09:00,0.14002,0.14134,0.13841,0.14112,27450226.0
2025-05-10 04:40:00+09:00,0.14112,0.14158,0.13912,0.13986,21986641.0
2025-05-10 04:45:00+09:00,0.13986,0.14129,0.13887,0.14044,21299381.0
2025-05-10 04:50:00+09:00,0.14044,0.1408,0.13526,0.13667,44770689.0
2025-05-10 04:55:00+09:00,0.13668,0.13744,0.1342,0.13704,38506630.0
2025-05-10 05:00:00+09:00,0.13705,0.13841,0.13514,0.13701,33383994.0
2025-05-10 05:05:00+09:00,0.137,0.13866,0.13355,0.13632,47785413.0
2025-05-10 05:10:00+09:00,0.13635,0.13661,0.13498,0.13588,24594499.0
2025-05-10 05:15:00+09:00,0.13589,0.13994,0.13585,0.13918,39647297.0
2025-05-10 05:20:00+09:00,0.13914,0.14048,0.13815,0.1385,26348081.0
2025-05-10 05:25:00+09:00,0.13853,0.14133,0.13757,0.14016,31815992.0
2025-05-10 05:30:00+09:00,0.14014,0.1407,0.13674,0.137,35744420.0
2025-05-10 05:35:00+09:00,0.13695,0.13722,0.13377,0.13551,51973427.0
2025-05-10 05:40:00+09:00,0.13549,0.13738,0.13538,0.13648,21533737.0
2025-05-10 05:45:00+09:00,0.13649,0.14078,0.13633,0.13969,39681381.0
2025-05-10 05:50:00+09:00,0.13972,0.14295,0.13962,0.14179,42744686.0
2025-05-10 05:55:00+09:00,0.14176,0.1418,0.1401,0.14099,18273984.0
2025-05-10 06:00:00+09:00,0.141,0.14199,0.13926,0.14089,27311342.0
2025-05-10 06:05:00+09:00,0.14088,0.14172,0.13882,0.13923,28695302.0
2025-05-10 06:10:00+09:00,0.13924,0.14199,0.13752,0.14096,32212680.0
2025-05-10 06:15:00+09:00,0.1409,0.14338,0.13964,0.14308,34500442.0
2025-05-10 06:20:00+09:00,0.14306,0.14315,0.13964,0.14073,23257482.0
2025-05-10 06:25:00+09:00,0.1407,0.1428,0.14054,0.14157,15249072.0
2025-05-10 06:30:00+09:00,0.14157,0.14966,0.14107,0.14828,53911326.0
2025-05-10 06:35:00+09:00,0.14834,0.15085,0.14595,0.1469,57397682.0
2025-05-10 06:40:00+09:00,0.14691,0.1482,0.14203,0.14408,33016008.0
2025-05-10 06:45:00+09:00,0.14409,0.14848,0.14235,0.14677,27766691.0
2025-05-10 06:50:00+09:00,0.14682,0.14783,0.14435,0.14713,23422135.0
2025-05-10 06:55:00+09:00,0.14713,0.14718,0.14366,0.14513,15486289.0
2025-05-10 07:00:00+09:00,0.14508,0.14829,0.14494,0.14804,24103101.0
2025-05-10 07:05:00+09:00,0.14807,0.15035,0.14629,0.14772,39261636.0
2025-05-10 07:10:00+09:00,0.14773,0.14887,0.14601,0.14657,20931056.0
2025-05-10 07:15:00+09:00,0.14662,0.14744,0.14413,0.14474,28801025.0
2025-05-10 07:20:00+09:00,0.14473,0.14632,0.14436,0.14536,12912250.0
2025-05-10 07:25:00+09:00,0.14535,0.14832,0.14526,0.14729,17298141.0
2025-05-10 07:30:00+09:00,0.14726,0.14813,0.145,0.14523,16275960.0
2025-05-10 07:35:00+09:00,0.1452,0.14729,0.14356,0.14609,19617354.0
2025-05-10 07:40:00+09:00,0.14611,0.14689,0.14437,0.14538,11444975.0
2025-05-10 07:45:00+09:00,0.14534,0.15009,0.1445,0.14758,35534797.0
2025-05-10 07:50:00+09:00,0.14752,0.14884,0.14598,0.1464,23399336.0
2025-05-10 07:55:00+09:00,0.14642,0.147,0.14165,0.14275,29168803.0
2025-05-10 08:00:00+09:00,0.14273,0.14747,0.14273,0.14667,26811276.0
2025-05-10 08:05:00+09:00,0.14665,0.14731,0.1445,0.1459,15016102.0
2025-05-10 08:10:00+09:00,0.14586,0.14715,0.14539,0.14672,13778743.0
2025-05-10 08:15:00+09:00,0.14669,0.14688,0.14381,0.1446,16498113.0
2025-05-10 08:20:00+09:00,0.14459,0.14463,0.13991,0.14234,38559288.0
2025-05-10 08:25:00+09:00,0.14236,0.14406,0.14232,0.14356,14378282.0
2025-05-10 08:30:00+09:00,0.14359,0.14523,0.142,0.14242,22150704.0
2025-05-10 08:35:00+09:00,0.14244,0.14425,0.14144,0.14221,20846251.0
2025-05-10 08:40:00+09:00,0.14224,0.14323,0.13932,0.13999,30565226.0
2025-05-10 08:45:00+09:00,0.14,0.14157,0.13571,0.13671,38874510.0
2025-05-10 08:50:00+09:00,0.13665,0.13826,0.1288,0.13089,119709366.0
2025-05-10 08:55:00+09:00,0.1309,0.13357,0.13056,0.13148,41078336.0
2025-05-10 09:00:00+09:00,0.13149,0.1326,0.12844,0.13144,71961579.0
2025-05-10 09:05:00+09:00,0.13142,0.13372,0.127,0.13253,66128792.0
2025-05-10 09:10:00+09:00,0.13252,0.13458,0.13087,0.13151,36278252.0
2025-05-10 09:15:00+09:00,0.13151,0.1355,0.1301,0.13376,41624441.0
2025-05-10 09:20:00+09:00,0.13376,0.13782,0.1325,0.13537,40377242.0
2025-05-10 09:25:00+09:00,0.13535,0.13681,0.13301,0.13571,30669433.0
2025-05-10 09:30:00+09:00,0.13571,0.13582,0.13087,0.13125,34843582.0
2025-05-10 09:35:00+09:00,0.13124,0.1326,0.12922,0.13063,36487391.0
2025-05-10 09:40:00+09:00,0.13065,0.13238,0.13001,0.13149,23655632.0
2025-05-10 09:45:00+09:00,0.13152,0.13181,0.12455,0.12774,87394370.0
2025-05-10 09:50:00+09:00,0.12771,0.12984,0.12442,0.12602,47544346.0
2025-05-10 09:55:00+09:00,0.12604,0.12626,0.12102,0.1222,83897111.0
2025-05-10 10:00:00+09:00,0.12215,0.126,0.12213,0.12493,49813228.0
2025-05-10 10:05:00+09:00,0.12493,0.12533,0.12218,0.12477,25197991.0
2025-05-10 10:10:00+09:00,0.12476,0.12528,0.12258,0.12387,21502648.0
2025-05-10 10:15:00+09:00,0.12383,0.12685,0.12276,0.12342,42434862.0
2025-05-10 10:20:00+09:00,0.12341,0.12583,0.12275,0.12323,28125225.0
2025-05-10 10:25:00+09:00,0.12325,0.127,0.123,0.12609,26632401.0
2025-05-10 10:30:00+09:00,0.12604,0.12658,0.12537,0.12635,14652889.0
2025-05-10 10:35:00+09:00,0.12636,0.12707,0.12444,0.12536,20288452.0
2025-05-10 10:40:00+09:00,0.12535,0.12597,0.1246,0.12508,9666438.0
2025-05-10 10:45:00+09:00,0.12511,0.12622,0.12474,0.12522,11419858.0
2025-05-10 10:50:00+09:00,0.12521,0.12539,0.12158,0.12226,35886254.0
2025-05-10 10:55:00+09:00,0.12228,0.132,0.12228,0.13011,64591502.0
2025-05-10 11:00:00+09:00,0.13011,0.13262,0.12406,0.12524,54863511.0
2025-05-10 11:05:00+09:00,0.12518,0.12655,0.12403,0.1264,27464262.0
2025-05-10 11:10:00+09:00,0.12637,0.12661,0.12495,0.12578,12684191.0
2025-05-10 11:15:00+09:00,0.12576,0.12609,0.12319,0.12403,18033807.0
2025-05-10 11:20:00+09:00,0.12401,0.13182,0.1239,0.12904,59909556.0
2025-05-10 11:25:00+09:00,0.12904,0.1305,0.12819,0.13013,21754174.0
2025-05-10 11:30:00+09:00,0.13015,0.13022,0.12749,0.12859,21517815.0
2025-05-10 11:35:00+09:00,0.12855,0.13139,0.12828,0.13057,20427811.0
2025-05-10 11:40:00+09:00,0.13057,0.13351,0.13055,0.13124,27262076.0
2025-05-10 11:45:00+09:00,0.13128,0.13467,0.13118,0.13256,21562435.0
2025-05-10 11:50:00+09:00,0.13255,0.13266,0.13056,0.13096,20090853.0
2025-05-10 11:55:00+09:00,0.13097,0.13242,0.13074,0.13161,11225269.0
2025-05-10 12:00:00+09:00,0.13162,0.1321,0.12888,0.12941,17817667.0
2025-05-10 12:05:00+09:00,0.12944,0.12976,0.12801,0.12923,17091311.0
2025-05-10 12:10:00+09:00,0.12923,0.13121,0.12916,0.13103,14635550.0
2025-05-10 12:15:00+09:00,0.13107,0.13289,0.12951,0.13246,21345726.0
2025-05-10 12:20:00+09:00,0.13243,0.13257,0.13101,0.13165,14277171.0
2025-05-10 12:25:00+09:00,0.13167,0.13435,0.13147,0.13375,16091718.0
2025-05-10 12:30:00+09:00,0.13372,0.1357,0.1325,0.13262,30226027.0
2025-05-10 12:35:00+09:00,0.13259,0.13449,0.13229,0.13329,16893751.0
2025-05-10 12:40:00+09:00,0.13328,0.13379,0.13255,0.13338,10440126.0
2025-05-10 12:45:00+09:00,0.13341,0.13422,0.1329,0.1339,14233816.0
2025-05-10 12:50:00+09:00,0.13389,0.13498,0.13266,0.1338,17038044.0
2025-05-10 12:55:00+09:00,0.1338,0.13401,0.13224,0.13266,15085486.0
2025-05-10 13:00:00+09:00,0.13265,0.13358,0.13108,0.13121,19679811.0
2025-05-10 13:05:00+09:00,0.13121,0.13215,0.12955,0.13035,25828592.0
2025-05-10 13:10:00+09:00,0.13032,0.13204,0.13026,0.13085,21115648.0
2025-05-10 13:15:00+09:00,0.13086,0.13216,0.12992,0.131,17326225.0
2025-05-10 13:20:00+09:00,0.13103,0.13108,0.13016,0.13066,8973867.0
2025-05-10 13:25:00+09:00,0.13065,0.13299,0.13065,0.13209,14870901.0
2025-05-10 13:30:00+09:00,0.13208,0.1329,0.13127,0.132,11902025.0
2025-05-10 13:35:00+09:00,0.13203,0.13431,0.13203,0.13377,19771406.0
2025-05-10 13:40:00+09:00,0.13379,0.13576,0.1337,0.1357,19157376.0
2025-05-10 13:45:00+09:00,0.1357,0.14154,0.13566,0.13843,71408849.0
2025-05-10 13:50:00+09:00,0.13843,0.13947,0.13682,0.13728,23235985.0
2025-05-10 13:55:00+09:00,0.13726,0.13788,0.13615,0.13692,13967196.0
2025-05-10 14:00:00+09:00,0.13694,0.13788,0.13524,0.13592,23086326.0
2025-05-10 14:05:00+09:00,0.13593,0.13672,0.13422,0.13457,16766486.0
2025-05-10 14:10:00+09:00,0.13457,0.13612,0.1343,0.13574,15828784.0
2025-05-10 14:15:00+09:00,0.13576,0.13595,0.13401,0.13473,12797583.0
2025-05-10 14:20:00+09:00,0.13473,0.13482,0.13177,0.13241,26669175.0
2025-05-10 14:25:00+09:00,0.1324,0.13346,0.1305,0.13139,21805845.0
2025-05-10 14:30:00+09:00,0.1314,0.13231,0.13099,0.13108,14495129.0
2025-05-10 14:35:00+09:00,0.13107,0.13177,0.1302,0.13094,16536604.0
2025-05-10 14:40:00+09:00,0.13095,0.13132,0.12966,0.1298,14346065.0
2025-05-10 14:45:00+09:00,0.12974,0.13178,0.12966,0.1314,15583006.0
2025-05-10 14:50:00+09:00,0.13141,0.13291,0.13104,0.13259,13702718.0
2025-05-10 14:55:00+09:00,0.13256,0.13366,0.13256,0.13298,17925444.0
2025-05-10 15:00:00+09:00,0.13297,0.13336,0.13033,0.13132,21259898.0
2025-05-10 15:05:00+09:00,0.13133,0.1319,0.13013,0.13081,11044823.0
2025-05-10 15:10:00+09:00,0.13081,0.13102,0.12976,0.13049,13202811.0
2025-05-10 15:15:00+09:00,0.13044,0.13044,0.12738,0.12967,27870883.0
2025-05-10 15:20:00+09:00,0.12969,0.13051,0.12837,0.12859,14218217.0
2025-05-10 15:25:00+09:00,0.12861,0.12945,0.12843,0.12898,12112826.0
2025-05-10 15:30:00+09:00,0.12897,0.13086,0.12781,0.1305,21925920.0
2025-05-10 15:35:00+09:00,0.13048,0.13168,0.12954,0.13058,16426996.0
2025-05-10 15:40:00+09:00,0.13058,0.13156,0.13,0.13012,9571298.0
2025-05-10 15:45:00+09:00,0.13012,0.13027,0.12768,0.12789,17883373.0
2025-05-10 15:50:00+09:00,0.12793,0.12824,0.12632,0.12756,19115219.0
2025-05-10 15:55:00+09:00,0.12754,0.12874,0.12749,0.128,12029575.0
2025-05-10 16:00:00+09:00,0.12802,0.1293,0.12758,0.12905,12423059.0
2025-05-10 16:05:00+09:00,0.12904,0.13136,0.12894,0.1308,20977056.0
2025-05-10 16:10:00+09:00,0.1308,0.13287,0.13065,0.13143,21764359.0
2025-05-10 16:15:00+09:00,0.13141,0.13282,0.13113,0.13251,15339575.0
2025-05-10 16:20:00+09:00,0.13251,0.13258,0.13078,0.1308,11543946.0
2025-05-10 16:25:00+09:00,0.13083,0.13209,0.13018,0.13184,13928500.0
2025-05-10 16:30:00+09:00,0.13182,0.13496,0.1313,0.13451,27258911.0
2025-05-10 16:35:00+09:00,0.13451,0.13479,0.13284,0.13287,13381486.0
2025-05-10 16:40:00+09:00,0.1329,0.1341,0.13237,0.13303,10925230.0
2025-05-10 16:45:00+09:00,0.13306,0.1335,0.13201,0.13339,8876288.0
2025-05-10 16:50:00+09:00,0.1334,0.13406,0.13154,0.13283,14474158.0
2025-05-10 16:55:00+09:00,0.13277,0.13499,0.13266,0.13418,17404329.0
2025-05-10 17:00:00+09:00,0.13419,0.13623,0.13342,0.1359,27131600.0
2025-05-10 17:05:00+09:00,0.13591,0.137,0.13421,0.1355,27871130.0
2025-05-10 17:10:00+09:00,0.13554,0.13612,0.13431,0.13574,13224404.0
2025-05-10 17:15:00+09:00,0.13572,0.13779,0.13458,0.13705,31088717.0
2025-05-10 17:20:00+09:00,0.13701,0.13862,0.13656,0.13686,26268810.0
2025-05-10 17:25:00+09:00,0.13681,0.13871,0.13611,0.13855,17732941.0
2025-05-10 17:30:00+09:00,0.13861,0.1395,0.13722,0.13784,20291152.0
2025-05-10 17:35:00+09:00,0.13784,0.13814,0.13611,0.1362,13564726.0
2025-05-10 17:40:00+09:00,0.1362,0.13809,0.13582,0.13662,15643619.0
2025-05-10 17:45:00+09:00,0.1366,0.1366,0.13429,0.13514,24036701.0
2025-05-10 17:50:00+09:00,0.13515,0.13533,0.1311,0.13248,46983915.0
2025-05-10 17:55:00+09:00,0.13248,0.13403,0.13223,0.13385,16938594.0
2025-05-10 18:00:00+09:00,0.1338,0.13434,0.1323,0.13337,19354732.0
2025-05-10 18:05:00+09:00,0.13337,0.13471,0.13282,0.1332,13769548.0
2025-05-10 18:10:00+09:00,0.13321,0.13516,0.13315,0.13448,16941035.0
2025-05-10 18:15:00+09:00,0.13444,0.13543,0.13418,0.13447,9307823.0
2025-05-10 18:20:00+09:00,0.13445,0.13526,0.13353,0.13365,8271084.0
2025-05-10 18:25:00+09:00,0.13369,0.13455,0.13357,0.13431,6056882.0
2025-05-10 18:30:00+09:00,0.1343,0.13436,0.13275,0.13365,10768714.0
2025-05-10 18:35:00+09:00,0.13363,0.13364,0.13235,0.1328,10296609.0
2025-05-10 18:40:00+09:00,0.13278,0.1339,0.13218,0.13258,10665965.0
2025-05-10 18:45:00+09:00,0.13259,0.13319,0.13217,0.13243,8273077.0
2025-05-10 18:50:00+09:00,0.13243,0.13395,0.13179,0.13333,9176903.0
2025-05-10 18:55:00+09:00,0.13333,0.1344,0.1332,0.13401,9508285.0
2025-05-10 19:00:00+09:00,0.13404,0.13598,0.13347,0.13502,15019615.0
2025-05-10 19:05:00+09:00,0.13499,0.13554,0.13316,0.13381,13571617.0
2025-05-10 19:10:00+09:00,0.1338,0.13413,0.13283,0.13343,7943944.0
2025-05-10 19:15:00+09:00,0.13346,0.1341,0.13243,0.13277,10693272.0
2025-05-10 19:20:00+09:00,0.13277,0.13363,0.1325,0.13311,7547682.0
2025-05-10 19:25:00+09:00,0.13313,0.13465,0.13311,0.13429,7499078.0
2025-05-10 19:30:00+09:00,0.13426,0.13429,0.13208,0.1325,12388769.0
2025-05-10 19:35:00+09:00,0.13245,0.13245,0.12929,0.13003,38195317.0
2025-05-10 19:40:00+09:00,0.13003,0.13082,0.12908,0.13037,17186847.0
2025-05-10 19:45:00+09:00,0.13035,0.13082,0.12842,0.12977,28754729.0
2025-05-10 19:50:00+09:00,0.12977,0.13107,0.12964,0.13024,12586651.0
2025-05-10 19:55:00+09:00,0.13022,0.13043,0.12677,0.12754,29578597.0
2025-05-10 20:00:00+09:00,0.12754,0.12828,0.12545,0.1263,40913055.0
2025-05-10 20:05:00+09:00,0.12633,0.12785,0.12596,0.12723,19503732.0
2025-05-10 20:10:00+09:00,0.1272,0.12913,0.12673,0.12863,22038248.0
2025-05-10 20:15:00+09:00,0.12862,0.12863,0.127,0.1273,11637016.0
2025-05-10 20:20:00+09:00,0.1273,0.12914,0.12703,0.12857,15239493.0
2025-05-10 20:25:00+09:00,0.12858,0.12915,0.12813,0.12878,11241275.0
2025-05-10 20:30:00+09:00,0.12877,0.12879,0.12581,0.12604,30448654.0
2025-05-10 20:35:00+09:00,0.12607,0.12724,0.12431,0.12509,30573785.0
2025-05-10 20:40:00+09:00,0.12509,0.12545,0.12236,0.12313,46369530.0
2025-05-10 20:45:00+09:00,0.12313,0.1249,0.12222,0.12478,31843607.0
2025-05-10 20:50:00+09:00,0.12474,0.12619,0.12439,0.12527,21588775.0
2025-05-10 20:55:00+09:00,0.12527,0.12532,0.12352,0.12451,18159971.0
2025-05-10 21:00:00+09:00,0.12452,0.12578,0.12326,0.12542,27895928.0
2025-05-10 21:05:00+09:00,0.12541,0.1276,0.12464,0.12672,28769999.0
2025-05-10 21:10:00+09:00,0.12673,0.12769,0.12536,0.12636,17400807.0
2025-05-10 21:15:00+09:00,0.12637,0.12687,0.12481,0.12586,15322593.0
2025-05-10 21:20:00+09:00,0.12592,0.126,0.12453,0.12549,12351212.0
2025-05-10 21:25:00+09:00,0.12551,0.12617,0.12437,0.12563,11663129.0
2025-05-10 21:30:00+09:00,0.12562,0.12579,0.1241,0.12428,11015404.0
2025-05-10 21:35:00+09:00,0.12428,0.12454,0.12046,0.12177,54471063.0
2025-05-10 21:40:00+09:00,0.12175,0.12458,0.1216,0.1242,38084977.0
2025-05-10 21:45:00+09:00,0.12421,0.12497,0.12319,0.12397,19347136.0
2025-05-10 21:50:00+09:00,0.12396,0.12603,0.12376,0.1251,16398398.0
2025-05-10 21:55:00+09:00,0.1251,0.12577,0.12476,0.12559,9210659.0
2025-05-10 22:00:00+09:00,0.1256,0.12669,0.1244,0.1247,15381755.0
2025-05-10 22:05:00+09:00,0.12467,0.12628,0.12422,0.12568,10956676.0
2025-05-10 22:10:00+09:00,0.12568,0.12616,0.12498,0.12566,9576724.0
2025-05-10 22:15:00+09:00,0.12567,0.12583,0.12421,0.12445,9528717.0
2025-05-10 22:20:00+09:00,0.12445,0.12518,0.12393,0.12473,9371366.0
2025-05-10 22:25:00+09:00,0.1247,0.12696,0.12463,0.1267,16599576.0
2025-05-10 22:30:00+09:00,0.1267,0.12701,0.12532,0.12539,12464558.0
2025-05-10 22:35:00+09:00,0.12541,0.12642,0.12533,0.12619,6094122.0
2025-05-10 22:40:00+09:00,0.12618,0.12997,0.12586,0.12795,30862264.0
2025-05-10 22:45:00+09:00,0.12795,0.12797,0.12671,0.12715,15520023.0
2025-05-10 22:50:00+09:00,0.12717,0.12818,0.12658,0.12765,9886923.0
2025-05-10 22:55:00+09:00,0.12768,0.12809,0.12709,0.12712,7186775.0
2025-05-10 23:00:00+09:00,0.12711,0.1278,0.12566,0.12608,15583617.0
2025-05-10 23:05:00+09:00,0.12606,0.12689,0.12529,0.12654,13061768.0
2025-05-10 23:10:00+09:00,0.12649,0.12727,0.126,0.12673,9001454.0
2025-05-10 23:15:00+09:00,0.12675,0.12695,0.12555,0.12609,8574680.0
2025-05-10 23:20:00+09:00,0.12609,0.12622,0.12468,0.12501,11143487.0
2025-05-10 23:25:00+09:00,0.125,0.12591,0.12494,0.12549,8025042.0
2025-05-10 23:30:00+09:00,0.1255,0.12673,0.12456,0.12657,13772425.0
2025-05-10 23:35:00+09:00,0.12657,0.12706,0.12572,0.12641,9028473.0
2025-05-10 23:40:00+09:00,0.12642,0.12755,0.12635,0.127,10279224.0
2025-05-10 23:45:00+09:00,0.12702,0.12855,0.12692,0.12757,18425336.0
2025-05-10 23:50:00+09:00,0.12756,0.12756,0.12659,0.12747,9366027.0
2025-05-10 23:55:00+09:00,0.12748,0.12791,0.12622,0.12645,8839237.0
2025-05-11 00:00:00+09:00,0.12641,0.12651,0.12421,0.1245,28959579.0
2025-05-11 00:05:00+09:00,0.12448,0.12454,0.12253,0.12323,22404333.0
2025-05-11 00:10:00+09:00,0.12323,0.12399,0.12209,0.1237,23572975.0
2025-05-11 00:15:00+09:00,0.1237,0.12409,0.12213,0.12282,19051439.0
2025-05-11 00:20:00+09:00,0.12282,0.12514,0.12277,0.12405,16953952.0
2025-05-11 00:25:00+09:00,0.12403,0.12549,0.12381,0.12455,12152356.0
2025-05-11 00:30:00+09:00,0.12452,0.12477,0.12363,0.12437,7466285.0
2025-05-11 00:35:00+09:00,0.12441,0.12571,0.12378,0.12556,16250437.0
2025-05-11 00:40:00+09:00,0.1256,0.12644,0.12459,0.12477,12322056.0
2025-05-11 00:45:00+09:00,0.12479,0.12513,0.1233,0.12379,11134849.0
2025-05-11 00:50:00+09:00,0.12377,0.12381,0.12231,0.1227,14097170.0
2025-05-11 00:55:00+09:00,0.12271,0.12376,0.12126,0.12181,26937581.0
2025-05-11 01:00:00+09:00,0.12181,0.12257,0.11212,0.11411,171700120.0
2025-05-11 01:05:00+09:00,0.11415,0.1148,0.11065,0.11346,108128728.0
2025-05-11 01:10:00+09:00,0.11347,0.1142,0.11203,0.11223,36956649.0
2025-05-11 01:15:00+09:00,0.11225,0.11451,0.11168,0.11327,44627913.0
2025-05-11 01:20:00+09:00,0.11324,0.11499,0.11275,0.11354,30761670.0
2025-05-11 01:25:00+09:00,0.11356,0.11589,0.11354,0.11467,26133094.0
2025-05-11 01:30:00+09:00,0.11466,0.1178,0.11437,0.11716,31016530.0
2025-05-11 01:35:00+09:00,0.11713,0.12014,0.1164,0.11986,39503147.0
2025-05-11 01:40:00+09:00,0.11985,0.12105,0.11808,0.11934,34115592.0
2025-05-11 01:45:00+09:00,0.11934,0.11954,0.11784,0.11805,23418816.0
2025-05-11 01:50:00+09:00,0.11805,0.12153,0.11796,0.12055,31389286.0
2025-05-11 01:55:00+09:00,0.12055,0.12104,0.11932,0.11984,16623415.0
2025-05-11 02:00:00+09:00,0.11985,0.12015,0.1184,0.11896,21296816.0
2025-05-11 02:05:00+09:00,0.11896,0.1199,0.1185,0.11855,15503226.0
2025-05-11 02:10:00+09:00,0.11855,0.12079,0.11844,0.12016,15871835.0
2025-05-11 02:15:00+09:00,0.1202,0.12249,0.11953,0.12161,25259087.0
2025-05-11 02:20:00+09:00,0.1216,0.1216,0.11964,0.11979,16441053.0
2025-05-11 02:25:00+09:00,0.11977,0.11999,0.1189,0.11933,15479514.0
2025-05-11 02:30:00+09:00,0.11933,0.12026,0.1184,0.12009,17536604.0
2025-05-11 02:35:00+09:00,0.12006,0.12077,0.1187,0.12073,13862484.0
2025-05-11 02:40:00+09:00,0.12074,0.12075,0.11832,0.1188,10391261.0
2025-05-11 02:45:00+09:00,0.1188,0.1199,0.1169,0.11774,22767755.0
2025-05-11 02:50:00+09:00,0.11775,0.1185,0.11737,0.11774,12849385.0
2025-05-11 02:55:00+09:00,0.11777,0.11793,0.11654,0.11746,15643163.0
2025-05-11 03:00:00+09:00,0.11747,0.11939,0.11632,0.11875,28918977.0
2025-05-11 03:05:00+09:00,0.11873,0.11892,0.11758,0.11783,7953295.0
2025-05-11 03:10:00+09:00,0.11784,0.11821,0.11738,0.11793,7046563.0
2025-05-11 03:15:00+09:00,0.11792,0.11887,0.11732,0.11769,8606769.0
2025-05-11 03:20:00+09:00,0.11768,0.11777,0.11634,0.117,12288844.0
2025-05-11 03:25:00+09:00,0.117,0.11706,0.1153,0.11551,15566102.0
2025-05-11 03:30:00+09:00,0.11551,0.11637,0.11527,0.11569,11420775.0
2025-05-11 03:35:00+09:00,0.11568,0.11579,0.11388,0.1147,23007683.0
2025-05-11 03:40:00+09:00,0.11471,0.11576,0.11406,0.11509,15794673.0
2025-05-11 03:45:00+09:00,0.11511,0.11549,0.11435,0.11469,9991898.0
2025-05-11 03:50:00+09:00,0.11469,0.11528,0.11441,0.11456,8163811.0
2025-05-11 03:55:00+09:00,0.11454,0.11473,0.11315,0.11357,18871638.0
2025-05-11 04:00:00+09:00,0.1136,0.11397,0.11233,0.11249,14512812.0
2025-05-11 04:05:00+09:00,0.11249,0.11378,0.11241,0.11335,10171220.0
2025-05-11 04:10:00+09:00,0.11333,0.11461,0.11332,0.11396,12517067.0
2025-05-11 04:15:00+09:00,0.11395,0.11588,0.11327,0.11554,14645178.0
2025-05-11 04:20:00+09:00,0.11554,0.11601,0.11488,0.11505,12300263.0
2025-05-11 04:25:00+09:00,0.11505,0.11509,0.11369,0.11423,9143814.0
2025-05-11 04:30:00+09:00,0.11423,0.11529,0.11403,0.1148,9317632.0
2025-05-11 04:35:00+09:00,0.11484,0.11508,0.1135,0.11398,7374862.0
2025-05-11 04:40:00+09:00,0.11399,0.11406,0.1125,0.11283,9397927.0
2025-05-11 04:45:00+09:00,0.11282,0.11399,0.11282,0.11392,8233052.0
2025-05-11 04:50:00+09:00,0.11391,0.11452,0.11353,0.11363,7714847.0
2025-05-11 04:55:00+09:00,0.11361,0.11384,0.11304,0.11383,6236269.0
2025-05-11 05:00:00+09:00,0.11382,0.11427,0.11261,0.11296,11506554.0
2025-05-11 05:05:00+09:00,0.11296,0.11471,0.11258,0.11427,13015611.0
2025-05-11 05:10:00+09:00,0.11427,0.11707,0.11396,0.11582,29416501.0
2025-05-11 05:15:00+09:00,0.11584,0.11637,0.11432,0.11637,14268456.0
2025-05-11 05:20:00+09:00,0.11635,0.11689,0.11564,0.11619,12127681.0
2025-05-11 05:25:00+09:00,0.11621,0.1176,0.11619,0.117,15359011.0
2025-05-11 05:30:00+09:00,0.117,0.11719,0.11627,0.11659,8244071.0
2025-05-11 05:35:00+09:00,0.11663,0.11749,0.11581,0.11636,8288988.0
2025-05-11 05:40:00+09:00,0.11633,0.11721,0.1162,0.11632,6972812.0
2025-05-11 05:45:00+09:00,0.11629,0.11688,0.11613,0.11629,5855046.0
2025-05-11 05:50:00+09:00,0.11629,0.1163,0.11488,0.11498,9666632.0
2025-05-11 05:55:00+09:00,0.11501,0.11547,0.11484,0.11523,5244345.0
2025-05-11 06:00:00+09:00,0.11525,0.11698,0.11474,0.11634,9622188.0
2025-05-11 06:05:00+09:00,0.11634,0.1171,0.11608,0.11654,5185880.0
2025-05-11 06:10:00+09:00,0.11657,0.11724,0.11609,0.1171,5275893.0
2025-05-11 06:15:00+09:00,0.11711,0.11915,0.11666,0.11847,12156865.0
2025-05-11 06:20:00+09:00,0.11844,0.11864,0.11732,0.11846,9728823.0
2025-05-11 06:25:00+09:00,0.11844,0.11938,0.11832,0.11855,10910697.0
2025-05-11 06:30:00+09:00,0.11856,0.11933,0.11847,0.11904,6132991.0
2025-05-11 06:35:00+09:00,0.11904,0.11909,0.11818,0.11862,4495454.0
2025-05-11 06:40:00+09:00,0.11863,0.12011,0.11848,0.11941,5795639.0
2025-05-11 06:45:00+09:00,0.11941,0.11945,0.11753,0.11874,7920486.0
2025-05-11 06:50:00+09:00,0.11875,0.11963,0.11843,0.11934,6813374.0
2025-05-11 06:55:00+09:00,0.11936,0.12083,0.11882,0.11969,11623785.0
2025-05-11 07:00:00+09:00,0.11969,0.11999,0.11869,0.11912,9674140.0
2025-05-11 07:05:00+09:00,0.11909,0.12016,0.11854,0.11898,10194247.0
2025-05-11 07:10:00+09:00,0.11897,0.11903,0.11813,0.11826,7554405.0
2025-05-11 07:15:00+09:00,0.11825,0.11868,0.11751,0.11801,9374385.0
2025-05-11 07:20:00+09:00,0.11803,0.11824,0.11724,0.11771,7149983.0
2025-05-11 07:25:00+09:00,0.11773,0.11842,0.11745,0.11776,7043431.0
2025-05-11 07:30:00+09:00,0.11774,0.11857,0.11702,0.11768,12459377.0
2025-05-11 07:35:00+09:00,0.11767,0.11936,0.11741,0.11926,8900653.0
2025-05-11 07:40:00+09:00,0.11924,0.11924,0.11793,0.11829,8501899.0
2025-05-11 07:45:00+09:00,0.11828,0.11842,0.11673,0.11765,8948611.0
2025-05-11 07:50:00+09:00,0.11761,0.11833,0.11738,0.1175,6337361.0
2025-05-11 07:55:00+09:00,0.11751,0.11796,0.11705,0.11767,5586877.0
2025-05-11 08:00:00+09:00,0.11766,0.11786,0.11609,0.11705,11606850.0
2025-05-11 08:05:00+09:00,0.11705,0.11776,0.1163,0.11762,6521490.0
2025-05-11 08:10:00+09:00,0.11761,0.11938,0.1171,0.11907,9926403.0
2025-05-11 08:15:00+09:00,0.11907,0.12527,0.11841,0.12379,60935237.0
2025-05-11 08:20:00+09:00,0.12381,0.12385,0.12102,0.12318,27791750.0
2025-05-11 08:25:00+09:00,0.12318,0.12343,0.12197,0.1226,12353099.0
2025-05-11 08:30:00+09:00,0.12262,0.12306,0.12089,0.1215,16099018.0
2025-05-11 08:35:00+09:00,0.12152,0.13418,0.12152,0.13266,105547631.0
2025-05-11 08:40:00+09:00,0.13267,0.13775,0.13095,0.13605,54694738.0
2025-05-11 08:45:00+09:00,0.13601,0.13882,0.13343,0.13732,53206838.0
2025-05-11 08:50:00+09:00,0.13729,0.13904,0.13563,0.13783,38362241.0
2025-05-11 08:55:00+09:00,0.13782,0.13938,0.13505,0.13682,35380657.0
2025-05-11 09:00:00+09:00,0.1368,0.13687,0.12923,0.13074,66765679.0
2025-05-11 09:05:00+09:00,0.13073,0.13179,0.12858,0.13013,30142690.0
2025-05-11 09:10:00+09:00,0.13012,0.13167,0.12767,0.12985,22032030.0
2025-05-11 09:15:00+09:00,0.12985,0.12989,0.1264,0.12712,25487589.0
2025-05-11 09:20:00+09:00,0.12713,0.12732,0.1254,0.12641,18462644.0
2025-05-11 09:25:00+09:00,0.12642,0.1267,0.12128,0.12197,34172197.0
2025-05-11 09:30:00+09:00,0.12197,0.1259,0.12183,0.12566,30273420.0
2025-05-11 09:35:00+09:00,0.12567,0.12724,0.12454,0.12474,18785612.0
2025-05-11 09:40:00+09:00,0.12475,0.12743,0.12426,0.12667,15004144.0
2025-05-11 09:45:00+09:00,0.12667,0.12766,0.12591,0.12596,11910478.0
2025-05-11 09:50:00+09:00,0.126,0.12764,0.12563,0.12611,16049692.0
2025-05-11 09:55:00+09:00,0.12612,0.12753,0.12537,0.12588,10358907.0
2025-05-11 10:00:00+09:00,0.12588,0.12658,0.12461,0.12604,13728729.0
2025-05-11 10:05:00+09:00,0.12603,0.12755,0.12568,0.12709,9938820.0
2025-05-11 10:10:00+09:00,0.12707,0.12753,0.12601,0.12614,8286898.0
2025-05-11 10:15:00+09:00,0.12616,0.12805,0.12601,0.12726,11315464.0
2025-05-11 10:20:00+09:00,0.12725,0.12799,0.12494,0.12584,15253554.0
2025-05-11 10:25:00+09:00,0.12582,0.12622,0.12337,0.12529,17606921.0
2025-05-11 10:30:00+09:00,0.12531,0.12637,0.12425,0.12633,8907516.0
2025-05-11 10:35:00+09:00,0.12633,0.12694,0.1254,0.12602,7521334.0
2025-05-11 10:40:00+09:00,0.12601,0.12625,0.12483,0.12483,6231978.0
2025-05-11 10:45:00+09:00,0.12484,0.12496,0.12376,0.12395,10775460.0
2025-05-11 10:50:00+09:00,0.12398,0.12416,0.12101,0.12302,23225494.0
2025-05-11 10:55:00+09:00,0.12303,0.12392,0.12256,0.12359,9149064.0
2025-05-11 11:00:00+09:00,0.12359,0.1238,0.12139,0.12242,15362545.0
2025-05-11 11:05:00+09:00,0.12239,0.12308,0.12169,0.12245,8358724.0
2025-05-11 11:10:00+09:00,0.12238,0.1224,0.12007,0.12148,17808293.0
2025-05-11 11:15:00+09:00,0.12149,0.12205,0.12064,0.12181,10252766.0
2025-05-11 11:20:00+09:00,0.12181,0.12197,0.12071,0.12178,9268900.0
2025-05-11 11:25:00+09:00,0.12178,0.12259,0.12159,0.12204,6806475.0
2025-05-11 11:30:00+09:00,0.12203,0.1235,0.12116,0.12305,10174182.0
2025-05-11 11:35:00+09:00,0.12306,0.12347,0.12231,0.12268,6422837.0
2025-05-11 11:40:00+09:00,0.12266,0.12342,0.12252,0.12284,5016611.0
2025-05-11 11:45:00+09:00,0.12284,0.12284,0.12147,0.12153,6036379.0
2025-05-11 11:50:00+09:00,0.12151,0.12154,0.11801,0.11877,37336729.0
2025-05-11 11:55:00+09:00,0.11874,0.12075,0.1186,0.12024,11761428.0
2025-05-11 12:00:00+09:00,0.12021,0.12071,0.11928,0.11952,10174313.0
2025-05-11 12:05:00+09:00,0.11955,0.12071,0.11915,0.12062,5930044.0
2025-05-11 12:10:00+09:00,0.1206,0.12136,0.1201,0.12058,7934142.0
2025-05-11 12:15:00+09:00,0.12055,0.12234,0.12054,0.12178,8988493.0
2025-05-11 12:20:00+09:00,0.12177,0.12239,0.12106,0.122,7167592.0
2025-05-11 12:25:00+09:00,0.12201,0.12239,0.12132,0.12227,4950552.0
2025-05-11 12:30:00+09:00,0.12228,0.12409,0.12192,0.12259,11250643.0
2025-05-11 12:35:00+09:00,0.12256,0.12321,0.12154,0.12321,10919228.0
2025-05-11 12:40:00+09:00,0.12322,0.12541,0.12312,0.12493,18305841.0
2025-05-11 12:45:00+09:00,0.12492,0.12673,0.12409,0.12467,18768606.0
2025-05-11 12:50:00+09:00,0.12464,0.12522,0.12371,0.1238,13052927.0
2025-05-11 12:55:00+09:00,0.12376,0.12485,0.12369,0.12398,6217733.0
2025-05-11 13:00:00+09:00,0.12398,0.12456,0.12309,0.12371,11389056.0
2025-05-11 13:05:00+09:00,0.12367,0.1243,0.12337,0.1243,5562750.0
2025-05-11 13:10:00+09:00,0.12432,0.12549,0.1239,0.12529,10531303.0
2025-05-11 13:15:00+09:00,0.12532,0.1257,0.12441,0.12463,6059558.0
2025-05-11 13:20:00+09:00,0.12466,0.12532,0.12435,0.12517,4586075.0
2025-05-11 13:25:00+09:00,0.12516,0.12623,0.12509,0.12581,7245493.0
2025-05-11 13:30:00+09:00,0.12581,0.12662,0.12512,0.12642,6072291.0
2025-05-11 13:35:00+09:00,0.12645,0.12758,0.12524,0.12592,13507034.0
2025-05-11 13:40:00+09:00,0.12594,0.12688,0.12593,0.12669,4209446.0
2025-05-11 13:45:00+09:00,0.12667,0.12695,0.12581,0.12616,6130744.0
2025-05-11 13:50:00+09:00,0.12619,0.12695,0.12591,0.1265,6739319.0
2025-05-11 13:55:00+09:00,0.1265,0.12671,0.126,0.12662,4612976.0
2025-05-11 14:00:00+09:00,0.12661,0.12734,0.12589,0.12698,9305074.0
2025-05-11 14:05:00+09:00,0.12698,0.12699,0.1253,0.12568,8549613.0
2025-05-11 14:10:00+09:00,0.12567,0.12607,0.12437,0.12469,12875090.0
2025-05-11 14:15:00+09:00,0.1247,0.12565,0.12418,0.12515,8122008.0
2025-05-11 14:20:00+09:00,0.12514,0.12535,0.12431,0.12462,5526882.0
2025-05-11 14:25:00+09:00,0.12463,0.12499,0.12436,0.12472,5743014.0
2025-05-11 14:30:00+09:00,0.12468,0.1249,0.12381,0.1243,5310877.0
2025-05-11 14:35:00+09:00,0.12434,0.12484,0.12373,0.12393,5562177.0
2025-05-11 14:40:00+09:00,0.12389,0.12446,0.12348,0.124,6703274.0
2025-05-11 14:45:00+09:00,0.12402,0.12424,0.12334,0.12374,4826221.0
2025-05-11 14:50:00+09:00,0.12373,0.12415,0.12314,0.12347,7957955.0
2025-05-11 14:55:00+09:00,0.12347,0.12384,0.1228,0.12352,5594437.0
2025-05-11 15:00:00+09:00,0.12353,0.12428,0.12321,0.12387,8398154.0
2025-05-11 15:05:00+09:00,0.12385,0.1255,0.12312,0.12513,11223792.0
2025-05-11 15:10:00+09:00,0.1252,0.1252,0.12427,0.12471,5649186.0
2025-05-11 15:15:00+09:00,0.12468,0.12631,0.12467,0.12597,11140632.0
2025-05-11 15:20:00+09:00,0.12598,0.12706,0.12586,0.12696,8743783.0
2025-05-11 15:25:00+09:00,0.12694,0.12799,0.12626,0.12782,9417770.0
2025-05-11 15:30:00+09:00,0.12784,0.13,0.12774,0.12883,25397485.0
2025-05-11 15:35:00+09:00,0.12883,0.12889,0.12745,0.12789,9447753.0
2025-05-11 15:40:00+09:00,0.12789,0.12807,0.12635,0.12676,13189354.0
2025-05-11 15:45:00+09:00,0.12673,0.12725,0.1257,0.1267,10371629.0
2025-05-11 15:50:00+09:00,0.12668,0.12728,0.12638,0.12713,6023813.0
2025-05-11 15:55:00+09:00,0.12714,0.12953,0.12714,0.12872,13486554.0
2025-05-11 16:00:00+09:00,0.12872,0.12893,0.12653,0.12685,15112734.0
2025-05-11 16:05:00+09:00,0.12688,0.12719,0.12565,0.12628,11934051.0
2025-05-11 16:10:00+09:00,0.12626,0.12832,0.12605,0.1283,10417458.0
2025-05-11 16:15:00+09:00,0.1283,0.12867,0.1268,0.12854,9486220.0
2025-05-11 16:20:00+09:00,0.12855,0.13021,0.1285,0.12931,18318442.0
2025-05-11 16:25:00+09:00,0.12931,0.12949,0.12767,0.12797,11012687.0
2025-05-11 16:30:00+09:00,0.12795,0.12835,0.12643,0.12743,12724968.0
2025-05-11 16:35:00+09:00,0.12743,0.12791,0.126,0.12636,8860178.0
2025-05-11 16:40:00+09:00,0.12635,0.12638,0.12477,0.12556,19866561.0
2025-05-11 16:45:00+09:00,0.12554,0.1277,0.1255,0.12698,11673361.0
2025-05-11 16:50:00+09:00,0.12696,0.12729,0.12591,0.12696,4876005.0
2025-05-11 16:55:00+09:00,0.12694,0.1275,0.12553,0.12577,8011085.0
2025-05-11 17:00:00+09:00,0.12575,0.12633,0.12461,0.12555,13595149.0
2025-05-11 17:05:00+09:00,0.12555,0.12565,0.12372,0.12442,13504497.0
2025-05-11 17:10:00+09:00,0.12443,0.12472,0.12343,0.12366,11115349.0
2025-05-11 17:15:00+09:00,0.12365,0.12446,0.12318,0.12409,11431480.0
2025-05-11 17:20:00+09:00,0.12409,0.12522,0.12372,0.12376,8856077.0
2025-05-11 17:25:00+09:00,0.12377,0.12597,0.12373,0.12514,11229153.0
2025-05-11 17:30:00+09:00,0.12515,0.12516,0.1203,0.12161,31534913.0
2025-05-11 17:35:00+09:00,0.12163,0.13153,0.1216,0.12946,80719307.0
2025-05-11 17:40:00+09:00,0.12943,0.1365,0.12936,0.12977,94876087.0
2025-05-11 17:45:00+09:00,0.12974,0.13295,0.12721,0.1291,45385851.0
2025-05-11 17:50:00+09:00,0.1291,0.13041,0.12723,0.12843,27377037.0
2025-05-11 17:55:00+09:00,0.12849,0.12979,0.12752,0.12789,12419840.0
2025-05-11 18:00:00+09:00,0.12789,0.13109,0.12773,0.13052,21392219.0
2025-05-11 18:05:00+09:00,0.13052,0.13465,0.13031,0.13394,29991306.0
2025-05-11 18:10:00+09:00,0.13398,0.13596,0.1308,0.13309,51649369.0
2025-05-11 18:15:00+09:00,0.13309,0.13459,0.131,0.13355,22274380.0
2025-05-11 18:20:00+09:00,0.13354,0.13407,0.13027,0.13242,22707135.0
2025-05-11 18:25:00+09:00,0.13245,0.1326,0.13101,0.13134,8048639.0
2025-05-11 18:30:00+09:00,0.13135,0.13368,0.13091,0.13239,15240403.0
2025-05-11 18:35:00+09:00,0.13238,0.13436,0.13238,0.13281,13833773.0
2025-05-11 18:40:00+09:00,0.13286,0.13659,0.13283,0.13584,33238965.0
2025-05-11 18:45:00+09:00,0.13583,0.1372,0.13426,0.13478,24774563.0
2025-05-11 18:50:00+09:00,0.13474,0.13483,0.13206,0.13367,26692872.0
2025-05-11 18:55:00+09:00,0.13368,0.13612,0.1334,0.13536,15246882.0
2025-05-11 19:00:00+09:00,0.13536,0.13888,0.13379,0.13878,33838133.0
2025-05-11 19:05:00+09:00,0.13877,0.1435,0.13732,0.14228,66711057.0
2025-05-11 19:10:00+09:00,0.14228,0.14415,0.14009,0.14196,38590588.0
2025-05-11 19:15:00+09:00,0.14193,0.14422,0.14024,0.14082,41413220.0
2025-05-11 19:20:00+09:00,0.14081,0.14297,0.13854,0.14263,36705491.0
2025-05-11 19:25:00+09:00,0.14258,0.14538,0.14195,0.1453,33547274.0
2025-05-11 19:30:00+09:00,0.14525,0.1555,0.14414,0.15322,113157605.0
2025-05-11 19:35:00+09:00,0.1533,0.1643,0.15323,0.16062,156250967.0
2025-05-11 19:40:00+09:00,0.16067,0.16476,0.15868,0.16201,88594810.0
2025-05-11 19:45:00+09:00,0.16195,0.16359,0.15764,0.15999,79188986.0
2025-05-11 19:50:00+09:00,0.15995,0.1626,0.15794,0.16212,55204603.0
2025-05-11 19:55:00+09:00,0.16212,0.168,0.15873,0.1599,123573404.0
2025-05-11 20:00:00+09:00,0.15998,0.16399,0.15699,0.16334,79146296.0
2025-05-11 20:05:00+09:00,0.16334,0.16449,0.16046,0.16182,34230249.0
2025-05-11 20:10:00+09:00,0.16192,0.16366,0.1617,0.16319,24887604.0
2025-05-11 20:15:00+09:00,0.16315,0.16993,0.16312,0.16494,104792517.0
2025-05-11 20:20:00+09:00,0.16488,0.16493,0.16118,0.16314,46415603.0
2025-05-11 20:25:00+09:00,0.1631,0.16372,0.15858,0.1619,58953855.0
2025-05-11 20:30:00+09:00,0.16185,0.16311,0.158,0.16181,37460813.0
2025-05-11 20:35:00+09:00,0.16188,0.16395,0.16096,0.16124,26861239.0
2025-05-11 20:40:00+09:00,0.16128,0.16433,0.16036,0.16311,22255654.0
2025-05-11 20:45:00+09:00,0.16311,0.166,0.16304,0.16517,37756804.0
2025-05-11 20:50:00+09:00,0.16517,0.1671,0.16435,0.16598,27468202.0
2025-05-11 20:55:00+09:00,0.16603,0.16921,0.16491,0.16547,43096809.0
2025-05-11 21:00:00+09:00,0.16549,0.173,0.16534,0.16881,95946267.0
2025-05-11 21:05:00+09:00,0.16879,0.17298,0.16701,0.16879,55659420.0
2025-05-11 21:10:00+09:00,0.16878,0.17063,0.16541,0.1662,47778243.0
2025-05-11 21:15:00+09:00,0.16615,0.16645,0.16237,0.16448,40081023.0
2025-05-11 21:20:00+09:00,0.1645,0.16678,0.16269,0.16621,23299608.0
2025-05-11 21:25:00+09:00,0.16621,0.16829,0.16598,0.16741,26147410.0
2025-05-11 21:30:00+09:00,0.16746,0.17071,0.16597,0.16858,46021824.0
2025-05-11 21:35:00+09:00,0.16857,0.17128,0.168,0.16972,39892710.0
2025-05-11 21:40:00+09:00,0.16972,0.17297,0.16738,0.17244,52225627.0
2025-05-11 21:45:00+09:00,0.17249,0.18337,0.17221,0.18176,148336833.0
2025-05-11 21:50:00+09:00,0.18175,0.18281,0.17853,0.18066,76033589.0
2025-05-11 21:55:00+09:00,0.18069,0.18445,0.17876,0.18234,70251234.0
2025-05-11 22:00:00+09:00,0.18233,0.1893,0.181,0.18571,118996285.0
2025-05-11 22:05:00+09:00,0.18569,0.18788,0.18401,0.18563,50506066.0
2025-05-11 22:10:00+09:00,0.18571,0.18943,0.18411,0.18614,66620485.0
2025-05-11 22:15:00+09:00,0.18614,0.1872,0.17924,0.18195,88289927.0
2025-05-11 22:20:00+09:00,0.1819,0.18666,0.1818,0.18294,55773249.0
2025-05-11 22:25:00+09:00,0.18298,0.18388,0.17821,0.18071,71292210.0
2025-05-11 22:30:00+09:00,0.18074,0.18192,0.17446,0.18127,92521112.0
2025-05-11 22:35:00+09:00,0.18124,0.18761,0.181,0.18505,72547620.0
2025-05-11 22:40:00+09:00,0.18506,0.18889,0.182,0.18615,65491397.0
2025-05-11 22:45:00+09:00,0.1861,0.18752,0.17818,0.18009,76988762.0
2025-05-11 22:50:00+09:00,0.18006,0.18429,0.17996,0.182,34701232.0
2025-05-11 22:55:00+09:00,0.182,0.18258,0.17752,0.17818,51172656.0
2025-05-11 23:00:00+09:00,0.17815,0.18125,0.17596,0.1808,62290030.0
2025-05-11 23:05:00+09:00,0.18072,0.18352,0.17771,0.18208,48830069.0
2025-05-11 23:10:00+09:00,0.18204,0.18339,0.17915,0.17962,43006523.0
2025-05-11 23:15:00+09:00,0.17961,0.18314,0.17762,0.18127,44559906.0
2025-05-11 23:20:00+09:00,0.18128,0.185,0.18117,0.18435,42807216.0
2025-05-11 23:25:00+09:00,0.18434,0.18465,0.18176,0.18267,33635011.0
2025-05-11 23:30:00+09:00,0.1827,0.187,0.18151,0.18665,48016392.0
2025-05-11 23:35:00+09:00,0.18664,0.18699,0.18456,0.18634,37179090.0
2025-05-11 23:40:00+09:00,0.18634,0.19548,0.18362,0.19486,131683387.0
2025-05-11 23:45:00+09:00,0.19489,0.19687,0.19111,0.19332,99570514.0
2025-05-11 23:50:00+09:00,0.19332,0.195,0.19037,0.19236,54356283.0
2025-05-11 23:55:00+09:00,0.19233,0.19589,0.192,0.19317,63727854.0
2025-05-12 00:00:00+09:00,0.19317,0.202,0.1911,0.20064,102507934.0
2025-05-12 00:05:00+09:00,0.20055,0.2077,0.19866,0.2039,149552616.0
2025-05-12 00:10:00+09:00,0.20394,0.20993,0.20125,0.20855,103208035.0
2025-05-12 00:15:00+09:00,0.2086,0.21754,0.204,0.214,174863546.0
2025-05-12 00:20:00+09:00,0.21383,0.21598,0.20301,0.20471,134202907.0
2025-05-12 00:25:00+09:00,0.20472,0.20827,0.2018,0.2077,90713143.0
2025-05-12 00:30:00+09:00,0.20773,0.21348,0.20257,0.20989,96778026.0
2025-05-12 00:35:00+09:00,0.20986,0.21152,0.2068,0.211,41773908.0
2025-05-12 00:40:00+09:00,0.21098,0.21229,0.20547,0.20573,59067343.0
2025-05-12 00:45:00+09:00,0.2057,0.20864,0.20088,0.20216,68261074.0
2025-05-12 00:50:00+09:00,0.20216,0.2047,0.19666,0.19735,92417787.0
2025-05-12 00:55:00+09:00,0.19737,0.2056,0.19623,0.20319,82573963.0
2025-05-12 01:00:00+09:00,0.2032,0.20914,0.20081,0.20707,77402263.0
2025-05-12 01:05:00+09:00,0.20705,0.20799,0.20033,0.20548,63629508.0
2025-05-12 01:10:00+09:00,0.20547,0.2078,0.20267,0.20554,38257205.0
2025-05-12 01:15:00+09:00,0.20551,0.21882,0.20401,0.21249,126642724.0
2025-05-12 01:20:00+09:00,0.2125,0.21477,0.20837,0.21389,59728482.0
2025-05-12 01:25:00+09:00,0.21399,0.21732,0.21212,0.2161,54369137.0
2025-05-12 01:30:00+09:00,0.21606,0.22148,0.20911,0.21026,117353224.0
2025-05-12 01:35:00+09:00,0.21024,0.2155,0.20833,0.21354,52810670.0
2025-05-12 01:40:00+09:00,0.21355,0.21647,0.21086,0.21476,34210364.0
2025-05-12 01:45:00+09:00,0.21473,0.21482,0.2105,0.21163,33531941.0
2025-05-12 01:50:00+09:00,0.21163,0.21382,0.209,0.21243,36095659.0
2025-05-12 01:55:00+09:00,0.21242,0.21713,0.21046,0.21502,41714960.0
2025-05-12 02:00:00+09:00,0.21514,0.2215,0.21388,0.21551,75759342.0
2025-05-12 02:05:00+09:00,0.21551,0.21666,0.20711,0.20798,85161613.0
2025-05-12 02:10:00+09:00,0.20794,0.20931,0.19233,0.19458,236923286.0
2025-05-12 02:15:00+09:00,0.19458,0.20366,0.19432,0.20271,91040601.0
2025-05-12 02:20:00+09:00,0.20279,0.20373,0.19731,0.19949,53100935.0
2025-05-12 02:25:00+09:00,0.19952,0.20168,0.19756,0.20152,37696157.0
2025-05-12 02:30:00+09:00,0.20152,0.206,0.20048,0.20274,46230346.0
2025-05-12 02:35:00+09:00,0.20275,0.20487,0.19917,0.20048,32395575.0
2025-05-12 02:40:00+09:00,0.20047,0.20319,0.19827,0.20254,24983852.0
2025-05-12 02:45:00+09:00,0.20255,0.2047,0.19931,0.20403,27326581.0
2025-05-12 02:50:00+09:00,0.20403,0.20574,0.20241,0.20327,27008106.0
2025-05-12 02:55:00+09:00,0.20323,0.20444,0.20179,0.20366,18827566.0
2025-05-12 03:00:00+09:00,0.20366,0.21243,0.2013,0.20956,57925800.0
2025-05-12 03:05:00+09:00,0.20955,0.21123,0.20603,0.20961,47015435.0
2025-05-12 03:10:00+09:00,0.20963,0.212,0.20781,0.21028,34789749.0
2025-05-12 03:15:00+09:00,0.2103,0.21147,0.20743,0.2092,30393826.0
2025-05-12 03:20:00+09:00,0.20921,0.21339,0.20846,0.21044,38259697.0
2025-05-12 03:25:00+09:00,0.2104,0.21195,0.20937,0.21011,18262538.0
2025-05-12 03:30:00+09:00,0.21013,0.21127,0.19876,0.20218,78923911.0
2025-05-12 03:35:00+09:00,0.20214,0.21399,0.20178,0.21099,71480745.0
2025-05-12 03:40:00+09:00,0.21095,0.2148,0.21023,0.21088,39379217.0
2025-05-12 03:45:00+09:00,0.21088,0.21279,0.20884,0.20931,22956967.0
2025-05-12 03:50:00+09:00,0.20936,0.2125,0.20907,0.21119,18677242.0
2025-05-12 03:55:00+09:00,0.21118,0.21273,0.20999,0.21105,16705708.0
2025-05-12 04:00:00+09:00,0.21106,0.21248,0.20696,0.20805,31147254.0
2025-05-12 04:05:00+09:00,0.20806,0.20939,0.20518,0.20642,29493673.0
2025-05-12 04:10:00+09:00,0.20643,0.21124,0.20622,0.20927,19073566.0
2025-05-12 04:15:00+09:00,0.20928,0.212,0.20917,0.21168,17580895.0
2025-05-12 04:20:00+09:00,0.21164,0.21478,0.20853,0.2089,38261985.0
2025-05-12 04:25:00+09:00,0.20892,0.21162,0.20833,0.21123,16625149.0
2025-05-12 04:30:00+09:00,0.21124,0.21344,0.20901,0.20959,23634384.0
2025-05-12 04:35:00+09:00,0.20957,0.21079,0.20791,0.20969,18550392.0
2025-05-12 04:40:00+09:00,0.20963,0.21062,0.20637,0.20725,25485843.0
2025-05-12 04:45:00+09:00,0.20724,0.21034,0.20708,0.20896,16556237.0
2025-05-12 04:50:00+09:00,0.20899,0.20914,0.20661,0.20715,14724146.0
2025-05-12 04:55:00+09:00,0.20711,0.20825,0.20456,0.20567,25825906.0
2025-05-12 05:00:00+09:00,0.20564,0.20801,0.20363,0.2063,31597676.0
2025-05-12 05:05:00+09:00,0.20623,0.21031,0.20614,0.20945,22960632.0
2025-05-12 05:10:00+09:00,0.20945,0.21099,0.20871,0.21025,20131607.0
2025-05-12 05:15:00+09:00,0.21027,0.21127,0.2073,0.20794,18014330.0
2025-05-12 05:20:00+09:00,0.20798,0.20883,0.20725,0.20779,8862414.0
2025-05-12 05:25:00+09:00,0.20779,0.2085,0.20519,0.20567,14622530.0
2025-05-12 05:30:00+09:00,0.20566,0.207,0.20325,0.20671,24371052.0
2025-05-12 05:35:00+09:00,0.20672,0.20826,0.20553,0.20597,12414578.0
2025-05-12 05:40:00+09:00,0.20597,0.2071,0.20522,0.20539,9032206.0
2025-05-12 05:45:00+09:00,0.20544,0.20612,0.20278,0.205,21847898.0
2025-05-12 05:50:00+09:00,0.20499,0.2075,0.20467,0.20604,15463598.0
2025-05-12 05:55:00+09:00,0.20602,0.21,0.2048,0.20855,30727808.0
2025-05-12 06:00:00+09:00,0.20855,0.21098,0.2065,0.21046,29330254.0
2025-05-12 06:05:00+09:00,0.21043,0.21339,0.2087,0.21055,30122921.0
2025-05-12 06:10:00+09:00,0.21054,0.21074,0.20864,0.21024,11770832.0
2025-05-12 06:15:00+09:00,0.21024,0.21167,0.20955,0.2108,10745878.0
2025-05-12 06:20:00+09:00,0.21082,0.21384,0.20959,0.21172,12420507.0
2025-05-12 06:25:00+09:00,0.21168,0.21168,0.20969,0.20991,7963548.0
2025-05-12 06:30:00+09:00,0.20989,0.21051,0.20802,0.20856,14830711.0
2025-05-12 06:35:00+09:00,0.2085,0.20888,0.20513,0.20715,21042528.0
2025-05-12 06:40:00+09:00,0.20712,0.2079,0.20594,0.20743,7930200.0
2025-05-12 06:45:00+09:00,0.20742,0.21133,0.2068,0.21005,13272928.0
2025-05-12 06:50:00+09:00,0.21008,0.21222,0.21006,0.21166,15231633.0
2025-05-12 06:55:00+09:00,0.21169,0.21717,0.211,0.21552,37192017.0
2025-05-12 07:00:00+09:00,0.21551,0.23508,0.21335,0.22599,153659775.0
2025-05-12 07:05:00+09:00,0.22593,0.22781,0.22211,0.22699,46633141.0
2025-05-12 07:10:00+09:00,0.22704,0.22904,0.22477,0.22694,32415861.0
2025-05-12 07:15:00+09:00,0.22693,0.22886,0.223,0.22602,35857754.0
2025-05-12 07:20:00+09:00,0.226,0.22799,0.22404,0.22442,20136117.0
2025-05-12 07:25:00+09:00,0.22442,0.22602,0.219,0.22315,40773889.0
2025-05-12 07:30:00+09:00,0.22314,0.2249,0.21929,0.22149,23154325.0
2025-05-12 07:35:00+09:00,0.22143,0.22143,0.21745,0.21952,29794309.0
2025-05-12 07:40:00+09:00,0.21953,0.22244,0.21838,0.22017,18414174.0
2025-05-12 07:45:00+09:00,0.22024,0.22228,0.21843,0.21918,17848016.0
2025-05-12 07:50:00+09:00,0.21918,0.22238,0.21665,0.22112,23068221.0
2025-05-12 07:55:00+09:00,0.22103,0.22443,0.22026,0.22217,18315592.0
2025-05-12 08:00:00+09:00,0.22212,0.2258,0.22074,0.22489,18297174.0
2025-05-12 08:05:00+09:00,0.22486,0.22649,0.22379,0.22514,20988377.0
2025-05-12 08:10:00+09:00,0.22514,0.227,0.22356,0.22526,16846266.0
2025-05-12 08:15:00+09:00,0.22527,0.2329,0.22527,0.23002,40230299.0
2025-05-12 08:20:00+09:00,0.23002,0.23002,0.22629,0.22796,20511031.0
2025-05-12 08:25:00+09:00,0.22793,0.2287,0.22514,0.22545,17716820.0
2025-05-12 08:30:00+09:00,0.22547,0.22586,0.22042,0.22193,27569668.0
2025-05-12 08:35:00+09:00,0.22192,0.22468,0.2212,0.22219,19646979.0
2025-05-12 08:40:00+09:00,0.22221,0.22253,0.22002,0.2221,18162280.0
2025-05-12 08:45:00+09:00,0.22215,0.22347,0.21954,0.22059,16185147.0
2025-05-12 08:50:00+09:00,0.22063,0.2222,0.21915,0.22113,12341476.0
2025-05-12 08:55:00+09:00,0.22114,0.22299,0.21946,0.22207,14979618.0
2025-05-12 09:00:00+09:00,0.22213,0.22233,0.21624,0.21826,39823035.0
2025-05-12 09:05:00+09:00,0.21833,0.22698,0.21805,0.2268,46868381.0
2025-05-12 09:10:00+09:00,0.22687,0.23178,0.22574,0.23106,43056127.0
2025-05-12 09:15:00+09:00,0.23101,0.23389,0.22672,0.227,53560114.0
2025-05-12 09:20:00+09:00,0.227,0.2384,0.22624,0.23448,72569032.0
2025-05-12 09:25:00+09:00,0.23458,0.24369,0.2323,0.24151,57588515.0
2025-05-12 09:30:00+09:00,0.24141,0.24947,0.24092,0.24493,95601626.0
2025-05-12 09:35:00+09:00,0.24499,0.24505,0.23917,0.24101,37218859.0
2025-05-12 09:40:00+09:00,0.24091,0.24717,0.23903,0.24034,34230069.0
2025-05-12 09:45:00+09:00,0.24027,0.24189,0.2383,0.24054,19659408.0
2025-05-12 09:50:00+09:00,0.2405,0.24476,0.24012,0.24344,20549750.0
2025-05-12 09:55:00+09:00,0.24346,0.25,0.2422,0.24848,48152840.0
2025-05-12 10:00:00+09:00,0.24845,0.25371,0.24345,0.2473,61270598.0
2025-05-12 10:05:00+09:00,0.24735,0.26286,0.24715,0.26217,94241517.0
2025-05-12 10:10:00+09:00,0.26227,0.27587,0.26185,0.27003,132464586.0
2025-05-12 10:15:00+09:00,0.27003,0.27777,0.2674,0.26913,90866029.0
2025-05-12 10:20:00+09:00,0.26903,0.27136,0.26416,0.26917,58725355.0
2025-05-12 10:25:00+09:00,0.26927,0.2848,0.2665,0.2807,85959104.0
2025-05-12 10:30:00+09:00,0.28071,0.28592,0.26924,0.27078,94633014.0
2025-05-12 10:35:00+09:00,0.27064,0.27092,0.26169,0.26463,90987200.0
2025-05-12 10:40:00+09:00,0.26463,0.27443,0.25993,0.2734,71100192.0
2025-05-12 10:45:00+09:00,0.27335,0.27449,0.26556,0.2698,43178016.0
2025-05-12 10:50:00+09:00,0.2698,0.27434,0.26703,0.26953,31081015.0
2025-05-12 10:55:00+09:00,0.26952,0.27435,0.26823,0.27193,30880249.0
2025-05-12 11:00:00+09:00,0.27188,0.27933,0.27167,0.2765,46107461.0
2025-05-12 11:05:00+09:00,0.27654,0.28666,0.274,0.28233,65966547.0
2025-05-12 11:10:00+09:00,0.28239,0.2916,0.27769,0.27878,63856926.0
2025-05-12 11:15:00+09:00,0.27878,0.28692,0.27648,0.28615,40959995.0
2025-05-12 11:20:00+09:00,0.28615,0.28999,0.27925,0.27971,38697756.0
2025-05-12 11:25:00+09:00,0.27975,0.27987,0.26696,0.27063,84678866.0
2025-05-12 11:30:00+09:00,0.27065,0.2766,0.27026,0.27371,35977058.0
2025-05-12 11:35:00+09:00,0.2738,0.27673,0.27055,0.27217,22281543.0
2025-05-12 11:40:00+09:00,0.27217,0.27423,0.26909,0.27073,25401472.0
2025-05-12 11:45:00+09:00,0.27067,0.2782,0.27038,0.27506,26809189.0
2025-05-12 11:50:00+09:00,0.27497,0.27609,0.27101,0.27363,15096918.0
2025-05-12 11:55:00+09:00,0.27365,0.27642,0.27101,0.27546,21811603.0
2025-05-12 12:00:00+09:00,0.27546,0.27608,0.26533,0.26736,41306287.0
2025-05-12 12:05:00+09:00,0.26742,0.27134,0.265,0.26969,28653029.0
2025-05-12 12:10:00+09:00,0.26968,0.2828,0.26869,0.28016,37184886.0
2025-05-12 12:15:00+09:00,0.28005,0.2821,0.27501,0.28011,39055742.0
2025-05-12 12:20:00+09:00,0.28016,0.29494,0.2801,0.28977,92005331.0
2025-05-12 12:25:00+09:00,0.28977,0.29182,0.28,0.28325,54179696.0
2025-05-12 12:30:00+09:00,0.28325,0.28547,0.27857,0.28291,31086450.0
2025-05-12 12:35:00+09:00,0.28292,0.28344,0.2755,0.2781,29519566.0
2025-05-12 12:40:00+09:00,0.27813,0.27966,0.27192,0.27587,34296167.0
2025-05-12 12:45:00+09:00,0.27581,0.2803,0.27412,0.27711,26045168.0
2025-05-12 12:50:00+09:00,0.2771,0.28073,0.27514,0.28038,19846887.0
2025-05-12 12:55:00+09:00,0.28035,0.2835,0.27895,0.28195,20391089.0
2025-05-12 13:00:00+09:00,0.2819,0.28499,0.2766,0.28184,33482444.0
2025-05-12 13:05:00+09:00,0.28179,0.28398,0.27874,0.27952,17971329.0
2025-05-12 13:10:00+09:00,0.27946,0.28432,0.2786,0.28255,16012074.0
2025-05-12 13:15:00+09:00,0.2825,0.28718,0.27947,0.28011,31423126.0
2025-05-12 13:20:00+09:00,0.28023,0.28237,0.27783,0.27797,16865693.0
2025-05-12 13:25:00+09:00,0.27803,0.27837,0.27356,0.2766,25998520.0
2025-05-12 13:30:00+09:00,0.27665,0.2795,0.27382,0.27585,24129683.0
2025-05-12 13:35:00+09:00,0.2759,0.28253,0.27569,0.27966,24358294.0
2025-05-12 13:40:00+09:00,0.2796,0.28222,0.27905,0.28056,12533120.0
2025-05-12 13:45:00+09:00,0.2806,0.28229,0.27806,0.282,14038193.0
2025-05-12 13:50:00+09:00,0.28204,0.28664,0.28101,0.28396,25374054.0
2025-05-12 13:55:00+09:00,0.28396,0.284,0.2806,0.28149,14948747.0
2025-05-12 14:00:00+09:00,0.28149,0.28335,0.2785,0.27893,17630730.0
2025-05-12 14:05:00+09:00,0.27891,0.27987,0.276,0.27673,18137142.0
2025-05-12 14:10:00+09:00,0.27673,0.27749,0.25177,0.26185,150640984.0
2025-05-12 14:15:00+09:00,0.26184,0.26486,0.257,0.25901,62294422.0
2025-05-12 14:20:00+09:00,0.25902,0.26044,0.238,0.2471,183909644.0
2025-05-12 14:25:00+09:00,0.24717,0.24867,0.23846,0.24406,82483492.0
2025-05-12 14:30:00+09:00,0.2441,0.2482,0.234,0.23874,95586531.0
2025-05-12 14:35:00+09:00,0.23872,0.2476,0.23832,0.24635,55806139.0
2025-05-12 14:40:00+09:00,0.24635,0.25417,0.24571,0.25332,73857369.0
2025-05-12 14:45:00+09:00,0.25331,0.25729,0.25003,0.25571,59534031.0
2025-05-12 14:50:00+09:00,0.25577,0.25577,0.249,0.25065,38798139.0
2025-05-12 14:55:00+09:00,0.25065,0.25599,0.25064,0.25413,22349413.0
2025-05-12 15:00:00+09:00,0.25415,0.25919,0.25226,0.25577,34993705.0
2025-05-12 15:05:00+09:00,0.25581,0.25758,0.25306,0.25491,20445567.0
2025-05-12 15:10:00+09:00,0.25481,0.25735,0.25236,0.25659,19803099.0
2025-05-12 15:15:00+09:00,0.25659,0.264,0.25516,0.2608,43206530.0
2025-05-12 15:20:00+09:00,0.26082,0.26445,0.25868,0.26277,31470587.0
2025-05-12 15:25:00+09:00,0.26273,0.26488,0.2614,0.26407,21264015.0
2025-05-12 15:30:00+09:00,0.26412,0.26583,0.25915,0.26036,32464885.0
2025-05-12 15:35:00+09:00,0.26036,0.26446,0.25947,0.2612,25246533.0
2025-05-12 15:40:00+09:00,0.26122,0.2645,0.26049,0.26316,23156779.0
2025-05-12 15:45:00+09:00,0.2632,0.26962,0.26253,0.26808,42733656.0
2025-05-12 15:50:00+09:00,0.26814,0.26934,0.26565,0.26816,27682669.0
2025-05-12 15:55:00+09:00,0.26816,0.26993,0.2661,0.26628,17470175.0
2025-05-12 16:00:00+09:00,0.26633,0.2791,0.26626,0.27849,84362994.0
2025-05-12 16:05:00+09:00,0.27861,0.27861,0.27159,0.27381,45287162.0
2025-05-12 16:10:00+09:00,0.27379,0.27583,0.27135,0.27451,24500941.0
2025-05-12 16:15:00+09:00,0.27451,0.27499,0.26685,0.27078,37325488.0
2025-05-12 16:20:00+09:00,0.27075,0.27414,0.27038,0.27242,24141155.0
2025-05-12 16:25:00+09:00,0.27235,0.27668,0.27069,0.27528,21659438.0
2025-05-12 16:30:00+09:00,0.27532,0.27744,0.27037,0.2747,38476843.0
2025-05-12 16:35:00+09:00,0.27467,0.27499,0.27114,0.27354,19907744.0
2025-05-12 16:40:00+09:00,0.27361,0.2747,0.26664,0.2715,41585209.0
2025-05-12 16:45:00+09:00,0.27154,0.27265,0.25,0.25782,98947039.0
2025-05-12 16:50:00+09:00,0.25784,0.26494,0.25551,0.2628,48720679.0
2025-05-12 16:55:00+09:00,0.26277,0.26626,0.25879,0.26248,33197009.0
2025-05-12 17:00:00+09:00,0.26248,0.26527,0.26,0.26276,30392738.0
2025-05-12 17:05:00+09:00,0.26282,0.26297,0.25836,0.25908,27636949.0
2025-05-12 17:10:00+09:00,0.25912,0.26021,0.25302,0.25999,57269376.0
2025-05-12 17:15:00+09:00,0.26006,0.2667,0.25823,0.26416,48208639.0
2025-05-12 17:20:00+09:00,0.26414,0.26416,0.25757,0.2597,29253952.0
2025-05-12 17:25:00+09:00,0.25968,0.2631,0.2582,0.26106,25695050.0
2025-05-12 17:30:00+09:00,0.2611,0.26324,0.25916,0.25934,18164554.0
2025-05-12 17:35:00+09:00,0.25931,0.26261,0.2584,0.26161,16452548.0
2025-05-12 17:40:00+09:00,0.26168,0.26591,0.26,0.26489,22985951.0
2025-05-12 17:45:00+09:00,0.26484,0.2741,0.26404,0.27054,48099733.0
2025-05-12 17:50:00+09:00,0.27056,0.27574,0.2686,0.2697,30068950.0
2025-05-12 17:55:00+09:00,0.26968,0.2701,0.26597,0.26758,23071861.0
2025-05-12 18:00:00+09:00,0.26763,0.2709,0.26584,0.26738,22747027.0
2025-05-12 18:05:00+09:00,0.26734,0.26871,0.2649,0.26571,18295340.0
2025-05-12 18:10:00+09:00,0.26572,0.26922,0.26555,0.26695,15310638.0
2025-05-12 18:15:00+09:00,0.26697,0.27185,0.26655,0.26783,21477833.0
2025-05-12 18:20:00+09:00,0.26774,0.27158,0.26702,0.27021,19256291.0
2025-05-12 18:25:00+09:00,0.27017,0.27231,0.2689,0.27161,19475867.0
2025-05-12 18:30:00+09:00,0.27165,0.27218,0.26783,0.26898,16141903.0
2025-05-12 18:35:00+09:00,0.26898,0.27021,0.26203,0.26281,37175598.0
2025-05-12 18:40:00+09:00,0.26284,0.2646,0.259,0.26355,37278760.0
2025-05-12 18:45:00+09:00,0.2635,0.26593,0.26115,0.26192,19557728.0
2025-05-12 18:50:00+09:00,0.26195,0.26338,0.25862,0.26138,26472192.0
2025-05-12 18:55:00+09:00,0.26135,0.26224,0.25681,0.25862,25819853.0
2025-05-12 19:00:00+09:00,0.25861,0.2625,0.25688,0.25994,27686287.0
2025-05-12 19:05:00+09:00,0.25986,0.264,0.2598,0.26058,25339597.0
2025-05-12 19:10:00+09:00,0.26057,0.26086,0.25754,0.25894,25895947.0
2025-05-12 19:15:00+09:00,0.25894,0.26144,0.25601,0.25792,21926804.0
2025-05-12 19:20:00+09:00,0.25796,0.26132,0.25683,0.26106,16739745.0
2025-05-12 19:25:00+09:00,0.26105,0.268,0.26024,0.26635,38890147.0
2025-05-12 19:30:00+09:00,0.26634,0.269,0.26351,0.26478,27367564.0
2025-05-12 19:35:00+09:00,0.2647,0.2666,0.26222,0.2658,15596330.0
2025-05-12 19:40:00+09:00,0.26582,0.268,0.26306,0.26385,13162034.0
2025-05-12 19:45:00+09:00,0.26376,0.26787,0.2625,0.26603,19531126.0
2025-05-12 19:50:00+09:00,0.26606,0.27486,0.26599,0.27108,47258901.0
2025-05-12 19:55:00+09:00,0.27108,0.27226,0.26824,0.27034,20810992.0
2025-05-12 20:00:00+09:00,0.27042,0.27589,0.26836,0.26887,36924186.0
2025-05-12 20:05:00+09:00,0.2689,0.27125,0.26667,0.26845,16474910.0
2025-05-12 20:10:00+09:00,0.26851,0.26948,0.266,0.26655,16762263.0
2025-05-12 20:15:00+09:00,0.26656,0.26834,0.26457,0.26718,16970402.0
2025-05-12 20:20:00+09:00,0.26719,0.26755,0.26427,0.26556,11074183.0
2025-05-12 20:25:00+09:00,0.26552,0.27,0.26552,0.2685,14366781.0
2025-05-12 20:30:00+09:00,0.26844,0.27293,0.26676,0.27263,22744754.0
2025-05-12 20:35:00+09:00,0.27261,0.27728,0.2704,0.27325,49171489.0
2025-05-12 20:40:00+09:00,0.27325,0.27336,0.26678,0.26712,29258713.0
2025-05-12 20:45:00+09:00,0.26713,0.26969,0.26551,0.26571,20637165.0
2025-05-12 20:50:00+09:00,0.26577,0.26682,0.25376,0.25786,110895288.0
2025-05-12 20:55:00+09:00,0.25785,0.25985,0.25566,0.25828,34367480.0
2025-05-12 21:00:00+09:00,0.25826,0.25933,0.25135,0.25309,61704555.0
2025-05-12 21:05:00+09:00,0.25313,0.25358,0.2445,0.24687,90256029.0
2025-05-12 21:10:00+09:00,0.24685,0.24867,0.24111,0.24576,65224937.0
2025-05-12 21:15:00+09:00,0.24572,0.2485,0.24257,0.24695,41146422.0
2025-05-12 21:20:00+09:00,0.24698,0.24715,0.24027,0.24438,45054800.0
2025-05-12 21:25:00+09:00,0.2444,0.24701,0.24091,0.2419,30827342.0
2025-05-12 21:30:00+09:00,0.24187,0.24638,0.23888,0.24631,48437377.0
2025-05-12 21:35:00+09:00,0.24623,0.24737,0.24328,0.24592,29451514.0
2025-05-12 21:40:00+09:00,0.24591,0.24669,0.24199,0.24594,23904718.0
2025-05-12 21:45:00+09:00,0.24593,0.25087,0.24478,0.24994,31832647.0
2025-05-12 21:50:00+09:00,0.25001,0.25166,0.24806,0.25013,23307551.0
2025-05-12 21:55:00+09:00,0.25013,0.25097,0.24815,0.2484,16513965.0
2025-05-12 22:00:00+09:00,0.2484,0.24989,0.24582,0.24852,25477341.0
2025-05-12 22:05:00+09:00,0.24853,0.24857,0.24337,0.24464,20126030.0
2025-05-12 22:10:00+09:00,0.24466,0.24846,0.24376,0.24409,17961189.0
2025-05-12 22:15:00+09:00,0.2441,0.24833,0.233,0.23776,85251275.0
2025-05-12 22:20:00+09:00,0.23779,0.24273,0.23759,0.24083,35779328.0
2025-05-12 22:25:00+09:00,0.24088,0.25504,0.24051,0.25135,78219635.0
2025-05-12 22:30:00+09:00,0.25134,0.25526,0.24766,0.25098,49605916.0
2025-05-12 22:35:00+09:00,0.25101,0.25266,0.246,0.24778,31632181.0
2025-05-12 22:40:00+09:00,0.24773,0.24922,0.24201,0.24327,34388998.0
2025-05-12 22:45:00+09:00,0.24329,0.24478,0.23866,0.24269,34723242.0
2025-05-12 22:50:00+09:00,0.24271,0.24888,0.24263,0.24518,31164477.0
2025-05-12 22:55:00+09:00,0.24525,0.24762,0.2438,0.24733,21054286.0
2025-05-12 23:00:00+09:00,0.24729,0.24948,0.24476,0.24704,22116523.0
2025-05-12 23:05:00+09:00,0.24702,0.25251,0.2469,0.2474,26123636.0
2025-05-12 23:10:00+09:00,0.24736,0.24899,0.24575,0.24784,15743998.0
2025-05-12 23:15:00+09:00,0.24784,0.25072,0.24623,0.24728,16927461.0
2025-05-12 23:20:00+09:00,0.24721,0.24745,0.24249,0.24285,21927719.0
2025-05-12 23:25:00+09:00,0.24284,0.24366,0.23385,0.23792,60957182.0
2025-05-12 23:30:00+09:00,0.23794,0.2466,0.23034,0.24303,87863079.0
2025-05-12 23:35:00+09:00,0.24295,0.24666,0.24105,0.24632,26432177.0
2025-05-12 23:40:00+09:00,0.24633,0.24843,0.24386,0.24638,21408329.0
2025-05-12 23:45:00+09:00,0.24626,0.24657,0.24285,0.24334,15515250.0
2025-05-12 23:50:00+09:00,0.2434,0.24429,0.23584,0.23743,31670130.0
2025-05-12 23:55:00+09:00,0.23731,0.24052,0.23645,0.23791,26717563.0
2025-05-13 00:00:00+09:00,0.23788,0.24046,0.22718,0.23023,95459994.0
2025-05-13 00:05:00+09:00,0.23023,0.23266,0.22604,0.22915,68992479.0
2025-05-13 00:10:00+09:00,0.22915,0.23066,0.22553,0.22902,48095076.0
2025-05-13 00:15:00+09:00,0.229,0.23556,0.227,0.23457,48265689.0
2025-05-13 00:20:00+09:00,0.23465,0.23595,0.23102,0.23135,33610041.0
2025-05-13 00:25:00+09:00,0.23136,0.23459,0.23136,0.23265,17256398.0
2025-05-13 00:30:00+09:00,0.23265,0.23763,0.2326,0.23556,23678122.0
2025-05-13 00:35:00+09:00,0.23551,0.23788,0.23184,0.23299,31369921.0
2025-05-13 00:40:00+09:00,0.23302,0.23499,0.23107,0.23157,21121286.0
2025-05-13 00:45:00+09:00,0.23158,0.23246,0.22806,0.22849,25213243.0
2025-05-13 00:50:00+09:00,0.2285,0.23514,0.22847,0.23416,23023960.0
2025-05-13 00:55:00+09:00,0.23415,0.23495,0.2295,0.23125,22428134.0
2025-05-13 01:00:00+09:00,0.23125,0.23338,0.22639,0.22764,36620430.0
2025-05-13 01:05:00+09:00,0.22762,0.23335,0.22751,0.23132,29250544.0
2025-05-13 01:10:00+09:00,0.23132,0.2384,0.23086,0.23797,31910901.0
2025-05-13 01:15:00+09:00,0.23794,0.24588,0.2368,0.24326,57119752.0
2025-05-13 01:20:00+09:00,0.24324,0.24462,0.24018,0.24266,23298058.0
2025-05-13 01:25:00+09:00,0.24268,0.24486,0.24168,0.24188,16733860.0
2025-05-13 01:30:00+09:00,0.24188,0.2444,0.24039,0.2425,17073502.0
2025-05-13 01:35:00+09:00,0.2425,0.24388,0.23941,0.23981,15073221.0
2025-05-13 01:40:00+09:00,0.2398,0.24299,0.23838,0.24174,17767711.0
2025-05-13 01:45:00+09:00,0.24169,0.2422,0.23926,0.24038,9768893.0
2025-05-13 01:50:00+09:00,0.24042,0.24417,0.24035,0.24309,17583456.0
2025-05-13 01:55:00+09:00,0.24312,0.24541,0.24227,0.2434,12026356.0
2025-05-13 02:00:00+09:00,0.24346,0.24533,0.24178,0.24419,18002901.0
2025-05-13 02:05:00+09:00,0.24419,0.24426,0.2422,0.24236,7978548.0
2025-05-13 02:10:00+09:00,0.24236,0.2473,0.24214,0.2465,16291617.0
2025-05-13 02:15:00+09:00,0.24655,0.24673,0.24259,0.24281,14700776.0
2025-05-13 02:20:00+09:00,0.24281,0.24372,0.23869,0.24079,18226151.0
2025-05-13 02:25:00+09:00,0.24077,0.24446,0.24054,0.24391,12818732.0
2025-05-13 02:30:00+09:00,0.24391,0.24536,0.24201,0.24281,14268263.0
2025-05-13 02:35:00+09:00,0.24276,0.24325,0.23971,0.24215,12240809.0
2025-05-13 02:40:00+09:00,0.24221,0.24234,0.23901,0.23911,11485925.0
2025-05-13 02:45:00+09:00,0.23919,0.24046,0.233,0.23409,35675489.0
2025-05-13 02:50:00+09:00,0.23404,0.23674,0.23266,0.23587,17033816.0
2025-05-13 02:55:00+09:00,0.23587,0.23684,0.23538,0.23664,9017803.0
2025-05-13 03:00:00+09:00,0.23659,0.24073,0.23606,0.24022,19122028.0
2025-05-13 03:05:00+09:00,0.2402,0.24042,0.231,0.23193,29738282.0
2025-05-13 03:10:00+09:00,0.23201,0.23542,0.2303,0.2343,19704987.0
2025-05-13 03:15:00+09:00,0.23432,0.24055,0.23395,0.23876,19481151.0
2025-05-13 03:20:00+09:00,0.23871,0.23924,0.23603,0.23616,11932365.0
2025-05-13 03:25:00+09:00,0.23618,0.23699,0.23197,0.2342,15842763.0
2025-05-13 03:30:00+09:00,0.23415,0.23712,0.23216,0.23619,21847246.0
2025-05-13 03:35:00+09:00,0.23614,0.23746,0.23093,0.23255,27816811.0
2025-05-13 03:40:00+09:00,0.23258,0.234,0.23028,0.23167,18682713.0
2025-05-13 03:45:00+09:00,0.2317,0.23547,0.225,0.22622,38136576.0
2025-05-13 03:50:00+09:00,0.22646,0.23884,0.22628,0.23756,44216698.0
2025-05-13 03:55:00+09:00,0.23756,0.24528,0.23745,0.2416,48497819.0
2025-05-13 04:00:00+09:00,0.24164,0.24343,0.23864,0.24117,32148887.0
2025-05-13 04:05:00+09:00,0.24125,0.24246,0.23946,0.23949,18701316.0
2025-05-13 04:10:00+09:00,0.23947,0.23972,0.23486,0.23798,26872923.0
2025-05-13 04:15:00+09:00,0.23802,0.24249,0.23802,0.23926,21796211.0
2025-05-13 04:20:00+09:00,0.23921,0.24025,0.23582,0.23706,15291561.0
2025-05-13 04:25:00+09:00,0.23713,0.23793,0.2355,0.23793,9741724.0
2025-05-13 04:30:00+09:00,0.23794,0.24036,0.23788,0.23802,10777322.0
2025-05-13 04:35:00+09:00,0.23799,0.23948,0.23693,0.23808,6145836.0
2025-05-13 04:40:00+09:00,0.23806,0.24247,0.23768,0.24154,13282850.0
2025-05-13 04:45:00+09:00,0.24149,0.24505,0.24126,0.24463,14092058.0
2025-05-13 04:50:00+09:00,0.24462,0.245,0.2377,0.24017,20414918.0
2025-05-13 04:55:00+09:00,0.24017,0.24248,0.23906,0.24224,8923715.0
2025-05-13 05:00:00+09:00,0.24218,0.24304,0.23973,0.24021,10638750.0
2025-05-13 05:05:00+09:00,0.24021,0.24242,0.24013,0.24117,10073100.0
2025-05-13 05:10:00+09:00,0.24104,0.24637,0.24092,0.24347,21957778.0
2025-05-13 05:15:00+09:00,0.24347,0.24507,0.23988,0.24105,12214218.0
2025-05-13 05:20:00+09:00,0.24099,0.24318,0.23941,0.24152,15097403.0
2025-05-13 05:25:00+09:00,0.24154,0.24239,0.23999,0.24109,6508039.0
2025-05-13 05:30:00+09:00,0.24109,0.24152,0.2377,0.23962,8244007.0
2025-05-13 05:35:00+09:00,0.23958,0.24048,0.23855,0.23994,6112882.0
2025-05-13 05:40:00+09:00,0.23993,0.24276,0.23951,0.24168,7760831.0
2025-05-13 05:45:00+09:00,0.24167,0.24316,0.2413,0.24237,9276733.0
2025-05-13 05:50:00+09:00,0.24235,0.24882,0.24174,0.2471,24808226.0
2025-05-13 05:55:00+09:00,0.24708,0.24716,0.24362,0.2437,9222363.0
2025-05-13 06:00:00+09:00,0.24371,0.24667,0.24249,0.2462,10646813.0
2025-05-13 06:05:00+09:00,0.2462,0.2485,0.24442,0.248,10902371.0
2025-05-13 06:10:00+09:00,0.24804,0.24827,0.24566,0.24691,7263567.0
2025-05-13 06:15:00+09:00,0.24696,0.25843,0.24664,0.2564,59613024.0
2025-05-13 06:20:00+09:00,0.25649,0.25649,0.25124,0.25281,18494750.0
2025-05-13 06:25:00+09:00,0.25285,0.25422,0.25142,0.25198,8876881.0
2025-05-13 06:30:00+09:00,0.252,0.25554,0.25105,0.25354,10766240.0
2025-05-13 06:35:00+09:00,0.25343,0.2592,0.25328,0.25833,15782752.0
2025-05-13 06:40:00+09:00,0.2583,0.2583,0.25437,0.25518,9215913.0
2025-05-13 06:45:00+09:00,0.25519,0.25522,0.25271,0.25345,7194485.0
2025-05-13 06:50:00+09:00,0.25351,0.25451,0.25149,0.25361,7259447.0
2025-05-13 06:55:00+09:00,0.2536,0.25412,0.25152,0.25153,5659769.0
2025-05-13 07:00:00+09:00,0.25151,0.2516,0.24719,0.24876,16520322.0
2025-05-13 07:05:00+09:00,0.24876,0.25066,0.2475,0.24758,9153518.0
2025-05-13 07:10:00+09:00,0.24755,0.25,0.2473,0.24885,9500906.0
2025-05-13 07:15:00+09:00,0.24886,0.2524,0.24868,0.2521,7029260.0
2025-05-13 07:20:00+09:00,0.25209,0.25494,0.25155,0.25472,8159668.0
2025-05-13 07:25:00+09:00,0.25472,0.25579,0.25285,0.25334,10500397.0
2025-05-13 07:30:00+09:00,0.25336,0.26536,0.2521,0.2644,29658685.0
2025-05-13 07:35:00+09:00,0.26433,0.26873,0.2615,0.26524,34354256.0
2025-05-13 07:40:00+09:00,0.26527,0.2675,0.2632,0.26606,20953358.0
2025-05-13 07:45:00+09:00,0.26605,0.26827,0.26236,0.26313,18652823.0
2025-05-13 07:50:00+09:00,0.2631,0.26393,0.26065,0.26115,13413591.0
2025-05-13 07:55:00+09:00,0.26114,0.26135,0.25847,0.26117,14326488.0
2025-05-13 08:00:00+09:00,0.26117,0.26642,0.25845,0.26472,21105967.0
2025-05-13 08:05:00+09:00,0.26473,0.26598,0.26128,0.26358,12034820.0
2025-05-13 08:10:00+09:00,0.26357,0.26468,0.26171,0.26276,9514992.0
2025-05-13 08:15:00+09:00,0.2627,0.26846,0.26106,0.26628,14567183.0
2025-05-13 08:20:00+09:00,0.26622,0.26932,0.26506,0.26897,14469643.0
2025-05-13 08:25:00+09:00,0.26888,0.27134,0.26606,0.26617,21734711.0
2025-05-13 08:30:00+09:00,0.26613,0.26617,0.26132,0.26276,15783928.0
2025-05-13 08:35:00+09:00,0.26275,0.26281,0.25917,0.26161,11712164.0
2025-05-13 08:40:00+09:00,0.26156,0.26216,0.25669,0.25899,12580096.0
2025-05-13 08:45:00+09:00,0.25898,0.26299,0.2581,0.26243,9526062.0
2025-05-13 08:50:00+09:00,0.26245,0.26684,0.26239,0.26529,14665608.0
2025-05-13 08:55:00+09:00,0.26529,0.26613,0.26358,0.26376,9564627.0
2025-05-13 09:00:00+09:00,0.26377,0.26523,0.25913,0.2622,15955610.0
2025-05-13 09:05:00+09:00,0.26219,0.26359,0.25911,0.25983,14218468.0
2025-05-13 09:10:00+09:00,0.25977,0.26018,0.2531,0.25492,24970715.0
2025-05-13 09:15:00+09:00,0.25487,0.25697,0.2536,0.25476,15182560.0
2025-05-13 09:20:00+09:00,0.25467,0.25709,0.25268,0.25648,13332888.0
2025-05-13 09:25:00+09:00,0.2565,0.25713,0.25437,0.25596,8767344.0
2025-05-13 09:30:00+09:00,0.25594,0.25632,0.25323,0.25494,14037539.0
2025-05-13 09:35:00+09:00,0.25497,0.25782,0.25492,0.25732,7967215.0
2025-05-13 09:40:00+09:00,0.25734,0.2574,0.25321,0.25368,10630701.0
2025-05-13 09:45:00+09:00,0.25368,0.25601,0.25069,0.25582,15533377.0
2025-05-13 09:50:00+09:00,0.25578,0.25592,0.25271,0.25518,7482079.0
2025-05-13 09:55:00+09:00,0.25518,0.25531,0.25257,0.25319,5063986.0
2025-05-13 10:00:00+09:00,0.25319,0.2575,0.25319,0.25739,11045816.0
2025-05-13 10:05:00+09:00,0.25742,0.25774,0.25211,0.25225,10995747.0
2025-05-13 10:10:00+09:00,0.25226,0.25458,0.24982,0.25218,15209995.0
2025-05-13 10:15:00+09:00,0.25218,0.257,0.25196,0.25568,15710353.0
2025-05-13 10:20:00+09:00,0.25571,0.25779,0.25386,0.25731,10892180.0
2025-05-13 10:25:00+09:00,0.25733,0.2605,0.25628,0.2564,16616812.0
2025-05-13 10:30:00+09:00,0.25644,0.264,0.2559,0.26148,18445099.0
2025-05-13 10:35:00+09:00,0.26154,0.26268,0.25716,0.25813,15275339.0
2025-05-13 10:40:00+09:00,0.25824,0.2583,0.25106,0.2529,26544622.0
2025-05-13 10:45:00+09:00,0.2529,0.25513,0.25,0.25321,12915930.0
2025-05-13 10:50:00+09:00,0.25321,0.25614,0.25272,0.25496,8968922.0
2025-05-13 10:55:00+09:00,0.25496,0.25531,0.25183,0.2525,8050472.0
2025-05-13 11:00:00+09:00,0.2525,0.25329,0.236,0.23696,61423048.0
2025-05-13 11:05:00+09:00,0.23694,0.2407,0.23101,0.23709,60467203.0
2025-05-13 11:10:00+09:00,0.23711,0.23759,0.23008,0.2333,32183770.0
2025-05-13 11:15:00+09:00,0.23329,0.23558,0.23012,0.23283,25601493.0
2025-05-13 11:20:00+09:00,0.23277,0.23678,0.23194,0.23237,25555552.0
2025-05-13 11:25:00+09:00,0.23238,0.24056,0.23171,0.23936,24010550.0
2025-05-13 11:30:00+09:00,0.23937,0.23949,0.235,0.23694,14515986.0
2025-05-13 11:35:00+09:00,0.23694,0.23787,0.23435,0.23681,12999862.0
2025-05-13 11:40:00+09:00,0.23674,0.239,0.23612,0.2371,10400527.0
2025-05-13 11:45:00+09:00,0.23715,0.23965,0.23537,0.23687,12414174.0
2025-05-13 11:50:00+09:00,0.23687,0.23949,0.23532,0.23892,9247554.0
2025-05-13 11:55:00+09:00,0.23894,0.23926,0.23745,0.23841,5403105.0
2025-05-13 12:00:00+09:00,0.2384,0.24584,0.23839,0.24121,23090085.0
2025-05-13 12:05:00+09:00,0.24107,0.2433,0.23997,0.24257,8224979.0
2025-05-13 12:10:00+09:00,0.24259,0.24357,0.24048,0.241,8317741.0
2025-05-13 12:15:00+09:00,0.24098,0.24151,0.23781,0.2389,11233745.0
2025-05-13 12:20:00+09:00,0.23891,0.23985,0.23661,0.23712,11183107.0
2025-05-13 12:25:00+09:00,0.23714,0.23978,0.23713,0.238,9802934.0
2025-05-13 12:30:00+09:00,0.238,0.23999,0.23596,0.2382,10547996.0
2025-05-13 12:35:00+09:00,0.2382,0.23943,0.23686,0.23752,6890620.0
2025-05-13 12:40:00+09:00,0.23755,0.23974,0.23702,0.23897,6025873.0
2025-05-13 12:45:00+09:00,0.23901,0.23917,0.23333,0.23429,15893731.0
2025-05-13 12:50:00+09:00,0.2343,0.23544,0.23157,0.23525,19316645.0
2025-05-13 12:55:00+09:00,0.23528,0.23599,0.2335,0.23445,7827272.0
2025-05-13 13:00:00+09:00,0.23444,0.238,0.23375,0.23499,14657252.0
2025-05-13 13:05:00+09:00,0.23485,0.23641,0.23317,0.23381,15595661.0
2025-05-13 13:10:00+09:00,0.23389,0.23451,0.2286,0.23351,22569118.0
2025-05-13 13:15:00+09:00,0.23346,0.24082,0.233,0.24025,22066664.0
2025-05-13 13:20:00+09:00,0.24027,0.24064,0.23771,0.23925,18596590.0
2025-05-13 13:25:00+09:00,0.23925,0.24245,0.2391,0.23942,18156661.0
2025-05-13 13:30:00+09:00,0.23946,0.24017,0.23792,0.23919,7966676.0
2025-05-13 13:35:00+09:00,0.23918,0.24037,0.23721,0.24001,7712976.0
2025-05-13 13:40:00+09:00,0.24002,0.2428,0.23898,0.24058,9626706.0
2025-05-13 13:45:00+09:00,0.24054,0.24303,0.24035,0.24107,9933100.0
2025-05-13 13:50:00+09:00,0.2411,0.242,0.24025,0.24077,5938263.0
2025-05-13 13:55:00+09:00,0.24078,0.241,0.23913,0.23946,7881654.0
2025-05-13 14:00:00+09:00,0.23947,0.2405,0.23822,0.24034,7711363.0
2025-05-13 14:05:00+09:00,0.24034,0.24258,0.23955,0.2416,10056034.0
2025-05-13 14:10:00+09:00,0.24157,0.24229,0.23851,0.23861,8695554.0
2025-05-13 14:15:00+09:00,0.23869,0.23881,0.23537,0.23577,17235467.0
2025-05-13 14:20:00+09:00,0.23577,0.23689,0.234,0.23667,12361869.0
2025-05-13 14:25:00+09:00,0.23666,0.238,0.23575,0.23703,7113735.0
2025-05-13 14:30:00+09:00,0.23698,0.23759,0.2339,0.23409,8173444.0
2025-05-13 14:35:00+09:00,0.23411,0.23635,0.23411,0.23593,7852520.0
2025-05-13 14:40:00+09:00,0.23593,0.23636,0.2334,0.23422,7092820.0
2025-05-13 14:45:00+09:00,0.23423,0.23548,0.23242,0.23282,9058376.0
2025-05-13 14:50:00+09:00,0.23283,0.23555,0.23081,0.2353,19902127.0
2025-05-13 14:55:00+09:00,0.23529,0.23763,0.23405,0.23689,8678825.0
2025-05-13 15:00:00+09:00,0.23688,0.23863,0.23661,0.23836,8234895.0
2025-05-13 15:05:00+09:00,0.23836,0.23899,0.23682,0.23865,10596954.0
2025-05-13 15:10:00+09:00,0.23864,0.2395,0.23772,0.2383,6816641.0
2025-05-13 15:15:00+09:00,0.23833,0.23853,0.23188,0.23394,16187919.0
2025-05-13 15:20:00+09:00,0.23387,0.23496,0.23168,0.23436,12483980.0
2025-05-13 15:25:00+09:00,0.23437,0.2368,0.23395,0.23631,7251017.0
2025-05-13 15:30:00+09:00,0.23629,0.23821,0.23614,0.23693,9284494.0
2025-05-13 15:35:00+09:00,0.23692,0.2374,0.23464,0.23601,7651538.0
2025-05-13 15:40:00+09:00,0.23605,0.23693,0.234,0.236,7835611.0
2025-05-13 15:45:00+09:00,0.23604,0.23705,0.23313,0.23419,8779529.0
2025-05-13 15:50:00+09:00,0.23419,0.23421,0.229,0.22984,26093717.0
2025-05-13 15:55:00+09:00,0.22984,0.23467,0.22801,0.23371,24018125.0
2025-05-13 16:00:00+09:00,0.23369,0.23631,0.23118,0.23542,15905014.0
2025-05-13 16:05:00+09:00,0.23538,0.23648,0.233,0.23453,9617985.0
2025-05-13 16:10:00+09:00,0.2345,0.23999,0.23443,0.23728,25582860.0
2025-05-13 16:15:00+09:00,0.23728,0.24228,0.23714,0.24085,23839221.0
2025-05-13 16:20:00+09:00,0.24092,0.24218,0.2392,0.23998,14005004.0
2025-05-13 16:25:00+09:00,0.24003,0.24486,0.23971,0.24258,19834248.0
2025-05-13 16:30:00+09:00,0.24259,0.24951,0.2415,0.24772,35951626.0
2025-05-13 16:35:00+09:00,0.2477,0.2481,0.24426,0.24547,16016927.0
2025-05-13 16:40:00+09:00,0.24539,0.24727,0.24423,0.2462,12558586.0
2025-05-13 16:45:00+09:00,0.24626,0.2479,0.24489,0.24554,12131494.0
2025-05-13 16:50:00+09:00,0.24547,0.24664,0.24438,0.24606,8369620.0
2025-05-13 16:55:00+09:00,0.24606,0.24669,0.24467,0.2458,9180693.0
2025-05-13 17:00:00+09:00,0.24573,0.25367,0.24479,0.25171,33259673.0
2025-05-13 17:05:00+09:00,0.25171,0.25255,0.24733,0.24739,18105439.0
2025-05-13 17:10:00+09:00,0.24743,0.25166,0.24646,0.2499,14344097.0
2025-05-13 17:15:00+09:00,0.24985,0.2519,0.24851,0.24856,9631131.0
2025-05-13 17:20:00+09:00,0.24859,0.2502,0.247,0.24807,12848890.0
2025-05-13 17:25:00+09:00,0.24811,0.24836,0.24668,0.24757,6509596.0
2025-05-13 17:30:00+09:00,0.24745,0.24832,0.24545,0.24718,10748738.0
2025-05-13 17:35:00+09:00,0.24712,0.24875,0.2437,0.24422,13937240.0
2025-05-13 17:40:00+09:00,0.24422,0.24682,0.24392,0.24445,11840640.0
2025-05-13 17:45:00+09:00,0.24446,0.24586,0.24256,0.24303,19960866.0
2025-05-13 17:50:00+09:00,0.24302,0.24368,0.23948,0.24221,25462859.0
2025-05-13 17:55:00+09:00,0.24221,0.24353,0.24179,0.24263,7423638.0
2025-05-13 18:00:00+09:00,0.24268,0.2431,0.24119,0.24188,10444209.0
2025-05-13 18:05:00+09:00,0.24187,0.24634,0.24149,0.24553,11852228.0
2025-05-13 18:10:00+09:00,0.24553,0.24941,0.24404,0.24882,14846890.0
2025-05-13 18:15:00+09:00,0.24878,0.26489,0.24812,0.26217,71408126.0
2025-05-13 18:20:00+09:00,0.26211,0.275,0.26207,0.27104,78873282.0
2025-05-13 18:25:00+09:00,0.27104,0.296,0.27096,0.28638,144699425.0
2025-05-13 18:30:00+09:00,0.28646,0.30164,0.28217,0.28889,132574058.0
2025-05-13 18:35:00+09:00,0.28898,0.29532,0.28652,0.29275,60768304.0
2025-05-13 18:40:00+09:00,0.29275,0.30433,0.29047,0.29817,79344958.0
2025-05-13 18:45:00+09:00,0.29816,0.30376,0.29316,0.30052,54678443.0
2025-05-13 18:50:00+09:00,0.30053,0.3059,0.2965,0.30036,60327218.0
2025-05-13 18:55:00+09:00,0.30035,0.30162,0.29247,0.29681,41942131.0
2025-05-13 19:00:00+09:00,0.2968,0.29856,0.28716,0.29298,53691803.0
2025-05-13 19:05:00+09:00,0.29296,0.29875,0.29095,0.29097,40295917.0
2025-05-13 19:10:00+09:00,0.29097,0.29378,0.28929,0.29185,28432290.0
2025-05-13 19:15:00+09:00,0.29185,0.29468,0.28526,0.28906,46757207.0
2025-05-13 19:20:00+09:00,0.28907,0.29511,0.28907,0.2937,25588675.0
2025-05-13 19:25:00+09:00,0.29361,0.29758,0.29301,0.29477,23814112.0
2025-05-13 19:30:00+09:00,0.29484,0.29847,0.29273,0.29429,28349043.0
2025-05-13 19:35:00+09:00,0.29434,0.30308,0.29382,0.29848,41539916.0
2025-05-13 19:40:00+09:00,0.29845,0.30828,0.2983,0.30654,54351800.0
2025-05-13 19:45:00+09:00,0.3062,0.31,0.30143,0.30218,67540592.0
2025-05-13 19:50:00+09:00,0.30226,0.313,0.30226,0.30941,47683346.0
2025-05-13 19:55:00+09:00,0.30945,0.318,0.30809,0.31277,65986913.0
2025-05-13 20:00:00+09:00,0.31276,0.31466,0.3093,0.31028,40147671.0
2025-05-13 20:05:00+09:00,0.31028,0.31384,0.30698,0.30923,30687561.0
2025-05-13 20:10:00+09:00,0.30921,0.3116,0.3081,0.30964,19352984.0
2025-05-13 20:15:00+09:00,0.30958,0.31765,0.3079,0.31617,37906403.0
2025-05-13 20:20:00+09:00,0.31611,0.3195,0.313,0.31413,42597001.0
2025-05-13 20:25:00+09:00,0.31414,0.31467,0.31155,0.31364,16901818.0
2025-05-13 20:30:00+09:00,0.31366,0.3195,0.31243,0.31804,33682433.0
2025-05-13 20:35:00+09:00,0.31805,0.33868,0.3176,0.3349,142037163.0
2025-05-13 20:40:00+09:00,0.33499,0.34318,0.33266,0.33284,71407848.0
2025-05-13 20:45:00+09:00,0.33294,0.33641,0.32964,0.33482,54902306.0
2025-05-13 20:50:00+09:00,0.33487,0.33544,0.3223,0.32431,61048916.0
2025-05-13 20:55:00+09:00,0.32432,0.3284,0.32161,0.32775,32279272.0
2025-05-13 21:00:00+09:00,0.32768,0.32983,0.32369,0.32653,35893173.0
2025-05-13 21:05:00+09:00,0.32656,0.33192,0.32308,0.32388,37430357.0
2025-05-13 21:10:00+09:00,0.32388,0.32598,0.32114,0.32483,38496185.0
2025-05-13 21:15:00+09:00,0.32488,0.32925,0.32226,0.32359,26538469.0
2025-05-13 21:20:00+09:00,0.32363,0.32503,0.31441,0.31803,56356873.0
2025-05-13 21:25:00+09:00,0.31803,0.3248,0.31729,0.32396,28245720.0
2025-05-13 21:30:00+09:00,0.3239,0.33566,0.31951,0.32844,91237879.0
2025-05-13 21:35:00+09:00,0.32855,0.33313,0.32505,0.32623,31256735.0
2025-05-13 21:40:00+09:00,0.32623,0.32927,0.32244,0.32387,23765367.0
2025-05-13 21:45:00+09:00,0.32391,0.32554,0.31528,0.32245,53767622.0
2025-05-13 21:50:00+09:00,0.32246,0.326,0.32063,0.32084,33860465.0
2025-05-13 21:55:00+09:00,0.32075,0.327,0.32004,0.32438,20223717.0
2025-05-13 22:00:00+09:00,0.32433,0.33051,0.32433,0.32714,35548439.0
2025-05-13 22:05:00+09:00,0.32717,0.33215,0.32556,0.3265,26578630.0
2025-05-13 22:10:00+09:00,0.32649,0.33079,0.32366,0.32471,22646751.0
2025-05-13 22:15:00+09:00,0.32469,0.32696,0.32103,0.32193,22061412.0
2025-05-13 22:20:00+09:00,0.32194,0.32397,0.3168,0.31918,29851376.0
2025-05-13 22:25:00+09:00,0.31917,0.32345,0.31797,0.32135,20200910.0
2025-05-13 22:30:00+09:00,0.3214,0.33,0.31609,0.32635,56597104.0
2025-05-13 22:35:00+09:00,0.32631,0.3309,0.3232,0.32789,35862476.0
2025-05-13 22:40:00+09:00,0.32791,0.33374,0.32593,0.32712,40966008.0
2025-05-13 22:45:00+09:00,0.32708,0.328,0.31762,0.32107,45632369.0
2025-05-13 22:50:00+09:00,0.32116,0.32469,0.32108,0.32216,19075516.0
2025-05-13 22:55:00+09:00,0.32219,0.32269,0.3022,0.30459,127335462.0
2025-05-13 23:00:00+09:00,0.30459,0.30876,0.28927,0.29217,137609581.0
2025-05-13 23:05:00+09:00,0.29216,0.298,0.28924,0.29045,67341052.0
2025-05-13 23:10:00+09:00,0.29056,0.29563,0.29011,0.29483,51939907.0
2025-05-13 23:15:00+09:00,0.29483,0.29682,0.28616,0.29634,73047786.0
2025-05-13 23:20:00+09:00,0.29627,0.302,0.2923,0.30141,54944245.0
2025-05-13 23:25:00+09:00,0.30141,0.30469,0.2977,0.30143,40978759.0
2025-05-13 23:30:00+09:00,0.30143,0.30281,0.29819,0.30097,20935992.0
2025-05-13 23:35:00+09:00,0.30087,0.30468,0.30052,0.30291,21938092.0
2025-05-13 23:40:00+09:00,0.30298,0.30308,0.29848,0.30127,24186433.0
2025-05-13 23:45:00+09:00,0.30131,0.303,0.29511,0.29744,34016718.0
2025-05-13 23:50:00+09:00,0.29747,0.30198,0.29661,0.30062,18061298.0
2025-05-13 23:55:00+09:00,0.30058,0.30278,0.29879,0.30264,12307132.0
2025-05-14 00:00:00+09:00,0.30266,0.30784,0.30109,0.30637,36139296.0
2025-05-14 00:05:00+09:00,0.30634,0.31056,0.30366,0.3088,28613793.0
2025-05-14 00:10:00+09:00,0.3088,0.31293,0.30787,0.30913,35355638.0
2025-05-14 00:15:00+09:00,0.30906,0.31245,0.30787,0.30929,19339164.0
2025-05-14 00:20:00+09:00,0.30937,0.31341,0.30828,0.31012,19733891.0
2025-05-14 00:25:00+09:00,0.31014,0.31433,0.31001,0.31246,19963593.0
2025-05-14 00:30:00+09:00,0.31243,0.31298,0.30829,0.30959,23334588.0
2025-05-14 00:35:00+09:00,0.30957,0.31415,0.30944,0.31331,16690047.0
2025-05-14 00:40:00+09:00,0.3133,0.31936,0.31145,0.31191,35442192.0
2025-05-14 00:45:00+09:00,0.31191,0.31491,0.31051,0.31352,14112783.0
2025-05-14 00:50:00+09:00,0.31351,0.31434,0.31073,0.31382,11776198.0
2025-05-14 00:55:00+09:00,0.3138,0.31597,0.31221,0.31482,11214700.0
2025-05-14 01:00:00+09:00,0.31475,0.3175,0.3098,0.31353,23291243.0
2025-05-14 01:05:00+09:00,0.31361,0.31985,0.31158,0.31721,22345106.0
2025-05-14 01:10:00+09:00,0.31726,0.31782,0.31234,0.31706,23493511.0
2025-05-14 01:15:00+09:00,0.31705,0.31773,0.31223,0.31658,25007841.0
2025-05-14 01:20:00+09:00,0.3166,0.31939,0.31405,0.31617,22076896.0
2025-05-14 01:25:00+09:00,0.31611,0.31683,0.30808,0.30953,20904352.0
2025-05-14 01:30:00+09:00,0.30954,0.31084,0.30253,0.30782,50364012.0
2025-05-14 01:35:00+09:00,0.30781,0.31099,0.30592,0.30752,16408662.0
2025-05-14 01:40:00+09:00,0.30756,0.30863,0.30337,0.30516,19308467.0
2025-05-14 01:45:00+09:00,0.30518,0.31446,0.30516,0.31209,16707138.0
2025-05-14 01:50:00+09:00,0.31205,0.31534,0.31061,0.31287,20495357.0
2025-05-14 01:55:00+09:00,0.31287,0.3255,0.31229,0.31884,34375158.0
2025-05-14 02:00:00+09:00,0.31886,0.32179,0.31592,0.32131,21469444.0
2025-05-14 02:05:00+09:00,0.32141,0.32164,0.3175,0.32043,12686374.0
2025-05-14 02:10:00+09:00,0.32041,0.32108,0.3132,0.31412,17409011.0
2025-05-14 02:15:00+09:00,0.31411,0.31861,0.31359,0.31764,11255319.0
2025-05-14 02:20:00+09:00,0.31765,0.32417,0.31739,0.32087,19581121.0
2025-05-14 02:25:00+09:00,0.32088,0.32174,0.31592,0.31853,14151230.0
2025-05-14 02:30:00+09:00,0.31836,0.3207,0.31582,0.31753,11365660.0
2025-05-14 02:35:00+09:00,0.31753,0.3176,0.31473,0.31645,9414921.0
2025-05-14 02:40:00+09:00,0.31644,0.31926,0.31573,0.31807,6617023.0
2025-05-14 02:45:00+09:00,0.31819,0.32092,0.31612,0.31683,10520146.0
2025-05-14 02:50:00+09:00,0.3169,0.31758,0.31451,0.31562,11432819.0
2025-05-14 02:55:00+09:00,0.31561,0.31711,0.31412,0.31709,7649610.0
2025-05-14 03:00:00+09:00,0.31708,0.31733,0.30926,0.31319,21425555.0
2025-05-14 03:05:00+09:00,0.31319,0.31472,0.31126,0.31195,6972364.0
2025-05-14 03:10:00+09:00,0.31198,0.31437,0.31043,0.31131,5906905.0
2025-05-14 03:15:00+09:00,0.31131,0.31258,0.31036,0.31118,8296201.0
2025-05-14 03:20:00+09:00,0.31118,0.31124,0.3067,0.30811,15037666.0
2025-05-14 03:25:00+09:00,0.30816,0.31195,0.30662,0.31002,11561752.0
2025-05-14 03:30:00+09:00,0.31005,0.31026,0.30666,0.30767,9575172.0
2025-05-14 03:35:00+09:00,0.30774,0.30998,0.30753,0.3076,5753702.0
2025-05-14 03:40:00+09:00,0.30761,0.31017,0.30536,0.30623,10594508.0
2025-05-14 03:45:00+09:00,0.30614,0.30919,0.30581,0.30625,8013345.0
2025-05-14 03:50:00+09:00,0.30626,0.30739,0.2986,0.30736,26412488.0
2025-05-14 03:55:00+09:00,0.30734,0.3078,0.30415,0.30476,9833206.0
2025-05-14 04:00:00+09:00,0.3047,0.30873,0.30284,0.30788,12760004.0
2025-05-14 04:05:00+09:00,0.30784,0.30954,0.30727,0.30869,6805207.0
2025-05-14 04:10:00+09:00,0.30869,0.30976,0.30765,0.30898,6957564.0
2025-05-14 04:15:00+09:00,0.30897,0.30914,0.30544,0.30622,5943146.0
2025-05-14 04:20:00+09:00,0.30631,0.30782,0.30472,0.30625,5926623.0
2025-05-14 04:25:00+09:00,0.30626,0.31562,0.30584,0.31342,20228730.0
2025-05-14 04:30:00+09:00,0.31331,0.31965,0.31266,0.31816,16907410.0
2025-05-14 04:35:00+09:00,0.31815,0.32127,0.3151,0.31871,21334270.0
2025-05-14 04:40:00+09:00,0.31879,0.32197,0.31827,0.32041,10660357.0
2025-05-14 04:45:00+09:00,0.32036,0.32785,0.31931,0.32002,29919253.0
2025-05-14 04:50:00+09:00,0.31997,0.32233,0.31352,0.31886,29339279.0
2025-05-14 04:55:00+09:00,0.3189,0.31892,0.31441,0.31776,17099707.0
2025-05-14 05:00:00+09:00,0.31769,0.31885,0.31186,0.31413,22183983.0
2025-05-14 05:05:00+09:00,0.31412,0.31412,0.30754,0.31083,14585370.0
2025-05-14 05:10:00+09:00,0.31089,0.31296,0.3101,0.31183,8996649.0
2025-05-14 05:15:00+09:00,0.31183,0.31227,0.30945,0.31036,6127243.0
2025-05-14 05:20:00+09:00,0.3104,0.3131,0.30833,0.31242,8308502.0
2025-05-14 05:25:00+09:00,0.3125,0.3128,0.30959,0.30992,5518747.0
2025-05-14 05:30:00+09:00,0.30996,0.3131,0.30928,0.31205,8063798.0
2025-05-14 05:35:00+09:00,0.31204,0.31585,0.31016,0.315,7733262.0
2025-05-14 05:40:00+09:00,0.31501,0.3211,0.31472,0.31801,17896490.0
2025-05-14 05:45:00+09:00,0.31799,0.32641,0.31791,0.32418,25153624.0
2025-05-14 05:50:00+09:00,0.3242,0.32517,0.31859,0.31949,11796735.0
2025-05-14 05:55:00+09:00,0.31958,0.336,0.31933,0.32616,53820714.0
2025-05-14 06:00:00+09:00,0.32606,0.32795,0.31828,0.32024,19517988.0
2025-05-14 06:05:00+09:00,0.32023,0.32435,0.32007,0.32099,10070310.0
2025-05-14 06:10:00+09:00,0.32102,0.32217,0.31904,0.32005,10957929.0
2025-05-14 06:15:00+09:00,0.32007,0.32759,0.31905,0.32616,13634611.0
2025-05-14 06:20:00+09:00,0.32624,0.33077,0.32464,0.3248,11663558.0
2025-05-14 06:25:00+09:00,0.3248,0.32582,0.32324,0.32446,7527560.0
2025-05-14 06:30:00+09:00,0.32443,0.32596,0.3221,0.32279,6806730.0
2025-05-14 06:35:00+09:00,0.3228,0.3228,0.3086,0.31081,27050327.0
2025-05-14 06:40:00+09:00,0.31076,0.31371,0.30837,0.31211,19522001.0
2025-05-14 06:45:00+09:00,0.31209,0.31752,0.31182,0.31706,10237842.0
2025-05-14 06:50:00+09:00,0.31701,0.32066,0.3158,0.31918,6611349.0
2025-05-14 06:55:00+09:00,0.31921,0.31982,0.31673,0.31851,4482844.0
2025-05-14 07:00:00+09:00,0.31849,0.31941,0.3136,0.314,9730588.0
2025-05-14 07:05:00+09:00,0.31403,0.31413,0.30668,0.30906,17535120.0
2025-05-14 07:10:00+09:00,0.30907,0.31237,0.30779,0.30798,15299173.0
2025-05-14 07:15:00+09:00,0.3081,0.31148,0.30523,0.30617,16649217.0
2025-05-14 07:20:00+09:00,0.30621,0.30932,0.30456,0.30503,16949674.0
2025-05-14 07:25:00+09:00,0.30501,0.3063,0.301,0.30354,20769769.0
2025-05-14 07:30:00+09:00,0.30353,0.30468,0.30002,0.30409,20653816.0
2025-05-14 07:35:00+09:00,0.3041,0.3086,0.30395,0.30757,16444988.0
2025-05-14 07:40:00+09:00,0.30754,0.31049,0.3069,0.30982,9172122.0
2025-05-14 07:45:00+09:00,0.30985,0.31207,0.30883,0.30891,8778834.0
2025-05-14 07:50:00+09:00,0.30886,0.30914,0.3067,0.30759,6071863.0
2025-05-14 07:55:00+09:00,0.30762,0.30947,0.30709,0.30903,5928273.0
2025-05-14 08:00:00+09:00,0.30899,0.30928,0.3062,0.30652,9057380.0
2025-05-14 08:05:00+09:00,0.30655,0.30843,0.30301,0.30775,12416919.0
2025-05-14 08:10:00+09:00,0.30773,0.31094,0.30522,0.31012,9809553.0
2025-05-14 08:15:00+09:00,0.31009,0.31379,0.30927,0.31299,9261193.0
2025-05-14 08:20:00+09:00,0.31299,0.3135,0.31083,0.31208,4785563.0
2025-05-14 08:25:00+09:00,0.31208,0.31733,0.31167,0.31552,15035710.0
2025-05-14 08:30:00+09:00,0.31556,0.32399,0.31542,0.31858,30081445.0
2025-05-14 08:35:00+09:00,0.31859,0.3221,0.31792,0.32019,7461909.0
2025-05-14 08:40:00+09:00,0.32015,0.32232,0.31895,0.31964,9093198.0
2025-05-14 08:45:00+09:00,0.31964,0.31989,0.31506,0.31674,12753799.0
2025-05-14 08:50:00+09:00,0.31673,0.31789,0.31512,0.31724,6275692.0
2025-05-14 08:55:00+09:00,0.31722,0.31838,0.31548,0.31664,7089957.0
2025-05-14 09:00:00+09:00,0.31667,0.31738,0.30873,0.3091,23808773.0
2025-05-14 09:05:00+09:00,0.3092,0.31477,0.309,0.31292,10534395.0
2025-05-14 09:10:00+09:00,0.31295,0.31791,0.31292,0.31725,9819354.0
2025-05-14 09:15:00+09:00,0.31725,0.31725,0.31121,0.31168,7370045.0
2025-05-14 09:20:00+09:00,0.31177,0.31313,0.30681,0.30728,11809997.0
2025-05-14 09:25:00+09:00,0.30726,0.30887,0.30423,0.30828,18642918.0
2025-05-14 09:30:00+09:00,0.30809,0.31418,0.30782,0.31226,14064516.0
2025-05-14 09:35:00+09:00,0.31224,0.31342,0.31029,0.31206,7136067.0
2025-05-14 09:40:00+09:00,0.31206,0.31258,0.30716,0.30796,9221407.0
2025-05-14 09:45:00+09:00,0.30793,0.30845,0.3027,0.30666,14981926.0
2025-05-14 09:50:00+09:00,0.30669,0.31042,0.30466,0.3054,11892792.0
2025-05-14 09:55:00+09:00,0.30533,0.30752,0.30494,0.30552,6423508.0
2025-05-14 10:00:00+09:00,0.30561,0.30739,0.30038,0.305,22688020.0
2025-05-14 10:05:00+09:00,0.30497,0.30531,0.29403,0.29838,49585328.0
2025-05-14 10:10:00+09:00,0.2985,0.30746,0.29738,0.30672,15497925.0
2025-05-14 10:15:00+09:00,0.30678,0.30863,0.29963,0.2999,22956115.0
2025-05-14 10:20:00+09:00,0.2999,0.30617,0.29938,0.30487,9335872.0
2025-05-14 10:25:00+09:00,0.30489,0.30508,0.30078,0.30246,7529353.0
2025-05-14 10:30:00+09:00,0.30246,0.3032,0.29822,0.29949,12334646.0
2025-05-14 10:35:00+09:00,0.29943,0.2999,0.2968,0.29915,10749577.0
2025-05-14 10:40:00+09:00,0.29914,0.30656,0.29855,0.3005,17390248.0
2025-05-14 10:45:00+09:00,0.30051,0.30156,0.29716,0.30062,12287207.0
2025-05-14 10:50:00+09:00,0.30064,0.30146,0.29628,0.29843,15530056.0
2025-05-14 10:55:00+09:00,0.2985,0.2985,0.29467,0.29616,9431591.0
2025-05-14 11:00:00+09:00,0.29616,0.29926,0.29452,0.29745,16240599.0
2025-05-14 11:05:00+09:00,0.29749,0.30213,0.29574,0.29992,15040780.0
2025-05-14 11:10:00+09:00,0.29993,0.30574,0.29753,0.30456,19974712.0
2025-05-14 11:15:00+09:00,0.30462,0.30757,0.30172,0.30516,14733345.0
2025-05-14 11:20:00+09:00,0.3051,0.30545,0.29678,0.29725,12752336.0
2025-05-14 11:25:00+09:00,0.29726,0.30098,0.29726,0.29918,9139488.0
2025-05-14 11:30:00+09:00,0.29918,0.30489,0.29781,0.30362,11450678.0
2025-05-14 11:35:00+09:00,0.30367,0.30552,0.30179,0.30421,8344967.0
2025-05-14 11:40:00+09:00,0.30421,0.30508,0.30168,0.30302,4630874.0
2025-05-14 11:45:00+09:00,0.30303,0.3032,0.29849,0.29932,8257568.0
2025-05-14 11:50:00+09:00,0.29933,0.29948,0.29622,0.29741,10463015.0
2025-05-14 11:55:00+09:00,0.29741,0.30034,0.29549,0.29873,11457983.0
2025-05-14 12:00:00+09:00,0.2987,0.3015,0.29465,0.3007,15787807.0
2025-05-14 12:05:00+09:00,0.30072,0.30357,0.2964,0.3019,16310205.0
2025-05-14 12:10:00+09:00,0.30184,0.30627,0.30148,0.30419,16175150.0
2025-05-14 12:15:00+09:00,0.30417,0.30483,0.29862,0.29981,11779364.0
2025-05-14 12:20:00+09:00,0.29975,0.29975,0.29652,0.29903,14457999.0
2025-05-14 12:25:00+09:00,0.29893,0.30099,0.29855,0.30041,5087424.0
2025-05-14 12:30:00+09:00,0.30038,0.30351,0.29836,0.29914,13082252.0
2025-05-14 12:35:00+09:00,0.29914,0.30532,0.29889,0.30396,12720941.0
2025-05-14 12:40:00+09:00,0.30394,0.30666,0.3033,0.30396,11901384.0
2025-05-14 12:45:00+09:00,0.30397,0.31071,0.30397,0.3066,19347072.0
2025-05-14 12:50:00+09:00,0.3066,0.31175,0.3062,0.30952,15004499.0
2025-05-14 12:55:00+09:00,0.30951,0.3097,0.30611,0.30777,9985800.0
2025-05-14 13:00:00+09:00,0.30778,0.31109,0.30624,0.30995,11369834.0
2025-05-14 13:05:00+09:00,0.3099,0.30994,0.30508,0.30719,10228037.0
2025-05-14 13:10:00+09:00,0.30714,0.30874,0.30606,0.30651,5777698.0
2025-05-14 13:15:00+09:00,0.30653,0.3066,0.30056,0.30229,18727615.0
2025-05-14 13:20:00+09:00,0.30229,0.305,0.30074,0.30483,8895477.0
2025-05-14 13:25:00+09:00,0.30488,0.30565,0.29837,0.30225,12384457.0
2025-05-14 13:30:00+09:00,0.30224,0.30491,0.30135,0.30464,6794092.0
2025-05-14 13:35:00+09:00,0.30463,0.31115,0.30456,0.31095,18732415.0
2025-05-14 13:40:00+09:00,0.31092,0.32048,0.30906,0.31619,37219950.0
2025-05-14 13:45:00+09:00,0.31611,0.31624,0.30873,0.31023,16413959.0
2025-05-14 13:50:00+09:00,0.31026,0.31262,0.30961,0.31127,7730046.0
2025-05-14 13:55:00+09:00,0.31125,0.31395,0.31011,0.31344,7223666.0
2025-05-14 14:00:00+09:00,0.31342,0.31488,0.30802,0.30912,10752235.0
2025-05-14 14:05:00+09:00,0.30911,0.30991,0.30536,0.3099,14463604.0
2025-05-14 14:10:00+09:00,0.30981,0.31116,0.30621,0.30679,10013738.0
2025-05-14 14:15:00+09:00,0.30678,0.311,0.3065,0.31052,6173112.0
2025-05-14 14:20:00+09:00,0.31056,0.315,0.31003,0.31185,11789402.0
2025-05-14 14:25:00+09:00,0.31185,0.31536,0.3113,0.31491,8454643.0
2025-05-14 14:30:00+09:00,0.31489,0.32063,0.31391,0.31981,26356182.0
2025-05-14 14:35:00+09:00,0.31991,0.32628,0.3175,0.32335,23722904.0
2025-05-14 14:40:00+09:00,0.32341,0.32343,0.31579,0.31721,17691415.0
2025-05-14 14:45:00+09:00,0.31734,0.32149,0.31677,0.31956,11237333.0
2025-05-14 14:50:00+09:00,0.31958,0.32215,0.31742,0.31817,11855325.0
2025-05-14 14:55:00+09:00,0.31808,0.31851,0.31521,0.31636,8056452.0
2025-05-14 15:00:00+09:00,0.31643,0.31769,0.313,0.31496,12809830.0
2025-05-14 15:05:00+09:00,0.31495,0.31625,0.31302,0.3135,5358957.0
2025-05-14 15:10:00+09:00,0.31351,0.31442,0.31215,0.31373,6159090.0
2025-05-14 15:15:00+09:00,0.31378,0.31591,0.31174,0.31204,7024111.0
2025-05-14 15:20:00+09:00,0.31203,0.3128,0.30815,0.31036,20645837.0
2025-05-14 15:25:00+09:00,0.31038,0.31383,0.30984,0.31379,9854910.0
2025-05-14 15:30:00+09:00,0.31378,0.31714,0.31254,0.31609,9047647.0
2025-05-14 15:35:00+09:00,0.3161,0.32093,0.31545,0.31949,15523498.0
2025-05-14 15:40:00+09:00,0.31943,0.32178,0.31602,0.31834,14090529.0
2025-05-14 15:45:00+09:00,0.3184,0.32042,0.31447,0.31576,12279066.0
2025-05-14 15:50:00+09:00,0.31575,0.31578,0.3108,0.31456,15195599.0
2025-05-14 15:55:00+09:00,0.31452,0.31461,0.31204,0.31329,5170286.0
2025-05-14 16:00:00+09:00,0.3133,0.31434,0.30881,0.31069,13085115.0
2025-05-14 16:05:00+09:00,0.31064,0.31541,0.30989,0.31197,10284584.0
2025-05-14 16:10:00+09:00,0.31196,0.318,0.31126,0.31652,12450469.0
2025-05-14 16:15:00+09:00,0.31656,0.31718,0.31403,0.31711,9502021.0
2025-05-14 16:20:00+09:00,0.3171,0.32071,0.31342,0.31394,18149545.0
2025-05-14 16:25:00+09:00,0.31397,0.31777,0.31237,0.31573,15927493.0
2025-05-14 16:30:00+09:00,0.31567,0.31615,0.3087,0.31162,20066312.0
2025-05-14 16:35:00+09:00,0.31166,0.31223,0.30604,0.30937,17741366.0
2025-05-14 16:40:00+09:00,0.30932,0.31004,0.3064,0.30724,15468979.0
2025-05-14 16:45:00+09:00,0.30732,0.30764,0.3015,0.30612,24910853.0
2025-05-14 16:50:00+09:00,0.3061,0.30712,0.30253,0.30611,13249303.0
2025-05-14 16:55:00+09:00,0.30618,0.30677,0.3028,0.30485,8593570.0
2025-05-14 17:00:00+09:00,0.30484,0.30669,0.30201,0.3047,15050117.0
2025-05-14 17:05:00+09:00,0.30481,0.3079,0.30333,0.30582,12442268.0
2025-05-14 17:10:00+09:00,0.30582,0.30876,0.30465,0.308,14453009.0
2025-05-14 17:15:00+09:00,0.30801,0.31103,0.30763,0.30978,11515973.0
2025-05-14 17:20:00+09:00,0.30978,0.31007,0.30504,0.30625,8233578.0
2025-05-14 17:25:00+09:00,0.30629,0.31279,0.30535,0.31154,12101891.0
2025-05-14 17:30:00+09:00,0.31161,0.31684,0.31161,0.31393,20642884.0
2025-05-14 17:35:00+09:00,0.31387,0.338,0.31359,0.33464,99681752.0
2025-05-14 17:40:00+09:00,0.33466,0.34497,0.32873,0.32911,104434007.0
2025-05-14 17:45:00+09:00,0.32911,0.33217,0.26691,0.27778,370068704.0
2025-05-14 17:50:00+09:00,0.27781,0.27964,0.25558,0.26267,193772953.0
2025-05-14 17:55:00+09:00,0.26269,0.26925,0.2432,0.25016,203705744.0
2025-05-14 18:00:00+09:00,0.24993,0.2622,0.24926,0.2536,137353889.0
2025-05-14 18:05:00+09:00,0.25364,0.26517,0.25192,0.26276,89125973.0
2025-05-14 18:10:00+09:00,0.26275,0.26964,0.26025,0.26602,72309892.0
2025-05-14 18:15:00+09:00,0.26601,0.27455,0.26266,0.26993,76657195.0
2025-05-14 18:20:00+09:00,0.27003,0.27059,0.263,0.26458,51249831.0
2025-05-14 18:25:00+09:00,0.26458,0.26664,0.25709,0.26193,56831355.0
2025-05-14 18:30:00+09:00,0.26196,0.2653,0.25828,0.2622,37499229.0
2025-05-14 18:35:00+09:00,0.26215,0.2625,0.256,0.26135,38886894.0
2025-05-14 18:40:00+09:00,0.2613,0.26276,0.25431,0.25615,33767596.0
2025-05-14 18:45:00+09:00,0.25612,0.26123,0.25474,0.2608,28816041.0
2025-05-14 18:50:00+09:00,0.26085,0.26144,0.25379,0.26032,27475748.0
2025-05-14 18:55:00+09:00,0.26024,0.26624,0.26016,0.26265,33899950.0
2025-05-14 19:00:00+09:00,0.2626,0.272,0.26215,0.26837,36250900.0
2025-05-14 19:05:00+09:00,0.26835,0.27079,0.26634,0.26681,26986105.0
2025-05-14 19:10:00+09:00,0.26683,0.27635,0.26611,0.27268,50173198.0
2025-05-14 19:15:00+09:00,0.27266,0.27832,0.26738,0.26826,46452436.0
2025-05-14 19:20:00+09:00,0.26828,0.2728,0.26711,0.26996,23333271.0
2025-05-14 19:25:00+09:00,0.27008,0.27365,0.26587,0.2671,25582327.0
2025-05-14 19:30:00+09:00,0.26714,0.26872,0.26439,0.26802,20322346.0
2025-05-14 19:35:00+09:00,0.26798,0.27096,0.26745,0.26977,13544781.0
2025-05-14 19:40:00+09:00,0.26976,0.27179,0.26802,0.27079,10997991.0
2025-05-14 19:45:00+09:00,0.27078,0.27281,0.2695,0.27006,12377673.0
2025-05-14 19:50:00+09:00,0.27007,0.27242,0.26886,0.26926,11987785.0
2025-05-14 19:55:00+09:00,0.26917,0.26995,0.26576,0.26623,12100299.0
2025-05-14 20:00:00+09:00,0.26626,0.26989,0.265,0.26905,18746719.0
2025-05-14 20:05:00+09:00,0.26904,0.26974,0.26636,0.2688,8973820.0
2025-05-14 20:10:00+09:00,0.26884,0.27248,0.2665,0.27204,16468175.0
2025-05-14 20:15:00+09:00,0.27213,0.27486,0.26969,0.27366,17368133.0
2025-05-14 20:20:00+09:00,0.27372,0.27733,0.27307,0.27483,20645312.0
2025-05-14 20:25:00+09:00,0.27485,0.27749,0.27175,0.27288,16814056.0
2025-05-14 20:30:00+09:00,0.27284,0.27305,0.27,0.27106,14542732.0
2025-05-14 20:35:00+09:00,0.271,0.27902,0.27098,0.27868,22544636.0
2025-05-14 20:40:00+09:00,0.27868,0.27975,0.27519,0.27691,20279499.0
2025-05-14 20:45:00+09:00,0.27686,0.2795,0.27615,0.2772,17391951.0
2025-05-14 20:50:00+09:00,0.27728,0.2779,0.2707,0.27116,22262593.0
2025-05-14 20:55:00+09:00,0.27118,0.27349,0.27118,0.2722,9974958.0
2025-05-14 21:00:00+09:00,0.2722,0.27499,0.2722,0.27278,19291333.0
2025-05-14 21:05:00+09:00,0.27281,0.275,0.27095,0.27134,18844619.0
2025-05-14 21:10:00+09:00,0.27134,0.2738,0.26911,0.2704,20452316.0
2025-05-14 21:15:00+09:00,0.27044,0.2743,0.26983,0.27333,17023870.0
2025-05-14 21:20:00+09:00,0.27334,0.27381,0.26857,0.26994,13135247.0
2025-05-14 21:25:00+09:00,0.26993,0.27079,0.26802,0.26909,11037735.0
2025-05-14 21:30:00+09:00,0.2691,0.2702,0.26822,0.26934,11096125.0
2025-05-14 21:35:00+09:00,0.26934,0.27044,0.26588,0.26739,16263251.0
2025-05-14 21:40:00+09:00,0.26736,0.26867,0.26578,0.2675,11903087.0
2025-05-14 21:45:00+09:00,0.26754,0.26757,0.258,0.26199,43793972.0
2025-05-14 21:50:00+09:00,0.26204,0.26407,0.26066,0.26135,18553338.0
2025-05-14 21:55:00+09:00,0.26136,0.26185,0.257,0.26051,26410616.0
2025-05-14 22:00:00+09:00,0.26048,0.26144,0.258,0.25834,18046679.0
2025-05-14 22:05:00+09:00,0.25836,0.26187,0.25561,0.25969,39900050.0
2025-05-14 22:10:00+09:00,0.25969,0.26335,0.25871,0.26304,24528505.0
2025-05-14 22:15:00+09:00,0.26302,0.26532,0.26062,0.26136,18970638.0
2025-05-14 22:20:00+09:00,0.26131,0.2633,0.25918,0.26246,14812236.0
2025-05-14 22:25:00+09:00,0.26244,0.26415,0.2623,0.26332,9368783.0
2025-05-14 22:30:00+09:00,0.26341,0.26564,0.26119,0.26404,16051555.0
2025-05-14 22:35:00+09:00,0.26402,0.26426,0.25903,0.26152,17937857.0
2025-05-14 22:40:00+09:00,0.2615,0.26283,0.25913,0.2607,10497929.0
2025-05-14 22:45:00+09:00,0.26071,0.26181,0.258,0.25991,20477809.0
2025-05-14 22:50:00+09:00,0.25992,0.26362,0.25956,0.26195,16804093.0
2025-05-14 22:55:00+09:00,0.26193,0.26447,0.26024,0.26442,10974120.0
2025-05-14 23:00:00+09:00,0.26446,0.26474,0.26047,0.26226,13240359.0
2025-05-14 23:05:00+09:00,0.26229,0.26234,0.25967,0.26134,9661947.0
2025-05-14 23:10:00+09:00,0.26137,0.2614,0.25703,0.25842,22541589.0
2025-05-14 23:15:00+09:00,0.25842,0.25855,0.25012,0.25494,39855354.0
2025-05-14 23:20:00+09:00,0.25505,0.25968,0.25484,0.25787,21919803.0
2025-05-14 23:25:00+09:00,0.25781,0.25862,0.25522,0.25547,10673565.0
2025-05-14 23:30:00+09:00,0.25548,0.25985,0.25548,0.25906,18169486.0
2025-05-14 23:35:00+09:00,0.25903,0.26384,0.25789,0.26338,21202375.0
2025-05-14 23:40:00+09:00,0.26331,0.26343,0.26143,0.2626,11384384.0
2025-05-14 23:45:00+09:00,0.26262,0.264,0.25743,0.25859,20807315.0
2025-05-14 23:50:00+09:00,0.25858,0.26216,0.25789,0.2616,12899260.0
2025-05-14 23:55:00+09:00,0.26164,0.264,0.26043,0.26078,16399790.0
2025-05-15 00:00:00+09:00,0.26081,0.26466,0.26,0.26199,20815481.0
2025-05-15 00:05:00+09:00,0.262,0.26642,0.26071,0.26622,19647500.0
2025-05-15 00:10:00+09:00,0.26623,0.26643,0.25741,0.25929,24175387.0
2025-05-15 00:15:00+09:00,0.25928,0.26064,0.24904,0.25021,48246588.0
2025-05-15 00:20:00+09:00,0.25015,0.25062,0.23425,0.23799,157691834.0
2025-05-15 00:25:00+09:00,0.23806,0.24089,0.233,0.23822,52642071.0
2025-05-15 00:30:00+09:00,0.23823,0.2413,0.2357,0.23963,38287397.0
2025-05-15 00:35:00+09:00,0.23965,0.24422,0.23715,0.24383,30164776.0
2025-05-15 00:40:00+09:00,0.24385,0.24389,0.24013,0.2422,22686981.0
2025-05-15 00:45:00+09:00,0.2422,0.24476,0.23895,0.24249,25678098.0
2025-05-15 00:50:00+09:00,0.24247,0.24598,0.24164,0.24592,23734111.0
2025-05-15 00:55:00+09:00,0.24587,0.2473,0.24453,0.2458,20574310.0
2025-05-15 01:00:00+09:00,0.24582,0.24868,0.24323,0.24587,22749129.0
2025-05-15 01:05:00+09:00,0.24586,0.24801,0.24512,0.24651,12100607.0
2025-05-15 01:10:00+09:00,0.24652,0.2499,0.24625,0.24892,21381795.0
2025-05-15 01:15:00+09:00,0.24892,0.24941,0.2455,0.24614,15377444.0
2025-05-15 01:20:00+09:00,0.24628,0.24708,0.24279,0.24419,18186444.0
2025-05-15 01:25:00+09:00,0.2442,0.24636,0.24359,0.24523,12148583.0
2025-05-15 01:30:00+09:00,0.24529,0.25362,0.24526,0.25355,35735784.0
2025-05-15 01:35:00+09:00,0.25349,0.2545,0.24805,0.25033,23758343.0
2025-05-15 01:40:00+09:00,0.25031,0.25208,0.2491,0.25167,12615538.0
2025-05-15 01:45:00+09:00,0.25166,0.25187,0.24611,0.24651,13862238.0
2025-05-15 01:50:00+09:00,0.24654,0.24853,0.24464,0.24819,17967660.0
2025-05-15 01:55:00+09:00,0.24818,0.25073,0.24713,0.25042,11219278.0
2025-05-15 02:00:00+09:00,0.25047,0.25095,0.24653,0.24778,12823573.0
2025-05-15 02:05:00+09:00,0.24783,0.24819,0.24567,0.24665,9264228.0
2025-05-15 02:10:00+09:00,0.24658,0.24688,0.24435,0.24655,9634942.0
2025-05-15 02:15:00+09:00,0.24653,0.24685,0.24113,0.24238,32894461.0
