timestamp,open,high,low,close,volume
2025-04-10 09:00:00+09:00,0.3357,0.3368,0.335,0.3361,97839.2
2025-04-10 09:05:00+09:00,0.3362,0.3364,0.3347,0.3347,46310.8
2025-04-10 09:10:00+09:00,0.3347,0.3373,0.3347,0.336,116352.8
2025-04-10 09:15:00+09:00,0.3359,0.3367,0.3342,0.3349,25626.5
2025-04-10 09:20:00+09:00,0.3348,0.3349,0.3337,0.3348,64046.2
2025-04-10 09:25:00+09:00,0.3348,0.335,0.3336,0.3336,15628.3
2025-04-10 09:30:00+09:00,0.3335,0.3337,0.3314,0.3323,91884.3
2025-04-10 09:35:00+09:00,0.3324,0.3324,0.3292,0.3292,87649.2
2025-04-10 09:40:00+09:00,0.3291,0.3291,0.3272,0.3276,133324.9
2025-04-10 09:45:00+09:00,0.3277,0.3295,0.3277,0.328,39520.6
2025-04-10 09:50:00+09:00,0.328,0.3287,0.3264,0.3284,68783.9
2025-04-10 09:55:00+09:00,0.3283,0.3301,0.3281,0.3294,31203.3
2025-04-10 10:00:00+09:00,0.3291,0.3301,0.3287,0.329,35039.6
2025-04-10 10:05:00+09:00,0.3291,0.3295,0.3285,0.3289,42083.9
2025-04-10 10:10:00+09:00,0.3287,0.3297,0.3286,0.3287,35181.7
2025-04-10 10:15:00+09:00,0.3288,0.3297,0.3285,0.3295,32777.7
2025-04-10 10:20:00+09:00,0.3295,0.3295,0.328,0.3281,26150.5
2025-04-10 10:25:00+09:00,0.328,0.3285,0.3279,0.3283,8020.1
2025-04-10 10:30:00+09:00,0.3283,0.3285,0.3261,0.3263,20650.3
2025-04-10 10:35:00+09:00,0.3263,0.3277,0.3263,0.3272,32429.0
2025-04-10 10:40:00+09:00,0.3271,0.3274,0.3264,0.3266,20539.0
2025-04-10 10:45:00+09:00,0.3266,0.3282,0.3266,0.3282,18907.7
2025-04-10 10:50:00+09:00,0.328,0.328,0.3271,0.3272,20394.3
2025-04-10 10:55:00+09:00,0.3273,0.3277,0.327,0.3276,14345.8
2025-04-10 11:00:00+09:00,0.3275,0.3282,0.3272,0.3276,14123.4
2025-04-10 11:05:00+09:00,0.3276,0.3279,0.3269,0.3276,27236.5
2025-04-10 11:10:00+09:00,0.3276,0.329,0.3276,0.329,30712.2
2025-04-10 11:15:00+09:00,0.3289,0.3291,0.3279,0.3289,33611.0
2025-04-10 11:20:00+09:00,0.329,0.3291,0.3283,0.329,25882.4
2025-04-10 11:25:00+09:00,0.3291,0.3294,0.3287,0.3291,8746.6
2025-04-10 11:30:00+09:00,0.3291,0.3292,0.3284,0.3284,20049.9
2025-04-10 11:35:00+09:00,0.3284,0.3287,0.328,0.3287,309873.9
2025-04-10 11:40:00+09:00,0.3287,0.3288,0.3284,0.3284,30733.5
2025-04-10 11:45:00+09:00,0.3284,0.3284,0.3267,0.3269,59623.0
2025-04-10 11:50:00+09:00,0.3269,0.3273,0.3263,0.3269,25633.0
2025-04-10 11:55:00+09:00,0.3268,0.327,0.3267,0.3267,4869.1
2025-04-10 12:00:00+09:00,0.3267,0.3267,0.3251,0.3253,21476.2
2025-04-10 12:05:00+09:00,0.3253,0.3259,0.3249,0.3253,42902.5
2025-04-10 12:10:00+09:00,0.325,0.325,0.322,0.3221,111318.0
2025-04-10 12:15:00+09:00,0.322,0.3224,0.3199,0.3199,116889.7
2025-04-10 12:20:00+09:00,0.32,0.3207,0.3193,0.3194,60277.1
2025-04-10 12:25:00+09:00,0.3194,0.32,0.3185,0.3199,35859.8
2025-04-10 12:30:00+09:00,0.3199,0.3202,0.3186,0.3196,72306.6
2025-04-10 12:35:00+09:00,0.3195,0.3218,0.319,0.3218,69288.0
2025-04-10 12:40:00+09:00,0.3218,0.3221,0.3213,0.322,142090.7
2025-04-10 12:45:00+09:00,0.3219,0.3222,0.3206,0.3206,92129.5
2025-04-10 12:50:00+09:00,0.3206,0.3215,0.3203,0.3211,164026.5
2025-04-10 12:55:00+09:00,0.3211,0.3224,0.3211,0.3224,24694.4
2025-04-10 13:00:00+09:00,0.3222,0.3224,0.3218,0.3219,31569.5
2025-04-10 13:05:00+09:00,0.3219,0.3226,0.3212,0.3217,70874.4
2025-04-10 13:10:00+09:00,0.3215,0.3225,0.3215,0.322,14140.9
2025-04-10 13:15:00+09:00,0.3221,0.3225,0.3216,0.3217,56830.8
2025-04-10 13:20:00+09:00,0.3218,0.3223,0.3213,0.3217,46756.2
2025-04-10 13:25:00+09:00,0.3215,0.3216,0.3204,0.3206,126411.0
2025-04-10 13:30:00+09:00,0.3205,0.3205,0.3186,0.3187,81719.1
2025-04-10 13:35:00+09:00,0.3187,0.3199,0.3181,0.3196,29146.4
2025-04-10 13:40:00+09:00,0.3196,0.3205,0.3196,0.3199,39473.5
2025-04-10 13:45:00+09:00,0.3199,0.3219,0.3199,0.3219,19188.1
2025-04-10 13:50:00+09:00,0.3217,0.3218,0.321,0.3213,51982.7
2025-04-10 13:55:00+09:00,0.3213,0.3221,0.3213,0.3217,57385.4
2025-04-10 14:00:00+09:00,0.3217,0.3222,0.3209,0.3211,66913.3
2025-04-10 14:05:00+09:00,0.3212,0.3232,0.321,0.323,96668.7
2025-04-10 14:10:00+09:00,0.3231,0.3233,0.3221,0.3221,107297.0
2025-04-10 14:15:00+09:00,0.3223,0.323,0.3208,0.3212,79149.7
2025-04-10 14:20:00+09:00,0.3212,0.3222,0.3209,0.322,57258.8
2025-04-10 14:25:00+09:00,0.3221,0.3231,0.3218,0.3228,50782.7
2025-04-10 14:30:00+09:00,0.3227,0.3231,0.322,0.322,19274.2
2025-04-10 14:35:00+09:00,0.3221,0.3222,0.3217,0.3221,22770.5
2025-04-10 14:40:00+09:00,0.322,0.3239,0.322,0.3231,148012.4
2025-04-10 14:45:00+09:00,0.3232,0.3239,0.3219,0.3221,66938.7
2025-04-10 14:50:00+09:00,0.322,0.322,0.3215,0.3217,298034.0
2025-04-10 14:55:00+09:00,0.3217,0.3227,0.3214,0.3227,97659.5
2025-04-10 15:00:00+09:00,0.3226,0.3236,0.3222,0.3231,105951.9
2025-04-10 15:05:00+09:00,0.3229,0.3239,0.3227,0.3232,146887.9
2025-04-10 15:10:00+09:00,0.3232,0.3241,0.3229,0.3237,130508.7
2025-04-10 15:15:00+09:00,0.3237,0.3241,0.3231,0.3236,49347.0
2025-04-10 15:20:00+09:00,0.3235,0.324,0.3232,0.3238,27233.2
2025-04-10 15:25:00+09:00,0.3237,0.3238,0.323,0.3233,32844.1
2025-04-10 15:30:00+09:00,0.3234,0.3238,0.3226,0.3233,67364.4
2025-04-10 15:35:00+09:00,0.3234,0.3237,0.3225,0.3231,37708.6
2025-04-10 15:40:00+09:00,0.323,0.323,0.3224,0.3227,74216.2
2025-04-10 15:45:00+09:00,0.3225,0.3225,0.3211,0.3218,99805.7
2025-04-10 15:50:00+09:00,0.3219,0.3239,0.3219,0.3234,52380.6
2025-04-10 15:55:00+09:00,0.3235,0.3237,0.3233,0.3235,27987.1
2025-04-10 16:00:00+09:00,0.3233,0.3244,0.3233,0.3243,20128.9
2025-04-10 16:05:00+09:00,0.3242,0.3243,0.3231,0.3231,80469.2
2025-04-10 16:10:00+09:00,0.3231,0.3246,0.323,0.3238,83785.4
2025-04-10 16:15:00+09:00,0.3238,0.3245,0.3238,0.3241,32386.1
2025-04-10 16:20:00+09:00,0.3241,0.3251,0.3241,0.3248,51812.8
2025-04-10 16:25:00+09:00,0.3249,0.3249,0.3238,0.324,60302.0
2025-04-10 16:30:00+09:00,0.3239,0.3239,0.3196,0.3203,210502.8
2025-04-10 16:35:00+09:00,0.3201,0.3214,0.3195,0.3208,30881.7
2025-04-10 16:40:00+09:00,0.3207,0.3214,0.3205,0.3213,17002.8
2025-04-10 16:45:00+09:00,0.3213,0.3227,0.3212,0.3227,40128.0
2025-04-10 16:50:00+09:00,0.3227,0.3227,0.322,0.3227,16301.0
2025-04-10 16:55:00+09:00,0.3227,0.3229,0.3223,0.3228,93281.8
2025-04-10 17:00:00+09:00,0.3228,0.3237,0.3216,0.3216,21562.0
2025-04-10 17:05:00+09:00,0.3213,0.323,0.3212,0.3227,23892.2
2025-04-10 17:10:00+09:00,0.3227,0.3236,0.3227,0.3233,19860.0
2025-04-10 17:15:00+09:00,0.3233,0.3236,0.3217,0.3221,66784.1
2025-04-10 17:20:00+09:00,0.3222,0.3227,0.3217,0.3219,10670.9
2025-04-10 17:25:00+09:00,0.3218,0.3229,0.3218,0.3225,8167.9
2025-04-10 17:30:00+09:00,0.3223,0.3224,0.3206,0.3214,52146.4
2025-04-10 17:35:00+09:00,0.3213,0.3217,0.3205,0.3206,34591.5
2025-04-10 17:40:00+09:00,0.3207,0.3218,0.32,0.3217,201845.9
2025-04-10 17:45:00+09:00,0.3217,0.3222,0.3211,0.3212,44641.9
2025-04-10 17:50:00+09:00,0.3213,0.3214,0.3208,0.3209,31257.2
2025-04-10 17:55:00+09:00,0.3209,0.3211,0.3202,0.3207,34438.5
2025-04-10 18:00:00+09:00,0.3207,0.321,0.3197,0.3202,82032.4
2025-04-10 18:05:00+09:00,0.3203,0.3207,0.3197,0.3199,30268.6
2025-04-10 18:10:00+09:00,0.3199,0.3212,0.3195,0.3212,27605.6
2025-04-10 18:15:00+09:00,0.3213,0.3231,0.3212,0.3229,76260.1
2025-04-10 18:20:00+09:00,0.3231,0.3231,0.322,0.322,18451.9
2025-04-10 18:25:00+09:00,0.3218,0.322,0.321,0.3212,11659.8
2025-04-10 18:30:00+09:00,0.3213,0.3217,0.3207,0.3214,24870.5
2025-04-10 18:35:00+09:00,0.3213,0.3215,0.3207,0.3208,16245.9
2025-04-10 18:40:00+09:00,0.3209,0.321,0.3203,0.3203,32044.8
2025-04-10 18:45:00+09:00,0.3204,0.3212,0.3203,0.3209,29433.4
2025-04-10 18:50:00+09:00,0.3209,0.3219,0.3208,0.3214,73920.8
2025-04-10 18:55:00+09:00,0.3214,0.3216,0.3205,0.321,100065.8
2025-04-10 19:00:00+09:00,0.3208,0.3212,0.3202,0.3212,89500.3
2025-04-10 19:05:00+09:00,0.3211,0.3211,0.3203,0.3205,19234.4
2025-04-10 19:10:00+09:00,0.3205,0.3209,0.3202,0.3206,46797.0
2025-04-10 19:15:00+09:00,0.3206,0.3209,0.3198,0.3199,73049.9
2025-04-10 19:20:00+09:00,0.3197,0.3198,0.3189,0.3194,61170.1
2025-04-10 19:25:00+09:00,0.3194,0.3196,0.3191,0.3193,14941.1
2025-04-10 19:30:00+09:00,0.3192,0.3198,0.3185,0.319,19444.2
2025-04-10 19:35:00+09:00,0.3189,0.3197,0.3189,0.3196,10029.1
2025-04-10 19:40:00+09:00,0.3196,0.3196,0.3185,0.3186,23273.0
2025-04-10 19:45:00+09:00,0.3187,0.3194,0.3182,0.3189,41551.7
2025-04-10 19:50:00+09:00,0.3188,0.3199,0.3188,0.3194,15680.3
2025-04-10 19:55:00+09:00,0.3194,0.3203,0.3194,0.3203,12097.0
2025-04-10 20:00:00+09:00,0.3203,0.3207,0.3192,0.3194,10832.6
2025-04-10 20:05:00+09:00,0.3195,0.3197,0.3192,0.3195,9252.0
2025-04-10 20:10:00+09:00,0.3195,0.3197,0.3186,0.3186,31503.3
2025-04-10 20:15:00+09:00,0.3185,0.3187,0.3171,0.3179,80401.1
2025-04-10 20:20:00+09:00,0.318,0.3187,0.318,0.3183,23925.2
2025-04-10 20:25:00+09:00,0.3182,0.3182,0.3176,0.3176,48599.7
2025-04-10 20:30:00+09:00,0.3176,0.3187,0.3176,0.3186,21565.8
2025-04-10 20:35:00+09:00,0.3186,0.3197,0.3186,0.3193,7888.6
2025-04-10 20:40:00+09:00,0.3194,0.3197,0.3191,0.3197,9150.4
2025-04-10 20:45:00+09:00,0.3197,0.3201,0.3195,0.3197,48081.5
2025-04-10 20:50:00+09:00,0.3198,0.3201,0.3193,0.3201,38765.5
2025-04-10 20:55:00+09:00,0.3202,0.3213,0.3202,0.3206,29389.1
2025-04-10 21:00:00+09:00,0.3205,0.324,0.3203,0.3217,125060.6
2025-04-10 21:05:00+09:00,0.3218,0.3223,0.3202,0.321,37022.6
2025-04-10 21:10:00+09:00,0.3211,0.3223,0.3208,0.3223,16584.6
2025-04-10 21:15:00+09:00,0.3222,0.323,0.3219,0.323,59541.2
2025-04-10 21:20:00+09:00,0.3231,0.3235,0.3219,0.3221,25207.3
2025-04-10 21:25:00+09:00,0.3221,0.3271,0.3221,0.3253,125622.3
2025-04-10 21:30:00+09:00,0.3256,0.3289,0.3227,0.3236,325813.9
2025-04-10 21:35:00+09:00,0.3236,0.3247,0.3227,0.3247,28042.9
2025-04-10 21:40:00+09:00,0.3246,0.3246,0.3232,0.3242,39342.5
2025-04-10 21:45:00+09:00,0.3243,0.3243,0.3221,0.3224,64819.4
2025-04-10 21:50:00+09:00,0.3224,0.323,0.3214,0.323,144933.0
2025-04-10 21:55:00+09:00,0.3229,0.323,0.3218,0.3224,15533.7
2025-04-10 22:00:00+09:00,0.3224,0.3225,0.321,0.3214,21366.9
2025-04-10 22:05:00+09:00,0.3213,0.3213,0.3201,0.3206,19048.3
2025-04-10 22:10:00+09:00,0.3206,0.3213,0.3205,0.3209,77730.4
2025-04-10 22:15:00+09:00,0.3207,0.3227,0.3202,0.3227,87081.7
2025-04-10 22:20:00+09:00,0.3226,0.3235,0.3224,0.323,17443.1
2025-04-10 22:25:00+09:00,0.323,0.3234,0.322,0.3225,89196.0
2025-04-10 22:30:00+09:00,0.3225,0.3232,0.3198,0.3205,172935.5
2025-04-10 22:35:00+09:00,0.3206,0.3212,0.3184,0.3189,69062.6
2025-04-10 22:40:00+09:00,0.319,0.319,0.3171,0.3179,31539.7
2025-04-10 22:45:00+09:00,0.3178,0.3212,0.3177,0.3211,99751.5
2025-04-10 22:50:00+09:00,0.321,0.3227,0.3204,0.3205,39146.3
2025-04-10 22:55:00+09:00,0.3204,0.3205,0.3197,0.3199,4164.3
2025-04-10 23:00:00+09:00,0.3198,0.3202,0.3181,0.3194,58793.8
2025-04-10 23:05:00+09:00,0.3196,0.3203,0.3183,0.3185,16530.3
2025-04-10 23:10:00+09:00,0.3184,0.3191,0.3174,0.3186,17080.2
2025-04-10 23:15:00+09:00,0.3188,0.3202,0.3188,0.3197,9792.3
2025-04-10 23:20:00+09:00,0.3199,0.3225,0.3199,0.3222,24773.6
2025-04-10 23:25:00+09:00,0.3223,0.3227,0.3216,0.3217,19692.8
2025-04-10 23:30:00+09:00,0.3218,0.3234,0.3218,0.3234,20894.6
2025-04-10 23:35:00+09:00,0.3233,0.3244,0.3229,0.323,14319.1
2025-04-10 23:40:00+09:00,0.3233,0.3239,0.3227,0.323,36750.7
2025-04-10 23:45:00+09:00,0.323,0.3231,0.3224,0.3224,9027.6
2025-04-10 23:50:00+09:00,0.3225,0.323,0.3223,0.3227,34081.0
2025-04-10 23:55:00+09:00,0.3228,0.323,0.3215,0.3216,19802.1
2025-04-11 00:00:00+09:00,0.3217,0.3222,0.3202,0.3202,20169.9
2025-04-11 00:05:00+09:00,0.3202,0.3211,0.3196,0.3207,11158.0
2025-04-11 00:10:00+09:00,0.3207,0.3209,0.3187,0.3188,32773.6
2025-04-11 00:15:00+09:00,0.3187,0.319,0.3161,0.3173,53174.5
2025-04-11 00:20:00+09:00,0.3171,0.3171,0.3158,0.3159,16211.4
2025-04-11 00:25:00+09:00,0.3159,0.3164,0.3131,0.3131,185385.5
2025-04-11 00:30:00+09:00,0.3131,0.3138,0.3105,0.3113,54353.2
2025-04-11 00:35:00+09:00,0.3113,0.3114,0.3085,0.3086,62337.7
2025-04-11 00:40:00+09:00,0.3087,0.3099,0.3075,0.3088,69452.7
2025-04-11 00:45:00+09:00,0.3088,0.309,0.3063,0.3065,76869.0
2025-04-11 00:50:00+09:00,0.3068,0.3097,0.3065,0.3097,108659.6
2025-04-11 00:55:00+09:00,0.3098,0.3098,0.3072,0.3083,31694.6
2025-04-11 01:00:00+09:00,0.3081,0.3103,0.3065,0.3082,224284.1
2025-04-11 01:05:00+09:00,0.3081,0.3112,0.3072,0.3105,97052.5
2025-04-11 01:10:00+09:00,0.3104,0.3111,0.3094,0.31,31514.2
2025-04-11 01:15:00+09:00,0.3099,0.3103,0.3089,0.3102,223750.2
2025-04-11 01:20:00+09:00,0.3101,0.3101,0.3073,0.3096,170127.2
2025-04-11 01:25:00+09:00,0.3097,0.3097,0.3078,0.3084,40366.3
2025-04-11 01:30:00+09:00,0.3085,0.311,0.3085,0.3108,40191.3
2025-04-11 01:35:00+09:00,0.311,0.312,0.3097,0.3111,21396.7
2025-04-11 01:40:00+09:00,0.3112,0.3113,0.3093,0.3101,73346.0
2025-04-11 01:45:00+09:00,0.3102,0.3113,0.3091,0.3112,33803.7
2025-04-11 01:50:00+09:00,0.3111,0.3127,0.3098,0.3103,115411.7
2025-04-11 01:55:00+09:00,0.3104,0.3116,0.3102,0.3114,6066.1
2025-04-11 02:00:00+09:00,0.3114,0.3131,0.3104,0.3105,75898.6
2025-04-11 02:05:00+09:00,0.3105,0.3105,0.309,0.3096,13092.8
2025-04-11 02:10:00+09:00,0.3096,0.3105,0.3091,0.3104,14701.0
2025-04-11 02:15:00+09:00,0.3103,0.3116,0.3095,0.3111,128679.3
2025-04-11 02:20:00+09:00,0.3113,0.3117,0.3099,0.3116,26193.3
2025-04-11 02:25:00+09:00,0.3115,0.3127,0.3114,0.312,26340.2
2025-04-11 02:30:00+09:00,0.3119,0.3123,0.311,0.311,9892.0
2025-04-11 02:35:00+09:00,0.3109,0.3129,0.3106,0.3113,21268.4
2025-04-11 02:40:00+09:00,0.3113,0.3122,0.3107,0.3122,22083.2
2025-04-11 02:45:00+09:00,0.3123,0.3125,0.3114,0.3115,9184.2
2025-04-11 02:50:00+09:00,0.3116,0.3126,0.3112,0.3124,8659.0
2025-04-11 02:55:00+09:00,0.3123,0.3134,0.3123,0.313,22166.0
2025-04-11 03:00:00+09:00,0.3128,0.3136,0.3123,0.3135,24445.8
2025-04-11 03:05:00+09:00,0.3134,0.314,0.3125,0.3126,4484.8
2025-04-11 03:10:00+09:00,0.3125,0.3129,0.3121,0.3121,2820.1
2025-04-11 03:15:00+09:00,0.312,0.3141,0.312,0.3138,8895.5
2025-04-11 03:20:00+09:00,0.3141,0.3148,0.3135,0.3135,9637.4
2025-04-11 03:25:00+09:00,0.3134,0.3147,0.3131,0.3142,19935.4
2025-04-11 03:30:00+09:00,0.3142,0.3145,0.3132,0.3133,20648.5
2025-04-11 03:35:00+09:00,0.3134,0.3144,0.3132,0.3137,16339.9
2025-04-11 03:40:00+09:00,0.3137,0.3143,0.3133,0.3141,35694.9
2025-04-11 03:45:00+09:00,0.314,0.314,0.3128,0.3135,53075.1
2025-04-11 03:50:00+09:00,0.3135,0.314,0.3129,0.3131,38665.1
2025-04-11 03:55:00+09:00,0.3132,0.3153,0.313,0.315,37306.9
2025-04-11 04:00:00+09:00,0.315,0.3159,0.3145,0.3152,66239.8
2025-04-11 04:05:00+09:00,0.3153,0.3157,0.3149,0.3152,22143.7
2025-04-11 04:10:00+09:00,0.3152,0.3157,0.3148,0.3154,31936.2
2025-04-11 04:15:00+09:00,0.3153,0.3163,0.3152,0.316,20341.3
2025-04-11 04:20:00+09:00,0.3159,0.3168,0.3159,0.316,61462.5
2025-04-11 04:25:00+09:00,0.3161,0.3176,0.3157,0.3158,142956.3
2025-04-11 04:30:00+09:00,0.3158,0.3176,0.3158,0.3174,46545.8
2025-04-11 04:35:00+09:00,0.3174,0.3184,0.317,0.3172,46779.4
2025-04-11 04:40:00+09:00,0.317,0.3175,0.3163,0.3172,35127.3
2025-04-11 04:45:00+09:00,0.3172,0.3176,0.3163,0.3165,26390.4
2025-04-11 04:50:00+09:00,0.3164,0.3179,0.3163,0.3176,4736.6
2025-04-11 04:55:00+09:00,0.3174,0.3189,0.3167,0.317,41009.7
2025-04-11 05:00:00+09:00,0.3167,0.3176,0.3164,0.3169,65349.4
2025-04-11 05:05:00+09:00,0.3168,0.318,0.3166,0.318,24734.9
2025-04-11 05:10:00+09:00,0.3185,0.3192,0.3185,0.3192,6576.4
2025-04-11 05:15:00+09:00,0.3189,0.3194,0.3183,0.319,13605.8
2025-04-11 05:20:00+09:00,0.319,0.319,0.3177,0.3178,14641.1
2025-04-11 05:25:00+09:00,0.3179,0.3179,0.3173,0.3174,4386.5
2025-04-11 05:30:00+09:00,0.3171,0.318,0.317,0.317,16807.4
2025-04-11 05:35:00+09:00,0.3171,0.3177,0.3171,0.3174,17898.0
2025-04-11 05:40:00+09:00,0.3174,0.3176,0.3168,0.3175,17037.5
2025-04-11 05:45:00+09:00,0.3173,0.3184,0.3172,0.3184,16461.0
2025-04-11 05:50:00+09:00,0.3185,0.3212,0.3185,0.3202,147438.6
2025-04-11 05:55:00+09:00,0.3199,0.3202,0.3193,0.3199,8488.5
2025-04-11 06:00:00+09:00,0.3201,0.3208,0.32,0.3208,6165.0
2025-04-11 06:05:00+09:00,0.321,0.3225,0.321,0.3225,49360.8
2025-04-11 06:10:00+09:00,0.3226,0.3237,0.3214,0.3214,28061.9
2025-04-11 06:15:00+09:00,0.3215,0.3221,0.3211,0.3217,41524.6
2025-04-11 06:20:00+09:00,0.3214,0.3222,0.3208,0.3211,47942.9
2025-04-11 06:25:00+09:00,0.3214,0.3222,0.3211,0.3215,46086.7
2025-04-11 06:30:00+09:00,0.3215,0.3234,0.3215,0.323,10315.9
2025-04-11 06:35:00+09:00,0.3229,0.3237,0.322,0.3237,9815.8
2025-04-11 06:40:00+09:00,0.3239,0.3241,0.3235,0.3237,5948.0
2025-04-11 06:45:00+09:00,0.3235,0.3235,0.3229,0.323,2702.6
2025-04-11 06:50:00+09:00,0.3228,0.3228,0.3222,0.3223,3895.3
2025-04-11 06:55:00+09:00,0.3223,0.3229,0.3217,0.3218,20616.7
2025-04-11 07:00:00+09:00,0.3221,0.3226,0.321,0.3225,11571.4
2025-04-11 07:05:00+09:00,0.3222,0.3224,0.3216,0.3224,9718.5
2025-04-11 07:10:00+09:00,0.3226,0.3242,0.3226,0.3237,51682.1
2025-04-11 07:15:00+09:00,0.3237,0.3245,0.3235,0.3239,7210.4
2025-04-11 07:20:00+09:00,0.3238,0.3246,0.3238,0.3243,55909.5
2025-04-11 07:25:00+09:00,0.3243,0.3244,0.3233,0.3234,8434.6
2025-04-11 07:30:00+09:00,0.3232,0.3245,0.3232,0.3245,7432.1
2025-04-11 07:35:00+09:00,0.3247,0.3254,0.3241,0.3245,26946.3
2025-04-11 07:40:00+09:00,0.3246,0.325,0.3244,0.3245,3676.9
2025-04-11 07:45:00+09:00,0.3245,0.3245,0.3235,0.3239,4705.7
2025-04-11 07:50:00+09:00,0.3235,0.3236,0.3228,0.3229,16592.7
2025-04-11 07:55:00+09:00,0.3229,0.3232,0.3226,0.3231,11520.2
2025-04-11 08:00:00+09:00,0.323,0.323,0.3217,0.3221,75404.7
2025-04-11 08:05:00+09:00,0.3222,0.3227,0.3216,0.3223,14145.8
2025-04-11 08:10:00+09:00,0.3222,0.3222,0.3212,0.3214,6122.3
2025-04-11 08:15:00+09:00,0.3215,0.322,0.3213,0.322,12833.0
2025-04-11 08:20:00+09:00,0.3221,0.3226,0.3214,0.3214,16525.8
2025-04-11 08:25:00+09:00,0.3214,0.3222,0.3208,0.3222,15082.2
2025-04-11 08:30:00+09:00,0.3221,0.3226,0.3219,0.3225,43246.5
2025-04-11 08:35:00+09:00,0.3225,0.3227,0.322,0.3225,19635.4
2025-04-11 08:40:00+09:00,0.3225,0.3232,0.3225,0.3231,6396.2
2025-04-11 08:45:00+09:00,0.323,0.323,0.3226,0.3229,9088.7
2025-04-11 08:50:00+09:00,0.3229,0.323,0.3223,0.3224,14686.4
2025-04-11 08:55:00+09:00,0.3222,0.3235,0.322,0.3227,37135.9
2025-04-11 09:00:00+09:00,0.3224,0.3227,0.3213,0.3219,63274.9
2025-04-11 09:05:00+09:00,0.3218,0.3243,0.3212,0.3243,27688.6
2025-04-11 09:10:00+09:00,0.3244,0.3251,0.3237,0.3238,38398.5
2025-04-11 09:15:00+09:00,0.3238,0.3251,0.3235,0.3249,29669.2
2025-04-11 09:20:00+09:00,0.325,0.3255,0.3245,0.3253,26872.7
2025-04-11 09:25:00+09:00,0.3256,0.3258,0.3249,0.3254,11909.1
2025-04-11 09:30:00+09:00,0.3254,0.3259,0.3229,0.3246,26176.7
2025-04-11 09:35:00+09:00,0.325,0.325,0.3234,0.3242,11290.5
2025-04-11 09:40:00+09:00,0.3243,0.3254,0.3239,0.3243,72611.4
2025-04-11 09:45:00+09:00,0.3243,0.3252,0.3237,0.324,39531.4
2025-04-11 09:50:00+09:00,0.3239,0.3239,0.3228,0.3229,9038.3
2025-04-11 09:55:00+09:00,0.3228,0.3229,0.3215,0.3215,32785.5
2025-04-11 10:00:00+09:00,0.3216,0.3221,0.3216,0.3218,20845.0
2025-04-11 10:05:00+09:00,0.3217,0.3231,0.3216,0.3226,27941.1
2025-04-11 10:10:00+09:00,0.3223,0.3239,0.3223,0.3227,18769.6
2025-04-11 10:15:00+09:00,0.3228,0.3236,0.3224,0.3232,21327.6
2025-04-11 10:20:00+09:00,0.3233,0.3237,0.3226,0.3226,20826.1
2025-04-11 10:25:00+09:00,0.3225,0.3226,0.322,0.3223,26744.5
2025-04-11 10:30:00+09:00,0.3223,0.3251,0.3222,0.3238,92258.2
2025-04-11 10:35:00+09:00,0.3239,0.3246,0.3236,0.324,17689.5
2025-04-11 10:40:00+09:00,0.324,0.324,0.3232,0.3232,24401.3
2025-04-11 10:45:00+09:00,0.3231,0.3243,0.3228,0.3239,18012.8
2025-04-11 10:50:00+09:00,0.324,0.326,0.324,0.325,68924.1
2025-04-11 10:55:00+09:00,0.3249,0.3256,0.3246,0.3256,11650.8
2025-04-11 11:00:00+09:00,0.3255,0.3271,0.3249,0.3263,150110.9
2025-04-11 11:05:00+09:00,0.3262,0.3274,0.3257,0.3273,17883.1
2025-04-11 11:10:00+09:00,0.3272,0.3276,0.327,0.3274,12559.5
2025-04-11 11:15:00+09:00,0.3275,0.3277,0.3263,0.327,11514.5
2025-04-11 11:20:00+09:00,0.327,0.3285,0.3268,0.3281,46001.5
2025-04-11 11:25:00+09:00,0.3282,0.3292,0.3281,0.3288,19350.2
2025-04-11 11:30:00+09:00,0.3288,0.33,0.3288,0.3296,58584.0
2025-04-11 11:35:00+09:00,0.3295,0.3323,0.3289,0.3301,186769.4
2025-04-11 11:40:00+09:00,0.3302,0.3325,0.3302,0.3324,54117.6
2025-04-11 11:45:00+09:00,0.3323,0.3325,0.3311,0.3312,82977.7
2025-04-11 11:50:00+09:00,0.3312,0.3322,0.3312,0.3316,23602.6
2025-04-11 11:55:00+09:00,0.3313,0.3315,0.3306,0.3308,73937.8
2025-04-11 12:00:00+09:00,0.3308,0.3327,0.3307,0.3322,29396.4
2025-04-11 12:05:00+09:00,0.3323,0.3342,0.3322,0.3327,79424.0
2025-04-11 12:10:00+09:00,0.3328,0.3355,0.3328,0.3354,64302.8
2025-04-11 12:15:00+09:00,0.3356,0.3379,0.3351,0.3366,149879.9
2025-04-11 12:20:00+09:00,0.3366,0.3396,0.3355,0.3371,581333.5
2025-04-11 12:25:00+09:00,0.337,0.3373,0.3339,0.3344,521901.5
2025-04-11 12:30:00+09:00,0.3345,0.3345,0.3308,0.3313,42953.6
2025-04-11 12:35:00+09:00,0.3312,0.3315,0.3305,0.3314,53924.0
2025-04-11 12:40:00+09:00,0.3315,0.3334,0.3315,0.3327,142208.9
2025-04-11 12:45:00+09:00,0.3327,0.3327,0.3315,0.3315,39248.9
2025-04-11 12:50:00+09:00,0.3316,0.3323,0.3311,0.3313,19608.2
2025-04-11 12:55:00+09:00,0.3314,0.332,0.3304,0.3307,50761.1
2025-04-11 13:00:00+09:00,0.3307,0.3326,0.3304,0.3313,68932.5
2025-04-11 13:05:00+09:00,0.3313,0.3323,0.3308,0.3317,60483.1
2025-04-11 13:10:00+09:00,0.3318,0.3337,0.3318,0.3337,60473.9
2025-04-11 13:15:00+09:00,0.3338,0.3346,0.3332,0.3335,45541.0
2025-04-11 13:20:00+09:00,0.3334,0.3341,0.3329,0.3333,46972.3
2025-04-11 13:25:00+09:00,0.3334,0.3334,0.3326,0.3327,21123.0
2025-04-11 13:30:00+09:00,0.3329,0.3339,0.3322,0.3336,24730.2
2025-04-11 13:35:00+09:00,0.3337,0.3337,0.3326,0.3335,19704.4
2025-04-11 13:40:00+09:00,0.3335,0.3349,0.3335,0.3343,49237.0
2025-04-11 13:45:00+09:00,0.3344,0.3368,0.334,0.3367,45847.5
2025-04-11 13:50:00+09:00,0.3366,0.3366,0.3356,0.3359,39795.1
2025-04-11 13:55:00+09:00,0.336,0.3368,0.3356,0.3367,16917.9
2025-04-11 14:00:00+09:00,0.3367,0.3374,0.336,0.3369,38402.5
2025-04-11 14:05:00+09:00,0.3369,0.337,0.3354,0.3358,71991.7
2025-04-11 14:10:00+09:00,0.3357,0.3373,0.3356,0.3371,26619.6
2025-04-11 14:15:00+09:00,0.3372,0.3372,0.3349,0.3359,41767.4
2025-04-11 14:20:00+09:00,0.336,0.3371,0.336,0.3369,37446.5
2025-04-11 14:25:00+09:00,0.3369,0.3388,0.3368,0.3383,72732.7
2025-04-11 14:30:00+09:00,0.3383,0.3389,0.3362,0.3362,73755.7
2025-04-11 14:35:00+09:00,0.3362,0.3364,0.3356,0.3362,17599.8
2025-04-11 14:40:00+09:00,0.3363,0.3376,0.3362,0.3373,41398.6
2025-04-11 14:45:00+09:00,0.3374,0.3375,0.3365,0.3373,63553.5
2025-04-11 14:50:00+09:00,0.3373,0.3377,0.337,0.3374,8171.5
2025-04-11 14:55:00+09:00,0.3374,0.3377,0.3367,0.3373,8520.4
2025-04-11 15:00:00+09:00,0.3371,0.3379,0.3369,0.3373,28791.6
2025-04-11 15:05:00+09:00,0.3374,0.3398,0.3372,0.3375,101837.5
2025-04-11 15:10:00+09:00,0.3376,0.3381,0.337,0.337,60156.1
2025-04-11 15:15:00+09:00,0.337,0.337,0.3351,0.3356,32250.2
2025-04-11 15:20:00+09:00,0.3358,0.3358,0.3346,0.3346,38253.4
2025-04-11 15:25:00+09:00,0.3345,0.337,0.3343,0.3361,64768.0
2025-04-11 15:30:00+09:00,0.336,0.3376,0.336,0.3373,23227.3
2025-04-11 15:35:00+09:00,0.3372,0.3382,0.3368,0.3378,28578.0
2025-04-11 15:40:00+09:00,0.3377,0.338,0.3372,0.3375,14742.3
2025-04-11 15:45:00+09:00,0.3373,0.3382,0.3373,0.338,21087.4
2025-04-11 15:50:00+09:00,0.3381,0.3381,0.3367,0.3368,32035.5
2025-04-11 15:55:00+09:00,0.3369,0.337,0.3365,0.3365,25659.0
2025-04-11 16:00:00+09:00,0.3364,0.3364,0.3356,0.3356,23422.0
2025-04-11 16:05:00+09:00,0.3352,0.3352,0.3338,0.3339,22295.7
2025-04-11 16:10:00+09:00,0.334,0.334,0.3328,0.3332,105195.0
2025-04-11 16:15:00+09:00,0.3334,0.3337,0.3321,0.3322,39320.6
2025-04-11 16:20:00+09:00,0.3322,0.333,0.3322,0.3326,24410.3
2025-04-11 16:25:00+09:00,0.3325,0.3331,0.3324,0.3325,25081.4
2025-04-11 16:30:00+09:00,0.3325,0.3329,0.332,0.3324,14754.7
2025-04-11 16:35:00+09:00,0.3326,0.3341,0.3323,0.3326,67644.9
2025-04-11 16:40:00+09:00,0.3326,0.3338,0.3324,0.3334,30553.1
2025-04-11 16:45:00+09:00,0.3333,0.3337,0.3329,0.3332,25895.7
2025-04-11 16:50:00+09:00,0.3333,0.3336,0.3331,0.3332,14073.6
2025-04-11 16:55:00+09:00,0.3333,0.3343,0.3332,0.3339,20681.1
2025-04-11 17:00:00+09:00,0.3338,0.3338,0.3311,0.3334,191789.0
2025-04-11 17:05:00+09:00,0.3334,0.3365,0.3334,0.3343,117146.0
2025-04-11 17:10:00+09:00,0.3345,0.3356,0.3337,0.3345,46657.2
2025-04-11 17:15:00+09:00,0.3346,0.3348,0.3323,0.3326,66066.7
2025-04-11 17:20:00+09:00,0.3328,0.3336,0.3327,0.3333,165397.4
2025-04-11 17:25:00+09:00,0.3334,0.3338,0.333,0.3337,33007.8
2025-04-11 17:30:00+09:00,0.3336,0.3344,0.3334,0.3341,23971.5
2025-04-11 17:35:00+09:00,0.3341,0.3366,0.3341,0.336,28878.3
2025-04-11 17:40:00+09:00,0.3361,0.3361,0.3339,0.3342,45849.6
2025-04-11 17:45:00+09:00,0.3341,0.3346,0.3333,0.3337,28473.0
2025-04-11 17:50:00+09:00,0.3338,0.334,0.3331,0.3333,12914.7
2025-04-11 17:55:00+09:00,0.3332,0.3338,0.3327,0.3338,16871.4
2025-04-11 18:00:00+09:00,0.3338,0.3341,0.3326,0.3328,30196.1
2025-04-11 18:05:00+09:00,0.3327,0.3332,0.3326,0.3331,21210.4
2025-04-11 18:10:00+09:00,0.3328,0.3328,0.332,0.332,11090.8
2025-04-11 18:15:00+09:00,0.3321,0.3324,0.3315,0.3317,24263.5
2025-04-11 18:20:00+09:00,0.3317,0.3325,0.3311,0.332,108597.3
2025-04-11 18:25:00+09:00,0.3321,0.3339,0.332,0.3332,27690.4
2025-04-11 18:30:00+09:00,0.3332,0.3349,0.3332,0.3349,32602.8
2025-04-11 18:35:00+09:00,0.3348,0.3354,0.334,0.3349,32971.5
2025-04-11 18:40:00+09:00,0.3349,0.335,0.3341,0.3344,9329.1
2025-04-11 18:45:00+09:00,0.3343,0.3348,0.3333,0.3338,41761.9
2025-04-11 18:50:00+09:00,0.3337,0.3347,0.3336,0.3345,11071.8
2025-04-11 18:55:00+09:00,0.3345,0.3348,0.334,0.3345,29914.8
2025-04-11 19:00:00+09:00,0.3345,0.3346,0.3336,0.3338,82706.5
2025-04-11 19:05:00+09:00,0.3338,0.3347,0.3321,0.3321,52195.1
2025-04-11 19:10:00+09:00,0.332,0.3323,0.329,0.3297,78791.7
2025-04-11 19:15:00+09:00,0.3298,0.333,0.3298,0.3323,210086.6
2025-04-11 19:20:00+09:00,0.3324,0.3336,0.332,0.333,27581.4
2025-04-11 19:25:00+09:00,0.3328,0.3335,0.3323,0.3334,43090.8
2025-04-11 19:30:00+09:00,0.3334,0.3364,0.3333,0.3358,135263.0
2025-04-11 19:35:00+09:00,0.3359,0.3366,0.3341,0.3342,47539.7
2025-04-11 19:40:00+09:00,0.3341,0.3346,0.3336,0.3341,33425.3
2025-04-11 19:45:00+09:00,0.3339,0.3346,0.3331,0.3332,16140.2
2025-04-11 19:50:00+09:00,0.3333,0.3338,0.333,0.3333,14913.2
2025-04-11 19:55:00+09:00,0.3335,0.3335,0.3331,0.3335,22441.8
2025-04-11 20:00:00+09:00,0.3334,0.3334,0.3328,0.3334,8138.4
2025-04-11 20:05:00+09:00,0.3335,0.3337,0.333,0.3332,11348.1
2025-04-11 20:10:00+09:00,0.3331,0.3335,0.3319,0.332,38473.0
2025-04-11 20:15:00+09:00,0.3319,0.3319,0.3308,0.3308,19558.2
2025-04-11 20:20:00+09:00,0.331,0.3315,0.3309,0.3313,23279.6
2025-04-11 20:25:00+09:00,0.3313,0.3318,0.331,0.3315,35301.5
2025-04-11 20:30:00+09:00,0.3316,0.3321,0.3312,0.3318,17459.4
2025-04-11 20:35:00+09:00,0.3319,0.3321,0.3306,0.331,32670.3
2025-04-11 20:40:00+09:00,0.3311,0.3316,0.3309,0.3316,19190.4
2025-04-11 20:45:00+09:00,0.3316,0.3316,0.3301,0.3304,76111.1
2025-04-11 20:50:00+09:00,0.3304,0.3307,0.3301,0.3306,10249.3
2025-04-11 20:55:00+09:00,0.3306,0.3307,0.33,0.3305,13901.0
2025-04-11 21:00:00+09:00,0.3306,0.3311,0.33,0.331,41309.0
2025-04-11 21:05:00+09:00,0.331,0.331,0.3296,0.3296,15271.8
2025-04-11 21:10:00+09:00,0.3297,0.3299,0.3287,0.3294,18872.3
2025-04-11 21:15:00+09:00,0.3295,0.33,0.3292,0.3299,12081.3
2025-04-11 21:20:00+09:00,0.3297,0.33,0.3293,0.3298,14952.8
2025-04-11 21:25:00+09:00,0.3299,0.3307,0.3298,0.3307,9984.1
2025-04-11 21:30:00+09:00,0.3307,0.3335,0.3307,0.332,194983.0
2025-04-11 21:35:00+09:00,0.3321,0.3336,0.3316,0.3316,86767.2
2025-04-11 21:40:00+09:00,0.3315,0.3316,0.3309,0.3312,26022.2
2025-04-11 21:45:00+09:00,0.3311,0.3311,0.3297,0.3302,25894.5
2025-04-11 21:50:00+09:00,0.33,0.3304,0.3299,0.33,8186.0
2025-04-11 21:55:00+09:00,0.33,0.3301,0.3297,0.33,25796.5
2025-04-11 22:00:00+09:00,0.33,0.3303,0.3296,0.3297,92243.4
2025-04-11 22:05:00+09:00,0.3296,0.3306,0.3296,0.3301,56203.4
2025-04-11 22:10:00+09:00,0.33,0.3301,0.3285,0.3291,128075.1
2025-04-11 22:15:00+09:00,0.3291,0.3302,0.329,0.3301,16723.6
2025-04-11 22:20:00+09:00,0.33,0.3319,0.33,0.3317,35872.5
2025-04-11 22:25:00+09:00,0.3316,0.3317,0.3297,0.3308,179004.6
2025-04-11 22:30:00+09:00,0.3308,0.3319,0.3293,0.3319,59076.2
2025-04-11 22:35:00+09:00,0.3319,0.3357,0.3319,0.3353,79600.2
2025-04-11 22:40:00+09:00,0.3353,0.3354,0.3336,0.3342,122177.7
2025-04-11 22:45:00+09:00,0.3343,0.335,0.3339,0.3342,94801.4
2025-04-11 22:50:00+09:00,0.3341,0.3346,0.3337,0.3343,61834.8
2025-04-11 22:55:00+09:00,0.3341,0.335,0.3335,0.3347,32780.3
2025-04-11 23:00:00+09:00,0.3346,0.3346,0.3312,0.3328,222772.2
2025-04-11 23:05:00+09:00,0.3328,0.3344,0.3325,0.3343,28063.8
2025-04-11 23:10:00+09:00,0.3344,0.3356,0.3337,0.3346,179355.5
2025-04-11 23:15:00+09:00,0.3346,0.335,0.3335,0.3339,25927.4
2025-04-11 23:20:00+09:00,0.3338,0.3338,0.3314,0.3318,32518.0
2025-04-11 23:25:00+09:00,0.3317,0.332,0.3305,0.3312,16365.5
2025-04-11 23:30:00+09:00,0.3311,0.3327,0.331,0.3327,24452.4
2025-04-11 23:35:00+09:00,0.3326,0.3338,0.3323,0.3337,91984.8
2025-04-11 23:40:00+09:00,0.3335,0.3345,0.3332,0.3345,20040.6
2025-04-11 23:45:00+09:00,0.3346,0.3368,0.3346,0.3356,25045.1
2025-04-11 23:50:00+09:00,0.3356,0.3356,0.3344,0.3351,19138.2
2025-04-11 23:55:00+09:00,0.3351,0.3355,0.3343,0.3343,11754.2
2025-04-12 00:00:00+09:00,0.3342,0.3371,0.333,0.3338,175579.1
2025-04-12 00:05:00+09:00,0.3338,0.3348,0.3334,0.3347,46643.5
2025-04-12 00:10:00+09:00,0.3348,0.3353,0.3339,0.334,32395.0
2025-04-12 00:15:00+09:00,0.334,0.3342,0.3336,0.3342,19471.7
2025-04-12 00:20:00+09:00,0.3342,0.3347,0.3333,0.3337,38857.8
2025-04-12 00:25:00+09:00,0.3337,0.3344,0.3336,0.3343,16141.6
2025-04-12 00:30:00+09:00,0.3343,0.3357,0.3342,0.3352,121100.9
2025-04-12 00:35:00+09:00,0.3352,0.3369,0.3351,0.3366,29405.0
2025-04-12 00:40:00+09:00,0.3367,0.3367,0.3358,0.336,18858.2
2025-04-12 00:45:00+09:00,0.3361,0.3362,0.3352,0.3361,45694.1
2025-04-12 00:50:00+09:00,0.3361,0.3365,0.3359,0.3362,36605.9
2025-04-12 00:55:00+09:00,0.3363,0.3368,0.336,0.3368,13242.7
2025-04-12 01:00:00+09:00,0.3368,0.3368,0.3357,0.336,32124.2
2025-04-12 01:05:00+09:00,0.3361,0.3363,0.3345,0.3347,22666.4
2025-04-12 01:10:00+09:00,0.3348,0.3352,0.3347,0.3347,21731.0
2025-04-12 01:15:00+09:00,0.3346,0.3356,0.3345,0.3348,32300.7
2025-04-12 01:20:00+09:00,0.3349,0.3352,0.3344,0.3351,11868.1
2025-04-12 01:25:00+09:00,0.335,0.336,0.3348,0.3358,23988.5
2025-04-12 01:30:00+09:00,0.3359,0.3381,0.3359,0.3375,93713.7
2025-04-12 01:35:00+09:00,0.3375,0.3382,0.3373,0.3374,47274.9
2025-04-12 01:40:00+09:00,0.3374,0.3381,0.3374,0.338,17692.5
2025-04-12 01:45:00+09:00,0.3381,0.3391,0.3376,0.3387,38185.5
2025-04-12 01:50:00+09:00,0.3386,0.3388,0.3379,0.3383,36038.6
2025-04-12 01:55:00+09:00,0.3383,0.3384,0.3379,0.3383,15006.6
2025-04-12 02:00:00+09:00,0.3385,0.3386,0.3377,0.338,16359.6
2025-04-12 02:05:00+09:00,0.3378,0.3389,0.3378,0.3386,38158.9
2025-04-12 02:10:00+09:00,0.3387,0.3387,0.3373,0.3374,35976.1
2025-04-12 02:15:00+09:00,0.3373,0.3381,0.3372,0.3374,22318.1
2025-04-12 02:20:00+09:00,0.3375,0.3378,0.3369,0.3373,32849.3
2025-04-12 02:25:00+09:00,0.3373,0.3373,0.3368,0.3371,11841.2
2025-04-12 02:30:00+09:00,0.3371,0.3374,0.3367,0.3371,26607.4
2025-04-12 02:35:00+09:00,0.3371,0.3406,0.3371,0.3403,64286.0
2025-04-12 02:40:00+09:00,0.3402,0.3438,0.3402,0.3425,375618.5
2025-04-12 02:45:00+09:00,0.3424,0.3427,0.3405,0.3414,124776.1
2025-04-12 02:50:00+09:00,0.3413,0.3427,0.3411,0.3421,56149.7
2025-04-12 02:55:00+09:00,0.342,0.3424,0.3417,0.3421,127914.1
2025-04-12 03:00:00+09:00,0.3421,0.3428,0.341,0.3428,58638.5
2025-04-12 03:05:00+09:00,0.3427,0.3439,0.3417,0.342,102357.1
2025-04-12 03:10:00+09:00,0.3419,0.342,0.341,0.342,51889.1
2025-04-12 03:15:00+09:00,0.3421,0.3421,0.3402,0.3404,33453.6
2025-04-12 03:20:00+09:00,0.3405,0.3412,0.3398,0.3412,18026.2
2025-04-12 03:25:00+09:00,0.3413,0.3414,0.3408,0.3414,28452.1
2025-04-12 03:30:00+09:00,0.3412,0.342,0.3412,0.3415,17914.3
2025-04-12 03:35:00+09:00,0.3415,0.3418,0.3411,0.3415,15855.8
2025-04-12 03:40:00+09:00,0.3416,0.3416,0.3402,0.3405,221231.9
2025-04-12 03:45:00+09:00,0.3405,0.3407,0.3391,0.3396,208536.8
2025-04-12 03:50:00+09:00,0.3396,0.3396,0.3379,0.3384,162127.1
2025-04-12 03:55:00+09:00,0.3383,0.3384,0.3374,0.3375,98528.8
2025-04-12 04:00:00+09:00,0.3375,0.338,0.337,0.3372,204846.6
2025-04-12 04:05:00+09:00,0.3371,0.3373,0.3366,0.3371,257791.8
2025-04-12 04:10:00+09:00,0.337,0.3373,0.3369,0.3371,50764.0
2025-04-12 04:15:00+09:00,0.3371,0.3371,0.3364,0.3368,93328.1
2025-04-12 04:20:00+09:00,0.3369,0.3374,0.3368,0.3372,25277.3
2025-04-12 04:25:00+09:00,0.3371,0.3371,0.3354,0.3356,79952.5
2025-04-12 04:30:00+09:00,0.3355,0.3356,0.3341,0.3343,150217.8
2025-04-12 04:35:00+09:00,0.3342,0.335,0.3339,0.335,41611.3
2025-04-12 04:40:00+09:00,0.3349,0.3353,0.3346,0.335,165195.1
2025-04-12 04:45:00+09:00,0.3351,0.3351,0.334,0.3348,36863.9
2025-04-12 04:50:00+09:00,0.3349,0.3353,0.3343,0.3346,235301.2
2025-04-12 04:55:00+09:00,0.3345,0.3345,0.3334,0.3334,90771.7
2025-04-12 05:00:00+09:00,0.3336,0.3347,0.3335,0.3344,109806.7
2025-04-12 05:05:00+09:00,0.3344,0.3347,0.3343,0.3346,43578.7
2025-04-12 05:10:00+09:00,0.3346,0.3352,0.3345,0.3347,75172.7
2025-04-12 05:15:00+09:00,0.3347,0.335,0.3346,0.3349,18225.0
2025-04-12 05:20:00+09:00,0.3349,0.3362,0.3349,0.3358,371497.7
2025-04-12 05:25:00+09:00,0.3358,0.3363,0.3357,0.3359,26714.2
2025-04-12 05:30:00+09:00,0.3359,0.336,0.3357,0.3358,13399.5
2025-04-12 05:35:00+09:00,0.3358,0.3358,0.335,0.3351,25970.0
2025-04-12 05:40:00+09:00,0.3352,0.3362,0.3352,0.3362,21169.3
2025-04-12 05:45:00+09:00,0.3361,0.3363,0.3361,0.3363,14126.4
2025-04-12 05:50:00+09:00,0.3363,0.3369,0.3362,0.3362,179373.2
2025-04-12 05:55:00+09:00,0.3363,0.3368,0.3361,0.3368,48092.9
2025-04-12 06:00:00+09:00,0.3368,0.3376,0.3368,0.3376,34320.8
2025-04-12 06:05:00+09:00,0.3376,0.3389,0.3374,0.3383,156154.1
2025-04-12 06:10:00+09:00,0.3383,0.3395,0.3383,0.3394,81272.4
2025-04-12 06:15:00+09:00,0.3392,0.3393,0.3385,0.3385,16165.2
2025-04-12 06:20:00+09:00,0.3384,0.3404,0.3383,0.3391,41442.0
2025-04-12 06:25:00+09:00,0.3392,0.3392,0.3375,0.3375,34991.3
2025-04-12 06:30:00+09:00,0.3374,0.3374,0.3363,0.3364,20341.7
2025-04-12 06:35:00+09:00,0.3364,0.3371,0.3361,0.3371,19694.4
2025-04-12 06:40:00+09:00,0.337,0.337,0.3368,0.337,2765.2
2025-04-12 06:45:00+09:00,0.3369,0.3369,0.3362,0.3363,13894.0
2025-04-12 06:50:00+09:00,0.3364,0.3369,0.3364,0.3369,4521.6
2025-04-12 06:55:00+09:00,0.3368,0.337,0.3361,0.3363,40282.2
2025-04-12 07:00:00+09:00,0.3363,0.3363,0.3355,0.3361,23574.6
2025-04-12 07:05:00+09:00,0.3361,0.3372,0.336,0.3362,72516.1
2025-04-12 07:10:00+09:00,0.3362,0.3365,0.336,0.3364,21482.4
2025-04-12 07:15:00+09:00,0.3362,0.3362,0.3357,0.3359,12600.1
2025-04-12 07:20:00+09:00,0.3358,0.3362,0.3358,0.3362,6244.1
2025-04-12 07:25:00+09:00,0.3363,0.3369,0.3362,0.3368,65490.7
2025-04-12 07:30:00+09:00,0.3369,0.337,0.3362,0.3364,49730.5
2025-04-12 07:35:00+09:00,0.3365,0.3371,0.3364,0.3369,41262.0
2025-04-12 07:40:00+09:00,0.3369,0.337,0.3363,0.3365,23872.1
2025-04-12 07:45:00+09:00,0.3365,0.3371,0.3365,0.3368,6062.1
2025-04-12 07:50:00+09:00,0.3368,0.3369,0.3362,0.3363,12706.5
2025-04-12 07:55:00+09:00,0.3363,0.3363,0.336,0.336,23689.5
2025-04-12 08:00:00+09:00,0.3359,0.3359,0.3354,0.3356,22662.2
2025-04-12 08:05:00+09:00,0.3356,0.3356,0.3348,0.3352,41767.0
2025-04-12 08:10:00+09:00,0.3352,0.3357,0.335,0.3356,13739.3
2025-04-12 08:15:00+09:00,0.3355,0.3358,0.3349,0.3353,49790.2
2025-04-12 08:20:00+09:00,0.3353,0.3356,0.335,0.3353,17868.4
2025-04-12 08:25:00+09:00,0.3352,0.3353,0.3345,0.3345,54710.8
2025-04-12 08:30:00+09:00,0.3347,0.3351,0.3347,0.3351,17943.1
2025-04-12 08:35:00+09:00,0.3351,0.3353,0.3349,0.3352,21216.6
2025-04-12 08:40:00+09:00,0.3353,0.3357,0.3346,0.3353,77175.8
2025-04-12 08:45:00+09:00,0.3352,0.3353,0.3344,0.3346,120215.3
2025-04-12 08:50:00+09:00,0.3347,0.3351,0.3345,0.335,116695.2
2025-04-12 08:55:00+09:00,0.335,0.335,0.3345,0.3349,29812.4
2025-04-12 09:00:00+09:00,0.3348,0.3374,0.3348,0.3372,232033.9
2025-04-12 09:05:00+09:00,0.3372,0.3417,0.3372,0.3397,1457391.0
2025-04-12 09:10:00+09:00,0.3398,0.3454,0.3396,0.3434,1106174.2
2025-04-12 09:15:00+09:00,0.3432,0.3455,0.3414,0.3439,426655.5
2025-04-12 09:20:00+09:00,0.344,0.3453,0.343,0.3432,169530.8
2025-04-12 09:25:00+09:00,0.3432,0.3451,0.3431,0.345,98471.5
2025-04-12 09:30:00+09:00,0.3451,0.3466,0.3422,0.3422,346807.6
2025-04-12 09:35:00+09:00,0.3423,0.3435,0.3416,0.3434,324202.8
2025-04-12 09:40:00+09:00,0.3435,0.3446,0.3418,0.3418,177289.4
2025-04-12 09:45:00+09:00,0.3417,0.3419,0.3402,0.3415,248233.4
2025-04-12 09:50:00+09:00,0.3415,0.342,0.3397,0.3399,238819.6
2025-04-12 09:55:00+09:00,0.3399,0.3409,0.3392,0.3396,247850.0
2025-04-12 10:00:00+09:00,0.3397,0.3407,0.3393,0.3401,365791.5
2025-04-12 10:05:00+09:00,0.3401,0.3407,0.3393,0.3406,215798.4
2025-04-12 10:10:00+09:00,0.3406,0.3413,0.3403,0.341,94591.7
2025-04-12 10:15:00+09:00,0.3411,0.3416,0.3406,0.3407,145170.0
2025-04-12 10:20:00+09:00,0.3407,0.3415,0.3405,0.3412,65706.3
2025-04-12 10:25:00+09:00,0.3413,0.3416,0.3402,0.3404,68613.4
2025-04-12 10:30:00+09:00,0.3404,0.342,0.3404,0.3417,103212.9
2025-04-12 10:35:00+09:00,0.3416,0.3421,0.3413,0.3421,111852.6
2025-04-12 10:40:00+09:00,0.3419,0.342,0.3415,0.3416,37413.9
2025-04-12 10:45:00+09:00,0.3416,0.342,0.3412,0.3416,45107.9
2025-04-12 10:50:00+09:00,0.3417,0.3418,0.3404,0.3406,30898.0
2025-04-12 10:55:00+09:00,0.3406,0.3409,0.3404,0.3405,15736.0
2025-04-12 11:00:00+09:00,0.3406,0.3417,0.3402,0.3405,73623.5
2025-04-12 11:05:00+09:00,0.3405,0.3422,0.3405,0.3422,25497.2
2025-04-12 11:10:00+09:00,0.342,0.3424,0.3416,0.3417,134665.2
2025-04-12 11:15:00+09:00,0.3416,0.3422,0.3414,0.3419,121632.2
2025-04-12 11:20:00+09:00,0.3419,0.3419,0.3404,0.3406,24714.7
2025-04-12 11:25:00+09:00,0.3406,0.3407,0.34,0.3406,25584.1
2025-04-12 11:30:00+09:00,0.3404,0.3405,0.3391,0.3393,25032.4
2025-04-12 11:35:00+09:00,0.3394,0.3399,0.339,0.3396,18241.3
2025-04-12 11:40:00+09:00,0.3396,0.3399,0.3394,0.3394,46281.3
2025-04-12 11:45:00+09:00,0.3395,0.3395,0.3382,0.3383,102731.7
2025-04-12 11:50:00+09:00,0.3382,0.3382,0.3369,0.3372,58890.5
2025-04-12 11:55:00+09:00,0.3371,0.3371,0.3365,0.3365,24316.6
2025-04-12 12:00:00+09:00,0.3364,0.3364,0.3349,0.335,95013.9
2025-04-12 12:05:00+09:00,0.335,0.3353,0.3341,0.335,79530.3
2025-04-12 12:10:00+09:00,0.3348,0.3351,0.3344,0.3349,9863.5
2025-04-12 12:15:00+09:00,0.3351,0.3351,0.3345,0.3346,28359.6
2025-04-12 12:20:00+09:00,0.3345,0.3345,0.3317,0.3321,86375.9
2025-04-12 12:25:00+09:00,0.3321,0.3334,0.332,0.3325,50048.0
2025-04-12 12:30:00+09:00,0.3326,0.3328,0.3324,0.3326,13619.2
2025-04-12 12:35:00+09:00,0.3327,0.3328,0.3307,0.3313,306381.2
2025-04-12 12:40:00+09:00,0.3314,0.3329,0.3313,0.3326,28878.0
2025-04-12 12:45:00+09:00,0.3325,0.3331,0.3322,0.3326,13448.3
2025-04-12 12:50:00+09:00,0.3326,0.3326,0.3318,0.3319,19778.7
2025-04-12 12:55:00+09:00,0.3319,0.3328,0.3319,0.3323,22831.2
2025-04-12 13:00:00+09:00,0.3322,0.3329,0.3315,0.3319,74829.4
2025-04-12 13:05:00+09:00,0.3318,0.3318,0.3292,0.3292,29709.0
2025-04-12 13:10:00+09:00,0.3292,0.3298,0.3283,0.329,76662.2
2025-04-12 13:15:00+09:00,0.329,0.33,0.3282,0.3299,22353.8
2025-04-12 13:20:00+09:00,0.33,0.3307,0.3292,0.3298,293214.4
2025-04-12 13:25:00+09:00,0.3299,0.3302,0.3287,0.3288,688147.5
2025-04-12 13:30:00+09:00,0.3289,0.3313,0.3283,0.3301,166748.4
2025-04-12 13:35:00+09:00,0.3301,0.3322,0.3295,0.3319,89954.1
2025-04-12 13:40:00+09:00,0.3318,0.3318,0.3305,0.3308,21914.2
2025-04-12 13:45:00+09:00,0.3308,0.3314,0.3304,0.3311,125465.7
2025-04-12 13:50:00+09:00,0.3312,0.3321,0.33,0.3302,600534.3
2025-04-12 13:55:00+09:00,0.3301,0.331,0.3301,0.3308,93103.6
2025-04-12 14:00:00+09:00,0.3308,0.3317,0.3307,0.3317,89802.4
2025-04-12 14:05:00+09:00,0.3317,0.3336,0.3314,0.3336,177657.2
2025-04-12 14:10:00+09:00,0.3337,0.3339,0.3322,0.3327,52333.2
2025-04-12 14:15:00+09:00,0.3327,0.3338,0.3326,0.3337,37797.1
2025-04-12 14:20:00+09:00,0.3336,0.3345,0.3336,0.3342,47930.3
2025-04-12 14:25:00+09:00,0.334,0.3349,0.3337,0.3343,120076.7
2025-04-12 14:30:00+09:00,0.3343,0.3346,0.3337,0.3344,225198.3
2025-04-12 14:35:00+09:00,0.3344,0.3344,0.3326,0.3327,234287.0
2025-04-12 14:40:00+09:00,0.3327,0.3327,0.3318,0.3318,124600.2
2025-04-12 14:45:00+09:00,0.3319,0.3324,0.3317,0.3324,72734.8
2025-04-12 14:50:00+09:00,0.3323,0.3332,0.3323,0.3328,15660.7
2025-04-12 14:55:00+09:00,0.3328,0.3331,0.3328,0.3329,27140.3
2025-04-12 15:00:00+09:00,0.3331,0.3343,0.3331,0.3341,51406.5
2025-04-12 15:05:00+09:00,0.334,0.335,0.3335,0.3349,18071.6
2025-04-12 15:10:00+09:00,0.335,0.3369,0.335,0.3369,106181.5
2025-04-12 15:15:00+09:00,0.3369,0.3371,0.3361,0.3362,50599.6
2025-04-12 15:20:00+09:00,0.3361,0.3373,0.336,0.3371,10420.4
2025-04-12 15:25:00+09:00,0.3372,0.3372,0.3365,0.3366,10802.4
2025-04-12 15:30:00+09:00,0.3367,0.3376,0.3357,0.3357,59869.8
2025-04-12 15:35:00+09:00,0.3357,0.3362,0.334,0.3342,325984.0
2025-04-12 15:40:00+09:00,0.3341,0.3343,0.3324,0.333,349307.1
2025-04-12 15:45:00+09:00,0.3329,0.3332,0.3315,0.3316,455151.6
2025-04-12 15:50:00+09:00,0.3317,0.332,0.3308,0.3309,202994.7
2025-04-12 15:55:00+09:00,0.3308,0.331,0.3302,0.3307,113106.8
2025-04-12 16:00:00+09:00,0.3306,0.3308,0.3299,0.3303,98695.6
2025-04-12 16:05:00+09:00,0.3303,0.331,0.3297,0.3307,79582.5
2025-04-12 16:10:00+09:00,0.3307,0.3311,0.3304,0.3309,147338.9
2025-04-12 16:15:00+09:00,0.3309,0.332,0.3309,0.3319,38590.1
2025-04-12 16:20:00+09:00,0.3319,0.3321,0.3313,0.3317,58891.7
2025-04-12 16:25:00+09:00,0.3318,0.3318,0.3308,0.3315,46367.9
2025-04-12 16:30:00+09:00,0.3316,0.3317,0.3309,0.3317,167003.6
2025-04-12 16:35:00+09:00,0.3317,0.3326,0.3317,0.3325,35407.7
2025-04-12 16:40:00+09:00,0.3326,0.3332,0.3323,0.3329,56312.9
2025-04-12 16:45:00+09:00,0.3328,0.3334,0.3326,0.3331,70260.9
2025-04-12 16:50:00+09:00,0.3331,0.3335,0.3326,0.3329,33248.9
2025-04-12 16:55:00+09:00,0.3328,0.3328,0.3323,0.3325,24597.4
2025-04-12 17:00:00+09:00,0.3324,0.333,0.3315,0.3328,81032.3
2025-04-12 17:05:00+09:00,0.3328,0.335,0.3324,0.335,57542.4
2025-04-12 17:10:00+09:00,0.335,0.3371,0.335,0.3367,61424.4
2025-04-12 17:15:00+09:00,0.3367,0.3367,0.3343,0.3346,49788.8
2025-04-12 17:20:00+09:00,0.3347,0.3352,0.3327,0.3327,155158.7
2025-04-12 17:25:00+09:00,0.3326,0.3336,0.3326,0.3334,35074.7
2025-04-12 17:30:00+09:00,0.3333,0.3334,0.3326,0.3334,15340.1
2025-04-12 17:35:00+09:00,0.3334,0.3346,0.3333,0.3341,101123.7
2025-04-12 17:40:00+09:00,0.334,0.3347,0.3338,0.3345,30658.1
2025-04-12 17:45:00+09:00,0.3345,0.3352,0.334,0.3341,97624.3
2025-04-12 17:50:00+09:00,0.3341,0.335,0.3338,0.3349,32152.2
2025-04-12 17:55:00+09:00,0.335,0.3353,0.3347,0.3347,26678.9
2025-04-12 18:00:00+09:00,0.3345,0.3361,0.3345,0.336,21334.7
2025-04-12 18:05:00+09:00,0.3361,0.3363,0.335,0.3352,96366.3
2025-04-12 18:10:00+09:00,0.3351,0.3358,0.3341,0.3342,48107.3
2025-04-12 18:15:00+09:00,0.3342,0.3342,0.3332,0.3336,57198.0
2025-04-12 18:20:00+09:00,0.3336,0.3349,0.3336,0.3344,41527.7
2025-04-12 18:25:00+09:00,0.3344,0.3348,0.3337,0.3338,19869.6
2025-04-12 18:30:00+09:00,0.3338,0.3342,0.3335,0.3338,24312.5
2025-04-12 18:35:00+09:00,0.3337,0.3346,0.3334,0.3344,128410.7
2025-04-12 18:40:00+09:00,0.3344,0.3352,0.3344,0.335,45056.1
2025-04-12 18:45:00+09:00,0.335,0.3361,0.3347,0.3357,28127.4
2025-04-12 18:50:00+09:00,0.3357,0.3362,0.335,0.3359,35707.3
2025-04-12 18:55:00+09:00,0.336,0.3368,0.3358,0.3364,61299.4
2025-04-12 19:00:00+09:00,0.3364,0.3366,0.3356,0.3356,69747.8
2025-04-12 19:05:00+09:00,0.3356,0.336,0.3351,0.3358,23253.8
2025-04-12 19:10:00+09:00,0.3359,0.3364,0.3357,0.3364,23029.7
2025-04-12 19:15:00+09:00,0.3362,0.3363,0.3353,0.3353,13380.4
2025-04-12 19:20:00+09:00,0.3353,0.3364,0.3353,0.3364,11614.5
2025-04-12 19:25:00+09:00,0.3363,0.3364,0.3357,0.3361,11808.1
2025-04-12 19:30:00+09:00,0.3362,0.3366,0.3347,0.3348,27308.4
2025-04-12 19:35:00+09:00,0.3347,0.335,0.3339,0.3348,24273.2
2025-04-12 19:40:00+09:00,0.3348,0.3353,0.3329,0.3329,48444.7
2025-04-12 19:45:00+09:00,0.3329,0.3336,0.3327,0.3334,17270.0
2025-04-12 19:50:00+09:00,0.3335,0.3342,0.3334,0.3342,10117.1
2025-04-12 19:55:00+09:00,0.334,0.334,0.3335,0.3338,6498.4
2025-04-12 20:00:00+09:00,0.3339,0.3352,0.3339,0.3351,20936.5
2025-04-12 20:05:00+09:00,0.3352,0.3354,0.3346,0.3354,32958.4
2025-04-12 20:10:00+09:00,0.3356,0.336,0.3353,0.336,7403.3
2025-04-12 20:15:00+09:00,0.3362,0.3363,0.3353,0.3362,27296.6
2025-04-12 20:20:00+09:00,0.3363,0.3363,0.3356,0.3358,12109.4
2025-04-12 20:25:00+09:00,0.3357,0.3358,0.3353,0.3356,20536.2
2025-04-12 20:30:00+09:00,0.3356,0.3359,0.3352,0.3357,22640.0
2025-04-12 20:35:00+09:00,0.3357,0.3357,0.3345,0.3347,20001.4
2025-04-12 20:40:00+09:00,0.3346,0.3357,0.3346,0.3356,9459.2
2025-04-12 20:45:00+09:00,0.3355,0.3358,0.3352,0.3354,9819.9
2025-04-12 20:50:00+09:00,0.3353,0.3361,0.3351,0.3358,26600.0
2025-04-12 20:55:00+09:00,0.3358,0.3362,0.3355,0.336,41896.0
2025-04-12 21:00:00+09:00,0.3359,0.336,0.3349,0.3349,94027.4
2025-04-12 21:05:00+09:00,0.335,0.3359,0.3342,0.3359,42394.6
2025-04-12 21:10:00+09:00,0.336,0.3382,0.336,0.3373,44619.5
2025-04-12 21:15:00+09:00,0.3373,0.3373,0.3367,0.3368,52436.2
2025-04-12 21:20:00+09:00,0.3365,0.3372,0.3359,0.3366,53524.2
2025-04-12 21:25:00+09:00,0.3365,0.3371,0.3362,0.3371,52945.5
2025-04-12 21:30:00+09:00,0.337,0.3374,0.3367,0.3368,25737.0
2025-04-12 21:35:00+09:00,0.3367,0.339,0.3366,0.3389,46495.7
2025-04-12 21:40:00+09:00,0.3387,0.3388,0.3374,0.338,16586.7
2025-04-12 21:45:00+09:00,0.3381,0.3381,0.3371,0.3373,17302.9
2025-04-12 21:50:00+09:00,0.3374,0.3374,0.3359,0.3359,51944.5
2025-04-12 21:55:00+09:00,0.336,0.3367,0.3355,0.3365,72685.8
2025-04-12 22:00:00+09:00,0.3366,0.3366,0.3351,0.3357,65452.2
2025-04-12 22:05:00+09:00,0.3357,0.3368,0.3357,0.3367,57061.2
2025-04-12 22:10:00+09:00,0.3368,0.3375,0.3366,0.3374,34405.0
2025-04-12 22:15:00+09:00,0.3373,0.3384,0.337,0.3376,74599.9
2025-04-12 22:20:00+09:00,0.3375,0.3377,0.3358,0.3364,91081.2
2025-04-12 22:25:00+09:00,0.3363,0.3384,0.3362,0.3384,21721.6
2025-04-12 22:30:00+09:00,0.3383,0.3386,0.3362,0.3365,117520.9
2025-04-12 22:35:00+09:00,0.3366,0.3375,0.3363,0.3375,42874.9
2025-04-12 22:40:00+09:00,0.3376,0.3393,0.3372,0.339,97915.4
2025-04-12 22:45:00+09:00,0.3389,0.342,0.3389,0.3405,104380.0
2025-04-12 22:50:00+09:00,0.3403,0.3415,0.3397,0.3414,40394.6
2025-04-12 22:55:00+09:00,0.3413,0.3423,0.341,0.3416,30940.5
2025-04-12 23:00:00+09:00,0.3415,0.3422,0.3408,0.3408,72248.7
2025-04-12 23:05:00+09:00,0.3406,0.3434,0.3405,0.343,40101.1
2025-04-12 23:10:00+09:00,0.3431,0.344,0.343,0.3436,28289.2
2025-04-12 23:15:00+09:00,0.3435,0.3435,0.3425,0.3427,40975.3
2025-04-12 23:20:00+09:00,0.3428,0.3455,0.3428,0.3452,66085.9
2025-04-12 23:25:00+09:00,0.3455,0.3463,0.3448,0.3457,126189.4
2025-04-12 23:30:00+09:00,0.3458,0.3481,0.3453,0.3453,61087.1
2025-04-12 23:35:00+09:00,0.3454,0.3467,0.3451,0.3466,117645.2
2025-04-12 23:40:00+09:00,0.3468,0.3468,0.3443,0.3446,93922.0
2025-04-12 23:45:00+09:00,0.3447,0.3449,0.3424,0.3424,89612.9
2025-04-12 23:50:00+09:00,0.3425,0.3448,0.3423,0.3446,247695.4
2025-04-12 23:55:00+09:00,0.3446,0.3449,0.3436,0.3436,24405.5
2025-04-13 00:00:00+09:00,0.3438,0.3449,0.3437,0.3447,50845.0
2025-04-13 00:05:00+09:00,0.3446,0.3446,0.3421,0.3426,27150.6
2025-04-13 00:10:00+09:00,0.3426,0.3426,0.3413,0.3417,34558.6
2025-04-13 00:15:00+09:00,0.3418,0.3445,0.3418,0.3445,30161.0
2025-04-13 00:20:00+09:00,0.3446,0.3454,0.3442,0.3454,31382.3
2025-04-13 00:25:00+09:00,0.3454,0.3477,0.3453,0.3465,141789.0
2025-04-13 00:30:00+09:00,0.3465,0.3473,0.3455,0.3468,97260.4
2025-04-13 00:35:00+09:00,0.3467,0.3476,0.3462,0.3462,95044.0
2025-04-13 00:40:00+09:00,0.3464,0.3488,0.3464,0.3478,126263.1
2025-04-13 00:45:00+09:00,0.3478,0.3486,0.3466,0.3477,42985.9
2025-04-13 00:50:00+09:00,0.3478,0.3481,0.3467,0.3475,27950.9
2025-04-13 00:55:00+09:00,0.3476,0.3489,0.347,0.3486,53655.6
2025-04-13 01:00:00+09:00,0.3485,0.3496,0.3474,0.3492,68749.2
2025-04-13 01:05:00+09:00,0.349,0.3491,0.3472,0.3489,89367.0
2025-04-13 01:10:00+09:00,0.3488,0.3489,0.3468,0.3487,136225.8
2025-04-13 01:15:00+09:00,0.3485,0.3493,0.3478,0.3491,49253.6
2025-04-13 01:20:00+09:00,0.349,0.3508,0.3488,0.3503,112699.9
2025-04-13 01:25:00+09:00,0.3504,0.3506,0.3494,0.3494,41949.8
2025-04-13 01:30:00+09:00,0.3492,0.35,0.3469,0.3471,52608.0
2025-04-13 01:35:00+09:00,0.3472,0.3475,0.3457,0.3461,626415.0
2025-04-13 01:40:00+09:00,0.3461,0.3461,0.3437,0.3437,144188.3
2025-04-13 01:45:00+09:00,0.3437,0.3443,0.3423,0.343,158672.1
2025-04-13 01:50:00+09:00,0.343,0.3442,0.3427,0.3437,451397.5
2025-04-13 01:55:00+09:00,0.3438,0.3446,0.3429,0.3443,690357.4
2025-04-13 02:00:00+09:00,0.3442,0.3449,0.3439,0.3449,69214.2
2025-04-13 02:05:00+09:00,0.3447,0.3453,0.3438,0.3445,241402.6
2025-04-13 02:10:00+09:00,0.3442,0.3449,0.3424,0.3427,115576.3
2025-04-13 02:15:00+09:00,0.3426,0.3438,0.3423,0.3438,147142.5
2025-04-13 02:20:00+09:00,0.3437,0.3453,0.3432,0.3453,50986.2
2025-04-13 02:25:00+09:00,0.3454,0.3459,0.345,0.3455,376416.4
2025-04-13 02:30:00+09:00,0.3454,0.346,0.3454,0.3459,29923.7
2025-04-13 02:35:00+09:00,0.3459,0.3469,0.3459,0.3468,377209.6
2025-04-13 02:40:00+09:00,0.3467,0.3471,0.3462,0.3468,158309.7
2025-04-13 02:45:00+09:00,0.3469,0.347,0.3456,0.3458,27478.0
2025-04-13 02:50:00+09:00,0.346,0.3471,0.346,0.3471,23217.4
2025-04-13 02:55:00+09:00,0.3471,0.3472,0.3461,0.3464,21551.1
2025-04-13 03:00:00+09:00,0.3464,0.3473,0.3461,0.3473,32664.9
2025-04-13 03:05:00+09:00,0.3472,0.3475,0.3465,0.3475,33279.0
2025-04-13 03:10:00+09:00,0.3475,0.3482,0.3474,0.3478,185421.1
2025-04-13 03:15:00+09:00,0.3479,0.3481,0.3462,0.3462,35484.0
2025-04-13 03:20:00+09:00,0.3462,0.3467,0.3458,0.3462,21814.8
2025-04-13 03:25:00+09:00,0.3462,0.3463,0.3458,0.3461,11028.5
2025-04-13 03:30:00+09:00,0.346,0.3464,0.3454,0.3459,13166.7
2025-04-13 03:35:00+09:00,0.346,0.3461,0.3447,0.3452,15603.9
2025-04-13 03:40:00+09:00,0.3452,0.3455,0.3448,0.345,86100.5
2025-04-13 03:45:00+09:00,0.345,0.346,0.3449,0.3458,20432.0
2025-04-13 03:50:00+09:00,0.3459,0.346,0.3453,0.3459,48944.4
2025-04-13 03:55:00+09:00,0.346,0.346,0.3448,0.3448,110209.1
2025-04-13 04:00:00+09:00,0.3448,0.3448,0.3431,0.3435,151227.6
2025-04-13 04:05:00+09:00,0.3434,0.3439,0.3423,0.3428,284121.0
2025-04-13 04:10:00+09:00,0.3427,0.3427,0.3419,0.3423,98371.3
2025-04-13 04:15:00+09:00,0.3422,0.3431,0.3418,0.3425,70779.7
2025-04-13 04:20:00+09:00,0.3425,0.3425,0.3393,0.3402,776309.3
2025-04-13 04:25:00+09:00,0.3401,0.3404,0.3394,0.3397,160019.8
2025-04-13 04:30:00+09:00,0.3396,0.3397,0.3378,0.3379,416289.0
2025-04-13 04:35:00+09:00,0.338,0.3386,0.3374,0.3377,140420.7
2025-04-13 04:40:00+09:00,0.3377,0.3378,0.3367,0.3369,112458.3
2025-04-13 04:45:00+09:00,0.337,0.3376,0.3368,0.3376,109647.7
2025-04-13 04:50:00+09:00,0.3375,0.3382,0.3373,0.3382,70154.6
2025-04-13 04:55:00+09:00,0.3381,0.3387,0.3378,0.3386,48036.0
2025-04-13 05:00:00+09:00,0.3386,0.3397,0.3384,0.3396,143072.4
2025-04-13 05:05:00+09:00,0.3397,0.3398,0.3394,0.3394,39767.2
2025-04-13 05:10:00+09:00,0.3394,0.3395,0.3373,0.3386,58452.8
2025-04-13 05:15:00+09:00,0.3387,0.3394,0.3382,0.3385,90766.9
2025-04-13 05:20:00+09:00,0.3384,0.3393,0.3382,0.3393,59942.0
2025-04-13 05:25:00+09:00,0.3391,0.342,0.3386,0.3393,750453.2
2025-04-13 05:30:00+09:00,0.3394,0.341,0.3394,0.3406,181294.1
2025-04-13 05:35:00+09:00,0.3406,0.3414,0.3399,0.3414,121504.3
2025-04-13 05:40:00+09:00,0.3413,0.3425,0.3413,0.3421,134219.2
2025-04-13 05:45:00+09:00,0.3422,0.3425,0.3414,0.3418,77941.4
2025-04-13 05:50:00+09:00,0.3418,0.342,0.3408,0.3408,81117.4
2025-04-13 05:55:00+09:00,0.3409,0.3414,0.3406,0.3409,28858.0
2025-04-13 06:00:00+09:00,0.3408,0.3415,0.3406,0.3409,41584.6
2025-04-13 06:05:00+09:00,0.3408,0.3414,0.3399,0.34,100606.3
2025-04-13 06:10:00+09:00,0.34,0.3412,0.3398,0.341,36026.7
2025-04-13 06:15:00+09:00,0.341,0.3421,0.3406,0.3418,21744.4
2025-04-13 06:20:00+09:00,0.3417,0.3427,0.3417,0.3426,30626.9
2025-04-13 06:25:00+09:00,0.3427,0.3429,0.342,0.342,140577.2
2025-04-13 06:30:00+09:00,0.3421,0.3424,0.3418,0.3422,48385.6
2025-04-13 06:35:00+09:00,0.3422,0.3422,0.3419,0.3419,8702.7
2025-04-13 06:40:00+09:00,0.3419,0.342,0.3415,0.3416,77864.9
2025-04-13 06:45:00+09:00,0.3417,0.3417,0.3408,0.3408,17503.4
2025-04-13 06:50:00+09:00,0.3409,0.3412,0.3407,0.3412,10164.3
2025-04-13 06:55:00+09:00,0.3413,0.3419,0.3407,0.3415,179208.4
2025-04-13 07:00:00+09:00,0.3414,0.3423,0.3411,0.3421,25232.0
2025-04-13 07:05:00+09:00,0.342,0.3424,0.3417,0.3422,40005.2
2025-04-13 07:10:00+09:00,0.3421,0.3426,0.3418,0.3426,74607.0
2025-04-13 07:15:00+09:00,0.3427,0.344,0.3427,0.3436,232203.3
2025-04-13 07:20:00+09:00,0.3436,0.3444,0.3431,0.3433,89791.2
2025-04-13 07:25:00+09:00,0.3433,0.3433,0.3422,0.3422,121571.8
2025-04-13 07:30:00+09:00,0.3422,0.3429,0.3415,0.3427,59782.8
2025-04-13 07:35:00+09:00,0.3428,0.3435,0.3426,0.343,126964.9
2025-04-13 07:40:00+09:00,0.3429,0.3438,0.3428,0.3438,122029.5
2025-04-13 07:45:00+09:00,0.3437,0.3437,0.3426,0.3432,78272.8
2025-04-13 07:50:00+09:00,0.3431,0.3442,0.343,0.3434,118541.4
2025-04-13 07:55:00+09:00,0.3435,0.3436,0.3429,0.3432,29455.2
2025-04-13 08:00:00+09:00,0.3433,0.3439,0.3432,0.3436,33987.5
2025-04-13 08:05:00+09:00,0.3436,0.3442,0.3434,0.3442,26443.0
2025-04-13 08:10:00+09:00,0.3442,0.3442,0.3431,0.3431,46284.9
2025-04-13 08:15:00+09:00,0.343,0.3447,0.3428,0.3441,143931.9
2025-04-13 08:20:00+09:00,0.3442,0.3443,0.3431,0.3431,52055.5
2025-04-13 08:25:00+09:00,0.3432,0.3437,0.343,0.3432,49267.6
2025-04-13 08:30:00+09:00,0.3433,0.3437,0.3426,0.3428,96648.3
2025-04-13 08:35:00+09:00,0.3425,0.3437,0.3425,0.3435,62614.3
2025-04-13 08:40:00+09:00,0.3436,0.3442,0.3433,0.344,57407.3
2025-04-13 08:45:00+09:00,0.3439,0.3444,0.3439,0.3441,56952.3
2025-04-13 08:50:00+09:00,0.3442,0.3443,0.3434,0.3435,98562.9
2025-04-13 08:55:00+09:00,0.3435,0.3438,0.3428,0.3432,62777.0
2025-04-13 09:00:00+09:00,0.3432,0.3441,0.3417,0.342,99368.2
2025-04-13 09:05:00+09:00,0.342,0.3426,0.3415,0.3423,32636.5
2025-04-13 09:10:00+09:00,0.3424,0.3427,0.3417,0.342,67310.5
2025-04-13 09:15:00+09:00,0.3419,0.3432,0.3417,0.3426,42127.7
2025-04-13 09:20:00+09:00,0.3427,0.343,0.3408,0.341,85405.1
2025-04-13 09:25:00+09:00,0.341,0.3411,0.3404,0.341,22911.5
2025-04-13 09:30:00+09:00,0.3409,0.3411,0.3397,0.3408,82174.5
2025-04-13 09:35:00+09:00,0.3408,0.342,0.3407,0.342,19217.5
2025-04-13 09:40:00+09:00,0.342,0.342,0.3407,0.3407,25006.7
2025-04-13 09:45:00+09:00,0.3406,0.3415,0.3406,0.3415,61082.7
2025-04-13 09:50:00+09:00,0.3416,0.3429,0.3416,0.3429,36938.8
2025-04-13 09:55:00+09:00,0.343,0.3438,0.3417,0.3417,118071.4
2025-04-13 10:00:00+09:00,0.3418,0.342,0.34,0.3402,95365.2
2025-04-13 10:05:00+09:00,0.3401,0.3416,0.3397,0.3413,47562.6
2025-04-13 10:10:00+09:00,0.3414,0.3422,0.3413,0.3421,14471.5
2025-04-13 10:15:00+09:00,0.342,0.3422,0.3399,0.3399,24434.8
2025-04-13 10:20:00+09:00,0.3399,0.3407,0.3393,0.3397,283974.2
2025-04-13 10:25:00+09:00,0.3397,0.34,0.3387,0.3394,364736.6
2025-04-13 10:30:00+09:00,0.3394,0.3399,0.338,0.3389,428787.5
2025-04-13 10:35:00+09:00,0.3389,0.3389,0.3314,0.3322,858284.8
2025-04-13 10:40:00+09:00,0.3323,0.3341,0.33,0.3335,622000.3
2025-04-13 10:45:00+09:00,0.3336,0.3337,0.3317,0.3328,487230.3
2025-04-13 10:50:00+09:00,0.3328,0.3328,0.332,0.3325,82720.2
2025-04-13 10:55:00+09:00,0.3324,0.3327,0.3312,0.3322,158368.5
2025-04-13 11:00:00+09:00,0.3322,0.3334,0.3322,0.3331,81524.2
2025-04-13 11:05:00+09:00,0.3332,0.3339,0.3328,0.3331,114434.3
2025-04-13 11:10:00+09:00,0.333,0.3331,0.3319,0.3322,74549.3
2025-04-13 11:15:00+09:00,0.3322,0.3326,0.3301,0.3307,135067.0
2025-04-13 11:20:00+09:00,0.3307,0.3309,0.3296,0.3301,311289.3
2025-04-13 11:25:00+09:00,0.3302,0.3305,0.3283,0.3294,219315.5
2025-04-13 11:30:00+09:00,0.3293,0.3306,0.3291,0.3304,175500.0
2025-04-13 11:35:00+09:00,0.3304,0.3304,0.3289,0.3302,215138.7
2025-04-13 11:40:00+09:00,0.3301,0.3309,0.3297,0.3304,70004.8
2025-04-13 11:45:00+09:00,0.3306,0.3307,0.3295,0.3302,422791.9
2025-04-13 11:50:00+09:00,0.3302,0.3308,0.3299,0.3308,104689.4
2025-04-13 11:55:00+09:00,0.3308,0.3315,0.3304,0.3313,196007.4
2025-04-13 12:00:00+09:00,0.3312,0.3319,0.3308,0.3311,240761.7
2025-04-13 12:05:00+09:00,0.3312,0.3318,0.3309,0.3316,126495.3
2025-04-13 12:10:00+09:00,0.3316,0.3326,0.3316,0.3326,154066.7
2025-04-13 12:15:00+09:00,0.3325,0.333,0.3321,0.3323,87221.1
2025-04-13 12:20:00+09:00,0.3323,0.3329,0.3318,0.3329,30559.0
2025-04-13 12:25:00+09:00,0.333,0.3331,0.3326,0.3326,22797.5
2025-04-13 12:30:00+09:00,0.3326,0.334,0.3326,0.3333,220991.0
2025-04-13 12:35:00+09:00,0.3334,0.3335,0.3322,0.3328,70990.8
2025-04-13 12:40:00+09:00,0.3328,0.3332,0.3327,0.3327,29941.7
2025-04-13 12:45:00+09:00,0.3328,0.3337,0.3326,0.3333,34206.8
2025-04-13 12:50:00+09:00,0.3333,0.3339,0.3332,0.3334,37072.3
2025-04-13 12:55:00+09:00,0.3333,0.3338,0.3333,0.3335,53997.5
2025-04-13 13:00:00+09:00,0.3334,0.3337,0.3326,0.3331,205001.0
2025-04-13 13:05:00+09:00,0.3331,0.3332,0.3326,0.3326,60814.2
2025-04-13 13:10:00+09:00,0.3327,0.3328,0.3318,0.3324,107698.4
2025-04-13 13:15:00+09:00,0.3321,0.3321,0.3306,0.331,87113.0
2025-04-13 13:20:00+09:00,0.331,0.3317,0.331,0.3317,12806.0
2025-04-13 13:25:00+09:00,0.3317,0.3325,0.3317,0.3325,16392.6
2025-04-13 13:30:00+09:00,0.3324,0.3324,0.3312,0.3314,34295.6
2025-04-13 13:35:00+09:00,0.3314,0.3318,0.3296,0.3302,228080.3
2025-04-13 13:40:00+09:00,0.3302,0.3307,0.3297,0.3307,111485.7
2025-04-13 13:45:00+09:00,0.3307,0.331,0.3297,0.33,336344.6
2025-04-13 13:50:00+09:00,0.3298,0.3298,0.3288,0.329,105764.1
2025-04-13 13:55:00+09:00,0.329,0.329,0.3267,0.3276,235266.4
2025-04-13 14:00:00+09:00,0.3276,0.3284,0.3269,0.3275,88434.3
2025-04-13 14:05:00+09:00,0.3276,0.329,0.3274,0.3279,87859.9
2025-04-13 14:10:00+09:00,0.3279,0.328,0.3263,0.3267,60998.2
2025-04-13 14:15:00+09:00,0.3268,0.3284,0.3268,0.3283,16609.2
2025-04-13 14:20:00+09:00,0.3283,0.3294,0.3282,0.3285,17393.9
2025-04-13 14:25:00+09:00,0.3285,0.3287,0.3278,0.3282,48423.0
2025-04-13 14:30:00+09:00,0.3282,0.3291,0.3282,0.3287,39191.0
2025-04-13 14:35:00+09:00,0.3286,0.3296,0.3285,0.3292,31780.1
2025-04-13 14:40:00+09:00,0.3294,0.3304,0.3293,0.3299,165715.9
2025-04-13 14:45:00+09:00,0.3298,0.3299,0.3288,0.3288,45532.8
2025-04-13 14:50:00+09:00,0.3288,0.3294,0.3285,0.3292,14562.6
2025-04-13 14:55:00+09:00,0.3292,0.3294,0.3289,0.3294,4060.2
2025-04-13 15:00:00+09:00,0.3295,0.3296,0.3278,0.3282,18965.1
2025-04-13 15:05:00+09:00,0.3281,0.3289,0.3281,0.3289,23295.6
2025-04-13 15:10:00+09:00,0.3289,0.3289,0.3279,0.328,19780.5
2025-04-13 15:15:00+09:00,0.3281,0.3287,0.3276,0.328,41943.8
2025-04-13 15:20:00+09:00,0.328,0.3291,0.328,0.3291,71194.9
2025-04-13 15:25:00+09:00,0.3292,0.3293,0.3274,0.3275,585539.1
2025-04-13 15:30:00+09:00,0.3274,0.3292,0.3274,0.3292,233315.3
2025-04-13 15:35:00+09:00,0.3293,0.3293,0.3283,0.3284,40197.7
2025-04-13 15:40:00+09:00,0.3284,0.3293,0.3282,0.3292,20367.6
2025-04-13 15:45:00+09:00,0.329,0.3302,0.329,0.3296,29758.5
2025-04-13 15:50:00+09:00,0.3296,0.3301,0.3295,0.3298,29412.0
2025-04-13 15:55:00+09:00,0.3298,0.3298,0.3288,0.3288,12775.3
2025-04-13 16:00:00+09:00,0.3288,0.3302,0.3285,0.33,84776.1
2025-04-13 16:05:00+09:00,0.3301,0.3301,0.3292,0.3295,101884.6
2025-04-13 16:10:00+09:00,0.3295,0.3297,0.329,0.3297,21283.9
2025-04-13 16:15:00+09:00,0.3298,0.3298,0.3289,0.3289,12657.5
2025-04-13 16:20:00+09:00,0.3291,0.3295,0.3291,0.3293,21275.7
2025-04-13 16:25:00+09:00,0.3292,0.3293,0.3289,0.3293,17746.3
2025-04-13 16:30:00+09:00,0.3294,0.3295,0.3288,0.3294,19361.0
2025-04-13 16:35:00+09:00,0.3294,0.3294,0.3282,0.3282,40498.4
2025-04-13 16:40:00+09:00,0.3283,0.3285,0.3273,0.3278,66988.4
2025-04-13 16:45:00+09:00,0.3277,0.3282,0.3275,0.3282,38355.3
2025-04-13 16:50:00+09:00,0.3282,0.3285,0.3282,0.3283,31719.6
2025-04-13 16:55:00+09:00,0.3282,0.3285,0.328,0.3285,33951.1
2025-04-13 17:00:00+09:00,0.3284,0.3285,0.327,0.3275,106753.7
2025-04-13 17:05:00+09:00,0.3273,0.3279,0.327,0.3273,43052.7
2025-04-13 17:10:00+09:00,0.3273,0.3274,0.3264,0.3268,70504.3
2025-04-13 17:15:00+09:00,0.3267,0.3285,0.3267,0.3285,152544.8
2025-04-13 17:20:00+09:00,0.3286,0.3289,0.3281,0.3285,23295.4
2025-04-13 17:25:00+09:00,0.3285,0.3291,0.3276,0.3279,348208.4
2025-04-13 17:30:00+09:00,0.3279,0.329,0.3267,0.3282,383000.9
2025-04-13 17:35:00+09:00,0.3281,0.3282,0.3275,0.3276,260531.5
2025-04-13 17:40:00+09:00,0.3276,0.3276,0.3274,0.3274,78193.4
2025-04-13 17:45:00+09:00,0.3274,0.3281,0.3273,0.3278,157409.2
2025-04-13 17:50:00+09:00,0.3278,0.3279,0.3271,0.3272,232733.7
2025-04-13 17:55:00+09:00,0.3272,0.3275,0.3259,0.3261,541380.1
2025-04-13 18:00:00+09:00,0.3261,0.3268,0.326,0.326,296373.8
2025-04-13 18:05:00+09:00,0.326,0.3267,0.3259,0.3259,154123.3
2025-04-13 18:10:00+09:00,0.3258,0.3263,0.325,0.3263,159059.4
2025-04-13 18:15:00+09:00,0.3263,0.3263,0.3259,0.326,56026.5
2025-04-13 18:20:00+09:00,0.326,0.3268,0.3258,0.3262,331744.8
2025-04-13 18:25:00+09:00,0.3262,0.3274,0.3259,0.327,216283.5
2025-04-13 18:30:00+09:00,0.3269,0.3273,0.3267,0.3271,151567.9
2025-04-13 18:35:00+09:00,0.3271,0.3276,0.3267,0.327,113565.9
2025-04-13 18:40:00+09:00,0.327,0.3282,0.327,0.3281,56315.7
2025-04-13 18:45:00+09:00,0.3281,0.3281,0.3273,0.3281,122208.1
2025-04-13 18:50:00+09:00,0.328,0.3284,0.3264,0.3269,617018.9
2025-04-13 18:55:00+09:00,0.3269,0.328,0.3268,0.3278,186128.2
2025-04-13 19:00:00+09:00,0.3279,0.3281,0.3275,0.3277,131415.4
2025-04-13 19:05:00+09:00,0.3277,0.3277,0.3254,0.3264,615554.5
2025-04-13 19:10:00+09:00,0.3264,0.3272,0.3261,0.3266,262276.1
2025-04-13 19:15:00+09:00,0.3266,0.3269,0.3253,0.3255,158104.8
2025-04-13 19:20:00+09:00,0.3255,0.3257,0.3238,0.3239,554260.7
2025-04-13 19:25:00+09:00,0.3239,0.3243,0.3227,0.3227,455248.6
2025-04-13 19:30:00+09:00,0.3228,0.3236,0.3218,0.3233,796574.1
2025-04-13 19:35:00+09:00,0.3233,0.3239,0.3225,0.3238,393586.6
2025-04-13 19:40:00+09:00,0.3238,0.3238,0.3224,0.3226,342217.6
2025-04-13 19:45:00+09:00,0.3226,0.3234,0.3226,0.3234,250220.6
2025-04-13 19:50:00+09:00,0.3234,0.3238,0.3234,0.3238,324829.3
2025-04-13 19:55:00+09:00,0.3238,0.3247,0.3238,0.3246,113685.8
2025-04-13 20:00:00+09:00,0.3246,0.3251,0.3243,0.3245,274607.5
2025-04-13 20:05:00+09:00,0.3245,0.3248,0.3239,0.3245,260591.9
2025-04-13 20:10:00+09:00,0.3245,0.325,0.3242,0.3244,271480.4
2025-04-13 20:15:00+09:00,0.3243,0.3243,0.3221,0.3228,411146.5
2025-04-13 20:20:00+09:00,0.3226,0.3228,0.3215,0.3221,295563.5
2025-04-13 20:25:00+09:00,0.3221,0.3226,0.322,0.3222,130834.9
2025-04-13 20:30:00+09:00,0.3222,0.3226,0.3214,0.322,224657.9
2025-04-13 20:35:00+09:00,0.322,0.3225,0.3219,0.3224,173040.1
2025-04-13 20:40:00+09:00,0.3224,0.3228,0.3222,0.3226,96504.0
2025-04-13 20:45:00+09:00,0.3226,0.3228,0.3219,0.3221,118400.9
2025-04-13 20:50:00+09:00,0.3222,0.323,0.3218,0.3228,108747.0
2025-04-13 20:55:00+09:00,0.3228,0.3236,0.3228,0.3236,177697.3
2025-04-13 21:00:00+09:00,0.3235,0.3239,0.323,0.3232,115443.1
2025-04-13 21:05:00+09:00,0.3232,0.3232,0.3221,0.3232,166047.6
2025-04-13 21:10:00+09:00,0.3232,0.3237,0.3219,0.322,328911.5
2025-04-13 21:15:00+09:00,0.322,0.3221,0.3206,0.3207,631968.2
2025-04-13 21:20:00+09:00,0.3207,0.3207,0.3165,0.3178,789081.7
2025-04-13 21:25:00+09:00,0.3179,0.3187,0.3173,0.3185,608909.5
2025-04-13 21:30:00+09:00,0.3185,0.3196,0.3182,0.3192,187007.2
2025-04-13 21:35:00+09:00,0.3193,0.32,0.3192,0.3198,68532.0
2025-04-13 21:40:00+09:00,0.3197,0.3209,0.3197,0.3201,348205.8
2025-04-13 21:45:00+09:00,0.3201,0.3209,0.3201,0.3209,95293.1
2025-04-13 21:50:00+09:00,0.3209,0.3219,0.3208,0.3209,295072.9
2025-04-13 21:55:00+09:00,0.3209,0.3209,0.3201,0.3205,269893.1
2025-04-13 22:00:00+09:00,0.3204,0.321,0.3204,0.3205,159033.7
2025-04-13 22:05:00+09:00,0.3205,0.3212,0.3201,0.321,121612.1
2025-04-13 22:10:00+09:00,0.3209,0.3213,0.3208,0.3211,232340.3
2025-04-13 22:15:00+09:00,0.3211,0.322,0.321,0.3214,183411.9
2025-04-13 22:20:00+09:00,0.3213,0.3216,0.3202,0.3203,288938.0
2025-04-13 22:25:00+09:00,0.3203,0.3204,0.318,0.3187,355049.7
2025-04-13 22:30:00+09:00,0.3187,0.3197,0.318,0.3195,189281.8
2025-04-13 22:35:00+09:00,0.3194,0.3195,0.3182,0.3182,191828.0
2025-04-13 22:40:00+09:00,0.3182,0.3182,0.3161,0.3162,205447.1
2025-04-13 22:45:00+09:00,0.3163,0.3169,0.3159,0.3163,230854.7
2025-04-13 22:50:00+09:00,0.3162,0.3162,0.3126,0.3139,949383.6
2025-04-13 22:55:00+09:00,0.3138,0.3147,0.3128,0.3137,402034.4
2025-04-13 23:00:00+09:00,0.3137,0.3159,0.3125,0.3159,227226.0
2025-04-13 23:05:00+09:00,0.3158,0.3159,0.3145,0.3155,236997.0
2025-04-13 23:10:00+09:00,0.3155,0.3161,0.3148,0.3148,112630.5
2025-04-13 23:15:00+09:00,0.3148,0.3148,0.3129,0.3131,377518.3
2025-04-13 23:20:00+09:00,0.3133,0.3133,0.3122,0.3127,236103.9
2025-04-13 23:25:00+09:00,0.3127,0.3137,0.3127,0.3137,258137.5
2025-04-13 23:30:00+09:00,0.3136,0.3141,0.3129,0.3133,807207.8
2025-04-13 23:35:00+09:00,0.3133,0.3138,0.3128,0.3135,405812.7
2025-04-13 23:40:00+09:00,0.3136,0.3144,0.3135,0.3137,122851.6
2025-04-13 23:45:00+09:00,0.3138,0.3143,0.3138,0.3141,55373.5
2025-04-13 23:50:00+09:00,0.3141,0.3145,0.314,0.3141,86972.0
2025-04-13 23:55:00+09:00,0.3141,0.3147,0.3141,0.3145,103172.4
2025-04-14 00:00:00+09:00,0.3145,0.3146,0.3128,0.3132,134335.4
2025-04-14 00:05:00+09:00,0.3132,0.3136,0.3124,0.3132,97983.1
2025-04-14 00:10:00+09:00,0.3132,0.3142,0.3131,0.3141,62945.5
2025-04-14 00:15:00+09:00,0.3141,0.3149,0.3128,0.3132,348394.2
2025-04-14 00:20:00+09:00,0.3132,0.3138,0.3124,0.3127,209705.9
2025-04-14 00:25:00+09:00,0.3126,0.3132,0.3121,0.313,281946.6
2025-04-14 00:30:00+09:00,0.3131,0.3136,0.3125,0.313,161855.2
2025-04-14 00:35:00+09:00,0.313,0.3137,0.3129,0.3135,30537.8
2025-04-14 00:40:00+09:00,0.3135,0.3145,0.3131,0.3141,116752.0
2025-04-14 00:45:00+09:00,0.3141,0.3144,0.3139,0.3141,65933.9
2025-04-14 00:50:00+09:00,0.314,0.3147,0.3138,0.3142,104242.6
2025-04-14 00:55:00+09:00,0.3141,0.3158,0.314,0.3158,216597.1
2025-04-14 01:00:00+09:00,0.3157,0.3157,0.314,0.3155,242087.6
2025-04-14 01:05:00+09:00,0.3156,0.3156,0.3142,0.3148,102331.7
2025-04-14 01:10:00+09:00,0.3148,0.3155,0.3141,0.3155,47231.2
2025-04-14 01:15:00+09:00,0.3154,0.3166,0.3152,0.3166,40305.9
2025-04-14 01:20:00+09:00,0.3166,0.3175,0.3163,0.3173,42104.0
2025-04-14 01:25:00+09:00,0.3174,0.3182,0.3174,0.3181,156436.6
2025-04-14 01:30:00+09:00,0.3181,0.3186,0.3177,0.3182,61986.0
2025-04-14 01:35:00+09:00,0.3182,0.319,0.3181,0.3181,92769.6
2025-04-14 01:40:00+09:00,0.3182,0.3183,0.3174,0.3176,74731.1
2025-04-14 01:45:00+09:00,0.3176,0.3187,0.3175,0.3179,86302.8
2025-04-14 01:50:00+09:00,0.3179,0.3186,0.3179,0.3186,27045.3
2025-04-14 01:55:00+09:00,0.3186,0.3195,0.3179,0.3179,94239.3
2025-04-14 02:00:00+09:00,0.3179,0.3184,0.3178,0.3182,98980.4
2025-04-14 02:05:00+09:00,0.318,0.3193,0.3179,0.3193,126238.2
2025-04-14 02:10:00+09:00,0.3193,0.3197,0.3165,0.317,766600.4
2025-04-14 02:15:00+09:00,0.3169,0.3184,0.3167,0.3184,241632.6
2025-04-14 02:20:00+09:00,0.3183,0.3212,0.3183,0.3201,472519.6
2025-04-14 02:25:00+09:00,0.3201,0.3201,0.3184,0.3185,318430.3
2025-04-14 02:30:00+09:00,0.3184,0.319,0.3171,0.3174,203130.3
2025-04-14 02:35:00+09:00,0.3174,0.3182,0.3173,0.3178,263073.4
2025-04-14 02:40:00+09:00,0.3178,0.3183,0.3172,0.318,428360.5
2025-04-14 02:45:00+09:00,0.3181,0.3195,0.3179,0.3187,735522.5
2025-04-14 02:50:00+09:00,0.3188,0.32,0.3188,0.3194,257892.3
2025-04-14 02:55:00+09:00,0.3193,0.3196,0.3182,0.3182,177057.9
2025-04-14 03:00:00+09:00,0.3182,0.3197,0.318,0.3193,353966.4
2025-04-14 03:05:00+09:00,0.3193,0.3222,0.3189,0.321,705355.7
2025-04-14 03:10:00+09:00,0.321,0.324,0.3184,0.3185,943758.6
2025-04-14 03:15:00+09:00,0.3184,0.3186,0.3176,0.318,192955.2
2025-04-14 03:20:00+09:00,0.318,0.3182,0.3175,0.3176,33849.6
2025-04-14 03:25:00+09:00,0.3176,0.3176,0.3161,0.3163,440248.7
2025-04-14 03:30:00+09:00,0.3163,0.3176,0.3157,0.317,66048.9
2025-04-14 03:35:00+09:00,0.3168,0.3179,0.3167,0.3175,261349.7
2025-04-14 03:40:00+09:00,0.3174,0.3174,0.3156,0.3163,161957.8
2025-04-14 03:45:00+09:00,0.3163,0.3164,0.3153,0.3153,111257.3
2025-04-14 03:50:00+09:00,0.3154,0.3157,0.3149,0.3153,179772.0
2025-04-14 03:55:00+09:00,0.3153,0.3153,0.3143,0.3149,127382.3
2025-04-14 04:00:00+09:00,0.3149,0.315,0.3129,0.3134,239392.8
2025-04-14 04:05:00+09:00,0.3136,0.3138,0.3127,0.313,50758.0
2025-04-14 04:10:00+09:00,0.313,0.3137,0.3129,0.3129,98493.4
2025-04-14 04:15:00+09:00,0.3129,0.3129,0.3121,0.3128,167490.2
2025-04-14 04:20:00+09:00,0.3129,0.3131,0.3122,0.3131,43700.3
2025-04-14 04:25:00+09:00,0.3132,0.3135,0.3122,0.3127,110094.0
2025-04-14 04:30:00+09:00,0.3127,0.3132,0.3101,0.3105,472965.9
2025-04-14 04:35:00+09:00,0.3107,0.3116,0.305,0.3054,436576.1
2025-04-14 04:40:00+09:00,0.3055,0.3064,0.3021,0.3047,458081.1
2025-04-14 04:45:00+09:00,0.3044,0.3053,0.3034,0.305,182390.9
2025-04-14 04:50:00+09:00,0.3052,0.3057,0.3033,0.3046,94680.6
2025-04-14 04:55:00+09:00,0.3046,0.3054,0.3039,0.3047,43679.0
2025-04-14 05:00:00+09:00,0.3047,0.3057,0.3027,0.3049,221242.9
2025-04-14 05:05:00+09:00,0.3048,0.3056,0.3035,0.3036,108030.9
2025-04-14 05:10:00+09:00,0.3035,0.3057,0.3032,0.304,72615.8
2025-04-14 05:15:00+09:00,0.304,0.3051,0.3036,0.3042,68065.5
2025-04-14 05:20:00+09:00,0.3043,0.3053,0.3041,0.305,32161.7
2025-04-14 05:25:00+09:00,0.305,0.3059,0.3046,0.3052,24844.2
2025-04-14 05:30:00+09:00,0.3052,0.3055,0.3043,0.3049,90124.3
2025-04-14 05:35:00+09:00,0.3049,0.3049,0.3019,0.3024,196650.6
2025-04-14 05:40:00+09:00,0.3024,0.3027,0.3011,0.3018,584376.9
2025-04-14 05:45:00+09:00,0.3018,0.3034,0.3016,0.3032,37005.9
2025-04-14 05:50:00+09:00,0.3031,0.3043,0.302,0.3022,171965.4
2025-04-14 05:55:00+09:00,0.3022,0.3025,0.3018,0.3021,291133.8
2025-04-14 06:00:00+09:00,0.3021,0.3022,0.2993,0.2994,310643.2
2025-04-14 06:05:00+09:00,0.2994,0.3,0.2981,0.2996,152192.0
2025-04-14 06:10:00+09:00,0.2995,0.3005,0.2987,0.3005,220952.7
2025-04-14 06:15:00+09:00,0.3004,0.3007,0.2984,0.2997,347038.2
2025-04-14 06:20:00+09:00,0.2997,0.3,0.2981,0.299,385696.5
2025-04-14 06:25:00+09:00,0.299,0.299,0.2976,0.2987,139477.7
2025-04-14 06:30:00+09:00,0.2987,0.2994,0.2977,0.298,124895.8
2025-04-14 06:35:00+09:00,0.2979,0.2984,0.2946,0.295,265249.0
2025-04-14 06:40:00+09:00,0.295,0.2965,0.295,0.2963,78769.5
2025-04-14 06:45:00+09:00,0.2964,0.2978,0.2963,0.2975,111868.3
2025-04-14 06:50:00+09:00,0.2978,0.2997,0.2978,0.2997,47879.8
2025-04-14 06:55:00+09:00,0.2997,0.3002,0.2992,0.2999,143066.1
2025-04-14 07:00:00+09:00,0.2999,0.301,0.2988,0.2998,97215.6
2025-04-14 07:05:00+09:00,0.2998,0.3,0.2986,0.2993,194562.0
2025-04-14 07:10:00+09:00,0.2994,0.2996,0.2986,0.299,88052.5
2025-04-14 07:15:00+09:00,0.2988,0.2994,0.2983,0.2989,104647.9
2025-04-14 07:20:00+09:00,0.2989,0.2998,0.2989,0.2997,37779.8
2025-04-14 07:25:00+09:00,0.2997,0.3007,0.2993,0.2999,143184.8
2025-04-14 07:30:00+09:00,0.2998,0.3003,0.2995,0.3003,68563.5
2025-04-14 07:35:00+09:00,0.3002,0.3002,0.2984,0.299,116386.9
2025-04-14 07:40:00+09:00,0.2989,0.3003,0.2987,0.2993,61090.7
2025-04-14 07:45:00+09:00,0.2992,0.3004,0.2989,0.3004,28932.3
2025-04-14 07:50:00+09:00,0.3003,0.3011,0.3003,0.3008,111864.2
2025-04-14 07:55:00+09:00,0.3008,0.3017,0.3005,0.3011,182265.1
2025-04-14 08:00:00+09:00,0.3007,0.3015,0.2996,0.2997,49153.3
2025-04-14 08:05:00+09:00,0.2997,0.3008,0.2994,0.3007,68018.9
2025-04-14 08:10:00+09:00,0.3009,0.3025,0.3009,0.302,155202.5
2025-04-14 08:15:00+09:00,0.302,0.303,0.302,0.3026,108879.2
2025-04-14 08:20:00+09:00,0.3026,0.3026,0.3017,0.3025,59396.4
2025-04-14 08:25:00+09:00,0.3025,0.3028,0.3019,0.3028,25512.5
2025-04-14 08:30:00+09:00,0.3027,0.3033,0.3025,0.3027,170509.4
2025-04-14 08:35:00+09:00,0.3026,0.3026,0.3011,0.3016,101418.0
2025-04-14 08:40:00+09:00,0.3016,0.3031,0.3016,0.3031,69629.6
2025-04-14 08:45:00+09:00,0.303,0.3045,0.3029,0.3045,236514.4
2025-04-14 08:50:00+09:00,0.3045,0.3053,0.3044,0.3051,126788.7
2025-04-14 08:55:00+09:00,0.3052,0.3064,0.3051,0.3061,333522.0
2025-04-14 09:00:00+09:00,0.3062,0.3062,0.3031,0.3031,267421.0
2025-04-14 09:05:00+09:00,0.3029,0.3037,0.3019,0.3031,63107.7
2025-04-14 09:10:00+09:00,0.3031,0.3046,0.3021,0.3041,137156.7
2025-04-14 09:15:00+09:00,0.3041,0.3081,0.3038,0.3071,580794.4
2025-04-14 09:20:00+09:00,0.3071,0.3104,0.307,0.3097,111193.5
2025-04-14 09:25:00+09:00,0.3096,0.31,0.3081,0.3092,68235.9
2025-04-14 09:30:00+09:00,0.3093,0.3093,0.3059,0.3066,52206.0
2025-04-14 09:35:00+09:00,0.3067,0.3072,0.3058,0.3072,22374.1
2025-04-14 09:40:00+09:00,0.3073,0.3085,0.3068,0.3078,29332.6
2025-04-14 09:45:00+09:00,0.3079,0.3084,0.3063,0.3063,38965.3
2025-04-14 09:50:00+09:00,0.3061,0.3065,0.305,0.305,52570.5
2025-04-14 09:55:00+09:00,0.305,0.3051,0.3043,0.3043,76919.2
2025-04-14 10:00:00+09:00,0.3043,0.3049,0.3031,0.3033,85685.1
2025-04-14 10:05:00+09:00,0.3033,0.3033,0.3005,0.3031,451211.8
2025-04-14 10:10:00+09:00,0.3028,0.3028,0.2992,0.3009,1016504.3
2025-04-14 10:15:00+09:00,0.301,0.3027,0.301,0.3026,127960.8
2025-04-14 10:20:00+09:00,0.3025,0.3033,0.3022,0.303,190432.4
2025-04-14 10:25:00+09:00,0.3029,0.304,0.3029,0.304,60180.8
2025-04-14 10:30:00+09:00,0.304,0.3043,0.3026,0.3028,40338.2
2025-04-14 10:35:00+09:00,0.3031,0.3034,0.3027,0.3027,20330.9
2025-04-14 10:40:00+09:00,0.3026,0.3035,0.3022,0.3035,18847.6
2025-04-14 10:45:00+09:00,0.3034,0.3043,0.3034,0.3039,20355.5
2025-04-14 10:50:00+09:00,0.3039,0.3041,0.3029,0.3029,13043.1
2025-04-14 10:55:00+09:00,0.303,0.303,0.3023,0.3028,6096.8
2025-04-14 11:00:00+09:00,0.3029,0.3038,0.3022,0.3036,49707.7
2025-04-14 11:05:00+09:00,0.3037,0.3051,0.3035,0.3048,15063.3
2025-04-14 11:10:00+09:00,0.305,0.306,0.3046,0.3059,19196.4
2025-04-14 11:15:00+09:00,0.3055,0.3057,0.3044,0.3044,43540.4
2025-04-14 11:20:00+09:00,0.3045,0.3053,0.3044,0.3053,22159.0
2025-04-14 11:25:00+09:00,0.3053,0.3087,0.3053,0.3084,215929.9
2025-04-14 11:30:00+09:00,0.3085,0.3148,0.3085,0.3128,481858.7
2025-04-14 11:35:00+09:00,0.3129,0.3142,0.3101,0.3101,159008.3
2025-04-14 11:40:00+09:00,0.3101,0.3108,0.3092,0.3098,20274.7
2025-04-14 11:45:00+09:00,0.3097,0.3115,0.3093,0.3102,69771.5
2025-04-14 11:50:00+09:00,0.3101,0.3101,0.3091,0.3093,9707.9
2025-04-14 11:55:00+09:00,0.3093,0.3096,0.3084,0.3084,20691.1
2025-04-14 12:00:00+09:00,0.3085,0.3089,0.307,0.308,62554.7
2025-04-14 12:05:00+09:00,0.3078,0.3085,0.3067,0.3068,27168.1
2025-04-14 12:10:00+09:00,0.3068,0.3075,0.3066,0.3069,21240.9
2025-04-14 12:15:00+09:00,0.3069,0.3074,0.3065,0.307,15629.8
2025-04-14 12:20:00+09:00,0.3071,0.3072,0.3026,0.303,524998.9
2025-04-14 12:25:00+09:00,0.303,0.3046,0.3028,0.3046,22791.5
2025-04-14 12:30:00+09:00,0.3047,0.3048,0.304,0.3045,19740.0
2025-04-14 12:35:00+09:00,0.3044,0.3052,0.3036,0.3036,19443.2
2025-04-14 12:40:00+09:00,0.3035,0.3043,0.3033,0.3043,8268.4
2025-04-14 12:45:00+09:00,0.3042,0.3044,0.3036,0.3036,40188.1
2025-04-14 12:50:00+09:00,0.3034,0.3036,0.3025,0.3031,28093.7
2025-04-14 12:55:00+09:00,0.303,0.303,0.3014,0.3023,451002.7
2025-04-14 13:00:00+09:00,0.3023,0.303,0.3016,0.3029,106837.3
2025-04-14 13:05:00+09:00,0.3028,0.3032,0.3015,0.303,175037.0
2025-04-14 13:10:00+09:00,0.3029,0.3029,0.3015,0.3016,164882.9
2025-04-14 13:15:00+09:00,0.3016,0.302,0.3008,0.302,232800.0
2025-04-14 13:20:00+09:00,0.3019,0.3028,0.3015,0.3023,35052.6
2025-04-14 13:25:00+09:00,0.3023,0.3028,0.3018,0.3027,30284.5
2025-04-14 13:30:00+09:00,0.3027,0.3029,0.3019,0.3022,40918.5
2025-04-14 13:35:00+09:00,0.3022,0.3041,0.302,0.3041,19785.0
2025-04-14 13:40:00+09:00,0.304,0.3049,0.3023,0.3033,851859.3
2025-04-14 13:45:00+09:00,0.3034,0.3077,0.3033,0.3057,805274.8
2025-04-14 13:50:00+09:00,0.3056,0.3072,0.3052,0.3063,190918.3
2025-04-14 13:55:00+09:00,0.3064,0.3074,0.3063,0.3065,95667.8
2025-04-14 14:00:00+09:00,0.3066,0.3071,0.3061,0.3067,40279.9
2025-04-14 14:05:00+09:00,0.3067,0.3074,0.3046,0.305,568337.8
2025-04-14 14:10:00+09:00,0.3049,0.3063,0.3049,0.3055,220995.4
2025-04-14 14:15:00+09:00,0.3057,0.3062,0.3048,0.3049,154178.8
2025-04-14 14:20:00+09:00,0.3049,0.3049,0.3038,0.3039,153055.7
2025-04-14 14:25:00+09:00,0.304,0.3041,0.3029,0.3032,475512.5
2025-04-14 14:30:00+09:00,0.3031,0.3036,0.3028,0.3028,110428.2
2025-04-14 14:35:00+09:00,0.3029,0.3029,0.3015,0.3019,96632.8
2025-04-14 14:40:00+09:00,0.3019,0.3026,0.3016,0.3021,295939.4
2025-04-14 14:45:00+09:00,0.302,0.3025,0.3016,0.3024,123956.5
2025-04-14 14:50:00+09:00,0.3024,0.3029,0.3019,0.3021,81987.4
2025-04-14 14:55:00+09:00,0.3021,0.3028,0.302,0.3025,21864.9
2025-04-14 15:00:00+09:00,0.3024,0.3025,0.3013,0.3018,149066.2
2025-04-14 15:05:00+09:00,0.3018,0.3019,0.301,0.3016,73213.9
2025-04-14 15:10:00+09:00,0.3019,0.3026,0.3016,0.3019,14739.0
2025-04-14 15:15:00+09:00,0.302,0.3025,0.3018,0.302,31495.5
2025-04-14 15:20:00+09:00,0.302,0.3022,0.3013,0.3015,51169.5
2025-04-14 15:25:00+09:00,0.3014,0.3014,0.3001,0.3001,218200.5
2025-04-14 15:30:00+09:00,0.3002,0.3006,0.2996,0.3006,197197.4
2025-04-14 15:35:00+09:00,0.3006,0.3016,0.3006,0.3014,49964.4
2025-04-14 15:40:00+09:00,0.3014,0.3018,0.3011,0.3018,83195.7
2025-04-14 15:45:00+09:00,0.3019,0.303,0.3018,0.3028,22908.0
2025-04-14 15:50:00+09:00,0.3027,0.3028,0.3014,0.3014,39493.7
2025-04-14 15:55:00+09:00,0.3014,0.302,0.3011,0.302,87903.4
2025-04-14 16:00:00+09:00,0.3019,0.3019,0.3008,0.3008,71398.2
2025-04-14 16:05:00+09:00,0.301,0.3028,0.301,0.3026,14049.3
2025-04-14 16:10:00+09:00,0.3025,0.3027,0.3007,0.3007,48321.2
2025-04-14 16:15:00+09:00,0.3005,0.3017,0.2998,0.3013,120833.3
2025-04-14 16:20:00+09:00,0.3014,0.3018,0.3008,0.301,146196.2
2025-04-14 16:25:00+09:00,0.3009,0.302,0.3009,0.3018,32029.4
2025-04-14 16:30:00+09:00,0.3018,0.3025,0.3017,0.3018,13885.2
2025-04-14 16:35:00+09:00,0.3017,0.3025,0.3014,0.3024,15805.1
2025-04-14 16:40:00+09:00,0.3023,0.3026,0.3017,0.3018,15341.0
2025-04-14 16:45:00+09:00,0.3016,0.3023,0.3016,0.3018,10197.1
2025-04-14 16:50:00+09:00,0.3017,0.3028,0.3016,0.3026,19200.0
2025-04-14 16:55:00+09:00,0.3026,0.3031,0.3025,0.303,4408.6
2025-04-14 17:00:00+09:00,0.303,0.3035,0.3024,0.3027,37030.7
2025-04-14 17:05:00+09:00,0.3028,0.3035,0.3027,0.3028,73006.2
2025-04-14 17:10:00+09:00,0.3031,0.3032,0.3017,0.3018,120045.3
2025-04-14 17:15:00+09:00,0.3017,0.3018,0.3011,0.3014,203153.5
2025-04-14 17:20:00+09:00,0.3014,0.3025,0.3014,0.3022,106211.7
2025-04-14 17:25:00+09:00,0.3023,0.303,0.3022,0.3028,24304.8
2025-04-14 17:30:00+09:00,0.3028,0.3035,0.3023,0.3028,85512.6
2025-04-14 17:35:00+09:00,0.3027,0.3036,0.3027,0.3034,49188.4
2025-04-14 17:40:00+09:00,0.3035,0.3044,0.3035,0.3044,117439.8
2025-04-14 17:45:00+09:00,0.3044,0.3048,0.3037,0.3038,123102.3
2025-04-14 17:50:00+09:00,0.3037,0.3039,0.3027,0.3032,387985.4
2025-04-14 17:55:00+09:00,0.3033,0.3044,0.3029,0.3041,78980.0
2025-04-14 18:00:00+09:00,0.304,0.3045,0.304,0.3043,188522.1
2025-04-14 18:05:00+09:00,0.3043,0.3051,0.303,0.3036,165158.2
2025-04-14 18:10:00+09:00,0.3036,0.3047,0.3035,0.3047,9184.3
2025-04-14 18:15:00+09:00,0.3046,0.3051,0.3045,0.3047,58760.4
2025-04-14 18:20:00+09:00,0.3048,0.305,0.3039,0.3039,120688.0
2025-04-14 18:25:00+09:00,0.3038,0.304,0.3032,0.3032,23243.3
2025-04-14 18:30:00+09:00,0.3031,0.3039,0.303,0.3037,28497.3
2025-04-14 18:35:00+09:00,0.3037,0.3037,0.3032,0.3032,25217.9
2025-04-14 18:40:00+09:00,0.3029,0.3032,0.3023,0.3024,39117.9
2025-04-14 18:45:00+09:00,0.3026,0.3027,0.3019,0.3024,52573.9
2025-04-14 18:50:00+09:00,0.3024,0.3026,0.3016,0.3022,121191.6
2025-04-14 18:55:00+09:00,0.3022,0.3025,0.3017,0.3024,84095.8
2025-04-14 19:00:00+09:00,0.3023,0.3043,0.3023,0.3043,26009.3
2025-04-14 19:05:00+09:00,0.3043,0.3045,0.3021,0.3029,899570.2
2025-04-14 19:10:00+09:00,0.303,0.3043,0.3024,0.3026,541582.4
2025-04-14 19:15:00+09:00,0.3026,0.304,0.3026,0.304,56486.0
2025-04-14 19:20:00+09:00,0.3041,0.3058,0.3041,0.305,115517.8
2025-04-14 19:25:00+09:00,0.3049,0.3057,0.3045,0.3055,71792.1
2025-04-14 19:30:00+09:00,0.3056,0.3062,0.3039,0.3047,826588.1
2025-04-14 19:35:00+09:00,0.3046,0.3051,0.3039,0.304,313485.3
2025-04-14 19:40:00+09:00,0.3041,0.3077,0.3041,0.3052,1225750.8
2025-04-14 19:45:00+09:00,0.3053,0.3055,0.3045,0.305,159154.4
2025-04-14 19:50:00+09:00,0.3048,0.3052,0.3044,0.3049,204421.3
2025-04-14 19:55:00+09:00,0.3049,0.3052,0.3046,0.3047,65968.3
2025-04-14 20:00:00+09:00,0.3048,0.3053,0.3046,0.3049,48297.8
2025-04-14 20:05:00+09:00,0.305,0.3055,0.3029,0.3049,492132.7
2025-04-14 20:10:00+09:00,0.3049,0.3052,0.3043,0.3045,525644.3
2025-04-14 20:15:00+09:00,0.3045,0.3054,0.3045,0.3048,158446.7
2025-04-14 20:20:00+09:00,0.3047,0.3048,0.3038,0.3043,112926.9
2025-04-14 20:25:00+09:00,0.3043,0.305,0.3042,0.3044,196932.4
2025-04-14 20:30:00+09:00,0.3044,0.3049,0.3042,0.3046,113859.3
2025-04-14 20:35:00+09:00,0.3046,0.3053,0.3046,0.3051,63356.3
2025-04-14 20:40:00+09:00,0.3052,0.3053,0.3044,0.3049,260165.6
2025-04-14 20:45:00+09:00,0.3048,0.3053,0.3046,0.3053,165105.7
2025-04-14 20:50:00+09:00,0.3053,0.3065,0.3049,0.3054,1179996.6
2025-04-14 20:55:00+09:00,0.3054,0.3078,0.3053,0.3069,587964.2
2025-04-14 21:00:00+09:00,0.3068,0.3084,0.3065,0.3071,206880.3
2025-04-14 21:05:00+09:00,0.3071,0.3072,0.3059,0.3072,215084.2
2025-04-14 21:10:00+09:00,0.3072,0.3078,0.3066,0.3071,221323.4
2025-04-14 21:15:00+09:00,0.3072,0.3102,0.3072,0.3088,890799.3
2025-04-14 21:20:00+09:00,0.3088,0.3112,0.3084,0.3106,979486.2
2025-04-14 21:25:00+09:00,0.3106,0.3108,0.3091,0.3104,432894.7
2025-04-14 21:30:00+09:00,0.3104,0.311,0.3096,0.3108,253143.7
2025-04-14 21:35:00+09:00,0.3108,0.3111,0.3102,0.3111,70600.4
2025-04-14 21:40:00+09:00,0.3111,0.3121,0.3102,0.3105,470866.4
2025-04-14 21:45:00+09:00,0.3105,0.3119,0.3105,0.3113,205142.8
2025-04-14 21:50:00+09:00,0.3113,0.3114,0.309,0.3092,101439.2
2025-04-14 21:55:00+09:00,0.3088,0.3088,0.3077,0.308,110633.2
2025-04-14 22:00:00+09:00,0.308,0.3101,0.3078,0.31,101171.7
2025-04-14 22:05:00+09:00,0.3099,0.3106,0.3086,0.3087,190801.1
2025-04-14 22:10:00+09:00,0.3087,0.3091,0.3082,0.3088,48223.6
2025-04-14 22:15:00+09:00,0.3088,0.31,0.3088,0.3093,40965.0
2025-04-14 22:20:00+09:00,0.3094,0.3094,0.3067,0.3071,58364.4
2025-04-14 22:25:00+09:00,0.3072,0.3075,0.3068,0.3068,23985.0
2025-04-14 22:30:00+09:00,0.3069,0.3074,0.3042,0.3055,99307.3
2025-04-14 22:35:00+09:00,0.3056,0.3058,0.3043,0.3053,60150.1
2025-04-14 22:40:00+09:00,0.3053,0.3053,0.3031,0.3037,107797.8
2025-04-14 22:45:00+09:00,0.304,0.3043,0.3018,0.3028,187844.5
2025-04-14 22:50:00+09:00,0.303,0.3044,0.3027,0.3041,79081.0
2025-04-14 22:55:00+09:00,0.304,0.3041,0.3031,0.3032,45995.2
2025-04-14 23:00:00+09:00,0.3033,0.3044,0.3027,0.3039,153530.3
2025-04-14 23:05:00+09:00,0.3038,0.3044,0.3036,0.304,15278.2
2025-04-14 23:10:00+09:00,0.3039,0.3043,0.3033,0.3043,35020.8
2025-04-14 23:15:00+09:00,0.3042,0.3046,0.3037,0.3041,15716.6
2025-04-14 23:20:00+09:00,0.3042,0.3051,0.3042,0.3047,40604.8
2025-04-14 23:25:00+09:00,0.3047,0.3052,0.3037,0.3052,82911.0
2025-04-14 23:30:00+09:00,0.3053,0.3059,0.305,0.3056,20550.1
2025-04-14 23:35:00+09:00,0.3055,0.3074,0.3052,0.3074,25710.1
2025-04-14 23:40:00+09:00,0.3074,0.3079,0.3069,0.3072,50617.0
2025-04-14 23:45:00+09:00,0.3073,0.309,0.3071,0.309,51895.9
2025-04-14 23:50:00+09:00,0.3091,0.3101,0.3091,0.3094,96562.3
2025-04-14 23:55:00+09:00,0.3093,0.3093,0.3067,0.3076,286927.1
2025-04-15 00:00:00+09:00,0.3074,0.3077,0.3044,0.3046,146125.2
2025-04-15 00:05:00+09:00,0.3042,0.3045,0.3027,0.3045,154270.7
2025-04-15 00:10:00+09:00,0.3045,0.3045,0.3021,0.3025,107534.2
2025-04-15 00:15:00+09:00,0.3025,0.3036,0.3018,0.3035,57691.0
2025-04-15 00:20:00+09:00,0.3037,0.3041,0.3031,0.3032,98876.1
2025-04-15 00:25:00+09:00,0.3032,0.3032,0.3011,0.3014,123495.7
2025-04-15 00:30:00+09:00,0.3015,0.3019,0.3005,0.3015,70316.7
2025-04-15 00:35:00+09:00,0.3017,0.3018,0.2969,0.2973,420133.6
2025-04-15 00:40:00+09:00,0.2974,0.2992,0.296,0.299,264625.4
2025-04-15 00:45:00+09:00,0.2991,0.2993,0.296,0.297,452136.0
2025-04-15 00:50:00+09:00,0.297,0.2981,0.2943,0.2975,469317.9
2025-04-15 00:55:00+09:00,0.2975,0.2986,0.2966,0.2976,156226.0
2025-04-15 01:00:00+09:00,0.2974,0.2983,0.2967,0.298,241770.3
2025-04-15 01:05:00+09:00,0.2981,0.2982,0.2947,0.2948,232408.1
2025-04-15 01:10:00+09:00,0.2947,0.2963,0.2942,0.2961,112833.3
2025-04-15 01:15:00+09:00,0.2961,0.298,0.2961,0.2978,41904.5
2025-04-15 01:20:00+09:00,0.2978,0.2983,0.2962,0.2964,64362.5
2025-04-15 01:25:00+09:00,0.2962,0.2962,0.295,0.2955,76596.4
2025-04-15 01:30:00+09:00,0.2954,0.2964,0.2949,0.2964,95222.0
2025-04-15 01:35:00+09:00,0.2963,0.298,0.2962,0.2978,111538.8
2025-04-15 01:40:00+09:00,0.2978,0.2996,0.2977,0.2995,97693.1
2025-04-15 01:45:00+09:00,0.2995,0.2996,0.2988,0.2992,58323.9
2025-04-15 01:50:00+09:00,0.2992,0.2992,0.2978,0.2986,36106.1
2025-04-15 01:55:00+09:00,0.2986,0.2988,0.2969,0.297,113658.1
2025-04-15 02:00:00+09:00,0.2969,0.2988,0.2969,0.2977,123897.8
2025-04-15 02:05:00+09:00,0.2979,0.2981,0.2968,0.2972,188748.0
2025-04-15 02:10:00+09:00,0.2971,0.2985,0.297,0.2983,112483.3
2025-04-15 02:15:00+09:00,0.2982,0.2991,0.2977,0.2983,64426.8
2025-04-15 02:20:00+09:00,0.2983,0.3006,0.2983,0.3001,53385.9
2025-04-15 02:25:00+09:00,0.3002,0.3008,0.2992,0.2995,92076.1
2025-04-15 02:30:00+09:00,0.2996,0.2996,0.2982,0.2986,69249.3
2025-04-15 02:35:00+09:00,0.2987,0.2994,0.2986,0.2993,8528.7
2025-04-15 02:40:00+09:00,0.2992,0.2993,0.2987,0.2989,19940.4
2025-04-15 02:45:00+09:00,0.299,0.2993,0.298,0.298,53928.8
2025-04-15 02:50:00+09:00,0.2979,0.3001,0.2979,0.3001,14611.5
2025-04-15 02:55:00+09:00,0.3001,0.3006,0.2997,0.3003,124004.9
2025-04-15 03:00:00+09:00,0.3003,0.3013,0.3001,0.301,15659.1
2025-04-15 03:05:00+09:00,0.301,0.3018,0.3005,0.3011,19074.4
2025-04-15 03:10:00+09:00,0.301,0.3011,0.3004,0.3009,6018.5
2025-04-15 03:15:00+09:00,0.3009,0.3015,0.3005,0.3005,11974.6
2025-04-15 03:20:00+09:00,0.3008,0.3015,0.3008,0.3015,10450.2
2025-04-15 03:25:00+09:00,0.3016,0.3017,0.2969,0.297,174951.5
2025-04-15 03:30:00+09:00,0.297,0.2987,0.2964,0.2987,90448.9
2025-04-15 03:35:00+09:00,0.2988,0.2988,0.298,0.2985,46423.0
2025-04-15 03:40:00+09:00,0.2985,0.2996,0.2985,0.2991,25725.8
2025-04-15 03:45:00+09:00,0.2989,0.2989,0.2963,0.2977,100286.1
2025-04-15 03:50:00+09:00,0.2982,0.2985,0.2978,0.2984,37152.8
2025-04-15 03:55:00+09:00,0.2985,0.299,0.2974,0.2976,74875.5
2025-04-15 04:00:00+09:00,0.2975,0.2996,0.2971,0.2971,240857.5
2025-04-15 04:05:00+09:00,0.2974,0.2981,0.2968,0.2972,361291.2
2025-04-15 04:10:00+09:00,0.2974,0.2978,0.2967,0.2971,333319.7
2025-04-15 04:15:00+09:00,0.297,0.2973,0.2954,0.2955,517173.7
2025-04-15 04:20:00+09:00,0.2955,0.2956,0.2939,0.2941,403715.6
2025-04-15 04:25:00+09:00,0.294,0.295,0.2938,0.295,144871.0
2025-04-15 04:30:00+09:00,0.295,0.2951,0.2934,0.2938,200600.7
2025-04-15 04:35:00+09:00,0.2937,0.2949,0.2933,0.2947,266212.1
2025-04-15 04:40:00+09:00,0.2946,0.2952,0.2934,0.2935,204348.4
2025-04-15 04:45:00+09:00,0.2935,0.2937,0.2926,0.2932,261419.2
2025-04-15 04:50:00+09:00,0.2931,0.2931,0.292,0.2927,242065.3
2025-04-15 04:55:00+09:00,0.2927,0.2933,0.2921,0.2933,72692.5
2025-04-15 05:00:00+09:00,0.2933,0.2938,0.2924,0.2935,239306.3
2025-04-15 05:05:00+09:00,0.2936,0.2944,0.2935,0.2942,101835.3
2025-04-15 05:10:00+09:00,0.2942,0.2945,0.294,0.2944,47026.6
2025-04-15 05:15:00+09:00,0.2943,0.2946,0.2896,0.2897,236825.1
2025-04-15 05:20:00+09:00,0.2898,0.2908,0.2887,0.2897,95875.8
2025-04-15 05:25:00+09:00,0.2897,0.2897,0.2879,0.2893,215109.6
2025-04-15 05:30:00+09:00,0.2893,0.2909,0.2893,0.29,139238.9
2025-04-15 05:35:00+09:00,0.2902,0.2907,0.2897,0.2904,45306.8
2025-04-15 05:40:00+09:00,0.2904,0.2914,0.2904,0.291,34077.7
2025-04-15 05:45:00+09:00,0.2912,0.2924,0.2911,0.2923,23849.2
2025-04-15 05:50:00+09:00,0.2923,0.2928,0.292,0.2926,59644.5
2025-04-15 05:55:00+09:00,0.2925,0.2936,0.2922,0.2931,84156.5
2025-04-15 06:00:00+09:00,0.2932,0.2941,0.2928,0.2932,72882.1
2025-04-15 06:05:00+09:00,0.2933,0.2939,0.2931,0.2933,30150.8
2025-04-15 06:10:00+09:00,0.2932,0.2939,0.2928,0.2935,35449.2
2025-04-15 06:15:00+09:00,0.2935,0.2938,0.2928,0.2936,65022.5
2025-04-15 06:20:00+09:00,0.2931,0.2936,0.2929,0.2932,52330.2
2025-04-15 06:25:00+09:00,0.2928,0.2931,0.2921,0.2931,52398.7
2025-04-15 06:30:00+09:00,0.2931,0.2935,0.2921,0.2927,82931.1
2025-04-15 06:35:00+09:00,0.2932,0.2932,0.2904,0.2914,49043.9
2025-04-15 06:40:00+09:00,0.2914,0.2919,0.2899,0.2919,33347.9
2025-04-15 06:45:00+09:00,0.2922,0.293,0.2919,0.2929,14576.1
2025-04-15 06:50:00+09:00,0.2931,0.294,0.2931,0.294,23286.0
2025-04-15 06:55:00+09:00,0.294,0.2952,0.294,0.2947,262641.1
2025-04-15 07:00:00+09:00,0.2947,0.2951,0.2944,0.295,89680.3
2025-04-15 07:05:00+09:00,0.295,0.2955,0.2947,0.2955,73640.2
2025-04-15 07:10:00+09:00,0.2955,0.2967,0.2953,0.2955,212516.5
2025-04-15 07:15:00+09:00,0.2953,0.2959,0.2951,0.2956,56226.1
2025-04-15 07:20:00+09:00,0.2956,0.2962,0.2954,0.2962,99107.5
2025-04-15 07:25:00+09:00,0.2963,0.2965,0.2957,0.2961,27191.4
2025-04-15 07:30:00+09:00,0.2961,0.298,0.2961,0.2965,127633.5
2025-04-15 07:35:00+09:00,0.2965,0.2986,0.2965,0.2985,127055.2
2025-04-15 07:40:00+09:00,0.2986,0.2987,0.2976,0.2976,100137.9
2025-04-15 07:45:00+09:00,0.2977,0.2981,0.2974,0.298,78671.2
2025-04-15 07:50:00+09:00,0.2981,0.299,0.2981,0.2988,52727.0
2025-04-15 07:55:00+09:00,0.2988,0.2991,0.2983,0.2985,5732.6
2025-04-15 08:00:00+09:00,0.2984,0.2989,0.2978,0.298,49192.3
2025-04-15 08:05:00+09:00,0.2979,0.2987,0.2975,0.2981,22496.1
2025-04-15 08:10:00+09:00,0.2979,0.2987,0.2978,0.2985,12645.7
2025-04-15 08:15:00+09:00,0.2986,0.3003,0.2985,0.2996,74737.4
2025-04-15 08:20:00+09:00,0.2996,0.3003,0.2996,0.3003,16288.0
2025-04-15 08:25:00+09:00,0.3002,0.3002,0.2993,0.2994,25892.8
2025-04-15 08:30:00+09:00,0.2994,0.2996,0.2979,0.2988,230077.5
2025-04-15 08:35:00+09:00,0.2989,0.2996,0.2987,0.2987,76325.3
2025-04-15 08:40:00+09:00,0.2986,0.2986,0.2972,0.2972,75731.5
2025-04-15 08:45:00+09:00,0.2972,0.2985,0.297,0.2985,31977.3
2025-04-15 08:50:00+09:00,0.2984,0.2989,0.2982,0.2984,32870.8
2025-04-15 08:55:00+09:00,0.2985,0.2998,0.2982,0.2998,45830.1
2025-04-15 09:00:00+09:00,0.3,0.3,0.295,0.2955,207286.7
2025-04-15 09:05:00+09:00,0.2953,0.2962,0.2942,0.2944,82955.3
2025-04-15 09:10:00+09:00,0.2945,0.2945,0.2901,0.2902,129794.6
2025-04-15 09:15:00+09:00,0.29,0.292,0.289,0.2907,101665.0
2025-04-15 09:20:00+09:00,0.2906,0.2929,0.2906,0.2922,356240.6
2025-04-15 09:25:00+09:00,0.2924,0.294,0.2923,0.2938,124011.8
2025-04-15 09:30:00+09:00,0.2938,0.2947,0.2935,0.2937,47963.6
2025-04-15 09:35:00+09:00,0.2938,0.2953,0.2936,0.2952,40256.2
2025-04-15 09:40:00+09:00,0.2951,0.2955,0.2943,0.2948,20558.0
2025-04-15 09:45:00+09:00,0.2948,0.2952,0.2943,0.2946,17453.3
2025-04-15 09:50:00+09:00,0.2944,0.2944,0.2937,0.294,5930.4
2025-04-15 09:55:00+09:00,0.2939,0.294,0.2922,0.2928,33889.2
2025-04-15 10:00:00+09:00,0.2929,0.2931,0.2921,0.2925,10612.6
2025-04-15 10:05:00+09:00,0.2924,0.2948,0.2923,0.2948,85733.4
2025-04-15 10:10:00+09:00,0.2948,0.298,0.2948,0.2969,207655.2
2025-04-15 10:15:00+09:00,0.2969,0.2984,0.2967,0.2969,32711.5
2025-04-15 10:20:00+09:00,0.2969,0.2974,0.2962,0.2974,18268.4
2025-04-15 10:25:00+09:00,0.2973,0.2994,0.2973,0.2984,75326.5
2025-04-15 10:30:00+09:00,0.2985,0.3,0.2982,0.2993,70569.0
2025-04-15 10:35:00+09:00,0.2992,0.2992,0.2983,0.2992,21965.5
2025-04-15 10:40:00+09:00,0.2993,0.3006,0.2993,0.3006,35263.3
2025-04-15 10:45:00+09:00,0.3004,0.3024,0.3004,0.3015,129773.6
2025-04-15 10:50:00+09:00,0.3014,0.3014,0.3002,0.3003,22723.3
2025-04-15 10:55:00+09:00,0.3002,0.3021,0.3001,0.3018,27565.6
2025-04-15 11:00:00+09:00,0.3018,0.302,0.3003,0.302,79800.5
2025-04-15 11:05:00+09:00,0.3021,0.3035,0.3016,0.3031,47236.1
2025-04-15 11:10:00+09:00,0.3028,0.3051,0.3026,0.3051,138783.7
2025-04-15 11:15:00+09:00,0.3053,0.3087,0.3052,0.3085,261121.4
2025-04-15 11:20:00+09:00,0.3085,0.3087,0.3065,0.3068,165920.5
2025-04-15 11:25:00+09:00,0.3071,0.3072,0.3041,0.3051,109295.4
2025-04-15 11:30:00+09:00,0.3049,0.3049,0.3031,0.3047,57486.1
2025-04-15 11:35:00+09:00,0.3047,0.3052,0.303,0.3044,36046.7
2025-04-15 11:40:00+09:00,0.3045,0.3053,0.3034,0.3034,32811.9
2025-04-15 11:45:00+09:00,0.3034,0.3065,0.3031,0.3063,609649.6
2025-04-15 11:50:00+09:00,0.3062,0.3092,0.3062,0.3082,200452.6
2025-04-15 11:55:00+09:00,0.3083,0.3104,0.3074,0.3097,261250.2
2025-04-15 12:00:00+09:00,0.3098,0.31,0.3083,0.3085,80898.2
2025-04-15 12:05:00+09:00,0.3083,0.3083,0.3064,0.3065,31710.4
2025-04-15 12:10:00+09:00,0.3062,0.3062,0.3052,0.3057,31970.2
2025-04-15 12:15:00+09:00,0.3057,0.3058,0.3051,0.3054,43435.8
2025-04-15 12:20:00+09:00,0.3054,0.3063,0.3053,0.3057,38830.4
2025-04-15 12:25:00+09:00,0.3058,0.3059,0.3047,0.3047,29731.7
2025-04-15 12:30:00+09:00,0.3047,0.3052,0.3041,0.3051,69544.6
2025-04-15 12:35:00+09:00,0.305,0.3053,0.304,0.3049,20566.6
2025-04-15 12:40:00+09:00,0.3048,0.3049,0.3037,0.3039,44622.5
2025-04-15 12:45:00+09:00,0.3039,0.3041,0.3037,0.3037,20201.0
2025-04-15 12:50:00+09:00,0.3038,0.3058,0.3038,0.3051,48961.8
2025-04-15 12:55:00+09:00,0.3049,0.3056,0.3041,0.3047,69500.5
2025-04-15 13:00:00+09:00,0.3046,0.3047,0.302,0.304,240499.5
2025-04-15 13:05:00+09:00,0.3041,0.3042,0.301,0.3013,210178.5
2025-04-15 13:10:00+09:00,0.3011,0.3011,0.3001,0.3003,27719.4
2025-04-15 13:15:00+09:00,0.3003,0.3014,0.3,0.3009,93025.6
2025-04-15 13:20:00+09:00,0.301,0.301,0.2988,0.2991,89866.0
2025-04-15 13:25:00+09:00,0.2991,0.3002,0.299,0.3002,15231.9
2025-04-15 13:30:00+09:00,0.3001,0.3001,0.2985,0.2985,14101.6
2025-04-15 13:35:00+09:00,0.2984,0.2985,0.2977,0.2978,16091.8
2025-04-15 13:40:00+09:00,0.2978,0.2978,0.2968,0.2975,75549.4
2025-04-15 13:45:00+09:00,0.2975,0.298,0.297,0.2971,48317.4
2025-04-15 13:50:00+09:00,0.2972,0.2989,0.2967,0.2988,33071.8
2025-04-15 13:55:00+09:00,0.2988,0.2989,0.2979,0.2981,99220.1
2025-04-15 14:00:00+09:00,0.298,0.2995,0.298,0.299,70849.6
2025-04-15 14:05:00+09:00,0.299,0.299,0.2967,0.2969,269547.9
2025-04-15 14:10:00+09:00,0.2968,0.2972,0.2955,0.2971,316070.4
2025-04-15 14:15:00+09:00,0.2971,0.2971,0.2966,0.2966,82108.8
2025-04-15 14:20:00+09:00,0.2965,0.2979,0.2965,0.2978,159632.3
2025-04-15 14:25:00+09:00,0.2977,0.2977,0.2963,0.2967,35981.8
2025-04-15 14:30:00+09:00,0.2968,0.2976,0.2966,0.2975,72108.1
2025-04-15 14:35:00+09:00,0.2976,0.2994,0.2973,0.2988,22650.5
2025-04-15 14:40:00+09:00,0.2988,0.2995,0.2987,0.2993,29948.0
2025-04-15 14:45:00+09:00,0.2993,0.2998,0.299,0.2992,57469.8
2025-04-15 14:50:00+09:00,0.299,0.299,0.2968,0.2968,155684.1
2025-04-15 14:55:00+09:00,0.2968,0.2968,0.2946,0.2949,577333.5
2025-04-15 15:00:00+09:00,0.2948,0.295,0.2934,0.2937,386235.0
2025-04-15 15:05:00+09:00,0.2937,0.2945,0.2929,0.2934,952486.3
2025-04-15 15:10:00+09:00,0.2934,0.2944,0.2933,0.294,37837.5
2025-04-15 15:15:00+09:00,0.2941,0.2955,0.2939,0.2953,193538.6
2025-04-15 15:20:00+09:00,0.2951,0.2952,0.2933,0.2936,506744.8
2025-04-15 15:25:00+09:00,0.2935,0.2944,0.2935,0.2938,254966.8
2025-04-15 15:30:00+09:00,0.2939,0.2945,0.2922,0.2931,672863.7
2025-04-15 15:35:00+09:00,0.2931,0.2931,0.2909,0.2922,200483.3
2025-04-15 15:40:00+09:00,0.2922,0.2928,0.292,0.2928,126116.3
2025-04-15 15:45:00+09:00,0.2927,0.2932,0.2924,0.2924,241454.3
2025-04-15 15:50:00+09:00,0.2924,0.2926,0.2919,0.2921,54767.5
2025-04-15 15:55:00+09:00,0.2921,0.2931,0.2917,0.292,245744.4
2025-04-15 16:00:00+09:00,0.2919,0.2925,0.2917,0.2925,92333.3
2025-04-15 16:05:00+09:00,0.2923,0.2929,0.2919,0.2927,81426.1
2025-04-15 16:10:00+09:00,0.2928,0.2933,0.2926,0.2927,179108.7
2025-04-15 16:15:00+09:00,0.2927,0.2937,0.2927,0.2936,122488.0
2025-04-15 16:20:00+09:00,0.2935,0.294,0.2935,0.2936,193991.2
2025-04-15 16:25:00+09:00,0.2935,0.2945,0.2928,0.2934,141134.9
2025-04-15 16:30:00+09:00,0.2934,0.2939,0.2928,0.2939,61064.4
2025-04-15 16:35:00+09:00,0.2938,0.294,0.2934,0.2934,90983.9
2025-04-15 16:40:00+09:00,0.2936,0.2938,0.2926,0.2936,348082.8
2025-04-15 16:45:00+09:00,0.2935,0.2943,0.2935,0.2943,128099.4
2025-04-15 16:50:00+09:00,0.2943,0.2945,0.294,0.2942,112315.9
2025-04-15 16:55:00+09:00,0.2942,0.2948,0.2941,0.2948,88482.3
2025-04-15 17:00:00+09:00,0.2947,0.2959,0.2941,0.2954,181289.6
2025-04-15 17:05:00+09:00,0.2955,0.2957,0.2945,0.2951,56032.9
2025-04-15 17:10:00+09:00,0.2952,0.2952,0.2944,0.2948,81074.5
2025-04-15 17:15:00+09:00,0.2947,0.2955,0.2945,0.2954,28116.6
2025-04-15 17:20:00+09:00,0.2952,0.2959,0.295,0.2957,25444.3
2025-04-15 17:25:00+09:00,0.2959,0.2959,0.2952,0.2954,53629.3
2025-04-15 17:30:00+09:00,0.2952,0.2954,0.2946,0.2952,33693.2
2025-04-15 17:35:00+09:00,0.295,0.2955,0.2947,0.295,34793.2
2025-04-15 17:40:00+09:00,0.2949,0.2955,0.2948,0.2952,75309.4
2025-04-15 17:45:00+09:00,0.2952,0.2958,0.2949,0.2955,47004.0
2025-04-15 17:50:00+09:00,0.2955,0.296,0.2952,0.296,53894.0
2025-04-15 17:55:00+09:00,0.296,0.296,0.2955,0.2958,18628.5
2025-04-15 18:00:00+09:00,0.2956,0.2957,0.2942,0.2952,52564.5
2025-04-15 18:05:00+09:00,0.2951,0.296,0.2951,0.2959,48351.8
2025-04-15 18:10:00+09:00,0.2959,0.2965,0.2957,0.296,207681.7
2025-04-15 18:15:00+09:00,0.296,0.297,0.296,0.297,235949.3
2025-04-15 18:20:00+09:00,0.2969,0.2971,0.295,0.295,282935.4
2025-04-15 18:25:00+09:00,0.2949,0.295,0.2935,0.2937,188137.6
2025-04-15 18:30:00+09:00,0.2935,0.2944,0.2933,0.2938,266673.5
2025-04-15 18:35:00+09:00,0.2937,0.2944,0.2931,0.2943,376814.5
2025-04-15 18:40:00+09:00,0.2942,0.2949,0.2924,0.2925,886162.7
2025-04-15 18:45:00+09:00,0.2925,0.2936,0.2924,0.2935,402947.9
2025-04-15 18:50:00+09:00,0.2935,0.2938,0.2927,0.2927,513677.7
2025-04-15 18:55:00+09:00,0.2927,0.2928,0.2918,0.2922,481650.8
2025-04-15 19:00:00+09:00,0.2921,0.2933,0.2921,0.293,328620.0
2025-04-15 19:05:00+09:00,0.293,0.293,0.291,0.2911,793734.9
2025-04-15 19:10:00+09:00,0.2911,0.2913,0.2905,0.2912,507801.9
2025-04-15 19:15:00+09:00,0.2912,0.2919,0.2905,0.2909,457587.5
2025-04-15 19:20:00+09:00,0.291,0.2926,0.2908,0.2924,227617.2
2025-04-15 19:25:00+09:00,0.2923,0.2926,0.2917,0.2921,168491.5
2025-04-15 19:30:00+09:00,0.2921,0.2921,0.2908,0.2909,299165.0
2025-04-15 19:35:00+09:00,0.291,0.2911,0.2905,0.2907,128839.5
2025-04-15 19:40:00+09:00,0.2908,0.291,0.2906,0.2907,43918.2
2025-04-15 19:45:00+09:00,0.2907,0.2912,0.2903,0.2911,88934.4
2025-04-15 19:50:00+09:00,0.2911,0.2919,0.29,0.2919,100359.5
2025-04-15 19:55:00+09:00,0.2918,0.2921,0.2918,0.2921,66100.2
2025-04-15 20:00:00+09:00,0.2922,0.2932,0.2921,0.2932,76956.5
2025-04-15 20:05:00+09:00,0.2931,0.2931,0.2924,0.2925,84513.8
2025-04-15 20:10:00+09:00,0.2925,0.293,0.2921,0.2928,174332.0
2025-04-15 20:15:00+09:00,0.2927,0.2928,0.2919,0.2923,44019.2
2025-04-15 20:20:00+09:00,0.2923,0.293,0.2923,0.2928,64512.7
2025-04-15 20:25:00+09:00,0.2929,0.293,0.2924,0.2929,14981.4
2025-04-15 20:30:00+09:00,0.2928,0.2939,0.2925,0.2933,230907.6
2025-04-15 20:35:00+09:00,0.2933,0.2933,0.2913,0.2922,155411.3
2025-04-15 20:40:00+09:00,0.2922,0.2928,0.2922,0.2923,92705.3
2025-04-15 20:45:00+09:00,0.2922,0.2932,0.292,0.2932,26633.9
2025-04-15 20:50:00+09:00,0.2931,0.2931,0.2921,0.2924,85855.2
2025-04-15 20:55:00+09:00,0.2925,0.2933,0.2925,0.2929,52877.2
2025-04-15 21:00:00+09:00,0.2928,0.2929,0.2914,0.2922,262688.0
2025-04-15 21:05:00+09:00,0.2922,0.2927,0.2917,0.2922,128281.6
2025-04-15 21:10:00+09:00,0.2922,0.2926,0.29,0.2918,394345.5
2025-04-15 21:15:00+09:00,0.2918,0.2921,0.2911,0.2913,80054.7
2025-04-15 21:20:00+09:00,0.2911,0.2918,0.2908,0.2913,96622.4
2025-04-15 21:25:00+09:00,0.2913,0.2919,0.2913,0.2918,47304.8
2025-04-15 21:30:00+09:00,0.2918,0.292,0.291,0.2917,33538.7
2025-04-15 21:35:00+09:00,0.2917,0.2927,0.2916,0.2924,41610.6
2025-04-15 21:40:00+09:00,0.2923,0.2925,0.2919,0.2923,69026.9
2025-04-15 21:45:00+09:00,0.2922,0.2925,0.2917,0.2923,19067.5
2025-04-15 21:50:00+09:00,0.2924,0.2926,0.2909,0.2915,545403.1
2025-04-15 21:55:00+09:00,0.2916,0.2923,0.2913,0.2922,83574.2
2025-04-15 22:00:00+09:00,0.2923,0.2926,0.2916,0.2916,93515.8
2025-04-15 22:05:00+09:00,0.2916,0.2923,0.2909,0.2911,395127.6
2025-04-15 22:10:00+09:00,0.2911,0.2915,0.291,0.2912,181528.1
2025-04-15 22:15:00+09:00,0.2914,0.2915,0.2904,0.2907,841432.9
2025-04-15 22:20:00+09:00,0.2906,0.2911,0.2898,0.29,102238.8
2025-04-15 22:25:00+09:00,0.29,0.2908,0.2899,0.2904,290996.7
2025-04-15 22:30:00+09:00,0.2904,0.2908,0.2885,0.2891,1079083.7
2025-04-15 22:35:00+09:00,0.2889,0.2909,0.2889,0.2906,305963.8
2025-04-15 22:40:00+09:00,0.2906,0.2909,0.289,0.2896,477986.1
2025-04-15 22:45:00+09:00,0.2895,0.2915,0.2893,0.2915,285728.1
2025-04-15 22:50:00+09:00,0.2913,0.2921,0.2897,0.2901,278351.4
2025-04-15 22:55:00+09:00,0.29,0.2907,0.2888,0.2898,251539.8
2025-04-15 23:00:00+09:00,0.2897,0.2901,0.2877,0.2892,491873.9
2025-04-15 23:05:00+09:00,0.2891,0.2914,0.2888,0.2909,163410.1
2025-04-15 23:10:00+09:00,0.2908,0.2913,0.2893,0.2895,311672.4
2025-04-15 23:15:00+09:00,0.2894,0.2901,0.2841,0.2858,692262.4
2025-04-15 23:20:00+09:00,0.2858,0.287,0.2844,0.2856,481506.2
2025-04-15 23:25:00+09:00,0.2855,0.2858,0.2843,0.2847,122873.0
2025-04-15 23:30:00+09:00,0.2845,0.2883,0.2844,0.2857,385758.9
2025-04-15 23:35:00+09:00,0.2855,0.2867,0.2854,0.2866,80442.9
2025-04-15 23:40:00+09:00,0.2867,0.2894,0.2862,0.2889,191364.7
2025-04-15 23:45:00+09:00,0.2889,0.2891,0.2878,0.289,148757.1
2025-04-15 23:50:00+09:00,0.289,0.2899,0.2886,0.2891,107521.7
2025-04-15 23:55:00+09:00,0.2891,0.2893,0.288,0.2883,119339.2
2025-04-16 00:00:00+09:00,0.2882,0.2882,0.2871,0.2877,114452.9
2025-04-16 00:05:00+09:00,0.2878,0.2886,0.2858,0.2862,140635.2
2025-04-16 00:10:00+09:00,0.2862,0.2871,0.2857,0.2868,121377.3
2025-04-16 00:15:00+09:00,0.2868,0.2878,0.2867,0.2874,115189.0
2025-04-16 00:20:00+09:00,0.2875,0.288,0.2872,0.2876,106688.9
2025-04-16 00:25:00+09:00,0.2877,0.2878,0.2872,0.2874,66731.1
2025-04-16 00:30:00+09:00,0.2873,0.288,0.2855,0.2864,595157.3
2025-04-16 00:35:00+09:00,0.2863,0.2864,0.2848,0.2854,335132.9
2025-04-16 00:40:00+09:00,0.2854,0.2862,0.2851,0.2859,95609.6
2025-04-16 00:45:00+09:00,0.2858,0.286,0.285,0.2853,256227.8
2025-04-16 00:50:00+09:00,0.2854,0.2854,0.2836,0.2845,486660.4
2025-04-16 00:55:00+09:00,0.2844,0.2848,0.2832,0.2845,306696.6
2025-04-16 01:00:00+09:00,0.2844,0.2847,0.2836,0.2844,255151.3
2025-04-16 01:05:00+09:00,0.2843,0.2845,0.2796,0.281,842762.9
2025-04-16 01:10:00+09:00,0.2808,0.2813,0.2795,0.2803,658584.7
2025-04-16 01:15:00+09:00,0.2804,0.282,0.2803,0.2819,251138.6
2025-04-16 01:20:00+09:00,0.2819,0.282,0.2809,0.2812,85440.8
2025-04-16 01:25:00+09:00,0.2813,0.2829,0.2813,0.2825,212084.3
2025-04-16 01:30:00+09:00,0.2825,0.2831,0.2816,0.2819,83843.8
2025-04-16 01:35:00+09:00,0.2819,0.2823,0.2799,0.2799,362661.0
2025-04-16 01:40:00+09:00,0.2799,0.2812,0.2799,0.2812,197366.8
2025-04-16 01:45:00+09:00,0.2811,0.2812,0.2805,0.2808,227140.6
2025-04-16 01:50:00+09:00,0.2805,0.2811,0.2805,0.2807,134023.3
2025-04-16 01:55:00+09:00,0.2808,0.2811,0.2805,0.2806,20900.1
2025-04-16 02:00:00+09:00,0.2806,0.2813,0.2806,0.2811,87953.9
2025-04-16 02:05:00+09:00,0.2812,0.2817,0.281,0.2815,146626.7
2025-04-16 02:10:00+09:00,0.2815,0.2818,0.281,0.2818,37689.1
2025-04-16 02:15:00+09:00,0.2819,0.2823,0.2808,0.2812,89202.6
2025-04-16 02:20:00+09:00,0.2813,0.282,0.2803,0.2807,65779.3
2025-04-16 02:25:00+09:00,0.2808,0.2812,0.2804,0.2805,30615.9
2025-04-16 02:30:00+09:00,0.2804,0.2811,0.2803,0.2804,30774.3
2025-04-16 02:35:00+09:00,0.2803,0.281,0.2803,0.281,16149.8
2025-04-16 02:40:00+09:00,0.281,0.2813,0.2809,0.2809,15757.7
2025-04-16 02:45:00+09:00,0.2809,0.2815,0.2807,0.2808,11959.6
2025-04-16 02:50:00+09:00,0.2807,0.2808,0.2784,0.2791,126334.5
2025-04-16 02:55:00+09:00,0.2791,0.2797,0.2791,0.2795,27636.5
2025-04-16 03:00:00+09:00,0.2795,0.2795,0.2781,0.2786,59525.7
2025-04-16 03:05:00+09:00,0.2786,0.2788,0.2774,0.2786,47187.9
2025-04-16 03:10:00+09:00,0.2787,0.2788,0.2778,0.278,24357.3
2025-04-16 03:15:00+09:00,0.278,0.2782,0.2768,0.2779,161290.8
2025-04-16 03:20:00+09:00,0.278,0.2787,0.2751,0.2766,278588.1
2025-04-16 03:25:00+09:00,0.2767,0.2775,0.2767,0.2774,30977.0
2025-04-16 03:30:00+09:00,0.2774,0.2777,0.2774,0.2775,42507.6
2025-04-16 03:35:00+09:00,0.2776,0.2784,0.2776,0.2783,69113.9
2025-04-16 03:40:00+09:00,0.2784,0.2791,0.2783,0.2789,64184.5
2025-04-16 03:45:00+09:00,0.2789,0.2791,0.2778,0.2778,158110.5
2025-04-16 03:50:00+09:00,0.2778,0.2778,0.2767,0.2767,139442.3
2025-04-16 03:55:00+09:00,0.2768,0.2769,0.2752,0.2763,241836.4
2025-04-16 04:00:00+09:00,0.2762,0.2769,0.2758,0.2766,102672.9
2025-04-16 04:05:00+09:00,0.2765,0.2771,0.2748,0.2767,200478.1
2025-04-16 04:10:00+09:00,0.2767,0.2768,0.2741,0.2756,482208.7
2025-04-16 04:15:00+09:00,0.2755,0.2756,0.2748,0.275,52133.2
2025-04-16 04:20:00+09:00,0.275,0.2755,0.2736,0.2737,160661.9
2025-04-16 04:25:00+09:00,0.2737,0.2741,0.2719,0.2724,86502.4
2025-04-16 04:30:00+09:00,0.2725,0.2744,0.2724,0.2742,82945.6
2025-04-16 04:35:00+09:00,0.2743,0.275,0.2738,0.275,73347.7
2025-04-16 04:40:00+09:00,0.2749,0.2756,0.2732,0.2743,235010.7
2025-04-16 04:45:00+09:00,0.2742,0.2745,0.2735,0.2739,93053.6
2025-04-16 04:50:00+09:00,0.2739,0.2741,0.2733,0.2734,55132.6
2025-04-16 04:55:00+09:00,0.2733,0.2741,0.2733,0.2741,79239.1
2025-04-16 05:00:00+09:00,0.274,0.2751,0.2733,0.2747,80858.2
2025-04-16 05:05:00+09:00,0.2746,0.2753,0.2741,0.2752,65338.3
2025-04-16 05:10:00+09:00,0.2752,0.2758,0.2749,0.2752,310601.6
2025-04-16 05:15:00+09:00,0.2751,0.2751,0.2737,0.274,653812.0
2025-04-16 05:20:00+09:00,0.2739,0.2747,0.2735,0.2747,128167.7
2025-04-16 05:25:00+09:00,0.2747,0.2752,0.2744,0.275,182030.8
2025-04-16 05:30:00+09:00,0.275,0.2758,0.2749,0.2758,175875.4
2025-04-16 05:35:00+09:00,0.2758,0.2758,0.2725,0.2737,325802.1
2025-04-16 05:40:00+09:00,0.2739,0.2742,0.2669,0.2689,1388309.9
2025-04-16 05:45:00+09:00,0.2689,0.2717,0.2654,0.2712,705438.0
2025-04-16 05:50:00+09:00,0.2713,0.2716,0.2689,0.2696,735095.0
2025-04-16 05:55:00+09:00,0.2696,0.2729,0.2695,0.2724,226399.0
2025-04-16 06:00:00+09:00,0.2725,0.2754,0.2713,0.2748,465070.6
2025-04-16 06:05:00+09:00,0.275,0.2784,0.275,0.2771,198802.1
2025-04-16 06:10:00+09:00,0.2769,0.277,0.2751,0.2753,104951.8
2025-04-16 06:15:00+09:00,0.2752,0.2761,0.2749,0.2754,158196.7
2025-04-16 06:20:00+09:00,0.2755,0.2772,0.2754,0.276,93305.6
2025-04-16 06:25:00+09:00,0.2762,0.2776,0.2762,0.2769,60746.5
2025-04-16 06:30:00+09:00,0.277,0.2793,0.277,0.279,73189.2
2025-04-16 06:35:00+09:00,0.279,0.2813,0.279,0.2801,105598.4
2025-04-16 06:40:00+09:00,0.2801,0.2854,0.2794,0.2815,252352.2
2025-04-16 06:45:00+09:00,0.2813,0.2863,0.2808,0.2826,287120.5
2025-04-16 06:50:00+09:00,0.2825,0.2829,0.2803,0.2814,96914.3
2025-04-16 06:55:00+09:00,0.2807,0.2809,0.2799,0.2807,82656.3
2025-04-16 07:00:00+09:00,0.2805,0.2813,0.28,0.2812,36195.0
2025-04-16 07:05:00+09:00,0.2811,0.2815,0.28,0.28,12157.9
2025-04-16 07:10:00+09:00,0.28,0.2806,0.2795,0.2798,13405.0
2025-04-16 07:15:00+09:00,0.2799,0.2802,0.2786,0.279,40288.8
2025-04-16 07:20:00+09:00,0.279,0.2794,0.2788,0.2792,67086.6
2025-04-16 07:25:00+09:00,0.279,0.2791,0.2768,0.2785,181648.3
2025-04-16 07:30:00+09:00,0.2785,0.2785,0.2776,0.2778,50679.2
2025-04-16 07:35:00+09:00,0.2779,0.2785,0.2777,0.2782,32596.5
2025-04-16 07:40:00+09:00,0.2782,0.2789,0.2782,0.2787,76967.0
2025-04-16 07:45:00+09:00,0.2787,0.2789,0.2771,0.278,221225.3
2025-04-16 07:50:00+09:00,0.2781,0.2787,0.2778,0.2782,18578.8
2025-04-16 07:55:00+09:00,0.2782,0.2783,0.2773,0.2781,93911.9
2025-04-16 08:00:00+09:00,0.278,0.2797,0.278,0.2793,94692.3
2025-04-16 08:05:00+09:00,0.279,0.2793,0.2786,0.2792,22466.7
2025-04-16 08:10:00+09:00,0.2791,0.2792,0.2781,0.2786,76265.7
2025-04-16 08:15:00+09:00,0.2786,0.2786,0.2773,0.2779,79979.7
2025-04-16 08:20:00+09:00,0.2778,0.2783,0.2776,0.2779,29159.2
2025-04-16 08:25:00+09:00,0.2778,0.2778,0.277,0.2777,64558.6
2025-04-16 08:30:00+09:00,0.2778,0.2784,0.2777,0.2782,17862.2
2025-04-16 08:35:00+09:00,0.2782,0.2786,0.278,0.2783,39188.5
2025-04-16 08:40:00+09:00,0.2782,0.2787,0.2778,0.278,61911.4
2025-04-16 08:45:00+09:00,0.278,0.278,0.2766,0.2766,494770.4
2025-04-16 08:50:00+09:00,0.2766,0.2766,0.2763,0.2763,170936.0
2025-04-16 08:55:00+09:00,0.2762,0.2768,0.2758,0.2762,197830.3
2025-04-16 09:00:00+09:00,0.2763,0.2766,0.2743,0.2753,378463.7
2025-04-16 09:05:00+09:00,0.2752,0.2752,0.2731,0.2734,93594.7
2025-04-16 09:10:00+09:00,0.2732,0.2732,0.2702,0.2705,225346.7
2025-04-16 09:15:00+09:00,0.2704,0.2706,0.2677,0.2689,360758.4
2025-04-16 09:20:00+09:00,0.2688,0.2721,0.2688,0.2715,64003.7
2025-04-16 09:25:00+09:00,0.2716,0.2722,0.271,0.2717,45338.1
2025-04-16 09:30:00+09:00,0.2716,0.2721,0.271,0.271,53601.9
2025-04-16 09:35:00+09:00,0.2711,0.2711,0.27,0.2702,102076.3
2025-04-16 09:40:00+09:00,0.2703,0.2705,0.2699,0.2702,37550.4
2025-04-16 09:45:00+09:00,0.2701,0.2703,0.269,0.269,190146.6
2025-04-16 09:50:00+09:00,0.2689,0.2691,0.2682,0.2691,27941.8
2025-04-16 09:55:00+09:00,0.2691,0.2692,0.2678,0.2683,34635.2
2025-04-16 10:00:00+09:00,0.2682,0.2691,0.266,0.2661,565415.6
2025-04-16 10:05:00+09:00,0.2661,0.268,0.2652,0.2675,137486.8
2025-04-16 10:10:00+09:00,0.2674,0.2678,0.2662,0.2669,104567.4
2025-04-16 10:15:00+09:00,0.2669,0.2679,0.2664,0.2679,315057.5
2025-04-16 10:20:00+09:00,0.2678,0.2685,0.2673,0.2676,44185.9
2025-04-16 10:25:00+09:00,0.2676,0.2692,0.2674,0.2691,132084.8
2025-04-16 10:30:00+09:00,0.269,0.2692,0.2676,0.2676,83037.7
2025-04-16 10:35:00+09:00,0.2678,0.2687,0.2677,0.2685,55559.0
2025-04-16 10:40:00+09:00,0.2685,0.2686,0.2675,0.2677,71098.2
2025-04-16 10:45:00+09:00,0.2679,0.27,0.2677,0.2697,159886.8
2025-04-16 10:50:00+09:00,0.2696,0.27,0.2696,0.2699,155209.4
2025-04-16 10:55:00+09:00,0.2699,0.2707,0.2697,0.2704,87739.3
2025-04-16 11:00:00+09:00,0.2705,0.2723,0.2702,0.2719,60685.2
2025-04-16 11:05:00+09:00,0.2719,0.2731,0.2718,0.2726,45450.3
2025-04-16 11:10:00+09:00,0.2725,0.2727,0.2713,0.2715,100536.2
2025-04-16 11:15:00+09:00,0.2715,0.2727,0.2713,0.2717,34101.5
2025-04-16 11:20:00+09:00,0.2718,0.2722,0.2703,0.2707,62647.1
2025-04-16 11:25:00+09:00,0.2706,0.2719,0.2706,0.2706,38922.9
2025-04-16 11:30:00+09:00,0.2706,0.2715,0.2705,0.2705,127783.8
2025-04-16 11:35:00+09:00,0.2705,0.2711,0.2694,0.2695,20347.9
2025-04-16 11:40:00+09:00,0.2695,0.2698,0.2693,0.2695,45261.2
2025-04-16 11:45:00+09:00,0.2695,0.2699,0.2692,0.2698,33442.8
2025-04-16 11:50:00+09:00,0.2698,0.27,0.2687,0.2696,28428.1
2025-04-16 11:55:00+09:00,0.2697,0.2706,0.2697,0.2703,94878.0
2025-04-16 12:00:00+09:00,0.2704,0.2706,0.2691,0.2691,86368.6
2025-04-16 12:05:00+09:00,0.2691,0.2695,0.2684,0.269,253911.5
2025-04-16 12:10:00+09:00,0.269,0.2695,0.269,0.2692,105366.4
2025-04-16 12:15:00+09:00,0.2693,0.2693,0.2684,0.2684,83300.7
2025-04-16 12:20:00+09:00,0.2684,0.2689,0.2683,0.2686,156198.9
2025-04-16 12:25:00+09:00,0.2687,0.2687,0.2678,0.2679,43339.4
2025-04-16 12:30:00+09:00,0.2679,0.2679,0.267,0.2677,63726.8
2025-04-16 12:35:00+09:00,0.2678,0.2687,0.2675,0.2683,41190.6
2025-04-16 12:40:00+09:00,0.2683,0.2684,0.2669,0.2672,57831.9
2025-04-16 12:45:00+09:00,0.2673,0.2682,0.2667,0.2681,123937.3
2025-04-16 12:50:00+09:00,0.2681,0.2681,0.2664,0.2668,120941.3
2025-04-16 12:55:00+09:00,0.2667,0.2669,0.2662,0.2666,66373.9
2025-04-16 13:00:00+09:00,0.2666,0.2667,0.2659,0.2663,79963.5
2025-04-16 13:05:00+09:00,0.2662,0.2669,0.2659,0.2664,69973.5
2025-04-16 13:10:00+09:00,0.2664,0.267,0.2661,0.2669,36774.8
2025-04-16 13:15:00+09:00,0.2668,0.2668,0.2658,0.266,46248.2
2025-04-16 13:20:00+09:00,0.2659,0.2667,0.2655,0.2661,96947.5
2025-04-16 13:25:00+09:00,0.2661,0.2669,0.2658,0.2667,52105.2
2025-04-16 13:30:00+09:00,0.2667,0.2671,0.2664,0.267,91771.4
2025-04-16 13:35:00+09:00,0.267,0.2678,0.2664,0.2678,224719.0
2025-04-16 13:40:00+09:00,0.2678,0.2688,0.2676,0.2688,147631.9
2025-04-16 13:45:00+09:00,0.2687,0.2687,0.2681,0.2687,29445.0
2025-04-16 13:50:00+09:00,0.2685,0.269,0.2683,0.2688,69671.6
2025-04-16 13:55:00+09:00,0.2687,0.2697,0.2687,0.2696,7084.7
2025-04-16 14:00:00+09:00,0.2695,0.2711,0.2695,0.2711,65635.4
2025-04-16 14:05:00+09:00,0.2711,0.2726,0.2711,0.2721,107700.9
2025-04-16 14:10:00+09:00,0.2721,0.2729,0.2718,0.2722,58686.5
2025-04-16 14:15:00+09:00,0.2723,0.2735,0.2718,0.2724,80499.2
2025-04-16 14:20:00+09:00,0.2724,0.2724,0.269,0.2697,87380.7
2025-04-16 14:25:00+09:00,0.2699,0.2712,0.2697,0.2711,28374.3
2025-04-16 14:30:00+09:00,0.2708,0.2709,0.2693,0.2694,27428.0
2025-04-16 14:35:00+09:00,0.2694,0.2709,0.2692,0.27,165392.7
2025-04-16 14:40:00+09:00,0.2699,0.2702,0.2692,0.2696,19022.4
2025-04-16 14:45:00+09:00,0.2696,0.2704,0.2691,0.2691,51344.2
2025-04-16 14:50:00+09:00,0.269,0.2691,0.2686,0.2686,10327.4
2025-04-16 14:55:00+09:00,0.2685,0.269,0.268,0.2684,48286.0
2025-04-16 15:00:00+09:00,0.2683,0.2688,0.2675,0.2676,37355.3
2025-04-16 15:05:00+09:00,0.2674,0.2678,0.2667,0.2668,19529.7
2025-04-16 15:10:00+09:00,0.2667,0.2681,0.2664,0.2679,26513.4
2025-04-16 15:15:00+09:00,0.268,0.2682,0.2671,0.2671,20428.5
2025-04-16 15:20:00+09:00,0.2671,0.268,0.2667,0.2678,98177.5
2025-04-16 15:25:00+09:00,0.2678,0.2686,0.2676,0.2676,63443.8
2025-04-16 15:30:00+09:00,0.2676,0.2695,0.2676,0.2695,44361.0
2025-04-16 15:35:00+09:00,0.2694,0.2695,0.2687,0.2695,13189.0
2025-04-16 15:40:00+09:00,0.2694,0.2699,0.2691,0.2691,39607.2
2025-04-16 15:45:00+09:00,0.2691,0.2695,0.2675,0.2683,138065.0
2025-04-16 15:50:00+09:00,0.2682,0.2682,0.2653,0.2669,546864.0
2025-04-16 15:55:00+09:00,0.2667,0.2669,0.2662,0.2667,21062.8
2025-04-16 16:00:00+09:00,0.2668,0.2673,0.265,0.2656,195686.4
2025-04-16 16:05:00+09:00,0.2656,0.266,0.2642,0.2642,495459.7
2025-04-16 16:10:00+09:00,0.2642,0.2648,0.264,0.2648,332056.5
2025-04-16 16:15:00+09:00,0.2648,0.2654,0.2642,0.2651,80715.7
2025-04-16 16:20:00+09:00,0.265,0.2653,0.2628,0.263,371758.8
2025-04-16 16:25:00+09:00,0.263,0.2646,0.2629,0.2641,108201.1
2025-04-16 16:30:00+09:00,0.2641,0.2648,0.2636,0.2638,135358.0
2025-04-16 16:35:00+09:00,0.2638,0.2639,0.2628,0.263,127236.4
2025-04-16 16:40:00+09:00,0.263,0.2644,0.263,0.2641,86632.1
2025-04-16 16:45:00+09:00,0.264,0.264,0.2633,0.2635,24675.6
2025-04-16 16:50:00+09:00,0.2637,0.265,0.2637,0.2648,39394.7
2025-04-16 16:55:00+09:00,0.2648,0.2648,0.2637,0.2641,42179.4
2025-04-16 17:00:00+09:00,0.2641,0.2644,0.2631,0.2634,116946.5
2025-04-16 17:05:00+09:00,0.2634,0.2643,0.2626,0.2629,55012.8
2025-04-16 17:10:00+09:00,0.2628,0.2628,0.2611,0.2617,246865.4
2025-04-16 17:15:00+09:00,0.2616,0.2624,0.2613,0.2621,92976.4
2025-04-16 17:20:00+09:00,0.2621,0.2626,0.2619,0.2624,48491.1
2025-04-16 17:25:00+09:00,0.2624,0.2646,0.2621,0.2636,205758.8
2025-04-16 17:30:00+09:00,0.2636,0.2659,0.2636,0.2656,146171.2
2025-04-16 17:35:00+09:00,0.2656,0.2656,0.2649,0.2652,39117.5
2025-04-16 17:40:00+09:00,0.2651,0.2667,0.2648,0.2655,45847.1
2025-04-16 17:45:00+09:00,0.2654,0.2659,0.2652,0.2655,74836.2
2025-04-16 17:50:00+09:00,0.2655,0.2658,0.2648,0.2649,49038.6
2025-04-16 17:55:00+09:00,0.2648,0.2649,0.2639,0.2644,48438.1
2025-04-16 18:00:00+09:00,0.2645,0.2645,0.2634,0.2635,66520.8
2025-04-16 18:05:00+09:00,0.2635,0.2637,0.2631,0.2632,21363.2
2025-04-16 18:10:00+09:00,0.2632,0.2632,0.2627,0.2631,43157.0
2025-04-16 18:15:00+09:00,0.263,0.2635,0.2625,0.2628,26131.5
2025-04-16 18:20:00+09:00,0.2628,0.2629,0.2623,0.2626,21269.5
2025-04-16 18:25:00+09:00,0.2627,0.2639,0.2627,0.2631,15137.2
2025-04-16 18:30:00+09:00,0.2634,0.2636,0.2626,0.2631,26597.6
2025-04-16 18:35:00+09:00,0.2631,0.2634,0.2629,0.2633,39806.1
2025-04-16 18:40:00+09:00,0.2632,0.2639,0.2627,0.2629,79742.7
2025-04-16 18:45:00+09:00,0.2628,0.2631,0.2611,0.2617,145172.5
2025-04-16 18:50:00+09:00,0.262,0.2626,0.262,0.2624,11951.8
2025-04-16 18:55:00+09:00,0.2623,0.2625,0.2617,0.2619,35058.5
2025-04-16 19:00:00+09:00,0.2618,0.2629,0.2616,0.2629,29566.8
2025-04-16 19:05:00+09:00,0.2631,0.2638,0.2629,0.2633,32593.6
2025-04-16 19:10:00+09:00,0.2634,0.2644,0.2634,0.264,15694.5
2025-04-16 19:15:00+09:00,0.2638,0.2638,0.2629,0.2636,92918.4
2025-04-16 19:20:00+09:00,0.2637,0.2637,0.2622,0.2628,154860.3
2025-04-16 19:25:00+09:00,0.2628,0.2634,0.2627,0.2633,40854.8
2025-04-16 19:30:00+09:00,0.2632,0.2633,0.2627,0.2629,80992.8
2025-04-16 19:35:00+09:00,0.2629,0.2631,0.2624,0.2625,55680.2
2025-04-16 19:40:00+09:00,0.2625,0.2628,0.2622,0.2623,59612.8
2025-04-16 19:45:00+09:00,0.2624,0.2632,0.2622,0.263,155694.6
2025-04-16 19:50:00+09:00,0.263,0.2639,0.2624,0.2624,121444.0
2025-04-16 19:55:00+09:00,0.2625,0.2626,0.2615,0.2619,80414.3
2025-04-16 20:00:00+09:00,0.2621,0.2637,0.2621,0.2635,145712.7
2025-04-16 20:05:00+09:00,0.2634,0.2637,0.2625,0.2637,88161.7
2025-04-16 20:10:00+09:00,0.2636,0.2636,0.2622,0.2624,369799.2
2025-04-16 20:15:00+09:00,0.2625,0.2633,0.2623,0.2631,39569.7
2025-04-16 20:20:00+09:00,0.263,0.263,0.2616,0.2617,83643.7
2025-04-16 20:25:00+09:00,0.2617,0.2617,0.2607,0.2611,132559.9
2025-04-16 20:30:00+09:00,0.261,0.2611,0.2593,0.2598,232104.3
2025-04-16 20:35:00+09:00,0.2598,0.2616,0.2592,0.2604,635839.8
2025-04-16 20:40:00+09:00,0.2605,0.262,0.2605,0.2614,105178.6
2025-04-16 20:45:00+09:00,0.2614,0.262,0.2603,0.2615,411818.8
2025-04-16 20:50:00+09:00,0.2616,0.262,0.2613,0.2615,80581.2
2025-04-16 20:55:00+09:00,0.2614,0.2622,0.2612,0.2622,63237.5
2025-04-16 21:00:00+09:00,0.2621,0.2625,0.2606,0.2612,229570.6
2025-04-16 21:05:00+09:00,0.2613,0.2618,0.2608,0.2617,44987.2
2025-04-16 21:10:00+09:00,0.2617,0.2617,0.2611,0.2612,53893.5
2025-04-16 21:15:00+09:00,0.2612,0.2615,0.2608,0.2614,63928.4
2025-04-16 21:20:00+09:00,0.2613,0.2617,0.2611,0.2613,84989.5
2025-04-16 21:25:00+09:00,0.2614,0.2621,0.2612,0.2612,46082.8
2025-04-16 21:30:00+09:00,0.2612,0.2614,0.2598,0.2601,77169.7
2025-04-16 21:35:00+09:00,0.2602,0.2612,0.26,0.2602,70487.8
2025-04-16 21:40:00+09:00,0.2601,0.2601,0.2571,0.2578,325078.8
2025-04-16 21:45:00+09:00,0.2578,0.2581,0.2564,0.2568,112231.5
2025-04-16 21:50:00+09:00,0.2568,0.2573,0.2558,0.2563,82342.8
2025-04-16 21:55:00+09:00,0.2564,0.2572,0.2564,0.2565,60989.4
2025-04-16 22:00:00+09:00,0.2565,0.2569,0.2559,0.2569,51403.0
2025-04-16 22:05:00+09:00,0.2569,0.2576,0.2567,0.2569,52481.2
2025-04-16 22:10:00+09:00,0.257,0.2571,0.2564,0.2567,37898.8
2025-04-16 22:15:00+09:00,0.2569,0.2578,0.2561,0.2561,258975.8
2025-04-16 22:20:00+09:00,0.2561,0.2561,0.2539,0.2543,342775.8
2025-04-16 22:25:00+09:00,0.2543,0.2545,0.2535,0.2543,145875.6
2025-04-16 22:30:00+09:00,0.2544,0.2551,0.2533,0.255,111824.6
2025-04-16 22:35:00+09:00,0.2552,0.2563,0.2547,0.2559,95098.7
2025-04-16 22:40:00+09:00,0.2557,0.2562,0.2548,0.2551,66364.0
2025-04-16 22:45:00+09:00,0.255,0.2555,0.2543,0.2553,66641.0
2025-04-16 22:50:00+09:00,0.2552,0.2554,0.2537,0.2542,50105.1
2025-04-16 22:55:00+09:00,0.254,0.2552,0.2537,0.254,35005.3
2025-04-16 23:00:00+09:00,0.2539,0.2555,0.2536,0.2555,97729.8
2025-04-16 23:05:00+09:00,0.2555,0.2573,0.2555,0.2573,69407.2
2025-04-16 23:10:00+09:00,0.2574,0.2578,0.2565,0.2565,69368.4
2025-04-16 23:15:00+09:00,0.2566,0.2566,0.2547,0.2553,84353.1
2025-04-16 23:20:00+09:00,0.2552,0.2589,0.2552,0.2588,56766.6
2025-04-16 23:25:00+09:00,0.2589,0.2602,0.258,0.2585,182144.2
2025-04-16 23:30:00+09:00,0.2586,0.2604,0.2586,0.2601,99555.6
2025-04-16 23:35:00+09:00,0.2602,0.2613,0.2581,0.2588,150566.7
2025-04-16 23:40:00+09:00,0.2588,0.2602,0.2588,0.26,55727.6
2025-04-16 23:45:00+09:00,0.2599,0.2602,0.2588,0.2588,67593.7
2025-04-16 23:50:00+09:00,0.2588,0.2602,0.2583,0.2592,61383.4
2025-04-16 23:55:00+09:00,0.2592,0.2596,0.258,0.2582,53800.2
2025-04-17 00:00:00+09:00,0.2583,0.2588,0.258,0.2584,69920.4
2025-04-17 00:05:00+09:00,0.2584,0.2591,0.258,0.2587,46514.8
2025-04-17 00:10:00+09:00,0.2587,0.2591,0.2577,0.2579,164355.3
2025-04-17 00:15:00+09:00,0.2579,0.2587,0.2575,0.2584,92815.3
2025-04-17 00:20:00+09:00,0.2584,0.2597,0.2569,0.2581,681648.3
2025-04-17 00:25:00+09:00,0.2581,0.2601,0.2576,0.2579,1297402.9
2025-04-17 00:30:00+09:00,0.258,0.2581,0.2556,0.2562,181166.0
2025-04-17 00:35:00+09:00,0.2562,0.2573,0.2562,0.2565,184834.5
2025-04-17 00:40:00+09:00,0.2564,0.2568,0.2546,0.2547,205825.8
2025-04-17 00:45:00+09:00,0.2549,0.2551,0.2541,0.2541,213043.5
2025-04-17 00:50:00+09:00,0.2541,0.255,0.254,0.2542,164092.2
2025-04-17 00:55:00+09:00,0.254,0.2544,0.2536,0.2544,141555.5
2025-04-17 01:00:00+09:00,0.2543,0.2544,0.2533,0.2541,287044.6
2025-04-17 01:05:00+09:00,0.254,0.2548,0.2531,0.2546,193681.1
2025-04-17 01:10:00+09:00,0.2547,0.2553,0.2541,0.2543,265401.0
2025-04-17 01:15:00+09:00,0.2544,0.2545,0.2527,0.2533,164106.7
2025-04-17 01:20:00+09:00,0.2533,0.2538,0.252,0.2529,209735.3
2025-04-17 01:25:00+09:00,0.2529,0.2536,0.2529,0.2531,96460.1
2025-04-17 01:30:00+09:00,0.2531,0.2532,0.25,0.2505,537382.7
2025-04-17 01:35:00+09:00,0.2505,0.2509,0.248,0.2488,215283.6
2025-04-17 01:40:00+09:00,0.2487,0.2497,0.2484,0.2492,92041.4
2025-04-17 01:45:00+09:00,0.2492,0.2493,0.2474,0.2484,207126.6
2025-04-17 01:50:00+09:00,0.2484,0.2501,0.2481,0.25,60107.5
2025-04-17 01:55:00+09:00,0.25,0.2508,0.2481,0.2488,409778.7
2025-04-17 02:00:00+09:00,0.2487,0.2504,0.2484,0.2504,318914.6
2025-04-17 02:05:00+09:00,0.2504,0.2508,0.2498,0.2506,97548.0
2025-04-17 02:10:00+09:00,0.2507,0.2531,0.2507,0.2523,72709.3
2025-04-17 02:15:00+09:00,0.2524,0.2556,0.2524,0.2556,66013.1
2025-04-17 02:20:00+09:00,0.2555,0.2563,0.2542,0.2542,188301.4
2025-04-17 02:25:00+09:00,0.2543,0.2543,0.2514,0.2517,417339.8
2025-04-17 02:30:00+09:00,0.2519,0.2528,0.2492,0.2497,636839.0
2025-04-17 02:35:00+09:00,0.2498,0.2518,0.2498,0.2503,46805.6
2025-04-17 02:40:00+09:00,0.2504,0.2504,0.2478,0.2489,160143.5
2025-04-17 02:45:00+09:00,0.2488,0.2489,0.2462,0.247,179134.9
2025-04-17 02:50:00+09:00,0.2469,0.2469,0.2446,0.2453,288916.5
2025-04-17 02:55:00+09:00,0.2454,0.2454,0.2414,0.2426,479901.8
2025-04-17 03:00:00+09:00,0.2426,0.2446,0.2421,0.2446,240715.2
2025-04-17 03:05:00+09:00,0.2449,0.2461,0.2434,0.2447,169179.9
2025-04-17 03:10:00+09:00,0.2446,0.2472,0.2446,0.2469,412498.2
2025-04-17 03:15:00+09:00,0.2468,0.2469,0.2453,0.2467,70300.9
2025-04-17 03:20:00+09:00,0.2467,0.2489,0.2462,0.2481,94535.7
2025-04-17 03:25:00+09:00,0.2481,0.2512,0.248,0.2504,340777.7
2025-04-17 03:30:00+09:00,0.2504,0.2506,0.2484,0.2491,214981.8
2025-04-17 03:35:00+09:00,0.249,0.249,0.2465,0.247,108236.8
2025-04-17 03:40:00+09:00,0.2471,0.2475,0.2453,0.246,174281.1
2025-04-17 03:45:00+09:00,0.2461,0.2462,0.2448,0.2458,159604.8
2025-04-17 03:50:00+09:00,0.2461,0.2466,0.2455,0.246,66695.5
2025-04-17 03:55:00+09:00,0.2459,0.2465,0.2451,0.2454,259039.4
2025-04-17 04:00:00+09:00,0.2455,0.2468,0.2448,0.2454,120826.6
2025-04-17 04:05:00+09:00,0.2453,0.2458,0.2443,0.2445,41205.1
2025-04-17 04:10:00+09:00,0.2444,0.245,0.2432,0.2449,60829.7
2025-04-17 04:15:00+09:00,0.2449,0.246,0.2446,0.2448,86969.8
2025-04-17 04:20:00+09:00,0.2447,0.2452,0.2438,0.244,72247.6
2025-04-17 04:25:00+09:00,0.2441,0.2453,0.244,0.2452,52769.8
2025-04-17 04:30:00+09:00,0.2453,0.2454,0.244,0.2453,240863.6
2025-04-17 04:35:00+09:00,0.2453,0.247,0.2449,0.2465,128689.4
2025-04-17 04:40:00+09:00,0.2465,0.2468,0.2438,0.2446,631828.4
2025-04-17 04:45:00+09:00,0.2445,0.2461,0.2443,0.246,298623.8
2025-04-17 04:50:00+09:00,0.2462,0.2489,0.2462,0.2487,341359.3
2025-04-17 04:55:00+09:00,0.2486,0.249,0.2469,0.2469,304572.4
2025-04-17 05:00:00+09:00,0.2468,0.248,0.2466,0.247,229624.6
2025-04-17 05:05:00+09:00,0.247,0.248,0.2466,0.2474,177639.8
2025-04-17 05:10:00+09:00,0.2475,0.2476,0.2461,0.2467,129487.8
2025-04-17 05:15:00+09:00,0.247,0.2482,0.2469,0.2478,73103.0
2025-04-17 05:20:00+09:00,0.2479,0.2493,0.2477,0.2477,75986.7
2025-04-17 05:25:00+09:00,0.2476,0.248,0.2469,0.2471,44070.8
2025-04-17 05:30:00+09:00,0.247,0.2471,0.2454,0.2454,54129.1
2025-04-17 05:35:00+09:00,0.2452,0.2454,0.2443,0.2446,49094.1
2025-04-17 05:40:00+09:00,0.2446,0.2446,0.2436,0.244,94116.1
2025-04-17 05:45:00+09:00,0.244,0.2441,0.243,0.2432,33071.2
2025-04-17 05:50:00+09:00,0.2431,0.2434,0.2423,0.2423,39493.8
2025-04-17 05:55:00+09:00,0.2422,0.2424,0.2414,0.2424,72842.1
2025-04-17 06:00:00+09:00,0.2424,0.2447,0.2423,0.2431,341557.1
2025-04-17 06:05:00+09:00,0.243,0.2433,0.2426,0.2432,84028.2
2025-04-17 06:10:00+09:00,0.2433,0.2436,0.2425,0.2431,113186.1
2025-04-17 06:15:00+09:00,0.243,0.2444,0.2424,0.2441,118035.7
2025-04-17 06:20:00+09:00,0.2444,0.2456,0.2435,0.2453,66879.7
2025-04-17 06:25:00+09:00,0.2454,0.2469,0.2451,0.2451,109732.3
2025-04-17 06:30:00+09:00,0.245,0.2469,0.245,0.2459,36459.0
2025-04-17 06:35:00+09:00,0.2461,0.2462,0.2448,0.2453,64027.8
2025-04-17 06:40:00+09:00,0.2452,0.2458,0.2447,0.2456,25730.4
2025-04-17 06:45:00+09:00,0.2454,0.2467,0.2453,0.2467,96634.7
2025-04-17 06:50:00+09:00,0.2468,0.2486,0.2465,0.2485,74345.8
2025-04-17 06:55:00+09:00,0.2483,0.2494,0.2479,0.2484,90767.0
2025-04-17 07:00:00+09:00,0.2485,0.2489,0.2481,0.2486,33080.3
2025-04-17 07:05:00+09:00,0.2486,0.2503,0.2486,0.2497,47111.2
2025-04-17 07:10:00+09:00,0.2498,0.2499,0.249,0.2493,44072.3
2025-04-17 07:15:00+09:00,0.2492,0.2498,0.2492,0.2496,42903.5
2025-04-17 07:20:00+09:00,0.2497,0.2501,0.2473,0.2476,113892.7
2025-04-17 07:25:00+09:00,0.2475,0.2482,0.2468,0.2472,41963.7
2025-04-17 07:30:00+09:00,0.2472,0.2483,0.2472,0.2481,18183.5
2025-04-17 07:35:00+09:00,0.2481,0.2505,0.2481,0.2505,31260.9
2025-04-17 07:40:00+09:00,0.2505,0.2505,0.2492,0.2493,117302.0
2025-04-17 07:45:00+09:00,0.2493,0.2495,0.2491,0.2493,17239.8
2025-04-17 07:50:00+09:00,0.2493,0.2493,0.2486,0.2486,44150.9
2025-04-17 07:55:00+09:00,0.2486,0.2486,0.2464,0.2467,52752.0
2025-04-17 08:00:00+09:00,0.2467,0.2473,0.2464,0.2471,46686.3
2025-04-17 08:05:00+09:00,0.2471,0.2473,0.2451,0.2455,71039.1
2025-04-17 08:10:00+09:00,0.2455,0.247,0.2453,0.2459,131525.7
2025-04-17 08:15:00+09:00,0.2458,0.2462,0.2457,0.2459,79678.3
2025-04-17 08:20:00+09:00,0.2458,0.2461,0.2457,0.2459,80507.6
2025-04-17 08:25:00+09:00,0.246,0.2469,0.2459,0.2467,39362.3
2025-04-17 08:30:00+09:00,0.2467,0.2469,0.2463,0.2465,66641.7
2025-04-17 08:35:00+09:00,0.2466,0.2472,0.2459,0.2465,63585.1
2025-04-17 08:40:00+09:00,0.2464,0.2464,0.2455,0.2457,50477.3
2025-04-17 08:45:00+09:00,0.2456,0.2468,0.2456,0.2468,26402.6
2025-04-17 08:50:00+09:00,0.2467,0.2467,0.2454,0.2465,248876.4
2025-04-17 08:55:00+09:00,0.2465,0.2468,0.2457,0.2466,71025.7
2025-04-17 09:00:00+09:00,0.2465,0.2465,0.2442,0.2452,246548.2
2025-04-17 09:05:00+09:00,0.2453,0.2453,0.2421,0.2434,128641.7
2025-04-17 09:10:00+09:00,0.2433,0.2438,0.2406,0.2406,120190.6
2025-04-17 09:15:00+09:00,0.2406,0.2406,0.2346,0.2349,659744.2
2025-04-17 09:20:00+09:00,0.235,0.2385,0.235,0.2379,212154.8
2025-04-17 09:25:00+09:00,0.2382,0.2402,0.2382,0.2402,90992.7
2025-04-17 09:30:00+09:00,0.2402,0.2422,0.24,0.2407,275597.9
2025-04-17 09:35:00+09:00,0.2408,0.2439,0.2401,0.2434,155822.5
2025-04-17 09:40:00+09:00,0.2434,0.2437,0.2413,0.242,72774.9
2025-04-17 09:45:00+09:00,0.2422,0.2424,0.2406,0.241,45188.0
2025-04-17 09:50:00+09:00,0.2413,0.2425,0.2411,0.242,48962.9
2025-04-17 09:55:00+09:00,0.242,0.2433,0.2419,0.2433,230288.9
2025-04-17 10:00:00+09:00,0.2433,0.2439,0.2432,0.2439,31604.1
2025-04-17 10:05:00+09:00,0.244,0.2444,0.2433,0.2438,28650.4
2025-04-17 10:10:00+09:00,0.2438,0.2446,0.2432,0.2445,28761.3
2025-04-17 10:15:00+09:00,0.2446,0.2453,0.2445,0.2449,10270.4
2025-04-17 10:20:00+09:00,0.2449,0.245,0.2436,0.2437,31653.3
2025-04-17 10:25:00+09:00,0.2437,0.2437,0.2417,0.2422,57609.0
2025-04-17 10:30:00+09:00,0.2422,0.243,0.2415,0.2421,93425.4
2025-04-17 10:35:00+09:00,0.2421,0.2425,0.2406,0.2407,81987.8
2025-04-17 10:40:00+09:00,0.2407,0.2416,0.2407,0.2408,60272.2
2025-04-17 10:45:00+09:00,0.2408,0.241,0.2396,0.2398,40491.1
2025-04-17 10:50:00+09:00,0.24,0.24,0.2391,0.2396,74393.6
2025-04-17 10:55:00+09:00,0.2396,0.24,0.2393,0.2393,90082.3
2025-04-17 11:00:00+09:00,0.2392,0.2397,0.2382,0.2388,60875.2
2025-04-17 11:05:00+09:00,0.2388,0.2395,0.2384,0.2392,30473.2
2025-04-17 11:10:00+09:00,0.2391,0.2397,0.2379,0.2385,69599.8
2025-04-17 11:15:00+09:00,0.2382,0.2389,0.2379,0.2384,35319.4
2025-04-17 11:20:00+09:00,0.2385,0.2398,0.2385,0.2395,36535.0
2025-04-17 11:25:00+09:00,0.2395,0.2419,0.2391,0.2414,74800.3
2025-04-17 11:30:00+09:00,0.2415,0.2418,0.2411,0.2411,46177.1
2025-04-17 11:35:00+09:00,0.2409,0.241,0.2401,0.2402,132267.5
2025-04-17 11:40:00+09:00,0.2401,0.2403,0.2398,0.24,19829.5
2025-04-17 11:45:00+09:00,0.2401,0.2414,0.2401,0.2405,25942.7
2025-04-17 11:50:00+09:00,0.2405,0.2406,0.2393,0.2398,72563.5
2025-04-17 11:55:00+09:00,0.2398,0.2398,0.2392,0.2393,11796.4
2025-04-17 12:00:00+09:00,0.2394,0.2397,0.2388,0.2396,19981.9
2025-04-17 12:05:00+09:00,0.2397,0.2401,0.2393,0.2397,21781.4
2025-04-17 12:10:00+09:00,0.2397,0.2403,0.2395,0.2403,11405.4
2025-04-17 12:15:00+09:00,0.2405,0.241,0.2405,0.2406,23349.9
2025-04-17 12:20:00+09:00,0.2406,0.2407,0.2402,0.2404,36705.6
2025-04-17 12:25:00+09:00,0.2402,0.2405,0.2397,0.2402,29450.4
2025-04-17 12:30:00+09:00,0.2402,0.241,0.2402,0.2407,23859.4
2025-04-17 12:35:00+09:00,0.2407,0.2409,0.2401,0.2406,72920.7
2025-04-17 12:40:00+09:00,0.2405,0.2414,0.2402,0.241,48940.4
2025-04-17 12:45:00+09:00,0.241,0.241,0.2398,0.2407,34379.0
2025-04-17 12:50:00+09:00,0.2407,0.2407,0.2393,0.2398,37863.5
2025-04-17 12:55:00+09:00,0.2398,0.2404,0.2394,0.2404,47882.4
2025-04-17 13:00:00+09:00,0.2403,0.2403,0.2383,0.2392,205618.4
2025-04-17 13:05:00+09:00,0.2391,0.2396,0.2387,0.2395,14576.8
2025-04-17 13:10:00+09:00,0.2395,0.2401,0.2389,0.2391,20704.4
2025-04-17 13:15:00+09:00,0.2391,0.2396,0.239,0.2396,9502.2
2025-04-17 13:20:00+09:00,0.2397,0.2399,0.2396,0.2397,14476.7
2025-04-17 13:25:00+09:00,0.2398,0.2407,0.2397,0.2405,34718.4
2025-04-17 13:30:00+09:00,0.2405,0.2415,0.2405,0.2409,93941.7
2025-04-17 13:35:00+09:00,0.241,0.2415,0.2408,0.2415,109710.4
2025-04-17 13:40:00+09:00,0.2416,0.2437,0.2415,0.2431,192708.0
2025-04-17 13:45:00+09:00,0.2431,0.2435,0.2428,0.2434,35182.8
2025-04-17 13:50:00+09:00,0.2436,0.2457,0.2433,0.2454,172186.9
2025-04-17 13:55:00+09:00,0.2451,0.2454,0.2423,0.2431,579200.5
2025-04-17 14:00:00+09:00,0.2431,0.2443,0.2421,0.2443,717222.1
2025-04-17 14:05:00+09:00,0.2442,0.2466,0.2431,0.2453,764170.2
2025-04-17 14:10:00+09:00,0.2452,0.2473,0.2451,0.2473,88328.9
2025-04-17 14:15:00+09:00,0.2472,0.2497,0.2472,0.2497,138639.1
2025-04-17 14:20:00+09:00,0.2497,0.2542,0.2494,0.2532,869707.0
2025-04-17 14:25:00+09:00,0.2532,0.2548,0.2507,0.2519,280374.8
2025-04-17 14:30:00+09:00,0.2519,0.2531,0.2513,0.2522,157212.2
2025-04-17 14:35:00+09:00,0.2522,0.2544,0.2507,0.2507,515453.0
2025-04-17 14:40:00+09:00,0.2507,0.253,0.2506,0.2526,438259.6
2025-04-17 14:45:00+09:00,0.2527,0.2527,0.247,0.2479,1560209.7
2025-04-17 14:50:00+09:00,0.248,0.2486,0.2459,0.2484,635463.9
2025-04-17 14:55:00+09:00,0.2484,0.249,0.2451,0.2458,918012.5
2025-04-17 15:00:00+09:00,0.2457,0.247,0.2455,0.247,137727.7
2025-04-17 15:05:00+09:00,0.2469,0.2492,0.2469,0.2485,299671.4
2025-04-17 15:10:00+09:00,0.2486,0.249,0.248,0.249,64245.9
2025-04-17 15:15:00+09:00,0.249,0.2493,0.2484,0.2493,124400.6
2025-04-17 15:20:00+09:00,0.2493,0.2503,0.2493,0.2503,153915.6
2025-04-17 15:25:00+09:00,0.2505,0.2511,0.2497,0.2502,142649.2
2025-04-17 15:30:00+09:00,0.2502,0.2512,0.2498,0.2499,217327.1
2025-04-17 15:35:00+09:00,0.2498,0.2504,0.2497,0.2503,95259.1
2025-04-17 15:40:00+09:00,0.2503,0.2505,0.2486,0.2492,103140.6
2025-04-17 15:45:00+09:00,0.249,0.2496,0.2486,0.2489,106108.6
2025-04-17 15:50:00+09:00,0.2487,0.2498,0.2486,0.2496,72979.0
2025-04-17 15:55:00+09:00,0.2496,0.2501,0.2493,0.2497,111887.0
2025-04-17 16:00:00+09:00,0.2498,0.2517,0.2495,0.2511,107092.8
2025-04-17 16:05:00+09:00,0.251,0.2525,0.251,0.2521,38678.8
2025-04-17 16:10:00+09:00,0.252,0.2521,0.2507,0.2509,83074.9
2025-04-17 16:15:00+09:00,0.2509,0.2518,0.2509,0.2515,60893.9
2025-04-17 16:20:00+09:00,0.2516,0.2518,0.2478,0.248,699438.1
2025-04-17 16:25:00+09:00,0.248,0.2482,0.2469,0.2476,439208.2
2025-04-17 16:30:00+09:00,0.2477,0.2478,0.2468,0.2468,146990.4
2025-04-17 16:35:00+09:00,0.2467,0.2474,0.2465,0.2468,34035.6
2025-04-17 16:40:00+09:00,0.2469,0.2469,0.2463,0.2468,53423.3
2025-04-17 16:45:00+09:00,0.2468,0.2475,0.2464,0.2464,107546.0
2025-04-17 16:50:00+09:00,0.2464,0.2468,0.2462,0.2466,59652.4
2025-04-17 16:55:00+09:00,0.2467,0.2472,0.2467,0.2472,41043.7
2025-04-17 17:00:00+09:00,0.2472,0.2472,0.2441,0.2463,358607.5
2025-04-17 17:05:00+09:00,0.2462,0.2473,0.246,0.247,77804.7
2025-04-17 17:10:00+09:00,0.247,0.2476,0.2446,0.2453,424160.3
2025-04-17 17:15:00+09:00,0.2453,0.2461,0.2451,0.2461,32427.8
2025-04-17 17:20:00+09:00,0.2461,0.2462,0.2449,0.2455,135025.5
2025-04-17 17:25:00+09:00,0.2456,0.246,0.245,0.246,37256.6
2025-04-17 17:30:00+09:00,0.2459,0.2467,0.2455,0.2463,113385.8
2025-04-17 17:35:00+09:00,0.2465,0.2468,0.2416,0.2424,2386986.9
2025-04-17 17:40:00+09:00,0.2425,0.2425,0.2413,0.2421,436574.7
2025-04-17 17:45:00+09:00,0.2421,0.243,0.2412,0.2413,342960.7
2025-04-17 17:50:00+09:00,0.2413,0.2415,0.239,0.24,1359608.6
2025-04-17 17:55:00+09:00,0.24,0.2408,0.2399,0.2402,294222.5
2025-04-17 18:00:00+09:00,0.2403,0.2415,0.2402,0.2415,177634.5
2025-04-17 18:05:00+09:00,0.2414,0.2422,0.2399,0.2407,767298.7
2025-04-17 18:10:00+09:00,0.2407,0.2409,0.2402,0.2407,71418.9
2025-04-17 18:15:00+09:00,0.2408,0.2408,0.2394,0.2402,440537.2
2025-04-17 18:20:00+09:00,0.2403,0.2406,0.2399,0.24,66188.7
2025-04-17 18:25:00+09:00,0.2401,0.2401,0.2392,0.2394,95805.4
2025-04-17 18:30:00+09:00,0.2395,0.2405,0.2395,0.2405,111038.8
2025-04-17 18:35:00+09:00,0.2405,0.2414,0.2403,0.2414,59708.7
2025-04-17 18:40:00+09:00,0.2413,0.2414,0.2406,0.2407,64393.2
2025-04-17 18:45:00+09:00,0.2408,0.241,0.2405,0.2408,79572.6
2025-04-17 18:50:00+09:00,0.2408,0.241,0.2405,0.2407,156288.6
2025-04-17 18:55:00+09:00,0.2406,0.2412,0.2404,0.2406,183998.7
2025-04-17 19:00:00+09:00,0.2406,0.2408,0.2395,0.2395,146917.8
2025-04-17 19:05:00+09:00,0.2393,0.2397,0.2385,0.239,221791.5
2025-04-17 19:10:00+09:00,0.239,0.2392,0.2382,0.2385,222098.3
2025-04-17 19:15:00+09:00,0.2386,0.2391,0.238,0.2383,240217.7
2025-04-17 19:20:00+09:00,0.2382,0.2395,0.2381,0.2393,175246.9
2025-04-17 19:25:00+09:00,0.2392,0.2394,0.2383,0.2385,179980.3
2025-04-17 19:30:00+09:00,0.2386,0.2386,0.2367,0.2374,218620.3
2025-04-17 19:35:00+09:00,0.2374,0.2375,0.2364,0.2364,55394.7
2025-04-17 19:40:00+09:00,0.2364,0.2367,0.2349,0.2354,800289.9
2025-04-17 19:45:00+09:00,0.2354,0.2364,0.2346,0.2359,393882.4
2025-04-17 19:50:00+09:00,0.2358,0.2358,0.2345,0.2357,598951.5
2025-04-17 19:55:00+09:00,0.2358,0.2377,0.2356,0.2377,235624.0
2025-04-17 20:00:00+09:00,0.2377,0.2383,0.2376,0.2381,118847.1
2025-04-17 20:05:00+09:00,0.2382,0.2388,0.2379,0.238,160629.4
2025-04-17 20:10:00+09:00,0.238,0.2381,0.2366,0.2372,217478.9
2025-04-17 20:15:00+09:00,0.2372,0.2385,0.2368,0.2381,221991.2
2025-04-17 20:20:00+09:00,0.2381,0.2381,0.2369,0.2373,117411.9
2025-04-17 20:25:00+09:00,0.2372,0.2373,0.2353,0.2355,360830.8
2025-04-17 20:30:00+09:00,0.2356,0.2365,0.2355,0.236,163056.2
2025-04-17 20:35:00+09:00,0.236,0.236,0.2349,0.2354,269512.9
2025-04-17 20:40:00+09:00,0.2353,0.2362,0.235,0.236,138236.4
2025-04-17 20:45:00+09:00,0.2361,0.2376,0.2361,0.2375,168774.6
2025-04-17 20:50:00+09:00,0.2376,0.2378,0.2368,0.2372,323723.5
2025-04-17 20:55:00+09:00,0.2372,0.2376,0.2367,0.2372,90102.1
2025-04-17 21:00:00+09:00,0.2373,0.2377,0.2359,0.2365,446370.3
2025-04-17 21:05:00+09:00,0.2364,0.2375,0.236,0.2373,107752.5
2025-04-17 21:10:00+09:00,0.2373,0.2374,0.2362,0.2368,210735.8
2025-04-17 21:15:00+09:00,0.2368,0.2374,0.2368,0.2374,81786.9
2025-04-17 21:20:00+09:00,0.2375,0.2378,0.2371,0.2372,117511.2
2025-04-17 21:25:00+09:00,0.2373,0.2377,0.237,0.2377,58031.4
2025-04-17 21:30:00+09:00,0.2378,0.2378,0.2363,0.2374,169147.2
2025-04-17 21:35:00+09:00,0.2375,0.2379,0.237,0.2371,40950.8
2025-04-17 21:40:00+09:00,0.2371,0.2378,0.237,0.2376,62094.4
2025-04-17 21:45:00+09:00,0.2377,0.2388,0.2376,0.2387,115848.6
2025-04-17 21:50:00+09:00,0.2386,0.2392,0.2376,0.2377,221280.1
2025-04-17 21:55:00+09:00,0.2377,0.2377,0.2363,0.2366,131268.8
2025-04-17 22:00:00+09:00,0.2366,0.2371,0.2363,0.2371,124436.8
2025-04-17 22:05:00+09:00,0.237,0.2375,0.2356,0.236,285618.7
2025-04-17 22:10:00+09:00,0.236,0.2367,0.236,0.2364,96498.8
2025-04-17 22:15:00+09:00,0.2364,0.237,0.236,0.2365,101375.7
2025-04-17 22:20:00+09:00,0.2366,0.2371,0.2365,0.2366,48231.3
2025-04-17 22:25:00+09:00,0.2365,0.237,0.2362,0.237,65085.5
2025-04-17 22:30:00+09:00,0.237,0.2374,0.2362,0.2365,71743.2
2025-04-17 22:35:00+09:00,0.2364,0.2364,0.2348,0.2352,136278.0
2025-04-17 22:40:00+09:00,0.2352,0.2365,0.235,0.236,111113.2
2025-04-17 22:45:00+09:00,0.2361,0.2364,0.2356,0.2363,147764.8
2025-04-17 22:50:00+09:00,0.2363,0.2377,0.2362,0.2375,67844.6
2025-04-17 22:55:00+09:00,0.2375,0.2377,0.2366,0.237,70164.3
2025-04-17 23:00:00+09:00,0.237,0.2373,0.2359,0.2361,38444.7
2025-04-17 23:05:00+09:00,0.2361,0.2365,0.2353,0.2358,108871.2
2025-04-17 23:10:00+09:00,0.2359,0.2369,0.2359,0.2365,55788.3
2025-04-17 23:15:00+09:00,0.2365,0.2368,0.2355,0.2358,85743.0
2025-04-17 23:20:00+09:00,0.2358,0.2359,0.235,0.2351,106800.2
2025-04-17 23:25:00+09:00,0.2354,0.2358,0.2341,0.2345,157071.8
2025-04-17 23:30:00+09:00,0.2345,0.2345,0.2324,0.2326,230684.0
2025-04-17 23:35:00+09:00,0.2327,0.2337,0.2325,0.233,175232.7
2025-04-17 23:40:00+09:00,0.2329,0.2337,0.2329,0.2334,118865.7
2025-04-17 23:45:00+09:00,0.2338,0.2341,0.2331,0.2337,40351.6
2025-04-17 23:50:00+09:00,0.2336,0.2338,0.2334,0.2337,40107.0
2025-04-17 23:55:00+09:00,0.2338,0.234,0.2332,0.2332,28376.4
2025-04-18 00:00:00+09:00,0.2334,0.2347,0.2331,0.2344,70241.2
2025-04-18 00:05:00+09:00,0.2344,0.2368,0.2344,0.2365,126869.7
2025-04-18 00:10:00+09:00,0.2364,0.2374,0.2356,0.2359,99990.6
2025-04-18 00:15:00+09:00,0.2359,0.2359,0.2349,0.2356,74063.7
2025-04-18 00:20:00+09:00,0.2354,0.2354,0.233,0.2338,190026.5
2025-04-18 00:25:00+09:00,0.2336,0.2341,0.2332,0.2335,31550.1
2025-04-18 00:30:00+09:00,0.2336,0.234,0.2334,0.2338,42375.6
2025-04-18 00:35:00+09:00,0.2338,0.2345,0.2336,0.2343,17786.0
2025-04-18 00:40:00+09:00,0.2344,0.2346,0.2341,0.2341,23997.3
2025-04-18 00:45:00+09:00,0.2342,0.2348,0.2341,0.2342,29975.8
2025-04-18 00:50:00+09:00,0.2342,0.2346,0.2337,0.2338,83235.3
2025-04-18 00:55:00+09:00,0.2338,0.234,0.233,0.2338,61051.0
2025-04-18 01:00:00+09:00,0.2337,0.2337,0.2314,0.2315,309782.6
2025-04-18 01:05:00+09:00,0.2314,0.2334,0.2314,0.2322,305064.5
2025-04-18 01:10:00+09:00,0.2323,0.2323,0.2304,0.2311,283276.4
2025-04-18 01:15:00+09:00,0.2313,0.2318,0.2307,0.2317,176381.2
2025-04-18 01:20:00+09:00,0.2316,0.234,0.2311,0.234,223530.2
2025-04-18 01:25:00+09:00,0.2342,0.2355,0.2342,0.235,233932.4
2025-04-18 01:30:00+09:00,0.235,0.2359,0.2348,0.2357,115914.5
2025-04-18 01:35:00+09:00,0.2358,0.2367,0.235,0.235,160166.4
2025-04-18 01:40:00+09:00,0.2349,0.2355,0.2348,0.2352,45636.7
2025-04-18 01:45:00+09:00,0.2353,0.2355,0.2347,0.2355,37735.6
2025-04-18 01:50:00+09:00,0.2356,0.2374,0.2356,0.2373,79765.2
2025-04-18 01:55:00+09:00,0.2373,0.2374,0.2364,0.2365,73880.0
2025-04-18 02:00:00+09:00,0.2364,0.2389,0.2363,0.2387,82339.2
2025-04-18 02:05:00+09:00,0.2387,0.24,0.2377,0.2397,120722.1
2025-04-18 02:10:00+09:00,0.2398,0.2401,0.239,0.2391,36488.6
2025-04-18 02:15:00+09:00,0.2391,0.2395,0.2382,0.2383,105207.9
2025-04-18 02:20:00+09:00,0.2383,0.2401,0.2377,0.2399,242752.4
2025-04-18 02:25:00+09:00,0.24,0.2403,0.2394,0.2396,62676.5
2025-04-18 02:30:00+09:00,0.2395,0.2404,0.2394,0.2404,39158.4
2025-04-18 02:35:00+09:00,0.2404,0.2406,0.2401,0.2405,46276.2
2025-04-18 02:40:00+09:00,0.2405,0.2416,0.2404,0.2414,146385.8
2025-04-18 02:45:00+09:00,0.2415,0.243,0.2414,0.2414,180997.6
2025-04-18 02:50:00+09:00,0.2412,0.2428,0.2406,0.2418,198627.6
2025-04-18 02:55:00+09:00,0.2417,0.242,0.241,0.2411,32686.4
2025-04-18 03:00:00+09:00,0.2411,0.2412,0.2399,0.2412,39422.1
2025-04-18 03:05:00+09:00,0.2413,0.242,0.2395,0.24,185567.1
2025-04-18 03:10:00+09:00,0.2399,0.2406,0.2395,0.2396,171736.5
2025-04-18 03:15:00+09:00,0.2395,0.2396,0.2388,0.2388,50403.9
2025-04-18 03:20:00+09:00,0.2388,0.2391,0.2368,0.2368,791468.1
2025-04-18 03:25:00+09:00,0.2368,0.2368,0.2354,0.2355,457140.2
2025-04-18 03:30:00+09:00,0.2355,0.2364,0.2349,0.2362,270813.2
2025-04-18 03:35:00+09:00,0.2361,0.2364,0.2343,0.2346,426722.8
2025-04-18 03:40:00+09:00,0.2346,0.2361,0.2346,0.2352,393491.8
2025-04-18 03:45:00+09:00,0.2351,0.2352,0.2335,0.2339,789709.1
2025-04-18 03:50:00+09:00,0.2338,0.2343,0.2333,0.2336,203232.1
2025-04-18 03:55:00+09:00,0.2336,0.234,0.2322,0.2322,166508.3
2025-04-18 04:00:00+09:00,0.2321,0.233,0.2319,0.232,296004.7
2025-04-18 04:05:00+09:00,0.232,0.2328,0.2316,0.2325,175585.3
2025-04-18 04:10:00+09:00,0.2325,0.2334,0.2324,0.2331,125125.5
2025-04-18 04:15:00+09:00,0.2331,0.2333,0.2311,0.2311,187745.5
2025-04-18 04:20:00+09:00,0.2311,0.2314,0.2305,0.2311,168721.1
2025-04-18 04:25:00+09:00,0.2312,0.2313,0.2298,0.23,233980.9
2025-04-18 04:30:00+09:00,0.2301,0.2305,0.2296,0.2298,63701.4
2025-04-18 04:35:00+09:00,0.2299,0.2312,0.2296,0.2309,94944.5
2025-04-18 04:40:00+09:00,0.231,0.2312,0.2306,0.2308,88663.1
2025-04-18 04:45:00+09:00,0.2309,0.2318,0.2309,0.2318,91593.4
2025-04-18 04:50:00+09:00,0.2318,0.2318,0.2309,0.2314,138088.4
2025-04-18 04:55:00+09:00,0.2314,0.2318,0.2312,0.2317,65753.0
2025-04-18 05:00:00+09:00,0.2316,0.2327,0.2314,0.2327,147515.8
2025-04-18 05:05:00+09:00,0.2327,0.2331,0.2322,0.2328,39632.6
2025-04-18 05:10:00+09:00,0.2328,0.2335,0.2328,0.2332,117326.5
2025-04-18 05:15:00+09:00,0.2333,0.2338,0.2331,0.2336,80033.1
2025-04-18 05:20:00+09:00,0.2336,0.2343,0.2333,0.2333,30486.9
2025-04-18 05:25:00+09:00,0.2334,0.2335,0.2328,0.2335,74627.0
2025-04-18 05:30:00+09:00,0.2334,0.2341,0.2333,0.2335,135264.8
2025-04-18 05:35:00+09:00,0.2333,0.2334,0.2328,0.2332,64596.3
2025-04-18 05:40:00+09:00,0.2332,0.2332,0.2327,0.233,82604.8
2025-04-18 05:45:00+09:00,0.2332,0.2338,0.233,0.2337,56175.5
2025-04-18 05:50:00+09:00,0.2338,0.2338,0.2333,0.2334,23787.0
2025-04-18 05:55:00+09:00,0.2334,0.2338,0.2332,0.2338,29573.8
2025-04-18 06:00:00+09:00,0.2338,0.2341,0.2335,0.234,63953.7
2025-04-18 06:05:00+09:00,0.234,0.2342,0.2337,0.2337,52878.3
2025-04-18 06:10:00+09:00,0.2337,0.2346,0.2336,0.2346,103670.0
2025-04-18 06:15:00+09:00,0.2346,0.2348,0.2342,0.2347,75985.3
2025-04-18 06:20:00+09:00,0.2347,0.2348,0.2333,0.2335,166071.0
2025-04-18 06:25:00+09:00,0.2335,0.2341,0.2332,0.234,109358.5
2025-04-18 06:30:00+09:00,0.2339,0.2349,0.2339,0.2342,40530.7
2025-04-18 06:35:00+09:00,0.2342,0.2346,0.2338,0.2346,51406.5
2025-04-18 06:40:00+09:00,0.2346,0.2346,0.2341,0.2344,40074.2
2025-04-18 06:45:00+09:00,0.2344,0.235,0.2344,0.235,95469.1
2025-04-18 06:50:00+09:00,0.235,0.2365,0.235,0.2361,387749.2
2025-04-18 06:55:00+09:00,0.2361,0.2369,0.2361,0.2363,76900.4
2025-04-18 07:00:00+09:00,0.2363,0.237,0.236,0.2368,248862.4
2025-04-18 07:05:00+09:00,0.2368,0.2375,0.2367,0.2373,97971.2
2025-04-18 07:10:00+09:00,0.2373,0.2377,0.237,0.2375,44468.2
2025-04-18 07:15:00+09:00,0.2375,0.2376,0.2359,0.2368,151801.8
2025-04-18 07:20:00+09:00,0.2368,0.2368,0.2354,0.236,107640.6
2025-04-18 07:25:00+09:00,0.236,0.2368,0.236,0.2365,65925.4
2025-04-18 07:30:00+09:00,0.2364,0.2369,0.2362,0.2364,18719.5
2025-04-18 07:35:00+09:00,0.2364,0.2368,0.2361,0.2365,30312.8
2025-04-18 07:40:00+09:00,0.2365,0.2367,0.2364,0.2366,24801.7
2025-04-18 07:45:00+09:00,0.2365,0.2366,0.2358,0.2358,48309.0
2025-04-18 07:50:00+09:00,0.2358,0.2358,0.2345,0.2349,74482.9
2025-04-18 07:55:00+09:00,0.2349,0.2349,0.234,0.2341,37788.2
2025-04-18 08:00:00+09:00,0.2341,0.2346,0.2341,0.2345,43635.8
2025-04-18 08:05:00+09:00,0.2344,0.2347,0.2337,0.2337,115020.2
2025-04-18 08:10:00+09:00,0.2338,0.2346,0.2338,0.2345,71362.5
2025-04-18 08:15:00+09:00,0.2345,0.2345,0.2333,0.2342,94915.1
2025-04-18 08:20:00+09:00,0.2343,0.2348,0.2343,0.2348,87537.7
2025-04-18 08:25:00+09:00,0.2348,0.2361,0.2348,0.2359,206720.4
2025-04-18 08:30:00+09:00,0.2362,0.2362,0.2356,0.236,51028.1
2025-04-18 08:35:00+09:00,0.2361,0.2361,0.2351,0.2354,35908.7
2025-04-18 08:40:00+09:00,0.2354,0.2357,0.2352,0.2354,23907.5
2025-04-18 08:45:00+09:00,0.235,0.2354,0.2348,0.2353,26496.3
2025-04-18 08:50:00+09:00,0.2353,0.2363,0.2353,0.2362,59040.1
2025-04-18 08:55:00+09:00,0.2362,0.2378,0.2362,0.2373,101901.1
2025-04-18 09:00:00+09:00,0.2373,0.24,0.2347,0.2376,730436.3
2025-04-18 09:05:00+09:00,0.2376,0.2453,0.2375,0.2421,2533125.6
2025-04-18 09:10:00+09:00,0.2421,0.2436,0.2406,0.2426,817460.3
2025-04-18 09:15:00+09:00,0.2426,0.2452,0.241,0.2445,563812.1
2025-04-18 09:20:00+09:00,0.2443,0.2469,0.2438,0.2459,429385.1
2025-04-18 09:25:00+09:00,0.2459,0.2459,0.2439,0.2447,169558.9
2025-04-18 09:30:00+09:00,0.2447,0.2474,0.2443,0.2468,138558.4
2025-04-18 09:35:00+09:00,0.2468,0.2484,0.2452,0.2453,246740.5
2025-04-18 09:40:00+09:00,0.2453,0.248,0.245,0.2475,372307.0
2025-04-18 09:45:00+09:00,0.2475,0.2489,0.2473,0.2484,1066847.1
2025-04-18 09:50:00+09:00,0.2483,0.2484,0.2456,0.2457,160230.1
2025-04-18 09:55:00+09:00,0.2456,0.2479,0.2448,0.2477,347843.7
2025-04-18 10:00:00+09:00,0.2475,0.2476,0.2449,0.2457,98967.3
2025-04-18 10:05:00+09:00,0.2454,0.2465,0.245,0.2459,117801.2
2025-04-18 10:10:00+09:00,0.2459,0.247,0.245,0.2466,95404.2
2025-04-18 10:15:00+09:00,0.2465,0.2482,0.2465,0.247,131418.2
2025-04-18 10:20:00+09:00,0.2471,0.2494,0.247,0.247,109724.9
2025-04-18 10:25:00+09:00,0.2468,0.2474,0.2455,0.247,89230.5
2025-04-18 10:30:00+09:00,0.2469,0.2471,0.2445,0.2455,88484.3
2025-04-18 10:35:00+09:00,0.2455,0.2455,0.2439,0.2441,98141.4
2025-04-18 10:40:00+09:00,0.2441,0.2446,0.2437,0.244,69811.5
2025-04-18 10:45:00+09:00,0.244,0.2451,0.2438,0.2448,95648.6
2025-04-18 10:50:00+09:00,0.2446,0.2449,0.2437,0.244,109859.3
2025-04-18 10:55:00+09:00,0.2438,0.2444,0.2424,0.2431,104722.5
2025-04-18 11:00:00+09:00,0.2432,0.2435,0.2418,0.2426,100166.5
2025-04-18 11:05:00+09:00,0.2429,0.2443,0.2429,0.244,25665.8
2025-04-18 11:10:00+09:00,0.2436,0.2453,0.2436,0.2444,37662.7
2025-04-18 11:15:00+09:00,0.2444,0.245,0.2443,0.2449,11492.3
2025-04-18 11:20:00+09:00,0.245,0.2469,0.245,0.2466,30481.9
2025-04-18 11:25:00+09:00,0.2465,0.2466,0.2457,0.2459,60566.7
2025-04-18 11:30:00+09:00,0.2458,0.2464,0.2457,0.2464,48563.5
2025-04-18 11:35:00+09:00,0.2462,0.2463,0.2441,0.2448,65266.2
2025-04-18 11:40:00+09:00,0.2448,0.2463,0.2448,0.2457,60226.8
2025-04-18 11:45:00+09:00,0.2456,0.246,0.2452,0.2459,51310.0
2025-04-18 11:50:00+09:00,0.2458,0.2472,0.2455,0.2471,98422.1
2025-04-18 11:55:00+09:00,0.247,0.2489,0.2467,0.2475,110184.1
2025-04-18 12:00:00+09:00,0.2475,0.2499,0.2475,0.249,174403.1
2025-04-18 12:05:00+09:00,0.2492,0.2498,0.2472,0.2476,151610.7
2025-04-18 12:10:00+09:00,0.2476,0.2477,0.2454,0.2464,274255.3
2025-04-18 12:15:00+09:00,0.2466,0.2467,0.2443,0.2444,39526.3
2025-04-18 12:20:00+09:00,0.2445,0.2446,0.2424,0.2425,58769.8
2025-04-18 12:25:00+09:00,0.2424,0.2432,0.2419,0.2432,76455.4
2025-04-18 12:30:00+09:00,0.2431,0.244,0.243,0.243,221161.1
2025-04-18 12:35:00+09:00,0.2432,0.2447,0.2431,0.2437,36914.7
2025-04-18 12:40:00+09:00,0.2437,0.2446,0.2436,0.2446,53866.3
2025-04-18 12:45:00+09:00,0.2447,0.2451,0.2436,0.2437,51359.8
2025-04-18 12:50:00+09:00,0.2438,0.2473,0.2438,0.247,1106667.4
2025-04-18 12:55:00+09:00,0.247,0.2503,0.2462,0.249,1022797.2
2025-04-18 13:00:00+09:00,0.249,0.2503,0.2471,0.248,1047580.4
2025-04-18 13:05:00+09:00,0.2481,0.2489,0.2478,0.248,120210.5
2025-04-18 13:10:00+09:00,0.2481,0.2489,0.2478,0.2487,97195.4
2025-04-18 13:15:00+09:00,0.2487,0.2493,0.2449,0.245,1015054.4
2025-04-18 13:20:00+09:00,0.245,0.2458,0.2446,0.2448,90330.3
2025-04-18 13:25:00+09:00,0.2448,0.2455,0.2448,0.2454,46272.0
2025-04-18 13:30:00+09:00,0.2453,0.2464,0.2451,0.2456,91188.8
2025-04-18 13:35:00+09:00,0.2455,0.2463,0.2454,0.2462,31493.5
2025-04-18 13:40:00+09:00,0.2461,0.2466,0.2457,0.2459,38929.3
2025-04-18 13:45:00+09:00,0.2458,0.2459,0.2447,0.2449,59887.3
2025-04-18 13:50:00+09:00,0.2449,0.2455,0.2444,0.2444,73691.1
2025-04-18 13:55:00+09:00,0.2444,0.2459,0.2444,0.2459,46031.6
2025-04-18 14:00:00+09:00,0.246,0.246,0.2446,0.2448,67576.4
2025-04-18 14:05:00+09:00,0.2447,0.2457,0.2447,0.2452,50444.0
2025-04-18 14:10:00+09:00,0.2451,0.2451,0.244,0.2443,132749.3
2025-04-18 14:15:00+09:00,0.2444,0.2451,0.2444,0.2446,55383.6
2025-04-18 14:20:00+09:00,0.2447,0.2447,0.2438,0.2445,55572.6
2025-04-18 14:25:00+09:00,0.2445,0.2451,0.2442,0.2447,55727.2
2025-04-18 14:30:00+09:00,0.2448,0.2453,0.2434,0.2442,122884.1
2025-04-18 14:35:00+09:00,0.2442,0.2445,0.2435,0.2442,85402.3
2025-04-18 14:40:00+09:00,0.2442,0.2446,0.2439,0.2443,165539.8
2025-04-18 14:45:00+09:00,0.2442,0.2442,0.2436,0.2438,40785.5
2025-04-18 14:50:00+09:00,0.2439,0.2442,0.2432,0.2432,93323.4
2025-04-18 14:55:00+09:00,0.2432,0.2441,0.2432,0.2433,55193.8
2025-04-18 15:00:00+09:00,0.2431,0.2432,0.2421,0.2425,78758.5
2025-04-18 15:05:00+09:00,0.2424,0.243,0.2421,0.2428,10362.5
2025-04-18 15:10:00+09:00,0.2427,0.243,0.2424,0.2424,17072.1
2025-04-18 15:15:00+09:00,0.2423,0.2429,0.2419,0.2427,119601.8
2025-04-18 15:20:00+09:00,0.2425,0.2436,0.2423,0.2436,51798.9
2025-04-18 15:25:00+09:00,0.2436,0.2436,0.2426,0.2426,17211.2
2025-04-18 15:30:00+09:00,0.2425,0.2425,0.2379,0.2385,945996.6
2025-04-18 15:35:00+09:00,0.2384,0.2392,0.2376,0.2391,365676.8
2025-04-18 15:40:00+09:00,0.2391,0.2396,0.2386,0.2394,106851.1
2025-04-18 15:45:00+09:00,0.2394,0.2396,0.2381,0.2388,172778.0
2025-04-18 15:50:00+09:00,0.2388,0.2398,0.2388,0.2395,69394.6
2025-04-18 15:55:00+09:00,0.2396,0.2399,0.2393,0.2393,37102.9
2025-04-18 16:00:00+09:00,0.2394,0.2395,0.2389,0.2393,49985.3
2025-04-18 16:05:00+09:00,0.2394,0.2399,0.2392,0.2392,30277.2
2025-04-18 16:10:00+09:00,0.2391,0.2392,0.237,0.237,97208.5
2025-04-18 16:15:00+09:00,0.2368,0.2381,0.2353,0.2373,214643.3
2025-04-18 16:20:00+09:00,0.2373,0.2376,0.2362,0.2367,47892.8
2025-04-18 16:25:00+09:00,0.2368,0.2378,0.2368,0.2377,34409.4
2025-04-18 16:30:00+09:00,0.2378,0.2394,0.2376,0.2389,72956.0
2025-04-18 16:35:00+09:00,0.239,0.2399,0.2389,0.2395,66780.5
2025-04-18 16:40:00+09:00,0.2395,0.2396,0.2378,0.2382,112519.9
2025-04-18 16:45:00+09:00,0.2382,0.2382,0.2372,0.238,95409.8
2025-04-18 16:50:00+09:00,0.238,0.2386,0.2379,0.2386,88737.6
2025-04-18 16:55:00+09:00,0.2387,0.2398,0.2387,0.2397,49259.9
2025-04-18 17:00:00+09:00,0.2398,0.2398,0.2372,0.2384,263152.5
2025-04-18 17:05:00+09:00,0.2381,0.239,0.2379,0.238,131439.0
2025-04-18 17:10:00+09:00,0.2381,0.2393,0.2381,0.239,56082.2
2025-04-18 17:15:00+09:00,0.239,0.2394,0.2388,0.2394,60607.6
2025-04-18 17:20:00+09:00,0.2393,0.2399,0.2393,0.2398,48080.6
2025-04-18 17:25:00+09:00,0.2399,0.2406,0.2399,0.24,79551.4
2025-04-18 17:30:00+09:00,0.24,0.24,0.2382,0.2388,119848.8
2025-04-18 17:35:00+09:00,0.2388,0.2391,0.2381,0.239,26574.7
2025-04-18 17:40:00+09:00,0.239,0.2403,0.2389,0.24,36000.5
2025-04-18 17:45:00+09:00,0.24,0.2405,0.2397,0.2403,48411.8
2025-04-18 17:50:00+09:00,0.2401,0.2407,0.2396,0.2405,49748.4
2025-04-18 17:55:00+09:00,0.2404,0.2404,0.2396,0.2402,56621.7
2025-04-18 18:00:00+09:00,0.2403,0.2403,0.2394,0.2398,194236.3
2025-04-18 18:05:00+09:00,0.2396,0.2407,0.2394,0.2407,29612.1
2025-04-18 18:10:00+09:00,0.2406,0.242,0.2404,0.2412,32930.1
2025-04-18 18:15:00+09:00,0.2411,0.2415,0.2403,0.2413,112311.1
2025-04-18 18:20:00+09:00,0.2413,0.242,0.2411,0.242,26718.5
2025-04-18 18:25:00+09:00,0.2419,0.2422,0.2409,0.2414,80396.1
2025-04-18 18:30:00+09:00,0.2415,0.2433,0.2413,0.2423,62921.8
2025-04-18 18:35:00+09:00,0.2423,0.2445,0.2415,0.2445,181153.5
2025-04-18 18:40:00+09:00,0.2443,0.2448,0.2434,0.2434,139709.7
2025-04-18 18:45:00+09:00,0.2434,0.2447,0.2434,0.2442,15802.1
2025-04-18 18:50:00+09:00,0.2441,0.2448,0.2435,0.2448,35198.1
2025-04-18 18:55:00+09:00,0.2446,0.2448,0.244,0.2441,91544.5
2025-04-18 19:00:00+09:00,0.2441,0.2447,0.2435,0.2436,213770.7
2025-04-18 19:05:00+09:00,0.2436,0.2437,0.2421,0.2421,83975.7
2025-04-18 19:10:00+09:00,0.2421,0.2425,0.2412,0.2415,106119.5
2025-04-18 19:15:00+09:00,0.2416,0.2419,0.2412,0.2412,33015.6
2025-04-18 19:20:00+09:00,0.2412,0.2433,0.2412,0.2429,204262.1
2025-04-18 19:25:00+09:00,0.2429,0.2441,0.2427,0.2441,66740.2
2025-04-18 19:30:00+09:00,0.2442,0.2443,0.2433,0.2438,26604.8
2025-04-18 19:35:00+09:00,0.2436,0.2437,0.2425,0.2429,15064.4
2025-04-18 19:40:00+09:00,0.2427,0.2427,0.242,0.2421,14657.4
2025-04-18 19:45:00+09:00,0.2419,0.2419,0.2401,0.2404,57300.2
2025-04-18 19:50:00+09:00,0.2405,0.2406,0.2393,0.2394,166313.7
2025-04-18 19:55:00+09:00,0.2394,0.2403,0.2386,0.2402,212124.1
2025-04-18 20:00:00+09:00,0.2402,0.2411,0.2393,0.2395,189594.6
2025-04-18 20:05:00+09:00,0.2396,0.2406,0.2396,0.2405,62528.4
2025-04-18 20:10:00+09:00,0.2406,0.2413,0.2402,0.2405,54958.9
2025-04-18 20:15:00+09:00,0.2405,0.2411,0.2404,0.2407,6711.5
2025-04-18 20:20:00+09:00,0.2408,0.2412,0.2406,0.2406,9700.7
2025-04-18 20:25:00+09:00,0.2407,0.2411,0.2406,0.2409,18579.8
2025-04-18 20:30:00+09:00,0.2408,0.2408,0.2405,0.2407,17420.7
2025-04-18 20:35:00+09:00,0.2407,0.2409,0.2396,0.24,18092.9
2025-04-18 20:40:00+09:00,0.2399,0.241,0.2399,0.241,12604.4
2025-04-18 20:45:00+09:00,0.241,0.2412,0.2404,0.2409,134023.8
2025-04-18 20:50:00+09:00,0.241,0.2414,0.2407,0.2409,24810.4
2025-04-18 20:55:00+09:00,0.2408,0.2415,0.2406,0.2415,32224.6
2025-04-18 21:00:00+09:00,0.2414,0.242,0.2399,0.2404,196915.9
2025-04-18 21:05:00+09:00,0.2403,0.2403,0.2397,0.24,8644.0
2025-04-18 21:10:00+09:00,0.24,0.2403,0.2398,0.24,22626.9
2025-04-18 21:15:00+09:00,0.2404,0.2404,0.2396,0.24,22642.2
2025-04-18 21:20:00+09:00,0.2401,0.2409,0.2399,0.2408,146107.2
2025-04-18 21:25:00+09:00,0.2404,0.2406,0.2399,0.24,11423.5
2025-04-18 21:30:00+09:00,0.2399,0.2406,0.2395,0.2399,134409.7
2025-04-18 21:35:00+09:00,0.2398,0.2402,0.2392,0.2392,53881.4
2025-04-18 21:40:00+09:00,0.2391,0.2395,0.2389,0.2394,58282.3
2025-04-18 21:45:00+09:00,0.2394,0.2403,0.2394,0.2402,15139.2
2025-04-18 21:50:00+09:00,0.2402,0.2404,0.2392,0.2396,76528.8
2025-04-18 21:55:00+09:00,0.2396,0.2405,0.2395,0.2401,27539.4
2025-04-18 22:00:00+09:00,0.2402,0.2402,0.2395,0.2395,16698.1
2025-04-18 22:05:00+09:00,0.2399,0.24,0.239,0.24,62389.5
2025-04-18 22:10:00+09:00,0.24,0.2401,0.2383,0.2384,65605.6
2025-04-18 22:15:00+09:00,0.2385,0.2392,0.2381,0.2383,52336.4
2025-04-18 22:20:00+09:00,0.2385,0.2391,0.2385,0.2391,19297.8
2025-04-18 22:25:00+09:00,0.2391,0.2396,0.2387,0.2388,9201.9
2025-04-18 22:30:00+09:00,0.2387,0.2398,0.2387,0.2395,30451.5
2025-04-18 22:35:00+09:00,0.2395,0.2399,0.2393,0.2397,28643.1
2025-04-18 22:40:00+09:00,0.2398,0.2403,0.2387,0.239,61252.1
2025-04-18 22:45:00+09:00,0.2386,0.2393,0.2385,0.2388,20991.4
2025-04-18 22:50:00+09:00,0.2386,0.2386,0.2384,0.2385,6239.9
2025-04-18 22:55:00+09:00,0.2386,0.2394,0.2386,0.239,63631.7
2025-04-18 23:00:00+09:00,0.239,0.2395,0.237,0.2374,283071.5
2025-04-18 23:05:00+09:00,0.2373,0.2376,0.2346,0.235,209812.1
2025-04-18 23:10:00+09:00,0.235,0.2358,0.2336,0.2357,217145.7
2025-04-18 23:15:00+09:00,0.2355,0.2359,0.2347,0.2348,74665.6
2025-04-18 23:20:00+09:00,0.2349,0.2362,0.2349,0.236,22139.1
2025-04-18 23:25:00+09:00,0.2361,0.2367,0.2361,0.2365,37318.1
2025-04-18 23:30:00+09:00,0.2364,0.2372,0.236,0.2371,31436.4
2025-04-18 23:35:00+09:00,0.237,0.2372,0.2356,0.236,263417.4
2025-04-18 23:40:00+09:00,0.236,0.2364,0.2357,0.2364,50457.5
2025-04-18 23:45:00+09:00,0.2363,0.2363,0.2354,0.2354,8216.9
2025-04-18 23:50:00+09:00,0.2355,0.2356,0.2345,0.2345,51773.4
2025-04-18 23:55:00+09:00,0.2344,0.235,0.234,0.2349,89013.0
2025-04-19 00:00:00+09:00,0.235,0.2355,0.2346,0.2346,44661.7
2025-04-19 00:05:00+09:00,0.2346,0.2346,0.2329,0.2337,62739.9
2025-04-19 00:10:00+09:00,0.2337,0.2343,0.2336,0.234,40062.6
2025-04-19 00:15:00+09:00,0.234,0.2341,0.2334,0.2339,92753.9
2025-04-19 00:20:00+09:00,0.2339,0.2346,0.2338,0.2342,94248.4
2025-04-19 00:25:00+09:00,0.2341,0.2342,0.2328,0.2333,35291.2
2025-04-19 00:30:00+09:00,0.2332,0.2339,0.2332,0.2334,96621.2
2025-04-19 00:35:00+09:00,0.2335,0.2343,0.2335,0.2339,15062.8
2025-04-19 00:40:00+09:00,0.2338,0.2344,0.2338,0.2344,11262.8
2025-04-19 00:45:00+09:00,0.2343,0.2349,0.234,0.2343,81520.6
2025-04-19 00:50:00+09:00,0.2343,0.2347,0.2339,0.2347,75079.7
2025-04-19 00:55:00+09:00,0.2347,0.2356,0.2347,0.2356,36012.6
2025-04-19 01:00:00+09:00,0.2355,0.2355,0.234,0.2347,37197.5
2025-04-19 01:05:00+09:00,0.2347,0.2349,0.2343,0.2344,21993.5
2025-04-19 01:10:00+09:00,0.2345,0.2349,0.2343,0.2346,15192.0
2025-04-19 01:15:00+09:00,0.2347,0.2357,0.2347,0.2351,11490.4
2025-04-19 01:20:00+09:00,0.235,0.2356,0.235,0.2356,28130.6
2025-04-19 01:25:00+09:00,0.2356,0.2358,0.235,0.235,53351.8
2025-04-19 01:30:00+09:00,0.2351,0.2361,0.2351,0.2359,52839.9
2025-04-19 01:35:00+09:00,0.2358,0.2361,0.2355,0.2359,16096.2
2025-04-19 01:40:00+09:00,0.2359,0.2361,0.2359,0.236,10314.6
2025-04-19 01:45:00+09:00,0.2359,0.2359,0.2351,0.2352,20207.4
2025-04-19 01:50:00+09:00,0.2353,0.2353,0.2349,0.2351,40580.3
2025-04-19 01:55:00+09:00,0.2352,0.2356,0.235,0.2353,8516.3
2025-04-19 02:00:00+09:00,0.2354,0.2358,0.235,0.2353,32478.4
2025-04-19 02:05:00+09:00,0.2356,0.2363,0.2354,0.2361,18032.8
2025-04-19 02:10:00+09:00,0.236,0.2362,0.2357,0.2357,10156.6
2025-04-19 02:15:00+09:00,0.2357,0.2363,0.2356,0.2362,32765.4
2025-04-19 02:20:00+09:00,0.2362,0.2362,0.2356,0.2356,3428.5
2025-04-19 02:25:00+09:00,0.2356,0.2357,0.2351,0.2356,10227.8
2025-04-19 02:30:00+09:00,0.2358,0.2363,0.2358,0.2361,41316.6
2025-04-19 02:35:00+09:00,0.2362,0.2362,0.236,0.2361,11187.3
2025-04-19 02:40:00+09:00,0.2362,0.2372,0.2362,0.2372,13973.1
2025-04-19 02:45:00+09:00,0.2373,0.2379,0.2367,0.2367,76371.4
2025-04-19 02:50:00+09:00,0.2367,0.2376,0.2366,0.2374,38714.7
2025-04-19 02:55:00+09:00,0.2374,0.238,0.2373,0.2376,43713.9
2025-04-19 03:00:00+09:00,0.2376,0.2376,0.2366,0.2371,34959.1
2025-04-19 03:05:00+09:00,0.2371,0.2374,0.2367,0.2367,21885.6
2025-04-19 03:10:00+09:00,0.2366,0.2369,0.2365,0.2366,4375.8
2025-04-19 03:15:00+09:00,0.2366,0.237,0.2364,0.237,17157.4
2025-04-19 03:20:00+09:00,0.2369,0.2369,0.2364,0.2366,25846.0
2025-04-19 03:25:00+09:00,0.2366,0.2367,0.2364,0.2365,17534.4
2025-04-19 03:30:00+09:00,0.2366,0.2367,0.2357,0.2357,32195.0
2025-04-19 03:35:00+09:00,0.2355,0.236,0.2352,0.2359,43162.3
2025-04-19 03:40:00+09:00,0.236,0.2365,0.2359,0.2364,15175.4
2025-04-19 03:45:00+09:00,0.2366,0.2372,0.2365,0.2372,14164.9
2025-04-19 03:50:00+09:00,0.2371,0.2381,0.237,0.2381,33759.0
2025-04-19 03:55:00+09:00,0.238,0.2391,0.2379,0.2387,19230.6
2025-04-19 04:00:00+09:00,0.2388,0.2401,0.2388,0.2399,57110.9
2025-04-19 04:05:00+09:00,0.2398,0.2404,0.2396,0.2397,63062.1
2025-04-19 04:10:00+09:00,0.2397,0.2407,0.2396,0.2401,24664.2
2025-04-19 04:15:00+09:00,0.24,0.2407,0.2394,0.2397,68548.5
2025-04-19 04:20:00+09:00,0.2396,0.2409,0.2391,0.2403,146164.1
2025-04-19 04:25:00+09:00,0.2403,0.2403,0.2387,0.2394,105125.4
2025-04-19 04:30:00+09:00,0.2394,0.2395,0.2389,0.2394,13134.3
2025-04-19 04:35:00+09:00,0.2394,0.2397,0.2384,0.2395,117605.6
2025-04-19 04:40:00+09:00,0.2392,0.2395,0.2388,0.2389,12693.8
2025-04-19 04:45:00+09:00,0.2389,0.2389,0.2379,0.238,68783.3
2025-04-19 04:50:00+09:00,0.238,0.2384,0.238,0.2384,21189.3
2025-04-19 04:55:00+09:00,0.2383,0.239,0.2383,0.2388,22809.0
2025-04-19 05:00:00+09:00,0.2388,0.2393,0.2379,0.2386,159343.5
2025-04-19 05:05:00+09:00,0.2385,0.239,0.2382,0.2382,31512.6
2025-04-19 05:10:00+09:00,0.2382,0.2387,0.2378,0.2386,30862.4
2025-04-19 05:15:00+09:00,0.2388,0.24,0.2388,0.2397,63374.2
2025-04-19 05:20:00+09:00,0.2398,0.241,0.2398,0.2406,169346.2
2025-04-19 05:25:00+09:00,0.2406,0.2406,0.239,0.2393,99654.2
2025-04-19 05:30:00+09:00,0.2393,0.24,0.2393,0.24,19854.2
2025-04-19 05:35:00+09:00,0.2401,0.2405,0.2391,0.2392,101810.8
2025-04-19 05:40:00+09:00,0.2393,0.2395,0.239,0.239,15419.7
2025-04-19 05:45:00+09:00,0.2391,0.2392,0.2387,0.2389,12420.2
2025-04-19 05:50:00+09:00,0.2389,0.2403,0.2389,0.2394,69642.2
2025-04-19 05:55:00+09:00,0.2394,0.2395,0.2387,0.2393,76503.5
2025-04-19 06:00:00+09:00,0.2393,0.2393,0.2388,0.239,14340.5
2025-04-19 06:05:00+09:00,0.239,0.2397,0.239,0.2395,50331.4
2025-04-19 06:10:00+09:00,0.2393,0.2393,0.238,0.2387,46527.7
2025-04-19 06:15:00+09:00,0.2388,0.2392,0.2387,0.2388,9300.9
2025-04-19 06:20:00+09:00,0.2391,0.2392,0.2386,0.2386,10792.7
2025-04-19 06:25:00+09:00,0.2386,0.2388,0.238,0.238,13450.7
2025-04-19 06:30:00+09:00,0.238,0.2401,0.238,0.2401,55584.3
2025-04-19 06:35:00+09:00,0.24,0.241,0.24,0.2404,16045.5
2025-04-19 06:40:00+09:00,0.2407,0.2407,0.2388,0.24,75582.3
2025-04-19 06:45:00+09:00,0.24,0.2405,0.24,0.2401,7213.4
2025-04-19 06:50:00+09:00,0.2402,0.2412,0.2402,0.2404,146039.0
2025-04-19 06:55:00+09:00,0.2404,0.2407,0.24,0.2405,7639.7
2025-04-19 07:00:00+09:00,0.2403,0.2404,0.2394,0.2394,2866.8
2025-04-19 07:05:00+09:00,0.2392,0.2392,0.2384,0.2385,8458.2
2025-04-19 07:10:00+09:00,0.2385,0.24,0.2385,0.239,125250.2
2025-04-19 07:15:00+09:00,0.2391,0.24,0.2391,0.24,68155.8
2025-04-19 07:20:00+09:00,0.24,0.2413,0.24,0.2407,60640.1
2025-04-19 07:25:00+09:00,0.2406,0.2406,0.2394,0.2395,147838.2
2025-04-19 07:30:00+09:00,0.2396,0.2399,0.2395,0.2397,18919.0
2025-04-19 07:35:00+09:00,0.2397,0.2398,0.2394,0.2395,10179.9
2025-04-19 07:40:00+09:00,0.2397,0.2401,0.2396,0.2398,25171.1
2025-04-19 07:45:00+09:00,0.2396,0.2399,0.2395,0.2397,20716.3
2025-04-19 07:50:00+09:00,0.2397,0.2402,0.2396,0.24,39863.4
2025-04-19 07:55:00+09:00,0.24,0.2403,0.2389,0.2401,128903.8
2025-04-19 08:00:00+09:00,0.2399,0.24,0.2391,0.2391,5510.4
2025-04-19 08:05:00+09:00,0.239,0.2401,0.2387,0.2397,35504.1
2025-04-19 08:10:00+09:00,0.2397,0.2399,0.2395,0.2396,6827.8
2025-04-19 08:15:00+09:00,0.2396,0.2396,0.2392,0.2395,14521.6
2025-04-19 08:20:00+09:00,0.2395,0.2396,0.2389,0.2396,5650.3
2025-04-19 08:25:00+09:00,0.2397,0.2397,0.2397,0.2397,9415.4
2025-04-19 08:30:00+09:00,0.2397,0.2412,0.2397,0.2408,58042.5
2025-04-19 08:35:00+09:00,0.2409,0.2411,0.2408,0.2409,7867.6
2025-04-19 08:40:00+09:00,0.2409,0.2411,0.2408,0.241,35097.5
2025-04-19 08:45:00+09:00,0.2413,0.2417,0.2406,0.2411,71703.6
2025-04-19 08:50:00+09:00,0.241,0.241,0.2405,0.2409,27432.7
2025-04-19 08:55:00+09:00,0.2408,0.2414,0.2408,0.2414,33476.4
2025-04-19 09:00:00+09:00,0.2414,0.2414,0.2387,0.2391,153390.5
2025-04-19 09:05:00+09:00,0.2392,0.2392,0.2376,0.2381,58168.2
2025-04-19 09:10:00+09:00,0.2378,0.2387,0.2377,0.2377,24882.7
2025-04-19 09:15:00+09:00,0.2378,0.2386,0.2376,0.2377,57252.1
2025-04-19 09:20:00+09:00,0.2377,0.2377,0.2363,0.2374,47984.9
2025-04-19 09:25:00+09:00,0.2373,0.2376,0.2368,0.2376,5321.1
2025-04-19 09:30:00+09:00,0.2376,0.2389,0.2373,0.2389,41462.8
2025-04-19 09:35:00+09:00,0.2391,0.2394,0.2388,0.2388,46515.9
2025-04-19 09:40:00+09:00,0.2386,0.2388,0.2379,0.2385,24160.6
2025-04-19 09:45:00+09:00,0.2385,0.2385,0.2369,0.2371,23106.1
2025-04-19 09:50:00+09:00,0.237,0.2374,0.2367,0.2369,26956.4
2025-04-19 09:55:00+09:00,0.237,0.2371,0.2364,0.2364,14391.4
2025-04-19 10:00:00+09:00,0.2365,0.237,0.2362,0.2363,23087.5
2025-04-19 10:05:00+09:00,0.2367,0.2373,0.2363,0.2363,2712.8
2025-04-19 10:10:00+09:00,0.2362,0.2367,0.236,0.2367,35437.4
2025-04-19 10:15:00+09:00,0.2366,0.2367,0.2362,0.2364,8792.4
2025-04-19 10:20:00+09:00,0.2364,0.2366,0.236,0.2362,91312.4
2025-04-19 10:25:00+09:00,0.2363,0.2363,0.2354,0.2355,26581.2
2025-04-19 10:30:00+09:00,0.2356,0.2359,0.235,0.2355,75696.8
2025-04-19 10:35:00+09:00,0.2354,0.2359,0.2349,0.2352,75329.8
2025-04-19 10:40:00+09:00,0.2353,0.2357,0.2353,0.2357,9425.5
2025-04-19 10:45:00+09:00,0.2356,0.2357,0.2356,0.2357,9243.5
2025-04-19 10:50:00+09:00,0.2356,0.2359,0.2354,0.2357,22809.0
2025-04-19 10:55:00+09:00,0.2358,0.2361,0.2356,0.2361,12384.3
2025-04-19 11:00:00+09:00,0.2361,0.2368,0.236,0.2367,23695.3
2025-04-19 11:05:00+09:00,0.2368,0.2375,0.2368,0.2373,76252.6
2025-04-19 11:10:00+09:00,0.2375,0.2386,0.2374,0.2374,90870.4
2025-04-19 11:15:00+09:00,0.2374,0.2376,0.237,0.2375,10695.0
2025-04-19 11:20:00+09:00,0.2375,0.2389,0.2375,0.2389,53874.4
2025-04-19 11:25:00+09:00,0.239,0.2394,0.2384,0.2386,12664.5
2025-04-19 11:30:00+09:00,0.2385,0.2388,0.2379,0.2386,42395.8
2025-04-19 11:35:00+09:00,0.2386,0.2388,0.2381,0.2382,25641.1
2025-04-19 11:40:00+09:00,0.238,0.2384,0.2379,0.2381,9559.0
2025-04-19 11:45:00+09:00,0.238,0.238,0.2365,0.2376,139283.4
2025-04-19 11:50:00+09:00,0.2375,0.2375,0.237,0.237,12532.4
2025-04-19 11:55:00+09:00,0.2371,0.2374,0.2369,0.237,35231.2
2025-04-19 12:00:00+09:00,0.237,0.2371,0.2367,0.2368,25137.2
2025-04-19 12:05:00+09:00,0.2368,0.238,0.2368,0.238,26750.3
2025-04-19 12:10:00+09:00,0.238,0.2394,0.238,0.2393,39172.5
2025-04-19 12:15:00+09:00,0.2393,0.2401,0.239,0.2392,75700.2
2025-04-19 12:20:00+09:00,0.2393,0.2397,0.2387,0.2389,132893.6
2025-04-19 12:25:00+09:00,0.239,0.2403,0.239,0.2401,242455.1
2025-04-19 12:30:00+09:00,0.24,0.2409,0.2392,0.2393,349342.6
2025-04-19 12:35:00+09:00,0.2394,0.2414,0.2394,0.2403,258350.7
2025-04-19 12:40:00+09:00,0.2404,0.2408,0.2402,0.2406,42717.2
2025-04-19 12:45:00+09:00,0.2405,0.2405,0.2401,0.2401,9124.1
2025-04-19 12:50:00+09:00,0.2402,0.2408,0.2399,0.2405,45966.7
2025-04-19 12:55:00+09:00,0.2402,0.2403,0.2395,0.2395,15412.0
2025-04-19 13:00:00+09:00,0.2395,0.2401,0.2382,0.24,290952.3
2025-04-19 13:05:00+09:00,0.2401,0.2416,0.2401,0.2416,52520.2
2025-04-19 13:10:00+09:00,0.2416,0.2417,0.2401,0.2404,31575.7
2025-04-19 13:15:00+09:00,0.2403,0.2421,0.2403,0.2415,107483.4
2025-04-19 13:20:00+09:00,0.2415,0.2415,0.2394,0.2398,81533.7
2025-04-19 13:25:00+09:00,0.2395,0.2399,0.2392,0.2399,24747.2
2025-04-19 13:30:00+09:00,0.24,0.2402,0.2397,0.2399,20457.7
2025-04-19 13:35:00+09:00,0.2401,0.2409,0.24,0.2409,13460.2
2025-04-19 13:40:00+09:00,0.2411,0.2421,0.241,0.2417,36286.9
2025-04-19 13:45:00+09:00,0.2418,0.2421,0.2412,0.2413,13040.4
2025-04-19 13:50:00+09:00,0.2414,0.2415,0.2409,0.2412,11434.0
2025-04-19 13:55:00+09:00,0.2412,0.2414,0.241,0.2413,59727.1
2025-04-19 14:00:00+09:00,0.2412,0.2414,0.2404,0.2408,28771.4
2025-04-19 14:05:00+09:00,0.2408,0.2408,0.2397,0.2397,36418.2
2025-04-19 14:10:00+09:00,0.2398,0.24,0.2394,0.2397,41811.8
2025-04-19 14:15:00+09:00,0.24,0.2405,0.2395,0.2397,23259.7
2025-04-19 14:20:00+09:00,0.2398,0.24,0.2394,0.2397,8782.6
2025-04-19 14:25:00+09:00,0.2398,0.2408,0.2397,0.2406,23451.7
2025-04-19 14:30:00+09:00,0.2404,0.2409,0.2404,0.2408,15155.1
2025-04-19 14:35:00+09:00,0.2409,0.2409,0.2404,0.2404,13456.7
2025-04-19 14:40:00+09:00,0.2403,0.2404,0.2393,0.2399,114709.9
2025-04-19 14:45:00+09:00,0.2398,0.2407,0.2398,0.2407,1506.0
2025-04-19 14:50:00+09:00,0.241,0.2415,0.241,0.2414,19294.7
2025-04-19 14:55:00+09:00,0.2415,0.2416,0.24,0.2401,60776.4
2025-04-19 15:00:00+09:00,0.24,0.2402,0.2391,0.2393,93268.4
2025-04-19 15:05:00+09:00,0.2394,0.24,0.2392,0.2397,6710.6
2025-04-19 15:10:00+09:00,0.2397,0.2399,0.2393,0.2397,8915.6
2025-04-19 15:15:00+09:00,0.2396,0.24,0.2394,0.2394,9786.1
2025-04-19 15:20:00+09:00,0.2395,0.24,0.2395,0.2397,29565.1
2025-04-19 15:25:00+09:00,0.2396,0.24,0.2392,0.2392,22549.2
2025-04-19 15:30:00+09:00,0.2392,0.24,0.238,0.2397,175831.7
2025-04-19 15:35:00+09:00,0.2397,0.2397,0.2381,0.2382,90281.2
2025-04-19 15:40:00+09:00,0.2381,0.2384,0.2378,0.2378,21133.4
2025-04-19 15:45:00+09:00,0.2377,0.2384,0.2377,0.2382,28485.5
2025-04-19 15:50:00+09:00,0.2383,0.239,0.2383,0.2388,16944.7
2025-04-19 15:55:00+09:00,0.2387,0.2392,0.2387,0.2387,25375.9
2025-04-19 16:00:00+09:00,0.2387,0.2396,0.2385,0.2396,64866.2
2025-04-19 16:05:00+09:00,0.2395,0.2396,0.2393,0.2396,20814.3
2025-04-19 16:10:00+09:00,0.2399,0.2415,0.2399,0.2408,117869.1
2025-04-19 16:15:00+09:00,0.2408,0.2414,0.2402,0.2404,50482.1
2025-04-19 16:20:00+09:00,0.2403,0.2405,0.2395,0.2402,11802.1
2025-04-19 16:25:00+09:00,0.2402,0.2404,0.2394,0.2399,27208.8
2025-04-19 16:30:00+09:00,0.24,0.2404,0.2397,0.2397,19713.9
2025-04-19 16:35:00+09:00,0.2397,0.2397,0.2393,0.2396,16427.9
2025-04-19 16:40:00+09:00,0.2396,0.2397,0.2391,0.2397,65277.3
2025-04-19 16:45:00+09:00,0.2398,0.2399,0.2393,0.2397,54178.2
2025-04-19 16:50:00+09:00,0.2397,0.2399,0.2396,0.2397,10484.5
2025-04-19 16:55:00+09:00,0.2398,0.2399,0.2396,0.2398,16850.6
2025-04-19 17:00:00+09:00,0.2398,0.2402,0.2393,0.2393,26061.0
2025-04-19 17:05:00+09:00,0.2392,0.2404,0.239,0.2396,37928.9
2025-04-19 17:10:00+09:00,0.2395,0.2395,0.239,0.2393,32064.8
2025-04-19 17:15:00+09:00,0.2392,0.2397,0.2392,0.2396,7461.7
2025-04-19 17:20:00+09:00,0.2397,0.2397,0.2394,0.2396,33744.3
2025-04-19 17:25:00+09:00,0.2395,0.2404,0.2392,0.2397,38218.8
2025-04-19 17:30:00+09:00,0.2395,0.2401,0.2394,0.2401,100261.0
2025-04-19 17:35:00+09:00,0.2401,0.2409,0.2401,0.2409,13294.6
2025-04-19 17:40:00+09:00,0.241,0.2423,0.241,0.2416,300467.8
2025-04-19 17:45:00+09:00,0.2415,0.2435,0.2415,0.2432,521723.6
2025-04-19 17:50:00+09:00,0.2433,0.2436,0.2421,0.2425,220078.0
2025-04-19 17:55:00+09:00,0.2425,0.243,0.2425,0.2428,67982.5
2025-04-19 18:00:00+09:00,0.2429,0.2435,0.2426,0.2426,61687.7
2025-04-19 18:05:00+09:00,0.2428,0.2452,0.2428,0.2435,204293.1
2025-04-19 18:10:00+09:00,0.2436,0.2446,0.2435,0.2436,68221.4
2025-04-19 18:15:00+09:00,0.2436,0.2454,0.2436,0.2452,251420.0
2025-04-19 18:20:00+09:00,0.2451,0.2451,0.2429,0.2432,305246.2
2025-04-19 18:25:00+09:00,0.2431,0.2434,0.242,0.2421,31337.5
2025-04-19 18:30:00+09:00,0.242,0.2428,0.2416,0.2428,108372.8
2025-04-19 18:35:00+09:00,0.2429,0.2433,0.242,0.2423,31152.5
2025-04-19 18:40:00+09:00,0.2424,0.2425,0.2418,0.2421,23734.3
2025-04-19 18:45:00+09:00,0.242,0.2424,0.2418,0.242,20383.6
2025-04-19 18:50:00+09:00,0.2421,0.2425,0.2419,0.2419,35410.7
2025-04-19 18:55:00+09:00,0.242,0.2422,0.2416,0.2416,34237.8
2025-04-19 19:00:00+09:00,0.2417,0.2417,0.2412,0.2416,29251.0
2025-04-19 19:05:00+09:00,0.2416,0.242,0.2406,0.2409,199478.0
2025-04-19 19:10:00+09:00,0.2409,0.2413,0.2407,0.2413,24040.5
2025-04-19 19:15:00+09:00,0.2413,0.2413,0.2402,0.2402,147915.8
2025-04-19 19:20:00+09:00,0.2402,0.2411,0.2401,0.2405,93934.6
2025-04-19 19:25:00+09:00,0.2404,0.2406,0.2401,0.2406,20500.0
2025-04-19 19:30:00+09:00,0.2404,0.2406,0.2401,0.2401,13889.3
2025-04-19 19:35:00+09:00,0.2401,0.2402,0.2396,0.2401,29128.2
2025-04-19 19:40:00+09:00,0.24,0.2403,0.2398,0.2402,62174.9
2025-04-19 19:45:00+09:00,0.2402,0.2402,0.2398,0.2399,21740.1
2025-04-19 19:50:00+09:00,0.24,0.2402,0.2399,0.2402,39610.1
2025-04-19 19:55:00+09:00,0.2402,0.2402,0.24,0.2401,25267.3
2025-04-19 20:00:00+09:00,0.24,0.2408,0.2398,0.2408,26067.1
2025-04-19 20:05:00+09:00,0.2408,0.2415,0.2402,0.2403,23597.7
2025-04-19 20:10:00+09:00,0.2404,0.2408,0.2399,0.24,52200.0
2025-04-19 20:15:00+09:00,0.2399,0.2402,0.2398,0.2398,9280.2
2025-04-19 20:20:00+09:00,0.2397,0.2399,0.2396,0.2396,18668.8
2025-04-19 20:25:00+09:00,0.2397,0.2405,0.2397,0.2401,39475.6
2025-04-19 20:30:00+09:00,0.2401,0.2407,0.2399,0.2407,37260.1
2025-04-19 20:35:00+09:00,0.2408,0.241,0.2406,0.2408,6412.2
2025-04-19 20:40:00+09:00,0.2408,0.241,0.24,0.2402,18499.6
2025-04-19 20:45:00+09:00,0.24,0.24,0.2396,0.2399,19250.9
2025-04-19 20:50:00+09:00,0.2399,0.24,0.2396,0.24,23966.1
2025-04-19 20:55:00+09:00,0.2398,0.2402,0.2398,0.24,5075.0
2025-04-19 21:00:00+09:00,0.2399,0.2405,0.2393,0.2395,70037.9
2025-04-19 21:05:00+09:00,0.2396,0.2399,0.2394,0.2399,40528.1
2025-04-19 21:10:00+09:00,0.2399,0.2399,0.2392,0.2392,19277.3
2025-04-19 21:15:00+09:00,0.2393,0.2393,0.2391,0.2393,36514.0
2025-04-19 21:20:00+09:00,0.2392,0.2397,0.2388,0.2395,39766.3
2025-04-19 21:25:00+09:00,0.2395,0.2397,0.2395,0.2395,7421.9
2025-04-19 21:30:00+09:00,0.2394,0.2395,0.2383,0.2385,25383.8
2025-04-19 21:35:00+09:00,0.2386,0.2387,0.2382,0.2383,21659.6
2025-04-19 21:40:00+09:00,0.2384,0.2387,0.2383,0.2383,9231.2
2025-04-19 21:45:00+09:00,0.2384,0.2385,0.2383,0.2385,5084.8
2025-04-19 21:50:00+09:00,0.2385,0.2386,0.2383,0.2386,13222.6
2025-04-19 21:55:00+09:00,0.2386,0.2387,0.2383,0.2384,7254.8
2025-04-19 22:00:00+09:00,0.2383,0.2387,0.2381,0.2385,16763.9
2025-04-19 22:05:00+09:00,0.2385,0.2388,0.2384,0.2386,20420.3
2025-04-19 22:10:00+09:00,0.2386,0.2394,0.2386,0.239,23548.1
2025-04-19 22:15:00+09:00,0.2389,0.2395,0.2386,0.2393,64643.5
2025-04-19 22:20:00+09:00,0.2393,0.2402,0.2393,0.2401,18986.4
2025-04-19 22:25:00+09:00,0.24,0.24,0.2395,0.2396,21167.6
2025-04-19 22:30:00+09:00,0.2397,0.24,0.2397,0.24,9118.2
2025-04-19 22:35:00+09:00,0.2401,0.2404,0.24,0.2402,46800.6
2025-04-19 22:40:00+09:00,0.2403,0.2407,0.2403,0.2406,11327.3
2025-04-19 22:45:00+09:00,0.2406,0.2406,0.2398,0.2402,11047.7
2025-04-19 22:50:00+09:00,0.2402,0.2406,0.2402,0.2404,29063.2
2025-04-19 22:55:00+09:00,0.2404,0.2407,0.2404,0.2405,13314.2
2025-04-19 23:00:00+09:00,0.2405,0.2407,0.2389,0.239,64161.4
2025-04-19 23:05:00+09:00,0.2391,0.2397,0.2391,0.2395,18764.6
2025-04-19 23:10:00+09:00,0.2393,0.2396,0.2393,0.2394,14373.4
2025-04-19 23:15:00+09:00,0.2393,0.2393,0.2387,0.239,12435.0
2025-04-19 23:20:00+09:00,0.2391,0.2393,0.239,0.239,16272.2
2025-04-19 23:25:00+09:00,0.239,0.2393,0.239,0.2392,47871.0
2025-04-19 23:30:00+09:00,0.2391,0.2392,0.2386,0.2386,41966.4
2025-04-19 23:35:00+09:00,0.2387,0.2389,0.2383,0.2384,41922.2
2025-04-19 23:40:00+09:00,0.2384,0.2388,0.2384,0.2385,42552.3
2025-04-19 23:45:00+09:00,0.2385,0.2387,0.2384,0.2385,45053.0
2025-04-19 23:50:00+09:00,0.2387,0.239,0.2385,0.239,11735.3
2025-04-19 23:55:00+09:00,0.2389,0.2396,0.2388,0.2392,55913.3
2025-04-20 00:00:00+09:00,0.239,0.2395,0.2385,0.2389,241185.5
2025-04-20 00:05:00+09:00,0.2389,0.2395,0.2389,0.2391,26581.5
2025-04-20 00:10:00+09:00,0.2392,0.2399,0.2353,0.2381,1235136.0
2025-04-20 00:15:00+09:00,0.2381,0.2391,0.2376,0.2384,240731.0
2025-04-20 00:20:00+09:00,0.2383,0.2391,0.2383,0.2389,32994.8
2025-04-20 00:25:00+09:00,0.239,0.2396,0.239,0.2394,43933.6
2025-04-20 00:30:00+09:00,0.2394,0.2395,0.2387,0.2387,50509.7
2025-04-20 00:35:00+09:00,0.2386,0.2386,0.238,0.2382,49248.5
2025-04-20 00:40:00+09:00,0.238,0.2383,0.2376,0.238,141074.5
2025-04-20 00:45:00+09:00,0.2379,0.2379,0.2357,0.2358,964312.3
2025-04-20 00:50:00+09:00,0.2357,0.2365,0.2353,0.2362,1698227.8
2025-04-20 00:55:00+09:00,0.2361,0.2364,0.2354,0.2356,1460646.4
2025-04-20 01:00:00+09:00,0.2356,0.2359,0.2348,0.2357,588249.7
2025-04-20 01:05:00+09:00,0.2357,0.2363,0.235,0.2363,1102067.8
2025-04-20 01:10:00+09:00,0.2362,0.2365,0.2361,0.2362,141738.0
2025-04-20 01:15:00+09:00,0.2362,0.2369,0.2358,0.2367,70240.6
2025-04-20 01:20:00+09:00,0.2368,0.2371,0.2365,0.2371,19791.3
2025-04-20 01:25:00+09:00,0.2371,0.2371,0.2363,0.2364,97404.3
2025-04-20 01:30:00+09:00,0.2364,0.2367,0.2344,0.2349,1830800.4
2025-04-20 01:35:00+09:00,0.2349,0.2349,0.2341,0.2342,344694.1
2025-04-20 01:40:00+09:00,0.2343,0.235,0.2343,0.2348,278923.7
2025-04-20 01:45:00+09:00,0.2348,0.2349,0.2341,0.2342,294057.9
2025-04-20 01:50:00+09:00,0.2343,0.2348,0.2341,0.2347,106616.1
2025-04-20 01:55:00+09:00,0.2347,0.2348,0.2344,0.2346,95901.1
2025-04-20 02:00:00+09:00,0.2345,0.2352,0.2339,0.2351,167226.3
2025-04-20 02:05:00+09:00,0.2351,0.2354,0.2345,0.2345,114893.3
2025-04-20 02:10:00+09:00,0.2345,0.2348,0.2343,0.2348,68330.8
2025-04-20 02:15:00+09:00,0.2347,0.235,0.2345,0.2348,70057.0
2025-04-20 02:20:00+09:00,0.2347,0.2348,0.233,0.2342,449238.6
2025-04-20 02:25:00+09:00,0.2342,0.2344,0.234,0.2342,76096.4
2025-04-20 02:30:00+09:00,0.2342,0.2348,0.234,0.2346,247915.5
2025-04-20 02:35:00+09:00,0.2348,0.2354,0.2341,0.2349,102576.4
2025-04-20 02:40:00+09:00,0.2349,0.2354,0.2348,0.2349,300804.1
2025-04-20 02:45:00+09:00,0.235,0.2356,0.2349,0.2351,145110.5
2025-04-20 02:50:00+09:00,0.2352,0.2352,0.2346,0.2349,164167.0
2025-04-20 02:55:00+09:00,0.235,0.2354,0.2349,0.2352,149359.6
2025-04-20 03:00:00+09:00,0.2353,0.2355,0.2349,0.2355,80434.2
2025-04-20 03:05:00+09:00,0.2355,0.2378,0.2351,0.237,403366.8
2025-04-20 03:10:00+09:00,0.2371,0.2378,0.237,0.2375,69291.4
2025-04-20 03:15:00+09:00,0.2375,0.2376,0.2361,0.2362,123764.7
2025-04-20 03:20:00+09:00,0.2363,0.2364,0.2358,0.236,94060.1
2025-04-20 03:25:00+09:00,0.2359,0.2363,0.2358,0.2363,25712.7
2025-04-20 03:30:00+09:00,0.2363,0.2369,0.2362,0.2369,23944.9
2025-04-20 03:35:00+09:00,0.2369,0.2374,0.2369,0.2373,127773.9
2025-04-20 03:40:00+09:00,0.2374,0.2378,0.2359,0.2361,693202.5
2025-04-20 03:45:00+09:00,0.2361,0.2361,0.2336,0.2339,1708592.4
2025-04-20 03:50:00+09:00,0.234,0.2342,0.2324,0.2327,1144205.4
2025-04-20 03:55:00+09:00,0.2327,0.2337,0.2327,0.2333,260266.1
2025-04-20 04:00:00+09:00,0.2333,0.2333,0.2315,0.2323,782842.2
2025-04-20 04:05:00+09:00,0.2323,0.2323,0.23,0.2308,1404418.0
2025-04-20 04:10:00+09:00,0.2307,0.2315,0.2307,0.2313,224199.3
2025-04-20 04:15:00+09:00,0.2313,0.2314,0.2309,0.2314,121951.4
2025-04-20 04:20:00+09:00,0.2314,0.2315,0.2307,0.2312,667418.8
2025-04-20 04:25:00+09:00,0.2312,0.2316,0.2312,0.2314,177808.1
2025-04-20 04:30:00+09:00,0.2314,0.2317,0.2312,0.2317,195463.5
2025-04-20 04:35:00+09:00,0.2318,0.2318,0.2315,0.2316,155267.6
2025-04-20 04:40:00+09:00,0.2317,0.2321,0.2313,0.2321,437483.1
2025-04-20 04:45:00+09:00,0.2322,0.2323,0.2315,0.2323,197036.6
2025-04-20 04:50:00+09:00,0.2322,0.2324,0.232,0.2322,42147.9
2025-04-20 04:55:00+09:00,0.2323,0.2328,0.2323,0.2328,89784.6
2025-04-20 05:00:00+09:00,0.2327,0.233,0.2324,0.2328,208406.8
2025-04-20 05:05:00+09:00,0.2328,0.2333,0.2328,0.2331,55230.2
2025-04-20 05:10:00+09:00,0.233,0.2333,0.2328,0.2333,96866.5
2025-04-20 05:15:00+09:00,0.2332,0.2336,0.2331,0.2332,108969.5
2025-04-20 05:20:00+09:00,0.2331,0.2332,0.2326,0.2326,22900.5
2025-04-20 05:25:00+09:00,0.2326,0.2331,0.2326,0.2331,36207.9
2025-04-20 05:30:00+09:00,0.2331,0.2333,0.2326,0.2328,156024.5
2025-04-20 05:35:00+09:00,0.2327,0.2331,0.2327,0.2329,36175.9
2025-04-20 05:40:00+09:00,0.233,0.233,0.2323,0.2323,41377.0
2025-04-20 05:45:00+09:00,0.2324,0.233,0.2324,0.233,31051.1
2025-04-20 05:50:00+09:00,0.2331,0.2331,0.2327,0.2327,11697.3
2025-04-20 05:55:00+09:00,0.2328,0.2329,0.2327,0.2327,18467.6
2025-04-20 06:00:00+09:00,0.2326,0.2335,0.2326,0.2335,31282.9
2025-04-20 06:05:00+09:00,0.2333,0.2336,0.2331,0.2336,11927.3
2025-04-20 06:10:00+09:00,0.2337,0.2341,0.2335,0.234,142829.2
2025-04-20 06:15:00+09:00,0.234,0.2343,0.2338,0.2338,201319.1
2025-04-20 06:20:00+09:00,0.234,0.2345,0.2339,0.2344,17610.7
2025-04-20 06:25:00+09:00,0.2344,0.2344,0.2338,0.2338,39432.9
2025-04-20 06:30:00+09:00,0.2339,0.2339,0.2332,0.2338,69518.7
2025-04-20 06:35:00+09:00,0.2337,0.2339,0.2334,0.2337,82848.6
2025-04-20 06:40:00+09:00,0.2338,0.2341,0.2334,0.2341,12310.9
2025-04-20 06:45:00+09:00,0.2341,0.2346,0.2339,0.234,183937.5
2025-04-20 06:50:00+09:00,0.2341,0.2346,0.2341,0.2344,31601.3
2025-04-20 06:55:00+09:00,0.2345,0.2357,0.2343,0.2355,191461.6
2025-04-20 07:00:00+09:00,0.2356,0.2363,0.2356,0.2362,13764.1
2025-04-20 07:05:00+09:00,0.2361,0.2361,0.2357,0.2359,6611.6
2025-04-20 07:10:00+09:00,0.236,0.2364,0.236,0.2363,23050.3
2025-04-20 07:15:00+09:00,0.2363,0.2371,0.236,0.2362,294208.5
2025-04-20 07:20:00+09:00,0.2362,0.2366,0.2361,0.2365,93714.5
2025-04-20 07:25:00+09:00,0.2365,0.2367,0.2363,0.2364,43273.6
2025-04-20 07:30:00+09:00,0.2363,0.2364,0.2358,0.2359,37296.6
2025-04-20 07:35:00+09:00,0.2359,0.2362,0.2351,0.2354,72576.6
2025-04-20 07:40:00+09:00,0.2353,0.236,0.2353,0.2359,117379.1
2025-04-20 07:45:00+09:00,0.2358,0.2358,0.2354,0.2355,45347.3
2025-04-20 07:50:00+09:00,0.2356,0.2364,0.2355,0.2362,52766.0
2025-04-20 07:55:00+09:00,0.2362,0.2365,0.2355,0.2364,34248.0
2025-04-20 08:00:00+09:00,0.2363,0.2365,0.2358,0.2359,59530.4
2025-04-20 08:05:00+09:00,0.236,0.2365,0.2356,0.2362,102330.6
2025-04-20 08:10:00+09:00,0.2361,0.2364,0.2351,0.236,463179.8
2025-04-20 08:15:00+09:00,0.2359,0.2365,0.2359,0.2365,34358.9
2025-04-20 08:20:00+09:00,0.2365,0.2365,0.236,0.2362,59703.9
2025-04-20 08:25:00+09:00,0.2361,0.2361,0.2349,0.2358,359773.3
2025-04-20 08:30:00+09:00,0.2357,0.2357,0.2349,0.2354,91843.7
2025-04-20 08:35:00+09:00,0.2354,0.2355,0.2349,0.2353,126526.7
2025-04-20 08:40:00+09:00,0.2353,0.2359,0.2352,0.2359,185521.7
2025-04-20 08:45:00+09:00,0.2359,0.2362,0.2358,0.2362,79313.1
2025-04-20 08:50:00+09:00,0.2362,0.2362,0.2357,0.2359,132653.5
2025-04-20 08:55:00+09:00,0.2361,0.2363,0.2361,0.2363,11839.4
2025-04-20 09:00:00+09:00,0.2363,0.2363,0.2337,0.2345,248399.9
2025-04-20 09:05:00+09:00,0.2344,0.2344,0.2336,0.2343,51670.7
2025-04-20 09:10:00+09:00,0.2343,0.2349,0.2342,0.2346,41426.7
2025-04-20 09:15:00+09:00,0.2349,0.2358,0.2348,0.2354,88083.8
2025-04-20 09:20:00+09:00,0.2354,0.2365,0.2354,0.2364,48036.2
2025-04-20 09:25:00+09:00,0.2363,0.2363,0.2349,0.2351,137652.8
2025-04-20 09:30:00+09:00,0.235,0.237,0.235,0.2363,102619.4
2025-04-20 09:35:00+09:00,0.2362,0.2365,0.236,0.2363,51320.8
2025-04-20 09:40:00+09:00,0.2363,0.2363,0.234,0.2346,77960.9
2025-04-20 09:45:00+09:00,0.2347,0.2347,0.2337,0.2337,49978.2
2025-04-20 09:50:00+09:00,0.2336,0.2336,0.233,0.2335,159800.5
2025-04-20 09:55:00+09:00,0.2335,0.2337,0.2322,0.2323,157717.3
2025-04-20 10:00:00+09:00,0.2324,0.2333,0.2324,0.2333,64752.3
2025-04-20 10:05:00+09:00,0.2332,0.2337,0.233,0.2335,25001.2
2025-04-20 10:10:00+09:00,0.2335,0.2344,0.2335,0.2342,172938.1
2025-04-20 10:15:00+09:00,0.2342,0.2345,0.2337,0.2338,38187.5
2025-04-20 10:20:00+09:00,0.2339,0.2345,0.2339,0.2345,24856.6
2025-04-20 10:25:00+09:00,0.2344,0.2344,0.2333,0.2337,55052.4
2025-04-20 10:30:00+09:00,0.2336,0.2342,0.2333,0.2341,67357.3
2025-04-20 10:35:00+09:00,0.2343,0.2344,0.2338,0.2338,65217.5
2025-04-20 10:40:00+09:00,0.2337,0.2344,0.2336,0.2343,73618.6
2025-04-20 10:45:00+09:00,0.2343,0.235,0.2343,0.2349,54767.9
2025-04-20 10:50:00+09:00,0.2349,0.2353,0.2348,0.2353,22836.3
2025-04-20 10:55:00+09:00,0.2355,0.2364,0.2354,0.2363,12921.2
2025-04-20 11:00:00+09:00,0.2365,0.2369,0.2364,0.2365,57232.6
2025-04-20 11:05:00+09:00,0.2365,0.2365,0.2355,0.236,15043.9
2025-04-20 11:10:00+09:00,0.236,0.236,0.2355,0.2356,6845.9
2025-04-20 11:15:00+09:00,0.2356,0.2356,0.2348,0.2349,11823.2
2025-04-20 11:20:00+09:00,0.2349,0.2353,0.2348,0.2351,31809.8
2025-04-20 11:25:00+09:00,0.235,0.235,0.2345,0.2348,34860.0
2025-04-20 11:30:00+09:00,0.2347,0.2359,0.2346,0.2359,63098.3
2025-04-20 11:35:00+09:00,0.2359,0.2366,0.2358,0.2366,61620.8
2025-04-20 11:40:00+09:00,0.2365,0.2371,0.2362,0.2368,60739.4
2025-04-20 11:45:00+09:00,0.2368,0.237,0.2364,0.237,57014.9
2025-04-20 11:50:00+09:00,0.2371,0.238,0.2364,0.2366,244203.6
2025-04-20 11:55:00+09:00,0.2365,0.2374,0.2365,0.2368,67860.4
2025-04-20 12:00:00+09:00,0.2368,0.237,0.2362,0.2366,33843.0
2025-04-20 12:05:00+09:00,0.2366,0.2369,0.2358,0.2365,38396.0
2025-04-20 12:10:00+09:00,0.2365,0.2371,0.2363,0.2371,30145.9
2025-04-20 12:15:00+09:00,0.2372,0.2376,0.2371,0.2371,60006.0
2025-04-20 12:20:00+09:00,0.237,0.237,0.2365,0.2367,41604.9
2025-04-20 12:25:00+09:00,0.2368,0.2378,0.2368,0.2372,103819.3
2025-04-20 12:30:00+09:00,0.237,0.237,0.2365,0.2369,15135.8
2025-04-20 12:35:00+09:00,0.2369,0.237,0.2365,0.2367,209752.6
2025-04-20 12:40:00+09:00,0.2366,0.2368,0.2362,0.2362,27564.1
2025-04-20 12:45:00+09:00,0.2361,0.2361,0.2349,0.235,633876.0
2025-04-20 12:50:00+09:00,0.2349,0.2365,0.2348,0.2364,234187.2
2025-04-20 12:55:00+09:00,0.2365,0.2365,0.2352,0.2362,531451.9
2025-04-20 13:00:00+09:00,0.2362,0.2363,0.2352,0.2355,100874.0
2025-04-20 13:05:00+09:00,0.2356,0.2356,0.2344,0.2349,805404.9
2025-04-20 13:10:00+09:00,0.2349,0.2354,0.2338,0.2342,518433.8
2025-04-20 13:15:00+09:00,0.2341,0.2345,0.2339,0.234,397330.7
2025-04-20 13:20:00+09:00,0.2339,0.2347,0.2322,0.2342,1607242.1
2025-04-20 13:25:00+09:00,0.2343,0.2361,0.2341,0.2345,789341.4
2025-04-20 13:30:00+09:00,0.2344,0.2348,0.2338,0.2341,265656.8
2025-04-20 13:35:00+09:00,0.234,0.2342,0.2338,0.2342,160614.8
2025-04-20 13:40:00+09:00,0.2342,0.2346,0.2338,0.2342,85550.9
2025-04-20 13:45:00+09:00,0.2341,0.2345,0.2335,0.234,209219.4
2025-04-20 13:50:00+09:00,0.2341,0.2344,0.2338,0.2344,65092.6
2025-04-20 13:55:00+09:00,0.2344,0.2348,0.2344,0.2346,126686.9
2025-04-20 14:00:00+09:00,0.2345,0.2345,0.234,0.2344,72324.4
2025-04-20 14:05:00+09:00,0.2343,0.2352,0.2342,0.2351,53017.0
2025-04-20 14:10:00+09:00,0.2351,0.2356,0.2351,0.2353,286660.0
2025-04-20 14:15:00+09:00,0.2353,0.2366,0.2353,0.2364,342546.8
2025-04-20 14:20:00+09:00,0.2363,0.2363,0.2356,0.2362,349216.2
2025-04-20 14:25:00+09:00,0.2362,0.2362,0.2356,0.2359,96699.8
2025-04-20 14:30:00+09:00,0.2358,0.2363,0.2356,0.236,201132.6
2025-04-20 14:35:00+09:00,0.236,0.236,0.235,0.2354,210326.8
2025-04-20 14:40:00+09:00,0.2354,0.2356,0.2348,0.2353,136957.9
2025-04-20 14:45:00+09:00,0.2352,0.2352,0.2344,0.2349,136854.6
2025-04-20 14:50:00+09:00,0.2349,0.2352,0.2344,0.2347,108795.4
2025-04-20 14:55:00+09:00,0.2347,0.235,0.2343,0.2346,294910.4
2025-04-20 15:00:00+09:00,0.2345,0.2346,0.2333,0.2342,511152.1
2025-04-20 15:05:00+09:00,0.2343,0.2346,0.2339,0.2344,89209.7
2025-04-20 15:10:00+09:00,0.2343,0.2351,0.2343,0.2347,142742.5
2025-04-20 15:15:00+09:00,0.2348,0.2353,0.2347,0.2351,54655.7
2025-04-20 15:20:00+09:00,0.235,0.236,0.2348,0.2356,71911.6
2025-04-20 15:25:00+09:00,0.2355,0.2356,0.2348,0.2349,32405.9
2025-04-20 15:30:00+09:00,0.2349,0.2359,0.2348,0.2359,52412.2
2025-04-20 15:35:00+09:00,0.2359,0.2383,0.2359,0.2381,628938.6
2025-04-20 15:40:00+09:00,0.238,0.238,0.237,0.2372,108421.5
2025-04-20 15:45:00+09:00,0.2372,0.2377,0.2354,0.2358,95946.4
2025-04-20 15:50:00+09:00,0.2357,0.2365,0.2357,0.2365,142783.6
2025-04-20 15:55:00+09:00,0.2366,0.2383,0.2366,0.2375,273180.7
2025-04-20 16:00:00+09:00,0.2375,0.2378,0.2365,0.2371,130022.8
2025-04-20 16:05:00+09:00,0.2372,0.2373,0.236,0.2361,92313.2
2025-04-20 16:10:00+09:00,0.236,0.2366,0.2348,0.235,919720.7
2025-04-20 16:15:00+09:00,0.235,0.2351,0.233,0.2336,611420.6
2025-04-20 16:20:00+09:00,0.2336,0.2336,0.2314,0.2318,1615935.3
2025-04-20 16:25:00+09:00,0.2318,0.2324,0.2316,0.2319,522060.9
2025-04-20 16:30:00+09:00,0.2318,0.2326,0.2316,0.2321,434315.6
2025-04-20 16:35:00+09:00,0.2321,0.2337,0.2319,0.232,419029.2
2025-04-20 16:40:00+09:00,0.2319,0.2323,0.2318,0.2321,318393.4
2025-04-20 16:45:00+09:00,0.232,0.2322,0.231,0.2318,699209.4
2025-04-20 16:50:00+09:00,0.2318,0.2319,0.231,0.2314,411948.0
2025-04-20 16:55:00+09:00,0.2315,0.2318,0.2311,0.2318,214539.2
2025-04-20 17:00:00+09:00,0.2317,0.2323,0.2306,0.231,451363.7
2025-04-20 17:05:00+09:00,0.2309,0.2316,0.2308,0.2312,712663.0
2025-04-20 17:10:00+09:00,0.2312,0.2315,0.231,0.2315,444054.8
2025-04-20 17:15:00+09:00,0.2315,0.2321,0.2309,0.231,378877.7
2025-04-20 17:20:00+09:00,0.231,0.2318,0.2308,0.2318,167005.9
2025-04-20 17:25:00+09:00,0.2318,0.2319,0.2309,0.2314,145191.6
2025-04-20 17:30:00+09:00,0.2314,0.2314,0.2181,0.2238,3802864.4
2025-04-20 17:35:00+09:00,0.2238,0.2256,0.2233,0.2253,1103114.5
2025-04-20 17:40:00+09:00,0.2254,0.2263,0.2248,0.2258,423124.4
2025-04-20 17:45:00+09:00,0.2257,0.2258,0.2243,0.2257,474861.3
2025-04-20 17:50:00+09:00,0.2256,0.2257,0.2223,0.2225,1017251.2
2025-04-20 17:55:00+09:00,0.2225,0.2241,0.2216,0.2239,654348.2
2025-04-20 18:00:00+09:00,0.2239,0.2244,0.2234,0.2239,279430.2
2025-04-20 18:05:00+09:00,0.2238,0.2246,0.2228,0.2229,723727.8
2025-04-20 18:10:00+09:00,0.2228,0.224,0.2227,0.2232,651343.5
2025-04-20 18:15:00+09:00,0.2232,0.2236,0.2228,0.223,614580.3
2025-04-20 18:20:00+09:00,0.2231,0.224,0.2228,0.2239,1090934.1
2025-04-20 18:25:00+09:00,0.2239,0.2239,0.2227,0.2228,631049.9
2025-04-20 18:30:00+09:00,0.2229,0.2229,0.222,0.2226,1009176.3
2025-04-20 18:35:00+09:00,0.2226,0.2226,0.2201,0.222,539847.1
2025-04-20 18:40:00+09:00,0.2219,0.2221,0.2212,0.2214,169857.0
2025-04-20 18:45:00+09:00,0.2214,0.2219,0.2188,0.2195,593845.0
2025-04-20 18:50:00+09:00,0.2194,0.2207,0.2192,0.2204,384212.2
2025-04-20 18:55:00+09:00,0.2205,0.2208,0.2199,0.2203,523635.2
2025-04-20 19:00:00+09:00,0.2203,0.221,0.2196,0.2199,271031.8
2025-04-20 19:05:00+09:00,0.2198,0.2203,0.2193,0.2198,270729.7
2025-04-20 19:10:00+09:00,0.2197,0.2201,0.2193,0.22,475167.7
2025-04-20 19:15:00+09:00,0.2199,0.2213,0.2199,0.2204,242092.6
2025-04-20 19:20:00+09:00,0.2203,0.2207,0.2202,0.2206,111285.1
2025-04-20 19:25:00+09:00,0.2205,0.2207,0.2204,0.2206,69420.1
2025-04-20 19:30:00+09:00,0.2206,0.2218,0.2205,0.2218,227653.8
2025-04-20 19:35:00+09:00,0.2218,0.222,0.2211,0.2218,120376.7
2025-04-20 19:40:00+09:00,0.2217,0.222,0.2202,0.2203,76005.5
2025-04-20 19:45:00+09:00,0.2203,0.2209,0.2195,0.22,234391.4
2025-04-20 19:50:00+09:00,0.2201,0.2201,0.2178,0.2186,287344.5
2025-04-20 19:55:00+09:00,0.2186,0.2194,0.2183,0.2192,209651.9
2025-04-20 20:00:00+09:00,0.2192,0.2197,0.2189,0.2191,63158.7
2025-04-20 20:05:00+09:00,0.2192,0.2194,0.2188,0.2191,118948.5
2025-04-20 20:10:00+09:00,0.2191,0.2206,0.2186,0.2204,106101.7
2025-04-20 20:15:00+09:00,0.2204,0.2208,0.2194,0.2195,119134.5
2025-04-20 20:20:00+09:00,0.2194,0.22,0.2187,0.2187,120612.6
2025-04-20 20:25:00+09:00,0.2189,0.2192,0.2186,0.2191,73526.3
2025-04-20 20:30:00+09:00,0.2191,0.2201,0.218,0.2199,135680.0
2025-04-20 20:35:00+09:00,0.22,0.221,0.22,0.2205,124035.9
2025-04-20 20:40:00+09:00,0.2204,0.2208,0.2203,0.2204,40101.0
2025-04-20 20:45:00+09:00,0.2205,0.2206,0.2196,0.2199,72891.0
2025-04-20 20:50:00+09:00,0.2198,0.2206,0.2196,0.2205,34001.5
2025-04-20 20:55:00+09:00,0.2205,0.2217,0.2205,0.2215,129694.1
2025-04-20 21:00:00+09:00,0.2215,0.2215,0.2196,0.2204,233726.0
2025-04-20 21:05:00+09:00,0.2203,0.2215,0.2202,0.2212,65044.8
2025-04-20 21:10:00+09:00,0.2211,0.2211,0.2201,0.2207,412282.1
2025-04-20 21:15:00+09:00,0.2207,0.2212,0.2202,0.221,149945.7
2025-04-20 21:20:00+09:00,0.2209,0.2212,0.2199,0.22,270822.7
2025-04-20 21:25:00+09:00,0.2199,0.2199,0.2187,0.2192,1093606.1
2025-04-20 21:30:00+09:00,0.2192,0.2195,0.2187,0.2193,115038.6
2025-04-20 21:35:00+09:00,0.2194,0.2198,0.2189,0.2196,130984.7
2025-04-20 21:40:00+09:00,0.2196,0.2199,0.2192,0.2193,159985.5
2025-04-20 21:45:00+09:00,0.2193,0.2199,0.219,0.2193,199697.0
2025-04-20 21:50:00+09:00,0.2195,0.2202,0.2193,0.2201,349126.2
2025-04-20 21:55:00+09:00,0.22,0.2206,0.2199,0.2205,122195.0
2025-04-20 22:00:00+09:00,0.2204,0.2213,0.2202,0.2209,208489.7
2025-04-20 22:05:00+09:00,0.2211,0.2213,0.2205,0.2207,113042.8
2025-04-20 22:10:00+09:00,0.2207,0.2208,0.2202,0.2205,114069.5
2025-04-20 22:15:00+09:00,0.2205,0.2207,0.22,0.2203,213198.1
2025-04-20 22:20:00+09:00,0.2203,0.2205,0.2197,0.2201,141039.7
2025-04-20 22:25:00+09:00,0.2201,0.2201,0.2193,0.2194,352890.8
2025-04-20 22:30:00+09:00,0.2194,0.22,0.2193,0.22,300728.9
2025-04-20 22:35:00+09:00,0.22,0.2214,0.22,0.2212,234719.6
2025-04-20 22:40:00+09:00,0.2212,0.2218,0.221,0.2216,123655.9
2025-04-20 22:45:00+09:00,0.2217,0.2217,0.2208,0.221,312746.6
2025-04-20 22:50:00+09:00,0.221,0.2211,0.2204,0.2209,63307.9
2025-04-20 22:55:00+09:00,0.221,0.2214,0.2207,0.2211,176450.4
2025-04-20 23:00:00+09:00,0.221,0.2213,0.2199,0.2199,254336.0
2025-04-20 23:05:00+09:00,0.2199,0.2207,0.2193,0.2206,468227.9
2025-04-20 23:10:00+09:00,0.2205,0.222,0.2205,0.2215,105373.5
2025-04-20 23:15:00+09:00,0.2213,0.2214,0.2198,0.2203,335521.0
2025-04-20 23:20:00+09:00,0.2203,0.2205,0.2198,0.22,137373.5
2025-04-20 23:25:00+09:00,0.2199,0.2203,0.2195,0.22,93825.3
2025-04-20 23:30:00+09:00,0.22,0.2207,0.2199,0.2205,78796.3
2025-04-20 23:35:00+09:00,0.2206,0.2212,0.2206,0.2212,67799.4
2025-04-20 23:40:00+09:00,0.2212,0.2212,0.2205,0.2205,94304.5
2025-04-20 23:45:00+09:00,0.2206,0.2212,0.2203,0.2212,123708.9
2025-04-20 23:50:00+09:00,0.2212,0.2215,0.221,0.2215,73467.3
2025-04-20 23:55:00+09:00,0.2215,0.2216,0.2208,0.221,133247.4
2025-04-21 00:00:00+09:00,0.221,0.2211,0.2201,0.2201,117118.9
2025-04-21 00:05:00+09:00,0.2204,0.2208,0.2199,0.2206,145537.7
2025-04-21 00:10:00+09:00,0.2205,0.2216,0.2203,0.2216,63682.2
2025-04-21 00:15:00+09:00,0.2216,0.2217,0.2187,0.2191,958622.8
2025-04-21 00:20:00+09:00,0.2192,0.2194,0.2186,0.2192,290354.7
2025-04-21 00:25:00+09:00,0.2192,0.2196,0.219,0.2195,141039.4
2025-04-21 00:30:00+09:00,0.2195,0.2205,0.2193,0.2205,403696.2
2025-04-21 00:35:00+09:00,0.2205,0.2207,0.2192,0.2196,497038.4
2025-04-21 00:40:00+09:00,0.2195,0.2201,0.2192,0.22,152845.7
2025-04-21 00:45:00+09:00,0.22,0.2204,0.2197,0.22,299437.2
2025-04-21 00:50:00+09:00,0.2199,0.2201,0.2194,0.2199,113062.6
2025-04-21 00:55:00+09:00,0.2203,0.2213,0.2203,0.221,59842.0
2025-04-21 01:00:00+09:00,0.2209,0.2209,0.2191,0.2198,358520.8
2025-04-21 01:05:00+09:00,0.2197,0.2204,0.2191,0.2193,110224.4
2025-04-21 01:10:00+09:00,0.2191,0.2201,0.219,0.2201,106808.1
2025-04-21 01:15:00+09:00,0.2201,0.2208,0.2196,0.2208,192474.8
2025-04-21 01:20:00+09:00,0.2207,0.2215,0.2204,0.2209,193313.1
2025-04-21 01:25:00+09:00,0.2209,0.2209,0.219,0.2192,392383.4
2025-04-21 01:30:00+09:00,0.2192,0.2197,0.2192,0.2197,196416.2
2025-04-21 01:35:00+09:00,0.2197,0.2197,0.2185,0.2192,411877.7
2025-04-21 01:40:00+09:00,0.2191,0.2193,0.2175,0.2182,744257.4
2025-04-21 01:45:00+09:00,0.2181,0.2188,0.2178,0.2188,207673.1
2025-04-21 01:50:00+09:00,0.2188,0.2196,0.2188,0.2194,79173.1
2025-04-21 01:55:00+09:00,0.2195,0.2199,0.2194,0.2198,137766.6
2025-04-21 02:00:00+09:00,0.2198,0.2206,0.2197,0.2203,136440.4
2025-04-21 02:05:00+09:00,0.2202,0.2208,0.2198,0.2205,87840.0
2025-04-21 02:10:00+09:00,0.2206,0.2207,0.2185,0.2187,542110.8
2025-04-21 02:15:00+09:00,0.2187,0.219,0.2186,0.219,141159.9
2025-04-21 02:20:00+09:00,0.219,0.219,0.2184,0.2186,46744.4
2025-04-21 02:25:00+09:00,0.2187,0.2193,0.2185,0.2193,234945.7
2025-04-21 02:30:00+09:00,0.2193,0.2199,0.2192,0.2195,109750.2
2025-04-21 02:35:00+09:00,0.2196,0.2197,0.2189,0.219,103550.8
2025-04-21 02:40:00+09:00,0.2189,0.2199,0.2189,0.2199,41651.8
2025-04-21 02:45:00+09:00,0.2198,0.22,0.2195,0.2199,90881.7
2025-04-21 02:50:00+09:00,0.2199,0.2201,0.2189,0.2192,199204.0
2025-04-21 02:55:00+09:00,0.2192,0.2195,0.218,0.2181,960569.0
2025-04-21 03:00:00+09:00,0.2183,0.2184,0.2175,0.2176,293836.1
2025-04-21 03:05:00+09:00,0.2176,0.2181,0.2176,0.2181,105937.6
2025-04-21 03:10:00+09:00,0.218,0.2182,0.2177,0.2182,50361.6
2025-04-21 03:15:00+09:00,0.2182,0.2185,0.218,0.2184,43898.9
2025-04-21 03:20:00+09:00,0.2184,0.2189,0.2183,0.2183,41789.5
2025-04-21 03:25:00+09:00,0.2183,0.2186,0.2183,0.2184,62374.6
2025-04-21 03:30:00+09:00,0.2185,0.2189,0.2179,0.2181,50684.8
2025-04-21 03:35:00+09:00,0.2181,0.2182,0.2177,0.2182,94922.4
2025-04-21 03:40:00+09:00,0.2181,0.2185,0.218,0.2185,149083.5
2025-04-21 03:45:00+09:00,0.2185,0.2188,0.2183,0.2185,92178.2
2025-04-21 03:50:00+09:00,0.2185,0.2188,0.2185,0.2188,26684.5
2025-04-21 03:55:00+09:00,0.2189,0.2194,0.2188,0.2194,30351.6
2025-04-21 04:00:00+09:00,0.2195,0.2205,0.2195,0.2204,35220.2
2025-04-21 04:05:00+09:00,0.2203,0.2217,0.2201,0.2213,937550.3
2025-04-21 04:10:00+09:00,0.2213,0.222,0.2213,0.2218,80364.3
2025-04-21 04:15:00+09:00,0.222,0.2224,0.2216,0.2223,278491.5
2025-04-21 04:20:00+09:00,0.2222,0.2241,0.222,0.2237,233564.0
2025-04-21 04:25:00+09:00,0.2236,0.2257,0.2227,0.2233,682584.3
2025-04-21 04:30:00+09:00,0.2235,0.2246,0.2232,0.2233,256923.1
2025-04-21 04:35:00+09:00,0.2233,0.2235,0.2213,0.2225,501171.4
2025-04-21 04:40:00+09:00,0.2225,0.2229,0.2222,0.2228,58121.6
2025-04-21 04:45:00+09:00,0.2228,0.2232,0.2225,0.2225,39328.6
2025-04-21 04:50:00+09:00,0.2223,0.2226,0.222,0.2225,121124.7
2025-04-21 04:55:00+09:00,0.2225,0.2227,0.2219,0.2221,62883.0
2025-04-21 05:00:00+09:00,0.222,0.223,0.2218,0.2224,130524.6
2025-04-21 05:05:00+09:00,0.2225,0.2234,0.2224,0.2229,80228.5
2025-04-21 05:10:00+09:00,0.2228,0.2229,0.2221,0.2228,44895.0
2025-04-21 05:15:00+09:00,0.2229,0.223,0.2194,0.2221,1130785.9
2025-04-21 05:20:00+09:00,0.2221,0.2223,0.2216,0.2216,65522.1
2025-04-21 05:25:00+09:00,0.2215,0.2215,0.2208,0.2211,74758.1
2025-04-21 05:30:00+09:00,0.2211,0.2214,0.2204,0.2208,286313.4
2025-04-21 05:35:00+09:00,0.2207,0.2209,0.2207,0.2208,30004.1
2025-04-21 05:40:00+09:00,0.2208,0.2213,0.2208,0.2208,53621.9
2025-04-21 05:45:00+09:00,0.2208,0.221,0.22,0.2202,106204.3
2025-04-21 05:50:00+09:00,0.2202,0.2211,0.2202,0.2204,329737.2
2025-04-21 05:55:00+09:00,0.2205,0.2206,0.2201,0.2204,132325.7
2025-04-21 06:00:00+09:00,0.2204,0.2207,0.2192,0.2195,126326.1
2025-04-21 06:05:00+09:00,0.2194,0.2199,0.2194,0.2195,94903.6
2025-04-21 06:10:00+09:00,0.2195,0.2195,0.2191,0.2193,102590.1
2025-04-21 06:15:00+09:00,0.2192,0.2199,0.2191,0.2197,71059.9
2025-04-21 06:20:00+09:00,0.2196,0.2197,0.2192,0.2192,213639.7
2025-04-21 06:25:00+09:00,0.2191,0.2195,0.219,0.2192,47797.6
2025-04-21 06:30:00+09:00,0.2192,0.2199,0.2191,0.2199,52893.2
2025-04-21 06:35:00+09:00,0.22,0.2201,0.2189,0.2193,235073.5
2025-04-21 06:40:00+09:00,0.2194,0.2199,0.2193,0.2198,36138.4
2025-04-21 06:45:00+09:00,0.2198,0.2204,0.2198,0.2203,67916.3
2025-04-21 06:50:00+09:00,0.2202,0.2204,0.22,0.2202,52066.2
2025-04-21 06:55:00+09:00,0.2202,0.2203,0.2197,0.2197,30520.2
2025-04-21 07:00:00+09:00,0.2197,0.2202,0.2181,0.2191,283035.5
2025-04-21 07:05:00+09:00,0.2191,0.2191,0.2186,0.2186,50345.3
2025-04-21 07:10:00+09:00,0.2186,0.2193,0.2186,0.2193,146363.5
2025-04-21 07:15:00+09:00,0.2194,0.22,0.2193,0.2195,138083.6
2025-04-21 07:20:00+09:00,0.2195,0.2198,0.2192,0.2192,150821.0
2025-04-21 07:25:00+09:00,0.2192,0.2197,0.2192,0.2196,58688.7
2025-04-21 07:30:00+09:00,0.2195,0.2202,0.2194,0.2202,83250.6
2025-04-21 07:35:00+09:00,0.2201,0.2204,0.22,0.2201,46047.8
2025-04-21 07:40:00+09:00,0.22,0.2205,0.2197,0.2205,46920.0
2025-04-21 07:45:00+09:00,0.2204,0.2216,0.2203,0.2214,76917.7
2025-04-21 07:50:00+09:00,0.2213,0.2215,0.221,0.2211,73838.9
2025-04-21 07:55:00+09:00,0.2212,0.2212,0.2207,0.221,65340.7
2025-04-21 08:00:00+09:00,0.2211,0.2218,0.2211,0.2216,102010.9
2025-04-21 08:05:00+09:00,0.2216,0.2218,0.2213,0.2215,55161.2
2025-04-21 08:10:00+09:00,0.2215,0.2222,0.2214,0.2222,19128.0
2025-04-21 08:15:00+09:00,0.2222,0.2235,0.2222,0.2233,73158.3
2025-04-21 08:20:00+09:00,0.2233,0.2237,0.2226,0.2233,104451.9
2025-04-21 08:25:00+09:00,0.2233,0.2235,0.2227,0.2231,72928.5
2025-04-21 08:30:00+09:00,0.2231,0.2233,0.2227,0.223,59849.9
2025-04-21 08:35:00+09:00,0.223,0.2234,0.2228,0.2228,26063.4
2025-04-21 08:40:00+09:00,0.2229,0.2239,0.2228,0.2238,92603.7
2025-04-21 08:45:00+09:00,0.2237,0.2243,0.2236,0.224,30926.6
2025-04-21 08:50:00+09:00,0.224,0.2247,0.2237,0.2246,68261.4
2025-04-21 08:55:00+09:00,0.2247,0.2247,0.2237,0.2239,57135.0
2025-04-21 09:00:00+09:00,0.2238,0.2247,0.2214,0.2232,333418.8
2025-04-21 09:05:00+09:00,0.223,0.2239,0.2227,0.223,153569.5
2025-04-21 09:10:00+09:00,0.223,0.2231,0.2222,0.2226,88955.0
2025-04-21 09:15:00+09:00,0.2227,0.2236,0.2225,0.2225,91023.4
2025-04-21 09:20:00+09:00,0.2225,0.2233,0.2224,0.2229,131202.9
2025-04-21 09:25:00+09:00,0.223,0.2261,0.2229,0.2261,448635.9
2025-04-21 09:30:00+09:00,0.2259,0.2281,0.2258,0.2264,426318.3
2025-04-21 09:35:00+09:00,0.2262,0.2265,0.224,0.2248,276913.3
2025-04-21 09:40:00+09:00,0.2247,0.2261,0.2246,0.2261,72680.1
2025-04-21 09:45:00+09:00,0.2262,0.2273,0.2261,0.227,199439.6
2025-04-21 09:50:00+09:00,0.2271,0.2275,0.2263,0.2265,384412.4
2025-04-21 09:55:00+09:00,0.2265,0.2266,0.224,0.2244,216856.1
2025-04-21 10:00:00+09:00,0.2244,0.2257,0.2244,0.2254,185748.1
2025-04-21 10:05:00+09:00,0.2254,0.2255,0.2238,0.2239,173499.7
2025-04-21 10:10:00+09:00,0.2239,0.225,0.2236,0.2248,152809.5
2025-04-21 10:15:00+09:00,0.2246,0.2257,0.2243,0.2251,71992.2
2025-04-21 10:20:00+09:00,0.2249,0.2254,0.2248,0.2253,90247.7
2025-04-21 10:25:00+09:00,0.2252,0.227,0.2252,0.2258,69879.1
2025-04-21 10:30:00+09:00,0.2258,0.2273,0.2258,0.2272,289795.1
2025-04-21 10:35:00+09:00,0.227,0.2275,0.2266,0.2268,52148.4
2025-04-21 10:40:00+09:00,0.2268,0.227,0.2265,0.2268,44873.4
2025-04-21 10:45:00+09:00,0.2269,0.2281,0.2268,0.2281,70517.2
2025-04-21 10:50:00+09:00,0.2281,0.2289,0.2276,0.2277,112157.5
2025-04-21 10:55:00+09:00,0.2275,0.2283,0.2275,0.2279,69045.8
2025-04-21 11:00:00+09:00,0.2279,0.2286,0.2265,0.227,154944.5
2025-04-21 11:05:00+09:00,0.227,0.2293,0.227,0.2289,133285.6
2025-04-21 11:10:00+09:00,0.2289,0.23,0.2286,0.2293,132743.6
2025-04-21 11:15:00+09:00,0.2293,0.2293,0.228,0.2282,96197.0
2025-04-21 11:20:00+09:00,0.2281,0.229,0.2278,0.2282,103009.9
2025-04-21 11:25:00+09:00,0.2282,0.2282,0.227,0.2277,130508.7
2025-04-21 11:30:00+09:00,0.2278,0.2288,0.2276,0.2276,63901.1
2025-04-21 11:35:00+09:00,0.2276,0.2279,0.2269,0.2274,127233.3
2025-04-21 11:40:00+09:00,0.2274,0.2274,0.2264,0.2267,37617.1
2025-04-21 11:45:00+09:00,0.2267,0.2273,0.2266,0.2273,61204.2
2025-04-21 11:50:00+09:00,0.2272,0.2272,0.2264,0.2265,24034.0
2025-04-21 11:55:00+09:00,0.2265,0.2265,0.226,0.2262,86047.0
2025-04-21 12:00:00+09:00,0.2263,0.2273,0.2263,0.2273,33772.4
2025-04-21 12:05:00+09:00,0.2273,0.2277,0.2271,0.2277,50047.7
2025-04-21 12:10:00+09:00,0.2275,0.2283,0.2275,0.2279,68716.1
2025-04-21 12:15:00+09:00,0.228,0.2291,0.228,0.2288,150809.4
2025-04-21 12:20:00+09:00,0.2289,0.2291,0.2277,0.2282,44410.8
2025-04-21 12:25:00+09:00,0.2282,0.2282,0.2274,0.2277,42764.2
2025-04-21 12:30:00+09:00,0.2277,0.2283,0.2277,0.2279,94615.8
2025-04-21 12:35:00+09:00,0.2279,0.2285,0.2277,0.228,55165.3
2025-04-21 12:40:00+09:00,0.228,0.228,0.2274,0.2276,39996.7
2025-04-21 12:45:00+09:00,0.2278,0.2283,0.2276,0.2276,64632.9
2025-04-21 12:50:00+09:00,0.2276,0.2279,0.2273,0.2273,36777.9
2025-04-21 12:55:00+09:00,0.2272,0.2272,0.2253,0.2263,162403.0
2025-04-21 13:00:00+09:00,0.2264,0.2274,0.2257,0.2258,87203.1
2025-04-21 13:05:00+09:00,0.2258,0.2264,0.2256,0.2262,91884.9
2025-04-21 13:10:00+09:00,0.2263,0.2263,0.2257,0.2257,39813.2
2025-04-21 13:15:00+09:00,0.2256,0.2257,0.2248,0.2252,121204.2
2025-04-21 13:20:00+09:00,0.2253,0.2258,0.2253,0.2257,23327.1
2025-04-21 13:25:00+09:00,0.2257,0.2258,0.2249,0.2251,78496.1
2025-04-21 13:30:00+09:00,0.2252,0.2253,0.2247,0.2248,48467.9
2025-04-21 13:35:00+09:00,0.2249,0.2254,0.2248,0.2254,85490.6
2025-04-21 13:40:00+09:00,0.2255,0.2259,0.2253,0.2253,67078.9
2025-04-21 13:45:00+09:00,0.2254,0.2274,0.2253,0.2274,155368.2
2025-04-21 13:50:00+09:00,0.2273,0.2274,0.2268,0.2269,62817.5
2025-04-21 13:55:00+09:00,0.2269,0.227,0.2263,0.2265,79027.8
2025-04-21 14:00:00+09:00,0.2265,0.2268,0.2259,0.2265,58328.9
2025-04-21 14:05:00+09:00,0.2265,0.2267,0.2258,0.2262,37700.5
2025-04-21 14:10:00+09:00,0.2262,0.2275,0.2256,0.2273,413351.5
2025-04-21 14:15:00+09:00,0.2273,0.2283,0.2273,0.2279,27401.8
2025-04-21 14:20:00+09:00,0.2279,0.2282,0.2278,0.2279,11463.0
2025-04-21 14:25:00+09:00,0.2278,0.2282,0.2278,0.228,26550.2
2025-04-21 14:30:00+09:00,0.2281,0.2284,0.2278,0.2279,13733.9
2025-04-21 14:35:00+09:00,0.2279,0.2287,0.2279,0.2283,86322.4
2025-04-21 14:40:00+09:00,0.2283,0.2283,0.2279,0.228,111002.2
2025-04-21 14:45:00+09:00,0.2281,0.2293,0.2281,0.2292,61014.8
2025-04-21 14:50:00+09:00,0.2292,0.2308,0.2292,0.2301,433201.2
2025-04-21 14:55:00+09:00,0.23,0.23,0.2286,0.2288,92524.2
2025-04-21 15:00:00+09:00,0.2289,0.2291,0.2283,0.229,105574.6
2025-04-21 15:05:00+09:00,0.229,0.2298,0.2289,0.2294,91058.0
2025-04-21 15:10:00+09:00,0.2294,0.2299,0.2291,0.2296,81937.4
2025-04-21 15:15:00+09:00,0.2295,0.23,0.2293,0.2298,78143.6
2025-04-21 15:20:00+09:00,0.2299,0.2299,0.2289,0.2289,88804.4
2025-04-21 15:25:00+09:00,0.2289,0.2289,0.2279,0.2282,53696.2
2025-04-21 15:30:00+09:00,0.2283,0.2292,0.228,0.2284,170681.2
2025-04-21 15:35:00+09:00,0.2285,0.2285,0.2277,0.2279,64050.6
2025-04-21 15:40:00+09:00,0.2279,0.2282,0.2278,0.2279,16580.2
2025-04-21 15:45:00+09:00,0.228,0.2285,0.2279,0.2284,27544.2
2025-04-21 15:50:00+09:00,0.2284,0.2286,0.2281,0.2283,17885.3
2025-04-21 15:55:00+09:00,0.228,0.2283,0.2279,0.228,18950.5
2025-04-21 16:00:00+09:00,0.2281,0.2287,0.228,0.2285,32855.5
2025-04-21 16:05:00+09:00,0.2286,0.229,0.2283,0.2289,37323.3
2025-04-21 16:10:00+09:00,0.2291,0.2298,0.229,0.2295,36624.5
2025-04-21 16:15:00+09:00,0.2293,0.2293,0.2288,0.2292,19454.6
2025-04-21 16:20:00+09:00,0.2292,0.2295,0.229,0.2293,17000.8
2025-04-21 16:25:00+09:00,0.2293,0.2293,0.229,0.229,12536.2
2025-04-21 16:30:00+09:00,0.2291,0.2298,0.2285,0.2292,99795.1
2025-04-21 16:35:00+09:00,0.2291,0.2298,0.2291,0.2294,40131.7
2025-04-21 16:40:00+09:00,0.2292,0.2298,0.2289,0.2296,58008.5
2025-04-21 16:45:00+09:00,0.2297,0.2299,0.2286,0.2288,43252.3
2025-04-21 16:50:00+09:00,0.2289,0.2293,0.2283,0.229,74662.3
2025-04-21 16:55:00+09:00,0.2289,0.2297,0.2276,0.229,393857.4
2025-04-21 17:00:00+09:00,0.2289,0.2337,0.2287,0.2328,877068.0
2025-04-21 17:05:00+09:00,0.2328,0.2358,0.2326,0.2342,356671.5
2025-04-21 17:10:00+09:00,0.2342,0.2364,0.2341,0.2361,195054.6
2025-04-21 17:15:00+09:00,0.2362,0.2375,0.2362,0.2371,386946.7
2025-04-21 17:20:00+09:00,0.2371,0.2422,0.237,0.2418,1435448.4
2025-04-21 17:25:00+09:00,0.2418,0.245,0.2401,0.2422,3609702.2
2025-04-21 17:30:00+09:00,0.2421,0.2439,0.24,0.2418,987317.2
2025-04-21 17:35:00+09:00,0.2417,0.2445,0.2402,0.2422,1120773.9
2025-04-21 17:40:00+09:00,0.2423,0.2441,0.2412,0.2425,864816.3
2025-04-21 17:45:00+09:00,0.2424,0.244,0.2419,0.2433,347595.3
2025-04-21 17:50:00+09:00,0.2434,0.2487,0.2434,0.2465,2273649.8
2025-04-21 17:55:00+09:00,0.2465,0.2481,0.245,0.247,1293359.0
2025-04-21 18:00:00+09:00,0.247,0.2474,0.2438,0.2438,810288.3
2025-04-21 18:05:00+09:00,0.2437,0.2441,0.2401,0.2419,546423.7
2025-04-21 18:10:00+09:00,0.2418,0.2431,0.2392,0.2404,386979.9
2025-04-21 18:15:00+09:00,0.2405,0.2405,0.237,0.2375,1350373.1
2025-04-21 18:20:00+09:00,0.2373,0.2381,0.2351,0.2357,630962.4
2025-04-21 18:25:00+09:00,0.2357,0.2358,0.234,0.2356,629215.5
2025-04-21 18:30:00+09:00,0.2355,0.237,0.2352,0.2368,244479.7
2025-04-21 18:35:00+09:00,0.2369,0.2372,0.2356,0.236,146249.1
2025-04-21 18:40:00+09:00,0.2358,0.2363,0.2349,0.2361,222201.9
2025-04-21 18:45:00+09:00,0.2363,0.2379,0.2363,0.2374,133080.3
2025-04-21 18:50:00+09:00,0.2373,0.2375,0.2366,0.2368,147252.5
2025-04-21 18:55:00+09:00,0.2367,0.2373,0.2359,0.2361,151945.5
2025-04-21 19:00:00+09:00,0.2361,0.2361,0.2341,0.2346,184988.1
2025-04-21 19:05:00+09:00,0.2346,0.2346,0.2336,0.2343,134673.0
2025-04-21 19:10:00+09:00,0.2343,0.2349,0.2339,0.234,111290.7
2025-04-21 19:15:00+09:00,0.2341,0.2359,0.234,0.2351,280175.1
2025-04-21 19:20:00+09:00,0.235,0.2354,0.2349,0.2349,201931.0
2025-04-21 19:25:00+09:00,0.235,0.2351,0.2327,0.2331,1114840.8
2025-04-21 19:30:00+09:00,0.2332,0.2332,0.2314,0.232,1011972.2
2025-04-21 19:35:00+09:00,0.232,0.2323,0.2311,0.2317,689836.4
2025-04-21 19:40:00+09:00,0.2316,0.2322,0.2308,0.2314,395522.0
2025-04-21 19:45:00+09:00,0.2313,0.2322,0.2311,0.2322,106909.7
2025-04-21 19:50:00+09:00,0.2322,0.2332,0.2315,0.2329,279546.3
2025-04-21 19:55:00+09:00,0.2329,0.2332,0.2326,0.2328,82552.8
2025-04-21 20:00:00+09:00,0.2328,0.2335,0.232,0.2334,698129.5
2025-04-21 20:05:00+09:00,0.2334,0.2348,0.2334,0.2342,391909.8
2025-04-21 20:10:00+09:00,0.2341,0.2346,0.233,0.2336,110428.6
2025-04-21 20:15:00+09:00,0.2335,0.2341,0.2329,0.2329,147697.3
2025-04-21 20:20:00+09:00,0.2329,0.234,0.2323,0.2323,241666.7
2025-04-21 20:25:00+09:00,0.2323,0.2324,0.2316,0.232,78249.6
2025-04-21 20:30:00+09:00,0.2321,0.2332,0.2316,0.233,200875.7
2025-04-21 20:35:00+09:00,0.233,0.2331,0.2321,0.2321,177354.4
2025-04-21 20:40:00+09:00,0.2323,0.2326,0.2314,0.2319,77722.4
2025-04-21 20:45:00+09:00,0.2319,0.2326,0.2319,0.2325,66899.9
2025-04-21 20:50:00+09:00,0.2326,0.2331,0.2319,0.2324,128061.8
2025-04-21 20:55:00+09:00,0.2323,0.2327,0.2295,0.2309,715609.0
2025-04-21 21:00:00+09:00,0.2308,0.2315,0.2306,0.2314,121076.7
2025-04-21 21:05:00+09:00,0.2313,0.2315,0.2305,0.2311,176411.4
2025-04-21 21:10:00+09:00,0.2311,0.232,0.2306,0.2318,203874.1
2025-04-21 21:15:00+09:00,0.2319,0.2328,0.2317,0.2327,214424.7
2025-04-21 21:20:00+09:00,0.2328,0.2337,0.2326,0.2335,109140.6
2025-04-21 21:25:00+09:00,0.2335,0.2338,0.233,0.2336,196569.5
2025-04-21 21:30:00+09:00,0.2337,0.2343,0.2328,0.2328,973234.0
2025-04-21 21:35:00+09:00,0.2326,0.2328,0.232,0.2327,206159.9
2025-04-21 21:40:00+09:00,0.2326,0.233,0.2324,0.2326,128650.2
2025-04-21 21:45:00+09:00,0.2326,0.2337,0.2325,0.2336,278251.3
2025-04-21 21:50:00+09:00,0.2336,0.2341,0.2314,0.2314,711704.0
2025-04-21 21:55:00+09:00,0.2315,0.2322,0.2307,0.2307,543609.6
2025-04-21 22:00:00+09:00,0.2307,0.2312,0.2302,0.2311,594107.3
2025-04-21 22:05:00+09:00,0.2311,0.2312,0.2299,0.2302,183673.1
2025-04-21 22:10:00+09:00,0.2301,0.2311,0.2301,0.231,83877.0
2025-04-21 22:15:00+09:00,0.2309,0.231,0.2301,0.2302,88238.6
2025-04-21 22:20:00+09:00,0.2303,0.2316,0.2301,0.2315,101228.7
2025-04-21 22:25:00+09:00,0.2315,0.2322,0.2312,0.2321,78829.5
2025-04-21 22:30:00+09:00,0.2323,0.2327,0.2316,0.2316,264777.1
2025-04-21 22:35:00+09:00,0.2316,0.2329,0.2306,0.2328,119822.5
2025-04-21 22:40:00+09:00,0.2327,0.2332,0.2325,0.2328,119394.4
2025-04-21 22:45:00+09:00,0.2327,0.233,0.2318,0.2325,117469.7
2025-04-21 22:50:00+09:00,0.2324,0.2334,0.2319,0.2319,130461.6
2025-04-21 22:55:00+09:00,0.2317,0.2318,0.2299,0.2299,267720.8
2025-04-21 23:00:00+09:00,0.2298,0.2309,0.2287,0.2308,177712.9
2025-04-21 23:05:00+09:00,0.2308,0.2308,0.2296,0.2304,639268.2
2025-04-21 23:10:00+09:00,0.2304,0.2314,0.2302,0.2314,266347.6
2025-04-21 23:15:00+09:00,0.2315,0.2318,0.2306,0.2315,457167.7
2025-04-21 23:20:00+09:00,0.2316,0.2335,0.2316,0.2326,615800.5
2025-04-21 23:25:00+09:00,0.2327,0.2333,0.2318,0.2326,212790.2
2025-04-21 23:30:00+09:00,0.2327,0.2327,0.2312,0.2314,132676.6
2025-04-21 23:35:00+09:00,0.2316,0.232,0.2311,0.2317,153902.7
2025-04-21 23:40:00+09:00,0.2318,0.2319,0.2305,0.2305,595746.8
2025-04-21 23:45:00+09:00,0.2306,0.2318,0.2304,0.2304,261191.7
2025-04-21 23:50:00+09:00,0.2304,0.2315,0.2303,0.2312,68556.3
2025-04-21 23:55:00+09:00,0.2311,0.2321,0.231,0.2318,112894.4
2025-04-22 00:00:00+09:00,0.2319,0.2322,0.2315,0.2322,42181.2
2025-04-22 00:05:00+09:00,0.2322,0.2332,0.2321,0.2328,199272.3
2025-04-22 00:10:00+09:00,0.2327,0.2328,0.2316,0.2321,232666.7
2025-04-22 00:15:00+09:00,0.2321,0.2331,0.232,0.233,322120.9
2025-04-22 00:20:00+09:00,0.233,0.2334,0.2308,0.2313,622933.3
2025-04-22 00:25:00+09:00,0.2313,0.232,0.2309,0.2318,226806.6
2025-04-22 00:30:00+09:00,0.2318,0.2319,0.2304,0.231,644093.5
2025-04-22 00:35:00+09:00,0.231,0.2327,0.2307,0.2321,464957.4
2025-04-22 00:40:00+09:00,0.232,0.2324,0.2311,0.2311,125171.0
2025-04-22 00:45:00+09:00,0.2312,0.2314,0.23,0.2314,88857.0
2025-04-22 00:50:00+09:00,0.2314,0.2316,0.2309,0.231,76651.8
2025-04-22 00:55:00+09:00,0.231,0.2315,0.2309,0.2315,49494.1
2025-04-22 01:00:00+09:00,0.2314,0.2319,0.2309,0.2318,32828.6
2025-04-22 01:05:00+09:00,0.2317,0.2317,0.23,0.2303,395243.6
2025-04-22 01:10:00+09:00,0.2302,0.2308,0.23,0.2303,178093.9
2025-04-22 01:15:00+09:00,0.2303,0.2306,0.2267,0.2273,1832913.6
2025-04-22 01:20:00+09:00,0.2272,0.2281,0.2259,0.2281,700224.7
2025-04-22 01:25:00+09:00,0.2282,0.2283,0.2264,0.2266,642598.1
2025-04-22 01:30:00+09:00,0.2265,0.2275,0.2265,0.2275,214738.8
2025-04-22 01:35:00+09:00,0.2275,0.2279,0.2267,0.2275,235567.2
2025-04-22 01:40:00+09:00,0.2275,0.2279,0.2271,0.2271,491511.5
2025-04-22 01:45:00+09:00,0.2272,0.2272,0.2253,0.2262,326548.3
2025-04-22 01:50:00+09:00,0.2262,0.2263,0.2235,0.2245,697386.2
2025-04-22 01:55:00+09:00,0.2245,0.2247,0.2236,0.2241,301007.2
2025-04-22 02:00:00+09:00,0.2241,0.2241,0.2217,0.2222,630377.3
2025-04-22 02:05:00+09:00,0.2222,0.2237,0.221,0.2231,327419.9
2025-04-22 02:10:00+09:00,0.223,0.2235,0.2225,0.2226,198809.4
2025-04-22 02:15:00+09:00,0.2225,0.2235,0.2216,0.2231,134120.5
2025-04-22 02:20:00+09:00,0.223,0.2236,0.2226,0.2231,80551.2
2025-04-22 02:25:00+09:00,0.2233,0.2251,0.2233,0.2243,85423.8
2025-04-22 02:30:00+09:00,0.2242,0.2246,0.2237,0.2241,49150.0
2025-04-22 02:35:00+09:00,0.2241,0.2243,0.2229,0.2233,545834.8
2025-04-22 02:40:00+09:00,0.2233,0.2236,0.2223,0.2226,678956.9
2025-04-22 02:45:00+09:00,0.2225,0.2236,0.2225,0.2232,259523.0
2025-04-22 02:50:00+09:00,0.2232,0.2237,0.2232,0.2236,83608.3
2025-04-22 02:55:00+09:00,0.2234,0.2245,0.2233,0.2244,411079.0
2025-04-22 03:00:00+09:00,0.2245,0.2254,0.2244,0.2249,133095.1
2025-04-22 03:05:00+09:00,0.2249,0.2252,0.2243,0.2247,117858.5
2025-04-22 03:10:00+09:00,0.2248,0.2251,0.2241,0.2247,144967.1
2025-04-22 03:15:00+09:00,0.2248,0.2253,0.2228,0.2228,879655.6
2025-04-22 03:20:00+09:00,0.2229,0.2232,0.2221,0.2228,345481.3
2025-04-22 03:25:00+09:00,0.2228,0.2228,0.2211,0.2214,1622296.1
2025-04-22 03:30:00+09:00,0.2215,0.2216,0.2208,0.2213,482526.7
2025-04-22 03:35:00+09:00,0.2214,0.222,0.2214,0.2217,138546.9
2025-04-22 03:40:00+09:00,0.2218,0.2219,0.2213,0.2218,268629.6
2025-04-22 03:45:00+09:00,0.2219,0.222,0.2212,0.2215,166436.1
2025-04-22 03:50:00+09:00,0.2215,0.2216,0.2212,0.2215,118802.7
2025-04-22 03:55:00+09:00,0.2214,0.2214,0.221,0.221,96011.2
2025-04-22 04:00:00+09:00,0.2209,0.2216,0.2204,0.2213,233994.6
2025-04-22 04:05:00+09:00,0.2213,0.2219,0.2213,0.2219,37816.3
2025-04-22 04:10:00+09:00,0.2218,0.222,0.2216,0.2216,52236.2
2025-04-22 04:15:00+09:00,0.2217,0.2222,0.2215,0.2222,150952.9
2025-04-22 04:20:00+09:00,0.2222,0.223,0.2222,0.2225,133390.4
2025-04-22 04:25:00+09:00,0.2224,0.2226,0.2218,0.2224,23015.1
2025-04-22 04:30:00+09:00,0.2224,0.2226,0.2219,0.2222,122703.2
2025-04-22 04:35:00+09:00,0.2223,0.2224,0.2219,0.2219,45530.8
2025-04-22 04:40:00+09:00,0.2219,0.2221,0.2215,0.2215,42894.1
2025-04-22 04:45:00+09:00,0.2215,0.2216,0.2208,0.2214,119309.2
2025-04-22 04:50:00+09:00,0.2215,0.2218,0.2213,0.2218,41154.2
2025-04-22 04:55:00+09:00,0.2221,0.2223,0.2217,0.2218,47523.9
2025-04-22 05:00:00+09:00,0.2217,0.2219,0.2208,0.2209,176345.1
2025-04-22 05:05:00+09:00,0.2208,0.2212,0.2206,0.2208,93800.1
2025-04-22 05:10:00+09:00,0.2208,0.2212,0.2208,0.2211,47872.3
2025-04-22 05:15:00+09:00,0.2211,0.2213,0.221,0.2212,33531.8
2025-04-22 05:20:00+09:00,0.2212,0.2214,0.2211,0.2213,10967.6
2025-04-22 05:25:00+09:00,0.2213,0.2215,0.2213,0.2213,45638.6
2025-04-22 05:30:00+09:00,0.2212,0.2216,0.2211,0.2216,90645.2
2025-04-22 05:35:00+09:00,0.2215,0.2215,0.2211,0.2213,54818.6
2025-04-22 05:40:00+09:00,0.2213,0.2219,0.2213,0.2217,66383.5
2025-04-22 05:45:00+09:00,0.2218,0.2226,0.2218,0.2225,124053.7
2025-04-22 05:50:00+09:00,0.2226,0.2231,0.2224,0.2231,22128.6
2025-04-22 05:55:00+09:00,0.2231,0.2236,0.2231,0.2234,53586.9
2025-04-22 06:00:00+09:00,0.2234,0.2236,0.2229,0.2231,55183.8
2025-04-22 06:05:00+09:00,0.223,0.2234,0.2228,0.2229,197658.9
2025-04-22 06:10:00+09:00,0.2229,0.2233,0.2228,0.2232,107208.6
2025-04-22 06:15:00+09:00,0.2233,0.2234,0.2228,0.223,29926.3
2025-04-22 06:20:00+09:00,0.223,0.2234,0.2228,0.2232,81686.4
2025-04-22 06:25:00+09:00,0.2234,0.2243,0.2229,0.2232,129165.8
2025-04-22 06:30:00+09:00,0.2231,0.2232,0.2222,0.2225,186805.7
2025-04-22 06:35:00+09:00,0.2225,0.2234,0.2225,0.2234,74255.9
2025-04-22 06:40:00+09:00,0.2233,0.2241,0.2231,0.2239,143023.0
2025-04-22 06:45:00+09:00,0.2239,0.2241,0.2237,0.2239,8257.3
2025-04-22 06:50:00+09:00,0.224,0.2246,0.2238,0.2244,177877.7
2025-04-22 06:55:00+09:00,0.2245,0.2252,0.2243,0.2251,173185.4
2025-04-22 07:00:00+09:00,0.2249,0.225,0.2237,0.2238,74983.8
2025-04-22 07:05:00+09:00,0.2238,0.2242,0.2234,0.2239,51214.6
2025-04-22 07:10:00+09:00,0.224,0.2242,0.2235,0.2236,109548.5
2025-04-22 07:15:00+09:00,0.2237,0.2239,0.2232,0.2237,466489.2
2025-04-22 07:20:00+09:00,0.2236,0.2238,0.2234,0.2238,75710.9
2025-04-22 07:25:00+09:00,0.2238,0.2247,0.2236,0.2244,124480.6
2025-04-22 07:30:00+09:00,0.2246,0.2256,0.2245,0.2256,120729.3
2025-04-22 07:35:00+09:00,0.2256,0.2262,0.2252,0.2255,59198.6
2025-04-22 07:40:00+09:00,0.2255,0.2263,0.2252,0.2262,57807.8
2025-04-22 07:45:00+09:00,0.2263,0.227,0.2263,0.2264,70921.6
2025-04-22 07:50:00+09:00,0.2264,0.2265,0.2261,0.2264,21181.4
2025-04-22 07:55:00+09:00,0.2264,0.2296,0.2264,0.2292,666865.4
2025-04-22 08:00:00+09:00,0.2291,0.23,0.2286,0.2288,459691.1
2025-04-22 08:05:00+09:00,0.2288,0.2304,0.2287,0.2297,272388.6
2025-04-22 08:10:00+09:00,0.2298,0.2301,0.2291,0.23,62997.4
2025-04-22 08:15:00+09:00,0.2299,0.2299,0.2274,0.2277,241102.1
2025-04-22 08:20:00+09:00,0.2277,0.2284,0.227,0.2284,79126.0
2025-04-22 08:25:00+09:00,0.2286,0.2289,0.228,0.2284,52271.0
2025-04-22 08:30:00+09:00,0.2284,0.2289,0.2275,0.2283,29298.8
2025-04-22 08:35:00+09:00,0.2283,0.2288,0.2258,0.2261,234861.3
2025-04-22 08:40:00+09:00,0.226,0.2268,0.2259,0.2265,85532.9
2025-04-22 08:45:00+09:00,0.2265,0.2272,0.2262,0.2272,21339.1
2025-04-22 08:50:00+09:00,0.2274,0.2274,0.2256,0.2258,441489.1
2025-04-22 08:55:00+09:00,0.2259,0.2267,0.2251,0.2262,620832.0
2025-04-22 09:00:00+09:00,0.226,0.2262,0.2238,0.2238,272030.4
2025-04-22 09:05:00+09:00,0.2238,0.2238,0.2226,0.2233,630351.4
2025-04-22 09:10:00+09:00,0.2233,0.2234,0.2224,0.2226,87456.2
2025-04-22 09:15:00+09:00,0.2228,0.2232,0.2221,0.2232,85708.2
2025-04-22 09:20:00+09:00,0.2232,0.2233,0.2224,0.2226,105214.4
2025-04-22 09:25:00+09:00,0.2227,0.2238,0.2227,0.2232,206423.2
2025-04-22 09:30:00+09:00,0.223,0.2231,0.2217,0.2219,254219.1
2025-04-22 09:35:00+09:00,0.2218,0.2218,0.2189,0.2209,1228464.2
2025-04-22 09:40:00+09:00,0.2208,0.2219,0.2208,0.2219,57540.7
2025-04-22 09:45:00+09:00,0.2219,0.2219,0.2208,0.2218,61312.7
2025-04-22 09:50:00+09:00,0.2218,0.2223,0.2214,0.2223,64501.7
2025-04-22 09:55:00+09:00,0.2224,0.2233,0.2222,0.2232,51458.0
2025-04-22 10:00:00+09:00,0.2231,0.2232,0.2224,0.223,52604.1
2025-04-22 10:05:00+09:00,0.223,0.2238,0.223,0.2235,48897.8
2025-04-22 10:10:00+09:00,0.2234,0.224,0.2233,0.2236,47098.6
2025-04-22 10:15:00+09:00,0.2236,0.2276,0.2236,0.2269,721331.1
2025-04-22 10:20:00+09:00,0.227,0.2283,0.2264,0.2265,82882.1
2025-04-22 10:25:00+09:00,0.2266,0.2268,0.2255,0.2259,41126.8
2025-04-22 10:30:00+09:00,0.226,0.2274,0.226,0.227,79576.4
2025-04-22 10:35:00+09:00,0.2271,0.2279,0.2268,0.2273,29397.4
2025-04-22 10:40:00+09:00,0.2274,0.2279,0.2268,0.2275,81237.1
2025-04-22 10:45:00+09:00,0.2274,0.2276,0.227,0.2272,73452.8
2025-04-22 10:50:00+09:00,0.2271,0.2281,0.2267,0.2273,55390.5
2025-04-22 10:55:00+09:00,0.2274,0.2277,0.227,0.2272,34613.5
2025-04-22 11:00:00+09:00,0.2271,0.228,0.2269,0.2274,56381.4
2025-04-22 11:05:00+09:00,0.2273,0.2277,0.227,0.2272,18621.8
2025-04-22 11:10:00+09:00,0.2271,0.2271,0.2263,0.2263,32787.1
2025-04-22 11:15:00+09:00,0.2264,0.2264,0.2248,0.225,147744.9
2025-04-22 11:20:00+09:00,0.2252,0.2257,0.2251,0.2254,67787.8
2025-04-22 11:25:00+09:00,0.2254,0.2255,0.224,0.2246,18123.4
2025-04-22 11:30:00+09:00,0.2246,0.2248,0.2238,0.2243,41935.6
2025-04-22 11:35:00+09:00,0.2243,0.2251,0.2241,0.2241,63912.5
2025-04-22 11:40:00+09:00,0.2241,0.2244,0.2238,0.2242,41046.1
2025-04-22 11:45:00+09:00,0.2242,0.2253,0.224,0.2251,66627.3
2025-04-22 11:50:00+09:00,0.2251,0.2251,0.2241,0.2247,115273.0
2025-04-22 11:55:00+09:00,0.2247,0.2251,0.2247,0.225,33666.1
2025-04-22 12:00:00+09:00,0.2248,0.2252,0.2243,0.2246,35946.0
2025-04-22 12:05:00+09:00,0.2245,0.2247,0.2242,0.2244,45458.7
2025-04-22 12:10:00+09:00,0.2243,0.2245,0.2238,0.2242,41029.9
2025-04-22 12:15:00+09:00,0.2243,0.2257,0.2242,0.2254,37170.4
2025-04-22 12:20:00+09:00,0.2253,0.2259,0.2248,0.2259,43485.4
2025-04-22 12:25:00+09:00,0.2259,0.2267,0.2256,0.2264,26364.5
2025-04-22 12:30:00+09:00,0.2264,0.2272,0.2262,0.2272,18018.7
2025-04-22 12:35:00+09:00,0.2272,0.2297,0.2271,0.2274,273122.5
2025-04-22 12:40:00+09:00,0.2273,0.2273,0.2264,0.227,302025.0
2025-04-22 12:45:00+09:00,0.227,0.227,0.2264,0.2266,31983.4
2025-04-22 12:50:00+09:00,0.2265,0.2266,0.226,0.2263,65575.0
2025-04-22 12:55:00+09:00,0.2264,0.2269,0.2263,0.2264,31931.9
2025-04-22 13:00:00+09:00,0.2263,0.2266,0.2253,0.2256,68783.5
2025-04-22 13:05:00+09:00,0.2256,0.2273,0.2256,0.2269,36081.1
2025-04-22 13:10:00+09:00,0.2269,0.2275,0.2265,0.2274,57759.5
2025-04-22 13:15:00+09:00,0.2273,0.2283,0.227,0.2275,221984.1
2025-04-22 13:20:00+09:00,0.2275,0.2284,0.227,0.2275,287282.0
2025-04-22 13:25:00+09:00,0.2276,0.2277,0.2269,0.2269,55776.1
2025-04-22 13:30:00+09:00,0.2269,0.227,0.2257,0.2266,99421.9
2025-04-22 13:35:00+09:00,0.2267,0.2267,0.2259,0.2261,66062.5
2025-04-22 13:40:00+09:00,0.226,0.226,0.2252,0.2254,32653.1
2025-04-22 13:45:00+09:00,0.2256,0.2256,0.2249,0.2256,34185.5
2025-04-22 13:50:00+09:00,0.2255,0.2259,0.2252,0.2259,28378.4
2025-04-22 13:55:00+09:00,0.2263,0.2263,0.2249,0.2252,49679.0
2025-04-22 14:00:00+09:00,0.2252,0.2264,0.2246,0.2247,301644.6
2025-04-22 14:05:00+09:00,0.2247,0.2253,0.2242,0.2245,37064.0
2025-04-22 14:10:00+09:00,0.2245,0.2245,0.2236,0.2239,33406.9
2025-04-22 14:15:00+09:00,0.224,0.224,0.2231,0.2234,42066.7
2025-04-22 14:20:00+09:00,0.2232,0.2235,0.2232,0.2233,12661.2
2025-04-22 14:25:00+09:00,0.2233,0.2235,0.2222,0.2228,114574.1
2025-04-22 14:30:00+09:00,0.2228,0.2232,0.222,0.2231,93746.3
2025-04-22 14:35:00+09:00,0.223,0.2236,0.2229,0.223,38134.1
2025-04-22 14:40:00+09:00,0.223,0.2231,0.2227,0.2229,12124.3
2025-04-22 14:45:00+09:00,0.2231,0.2231,0.2226,0.2229,53754.4
2025-04-22 14:50:00+09:00,0.2228,0.2231,0.2224,0.2225,46342.9
2025-04-22 14:55:00+09:00,0.2226,0.2231,0.2219,0.2221,109892.2
2025-04-22 15:00:00+09:00,0.2222,0.2229,0.2219,0.2229,85120.9
2025-04-22 15:05:00+09:00,0.223,0.2232,0.2222,0.2224,35953.4
2025-04-22 15:10:00+09:00,0.2224,0.223,0.2223,0.2228,15113.6
2025-04-22 15:15:00+09:00,0.2227,0.2229,0.2211,0.2211,225340.9
2025-04-22 15:20:00+09:00,0.2212,0.2218,0.2202,0.2205,398822.3
2025-04-22 15:25:00+09:00,0.2205,0.2212,0.2204,0.2205,40194.2
2025-04-22 15:30:00+09:00,0.2204,0.2209,0.2199,0.2202,774772.4
2025-04-22 15:35:00+09:00,0.2203,0.2203,0.2186,0.2191,376149.4
2025-04-22 15:40:00+09:00,0.2191,0.22,0.219,0.2199,176446.8
2025-04-22 15:45:00+09:00,0.2198,0.2201,0.2187,0.2196,691794.0
2025-04-22 15:50:00+09:00,0.2195,0.22,0.2194,0.22,122622.3
2025-04-22 15:55:00+09:00,0.2201,0.2211,0.2198,0.2207,201587.0
2025-04-22 16:00:00+09:00,0.2208,0.2209,0.2199,0.2202,251923.0
2025-04-22 16:05:00+09:00,0.2202,0.2208,0.2199,0.2206,134315.1
2025-04-22 16:10:00+09:00,0.2207,0.2208,0.2202,0.2205,205159.1
2025-04-22 16:15:00+09:00,0.2207,0.2221,0.2207,0.2221,55949.3
2025-04-22 16:20:00+09:00,0.2222,0.223,0.2222,0.2229,58657.9
2025-04-22 16:25:00+09:00,0.2229,0.2231,0.2225,0.2229,116457.0
2025-04-22 16:30:00+09:00,0.2231,0.2258,0.2231,0.2254,270941.9
2025-04-22 16:35:00+09:00,0.2256,0.2259,0.2238,0.2238,160738.2
2025-04-22 16:40:00+09:00,0.2239,0.2252,0.2239,0.2252,113051.5
2025-04-22 16:45:00+09:00,0.2252,0.2258,0.2243,0.2245,111031.8
2025-04-22 16:50:00+09:00,0.2246,0.2252,0.2244,0.2247,36674.8
2025-04-22 16:55:00+09:00,0.2248,0.2252,0.2245,0.2251,126239.5
2025-04-22 17:00:00+09:00,0.225,0.2252,0.2242,0.2249,87020.8
2025-04-22 17:05:00+09:00,0.2248,0.225,0.2243,0.2243,22295.6
2025-04-22 17:10:00+09:00,0.2243,0.2248,0.2239,0.2243,85165.8
2025-04-22 17:15:00+09:00,0.2244,0.2284,0.2244,0.2252,726651.8
2025-04-22 17:20:00+09:00,0.2252,0.2255,0.2248,0.225,51679.2
2025-04-22 17:25:00+09:00,0.225,0.2251,0.2247,0.225,62359.2
2025-04-22 17:30:00+09:00,0.225,0.2259,0.225,0.2259,54912.0
2025-04-22 17:35:00+09:00,0.226,0.2263,0.2253,0.2254,211582.0
2025-04-22 17:40:00+09:00,0.2254,0.2257,0.2253,0.2254,18254.7
2025-04-22 17:45:00+09:00,0.2254,0.2261,0.2253,0.2259,15741.5
2025-04-22 17:50:00+09:00,0.2259,0.226,0.2255,0.2256,12142.5
2025-04-22 17:55:00+09:00,0.2257,0.2257,0.2254,0.2254,19706.5
2025-04-22 18:00:00+09:00,0.2254,0.2259,0.225,0.225,168280.8
2025-04-22 18:05:00+09:00,0.225,0.2251,0.2238,0.2243,233404.5
2025-04-22 18:10:00+09:00,0.2243,0.2245,0.2236,0.2236,24816.9
2025-04-22 18:15:00+09:00,0.2235,0.2236,0.2229,0.223,77777.8
2025-04-22 18:20:00+09:00,0.2227,0.2242,0.2226,0.2234,167411.9
2025-04-22 18:25:00+09:00,0.2235,0.2239,0.2232,0.2239,87404.5
2025-04-22 18:30:00+09:00,0.224,0.224,0.2228,0.223,151458.4
2025-04-22 18:35:00+09:00,0.2231,0.2237,0.2229,0.223,80174.8
2025-04-22 18:40:00+09:00,0.2231,0.2241,0.2231,0.2241,118820.4
2025-04-22 18:45:00+09:00,0.2242,0.2242,0.2234,0.2238,27370.3
2025-04-22 18:50:00+09:00,0.2238,0.2242,0.2236,0.2239,38409.9
2025-04-22 18:55:00+09:00,0.2238,0.2246,0.2237,0.2245,46122.1
2025-04-22 19:00:00+09:00,0.2244,0.2244,0.2238,0.2244,60817.2
2025-04-22 19:05:00+09:00,0.2244,0.2252,0.2243,0.2251,35181.9
2025-04-22 19:10:00+09:00,0.2251,0.2252,0.2248,0.2249,48211.6
2025-04-22 19:15:00+09:00,0.2247,0.2247,0.224,0.2241,29439.5
2025-04-22 19:20:00+09:00,0.2241,0.2242,0.2234,0.2236,47701.1
2025-04-22 19:25:00+09:00,0.2236,0.2238,0.2234,0.2237,48365.5
2025-04-22 19:30:00+09:00,0.2237,0.2242,0.2237,0.2241,23552.6
2025-04-22 19:35:00+09:00,0.224,0.2246,0.224,0.2246,28698.5
2025-04-22 19:40:00+09:00,0.2246,0.2251,0.2245,0.2249,73546.5
2025-04-22 19:45:00+09:00,0.2248,0.2249,0.2227,0.2232,1178767.7
2025-04-22 19:50:00+09:00,0.2232,0.2242,0.223,0.2241,155403.0
2025-04-22 19:55:00+09:00,0.2241,0.2243,0.2235,0.2239,275732.0
2025-04-22 20:00:00+09:00,0.224,0.2243,0.2235,0.2239,52830.9
2025-04-22 20:05:00+09:00,0.224,0.224,0.2236,0.2237,21752.4
2025-04-22 20:10:00+09:00,0.2237,0.2239,0.2233,0.2236,17714.5
2025-04-22 20:15:00+09:00,0.2237,0.2238,0.2228,0.2228,88771.7
2025-04-22 20:20:00+09:00,0.2228,0.2231,0.2224,0.2231,71860.5
2025-04-22 20:25:00+09:00,0.223,0.2232,0.2229,0.2231,76116.2
2025-04-22 20:30:00+09:00,0.2231,0.2232,0.2228,0.2229,69391.7
2025-04-22 20:35:00+09:00,0.223,0.2231,0.2227,0.2229,112281.6
2025-04-22 20:40:00+09:00,0.223,0.2234,0.2225,0.223,60438.8
2025-04-22 20:45:00+09:00,0.2229,0.2231,0.2223,0.223,147579.3
2025-04-22 20:50:00+09:00,0.2231,0.2238,0.223,0.2237,78694.4
2025-04-22 20:55:00+09:00,0.2236,0.2237,0.2233,0.2233,87605.4
2025-04-22 21:00:00+09:00,0.2232,0.2234,0.2218,0.2224,639645.0
2025-04-22 21:05:00+09:00,0.2224,0.2227,0.2216,0.2223,662828.3
2025-04-22 21:10:00+09:00,0.2223,0.223,0.2219,0.2219,308815.2
2025-04-22 21:15:00+09:00,0.222,0.2228,0.2219,0.2225,186201.6
2025-04-22 21:20:00+09:00,0.2225,0.2227,0.2219,0.2226,720949.5
2025-04-22 21:25:00+09:00,0.2226,0.2233,0.2223,0.2232,113584.0
2025-04-22 21:30:00+09:00,0.2232,0.2235,0.2227,0.2228,129989.5
2025-04-22 21:35:00+09:00,0.2228,0.2235,0.2225,0.2225,233828.4
2025-04-22 21:40:00+09:00,0.2224,0.2231,0.2213,0.2222,209190.5
2025-04-22 21:45:00+09:00,0.2222,0.2226,0.222,0.2221,140524.2
2025-04-22 21:50:00+09:00,0.2221,0.2224,0.2215,0.2219,500786.2
2025-04-22 21:55:00+09:00,0.2219,0.2235,0.2217,0.2224,503524.7
2025-04-22 22:00:00+09:00,0.2224,0.2227,0.2218,0.2223,438227.4
2025-04-22 22:05:00+09:00,0.2224,0.2241,0.2224,0.2236,539973.8
2025-04-22 22:10:00+09:00,0.2237,0.2241,0.2235,0.2241,90665.3
2025-04-22 22:15:00+09:00,0.224,0.2248,0.2231,0.2232,216897.4
2025-04-22 22:20:00+09:00,0.2232,0.2241,0.2228,0.2238,409070.2
2025-04-22 22:25:00+09:00,0.2237,0.2238,0.2221,0.2224,908889.8
2025-04-22 22:30:00+09:00,0.2224,0.223,0.2216,0.2228,249496.4
2025-04-22 22:35:00+09:00,0.2227,0.2233,0.2222,0.2231,226716.7
2025-04-22 22:40:00+09:00,0.2234,0.2253,0.2232,0.225,390644.6
2025-04-22 22:45:00+09:00,0.2252,0.2255,0.2232,0.2239,1982136.6
2025-04-22 22:50:00+09:00,0.2237,0.2245,0.223,0.2234,326514.3
2025-04-22 22:55:00+09:00,0.2233,0.2242,0.2226,0.2242,253661.2
2025-04-22 23:00:00+09:00,0.2241,0.2252,0.224,0.2242,640665.7
2025-04-22 23:05:00+09:00,0.2243,0.2243,0.223,0.2235,474154.9
2025-04-22 23:10:00+09:00,0.2237,0.2255,0.2237,0.2255,248970.6
2025-04-22 23:15:00+09:00,0.2255,0.2289,0.2254,0.228,984523.1
2025-04-22 23:20:00+09:00,0.2279,0.2284,0.2271,0.2276,260934.4
2025-04-22 23:25:00+09:00,0.2276,0.2277,0.2268,0.2276,153231.8
2025-04-22 23:30:00+09:00,0.2275,0.2297,0.2266,0.2295,290023.4
2025-04-22 23:35:00+09:00,0.2295,0.2304,0.2289,0.2297,631969.6
2025-04-22 23:40:00+09:00,0.2298,0.2309,0.2288,0.2302,459511.2
2025-04-22 23:45:00+09:00,0.2304,0.2316,0.23,0.2305,632979.3
2025-04-22 23:50:00+09:00,0.2305,0.2307,0.2289,0.23,243180.9
2025-04-22 23:55:00+09:00,0.23,0.2304,0.2287,0.2293,1139649.5
2025-04-23 00:00:00+09:00,0.2292,0.2314,0.229,0.2303,1527014.2
2025-04-23 00:05:00+09:00,0.2303,0.2307,0.229,0.2296,783803.0
2025-04-23 00:10:00+09:00,0.2295,0.231,0.2295,0.2299,803257.0
2025-04-23 00:15:00+09:00,0.2299,0.2306,0.2286,0.2295,876533.8
2025-04-23 00:20:00+09:00,0.2296,0.2297,0.2284,0.2293,1194394.4
2025-04-23 00:25:00+09:00,0.2293,0.2297,0.2277,0.2282,982248.4
2025-04-23 00:30:00+09:00,0.2282,0.2283,0.2265,0.2268,900067.1
2025-04-23 00:35:00+09:00,0.2268,0.2276,0.2268,0.2275,432366.0
2025-04-23 00:40:00+09:00,0.2275,0.2278,0.2258,0.2263,364942.7
2025-04-23 00:45:00+09:00,0.2263,0.2272,0.2259,0.2272,251249.8
2025-04-23 00:50:00+09:00,0.2271,0.2272,0.2256,0.2261,453241.0
2025-04-23 00:55:00+09:00,0.2261,0.2273,0.2259,0.2273,286802.7
2025-04-23 01:00:00+09:00,0.2273,0.228,0.2259,0.2263,641167.9
2025-04-23 01:05:00+09:00,0.2264,0.2283,0.2264,0.2268,577899.0
2025-04-23 01:10:00+09:00,0.2269,0.2272,0.2266,0.2271,161806.7
2025-04-23 01:15:00+09:00,0.2272,0.2279,0.2269,0.2279,147438.3
2025-04-23 01:20:00+09:00,0.2279,0.2285,0.2277,0.2284,184598.4
2025-04-23 01:25:00+09:00,0.2281,0.2284,0.2271,0.2272,589278.0
2025-04-23 01:30:00+09:00,0.2272,0.2273,0.2267,0.2269,326119.9
2025-04-23 01:35:00+09:00,0.2269,0.2273,0.2269,0.2272,186167.2
2025-04-23 01:40:00+09:00,0.2271,0.2272,0.226,0.2263,375388.3
2025-04-23 01:45:00+09:00,0.2263,0.2271,0.2257,0.2264,365689.9
2025-04-23 01:50:00+09:00,0.2263,0.2264,0.2251,0.2261,246656.9
2025-04-23 01:55:00+09:00,0.2261,0.2265,0.2258,0.2264,195779.8
2025-04-23 02:00:00+09:00,0.2264,0.2264,0.2258,0.2261,195546.6
2025-04-23 02:05:00+09:00,0.2262,0.2267,0.2258,0.2261,203579.3
2025-04-23 02:10:00+09:00,0.226,0.226,0.2253,0.2258,106229.8
2025-04-23 02:15:00+09:00,0.2258,0.2259,0.2246,0.2253,514631.6
2025-04-23 02:20:00+09:00,0.2251,0.2252,0.2245,0.225,250980.8
2025-04-23 02:25:00+09:00,0.2249,0.2255,0.2247,0.2248,426712.9
2025-04-23 02:30:00+09:00,0.2248,0.225,0.2242,0.2246,446058.8
2025-04-23 02:35:00+09:00,0.2245,0.2254,0.2235,0.2236,686310.4
2025-04-23 02:40:00+09:00,0.2235,0.2241,0.2233,0.2237,1177419.0
2025-04-23 02:45:00+09:00,0.2237,0.2237,0.2227,0.2228,761512.7
2025-04-23 02:50:00+09:00,0.2228,0.2232,0.2221,0.2224,995860.7
2025-04-23 02:55:00+09:00,0.2224,0.2236,0.2224,0.2233,416201.5
2025-04-23 03:00:00+09:00,0.2232,0.2239,0.2227,0.2232,417410.2
2025-04-23 03:05:00+09:00,0.2232,0.2233,0.2231,0.2233,77201.6
2025-04-23 03:10:00+09:00,0.2233,0.2233,0.223,0.2231,63375.7
2025-04-23 03:15:00+09:00,0.2231,0.2233,0.223,0.2231,147275.9
2025-04-23 03:20:00+09:00,0.2231,0.2233,0.2229,0.2233,110659.9
2025-04-23 03:25:00+09:00,0.2234,0.2238,0.2233,0.2238,229002.1
2025-04-23 03:30:00+09:00,0.2238,0.2245,0.2237,0.2242,217723.0
2025-04-23 03:35:00+09:00,0.2242,0.225,0.2242,0.2248,177358.0
2025-04-23 03:40:00+09:00,0.2248,0.2253,0.2248,0.2253,80798.3
2025-04-23 03:45:00+09:00,0.2253,0.2254,0.2247,0.2249,56885.7
2025-04-23 03:50:00+09:00,0.2249,0.2252,0.2249,0.225,36075.7
2025-04-23 03:55:00+09:00,0.225,0.2251,0.2238,0.2248,203851.5
2025-04-23 04:00:00+09:00,0.2248,0.2252,0.2244,0.2251,119620.2
2025-04-23 04:05:00+09:00,0.2251,0.2252,0.2246,0.2252,89121.3
2025-04-23 04:10:00+09:00,0.2251,0.2252,0.2247,0.2248,39447.2
2025-04-23 04:15:00+09:00,0.2248,0.2248,0.2241,0.2245,95225.2
2025-04-23 04:20:00+09:00,0.2245,0.2245,0.2239,0.2243,229245.4
2025-04-23 04:25:00+09:00,0.2244,0.2245,0.224,0.2242,123905.3
2025-04-23 04:30:00+09:00,0.2242,0.2244,0.2238,0.2238,104485.4
2025-04-23 04:35:00+09:00,0.2239,0.2239,0.2225,0.2226,224277.5
2025-04-23 04:40:00+09:00,0.2225,0.2232,0.222,0.2232,298450.3
2025-04-23 04:45:00+09:00,0.2231,0.224,0.223,0.2238,188402.6
2025-04-23 04:50:00+09:00,0.2238,0.2243,0.2236,0.2243,52969.1
2025-04-23 04:55:00+09:00,0.2244,0.2246,0.2241,0.2242,23567.7
2025-04-23 05:00:00+09:00,0.2243,0.2247,0.2241,0.2246,44080.0
2025-04-23 05:05:00+09:00,0.2247,0.225,0.2245,0.2245,65062.1
2025-04-23 05:10:00+09:00,0.2244,0.2248,0.2242,0.2243,98337.2
2025-04-23 05:15:00+09:00,0.2243,0.2245,0.2241,0.2242,77688.4
2025-04-23 05:20:00+09:00,0.2241,0.2249,0.224,0.2248,42746.0
2025-04-23 05:25:00+09:00,0.2249,0.225,0.2242,0.225,22134.7
2025-04-23 05:30:00+09:00,0.2251,0.2251,0.2249,0.2251,54566.0
2025-04-23 05:35:00+09:00,0.2251,0.2257,0.225,0.2256,76427.4
2025-04-23 05:40:00+09:00,0.2256,0.226,0.2256,0.2257,50600.2
2025-04-23 05:45:00+09:00,0.2258,0.2258,0.2255,0.2255,26537.5
2025-04-23 05:50:00+09:00,0.2253,0.2254,0.2247,0.2247,103778.1
2025-04-23 05:55:00+09:00,0.2248,0.225,0.2247,0.2249,22627.4
2025-04-23 06:00:00+09:00,0.2249,0.2251,0.2247,0.2251,31078.8
2025-04-23 06:05:00+09:00,0.225,0.2256,0.225,0.2253,46667.4
2025-04-23 06:10:00+09:00,0.2252,0.2254,0.2249,0.2252,147508.6
2025-04-23 06:15:00+09:00,0.2253,0.2261,0.2252,0.226,47815.9
2025-04-23 06:20:00+09:00,0.2261,0.2285,0.2261,0.2275,535099.3
2025-04-23 06:25:00+09:00,0.2275,0.2275,0.2261,0.2267,143199.1
2025-04-23 06:30:00+09:00,0.2268,0.2282,0.2268,0.2276,272383.3
2025-04-23 06:35:00+09:00,0.2276,0.2288,0.2268,0.2287,80739.5
2025-04-23 06:40:00+09:00,0.2287,0.229,0.228,0.229,66064.6
2025-04-23 06:45:00+09:00,0.229,0.2326,0.229,0.2321,639268.8
2025-04-23 06:50:00+09:00,0.232,0.232,0.2295,0.2315,261436.1
2025-04-23 06:55:00+09:00,0.2315,0.2318,0.2303,0.2314,229946.2
2025-04-23 07:00:00+09:00,0.2315,0.2327,0.2313,0.2314,225533.1
2025-04-23 07:05:00+09:00,0.2314,0.2318,0.2303,0.2308,118526.9
2025-04-23 07:10:00+09:00,0.2309,0.2317,0.2303,0.2317,99404.9
2025-04-23 07:15:00+09:00,0.2318,0.2326,0.2316,0.2319,112274.2
2025-04-23 07:20:00+09:00,0.232,0.2325,0.2311,0.2317,339934.7
2025-04-23 07:25:00+09:00,0.2318,0.2318,0.231,0.2312,123114.9
2025-04-23 07:30:00+09:00,0.2312,0.2315,0.2305,0.231,132666.0
2025-04-23 07:35:00+09:00,0.2309,0.2309,0.2298,0.2298,64013.4
2025-04-23 07:40:00+09:00,0.2298,0.2308,0.2295,0.2306,56439.6
2025-04-23 07:45:00+09:00,0.2308,0.2314,0.2306,0.2312,154880.1
2025-04-23 07:50:00+09:00,0.231,0.233,0.231,0.2324,350743.9
2025-04-23 07:55:00+09:00,0.2325,0.2354,0.2321,0.2326,2235964.3
2025-04-23 08:00:00+09:00,0.2327,0.2335,0.2322,0.2324,226460.5
2025-04-23 08:05:00+09:00,0.2324,0.2339,0.2324,0.2337,175224.2
2025-04-23 08:10:00+09:00,0.2336,0.2352,0.2336,0.2351,274712.9
2025-04-23 08:15:00+09:00,0.2351,0.2354,0.2331,0.2339,127882.6
2025-04-23 08:20:00+09:00,0.2339,0.2344,0.2333,0.2335,303825.8
2025-04-23 08:25:00+09:00,0.2335,0.2355,0.2335,0.2353,224836.8
2025-04-23 08:30:00+09:00,0.2352,0.2354,0.2343,0.2346,193222.2
2025-04-23 08:35:00+09:00,0.2346,0.2351,0.2339,0.2343,132371.0
2025-04-23 08:40:00+09:00,0.2342,0.2348,0.2339,0.2347,145211.7
2025-04-23 08:45:00+09:00,0.2347,0.2349,0.234,0.2344,101263.5
2025-04-23 08:50:00+09:00,0.2344,0.2346,0.2341,0.2343,107940.9
2025-04-23 08:55:00+09:00,0.2342,0.235,0.2342,0.2348,114404.5
2025-04-23 09:00:00+09:00,0.2349,0.2358,0.2331,0.2339,222881.3
2025-04-23 09:05:00+09:00,0.2339,0.2354,0.2329,0.2332,193381.2
2025-04-23 09:10:00+09:00,0.2332,0.2334,0.232,0.2327,246939.3
2025-04-23 09:15:00+09:00,0.2328,0.2356,0.2328,0.2339,660542.2
2025-04-23 09:20:00+09:00,0.234,0.2365,0.234,0.2359,333072.8
2025-04-23 09:25:00+09:00,0.2358,0.2361,0.2348,0.235,465079.7
2025-04-23 09:30:00+09:00,0.2349,0.2367,0.2349,0.2365,146108.4
2025-04-23 09:35:00+09:00,0.2365,0.2374,0.2346,0.2352,370703.1
2025-04-23 09:40:00+09:00,0.2352,0.2353,0.2333,0.2342,208941.5
2025-04-23 09:45:00+09:00,0.2341,0.2345,0.2337,0.2344,264744.1
2025-04-23 09:50:00+09:00,0.2343,0.2345,0.233,0.2332,244279.7
2025-04-23 09:55:00+09:00,0.2332,0.2335,0.2317,0.2323,193176.9
2025-04-23 10:00:00+09:00,0.2326,0.2343,0.2324,0.2343,155576.6
2025-04-23 10:05:00+09:00,0.2342,0.238,0.2342,0.2375,979119.2
2025-04-23 10:10:00+09:00,0.2375,0.2389,0.2371,0.2383,600824.8
2025-04-23 10:15:00+09:00,0.2384,0.2385,0.2362,0.2363,92641.0
2025-04-23 10:20:00+09:00,0.2362,0.2367,0.2354,0.2361,178047.9
2025-04-23 10:25:00+09:00,0.2363,0.2375,0.2362,0.237,84134.7
2025-04-23 10:30:00+09:00,0.2369,0.2373,0.2356,0.2357,211631.9
2025-04-23 10:35:00+09:00,0.2356,0.2399,0.2355,0.2398,440094.9
2025-04-23 10:40:00+09:00,0.2398,0.2401,0.2385,0.2394,215151.7
2025-04-23 10:45:00+09:00,0.2394,0.2398,0.2384,0.2386,269954.0
2025-04-23 10:50:00+09:00,0.2385,0.2398,0.2378,0.2379,410762.4
2025-04-23 10:55:00+09:00,0.2378,0.238,0.2361,0.2361,207148.0
2025-04-23 11:00:00+09:00,0.2362,0.2363,0.2349,0.2358,119781.3
2025-04-23 11:05:00+09:00,0.2359,0.2372,0.2359,0.237,71337.6
2025-04-23 11:10:00+09:00,0.2369,0.238,0.2365,0.2379,47684.7
2025-04-23 11:15:00+09:00,0.238,0.2389,0.2377,0.2388,146682.7
2025-04-23 11:20:00+09:00,0.2389,0.2402,0.2385,0.2402,160387.6
2025-04-23 11:25:00+09:00,0.2401,0.2402,0.2393,0.2398,101752.4
2025-04-23 11:30:00+09:00,0.2398,0.2421,0.2393,0.2418,201862.2
2025-04-23 11:35:00+09:00,0.2419,0.242,0.2406,0.2412,223122.7
2025-04-23 11:40:00+09:00,0.2412,0.2415,0.2396,0.2399,570701.8
2025-04-23 11:45:00+09:00,0.2398,0.2403,0.2386,0.2403,1630136.8
2025-04-23 11:50:00+09:00,0.2404,0.2427,0.2402,0.2414,799403.0
2025-04-23 11:55:00+09:00,0.2415,0.2432,0.2413,0.2417,460258.2
2025-04-23 12:00:00+09:00,0.2417,0.2432,0.2415,0.243,295756.7
2025-04-23 12:05:00+09:00,0.2429,0.2429,0.241,0.2411,104398.9
2025-04-23 12:10:00+09:00,0.241,0.2429,0.2406,0.2415,261922.6
2025-04-23 12:15:00+09:00,0.2415,0.2422,0.2412,0.2418,89971.6
2025-04-23 12:20:00+09:00,0.2417,0.2423,0.2407,0.2413,71917.2
2025-04-23 12:25:00+09:00,0.2415,0.2415,0.2401,0.2412,139457.9
2025-04-23 12:30:00+09:00,0.2413,0.2427,0.241,0.2425,406597.9
2025-04-23 12:35:00+09:00,0.2426,0.2435,0.2426,0.243,248729.0
2025-04-23 12:40:00+09:00,0.2429,0.2444,0.2429,0.2442,249296.0
2025-04-23 12:45:00+09:00,0.2441,0.2442,0.2431,0.2438,254903.9
2025-04-23 12:50:00+09:00,0.2439,0.2445,0.2434,0.2436,252472.5
2025-04-23 12:55:00+09:00,0.2436,0.2452,0.2435,0.245,656031.9
2025-04-23 13:00:00+09:00,0.2448,0.2465,0.2446,0.245,263061.1
2025-04-23 13:05:00+09:00,0.2449,0.2467,0.2446,0.2466,202136.6
2025-04-23 13:10:00+09:00,0.2465,0.2469,0.2449,0.2463,154344.7
2025-04-23 13:15:00+09:00,0.2462,0.2463,0.2441,0.2445,523601.9
2025-04-23 13:20:00+09:00,0.2446,0.245,0.2432,0.2438,793124.9
2025-04-23 13:25:00+09:00,0.2438,0.2442,0.2418,0.2428,491831.1
2025-04-23 13:30:00+09:00,0.2427,0.2427,0.2399,0.2412,2693961.5
2025-04-23 13:35:00+09:00,0.241,0.2426,0.241,0.2424,316903.9
2025-04-23 13:40:00+09:00,0.2423,0.2428,0.2415,0.2425,185713.9
2025-04-23 13:45:00+09:00,0.2423,0.2436,0.242,0.2433,366977.6
2025-04-23 13:50:00+09:00,0.2433,0.2442,0.2432,0.2439,190013.7
2025-04-23 13:55:00+09:00,0.2438,0.2464,0.2437,0.2463,409649.4
2025-04-23 14:00:00+09:00,0.2462,0.2462,0.2437,0.2441,502376.8
2025-04-23 14:05:00+09:00,0.2442,0.2455,0.2442,0.2451,459681.3
2025-04-23 14:10:00+09:00,0.245,0.2456,0.2438,0.2438,158384.0
2025-04-23 14:15:00+09:00,0.2439,0.2446,0.2431,0.2434,238650.2
2025-04-23 14:20:00+09:00,0.2434,0.2442,0.2432,0.2432,136258.5
2025-04-23 14:25:00+09:00,0.2431,0.2436,0.2426,0.2433,148880.9
2025-04-23 14:30:00+09:00,0.2433,0.2447,0.2424,0.2427,427706.0
2025-04-23 14:35:00+09:00,0.2426,0.2435,0.2426,0.2433,143979.8
2025-04-23 14:40:00+09:00,0.2432,0.2432,0.2418,0.2422,122410.6
2025-04-23 14:45:00+09:00,0.2422,0.2426,0.2412,0.2418,710671.1
2025-04-23 14:50:00+09:00,0.2418,0.2421,0.2415,0.2418,114894.7
2025-04-23 14:55:00+09:00,0.2417,0.2426,0.2417,0.2421,131833.7
2025-04-23 15:00:00+09:00,0.2421,0.2428,0.2413,0.2417,244470.6
2025-04-23 15:05:00+09:00,0.2417,0.2447,0.2417,0.2436,319773.3
2025-04-23 15:10:00+09:00,0.2435,0.2451,0.2429,0.2442,342086.8
2025-04-23 15:15:00+09:00,0.2441,0.2444,0.2436,0.2436,164587.1
2025-04-23 15:20:00+09:00,0.2435,0.2443,0.243,0.2443,194823.8
2025-04-23 15:25:00+09:00,0.2443,0.2476,0.2438,0.246,1689911.4
2025-04-23 15:30:00+09:00,0.2461,0.25,0.2461,0.2495,1002663.9
2025-04-23 15:35:00+09:00,0.2496,0.2502,0.2457,0.2465,303253.9
2025-04-23 15:40:00+09:00,0.2465,0.2478,0.2453,0.2459,244083.6
2025-04-23 15:45:00+09:00,0.2459,0.2482,0.2457,0.2477,194768.9
2025-04-23 15:50:00+09:00,0.2477,0.2479,0.2447,0.2447,174423.4
2025-04-23 15:55:00+09:00,0.2446,0.2454,0.244,0.2446,280608.5
2025-04-23 16:00:00+09:00,0.2446,0.2457,0.2438,0.2438,271006.8
2025-04-23 16:05:00+09:00,0.2438,0.2439,0.2425,0.2429,436294.2
2025-04-23 16:10:00+09:00,0.243,0.2437,0.2419,0.242,526221.7
2025-04-23 16:15:00+09:00,0.2422,0.2435,0.242,0.2434,332659.9
2025-04-23 16:20:00+09:00,0.2434,0.2436,0.2425,0.2426,57091.8
2025-04-23 16:25:00+09:00,0.2426,0.2429,0.2414,0.2429,148202.9
2025-04-23 16:30:00+09:00,0.2428,0.2431,0.2405,0.2424,435661.1
2025-04-23 16:35:00+09:00,0.2425,0.243,0.2422,0.2422,214226.2
2025-04-23 16:40:00+09:00,0.2422,0.2425,0.2417,0.242,56738.0
2025-04-23 16:45:00+09:00,0.2419,0.2429,0.2417,0.2422,33667.1
2025-04-23 16:50:00+09:00,0.2424,0.243,0.2423,0.2426,53448.3
2025-04-23 16:55:00+09:00,0.2425,0.2435,0.2423,0.243,84795.2
2025-04-23 17:00:00+09:00,0.2431,0.2431,0.2407,0.2421,419448.9
2025-04-23 17:05:00+09:00,0.242,0.2423,0.241,0.2415,137597.6
2025-04-23 17:10:00+09:00,0.2416,0.2429,0.2411,0.2425,136663.3
2025-04-23 17:15:00+09:00,0.2423,0.2429,0.2421,0.2427,166171.4
2025-04-23 17:20:00+09:00,0.2426,0.244,0.2425,0.2433,172444.4
2025-04-23 17:25:00+09:00,0.2433,0.244,0.2426,0.2436,213417.0
2025-04-23 17:30:00+09:00,0.2436,0.245,0.2431,0.2446,195960.6
2025-04-23 17:35:00+09:00,0.2445,0.2454,0.244,0.244,108589.0
2025-04-23 17:40:00+09:00,0.2441,0.2451,0.2441,0.2449,74241.5
2025-04-23 17:45:00+09:00,0.245,0.2454,0.2447,0.2453,83623.5
2025-04-23 17:50:00+09:00,0.2451,0.2452,0.2439,0.244,131212.1
2025-04-23 17:55:00+09:00,0.2441,0.2447,0.2438,0.2444,147931.5
2025-04-23 18:00:00+09:00,0.2442,0.2443,0.2437,0.2441,44352.3
2025-04-23 18:05:00+09:00,0.2441,0.2446,0.2435,0.2444,189325.3
2025-04-23 18:10:00+09:00,0.2446,0.2465,0.2445,0.2462,403627.9
2025-04-23 18:15:00+09:00,0.2461,0.2465,0.2453,0.2456,361522.9
2025-04-23 18:20:00+09:00,0.2456,0.2457,0.2446,0.2451,157644.6
2025-04-23 18:25:00+09:00,0.245,0.2453,0.2448,0.2448,37485.9
2025-04-23 18:30:00+09:00,0.2448,0.2458,0.2448,0.2456,93572.0
2025-04-23 18:35:00+09:00,0.2457,0.2461,0.2447,0.2451,181893.6
2025-04-23 18:40:00+09:00,0.2452,0.246,0.2451,0.2458,96623.2
2025-04-23 18:45:00+09:00,0.2457,0.2461,0.2452,0.2456,95252.2
2025-04-23 18:50:00+09:00,0.2455,0.2459,0.2452,0.2457,34167.8
2025-04-23 18:55:00+09:00,0.2458,0.2458,0.2433,0.2436,208379.9
2025-04-23 19:00:00+09:00,0.2437,0.2449,0.2436,0.2442,107545.1
2025-04-23 19:05:00+09:00,0.2445,0.2445,0.2414,0.2421,363126.4
2025-04-23 19:10:00+09:00,0.242,0.2428,0.2415,0.2415,236174.3
2025-04-23 19:15:00+09:00,0.2416,0.2436,0.2414,0.2434,160879.3
2025-04-23 19:20:00+09:00,0.2434,0.2442,0.2427,0.2438,129819.1
2025-04-23 19:25:00+09:00,0.2438,0.246,0.2438,0.2456,121641.8
2025-04-23 19:30:00+09:00,0.2455,0.2465,0.2454,0.2456,104276.0
2025-04-23 19:35:00+09:00,0.2455,0.2479,0.2444,0.2476,356240.7
2025-04-23 19:40:00+09:00,0.2475,0.2478,0.2463,0.2476,182450.5
2025-04-23 19:45:00+09:00,0.2473,0.2482,0.2466,0.2482,177674.0
2025-04-23 19:50:00+09:00,0.2483,0.2499,0.2479,0.2481,287101.6
2025-04-23 19:55:00+09:00,0.2482,0.2504,0.2482,0.2501,402490.7
2025-04-23 20:00:00+09:00,0.25,0.2517,0.2495,0.2496,321947.7
2025-04-23 20:05:00+09:00,0.2496,0.2503,0.2488,0.2488,227344.5
2025-04-23 20:10:00+09:00,0.2489,0.2489,0.2472,0.2487,515592.0
2025-04-23 20:15:00+09:00,0.2486,0.2497,0.2482,0.2488,93056.7
2025-04-23 20:20:00+09:00,0.2486,0.2487,0.247,0.2476,405549.0
2025-04-23 20:25:00+09:00,0.2476,0.2479,0.2469,0.2478,55770.9
2025-04-23 20:30:00+09:00,0.2478,0.2481,0.2466,0.248,114459.6
2025-04-23 20:35:00+09:00,0.2481,0.2484,0.2473,0.2482,114990.8
2025-04-23 20:40:00+09:00,0.2483,0.249,0.2477,0.2479,68449.6
2025-04-23 20:45:00+09:00,0.2477,0.2488,0.2471,0.2475,227579.2
2025-04-23 20:50:00+09:00,0.2474,0.2474,0.245,0.2452,263142.8
2025-04-23 20:55:00+09:00,0.2453,0.2465,0.2453,0.2463,160657.9
2025-04-23 21:00:00+09:00,0.2463,0.2484,0.246,0.2484,194318.1
2025-04-23 21:05:00+09:00,0.2484,0.2489,0.2478,0.2483,135119.7
2025-04-23 21:10:00+09:00,0.2482,0.2506,0.2482,0.2499,444102.8
2025-04-23 21:15:00+09:00,0.2498,0.25,0.2484,0.2488,322761.3
2025-04-23 21:20:00+09:00,0.2487,0.2491,0.2476,0.2479,150476.4
2025-04-23 21:25:00+09:00,0.248,0.2487,0.2477,0.2482,197838.0
2025-04-23 21:30:00+09:00,0.2481,0.2482,0.2475,0.2481,113899.5
2025-04-23 21:35:00+09:00,0.2481,0.2488,0.2475,0.2477,101143.0
2025-04-23 21:40:00+09:00,0.2477,0.2483,0.2472,0.2477,136352.2
2025-04-23 21:45:00+09:00,0.2477,0.2494,0.2477,0.2494,102595.4
2025-04-23 21:50:00+09:00,0.2494,0.2516,0.2494,0.2509,338386.5
2025-04-23 21:55:00+09:00,0.2508,0.251,0.2501,0.2504,137772.4
2025-04-23 22:00:00+09:00,0.2503,0.2512,0.2495,0.2498,290548.1
2025-04-23 22:05:00+09:00,0.2498,0.2516,0.2498,0.2509,203649.7
2025-04-23 22:10:00+09:00,0.2508,0.251,0.2501,0.2503,91331.8
2025-04-23 22:15:00+09:00,0.2503,0.2523,0.2502,0.252,267904.0
2025-04-23 22:20:00+09:00,0.2521,0.2523,0.2497,0.2499,172428.2
2025-04-23 22:25:00+09:00,0.2498,0.25,0.2485,0.2495,219455.8
2025-04-23 22:30:00+09:00,0.2495,0.25,0.2488,0.2489,637537.7
2025-04-23 22:35:00+09:00,0.2488,0.2509,0.2455,0.2464,1638699.1
2025-04-23 22:40:00+09:00,0.2465,0.2477,0.2457,0.2458,577994.3
2025-04-23 22:45:00+09:00,0.2457,0.248,0.2457,0.247,658506.6
2025-04-23 22:50:00+09:00,0.2471,0.2485,0.2465,0.2465,423738.5
2025-04-23 22:55:00+09:00,0.2465,0.2467,0.2421,0.2431,726433.4
2025-04-23 23:00:00+09:00,0.2432,0.2462,0.243,0.2461,760655.1
2025-04-23 23:05:00+09:00,0.246,0.2466,0.2445,0.2451,242402.4
2025-04-23 23:10:00+09:00,0.245,0.2458,0.244,0.2456,233149.1
2025-04-23 23:15:00+09:00,0.2454,0.2455,0.2414,0.2429,781525.8
2025-04-23 23:20:00+09:00,0.2428,0.2457,0.2421,0.245,607595.5
2025-04-23 23:25:00+09:00,0.2451,0.2464,0.245,0.2451,118696.5
2025-04-23 23:30:00+09:00,0.2451,0.2453,0.2437,0.2446,130506.7
2025-04-23 23:35:00+09:00,0.2446,0.2452,0.2437,0.2443,133255.3
2025-04-23 23:40:00+09:00,0.2441,0.2462,0.2437,0.2458,135836.5
2025-04-23 23:45:00+09:00,0.2458,0.2463,0.245,0.2457,135980.2
2025-04-23 23:50:00+09:00,0.2458,0.2458,0.2435,0.244,144240.5
2025-04-23 23:55:00+09:00,0.2441,0.2453,0.2438,0.2444,104461.2
2025-04-24 00:00:00+09:00,0.2443,0.2457,0.2417,0.2435,606845.1
2025-04-24 00:05:00+09:00,0.2436,0.2439,0.2419,0.242,1335841.9
2025-04-24 00:10:00+09:00,0.242,0.2428,0.2407,0.241,845023.5
2025-04-24 00:15:00+09:00,0.2409,0.2416,0.2367,0.2381,1201872.2
2025-04-24 00:20:00+09:00,0.238,0.2382,0.234,0.2366,1390286.4
2025-04-24 00:25:00+09:00,0.2366,0.2368,0.2347,0.2365,175786.3
2025-04-24 00:30:00+09:00,0.2365,0.2377,0.2354,0.237,233573.2
2025-04-24 00:35:00+09:00,0.237,0.2393,0.2366,0.2386,180273.3
2025-04-24 00:40:00+09:00,0.2385,0.2386,0.2374,0.2378,86185.6
2025-04-24 00:45:00+09:00,0.2379,0.2389,0.2371,0.2379,265542.5
2025-04-24 00:50:00+09:00,0.238,0.2399,0.2377,0.2398,215133.3
2025-04-24 00:55:00+09:00,0.2399,0.2422,0.2399,0.2419,288205.1
2025-04-24 01:00:00+09:00,0.242,0.2467,0.2414,0.2467,760100.1
2025-04-24 01:05:00+09:00,0.2466,0.2484,0.2423,0.2432,1069581.0
2025-04-24 01:10:00+09:00,0.2434,0.244,0.2423,0.243,244338.0
2025-04-24 01:15:00+09:00,0.243,0.2446,0.2413,0.2413,293389.1
2025-04-24 01:20:00+09:00,0.2414,0.244,0.2411,0.242,259105.9
2025-04-24 01:25:00+09:00,0.2421,0.2482,0.2413,0.2479,1288631.3
2025-04-24 01:30:00+09:00,0.2479,0.2541,0.2479,0.2519,1566225.2
2025-04-24 01:35:00+09:00,0.2519,0.2564,0.2503,0.2525,2037985.1
2025-04-24 01:40:00+09:00,0.2523,0.2536,0.2472,0.2477,3480797.8
2025-04-24 01:45:00+09:00,0.2477,0.2483,0.2447,0.2465,3170131.3
2025-04-24 01:50:00+09:00,0.2464,0.2475,0.2431,0.2437,2389401.3
2025-04-24 01:55:00+09:00,0.2436,0.2451,0.2426,0.2429,2255519.4
2025-04-24 02:00:00+09:00,0.2428,0.2439,0.241,0.2423,2561173.8
2025-04-24 02:05:00+09:00,0.2422,0.2457,0.2422,0.2453,621953.4
2025-04-24 02:10:00+09:00,0.2453,0.2456,0.2429,0.2437,671269.5
2025-04-24 02:15:00+09:00,0.2436,0.2444,0.2432,0.2444,156235.9
2025-04-24 02:20:00+09:00,0.2444,0.2452,0.2439,0.2439,217461.4
2025-04-24 02:25:00+09:00,0.2439,0.2443,0.2421,0.2425,414014.0
2025-04-24 02:30:00+09:00,0.2426,0.2429,0.242,0.2424,196196.0
2025-04-24 02:35:00+09:00,0.2424,0.2435,0.2421,0.2435,532893.9
2025-04-24 02:40:00+09:00,0.2435,0.2436,0.2421,0.2429,222014.1
2025-04-24 02:45:00+09:00,0.2427,0.2427,0.2415,0.242,199922.7
2025-04-24 02:50:00+09:00,0.2421,0.2438,0.2421,0.2437,244409.4
2025-04-24 02:55:00+09:00,0.2437,0.2447,0.2434,0.2443,352456.8
2025-04-24 03:00:00+09:00,0.2443,0.2448,0.244,0.2444,182387.5
2025-04-24 03:05:00+09:00,0.2444,0.2451,0.2441,0.245,103596.8
2025-04-24 03:10:00+09:00,0.2449,0.2462,0.2447,0.2449,779146.3
2025-04-24 03:15:00+09:00,0.2449,0.2463,0.2448,0.2462,177441.2
2025-04-24 03:20:00+09:00,0.2462,0.2469,0.2459,0.2461,244770.6
2025-04-24 03:25:00+09:00,0.2461,0.2462,0.2454,0.2455,28160.9
2025-04-24 03:30:00+09:00,0.2455,0.2458,0.2451,0.2452,112050.0
2025-04-24 03:35:00+09:00,0.2455,0.2461,0.2449,0.246,106333.1
2025-04-24 03:40:00+09:00,0.246,0.2461,0.2433,0.2438,281299.4
2025-04-24 03:45:00+09:00,0.2438,0.2448,0.2435,0.2445,174306.0
2025-04-24 03:50:00+09:00,0.2444,0.2445,0.2436,0.2437,76642.1
2025-04-24 03:55:00+09:00,0.2437,0.2438,0.243,0.2433,164125.3
2025-04-24 04:00:00+09:00,0.2432,0.2441,0.2428,0.243,201367.3
2025-04-24 04:05:00+09:00,0.243,0.2438,0.2428,0.2435,114045.0
2025-04-24 04:10:00+09:00,0.2435,0.244,0.2415,0.2419,423568.0
2025-04-24 04:15:00+09:00,0.2419,0.243,0.2419,0.2426,120172.5
2025-04-24 04:20:00+09:00,0.2426,0.2432,0.2423,0.243,211291.8
2025-04-24 04:25:00+09:00,0.243,0.2432,0.2418,0.2421,223358.4
2025-04-24 04:30:00+09:00,0.2422,0.2441,0.242,0.244,264237.1
2025-04-24 04:35:00+09:00,0.2438,0.2441,0.2434,0.2441,53839.0
2025-04-24 04:40:00+09:00,0.2441,0.2462,0.2441,0.2461,308061.4
2025-04-24 04:45:00+09:00,0.2461,0.2466,0.2435,0.244,1098711.7
2025-04-24 04:50:00+09:00,0.244,0.2446,0.2437,0.244,316990.9
2025-04-24 04:55:00+09:00,0.244,0.2444,0.2426,0.2431,1292373.4
2025-04-24 05:00:00+09:00,0.243,0.244,0.2429,0.2437,214083.2
2025-04-24 05:05:00+09:00,0.2437,0.2439,0.2408,0.2419,1514806.0
2025-04-24 05:10:00+09:00,0.2418,0.2423,0.2397,0.241,1410400.3
2025-04-24 05:15:00+09:00,0.241,0.2426,0.241,0.2425,400082.6
2025-04-24 05:20:00+09:00,0.2425,0.2426,0.2412,0.2417,705667.1
2025-04-24 05:25:00+09:00,0.2416,0.2419,0.2407,0.2407,448477.7
2025-04-24 05:30:00+09:00,0.2407,0.2419,0.2407,0.2413,430783.6
2025-04-24 05:35:00+09:00,0.2413,0.2421,0.2413,0.2418,234104.3
2025-04-24 05:40:00+09:00,0.2416,0.2421,0.2414,0.2416,116441.0
2025-04-24 05:45:00+09:00,0.2416,0.242,0.2415,0.2417,84510.2
2025-04-24 05:50:00+09:00,0.2417,0.2417,0.2409,0.2414,715595.5
2025-04-24 05:55:00+09:00,0.2414,0.242,0.2405,0.2408,526108.9
2025-04-24 06:00:00+09:00,0.2409,0.241,0.2404,0.2408,194600.7
2025-04-24 06:05:00+09:00,0.2407,0.2413,0.24,0.2403,674431.6
2025-04-24 06:10:00+09:00,0.2403,0.2405,0.2391,0.2403,908220.6
2025-04-24 06:15:00+09:00,0.2403,0.2409,0.24,0.2408,270875.8
2025-04-24 06:20:00+09:00,0.2408,0.2423,0.2406,0.2416,1074314.7
2025-04-24 06:25:00+09:00,0.2416,0.2425,0.2412,0.2415,606192.0
2025-04-24 06:30:00+09:00,0.2415,0.2421,0.2415,0.2418,242154.9
2025-04-24 06:35:00+09:00,0.2418,0.2433,0.2418,0.243,608871.4
2025-04-24 06:40:00+09:00,0.243,0.2437,0.2427,0.2433,550296.9
2025-04-24 06:45:00+09:00,0.2433,0.244,0.2433,0.2436,180031.0
2025-04-24 06:50:00+09:00,0.2432,0.2447,0.2432,0.2436,376891.1
2025-04-24 06:55:00+09:00,0.2437,0.2437,0.2426,0.2436,291412.8
2025-04-24 07:00:00+09:00,0.2437,0.244,0.2432,0.2434,125708.1
2025-04-24 07:05:00+09:00,0.2434,0.2446,0.2434,0.2444,176015.8
2025-04-24 07:10:00+09:00,0.2444,0.2447,0.2436,0.2441,183372.7
2025-04-24 07:15:00+09:00,0.2441,0.2445,0.2438,0.2445,143095.7
2025-04-24 07:20:00+09:00,0.2445,0.2455,0.2442,0.2455,565844.0
2025-04-24 07:25:00+09:00,0.2455,0.2455,0.2446,0.2448,569234.7
2025-04-24 07:30:00+09:00,0.2448,0.2454,0.2443,0.2451,267295.2
2025-04-24 07:35:00+09:00,0.2452,0.2462,0.2451,0.2459,328584.0
2025-04-24 07:40:00+09:00,0.2459,0.2467,0.2458,0.2464,102532.4
2025-04-24 07:45:00+09:00,0.2463,0.2463,0.2456,0.246,192991.6
2025-04-24 07:50:00+09:00,0.246,0.2464,0.2458,0.2462,101197.4
2025-04-24 07:55:00+09:00,0.2463,0.2467,0.2463,0.2466,31512.3
2025-04-24 08:00:00+09:00,0.2466,0.2467,0.2451,0.246,134319.3
2025-04-24 08:05:00+09:00,0.2461,0.2461,0.2455,0.2459,49928.6
2025-04-24 08:10:00+09:00,0.2459,0.2467,0.2458,0.2466,49554.0
2025-04-24 08:15:00+09:00,0.2467,0.2467,0.245,0.2457,221678.7
2025-04-24 08:20:00+09:00,0.2458,0.2461,0.2456,0.2459,35492.3
2025-04-24 08:25:00+09:00,0.2458,0.246,0.2449,0.2452,69985.5
2025-04-24 08:30:00+09:00,0.2451,0.2455,0.2449,0.2451,52704.1
2025-04-24 08:35:00+09:00,0.245,0.245,0.2445,0.2446,59540.0
2025-04-24 08:40:00+09:00,0.2446,0.2448,0.2434,0.2448,219036.8
2025-04-24 08:45:00+09:00,0.2448,0.245,0.2443,0.2444,82347.8
2025-04-24 08:50:00+09:00,0.2444,0.2451,0.2438,0.2451,103157.2
2025-04-24 08:55:00+09:00,0.2451,0.2461,0.2451,0.2454,497462.8
2025-04-24 09:00:00+09:00,0.2453,0.2462,0.2443,0.2443,194160.0
2025-04-24 09:05:00+09:00,0.2442,0.2444,0.2428,0.2434,151713.2
2025-04-24 09:10:00+09:00,0.2433,0.2435,0.2416,0.2421,126874.7
2025-04-24 09:15:00+09:00,0.2422,0.2424,0.2409,0.242,179328.4
2025-04-24 09:20:00+09:00,0.242,0.2421,0.2397,0.2397,141335.3
2025-04-24 09:25:00+09:00,0.2396,0.2396,0.2372,0.238,710859.2
2025-04-24 09:30:00+09:00,0.238,0.2389,0.237,0.2389,276862.7
2025-04-24 09:35:00+09:00,0.2387,0.2404,0.2387,0.2392,285417.6
2025-04-24 09:40:00+09:00,0.2394,0.2403,0.2393,0.2402,73152.5
2025-04-24 09:45:00+09:00,0.2401,0.2401,0.238,0.238,171445.4
2025-04-24 09:50:00+09:00,0.2379,0.2391,0.2377,0.2388,115518.9
2025-04-24 09:55:00+09:00,0.2387,0.2395,0.2387,0.2392,62143.1
2025-04-24 10:00:00+09:00,0.239,0.2397,0.2383,0.2389,167772.2
2025-04-24 10:05:00+09:00,0.2389,0.2393,0.2383,0.2388,124260.4
2025-04-24 10:10:00+09:00,0.2387,0.2387,0.2357,0.2365,426157.3
2025-04-24 10:15:00+09:00,0.2367,0.2369,0.2346,0.2354,704283.5
2025-04-24 10:20:00+09:00,0.2353,0.2362,0.2341,0.2355,505436.7
2025-04-24 10:25:00+09:00,0.2355,0.2366,0.2354,0.2364,120085.1
2025-04-24 10:30:00+09:00,0.2364,0.2376,0.2363,0.2376,161513.7
2025-04-24 10:35:00+09:00,0.2375,0.2384,0.2373,0.2382,105148.0
2025-04-24 10:40:00+09:00,0.2382,0.2384,0.2378,0.2382,74773.1
2025-04-24 10:45:00+09:00,0.2383,0.2387,0.2379,0.2385,107692.2
2025-04-24 10:50:00+09:00,0.2386,0.2388,0.2382,0.2385,59407.3
2025-04-24 10:55:00+09:00,0.2386,0.2391,0.2385,0.2385,8846.8
2025-04-24 11:00:00+09:00,0.2385,0.2386,0.2377,0.2384,69895.2
2025-04-24 11:05:00+09:00,0.2384,0.2387,0.2376,0.2379,70586.8
2025-04-24 11:10:00+09:00,0.2377,0.2389,0.2375,0.2385,58707.5
2025-04-24 11:15:00+09:00,0.2386,0.239,0.2385,0.2386,38319.5
2025-04-24 11:20:00+09:00,0.2385,0.2396,0.2385,0.2396,68244.7
2025-04-24 11:25:00+09:00,0.2396,0.2402,0.2396,0.24,112580.1
2025-04-24 11:30:00+09:00,0.2399,0.2404,0.2394,0.2395,156556.6
2025-04-24 11:35:00+09:00,0.2396,0.2403,0.2393,0.2397,102015.6
2025-04-24 11:40:00+09:00,0.2397,0.24,0.2385,0.2385,91588.5
2025-04-24 11:45:00+09:00,0.2385,0.2387,0.2367,0.237,130656.6
2025-04-24 11:50:00+09:00,0.2371,0.2376,0.2367,0.2374,164411.2
2025-04-24 11:55:00+09:00,0.2375,0.2379,0.2365,0.2367,117034.6
2025-04-24 12:00:00+09:00,0.2366,0.2374,0.2354,0.2359,146264.2
2025-04-24 12:05:00+09:00,0.236,0.2376,0.2359,0.237,208454.3
2025-04-24 12:10:00+09:00,0.2369,0.2371,0.2362,0.2362,59135.5
2025-04-24 12:15:00+09:00,0.2362,0.2365,0.2357,0.2363,36556.0
2025-04-24 12:20:00+09:00,0.2364,0.237,0.2362,0.237,53535.3
2025-04-24 12:25:00+09:00,0.2371,0.2376,0.2368,0.2375,564264.5
2025-04-24 12:30:00+09:00,0.2376,0.2377,0.2346,0.2348,333377.5
2025-04-24 12:35:00+09:00,0.2348,0.235,0.234,0.2344,607367.4
2025-04-24 12:40:00+09:00,0.2344,0.2348,0.2333,0.2346,480635.6
2025-04-24 12:45:00+09:00,0.2345,0.2352,0.2341,0.2344,142537.3
2025-04-24 12:50:00+09:00,0.2344,0.2348,0.2336,0.2337,625345.7
2025-04-24 12:55:00+09:00,0.2338,0.2339,0.2301,0.2313,933837.0
2025-04-24 13:00:00+09:00,0.2313,0.2316,0.2277,0.23,1439127.5
2025-04-24 13:05:00+09:00,0.2301,0.2311,0.2296,0.2301,371342.2
2025-04-24 13:10:00+09:00,0.2302,0.2316,0.2295,0.2314,359398.9
2025-04-24 13:15:00+09:00,0.2313,0.2317,0.2301,0.2316,150204.5
2025-04-24 13:20:00+09:00,0.2317,0.2327,0.2315,0.2324,189991.0
2025-04-24 13:25:00+09:00,0.2324,0.2324,0.2314,0.2316,88580.3
2025-04-24 13:30:00+09:00,0.2316,0.2321,0.2308,0.2312,875077.7
2025-04-24 13:35:00+09:00,0.2312,0.2313,0.2294,0.2299,581161.6
2025-04-24 13:40:00+09:00,0.23,0.2307,0.2299,0.2307,241839.9
2025-04-24 13:45:00+09:00,0.2306,0.2317,0.2301,0.2317,237110.4
2025-04-24 13:50:00+09:00,0.2317,0.2318,0.2311,0.2317,129544.0
2025-04-24 13:55:00+09:00,0.2317,0.2323,0.2315,0.2317,80889.7
2025-04-24 14:00:00+09:00,0.2317,0.2332,0.2317,0.2325,475237.0
2025-04-24 14:05:00+09:00,0.2325,0.2329,0.2317,0.232,963500.4
2025-04-24 14:10:00+09:00,0.2319,0.2328,0.2318,0.2327,434730.6
2025-04-24 14:15:00+09:00,0.2327,0.2331,0.232,0.2321,107394.3
2025-04-24 14:20:00+09:00,0.232,0.232,0.2313,0.2313,124934.5
2025-04-24 14:25:00+09:00,0.2313,0.2318,0.2313,0.2318,50516.8
2025-04-24 14:30:00+09:00,0.2318,0.2323,0.2318,0.2321,75549.0
2025-04-24 14:35:00+09:00,0.2321,0.2324,0.232,0.2321,55656.9
2025-04-24 14:40:00+09:00,0.2321,0.2329,0.2321,0.2321,100242.8
2025-04-24 14:45:00+09:00,0.2322,0.2327,0.2322,0.2327,80999.6
2025-04-24 14:50:00+09:00,0.2325,0.2334,0.2325,0.2333,101280.7
2025-04-24 14:55:00+09:00,0.2332,0.2337,0.2328,0.233,116935.8
2025-04-24 15:00:00+09:00,0.2331,0.2333,0.2326,0.2331,124433.7
2025-04-24 15:05:00+09:00,0.233,0.2331,0.2325,0.2328,130684.6
2025-04-24 15:10:00+09:00,0.2328,0.2331,0.2323,0.2329,65818.9
2025-04-24 15:15:00+09:00,0.2328,0.2328,0.2304,0.2315,424315.7
2025-04-24 15:20:00+09:00,0.2315,0.2325,0.2307,0.2323,249202.3
2025-04-24 15:25:00+09:00,0.2323,0.2329,0.2323,0.2326,39677.3
2025-04-24 15:30:00+09:00,0.2326,0.2326,0.2318,0.2322,122716.9
2025-04-24 15:35:00+09:00,0.2323,0.2329,0.2321,0.2327,112235.0
2025-04-24 15:40:00+09:00,0.2327,0.2327,0.2321,0.2321,68721.9
2025-04-24 15:45:00+09:00,0.2321,0.2325,0.2319,0.2324,85675.2
2025-04-24 15:50:00+09:00,0.2324,0.2324,0.2305,0.2305,544287.1
2025-04-24 15:55:00+09:00,0.2305,0.2311,0.23,0.2308,457156.4
2025-04-24 16:00:00+09:00,0.2309,0.2316,0.2303,0.2315,183459.1
2025-04-24 16:05:00+09:00,0.2315,0.2316,0.2308,0.2313,206756.5
2025-04-24 16:10:00+09:00,0.2312,0.2322,0.2312,0.2322,143423.9
2025-04-24 16:15:00+09:00,0.2322,0.2322,0.2312,0.232,91565.7
2025-04-24 16:20:00+09:00,0.2319,0.232,0.2312,0.2313,102648.5
2025-04-24 16:25:00+09:00,0.2313,0.2315,0.2311,0.2314,153542.9
2025-04-24 16:30:00+09:00,0.2314,0.2317,0.2308,0.2309,138466.2
2025-04-24 16:35:00+09:00,0.2309,0.231,0.2283,0.2287,453727.0
2025-04-24 16:40:00+09:00,0.2288,0.2289,0.227,0.2282,782105.7
2025-04-24 16:45:00+09:00,0.2282,0.2284,0.2275,0.2283,572423.2
2025-04-24 16:50:00+09:00,0.2282,0.2285,0.2279,0.2284,97788.0
2025-04-24 16:55:00+09:00,0.2285,0.2286,0.2274,0.2281,157944.1
2025-04-24 17:00:00+09:00,0.2283,0.2291,0.2283,0.2288,176550.0
2025-04-24 17:05:00+09:00,0.2288,0.2288,0.2273,0.2276,301557.3
2025-04-24 17:10:00+09:00,0.2276,0.2277,0.2258,0.2265,619247.4
2025-04-24 17:15:00+09:00,0.2264,0.2276,0.2256,0.2267,477337.1
2025-04-24 17:20:00+09:00,0.2267,0.2275,0.2264,0.2269,327469.1
2025-04-24 17:25:00+09:00,0.2269,0.2269,0.2249,0.2252,493456.4
2025-04-24 17:30:00+09:00,0.2252,0.2263,0.2243,0.226,587139.3
2025-04-24 17:35:00+09:00,0.2259,0.2261,0.2245,0.2256,469486.7
2025-04-24 17:40:00+09:00,0.2255,0.2256,0.2245,0.2247,447596.5
2025-04-24 17:45:00+09:00,0.2247,0.2253,0.2225,0.2235,1046988.1
2025-04-24 17:50:00+09:00,0.2236,0.2246,0.2233,0.2245,532326.4
2025-04-24 17:55:00+09:00,0.2244,0.2251,0.2241,0.2248,379980.6
2025-04-24 18:00:00+09:00,0.2247,0.2251,0.2241,0.2251,291102.5
2025-04-24 18:05:00+09:00,0.2252,0.2259,0.2251,0.2259,295623.3
2025-04-24 18:10:00+09:00,0.2259,0.2263,0.2254,0.2262,387568.4
2025-04-24 18:15:00+09:00,0.2262,0.2267,0.226,0.2263,69608.8
2025-04-24 18:20:00+09:00,0.2262,0.2269,0.2256,0.2268,191040.5
2025-04-24 18:25:00+09:00,0.2268,0.2269,0.2253,0.2255,471771.0
2025-04-24 18:30:00+09:00,0.2255,0.226,0.2247,0.2255,328140.2
2025-04-24 18:35:00+09:00,0.2256,0.2265,0.2255,0.2261,261212.6
2025-04-24 18:40:00+09:00,0.2261,0.2269,0.2258,0.2269,145896.3
2025-04-24 18:45:00+09:00,0.2267,0.2271,0.2265,0.2266,176012.3
2025-04-24 18:50:00+09:00,0.2266,0.2267,0.2257,0.226,156181.9
2025-04-24 18:55:00+09:00,0.2261,0.2273,0.2261,0.2272,82944.9
2025-04-24 19:00:00+09:00,0.2272,0.2272,0.2264,0.2265,134308.5
2025-04-24 19:05:00+09:00,0.2264,0.2266,0.2257,0.2258,134336.8
2025-04-24 19:10:00+09:00,0.2258,0.2266,0.225,0.2251,1471346.9
2025-04-24 19:15:00+09:00,0.2252,0.2262,0.2252,0.226,145800.8
2025-04-24 19:20:00+09:00,0.226,0.2268,0.226,0.2265,92654.4
2025-04-24 19:25:00+09:00,0.2266,0.2271,0.2265,0.2267,28047.7
2025-04-24 19:30:00+09:00,0.2268,0.227,0.2264,0.2267,146792.3
2025-04-24 19:35:00+09:00,0.2267,0.2267,0.226,0.2265,90977.8
2025-04-24 19:40:00+09:00,0.2265,0.2271,0.2264,0.2268,97298.2
2025-04-24 19:45:00+09:00,0.2268,0.2271,0.2265,0.2265,256685.7
2025-04-24 19:50:00+09:00,0.2265,0.2275,0.2263,0.2274,228883.7
2025-04-24 19:55:00+09:00,0.2274,0.2277,0.2271,0.2272,52794.6
2025-04-24 20:00:00+09:00,0.2272,0.2272,0.2261,0.2265,336010.0
2025-04-24 20:05:00+09:00,0.2265,0.2266,0.225,0.226,786015.4
2025-04-24 20:10:00+09:00,0.226,0.2264,0.2259,0.2261,272016.1
2025-04-24 20:15:00+09:00,0.226,0.2266,0.2257,0.2265,571418.5
2025-04-24 20:20:00+09:00,0.2265,0.2266,0.226,0.2264,185595.2
2025-04-24 20:25:00+09:00,0.2265,0.2271,0.2263,0.2268,110033.9
2025-04-24 20:30:00+09:00,0.2269,0.227,0.2262,0.2265,211105.1
2025-04-24 20:35:00+09:00,0.2264,0.2271,0.2263,0.2263,356853.9
2025-04-24 20:40:00+09:00,0.2263,0.2269,0.226,0.2268,146073.3
2025-04-24 20:45:00+09:00,0.2269,0.2272,0.226,0.2265,824189.6
2025-04-24 20:50:00+09:00,0.2266,0.2272,0.2266,0.2272,37320.4
2025-04-24 20:55:00+09:00,0.2272,0.2274,0.2268,0.227,91761.1
2025-04-24 21:00:00+09:00,0.227,0.2279,0.2268,0.2277,654441.4
2025-04-24 21:05:00+09:00,0.2278,0.2278,0.2263,0.2263,143356.4
2025-04-24 21:10:00+09:00,0.2264,0.2271,0.2262,0.2268,67626.3
2025-04-24 21:15:00+09:00,0.2267,0.2273,0.2266,0.2271,31814.5
2025-04-24 21:20:00+09:00,0.2272,0.2275,0.2266,0.2266,82606.9
2025-04-24 21:25:00+09:00,0.2266,0.227,0.2252,0.2255,964580.1
2025-04-24 21:30:00+09:00,0.2256,0.2268,0.2253,0.2268,195489.7
2025-04-24 21:35:00+09:00,0.2267,0.2277,0.2264,0.2264,619091.1
2025-04-24 21:40:00+09:00,0.2265,0.2272,0.2265,0.2271,143094.0
2025-04-24 21:45:00+09:00,0.227,0.2273,0.2266,0.2272,386306.4
2025-04-24 21:50:00+09:00,0.2272,0.2275,0.2267,0.2275,247272.1
2025-04-24 21:55:00+09:00,0.2276,0.2283,0.2275,0.2282,191393.4
2025-04-24 22:00:00+09:00,0.2282,0.2283,0.2277,0.2277,152705.6
2025-04-24 22:05:00+09:00,0.2276,0.2285,0.2274,0.2282,191205.3
2025-04-24 22:10:00+09:00,0.2282,0.2287,0.2279,0.2286,163949.2
2025-04-24 22:15:00+09:00,0.2286,0.2291,0.2284,0.2284,113528.5
2025-04-24 22:20:00+09:00,0.2283,0.2287,0.2282,0.2284,55474.0
2025-04-24 22:25:00+09:00,0.2284,0.2285,0.2282,0.2284,118523.2
2025-04-24 22:30:00+09:00,0.2283,0.2303,0.2282,0.23,397909.5
2025-04-24 22:35:00+09:00,0.2298,0.2305,0.229,0.23,226701.8
2025-04-24 22:40:00+09:00,0.23,0.2304,0.2283,0.2294,287373.7
2025-04-24 22:45:00+09:00,0.2294,0.2296,0.2282,0.2282,196534.4
2025-04-24 22:50:00+09:00,0.2282,0.2288,0.2279,0.2287,162386.8
2025-04-24 22:55:00+09:00,0.2286,0.2291,0.2281,0.229,36536.0
2025-04-24 23:00:00+09:00,0.2289,0.2312,0.2288,0.2309,128378.8
2025-04-24 23:05:00+09:00,0.2309,0.232,0.2305,0.2317,142699.0
2025-04-24 23:10:00+09:00,0.232,0.232,0.2288,0.2294,266381.2
2025-04-24 23:15:00+09:00,0.2295,0.2311,0.2295,0.2301,53328.7
2025-04-24 23:20:00+09:00,0.23,0.2303,0.2288,0.2293,242827.2
2025-04-24 23:25:00+09:00,0.2293,0.2303,0.2285,0.2301,166345.3
2025-04-24 23:30:00+09:00,0.2301,0.2308,0.23,0.2305,188080.3
2025-04-24 23:35:00+09:00,0.2306,0.2325,0.2306,0.2318,180503.1
2025-04-24 23:40:00+09:00,0.2319,0.2329,0.2319,0.2325,114388.8
2025-04-24 23:45:00+09:00,0.2324,0.233,0.2318,0.233,83399.6
2025-04-24 23:50:00+09:00,0.233,0.2347,0.2328,0.2343,310740.4
2025-04-24 23:55:00+09:00,0.2344,0.2345,0.2326,0.2336,127732.5
2025-04-25 00:00:00+09:00,0.2336,0.2338,0.2313,0.2338,276153.3
2025-04-25 00:05:00+09:00,0.2339,0.2354,0.2338,0.2352,133672.7
2025-04-25 00:10:00+09:00,0.2351,0.2377,0.2351,0.2366,237599.9
2025-04-25 00:15:00+09:00,0.2367,0.2378,0.2362,0.2365,218912.0
2025-04-25 00:20:00+09:00,0.2365,0.2377,0.2362,0.2363,213213.7
2025-04-25 00:25:00+09:00,0.2364,0.2368,0.2356,0.2356,82189.7
2025-04-25 00:30:00+09:00,0.2357,0.2368,0.2347,0.2366,115440.0
2025-04-25 00:35:00+09:00,0.2366,0.2373,0.2359,0.2371,253740.6
2025-04-25 00:40:00+09:00,0.237,0.2373,0.2359,0.2368,155134.7
2025-04-25 00:45:00+09:00,0.2369,0.237,0.2356,0.2358,415143.9
2025-04-25 00:50:00+09:00,0.2358,0.2359,0.235,0.2356,88436.7
2025-04-25 00:55:00+09:00,0.2355,0.2358,0.2339,0.2347,979757.7
2025-04-25 01:00:00+09:00,0.2347,0.2361,0.2347,0.2358,302823.9
2025-04-25 01:05:00+09:00,0.2357,0.236,0.2345,0.2351,854096.1
2025-04-25 01:10:00+09:00,0.2352,0.2368,0.2352,0.2368,86311.4
2025-04-25 01:15:00+09:00,0.2368,0.2369,0.2349,0.236,1133475.3
2025-04-25 01:20:00+09:00,0.2362,0.2362,0.2353,0.2353,168756.7
2025-04-25 01:25:00+09:00,0.2352,0.2363,0.235,0.2363,129099.9
2025-04-25 01:30:00+09:00,0.2363,0.2374,0.236,0.2371,225871.4
2025-04-25 01:35:00+09:00,0.237,0.2378,0.237,0.2375,192084.4
2025-04-25 01:40:00+09:00,0.2375,0.2384,0.2374,0.2378,131581.7
2025-04-25 01:45:00+09:00,0.2378,0.2389,0.2378,0.2386,277837.3
2025-04-25 01:50:00+09:00,0.2386,0.2401,0.2383,0.2388,271726.4
2025-04-25 01:55:00+09:00,0.2387,0.239,0.2383,0.2383,75369.5
2025-04-25 02:00:00+09:00,0.2383,0.239,0.2376,0.239,144633.2
2025-04-25 02:05:00+09:00,0.2391,0.2396,0.2367,0.237,227512.6
2025-04-25 02:10:00+09:00,0.2369,0.2374,0.2343,0.2343,500303.0
2025-04-25 02:15:00+09:00,0.2343,0.2363,0.2342,0.235,224140.8
2025-04-25 02:20:00+09:00,0.235,0.2355,0.2338,0.2346,149057.0
2025-04-25 02:25:00+09:00,0.2347,0.2371,0.2347,0.2365,173289.1
2025-04-25 02:30:00+09:00,0.2364,0.2367,0.2345,0.2346,150370.8
2025-04-25 02:35:00+09:00,0.2347,0.2357,0.2346,0.2354,84263.0
2025-04-25 02:40:00+09:00,0.2356,0.2361,0.2332,0.234,66815.2
2025-04-25 02:45:00+09:00,0.234,0.2343,0.2332,0.2338,83878.5
2025-04-25 02:50:00+09:00,0.2338,0.2349,0.2325,0.2348,204791.6
2025-04-25 02:55:00+09:00,0.2349,0.2354,0.2344,0.2353,117928.0
2025-04-25 03:00:00+09:00,0.2352,0.236,0.2351,0.2354,36547.6
2025-04-25 03:05:00+09:00,0.2354,0.237,0.2354,0.2369,117146.5
2025-04-25 03:10:00+09:00,0.2368,0.2375,0.236,0.2369,92161.6
2025-04-25 03:15:00+09:00,0.237,0.2375,0.2356,0.2356,51153.5
2025-04-25 03:20:00+09:00,0.2356,0.2359,0.2352,0.2356,60409.8
2025-04-25 03:25:00+09:00,0.2355,0.2355,0.2349,0.2353,83199.1
2025-04-25 03:30:00+09:00,0.2352,0.2366,0.2352,0.2358,29572.3
2025-04-25 03:35:00+09:00,0.2357,0.2362,0.2355,0.2357,33227.3
2025-04-25 03:40:00+09:00,0.2357,0.2362,0.2357,0.2358,22570.3
2025-04-25 03:45:00+09:00,0.2359,0.236,0.2347,0.2354,92654.3
2025-04-25 03:50:00+09:00,0.2355,0.2359,0.2354,0.2354,58830.7
2025-04-25 03:55:00+09:00,0.2354,0.2363,0.2354,0.2359,274181.9
2025-04-25 04:00:00+09:00,0.2359,0.2362,0.2351,0.2351,43989.9
2025-04-25 04:05:00+09:00,0.235,0.2359,0.235,0.2358,44587.6
2025-04-25 04:10:00+09:00,0.2359,0.2359,0.2351,0.2355,37293.9
2025-04-25 04:15:00+09:00,0.2355,0.2355,0.2348,0.2354,87341.4
2025-04-25 04:20:00+09:00,0.2353,0.2363,0.2352,0.2362,38635.4
2025-04-25 04:25:00+09:00,0.2363,0.237,0.2363,0.2365,46957.9
2025-04-25 04:30:00+09:00,0.2366,0.2369,0.2363,0.2365,56056.1
2025-04-25 04:35:00+09:00,0.2365,0.2368,0.2361,0.2361,24913.0
2025-04-25 04:40:00+09:00,0.2363,0.2366,0.2362,0.2366,33482.7
2025-04-25 04:45:00+09:00,0.2365,0.2365,0.2358,0.2362,40445.6
2025-04-25 04:50:00+09:00,0.2361,0.2373,0.2361,0.2373,50585.0
2025-04-25 04:55:00+09:00,0.2372,0.2377,0.2372,0.2375,117908.4
2025-04-25 05:00:00+09:00,0.2375,0.2391,0.2375,0.2387,336961.5
2025-04-25 05:05:00+09:00,0.2386,0.2388,0.238,0.2382,80958.5
2025-04-25 05:10:00+09:00,0.2382,0.2383,0.2375,0.2377,43399.6
2025-04-25 05:15:00+09:00,0.2376,0.2382,0.2374,0.2375,29123.2
2025-04-25 05:20:00+09:00,0.2374,0.2376,0.2349,0.2374,485543.8
2025-04-25 05:25:00+09:00,0.2372,0.2377,0.2368,0.2377,58780.1
2025-04-25 05:30:00+09:00,0.2378,0.2383,0.2369,0.2369,68186.4
2025-04-25 05:35:00+09:00,0.2368,0.2372,0.2365,0.2365,41695.3
2025-04-25 05:40:00+09:00,0.2364,0.2368,0.236,0.2361,100938.6
2025-04-25 05:45:00+09:00,0.236,0.2373,0.236,0.2372,139525.5
2025-04-25 05:50:00+09:00,0.237,0.2375,0.2369,0.2373,97971.4
2025-04-25 05:55:00+09:00,0.2374,0.2376,0.2367,0.2369,30423.1
2025-04-25 06:00:00+09:00,0.237,0.2373,0.2368,0.237,22681.7
2025-04-25 06:05:00+09:00,0.2369,0.237,0.2367,0.2367,41925.4
2025-04-25 06:10:00+09:00,0.2367,0.2375,0.2363,0.2373,20222.2
2025-04-25 06:15:00+09:00,0.2373,0.2375,0.2368,0.2373,12477.1
2025-04-25 06:20:00+09:00,0.2374,0.2378,0.2365,0.2368,54815.7
2025-04-25 06:25:00+09:00,0.2368,0.2369,0.234,0.2349,257849.1
2025-04-25 06:30:00+09:00,0.2351,0.2363,0.235,0.2356,80518.1
2025-04-25 06:35:00+09:00,0.2358,0.2363,0.2357,0.2359,23605.0
2025-04-25 06:40:00+09:00,0.2358,0.2361,0.2355,0.2355,33713.8
2025-04-25 06:45:00+09:00,0.2356,0.2363,0.2356,0.2362,99868.9
2025-04-25 06:50:00+09:00,0.2362,0.2367,0.2362,0.2366,34820.6
2025-04-25 06:55:00+09:00,0.2367,0.237,0.2365,0.2369,36156.5
2025-04-25 07:00:00+09:00,0.2369,0.2372,0.236,0.2368,58997.3
2025-04-25 07:05:00+09:00,0.2369,0.2377,0.2366,0.2367,61708.5
2025-04-25 07:10:00+09:00,0.2368,0.2374,0.2368,0.2371,23662.9
2025-04-25 07:15:00+09:00,0.2371,0.2374,0.2367,0.2368,126884.2
2025-04-25 07:20:00+09:00,0.2367,0.2371,0.2366,0.2371,129231.6
2025-04-25 07:25:00+09:00,0.2371,0.2376,0.237,0.2375,45179.4
2025-04-25 07:30:00+09:00,0.2374,0.2376,0.2372,0.2374,28027.9
2025-04-25 07:35:00+09:00,0.2374,0.2378,0.2371,0.2372,27721.2
2025-04-25 07:40:00+09:00,0.2371,0.2372,0.2369,0.2369,21209.5
2025-04-25 07:45:00+09:00,0.237,0.2371,0.2365,0.2365,44655.1
2025-04-25 07:50:00+09:00,0.2365,0.2365,0.2356,0.2357,57103.7
2025-04-25 07:55:00+09:00,0.2357,0.2368,0.2357,0.2365,33381.6
2025-04-25 08:00:00+09:00,0.2365,0.2365,0.2362,0.2364,18211.3
2025-04-25 08:05:00+09:00,0.2365,0.2369,0.2362,0.2366,71509.3
2025-04-25 08:10:00+09:00,0.2368,0.2371,0.2366,0.2369,53174.2
2025-04-25 08:15:00+09:00,0.2369,0.2375,0.2369,0.2375,38461.9
2025-04-25 08:20:00+09:00,0.2375,0.2376,0.2369,0.237,34890.7
2025-04-25 08:25:00+09:00,0.237,0.238,0.2367,0.238,199736.7
2025-04-25 08:30:00+09:00,0.238,0.2393,0.238,0.2391,136020.4
2025-04-25 08:35:00+09:00,0.2392,0.2392,0.2382,0.2385,53558.6
2025-04-25 08:40:00+09:00,0.2385,0.2393,0.2385,0.2393,31319.3
2025-04-25 08:45:00+09:00,0.2393,0.2395,0.2385,0.2392,71358.7
2025-04-25 08:50:00+09:00,0.2391,0.2392,0.2385,0.2389,154472.6
2025-04-25 08:55:00+09:00,0.2389,0.2392,0.2387,0.2389,296686.7
2025-04-25 09:00:00+09:00,0.2389,0.2415,0.2387,0.241,689365.8
2025-04-25 09:05:00+09:00,0.241,0.2429,0.2398,0.2398,727965.7
2025-04-25 09:10:00+09:00,0.2398,0.2415,0.2392,0.241,134957.5
2025-04-25 09:15:00+09:00,0.2409,0.2409,0.2393,0.2399,94438.8
2025-04-25 09:20:00+09:00,0.24,0.2407,0.2396,0.2401,73541.3
2025-04-25 09:25:00+09:00,0.24,0.2411,0.24,0.2407,53248.6
2025-04-25 09:30:00+09:00,0.2407,0.2407,0.239,0.2394,83410.6
2025-04-25 09:35:00+09:00,0.2396,0.2412,0.2395,0.2395,121840.1
2025-04-25 09:40:00+09:00,0.2395,0.2403,0.2392,0.2399,72049.5
2025-04-25 09:45:00+09:00,0.2399,0.2399,0.2388,0.2395,44062.9
2025-04-25 09:50:00+09:00,0.2395,0.2397,0.239,0.239,37595.6
2025-04-25 09:55:00+09:00,0.239,0.24,0.239,0.2399,107244.8
2025-04-25 10:00:00+09:00,0.2399,0.2412,0.2399,0.2401,106018.3
2025-04-25 10:05:00+09:00,0.2401,0.2425,0.2399,0.2424,141977.4
2025-04-25 10:10:00+09:00,0.2423,0.2428,0.2416,0.242,262023.8
2025-04-25 10:15:00+09:00,0.242,0.2421,0.2398,0.24,113202.3
2025-04-25 10:20:00+09:00,0.2399,0.2399,0.2385,0.2387,138668.6
2025-04-25 10:25:00+09:00,0.2386,0.2393,0.2371,0.2377,282501.5
2025-04-25 10:30:00+09:00,0.2376,0.2379,0.2367,0.2378,78216.5
2025-04-25 10:35:00+09:00,0.2377,0.2388,0.2377,0.2387,23543.0
2025-04-25 10:40:00+09:00,0.2386,0.2387,0.2383,0.2385,56238.5
2025-04-25 10:45:00+09:00,0.2384,0.239,0.2381,0.2383,63203.5
2025-04-25 10:50:00+09:00,0.2383,0.2388,0.2383,0.2388,14571.2
2025-04-25 10:55:00+09:00,0.2385,0.2385,0.2371,0.2372,81125.8
2025-04-25 11:00:00+09:00,0.2372,0.2379,0.2369,0.2372,135451.4
2025-04-25 11:05:00+09:00,0.2372,0.2376,0.2345,0.2345,305007.4
2025-04-25 11:10:00+09:00,0.2346,0.2358,0.2346,0.2351,110308.6
2025-04-25 11:15:00+09:00,0.235,0.2353,0.2334,0.2337,181279.9
2025-04-25 11:20:00+09:00,0.2339,0.235,0.2335,0.2335,47732.1
2025-04-25 11:25:00+09:00,0.2334,0.2342,0.2327,0.2334,126202.7
2025-04-25 11:30:00+09:00,0.2334,0.2335,0.2321,0.2332,267956.9
2025-04-25 11:35:00+09:00,0.2332,0.2342,0.2332,0.2338,121164.7
2025-04-25 11:40:00+09:00,0.2338,0.2338,0.2323,0.2327,121827.4
2025-04-25 11:45:00+09:00,0.2326,0.2335,0.2321,0.2325,201250.3
2025-04-25 11:50:00+09:00,0.2324,0.2326,0.2315,0.2324,224134.5
2025-04-25 11:55:00+09:00,0.2325,0.2325,0.2305,0.2312,170084.2
2025-04-25 12:00:00+09:00,0.2313,0.2315,0.2305,0.2315,185546.2
2025-04-25 12:05:00+09:00,0.2316,0.2326,0.2316,0.2326,123601.3
2025-04-25 12:10:00+09:00,0.2327,0.2329,0.2324,0.2324,60371.7
2025-04-25 12:15:00+09:00,0.2325,0.2334,0.2325,0.2328,78189.7
2025-04-25 12:20:00+09:00,0.2329,0.2332,0.2317,0.233,114390.0
2025-04-25 12:25:00+09:00,0.233,0.2332,0.2323,0.2325,33632.1
2025-04-25 12:30:00+09:00,0.2326,0.2337,0.2325,0.2334,53355.3
2025-04-25 12:35:00+09:00,0.2335,0.2343,0.2333,0.2343,28429.7
2025-04-25 12:40:00+09:00,0.2344,0.2347,0.234,0.2341,60270.4
2025-04-25 12:45:00+09:00,0.2341,0.2345,0.2339,0.2342,28229.3
2025-04-25 12:50:00+09:00,0.2342,0.2347,0.2341,0.2347,30491.1
2025-04-25 12:55:00+09:00,0.2347,0.2347,0.2335,0.2341,194368.6
2025-04-25 13:00:00+09:00,0.2339,0.234,0.2331,0.234,61363.2
2025-04-25 13:05:00+09:00,0.2339,0.2346,0.2336,0.2344,106731.3
2025-04-25 13:10:00+09:00,0.2344,0.2346,0.2332,0.2346,342243.9
2025-04-25 13:15:00+09:00,0.2347,0.2348,0.2338,0.2338,74887.1
2025-04-25 13:20:00+09:00,0.2337,0.2344,0.2337,0.2338,50165.3
2025-04-25 13:25:00+09:00,0.2337,0.2338,0.2333,0.2334,81124.7
2025-04-25 13:30:00+09:00,0.2334,0.2335,0.2325,0.233,109933.7
2025-04-25 13:35:00+09:00,0.2328,0.2334,0.2322,0.2325,733159.5
2025-04-25 13:40:00+09:00,0.2325,0.2334,0.2325,0.2333,51416.4
2025-04-25 13:45:00+09:00,0.2333,0.2334,0.2328,0.233,128613.0
2025-04-25 13:50:00+09:00,0.2331,0.2334,0.2327,0.2329,147602.8
2025-04-25 13:55:00+09:00,0.2329,0.233,0.2326,0.2328,71134.9
2025-04-25 14:00:00+09:00,0.2329,0.2339,0.2326,0.2338,67044.0
2025-04-25 14:05:00+09:00,0.2337,0.235,0.2336,0.2349,159674.2
2025-04-25 14:10:00+09:00,0.2348,0.2359,0.2344,0.2354,85632.2
2025-04-25 14:15:00+09:00,0.2355,0.2355,0.2351,0.2352,55397.4
2025-04-25 14:20:00+09:00,0.2353,0.2358,0.2352,0.2355,50519.0
2025-04-25 14:25:00+09:00,0.2356,0.2367,0.2355,0.2366,40256.6
2025-04-25 14:30:00+09:00,0.2367,0.2371,0.2363,0.2367,63507.7
2025-04-25 14:35:00+09:00,0.2366,0.2366,0.2357,0.2362,69220.3
2025-04-25 14:40:00+09:00,0.2362,0.2364,0.2359,0.2361,143163.1
2025-04-25 14:45:00+09:00,0.2362,0.2367,0.2358,0.2361,73650.4
2025-04-25 14:50:00+09:00,0.2361,0.2362,0.2355,0.2358,129484.6
2025-04-25 14:55:00+09:00,0.2357,0.2371,0.2355,0.2368,212253.4
2025-04-25 15:00:00+09:00,0.2367,0.2381,0.2367,0.238,324213.0
2025-04-25 15:05:00+09:00,0.238,0.2392,0.2377,0.239,261442.9
2025-04-25 15:10:00+09:00,0.239,0.2399,0.2389,0.239,375968.4
2025-04-25 15:15:00+09:00,0.239,0.2394,0.2377,0.2378,64194.9
2025-04-25 15:20:00+09:00,0.2378,0.2391,0.2378,0.2388,88245.8
2025-04-25 15:25:00+09:00,0.2389,0.2402,0.2388,0.2398,94979.6
2025-04-25 15:30:00+09:00,0.24,0.2408,0.2395,0.2403,295025.7
2025-04-25 15:35:00+09:00,0.2403,0.2412,0.2401,0.2407,228640.1
2025-04-25 15:40:00+09:00,0.2407,0.2414,0.2394,0.24,528590.6
2025-04-25 15:45:00+09:00,0.2401,0.2404,0.2394,0.2403,114421.1
2025-04-25 15:50:00+09:00,0.2403,0.241,0.2402,0.2406,93561.5
2025-04-25 15:55:00+09:00,0.2406,0.2406,0.24,0.2403,49168.9
2025-04-25 16:00:00+09:00,0.2402,0.2413,0.2402,0.2403,165107.1
2025-04-25 16:05:00+09:00,0.2404,0.241,0.2404,0.2407,182004.6
2025-04-25 16:10:00+09:00,0.2407,0.2411,0.2395,0.2396,155583.5
2025-04-25 16:15:00+09:00,0.2396,0.2406,0.2392,0.24,96823.0
2025-04-25 16:20:00+09:00,0.2401,0.2401,0.2385,0.2385,91639.7
2025-04-25 16:25:00+09:00,0.2385,0.2394,0.2384,0.2388,89517.4
2025-04-25 16:30:00+09:00,0.2388,0.2395,0.2383,0.2385,147350.0
2025-04-25 16:35:00+09:00,0.2385,0.2395,0.2385,0.2394,91180.1
2025-04-25 16:40:00+09:00,0.2395,0.2407,0.2393,0.2407,122363.0
2025-04-25 16:45:00+09:00,0.2408,0.2412,0.2404,0.2406,93312.9
2025-04-25 16:50:00+09:00,0.2406,0.2418,0.2405,0.2416,137615.3
2025-04-25 16:55:00+09:00,0.2416,0.242,0.2409,0.2411,97718.4
2025-04-25 17:00:00+09:00,0.2412,0.242,0.2398,0.2399,1285427.5
2025-04-25 17:05:00+09:00,0.2399,0.2408,0.2392,0.24,1832436.6
2025-04-25 17:10:00+09:00,0.24,0.2405,0.2399,0.2404,156080.8
2025-04-25 17:15:00+09:00,0.2403,0.2406,0.2398,0.2401,331308.5
2025-04-25 17:20:00+09:00,0.24,0.2406,0.2398,0.2404,62678.8
2025-04-25 17:25:00+09:00,0.2404,0.2406,0.2394,0.2399,820016.2
2025-04-25 17:30:00+09:00,0.2398,0.24,0.2384,0.2391,599108.2
2025-04-25 17:35:00+09:00,0.239,0.2397,0.2378,0.2388,2790915.6
2025-04-25 17:40:00+09:00,0.2388,0.2392,0.2385,0.2392,194535.4
2025-04-25 17:45:00+09:00,0.2392,0.2398,0.2392,0.2394,145039.5
2025-04-25 17:50:00+09:00,0.2393,0.2399,0.2391,0.2397,51994.5
2025-04-25 17:55:00+09:00,0.2396,0.2402,0.2394,0.24,65262.8
2025-04-25 18:00:00+09:00,0.2399,0.2402,0.2394,0.2394,102918.0
2025-04-25 18:05:00+09:00,0.2396,0.2398,0.2387,0.2388,201725.6
2025-04-25 18:10:00+09:00,0.2387,0.2391,0.2378,0.239,581666.5
2025-04-25 18:15:00+09:00,0.2389,0.2389,0.2375,0.2383,220551.9
2025-04-25 18:20:00+09:00,0.2382,0.2389,0.2381,0.2385,54431.5
2025-04-25 18:25:00+09:00,0.2385,0.2385,0.2378,0.2384,66527.7
2025-04-25 18:30:00+09:00,0.2385,0.239,0.2384,0.2389,48461.6
2025-04-25 18:35:00+09:00,0.239,0.2391,0.2365,0.2373,1158913.7
2025-04-25 18:40:00+09:00,0.2372,0.2379,0.2369,0.2379,654683.1
2025-04-25 18:45:00+09:00,0.2378,0.2385,0.2377,0.2383,878309.4
2025-04-25 18:50:00+09:00,0.2384,0.2389,0.2374,0.2386,909424.8
2025-04-25 18:55:00+09:00,0.2387,0.2396,0.2386,0.2392,181940.7
2025-04-25 19:00:00+09:00,0.2393,0.2398,0.2385,0.2391,160621.1
2025-04-25 19:05:00+09:00,0.239,0.2393,0.2381,0.2388,239826.4
2025-04-25 19:10:00+09:00,0.2387,0.2388,0.2378,0.2388,123677.9
2025-04-25 19:15:00+09:00,0.2389,0.2402,0.2383,0.24,237648.0
2025-04-25 19:20:00+09:00,0.2399,0.24,0.2384,0.2395,103097.4
2025-04-25 19:25:00+09:00,0.2395,0.2395,0.2381,0.2382,82988.1
2025-04-25 19:30:00+09:00,0.2382,0.2389,0.238,0.2381,191765.2
2025-04-25 19:35:00+09:00,0.2382,0.2384,0.2368,0.2369,388180.7
2025-04-25 19:40:00+09:00,0.2368,0.2377,0.2368,0.2374,48250.5
2025-04-25 19:45:00+09:00,0.2375,0.2381,0.2368,0.237,319467.7
2025-04-25 19:50:00+09:00,0.2368,0.2378,0.2368,0.2374,164876.2
2025-04-25 19:55:00+09:00,0.2374,0.2383,0.2374,0.2383,219605.5
2025-04-25 20:00:00+09:00,0.2383,0.2395,0.2382,0.2395,96285.8
2025-04-25 20:05:00+09:00,0.2396,0.2406,0.2393,0.2402,232960.1
2025-04-25 20:10:00+09:00,0.2402,0.2403,0.2395,0.2403,93003.8
2025-04-25 20:15:00+09:00,0.2404,0.2411,0.2397,0.2402,226534.0
2025-04-25 20:20:00+09:00,0.2402,0.2404,0.24,0.2402,76640.7
2025-04-25 20:25:00+09:00,0.2401,0.2403,0.2394,0.24,74646.4
2025-04-25 20:30:00+09:00,0.24,0.2414,0.24,0.2412,174774.6
2025-04-25 20:35:00+09:00,0.2412,0.2414,0.2397,0.2402,592355.7
2025-04-25 20:40:00+09:00,0.2403,0.2411,0.2403,0.2409,170453.8
2025-04-25 20:45:00+09:00,0.2408,0.2416,0.2408,0.2413,158552.1
2025-04-25 20:50:00+09:00,0.2413,0.2415,0.2407,0.2407,153643.5
2025-04-25 20:55:00+09:00,0.2408,0.2423,0.2403,0.2419,359358.4
2025-04-25 21:00:00+09:00,0.242,0.2428,0.241,0.2424,280693.7
2025-04-25 21:05:00+09:00,0.2423,0.2435,0.2423,0.2427,376072.8
2025-04-25 21:10:00+09:00,0.2427,0.245,0.2427,0.2439,802621.8
2025-04-25 21:15:00+09:00,0.2438,0.2445,0.243,0.2433,223806.5
2025-04-25 21:20:00+09:00,0.2432,0.2433,0.2422,0.2426,578492.5
2025-04-25 21:25:00+09:00,0.2426,0.2426,0.2406,0.2411,193451.5
2025-04-25 21:30:00+09:00,0.2411,0.2428,0.2411,0.2418,261422.8
2025-04-25 21:35:00+09:00,0.242,0.2431,0.242,0.2424,127300.0
2025-04-25 21:40:00+09:00,0.2423,0.2432,0.2423,0.243,91005.3
2025-04-25 21:45:00+09:00,0.2427,0.243,0.241,0.2414,142013.4
2025-04-25 21:50:00+09:00,0.2412,0.2412,0.2378,0.2384,660593.4
2025-04-25 21:55:00+09:00,0.2384,0.2395,0.2382,0.2392,573899.4
2025-04-25 22:00:00+09:00,0.2393,0.241,0.2385,0.2409,445376.1
2025-04-25 22:05:00+09:00,0.2409,0.2414,0.2392,0.2399,135124.5
2025-04-25 22:10:00+09:00,0.2398,0.2402,0.2394,0.2399,110393.6
2025-04-25 22:15:00+09:00,0.2399,0.2408,0.2397,0.2406,99202.8
2025-04-25 22:20:00+09:00,0.2406,0.2406,0.2393,0.2394,110632.7
2025-04-25 22:25:00+09:00,0.2394,0.2397,0.2382,0.2383,76429.4
2025-04-25 22:30:00+09:00,0.2384,0.2396,0.2371,0.2395,183906.3
2025-04-25 22:35:00+09:00,0.2394,0.2407,0.2393,0.2402,57896.9
2025-04-25 22:40:00+09:00,0.2403,0.241,0.2395,0.24,67691.1
2025-04-25 22:45:00+09:00,0.24,0.2409,0.2397,0.24,580218.7
2025-04-25 22:50:00+09:00,0.24,0.2406,0.2381,0.2389,156938.3
2025-04-25 22:55:00+09:00,0.239,0.2397,0.2387,0.2392,173241.8
2025-04-25 23:00:00+09:00,0.2392,0.2412,0.2392,0.2408,469928.4
2025-04-25 23:05:00+09:00,0.2407,0.2423,0.2406,0.242,107833.9
2025-04-25 23:10:00+09:00,0.242,0.2424,0.2407,0.2423,1209472.4
2025-04-25 23:15:00+09:00,0.2423,0.2424,0.2393,0.2401,2640646.8
2025-04-25 23:20:00+09:00,0.2401,0.2401,0.2379,0.2392,1422433.4
2025-04-25 23:25:00+09:00,0.2391,0.2391,0.238,0.2388,171099.2
2025-04-25 23:30:00+09:00,0.2389,0.2392,0.2371,0.239,1540075.0
2025-04-25 23:35:00+09:00,0.239,0.2393,0.2376,0.2383,2187462.9
2025-04-25 23:40:00+09:00,0.2383,0.2391,0.2376,0.239,1938900.0
2025-04-25 23:45:00+09:00,0.2389,0.2407,0.2387,0.24,1357999.1
2025-04-25 23:50:00+09:00,0.2399,0.24,0.2383,0.2394,1305604.9
2025-04-25 23:55:00+09:00,0.2394,0.2404,0.2377,0.2395,1205831.9
2025-04-26 00:00:00+09:00,0.2396,0.2402,0.2384,0.239,916909.8
2025-04-26 00:05:00+09:00,0.239,0.2393,0.2384,0.2389,642960.3
2025-04-26 00:10:00+09:00,0.2389,0.2397,0.2386,0.239,425675.2
2025-04-26 00:15:00+09:00,0.239,0.239,0.2367,0.2379,1335931.8
2025-04-26 00:20:00+09:00,0.238,0.239,0.2377,0.2389,379571.2
2025-04-26 00:25:00+09:00,0.2388,0.2394,0.2383,0.2386,563395.4
2025-04-26 00:30:00+09:00,0.2386,0.2389,0.2374,0.2379,496832.0
2025-04-26 00:35:00+09:00,0.2379,0.2379,0.235,0.2354,814635.0
2025-04-26 00:40:00+09:00,0.2353,0.2362,0.2343,0.2346,1119717.4
2025-04-26 00:45:00+09:00,0.2347,0.2364,0.2347,0.2357,507571.6
2025-04-26 00:50:00+09:00,0.2357,0.236,0.2347,0.2353,1253043.8
2025-04-26 00:55:00+09:00,0.2354,0.2354,0.2341,0.2345,708071.2
2025-04-26 01:00:00+09:00,0.2345,0.2352,0.2336,0.2338,1540387.8
2025-04-26 01:05:00+09:00,0.2339,0.234,0.233,0.2339,456043.8
2025-04-26 01:10:00+09:00,0.234,0.234,0.2327,0.2329,345545.9
2025-04-26 01:15:00+09:00,0.2328,0.233,0.2314,0.2325,695762.4
2025-04-26 01:20:00+09:00,0.2325,0.2341,0.2322,0.2337,294074.7
2025-04-26 01:25:00+09:00,0.2336,0.2347,0.2335,0.2342,676702.1
2025-04-26 01:30:00+09:00,0.2343,0.2347,0.234,0.2347,259359.6
2025-04-26 01:35:00+09:00,0.2347,0.2355,0.2345,0.2354,216237.1
2025-04-26 01:40:00+09:00,0.2354,0.2362,0.2354,0.2361,75561.5
2025-04-26 01:45:00+09:00,0.2361,0.2363,0.2356,0.236,73801.8
2025-04-26 01:50:00+09:00,0.2361,0.2362,0.2348,0.2355,161049.2
2025-04-26 01:55:00+09:00,0.2355,0.237,0.2355,0.237,218980.4
2025-04-26 02:00:00+09:00,0.237,0.2381,0.2369,0.2381,272094.9
2025-04-26 02:05:00+09:00,0.238,0.2386,0.2379,0.238,187755.5
2025-04-26 02:10:00+09:00,0.238,0.2385,0.2378,0.2385,93779.5
2025-04-26 02:15:00+09:00,0.2385,0.2386,0.2379,0.2386,157313.2
2025-04-26 02:20:00+09:00,0.2387,0.2387,0.2376,0.2376,68940.3
2025-04-26 02:25:00+09:00,0.2376,0.238,0.2368,0.2368,113670.8
2025-04-26 02:30:00+09:00,0.2369,0.237,0.2356,0.2361,128679.7
2025-04-26 02:35:00+09:00,0.236,0.2365,0.2348,0.2348,138269.3
2025-04-26 02:40:00+09:00,0.2347,0.2358,0.2344,0.2352,220981.7
2025-04-26 02:45:00+09:00,0.2353,0.2353,0.2342,0.2346,295044.5
2025-04-26 02:50:00+09:00,0.2346,0.2353,0.2343,0.2345,80911.4
2025-04-26 02:55:00+09:00,0.2345,0.2349,0.2334,0.2335,175247.1
2025-04-26 03:00:00+09:00,0.2334,0.2351,0.2324,0.2348,366073.0
2025-04-26 03:05:00+09:00,0.2348,0.2348,0.2338,0.2343,132397.2
2025-04-26 03:10:00+09:00,0.2341,0.2345,0.2336,0.2344,61145.3
2025-04-26 03:15:00+09:00,0.2343,0.2348,0.234,0.2345,50926.9
2025-04-26 03:20:00+09:00,0.2345,0.2354,0.2344,0.2354,103712.1
2025-04-26 03:25:00+09:00,0.2354,0.2361,0.2352,0.2359,94957.2
2025-04-26 03:30:00+09:00,0.2359,0.2364,0.2355,0.2355,121702.2
2025-04-26 03:35:00+09:00,0.2355,0.2361,0.2353,0.2358,91970.0
2025-04-26 03:40:00+09:00,0.2358,0.2361,0.2356,0.2356,27208.9
2025-04-26 03:45:00+09:00,0.2356,0.2358,0.2354,0.2354,242316.0
2025-04-26 03:50:00+09:00,0.2355,0.2358,0.2346,0.2349,69129.9
2025-04-26 03:55:00+09:00,0.2347,0.2347,0.2337,0.2341,342597.6
2025-04-26 04:00:00+09:00,0.2341,0.2344,0.2338,0.2338,97412.7
2025-04-26 04:05:00+09:00,0.2339,0.2344,0.2336,0.2342,120666.8
2025-04-26 04:10:00+09:00,0.2342,0.2342,0.2335,0.2335,91240.2
2025-04-26 04:15:00+09:00,0.2335,0.2343,0.2334,0.2341,88349.4
2025-04-26 04:20:00+09:00,0.2341,0.2341,0.2336,0.2338,38610.5
2025-04-26 04:25:00+09:00,0.2338,0.2346,0.2337,0.2345,35632.5
2025-04-26 04:30:00+09:00,0.2344,0.2346,0.2339,0.234,126390.3
2025-04-26 04:35:00+09:00,0.234,0.2346,0.2335,0.2344,122028.2
2025-04-26 04:40:00+09:00,0.2344,0.2344,0.2339,0.2342,34211.5
2025-04-26 04:45:00+09:00,0.2342,0.2345,0.2339,0.2343,124077.7
2025-04-26 04:50:00+09:00,0.2345,0.2353,0.2345,0.2353,76940.7
2025-04-26 04:55:00+09:00,0.2352,0.2352,0.2344,0.235,41206.2
2025-04-26 05:00:00+09:00,0.235,0.2351,0.2347,0.2351,99929.5
2025-04-26 05:05:00+09:00,0.2352,0.2355,0.235,0.2354,43597.6
2025-04-26 05:10:00+09:00,0.2355,0.2355,0.2351,0.2355,12652.9
2025-04-26 05:15:00+09:00,0.2356,0.2356,0.2333,0.2346,554665.7
2025-04-26 05:20:00+09:00,0.2346,0.2347,0.2332,0.2334,220029.0
2025-04-26 05:25:00+09:00,0.2336,0.2342,0.2336,0.2341,32613.5
2025-04-26 05:30:00+09:00,0.2341,0.2345,0.2341,0.2341,41932.3
2025-04-26 05:35:00+09:00,0.2343,0.2346,0.2338,0.2345,74756.4
2025-04-26 05:40:00+09:00,0.2345,0.2345,0.2339,0.2342,103918.9
2025-04-26 05:45:00+09:00,0.2342,0.2352,0.2342,0.2351,60145.5
2025-04-26 05:50:00+09:00,0.2351,0.2361,0.2351,0.2354,105412.3
2025-04-26 05:55:00+09:00,0.2354,0.236,0.2354,0.2354,58429.1
2025-04-26 06:00:00+09:00,0.2354,0.2369,0.2353,0.2368,154412.2
2025-04-26 06:05:00+09:00,0.2368,0.2376,0.2366,0.2372,110420.9
2025-04-26 06:10:00+09:00,0.2372,0.2375,0.2369,0.2371,76456.9
2025-04-26 06:15:00+09:00,0.2371,0.2378,0.237,0.2373,109417.2
2025-04-26 06:20:00+09:00,0.2373,0.2376,0.2363,0.2364,85456.8
2025-04-26 06:25:00+09:00,0.2363,0.2373,0.2362,0.2369,91511.6
2025-04-26 06:30:00+09:00,0.2368,0.2378,0.2368,0.2375,94562.7
2025-04-26 06:35:00+09:00,0.2373,0.2376,0.2368,0.2374,86991.6
2025-04-26 06:40:00+09:00,0.2376,0.2376,0.2371,0.2373,78475.9
2025-04-26 06:45:00+09:00,0.2373,0.2373,0.2354,0.2354,158510.2
2025-04-26 06:50:00+09:00,0.2354,0.2362,0.2348,0.2358,280326.0
2025-04-26 06:55:00+09:00,0.2356,0.2362,0.2354,0.2361,198695.5
2025-04-26 07:00:00+09:00,0.2362,0.2377,0.2362,0.2369,134021.5
2025-04-26 07:05:00+09:00,0.2368,0.2378,0.2368,0.2376,40338.4
2025-04-26 07:10:00+09:00,0.2377,0.2387,0.2376,0.2386,175511.5
2025-04-26 07:15:00+09:00,0.2386,0.2386,0.2378,0.238,217072.2
2025-04-26 07:20:00+09:00,0.238,0.2385,0.2379,0.2385,95777.7
2025-04-26 07:25:00+09:00,0.2385,0.2399,0.2383,0.2397,140040.8
2025-04-26 07:30:00+09:00,0.2398,0.241,0.2398,0.241,103104.4
2025-04-26 07:35:00+09:00,0.2408,0.241,0.2402,0.2403,53377.4
2025-04-26 07:40:00+09:00,0.2404,0.2413,0.2404,0.2411,65925.6
2025-04-26 07:45:00+09:00,0.241,0.2415,0.2407,0.2411,141762.9
2025-04-26 07:50:00+09:00,0.241,0.241,0.2402,0.2405,102432.6
2025-04-26 07:55:00+09:00,0.2405,0.241,0.2401,0.2402,35947.4
2025-04-26 08:00:00+09:00,0.2402,0.2403,0.239,0.2392,84569.5
2025-04-26 08:05:00+09:00,0.239,0.2398,0.2384,0.2398,78719.2
2025-04-26 08:10:00+09:00,0.2399,0.2399,0.2387,0.2388,64584.2
2025-04-26 08:15:00+09:00,0.2388,0.2388,0.2382,0.2387,46702.9
2025-04-26 08:20:00+09:00,0.2388,0.2388,0.2377,0.2378,87957.5
2025-04-26 08:25:00+09:00,0.2377,0.2391,0.2377,0.2391,77376.0
2025-04-26 08:30:00+09:00,0.2391,0.2391,0.2379,0.2381,68320.3
2025-04-26 08:35:00+09:00,0.2382,0.2392,0.2382,0.2387,89085.1
2025-04-26 08:40:00+09:00,0.2387,0.2389,0.2384,0.2389,79791.4
2025-04-26 08:45:00+09:00,0.2388,0.2394,0.2386,0.2392,54304.7
2025-04-26 08:50:00+09:00,0.2392,0.2403,0.2392,0.2402,127418.1
2025-04-26 08:55:00+09:00,0.2401,0.2408,0.24,0.2401,67444.3
2025-04-26 09:00:00+09:00,0.2402,0.2406,0.2388,0.2399,263461.2
2025-04-26 09:05:00+09:00,0.2399,0.2412,0.2395,0.2408,252577.1
2025-04-26 09:10:00+09:00,0.2408,0.2408,0.2389,0.239,100679.1
2025-04-26 09:15:00+09:00,0.2391,0.2394,0.2381,0.2384,144328.7
2025-04-26 09:20:00+09:00,0.2383,0.2398,0.2381,0.2398,106390.1
2025-04-26 09:25:00+09:00,0.24,0.2405,0.2396,0.2396,27850.8
2025-04-26 09:30:00+09:00,0.2397,0.24,0.2386,0.2393,121392.7
2025-04-26 09:35:00+09:00,0.2392,0.2401,0.239,0.2391,72489.2
2025-04-26 09:40:00+09:00,0.2392,0.24,0.239,0.2396,63513.7
2025-04-26 09:45:00+09:00,0.2395,0.2409,0.2393,0.2404,219887.0
2025-04-26 09:50:00+09:00,0.2405,0.2417,0.2405,0.2414,187193.2
2025-04-26 09:55:00+09:00,0.2414,0.2417,0.2408,0.241,106571.2
2025-04-26 10:00:00+09:00,0.241,0.2414,0.2407,0.2411,85987.6
2025-04-26 10:05:00+09:00,0.2412,0.2426,0.2408,0.2424,182250.7
2025-04-26 10:10:00+09:00,0.2422,0.2429,0.2417,0.2424,269941.9
2025-04-26 10:15:00+09:00,0.2424,0.2443,0.2424,0.2441,584404.6
2025-04-26 10:20:00+09:00,0.2442,0.2446,0.2432,0.2435,198989.1
2025-04-26 10:25:00+09:00,0.2435,0.2445,0.2431,0.2445,164124.3
2025-04-26 10:30:00+09:00,0.2446,0.2464,0.2443,0.2463,338750.3
2025-04-26 10:35:00+09:00,0.2462,0.2479,0.2462,0.2474,220571.0
2025-04-26 10:40:00+09:00,0.2474,0.2474,0.2458,0.2461,205437.1
2025-04-26 10:45:00+09:00,0.2461,0.2463,0.2454,0.2456,96100.4
2025-04-26 10:50:00+09:00,0.2455,0.2458,0.2444,0.2445,252785.1
2025-04-26 10:55:00+09:00,0.2444,0.246,0.244,0.2457,228256.0
2025-04-26 11:00:00+09:00,0.2455,0.2456,0.2442,0.2444,206907.6
2025-04-26 11:05:00+09:00,0.2444,0.2453,0.2444,0.2447,191605.0
2025-04-26 11:10:00+09:00,0.2446,0.245,0.2432,0.2437,216517.0
2025-04-26 11:15:00+09:00,0.2439,0.2451,0.2439,0.2449,172420.5
2025-04-26 11:20:00+09:00,0.2451,0.2455,0.2447,0.2455,84989.6
2025-04-26 11:25:00+09:00,0.2455,0.2461,0.2452,0.2459,80666.5
2025-04-26 11:30:00+09:00,0.246,0.2475,0.246,0.2471,100822.3
2025-04-26 11:35:00+09:00,0.2472,0.2479,0.247,0.2474,178265.1
2025-04-26 11:40:00+09:00,0.2474,0.2487,0.2472,0.2477,117150.3
2025-04-26 11:45:00+09:00,0.2475,0.2482,0.2473,0.2474,123646.1
2025-04-26 11:50:00+09:00,0.2474,0.2483,0.2467,0.2482,251023.5
2025-04-26 11:55:00+09:00,0.2485,0.2494,0.2482,0.2484,167872.6
2025-04-26 12:00:00+09:00,0.2484,0.2505,0.2484,0.2491,205686.2
2025-04-26 12:05:00+09:00,0.2489,0.2508,0.2485,0.2508,175587.0
2025-04-26 12:10:00+09:00,0.2506,0.2522,0.2506,0.2517,365139.5
2025-04-26 12:15:00+09:00,0.2518,0.2523,0.2497,0.2497,385340.4
2025-04-26 12:20:00+09:00,0.2497,0.2498,0.2483,0.2489,217645.6
2025-04-26 12:25:00+09:00,0.2489,0.2491,0.2462,0.2474,526576.9
2025-04-26 12:30:00+09:00,0.2473,0.249,0.2473,0.249,165585.4
2025-04-26 12:35:00+09:00,0.249,0.2498,0.2484,0.2486,187494.0
2025-04-26 12:40:00+09:00,0.2485,0.249,0.2478,0.2478,175798.3
2025-04-26 12:45:00+09:00,0.2478,0.2482,0.2468,0.2469,82306.7
2025-04-26 12:50:00+09:00,0.247,0.247,0.2462,0.2462,92162.6
2025-04-26 12:55:00+09:00,0.2462,0.2471,0.2454,0.2469,226045.3
2025-04-26 13:00:00+09:00,0.2469,0.2476,0.2464,0.2471,264221.3
2025-04-26 13:05:00+09:00,0.2471,0.2496,0.2471,0.2493,230276.6
2025-04-26 13:10:00+09:00,0.2493,0.2507,0.2487,0.2505,472761.5
2025-04-26 13:15:00+09:00,0.2505,0.2507,0.2496,0.2496,447319.2
2025-04-26 13:20:00+09:00,0.2497,0.25,0.2481,0.2481,112339.0
2025-04-26 13:25:00+09:00,0.2482,0.2488,0.2476,0.2479,109986.5
2025-04-26 13:30:00+09:00,0.2478,0.2481,0.2464,0.2467,61774.2
2025-04-26 13:35:00+09:00,0.2466,0.2469,0.2449,0.2451,397602.0
2025-04-26 13:40:00+09:00,0.245,0.2469,0.245,0.2469,110122.0
2025-04-26 13:45:00+09:00,0.247,0.2471,0.2458,0.2461,118509.6
2025-04-26 13:50:00+09:00,0.246,0.246,0.2454,0.2454,124866.1
2025-04-26 13:55:00+09:00,0.2455,0.2462,0.2451,0.2459,63578.6
2025-04-26 14:00:00+09:00,0.2458,0.2467,0.2454,0.2455,49136.4
2025-04-26 14:05:00+09:00,0.2454,0.2455,0.2445,0.2449,71467.4
2025-04-26 14:10:00+09:00,0.2449,0.2456,0.2444,0.2452,79797.4
2025-04-26 14:15:00+09:00,0.2452,0.2459,0.2448,0.2453,49148.0
2025-04-26 14:20:00+09:00,0.2453,0.2457,0.2451,0.2457,20853.2
2025-04-26 14:25:00+09:00,0.2456,0.2463,0.2446,0.2461,44834.1
2025-04-26 14:30:00+09:00,0.2462,0.2475,0.246,0.2475,197178.8
2025-04-26 14:35:00+09:00,0.2474,0.248,0.2473,0.2473,138682.3
2025-04-26 14:40:00+09:00,0.2473,0.2492,0.2473,0.2482,93366.2
2025-04-26 14:45:00+09:00,0.2481,0.2495,0.2481,0.2488,73244.6
2025-04-26 14:50:00+09:00,0.2486,0.2489,0.2477,0.2487,104534.4
2025-04-26 14:55:00+09:00,0.2486,0.249,0.2482,0.2483,74040.9
2025-04-26 15:00:00+09:00,0.2484,0.25,0.2484,0.2496,80265.8
2025-04-26 15:05:00+09:00,0.2497,0.2502,0.249,0.2492,130326.2
2025-04-26 15:10:00+09:00,0.2492,0.2504,0.2486,0.2503,109065.4
2025-04-26 15:15:00+09:00,0.2504,0.2506,0.2497,0.2498,133641.4
2025-04-26 15:20:00+09:00,0.2498,0.2501,0.2485,0.2495,145791.0
2025-04-26 15:25:00+09:00,0.2494,0.2502,0.2488,0.2488,197227.2
2025-04-26 15:30:00+09:00,0.2487,0.2493,0.2484,0.2486,56765.1
2025-04-26 15:35:00+09:00,0.2487,0.2491,0.2473,0.2478,138586.9
2025-04-26 15:40:00+09:00,0.2476,0.2485,0.2474,0.2485,47640.6
2025-04-26 15:45:00+09:00,0.2486,0.2501,0.2486,0.2495,231690.1
2025-04-26 15:50:00+09:00,0.2496,0.2517,0.2495,0.2515,759555.9
2025-04-26 15:55:00+09:00,0.2516,0.2517,0.2507,0.2514,123207.7
2025-04-26 16:00:00+09:00,0.2514,0.2518,0.2505,0.2507,56256.3
2025-04-26 16:05:00+09:00,0.2507,0.2513,0.2505,0.2511,213223.9
2025-04-26 16:10:00+09:00,0.2511,0.2522,0.2509,0.2518,94545.8
2025-04-26 16:15:00+09:00,0.2517,0.252,0.2505,0.2505,51746.9
2025-04-26 16:20:00+09:00,0.2506,0.254,0.2506,0.2537,536488.2
2025-04-26 16:25:00+09:00,0.2537,0.2543,0.2528,0.254,412065.1
2025-04-26 16:30:00+09:00,0.254,0.2562,0.2537,0.2557,381285.8
2025-04-26 16:35:00+09:00,0.2556,0.2576,0.2541,0.2556,845718.0
2025-04-26 16:40:00+09:00,0.2554,0.258,0.2552,0.2571,784082.7
2025-04-26 16:45:00+09:00,0.2572,0.2575,0.2551,0.2561,417128.7
2025-04-26 16:50:00+09:00,0.2561,0.2575,0.2558,0.256,517102.4
2025-04-26 16:55:00+09:00,0.2559,0.2562,0.2535,0.2537,391777.1
2025-04-26 17:00:00+09:00,0.2538,0.2563,0.2531,0.2559,895737.4
2025-04-26 17:05:00+09:00,0.256,0.2577,0.2547,0.2552,639372.4
2025-04-26 17:10:00+09:00,0.2552,0.2565,0.2524,0.2528,3401695.3
2025-04-26 17:15:00+09:00,0.2529,0.2532,0.251,0.2516,3663618.4
2025-04-26 17:20:00+09:00,0.2516,0.2528,0.2504,0.2507,2295686.4
2025-04-26 17:25:00+09:00,0.2508,0.2532,0.2508,0.2522,783195.1
2025-04-26 17:30:00+09:00,0.2523,0.2528,0.2515,0.2518,160579.2
2025-04-26 17:35:00+09:00,0.2518,0.2523,0.2511,0.2514,282465.8
2025-04-26 17:40:00+09:00,0.2514,0.2525,0.2505,0.2515,424649.2
2025-04-26 17:45:00+09:00,0.2514,0.2529,0.2506,0.2528,369507.3
2025-04-26 17:50:00+09:00,0.2529,0.2536,0.2507,0.2507,942272.9
2025-04-26 17:55:00+09:00,0.2507,0.2509,0.2493,0.2509,408452.7
2025-04-26 18:00:00+09:00,0.2509,0.2512,0.2475,0.2475,1100373.1
2025-04-26 18:05:00+09:00,0.2476,0.2496,0.2476,0.2489,170852.1
2025-04-26 18:10:00+09:00,0.2489,0.2499,0.2482,0.2498,253076.0
2025-04-26 18:15:00+09:00,0.2497,0.2503,0.2485,0.2495,302407.2
2025-04-26 18:20:00+09:00,0.2494,0.2512,0.249,0.2507,244950.8
2025-04-26 18:25:00+09:00,0.2507,0.2512,0.2494,0.2495,392739.4
2025-04-26 18:30:00+09:00,0.2495,0.2497,0.2479,0.2482,502270.6
2025-04-26 18:35:00+09:00,0.248,0.2483,0.2458,0.2478,477643.4
2025-04-26 18:40:00+09:00,0.248,0.2486,0.2476,0.2482,88316.5
2025-04-26 18:45:00+09:00,0.2482,0.2488,0.2476,0.2488,173843.1
2025-04-26 18:50:00+09:00,0.2487,0.249,0.2481,0.2488,208479.3
2025-04-26 18:55:00+09:00,0.2486,0.249,0.2478,0.248,372064.8
2025-04-26 19:00:00+09:00,0.248,0.2492,0.2464,0.2491,2597211.0
2025-04-26 19:05:00+09:00,0.2493,0.2501,0.2491,0.25,387330.3
2025-04-26 19:10:00+09:00,0.25,0.2506,0.2493,0.2494,321337.3
2025-04-26 19:15:00+09:00,0.2495,0.2501,0.2488,0.2501,260130.0
2025-04-26 19:20:00+09:00,0.2502,0.2515,0.2501,0.2511,117350.4
2025-04-26 19:25:00+09:00,0.2511,0.2516,0.2506,0.2509,93552.9
2025-04-26 19:30:00+09:00,0.2508,0.2508,0.2478,0.2479,1462108.9
2025-04-26 19:35:00+09:00,0.2479,0.2487,0.2479,0.2485,224363.6
2025-04-26 19:40:00+09:00,0.2485,0.2495,0.2484,0.2494,316413.5
2025-04-26 19:45:00+09:00,0.2493,0.2504,0.2474,0.2484,1939105.3
2025-04-26 19:50:00+09:00,0.2484,0.2486,0.2475,0.2476,152497.6
2025-04-26 19:55:00+09:00,0.2477,0.2482,0.2477,0.2481,89834.8
2025-04-26 20:00:00+09:00,0.2481,0.2488,0.2471,0.2487,284627.0
2025-04-26 20:05:00+09:00,0.2486,0.2488,0.2474,0.2474,130825.3
2025-04-26 20:10:00+09:00,0.2473,0.2477,0.2463,0.2467,151283.8
2025-04-26 20:15:00+09:00,0.2467,0.2472,0.2456,0.2462,906720.8
2025-04-26 20:20:00+09:00,0.2463,0.2463,0.2435,0.2446,1684102.5
2025-04-26 20:25:00+09:00,0.2446,0.2456,0.244,0.2446,661632.4
2025-04-26 20:30:00+09:00,0.2445,0.2456,0.2443,0.2453,155095.4
2025-04-26 20:35:00+09:00,0.2454,0.2455,0.2428,0.243,652581.2
2025-04-26 20:40:00+09:00,0.2431,0.2432,0.2424,0.243,507680.9
2025-04-26 20:45:00+09:00,0.243,0.2441,0.2424,0.2437,436055.0
2025-04-26 20:50:00+09:00,0.2437,0.2438,0.2408,0.2419,959701.4
2025-04-26 20:55:00+09:00,0.2419,0.243,0.2418,0.243,377941.7
2025-04-26 21:00:00+09:00,0.243,0.244,0.2418,0.2434,365859.8
2025-04-26 21:05:00+09:00,0.2435,0.2446,0.2435,0.2445,240143.1
2025-04-26 21:10:00+09:00,0.2445,0.2445,0.2425,0.2429,1238802.2
2025-04-26 21:15:00+09:00,0.243,0.2438,0.2419,0.2422,903228.2
2025-04-26 21:20:00+09:00,0.2421,0.2425,0.2413,0.2425,1108752.7
2025-04-26 21:25:00+09:00,0.2424,0.243,0.2419,0.2428,490585.5
2025-04-26 21:30:00+09:00,0.2428,0.243,0.2418,0.2418,360620.1
2025-04-26 21:35:00+09:00,0.2418,0.2423,0.2414,0.2422,186501.4
2025-04-26 21:40:00+09:00,0.2422,0.2431,0.2422,0.2431,317387.0
2025-04-26 21:45:00+09:00,0.243,0.2436,0.2428,0.2435,289420.1
2025-04-26 21:50:00+09:00,0.2434,0.2439,0.2427,0.2435,218612.9
2025-04-26 21:55:00+09:00,0.2435,0.2441,0.2433,0.2437,122026.8
2025-04-26 22:00:00+09:00,0.2437,0.2454,0.2434,0.2448,191280.7
2025-04-26 22:05:00+09:00,0.2448,0.2449,0.2433,0.2434,1089576.6
2025-04-26 22:10:00+09:00,0.2434,0.2437,0.242,0.2427,1892808.1
2025-04-26 22:15:00+09:00,0.2427,0.243,0.2419,0.243,608731.6
2025-04-26 22:20:00+09:00,0.2429,0.243,0.2423,0.2424,225532.4
2025-04-26 22:25:00+09:00,0.2424,0.2424,0.2362,0.2395,1743637.6
2025-04-26 22:30:00+09:00,0.2394,0.2395,0.2369,0.2378,915786.0
2025-04-26 22:35:00+09:00,0.2378,0.2392,0.2377,0.239,655532.4
2025-04-26 22:40:00+09:00,0.239,0.2394,0.2378,0.2381,704526.8
2025-04-26 22:45:00+09:00,0.2381,0.2389,0.236,0.2388,612540.9
2025-04-26 22:50:00+09:00,0.2387,0.239,0.2381,0.2389,428437.5
2025-04-26 22:55:00+09:00,0.239,0.24,0.2383,0.24,704072.8
2025-04-26 23:00:00+09:00,0.24,0.2409,0.2395,0.2395,427063.5
2025-04-26 23:05:00+09:00,0.2395,0.24,0.2386,0.2393,207339.8
2025-04-26 23:10:00+09:00,0.2393,0.241,0.2391,0.2404,165563.0
2025-04-26 23:15:00+09:00,0.2404,0.2407,0.2399,0.2406,378751.1
2025-04-26 23:20:00+09:00,0.2405,0.2406,0.2393,0.2399,192702.5
2025-04-26 23:25:00+09:00,0.2399,0.2415,0.2396,0.2414,173240.6
2025-04-26 23:30:00+09:00,0.2413,0.2422,0.2412,0.2421,87651.3
2025-04-26 23:35:00+09:00,0.2421,0.2431,0.2419,0.243,93050.9
2025-04-26 23:40:00+09:00,0.2431,0.2434,0.2425,0.243,81293.0
2025-04-26 23:45:00+09:00,0.243,0.2437,0.2426,0.243,249418.8
2025-04-26 23:50:00+09:00,0.243,0.2431,0.2424,0.2428,124417.8
2025-04-26 23:55:00+09:00,0.2428,0.2428,0.2421,0.2421,80290.7
2025-04-27 00:00:00+09:00,0.2422,0.2438,0.2422,0.2437,95554.6
2025-04-27 00:05:00+09:00,0.2436,0.2442,0.2433,0.2435,84822.5
2025-04-27 00:10:00+09:00,0.2435,0.2442,0.2434,0.2441,61696.8
2025-04-27 00:15:00+09:00,0.2441,0.2449,0.244,0.2444,202543.0
2025-04-27 00:20:00+09:00,0.2443,0.2446,0.2441,0.2444,57668.3
2025-04-27 00:25:00+09:00,0.2444,0.2445,0.2441,0.2443,39142.0
2025-04-27 00:30:00+09:00,0.2444,0.2448,0.2443,0.2444,70300.3
2025-04-27 00:35:00+09:00,0.2444,0.2446,0.244,0.2441,13149.8
2025-04-27 00:40:00+09:00,0.2441,0.2441,0.2437,0.2439,51714.5
2025-04-27 00:45:00+09:00,0.2439,0.245,0.2439,0.245,304055.8
2025-04-27 00:50:00+09:00,0.2451,0.2455,0.2448,0.245,92404.6
2025-04-27 00:55:00+09:00,0.245,0.2452,0.2449,0.2449,19932.7
2025-04-27 01:00:00+09:00,0.2448,0.2448,0.2435,0.2441,269925.2
2025-04-27 01:05:00+09:00,0.2441,0.2446,0.2435,0.2438,84447.8
2025-04-27 01:10:00+09:00,0.2437,0.2449,0.2437,0.2449,114822.3
2025-04-27 01:15:00+09:00,0.2449,0.246,0.2447,0.2458,206792.5
2025-04-27 01:20:00+09:00,0.2459,0.2465,0.2455,0.2458,411686.4
2025-04-27 01:25:00+09:00,0.2459,0.2459,0.2447,0.2457,178582.1
2025-04-27 01:30:00+09:00,0.2457,0.2457,0.2447,0.2448,121370.1
2025-04-27 01:35:00+09:00,0.2448,0.2449,0.2436,0.2438,110751.8
2025-04-27 01:40:00+09:00,0.2438,0.2439,0.2423,0.2431,149836.2
2025-04-27 01:45:00+09:00,0.2431,0.2439,0.2427,0.2438,207857.9
2025-04-27 01:50:00+09:00,0.2438,0.2458,0.2438,0.2452,227386.5
2025-04-27 01:55:00+09:00,0.2452,0.2454,0.2444,0.2449,140676.3
2025-04-27 02:00:00+09:00,0.2448,0.2455,0.2447,0.2453,71655.8
2025-04-27 02:05:00+09:00,0.2453,0.2455,0.2451,0.2451,36790.4
2025-04-27 02:10:00+09:00,0.245,0.2452,0.2442,0.2443,85106.1
2025-04-27 02:15:00+09:00,0.2444,0.2449,0.2443,0.2448,128926.6
2025-04-27 02:20:00+09:00,0.2447,0.2456,0.2432,0.244,1310935.8
2025-04-27 02:25:00+09:00,0.2441,0.2452,0.2441,0.245,509534.7
2025-04-27 02:30:00+09:00,0.2449,0.246,0.2449,0.2456,250579.6
2025-04-27 02:35:00+09:00,0.2455,0.2464,0.2455,0.2461,146166.6
2025-04-27 02:40:00+09:00,0.2461,0.2461,0.2456,0.2461,134099.0
2025-04-27 02:45:00+09:00,0.2461,0.2462,0.2454,0.2456,56298.1
2025-04-27 02:50:00+09:00,0.2456,0.2462,0.2456,0.2459,86952.9
2025-04-27 02:55:00+09:00,0.2459,0.2459,0.2449,0.2454,83928.9
2025-04-27 03:00:00+09:00,0.2453,0.2453,0.2437,0.2441,196415.7
2025-04-27 03:05:00+09:00,0.2442,0.2449,0.2439,0.2445,213371.3
2025-04-27 03:10:00+09:00,0.2445,0.2445,0.2434,0.2434,154147.3
2025-04-27 03:15:00+09:00,0.2434,0.2438,0.2434,0.2438,155063.3
2025-04-27 03:20:00+09:00,0.2438,0.2445,0.2435,0.2444,32334.9
2025-04-27 03:25:00+09:00,0.2445,0.2447,0.2441,0.2444,25583.4
2025-04-27 03:30:00+09:00,0.2443,0.2446,0.2438,0.2441,79361.3
2025-04-27 03:35:00+09:00,0.2439,0.244,0.2434,0.2437,177211.1
2025-04-27 03:40:00+09:00,0.2437,0.2437,0.2432,0.2435,36088.9
2025-04-27 03:45:00+09:00,0.2435,0.2439,0.2432,0.2435,48733.8
2025-04-27 03:50:00+09:00,0.2435,0.2435,0.2432,0.2432,74535.1
2025-04-27 03:55:00+09:00,0.2432,0.2432,0.2426,0.2427,123073.4
2025-04-27 04:00:00+09:00,0.2427,0.2432,0.2427,0.2431,58662.9
2025-04-27 04:05:00+09:00,0.2429,0.2429,0.2422,0.2423,99057.1
2025-04-27 04:10:00+09:00,0.2422,0.2427,0.2401,0.2423,721782.6
2025-04-27 04:15:00+09:00,0.2423,0.2424,0.2417,0.242,95900.1
2025-04-27 04:20:00+09:00,0.2418,0.2422,0.2417,0.2419,62022.1
2025-04-27 04:25:00+09:00,0.242,0.2432,0.242,0.2431,132550.5
2025-04-27 04:30:00+09:00,0.2431,0.2433,0.2426,0.2432,101080.7
2025-04-27 04:35:00+09:00,0.2431,0.2434,0.243,0.2431,44513.9
2025-04-27 04:40:00+09:00,0.2432,0.2435,0.243,0.2432,41094.5
2025-04-27 04:45:00+09:00,0.2431,0.2435,0.2427,0.243,169251.3
2025-04-27 04:50:00+09:00,0.2429,0.2432,0.2428,0.2432,45778.7
2025-04-27 04:55:00+09:00,0.2432,0.2434,0.2429,0.2434,66570.7
2025-04-27 05:00:00+09:00,0.2433,0.2439,0.2432,0.2437,96038.9
2025-04-27 05:05:00+09:00,0.2437,0.2441,0.2434,0.244,179384.4
2025-04-27 05:10:00+09:00,0.2441,0.2444,0.2431,0.2433,187112.0
2025-04-27 05:15:00+09:00,0.2433,0.2438,0.2429,0.2438,117905.4
2025-04-27 05:20:00+09:00,0.2438,0.244,0.2434,0.2434,81958.2
2025-04-27 05:25:00+09:00,0.2433,0.2435,0.2432,0.2434,25340.0
2025-04-27 05:30:00+09:00,0.2435,0.2443,0.2433,0.244,53719.0
2025-04-27 05:35:00+09:00,0.2439,0.2439,0.2434,0.2434,86038.5
2025-04-27 05:40:00+09:00,0.2432,0.2438,0.2432,0.2436,55301.6
2025-04-27 05:45:00+09:00,0.2435,0.2438,0.2434,0.2434,100719.0
2025-04-27 05:50:00+09:00,0.2433,0.2433,0.2426,0.2426,93214.9
2025-04-27 05:55:00+09:00,0.2426,0.243,0.2425,0.2426,145542.3
2025-04-27 06:00:00+09:00,0.2426,0.2432,0.2425,0.2431,55653.0
2025-04-27 06:05:00+09:00,0.2432,0.2437,0.2431,0.2437,73895.5
2025-04-27 06:10:00+09:00,0.2438,0.245,0.2437,0.2448,378654.1
2025-04-27 06:15:00+09:00,0.2448,0.2449,0.244,0.244,104733.8
2025-04-27 06:20:00+09:00,0.2438,0.2448,0.2436,0.2445,133475.2
2025-04-27 06:25:00+09:00,0.2444,0.2449,0.2444,0.2445,90898.5
2025-04-27 06:30:00+09:00,0.2445,0.2445,0.2439,0.2443,46881.1
2025-04-27 06:35:00+09:00,0.2443,0.2444,0.2437,0.2444,50236.6
2025-04-27 06:40:00+09:00,0.2444,0.2451,0.2443,0.2449,47745.6
2025-04-27 06:45:00+09:00,0.2449,0.2449,0.2442,0.2447,97755.9
2025-04-27 06:50:00+09:00,0.2447,0.2447,0.2442,0.2442,35004.5
2025-04-27 06:55:00+09:00,0.2442,0.2445,0.2439,0.2445,124118.7
2025-04-27 07:00:00+09:00,0.2446,0.2452,0.2444,0.2452,59151.8
2025-04-27 07:05:00+09:00,0.2452,0.2455,0.245,0.2451,82134.3
2025-04-27 07:10:00+09:00,0.2452,0.2457,0.2449,0.2457,72753.4
2025-04-27 07:15:00+09:00,0.2457,0.2463,0.2453,0.2458,75775.5
2025-04-27 07:20:00+09:00,0.2456,0.246,0.2455,0.2458,40036.0
2025-04-27 07:25:00+09:00,0.2458,0.2458,0.2449,0.245,44060.8
2025-04-27 07:30:00+09:00,0.2451,0.2454,0.2451,0.2451,80372.2
2025-04-27 07:35:00+09:00,0.245,0.246,0.245,0.2455,32653.1
2025-04-27 07:40:00+09:00,0.2454,0.2457,0.2451,0.2457,149171.7
2025-04-27 07:45:00+09:00,0.2457,0.2463,0.2455,0.2459,55679.7
2025-04-27 07:50:00+09:00,0.2459,0.2463,0.2456,0.2458,23846.3
2025-04-27 07:55:00+09:00,0.2458,0.246,0.2455,0.2456,50989.9
2025-04-27 08:00:00+09:00,0.2455,0.2458,0.2451,0.2457,38931.2
2025-04-27 08:05:00+09:00,0.2457,0.2465,0.2456,0.2463,100462.9
2025-04-27 08:10:00+09:00,0.2462,0.2462,0.2456,0.2458,68493.3
2025-04-27 08:15:00+09:00,0.2458,0.2469,0.2457,0.2469,103085.1
2025-04-27 08:20:00+09:00,0.2469,0.247,0.2463,0.2469,47099.6
2025-04-27 08:25:00+09:00,0.2469,0.2475,0.2467,0.2471,45354.7
2025-04-27 08:30:00+09:00,0.2471,0.2481,0.2471,0.248,48033.6
2025-04-27 08:35:00+09:00,0.248,0.2487,0.2476,0.2486,281679.6
2025-04-27 08:40:00+09:00,0.2486,0.2486,0.2476,0.2479,121550.0
2025-04-27 08:45:00+09:00,0.2478,0.2484,0.2478,0.2481,136857.8
2025-04-27 08:50:00+09:00,0.2481,0.2485,0.2476,0.2482,142666.2
2025-04-27 08:55:00+09:00,0.2481,0.2487,0.248,0.2487,154238.2
2025-04-27 09:00:00+09:00,0.2486,0.2487,0.2451,0.2453,284460.7
2025-04-27 09:05:00+09:00,0.2452,0.2465,0.2449,0.246,129017.1
2025-04-27 09:10:00+09:00,0.2462,0.2472,0.2459,0.2463,141177.2
2025-04-27 09:15:00+09:00,0.2464,0.2511,0.2461,0.2508,932014.2
2025-04-27 09:20:00+09:00,0.2507,0.2514,0.2484,0.2488,782117.8
2025-04-27 09:25:00+09:00,0.249,0.2505,0.2471,0.2481,1307186.8
2025-04-27 09:30:00+09:00,0.2482,0.2491,0.246,0.2465,180168.9
2025-04-27 09:35:00+09:00,0.2465,0.2474,0.2462,0.2472,213100.6
2025-04-27 09:40:00+09:00,0.2472,0.2479,0.2468,0.2474,375691.5
2025-04-27 09:45:00+09:00,0.2475,0.2476,0.246,0.2463,133908.1
2025-04-27 09:50:00+09:00,0.2464,0.2481,0.2464,0.2474,104620.0
2025-04-27 09:55:00+09:00,0.2473,0.2498,0.2471,0.2496,169135.5
2025-04-27 10:00:00+09:00,0.2496,0.2505,0.249,0.2493,268113.8
2025-04-27 10:05:00+09:00,0.2493,0.2497,0.2465,0.2472,521531.4
2025-04-27 10:10:00+09:00,0.2472,0.2485,0.2463,0.2483,421462.6
2025-04-27 10:15:00+09:00,0.2482,0.2487,0.2463,0.2463,401345.1
2025-04-27 10:20:00+09:00,0.2463,0.2463,0.2431,0.244,922239.6
2025-04-27 10:25:00+09:00,0.2439,0.2448,0.2428,0.2445,261385.8
2025-04-27 10:30:00+09:00,0.2446,0.2453,0.2409,0.2412,882610.8
2025-04-27 10:35:00+09:00,0.2412,0.2438,0.2412,0.2431,458310.3
2025-04-27 10:40:00+09:00,0.243,0.2438,0.2427,0.2434,305043.2
2025-04-27 10:45:00+09:00,0.2435,0.2435,0.2415,0.2429,222054.6
2025-04-27 10:50:00+09:00,0.2429,0.2437,0.2418,0.2427,172948.2
2025-04-27 10:55:00+09:00,0.2427,0.2429,0.2409,0.2416,347098.3
2025-04-27 11:00:00+09:00,0.2418,0.2418,0.2398,0.2407,633873.5
2025-04-27 11:05:00+09:00,0.2407,0.2417,0.2407,0.2415,269660.3
2025-04-27 11:10:00+09:00,0.2416,0.2424,0.2413,0.2424,123084.3
2025-04-27 11:15:00+09:00,0.2424,0.2426,0.2409,0.2421,380201.0
2025-04-27 11:20:00+09:00,0.2421,0.2432,0.2421,0.2431,129071.4
2025-04-27 11:25:00+09:00,0.2431,0.2441,0.2422,0.2422,794457.3
2025-04-27 11:30:00+09:00,0.2422,0.2437,0.2419,0.2423,789770.3
2025-04-27 11:35:00+09:00,0.2425,0.2434,0.2413,0.2414,230219.3
2025-04-27 11:40:00+09:00,0.2414,0.2418,0.2413,0.2417,84726.1
2025-04-27 11:45:00+09:00,0.2416,0.2417,0.2406,0.2408,83698.3
2025-04-27 11:50:00+09:00,0.2409,0.2431,0.2409,0.2425,159098.4
2025-04-27 11:55:00+09:00,0.2425,0.2429,0.2417,0.2418,153548.3
2025-04-27 12:00:00+09:00,0.2419,0.2427,0.2418,0.2427,305384.9
2025-04-27 12:05:00+09:00,0.2428,0.2435,0.2426,0.2435,127100.9
2025-04-27 12:10:00+09:00,0.2435,0.2437,0.2428,0.2429,142045.2
2025-04-27 12:15:00+09:00,0.2429,0.2431,0.2423,0.2423,58263.9
2025-04-27 12:20:00+09:00,0.2423,0.2429,0.242,0.2428,97685.8
2025-04-27 12:25:00+09:00,0.2427,0.2428,0.2415,0.2422,206132.3
2025-04-27 12:30:00+09:00,0.2425,0.2436,0.2423,0.2436,47207.9
2025-04-27 12:35:00+09:00,0.2435,0.244,0.2431,0.2434,253709.4
2025-04-27 12:40:00+09:00,0.2434,0.2439,0.2432,0.2434,72201.3
2025-04-27 12:45:00+09:00,0.2435,0.2445,0.2435,0.2437,76689.5
2025-04-27 12:50:00+09:00,0.2437,0.2437,0.243,0.2433,89951.0
2025-04-27 12:55:00+09:00,0.2435,0.2436,0.2426,0.243,134576.7
2025-04-27 13:00:00+09:00,0.2429,0.2429,0.2423,0.2424,62487.5
2025-04-27 13:05:00+09:00,0.2423,0.2424,0.2419,0.2424,76834.3
2025-04-27 13:10:00+09:00,0.2424,0.2428,0.2424,0.2428,52353.5
2025-04-27 13:15:00+09:00,0.2427,0.2432,0.242,0.2431,464525.5
2025-04-27 13:20:00+09:00,0.2431,0.2433,0.2425,0.2429,36708.9
2025-04-27 13:25:00+09:00,0.2428,0.2428,0.242,0.2421,122241.2
2025-04-27 13:30:00+09:00,0.242,0.2422,0.2405,0.2407,649357.5
2025-04-27 13:35:00+09:00,0.2407,0.2409,0.2398,0.24,274280.5
2025-04-27 13:40:00+09:00,0.24,0.2407,0.2396,0.2399,302406.8
2025-04-27 13:45:00+09:00,0.24,0.2408,0.24,0.2404,195283.3
2025-04-27 13:50:00+09:00,0.2403,0.2403,0.2387,0.2387,493291.6
2025-04-27 13:55:00+09:00,0.2389,0.2395,0.2385,0.2387,300134.6
2025-04-27 14:00:00+09:00,0.2387,0.2399,0.2386,0.239,536562.6
2025-04-27 14:05:00+09:00,0.2389,0.2397,0.2374,0.2395,1143724.0
2025-04-27 14:10:00+09:00,0.2395,0.2395,0.2385,0.2387,292177.6
2025-04-27 14:15:00+09:00,0.2388,0.2393,0.2385,0.2387,177614.4
2025-04-27 14:20:00+09:00,0.2386,0.2386,0.2368,0.2371,756410.8
2025-04-27 14:25:00+09:00,0.2371,0.2372,0.2361,0.2368,437886.5
2025-04-27 14:30:00+09:00,0.2367,0.2374,0.2364,0.2373,348848.1
2025-04-27 14:35:00+09:00,0.2373,0.2377,0.2367,0.2375,330470.5
2025-04-27 14:40:00+09:00,0.2376,0.2382,0.2373,0.2382,181753.0
2025-04-27 14:45:00+09:00,0.2382,0.2388,0.2379,0.2388,145760.9
2025-04-27 14:50:00+09:00,0.2388,0.2389,0.2381,0.2386,197320.9
2025-04-27 14:55:00+09:00,0.2384,0.2387,0.2384,0.2386,37196.7
2025-04-27 15:00:00+09:00,0.2386,0.2393,0.2385,0.239,43406.6
2025-04-27 15:05:00+09:00,0.2391,0.2396,0.2388,0.2394,30225.3
2025-04-27 15:10:00+09:00,0.2394,0.24,0.2393,0.24,77493.2
2025-04-27 15:15:00+09:00,0.2399,0.2402,0.2398,0.2402,77179.6
2025-04-27 15:20:00+09:00,0.2402,0.2408,0.2401,0.2403,96097.8
2025-04-27 15:25:00+09:00,0.2403,0.2404,0.2394,0.2402,65464.7
2025-04-27 15:30:00+09:00,0.2402,0.2403,0.2394,0.2399,167507.0
2025-04-27 15:35:00+09:00,0.2399,0.2399,0.2388,0.2389,67112.5
2025-04-27 15:40:00+09:00,0.2389,0.2396,0.2388,0.2391,87560.6
2025-04-27 15:45:00+09:00,0.2389,0.2391,0.2383,0.2383,95334.4
2025-04-27 15:50:00+09:00,0.2384,0.2398,0.2384,0.2398,139605.9
2025-04-27 15:55:00+09:00,0.2398,0.24,0.2394,0.2394,112999.3
2025-04-27 16:00:00+09:00,0.2394,0.2403,0.2393,0.2401,197268.5
2025-04-27 16:05:00+09:00,0.24,0.2401,0.2394,0.2395,89011.7
2025-04-27 16:10:00+09:00,0.2393,0.2399,0.2389,0.2397,97120.2
2025-04-27 16:15:00+09:00,0.2397,0.2404,0.2396,0.2404,20595.5
2025-04-27 16:20:00+09:00,0.2405,0.2407,0.2404,0.2405,27959.0
2025-04-27 16:25:00+09:00,0.2404,0.2413,0.2403,0.241,172567.0
2025-04-27 16:30:00+09:00,0.2411,0.2414,0.2404,0.2406,21917.7
2025-04-27 16:35:00+09:00,0.2406,0.2409,0.2403,0.2408,24274.6
2025-04-27 16:40:00+09:00,0.2407,0.2409,0.2406,0.2407,8577.8
2025-04-27 16:45:00+09:00,0.2407,0.2413,0.2404,0.2408,52499.3
2025-04-27 16:50:00+09:00,0.2408,0.2409,0.2405,0.2409,29651.1
2025-04-27 16:55:00+09:00,0.241,0.2411,0.2407,0.2409,22330.2
2025-04-27 17:00:00+09:00,0.2409,0.2409,0.24,0.2401,71558.2
2025-04-27 17:05:00+09:00,0.2399,0.2406,0.2399,0.2406,42886.0
2025-04-27 17:10:00+09:00,0.2406,0.2411,0.2402,0.241,57201.3
2025-04-27 17:15:00+09:00,0.2409,0.2419,0.2406,0.241,40994.6
2025-04-27 17:20:00+09:00,0.2409,0.2414,0.2406,0.2409,117381.9
2025-04-27 17:25:00+09:00,0.2409,0.2413,0.2406,0.2412,82303.8
2025-04-27 17:30:00+09:00,0.2412,0.2421,0.2411,0.2417,116922.6
2025-04-27 17:35:00+09:00,0.2415,0.2417,0.2413,0.2415,43669.9
2025-04-27 17:40:00+09:00,0.2415,0.2426,0.2407,0.2413,1207979.8
2025-04-27 17:45:00+09:00,0.2413,0.2419,0.2412,0.2415,45607.9
2025-04-27 17:50:00+09:00,0.2415,0.2417,0.2402,0.2406,745743.7
2025-04-27 17:55:00+09:00,0.2407,0.241,0.2404,0.2406,128287.0
2025-04-27 18:00:00+09:00,0.2406,0.2411,0.2399,0.24,93557.2
2025-04-27 18:05:00+09:00,0.2399,0.2406,0.2397,0.2397,458140.7
2025-04-27 18:10:00+09:00,0.2398,0.2401,0.2396,0.2397,84485.0
2025-04-27 18:15:00+09:00,0.2398,0.2406,0.2397,0.2406,15619.9
2025-04-27 18:20:00+09:00,0.2404,0.2405,0.2401,0.2401,12178.3
2025-04-27 18:25:00+09:00,0.2402,0.2402,0.2397,0.24,61136.0
2025-04-27 18:30:00+09:00,0.2399,0.2402,0.2389,0.2402,174420.8
2025-04-27 18:35:00+09:00,0.2401,0.2403,0.2399,0.24,60277.1
2025-04-27 18:40:00+09:00,0.24,0.2407,0.2398,0.2407,26785.4
2025-04-27 18:45:00+09:00,0.2407,0.2407,0.24,0.24,44168.9
2025-04-27 18:50:00+09:00,0.2402,0.2402,0.2398,0.2399,42978.5
2025-04-27 18:55:00+09:00,0.2399,0.2402,0.2399,0.24,116617.0
2025-04-27 19:00:00+09:00,0.24,0.2403,0.2395,0.2395,93173.4
2025-04-27 19:05:00+09:00,0.2395,0.2399,0.2393,0.2398,52545.2
2025-04-27 19:10:00+09:00,0.2397,0.2398,0.2396,0.2396,21646.0
2025-04-27 19:15:00+09:00,0.2396,0.2406,0.2396,0.2399,577928.2
2025-04-27 19:20:00+09:00,0.2399,0.2401,0.2398,0.2398,70323.8
2025-04-27 19:25:00+09:00,0.2398,0.2399,0.239,0.2391,76361.7
2025-04-27 19:30:00+09:00,0.2391,0.2395,0.2391,0.2393,59449.0
2025-04-27 19:35:00+09:00,0.2392,0.2392,0.2373,0.2378,160580.0
2025-04-27 19:40:00+09:00,0.2378,0.2392,0.2378,0.2392,57949.0
2025-04-27 19:45:00+09:00,0.2393,0.2401,0.2393,0.2401,70001.1
2025-04-27 19:50:00+09:00,0.2401,0.2404,0.2395,0.2396,89837.7
2025-04-27 19:55:00+09:00,0.2394,0.24,0.2392,0.24,53205.5
2025-04-27 20:00:00+09:00,0.24,0.2401,0.2394,0.2396,68050.4
2025-04-27 20:05:00+09:00,0.2396,0.24,0.2393,0.2393,21249.5
2025-04-27 20:10:00+09:00,0.2392,0.24,0.2392,0.2396,85794.5
2025-04-27 20:15:00+09:00,0.2395,0.2397,0.2388,0.2392,223406.2
2025-04-27 20:20:00+09:00,0.2392,0.2394,0.2386,0.2388,51534.7
2025-04-27 20:25:00+09:00,0.2389,0.2392,0.2389,0.2392,52195.6
2025-04-27 20:30:00+09:00,0.2393,0.2399,0.239,0.2395,38425.1
2025-04-27 20:35:00+09:00,0.2394,0.2403,0.2393,0.2401,72558.8
2025-04-27 20:40:00+09:00,0.2402,0.2403,0.239,0.2391,33377.5
2025-04-27 20:45:00+09:00,0.2391,0.2399,0.2388,0.2396,426793.8
2025-04-27 20:50:00+09:00,0.2395,0.2402,0.2395,0.2395,93492.0
2025-04-27 20:55:00+09:00,0.2396,0.2401,0.2396,0.2399,52876.1
2025-04-27 21:00:00+09:00,0.2398,0.2399,0.2392,0.2395,36759.8
2025-04-27 21:05:00+09:00,0.2395,0.2395,0.2388,0.2391,132548.6
2025-04-27 21:10:00+09:00,0.2393,0.2395,0.2385,0.2386,185515.8
2025-04-27 21:15:00+09:00,0.2386,0.239,0.2381,0.2389,134360.8
2025-04-27 21:20:00+09:00,0.239,0.2397,0.239,0.2395,50601.2
2025-04-27 21:25:00+09:00,0.2396,0.2397,0.2388,0.2388,186071.4
2025-04-27 21:30:00+09:00,0.2387,0.2388,0.2376,0.238,223208.9
2025-04-27 21:35:00+09:00,0.2379,0.2386,0.2377,0.238,104340.5
2025-04-27 21:40:00+09:00,0.2381,0.2386,0.2379,0.2386,78532.6
2025-04-27 21:45:00+09:00,0.2385,0.2407,0.2381,0.2382,268925.1
2025-04-27 21:50:00+09:00,0.2383,0.2386,0.2374,0.2383,195623.6
2025-04-27 21:55:00+09:00,0.2381,0.2381,0.2369,0.2372,163880.9
2025-04-27 22:00:00+09:00,0.2373,0.2381,0.2373,0.2373,85169.1
2025-04-27 22:05:00+09:00,0.2373,0.2373,0.2331,0.2349,704111.5
2025-04-27 22:10:00+09:00,0.235,0.2369,0.2345,0.236,274314.0
2025-04-27 22:15:00+09:00,0.236,0.2365,0.2342,0.2365,328479.7
2025-04-27 22:20:00+09:00,0.2365,0.2373,0.2363,0.2363,130969.0
2025-04-27 22:25:00+09:00,0.2362,0.2371,0.2358,0.2369,80235.1
2025-04-27 22:30:00+09:00,0.237,0.2387,0.2368,0.2385,172555.1
2025-04-27 22:35:00+09:00,0.2386,0.2388,0.2381,0.2388,89239.7
2025-04-27 22:40:00+09:00,0.2388,0.2395,0.2385,0.2389,56915.9
2025-04-27 22:45:00+09:00,0.2388,0.2396,0.2384,0.2385,62516.2
2025-04-27 22:50:00+09:00,0.2384,0.2385,0.238,0.2382,88101.7
2025-04-27 22:55:00+09:00,0.2382,0.2389,0.2381,0.2384,128650.4
2025-04-27 23:00:00+09:00,0.2384,0.2388,0.2374,0.2376,105622.0
2025-04-27 23:05:00+09:00,0.2376,0.2386,0.2375,0.2383,59358.2
2025-04-27 23:10:00+09:00,0.2382,0.2385,0.2377,0.2381,47513.6
2025-04-27 23:15:00+09:00,0.238,0.2406,0.238,0.2406,376713.2
2025-04-27 23:20:00+09:00,0.2406,0.2406,0.2394,0.2397,117150.9
2025-04-27 23:25:00+09:00,0.2397,0.2402,0.2397,0.2397,35726.7
2025-04-27 23:30:00+09:00,0.2398,0.2402,0.2393,0.2394,75553.0
2025-04-27 23:35:00+09:00,0.2394,0.24,0.2392,0.2394,97648.1
2025-04-27 23:40:00+09:00,0.2394,0.2394,0.2386,0.2387,78069.0
2025-04-27 23:45:00+09:00,0.2388,0.2394,0.2388,0.239,30157.2
2025-04-27 23:50:00+09:00,0.239,0.239,0.2384,0.2387,143148.2
2025-04-27 23:55:00+09:00,0.2388,0.2394,0.2387,0.2391,153964.5
2025-04-28 00:00:00+09:00,0.2391,0.2393,0.238,0.238,68457.1
2025-04-28 00:05:00+09:00,0.2381,0.2382,0.2373,0.2374,143460.8
2025-04-28 00:10:00+09:00,0.2374,0.2381,0.2373,0.2376,88067.2
2025-04-28 00:15:00+09:00,0.2376,0.239,0.2374,0.239,53667.6
2025-04-28 00:20:00+09:00,0.239,0.24,0.2387,0.2393,71722.6
2025-04-28 00:25:00+09:00,0.2391,0.2393,0.2377,0.2378,68046.4
2025-04-28 00:30:00+09:00,0.2378,0.2382,0.2375,0.2382,73464.8
2025-04-28 00:35:00+09:00,0.2383,0.2385,0.2373,0.2375,77538.1
2025-04-28 00:40:00+09:00,0.2376,0.2382,0.2376,0.2379,49979.1
2025-04-28 00:45:00+09:00,0.238,0.2384,0.2378,0.2382,72500.9
2025-04-28 00:50:00+09:00,0.2382,0.2385,0.2378,0.2383,20682.8
2025-04-28 00:55:00+09:00,0.2384,0.2387,0.2383,0.2387,44817.8
2025-04-28 01:00:00+09:00,0.2387,0.239,0.2382,0.2388,57063.9
2025-04-28 01:05:00+09:00,0.2388,0.2388,0.238,0.2383,20056.2
2025-04-28 01:10:00+09:00,0.2383,0.2387,0.2383,0.2387,30331.5
2025-04-28 01:15:00+09:00,0.2385,0.2385,0.2371,0.2376,108484.6
2025-04-28 01:20:00+09:00,0.2376,0.2379,0.2372,0.2372,49613.8
2025-04-28 01:25:00+09:00,0.2373,0.2373,0.2367,0.2367,104596.2
2025-04-28 01:30:00+09:00,0.2367,0.2369,0.2352,0.2354,100156.9
2025-04-28 01:35:00+09:00,0.2353,0.2361,0.2351,0.236,125666.2
2025-04-28 01:40:00+09:00,0.2359,0.2366,0.2358,0.2365,65770.2
2025-04-28 01:45:00+09:00,0.2366,0.2374,0.2366,0.2371,100108.7
2025-04-28 01:50:00+09:00,0.2371,0.2373,0.2359,0.2361,31675.8
2025-04-28 01:55:00+09:00,0.236,0.2363,0.2353,0.2362,157831.2
2025-04-28 02:00:00+09:00,0.2361,0.2366,0.2356,0.2364,263602.6
2025-04-28 02:05:00+09:00,0.2364,0.2371,0.2361,0.2367,31939.7
2025-04-28 02:10:00+09:00,0.2365,0.2374,0.2364,0.237,33004.1
2025-04-28 02:15:00+09:00,0.237,0.2375,0.2368,0.2371,102387.6
2025-04-28 02:20:00+09:00,0.2372,0.2379,0.237,0.2377,82531.8
2025-04-28 02:25:00+09:00,0.2376,0.2378,0.2371,0.2373,8059.7
2025-04-28 02:30:00+09:00,0.2372,0.2373,0.237,0.2372,17283.9
2025-04-28 02:35:00+09:00,0.237,0.237,0.2363,0.2364,58567.9
2025-04-28 02:40:00+09:00,0.2365,0.2371,0.2365,0.2368,6964.7
2025-04-28 02:45:00+09:00,0.2369,0.2379,0.2369,0.2379,45825.8
2025-04-28 02:50:00+09:00,0.2377,0.2381,0.2375,0.2375,14504.2
2025-04-28 02:55:00+09:00,0.2374,0.2375,0.2373,0.2375,8716.4
2025-04-28 03:00:00+09:00,0.2373,0.2373,0.2366,0.2372,37410.4
2025-04-28 03:05:00+09:00,0.2373,0.2375,0.237,0.2375,66153.5
2025-04-28 03:10:00+09:00,0.2375,0.2377,0.2372,0.2376,11866.7
2025-04-28 03:15:00+09:00,0.2376,0.2387,0.2376,0.2383,45854.9
2025-04-28 03:20:00+09:00,0.2384,0.2389,0.2384,0.2389,29729.8
2025-04-28 03:25:00+09:00,0.2389,0.2392,0.2385,0.2386,47193.0
2025-04-28 03:30:00+09:00,0.2386,0.2393,0.2386,0.2392,34988.8
2025-04-28 03:35:00+09:00,0.2391,0.2394,0.239,0.2393,48183.7
2025-04-28 03:40:00+09:00,0.2394,0.2401,0.2394,0.2398,30196.9
2025-04-28 03:45:00+09:00,0.2396,0.24,0.2396,0.2396,36352.1
2025-04-28 03:50:00+09:00,0.2395,0.2396,0.2392,0.2393,33330.0
2025-04-28 03:55:00+09:00,0.2394,0.2394,0.2388,0.2392,25708.6
2025-04-28 04:00:00+09:00,0.2392,0.2394,0.2388,0.2389,24067.7
2025-04-28 04:05:00+09:00,0.239,0.2396,0.239,0.2394,30676.1
2025-04-28 04:10:00+09:00,0.2394,0.2394,0.2387,0.2387,20419.1
2025-04-28 04:15:00+09:00,0.2384,0.2388,0.2381,0.2384,58563.1
2025-04-28 04:20:00+09:00,0.2384,0.2385,0.238,0.2381,37000.8
2025-04-28 04:25:00+09:00,0.2382,0.2389,0.2382,0.2388,41609.0
2025-04-28 04:30:00+09:00,0.2388,0.2388,0.2384,0.2385,33184.4
2025-04-28 04:35:00+09:00,0.2385,0.2394,0.2385,0.2394,38668.3
2025-04-28 04:40:00+09:00,0.2393,0.2395,0.2391,0.2392,50031.2
2025-04-28 04:45:00+09:00,0.2392,0.2398,0.2392,0.2396,17857.2
2025-04-28 04:50:00+09:00,0.2396,0.2403,0.2395,0.2401,66478.3
2025-04-28 04:55:00+09:00,0.2401,0.2402,0.2378,0.239,1953187.9
2025-04-28 05:00:00+09:00,0.2391,0.2395,0.2366,0.2368,3296827.5
2025-04-28 05:05:00+09:00,0.2369,0.2371,0.231,0.2329,5879796.2
2025-04-28 05:10:00+09:00,0.2329,0.2335,0.2327,0.2333,993189.5
2025-04-28 05:15:00+09:00,0.2333,0.2338,0.2327,0.2336,643258.2
2025-04-28 05:20:00+09:00,0.2336,0.2336,0.2323,0.2333,1126905.4
2025-04-28 05:25:00+09:00,0.2334,0.2344,0.2332,0.2343,335915.6
2025-04-28 05:30:00+09:00,0.2343,0.2351,0.2343,0.2349,159652.3
2025-04-28 05:35:00+09:00,0.2349,0.2352,0.2347,0.235,169286.0
2025-04-28 05:40:00+09:00,0.235,0.2352,0.2344,0.2345,364533.2
2025-04-28 05:45:00+09:00,0.2345,0.235,0.2343,0.235,244134.0
2025-04-28 05:50:00+09:00,0.235,0.2352,0.2348,0.235,65751.0
2025-04-28 05:55:00+09:00,0.2349,0.2352,0.2349,0.235,48856.3
2025-04-28 06:00:00+09:00,0.2349,0.2351,0.2341,0.2341,286411.7
2025-04-28 06:05:00+09:00,0.234,0.2346,0.2339,0.2345,76891.2
2025-04-28 06:10:00+09:00,0.2345,0.2352,0.2343,0.2352,310987.9
2025-04-28 06:15:00+09:00,0.2352,0.2355,0.2351,0.2355,184363.5
2025-04-28 06:20:00+09:00,0.2355,0.2359,0.2355,0.2358,166615.3
2025-04-28 06:25:00+09:00,0.2359,0.2362,0.2359,0.2362,201775.2
2025-04-28 06:30:00+09:00,0.2362,0.2372,0.2362,0.2369,167337.0
2025-04-28 06:35:00+09:00,0.2369,0.2372,0.2363,0.2369,105037.5
2025-04-28 06:40:00+09:00,0.2369,0.2373,0.2369,0.2372,40273.9
2025-04-28 06:45:00+09:00,0.2374,0.2379,0.2374,0.2376,189759.0
2025-04-28 06:50:00+09:00,0.2375,0.2377,0.2372,0.2372,23317.8
2025-04-28 06:55:00+09:00,0.2371,0.2373,0.2357,0.2366,219685.4
2025-04-28 07:00:00+09:00,0.2365,0.2367,0.2357,0.2358,129682.5
2025-04-28 07:05:00+09:00,0.2357,0.2365,0.2342,0.2357,302852.2
2025-04-28 07:10:00+09:00,0.2358,0.2363,0.2355,0.2355,58546.8
2025-04-28 07:15:00+09:00,0.2354,0.2359,0.2351,0.2359,56578.7
2025-04-28 07:20:00+09:00,0.2359,0.2365,0.2355,0.2365,74163.8
2025-04-28 07:25:00+09:00,0.2365,0.2367,0.2359,0.2359,66190.4
2025-04-28 07:30:00+09:00,0.2357,0.2359,0.235,0.2357,151344.6
2025-04-28 07:35:00+09:00,0.2358,0.2363,0.2358,0.2362,31914.8
2025-04-28 07:40:00+09:00,0.2362,0.2381,0.2362,0.2375,276786.3
2025-04-28 07:45:00+09:00,0.2375,0.2375,0.2368,0.2372,44558.4
2025-04-28 07:50:00+09:00,0.2373,0.2374,0.2352,0.2366,288919.7
2025-04-28 07:55:00+09:00,0.2366,0.2367,0.2364,0.2365,54468.9
2025-04-28 08:00:00+09:00,0.2365,0.2366,0.2357,0.2357,87166.1
2025-04-28 08:05:00+09:00,0.2356,0.2357,0.235,0.2352,124206.3
2025-04-28 08:10:00+09:00,0.2353,0.2356,0.235,0.2355,211489.3
2025-04-28 08:15:00+09:00,0.2354,0.2361,0.2353,0.236,23477.1
2025-04-28 08:20:00+09:00,0.2361,0.2361,0.2356,0.2356,17752.8
2025-04-28 08:25:00+09:00,0.2355,0.2359,0.2353,0.2357,32727.2
2025-04-28 08:30:00+09:00,0.2357,0.2364,0.2357,0.2364,76011.3
2025-04-28 08:35:00+09:00,0.2365,0.2368,0.2362,0.2365,199713.4
2025-04-28 08:40:00+09:00,0.2364,0.2364,0.2353,0.2354,131258.4
2025-04-28 08:45:00+09:00,0.2354,0.2362,0.2354,0.2354,34475.5
2025-04-28 08:50:00+09:00,0.2353,0.2361,0.2353,0.236,17009.2
2025-04-28 08:55:00+09:00,0.2358,0.2362,0.2355,0.2359,20602.5
2025-04-28 09:00:00+09:00,0.2358,0.2359,0.234,0.2342,102927.6
2025-04-28 09:05:00+09:00,0.2343,0.2348,0.2327,0.2331,597242.5
2025-04-28 09:10:00+09:00,0.2331,0.2334,0.2312,0.2326,389370.7
2025-04-28 09:15:00+09:00,0.2327,0.2341,0.2323,0.2341,176058.2
2025-04-28 09:20:00+09:00,0.2341,0.2347,0.2326,0.2331,169238.6
2025-04-28 09:25:00+09:00,0.2332,0.2344,0.2329,0.2344,57005.3
2025-04-28 09:30:00+09:00,0.2344,0.2358,0.2342,0.2353,122124.6
2025-04-28 09:35:00+09:00,0.2352,0.2355,0.2346,0.2351,43950.5
2025-04-28 09:40:00+09:00,0.2352,0.2355,0.2349,0.2349,55914.1
2025-04-28 09:45:00+09:00,0.2348,0.2349,0.2327,0.2327,82181.8
2025-04-28 09:50:00+09:00,0.2326,0.2338,0.2325,0.2332,103070.8
2025-04-28 09:55:00+09:00,0.2331,0.2335,0.2326,0.2329,34282.5
2025-04-28 10:00:00+09:00,0.2328,0.2339,0.2316,0.2337,433486.2
2025-04-28 10:05:00+09:00,0.2335,0.2343,0.2329,0.2341,193703.6
2025-04-28 10:10:00+09:00,0.2341,0.2345,0.2333,0.2344,300119.5
2025-04-28 10:15:00+09:00,0.2343,0.2346,0.2331,0.2332,118109.1
2025-04-28 10:20:00+09:00,0.2331,0.2331,0.2314,0.2322,333001.6
2025-04-28 10:25:00+09:00,0.2322,0.2327,0.232,0.2327,150856.8
2025-04-28 10:30:00+09:00,0.2326,0.2328,0.2292,0.2294,518559.4
2025-04-28 10:35:00+09:00,0.2295,0.23,0.2274,0.2278,707594.8
2025-04-28 10:40:00+09:00,0.228,0.2286,0.226,0.2274,383235.0
2025-04-28 10:45:00+09:00,0.2275,0.2291,0.2274,0.2285,96587.1
2025-04-28 10:50:00+09:00,0.2284,0.2295,0.2282,0.229,153467.9
2025-04-28 10:55:00+09:00,0.229,0.2298,0.2285,0.2297,76159.3
2025-04-28 11:00:00+09:00,0.2296,0.2303,0.2288,0.2293,340810.3
2025-04-28 11:05:00+09:00,0.2294,0.2312,0.2293,0.2312,166786.4
2025-04-28 11:10:00+09:00,0.2312,0.2312,0.2305,0.2307,180818.6
2025-04-28 11:15:00+09:00,0.2308,0.2324,0.2306,0.2322,158218.6
2025-04-28 11:20:00+09:00,0.2324,0.2327,0.2315,0.2325,58287.3
2025-04-28 11:25:00+09:00,0.2324,0.2325,0.2315,0.2318,98647.3
2025-04-28 11:30:00+09:00,0.2318,0.232,0.2314,0.2316,58309.9
2025-04-28 11:35:00+09:00,0.2316,0.232,0.2315,0.2319,23076.6
2025-04-28 11:40:00+09:00,0.2319,0.2323,0.2314,0.232,59319.6
2025-04-28 11:45:00+09:00,0.2322,0.2329,0.2322,0.2329,77785.3
2025-04-28 11:50:00+09:00,0.2328,0.2332,0.2325,0.2328,32620.3
2025-04-28 11:55:00+09:00,0.2327,0.2327,0.2321,0.2324,44515.1
2025-04-28 12:00:00+09:00,0.2322,0.2326,0.2317,0.2321,94225.6
2025-04-28 12:05:00+09:00,0.232,0.232,0.2315,0.2317,34384.9
2025-04-28 12:10:00+09:00,0.2316,0.2322,0.2316,0.2318,30775.4
2025-04-28 12:15:00+09:00,0.2319,0.2335,0.2319,0.2335,112209.3
2025-04-28 12:20:00+09:00,0.2335,0.2338,0.2329,0.2337,54881.3
2025-04-28 12:25:00+09:00,0.2337,0.2337,0.2332,0.2336,25866.9
2025-04-28 12:30:00+09:00,0.2337,0.2354,0.2337,0.2345,131191.3
2025-04-28 12:35:00+09:00,0.2346,0.2367,0.2345,0.2367,123320.0
2025-04-28 12:40:00+09:00,0.2365,0.2368,0.2356,0.236,266077.0
2025-04-28 12:45:00+09:00,0.236,0.2367,0.2359,0.236,27802.1
2025-04-28 12:50:00+09:00,0.2359,0.236,0.2357,0.2357,36372.8
2025-04-28 12:55:00+09:00,0.2358,0.2359,0.235,0.2352,22433.1
2025-04-28 13:00:00+09:00,0.2353,0.2364,0.2351,0.2362,47089.8
2025-04-28 13:05:00+09:00,0.2364,0.2365,0.2357,0.236,127209.5
2025-04-28 13:10:00+09:00,0.2361,0.2375,0.2361,0.2372,146140.0
2025-04-28 13:15:00+09:00,0.2372,0.2379,0.237,0.2378,71318.6
2025-04-28 13:20:00+09:00,0.2378,0.238,0.2374,0.2377,33554.1
2025-04-28 13:25:00+09:00,0.2378,0.238,0.2378,0.238,36394.3
2025-04-28 13:30:00+09:00,0.238,0.238,0.2372,0.2376,40741.1
2025-04-28 13:35:00+09:00,0.2376,0.2378,0.2374,0.2374,58789.4
2025-04-28 13:40:00+09:00,0.2375,0.2375,0.2364,0.2366,58946.4
2025-04-28 13:45:00+09:00,0.2365,0.237,0.2364,0.2369,70230.4
2025-04-28 13:50:00+09:00,0.2368,0.2371,0.2364,0.2366,58281.7
2025-04-28 13:55:00+09:00,0.2367,0.2374,0.2366,0.2374,48771.7
2025-04-28 14:00:00+09:00,0.2374,0.2379,0.2371,0.2373,15291.6
2025-04-28 14:05:00+09:00,0.2373,0.238,0.2373,0.238,9401.7
2025-04-28 14:10:00+09:00,0.238,0.2388,0.2379,0.2381,46881.2
2025-04-28 14:15:00+09:00,0.2383,0.2384,0.2374,0.2379,147665.8
2025-04-28 14:20:00+09:00,0.2379,0.2382,0.2376,0.2377,18480.5
2025-04-28 14:25:00+09:00,0.2376,0.2388,0.2372,0.2377,244570.8
2025-04-28 14:30:00+09:00,0.2377,0.238,0.2365,0.2365,45905.8
2025-04-28 14:35:00+09:00,0.2365,0.2367,0.2361,0.2362,30502.8
2025-04-28 14:40:00+09:00,0.2362,0.237,0.2362,0.2367,26451.3
2025-04-28 14:45:00+09:00,0.2369,0.2389,0.2366,0.2385,382712.4
2025-04-28 14:50:00+09:00,0.2384,0.2388,0.2381,0.2384,53865.5
2025-04-28 14:55:00+09:00,0.2384,0.2384,0.2376,0.2382,101663.0
2025-04-28 15:00:00+09:00,0.2383,0.2399,0.2383,0.2398,249944.6
2025-04-28 15:05:00+09:00,0.2399,0.2399,0.2391,0.2394,120878.1
2025-04-28 15:10:00+09:00,0.2393,0.2394,0.2387,0.239,116710.9
2025-04-28 15:15:00+09:00,0.239,0.2398,0.2389,0.2396,72859.2
2025-04-28 15:20:00+09:00,0.2396,0.2405,0.2393,0.2402,179997.6
2025-04-28 15:25:00+09:00,0.2402,0.2403,0.2397,0.2401,26622.1
2025-04-28 15:30:00+09:00,0.2401,0.2401,0.2354,0.2374,5955511.4
2025-04-28 15:35:00+09:00,0.2374,0.239,0.2374,0.2383,154024.4
2025-04-28 15:40:00+09:00,0.2384,0.2391,0.2378,0.2389,138575.0
2025-04-28 15:45:00+09:00,0.2389,0.2394,0.2388,0.239,181273.1
2025-04-28 15:50:00+09:00,0.2389,0.2392,0.2387,0.2389,123456.5
2025-04-28 15:55:00+09:00,0.2388,0.2396,0.2388,0.2391,152129.1
2025-04-28 16:00:00+09:00,0.2391,0.2396,0.2387,0.2389,73597.7
2025-04-28 16:05:00+09:00,0.2389,0.2393,0.2387,0.2387,64697.0
2025-04-28 16:10:00+09:00,0.2386,0.2389,0.2384,0.2384,37550.8
2025-04-28 16:15:00+09:00,0.2385,0.2399,0.2385,0.2399,59761.0
2025-04-28 16:20:00+09:00,0.24,0.2407,0.2399,0.2403,169103.1
2025-04-28 16:25:00+09:00,0.2403,0.2405,0.24,0.2403,77551.6
2025-04-28 16:30:00+09:00,0.2403,0.2409,0.2401,0.2401,127761.3
2025-04-28 16:35:00+09:00,0.2401,0.2409,0.2397,0.24,376305.2
2025-04-28 16:40:00+09:00,0.24,0.2406,0.2397,0.2403,192078.7
2025-04-28 16:45:00+09:00,0.2403,0.2404,0.2398,0.24,47939.5
2025-04-28 16:50:00+09:00,0.2399,0.24,0.2395,0.2399,85438.9
2025-04-28 16:55:00+09:00,0.2399,0.24,0.239,0.2393,99554.7
2025-04-28 17:00:00+09:00,0.2394,0.2401,0.2394,0.2398,226569.5
2025-04-28 17:05:00+09:00,0.2399,0.2401,0.239,0.2392,119062.9
2025-04-28 17:10:00+09:00,0.2393,0.2401,0.2388,0.24,375985.3
2025-04-28 17:15:00+09:00,0.24,0.2407,0.2396,0.2398,146366.7
2025-04-28 17:20:00+09:00,0.2398,0.2399,0.2395,0.2396,149638.2
2025-04-28 17:25:00+09:00,0.2397,0.2408,0.2397,0.2407,80853.5
2025-04-28 17:30:00+09:00,0.2408,0.2408,0.2402,0.2404,54490.9
2025-04-28 17:35:00+09:00,0.2404,0.2405,0.2399,0.2401,118075.9
2025-04-28 17:40:00+09:00,0.2401,0.2403,0.2397,0.2397,82927.6
2025-04-28 17:45:00+09:00,0.2398,0.24,0.2377,0.2394,446602.8
2025-04-28 17:50:00+09:00,0.2394,0.2395,0.239,0.2392,44231.4
2025-04-28 17:55:00+09:00,0.2392,0.2406,0.2392,0.2405,82024.2
2025-04-28 18:00:00+09:00,0.2405,0.2415,0.2405,0.2406,265395.4
2025-04-28 18:05:00+09:00,0.2406,0.2409,0.2402,0.2404,80635.6
2025-04-28 18:10:00+09:00,0.2404,0.2406,0.2394,0.2397,118772.5
2025-04-28 18:15:00+09:00,0.2396,0.2403,0.2395,0.2402,43659.5
2025-04-28 18:20:00+09:00,0.2401,0.2404,0.2399,0.2403,85449.7
2025-04-28 18:25:00+09:00,0.2404,0.241,0.2401,0.2402,93395.4
2025-04-28 18:30:00+09:00,0.2402,0.2405,0.2401,0.2403,47470.5
2025-04-28 18:35:00+09:00,0.2403,0.2404,0.2397,0.2403,62142.6
2025-04-28 18:40:00+09:00,0.2402,0.2404,0.24,0.2401,168483.6
2025-04-28 18:45:00+09:00,0.24,0.2403,0.2394,0.2398,370859.9
2025-04-28 18:50:00+09:00,0.2399,0.2399,0.2383,0.2394,167011.6
2025-04-28 18:55:00+09:00,0.2393,0.2397,0.2393,0.2395,65073.0
2025-04-28 19:00:00+09:00,0.2395,0.2397,0.2392,0.2393,69330.4
2025-04-28 19:05:00+09:00,0.2392,0.2398,0.2377,0.2398,681543.9
2025-04-28 19:10:00+09:00,0.2398,0.2401,0.2393,0.2393,108214.6
2025-04-28 19:15:00+09:00,0.2392,0.2394,0.2383,0.2385,150806.3
2025-04-28 19:20:00+09:00,0.2384,0.2384,0.2349,0.2363,486871.7
2025-04-28 19:25:00+09:00,0.2363,0.238,0.2362,0.2379,371026.9
2025-04-28 19:30:00+09:00,0.2379,0.2392,0.2379,0.2392,124513.7
2025-04-28 19:35:00+09:00,0.2391,0.2407,0.239,0.2407,178227.2
2025-04-28 19:40:00+09:00,0.2407,0.2414,0.2404,0.2409,472990.6
2025-04-28 19:45:00+09:00,0.2409,0.2414,0.2408,0.2413,118557.4
2025-04-28 19:50:00+09:00,0.2412,0.2418,0.2408,0.2408,187555.4
2025-04-28 19:55:00+09:00,0.2407,0.2408,0.24,0.2403,118300.2
2025-04-28 20:00:00+09:00,0.2403,0.2405,0.2396,0.2399,129055.9
2025-04-28 20:05:00+09:00,0.2399,0.2417,0.2399,0.2415,168702.0
2025-04-28 20:10:00+09:00,0.2415,0.2417,0.2396,0.2396,122802.1
2025-04-28 20:15:00+09:00,0.2397,0.241,0.2397,0.2409,78325.3
2025-04-28 20:20:00+09:00,0.2408,0.2408,0.2403,0.2404,51103.8
2025-04-28 20:25:00+09:00,0.2404,0.2411,0.2404,0.2409,43591.3
2025-04-28 20:30:00+09:00,0.2409,0.2412,0.2407,0.2409,40875.4
2025-04-28 20:35:00+09:00,0.2408,0.2418,0.2408,0.2414,64880.5
2025-04-28 20:40:00+09:00,0.2414,0.2427,0.2414,0.2414,542965.2
2025-04-28 20:45:00+09:00,0.2414,0.2425,0.2408,0.2423,260352.4
2025-04-28 20:50:00+09:00,0.2422,0.2444,0.2422,0.2432,491615.5
2025-04-28 20:55:00+09:00,0.2432,0.2446,0.2425,0.2443,280568.8
2025-04-28 21:00:00+09:00,0.2444,0.2457,0.2421,0.2441,894727.3
2025-04-28 21:05:00+09:00,0.2442,0.246,0.244,0.244,563869.9
2025-04-28 21:10:00+09:00,0.244,0.2449,0.2433,0.2435,246100.6
2025-04-28 21:15:00+09:00,0.2435,0.2452,0.2433,0.2442,126085.9
2025-04-28 21:20:00+09:00,0.2443,0.2446,0.2434,0.244,158035.7
2025-04-28 21:25:00+09:00,0.2439,0.244,0.2433,0.244,86071.0
2025-04-28 21:30:00+09:00,0.244,0.244,0.243,0.2436,109845.1
2025-04-28 21:35:00+09:00,0.2437,0.244,0.2431,0.2437,111222.5
2025-04-28 21:40:00+09:00,0.2437,0.2446,0.2428,0.2442,1401166.1
2025-04-28 21:45:00+09:00,0.2441,0.2441,0.2412,0.2423,5812534.3
2025-04-28 21:50:00+09:00,0.2423,0.2426,0.2415,0.2419,252650.1
2025-04-28 21:55:00+09:00,0.2418,0.2421,0.2404,0.2421,499303.1
2025-04-28 22:00:00+09:00,0.2421,0.2428,0.2419,0.2421,268861.0
2025-04-28 22:05:00+09:00,0.2422,0.2426,0.2415,0.2415,132139.1
2025-04-28 22:10:00+09:00,0.2414,0.2414,0.2403,0.2408,97740.8
2025-04-28 22:15:00+09:00,0.2409,0.2414,0.2407,0.2414,120162.2
2025-04-28 22:20:00+09:00,0.2413,0.2414,0.2408,0.2409,37932.8
2025-04-28 22:25:00+09:00,0.2409,0.2409,0.2394,0.2395,141211.7
2025-04-28 22:30:00+09:00,0.2396,0.2403,0.2384,0.2386,183583.6
2025-04-28 22:35:00+09:00,0.2387,0.2393,0.2381,0.2385,210090.7
2025-04-28 22:40:00+09:00,0.2385,0.2405,0.2384,0.2399,262658.1
2025-04-28 22:45:00+09:00,0.2399,0.2402,0.2386,0.2387,222056.0
2025-04-28 22:50:00+09:00,0.2387,0.2395,0.2375,0.2377,238484.7
2025-04-28 22:55:00+09:00,0.2377,0.2381,0.2359,0.2362,235838.3
2025-04-28 23:00:00+09:00,0.2363,0.2373,0.2354,0.2372,4177514.0
2025-04-28 23:05:00+09:00,0.2373,0.2374,0.2355,0.237,1800178.0
2025-04-28 23:10:00+09:00,0.2369,0.2374,0.2367,0.2373,183617.7
2025-04-28 23:15:00+09:00,0.2373,0.2385,0.237,0.2384,368303.7
2025-04-28 23:20:00+09:00,0.2384,0.2391,0.2378,0.2382,357623.2
2025-04-28 23:25:00+09:00,0.2383,0.2386,0.2375,0.2377,114491.7
2025-04-28 23:30:00+09:00,0.2377,0.2378,0.2354,0.2359,382156.5
2025-04-28 23:35:00+09:00,0.2359,0.2373,0.2351,0.2371,550408.3
2025-04-28 23:40:00+09:00,0.2371,0.2374,0.2361,0.2368,128781.1
2025-04-28 23:45:00+09:00,0.2368,0.238,0.2368,0.2372,297751.1
2025-04-28 23:50:00+09:00,0.2371,0.2373,0.2356,0.2357,279476.3
2025-04-28 23:55:00+09:00,0.2357,0.2364,0.2355,0.2363,170249.6
2025-04-29 00:00:00+09:00,0.2363,0.2374,0.2363,0.2366,97470.4
2025-04-29 00:05:00+09:00,0.2364,0.237,0.2338,0.2342,823943.3
2025-04-29 00:10:00+09:00,0.2341,0.2345,0.2329,0.2333,538375.8
2025-04-29 00:15:00+09:00,0.2333,0.2338,0.2317,0.232,1409259.4
2025-04-29 00:20:00+09:00,0.232,0.2324,0.2309,0.2318,590025.7
2025-04-29 00:25:00+09:00,0.2317,0.2321,0.2305,0.2314,206196.3
2025-04-29 00:30:00+09:00,0.2314,0.2322,0.2309,0.2314,1179223.1
2025-04-29 00:35:00+09:00,0.2314,0.2323,0.2307,0.2319,368080.6
2025-04-29 00:40:00+09:00,0.232,0.2322,0.2303,0.2304,1253102.0
2025-04-29 00:45:00+09:00,0.2303,0.2307,0.2297,0.2298,780829.4
2025-04-29 00:50:00+09:00,0.2298,0.2309,0.2294,0.2304,648421.9
2025-04-29 00:55:00+09:00,0.2304,0.2318,0.2303,0.2318,498894.4
2025-04-29 01:00:00+09:00,0.2317,0.2317,0.2309,0.2312,281575.9
2025-04-29 01:05:00+09:00,0.2312,0.2314,0.2307,0.2307,182974.1
2025-04-29 01:10:00+09:00,0.2308,0.2309,0.2298,0.2307,261333.1
2025-04-29 01:15:00+09:00,0.2308,0.2321,0.2288,0.2296,713470.1
2025-04-29 01:20:00+09:00,0.2297,0.2306,0.2295,0.2306,345302.9
2025-04-29 01:25:00+09:00,0.2306,0.2311,0.2306,0.231,177491.4
2025-04-29 01:30:00+09:00,0.231,0.2333,0.2306,0.2331,522067.1
2025-04-29 01:35:00+09:00,0.2331,0.2339,0.233,0.2338,293746.9
2025-04-29 01:40:00+09:00,0.2338,0.2343,0.2335,0.234,84383.5
2025-04-29 01:45:00+09:00,0.234,0.234,0.2334,0.2334,100056.4
2025-04-29 01:50:00+09:00,0.2334,0.2334,0.2326,0.233,61608.9
2025-04-29 01:55:00+09:00,0.233,0.234,0.233,0.2339,61572.4
2025-04-29 02:00:00+09:00,0.2339,0.2344,0.2338,0.2342,37214.0
2025-04-29 02:05:00+09:00,0.2341,0.2347,0.2339,0.2346,23766.0
2025-04-29 02:10:00+09:00,0.2346,0.2346,0.2338,0.2338,82177.2
2025-04-29 02:15:00+09:00,0.2338,0.2346,0.2338,0.2342,33102.7
2025-04-29 02:20:00+09:00,0.2341,0.235,0.234,0.2349,81991.8
2025-04-29 02:25:00+09:00,0.2349,0.2349,0.2337,0.2337,87507.3
2025-04-29 02:30:00+09:00,0.2337,0.2344,0.2337,0.2344,38234.0
2025-04-29 02:35:00+09:00,0.2344,0.2362,0.2343,0.2358,66280.4
2025-04-29 02:40:00+09:00,0.2357,0.2359,0.2354,0.2359,60432.5
2025-04-29 02:45:00+09:00,0.2359,0.2372,0.2359,0.237,77432.3
2025-04-29 02:50:00+09:00,0.237,0.2373,0.2369,0.2371,49067.0
2025-04-29 02:55:00+09:00,0.2372,0.2376,0.2372,0.2373,53951.2
2025-04-29 03:00:00+09:00,0.2373,0.2377,0.237,0.2376,61728.5
2025-04-29 03:05:00+09:00,0.2375,0.2378,0.2366,0.2366,30060.6
2025-04-29 03:10:00+09:00,0.2365,0.2366,0.2353,0.2353,128532.6
2025-04-29 03:15:00+09:00,0.2352,0.2359,0.2351,0.2358,59613.9
2025-04-29 03:20:00+09:00,0.2357,0.2367,0.2357,0.2366,38794.2
2025-04-29 03:25:00+09:00,0.2366,0.2369,0.2362,0.2362,27884.5
2025-04-29 03:30:00+09:00,0.2361,0.2368,0.2354,0.2355,47793.8
2025-04-29 03:35:00+09:00,0.2355,0.2375,0.2355,0.2375,54930.4
2025-04-29 03:40:00+09:00,0.2374,0.2378,0.2367,0.237,46719.4
2025-04-29 03:45:00+09:00,0.2369,0.2379,0.2368,0.2379,21153.7
2025-04-29 03:50:00+09:00,0.238,0.238,0.2376,0.2378,34287.8
2025-04-29 03:55:00+09:00,0.2379,0.238,0.2374,0.2376,123293.8
2025-04-29 04:00:00+09:00,0.2376,0.2398,0.2376,0.2385,3181758.2
2025-04-29 04:05:00+09:00,0.2386,0.2389,0.238,0.2385,191214.1
2025-04-29 04:10:00+09:00,0.2384,0.2384,0.2377,0.2381,95946.5
2025-04-29 04:15:00+09:00,0.2381,0.2392,0.2381,0.2392,109153.3
2025-04-29 04:20:00+09:00,0.2391,0.2391,0.2387,0.2387,83882.4
2025-04-29 04:25:00+09:00,0.2385,0.2391,0.2385,0.2386,65485.6
2025-04-29 04:30:00+09:00,0.2387,0.2389,0.238,0.2386,60477.8
2025-04-29 04:35:00+09:00,0.2385,0.2386,0.238,0.2382,93490.1
2025-04-29 04:40:00+09:00,0.2382,0.2383,0.238,0.2381,122260.7
2025-04-29 04:45:00+09:00,0.2381,0.2381,0.2374,0.238,34479.0
2025-04-29 04:50:00+09:00,0.238,0.2386,0.238,0.2382,67288.3
2025-04-29 04:55:00+09:00,0.2383,0.2386,0.2382,0.2383,28191.1
2025-04-29 05:00:00+09:00,0.2383,0.2384,0.2373,0.2375,36249.7
2025-04-29 05:05:00+09:00,0.2374,0.2377,0.237,0.2376,28571.4
2025-04-29 05:10:00+09:00,0.2375,0.2377,0.2371,0.2371,60350.4
2025-04-29 05:15:00+09:00,0.2371,0.2378,0.2371,0.2376,32229.4
2025-04-29 05:20:00+09:00,0.2376,0.238,0.2376,0.2378,41569.6
2025-04-29 05:25:00+09:00,0.2379,0.2385,0.2377,0.2382,33864.8
2025-04-29 05:30:00+09:00,0.2383,0.2385,0.2377,0.2382,18420.3
2025-04-29 05:35:00+09:00,0.2381,0.2388,0.2381,0.2388,22159.2
2025-04-29 05:40:00+09:00,0.2389,0.2391,0.2377,0.2377,27579.7
2025-04-29 05:45:00+09:00,0.2377,0.2384,0.2376,0.2378,40729.4
2025-04-29 05:50:00+09:00,0.2378,0.2378,0.2373,0.2375,27631.8
2025-04-29 05:55:00+09:00,0.2375,0.2381,0.2375,0.238,10847.1
2025-04-29 06:00:00+09:00,0.238,0.2385,0.238,0.2383,18155.3
2025-04-29 06:05:00+09:00,0.2382,0.2385,0.2379,0.2385,24439.7
2025-04-29 06:10:00+09:00,0.2385,0.2386,0.2377,0.2386,135237.1
2025-04-29 06:15:00+09:00,0.2386,0.2386,0.2379,0.2381,41184.1
2025-04-29 06:20:00+09:00,0.238,0.2385,0.238,0.2385,60180.4
2025-04-29 06:25:00+09:00,0.2385,0.2395,0.2385,0.2389,57557.1
2025-04-29 06:30:00+09:00,0.239,0.2393,0.2388,0.2389,34712.8
2025-04-29 06:35:00+09:00,0.239,0.2392,0.2388,0.239,36154.1
2025-04-29 06:40:00+09:00,0.239,0.2393,0.2388,0.2393,12751.6
2025-04-29 06:45:00+09:00,0.2393,0.2393,0.239,0.239,38810.2
2025-04-29 06:50:00+09:00,0.239,0.2396,0.2386,0.2394,24567.7
2025-04-29 06:55:00+09:00,0.2394,0.2398,0.2392,0.2396,35666.3
2025-04-29 07:00:00+09:00,0.2396,0.2404,0.2395,0.2404,104523.6
2025-04-29 07:05:00+09:00,0.2404,0.2411,0.2402,0.2406,124824.9
2025-04-29 07:10:00+09:00,0.2405,0.2406,0.2401,0.2401,22127.3
2025-04-29 07:15:00+09:00,0.24,0.2411,0.24,0.2403,121590.1
2025-04-29 07:20:00+09:00,0.2405,0.2407,0.2401,0.2407,49429.8
2025-04-29 07:25:00+09:00,0.2408,0.241,0.2403,0.2404,28457.0
2025-04-29 07:30:00+09:00,0.2403,0.2412,0.2403,0.2409,139740.3
2025-04-29 07:35:00+09:00,0.2409,0.2413,0.2404,0.2411,73192.9
2025-04-29 07:40:00+09:00,0.241,0.2415,0.2409,0.2413,73720.6
2025-04-29 07:45:00+09:00,0.2413,0.2419,0.2412,0.2416,93661.8
2025-04-29 07:50:00+09:00,0.2416,0.2418,0.2415,0.2416,33094.8
2025-04-29 07:55:00+09:00,0.2415,0.2419,0.2411,0.2415,158147.9
2025-04-29 08:00:00+09:00,0.2415,0.2423,0.2415,0.2421,98385.9
2025-04-29 08:05:00+09:00,0.242,0.2421,0.2409,0.2411,204726.5
2025-04-29 08:10:00+09:00,0.2413,0.2417,0.2409,0.2411,82825.6
2025-04-29 08:15:00+09:00,0.2411,0.2417,0.2398,0.2408,181008.6
2025-04-29 08:20:00+09:00,0.2408,0.2415,0.2406,0.2412,77249.7
2025-04-29 08:25:00+09:00,0.2413,0.2422,0.2413,0.2417,73540.5
2025-04-29 08:30:00+09:00,0.2417,0.2424,0.2415,0.2418,170429.4
2025-04-29 08:35:00+09:00,0.2418,0.2428,0.2418,0.2425,187648.5
2025-04-29 08:40:00+09:00,0.2425,0.2429,0.242,0.242,40050.7
2025-04-29 08:45:00+09:00,0.242,0.2421,0.2413,0.2414,87725.4
2025-04-29 08:50:00+09:00,0.2415,0.2415,0.2409,0.2412,51338.9
2025-04-29 08:55:00+09:00,0.2412,0.2422,0.2412,0.2422,103406.9
2025-04-29 09:00:00+09:00,0.2422,0.2423,0.2411,0.2419,76654.6
2025-04-29 09:05:00+09:00,0.242,0.2443,0.242,0.2442,341522.0
2025-04-29 09:10:00+09:00,0.2443,0.2449,0.2435,0.2446,181316.3
2025-04-29 09:15:00+09:00,0.2446,0.2455,0.2432,0.2455,401392.9
2025-04-29 09:20:00+09:00,0.2455,0.2481,0.2452,0.2476,501008.5
2025-04-29 09:25:00+09:00,0.2475,0.249,0.2469,0.2483,756756.4
2025-04-29 09:30:00+09:00,0.2483,0.2534,0.2483,0.2526,2482674.8
2025-04-29 09:35:00+09:00,0.2526,0.2529,0.25,0.251,1139132.3
2025-04-29 09:40:00+09:00,0.251,0.2511,0.2484,0.2493,640027.1
2025-04-29 09:45:00+09:00,0.2493,0.2506,0.2491,0.25,215226.6
2025-04-29 09:50:00+09:00,0.25,0.253,0.25,0.2522,453359.3
2025-04-29 09:55:00+09:00,0.2522,0.2536,0.2485,0.2498,1006770.4
2025-04-29 10:00:00+09:00,0.2497,0.2523,0.2488,0.2516,629152.6
2025-04-29 10:05:00+09:00,0.2516,0.2539,0.2509,0.2522,445156.3
2025-04-29 10:10:00+09:00,0.2522,0.2538,0.251,0.251,438355.4
2025-04-29 10:15:00+09:00,0.251,0.2518,0.2499,0.2516,547036.5
2025-04-29 10:20:00+09:00,0.2517,0.252,0.2497,0.2515,271094.6
2025-04-29 10:25:00+09:00,0.2515,0.2518,0.2497,0.2501,395177.1
2025-04-29 10:30:00+09:00,0.2501,0.2501,0.2485,0.2492,178717.8
2025-04-29 10:35:00+09:00,0.2492,0.2506,0.249,0.2503,112074.1
2025-04-29 10:40:00+09:00,0.2503,0.251,0.2491,0.2491,191933.4
2025-04-29 10:45:00+09:00,0.249,0.249,0.2459,0.2482,877748.6
2025-04-29 10:50:00+09:00,0.2483,0.2484,0.2454,0.2454,279576.2
2025-04-29 10:55:00+09:00,0.2455,0.247,0.2455,0.2468,70157.2
2025-04-29 11:00:00+09:00,0.2468,0.2475,0.2462,0.2464,132042.4
2025-04-29 11:05:00+09:00,0.2465,0.2485,0.2463,0.2484,438759.7
2025-04-29 11:10:00+09:00,0.2483,0.2484,0.2469,0.2477,73780.8
2025-04-29 11:15:00+09:00,0.2478,0.2487,0.2472,0.2479,1227263.3
2025-04-29 11:20:00+09:00,0.2479,0.2481,0.2471,0.2471,205862.0
2025-04-29 11:25:00+09:00,0.2471,0.2483,0.2471,0.2479,113484.2
2025-04-29 11:30:00+09:00,0.248,0.2508,0.2479,0.2506,212207.8
2025-04-29 11:35:00+09:00,0.2506,0.2506,0.2489,0.25,134143.7
2025-04-29 11:40:00+09:00,0.25,0.251,0.2496,0.2501,284606.9
2025-04-29 11:45:00+09:00,0.2501,0.2508,0.2481,0.2483,419915.0
2025-04-29 11:50:00+09:00,0.2482,0.2495,0.2479,0.2487,125738.9
2025-04-29 11:55:00+09:00,0.2487,0.2493,0.2485,0.2485,55859.8
2025-04-29 12:00:00+09:00,0.2486,0.2492,0.2476,0.2479,77724.1
2025-04-29 12:05:00+09:00,0.248,0.2481,0.2465,0.2474,634164.3
2025-04-29 12:10:00+09:00,0.2475,0.2475,0.2463,0.2464,104621.5
2025-04-29 12:15:00+09:00,0.2465,0.247,0.2463,0.2463,32032.2
2025-04-29 12:20:00+09:00,0.2463,0.2465,0.2456,0.2463,176152.7
2025-04-29 12:25:00+09:00,0.2463,0.2465,0.2456,0.2464,134239.3
2025-04-29 12:30:00+09:00,0.2465,0.2478,0.2465,0.2478,88097.4
2025-04-29 12:35:00+09:00,0.2478,0.2481,0.2474,0.2479,46909.7
2025-04-29 12:40:00+09:00,0.2478,0.2479,0.247,0.2471,68325.8
2025-04-29 12:45:00+09:00,0.2471,0.2475,0.2467,0.2471,124545.9
2025-04-29 12:50:00+09:00,0.2471,0.248,0.2471,0.2477,55304.5
2025-04-29 12:55:00+09:00,0.2476,0.248,0.2473,0.248,32377.9
2025-04-29 13:00:00+09:00,0.248,0.2488,0.2475,0.2475,81505.6
2025-04-29 13:05:00+09:00,0.2475,0.2484,0.2473,0.2484,66794.0
2025-04-29 13:10:00+09:00,0.2484,0.2486,0.248,0.2483,116773.7
2025-04-29 13:15:00+09:00,0.2484,0.2495,0.2484,0.2494,127429.0
2025-04-29 13:20:00+09:00,0.2494,0.2495,0.2478,0.2482,145389.2
2025-04-29 13:25:00+09:00,0.2482,0.2493,0.248,0.2488,51709.2
2025-04-29 13:30:00+09:00,0.2488,0.249,0.2481,0.2485,81094.8
2025-04-29 13:35:00+09:00,0.2485,0.2489,0.2478,0.2481,52676.1
2025-04-29 13:40:00+09:00,0.2482,0.2484,0.2467,0.2472,117324.6
2025-04-29 13:45:00+09:00,0.2472,0.2472,0.2446,0.2452,303923.9
2025-04-29 13:50:00+09:00,0.2452,0.2458,0.2444,0.2457,92999.9
2025-04-29 13:55:00+09:00,0.2456,0.2458,0.244,0.2447,236965.4
2025-04-29 14:00:00+09:00,0.2447,0.2455,0.2434,0.2442,313858.2
2025-04-29 14:05:00+09:00,0.2442,0.2449,0.2435,0.2448,133796.4
2025-04-29 14:10:00+09:00,0.2448,0.2448,0.2434,0.2435,49906.2
2025-04-29 14:15:00+09:00,0.2435,0.2443,0.2432,0.2442,126089.5
2025-04-29 14:20:00+09:00,0.2443,0.2461,0.2442,0.2454,212590.3
2025-04-29 14:25:00+09:00,0.2455,0.2465,0.2455,0.2461,166806.1
2025-04-29 14:30:00+09:00,0.2461,0.2462,0.2443,0.2455,257731.8
2025-04-29 14:35:00+09:00,0.2456,0.2462,0.2453,0.246,91873.9
2025-04-29 14:40:00+09:00,0.2459,0.246,0.2451,0.2455,49842.4
2025-04-29 14:45:00+09:00,0.2454,0.2462,0.2454,0.2455,92664.2
2025-04-29 14:50:00+09:00,0.2455,0.2462,0.2455,0.246,39683.1
2025-04-29 14:55:00+09:00,0.246,0.2469,0.246,0.2463,41671.8
2025-04-29 15:00:00+09:00,0.2462,0.2473,0.2459,0.2473,95335.3
2025-04-29 15:05:00+09:00,0.2473,0.2477,0.2472,0.2472,68649.8
2025-04-29 15:10:00+09:00,0.2472,0.2478,0.2469,0.2474,277526.9
2025-04-29 15:15:00+09:00,0.2473,0.2481,0.2473,0.248,85541.7
2025-04-29 15:20:00+09:00,0.248,0.2508,0.248,0.2507,1011354.7
2025-04-29 15:25:00+09:00,0.2508,0.2513,0.2487,0.2488,1075651.3
2025-04-29 15:30:00+09:00,0.2489,0.2497,0.2487,0.2492,148206.7
2025-04-29 15:35:00+09:00,0.2491,0.2491,0.2475,0.2475,102503.0
2025-04-29 15:40:00+09:00,0.2474,0.2476,0.2468,0.2475,107102.7
2025-04-29 15:45:00+09:00,0.2474,0.2477,0.246,0.2462,70982.1
2025-04-29 15:50:00+09:00,0.2462,0.2474,0.2458,0.2474,193689.3
2025-04-29 15:55:00+09:00,0.2474,0.2482,0.2467,0.248,76374.8
2025-04-29 16:00:00+09:00,0.248,0.2481,0.2471,0.2471,108778.1
2025-04-29 16:05:00+09:00,0.2472,0.2476,0.2471,0.2474,46960.5
2025-04-29 16:10:00+09:00,0.2474,0.2483,0.2473,0.2483,71455.5
2025-04-29 16:15:00+09:00,0.2484,0.2493,0.2483,0.2493,189230.2
2025-04-29 16:20:00+09:00,0.2493,0.2494,0.2486,0.2488,84156.5
2025-04-29 16:25:00+09:00,0.2487,0.249,0.2485,0.2489,42810.0
2025-04-29 16:30:00+09:00,0.2489,0.249,0.2484,0.2488,35059.6
2025-04-29 16:35:00+09:00,0.2488,0.2492,0.2485,0.2492,97604.7
2025-04-29 16:40:00+09:00,0.2491,0.2493,0.2484,0.2489,74461.5
2025-04-29 16:45:00+09:00,0.2489,0.2498,0.2485,0.2498,56897.3
2025-04-29 16:50:00+09:00,0.2499,0.2501,0.2494,0.2494,97590.9
2025-04-29 16:55:00+09:00,0.2494,0.2511,0.2494,0.2504,324910.8
2025-04-29 17:00:00+09:00,0.2503,0.2542,0.2502,0.2513,856526.3
2025-04-29 17:05:00+09:00,0.2514,0.2525,0.2513,0.2522,259547.1
2025-04-29 17:10:00+09:00,0.2522,0.2524,0.2512,0.252,150264.2
2025-04-29 17:15:00+09:00,0.2519,0.2522,0.2516,0.2519,239560.7
2025-04-29 17:20:00+09:00,0.2517,0.2517,0.2495,0.2497,196303.9
2025-04-29 17:25:00+09:00,0.2496,0.25,0.2495,0.2498,174511.8
2025-04-29 17:30:00+09:00,0.2498,0.2499,0.2489,0.2491,173992.0
2025-04-29 17:35:00+09:00,0.2492,0.2494,0.2486,0.2486,114404.9
2025-04-29 17:40:00+09:00,0.2487,0.2492,0.2484,0.2488,328530.2
2025-04-29 17:45:00+09:00,0.2488,0.2496,0.2487,0.2494,175238.6
2025-04-29 17:50:00+09:00,0.2494,0.2496,0.2484,0.2485,76869.5
2025-04-29 17:55:00+09:00,0.2485,0.249,0.2475,0.2478,171769.2
2025-04-29 18:00:00+09:00,0.2479,0.2479,0.2469,0.2471,88978.8
2025-04-29 18:05:00+09:00,0.2471,0.2471,0.2454,0.246,448316.3
2025-04-29 18:10:00+09:00,0.2459,0.2465,0.2459,0.2462,42209.4
2025-04-29 18:15:00+09:00,0.2463,0.2466,0.2455,0.2464,78106.1
2025-04-29 18:20:00+09:00,0.2464,0.2468,0.2453,0.2457,124456.4
2025-04-29 18:25:00+09:00,0.2457,0.2475,0.2456,0.247,318843.9
2025-04-29 18:30:00+09:00,0.2471,0.2474,0.2458,0.2468,60416.0
2025-04-29 18:35:00+09:00,0.2468,0.2468,0.2456,0.2459,191150.3
2025-04-29 18:40:00+09:00,0.246,0.2466,0.246,0.2466,59920.9
2025-04-29 18:45:00+09:00,0.2467,0.2467,0.246,0.2464,47938.6
2025-04-29 18:50:00+09:00,0.2464,0.2469,0.2462,0.2466,111563.1
2025-04-29 18:55:00+09:00,0.2466,0.2476,0.2466,0.2472,61137.3
2025-04-29 19:00:00+09:00,0.2474,0.2475,0.246,0.2462,67137.3
2025-04-29 19:05:00+09:00,0.2463,0.2472,0.2463,0.2467,85564.1
2025-04-29 19:10:00+09:00,0.2467,0.2473,0.2464,0.2464,121846.3
2025-04-29 19:15:00+09:00,0.2464,0.2465,0.2451,0.2453,107015.5
2025-04-29 19:20:00+09:00,0.2453,0.2458,0.2447,0.2449,43164.8
2025-04-29 19:25:00+09:00,0.245,0.2456,0.2447,0.2452,166405.2
2025-04-29 19:30:00+09:00,0.2451,0.2454,0.2447,0.2453,57739.6
2025-04-29 19:35:00+09:00,0.2453,0.2457,0.2448,0.2448,71722.3
2025-04-29 19:40:00+09:00,0.2447,0.2448,0.2437,0.2441,102925.5
2025-04-29 19:45:00+09:00,0.2441,0.2441,0.2435,0.2438,148259.4
2025-04-29 19:50:00+09:00,0.2437,0.2448,0.2436,0.2448,56428.9
2025-04-29 19:55:00+09:00,0.2446,0.2454,0.2444,0.2452,50004.9
2025-04-29 20:00:00+09:00,0.2452,0.246,0.2451,0.2459,69864.8
2025-04-29 20:05:00+09:00,0.2458,0.2466,0.2458,0.2465,42286.4
2025-04-29 20:10:00+09:00,0.2465,0.2473,0.246,0.2468,249322.3
2025-04-29 20:15:00+09:00,0.2467,0.2477,0.2467,0.2468,136508.5
2025-04-29 20:20:00+09:00,0.2469,0.2472,0.2461,0.2464,119445.4
2025-04-29 20:25:00+09:00,0.2464,0.2475,0.2464,0.247,128629.8
2025-04-29 20:30:00+09:00,0.2469,0.2472,0.2462,0.247,84387.2
2025-04-29 20:35:00+09:00,0.2469,0.2473,0.2459,0.246,106826.5
2025-04-29 20:40:00+09:00,0.246,0.2466,0.2459,0.246,65458.0
2025-04-29 20:45:00+09:00,0.2459,0.2476,0.2459,0.2476,177247.0
2025-04-29 20:50:00+09:00,0.2476,0.248,0.2474,0.2474,66324.9
2025-04-29 20:55:00+09:00,0.2474,0.2476,0.2472,0.2476,38289.5
2025-04-29 21:00:00+09:00,0.2475,0.2482,0.2472,0.2473,113868.9
2025-04-29 21:05:00+09:00,0.2471,0.2479,0.2467,0.2468,39555.0
2025-04-29 21:10:00+09:00,0.2467,0.2471,0.2466,0.2469,29125.1
2025-04-29 21:15:00+09:00,0.2468,0.2468,0.2452,0.2456,142554.3
2025-04-29 21:20:00+09:00,0.2455,0.2455,0.2441,0.2445,97310.7
2025-04-29 21:25:00+09:00,0.2445,0.2451,0.2439,0.2441,216687.0
2025-04-29 21:30:00+09:00,0.2441,0.2442,0.2425,0.2428,133346.2
2025-04-29 21:35:00+09:00,0.2427,0.244,0.2427,0.2436,94732.3
2025-04-29 21:40:00+09:00,0.2436,0.2442,0.2434,0.244,139991.8
2025-04-29 21:45:00+09:00,0.2441,0.2445,0.2432,0.2434,133804.0
2025-04-29 21:50:00+09:00,0.2435,0.2436,0.2427,0.2431,87356.0
2025-04-29 21:55:00+09:00,0.2432,0.2432,0.2426,0.2428,36949.8
2025-04-29 22:00:00+09:00,0.2428,0.2437,0.2424,0.2436,118118.9
2025-04-29 22:05:00+09:00,0.2437,0.2443,0.2437,0.2443,66299.2
2025-04-29 22:10:00+09:00,0.2444,0.2444,0.2436,0.2437,38681.8
2025-04-29 22:15:00+09:00,0.2436,0.2436,0.2414,0.242,253683.0
2025-04-29 22:20:00+09:00,0.2419,0.2441,0.2419,0.2436,133480.0
2025-04-29 22:25:00+09:00,0.2436,0.2448,0.2436,0.2448,62752.7
2025-04-29 22:30:00+09:00,0.2448,0.2458,0.2442,0.2452,96767.4
2025-04-29 22:35:00+09:00,0.2451,0.2452,0.2444,0.2448,142470.3
2025-04-29 22:40:00+09:00,0.2449,0.2465,0.2449,0.2456,92336.2
2025-04-29 22:45:00+09:00,0.2454,0.2462,0.2446,0.2459,373069.2
2025-04-29 22:50:00+09:00,0.246,0.2462,0.2456,0.2461,69239.6
2025-04-29 22:55:00+09:00,0.2461,0.2471,0.2459,0.2471,103775.8
2025-04-29 23:00:00+09:00,0.2471,0.2475,0.2457,0.2472,631649.8
2025-04-29 23:05:00+09:00,0.2472,0.248,0.2467,0.2468,232222.8
2025-04-29 23:10:00+09:00,0.2469,0.2469,0.2455,0.2468,204602.9
2025-04-29 23:15:00+09:00,0.2468,0.2468,0.2458,0.2463,146250.1
2025-04-29 23:20:00+09:00,0.2464,0.2476,0.2463,0.2468,286542.4
2025-04-29 23:25:00+09:00,0.2469,0.2472,0.2462,0.2466,42653.4
2025-04-29 23:30:00+09:00,0.2465,0.2465,0.2455,0.2458,149276.3
2025-04-29 23:35:00+09:00,0.2458,0.247,0.2458,0.2467,59412.1
2025-04-29 23:40:00+09:00,0.2469,0.2476,0.246,0.2465,399252.8
2025-04-29 23:45:00+09:00,0.2465,0.2469,0.246,0.246,62503.3
2025-04-29 23:50:00+09:00,0.2459,0.2464,0.2457,0.2463,27519.3
2025-04-29 23:55:00+09:00,0.2463,0.2468,0.246,0.2461,81106.6
2025-04-30 00:00:00+09:00,0.2461,0.2462,0.2456,0.2459,124343.2
2025-04-30 00:05:00+09:00,0.2459,0.2471,0.2456,0.2468,54111.1
2025-04-30 00:10:00+09:00,0.2469,0.2474,0.2467,0.2469,53674.6
2025-04-30 00:15:00+09:00,0.2468,0.2471,0.2464,0.2464,107976.6
2025-04-30 00:20:00+09:00,0.2464,0.2464,0.2455,0.2458,67310.3
2025-04-30 00:25:00+09:00,0.2457,0.2465,0.2455,0.2463,46159.9
2025-04-30 00:30:00+09:00,0.2464,0.2465,0.2455,0.2458,96128.3
2025-04-30 00:35:00+09:00,0.2457,0.2472,0.2456,0.2472,50171.1
2025-04-30 00:40:00+09:00,0.2472,0.2474,0.2471,0.2472,31871.1
2025-04-30 00:45:00+09:00,0.2473,0.2479,0.2471,0.2472,54148.9
2025-04-30 00:50:00+09:00,0.2472,0.2477,0.2468,0.2469,189418.0
2025-04-30 00:55:00+09:00,0.2469,0.2476,0.2466,0.2476,139898.2
2025-04-30 01:00:00+09:00,0.2475,0.2484,0.2473,0.2483,87624.0
2025-04-30 01:05:00+09:00,0.2482,0.2482,0.2472,0.2477,161126.0
2025-04-30 01:10:00+09:00,0.2477,0.248,0.2472,0.2479,146489.6
2025-04-30 01:15:00+09:00,0.2479,0.2486,0.2475,0.248,63241.3
2025-04-30 01:20:00+09:00,0.2479,0.2499,0.2479,0.2492,177207.7
2025-04-30 01:25:00+09:00,0.2492,0.2497,0.2488,0.2494,109744.3
2025-04-30 01:30:00+09:00,0.2495,0.2495,0.2489,0.2492,373598.8
2025-04-30 01:35:00+09:00,0.2492,0.2496,0.2475,0.248,198222.9
2025-04-30 01:40:00+09:00,0.248,0.249,0.2478,0.2486,273653.0
2025-04-30 01:45:00+09:00,0.2485,0.2489,0.2476,0.2478,187361.9
2025-04-30 01:50:00+09:00,0.2478,0.2481,0.2473,0.2473,137866.9
2025-04-30 01:55:00+09:00,0.2473,0.2473,0.246,0.2466,125383.9
2025-04-30 02:00:00+09:00,0.2466,0.2468,0.2447,0.2454,129189.6
2025-04-30 02:05:00+09:00,0.2453,0.2457,0.2449,0.245,52686.2
2025-04-30 02:10:00+09:00,0.2448,0.2459,0.2443,0.2457,77761.8
2025-04-30 02:15:00+09:00,0.2456,0.2471,0.2455,0.2461,63687.9
2025-04-30 02:20:00+09:00,0.2461,0.2472,0.2461,0.2464,88442.5
2025-04-30 02:25:00+09:00,0.2464,0.2465,0.2457,0.246,49373.9
2025-04-30 02:30:00+09:00,0.2459,0.2459,0.2445,0.2446,407302.8
2025-04-30 02:35:00+09:00,0.2446,0.2457,0.2441,0.2441,165193.1
2025-04-30 02:40:00+09:00,0.2441,0.2445,0.2439,0.244,48363.7
2025-04-30 02:45:00+09:00,0.2439,0.2449,0.2438,0.2446,75159.0
2025-04-30 02:50:00+09:00,0.2447,0.245,0.2444,0.2444,53613.1
2025-04-30 02:55:00+09:00,0.2444,0.2446,0.2441,0.2443,47833.4
2025-04-30 03:00:00+09:00,0.2444,0.2451,0.2443,0.2446,55683.0
2025-04-30 03:05:00+09:00,0.2446,0.2452,0.2442,0.2443,62774.3
2025-04-30 03:10:00+09:00,0.2445,0.245,0.2444,0.2449,58978.6
2025-04-30 03:15:00+09:00,0.2449,0.2456,0.2445,0.245,72533.0
2025-04-30 03:20:00+09:00,0.245,0.2454,0.2446,0.2452,41008.6
2025-04-30 03:25:00+09:00,0.2452,0.2459,0.2452,0.2457,22692.3
2025-04-30 03:30:00+09:00,0.2457,0.2457,0.245,0.245,28493.2
2025-04-30 03:35:00+09:00,0.2451,0.2453,0.245,0.2453,12580.9
2025-04-30 03:40:00+09:00,0.2455,0.2456,0.245,0.2452,20440.4
2025-04-30 03:45:00+09:00,0.2452,0.2457,0.2451,0.2451,13591.3
2025-04-30 03:50:00+09:00,0.2451,0.2451,0.2443,0.2449,182413.4
2025-04-30 03:55:00+09:00,0.2449,0.2452,0.2446,0.2447,28359.7
2025-04-30 04:00:00+09:00,0.2448,0.2449,0.2442,0.2444,39799.8
2025-04-30 04:05:00+09:00,0.2444,0.2446,0.2439,0.2443,95144.8
2025-04-30 04:10:00+09:00,0.2442,0.2442,0.2439,0.2441,28236.1
2025-04-30 04:15:00+09:00,0.2441,0.2441,0.2436,0.2439,47013.8
2025-04-30 04:20:00+09:00,0.2439,0.2444,0.2439,0.2444,41334.8
2025-04-30 04:25:00+09:00,0.2445,0.2446,0.2442,0.2444,23644.7
2025-04-30 04:30:00+09:00,0.2444,0.2445,0.2438,0.244,39931.7
2025-04-30 04:35:00+09:00,0.2439,0.244,0.2436,0.2439,13068.2
2025-04-30 04:40:00+09:00,0.244,0.2441,0.2436,0.2436,27352.8
2025-04-30 04:45:00+09:00,0.2436,0.2444,0.2435,0.2444,39506.5
2025-04-30 04:50:00+09:00,0.2445,0.2445,0.2436,0.2439,34625.6
2025-04-30 04:55:00+09:00,0.2438,0.244,0.2436,0.2438,30586.6
2025-04-30 05:00:00+09:00,0.2438,0.2442,0.2436,0.2436,22721.1
2025-04-30 05:05:00+09:00,0.2435,0.2435,0.2428,0.2432,239619.0
2025-04-30 05:10:00+09:00,0.2431,0.2433,0.2427,0.2433,60824.6
2025-04-30 05:15:00+09:00,0.2432,0.2432,0.2426,0.2427,87421.6
2025-04-30 05:20:00+09:00,0.2428,0.2434,0.2427,0.2432,55681.1
2025-04-30 05:25:00+09:00,0.2432,0.2432,0.2428,0.2428,75121.5
2025-04-30 05:30:00+09:00,0.2428,0.2429,0.2422,0.2427,57814.4
2025-04-30 05:35:00+09:00,0.2426,0.2437,0.2425,0.2435,28537.1
2025-04-30 05:40:00+09:00,0.2436,0.244,0.2434,0.244,103165.4
2025-04-30 05:45:00+09:00,0.244,0.2444,0.244,0.2443,76951.1
2025-04-30 05:50:00+09:00,0.2444,0.2445,0.2438,0.2439,54237.0
2025-04-30 05:55:00+09:00,0.244,0.2448,0.244,0.2445,39098.6
2025-04-30 06:00:00+09:00,0.2445,0.2448,0.2439,0.2443,71565.1
2025-04-30 06:05:00+09:00,0.2443,0.2443,0.2436,0.2442,116160.3
2025-04-30 06:10:00+09:00,0.2439,0.2439,0.242,0.2427,219157.3
2025-04-30 06:15:00+09:00,0.2427,0.2427,0.2406,0.2412,372759.5
2025-04-30 06:20:00+09:00,0.241,0.2413,0.2405,0.241,102540.5
2025-04-30 06:25:00+09:00,0.2409,0.2409,0.2387,0.2399,392895.9
2025-04-30 06:30:00+09:00,0.2399,0.2399,0.2382,0.2389,210875.6
2025-04-30 06:35:00+09:00,0.2389,0.24,0.2387,0.2394,97631.3
2025-04-30 06:40:00+09:00,0.2393,0.2399,0.2392,0.2399,116561.3
2025-04-30 06:45:00+09:00,0.2399,0.2399,0.2378,0.2385,227710.5
2025-04-30 06:50:00+09:00,0.2385,0.2389,0.2376,0.2389,103024.5
2025-04-30 06:55:00+09:00,0.2389,0.2401,0.2389,0.2401,113289.1
2025-04-30 07:00:00+09:00,0.2401,0.2401,0.2374,0.2385,695452.1
2025-04-30 07:05:00+09:00,0.2385,0.2389,0.238,0.2381,280623.8
2025-04-30 07:10:00+09:00,0.2382,0.239,0.2381,0.2383,161462.4
2025-04-30 07:15:00+09:00,0.2383,0.2387,0.2374,0.2378,598063.6
2025-04-30 07:20:00+09:00,0.2378,0.2383,0.2367,0.2373,717549.0
2025-04-30 07:25:00+09:00,0.2372,0.2374,0.2362,0.2369,665670.0
2025-04-30 07:30:00+09:00,0.2368,0.2375,0.2366,0.2375,343832.0
2025-04-30 07:35:00+09:00,0.2375,0.2378,0.2368,0.2372,398444.8
2025-04-30 07:40:00+09:00,0.2373,0.2373,0.2356,0.2357,374390.6
2025-04-30 07:45:00+09:00,0.2356,0.2359,0.2346,0.2357,376030.9
2025-04-30 07:50:00+09:00,0.2357,0.2368,0.2354,0.2366,189005.0
2025-04-30 07:55:00+09:00,0.2366,0.2374,0.2363,0.2369,696784.0
2025-04-30 08:00:00+09:00,0.2368,0.2375,0.2365,0.2375,260278.2
2025-04-30 08:05:00+09:00,0.2375,0.2375,0.2349,0.235,441917.7
2025-04-30 08:10:00+09:00,0.2349,0.2352,0.2338,0.2345,902140.3
2025-04-30 08:15:00+09:00,0.2344,0.2352,0.2342,0.2342,234853.5
2025-04-30 08:20:00+09:00,0.2342,0.2354,0.2337,0.2351,238366.8
2025-04-30 08:25:00+09:00,0.235,0.2357,0.2347,0.2357,163016.1
2025-04-30 08:30:00+09:00,0.2356,0.2368,0.2354,0.2368,301614.0
2025-04-30 08:35:00+09:00,0.2367,0.237,0.2363,0.2363,57700.0
2025-04-30 08:40:00+09:00,0.2362,0.237,0.236,0.2369,58226.5
2025-04-30 08:45:00+09:00,0.2368,0.2377,0.2363,0.2377,90939.6
2025-04-30 08:50:00+09:00,0.2377,0.2389,0.2374,0.2389,269143.8
2025-04-30 08:55:00+09:00,0.2387,0.2391,0.2383,0.2388,317451.9
2025-04-30 09:00:00+09:00,0.2387,0.2388,0.2357,0.2359,622217.9
2025-04-30 09:05:00+09:00,0.2359,0.2389,0.2356,0.2384,170109.9
2025-04-30 09:10:00+09:00,0.2384,0.241,0.2383,0.2402,436751.7
2025-04-30 09:15:00+09:00,0.2403,0.2427,0.2401,0.2411,492714.8
2025-04-30 09:20:00+09:00,0.241,0.2452,0.2408,0.2441,898718.5
2025-04-30 09:25:00+09:00,0.2439,0.2442,0.2419,0.2431,309042.4
2025-04-30 09:30:00+09:00,0.2432,0.2455,0.242,0.2454,290788.8
2025-04-30 09:35:00+09:00,0.2454,0.2455,0.2443,0.2445,178269.3
2025-04-30 09:40:00+09:00,0.2446,0.2453,0.2437,0.2439,121752.4
2025-04-30 09:45:00+09:00,0.2439,0.2453,0.2436,0.2453,168711.3
2025-04-30 09:50:00+09:00,0.2452,0.2452,0.2438,0.2441,146191.3
2025-04-30 09:55:00+09:00,0.2441,0.2441,0.2426,0.2441,224651.5
2025-04-30 10:00:00+09:00,0.2441,0.2444,0.2432,0.2432,114014.6
2025-04-30 10:05:00+09:00,0.2432,0.2447,0.2428,0.244,100169.6
2025-04-30 10:10:00+09:00,0.2438,0.2438,0.242,0.2424,185392.7
2025-04-30 10:15:00+09:00,0.2426,0.2454,0.2424,0.2445,529690.7
2025-04-30 10:20:00+09:00,0.2444,0.2465,0.2444,0.2454,147707.0
2025-04-30 10:25:00+09:00,0.2453,0.246,0.2447,0.2454,125116.2
2025-04-30 10:30:00+09:00,0.2453,0.2454,0.2434,0.2451,410942.1
2025-04-30 10:35:00+09:00,0.2451,0.2456,0.2444,0.2447,89977.4
2025-04-30 10:40:00+09:00,0.2447,0.2454,0.2438,0.2438,161967.0
2025-04-30 10:45:00+09:00,0.2437,0.2441,0.2431,0.2436,398156.4
2025-04-30 10:50:00+09:00,0.2435,0.2457,0.2435,0.2455,126606.2
2025-04-30 10:55:00+09:00,0.2455,0.246,0.2449,0.2449,81873.6
2025-04-30 11:00:00+09:00,0.245,0.246,0.244,0.2458,120823.5
2025-04-30 11:05:00+09:00,0.2457,0.2459,0.2448,0.2459,70129.6
2025-04-30 11:10:00+09:00,0.246,0.2466,0.2452,0.2457,171520.8
2025-04-30 11:15:00+09:00,0.2456,0.2476,0.2456,0.2465,1135626.1
2025-04-30 11:20:00+09:00,0.2464,0.2472,0.2456,0.2456,166079.5
2025-04-30 11:25:00+09:00,0.2455,0.2455,0.2448,0.2451,88828.8
2025-04-30 11:30:00+09:00,0.2452,0.2452,0.2432,0.2438,100628.9
2025-04-30 11:35:00+09:00,0.2437,0.2446,0.2435,0.2442,52802.7
2025-04-30 11:40:00+09:00,0.2441,0.2466,0.244,0.246,357288.9
2025-04-30 11:45:00+09:00,0.2457,0.2458,0.245,0.2453,59400.3
2025-04-30 11:50:00+09:00,0.2453,0.2454,0.2445,0.2445,39319.0
2025-04-30 11:55:00+09:00,0.2445,0.245,0.2443,0.2448,61095.9
2025-04-30 12:00:00+09:00,0.2448,0.2457,0.2448,0.2452,40495.7
2025-04-30 12:05:00+09:00,0.2452,0.2452,0.2436,0.2438,183412.4
2025-04-30 12:10:00+09:00,0.2437,0.2442,0.2435,0.2438,38696.1
2025-04-30 12:15:00+09:00,0.2439,0.2441,0.2428,0.2433,381639.0
2025-04-30 12:20:00+09:00,0.2434,0.2435,0.2423,0.2427,200169.2
2025-04-30 12:25:00+09:00,0.2428,0.2429,0.2414,0.2414,107068.6
2025-04-30 12:30:00+09:00,0.2414,0.2423,0.2413,0.242,85689.3
2025-04-30 12:35:00+09:00,0.2419,0.2422,0.2415,0.2419,69307.4
2025-04-30 12:40:00+09:00,0.2419,0.2429,0.2419,0.2427,40393.2
2025-04-30 12:45:00+09:00,0.2428,0.2434,0.2425,0.2434,48614.9
2025-04-30 12:50:00+09:00,0.2434,0.2442,0.2428,0.2442,90370.8
2025-04-30 12:55:00+09:00,0.2443,0.2447,0.2438,0.2442,34777.6
2025-04-30 13:00:00+09:00,0.2442,0.245,0.2442,0.2442,49934.9
2025-04-30 13:05:00+09:00,0.2441,0.2454,0.2441,0.2451,43611.5
2025-04-30 13:10:00+09:00,0.2452,0.2454,0.2441,0.2442,85723.0
2025-04-30 13:15:00+09:00,0.2442,0.2448,0.2437,0.2446,55833.0
2025-04-30 13:20:00+09:00,0.2445,0.2452,0.2444,0.2446,27245.6
2025-04-30 13:25:00+09:00,0.2446,0.245,0.2443,0.2446,50909.7
2025-04-30 13:30:00+09:00,0.2446,0.2451,0.2443,0.2449,43675.3
2025-04-30 13:35:00+09:00,0.2449,0.2452,0.2443,0.2452,83859.9
2025-04-30 13:40:00+09:00,0.2452,0.2455,0.245,0.2453,289735.4
2025-04-30 13:45:00+09:00,0.2454,0.2458,0.2452,0.2452,37773.7
2025-04-30 13:50:00+09:00,0.2452,0.2455,0.2446,0.2446,40894.4
2025-04-30 13:55:00+09:00,0.2446,0.245,0.2441,0.2444,45239.3
2025-04-30 14:00:00+09:00,0.2444,0.2444,0.2437,0.2439,35549.0
2025-04-30 14:05:00+09:00,0.2439,0.2446,0.2437,0.244,401829.6
2025-04-30 14:10:00+09:00,0.2439,0.244,0.2435,0.2438,89725.1
2025-04-30 14:15:00+09:00,0.2437,0.2444,0.2436,0.2442,24729.7
2025-04-30 14:20:00+09:00,0.2442,0.2443,0.2439,0.2439,34389.1
2025-04-30 14:25:00+09:00,0.2439,0.245,0.2439,0.2443,114146.9
2025-04-30 14:30:00+09:00,0.2442,0.245,0.244,0.2449,86852.1
2025-04-30 14:35:00+09:00,0.2449,0.2449,0.2444,0.2445,46421.4
2025-04-30 14:40:00+09:00,0.2445,0.2449,0.2445,0.2446,24558.7
2025-04-30 14:45:00+09:00,0.2446,0.2447,0.2439,0.2442,33603.5
2025-04-30 14:50:00+09:00,0.2441,0.2444,0.244,0.2443,17089.5
2025-04-30 14:55:00+09:00,0.2443,0.2447,0.2442,0.2446,52945.4
2025-04-30 15:00:00+09:00,0.2446,0.2452,0.2446,0.2449,52431.0
2025-04-30 15:05:00+09:00,0.245,0.245,0.2437,0.244,24046.1
2025-04-30 15:10:00+09:00,0.2441,0.2448,0.2438,0.2448,29352.1
2025-04-30 15:15:00+09:00,0.2448,0.2453,0.2448,0.2448,40758.8
2025-04-30 15:20:00+09:00,0.2448,0.2448,0.2441,0.2441,26986.5
2025-04-30 15:25:00+09:00,0.2442,0.245,0.2442,0.2447,44950.4
2025-04-30 15:30:00+09:00,0.2448,0.2449,0.2446,0.2446,15047.5
2025-04-30 15:35:00+09:00,0.2446,0.2446,0.2441,0.2441,41124.0
2025-04-30 15:40:00+09:00,0.2442,0.2442,0.2434,0.2434,43564.2
2025-04-30 15:45:00+09:00,0.2435,0.2435,0.2431,0.2431,28693.5
2025-04-30 15:50:00+09:00,0.2432,0.2437,0.2432,0.2434,58419.5
2025-04-30 15:55:00+09:00,0.2434,0.2434,0.2427,0.2427,112641.2
2025-04-30 16:00:00+09:00,0.2427,0.2431,0.2422,0.2423,38726.7
2025-04-30 16:05:00+09:00,0.2424,0.2424,0.2417,0.242,60101.2
2025-04-30 16:10:00+09:00,0.242,0.2429,0.242,0.2429,44444.8
2025-04-30 16:15:00+09:00,0.243,0.2432,0.2429,0.2429,26206.2
2025-04-30 16:20:00+09:00,0.243,0.2437,0.2423,0.2437,179422.1
2025-04-30 16:25:00+09:00,0.2437,0.2444,0.2434,0.2441,143698.4
2025-04-30 16:30:00+09:00,0.2441,0.2442,0.2429,0.2435,58609.3
2025-04-30 16:35:00+09:00,0.2435,0.2435,0.2424,0.2427,38009.8
2025-04-30 16:40:00+09:00,0.2426,0.2428,0.241,0.2411,102000.3
2025-04-30 16:45:00+09:00,0.2411,0.2411,0.2401,0.2405,95969.5
2025-04-30 16:50:00+09:00,0.2405,0.2417,0.2403,0.2416,132206.4
2025-04-30 16:55:00+09:00,0.2416,0.2416,0.2411,0.2414,55699.3
2025-04-30 17:00:00+09:00,0.2414,0.2421,0.2414,0.2416,60760.3
2025-04-30 17:05:00+09:00,0.2415,0.2416,0.2409,0.2414,83167.9
2025-04-30 17:10:00+09:00,0.2415,0.2424,0.2415,0.2422,61002.6
2025-04-30 17:15:00+09:00,0.2423,0.2434,0.2423,0.2424,72565.1
2025-04-30 17:20:00+09:00,0.2423,0.2424,0.2416,0.2416,44197.0
2025-04-30 17:25:00+09:00,0.2416,0.2417,0.2415,0.2417,45372.2
2025-04-30 17:30:00+09:00,0.2417,0.2421,0.2412,0.2419,94271.9
2025-04-30 17:35:00+09:00,0.242,0.2432,0.242,0.2425,73624.5
2025-04-30 17:40:00+09:00,0.2425,0.2426,0.2419,0.2425,39816.9
2025-04-30 17:45:00+09:00,0.2425,0.2426,0.2416,0.2419,75100.6
2025-04-30 17:50:00+09:00,0.2419,0.2427,0.2419,0.2422,48943.1
2025-04-30 17:55:00+09:00,0.2421,0.2423,0.2419,0.2421,29912.5
2025-04-30 18:00:00+09:00,0.2422,0.2429,0.2422,0.2427,32005.3
2025-04-30 18:05:00+09:00,0.2427,0.2434,0.2423,0.2427,137958.5
2025-04-30 18:10:00+09:00,0.2428,0.243,0.2415,0.2419,210396.0
2025-04-30 18:15:00+09:00,0.2418,0.2422,0.2416,0.2421,111067.1
2025-04-30 18:20:00+09:00,0.2422,0.2426,0.2417,0.2418,36128.4
2025-04-30 18:25:00+09:00,0.2418,0.242,0.2415,0.2419,31511.2
2025-04-30 18:30:00+09:00,0.2419,0.2427,0.2419,0.2425,53057.4
2025-04-30 18:35:00+09:00,0.2425,0.2429,0.2423,0.2423,61412.4
2025-04-30 18:40:00+09:00,0.2423,0.2439,0.2423,0.2437,52891.5
2025-04-30 18:45:00+09:00,0.2437,0.2437,0.2426,0.2434,99651.9
2025-04-30 18:50:00+09:00,0.2435,0.2444,0.2435,0.2441,52834.8
2025-04-30 18:55:00+09:00,0.244,0.2441,0.2434,0.2438,35636.8
2025-04-30 19:00:00+09:00,0.2439,0.2444,0.2435,0.2441,97338.7
2025-04-30 19:05:00+09:00,0.2441,0.2445,0.2439,0.2444,50095.3
2025-04-30 19:10:00+09:00,0.2445,0.2451,0.2437,0.2451,232302.2
2025-04-30 19:15:00+09:00,0.2452,0.2455,0.2448,0.2452,44178.9
2025-04-30 19:20:00+09:00,0.2451,0.2454,0.2441,0.2451,505620.2
2025-04-30 19:25:00+09:00,0.2451,0.2452,0.2445,0.2447,90205.4
2025-04-30 19:30:00+09:00,0.2446,0.245,0.2445,0.2448,50097.6
2025-04-30 19:35:00+09:00,0.2447,0.2449,0.2445,0.2448,23530.3
2025-04-30 19:40:00+09:00,0.2447,0.245,0.2446,0.2449,37758.1
2025-04-30 19:45:00+09:00,0.245,0.2462,0.2447,0.2457,432966.1
2025-04-30 19:50:00+09:00,0.2456,0.2457,0.2452,0.2457,29453.3
2025-04-30 19:55:00+09:00,0.2457,0.2457,0.2452,0.2455,56239.6
2025-04-30 20:00:00+09:00,0.2455,0.2461,0.2455,0.2459,91020.2
2025-04-30 20:05:00+09:00,0.2459,0.2461,0.2454,0.2455,40405.1
2025-04-30 20:10:00+09:00,0.2456,0.2457,0.2452,0.2452,56975.9
2025-04-30 20:15:00+09:00,0.2452,0.2475,0.2451,0.2474,260213.0
2025-04-30 20:20:00+09:00,0.2475,0.2491,0.2474,0.2482,374751.3
2025-04-30 20:25:00+09:00,0.2482,0.2492,0.2479,0.2491,245997.2
2025-04-30 20:30:00+09:00,0.2488,0.2494,0.2483,0.2491,164114.3
2025-04-30 20:35:00+09:00,0.2492,0.25,0.2487,0.2492,254104.0
2025-04-30 20:40:00+09:00,0.2493,0.2494,0.2484,0.2492,221602.0
2025-04-30 20:45:00+09:00,0.2491,0.2493,0.2472,0.2475,141846.8
2025-04-30 20:50:00+09:00,0.2475,0.2479,0.2469,0.247,232263.0
2025-04-30 20:55:00+09:00,0.2472,0.2479,0.2472,0.2477,34823.3
2025-04-30 21:00:00+09:00,0.2477,0.2478,0.2468,0.2472,227352.4
2025-04-30 21:05:00+09:00,0.2473,0.2474,0.2464,0.2472,99787.5
2025-04-30 21:10:00+09:00,0.2471,0.2472,0.2462,0.2471,53674.2
2025-04-30 21:15:00+09:00,0.2471,0.2477,0.2463,0.2467,88613.7
2025-04-30 21:20:00+09:00,0.2467,0.247,0.2457,0.2465,145375.7
2025-04-30 21:25:00+09:00,0.2466,0.2469,0.2459,0.2461,100214.8
2025-04-30 21:30:00+09:00,0.2461,0.2466,0.2443,0.2457,196292.1
2025-04-30 21:35:00+09:00,0.2458,0.2496,0.2458,0.2488,512329.9
2025-04-30 21:40:00+09:00,0.2487,0.2502,0.2472,0.2497,455476.6
2025-04-30 21:45:00+09:00,0.2498,0.25,0.2447,0.2454,496213.0
2025-04-30 21:50:00+09:00,0.2455,0.2483,0.2453,0.248,300778.0
2025-04-30 21:55:00+09:00,0.2479,0.2479,0.2464,0.2472,214316.1
2025-04-30 22:00:00+09:00,0.2472,0.2472,0.2458,0.2462,206335.4
2025-04-30 22:05:00+09:00,0.2461,0.2462,0.2428,0.2432,489126.4
2025-04-30 22:10:00+09:00,0.2432,0.2446,0.241,0.2413,278448.6
2025-04-30 22:15:00+09:00,0.2411,0.2429,0.2401,0.2414,355013.6
2025-04-30 22:20:00+09:00,0.2415,0.2423,0.2414,0.2421,117987.8
2025-04-30 22:25:00+09:00,0.2421,0.2436,0.2416,0.2435,400694.4
2025-04-30 22:30:00+09:00,0.2434,0.2435,0.2414,0.2431,138158.0
2025-04-30 22:35:00+09:00,0.2431,0.2433,0.239,0.239,246436.0
2025-04-30 22:40:00+09:00,0.2389,0.2402,0.2364,0.2381,796105.3
2025-04-30 22:45:00+09:00,0.238,0.2397,0.2364,0.2392,372911.7
2025-04-30 22:50:00+09:00,0.239,0.239,0.2377,0.2381,184160.1
2025-04-30 22:55:00+09:00,0.2381,0.2385,0.2348,0.2357,528610.7
2025-04-30 23:00:00+09:00,0.2356,0.2386,0.2351,0.2375,541915.7
2025-04-30 23:05:00+09:00,0.2374,0.2382,0.2368,0.2376,194298.3
2025-04-30 23:10:00+09:00,0.2375,0.2375,0.2358,0.2374,171890.2
2025-04-30 23:15:00+09:00,0.2373,0.2375,0.2357,0.2372,147619.8
2025-04-30 23:20:00+09:00,0.2372,0.2403,0.2367,0.2396,371252.3
2025-04-30 23:25:00+09:00,0.2396,0.241,0.239,0.2408,419883.7
2025-04-30 23:30:00+09:00,0.2408,0.2419,0.24,0.2411,351106.4
2025-04-30 23:35:00+09:00,0.2409,0.2409,0.239,0.2396,126653.9
2025-04-30 23:40:00+09:00,0.2397,0.2406,0.2385,0.2405,116594.8
2025-04-30 23:45:00+09:00,0.2404,0.2404,0.2387,0.2387,120864.2
2025-04-30 23:50:00+09:00,0.2387,0.2392,0.2378,0.2382,232260.4
2025-04-30 23:55:00+09:00,0.2381,0.2392,0.2377,0.2386,277496.2
2025-05-01 00:00:00+09:00,0.2386,0.2396,0.2385,0.2387,359962.4
2025-05-01 00:05:00+09:00,0.2387,0.2392,0.2383,0.239,186913.7
2025-05-01 00:10:00+09:00,0.2389,0.2393,0.2383,0.2388,154916.4
2025-05-01 00:15:00+09:00,0.2389,0.2405,0.2388,0.2392,569842.4
2025-05-01 00:20:00+09:00,0.2392,0.2403,0.2391,0.2392,237689.6
2025-05-01 00:25:00+09:00,0.2392,0.2393,0.2383,0.2391,231724.7
2025-05-01 00:30:00+09:00,0.2392,0.2407,0.2388,0.2406,463525.0
2025-05-01 00:35:00+09:00,0.2405,0.2405,0.2396,0.2402,194363.6
2025-05-01 00:40:00+09:00,0.2401,0.2407,0.2394,0.2407,227452.6
2025-05-01 00:45:00+09:00,0.2408,0.2408,0.24,0.2406,132342.4
2025-05-01 00:50:00+09:00,0.2406,0.2407,0.24,0.2407,265959.2
2025-05-01 00:55:00+09:00,0.2407,0.2407,0.2397,0.2397,136489.9
2025-05-01 01:00:00+09:00,0.2396,0.2403,0.2383,0.2392,1166691.7
2025-05-01 01:05:00+09:00,0.2391,0.2403,0.2385,0.2387,259360.9
2025-05-01 01:10:00+09:00,0.2387,0.24,0.2386,0.2391,191971.9
2025-05-01 01:15:00+09:00,0.2391,0.2396,0.2387,0.2392,176110.7
2025-05-01 01:20:00+09:00,0.2393,0.2393,0.2384,0.239,150565.8
2025-05-01 01:25:00+09:00,0.239,0.2391,0.2378,0.2389,138127.8
2025-05-01 01:30:00+09:00,0.2389,0.2398,0.2384,0.2397,89402.6
2025-05-01 01:35:00+09:00,0.2396,0.2415,0.2391,0.2412,558733.0
2025-05-01 01:40:00+09:00,0.2411,0.2416,0.2404,0.2407,152218.8
2025-05-01 01:45:00+09:00,0.2406,0.2415,0.2402,0.2415,82371.0
2025-05-01 01:50:00+09:00,0.2414,0.2422,0.2412,0.2416,103322.1
2025-05-01 01:55:00+09:00,0.2418,0.2422,0.2414,0.2418,46010.4
2025-05-01 02:00:00+09:00,0.242,0.2429,0.2418,0.2422,58827.0
2025-05-01 02:05:00+09:00,0.2422,0.2422,0.2399,0.2401,137922.9
2025-05-01 02:10:00+09:00,0.24,0.2402,0.2392,0.2401,47329.8
2025-05-01 02:15:00+09:00,0.2402,0.2411,0.2401,0.2403,47202.5
2025-05-01 02:20:00+09:00,0.2404,0.2407,0.2393,0.2395,635990.9
2025-05-01 02:25:00+09:00,0.2395,0.2401,0.2394,0.2399,485510.3
2025-05-01 02:30:00+09:00,0.24,0.2403,0.2389,0.2393,367482.3
2025-05-01 02:35:00+09:00,0.2393,0.2409,0.2392,0.2404,99465.9
2025-05-01 02:40:00+09:00,0.2404,0.241,0.2402,0.241,76682.4
2025-05-01 02:45:00+09:00,0.2409,0.2414,0.2404,0.2404,75508.7
2025-05-01 02:50:00+09:00,0.2405,0.2416,0.2405,0.2415,44695.2
2025-05-01 02:55:00+09:00,0.2414,0.2415,0.2406,0.2407,27410.8
2025-05-01 03:00:00+09:00,0.2407,0.2416,0.2404,0.2415,60984.0
2025-05-01 03:05:00+09:00,0.2417,0.2426,0.2412,0.2414,411772.7
2025-05-01 03:10:00+09:00,0.2413,0.2427,0.2413,0.242,100211.7
2025-05-01 03:15:00+09:00,0.2419,0.2426,0.2415,0.2419,63207.3
2025-05-01 03:20:00+09:00,0.242,0.2422,0.2411,0.2413,68876.3
2025-05-01 03:25:00+09:00,0.2415,0.2422,0.2411,0.2412,68239.3
2025-05-01 03:30:00+09:00,0.2411,0.2425,0.2411,0.2419,96016.8
2025-05-01 03:35:00+09:00,0.2418,0.2422,0.2414,0.2414,56481.2
2025-05-01 03:40:00+09:00,0.2413,0.2418,0.2412,0.2417,108209.2
2025-05-01 03:45:00+09:00,0.2417,0.2423,0.2415,0.2422,57932.4
2025-05-01 03:50:00+09:00,0.2422,0.2423,0.2419,0.2419,72643.1
2025-05-01 03:55:00+09:00,0.242,0.2422,0.2415,0.2418,77146.7
2025-05-01 04:00:00+09:00,0.2417,0.2418,0.2412,0.2414,107345.4
2025-05-01 04:05:00+09:00,0.2415,0.2416,0.2409,0.2411,102894.4
2025-05-01 04:10:00+09:00,0.241,0.2412,0.2407,0.2409,123712.1
2025-05-01 04:15:00+09:00,0.2408,0.2409,0.2396,0.2397,119789.8
2025-05-01 04:20:00+09:00,0.2397,0.2401,0.2394,0.2394,87728.0
2025-05-01 04:25:00+09:00,0.2395,0.2395,0.2384,0.2386,178049.6
2025-05-01 04:30:00+09:00,0.2386,0.2392,0.2383,0.2387,237709.8
2025-05-01 04:35:00+09:00,0.2386,0.2397,0.2386,0.2387,155422.8
2025-05-01 04:40:00+09:00,0.2388,0.2392,0.2387,0.2391,77796.8
2025-05-01 04:45:00+09:00,0.2391,0.2397,0.239,0.2394,48514.7
2025-05-01 04:50:00+09:00,0.2394,0.2401,0.2394,0.2397,39899.6
2025-05-01 04:55:00+09:00,0.2397,0.2407,0.2397,0.2402,56152.4
2025-05-01 05:00:00+09:00,0.2402,0.2412,0.2397,0.2409,134799.6
2025-05-01 05:05:00+09:00,0.2409,0.2418,0.2406,0.2414,121902.9
2025-05-01 05:10:00+09:00,0.2414,0.2425,0.2414,0.2424,51435.0
2025-05-01 05:15:00+09:00,0.2424,0.2429,0.2422,0.2423,59699.5
2025-05-01 05:20:00+09:00,0.2423,0.2427,0.2422,0.2424,44093.2
2025-05-01 05:25:00+09:00,0.2424,0.2431,0.2423,0.2429,57799.0
2025-05-01 05:30:00+09:00,0.243,0.243,0.2419,0.2419,37162.8
2025-05-01 05:35:00+09:00,0.2419,0.2426,0.2419,0.2424,40385.0
2025-05-01 05:40:00+09:00,0.2424,0.2426,0.2408,0.2422,449032.2
2025-05-01 05:45:00+09:00,0.2422,0.2422,0.2415,0.2416,105924.9
2025-05-01 05:50:00+09:00,0.2417,0.2423,0.2417,0.2418,81923.1
2025-05-01 05:55:00+09:00,0.2418,0.242,0.2413,0.2416,40312.4
2025-05-01 06:00:00+09:00,0.2417,0.2421,0.2414,0.2419,132972.3
2025-05-01 06:05:00+09:00,0.2419,0.2424,0.2417,0.2417,45604.2
2025-05-01 06:10:00+09:00,0.2416,0.2424,0.2415,0.2424,88967.2
2025-05-01 06:15:00+09:00,0.2424,0.2425,0.242,0.2422,42507.4
2025-05-01 06:20:00+09:00,0.2422,0.2423,0.2419,0.2423,19974.2
2025-05-01 06:25:00+09:00,0.2423,0.2424,0.242,0.2421,49375.8
2025-05-01 06:30:00+09:00,0.2421,0.2421,0.2417,0.242,43789.1
2025-05-01 06:35:00+09:00,0.2421,0.2429,0.2421,0.2425,74331.0
2025-05-01 06:40:00+09:00,0.2426,0.2429,0.2418,0.2418,64783.3
2025-05-01 06:45:00+09:00,0.2417,0.2426,0.2417,0.2424,141443.3
2025-05-01 06:50:00+09:00,0.2424,0.2425,0.2417,0.2417,83942.2
2025-05-01 06:55:00+09:00,0.2416,0.242,0.2411,0.2416,176376.7
2025-05-01 07:00:00+09:00,0.2416,0.2428,0.2415,0.2423,116281.3
2025-05-01 07:05:00+09:00,0.2424,0.2429,0.242,0.2422,42810.5
2025-05-01 07:10:00+09:00,0.2422,0.2429,0.2418,0.2429,69449.7
2025-05-01 07:15:00+09:00,0.243,0.243,0.2422,0.2422,135185.4
2025-05-01 07:20:00+09:00,0.2422,0.2445,0.2422,0.2432,522927.4
2025-05-01 07:25:00+09:00,0.2433,0.2444,0.2428,0.2434,165461.9
2025-05-01 07:30:00+09:00,0.2434,0.2439,0.243,0.2431,80063.7
2025-05-01 07:35:00+09:00,0.2432,0.2432,0.242,0.2423,157700.3
2025-05-01 07:40:00+09:00,0.2423,0.2431,0.2423,0.2431,196346.7
2025-05-01 07:45:00+09:00,0.2431,0.2431,0.2427,0.243,39689.7
2025-05-01 07:50:00+09:00,0.243,0.244,0.243,0.244,53669.9
2025-05-01 07:55:00+09:00,0.244,0.2447,0.244,0.2446,141731.4
2025-05-01 08:00:00+09:00,0.2446,0.2457,0.2446,0.245,754408.0
2025-05-01 08:05:00+09:00,0.2451,0.247,0.2451,0.2459,645634.0
2025-05-01 08:10:00+09:00,0.2461,0.2467,0.2458,0.2464,133434.1
2025-05-01 08:15:00+09:00,0.2463,0.2472,0.2456,0.2471,274868.6
2025-05-01 08:20:00+09:00,0.2471,0.2473,0.246,0.2467,248698.5
2025-05-01 08:25:00+09:00,0.2466,0.2467,0.246,0.2464,146760.0
2025-05-01 08:30:00+09:00,0.2465,0.2473,0.2461,0.2472,83134.6
2025-05-01 08:35:00+09:00,0.2471,0.2474,0.2469,0.247,126041.5
2025-05-01 08:40:00+09:00,0.2471,0.2482,0.2466,0.2468,344201.4
2025-05-01 08:45:00+09:00,0.2468,0.2468,0.2454,0.2457,55168.1
2025-05-01 08:50:00+09:00,0.2457,0.246,0.2454,0.2454,26111.4
2025-05-01 08:55:00+09:00,0.2454,0.246,0.2454,0.2459,39601.4
2025-05-01 09:00:00+09:00,0.2459,0.246,0.2441,0.245,127296.4
2025-05-01 09:05:00+09:00,0.2451,0.2467,0.2449,0.2466,158897.1
2025-05-01 09:10:00+09:00,0.2466,0.247,0.2454,0.247,105001.3
2025-05-01 09:15:00+09:00,0.2471,0.2493,0.2469,0.2484,382361.7
2025-05-01 09:20:00+09:00,0.2483,0.2492,0.2474,0.2487,190249.0
2025-05-01 09:25:00+09:00,0.2486,0.2508,0.2485,0.2504,282747.9
2025-05-01 09:30:00+09:00,0.2504,0.2504,0.2492,0.2498,194013.7
2025-05-01 09:35:00+09:00,0.2497,0.2505,0.2493,0.2495,187359.4
2025-05-01 09:40:00+09:00,0.2496,0.2516,0.2496,0.251,276775.7
2025-05-01 09:45:00+09:00,0.2511,0.2522,0.2504,0.2505,432400.6
2025-05-01 09:50:00+09:00,0.2506,0.2509,0.2481,0.2491,203619.5
2025-05-01 09:55:00+09:00,0.249,0.2496,0.2484,0.2492,100575.0
2025-05-01 10:00:00+09:00,0.2493,0.2512,0.2489,0.2511,200361.6
2025-05-01 10:05:00+09:00,0.2511,0.2527,0.2509,0.2516,534920.7
2025-05-01 10:10:00+09:00,0.2516,0.2529,0.2514,0.2522,168930.3
2025-05-01 10:15:00+09:00,0.2522,0.2528,0.2514,0.2518,314208.8
2025-05-01 10:20:00+09:00,0.2517,0.2523,0.251,0.2523,307294.1
2025-05-01 10:25:00+09:00,0.2522,0.2529,0.2522,0.2528,85892.8
2025-05-01 10:30:00+09:00,0.2529,0.2534,0.2516,0.2518,136145.6
2025-05-01 10:35:00+09:00,0.2519,0.2522,0.2514,0.2516,87760.6
2025-05-01 10:40:00+09:00,0.2516,0.2519,0.2505,0.2509,391601.0
2025-05-01 10:45:00+09:00,0.2508,0.2514,0.2489,0.2489,429835.4
2025-05-01 10:50:00+09:00,0.2489,0.2499,0.2488,0.2494,165562.1
2025-05-01 10:55:00+09:00,0.2494,0.2496,0.2488,0.2496,60223.3
2025-05-01 11:00:00+09:00,0.2495,0.2501,0.249,0.2497,95419.6
2025-05-01 11:05:00+09:00,0.2497,0.2501,0.2492,0.2499,83501.1
2025-05-01 11:10:00+09:00,0.25,0.2502,0.2496,0.2498,33766.9
2025-05-01 11:15:00+09:00,0.2499,0.2515,0.2498,0.2513,104902.8
2025-05-01 11:20:00+09:00,0.2512,0.2516,0.2502,0.251,252325.8
2025-05-01 11:25:00+09:00,0.2509,0.2509,0.2501,0.2502,52629.3
2025-05-01 11:30:00+09:00,0.2502,0.2504,0.2498,0.2498,92708.3
2025-05-01 11:35:00+09:00,0.2499,0.2518,0.2499,0.2515,386083.3
2025-05-01 11:40:00+09:00,0.2516,0.2528,0.2515,0.2526,244061.3
2025-05-01 11:45:00+09:00,0.2526,0.2526,0.2513,0.2514,112388.5
2025-05-01 11:50:00+09:00,0.2514,0.2516,0.2509,0.251,317342.3
2025-05-01 11:55:00+09:00,0.251,0.2512,0.2504,0.2504,55935.2
2025-05-01 12:00:00+09:00,0.2505,0.2519,0.2505,0.2516,58704.9
2025-05-01 12:05:00+09:00,0.2515,0.2518,0.2509,0.251,23535.6
2025-05-01 12:10:00+09:00,0.251,0.2511,0.25,0.2504,78769.2
2025-05-01 12:15:00+09:00,0.2503,0.2503,0.2493,0.2493,39070.8
2025-05-01 12:20:00+09:00,0.2492,0.2502,0.249,0.2502,49760.4
2025-05-01 12:25:00+09:00,0.2502,0.2502,0.2491,0.2494,119083.5
2025-05-01 12:30:00+09:00,0.2494,0.2503,0.2493,0.2503,117803.6
2025-05-01 12:35:00+09:00,0.2503,0.2507,0.25,0.2502,77775.8
2025-05-01 12:40:00+09:00,0.2502,0.2502,0.2497,0.2499,100188.9
2025-05-01 12:45:00+09:00,0.2498,0.2498,0.2482,0.2484,247312.6
2025-05-01 12:50:00+09:00,0.2485,0.2487,0.2477,0.248,119070.2
2025-05-01 12:55:00+09:00,0.248,0.2485,0.2474,0.2484,103417.2
2025-05-01 13:00:00+09:00,0.2484,0.2488,0.2476,0.2478,146777.3
2025-05-01 13:05:00+09:00,0.2479,0.2485,0.2477,0.2485,69306.3
2025-05-01 13:10:00+09:00,0.2486,0.2489,0.2478,0.2478,134102.3
2025-05-01 13:15:00+09:00,0.2478,0.2478,0.247,0.247,157225.3
2025-05-01 13:20:00+09:00,0.247,0.2492,0.247,0.2486,73105.5
2025-05-01 13:25:00+09:00,0.2485,0.2486,0.2472,0.2474,100162.0
2025-05-01 13:30:00+09:00,0.2474,0.2476,0.2469,0.2473,107799.2
2025-05-01 13:35:00+09:00,0.2473,0.2477,0.2471,0.2473,46570.7
2025-05-01 13:40:00+09:00,0.2472,0.2484,0.2472,0.2479,126398.1
2025-05-01 13:45:00+09:00,0.2478,0.2491,0.2478,0.2489,38319.6
2025-05-01 13:50:00+09:00,0.2487,0.2491,0.2485,0.249,67347.3
2025-05-01 13:55:00+09:00,0.2491,0.2493,0.2486,0.2491,25373.0
2025-05-01 14:00:00+09:00,0.2491,0.2493,0.2487,0.2489,88941.2
2025-05-01 14:05:00+09:00,0.2489,0.2495,0.2487,0.2491,52856.4
2025-05-01 14:10:00+09:00,0.2491,0.2492,0.2481,0.2485,142715.3
2025-05-01 14:15:00+09:00,0.2484,0.2486,0.2481,0.2484,27165.0
2025-05-01 14:20:00+09:00,0.2482,0.2492,0.2482,0.2489,31639.0
2025-05-01 14:25:00+09:00,0.2483,0.2488,0.2481,0.2487,11953.1
2025-05-01 14:30:00+09:00,0.2487,0.249,0.2482,0.249,26068.2
2025-05-01 14:35:00+09:00,0.2489,0.2495,0.2488,0.2491,95659.3
2025-05-01 14:40:00+09:00,0.2491,0.2506,0.2489,0.25,118258.5
2025-05-01 14:45:00+09:00,0.25,0.2504,0.2494,0.2499,167737.2
2025-05-01 14:50:00+09:00,0.2498,0.2501,0.2494,0.2496,67720.0
2025-05-01 14:55:00+09:00,0.2497,0.2498,0.2494,0.2497,68155.8
2025-05-01 15:00:00+09:00,0.2497,0.2505,0.2496,0.2499,45246.4
2025-05-01 15:05:00+09:00,0.2499,0.2503,0.2491,0.2491,45048.2
2025-05-01 15:10:00+09:00,0.2492,0.2497,0.249,0.2493,39457.2
2025-05-01 15:15:00+09:00,0.2494,0.2504,0.2494,0.2504,62229.8
2025-05-01 15:20:00+09:00,0.2504,0.2508,0.2503,0.2506,46542.0
2025-05-01 15:25:00+09:00,0.2506,0.251,0.2503,0.2509,47152.4
2025-05-01 15:30:00+09:00,0.2508,0.251,0.2503,0.2505,44368.3
2025-05-01 15:35:00+09:00,0.2505,0.2512,0.2501,0.2504,74129.0
2025-05-01 15:40:00+09:00,0.2504,0.2509,0.2498,0.2503,93047.8
2025-05-01 15:45:00+09:00,0.2502,0.2507,0.2497,0.2498,97320.0
2025-05-01 15:50:00+09:00,0.2498,0.2504,0.2498,0.2503,99432.6
2025-05-01 15:55:00+09:00,0.2503,0.2505,0.2498,0.25,234113.4
2025-05-01 16:00:00+09:00,0.25,0.2502,0.2497,0.2502,47616.3
2025-05-01 16:05:00+09:00,0.2502,0.2503,0.2499,0.2502,45968.9
2025-05-01 16:10:00+09:00,0.2503,0.2504,0.2499,0.2504,26329.0
2025-05-01 16:15:00+09:00,0.2504,0.2506,0.2499,0.2502,93275.6
2025-05-01 16:20:00+09:00,0.2503,0.2524,0.2503,0.2522,455391.7
2025-05-01 16:25:00+09:00,0.2522,0.2522,0.251,0.2514,716297.6
2025-05-01 16:30:00+09:00,0.2513,0.2517,0.2511,0.2512,214593.3
2025-05-01 16:35:00+09:00,0.2511,0.2512,0.2508,0.2509,127777.5
2025-05-01 16:40:00+09:00,0.2508,0.2517,0.2507,0.2515,229117.1
2025-05-01 16:45:00+09:00,0.2515,0.252,0.2514,0.2516,73038.5
2025-05-01 16:50:00+09:00,0.2516,0.252,0.2516,0.2518,46058.3
2025-05-01 16:55:00+09:00,0.2518,0.2521,0.2516,0.2519,98348.6
2025-05-01 17:00:00+09:00,0.2518,0.2523,0.2514,0.2516,124252.1
2025-05-01 17:05:00+09:00,0.2516,0.2517,0.2504,0.2509,130618.9
2025-05-01 17:10:00+09:00,0.2509,0.2514,0.2507,0.251,70067.8
2025-05-01 17:15:00+09:00,0.251,0.2513,0.2506,0.2509,92427.7
2025-05-01 17:20:00+09:00,0.251,0.2511,0.2503,0.2503,79761.7
2025-05-01 17:25:00+09:00,0.2503,0.2504,0.2499,0.25,39738.2
2025-05-01 17:30:00+09:00,0.2501,0.2505,0.2496,0.2498,53110.4
2025-05-01 17:35:00+09:00,0.2497,0.2499,0.2493,0.2499,46604.4
2025-05-01 17:40:00+09:00,0.25,0.2508,0.2499,0.2505,58919.0
2025-05-01 17:45:00+09:00,0.2504,0.251,0.2504,0.2508,47471.5
2025-05-01 17:50:00+09:00,0.2508,0.2511,0.2503,0.2505,101335.5
2025-05-01 17:55:00+09:00,0.2506,0.2508,0.2501,0.2508,40059.1
2025-05-01 18:00:00+09:00,0.2509,0.2513,0.2506,0.2511,38066.3
2025-05-01 18:05:00+09:00,0.251,0.2514,0.2509,0.2511,19136.3
2025-05-01 18:10:00+09:00,0.251,0.2522,0.2509,0.252,159957.0
2025-05-01 18:15:00+09:00,0.2521,0.2528,0.2516,0.2526,123361.4
2025-05-01 18:20:00+09:00,0.2527,0.2531,0.2526,0.2528,126377.9
2025-05-01 18:25:00+09:00,0.2529,0.2535,0.2526,0.253,145337.0
2025-05-01 18:30:00+09:00,0.253,0.2536,0.2529,0.2536,73546.0
2025-05-01 18:35:00+09:00,0.2536,0.2538,0.2529,0.253,65328.7
2025-05-01 18:40:00+09:00,0.2531,0.2533,0.2519,0.252,110937.4
2025-05-01 18:45:00+09:00,0.252,0.2527,0.2518,0.252,74971.6
2025-05-01 18:50:00+09:00,0.2521,0.2524,0.2519,0.2521,65656.3
2025-05-01 18:55:00+09:00,0.2521,0.2522,0.2512,0.2512,111962.1
2025-05-01 19:00:00+09:00,0.2512,0.2521,0.2512,0.252,105223.1
2025-05-01 19:05:00+09:00,0.2521,0.2526,0.2521,0.2524,144252.8
2025-05-01 19:10:00+09:00,0.2525,0.2531,0.2522,0.253,68481.4
2025-05-01 19:15:00+09:00,0.253,0.2537,0.2524,0.2537,400656.1
2025-05-01 19:20:00+09:00,0.2538,0.254,0.2523,0.2528,171466.7
2025-05-01 19:25:00+09:00,0.2528,0.2533,0.2528,0.2531,118792.6
2025-05-01 19:30:00+09:00,0.2532,0.2538,0.2521,0.2522,192773.8
2025-05-01 19:35:00+09:00,0.2521,0.2525,0.2517,0.252,64768.6
2025-05-01 19:40:00+09:00,0.252,0.2528,0.2516,0.2527,113985.5
2025-05-01 19:45:00+09:00,0.2528,0.2528,0.2512,0.2514,139022.1
2025-05-01 19:50:00+09:00,0.2515,0.2524,0.2515,0.2521,130167.4
2025-05-01 19:55:00+09:00,0.2521,0.2525,0.2517,0.2525,61080.0
2025-05-01 20:00:00+09:00,0.2524,0.2531,0.2521,0.2526,133559.8
2025-05-01 20:05:00+09:00,0.2526,0.2527,0.2518,0.2521,81441.5
2025-05-01 20:10:00+09:00,0.2521,0.2529,0.252,0.2527,34674.5
2025-05-01 20:15:00+09:00,0.2527,0.2528,0.2522,0.2524,58304.7
2025-05-01 20:20:00+09:00,0.2525,0.2525,0.2482,0.2483,5672639.1
2025-05-01 20:25:00+09:00,0.2483,0.2492,0.2479,0.2481,1223924.3
2025-05-01 20:30:00+09:00,0.248,0.249,0.248,0.2487,414779.7
2025-05-01 20:35:00+09:00,0.2487,0.2496,0.2486,0.2493,264036.4
2025-05-01 20:40:00+09:00,0.2492,0.2498,0.2491,0.2497,268191.1
2025-05-01 20:45:00+09:00,0.2496,0.2498,0.2491,0.2493,105611.6
2025-05-01 20:50:00+09:00,0.2493,0.2499,0.2493,0.2498,90862.7
2025-05-01 20:55:00+09:00,0.25,0.2501,0.2497,0.2498,32871.0
2025-05-01 21:00:00+09:00,0.2498,0.25,0.249,0.2492,131906.2
2025-05-01 21:05:00+09:00,0.2492,0.2498,0.2489,0.2497,81891.4
2025-05-01 21:10:00+09:00,0.2498,0.2506,0.2498,0.2503,193225.1
2025-05-01 21:15:00+09:00,0.2503,0.2504,0.2497,0.2504,61844.2
2025-05-01 21:20:00+09:00,0.2504,0.251,0.2504,0.2509,60072.9
2025-05-01 21:25:00+09:00,0.2508,0.2508,0.2495,0.2496,71219.4
2025-05-01 21:30:00+09:00,0.2498,0.25,0.2489,0.2497,303998.3
2025-05-01 21:35:00+09:00,0.2497,0.2501,0.2495,0.2498,166911.1
2025-05-01 21:40:00+09:00,0.2498,0.2501,0.2497,0.2499,76503.2
2025-05-01 21:45:00+09:00,0.25,0.2503,0.2492,0.2497,84263.5
2025-05-01 21:50:00+09:00,0.2499,0.2505,0.2499,0.2505,40700.6
2025-05-01 21:55:00+09:00,0.2504,0.2506,0.2501,0.2505,24826.1
2025-05-01 22:00:00+09:00,0.2504,0.2504,0.2497,0.2499,108396.8
2025-05-01 22:05:00+09:00,0.2499,0.2499,0.2491,0.2494,133491.0
2025-05-01 22:10:00+09:00,0.2494,0.2497,0.2494,0.2496,65598.1
2025-05-01 22:15:00+09:00,0.2496,0.2498,0.2492,0.2497,48379.7
2025-05-01 22:20:00+09:00,0.2497,0.25,0.2493,0.2493,53273.4
2025-05-01 22:25:00+09:00,0.2493,0.2497,0.2491,0.2496,73133.0
2025-05-01 22:30:00+09:00,0.2495,0.25,0.2477,0.2483,564470.2
2025-05-01 22:35:00+09:00,0.2483,0.2485,0.2471,0.2475,334872.6
2025-05-01 22:40:00+09:00,0.2474,0.2477,0.2454,0.2472,508869.4
2025-05-01 22:45:00+09:00,0.2473,0.2475,0.2462,0.2469,192089.6
2025-05-01 22:50:00+09:00,0.247,0.2472,0.2449,0.2457,1301645.9
2025-05-01 22:55:00+09:00,0.2456,0.2456,0.2439,0.2447,820726.7
2025-05-01 23:00:00+09:00,0.2447,0.2467,0.2446,0.2466,444521.5
2025-05-01 23:05:00+09:00,0.2466,0.247,0.245,0.2456,2207319.5
2025-05-01 23:10:00+09:00,0.2455,0.2461,0.2445,0.2461,1410109.2
2025-05-01 23:15:00+09:00,0.2461,0.2467,0.2454,0.2462,1287533.1
2025-05-01 23:20:00+09:00,0.2464,0.2471,0.2464,0.247,152936.8
2025-05-01 23:25:00+09:00,0.247,0.2474,0.2466,0.2471,134665.7
2025-05-01 23:30:00+09:00,0.2471,0.2475,0.2461,0.2469,821599.4
2025-05-01 23:35:00+09:00,0.2468,0.248,0.2468,0.2478,190280.5
2025-05-01 23:40:00+09:00,0.2479,0.2482,0.2472,0.2473,118703.9
2025-05-01 23:45:00+09:00,0.2472,0.2481,0.2455,0.246,1584816.3
2025-05-01 23:50:00+09:00,0.246,0.2473,0.2455,0.2464,2379953.5
2025-05-01 23:55:00+09:00,0.2466,0.2471,0.2463,0.2469,321901.5
2025-05-02 00:00:00+09:00,0.2469,0.247,0.2462,0.2467,145982.6
2025-05-02 00:05:00+09:00,0.2468,0.2475,0.2466,0.2474,366302.6
2025-05-02 00:10:00+09:00,0.2475,0.249,0.2474,0.2488,216662.4
2025-05-02 00:15:00+09:00,0.2489,0.2489,0.2472,0.2473,225726.6
2025-05-02 00:20:00+09:00,0.2473,0.2476,0.2467,0.2472,477232.2
2025-05-02 00:25:00+09:00,0.2472,0.248,0.2472,0.2474,133519.9
2025-05-02 00:30:00+09:00,0.2474,0.2476,0.2462,0.2464,208399.1
2025-05-02 00:35:00+09:00,0.2464,0.2471,0.2463,0.2469,222916.2
2025-05-02 00:40:00+09:00,0.2469,0.2473,0.2466,0.2466,148745.0
2025-05-02 00:45:00+09:00,0.2465,0.2467,0.245,0.2451,240552.2
2025-05-02 00:50:00+09:00,0.2451,0.2459,0.245,0.2453,132744.4
2025-05-02 00:55:00+09:00,0.2452,0.2453,0.2442,0.2449,188297.9
2025-05-02 01:00:00+09:00,0.2449,0.246,0.2448,0.2459,196874.6
2025-05-02 01:05:00+09:00,0.246,0.2464,0.2448,0.2454,960078.1
2025-05-02 01:10:00+09:00,0.2454,0.2459,0.2453,0.2456,158569.4
2025-05-02 01:15:00+09:00,0.2456,0.2456,0.1891,0.2138,19509547.7
2025-05-02 01:20:00+09:00,0.2142,0.2331,0.2138,0.2282,15904190.2
2025-05-02 01:25:00+09:00,0.2281,0.2316,0.1951,0.2127,17776580.1
2025-05-02 01:30:00+09:00,0.2127,0.2149,0.2045,0.208,12156056.7
2025-05-02 01:35:00+09:00,0.208,0.2114,0.1993,0.2067,8158598.0
2025-05-02 01:40:00+09:00,0.2067,0.2121,0.2065,0.2087,4164599.6
2025-05-02 01:45:00+09:00,0.2087,0.2114,0.206,0.2098,3296912.3
2025-05-02 01:50:00+09:00,0.21,0.2107,0.204,0.2063,4479999.8
2025-05-02 01:55:00+09:00,0.2063,0.2117,0.1994,0.2084,5528804.0
2025-05-02 02:00:00+09:00,0.2084,0.2135,0.2084,0.2109,4248882.0
2025-05-02 02:05:00+09:00,0.2108,0.2112,0.2068,0.208,2381044.8
2025-05-02 02:10:00+09:00,0.208,0.2094,0.2067,0.2078,1844374.5
2025-05-02 02:15:00+09:00,0.2077,0.2094,0.2048,0.2053,2949812.1
2025-05-02 02:20:00+09:00,0.2053,0.2095,0.2053,0.2081,2108803.0
2025-05-02 02:25:00+09:00,0.2081,0.2081,0.2038,0.2054,2569864.4
2025-05-02 02:30:00+09:00,0.2053,0.2066,0.2046,0.2051,1841784.9
2025-05-02 02:35:00+09:00,0.2051,0.2053,0.201,0.2018,1706170.4
2025-05-02 02:40:00+09:00,0.2018,0.2023,0.1989,0.1993,2183201.6
2025-05-02 02:45:00+09:00,0.1992,0.2016,0.198,0.2015,2752365.5
2025-05-02 02:50:00+09:00,0.2016,0.2094,0.2011,0.2085,4640510.2
2025-05-02 02:55:00+09:00,0.2085,0.2086,0.203,0.2035,2147811.5
2025-05-02 03:00:00+09:00,0.2035,0.2045,0.2012,0.2019,2381004.8
2025-05-02 03:05:00+09:00,0.2018,0.2034,0.2004,0.2031,2483626.2
2025-05-02 03:10:00+09:00,0.203,0.2035,0.2015,0.2027,1290098.7
2025-05-02 03:15:00+09:00,0.2027,0.2029,0.1994,0.2004,3660773.9
2025-05-02 03:20:00+09:00,0.2004,0.2031,0.2003,0.2014,1397176.2
2025-05-02 03:25:00+09:00,0.2015,0.203,0.2008,0.203,1008319.8
2025-05-02 03:30:00+09:00,0.2031,0.2032,0.2015,0.2021,1169044.1
2025-05-02 03:35:00+09:00,0.2021,0.2039,0.201,0.2034,941245.9
2025-05-02 03:40:00+09:00,0.2034,0.2052,0.203,0.2044,983990.6
2025-05-02 03:45:00+09:00,0.2044,0.2058,0.2036,0.2042,1395958.2
2025-05-02 03:50:00+09:00,0.2041,0.2047,0.203,0.2044,863825.8
2025-05-02 03:55:00+09:00,0.2045,0.2046,0.2022,0.2028,926731.4
2025-05-02 04:00:00+09:00,0.2029,0.2042,0.2023,0.2034,651188.7
2025-05-02 04:05:00+09:00,0.2033,0.2035,0.2006,0.2019,991836.3
2025-05-02 04:10:00+09:00,0.2018,0.202,0.2001,0.2002,833675.9
2025-05-02 04:15:00+09:00,0.2002,0.2011,0.1996,0.2003,1129685.2
2025-05-02 04:20:00+09:00,0.2003,0.2011,0.1996,0.1998,769049.5
2025-05-02 04:25:00+09:00,0.1998,0.2014,0.1991,0.2009,856462.4
2025-05-02 04:30:00+09:00,0.2009,0.2009,0.1975,0.199,2202049.1
2025-05-02 04:35:00+09:00,0.1991,0.1992,0.198,0.1988,759524.3
2025-05-02 04:40:00+09:00,0.1988,0.1989,0.1886,0.1917,6056277.3
2025-05-02 04:45:00+09:00,0.1917,0.1967,0.1915,0.1956,2898815.3
2025-05-02 04:50:00+09:00,0.1957,0.1972,0.1955,0.197,725389.9
2025-05-02 04:55:00+09:00,0.197,0.1975,0.1955,0.1958,1776108.5
2025-05-02 05:00:00+09:00,0.1957,0.1963,0.1942,0.1951,1863154.0
2025-05-02 05:05:00+09:00,0.1951,0.1958,0.1932,0.1953,1617185.5
2025-05-02 05:10:00+09:00,0.1953,0.1998,0.1951,0.1988,1451088.6
2025-05-02 05:15:00+09:00,0.1987,0.2018,0.1979,0.2004,1336770.8
2025-05-02 05:20:00+09:00,0.2004,0.2004,0.1984,0.199,834924.7
2025-05-02 05:25:00+09:00,0.199,0.2006,0.199,0.2001,873063.4
2025-05-02 05:30:00+09:00,0.2002,0.2007,0.1983,0.1989,1040511.7
2025-05-02 05:35:00+09:00,0.1989,0.1996,0.1979,0.1987,926259.8
2025-05-02 05:40:00+09:00,0.1986,0.1987,0.1965,0.1968,785788.7
2025-05-02 05:45:00+09:00,0.1968,0.1985,0.1964,0.1982,829340.3
2025-05-02 05:50:00+09:00,0.1982,0.1996,0.1974,0.1996,534724.6
2025-05-02 05:55:00+09:00,0.1996,0.2005,0.1992,0.2002,401204.7
2025-05-02 06:00:00+09:00,0.2003,0.2005,0.1987,0.1993,590115.4
2025-05-02 06:05:00+09:00,0.1993,0.202,0.1993,0.2018,889447.2
2025-05-02 06:10:00+09:00,0.2018,0.2024,0.1993,0.1994,692565.0
2025-05-02 06:15:00+09:00,0.1993,0.2003,0.1987,0.1992,536747.7
2025-05-02 06:20:00+09:00,0.1992,0.2008,0.1988,0.2,523953.1
2025-05-02 06:25:00+09:00,0.1998,0.2014,0.1998,0.2001,322745.7
2025-05-02 06:30:00+09:00,0.2001,0.2003,0.1989,0.2001,595068.1
2025-05-02 06:35:00+09:00,0.2001,0.2001,0.1989,0.1992,572945.8
2025-05-02 06:40:00+09:00,0.1991,0.1994,0.1988,0.1992,451773.5
2025-05-02 06:45:00+09:00,0.1993,0.2007,0.1967,0.1975,850689.0
2025-05-02 06:50:00+09:00,0.1975,0.1982,0.1971,0.1972,389023.9
2025-05-02 06:55:00+09:00,0.1972,0.1976,0.1947,0.1948,559858.6
2025-05-02 07:00:00+09:00,0.1949,0.1978,0.1942,0.1955,1255724.4
2025-05-02 07:05:00+09:00,0.1956,0.1972,0.1947,0.1955,961234.8
2025-05-02 07:10:00+09:00,0.1954,0.1954,0.1941,0.1949,790112.8
2025-05-02 07:15:00+09:00,0.195,0.195,0.1934,0.194,897538.1
2025-05-02 07:20:00+09:00,0.194,0.195,0.1933,0.1933,611447.7
2025-05-02 07:25:00+09:00,0.1933,0.1937,0.1916,0.1933,1452282.5
2025-05-02 07:30:00+09:00,0.1933,0.1948,0.1932,0.1944,791366.3
2025-05-02 07:35:00+09:00,0.1944,0.1948,0.1923,0.1931,727098.3
2025-05-02 07:40:00+09:00,0.1932,0.1947,0.1925,0.194,968072.7
2025-05-02 07:45:00+09:00,0.194,0.1952,0.1933,0.1935,478152.0
2025-05-02 07:50:00+09:00,0.1935,0.195,0.1931,0.1937,965597.4
2025-05-02 07:55:00+09:00,0.1936,0.1946,0.1928,0.1931,577076.8
2025-05-02 08:00:00+09:00,0.1931,0.1938,0.1917,0.1923,845653.5
2025-05-02 08:05:00+09:00,0.1922,0.193,0.1915,0.193,1771742.3
2025-05-02 08:10:00+09:00,0.1929,0.1943,0.1928,0.1941,591377.4
2025-05-02 08:15:00+09:00,0.1941,0.1944,0.1929,0.1931,451267.9
2025-05-02 08:20:00+09:00,0.193,0.1939,0.1897,0.191,1710168.4
2025-05-02 08:25:00+09:00,0.191,0.191,0.1859,0.1885,2838491.8
2025-05-02 08:30:00+09:00,0.1887,0.1887,0.1807,0.1842,3348674.4
2025-05-02 08:35:00+09:00,0.1841,0.1858,0.1836,0.1841,1267611.1
2025-05-02 08:40:00+09:00,0.184,0.1875,0.1838,0.1874,1967878.9
2025-05-02 08:45:00+09:00,0.1874,0.1889,0.1868,0.1872,1363038.7
2025-05-02 08:50:00+09:00,0.1871,0.1883,0.1869,0.1875,621571.4
2025-05-02 08:55:00+09:00,0.1876,0.1881,0.1853,0.1864,1141656.8
2025-05-02 09:00:00+09:00,0.1863,0.1945,0.1855,0.1913,5838543.1
2025-05-02 09:05:00+09:00,0.1913,0.1987,0.1903,0.1984,3674494.3
2025-05-02 09:10:00+09:00,0.1984,0.2145,0.1962,0.2059,6561051.4
2025-05-02 09:15:00+09:00,0.206,0.2072,0.2018,0.2049,5025632.5
2025-05-02 09:20:00+09:00,0.205,0.2067,0.1999,0.2013,2174808.9
2025-05-02 09:25:00+09:00,0.2013,0.2028,0.1971,0.1997,1886151.7
2025-05-02 09:30:00+09:00,0.1997,0.2021,0.197,0.1972,1440728.6
2025-05-02 09:35:00+09:00,0.1972,0.2018,0.1958,0.2008,1864143.8
2025-05-02 09:40:00+09:00,0.2008,0.2027,0.2006,0.2017,1158899.5
2025-05-02 09:45:00+09:00,0.2019,0.2019,0.2001,0.2013,866533.8
2025-05-02 09:50:00+09:00,0.2011,0.2025,0.1995,0.1997,1023590.8
2025-05-02 09:55:00+09:00,0.1998,0.2003,0.1986,0.1994,1070294.4
2025-05-02 10:00:00+09:00,0.1993,0.2001,0.198,0.1982,768013.8
2025-05-02 10:05:00+09:00,0.1981,0.1994,0.1952,0.1989,1091658.5
2025-05-02 10:10:00+09:00,0.199,0.1998,0.1979,0.1989,505961.7
2025-05-02 10:15:00+09:00,0.1988,0.1999,0.1985,0.1987,323866.4
2025-05-02 10:20:00+09:00,0.1987,0.1991,0.1973,0.199,338395.3
2025-05-02 10:25:00+09:00,0.1989,0.2004,0.1986,0.1992,537939.2
2025-05-02 10:30:00+09:00,0.1993,0.1993,0.1963,0.1968,503957.5
2025-05-02 10:35:00+09:00,0.1969,0.1975,0.193,0.1946,1587826.8
2025-05-02 10:40:00+09:00,0.1949,0.1951,0.1924,0.1939,511608.5
2025-05-02 10:45:00+09:00,0.194,0.1959,0.1931,0.1956,636108.6
2025-05-02 10:50:00+09:00,0.1957,0.1979,0.1953,0.196,505275.7
2025-05-02 10:55:00+09:00,0.1961,0.1978,0.1961,0.1974,212475.6
2025-05-02 11:00:00+09:00,0.1974,0.1978,0.1966,0.1971,296326.3
2025-05-02 11:05:00+09:00,0.197,0.197,0.1941,0.1949,588291.4
2025-05-02 11:10:00+09:00,0.195,0.1958,0.1938,0.1941,473034.2
2025-05-02 11:15:00+09:00,0.1941,0.1952,0.1936,0.1941,365288.6
2025-05-02 11:20:00+09:00,0.1941,0.1955,0.1937,0.1953,372953.8
2025-05-02 11:25:00+09:00,0.1953,0.1955,0.1931,0.1947,379497.1
2025-05-02 11:30:00+09:00,0.1947,0.1956,0.1944,0.1956,214428.1
2025-05-02 11:35:00+09:00,0.1954,0.1962,0.1948,0.1959,260819.9
2025-05-02 11:40:00+09:00,0.1958,0.198,0.1958,0.198,489646.3
2025-05-02 11:45:00+09:00,0.1979,0.1983,0.1955,0.1965,1495958.2
2025-05-02 11:50:00+09:00,0.1964,0.2061,0.1964,0.2049,2033472.9
2025-05-02 11:55:00+09:00,0.2047,0.2073,0.2003,0.2009,2550364.4
2025-05-02 12:00:00+09:00,0.2008,0.202,0.1992,0.1995,1027444.9
2025-05-02 12:05:00+09:00,0.1995,0.2005,0.199,0.1995,696210.5
2025-05-02 12:10:00+09:00,0.1994,0.2,0.1976,0.1988,1103884.2
2025-05-02 12:15:00+09:00,0.1986,0.1987,0.195,0.198,1693019.0
2025-05-02 12:20:00+09:00,0.198,0.1997,0.1971,0.1993,817604.5
2025-05-02 12:25:00+09:00,0.1992,0.2,0.1988,0.1997,540872.0
2025-05-02 12:30:00+09:00,0.1997,0.2009,0.1995,0.2007,609767.7
2025-05-02 12:35:00+09:00,0.2009,0.2012,0.1989,0.1989,389019.0
2025-05-02 12:40:00+09:00,0.1988,0.2001,0.1984,0.1996,532203.6
2025-05-02 12:45:00+09:00,0.1996,0.2009,0.199,0.199,406599.3
2025-05-02 12:50:00+09:00,0.1991,0.1993,0.1979,0.1989,271474.3
2025-05-02 12:55:00+09:00,0.1989,0.1995,0.198,0.1988,244311.5
2025-05-02 13:00:00+09:00,0.1988,0.1988,0.196,0.1975,1185943.5
2025-05-02 13:05:00+09:00,0.1975,0.1982,0.1967,0.1974,361919.2
2025-05-02 13:10:00+09:00,0.1973,0.1983,0.1972,0.1979,312415.8
2025-05-02 13:15:00+09:00,0.198,0.198,0.1965,0.197,326224.4
2025-05-02 13:20:00+09:00,0.197,0.1975,0.1957,0.1961,324548.7
2025-05-02 13:25:00+09:00,0.1961,0.1975,0.1959,0.1965,416250.4
2025-05-02 13:30:00+09:00,0.1965,0.1968,0.1943,0.1951,746710.0
2025-05-02 13:35:00+09:00,0.1952,0.1959,0.1943,0.1946,396766.7
2025-05-02 13:40:00+09:00,0.1946,0.1951,0.1937,0.1947,489354.9
2025-05-02 13:45:00+09:00,0.1947,0.1957,0.1932,0.1955,387001.1
2025-05-02 13:50:00+09:00,0.1955,0.1966,0.1951,0.1959,443170.1
2025-05-02 13:55:00+09:00,0.1958,0.1962,0.1954,0.1962,301964.6
2025-05-02 14:00:00+09:00,0.1961,0.1971,0.1959,0.1971,294153.0
2025-05-02 14:05:00+09:00,0.1972,0.1981,0.1964,0.1978,625257.9
2025-05-02 14:10:00+09:00,0.1978,0.1984,0.1971,0.1975,513004.5
2025-05-02 14:15:00+09:00,0.1973,0.1976,0.1957,0.1962,419917.9
2025-05-02 14:20:00+09:00,0.1962,0.1965,0.195,0.1953,384041.6
2025-05-02 14:25:00+09:00,0.1952,0.1957,0.1948,0.1954,229008.3
2025-05-02 14:30:00+09:00,0.1955,0.1959,0.1949,0.195,259213.5
2025-05-02 14:35:00+09:00,0.195,0.1964,0.1946,0.1963,287284.6
2025-05-02 14:40:00+09:00,0.1963,0.1973,0.196,0.1969,257558.1
2025-05-02 14:45:00+09:00,0.1969,0.1976,0.1964,0.197,212520.3
2025-05-02 14:50:00+09:00,0.1971,0.1972,0.1947,0.1959,606593.1
2025-05-02 14:55:00+09:00,0.1958,0.1969,0.1956,0.1966,311162.1
2025-05-02 15:00:00+09:00,0.1965,0.1965,0.1948,0.1956,561571.3
2025-05-02 15:05:00+09:00,0.1955,0.1968,0.1954,0.1967,361328.7
2025-05-02 15:10:00+09:00,0.1967,0.1967,0.1949,0.1955,445199.3
2025-05-02 15:15:00+09:00,0.1955,0.196,0.195,0.1959,261547.8
2025-05-02 15:20:00+09:00,0.1958,0.1969,0.1956,0.1966,390803.2
2025-05-02 15:25:00+09:00,0.1967,0.1981,0.1965,0.1973,551223.5
2025-05-02 15:30:00+09:00,0.1972,0.198,0.196,0.1966,303919.2
2025-05-02 15:35:00+09:00,0.1966,0.197,0.1957,0.1961,304556.3
2025-05-02 15:40:00+09:00,0.1961,0.1975,0.196,0.1968,268404.3
2025-05-02 15:45:00+09:00,0.1966,0.1967,0.1958,0.1967,256894.7
2025-05-02 15:50:00+09:00,0.1966,0.1975,0.1965,0.1974,261967.4
2025-05-02 15:55:00+09:00,0.1974,0.1975,0.196,0.1962,263295.5
2025-05-02 16:00:00+09:00,0.1963,0.1966,0.1952,0.1954,404384.0
2025-05-02 16:05:00+09:00,0.1953,0.1961,0.1949,0.1955,204867.3
2025-05-02 16:10:00+09:00,0.1955,0.1959,0.1952,0.1956,290314.8
2025-05-02 16:15:00+09:00,0.1957,0.1967,0.1953,0.1964,278897.3
2025-05-02 16:20:00+09:00,0.1964,0.1967,0.1959,0.1962,134447.0
2025-05-02 16:25:00+09:00,0.1962,0.1968,0.1958,0.1962,298216.8
2025-05-02 16:30:00+09:00,0.1963,0.1968,0.1959,0.1962,202589.2
2025-05-02 16:35:00+09:00,0.1961,0.1965,0.1952,0.1954,339722.0
2025-05-02 16:40:00+09:00,0.1954,0.1954,0.1943,0.1949,470153.9
2025-05-02 16:45:00+09:00,0.1948,0.1956,0.1947,0.1951,298113.9
2025-05-02 16:50:00+09:00,0.195,0.1955,0.1945,0.1949,333170.7
2025-05-02 16:55:00+09:00,0.1948,0.1951,0.1944,0.195,355065.3
2025-05-02 17:00:00+09:00,0.1949,0.1949,0.1908,0.1929,1890088.8
2025-05-02 17:05:00+09:00,0.1928,0.194,0.1922,0.1937,313734.1
2025-05-02 17:10:00+09:00,0.1936,0.1944,0.193,0.1934,492393.6
2025-05-02 17:15:00+09:00,0.1933,0.1949,0.1927,0.194,463959.5
2025-05-02 17:20:00+09:00,0.194,0.1942,0.1932,0.194,247069.6
2025-05-02 17:25:00+09:00,0.194,0.1947,0.1939,0.1946,184056.7
2025-05-02 17:30:00+09:00,0.1946,0.1957,0.1945,0.1952,597455.2
2025-05-02 17:35:00+09:00,0.195,0.1953,0.1948,0.1949,251635.1
2025-05-02 17:40:00+09:00,0.1949,0.1953,0.1947,0.1953,273582.5
2025-05-02 17:45:00+09:00,0.1953,0.1956,0.1946,0.1947,254931.8
2025-05-02 17:50:00+09:00,0.1947,0.1957,0.1947,0.1952,586265.9
2025-05-02 17:55:00+09:00,0.1953,0.1955,0.1947,0.1951,217140.9
2025-05-02 18:00:00+09:00,0.1951,0.1951,0.1933,0.194,383986.8
2025-05-02 18:05:00+09:00,0.194,0.1946,0.1936,0.1942,332394.1
2025-05-02 18:10:00+09:00,0.1943,0.1948,0.1941,0.1946,209740.1
2025-05-02 18:15:00+09:00,0.1945,0.1946,0.194,0.1942,203446.3
2025-05-02 18:20:00+09:00,0.1942,0.1951,0.1941,0.195,196076.3
2025-05-02 18:25:00+09:00,0.195,0.1951,0.1942,0.195,196044.0
2025-05-02 18:30:00+09:00,0.195,0.1958,0.195,0.1951,424023.9
2025-05-02 18:35:00+09:00,0.1952,0.1968,0.1952,0.1966,623009.4
2025-05-02 18:40:00+09:00,0.1967,0.1977,0.1965,0.1967,569827.5
2025-05-02 18:45:00+09:00,0.1965,0.1974,0.196,0.1966,314430.7
2025-05-02 18:50:00+09:00,0.1967,0.1969,0.1955,0.1965,361575.5
2025-05-02 18:55:00+09:00,0.1965,0.1968,0.1959,0.1963,213586.3
2025-05-02 19:00:00+09:00,0.1963,0.1963,0.1952,0.1959,492656.1
2025-05-02 19:05:00+09:00,0.1959,0.1966,0.1958,0.1964,198526.5
2025-05-02 19:10:00+09:00,0.1964,0.1976,0.1962,0.1969,381377.1
2025-05-02 19:15:00+09:00,0.1968,0.1969,0.196,0.1963,299994.2
2025-05-02 19:20:00+09:00,0.1962,0.198,0.1962,0.1977,395532.6
2025-05-02 19:25:00+09:00,0.1977,0.1995,0.1977,0.1991,574488.0
2025-05-02 19:30:00+09:00,0.199,0.2005,0.1984,0.1987,736998.1
2025-05-02 19:35:00+09:00,0.1987,0.1987,0.1978,0.1983,303183.0
2025-05-02 19:40:00+09:00,0.1983,0.1985,0.1972,0.1984,346571.0
2025-05-02 19:45:00+09:00,0.1984,0.1988,0.1974,0.1982,468154.4
2025-05-02 19:50:00+09:00,0.198,0.2005,0.1978,0.2002,596867.1
2025-05-02 19:55:00+09:00,0.2003,0.2021,0.1997,0.2005,1131376.4
2025-05-02 20:00:00+09:00,0.2005,0.2076,0.2001,0.205,2883289.6
2025-05-02 20:05:00+09:00,0.205,0.2059,0.2017,0.2023,1166283.2
2025-05-02 20:10:00+09:00,0.2023,0.2028,0.201,0.2017,1036509.6
2025-05-02 20:15:00+09:00,0.2016,0.2016,0.1992,0.2001,801285.8
2025-05-02 20:20:00+09:00,0.2002,0.2006,0.1989,0.1994,538287.3
2025-05-02 20:25:00+09:00,0.1995,0.1996,0.1981,0.199,599233.6
2025-05-02 20:30:00+09:00,0.199,0.1999,0.1983,0.1984,486330.2
2025-05-02 20:35:00+09:00,0.1984,0.1993,0.1981,0.1983,364798.8
2025-05-02 20:40:00+09:00,0.1984,0.1994,0.1977,0.198,629611.5
2025-05-02 20:45:00+09:00,0.198,0.1984,0.1966,0.1981,585886.3
2025-05-02 20:50:00+09:00,0.198,0.1992,0.1979,0.1988,317900.1
2025-05-02 20:55:00+09:00,0.1987,0.1999,0.1985,0.1998,480923.4
2025-05-02 21:00:00+09:00,0.1999,0.1999,0.1969,0.1986,1380927.4
2025-05-02 21:05:00+09:00,0.1986,0.1998,0.1985,0.1991,458677.4
2025-05-02 21:10:00+09:00,0.199,0.1995,0.1983,0.1987,305074.7
2025-05-02 21:15:00+09:00,0.1988,0.1991,0.1975,0.198,367071.3
2025-05-02 21:20:00+09:00,0.1979,0.1981,0.197,0.1978,251102.4
2025-05-02 21:25:00+09:00,0.1978,0.1994,0.1976,0.1989,347145.8
2025-05-02 21:30:00+09:00,0.1989,0.2007,0.1979,0.1981,1041257.9
2025-05-02 21:35:00+09:00,0.1982,0.2003,0.1981,0.1993,373183.0
2025-05-02 21:40:00+09:00,0.1994,0.1995,0.1983,0.1987,253143.3
2025-05-02 21:45:00+09:00,0.1986,0.1996,0.1983,0.1994,227096.0
2025-05-02 21:50:00+09:00,0.1997,0.1998,0.1981,0.1987,339592.0
2025-05-02 21:55:00+09:00,0.1987,0.2002,0.1983,0.1995,281227.0
2025-05-02 22:00:00+09:00,0.1996,0.2016,0.1994,0.2004,714001.5
2025-05-02 22:05:00+09:00,0.2004,0.2009,0.1997,0.2,386793.6
2025-05-02 22:10:00+09:00,0.1999,0.1999,0.1976,0.1985,654281.1
2025-05-02 22:15:00+09:00,0.1985,0.1993,0.1984,0.1986,303662.8
2025-05-02 22:20:00+09:00,0.1987,0.1989,0.1973,0.198,732687.8
2025-05-02 22:25:00+09:00,0.198,0.1985,0.1979,0.1985,262286.7
2025-05-02 22:30:00+09:00,0.1986,0.1994,0.1982,0.1988,283174.3
2025-05-02 22:35:00+09:00,0.1988,0.1991,0.1981,0.1989,223366.6
2025-05-02 22:40:00+09:00,0.199,0.1995,0.1986,0.1991,361252.3
2025-05-02 22:45:00+09:00,0.1993,0.1997,0.1987,0.1992,332710.8
2025-05-02 22:50:00+09:00,0.1993,0.1998,0.1988,0.1996,456043.5
2025-05-02 22:55:00+09:00,0.1996,0.2013,0.1994,0.2003,1102205.1
2025-05-02 23:00:00+09:00,0.2003,0.2005,0.1987,0.199,1094437.9
2025-05-02 23:05:00+09:00,0.199,0.2001,0.199,0.1995,387972.6
2025-05-02 23:10:00+09:00,0.1994,0.1996,0.1988,0.1991,306477.7
2025-05-02 23:15:00+09:00,0.1991,0.1996,0.1984,0.1986,216122.6
2025-05-02 23:20:00+09:00,0.1986,0.1991,0.1983,0.1988,372612.9
2025-05-02 23:25:00+09:00,0.1988,0.1997,0.1987,0.1996,210703.0
2025-05-02 23:30:00+09:00,0.1997,0.1998,0.199,0.1994,265266.0
2025-05-02 23:35:00+09:00,0.1994,0.1998,0.199,0.1997,225083.7
2025-05-02 23:40:00+09:00,0.1997,0.1997,0.1984,0.199,336939.6
2025-05-02 23:45:00+09:00,0.1989,0.1993,0.1988,0.1992,154319.2
2025-05-02 23:50:00+09:00,0.1992,0.1996,0.1987,0.1993,255276.7
2025-05-02 23:55:00+09:00,0.1992,0.1998,0.1991,0.1997,179883.9
2025-05-03 00:00:00+09:00,0.1997,0.2,0.1985,0.1987,420882.1
2025-05-03 00:05:00+09:00,0.1987,0.199,0.1978,0.198,556197.7
2025-05-03 00:10:00+09:00,0.1981,0.1985,0.1959,0.1962,1920042.6
2025-05-03 00:15:00+09:00,0.1963,0.1977,0.1963,0.1973,617571.1
2025-05-03 00:20:00+09:00,0.1972,0.1974,0.1948,0.1957,1232340.5
2025-05-03 00:25:00+09:00,0.1957,0.1961,0.1952,0.196,757787.9
2025-05-03 00:30:00+09:00,0.196,0.1971,0.1957,0.1971,623663.8
2025-05-03 00:35:00+09:00,0.1972,0.1975,0.1967,0.1974,631070.9
2025-05-03 00:40:00+09:00,0.1974,0.198,0.1973,0.1974,449167.0
2025-05-03 00:45:00+09:00,0.1976,0.1984,0.1974,0.198,369035.8
2025-05-03 00:50:00+09:00,0.1981,0.1981,0.1973,0.1976,362937.3
2025-05-03 00:55:00+09:00,0.1976,0.1994,0.1976,0.1992,514714.5
2025-05-03 01:00:00+09:00,0.1992,0.1992,0.1965,0.198,1059562.3
2025-05-03 01:05:00+09:00,0.198,0.1981,0.1959,0.1965,732968.2
2025-05-03 01:10:00+09:00,0.1967,0.1993,0.1954,0.1964,3874321.6
2025-05-03 01:15:00+09:00,0.1964,0.1969,0.1961,0.1965,575827.8
2025-05-03 01:20:00+09:00,0.1964,0.1965,0.195,0.1954,810649.2
2025-05-03 01:25:00+09:00,0.1953,0.1961,0.1953,0.1959,516950.0
2025-05-03 01:30:00+09:00,0.1958,0.1964,0.1954,0.1956,296186.1
2025-05-03 01:35:00+09:00,0.1956,0.1967,0.1956,0.1963,372887.5
2025-05-03 01:40:00+09:00,0.1964,0.1964,0.1958,0.1961,188150.5
2025-05-03 01:45:00+09:00,0.1961,0.1962,0.1954,0.1955,282196.5
2025-05-03 01:50:00+09:00,0.1954,0.1959,0.1948,0.1956,439892.1
2025-05-03 01:55:00+09:00,0.1956,0.1958,0.1947,0.195,461020.7
2025-05-03 02:00:00+09:00,0.195,0.1953,0.1937,0.1942,942641.7
2025-05-03 02:05:00+09:00,0.1943,0.1962,0.1942,0.1954,514466.9
2025-05-03 02:10:00+09:00,0.1955,0.1961,0.1955,0.196,188119.1
2025-05-03 02:15:00+09:00,0.1961,0.1962,0.1957,0.1957,228482.1
2025-05-03 02:20:00+09:00,0.1957,0.1966,0.1957,0.1964,572591.4
2025-05-03 02:25:00+09:00,0.1965,0.1969,0.196,0.1962,763268.5
2025-05-03 02:30:00+09:00,0.1961,0.1962,0.1952,0.196,256615.1
2025-05-03 02:35:00+09:00,0.1961,0.1964,0.1959,0.1961,138398.6
2025-05-03 02:40:00+09:00,0.1961,0.1962,0.1957,0.1959,182421.9
2025-05-03 02:45:00+09:00,0.1959,0.1959,0.1956,0.1959,142740.4
2025-05-03 02:50:00+09:00,0.1958,0.1965,0.1957,0.1961,130027.1
2025-05-03 02:55:00+09:00,0.1961,0.1964,0.196,0.1963,109298.6
2025-05-03 03:00:00+09:00,0.1962,0.1966,0.1957,0.1959,555553.8
2025-05-03 03:05:00+09:00,0.196,0.197,0.196,0.1968,395814.4
2025-05-03 03:10:00+09:00,0.1968,0.1969,0.1962,0.1963,213865.6
2025-05-03 03:15:00+09:00,0.1963,0.1963,0.1955,0.1962,524783.6
2025-05-03 03:20:00+09:00,0.1962,0.1962,0.1955,0.1957,109379.3
2025-05-03 03:25:00+09:00,0.1956,0.1958,0.195,0.1951,215594.2
2025-05-03 03:30:00+09:00,0.1951,0.1958,0.195,0.1958,123941.0
2025-05-03 03:35:00+09:00,0.1958,0.196,0.1956,0.1957,166982.3
2025-05-03 03:40:00+09:00,0.1957,0.1959,0.1953,0.1955,412460.7
2025-05-03 03:45:00+09:00,0.1955,0.1958,0.1951,0.1951,284433.2
2025-05-03 03:50:00+09:00,0.1951,0.1951,0.1946,0.1947,149579.0
2025-05-03 03:55:00+09:00,0.1947,0.1949,0.1943,0.1949,130742.3
2025-05-03 04:00:00+09:00,0.1949,0.1949,0.1937,0.1939,258138.1
2025-05-03 04:05:00+09:00,0.1938,0.1942,0.1933,0.1935,450891.1
2025-05-03 04:10:00+09:00,0.1935,0.1936,0.1923,0.1927,562904.7
2025-05-03 04:15:00+09:00,0.1926,0.1926,0.1919,0.1923,404107.5
2025-05-03 04:20:00+09:00,0.1923,0.1926,0.1919,0.1925,402367.2
2025-05-03 04:25:00+09:00,0.1925,0.1925,0.1919,0.1921,267306.5
2025-05-03 04:30:00+09:00,0.1921,0.1924,0.1916,0.1918,563135.8
2025-05-03 04:35:00+09:00,0.1918,0.1925,0.1915,0.192,495235.1
2025-05-03 04:40:00+09:00,0.1921,0.1921,0.1913,0.1916,748048.1
2025-05-03 04:45:00+09:00,0.1916,0.1919,0.1897,0.19,1313495.6
2025-05-03 04:50:00+09:00,0.19,0.1909,0.1899,0.1905,469856.0
2025-05-03 04:55:00+09:00,0.1905,0.1912,0.1903,0.1912,231047.6
2025-05-03 05:00:00+09:00,0.1911,0.1911,0.1896,0.1906,747552.2
2025-05-03 05:05:00+09:00,0.1906,0.1923,0.1906,0.1921,427061.3
2025-05-03 05:10:00+09:00,0.192,0.1924,0.1911,0.1914,349564.8
2025-05-03 05:15:00+09:00,0.1915,0.1918,0.1912,0.1912,120218.8
2025-05-03 05:20:00+09:00,0.1912,0.1917,0.1909,0.1916,105459.3
2025-05-03 05:25:00+09:00,0.1916,0.1923,0.1915,0.1918,534142.8
2025-05-03 05:30:00+09:00,0.1917,0.1923,0.1912,0.1923,247026.3
2025-05-03 05:35:00+09:00,0.1923,0.1926,0.1922,0.1923,279304.6
2025-05-03 05:40:00+09:00,0.1924,0.1929,0.1921,0.1922,227818.2
2025-05-03 05:45:00+09:00,0.1923,0.1926,0.192,0.1923,156507.4
2025-05-03 05:50:00+09:00,0.1923,0.1928,0.1923,0.1923,190528.0
2025-05-03 05:55:00+09:00,0.1924,0.1933,0.1924,0.1931,225397.3
2025-05-03 06:00:00+09:00,0.1931,0.1934,0.1928,0.193,192822.5
2025-05-03 06:05:00+09:00,0.1931,0.1938,0.1929,0.1937,154900.2
2025-05-03 06:10:00+09:00,0.1937,0.1946,0.1934,0.1945,228612.5
2025-05-03 06:15:00+09:00,0.1943,0.1945,0.1937,0.1938,127619.3
2025-05-03 06:20:00+09:00,0.1938,0.1944,0.1937,0.1939,61414.3
2025-05-03 06:25:00+09:00,0.1938,0.1942,0.1938,0.1939,48886.4
2025-05-03 06:30:00+09:00,0.1939,0.1945,0.1937,0.194,75227.6
2025-05-03 06:35:00+09:00,0.1941,0.1941,0.1935,0.1937,102486.9
2025-05-03 06:40:00+09:00,0.1936,0.1936,0.1927,0.1929,167041.9
2025-05-03 06:45:00+09:00,0.1928,0.193,0.1918,0.1919,274239.4
2025-05-03 06:50:00+09:00,0.1918,0.1923,0.1911,0.1916,263674.9
2025-05-03 06:55:00+09:00,0.1916,0.1924,0.1909,0.192,320345.5
2025-05-03 07:00:00+09:00,0.192,0.1924,0.1913,0.192,388917.2
2025-05-03 07:05:00+09:00,0.192,0.1925,0.1919,0.1922,102553.5
2025-05-03 07:10:00+09:00,0.1922,0.1927,0.1916,0.192,126968.6
2025-05-03 07:15:00+09:00,0.192,0.1923,0.1914,0.1923,79592.4
2025-05-03 07:20:00+09:00,0.1923,0.193,0.192,0.1927,113912.8
2025-05-03 07:25:00+09:00,0.1928,0.1939,0.1928,0.1938,136052.0
2025-05-03 07:30:00+09:00,0.1939,0.1939,0.1932,0.1936,65596.4
2025-05-03 07:35:00+09:00,0.1937,0.1939,0.1933,0.1938,86307.1
2025-05-03 07:40:00+09:00,0.1939,0.1942,0.1938,0.1939,35020.2
2025-05-03 07:45:00+09:00,0.194,0.1944,0.1938,0.1944,39715.9
2025-05-03 07:50:00+09:00,0.1944,0.1944,0.1938,0.1943,82147.0
2025-05-03 07:55:00+09:00,0.1942,0.1945,0.1936,0.1944,131513.2
2025-05-03 08:00:00+09:00,0.1945,0.1954,0.1943,0.1948,241973.8
2025-05-03 08:05:00+09:00,0.1947,0.1961,0.1947,0.1956,922560.2
2025-05-03 08:10:00+09:00,0.1955,0.1959,0.1945,0.1959,481803.6
2025-05-03 08:15:00+09:00,0.1959,0.1959,0.1949,0.1955,221715.4
2025-05-03 08:20:00+09:00,0.1956,0.196,0.1953,0.1956,114393.4
2025-05-03 08:25:00+09:00,0.1955,0.1961,0.1953,0.1959,75078.7
2025-05-03 08:30:00+09:00,0.196,0.1977,0.1958,0.1972,457086.2
2025-05-03 08:35:00+09:00,0.1972,0.1975,0.1963,0.1971,366107.8
2025-05-03 08:40:00+09:00,0.1971,0.1974,0.1964,0.1965,147030.4
2025-05-03 08:45:00+09:00,0.1964,0.1982,0.1964,0.1975,201919.6
2025-05-03 08:50:00+09:00,0.1976,0.1976,0.1967,0.1971,211059.8
2025-05-03 08:55:00+09:00,0.1971,0.1986,0.197,0.1977,720580.2
2025-05-03 09:00:00+09:00,0.1977,0.1977,0.1937,0.1944,1558512.3
2025-05-03 09:05:00+09:00,0.1943,0.1943,0.1925,0.1931,447884.5
2025-05-03 09:10:00+09:00,0.193,0.1935,0.1915,0.192,624416.5
2025-05-03 09:15:00+09:00,0.192,0.1931,0.1917,0.1923,429378.4
2025-05-03 09:20:00+09:00,0.1924,0.1925,0.1908,0.1912,367431.1
2025-05-03 09:25:00+09:00,0.1912,0.1915,0.1893,0.1904,858320.4
2025-05-03 09:30:00+09:00,0.1904,0.1915,0.1899,0.1914,312959.5
2025-05-03 09:35:00+09:00,0.1915,0.1923,0.1901,0.1917,525940.3
2025-05-03 09:40:00+09:00,0.1916,0.1919,0.1906,0.191,198671.4
2025-05-03 09:45:00+09:00,0.191,0.191,0.1904,0.1904,242563.0
2025-05-03 09:50:00+09:00,0.1903,0.1903,0.1898,0.1901,276456.8
2025-05-03 09:55:00+09:00,0.1902,0.1911,0.1902,0.1911,123185.5
2025-05-03 10:00:00+09:00,0.191,0.1911,0.1903,0.1903,205336.7
2025-05-03 10:05:00+09:00,0.1904,0.191,0.1897,0.19,340922.4
2025-05-03 10:10:00+09:00,0.1901,0.1905,0.1897,0.1897,287933.8
2025-05-03 10:15:00+09:00,0.1896,0.19,0.1886,0.1899,712087.9
2025-05-03 10:20:00+09:00,0.1899,0.1904,0.1895,0.1897,239900.8
2025-05-03 10:25:00+09:00,0.1898,0.1907,0.1897,0.19,164142.0
2025-05-03 10:30:00+09:00,0.19,0.1905,0.1898,0.1899,145567.5
2025-05-03 10:35:00+09:00,0.1897,0.1897,0.1886,0.189,185978.4
2025-05-03 10:40:00+09:00,0.189,0.1893,0.1889,0.1889,69745.6
2025-05-03 10:45:00+09:00,0.1888,0.1896,0.1888,0.1888,229396.8
2025-05-03 10:50:00+09:00,0.1888,0.1893,0.1884,0.1887,221520.3
2025-05-03 10:55:00+09:00,0.1888,0.1892,0.1882,0.1892,428755.6
2025-05-03 11:00:00+09:00,0.1892,0.19,0.1887,0.1895,243555.5
2025-05-03 11:05:00+09:00,0.1895,0.1901,0.1895,0.1897,122708.0
2025-05-03 11:10:00+09:00,0.1897,0.1903,0.1896,0.19,89542.4
2025-05-03 11:15:00+09:00,0.19,0.1901,0.1893,0.1896,75429.6
2025-05-03 11:20:00+09:00,0.1896,0.1902,0.1896,0.1897,200777.8
2025-05-03 11:25:00+09:00,0.1896,0.1904,0.1892,0.1903,198194.8
2025-05-03 11:30:00+09:00,0.1904,0.191,0.1904,0.1906,146487.1
2025-05-03 11:35:00+09:00,0.1906,0.1908,0.1903,0.1904,83661.8
2025-05-03 11:40:00+09:00,0.1904,0.1906,0.19,0.1903,138718.9
2025-05-03 11:45:00+09:00,0.1902,0.191,0.1901,0.1908,59883.2
2025-05-03 11:50:00+09:00,0.1908,0.1912,0.1908,0.1911,25742.7
2025-05-03 11:55:00+09:00,0.1911,0.1911,0.1895,0.1902,821412.0
2025-05-03 12:00:00+09:00,0.1901,0.1908,0.19,0.1903,117689.4
2025-05-03 12:05:00+09:00,0.1903,0.191,0.1902,0.191,88992.2
2025-05-03 12:10:00+09:00,0.1909,0.1911,0.1908,0.1908,38545.6
2025-05-03 12:15:00+09:00,0.1907,0.1909,0.1905,0.1907,43006.9
2025-05-03 12:20:00+09:00,0.1907,0.1907,0.1903,0.1904,66250.6
2025-05-03 12:25:00+09:00,0.1904,0.1909,0.1904,0.1908,94600.6
2025-05-03 12:30:00+09:00,0.1908,0.191,0.1904,0.1905,73252.2
2025-05-03 12:35:00+09:00,0.1904,0.1904,0.1897,0.19,146142.3
2025-05-03 12:40:00+09:00,0.1899,0.1904,0.1895,0.1901,121169.7
2025-05-03 12:45:00+09:00,0.1901,0.1902,0.1892,0.1893,383318.1
2025-05-03 12:50:00+09:00,0.1895,0.1896,0.1881,0.1885,779391.5
2025-05-03 12:55:00+09:00,0.1886,0.1889,0.1882,0.1887,318016.2
2025-05-03 13:00:00+09:00,0.1887,0.1887,0.1866,0.1882,1552130.0
2025-05-03 13:05:00+09:00,0.1881,0.1884,0.1877,0.1881,205256.9
2025-05-03 13:10:00+09:00,0.1881,0.1884,0.1879,0.1881,158643.3
2025-05-03 13:15:00+09:00,0.1881,0.1883,0.1876,0.1881,278340.5
2025-05-03 13:20:00+09:00,0.188,0.1884,0.1876,0.1884,155411.2
2025-05-03 13:25:00+09:00,0.1884,0.1898,0.1883,0.1889,961626.4
2025-05-03 13:30:00+09:00,0.189,0.1898,0.1887,0.1897,135777.6
2025-05-03 13:35:00+09:00,0.1897,0.1902,0.1896,0.1899,245571.0
2025-05-03 13:40:00+09:00,0.1899,0.19,0.1895,0.1896,186053.3
2025-05-03 13:45:00+09:00,0.1897,0.1897,0.1891,0.1893,92138.5
2025-05-03 13:50:00+09:00,0.1893,0.1901,0.1892,0.19,299104.3
2025-05-03 13:55:00+09:00,0.19,0.19,0.1891,0.1892,196255.6
2025-05-03 14:00:00+09:00,0.1892,0.1898,0.1892,0.1893,151567.3
2025-05-03 14:05:00+09:00,0.1892,0.19,0.1892,0.19,115384.8
2025-05-03 14:10:00+09:00,0.1901,0.1905,0.1897,0.1899,155804.2
2025-05-03 14:15:00+09:00,0.1899,0.1905,0.1898,0.1903,191263.0
2025-05-03 14:20:00+09:00,0.1903,0.1903,0.1896,0.1898,78059.3
2025-05-03 14:25:00+09:00,0.1897,0.1899,0.1896,0.1896,38705.1
2025-05-03 14:30:00+09:00,0.1896,0.1897,0.1886,0.1888,112281.6
2025-05-03 14:35:00+09:00,0.1889,0.1891,0.1886,0.1891,134333.9
2025-05-03 14:40:00+09:00,0.1891,0.1891,0.1874,0.1888,1129690.8
2025-05-03 14:45:00+09:00,0.1887,0.1887,0.1875,0.1879,428620.4
2025-05-03 14:50:00+09:00,0.1879,0.1885,0.1875,0.1876,693887.3
2025-05-03 14:55:00+09:00,0.1876,0.1882,0.1875,0.1878,431765.0
2025-05-03 15:00:00+09:00,0.1878,0.1882,0.187,0.1881,532967.2
2025-05-03 15:05:00+09:00,0.188,0.1881,0.187,0.1875,284878.2
2025-05-03 15:10:00+09:00,0.1876,0.1878,0.1871,0.1874,175209.3
2025-05-03 15:15:00+09:00,0.1874,0.1874,0.1854,0.1866,826656.6
2025-05-03 15:20:00+09:00,0.1866,0.1876,0.1866,0.1874,260993.8
2025-05-03 15:25:00+09:00,0.1873,0.1874,0.1869,0.1871,91080.8
2025-05-03 15:30:00+09:00,0.1872,0.1876,0.1871,0.1872,123322.2
2025-05-03 15:35:00+09:00,0.1872,0.1877,0.1871,0.1877,75560.6
2025-05-03 15:40:00+09:00,0.1877,0.188,0.1877,0.1879,82681.4
2025-05-03 15:45:00+09:00,0.188,0.1881,0.1877,0.1879,75923.9
2025-05-03 15:50:00+09:00,0.1879,0.1883,0.1879,0.1882,91089.1
2025-05-03 15:55:00+09:00,0.1881,0.1882,0.1878,0.188,198806.9
2025-05-03 16:00:00+09:00,0.1881,0.1888,0.1881,0.1885,155373.7
2025-05-03 16:05:00+09:00,0.1884,0.1888,0.1877,0.1878,234058.9
2025-05-03 16:10:00+09:00,0.1878,0.1885,0.1876,0.1884,64317.8
2025-05-03 16:15:00+09:00,0.1884,0.1885,0.1877,0.1879,83484.2
2025-05-03 16:20:00+09:00,0.1878,0.1882,0.1873,0.1881,168593.0
2025-05-03 16:25:00+09:00,0.1881,0.1882,0.1876,0.1876,67555.9
2025-05-03 16:30:00+09:00,0.1876,0.188,0.1871,0.1872,339873.2
2025-05-03 16:35:00+09:00,0.1873,0.1873,0.1868,0.187,128454.5
2025-05-03 16:40:00+09:00,0.187,0.1876,0.187,0.1872,158978.3
2025-05-03 16:45:00+09:00,0.1872,0.1876,0.1871,0.1873,144174.9
2025-05-03 16:50:00+09:00,0.1874,0.1876,0.1872,0.1873,77435.7
2025-05-03 16:55:00+09:00,0.1873,0.1876,0.1866,0.1868,209628.9
2025-05-03 17:00:00+09:00,0.1867,0.1867,0.1856,0.1858,832308.7
2025-05-03 17:05:00+09:00,0.1856,0.1863,0.1852,0.1859,294347.9
2025-05-03 17:10:00+09:00,0.186,0.1863,0.1858,0.1862,166017.0
2025-05-03 17:15:00+09:00,0.1862,0.1866,0.1852,0.1859,717684.2
2025-05-03 17:20:00+09:00,0.1858,0.1867,0.1856,0.1864,131287.3
2025-05-03 17:25:00+09:00,0.1865,0.1871,0.1862,0.1863,221215.7
2025-05-03 17:30:00+09:00,0.1863,0.1868,0.1859,0.1866,427509.6
2025-05-03 17:35:00+09:00,0.1867,0.1875,0.1867,0.1872,189720.6
2025-05-03 17:40:00+09:00,0.1871,0.1876,0.1871,0.1873,115972.5
2025-05-03 17:45:00+09:00,0.1873,0.1875,0.1872,0.1873,49819.1
2025-05-03 17:50:00+09:00,0.1872,0.1873,0.187,0.1873,62253.5
2025-05-03 17:55:00+09:00,0.1873,0.1875,0.1869,0.187,77707.3
2025-05-03 18:00:00+09:00,0.1869,0.1875,0.1869,0.1872,106521.1
2025-05-03 18:05:00+09:00,0.1873,0.1873,0.1864,0.1869,241252.0
2025-05-03 18:10:00+09:00,0.1868,0.1877,0.1868,0.1876,62355.0
2025-05-03 18:15:00+09:00,0.1875,0.1875,0.1865,0.1867,111328.1
2025-05-03 18:20:00+09:00,0.1868,0.1871,0.1867,0.1868,92043.6
2025-05-03 18:25:00+09:00,0.1869,0.187,0.1862,0.1864,171022.9
2025-05-03 18:30:00+09:00,0.1864,0.1866,0.1862,0.1863,139529.3
2025-05-03 18:35:00+09:00,0.1864,0.1868,0.1863,0.1866,158870.5
2025-05-03 18:40:00+09:00,0.1866,0.1867,0.1864,0.1865,48336.9
2025-05-03 18:45:00+09:00,0.1865,0.187,0.1864,0.1867,145023.8
2025-05-03 18:50:00+09:00,0.1867,0.1872,0.1863,0.1863,145349.8
2025-05-03 18:55:00+09:00,0.1862,0.1871,0.1862,0.187,102263.5
2025-05-03 19:00:00+09:00,0.1868,0.1873,0.1866,0.1873,119757.6
2025-05-03 19:05:00+09:00,0.1873,0.1878,0.1868,0.1869,208211.9
2025-05-03 19:10:00+09:00,0.1869,0.1873,0.1865,0.1867,243959.6
2025-05-03 19:15:00+09:00,0.1866,0.187,0.1863,0.1868,405056.9
2025-05-03 19:20:00+09:00,0.1869,0.1874,0.1869,0.1872,115475.3
2025-05-03 19:25:00+09:00,0.1871,0.188,0.1869,0.1876,433587.3
2025-05-03 19:30:00+09:00,0.1877,0.1883,0.1872,0.1882,668384.9
2025-05-03 19:35:00+09:00,0.1882,0.1885,0.1875,0.1875,205131.5
2025-05-03 19:40:00+09:00,0.1876,0.1879,0.1867,0.1873,720198.2
2025-05-03 19:45:00+09:00,0.1873,0.1873,0.1868,0.1869,118132.1
2025-05-03 19:50:00+09:00,0.1869,0.187,0.1866,0.1869,143086.4
2025-05-03 19:55:00+09:00,0.1868,0.187,0.1866,0.1869,377220.0
2025-05-03 20:00:00+09:00,0.1868,0.1873,0.1856,0.1869,527531.1
2025-05-03 20:05:00+09:00,0.1868,0.188,0.1867,0.1873,330129.8
2025-05-03 20:10:00+09:00,0.1874,0.1883,0.1873,0.188,265683.8
2025-05-03 20:15:00+09:00,0.1879,0.1884,0.1874,0.1883,351643.4
2025-05-03 20:20:00+09:00,0.1884,0.1885,0.1879,0.188,106651.8
2025-05-03 20:25:00+09:00,0.188,0.1881,0.1874,0.1875,58450.4
2025-05-03 20:30:00+09:00,0.1875,0.1881,0.1872,0.1879,139737.4
2025-05-03 20:35:00+09:00,0.1879,0.1879,0.1871,0.1871,143830.8
2025-05-03 20:40:00+09:00,0.1871,0.1872,0.1867,0.1868,76793.3
2025-05-03 20:45:00+09:00,0.1867,0.1869,0.186,0.1861,80039.0
2025-05-03 20:50:00+09:00,0.186,0.186,0.1855,0.1856,85658.2
2025-05-03 20:55:00+09:00,0.1855,0.1855,0.1838,0.1849,1006936.4
2025-05-03 21:00:00+09:00,0.1848,0.1853,0.1826,0.1837,1407696.0
2025-05-03 21:05:00+09:00,0.1836,0.1843,0.1826,0.1831,375727.9
2025-05-03 21:10:00+09:00,0.183,0.1839,0.183,0.1838,184819.2
2025-05-03 21:15:00+09:00,0.1838,0.1849,0.1838,0.1844,209151.7
2025-05-03 21:20:00+09:00,0.1844,0.1848,0.1844,0.1845,101945.2
2025-05-03 21:25:00+09:00,0.1846,0.1854,0.1844,0.1853,193727.7
2025-05-03 21:30:00+09:00,0.1853,0.1859,0.1853,0.1858,116665.6
2025-05-03 21:35:00+09:00,0.1858,0.186,0.1857,0.1859,51547.7
2025-05-03 21:40:00+09:00,0.1859,0.1866,0.1858,0.1863,110076.0
2025-05-03 21:45:00+09:00,0.1863,0.1865,0.186,0.1864,149414.0
2025-05-03 21:50:00+09:00,0.1863,0.1863,0.1859,0.1859,148757.7
2025-05-03 21:55:00+09:00,0.1859,0.1862,0.1854,0.1859,101026.7
2025-05-03 22:00:00+09:00,0.1858,0.1865,0.1856,0.1864,111148.7
2025-05-03 22:05:00+09:00,0.1864,0.1867,0.1862,0.1862,52658.1
2025-05-03 22:10:00+09:00,0.1862,0.1862,0.1855,0.1856,148544.1
2025-05-03 22:15:00+09:00,0.1856,0.1859,0.1854,0.1857,60710.0
2025-05-03 22:20:00+09:00,0.1858,0.1859,0.1853,0.1858,88132.2
2025-05-03 22:25:00+09:00,0.1858,0.1859,0.1855,0.1858,65520.8
2025-05-03 22:30:00+09:00,0.1859,0.1859,0.1851,0.1853,79208.1
2025-05-03 22:35:00+09:00,0.1852,0.1855,0.1851,0.1854,24014.0
2025-05-03 22:40:00+09:00,0.1854,0.1855,0.1853,0.1853,44958.2
2025-05-03 22:45:00+09:00,0.1854,0.1856,0.1847,0.1847,100746.8
2025-05-03 22:50:00+09:00,0.1847,0.1848,0.1845,0.1848,75024.6
2025-05-03 22:55:00+09:00,0.1848,0.1852,0.1848,0.1851,149501.0
2025-05-03 23:00:00+09:00,0.1851,0.1852,0.1842,0.1843,226564.6
2025-05-03 23:05:00+09:00,0.1843,0.1846,0.1841,0.1841,137815.6
2025-05-03 23:10:00+09:00,0.1842,0.1844,0.1837,0.1839,326932.6
2025-05-03 23:15:00+09:00,0.1839,0.1843,0.1836,0.1838,130963.6
2025-05-03 23:20:00+09:00,0.1837,0.1839,0.1834,0.1838,104285.1
2025-05-03 23:25:00+09:00,0.1837,0.184,0.1834,0.1835,206681.3
2025-05-03 23:30:00+09:00,0.1836,0.1838,0.1832,0.1833,432128.5
2025-05-03 23:35:00+09:00,0.1833,0.1837,0.1832,0.1832,155789.7
2025-05-03 23:40:00+09:00,0.1832,0.1836,0.183,0.1836,151754.6
2025-05-03 23:45:00+09:00,0.1836,0.184,0.1832,0.1834,200231.5
2025-05-03 23:50:00+09:00,0.1834,0.1842,0.1834,0.1838,310714.6
2025-05-03 23:55:00+09:00,0.1838,0.1839,0.1834,0.1838,80335.3
2025-05-04 00:00:00+09:00,0.1837,0.1842,0.1835,0.1837,522927.8
2025-05-04 00:05:00+09:00,0.1838,0.1838,0.1834,0.1837,146463.4
2025-05-04 00:10:00+09:00,0.1837,0.1837,0.1832,0.1833,68941.5
2025-05-04 00:15:00+09:00,0.1833,0.1836,0.1831,0.1833,53968.0
2025-05-04 00:20:00+09:00,0.1833,0.1834,0.1829,0.1831,149999.2
2025-05-04 00:25:00+09:00,0.1831,0.1832,0.1827,0.1829,142756.1
2025-05-04 00:30:00+09:00,0.183,0.1835,0.1828,0.1833,79232.5
2025-05-04 00:35:00+09:00,0.1832,0.1836,0.1832,0.1833,102563.8
2025-05-04 00:40:00+09:00,0.1833,0.1836,0.1831,0.1836,81375.5
2025-05-04 00:45:00+09:00,0.1837,0.1838,0.1832,0.1836,218535.9
2025-05-04 00:50:00+09:00,0.1837,0.1839,0.183,0.1832,58430.3
2025-05-04 00:55:00+09:00,0.1831,0.1834,0.183,0.1834,190029.6
2025-05-04 01:00:00+09:00,0.1833,0.1833,0.182,0.1831,698334.3
2025-05-04 01:05:00+09:00,0.1831,0.1831,0.182,0.182,173698.4
2025-05-04 01:10:00+09:00,0.182,0.183,0.182,0.1827,236093.4
2025-05-04 01:15:00+09:00,0.1828,0.1832,0.1826,0.1829,112501.2
2025-05-04 01:20:00+09:00,0.1828,0.1828,0.181,0.1812,409529.1
2025-05-04 01:25:00+09:00,0.1812,0.1813,0.1795,0.1801,2567686.8
2025-05-04 01:30:00+09:00,0.1802,0.181,0.1801,0.1809,443514.3
2025-05-04 01:35:00+09:00,0.1808,0.1815,0.18,0.1803,505160.0
2025-05-04 01:40:00+09:00,0.1803,0.1811,0.1803,0.1811,191640.7
2025-05-04 01:45:00+09:00,0.1811,0.1813,0.1806,0.181,249790.8
2025-05-04 01:50:00+09:00,0.1809,0.1811,0.1807,0.181,128561.6
2025-05-04 01:55:00+09:00,0.181,0.1811,0.1806,0.1807,111762.8
2025-05-04 02:00:00+09:00,0.1807,0.1809,0.1801,0.1802,127127.4
2025-05-04 02:05:00+09:00,0.1802,0.1802,0.1778,0.1788,942506.8
2025-05-04 02:10:00+09:00,0.1787,0.1789,0.1785,0.1789,277430.0
2025-05-04 02:15:00+09:00,0.1789,0.1792,0.1785,0.1788,428159.4
2025-05-04 02:20:00+09:00,0.1788,0.1794,0.1787,0.1791,288236.1
2025-05-04 02:25:00+09:00,0.179,0.1795,0.1788,0.1793,350659.1
2025-05-04 02:30:00+09:00,0.1792,0.1793,0.1786,0.1788,245509.8
2025-05-04 02:35:00+09:00,0.1788,0.1788,0.1778,0.1781,196332.0
2025-05-04 02:40:00+09:00,0.178,0.1786,0.178,0.1785,136624.7
2025-05-04 02:45:00+09:00,0.1785,0.1795,0.1785,0.1793,167593.4
2025-05-04 02:50:00+09:00,0.1793,0.1796,0.179,0.1794,60920.4
2025-05-04 02:55:00+09:00,0.1795,0.1797,0.1794,0.1797,152172.9
2025-05-04 03:00:00+09:00,0.1797,0.1801,0.1795,0.1799,133820.2
2025-05-04 03:05:00+09:00,0.1798,0.1801,0.1797,0.18,87892.3
2025-05-04 03:10:00+09:00,0.18,0.18,0.1796,0.1798,49909.6
2025-05-04 03:15:00+09:00,0.1797,0.1805,0.1797,0.1802,138115.6
2025-05-04 03:20:00+09:00,0.1802,0.1806,0.18,0.1803,138455.4
2025-05-04 03:25:00+09:00,0.1803,0.1804,0.1792,0.1792,130956.0
2025-05-04 03:30:00+09:00,0.1792,0.1792,0.1781,0.1781,118125.6
2025-05-04 03:35:00+09:00,0.1781,0.1783,0.1778,0.178,167617.1
2025-05-04 03:40:00+09:00,0.1781,0.1782,0.1777,0.1782,142065.1
2025-05-04 03:45:00+09:00,0.1782,0.1792,0.178,0.1792,208063.2
2025-05-04 03:50:00+09:00,0.1792,0.1792,0.1785,0.1792,207414.6
2025-05-04 03:55:00+09:00,0.1791,0.1796,0.1791,0.1796,93257.5
2025-05-04 04:00:00+09:00,0.1797,0.1803,0.1797,0.1801,94112.7
2025-05-04 04:05:00+09:00,0.1801,0.1801,0.1797,0.1798,50463.2
2025-05-04 04:10:00+09:00,0.1799,0.1804,0.1799,0.1803,109096.4
2025-05-04 04:15:00+09:00,0.1803,0.1808,0.1803,0.1807,82726.5
2025-05-04 04:20:00+09:00,0.1807,0.181,0.1806,0.1808,68314.7
2025-05-04 04:25:00+09:00,0.1808,0.1811,0.1808,0.181,36525.5
2025-05-04 04:30:00+09:00,0.1809,0.1813,0.1809,0.1813,63320.1
2025-05-04 04:35:00+09:00,0.1812,0.1814,0.1809,0.1813,95955.8
2025-05-04 04:40:00+09:00,0.1814,0.1816,0.1813,0.1814,100378.2
2025-05-04 04:45:00+09:00,0.1815,0.1832,0.1815,0.1826,350429.3
2025-05-04 04:50:00+09:00,0.1826,0.1828,0.1821,0.1823,101054.4
2025-05-04 04:55:00+09:00,0.1824,0.1826,0.1821,0.1826,161225.9
2025-05-04 05:00:00+09:00,0.1826,0.1826,0.1811,0.1812,737039.1
2025-05-04 05:05:00+09:00,0.1812,0.1817,0.1811,0.1812,94538.4
2025-05-04 05:10:00+09:00,0.1812,0.1815,0.1807,0.1807,81263.8
2025-05-04 05:15:00+09:00,0.1807,0.1808,0.1801,0.1804,261851.9
2025-05-04 05:20:00+09:00,0.1803,0.1806,0.1797,0.1797,213507.7
2025-05-04 05:25:00+09:00,0.1797,0.1803,0.1796,0.1803,89451.6
2025-05-04 05:30:00+09:00,0.1802,0.1804,0.1799,0.1803,39717.0
2025-05-04 05:35:00+09:00,0.1803,0.1805,0.1798,0.1799,120916.6
2025-05-04 05:40:00+09:00,0.1798,0.1801,0.1794,0.1795,83295.8
2025-05-04 05:45:00+09:00,0.1795,0.1795,0.179,0.1793,69838.2
2025-05-04 05:50:00+09:00,0.1794,0.1794,0.1786,0.179,95696.5
2025-05-04 05:55:00+09:00,0.1789,0.1793,0.1788,0.1792,129520.1
2025-05-04 06:00:00+09:00,0.1791,0.1791,0.1781,0.1781,96153.8
2025-05-04 06:05:00+09:00,0.1782,0.1782,0.1778,0.1782,159195.2
2025-05-04 06:10:00+09:00,0.1782,0.1784,0.1781,0.1784,69367.7
2025-05-04 06:15:00+09:00,0.1785,0.1795,0.1785,0.179,95407.1
2025-05-04 06:20:00+09:00,0.179,0.1793,0.1783,0.1785,555592.5
2025-05-04 06:25:00+09:00,0.1785,0.1787,0.1784,0.1787,116048.0
2025-05-04 06:30:00+09:00,0.1787,0.1794,0.1787,0.179,146978.1
2025-05-04 06:35:00+09:00,0.1789,0.1789,0.1784,0.1789,72103.4
2025-05-04 06:40:00+09:00,0.179,0.1791,0.1786,0.1788,24238.5
2025-05-04 06:45:00+09:00,0.1788,0.1791,0.1787,0.179,56398.5
2025-05-04 06:50:00+09:00,0.179,0.1794,0.179,0.1792,29109.5
2025-05-04 06:55:00+09:00,0.1792,0.1798,0.1791,0.1795,57232.6
2025-05-04 07:00:00+09:00,0.1795,0.1801,0.1792,0.1795,111002.8
2025-05-04 07:05:00+09:00,0.1796,0.1805,0.1796,0.1801,484930.1
2025-05-04 07:10:00+09:00,0.1802,0.1805,0.1801,0.1805,78268.4
2025-05-04 07:15:00+09:00,0.1804,0.181,0.1804,0.181,115611.7
2025-05-04 07:20:00+09:00,0.1809,0.182,0.1807,0.1814,770172.2
2025-05-04 07:25:00+09:00,0.1814,0.1814,0.1809,0.1814,178228.9
2025-05-04 07:30:00+09:00,0.1814,0.1815,0.1805,0.1808,119663.6
2025-05-04 07:35:00+09:00,0.1807,0.1814,0.1807,0.1814,78217.9
2025-05-04 07:40:00+09:00,0.1813,0.1819,0.1813,0.1818,60281.8
2025-05-04 07:45:00+09:00,0.1818,0.1824,0.1816,0.1821,32479.0
2025-05-04 07:50:00+09:00,0.182,0.1822,0.1812,0.1813,78578.7
2025-05-04 07:55:00+09:00,0.1813,0.1816,0.1813,0.1815,44676.7
2025-05-04 08:00:00+09:00,0.1815,0.1819,0.1805,0.1806,94244.2
2025-05-04 08:05:00+09:00,0.1807,0.181,0.1804,0.1805,61344.9
2025-05-04 08:10:00+09:00,0.1806,0.181,0.1805,0.181,99617.6
2025-05-04 08:15:00+09:00,0.1811,0.1813,0.181,0.1812,51099.7
2025-05-04 08:20:00+09:00,0.1813,0.1815,0.1811,0.1813,43056.9
2025-05-04 08:25:00+09:00,0.1814,0.1815,0.1806,0.1808,71685.7
2025-05-04 08:30:00+09:00,0.1808,0.1814,0.1808,0.1812,45935.3
2025-05-04 08:35:00+09:00,0.1812,0.1813,0.1808,0.1812,110848.1
2025-05-04 08:40:00+09:00,0.1812,0.1816,0.181,0.1816,117205.4
2025-05-04 08:45:00+09:00,0.1817,0.1821,0.1817,0.1818,53037.0
2025-05-04 08:50:00+09:00,0.1818,0.182,0.1811,0.182,99542.7
2025-05-04 08:55:00+09:00,0.182,0.1827,0.1819,0.182,194867.6
2025-05-04 09:00:00+09:00,0.182,0.182,0.179,0.1799,1327345.8
2025-05-04 09:05:00+09:00,0.1798,0.1801,0.1783,0.1786,124651.0
2025-05-04 09:10:00+09:00,0.1787,0.1792,0.1786,0.1787,226561.7
2025-05-04 09:15:00+09:00,0.1787,0.1801,0.1781,0.1799,520791.7
2025-05-04 09:20:00+09:00,0.1799,0.1804,0.1793,0.1793,177958.0
2025-05-04 09:25:00+09:00,0.1793,0.18,0.1784,0.1784,139041.2
2025-05-04 09:30:00+09:00,0.1785,0.1787,0.1779,0.178,140687.6
2025-05-04 09:35:00+09:00,0.1779,0.1779,0.1754,0.1765,1076721.9
2025-05-04 09:40:00+09:00,0.1765,0.1768,0.1761,0.1761,143469.2
2025-05-04 09:45:00+09:00,0.1761,0.1762,0.1727,0.1731,807953.7
2025-05-04 09:50:00+09:00,0.173,0.1743,0.1727,0.1742,222835.8
2025-05-04 09:55:00+09:00,0.1742,0.1747,0.1729,0.1731,285205.9
2025-05-04 10:00:00+09:00,0.1732,0.1734,0.1719,0.1728,448188.8
2025-05-04 10:05:00+09:00,0.1729,0.1738,0.1726,0.1737,191716.8
2025-05-04 10:10:00+09:00,0.1736,0.1742,0.1733,0.1737,114265.9
2025-05-04 10:15:00+09:00,0.1736,0.1741,0.1729,0.1734,289186.0
2025-05-04 10:20:00+09:00,0.1736,0.1746,0.1736,0.1736,141309.7
2025-05-04 10:25:00+09:00,0.1737,0.174,0.1733,0.1734,148817.7
2025-05-04 10:30:00+09:00,0.1733,0.1739,0.1727,0.1728,185752.6
2025-05-04 10:35:00+09:00,0.1729,0.1735,0.1724,0.1733,248341.3
2025-05-04 10:40:00+09:00,0.1733,0.1736,0.1722,0.1726,167229.9
2025-05-04 10:45:00+09:00,0.1726,0.1726,0.1709,0.1719,409530.0
2025-05-04 10:50:00+09:00,0.1719,0.1725,0.1714,0.1724,266998.5
2025-05-04 10:55:00+09:00,0.1724,0.1728,0.1723,0.1725,178208.2
2025-05-04 11:00:00+09:00,0.1724,0.1728,0.1717,0.1721,307583.5
2025-05-04 11:05:00+09:00,0.1721,0.1733,0.1721,0.1729,204402.9
2025-05-04 11:10:00+09:00,0.1728,0.1731,0.1722,0.1728,124663.0
2025-05-04 11:15:00+09:00,0.1728,0.173,0.172,0.173,232418.6
2025-05-04 11:20:00+09:00,0.173,0.1732,0.1727,0.1729,88918.7
2025-05-04 11:25:00+09:00,0.1731,0.1731,0.172,0.1723,103834.1
2025-05-04 11:30:00+09:00,0.1722,0.1725,0.1711,0.1713,150119.4
2025-05-04 11:35:00+09:00,0.1713,0.1718,0.1701,0.1702,308218.9
2025-05-04 11:40:00+09:00,0.1701,0.1701,0.1684,0.169,711608.1
2025-05-04 11:45:00+09:00,0.169,0.1692,0.1682,0.1688,469999.4
2025-05-04 11:50:00+09:00,0.1689,0.1693,0.1688,0.1693,194097.6
2025-05-04 11:55:00+09:00,0.1693,0.1695,0.1688,0.1691,227218.6
2025-05-04 12:00:00+09:00,0.1691,0.1691,0.168,0.1684,218687.9
2025-05-04 12:05:00+09:00,0.1686,0.1688,0.1681,0.1683,99878.7
2025-05-04 12:10:00+09:00,0.1682,0.1682,0.1664,0.1668,403350.0
2025-05-04 12:15:00+09:00,0.1668,0.1675,0.1664,0.1665,168916.1
2025-05-04 12:20:00+09:00,0.1666,0.1679,0.1664,0.1675,191603.8
2025-05-04 12:25:00+09:00,0.1674,0.1683,0.1672,0.1681,298431.6
2025-05-04 12:30:00+09:00,0.1682,0.1686,0.1677,0.1686,140876.7
2025-05-04 12:35:00+09:00,0.1686,0.169,0.1684,0.1688,196037.3
2025-05-04 12:40:00+09:00,0.1687,0.1695,0.1686,0.1692,218612.6
2025-05-04 12:45:00+09:00,0.1692,0.1694,0.1682,0.1682,111658.0
2025-05-04 12:50:00+09:00,0.1682,0.1687,0.1681,0.1684,112073.1
2025-05-04 12:55:00+09:00,0.1684,0.1686,0.168,0.1682,107562.6
2025-05-04 13:00:00+09:00,0.1681,0.1681,0.167,0.1676,495328.0
2025-05-04 13:05:00+09:00,0.1676,0.1679,0.1671,0.1672,201459.6
2025-05-04 13:10:00+09:00,0.1672,0.1675,0.1665,0.1672,238878.4
2025-05-04 13:15:00+09:00,0.1673,0.168,0.1673,0.1675,191374.8
2025-05-04 13:20:00+09:00,0.1675,0.1681,0.1672,0.1681,279882.9
2025-05-04 13:25:00+09:00,0.168,0.1683,0.1679,0.1681,171847.9
2025-05-04 13:30:00+09:00,0.1681,0.1681,0.1665,0.1668,189558.8
2025-05-04 13:35:00+09:00,0.1667,0.1672,0.1666,0.1671,130736.1
2025-05-04 13:40:00+09:00,0.1671,0.1672,0.1658,0.1666,387493.3
2025-05-04 13:45:00+09:00,0.1666,0.1678,0.1666,0.1674,132154.4
2025-05-04 13:50:00+09:00,0.1675,0.1686,0.1671,0.1684,261063.7
2025-05-04 13:55:00+09:00,0.1683,0.1686,0.1681,0.1682,138211.0
2025-05-04 14:00:00+09:00,0.1682,0.1688,0.1682,0.1688,88352.6
2025-05-04 14:05:00+09:00,0.1689,0.1689,0.1681,0.1687,182773.1
2025-05-04 14:10:00+09:00,0.1686,0.1692,0.1684,0.169,175367.2
2025-05-04 14:15:00+09:00,0.1689,0.1692,0.1688,0.1689,139402.6
2025-05-04 14:20:00+09:00,0.1689,0.1691,0.1686,0.1688,118563.6
2025-05-04 14:25:00+09:00,0.1689,0.17,0.1689,0.1696,289484.7
2025-05-04 14:30:00+09:00,0.1696,0.1701,0.1692,0.1701,155290.1
2025-05-04 14:35:00+09:00,0.1701,0.1711,0.1701,0.1706,268933.4
2025-05-04 14:40:00+09:00,0.1707,0.1713,0.1706,0.1706,85543.6
2025-05-04 14:45:00+09:00,0.1706,0.1712,0.1706,0.1711,57128.4
2025-05-04 14:50:00+09:00,0.1711,0.1711,0.1706,0.1708,175844.8
2025-05-04 14:55:00+09:00,0.1708,0.1711,0.1706,0.1706,79096.1
2025-05-04 15:00:00+09:00,0.1706,0.1712,0.1705,0.1708,140037.7
2025-05-04 15:05:00+09:00,0.1709,0.1709,0.1698,0.1701,155039.2
2025-05-04 15:10:00+09:00,0.17,0.1703,0.1693,0.1695,163632.0
2025-05-04 15:15:00+09:00,0.1696,0.1699,0.1691,0.1694,90257.7
2025-05-04 15:20:00+09:00,0.1694,0.1695,0.1688,0.1688,62512.1
2025-05-04 15:25:00+09:00,0.1688,0.1689,0.1682,0.1684,120256.8
2025-05-04 15:30:00+09:00,0.1685,0.1688,0.1679,0.1685,79305.2
2025-05-04 15:35:00+09:00,0.1686,0.169,0.1685,0.1689,75483.0
2025-05-04 15:40:00+09:00,0.1689,0.169,0.1686,0.1686,104269.9
2025-05-04 15:45:00+09:00,0.1685,0.17,0.1685,0.1695,214786.1
2025-05-04 15:50:00+09:00,0.1695,0.1698,0.169,0.1691,38668.2
2025-05-04 15:55:00+09:00,0.1691,0.1692,0.1687,0.1689,68685.1
2025-05-04 16:00:00+09:00,0.169,0.1693,0.1686,0.1693,69520.8
2025-05-04 16:05:00+09:00,0.1693,0.1693,0.1685,0.1687,65060.7
2025-05-04 16:10:00+09:00,0.1687,0.1687,0.1683,0.1685,40865.6
2025-05-04 16:15:00+09:00,0.1685,0.1685,0.1678,0.1679,118226.4
2025-05-04 16:20:00+09:00,0.1679,0.1684,0.1679,0.1679,57290.4
2025-05-04 16:25:00+09:00,0.1679,0.1679,0.1676,0.1677,42608.6
2025-05-04 16:30:00+09:00,0.1677,0.1681,0.1677,0.1679,85423.2
2025-05-04 16:35:00+09:00,0.1679,0.1683,0.1675,0.1679,123085.5
2025-05-04 16:40:00+09:00,0.1679,0.1682,0.1668,0.167,309668.3
2025-05-04 16:45:00+09:00,0.1671,0.1676,0.1668,0.1672,301172.5
2025-05-04 16:50:00+09:00,0.1673,0.1678,0.1672,0.1677,98116.4
2025-05-04 16:55:00+09:00,0.1678,0.168,0.1675,0.1677,164164.1
2025-05-04 17:00:00+09:00,0.1677,0.1677,0.1671,0.1674,194406.8
2025-05-04 17:05:00+09:00,0.1675,0.1681,0.1672,0.1678,238755.3
2025-05-04 17:10:00+09:00,0.1678,0.1686,0.1678,0.1684,91651.9
2025-05-04 17:15:00+09:00,0.1683,0.1686,0.1681,0.1686,77325.8
2025-05-04 17:20:00+09:00,0.1685,0.1688,0.1683,0.1686,132163.1
2025-05-04 17:25:00+09:00,0.1686,0.1688,0.1681,0.1683,100961.6
2025-05-04 17:30:00+09:00,0.1683,0.1683,0.1672,0.1673,143734.9
2025-05-04 17:35:00+09:00,0.1674,0.1681,0.1674,0.1678,172110.7
2025-05-04 17:40:00+09:00,0.1678,0.1678,0.1671,0.1671,199596.9
2025-05-04 17:45:00+09:00,0.1672,0.1678,0.1668,0.1675,286260.8
2025-05-04 17:50:00+09:00,0.1674,0.1692,0.1669,0.168,737613.1
2025-05-04 17:55:00+09:00,0.168,0.1837,0.168,0.1752,7665977.3
2025-05-04 18:00:00+09:00,0.1751,0.1787,0.174,0.1779,1908177.3
2025-05-04 18:05:00+09:00,0.1779,0.1786,0.1746,0.1747,1322477.0
2025-05-04 18:10:00+09:00,0.1748,0.1773,0.1748,0.1773,894980.4
2025-05-04 18:15:00+09:00,0.1774,0.1793,0.1761,0.1761,973272.8
2025-05-04 18:20:00+09:00,0.1762,0.1768,0.1739,0.1743,525060.1
2025-05-04 18:25:00+09:00,0.1745,0.1748,0.1733,0.1741,173806.9
2025-05-04 18:30:00+09:00,0.174,0.1746,0.1734,0.1741,197750.7
2025-05-04 18:35:00+09:00,0.1741,0.1758,0.1738,0.1755,259816.9
2025-05-04 18:40:00+09:00,0.1754,0.1758,0.1731,0.1732,962256.8
2025-05-04 18:45:00+09:00,0.1733,0.1736,0.1722,0.1722,322618.5
2025-05-04 18:50:00+09:00,0.1721,0.1722,0.1709,0.1711,353961.3
2025-05-04 18:55:00+09:00,0.1711,0.1713,0.1704,0.1709,199526.5
2025-05-04 19:00:00+09:00,0.1709,0.172,0.1706,0.1715,165933.0
2025-05-04 19:05:00+09:00,0.1716,0.1723,0.1716,0.172,114394.4
2025-05-04 19:10:00+09:00,0.1721,0.1726,0.1718,0.1726,104351.6
2025-05-04 19:15:00+09:00,0.1727,0.1729,0.1716,0.1717,105011.3
2025-05-04 19:20:00+09:00,0.1716,0.1719,0.1714,0.1716,153615.9
2025-05-04 19:25:00+09:00,0.1715,0.1716,0.1711,0.1715,82366.7
2025-05-04 19:30:00+09:00,0.1716,0.1716,0.1709,0.1714,86150.6
2025-05-04 19:35:00+09:00,0.1715,0.172,0.1712,0.1714,185023.8
2025-05-04 19:40:00+09:00,0.1714,0.1725,0.1712,0.1724,189471.1
2025-05-04 19:45:00+09:00,0.1724,0.1726,0.1719,0.172,99241.6
2025-05-04 19:50:00+09:00,0.1721,0.1724,0.1717,0.1718,200185.1
2025-05-04 19:55:00+09:00,0.1718,0.1722,0.1717,0.1717,74237.0
2025-05-04 20:00:00+09:00,0.1716,0.1724,0.1716,0.1722,64809.3
2025-05-04 20:05:00+09:00,0.1721,0.1727,0.172,0.1726,84546.8
2025-05-04 20:10:00+09:00,0.1726,0.1737,0.1726,0.1732,267032.3
2025-05-04 20:15:00+09:00,0.1731,0.1741,0.173,0.1738,120711.8
2025-05-04 20:20:00+09:00,0.1737,0.1737,0.1731,0.1736,127015.0
2025-05-04 20:25:00+09:00,0.1737,0.1739,0.1731,0.1732,105277.0
2025-05-04 20:30:00+09:00,0.1733,0.1738,0.1732,0.1737,60844.8
2025-05-04 20:35:00+09:00,0.1738,0.1741,0.1733,0.1733,79707.3
2025-05-04 20:40:00+09:00,0.1734,0.1738,0.1734,0.1736,42234.9
2025-05-04 20:45:00+09:00,0.1735,0.1741,0.1734,0.1738,157944.0
2025-05-04 20:50:00+09:00,0.1738,0.1741,0.1735,0.1737,146884.5
2025-05-04 20:55:00+09:00,0.1738,0.1744,0.1737,0.1741,173466.4
2025-05-04 21:00:00+09:00,0.1741,0.1742,0.1733,0.174,373877.6
2025-05-04 21:05:00+09:00,0.1741,0.1747,0.1736,0.1741,305144.3
2025-05-04 21:10:00+09:00,0.174,0.1741,0.1735,0.1737,54398.5
2025-05-04 21:15:00+09:00,0.1736,0.1742,0.1735,0.1735,90449.1
2025-05-04 21:20:00+09:00,0.1735,0.1736,0.1732,0.1732,67665.8
2025-05-04 21:25:00+09:00,0.1732,0.1733,0.1727,0.173,120055.1
2025-05-04 21:30:00+09:00,0.1729,0.1736,0.1727,0.1732,42576.5
2025-05-04 21:35:00+09:00,0.1732,0.1736,0.1729,0.1733,67005.6
2025-05-04 21:40:00+09:00,0.1733,0.1739,0.1732,0.1736,240978.2
2025-05-04 21:45:00+09:00,0.1736,0.1737,0.1735,0.1736,72505.9
2025-05-04 21:50:00+09:00,0.1737,0.1737,0.1731,0.1735,22221.1
2025-05-04 21:55:00+09:00,0.1736,0.174,0.1731,0.1737,85755.5
2025-05-04 22:00:00+09:00,0.1737,0.1743,0.1733,0.1739,363725.0
2025-05-04 22:05:00+09:00,0.1738,0.174,0.1733,0.1734,104982.3
2025-05-04 22:10:00+09:00,0.1734,0.1735,0.1732,0.1735,102341.6
2025-05-04 22:15:00+09:00,0.1734,0.1735,0.1728,0.1729,161731.0
2025-05-04 22:20:00+09:00,0.1728,0.1735,0.1722,0.1723,175473.1
2025-05-04 22:25:00+09:00,0.1723,0.1782,0.1723,0.1759,1994458.0
2025-05-04 22:30:00+09:00,0.1758,0.1758,0.1741,0.175,428630.1
2025-05-04 22:35:00+09:00,0.175,0.1754,0.1747,0.1747,186060.3
2025-05-04 22:40:00+09:00,0.1747,0.1747,0.1734,0.1739,355287.8
2025-05-04 22:45:00+09:00,0.174,0.1744,0.1732,0.1744,261501.8
2025-05-04 22:50:00+09:00,0.1745,0.176,0.1743,0.176,503778.1
2025-05-04 22:55:00+09:00,0.1758,0.1759,0.1748,0.1751,185561.4
2025-05-04 23:00:00+09:00,0.175,0.175,0.1743,0.1746,222978.1
2025-05-04 23:05:00+09:00,0.1747,0.1755,0.1738,0.1748,477527.4
2025-05-04 23:10:00+09:00,0.1749,0.1751,0.1742,0.1742,187491.2
2025-05-04 23:15:00+09:00,0.1741,0.1751,0.1739,0.1749,202611.4
2025-05-04 23:20:00+09:00,0.1749,0.1753,0.1745,0.1746,99822.3
2025-05-04 23:25:00+09:00,0.1746,0.1752,0.1745,0.1749,141600.2
2025-05-04 23:30:00+09:00,0.1749,0.1756,0.1749,0.1755,66179.6
2025-05-04 23:35:00+09:00,0.1756,0.1763,0.1754,0.1755,156716.2
2025-05-04 23:40:00+09:00,0.1756,0.1758,0.1752,0.1752,95595.0
2025-05-04 23:45:00+09:00,0.1753,0.1757,0.1751,0.1752,61983.2
2025-05-04 23:50:00+09:00,0.1752,0.1754,0.1747,0.1752,160830.2
2025-05-04 23:55:00+09:00,0.1751,0.1751,0.1747,0.1747,85146.4
2025-05-05 00:00:00+09:00,0.1747,0.1751,0.1746,0.1747,99201.4
2025-05-05 00:05:00+09:00,0.1747,0.1748,0.1739,0.1741,146894.8
2025-05-05 00:10:00+09:00,0.1742,0.1753,0.1741,0.1748,173393.4
2025-05-05 00:15:00+09:00,0.1748,0.175,0.1744,0.1749,89200.6
2025-05-05 00:20:00+09:00,0.1748,0.1748,0.1743,0.1746,78095.4
2025-05-05 00:25:00+09:00,0.1745,0.1745,0.1739,0.174,84226.4
2025-05-05 00:30:00+09:00,0.1739,0.1741,0.1737,0.1737,72418.0
2025-05-05 00:35:00+09:00,0.1736,0.1738,0.1731,0.1733,213666.9
2025-05-05 00:40:00+09:00,0.1733,0.1735,0.1729,0.173,81023.2
2025-05-05 00:45:00+09:00,0.173,0.1734,0.1727,0.1731,200777.1
2025-05-05 00:50:00+09:00,0.173,0.1731,0.1726,0.1729,170654.8
2025-05-05 00:55:00+09:00,0.173,0.175,0.173,0.1748,709156.4
2025-05-05 01:00:00+09:00,0.1748,0.1751,0.1741,0.1749,646680.8
2025-05-05 01:05:00+09:00,0.1749,0.1754,0.1743,0.1743,235667.6
2025-05-05 01:10:00+09:00,0.1744,0.1745,0.1741,0.1744,99063.0
2025-05-05 01:15:00+09:00,0.1744,0.1746,0.1742,0.1744,52433.8
2025-05-05 01:20:00+09:00,0.1743,0.1745,0.1742,0.1744,57029.6
2025-05-05 01:25:00+09:00,0.1744,0.1744,0.174,0.174,167936.5
2025-05-05 01:30:00+09:00,0.174,0.1742,0.173,0.1731,257952.1
2025-05-05 01:35:00+09:00,0.1731,0.1736,0.173,0.173,55841.1
2025-05-05 01:40:00+09:00,0.173,0.173,0.1717,0.1717,395692.8
2025-05-05 01:45:00+09:00,0.1718,0.1721,0.1712,0.1715,135292.4
2025-05-05 01:50:00+09:00,0.1714,0.1719,0.1714,0.1719,137631.2
2025-05-05 01:55:00+09:00,0.1718,0.1722,0.1715,0.1721,130178.7
2025-05-05 02:00:00+09:00,0.1722,0.1722,0.1716,0.1719,106768.3
2025-05-05 02:05:00+09:00,0.1719,0.172,0.1714,0.1717,122033.9
2025-05-05 02:10:00+09:00,0.1718,0.1721,0.1715,0.1716,84987.7
2025-05-05 02:15:00+09:00,0.1716,0.1716,0.1703,0.1704,194787.6
2025-05-05 02:20:00+09:00,0.1703,0.1704,0.1698,0.1699,126202.5
2025-05-05 02:25:00+09:00,0.1699,0.1702,0.1693,0.1695,150180.0
2025-05-05 02:30:00+09:00,0.1695,0.1699,0.1692,0.1694,83740.7
2025-05-05 02:35:00+09:00,0.1695,0.1702,0.1695,0.17,61366.7
2025-05-05 02:40:00+09:00,0.17,0.1703,0.1698,0.1701,85209.8
2025-05-05 02:45:00+09:00,0.1701,0.1705,0.1699,0.1705,50090.5
2025-05-05 02:50:00+09:00,0.1705,0.1707,0.1703,0.1704,139691.6
2025-05-05 02:55:00+09:00,0.1704,0.1705,0.1701,0.1702,45947.8
2025-05-05 03:00:00+09:00,0.1701,0.1701,0.1696,0.17,115734.1
2025-05-05 03:05:00+09:00,0.1701,0.1708,0.1701,0.1701,180461.1
2025-05-05 03:10:00+09:00,0.17,0.1702,0.1695,0.1697,230794.6
2025-05-05 03:15:00+09:00,0.1697,0.1702,0.1687,0.1688,126195.2
2025-05-05 03:20:00+09:00,0.1688,0.17,0.1688,0.1699,239672.3
2025-05-05 03:25:00+09:00,0.17,0.1704,0.1699,0.1699,93780.0
2025-05-05 03:30:00+09:00,0.1699,0.1702,0.1695,0.1695,90013.3
2025-05-05 03:35:00+09:00,0.1695,0.1696,0.1689,0.1689,73453.4
2025-05-05 03:40:00+09:00,0.1688,0.1691,0.1684,0.1691,122678.7
2025-05-05 03:45:00+09:00,0.1691,0.1691,0.1685,0.1685,43797.7
2025-05-05 03:50:00+09:00,0.1685,0.1688,0.1683,0.1687,111327.7
2025-05-05 03:55:00+09:00,0.1687,0.1694,0.1687,0.1689,136643.4
2025-05-05 04:00:00+09:00,0.1689,0.1689,0.1683,0.1684,117533.6
2025-05-05 04:05:00+09:00,0.1684,0.169,0.1684,0.1689,98031.7
2025-05-05 04:10:00+09:00,0.1689,0.1689,0.1682,0.1684,124128.5
2025-05-05 04:15:00+09:00,0.1683,0.1685,0.1681,0.1685,90777.0
2025-05-05 04:20:00+09:00,0.1686,0.169,0.1684,0.1688,36722.9
2025-05-05 04:25:00+09:00,0.1687,0.1701,0.1687,0.17,617399.2
2025-05-05 04:30:00+09:00,0.1699,0.1721,0.1698,0.1717,2014491.1
2025-05-05 04:35:00+09:00,0.1716,0.1721,0.1716,0.1717,121805.5
2025-05-05 04:40:00+09:00,0.1716,0.1718,0.1712,0.1713,202640.8
2025-05-05 04:45:00+09:00,0.1714,0.1715,0.1708,0.1714,393614.0
2025-05-05 04:50:00+09:00,0.1713,0.1713,0.1707,0.1708,151662.0
2025-05-05 04:55:00+09:00,0.1708,0.171,0.1705,0.1706,77038.7
2025-05-05 05:00:00+09:00,0.1706,0.1709,0.1702,0.1702,116780.1
2025-05-05 05:05:00+09:00,0.1702,0.1704,0.1701,0.1703,64143.1
2025-05-05 05:10:00+09:00,0.1702,0.1704,0.1702,0.1704,102250.5
2025-05-05 05:15:00+09:00,0.1704,0.1707,0.17,0.1707,67138.7
2025-05-05 05:20:00+09:00,0.1706,0.1713,0.1705,0.1711,91172.1
2025-05-05 05:25:00+09:00,0.1711,0.1718,0.1711,0.1717,126168.3
2025-05-05 05:30:00+09:00,0.1717,0.1718,0.1715,0.1716,68165.7
2025-05-05 05:35:00+09:00,0.1716,0.1716,0.1712,0.1714,56744.3
2025-05-05 05:40:00+09:00,0.1714,0.1714,0.1711,0.1713,50467.0
2025-05-05 05:45:00+09:00,0.1712,0.1713,0.1708,0.1713,41748.0
2025-05-05 05:50:00+09:00,0.1713,0.1713,0.1709,0.1709,25767.7
2025-05-05 05:55:00+09:00,0.1709,0.1712,0.1709,0.1712,10088.2
2025-05-05 06:00:00+09:00,0.1712,0.1719,0.1712,0.1716,61461.3
2025-05-05 06:05:00+09:00,0.1716,0.1719,0.1713,0.1713,24423.8
2025-05-05 06:10:00+09:00,0.1712,0.1713,0.1711,0.1713,30384.3
2025-05-05 06:15:00+09:00,0.1713,0.1714,0.1712,0.1714,34584.0
2025-05-05 06:20:00+09:00,0.1715,0.1721,0.1714,0.1714,68010.9
2025-05-05 06:25:00+09:00,0.1715,0.1722,0.1715,0.1718,69157.4
2025-05-05 06:30:00+09:00,0.1718,0.1726,0.1717,0.1725,94147.9
2025-05-05 06:35:00+09:00,0.1725,0.1725,0.1719,0.1721,17240.3
2025-05-05 06:40:00+09:00,0.1721,0.1721,0.1715,0.1716,48402.0
2025-05-05 06:45:00+09:00,0.1717,0.1718,0.1716,0.1717,12266.6
2025-05-05 06:50:00+09:00,0.1717,0.1721,0.1717,0.1718,16898.7
2025-05-05 06:55:00+09:00,0.1719,0.1723,0.1719,0.1722,41115.6
2025-05-05 07:00:00+09:00,0.1721,0.1721,0.1705,0.1706,182681.3
2025-05-05 07:05:00+09:00,0.1706,0.1714,0.1703,0.1705,69231.1
2025-05-05 07:10:00+09:00,0.1706,0.1706,0.1702,0.1704,94209.7
2025-05-05 07:15:00+09:00,0.1704,0.1709,0.1704,0.1705,62814.0
2025-05-05 07:20:00+09:00,0.1705,0.1707,0.1702,0.1707,24101.5
2025-05-05 07:25:00+09:00,0.1708,0.1716,0.1708,0.1714,50579.9
2025-05-05 07:30:00+09:00,0.1714,0.1716,0.1706,0.1707,57457.8
2025-05-05 07:35:00+09:00,0.1707,0.171,0.1705,0.171,29282.4
2025-05-05 07:40:00+09:00,0.1709,0.1709,0.1703,0.1708,42187.1
2025-05-05 07:45:00+09:00,0.1708,0.171,0.1706,0.1708,45091.7
2025-05-05 07:50:00+09:00,0.1709,0.1718,0.1709,0.1716,101374.8
2025-05-05 07:55:00+09:00,0.1717,0.1725,0.1717,0.1722,74415.4
2025-05-05 08:00:00+09:00,0.1722,0.1734,0.1717,0.1725,200174.8
2025-05-05 08:05:00+09:00,0.1725,0.1736,0.1725,0.1736,97804.7
2025-05-05 08:10:00+09:00,0.1735,0.1744,0.1734,0.1742,107824.8
2025-05-05 08:15:00+09:00,0.1741,0.1741,0.1733,0.1735,40139.5
2025-05-05 08:20:00+09:00,0.1735,0.1736,0.1727,0.1733,113022.9
2025-05-05 08:25:00+09:00,0.1733,0.1734,0.1724,0.1727,110088.5
2025-05-05 08:30:00+09:00,0.1726,0.1728,0.1721,0.1725,111154.6
2025-05-05 08:35:00+09:00,0.1726,0.1727,0.1722,0.1724,66355.8
2025-05-05 08:40:00+09:00,0.1724,0.1724,0.1716,0.1717,51039.7
2025-05-05 08:45:00+09:00,0.1717,0.1726,0.1715,0.1725,165105.9
2025-05-05 08:50:00+09:00,0.1725,0.1728,0.1724,0.1726,31062.9
2025-05-05 08:55:00+09:00,0.1725,0.1728,0.1719,0.1728,77561.1
2025-05-05 09:00:00+09:00,0.1727,0.1752,0.1709,0.1751,925670.5
2025-05-05 09:05:00+09:00,0.175,0.1751,0.1704,0.1707,940343.5
2025-05-05 09:10:00+09:00,0.1707,0.1713,0.17,0.171,153136.9
2025-05-05 09:15:00+09:00,0.171,0.1711,0.1703,0.1706,79384.0
2025-05-05 09:20:00+09:00,0.1706,0.1717,0.1701,0.1717,105822.0
2025-05-05 09:25:00+09:00,0.1717,0.1721,0.1708,0.1708,100598.3
2025-05-05 09:30:00+09:00,0.1708,0.1711,0.1702,0.1706,136383.5
2025-05-05 09:35:00+09:00,0.1706,0.1709,0.1701,0.1701,72124.7
2025-05-05 09:40:00+09:00,0.1702,0.1704,0.1694,0.1696,382019.2
2025-05-05 09:45:00+09:00,0.1696,0.1703,0.1696,0.1701,82642.0
2025-05-05 09:50:00+09:00,0.1702,0.1709,0.1701,0.1701,85493.2
2025-05-05 09:55:00+09:00,0.1701,0.1705,0.1699,0.1701,90333.2
2025-05-05 10:00:00+09:00,0.17,0.17,0.1689,0.1689,78075.2
2025-05-05 10:05:00+09:00,0.169,0.1691,0.1687,0.169,68846.8
2025-05-05 10:10:00+09:00,0.1689,0.1689,0.1683,0.1688,121804.1
2025-05-05 10:15:00+09:00,0.1689,0.1694,0.1686,0.1687,33993.2
2025-05-05 10:20:00+09:00,0.1687,0.1694,0.1687,0.1688,35154.3
2025-05-05 10:25:00+09:00,0.1689,0.169,0.1674,0.1676,118631.0
2025-05-05 10:30:00+09:00,0.1676,0.1677,0.1647,0.1662,1433871.7
2025-05-05 10:35:00+09:00,0.1662,0.167,0.1659,0.1668,222511.7
2025-05-05 10:40:00+09:00,0.1668,0.1675,0.1665,0.1667,413830.6
2025-05-05 10:45:00+09:00,0.1667,0.1675,0.1667,0.1668,90136.2
2025-05-05 10:50:00+09:00,0.1669,0.1681,0.1667,0.1681,107276.2
2025-05-05 10:55:00+09:00,0.1681,0.1687,0.1678,0.1678,152386.4
2025-05-05 11:00:00+09:00,0.1677,0.1683,0.1672,0.1681,213207.8
2025-05-05 11:05:00+09:00,0.1682,0.1683,0.1677,0.1678,95824.5
2025-05-05 11:10:00+09:00,0.1679,0.1694,0.1679,0.1693,119354.8
2025-05-05 11:15:00+09:00,0.1694,0.1697,0.1691,0.1697,88145.5
2025-05-05 11:20:00+09:00,0.1698,0.17,0.1688,0.169,202847.2
2025-05-05 11:25:00+09:00,0.1691,0.1699,0.1691,0.1695,83798.1
2025-05-05 11:30:00+09:00,0.1696,0.1699,0.1695,0.1697,49303.1
2025-05-05 11:35:00+09:00,0.1696,0.1698,0.1695,0.1695,41554.5
2025-05-05 11:40:00+09:00,0.1694,0.1699,0.169,0.1699,76561.2
2025-05-05 11:45:00+09:00,0.1697,0.17,0.1696,0.1698,23928.9
2025-05-05 11:50:00+09:00,0.1697,0.1699,0.1693,0.1693,28334.4
2025-05-05 11:55:00+09:00,0.1693,0.1696,0.1691,0.1694,62190.2
2025-05-05 12:00:00+09:00,0.1693,0.17,0.1692,0.1699,80723.1
2025-05-05 12:05:00+09:00,0.1699,0.17,0.1693,0.1695,60852.3
2025-05-05 12:10:00+09:00,0.1696,0.1696,0.169,0.169,43342.7
2025-05-05 12:15:00+09:00,0.169,0.1692,0.1684,0.1685,48669.2
2025-05-05 12:20:00+09:00,0.1685,0.1686,0.1682,0.1685,55545.1
2025-05-05 12:25:00+09:00,0.1684,0.1687,0.1683,0.1685,23062.1
2025-05-05 12:30:00+09:00,0.1686,0.1688,0.1685,0.1687,52202.2
2025-05-05 12:35:00+09:00,0.1687,0.1695,0.1686,0.169,227971.1
2025-05-05 12:40:00+09:00,0.169,0.1692,0.1686,0.1691,86223.1
2025-05-05 12:45:00+09:00,0.1691,0.1717,0.1681,0.1686,2143871.2
2025-05-05 12:50:00+09:00,0.1685,0.1687,0.1683,0.1686,121666.5
2025-05-05 12:55:00+09:00,0.1687,0.1688,0.1685,0.1686,65715.6
2025-05-05 13:00:00+09:00,0.1686,0.1686,0.1678,0.1682,157729.6
2025-05-05 13:05:00+09:00,0.1682,0.1685,0.1676,0.1677,147928.2
2025-05-05 13:10:00+09:00,0.1676,0.1689,0.1674,0.1689,190107.3
2025-05-05 13:15:00+09:00,0.1689,0.1692,0.1685,0.1692,120025.5
2025-05-05 13:20:00+09:00,0.1692,0.1697,0.1691,0.1695,91617.7
2025-05-05 13:25:00+09:00,0.1694,0.1697,0.1693,0.1696,57139.5
2025-05-05 13:30:00+09:00,0.1696,0.1699,0.1692,0.1697,155053.0
2025-05-05 13:35:00+09:00,0.1698,0.1706,0.1698,0.1706,281498.1
2025-05-05 13:40:00+09:00,0.1706,0.1707,0.1703,0.1705,165513.2
2025-05-05 13:45:00+09:00,0.1705,0.1708,0.1703,0.1706,151075.1
2025-05-05 13:50:00+09:00,0.1706,0.1712,0.1706,0.171,241090.2
2025-05-05 13:55:00+09:00,0.171,0.171,0.1705,0.1706,92197.4
2025-05-05 14:00:00+09:00,0.1706,0.1707,0.1703,0.1705,59222.5
2025-05-05 14:05:00+09:00,0.1705,0.1711,0.1703,0.1709,108510.9
2025-05-05 14:10:00+09:00,0.1709,0.1712,0.1706,0.1706,37817.4
2025-05-05 14:15:00+09:00,0.1707,0.1708,0.1702,0.1705,68387.2
2025-05-05 14:20:00+09:00,0.1705,0.1705,0.1701,0.1701,145205.5
2025-05-05 14:25:00+09:00,0.1701,0.1704,0.1701,0.1704,27617.1
2025-05-05 14:30:00+09:00,0.1703,0.1704,0.1697,0.1699,20359.1
2025-05-05 14:35:00+09:00,0.1699,0.17,0.1697,0.1699,35224.4
2025-05-05 14:40:00+09:00,0.1699,0.17,0.1696,0.1696,39168.1
2025-05-05 14:45:00+09:00,0.1697,0.1703,0.1697,0.1699,36466.9
2025-05-05 14:50:00+09:00,0.1699,0.1702,0.1698,0.1699,41204.5
2025-05-05 14:55:00+09:00,0.17,0.1704,0.17,0.1701,64565.9
2025-05-05 15:00:00+09:00,0.17,0.1701,0.1697,0.1698,67980.5
2025-05-05 15:05:00+09:00,0.1699,0.1699,0.1695,0.1696,44206.2
2025-05-05 15:10:00+09:00,0.1696,0.1697,0.1695,0.1697,13366.6
2025-05-05 15:15:00+09:00,0.1697,0.1699,0.1696,0.1696,73321.3
2025-05-05 15:20:00+09:00,0.1696,0.1696,0.1691,0.1693,85097.0
2025-05-05 15:25:00+09:00,0.1693,0.1693,0.169,0.1692,25486.5
2025-05-05 15:30:00+09:00,0.1692,0.1695,0.1692,0.1694,85091.7
2025-05-05 15:35:00+09:00,0.1695,0.1698,0.1695,0.1696,36635.8
2025-05-05 15:40:00+09:00,0.1696,0.1696,0.1692,0.1692,38290.0
2025-05-05 15:45:00+09:00,0.1692,0.1697,0.1692,0.1696,43048.0
2025-05-05 15:50:00+09:00,0.1696,0.1697,0.1694,0.1695,61713.2
2025-05-05 15:55:00+09:00,0.1696,0.1697,0.1694,0.1694,86557.2
2025-05-05 16:00:00+09:00,0.1694,0.1694,0.1688,0.1691,157508.7
2025-05-05 16:05:00+09:00,0.1691,0.1693,0.1688,0.1688,84499.9
2025-05-05 16:10:00+09:00,0.1688,0.169,0.1685,0.1689,120066.8
2025-05-05 16:15:00+09:00,0.1689,0.1694,0.1687,0.1693,40204.3
2025-05-05 16:20:00+09:00,0.1692,0.1696,0.1691,0.1696,43959.9
2025-05-05 16:25:00+09:00,0.1697,0.1698,0.1693,0.1694,61156.8
2025-05-05 16:30:00+09:00,0.1695,0.1695,0.1691,0.1692,58407.1
2025-05-05 16:35:00+09:00,0.1692,0.1694,0.169,0.169,96616.4
2025-05-05 16:40:00+09:00,0.169,0.1694,0.169,0.1694,55211.4
2025-05-05 16:45:00+09:00,0.1694,0.1694,0.169,0.169,47231.8
2025-05-05 16:50:00+09:00,0.169,0.1694,0.169,0.1693,21522.3
2025-05-05 16:55:00+09:00,0.1693,0.1693,0.1689,0.169,104170.5
2025-05-05 17:00:00+09:00,0.1689,0.169,0.1682,0.1685,232360.7
2025-05-05 17:05:00+09:00,0.1685,0.1689,0.1684,0.1687,68016.9
2025-05-05 17:10:00+09:00,0.1687,0.1689,0.1683,0.1685,138630.9
2025-05-05 17:15:00+09:00,0.1685,0.1691,0.1685,0.169,83990.3
2025-05-05 17:20:00+09:00,0.1691,0.1691,0.1687,0.1687,18977.4
2025-05-05 17:25:00+09:00,0.1687,0.169,0.1687,0.1688,36939.7
2025-05-05 17:30:00+09:00,0.1689,0.1693,0.1687,0.1692,48757.3
2025-05-05 17:35:00+09:00,0.1693,0.1694,0.169,0.169,30959.6
2025-05-05 17:40:00+09:00,0.169,0.169,0.1686,0.1687,37985.0
2025-05-05 17:45:00+09:00,0.1686,0.1688,0.1683,0.1684,72847.7
2025-05-05 17:50:00+09:00,0.1684,0.1684,0.1679,0.1684,370150.1
2025-05-05 17:55:00+09:00,0.1683,0.1684,0.168,0.1682,95180.3
2025-05-05 18:00:00+09:00,0.1681,0.1683,0.1681,0.1682,45978.1
2025-05-05 18:05:00+09:00,0.1682,0.1689,0.1682,0.1685,103828.9
2025-05-05 18:10:00+09:00,0.1685,0.1685,0.1683,0.1685,57194.8
2025-05-05 18:15:00+09:00,0.1684,0.1685,0.1681,0.1681,146595.9
2025-05-05 18:20:00+09:00,0.1682,0.1687,0.1682,0.1685,33129.8
2025-05-05 18:25:00+09:00,0.1686,0.1689,0.1686,0.1686,17405.7
2025-05-05 18:30:00+09:00,0.1686,0.1692,0.1686,0.169,21787.7
2025-05-05 18:35:00+09:00,0.1689,0.1689,0.1683,0.1684,26104.0
2025-05-05 18:40:00+09:00,0.1683,0.1685,0.1682,0.1683,76409.5
2025-05-05 18:45:00+09:00,0.1683,0.1686,0.1683,0.1685,29474.8
2025-05-05 18:50:00+09:00,0.1685,0.1686,0.1684,0.1685,10633.6
2025-05-05 18:55:00+09:00,0.1684,0.1685,0.1681,0.1682,56966.2
2025-05-05 19:00:00+09:00,0.1681,0.1682,0.1674,0.1675,172214.9
2025-05-05 19:05:00+09:00,0.1675,0.1675,0.1672,0.1674,87795.6
2025-05-05 19:10:00+09:00,0.1674,0.1675,0.1667,0.1667,233897.7
2025-05-05 19:15:00+09:00,0.1667,0.1668,0.1654,0.1659,583992.9
2025-05-05 19:20:00+09:00,0.1658,0.1659,0.1655,0.1658,306790.0
2025-05-05 19:25:00+09:00,0.1658,0.1658,0.1617,0.1646,2188682.7
2025-05-05 19:30:00+09:00,0.1646,0.1658,0.1644,0.1657,1372624.5
2025-05-05 19:35:00+09:00,0.1657,0.1659,0.164,0.1642,1616365.8
2025-05-05 19:40:00+09:00,0.1642,0.1648,0.1641,0.1645,173711.9
2025-05-05 19:45:00+09:00,0.1644,0.1658,0.164,0.1656,1619233.7
2025-05-05 19:50:00+09:00,0.1657,0.1658,0.1652,0.1656,277504.7
2025-05-05 19:55:00+09:00,0.1656,0.1663,0.1656,0.1663,285992.3
2025-05-05 20:00:00+09:00,0.1663,0.1674,0.166,0.1674,465168.0
2025-05-05 20:05:00+09:00,0.1675,0.1675,0.1669,0.1669,177889.1
2025-05-05 20:10:00+09:00,0.1669,0.1676,0.1669,0.1672,99092.1
2025-05-05 20:15:00+09:00,0.1672,0.1673,0.1667,0.1672,174068.6
2025-05-05 20:20:00+09:00,0.1672,0.1681,0.1672,0.1679,816670.0
2025-05-05 20:25:00+09:00,0.1678,0.1681,0.1675,0.1675,585353.5
2025-05-05 20:30:00+09:00,0.1675,0.1688,0.1675,0.1677,269228.2
2025-05-05 20:35:00+09:00,0.1677,0.1678,0.1672,0.1672,257527.1
2025-05-05 20:40:00+09:00,0.1673,0.1676,0.1671,0.1672,139172.8
2025-05-05 20:45:00+09:00,0.1672,0.1676,0.167,0.1676,169269.7
2025-05-05 20:50:00+09:00,0.1676,0.1677,0.167,0.1672,215184.3
2025-05-05 20:55:00+09:00,0.1672,0.1679,0.1672,0.1676,203420.9
2025-05-05 21:00:00+09:00,0.1675,0.1708,0.1658,0.1663,1729269.8
2025-05-05 21:05:00+09:00,0.1662,0.168,0.1661,0.1671,1908071.6
2025-05-05 21:10:00+09:00,0.1671,0.1673,0.1665,0.1672,201738.6
2025-05-05 21:15:00+09:00,0.1672,0.1675,0.1664,0.1667,84427.5
2025-05-05 21:20:00+09:00,0.1666,0.167,0.1665,0.1668,23449.9
2025-05-05 21:25:00+09:00,0.1668,0.1669,0.1663,0.1663,49414.7
2025-05-05 21:30:00+09:00,0.1664,0.1668,0.1662,0.1666,107707.9
2025-05-05 21:35:00+09:00,0.1666,0.1669,0.1664,0.1664,66025.0
2025-05-05 21:40:00+09:00,0.1664,0.1668,0.1664,0.1666,21135.1
2025-05-05 21:45:00+09:00,0.1665,0.1667,0.1661,0.1665,235893.0
2025-05-05 21:50:00+09:00,0.1665,0.1666,0.1652,0.1659,414456.0
2025-05-05 21:55:00+09:00,0.1659,0.1668,0.1659,0.1664,92191.1
2025-05-05 22:00:00+09:00,0.1664,0.1668,0.1661,0.1668,196725.1
2025-05-05 22:05:00+09:00,0.1668,0.1668,0.166,0.166,167996.6
2025-05-05 22:10:00+09:00,0.166,0.1665,0.166,0.1664,89140.3
2025-05-05 22:15:00+09:00,0.1665,0.1665,0.166,0.166,137378.6
2025-05-05 22:20:00+09:00,0.166,0.1663,0.1659,0.1659,39107.3
2025-05-05 22:25:00+09:00,0.1659,0.1659,0.1652,0.1654,97752.6
2025-05-05 22:30:00+09:00,0.1654,0.1656,0.1646,0.1652,143585.9
2025-05-05 22:35:00+09:00,0.1653,0.1659,0.1639,0.1641,512668.3
2025-05-05 22:40:00+09:00,0.1641,0.1648,0.164,0.1644,323844.5
2025-05-05 22:45:00+09:00,0.1643,0.1645,0.1637,0.1643,257103.7
2025-05-05 22:50:00+09:00,0.1644,0.1647,0.164,0.1641,149521.5
2025-05-05 22:55:00+09:00,0.1642,0.1649,0.1641,0.1647,265240.5
2025-05-05 23:00:00+09:00,0.1648,0.1658,0.1647,0.1649,168626.8
2025-05-05 23:05:00+09:00,0.1649,0.1651,0.1642,0.1644,172419.4
2025-05-05 23:10:00+09:00,0.1644,0.1655,0.1643,0.1654,432101.0
2025-05-05 23:15:00+09:00,0.1652,0.1658,0.1652,0.1657,98374.9
2025-05-05 23:20:00+09:00,0.1657,0.1664,0.1653,0.1656,443213.1
2025-05-05 23:25:00+09:00,0.1657,0.1661,0.1657,0.1658,53938.6
2025-05-05 23:30:00+09:00,0.1659,0.1659,0.1652,0.1653,74453.1
2025-05-05 23:35:00+09:00,0.1653,0.1662,0.1653,0.166,118003.9
2025-05-05 23:40:00+09:00,0.1661,0.1667,0.1661,0.1665,132569.5
2025-05-05 23:45:00+09:00,0.1665,0.1668,0.1665,0.1666,66746.8
2025-05-05 23:50:00+09:00,0.1665,0.1666,0.1657,0.1659,103178.3
2025-05-05 23:55:00+09:00,0.1659,0.166,0.1658,0.1658,44704.2
2025-05-06 00:00:00+09:00,0.1659,0.166,0.1653,0.1653,51531.5
2025-05-06 00:05:00+09:00,0.1652,0.1654,0.1647,0.1647,262811.1
2025-05-06 00:10:00+09:00,0.1646,0.1651,0.1646,0.1646,129891.6
2025-05-06 00:15:00+09:00,0.1646,0.1652,0.1645,0.1651,408317.7
2025-05-06 00:20:00+09:00,0.1652,0.1669,0.1651,0.1665,681215.1
2025-05-06 00:25:00+09:00,0.1666,0.1669,0.1664,0.1667,115516.6
2025-05-06 00:30:00+09:00,0.1667,0.1671,0.1665,0.1665,177275.8
2025-05-06 00:35:00+09:00,0.1666,0.1668,0.1661,0.1661,59424.6
2025-05-06 00:40:00+09:00,0.1662,0.1667,0.1658,0.1659,64780.9
2025-05-06 00:45:00+09:00,0.1658,0.1659,0.1653,0.1653,69265.2
2025-05-06 00:50:00+09:00,0.1654,0.1659,0.1654,0.1657,59060.1
2025-05-06 00:55:00+09:00,0.1658,0.1659,0.1657,0.1658,52611.0
2025-05-06 01:00:00+09:00,0.1658,0.1658,0.1645,0.165,456871.3
2025-05-06 01:05:00+09:00,0.1649,0.1656,0.1648,0.1653,61310.0
2025-05-06 01:10:00+09:00,0.1653,0.1658,0.1649,0.1649,192707.1
2025-05-06 01:15:00+09:00,0.1648,0.1662,0.1648,0.1658,144784.6
2025-05-06 01:20:00+09:00,0.1659,0.167,0.1659,0.1669,76137.6
2025-05-06 01:25:00+09:00,0.167,0.1672,0.1665,0.1665,72345.2
2025-05-06 01:30:00+09:00,0.1664,0.1671,0.1663,0.1671,49301.4
2025-05-06 01:35:00+09:00,0.1671,0.1672,0.1667,0.1668,54602.5
2025-05-06 01:40:00+09:00,0.1668,0.167,0.1665,0.167,35282.4
2025-05-06 01:45:00+09:00,0.1671,0.1677,0.1671,0.1674,75509.6
2025-05-06 01:50:00+09:00,0.1673,0.1675,0.1664,0.1664,104968.9
2025-05-06 01:55:00+09:00,0.1664,0.1666,0.1662,0.1665,41611.9
2025-05-06 02:00:00+09:00,0.1666,0.1671,0.1666,0.1669,69563.3
2025-05-06 02:05:00+09:00,0.1668,0.1668,0.1664,0.1664,68798.3
2025-05-06 02:10:00+09:00,0.1664,0.1669,0.1663,0.1665,54410.1
2025-05-06 02:15:00+09:00,0.1665,0.1668,0.1663,0.1664,89218.6
2025-05-06 02:20:00+09:00,0.1664,0.1665,0.1661,0.1665,93150.8
2025-05-06 02:25:00+09:00,0.1665,0.1668,0.1665,0.1666,59160.8
2025-05-06 02:30:00+09:00,0.1666,0.1672,0.1665,0.1671,75437.4
2025-05-06 02:35:00+09:00,0.1672,0.1672,0.1659,0.1662,897003.2
2025-05-06 02:40:00+09:00,0.1661,0.1661,0.1655,0.1655,123847.6
2025-05-06 02:45:00+09:00,0.1655,0.1658,0.1651,0.1656,143284.6
2025-05-06 02:50:00+09:00,0.1656,0.1658,0.1654,0.1658,68016.9
2025-05-06 02:55:00+09:00,0.1659,0.166,0.1656,0.1659,35401.9
2025-05-06 03:00:00+09:00,0.1659,0.166,0.1648,0.1653,306775.3
2025-05-06 03:05:00+09:00,0.1652,0.1657,0.165,0.1653,181990.3
2025-05-06 03:10:00+09:00,0.1653,0.1657,0.1652,0.1656,114670.1
2025-05-06 03:15:00+09:00,0.1655,0.1661,0.1654,0.1658,33403.3
2025-05-06 03:20:00+09:00,0.1658,0.1659,0.1656,0.1657,54336.0
2025-05-06 03:25:00+09:00,0.1657,0.1664,0.1657,0.1659,32739.2
2025-05-06 03:30:00+09:00,0.1659,0.1665,0.1658,0.1664,85907.9
2025-05-06 03:35:00+09:00,0.1664,0.167,0.1664,0.1669,71029.2
2025-05-06 03:40:00+09:00,0.1669,0.1676,0.1668,0.1675,107288.5
2025-05-06 03:45:00+09:00,0.1675,0.1677,0.1672,0.1676,131151.5
2025-05-06 03:50:00+09:00,0.1677,0.1685,0.1677,0.1678,260008.3
2025-05-06 03:55:00+09:00,0.1677,0.1678,0.1674,0.1675,98906.2
2025-05-06 04:00:00+09:00,0.1676,0.1678,0.1671,0.1677,99825.8
2025-05-06 04:05:00+09:00,0.1678,0.1678,0.1673,0.1675,111259.5
2025-05-06 04:10:00+09:00,0.1675,0.1675,0.1672,0.1672,33476.7
2025-05-06 04:15:00+09:00,0.1672,0.1674,0.167,0.1671,287617.3
2025-05-06 04:20:00+09:00,0.167,0.167,0.1664,0.1665,110718.1
2025-05-06 04:25:00+09:00,0.1664,0.1666,0.1663,0.1666,33028.2
2025-05-06 04:30:00+09:00,0.1665,0.1666,0.1659,0.166,56654.0
2025-05-06 04:35:00+09:00,0.1659,0.166,0.1652,0.1652,75636.3
2025-05-06 04:40:00+09:00,0.1652,0.1654,0.165,0.1651,84949.7
2025-05-06 04:45:00+09:00,0.165,0.1655,0.165,0.1652,84239.2
2025-05-06 04:50:00+09:00,0.1653,0.1658,0.1651,0.1652,166787.8
2025-05-06 04:55:00+09:00,0.1652,0.1653,0.1649,0.1653,118274.1
2025-05-06 05:00:00+09:00,0.1653,0.1653,0.1645,0.1645,381556.1
2025-05-06 05:05:00+09:00,0.1644,0.1644,0.1638,0.1638,175293.7
2025-05-06 05:10:00+09:00,0.1637,0.1638,0.1633,0.1634,317976.7
2025-05-06 05:15:00+09:00,0.1634,0.1645,0.1634,0.1642,117114.0
2025-05-06 05:20:00+09:00,0.1642,0.1642,0.1634,0.1636,66516.4
2025-05-06 05:25:00+09:00,0.1635,0.1637,0.1632,0.1634,150061.7
2025-05-06 05:30:00+09:00,0.1633,0.1633,0.1619,0.162,327402.9
2025-05-06 05:35:00+09:00,0.162,0.1631,0.162,0.163,215925.2
2025-05-06 05:40:00+09:00,0.1629,0.1631,0.1627,0.1629,35649.8
2025-05-06 05:45:00+09:00,0.163,0.1632,0.1627,0.1632,67607.3
2025-05-06 05:50:00+09:00,0.1632,0.1636,0.1632,0.1635,73447.0
2025-05-06 05:55:00+09:00,0.1636,0.1638,0.1635,0.1636,91210.0
2025-05-06 06:00:00+09:00,0.1637,0.1645,0.1636,0.1644,65703.0
2025-05-06 06:05:00+09:00,0.1643,0.1647,0.1639,0.1647,42692.9
2025-05-06 06:10:00+09:00,0.1648,0.1654,0.1647,0.1652,118336.7
2025-05-06 06:15:00+09:00,0.1651,0.1655,0.1651,0.1651,41366.8
2025-05-06 06:20:00+09:00,0.1651,0.1659,0.1651,0.1656,31160.2
2025-05-06 06:25:00+09:00,0.1657,0.1659,0.1656,0.1656,53888.5
2025-05-06 06:30:00+09:00,0.1656,0.1658,0.1647,0.165,95185.9
2025-05-06 06:35:00+09:00,0.1651,0.1655,0.1651,0.1653,30252.4
2025-05-06 06:40:00+09:00,0.1652,0.1654,0.1648,0.1653,70978.0
2025-05-06 06:45:00+09:00,0.1653,0.1656,0.1653,0.1656,33386.3
2025-05-06 06:50:00+09:00,0.1657,0.1668,0.1657,0.1666,52948.5
2025-05-06 06:55:00+09:00,0.1666,0.1667,0.1663,0.1663,62753.7
2025-05-06 07:00:00+09:00,0.1663,0.1672,0.1663,0.1668,59268.6
2025-05-06 07:05:00+09:00,0.1667,0.1669,0.1665,0.1667,38270.2
2025-05-06 07:10:00+09:00,0.1667,0.1671,0.1666,0.1671,33176.8
2025-05-06 07:15:00+09:00,0.167,0.1673,0.167,0.1671,34826.0
2025-05-06 07:20:00+09:00,0.167,0.1672,0.1668,0.1671,30242.7
2025-05-06 07:25:00+09:00,0.1671,0.1674,0.167,0.1672,19381.3
2025-05-06 07:30:00+09:00,0.1673,0.1675,0.167,0.167,72240.0
2025-05-06 07:35:00+09:00,0.167,0.1677,0.167,0.1677,18741.3
2025-05-06 07:40:00+09:00,0.1677,0.1677,0.1674,0.1677,64758.6
2025-05-06 07:45:00+09:00,0.1677,0.1677,0.1667,0.1669,158687.5
2025-05-06 07:50:00+09:00,0.1668,0.1671,0.1668,0.1671,23918.7
2025-05-06 07:55:00+09:00,0.1671,0.1673,0.1669,0.1671,59032.5
2025-05-06 08:00:00+09:00,0.1671,0.1674,0.1669,0.167,40819.8
2025-05-06 08:05:00+09:00,0.167,0.1673,0.1668,0.1671,95250.5
2025-05-06 08:10:00+09:00,0.1672,0.1674,0.1667,0.1668,369756.0
2025-05-06 08:15:00+09:00,0.1667,0.1669,0.1667,0.1668,36968.5
2025-05-06 08:20:00+09:00,0.1667,0.1667,0.1663,0.1665,129892.9
2025-05-06 08:25:00+09:00,0.1664,0.1664,0.1659,0.1661,96869.6
2025-05-06 08:30:00+09:00,0.1661,0.1662,0.1659,0.166,42146.7
2025-05-06 08:35:00+09:00,0.1659,0.1664,0.1659,0.1664,51691.0
2025-05-06 08:40:00+09:00,0.1663,0.1667,0.1662,0.1667,31021.4
2025-05-06 08:45:00+09:00,0.1667,0.1671,0.1667,0.167,44972.2
2025-05-06 08:50:00+09:00,0.167,0.167,0.1664,0.1666,26911.1
2025-05-06 08:55:00+09:00,0.1666,0.1668,0.1663,0.1665,147406.4
2025-05-06 09:00:00+09:00,0.1665,0.1665,0.1653,0.1658,341880.9
2025-05-06 09:05:00+09:00,0.1656,0.1656,0.1644,0.1648,150328.1
2025-05-06 09:10:00+09:00,0.1648,0.1649,0.1642,0.1649,45607.6
2025-05-06 09:15:00+09:00,0.1647,0.1647,0.1642,0.1643,107738.6
2025-05-06 09:20:00+09:00,0.1643,0.1643,0.164,0.164,88621.7
2025-05-06 09:25:00+09:00,0.1642,0.1654,0.1642,0.1649,86787.3
2025-05-06 09:30:00+09:00,0.1649,0.1652,0.1647,0.1652,44166.4
2025-05-06 09:35:00+09:00,0.1653,0.1656,0.1645,0.1647,70066.1
2025-05-06 09:40:00+09:00,0.1647,0.1648,0.1641,0.1643,67004.8
2025-05-06 09:45:00+09:00,0.1643,0.1645,0.1641,0.1643,76144.1
2025-05-06 09:50:00+09:00,0.1644,0.1647,0.1643,0.1644,61118.8
2025-05-06 09:55:00+09:00,0.1644,0.1651,0.1644,0.1651,31829.6
2025-05-06 10:00:00+09:00,0.165,0.1657,0.165,0.165,89851.8
2025-05-06 10:05:00+09:00,0.1649,0.1651,0.1647,0.1651,88451.9
2025-05-06 10:10:00+09:00,0.165,0.167,0.1649,0.1669,1036914.5
2025-05-06 10:15:00+09:00,0.1669,0.1684,0.1669,0.168,460525.6
2025-05-06 10:20:00+09:00,0.168,0.1697,0.1679,0.1695,308927.5
2025-05-06 10:25:00+09:00,0.1694,0.1717,0.1692,0.1714,1219762.6
2025-05-06 10:30:00+09:00,0.1714,0.177,0.1707,0.1765,4195284.0
2025-05-06 10:35:00+09:00,0.1762,0.1783,0.1744,0.1758,1343075.4
2025-05-06 10:40:00+09:00,0.1758,0.1764,0.1738,0.1763,1002081.0
2025-05-06 10:45:00+09:00,0.1762,0.1816,0.176,0.1813,1507286.8
2025-05-06 10:50:00+09:00,0.1814,0.1883,0.1807,0.1833,2652774.0
2025-05-06 10:55:00+09:00,0.1831,0.1852,0.1812,0.1828,1352776.1
2025-05-06 11:00:00+09:00,0.1825,0.1855,0.1819,0.1845,1093650.9
2025-05-06 11:05:00+09:00,0.1846,0.1848,0.18,0.1808,1366206.2
2025-05-06 11:10:00+09:00,0.1809,0.1817,0.1798,0.1807,921424.1
2025-05-06 11:15:00+09:00,0.1808,0.1817,0.1778,0.1786,1006055.8
2025-05-06 11:20:00+09:00,0.1787,0.1791,0.1756,0.1763,675585.2
2025-05-06 11:25:00+09:00,0.1763,0.1778,0.1755,0.1771,1081758.3
2025-05-06 11:30:00+09:00,0.1771,0.178,0.1766,0.1771,645873.4
2025-05-06 11:35:00+09:00,0.1769,0.1769,0.1721,0.1732,1326290.6
2025-05-06 11:40:00+09:00,0.1732,0.1741,0.1726,0.173,468431.7
2025-05-06 11:45:00+09:00,0.1731,0.1757,0.1731,0.1744,996999.9
2025-05-06 11:50:00+09:00,0.1744,0.1755,0.1743,0.1751,191520.4
2025-05-06 11:55:00+09:00,0.1752,0.1753,0.1742,0.1748,99011.2
2025-05-06 12:00:00+09:00,0.1749,0.1755,0.1728,0.1729,370435.3
2025-05-06 12:05:00+09:00,0.1729,0.1749,0.1726,0.1749,209892.5
2025-05-06 12:10:00+09:00,0.1748,0.1754,0.1743,0.1744,221764.7
2025-05-06 12:15:00+09:00,0.1744,0.175,0.1739,0.1743,194872.1
2025-05-06 12:20:00+09:00,0.1743,0.1743,0.1734,0.1737,123919.8
2025-05-06 12:25:00+09:00,0.1736,0.1742,0.1734,0.1736,198715.0
2025-05-06 12:30:00+09:00,0.1737,0.1743,0.1736,0.1736,172225.5
2025-05-06 12:35:00+09:00,0.1736,0.1743,0.1723,0.1725,204645.0
2025-05-06 12:40:00+09:00,0.1725,0.1735,0.1725,0.1734,155318.7
2025-05-06 12:45:00+09:00,0.1734,0.1743,0.1733,0.1737,119429.7
2025-05-06 12:50:00+09:00,0.1736,0.1739,0.1732,0.1736,129506.1
2025-05-06 12:55:00+09:00,0.1736,0.1751,0.1736,0.1747,431105.6
2025-05-06 13:00:00+09:00,0.1747,0.1748,0.173,0.1742,608070.1
2025-05-06 13:05:00+09:00,0.1742,0.1745,0.1732,0.1734,213026.2
2025-05-06 13:10:00+09:00,0.1735,0.1745,0.1735,0.1744,70632.7
2025-05-06 13:15:00+09:00,0.1745,0.1748,0.1742,0.1745,129357.8
2025-05-06 13:20:00+09:00,0.1746,0.1748,0.1736,0.1737,104071.2
2025-05-06 13:25:00+09:00,0.1737,0.1742,0.1734,0.1736,292236.7
2025-05-06 13:30:00+09:00,0.1736,0.1738,0.1724,0.1732,489274.9
2025-05-06 13:35:00+09:00,0.1732,0.1735,0.1731,0.1731,135054.3
2025-05-06 13:40:00+09:00,0.173,0.173,0.1725,0.1729,124301.0
2025-05-06 13:45:00+09:00,0.1729,0.1739,0.1729,0.1738,118061.4
2025-05-06 13:50:00+09:00,0.1738,0.1752,0.1726,0.1739,1201383.9
2025-05-06 13:55:00+09:00,0.174,0.1756,0.174,0.1756,591475.1
2025-05-06 14:00:00+09:00,0.1755,0.1769,0.1755,0.1761,720067.9
2025-05-06 14:05:00+09:00,0.1762,0.1768,0.1755,0.1764,514982.0
2025-05-06 14:10:00+09:00,0.1763,0.1764,0.1756,0.1761,141425.8
2025-05-06 14:15:00+09:00,0.176,0.176,0.1746,0.1754,262510.7
2025-05-06 14:20:00+09:00,0.1754,0.1763,0.175,0.1758,272275.3
2025-05-06 14:25:00+09:00,0.1759,0.1761,0.1746,0.1746,266089.9
2025-05-06 14:30:00+09:00,0.1746,0.1762,0.1744,0.1762,773810.0
2025-05-06 14:35:00+09:00,0.1761,0.1761,0.1749,0.175,191139.3
2025-05-06 14:40:00+09:00,0.175,0.1776,0.1748,0.1769,485019.9
2025-05-06 14:45:00+09:00,0.177,0.1785,0.1766,0.1775,537695.5
2025-05-06 14:50:00+09:00,0.1774,0.1777,0.1767,0.1774,325381.3
2025-05-06 14:55:00+09:00,0.1774,0.1776,0.1762,0.1769,700364.8
2025-05-06 15:00:00+09:00,0.177,0.178,0.1764,0.1772,1051983.6
2025-05-06 15:05:00+09:00,0.1772,0.1772,0.175,0.1755,728619.0
2025-05-06 15:10:00+09:00,0.1756,0.1765,0.1752,0.1764,275292.4
2025-05-06 15:15:00+09:00,0.1764,0.1765,0.1752,0.1756,372829.5
2025-05-06 15:20:00+09:00,0.1756,0.176,0.1746,0.175,430931.6
2025-05-06 15:25:00+09:00,0.1749,0.1757,0.1742,0.1743,292366.8
2025-05-06 15:30:00+09:00,0.1744,0.1746,0.1737,0.174,348230.8
2025-05-06 15:35:00+09:00,0.174,0.1754,0.1738,0.1753,764678.8
2025-05-06 15:40:00+09:00,0.1752,0.1759,0.175,0.1757,256217.4
2025-05-06 15:45:00+09:00,0.1757,0.1783,0.1757,0.1771,714356.5
2025-05-06 15:50:00+09:00,0.1771,0.1773,0.176,0.1761,321973.8
2025-05-06 15:55:00+09:00,0.176,0.176,0.1756,0.1757,122204.8
2025-05-06 16:00:00+09:00,0.1757,0.1767,0.1753,0.1766,98077.6
2025-05-06 16:05:00+09:00,0.1766,0.1776,0.1766,0.1772,316891.3
2025-05-06 16:10:00+09:00,0.1771,0.1778,0.1768,0.1777,410445.0
2025-05-06 16:15:00+09:00,0.1776,0.1776,0.1767,0.1768,183674.2
2025-05-06 16:20:00+09:00,0.1769,0.177,0.1762,0.1762,110983.9
2025-05-06 16:25:00+09:00,0.1762,0.1763,0.1753,0.1762,328036.7
2025-05-06 16:30:00+09:00,0.1761,0.1764,0.1753,0.1761,185872.6
2025-05-06 16:35:00+09:00,0.1761,0.1763,0.175,0.175,161858.3
2025-05-06 16:40:00+09:00,0.175,0.1764,0.1749,0.1764,381428.3
2025-05-06 16:45:00+09:00,0.1763,0.1763,0.1756,0.176,132107.3
2025-05-06 16:50:00+09:00,0.176,0.1774,0.1759,0.1769,247742.7
2025-05-06 16:55:00+09:00,0.1768,0.1771,0.1762,0.1768,310602.2
2025-05-06 17:00:00+09:00,0.1767,0.178,0.1762,0.1777,762613.0
2025-05-06 17:05:00+09:00,0.1778,0.1793,0.1777,0.1789,687853.9
2025-05-06 17:10:00+09:00,0.1789,0.1801,0.1783,0.1793,1316308.9
2025-05-06 17:15:00+09:00,0.1793,0.1805,0.1784,0.1795,718962.3
2025-05-06 17:20:00+09:00,0.1795,0.1798,0.1786,0.1788,768553.8
2025-05-06 17:25:00+09:00,0.1787,0.1789,0.1764,0.1772,825372.4
2025-05-06 17:30:00+09:00,0.1772,0.1783,0.1757,0.176,816809.2
2025-05-06 17:35:00+09:00,0.1761,0.1778,0.1759,0.1774,452343.6
2025-05-06 17:40:00+09:00,0.1774,0.1776,0.1754,0.1755,343202.8
2025-05-06 17:45:00+09:00,0.1754,0.1758,0.1747,0.1756,433067.2
2025-05-06 17:50:00+09:00,0.1755,0.1762,0.1736,0.174,594854.4
2025-05-06 17:55:00+09:00,0.1741,0.1742,0.1732,0.1741,319195.4
2025-05-06 18:00:00+09:00,0.1741,0.1746,0.1733,0.1735,320100.6
2025-05-06 18:05:00+09:00,0.1734,0.184,0.1734,0.181,3133022.5
2025-05-06 18:10:00+09:00,0.181,0.1818,0.1785,0.1794,1705657.2
2025-05-06 18:15:00+09:00,0.1793,0.181,0.179,0.18,820744.4
2025-05-06 18:20:00+09:00,0.1799,0.1814,0.1796,0.1801,620131.1
2025-05-06 18:25:00+09:00,0.1802,0.1802,0.1781,0.1792,764727.3
2025-05-06 18:30:00+09:00,0.1793,0.1807,0.1787,0.1796,457597.9
2025-05-06 18:35:00+09:00,0.1795,0.1799,0.1781,0.179,366854.4
2025-05-06 18:40:00+09:00,0.179,0.1793,0.1777,0.1784,237334.9
2025-05-06 18:45:00+09:00,0.1783,0.1804,0.178,0.1798,276944.6
2025-05-06 18:50:00+09:00,0.1798,0.1811,0.1797,0.1798,456080.9
2025-05-06 18:55:00+09:00,0.18,0.1801,0.1786,0.1788,192683.1
2025-05-06 19:00:00+09:00,0.1787,0.1799,0.1783,0.1786,712715.6
2025-05-06 19:05:00+09:00,0.1785,0.1806,0.1785,0.1804,357919.0
2025-05-06 19:10:00+09:00,0.1804,0.1827,0.1802,0.1825,523590.5
2025-05-06 19:15:00+09:00,0.1825,0.1865,0.1825,0.1851,2730162.6
2025-05-06 19:20:00+09:00,0.185,0.1914,0.1842,0.1898,4131224.0
2025-05-06 19:25:00+09:00,0.1898,0.1904,0.1875,0.1893,2541253.0
2025-05-06 19:30:00+09:00,0.1893,0.1966,0.1892,0.1935,3636468.7
2025-05-06 19:35:00+09:00,0.1936,0.1988,0.1908,0.1978,4604099.9
2025-05-06 19:40:00+09:00,0.1976,0.2095,0.1964,0.2,6562317.1
2025-05-06 19:45:00+09:00,0.2,0.2013,0.1915,0.1927,4014254.3
2025-05-06 19:50:00+09:00,0.1924,0.1942,0.1923,0.1939,1046391.9
2025-05-06 19:55:00+09:00,0.1939,0.195,0.1926,0.1942,1317264.6
2025-05-06 20:00:00+09:00,0.1939,0.1939,0.1872,0.1887,5161674.8
2025-05-06 20:05:00+09:00,0.1887,0.1903,0.1857,0.1875,2653179.0
2025-05-06 20:10:00+09:00,0.1876,0.1893,0.1876,0.1879,1419706.8
2025-05-06 20:15:00+09:00,0.1878,0.1878,0.1847,0.1859,1775720.1
2025-05-06 20:20:00+09:00,0.186,0.1871,0.1851,0.186,1125692.0
2025-05-06 20:25:00+09:00,0.186,0.188,0.1817,0.1817,1987352.9
2025-05-06 20:30:00+09:00,0.1817,0.1844,0.181,0.1839,2029541.1
2025-05-06 20:35:00+09:00,0.1839,0.1839,0.1813,0.1817,842038.5
2025-05-06 20:40:00+09:00,0.1816,0.1822,0.1789,0.1796,1767542.6
2025-05-06 20:45:00+09:00,0.1796,0.18,0.1779,0.1788,1381138.5
2025-05-06 20:50:00+09:00,0.1789,0.1794,0.1769,0.1775,1809208.5
2025-05-06 20:55:00+09:00,0.1775,0.1791,0.1775,0.1791,1065132.1
2025-05-06 21:00:00+09:00,0.179,0.1821,0.1786,0.1812,2902022.9
2025-05-06 21:05:00+09:00,0.1811,0.1839,0.1807,0.1821,1935730.0
2025-05-06 21:10:00+09:00,0.1821,0.1828,0.181,0.1827,767818.9
2025-05-06 21:15:00+09:00,0.1827,0.1832,0.1817,0.1819,695921.5
2025-05-06 21:20:00+09:00,0.1818,0.1823,0.1801,0.1822,932306.4
2025-05-06 21:25:00+09:00,0.1821,0.1831,0.1812,0.1829,735680.7
2025-05-06 21:30:00+09:00,0.1828,0.1831,0.1816,0.1828,562001.1
2025-05-06 21:35:00+09:00,0.1826,0.1827,0.1807,0.182,763637.1
2025-05-06 21:40:00+09:00,0.1819,0.1826,0.1813,0.1822,343957.7
2025-05-06 21:45:00+09:00,0.1821,0.1821,0.18,0.1802,392063.0
2025-05-06 21:50:00+09:00,0.1802,0.1802,0.1787,0.1799,953881.0
2025-05-06 21:55:00+09:00,0.1798,0.181,0.1797,0.1803,249759.4
2025-05-06 22:00:00+09:00,0.1804,0.182,0.1803,0.1819,346147.0
2025-05-06 22:05:00+09:00,0.1819,0.1842,0.1814,0.1837,878874.4
2025-05-06 22:10:00+09:00,0.1837,0.1838,0.1812,0.1813,1024972.6
2025-05-06 22:15:00+09:00,0.1814,0.1823,0.1801,0.1804,544732.5
2025-05-06 22:20:00+09:00,0.1804,0.1814,0.1801,0.181,263732.7
2025-05-06 22:25:00+09:00,0.181,0.1822,0.1809,0.1809,435936.5
2025-05-06 22:30:00+09:00,0.1808,0.1821,0.1804,0.1812,368065.9
2025-05-06 22:35:00+09:00,0.1812,0.1826,0.1812,0.1823,282163.5
2025-05-06 22:40:00+09:00,0.1822,0.1827,0.1811,0.1824,331756.6
2025-05-06 22:45:00+09:00,0.1824,0.1834,0.1815,0.1817,629070.2
2025-05-06 22:50:00+09:00,0.1816,0.1817,0.1784,0.1795,1617280.8
2025-05-06 22:55:00+09:00,0.1796,0.1799,0.1786,0.1786,438886.4
2025-05-06 23:00:00+09:00,0.1786,0.1797,0.1755,0.1761,1682511.8
2025-05-06 23:05:00+09:00,0.1761,0.1772,0.1758,0.1766,1148424.9
2025-05-06 23:10:00+09:00,0.1766,0.1783,0.1764,0.1777,722654.1
2025-05-06 23:15:00+09:00,0.1777,0.1788,0.1773,0.1786,373362.8
2025-05-06 23:20:00+09:00,0.1786,0.1794,0.1778,0.1788,409991.4
2025-05-06 23:25:00+09:00,0.1788,0.179,0.1781,0.1786,393383.8
2025-05-06 23:30:00+09:00,0.1787,0.1787,0.1767,0.1771,544062.1
2025-05-06 23:35:00+09:00,0.1771,0.1826,0.1767,0.1798,4022905.1
2025-05-06 23:40:00+09:00,0.1798,0.1799,0.176,0.1774,2763255.4
2025-05-06 23:45:00+09:00,0.1774,0.1777,0.177,0.1773,208049.8
2025-05-06 23:50:00+09:00,0.1773,0.1774,0.1761,0.1768,470516.7
2025-05-06 23:55:00+09:00,0.1768,0.177,0.1761,0.1764,438879.8
2025-05-07 00:00:00+09:00,0.1764,0.1771,0.1757,0.1757,622303.4
2025-05-07 00:05:00+09:00,0.1757,0.1757,0.1726,0.173,1030138.9
2025-05-07 00:10:00+09:00,0.1731,0.1731,0.1687,0.1697,2692651.9
2025-05-07 00:15:00+09:00,0.1699,0.1699,0.1618,0.1641,4947258.0
2025-05-07 00:20:00+09:00,0.1639,0.1673,0.1639,0.1663,1775269.0
2025-05-07 00:25:00+09:00,0.1662,0.1708,0.1662,0.1694,1639479.0
2025-05-07 00:30:00+09:00,0.1694,0.1707,0.1691,0.1699,667342.8
2025-05-07 00:35:00+09:00,0.1698,0.1702,0.1677,0.1677,1136339.1
2025-05-07 00:40:00+09:00,0.1678,0.169,0.1662,0.167,1281018.1
2025-05-07 00:45:00+09:00,0.167,0.1671,0.1648,0.1652,537024.9
2025-05-07 00:50:00+09:00,0.1651,0.1659,0.1649,0.1651,469454.0
2025-05-07 00:55:00+09:00,0.1651,0.1671,0.1651,0.1671,421910.1
2025-05-07 01:00:00+09:00,0.1671,0.1701,0.1667,0.1685,1300062.8
2025-05-07 01:05:00+09:00,0.1685,0.1691,0.1659,0.1661,976296.4
2025-05-07 01:10:00+09:00,0.1661,0.1666,0.1655,0.1662,575817.5
2025-05-07 01:15:00+09:00,0.1663,0.1678,0.1656,0.1678,400187.0
2025-05-07 01:20:00+09:00,0.1678,0.1681,0.1664,0.1671,275258.2
2025-05-07 01:25:00+09:00,0.1671,0.1682,0.1668,0.1681,280264.1
2025-05-07 01:30:00+09:00,0.1681,0.1683,0.1669,0.1679,280593.4
2025-05-07 01:35:00+09:00,0.1678,0.169,0.1674,0.1681,249722.8
2025-05-07 01:40:00+09:00,0.168,0.1687,0.1671,0.1672,334884.8
2025-05-07 01:45:00+09:00,0.1671,0.1682,0.1666,0.167,361168.3
2025-05-07 01:50:00+09:00,0.167,0.1676,0.1662,0.1674,288467.4
2025-05-07 01:55:00+09:00,0.1674,0.1674,0.1665,0.167,289133.2
2025-05-07 02:00:00+09:00,0.167,0.1685,0.167,0.1672,137957.8
2025-05-07 02:05:00+09:00,0.1671,0.1683,0.1671,0.168,201817.9
2025-05-07 02:10:00+09:00,0.1679,0.1694,0.1679,0.1688,251120.9
2025-05-07 02:15:00+09:00,0.1688,0.1698,0.1687,0.1695,209392.4
2025-05-07 02:20:00+09:00,0.1695,0.1695,0.1683,0.1685,150684.6
2025-05-07 02:25:00+09:00,0.1685,0.1689,0.1676,0.1677,298032.5
2025-05-07 02:30:00+09:00,0.1678,0.168,0.1673,0.1678,261787.6
2025-05-07 02:35:00+09:00,0.1678,0.1679,0.1668,0.1669,184349.9
2025-05-07 02:40:00+09:00,0.1668,0.168,0.1665,0.1667,250900.5
2025-05-07 02:45:00+09:00,0.1666,0.167,0.1664,0.1667,119644.8
2025-05-07 02:50:00+09:00,0.1667,0.1677,0.1667,0.1674,126249.4
2025-05-07 02:55:00+09:00,0.1674,0.1687,0.1674,0.1686,341059.4
2025-05-07 03:00:00+09:00,0.1686,0.1692,0.1681,0.1692,127776.5
2025-05-07 03:05:00+09:00,0.1692,0.1698,0.169,0.1696,112098.1
2025-05-07 03:10:00+09:00,0.1696,0.1699,0.169,0.1699,134341.1
2025-05-07 03:15:00+09:00,0.17,0.1714,0.17,0.1702,590622.7
2025-05-07 03:20:00+09:00,0.1702,0.1713,0.1702,0.1707,128281.7
2025-05-07 03:25:00+09:00,0.1707,0.1708,0.1704,0.1705,141870.9
2025-05-07 03:30:00+09:00,0.1704,0.1704,0.1688,0.1688,186684.8
2025-05-07 03:35:00+09:00,0.1688,0.1695,0.1684,0.1684,91260.4
2025-05-07 03:40:00+09:00,0.1684,0.1685,0.1677,0.1677,353685.6
2025-05-07 03:45:00+09:00,0.1677,0.1684,0.1674,0.1682,241949.0
2025-05-07 03:50:00+09:00,0.1681,0.1684,0.1675,0.1683,60597.3
2025-05-07 03:55:00+09:00,0.1683,0.1695,0.1683,0.1691,105156.4
2025-05-07 04:00:00+09:00,0.169,0.1699,0.1687,0.1687,287392.6
2025-05-07 04:05:00+09:00,0.1687,0.1689,0.1682,0.1682,132137.7
2025-05-07 04:10:00+09:00,0.1683,0.1684,0.1677,0.1679,102718.0
2025-05-07 04:15:00+09:00,0.1679,0.1682,0.1675,0.1677,179480.0
2025-05-07 04:20:00+09:00,0.1677,0.1685,0.1677,0.168,142114.5
2025-05-07 04:25:00+09:00,0.168,0.1683,0.1677,0.1682,96303.5
2025-05-07 04:30:00+09:00,0.1682,0.1685,0.1678,0.1682,73293.9
2025-05-07 04:35:00+09:00,0.1682,0.1684,0.1679,0.168,116647.2
2025-05-07 04:40:00+09:00,0.1679,0.1679,0.1672,0.1672,233258.0
2025-05-07 04:45:00+09:00,0.1673,0.1674,0.1664,0.1666,123439.5
2025-05-07 04:50:00+09:00,0.1666,0.1666,0.1658,0.1661,239886.0
2025-05-07 04:55:00+09:00,0.166,0.166,0.1655,0.1659,104673.5
2025-05-07 05:00:00+09:00,0.1659,0.1659,0.1645,0.1652,409398.4
2025-05-07 05:05:00+09:00,0.1651,0.1653,0.1644,0.1648,85816.1
2025-05-07 05:10:00+09:00,0.1648,0.1655,0.1645,0.1651,100146.0
2025-05-07 05:15:00+09:00,0.1651,0.1655,0.1649,0.1652,134924.9
2025-05-07 05:20:00+09:00,0.1651,0.1651,0.1637,0.1637,223931.9
2025-05-07 05:25:00+09:00,0.1638,0.1639,0.1628,0.163,303779.5
2025-05-07 05:30:00+09:00,0.163,0.1641,0.1606,0.1636,1603249.0
2025-05-07 05:35:00+09:00,0.1635,0.1643,0.163,0.1641,229916.5
2025-05-07 05:40:00+09:00,0.1641,0.1655,0.164,0.1654,182534.2
2025-05-07 05:45:00+09:00,0.1654,0.1656,0.1644,0.1645,67631.4
2025-05-07 05:50:00+09:00,0.1644,0.1644,0.1636,0.1637,123854.3
2025-05-07 05:55:00+09:00,0.1637,0.1638,0.1633,0.1633,130779.8
2025-05-07 06:00:00+09:00,0.1633,0.1638,0.1632,0.1634,179829.5
2025-05-07 06:05:00+09:00,0.1634,0.1638,0.1633,0.1638,84397.6
2025-05-07 06:10:00+09:00,0.1639,0.164,0.1624,0.1633,190618.7
2025-05-07 06:15:00+09:00,0.1632,0.1634,0.1625,0.163,462042.7
2025-05-07 06:20:00+09:00,0.163,0.1639,0.1626,0.1626,192455.8
2025-05-07 06:25:00+09:00,0.1625,0.1625,0.1585,0.1596,1004709.5
2025-05-07 06:30:00+09:00,0.1596,0.1596,0.1542,0.1552,1079524.5
2025-05-07 06:35:00+09:00,0.1553,0.1557,0.1524,0.1539,1308793.6
2025-05-07 06:40:00+09:00,0.1538,0.1552,0.1535,0.1548,310772.7
2025-05-07 06:45:00+09:00,0.1548,0.1571,0.1546,0.1558,335358.6
2025-05-07 06:50:00+09:00,0.1558,0.1572,0.1557,0.1571,119477.6
2025-05-07 06:55:00+09:00,0.1571,0.1574,0.1563,0.1572,246954.4
2025-05-07 07:00:00+09:00,0.1572,0.1592,0.1571,0.1582,489444.7
2025-05-07 07:05:00+09:00,0.1582,0.1599,0.1582,0.1594,419203.7
2025-05-07 07:10:00+09:00,0.1594,0.1598,0.1577,0.1588,892583.4
2025-05-07 07:15:00+09:00,0.1589,0.1599,0.1584,0.1596,488212.6
2025-05-07 07:20:00+09:00,0.1597,0.1606,0.159,0.1605,842014.1
2025-05-07 07:25:00+09:00,0.1605,0.1614,0.1605,0.1613,282894.3
2025-05-07 07:30:00+09:00,0.1612,0.1617,0.1602,0.1612,446921.9
2025-05-07 07:35:00+09:00,0.1612,0.1615,0.1605,0.1609,184042.4
2025-05-07 07:40:00+09:00,0.1609,0.1618,0.1609,0.1615,498170.7
2025-05-07 07:45:00+09:00,0.1616,0.1626,0.1616,0.1617,565978.5
2025-05-07 07:50:00+09:00,0.1617,0.1625,0.1609,0.1612,262693.2
2025-05-07 07:55:00+09:00,0.1613,0.1618,0.1611,0.1616,102360.9
2025-05-07 08:00:00+09:00,0.1615,0.1616,0.1599,0.1604,386836.8
2025-05-07 08:05:00+09:00,0.1605,0.1608,0.1595,0.1598,568027.6
2025-05-07 08:10:00+09:00,0.1598,0.1604,0.1597,0.1604,81157.7
2025-05-07 08:15:00+09:00,0.1603,0.1611,0.1603,0.1608,196294.9
2025-05-07 08:20:00+09:00,0.1608,0.1622,0.1607,0.1621,293202.6
2025-05-07 08:25:00+09:00,0.1621,0.1625,0.1616,0.1618,196367.2
2025-05-07 08:30:00+09:00,0.1618,0.1621,0.1613,0.1613,214823.3
2025-05-07 08:35:00+09:00,0.1612,0.1618,0.1609,0.1616,147081.6
2025-05-07 08:40:00+09:00,0.1617,0.1617,0.1606,0.1607,287871.2
2025-05-07 08:45:00+09:00,0.1607,0.1607,0.1594,0.1601,866339.5
2025-05-07 08:50:00+09:00,0.1601,0.1602,0.1591,0.1597,465267.3
2025-05-07 08:55:00+09:00,0.1596,0.1597,0.1593,0.1594,406990.0
2025-05-07 09:00:00+09:00,0.1594,0.1627,0.1579,0.1618,2559229.4
2025-05-07 09:05:00+09:00,0.1618,0.1625,0.1604,0.1616,1695005.4
2025-05-07 09:10:00+09:00,0.1616,0.1617,0.16,0.161,719610.7
2025-05-07 09:15:00+09:00,0.161,0.1637,0.161,0.1631,1076389.4
2025-05-07 09:20:00+09:00,0.1632,0.1634,0.1623,0.1624,538192.5
2025-05-07 09:25:00+09:00,0.1625,0.1629,0.1619,0.1624,219471.4
2025-05-07 09:30:00+09:00,0.1623,0.163,0.1619,0.1622,231094.1
2025-05-07 09:35:00+09:00,0.1623,0.1635,0.1623,0.1629,163914.4
2025-05-07 09:40:00+09:00,0.1629,0.163,0.1621,0.1623,291162.9
2025-05-07 09:45:00+09:00,0.1622,0.1628,0.1619,0.1624,209745.8
2025-05-07 09:50:00+09:00,0.1624,0.1637,0.1622,0.163,140551.7
2025-05-07 09:55:00+09:00,0.1629,0.1629,0.1622,0.1622,165952.3
2025-05-07 10:00:00+09:00,0.1623,0.1633,0.1621,0.1633,237051.8
2025-05-07 10:05:00+09:00,0.1632,0.1638,0.163,0.1634,185351.0
2025-05-07 10:10:00+09:00,0.1635,0.1647,0.1634,0.1642,363851.6
2025-05-07 10:15:00+09:00,0.1642,0.1652,0.1641,0.1646,325655.3
2025-05-07 10:20:00+09:00,0.1646,0.1651,0.1646,0.1646,210509.3
2025-05-07 10:25:00+09:00,0.1647,0.1652,0.1643,0.1647,195882.1
2025-05-07 10:30:00+09:00,0.1646,0.1651,0.164,0.1644,312795.1
2025-05-07 10:35:00+09:00,0.1643,0.1644,0.1631,0.1633,173298.5
2025-05-07 10:40:00+09:00,0.1634,0.1635,0.1622,0.1624,295262.2
2025-05-07 10:45:00+09:00,0.1624,0.1624,0.1611,0.1618,331543.0
2025-05-07 10:50:00+09:00,0.1617,0.1622,0.1617,0.162,201307.9
2025-05-07 10:55:00+09:00,0.1619,0.1621,0.1614,0.162,247591.2
2025-05-07 11:00:00+09:00,0.1619,0.1619,0.1612,0.1612,288152.8
2025-05-07 11:05:00+09:00,0.1612,0.1612,0.1597,0.1599,374315.3
2025-05-07 11:10:00+09:00,0.1598,0.1604,0.1595,0.1601,323229.5
2025-05-07 11:15:00+09:00,0.1601,0.1602,0.1597,0.1602,350089.0
2025-05-07 11:20:00+09:00,0.1603,0.1608,0.1601,0.1608,383257.1
2025-05-07 11:25:00+09:00,0.1608,0.1609,0.1597,0.1603,169769.0
2025-05-07 11:30:00+09:00,0.1602,0.1602,0.1593,0.1594,188152.8
2025-05-07 11:35:00+09:00,0.1593,0.1594,0.1587,0.1588,267315.1
2025-05-07 11:40:00+09:00,0.1587,0.1589,0.1582,0.1583,220278.3
2025-05-07 11:45:00+09:00,0.1582,0.1588,0.1581,0.1584,81894.9
2025-05-07 11:50:00+09:00,0.1584,0.1584,0.1577,0.1583,118328.7
2025-05-07 11:55:00+09:00,0.1583,0.1587,0.1582,0.1586,96265.7
2025-05-07 12:00:00+09:00,0.1587,0.1596,0.1583,0.1585,370502.9
2025-05-07 12:05:00+09:00,0.1585,0.159,0.1583,0.1583,275463.9
2025-05-07 12:10:00+09:00,0.1584,0.1587,0.1581,0.1584,191794.1
2025-05-07 12:15:00+09:00,0.1584,0.1584,0.1569,0.1578,556887.9
2025-05-07 12:20:00+09:00,0.1578,0.1578,0.1569,0.1574,479834.8
2025-05-07 12:25:00+09:00,0.1575,0.1578,0.1573,0.1577,138933.2
2025-05-07 12:30:00+09:00,0.1578,0.1586,0.1578,0.1583,203395.1
2025-05-07 12:35:00+09:00,0.1584,0.1585,0.1582,0.1584,102408.7
2025-05-07 12:40:00+09:00,0.1584,0.1585,0.158,0.1582,201378.0
2025-05-07 12:45:00+09:00,0.1582,0.1584,0.1579,0.1579,113197.7
2025-05-07 12:50:00+09:00,0.158,0.1582,0.1579,0.1581,123204.9
2025-05-07 12:55:00+09:00,0.158,0.1585,0.1576,0.1581,361508.5
2025-05-07 13:00:00+09:00,0.1581,0.1586,0.1571,0.1584,662033.2
2025-05-07 13:05:00+09:00,0.1584,0.1589,0.1579,0.158,987824.0
2025-05-07 13:10:00+09:00,0.158,0.1598,0.158,0.1597,1037636.1
2025-05-07 13:15:00+09:00,0.1596,0.1597,0.1591,0.1593,312016.2
2025-05-07 13:20:00+09:00,0.1594,0.1604,0.1591,0.1599,346584.2
2025-05-07 13:25:00+09:00,0.1598,0.1599,0.1595,0.1596,231288.3
2025-05-07 13:30:00+09:00,0.1596,0.1601,0.1594,0.16,229011.1
2025-05-07 13:35:00+09:00,0.16,0.1614,0.16,0.1607,320154.3
2025-05-07 13:40:00+09:00,0.1607,0.1618,0.1607,0.1618,362200.6
2025-05-07 13:45:00+09:00,0.1618,0.1618,0.16,0.1601,367566.8
2025-05-07 13:50:00+09:00,0.16,0.1628,0.1596,0.1622,1119634.4
2025-05-07 13:55:00+09:00,0.1622,0.1627,0.1596,0.1606,1332865.7
2025-05-07 14:00:00+09:00,0.1606,0.1609,0.1602,0.1607,495982.5
2025-05-07 14:05:00+09:00,0.1608,0.1608,0.1596,0.1597,217735.5
2025-05-07 14:10:00+09:00,0.1598,0.1599,0.1589,0.1592,528559.0
2025-05-07 14:15:00+09:00,0.1592,0.16,0.1588,0.1599,372383.5
2025-05-07 14:20:00+09:00,0.1599,0.1604,0.1594,0.1603,124892.7
2025-05-07 14:25:00+09:00,0.1604,0.1608,0.1604,0.1605,105369.5
2025-05-07 14:30:00+09:00,0.1604,0.1618,0.1591,0.1595,650312.4
2025-05-07 14:35:00+09:00,0.1595,0.1605,0.1593,0.1598,264054.3
2025-05-07 14:40:00+09:00,0.1598,0.1604,0.1589,0.1592,205167.8
2025-05-07 14:45:00+09:00,0.1592,0.1592,0.1584,0.1587,462574.1
2025-05-07 14:50:00+09:00,0.1586,0.1586,0.1578,0.1581,194453.4
2025-05-07 14:55:00+09:00,0.1581,0.1583,0.1577,0.1582,116418.3
2025-05-07 15:00:00+09:00,0.1581,0.1582,0.1573,0.158,212791.3
2025-05-07 15:05:00+09:00,0.158,0.1593,0.158,0.1593,247460.3
2025-05-07 15:10:00+09:00,0.1593,0.1602,0.1592,0.1601,368982.4
2025-05-07 15:15:00+09:00,0.1601,0.1607,0.1597,0.1607,560324.6
2025-05-07 15:20:00+09:00,0.1607,0.1607,0.1597,0.1599,302631.5
2025-05-07 15:25:00+09:00,0.16,0.1603,0.1595,0.1596,422907.5
2025-05-07 15:30:00+09:00,0.1596,0.1612,0.1587,0.1611,402753.9
2025-05-07 15:35:00+09:00,0.1609,0.1617,0.1609,0.1614,345803.5
2025-05-07 15:40:00+09:00,0.1615,0.1621,0.161,0.1618,713228.2
2025-05-07 15:45:00+09:00,0.1617,0.1631,0.1617,0.1628,218522.7
2025-05-07 15:50:00+09:00,0.1629,0.1642,0.1629,0.1634,387606.7
2025-05-07 15:55:00+09:00,0.1634,0.1638,0.1624,0.1626,196783.3
2025-05-07 16:00:00+09:00,0.1626,0.1632,0.1626,0.1631,136403.9
2025-05-07 16:05:00+09:00,0.1632,0.1633,0.1624,0.1628,225986.8
2025-05-07 16:10:00+09:00,0.1627,0.1636,0.1626,0.1632,335454.4
2025-05-07 16:15:00+09:00,0.1632,0.1635,0.1626,0.1626,80125.6
2025-05-07 16:20:00+09:00,0.1626,0.1631,0.162,0.1627,197377.4
2025-05-07 16:25:00+09:00,0.1626,0.1626,0.1619,0.1625,126255.8
2025-05-07 16:30:00+09:00,0.1626,0.1633,0.1625,0.1629,59402.7
2025-05-07 16:35:00+09:00,0.1629,0.1629,0.1623,0.1626,136017.3
2025-05-07 16:40:00+09:00,0.1625,0.1625,0.162,0.1623,127464.7
2025-05-07 16:45:00+09:00,0.1623,0.163,0.1619,0.1628,231034.9
2025-05-07 16:50:00+09:00,0.1627,0.1639,0.1626,0.1636,230764.9
2025-05-07 16:55:00+09:00,0.1637,0.1643,0.1634,0.1642,380098.3
2025-05-07 17:00:00+09:00,0.1642,0.1642,0.1495,0.1577,12036432.5
2025-05-07 17:05:00+09:00,0.1576,0.1587,0.1534,0.1553,2058166.2
2025-05-07 17:10:00+09:00,0.1553,0.156,0.1541,0.1543,1376480.1
2025-05-07 17:15:00+09:00,0.1543,0.165,0.1542,0.1627,3161068.3
2025-05-07 17:20:00+09:00,0.1627,0.165,0.1595,0.1596,1512207.7
2025-05-07 17:25:00+09:00,0.1596,0.16,0.1589,0.1593,419458.1
2025-05-07 17:30:00+09:00,0.1592,0.1601,0.1571,0.1574,770283.3
2025-05-07 17:35:00+09:00,0.1575,0.1583,0.157,0.158,303869.2
2025-05-07 17:40:00+09:00,0.158,0.1588,0.1566,0.1588,346477.0
2025-05-07 17:45:00+09:00,0.1588,0.1594,0.1581,0.1589,371009.9
2025-05-07 17:50:00+09:00,0.1589,0.1592,0.1581,0.159,310132.9
2025-05-07 17:55:00+09:00,0.159,0.1601,0.1589,0.1601,229060.8
2025-05-07 18:00:00+09:00,0.1601,0.1608,0.1591,0.1593,392473.0
2025-05-07 18:05:00+09:00,0.1593,0.1597,0.158,0.1584,364946.8
2025-05-07 18:10:00+09:00,0.1583,0.1583,0.1572,0.1576,466468.1
2025-05-07 18:15:00+09:00,0.1577,0.1578,0.1564,0.1573,823176.3
2025-05-07 18:20:00+09:00,0.1573,0.158,0.1569,0.1576,377094.9
2025-05-07 18:25:00+09:00,0.1577,0.158,0.156,0.1563,473406.2
2025-05-07 18:30:00+09:00,0.1564,0.1567,0.1557,0.1563,511429.9
2025-05-07 18:35:00+09:00,0.1563,0.1568,0.1559,0.1562,187639.7
2025-05-07 18:40:00+09:00,0.1562,0.1569,0.156,0.1563,148198.2
2025-05-07 18:45:00+09:00,0.1563,0.1566,0.156,0.1563,178097.1
2025-05-07 18:50:00+09:00,0.1563,0.1567,0.1561,0.1562,310995.1
2025-05-07 18:55:00+09:00,0.1561,0.1564,0.1557,0.1558,321111.1
2025-05-07 19:00:00+09:00,0.1558,0.1563,0.1551,0.1555,312439.8
2025-05-07 19:05:00+09:00,0.1555,0.1561,0.1543,0.1544,376459.3
2025-05-07 19:10:00+09:00,0.1544,0.1545,0.1535,0.1543,407363.0
2025-05-07 19:15:00+09:00,0.1543,0.1545,0.153,0.1533,652926.9
2025-05-07 19:20:00+09:00,0.1534,0.1545,0.1533,0.154,277463.3
2025-05-07 19:25:00+09:00,0.154,0.1554,0.1534,0.1549,1169083.4
2025-05-07 19:30:00+09:00,0.1549,0.155,0.1545,0.155,191247.5
2025-05-07 19:35:00+09:00,0.1551,0.1562,0.1549,0.1551,188050.5
2025-05-07 19:40:00+09:00,0.1551,0.1559,0.1551,0.1559,236494.9
2025-05-07 19:45:00+09:00,0.1559,0.1572,0.1558,0.1572,607479.1
2025-05-07 19:50:00+09:00,0.1571,0.1577,0.1568,0.1575,627820.8
2025-05-07 19:55:00+09:00,0.1576,0.1576,0.157,0.1572,719732.3
2025-05-07 20:00:00+09:00,0.1571,0.1576,0.1571,0.1576,321738.6
2025-05-07 20:05:00+09:00,0.1575,0.1578,0.1572,0.1574,255652.2
2025-05-07 20:10:00+09:00,0.1573,0.1575,0.1572,0.1573,98701.8
2025-05-07 20:15:00+09:00,0.1574,0.1579,0.157,0.1578,103746.4
2025-05-07 20:20:00+09:00,0.1578,0.1582,0.1573,0.1574,113543.1
2025-05-07 20:25:00+09:00,0.1574,0.158,0.1573,0.1575,79677.9
2025-05-07 20:30:00+09:00,0.1575,0.1587,0.1575,0.1585,254096.8
2025-05-07 20:35:00+09:00,0.1586,0.1587,0.158,0.1581,58590.4
2025-05-07 20:40:00+09:00,0.1582,0.1588,0.158,0.1588,91251.9
2025-05-07 20:45:00+09:00,0.1588,0.1593,0.1583,0.1592,93709.1
2025-05-07 20:50:00+09:00,0.1592,0.1596,0.1585,0.1585,94078.8
2025-05-07 20:55:00+09:00,0.1584,0.1587,0.1582,0.1586,154470.4
2025-05-07 21:00:00+09:00,0.1586,0.1586,0.1572,0.1576,551844.8
2025-05-07 21:05:00+09:00,0.1575,0.1575,0.1571,0.1572,193963.4
2025-05-07 21:10:00+09:00,0.1572,0.1574,0.157,0.1572,356767.9
2025-05-07 21:15:00+09:00,0.1572,0.1578,0.157,0.1577,268599.3
2025-05-07 21:20:00+09:00,0.1578,0.1581,0.1576,0.1576,246100.2
2025-05-07 21:25:00+09:00,0.1575,0.1577,0.1572,0.1576,144286.7
2025-05-07 21:30:00+09:00,0.1576,0.1581,0.1574,0.1579,178350.6
2025-05-07 21:35:00+09:00,0.1578,0.1578,0.1569,0.1571,478717.6
2025-05-07 21:40:00+09:00,0.1571,0.1572,0.157,0.1571,84927.5
2025-05-07 21:45:00+09:00,0.1572,0.1572,0.1568,0.157,85087.4
2025-05-07 21:50:00+09:00,0.157,0.1574,0.1566,0.1573,987063.8
2025-05-07 21:55:00+09:00,0.1573,0.159,0.1572,0.1589,214847.0
2025-05-07 22:00:00+09:00,0.159,0.1594,0.1586,0.159,305851.4
2025-05-07 22:05:00+09:00,0.159,0.1597,0.1588,0.1588,85715.4
2025-05-07 22:10:00+09:00,0.1587,0.16,0.1587,0.1591,297494.4
2025-05-07 22:15:00+09:00,0.1591,0.16,0.1589,0.1597,123765.3
2025-05-07 22:20:00+09:00,0.1598,0.1602,0.1595,0.1598,84968.5
2025-05-07 22:25:00+09:00,0.1598,0.1601,0.1594,0.16,287392.4
2025-05-07 22:30:00+09:00,0.1599,0.1608,0.1596,0.1606,372162.1
2025-05-07 22:35:00+09:00,0.1605,0.1627,0.1603,0.1623,573526.7
2025-05-07 22:40:00+09:00,0.1625,0.1631,0.1612,0.1619,447365.7
2025-05-07 22:45:00+09:00,0.1622,0.1623,0.1609,0.1613,277790.6
2025-05-07 22:50:00+09:00,0.1612,0.1628,0.1612,0.1622,300838.3
2025-05-07 22:55:00+09:00,0.1621,0.1633,0.162,0.1633,154898.4
2025-05-07 23:00:00+09:00,0.1632,0.1642,0.1621,0.1621,297513.3
2025-05-07 23:05:00+09:00,0.1623,0.1629,0.1623,0.1628,207536.3
2025-05-07 23:10:00+09:00,0.1628,0.164,0.1626,0.1628,369754.5
2025-05-07 23:15:00+09:00,0.1628,0.1631,0.1615,0.162,443673.8
2025-05-07 23:20:00+09:00,0.162,0.1627,0.1611,0.1616,298984.3
2025-05-07 23:25:00+09:00,0.1616,0.162,0.1611,0.1616,265951.4
2025-05-07 23:30:00+09:00,0.1617,0.1617,0.1602,0.1603,202513.0
2025-05-07 23:35:00+09:00,0.1603,0.1609,0.1603,0.1606,136363.4
2025-05-07 23:40:00+09:00,0.1607,0.1614,0.1606,0.1609,123630.8
2025-05-07 23:45:00+09:00,0.1609,0.161,0.16,0.1602,177907.9
2025-05-07 23:50:00+09:00,0.1602,0.1603,0.1594,0.1599,272793.1
2025-05-07 23:55:00+09:00,0.1599,0.1605,0.1597,0.1599,148370.7
2025-05-08 00:00:00+09:00,0.1598,0.16,0.1592,0.1597,102332.1
2025-05-08 00:05:00+09:00,0.1596,0.1598,0.1588,0.1594,156828.7
2025-05-08 00:10:00+09:00,0.1593,0.1601,0.1593,0.1595,81836.7
2025-05-08 00:15:00+09:00,0.1595,0.1607,0.1592,0.16,191747.3
2025-05-08 00:20:00+09:00,0.1601,0.1601,0.159,0.1592,204630.7
2025-05-08 00:25:00+09:00,0.1592,0.1594,0.1585,0.159,595702.0
2025-05-08 00:30:00+09:00,0.159,0.1595,0.1587,0.1587,95327.8
2025-05-08 00:35:00+09:00,0.1587,0.1594,0.1584,0.1594,79070.3
2025-05-08 00:40:00+09:00,0.1595,0.1597,0.1587,0.1595,188205.9
2025-05-08 00:45:00+09:00,0.1596,0.1599,0.1587,0.1587,98662.5
2025-05-08 00:50:00+09:00,0.1587,0.1591,0.1574,0.1574,257233.5
2025-05-08 00:55:00+09:00,0.1575,0.1578,0.1572,0.1577,170081.7
2025-05-08 01:00:00+09:00,0.1576,0.1576,0.1567,0.1571,406259.2
2025-05-08 01:05:00+09:00,0.1571,0.1578,0.1566,0.1577,808741.9
2025-05-08 01:10:00+09:00,0.1577,0.1578,0.1566,0.1568,535252.3
2025-05-08 01:15:00+09:00,0.1569,0.1569,0.1563,0.1568,789535.0
2025-05-08 01:20:00+09:00,0.1568,0.1568,0.1562,0.1564,132324.8
2025-05-08 01:25:00+09:00,0.1564,0.1565,0.156,0.1561,133696.2
2025-05-08 01:30:00+09:00,0.1561,0.1571,0.156,0.1568,500230.2
2025-05-08 01:35:00+09:00,0.1568,0.1568,0.1561,0.1562,114683.1
2025-05-08 01:40:00+09:00,0.1563,0.1566,0.1561,0.1565,79339.8
2025-05-08 01:45:00+09:00,0.1566,0.1574,0.1564,0.1573,224537.5
2025-05-08 01:50:00+09:00,0.1574,0.1582,0.1574,0.1578,117498.2
2025-05-08 01:55:00+09:00,0.1578,0.1579,0.1569,0.1571,64666.4
2025-05-08 02:00:00+09:00,0.157,0.157,0.1561,0.1561,251156.3
2025-05-08 02:05:00+09:00,0.156,0.1566,0.156,0.156,319843.9
2025-05-08 02:10:00+09:00,0.1561,0.1562,0.1554,0.1555,227718.5
2025-05-08 02:15:00+09:00,0.1556,0.1556,0.155,0.1552,102336.7
2025-05-08 02:20:00+09:00,0.1551,0.1561,0.1549,0.1559,224138.8
2025-05-08 02:25:00+09:00,0.156,0.1562,0.1551,0.1551,214780.7
2025-05-08 02:30:00+09:00,0.155,0.1557,0.1548,0.1556,212662.3
2025-05-08 02:35:00+09:00,0.1555,0.1555,0.155,0.1554,115680.1
2025-05-08 02:40:00+09:00,0.1553,0.1554,0.154,0.1548,1545834.6
2025-05-08 02:45:00+09:00,0.1548,0.1557,0.1547,0.1553,115365.4
2025-05-08 02:50:00+09:00,0.1552,0.1553,0.1546,0.1553,140833.9
2025-05-08 02:55:00+09:00,0.1552,0.1558,0.155,0.1558,82528.4
2025-05-08 03:00:00+09:00,0.1559,0.1573,0.1549,0.1566,1097088.0
2025-05-08 03:05:00+09:00,0.1566,0.1567,0.1552,0.1563,248642.3
2025-05-08 03:10:00+09:00,0.1563,0.1573,0.1562,0.1572,162928.1
2025-05-08 03:15:00+09:00,0.1571,0.1579,0.1567,0.1579,229481.3
2025-05-08 03:20:00+09:00,0.1579,0.1586,0.1578,0.1578,128795.5
2025-05-08 03:25:00+09:00,0.1578,0.1581,0.1575,0.158,133839.8
2025-05-08 03:30:00+09:00,0.1579,0.1595,0.1577,0.1591,193061.6
2025-05-08 03:35:00+09:00,0.1591,0.1592,0.1574,0.1577,223319.3
2025-05-08 03:40:00+09:00,0.1576,0.1582,0.1574,0.1574,210515.0
2025-05-08 03:45:00+09:00,0.1574,0.1576,0.157,0.1571,155067.7
2025-05-08 03:50:00+09:00,0.1571,0.1578,0.1571,0.1576,120156.0
2025-05-08 03:55:00+09:00,0.1577,0.1585,0.1576,0.1579,195095.5
2025-05-08 04:00:00+09:00,0.1579,0.1587,0.157,0.157,129368.6
2025-05-08 04:05:00+09:00,0.1569,0.157,0.1567,0.1569,90201.2
2025-05-08 04:10:00+09:00,0.1568,0.157,0.1563,0.1566,241064.6
2025-05-08 04:15:00+09:00,0.1566,0.157,0.1566,0.157,66028.4
2025-05-08 04:20:00+09:00,0.1571,0.1575,0.1566,0.1566,104370.8
2025-05-08 04:25:00+09:00,0.1566,0.1566,0.156,0.1562,115864.4
2025-05-08 04:30:00+09:00,0.1562,0.1564,0.156,0.1562,403907.0
2025-05-08 04:35:00+09:00,0.1561,0.1565,0.156,0.1563,120566.4
2025-05-08 04:40:00+09:00,0.1563,0.1576,0.1561,0.157,81357.4
2025-05-08 04:45:00+09:00,0.157,0.157,0.1561,0.1562,89268.8
2025-05-08 04:50:00+09:00,0.1562,0.1562,0.1557,0.1557,232687.4
2025-05-08 04:55:00+09:00,0.1557,0.1561,0.1556,0.1561,85137.8
2025-05-08 05:00:00+09:00,0.156,0.1562,0.1555,0.1556,316725.0
2025-05-08 05:05:00+09:00,0.1556,0.1557,0.1555,0.1556,68675.4
2025-05-08 05:10:00+09:00,0.1556,0.1561,0.1556,0.1559,109129.1
2025-05-08 05:15:00+09:00,0.1558,0.156,0.1552,0.1552,200213.5
2025-05-08 05:20:00+09:00,0.1552,0.1556,0.1551,0.1551,65061.6
2025-05-08 05:25:00+09:00,0.1552,0.1552,0.1547,0.1552,102134.6
2025-05-08 05:30:00+09:00,0.1552,0.1553,0.1546,0.1548,94874.0
2025-05-08 05:35:00+09:00,0.1548,0.1548,0.154,0.1541,216941.0
2025-05-08 05:40:00+09:00,0.1541,0.1542,0.1539,0.1542,69298.2
2025-05-08 05:45:00+09:00,0.1542,0.1549,0.154,0.1547,124480.3
2025-05-08 05:50:00+09:00,0.1548,0.1558,0.1542,0.1552,268105.9
2025-05-08 05:55:00+09:00,0.1552,0.1552,0.1544,0.155,222469.8
2025-05-08 06:00:00+09:00,0.1551,0.1551,0.1541,0.1541,141221.2
2025-05-08 06:05:00+09:00,0.1541,0.1546,0.1537,0.1544,260140.2
2025-05-08 06:10:00+09:00,0.1544,0.1547,0.1542,0.1542,60002.8
2025-05-08 06:15:00+09:00,0.1541,0.1548,0.1539,0.1548,109255.9
2025-05-08 06:20:00+09:00,0.1549,0.1556,0.1549,0.1553,66179.9
2025-05-08 06:25:00+09:00,0.1554,0.1563,0.155,0.1561,117148.8
2025-05-08 06:30:00+09:00,0.1561,0.1562,0.1557,0.1557,67217.1
2025-05-08 06:35:00+09:00,0.1556,0.1557,0.155,0.155,68865.4
2025-05-08 06:40:00+09:00,0.1551,0.1555,0.155,0.1555,58857.7
2025-05-08 06:45:00+09:00,0.1556,0.1559,0.1555,0.1555,46971.3
2025-05-08 06:50:00+09:00,0.1556,0.156,0.1556,0.1558,42838.5
2025-05-08 06:55:00+09:00,0.1559,0.1563,0.1559,0.1561,66339.4
2025-05-08 07:00:00+09:00,0.1561,0.1583,0.1561,0.1581,174265.2
2025-05-08 07:05:00+09:00,0.1582,0.1585,0.1571,0.1574,196258.6
2025-05-08 07:10:00+09:00,0.1575,0.1579,0.1571,0.1574,148333.0
2025-05-08 07:15:00+09:00,0.1574,0.1574,0.1564,0.1564,83127.8
2025-05-08 07:20:00+09:00,0.1564,0.1565,0.1554,0.1557,195275.0
2025-05-08 07:25:00+09:00,0.1558,0.1569,0.1558,0.1566,96959.8
2025-05-08 07:30:00+09:00,0.1566,0.1574,0.1565,0.1572,56239.5
2025-05-08 07:35:00+09:00,0.1573,0.1582,0.1572,0.1579,180035.2
2025-05-08 07:40:00+09:00,0.1579,0.1579,0.1572,0.1578,190913.6
2025-05-08 07:45:00+09:00,0.1578,0.1578,0.1576,0.1577,56445.7
2025-05-08 07:50:00+09:00,0.1578,0.1584,0.1576,0.1577,132999.6
2025-05-08 07:55:00+09:00,0.1577,0.1578,0.1572,0.1575,69650.1
2025-05-08 08:00:00+09:00,0.1575,0.1576,0.157,0.1573,100632.3
2025-05-08 08:05:00+09:00,0.1574,0.1578,0.1571,0.1578,88983.7
2025-05-08 08:10:00+09:00,0.1578,0.158,0.1576,0.1578,90332.0
2025-05-08 08:15:00+09:00,0.1578,0.1579,0.1574,0.1578,217454.8
2025-05-08 08:20:00+09:00,0.1577,0.1579,0.1574,0.1575,85219.7
2025-05-08 08:25:00+09:00,0.1574,0.1576,0.1573,0.1575,64491.3
2025-05-08 08:30:00+09:00,0.1574,0.1578,0.1573,0.1573,56406.5
2025-05-08 08:35:00+09:00,0.1573,0.1574,0.1567,0.1568,167522.3
2025-05-08 08:40:00+09:00,0.1568,0.157,0.1565,0.157,51331.3
2025-05-08 08:45:00+09:00,0.157,0.1576,0.1569,0.1571,56175.1
2025-05-08 08:50:00+09:00,0.1571,0.1571,0.1568,0.157,45886.0
2025-05-08 08:55:00+09:00,0.1571,0.158,0.1571,0.1578,352127.9
2025-05-08 09:00:00+09:00,0.1578,0.1578,0.156,0.1566,463571.0
2025-05-08 09:05:00+09:00,0.1565,0.1581,0.1564,0.1581,510091.8
2025-05-08 09:10:00+09:00,0.158,0.1593,0.158,0.1583,601742.6
2025-05-08 09:15:00+09:00,0.1582,0.1594,0.157,0.1584,582802.6
2025-05-08 09:20:00+09:00,0.1584,0.1594,0.1579,0.1587,300338.4
2025-05-08 09:25:00+09:00,0.1588,0.1589,0.1571,0.1575,774618.9
2025-05-08 09:30:00+09:00,0.1575,0.1576,0.157,0.157,178574.6
2025-05-08 09:35:00+09:00,0.157,0.1571,0.1563,0.1563,190486.5
2025-05-08 09:40:00+09:00,0.1563,0.1566,0.1558,0.1564,149065.5
2025-05-08 09:45:00+09:00,0.1564,0.1569,0.1562,0.1569,128769.5
2025-05-08 09:50:00+09:00,0.157,0.1578,0.157,0.1573,109211.3
2025-05-08 09:55:00+09:00,0.1574,0.1591,0.1574,0.159,143910.9
2025-05-08 10:00:00+09:00,0.1589,0.1595,0.1583,0.1584,431138.5
2025-05-08 10:05:00+09:00,0.1585,0.1588,0.1581,0.1585,130156.3
2025-05-08 10:10:00+09:00,0.1586,0.1589,0.1578,0.1584,363416.1
2025-05-08 10:15:00+09:00,0.1583,0.1585,0.1576,0.1582,78710.6
2025-05-08 10:20:00+09:00,0.1582,0.1588,0.1578,0.1578,38733.7
2025-05-08 10:25:00+09:00,0.1577,0.1583,0.1575,0.1576,45605.8
2025-05-08 10:30:00+09:00,0.1576,0.158,0.157,0.1572,99251.2
2025-05-08 10:35:00+09:00,0.1571,0.1577,0.1571,0.1573,50896.1
2025-05-08 10:40:00+09:00,0.1572,0.1573,0.1568,0.1569,57133.0
2025-05-08 10:45:00+09:00,0.1569,0.1572,0.1565,0.1569,89300.5
2025-05-08 10:50:00+09:00,0.1568,0.157,0.1564,0.1567,48325.0
2025-05-08 10:55:00+09:00,0.1567,0.1575,0.1566,0.1575,41126.5
2025-05-08 11:00:00+09:00,0.1575,0.1577,0.1571,0.1572,72996.0
2025-05-08 11:05:00+09:00,0.1573,0.1581,0.1573,0.1577,77120.4
2025-05-08 11:10:00+09:00,0.1577,0.1587,0.1577,0.1582,65220.0
2025-05-08 11:15:00+09:00,0.1583,0.1588,0.1582,0.1583,59899.9
2025-05-08 11:20:00+09:00,0.1583,0.1585,0.158,0.1582,183054.7
2025-05-08 11:25:00+09:00,0.1583,0.1592,0.1583,0.1589,85881.0
2025-05-08 11:30:00+09:00,0.159,0.1594,0.1587,0.1588,173486.6
2025-05-08 11:35:00+09:00,0.1588,0.1592,0.1587,0.1591,130785.1
2025-05-08 11:40:00+09:00,0.1592,0.1595,0.1588,0.1592,109409.2
2025-05-08 11:45:00+09:00,0.1591,0.1593,0.1586,0.159,72469.7
2025-05-08 11:50:00+09:00,0.1591,0.1593,0.1589,0.159,67551.6
2025-05-08 11:55:00+09:00,0.159,0.159,0.1585,0.1588,71059.7
2025-05-08 12:00:00+09:00,0.1589,0.1596,0.1588,0.1594,46364.1
2025-05-08 12:05:00+09:00,0.1595,0.16,0.1595,0.1597,79321.2
2025-05-08 12:10:00+09:00,0.1596,0.1602,0.1596,0.1598,153113.7
2025-05-08 12:15:00+09:00,0.1598,0.1599,0.1593,0.1598,176381.5
2025-05-08 12:20:00+09:00,0.1598,0.1606,0.1593,0.1599,752599.6
2025-05-08 12:25:00+09:00,0.1599,0.1601,0.1597,0.1598,83850.9
2025-05-08 12:30:00+09:00,0.1599,0.16,0.1595,0.1596,105906.7
2025-05-08 12:35:00+09:00,0.1596,0.1599,0.1593,0.1594,272078.5
2025-05-08 12:40:00+09:00,0.1594,0.16,0.1593,0.16,177761.3
2025-05-08 12:45:00+09:00,0.16,0.1604,0.1593,0.1599,250805.9
2025-05-08 12:50:00+09:00,0.1598,0.1603,0.1598,0.1602,69657.0
2025-05-08 12:55:00+09:00,0.1603,0.1607,0.1603,0.1607,67989.2
2025-05-08 13:00:00+09:00,0.1606,0.1606,0.1599,0.1604,260020.3
2025-05-08 13:05:00+09:00,0.1604,0.1611,0.1604,0.1605,122430.2
2025-05-08 13:10:00+09:00,0.1606,0.1608,0.1604,0.1607,83129.5
2025-05-08 13:15:00+09:00,0.1607,0.162,0.1607,0.162,147640.6
2025-05-08 13:20:00+09:00,0.1621,0.1622,0.1609,0.161,346645.5
2025-05-08 13:25:00+09:00,0.1611,0.1613,0.1609,0.1611,169262.5
2025-05-08 13:30:00+09:00,0.1612,0.1628,0.1612,0.1627,213180.2
2025-05-08 13:35:00+09:00,0.1626,0.1632,0.1608,0.1611,935755.2
2025-05-08 13:40:00+09:00,0.1611,0.1615,0.1605,0.1608,524540.8
2025-05-08 13:45:00+09:00,0.1608,0.1609,0.1602,0.1604,313788.1
2025-05-08 13:50:00+09:00,0.1605,0.1617,0.1605,0.1608,293038.0
2025-05-08 13:55:00+09:00,0.1608,0.1608,0.1602,0.1603,74081.8
2025-05-08 14:00:00+09:00,0.1603,0.1606,0.1601,0.1605,124642.0
2025-05-08 14:05:00+09:00,0.1605,0.1615,0.1605,0.1612,273064.8
2025-05-08 14:10:00+09:00,0.1613,0.1613,0.1609,0.1611,34574.1
2025-05-08 14:15:00+09:00,0.1611,0.1611,0.1602,0.1603,58109.4
2025-05-08 14:20:00+09:00,0.1604,0.1606,0.1601,0.1602,113343.2
2025-05-08 14:25:00+09:00,0.1602,0.1606,0.1598,0.1603,80198.5
2025-05-08 14:30:00+09:00,0.1603,0.1603,0.1599,0.1599,36789.9
2025-05-08 14:35:00+09:00,0.16,0.1601,0.1596,0.1599,46547.0
2025-05-08 14:40:00+09:00,0.1599,0.1603,0.1599,0.1602,81783.3
2025-05-08 14:45:00+09:00,0.1602,0.1602,0.1597,0.1599,96168.0
2025-05-08 14:50:00+09:00,0.16,0.1602,0.16,0.1601,94321.7
2025-05-08 14:55:00+09:00,0.1601,0.1602,0.1599,0.1601,31714.7
2025-05-08 15:00:00+09:00,0.1601,0.1604,0.1599,0.1603,50066.0
2025-05-08 15:05:00+09:00,0.1604,0.1604,0.1601,0.1602,34951.7
2025-05-08 15:10:00+09:00,0.1603,0.1609,0.1603,0.1606,394009.2
2025-05-08 15:15:00+09:00,0.1606,0.161,0.1605,0.161,30024.5
2025-05-08 15:20:00+09:00,0.1609,0.1611,0.1605,0.1606,40412.4
2025-05-08 15:25:00+09:00,0.1605,0.1607,0.1604,0.1607,54726.8
2025-05-08 15:30:00+09:00,0.1608,0.161,0.1607,0.161,38037.6
2025-05-08 15:35:00+09:00,0.1609,0.161,0.1606,0.1608,52130.3
2025-05-08 15:40:00+09:00,0.1608,0.1609,0.1604,0.1607,150759.2
2025-05-08 15:45:00+09:00,0.1608,0.161,0.1605,0.1607,79075.3
2025-05-08 15:50:00+09:00,0.1606,0.1609,0.1606,0.1609,46438.5
2025-05-08 15:55:00+09:00,0.1609,0.1616,0.1609,0.1615,99349.0
2025-05-08 16:00:00+09:00,0.1615,0.1624,0.1613,0.162,415965.0
2025-05-08 16:05:00+09:00,0.1619,0.1622,0.1615,0.1617,436056.5
2025-05-08 16:10:00+09:00,0.1616,0.1616,0.1609,0.161,168406.3
2025-05-08 16:15:00+09:00,0.1611,0.1618,0.1611,0.1617,72628.9
2025-05-08 16:20:00+09:00,0.1618,0.1629,0.1617,0.1619,335178.6
2025-05-08 16:25:00+09:00,0.1619,0.1622,0.1617,0.1619,287210.4
2025-05-08 16:30:00+09:00,0.1619,0.1634,0.1616,0.163,364594.1
2025-05-08 16:35:00+09:00,0.1629,0.1629,0.1621,0.1622,72449.1
2025-05-08 16:40:00+09:00,0.1623,0.1626,0.1621,0.1624,72538.9
2025-05-08 16:45:00+09:00,0.1624,0.1629,0.1622,0.1627,208416.2
2025-05-08 16:50:00+09:00,0.1627,0.1632,0.1625,0.1626,214522.1
2025-05-08 16:55:00+09:00,0.1627,0.1628,0.1622,0.1624,401965.9
2025-05-08 17:00:00+09:00,0.1624,0.1629,0.1618,0.1628,244125.7
2025-05-08 17:05:00+09:00,0.1628,0.1631,0.1627,0.163,108750.4
2025-05-08 17:10:00+09:00,0.163,0.1631,0.162,0.1621,51457.0
2025-05-08 17:15:00+09:00,0.1621,0.1624,0.1619,0.1621,112607.7
2025-05-08 17:20:00+09:00,0.1622,0.1625,0.1619,0.1619,185575.1
2025-05-08 17:25:00+09:00,0.1618,0.1619,0.1613,0.1613,141917.0
2025-05-08 17:30:00+09:00,0.1613,0.162,0.161,0.1618,206084.1
2025-05-08 17:35:00+09:00,0.1618,0.1621,0.1618,0.162,54811.3
2025-05-08 17:40:00+09:00,0.1619,0.162,0.1613,0.1619,145628.8
2025-05-08 17:45:00+09:00,0.1618,0.1628,0.1615,0.1622,309013.6
2025-05-08 17:50:00+09:00,0.1622,0.1623,0.1615,0.1618,92430.7
2025-05-08 17:55:00+09:00,0.1619,0.1619,0.1616,0.1618,53220.2
2025-05-08 18:00:00+09:00,0.1618,0.1619,0.1615,0.1618,96998.2
2025-05-08 18:05:00+09:00,0.1617,0.1618,0.1613,0.1615,75317.6
2025-05-08 18:10:00+09:00,0.1615,0.1617,0.1614,0.1615,65500.1
2025-05-08 18:15:00+09:00,0.1615,0.1615,0.161,0.1612,128174.1
2025-05-08 18:20:00+09:00,0.1612,0.1612,0.1609,0.161,115092.1
2025-05-08 18:25:00+09:00,0.161,0.162,0.161,0.1615,345223.2
2025-05-08 18:30:00+09:00,0.1615,0.1615,0.1612,0.1614,59194.0
2025-05-08 18:35:00+09:00,0.1614,0.1615,0.1611,0.1611,108994.6
2025-05-08 18:40:00+09:00,0.1611,0.1611,0.1606,0.1606,220367.4
2025-05-08 18:45:00+09:00,0.1606,0.1609,0.1605,0.1609,96021.9
2025-05-08 18:50:00+09:00,0.1608,0.1609,0.1604,0.1607,84074.5
2025-05-08 18:55:00+09:00,0.1608,0.1608,0.1605,0.1607,49611.1
2025-05-08 19:00:00+09:00,0.1607,0.1609,0.1601,0.1605,78094.0
2025-05-08 19:05:00+09:00,0.1604,0.1604,0.1599,0.1601,159117.0
2025-05-08 19:10:00+09:00,0.1601,0.1606,0.1601,0.1605,88154.4
2025-05-08 19:15:00+09:00,0.1605,0.1613,0.1605,0.1613,204052.8
2025-05-08 19:20:00+09:00,0.1613,0.1615,0.1612,0.1613,71370.6
2025-05-08 19:25:00+09:00,0.1613,0.1613,0.1606,0.1608,80940.1
2025-05-08 19:30:00+09:00,0.1608,0.1612,0.1607,0.161,91079.3
2025-05-08 19:35:00+09:00,0.1609,0.1611,0.1609,0.1609,29965.7
2025-05-08 19:40:00+09:00,0.161,0.1615,0.161,0.1614,103176.9
2025-05-08 19:45:00+09:00,0.1615,0.1616,0.161,0.1611,223848.2
2025-05-08 19:50:00+09:00,0.1612,0.1614,0.161,0.1614,42457.6
2025-05-08 19:55:00+09:00,0.1615,0.1618,0.1615,0.1615,71368.5
2025-05-08 20:00:00+09:00,0.1616,0.1617,0.161,0.1611,39931.7
2025-05-08 20:05:00+09:00,0.161,0.1616,0.1606,0.1614,101878.0
2025-05-08 20:10:00+09:00,0.1614,0.1615,0.1602,0.1607,489088.2
2025-05-08 20:15:00+09:00,0.1607,0.1611,0.1605,0.1606,160912.9
2025-05-08 20:20:00+09:00,0.1605,0.1606,0.1602,0.1605,128763.6
2025-05-08 20:25:00+09:00,0.1606,0.1612,0.1604,0.1612,78725.7
2025-05-08 20:30:00+09:00,0.1612,0.1613,0.1609,0.1609,63678.1
2025-05-08 20:35:00+09:00,0.1609,0.161,0.1607,0.1609,35652.1
2025-05-08 20:40:00+09:00,0.161,0.1612,0.1608,0.1609,46066.5
2025-05-08 20:45:00+09:00,0.161,0.1612,0.1609,0.1612,69476.7
2025-05-08 20:50:00+09:00,0.1612,0.1613,0.161,0.1611,81801.6
2025-05-08 20:55:00+09:00,0.1611,0.1615,0.1608,0.1612,189413.9
2025-05-08 21:00:00+09:00,0.1611,0.1614,0.1608,0.1613,215446.7
2025-05-08 21:05:00+09:00,0.1614,0.1614,0.1609,0.161,119620.3
2025-05-08 21:10:00+09:00,0.1611,0.1619,0.161,0.1616,351736.4
2025-05-08 21:15:00+09:00,0.1617,0.1623,0.1615,0.1621,306586.3
2025-05-08 21:20:00+09:00,0.1621,0.1624,0.1618,0.1618,248829.5
2025-05-08 21:25:00+09:00,0.1618,0.1619,0.1615,0.1618,90586.2
2025-05-08 21:30:00+09:00,0.1618,0.162,0.1616,0.1618,99199.7
2025-05-08 21:35:00+09:00,0.1618,0.1618,0.1611,0.1611,125914.1
2025-05-08 21:40:00+09:00,0.1611,0.1615,0.161,0.1611,133947.7
2025-05-08 21:45:00+09:00,0.1612,0.162,0.1612,0.1618,129391.4
2025-05-08 21:50:00+09:00,0.1618,0.1618,0.1613,0.1614,112246.2
2025-05-08 21:55:00+09:00,0.1613,0.1617,0.1613,0.1617,44077.6
2025-05-08 22:00:00+09:00,0.1616,0.1622,0.1616,0.162,84904.0
2025-05-08 22:05:00+09:00,0.1621,0.1621,0.1616,0.1618,167574.7
2025-05-08 22:10:00+09:00,0.1618,0.1623,0.1618,0.1623,35489.1
2025-05-08 22:15:00+09:00,0.1623,0.1624,0.162,0.1624,58855.0
2025-05-08 22:20:00+09:00,0.1623,0.1627,0.162,0.162,334405.1
2025-05-08 22:25:00+09:00,0.1619,0.1622,0.1619,0.1622,72921.1
2025-05-08 22:30:00+09:00,0.1621,0.1629,0.1621,0.1626,80786.2
2025-05-08 22:35:00+09:00,0.1626,0.1634,0.1622,0.1622,156545.4
2025-05-08 22:40:00+09:00,0.1622,0.1629,0.162,0.1626,57951.2
2025-05-08 22:45:00+09:00,0.1626,0.163,0.162,0.1623,82630.5
2025-05-08 22:50:00+09:00,0.1624,0.1625,0.1619,0.162,52484.8
2025-05-08 22:55:00+09:00,0.1621,0.1624,0.1621,0.1621,25906.0
2025-05-08 23:00:00+09:00,0.1621,0.1625,0.162,0.1623,106902.9
2025-05-08 23:05:00+09:00,0.1623,0.1623,0.1616,0.1618,78119.3
2025-05-08 23:10:00+09:00,0.1618,0.1623,0.1614,0.1622,156081.3
2025-05-08 23:15:00+09:00,0.1623,0.163,0.1623,0.1628,207161.5
2025-05-08 23:20:00+09:00,0.1628,0.1631,0.1627,0.1629,172655.1
2025-05-08 23:25:00+09:00,0.1629,0.1631,0.1621,0.1624,97591.5
2025-05-08 23:30:00+09:00,0.1625,0.1628,0.1623,0.1628,71104.0
2025-05-08 23:35:00+09:00,0.1628,0.1629,0.1618,0.1619,184919.2
2025-05-08 23:40:00+09:00,0.1618,0.1619,0.1613,0.1619,391849.5
2025-05-08 23:45:00+09:00,0.162,0.1622,0.1616,0.1622,83568.7
2025-05-08 23:50:00+09:00,0.1622,0.1633,0.1621,0.1626,226481.0
2025-05-08 23:55:00+09:00,0.1626,0.1627,0.1621,0.1623,63785.1
2025-05-09 00:00:00+09:00,0.1623,0.1627,0.1622,0.1623,137048.5
2025-05-09 00:05:00+09:00,0.1622,0.1633,0.1622,0.1633,91567.9
2025-05-09 00:10:00+09:00,0.1633,0.1636,0.1631,0.1635,193500.2
2025-05-09 00:15:00+09:00,0.1635,0.1637,0.1632,0.1637,101501.8
2025-05-09 00:20:00+09:00,0.1638,0.1653,0.1635,0.165,436418.0
2025-05-09 00:25:00+09:00,0.1651,0.1654,0.1646,0.1647,438684.5
2025-05-09 00:30:00+09:00,0.1646,0.1651,0.1641,0.1644,249809.3
2025-05-09 00:35:00+09:00,0.1645,0.1658,0.1644,0.1658,463506.6
2025-05-09 00:40:00+09:00,0.1659,0.1671,0.1659,0.1661,350295.9
2025-05-09 00:45:00+09:00,0.1661,0.1665,0.1655,0.1661,370086.8
2025-05-09 00:50:00+09:00,0.166,0.1664,0.1638,0.1644,1120017.9
2025-05-09 00:55:00+09:00,0.1644,0.1649,0.1638,0.1643,354518.6
2025-05-09 01:00:00+09:00,0.1643,0.1647,0.1639,0.164,205271.0
2025-05-09 01:05:00+09:00,0.1641,0.1658,0.164,0.1653,424402.3
2025-05-09 01:10:00+09:00,0.1654,0.166,0.1654,0.1656,188617.4
2025-05-09 01:15:00+09:00,0.1657,0.1665,0.1656,0.1661,135776.3
2025-05-09 01:20:00+09:00,0.1661,0.1662,0.165,0.1651,302814.1
2025-05-09 01:25:00+09:00,0.1652,0.1654,0.1644,0.1648,130780.3
2025-05-09 01:30:00+09:00,0.1648,0.1658,0.1647,0.1658,80309.0
2025-05-09 01:35:00+09:00,0.1658,0.166,0.1655,0.1658,47959.2
2025-05-09 01:40:00+09:00,0.1659,0.1662,0.1656,0.1661,267090.3
2025-05-09 01:45:00+09:00,0.1661,0.1666,0.1658,0.1666,164324.5
2025-05-09 01:50:00+09:00,0.1665,0.1669,0.1665,0.1667,176631.6
2025-05-09 01:55:00+09:00,0.1668,0.167,0.1662,0.1663,97780.8
2025-05-09 02:00:00+09:00,0.1662,0.1666,0.166,0.1663,104012.7
2025-05-09 02:05:00+09:00,0.1664,0.1674,0.1663,0.1669,257022.9
2025-05-09 02:10:00+09:00,0.1669,0.1675,0.1667,0.1675,487085.6
2025-05-09 02:15:00+09:00,0.1674,0.1682,0.1673,0.168,177326.9
2025-05-09 02:20:00+09:00,0.1681,0.1681,0.1672,0.1675,289281.0
2025-05-09 02:25:00+09:00,0.1674,0.1679,0.1673,0.1677,108611.0
2025-05-09 02:30:00+09:00,0.1676,0.1677,0.167,0.1671,164725.5
2025-05-09 02:35:00+09:00,0.1671,0.1672,0.1662,0.1663,317945.0
2025-05-09 02:40:00+09:00,0.1664,0.1664,0.1654,0.1656,228027.6
2025-05-09 02:45:00+09:00,0.1657,0.166,0.165,0.1656,256476.2
2025-05-09 02:50:00+09:00,0.1656,0.1658,0.1655,0.1657,144832.5
2025-05-09 02:55:00+09:00,0.1657,0.1658,0.1655,0.1656,66460.8
2025-05-09 03:00:00+09:00,0.1657,0.1659,0.1653,0.1656,134993.2
2025-05-09 03:05:00+09:00,0.1657,0.1659,0.1654,0.1657,90771.4
2025-05-09 03:10:00+09:00,0.1657,0.1657,0.1652,0.1655,60857.5
2025-05-09 03:15:00+09:00,0.1655,0.1659,0.1655,0.1658,51885.2
2025-05-09 03:20:00+09:00,0.1658,0.1663,0.1657,0.1657,108617.2
2025-05-09 03:25:00+09:00,0.1658,0.1659,0.1654,0.1656,55613.6
2025-05-09 03:30:00+09:00,0.1656,0.1658,0.1645,0.1646,156341.0
2025-05-09 03:35:00+09:00,0.1646,0.1651,0.1646,0.1648,177207.4
2025-05-09 03:40:00+09:00,0.1649,0.1652,0.1643,0.1643,292143.6
2025-05-09 03:45:00+09:00,0.1643,0.1643,0.1637,0.1639,194703.7
2025-05-09 03:50:00+09:00,0.164,0.1646,0.1639,0.1645,193331.2
2025-05-09 03:55:00+09:00,0.1644,0.1646,0.1643,0.1645,57285.0
2025-05-09 04:00:00+09:00,0.1645,0.165,0.1645,0.1646,313276.6
2025-05-09 04:05:00+09:00,0.1646,0.1646,0.1643,0.1645,53777.8
2025-05-09 04:10:00+09:00,0.1645,0.1645,0.1641,0.1643,40069.0
2025-05-09 04:15:00+09:00,0.1642,0.1643,0.1636,0.1638,133920.9
2025-05-09 04:20:00+09:00,0.1639,0.1647,0.1637,0.1639,209374.7
2025-05-09 04:25:00+09:00,0.164,0.1646,0.164,0.1645,65977.0
2025-05-09 04:30:00+09:00,0.1645,0.1646,0.1644,0.1644,21080.3
2025-05-09 04:35:00+09:00,0.1643,0.1646,0.1638,0.1645,75648.2
2025-05-09 04:40:00+09:00,0.1645,0.1655,0.1645,0.1653,125135.7
2025-05-09 04:45:00+09:00,0.1653,0.1657,0.1649,0.1655,102905.6
2025-05-09 04:50:00+09:00,0.1654,0.1662,0.165,0.1661,178838.7
2025-05-09 04:55:00+09:00,0.166,0.166,0.1656,0.1657,251386.0
2025-05-09 05:00:00+09:00,0.1658,0.1664,0.1658,0.1664,77474.1
2025-05-09 05:05:00+09:00,0.1663,0.1671,0.1662,0.1667,216769.5
2025-05-09 05:10:00+09:00,0.1666,0.1667,0.1662,0.1662,66088.3
2025-05-09 05:15:00+09:00,0.1663,0.1668,0.1662,0.1668,121160.2
2025-05-09 05:20:00+09:00,0.1668,0.1677,0.1668,0.1676,80357.5
2025-05-09 05:25:00+09:00,0.1676,0.1676,0.167,0.1674,45582.5
2025-05-09 05:30:00+09:00,0.1674,0.1677,0.1671,0.1672,127079.8
2025-05-09 05:35:00+09:00,0.1672,0.1682,0.1669,0.1682,74051.0
2025-05-09 05:40:00+09:00,0.1682,0.169,0.168,0.1686,60849.7
2025-05-09 05:45:00+09:00,0.1686,0.169,0.1681,0.169,154875.9
2025-05-09 05:50:00+09:00,0.169,0.1701,0.169,0.1699,515526.0
2025-05-09 05:55:00+09:00,0.1699,0.1706,0.1692,0.1696,230959.2
2025-05-09 06:00:00+09:00,0.1696,0.1698,0.1687,0.1687,157561.6
2025-05-09 06:05:00+09:00,0.1688,0.1693,0.1682,0.1692,237352.6
2025-05-09 06:10:00+09:00,0.1692,0.1694,0.1688,0.1691,117144.5
2025-05-09 06:15:00+09:00,0.1691,0.1701,0.1691,0.1696,191181.2
2025-05-09 06:20:00+09:00,0.1696,0.171,0.1696,0.1704,189978.1
2025-05-09 06:25:00+09:00,0.1703,0.1704,0.1693,0.1695,187663.5
2025-05-09 06:30:00+09:00,0.1694,0.1718,0.1692,0.1702,583802.8
2025-05-09 06:35:00+09:00,0.1702,0.1706,0.1698,0.1699,177821.4
2025-05-09 06:40:00+09:00,0.1699,0.17,0.1684,0.1687,111704.7
2025-05-09 06:45:00+09:00,0.1688,0.1694,0.1687,0.169,39404.5
2025-05-09 06:50:00+09:00,0.169,0.169,0.1683,0.1684,136919.0
2025-05-09 06:55:00+09:00,0.1684,0.1694,0.1683,0.1683,129147.5
2025-05-09 07:00:00+09:00,0.1684,0.1688,0.1677,0.1678,156282.8
2025-05-09 07:05:00+09:00,0.1678,0.1686,0.1678,0.168,170771.6
2025-05-09 07:10:00+09:00,0.1681,0.1684,0.1674,0.1683,256642.9
2025-05-09 07:15:00+09:00,0.1682,0.1684,0.1675,0.1684,153191.6
2025-05-09 07:20:00+09:00,0.1685,0.1688,0.1683,0.1683,91476.7
2025-05-09 07:25:00+09:00,0.1684,0.1685,0.167,0.1682,1525046.6
2025-05-09 07:30:00+09:00,0.1682,0.1685,0.168,0.1683,62326.3
2025-05-09 07:35:00+09:00,0.1683,0.1691,0.1683,0.169,87411.1
2025-05-09 07:40:00+09:00,0.169,0.1695,0.169,0.1693,199154.2
2025-05-09 07:45:00+09:00,0.1693,0.1697,0.1693,0.1694,151024.5
2025-05-09 07:50:00+09:00,0.1694,0.1697,0.1693,0.1697,96611.6
2025-05-09 07:55:00+09:00,0.1697,0.17,0.1693,0.1693,103768.0
2025-05-09 08:00:00+09:00,0.1694,0.1694,0.1682,0.1687,202723.3
2025-05-09 08:05:00+09:00,0.1687,0.1695,0.1686,0.1694,49896.9
2025-05-09 08:10:00+09:00,0.1694,0.1696,0.1693,0.1694,27218.1
2025-05-09 08:15:00+09:00,0.1693,0.1702,0.1693,0.1701,82864.6
2025-05-09 08:20:00+09:00,0.17,0.1706,0.17,0.17,280975.7
2025-05-09 08:25:00+09:00,0.17,0.1702,0.1698,0.17,70465.8
2025-05-09 08:30:00+09:00,0.17,0.1701,0.1697,0.1699,82612.2
2025-05-09 08:35:00+09:00,0.1699,0.1702,0.1694,0.1698,138783.8
2025-05-09 08:40:00+09:00,0.1698,0.1703,0.1697,0.1703,284660.1
2025-05-09 08:45:00+09:00,0.1702,0.1706,0.17,0.17,73554.5
2025-05-09 08:50:00+09:00,0.17,0.1701,0.1695,0.1696,81174.3
2025-05-09 08:55:00+09:00,0.1696,0.1698,0.1693,0.1696,104948.8
2025-05-09 09:00:00+09:00,0.1696,0.1698,0.1678,0.1678,534638.3
2025-05-09 09:05:00+09:00,0.1677,0.168,0.1661,0.1672,773641.2
2025-05-09 09:10:00+09:00,0.1672,0.1683,0.1665,0.1682,999273.8
2025-05-09 09:15:00+09:00,0.1681,0.1706,0.1676,0.1704,529549.0
2025-05-09 09:20:00+09:00,0.1704,0.1709,0.1687,0.1687,440089.3
2025-05-09 09:25:00+09:00,0.1687,0.17,0.1685,0.1698,99232.7
2025-05-09 09:30:00+09:00,0.1697,0.1697,0.1688,0.1691,173898.3
2025-05-09 09:35:00+09:00,0.169,0.1699,0.1687,0.1697,138492.8
2025-05-09 09:40:00+09:00,0.1697,0.1705,0.1696,0.1703,161671.1
2025-05-09 09:45:00+09:00,0.1703,0.1707,0.17,0.1701,118850.2
2025-05-09 09:50:00+09:00,0.1701,0.1708,0.1699,0.1704,254766.5
2025-05-09 09:55:00+09:00,0.1705,0.1713,0.1704,0.1709,305769.3
2025-05-09 10:00:00+09:00,0.1709,0.1724,0.1706,0.1711,415752.6
2025-05-09 10:05:00+09:00,0.171,0.1711,0.1701,0.1706,499444.0
2025-05-09 10:10:00+09:00,0.1706,0.1715,0.1702,0.1713,140686.7
2025-05-09 10:15:00+09:00,0.1713,0.1722,0.171,0.1716,192827.5
2025-05-09 10:20:00+09:00,0.1715,0.1717,0.171,0.1712,124978.4
2025-05-09 10:25:00+09:00,0.1712,0.1717,0.1709,0.1713,99376.8
2025-05-09 10:30:00+09:00,0.1713,0.1714,0.1702,0.1706,175995.7
2025-05-09 10:35:00+09:00,0.1706,0.1709,0.1703,0.1708,87216.4
2025-05-09 10:40:00+09:00,0.1707,0.1717,0.1706,0.1714,192658.3
2025-05-09 10:45:00+09:00,0.1714,0.172,0.171,0.1719,168316.9
2025-05-09 10:50:00+09:00,0.1718,0.1723,0.1715,0.172,171356.7
2025-05-09 10:55:00+09:00,0.172,0.1726,0.1717,0.1725,407298.1
2025-05-09 11:00:00+09:00,0.1724,0.1724,0.1718,0.1723,140505.7
2025-05-09 11:05:00+09:00,0.1722,0.1723,0.1715,0.1722,274801.9
2025-05-09 11:10:00+09:00,0.1723,0.1733,0.1723,0.1729,292537.0
2025-05-09 11:15:00+09:00,0.1728,0.1739,0.1726,0.1729,497492.2
2025-05-09 11:20:00+09:00,0.1729,0.1732,0.1718,0.172,617997.3
2025-05-09 11:25:00+09:00,0.172,0.1721,0.1705,0.1707,713792.8
2025-05-09 11:30:00+09:00,0.1706,0.1723,0.1702,0.171,1441467.3
2025-05-09 11:35:00+09:00,0.1711,0.1729,0.1706,0.1723,1798121.2
2025-05-09 11:40:00+09:00,0.1722,0.1732,0.1713,0.1727,471938.6
2025-05-09 11:45:00+09:00,0.1727,0.1738,0.1723,0.1737,339841.8
2025-05-09 11:50:00+09:00,0.1737,0.1737,0.1729,0.1731,175400.3
2025-05-09 11:55:00+09:00,0.1732,0.1735,0.1731,0.1733,104567.4
2025-05-09 12:00:00+09:00,0.1733,0.1742,0.1728,0.1733,391577.5
2025-05-09 12:05:00+09:00,0.1733,0.1735,0.1729,0.1731,98049.1
2025-05-09 12:10:00+09:00,0.1731,0.1736,0.1727,0.1734,165909.6
2025-05-09 12:15:00+09:00,0.1734,0.1741,0.1729,0.1737,255170.7
2025-05-09 12:20:00+09:00,0.1737,0.176,0.1735,0.1758,550887.5
2025-05-09 12:25:00+09:00,0.1757,0.1762,0.1749,0.175,408223.7
2025-05-09 12:30:00+09:00,0.1751,0.176,0.1751,0.1755,351160.6
2025-05-09 12:35:00+09:00,0.1754,0.1754,0.1732,0.1734,263076.0
2025-05-09 12:40:00+09:00,0.1733,0.1744,0.1733,0.1738,147596.4
2025-05-09 12:45:00+09:00,0.1738,0.1747,0.1736,0.1745,145161.6
2025-05-09 12:50:00+09:00,0.1746,0.1756,0.1746,0.1753,76326.2
2025-05-09 12:55:00+09:00,0.1753,0.1753,0.1734,0.174,310283.0
2025-05-09 13:00:00+09:00,0.1741,0.1759,0.174,0.1759,372251.7
2025-05-09 13:05:00+09:00,0.1759,0.1771,0.1758,0.1771,223867.1
2025-05-09 13:10:00+09:00,0.177,0.1778,0.1764,0.1766,416312.9
2025-05-09 13:15:00+09:00,0.1766,0.177,0.1757,0.1763,324064.8
2025-05-09 13:20:00+09:00,0.1763,0.1771,0.1758,0.1759,253164.1
2025-05-09 13:25:00+09:00,0.176,0.1761,0.1739,0.1747,1374164.5
2025-05-09 13:30:00+09:00,0.1746,0.1748,0.1738,0.1743,265230.7
2025-05-09 13:35:00+09:00,0.1744,0.1748,0.174,0.1743,168041.3
2025-05-09 13:40:00+09:00,0.1743,0.1743,0.1736,0.1738,168973.4
2025-05-09 13:45:00+09:00,0.1737,0.1741,0.1726,0.1727,347422.3
2025-05-09 13:50:00+09:00,0.1727,0.173,0.1724,0.1729,140000.4
2025-05-09 13:55:00+09:00,0.1729,0.1729,0.172,0.1724,281439.6
2025-05-09 14:00:00+09:00,0.1723,0.1728,0.1716,0.1727,149029.3
2025-05-09 14:05:00+09:00,0.1727,0.1735,0.1727,0.1733,135148.2
2025-05-09 14:10:00+09:00,0.1732,0.1734,0.1731,0.1731,80887.1
2025-05-09 14:15:00+09:00,0.1732,0.1738,0.1732,0.1733,152137.7
2025-05-09 14:20:00+09:00,0.1732,0.1738,0.1731,0.1737,133946.7
2025-05-09 14:25:00+09:00,0.1737,0.1739,0.1731,0.1734,104070.8
2025-05-09 14:30:00+09:00,0.1733,0.1735,0.1727,0.1735,94846.8
2025-05-09 14:35:00+09:00,0.1735,0.1736,0.1729,0.1735,305134.9
2025-05-09 14:40:00+09:00,0.1736,0.1738,0.1732,0.1735,80270.5
2025-05-09 14:45:00+09:00,0.1735,0.1746,0.1735,0.1742,59873.8
2025-05-09 14:50:00+09:00,0.1743,0.1748,0.1741,0.1748,80916.9
2025-05-09 14:55:00+09:00,0.1748,0.1749,0.1741,0.1743,154465.8
2025-05-09 15:00:00+09:00,0.1743,0.1746,0.1741,0.1744,162816.3
2025-05-09 15:05:00+09:00,0.1744,0.1747,0.1734,0.1735,128680.9
2025-05-09 15:10:00+09:00,0.1735,0.1745,0.1735,0.1736,145469.7
2025-05-09 15:15:00+09:00,0.1737,0.1741,0.1733,0.1739,132201.0
2025-05-09 15:20:00+09:00,0.1738,0.1746,0.1737,0.1744,192314.0
2025-05-09 15:25:00+09:00,0.1744,0.1748,0.1741,0.1743,106487.0
2025-05-09 15:30:00+09:00,0.1743,0.1749,0.1742,0.1746,216554.0
2025-05-09 15:35:00+09:00,0.1745,0.1745,0.1732,0.1736,192566.4
2025-05-09 15:40:00+09:00,0.1735,0.1744,0.1733,0.1742,474952.2
2025-05-09 15:45:00+09:00,0.1743,0.1744,0.1736,0.1743,97386.9
2025-05-09 15:50:00+09:00,0.1743,0.1749,0.1743,0.1747,162858.1
2025-05-09 15:55:00+09:00,0.1746,0.1754,0.1744,0.1751,437963.5
2025-05-09 16:00:00+09:00,0.175,0.1758,0.175,0.1758,274436.7
2025-05-09 16:05:00+09:00,0.1758,0.177,0.1755,0.177,286134.3
2025-05-09 16:10:00+09:00,0.1771,0.1774,0.1766,0.1767,160080.0
2025-05-09 16:15:00+09:00,0.1767,0.1779,0.1766,0.1775,404013.3
2025-05-09 16:20:00+09:00,0.1774,0.1783,0.1769,0.1779,550857.9
2025-05-09 16:25:00+09:00,0.1778,0.1787,0.1776,0.1784,631022.7
2025-05-09 16:30:00+09:00,0.1785,0.1785,0.1776,0.1783,318635.1
2025-05-09 16:35:00+09:00,0.1785,0.1787,0.1782,0.1784,161581.5
2025-05-09 16:40:00+09:00,0.1785,0.18,0.1782,0.1786,587716.1
2025-05-09 16:45:00+09:00,0.1787,0.1788,0.1781,0.1787,269166.2
2025-05-09 16:50:00+09:00,0.1787,0.1787,0.1766,0.1769,251921.5
2025-05-09 16:55:00+09:00,0.177,0.1771,0.1757,0.1767,333800.8
2025-05-09 17:00:00+09:00,0.1766,0.1781,0.1765,0.1781,483640.4
2025-05-09 17:05:00+09:00,0.178,0.1785,0.1776,0.1781,334443.3
2025-05-09 17:10:00+09:00,0.178,0.1784,0.1772,0.1782,669781.4
2025-05-09 17:15:00+09:00,0.1781,0.1795,0.1781,0.1789,1141473.7
2025-05-09 17:20:00+09:00,0.1789,0.1797,0.1786,0.1796,340261.7
2025-05-09 17:25:00+09:00,0.1796,0.1808,0.1796,0.1798,653525.5
2025-05-09 17:30:00+09:00,0.1797,0.181,0.1793,0.1805,494582.4
2025-05-09 17:35:00+09:00,0.1805,0.1811,0.1782,0.1782,376451.4
2025-05-09 17:40:00+09:00,0.1782,0.1786,0.1741,0.1747,1225729.4
2025-05-09 17:45:00+09:00,0.1747,0.1774,0.1747,0.1763,633503.6
2025-05-09 17:50:00+09:00,0.1762,0.1767,0.176,0.1761,65696.2
2025-05-09 17:55:00+09:00,0.1758,0.1769,0.175,0.1761,613983.0
2025-05-09 18:00:00+09:00,0.1762,0.1773,0.1761,0.1771,138166.1
2025-05-09 18:05:00+09:00,0.1772,0.1774,0.1756,0.1762,285126.6
2025-05-09 18:10:00+09:00,0.1757,0.1758,0.1739,0.1751,453908.8
2025-05-09 18:15:00+09:00,0.1751,0.1761,0.1742,0.1761,217014.1
2025-05-09 18:20:00+09:00,0.1761,0.1765,0.1751,0.1757,329091.3
2025-05-09 18:25:00+09:00,0.1757,0.1761,0.1742,0.1755,521304.2
2025-05-09 18:30:00+09:00,0.1755,0.1772,0.1754,0.177,203917.9
2025-05-09 18:35:00+09:00,0.1771,0.1774,0.1767,0.1769,60071.7
2025-05-09 18:40:00+09:00,0.1768,0.1769,0.1754,0.1758,180531.0
2025-05-09 18:45:00+09:00,0.1759,0.1765,0.1756,0.1756,79937.5
2025-05-09 18:50:00+09:00,0.1756,0.1758,0.1747,0.1758,103486.4
2025-05-09 18:55:00+09:00,0.1757,0.1765,0.1757,0.1759,232750.3
2025-05-09 19:00:00+09:00,0.1759,0.1761,0.1751,0.1759,108132.7
2025-05-09 19:05:00+09:00,0.176,0.1763,0.1758,0.1762,89302.3
2025-05-09 19:10:00+09:00,0.1763,0.1772,0.1763,0.177,133264.5
2025-05-09 19:15:00+09:00,0.177,0.1777,0.1768,0.1772,79382.9
2025-05-09 19:20:00+09:00,0.1771,0.1773,0.1765,0.1773,115717.6
2025-05-09 19:25:00+09:00,0.1774,0.1777,0.177,0.1774,125005.7
2025-05-09 19:30:00+09:00,0.1773,0.1783,0.1773,0.1781,217953.2
2025-05-09 19:35:00+09:00,0.1781,0.1787,0.1778,0.1779,239455.7
2025-05-09 19:40:00+09:00,0.1779,0.1784,0.1777,0.1781,106973.7
2025-05-09 19:45:00+09:00,0.178,0.1789,0.178,0.1788,149534.2
2025-05-09 19:50:00+09:00,0.1787,0.1789,0.1781,0.1783,322341.5
2025-05-09 19:55:00+09:00,0.1783,0.1792,0.1782,0.1791,239432.2
2025-05-09 20:00:00+09:00,0.1792,0.1793,0.1779,0.1783,563344.6
2025-05-09 20:05:00+09:00,0.1782,0.1796,0.178,0.1793,210937.9
2025-05-09 20:10:00+09:00,0.1794,0.18,0.1789,0.1795,241391.0
2025-05-09 20:15:00+09:00,0.1796,0.1805,0.1791,0.1803,432159.5
2025-05-09 20:20:00+09:00,0.1803,0.1814,0.18,0.1814,396863.0
2025-05-09 20:25:00+09:00,0.1814,0.1814,0.1775,0.1785,1600616.2
2025-05-09 20:30:00+09:00,0.1784,0.1797,0.1779,0.1794,617072.3
2025-05-09 20:35:00+09:00,0.1795,0.1795,0.1776,0.1783,349026.3
2025-05-09 20:40:00+09:00,0.1783,0.1791,0.178,0.1791,347546.9
2025-05-09 20:45:00+09:00,0.179,0.1793,0.1785,0.1789,187687.4
2025-05-09 20:50:00+09:00,0.1789,0.1792,0.1787,0.1792,206983.7
2025-05-09 20:55:00+09:00,0.1793,0.1796,0.1778,0.1785,611336.9
2025-05-09 21:00:00+09:00,0.1784,0.1788,0.1767,0.1777,380172.4
2025-05-09 21:05:00+09:00,0.1777,0.1781,0.1762,0.1767,234495.2
2025-05-09 21:10:00+09:00,0.1767,0.177,0.1757,0.1769,226249.4
2025-05-09 21:15:00+09:00,0.1769,0.1779,0.1763,0.1777,131385.0
2025-05-09 21:20:00+09:00,0.1777,0.1789,0.1775,0.1789,181189.4
2025-05-09 21:25:00+09:00,0.1789,0.1791,0.1786,0.1787,119947.6
2025-05-09 21:30:00+09:00,0.1787,0.179,0.1783,0.1789,139065.5
2025-05-09 21:35:00+09:00,0.1789,0.1793,0.1786,0.179,151941.7
2025-05-09 21:40:00+09:00,0.179,0.1796,0.1786,0.1791,402020.7
2025-05-09 21:45:00+09:00,0.179,0.1797,0.1786,0.1796,168204.0
2025-05-09 21:50:00+09:00,0.1796,0.1803,0.1794,0.1802,197294.1
2025-05-09 21:55:00+09:00,0.1802,0.1802,0.1792,0.1792,132311.8
2025-05-09 22:00:00+09:00,0.1793,0.1799,0.1793,0.1794,120727.4
2025-05-09 22:05:00+09:00,0.1793,0.1798,0.1791,0.1797,168961.3
2025-05-09 22:10:00+09:00,0.1797,0.1805,0.1797,0.1802,342108.8
2025-05-09 22:15:00+09:00,0.1802,0.1806,0.1794,0.1801,494568.3
2025-05-09 22:20:00+09:00,0.18,0.1803,0.1796,0.1802,349732.0
2025-05-09 22:25:00+09:00,0.1801,0.1805,0.1795,0.1797,420343.0
2025-05-09 22:30:00+09:00,0.1798,0.1803,0.179,0.18,379830.4
2025-05-09 22:35:00+09:00,0.18,0.1814,0.1798,0.1813,496907.8
2025-05-09 22:40:00+09:00,0.1813,0.1823,0.1808,0.1812,1042507.7
2025-05-09 22:45:00+09:00,0.1813,0.1821,0.181,0.1818,399389.0
2025-05-09 22:50:00+09:00,0.1819,0.1819,0.1807,0.1819,417863.8
2025-05-09 22:55:00+09:00,0.182,0.1823,0.1811,0.1811,243999.6
2025-05-09 23:00:00+09:00,0.1811,0.1817,0.1809,0.1813,274869.9
2025-05-09 23:05:00+09:00,0.1812,0.1824,0.1808,0.1824,216577.9
2025-05-09 23:10:00+09:00,0.1824,0.183,0.1819,0.1819,169650.9
2025-05-09 23:15:00+09:00,0.1819,0.1822,0.1811,0.1811,185321.9
2025-05-09 23:20:00+09:00,0.1811,0.1812,0.1793,0.1795,315060.1
2025-05-09 23:25:00+09:00,0.1794,0.1796,0.1786,0.1792,385766.6
2025-05-09 23:30:00+09:00,0.179,0.1809,0.1789,0.1807,241072.5
2025-05-09 23:35:00+09:00,0.1808,0.1809,0.1776,0.1784,598776.2
2025-05-09 23:40:00+09:00,0.1784,0.1799,0.1782,0.1797,366923.9
2025-05-09 23:45:00+09:00,0.1798,0.18,0.1782,0.1793,685833.7
2025-05-09 23:50:00+09:00,0.1792,0.1806,0.1792,0.1805,511711.9
2025-05-09 23:55:00+09:00,0.1804,0.1807,0.18,0.1805,394664.4
2025-05-10 00:00:00+09:00,0.1806,0.181,0.1796,0.1802,313856.2
2025-05-10 00:05:00+09:00,0.1803,0.1812,0.1803,0.181,398243.4
2025-05-10 00:10:00+09:00,0.1809,0.1821,0.1803,0.1821,218458.8
2025-05-10 00:15:00+09:00,0.1821,0.1823,0.181,0.1819,333460.4
2025-05-10 00:20:00+09:00,0.1819,0.1819,0.1802,0.1805,230348.4
2025-05-10 00:25:00+09:00,0.1806,0.1811,0.1794,0.181,453068.0
2025-05-10 00:30:00+09:00,0.181,0.181,0.1793,0.1799,243275.0
2025-05-10 00:35:00+09:00,0.18,0.1806,0.1796,0.18,199674.8
2025-05-10 00:40:00+09:00,0.18,0.18,0.1789,0.18,251054.9
2025-05-10 00:45:00+09:00,0.18,0.1802,0.1788,0.1791,240895.3
2025-05-10 00:50:00+09:00,0.1792,0.1801,0.1791,0.1791,112867.9
2025-05-10 00:55:00+09:00,0.1791,0.1796,0.179,0.179,129585.9
2025-05-10 01:00:00+09:00,0.1791,0.1796,0.1783,0.1783,148734.5
2025-05-10 01:05:00+09:00,0.1784,0.1789,0.1772,0.1774,336202.6
2025-05-10 01:10:00+09:00,0.1775,0.179,0.1772,0.1785,180087.6
2025-05-10 01:15:00+09:00,0.1787,0.1792,0.178,0.1792,133684.5
2025-05-10 01:20:00+09:00,0.1791,0.1798,0.1785,0.1794,402014.5
2025-05-10 01:25:00+09:00,0.1795,0.18,0.1788,0.1791,247541.5
2025-05-10 01:30:00+09:00,0.179,0.1797,0.1789,0.1795,234703.4
2025-05-10 01:35:00+09:00,0.1796,0.1806,0.1795,0.1796,359227.5
2025-05-10 01:40:00+09:00,0.1797,0.1797,0.1789,0.1792,210833.0
2025-05-10 01:45:00+09:00,0.1793,0.1798,0.1785,0.1787,230702.3
2025-05-10 01:50:00+09:00,0.1787,0.1788,0.1779,0.1782,167747.8
2025-05-10 01:55:00+09:00,0.1782,0.1784,0.1772,0.1776,111914.3
2025-05-10 02:00:00+09:00,0.1776,0.1796,0.1774,0.1796,435702.8
2025-05-10 02:05:00+09:00,0.1797,0.1818,0.1796,0.1813,184753.2
2025-05-10 02:10:00+09:00,0.1812,0.1816,0.1809,0.181,69705.4
2025-05-10 02:15:00+09:00,0.1809,0.1819,0.1808,0.1817,68014.2
2025-05-10 02:20:00+09:00,0.1817,0.1823,0.1812,0.1822,158050.8
2025-05-10 02:25:00+09:00,0.1823,0.1829,0.1819,0.1823,95512.7
2025-05-10 02:30:00+09:00,0.1823,0.1824,0.1818,0.1824,126484.6
2025-05-10 02:35:00+09:00,0.1824,0.1838,0.1823,0.1838,254573.2
2025-05-10 02:40:00+09:00,0.1837,0.1851,0.1836,0.1843,446440.2
2025-05-10 02:45:00+09:00,0.1842,0.1869,0.184,0.1858,991254.9
2025-05-10 02:50:00+09:00,0.1858,0.1869,0.185,0.1852,498720.9
2025-05-10 02:55:00+09:00,0.1852,0.1853,0.1842,0.1852,158610.2
2025-05-10 03:00:00+09:00,0.1853,0.1866,0.1849,0.1853,212553.6
2025-05-10 03:05:00+09:00,0.1853,0.1861,0.1843,0.1843,216448.5
2025-05-10 03:10:00+09:00,0.1844,0.185,0.1836,0.1838,140431.7
2025-05-10 03:15:00+09:00,0.1839,0.1845,0.183,0.1834,155071.8
2025-05-10 03:20:00+09:00,0.1834,0.1839,0.1832,0.1832,99906.1
2025-05-10 03:25:00+09:00,0.1831,0.1833,0.1826,0.1827,50337.8
2025-05-10 03:30:00+09:00,0.1827,0.1831,0.1822,0.183,88015.9
2025-05-10 03:35:00+09:00,0.183,0.1831,0.1825,0.1827,49280.7
2025-05-10 03:40:00+09:00,0.1827,0.1832,0.1825,0.1828,69656.9
2025-05-10 03:45:00+09:00,0.1828,0.1828,0.1822,0.1823,87241.5
2025-05-10 03:50:00+09:00,0.1822,0.1828,0.1817,0.182,85628.4
2025-05-10 03:55:00+09:00,0.182,0.1825,0.1819,0.1822,69532.9
2025-05-10 04:00:00+09:00,0.1823,0.183,0.1823,0.183,20601.3
2025-05-10 04:05:00+09:00,0.183,0.183,0.1827,0.1827,44468.4
2025-05-10 04:10:00+09:00,0.1827,0.1831,0.1825,0.1825,75189.1
2025-05-10 04:15:00+09:00,0.1824,0.1826,0.1819,0.1821,69116.2
2025-05-10 04:20:00+09:00,0.1821,0.1826,0.1817,0.1819,127625.4
2025-05-10 04:25:00+09:00,0.182,0.1825,0.1818,0.1825,75413.3
2025-05-10 04:30:00+09:00,0.1825,0.1827,0.182,0.1823,70068.7
2025-05-10 04:35:00+09:00,0.1823,0.1831,0.1822,0.1831,32191.9
2025-05-10 04:40:00+09:00,0.1831,0.1832,0.1825,0.1826,70948.5
2025-05-10 04:45:00+09:00,0.1825,0.1829,0.1823,0.1828,36452.1
2025-05-10 04:50:00+09:00,0.1829,0.1837,0.1827,0.1837,122799.2
2025-05-10 04:55:00+09:00,0.1837,0.1841,0.183,0.1838,108409.3
2025-05-10 05:00:00+09:00,0.1838,0.1848,0.1836,0.1848,173684.2
2025-05-10 05:05:00+09:00,0.1848,0.1849,0.1836,0.1836,86528.0
2025-05-10 05:10:00+09:00,0.1836,0.1843,0.1835,0.1836,144476.5
2025-05-10 05:15:00+09:00,0.1836,0.184,0.1835,0.1836,41922.5
2025-05-10 05:20:00+09:00,0.1835,0.1841,0.1831,0.1833,120303.5
2025-05-10 05:25:00+09:00,0.1832,0.1833,0.1829,0.1831,32531.0
2025-05-10 05:30:00+09:00,0.1831,0.1833,0.1828,0.1829,45865.8
2025-05-10 05:35:00+09:00,0.1828,0.1836,0.1828,0.1832,51847.7
2025-05-10 05:40:00+09:00,0.1832,0.1835,0.183,0.1834,54041.8
2025-05-10 05:45:00+09:00,0.1834,0.1835,0.1829,0.1832,36486.8
2025-05-10 05:50:00+09:00,0.1831,0.1834,0.1828,0.1833,243180.6
2025-05-10 05:55:00+09:00,0.1833,0.1839,0.1833,0.1839,67230.9
2025-05-10 06:00:00+09:00,0.1838,0.1839,0.1836,0.1839,36060.7
2025-05-10 06:05:00+09:00,0.1839,0.1851,0.1839,0.185,55382.8
2025-05-10 06:10:00+09:00,0.1851,0.186,0.1851,0.1858,60151.9
2025-05-10 06:15:00+09:00,0.1859,0.186,0.1852,0.1853,93598.3
2025-05-10 06:20:00+09:00,0.1852,0.1852,0.1836,0.1836,77122.0
2025-05-10 06:25:00+09:00,0.1836,0.1848,0.1836,0.1847,92566.0
2025-05-10 06:30:00+09:00,0.1848,0.186,0.1846,0.1859,77381.6
2025-05-10 06:35:00+09:00,0.1859,0.186,0.1854,0.186,48459.5
2025-05-10 06:40:00+09:00,0.186,0.1866,0.1859,0.186,267785.9
2025-05-10 06:45:00+09:00,0.186,0.1861,0.1859,0.1859,40354.7
2025-05-10 06:50:00+09:00,0.186,0.1864,0.1859,0.1861,56675.4
2025-05-10 06:55:00+09:00,0.1863,0.1867,0.1861,0.1864,65699.4
2025-05-10 07:00:00+09:00,0.1864,0.1882,0.1863,0.188,361819.6
2025-05-10 07:05:00+09:00,0.188,0.1884,0.1878,0.1883,120381.5
2025-05-10 07:10:00+09:00,0.1883,0.1883,0.1875,0.1881,83882.0
2025-05-10 07:15:00+09:00,0.1881,0.1884,0.1869,0.1871,162290.7
2025-05-10 07:20:00+09:00,0.1871,0.1877,0.186,0.1876,222289.0
2025-05-10 07:25:00+09:00,0.1876,0.1892,0.1875,0.189,81386.2
2025-05-10 07:30:00+09:00,0.189,0.189,0.1879,0.1886,134935.0
2025-05-10 07:35:00+09:00,0.1886,0.1897,0.1881,0.1896,284106.9
2025-05-10 07:40:00+09:00,0.1895,0.1895,0.1883,0.1886,111568.9
2025-05-10 07:45:00+09:00,0.1887,0.1895,0.1881,0.1881,268786.8
2025-05-10 07:50:00+09:00,0.1881,0.1881,0.1863,0.1867,259427.3
2025-05-10 07:55:00+09:00,0.1867,0.1873,0.1863,0.1866,96646.3
2025-05-10 08:00:00+09:00,0.1867,0.1883,0.1867,0.1882,54159.9
2025-05-10 08:05:00+09:00,0.1882,0.1886,0.1875,0.1878,127689.6
2025-05-10 08:10:00+09:00,0.1879,0.1888,0.1879,0.1887,36527.5
2025-05-10 08:15:00+09:00,0.1887,0.1893,0.1882,0.1888,99629.9
2025-05-10 08:20:00+09:00,0.1888,0.1893,0.1887,0.1889,192837.7
2025-05-10 08:25:00+09:00,0.1889,0.1896,0.1889,0.1891,78417.8
2025-05-10 08:30:00+09:00,0.1891,0.1903,0.1884,0.1903,216231.5
2025-05-10 08:35:00+09:00,0.1903,0.1939,0.1903,0.1938,521589.7
2025-05-10 08:40:00+09:00,0.1937,0.1958,0.1931,0.1951,1506976.0
2025-05-10 08:45:00+09:00,0.1952,0.1957,0.1937,0.1956,783891.6
2025-05-10 08:50:00+09:00,0.1953,0.1957,0.1944,0.1946,261985.4
2025-05-10 08:55:00+09:00,0.1946,0.196,0.1934,0.1954,591626.4
2025-05-10 09:00:00+09:00,0.1954,0.1955,0.19,0.1927,1105192.5
2025-05-10 09:05:00+09:00,0.1927,0.1929,0.1899,0.1908,454012.9
2025-05-10 09:10:00+09:00,0.1908,0.193,0.1906,0.1921,410682.4
2025-05-10 09:15:00+09:00,0.1921,0.1948,0.192,0.1944,408873.6
2025-05-10 09:20:00+09:00,0.1944,0.1966,0.1944,0.1962,1215432.1
2025-05-10 09:25:00+09:00,0.1964,0.1982,0.1962,0.198,797366.9
2025-05-10 09:30:00+09:00,0.1979,0.1979,0.191,0.1911,1158823.7
2025-05-10 09:35:00+09:00,0.1913,0.1928,0.1911,0.192,499098.5
2025-05-10 09:40:00+09:00,0.192,0.1938,0.1919,0.193,394062.9
2025-05-10 09:45:00+09:00,0.193,0.1932,0.1879,0.1891,670618.8
2025-05-10 09:50:00+09:00,0.1892,0.1903,0.1873,0.1873,187916.4
2025-05-10 09:55:00+09:00,0.1874,0.1878,0.1859,0.1876,388967.7
2025-05-10 10:00:00+09:00,0.1876,0.1891,0.1875,0.1888,645428.3
2025-05-10 10:05:00+09:00,0.1889,0.1893,0.1868,0.1887,662832.5
2025-05-10 10:10:00+09:00,0.1887,0.1893,0.1873,0.188,114892.0
2025-05-10 10:15:00+09:00,0.1879,0.1892,0.1875,0.1884,361651.6
2025-05-10 10:20:00+09:00,0.1884,0.1907,0.1884,0.1899,273981.9
2025-05-10 10:25:00+09:00,0.1898,0.1898,0.1886,0.1891,63239.9
2025-05-10 10:30:00+09:00,0.189,0.1899,0.1886,0.1896,74491.1
2025-05-10 10:35:00+09:00,0.1897,0.19,0.1889,0.189,77246.3
2025-05-10 10:40:00+09:00,0.189,0.1892,0.1876,0.188,247830.4
2025-05-10 10:45:00+09:00,0.1878,0.1885,0.1869,0.1872,75884.2
2025-05-10 10:50:00+09:00,0.1872,0.1872,0.1854,0.1867,225702.4
2025-05-10 10:55:00+09:00,0.1867,0.1884,0.1867,0.1881,64859.0
2025-05-10 11:00:00+09:00,0.1882,0.1893,0.1881,0.1883,44106.9
2025-05-10 11:05:00+09:00,0.1883,0.1906,0.1883,0.1903,587415.7
2025-05-10 11:10:00+09:00,0.1902,0.1904,0.1888,0.1888,112540.2
2025-05-10 11:15:00+09:00,0.1889,0.1897,0.1883,0.1896,70239.3
2025-05-10 11:20:00+09:00,0.1894,0.1898,0.1889,0.1895,110033.7
2025-05-10 11:25:00+09:00,0.1895,0.19,0.1887,0.189,163018.4
2025-05-10 11:30:00+09:00,0.1889,0.189,0.1879,0.189,92915.3
2025-05-10 11:35:00+09:00,0.189,0.1894,0.1887,0.1891,25954.4
2025-05-10 11:40:00+09:00,0.1891,0.1892,0.1885,0.1886,45465.2
2025-05-10 11:45:00+09:00,0.1887,0.1893,0.1886,0.1888,53025.8
2025-05-10 11:50:00+09:00,0.1886,0.1891,0.1883,0.1883,56285.5
2025-05-10 11:55:00+09:00,0.1883,0.1886,0.188,0.1882,74449.0
2025-05-10 12:00:00+09:00,0.1883,0.1883,0.1875,0.188,132520.5
2025-05-10 12:05:00+09:00,0.1881,0.1884,0.1872,0.1879,59374.4
2025-05-10 12:10:00+09:00,0.188,0.1885,0.1873,0.1879,308274.9
2025-05-10 12:15:00+09:00,0.1879,0.1881,0.1875,0.1877,39349.4
2025-05-10 12:20:00+09:00,0.1878,0.1879,0.1871,0.1876,66863.0
2025-05-10 12:25:00+09:00,0.1876,0.1888,0.1876,0.1886,219242.8
2025-05-10 12:30:00+09:00,0.1886,0.1889,0.1882,0.1884,113245.3
2025-05-10 12:35:00+09:00,0.1883,0.1886,0.1878,0.1878,44702.6
2025-05-10 12:40:00+09:00,0.1878,0.1885,0.1878,0.1881,118387.8
2025-05-10 12:45:00+09:00,0.1881,0.1885,0.188,0.188,49366.3
2025-05-10 12:50:00+09:00,0.188,0.1887,0.1879,0.1884,181636.6
2025-05-10 12:55:00+09:00,0.1885,0.1893,0.1885,0.189,145146.8
2025-05-10 13:00:00+09:00,0.1891,0.1905,0.1891,0.1901,569394.5
2025-05-10 13:05:00+09:00,0.1902,0.1907,0.1884,0.1884,90290.7
2025-05-10 13:10:00+09:00,0.1883,0.1887,0.188,0.1885,32437.8
2025-05-10 13:15:00+09:00,0.1885,0.1885,0.1868,0.1881,692717.8
2025-05-10 13:20:00+09:00,0.188,0.189,0.1875,0.1889,154983.0
2025-05-10 13:25:00+09:00,0.1891,0.1894,0.1885,0.1886,117019.6
2025-05-10 13:30:00+09:00,0.1886,0.1901,0.1878,0.1879,1381496.9
2025-05-10 13:35:00+09:00,0.1879,0.1883,0.1874,0.1878,261325.6
2025-05-10 13:40:00+09:00,0.1878,0.1879,0.1867,0.187,143270.2
2025-05-10 13:45:00+09:00,0.1868,0.1875,0.1863,0.1869,203014.7
2025-05-10 13:50:00+09:00,0.1869,0.1878,0.1868,0.1873,286294.1
2025-05-10 13:55:00+09:00,0.1874,0.1882,0.1864,0.1882,1368555.2
2025-05-10 14:00:00+09:00,0.1883,0.1884,0.1858,0.1868,1536938.7
2025-05-10 14:05:00+09:00,0.1868,0.1869,0.1862,0.1866,144328.4
2025-05-10 14:10:00+09:00,0.1865,0.1866,0.1858,0.1863,113587.3
2025-05-10 14:15:00+09:00,0.1862,0.1868,0.1861,0.1863,104914.5
2025-05-10 14:20:00+09:00,0.1863,0.1869,0.1861,0.1863,107204.9
2025-05-10 14:25:00+09:00,0.1863,0.187,0.1862,0.187,45778.9
2025-05-10 14:30:00+09:00,0.1869,0.1871,0.1862,0.1868,83585.1
2025-05-10 14:35:00+09:00,0.1869,0.1869,0.1864,0.1865,110906.9
2025-05-10 14:40:00+09:00,0.1866,0.187,0.1866,0.1869,49918.2
2025-05-10 14:45:00+09:00,0.1869,0.1871,0.1865,0.1871,69606.8
2025-05-10 14:50:00+09:00,0.1872,0.1872,0.1869,0.187,24639.6
2025-05-10 14:55:00+09:00,0.187,0.1876,0.187,0.1876,40982.2
2025-05-10 15:00:00+09:00,0.1877,0.1881,0.1874,0.1878,151310.3
2025-05-10 15:05:00+09:00,0.1879,0.1885,0.1879,0.1885,79612.5
2025-05-10 15:10:00+09:00,0.1885,0.189,0.1884,0.1886,68423.4
2025-05-10 15:15:00+09:00,0.1886,0.1897,0.1884,0.1891,110544.1
2025-05-10 15:20:00+09:00,0.1891,0.1893,0.1889,0.189,39254.4
2025-05-10 15:25:00+09:00,0.189,0.1894,0.1889,0.1893,53185.9
2025-05-10 15:30:00+09:00,0.1893,0.1893,0.1887,0.189,157410.1
2025-05-10 15:35:00+09:00,0.189,0.1896,0.1889,0.1896,66561.4
2025-05-10 15:40:00+09:00,0.1896,0.1898,0.1894,0.1897,48283.1
2025-05-10 15:45:00+09:00,0.1898,0.19,0.1887,0.1889,102843.8
2025-05-10 15:50:00+09:00,0.1889,0.1891,0.1881,0.1885,127609.6
2025-05-10 15:55:00+09:00,0.1884,0.1889,0.1881,0.1889,82617.8
2025-05-10 16:00:00+09:00,0.1889,0.1893,0.1888,0.1892,96327.3
2025-05-10 16:05:00+09:00,0.1891,0.1893,0.1885,0.1886,82844.2
2025-05-10 16:10:00+09:00,0.1887,0.1893,0.1887,0.1891,78405.1
2025-05-10 16:15:00+09:00,0.1891,0.1904,0.1891,0.19,139019.6
2025-05-10 16:20:00+09:00,0.19,0.1904,0.1896,0.1901,156947.8
2025-05-10 16:25:00+09:00,0.1901,0.1906,0.1896,0.1906,60885.0
2025-05-10 16:30:00+09:00,0.1905,0.1915,0.1905,0.1914,105406.2
2025-05-10 16:35:00+09:00,0.1914,0.1919,0.1909,0.1909,127236.9
2025-05-10 16:40:00+09:00,0.1908,0.191,0.1904,0.1908,74758.5
2025-05-10 16:45:00+09:00,0.1908,0.1909,0.1896,0.1899,183101.5
2025-05-10 16:50:00+09:00,0.1899,0.1907,0.1897,0.1907,113101.4
2025-05-10 16:55:00+09:00,0.1906,0.1915,0.1906,0.1909,87418.4
2025-05-10 17:00:00+09:00,0.1909,0.193,0.1908,0.1928,266681.3
2025-05-10 17:05:00+09:00,0.1928,0.1936,0.1923,0.1923,180940.8
2025-05-10 17:10:00+09:00,0.1924,0.1933,0.1922,0.1931,256829.4
2025-05-10 17:15:00+09:00,0.1931,0.1939,0.1921,0.1924,296127.9
2025-05-10 17:20:00+09:00,0.1925,0.1933,0.1923,0.1932,41493.1
2025-05-10 17:25:00+09:00,0.1931,0.1934,0.1929,0.1932,46263.4
2025-05-10 17:30:00+09:00,0.1933,0.1943,0.193,0.1941,174812.1
2025-05-10 17:35:00+09:00,0.1941,0.1959,0.1939,0.1947,169279.5
2025-05-10 17:40:00+09:00,0.1947,0.1952,0.1939,0.194,378758.7
2025-05-10 17:45:00+09:00,0.1939,0.1946,0.1932,0.1938,201309.5
2025-05-10 17:50:00+09:00,0.1938,0.1938,0.1904,0.1914,194334.1
2025-05-10 17:55:00+09:00,0.1913,0.1916,0.1905,0.1914,98427.4
2025-05-10 18:00:00+09:00,0.1914,0.1923,0.191,0.1914,310725.5
2025-05-10 18:05:00+09:00,0.1914,0.1925,0.1912,0.192,97614.4
2025-05-10 18:10:00+09:00,0.192,0.1924,0.1914,0.1922,40524.3
2025-05-10 18:15:00+09:00,0.1923,0.1925,0.1921,0.1924,79770.2
2025-05-10 18:20:00+09:00,0.1924,0.193,0.1922,0.1923,79145.1
2025-05-10 18:25:00+09:00,0.1924,0.1926,0.1918,0.192,65499.9
2025-05-10 18:30:00+09:00,0.192,0.192,0.1897,0.1907,273656.6
2025-05-10 18:35:00+09:00,0.1906,0.1916,0.1903,0.1914,61814.8
2025-05-10 18:40:00+09:00,0.1914,0.1916,0.1901,0.1905,181173.8
2025-05-10 18:45:00+09:00,0.1906,0.192,0.1905,0.1916,91964.2
2025-05-10 18:50:00+09:00,0.1916,0.1921,0.1913,0.1913,101581.0
2025-05-10 18:55:00+09:00,0.1914,0.1918,0.1912,0.1913,40286.5
2025-05-10 19:00:00+09:00,0.1913,0.1914,0.1903,0.1908,176986.9
2025-05-10 19:05:00+09:00,0.1907,0.1914,0.1906,0.1911,217010.2
2025-05-10 19:10:00+09:00,0.1911,0.1919,0.1911,0.1918,79158.2
2025-05-10 19:15:00+09:00,0.1918,0.1924,0.1909,0.1916,63107.4
2025-05-10 19:20:00+09:00,0.1915,0.1923,0.1915,0.1922,55267.4
2025-05-10 19:25:00+09:00,0.1921,0.1929,0.1921,0.1922,122588.8
2025-05-10 19:30:00+09:00,0.1923,0.1934,0.1923,0.193,118412.4
2025-05-10 19:35:00+09:00,0.1931,0.1931,0.1914,0.1915,203053.5
2025-05-10 19:40:00+09:00,0.1914,0.1925,0.1913,0.1917,148391.7
2025-05-10 19:45:00+09:00,0.1917,0.1919,0.1905,0.191,91742.2
2025-05-10 19:50:00+09:00,0.1909,0.1915,0.1906,0.1906,55600.5
2025-05-10 19:55:00+09:00,0.1907,0.1908,0.1883,0.1883,265991.5
2025-05-10 20:00:00+09:00,0.1884,0.1889,0.1876,0.1884,262477.6
2025-05-10 20:05:00+09:00,0.1883,0.1893,0.1883,0.1891,223878.3
2025-05-10 20:10:00+09:00,0.189,0.1893,0.1884,0.1892,91254.6
2025-05-10 20:15:00+09:00,0.1892,0.1893,0.1875,0.1877,122296.7
2025-05-10 20:20:00+09:00,0.1877,0.1888,0.1874,0.1887,104351.9
2025-05-10 20:25:00+09:00,0.1886,0.1888,0.1877,0.1881,82345.4
2025-05-10 20:30:00+09:00,0.1881,0.1882,0.1873,0.1878,133571.5
2025-05-10 20:35:00+09:00,0.1878,0.1882,0.1869,0.187,129272.7
2025-05-10 20:40:00+09:00,0.1869,0.1871,0.1857,0.1867,191536.3
2025-05-10 20:45:00+09:00,0.1868,0.1873,0.1867,0.1873,108838.4
2025-05-10 20:50:00+09:00,0.1874,0.1875,0.1868,0.1873,123707.6
2025-05-10 20:55:00+09:00,0.1873,0.1875,0.1868,0.1873,78734.2
2025-05-10 21:00:00+09:00,0.1872,0.1885,0.1871,0.1883,82003.1
2025-05-10 21:05:00+09:00,0.1883,0.1885,0.1881,0.1883,43955.7
2025-05-10 21:10:00+09:00,0.1883,0.1886,0.1881,0.1883,41433.7
2025-05-10 21:15:00+09:00,0.1883,0.1885,0.1877,0.1883,63547.9
2025-05-10 21:20:00+09:00,0.1883,0.189,0.1879,0.1888,53023.3
2025-05-10 21:25:00+09:00,0.1888,0.1889,0.1884,0.1886,94141.9
2025-05-10 21:30:00+09:00,0.1886,0.1889,0.1883,0.1883,85128.2
2025-05-10 21:35:00+09:00,0.1883,0.1887,0.1881,0.1884,76699.6
2025-05-10 21:40:00+09:00,0.1883,0.1884,0.1875,0.1875,71271.2
2025-05-10 21:45:00+09:00,0.1875,0.188,0.1869,0.1875,54831.9
2025-05-10 21:50:00+09:00,0.1876,0.1885,0.1876,0.1885,20629.3
2025-05-10 21:55:00+09:00,0.1884,0.1885,0.1878,0.188,19984.7
2025-05-10 22:00:00+09:00,0.188,0.189,0.188,0.1887,34462.3
2025-05-10 22:05:00+09:00,0.1887,0.189,0.1885,0.1888,32018.9
2025-05-10 22:10:00+09:00,0.1888,0.1897,0.1888,0.1895,73138.8
2025-05-10 22:15:00+09:00,0.1895,0.1895,0.1887,0.1888,58852.2
2025-05-10 22:20:00+09:00,0.1887,0.1888,0.1884,0.1884,13368.9
2025-05-10 22:25:00+09:00,0.1885,0.1894,0.1885,0.1893,34767.8
2025-05-10 22:30:00+09:00,0.1894,0.1902,0.1893,0.1901,47338.3
2025-05-10 22:35:00+09:00,0.1901,0.191,0.1901,0.1909,45497.5
2025-05-10 22:40:00+09:00,0.1909,0.1911,0.1903,0.1908,66764.2
2025-05-10 22:45:00+09:00,0.1908,0.203,0.1906,0.1983,10841229.8
2025-05-10 22:50:00+09:00,0.1983,0.203,0.1941,0.1967,4624220.2
2025-05-10 22:55:00+09:00,0.1966,0.204,0.1953,0.1992,4969023.2
2025-05-10 23:00:00+09:00,0.1992,0.205,0.1971,0.1995,2643980.7
2025-05-10 23:05:00+09:00,0.1996,0.2004,0.1989,0.1997,798257.3
2025-05-10 23:10:00+09:00,0.1996,0.2035,0.1976,0.1999,1917919.5
2025-05-10 23:15:00+09:00,0.1999,0.2068,0.1986,0.2027,2346849.6
2025-05-10 23:20:00+09:00,0.2028,0.2061,0.2025,0.2048,1883580.8
2025-05-10 23:25:00+09:00,0.2047,0.2099,0.2046,0.2094,2684242.8
2025-05-10 23:30:00+09:00,0.2095,0.2116,0.2071,0.2075,3154553.7
2025-05-10 23:35:00+09:00,0.2075,0.2076,0.2018,0.2038,2278042.6
2025-05-10 23:40:00+09:00,0.2038,0.2105,0.2031,0.2044,2279863.5
2025-05-10 23:45:00+09:00,0.2045,0.2058,0.2034,0.2049,1371477.9
2025-05-10 23:50:00+09:00,0.2049,0.2052,0.2006,0.2014,895584.2
2025-05-10 23:55:00+09:00,0.2014,0.2198,0.2014,0.2049,3527084.1
2025-05-11 00:00:00+09:00,0.205,0.206,0.2022,0.2034,1504264.7
2025-05-11 00:05:00+09:00,0.2034,0.2034,0.2015,0.2026,803185.8
2025-05-11 00:10:00+09:00,0.2025,0.2033,0.2005,0.2007,697780.2
2025-05-11 00:15:00+09:00,0.2006,0.2013,0.1993,0.2009,880333.3
2025-05-11 00:20:00+09:00,0.2009,0.2011,0.1986,0.1991,490180.6
2025-05-11 00:25:00+09:00,0.199,0.2,0.198,0.1983,473851.6
2025-05-11 00:30:00+09:00,0.1982,0.1984,0.1951,0.1959,2858881.6
2025-05-11 00:35:00+09:00,0.1959,0.1973,0.1952,0.1972,1599951.6
2025-05-11 00:40:00+09:00,0.1971,0.1976,0.196,0.1962,501759.2
2025-05-11 00:45:00+09:00,0.1962,0.197,0.1958,0.1966,467556.8
2025-05-11 00:50:00+09:00,0.1967,0.1981,0.1965,0.1968,393636.6
2025-05-11 00:55:00+09:00,0.1967,0.1974,0.196,0.1967,222245.2
2025-05-11 01:00:00+09:00,0.1967,0.1972,0.1958,0.1967,345982.3
2025-05-11 01:05:00+09:00,0.1968,0.2097,0.1962,0.203,11498687.8
2025-05-11 01:10:00+09:00,0.2029,0.2048,0.2024,0.2044,1650503.8
2025-05-11 01:15:00+09:00,0.2043,0.2058,0.2031,0.205,917158.6
2025-05-11 01:20:00+09:00,0.2051,0.2068,0.2051,0.2054,780417.3
2025-05-11 01:25:00+09:00,0.2054,0.2088,0.2025,0.2075,2339211.9
2025-05-11 01:30:00+09:00,0.2075,0.2153,0.207,0.213,4480261.7
2025-05-11 01:35:00+09:00,0.213,0.2136,0.2069,0.2074,1631451.5
2025-05-11 01:40:00+09:00,0.2074,0.2138,0.207,0.2098,2872044.0
2025-05-11 01:45:00+09:00,0.2098,0.212,0.2097,0.2103,565164.8
2025-05-11 01:50:00+09:00,0.2103,0.2148,0.21,0.2123,1317488.2
2025-05-11 01:55:00+09:00,0.2122,0.2122,0.2096,0.2105,799865.8
2025-05-11 02:00:00+09:00,0.2106,0.2107,0.2081,0.2088,946194.9
2025-05-11 02:05:00+09:00,0.2089,0.2147,0.2087,0.2109,4550602.2
2025-05-11 02:10:00+09:00,0.2109,0.2109,0.2087,0.2089,657898.6
2025-05-11 02:15:00+09:00,0.209,0.2132,0.2082,0.2093,4446857.2
2025-05-11 02:20:00+09:00,0.2093,0.2097,0.2083,0.2085,610985.6
2025-05-11 02:25:00+09:00,0.2086,0.2099,0.2086,0.2094,452420.4
2025-05-11 02:30:00+09:00,0.2095,0.2096,0.2069,0.2075,783637.8
2025-05-11 02:35:00+09:00,0.2074,0.2084,0.2072,0.2081,405216.5
2025-05-11 02:40:00+09:00,0.2081,0.2097,0.2077,0.2091,1565510.5
2025-05-11 02:45:00+09:00,0.2091,0.2104,0.2076,0.2081,1041046.9
2025-05-11 02:50:00+09:00,0.2082,0.2097,0.2078,0.2093,323177.0
2025-05-11 02:55:00+09:00,0.2093,0.2096,0.2082,0.2085,170868.0
2025-05-11 03:00:00+09:00,0.2084,0.2105,0.2075,0.2101,302638.8
2025-05-11 03:05:00+09:00,0.21,0.2102,0.2087,0.2088,531919.5
2025-05-11 03:10:00+09:00,0.2087,0.2096,0.2074,0.2078,271194.6
2025-05-11 03:15:00+09:00,0.2078,0.208,0.2073,0.2074,137684.5
2025-05-11 03:20:00+09:00,0.2073,0.208,0.2066,0.2074,207848.7
2025-05-11 03:25:00+09:00,0.2074,0.2078,0.2064,0.2071,156755.6
2025-05-11 03:30:00+09:00,0.207,0.2071,0.2056,0.2056,339956.2
2025-05-11 03:35:00+09:00,0.2056,0.2064,0.2054,0.2063,208638.2
2025-05-11 03:40:00+09:00,0.2064,0.2067,0.2058,0.2063,164766.8
2025-05-11 03:45:00+09:00,0.2062,0.2063,0.2055,0.2056,261573.9
2025-05-11 03:50:00+09:00,0.2056,0.2061,0.2054,0.2058,171635.2
2025-05-11 03:55:00+09:00,0.2058,0.2058,0.2051,0.2055,195833.6
2025-05-11 04:00:00+09:00,0.2054,0.2066,0.2054,0.2058,183856.4
2025-05-11 04:05:00+09:00,0.2059,0.2063,0.2054,0.2058,90105.4
2025-05-11 04:10:00+09:00,0.2059,0.2062,0.2046,0.2048,210729.1
2025-05-11 04:15:00+09:00,0.2048,0.2049,0.204,0.2042,278858.5
2025-05-11 04:20:00+09:00,0.2043,0.2045,0.2035,0.2036,167935.4
2025-05-11 04:25:00+09:00,0.2037,0.2037,0.2033,0.2036,125015.8
2025-05-11 04:30:00+09:00,0.2036,0.2048,0.2035,0.2043,448471.2
2025-05-11 04:35:00+09:00,0.2042,0.2048,0.2042,0.2047,124311.5
2025-05-11 04:40:00+09:00,0.2047,0.2048,0.204,0.204,128534.5
2025-05-11 04:45:00+09:00,0.204,0.2046,0.204,0.2043,104523.9
2025-05-11 04:50:00+09:00,0.2043,0.2045,0.2041,0.2042,83705.2
2025-05-11 04:55:00+09:00,0.2042,0.2043,0.2039,0.2041,50028.7
2025-05-11 05:00:00+09:00,0.2041,0.2042,0.203,0.2032,91699.5
2025-05-11 05:05:00+09:00,0.2032,0.2032,0.2022,0.2028,313671.2
2025-05-11 05:10:00+09:00,0.2028,0.2033,0.2027,0.2033,99943.9
2025-05-11 05:15:00+09:00,0.2033,0.2034,0.2027,0.2027,81180.4
2025-05-11 05:20:00+09:00,0.2028,0.2032,0.2026,0.2026,67853.4
2025-05-11 05:25:00+09:00,0.2027,0.2031,0.2023,0.2026,57925.1
2025-05-11 05:30:00+09:00,0.2026,0.203,0.2025,0.2027,162042.5
2025-05-11 05:35:00+09:00,0.2027,0.2027,0.2022,0.2023,57525.4
2025-05-11 05:40:00+09:00,0.2022,0.2023,0.2019,0.2022,223959.2
2025-05-11 05:45:00+09:00,0.2023,0.2032,0.2023,0.2032,191302.3
2025-05-11 05:50:00+09:00,0.2031,0.2035,0.2031,0.2031,123427.4
2025-05-11 05:55:00+09:00,0.203,0.2031,0.2025,0.2029,87851.4
2025-05-11 06:00:00+09:00,0.2029,0.2044,0.2029,0.2033,305487.7
2025-05-11 06:05:00+09:00,0.2033,0.2041,0.2028,0.2041,61136.3
2025-05-11 06:10:00+09:00,0.2041,0.2047,0.204,0.2043,168711.2
2025-05-11 06:15:00+09:00,0.2043,0.2054,0.2043,0.2053,108784.9
2025-05-11 06:20:00+09:00,0.2054,0.2065,0.2053,0.2055,149645.8
2025-05-11 06:25:00+09:00,0.2055,0.2065,0.2054,0.2054,215880.0
2025-05-11 06:30:00+09:00,0.2054,0.206,0.2049,0.206,261994.4
2025-05-11 06:35:00+09:00,0.2061,0.2062,0.2047,0.2048,184972.9
2025-05-11 06:40:00+09:00,0.2048,0.2051,0.2044,0.2044,91904.4
2025-05-11 06:45:00+09:00,0.2043,0.2051,0.2041,0.2047,97416.8
2025-05-11 06:50:00+09:00,0.2048,0.205,0.2045,0.2046,67109.6
2025-05-11 06:55:00+09:00,0.2047,0.205,0.2047,0.2048,40110.0
2025-05-11 07:00:00+09:00,0.2048,0.2065,0.2047,0.2062,64809.7
2025-05-11 07:05:00+09:00,0.2062,0.2071,0.2058,0.2061,238874.5
2025-05-11 07:10:00+09:00,0.206,0.2062,0.2054,0.2057,113723.6
2025-05-11 07:15:00+09:00,0.2058,0.2062,0.2053,0.2058,67902.9
2025-05-11 07:20:00+09:00,0.2059,0.2061,0.205,0.2053,80816.3
2025-05-11 07:25:00+09:00,0.2053,0.2056,0.2047,0.2049,51594.8
2025-05-11 07:30:00+09:00,0.2048,0.2056,0.2046,0.2047,130812.1
2025-05-11 07:35:00+09:00,0.2047,0.2049,0.2044,0.2048,183239.0
2025-05-11 07:40:00+09:00,0.2048,0.2059,0.2045,0.2057,155445.3
2025-05-11 07:45:00+09:00,0.2057,0.2059,0.2055,0.2057,79292.4
2025-05-11 07:50:00+09:00,0.2057,0.206,0.2053,0.2056,89327.4
2025-05-11 07:55:00+09:00,0.2057,0.2066,0.2057,0.2066,106435.2
2025-05-11 08:00:00+09:00,0.2067,0.2076,0.2066,0.2072,209375.9
2025-05-11 08:05:00+09:00,0.2073,0.208,0.2067,0.2075,282892.8
2025-05-11 08:10:00+09:00,0.2075,0.2078,0.2066,0.2075,146865.5
2025-05-11 08:15:00+09:00,0.2077,0.2123,0.2074,0.2074,1574083.6
2025-05-11 08:20:00+09:00,0.2075,0.2088,0.207,0.2088,384566.4
2025-05-11 08:25:00+09:00,0.2087,0.2087,0.2075,0.208,377265.1
2025-05-11 08:30:00+09:00,0.2079,0.2087,0.2074,0.2076,661451.7
2025-05-11 08:35:00+09:00,0.2075,0.2092,0.2069,0.2085,718168.9
2025-05-11 08:40:00+09:00,0.2085,0.2088,0.2075,0.2086,507641.7
2025-05-11 08:45:00+09:00,0.2086,0.2088,0.2075,0.208,415514.2
2025-05-11 08:50:00+09:00,0.208,0.209,0.208,0.2086,596639.4
2025-05-11 08:55:00+09:00,0.2086,0.2086,0.207,0.2073,314795.6
2025-05-11 09:00:00+09:00,0.2072,0.2146,0.206,0.2113,2099918.5
2025-05-11 09:05:00+09:00,0.2113,0.2127,0.2094,0.2111,1408426.9
2025-05-11 09:10:00+09:00,0.211,0.2165,0.2104,0.2158,2081375.6
2025-05-11 09:15:00+09:00,0.2158,0.218,0.2144,0.2165,1989548.5
2025-05-11 09:20:00+09:00,0.2166,0.2176,0.2121,0.2144,2272930.9
2025-05-11 09:25:00+09:00,0.2144,0.2162,0.2118,0.2124,1378913.6
2025-05-11 09:30:00+09:00,0.2123,0.2166,0.2123,0.2162,1608692.0
2025-05-11 09:35:00+09:00,0.2162,0.23,0.2162,0.2273,13043729.6
2025-05-11 09:40:00+09:00,0.2273,0.2476,0.2251,0.2389,14119772.8
2025-05-11 09:45:00+09:00,0.239,0.2444,0.2313,0.238,7510641.6
2025-05-11 09:50:00+09:00,0.2381,0.2492,0.2359,0.2379,8169168.8
2025-05-11 09:55:00+09:00,0.2378,0.2391,0.2331,0.2337,1738777.0
2025-05-11 10:00:00+09:00,0.2336,0.2392,0.2336,0.2361,1437082.9
2025-05-11 10:05:00+09:00,0.2361,0.2361,0.2309,0.233,1382967.7
2025-05-11 10:10:00+09:00,0.2333,0.2362,0.2333,0.2335,711443.1
2025-05-11 10:15:00+09:00,0.2335,0.2354,0.2316,0.2321,925517.6
2025-05-11 10:20:00+09:00,0.2324,0.2374,0.2318,0.2359,1368045.8
2025-05-11 10:25:00+09:00,0.2359,0.2361,0.2311,0.2324,704809.1
2025-05-11 10:30:00+09:00,0.2324,0.2348,0.2315,0.2341,1155593.1
2025-05-11 10:35:00+09:00,0.2342,0.2346,0.2325,0.2344,692356.7
2025-05-11 10:40:00+09:00,0.2343,0.2349,0.2309,0.2319,1039331.7
2025-05-11 10:45:00+09:00,0.2318,0.2319,0.2279,0.2282,1194313.7
2025-05-11 10:50:00+09:00,0.2282,0.2286,0.2258,0.2283,876072.8
2025-05-11 10:55:00+09:00,0.2284,0.2284,0.2261,0.2282,550593.4
2025-05-11 11:00:00+09:00,0.2283,0.231,0.2275,0.2297,939514.4
2025-05-11 11:05:00+09:00,0.2297,0.2314,0.2281,0.2282,633491.5
2025-05-11 11:10:00+09:00,0.2281,0.2305,0.2279,0.2298,374782.5
2025-05-11 11:15:00+09:00,0.2297,0.2297,0.227,0.2286,465211.7
2025-05-11 11:20:00+09:00,0.2285,0.2305,0.2276,0.2285,828368.0
2025-05-11 11:25:00+09:00,0.2285,0.2312,0.2282,0.2309,367537.2
2025-05-11 11:30:00+09:00,0.2309,0.2317,0.23,0.2308,399543.1
2025-05-11 11:35:00+09:00,0.2307,0.2325,0.2293,0.2297,512133.9
2025-05-11 11:40:00+09:00,0.2296,0.2301,0.2283,0.2299,364437.7
2025-05-11 11:45:00+09:00,0.2299,0.2306,0.2276,0.2285,321300.5
2025-05-11 11:50:00+09:00,0.2285,0.2288,0.2265,0.2268,352010.0
2025-05-11 11:55:00+09:00,0.2268,0.2289,0.2267,0.2284,364584.4
2025-05-11 12:00:00+09:00,0.2285,0.229,0.2268,0.2271,296202.3
2025-05-11 12:05:00+09:00,0.227,0.2287,0.2266,0.2283,285757.5
2025-05-11 12:10:00+09:00,0.2284,0.2284,0.2271,0.2275,301859.8
2025-05-11 12:15:00+09:00,0.2276,0.2287,0.2273,0.2282,314161.3
2025-05-11 12:20:00+09:00,0.2282,0.2288,0.2273,0.2285,504164.7
2025-05-11 12:25:00+09:00,0.2285,0.2311,0.2284,0.2303,705483.8
2025-05-11 12:30:00+09:00,0.2303,0.2304,0.2285,0.2292,340180.1
2025-05-11 12:35:00+09:00,0.2292,0.233,0.2286,0.2326,657797.6
2025-05-11 12:40:00+09:00,0.2326,0.2344,0.2324,0.2341,1157392.9
2025-05-11 12:45:00+09:00,0.2341,0.2342,0.2321,0.2328,583754.8
2025-05-11 12:50:00+09:00,0.2328,0.2341,0.2313,0.2313,524523.1
2025-05-11 12:55:00+09:00,0.2314,0.2341,0.2314,0.233,514908.4
2025-05-11 13:00:00+09:00,0.233,0.2377,0.2328,0.2366,1455829.0
2025-05-11 13:05:00+09:00,0.2365,0.2377,0.2356,0.2359,578132.3
2025-05-11 13:10:00+09:00,0.236,0.2373,0.2347,0.2359,450604.5
2025-05-11 13:15:00+09:00,0.2358,0.2379,0.2344,0.2373,468184.4
2025-05-11 13:20:00+09:00,0.2372,0.2378,0.2354,0.2362,653361.8
2025-05-11 13:25:00+09:00,0.2362,0.2404,0.2361,0.2383,841238.0
2025-05-11 13:30:00+09:00,0.2381,0.2397,0.2355,0.2367,3451036.8
2025-05-11 13:35:00+09:00,0.2366,0.2368,0.2351,0.2352,852348.3
2025-05-11 13:40:00+09:00,0.2351,0.2355,0.2329,0.234,907041.7
2025-05-11 13:45:00+09:00,0.234,0.236,0.2337,0.2354,450585.9
2025-05-11 13:50:00+09:00,0.2355,0.2368,0.2353,0.2361,243967.0
2025-05-11 13:55:00+09:00,0.2361,0.2366,0.2348,0.2359,223099.4
2025-05-11 14:00:00+09:00,0.2359,0.238,0.2359,0.2364,959860.4
2025-05-11 14:05:00+09:00,0.2363,0.2363,0.2338,0.234,383638.4
2025-05-11 14:10:00+09:00,0.2341,0.2347,0.2335,0.2338,323558.3
2025-05-11 14:15:00+09:00,0.2339,0.234,0.2319,0.2326,305012.5
2025-05-11 14:20:00+09:00,0.2326,0.2334,0.2316,0.2318,381144.4
2025-05-11 14:25:00+09:00,0.2317,0.2325,0.2315,0.2323,522219.4
2025-05-11 14:30:00+09:00,0.2323,0.234,0.232,0.2336,785407.6
2025-05-11 14:35:00+09:00,0.2337,0.2342,0.2329,0.2338,159524.3
2025-05-11 14:40:00+09:00,0.2338,0.2339,0.2318,0.232,271594.2
2025-05-11 14:45:00+09:00,0.232,0.2333,0.2315,0.2325,392651.5
2025-05-11 14:50:00+09:00,0.2324,0.2329,0.2322,0.2325,296942.5
2025-05-11 14:55:00+09:00,0.2326,0.2329,0.2304,0.2309,534848.8
2025-05-11 15:00:00+09:00,0.2308,0.2308,0.2286,0.2294,770401.2
2025-05-11 15:05:00+09:00,0.2294,0.2311,0.2284,0.2307,490719.0
2025-05-11 15:10:00+09:00,0.2308,0.2311,0.2302,0.2303,149973.6
2025-05-11 15:15:00+09:00,0.2301,0.2321,0.2301,0.2317,212246.9
2025-05-11 15:20:00+09:00,0.2317,0.2322,0.2312,0.2321,139707.9
2025-05-11 15:25:00+09:00,0.2321,0.2329,0.2316,0.2323,267876.1
2025-05-11 15:30:00+09:00,0.2323,0.236,0.2323,0.2358,1061640.3
2025-05-11 15:35:00+09:00,0.2359,0.2369,0.2349,0.2362,650692.5
2025-05-11 15:40:00+09:00,0.2361,0.2385,0.2349,0.2383,1356666.1
2025-05-11 15:45:00+09:00,0.2383,0.2385,0.2348,0.2358,1345692.3
2025-05-11 15:50:00+09:00,0.2358,0.2365,0.2346,0.2353,459992.4
2025-05-11 15:55:00+09:00,0.2352,0.2353,0.2332,0.2336,320897.5
2025-05-11 16:00:00+09:00,0.2337,0.2337,0.2288,0.2293,895455.0
2025-05-11 16:05:00+09:00,0.2294,0.2294,0.2264,0.227,1330513.4
2025-05-11 16:10:00+09:00,0.227,0.2294,0.2266,0.2293,981335.8
2025-05-11 16:15:00+09:00,0.2293,0.23,0.2243,0.2253,1275134.1
2025-05-11 16:20:00+09:00,0.2253,0.2273,0.2248,0.2268,872435.8
2025-05-11 16:25:00+09:00,0.2268,0.2276,0.2265,0.2272,372319.9
2025-05-11 16:30:00+09:00,0.2272,0.2287,0.2267,0.227,427652.0
2025-05-11 16:35:00+09:00,0.2273,0.2287,0.2271,0.2282,200985.4
2025-05-11 16:40:00+09:00,0.2281,0.2281,0.2248,0.225,662628.5
2025-05-11 16:45:00+09:00,0.225,0.2263,0.225,0.2253,407189.0
2025-05-11 16:50:00+09:00,0.2253,0.226,0.2207,0.222,1303374.8
2025-05-11 16:55:00+09:00,0.2221,0.2231,0.222,0.2227,324280.2
2025-05-11 17:00:00+09:00,0.2227,0.2247,0.2225,0.2243,442324.8
2025-05-11 17:05:00+09:00,0.2243,0.2251,0.2235,0.2249,269164.9
2025-05-11 17:10:00+09:00,0.2248,0.2249,0.2233,0.2247,178610.1
2025-05-11 17:15:00+09:00,0.2248,0.2266,0.2246,0.2258,526473.1
2025-05-11 17:20:00+09:00,0.2258,0.2276,0.2258,0.2273,256941.2
2025-05-11 17:25:00+09:00,0.2272,0.2274,0.226,0.226,208376.4
2025-05-11 17:30:00+09:00,0.226,0.2261,0.2233,0.2242,1261600.5
2025-05-11 17:35:00+09:00,0.2242,0.2268,0.224,0.2266,367964.6
2025-05-11 17:40:00+09:00,0.2266,0.2285,0.2266,0.2279,300068.3
2025-05-11 17:45:00+09:00,0.2279,0.2283,0.227,0.2277,232719.4
2025-05-11 17:50:00+09:00,0.2277,0.2283,0.2267,0.2277,322216.5
2025-05-11 17:55:00+09:00,0.2277,0.2291,0.2275,0.2277,275357.1
2025-05-11 18:00:00+09:00,0.2276,0.2295,0.2274,0.2282,600414.8
2025-05-11 18:05:00+09:00,0.2282,0.2295,0.228,0.2292,161092.1
2025-05-11 18:10:00+09:00,0.2291,0.2291,0.2279,0.2285,272389.3
2025-05-11 18:15:00+09:00,0.2285,0.2309,0.2282,0.2308,353637.7
2025-05-11 18:20:00+09:00,0.2307,0.2312,0.23,0.2311,231411.2
2025-05-11 18:25:00+09:00,0.2311,0.2334,0.2308,0.2333,1029970.7
2025-05-11 18:30:00+09:00,0.2333,0.2348,0.2321,0.2325,857424.4
2025-05-11 18:35:00+09:00,0.2326,0.2346,0.2319,0.2337,755774.4
2025-05-11 18:40:00+09:00,0.2337,0.2338,0.2303,0.231,754122.4
2025-05-11 18:45:00+09:00,0.2311,0.2326,0.2311,0.2324,435043.8
2025-05-11 18:50:00+09:00,0.2324,0.2332,0.231,0.231,287074.7
2025-05-11 18:55:00+09:00,0.2312,0.2312,0.2293,0.2301,533083.8
2025-05-11 19:00:00+09:00,0.2301,0.2306,0.2291,0.2303,434152.0
2025-05-11 19:05:00+09:00,0.2304,0.2316,0.2304,0.2316,205578.3
2025-05-11 19:10:00+09:00,0.2316,0.232,0.2305,0.2309,216879.9
2025-05-11 19:15:00+09:00,0.2308,0.2311,0.2286,0.2294,354827.7
2025-05-11 19:20:00+09:00,0.2293,0.2305,0.2291,0.2304,186398.3
2025-05-11 19:25:00+09:00,0.2304,0.2309,0.2297,0.2301,186006.9
2025-05-11 19:30:00+09:00,0.2301,0.2305,0.2283,0.2286,362473.2
2025-05-11 19:35:00+09:00,0.2287,0.2289,0.2271,0.2276,294099.4
2025-05-11 19:40:00+09:00,0.2277,0.228,0.227,0.2273,235994.1
2025-05-11 19:45:00+09:00,0.2273,0.2284,0.2268,0.2284,156383.6
2025-05-11 19:50:00+09:00,0.2285,0.2292,0.2284,0.2288,66753.8
2025-05-11 19:55:00+09:00,0.2289,0.23,0.2281,0.2298,90702.8
2025-05-11 20:00:00+09:00,0.2298,0.2303,0.229,0.2291,160339.0
2025-05-11 20:05:00+09:00,0.2291,0.2309,0.2287,0.2306,288193.8
2025-05-11 20:10:00+09:00,0.2306,0.232,0.2306,0.2314,331361.8
2025-05-11 20:15:00+09:00,0.2312,0.2331,0.2312,0.2322,410454.0
2025-05-11 20:20:00+09:00,0.2323,0.233,0.2316,0.2317,420247.8
2025-05-11 20:25:00+09:00,0.2317,0.233,0.2307,0.2328,355413.4
2025-05-11 20:30:00+09:00,0.2328,0.2329,0.2299,0.2308,345308.4
2025-05-11 20:35:00+09:00,0.2308,0.2312,0.2293,0.2297,180984.6
2025-05-11 20:40:00+09:00,0.2298,0.2311,0.2294,0.231,124423.5
2025-05-11 20:45:00+09:00,0.2309,0.2312,0.23,0.2303,86962.9
2025-05-11 20:50:00+09:00,0.2303,0.2304,0.229,0.2293,144690.6
2025-05-11 20:55:00+09:00,0.2293,0.23,0.2291,0.2296,118528.1
2025-05-11 21:00:00+09:00,0.2297,0.2305,0.2285,0.2303,314937.2
2025-05-11 21:05:00+09:00,0.2303,0.2313,0.2303,0.2308,298133.3
2025-05-11 21:10:00+09:00,0.2308,0.2312,0.2302,0.2304,111780.5
2025-05-11 21:15:00+09:00,0.2303,0.2324,0.2293,0.2313,696831.0
2025-05-11 21:20:00+09:00,0.2314,0.2321,0.23,0.2303,369785.7
2025-05-11 21:25:00+09:00,0.2303,0.2316,0.2303,0.231,207541.6
2025-05-11 21:30:00+09:00,0.231,0.2335,0.2307,0.2311,659661.4
2025-05-11 21:35:00+09:00,0.2311,0.2325,0.2307,0.2322,498969.4
2025-05-11 21:40:00+09:00,0.2321,0.2322,0.231,0.2313,254785.0
2025-05-11 21:45:00+09:00,0.2314,0.2331,0.2313,0.2326,245381.0
2025-05-11 21:50:00+09:00,0.2327,0.2338,0.2323,0.2331,466494.2
2025-05-11 21:55:00+09:00,0.233,0.2343,0.2322,0.234,433861.6
2025-05-11 22:00:00+09:00,0.2341,0.2347,0.2332,0.2332,302930.0
2025-05-11 22:05:00+09:00,0.2331,0.2347,0.2326,0.2345,557503.2
2025-05-11 22:10:00+09:00,0.2346,0.2378,0.2344,0.2374,1008991.1
2025-05-11 22:15:00+09:00,0.2374,0.239,0.2355,0.2386,1488961.6
2025-05-11 22:20:00+09:00,0.2386,0.2405,0.2347,0.2353,2055417.4
2025-05-11 22:25:00+09:00,0.2354,0.2365,0.2341,0.2358,926758.4
2025-05-11 22:30:00+09:00,0.2357,0.2357,0.2325,0.2336,720542.9
2025-05-11 22:35:00+09:00,0.2338,0.2354,0.2334,0.2346,386538.0
2025-05-11 22:40:00+09:00,0.2346,0.2347,0.2319,0.2328,571236.7
2025-05-11 22:45:00+09:00,0.2328,0.2331,0.2295,0.2308,996441.6
2025-05-11 22:50:00+09:00,0.2308,0.2314,0.2297,0.2301,342168.1
2025-05-11 22:55:00+09:00,0.2302,0.2303,0.2264,0.2269,885024.9
2025-05-11 23:00:00+09:00,0.227,0.2285,0.2266,0.2284,509202.5
2025-05-11 23:05:00+09:00,0.2284,0.2284,0.2254,0.2261,443060.1
2025-05-11 23:10:00+09:00,0.2261,0.2261,0.2237,0.2241,444868.3
2025-05-11 23:15:00+09:00,0.2241,0.2262,0.224,0.2261,405084.4
2025-05-11 23:20:00+09:00,0.2261,0.2275,0.2257,0.2274,481049.0
2025-05-11 23:25:00+09:00,0.2275,0.2276,0.2257,0.2272,326897.5
2025-05-11 23:30:00+09:00,0.2271,0.2278,0.2265,0.2268,294489.3
2025-05-11 23:35:00+09:00,0.2267,0.2284,0.2263,0.2283,227627.4
2025-05-11 23:40:00+09:00,0.2281,0.2292,0.2277,0.229,227266.9
2025-05-11 23:45:00+09:00,0.229,0.2298,0.2285,0.2292,335966.0
2025-05-11 23:50:00+09:00,0.2292,0.2294,0.2276,0.2277,161468.6
2025-05-11 23:55:00+09:00,0.2277,0.2291,0.2276,0.2282,133088.9
2025-05-12 00:00:00+09:00,0.2283,0.2287,0.2278,0.2284,110921.8
2025-05-12 00:05:00+09:00,0.2283,0.2285,0.2272,0.2275,229410.0
2025-05-12 00:10:00+09:00,0.2275,0.2285,0.2268,0.2277,355773.2
2025-05-12 00:15:00+09:00,0.2277,0.2294,0.2277,0.2288,321400.8
2025-05-12 00:20:00+09:00,0.2289,0.2289,0.2267,0.2267,216145.5
2025-05-12 00:25:00+09:00,0.2269,0.228,0.2269,0.2271,185785.9
2025-05-12 00:30:00+09:00,0.2272,0.2278,0.2255,0.2257,406301.2
2025-05-12 00:35:00+09:00,0.2257,0.2261,0.2242,0.2247,172387.0
2025-05-12 00:40:00+09:00,0.2247,0.2258,0.2242,0.2254,206358.0
2025-05-12 00:45:00+09:00,0.2254,0.2257,0.2238,0.224,253506.5
2025-05-12 00:50:00+09:00,0.2241,0.2249,0.2217,0.2223,401503.8
2025-05-12 00:55:00+09:00,0.2223,0.224,0.222,0.2238,239331.0
2025-05-12 01:00:00+09:00,0.2239,0.2239,0.2219,0.2225,154256.5
2025-05-12 01:05:00+09:00,0.2224,0.2224,0.2188,0.2197,1092298.3
2025-05-12 01:10:00+09:00,0.2198,0.2203,0.2189,0.2199,327780.7
2025-05-12 01:15:00+09:00,0.2198,0.2198,0.218,0.2191,636467.9
2025-05-12 01:20:00+09:00,0.2192,0.2208,0.2189,0.2207,392451.2
2025-05-12 01:25:00+09:00,0.2208,0.2219,0.2206,0.2206,254107.7
2025-05-12 01:30:00+09:00,0.2205,0.2216,0.2205,0.2211,188471.9
2025-05-12 01:35:00+09:00,0.2211,0.2221,0.2209,0.2211,182367.6
2025-05-12 01:40:00+09:00,0.221,0.2224,0.2203,0.2217,284116.4
2025-05-12 01:45:00+09:00,0.2217,0.2219,0.2209,0.2212,116398.2
2025-05-12 01:50:00+09:00,0.2212,0.2214,0.2187,0.2201,374193.5
2025-05-12 01:55:00+09:00,0.2201,0.2213,0.2196,0.2209,206906.1
2025-05-12 02:00:00+09:00,0.2208,0.2217,0.2201,0.2208,175203.5
2025-05-12 02:05:00+09:00,0.2207,0.2212,0.2201,0.2203,303299.8
2025-05-12 02:10:00+09:00,0.2202,0.2202,0.2183,0.2194,421007.8
2025-05-12 02:15:00+09:00,0.2195,0.2199,0.2182,0.2197,334467.9
2025-05-12 02:20:00+09:00,0.2196,0.2206,0.2191,0.2192,129755.9
2025-05-12 02:25:00+09:00,0.2191,0.2201,0.2188,0.2198,119673.6
2025-05-12 02:30:00+09:00,0.2198,0.2206,0.2198,0.2203,197031.1
2025-05-12 02:35:00+09:00,0.2204,0.2212,0.2201,0.2201,173171.0
2025-05-12 02:40:00+09:00,0.2202,0.2203,0.2186,0.2191,331464.2
2025-05-12 02:45:00+09:00,0.2191,0.2193,0.2177,0.2192,217132.5
2025-05-12 02:50:00+09:00,0.2193,0.2196,0.2189,0.2194,146193.1
2025-05-12 02:55:00+09:00,0.2193,0.2195,0.2188,0.2195,90613.1
2025-05-12 03:00:00+09:00,0.2196,0.2208,0.2193,0.2201,94267.8
2025-05-12 03:05:00+09:00,0.22,0.22,0.219,0.219,48065.9
2025-05-12 03:10:00+09:00,0.219,0.219,0.218,0.2184,172808.7
2025-05-12 03:15:00+09:00,0.2183,0.2183,0.2172,0.2182,216962.8
2025-05-12 03:20:00+09:00,0.2181,0.2183,0.217,0.2172,216541.4
2025-05-12 03:25:00+09:00,0.2172,0.2175,0.2153,0.216,301580.5
2025-05-12 03:30:00+09:00,0.216,0.216,0.2144,0.2151,549730.9
2025-05-12 03:35:00+09:00,0.2151,0.2179,0.2148,0.2179,172974.3
2025-05-12 03:40:00+09:00,0.2179,0.2191,0.2177,0.2189,161951.2
2025-05-12 03:45:00+09:00,0.2189,0.2193,0.2184,0.2188,141037.1
2025-05-12 03:50:00+09:00,0.2188,0.22,0.2187,0.2194,87697.5
2025-05-12 03:55:00+09:00,0.2194,0.2194,0.2182,0.2183,51426.2
2025-05-12 04:00:00+09:00,0.2183,0.2187,0.2179,0.2183,110216.9
2025-05-12 04:05:00+09:00,0.2183,0.2186,0.2175,0.2179,137312.7
2025-05-12 04:10:00+09:00,0.2179,0.2191,0.2179,0.2182,102401.6
2025-05-12 04:15:00+09:00,0.2182,0.2187,0.2182,0.2187,57501.8
2025-05-12 04:20:00+09:00,0.2188,0.2194,0.2186,0.2188,104505.6
2025-05-12 04:25:00+09:00,0.2188,0.2199,0.2185,0.2195,213699.0
2025-05-12 04:30:00+09:00,0.2194,0.22,0.2189,0.219,128417.2
2025-05-12 04:35:00+09:00,0.2189,0.2193,0.2185,0.2187,76710.5
2025-05-12 04:40:00+09:00,0.2186,0.219,0.2171,0.2172,516483.9
2025-05-12 04:45:00+09:00,0.2172,0.2178,0.2168,0.2172,104999.0
2025-05-12 04:50:00+09:00,0.2172,0.2174,0.2169,0.2169,77398.0
2025-05-12 04:55:00+09:00,0.2169,0.2174,0.2166,0.2172,37170.2
2025-05-12 05:00:00+09:00,0.2173,0.2178,0.2156,0.2156,138976.2
2025-05-12 05:05:00+09:00,0.2156,0.2161,0.2154,0.2155,126485.8
2025-05-12 05:10:00+09:00,0.2154,0.2164,0.2148,0.2163,116589.8
2025-05-12 05:15:00+09:00,0.2164,0.2165,0.216,0.2162,109646.6
2025-05-12 05:20:00+09:00,0.2162,0.2168,0.2161,0.2165,122995.6
2025-05-12 05:25:00+09:00,0.2165,0.2165,0.2155,0.2156,41791.1
2025-05-12 05:30:00+09:00,0.2157,0.2157,0.2146,0.2152,184554.1
2025-05-12 05:35:00+09:00,0.2152,0.2157,0.2149,0.2151,95638.6
2025-05-12 05:40:00+09:00,0.2151,0.2155,0.2147,0.2151,37280.5
2025-05-12 05:45:00+09:00,0.2151,0.2152,0.2145,0.2149,84282.1
2025-05-12 05:50:00+09:00,0.2148,0.2154,0.2145,0.2152,159192.9
2025-05-12 05:55:00+09:00,0.2152,0.2164,0.2149,0.2161,69249.4
2025-05-12 06:00:00+09:00,0.2161,0.2164,0.2158,0.2159,53629.1
2025-05-12 06:05:00+09:00,0.216,0.2161,0.215,0.2153,69087.1
2025-05-12 06:10:00+09:00,0.2154,0.2161,0.2151,0.2159,73489.6
2025-05-12 06:15:00+09:00,0.216,0.2167,0.2155,0.2163,77658.9
2025-05-12 06:20:00+09:00,0.2164,0.2176,0.216,0.2172,96357.7
2025-05-12 06:25:00+09:00,0.2172,0.2175,0.2169,0.217,89472.9
2025-05-12 06:30:00+09:00,0.2169,0.2183,0.2169,0.2175,115137.9
2025-05-12 06:35:00+09:00,0.2174,0.218,0.2172,0.218,55260.0
2025-05-12 06:40:00+09:00,0.2179,0.2183,0.2172,0.2183,58163.6
2025-05-12 06:45:00+09:00,0.2182,0.2183,0.2175,0.2175,112290.1
2025-05-12 06:50:00+09:00,0.2175,0.2189,0.2175,0.2187,33449.0
2025-05-12 06:55:00+09:00,0.2188,0.2193,0.2186,0.2191,97503.3
2025-05-12 07:00:00+09:00,0.219,0.2206,0.2183,0.2183,607996.2
2025-05-12 07:05:00+09:00,0.2182,0.2187,0.2173,0.2179,142910.2
2025-05-12 07:10:00+09:00,0.2179,0.2187,0.2176,0.2186,64768.2
2025-05-12 07:15:00+09:00,0.2186,0.219,0.2179,0.2184,128184.7
2025-05-12 07:20:00+09:00,0.2184,0.2187,0.2179,0.218,147335.5
2025-05-12 07:25:00+09:00,0.2179,0.2179,0.2171,0.2173,102928.2
2025-05-12 07:30:00+09:00,0.2173,0.2183,0.2173,0.2175,88274.3
2025-05-12 07:35:00+09:00,0.2174,0.2174,0.2153,0.216,354708.9
2025-05-12 07:40:00+09:00,0.2161,0.2161,0.2154,0.2154,113941.3
2025-05-12 07:45:00+09:00,0.2154,0.2159,0.2154,0.2156,43211.7
2025-05-12 07:50:00+09:00,0.2156,0.216,0.2155,0.2157,26724.5
2025-05-12 07:55:00+09:00,0.2157,0.2167,0.2157,0.2167,29971.2
2025-05-12 08:00:00+09:00,0.2168,0.2169,0.2164,0.2166,39589.9
2025-05-12 08:05:00+09:00,0.2167,0.217,0.2164,0.2168,36990.8
2025-05-12 08:10:00+09:00,0.2168,0.2168,0.216,0.2165,51311.7
2025-05-12 08:15:00+09:00,0.2164,0.2172,0.2164,0.2168,68730.1
2025-05-12 08:20:00+09:00,0.2168,0.2176,0.2165,0.2169,76392.6
2025-05-12 08:25:00+09:00,0.2169,0.2179,0.2168,0.2172,52660.1
2025-05-12 08:30:00+09:00,0.2172,0.2175,0.2164,0.2168,186635.6
2025-05-12 08:35:00+09:00,0.2168,0.2168,0.2147,0.2152,181727.5
2025-05-12 08:40:00+09:00,0.2152,0.2154,0.2129,0.2145,444995.9
2025-05-12 08:45:00+09:00,0.2146,0.2152,0.2144,0.2147,135495.1
2025-05-12 08:50:00+09:00,0.2148,0.215,0.2131,0.2143,477102.7
2025-05-12 08:55:00+09:00,0.2143,0.2155,0.2139,0.2154,189609.9
2025-05-12 09:00:00+09:00,0.2154,0.2154,0.2103,0.2106,1325741.7
2025-05-12 09:05:00+09:00,0.2106,0.2108,0.2068,0.2081,1421596.5
2025-05-12 09:10:00+09:00,0.2082,0.2092,0.2071,0.2081,452511.3
2025-05-12 09:15:00+09:00,0.208,0.2094,0.2078,0.2078,315546.3
2025-05-12 09:20:00+09:00,0.2077,0.2098,0.2075,0.2094,319129.8
2025-05-12 09:25:00+09:00,0.2094,0.2102,0.2094,0.2096,169337.5
2025-05-12 09:30:00+09:00,0.2095,0.2111,0.2095,0.211,176892.7
2025-05-12 09:35:00+09:00,0.211,0.2113,0.2102,0.2104,283487.2
2025-05-12 09:40:00+09:00,0.2104,0.2107,0.2088,0.2089,215116.4
2025-05-12 09:45:00+09:00,0.2089,0.2096,0.2082,0.2088,285417.0
2025-05-12 09:50:00+09:00,0.2088,0.2104,0.2087,0.21,369398.5
2025-05-12 09:55:00+09:00,0.2099,0.2101,0.2092,0.2098,400373.0
2025-05-12 10:00:00+09:00,0.2097,0.2117,0.2095,0.2114,440517.9
2025-05-12 10:05:00+09:00,0.2114,0.2129,0.2111,0.2125,808149.0
2025-05-12 10:10:00+09:00,0.2125,0.2132,0.2116,0.2121,763179.2
2025-05-12 10:15:00+09:00,0.2121,0.2128,0.21,0.2108,601475.0
2025-05-12 10:20:00+09:00,0.2109,0.211,0.2097,0.21,536329.6
2025-05-12 10:25:00+09:00,0.21,0.2106,0.2092,0.2097,440934.3
2025-05-12 10:30:00+09:00,0.2097,0.2097,0.2074,0.2076,724541.4
2025-05-12 10:35:00+09:00,0.2076,0.2076,0.2054,0.2062,862845.3
2025-05-12 10:40:00+09:00,0.2062,0.2079,0.2061,0.2077,356079.4
2025-05-12 10:45:00+09:00,0.2078,0.2088,0.2077,0.2086,413912.7
2025-05-12 10:50:00+09:00,0.2085,0.2102,0.2083,0.21,520039.9
2025-05-12 10:55:00+09:00,0.21,0.2109,0.2095,0.2097,502897.4
2025-05-12 11:00:00+09:00,0.2098,0.2124,0.2094,0.2122,701290.7
2025-05-12 11:05:00+09:00,0.2121,0.2124,0.2111,0.2122,573587.7
2025-05-12 11:10:00+09:00,0.2122,0.2124,0.211,0.2115,565600.0
2025-05-12 11:15:00+09:00,0.2115,0.2137,0.2108,0.2135,1091358.1
2025-05-12 11:20:00+09:00,0.2135,0.2146,0.2129,0.213,516811.5
2025-05-12 11:25:00+09:00,0.2129,0.2131,0.2115,0.2118,376393.5
2025-05-12 11:30:00+09:00,0.2118,0.2134,0.2118,0.2133,510348.5
2025-05-12 11:35:00+09:00,0.2131,0.2135,0.2121,0.2122,272368.2
2025-05-12 11:40:00+09:00,0.2122,0.2133,0.2119,0.2119,442395.2
2025-05-12 11:45:00+09:00,0.2119,0.2131,0.2118,0.2122,337805.0
2025-05-12 11:50:00+09:00,0.2121,0.2125,0.2114,0.212,490251.2
2025-05-12 11:55:00+09:00,0.2121,0.2129,0.2111,0.2128,339564.8
2025-05-12 12:00:00+09:00,0.2128,0.2133,0.2124,0.2129,470705.7
2025-05-12 12:05:00+09:00,0.2129,0.213,0.212,0.2126,355977.4
2025-05-12 12:10:00+09:00,0.2127,0.2145,0.2118,0.2142,645156.2
2025-05-12 12:15:00+09:00,0.2143,0.215,0.214,0.2149,572353.0
2025-05-12 12:20:00+09:00,0.2148,0.2168,0.2148,0.2159,655617.5
2025-05-12 12:25:00+09:00,0.216,0.2166,0.2137,0.2137,517287.9
2025-05-12 12:30:00+09:00,0.2137,0.2138,0.2125,0.2129,201106.2
2025-05-12 12:35:00+09:00,0.213,0.2134,0.2122,0.2134,478540.7
2025-05-12 12:40:00+09:00,0.2133,0.214,0.2124,0.2135,487563.3
2025-05-12 12:45:00+09:00,0.2135,0.2151,0.2131,0.2146,267512.2
2025-05-12 12:50:00+09:00,0.2146,0.2173,0.2146,0.2156,574714.6
2025-05-12 12:55:00+09:00,0.2155,0.2158,0.2146,0.2149,345633.1
2025-05-12 13:00:00+09:00,0.2148,0.2159,0.2143,0.2159,444738.3
2025-05-12 13:05:00+09:00,0.2159,0.2171,0.2157,0.2163,658488.3
2025-05-12 13:10:00+09:00,0.2164,0.2179,0.2163,0.2178,493095.6
2025-05-12 13:15:00+09:00,0.2177,0.219,0.2168,0.2172,545017.2
2025-05-12 13:20:00+09:00,0.2172,0.2172,0.2162,0.2162,387370.6
2025-05-12 13:25:00+09:00,0.2162,0.2183,0.2162,0.2162,675224.9
2025-05-12 13:30:00+09:00,0.2162,0.2171,0.2151,0.2157,673971.8
2025-05-12 13:35:00+09:00,0.2156,0.2171,0.2154,0.2164,371577.4
2025-05-12 13:40:00+09:00,0.2165,0.2179,0.2161,0.2177,520779.2
2025-05-12 13:45:00+09:00,0.2178,0.2181,0.2159,0.2167,320808.1
2025-05-12 13:50:00+09:00,0.2167,0.2175,0.2166,0.217,150527.6
2025-05-12 13:55:00+09:00,0.217,0.2183,0.2164,0.2164,1239801.7
2025-05-12 14:00:00+09:00,0.2164,0.218,0.2164,0.2178,545429.1
2025-05-12 14:05:00+09:00,0.2177,0.2193,0.2177,0.2188,522994.5
2025-05-12 14:10:00+09:00,0.2189,0.2196,0.2181,0.2194,652246.8
2025-05-12 14:15:00+09:00,0.2195,0.2196,0.2175,0.2182,390046.6
2025-05-12 14:20:00+09:00,0.2181,0.2189,0.2163,0.2185,415348.1
2025-05-12 14:25:00+09:00,0.2185,0.2201,0.218,0.2198,632065.8
2025-05-12 14:30:00+09:00,0.2198,0.2216,0.219,0.2201,360660.1
2025-05-12 14:35:00+09:00,0.2202,0.2203,0.2179,0.2195,589977.9
2025-05-12 14:40:00+09:00,0.2195,0.2197,0.2183,0.2183,458198.4
2025-05-12 14:45:00+09:00,0.2184,0.2189,0.2173,0.2176,441855.3
2025-05-12 14:50:00+09:00,0.2176,0.2187,0.2168,0.2174,618052.2
2025-05-12 14:55:00+09:00,0.2173,0.2174,0.2156,0.2165,613603.6
2025-05-12 15:00:00+09:00,0.2165,0.2177,0.2162,0.2175,610935.7
2025-05-12 15:05:00+09:00,0.2176,0.2192,0.2168,0.2186,344257.4
2025-05-12 15:10:00+09:00,0.2185,0.2204,0.2181,0.2203,415167.9
2025-05-12 15:15:00+09:00,0.2203,0.2209,0.2191,0.2206,777622.4
2025-05-12 15:20:00+09:00,0.2206,0.2207,0.2186,0.2187,123556.0
2025-05-12 15:25:00+09:00,0.2188,0.2212,0.2184,0.2211,466226.0
2025-05-12 15:30:00+09:00,0.2211,0.2212,0.2197,0.2202,582015.2
2025-05-12 15:35:00+09:00,0.2203,0.2213,0.2202,0.2211,554995.6
2025-05-12 15:40:00+09:00,0.2212,0.2214,0.2195,0.2201,580879.1
2025-05-12 15:45:00+09:00,0.22,0.221,0.2196,0.2205,348076.9
2025-05-12 15:50:00+09:00,0.2205,0.2213,0.2202,0.2209,428681.7
2025-05-12 15:55:00+09:00,0.2209,0.2218,0.2209,0.2215,404275.9
2025-05-12 16:00:00+09:00,0.2215,0.2225,0.221,0.2218,1080911.4
2025-05-12 16:05:00+09:00,0.2218,0.2229,0.2207,0.2218,561223.0
2025-05-12 16:10:00+09:00,0.2218,0.2246,0.2218,0.2246,542407.0
2025-05-12 16:15:00+09:00,0.2245,0.2249,0.2228,0.2237,584850.3
2025-05-12 16:20:00+09:00,0.2237,0.2259,0.2233,0.2258,510401.6
2025-05-12 16:25:00+09:00,0.2257,0.2265,0.2252,0.2258,546347.1
2025-05-12 16:30:00+09:00,0.2257,0.2266,0.2254,0.226,697652.8
2025-05-12 16:35:00+09:00,0.2261,0.2277,0.2247,0.2275,788876.1
2025-05-12 16:40:00+09:00,0.2275,0.2276,0.2239,0.2257,1006092.4
2025-05-12 16:45:00+09:00,0.2257,0.2259,0.2216,0.2232,887567.0
2025-05-12 16:50:00+09:00,0.2232,0.2253,0.2226,0.2247,803314.4
2025-05-12 16:55:00+09:00,0.2247,0.2253,0.2227,0.2245,503660.6
2025-05-12 17:00:00+09:00,0.2245,0.2256,0.2234,0.2252,614481.6
2025-05-12 17:05:00+09:00,0.225,0.2256,0.2232,0.2243,917189.8
2025-05-12 17:10:00+09:00,0.2242,0.2252,0.2227,0.225,671940.5
2025-05-12 17:15:00+09:00,0.225,0.228,0.2249,0.2275,567163.9
2025-05-12 17:20:00+09:00,0.2275,0.2283,0.225,0.2265,639490.5
2025-05-12 17:25:00+09:00,0.2266,0.2288,0.2264,0.2287,496533.3
2025-05-12 17:30:00+09:00,0.2286,0.2307,0.2282,0.2305,956031.4
2025-05-12 17:35:00+09:00,0.2302,0.2304,0.2266,0.2272,386449.3
2025-05-12 17:40:00+09:00,0.2273,0.2293,0.2266,0.2288,566660.1
2025-05-12 17:45:00+09:00,0.2288,0.2293,0.2269,0.2277,535332.9
2025-05-12 17:50:00+09:00,0.2277,0.2286,0.2272,0.2274,257517.4
2025-05-12 17:55:00+09:00,0.2273,0.2278,0.2259,0.2267,272129.1
2025-05-12 18:00:00+09:00,0.2268,0.2289,0.2264,0.2277,531231.5
2025-05-12 18:05:00+09:00,0.2277,0.2285,0.2267,0.2282,320838.2
2025-05-12 18:10:00+09:00,0.2281,0.2301,0.2276,0.2294,374151.1
2025-05-12 18:15:00+09:00,0.2295,0.2306,0.2292,0.2296,631581.9
2025-05-12 18:20:00+09:00,0.2298,0.2308,0.229,0.2293,1017526.6
2025-05-12 18:25:00+09:00,0.2293,0.2325,0.2293,0.2317,909860.3
2025-05-12 18:30:00+09:00,0.2317,0.2378,0.2314,0.2378,1201338.5
2025-05-12 18:35:00+09:00,0.2379,0.2383,0.2327,0.233,760027.5
2025-05-12 18:40:00+09:00,0.233,0.2342,0.231,0.2341,566757.9
2025-05-12 18:45:00+09:00,0.2341,0.2355,0.2327,0.2354,557051.3
2025-05-12 18:50:00+09:00,0.2354,0.237,0.2353,0.2363,518953.1
2025-05-12 18:55:00+09:00,0.2362,0.237,0.2352,0.2365,556316.9
2025-05-12 19:00:00+09:00,0.2365,0.239,0.2357,0.2368,1031846.0
2025-05-12 19:05:00+09:00,0.2369,0.2385,0.2354,0.2357,715902.4
2025-05-12 19:10:00+09:00,0.2358,0.2405,0.2354,0.2388,633164.2
2025-05-12 19:15:00+09:00,0.2388,0.2413,0.2366,0.2371,691864.4
2025-05-12 19:20:00+09:00,0.237,0.2387,0.2351,0.2353,579867.9
2025-05-12 19:25:00+09:00,0.2353,0.236,0.2335,0.236,657569.5
2025-05-12 19:30:00+09:00,0.2358,0.2361,0.2336,0.2354,452429.2
2025-05-12 19:35:00+09:00,0.2354,0.2356,0.2334,0.2341,210558.6
2025-05-12 19:40:00+09:00,0.2343,0.2346,0.232,0.232,219337.1
2025-05-12 19:45:00+09:00,0.2319,0.2331,0.2311,0.2325,422161.1
2025-05-12 19:50:00+09:00,0.2326,0.2329,0.2311,0.2314,543928.7
2025-05-12 19:55:00+09:00,0.2314,0.2335,0.2314,0.2331,438780.5
2025-05-12 20:00:00+09:00,0.233,0.2334,0.232,0.2334,322511.9
2025-05-12 20:05:00+09:00,0.2332,0.2336,0.2322,0.2322,245207.8
2025-05-12 20:10:00+09:00,0.2322,0.2331,0.2314,0.2329,393828.5
2025-05-12 20:15:00+09:00,0.233,0.2332,0.2301,0.2302,718824.9
2025-05-12 20:20:00+09:00,0.2301,0.2302,0.2283,0.2296,778887.6
2025-05-12 20:25:00+09:00,0.2298,0.2317,0.2286,0.2311,1306525.9
2025-05-12 20:30:00+09:00,0.231,0.2311,0.229,0.2311,514259.4
2025-05-12 20:35:00+09:00,0.2312,0.2315,0.2296,0.2314,465986.9
2025-05-12 20:40:00+09:00,0.2314,0.2318,0.2306,0.2311,828116.4
2025-05-12 20:45:00+09:00,0.2311,0.2312,0.2281,0.2283,764416.0
2025-05-12 20:50:00+09:00,0.2283,0.2284,0.226,0.2273,778512.8
2025-05-12 20:55:00+09:00,0.2273,0.2278,0.2269,0.2276,397656.2
2025-05-12 21:00:00+09:00,0.2275,0.2285,0.2269,0.2276,459376.8
2025-05-12 21:05:00+09:00,0.2278,0.228,0.2266,0.2278,384018.5
2025-05-12 21:10:00+09:00,0.2278,0.2296,0.2276,0.2291,431234.7
2025-05-12 21:15:00+09:00,0.2291,0.2305,0.2283,0.2283,193068.6
2025-05-12 21:20:00+09:00,0.2283,0.2284,0.2253,0.2258,401131.5
2025-05-12 21:25:00+09:00,0.2259,0.2261,0.2227,0.2235,583599.2
2025-05-12 21:30:00+09:00,0.2236,0.2253,0.2228,0.2249,494096.8
2025-05-12 21:35:00+09:00,0.2249,0.2262,0.2248,0.2256,347530.9
2025-05-12 21:40:00+09:00,0.2254,0.2268,0.2244,0.2262,544305.3
2025-05-12 21:45:00+09:00,0.2262,0.2269,0.2256,0.2263,600680.5
2025-05-12 21:50:00+09:00,0.2264,0.228,0.2261,0.2278,357284.6
2025-05-12 21:55:00+09:00,0.2276,0.2285,0.2272,0.2282,396392.1
2025-05-12 22:00:00+09:00,0.2283,0.2299,0.2279,0.2297,398162.1
2025-05-12 22:05:00+09:00,0.2297,0.2298,0.2255,0.2272,557409.0
2025-05-12 22:10:00+09:00,0.2271,0.2304,0.227,0.2293,608665.6
2025-05-12 22:15:00+09:00,0.2293,0.2304,0.2271,0.2282,518425.7
2025-05-12 22:20:00+09:00,0.2281,0.2295,0.2278,0.2293,397840.5
2025-05-12 22:25:00+09:00,0.2291,0.2299,0.2284,0.2284,283116.4
2025-05-12 22:30:00+09:00,0.2285,0.2316,0.2282,0.2311,569233.2
2025-05-12 22:35:00+09:00,0.2309,0.2323,0.2285,0.2293,491815.7
2025-05-12 22:40:00+09:00,0.2292,0.2293,0.2266,0.2277,406482.6
2025-05-12 22:45:00+09:00,0.2279,0.2291,0.2272,0.2287,684587.9
2025-05-12 22:50:00+09:00,0.2289,0.2306,0.2288,0.2298,382758.8
2025-05-12 22:55:00+09:00,0.2298,0.2304,0.2288,0.2304,354332.5
2025-05-12 23:00:00+09:00,0.2305,0.2317,0.2298,0.2314,375352.6
2025-05-12 23:05:00+09:00,0.2316,0.232,0.2303,0.231,447090.9
2025-05-12 23:10:00+09:00,0.231,0.2317,0.2301,0.2301,361675.0
2025-05-12 23:15:00+09:00,0.2301,0.2316,0.2293,0.2294,439582.1
2025-05-12 23:20:00+09:00,0.2293,0.2305,0.2286,0.2286,382273.2
2025-05-12 23:25:00+09:00,0.2286,0.2287,0.224,0.2252,886748.4
2025-05-12 23:30:00+09:00,0.2252,0.2271,0.2224,0.2258,1448741.2
2025-05-12 23:35:00+09:00,0.2258,0.2267,0.2252,0.2262,524724.3
2025-05-12 23:40:00+09:00,0.2263,0.2278,0.2256,0.2271,610680.1
2025-05-12 23:45:00+09:00,0.2273,0.2277,0.2255,0.2266,512642.8
2025-05-12 23:50:00+09:00,0.2265,0.2269,0.2255,0.2258,420187.8
2025-05-12 23:55:00+09:00,0.226,0.2274,0.2256,0.2265,278666.5
2025-05-13 00:00:00+09:00,0.2265,0.2275,0.2233,0.2243,634684.4
2025-05-13 00:05:00+09:00,0.2243,0.2272,0.2241,0.2264,564619.7
2025-05-13 00:10:00+09:00,0.2263,0.2263,0.2238,0.225,682501.5
2025-05-13 00:15:00+09:00,0.225,0.2253,0.2237,0.2242,321818.9
2025-05-13 00:20:00+09:00,0.2242,0.2251,0.2223,0.2233,211185.6
2025-05-13 00:25:00+09:00,0.2235,0.2239,0.2218,0.2223,258225.2
2025-05-13 00:30:00+09:00,0.2223,0.2232,0.2219,0.2229,117705.9
2025-05-13 00:35:00+09:00,0.2228,0.2231,0.2217,0.2218,120684.9
2025-05-13 00:40:00+09:00,0.2217,0.2217,0.2194,0.2206,386970.5
2025-05-13 00:45:00+09:00,0.2204,0.2212,0.2191,0.2191,226230.3
2025-05-13 00:50:00+09:00,0.219,0.2203,0.2188,0.2201,396045.5
2025-05-13 00:55:00+09:00,0.2203,0.2211,0.2197,0.2207,312361.7
2025-05-13 01:00:00+09:00,0.2207,0.2221,0.2206,0.2209,434124.6
2025-05-13 01:05:00+09:00,0.2209,0.2224,0.2204,0.2212,293447.0
2025-05-13 01:10:00+09:00,0.2213,0.2232,0.2209,0.2232,384096.5
2025-05-13 01:15:00+09:00,0.2232,0.2247,0.223,0.2242,625259.2
2025-05-13 01:20:00+09:00,0.2241,0.2243,0.2232,0.2235,200635.4
2025-05-13 01:25:00+09:00,0.2234,0.2245,0.223,0.2244,169510.9
2025-05-13 01:30:00+09:00,0.2244,0.225,0.2239,0.2247,433567.8
2025-05-13 01:35:00+09:00,0.2247,0.2251,0.223,0.2233,373981.6
2025-05-13 01:40:00+09:00,0.2232,0.2262,0.2231,0.2262,389040.6
2025-05-13 01:45:00+09:00,0.2259,0.2279,0.2258,0.2275,564511.3
2025-05-13 01:50:00+09:00,0.2276,0.2286,0.227,0.2277,443690.5
2025-05-13 01:55:00+09:00,0.2276,0.2281,0.2267,0.2273,285433.4
2025-05-13 02:00:00+09:00,0.2273,0.2275,0.2263,0.2275,485481.8
2025-05-13 02:05:00+09:00,0.2274,0.2284,0.2273,0.2279,335198.2
2025-05-13 02:10:00+09:00,0.2278,0.2283,0.2269,0.2276,312411.9
2025-05-13 02:15:00+09:00,0.2276,0.2278,0.2258,0.226,412855.7
2025-05-13 02:20:00+09:00,0.226,0.226,0.2245,0.2255,337623.0
2025-05-13 02:25:00+09:00,0.2256,0.2273,0.2254,0.2265,339616.9
2025-05-13 02:30:00+09:00,0.2265,0.2272,0.2261,0.2267,241974.0
2025-05-13 02:35:00+09:00,0.2266,0.2266,0.2243,0.2244,101624.1
2025-05-13 02:40:00+09:00,0.2244,0.2244,0.2229,0.223,58453.9
2025-05-13 02:45:00+09:00,0.2231,0.2233,0.2204,0.2206,409586.9
2025-05-13 02:50:00+09:00,0.2204,0.2212,0.2201,0.2208,160549.1
2025-05-13 02:55:00+09:00,0.2207,0.2212,0.2204,0.2208,38523.6
2025-05-13 03:00:00+09:00,0.2208,0.2221,0.2208,0.2212,100684.0
2025-05-13 03:05:00+09:00,0.2213,0.2213,0.2173,0.2182,386094.5
2025-05-13 03:10:00+09:00,0.2182,0.2186,0.2174,0.2179,299580.9
2025-05-13 03:15:00+09:00,0.218,0.2197,0.2178,0.219,85331.8
2025-05-13 03:20:00+09:00,0.2192,0.2192,0.2177,0.218,86083.7
2025-05-13 03:25:00+09:00,0.2178,0.218,0.215,0.216,192968.1
2025-05-13 03:30:00+09:00,0.2158,0.2171,0.2145,0.2151,510128.5
2025-05-13 03:35:00+09:00,0.2152,0.2163,0.2144,0.2149,209696.0
2025-05-13 03:40:00+09:00,0.2148,0.2158,0.2141,0.2143,196148.4
2025-05-13 03:45:00+09:00,0.2145,0.2152,0.2104,0.2107,741914.8
2025-05-13 03:50:00+09:00,0.2108,0.2142,0.2108,0.214,500373.7
2025-05-13 03:55:00+09:00,0.2139,0.2157,0.2139,0.2144,261957.9
2025-05-13 04:00:00+09:00,0.2145,0.2166,0.2137,0.2165,291477.2
2025-05-13 04:05:00+09:00,0.2163,0.2177,0.2163,0.2171,226695.9
2025-05-13 04:10:00+09:00,0.2172,0.2173,0.2164,0.2167,93611.5
2025-05-13 04:15:00+09:00,0.2168,0.2188,0.2168,0.2183,139401.2
2025-05-13 04:20:00+09:00,0.2183,0.2194,0.218,0.2188,99158.4
2025-05-13 04:25:00+09:00,0.2187,0.2187,0.2166,0.217,94753.2
2025-05-13 04:30:00+09:00,0.2171,0.219,0.2169,0.2189,59477.5
2025-05-13 04:35:00+09:00,0.2189,0.2192,0.218,0.2192,50188.1
2025-05-13 04:40:00+09:00,0.219,0.2193,0.2182,0.2193,63120.4
2025-05-13 04:45:00+09:00,0.2194,0.2214,0.2194,0.2211,103208.4
2025-05-13 04:50:00+09:00,0.2212,0.222,0.2207,0.2208,202404.2
2025-05-13 04:55:00+09:00,0.2207,0.2221,0.2207,0.2218,89008.7
2025-05-13 05:00:00+09:00,0.2219,0.2219,0.2194,0.2194,129291.0
2025-05-13 05:05:00+09:00,0.2195,0.2198,0.2187,0.219,68071.6
2025-05-13 05:10:00+09:00,0.219,0.2196,0.2187,0.2187,55195.2
2025-05-13 05:15:00+09:00,0.2186,0.2198,0.2184,0.2197,33071.5
2025-05-13 05:20:00+09:00,0.2197,0.2197,0.2184,0.2191,34594.2
2025-05-13 05:25:00+09:00,0.219,0.2199,0.2189,0.2195,18886.6
2025-05-13 05:30:00+09:00,0.2196,0.2199,0.219,0.2199,62528.6
2025-05-13 05:35:00+09:00,0.2198,0.2198,0.2184,0.2187,114962.8
2025-05-13 05:40:00+09:00,0.2188,0.219,0.2183,0.2187,140175.7
2025-05-13 05:45:00+09:00,0.2188,0.2192,0.2179,0.2182,130881.1
2025-05-13 05:50:00+09:00,0.2181,0.2186,0.2178,0.2185,90900.3
2025-05-13 05:55:00+09:00,0.2185,0.2188,0.218,0.218,35534.2
2025-05-13 06:00:00+09:00,0.2181,0.2189,0.2178,0.2187,27127.7
2025-05-13 06:05:00+09:00,0.2186,0.2198,0.2182,0.2198,85545.5
2025-05-13 06:10:00+09:00,0.2198,0.22,0.2189,0.2189,51603.1
2025-05-13 06:15:00+09:00,0.219,0.2195,0.2189,0.219,30274.4
2025-05-13 06:20:00+09:00,0.2189,0.2191,0.2184,0.2187,51828.4
2025-05-13 06:25:00+09:00,0.2187,0.2188,0.218,0.2181,42380.0
2025-05-13 06:30:00+09:00,0.2182,0.2184,0.2176,0.2184,56674.1
2025-05-13 06:35:00+09:00,0.2185,0.2188,0.2182,0.2184,56149.9
2025-05-13 06:40:00+09:00,0.2185,0.2185,0.2178,0.2183,48290.6
2025-05-13 06:45:00+09:00,0.2183,0.2186,0.2182,0.2183,7063.9
2025-05-13 06:50:00+09:00,0.2183,0.2183,0.218,0.2183,5874.5
2025-05-13 06:55:00+09:00,0.2183,0.2193,0.2183,0.2193,18601.6
2025-05-13 07:00:00+09:00,0.2194,0.2194,0.2186,0.2193,15294.1
2025-05-13 07:05:00+09:00,0.2194,0.2199,0.2193,0.2194,21216.5
2025-05-13 07:10:00+09:00,0.2194,0.22,0.2194,0.2199,36797.0
2025-05-13 07:15:00+09:00,0.2198,0.2203,0.2198,0.2201,61786.5
2025-05-13 07:20:00+09:00,0.2201,0.2206,0.2197,0.2198,35642.6
2025-05-13 07:25:00+09:00,0.2197,0.2199,0.2196,0.2196,7218.9
2025-05-13 07:30:00+09:00,0.2195,0.2205,0.2193,0.2203,11373.9
2025-05-13 07:35:00+09:00,0.2204,0.2206,0.2201,0.2206,29564.7
2025-05-13 07:40:00+09:00,0.2206,0.2211,0.2203,0.221,56006.3
2025-05-13 07:45:00+09:00,0.2209,0.2212,0.2205,0.221,23803.7
2025-05-13 07:50:00+09:00,0.221,0.2214,0.221,0.2214,22886.4
2025-05-13 07:55:00+09:00,0.2214,0.2214,0.2206,0.2207,45722.5
2025-05-13 08:00:00+09:00,0.2207,0.2218,0.2207,0.2216,45163.5
2025-05-13 08:05:00+09:00,0.2215,0.223,0.2215,0.2228,95257.2
2025-05-13 08:10:00+09:00,0.2228,0.2241,0.2228,0.2238,173496.6
2025-05-13 08:15:00+09:00,0.2238,0.2238,0.2228,0.223,47227.2
2025-05-13 08:20:00+09:00,0.2229,0.2234,0.2226,0.2227,197219.7
2025-05-13 08:25:00+09:00,0.2226,0.2226,0.2217,0.2223,143828.3
2025-05-13 08:30:00+09:00,0.2222,0.223,0.2221,0.2225,49971.6
2025-05-13 08:35:00+09:00,0.2224,0.2231,0.222,0.222,49468.6
2025-05-13 08:40:00+09:00,0.2219,0.2219,0.221,0.2211,63829.1
2025-05-13 08:45:00+09:00,0.221,0.2222,0.2209,0.2221,61660.5
2025-05-13 08:50:00+09:00,0.222,0.2225,0.2212,0.2212,29054.0
2025-05-13 08:55:00+09:00,0.2211,0.2221,0.2206,0.2212,104852.2
2025-05-13 09:00:00+09:00,0.2211,0.2318,0.2201,0.2297,2184341.5
2025-05-13 09:05:00+09:00,0.2299,0.2352,0.2291,0.2326,2145356.6
2025-05-13 09:10:00+09:00,0.2326,0.2347,0.2274,0.2293,987187.1
2025-05-13 09:15:00+09:00,0.229,0.2315,0.2277,0.2294,987876.0
2025-05-13 09:20:00+09:00,0.2292,0.2336,0.2292,0.2328,900193.5
2025-05-13 09:25:00+09:00,0.2326,0.2341,0.2312,0.2333,788100.6
2025-05-13 09:30:00+09:00,0.2334,0.2337,0.2302,0.2302,722203.5
2025-05-13 09:35:00+09:00,0.2301,0.2318,0.2292,0.2305,307098.3
2025-05-13 09:40:00+09:00,0.2304,0.2311,0.2285,0.2298,318955.5
2025-05-13 09:45:00+09:00,0.23,0.2319,0.2295,0.2299,170086.6
2025-05-13 09:50:00+09:00,0.23,0.2305,0.2281,0.2296,208540.8
2025-05-13 09:55:00+09:00,0.2296,0.2296,0.2261,0.2262,327678.9
2025-05-13 10:00:00+09:00,0.2262,0.2273,0.2237,0.225,310553.0
2025-05-13 10:05:00+09:00,0.2252,0.2255,0.2237,0.2237,209448.1
2025-05-13 10:10:00+09:00,0.2236,0.2238,0.2224,0.2228,134704.0
2025-05-13 10:15:00+09:00,0.2227,0.2227,0.2197,0.2197,326333.1
2025-05-13 10:20:00+09:00,0.2198,0.2198,0.2165,0.2175,460593.5
2025-05-13 10:25:00+09:00,0.2176,0.2196,0.2171,0.2172,537200.4
2025-05-13 10:30:00+09:00,0.2172,0.2184,0.216,0.2183,177746.5
2025-05-13 10:35:00+09:00,0.2183,0.2188,0.2165,0.2167,274172.1
2025-05-13 10:40:00+09:00,0.2165,0.2167,0.2143,0.215,228477.9
2025-05-13 10:45:00+09:00,0.2151,0.2164,0.2142,0.2164,145610.0
2025-05-13 10:50:00+09:00,0.2164,0.2172,0.2163,0.2172,119404.5
2025-05-13 10:55:00+09:00,0.217,0.2173,0.2161,0.2163,94880.8
2025-05-13 11:00:00+09:00,0.2164,0.2173,0.2143,0.2146,194751.7
2025-05-13 11:05:00+09:00,0.2144,0.2161,0.2125,0.2141,602879.5
2025-05-13 11:10:00+09:00,0.2143,0.2151,0.2129,0.2131,243292.2
2025-05-13 11:15:00+09:00,0.213,0.2139,0.2121,0.2123,253708.3
2025-05-13 11:20:00+09:00,0.2124,0.213,0.2122,0.213,204915.1
2025-05-13 11:25:00+09:00,0.213,0.2149,0.213,0.2147,102046.5
2025-05-13 11:30:00+09:00,0.2149,0.215,0.2135,0.2148,130334.6
2025-05-13 11:35:00+09:00,0.2148,0.2159,0.2145,0.2145,81159.7
2025-05-13 11:40:00+09:00,0.2145,0.2152,0.2143,0.2144,51376.3
2025-05-13 11:45:00+09:00,0.2144,0.2154,0.2142,0.2149,58884.3
2025-05-13 11:50:00+09:00,0.215,0.2153,0.2139,0.2152,60913.1
2025-05-13 11:55:00+09:00,0.2152,0.2161,0.2147,0.2156,42868.7
2025-05-13 12:00:00+09:00,0.2157,0.2173,0.2155,0.2173,115639.4
2025-05-13 12:05:00+09:00,0.2171,0.2181,0.217,0.218,147771.2
2025-05-13 12:10:00+09:00,0.218,0.2189,0.2176,0.218,194249.3
2025-05-13 12:15:00+09:00,0.2181,0.2185,0.217,0.2171,91627.6
2025-05-13 12:20:00+09:00,0.2173,0.2177,0.2153,0.2157,96343.1
2025-05-13 12:25:00+09:00,0.2158,0.2163,0.2137,0.214,164170.4
2025-05-13 12:30:00+09:00,0.214,0.2145,0.2133,0.2142,75684.4
2025-05-13 12:35:00+09:00,0.2143,0.2148,0.2132,0.2135,70858.6
2025-05-13 12:40:00+09:00,0.2134,0.2151,0.2131,0.2149,42058.7
2025-05-13 12:45:00+09:00,0.2148,0.2156,0.2147,0.2148,62031.6
2025-05-13 12:50:00+09:00,0.2147,0.2148,0.2138,0.2147,60344.9
2025-05-13 12:55:00+09:00,0.2147,0.2151,0.2137,0.2138,56881.5
2025-05-13 13:00:00+09:00,0.2137,0.2149,0.2133,0.2144,84157.5
2025-05-13 13:05:00+09:00,0.2146,0.2159,0.2143,0.2159,59859.0
2025-05-13 13:10:00+09:00,0.2158,0.2166,0.215,0.2152,145700.9
2025-05-13 13:15:00+09:00,0.2153,0.2176,0.2151,0.2175,71766.3
2025-05-13 13:20:00+09:00,0.2175,0.218,0.217,0.2171,83609.6
2025-05-13 13:25:00+09:00,0.217,0.2176,0.2168,0.217,120901.0
2025-05-13 13:30:00+09:00,0.217,0.2178,0.2169,0.2173,152535.0
2025-05-13 13:35:00+09:00,0.2173,0.2176,0.2169,0.2176,32985.5
2025-05-13 13:40:00+09:00,0.2176,0.219,0.2175,0.2187,56993.2
2025-05-13 13:45:00+09:00,0.2187,0.2197,0.2184,0.2186,62634.4
2025-05-13 13:50:00+09:00,0.2185,0.219,0.2182,0.2184,50524.6
2025-05-13 13:55:00+09:00,0.2183,0.2187,0.2178,0.2186,51462.1
2025-05-13 14:00:00+09:00,0.2187,0.2201,0.2186,0.2198,86292.9
2025-05-13 14:05:00+09:00,0.2198,0.22,0.2192,0.2196,65036.4
2025-05-13 14:10:00+09:00,0.2196,0.2199,0.2194,0.2194,53598.7
2025-05-13 14:15:00+09:00,0.2194,0.2202,0.2191,0.2196,91517.7
2025-05-13 14:20:00+09:00,0.2196,0.2199,0.2187,0.2195,46337.3
2025-05-13 14:25:00+09:00,0.2195,0.2195,0.2176,0.2179,79437.2
2025-05-13 14:30:00+09:00,0.218,0.219,0.2172,0.2172,207743.9
2025-05-13 14:35:00+09:00,0.2172,0.2176,0.2169,0.2173,41593.0
2025-05-13 14:40:00+09:00,0.2174,0.2176,0.2169,0.2172,21634.5
2025-05-13 14:45:00+09:00,0.2173,0.2183,0.2172,0.2172,150733.6
2025-05-13 14:50:00+09:00,0.2172,0.2178,0.2168,0.2177,64218.9
2025-05-13 14:55:00+09:00,0.2177,0.2183,0.2177,0.2182,19100.2
2025-05-13 15:00:00+09:00,0.2183,0.2196,0.2181,0.2195,216234.0
2025-05-13 15:05:00+09:00,0.2196,0.2197,0.218,0.218,29544.6
2025-05-13 15:10:00+09:00,0.218,0.2188,0.2179,0.2188,69916.3
2025-05-13 15:15:00+09:00,0.2187,0.2197,0.2178,0.2184,150048.3
2025-05-13 15:20:00+09:00,0.2183,0.2183,0.2173,0.2177,70157.7
2025-05-13 15:25:00+09:00,0.2176,0.2181,0.2171,0.2181,34752.7
2025-05-13 15:30:00+09:00,0.2181,0.2184,0.2171,0.2174,135697.5
2025-05-13 15:35:00+09:00,0.2175,0.2181,0.2175,0.2177,28591.7
2025-05-13 15:40:00+09:00,0.2178,0.2179,0.2176,0.2178,23571.2
2025-05-13 15:45:00+09:00,0.2177,0.2177,0.2171,0.2176,39220.8
2025-05-13 15:50:00+09:00,0.2177,0.2177,0.2156,0.2157,129143.3
2025-05-13 15:55:00+09:00,0.2157,0.216,0.2153,0.2158,82344.5
2025-05-13 16:00:00+09:00,0.2159,0.2164,0.2154,0.2163,58013.4
2025-05-13 16:05:00+09:00,0.2163,0.2172,0.216,0.2165,156829.9
2025-05-13 16:10:00+09:00,0.2166,0.2174,0.2166,0.2169,41708.6
2025-05-13 16:15:00+09:00,0.217,0.2181,0.217,0.2178,171397.2
2025-05-13 16:20:00+09:00,0.2179,0.2184,0.2175,0.2178,73320.1
2025-05-13 16:25:00+09:00,0.2178,0.2186,0.2177,0.218,32129.4
2025-05-13 16:30:00+09:00,0.218,0.2193,0.218,0.2188,89499.2
2025-05-13 16:35:00+09:00,0.2188,0.2188,0.2172,0.2173,638115.3
2025-05-13 16:40:00+09:00,0.2173,0.218,0.2173,0.2179,144758.4
2025-05-13 16:45:00+09:00,0.218,0.2186,0.2176,0.2176,89493.2
2025-05-13 16:50:00+09:00,0.2176,0.2186,0.2176,0.2182,83325.1
2025-05-13 16:55:00+09:00,0.2183,0.2191,0.2183,0.2189,134963.7
2025-05-13 17:00:00+09:00,0.219,0.2193,0.2185,0.2192,117637.5
2025-05-13 17:05:00+09:00,0.2192,0.2194,0.2182,0.2184,92109.2
2025-05-13 17:10:00+09:00,0.2183,0.2188,0.2181,0.2181,77521.2
2025-05-13 17:15:00+09:00,0.2181,0.2187,0.2181,0.2184,39812.3
2025-05-13 17:20:00+09:00,0.2183,0.2183,0.2173,0.2175,74410.6
2025-05-13 17:25:00+09:00,0.2175,0.2175,0.2165,0.2166,58977.8
2025-05-13 17:30:00+09:00,0.2165,0.2171,0.2165,0.2168,78932.4
2025-05-13 17:35:00+09:00,0.2168,0.2177,0.2168,0.2174,60987.3
2025-05-13 17:40:00+09:00,0.2174,0.2175,0.2166,0.2168,81156.3
2025-05-13 17:45:00+09:00,0.2168,0.2175,0.2168,0.2169,49075.2
2025-05-13 17:50:00+09:00,0.2169,0.217,0.2165,0.2165,37122.6
2025-05-13 17:55:00+09:00,0.2166,0.2171,0.2165,0.2167,41497.1
2025-05-13 18:00:00+09:00,0.2168,0.2182,0.2168,0.2181,62149.3
2025-05-13 18:05:00+09:00,0.2182,0.2188,0.218,0.2187,36455.4
2025-05-13 18:10:00+09:00,0.2187,0.2188,0.218,0.2188,77114.3
2025-05-13 18:15:00+09:00,0.2187,0.2203,0.2185,0.22,83061.8
2025-05-13 18:20:00+09:00,0.2201,0.2211,0.2194,0.2209,299427.1
2025-05-13 18:25:00+09:00,0.2208,0.2231,0.2208,0.2212,568730.3
2025-05-13 18:30:00+09:00,0.2213,0.2233,0.2213,0.2231,356899.5
2025-05-13 18:35:00+09:00,0.223,0.224,0.2226,0.2234,634889.9
2025-05-13 18:40:00+09:00,0.2235,0.2245,0.2226,0.2242,609566.8
2025-05-13 18:45:00+09:00,0.2242,0.2249,0.2229,0.2233,314447.0
2025-05-13 18:50:00+09:00,0.2234,0.2234,0.2216,0.2218,139314.3
2025-05-13 18:55:00+09:00,0.2219,0.2221,0.2212,0.2212,93839.7
2025-05-13 19:00:00+09:00,0.2211,0.2285,0.2187,0.2233,3425312.2
2025-05-13 19:05:00+09:00,0.2233,0.232,0.2231,0.2299,2003762.4
2025-05-13 19:10:00+09:00,0.2298,0.2309,0.2256,0.2257,549114.6
2025-05-13 19:15:00+09:00,0.2258,0.2282,0.225,0.2278,302112.1
2025-05-13 19:20:00+09:00,0.2279,0.2285,0.2262,0.2262,464479.1
2025-05-13 19:25:00+09:00,0.2263,0.2269,0.2251,0.2267,193221.4
2025-05-13 19:30:00+09:00,0.2267,0.2267,0.2244,0.2244,440350.0
2025-05-13 19:35:00+09:00,0.2246,0.2249,0.2237,0.2243,204975.6
2025-05-13 19:40:00+09:00,0.2244,0.2257,0.2244,0.2256,121883.3
2025-05-13 19:45:00+09:00,0.2255,0.2255,0.2236,0.2237,296515.1
2025-05-13 19:50:00+09:00,0.2238,0.2246,0.2238,0.2241,82279.0
2025-05-13 19:55:00+09:00,0.224,0.2247,0.2235,0.2244,81583.2
2025-05-13 20:00:00+09:00,0.2243,0.2246,0.2232,0.2234,51186.7
2025-05-13 20:05:00+09:00,0.2233,0.2233,0.2219,0.2222,165022.6
2025-05-13 20:10:00+09:00,0.2222,0.2239,0.2222,0.2231,71924.5
2025-05-13 20:15:00+09:00,0.2231,0.2233,0.2225,0.223,64617.2
2025-05-13 20:20:00+09:00,0.2231,0.225,0.223,0.2248,318491.0
2025-05-13 20:25:00+09:00,0.2249,0.2259,0.2243,0.2256,283378.1
2025-05-13 20:30:00+09:00,0.2255,0.2269,0.2253,0.2257,292835.4
2025-05-13 20:35:00+09:00,0.2258,0.2264,0.2254,0.2263,138054.5
2025-05-13 20:40:00+09:00,0.2264,0.2266,0.2247,0.2251,107957.9
2025-05-13 20:45:00+09:00,0.2249,0.2249,0.223,0.224,113653.0
2025-05-13 20:50:00+09:00,0.2239,0.2241,0.2233,0.224,56587.2
2025-05-13 20:55:00+09:00,0.2239,0.2239,0.2227,0.2229,78748.9
2025-05-13 21:00:00+09:00,0.2228,0.2228,0.2218,0.2226,74409.8
2025-05-13 21:05:00+09:00,0.2225,0.2225,0.2212,0.2212,76332.3
2025-05-13 21:10:00+09:00,0.2212,0.2219,0.2206,0.2211,74497.5
2025-05-13 21:15:00+09:00,0.2211,0.2228,0.2211,0.2223,41955.3
2025-05-13 21:20:00+09:00,0.2223,0.2229,0.2217,0.2229,57507.3
2025-05-13 21:25:00+09:00,0.223,0.2236,0.223,0.2235,58286.6
2025-05-13 21:30:00+09:00,0.2234,0.2254,0.2229,0.2245,495366.3
2025-05-13 21:35:00+09:00,0.2246,0.2256,0.2241,0.2256,176808.3
2025-05-13 21:40:00+09:00,0.2256,0.2285,0.2253,0.2261,465723.1
2025-05-13 21:45:00+09:00,0.2261,0.2271,0.2247,0.2259,274430.1
2025-05-13 21:50:00+09:00,0.2259,0.227,0.2256,0.2264,231512.3
2025-05-13 21:55:00+09:00,0.2264,0.2266,0.2255,0.2259,151219.8
2025-05-13 22:00:00+09:00,0.2258,0.2265,0.2246,0.2251,180715.6
2025-05-13 22:05:00+09:00,0.225,0.2258,0.2247,0.2251,95593.2
2025-05-13 22:10:00+09:00,0.2252,0.2253,0.2244,0.2247,84922.7
2025-05-13 22:15:00+09:00,0.2246,0.2257,0.2246,0.2254,95729.7
2025-05-13 22:20:00+09:00,0.2254,0.2264,0.2253,0.2259,121717.6
2025-05-13 22:25:00+09:00,0.2258,0.226,0.2246,0.2246,84339.2
2025-05-13 22:30:00+09:00,0.2248,0.2255,0.2245,0.2247,142492.1
2025-05-13 22:35:00+09:00,0.2248,0.2252,0.2235,0.2244,81921.2
2025-05-13 22:40:00+09:00,0.2245,0.2246,0.2234,0.2236,42931.7
2025-05-13 22:45:00+09:00,0.2237,0.2238,0.2224,0.2229,137377.2
2025-05-13 22:50:00+09:00,0.223,0.224,0.223,0.2238,64742.6
2025-05-13 22:55:00+09:00,0.2239,0.225,0.2237,0.2246,271616.1
2025-05-13 23:00:00+09:00,0.2247,0.226,0.2244,0.2247,221812.5
2025-05-13 23:05:00+09:00,0.2247,0.2264,0.2239,0.2256,471431.8
2025-05-13 23:10:00+09:00,0.2256,0.2258,0.2237,0.224,134239.7
2025-05-13 23:15:00+09:00,0.2237,0.2241,0.2226,0.224,175996.6
2025-05-13 23:20:00+09:00,0.224,0.2248,0.2234,0.2248,70396.9
2025-05-13 23:25:00+09:00,0.2247,0.2249,0.2236,0.2241,96551.8
2025-05-13 23:30:00+09:00,0.2239,0.2242,0.2229,0.2237,56853.7
2025-05-13 23:35:00+09:00,0.2237,0.2247,0.2233,0.2237,87067.0
2025-05-13 23:40:00+09:00,0.2238,0.2241,0.2219,0.2223,119891.0
2025-05-13 23:45:00+09:00,0.2224,0.2226,0.2193,0.2198,282379.7
2025-05-13 23:50:00+09:00,0.2201,0.2213,0.2199,0.2209,53152.0
2025-05-13 23:55:00+09:00,0.2214,0.2217,0.2212,0.2216,51858.1
2025-05-14 00:00:00+09:00,0.2217,0.2238,0.2217,0.2235,100413.4
2025-05-14 00:05:00+09:00,0.2235,0.2241,0.2227,0.2233,54614.1
2025-05-14 00:10:00+09:00,0.2232,0.2244,0.2232,0.224,36873.0
2025-05-14 00:15:00+09:00,0.2239,0.2245,0.2237,0.224,90638.8
2025-05-14 00:20:00+09:00,0.224,0.2242,0.2231,0.2241,24637.3
2025-05-14 00:25:00+09:00,0.2241,0.2253,0.2241,0.2251,62438.5
2025-05-14 00:30:00+09:00,0.2252,0.2259,0.2251,0.2251,87749.1
2025-05-14 00:35:00+09:00,0.225,0.226,0.2246,0.2255,61803.4
2025-05-14 00:40:00+09:00,0.2255,0.2256,0.225,0.2252,78388.4
2025-05-14 00:45:00+09:00,0.2251,0.2254,0.2246,0.2249,45764.6
2025-05-14 00:50:00+09:00,0.2249,0.226,0.2246,0.2258,139354.9
2025-05-14 00:55:00+09:00,0.2258,0.2264,0.2257,0.2263,135463.9
2025-05-14 01:00:00+09:00,0.2263,0.227,0.226,0.2265,261256.9
2025-05-14 01:05:00+09:00,0.2265,0.227,0.2253,0.2268,293926.9
2025-05-14 01:10:00+09:00,0.2267,0.2276,0.226,0.2276,254891.3
2025-05-14 01:15:00+09:00,0.2276,0.2279,0.2265,0.2267,226212.7
2025-05-14 01:20:00+09:00,0.2267,0.2273,0.2261,0.2271,172788.3
2025-05-14 01:25:00+09:00,0.2272,0.2275,0.2267,0.2269,233817.7
2025-05-14 01:30:00+09:00,0.2269,0.2269,0.226,0.2264,115409.7
2025-05-14 01:35:00+09:00,0.2264,0.2271,0.2261,0.227,127892.0
2025-05-14 01:40:00+09:00,0.2271,0.2271,0.2262,0.2262,144563.0
2025-05-14 01:45:00+09:00,0.2263,0.2276,0.2263,0.2274,101522.2
2025-05-14 01:50:00+09:00,0.2274,0.2277,0.2265,0.2275,133505.1
2025-05-14 01:55:00+09:00,0.2275,0.2279,0.2268,0.2268,81724.1
2025-05-14 02:00:00+09:00,0.2269,0.2284,0.2268,0.2284,192833.0
2025-05-14 02:05:00+09:00,0.2284,0.2292,0.2277,0.2287,325892.6
2025-05-14 02:10:00+09:00,0.2286,0.2286,0.2269,0.2271,189118.7
2025-05-14 02:15:00+09:00,0.2272,0.2279,0.2269,0.2276,90828.7
2025-05-14 02:20:00+09:00,0.2277,0.2285,0.2275,0.2284,62849.3
2025-05-14 02:25:00+09:00,0.2284,0.2285,0.2272,0.2275,86188.0
2025-05-14 02:30:00+09:00,0.2274,0.2275,0.2269,0.227,66001.3
2025-05-14 02:35:00+09:00,0.2271,0.2275,0.2265,0.2273,94695.9
2025-05-14 02:40:00+09:00,0.2273,0.2279,0.2272,0.2277,45452.3
2025-05-14 02:45:00+09:00,0.2278,0.2285,0.2276,0.2277,120846.8
2025-05-14 02:50:00+09:00,0.2277,0.2283,0.2275,0.2275,50888.2
2025-05-14 02:55:00+09:00,0.2275,0.2278,0.2272,0.2277,49022.2
2025-05-14 03:00:00+09:00,0.2276,0.2291,0.2276,0.2291,231950.0
2025-05-14 03:05:00+09:00,0.229,0.229,0.2278,0.2285,49872.7
2025-05-14 03:10:00+09:00,0.2286,0.2289,0.2281,0.2281,90825.1
2025-05-14 03:15:00+09:00,0.2282,0.2283,0.2278,0.2279,41426.3
2025-05-14 03:20:00+09:00,0.2278,0.2281,0.2272,0.2276,34736.0
2025-05-14 03:25:00+09:00,0.2277,0.2284,0.2276,0.2281,57178.7
2025-05-14 03:30:00+09:00,0.2281,0.2285,0.2278,0.2279,173822.6
2025-05-14 03:35:00+09:00,0.228,0.2285,0.2278,0.2282,68041.7
2025-05-14 03:40:00+09:00,0.2282,0.2286,0.2281,0.2282,62624.7
2025-05-14 03:45:00+09:00,0.2282,0.2295,0.2282,0.2295,106567.5
2025-05-14 03:50:00+09:00,0.2295,0.2301,0.2292,0.2292,110088.2
2025-05-14 03:55:00+09:00,0.2292,0.2298,0.2291,0.2296,42465.1
2025-05-14 04:00:00+09:00,0.2296,0.2296,0.2282,0.2283,67099.3
2025-05-14 04:05:00+09:00,0.2283,0.2291,0.2279,0.2287,162696.0
2025-05-14 04:10:00+09:00,0.2288,0.2293,0.2282,0.2282,76993.4
2025-05-14 04:15:00+09:00,0.2282,0.2284,0.2274,0.2276,63527.9
2025-05-14 04:20:00+09:00,0.2276,0.2285,0.2275,0.2285,89164.8
2025-05-14 04:25:00+09:00,0.2285,0.2294,0.2285,0.2293,80779.7
2025-05-14 04:30:00+09:00,0.2294,0.2297,0.2288,0.2294,239342.6
2025-05-14 04:35:00+09:00,0.2293,0.2309,0.2292,0.2303,221399.3
2025-05-14 04:40:00+09:00,0.2303,0.2313,0.2301,0.231,254192.4
2025-05-14 04:45:00+09:00,0.231,0.2321,0.2304,0.2314,600701.0
2025-05-14 04:50:00+09:00,0.2315,0.2317,0.2293,0.2296,420830.5
2025-05-14 04:55:00+09:00,0.2297,0.2304,0.2288,0.2299,147103.2
2025-05-14 05:00:00+09:00,0.2298,0.2303,0.2288,0.2292,116157.1
2025-05-14 05:05:00+09:00,0.2292,0.2293,0.2275,0.2282,207347.3
2025-05-14 05:10:00+09:00,0.2283,0.2294,0.2282,0.2286,143296.8
2025-05-14 05:15:00+09:00,0.2286,0.229,0.2281,0.2286,82734.9
2025-05-14 05:20:00+09:00,0.2287,0.2291,0.2282,0.2288,131062.3
2025-05-14 05:25:00+09:00,0.2288,0.2288,0.228,0.2281,136165.9
2025-05-14 05:30:00+09:00,0.2283,0.2288,0.2283,0.2288,54196.4
2025-05-14 05:35:00+09:00,0.2288,0.2288,0.2277,0.2282,57583.7
2025-05-14 05:40:00+09:00,0.2282,0.2288,0.2279,0.2282,54246.8
2025-05-14 05:45:00+09:00,0.2281,0.229,0.2281,0.2286,66326.9
2025-05-14 05:50:00+09:00,0.2286,0.2287,0.2281,0.2283,87460.1
2025-05-14 05:55:00+09:00,0.2284,0.2293,0.2284,0.2293,93559.8
2025-05-14 06:00:00+09:00,0.2293,0.2296,0.2287,0.229,60984.1
2025-05-14 06:05:00+09:00,0.2291,0.2292,0.2282,0.2286,27407.7
2025-05-14 06:10:00+09:00,0.2287,0.2289,0.2277,0.2277,89321.1
2025-05-14 06:15:00+09:00,0.2277,0.2279,0.2269,0.2271,60906.2
2025-05-14 06:20:00+09:00,0.2271,0.2273,0.2269,0.2271,36112.2
2025-05-14 06:25:00+09:00,0.227,0.2285,0.2267,0.2278,112975.5
2025-05-14 06:30:00+09:00,0.2277,0.2283,0.2276,0.2282,68238.8
2025-05-14 06:35:00+09:00,0.2281,0.2282,0.2268,0.2268,64687.7
2025-05-14 06:40:00+09:00,0.2268,0.2273,0.2264,0.2265,176626.0
2025-05-14 06:45:00+09:00,0.2266,0.2271,0.2266,0.227,26711.1
2025-05-14 06:50:00+09:00,0.2271,0.2274,0.227,0.2273,42487.5
2025-05-14 06:55:00+09:00,0.2274,0.2282,0.2273,0.2282,24827.2
2025-05-14 07:00:00+09:00,0.2282,0.2285,0.2277,0.2285,153369.0
2025-05-14 07:05:00+09:00,0.2286,0.2293,0.2279,0.2279,226025.1
2025-05-14 07:10:00+09:00,0.228,0.2289,0.2278,0.2278,61438.9
2025-05-14 07:15:00+09:00,0.2278,0.2287,0.2276,0.2285,81494.5
2025-05-14 07:20:00+09:00,0.2285,0.2293,0.2284,0.2286,44444.4
2025-05-14 07:25:00+09:00,0.2287,0.229,0.2284,0.2284,70625.3
2025-05-14 07:30:00+09:00,0.2284,0.2284,0.2276,0.2283,48606.7
2025-05-14 07:35:00+09:00,0.2283,0.2292,0.2283,0.2286,39813.4
2025-05-14 07:40:00+09:00,0.2286,0.2288,0.2284,0.2284,38405.5
2025-05-14 07:45:00+09:00,0.2284,0.2289,0.228,0.2287,147054.7
2025-05-14 07:50:00+09:00,0.2287,0.2287,0.2282,0.2283,96600.8
2025-05-14 07:55:00+09:00,0.2284,0.2286,0.2278,0.2278,118447.7
2025-05-14 08:00:00+09:00,0.2279,0.2283,0.2273,0.2282,97236.0
2025-05-14 08:05:00+09:00,0.2282,0.2282,0.2266,0.228,151341.4
2025-05-14 08:10:00+09:00,0.228,0.2281,0.2273,0.228,121545.7
2025-05-14 08:15:00+09:00,0.228,0.2296,0.2279,0.2293,124837.7
2025-05-14 08:20:00+09:00,0.2294,0.2296,0.2287,0.2288,91337.6
2025-05-14 08:25:00+09:00,0.2288,0.2288,0.2281,0.2286,67622.4
2025-05-14 08:30:00+09:00,0.2285,0.2293,0.2281,0.2292,65043.4
2025-05-14 08:35:00+09:00,0.2292,0.2299,0.2289,0.2291,111718.9
2025-05-14 08:40:00+09:00,0.2292,0.2296,0.2291,0.2295,71534.0
2025-05-14 08:45:00+09:00,0.2296,0.23,0.2293,0.2297,72469.3
2025-05-14 08:50:00+09:00,0.2297,0.2309,0.2296,0.2309,57943.2
2025-05-14 08:55:00+09:00,0.2308,0.2309,0.2291,0.2291,83728.7
2025-05-14 09:00:00+09:00,0.2291,0.2291,0.2269,0.2273,173557.7
2025-05-14 09:05:00+09:00,0.2273,0.2282,0.2266,0.2266,206475.0
2025-05-14 09:10:00+09:00,0.2266,0.2268,0.2254,0.2256,489303.1
2025-05-14 09:15:00+09:00,0.2256,0.2265,0.2255,0.2263,123987.9
2025-05-14 09:20:00+09:00,0.2264,0.2273,0.226,0.2261,131098.3
2025-05-14 09:25:00+09:00,0.2261,0.2261,0.2245,0.2255,265366.2
2025-05-14 09:30:00+09:00,0.2255,0.2261,0.2247,0.2261,114029.3
2025-05-14 09:35:00+09:00,0.2262,0.2276,0.2262,0.2269,149910.8
2025-05-14 09:40:00+09:00,0.227,0.2271,0.2258,0.226,92367.4
2025-05-14 09:45:00+09:00,0.226,0.2267,0.225,0.2255,196686.0
2025-05-14 09:50:00+09:00,0.2256,0.2266,0.2256,0.2261,148607.0
2025-05-14 09:55:00+09:00,0.2261,0.2261,0.2255,0.226,142336.0
2025-05-14 10:00:00+09:00,0.2259,0.2272,0.2251,0.2261,262182.4
2025-05-14 10:05:00+09:00,0.2262,0.2266,0.2252,0.2258,140331.4
2025-05-14 10:10:00+09:00,0.2259,0.2271,0.2257,0.2271,107182.4
2025-05-14 10:15:00+09:00,0.2271,0.2278,0.2265,0.2271,154832.7
2025-05-14 10:20:00+09:00,0.2271,0.2276,0.2267,0.2271,103513.8
2025-05-14 10:25:00+09:00,0.2271,0.2272,0.2267,0.2268,65306.5
2025-05-14 10:30:00+09:00,0.2268,0.2284,0.2268,0.228,132721.8
2025-05-14 10:35:00+09:00,0.2278,0.2285,0.2266,0.2272,894636.6
2025-05-14 10:40:00+09:00,0.2271,0.2288,0.227,0.2281,268310.1
2025-05-14 10:45:00+09:00,0.228,0.23,0.2275,0.2298,488342.9
2025-05-14 10:50:00+09:00,0.2298,0.2301,0.2278,0.2285,444856.9
2025-05-14 10:55:00+09:00,0.2285,0.2303,0.2283,0.2295,369266.8
2025-05-14 11:00:00+09:00,0.2295,0.2295,0.2266,0.2273,203508.9
2025-05-14 11:05:00+09:00,0.2274,0.2289,0.2262,0.2263,220353.2
2025-05-14 11:10:00+09:00,0.2263,0.2272,0.2254,0.2272,154437.5
2025-05-14 11:15:00+09:00,0.2273,0.2274,0.2265,0.227,133357.2
2025-05-14 11:20:00+09:00,0.227,0.2271,0.2262,0.2262,84742.9
2025-05-14 11:25:00+09:00,0.2261,0.2264,0.225,0.2253,131382.0
2025-05-14 11:30:00+09:00,0.2253,0.2266,0.2249,0.2266,155386.1
2025-05-14 11:35:00+09:00,0.2266,0.2273,0.2266,0.2271,212831.7
2025-05-14 11:40:00+09:00,0.2271,0.2295,0.2271,0.2292,216303.7
2025-05-14 11:45:00+09:00,0.2291,0.2291,0.2277,0.228,232564.4
2025-05-14 11:50:00+09:00,0.2281,0.2283,0.2278,0.228,66793.0
2025-05-14 11:55:00+09:00,0.2279,0.2291,0.2277,0.2286,111298.3
2025-05-14 12:00:00+09:00,0.2286,0.2291,0.2274,0.2281,101993.0
2025-05-14 12:05:00+09:00,0.2279,0.2279,0.226,0.2269,226466.7
2025-05-14 12:10:00+09:00,0.2269,0.2285,0.2268,0.2279,108783.3
2025-05-14 12:15:00+09:00,0.2279,0.228,0.2262,0.2264,153736.7
2025-05-14 12:20:00+09:00,0.2265,0.2265,0.2255,0.2263,98894.3
2025-05-14 12:25:00+09:00,0.2263,0.2265,0.2254,0.226,105734.3
2025-05-14 12:30:00+09:00,0.2259,0.2266,0.2257,0.2261,80007.8
2025-05-14 12:35:00+09:00,0.2263,0.2269,0.2258,0.2266,50928.5
2025-05-14 12:40:00+09:00,0.2267,0.2276,0.2267,0.2275,87554.4
2025-05-14 12:45:00+09:00,0.2275,0.228,0.2275,0.2278,108219.6
2025-05-14 12:50:00+09:00,0.2278,0.2278,0.2267,0.2275,90823.7
2025-05-14 12:55:00+09:00,0.2275,0.2275,0.2268,0.227,99701.5
2025-05-14 13:00:00+09:00,0.227,0.2272,0.2259,0.2259,54412.5
2025-05-14 13:05:00+09:00,0.2259,0.2263,0.2251,0.2252,82353.8
2025-05-14 13:10:00+09:00,0.2251,0.2257,0.2247,0.225,91211.6
2025-05-14 13:15:00+09:00,0.2251,0.2251,0.2243,0.2248,135635.4
2025-05-14 13:20:00+09:00,0.2248,0.2249,0.2238,0.2243,168933.7
2025-05-14 13:25:00+09:00,0.2244,0.225,0.224,0.225,147736.2
2025-05-14 13:30:00+09:00,0.225,0.2256,0.2244,0.2253,158079.1
2025-05-14 13:35:00+09:00,0.2253,0.2266,0.2253,0.2266,113321.3
2025-05-14 13:40:00+09:00,0.2265,0.227,0.2262,0.2265,68125.3
2025-05-14 13:45:00+09:00,0.2266,0.2267,0.2259,0.2259,63654.5
2025-05-14 13:50:00+09:00,0.226,0.2265,0.226,0.226,32921.1
2025-05-14 13:55:00+09:00,0.2259,0.2261,0.2256,0.2261,69725.3
2025-05-14 14:00:00+09:00,0.2262,0.2267,0.2257,0.2266,83612.3
2025-05-14 14:05:00+09:00,0.2266,0.2275,0.2265,0.2273,95514.0
2025-05-14 14:10:00+09:00,0.2274,0.2274,0.2262,0.2263,209363.7
2025-05-14 14:15:00+09:00,0.2263,0.2271,0.2263,0.227,89332.0
2025-05-14 14:20:00+09:00,0.227,0.2274,0.2269,0.2272,63568.3
2025-05-14 14:25:00+09:00,0.2272,0.2272,0.2267,0.227,28601.1
2025-05-14 14:30:00+09:00,0.227,0.2279,0.227,0.2278,109412.5
2025-05-14 14:35:00+09:00,0.2277,0.229,0.2276,0.2286,139122.0
2025-05-14 14:40:00+09:00,0.2287,0.2288,0.2281,0.2284,87050.4
2025-05-14 14:45:00+09:00,0.2284,0.229,0.2282,0.2288,173891.1
2025-05-14 14:50:00+09:00,0.2288,0.2295,0.2287,0.2292,131275.6
2025-05-14 14:55:00+09:00,0.2293,0.2294,0.2283,0.2287,342584.5
2025-05-14 15:00:00+09:00,0.2287,0.2288,0.2276,0.2279,84849.2
2025-05-14 15:05:00+09:00,0.228,0.2285,0.2278,0.2285,53115.6
2025-05-14 15:10:00+09:00,0.2284,0.2286,0.2281,0.2281,118716.4
2025-05-14 15:15:00+09:00,0.228,0.2282,0.2274,0.2275,77730.5
2025-05-14 15:20:00+09:00,0.2274,0.2274,0.2265,0.2265,74612.2
2025-05-14 15:25:00+09:00,0.2266,0.2274,0.2263,0.227,89237.0
2025-05-14 15:30:00+09:00,0.227,0.2273,0.2266,0.2273,101875.1
2025-05-14 15:35:00+09:00,0.2274,0.2277,0.2272,0.2275,57811.4
2025-05-14 15:40:00+09:00,0.2275,0.2277,0.2273,0.2275,107651.5
2025-05-14 15:45:00+09:00,0.2276,0.2278,0.2267,0.2272,186729.5
2025-05-14 15:50:00+09:00,0.2272,0.2277,0.2271,0.2276,53674.0
2025-05-14 15:55:00+09:00,0.2275,0.2281,0.2275,0.228,72343.4
2025-05-14 16:00:00+09:00,0.228,0.2282,0.2267,0.227,243344.4
2025-05-14 16:05:00+09:00,0.227,0.2278,0.2267,0.2268,66068.4
2025-05-14 16:10:00+09:00,0.2268,0.2278,0.2265,0.2269,298611.4
2025-05-14 16:15:00+09:00,0.2269,0.2269,0.2256,0.226,88703.0
2025-05-14 16:20:00+09:00,0.226,0.2262,0.2252,0.2252,65799.8
2025-05-14 16:25:00+09:00,0.2253,0.2256,0.2249,0.2253,57962.2
2025-05-14 16:30:00+09:00,0.2253,0.2254,0.2243,0.2251,115598.4
2025-05-14 16:35:00+09:00,0.2251,0.2253,0.2246,0.2251,116666.9
2025-05-14 16:40:00+09:00,0.225,0.2252,0.2247,0.2252,95361.3
2025-05-14 16:45:00+09:00,0.2251,0.2251,0.2244,0.2249,174661.7
2025-05-14 16:50:00+09:00,0.2248,0.2249,0.2245,0.2248,96814.1
2025-05-14 16:55:00+09:00,0.2247,0.2248,0.2236,0.2237,291129.7
2025-05-14 17:00:00+09:00,0.2237,0.2246,0.2223,0.2229,239988.9
2025-05-14 17:05:00+09:00,0.223,0.2234,0.2205,0.2212,426467.0
2025-05-14 17:10:00+09:00,0.2211,0.2211,0.2195,0.221,316563.9
2025-05-14 17:15:00+09:00,0.221,0.2224,0.2207,0.2224,244200.6
2025-05-14 17:20:00+09:00,0.2225,0.2229,0.222,0.2229,115355.5
2025-05-14 17:25:00+09:00,0.2229,0.223,0.2225,0.2229,109057.7
2025-05-14 17:30:00+09:00,0.2228,0.2228,0.2212,0.2215,75003.5
2025-05-14 17:35:00+09:00,0.2215,0.223,0.2212,0.2229,92236.7
2025-05-14 17:40:00+09:00,0.2229,0.2235,0.2229,0.2233,164877.6
2025-05-14 17:45:00+09:00,0.2233,0.2233,0.2207,0.2208,128345.4
2025-05-14 17:50:00+09:00,0.2208,0.2209,0.2171,0.2185,578921.1
2025-05-14 17:55:00+09:00,0.2186,0.2197,0.2166,0.2169,764703.5
2025-05-14 18:00:00+09:00,0.217,0.2189,0.217,0.2171,293186.2
2025-05-14 18:05:00+09:00,0.217,0.218,0.2169,0.2174,304166.7
2025-05-14 18:10:00+09:00,0.2175,0.2181,0.2174,0.2178,177309.4
2025-05-14 18:15:00+09:00,0.2178,0.2189,0.2177,0.2181,314317.9
2025-05-14 18:20:00+09:00,0.2182,0.2189,0.2176,0.2188,155199.5
2025-05-14 18:25:00+09:00,0.2188,0.2192,0.2185,0.219,74847.1
2025-05-14 18:30:00+09:00,0.2189,0.2195,0.2187,0.2192,64254.7
2025-05-14 18:35:00+09:00,0.2191,0.2192,0.2183,0.2184,76434.6
2025-05-14 18:40:00+09:00,0.2185,0.2192,0.2183,0.2184,84143.6
2025-05-14 18:45:00+09:00,0.2184,0.2193,0.2184,0.2192,75090.1
2025-05-14 18:50:00+09:00,0.2192,0.2192,0.2188,0.2189,22077.0
2025-05-14 18:55:00+09:00,0.219,0.2199,0.219,0.2198,60955.3
2025-05-14 19:00:00+09:00,0.2198,0.2205,0.2198,0.2202,125848.5
2025-05-14 19:05:00+09:00,0.2202,0.2203,0.2197,0.2198,46306.0
2025-05-14 19:10:00+09:00,0.2198,0.2201,0.219,0.2194,222323.9
2025-05-14 19:15:00+09:00,0.2194,0.22,0.2186,0.2186,204653.3
2025-05-14 19:20:00+09:00,0.2185,0.2197,0.2182,0.2197,98817.1
2025-05-14 19:25:00+09:00,0.2198,0.2208,0.2198,0.2202,139080.8
2025-05-14 19:30:00+09:00,0.2203,0.2208,0.22,0.2207,113305.7
2025-05-14 19:35:00+09:00,0.2207,0.2207,0.2201,0.2203,38916.8
2025-05-14 19:40:00+09:00,0.2203,0.2208,0.2201,0.2207,43204.7
2025-05-14 19:45:00+09:00,0.2208,0.2211,0.2202,0.2203,87540.9
2025-05-14 19:50:00+09:00,0.2202,0.2205,0.2198,0.2201,68560.8
2025-05-14 19:55:00+09:00,0.2202,0.2205,0.2197,0.2198,55760.2
2025-05-14 20:00:00+09:00,0.2199,0.2213,0.2199,0.2207,98068.3
2025-05-14 20:05:00+09:00,0.2208,0.2214,0.2208,0.2213,57240.3
2025-05-14 20:10:00+09:00,0.2214,0.2217,0.2209,0.2216,56876.1
2025-05-14 20:15:00+09:00,0.2216,0.2216,0.2211,0.2213,29743.4
2025-05-14 20:20:00+09:00,0.2214,0.222,0.2212,0.2219,79087.3
2025-05-14 20:25:00+09:00,0.222,0.2226,0.222,0.2222,53582.7
2025-05-14 20:30:00+09:00,0.2222,0.223,0.2222,0.2227,76146.8
2025-05-14 20:35:00+09:00,0.2226,0.2241,0.2226,0.2241,520839.8
2025-05-14 20:40:00+09:00,0.224,0.2243,0.2235,0.2237,165550.6
2025-05-14 20:45:00+09:00,0.2238,0.224,0.2228,0.223,98397.8
2025-05-14 20:50:00+09:00,0.223,0.2238,0.2229,0.2231,65903.6
2025-05-14 20:55:00+09:00,0.223,0.2235,0.2229,0.2232,47925.8
2025-05-14 21:00:00+09:00,0.2231,0.2238,0.2223,0.2225,71142.8
2025-05-14 21:05:00+09:00,0.2225,0.2229,0.222,0.2222,84724.4
2025-05-14 21:10:00+09:00,0.2221,0.223,0.2221,0.2226,114424.1
2025-05-14 21:15:00+09:00,0.2227,0.2233,0.2227,0.223,48557.5
2025-05-14 21:20:00+09:00,0.2231,0.2234,0.2228,0.2228,39889.8
2025-05-14 21:25:00+09:00,0.2229,0.2229,0.2219,0.2221,54422.7
2025-05-14 21:30:00+09:00,0.2221,0.2221,0.2213,0.2213,50479.7
2025-05-14 21:35:00+09:00,0.2212,0.2213,0.2198,0.2201,217321.5
2025-05-14 21:40:00+09:00,0.2201,0.2208,0.2201,0.2207,69040.5
2025-05-14 21:45:00+09:00,0.2207,0.2209,0.2192,0.2198,109067.8
2025-05-14 21:50:00+09:00,0.2198,0.2204,0.2195,0.2196,79801.7
2025-05-14 21:55:00+09:00,0.2195,0.2195,0.2186,0.2193,186878.5
2025-05-14 22:00:00+09:00,0.2193,0.2193,0.2177,0.2186,172571.2
2025-05-14 22:05:00+09:00,0.2184,0.2188,0.2176,0.2188,135063.7
2025-05-14 22:10:00+09:00,0.2188,0.2188,0.2181,0.2184,66685.0
2025-05-14 22:15:00+09:00,0.2185,0.219,0.218,0.2187,100484.3
2025-05-14 22:20:00+09:00,0.2187,0.2192,0.2182,0.2191,162392.4
2025-05-14 22:25:00+09:00,0.2192,0.2196,0.2186,0.2194,68977.3
2025-05-14 22:30:00+09:00,0.2195,0.221,0.2191,0.2202,178926.4
2025-05-14 22:35:00+09:00,0.2203,0.2203,0.2179,0.2187,160691.0
2025-05-14 22:40:00+09:00,0.2187,0.2191,0.2161,0.2164,283607.8
2025-05-14 22:45:00+09:00,0.2165,0.2171,0.2154,0.2161,198641.2
2025-05-14 22:50:00+09:00,0.2162,0.2176,0.2162,0.2172,134276.6
2025-05-14 22:55:00+09:00,0.2172,0.2178,0.2167,0.2177,47231.2
2025-05-14 23:00:00+09:00,0.2177,0.2178,0.2167,0.2176,70883.5
2025-05-14 23:05:00+09:00,0.2175,0.2176,0.2163,0.2172,83879.7
2025-05-14 23:10:00+09:00,0.2172,0.2172,0.2149,0.215,254157.6
2025-05-14 23:15:00+09:00,0.215,0.2159,0.2146,0.2151,589226.9
2025-05-14 23:20:00+09:00,0.2151,0.2157,0.2144,0.2154,182495.4
2025-05-14 23:25:00+09:00,0.2154,0.216,0.2153,0.2155,107475.0
2025-05-14 23:30:00+09:00,0.2156,0.2163,0.2153,0.2156,116055.9
2025-05-14 23:35:00+09:00,0.2155,0.217,0.2153,0.2168,95489.1
2025-05-14 23:40:00+09:00,0.2169,0.2176,0.2167,0.2169,64420.3
2025-05-14 23:45:00+09:00,0.2169,0.2169,0.2154,0.2158,55803.5
2025-05-14 23:50:00+09:00,0.2158,0.2164,0.2158,0.216,47222.8
2025-05-14 23:55:00+09:00,0.2161,0.2162,0.2154,0.2158,52283.2
2025-05-15 00:00:00+09:00,0.2157,0.2159,0.2142,0.2144,118432.0
2025-05-15 00:05:00+09:00,0.2145,0.2154,0.2143,0.2154,91529.7
2025-05-15 00:10:00+09:00,0.2154,0.2165,0.2154,0.2165,53408.8
2025-05-15 00:15:00+09:00,0.2164,0.217,0.2157,0.2157,65145.2
2025-05-15 00:20:00+09:00,0.2156,0.2156,0.2144,0.2146,85697.5
2025-05-15 00:25:00+09:00,0.2147,0.2154,0.2145,0.2154,83370.1
2025-05-15 00:30:00+09:00,0.2154,0.2162,0.2148,0.2162,153534.4
2025-05-15 00:35:00+09:00,0.2161,0.2166,0.2152,0.2166,80900.8
2025-05-15 00:40:00+09:00,0.2166,0.2166,0.2156,0.2158,100546.2
2025-05-15 00:45:00+09:00,0.2158,0.2162,0.2153,0.2156,54191.9
2025-05-15 00:50:00+09:00,0.2156,0.2162,0.2155,0.2159,44723.9
2025-05-15 00:55:00+09:00,0.216,0.2166,0.216,0.2166,49567.6
2025-05-15 01:00:00+09:00,0.2166,0.2167,0.2157,0.2158,76792.3
2025-05-15 01:05:00+09:00,0.2159,0.2166,0.2156,0.2161,63580.3
2025-05-15 01:10:00+09:00,0.2161,0.2168,0.2161,0.2166,109970.8
2025-05-15 01:15:00+09:00,0.2166,0.2166,0.2156,0.2156,136588.2
2025-05-15 01:20:00+09:00,0.2156,0.2157,0.2149,0.2153,84944.7
2025-05-15 01:25:00+09:00,0.2153,0.216,0.215,0.2153,81581.6
2025-05-15 01:30:00+09:00,0.2153,0.2164,0.2148,0.216,145891.5
2025-05-15 01:35:00+09:00,0.216,0.2164,0.2152,0.2155,51018.9
2025-05-15 01:40:00+09:00,0.2156,0.216,0.2146,0.2153,160703.9
2025-05-15 01:45:00+09:00,0.2154,0.2159,0.2138,0.2139,179582.1
2025-05-15 01:50:00+09:00,0.2139,0.2148,0.2139,0.2147,72790.9
2025-05-15 01:55:00+09:00,0.2147,0.2158,0.2146,0.2154,116485.0
2025-05-15 02:00:00+09:00,0.2154,0.2155,0.214,0.2141,104997.4
2025-05-15 02:05:00+09:00,0.214,0.2148,0.2134,0.2146,143633.8
2025-05-15 02:10:00+09:00,0.2146,0.2146,0.2131,0.2136,71935.7
2025-05-15 02:15:00+09:00,0.2136,0.2137,0.2126,0.2135,87414.8
