timestamp,open,high,low,close,volume
2025-04-10 09:00:00+09:00,0.004416,0.004426,0.004412,0.004412,6380081.0
2025-04-10 09:05:00+09:00,0.004413,0.004417,0.004404,0.004404,3428134.0
2025-04-10 09:10:00+09:00,0.004404,0.004418,0.004395,0.004401,3102555.0
2025-04-10 09:15:00+09:00,0.004402,0.00442,0.004398,0.004416,8630048.0
2025-04-10 09:20:00+09:00,0.004416,0.00442,0.004399,0.004404,7794848.0
2025-04-10 09:25:00+09:00,0.004405,0.00441,0.004398,0.004398,1825113.0
2025-04-10 09:30:00+09:00,0.004398,0.0044,0.004384,0.004388,873535.0
2025-04-10 09:35:00+09:00,0.004388,0.004388,0.00437,0.004371,2858282.0
2025-04-10 09:40:00+09:00,0.00437,0.00437,0.004353,0.004357,3507015.0
2025-04-10 09:45:00+09:00,0.004358,0.004373,0.004356,0.004356,2271109.0
2025-04-10 09:50:00+09:00,0.004356,0.00438,0.004352,0.004376,1627120.0
2025-04-10 09:55:00+09:00,0.004376,0.004394,0.004376,0.004389,1479314.0
2025-04-10 10:00:00+09:00,0.004389,0.004412,0.004386,0.004404,4299249.0
2025-04-10 10:05:00+09:00,0.004404,0.004418,0.004404,0.004415,2278142.0
2025-04-10 10:10:00+09:00,0.004415,0.004428,0.004415,0.004424,3971553.0
2025-04-10 10:15:00+09:00,0.004425,0.004428,0.004406,0.004408,4081020.0
2025-04-10 10:20:00+09:00,0.004408,0.004412,0.004394,0.004394,1091194.0
2025-04-10 10:25:00+09:00,0.004394,0.004422,0.004393,0.004422,3449862.0
2025-04-10 10:30:00+09:00,0.004421,0.004428,0.004394,0.004394,8232388.0
2025-04-10 10:35:00+09:00,0.004395,0.004415,0.004395,0.004415,1116057.0
2025-04-10 10:40:00+09:00,0.004414,0.004419,0.004402,0.004412,703716.0
2025-04-10 10:45:00+09:00,0.004413,0.004439,0.004412,0.004439,2230086.0
2025-04-10 10:50:00+09:00,0.004439,0.004451,0.004426,0.004428,8225918.0
2025-04-10 10:55:00+09:00,0.004429,0.004436,0.004425,0.004435,603631.0
2025-04-10 11:00:00+09:00,0.004434,0.004442,0.004426,0.004434,679086.0
2025-04-10 11:05:00+09:00,0.004433,0.00445,0.00443,0.00445,491242.0
2025-04-10 11:10:00+09:00,0.004454,0.004466,0.004452,0.004466,14680728.0
2025-04-10 11:15:00+09:00,0.004466,0.004475,0.004461,0.004471,1901330.0
2025-04-10 11:20:00+09:00,0.004471,0.004479,0.004467,0.004477,530092.0
2025-04-10 11:25:00+09:00,0.004476,0.004488,0.004475,0.004487,934426.0
2025-04-10 11:30:00+09:00,0.004486,0.004499,0.004485,0.004492,1650148.0
2025-04-10 11:35:00+09:00,0.004494,0.0045,0.004489,0.004495,4284869.0
2025-04-10 11:40:00+09:00,0.004497,0.004511,0.004497,0.004507,2041101.0
2025-04-10 11:45:00+09:00,0.004508,0.004514,0.004486,0.00449,6755078.0
2025-04-10 11:50:00+09:00,0.00449,0.0045,0.004482,0.004494,1604120.0
2025-04-10 11:55:00+09:00,0.004494,0.004501,0.004487,0.004489,1001859.0
2025-04-10 12:00:00+09:00,0.004489,0.004489,0.004441,0.004442,11720857.0
2025-04-10 12:05:00+09:00,0.004442,0.00445,0.004431,0.004441,12191086.0
2025-04-10 12:10:00+09:00,0.004441,0.004442,0.004407,0.004412,9672987.0
2025-04-10 12:15:00+09:00,0.004411,0.004421,0.004385,0.004385,4448298.0
2025-04-10 12:20:00+09:00,0.004385,0.004393,0.00437,0.004376,12004714.0
2025-04-10 12:25:00+09:00,0.004376,0.004376,0.004358,0.004376,2018871.0
2025-04-10 12:30:00+09:00,0.004377,0.004381,0.00435,0.004367,930057.0
2025-04-10 12:35:00+09:00,0.004367,0.004391,0.004359,0.004391,3770545.0
2025-04-10 12:40:00+09:00,0.004392,0.004393,0.004375,0.00438,2674938.0
2025-04-10 12:45:00+09:00,0.004378,0.004382,0.004368,0.004377,930520.0
2025-04-10 12:50:00+09:00,0.004378,0.004396,0.004375,0.004389,899011.0
2025-04-10 12:55:00+09:00,0.004388,0.004398,0.004376,0.004383,969884.0
2025-04-10 13:00:00+09:00,0.004383,0.004383,0.004366,0.004375,1845835.0
2025-04-10 13:05:00+09:00,0.004374,0.004385,0.004366,0.004376,2365357.0
2025-04-10 13:10:00+09:00,0.004378,0.004402,0.004378,0.004397,811171.0
2025-04-10 13:15:00+09:00,0.004398,0.004399,0.004373,0.004376,748620.0
2025-04-10 13:20:00+09:00,0.004377,0.004379,0.004361,0.004362,3884903.0
2025-04-10 13:25:00+09:00,0.004363,0.004363,0.004344,0.004344,1032567.0
2025-04-10 13:30:00+09:00,0.004345,0.004347,0.004321,0.004329,2383293.0
2025-04-10 13:35:00+09:00,0.004329,0.004346,0.004309,0.00434,3862944.0
2025-04-10 13:40:00+09:00,0.004341,0.004349,0.00434,0.004342,2037615.0
2025-04-10 13:45:00+09:00,0.004343,0.004366,0.004343,0.004366,734731.0
2025-04-10 13:50:00+09:00,0.004367,0.004374,0.004357,0.004358,1922721.0
2025-04-10 13:55:00+09:00,0.004358,0.004373,0.004358,0.004368,1167137.0
2025-04-10 14:00:00+09:00,0.004367,0.004367,0.004349,0.004349,749736.0
2025-04-10 14:05:00+09:00,0.004349,0.004361,0.004343,0.004345,5606511.0
2025-04-10 14:10:00+09:00,0.004345,0.004368,0.004339,0.004362,3530889.0
2025-04-10 14:15:00+09:00,0.004359,0.004365,0.004354,0.004355,599796.0
2025-04-10 14:20:00+09:00,0.004356,0.004383,0.004356,0.004378,2207591.0
2025-04-10 14:25:00+09:00,0.004379,0.00438,0.004372,0.004372,555347.0
2025-04-10 14:30:00+09:00,0.00437,0.00437,0.004357,0.00436,3619972.0
2025-04-10 14:35:00+09:00,0.004361,0.004367,0.004351,0.004355,185324.0
2025-04-10 14:40:00+09:00,0.004355,0.004372,0.004354,0.004371,643550.0
2025-04-10 14:45:00+09:00,0.004371,0.004371,0.004353,0.004354,409348.0
2025-04-10 14:50:00+09:00,0.004354,0.004358,0.004352,0.004353,1169945.0
2025-04-10 14:55:00+09:00,0.004355,0.00437,0.004355,0.004366,787568.0
2025-04-10 15:00:00+09:00,0.004364,0.004364,0.004346,0.004349,1365239.0
2025-04-10 15:05:00+09:00,0.00435,0.004368,0.00435,0.004364,1475587.0
2025-04-10 15:10:00+09:00,0.004364,0.004384,0.004364,0.004371,3868376.0
2025-04-10 15:15:00+09:00,0.004369,0.004384,0.004365,0.004382,2130638.0
2025-04-10 15:20:00+09:00,0.004381,0.004401,0.004381,0.004401,2722412.0
2025-04-10 15:25:00+09:00,0.004399,0.004402,0.004383,0.004386,1789089.0
2025-04-10 15:30:00+09:00,0.004386,0.004389,0.004364,0.004368,1266007.0
2025-04-10 15:35:00+09:00,0.004367,0.004374,0.004363,0.004373,994260.0
2025-04-10 15:40:00+09:00,0.004374,0.004374,0.004358,0.004359,571172.0
2025-04-10 15:45:00+09:00,0.004359,0.004376,0.004353,0.004372,417494.0
2025-04-10 15:50:00+09:00,0.004373,0.004392,0.004372,0.004387,1238643.0
2025-04-10 15:55:00+09:00,0.004386,0.004391,0.004382,0.004382,565711.0
2025-04-10 16:00:00+09:00,0.004381,0.004389,0.004375,0.004384,553181.0
2025-04-10 16:05:00+09:00,0.004386,0.004386,0.004361,0.004364,669455.0
2025-04-10 16:10:00+09:00,0.004365,0.004381,0.004365,0.004376,756356.0
2025-04-10 16:15:00+09:00,0.004377,0.004383,0.00437,0.004372,870031.0
2025-04-10 16:20:00+09:00,0.004373,0.004387,0.004373,0.004382,539159.0
2025-04-10 16:25:00+09:00,0.004382,0.004385,0.004371,0.004374,199422.0
2025-04-10 16:30:00+09:00,0.004372,0.004372,0.004325,0.00433,4330794.0
2025-04-10 16:35:00+09:00,0.004331,0.004347,0.00432,0.004329,2946497.0
2025-04-10 16:40:00+09:00,0.00433,0.004341,0.00433,0.004331,729989.0
2025-04-10 16:45:00+09:00,0.004332,0.004359,0.004332,0.004359,5138493.0
2025-04-10 16:50:00+09:00,0.004359,0.004372,0.004355,0.004372,1966951.0
2025-04-10 16:55:00+09:00,0.004371,0.004371,0.004354,0.004354,768833.0
2025-04-10 17:00:00+09:00,0.004356,0.004359,0.004337,0.004338,1156421.0
2025-04-10 17:05:00+09:00,0.004338,0.004359,0.004333,0.004359,943062.0
2025-04-10 17:10:00+09:00,0.004358,0.00436,0.004352,0.004352,569478.0
2025-04-10 17:15:00+09:00,0.004351,0.00436,0.004339,0.004344,919990.0
2025-04-10 17:20:00+09:00,0.004346,0.004358,0.004341,0.004354,694378.0
2025-04-10 17:25:00+09:00,0.004352,0.004362,0.004351,0.004358,521941.0
2025-04-10 17:30:00+09:00,0.004357,0.004357,0.004318,0.004329,1724616.0
2025-04-10 17:35:00+09:00,0.00433,0.004339,0.004324,0.004328,818175.0
2025-04-10 17:40:00+09:00,0.004328,0.004358,0.004328,0.004356,662081.0
2025-04-10 17:45:00+09:00,0.004355,0.004358,0.004347,0.004351,182292.0
2025-04-10 17:50:00+09:00,0.004351,0.004353,0.00434,0.004345,546305.0
2025-04-10 17:55:00+09:00,0.004345,0.004348,0.00434,0.004346,295888.0
2025-04-10 18:00:00+09:00,0.004345,0.004346,0.004319,0.004328,14014532.0
2025-04-10 18:05:00+09:00,0.004329,0.004335,0.004317,0.004326,2369594.0
2025-04-10 18:10:00+09:00,0.004324,0.004332,0.004317,0.004332,1472972.0
2025-04-10 18:15:00+09:00,0.004333,0.004355,0.004333,0.004352,1515110.0
2025-04-10 18:20:00+09:00,0.004351,0.004354,0.004286,0.004302,21204863.0
2025-04-10 18:25:00+09:00,0.004301,0.004301,0.004273,0.004286,16989397.0
2025-04-10 18:30:00+09:00,0.004285,0.004288,0.004268,0.004286,4475136.0
2025-04-10 18:35:00+09:00,0.004285,0.004292,0.004264,0.004268,10723912.0
2025-04-10 18:40:00+09:00,0.004269,0.004275,0.004262,0.004264,1842338.0
2025-04-10 18:45:00+09:00,0.004263,0.004265,0.004253,0.004262,2317363.0
2025-04-10 18:50:00+09:00,0.004261,0.004278,0.004258,0.004264,5508797.0
2025-04-10 18:55:00+09:00,0.004264,0.004281,0.004261,0.004277,1862475.0
2025-04-10 19:00:00+09:00,0.004278,0.004278,0.004252,0.004254,1006256.0
2025-04-10 19:05:00+09:00,0.004255,0.004257,0.004248,0.004251,986545.0
2025-04-10 19:10:00+09:00,0.004249,0.00426,0.004247,0.004257,1022252.0
2025-04-10 19:15:00+09:00,0.004256,0.004263,0.004238,0.004245,655405.0
2025-04-10 19:20:00+09:00,0.004244,0.004256,0.004234,0.004249,7986026.0
2025-04-10 19:25:00+09:00,0.004248,0.004258,0.004243,0.004246,377700.0
2025-04-10 19:30:00+09:00,0.004245,0.004256,0.004245,0.004256,857488.0
2025-04-10 19:35:00+09:00,0.004257,0.00426,0.004253,0.004255,1759226.0
2025-04-10 19:40:00+09:00,0.004253,0.004253,0.004232,0.004232,548590.0
2025-04-10 19:45:00+09:00,0.004232,0.004234,0.004223,0.004224,971518.0
2025-04-10 19:50:00+09:00,0.004224,0.004237,0.004222,0.004232,656679.0
2025-04-10 19:55:00+09:00,0.004234,0.004245,0.004232,0.004232,4103789.0
2025-04-10 20:00:00+09:00,0.004234,0.004239,0.004226,0.004228,695878.0
2025-04-10 20:05:00+09:00,0.004228,0.004234,0.004221,0.004226,1402292.0
2025-04-10 20:10:00+09:00,0.004225,0.004227,0.004197,0.004197,14365424.0
2025-04-10 20:15:00+09:00,0.004199,0.004201,0.004192,0.004198,2178215.0
2025-04-10 20:20:00+09:00,0.004197,0.004208,0.004195,0.004206,361625.0
2025-04-10 20:25:00+09:00,0.004207,0.004208,0.004201,0.004205,498332.0
2025-04-10 20:30:00+09:00,0.004203,0.004215,0.004194,0.004203,8712154.0
2025-04-10 20:35:00+09:00,0.004202,0.004215,0.004202,0.004213,344124.0
2025-04-10 20:40:00+09:00,0.004214,0.004222,0.004213,0.00422,285350.0
2025-04-10 20:45:00+09:00,0.004221,0.004227,0.004209,0.004209,5687805.0
2025-04-10 20:50:00+09:00,0.004211,0.004218,0.00421,0.004218,264076.0
2025-04-10 20:55:00+09:00,0.004219,0.004245,0.004219,0.004237,725940.0
2025-04-10 21:00:00+09:00,0.004236,0.004314,0.00423,0.004264,36668754.0
2025-04-10 21:05:00+09:00,0.004264,0.00427,0.004246,0.004249,3555807.0
2025-04-10 21:10:00+09:00,0.00425,0.004271,0.004244,0.00427,1112676.0
2025-04-10 21:15:00+09:00,0.004269,0.004281,0.004257,0.004278,3307211.0
2025-04-10 21:20:00+09:00,0.004279,0.004284,0.004269,0.004275,3910513.0
2025-04-10 21:25:00+09:00,0.004275,0.004351,0.004275,0.004327,19380726.0
2025-04-10 21:30:00+09:00,0.004326,0.004358,0.004308,0.004321,20629662.0
2025-04-10 21:35:00+09:00,0.004321,0.004324,0.004303,0.004316,4905066.0
2025-04-10 21:40:00+09:00,0.004315,0.004315,0.004281,0.004287,3333723.0
2025-04-10 21:45:00+09:00,0.004286,0.004291,0.004266,0.004272,5989998.0
2025-04-10 21:50:00+09:00,0.004273,0.00428,0.004257,0.004278,1492794.0
2025-04-10 21:55:00+09:00,0.004279,0.00428,0.004264,0.004268,1625792.0
2025-04-10 22:00:00+09:00,0.004269,0.004277,0.004261,0.004265,2266978.0
2025-04-10 22:05:00+09:00,0.004264,0.004281,0.004246,0.004275,18162784.0
2025-04-10 22:10:00+09:00,0.004274,0.004279,0.004252,0.004257,8220741.0
2025-04-10 22:15:00+09:00,0.004256,0.004289,0.004252,0.004286,5289477.0
2025-04-10 22:20:00+09:00,0.004287,0.004296,0.004283,0.004288,3049643.0
2025-04-10 22:25:00+09:00,0.004289,0.00429,0.00427,0.00427,1017210.0
2025-04-10 22:30:00+09:00,0.004269,0.004282,0.004233,0.004252,13227402.0
2025-04-10 22:35:00+09:00,0.004252,0.004259,0.004226,0.004239,6430135.0
2025-04-10 22:40:00+09:00,0.004238,0.004241,0.004211,0.004221,12217249.0
2025-04-10 22:45:00+09:00,0.004221,0.004246,0.004219,0.004245,2198878.0
2025-04-10 22:50:00+09:00,0.004244,0.004266,0.004242,0.004249,3029309.0
2025-04-10 22:55:00+09:00,0.004249,0.00425,0.004232,0.004234,1008536.0
2025-04-10 23:00:00+09:00,0.004234,0.00424,0.004216,0.004234,3087840.0
2025-04-10 23:05:00+09:00,0.004234,0.00424,0.004213,0.004223,4739786.0
2025-04-10 23:10:00+09:00,0.004223,0.004236,0.004212,0.004236,4805266.0
2025-04-10 23:15:00+09:00,0.004237,0.00425,0.004231,0.00425,9278098.0
2025-04-10 23:20:00+09:00,0.004249,0.004275,0.004242,0.004271,1575157.0
2025-04-10 23:25:00+09:00,0.004271,0.004285,0.004271,0.004272,2542771.0
2025-04-10 23:30:00+09:00,0.004273,0.004289,0.00427,0.004288,590267.0
2025-04-10 23:35:00+09:00,0.004287,0.004308,0.004284,0.004285,6876283.0
2025-04-10 23:40:00+09:00,0.004286,0.004303,0.004286,0.004288,990772.0
2025-04-10 23:45:00+09:00,0.00429,0.004292,0.004275,0.004278,12819326.0
2025-04-10 23:50:00+09:00,0.004278,0.004281,0.004273,0.004279,703679.0
2025-04-10 23:55:00+09:00,0.00428,0.004284,0.004265,0.004268,789829.0
2025-04-11 00:00:00+09:00,0.004269,0.004275,0.004251,0.004253,812031.0
2025-04-11 00:05:00+09:00,0.004252,0.00426,0.004245,0.004256,2559312.0
2025-04-11 00:10:00+09:00,0.004256,0.004256,0.004229,0.00423,2243398.0
2025-04-11 00:15:00+09:00,0.004232,0.004232,0.004204,0.004211,5347660.0
2025-04-11 00:20:00+09:00,0.004212,0.004215,0.004198,0.0042,7959487.0
2025-04-11 00:25:00+09:00,0.004201,0.004202,0.004173,0.004175,6819295.0
2025-04-11 00:30:00+09:00,0.004176,0.004182,0.004148,0.004155,9864543.0
2025-04-11 00:35:00+09:00,0.004156,0.004158,0.004114,0.004115,13369040.0
2025-04-11 00:40:00+09:00,0.004116,0.004139,0.004105,0.004118,5436872.0
2025-04-11 00:45:00+09:00,0.004119,0.004125,0.004097,0.0041,2510319.0
2025-04-11 00:50:00+09:00,0.004099,0.004132,0.004099,0.004132,3039207.0
2025-04-11 00:55:00+09:00,0.004133,0.004135,0.004101,0.004111,4274371.0
2025-04-11 01:00:00+09:00,0.004112,0.00416,0.004083,0.004122,40796745.0
2025-04-11 01:05:00+09:00,0.004121,0.004169,0.004108,0.004157,3840459.0
2025-04-11 01:10:00+09:00,0.004155,0.004162,0.004135,0.004141,3475852.0
2025-04-11 01:15:00+09:00,0.00414,0.004144,0.004126,0.004137,3351415.0
2025-04-11 01:20:00+09:00,0.004136,0.004136,0.004097,0.004131,10677789.0
2025-04-11 01:25:00+09:00,0.004132,0.004135,0.004117,0.004122,1516601.0
2025-04-11 01:30:00+09:00,0.004121,0.00416,0.004121,0.004159,2293937.0
2025-04-11 01:35:00+09:00,0.00416,0.004166,0.004147,0.004149,1705029.0
2025-04-11 01:40:00+09:00,0.00415,0.004153,0.004121,0.004128,1795857.0
2025-04-11 01:45:00+09:00,0.004129,0.004147,0.004116,0.004143,1809034.0
2025-04-11 01:50:00+09:00,0.004142,0.004153,0.004134,0.004141,987005.0
2025-04-11 01:55:00+09:00,0.004141,0.004153,0.004137,0.004153,643411.0
2025-04-11 02:00:00+09:00,0.004153,0.004197,0.004149,0.004163,22762715.0
2025-04-11 02:05:00+09:00,0.004162,0.004165,0.004147,0.004152,1220539.0
2025-04-11 02:10:00+09:00,0.004151,0.004154,0.004138,0.004154,2207407.0
2025-04-11 02:15:00+09:00,0.004154,0.004172,0.004144,0.004168,1921844.0
2025-04-11 02:20:00+09:00,0.004168,0.004173,0.004152,0.004171,809594.0
2025-04-11 02:25:00+09:00,0.004171,0.00419,0.004171,0.004179,1055528.0
2025-04-11 02:30:00+09:00,0.004176,0.004185,0.004172,0.004172,1438969.0
2025-04-11 02:35:00+09:00,0.004171,0.004199,0.004167,0.004172,6859705.0
2025-04-11 02:40:00+09:00,0.004173,0.00419,0.004167,0.00419,1322475.0
2025-04-11 02:45:00+09:00,0.004191,0.004194,0.004174,0.004174,1067694.0
2025-04-11 02:50:00+09:00,0.004176,0.004186,0.004166,0.004185,876682.0
2025-04-11 02:55:00+09:00,0.004184,0.00419,0.004176,0.004176,510172.0
2025-04-11 03:00:00+09:00,0.004175,0.004178,0.004166,0.004172,2525367.0
2025-04-11 03:05:00+09:00,0.00417,0.004177,0.004156,0.004164,949325.0
2025-04-11 03:10:00+09:00,0.004163,0.004167,0.004158,0.004162,760246.0
2025-04-11 03:15:00+09:00,0.004162,0.004188,0.004162,0.004182,6042875.0
2025-04-11 03:20:00+09:00,0.004183,0.004196,0.004182,0.004191,852865.0
2025-04-11 03:25:00+09:00,0.00419,0.004217,0.004189,0.004214,4771919.0
2025-04-11 03:30:00+09:00,0.004212,0.004228,0.004204,0.004208,2373447.0
2025-04-11 03:35:00+09:00,0.004208,0.004213,0.004202,0.004208,507754.0
2025-04-11 03:40:00+09:00,0.004209,0.004214,0.004207,0.004212,662648.0
2025-04-11 03:45:00+09:00,0.004214,0.004216,0.004193,0.004198,1551226.0
2025-04-11 03:50:00+09:00,0.004197,0.004202,0.004187,0.004196,1468129.0
2025-04-11 03:55:00+09:00,0.004195,0.004201,0.004192,0.004195,710458.0
2025-04-11 04:00:00+09:00,0.004194,0.004202,0.004191,0.004192,835719.0
2025-04-11 04:05:00+09:00,0.004191,0.004201,0.004187,0.00419,1243518.0
2025-04-11 04:10:00+09:00,0.004191,0.004194,0.004183,0.004191,438040.0
2025-04-11 04:15:00+09:00,0.004191,0.004206,0.004188,0.004204,278062.0
2025-04-11 04:20:00+09:00,0.004202,0.004206,0.004193,0.004198,2029974.0
2025-04-11 04:25:00+09:00,0.004198,0.004227,0.004196,0.004198,8416656.0
2025-04-11 04:30:00+09:00,0.004198,0.004215,0.004196,0.004215,1361334.0
2025-04-11 04:35:00+09:00,0.004212,0.00422,0.004208,0.004208,540531.0
2025-04-11 04:40:00+09:00,0.004209,0.004215,0.004194,0.004196,4641642.0
2025-04-11 04:45:00+09:00,0.004197,0.004208,0.004193,0.004207,8785959.0
2025-04-11 04:50:00+09:00,0.004206,0.004213,0.004203,0.004204,10297426.0
2025-04-11 04:55:00+09:00,0.004204,0.004214,0.004179,0.00418,14085310.0
2025-04-11 05:00:00+09:00,0.004182,0.004203,0.004182,0.004201,8247982.0
2025-04-11 05:05:00+09:00,0.004202,0.004212,0.004199,0.00421,9642492.0
2025-04-11 05:10:00+09:00,0.004211,0.004211,0.004192,0.004198,10856249.0
2025-04-11 05:15:00+09:00,0.004199,0.004208,0.004193,0.004203,20012502.0
2025-04-11 05:20:00+09:00,0.004204,0.004204,0.004191,0.004197,11206886.0
2025-04-11 05:25:00+09:00,0.004198,0.004205,0.004192,0.004205,11831965.0
2025-04-11 05:30:00+09:00,0.004205,0.004224,0.004204,0.004217,9655509.0
2025-04-11 05:35:00+09:00,0.004218,0.004227,0.004211,0.004216,3872074.0
2025-04-11 05:40:00+09:00,0.004215,0.004216,0.004203,0.004203,2485086.0
2025-04-11 05:45:00+09:00,0.004203,0.004217,0.0042,0.004217,1577301.0
2025-04-11 05:50:00+09:00,0.004218,0.004236,0.004218,0.004228,2014707.0
2025-04-11 05:55:00+09:00,0.004229,0.004233,0.004224,0.004231,509374.0
2025-04-11 06:00:00+09:00,0.004233,0.004251,0.004232,0.004245,1631908.0
2025-04-11 06:05:00+09:00,0.004244,0.004259,0.004244,0.004259,1525223.0
2025-04-11 06:10:00+09:00,0.004259,0.004266,0.004251,0.004255,3337211.0
2025-04-11 06:15:00+09:00,0.004255,0.004267,0.004252,0.004252,1646175.0
2025-04-11 06:20:00+09:00,0.004252,0.004256,0.004243,0.004248,857890.0
2025-04-11 06:25:00+09:00,0.004246,0.004261,0.004241,0.004261,1234686.0
2025-04-11 06:30:00+09:00,0.004261,0.004289,0.00426,0.004271,4045796.0
2025-04-11 06:35:00+09:00,0.004268,0.004268,0.00426,0.004265,2648326.0
2025-04-11 06:40:00+09:00,0.004266,0.004268,0.004236,0.004236,2786795.0
2025-04-11 06:45:00+09:00,0.004237,0.004244,0.004233,0.004242,854007.0
2025-04-11 06:50:00+09:00,0.004241,0.004242,0.004236,0.004238,399433.0
2025-04-11 06:55:00+09:00,0.004238,0.004247,0.004232,0.004247,1496436.0
2025-04-11 07:00:00+09:00,0.004247,0.004255,0.004239,0.004251,557719.0
2025-04-11 07:05:00+09:00,0.00425,0.00425,0.004238,0.004245,1059263.0
2025-04-11 07:10:00+09:00,0.004246,0.004262,0.004246,0.004257,1692668.0
2025-04-11 07:15:00+09:00,0.004257,0.00427,0.004255,0.004264,1002630.0
2025-04-11 07:20:00+09:00,0.004264,0.004264,0.004256,0.004256,590367.0
2025-04-11 07:25:00+09:00,0.004254,0.004254,0.004246,0.004248,904031.0
2025-04-11 07:30:00+09:00,0.004249,0.004256,0.004248,0.004252,809522.0
2025-04-11 07:35:00+09:00,0.004253,0.004254,0.004243,0.00425,1457834.0
2025-04-11 07:40:00+09:00,0.004249,0.004256,0.004248,0.004252,690679.0
2025-04-11 07:45:00+09:00,0.004251,0.004251,0.004236,0.004241,597246.0
2025-04-11 07:50:00+09:00,0.004241,0.004243,0.004235,0.004241,352070.0
2025-04-11 07:55:00+09:00,0.00424,0.004241,0.004236,0.004236,303128.0
2025-04-11 08:00:00+09:00,0.004236,0.004236,0.004228,0.004232,1039786.0
2025-04-11 08:05:00+09:00,0.004232,0.004242,0.004229,0.004234,5325088.0
2025-04-11 08:10:00+09:00,0.004233,0.004238,0.004227,0.004236,4077719.0
2025-04-11 08:15:00+09:00,0.004236,0.004237,0.004228,0.004234,1734021.0
2025-04-11 08:20:00+09:00,0.004233,0.004238,0.004223,0.004225,1149277.0
2025-04-11 08:25:00+09:00,0.004224,0.00423,0.004219,0.004229,1301547.0
2025-04-11 08:30:00+09:00,0.004228,0.004239,0.004225,0.004238,517862.0
2025-04-11 08:35:00+09:00,0.004237,0.004242,0.004234,0.004242,673617.0
2025-04-11 08:40:00+09:00,0.004241,0.004242,0.004238,0.004241,257355.0
2025-04-11 08:45:00+09:00,0.004241,0.004248,0.004237,0.004242,1317005.0
2025-04-11 08:50:00+09:00,0.004242,0.004243,0.004236,0.00424,319149.0
2025-04-11 08:55:00+09:00,0.004239,0.004241,0.004233,0.004235,725998.0
2025-04-11 09:00:00+09:00,0.004235,0.004237,0.004221,0.004229,1836131.0
2025-04-11 09:05:00+09:00,0.004227,0.004247,0.004222,0.004245,2321464.0
2025-04-11 09:10:00+09:00,0.004248,0.004251,0.004241,0.004244,987667.0
2025-04-11 09:15:00+09:00,0.004244,0.004245,0.00423,0.004232,2114907.0
2025-04-11 09:20:00+09:00,0.004233,0.004242,0.00423,0.004236,2336517.0
2025-04-11 09:25:00+09:00,0.004237,0.004251,0.004232,0.004243,1557290.0
2025-04-11 09:30:00+09:00,0.004242,0.004246,0.004228,0.004239,1028191.0
2025-04-11 09:35:00+09:00,0.00424,0.004246,0.004222,0.004229,634769.0
2025-04-11 09:40:00+09:00,0.00423,0.004237,0.004229,0.00423,984906.0
2025-04-11 09:45:00+09:00,0.004228,0.004232,0.00422,0.00422,707760.0
2025-04-11 09:50:00+09:00,0.004219,0.004221,0.004209,0.004209,950883.0
2025-04-11 09:55:00+09:00,0.00421,0.004212,0.0042,0.004203,1484441.0
2025-04-11 10:00:00+09:00,0.004202,0.004212,0.0042,0.004206,1428692.0
2025-04-11 10:05:00+09:00,0.004206,0.004218,0.004203,0.004211,1675408.0
2025-04-11 10:10:00+09:00,0.004212,0.004221,0.004209,0.004221,2254370.0
2025-04-11 10:15:00+09:00,0.004221,0.004264,0.004221,0.004261,8648223.0
2025-04-11 10:20:00+09:00,0.004261,0.004261,0.004245,0.004259,8673529.0
2025-04-11 10:25:00+09:00,0.004259,0.004264,0.004245,0.004245,7808546.0
2025-04-11 10:30:00+09:00,0.004245,0.00428,0.004236,0.004265,14664673.0
2025-04-11 10:35:00+09:00,0.004265,0.004277,0.004259,0.004274,9904649.0
2025-04-11 10:40:00+09:00,0.004275,0.004281,0.004263,0.004273,12622712.0
2025-04-11 10:45:00+09:00,0.004271,0.004271,0.004249,0.004255,14614135.0
2025-04-11 10:50:00+09:00,0.004255,0.004265,0.004232,0.004233,18588061.0
2025-04-11 10:55:00+09:00,0.004234,0.004243,0.004215,0.004236,30654194.0
2025-04-11 11:00:00+09:00,0.004237,0.004248,0.004204,0.004205,12765461.0
2025-04-11 11:05:00+09:00,0.004205,0.004206,0.004192,0.004195,9231504.0
2025-04-11 11:10:00+09:00,0.004196,0.00421,0.004194,0.004199,10008020.0
2025-04-11 11:15:00+09:00,0.0042,0.004202,0.004191,0.004196,12478462.0
2025-04-11 11:20:00+09:00,0.004196,0.004215,0.004192,0.004208,11232186.0
2025-04-11 11:25:00+09:00,0.004207,0.004234,0.004204,0.004218,13672726.0
2025-04-11 11:30:00+09:00,0.004217,0.004218,0.004188,0.004191,12005657.0
2025-04-11 11:35:00+09:00,0.00419,0.0042,0.004185,0.004188,10765434.0
2025-04-11 11:40:00+09:00,0.004189,0.004221,0.004182,0.004221,16541035.0
2025-04-11 11:45:00+09:00,0.004218,0.00424,0.004194,0.004201,34480691.0
2025-04-11 11:50:00+09:00,0.004201,0.004219,0.004184,0.004215,32682094.0
2025-04-11 11:55:00+09:00,0.004216,0.004223,0.004209,0.004215,2020986.0
2025-04-11 12:00:00+09:00,0.004217,0.004284,0.004217,0.004261,20547620.0
2025-04-11 12:05:00+09:00,0.004262,0.004288,0.004262,0.004273,3680913.0
2025-04-11 12:10:00+09:00,0.004275,0.004286,0.004271,0.004286,4623435.0
2025-04-11 12:15:00+09:00,0.004286,0.004307,0.004283,0.004297,19096544.0
2025-04-11 12:20:00+09:00,0.004297,0.004318,0.004288,0.004298,11805542.0
2025-04-11 12:25:00+09:00,0.004298,0.004302,0.004279,0.004282,5132992.0
2025-04-11 12:30:00+09:00,0.004281,0.004302,0.004278,0.004293,2373946.0
2025-04-11 12:35:00+09:00,0.004294,0.004296,0.004259,0.00426,30283482.0
2025-04-11 12:40:00+09:00,0.004262,0.004299,0.004261,0.004283,20228031.0
2025-04-11 12:45:00+09:00,0.004282,0.004296,0.004279,0.004293,3079505.0
2025-04-11 12:50:00+09:00,0.004295,0.004336,0.004294,0.004331,36744173.0
2025-04-11 12:55:00+09:00,0.00433,0.004348,0.00432,0.004334,23734586.0
2025-04-11 13:00:00+09:00,0.004334,0.004342,0.004331,0.004336,2035733.0
2025-04-11 13:05:00+09:00,0.004337,0.004348,0.004337,0.004341,2421781.0
2025-04-11 13:10:00+09:00,0.004342,0.004363,0.004342,0.004363,7125077.0
2025-04-11 13:15:00+09:00,0.004364,0.004367,0.00435,0.004352,5258457.0
2025-04-11 13:20:00+09:00,0.004352,0.004356,0.00434,0.004352,16007269.0
2025-04-11 13:25:00+09:00,0.004353,0.004355,0.004344,0.004354,3410379.0
2025-04-11 13:30:00+09:00,0.004355,0.004358,0.004334,0.004335,1779025.0
2025-04-11 13:35:00+09:00,0.004335,0.004335,0.004321,0.004324,2641129.0
2025-04-11 13:40:00+09:00,0.004325,0.00433,0.00432,0.004324,2719886.0
2025-04-11 13:45:00+09:00,0.004325,0.00433,0.004322,0.004325,1371623.0
2025-04-11 13:50:00+09:00,0.004326,0.004333,0.00432,0.004329,21431436.0
2025-04-11 13:55:00+09:00,0.00433,0.004335,0.004327,0.004332,1541218.0
2025-04-11 14:00:00+09:00,0.004333,0.004338,0.00432,0.004326,3060729.0
2025-04-11 14:05:00+09:00,0.004327,0.004334,0.004325,0.004334,936575.0
2025-04-11 14:10:00+09:00,0.004335,0.004337,0.004323,0.004324,665329.0
2025-04-11 14:15:00+09:00,0.004323,0.004332,0.00432,0.004322,2037070.0
2025-04-11 14:20:00+09:00,0.004322,0.004339,0.00432,0.004336,7680181.0
2025-04-11 14:25:00+09:00,0.004337,0.004347,0.004335,0.004347,1553536.0
2025-04-11 14:30:00+09:00,0.004345,0.004357,0.004343,0.004344,2774271.0
2025-04-11 14:35:00+09:00,0.004343,0.004346,0.004333,0.004333,2213023.0
2025-04-11 14:40:00+09:00,0.004333,0.004341,0.004333,0.004341,2803356.0
2025-04-11 14:45:00+09:00,0.004342,0.004346,0.004325,0.00433,3020608.0
2025-04-11 14:50:00+09:00,0.004331,0.004345,0.004331,0.004344,567449.0
2025-04-11 14:55:00+09:00,0.004345,0.004352,0.004345,0.004351,2094225.0
2025-04-11 15:00:00+09:00,0.004352,0.004363,0.004349,0.004359,4831977.0
2025-04-11 15:05:00+09:00,0.004361,0.004407,0.004361,0.00439,15932256.0
2025-04-11 15:10:00+09:00,0.004391,0.004397,0.004383,0.004383,4826015.0
2025-04-11 15:15:00+09:00,0.004384,0.004388,0.004367,0.004367,1301376.0
2025-04-11 15:20:00+09:00,0.004367,0.004378,0.004357,0.004357,1905772.0
2025-04-11 15:25:00+09:00,0.004357,0.004365,0.004357,0.004361,1605884.0
2025-04-11 15:30:00+09:00,0.00436,0.00437,0.004354,0.004365,3286291.0
2025-04-11 15:35:00+09:00,0.004366,0.004375,0.004362,0.004367,1778865.0
2025-04-11 15:40:00+09:00,0.004367,0.004382,0.004366,0.004374,6522739.0
2025-04-11 15:45:00+09:00,0.004374,0.004385,0.004374,0.00438,2920068.0
2025-04-11 15:50:00+09:00,0.004381,0.004382,0.004366,0.00437,4868096.0
2025-04-11 15:55:00+09:00,0.004371,0.004379,0.004371,0.004376,1781648.0
2025-04-11 16:00:00+09:00,0.004376,0.004376,0.004364,0.004364,2690189.0
2025-04-11 16:05:00+09:00,0.004364,0.004365,0.004348,0.00435,2166733.0
2025-04-11 16:10:00+09:00,0.004351,0.004353,0.004344,0.004344,1753741.0
2025-04-11 16:15:00+09:00,0.004345,0.004351,0.004341,0.004347,2131815.0
2025-04-11 16:20:00+09:00,0.004347,0.004351,0.004343,0.004346,1280622.0
2025-04-11 16:25:00+09:00,0.004347,0.00435,0.004313,0.004321,29422706.0
2025-04-11 16:30:00+09:00,0.004321,0.004322,0.004311,0.004322,4427571.0
2025-04-11 16:35:00+09:00,0.00432,0.004328,0.004318,0.00432,3342536.0
2025-04-11 16:40:00+09:00,0.00432,0.004325,0.004313,0.004324,2295291.0
2025-04-11 16:45:00+09:00,0.004323,0.004324,0.004304,0.004304,812674.0
2025-04-11 16:50:00+09:00,0.004305,0.004317,0.004305,0.004315,1685330.0
2025-04-11 16:55:00+09:00,0.004313,0.004317,0.004308,0.00431,185306.0
2025-04-11 17:00:00+09:00,0.004309,0.00431,0.004288,0.004307,15975393.0
2025-04-11 17:05:00+09:00,0.004308,0.004345,0.004308,0.004318,7832215.0
2025-04-11 17:10:00+09:00,0.004319,0.004326,0.004311,0.004314,1352973.0
2025-04-11 17:15:00+09:00,0.004315,0.004316,0.004302,0.004302,1282099.0
2025-04-11 17:20:00+09:00,0.004301,0.004311,0.004299,0.004309,819174.0
2025-04-11 17:25:00+09:00,0.004311,0.004326,0.004309,0.004319,829274.0
2025-04-11 17:30:00+09:00,0.004319,0.004323,0.004311,0.004319,4606294.0
2025-04-11 17:35:00+09:00,0.004319,0.004351,0.004319,0.004342,2162015.0
2025-04-11 17:40:00+09:00,0.004343,0.00436,0.004342,0.004359,4910967.0
2025-04-11 17:45:00+09:00,0.00436,0.004363,0.004343,0.004345,4485478.0
2025-04-11 17:50:00+09:00,0.004347,0.004375,0.004347,0.004356,2768008.0
2025-04-11 17:55:00+09:00,0.004355,0.004355,0.004342,0.004346,2046411.0
2025-04-11 18:00:00+09:00,0.004347,0.004358,0.00434,0.004343,1339797.0
2025-04-11 18:05:00+09:00,0.004342,0.004348,0.004336,0.004338,1373328.0
2025-04-11 18:10:00+09:00,0.004337,0.00434,0.004332,0.00434,833498.0
2025-04-11 18:15:00+09:00,0.004341,0.004347,0.004333,0.004333,1456261.0
2025-04-11 18:20:00+09:00,0.004333,0.004338,0.00433,0.004334,1375448.0
2025-04-11 18:25:00+09:00,0.004335,0.004355,0.004334,0.004352,1323129.0
2025-04-11 18:30:00+09:00,0.004352,0.004352,0.004331,0.004351,2060063.0
2025-04-11 18:35:00+09:00,0.004351,0.004361,0.004349,0.004354,2494270.0
2025-04-11 18:40:00+09:00,0.004356,0.004376,0.004356,0.004375,9291044.0
2025-04-11 18:45:00+09:00,0.004373,0.004385,0.004365,0.00438,5310847.0
2025-04-11 18:50:00+09:00,0.004379,0.004386,0.004373,0.004384,3929926.0
2025-04-11 18:55:00+09:00,0.004384,0.004395,0.004384,0.004395,4415984.0
2025-04-11 19:00:00+09:00,0.004398,0.004398,0.004384,0.004389,2862802.0
2025-04-11 19:05:00+09:00,0.00439,0.004406,0.004373,0.004376,8026060.0
2025-04-11 19:10:00+09:00,0.004375,0.004375,0.004345,0.004351,5346415.0
2025-04-11 19:15:00+09:00,0.00435,0.004368,0.004343,0.004367,6071375.0
2025-04-11 19:20:00+09:00,0.004367,0.004378,0.004357,0.004359,3212483.0
2025-04-11 19:25:00+09:00,0.00436,0.004377,0.00436,0.004377,4909626.0
2025-04-11 19:30:00+09:00,0.004377,0.004418,0.004374,0.004415,15803136.0
2025-04-11 19:35:00+09:00,0.004414,0.004425,0.00439,0.00439,3558724.0
2025-04-11 19:40:00+09:00,0.004389,0.004392,0.004381,0.004388,3818335.0
2025-04-11 19:45:00+09:00,0.004387,0.004397,0.004376,0.004376,6321069.0
2025-04-11 19:50:00+09:00,0.004376,0.004378,0.004366,0.004375,2568745.0
2025-04-11 19:55:00+09:00,0.004376,0.004383,0.004374,0.004377,3195114.0
2025-04-11 20:00:00+09:00,0.004378,0.004387,0.004366,0.004387,4539582.0
2025-04-11 20:05:00+09:00,0.004387,0.004388,0.00438,0.004384,3963766.0
2025-04-11 20:10:00+09:00,0.004383,0.004385,0.00436,0.004362,8630407.0
2025-04-11 20:15:00+09:00,0.004362,0.004367,0.004358,0.004361,1777536.0
2025-04-11 20:20:00+09:00,0.004362,0.00437,0.004359,0.004359,3454215.0
2025-04-11 20:25:00+09:00,0.00436,0.004366,0.004354,0.004363,4747518.0
2025-04-11 20:30:00+09:00,0.004364,0.00438,0.004364,0.004379,4616049.0
2025-04-11 20:35:00+09:00,0.004379,0.004382,0.004364,0.00437,3643583.0
2025-04-11 20:40:00+09:00,0.004371,0.00438,0.004367,0.004375,3452084.0
2025-04-11 20:45:00+09:00,0.004374,0.004374,0.004355,0.004356,1316576.0
2025-04-11 20:50:00+09:00,0.004357,0.004357,0.004352,0.004357,1239464.0
2025-04-11 20:55:00+09:00,0.004357,0.004359,0.004347,0.004358,2731349.0
2025-04-11 21:00:00+09:00,0.004358,0.004362,0.004349,0.004358,3439933.0
2025-04-11 21:05:00+09:00,0.004359,0.004361,0.004344,0.004344,1910980.0
2025-04-11 21:10:00+09:00,0.004344,0.00436,0.004343,0.004359,2674124.0
2025-04-11 21:15:00+09:00,0.004359,0.004359,0.004329,0.004352,43847260.0
2025-04-11 21:20:00+09:00,0.004353,0.004358,0.004349,0.004356,3949102.0
2025-04-11 21:25:00+09:00,0.004356,0.004379,0.004353,0.004379,6456748.0
2025-04-11 21:30:00+09:00,0.004379,0.004443,0.004379,0.004399,34930254.0
2025-04-11 21:35:00+09:00,0.0044,0.004412,0.004396,0.004397,6059167.0
2025-04-11 21:40:00+09:00,0.004397,0.004406,0.004393,0.004393,1535413.0
2025-04-11 21:45:00+09:00,0.004394,0.004394,0.004362,0.004369,4082542.0
2025-04-11 21:50:00+09:00,0.004368,0.004368,0.004357,0.004364,4102223.0
2025-04-11 21:55:00+09:00,0.004362,0.004365,0.004351,0.004365,2460701.0
2025-04-11 22:00:00+09:00,0.004364,0.004368,0.004357,0.00436,1060627.0
2025-04-11 22:05:00+09:00,0.004359,0.004371,0.004339,0.00434,22074506.0
2025-04-11 22:10:00+09:00,0.004342,0.004347,0.004331,0.004335,2443851.0
2025-04-11 22:15:00+09:00,0.004334,0.004344,0.004328,0.004338,6836645.0
2025-04-11 22:20:00+09:00,0.004339,0.004355,0.004339,0.004352,2407220.0
2025-04-11 22:25:00+09:00,0.004352,0.004352,0.004323,0.004328,32885853.0
2025-04-11 22:30:00+09:00,0.004329,0.004347,0.004311,0.004347,4529664.0
2025-04-11 22:35:00+09:00,0.004348,0.004392,0.004348,0.004385,5340228.0
2025-04-11 22:40:00+09:00,0.004384,0.00439,0.004363,0.004384,5214686.0
2025-04-11 22:45:00+09:00,0.004383,0.004385,0.00437,0.004381,3106438.0
2025-04-11 22:50:00+09:00,0.004381,0.004381,0.004361,0.00437,3486457.0
2025-04-11 22:55:00+09:00,0.004369,0.004369,0.004353,0.00436,2447952.0
2025-04-11 23:00:00+09:00,0.004358,0.004358,0.004313,0.004346,30875336.0
2025-04-11 23:05:00+09:00,0.004347,0.004361,0.004338,0.00436,5588323.0
2025-04-11 23:10:00+09:00,0.004361,0.004394,0.004346,0.004374,21321208.0
2025-04-11 23:15:00+09:00,0.004376,0.004378,0.00436,0.00436,3680959.0
2025-04-11 23:20:00+09:00,0.004357,0.00436,0.004338,0.004343,8013736.0
2025-04-11 23:25:00+09:00,0.004343,0.004344,0.004328,0.004336,1836173.0
2025-04-11 23:30:00+09:00,0.004335,0.004357,0.004334,0.004357,1876285.0
2025-04-11 23:35:00+09:00,0.004357,0.004382,0.00435,0.004375,11257888.0
2025-04-11 23:40:00+09:00,0.004374,0.004385,0.00437,0.004384,7008274.0
2025-04-11 23:45:00+09:00,0.004384,0.00442,0.004384,0.004413,11877149.0
2025-04-11 23:50:00+09:00,0.004413,0.004415,0.004391,0.004405,5428022.0
2025-04-11 23:55:00+09:00,0.004406,0.004422,0.004399,0.004416,6875016.0
2025-04-12 00:00:00+09:00,0.004415,0.004463,0.004398,0.004411,26074139.0
2025-04-12 00:05:00+09:00,0.004408,0.00443,0.004405,0.004424,4391281.0
2025-04-12 00:10:00+09:00,0.004424,0.004429,0.00441,0.004413,6927409.0
2025-04-12 00:15:00+09:00,0.004412,0.00443,0.004409,0.004422,4953858.0
2025-04-12 00:20:00+09:00,0.004423,0.004459,0.004423,0.004455,15881949.0
2025-04-12 00:25:00+09:00,0.004454,0.00447,0.004447,0.004467,12495218.0
2025-04-12 00:30:00+09:00,0.004468,0.004507,0.004468,0.004504,24092478.0
2025-04-12 00:35:00+09:00,0.004503,0.004538,0.004498,0.004535,14096643.0
2025-04-12 00:40:00+09:00,0.004536,0.004537,0.004512,0.004525,5725208.0
2025-04-12 00:45:00+09:00,0.004525,0.004561,0.004518,0.004557,12758290.0
2025-04-12 00:50:00+09:00,0.004557,0.004577,0.004538,0.004573,45787743.0
2025-04-12 00:55:00+09:00,0.004574,0.004583,0.004548,0.004582,19516236.0
2025-04-12 01:00:00+09:00,0.004582,0.004592,0.004559,0.004571,26089191.0
2025-04-12 01:05:00+09:00,0.00457,0.004571,0.00452,0.004523,14753296.0
2025-04-12 01:10:00+09:00,0.004523,0.004525,0.004505,0.004515,6196365.0
2025-04-12 01:15:00+09:00,0.004515,0.004526,0.004503,0.004522,8220335.0
2025-04-12 01:20:00+09:00,0.004523,0.004523,0.00449,0.004495,4988965.0
2025-04-12 01:25:00+09:00,0.004495,0.004495,0.004483,0.004485,3691977.0
2025-04-12 01:30:00+09:00,0.004484,0.004559,0.004484,0.004552,10384657.0
2025-04-12 01:35:00+09:00,0.004551,0.004588,0.004543,0.004568,22577827.0
2025-04-12 01:40:00+09:00,0.004569,0.004573,0.004547,0.00457,18842886.0
2025-04-12 01:45:00+09:00,0.004572,0.004624,0.004569,0.004619,17583615.0
2025-04-12 01:50:00+09:00,0.004621,0.004652,0.004612,0.00465,20523923.0
2025-04-12 01:55:00+09:00,0.004649,0.004712,0.004632,0.004675,66299034.0
2025-04-12 02:00:00+09:00,0.004675,0.004711,0.00466,0.004706,22874503.0
2025-04-12 02:05:00+09:00,0.004705,0.004823,0.004695,0.004751,86086293.0
2025-04-12 02:10:00+09:00,0.004751,0.004768,0.004723,0.004764,23072383.0
2025-04-12 02:15:00+09:00,0.004763,0.00482,0.004762,0.004789,38236121.0
2025-04-12 02:20:00+09:00,0.004789,0.004886,0.004789,0.004865,126067044.0
2025-04-12 02:25:00+09:00,0.00486,0.004887,0.004825,0.004846,42245476.0
2025-04-12 02:30:00+09:00,0.004845,0.004928,0.00484,0.00487,53267892.0
2025-04-12 02:35:00+09:00,0.004869,0.004991,0.004868,0.004973,116067096.0
2025-04-12 02:40:00+09:00,0.004972,0.005016,0.004963,0.004989,57195419.0
2025-04-12 02:45:00+09:00,0.00499,0.005039,0.004967,0.004999,48885537.0
2025-04-12 02:50:00+09:00,0.005,0.005099,0.004997,0.00506,76854880.0
2025-04-12 02:55:00+09:00,0.00506,0.005112,0.005044,0.005109,54314792.0
2025-04-12 03:00:00+09:00,0.005104,0.005252,0.005089,0.005231,115375046.0
2025-04-12 03:05:00+09:00,0.00523,0.00527,0.005108,0.005178,142608751.0
2025-04-12 03:10:00+09:00,0.005177,0.005216,0.005162,0.005174,50593782.0
2025-04-12 03:15:00+09:00,0.005174,0.005223,0.005111,0.005139,76970513.0
2025-04-12 03:20:00+09:00,0.005141,0.00516,0.005094,0.005143,54036082.0
2025-04-12 03:25:00+09:00,0.005144,0.005159,0.005105,0.00513,32505508.0
2025-04-12 03:30:00+09:00,0.00513,0.005139,0.005041,0.00505,26406756.0
2025-04-12 03:35:00+09:00,0.00505,0.005133,0.005047,0.005131,12294932.0
2025-04-12 03:40:00+09:00,0.005132,0.005156,0.005107,0.005136,9526341.0
2025-04-12 03:45:00+09:00,0.005135,0.005139,0.005064,0.005083,21030397.0
2025-04-12 03:50:00+09:00,0.005084,0.005087,0.005003,0.00501,23930041.0
2025-04-12 03:55:00+09:00,0.00501,0.005026,0.00496,0.005024,42340134.0
2025-04-12 04:00:00+09:00,0.005025,0.005057,0.005,0.00503,22025671.0
2025-04-12 04:05:00+09:00,0.005031,0.005053,0.004988,0.005027,24598863.0
2025-04-12 04:10:00+09:00,0.005026,0.005026,0.004981,0.004984,14924478.0
2025-04-12 04:15:00+09:00,0.004985,0.00499,0.004945,0.004978,31956680.0
2025-04-12 04:20:00+09:00,0.004976,0.004988,0.004943,0.00498,25996564.0
2025-04-12 04:25:00+09:00,0.004977,0.004998,0.004963,0.004983,9904322.0
2025-04-12 04:30:00+09:00,0.004983,0.004986,0.004945,0.00495,8722069.0
2025-04-12 04:35:00+09:00,0.004949,0.00496,0.004931,0.004956,11811047.0
2025-04-12 04:40:00+09:00,0.004953,0.004956,0.00491,0.004913,14398578.0
2025-04-12 04:45:00+09:00,0.004912,0.004941,0.004908,0.004927,8336159.0
2025-04-12 04:50:00+09:00,0.004928,0.004933,0.004908,0.004929,10320860.0
2025-04-12 04:55:00+09:00,0.004928,0.004942,0.004921,0.004927,5104018.0
2025-04-12 05:00:00+09:00,0.004926,0.004957,0.004917,0.004948,7435038.0
2025-04-12 05:05:00+09:00,0.004947,0.004949,0.004887,0.004893,11934992.0
2025-04-12 05:10:00+09:00,0.004891,0.004903,0.004886,0.004896,6367075.0
2025-04-12 05:15:00+09:00,0.004898,0.004898,0.004868,0.004876,8524274.0
2025-04-12 05:20:00+09:00,0.004873,0.004885,0.004859,0.004879,5283465.0
2025-04-12 05:25:00+09:00,0.00488,0.0049,0.004847,0.004869,14148739.0
2025-04-12 05:30:00+09:00,0.004868,0.004868,0.004841,0.004861,10351235.0
2025-04-12 05:35:00+09:00,0.004861,0.004861,0.004847,0.004847,4170405.0
2025-04-12 05:40:00+09:00,0.004846,0.004846,0.004832,0.004833,8601091.0
2025-04-12 05:45:00+09:00,0.004835,0.004848,0.004823,0.00483,5934666.0
2025-04-12 05:50:00+09:00,0.00483,0.004833,0.004813,0.004826,19008971.0
2025-04-12 05:55:00+09:00,0.004826,0.004851,0.004825,0.004836,14634808.0
2025-04-12 06:00:00+09:00,0.004837,0.004886,0.00483,0.004863,18081455.0
2025-04-12 06:05:00+09:00,0.004861,0.004876,0.004836,0.004841,11421645.0
2025-04-12 06:10:00+09:00,0.00484,0.004842,0.004815,0.004824,8803235.0
2025-04-12 06:15:00+09:00,0.004818,0.004822,0.004793,0.004816,11911275.0
2025-04-12 06:20:00+09:00,0.004817,0.004896,0.004805,0.004858,26054472.0
2025-04-12 06:25:00+09:00,0.00486,0.004871,0.004845,0.004857,5383509.0
2025-04-12 06:30:00+09:00,0.004855,0.004857,0.004781,0.004795,13825398.0
2025-04-12 06:35:00+09:00,0.004799,0.004811,0.004771,0.004802,13698122.0
2025-04-12 06:40:00+09:00,0.004798,0.004807,0.00479,0.004797,11824714.0
2025-04-12 06:45:00+09:00,0.004795,0.004808,0.004775,0.004788,4166175.0
2025-04-12 06:50:00+09:00,0.004788,0.004831,0.004788,0.004814,8441469.0
2025-04-12 06:55:00+09:00,0.004816,0.004844,0.004816,0.004836,2996883.0
2025-04-12 07:00:00+09:00,0.004835,0.00485,0.00482,0.00484,7910793.0
2025-04-12 07:05:00+09:00,0.004841,0.004844,0.00482,0.004825,2374517.0
2025-04-12 07:10:00+09:00,0.004827,0.004841,0.004821,0.004829,5701394.0
2025-04-12 07:15:00+09:00,0.004828,0.004834,0.004804,0.004804,4833418.0
2025-04-12 07:20:00+09:00,0.004806,0.004818,0.004804,0.00481,4145038.0
2025-04-12 07:25:00+09:00,0.004811,0.004813,0.004795,0.004803,4832008.0
2025-04-12 07:30:00+09:00,0.004804,0.004811,0.004795,0.004801,3324693.0
2025-04-12 07:35:00+09:00,0.0048,0.004805,0.004797,0.004799,3680052.0
2025-04-12 07:40:00+09:00,0.004799,0.004811,0.004795,0.004797,4243171.0
2025-04-12 07:45:00+09:00,0.004797,0.00482,0.004797,0.004803,3996652.0
2025-04-12 07:50:00+09:00,0.004805,0.00483,0.004805,0.004813,7489652.0
2025-04-12 07:55:00+09:00,0.004813,0.004821,0.004809,0.004819,1094733.0
2025-04-12 08:00:00+09:00,0.004818,0.004819,0.004793,0.004803,3842862.0
2025-04-12 08:05:00+09:00,0.004802,0.004803,0.004774,0.004796,11520338.0
2025-04-12 08:10:00+09:00,0.004798,0.004805,0.004793,0.0048,3672513.0
2025-04-12 08:15:00+09:00,0.0048,0.0048,0.004777,0.004779,8310110.0
2025-04-12 08:20:00+09:00,0.00478,0.004784,0.004769,0.004774,7007924.0
2025-04-12 08:25:00+09:00,0.004774,0.004774,0.004764,0.004765,2400654.0
2025-04-12 08:30:00+09:00,0.004765,0.004784,0.004762,0.004779,2659778.0
2025-04-12 08:35:00+09:00,0.00478,0.004786,0.004775,0.004782,1993024.0
2025-04-12 08:40:00+09:00,0.004783,0.004798,0.004783,0.00479,4410354.0
2025-04-12 08:45:00+09:00,0.004789,0.004789,0.004756,0.004764,8623345.0
2025-04-12 08:50:00+09:00,0.004765,0.004785,0.004762,0.004781,4600814.0
2025-04-12 08:55:00+09:00,0.004782,0.004785,0.00476,0.00476,881712.0
2025-04-12 09:00:00+09:00,0.004759,0.004765,0.004743,0.004746,2182109.0
2025-04-12 09:05:00+09:00,0.004744,0.004762,0.004736,0.004762,3123691.0
2025-04-12 09:10:00+09:00,0.004762,0.004789,0.004757,0.004785,2543243.0
2025-04-12 09:15:00+09:00,0.004785,0.004806,0.004785,0.004796,6512642.0
2025-04-12 09:20:00+09:00,0.004797,0.00481,0.004785,0.00479,10042985.0
2025-04-12 09:25:00+09:00,0.00479,0.004802,0.004767,0.004772,1652257.0
2025-04-12 09:30:00+09:00,0.004771,0.004771,0.004751,0.004761,4699306.0
2025-04-12 09:35:00+09:00,0.00476,0.00477,0.004743,0.00475,4067125.0
2025-04-12 09:40:00+09:00,0.00475,0.004754,0.004735,0.00474,4770604.0
2025-04-12 09:45:00+09:00,0.004738,0.004747,0.004731,0.00474,3168457.0
2025-04-12 09:50:00+09:00,0.004739,0.004749,0.00473,0.004742,2381293.0
2025-04-12 09:55:00+09:00,0.004742,0.004759,0.004742,0.004756,1529014.0
2025-04-12 10:00:00+09:00,0.004755,0.004766,0.004751,0.004751,1261840.0
2025-04-12 10:05:00+09:00,0.00475,0.004762,0.004732,0.004759,11074098.0
2025-04-12 10:10:00+09:00,0.00476,0.00479,0.00476,0.00479,8515242.0
2025-04-12 10:15:00+09:00,0.00479,0.004793,0.00476,0.004761,4905710.0
2025-04-12 10:20:00+09:00,0.004762,0.004762,0.004738,0.004742,3189366.0
2025-04-12 10:25:00+09:00,0.004743,0.004762,0.004738,0.004743,15939588.0
2025-04-12 10:30:00+09:00,0.004742,0.004758,0.004742,0.004756,2252821.0
2025-04-12 10:35:00+09:00,0.004755,0.00476,0.004746,0.00476,1130026.0
2025-04-12 10:40:00+09:00,0.00476,0.004778,0.00476,0.004773,6286280.0
2025-04-12 10:45:00+09:00,0.004774,0.004789,0.004771,0.004771,2465381.0
2025-04-12 10:50:00+09:00,0.004771,0.004776,0.004763,0.004763,1497268.0
2025-04-12 10:55:00+09:00,0.004763,0.004774,0.004763,0.004773,1218527.0
2025-04-12 11:00:00+09:00,0.004774,0.0048,0.004772,0.004791,4021053.0
2025-04-12 11:05:00+09:00,0.004792,0.004795,0.004783,0.004787,1862209.0
2025-04-12 11:10:00+09:00,0.004787,0.00479,0.004775,0.004775,1968887.0
2025-04-12 11:15:00+09:00,0.004774,0.004793,0.004771,0.004793,2792495.0
2025-04-12 11:20:00+09:00,0.004793,0.004793,0.004772,0.00478,3822377.0
2025-04-12 11:25:00+09:00,0.00478,0.004788,0.004773,0.004777,1987745.0
2025-04-12 11:30:00+09:00,0.004778,0.004799,0.004775,0.004787,7255602.0
2025-04-12 11:35:00+09:00,0.004787,0.004816,0.004786,0.004816,5050964.0
2025-04-12 11:40:00+09:00,0.004816,0.004829,0.004811,0.004826,4148118.0
2025-04-12 11:45:00+09:00,0.004825,0.004825,0.0048,0.004804,2222388.0
2025-04-12 11:50:00+09:00,0.004804,0.004804,0.004788,0.00479,5437366.0
2025-04-12 11:55:00+09:00,0.004792,0.004801,0.004784,0.004793,3447449.0
2025-04-12 12:00:00+09:00,0.004792,0.004806,0.004787,0.004803,3353437.0
2025-04-12 12:05:00+09:00,0.004804,0.004805,0.00478,0.004792,3891653.0
2025-04-12 12:10:00+09:00,0.004793,0.004794,0.004784,0.004786,1035792.0
2025-04-12 12:15:00+09:00,0.004786,0.004801,0.004769,0.00477,9318646.0
2025-04-12 12:20:00+09:00,0.00477,0.00477,0.004754,0.004769,7912061.0
2025-04-12 12:25:00+09:00,0.00477,0.00477,0.004759,0.004768,2067234.0
2025-04-12 12:30:00+09:00,0.004768,0.004771,0.004761,0.004769,503590.0
2025-04-12 12:35:00+09:00,0.00477,0.004786,0.004766,0.004786,4431960.0
2025-04-12 12:40:00+09:00,0.004785,0.004792,0.004778,0.004789,5936354.0
2025-04-12 12:45:00+09:00,0.004788,0.004809,0.004788,0.004794,8361203.0
2025-04-12 12:50:00+09:00,0.004795,0.004804,0.00479,0.004804,1376145.0
2025-04-12 12:55:00+09:00,0.004805,0.004827,0.004805,0.004826,3693560.0
2025-04-12 13:00:00+09:00,0.004825,0.004831,0.004803,0.004807,10660581.0
2025-04-12 13:05:00+09:00,0.004808,0.004808,0.004789,0.0048,2481893.0
2025-04-12 13:10:00+09:00,0.004802,0.004808,0.004787,0.004787,1479031.0
2025-04-12 13:15:00+09:00,0.004786,0.004791,0.004769,0.004779,4063820.0
2025-04-12 13:20:00+09:00,0.004778,0.004787,0.00477,0.004772,2905999.0
2025-04-12 13:25:00+09:00,0.004772,0.004781,0.00477,0.004781,3887154.0
2025-04-12 13:30:00+09:00,0.004781,0.004826,0.004771,0.004773,37146269.0
2025-04-12 13:35:00+09:00,0.004774,0.004798,0.00476,0.004791,4547537.0
2025-04-12 13:40:00+09:00,0.004792,0.004794,0.004772,0.004779,1793630.0
2025-04-12 13:45:00+09:00,0.004779,0.004785,0.004772,0.004778,4063320.0
2025-04-12 13:50:00+09:00,0.004777,0.004779,0.004763,0.004776,2664993.0
2025-04-12 13:55:00+09:00,0.004777,0.004805,0.004774,0.004805,4714810.0
2025-04-12 14:00:00+09:00,0.004806,0.004832,0.004805,0.004815,12444930.0
2025-04-12 14:05:00+09:00,0.004811,0.004811,0.004788,0.004795,5375041.0
2025-04-12 14:10:00+09:00,0.004797,0.004812,0.004797,0.004807,3486112.0
2025-04-12 14:15:00+09:00,0.004806,0.004864,0.004806,0.004856,11460460.0
2025-04-12 14:20:00+09:00,0.004856,0.004889,0.004856,0.004862,21356683.0
2025-04-12 14:25:00+09:00,0.00486,0.00486,0.00483,0.004841,5997083.0
2025-04-12 14:30:00+09:00,0.004841,0.004877,0.004839,0.004853,15306550.0
2025-04-12 14:35:00+09:00,0.004853,0.004884,0.004847,0.004884,6414686.0
2025-04-12 14:40:00+09:00,0.004884,0.004914,0.004881,0.004885,30549953.0
2025-04-12 14:45:00+09:00,0.004886,0.004887,0.004867,0.004875,7061622.0
2025-04-12 14:50:00+09:00,0.004874,0.004923,0.004874,0.004915,16421949.0
2025-04-12 14:55:00+09:00,0.004915,0.004915,0.004889,0.004911,5055256.0
2025-04-12 15:00:00+09:00,0.004912,0.004924,0.004889,0.004923,12516040.0
2025-04-12 15:05:00+09:00,0.004924,0.004928,0.004889,0.00491,10294670.0
2025-04-12 15:10:00+09:00,0.004908,0.004927,0.0049,0.004927,8220737.0
2025-04-12 15:15:00+09:00,0.004927,0.004938,0.004883,0.004891,7016816.0
2025-04-12 15:20:00+09:00,0.004891,0.004916,0.00488,0.004909,8341298.0
2025-04-12 15:25:00+09:00,0.00491,0.00491,0.004883,0.004892,2303059.0
2025-04-12 15:30:00+09:00,0.004892,0.004901,0.004869,0.004869,5449819.0
2025-04-12 15:35:00+09:00,0.004869,0.004923,0.004864,0.004916,24154748.0
2025-04-12 15:40:00+09:00,0.004915,0.004937,0.004899,0.004935,9604993.0
2025-04-12 15:45:00+09:00,0.004932,0.00496,0.004927,0.004955,13456390.0
2025-04-12 15:50:00+09:00,0.004956,0.004975,0.004918,0.00492,43877981.0
2025-04-12 15:55:00+09:00,0.004917,0.004945,0.004916,0.00494,11103255.0
2025-04-12 16:00:00+09:00,0.004938,0.004965,0.004932,0.004957,6888554.0
2025-04-12 16:05:00+09:00,0.004958,0.004975,0.004941,0.00497,7259135.0
2025-04-12 16:10:00+09:00,0.004971,0.004985,0.004957,0.004984,18654252.0
2025-04-12 16:15:00+09:00,0.004983,0.005028,0.00497,0.005013,27235718.0
2025-04-12 16:20:00+09:00,0.005013,0.005013,0.004989,0.005005,18675833.0
2025-04-12 16:25:00+09:00,0.005004,0.005053,0.004999,0.005033,13777338.0
2025-04-12 16:30:00+09:00,0.005032,0.005035,0.004899,0.004932,47653020.0
2025-04-12 16:35:00+09:00,0.004935,0.004966,0.004935,0.004964,33040186.0
2025-04-12 16:40:00+09:00,0.004965,0.004971,0.00494,0.004956,9715412.0
2025-04-12 16:45:00+09:00,0.004958,0.004975,0.004945,0.004975,6528881.0
2025-04-12 16:50:00+09:00,0.004974,0.005001,0.004971,0.004998,6787799.0
2025-04-12 16:55:00+09:00,0.004997,0.005,0.004941,0.004942,18744003.0
2025-04-12 17:00:00+09:00,0.004941,0.004952,0.004905,0.004935,22798561.0
2025-04-12 17:05:00+09:00,0.004934,0.004946,0.0049,0.004932,37893204.0
2025-04-12 17:10:00+09:00,0.00493,0.004963,0.004926,0.004959,9812538.0
2025-04-12 17:15:00+09:00,0.00496,0.004975,0.004951,0.00497,6713375.0
2025-04-12 17:20:00+09:00,0.00497,0.004983,0.004958,0.00497,15587693.0
2025-04-12 17:25:00+09:00,0.004969,0.005002,0.004962,0.004994,5946399.0
2025-04-12 17:30:00+09:00,0.004994,0.005024,0.004969,0.005024,12266270.0
2025-04-12 17:35:00+09:00,0.005022,0.005046,0.005006,0.005036,8067369.0
2025-04-12 17:40:00+09:00,0.005037,0.005058,0.005027,0.005045,13081419.0
2025-04-12 17:45:00+09:00,0.005042,0.005048,0.00501,0.005012,6451468.0
2025-04-12 17:50:00+09:00,0.005014,0.005028,0.005007,0.005017,6353208.0
2025-04-12 17:55:00+09:00,0.005017,0.005021,0.005001,0.005001,7976923.0
2025-04-12 18:00:00+09:00,0.005003,0.005031,0.005003,0.005016,9602601.0
2025-04-12 18:05:00+09:00,0.005016,0.00503,0.004987,0.004987,7784775.0
2025-04-12 18:10:00+09:00,0.004987,0.004994,0.004965,0.004978,10532824.0
2025-04-12 18:15:00+09:00,0.004977,0.004999,0.004963,0.004979,6792567.0
2025-04-12 18:20:00+09:00,0.004978,0.005005,0.004977,0.004993,11489488.0
2025-04-12 18:25:00+09:00,0.004993,0.004995,0.004966,0.004976,4160286.0
2025-04-12 18:30:00+09:00,0.004977,0.004981,0.004937,0.004954,35082678.0
2025-04-12 18:35:00+09:00,0.004955,0.004972,0.004948,0.004962,16836360.0
2025-04-12 18:40:00+09:00,0.004963,0.005021,0.004963,0.005019,14603961.0
2025-04-12 18:45:00+09:00,0.005016,0.005037,0.005009,0.005035,10303796.0
2025-04-12 18:50:00+09:00,0.005038,0.005053,0.005013,0.005013,6641398.0
2025-04-12 18:55:00+09:00,0.005013,0.005058,0.005013,0.005052,17487511.0
2025-04-12 19:00:00+09:00,0.005051,0.005051,0.005018,0.005029,17018668.0
2025-04-12 19:05:00+09:00,0.005029,0.00511,0.005025,0.005108,18086252.0
2025-04-12 19:10:00+09:00,0.005108,0.005135,0.00509,0.005117,26227711.0
2025-04-12 19:15:00+09:00,0.005118,0.005124,0.005083,0.005096,16845702.0
2025-04-12 19:20:00+09:00,0.005098,0.005106,0.005051,0.005087,49447307.0
2025-04-12 19:25:00+09:00,0.005088,0.005148,0.005085,0.005123,19243735.0
2025-04-12 19:30:00+09:00,0.005128,0.00515,0.005074,0.005075,25626613.0
2025-04-12 19:35:00+09:00,0.005075,0.005075,0.005019,0.005033,11336645.0
2025-04-12 19:40:00+09:00,0.005032,0.005032,0.00499,0.005008,17026952.0
2025-04-12 19:45:00+09:00,0.005009,0.005013,0.004969,0.004994,9206794.0
2025-04-12 19:50:00+09:00,0.004993,0.005006,0.004992,0.005003,4190030.0
2025-04-12 19:55:00+09:00,0.005,0.005057,0.004993,0.005057,16021570.0
2025-04-12 20:00:00+09:00,0.005057,0.005112,0.005056,0.005078,17295218.0
2025-04-12 20:05:00+09:00,0.005079,0.005082,0.005029,0.005037,13342247.0
2025-04-12 20:10:00+09:00,0.005038,0.005104,0.005037,0.005102,11262480.0
2025-04-12 20:15:00+09:00,0.005104,0.005117,0.005076,0.00509,9581070.0
2025-04-12 20:20:00+09:00,0.005091,0.005105,0.00506,0.005104,7083631.0
2025-04-12 20:25:00+09:00,0.005103,0.005154,0.005101,0.005128,22994310.0
2025-04-12 20:30:00+09:00,0.005127,0.005127,0.005086,0.005088,7925271.0
2025-04-12 20:35:00+09:00,0.005089,0.005109,0.005069,0.005109,6790542.0
2025-04-12 20:40:00+09:00,0.00511,0.005123,0.005097,0.005099,4536533.0
2025-04-12 20:45:00+09:00,0.005098,0.005133,0.00509,0.005113,8156652.0
2025-04-12 20:50:00+09:00,0.005114,0.005148,0.005114,0.005124,13853207.0
2025-04-12 20:55:00+09:00,0.005126,0.005136,0.005102,0.005121,10202747.0
2025-04-12 21:00:00+09:00,0.005122,0.005153,0.005105,0.005106,8863075.0
2025-04-12 21:05:00+09:00,0.005104,0.005148,0.005085,0.005144,14579749.0
2025-04-12 21:10:00+09:00,0.005146,0.0052,0.00514,0.005193,29605652.0
2025-04-12 21:15:00+09:00,0.005193,0.00524,0.005167,0.005211,78306007.0
2025-04-12 21:20:00+09:00,0.00521,0.005232,0.005196,0.005212,32056010.0
2025-04-12 21:25:00+09:00,0.005211,0.005219,0.005197,0.005215,20177560.0
2025-04-12 21:30:00+09:00,0.005217,0.005249,0.005179,0.00518,28962800.0
2025-04-12 21:35:00+09:00,0.005178,0.005178,0.005112,0.005136,47427475.0
2025-04-12 21:40:00+09:00,0.005134,0.005173,0.00513,0.005169,15552544.0
2025-04-12 21:45:00+09:00,0.005168,0.005168,0.005121,0.005128,11109417.0
2025-04-12 21:50:00+09:00,0.005127,0.005133,0.005107,0.005121,7819600.0
2025-04-12 21:55:00+09:00,0.005121,0.005124,0.005109,0.005118,7374959.0
2025-04-12 22:00:00+09:00,0.00512,0.005123,0.005091,0.0051,9994706.0
2025-04-12 22:05:00+09:00,0.0051,0.005142,0.005095,0.005141,10467751.0
2025-04-12 22:10:00+09:00,0.005142,0.005193,0.005142,0.005187,14496962.0
2025-04-12 22:15:00+09:00,0.005186,0.005186,0.005148,0.005162,12811368.0
2025-04-12 22:20:00+09:00,0.005163,0.005163,0.005082,0.005101,13218183.0
2025-04-12 22:25:00+09:00,0.005101,0.005153,0.005099,0.005153,6450545.0
2025-04-12 22:30:00+09:00,0.005153,0.005153,0.005114,0.005135,7317109.0
2025-04-12 22:35:00+09:00,0.005135,0.005143,0.005119,0.00514,8993691.0
2025-04-12 22:40:00+09:00,0.005141,0.005175,0.005112,0.005145,39736637.0
2025-04-12 22:45:00+09:00,0.005146,0.00522,0.005145,0.005191,14540912.0
2025-04-12 22:50:00+09:00,0.00519,0.005244,0.005184,0.005239,11999965.0
2025-04-12 22:55:00+09:00,0.005239,0.005259,0.00517,0.005186,39955798.0
2025-04-12 23:00:00+09:00,0.005185,0.00526,0.005169,0.005248,26624478.0
2025-04-12 23:05:00+09:00,0.005245,0.005356,0.005245,0.005355,103192041.0
2025-04-12 23:10:00+09:00,0.005356,0.005526,0.005345,0.005465,200816434.0
2025-04-12 23:15:00+09:00,0.005463,0.0056,0.005456,0.005549,162557686.0
2025-04-12 23:20:00+09:00,0.005551,0.00575,0.005522,0.005745,137662316.0
2025-04-12 23:25:00+09:00,0.005746,0.005822,0.005634,0.005664,120415787.0
2025-04-12 23:30:00+09:00,0.005666,0.005808,0.005654,0.005757,73270067.0
2025-04-12 23:35:00+09:00,0.005756,0.005761,0.00566,0.005683,64486434.0
2025-04-12 23:40:00+09:00,0.005683,0.005691,0.00555,0.005571,94418251.0
2025-04-12 23:45:00+09:00,0.00557,0.005589,0.00551,0.005561,37320732.0
2025-04-12 23:50:00+09:00,0.005564,0.005667,0.005556,0.00565,88549138.0
2025-04-12 23:55:00+09:00,0.005652,0.005695,0.005629,0.00569,50773044.0
2025-04-13 00:00:00+09:00,0.005689,0.005733,0.005665,0.005691,33638173.0
2025-04-13 00:05:00+09:00,0.005692,0.005716,0.005643,0.005697,47636307.0
2025-04-13 00:10:00+09:00,0.005698,0.005736,0.005663,0.005705,39235284.0
2025-04-13 00:15:00+09:00,0.005706,0.005832,0.005706,0.005769,51625781.0
2025-04-13 00:20:00+09:00,0.005768,0.005778,0.005614,0.00564,55337873.0
2025-04-13 00:25:00+09:00,0.005642,0.005779,0.005633,0.005774,36543100.0
2025-04-13 00:30:00+09:00,0.005773,0.005793,0.005726,0.005743,35698495.0
2025-04-13 00:35:00+09:00,0.005741,0.005756,0.005653,0.00566,34403052.0
2025-04-13 00:40:00+09:00,0.00566,0.005682,0.005624,0.005648,22731938.0
2025-04-13 00:45:00+09:00,0.005646,0.005653,0.005578,0.005593,39862411.0
2025-04-13 00:50:00+09:00,0.005594,0.0056,0.005559,0.005571,27233787.0
2025-04-13 00:55:00+09:00,0.005571,0.005589,0.005538,0.005548,51610069.0
2025-04-13 01:00:00+09:00,0.005547,0.005585,0.005505,0.00551,23861140.0
2025-04-13 01:05:00+09:00,0.005509,0.00555,0.00549,0.005538,34668327.0
2025-04-13 01:10:00+09:00,0.005537,0.005545,0.005484,0.005515,21573462.0
2025-04-13 01:15:00+09:00,0.005513,0.005516,0.005473,0.005482,14178516.0
2025-04-13 01:20:00+09:00,0.005482,0.005771,0.005482,0.005761,90442179.0
2025-04-13 01:25:00+09:00,0.00576,0.005929,0.005516,0.005585,272732213.0
2025-04-13 01:30:00+09:00,0.005586,0.00561,0.00553,0.005578,97173388.0
2025-04-13 01:35:00+09:00,0.005577,0.005656,0.005569,0.005595,59561469.0
2025-04-13 01:40:00+09:00,0.005596,0.005611,0.00552,0.005531,41115319.0
2025-04-13 01:45:00+09:00,0.005532,0.00554,0.005424,0.005443,45913741.0
2025-04-13 01:50:00+09:00,0.00544,0.005477,0.005435,0.005463,26277807.0
2025-04-13 01:55:00+09:00,0.00546,0.005471,0.005434,0.00545,13327943.0
2025-04-13 02:00:00+09:00,0.005449,0.005469,0.005413,0.005435,23547604.0
2025-04-13 02:05:00+09:00,0.005435,0.005448,0.005362,0.005369,36630005.0
2025-04-13 02:10:00+09:00,0.00537,0.005397,0.005357,0.005386,20487211.0
2025-04-13 02:15:00+09:00,0.005387,0.005401,0.005359,0.005385,12034178.0
2025-04-13 02:20:00+09:00,0.005384,0.005425,0.005378,0.005404,19370653.0
2025-04-13 02:25:00+09:00,0.005407,0.005411,0.00537,0.005404,16367783.0
2025-04-13 02:30:00+09:00,0.005405,0.005468,0.005404,0.005454,12159455.0
2025-04-13 02:35:00+09:00,0.005452,0.005458,0.005428,0.00543,6782613.0
2025-04-13 02:40:00+09:00,0.005431,0.005431,0.005402,0.005411,8896072.0
2025-04-13 02:45:00+09:00,0.005411,0.005421,0.005392,0.005397,7144105.0
2025-04-13 02:50:00+09:00,0.005397,0.005423,0.005397,0.005407,10674194.0
2025-04-13 02:55:00+09:00,0.005404,0.005406,0.005378,0.005381,29863688.0
2025-04-13 03:00:00+09:00,0.005381,0.005417,0.00537,0.005397,5706214.0
2025-04-13 03:05:00+09:00,0.005394,0.005438,0.005386,0.005438,18125131.0
2025-04-13 03:10:00+09:00,0.00544,0.005442,0.005402,0.005402,2997775.0
2025-04-13 03:15:00+09:00,0.005404,0.005455,0.005395,0.005455,9774934.0
2025-04-13 03:20:00+09:00,0.005454,0.005455,0.00541,0.005424,8165740.0
2025-04-13 03:25:00+09:00,0.005424,0.005502,0.005424,0.005493,21015101.0
2025-04-13 03:30:00+09:00,0.005494,0.005533,0.005488,0.005523,11098331.0
2025-04-13 03:35:00+09:00,0.005521,0.005524,0.005492,0.005505,10578833.0
2025-04-13 03:40:00+09:00,0.005504,0.005508,0.005478,0.005478,5259423.0
2025-04-13 03:45:00+09:00,0.005482,0.005501,0.005469,0.005486,6399306.0
2025-04-13 03:50:00+09:00,0.005486,0.005506,0.005477,0.005478,5376977.0
2025-04-13 03:55:00+09:00,0.005479,0.005495,0.00547,0.005479,10431479.0
2025-04-13 04:00:00+09:00,0.005476,0.00549,0.005448,0.005487,4542291.0
2025-04-13 04:05:00+09:00,0.005487,0.005541,0.005479,0.005541,9299567.0
2025-04-13 04:10:00+09:00,0.005544,0.005575,0.005534,0.005573,6903647.0
2025-04-13 04:15:00+09:00,0.005573,0.005595,0.005566,0.00558,7629018.0
2025-04-13 04:20:00+09:00,0.005581,0.005608,0.005571,0.005585,11653944.0
2025-04-13 04:25:00+09:00,0.005585,0.005589,0.005521,0.005523,11659616.0
2025-04-13 04:30:00+09:00,0.005524,0.005524,0.005475,0.005491,9413948.0
2025-04-13 04:35:00+09:00,0.005491,0.005519,0.005488,0.005509,6669873.0
2025-04-13 04:40:00+09:00,0.00551,0.005511,0.005484,0.005501,8519667.0
2025-04-13 04:45:00+09:00,0.005502,0.00552,0.005474,0.005487,9752915.0
2025-04-13 04:50:00+09:00,0.005489,0.005493,0.005464,0.005475,6945160.0
2025-04-13 04:55:00+09:00,0.005474,0.005475,0.005453,0.005453,5141500.0
2025-04-13 05:00:00+09:00,0.005453,0.005479,0.005417,0.005434,33069081.0
2025-04-13 05:05:00+09:00,0.005437,0.00546,0.005429,0.005429,13000091.0
2025-04-13 05:10:00+09:00,0.005428,0.005441,0.0054,0.005438,9132640.0
2025-04-13 05:15:00+09:00,0.005437,0.005472,0.005431,0.005452,23491814.0
2025-04-13 05:20:00+09:00,0.005451,0.005499,0.005435,0.005494,6722410.0
2025-04-13 05:25:00+09:00,0.005496,0.005515,0.00549,0.005512,6131794.0
2025-04-13 05:30:00+09:00,0.005511,0.005597,0.005507,0.005541,18660506.0
2025-04-13 05:35:00+09:00,0.005541,0.00555,0.005525,0.005537,4494939.0
2025-04-13 05:40:00+09:00,0.005538,0.005596,0.005528,0.005557,21844917.0
2025-04-13 05:45:00+09:00,0.005558,0.005567,0.005512,0.005529,7305271.0
2025-04-13 05:50:00+09:00,0.005527,0.005552,0.005524,0.00555,5024711.0
2025-04-13 05:55:00+09:00,0.005549,0.005559,0.005503,0.005503,5682074.0
2025-04-13 06:00:00+09:00,0.005502,0.005516,0.005471,0.005484,7716499.0
2025-04-13 06:05:00+09:00,0.005483,0.005493,0.005449,0.00545,6363811.0
2025-04-13 06:10:00+09:00,0.00545,0.005489,0.005443,0.005487,2941691.0
2025-04-13 06:15:00+09:00,0.005484,0.005499,0.005461,0.005494,11535898.0
2025-04-13 06:20:00+09:00,0.0055,0.005506,0.005481,0.005505,2221927.0
2025-04-13 06:25:00+09:00,0.005505,0.005513,0.005458,0.005475,3754298.0
2025-04-13 06:30:00+09:00,0.005473,0.005473,0.00544,0.005467,7051069.0
2025-04-13 06:35:00+09:00,0.005463,0.005463,0.005434,0.005434,1545386.0
2025-04-13 06:40:00+09:00,0.005435,0.005437,0.005412,0.005425,2569259.0
2025-04-13 06:45:00+09:00,0.005429,0.005439,0.005426,0.005439,1943401.0
2025-04-13 06:50:00+09:00,0.005439,0.005441,0.005416,0.005436,2253062.0
2025-04-13 06:55:00+09:00,0.005437,0.005441,0.005416,0.005426,2407651.0
2025-04-13 07:00:00+09:00,0.005426,0.005461,0.005425,0.005425,2522286.0
2025-04-13 07:05:00+09:00,0.005427,0.00545,0.00542,0.005423,7148157.0
2025-04-13 07:10:00+09:00,0.005421,0.005451,0.005419,0.005448,2556266.0
2025-04-13 07:15:00+09:00,0.005449,0.005477,0.005445,0.005472,2696562.0
2025-04-13 07:20:00+09:00,0.005471,0.005487,0.005452,0.005452,1809564.0
2025-04-13 07:25:00+09:00,0.005452,0.005453,0.005444,0.005449,1570767.0
2025-04-13 07:30:00+09:00,0.005448,0.00545,0.005425,0.005443,1059050.0
2025-04-13 07:35:00+09:00,0.005445,0.005453,0.005433,0.005433,1787808.0
2025-04-13 07:40:00+09:00,0.005434,0.005446,0.00543,0.005441,2107537.0
2025-04-13 07:45:00+09:00,0.005441,0.005441,0.005415,0.005427,23035228.0
2025-04-13 07:50:00+09:00,0.005429,0.005432,0.005416,0.005423,6083529.0
2025-04-13 07:55:00+09:00,0.005424,0.005443,0.005423,0.005443,659290.0
2025-04-13 08:00:00+09:00,0.005444,0.00545,0.005424,0.005427,1371619.0
2025-04-13 08:05:00+09:00,0.005428,0.005458,0.005428,0.005458,3827739.0
2025-04-13 08:10:00+09:00,0.005459,0.005462,0.005431,0.005437,2685642.0
2025-04-13 08:15:00+09:00,0.005439,0.005463,0.005434,0.005458,2885713.0
2025-04-13 08:20:00+09:00,0.005457,0.005457,0.005409,0.005413,7089462.0
2025-04-13 08:25:00+09:00,0.005414,0.005438,0.005414,0.005437,4171229.0
2025-04-13 08:30:00+09:00,0.005438,0.005446,0.005432,0.005435,2357950.0
2025-04-13 08:35:00+09:00,0.005434,0.005452,0.005424,0.005443,5650111.0
2025-04-13 08:40:00+09:00,0.005441,0.005441,0.005418,0.005428,11564462.0
2025-04-13 08:45:00+09:00,0.005429,0.005451,0.005423,0.005423,2956072.0
2025-04-13 08:50:00+09:00,0.005423,0.005439,0.005423,0.005439,1825497.0
2025-04-13 08:55:00+09:00,0.00544,0.005449,0.005437,0.005446,456907.0
2025-04-13 09:00:00+09:00,0.005447,0.005492,0.005447,0.005488,9804312.0
2025-04-13 09:05:00+09:00,0.005486,0.005506,0.00547,0.005505,2390524.0
2025-04-13 09:10:00+09:00,0.005506,0.005537,0.005498,0.005532,28651917.0
2025-04-13 09:15:00+09:00,0.005533,0.00555,0.005519,0.005519,3986692.0
2025-04-13 09:20:00+09:00,0.005519,0.005527,0.005485,0.00551,31069162.0
2025-04-13 09:25:00+09:00,0.005509,0.005515,0.005486,0.005504,3481315.0
2025-04-13 09:30:00+09:00,0.005503,0.005518,0.00549,0.00551,5789083.0
2025-04-13 09:35:00+09:00,0.005509,0.005509,0.005472,0.005477,4995424.0
2025-04-13 09:40:00+09:00,0.005474,0.00551,0.005473,0.005484,4273072.0
2025-04-13 09:45:00+09:00,0.005483,0.0055,0.005482,0.005497,3150044.0
2025-04-13 09:50:00+09:00,0.005496,0.005519,0.005493,0.005511,2004326.0
2025-04-13 09:55:00+09:00,0.00551,0.005543,0.005506,0.005543,4845565.0
2025-04-13 10:00:00+09:00,0.005543,0.005555,0.00548,0.00548,10780449.0
2025-04-13 10:05:00+09:00,0.005479,0.005494,0.005473,0.005491,5871368.0
2025-04-13 10:10:00+09:00,0.00549,0.005524,0.00549,0.005503,5402174.0
2025-04-13 10:15:00+09:00,0.005503,0.005517,0.005463,0.005463,5724239.0
2025-04-13 10:20:00+09:00,0.005462,0.005481,0.005453,0.005476,5089642.0
2025-04-13 10:25:00+09:00,0.005475,0.005483,0.005458,0.005471,1223493.0
2025-04-13 10:30:00+09:00,0.005471,0.005483,0.005442,0.005466,3686041.0
2025-04-13 10:35:00+09:00,0.005467,0.005467,0.005414,0.005419,5918105.0
2025-04-13 10:40:00+09:00,0.005419,0.005459,0.005417,0.005455,4359773.0
2025-04-13 10:45:00+09:00,0.005454,0.005464,0.005401,0.005436,9419123.0
2025-04-13 10:50:00+09:00,0.005435,0.005435,0.00542,0.005429,2066937.0
2025-04-13 10:55:00+09:00,0.005426,0.00543,0.005403,0.005416,12360417.0
2025-04-13 11:00:00+09:00,0.005415,0.005453,0.005415,0.005445,2143392.0
2025-04-13 11:05:00+09:00,0.005445,0.005445,0.00539,0.005405,11274096.0
2025-04-13 11:10:00+09:00,0.005407,0.005411,0.005398,0.005399,2644451.0
2025-04-13 11:15:00+09:00,0.0054,0.005424,0.005392,0.005418,1968554.0
2025-04-13 11:20:00+09:00,0.005417,0.005422,0.005408,0.005422,2296560.0
2025-04-13 11:25:00+09:00,0.00542,0.005429,0.005373,0.00541,24960242.0
2025-04-13 11:30:00+09:00,0.005409,0.005449,0.005409,0.005443,3698819.0
2025-04-13 11:35:00+09:00,0.005442,0.005474,0.005441,0.00547,4153724.0
2025-04-13 11:40:00+09:00,0.005471,0.005506,0.005468,0.00547,3866876.0
2025-04-13 11:45:00+09:00,0.00547,0.005476,0.005451,0.005473,4473505.0
2025-04-13 11:50:00+09:00,0.005474,0.005501,0.005473,0.005494,6745091.0
2025-04-13 11:55:00+09:00,0.005495,0.00552,0.005486,0.005505,9062596.0
2025-04-13 12:00:00+09:00,0.005505,0.005515,0.005484,0.005484,3156356.0
2025-04-13 12:05:00+09:00,0.005483,0.00549,0.005471,0.005481,3093378.0
2025-04-13 12:10:00+09:00,0.005482,0.005494,0.005453,0.005472,22157733.0
2025-04-13 12:15:00+09:00,0.005474,0.005478,0.005454,0.005454,1512838.0
2025-04-13 12:20:00+09:00,0.005455,0.005466,0.005436,0.005437,2792838.0
2025-04-13 12:25:00+09:00,0.005437,0.005452,0.005434,0.005445,2707529.0
2025-04-13 12:30:00+09:00,0.005446,0.005454,0.005438,0.005449,2040561.0
2025-04-13 12:35:00+09:00,0.005449,0.005464,0.005422,0.005422,4083278.0
2025-04-13 12:40:00+09:00,0.005421,0.005438,0.005417,0.005438,1426587.0
2025-04-13 12:45:00+09:00,0.00544,0.005441,0.005427,0.005427,2228725.0
2025-04-13 12:50:00+09:00,0.005426,0.005443,0.005424,0.005438,2023590.0
2025-04-13 12:55:00+09:00,0.005439,0.005451,0.005435,0.005449,2396199.0
2025-04-13 13:00:00+09:00,0.00545,0.005504,0.00545,0.005502,9456609.0
2025-04-13 13:05:00+09:00,0.005501,0.005508,0.005467,0.005468,7040396.0
2025-04-13 13:10:00+09:00,0.005467,0.005485,0.005458,0.005465,2853951.0
2025-04-13 13:15:00+09:00,0.005466,0.005475,0.005442,0.005464,18672127.0
2025-04-13 13:20:00+09:00,0.005467,0.005502,0.005461,0.0055,6023486.0
2025-04-13 13:25:00+09:00,0.0055,0.0055,0.005478,0.005494,3572354.0
2025-04-13 13:30:00+09:00,0.005493,0.005513,0.005475,0.005494,5632051.0
2025-04-13 13:35:00+09:00,0.005494,0.005506,0.005487,0.005498,7380924.0
2025-04-13 13:40:00+09:00,0.005497,0.005521,0.005479,0.005518,4957199.0
2025-04-13 13:45:00+09:00,0.005518,0.005531,0.005481,0.005481,11890486.0
2025-04-13 13:50:00+09:00,0.005479,0.00549,0.005463,0.005482,9041031.0
2025-04-13 13:55:00+09:00,0.005483,0.005485,0.005458,0.005473,4067052.0
2025-04-13 14:00:00+09:00,0.005472,0.005523,0.005472,0.005489,30095539.0
2025-04-13 14:05:00+09:00,0.005489,0.005509,0.005475,0.005489,10535801.0
2025-04-13 14:10:00+09:00,0.00549,0.005521,0.005478,0.005509,17123837.0
2025-04-13 14:15:00+09:00,0.00551,0.005533,0.005486,0.005523,5663425.0
2025-04-13 14:20:00+09:00,0.005522,0.005553,0.005517,0.005532,13131215.0
2025-04-13 14:25:00+09:00,0.005532,0.005558,0.005525,0.005541,5078820.0
2025-04-13 14:30:00+09:00,0.005542,0.005581,0.00554,0.005551,13082639.0
2025-04-13 14:35:00+09:00,0.00555,0.005607,0.00553,0.005599,29373045.0
2025-04-13 14:40:00+09:00,0.005598,0.005599,0.005566,0.005586,32270307.0
2025-04-13 14:45:00+09:00,0.005586,0.005589,0.005556,0.00558,6999187.0
2025-04-13 14:50:00+09:00,0.00558,0.005589,0.00556,0.005561,5331567.0
2025-04-13 14:55:00+09:00,0.005561,0.005608,0.005561,0.005596,9661381.0
2025-04-13 15:00:00+09:00,0.005597,0.005635,0.005585,0.005616,13783466.0
2025-04-13 15:05:00+09:00,0.005616,0.005644,0.005527,0.005565,77903227.0
2025-04-13 15:10:00+09:00,0.005566,0.005598,0.005557,0.005574,7290115.0
2025-04-13 15:15:00+09:00,0.005573,0.005577,0.005536,0.005565,6115783.0
2025-04-13 15:20:00+09:00,0.005561,0.005571,0.005544,0.005565,3524898.0
2025-04-13 15:25:00+09:00,0.005565,0.005593,0.005563,0.005581,1283004.0
2025-04-13 15:30:00+09:00,0.005581,0.005595,0.005553,0.005557,9081124.0
2025-04-13 15:35:00+09:00,0.005556,0.005556,0.005521,0.005524,20818258.0
2025-04-13 15:40:00+09:00,0.005522,0.005528,0.005511,0.005512,5476438.0
2025-04-13 15:45:00+09:00,0.005511,0.00553,0.00551,0.005524,3171079.0
2025-04-13 15:50:00+09:00,0.005524,0.005531,0.005512,0.005515,1604551.0
2025-04-13 15:55:00+09:00,0.005515,0.005515,0.005476,0.005476,6610569.0
2025-04-13 16:00:00+09:00,0.005475,0.005484,0.005457,0.005482,7201029.0
2025-04-13 16:05:00+09:00,0.005481,0.005489,0.005465,0.005465,1730509.0
2025-04-13 16:10:00+09:00,0.005465,0.005476,0.005426,0.005429,11900360.0
2025-04-13 16:15:00+09:00,0.00543,0.005456,0.005426,0.005445,12531145.0
2025-04-13 16:20:00+09:00,0.005445,0.005451,0.005439,0.005444,8748981.0
2025-04-13 16:25:00+09:00,0.005443,0.005443,0.005429,0.005434,3927573.0
2025-04-13 16:30:00+09:00,0.005434,0.005447,0.005424,0.005441,6186978.0
2025-04-13 16:35:00+09:00,0.005441,0.005454,0.005438,0.00544,4645090.0
2025-04-13 16:40:00+09:00,0.005441,0.005451,0.005388,0.005406,39972164.0
2025-04-13 16:45:00+09:00,0.005405,0.005418,0.0054,0.005403,6178051.0
2025-04-13 16:50:00+09:00,0.005404,0.005409,0.0054,0.005402,5532574.0
2025-04-13 16:55:00+09:00,0.005402,0.00542,0.005401,0.005415,2251144.0
2025-04-13 17:00:00+09:00,0.005414,0.005436,0.00541,0.005425,4321453.0
2025-04-13 17:05:00+09:00,0.005424,0.005432,0.005409,0.005428,3474941.0
2025-04-13 17:10:00+09:00,0.005427,0.005437,0.005423,0.005433,2608496.0
2025-04-13 17:15:00+09:00,0.005432,0.005446,0.005424,0.005435,3564191.0
2025-04-13 17:20:00+09:00,0.005435,0.005442,0.005405,0.005415,3094981.0
2025-04-13 17:25:00+09:00,0.005415,0.005423,0.00541,0.005422,3356456.0
2025-04-13 17:30:00+09:00,0.005421,0.005446,0.005417,0.005436,3137665.0
2025-04-13 17:35:00+09:00,0.005435,0.005445,0.005424,0.005442,2217837.0
2025-04-13 17:40:00+09:00,0.005441,0.005441,0.005417,0.005418,1071404.0
2025-04-13 17:45:00+09:00,0.005419,0.005446,0.005419,0.005446,1840837.0
2025-04-13 17:50:00+09:00,0.005449,0.005466,0.00544,0.005466,815967.0
2025-04-13 17:55:00+09:00,0.005467,0.005479,0.005464,0.005477,1998024.0
2025-04-13 18:00:00+09:00,0.005477,0.005512,0.005477,0.005506,8004046.0
2025-04-13 18:05:00+09:00,0.005506,0.005526,0.005489,0.005514,5916804.0
2025-04-13 18:10:00+09:00,0.005511,0.005536,0.005508,0.005526,5094732.0
2025-04-13 18:15:00+09:00,0.005525,0.005533,0.005513,0.005533,2157060.0
2025-04-13 18:20:00+09:00,0.005533,0.005564,0.005518,0.005526,6858666.0
2025-04-13 18:25:00+09:00,0.005526,0.005532,0.005514,0.005523,4656005.0
2025-04-13 18:30:00+09:00,0.005524,0.005527,0.005501,0.005505,7314415.0
2025-04-13 18:35:00+09:00,0.005507,0.005516,0.005495,0.005496,3078318.0
2025-04-13 18:40:00+09:00,0.005495,0.005501,0.005487,0.005491,2114023.0
2025-04-13 18:45:00+09:00,0.00549,0.005496,0.005481,0.005494,3655432.0
2025-04-13 18:50:00+09:00,0.005494,0.005508,0.00548,0.005484,5214832.0
2025-04-13 18:55:00+09:00,0.005486,0.005491,0.005472,0.005476,3343003.0
2025-04-13 19:00:00+09:00,0.005475,0.005507,0.005474,0.005502,4260900.0
2025-04-13 19:05:00+09:00,0.005501,0.005507,0.005491,0.005506,990681.0
2025-04-13 19:10:00+09:00,0.005506,0.005513,0.005497,0.005505,3091770.0
2025-04-13 19:15:00+09:00,0.005504,0.005512,0.005497,0.005512,7376764.0
2025-04-13 19:20:00+09:00,0.005513,0.005531,0.005504,0.005523,3986538.0
2025-04-13 19:25:00+09:00,0.005522,0.005522,0.005481,0.005484,8988334.0
2025-04-13 19:30:00+09:00,0.005483,0.005509,0.005477,0.005501,2928578.0
2025-04-13 19:35:00+09:00,0.005501,0.005527,0.005498,0.005527,5661368.0
2025-04-13 19:40:00+09:00,0.005526,0.005543,0.005522,0.00553,6944912.0
2025-04-13 19:45:00+09:00,0.005531,0.005545,0.00552,0.005542,3490151.0
2025-04-13 19:50:00+09:00,0.005541,0.005554,0.005529,0.005533,1635285.0
2025-04-13 19:55:00+09:00,0.005533,0.005542,0.005521,0.00554,7442410.0
2025-04-13 20:00:00+09:00,0.00554,0.005574,0.00554,0.005549,29245043.0
2025-04-13 20:05:00+09:00,0.005549,0.005584,0.005545,0.005579,3747856.0
2025-04-13 20:10:00+09:00,0.005579,0.005588,0.005555,0.005571,3030102.0
2025-04-13 20:15:00+09:00,0.005569,0.005569,0.005527,0.005537,23688859.0
2025-04-13 20:20:00+09:00,0.005538,0.005539,0.005492,0.005505,15881628.0
2025-04-13 20:25:00+09:00,0.005504,0.005504,0.005478,0.00548,3287000.0
2025-04-13 20:30:00+09:00,0.005478,0.005491,0.005461,0.005479,3049657.0
2025-04-13 20:35:00+09:00,0.005478,0.005494,0.005472,0.005493,943097.0
2025-04-13 20:40:00+09:00,0.005492,0.0055,0.00548,0.0055,1168279.0
2025-04-13 20:45:00+09:00,0.005501,0.005506,0.005458,0.005462,5137292.0
2025-04-13 20:50:00+09:00,0.005465,0.005492,0.005461,0.005488,2492235.0
2025-04-13 20:55:00+09:00,0.005488,0.005508,0.005484,0.005484,2215375.0
2025-04-13 21:00:00+09:00,0.00548,0.005491,0.005465,0.005468,3574715.0
2025-04-13 21:05:00+09:00,0.005467,0.005478,0.005455,0.005472,3435256.0
2025-04-13 21:10:00+09:00,0.005471,0.005482,0.005459,0.005459,6718214.0
2025-04-13 21:15:00+09:00,0.005458,0.005487,0.005443,0.005487,4423319.0
2025-04-13 21:20:00+09:00,0.005487,0.005497,0.005456,0.005458,6211994.0
2025-04-13 21:25:00+09:00,0.005459,0.005467,0.005446,0.005467,2369196.0
2025-04-13 21:30:00+09:00,0.005466,0.005476,0.005445,0.005462,2533100.0
2025-04-13 21:35:00+09:00,0.005463,0.005485,0.005459,0.005459,2497286.0
2025-04-13 21:40:00+09:00,0.005459,0.00549,0.005459,0.005477,2316710.0
2025-04-13 21:45:00+09:00,0.005477,0.005503,0.005477,0.0055,2167952.0
2025-04-13 21:50:00+09:00,0.005499,0.005518,0.005497,0.005508,3068463.0
2025-04-13 21:55:00+09:00,0.005509,0.005511,0.005483,0.005489,1863863.0
2025-04-13 22:00:00+09:00,0.005488,0.005517,0.005486,0.005488,2266438.0
2025-04-13 22:05:00+09:00,0.005487,0.005502,0.005478,0.005496,6284427.0
2025-04-13 22:10:00+09:00,0.005495,0.005501,0.005478,0.005496,699125.0
2025-04-13 22:15:00+09:00,0.005496,0.005512,0.005468,0.005471,3160778.0
2025-04-13 22:20:00+09:00,0.005471,0.005471,0.005425,0.005428,32252324.0
2025-04-13 22:25:00+09:00,0.005429,0.005442,0.00542,0.005436,2543390.0
2025-04-13 22:30:00+09:00,0.005435,0.005441,0.005427,0.005427,1266193.0
2025-04-13 22:35:00+09:00,0.005425,0.005425,0.005401,0.005416,7271253.0
2025-04-13 22:40:00+09:00,0.005415,0.005418,0.005383,0.005386,10215235.0
2025-04-13 22:45:00+09:00,0.005385,0.005386,0.005339,0.005343,26723403.0
2025-04-13 22:50:00+09:00,0.005344,0.005348,0.005284,0.005291,29324764.0
2025-04-13 22:55:00+09:00,0.00529,0.005298,0.005247,0.005278,27009463.0
2025-04-13 23:00:00+09:00,0.005278,0.005315,0.005269,0.005315,12539933.0
2025-04-13 23:05:00+09:00,0.005314,0.005318,0.005285,0.005312,9075053.0
2025-04-13 23:10:00+09:00,0.005311,0.005328,0.005286,0.005287,18221863.0
2025-04-13 23:15:00+09:00,0.005288,0.005299,0.005256,0.005267,18738315.0
2025-04-13 23:20:00+09:00,0.005268,0.005275,0.005252,0.005267,10015429.0
2025-04-13 23:25:00+09:00,0.005268,0.005291,0.00526,0.005288,4328821.0
2025-04-13 23:30:00+09:00,0.005287,0.005294,0.005268,0.005284,4833426.0
2025-04-13 23:35:00+09:00,0.005283,0.005303,0.005267,0.005282,7944498.0
2025-04-13 23:40:00+09:00,0.005281,0.005309,0.005281,0.005302,2947574.0
2025-04-13 23:45:00+09:00,0.005303,0.005307,0.005293,0.005306,4906776.0
2025-04-13 23:50:00+09:00,0.005306,0.005315,0.005304,0.005304,1222647.0
2025-04-13 23:55:00+09:00,0.005304,0.005318,0.005304,0.005314,783469.0
2025-04-14 00:00:00+09:00,0.005313,0.005317,0.005263,0.005267,7261953.0
2025-04-14 00:05:00+09:00,0.005268,0.005273,0.005244,0.005267,13656600.0
2025-04-14 00:10:00+09:00,0.005267,0.005278,0.005257,0.005263,3578455.0
2025-04-14 00:15:00+09:00,0.005262,0.005273,0.005236,0.005238,13856852.0
2025-04-14 00:20:00+09:00,0.005238,0.005254,0.005227,0.005229,3638783.0
2025-04-14 00:25:00+09:00,0.005226,0.005239,0.005222,0.005239,7372008.0
2025-04-14 00:30:00+09:00,0.005238,0.00525,0.005193,0.005202,61557836.0
2025-04-14 00:35:00+09:00,0.005203,0.005238,0.0052,0.00523,5744904.0
2025-04-14 00:40:00+09:00,0.005229,0.005231,0.005209,0.005209,6215209.0
2025-04-14 00:45:00+09:00,0.005209,0.005218,0.005207,0.005218,4173867.0
2025-04-14 00:50:00+09:00,0.005218,0.005233,0.005218,0.005225,2514778.0
2025-04-14 00:55:00+09:00,0.005225,0.005226,0.005218,0.005219,2000466.0
2025-04-14 01:00:00+09:00,0.005218,0.005253,0.005216,0.005248,5353198.0
2025-04-14 01:05:00+09:00,0.005247,0.005247,0.005205,0.005219,16095726.0
2025-04-14 01:10:00+09:00,0.005219,0.005238,0.005201,0.005238,2037308.0
2025-04-14 01:15:00+09:00,0.005238,0.005285,0.005238,0.005279,6717171.0
2025-04-14 01:20:00+09:00,0.00528,0.005301,0.005269,0.005301,6793210.0
2025-04-14 01:25:00+09:00,0.005301,0.005309,0.005277,0.005281,6970982.0
2025-04-14 01:30:00+09:00,0.005282,0.005282,0.005251,0.005262,2204654.0
2025-04-14 01:35:00+09:00,0.005262,0.00527,0.005248,0.005259,16695560.0
2025-04-14 01:40:00+09:00,0.00526,0.005268,0.005258,0.005264,1430284.0
2025-04-14 01:45:00+09:00,0.005265,0.005278,0.005259,0.005263,2034928.0
2025-04-14 01:50:00+09:00,0.005263,0.005285,0.005259,0.005282,12149684.0
2025-04-14 01:55:00+09:00,0.005283,0.005296,0.005282,0.005289,1844850.0
2025-04-14 02:00:00+09:00,0.00529,0.005303,0.005286,0.005294,2267376.0
2025-04-14 02:05:00+09:00,0.005292,0.005326,0.005288,0.005324,3655650.0
2025-04-14 02:10:00+09:00,0.005323,0.00533,0.005316,0.005322,1629200.0
2025-04-14 02:15:00+09:00,0.005321,0.00533,0.005297,0.005326,11262978.0
2025-04-14 02:20:00+09:00,0.005327,0.005365,0.005327,0.005356,29587054.0
2025-04-14 02:25:00+09:00,0.005357,0.005357,0.005332,0.005343,2835005.0
2025-04-14 02:30:00+09:00,0.005343,0.005343,0.005308,0.005308,4171216.0
2025-04-14 02:35:00+09:00,0.00531,0.005322,0.005307,0.005319,2275870.0
2025-04-14 02:40:00+09:00,0.005318,0.005386,0.005317,0.005386,5839255.0
2025-04-14 02:45:00+09:00,0.005385,0.005391,0.005358,0.005363,12672265.0
2025-04-14 02:50:00+09:00,0.005362,0.005386,0.00536,0.005386,4163571.0
2025-04-14 02:55:00+09:00,0.005386,0.005401,0.00538,0.005386,3414638.0
2025-04-14 03:00:00+09:00,0.005386,0.005426,0.005386,0.005414,12931563.0
2025-04-14 03:05:00+09:00,0.005415,0.005449,0.005401,0.005425,6992797.0
2025-04-14 03:10:00+09:00,0.005426,0.005436,0.005414,0.00542,3328538.0
2025-04-14 03:15:00+09:00,0.005419,0.005421,0.005368,0.005394,9981472.0
2025-04-14 03:20:00+09:00,0.005395,0.005395,0.005364,0.005366,3067960.0
2025-04-14 03:25:00+09:00,0.005366,0.005411,0.005354,0.005398,5504946.0
2025-04-14 03:30:00+09:00,0.005399,0.005419,0.00538,0.0054,26155358.0
2025-04-14 03:35:00+09:00,0.0054,0.005454,0.0054,0.005448,10654628.0
2025-04-14 03:40:00+09:00,0.005446,0.005465,0.005434,0.005446,9099543.0
2025-04-14 03:45:00+09:00,0.005445,0.005485,0.005444,0.005452,8982135.0
2025-04-14 03:50:00+09:00,0.005451,0.005466,0.005434,0.005457,4949170.0
2025-04-14 03:55:00+09:00,0.005458,0.005458,0.005415,0.00542,7192389.0
2025-04-14 04:00:00+09:00,0.005419,0.005444,0.005413,0.005426,8075240.0
2025-04-14 04:05:00+09:00,0.005427,0.005427,0.005381,0.005393,11026163.0
2025-04-14 04:10:00+09:00,0.005393,0.005416,0.005388,0.005415,10205526.0
2025-04-14 04:15:00+09:00,0.005415,0.005415,0.00536,0.005412,24139413.0
2025-04-14 04:20:00+09:00,0.005409,0.005412,0.005365,0.005379,6599968.0
2025-04-14 04:25:00+09:00,0.005378,0.005383,0.005355,0.005365,3671509.0
2025-04-14 04:30:00+09:00,0.005367,0.005388,0.005336,0.005345,17403341.0
2025-04-14 04:35:00+09:00,0.005345,0.005346,0.005199,0.005215,37403328.0
2025-04-14 04:40:00+09:00,0.005216,0.00524,0.005155,0.005175,96973226.0
2025-04-14 04:45:00+09:00,0.005174,0.005215,0.005157,0.005215,10784762.0
2025-04-14 04:50:00+09:00,0.005216,0.005243,0.005185,0.005209,12424932.0
2025-04-14 04:55:00+09:00,0.005209,0.005216,0.005181,0.005195,8359777.0
2025-04-14 05:00:00+09:00,0.005196,0.005202,0.005147,0.005193,14935749.0
2025-04-14 05:05:00+09:00,0.005191,0.005207,0.005144,0.005144,16794550.0
2025-04-14 05:10:00+09:00,0.005145,0.005192,0.005132,0.005164,7092438.0
2025-04-14 05:15:00+09:00,0.005162,0.005187,0.005151,0.005167,4788028.0
2025-04-14 05:20:00+09:00,0.005168,0.005186,0.005161,0.005174,3494767.0
2025-04-14 05:25:00+09:00,0.005173,0.005176,0.005142,0.005144,3340611.0
2025-04-14 05:30:00+09:00,0.005145,0.005145,0.005107,0.005127,6281081.0
2025-04-14 05:35:00+09:00,0.005128,0.005129,0.005055,0.005055,13407180.0
2025-04-14 05:40:00+09:00,0.005054,0.005058,0.005027,0.00503,15288128.0
2025-04-14 05:45:00+09:00,0.00503,0.00507,0.00503,0.005062,7511689.0
2025-04-14 05:50:00+09:00,0.005062,0.005074,0.005045,0.005057,2104794.0
2025-04-14 05:55:00+09:00,0.005057,0.005085,0.005044,0.00508,2069298.0
2025-04-14 06:00:00+09:00,0.00508,0.005084,0.005007,0.005008,17787216.0
2025-04-14 06:05:00+09:00,0.005008,0.005017,0.004974,0.005008,18517032.0
2025-04-14 06:10:00+09:00,0.005008,0.005015,0.004994,0.005007,4859466.0
2025-04-14 06:15:00+09:00,0.00501,0.005033,0.004983,0.005031,3151363.0
2025-04-14 06:20:00+09:00,0.005028,0.005028,0.004979,0.004993,3783304.0
2025-04-14 06:25:00+09:00,0.004992,0.004992,0.004945,0.004975,12085503.0
2025-04-14 06:30:00+09:00,0.004977,0.005024,0.004972,0.00501,11222410.0
2025-04-14 06:35:00+09:00,0.005008,0.005008,0.00495,0.004958,26285920.0
2025-04-14 06:40:00+09:00,0.004961,0.00498,0.004911,0.004955,43792343.0
2025-04-14 06:45:00+09:00,0.004955,0.004971,0.004951,0.004963,2120475.0
2025-04-14 06:50:00+09:00,0.004965,0.004993,0.004963,0.004988,4056498.0
2025-04-14 06:55:00+09:00,0.004989,0.005011,0.004966,0.004966,2338135.0
2025-04-14 07:00:00+09:00,0.004967,0.00499,0.004942,0.004962,4190733.0
2025-04-14 07:05:00+09:00,0.004963,0.004967,0.004919,0.004946,3631136.0
2025-04-14 07:10:00+09:00,0.004947,0.00495,0.004927,0.004934,1164254.0
2025-04-14 07:15:00+09:00,0.004933,0.004965,0.004929,0.004953,4770447.0
2025-04-14 07:20:00+09:00,0.00495,0.004972,0.004946,0.004969,1553828.0
2025-04-14 07:25:00+09:00,0.004967,0.004967,0.004939,0.004952,783806.0
2025-04-14 07:30:00+09:00,0.004952,0.004966,0.004899,0.004907,13718351.0
2025-04-14 07:35:00+09:00,0.004906,0.004927,0.004902,0.004909,7163868.0
2025-04-14 07:40:00+09:00,0.004909,0.004925,0.004899,0.004903,2073233.0
2025-04-14 07:45:00+09:00,0.004901,0.004924,0.004896,0.004911,20656802.0
2025-04-14 07:50:00+09:00,0.004912,0.004924,0.004889,0.004889,30254175.0
2025-04-14 07:55:00+09:00,0.00489,0.004894,0.004871,0.004885,5118770.0
2025-04-14 08:00:00+09:00,0.004886,0.004927,0.004881,0.004903,3948235.0
2025-04-14 08:05:00+09:00,0.004902,0.004913,0.004891,0.004906,2897078.0
2025-04-14 08:10:00+09:00,0.004906,0.00495,0.004906,0.004931,7019833.0
2025-04-14 08:15:00+09:00,0.00493,0.004933,0.004914,0.004921,824131.0
2025-04-14 08:20:00+09:00,0.004921,0.004923,0.00491,0.004921,1010585.0
2025-04-14 08:25:00+09:00,0.004921,0.004938,0.004913,0.004938,1309823.0
2025-04-14 08:30:00+09:00,0.004939,0.004947,0.004921,0.004927,1227734.0
2025-04-14 08:35:00+09:00,0.004927,0.004928,0.004906,0.004914,1070382.0
2025-04-14 08:40:00+09:00,0.004914,0.004942,0.004912,0.004941,2748782.0
2025-04-14 08:45:00+09:00,0.004941,0.004987,0.004941,0.004987,4094708.0
2025-04-14 08:50:00+09:00,0.004985,0.004998,0.004949,0.00497,15237152.0
2025-04-14 08:55:00+09:00,0.004974,0.00498,0.004956,0.004973,9709346.0
2025-04-14 09:00:00+09:00,0.004975,0.004979,0.00494,0.004943,2727055.0
2025-04-14 09:05:00+09:00,0.00494,0.004962,0.004923,0.004962,2022220.0
2025-04-14 09:10:00+09:00,0.004962,0.004969,0.00494,0.004963,1806842.0
2025-04-14 09:15:00+09:00,0.004964,0.005065,0.004964,0.005034,21306590.0
2025-04-14 09:20:00+09:00,0.005034,0.005089,0.005032,0.005077,15330498.0
2025-04-14 09:25:00+09:00,0.005077,0.005112,0.00507,0.005108,10088923.0
2025-04-14 09:30:00+09:00,0.005106,0.005115,0.005068,0.005068,8109554.0
2025-04-14 09:35:00+09:00,0.005068,0.005074,0.005024,0.00505,10309264.0
2025-04-14 09:40:00+09:00,0.005051,0.005076,0.005034,0.00506,2825014.0
2025-04-14 09:45:00+09:00,0.005062,0.005073,0.005026,0.005047,4576767.0
2025-04-14 09:50:00+09:00,0.005046,0.005058,0.005014,0.005014,4776059.0
2025-04-14 09:55:00+09:00,0.005014,0.005025,0.004999,0.005025,3268070.0
2025-04-14 10:00:00+09:00,0.005024,0.00506,0.005021,0.005043,5277972.0
2025-04-14 10:05:00+09:00,0.005044,0.005076,0.005027,0.00505,14025110.0
2025-04-14 10:10:00+09:00,0.00505,0.00505,0.005027,0.00504,1499290.0
2025-04-14 10:15:00+09:00,0.005039,0.005063,0.005039,0.005047,1170352.0
2025-04-14 10:20:00+09:00,0.00505,0.00508,0.005044,0.005076,3447324.0
2025-04-14 10:25:00+09:00,0.005075,0.005093,0.005065,0.005071,4040057.0
2025-04-14 10:30:00+09:00,0.005073,0.005094,0.005038,0.005047,5807956.0
2025-04-14 10:35:00+09:00,0.005049,0.005065,0.005017,0.005022,3759066.0
2025-04-14 10:40:00+09:00,0.005022,0.005054,0.005017,0.005049,5204025.0
2025-04-14 10:45:00+09:00,0.005049,0.005074,0.005046,0.005057,3340027.0
2025-04-14 10:50:00+09:00,0.005058,0.005078,0.005042,0.005065,2741931.0
2025-04-14 10:55:00+09:00,0.005066,0.00507,0.005047,0.005059,5564758.0
2025-04-14 11:00:00+09:00,0.00506,0.005061,0.005024,0.00504,2168472.0
2025-04-14 11:05:00+09:00,0.005039,0.005076,0.005028,0.00506,4218285.0
2025-04-14 11:10:00+09:00,0.005063,0.005073,0.00503,0.005039,5059970.0
2025-04-14 11:15:00+09:00,0.005039,0.005049,0.005025,0.005045,2708021.0
2025-04-14 11:20:00+09:00,0.005046,0.005069,0.005032,0.005069,10500629.0
2025-04-14 11:25:00+09:00,0.005066,0.005154,0.005066,0.005149,7480693.0
2025-04-14 11:30:00+09:00,0.00515,0.00527,0.005147,0.00522,24964384.0
2025-04-14 11:35:00+09:00,0.005219,0.005262,0.005151,0.005159,52106183.0
2025-04-14 11:40:00+09:00,0.005159,0.005185,0.005126,0.005135,7694468.0
2025-04-14 11:45:00+09:00,0.005136,0.005185,0.005133,0.005163,5979787.0
2025-04-14 11:50:00+09:00,0.005164,0.005165,0.005138,0.005141,4244523.0
2025-04-14 11:55:00+09:00,0.005138,0.005143,0.005105,0.00511,2159414.0
2025-04-14 12:00:00+09:00,0.00511,0.005122,0.00507,0.005099,22567754.0
2025-04-14 12:05:00+09:00,0.0051,0.005113,0.005073,0.005085,7253754.0
2025-04-14 12:10:00+09:00,0.005085,0.005101,0.005077,0.005086,1851916.0
2025-04-14 12:15:00+09:00,0.005088,0.005096,0.005064,0.005075,1285583.0
2025-04-14 12:20:00+09:00,0.005075,0.005079,0.005053,0.005061,2282057.0
2025-04-14 12:25:00+09:00,0.005061,0.005092,0.005016,0.005047,57374139.0
2025-04-14 12:30:00+09:00,0.00505,0.005075,0.005027,0.005071,4555746.0
2025-04-14 12:35:00+09:00,0.005071,0.005084,0.005038,0.005047,7686477.0
2025-04-14 12:40:00+09:00,0.005044,0.005062,0.005033,0.005062,905211.0
2025-04-14 12:45:00+09:00,0.005061,0.005069,0.005037,0.005039,2527449.0
2025-04-14 12:50:00+09:00,0.005036,0.005043,0.005022,0.005041,1140153.0
2025-04-14 12:55:00+09:00,0.00504,0.005043,0.005023,0.00504,393776.0
2025-04-14 13:00:00+09:00,0.005041,0.005045,0.005023,0.005039,1238454.0
2025-04-14 13:05:00+09:00,0.005036,0.005045,0.005018,0.005026,1621734.0
2025-04-14 13:10:00+09:00,0.005028,0.005042,0.005023,0.005038,3436618.0
2025-04-14 13:15:00+09:00,0.005041,0.005065,0.005039,0.005056,3688769.0
2025-04-14 13:20:00+09:00,0.005054,0.005079,0.005046,0.005055,2454728.0
2025-04-14 13:25:00+09:00,0.005056,0.005058,0.005035,0.005045,5909061.0
2025-04-14 13:30:00+09:00,0.005045,0.00507,0.005038,0.005045,4903367.0
2025-04-14 13:35:00+09:00,0.005044,0.005076,0.005044,0.005076,2817927.0
2025-04-14 13:40:00+09:00,0.005076,0.005126,0.005076,0.005098,24334889.0
2025-04-14 13:45:00+09:00,0.005097,0.005121,0.005093,0.00512,4200370.0
2025-04-14 13:50:00+09:00,0.005119,0.005125,0.005102,0.005104,2893089.0
2025-04-14 13:55:00+09:00,0.005105,0.005109,0.005091,0.005104,1036587.0
2025-04-14 14:00:00+09:00,0.005105,0.00512,0.005088,0.005088,8664809.0
2025-04-14 14:05:00+09:00,0.005088,0.005104,0.005072,0.005089,7288308.0
2025-04-14 14:10:00+09:00,0.005088,0.005111,0.005088,0.005095,1327784.0
2025-04-14 14:15:00+09:00,0.005092,0.005106,0.005085,0.005093,1731018.0
2025-04-14 14:20:00+09:00,0.005095,0.005103,0.005092,0.005103,991766.0
2025-04-14 14:25:00+09:00,0.005105,0.005117,0.005103,0.005104,4070088.0
2025-04-14 14:30:00+09:00,0.005103,0.005118,0.005083,0.005085,3935605.0
2025-04-14 14:35:00+09:00,0.005086,0.005089,0.005057,0.005063,3235530.0
2025-04-14 14:40:00+09:00,0.005062,0.005076,0.005047,0.00505,2131178.0
2025-04-14 14:45:00+09:00,0.00505,0.005062,0.005047,0.005056,844404.0
2025-04-14 14:50:00+09:00,0.005056,0.005061,0.005039,0.005052,389151.0
2025-04-14 14:55:00+09:00,0.005051,0.005056,0.005046,0.005047,334887.0
2025-04-14 15:00:00+09:00,0.005045,0.005047,0.005021,0.005029,1186268.0
2025-04-14 15:05:00+09:00,0.005029,0.005029,0.00497,0.004991,29209462.0
2025-04-14 15:10:00+09:00,0.004991,0.005003,0.004988,0.004993,2633332.0
2025-04-14 15:15:00+09:00,0.004992,0.005004,0.004987,0.005001,2210324.0
2025-04-14 15:20:00+09:00,0.005,0.005013,0.004984,0.004996,2317766.0
2025-04-14 15:25:00+09:00,0.004997,0.004997,0.004973,0.004982,3421203.0
2025-04-14 15:30:00+09:00,0.004983,0.004983,0.004962,0.004975,2613858.0
2025-04-14 15:35:00+09:00,0.004976,0.00499,0.004973,0.004985,3005833.0
2025-04-14 15:40:00+09:00,0.004986,0.004999,0.004981,0.004999,2638175.0
2025-04-14 15:45:00+09:00,0.004999,0.005014,0.004996,0.005008,2722074.0
2025-04-14 15:50:00+09:00,0.005009,0.005013,0.004991,0.004992,4116446.0
2025-04-14 15:55:00+09:00,0.004991,0.004998,0.004983,0.004996,3099167.0
2025-04-14 16:00:00+09:00,0.004995,0.004997,0.004972,0.004976,4032496.0
2025-04-14 16:05:00+09:00,0.004977,0.005023,0.004976,0.005012,3117610.0
2025-04-14 16:10:00+09:00,0.005012,0.005012,0.004934,0.004934,9691796.0
2025-04-14 16:15:00+09:00,0.004933,0.004982,0.004932,0.004971,3305273.0
2025-04-14 16:20:00+09:00,0.00497,0.00498,0.004955,0.004957,2683596.0
2025-04-14 16:25:00+09:00,0.004958,0.004978,0.004958,0.004974,487920.0
2025-04-14 16:30:00+09:00,0.004974,0.004988,0.004963,0.004972,3910247.0
2025-04-14 16:35:00+09:00,0.004972,0.005,0.004967,0.005,3831600.0
2025-04-14 16:40:00+09:00,0.005,0.005001,0.004986,0.004992,3349057.0
2025-04-14 16:45:00+09:00,0.00499,0.005,0.004978,0.004983,4677488.0
2025-04-14 16:50:00+09:00,0.004981,0.004998,0.004975,0.004997,735514.0
2025-04-14 16:55:00+09:00,0.004998,0.005003,0.004993,0.004998,1023823.0
2025-04-14 17:00:00+09:00,0.004999,0.005021,0.004994,0.005006,3517241.0
2025-04-14 17:05:00+09:00,0.005004,0.005006,0.004986,0.004995,3278377.0
2025-04-14 17:10:00+09:00,0.004996,0.005005,0.004965,0.004972,1264205.0
2025-04-14 17:15:00+09:00,0.00497,0.004999,0.00497,0.004997,1737030.0
2025-04-14 17:20:00+09:00,0.004995,0.005021,0.00499,0.005005,9086857.0
2025-04-14 17:25:00+09:00,0.005006,0.005032,0.005005,0.005026,1084637.0
2025-04-14 17:30:00+09:00,0.005025,0.005065,0.005015,0.005041,9717608.0
2025-04-14 17:35:00+09:00,0.005041,0.005052,0.005037,0.00504,1012537.0
2025-04-14 17:40:00+09:00,0.005041,0.00508,0.005041,0.005064,7466013.0
2025-04-14 17:45:00+09:00,0.005063,0.005122,0.005062,0.005087,21930713.0
2025-04-14 17:50:00+09:00,0.005085,0.005104,0.005079,0.005098,6470729.0
2025-04-14 17:55:00+09:00,0.005099,0.005105,0.005078,0.005083,3829258.0
2025-04-14 18:00:00+09:00,0.005085,0.00509,0.005049,0.005081,3128867.0
2025-04-14 18:05:00+09:00,0.005082,0.005101,0.005063,0.005067,2822657.0
2025-04-14 18:10:00+09:00,0.005067,0.005088,0.005062,0.005082,1084171.0
2025-04-14 18:15:00+09:00,0.005081,0.005147,0.005071,0.005104,15173625.0
2025-04-14 18:20:00+09:00,0.005103,0.005139,0.005087,0.005099,16728003.0
2025-04-14 18:25:00+09:00,0.0051,0.005119,0.00509,0.005107,6943578.0
2025-04-14 18:30:00+09:00,0.005106,0.005133,0.005103,0.00511,4053296.0
2025-04-14 18:35:00+09:00,0.005111,0.005118,0.005087,0.005087,4999034.0
2025-04-14 18:40:00+09:00,0.005085,0.0051,0.005074,0.005083,7568616.0
2025-04-14 18:45:00+09:00,0.005084,0.005088,0.005069,0.005079,3539380.0
2025-04-14 18:50:00+09:00,0.005077,0.005089,0.005051,0.005074,11549550.0
2025-04-14 18:55:00+09:00,0.005072,0.005088,0.00507,0.005086,1770356.0
2025-04-14 19:00:00+09:00,0.005083,0.005107,0.005077,0.005093,1715749.0
2025-04-14 19:05:00+09:00,0.005094,0.005115,0.005076,0.005115,1962849.0
2025-04-14 19:10:00+09:00,0.005116,0.00513,0.005093,0.005094,8149373.0
2025-04-14 19:15:00+09:00,0.005096,0.005104,0.005087,0.005104,1825935.0
2025-04-14 19:20:00+09:00,0.005106,0.005135,0.005103,0.005105,11364481.0
2025-04-14 19:25:00+09:00,0.005104,0.005133,0.005096,0.005133,1256956.0
2025-04-14 19:30:00+09:00,0.005135,0.005146,0.005117,0.005118,3462759.0
2025-04-14 19:35:00+09:00,0.005118,0.005135,0.005106,0.005119,4517398.0
2025-04-14 19:40:00+09:00,0.005117,0.005179,0.005106,0.005178,6388397.0
2025-04-14 19:45:00+09:00,0.005177,0.00518,0.005116,0.005125,48054813.0
2025-04-14 19:50:00+09:00,0.005122,0.005147,0.005116,0.005139,11534800.0
2025-04-14 19:55:00+09:00,0.005139,0.005148,0.005128,0.005148,2013666.0
2025-04-14 20:00:00+09:00,0.00515,0.005162,0.005133,0.005133,2457450.0
2025-04-14 20:05:00+09:00,0.005134,0.005161,0.005126,0.005126,1332200.0
2025-04-14 20:10:00+09:00,0.005124,0.005165,0.005116,0.005152,7072890.0
2025-04-14 20:15:00+09:00,0.005153,0.005163,0.005124,0.005127,2366229.0
2025-04-14 20:20:00+09:00,0.005125,0.005125,0.005103,0.005109,11022440.0
2025-04-14 20:25:00+09:00,0.005108,0.005116,0.005098,0.005105,1718061.0
2025-04-14 20:30:00+09:00,0.005105,0.005118,0.005103,0.005118,1707148.0
2025-04-14 20:35:00+09:00,0.005118,0.005142,0.005118,0.005127,2869208.0
2025-04-14 20:40:00+09:00,0.005128,0.005136,0.0051,0.005115,2120816.0
2025-04-14 20:45:00+09:00,0.005114,0.005134,0.005108,0.005128,1453793.0
2025-04-14 20:50:00+09:00,0.005129,0.00516,0.005129,0.00516,1031000.0
2025-04-14 20:55:00+09:00,0.005161,0.005172,0.005143,0.005167,8418501.0
2025-04-14 21:00:00+09:00,0.005168,0.005172,0.005129,0.00515,13917558.0
2025-04-14 21:05:00+09:00,0.005151,0.005168,0.005135,0.005164,2209225.0
2025-04-14 21:10:00+09:00,0.005164,0.005174,0.005116,0.005116,12978470.0
2025-04-14 21:15:00+09:00,0.005116,0.005134,0.005109,0.00511,3322554.0
2025-04-14 21:20:00+09:00,0.005111,0.005145,0.005108,0.005135,9615227.0
2025-04-14 21:25:00+09:00,0.005134,0.005152,0.005126,0.005143,2849925.0
2025-04-14 21:30:00+09:00,0.005143,0.005143,0.005117,0.005128,2352007.0
2025-04-14 21:35:00+09:00,0.005129,0.005138,0.005121,0.005137,1579773.0
2025-04-14 21:40:00+09:00,0.005136,0.005147,0.005123,0.005132,1381702.0
2025-04-14 21:45:00+09:00,0.005133,0.005142,0.005055,0.005091,43963917.0
2025-04-14 21:50:00+09:00,0.005091,0.005107,0.005078,0.005098,16769494.0
2025-04-14 21:55:00+09:00,0.005099,0.005103,0.005086,0.005093,2287478.0
2025-04-14 22:00:00+09:00,0.005094,0.005101,0.005078,0.005084,5223424.0
2025-04-14 22:05:00+09:00,0.005083,0.005093,0.005067,0.005068,6717105.0
2025-04-14 22:10:00+09:00,0.005066,0.005077,0.005056,0.005077,5777742.0
2025-04-14 22:15:00+09:00,0.005076,0.005099,0.00507,0.005072,1429552.0
2025-04-14 22:20:00+09:00,0.005072,0.005072,0.005031,0.005037,5884404.0
2025-04-14 22:25:00+09:00,0.005037,0.005046,0.005019,0.005023,5151497.0
2025-04-14 22:30:00+09:00,0.005024,0.005033,0.004958,0.004977,17082795.0
2025-04-14 22:35:00+09:00,0.004977,0.005009,0.004959,0.005005,8055127.0
2025-04-14 22:40:00+09:00,0.005006,0.005008,0.004956,0.00497,5426658.0
2025-04-14 22:45:00+09:00,0.004973,0.004984,0.004858,0.004925,108726767.0
2025-04-14 22:50:00+09:00,0.004924,0.004951,0.004908,0.004946,3859830.0
2025-04-14 22:55:00+09:00,0.004945,0.00496,0.004935,0.004941,3566823.0
2025-04-14 23:00:00+09:00,0.004943,0.004967,0.004922,0.00495,14611008.0
2025-04-14 23:05:00+09:00,0.004948,0.004963,0.004936,0.004948,6336102.0
2025-04-14 23:10:00+09:00,0.004949,0.004978,0.004944,0.004972,4534438.0
2025-04-14 23:15:00+09:00,0.004971,0.004976,0.00495,0.004953,1923894.0
2025-04-14 23:20:00+09:00,0.004954,0.004959,0.004931,0.004959,8012238.0
2025-04-14 23:25:00+09:00,0.00496,0.004973,0.004946,0.004969,4280242.0
2025-04-14 23:30:00+09:00,0.004968,0.005006,0.004957,0.004999,15904028.0
2025-04-14 23:35:00+09:00,0.004998,0.005055,0.004991,0.005055,10931158.0
2025-04-14 23:40:00+09:00,0.005056,0.005063,0.005022,0.005024,11772522.0
2025-04-14 23:45:00+09:00,0.005023,0.005086,0.005016,0.005075,5369876.0
2025-04-14 23:50:00+09:00,0.005076,0.005102,0.00506,0.00506,6801536.0
2025-04-14 23:55:00+09:00,0.00506,0.00506,0.005014,0.005016,8452873.0
2025-04-15 00:00:00+09:00,0.005017,0.005018,0.004943,0.004958,11677904.0
2025-04-15 00:05:00+09:00,0.004957,0.004972,0.004924,0.004972,31578574.0
2025-04-15 00:10:00+09:00,0.004973,0.004977,0.00492,0.004924,5761166.0
2025-04-15 00:15:00+09:00,0.004924,0.004961,0.004913,0.004957,4351180.0
2025-04-15 00:20:00+09:00,0.004957,0.004963,0.004929,0.004929,2170743.0
2025-04-15 00:25:00+09:00,0.004927,0.004927,0.004895,0.004902,5403650.0
2025-04-15 00:30:00+09:00,0.004903,0.004921,0.004878,0.004899,5899451.0
2025-04-15 00:35:00+09:00,0.004898,0.004911,0.004811,0.004824,64544833.0
2025-04-15 00:40:00+09:00,0.004825,0.004856,0.00481,0.004846,10193979.0
2025-04-15 00:45:00+09:00,0.004848,0.004853,0.004815,0.004836,4283546.0
2025-04-15 00:50:00+09:00,0.004835,0.004855,0.004734,0.00481,47017415.0
2025-04-15 00:55:00+09:00,0.00481,0.004837,0.004796,0.004811,21638005.0
2025-04-15 01:00:00+09:00,0.004812,0.004858,0.004807,0.004838,14088966.0
2025-04-15 01:05:00+09:00,0.004838,0.004842,0.0048,0.004804,1932436.0
2025-04-15 01:10:00+09:00,0.004803,0.004818,0.004795,0.004806,1613475.0
2025-04-15 01:15:00+09:00,0.004807,0.004837,0.004783,0.004811,54636344.0
2025-04-15 01:20:00+09:00,0.00481,0.004843,0.004783,0.004787,3484815.0
2025-04-15 01:25:00+09:00,0.004789,0.004792,0.004769,0.004776,7366173.0
2025-04-15 01:30:00+09:00,0.004775,0.004828,0.004774,0.004828,6595419.0
2025-04-15 01:35:00+09:00,0.004828,0.004856,0.004827,0.004842,4433183.0
2025-04-15 01:40:00+09:00,0.004843,0.004889,0.004843,0.004885,6497826.0
2025-04-15 01:45:00+09:00,0.004885,0.004895,0.00486,0.004864,8687531.0
2025-04-15 01:50:00+09:00,0.004865,0.004868,0.00483,0.004842,5175554.0
2025-04-15 01:55:00+09:00,0.004843,0.004844,0.004813,0.004814,4164033.0
2025-04-15 02:00:00+09:00,0.004814,0.004867,0.004814,0.004842,29957718.0
2025-04-15 02:05:00+09:00,0.004843,0.004852,0.004816,0.004816,7072904.0
2025-04-15 02:10:00+09:00,0.004818,0.004858,0.004816,0.004847,34404721.0
2025-04-15 02:15:00+09:00,0.004846,0.004861,0.00484,0.00485,20449224.0
2025-04-15 02:20:00+09:00,0.004851,0.004908,0.004847,0.004894,9446565.0
2025-04-15 02:25:00+09:00,0.004893,0.004894,0.004855,0.004877,20398405.0
2025-04-15 02:30:00+09:00,0.004878,0.004881,0.004843,0.004843,4873002.0
2025-04-15 02:35:00+09:00,0.004843,0.004867,0.004841,0.004856,4560437.0
2025-04-15 02:40:00+09:00,0.004857,0.004857,0.004829,0.00485,22189406.0
2025-04-15 02:45:00+09:00,0.004849,0.004857,0.004838,0.004841,974589.0
2025-04-15 02:50:00+09:00,0.00484,0.004872,0.004839,0.004869,7991318.0
2025-04-15 02:55:00+09:00,0.004867,0.00487,0.004857,0.004861,1999891.0
2025-04-15 03:00:00+09:00,0.004863,0.004872,0.004853,0.004856,3550993.0
2025-04-15 03:05:00+09:00,0.004857,0.004872,0.004841,0.004861,3756639.0
2025-04-15 03:10:00+09:00,0.004862,0.004862,0.004836,0.00485,6614780.0
2025-04-15 03:15:00+09:00,0.00485,0.00487,0.004841,0.004859,2770262.0
2025-04-15 03:20:00+09:00,0.00486,0.004882,0.004857,0.004876,10883897.0
2025-04-15 03:25:00+09:00,0.004876,0.004878,0.004862,0.004863,1110030.0
2025-04-15 03:30:00+09:00,0.004862,0.004886,0.004855,0.004882,2245278.0
2025-04-15 03:35:00+09:00,0.004881,0.004881,0.004868,0.00487,1605429.0
2025-04-15 03:40:00+09:00,0.004869,0.004899,0.004868,0.004888,3895444.0
2025-04-15 03:45:00+09:00,0.004888,0.004889,0.004855,0.00487,1434873.0
2025-04-15 03:50:00+09:00,0.004872,0.004888,0.004858,0.004883,3459335.0
2025-04-15 03:55:00+09:00,0.004882,0.004886,0.00484,0.004861,2045990.0
2025-04-15 04:00:00+09:00,0.004861,0.004887,0.004858,0.004868,3665220.0
2025-04-15 04:05:00+09:00,0.004867,0.00489,0.004862,0.004885,3408920.0
2025-04-15 04:10:00+09:00,0.004885,0.004891,0.004869,0.004871,1325723.0
2025-04-15 04:15:00+09:00,0.004869,0.004879,0.004854,0.004864,1882999.0
2025-04-15 04:20:00+09:00,0.004863,0.004871,0.004856,0.004861,1067093.0
2025-04-15 04:25:00+09:00,0.00486,0.004873,0.004858,0.004871,2473766.0
2025-04-15 04:30:00+09:00,0.004871,0.004871,0.004855,0.004863,2814576.0
2025-04-15 04:35:00+09:00,0.004864,0.004885,0.004857,0.004885,2148699.0
2025-04-15 04:40:00+09:00,0.004884,0.004892,0.004869,0.004869,922115.0
2025-04-15 04:45:00+09:00,0.004868,0.004875,0.004861,0.004871,1459229.0
2025-04-15 04:50:00+09:00,0.00487,0.004878,0.004857,0.004863,4200012.0
2025-04-15 04:55:00+09:00,0.004864,0.004878,0.004857,0.004878,4524947.0
2025-04-15 05:00:00+09:00,0.004879,0.004886,0.004856,0.004866,4662514.0
2025-04-15 05:05:00+09:00,0.004867,0.004903,0.004865,0.004899,7381155.0
2025-04-15 05:10:00+09:00,0.0049,0.004938,0.0049,0.004929,7294848.0
2025-04-15 05:15:00+09:00,0.00493,0.004948,0.004925,0.004926,8747783.0
2025-04-15 05:20:00+09:00,0.004925,0.004933,0.004885,0.004885,6670401.0
2025-04-15 05:25:00+09:00,0.004885,0.004886,0.004865,0.004881,9662880.0
2025-04-15 05:30:00+09:00,0.00488,0.004906,0.00488,0.004893,6005843.0
2025-04-15 05:35:00+09:00,0.004892,0.0049,0.004881,0.004886,6861280.0
2025-04-15 05:40:00+09:00,0.004886,0.004895,0.004862,0.004864,4917418.0
2025-04-15 05:45:00+09:00,0.004865,0.004899,0.004863,0.004897,6499198.0
2025-04-15 05:50:00+09:00,0.004897,0.004912,0.00489,0.004901,11837574.0
2025-04-15 05:55:00+09:00,0.004901,0.004911,0.004896,0.004901,4479955.0
2025-04-15 06:00:00+09:00,0.0049,0.004935,0.004899,0.004923,10405544.0
2025-04-15 06:05:00+09:00,0.004923,0.00494,0.004921,0.004926,9207951.0
2025-04-15 06:10:00+09:00,0.004925,0.004936,0.004916,0.004932,10415760.0
2025-04-15 06:15:00+09:00,0.004932,0.004933,0.004901,0.004911,8908531.0
2025-04-15 06:20:00+09:00,0.004911,0.004911,0.004891,0.004902,11900501.0
2025-04-15 06:25:00+09:00,0.004902,0.004914,0.004891,0.004907,2938334.0
2025-04-15 06:30:00+09:00,0.004907,0.004918,0.004898,0.004915,7420432.0
2025-04-15 06:35:00+09:00,0.004915,0.004921,0.00487,0.004886,9280085.0
2025-04-15 06:40:00+09:00,0.004886,0.004886,0.004868,0.004883,8819947.0
2025-04-15 06:45:00+09:00,0.004879,0.004887,0.004875,0.004884,2992285.0
2025-04-15 06:50:00+09:00,0.004883,0.004905,0.004878,0.004905,2154451.0
2025-04-15 06:55:00+09:00,0.004905,0.004926,0.004905,0.004926,4260550.0
2025-04-15 07:00:00+09:00,0.004927,0.004927,0.004887,0.004901,7767528.0
2025-04-15 07:05:00+09:00,0.0049,0.004919,0.004893,0.004896,6368702.0
2025-04-15 07:10:00+09:00,0.004897,0.004928,0.004897,0.004906,8736459.0
2025-04-15 07:15:00+09:00,0.004905,0.004916,0.00489,0.004903,4646162.0
2025-04-15 07:20:00+09:00,0.004905,0.004908,0.00488,0.004899,2303020.0
2025-04-15 07:25:00+09:00,0.004899,0.004915,0.004889,0.004893,5982210.0
2025-04-15 07:30:00+09:00,0.004895,0.004917,0.004891,0.004898,1354560.0
2025-04-15 07:35:00+09:00,0.004899,0.004922,0.004899,0.004917,529479.0
2025-04-15 07:40:00+09:00,0.004918,0.004921,0.004898,0.004903,584707.0
2025-04-15 07:45:00+09:00,0.004905,0.004911,0.004901,0.004909,839522.0
2025-04-15 07:50:00+09:00,0.004911,0.004913,0.004898,0.004898,885043.0
2025-04-15 07:55:00+09:00,0.004899,0.004906,0.004894,0.004905,675936.0
2025-04-15 08:00:00+09:00,0.004905,0.00491,0.004895,0.004904,945039.0
2025-04-15 08:05:00+09:00,0.004902,0.004908,0.004875,0.004876,1643977.0
2025-04-15 08:10:00+09:00,0.004878,0.004897,0.004878,0.004897,1412597.0
2025-04-15 08:15:00+09:00,0.004898,0.004903,0.004888,0.004903,641031.0
2025-04-15 08:20:00+09:00,0.004903,0.004914,0.004902,0.004902,1880230.0
2025-04-15 08:25:00+09:00,0.004902,0.004909,0.004895,0.004895,672306.0
2025-04-15 08:30:00+09:00,0.004896,0.004903,0.004891,0.004897,939098.0
2025-04-15 08:35:00+09:00,0.004896,0.004905,0.004892,0.004895,580530.0
2025-04-15 08:40:00+09:00,0.004894,0.004897,0.004863,0.004863,1262482.0
2025-04-15 08:45:00+09:00,0.004865,0.00488,0.004865,0.004876,252562.0
2025-04-15 08:50:00+09:00,0.004879,0.004891,0.004877,0.004885,6553019.0
2025-04-15 08:55:00+09:00,0.004885,0.004891,0.004884,0.004891,146974.0
2025-04-15 09:00:00+09:00,0.004892,0.004907,0.004879,0.004879,2242282.0
2025-04-15 09:05:00+09:00,0.004878,0.004881,0.004867,0.004873,573150.0
2025-04-15 09:10:00+09:00,0.004877,0.004877,0.004852,0.004852,3919778.0
2025-04-15 09:15:00+09:00,0.004851,0.004863,0.004843,0.004862,2102194.0
2025-04-15 09:20:00+09:00,0.004862,0.004866,0.004841,0.004859,8237192.0
2025-04-15 09:25:00+09:00,0.004858,0.004888,0.004858,0.004872,2378199.0
2025-04-15 09:30:00+09:00,0.004873,0.004891,0.004869,0.004883,855738.0
2025-04-15 09:35:00+09:00,0.004884,0.004895,0.004872,0.004895,853883.0
2025-04-15 09:40:00+09:00,0.004894,0.004901,0.004883,0.004883,2699810.0
2025-04-15 09:45:00+09:00,0.004882,0.004883,0.004845,0.004845,3961765.0
2025-04-15 09:50:00+09:00,0.004847,0.004848,0.004824,0.004846,3533761.0
2025-04-15 09:55:00+09:00,0.004845,0.004845,0.004823,0.004834,6733249.0
2025-04-15 10:00:00+09:00,0.004835,0.004836,0.004801,0.004815,6267035.0
2025-04-15 10:05:00+09:00,0.004815,0.004815,0.004773,0.004788,9815340.0
2025-04-15 10:10:00+09:00,0.004787,0.004806,0.004782,0.004783,12421270.0
2025-04-15 10:15:00+09:00,0.004785,0.004803,0.004779,0.004793,11252264.0
2025-04-15 10:20:00+09:00,0.004794,0.004829,0.00479,0.004825,6146094.0
2025-04-15 10:25:00+09:00,0.004825,0.004848,0.004825,0.004848,2040484.0
2025-04-15 10:30:00+09:00,0.004848,0.004851,0.004832,0.004846,1912731.0
2025-04-15 10:35:00+09:00,0.004846,0.00485,0.004823,0.004834,1330569.0
2025-04-15 10:40:00+09:00,0.004835,0.004838,0.00482,0.004826,966680.0
2025-04-15 10:45:00+09:00,0.004827,0.004846,0.004826,0.004837,1028277.0
2025-04-15 10:50:00+09:00,0.004835,0.004838,0.004823,0.004834,1024271.0
2025-04-15 10:55:00+09:00,0.004834,0.00485,0.004831,0.004841,5912078.0
2025-04-15 11:00:00+09:00,0.004843,0.004847,0.004828,0.004838,784822.0
2025-04-15 11:05:00+09:00,0.004837,0.004843,0.004819,0.004829,736549.0
2025-04-15 11:10:00+09:00,0.00483,0.004844,0.004826,0.004842,701800.0
2025-04-15 11:15:00+09:00,0.004842,0.004848,0.004822,0.004823,1089331.0
2025-04-15 11:20:00+09:00,0.004823,0.004844,0.004796,0.004834,17719472.0
2025-04-15 11:25:00+09:00,0.004833,0.004855,0.004769,0.004792,35635265.0
2025-04-15 11:30:00+09:00,0.004792,0.004792,0.004773,0.004784,1531432.0
2025-04-15 11:35:00+09:00,0.004782,0.004788,0.004756,0.00478,4121864.0
2025-04-15 11:40:00+09:00,0.004782,0.004795,0.004782,0.004795,2109676.0
2025-04-15 11:45:00+09:00,0.004795,0.004803,0.004792,0.004796,520531.0
2025-04-15 11:50:00+09:00,0.004796,0.00481,0.004794,0.00481,835980.0
2025-04-15 11:55:00+09:00,0.00481,0.004828,0.0048,0.004827,1266055.0
2025-04-15 12:00:00+09:00,0.004828,0.00484,0.004821,0.004829,4957751.0
2025-04-15 12:05:00+09:00,0.004828,0.004839,0.004824,0.004828,622087.0
2025-04-15 12:10:00+09:00,0.004827,0.004835,0.00482,0.004832,982974.0
2025-04-15 12:15:00+09:00,0.004831,0.004831,0.004815,0.004819,752949.0
2025-04-15 12:20:00+09:00,0.004818,0.004838,0.004817,0.004837,744435.0
2025-04-15 12:25:00+09:00,0.004835,0.00484,0.004826,0.004826,1278210.0
2025-04-15 12:30:00+09:00,0.004827,0.004853,0.004825,0.004853,1514110.0
2025-04-15 12:35:00+09:00,0.004854,0.004861,0.004845,0.004845,1047976.0
2025-04-15 12:40:00+09:00,0.004844,0.004851,0.004816,0.004839,8608334.0
2025-04-15 12:45:00+09:00,0.004838,0.004842,0.004832,0.004835,724549.0
2025-04-15 12:50:00+09:00,0.004835,0.004842,0.004823,0.004826,868852.0
2025-04-15 12:55:00+09:00,0.004827,0.004832,0.004821,0.004821,707214.0
2025-04-15 13:00:00+09:00,0.004823,0.004835,0.004815,0.004817,1497740.0
2025-04-15 13:05:00+09:00,0.004816,0.004816,0.004804,0.00481,926267.0
2025-04-15 13:10:00+09:00,0.00481,0.004815,0.004799,0.004799,446557.0
2025-04-15 13:15:00+09:00,0.004797,0.004815,0.004797,0.004807,537719.0
2025-04-15 13:20:00+09:00,0.004806,0.004807,0.004765,0.004775,12454107.0
2025-04-15 13:25:00+09:00,0.004773,0.004817,0.004768,0.004784,17953792.0
2025-04-15 13:30:00+09:00,0.004784,0.004808,0.004783,0.004799,1346909.0
2025-04-15 13:35:00+09:00,0.004798,0.004798,0.004779,0.004784,637108.0
2025-04-15 13:40:00+09:00,0.004783,0.004798,0.004778,0.004794,922268.0
2025-04-15 13:45:00+09:00,0.004794,0.004809,0.004793,0.004809,2784514.0
2025-04-15 13:50:00+09:00,0.00481,0.004833,0.004806,0.004827,3548877.0
2025-04-15 13:55:00+09:00,0.004828,0.004861,0.004828,0.004855,14813129.0
2025-04-15 14:00:00+09:00,0.004856,0.004886,0.00485,0.004875,3709977.0
2025-04-15 14:05:00+09:00,0.004876,0.004877,0.004852,0.004857,3282058.0
2025-04-15 14:10:00+09:00,0.004856,0.004868,0.004853,0.004856,1217807.0
2025-04-15 14:15:00+09:00,0.004857,0.00486,0.004843,0.004846,810611.0
2025-04-15 14:20:00+09:00,0.004846,0.004864,0.004845,0.004852,841443.0
2025-04-15 14:25:00+09:00,0.004853,0.004853,0.004837,0.004838,900945.0
2025-04-15 14:30:00+09:00,0.004839,0.004843,0.004829,0.004829,1020040.0
2025-04-15 14:35:00+09:00,0.00483,0.004884,0.00483,0.004871,2933621.0
2025-04-15 14:40:00+09:00,0.004872,0.00488,0.004862,0.00487,5293155.0
2025-04-15 14:45:00+09:00,0.00487,0.004887,0.00486,0.004877,4186710.0
2025-04-15 14:50:00+09:00,0.004874,0.004886,0.004872,0.004884,2443879.0
2025-04-15 14:55:00+09:00,0.004883,0.004883,0.004868,0.004871,859222.0
2025-04-15 15:00:00+09:00,0.00487,0.004876,0.004851,0.004851,2916174.0
2025-04-15 15:05:00+09:00,0.004853,0.004874,0.004843,0.004843,1168092.0
2025-04-15 15:10:00+09:00,0.004843,0.004848,0.004837,0.004848,1051832.0
2025-04-15 15:15:00+09:00,0.004849,0.004858,0.004833,0.004834,2573180.0
2025-04-15 15:20:00+09:00,0.004833,0.004839,0.00482,0.004822,995488.0
2025-04-15 15:25:00+09:00,0.004823,0.00484,0.004823,0.004834,811271.0
2025-04-15 15:30:00+09:00,0.004834,0.004851,0.004834,0.004838,2576172.0
2025-04-15 15:35:00+09:00,0.004838,0.00484,0.004807,0.00484,5621420.0
2025-04-15 15:40:00+09:00,0.004841,0.004848,0.004836,0.004845,1810034.0
2025-04-15 15:45:00+09:00,0.004845,0.004848,0.00483,0.004836,1363804.0
2025-04-15 15:50:00+09:00,0.004836,0.004839,0.004819,0.004819,1399450.0
2025-04-15 15:55:00+09:00,0.004819,0.004826,0.004816,0.004821,806623.0
2025-04-15 16:00:00+09:00,0.004823,0.004843,0.004819,0.004838,947590.0
2025-04-15 16:05:00+09:00,0.004837,0.004865,0.004834,0.004853,6959515.0
2025-04-15 16:10:00+09:00,0.004854,0.004865,0.004853,0.004857,923036.0
2025-04-15 16:15:00+09:00,0.004856,0.004876,0.004856,0.004867,1359806.0
2025-04-15 16:20:00+09:00,0.004868,0.004888,0.004868,0.00488,4060991.0
2025-04-15 16:25:00+09:00,0.004882,0.004882,0.004874,0.004874,563613.0
2025-04-15 16:30:00+09:00,0.004876,0.004888,0.004876,0.004884,1773174.0
2025-04-15 16:35:00+09:00,0.004883,0.004886,0.004871,0.004878,423192.0
2025-04-15 16:40:00+09:00,0.004879,0.004882,0.004874,0.004881,517630.0
2025-04-15 16:45:00+09:00,0.004881,0.004885,0.004877,0.004881,1695020.0
2025-04-15 16:50:00+09:00,0.004881,0.004889,0.00488,0.004888,1515675.0
2025-04-15 16:55:00+09:00,0.004888,0.004892,0.004887,0.004892,379054.0
2025-04-15 17:00:00+09:00,0.004891,0.004891,0.004881,0.004882,1729476.0
2025-04-15 17:05:00+09:00,0.004883,0.004883,0.004837,0.004878,8130161.0
2025-04-15 17:10:00+09:00,0.004873,0.004885,0.004864,0.004882,893040.0
2025-04-15 17:15:00+09:00,0.004876,0.004886,0.004876,0.004878,54509.0
2025-04-15 17:20:00+09:00,0.004875,0.004892,0.004872,0.004887,941199.0
2025-04-15 17:25:00+09:00,0.004887,0.004912,0.004887,0.004891,4913689.0
2025-04-15 17:30:00+09:00,0.004893,0.004898,0.004885,0.004885,1180094.0
2025-04-15 17:35:00+09:00,0.00489,0.004894,0.004884,0.004894,280072.0
2025-04-15 17:40:00+09:00,0.004895,0.004904,0.004895,0.004899,2486213.0
2025-04-15 17:45:00+09:00,0.004899,0.00491,0.004893,0.004893,670223.0
2025-04-15 17:50:00+09:00,0.004893,0.004901,0.004886,0.004896,974791.0
2025-04-15 17:55:00+09:00,0.004894,0.004896,0.004875,0.004877,355837.0
2025-04-15 18:00:00+09:00,0.004876,0.004876,0.004849,0.004866,7062395.0
2025-04-15 18:05:00+09:00,0.004868,0.004887,0.004868,0.004887,740904.0
2025-04-15 18:10:00+09:00,0.004888,0.004892,0.004883,0.004885,636950.0
2025-04-15 18:15:00+09:00,0.004893,0.004903,0.004893,0.004894,902132.0
2025-04-15 18:20:00+09:00,0.004892,0.004894,0.004881,0.004886,1386153.0
2025-04-15 18:25:00+09:00,0.004881,0.004888,0.004867,0.004871,3882593.0
2025-04-15 18:30:00+09:00,0.004867,0.004869,0.004852,0.004854,702658.0
2025-04-15 18:35:00+09:00,0.004854,0.004858,0.004833,0.00485,9284468.0
2025-04-15 18:40:00+09:00,0.004849,0.004854,0.004835,0.004844,631699.0
2025-04-15 18:45:00+09:00,0.004843,0.004872,0.004843,0.004868,4281098.0
2025-04-15 18:50:00+09:00,0.004867,0.004875,0.004859,0.004873,1527602.0
2025-04-15 18:55:00+09:00,0.00487,0.004877,0.004859,0.004877,1298340.0
2025-04-15 19:00:00+09:00,0.004876,0.004898,0.004873,0.004873,3539723.0
2025-04-15 19:05:00+09:00,0.004867,0.004867,0.004843,0.004852,1817287.0
2025-04-15 19:10:00+09:00,0.004851,0.004857,0.004843,0.004843,2651060.0
2025-04-15 19:15:00+09:00,0.004847,0.004848,0.004817,0.004828,4212549.0
2025-04-15 19:20:00+09:00,0.004828,0.004834,0.004817,0.004828,2043776.0
2025-04-15 19:25:00+09:00,0.004828,0.004879,0.004828,0.004843,9125161.0
2025-04-15 19:30:00+09:00,0.004841,0.004841,0.004809,0.004817,1684140.0
2025-04-15 19:35:00+09:00,0.004819,0.004827,0.004808,0.004812,1049186.0
2025-04-15 19:40:00+09:00,0.00481,0.004818,0.004808,0.004811,621988.0
2025-04-15 19:45:00+09:00,0.004809,0.00483,0.004807,0.004827,761407.0
2025-04-15 19:50:00+09:00,0.00482,0.00483,0.00482,0.00483,706468.0
2025-04-15 19:55:00+09:00,0.004829,0.004831,0.00482,0.004827,988061.0
2025-04-15 20:00:00+09:00,0.004824,0.004824,0.004802,0.004822,2918978.0
2025-04-15 20:05:00+09:00,0.004823,0.004823,0.004803,0.004803,2113510.0
2025-04-15 20:10:00+09:00,0.004804,0.004805,0.004793,0.004805,995908.0
2025-04-15 20:15:00+09:00,0.004803,0.004808,0.004778,0.004788,3572944.0
2025-04-15 20:20:00+09:00,0.004789,0.004802,0.004789,0.004799,833453.0
2025-04-15 20:25:00+09:00,0.004797,0.004803,0.004795,0.004803,278685.0
2025-04-15 20:30:00+09:00,0.004803,0.004817,0.004799,0.004814,804013.0
2025-04-15 20:35:00+09:00,0.004813,0.004813,0.004797,0.004805,477433.0
2025-04-15 20:40:00+09:00,0.004804,0.004816,0.004804,0.004816,276624.0
2025-04-15 20:45:00+09:00,0.004817,0.004818,0.004805,0.004817,770221.0
2025-04-15 20:50:00+09:00,0.004816,0.004816,0.004801,0.00481,1209482.0
2025-04-15 20:55:00+09:00,0.00481,0.004819,0.00479,0.004805,12005987.0
2025-04-15 21:00:00+09:00,0.004803,0.004814,0.004793,0.00481,1617851.0
2025-04-15 21:05:00+09:00,0.004809,0.004811,0.004794,0.004795,510535.0
2025-04-15 21:10:00+09:00,0.004795,0.00481,0.004788,0.004803,9103090.0
2025-04-15 21:15:00+09:00,0.004802,0.004807,0.004777,0.004777,737951.0
2025-04-15 21:20:00+09:00,0.004777,0.00478,0.004753,0.004758,1853241.0
2025-04-15 21:25:00+09:00,0.004759,0.004769,0.004756,0.004765,1090415.0
2025-04-15 21:30:00+09:00,0.004764,0.004769,0.004722,0.004761,34605313.0
2025-04-15 21:35:00+09:00,0.004762,0.00478,0.004756,0.004776,2870883.0
2025-04-15 21:40:00+09:00,0.004775,0.004787,0.004766,0.004784,1872955.0
2025-04-15 21:45:00+09:00,0.004784,0.004799,0.004766,0.004798,7225332.0
2025-04-15 21:50:00+09:00,0.004798,0.004816,0.004793,0.004804,6649093.0
2025-04-15 21:55:00+09:00,0.004803,0.004836,0.004801,0.004836,1567563.0
2025-04-15 22:00:00+09:00,0.004837,0.004847,0.004815,0.00482,3071731.0
2025-04-15 22:05:00+09:00,0.004819,0.004821,0.004798,0.0048,1450162.0
2025-04-15 22:10:00+09:00,0.004801,0.004829,0.004801,0.004816,610927.0
2025-04-15 22:15:00+09:00,0.004816,0.00482,0.004793,0.004809,2237510.0
2025-04-15 22:20:00+09:00,0.004811,0.004818,0.004795,0.004795,561666.0
2025-04-15 22:25:00+09:00,0.004795,0.004824,0.004793,0.004817,1198881.0
2025-04-15 22:30:00+09:00,0.004813,0.004825,0.004791,0.004804,5593082.0
2025-04-15 22:35:00+09:00,0.004805,0.004838,0.004797,0.004834,2995774.0
2025-04-15 22:40:00+09:00,0.004833,0.004833,0.004807,0.004825,2885727.0
2025-04-15 22:45:00+09:00,0.004823,0.004872,0.004808,0.00487,3794059.0
2025-04-15 22:50:00+09:00,0.00487,0.004889,0.00484,0.004854,11513908.0
2025-04-15 22:55:00+09:00,0.004857,0.004858,0.004817,0.004823,21087350.0
2025-04-15 23:00:00+09:00,0.004824,0.004834,0.004773,0.004796,7758025.0
2025-04-15 23:05:00+09:00,0.004797,0.004842,0.004786,0.004837,3500109.0
2025-04-15 23:10:00+09:00,0.004836,0.004869,0.004835,0.004842,1627626.0
2025-04-15 23:15:00+09:00,0.004841,0.004846,0.004753,0.004767,11355286.0
2025-04-15 23:20:00+09:00,0.004766,0.004806,0.004745,0.004796,6117862.0
2025-04-15 23:25:00+09:00,0.004799,0.004807,0.00477,0.004782,7275164.0
2025-04-15 23:30:00+09:00,0.004782,0.004803,0.004771,0.004784,1762155.0
2025-04-15 23:35:00+09:00,0.004784,0.004812,0.004782,0.004788,1471507.0
2025-04-15 23:40:00+09:00,0.004787,0.004837,0.004781,0.004831,7517325.0
2025-04-15 23:45:00+09:00,0.00483,0.004841,0.004795,0.004805,7026073.0
2025-04-15 23:50:00+09:00,0.004804,0.004818,0.004796,0.004805,1521918.0
2025-04-15 23:55:00+09:00,0.004807,0.00481,0.004774,0.00479,2398986.0
2025-04-16 00:00:00+09:00,0.004791,0.00483,0.004789,0.004825,4999604.0
2025-04-16 00:05:00+09:00,0.004826,0.004842,0.004809,0.004832,3214228.0
2025-04-16 00:10:00+09:00,0.004832,0.004854,0.004832,0.00485,1462410.0
2025-04-16 00:15:00+09:00,0.004851,0.004863,0.00485,0.004855,3517662.0
2025-04-16 00:20:00+09:00,0.004856,0.004862,0.004839,0.004844,1141109.0
2025-04-16 00:25:00+09:00,0.004841,0.004851,0.00483,0.004841,1314247.0
2025-04-16 00:30:00+09:00,0.004841,0.004858,0.004838,0.004848,3744665.0
2025-04-16 00:35:00+09:00,0.004847,0.004847,0.004802,0.004814,2263806.0
2025-04-16 00:40:00+09:00,0.004814,0.004817,0.004801,0.004805,1632460.0
2025-04-16 00:45:00+09:00,0.004806,0.004814,0.004791,0.004804,2147505.0
2025-04-16 00:50:00+09:00,0.004804,0.004816,0.004786,0.004807,1258139.0
2025-04-16 00:55:00+09:00,0.004807,0.004823,0.004803,0.004823,1300916.0
2025-04-16 01:00:00+09:00,0.004824,0.004843,0.004824,0.004832,1293674.0
2025-04-16 01:05:00+09:00,0.004833,0.004839,0.004808,0.004822,1756954.0
2025-04-16 01:10:00+09:00,0.004821,0.004833,0.004812,0.004814,704291.0
2025-04-16 01:15:00+09:00,0.004812,0.004828,0.004808,0.004815,1131850.0
2025-04-16 01:20:00+09:00,0.004816,0.004819,0.00479,0.00479,5228434.0
2025-04-16 01:25:00+09:00,0.004791,0.00481,0.004791,0.004806,594342.0
2025-04-16 01:30:00+09:00,0.004805,0.004814,0.004791,0.004802,875382.0
2025-04-16 01:35:00+09:00,0.004804,0.004821,0.004801,0.004814,7754921.0
2025-04-16 01:40:00+09:00,0.004813,0.004826,0.004811,0.004816,6661501.0
2025-04-16 01:45:00+09:00,0.004819,0.004842,0.004818,0.004842,13145462.0
2025-04-16 01:50:00+09:00,0.004841,0.004843,0.004829,0.004831,9296585.0
2025-04-16 01:55:00+09:00,0.004832,0.004842,0.004823,0.004835,11389896.0
2025-04-16 02:00:00+09:00,0.004836,0.004841,0.004823,0.004832,11781947.0
2025-04-16 02:05:00+09:00,0.004831,0.004831,0.004803,0.00481,5695232.0
2025-04-16 02:10:00+09:00,0.004809,0.004837,0.004809,0.004816,4784894.0
2025-04-16 02:15:00+09:00,0.004816,0.004818,0.004785,0.004789,2058655.0
2025-04-16 02:20:00+09:00,0.004789,0.004796,0.004761,0.004761,3785968.0
2025-04-16 02:25:00+09:00,0.004761,0.004762,0.004746,0.004754,4725025.0
2025-04-16 02:30:00+09:00,0.004752,0.004765,0.004749,0.004757,1338573.0
2025-04-16 02:35:00+09:00,0.004758,0.00478,0.004754,0.004778,957926.0
2025-04-16 02:40:00+09:00,0.00478,0.004782,0.004763,0.004763,539774.0
2025-04-16 02:45:00+09:00,0.004762,0.004763,0.004734,0.004735,2271290.0
2025-04-16 02:50:00+09:00,0.004736,0.004737,0.004639,0.004668,27661453.0
2025-04-16 02:55:00+09:00,0.004669,0.004687,0.004662,0.004687,4269454.0
2025-04-16 03:00:00+09:00,0.004686,0.004694,0.004658,0.004682,9166780.0
2025-04-16 03:05:00+09:00,0.004682,0.004688,0.004653,0.004668,3169320.0
2025-04-16 03:10:00+09:00,0.00467,0.004683,0.004663,0.004681,1395313.0
2025-04-16 03:15:00+09:00,0.004681,0.004686,0.004652,0.004677,2780811.0
2025-04-16 03:20:00+09:00,0.004679,0.004682,0.004658,0.004671,808057.0
2025-04-16 03:25:00+09:00,0.00467,0.004679,0.004663,0.004676,3050213.0
2025-04-16 03:30:00+09:00,0.004676,0.004683,0.004663,0.004672,1075011.0
2025-04-16 03:35:00+09:00,0.004674,0.004691,0.00467,0.004691,6213556.0
2025-04-16 03:40:00+09:00,0.004691,0.004724,0.004691,0.004724,3672836.0
2025-04-16 03:45:00+09:00,0.004723,0.004726,0.004696,0.004699,1625645.0
2025-04-16 03:50:00+09:00,0.0047,0.004705,0.004687,0.004687,996300.0
2025-04-16 03:55:00+09:00,0.004687,0.004688,0.004672,0.004685,1365568.0
2025-04-16 04:00:00+09:00,0.004684,0.004684,0.004673,0.004679,508747.0
2025-04-16 04:05:00+09:00,0.004678,0.004704,0.004671,0.004697,1072559.0
2025-04-16 04:10:00+09:00,0.004696,0.004707,0.004692,0.0047,1391310.0
2025-04-16 04:15:00+09:00,0.004698,0.004699,0.004676,0.004678,1330827.0
2025-04-16 04:20:00+09:00,0.004678,0.004678,0.004659,0.004664,1154577.0
2025-04-16 04:25:00+09:00,0.004663,0.004671,0.004653,0.004669,889862.0
2025-04-16 04:30:00+09:00,0.004669,0.004678,0.004666,0.004674,1193071.0
2025-04-16 04:35:00+09:00,0.004673,0.004674,0.004662,0.004664,765936.0
2025-04-16 04:40:00+09:00,0.004664,0.004672,0.004618,0.004636,19995284.0
2025-04-16 04:45:00+09:00,0.004636,0.004642,0.004616,0.004616,4232287.0
2025-04-16 04:50:00+09:00,0.004616,0.004627,0.004566,0.004584,47244441.0
2025-04-16 04:55:00+09:00,0.004584,0.004602,0.004584,0.004598,1921811.0
2025-04-16 05:00:00+09:00,0.004598,0.004616,0.004598,0.004607,4992384.0
2025-04-16 05:05:00+09:00,0.004608,0.004648,0.004605,0.004641,5163121.0
2025-04-16 05:10:00+09:00,0.00464,0.004648,0.004628,0.004636,1800691.0
2025-04-16 05:15:00+09:00,0.004635,0.004658,0.004628,0.004654,5064560.0
2025-04-16 05:20:00+09:00,0.004653,0.004659,0.004634,0.00464,1656131.0
2025-04-16 05:25:00+09:00,0.004639,0.004647,0.00463,0.004636,2625053.0
2025-04-16 05:30:00+09:00,0.004636,0.004636,0.004617,0.004621,2107768.0
2025-04-16 05:35:00+09:00,0.004623,0.004625,0.004605,0.004612,6199214.0
2025-04-16 05:40:00+09:00,0.004612,0.004612,0.004593,0.004593,4324161.0
2025-04-16 05:45:00+09:00,0.004592,0.004597,0.004567,0.004567,7767550.0
2025-04-16 05:50:00+09:00,0.004569,0.004573,0.00455,0.004555,3785911.0
2025-04-16 05:55:00+09:00,0.004553,0.004554,0.004538,0.004549,18400814.0
2025-04-16 06:00:00+09:00,0.004549,0.004557,0.004535,0.004549,5708879.0
2025-04-16 06:05:00+09:00,0.004551,0.00457,0.004534,0.004543,3567063.0
2025-04-16 06:10:00+09:00,0.004543,0.004545,0.004526,0.004529,2347673.0
2025-04-16 06:15:00+09:00,0.004527,0.004551,0.004525,0.004547,3875569.0
2025-04-16 06:20:00+09:00,0.004548,0.004565,0.004548,0.004553,1291699.0
2025-04-16 06:25:00+09:00,0.004551,0.004572,0.004547,0.00456,785661.0
2025-04-16 06:30:00+09:00,0.00456,0.004577,0.004554,0.004577,484299.0
2025-04-16 06:35:00+09:00,0.004576,0.004583,0.004565,0.004568,2332074.0
2025-04-16 06:40:00+09:00,0.004568,0.00458,0.00456,0.004577,2077943.0
2025-04-16 06:45:00+09:00,0.004577,0.004582,0.004565,0.004578,6930294.0
2025-04-16 06:50:00+09:00,0.004579,0.004581,0.004561,0.004561,5616682.0
2025-04-16 06:55:00+09:00,0.004566,0.004575,0.004564,0.004568,525221.0
2025-04-16 07:00:00+09:00,0.004566,0.004569,0.004552,0.004569,480813.0
2025-04-16 07:05:00+09:00,0.004568,0.004579,0.004554,0.004554,1027418.0
2025-04-16 07:10:00+09:00,0.00455,0.004557,0.004548,0.004555,658935.0
2025-04-16 07:15:00+09:00,0.004555,0.004558,0.004548,0.004552,735522.0
2025-04-16 07:20:00+09:00,0.004553,0.004554,0.004539,0.00454,2658054.0
2025-04-16 07:25:00+09:00,0.004539,0.004548,0.004531,0.004541,1761472.0
2025-04-16 07:30:00+09:00,0.004541,0.004543,0.004516,0.004527,3770046.0
2025-04-16 07:35:00+09:00,0.004527,0.004532,0.004516,0.004517,1877832.0
2025-04-16 07:40:00+09:00,0.004516,0.004525,0.004515,0.004521,1677686.0
2025-04-16 07:45:00+09:00,0.00452,0.004522,0.004497,0.004501,3524734.0
2025-04-16 07:50:00+09:00,0.0045,0.004505,0.004495,0.004504,3423776.0
2025-04-16 07:55:00+09:00,0.004504,0.00452,0.004501,0.00452,550028.0
2025-04-16 08:00:00+09:00,0.004518,0.004529,0.004517,0.004525,1500920.0
2025-04-16 08:05:00+09:00,0.004524,0.004534,0.004517,0.004526,546740.0
2025-04-16 08:10:00+09:00,0.004525,0.004536,0.004522,0.004533,1495641.0
2025-04-16 08:15:00+09:00,0.004534,0.004537,0.004528,0.004534,1194628.0
2025-04-16 08:20:00+09:00,0.004534,0.004546,0.004532,0.004541,1508839.0
2025-04-16 08:25:00+09:00,0.00454,0.00454,0.004532,0.004532,524918.0
2025-04-16 08:30:00+09:00,0.004532,0.004537,0.004527,0.004532,723785.0
2025-04-16 08:35:00+09:00,0.004533,0.004537,0.004529,0.00453,798661.0
2025-04-16 08:40:00+09:00,0.00453,0.004534,0.004512,0.004515,2847201.0
2025-04-16 08:45:00+09:00,0.004515,0.004522,0.004512,0.004517,902090.0
2025-04-16 08:50:00+09:00,0.004517,0.004517,0.00451,0.004515,754904.0
2025-04-16 08:55:00+09:00,0.004516,0.004527,0.004516,0.004522,2595991.0
2025-04-16 09:00:00+09:00,0.004522,0.004533,0.004511,0.004528,8553665.0
2025-04-16 09:05:00+09:00,0.00453,0.00454,0.004522,0.004531,8788498.0
2025-04-16 09:10:00+09:00,0.004531,0.004539,0.00452,0.004527,1145141.0
2025-04-16 09:15:00+09:00,0.004527,0.00453,0.0045,0.0045,1606094.0
2025-04-16 09:20:00+09:00,0.004499,0.004556,0.004498,0.004554,2730625.0
2025-04-16 09:25:00+09:00,0.004554,0.004571,0.004551,0.00457,1208524.0
2025-04-16 09:30:00+09:00,0.004571,0.004589,0.00457,0.004579,2478920.0
2025-04-16 09:35:00+09:00,0.004577,0.004577,0.004559,0.004561,1120502.0
2025-04-16 09:40:00+09:00,0.00456,0.00456,0.004514,0.004518,2340800.0
2025-04-16 09:45:00+09:00,0.004518,0.004544,0.004513,0.00454,1688179.0
2025-04-16 09:50:00+09:00,0.004542,0.004549,0.00453,0.004539,910674.0
2025-04-16 09:55:00+09:00,0.004539,0.004539,0.004515,0.004515,2379003.0
2025-04-16 10:00:00+09:00,0.004514,0.004527,0.004507,0.004518,1545475.0
2025-04-16 10:05:00+09:00,0.004519,0.004548,0.004517,0.004542,1013597.0
2025-04-16 10:10:00+09:00,0.004542,0.004542,0.004522,0.004528,481904.0
2025-04-16 10:15:00+09:00,0.004529,0.004544,0.004517,0.004542,613631.0
2025-04-16 10:20:00+09:00,0.004541,0.00456,0.004534,0.00456,1290961.0
2025-04-16 10:25:00+09:00,0.004561,0.004566,0.004555,0.004557,1661874.0
2025-04-16 10:30:00+09:00,0.004556,0.004556,0.004526,0.004531,1204209.0
2025-04-16 10:35:00+09:00,0.004532,0.004543,0.004527,0.00454,482280.0
2025-04-16 10:40:00+09:00,0.004541,0.004541,0.004521,0.004529,436097.0
2025-04-16 10:45:00+09:00,0.00453,0.004556,0.00453,0.004552,671402.0
2025-04-16 10:50:00+09:00,0.00455,0.00455,0.004535,0.004538,568534.0
2025-04-16 10:55:00+09:00,0.004537,0.004537,0.004531,0.004533,756207.0
2025-04-16 11:00:00+09:00,0.004532,0.004545,0.004527,0.004538,1126807.0
2025-04-16 11:05:00+09:00,0.004537,0.004542,0.004524,0.00454,1028439.0
2025-04-16 11:10:00+09:00,0.00454,0.004542,0.004528,0.004539,1351094.0
2025-04-16 11:15:00+09:00,0.004538,0.004539,0.00449,0.004495,5490582.0
2025-04-16 11:20:00+09:00,0.004495,0.004557,0.004489,0.00452,44582992.0
2025-04-16 11:25:00+09:00,0.004519,0.004536,0.004512,0.004527,14143859.0
2025-04-16 11:30:00+09:00,0.004527,0.004535,0.004517,0.004525,2776556.0
2025-04-16 11:35:00+09:00,0.004526,0.004539,0.004518,0.004519,3027872.0
2025-04-16 11:40:00+09:00,0.00452,0.004528,0.004513,0.004515,12537725.0
2025-04-16 11:45:00+09:00,0.004515,0.004534,0.004512,0.004521,1457380.0
2025-04-16 11:50:00+09:00,0.00452,0.004522,0.004511,0.004515,2151573.0
2025-04-16 11:55:00+09:00,0.004515,0.004543,0.004515,0.004542,4888466.0
2025-04-16 12:00:00+09:00,0.004541,0.004542,0.004534,0.004537,1516676.0
2025-04-16 12:05:00+09:00,0.004536,0.004554,0.004536,0.004554,2151745.0
2025-04-16 12:10:00+09:00,0.004554,0.004568,0.004553,0.004567,4041919.0
2025-04-16 12:15:00+09:00,0.004568,0.00458,0.004546,0.004553,7410149.0
2025-04-16 12:20:00+09:00,0.004553,0.004563,0.004552,0.004552,1120086.0
2025-04-16 12:25:00+09:00,0.004552,0.004557,0.004542,0.004545,856535.0
2025-04-16 12:30:00+09:00,0.004545,0.004552,0.004533,0.004537,2489365.0
2025-04-16 12:35:00+09:00,0.004539,0.004554,0.004539,0.004554,1780442.0
2025-04-16 12:40:00+09:00,0.004553,0.004553,0.004539,0.004549,595876.0
2025-04-16 12:45:00+09:00,0.004552,0.004554,0.00454,0.004542,1525546.0
2025-04-16 12:50:00+09:00,0.004541,0.004542,0.00453,0.004532,1059762.0
2025-04-16 12:55:00+09:00,0.004531,0.004534,0.004511,0.004518,8154833.0
2025-04-16 13:00:00+09:00,0.004519,0.004529,0.004511,0.004527,1190748.0
2025-04-16 13:05:00+09:00,0.004527,0.004539,0.004515,0.004517,1197773.0
2025-04-16 13:10:00+09:00,0.004516,0.004528,0.004513,0.004522,11506331.0
2025-04-16 13:15:00+09:00,0.004521,0.004521,0.004494,0.004497,2051005.0
2025-04-16 13:20:00+09:00,0.004496,0.004508,0.004492,0.004499,1871528.0
2025-04-16 13:25:00+09:00,0.0045,0.004514,0.0045,0.00451,2745322.0
2025-04-16 13:30:00+09:00,0.004512,0.004531,0.004512,0.004523,3332985.0
2025-04-16 13:35:00+09:00,0.004524,0.004526,0.00451,0.004519,3109869.0
2025-04-16 13:40:00+09:00,0.004519,0.00452,0.004508,0.004512,343761.0
2025-04-16 13:45:00+09:00,0.004513,0.004537,0.004508,0.004532,1978466.0
2025-04-16 13:50:00+09:00,0.004532,0.004544,0.004532,0.004541,732252.0
2025-04-16 13:55:00+09:00,0.00454,0.004547,0.004539,0.004547,585033.0
2025-04-16 14:00:00+09:00,0.004546,0.004559,0.004546,0.004554,2208102.0
2025-04-16 14:05:00+09:00,0.004554,0.004573,0.004554,0.00457,3141046.0
2025-04-16 14:10:00+09:00,0.004571,0.004587,0.004571,0.004586,1781040.0
2025-04-16 14:15:00+09:00,0.004586,0.004589,0.004567,0.004567,1735562.0
2025-04-16 14:20:00+09:00,0.004567,0.004567,0.004499,0.004512,7196138.0
2025-04-16 14:25:00+09:00,0.004513,0.004519,0.004505,0.004514,1263320.0
2025-04-16 14:30:00+09:00,0.004514,0.004518,0.004501,0.004506,2065189.0
2025-04-16 14:35:00+09:00,0.004507,0.004531,0.004505,0.00453,1244510.0
2025-04-16 14:40:00+09:00,0.004531,0.004531,0.004518,0.004521,4071527.0
2025-04-16 14:45:00+09:00,0.00452,0.004525,0.004506,0.004506,7066376.0
2025-04-16 14:50:00+09:00,0.004505,0.004511,0.004502,0.004506,2543730.0
2025-04-16 14:55:00+09:00,0.004505,0.004505,0.004474,0.004481,17120654.0
2025-04-16 15:00:00+09:00,0.00448,0.004495,0.004467,0.00449,10342872.0
2025-04-16 15:05:00+09:00,0.00449,0.0045,0.004479,0.004484,1702309.0
2025-04-16 15:10:00+09:00,0.004483,0.004511,0.00448,0.00451,2346228.0
2025-04-16 15:15:00+09:00,0.004511,0.00452,0.004504,0.004508,3140746.0
2025-04-16 15:20:00+09:00,0.004506,0.004525,0.004502,0.004524,1049929.0
2025-04-16 15:25:00+09:00,0.004523,0.004526,0.004504,0.004505,1314112.0
2025-04-16 15:30:00+09:00,0.004505,0.004519,0.004505,0.004517,1436293.0
2025-04-16 15:35:00+09:00,0.004517,0.004517,0.0045,0.0045,1114093.0
2025-04-16 15:40:00+09:00,0.004501,0.004514,0.0045,0.004512,5907209.0
2025-04-16 15:45:00+09:00,0.004512,0.004517,0.004505,0.004514,1881343.0
2025-04-16 15:50:00+09:00,0.004514,0.004514,0.004441,0.00446,127853917.0
2025-04-16 15:55:00+09:00,0.00446,0.004463,0.004453,0.00446,2090170.0
2025-04-16 16:00:00+09:00,0.004463,0.004464,0.004398,0.004406,45085930.0
2025-04-16 16:05:00+09:00,0.004407,0.004422,0.004407,0.004417,5326177.0
2025-04-16 16:10:00+09:00,0.004418,0.004421,0.004411,0.004419,2609807.0
2025-04-16 16:15:00+09:00,0.004418,0.004431,0.004418,0.004419,4528804.0
2025-04-16 16:20:00+09:00,0.004418,0.004423,0.004406,0.004406,908026.0
2025-04-16 16:25:00+09:00,0.004407,0.004408,0.004384,0.0044,5678721.0
2025-04-16 16:30:00+09:00,0.0044,0.004414,0.0044,0.004403,1155045.0
2025-04-16 16:35:00+09:00,0.004402,0.004402,0.004336,0.004364,51351187.0
2025-04-16 16:40:00+09:00,0.004366,0.004387,0.004366,0.004381,2971378.0
2025-04-16 16:45:00+09:00,0.00438,0.004383,0.004351,0.004369,9982145.0
2025-04-16 16:50:00+09:00,0.004369,0.004387,0.004365,0.004383,3933903.0
2025-04-16 16:55:00+09:00,0.004381,0.004381,0.004365,0.004375,2528047.0
2025-04-16 17:00:00+09:00,0.004377,0.004379,0.004354,0.00436,1625028.0
2025-04-16 17:05:00+09:00,0.004359,0.004379,0.004354,0.004356,1654433.0
2025-04-16 17:10:00+09:00,0.004357,0.004358,0.004334,0.004341,2780387.0
2025-04-16 17:15:00+09:00,0.004341,0.00436,0.004328,0.00434,9092123.0
2025-04-16 17:20:00+09:00,0.004338,0.004345,0.00433,0.004338,2643778.0
2025-04-16 17:25:00+09:00,0.004342,0.004397,0.004342,0.004376,7134902.0
2025-04-16 17:30:00+09:00,0.004377,0.0044,0.004377,0.00439,1339982.0
2025-04-16 17:35:00+09:00,0.004391,0.0044,0.004383,0.004398,1484224.0
2025-04-16 17:40:00+09:00,0.004397,0.004442,0.004392,0.004409,31231770.0
2025-04-16 17:45:00+09:00,0.004409,0.004417,0.004401,0.004403,2039161.0
2025-04-16 17:50:00+09:00,0.004402,0.004405,0.004386,0.00439,1067374.0
2025-04-16 17:55:00+09:00,0.00439,0.004395,0.004376,0.004391,5120477.0
2025-04-16 18:00:00+09:00,0.004391,0.004405,0.004386,0.004392,2505894.0
2025-04-16 18:05:00+09:00,0.004392,0.004413,0.004386,0.004405,1514077.0
2025-04-16 18:10:00+09:00,0.004406,0.004417,0.0044,0.004414,7159313.0
2025-04-16 18:15:00+09:00,0.004415,0.004437,0.004412,0.004432,2436538.0
2025-04-16 18:20:00+09:00,0.004431,0.004437,0.004417,0.004417,3185062.0
2025-04-16 18:25:00+09:00,0.004417,0.004426,0.004414,0.004422,1229166.0
2025-04-16 18:30:00+09:00,0.004422,0.004425,0.004406,0.004406,2516792.0
2025-04-16 18:35:00+09:00,0.004408,0.00442,0.004407,0.004414,1067594.0
2025-04-16 18:40:00+09:00,0.004413,0.004429,0.004406,0.004407,1080670.0
2025-04-16 18:45:00+09:00,0.004407,0.004412,0.004375,0.004377,4632979.0
2025-04-16 18:50:00+09:00,0.004378,0.004389,0.004376,0.004388,965693.0
2025-04-16 18:55:00+09:00,0.004389,0.004389,0.004373,0.004373,5141296.0
2025-04-16 19:00:00+09:00,0.004372,0.004387,0.00437,0.004386,1363736.0
2025-04-16 19:05:00+09:00,0.004387,0.004388,0.004365,0.004378,855830.0
2025-04-16 19:10:00+09:00,0.004376,0.004381,0.004376,0.00438,459590.0
2025-04-16 19:15:00+09:00,0.004378,0.004394,0.004374,0.004394,1331726.0
2025-04-16 19:20:00+09:00,0.004396,0.004405,0.004387,0.004404,1505699.0
2025-04-16 19:25:00+09:00,0.004403,0.004419,0.00436,0.004398,51701000.0
2025-04-16 19:30:00+09:00,0.004398,0.004401,0.004381,0.004381,3534471.0
2025-04-16 19:35:00+09:00,0.004381,0.004406,0.004381,0.004391,4579795.0
2025-04-16 19:40:00+09:00,0.004391,0.004393,0.004387,0.004389,1936662.0
2025-04-16 19:45:00+09:00,0.00439,0.004401,0.004387,0.004389,1676609.0
2025-04-16 19:50:00+09:00,0.004389,0.004417,0.004389,0.004404,3695454.0
2025-04-16 19:55:00+09:00,0.004403,0.004406,0.004385,0.004388,870025.0
2025-04-16 20:00:00+09:00,0.004387,0.004398,0.004379,0.004389,1365024.0
2025-04-16 20:05:00+09:00,0.004388,0.004404,0.004383,0.004398,2056626.0
2025-04-16 20:10:00+09:00,0.004397,0.004398,0.004392,0.004394,599395.0
2025-04-16 20:15:00+09:00,0.004395,0.004404,0.004389,0.004403,976878.0
2025-04-16 20:20:00+09:00,0.004403,0.004404,0.004372,0.004374,1751547.0
2025-04-16 20:25:00+09:00,0.004374,0.004374,0.004361,0.004364,1239647.0
2025-04-16 20:30:00+09:00,0.004364,0.004387,0.00433,0.004349,54187357.0
2025-04-16 20:35:00+09:00,0.00435,0.00436,0.00435,0.004354,2404441.0
2025-04-16 20:40:00+09:00,0.004354,0.004382,0.004354,0.004381,2134335.0
2025-04-16 20:45:00+09:00,0.004382,0.004403,0.004382,0.004397,2550471.0
2025-04-16 20:50:00+09:00,0.004397,0.004398,0.004381,0.004388,1881323.0
2025-04-16 20:55:00+09:00,0.004388,0.004391,0.004382,0.004391,1744161.0
2025-04-16 21:00:00+09:00,0.004391,0.004396,0.004372,0.004381,6964406.0
2025-04-16 21:05:00+09:00,0.004381,0.004387,0.004371,0.004385,1161293.0
2025-04-16 21:10:00+09:00,0.004385,0.004385,0.004358,0.00436,1346671.0
2025-04-16 21:15:00+09:00,0.004359,0.004373,0.004359,0.00437,1302851.0
2025-04-16 21:20:00+09:00,0.004371,0.004399,0.004367,0.004396,3565280.0
2025-04-16 21:25:00+09:00,0.004396,0.004414,0.004396,0.004401,3049131.0
2025-04-16 21:30:00+09:00,0.004402,0.004408,0.004383,0.004383,1316718.0
2025-04-16 21:35:00+09:00,0.004383,0.004399,0.004368,0.004372,1811236.0
2025-04-16 21:40:00+09:00,0.004372,0.004373,0.00435,0.004355,1612001.0
2025-04-16 21:45:00+09:00,0.004354,0.004354,0.004326,0.004334,6714257.0
2025-04-16 21:50:00+09:00,0.004333,0.004344,0.004329,0.00434,1267590.0
2025-04-16 21:55:00+09:00,0.004342,0.00435,0.00433,0.004332,1062592.0
2025-04-16 22:00:00+09:00,0.004331,0.004341,0.004326,0.00434,4693889.0
2025-04-16 22:05:00+09:00,0.004338,0.004344,0.004325,0.00433,738331.0
2025-04-16 22:10:00+09:00,0.004329,0.004334,0.00431,0.004318,2935751.0
2025-04-16 22:15:00+09:00,0.004319,0.004329,0.004285,0.004286,5582376.0
2025-04-16 22:20:00+09:00,0.004288,0.004306,0.004285,0.004304,1153429.0
2025-04-16 22:25:00+09:00,0.004304,0.004312,0.0043,0.00431,1630393.0
2025-04-16 22:30:00+09:00,0.004309,0.004324,0.004291,0.004322,1653439.0
2025-04-16 22:35:00+09:00,0.004323,0.004353,0.004311,0.004346,6626655.0
2025-04-16 22:40:00+09:00,0.004345,0.004352,0.004326,0.004338,2722691.0
2025-04-16 22:45:00+09:00,0.004339,0.004346,0.004318,0.004339,2006290.0
2025-04-16 22:50:00+09:00,0.004337,0.004344,0.004319,0.00432,3089688.0
2025-04-16 22:55:00+09:00,0.00432,0.004331,0.004303,0.004303,2740664.0
2025-04-16 23:00:00+09:00,0.004303,0.004315,0.004297,0.004307,4590469.0
2025-04-16 23:05:00+09:00,0.004308,0.004328,0.004307,0.004322,2407317.0
2025-04-16 23:10:00+09:00,0.004321,0.00433,0.004301,0.004301,1348164.0
2025-04-16 23:15:00+09:00,0.004303,0.00431,0.004293,0.004301,1816316.0
2025-04-16 23:20:00+09:00,0.004301,0.004354,0.004301,0.004343,12124530.0
2025-04-16 23:25:00+09:00,0.004342,0.004358,0.004317,0.004346,24943533.0
2025-04-16 23:30:00+09:00,0.004346,0.004394,0.004346,0.004391,8557563.0
2025-04-16 23:35:00+09:00,0.004389,0.004411,0.004362,0.004365,20341971.0
2025-04-16 23:40:00+09:00,0.004364,0.004397,0.004361,0.004394,3195451.0
2025-04-16 23:45:00+09:00,0.004393,0.004396,0.004374,0.004375,3446569.0
2025-04-16 23:50:00+09:00,0.004373,0.004399,0.004363,0.004379,5021979.0
2025-04-16 23:55:00+09:00,0.00438,0.004385,0.004365,0.004369,2156953.0
2025-04-17 00:00:00+09:00,0.00437,0.004378,0.00435,0.004357,5329338.0
2025-04-17 00:05:00+09:00,0.004359,0.00436,0.004341,0.004347,2210945.0
2025-04-17 00:10:00+09:00,0.004347,0.004388,0.004347,0.004377,4939805.0
2025-04-17 00:15:00+09:00,0.004378,0.00439,0.004361,0.004386,4670351.0
2025-04-17 00:20:00+09:00,0.004387,0.004409,0.004381,0.004405,4893054.0
2025-04-17 00:25:00+09:00,0.004406,0.004456,0.004406,0.004444,23029184.0
2025-04-17 00:30:00+09:00,0.004444,0.004447,0.004403,0.004406,48448124.0
2025-04-17 00:35:00+09:00,0.004406,0.004436,0.004406,0.004413,5510469.0
2025-04-17 00:40:00+09:00,0.004413,0.004418,0.00439,0.004398,13091420.0
2025-04-17 00:45:00+09:00,0.004399,0.004412,0.004386,0.004394,5534825.0
2025-04-17 00:50:00+09:00,0.004395,0.00441,0.004376,0.004383,11279416.0
2025-04-17 00:55:00+09:00,0.004384,0.004396,0.004382,0.004389,1388182.0
2025-04-17 01:00:00+09:00,0.004391,0.004407,0.004388,0.004402,5629929.0
2025-04-17 01:05:00+09:00,0.004401,0.004402,0.004372,0.004397,3321103.0
2025-04-17 01:10:00+09:00,0.004396,0.004418,0.004389,0.004391,2827557.0
2025-04-17 01:15:00+09:00,0.004392,0.004406,0.004369,0.00437,3311374.0
2025-04-17 01:20:00+09:00,0.004371,0.004383,0.004343,0.004351,17804845.0
2025-04-17 01:25:00+09:00,0.00435,0.004361,0.004339,0.004341,1367539.0
2025-04-17 01:30:00+09:00,0.00434,0.004357,0.004338,0.004353,2296211.0
2025-04-17 01:35:00+09:00,0.004352,0.004354,0.004313,0.004317,2276322.0
2025-04-17 01:40:00+09:00,0.004316,0.004333,0.004312,0.004328,1723472.0
2025-04-17 01:45:00+09:00,0.00433,0.004337,0.004319,0.004335,2414324.0
2025-04-17 01:50:00+09:00,0.004334,0.004368,0.004332,0.004365,2336835.0
2025-04-17 01:55:00+09:00,0.004366,0.004389,0.004366,0.004373,2200277.0
2025-04-17 02:00:00+09:00,0.004373,0.004418,0.004372,0.004418,6428748.0
2025-04-17 02:05:00+09:00,0.004417,0.004424,0.004393,0.004397,1671672.0
2025-04-17 02:10:00+09:00,0.004396,0.004412,0.00439,0.004399,1928772.0
2025-04-17 02:15:00+09:00,0.0044,0.004451,0.004398,0.004451,2777392.0
2025-04-17 02:20:00+09:00,0.004452,0.004471,0.00444,0.004457,6114937.0
2025-04-17 02:25:00+09:00,0.004458,0.004459,0.004442,0.004446,1991065.0
2025-04-17 02:30:00+09:00,0.004446,0.004477,0.004389,0.0044,57311333.0
2025-04-17 02:35:00+09:00,0.004401,0.004445,0.004399,0.004416,3002765.0
2025-04-17 02:40:00+09:00,0.004416,0.004417,0.004355,0.004376,5448158.0
2025-04-17 02:45:00+09:00,0.004375,0.004375,0.004322,0.004335,4351856.0
2025-04-17 02:50:00+09:00,0.004336,0.004336,0.004292,0.004309,11883236.0
2025-04-17 02:55:00+09:00,0.004309,0.004311,0.004267,0.004294,6873790.0
2025-04-17 03:00:00+09:00,0.004294,0.004356,0.004294,0.004355,20630812.0
2025-04-17 03:05:00+09:00,0.004355,0.004404,0.004355,0.004391,27468784.0
2025-04-17 03:10:00+09:00,0.004392,0.004437,0.004392,0.004422,13090512.0
2025-04-17 03:15:00+09:00,0.004422,0.004422,0.004375,0.004387,4057404.0
2025-04-17 03:20:00+09:00,0.004386,0.004448,0.00438,0.004437,8951572.0
2025-04-17 03:25:00+09:00,0.004436,0.004478,0.004432,0.004459,7032786.0
2025-04-17 03:30:00+09:00,0.004458,0.004468,0.004431,0.004433,4226881.0
2025-04-17 03:35:00+09:00,0.004433,0.004438,0.004401,0.004402,2167229.0
2025-04-17 03:40:00+09:00,0.004403,0.004411,0.004376,0.004394,4027317.0
2025-04-17 03:45:00+09:00,0.004393,0.004417,0.00439,0.004408,2555306.0
2025-04-17 03:50:00+09:00,0.004409,0.004424,0.004397,0.004418,2607582.0
2025-04-17 03:55:00+09:00,0.004419,0.004456,0.004419,0.004449,2676047.0
2025-04-17 04:00:00+09:00,0.00445,0.004455,0.004424,0.004424,2348983.0
2025-04-17 04:05:00+09:00,0.004423,0.004438,0.004408,0.004421,1090090.0
2025-04-17 04:10:00+09:00,0.004422,0.004461,0.004421,0.004453,1589302.0
2025-04-17 04:15:00+09:00,0.004452,0.004458,0.004437,0.004439,1445641.0
2025-04-17 04:20:00+09:00,0.004438,0.004442,0.004409,0.004412,1965087.0
2025-04-17 04:25:00+09:00,0.004412,0.004423,0.004406,0.004421,1390375.0
2025-04-17 04:30:00+09:00,0.004422,0.004447,0.00442,0.004443,2957190.0
2025-04-17 04:35:00+09:00,0.004441,0.00447,0.004439,0.004467,1901678.0
2025-04-17 04:40:00+09:00,0.004466,0.004471,0.004459,0.004464,2060684.0
2025-04-17 04:45:00+09:00,0.004464,0.004515,0.004461,0.004515,5940795.0
2025-04-17 04:50:00+09:00,0.004516,0.004576,0.004516,0.004568,17628146.0
2025-04-17 04:55:00+09:00,0.004567,0.004621,0.004548,0.004577,28693477.0
2025-04-17 05:00:00+09:00,0.004578,0.004603,0.004573,0.004577,4802778.0
2025-04-17 05:05:00+09:00,0.00458,0.004597,0.004565,0.004568,3109035.0
2025-04-17 05:10:00+09:00,0.004569,0.00458,0.004551,0.004565,2056873.0
2025-04-17 05:15:00+09:00,0.004566,0.004592,0.004559,0.004576,1948610.0
2025-04-17 05:20:00+09:00,0.004576,0.004605,0.004571,0.004572,4237766.0
2025-04-17 05:25:00+09:00,0.004572,0.004578,0.004561,0.004564,989195.0
2025-04-17 05:30:00+09:00,0.004567,0.004574,0.004562,0.004566,1637813.0
2025-04-17 05:35:00+09:00,0.004566,0.004591,0.004566,0.004579,4682792.0
2025-04-17 05:40:00+09:00,0.004578,0.004578,0.00454,0.00454,3169688.0
2025-04-17 05:45:00+09:00,0.004542,0.004558,0.004531,0.004551,2008176.0
2025-04-17 05:50:00+09:00,0.00455,0.00455,0.00453,0.00453,877145.0
2025-04-17 05:55:00+09:00,0.004531,0.004541,0.00452,0.004522,4212921.0
2025-04-17 06:00:00+09:00,0.004523,0.004561,0.004507,0.004536,9387949.0
2025-04-17 06:05:00+09:00,0.004536,0.004546,0.004523,0.00454,2494380.0
2025-04-17 06:10:00+09:00,0.004539,0.004539,0.004521,0.004529,1240058.0
2025-04-17 06:15:00+09:00,0.004526,0.004549,0.00452,0.004547,608166.0
2025-04-17 06:20:00+09:00,0.004547,0.00456,0.004534,0.004558,1323532.0
2025-04-17 06:25:00+09:00,0.004557,0.004581,0.004551,0.004562,1163566.0
2025-04-17 06:30:00+09:00,0.004561,0.004565,0.004537,0.00454,2507734.0
2025-04-17 06:35:00+09:00,0.004538,0.00454,0.004521,0.004529,3891372.0
2025-04-17 06:40:00+09:00,0.004529,0.004529,0.004514,0.004514,1036184.0
2025-04-17 06:45:00+09:00,0.004511,0.004544,0.00451,0.004542,27584899.0
2025-04-17 06:50:00+09:00,0.004542,0.004616,0.004531,0.004605,78707920.0
2025-04-17 06:55:00+09:00,0.004605,0.004652,0.004604,0.004625,142965214.0
2025-04-17 07:00:00+09:00,0.004626,0.004652,0.004608,0.004633,23047062.0
2025-04-17 07:05:00+09:00,0.004634,0.004644,0.004603,0.004642,7108532.0
2025-04-17 07:10:00+09:00,0.004642,0.004642,0.004618,0.00463,5136758.0
2025-04-17 07:15:00+09:00,0.004627,0.004637,0.00462,0.004632,2811980.0
2025-04-17 07:20:00+09:00,0.004632,0.004663,0.004628,0.004657,6499004.0
2025-04-17 07:25:00+09:00,0.004657,0.004685,0.004657,0.004669,9942853.0
2025-04-17 07:30:00+09:00,0.004669,0.004719,0.004666,0.004676,14789583.0
2025-04-17 07:35:00+09:00,0.004675,0.0047,0.004667,0.0047,3871374.0
2025-04-17 07:40:00+09:00,0.004703,0.004743,0.004701,0.004734,10009084.0
2025-04-17 07:45:00+09:00,0.004737,0.004751,0.004732,0.004749,8791204.0
2025-04-17 07:50:00+09:00,0.004749,0.004749,0.00467,0.004677,13483485.0
2025-04-17 07:55:00+09:00,0.004678,0.004693,0.004674,0.004681,2777694.0
2025-04-17 08:00:00+09:00,0.004681,0.004713,0.004668,0.004702,3784821.0
2025-04-17 08:05:00+09:00,0.004704,0.004708,0.004686,0.004708,2439423.0
2025-04-17 08:10:00+09:00,0.004708,0.004732,0.004705,0.004707,2432082.0
2025-04-17 08:15:00+09:00,0.004709,0.004711,0.00469,0.004691,6510017.0
2025-04-17 08:20:00+09:00,0.00469,0.00469,0.004639,0.004645,5996400.0
2025-04-17 08:25:00+09:00,0.004645,0.004654,0.004639,0.004641,886192.0
2025-04-17 08:30:00+09:00,0.004639,0.004643,0.004577,0.004602,26676703.0
2025-04-17 08:35:00+09:00,0.004601,0.004605,0.004572,0.004587,4383110.0
2025-04-17 08:40:00+09:00,0.004585,0.004593,0.004574,0.004574,2809706.0
2025-04-17 08:45:00+09:00,0.004574,0.004622,0.004574,0.004622,7976202.0
2025-04-17 08:50:00+09:00,0.004622,0.004632,0.004607,0.004609,2839267.0
2025-04-17 08:55:00+09:00,0.004608,0.004621,0.004603,0.004619,1992979.0
2025-04-17 09:00:00+09:00,0.00462,0.004638,0.004593,0.004599,5656986.0
2025-04-17 09:05:00+09:00,0.0046,0.00462,0.004594,0.00462,2741667.0
2025-04-17 09:10:00+09:00,0.004621,0.004639,0.004603,0.004603,2062948.0
2025-04-17 09:15:00+09:00,0.0046,0.004606,0.004575,0.004575,2213354.0
2025-04-17 09:20:00+09:00,0.004575,0.004593,0.004567,0.004589,2021617.0
2025-04-17 09:25:00+09:00,0.00459,0.004613,0.004586,0.004594,1391934.0
2025-04-17 09:30:00+09:00,0.004594,0.004601,0.004575,0.004577,1337937.0
2025-04-17 09:35:00+09:00,0.004578,0.00458,0.004562,0.004566,2184261.0
2025-04-17 09:40:00+09:00,0.004565,0.004566,0.004536,0.004537,2176393.0
2025-04-17 09:45:00+09:00,0.004536,0.004548,0.004533,0.004545,2370714.0
2025-04-17 09:50:00+09:00,0.004545,0.004569,0.004544,0.004548,1103823.0
2025-04-17 09:55:00+09:00,0.004545,0.004565,0.004542,0.004565,846366.0
2025-04-17 10:00:00+09:00,0.004563,0.00457,0.004546,0.004561,878274.0
2025-04-17 10:05:00+09:00,0.004562,0.004572,0.004549,0.004568,566834.0
2025-04-17 10:10:00+09:00,0.004567,0.00459,0.004559,0.004577,1791091.0
2025-04-17 10:15:00+09:00,0.004578,0.004597,0.004571,0.004573,1518076.0
2025-04-17 10:20:00+09:00,0.004572,0.004585,0.004567,0.004573,1649065.0
2025-04-17 10:25:00+09:00,0.004571,0.004588,0.004568,0.004584,372566.0
2025-04-17 10:30:00+09:00,0.004582,0.004603,0.004568,0.004568,2691931.0
2025-04-17 10:35:00+09:00,0.00457,0.004589,0.004544,0.004549,2726518.0
2025-04-17 10:40:00+09:00,0.004549,0.004562,0.004549,0.004556,663086.0
2025-04-17 10:45:00+09:00,0.004555,0.004574,0.004555,0.004566,839736.0
2025-04-17 10:50:00+09:00,0.004569,0.004572,0.004555,0.004566,311827.0
2025-04-17 10:55:00+09:00,0.004567,0.00458,0.004567,0.004574,728765.0
2025-04-17 11:00:00+09:00,0.004574,0.004574,0.004551,0.004556,2060148.0
2025-04-17 11:05:00+09:00,0.004557,0.004564,0.004542,0.004558,2049093.0
2025-04-17 11:10:00+09:00,0.004559,0.004575,0.004543,0.004545,4045825.0
2025-04-17 11:15:00+09:00,0.004544,0.004546,0.004527,0.004537,2886928.0
2025-04-17 11:20:00+09:00,0.004534,0.004537,0.004527,0.004527,884205.0
2025-04-17 11:25:00+09:00,0.004528,0.004549,0.004528,0.004545,1323931.0
2025-04-17 11:30:00+09:00,0.004546,0.004555,0.004518,0.004527,5442988.0
2025-04-17 11:35:00+09:00,0.004528,0.004536,0.004521,0.004533,499018.0
2025-04-17 11:40:00+09:00,0.004531,0.004541,0.00452,0.004521,299503.0
2025-04-17 11:45:00+09:00,0.004522,0.004546,0.004522,0.004528,1396869.0
2025-04-17 11:50:00+09:00,0.004527,0.004531,0.004521,0.004529,667942.0
2025-04-17 11:55:00+09:00,0.004529,0.004538,0.004528,0.004534,480211.0
2025-04-17 12:00:00+09:00,0.004535,0.004553,0.004523,0.004551,2988903.0
2025-04-17 12:05:00+09:00,0.004553,0.004559,0.004533,0.004536,1004030.0
2025-04-17 12:10:00+09:00,0.004536,0.004539,0.004528,0.004538,1863362.0
2025-04-17 12:15:00+09:00,0.004539,0.004539,0.004522,0.004525,876047.0
2025-04-17 12:20:00+09:00,0.004524,0.004532,0.004522,0.004527,315144.0
2025-04-17 12:25:00+09:00,0.004526,0.004526,0.004461,0.004477,28996921.0
2025-04-17 12:30:00+09:00,0.004478,0.004502,0.004477,0.004494,11859377.0
2025-04-17 12:35:00+09:00,0.004496,0.004503,0.004483,0.004494,5899694.0
2025-04-17 12:40:00+09:00,0.004494,0.004513,0.004493,0.00451,4512818.0
2025-04-17 12:45:00+09:00,0.004509,0.004526,0.004502,0.004525,1478364.0
2025-04-17 12:50:00+09:00,0.004524,0.004527,0.00451,0.004526,1897673.0
2025-04-17 12:55:00+09:00,0.004525,0.004539,0.004518,0.004538,2838513.0
2025-04-17 13:00:00+09:00,0.004537,0.00456,0.004533,0.004546,5289100.0
2025-04-17 13:05:00+09:00,0.004545,0.004557,0.004535,0.004555,6163080.0
2025-04-17 13:10:00+09:00,0.004556,0.004567,0.004553,0.00456,2430963.0
2025-04-17 13:15:00+09:00,0.004558,0.004559,0.004547,0.00455,1010144.0
2025-04-17 13:20:00+09:00,0.004551,0.004578,0.004551,0.004569,990623.0
2025-04-17 13:25:00+09:00,0.004568,0.004577,0.004558,0.004563,1427325.0
2025-04-17 13:30:00+09:00,0.004563,0.00458,0.004561,0.004572,803842.0
2025-04-17 13:35:00+09:00,0.00457,0.004578,0.004559,0.004559,998846.0
2025-04-17 13:40:00+09:00,0.004558,0.004567,0.004553,0.004565,3115146.0
2025-04-17 13:45:00+09:00,0.004565,0.004572,0.004559,0.00457,767558.0
2025-04-17 13:50:00+09:00,0.00457,0.004585,0.004569,0.004579,1290673.0
2025-04-17 13:55:00+09:00,0.004579,0.004583,0.004572,0.00458,2358518.0
2025-04-17 14:00:00+09:00,0.004581,0.004601,0.004581,0.004598,1524696.0
2025-04-17 14:05:00+09:00,0.004597,0.004597,0.004577,0.004592,1902501.0
2025-04-17 14:10:00+09:00,0.004592,0.004592,0.004576,0.00458,849051.0
2025-04-17 14:15:00+09:00,0.004581,0.00462,0.004581,0.004617,2572022.0
2025-04-17 14:20:00+09:00,0.004619,0.004622,0.004593,0.004596,931845.0
2025-04-17 14:25:00+09:00,0.004596,0.004596,0.004586,0.004594,1746553.0
2025-04-17 14:30:00+09:00,0.004595,0.004609,0.004595,0.004606,1186940.0
2025-04-17 14:35:00+09:00,0.004607,0.00462,0.004607,0.004615,1858313.0
2025-04-17 14:40:00+09:00,0.004614,0.004618,0.004604,0.004613,1167798.0
2025-04-17 14:45:00+09:00,0.004614,0.004631,0.004614,0.004628,2278869.0
2025-04-17 14:50:00+09:00,0.004628,0.004628,0.004618,0.004618,1375490.0
2025-04-17 14:55:00+09:00,0.004618,0.004624,0.004614,0.004619,2003356.0
2025-04-17 15:00:00+09:00,0.004619,0.00462,0.0046,0.004604,2385156.0
2025-04-17 15:05:00+09:00,0.004605,0.004614,0.004604,0.004611,1797297.0
2025-04-17 15:10:00+09:00,0.004612,0.004612,0.004592,0.004608,2318461.0
2025-04-17 15:15:00+09:00,0.004606,0.004606,0.004586,0.004593,2268542.0
2025-04-17 15:20:00+09:00,0.004594,0.004606,0.004594,0.004606,1517570.0
2025-04-17 15:25:00+09:00,0.004604,0.004635,0.0046,0.004623,1972891.0
2025-04-17 15:30:00+09:00,0.004623,0.004623,0.004604,0.004608,2256318.0
2025-04-17 15:35:00+09:00,0.004607,0.004637,0.004607,0.004637,3321991.0
2025-04-17 15:40:00+09:00,0.004636,0.004658,0.004633,0.004652,12717609.0
2025-04-17 15:45:00+09:00,0.004652,0.004658,0.00463,0.004633,7257876.0
2025-04-17 15:50:00+09:00,0.004634,0.004641,0.004631,0.004638,1321074.0
2025-04-17 15:55:00+09:00,0.004638,0.004641,0.004623,0.004623,1260987.0
2025-04-17 16:00:00+09:00,0.004622,0.004639,0.004621,0.004623,4455046.0
2025-04-17 16:05:00+09:00,0.004624,0.004624,0.004609,0.004617,1018429.0
2025-04-17 16:10:00+09:00,0.004616,0.004623,0.00461,0.00461,1358449.0
2025-04-17 16:15:00+09:00,0.004607,0.004631,0.004607,0.004628,8264855.0
2025-04-17 16:20:00+09:00,0.004628,0.004631,0.004615,0.004629,3651261.0
2025-04-17 16:25:00+09:00,0.00463,0.004652,0.004622,0.004652,7163665.0
2025-04-17 16:30:00+09:00,0.004652,0.00467,0.00465,0.004653,1538181.0
2025-04-17 16:35:00+09:00,0.004653,0.004658,0.004633,0.004639,3494421.0
2025-04-17 16:40:00+09:00,0.004642,0.004665,0.00463,0.004659,3591853.0
2025-04-17 16:45:00+09:00,0.00466,0.004668,0.004637,0.004639,2210584.0
2025-04-17 16:50:00+09:00,0.004639,0.004647,0.004633,0.004646,3465355.0
2025-04-17 16:55:00+09:00,0.004645,0.004651,0.004636,0.004649,2394608.0
2025-04-17 17:00:00+09:00,0.00465,0.00465,0.004639,0.004643,2837906.0
2025-04-17 17:05:00+09:00,0.004643,0.004654,0.00464,0.004654,1238342.0
2025-04-17 17:10:00+09:00,0.004652,0.004674,0.004651,0.004671,3598095.0
2025-04-17 17:15:00+09:00,0.004671,0.004699,0.004661,0.004681,9319573.0
2025-04-17 17:20:00+09:00,0.004678,0.004694,0.004675,0.00469,7277454.0
2025-04-17 17:25:00+09:00,0.004692,0.004742,0.004691,0.004707,25816583.0
2025-04-17 17:30:00+09:00,0.004707,0.004751,0.00469,0.0047,51409412.0
2025-04-17 17:35:00+09:00,0.004702,0.004762,0.004696,0.004748,14805597.0
2025-04-17 17:40:00+09:00,0.004746,0.004774,0.004728,0.00473,28350352.0
2025-04-17 17:45:00+09:00,0.004728,0.004741,0.004708,0.004718,10971097.0
2025-04-17 17:50:00+09:00,0.004717,0.004717,0.004679,0.004688,11767538.0
2025-04-17 17:55:00+09:00,0.004688,0.004705,0.004673,0.004699,7526836.0
2025-04-17 18:00:00+09:00,0.004698,0.004715,0.004684,0.004684,14925811.0
2025-04-17 18:05:00+09:00,0.004683,0.004715,0.004677,0.004704,2992945.0
2025-04-17 18:10:00+09:00,0.004705,0.004717,0.004685,0.004698,9710633.0
2025-04-17 18:15:00+09:00,0.004696,0.004705,0.004666,0.004703,9154231.0
2025-04-17 18:20:00+09:00,0.004702,0.004715,0.004685,0.004688,3065268.0
2025-04-17 18:25:00+09:00,0.004685,0.004692,0.004675,0.004683,3428974.0
2025-04-17 18:30:00+09:00,0.004683,0.004692,0.004656,0.004666,19201829.0
2025-04-17 18:35:00+09:00,0.004667,0.004676,0.004647,0.004659,5200223.0
2025-04-17 18:40:00+09:00,0.004658,0.004694,0.004656,0.004677,9564929.0
2025-04-17 18:45:00+09:00,0.004679,0.004689,0.004667,0.00468,3670748.0
2025-04-17 18:50:00+09:00,0.00468,0.00468,0.004643,0.004643,4396845.0
2025-04-17 18:55:00+09:00,0.004643,0.004655,0.004643,0.004646,2747431.0
2025-04-17 19:00:00+09:00,0.004648,0.004649,0.004618,0.004628,7657739.0
2025-04-17 19:05:00+09:00,0.004628,0.004636,0.004623,0.004629,2765291.0
2025-04-17 19:10:00+09:00,0.004628,0.004636,0.004613,0.004616,3041301.0
2025-04-17 19:15:00+09:00,0.004617,0.004624,0.004609,0.004613,1678548.0
2025-04-17 19:20:00+09:00,0.004611,0.00462,0.004609,0.004618,868616.0
2025-04-17 19:25:00+09:00,0.004618,0.004618,0.004604,0.004608,4536411.0
2025-04-17 19:30:00+09:00,0.004608,0.00461,0.004598,0.00461,2896093.0
2025-04-17 19:35:00+09:00,0.004608,0.004611,0.004587,0.0046,2349327.0
2025-04-17 19:40:00+09:00,0.0046,0.004604,0.004586,0.00459,3396242.0
2025-04-17 19:45:00+09:00,0.00459,0.004606,0.004588,0.004603,712296.0
2025-04-17 19:50:00+09:00,0.004602,0.004619,0.004599,0.004617,3837313.0
2025-04-17 19:55:00+09:00,0.004616,0.004616,0.004603,0.004606,1048981.0
2025-04-17 20:00:00+09:00,0.004607,0.004637,0.004606,0.004632,4531057.0
2025-04-17 20:05:00+09:00,0.004634,0.004649,0.004633,0.004633,3269506.0
2025-04-17 20:10:00+09:00,0.004631,0.004631,0.004616,0.004624,970611.0
2025-04-17 20:15:00+09:00,0.004625,0.004638,0.004624,0.004634,1971509.0
2025-04-17 20:20:00+09:00,0.004633,0.004649,0.004625,0.004645,2219845.0
2025-04-17 20:25:00+09:00,0.004646,0.004656,0.004642,0.004652,2575405.0
2025-04-17 20:30:00+09:00,0.004652,0.004656,0.00464,0.004649,669384.0
2025-04-17 20:35:00+09:00,0.004647,0.004647,0.004623,0.00463,6011544.0
2025-04-17 20:40:00+09:00,0.00463,0.004639,0.004627,0.004637,1205277.0
2025-04-17 20:45:00+09:00,0.004634,0.004644,0.00463,0.004641,531041.0
2025-04-17 20:50:00+09:00,0.004641,0.004651,0.004641,0.004645,661369.0
2025-04-17 20:55:00+09:00,0.004645,0.004645,0.004627,0.004635,6457936.0
2025-04-17 21:00:00+09:00,0.004636,0.004683,0.004631,0.004657,17184671.0
2025-04-17 21:05:00+09:00,0.004657,0.004687,0.004657,0.004679,3659592.0
2025-04-17 21:10:00+09:00,0.00468,0.00468,0.004662,0.00467,919797.0
2025-04-17 21:15:00+09:00,0.00467,0.004691,0.004662,0.004677,4499130.0
2025-04-17 21:20:00+09:00,0.004677,0.004684,0.00467,0.004676,1176381.0
2025-04-17 21:25:00+09:00,0.004676,0.004696,0.004675,0.004688,2387205.0
2025-04-17 21:30:00+09:00,0.004688,0.0047,0.004665,0.004699,5344800.0
2025-04-17 21:35:00+09:00,0.0047,0.004715,0.004682,0.004683,8936341.0
2025-04-17 21:40:00+09:00,0.004684,0.004721,0.004677,0.00472,3554748.0
2025-04-17 21:45:00+09:00,0.00472,0.004772,0.004713,0.004758,33295559.0
2025-04-17 21:50:00+09:00,0.004756,0.004771,0.004731,0.004754,23604718.0
2025-04-17 21:55:00+09:00,0.004755,0.004757,0.004726,0.004741,9147146.0
2025-04-17 22:00:00+09:00,0.00474,0.004748,0.00471,0.004711,6325877.0
2025-04-17 22:05:00+09:00,0.004711,0.004735,0.004695,0.00473,5323778.0
2025-04-17 22:10:00+09:00,0.004729,0.004729,0.004699,0.004699,4308247.0
2025-04-17 22:15:00+09:00,0.004699,0.004709,0.004674,0.004698,10040525.0
2025-04-17 22:20:00+09:00,0.004695,0.004744,0.004694,0.004726,8812219.0
2025-04-17 22:25:00+09:00,0.004725,0.00475,0.00472,0.00473,12015743.0
2025-04-17 22:30:00+09:00,0.004728,0.00473,0.004691,0.004692,4951024.0
2025-04-17 22:35:00+09:00,0.004692,0.004738,0.004683,0.004712,31655650.0
2025-04-17 22:40:00+09:00,0.004711,0.004751,0.004696,0.004723,17101322.0
2025-04-17 22:45:00+09:00,0.004723,0.004725,0.004691,0.004702,9730879.0
2025-04-17 22:50:00+09:00,0.004701,0.004737,0.004697,0.004729,5800152.0
2025-04-17 22:55:00+09:00,0.00473,0.004736,0.00471,0.004722,1905128.0
2025-04-17 23:00:00+09:00,0.00472,0.004734,0.004693,0.00471,7566762.0
2025-04-17 23:05:00+09:00,0.004711,0.004727,0.00471,0.004717,6973225.0
2025-04-17 23:10:00+09:00,0.004716,0.004716,0.004687,0.004695,7255534.0
2025-04-17 23:15:00+09:00,0.004696,0.004704,0.004638,0.004638,25411413.0
2025-04-17 23:20:00+09:00,0.004642,0.004649,0.004622,0.00464,5685400.0
2025-04-17 23:25:00+09:00,0.004641,0.004649,0.004614,0.004618,3408015.0
2025-04-17 23:30:00+09:00,0.004619,0.004627,0.004607,0.004609,5279357.0
2025-04-17 23:35:00+09:00,0.004609,0.004652,0.004606,0.004647,12467802.0
2025-04-17 23:40:00+09:00,0.004646,0.004719,0.004635,0.004713,33644572.0
2025-04-17 23:45:00+09:00,0.004713,0.004729,0.004705,0.004721,6317447.0
2025-04-17 23:50:00+09:00,0.004725,0.004733,0.004707,0.004712,6117607.0
2025-04-17 23:55:00+09:00,0.004713,0.004717,0.0047,0.004709,12407046.0
2025-04-18 00:00:00+09:00,0.004709,0.004744,0.004702,0.004738,8546628.0
2025-04-18 00:05:00+09:00,0.004736,0.004804,0.004728,0.004792,18049541.0
2025-04-18 00:10:00+09:00,0.004791,0.004905,0.004791,0.004865,35979296.0
2025-04-18 00:15:00+09:00,0.004864,0.004961,0.004842,0.004942,49457990.0
2025-04-18 00:20:00+09:00,0.00494,0.005038,0.004923,0.004996,123434186.0
2025-04-18 00:25:00+09:00,0.004994,0.005016,0.004939,0.00501,76342913.0
2025-04-18 00:30:00+09:00,0.005012,0.005026,0.004952,0.004976,47025013.0
2025-04-18 00:35:00+09:00,0.004976,0.00506,0.004974,0.005038,60079651.0
2025-04-18 00:40:00+09:00,0.005037,0.005044,0.005003,0.005013,39086340.0
2025-04-18 00:45:00+09:00,0.005015,0.005034,0.004978,0.004999,15889471.0
2025-04-18 00:50:00+09:00,0.005001,0.005038,0.004998,0.00502,10046145.0
2025-04-18 00:55:00+09:00,0.00502,0.005053,0.004986,0.004992,18738361.0
2025-04-18 01:00:00+09:00,0.004993,0.004998,0.00485,0.004872,48254085.0
2025-04-18 01:05:00+09:00,0.004872,0.004957,0.004867,0.004939,36909032.0
2025-04-18 01:10:00+09:00,0.004939,0.004939,0.00489,0.004911,21467624.0
2025-04-18 01:15:00+09:00,0.004911,0.004957,0.004907,0.004953,11476554.0
2025-04-18 01:20:00+09:00,0.004952,0.004955,0.004914,0.004939,5202463.0
2025-04-18 01:25:00+09:00,0.00494,0.004988,0.004932,0.004968,20338360.0
2025-04-18 01:30:00+09:00,0.004968,0.004971,0.004935,0.004961,8809719.0
2025-04-18 01:35:00+09:00,0.004961,0.004989,0.004959,0.004965,5448665.0
2025-04-18 01:40:00+09:00,0.004964,0.004967,0.004911,0.004914,15279937.0
2025-04-18 01:45:00+09:00,0.004913,0.004943,0.004905,0.00493,6682948.0
2025-04-18 01:50:00+09:00,0.004931,0.004982,0.004931,0.004974,4211178.0
2025-04-18 01:55:00+09:00,0.004975,0.005018,0.004973,0.004995,12374736.0
2025-04-18 02:00:00+09:00,0.004995,0.005008,0.004952,0.004959,8743779.0
2025-04-18 02:05:00+09:00,0.004959,0.004965,0.004903,0.004942,31848390.0
2025-04-18 02:10:00+09:00,0.004942,0.004943,0.004913,0.004926,5940368.0
2025-04-18 02:15:00+09:00,0.004923,0.004927,0.004909,0.00491,4771004.0
2025-04-18 02:20:00+09:00,0.004907,0.004909,0.004877,0.004892,15073075.0
2025-04-18 02:25:00+09:00,0.004892,0.004896,0.00487,0.004871,6315832.0
2025-04-18 02:30:00+09:00,0.004871,0.00496,0.00487,0.004957,24823028.0
2025-04-18 02:35:00+09:00,0.004957,0.004987,0.004949,0.004968,6810292.0
2025-04-18 02:40:00+09:00,0.004967,0.004976,0.004929,0.004929,6380513.0
2025-04-18 02:45:00+09:00,0.00493,0.004933,0.004905,0.004918,6587125.0
2025-04-18 02:50:00+09:00,0.004919,0.004938,0.004916,0.004937,1870061.0
2025-04-18 02:55:00+09:00,0.004935,0.004945,0.004922,0.004922,4402409.0
2025-04-18 03:00:00+09:00,0.004924,0.004938,0.004889,0.0049,7220053.0
2025-04-18 03:05:00+09:00,0.004902,0.004956,0.004902,0.004938,11665313.0
2025-04-18 03:10:00+09:00,0.004934,0.004968,0.004926,0.004931,6105237.0
2025-04-18 03:15:00+09:00,0.00493,0.004949,0.004922,0.004947,8133113.0
2025-04-18 03:20:00+09:00,0.004946,0.004962,0.004942,0.004955,6537299.0
2025-04-18 03:25:00+09:00,0.004955,0.004971,0.00493,0.004933,6590958.0
2025-04-18 03:30:00+09:00,0.004934,0.004961,0.004931,0.004952,7207514.0
2025-04-18 03:35:00+09:00,0.004955,0.005011,0.004955,0.005,15727219.0
2025-04-18 03:40:00+09:00,0.005,0.005003,0.004967,0.004969,6424846.0
2025-04-18 03:45:00+09:00,0.004969,0.004977,0.00494,0.004948,12541704.0
2025-04-18 03:50:00+09:00,0.00495,0.00497,0.004941,0.004965,2269869.0
2025-04-18 03:55:00+09:00,0.004967,0.004975,0.004948,0.004951,9204406.0
2025-04-18 04:00:00+09:00,0.00495,0.004952,0.004898,0.004905,7209810.0
2025-04-18 04:05:00+09:00,0.004906,0.004923,0.004892,0.004912,10021935.0
2025-04-18 04:10:00+09:00,0.004913,0.004916,0.00487,0.004878,5146922.0
2025-04-18 04:15:00+09:00,0.004878,0.004883,0.004846,0.004851,10741921.0
2025-04-18 04:20:00+09:00,0.004849,0.004855,0.004824,0.004845,8609647.0
2025-04-18 04:25:00+09:00,0.004845,0.004845,0.004817,0.004822,3478183.0
2025-04-18 04:30:00+09:00,0.004822,0.00483,0.004787,0.004788,9566195.0
2025-04-18 04:35:00+09:00,0.004789,0.004801,0.004777,0.004788,10325811.0
2025-04-18 04:40:00+09:00,0.004787,0.004823,0.004785,0.004813,13224030.0
2025-04-18 04:45:00+09:00,0.004813,0.004852,0.004806,0.004847,21766853.0
2025-04-18 04:50:00+09:00,0.004845,0.004875,0.004824,0.004871,9353706.0
2025-04-18 04:55:00+09:00,0.00487,0.00487,0.004851,0.004861,2752328.0
2025-04-18 05:00:00+09:00,0.004862,0.0049,0.004862,0.004891,13575068.0
2025-04-18 05:05:00+09:00,0.004892,0.004903,0.004872,0.004899,3396957.0
2025-04-18 05:10:00+09:00,0.004898,0.004913,0.004889,0.004913,6877271.0
2025-04-18 05:15:00+09:00,0.004913,0.004919,0.004888,0.0049,4338573.0
2025-04-18 05:20:00+09:00,0.0049,0.004916,0.004891,0.004892,2855639.0
2025-04-18 05:25:00+09:00,0.004891,0.004901,0.004886,0.004896,3422528.0
2025-04-18 05:30:00+09:00,0.004896,0.004913,0.004882,0.004883,4186536.0
2025-04-18 05:35:00+09:00,0.004883,0.004892,0.004875,0.004888,3006577.0
2025-04-18 05:40:00+09:00,0.004887,0.004887,0.004861,0.004869,3200732.0
2025-04-18 05:45:00+09:00,0.004869,0.004891,0.004869,0.004873,3436924.0
2025-04-18 05:50:00+09:00,0.004873,0.004881,0.004867,0.00487,1715363.0
2025-04-18 05:55:00+09:00,0.00487,0.004871,0.004851,0.004858,6143158.0
2025-04-18 06:00:00+09:00,0.004858,0.004873,0.004854,0.004868,3561569.0
2025-04-18 06:05:00+09:00,0.004867,0.004877,0.004861,0.00487,2946333.0
2025-04-18 06:10:00+09:00,0.004871,0.004872,0.004854,0.004864,4029388.0
2025-04-18 06:15:00+09:00,0.004864,0.004876,0.004847,0.004847,5404075.0
2025-04-18 06:20:00+09:00,0.004849,0.004872,0.004846,0.004872,676516.0
2025-04-18 06:25:00+09:00,0.004872,0.004874,0.004828,0.004831,6945579.0
2025-04-18 06:30:00+09:00,0.004831,0.004843,0.00482,0.00484,11462366.0
2025-04-18 06:35:00+09:00,0.00484,0.004845,0.004825,0.004845,9740610.0
2025-04-18 06:40:00+09:00,0.004843,0.004848,0.004835,0.004843,6320296.0
2025-04-18 06:45:00+09:00,0.004841,0.004852,0.004841,0.004844,529337.0
2025-04-18 06:50:00+09:00,0.004845,0.004864,0.004845,0.004857,1243923.0
2025-04-18 06:55:00+09:00,0.004858,0.004867,0.004858,0.004865,1881580.0
2025-04-18 07:00:00+09:00,0.004863,0.00488,0.004862,0.004875,5192923.0
2025-04-18 07:05:00+09:00,0.004877,0.004884,0.00487,0.004873,3382720.0
2025-04-18 07:10:00+09:00,0.004874,0.004884,0.004871,0.004882,1547117.0
2025-04-18 07:15:00+09:00,0.004882,0.004891,0.004878,0.004891,1977364.0
2025-04-18 07:20:00+09:00,0.00489,0.00489,0.004872,0.004873,1955339.0
2025-04-18 07:25:00+09:00,0.004872,0.004885,0.00487,0.004877,1137762.0
2025-04-18 07:30:00+09:00,0.004877,0.004887,0.004872,0.004882,892682.0
2025-04-18 07:35:00+09:00,0.004882,0.00489,0.004877,0.004887,2070442.0
2025-04-18 07:40:00+09:00,0.004882,0.004882,0.004864,0.004867,2282962.0
2025-04-18 07:45:00+09:00,0.004867,0.004867,0.004842,0.004844,8498640.0
2025-04-18 07:50:00+09:00,0.004844,0.004851,0.004831,0.004834,1928998.0
2025-04-18 07:55:00+09:00,0.004833,0.004833,0.004822,0.00483,1261969.0
2025-04-18 08:00:00+09:00,0.00483,0.004862,0.004829,0.00486,3673497.0
2025-04-18 08:05:00+09:00,0.004859,0.004868,0.004852,0.004862,2070385.0
2025-04-18 08:10:00+09:00,0.004858,0.004869,0.004854,0.004869,383429.0
2025-04-18 08:15:00+09:00,0.004868,0.004868,0.004846,0.004853,2044711.0
2025-04-18 08:20:00+09:00,0.004852,0.004887,0.004852,0.00488,4567893.0
2025-04-18 08:25:00+09:00,0.00488,0.004891,0.004873,0.004873,1843491.0
2025-04-18 08:30:00+09:00,0.004873,0.004879,0.004868,0.004877,1060966.0
2025-04-18 08:35:00+09:00,0.004876,0.004877,0.004863,0.004863,1445687.0
2025-04-18 08:40:00+09:00,0.004861,0.004866,0.004855,0.004863,611037.0
2025-04-18 08:45:00+09:00,0.004861,0.004865,0.004854,0.004857,4877172.0
2025-04-18 08:50:00+09:00,0.004856,0.004868,0.004855,0.004859,374910.0
2025-04-18 08:55:00+09:00,0.004858,0.004864,0.004854,0.004863,247512.0
2025-04-18 09:00:00+09:00,0.004864,0.004912,0.004864,0.004891,3470254.0
2025-04-18 09:05:00+09:00,0.004892,0.004917,0.004871,0.004915,11404467.0
2025-04-18 09:10:00+09:00,0.004913,0.004934,0.004911,0.004919,6261012.0
2025-04-18 09:15:00+09:00,0.00492,0.004927,0.004867,0.004868,2785663.0
2025-04-18 09:20:00+09:00,0.004867,0.004882,0.004864,0.004875,1007571.0
2025-04-18 09:25:00+09:00,0.004874,0.004903,0.004874,0.004889,5268735.0
2025-04-18 09:30:00+09:00,0.004887,0.00491,0.004883,0.00489,5066906.0
2025-04-18 09:35:00+09:00,0.00489,0.004922,0.004887,0.004896,3779782.0
2025-04-18 09:40:00+09:00,0.004895,0.004897,0.004874,0.004888,20922597.0
2025-04-18 09:45:00+09:00,0.004887,0.004907,0.004887,0.00489,1199111.0
2025-04-18 09:50:00+09:00,0.004891,0.004894,0.004878,0.004878,1939611.0
2025-04-18 09:55:00+09:00,0.004879,0.004909,0.004877,0.004907,5552311.0
2025-04-18 10:00:00+09:00,0.004909,0.004912,0.004867,0.0049,1729621.0
2025-04-18 10:05:00+09:00,0.0049,0.004926,0.0049,0.004914,4822183.0
2025-04-18 10:10:00+09:00,0.004915,0.004977,0.004913,0.00496,18506703.0
2025-04-18 10:15:00+09:00,0.004957,0.004975,0.004947,0.00495,12438077.0
2025-04-18 10:20:00+09:00,0.004948,0.004948,0.004916,0.004927,4593166.0
2025-04-18 10:25:00+09:00,0.004927,0.00493,0.004914,0.004929,3135854.0
2025-04-18 10:30:00+09:00,0.004931,0.004935,0.004905,0.00491,1067503.0
2025-04-18 10:35:00+09:00,0.004908,0.00491,0.004885,0.004888,1117410.0
2025-04-18 10:40:00+09:00,0.004888,0.004896,0.004876,0.004896,1696969.0
2025-04-18 10:45:00+09:00,0.004894,0.004931,0.004891,0.004929,5997760.0
2025-04-18 10:50:00+09:00,0.00493,0.004933,0.004898,0.004899,1461089.0
2025-04-18 10:55:00+09:00,0.004901,0.004908,0.004891,0.004893,1549639.0
2025-04-18 11:00:00+09:00,0.004896,0.004902,0.004887,0.004898,1883060.0
2025-04-18 11:05:00+09:00,0.004897,0.00491,0.004875,0.004879,1745784.0
2025-04-18 11:10:00+09:00,0.004878,0.004893,0.004874,0.004876,4817843.0
2025-04-18 11:15:00+09:00,0.004875,0.004903,0.004874,0.004896,6554229.0
2025-04-18 11:20:00+09:00,0.004896,0.004923,0.004894,0.004923,2088243.0
2025-04-18 11:25:00+09:00,0.004923,0.004932,0.004908,0.004913,2680155.0
2025-04-18 11:30:00+09:00,0.004911,0.004913,0.004894,0.004899,685979.0
2025-04-18 11:35:00+09:00,0.004898,0.004901,0.004887,0.004895,951366.0
2025-04-18 11:40:00+09:00,0.004894,0.004907,0.00489,0.004905,238215.0
2025-04-18 11:45:00+09:00,0.004903,0.004908,0.004884,0.004908,845101.0
2025-04-18 11:50:00+09:00,0.004909,0.004936,0.004908,0.004927,1524413.0
2025-04-18 11:55:00+09:00,0.004927,0.004928,0.004901,0.004901,2581336.0
2025-04-18 12:00:00+09:00,0.004899,0.004911,0.004891,0.004901,3869917.0
2025-04-18 12:05:00+09:00,0.004901,0.004918,0.004895,0.004913,2220641.0
2025-04-18 12:10:00+09:00,0.004912,0.004928,0.004903,0.004915,5365559.0
2025-04-18 12:15:00+09:00,0.004915,0.004916,0.004895,0.004908,992097.0
2025-04-18 12:20:00+09:00,0.004907,0.004918,0.004896,0.004897,1355902.0
2025-04-18 12:25:00+09:00,0.004896,0.004901,0.004892,0.004893,725116.0
2025-04-18 12:30:00+09:00,0.004892,0.004907,0.004887,0.004907,1478922.0
2025-04-18 12:35:00+09:00,0.004906,0.004917,0.004905,0.004912,1569588.0
2025-04-18 12:40:00+09:00,0.004911,0.004912,0.004887,0.0049,1843233.0
2025-04-18 12:45:00+09:00,0.004904,0.004906,0.004884,0.004891,1693119.0
2025-04-18 12:50:00+09:00,0.004891,0.004912,0.004883,0.004912,13282803.0
2025-04-18 12:55:00+09:00,0.004912,0.004935,0.00491,0.00491,14403754.0
2025-04-18 13:00:00+09:00,0.004909,0.004963,0.004907,0.004948,8304706.0
2025-04-18 13:05:00+09:00,0.004947,0.00495,0.004903,0.004921,5275131.0
2025-04-18 13:10:00+09:00,0.004922,0.004932,0.004914,0.004931,2150815.0
2025-04-18 13:15:00+09:00,0.004929,0.004933,0.004903,0.004922,4526088.0
2025-04-18 13:20:00+09:00,0.004923,0.004935,0.004911,0.004922,1187243.0
2025-04-18 13:25:00+09:00,0.004923,0.004982,0.00492,0.004965,9466321.0
2025-04-18 13:30:00+09:00,0.004966,0.004974,0.004945,0.004951,1028290.0
2025-04-18 13:35:00+09:00,0.004952,0.004968,0.004935,0.004943,3576203.0
2025-04-18 13:40:00+09:00,0.004942,0.004957,0.00494,0.004957,1222664.0
2025-04-18 13:45:00+09:00,0.004956,0.004957,0.004929,0.004934,2728399.0
2025-04-18 13:50:00+09:00,0.004933,0.004939,0.004928,0.004928,907643.0
2025-04-18 13:55:00+09:00,0.004929,0.004941,0.004922,0.004935,761302.0
2025-04-18 14:00:00+09:00,0.004935,0.004935,0.004889,0.004892,6378713.0
2025-04-18 14:05:00+09:00,0.004892,0.00491,0.004888,0.00489,5662831.0
2025-04-18 14:10:00+09:00,0.004889,0.00489,0.004854,0.004875,27068303.0
2025-04-18 14:15:00+09:00,0.004873,0.004883,0.004849,0.004849,3303374.0
2025-04-18 14:20:00+09:00,0.004848,0.004856,0.004809,0.004815,19670636.0
2025-04-18 14:25:00+09:00,0.004817,0.004827,0.004809,0.004825,4068420.0
2025-04-18 14:30:00+09:00,0.004825,0.004851,0.004825,0.004846,1221116.0
2025-04-18 14:35:00+09:00,0.004845,0.004876,0.00484,0.004873,1738632.0
2025-04-18 14:40:00+09:00,0.004874,0.004896,0.004874,0.004878,3278057.0
2025-04-18 14:45:00+09:00,0.00488,0.004887,0.004869,0.004877,2062148.0
2025-04-18 14:50:00+09:00,0.00488,0.004926,0.00488,0.00492,9925002.0
2025-04-18 14:55:00+09:00,0.004916,0.004922,0.004894,0.004919,5112910.0
2025-04-18 15:00:00+09:00,0.004918,0.004941,0.004915,0.004931,2884013.0
2025-04-18 15:05:00+09:00,0.004931,0.004931,0.00489,0.004927,4822613.0
2025-04-18 15:10:00+09:00,0.004927,0.004938,0.004891,0.004905,12589880.0
2025-04-18 15:15:00+09:00,0.004904,0.004917,0.004892,0.004892,1383797.0
2025-04-18 15:20:00+09:00,0.004893,0.004896,0.004883,0.004891,2225146.0
2025-04-18 15:25:00+09:00,0.00489,0.004905,0.004868,0.004893,30938930.0
2025-04-18 15:30:00+09:00,0.004893,0.004907,0.004873,0.004873,3038349.0
2025-04-18 15:35:00+09:00,0.004874,0.004891,0.00487,0.004877,1495743.0
2025-04-18 15:40:00+09:00,0.004877,0.004892,0.004873,0.004892,263462.0
2025-04-18 15:45:00+09:00,0.00489,0.004909,0.004877,0.004885,8582974.0
2025-04-18 15:50:00+09:00,0.004886,0.00495,0.004885,0.00495,4129820.0
2025-04-18 15:55:00+09:00,0.004949,0.004958,0.004941,0.004949,6652578.0
2025-04-18 16:00:00+09:00,0.004948,0.004963,0.004947,0.004963,4290820.0
2025-04-18 16:05:00+09:00,0.004962,0.00499,0.004959,0.004963,10224285.0
2025-04-18 16:10:00+09:00,0.004964,0.005011,0.00495,0.004991,13027291.0
2025-04-18 16:15:00+09:00,0.004992,0.005089,0.00498,0.00498,55000346.0
2025-04-18 16:20:00+09:00,0.004978,0.004981,0.00496,0.004963,9522976.0
2025-04-18 16:25:00+09:00,0.004962,0.004988,0.004904,0.004968,52815317.0
2025-04-18 16:30:00+09:00,0.004969,0.005078,0.004957,0.005063,30441224.0
2025-04-18 16:35:00+09:00,0.005064,0.005097,0.005035,0.005055,51864964.0
2025-04-18 16:40:00+09:00,0.005056,0.005088,0.005037,0.005052,39704281.0
2025-04-18 16:45:00+09:00,0.00505,0.005062,0.005028,0.005056,14255081.0
2025-04-18 16:50:00+09:00,0.005056,0.005075,0.005048,0.00506,6655433.0
2025-04-18 16:55:00+09:00,0.00506,0.005087,0.005051,0.005062,9883095.0
2025-04-18 17:00:00+09:00,0.005063,0.005066,0.005001,0.00501,10380474.0
2025-04-18 17:05:00+09:00,0.005009,0.005019,0.004989,0.005018,6733266.0
2025-04-18 17:10:00+09:00,0.005016,0.005053,0.005003,0.005034,5523722.0
2025-04-18 17:15:00+09:00,0.005037,0.005047,0.005023,0.005032,6015961.0
2025-04-18 17:20:00+09:00,0.005032,0.005064,0.005032,0.005056,7093658.0
2025-04-18 17:25:00+09:00,0.005056,0.005096,0.005056,0.005073,5648896.0
2025-04-18 17:30:00+09:00,0.005072,0.005084,0.005049,0.005078,11133133.0
2025-04-18 17:35:00+09:00,0.005082,0.00509,0.005059,0.00506,8058012.0
2025-04-18 17:40:00+09:00,0.005059,0.005078,0.005034,0.005069,33593621.0
2025-04-18 17:45:00+09:00,0.005071,0.005094,0.005063,0.005071,12555623.0
2025-04-18 17:50:00+09:00,0.005069,0.005081,0.005054,0.005065,3352300.0
2025-04-18 17:55:00+09:00,0.005064,0.005066,0.005029,0.005066,4842750.0
2025-04-18 18:00:00+09:00,0.005066,0.005075,0.005036,0.005047,5235914.0
2025-04-18 18:05:00+09:00,0.005048,0.005055,0.005031,0.005051,3628338.0
2025-04-18 18:10:00+09:00,0.005049,0.005061,0.005039,0.005045,2013819.0
2025-04-18 18:15:00+09:00,0.005042,0.005061,0.00502,0.005059,1548598.0
2025-04-18 18:20:00+09:00,0.005057,0.005058,0.005013,0.005014,5320877.0
2025-04-18 18:25:00+09:00,0.005013,0.005024,0.004999,0.005003,6728473.0
2025-04-18 18:30:00+09:00,0.005005,0.005009,0.00499,0.004995,4985476.0
2025-04-18 18:35:00+09:00,0.004996,0.005021,0.004996,0.005006,3928162.0
2025-04-18 18:40:00+09:00,0.005008,0.005038,0.005004,0.005027,1815403.0
2025-04-18 18:45:00+09:00,0.005028,0.00503,0.00501,0.005021,4750232.0
2025-04-18 18:50:00+09:00,0.00502,0.005027,0.004993,0.005001,3319262.0
2025-04-18 18:55:00+09:00,0.005001,0.005005,0.004989,0.00499,2201676.0
2025-04-18 19:00:00+09:00,0.004988,0.005002,0.004985,0.004992,2536280.0
2025-04-18 19:05:00+09:00,0.004992,0.005008,0.004988,0.004996,3729616.0
2025-04-18 19:10:00+09:00,0.004996,0.005006,0.004992,0.004999,2043710.0
2025-04-18 19:15:00+09:00,0.004997,0.005003,0.004966,0.004977,9126736.0
2025-04-18 19:20:00+09:00,0.004975,0.004982,0.004965,0.004966,2708564.0
2025-04-18 19:25:00+09:00,0.004966,0.004969,0.004944,0.004954,10971418.0
2025-04-18 19:30:00+09:00,0.004955,0.004957,0.004925,0.004932,4613730.0
2025-04-18 19:35:00+09:00,0.004932,0.004938,0.00492,0.004928,1921717.0
2025-04-18 19:40:00+09:00,0.004929,0.004933,0.004915,0.00493,390987.0
2025-04-18 19:45:00+09:00,0.004931,0.00494,0.004926,0.004933,633003.0
2025-04-18 19:50:00+09:00,0.004935,0.00494,0.004925,0.004925,1155607.0
2025-04-18 19:55:00+09:00,0.004923,0.004925,0.004896,0.004902,5266654.0
2025-04-18 20:00:00+09:00,0.004903,0.004914,0.004902,0.004903,2014192.0
2025-04-18 20:05:00+09:00,0.004902,0.004922,0.004896,0.004917,969915.0
2025-04-18 20:10:00+09:00,0.004918,0.004931,0.00491,0.004931,2148579.0
2025-04-18 20:15:00+09:00,0.004932,0.004948,0.004932,0.004937,1916033.0
2025-04-18 20:20:00+09:00,0.004938,0.004938,0.004916,0.004918,1004791.0
2025-04-18 20:25:00+09:00,0.004919,0.004931,0.004911,0.004919,4370916.0
2025-04-18 20:30:00+09:00,0.004918,0.004921,0.004906,0.00492,674427.0
2025-04-18 20:35:00+09:00,0.00492,0.004926,0.004914,0.004921,3971873.0
2025-04-18 20:40:00+09:00,0.00492,0.004926,0.004903,0.004914,7619201.0
2025-04-18 20:45:00+09:00,0.004917,0.004924,0.00491,0.004921,1953081.0
2025-04-18 20:50:00+09:00,0.004922,0.004959,0.004921,0.004945,6344672.0
2025-04-18 20:55:00+09:00,0.004946,0.004951,0.004936,0.004936,613496.0
2025-04-18 21:00:00+09:00,0.004939,0.004947,0.00492,0.004935,2076182.0
2025-04-18 21:05:00+09:00,0.004936,0.004936,0.004914,0.004914,1049571.0
2025-04-18 21:10:00+09:00,0.004914,0.00495,0.004911,0.004936,31950014.0
2025-04-18 21:15:00+09:00,0.004937,0.004938,0.004919,0.004931,1507145.0
2025-04-18 21:20:00+09:00,0.004927,0.00496,0.004927,0.004956,976622.0
2025-04-18 21:25:00+09:00,0.004956,0.004971,0.004952,0.004962,6545832.0
2025-04-18 21:30:00+09:00,0.004964,0.004999,0.004964,0.004974,10655630.0
2025-04-18 21:35:00+09:00,0.004972,0.004996,0.004965,0.004996,6100977.0
2025-04-18 21:40:00+09:00,0.004997,0.005023,0.004995,0.005009,5867351.0
2025-04-18 21:45:00+09:00,0.005008,0.005017,0.00499,0.00499,11951516.0
2025-04-18 21:50:00+09:00,0.00499,0.004996,0.004989,0.00499,426870.0
2025-04-18 21:55:00+09:00,0.00499,0.004992,0.004983,0.004986,1097154.0
2025-04-18 22:00:00+09:00,0.004986,0.004986,0.004942,0.004945,4626845.0
2025-04-18 22:05:00+09:00,0.004945,0.004953,0.004926,0.004929,3167388.0
2025-04-18 22:10:00+09:00,0.004929,0.004946,0.00492,0.004932,1909873.0
2025-04-18 22:15:00+09:00,0.004932,0.004957,0.004932,0.004945,1322915.0
2025-04-18 22:20:00+09:00,0.004945,0.004955,0.004934,0.004939,1547784.0
2025-04-18 22:25:00+09:00,0.004938,0.004944,0.004926,0.004926,2014484.0
2025-04-18 22:30:00+09:00,0.004926,0.004935,0.004914,0.004928,2364266.0
2025-04-18 22:35:00+09:00,0.004928,0.004939,0.004916,0.004924,3228391.0
2025-04-18 22:40:00+09:00,0.004924,0.004937,0.004908,0.004911,10362928.0
2025-04-18 22:45:00+09:00,0.004912,0.004932,0.004912,0.004923,1724168.0
2025-04-18 22:50:00+09:00,0.004923,0.004928,0.004895,0.0049,10922635.0
2025-04-18 22:55:00+09:00,0.004902,0.004919,0.004902,0.004916,2023475.0
2025-04-18 23:00:00+09:00,0.004915,0.004921,0.004901,0.004915,3203714.0
2025-04-18 23:05:00+09:00,0.004914,0.004918,0.004893,0.004898,3286948.0
2025-04-18 23:10:00+09:00,0.004895,0.004911,0.004893,0.00491,2111741.0
2025-04-18 23:15:00+09:00,0.004909,0.004916,0.004893,0.004916,6559327.0
2025-04-18 23:20:00+09:00,0.004914,0.004917,0.004905,0.004909,970876.0
2025-04-18 23:25:00+09:00,0.004908,0.004919,0.004902,0.004902,368670.0
2025-04-18 23:30:00+09:00,0.004902,0.004903,0.004886,0.0049,2852857.0
2025-04-18 23:35:00+09:00,0.0049,0.004907,0.00489,0.004907,1029480.0
2025-04-18 23:40:00+09:00,0.004906,0.004915,0.004902,0.00491,2497602.0
2025-04-18 23:45:00+09:00,0.004911,0.004916,0.004898,0.004901,3281159.0
2025-04-18 23:50:00+09:00,0.004902,0.004904,0.004869,0.004885,3223482.0
2025-04-18 23:55:00+09:00,0.004884,0.004892,0.004877,0.00489,2442469.0
2025-04-19 00:00:00+09:00,0.00489,0.004895,0.004866,0.004866,7246800.0
2025-04-19 00:05:00+09:00,0.004865,0.004872,0.004833,0.00486,6370950.0
2025-04-19 00:10:00+09:00,0.004857,0.004866,0.004853,0.004863,2203719.0
2025-04-19 00:15:00+09:00,0.004863,0.004863,0.004742,0.00477,220047622.0
2025-04-19 00:20:00+09:00,0.004771,0.004778,0.004755,0.004762,10122800.0
2025-04-19 00:25:00+09:00,0.004761,0.004768,0.004727,0.004735,16152213.0
2025-04-19 00:30:00+09:00,0.004736,0.00476,0.004735,0.004754,4023295.0
2025-04-19 00:35:00+09:00,0.004754,0.004754,0.00471,0.004726,14481427.0
2025-04-19 00:40:00+09:00,0.004725,0.004728,0.004704,0.004716,5499885.0
2025-04-19 00:45:00+09:00,0.004716,0.00473,0.00471,0.00473,1627393.0
2025-04-19 00:50:00+09:00,0.004728,0.004728,0.004706,0.004715,2422232.0
2025-04-19 00:55:00+09:00,0.004717,0.004728,0.004715,0.004726,1173957.0
2025-04-19 01:00:00+09:00,0.004725,0.004734,0.00467,0.004712,13804292.0
2025-04-19 01:05:00+09:00,0.004714,0.00473,0.004707,0.004727,1876564.0
2025-04-19 01:10:00+09:00,0.004727,0.004731,0.004712,0.004728,4505326.0
2025-04-19 01:15:00+09:00,0.004728,0.004775,0.004727,0.00475,14765089.0
2025-04-19 01:20:00+09:00,0.004749,0.004782,0.004744,0.004768,17458089.0
2025-04-19 01:25:00+09:00,0.004769,0.004769,0.004735,0.004736,9347862.0
2025-04-19 01:30:00+09:00,0.004737,0.004767,0.004737,0.004756,4567006.0
2025-04-19 01:35:00+09:00,0.004755,0.00476,0.004724,0.004739,13701439.0
2025-04-19 01:40:00+09:00,0.004739,0.004754,0.004736,0.004753,3794415.0
2025-04-19 01:45:00+09:00,0.004754,0.004758,0.004737,0.004746,1778663.0
2025-04-19 01:50:00+09:00,0.004745,0.004747,0.004732,0.004734,8683375.0
2025-04-19 01:55:00+09:00,0.004735,0.004743,0.00473,0.004741,586062.0
2025-04-19 02:00:00+09:00,0.00474,0.00475,0.004737,0.004748,2480590.0
2025-04-19 02:05:00+09:00,0.004749,0.004781,0.004741,0.004779,1948891.0
2025-04-19 02:10:00+09:00,0.00478,0.00479,0.004773,0.004787,2618017.0
2025-04-19 02:15:00+09:00,0.004786,0.004804,0.004782,0.00479,5661027.0
2025-04-19 02:20:00+09:00,0.004786,0.004789,0.00477,0.004778,2488719.0
2025-04-19 02:25:00+09:00,0.004777,0.004779,0.004771,0.004774,794273.0
2025-04-19 02:30:00+09:00,0.004773,0.004802,0.004772,0.004789,740637.0
2025-04-19 02:35:00+09:00,0.00479,0.004802,0.004785,0.004794,6750035.0
2025-04-19 02:40:00+09:00,0.004795,0.004811,0.004795,0.004805,5078280.0
2025-04-19 02:45:00+09:00,0.004806,0.004808,0.00479,0.00479,4525702.0
2025-04-19 02:50:00+09:00,0.004789,0.004807,0.004785,0.004806,1209483.0
2025-04-19 02:55:00+09:00,0.004805,0.004805,0.004789,0.00479,3303586.0
2025-04-19 03:00:00+09:00,0.004789,0.004794,0.004752,0.004756,2778684.0
2025-04-19 03:05:00+09:00,0.004759,0.004768,0.004755,0.00476,1052753.0
2025-04-19 03:10:00+09:00,0.00476,0.004776,0.004753,0.004757,9521664.0
2025-04-19 03:15:00+09:00,0.004757,0.004767,0.004749,0.004755,2268398.0
2025-04-19 03:20:00+09:00,0.004754,0.004756,0.004741,0.004755,1189951.0
2025-04-19 03:25:00+09:00,0.004756,0.004757,0.004747,0.004752,2008679.0
2025-04-19 03:30:00+09:00,0.004753,0.004753,0.004725,0.004726,2415059.0
2025-04-19 03:35:00+09:00,0.004727,0.004738,0.004721,0.004738,2814040.0
2025-04-19 03:40:00+09:00,0.004738,0.004748,0.004735,0.004743,3481155.0
2025-04-19 03:45:00+09:00,0.004742,0.004742,0.004732,0.004736,1021096.0
2025-04-19 03:50:00+09:00,0.004736,0.004752,0.004735,0.004745,10033057.0
2025-04-19 03:55:00+09:00,0.004743,0.004744,0.00473,0.004732,6131272.0
2025-04-19 04:00:00+09:00,0.004732,0.004737,0.004723,0.004733,922499.0
2025-04-19 04:05:00+09:00,0.004732,0.004742,0.004726,0.004739,509316.0
2025-04-19 04:10:00+09:00,0.004739,0.004744,0.004728,0.004738,1788415.0
2025-04-19 04:15:00+09:00,0.004739,0.004749,0.004733,0.004744,591112.0
2025-04-19 04:20:00+09:00,0.004746,0.004749,0.004679,0.004698,28464447.0
2025-04-19 04:25:00+09:00,0.004699,0.004711,0.004697,0.004708,1059847.0
2025-04-19 04:30:00+09:00,0.004707,0.004721,0.0047,0.004705,15777058.0
2025-04-19 04:35:00+09:00,0.004706,0.004707,0.004701,0.004704,371451.0
2025-04-19 04:40:00+09:00,0.004705,0.004707,0.004691,0.004694,5644607.0
2025-04-19 04:45:00+09:00,0.004693,0.004695,0.004668,0.004668,2321915.0
2025-04-19 04:50:00+09:00,0.004667,0.00467,0.004618,0.004622,16748513.0
2025-04-19 04:55:00+09:00,0.004621,0.004633,0.004591,0.004633,13323363.0
2025-04-19 05:00:00+09:00,0.004631,0.004698,0.00463,0.004691,23951369.0
2025-04-19 05:05:00+09:00,0.00469,0.004704,0.004688,0.004697,6159966.0
2025-04-19 05:10:00+09:00,0.004697,0.004702,0.004657,0.004659,4406502.0
2025-04-19 05:15:00+09:00,0.004659,0.004664,0.004596,0.0046,20040218.0
2025-04-19 05:20:00+09:00,0.004602,0.004623,0.004583,0.004594,10700873.0
2025-04-19 05:25:00+09:00,0.004595,0.004595,0.004577,0.004594,4509346.0
2025-04-19 05:30:00+09:00,0.004594,0.004633,0.004588,0.00463,8079934.0
2025-04-19 05:35:00+09:00,0.004633,0.004676,0.004631,0.004668,15228751.0
2025-04-19 05:40:00+09:00,0.004666,0.004666,0.004632,0.004635,6939133.0
2025-04-19 05:45:00+09:00,0.004635,0.004664,0.004635,0.004657,2977179.0
2025-04-19 05:50:00+09:00,0.004657,0.004683,0.004657,0.004677,3821610.0
2025-04-19 05:55:00+09:00,0.004678,0.004685,0.004674,0.004676,4842007.0
2025-04-19 06:00:00+09:00,0.004675,0.004693,0.00467,0.004683,5950884.0
2025-04-19 06:05:00+09:00,0.004686,0.004686,0.00467,0.004675,1083141.0
2025-04-19 06:10:00+09:00,0.004676,0.00469,0.004675,0.004684,2432672.0
2025-04-19 06:15:00+09:00,0.00468,0.004688,0.004679,0.004685,961634.0
2025-04-19 06:20:00+09:00,0.004686,0.004688,0.004666,0.004668,1514853.0
2025-04-19 06:25:00+09:00,0.004668,0.004668,0.004647,0.004655,3766229.0
2025-04-19 06:30:00+09:00,0.004655,0.00469,0.004655,0.00469,811635.0
2025-04-19 06:35:00+09:00,0.004692,0.004692,0.004678,0.004678,999624.0
2025-04-19 06:40:00+09:00,0.004679,0.004693,0.004676,0.004689,2801702.0
2025-04-19 06:45:00+09:00,0.004689,0.004691,0.004682,0.004682,342565.0
2025-04-19 06:50:00+09:00,0.004683,0.004685,0.004678,0.004682,1682208.0
2025-04-19 06:55:00+09:00,0.004683,0.004687,0.004681,0.004685,2612479.0
2025-04-19 07:00:00+09:00,0.004685,0.004695,0.004663,0.004667,4303442.0
2025-04-19 07:05:00+09:00,0.004668,0.004677,0.004659,0.004667,1633175.0
2025-04-19 07:10:00+09:00,0.00467,0.004677,0.00467,0.004674,352326.0
2025-04-19 07:15:00+09:00,0.004674,0.004674,0.004659,0.004666,1257434.0
2025-04-19 07:20:00+09:00,0.004667,0.004674,0.004664,0.004671,610038.0
2025-04-19 07:25:00+09:00,0.00467,0.004675,0.004666,0.004666,344901.0
2025-04-19 07:30:00+09:00,0.004667,0.004687,0.004667,0.004679,1056651.0
2025-04-19 07:35:00+09:00,0.004679,0.004684,0.004672,0.004676,783096.0
2025-04-19 07:40:00+09:00,0.004678,0.004685,0.004671,0.004676,1566397.0
2025-04-19 07:45:00+09:00,0.004675,0.004678,0.004665,0.004665,224214.0
2025-04-19 07:50:00+09:00,0.004664,0.004672,0.00466,0.004671,433896.0
2025-04-19 07:55:00+09:00,0.00467,0.00467,0.004666,0.004666,304223.0
2025-04-19 08:00:00+09:00,0.004667,0.004673,0.004653,0.004654,3057170.0
2025-04-19 08:05:00+09:00,0.004652,0.004653,0.004643,0.004651,1971929.0
2025-04-19 08:10:00+09:00,0.004651,0.004656,0.004648,0.004656,835722.0
2025-04-19 08:15:00+09:00,0.004656,0.004656,0.004631,0.004638,4648228.0
2025-04-19 08:20:00+09:00,0.00464,0.004648,0.004631,0.004647,1019670.0
2025-04-19 08:25:00+09:00,0.004648,0.00465,0.004645,0.004647,427729.0
2025-04-19 08:30:00+09:00,0.004647,0.004664,0.004639,0.004658,2703439.0
2025-04-19 08:35:00+09:00,0.00466,0.004675,0.00466,0.004672,2967615.0
2025-04-19 08:40:00+09:00,0.004672,0.004689,0.004672,0.004688,1936714.0
2025-04-19 08:45:00+09:00,0.004689,0.004702,0.004689,0.004698,3977159.0
2025-04-19 08:50:00+09:00,0.004698,0.004698,0.00469,0.004698,824948.0
2025-04-19 08:55:00+09:00,0.004697,0.004707,0.004694,0.004706,1846149.0
2025-04-19 09:00:00+09:00,0.004706,0.004706,0.004682,0.004685,1676402.0
2025-04-19 09:05:00+09:00,0.004685,0.004707,0.004685,0.004706,577977.0
2025-04-19 09:10:00+09:00,0.004708,0.004714,0.004693,0.004696,892969.0
2025-04-19 09:15:00+09:00,0.004697,0.004711,0.004691,0.004692,1174327.0
2025-04-19 09:20:00+09:00,0.004692,0.004729,0.004692,0.004722,3024125.0
2025-04-19 09:25:00+09:00,0.004721,0.004733,0.004719,0.004726,3325233.0
2025-04-19 09:30:00+09:00,0.004726,0.004738,0.004717,0.004717,2175488.0
2025-04-19 09:35:00+09:00,0.004718,0.004734,0.004718,0.004727,3438866.0
2025-04-19 09:40:00+09:00,0.004728,0.004728,0.004707,0.00471,2799134.0
2025-04-19 09:45:00+09:00,0.00471,0.004719,0.004699,0.004707,1201690.0
2025-04-19 09:50:00+09:00,0.004707,0.004716,0.004698,0.004698,889305.0
2025-04-19 09:55:00+09:00,0.004697,0.004697,0.00469,0.004695,822157.0
2025-04-19 10:00:00+09:00,0.004698,0.004709,0.004692,0.004699,288227.0
2025-04-19 10:05:00+09:00,0.004699,0.004706,0.00469,0.004694,1056900.0
2025-04-19 10:10:00+09:00,0.004693,0.004717,0.004692,0.004717,693281.0
2025-04-19 10:15:00+09:00,0.004717,0.004724,0.004714,0.004714,923579.0
2025-04-19 10:20:00+09:00,0.004715,0.004726,0.004715,0.00472,419869.0
2025-04-19 10:25:00+09:00,0.004721,0.004726,0.004721,0.004723,239897.0
2025-04-19 10:30:00+09:00,0.004721,0.004725,0.004715,0.004716,1129047.0
2025-04-19 10:35:00+09:00,0.004715,0.004715,0.004698,0.004712,960725.0
2025-04-19 10:40:00+09:00,0.004713,0.004713,0.004701,0.004702,318623.0
2025-04-19 10:45:00+09:00,0.004702,0.004712,0.004697,0.004699,8275828.0
2025-04-19 10:50:00+09:00,0.004701,0.004707,0.0047,0.004706,254840.0
2025-04-19 10:55:00+09:00,0.004704,0.004707,0.004696,0.0047,407886.0
2025-04-19 11:00:00+09:00,0.0047,0.004702,0.004687,0.00469,815698.0
2025-04-19 11:05:00+09:00,0.004692,0.00471,0.00469,0.00471,644331.0
2025-04-19 11:10:00+09:00,0.004712,0.004754,0.004711,0.004736,4010862.0
2025-04-19 11:15:00+09:00,0.004737,0.004739,0.004712,0.004714,1171155.0
2025-04-19 11:20:00+09:00,0.004715,0.004756,0.004715,0.004754,2802697.0
2025-04-19 11:25:00+09:00,0.004754,0.004765,0.004752,0.004758,2374708.0
2025-04-19 11:30:00+09:00,0.004758,0.004758,0.00473,0.004734,1351466.0
2025-04-19 11:35:00+09:00,0.004734,0.004754,0.004734,0.004754,1826952.0
2025-04-19 11:40:00+09:00,0.004753,0.004753,0.004737,0.00474,1017797.0
2025-04-19 11:45:00+09:00,0.004739,0.004764,0.004738,0.004762,1960925.0
2025-04-19 11:50:00+09:00,0.004762,0.004763,0.004752,0.004759,571475.0
2025-04-19 11:55:00+09:00,0.00476,0.00477,0.004756,0.004756,5604415.0
2025-04-19 12:00:00+09:00,0.004758,0.004764,0.004747,0.004764,2055270.0
2025-04-19 12:05:00+09:00,0.004764,0.004789,0.004763,0.004786,9190689.0
2025-04-19 12:10:00+09:00,0.004786,0.004793,0.004769,0.004774,2730567.0
2025-04-19 12:15:00+09:00,0.004774,0.004786,0.004773,0.004781,957298.0
2025-04-19 12:20:00+09:00,0.004782,0.004812,0.004779,0.004812,4169059.0
2025-04-19 12:25:00+09:00,0.004808,0.00484,0.004805,0.004826,14883264.0
2025-04-19 12:30:00+09:00,0.004826,0.004829,0.004807,0.004812,2111672.0
2025-04-19 12:35:00+09:00,0.004811,0.004817,0.004794,0.004794,2627005.0
2025-04-19 12:40:00+09:00,0.004796,0.004805,0.004789,0.004802,1910887.0
2025-04-19 12:45:00+09:00,0.004804,0.004811,0.004789,0.004804,4067773.0
2025-04-19 12:50:00+09:00,0.004807,0.00481,0.004799,0.0048,1937641.0
2025-04-19 12:55:00+09:00,0.0048,0.0048,0.004789,0.00479,2591456.0
2025-04-19 13:00:00+09:00,0.004789,0.004804,0.004787,0.004803,809646.0
2025-04-19 13:05:00+09:00,0.004805,0.004807,0.004794,0.004797,505513.0
2025-04-19 13:10:00+09:00,0.004798,0.004827,0.004798,0.004825,1887346.0
2025-04-19 13:15:00+09:00,0.004826,0.004826,0.004801,0.004801,3288435.0
2025-04-19 13:20:00+09:00,0.0048,0.004803,0.004787,0.004788,845409.0
2025-04-19 13:25:00+09:00,0.004787,0.004827,0.00478,0.004827,5365072.0
2025-04-19 13:30:00+09:00,0.004829,0.004854,0.004829,0.004836,8517382.0
2025-04-19 13:35:00+09:00,0.004836,0.004845,0.004831,0.004831,2393090.0
2025-04-19 13:40:00+09:00,0.004833,0.004843,0.00483,0.004835,521452.0
2025-04-19 13:45:00+09:00,0.004834,0.00484,0.00483,0.004832,677599.0
2025-04-19 13:50:00+09:00,0.004832,0.004833,0.004807,0.004816,1561677.0
2025-04-19 13:55:00+09:00,0.004817,0.004818,0.004809,0.004815,315323.0
2025-04-19 14:00:00+09:00,0.004814,0.004828,0.004809,0.004812,744587.0
2025-04-19 14:05:00+09:00,0.004811,0.004811,0.004791,0.004806,3697392.0
2025-04-19 14:10:00+09:00,0.004807,0.004815,0.004792,0.004796,928542.0
2025-04-19 14:15:00+09:00,0.004795,0.004813,0.004795,0.004805,967700.0
2025-04-19 14:20:00+09:00,0.004805,0.004811,0.004801,0.004807,665665.0
2025-04-19 14:25:00+09:00,0.004807,0.004826,0.004807,0.004819,726560.0
2025-04-19 14:30:00+09:00,0.004818,0.004818,0.004801,0.004801,623032.0
2025-04-19 14:35:00+09:00,0.004802,0.004802,0.004789,0.00479,1282819.0
2025-04-19 14:40:00+09:00,0.004791,0.004805,0.004789,0.004801,975602.0
2025-04-19 14:45:00+09:00,0.004803,0.004825,0.004803,0.004825,798813.0
2025-04-19 14:50:00+09:00,0.004825,0.004828,0.004797,0.004807,9814897.0
2025-04-19 14:55:00+09:00,0.004807,0.004808,0.004799,0.004799,531227.0
2025-04-19 15:00:00+09:00,0.0048,0.0048,0.004787,0.004792,1123079.0
2025-04-19 15:05:00+09:00,0.004793,0.004801,0.004786,0.004788,5912729.0
2025-04-19 15:10:00+09:00,0.004787,0.004795,0.004774,0.004777,3619944.0
2025-04-19 15:15:00+09:00,0.004778,0.004779,0.004769,0.00477,2267429.0
2025-04-19 15:20:00+09:00,0.004772,0.004785,0.004769,0.004784,1415035.0
2025-04-19 15:25:00+09:00,0.004784,0.004784,0.004773,0.004774,359154.0
2025-04-19 15:30:00+09:00,0.004774,0.004774,0.004747,0.004751,7509249.0
2025-04-19 15:35:00+09:00,0.004753,0.004758,0.004748,0.00475,828051.0
2025-04-19 15:40:00+09:00,0.00475,0.004755,0.004743,0.004746,4364407.0
2025-04-19 15:45:00+09:00,0.004746,0.00475,0.004742,0.004745,598070.0
2025-04-19 15:50:00+09:00,0.004744,0.004751,0.004739,0.004749,931963.0
2025-04-19 15:55:00+09:00,0.004748,0.004751,0.004738,0.004741,783738.0
2025-04-19 16:00:00+09:00,0.004739,0.004754,0.004739,0.004754,1116208.0
2025-04-19 16:05:00+09:00,0.004754,0.004754,0.004746,0.004751,489844.0
2025-04-19 16:10:00+09:00,0.004752,0.004766,0.004748,0.004766,3021691.0
2025-04-19 16:15:00+09:00,0.004765,0.004767,0.00476,0.004761,835502.0
2025-04-19 16:20:00+09:00,0.004761,0.004781,0.004759,0.004766,3098900.0
2025-04-19 16:25:00+09:00,0.004765,0.004775,0.004765,0.004774,1282199.0
2025-04-19 16:30:00+09:00,0.004774,0.004774,0.004752,0.004752,913783.0
2025-04-19 16:35:00+09:00,0.004753,0.004785,0.004752,0.004782,850569.0
2025-04-19 16:40:00+09:00,0.004781,0.00479,0.004775,0.00478,1517746.0
2025-04-19 16:45:00+09:00,0.004778,0.004779,0.004768,0.004771,405509.0
2025-04-19 16:50:00+09:00,0.004773,0.004776,0.004764,0.004766,991674.0
2025-04-19 16:55:00+09:00,0.004765,0.004769,0.004762,0.004769,725512.0
2025-04-19 17:00:00+09:00,0.004767,0.004773,0.004752,0.004752,552525.0
2025-04-19 17:05:00+09:00,0.004752,0.004775,0.004751,0.004765,384315.0
2025-04-19 17:10:00+09:00,0.004764,0.00477,0.004754,0.004756,1948147.0
2025-04-19 17:15:00+09:00,0.004757,0.004762,0.004749,0.004758,2732493.0
2025-04-19 17:20:00+09:00,0.004759,0.00478,0.004759,0.004773,1771876.0
2025-04-19 17:25:00+09:00,0.004773,0.004774,0.00476,0.004767,360061.0
2025-04-19 17:30:00+09:00,0.004767,0.004767,0.004753,0.004758,816852.0
2025-04-19 17:35:00+09:00,0.004759,0.004764,0.004755,0.004762,1418205.0
2025-04-19 17:40:00+09:00,0.004761,0.004781,0.004761,0.004781,1338388.0
2025-04-19 17:45:00+09:00,0.004781,0.004809,0.00478,0.004805,2888148.0
2025-04-19 17:50:00+09:00,0.004808,0.004808,0.004795,0.0048,2257253.0
2025-04-19 17:55:00+09:00,0.0048,0.004801,0.004784,0.004794,772006.0
2025-04-19 18:00:00+09:00,0.004794,0.004794,0.004774,0.004776,517247.0
2025-04-19 18:05:00+09:00,0.004777,0.00479,0.004777,0.004782,1181417.0
2025-04-19 18:10:00+09:00,0.004783,0.004802,0.004783,0.004794,515736.0
2025-04-19 18:15:00+09:00,0.004793,0.004797,0.004789,0.004792,576014.0
2025-04-19 18:20:00+09:00,0.004791,0.004791,0.004774,0.004774,3737813.0
2025-04-19 18:25:00+09:00,0.004775,0.004784,0.004773,0.004773,1416751.0
2025-04-19 18:30:00+09:00,0.004772,0.004774,0.004761,0.004773,2350216.0
2025-04-19 18:35:00+09:00,0.004771,0.004787,0.00477,0.004771,2325131.0
2025-04-19 18:40:00+09:00,0.004771,0.00478,0.004771,0.004774,1025361.0
2025-04-19 18:45:00+09:00,0.004773,0.004803,0.004773,0.0048,5597047.0
2025-04-19 18:50:00+09:00,0.004799,0.004812,0.004792,0.004795,4866897.0
2025-04-19 18:55:00+09:00,0.004795,0.004796,0.004783,0.004789,1270843.0
2025-04-19 19:00:00+09:00,0.004789,0.004789,0.004765,0.004773,1450988.0
2025-04-19 19:05:00+09:00,0.004774,0.004795,0.004774,0.004795,467810.0
2025-04-19 19:10:00+09:00,0.004795,0.004805,0.004793,0.004798,3917912.0
2025-04-19 19:15:00+09:00,0.004795,0.004795,0.004776,0.004779,649609.0
2025-04-19 19:20:00+09:00,0.004777,0.004794,0.004777,0.004792,712121.0
2025-04-19 19:25:00+09:00,0.004793,0.004794,0.004774,0.004776,330053.0
2025-04-19 19:30:00+09:00,0.004777,0.004787,0.004777,0.004783,1629290.0
2025-04-19 19:35:00+09:00,0.004783,0.004783,0.004771,0.004779,817577.0
2025-04-19 19:40:00+09:00,0.004781,0.004803,0.004781,0.004803,863701.0
2025-04-19 19:45:00+09:00,0.004802,0.004806,0.004792,0.004795,712337.0
2025-04-19 19:50:00+09:00,0.004794,0.004803,0.004791,0.004798,431632.0
2025-04-19 19:55:00+09:00,0.004799,0.004799,0.00479,0.00479,678668.0
2025-04-19 20:00:00+09:00,0.004789,0.004806,0.004786,0.004806,1200841.0
2025-04-19 20:05:00+09:00,0.004806,0.004826,0.004804,0.004812,1382376.0
2025-04-19 20:10:00+09:00,0.004812,0.004812,0.004796,0.004806,1972332.0
2025-04-19 20:15:00+09:00,0.004804,0.004829,0.004799,0.004824,4874541.0
2025-04-19 20:20:00+09:00,0.004826,0.004827,0.004814,0.004814,655324.0
2025-04-19 20:25:00+09:00,0.004816,0.004818,0.004811,0.004817,479979.0
2025-04-19 20:30:00+09:00,0.004816,0.004817,0.004801,0.004817,1375914.0
2025-04-19 20:35:00+09:00,0.004816,0.00482,0.004807,0.004807,1484856.0
2025-04-19 20:40:00+09:00,0.004807,0.004818,0.004803,0.004807,765574.0
2025-04-19 20:45:00+09:00,0.004808,0.004808,0.004794,0.004801,2839076.0
2025-04-19 20:50:00+09:00,0.004801,0.004801,0.004793,0.004797,234012.0
2025-04-19 20:55:00+09:00,0.004798,0.004804,0.004794,0.0048,237528.0
2025-04-19 21:00:00+09:00,0.004802,0.004807,0.004777,0.004779,2351017.0
2025-04-19 21:05:00+09:00,0.004779,0.00479,0.004779,0.004787,608155.0
2025-04-19 21:10:00+09:00,0.004787,0.004796,0.004784,0.004789,4374161.0
2025-04-19 21:15:00+09:00,0.004788,0.004791,0.004781,0.004781,274171.0
2025-04-19 21:20:00+09:00,0.004782,0.004783,0.004765,0.004777,2389444.0
2025-04-19 21:25:00+09:00,0.004778,0.004784,0.004775,0.004775,149616.0
2025-04-19 21:30:00+09:00,0.004775,0.004779,0.004771,0.004772,452264.0
2025-04-19 21:35:00+09:00,0.004773,0.004776,0.004771,0.004773,52622.0
2025-04-19 21:40:00+09:00,0.004773,0.004785,0.004773,0.004776,1383273.0
2025-04-19 21:45:00+09:00,0.004776,0.004782,0.004762,0.004766,504512.0
2025-04-19 21:50:00+09:00,0.004765,0.00478,0.004762,0.00478,1897486.0
2025-04-19 21:55:00+09:00,0.004783,0.004791,0.004779,0.004785,711920.0
2025-04-19 22:00:00+09:00,0.004784,0.004784,0.004761,0.00478,1012638.0
2025-04-19 22:05:00+09:00,0.004781,0.004781,0.004762,0.00477,6922662.0
2025-04-19 22:10:00+09:00,0.004771,0.004778,0.004771,0.004776,374060.0
2025-04-19 22:15:00+09:00,0.004774,0.004774,0.004753,0.004764,3387887.0
2025-04-19 22:20:00+09:00,0.004763,0.004775,0.004762,0.004769,247317.0
2025-04-19 22:25:00+09:00,0.00477,0.004775,0.004765,0.004768,3745448.0
2025-04-19 22:30:00+09:00,0.004767,0.00477,0.004759,0.004759,168095.0
2025-04-19 22:35:00+09:00,0.004762,0.004765,0.004749,0.004759,1619592.0
2025-04-19 22:40:00+09:00,0.004761,0.004774,0.00476,0.004762,1168202.0
2025-04-19 22:45:00+09:00,0.004762,0.004767,0.00476,0.004766,150759.0
2025-04-19 22:50:00+09:00,0.004765,0.004773,0.004758,0.004768,778784.0
2025-04-19 22:55:00+09:00,0.004769,0.004773,0.004764,0.004767,430464.0
2025-04-19 23:00:00+09:00,0.004765,0.004774,0.004753,0.004756,3330739.0
2025-04-19 23:05:00+09:00,0.004755,0.004772,0.004755,0.004768,1235795.0
2025-04-19 23:10:00+09:00,0.004768,0.004772,0.004761,0.004763,545508.0
2025-04-19 23:15:00+09:00,0.004764,0.004778,0.004762,0.004763,783812.0
2025-04-19 23:20:00+09:00,0.004762,0.004767,0.00476,0.00476,1035033.0
2025-04-19 23:25:00+09:00,0.004761,0.004765,0.004754,0.004761,784389.0
2025-04-19 23:30:00+09:00,0.004763,0.004774,0.004754,0.004754,430728.0
2025-04-19 23:35:00+09:00,0.004755,0.004759,0.00475,0.00475,691254.0
2025-04-19 23:40:00+09:00,0.00475,0.00476,0.00475,0.004759,557817.0
2025-04-19 23:45:00+09:00,0.00476,0.004774,0.004751,0.004774,939990.0
2025-04-19 23:50:00+09:00,0.004774,0.004778,0.004772,0.004772,195684.0
2025-04-19 23:55:00+09:00,0.004773,0.004779,0.004773,0.004775,875662.0
2025-04-20 00:00:00+09:00,0.004775,0.004779,0.004769,0.004769,277450.0
2025-04-20 00:05:00+09:00,0.004771,0.004793,0.004771,0.004782,5999799.0
2025-04-20 00:10:00+09:00,0.004782,0.004792,0.004779,0.004787,2343177.0
2025-04-20 00:15:00+09:00,0.004788,0.004795,0.004782,0.004791,1694122.0
2025-04-20 00:20:00+09:00,0.004793,0.004821,0.004791,0.00482,3526829.0
2025-04-20 00:25:00+09:00,0.00482,0.004833,0.004818,0.00483,2611076.0
2025-04-20 00:30:00+09:00,0.00483,0.004841,0.004818,0.004823,2351519.0
2025-04-20 00:35:00+09:00,0.004823,0.004823,0.004795,0.004796,4941152.0
2025-04-20 00:40:00+09:00,0.004795,0.004795,0.004782,0.004794,1341551.0
2025-04-20 00:45:00+09:00,0.004793,0.004794,0.004764,0.004774,3809529.0
2025-04-20 00:50:00+09:00,0.004773,0.004791,0.004773,0.004785,643176.0
2025-04-20 00:55:00+09:00,0.004785,0.004791,0.004784,0.004785,551918.0
2025-04-20 01:00:00+09:00,0.004786,0.004821,0.004785,0.004821,7133092.0
2025-04-20 01:05:00+09:00,0.00482,0.004829,0.004818,0.004825,1344931.0
2025-04-20 01:10:00+09:00,0.004826,0.00484,0.004812,0.004814,3219186.0
2025-04-20 01:15:00+09:00,0.004814,0.004822,0.0048,0.004813,2494495.0
2025-04-20 01:20:00+09:00,0.004814,0.004834,0.004812,0.004831,1301772.0
2025-04-20 01:25:00+09:00,0.004833,0.004836,0.004815,0.004815,3642500.0
2025-04-20 01:30:00+09:00,0.004817,0.00482,0.004798,0.004798,5052686.0
2025-04-20 01:35:00+09:00,0.004798,0.004803,0.004785,0.004798,1096208.0
2025-04-20 01:40:00+09:00,0.004796,0.004804,0.004788,0.00479,1309496.0
2025-04-20 01:45:00+09:00,0.00479,0.004795,0.004769,0.00477,3851883.0
2025-04-20 01:50:00+09:00,0.004771,0.004782,0.004771,0.004778,1469492.0
2025-04-20 01:55:00+09:00,0.004779,0.004781,0.004766,0.004767,1044340.0
2025-04-20 02:00:00+09:00,0.004767,0.004787,0.004764,0.004782,2260277.0
2025-04-20 02:05:00+09:00,0.004784,0.004789,0.004764,0.004764,376575.0
2025-04-20 02:10:00+09:00,0.004764,0.004777,0.004761,0.004776,1187527.0
2025-04-20 02:15:00+09:00,0.004777,0.004782,0.004767,0.004767,378052.0
2025-04-20 02:20:00+09:00,0.004767,0.004783,0.004766,0.00478,769621.0
2025-04-20 02:25:00+09:00,0.004781,0.004804,0.004781,0.004793,5235380.0
2025-04-20 02:30:00+09:00,0.004793,0.004793,0.004775,0.004787,635886.0
2025-04-20 02:35:00+09:00,0.004787,0.004846,0.004786,0.004816,4934926.0
2025-04-20 02:40:00+09:00,0.004817,0.004831,0.004812,0.00482,2809183.0
2025-04-20 02:45:00+09:00,0.004819,0.004826,0.004811,0.004813,683166.0
2025-04-20 02:50:00+09:00,0.004815,0.004815,0.0048,0.00481,955788.0
2025-04-20 02:55:00+09:00,0.004811,0.00482,0.004811,0.00482,831667.0
2025-04-20 03:00:00+09:00,0.00482,0.004865,0.004818,0.004864,5416696.0
2025-04-20 03:05:00+09:00,0.004861,0.004865,0.004844,0.004853,3196206.0
2025-04-20 03:10:00+09:00,0.004853,0.004864,0.004845,0.004862,4074827.0
2025-04-20 03:15:00+09:00,0.004861,0.004866,0.004849,0.004858,636251.0
2025-04-20 03:20:00+09:00,0.004857,0.004862,0.004847,0.004848,1331582.0
2025-04-20 03:25:00+09:00,0.004848,0.004851,0.004836,0.004851,1544640.0
2025-04-20 03:30:00+09:00,0.00485,0.004865,0.004849,0.004863,7684748.0
2025-04-20 03:35:00+09:00,0.004864,0.004871,0.004861,0.004865,1533908.0
2025-04-20 03:40:00+09:00,0.004864,0.004866,0.004847,0.004847,1237084.0
2025-04-20 03:45:00+09:00,0.004844,0.004844,0.004827,0.00483,2304637.0
2025-04-20 03:50:00+09:00,0.004829,0.004841,0.004829,0.004838,582498.0
2025-04-20 03:55:00+09:00,0.00484,0.004849,0.004838,0.004845,1755637.0
2025-04-20 04:00:00+09:00,0.004844,0.004851,0.00482,0.004847,2325736.0
2025-04-20 04:05:00+09:00,0.004847,0.004862,0.004843,0.004853,893654.0
2025-04-20 04:10:00+09:00,0.004854,0.004861,0.00484,0.004845,552889.0
2025-04-20 04:15:00+09:00,0.004844,0.004844,0.004832,0.004835,395772.0
2025-04-20 04:20:00+09:00,0.004834,0.004852,0.004826,0.004843,3168913.0
2025-04-20 04:25:00+09:00,0.004843,0.004847,0.004842,0.004846,87960.0
2025-04-20 04:30:00+09:00,0.004845,0.004854,0.004836,0.004841,3213167.0
2025-04-20 04:35:00+09:00,0.00484,0.004842,0.004828,0.004833,2843703.0
2025-04-20 04:40:00+09:00,0.004834,0.004836,0.004829,0.004832,896688.0
2025-04-20 04:45:00+09:00,0.004832,0.004833,0.004822,0.004824,181017.0
2025-04-20 04:50:00+09:00,0.004824,0.004833,0.004822,0.004831,514890.0
2025-04-20 04:55:00+09:00,0.00483,0.004842,0.004827,0.004835,1094793.0
2025-04-20 05:00:00+09:00,0.004834,0.004837,0.004822,0.004823,2575728.0
2025-04-20 05:05:00+09:00,0.004824,0.004847,0.004824,0.004844,3647165.0
2025-04-20 05:10:00+09:00,0.004843,0.004847,0.004836,0.004843,468919.0
2025-04-20 05:15:00+09:00,0.004845,0.004849,0.00483,0.004849,469214.0
2025-04-20 05:20:00+09:00,0.00485,0.004855,0.004842,0.004845,1127360.0
2025-04-20 05:25:00+09:00,0.004844,0.004867,0.004844,0.004857,2290406.0
2025-04-20 05:30:00+09:00,0.004857,0.004862,0.004844,0.004859,476779.0
2025-04-20 05:35:00+09:00,0.00486,0.004866,0.004853,0.004861,2581768.0
2025-04-20 05:40:00+09:00,0.004859,0.004892,0.004857,0.004892,6068754.0
2025-04-20 05:45:00+09:00,0.004891,0.004903,0.004884,0.004903,7249064.0
2025-04-20 05:50:00+09:00,0.004901,0.004906,0.004889,0.004893,1479027.0
2025-04-20 05:55:00+09:00,0.004891,0.004891,0.00488,0.00488,1504376.0
2025-04-20 06:00:00+09:00,0.00488,0.004898,0.00488,0.004889,2653049.0
2025-04-20 06:05:00+09:00,0.004889,0.004908,0.004886,0.004907,354271.0
2025-04-20 06:10:00+09:00,0.004907,0.004938,0.004907,0.004938,6359202.0
2025-04-20 06:15:00+09:00,0.004937,0.004937,0.00492,0.00492,1725707.0
2025-04-20 06:20:00+09:00,0.004918,0.00493,0.004912,0.004928,5622143.0
2025-04-20 06:25:00+09:00,0.004929,0.004935,0.004906,0.004906,6446576.0
2025-04-20 06:30:00+09:00,0.004906,0.004922,0.0049,0.004922,2222696.0
2025-04-20 06:35:00+09:00,0.004923,0.004923,0.004909,0.00491,1196775.0
2025-04-20 06:40:00+09:00,0.004902,0.004902,0.004892,0.0049,578702.0
2025-04-20 06:45:00+09:00,0.0049,0.004926,0.0049,0.004922,1712507.0
2025-04-20 06:50:00+09:00,0.00492,0.004932,0.00492,0.004932,171835.0
2025-04-20 06:55:00+09:00,0.004933,0.004934,0.004931,0.004934,795622.0
2025-04-20 07:00:00+09:00,0.004935,0.004959,0.004934,0.004954,6757113.0
2025-04-20 07:05:00+09:00,0.004956,0.004956,0.004934,0.004945,3389339.0
2025-04-20 07:10:00+09:00,0.004945,0.004974,0.004943,0.004968,1593213.0
2025-04-20 07:15:00+09:00,0.00497,0.004996,0.00497,0.004994,4753260.0
2025-04-20 07:20:00+09:00,0.004992,0.004992,0.004954,0.004964,3244811.0
2025-04-20 07:25:00+09:00,0.004965,0.004977,0.004956,0.004959,1104628.0
2025-04-20 07:30:00+09:00,0.00496,0.004978,0.004952,0.00497,903446.0
2025-04-20 07:35:00+09:00,0.004968,0.004988,0.004961,0.004976,3602072.0
2025-04-20 07:40:00+09:00,0.004977,0.004993,0.004968,0.004983,3280577.0
2025-04-20 07:45:00+09:00,0.004981,0.004981,0.00497,0.004974,1099963.0
2025-04-20 07:50:00+09:00,0.004973,0.004973,0.004963,0.00497,2400095.0
2025-04-20 07:55:00+09:00,0.00497,0.004994,0.004969,0.004987,3653067.0
2025-04-20 08:00:00+09:00,0.004986,0.005004,0.00498,0.004992,5472617.0
2025-04-20 08:05:00+09:00,0.004991,0.004995,0.004978,0.004979,1515526.0
2025-04-20 08:10:00+09:00,0.004979,0.004979,0.00495,0.004955,13111696.0
2025-04-20 08:15:00+09:00,0.004955,0.004983,0.004954,0.004975,5432242.0
2025-04-20 08:20:00+09:00,0.004976,0.004979,0.004954,0.004957,3625512.0
2025-04-20 08:25:00+09:00,0.004956,0.004964,0.004949,0.004955,2410190.0
2025-04-20 08:30:00+09:00,0.004956,0.004968,0.004948,0.004955,1180982.0
2025-04-20 08:35:00+09:00,0.004954,0.004954,0.004938,0.004941,5022931.0
2025-04-20 08:40:00+09:00,0.004943,0.004959,0.004943,0.004959,1013079.0
2025-04-20 08:45:00+09:00,0.004956,0.004956,0.004946,0.004946,306086.0
2025-04-20 08:50:00+09:00,0.004947,0.004959,0.004947,0.004955,660701.0
2025-04-20 08:55:00+09:00,0.004956,0.004963,0.004952,0.004955,693573.0
2025-04-20 09:00:00+09:00,0.004956,0.004958,0.004921,0.004924,2446677.0
2025-04-20 09:05:00+09:00,0.004923,0.00493,0.004908,0.004928,3283689.0
2025-04-20 09:10:00+09:00,0.00493,0.004948,0.004927,0.004943,1497316.0
2025-04-20 09:15:00+09:00,0.004944,0.00495,0.004923,0.004928,3398488.0
2025-04-20 09:20:00+09:00,0.004927,0.004975,0.004924,0.004968,5189067.0
2025-04-20 09:25:00+09:00,0.004966,0.004966,0.004939,0.004947,4679532.0
2025-04-20 09:30:00+09:00,0.004946,0.004974,0.004933,0.004959,5424056.0
2025-04-20 09:35:00+09:00,0.004958,0.004978,0.004958,0.004975,1130545.0
2025-04-20 09:40:00+09:00,0.004976,0.004976,0.004952,0.004953,1753833.0
2025-04-20 09:45:00+09:00,0.004954,0.00497,0.004952,0.004952,3075921.0
2025-04-20 09:50:00+09:00,0.004955,0.00497,0.004949,0.00497,1667896.0
2025-04-20 09:55:00+09:00,0.004968,0.004969,0.004933,0.004934,3163769.0
2025-04-20 10:00:00+09:00,0.004934,0.004949,0.004932,0.004938,1239064.0
2025-04-20 10:05:00+09:00,0.004941,0.004965,0.004932,0.004964,4415417.0
2025-04-20 10:10:00+09:00,0.004966,0.004966,0.004956,0.004957,248528.0
2025-04-20 10:15:00+09:00,0.004958,0.004966,0.004957,0.004964,698400.0
2025-04-20 10:20:00+09:00,0.004966,0.004986,0.004966,0.004979,4409168.0
2025-04-20 10:25:00+09:00,0.004979,0.004979,0.004952,0.004954,602644.0
2025-04-20 10:30:00+09:00,0.004953,0.004953,0.004934,0.004938,6780062.0
2025-04-20 10:35:00+09:00,0.00494,0.004958,0.004934,0.004953,1323271.0
2025-04-20 10:40:00+09:00,0.004953,0.004958,0.004943,0.004947,232501.0
2025-04-20 10:45:00+09:00,0.004948,0.004963,0.004948,0.00495,861809.0
2025-04-20 10:50:00+09:00,0.00495,0.004962,0.00495,0.004956,1059849.0
2025-04-20 10:55:00+09:00,0.004957,0.00499,0.004957,0.004988,16114169.0
2025-04-20 11:00:00+09:00,0.004989,0.00499,0.004969,0.004972,927481.0
2025-04-20 11:05:00+09:00,0.004973,0.004975,0.004958,0.004967,936224.0
2025-04-20 11:10:00+09:00,0.004967,0.004986,0.004967,0.004986,602509.0
2025-04-20 11:15:00+09:00,0.004984,0.004984,0.004967,0.004978,520981.0
2025-04-20 11:20:00+09:00,0.004979,0.004981,0.004959,0.00496,442837.0
2025-04-20 11:25:00+09:00,0.004961,0.004967,0.004952,0.00496,14952714.0
2025-04-20 11:30:00+09:00,0.004959,0.004985,0.004958,0.00498,5285960.0
2025-04-20 11:35:00+09:00,0.00498,0.004999,0.00498,0.004999,1611203.0
2025-04-20 11:40:00+09:00,0.005,0.005017,0.004997,0.005012,3679172.0
2025-04-20 11:45:00+09:00,0.005011,0.00502,0.005001,0.005016,565192.0
2025-04-20 11:50:00+09:00,0.00502,0.005024,0.005007,0.005007,1458322.0
2025-04-20 11:55:00+09:00,0.005006,0.005022,0.005002,0.005013,4601185.0
2025-04-20 12:00:00+09:00,0.005015,0.005017,0.005001,0.005001,5348554.0
2025-04-20 12:05:00+09:00,0.005001,0.005008,0.004988,0.004989,7618988.0
2025-04-20 12:10:00+09:00,0.004989,0.005018,0.004989,0.005015,543487.0
2025-04-20 12:15:00+09:00,0.005014,0.005017,0.004991,0.004994,1660812.0
2025-04-20 12:20:00+09:00,0.004995,0.005001,0.004988,0.004994,1172405.0
2025-04-20 12:25:00+09:00,0.004993,0.00501,0.004993,0.005008,1436602.0
2025-04-20 12:30:00+09:00,0.005008,0.005008,0.004976,0.004982,2097482.0
2025-04-20 12:35:00+09:00,0.004983,0.004987,0.004976,0.004976,1053430.0
2025-04-20 12:40:00+09:00,0.004976,0.00498,0.004969,0.00498,672636.0
2025-04-20 12:45:00+09:00,0.004981,0.004982,0.004966,0.004973,256833.0
2025-04-20 12:50:00+09:00,0.004974,0.004982,0.004974,0.004982,248804.0
2025-04-20 12:55:00+09:00,0.004981,0.005005,0.004981,0.004989,3606470.0
2025-04-20 13:00:00+09:00,0.004989,0.005007,0.004986,0.005004,792514.0
2025-04-20 13:05:00+09:00,0.005003,0.005007,0.004994,0.005007,549515.0
2025-04-20 13:10:00+09:00,0.005008,0.005026,0.005003,0.005021,7824008.0
2025-04-20 13:15:00+09:00,0.00502,0.005037,0.005018,0.005035,2635457.0
2025-04-20 13:20:00+09:00,0.005036,0.005073,0.005036,0.005069,9279927.0
2025-04-20 13:25:00+09:00,0.005068,0.005082,0.005059,0.005082,3616769.0
2025-04-20 13:30:00+09:00,0.005082,0.005085,0.005059,0.00506,4529998.0
2025-04-20 13:35:00+09:00,0.00506,0.005094,0.00506,0.005092,4711620.0
2025-04-20 13:40:00+09:00,0.005089,0.005111,0.005083,0.005098,11475775.0
2025-04-20 13:45:00+09:00,0.005097,0.005098,0.005053,0.005059,3583357.0
2025-04-20 13:50:00+09:00,0.005056,0.005058,0.005039,0.005053,2540822.0
2025-04-20 13:55:00+09:00,0.005049,0.005072,0.005043,0.005054,2170006.0
2025-04-20 14:00:00+09:00,0.005054,0.005056,0.005023,0.00503,2403096.0
2025-04-20 14:05:00+09:00,0.00503,0.005049,0.005022,0.005047,1059968.0
2025-04-20 14:10:00+09:00,0.005045,0.005062,0.005045,0.00506,1379069.0
2025-04-20 14:15:00+09:00,0.005062,0.005099,0.005057,0.005082,4679904.0
2025-04-20 14:20:00+09:00,0.005082,0.0051,0.005082,0.00509,5564854.0
2025-04-20 14:25:00+09:00,0.00509,0.005093,0.00507,0.00507,1627496.0
2025-04-20 14:30:00+09:00,0.005069,0.005077,0.005031,0.005037,10184007.0
2025-04-20 14:35:00+09:00,0.005036,0.005054,0.005031,0.005041,7791161.0
2025-04-20 14:40:00+09:00,0.00504,0.005057,0.005033,0.005037,1542840.0
2025-04-20 14:45:00+09:00,0.005036,0.005042,0.005004,0.00501,29029734.0
2025-04-20 14:50:00+09:00,0.005012,0.005022,0.004997,0.005,4549630.0
2025-04-20 14:55:00+09:00,0.005001,0.005014,0.004996,0.004996,1220514.0
2025-04-20 15:00:00+09:00,0.004995,0.004995,0.004976,0.004987,7027364.0
2025-04-20 15:05:00+09:00,0.004987,0.004996,0.004981,0.004986,2540248.0
2025-04-20 15:10:00+09:00,0.004986,0.005017,0.004986,0.005002,2759785.0
2025-04-20 15:15:00+09:00,0.005001,0.005006,0.004992,0.005006,1513495.0
2025-04-20 15:20:00+09:00,0.005005,0.005017,0.004995,0.004995,2915959.0
2025-04-20 15:25:00+09:00,0.004998,0.005004,0.004993,0.004994,494710.0
2025-04-20 15:30:00+09:00,0.004994,0.005,0.004976,0.004997,13274573.0
2025-04-20 15:35:00+09:00,0.004997,0.005024,0.004995,0.00502,5088198.0
2025-04-20 15:40:00+09:00,0.005017,0.005017,0.004989,0.00499,2451824.0
2025-04-20 15:45:00+09:00,0.004989,0.005001,0.004977,0.004979,1567488.0
2025-04-20 15:50:00+09:00,0.004981,0.00499,0.004973,0.004989,3391159.0
2025-04-20 15:55:00+09:00,0.00499,0.004997,0.004986,0.004986,1027935.0
2025-04-20 16:00:00+09:00,0.004987,0.004987,0.00494,0.004944,13266733.0
2025-04-20 16:05:00+09:00,0.004946,0.00496,0.00493,0.004937,3760043.0
2025-04-20 16:10:00+09:00,0.004938,0.00495,0.004922,0.004948,1355739.0
2025-04-20 16:15:00+09:00,0.004947,0.004949,0.004909,0.004924,6241726.0
2025-04-20 16:20:00+09:00,0.004924,0.004936,0.004915,0.00492,1971870.0
2025-04-20 16:25:00+09:00,0.004921,0.004948,0.004917,0.004937,2579399.0
2025-04-20 16:30:00+09:00,0.004937,0.004944,0.004931,0.004934,787996.0
2025-04-20 16:35:00+09:00,0.004933,0.004948,0.004923,0.004928,4714835.0
2025-04-20 16:40:00+09:00,0.004928,0.004939,0.004918,0.004918,2539785.0
2025-04-20 16:45:00+09:00,0.00492,0.004935,0.00492,0.004931,3615858.0
2025-04-20 16:50:00+09:00,0.004931,0.004938,0.004924,0.004938,1701602.0
2025-04-20 16:55:00+09:00,0.004937,0.00494,0.004923,0.004936,1563091.0
2025-04-20 17:00:00+09:00,0.004935,0.004943,0.004926,0.004926,1440972.0
2025-04-20 17:05:00+09:00,0.004926,0.004937,0.004924,0.004927,1647253.0
2025-04-20 17:10:00+09:00,0.004926,0.004948,0.004923,0.004937,3257049.0
2025-04-20 17:15:00+09:00,0.00494,0.00495,0.004937,0.004943,845378.0
2025-04-20 17:20:00+09:00,0.004944,0.004951,0.004939,0.00495,1631956.0
2025-04-20 17:25:00+09:00,0.00495,0.004954,0.004927,0.004937,640074.0
2025-04-20 17:30:00+09:00,0.004936,0.004936,0.004893,0.004896,5862712.0
2025-04-20 17:35:00+09:00,0.004895,0.004922,0.004893,0.004907,4177951.0
2025-04-20 17:40:00+09:00,0.004909,0.004922,0.004909,0.004914,1448384.0
2025-04-20 17:45:00+09:00,0.004911,0.004916,0.0049,0.004904,1385027.0
2025-04-20 17:50:00+09:00,0.004903,0.004905,0.004882,0.004883,3202068.0
2025-04-20 17:55:00+09:00,0.004884,0.004891,0.004865,0.004889,2649141.0
2025-04-20 18:00:00+09:00,0.004888,0.004897,0.00488,0.004892,2759680.0
2025-04-20 18:05:00+09:00,0.004892,0.004905,0.004881,0.0049,3372002.0
2025-04-20 18:10:00+09:00,0.0049,0.004902,0.004885,0.004885,1696939.0
2025-04-20 18:15:00+09:00,0.004885,0.004899,0.004885,0.004899,549999.0
2025-04-20 18:20:00+09:00,0.0049,0.004901,0.00489,0.004893,1453480.0
2025-04-20 18:25:00+09:00,0.004895,0.004895,0.004883,0.004883,443485.0
2025-04-20 18:30:00+09:00,0.004883,0.004904,0.00488,0.004899,1979348.0
2025-04-20 18:35:00+09:00,0.004898,0.004898,0.00488,0.004893,5800840.0
2025-04-20 18:40:00+09:00,0.004893,0.004946,0.004893,0.004917,40270728.0
2025-04-20 18:45:00+09:00,0.004917,0.004935,0.004902,0.004905,1890656.0
2025-04-20 18:50:00+09:00,0.004904,0.00491,0.004894,0.004909,1342566.0
2025-04-20 18:55:00+09:00,0.004911,0.004916,0.004909,0.00491,117637.0
2025-04-20 19:00:00+09:00,0.004909,0.004915,0.004892,0.004892,1572059.0
2025-04-20 19:05:00+09:00,0.004893,0.004898,0.004882,0.004896,862359.0
2025-04-20 19:10:00+09:00,0.004897,0.004902,0.00489,0.004892,793337.0
2025-04-20 19:15:00+09:00,0.004891,0.004897,0.004881,0.004886,1422606.0
2025-04-20 19:20:00+09:00,0.004887,0.0049,0.004887,0.004892,1216684.0
2025-04-20 19:25:00+09:00,0.004892,0.004909,0.00489,0.0049,1451523.0
2025-04-20 19:30:00+09:00,0.004899,0.004915,0.004896,0.004907,2205387.0
2025-04-20 19:35:00+09:00,0.004909,0.004914,0.004893,0.004898,1191069.0
2025-04-20 19:40:00+09:00,0.004899,0.004909,0.004884,0.004893,1665361.0
2025-04-20 19:45:00+09:00,0.004893,0.004899,0.004874,0.004886,1687212.0
2025-04-20 19:50:00+09:00,0.004885,0.004887,0.004839,0.004847,8154166.0
2025-04-20 19:55:00+09:00,0.004847,0.00487,0.004847,0.004865,1443707.0
2025-04-20 20:00:00+09:00,0.004865,0.004869,0.00485,0.00486,2587832.0
2025-04-20 20:05:00+09:00,0.00486,0.004862,0.004851,0.004856,979619.0
2025-04-20 20:10:00+09:00,0.004858,0.004885,0.004849,0.004881,1960202.0
2025-04-20 20:15:00+09:00,0.004883,0.004884,0.004862,0.004866,2146186.0
2025-04-20 20:20:00+09:00,0.004864,0.004864,0.004814,0.004819,7703200.0
2025-04-20 20:25:00+09:00,0.004818,0.004822,0.004807,0.004816,2311641.0
2025-04-20 20:30:00+09:00,0.004817,0.004828,0.004801,0.004826,3064328.0
2025-04-20 20:35:00+09:00,0.004829,0.004841,0.004829,0.004837,942885.0
2025-04-20 20:40:00+09:00,0.004838,0.004842,0.004827,0.004834,878067.0
2025-04-20 20:45:00+09:00,0.004835,0.00484,0.004817,0.004829,2109579.0
2025-04-20 20:50:00+09:00,0.004825,0.004836,0.004823,0.004832,3729939.0
2025-04-20 20:55:00+09:00,0.004832,0.004846,0.004832,0.004844,712597.0
2025-04-20 21:00:00+09:00,0.004843,0.004847,0.004833,0.004841,12468348.0
2025-04-20 21:05:00+09:00,0.004841,0.004879,0.004841,0.004854,1926126.0
2025-04-20 21:10:00+09:00,0.004853,0.004874,0.004853,0.004871,2704547.0
2025-04-20 21:15:00+09:00,0.00487,0.004885,0.004868,0.004884,4145367.0
2025-04-20 21:20:00+09:00,0.004882,0.004895,0.00488,0.004894,4465331.0
2025-04-20 21:25:00+09:00,0.004894,0.004894,0.004872,0.00488,9779050.0
2025-04-20 21:30:00+09:00,0.004882,0.004893,0.004875,0.004892,493671.0
2025-04-20 21:35:00+09:00,0.004892,0.004908,0.004885,0.004908,5326621.0
2025-04-20 21:40:00+09:00,0.004908,0.004908,0.004892,0.004892,1097904.0
2025-04-20 21:45:00+09:00,0.004891,0.004895,0.004873,0.004881,1651809.0
2025-04-20 21:50:00+09:00,0.004881,0.004888,0.004877,0.004887,2385489.0
2025-04-20 21:55:00+09:00,0.00489,0.004893,0.004886,0.00489,117177.0
2025-04-20 22:00:00+09:00,0.004889,0.004895,0.004875,0.004889,537922.0
2025-04-20 22:05:00+09:00,0.004892,0.004894,0.004879,0.004879,159712.0
2025-04-20 22:10:00+09:00,0.004879,0.004879,0.00486,0.004862,2117894.0
2025-04-20 22:15:00+09:00,0.004861,0.004877,0.004858,0.004863,552584.0
2025-04-20 22:20:00+09:00,0.004864,0.004872,0.004862,0.004872,177437.0
2025-04-20 22:25:00+09:00,0.004871,0.004882,0.00487,0.004877,579463.0
2025-04-20 22:30:00+09:00,0.004877,0.004887,0.004872,0.004874,317411.0
2025-04-20 22:35:00+09:00,0.004876,0.004899,0.004873,0.004899,1024193.0
2025-04-20 22:40:00+09:00,0.004898,0.004917,0.004896,0.004908,2616013.0
2025-04-20 22:45:00+09:00,0.004909,0.00491,0.004891,0.004891,1053238.0
2025-04-20 22:50:00+09:00,0.004889,0.004895,0.004881,0.004893,1740698.0
2025-04-20 22:55:00+09:00,0.004894,0.004909,0.004894,0.004897,171564.0
2025-04-20 23:00:00+09:00,0.004895,0.004895,0.004869,0.004875,1701204.0
2025-04-20 23:05:00+09:00,0.004874,0.004908,0.004874,0.004907,920344.0
2025-04-20 23:10:00+09:00,0.004906,0.004934,0.0049,0.004914,7004453.0
2025-04-20 23:15:00+09:00,0.004913,0.004913,0.004899,0.004905,458036.0
2025-04-20 23:20:00+09:00,0.004904,0.004926,0.004903,0.004903,7531601.0
2025-04-20 23:25:00+09:00,0.004903,0.004918,0.004896,0.004918,2727031.0
2025-04-20 23:30:00+09:00,0.004918,0.004934,0.004917,0.004926,1014031.0
2025-04-20 23:35:00+09:00,0.004925,0.004943,0.004914,0.004924,1371774.0
2025-04-20 23:40:00+09:00,0.004926,0.004933,0.004923,0.004929,865922.0
2025-04-20 23:45:00+09:00,0.004931,0.004935,0.004915,0.004924,1396925.0
2025-04-20 23:50:00+09:00,0.004924,0.004931,0.004917,0.004931,388723.0
2025-04-20 23:55:00+09:00,0.004933,0.004943,0.004928,0.00493,3556806.0
2025-04-21 00:00:00+09:00,0.004928,0.004946,0.00492,0.00494,10110884.0
2025-04-21 00:05:00+09:00,0.004941,0.004951,0.004909,0.004914,3368060.0
2025-04-21 00:10:00+09:00,0.004915,0.004933,0.004911,0.004932,3387570.0
2025-04-21 00:15:00+09:00,0.004933,0.004953,0.004925,0.004928,5119440.0
2025-04-21 00:20:00+09:00,0.004927,0.004929,0.004918,0.004922,1663381.0
2025-04-21 00:25:00+09:00,0.00492,0.004922,0.0049,0.004905,2416078.0
2025-04-21 00:30:00+09:00,0.004905,0.004922,0.004901,0.00492,661081.0
2025-04-21 00:35:00+09:00,0.004921,0.004924,0.004915,0.004916,873016.0
2025-04-21 00:40:00+09:00,0.004915,0.00493,0.004911,0.00493,1478210.0
2025-04-21 00:45:00+09:00,0.004931,0.004946,0.004924,0.004935,1743072.0
2025-04-21 00:50:00+09:00,0.004934,0.004934,0.004915,0.004917,2142725.0
2025-04-21 00:55:00+09:00,0.004919,0.004929,0.004915,0.004918,2236143.0
2025-04-21 01:00:00+09:00,0.004917,0.004932,0.004911,0.004929,1594966.0
2025-04-21 01:05:00+09:00,0.004928,0.004991,0.004926,0.004984,27540795.0
2025-04-21 01:10:00+09:00,0.004985,0.00505,0.004985,0.005042,16903648.0
2025-04-21 01:15:00+09:00,0.005043,0.005043,0.004988,0.005016,17952937.0
2025-04-21 01:20:00+09:00,0.005016,0.005086,0.005016,0.005072,13620728.0
2025-04-21 01:25:00+09:00,0.005072,0.005072,0.005041,0.005041,7909645.0
2025-04-21 01:30:00+09:00,0.005041,0.005076,0.005039,0.005066,1624212.0
2025-04-21 01:35:00+09:00,0.005068,0.005076,0.00505,0.005051,4200735.0
2025-04-21 01:40:00+09:00,0.00505,0.005059,0.005025,0.005048,4346772.0
2025-04-21 01:45:00+09:00,0.005051,0.005072,0.005033,0.005063,15354615.0
2025-04-21 01:50:00+09:00,0.005064,0.00507,0.005049,0.00505,1923942.0
2025-04-21 01:55:00+09:00,0.005051,0.005065,0.005042,0.00506,2365069.0
2025-04-21 02:00:00+09:00,0.005058,0.005059,0.005039,0.005044,2812273.0
2025-04-21 02:05:00+09:00,0.00504,0.005049,0.005037,0.005045,1883771.0
2025-04-21 02:10:00+09:00,0.005043,0.005043,0.005009,0.005009,4252492.0
2025-04-21 02:15:00+09:00,0.005009,0.005027,0.005004,0.005027,2913122.0
2025-04-21 02:20:00+09:00,0.005028,0.005033,0.005008,0.005008,1083651.0
2025-04-21 02:25:00+09:00,0.005013,0.005017,0.005001,0.005017,2240633.0
2025-04-21 02:30:00+09:00,0.005018,0.005049,0.005012,0.005034,4126906.0
2025-04-21 02:35:00+09:00,0.005035,0.005038,0.005006,0.005008,1134747.0
2025-04-21 02:40:00+09:00,0.005007,0.005033,0.005006,0.005033,1375332.0
2025-04-21 02:45:00+09:00,0.00503,0.005038,0.005028,0.005035,494446.0
2025-04-21 02:50:00+09:00,0.005034,0.005054,0.005027,0.005051,2709851.0
2025-04-21 02:55:00+09:00,0.00505,0.00505,0.005036,0.005043,630312.0
2025-04-21 03:00:00+09:00,0.005042,0.00505,0.005034,0.005041,2606854.0
2025-04-21 03:05:00+09:00,0.00504,0.005046,0.004999,0.005016,13056608.0
2025-04-21 03:10:00+09:00,0.005016,0.005027,0.00501,0.005025,2562061.0
2025-04-21 03:15:00+09:00,0.005022,0.005028,0.00501,0.00501,1153594.0
2025-04-21 03:20:00+09:00,0.005013,0.005031,0.00501,0.005012,805864.0
2025-04-21 03:25:00+09:00,0.005013,0.005016,0.00501,0.005016,565154.0
2025-04-21 03:30:00+09:00,0.005017,0.005017,0.004993,0.004993,1343024.0
2025-04-21 03:35:00+09:00,0.004993,0.004993,0.00498,0.004989,1252577.0
2025-04-21 03:40:00+09:00,0.004986,0.00499,0.004976,0.00499,980706.0
2025-04-21 03:45:00+09:00,0.004988,0.004998,0.004979,0.004981,482527.0
2025-04-21 03:50:00+09:00,0.004982,0.004999,0.004981,0.004987,755383.0
2025-04-21 03:55:00+09:00,0.004987,0.004988,0.004983,0.004985,224773.0
2025-04-21 04:00:00+09:00,0.004986,0.004992,0.004969,0.004979,1372778.0
2025-04-21 04:05:00+09:00,0.004978,0.00499,0.004977,0.004977,477115.0
2025-04-21 04:10:00+09:00,0.004977,0.00499,0.004977,0.004989,616169.0
2025-04-21 04:15:00+09:00,0.00499,0.004998,0.004985,0.004996,2159453.0
2025-04-21 04:20:00+09:00,0.004997,0.004998,0.004982,0.004994,551286.0
2025-04-21 04:25:00+09:00,0.004996,0.005006,0.004992,0.004998,5763728.0
2025-04-21 04:30:00+09:00,0.004999,0.005002,0.004986,0.004999,1951733.0
2025-04-21 04:35:00+09:00,0.005001,0.00501,0.004996,0.005,592174.0
2025-04-21 04:40:00+09:00,0.005001,0.005011,0.005001,0.005005,471062.0
2025-04-21 04:45:00+09:00,0.005005,0.005011,0.005005,0.005009,244629.0
2025-04-21 04:50:00+09:00,0.005008,0.005034,0.005007,0.005029,1280694.0
2025-04-21 04:55:00+09:00,0.005028,0.00503,0.005023,0.005029,992171.0
2025-04-21 05:00:00+09:00,0.005029,0.005036,0.005021,0.005035,790129.0
2025-04-21 05:05:00+09:00,0.005037,0.005063,0.005037,0.005054,3278279.0
2025-04-21 05:10:00+09:00,0.005055,0.005063,0.005045,0.005056,1085211.0
2025-04-21 05:15:00+09:00,0.005059,0.005084,0.005049,0.00508,1524013.0
2025-04-21 05:20:00+09:00,0.005079,0.005089,0.005055,0.005074,4943381.0
2025-04-21 05:25:00+09:00,0.005072,0.00508,0.005067,0.00507,1035337.0
2025-04-21 05:30:00+09:00,0.005072,0.005076,0.005064,0.005067,1127871.0
2025-04-21 05:35:00+09:00,0.005066,0.005072,0.005054,0.005064,660242.0
2025-04-21 05:40:00+09:00,0.005063,0.00508,0.005058,0.005075,1381768.0
2025-04-21 05:45:00+09:00,0.005073,0.005077,0.005048,0.005051,862978.0
2025-04-21 05:50:00+09:00,0.005049,0.005057,0.005037,0.005039,1486292.0
2025-04-21 05:55:00+09:00,0.005038,0.005038,0.005023,0.005038,3600057.0
2025-04-21 06:00:00+09:00,0.005036,0.005038,0.005013,0.00502,1730409.0
2025-04-21 06:05:00+09:00,0.005018,0.005036,0.005018,0.005029,4845545.0
2025-04-21 06:10:00+09:00,0.00503,0.005033,0.005007,0.005007,2431507.0
2025-04-21 06:15:00+09:00,0.005006,0.00502,0.005001,0.005015,548805.0
2025-04-21 06:20:00+09:00,0.005014,0.005023,0.005005,0.005006,1296487.0
2025-04-21 06:25:00+09:00,0.00501,0.005017,0.00501,0.005015,421211.0
2025-04-21 06:30:00+09:00,0.005013,0.005027,0.00501,0.005027,1079054.0
2025-04-21 06:35:00+09:00,0.005026,0.005028,0.005017,0.005017,450027.0
2025-04-21 06:40:00+09:00,0.005016,0.005026,0.005015,0.005026,350274.0
2025-04-21 06:45:00+09:00,0.005027,0.005034,0.005027,0.005031,389181.0
2025-04-21 06:50:00+09:00,0.00503,0.005032,0.005021,0.005022,840501.0
2025-04-21 06:55:00+09:00,0.005022,0.005026,0.00501,0.00502,1763135.0
2025-04-21 07:00:00+09:00,0.005019,0.005022,0.004994,0.005009,3010778.0
2025-04-21 07:05:00+09:00,0.005008,0.005013,0.004988,0.004988,998928.0
2025-04-21 07:10:00+09:00,0.004991,0.005005,0.004989,0.004998,329745.0
2025-04-21 07:15:00+09:00,0.004996,0.004996,0.004982,0.004991,537865.0
2025-04-21 07:20:00+09:00,0.004992,0.004996,0.004962,0.004962,4401932.0
2025-04-21 07:25:00+09:00,0.004964,0.00497,0.004961,0.004965,1447332.0
2025-04-21 07:30:00+09:00,0.004964,0.004964,0.004938,0.004957,13416548.0
2025-04-21 07:35:00+09:00,0.004956,0.004962,0.00495,0.004958,1654710.0
2025-04-21 07:40:00+09:00,0.004957,0.004965,0.004952,0.004952,902703.0
2025-04-21 07:45:00+09:00,0.004951,0.004962,0.004948,0.004956,295948.0
2025-04-21 07:50:00+09:00,0.004956,0.004956,0.004952,0.004952,454510.0
2025-04-21 07:55:00+09:00,0.004955,0.00496,0.004952,0.004954,60670.0
2025-04-21 08:00:00+09:00,0.004955,0.004982,0.004955,0.004982,695894.0
2025-04-21 08:05:00+09:00,0.004983,0.004988,0.004974,0.004985,1825746.0
2025-04-21 08:10:00+09:00,0.004985,0.00499,0.004978,0.00499,352467.0
2025-04-21 08:15:00+09:00,0.004991,0.005006,0.004988,0.004996,939850.0
2025-04-21 08:20:00+09:00,0.004994,0.004995,0.004974,0.004982,754485.0
2025-04-21 08:25:00+09:00,0.004983,0.004985,0.004971,0.004975,695571.0
2025-04-21 08:30:00+09:00,0.004973,0.004974,0.004955,0.00496,3013534.0
2025-04-21 08:35:00+09:00,0.00496,0.004973,0.00496,0.004961,263715.0
2025-04-21 08:40:00+09:00,0.00496,0.004966,0.004952,0.004966,356756.0
2025-04-21 08:45:00+09:00,0.004968,0.00497,0.00494,0.004962,7588644.0
2025-04-21 08:50:00+09:00,0.004963,0.004969,0.00496,0.004969,100692.0
2025-04-21 08:55:00+09:00,0.00497,0.004979,0.004964,0.004974,11083254.0
2025-04-21 09:00:00+09:00,0.004972,0.004972,0.004952,0.004966,738446.0
2025-04-21 09:05:00+09:00,0.004966,0.005002,0.004966,0.004989,3572883.0
2025-04-21 09:10:00+09:00,0.00499,0.004996,0.004981,0.004986,856510.0
2025-04-21 09:15:00+09:00,0.00499,0.00504,0.00499,0.005032,7755766.0
2025-04-21 09:20:00+09:00,0.005031,0.005041,0.005012,0.00502,10257365.0
2025-04-21 09:25:00+09:00,0.005017,0.005088,0.005016,0.005072,16538988.0
2025-04-21 09:30:00+09:00,0.005073,0.005121,0.005073,0.005117,10515608.0
2025-04-21 09:35:00+09:00,0.005116,0.005122,0.00505,0.005054,5037122.0
2025-04-21 09:40:00+09:00,0.005054,0.005088,0.005052,0.00507,3160301.0
2025-04-21 09:45:00+09:00,0.005071,0.005093,0.005066,0.005078,1538504.0
2025-04-21 09:50:00+09:00,0.005076,0.005088,0.005066,0.005081,559513.0
2025-04-21 09:55:00+09:00,0.005082,0.005083,0.005049,0.005059,3394328.0
2025-04-21 10:00:00+09:00,0.005061,0.005086,0.005059,0.005086,2962076.0
2025-04-21 10:05:00+09:00,0.005087,0.005096,0.005067,0.005073,2117398.0
2025-04-21 10:10:00+09:00,0.005072,0.005083,0.005055,0.005083,4436334.0
2025-04-21 10:15:00+09:00,0.005082,0.005094,0.00507,0.005073,1792456.0
2025-04-21 10:20:00+09:00,0.005075,0.005087,0.005057,0.00506,5346537.0
2025-04-21 10:25:00+09:00,0.005061,0.005105,0.005061,0.005095,11916156.0
2025-04-21 10:30:00+09:00,0.005095,0.005115,0.005089,0.005113,1593348.0
2025-04-21 10:35:00+09:00,0.005112,0.005162,0.005109,0.005123,12358563.0
2025-04-21 10:40:00+09:00,0.005123,0.005136,0.00512,0.005131,1925338.0
2025-04-21 10:45:00+09:00,0.005132,0.005167,0.005127,0.005166,16607498.0
2025-04-21 10:50:00+09:00,0.005165,0.005176,0.005158,0.005161,4724099.0
2025-04-21 10:55:00+09:00,0.005159,0.005172,0.005153,0.00516,6330252.0
2025-04-21 11:00:00+09:00,0.005161,0.005171,0.005128,0.005147,8035421.0
2025-04-21 11:05:00+09:00,0.005144,0.005164,0.005136,0.005153,7201275.0
2025-04-21 11:10:00+09:00,0.005152,0.005161,0.005146,0.005158,9741387.0
2025-04-21 11:15:00+09:00,0.005158,0.005176,0.005145,0.005173,7887802.0
2025-04-21 11:20:00+09:00,0.005172,0.005175,0.005147,0.005148,1487535.0
2025-04-21 11:25:00+09:00,0.005151,0.005162,0.005145,0.005154,3285083.0
2025-04-21 11:30:00+09:00,0.005155,0.005172,0.005152,0.005152,2859919.0
2025-04-21 11:35:00+09:00,0.00515,0.005152,0.005106,0.005107,5305998.0
2025-04-21 11:40:00+09:00,0.005107,0.005116,0.005085,0.005103,3814230.0
2025-04-21 11:45:00+09:00,0.005105,0.005123,0.005104,0.00512,1804543.0
2025-04-21 11:50:00+09:00,0.005121,0.005141,0.005121,0.005135,1708023.0
2025-04-21 11:55:00+09:00,0.005136,0.005137,0.005114,0.005125,442579.0
2025-04-21 12:00:00+09:00,0.005124,0.005149,0.005124,0.005149,7618042.0
2025-04-21 12:05:00+09:00,0.005148,0.005159,0.005134,0.005137,2791008.0
2025-04-21 12:10:00+09:00,0.005136,0.005138,0.005101,0.005115,5678916.0
2025-04-21 12:15:00+09:00,0.005116,0.005123,0.005106,0.00512,1684654.0
2025-04-21 12:20:00+09:00,0.005121,0.005131,0.00509,0.005099,8166428.0
2025-04-21 12:25:00+09:00,0.005098,0.0051,0.00509,0.005094,554128.0
2025-04-21 12:30:00+09:00,0.005095,0.005111,0.00509,0.0051,2217432.0
2025-04-21 12:35:00+09:00,0.005101,0.005119,0.005101,0.005106,2028249.0
2025-04-21 12:40:00+09:00,0.005106,0.005108,0.005098,0.005103,896147.0
2025-04-21 12:45:00+09:00,0.005102,0.005132,0.005101,0.005104,8077363.0
2025-04-21 12:50:00+09:00,0.005104,0.005115,0.005096,0.005113,7578587.0
2025-04-21 12:55:00+09:00,0.005114,0.005125,0.005108,0.005125,3690695.0
2025-04-21 13:00:00+09:00,0.005125,0.005143,0.005123,0.005139,8215772.0
2025-04-21 13:05:00+09:00,0.005138,0.005143,0.005114,0.005117,2615277.0
2025-04-21 13:10:00+09:00,0.005117,0.00513,0.005117,0.00513,581797.0
2025-04-21 13:15:00+09:00,0.005127,0.005128,0.005102,0.005128,910873.0
2025-04-21 13:20:00+09:00,0.005128,0.005148,0.005128,0.005147,1511895.0
2025-04-21 13:25:00+09:00,0.005147,0.005148,0.005128,0.005129,1009060.0
2025-04-21 13:30:00+09:00,0.005128,0.005183,0.005128,0.00518,21737070.0
2025-04-21 13:35:00+09:00,0.005179,0.005179,0.005165,0.005174,1356974.0
2025-04-21 13:40:00+09:00,0.005175,0.005187,0.005171,0.005186,2454851.0
2025-04-21 13:45:00+09:00,0.005186,0.005214,0.005178,0.005212,5312352.0
2025-04-21 13:50:00+09:00,0.005212,0.005216,0.005196,0.005206,2501134.0
2025-04-21 13:55:00+09:00,0.005203,0.00522,0.005199,0.005208,1990740.0
2025-04-21 14:00:00+09:00,0.005208,0.005239,0.005197,0.005212,6880751.0
2025-04-21 14:05:00+09:00,0.00521,0.005234,0.005207,0.005227,2854035.0
2025-04-21 14:10:00+09:00,0.005228,0.005234,0.005205,0.005205,557425.0
2025-04-21 14:15:00+09:00,0.005206,0.005215,0.005204,0.005211,1113627.0
2025-04-21 14:20:00+09:00,0.005212,0.005214,0.005195,0.005196,2427865.0
2025-04-21 14:25:00+09:00,0.005196,0.005211,0.005194,0.00521,2618194.0
2025-04-21 14:30:00+09:00,0.005211,0.005214,0.005182,0.005187,2348135.0
2025-04-21 14:35:00+09:00,0.005192,0.005197,0.005182,0.005182,976920.0
2025-04-21 14:40:00+09:00,0.005181,0.005181,0.005165,0.005172,5584954.0
2025-04-21 14:45:00+09:00,0.005171,0.005217,0.005171,0.005208,11473672.0
2025-04-21 14:50:00+09:00,0.005209,0.005237,0.005207,0.005217,2787481.0
2025-04-21 14:55:00+09:00,0.005214,0.005227,0.005204,0.005211,2101520.0
2025-04-21 15:00:00+09:00,0.00521,0.005237,0.005199,0.005235,15482553.0
2025-04-21 15:05:00+09:00,0.005234,0.005234,0.005208,0.005216,1488272.0
2025-04-21 15:10:00+09:00,0.005217,0.005235,0.005214,0.005224,1978919.0
2025-04-21 15:15:00+09:00,0.005223,0.005234,0.005211,0.005234,4089615.0
2025-04-21 15:20:00+09:00,0.005232,0.005243,0.00522,0.005222,2753350.0
2025-04-21 15:25:00+09:00,0.005222,0.005222,0.005191,0.005197,3715383.0
2025-04-21 15:30:00+09:00,0.005199,0.005216,0.005193,0.005214,1295735.0
2025-04-21 15:35:00+09:00,0.005213,0.005214,0.005179,0.005179,2528720.0
2025-04-21 15:40:00+09:00,0.005177,0.005196,0.005177,0.005196,4469645.0
2025-04-21 15:45:00+09:00,0.005195,0.0052,0.005181,0.005195,4246607.0
2025-04-21 15:50:00+09:00,0.005193,0.005193,0.005176,0.005182,1288231.0
2025-04-21 15:55:00+09:00,0.005181,0.005187,0.005178,0.005184,653490.0
2025-04-21 16:00:00+09:00,0.005188,0.005193,0.005156,0.005168,2297438.0
2025-04-21 16:05:00+09:00,0.005169,0.005173,0.00515,0.00516,1552136.0
2025-04-21 16:10:00+09:00,0.005159,0.005159,0.005143,0.005144,4214271.0
2025-04-21 16:15:00+09:00,0.005144,0.005157,0.005138,0.005156,1796093.0
2025-04-21 16:20:00+09:00,0.005155,0.005156,0.005142,0.005145,786713.0
2025-04-21 16:25:00+09:00,0.005144,0.005148,0.005123,0.005148,2933859.0
2025-04-21 16:30:00+09:00,0.005147,0.005148,0.005133,0.00514,1140546.0
2025-04-21 16:35:00+09:00,0.005139,0.00515,0.005135,0.005136,1118342.0
2025-04-21 16:40:00+09:00,0.005136,0.005136,0.005122,0.005128,1582245.0
2025-04-21 16:45:00+09:00,0.005129,0.005138,0.005126,0.005127,1415670.0
2025-04-21 16:50:00+09:00,0.005126,0.00513,0.0051,0.00511,6612237.0
2025-04-21 16:55:00+09:00,0.00511,0.005115,0.005106,0.005112,1929530.0
2025-04-21 17:00:00+09:00,0.005114,0.005138,0.005113,0.005136,1528829.0
2025-04-21 17:05:00+09:00,0.005135,0.005137,0.005121,0.005121,5164671.0
2025-04-21 17:10:00+09:00,0.005122,0.005137,0.005121,0.00513,3214796.0
2025-04-21 17:15:00+09:00,0.00513,0.005138,0.005118,0.005134,4622326.0
2025-04-21 17:20:00+09:00,0.005136,0.005155,0.005136,0.005153,2626178.0
2025-04-21 17:25:00+09:00,0.005153,0.005162,0.005147,0.00515,2689019.0
2025-04-21 17:30:00+09:00,0.005149,0.005167,0.005142,0.005167,8713527.0
2025-04-21 17:35:00+09:00,0.005167,0.005186,0.005162,0.005184,2466634.0
2025-04-21 17:40:00+09:00,0.005183,0.005189,0.005179,0.005188,3261675.0
2025-04-21 17:45:00+09:00,0.005185,0.005199,0.005174,0.005196,3164964.0
2025-04-21 17:50:00+09:00,0.005198,0.005203,0.00518,0.005196,1228171.0
2025-04-21 17:55:00+09:00,0.005195,0.005209,0.005195,0.005202,1985683.0
2025-04-21 18:00:00+09:00,0.005202,0.005216,0.005192,0.005199,3103471.0
2025-04-21 18:05:00+09:00,0.005199,0.005215,0.005189,0.005211,3073997.0
2025-04-21 18:10:00+09:00,0.00521,0.005219,0.005195,0.005204,10990646.0
2025-04-21 18:15:00+09:00,0.005204,0.005207,0.00518,0.005189,1472314.0
2025-04-21 18:20:00+09:00,0.005189,0.005197,0.005172,0.00518,2631882.0
2025-04-21 18:25:00+09:00,0.005181,0.005186,0.005171,0.005171,812696.0
2025-04-21 18:30:00+09:00,0.005171,0.005203,0.005154,0.005155,13913075.0
2025-04-21 18:35:00+09:00,0.005156,0.005175,0.005156,0.005167,1711460.0
2025-04-21 18:40:00+09:00,0.005166,0.005169,0.005157,0.005164,2345624.0
2025-04-21 18:45:00+09:00,0.005165,0.00519,0.005165,0.005175,2231620.0
2025-04-21 18:50:00+09:00,0.005174,0.00519,0.00517,0.005188,1893042.0
2025-04-21 18:55:00+09:00,0.005187,0.005187,0.005176,0.005179,1080640.0
2025-04-21 19:00:00+09:00,0.00518,0.005181,0.005129,0.00513,3528149.0
2025-04-21 19:05:00+09:00,0.005128,0.005128,0.005094,0.005096,5017566.0
2025-04-21 19:10:00+09:00,0.005097,0.005119,0.00509,0.005119,6114969.0
2025-04-21 19:15:00+09:00,0.00512,0.005139,0.00512,0.005129,991439.0
2025-04-21 19:20:00+09:00,0.005129,0.005158,0.005129,0.005154,1707567.0
2025-04-21 19:25:00+09:00,0.005155,0.005158,0.005139,0.005146,1643737.0
2025-04-21 19:30:00+09:00,0.005145,0.005147,0.00513,0.00513,2610882.0
2025-04-21 19:35:00+09:00,0.005128,0.005151,0.005127,0.005151,1385184.0
2025-04-21 19:40:00+09:00,0.00515,0.00515,0.005128,0.005134,3253682.0
2025-04-21 19:45:00+09:00,0.005133,0.005144,0.00513,0.00514,1414330.0
2025-04-21 19:50:00+09:00,0.005141,0.00515,0.005129,0.005141,5914915.0
2025-04-21 19:55:00+09:00,0.005142,0.005156,0.005142,0.005145,2073371.0
2025-04-21 20:00:00+09:00,0.005144,0.005172,0.005142,0.005171,4100043.0
2025-04-21 20:05:00+09:00,0.005173,0.005178,0.005154,0.005177,9752244.0
2025-04-21 20:10:00+09:00,0.005179,0.00519,0.005165,0.005168,6614622.0
2025-04-21 20:15:00+09:00,0.005167,0.005168,0.005129,0.005129,2905778.0
2025-04-21 20:20:00+09:00,0.005129,0.00514,0.005114,0.005118,8012767.0
2025-04-21 20:25:00+09:00,0.005117,0.005136,0.005102,0.00513,3544298.0
2025-04-21 20:30:00+09:00,0.005131,0.005131,0.005111,0.005126,2070004.0
2025-04-21 20:35:00+09:00,0.005127,0.005138,0.005127,0.005133,1312378.0
2025-04-21 20:40:00+09:00,0.005134,0.005135,0.005127,0.005133,1956513.0
2025-04-21 20:45:00+09:00,0.005134,0.005141,0.005117,0.005131,2675105.0
2025-04-21 20:50:00+09:00,0.005132,0.005136,0.005118,0.005129,2671538.0
2025-04-21 20:55:00+09:00,0.005128,0.00513,0.005119,0.005119,1084088.0
2025-04-21 21:00:00+09:00,0.005119,0.005128,0.005115,0.005125,4494551.0
2025-04-21 21:05:00+09:00,0.005125,0.005141,0.005119,0.005136,3698358.0
2025-04-21 21:10:00+09:00,0.005135,0.005146,0.005131,0.005145,6887355.0
2025-04-21 21:15:00+09:00,0.005144,0.005163,0.005136,0.005153,2551600.0
2025-04-21 21:20:00+09:00,0.005153,0.005175,0.005153,0.00517,4015509.0
2025-04-21 21:25:00+09:00,0.005169,0.005173,0.005159,0.005163,1223556.0
2025-04-21 21:30:00+09:00,0.005162,0.005178,0.005147,0.005151,1781995.0
2025-04-21 21:35:00+09:00,0.005151,0.005168,0.005148,0.005166,922659.0
2025-04-21 21:40:00+09:00,0.005167,0.005168,0.005141,0.005143,3370644.0
2025-04-21 21:45:00+09:00,0.005142,0.005153,0.005138,0.005151,715348.0
2025-04-21 21:50:00+09:00,0.005151,0.005154,0.005146,0.005149,1660789.0
2025-04-21 21:55:00+09:00,0.005148,0.00515,0.005133,0.005149,1362125.0
2025-04-21 22:00:00+09:00,0.005148,0.005161,0.005127,0.005133,3045097.0
2025-04-21 22:05:00+09:00,0.005132,0.005145,0.005117,0.005117,1842063.0
2025-04-21 22:10:00+09:00,0.005115,0.005133,0.005114,0.005132,1467908.0
2025-04-21 22:15:00+09:00,0.005133,0.005138,0.005117,0.005117,2958666.0
2025-04-21 22:20:00+09:00,0.005119,0.00514,0.005114,0.005136,1389781.0
2025-04-21 22:25:00+09:00,0.005137,0.005161,0.005136,0.005161,1607140.0
2025-04-21 22:30:00+09:00,0.005163,0.005186,0.005158,0.005169,4813425.0
2025-04-21 22:35:00+09:00,0.00517,0.005182,0.005144,0.005178,5620857.0
2025-04-21 22:40:00+09:00,0.005177,0.00518,0.005149,0.005157,2257041.0
2025-04-21 22:45:00+09:00,0.005157,0.005179,0.005131,0.005168,13045565.0
2025-04-21 22:50:00+09:00,0.005167,0.005172,0.005137,0.005137,7688316.0
2025-04-21 22:55:00+09:00,0.005135,0.00514,0.005109,0.005109,2753431.0
2025-04-21 23:00:00+09:00,0.005108,0.005112,0.005076,0.005102,6375188.0
2025-04-21 23:05:00+09:00,0.005102,0.005107,0.005075,0.005078,5595973.0
2025-04-21 23:10:00+09:00,0.005079,0.005116,0.005079,0.005115,2828565.0
2025-04-21 23:15:00+09:00,0.005116,0.005119,0.005089,0.00511,2241589.0
2025-04-21 23:20:00+09:00,0.00511,0.005182,0.00511,0.005163,23537817.0
2025-04-21 23:25:00+09:00,0.005164,0.005191,0.005161,0.005183,11111841.0
2025-04-21 23:30:00+09:00,0.005183,0.005203,0.005146,0.005168,7458013.0
2025-04-21 23:35:00+09:00,0.005167,0.005202,0.005157,0.005202,3337817.0
2025-04-21 23:40:00+09:00,0.005203,0.005216,0.005187,0.005198,2772746.0
2025-04-21 23:45:00+09:00,0.005199,0.005207,0.005144,0.005144,5151704.0
2025-04-21 23:50:00+09:00,0.005144,0.005175,0.005124,0.00517,4825911.0
2025-04-21 23:55:00+09:00,0.005172,0.005203,0.005167,0.005197,3971389.0
2025-04-22 00:00:00+09:00,0.005198,0.005225,0.005189,0.005225,4857943.0
2025-04-22 00:05:00+09:00,0.005225,0.005227,0.005171,0.005197,5340059.0
2025-04-22 00:10:00+09:00,0.005199,0.0052,0.005165,0.005167,3944690.0
2025-04-22 00:15:00+09:00,0.005166,0.005217,0.005164,0.005213,2917477.0
2025-04-22 00:20:00+09:00,0.005212,0.005216,0.005191,0.005208,1857994.0
2025-04-22 00:25:00+09:00,0.005208,0.005216,0.005188,0.00519,5507732.0
2025-04-22 00:30:00+09:00,0.00519,0.005196,0.005173,0.005185,3053457.0
2025-04-22 00:35:00+09:00,0.005185,0.005187,0.005148,0.005164,5630083.0
2025-04-22 00:40:00+09:00,0.005165,0.005175,0.005146,0.00515,2086484.0
2025-04-22 00:45:00+09:00,0.005151,0.005153,0.005111,0.005135,7207344.0
2025-04-22 00:50:00+09:00,0.005136,0.005136,0.005107,0.005118,1333482.0
2025-04-22 00:55:00+09:00,0.005118,0.005159,0.005115,0.005159,1543587.0
2025-04-22 01:00:00+09:00,0.005162,0.00518,0.005151,0.005163,3274331.0
2025-04-22 01:05:00+09:00,0.005163,0.005168,0.005121,0.005167,5914781.0
2025-04-22 01:10:00+09:00,0.005166,0.005186,0.005158,0.005162,2077557.0
2025-04-22 01:15:00+09:00,0.005162,0.005169,0.005133,0.005133,1389986.0
2025-04-22 01:20:00+09:00,0.005133,0.005165,0.005133,0.005165,1568546.0
2025-04-22 01:25:00+09:00,0.005166,0.005167,0.00512,0.005137,1867319.0
2025-04-22 01:30:00+09:00,0.005136,0.005154,0.005136,0.005151,2441588.0
2025-04-22 01:35:00+09:00,0.00515,0.005153,0.005138,0.005138,1338827.0
2025-04-22 01:40:00+09:00,0.005139,0.005145,0.005089,0.005089,6227792.0
2025-04-22 01:45:00+09:00,0.005091,0.005091,0.005055,0.005062,5467890.0
2025-04-22 01:50:00+09:00,0.005063,0.005066,0.005021,0.005022,17211769.0
2025-04-22 01:55:00+09:00,0.005022,0.005024,0.004993,0.005006,19973137.0
2025-04-22 02:00:00+09:00,0.005007,0.005007,0.00494,0.004954,9305948.0
2025-04-22 02:05:00+09:00,0.004953,0.004978,0.004927,0.004958,16609389.0
2025-04-22 02:10:00+09:00,0.004956,0.004974,0.004942,0.004942,7077444.0
2025-04-22 02:15:00+09:00,0.004941,0.004986,0.004928,0.004977,5404393.0
2025-04-22 02:20:00+09:00,0.004979,0.004993,0.004959,0.00498,4782723.0
2025-04-22 02:25:00+09:00,0.004981,0.005015,0.004979,0.005002,4751048.0
2025-04-22 02:30:00+09:00,0.005001,0.005024,0.004995,0.005011,11169874.0
2025-04-22 02:35:00+09:00,0.00501,0.005015,0.004982,0.004992,7461862.0
2025-04-22 02:40:00+09:00,0.004993,0.004994,0.004976,0.004978,13416287.0
2025-04-22 02:45:00+09:00,0.004977,0.005006,0.004977,0.004993,2878844.0
2025-04-22 02:50:00+09:00,0.004992,0.005006,0.004984,0.004991,3877415.0
2025-04-22 02:55:00+09:00,0.004991,0.004997,0.004971,0.004978,1807354.0
2025-04-22 03:00:00+09:00,0.004977,0.004994,0.004957,0.004981,4722099.0
2025-04-22 03:05:00+09:00,0.004981,0.005005,0.004969,0.004987,2738202.0
2025-04-22 03:10:00+09:00,0.004988,0.004998,0.004975,0.004976,2399984.0
2025-04-22 03:15:00+09:00,0.004976,0.005004,0.004973,0.004982,2647917.0
2025-04-22 03:20:00+09:00,0.00498,0.004998,0.00498,0.004984,1893128.0
2025-04-22 03:25:00+09:00,0.004985,0.004991,0.004973,0.004987,1768575.0
2025-04-22 03:30:00+09:00,0.004987,0.004994,0.004969,0.004983,2290550.0
2025-04-22 03:35:00+09:00,0.004984,0.005009,0.004984,0.005006,2431303.0
2025-04-22 03:40:00+09:00,0.005007,0.00501,0.004992,0.00501,2896362.0
2025-04-22 03:45:00+09:00,0.005009,0.00502,0.004993,0.005002,2683768.0
2025-04-22 03:50:00+09:00,0.005001,0.005007,0.004989,0.005004,607954.0
2025-04-22 03:55:00+09:00,0.005002,0.005006,0.004989,0.004991,3037885.0
2025-04-22 04:00:00+09:00,0.00499,0.004999,0.004982,0.004987,2331762.0
2025-04-22 04:05:00+09:00,0.004987,0.005008,0.004987,0.005003,1821800.0
2025-04-22 04:10:00+09:00,0.005003,0.005024,0.005002,0.005008,1520494.0
2025-04-22 04:15:00+09:00,0.005007,0.005027,0.005007,0.005027,725524.0
2025-04-22 04:20:00+09:00,0.005027,0.005045,0.005025,0.005037,2966081.0
2025-04-22 04:25:00+09:00,0.005036,0.00505,0.005026,0.005049,1413866.0
2025-04-22 04:30:00+09:00,0.005051,0.005065,0.00504,0.005065,2838607.0
2025-04-22 04:35:00+09:00,0.005066,0.005075,0.005052,0.00507,1992771.0
2025-04-22 04:40:00+09:00,0.00507,0.005079,0.005063,0.005075,1526303.0
2025-04-22 04:45:00+09:00,0.005075,0.005081,0.00504,0.00504,1667235.0
2025-04-22 04:50:00+09:00,0.00504,0.005066,0.005038,0.005064,1738849.0
2025-04-22 04:55:00+09:00,0.005065,0.005073,0.00506,0.005065,1637560.0
2025-04-22 05:00:00+09:00,0.005066,0.005068,0.005045,0.005051,1050920.0
2025-04-22 05:05:00+09:00,0.00505,0.005069,0.005049,0.00505,1141098.0
2025-04-22 05:10:00+09:00,0.005051,0.005056,0.005044,0.005046,432118.0
2025-04-22 05:15:00+09:00,0.005046,0.005049,0.005031,0.005035,1180523.0
2025-04-22 05:20:00+09:00,0.005036,0.005051,0.005036,0.005044,858086.0
2025-04-22 05:25:00+09:00,0.005045,0.005056,0.005044,0.005044,396139.0
2025-04-22 05:30:00+09:00,0.005042,0.005055,0.005042,0.005046,1729739.0
2025-04-22 05:35:00+09:00,0.005045,0.005045,0.00503,0.005043,1896030.0
2025-04-22 05:40:00+09:00,0.005043,0.005062,0.005041,0.00506,1333544.0
2025-04-22 05:45:00+09:00,0.005059,0.005087,0.005058,0.005061,23252303.0
2025-04-22 05:50:00+09:00,0.005062,0.005068,0.005056,0.005067,765937.0
2025-04-22 05:55:00+09:00,0.005066,0.005066,0.005054,0.005057,947205.0
2025-04-22 06:00:00+09:00,0.005055,0.005055,0.005034,0.005034,12302976.0
2025-04-22 06:05:00+09:00,0.005034,0.005046,0.005025,0.005026,1929948.0
2025-04-22 06:10:00+09:00,0.005025,0.005045,0.005022,0.005041,3740627.0
2025-04-22 06:15:00+09:00,0.005042,0.005042,0.005018,0.00502,558260.0
2025-04-22 06:20:00+09:00,0.005023,0.005023,0.005007,0.005011,916722.0
2025-04-22 06:25:00+09:00,0.00501,0.005022,0.00501,0.005017,188964.0
2025-04-22 06:30:00+09:00,0.005014,0.005016,0.004996,0.005016,1398287.0
2025-04-22 06:35:00+09:00,0.005018,0.005026,0.005013,0.005017,357145.0
2025-04-22 06:40:00+09:00,0.00502,0.005031,0.00502,0.005029,673487.0
2025-04-22 06:45:00+09:00,0.005025,0.005029,0.005024,0.005026,230804.0
2025-04-22 06:50:00+09:00,0.005027,0.005037,0.005027,0.005033,207396.0
2025-04-22 06:55:00+09:00,0.005034,0.005035,0.00502,0.005024,469490.0
2025-04-22 07:00:00+09:00,0.005022,0.005025,0.004994,0.005004,1631748.0
2025-04-22 07:05:00+09:00,0.005005,0.005005,0.004988,0.004992,718523.0
2025-04-22 07:10:00+09:00,0.004993,0.005001,0.004991,0.004998,869550.0
2025-04-22 07:15:00+09:00,0.004997,0.004997,0.004968,0.004976,1268549.0
2025-04-22 07:20:00+09:00,0.004977,0.004998,0.004977,0.004996,425724.0
2025-04-22 07:25:00+09:00,0.004997,0.005002,0.004987,0.004998,1749484.0
2025-04-22 07:30:00+09:00,0.004998,0.005008,0.004998,0.005002,860017.0
2025-04-22 07:35:00+09:00,0.005,0.005007,0.004997,0.005002,1757612.0
2025-04-22 07:40:00+09:00,0.005003,0.005003,0.00499,0.004992,1187561.0
2025-04-22 07:45:00+09:00,0.004992,0.005002,0.004991,0.004991,771507.0
2025-04-22 07:50:00+09:00,0.004992,0.004999,0.004992,0.004993,567531.0
2025-04-22 07:55:00+09:00,0.004992,0.005004,0.004992,0.005,149912.0
2025-04-22 08:00:00+09:00,0.005,0.005002,0.004976,0.004977,1000606.0
2025-04-22 08:05:00+09:00,0.004975,0.004978,0.004964,0.00497,3074208.0
2025-04-22 08:10:00+09:00,0.004969,0.004984,0.004968,0.004978,3011349.0
2025-04-22 08:15:00+09:00,0.004977,0.004984,0.00497,0.004984,765912.0
2025-04-22 08:20:00+09:00,0.004986,0.004996,0.004986,0.004992,1292877.0
2025-04-22 08:25:00+09:00,0.004991,0.005014,0.004991,0.005011,4156220.0
2025-04-22 08:30:00+09:00,0.005011,0.00502,0.004992,0.004993,783172.0
2025-04-22 08:35:00+09:00,0.004993,0.005002,0.004988,0.005002,588182.0
2025-04-22 08:40:00+09:00,0.005003,0.005004,0.004985,0.004986,1957308.0
2025-04-22 08:45:00+09:00,0.004986,0.004997,0.00497,0.004997,2223327.0
2025-04-22 08:50:00+09:00,0.004996,0.005011,0.004996,0.00501,953524.0
2025-04-22 08:55:00+09:00,0.00501,0.005024,0.00501,0.005016,1424002.0
2025-04-22 09:00:00+09:00,0.005017,0.00502,0.004991,0.004991,2293194.0
2025-04-22 09:05:00+09:00,0.00499,0.005012,0.004984,0.004984,2366532.0
2025-04-22 09:10:00+09:00,0.004984,0.004989,0.004967,0.004977,4376755.0
2025-04-22 09:15:00+09:00,0.004976,0.004997,0.004975,0.00499,1021025.0
2025-04-22 09:20:00+09:00,0.00499,0.004999,0.004974,0.004974,1817732.0
2025-04-22 09:25:00+09:00,0.004973,0.004988,0.004973,0.004982,1715942.0
2025-04-22 09:30:00+09:00,0.004983,0.004988,0.004939,0.004942,15000019.0
2025-04-22 09:35:00+09:00,0.004942,0.004942,0.004871,0.004911,26611626.0
2025-04-22 09:40:00+09:00,0.004912,0.004938,0.004909,0.004932,3051179.0
2025-04-22 09:45:00+09:00,0.004931,0.004933,0.004899,0.004933,2946315.0
2025-04-22 09:50:00+09:00,0.004934,0.004959,0.004934,0.004959,3591116.0
2025-04-22 09:55:00+09:00,0.00496,0.004965,0.004949,0.004963,1331414.0
2025-04-22 10:00:00+09:00,0.004962,0.004991,0.004952,0.00499,3374023.0
2025-04-22 10:05:00+09:00,0.004989,0.005026,0.004977,0.005025,4218110.0
2025-04-22 10:10:00+09:00,0.005026,0.005043,0.005017,0.005034,2119024.0
2025-04-22 10:15:00+09:00,0.005035,0.005097,0.005035,0.005085,8712745.0
2025-04-22 10:20:00+09:00,0.005086,0.005131,0.005086,0.005094,13190685.0
2025-04-22 10:25:00+09:00,0.005092,0.005116,0.005082,0.005091,2706547.0
2025-04-22 10:30:00+09:00,0.005092,0.005129,0.00509,0.005095,4760471.0
2025-04-22 10:35:00+09:00,0.005096,0.005104,0.005069,0.005072,6036356.0
2025-04-22 10:40:00+09:00,0.005073,0.005096,0.005069,0.005084,2634514.0
2025-04-22 10:45:00+09:00,0.005085,0.005097,0.005074,0.00508,1062363.0
2025-04-22 10:50:00+09:00,0.005079,0.005114,0.005076,0.005107,3172105.0
2025-04-22 10:55:00+09:00,0.005108,0.005117,0.005098,0.005102,1428142.0
2025-04-22 11:00:00+09:00,0.005102,0.005141,0.005102,0.005139,2507592.0
2025-04-22 11:05:00+09:00,0.00514,0.005143,0.005113,0.005113,3665308.0
2025-04-22 11:10:00+09:00,0.005114,0.005116,0.005092,0.005115,2493351.0
2025-04-22 11:15:00+09:00,0.005116,0.005116,0.005089,0.00509,1617176.0
2025-04-22 11:20:00+09:00,0.00509,0.005103,0.005084,0.005094,1420470.0
2025-04-22 11:25:00+09:00,0.005094,0.005098,0.005048,0.005056,1946105.0
2025-04-22 11:30:00+09:00,0.005055,0.00508,0.00504,0.005074,3421071.0
2025-04-22 11:35:00+09:00,0.005073,0.005086,0.00505,0.00505,953791.0
2025-04-22 11:40:00+09:00,0.005049,0.005056,0.005039,0.005042,1391512.0
2025-04-22 11:45:00+09:00,0.005042,0.005071,0.005039,0.005068,2040472.0
2025-04-22 11:50:00+09:00,0.005067,0.00507,0.005052,0.005057,488635.0
2025-04-22 11:55:00+09:00,0.005057,0.005069,0.005057,0.005064,1365519.0
2025-04-22 12:00:00+09:00,0.005064,0.005065,0.005049,0.005056,876136.0
2025-04-22 12:05:00+09:00,0.005055,0.005056,0.005033,0.005034,2691929.0
2025-04-22 12:10:00+09:00,0.005035,0.005037,0.005016,0.005027,2412647.0
2025-04-22 12:15:00+09:00,0.005025,0.005042,0.005024,0.005038,1053841.0
2025-04-22 12:20:00+09:00,0.005039,0.005051,0.005029,0.00505,2055380.0
2025-04-22 12:25:00+09:00,0.00505,0.005055,0.005041,0.005042,1400898.0
2025-04-22 12:30:00+09:00,0.005043,0.005046,0.00503,0.005037,1608050.0
2025-04-22 12:35:00+09:00,0.005039,0.005045,0.005031,0.005032,2184725.0
2025-04-22 12:40:00+09:00,0.00503,0.005046,0.005025,0.005043,2798313.0
2025-04-22 12:45:00+09:00,0.005044,0.005046,0.005035,0.005041,1207663.0
2025-04-22 12:50:00+09:00,0.005042,0.005043,0.005032,0.005035,748433.0
2025-04-22 12:55:00+09:00,0.005036,0.005038,0.005028,0.005033,1624730.0
2025-04-22 13:00:00+09:00,0.005033,0.005042,0.005022,0.005035,1736795.0
2025-04-22 13:05:00+09:00,0.005037,0.005088,0.005037,0.005085,5685140.0
2025-04-22 13:10:00+09:00,0.005084,0.005096,0.005061,0.005077,3712580.0
2025-04-22 13:15:00+09:00,0.005077,0.005082,0.005055,0.005066,1375271.0
2025-04-22 13:20:00+09:00,0.005067,0.005081,0.005067,0.005075,1218606.0
2025-04-22 13:25:00+09:00,0.005076,0.005082,0.005066,0.005082,926599.0
2025-04-22 13:30:00+09:00,0.005083,0.005085,0.00505,0.005059,8359115.0
2025-04-22 13:35:00+09:00,0.005059,0.005069,0.005055,0.005065,499997.0
2025-04-22 13:40:00+09:00,0.005065,0.005067,0.005046,0.005052,1021872.0
2025-04-22 13:45:00+09:00,0.005051,0.005051,0.005035,0.00504,1592212.0
2025-04-22 13:50:00+09:00,0.005039,0.005043,0.005013,0.005018,8048273.0
2025-04-22 13:55:00+09:00,0.005019,0.005021,0.004981,0.004986,6954367.0
2025-04-22 14:00:00+09:00,0.004986,0.005005,0.004981,0.004985,1605715.0
2025-04-22 14:05:00+09:00,0.004985,0.004994,0.004971,0.004978,3837985.0
2025-04-22 14:10:00+09:00,0.004979,0.004983,0.004969,0.004975,1857462.0
2025-04-22 14:15:00+09:00,0.004977,0.004979,0.004955,0.004958,3683364.0
2025-04-22 14:20:00+09:00,0.004957,0.004966,0.004947,0.004966,1511216.0
2025-04-22 14:25:00+09:00,0.004967,0.004974,0.004958,0.004972,1177179.0
2025-04-22 14:30:00+09:00,0.004972,0.00498,0.004946,0.00498,4219216.0
2025-04-22 14:35:00+09:00,0.004979,0.004985,0.004968,0.004968,2405266.0
2025-04-22 14:40:00+09:00,0.004969,0.004986,0.004964,0.004986,2273349.0
2025-04-22 14:45:00+09:00,0.004987,0.004995,0.004973,0.004992,783263.0
2025-04-22 14:50:00+09:00,0.004993,0.004998,0.004985,0.004998,4234007.0
2025-04-22 14:55:00+09:00,0.004998,0.004998,0.004983,0.004983,1487992.0
2025-04-22 15:00:00+09:00,0.004983,0.00499,0.004978,0.004988,1337360.0
2025-04-22 15:05:00+09:00,0.004989,0.004993,0.004965,0.004973,2103030.0
2025-04-22 15:10:00+09:00,0.004974,0.004974,0.004966,0.004967,1531245.0
2025-04-22 15:15:00+09:00,0.004966,0.004973,0.004925,0.004927,4814986.0
2025-04-22 15:20:00+09:00,0.004929,0.004931,0.0049,0.004906,5331715.0
2025-04-22 15:25:00+09:00,0.004907,0.004928,0.0049,0.0049,1884348.0
2025-04-22 15:30:00+09:00,0.0049,0.004915,0.004889,0.004911,3387056.0
2025-04-22 15:35:00+09:00,0.004911,0.004921,0.004887,0.004895,2057053.0
2025-04-22 15:40:00+09:00,0.004895,0.004916,0.004894,0.004912,1223326.0
2025-04-22 15:45:00+09:00,0.004913,0.004927,0.00491,0.004919,2410716.0
2025-04-22 15:50:00+09:00,0.004918,0.004928,0.00491,0.004928,1786855.0
2025-04-22 15:55:00+09:00,0.004929,0.004945,0.004926,0.004942,1198577.0
2025-04-22 16:00:00+09:00,0.004944,0.004959,0.004944,0.004953,1119909.0
2025-04-22 16:05:00+09:00,0.004954,0.004957,0.004943,0.004957,2358816.0
2025-04-22 16:10:00+09:00,0.004956,0.004959,0.004944,0.00495,533885.0
2025-04-22 16:15:00+09:00,0.00495,0.004969,0.004945,0.004969,1289209.0
2025-04-22 16:20:00+09:00,0.004969,0.004979,0.004968,0.004973,928168.0
2025-04-22 16:25:00+09:00,0.004973,0.004996,0.004973,0.004982,5042927.0
2025-04-22 16:30:00+09:00,0.004981,0.00506,0.004981,0.005057,8143597.0
2025-04-22 16:35:00+09:00,0.005057,0.005076,0.005042,0.005044,5003008.0
2025-04-22 16:40:00+09:00,0.005043,0.005076,0.005042,0.005075,5818981.0
2025-04-22 16:45:00+09:00,0.005076,0.005097,0.005073,0.005088,3045918.0
2025-04-22 16:50:00+09:00,0.005089,0.005099,0.005082,0.005097,1222859.0
2025-04-22 16:55:00+09:00,0.005097,0.005122,0.005097,0.005121,3662927.0
2025-04-22 17:00:00+09:00,0.00512,0.005138,0.00511,0.005123,3571151.0
2025-04-22 17:05:00+09:00,0.005124,0.005153,0.005124,0.00514,4374962.0
2025-04-22 17:10:00+09:00,0.005141,0.005166,0.005136,0.005162,4066529.0
2025-04-22 17:15:00+09:00,0.005162,0.005174,0.005143,0.005143,9767256.0
2025-04-22 17:20:00+09:00,0.005143,0.005154,0.005124,0.005139,12024159.0
2025-04-22 17:25:00+09:00,0.00514,0.005147,0.005107,0.00511,6942420.0
2025-04-22 17:30:00+09:00,0.005111,0.005127,0.005102,0.005127,2087187.0
2025-04-22 17:35:00+09:00,0.005128,0.005143,0.005117,0.005117,1873098.0
2025-04-22 17:40:00+09:00,0.005118,0.005131,0.005116,0.005126,3764361.0
2025-04-22 17:45:00+09:00,0.005127,0.005144,0.005113,0.005142,2927986.0
2025-04-22 17:50:00+09:00,0.005142,0.005142,0.005125,0.005127,1334232.0
2025-04-22 17:55:00+09:00,0.005127,0.005132,0.005121,0.005126,999542.0
2025-04-22 18:00:00+09:00,0.005126,0.00514,0.005121,0.005126,2223047.0
2025-04-22 18:05:00+09:00,0.005125,0.005131,0.005108,0.005127,1856571.0
2025-04-22 18:10:00+09:00,0.005127,0.005157,0.005102,0.005113,61564694.0
2025-04-22 18:15:00+09:00,0.005112,0.005112,0.005079,0.005093,17929519.0
2025-04-22 18:20:00+09:00,0.005094,0.005129,0.005076,0.005113,42113149.0
2025-04-22 18:25:00+09:00,0.005114,0.005121,0.005102,0.005116,6180754.0
2025-04-22 18:30:00+09:00,0.005115,0.005115,0.005085,0.005098,2344248.0
2025-04-22 18:35:00+09:00,0.005098,0.00511,0.005094,0.0051,4162991.0
2025-04-22 18:40:00+09:00,0.005101,0.005118,0.005101,0.005118,961264.0
2025-04-22 18:45:00+09:00,0.005119,0.005121,0.005103,0.00511,2946482.0
2025-04-22 18:50:00+09:00,0.005111,0.005122,0.00511,0.005117,2918924.0
2025-04-22 18:55:00+09:00,0.005118,0.005138,0.005118,0.005133,1655791.0
2025-04-22 19:00:00+09:00,0.005132,0.00515,0.005128,0.005149,2546910.0
2025-04-22 19:05:00+09:00,0.005152,0.005152,0.005123,0.005135,3178040.0
2025-04-22 19:10:00+09:00,0.005136,0.005148,0.005128,0.005147,3177728.0
2025-04-22 19:15:00+09:00,0.005147,0.005147,0.005131,0.005138,1916789.0
2025-04-22 19:20:00+09:00,0.005137,0.005174,0.005131,0.005157,11083852.0
2025-04-22 19:25:00+09:00,0.005158,0.005159,0.005128,0.005137,4528138.0
2025-04-22 19:30:00+09:00,0.005139,0.005164,0.005138,0.005164,2368664.0
2025-04-22 19:35:00+09:00,0.005163,0.005179,0.00516,0.005174,5328355.0
2025-04-22 19:40:00+09:00,0.005173,0.005186,0.005168,0.005173,2556939.0
2025-04-22 19:45:00+09:00,0.005175,0.005183,0.005171,0.00518,2264006.0
2025-04-22 19:50:00+09:00,0.005179,0.005179,0.005163,0.005164,1762196.0
2025-04-22 19:55:00+09:00,0.005164,0.005175,0.005163,0.005169,1110855.0
2025-04-22 20:00:00+09:00,0.005168,0.005179,0.005154,0.005158,2316112.0
2025-04-22 20:05:00+09:00,0.005159,0.005172,0.005157,0.005167,1648682.0
2025-04-22 20:10:00+09:00,0.005167,0.005173,0.005159,0.005162,1117998.0
2025-04-22 20:15:00+09:00,0.005164,0.005177,0.005162,0.005173,3148265.0
2025-04-22 20:20:00+09:00,0.005174,0.005188,0.005163,0.005182,7159824.0
2025-04-22 20:25:00+09:00,0.005184,0.005191,0.00518,0.005189,768181.0
2025-04-22 20:30:00+09:00,0.005187,0.00519,0.005168,0.005168,2453769.0
2025-04-22 20:35:00+09:00,0.005168,0.00524,0.005167,0.005224,36961675.0
2025-04-22 20:40:00+09:00,0.005224,0.005228,0.005199,0.005206,4958931.0
2025-04-22 20:45:00+09:00,0.005205,0.005246,0.005205,0.005242,6089626.0
2025-04-22 20:50:00+09:00,0.005243,0.005273,0.005243,0.005252,9354218.0
2025-04-22 20:55:00+09:00,0.005252,0.005276,0.005252,0.005268,4672314.0
2025-04-22 21:00:00+09:00,0.005265,0.005268,0.005242,0.005252,3919377.0
2025-04-22 21:05:00+09:00,0.005253,0.005257,0.00522,0.005224,1955820.0
2025-04-22 21:10:00+09:00,0.005224,0.005231,0.005208,0.005217,2369528.0
2025-04-22 21:15:00+09:00,0.005215,0.005247,0.005215,0.005235,3519047.0
2025-04-22 21:20:00+09:00,0.005236,0.005288,0.005232,0.005277,6167154.0
2025-04-22 21:25:00+09:00,0.005277,0.005326,0.00527,0.005303,6260451.0
2025-04-22 21:30:00+09:00,0.005304,0.005306,0.005272,0.005275,3345785.0
2025-04-22 21:35:00+09:00,0.005276,0.005292,0.005259,0.005259,4769047.0
2025-04-22 21:40:00+09:00,0.005258,0.005303,0.005251,0.005301,8489510.0
2025-04-22 21:45:00+09:00,0.005301,0.005343,0.005298,0.005318,31955740.0
2025-04-22 21:50:00+09:00,0.005319,0.005361,0.005319,0.005359,14854698.0
2025-04-22 21:55:00+09:00,0.005358,0.005389,0.005343,0.00536,11940280.0
2025-04-22 22:00:00+09:00,0.005361,0.005366,0.005326,0.005349,12068107.0
2025-04-22 22:05:00+09:00,0.00535,0.005368,0.005313,0.005333,22967017.0
2025-04-22 22:10:00+09:00,0.005334,0.005368,0.005328,0.005341,11819181.0
2025-04-22 22:15:00+09:00,0.005341,0.005428,0.005332,0.005399,38230346.0
2025-04-22 22:20:00+09:00,0.005395,0.005415,0.005373,0.005375,30690013.0
2025-04-22 22:25:00+09:00,0.005378,0.005463,0.005364,0.005457,35112121.0
2025-04-22 22:30:00+09:00,0.005459,0.005557,0.005415,0.005543,52338714.0
2025-04-22 22:35:00+09:00,0.005541,0.005546,0.00544,0.005517,52010827.0
2025-04-22 22:40:00+09:00,0.005518,0.005733,0.005516,0.00569,87594414.0
2025-04-22 22:45:00+09:00,0.00569,0.005791,0.005639,0.005642,115806741.0
2025-04-22 22:50:00+09:00,0.005643,0.005654,0.005575,0.005582,35862010.0
2025-04-22 22:55:00+09:00,0.005587,0.005593,0.005521,0.005576,27322030.0
2025-04-22 23:00:00+09:00,0.005576,0.005667,0.005573,0.005667,42994018.0
2025-04-22 23:05:00+09:00,0.005669,0.005776,0.005649,0.005771,46390636.0
2025-04-22 23:10:00+09:00,0.005772,0.005851,0.005734,0.005851,47526587.0
2025-04-22 23:15:00+09:00,0.00585,0.005954,0.005781,0.005952,95122282.0
2025-04-22 23:20:00+09:00,0.005951,0.005985,0.005894,0.005982,77931979.0
2025-04-22 23:25:00+09:00,0.005982,0.00602,0.005906,0.005991,78292828.0
2025-04-22 23:30:00+09:00,0.005991,0.00601,0.005918,0.005947,48567922.0
2025-04-22 23:35:00+09:00,0.00595,0.005988,0.005888,0.005968,40326759.0
2025-04-22 23:40:00+09:00,0.005968,0.005984,0.00587,0.005964,68518365.0
2025-04-22 23:45:00+09:00,0.005965,0.005984,0.005923,0.005926,33009197.0
2025-04-22 23:50:00+09:00,0.005927,0.005972,0.005893,0.005934,26400356.0
2025-04-22 23:55:00+09:00,0.005938,0.006032,0.005931,0.006029,23395898.0
2025-04-23 00:00:00+09:00,0.006028,0.006059,0.005957,0.00605,42099199.0
2025-04-23 00:05:00+09:00,0.00605,0.006072,0.006003,0.006019,34246087.0
2025-04-23 00:10:00+09:00,0.006018,0.006041,0.005975,0.00598,27785544.0
2025-04-23 00:15:00+09:00,0.005981,0.00601,0.005921,0.005948,30660236.0
2025-04-23 00:20:00+09:00,0.005948,0.006243,0.005946,0.006179,97471407.0
2025-04-23 00:25:00+09:00,0.006178,0.00619,0.006048,0.00607,36328735.0
2025-04-23 00:30:00+09:00,0.006069,0.006092,0.005984,0.00601,34700538.0
2025-04-23 00:35:00+09:00,0.006011,0.00606,0.005999,0.006049,23770155.0
2025-04-23 00:40:00+09:00,0.00605,0.00606,0.005969,0.005994,23423462.0
2025-04-23 00:45:00+09:00,0.005995,0.006041,0.005972,0.006005,31981678.0
2025-04-23 00:50:00+09:00,0.006006,0.006012,0.005874,0.005895,58877714.0
2025-04-23 00:55:00+09:00,0.005897,0.005938,0.005867,0.005936,41938855.0
2025-04-23 01:00:00+09:00,0.005936,0.005993,0.005934,0.005988,18618580.0
2025-04-23 01:05:00+09:00,0.005989,0.006089,0.005985,0.006066,31271994.0
2025-04-23 01:10:00+09:00,0.006066,0.006071,0.005968,0.005975,15341535.0
2025-04-23 01:15:00+09:00,0.005974,0.006053,0.005969,0.00604,12404896.0
2025-04-23 01:20:00+09:00,0.00604,0.006122,0.006039,0.006074,29696681.0
2025-04-23 01:25:00+09:00,0.006075,0.006134,0.006063,0.006081,32978542.0
2025-04-23 01:30:00+09:00,0.00608,0.006092,0.006036,0.006073,15184021.0
2025-04-23 01:35:00+09:00,0.006073,0.006088,0.00603,0.00607,19827390.0
2025-04-23 01:40:00+09:00,0.006067,0.006067,0.006013,0.006036,5777623.0
2025-04-23 01:45:00+09:00,0.00604,0.006056,0.005989,0.006008,11437103.0
2025-04-23 01:50:00+09:00,0.006007,0.006036,0.005985,0.006033,15504995.0
2025-04-23 01:55:00+09:00,0.006033,0.006045,0.006005,0.006008,5148488.0
2025-04-23 02:00:00+09:00,0.006007,0.006047,0.006001,0.006039,14488961.0
2025-04-23 02:05:00+09:00,0.006039,0.006095,0.006032,0.00607,18412701.0
2025-04-23 02:10:00+09:00,0.006067,0.006068,0.00602,0.006046,12428394.0
2025-04-23 02:15:00+09:00,0.006045,0.006048,0.005997,0.006033,18517320.0
2025-04-23 02:20:00+09:00,0.006032,0.006044,0.005975,0.005975,12995745.0
2025-04-23 02:25:00+09:00,0.005978,0.006038,0.005971,0.006036,17177056.0
2025-04-23 02:30:00+09:00,0.006038,0.006043,0.005997,0.006023,8693557.0
2025-04-23 02:35:00+09:00,0.006023,0.006036,0.006,0.006,7447274.0
2025-04-23 02:40:00+09:00,0.006,0.006018,0.005986,0.006015,5191907.0
2025-04-23 02:45:00+09:00,0.006017,0.006021,0.005973,0.005977,5399013.0
2025-04-23 02:50:00+09:00,0.005976,0.006,0.005968,0.005998,4536608.0
2025-04-23 02:55:00+09:00,0.005999,0.005999,0.005979,0.005979,7517150.0
2025-04-23 03:00:00+09:00,0.005978,0.006021,0.005967,0.006004,18442868.0
2025-04-23 03:05:00+09:00,0.006005,0.006055,0.006005,0.006039,10379554.0
2025-04-23 03:10:00+09:00,0.006037,0.00604,0.006005,0.006018,4010333.0
2025-04-23 03:15:00+09:00,0.006018,0.006022,0.005985,0.005992,5428038.0
2025-04-23 03:20:00+09:00,0.005986,0.006004,0.00597,0.006004,6903506.0
2025-04-23 03:25:00+09:00,0.006004,0.00602,0.005975,0.005988,7340696.0
2025-04-23 03:30:00+09:00,0.005988,0.006017,0.005988,0.006006,5674874.0
2025-04-23 03:35:00+09:00,0.006007,0.006046,0.006,0.006023,6478088.0
2025-04-23 03:40:00+09:00,0.006023,0.006029,0.006008,0.006018,4130434.0
2025-04-23 03:45:00+09:00,0.006018,0.006027,0.006,0.00601,4560603.0
2025-04-23 03:50:00+09:00,0.006008,0.006022,0.006004,0.006011,3199255.0
2025-04-23 03:55:00+09:00,0.006012,0.006047,0.006012,0.006046,8963169.0
2025-04-23 04:00:00+09:00,0.006045,0.006066,0.006035,0.006065,5232812.0
2025-04-23 04:05:00+09:00,0.006065,0.006149,0.006055,0.006143,40188809.0
2025-04-23 04:10:00+09:00,0.006143,0.006163,0.006114,0.006136,45283260.0
2025-04-23 04:15:00+09:00,0.006133,0.006172,0.006123,0.006129,13300283.0
2025-04-23 04:20:00+09:00,0.006128,0.006133,0.006082,0.006118,11575717.0
2025-04-23 04:25:00+09:00,0.00612,0.006123,0.006104,0.006111,3699054.0
2025-04-23 04:30:00+09:00,0.006111,0.006111,0.006031,0.006031,9544274.0
2025-04-23 04:35:00+09:00,0.006031,0.006056,0.00602,0.006028,5958757.0
2025-04-23 04:40:00+09:00,0.006026,0.006031,0.006007,0.006022,13279672.0
2025-04-23 04:45:00+09:00,0.006021,0.006029,0.005997,0.006011,6702507.0
2025-04-23 04:50:00+09:00,0.006011,0.006034,0.005981,0.006033,15135764.0
2025-04-23 04:55:00+09:00,0.006033,0.006056,0.006024,0.006044,7108522.0
2025-04-23 05:00:00+09:00,0.006044,0.006063,0.006018,0.006061,10937050.0
2025-04-23 05:05:00+09:00,0.006058,0.006111,0.006054,0.006099,7405231.0
2025-04-23 05:10:00+09:00,0.006098,0.006145,0.006098,0.006137,10701782.0
2025-04-23 05:15:00+09:00,0.006138,0.006144,0.006073,0.006081,8105998.0
2025-04-23 05:20:00+09:00,0.006082,0.00612,0.00608,0.006099,10649208.0
2025-04-23 05:25:00+09:00,0.006098,0.006101,0.006071,0.006089,7888725.0
2025-04-23 05:30:00+09:00,0.006086,0.006103,0.006064,0.006066,3422135.0
2025-04-23 05:35:00+09:00,0.006067,0.006095,0.006067,0.006082,3533857.0
2025-04-23 05:40:00+09:00,0.006082,0.006082,0.006061,0.006073,8012911.0
2025-04-23 05:45:00+09:00,0.006072,0.006083,0.006052,0.006064,4312790.0
2025-04-23 05:50:00+09:00,0.006063,0.006084,0.006055,0.006061,4734349.0
2025-04-23 05:55:00+09:00,0.00606,0.006068,0.006032,0.006068,9516850.0
2025-04-23 06:00:00+09:00,0.006067,0.006075,0.006046,0.006067,7046395.0
2025-04-23 06:05:00+09:00,0.006067,0.006077,0.006033,0.006041,6470788.0
2025-04-23 06:10:00+09:00,0.006042,0.006054,0.006034,0.006036,4352111.0
2025-04-23 06:15:00+09:00,0.006035,0.006123,0.006035,0.006103,14380723.0
2025-04-23 06:20:00+09:00,0.006101,0.006222,0.006101,0.006143,21112543.0
2025-04-23 06:25:00+09:00,0.006143,0.006145,0.006075,0.006105,4049582.0
2025-04-23 06:30:00+09:00,0.00611,0.006166,0.00611,0.006135,7993652.0
2025-04-23 06:35:00+09:00,0.006143,0.00618,0.006124,0.006165,7141095.0
2025-04-23 06:40:00+09:00,0.006165,0.006195,0.006153,0.006176,12789665.0
2025-04-23 06:45:00+09:00,0.006175,0.006376,0.006175,0.006311,32108938.0
2025-04-23 06:50:00+09:00,0.006304,0.006304,0.006196,0.006267,26017078.0
2025-04-23 06:55:00+09:00,0.006268,0.00629,0.006222,0.006262,10491253.0
2025-04-23 07:00:00+09:00,0.006264,0.006305,0.006256,0.006285,10932161.0
2025-04-23 07:05:00+09:00,0.006287,0.006327,0.006257,0.006313,25282919.0
2025-04-23 07:10:00+09:00,0.006312,0.006312,0.006219,0.006274,19849931.0
2025-04-23 07:15:00+09:00,0.006274,0.006319,0.006258,0.006299,16142835.0
2025-04-23 07:20:00+09:00,0.006298,0.006371,0.006295,0.006361,16565564.0
2025-04-23 07:25:00+09:00,0.006361,0.006408,0.00635,0.006405,25720335.0
2025-04-23 07:30:00+09:00,0.006401,0.006446,0.006379,0.006406,44689466.0
2025-04-23 07:35:00+09:00,0.006407,0.006415,0.006346,0.006356,20722316.0
2025-04-23 07:40:00+09:00,0.006357,0.006469,0.006357,0.006449,27001853.0
2025-04-23 07:45:00+09:00,0.00645,0.006645,0.006427,0.006631,61042753.0
2025-04-23 07:50:00+09:00,0.006632,0.00668,0.006556,0.006615,63765962.0
2025-04-23 07:55:00+09:00,0.006614,0.006715,0.006594,0.006624,38449937.0
2025-04-23 08:00:00+09:00,0.006625,0.00681,0.006624,0.006715,100916493.0
2025-04-23 08:05:00+09:00,0.006714,0.006843,0.006704,0.006794,44288081.0
2025-04-23 08:10:00+09:00,0.006792,0.006962,0.006783,0.006838,91657637.0
2025-04-23 08:15:00+09:00,0.006838,0.007013,0.006834,0.006976,100317184.0
2025-04-23 08:20:00+09:00,0.006975,0.007185,0.006949,0.007119,188352151.0
2025-04-23 08:25:00+09:00,0.007121,0.007276,0.007075,0.007243,183408774.0
2025-04-23 08:30:00+09:00,0.00724,0.00741,0.007215,0.007377,136411201.0
2025-04-23 08:35:00+09:00,0.007377,0.007386,0.006982,0.007023,134768443.0
2025-04-23 08:40:00+09:00,0.007022,0.007128,0.006953,0.007098,80575735.0
2025-04-23 08:45:00+09:00,0.007098,0.007266,0.007092,0.007167,66446952.0
2025-04-23 08:50:00+09:00,0.007169,0.007209,0.007087,0.007123,69663730.0
2025-04-23 08:55:00+09:00,0.007123,0.007178,0.007014,0.007044,113757435.0
2025-04-23 09:00:00+09:00,0.007044,0.007252,0.007044,0.007199,70285618.0
2025-04-23 09:05:00+09:00,0.007202,0.00724,0.007119,0.007125,55433869.0
2025-04-23 09:10:00+09:00,0.007122,0.007348,0.007122,0.007276,64411080.0
2025-04-23 09:15:00+09:00,0.007279,0.007544,0.007026,0.007175,293534510.0
2025-04-23 09:20:00+09:00,0.007176,0.007462,0.007119,0.007409,183010917.0
2025-04-23 09:25:00+09:00,0.007409,0.007417,0.007207,0.007248,89072039.0
2025-04-23 09:30:00+09:00,0.007247,0.00726,0.007111,0.007215,100207214.0
2025-04-23 09:35:00+09:00,0.007216,0.00724,0.007086,0.007098,41673340.0
2025-04-23 09:40:00+09:00,0.007098,0.007109,0.007015,0.007065,49895009.0
2025-04-23 09:45:00+09:00,0.007064,0.007078,0.006903,0.006924,69301228.0
2025-04-23 09:50:00+09:00,0.006922,0.006946,0.006824,0.006918,64613997.0
2025-04-23 09:55:00+09:00,0.006917,0.006926,0.006782,0.006871,64757866.0
2025-04-23 10:00:00+09:00,0.006867,0.006962,0.006867,0.006934,28661581.0
2025-04-23 10:05:00+09:00,0.006936,0.006997,0.00691,0.006979,25606348.0
2025-04-23 10:10:00+09:00,0.006984,0.007073,0.006949,0.00696,40947253.0
2025-04-23 10:15:00+09:00,0.00696,0.006994,0.006895,0.006898,16812813.0
2025-04-23 10:20:00+09:00,0.006898,0.0069,0.006829,0.006848,32919020.0
2025-04-23 10:25:00+09:00,0.006849,0.006899,0.006819,0.006865,17054462.0
2025-04-23 10:30:00+09:00,0.006864,0.006929,0.006829,0.00686,30735336.0
2025-04-23 10:35:00+09:00,0.006861,0.006871,0.006802,0.006849,11425289.0
2025-04-23 10:40:00+09:00,0.006848,0.006869,0.006814,0.006855,13698837.0
2025-04-23 10:45:00+09:00,0.006857,0.006912,0.006821,0.00684,22666339.0
2025-04-23 10:50:00+09:00,0.00684,0.006842,0.006739,0.006746,22613153.0
2025-04-23 10:55:00+09:00,0.006752,0.006777,0.006724,0.006747,13978381.0
2025-04-23 11:00:00+09:00,0.006749,0.006785,0.006707,0.006764,14216033.0
2025-04-23 11:05:00+09:00,0.006763,0.006809,0.00676,0.006805,13967827.0
2025-04-23 11:10:00+09:00,0.006808,0.006815,0.006761,0.006786,6681713.0
2025-04-23 11:15:00+09:00,0.006788,0.006822,0.006757,0.006797,20693623.0
2025-04-23 11:20:00+09:00,0.006796,0.006903,0.006787,0.006896,16789982.0
2025-04-23 11:25:00+09:00,0.006895,0.006912,0.006812,0.006825,14476483.0
2025-04-23 11:30:00+09:00,0.006826,0.006841,0.006756,0.00677,19855720.0
2025-04-23 11:35:00+09:00,0.006765,0.006844,0.006746,0.006839,15607987.0
2025-04-23 11:40:00+09:00,0.006839,0.006875,0.006813,0.006866,12404577.0
2025-04-23 11:45:00+09:00,0.006867,0.007013,0.006858,0.007006,32813692.0
2025-04-23 11:50:00+09:00,0.007008,0.007036,0.006967,0.007013,29136531.0
2025-04-23 11:55:00+09:00,0.007013,0.007093,0.006998,0.007051,27147990.0
2025-04-23 12:00:00+09:00,0.00705,0.007051,0.00697,0.006997,26038333.0
2025-04-23 12:05:00+09:00,0.006997,0.006998,0.006919,0.006925,30186105.0
2025-04-23 12:10:00+09:00,0.006924,0.00695,0.006908,0.006915,9144580.0
2025-04-23 12:15:00+09:00,0.006916,0.006959,0.006908,0.006952,7584803.0
2025-04-23 12:20:00+09:00,0.006951,0.007007,0.006928,0.006993,10766816.0
2025-04-23 12:25:00+09:00,0.006993,0.006996,0.006928,0.006935,12509393.0
2025-04-23 12:30:00+09:00,0.006936,0.006959,0.006908,0.006958,10045009.0
2025-04-23 12:35:00+09:00,0.006955,0.006989,0.006938,0.006988,17317071.0
2025-04-23 12:40:00+09:00,0.006988,0.007099,0.006968,0.007062,18274309.0
2025-04-23 12:45:00+09:00,0.007061,0.007136,0.007022,0.00713,31200021.0
2025-04-23 12:50:00+09:00,0.007131,0.007139,0.006995,0.007045,19505326.0
2025-04-23 12:55:00+09:00,0.007044,0.007073,0.007012,0.007027,11568611.0
2025-04-23 13:00:00+09:00,0.007026,0.007073,0.006965,0.006974,15450365.0
2025-04-23 13:05:00+09:00,0.006973,0.007023,0.006945,0.007008,27106519.0
2025-04-23 13:10:00+09:00,0.007007,0.00704,0.006963,0.007012,34330517.0
2025-04-23 13:15:00+09:00,0.007011,0.007022,0.006932,0.006944,18194996.0
2025-04-23 13:20:00+09:00,0.006944,0.006953,0.006889,0.0069,11304718.0
2025-04-23 13:25:00+09:00,0.006901,0.006902,0.00684,0.006883,21883554.0
2025-04-23 13:30:00+09:00,0.006885,0.006916,0.006869,0.006894,15486889.0
2025-04-23 13:35:00+09:00,0.006893,0.006977,0.006887,0.006941,24676846.0
2025-04-23 13:40:00+09:00,0.006944,0.007056,0.006933,0.007027,25540517.0
2025-04-23 13:45:00+09:00,0.007027,0.00712,0.007027,0.007033,54659332.0
2025-04-23 13:50:00+09:00,0.007033,0.007068,0.007001,0.007006,11879451.0
2025-04-23 13:55:00+09:00,0.007003,0.007018,0.006975,0.007005,18957873.0
2025-04-23 14:00:00+09:00,0.007006,0.007013,0.00692,0.006941,15182792.0
2025-04-23 14:05:00+09:00,0.006943,0.006978,0.00693,0.006946,18645539.0
2025-04-23 14:10:00+09:00,0.006945,0.006963,0.006892,0.006892,13347848.0
2025-04-23 14:15:00+09:00,0.006895,0.006913,0.006874,0.0069,15353313.0
2025-04-23 14:20:00+09:00,0.006901,0.006965,0.006896,0.006933,7240381.0
2025-04-23 14:25:00+09:00,0.006931,0.006948,0.006894,0.006938,7416563.0
2025-04-23 14:30:00+09:00,0.006938,0.007032,0.00693,0.007024,25882567.0
2025-04-23 14:35:00+09:00,0.007021,0.007076,0.006999,0.007073,20227671.0
2025-04-23 14:40:00+09:00,0.007071,0.0071,0.007014,0.007044,21646815.0
2025-04-23 14:45:00+09:00,0.007045,0.007065,0.006985,0.006998,10870812.0
2025-04-23 14:50:00+09:00,0.006997,0.007007,0.006963,0.006967,10301012.0
2025-04-23 14:55:00+09:00,0.006969,0.007035,0.006965,0.007031,7122528.0
2025-04-23 15:00:00+09:00,0.00703,0.007099,0.00699,0.007086,18209668.0
2025-04-23 15:05:00+09:00,0.007084,0.007179,0.007069,0.007083,75577099.0
2025-04-23 15:10:00+09:00,0.00708,0.007216,0.007076,0.007166,76355800.0
2025-04-23 15:15:00+09:00,0.007167,0.007228,0.007162,0.00719,57270125.0
2025-04-23 15:20:00+09:00,0.00719,0.007313,0.007141,0.007258,43629331.0
2025-04-23 15:25:00+09:00,0.007257,0.007363,0.007231,0.007253,53724245.0
2025-04-23 15:30:00+09:00,0.00725,0.00725,0.007027,0.007078,39741000.0
2025-04-23 15:35:00+09:00,0.007078,0.007086,0.006952,0.006953,31486663.0
2025-04-23 15:40:00+09:00,0.006954,0.006974,0.006822,0.006879,50054399.0
2025-04-23 15:45:00+09:00,0.006879,0.006894,0.006825,0.006846,27997722.0
2025-04-23 15:50:00+09:00,0.006846,0.00685,0.006779,0.006843,22966253.0
2025-04-23 15:55:00+09:00,0.006845,0.006887,0.006815,0.006869,18464581.0
2025-04-23 16:00:00+09:00,0.00687,0.006904,0.006823,0.006831,26872673.0
2025-04-23 16:05:00+09:00,0.006831,0.0069,0.006831,0.0069,27076782.0
2025-04-23 16:10:00+09:00,0.006901,0.006982,0.006882,0.00697,19136591.0
2025-04-23 16:15:00+09:00,0.006971,0.006989,0.006907,0.006933,12894183.0
2025-04-23 16:20:00+09:00,0.006933,0.006945,0.006856,0.006898,8975332.0
2025-04-23 16:25:00+09:00,0.006897,0.006916,0.006872,0.0069,6517648.0
2025-04-23 16:30:00+09:00,0.006899,0.00693,0.006849,0.006864,11661882.0
2025-04-23 16:35:00+09:00,0.006866,0.006915,0.00686,0.00686,10164022.0
2025-04-23 16:40:00+09:00,0.00686,0.006878,0.006826,0.006851,12624894.0
2025-04-23 16:45:00+09:00,0.006852,0.006865,0.006826,0.00685,4882887.0
2025-04-23 16:50:00+09:00,0.006852,0.006877,0.006839,0.006877,9024039.0
2025-04-23 16:55:00+09:00,0.006877,0.006937,0.006871,0.006907,12464575.0
2025-04-23 17:00:00+09:00,0.006908,0.006908,0.006833,0.006833,9394603.0
2025-04-23 17:05:00+09:00,0.006835,0.006838,0.006714,0.006766,44974252.0
2025-04-23 17:10:00+09:00,0.00677,0.006872,0.006768,0.006861,13116358.0
2025-04-23 17:15:00+09:00,0.00686,0.006861,0.006816,0.006831,22218816.0
2025-04-23 17:20:00+09:00,0.006832,0.006837,0.006765,0.006793,27406506.0
2025-04-23 17:25:00+09:00,0.006794,0.006803,0.006769,0.006784,5624620.0
2025-04-23 17:30:00+09:00,0.006785,0.00681,0.006771,0.006805,8434273.0
2025-04-23 17:35:00+09:00,0.006805,0.00681,0.006772,0.006794,9116632.0
2025-04-23 17:40:00+09:00,0.006794,0.006805,0.006765,0.006784,13176021.0
2025-04-23 17:45:00+09:00,0.006784,0.006802,0.006752,0.006779,13972269.0
2025-04-23 17:50:00+09:00,0.006779,0.006848,0.006776,0.006848,32189231.0
2025-04-23 17:55:00+09:00,0.006844,0.006852,0.006801,0.006801,7023846.0
2025-04-23 18:00:00+09:00,0.006802,0.006815,0.006783,0.006802,7089736.0
2025-04-23 18:05:00+09:00,0.006801,0.006862,0.00679,0.006857,18634879.0
2025-04-23 18:10:00+09:00,0.006857,0.006915,0.006829,0.006876,13992219.0
2025-04-23 18:15:00+09:00,0.006878,0.006958,0.006878,0.006928,24914705.0
2025-04-23 18:20:00+09:00,0.00693,0.006947,0.006858,0.006864,9871618.0
2025-04-23 18:25:00+09:00,0.006865,0.006903,0.006861,0.006875,4749440.0
2025-04-23 18:30:00+09:00,0.006876,0.006893,0.006856,0.006872,4124716.0
2025-04-23 18:35:00+09:00,0.006872,0.006874,0.0068,0.006802,9906644.0
2025-04-23 18:40:00+09:00,0.006802,0.006818,0.006795,0.006805,8581724.0
2025-04-23 18:45:00+09:00,0.006806,0.006829,0.006792,0.006816,6788232.0
2025-04-23 18:50:00+09:00,0.006819,0.006843,0.006814,0.006838,2735970.0
2025-04-23 18:55:00+09:00,0.006836,0.006855,0.0068,0.006801,18022243.0
2025-04-23 19:00:00+09:00,0.006802,0.006838,0.006757,0.006786,20082292.0
2025-04-23 19:05:00+09:00,0.006786,0.006804,0.006728,0.006744,20599976.0
2025-04-23 19:10:00+09:00,0.006744,0.00683,0.006744,0.006825,26191872.0
2025-04-23 19:15:00+09:00,0.006826,0.006914,0.006816,0.006911,16652608.0
2025-04-23 19:20:00+09:00,0.00691,0.00691,0.006855,0.006869,18179466.0
2025-04-23 19:25:00+09:00,0.006871,0.006915,0.006845,0.006915,9957374.0
2025-04-23 19:30:00+09:00,0.006915,0.006945,0.006877,0.006885,14027552.0
2025-04-23 19:35:00+09:00,0.006886,0.006936,0.006865,0.006916,12794038.0
2025-04-23 19:40:00+09:00,0.006915,0.006947,0.006895,0.00693,8159902.0
2025-04-23 19:45:00+09:00,0.00693,0.006979,0.006912,0.006963,13877890.0
2025-04-23 19:50:00+09:00,0.006964,0.007044,0.006964,0.00699,28363970.0
2025-04-23 19:55:00+09:00,0.006992,0.007071,0.006989,0.00706,23464379.0
2025-04-23 20:00:00+09:00,0.007059,0.007094,0.006969,0.006994,36373090.0
2025-04-23 20:05:00+09:00,0.006995,0.007013,0.006967,0.007,9852125.0
2025-04-23 20:10:00+09:00,0.007002,0.007051,0.006983,0.007005,18430142.0
2025-04-23 20:15:00+09:00,0.007008,0.007018,0.006955,0.006965,14195782.0
2025-04-23 20:20:00+09:00,0.006966,0.006982,0.006941,0.006945,6614061.0
2025-04-23 20:25:00+09:00,0.006947,0.006958,0.006921,0.006946,8743706.0
2025-04-23 20:30:00+09:00,0.006945,0.006955,0.006911,0.006953,11328096.0
2025-04-23 20:35:00+09:00,0.006952,0.007011,0.00693,0.007008,11040278.0
2025-04-23 20:40:00+09:00,0.007008,0.007039,0.006965,0.006967,11358902.0
2025-04-23 20:45:00+09:00,0.006967,0.007009,0.006962,0.006977,5261197.0
2025-04-23 20:50:00+09:00,0.006978,0.006998,0.006881,0.006894,28398515.0
2025-04-23 20:55:00+09:00,0.006895,0.006933,0.006888,0.006923,5050387.0
2025-04-23 21:00:00+09:00,0.006924,0.006969,0.006904,0.006962,18977893.0
2025-04-23 21:05:00+09:00,0.006961,0.007015,0.006946,0.006967,28032553.0
2025-04-23 21:10:00+09:00,0.006966,0.007029,0.006959,0.007019,22700447.0
2025-04-23 21:15:00+09:00,0.007017,0.007028,0.006971,0.006995,17756462.0
2025-04-23 21:20:00+09:00,0.006994,0.007004,0.006917,0.006918,12618326.0
2025-04-23 21:25:00+09:00,0.006917,0.006956,0.006915,0.006935,5620049.0
2025-04-23 21:30:00+09:00,0.006936,0.006974,0.006921,0.006965,6817760.0
2025-04-23 21:35:00+09:00,0.006964,0.006998,0.006936,0.006983,19498753.0
2025-04-23 21:40:00+09:00,0.006984,0.006994,0.006941,0.006949,5550772.0
2025-04-23 21:45:00+09:00,0.006949,0.007013,0.006945,0.006994,23007387.0
2025-04-23 21:50:00+09:00,0.006994,0.007039,0.006994,0.00701,22848606.0
2025-04-23 21:55:00+09:00,0.00701,0.007047,0.006998,0.007042,11059039.0
2025-04-23 22:00:00+09:00,0.007041,0.007076,0.006992,0.007011,37258860.0
2025-04-23 22:05:00+09:00,0.007012,0.007137,0.007002,0.007128,49812715.0
2025-04-23 22:10:00+09:00,0.007128,0.007149,0.007079,0.007085,24448115.0
2025-04-23 22:15:00+09:00,0.007084,0.007245,0.007083,0.007236,52116128.0
2025-04-23 22:20:00+09:00,0.007233,0.007251,0.007088,0.007089,22446370.0
2025-04-23 22:25:00+09:00,0.00709,0.007115,0.007016,0.007098,22592381.0
2025-04-23 22:30:00+09:00,0.007099,0.007193,0.007074,0.007117,22599281.0
2025-04-23 22:35:00+09:00,0.007117,0.007201,0.006972,0.007,138083375.0
2025-04-23 22:40:00+09:00,0.007006,0.007122,0.006999,0.007059,29363972.0
2025-04-23 22:45:00+09:00,0.007058,0.0072,0.007052,0.007156,54191215.0
2025-04-23 22:50:00+09:00,0.007159,0.007191,0.007076,0.007084,48272004.0
2025-04-23 22:55:00+09:00,0.007083,0.007086,0.006973,0.007021,48444223.0
2025-04-23 23:00:00+09:00,0.007022,0.007219,0.007022,0.007205,64812493.0
2025-04-23 23:05:00+09:00,0.007205,0.007343,0.007187,0.007314,65811593.0
2025-04-23 23:10:00+09:00,0.007313,0.007518,0.007269,0.007447,103115991.0
2025-04-23 23:15:00+09:00,0.007446,0.007471,0.007239,0.007295,77664822.0
2025-04-23 23:20:00+09:00,0.007295,0.00732,0.007142,0.00729,45219205.0
2025-04-23 23:25:00+09:00,0.007289,0.007369,0.007238,0.007255,52026651.0
2025-04-23 23:30:00+09:00,0.007254,0.007281,0.007147,0.007201,26597901.0
2025-04-23 23:35:00+09:00,0.007202,0.007252,0.007145,0.007217,17953574.0
2025-04-23 23:40:00+09:00,0.00722,0.007357,0.007184,0.007342,67404495.0
2025-04-23 23:45:00+09:00,0.007342,0.007357,0.007103,0.007151,88362684.0
2025-04-23 23:50:00+09:00,0.007152,0.007155,0.007069,0.007111,58251338.0
2025-04-23 23:55:00+09:00,0.007112,0.00718,0.006914,0.00692,87661987.0
2025-04-24 00:00:00+09:00,0.006919,0.007054,0.006909,0.006998,65978268.0
2025-04-24 00:05:00+09:00,0.006999,0.007022,0.006943,0.006956,25232048.0
2025-04-24 00:10:00+09:00,0.006955,0.007013,0.006945,0.006987,28090112.0
2025-04-24 00:15:00+09:00,0.006986,0.007017,0.006888,0.006905,60798725.0
2025-04-24 00:20:00+09:00,0.006906,0.006922,0.00683,0.006862,44458638.0
2025-04-24 00:25:00+09:00,0.006862,0.006864,0.006742,0.006782,63925781.0
2025-04-24 00:30:00+09:00,0.006782,0.006884,0.006759,0.006859,21274037.0
2025-04-24 00:35:00+09:00,0.006858,0.007003,0.00685,0.006959,17448597.0
2025-04-24 00:40:00+09:00,0.006957,0.00701,0.006928,0.006977,15499916.0
2025-04-24 00:45:00+09:00,0.006977,0.007005,0.006927,0.006954,16072932.0
2025-04-24 00:50:00+09:00,0.006955,0.007124,0.00694,0.007112,22308629.0
2025-04-24 00:55:00+09:00,0.007111,0.00713,0.007044,0.007045,22544499.0
2025-04-24 01:00:00+09:00,0.007046,0.007087,0.006949,0.006981,26248675.0
2025-04-24 01:05:00+09:00,0.006976,0.007039,0.006923,0.006948,36315691.0
2025-04-24 01:10:00+09:00,0.006947,0.00699,0.006919,0.006955,10016506.0
2025-04-24 01:15:00+09:00,0.006955,0.006957,0.006854,0.006858,14375429.0
2025-04-24 01:20:00+09:00,0.006857,0.006862,0.006736,0.006773,30589925.0
2025-04-24 01:25:00+09:00,0.006775,0.006863,0.006775,0.006843,22079823.0
2025-04-24 01:30:00+09:00,0.006844,0.006901,0.006815,0.006891,14268630.0
2025-04-24 01:35:00+09:00,0.006891,0.007,0.006884,0.00699,22818783.0
2025-04-24 01:40:00+09:00,0.006989,0.007022,0.006925,0.006943,21827731.0
2025-04-24 01:45:00+09:00,0.006943,0.006947,0.006889,0.006932,11733894.0
2025-04-24 01:50:00+09:00,0.006933,0.007008,0.006922,0.006991,15530152.0
2025-04-24 01:55:00+09:00,0.00699,0.007029,0.006928,0.006928,9435868.0
2025-04-24 02:00:00+09:00,0.006927,0.006995,0.006911,0.006927,25677439.0
2025-04-24 02:05:00+09:00,0.006926,0.006986,0.006918,0.00697,7336623.0
2025-04-24 02:10:00+09:00,0.006968,0.006996,0.006934,0.006944,5709909.0
2025-04-24 02:15:00+09:00,0.006944,0.006956,0.006906,0.00694,5590486.0
2025-04-24 02:20:00+09:00,0.006938,0.007038,0.006932,0.00698,13252610.0
2025-04-24 02:25:00+09:00,0.00698,0.007009,0.006929,0.006969,9552789.0
2025-04-24 02:30:00+09:00,0.00697,0.006977,0.006927,0.006929,4694871.0
2025-04-24 02:35:00+09:00,0.006929,0.006961,0.00691,0.006927,4238408.0
2025-04-24 02:40:00+09:00,0.006924,0.006925,0.006872,0.006898,11196982.0
2025-04-24 02:45:00+09:00,0.006898,0.006898,0.00682,0.006835,5923571.0
2025-04-24 02:50:00+09:00,0.006833,0.006916,0.006833,0.006914,4646985.0
2025-04-24 02:55:00+09:00,0.006907,0.006941,0.006899,0.006917,3373396.0
2025-04-24 03:00:00+09:00,0.006916,0.006957,0.006912,0.006933,6861809.0
2025-04-24 03:05:00+09:00,0.006933,0.006936,0.006902,0.006921,7298297.0
2025-04-24 03:10:00+09:00,0.006921,0.006973,0.006918,0.006931,5222980.0
2025-04-24 03:15:00+09:00,0.006931,0.006983,0.00693,0.006956,2781416.0
2025-04-24 03:20:00+09:00,0.006956,0.006981,0.006925,0.006931,3425377.0
2025-04-24 03:25:00+09:00,0.006931,0.006948,0.006896,0.006905,5249920.0
2025-04-24 03:30:00+09:00,0.006906,0.006913,0.006868,0.006877,6446913.0
2025-04-24 03:35:00+09:00,0.006878,0.006893,0.006845,0.006874,4726235.0
2025-04-24 03:40:00+09:00,0.006873,0.006873,0.006828,0.006831,11688230.0
2025-04-24 03:45:00+09:00,0.006832,0.006885,0.006831,0.006884,9768563.0
2025-04-24 03:50:00+09:00,0.006883,0.006884,0.00684,0.006852,2423946.0
2025-04-24 03:55:00+09:00,0.006851,0.006851,0.006806,0.006816,6290613.0
2025-04-24 04:00:00+09:00,0.006815,0.006845,0.006806,0.006819,5051347.0
2025-04-24 04:05:00+09:00,0.006819,0.006859,0.006819,0.006838,24445838.0
2025-04-24 04:10:00+09:00,0.006839,0.006848,0.006792,0.006792,11038754.0
2025-04-24 04:15:00+09:00,0.006792,0.006831,0.00679,0.006809,4617316.0
2025-04-24 04:20:00+09:00,0.00681,0.006811,0.006762,0.00677,4702943.0
2025-04-24 04:25:00+09:00,0.006772,0.006776,0.006719,0.006728,9951385.0
2025-04-24 04:30:00+09:00,0.006733,0.006772,0.006722,0.006753,7358156.0
2025-04-24 04:35:00+09:00,0.006752,0.006755,0.00672,0.006729,9980367.0
2025-04-24 04:40:00+09:00,0.00673,0.006768,0.006725,0.006745,6673342.0
2025-04-24 04:45:00+09:00,0.006746,0.006753,0.006632,0.006691,51001265.0
2025-04-24 04:50:00+09:00,0.006691,0.006727,0.006661,0.006708,13545066.0
2025-04-24 04:55:00+09:00,0.006708,0.006713,0.006697,0.006706,5137267.0
2025-04-24 05:00:00+09:00,0.006706,0.006746,0.006705,0.006726,3875305.0
2025-04-24 05:05:00+09:00,0.006725,0.006728,0.006681,0.006701,5696522.0
2025-04-24 05:10:00+09:00,0.006699,0.006725,0.006691,0.006702,4616187.0
2025-04-24 05:15:00+09:00,0.006701,0.006757,0.006696,0.00675,3043455.0
2025-04-24 05:20:00+09:00,0.006752,0.006756,0.006723,0.006723,3080323.0
2025-04-24 05:25:00+09:00,0.006723,0.006767,0.006722,0.006754,4458804.0
2025-04-24 05:30:00+09:00,0.006756,0.006778,0.00672,0.006737,4924449.0
2025-04-24 05:35:00+09:00,0.006738,0.006766,0.006691,0.006691,17683848.0
2025-04-24 05:40:00+09:00,0.006691,0.006712,0.006685,0.006703,6342769.0
2025-04-24 05:45:00+09:00,0.006702,0.006721,0.006678,0.006685,3575564.0
2025-04-24 05:50:00+09:00,0.006685,0.006706,0.006663,0.006688,9831129.0
2025-04-24 05:55:00+09:00,0.006688,0.006688,0.00667,0.006675,1018334.0
2025-04-24 06:00:00+09:00,0.006677,0.006679,0.006629,0.006641,7848533.0
2025-04-24 06:05:00+09:00,0.006641,0.006665,0.006621,0.006642,3052721.0
2025-04-24 06:10:00+09:00,0.006639,0.006642,0.0066,0.006608,8925759.0
2025-04-24 06:15:00+09:00,0.006609,0.006624,0.006578,0.00661,12631019.0
2025-04-24 06:20:00+09:00,0.006604,0.006626,0.006599,0.006599,1819856.0
2025-04-24 06:25:00+09:00,0.006606,0.006621,0.006591,0.006619,5919278.0
2025-04-24 06:30:00+09:00,0.006618,0.006623,0.006584,0.006611,3227298.0
2025-04-24 06:35:00+09:00,0.006608,0.006617,0.00658,0.006617,9905493.0
2025-04-24 06:40:00+09:00,0.006615,0.006634,0.006548,0.006549,10211057.0
2025-04-24 06:45:00+09:00,0.006552,0.006581,0.006547,0.006547,7143821.0
2025-04-24 06:50:00+09:00,0.006547,0.00662,0.006547,0.006617,2841776.0
2025-04-24 06:55:00+09:00,0.006617,0.006629,0.006597,0.006604,2231756.0
2025-04-24 07:00:00+09:00,0.006607,0.006628,0.006592,0.006599,2479384.0
2025-04-24 07:05:00+09:00,0.0066,0.006641,0.006584,0.006617,4145800.0
2025-04-24 07:10:00+09:00,0.006616,0.006645,0.006607,0.006611,3917853.0
2025-04-24 07:15:00+09:00,0.006613,0.006631,0.006595,0.006622,2482259.0
2025-04-24 07:20:00+09:00,0.00662,0.00662,0.006524,0.006599,37197289.0
2025-04-24 07:25:00+09:00,0.0066,0.006611,0.00659,0.006596,1811572.0
2025-04-24 07:30:00+09:00,0.006596,0.0066,0.006572,0.006581,2450256.0
2025-04-24 07:35:00+09:00,0.006581,0.006597,0.006575,0.006581,6499894.0
2025-04-24 07:40:00+09:00,0.00658,0.006586,0.006554,0.006573,3591538.0
2025-04-24 07:45:00+09:00,0.006574,0.006592,0.006564,0.006592,3777975.0
2025-04-24 07:50:00+09:00,0.006593,0.006758,0.00658,0.00659,41885745.0
2025-04-24 07:55:00+09:00,0.006593,0.006646,0.00659,0.006626,9879226.0
2025-04-24 08:00:00+09:00,0.006625,0.00666,0.006606,0.006614,7652860.0
2025-04-24 08:05:00+09:00,0.006615,0.006668,0.006576,0.00666,10937311.0
2025-04-24 08:10:00+09:00,0.006659,0.006697,0.006645,0.006673,4936304.0
2025-04-24 08:15:00+09:00,0.006674,0.006679,0.006628,0.006638,4418302.0
2025-04-24 08:20:00+09:00,0.006637,0.006674,0.006622,0.006665,2337777.0
2025-04-24 08:25:00+09:00,0.006667,0.006673,0.006608,0.006616,3079924.0
2025-04-24 08:30:00+09:00,0.006618,0.006645,0.006608,0.006629,1882106.0
2025-04-24 08:35:00+09:00,0.006629,0.006631,0.006595,0.006604,3162776.0
2025-04-24 08:40:00+09:00,0.006605,0.006607,0.006584,0.006598,4174124.0
2025-04-24 08:45:00+09:00,0.006599,0.006628,0.00659,0.006593,7040437.0
2025-04-24 08:50:00+09:00,0.006593,0.006631,0.006576,0.006631,4562584.0
2025-04-24 08:55:00+09:00,0.006632,0.006635,0.006607,0.006624,2382704.0
2025-04-24 09:00:00+09:00,0.006623,0.006703,0.006622,0.006627,21354379.0
2025-04-24 09:05:00+09:00,0.006628,0.006667,0.006613,0.006654,4052470.0
2025-04-24 09:10:00+09:00,0.006653,0.006674,0.006636,0.006655,3974262.0
2025-04-24 09:15:00+09:00,0.006654,0.006669,0.006605,0.006645,10857179.0
2025-04-24 09:20:00+09:00,0.006646,0.00665,0.006564,0.006568,3562886.0
2025-04-24 09:25:00+09:00,0.006569,0.006578,0.006537,0.006544,12769842.0
2025-04-24 09:30:00+09:00,0.006545,0.006558,0.006485,0.006558,11712285.0
2025-04-24 09:35:00+09:00,0.006557,0.006602,0.006555,0.006595,4050935.0
2025-04-24 09:40:00+09:00,0.006596,0.006619,0.006577,0.006608,1927505.0
2025-04-24 09:45:00+09:00,0.006609,0.006609,0.006542,0.006549,2302337.0
2025-04-24 09:50:00+09:00,0.006549,0.006573,0.006526,0.006561,2927841.0
2025-04-24 09:55:00+09:00,0.006562,0.006588,0.006553,0.006565,1160613.0
2025-04-24 10:00:00+09:00,0.006566,0.006591,0.006535,0.006545,2984400.0
2025-04-24 10:05:00+09:00,0.006544,0.006576,0.006532,0.00655,1375128.0
2025-04-24 10:10:00+09:00,0.006551,0.006555,0.006508,0.006543,3595536.0
2025-04-24 10:15:00+09:00,0.006543,0.006553,0.006503,0.006523,2993409.0
2025-04-24 10:20:00+09:00,0.006522,0.006526,0.006452,0.006457,9388091.0
2025-04-24 10:25:00+09:00,0.006457,0.006505,0.006452,0.006497,3210201.0
2025-04-24 10:30:00+09:00,0.006499,0.00652,0.006475,0.006515,3391001.0
2025-04-24 10:35:00+09:00,0.006514,0.006545,0.006507,0.00652,2303979.0
2025-04-24 10:40:00+09:00,0.006521,0.006525,0.006495,0.006511,1797758.0
2025-04-24 10:45:00+09:00,0.006512,0.006521,0.006477,0.006496,3994707.0
2025-04-24 10:50:00+09:00,0.006495,0.006503,0.006472,0.006474,2604064.0
2025-04-24 10:55:00+09:00,0.006475,0.006489,0.006466,0.006474,6545267.0
2025-04-24 11:00:00+09:00,0.006473,0.006479,0.006443,0.006471,3822728.0
2025-04-24 11:05:00+09:00,0.006471,0.006474,0.006432,0.006465,1856844.0
2025-04-24 11:10:00+09:00,0.006465,0.006502,0.006461,0.006492,1929901.0
2025-04-24 11:15:00+09:00,0.006491,0.00651,0.006484,0.006494,991831.0
2025-04-24 11:20:00+09:00,0.006495,0.006542,0.006493,0.006526,5090530.0
2025-04-24 11:25:00+09:00,0.006526,0.006531,0.006506,0.006522,1173205.0
2025-04-24 11:30:00+09:00,0.006521,0.006524,0.006496,0.006509,2904039.0
2025-04-24 11:35:00+09:00,0.00651,0.006522,0.006494,0.006497,1234043.0
2025-04-24 11:40:00+09:00,0.006496,0.006502,0.006462,0.006462,6482668.0
2025-04-24 11:45:00+09:00,0.006461,0.006475,0.006411,0.006417,4223943.0
2025-04-24 11:50:00+09:00,0.006416,0.006456,0.0064,0.006446,4753939.0
2025-04-24 11:55:00+09:00,0.006448,0.00645,0.006408,0.006408,2872112.0
2025-04-24 12:00:00+09:00,0.006413,0.006436,0.006359,0.006389,8645317.0
2025-04-24 12:05:00+09:00,0.006389,0.006416,0.006383,0.006398,6355930.0
2025-04-24 12:10:00+09:00,0.006397,0.0064,0.006373,0.006385,4064701.0
2025-04-24 12:15:00+09:00,0.006386,0.006406,0.006368,0.006395,7361402.0
2025-04-24 12:20:00+09:00,0.006395,0.006428,0.006395,0.006428,1737319.0
2025-04-24 12:25:00+09:00,0.006426,0.006442,0.006413,0.006437,4334253.0
2025-04-24 12:30:00+09:00,0.006436,0.006436,0.006316,0.006316,5827627.0
2025-04-24 12:35:00+09:00,0.006316,0.006329,0.006296,0.006318,4602466.0
2025-04-24 12:40:00+09:00,0.006317,0.006332,0.00628,0.00629,9641095.0
2025-04-24 12:45:00+09:00,0.00629,0.006317,0.006287,0.006302,5154685.0
2025-04-24 12:50:00+09:00,0.006302,0.006313,0.00628,0.006295,4431809.0
2025-04-24 12:55:00+09:00,0.006295,0.006297,0.006259,0.006268,11107320.0
2025-04-24 13:00:00+09:00,0.006268,0.006296,0.006241,0.006287,15049277.0
2025-04-24 13:05:00+09:00,0.006286,0.006324,0.006273,0.0063,8631220.0
2025-04-24 13:10:00+09:00,0.006301,0.006329,0.006285,0.006318,4518102.0
2025-04-24 13:15:00+09:00,0.006321,0.006337,0.006282,0.006325,3439599.0
2025-04-24 13:20:00+09:00,0.006324,0.00636,0.006321,0.006333,6650519.0
2025-04-24 13:25:00+09:00,0.006333,0.006336,0.006303,0.006309,3462508.0
2025-04-24 13:30:00+09:00,0.006309,0.006332,0.0063,0.006316,4951023.0
2025-04-24 13:35:00+09:00,0.006316,0.006316,0.006269,0.006288,5085850.0
2025-04-24 13:40:00+09:00,0.006288,0.006299,0.006276,0.006293,1530749.0
2025-04-24 13:45:00+09:00,0.006292,0.006314,0.00628,0.006308,1748421.0
2025-04-24 13:50:00+09:00,0.006307,0.00634,0.006298,0.006331,5677020.0
2025-04-24 13:55:00+09:00,0.006332,0.006345,0.006323,0.00634,1325754.0
2025-04-24 14:00:00+09:00,0.006341,0.006371,0.006326,0.006345,3448873.0
2025-04-24 14:05:00+09:00,0.006345,0.006356,0.006331,0.006353,1712209.0
2025-04-24 14:10:00+09:00,0.006354,0.006377,0.006351,0.006363,4196244.0
2025-04-24 14:15:00+09:00,0.006363,0.006364,0.006335,0.006349,1819153.0
2025-04-24 14:20:00+09:00,0.006348,0.006348,0.00632,0.006321,1234759.0
2025-04-24 14:25:00+09:00,0.006321,0.006366,0.006321,0.006363,2357837.0
2025-04-24 14:30:00+09:00,0.006361,0.006409,0.006361,0.006381,4838770.0
2025-04-24 14:35:00+09:00,0.006381,0.006402,0.006375,0.006394,1857152.0
2025-04-24 14:40:00+09:00,0.006391,0.006426,0.006385,0.006416,6181634.0
2025-04-24 14:45:00+09:00,0.006417,0.006423,0.006403,0.006413,2544363.0
2025-04-24 14:50:00+09:00,0.006412,0.006466,0.006406,0.006421,13644686.0
2025-04-24 14:55:00+09:00,0.006422,0.006441,0.006413,0.006422,1612670.0
2025-04-24 15:00:00+09:00,0.00642,0.00642,0.006378,0.006408,5467029.0
2025-04-24 15:05:00+09:00,0.006407,0.006413,0.006377,0.006385,4662996.0
2025-04-24 15:10:00+09:00,0.006385,0.0064,0.006373,0.006396,4161521.0
2025-04-24 15:15:00+09:00,0.006396,0.006396,0.00635,0.006379,4551736.0
2025-04-24 15:20:00+09:00,0.00638,0.006397,0.006352,0.006388,3092224.0
2025-04-24 15:25:00+09:00,0.006389,0.006395,0.006371,0.006374,1289549.0
2025-04-24 15:30:00+09:00,0.006372,0.006388,0.006351,0.006362,4501166.0
2025-04-24 15:35:00+09:00,0.006363,0.006376,0.006348,0.006351,2177312.0
2025-04-24 15:40:00+09:00,0.006351,0.006357,0.006325,0.006325,5483915.0
2025-04-24 15:45:00+09:00,0.006325,0.006338,0.006315,0.006337,5776849.0
2025-04-24 15:50:00+09:00,0.006337,0.006337,0.006305,0.006307,2443687.0
2025-04-24 15:55:00+09:00,0.006309,0.006317,0.006292,0.006305,3224036.0
2025-04-24 16:00:00+09:00,0.006302,0.006323,0.006279,0.006321,7814514.0
2025-04-24 16:05:00+09:00,0.006323,0.006332,0.006297,0.0063,8608558.0
2025-04-24 16:10:00+09:00,0.006303,0.006337,0.006303,0.006337,2190340.0
2025-04-24 16:15:00+09:00,0.006337,0.006337,0.006288,0.0063,3410781.0
2025-04-24 16:20:00+09:00,0.006298,0.006299,0.00627,0.006275,3271808.0
2025-04-24 16:25:00+09:00,0.006275,0.006283,0.006263,0.006273,2517452.0
2025-04-24 16:30:00+09:00,0.006272,0.006297,0.006261,0.006292,5185419.0
2025-04-24 16:35:00+09:00,0.006294,0.006296,0.006239,0.006249,2777826.0
2025-04-24 16:40:00+09:00,0.006248,0.006252,0.006237,0.006244,4995439.0
2025-04-24 16:45:00+09:00,0.006242,0.006251,0.006214,0.00624,6785614.0
2025-04-24 16:50:00+09:00,0.006243,0.006253,0.006236,0.006245,2551641.0
2025-04-24 16:55:00+09:00,0.006245,0.006249,0.006225,0.00624,1731568.0
2025-04-24 17:00:00+09:00,0.006242,0.006247,0.006196,0.006229,16065041.0
2025-04-24 17:05:00+09:00,0.006231,0.00624,0.006189,0.006195,16329919.0
2025-04-24 17:10:00+09:00,0.006193,0.006207,0.00618,0.006188,6178037.0
2025-04-24 17:15:00+09:00,0.006186,0.006246,0.006174,0.006199,4858048.0
2025-04-24 17:20:00+09:00,0.006199,0.00622,0.006199,0.006203,2267878.0
2025-04-24 17:25:00+09:00,0.006202,0.006224,0.006156,0.00617,15720223.0
2025-04-24 17:30:00+09:00,0.006171,0.006181,0.006139,0.006156,7828842.0
2025-04-24 17:35:00+09:00,0.006157,0.006193,0.006117,0.006179,7622334.0
2025-04-24 17:40:00+09:00,0.00618,0.006184,0.00614,0.00614,2168126.0
2025-04-24 17:45:00+09:00,0.006143,0.006177,0.006136,0.006152,6283244.0
2025-04-24 17:50:00+09:00,0.006154,0.006178,0.006142,0.006159,8152540.0
2025-04-24 17:55:00+09:00,0.006159,0.006197,0.006159,0.006173,7798861.0
2025-04-24 18:00:00+09:00,0.006173,0.006206,0.006168,0.006206,3443535.0
2025-04-24 18:05:00+09:00,0.006209,0.006218,0.006194,0.006204,2404854.0
2025-04-24 18:10:00+09:00,0.006206,0.006215,0.006196,0.006209,1964545.0
2025-04-24 18:15:00+09:00,0.00621,0.006226,0.006198,0.006203,3313413.0
2025-04-24 18:20:00+09:00,0.006203,0.006225,0.006194,0.006221,2397478.0
2025-04-24 18:25:00+09:00,0.006221,0.006232,0.006195,0.006196,3277609.0
2025-04-24 18:30:00+09:00,0.006195,0.006228,0.00618,0.006208,2569706.0
2025-04-24 18:35:00+09:00,0.006209,0.006214,0.006195,0.006207,557632.0
2025-04-24 18:40:00+09:00,0.006207,0.00624,0.006206,0.006232,1273457.0
2025-04-24 18:45:00+09:00,0.006233,0.006241,0.006211,0.006215,1266704.0
2025-04-24 18:50:00+09:00,0.006215,0.006219,0.006203,0.006206,1347069.0
2025-04-24 18:55:00+09:00,0.006207,0.006229,0.006206,0.006224,14787031.0
2025-04-24 19:00:00+09:00,0.006222,0.006232,0.006206,0.006217,2111352.0
2025-04-24 19:05:00+09:00,0.006216,0.006229,0.006191,0.006198,6772714.0
2025-04-24 19:10:00+09:00,0.006198,0.006219,0.006198,0.006217,1145528.0
2025-04-24 19:15:00+09:00,0.006216,0.006257,0.006215,0.006256,3303098.0
2025-04-24 19:20:00+09:00,0.006259,0.006277,0.006249,0.006271,3727331.0
2025-04-24 19:25:00+09:00,0.006271,0.006287,0.006252,0.00626,4820333.0
2025-04-24 19:30:00+09:00,0.006262,0.006275,0.006253,0.006255,1685677.0
2025-04-24 19:35:00+09:00,0.006256,0.006266,0.006251,0.006266,3776765.0
2025-04-24 19:40:00+09:00,0.006267,0.00627,0.006251,0.006258,1252605.0
2025-04-24 19:45:00+09:00,0.006257,0.006257,0.006237,0.00624,2470679.0
2025-04-24 19:50:00+09:00,0.006241,0.00625,0.006233,0.006247,1797546.0
2025-04-24 19:55:00+09:00,0.006249,0.006254,0.006241,0.006248,979447.0
2025-04-24 20:00:00+09:00,0.006247,0.006254,0.00623,0.006244,1614149.0
2025-04-24 20:05:00+09:00,0.006246,0.006247,0.006231,0.006242,1518815.0
2025-04-24 20:10:00+09:00,0.006243,0.006265,0.006243,0.006257,1278383.0
2025-04-24 20:15:00+09:00,0.006256,0.006258,0.006243,0.006247,1094376.0
2025-04-24 20:20:00+09:00,0.006246,0.006271,0.006244,0.006271,3303602.0
2025-04-24 20:25:00+09:00,0.006272,0.006274,0.006261,0.006263,661856.0
2025-04-24 20:30:00+09:00,0.006263,0.006265,0.006242,0.006247,1640782.0
2025-04-24 20:35:00+09:00,0.006247,0.006297,0.006245,0.006265,11064425.0
2025-04-24 20:40:00+09:00,0.006267,0.006275,0.006254,0.006255,1012940.0
2025-04-24 20:45:00+09:00,0.006255,0.006271,0.006255,0.006265,1125687.0
2025-04-24 20:50:00+09:00,0.006265,0.006283,0.006263,0.006283,712871.0
2025-04-24 20:55:00+09:00,0.006285,0.006287,0.00627,0.006273,959744.0
2025-04-24 21:00:00+09:00,0.006272,0.006276,0.006256,0.00626,983109.0
2025-04-24 21:05:00+09:00,0.006262,0.006262,0.006231,0.006236,2495786.0
2025-04-24 21:10:00+09:00,0.006238,0.006248,0.006231,0.006244,1544978.0
2025-04-24 21:15:00+09:00,0.006244,0.006261,0.006242,0.006259,2881692.0
2025-04-24 21:20:00+09:00,0.006258,0.006258,0.006237,0.006237,1421316.0
2025-04-24 21:25:00+09:00,0.006238,0.006247,0.006233,0.006245,1040607.0
2025-04-24 21:30:00+09:00,0.006243,0.006256,0.006233,0.006255,5387300.0
2025-04-24 21:35:00+09:00,0.006255,0.006277,0.006251,0.006251,3632978.0
2025-04-24 21:40:00+09:00,0.006251,0.006262,0.006248,0.006258,339663.0
2025-04-24 21:45:00+09:00,0.006258,0.006258,0.006234,0.006244,1561365.0
2025-04-24 21:50:00+09:00,0.006245,0.006259,0.006245,0.006253,802576.0
2025-04-24 21:55:00+09:00,0.006253,0.006266,0.006246,0.006258,2667161.0
2025-04-24 22:00:00+09:00,0.006258,0.006268,0.006228,0.006233,3730404.0
2025-04-24 22:05:00+09:00,0.006232,0.006261,0.006227,0.006254,1482322.0
2025-04-24 22:10:00+09:00,0.006253,0.006276,0.006249,0.006258,1522390.0
2025-04-24 22:15:00+09:00,0.006256,0.00626,0.006239,0.006253,2342958.0
2025-04-24 22:20:00+09:00,0.006252,0.006261,0.006246,0.006252,418289.0
2025-04-24 22:25:00+09:00,0.006252,0.006255,0.00624,0.006243,1633283.0
2025-04-24 22:30:00+09:00,0.006242,0.006278,0.00624,0.006277,6091922.0
2025-04-24 22:35:00+09:00,0.006276,0.006279,0.00626,0.006279,1761555.0
2025-04-24 22:40:00+09:00,0.006279,0.006289,0.006265,0.006281,2557054.0
2025-04-24 22:45:00+09:00,0.006283,0.006283,0.006256,0.006271,4682045.0
2025-04-24 22:50:00+09:00,0.006269,0.006269,0.006235,0.006241,1312378.0
2025-04-24 22:55:00+09:00,0.006242,0.006243,0.006208,0.006231,4392457.0
2025-04-24 23:00:00+09:00,0.006231,0.006299,0.006229,0.006291,19081416.0
2025-04-24 23:05:00+09:00,0.006295,0.006374,0.006289,0.006374,18217716.0
2025-04-24 23:10:00+09:00,0.006372,0.006372,0.006305,0.006307,18202764.0
2025-04-24 23:15:00+09:00,0.006307,0.006333,0.006283,0.006284,6286581.0
2025-04-24 23:20:00+09:00,0.006282,0.006286,0.006241,0.006277,5298895.0
2025-04-24 23:25:00+09:00,0.006279,0.006328,0.006256,0.006328,6599671.0
2025-04-24 23:30:00+09:00,0.006328,0.006363,0.006325,0.006339,6314578.0
2025-04-24 23:35:00+09:00,0.00634,0.006394,0.00634,0.00639,5151803.0
2025-04-24 23:40:00+09:00,0.006391,0.006423,0.00639,0.006395,20607541.0
2025-04-24 23:45:00+09:00,0.006396,0.006417,0.006374,0.006415,5135209.0
2025-04-24 23:50:00+09:00,0.006416,0.006467,0.006416,0.006448,9147579.0
2025-04-24 23:55:00+09:00,0.006446,0.006454,0.006408,0.006413,6153904.0
2025-04-25 00:00:00+09:00,0.006414,0.006431,0.006376,0.006431,6298114.0
2025-04-25 00:05:00+09:00,0.006432,0.006495,0.006425,0.00648,11224966.0
2025-04-25 00:10:00+09:00,0.006481,0.006556,0.006481,0.006535,20679332.0
2025-04-25 00:15:00+09:00,0.006536,0.006575,0.006501,0.006526,10795444.0
2025-04-25 00:20:00+09:00,0.006526,0.006559,0.006494,0.006548,67125746.0
2025-04-25 00:25:00+09:00,0.006549,0.006606,0.006544,0.006581,47041833.0
2025-04-25 00:30:00+09:00,0.006578,0.006612,0.006556,0.006599,34803981.0
2025-04-25 00:35:00+09:00,0.0066,0.006702,0.006584,0.006699,160858475.0
2025-04-25 00:40:00+09:00,0.006699,0.006699,0.00662,0.006628,24421406.0
2025-04-25 00:45:00+09:00,0.006631,0.006673,0.006617,0.006638,12923972.0
2025-04-25 00:50:00+09:00,0.006637,0.006704,0.006585,0.006681,18442901.0
2025-04-25 00:55:00+09:00,0.006681,0.006697,0.00664,0.006654,7397756.0
2025-04-25 01:00:00+09:00,0.006652,0.006683,0.00662,0.006653,11120655.0
2025-04-25 01:05:00+09:00,0.006652,0.006703,0.006638,0.006655,5191544.0
2025-04-25 01:10:00+09:00,0.006655,0.00672,0.006642,0.00672,6597693.0
2025-04-25 01:15:00+09:00,0.006719,0.006752,0.006716,0.006726,7219699.0
2025-04-25 01:20:00+09:00,0.006725,0.006768,0.006696,0.006737,15476391.0
2025-04-25 01:25:00+09:00,0.006736,0.006762,0.006709,0.006752,7522032.0
2025-04-25 01:30:00+09:00,0.006752,0.006772,0.006702,0.006744,14045991.0
2025-04-25 01:35:00+09:00,0.006743,0.006818,0.006742,0.006798,12063747.0
2025-04-25 01:40:00+09:00,0.006798,0.00684,0.006797,0.006824,16125634.0
2025-04-25 01:45:00+09:00,0.006822,0.006865,0.006807,0.006847,7923473.0
2025-04-25 01:50:00+09:00,0.006848,0.006848,0.006781,0.006787,11719457.0
2025-04-25 01:55:00+09:00,0.006787,0.006798,0.00673,0.006739,8449242.0
2025-04-25 02:00:00+09:00,0.006735,0.006737,0.006668,0.006684,13094805.0
2025-04-25 02:05:00+09:00,0.006685,0.006718,0.006611,0.006621,10695024.0
2025-04-25 02:10:00+09:00,0.006623,0.006624,0.006493,0.006529,31355109.0
2025-04-25 02:15:00+09:00,0.006525,0.006561,0.006507,0.006521,6148246.0
2025-04-25 02:20:00+09:00,0.006523,0.006531,0.006452,0.006471,8469454.0
2025-04-25 02:25:00+09:00,0.006473,0.006536,0.006473,0.006528,3474434.0
2025-04-25 02:30:00+09:00,0.006527,0.006534,0.006487,0.00649,2523922.0
2025-04-25 02:35:00+09:00,0.006495,0.006524,0.00649,0.006522,3586144.0
2025-04-25 02:40:00+09:00,0.006522,0.00654,0.006468,0.006494,23381244.0
2025-04-25 02:45:00+09:00,0.006495,0.006526,0.006468,0.006523,24322309.0
2025-04-25 02:50:00+09:00,0.006525,0.006542,0.006486,0.006537,17399069.0
2025-04-25 02:55:00+09:00,0.006539,0.006583,0.006539,0.006579,4735543.0
2025-04-25 03:00:00+09:00,0.006578,0.006673,0.006572,0.006659,13208068.0
2025-04-25 03:05:00+09:00,0.006658,0.00669,0.00663,0.006671,5330754.0
2025-04-25 03:10:00+09:00,0.00667,0.006675,0.006618,0.006648,2647285.0
2025-04-25 03:15:00+09:00,0.006648,0.006671,0.006616,0.006616,5032655.0
2025-04-25 03:20:00+09:00,0.006616,0.006619,0.006584,0.00659,3385964.0
2025-04-25 03:25:00+09:00,0.006589,0.006603,0.006566,0.00658,2820247.0
2025-04-25 03:30:00+09:00,0.006581,0.006621,0.006571,0.006592,3259623.0
2025-04-25 03:35:00+09:00,0.006592,0.006631,0.006586,0.0066,3954063.0
2025-04-25 03:40:00+09:00,0.006599,0.00662,0.006587,0.006617,942414.0
2025-04-25 03:45:00+09:00,0.006617,0.006634,0.006599,0.006604,4598053.0
2025-04-25 03:50:00+09:00,0.006605,0.006616,0.006596,0.0066,2978276.0
2025-04-25 03:55:00+09:00,0.0066,0.006628,0.006598,0.006625,1626763.0
2025-04-25 04:00:00+09:00,0.006626,0.006639,0.006559,0.006566,4298497.0
2025-04-25 04:05:00+09:00,0.006564,0.006595,0.006558,0.006595,1636453.0
2025-04-25 04:10:00+09:00,0.006596,0.006599,0.006557,0.006566,1510916.0
2025-04-25 04:15:00+09:00,0.006566,0.006578,0.00656,0.006573,3295092.0
2025-04-25 04:20:00+09:00,0.006572,0.006593,0.006564,0.00659,1632609.0
2025-04-25 04:25:00+09:00,0.006591,0.006625,0.006588,0.006593,1903087.0
2025-04-25 04:30:00+09:00,0.006594,0.006605,0.006573,0.006588,1316064.0
2025-04-25 04:35:00+09:00,0.006589,0.006625,0.006587,0.006618,1224095.0
2025-04-25 04:40:00+09:00,0.006619,0.006619,0.006584,0.006587,811085.0
2025-04-25 04:45:00+09:00,0.006586,0.006591,0.006571,0.006583,2157801.0
2025-04-25 04:50:00+09:00,0.006584,0.006624,0.00658,0.006613,2271569.0
2025-04-25 04:55:00+09:00,0.006614,0.006615,0.006585,0.006588,778393.0
2025-04-25 05:00:00+09:00,0.006589,0.006654,0.006585,0.006605,10401942.0
2025-04-25 05:05:00+09:00,0.006604,0.006642,0.006597,0.006637,2693739.0
2025-04-25 05:10:00+09:00,0.006635,0.006635,0.006604,0.006604,3677039.0
2025-04-25 05:15:00+09:00,0.006603,0.006623,0.006593,0.006602,4318359.0
2025-04-25 05:20:00+09:00,0.006603,0.006639,0.0066,0.006631,1136800.0
2025-04-25 05:25:00+09:00,0.006632,0.00666,0.006631,0.006646,1417047.0
2025-04-25 05:30:00+09:00,0.006647,0.006666,0.006637,0.006637,4548654.0
2025-04-25 05:35:00+09:00,0.006637,0.006684,0.006629,0.006648,7151669.0
2025-04-25 05:40:00+09:00,0.006647,0.006658,0.006637,0.006652,3502317.0
2025-04-25 05:45:00+09:00,0.006653,0.006694,0.006653,0.006682,1684865.0
2025-04-25 05:50:00+09:00,0.006683,0.006736,0.006683,0.00673,7561234.0
2025-04-25 05:55:00+09:00,0.00673,0.006732,0.00669,0.006694,1695154.0
2025-04-25 06:00:00+09:00,0.006695,0.006707,0.006682,0.006696,2254548.0
2025-04-25 06:05:00+09:00,0.006697,0.006726,0.006697,0.006717,2863588.0
2025-04-25 06:10:00+09:00,0.006718,0.006723,0.006686,0.006723,3347152.0
2025-04-25 06:15:00+09:00,0.006728,0.006739,0.006712,0.006726,3901442.0
2025-04-25 06:20:00+09:00,0.006725,0.006727,0.006681,0.006688,1526138.0
2025-04-25 06:25:00+09:00,0.006686,0.006692,0.006637,0.006663,1558815.0
2025-04-25 06:30:00+09:00,0.006663,0.006693,0.006651,0.006678,994427.0
2025-04-25 06:35:00+09:00,0.006674,0.006689,0.00667,0.006673,494112.0
2025-04-25 06:40:00+09:00,0.006671,0.00671,0.006663,0.006699,3062122.0
2025-04-25 06:45:00+09:00,0.006699,0.006734,0.006699,0.00673,1969505.0
2025-04-25 06:50:00+09:00,0.006734,0.006752,0.006734,0.006747,1694300.0
2025-04-25 06:55:00+09:00,0.006748,0.006757,0.006739,0.006739,746713.0
2025-04-25 07:00:00+09:00,0.006738,0.006762,0.006728,0.006753,3952700.0
2025-04-25 07:05:00+09:00,0.006753,0.006796,0.006753,0.006776,3509267.0
2025-04-25 07:10:00+09:00,0.006777,0.00683,0.006777,0.006818,4223380.0
2025-04-25 07:15:00+09:00,0.006818,0.006898,0.006815,0.006878,17138916.0
2025-04-25 07:20:00+09:00,0.006879,0.006983,0.006854,0.006953,21537306.0
2025-04-25 07:25:00+09:00,0.006954,0.007204,0.006952,0.007188,67963755.0
2025-04-25 07:30:00+09:00,0.007193,0.007284,0.007022,0.007041,67605319.0
2025-04-25 07:35:00+09:00,0.007037,0.007079,0.006993,0.006994,15294287.0
2025-04-25 07:40:00+09:00,0.006996,0.007075,0.006974,0.007038,14917704.0
2025-04-25 07:45:00+09:00,0.007038,0.007088,0.006994,0.007003,9395914.0
2025-04-25 07:50:00+09:00,0.007002,0.007031,0.006973,0.007028,8772735.0
2025-04-25 07:55:00+09:00,0.00703,0.007059,0.007013,0.007041,4005831.0
2025-04-25 08:00:00+09:00,0.007042,0.007184,0.007003,0.007142,31521406.0
2025-04-25 08:05:00+09:00,0.007143,0.00715,0.00705,0.007117,22425001.0
2025-04-25 08:10:00+09:00,0.007116,0.007188,0.007113,0.00718,3334651.0
2025-04-25 08:15:00+09:00,0.007181,0.00728,0.007175,0.007273,38109145.0
2025-04-25 08:20:00+09:00,0.007273,0.007344,0.007219,0.007316,47548667.0
2025-04-25 08:25:00+09:00,0.007321,0.007384,0.007144,0.007228,69869460.0
2025-04-25 08:30:00+09:00,0.007225,0.007381,0.00721,0.007359,43351167.0
2025-04-25 08:35:00+09:00,0.007358,0.007431,0.007337,0.007359,12643501.0
2025-04-25 08:40:00+09:00,0.007357,0.007397,0.007313,0.007319,9343666.0
2025-04-25 08:45:00+09:00,0.007318,0.007343,0.007263,0.007315,14197809.0
2025-04-25 08:50:00+09:00,0.007316,0.007365,0.00728,0.007325,8624510.0
2025-04-25 08:55:00+09:00,0.007325,0.007359,0.007291,0.007294,16993784.0
2025-04-25 09:00:00+09:00,0.007296,0.007309,0.00718,0.007236,28297062.0
2025-04-25 09:05:00+09:00,0.007236,0.007293,0.00719,0.007214,15437611.0
2025-04-25 09:10:00+09:00,0.007214,0.007235,0.007156,0.007226,8420417.0
2025-04-25 09:15:00+09:00,0.007227,0.007486,0.007217,0.0074,29395477.0
2025-04-25 09:20:00+09:00,0.007399,0.007498,0.007393,0.007447,24277112.0
2025-04-25 09:25:00+09:00,0.007447,0.007518,0.00742,0.007499,20727538.0
2025-04-25 09:30:00+09:00,0.007498,0.00766,0.007363,0.007396,86430242.0
2025-04-25 09:35:00+09:00,0.007396,0.007484,0.007385,0.007393,22036505.0
2025-04-25 09:40:00+09:00,0.007392,0.007399,0.007307,0.007315,16189978.0
2025-04-25 09:45:00+09:00,0.007321,0.007342,0.007241,0.007336,13790629.0
2025-04-25 09:50:00+09:00,0.007335,0.007381,0.007298,0.007314,6986044.0
2025-04-25 09:55:00+09:00,0.00732,0.007363,0.007304,0.007311,5649907.0
2025-04-25 10:00:00+09:00,0.007312,0.007514,0.007306,0.007438,25468942.0
2025-04-25 10:05:00+09:00,0.007437,0.007625,0.007437,0.007617,28191881.0
2025-04-25 10:10:00+09:00,0.007616,0.007834,0.007616,0.007728,53519819.0
2025-04-25 10:15:00+09:00,0.007731,0.007878,0.007658,0.007691,62964952.0
2025-04-25 10:20:00+09:00,0.00769,0.007706,0.007557,0.00757,28529739.0
2025-04-25 10:25:00+09:00,0.007571,0.00769,0.00756,0.007633,25281797.0
2025-04-25 10:30:00+09:00,0.007637,0.007699,0.00762,0.007666,15255453.0
2025-04-25 10:35:00+09:00,0.007668,0.007805,0.007663,0.007785,23461384.0
2025-04-25 10:40:00+09:00,0.007786,0.007801,0.007713,0.00776,23272921.0
2025-04-25 10:45:00+09:00,0.00776,0.007764,0.007663,0.007688,15419522.0
2025-04-25 10:50:00+09:00,0.00769,0.007776,0.007675,0.007757,16119148.0
2025-04-25 10:55:00+09:00,0.007755,0.007774,0.007628,0.007715,22530859.0
2025-04-25 11:00:00+09:00,0.007716,0.007845,0.007716,0.007838,18065967.0
2025-04-25 11:05:00+09:00,0.007837,0.007867,0.007732,0.007744,32660319.0
2025-04-25 11:10:00+09:00,0.007743,0.007802,0.007718,0.007749,22736838.0
2025-04-25 11:15:00+09:00,0.007748,0.007757,0.007617,0.007617,27520451.0
2025-04-25 11:20:00+09:00,0.007619,0.007721,0.0076,0.007689,16548371.0
2025-04-25 11:25:00+09:00,0.007689,0.007773,0.007666,0.007731,11440341.0
2025-04-25 11:30:00+09:00,0.007735,0.007758,0.007637,0.007663,28357834.0
2025-04-25 11:35:00+09:00,0.007664,0.007704,0.007639,0.007649,12897196.0
2025-04-25 11:40:00+09:00,0.007646,0.007707,0.007597,0.007628,13476524.0
2025-04-25 11:45:00+09:00,0.00763,0.007695,0.00763,0.007649,19858148.0
2025-04-25 11:50:00+09:00,0.007651,0.007702,0.007595,0.007627,13121313.0
2025-04-25 11:55:00+09:00,0.007626,0.007638,0.00748,0.007508,40499872.0
2025-04-25 12:00:00+09:00,0.007514,0.007677,0.007513,0.007606,26864916.0
2025-04-25 12:05:00+09:00,0.007605,0.007648,0.007555,0.007573,12348053.0
2025-04-25 12:10:00+09:00,0.007574,0.007607,0.007564,0.007585,7936368.0
2025-04-25 12:15:00+09:00,0.007586,0.007642,0.007521,0.007552,8724233.0
2025-04-25 12:20:00+09:00,0.007552,0.007573,0.007482,0.007556,12861540.0
2025-04-25 12:25:00+09:00,0.007557,0.007588,0.007463,0.007483,19137064.0
2025-04-25 12:30:00+09:00,0.007485,0.007566,0.007484,0.007553,7276712.0
2025-04-25 12:35:00+09:00,0.007555,0.007653,0.007542,0.007653,8941812.0
2025-04-25 12:40:00+09:00,0.007653,0.0077,0.007647,0.007669,8330548.0
2025-04-25 12:45:00+09:00,0.007669,0.007672,0.007604,0.007655,6374641.0
2025-04-25 12:50:00+09:00,0.007655,0.007684,0.007611,0.007648,6875430.0
2025-04-25 12:55:00+09:00,0.007647,0.007649,0.007593,0.007618,7818718.0
2025-04-25 13:00:00+09:00,0.007617,0.00767,0.007526,0.007655,23837224.0
2025-04-25 13:05:00+09:00,0.007655,0.007736,0.00761,0.007725,21335575.0
2025-04-25 13:10:00+09:00,0.007726,0.007942,0.00772,0.00786,48465851.0
2025-04-25 13:15:00+09:00,0.007856,0.007999,0.007745,0.007814,46344625.0
2025-04-25 13:20:00+09:00,0.007814,0.007946,0.00781,0.007869,30865400.0
2025-04-25 13:25:00+09:00,0.007869,0.007871,0.007771,0.007836,37311946.0
2025-04-25 13:30:00+09:00,0.007836,0.007867,0.007733,0.00781,23204282.0
2025-04-25 13:35:00+09:00,0.007812,0.007956,0.007785,0.007935,30155000.0
2025-04-25 13:40:00+09:00,0.007934,0.00811,0.007882,0.008071,63623088.0
2025-04-25 13:45:00+09:00,0.008067,0.00814,0.00794,0.008011,61979671.0
2025-04-25 13:50:00+09:00,0.008011,0.008208,0.008003,0.008127,59078989.0
2025-04-25 13:55:00+09:00,0.00813,0.008198,0.008064,0.008118,35492326.0
2025-04-25 14:00:00+09:00,0.008119,0.0083,0.008027,0.008278,54658422.0
2025-04-25 14:05:00+09:00,0.008272,0.008437,0.008133,0.008401,88192102.0
2025-04-25 14:10:00+09:00,0.0084,0.008554,0.008294,0.0083,62202677.0
2025-04-25 14:15:00+09:00,0.008298,0.008398,0.008224,0.008344,33797810.0
2025-04-25 14:20:00+09:00,0.008343,0.008485,0.008286,0.008295,42024864.0
2025-04-25 14:25:00+09:00,0.008296,0.008468,0.00824,0.008448,28437742.0
2025-04-25 14:30:00+09:00,0.008445,0.008463,0.008363,0.008406,25496081.0
2025-04-25 14:35:00+09:00,0.008407,0.00842,0.00826,0.008352,34164162.0
2025-04-25 14:40:00+09:00,0.008355,0.008506,0.008302,0.00835,37628224.0
2025-04-25 14:45:00+09:00,0.008351,0.008417,0.008276,0.008339,26550291.0
2025-04-25 14:50:00+09:00,0.008336,0.008386,0.008235,0.008285,33682854.0
2025-04-25 14:55:00+09:00,0.008286,0.008412,0.008286,0.008404,21313434.0
2025-04-25 15:00:00+09:00,0.008403,0.008579,0.008372,0.008528,45527366.0
2025-04-25 15:05:00+09:00,0.008527,0.00874,0.008451,0.008713,73993756.0
2025-04-25 15:10:00+09:00,0.008713,0.008957,0.008607,0.00894,75202119.0
2025-04-25 15:15:00+09:00,0.00894,0.008969,0.008735,0.008931,98234378.0
2025-04-25 15:20:00+09:00,0.008931,0.009151,0.008817,0.009077,180431501.0
2025-04-25 15:25:00+09:00,0.00908,0.009151,0.008923,0.008947,92306971.0
2025-04-25 15:30:00+09:00,0.00895,0.008994,0.008633,0.008718,97866255.0
2025-04-25 15:35:00+09:00,0.008719,0.008845,0.00864,0.008721,52826933.0
2025-04-25 15:40:00+09:00,0.008726,0.008833,0.008667,0.008683,34204959.0
2025-04-25 15:45:00+09:00,0.008688,0.008691,0.008542,0.008613,36623767.0
2025-04-25 15:50:00+09:00,0.008612,0.008655,0.008567,0.008597,24941781.0
2025-04-25 15:55:00+09:00,0.0086,0.008642,0.008546,0.00863,31474574.0
2025-04-25 16:00:00+09:00,0.008633,0.008762,0.00863,0.008702,47163393.0
2025-04-25 16:05:00+09:00,0.008701,0.008785,0.008663,0.008707,17819087.0
2025-04-25 16:10:00+09:00,0.008708,0.00875,0.008645,0.008728,23551534.0
2025-04-25 16:15:00+09:00,0.008729,0.008766,0.008591,0.008615,24938669.0
2025-04-25 16:20:00+09:00,0.008614,0.00862,0.008525,0.008556,20294133.0
2025-04-25 16:25:00+09:00,0.008557,0.00857,0.008469,0.008514,36159026.0
2025-04-25 16:30:00+09:00,0.008513,0.008599,0.00849,0.008522,22892915.0
2025-04-25 16:35:00+09:00,0.008522,0.008589,0.008487,0.00852,14267178.0
2025-04-25 16:40:00+09:00,0.00852,0.008568,0.008434,0.008556,31958662.0
2025-04-25 16:45:00+09:00,0.008557,0.008646,0.008525,0.008632,56485643.0
2025-04-25 16:50:00+09:00,0.008634,0.008725,0.008612,0.008632,22840678.0
2025-04-25 16:55:00+09:00,0.008633,0.008662,0.00849,0.008517,27985198.0
2025-04-25 17:00:00+09:00,0.008517,0.008643,0.008517,0.008548,18711105.0
2025-04-25 17:05:00+09:00,0.008546,0.008613,0.008479,0.008582,20835679.0
2025-04-25 17:10:00+09:00,0.008583,0.008619,0.008526,0.008615,18538006.0
2025-04-25 17:15:00+09:00,0.008614,0.008767,0.008614,0.008724,26331505.0
2025-04-25 17:20:00+09:00,0.008723,0.008789,0.008712,0.008742,17309181.0
2025-04-25 17:25:00+09:00,0.008743,0.008774,0.008622,0.008645,19416402.0
2025-04-25 17:30:00+09:00,0.008644,0.008726,0.008615,0.008666,16755689.0
2025-04-25 17:35:00+09:00,0.008666,0.0087,0.008609,0.008628,8288250.0
2025-04-25 17:40:00+09:00,0.008628,0.008694,0.008584,0.00859,11171172.0
2025-04-25 17:45:00+09:00,0.008592,0.008718,0.008586,0.008681,12539005.0
2025-04-25 17:50:00+09:00,0.008682,0.008709,0.008617,0.008694,9849208.0
2025-04-25 17:55:00+09:00,0.008691,0.008691,0.008553,0.008581,17338227.0
2025-04-25 18:00:00+09:00,0.008582,0.008636,0.008483,0.008524,19354931.0
2025-04-25 18:05:00+09:00,0.00852,0.008548,0.008473,0.008502,15324773.0
2025-04-25 18:10:00+09:00,0.008499,0.008593,0.008473,0.008589,9880697.0
2025-04-25 18:15:00+09:00,0.008588,0.008631,0.008562,0.008613,8838792.0
2025-04-25 18:20:00+09:00,0.008614,0.008701,0.008598,0.008664,12607081.0
2025-04-25 18:25:00+09:00,0.008665,0.00873,0.008633,0.008709,18452393.0
2025-04-25 18:30:00+09:00,0.008708,0.008734,0.008618,0.008677,13344167.0
2025-04-25 18:35:00+09:00,0.008678,0.008689,0.008493,0.008495,30411265.0
2025-04-25 18:40:00+09:00,0.008495,0.008542,0.008477,0.0085,19287124.0
2025-04-25 18:45:00+09:00,0.008503,0.008541,0.008372,0.008434,79582500.0
2025-04-25 18:50:00+09:00,0.008432,0.008493,0.008425,0.008451,13768100.0
2025-04-25 18:55:00+09:00,0.008449,0.008536,0.008448,0.008535,18684178.0
2025-04-25 19:00:00+09:00,0.008535,0.008593,0.00847,0.008485,17499841.0
2025-04-25 19:05:00+09:00,0.008479,0.008479,0.008336,0.008403,26087683.0
2025-04-25 19:10:00+09:00,0.008403,0.008493,0.008396,0.008483,10784659.0
2025-04-25 19:15:00+09:00,0.008485,0.008545,0.008452,0.008536,25308000.0
2025-04-25 19:20:00+09:00,0.008536,0.008618,0.008505,0.008587,12214716.0
2025-04-25 19:25:00+09:00,0.008586,0.008644,0.00858,0.008628,11685661.0
2025-04-25 19:30:00+09:00,0.008628,0.008667,0.008588,0.008651,13510396.0
2025-04-25 19:35:00+09:00,0.008652,0.008671,0.008567,0.008567,13269246.0
2025-04-25 19:40:00+09:00,0.00857,0.008723,0.00857,0.008716,14052050.0
2025-04-25 19:45:00+09:00,0.008716,0.008717,0.008629,0.008646,9696445.0
2025-04-25 19:50:00+09:00,0.008647,0.008672,0.008508,0.008513,21481116.0
2025-04-25 19:55:00+09:00,0.008516,0.008553,0.00846,0.008491,22195857.0
2025-04-25 20:00:00+09:00,0.008492,0.008534,0.008449,0.008501,20414868.0
2025-04-25 20:05:00+09:00,0.008497,0.008603,0.008476,0.00859,26683489.0
2025-04-25 20:10:00+09:00,0.008589,0.008695,0.008584,0.008657,32506170.0
2025-04-25 20:15:00+09:00,0.008656,0.008701,0.008628,0.008644,11579557.0
2025-04-25 20:20:00+09:00,0.008643,0.00867,0.008614,0.008635,15051018.0
2025-04-25 20:25:00+09:00,0.008634,0.008682,0.008609,0.008681,9263389.0
2025-04-25 20:30:00+09:00,0.008681,0.00894,0.008652,0.008886,69156964.0
2025-04-25 20:35:00+09:00,0.008886,0.008887,0.008714,0.00874,27557178.0
2025-04-25 20:40:00+09:00,0.008741,0.008855,0.008741,0.008811,20182209.0
2025-04-25 20:45:00+09:00,0.00881,0.008893,0.0088,0.008807,29462416.0
2025-04-25 20:50:00+09:00,0.008803,0.008821,0.008713,0.008812,21397364.0
2025-04-25 20:55:00+09:00,0.00881,0.008816,0.008742,0.008775,10848240.0
2025-04-25 21:00:00+09:00,0.008773,0.008863,0.008736,0.008799,17479546.0
2025-04-25 21:05:00+09:00,0.0088,0.008893,0.008793,0.008857,15056124.0
2025-04-25 21:10:00+09:00,0.008852,0.009091,0.008833,0.008983,48209727.0
2025-04-25 21:15:00+09:00,0.008982,0.008994,0.008841,0.008921,33429657.0
2025-04-25 21:20:00+09:00,0.008926,0.009055,0.008912,0.009004,28077618.0
2025-04-25 21:25:00+09:00,0.009004,0.009016,0.008893,0.008911,31822096.0
2025-04-25 21:30:00+09:00,0.00891,0.009055,0.008884,0.008939,20464335.0
2025-04-25 21:35:00+09:00,0.008943,0.009044,0.008843,0.009026,32040406.0
2025-04-25 21:40:00+09:00,0.009023,0.009215,0.008997,0.009189,53003281.0
2025-04-25 21:45:00+09:00,0.00919,0.00931,0.009164,0.009249,68944309.0
2025-04-25 21:50:00+09:00,0.009247,0.009262,0.008976,0.009056,49037968.0
2025-04-25 21:55:00+09:00,0.009053,0.00913,0.009025,0.009127,23464359.0
2025-04-25 22:00:00+09:00,0.009128,0.00948,0.009125,0.009376,67022194.0
2025-04-25 22:05:00+09:00,0.009373,0.009672,0.009366,0.009638,127717669.0
2025-04-25 22:10:00+09:00,0.009636,0.00984,0.009485,0.009553,186610088.0
2025-04-25 22:15:00+09:00,0.009549,0.009793,0.00951,0.009548,86788792.0
2025-04-25 22:20:00+09:00,0.009544,0.009556,0.009354,0.009375,47880856.0
2025-04-25 22:25:00+09:00,0.009381,0.00954,0.009368,0.009416,34867653.0
2025-04-25 22:30:00+09:00,0.009415,0.009488,0.009218,0.009283,81542911.0
2025-04-25 22:35:00+09:00,0.009285,0.00943,0.009268,0.009356,30822469.0
2025-04-25 22:40:00+09:00,0.009362,0.009423,0.009178,0.009206,35062628.0
2025-04-25 22:45:00+09:00,0.009207,0.009286,0.009177,0.009251,26478790.0
2025-04-25 22:50:00+09:00,0.009251,0.009309,0.009083,0.009088,42967701.0
2025-04-25 22:55:00+09:00,0.009089,0.009151,0.009065,0.00911,27584006.0
2025-04-25 23:00:00+09:00,0.009108,0.009292,0.009108,0.009259,31340686.0
2025-04-25 23:05:00+09:00,0.009259,0.009401,0.009254,0.009401,20262077.0
2025-04-25 23:10:00+09:00,0.009402,0.009482,0.009369,0.009461,28335702.0
2025-04-25 23:15:00+09:00,0.009467,0.009475,0.009242,0.009284,24947990.0
2025-04-25 23:20:00+09:00,0.009286,0.009324,0.00917,0.00923,18447641.0
2025-04-25 23:25:00+09:00,0.009222,0.009225,0.00896,0.008961,69653249.0
2025-04-25 23:30:00+09:00,0.008972,0.009078,0.008861,0.009003,38221869.0
2025-04-25 23:35:00+09:00,0.009004,0.009084,0.008975,0.008996,17419509.0
2025-04-25 23:40:00+09:00,0.008999,0.009108,0.008961,0.009091,44419455.0
2025-04-25 23:45:00+09:00,0.00909,0.009195,0.008981,0.00916,87592998.0
2025-04-25 23:50:00+09:00,0.00916,0.009243,0.009099,0.009161,30736790.0
2025-04-25 23:55:00+09:00,0.00916,0.009312,0.009134,0.009253,43820970.0
2025-04-26 00:00:00+09:00,0.009253,0.009509,0.009234,0.009408,76762493.0
2025-04-26 00:05:00+09:00,0.009409,0.009432,0.009267,0.009312,46003420.0
2025-04-26 00:10:00+09:00,0.009317,0.009343,0.009211,0.009245,33829195.0
2025-04-26 00:15:00+09:00,0.009244,0.009244,0.008976,0.009032,93449948.0
2025-04-26 00:20:00+09:00,0.009033,0.009126,0.00897,0.009087,18433998.0
2025-04-26 00:25:00+09:00,0.009082,0.00917,0.009038,0.009157,18188091.0
2025-04-26 00:30:00+09:00,0.009158,0.009248,0.009144,0.009207,25061122.0
2025-04-26 00:35:00+09:00,0.009208,0.009212,0.008938,0.008962,32682242.0
2025-04-26 00:40:00+09:00,0.008956,0.009016,0.008877,0.008951,25669161.0
2025-04-26 00:45:00+09:00,0.008951,0.009081,0.00892,0.008983,26305931.0
2025-04-26 00:50:00+09:00,0.008984,0.009192,0.008973,0.009099,56313375.0
2025-04-26 00:55:00+09:00,0.009096,0.009115,0.008966,0.008966,12437922.0
2025-04-26 01:00:00+09:00,0.008969,0.00913,0.008964,0.008997,26827505.0
2025-04-26 01:05:00+09:00,0.009,0.009193,0.009,0.009188,19559107.0
2025-04-26 01:10:00+09:00,0.009189,0.009292,0.009143,0.009166,33250407.0
2025-04-26 01:15:00+09:00,0.009167,0.009319,0.009127,0.009221,33570511.0
2025-04-26 01:20:00+09:00,0.00922,0.00942,0.00921,0.009369,42592025.0
2025-04-26 01:25:00+09:00,0.009371,0.009398,0.009236,0.00935,20581401.0
2025-04-26 01:30:00+09:00,0.009356,0.009396,0.00906,0.009144,31475136.0
2025-04-26 01:35:00+09:00,0.009146,0.009225,0.009128,0.009146,16670408.0
2025-04-26 01:40:00+09:00,0.009144,0.009193,0.009057,0.009169,22260330.0
2025-04-26 01:45:00+09:00,0.009167,0.009218,0.009042,0.009078,19326167.0
2025-04-26 01:50:00+09:00,0.009076,0.009088,0.008901,0.008978,28359844.0
2025-04-26 01:55:00+09:00,0.008977,0.009089,0.008968,0.009076,14954660.0
2025-04-26 02:00:00+09:00,0.009075,0.009212,0.009012,0.009169,25836903.0
2025-04-26 02:05:00+09:00,0.009165,0.009257,0.009112,0.009135,41128386.0
2025-04-26 02:10:00+09:00,0.009135,0.009252,0.009109,0.009252,38013707.0
2025-04-26 02:15:00+09:00,0.009252,0.009259,0.009138,0.009199,12652133.0
2025-04-26 02:20:00+09:00,0.009198,0.009224,0.009121,0.009134,16192650.0
2025-04-26 02:25:00+09:00,0.009136,0.009137,0.008832,0.008932,43213542.0
2025-04-26 02:30:00+09:00,0.008931,0.008956,0.008786,0.008893,27242447.0
2025-04-26 02:35:00+09:00,0.008892,0.008893,0.008658,0.008699,42831742.0
2025-04-26 02:40:00+09:00,0.008698,0.008778,0.008682,0.008725,16837137.0
2025-04-26 02:45:00+09:00,0.008728,0.008775,0.008639,0.008739,27434633.0
2025-04-26 02:50:00+09:00,0.008738,0.00896,0.008729,0.008901,29675987.0
2025-04-26 02:55:00+09:00,0.008907,0.008965,0.008813,0.008826,15620505.0
2025-04-26 03:00:00+09:00,0.008828,0.008843,0.008714,0.008788,26313353.0
2025-04-26 03:05:00+09:00,0.00879,0.008793,0.008682,0.008696,21212092.0
2025-04-26 03:10:00+09:00,0.008697,0.008813,0.008694,0.008762,16712497.0
2025-04-26 03:15:00+09:00,0.008763,0.008789,0.0087,0.008746,17821042.0
2025-04-26 03:20:00+09:00,0.008747,0.008773,0.008616,0.008637,22320898.0
2025-04-26 03:25:00+09:00,0.008637,0.008739,0.008468,0.008706,53693228.0
2025-04-26 03:30:00+09:00,0.008707,0.008751,0.008678,0.00871,14807274.0
2025-04-26 03:35:00+09:00,0.008711,0.008825,0.008711,0.008814,10427896.0
2025-04-26 03:40:00+09:00,0.008812,0.00892,0.008802,0.008914,17999650.0
2025-04-26 03:45:00+09:00,0.008914,0.008944,0.008789,0.008803,16618162.0
2025-04-26 03:50:00+09:00,0.008801,0.008878,0.008799,0.008859,13278840.0
2025-04-26 03:55:00+09:00,0.008857,0.008931,0.008825,0.008912,32646124.0
2025-04-26 04:00:00+09:00,0.008913,0.008927,0.008773,0.008794,57275041.0
2025-04-26 04:05:00+09:00,0.008794,0.008817,0.008692,0.00878,14759878.0
2025-04-26 04:10:00+09:00,0.008781,0.008795,0.008722,0.008737,11777635.0
2025-04-26 04:15:00+09:00,0.008737,0.008843,0.008736,0.008824,7761021.0
2025-04-26 04:20:00+09:00,0.008821,0.008821,0.008737,0.00876,4876125.0
2025-04-26 04:25:00+09:00,0.00876,0.008828,0.008749,0.008821,7064395.0
2025-04-26 04:30:00+09:00,0.00882,0.00882,0.00875,0.008761,5675497.0
2025-04-26 04:35:00+09:00,0.00876,0.008796,0.008725,0.008762,7675931.0
2025-04-26 04:40:00+09:00,0.008761,0.008781,0.00872,0.008728,7268075.0
2025-04-26 04:45:00+09:00,0.008729,0.008745,0.008683,0.008729,7695984.0
2025-04-26 04:50:00+09:00,0.008731,0.008744,0.008646,0.008676,9468996.0
2025-04-26 04:55:00+09:00,0.008676,0.008714,0.00865,0.008701,6881830.0
2025-04-26 05:00:00+09:00,0.008701,0.008764,0.00868,0.008755,6136758.0
2025-04-26 05:05:00+09:00,0.008754,0.008891,0.008725,0.008763,32371158.0
2025-04-26 05:10:00+09:00,0.008765,0.008801,0.00873,0.008755,7092153.0
2025-04-26 05:15:00+09:00,0.008754,0.008755,0.008675,0.008714,6112293.0
2025-04-26 05:20:00+09:00,0.008713,0.008721,0.008615,0.008623,6511856.0
2025-04-26 05:25:00+09:00,0.008623,0.008723,0.008623,0.00871,7232468.0
2025-04-26 05:30:00+09:00,0.008715,0.00872,0.008663,0.008672,6513026.0
2025-04-26 05:35:00+09:00,0.008673,0.0087,0.008637,0.00864,7036931.0
2025-04-26 05:40:00+09:00,0.00864,0.008721,0.008619,0.008711,7369441.0
2025-04-26 05:45:00+09:00,0.008711,0.008728,0.008655,0.008657,5282236.0
2025-04-26 05:50:00+09:00,0.008656,0.00867,0.008572,0.008619,11573877.0
2025-04-26 05:55:00+09:00,0.008618,0.008681,0.008591,0.008661,6312983.0
2025-04-26 06:00:00+09:00,0.008662,0.008701,0.008614,0.008687,6407098.0
2025-04-26 06:05:00+09:00,0.008687,0.008712,0.008632,0.008636,7163374.0
2025-04-26 06:10:00+09:00,0.008635,0.008795,0.008634,0.008738,20727621.0
2025-04-26 06:15:00+09:00,0.008738,0.008832,0.008705,0.00871,17374361.0
2025-04-26 06:20:00+09:00,0.008709,0.008835,0.008706,0.008816,11500311.0
2025-04-26 06:25:00+09:00,0.008817,0.008868,0.008729,0.008729,10653271.0
2025-04-26 06:30:00+09:00,0.008727,0.008752,0.008665,0.00873,9982240.0
2025-04-26 06:35:00+09:00,0.008729,0.008737,0.008662,0.008676,7562974.0
2025-04-26 06:40:00+09:00,0.008671,0.008674,0.008606,0.00861,12048781.0
2025-04-26 06:45:00+09:00,0.00861,0.008649,0.008484,0.008506,12696435.0
2025-04-26 06:50:00+09:00,0.008509,0.008548,0.008384,0.008535,17873697.0
2025-04-26 06:55:00+09:00,0.008533,0.008537,0.008482,0.008488,5554509.0
2025-04-26 07:00:00+09:00,0.008492,0.008631,0.008487,0.008603,11836781.0
2025-04-26 07:05:00+09:00,0.008601,0.008646,0.008591,0.008616,10110614.0
2025-04-26 07:10:00+09:00,0.008614,0.008702,0.008613,0.008671,12850010.0
2025-04-26 07:15:00+09:00,0.008671,0.008684,0.008618,0.008626,13972858.0
2025-04-26 07:20:00+09:00,0.008623,0.008638,0.008566,0.008638,9585836.0
2025-04-26 07:25:00+09:00,0.008636,0.008658,0.008598,0.00864,13514477.0
2025-04-26 07:30:00+09:00,0.008639,0.008661,0.00862,0.008635,5810597.0
2025-04-26 07:35:00+09:00,0.00864,0.008726,0.00864,0.008668,23079151.0
2025-04-26 07:40:00+09:00,0.008667,0.008693,0.008639,0.008656,12424621.0
2025-04-26 07:45:00+09:00,0.008656,0.008708,0.008636,0.008638,18572862.0
2025-04-26 07:50:00+09:00,0.008637,0.008642,0.008598,0.0086,10423879.0
2025-04-26 07:55:00+09:00,0.0086,0.008615,0.008569,0.008577,8532042.0
2025-04-26 08:00:00+09:00,0.008577,0.0086,0.008546,0.008587,12802366.0
2025-04-26 08:05:00+09:00,0.008588,0.00862,0.008563,0.008593,7150099.0
2025-04-26 08:10:00+09:00,0.008594,0.008644,0.008594,0.008622,8582875.0
2025-04-26 08:15:00+09:00,0.008621,0.008649,0.008594,0.008614,6900101.0
2025-04-26 08:20:00+09:00,0.008613,0.008623,0.008549,0.008553,10550725.0
2025-04-26 08:25:00+09:00,0.008554,0.00863,0.008552,0.008596,10732861.0
2025-04-26 08:30:00+09:00,0.008595,0.008604,0.00854,0.008582,8081532.0
2025-04-26 08:35:00+09:00,0.008583,0.008715,0.008583,0.008694,13399458.0
2025-04-26 08:40:00+09:00,0.008693,0.008736,0.008678,0.00872,14503933.0
2025-04-26 08:45:00+09:00,0.008718,0.008774,0.008705,0.008734,9147980.0
2025-04-26 08:50:00+09:00,0.008733,0.008733,0.008681,0.008693,4902726.0
2025-04-26 08:55:00+09:00,0.008693,0.0087,0.00863,0.008633,4353525.0
2025-04-26 09:00:00+09:00,0.008633,0.008717,0.00862,0.008659,11384601.0
2025-04-26 09:05:00+09:00,0.00866,0.008684,0.00857,0.008583,8616550.0
2025-04-26 09:10:00+09:00,0.008584,0.008637,0.008545,0.008592,18204296.0
2025-04-26 09:15:00+09:00,0.008591,0.008607,0.008551,0.008572,3346331.0
2025-04-26 09:20:00+09:00,0.008572,0.008637,0.008568,0.008628,7401414.0
2025-04-26 09:25:00+09:00,0.008628,0.008678,0.008625,0.008651,8774051.0
2025-04-26 09:30:00+09:00,0.008649,0.008782,0.008637,0.008718,29040099.0
2025-04-26 09:35:00+09:00,0.008722,0.008772,0.008684,0.008751,17759810.0
2025-04-26 09:40:00+09:00,0.00875,0.008774,0.008684,0.008692,16891648.0
2025-04-26 09:45:00+09:00,0.008691,0.008713,0.008623,0.008674,22532213.0
2025-04-26 09:50:00+09:00,0.008673,0.008721,0.008671,0.008702,10028338.0
2025-04-26 09:55:00+09:00,0.008703,0.008738,0.008677,0.008699,6557695.0
2025-04-26 10:00:00+09:00,0.0087,0.008708,0.008631,0.008637,5736948.0
2025-04-26 10:05:00+09:00,0.008637,0.008691,0.008595,0.008657,8016947.0
2025-04-26 10:10:00+09:00,0.008656,0.008797,0.008656,0.008767,10553067.0
2025-04-26 10:15:00+09:00,0.008767,0.008807,0.008714,0.008763,19190609.0
2025-04-26 10:20:00+09:00,0.008767,0.008788,0.008726,0.008734,10872247.0
2025-04-26 10:25:00+09:00,0.008733,0.008757,0.008713,0.008726,5221818.0
2025-04-26 10:30:00+09:00,0.008727,0.009013,0.008695,0.008985,35701002.0
2025-04-26 10:35:00+09:00,0.008984,0.009062,0.008871,0.008935,29270018.0
2025-04-26 10:40:00+09:00,0.008934,0.00904,0.008889,0.008962,11700621.0
2025-04-26 10:45:00+09:00,0.00896,0.008975,0.008896,0.008954,8953307.0
2025-04-26 10:50:00+09:00,0.008953,0.009046,0.008925,0.008927,7762263.0
2025-04-26 10:55:00+09:00,0.008927,0.009011,0.008926,0.00894,11559609.0
2025-04-26 11:00:00+09:00,0.008939,0.009001,0.008902,0.008969,13504424.0
2025-04-26 11:05:00+09:00,0.008967,0.00902,0.008943,0.009006,10429676.0
2025-04-26 11:10:00+09:00,0.009007,0.00909,0.008983,0.009061,20586468.0
2025-04-26 11:15:00+09:00,0.009059,0.00912,0.008917,0.008976,20351463.0
2025-04-26 11:20:00+09:00,0.008975,0.00905,0.008946,0.009046,10529472.0
2025-04-26 11:25:00+09:00,0.009049,0.00915,0.009003,0.009097,21217401.0
2025-04-26 11:30:00+09:00,0.009098,0.00918,0.00904,0.009092,15686458.0
2025-04-26 11:35:00+09:00,0.009091,0.0091,0.009005,0.009055,22076571.0
2025-04-26 11:40:00+09:00,0.009054,0.009126,0.009025,0.009071,13546935.0
2025-04-26 11:45:00+09:00,0.00907,0.009149,0.00902,0.009109,19231615.0
2025-04-26 11:50:00+09:00,0.009109,0.009164,0.009062,0.009132,20789112.0
2025-04-26 11:55:00+09:00,0.009134,0.009231,0.009082,0.00922,60269508.0
2025-04-26 12:00:00+09:00,0.009219,0.009456,0.009204,0.009247,30005379.0
2025-04-26 12:05:00+09:00,0.009248,0.009347,0.009108,0.009142,24416148.0
2025-04-26 12:10:00+09:00,0.009142,0.009316,0.009142,0.009215,21814736.0
2025-04-26 12:15:00+09:00,0.009217,0.009242,0.009096,0.009115,8888146.0
2025-04-26 12:20:00+09:00,0.009114,0.009198,0.009043,0.009154,16063313.0
2025-04-26 12:25:00+09:00,0.009154,0.009164,0.008925,0.008955,26514821.0
2025-04-26 12:30:00+09:00,0.008956,0.00906,0.008955,0.009041,31115411.0
2025-04-26 12:35:00+09:00,0.009041,0.009082,0.008989,0.008998,9793718.0
2025-04-26 12:40:00+09:00,0.008996,0.009055,0.008978,0.008997,10490909.0
2025-04-26 12:45:00+09:00,0.008994,0.009055,0.008984,0.009017,4628224.0
2025-04-26 12:50:00+09:00,0.009017,0.009021,0.008945,0.008955,7710530.0
2025-04-26 12:55:00+09:00,0.008956,0.009052,0.008921,0.009009,5979386.0
2025-04-26 13:00:00+09:00,0.009009,0.009014,0.008944,0.009007,9749620.0
2025-04-26 13:05:00+09:00,0.009006,0.009008,0.008924,0.008996,9791501.0
2025-04-26 13:10:00+09:00,0.008998,0.009008,0.00894,0.008967,8487594.0
2025-04-26 13:15:00+09:00,0.008967,0.008995,0.008938,0.008961,14220999.0
2025-04-26 13:20:00+09:00,0.008961,0.008997,0.008931,0.008933,6065118.0
2025-04-26 13:25:00+09:00,0.008934,0.008955,0.008854,0.008905,14835918.0
2025-04-26 13:30:00+09:00,0.008906,0.00891,0.008746,0.008803,21597161.0
2025-04-26 13:35:00+09:00,0.008804,0.008817,0.008673,0.008732,18992860.0
2025-04-26 13:40:00+09:00,0.008732,0.008809,0.008732,0.008769,7240548.0
2025-04-26 13:45:00+09:00,0.008771,0.008802,0.008747,0.008777,5719897.0
2025-04-26 13:50:00+09:00,0.008778,0.008778,0.008743,0.008753,3153735.0
2025-04-26 13:55:00+09:00,0.008753,0.008821,0.008726,0.008735,24339267.0
2025-04-26 14:00:00+09:00,0.008735,0.008791,0.008706,0.008717,14611731.0
2025-04-26 14:05:00+09:00,0.008715,0.008775,0.008692,0.008704,9238607.0
2025-04-26 14:10:00+09:00,0.008706,0.008768,0.008695,0.008762,7691729.0
2025-04-26 14:15:00+09:00,0.008763,0.008801,0.008738,0.008773,6333134.0
2025-04-26 14:20:00+09:00,0.008776,0.00882,0.008764,0.008792,5253536.0
2025-04-26 14:25:00+09:00,0.008793,0.008795,0.008741,0.008741,7947834.0
2025-04-26 14:30:00+09:00,0.008741,0.008768,0.008717,0.008745,5988214.0
2025-04-26 14:35:00+09:00,0.008746,0.008768,0.008705,0.008735,6604342.0
2025-04-26 14:40:00+09:00,0.008734,0.008788,0.008728,0.008772,4374756.0
2025-04-26 14:45:00+09:00,0.008771,0.008815,0.008754,0.008782,4510831.0
2025-04-26 14:50:00+09:00,0.008783,0.008836,0.008783,0.008821,3182186.0
2025-04-26 14:55:00+09:00,0.008819,0.008834,0.008791,0.008823,8460080.0
2025-04-26 15:00:00+09:00,0.008822,0.008852,0.008809,0.008822,4155391.0
2025-04-26 15:05:00+09:00,0.008821,0.00883,0.008778,0.008785,4505357.0
2025-04-26 15:10:00+09:00,0.008784,0.00885,0.00878,0.008839,4832916.0
2025-04-26 15:15:00+09:00,0.008838,0.008935,0.008834,0.008895,10620633.0
2025-04-26 15:20:00+09:00,0.008896,0.008956,0.008876,0.008902,10944375.0
2025-04-26 15:25:00+09:00,0.008902,0.00892,0.008858,0.008862,6261039.0
2025-04-26 15:30:00+09:00,0.008862,0.008889,0.008835,0.008836,5996990.0
2025-04-26 15:35:00+09:00,0.008836,0.008857,0.0088,0.008857,10376957.0
2025-04-26 15:40:00+09:00,0.008855,0.008901,0.008824,0.008899,7427282.0
2025-04-26 15:45:00+09:00,0.008896,0.009076,0.008887,0.009015,24368232.0
2025-04-26 15:50:00+09:00,0.009015,0.009092,0.008999,0.009085,11923832.0
2025-04-26 15:55:00+09:00,0.009086,0.009106,0.009025,0.009056,13258300.0
2025-04-26 16:00:00+09:00,0.009056,0.00916,0.009045,0.00914,12505012.0
2025-04-26 16:05:00+09:00,0.009141,0.009237,0.009117,0.00922,19310621.0
2025-04-26 16:10:00+09:00,0.009218,0.009225,0.009139,0.009162,15177130.0
2025-04-26 16:15:00+09:00,0.009163,0.009207,0.009064,0.009084,7484075.0
2025-04-26 16:20:00+09:00,0.009085,0.009157,0.009084,0.009157,4720270.0
2025-04-26 16:25:00+09:00,0.009156,0.009187,0.009114,0.00918,6949660.0
2025-04-26 16:30:00+09:00,0.009181,0.009194,0.00908,0.009107,8247380.0
2025-04-26 16:35:00+09:00,0.009107,0.009137,0.009063,0.009124,8535731.0
2025-04-26 16:40:00+09:00,0.009125,0.009158,0.009068,0.009117,11188360.0
2025-04-26 16:45:00+09:00,0.009118,0.009214,0.00909,0.009204,14536017.0
2025-04-26 16:50:00+09:00,0.009202,0.009251,0.009157,0.009157,10871249.0
2025-04-26 16:55:00+09:00,0.009158,0.009165,0.009101,0.009152,8287192.0
2025-04-26 17:00:00+09:00,0.009151,0.009176,0.009079,0.009119,11433539.0
2025-04-26 17:05:00+09:00,0.00912,0.009252,0.009097,0.009187,21033818.0
2025-04-26 17:10:00+09:00,0.009186,0.009196,0.009081,0.009143,17184832.0
2025-04-26 17:15:00+09:00,0.009141,0.009149,0.008938,0.008963,26284234.0
2025-04-26 17:20:00+09:00,0.008962,0.009097,0.008923,0.009072,20742429.0
2025-04-26 17:25:00+09:00,0.009072,0.009108,0.008994,0.008996,16804682.0
2025-04-26 17:30:00+09:00,0.008996,0.008999,0.008863,0.00889,16348061.0
2025-04-26 17:35:00+09:00,0.008893,0.00893,0.008865,0.008907,13918145.0
2025-04-26 17:40:00+09:00,0.008904,0.008936,0.00882,0.008852,14709683.0
2025-04-26 17:45:00+09:00,0.008851,0.008911,0.008834,0.008886,13284212.0
2025-04-26 17:50:00+09:00,0.008886,0.008906,0.008837,0.008872,7737281.0
2025-04-26 17:55:00+09:00,0.008873,0.00894,0.008873,0.008927,5980057.0
2025-04-26 18:00:00+09:00,0.008928,0.008953,0.008885,0.008931,6669380.0
2025-04-26 18:05:00+09:00,0.00893,0.008973,0.008903,0.008934,10415129.0
2025-04-26 18:10:00+09:00,0.008935,0.00895,0.008895,0.008942,7997519.0
2025-04-26 18:15:00+09:00,0.008942,0.008993,0.008912,0.008973,5982707.0
2025-04-26 18:20:00+09:00,0.008971,0.009006,0.008947,0.008965,7891126.0
2025-04-26 18:25:00+09:00,0.008964,0.008964,0.008879,0.00888,5776568.0
2025-04-26 18:30:00+09:00,0.008882,0.008909,0.008774,0.008791,15281229.0
2025-04-26 18:35:00+09:00,0.00879,0.008813,0.008768,0.008796,10070465.0
2025-04-26 18:40:00+09:00,0.008795,0.008806,0.008762,0.008805,7549634.0
2025-04-26 18:45:00+09:00,0.008804,0.008818,0.008773,0.008777,4143295.0
2025-04-26 18:50:00+09:00,0.008776,0.008845,0.008754,0.008806,12537023.0
2025-04-26 18:55:00+09:00,0.008806,0.008841,0.008804,0.008824,2609938.0
2025-04-26 19:00:00+09:00,0.008824,0.008904,0.008807,0.008897,5462484.0
2025-04-26 19:05:00+09:00,0.008898,0.008926,0.00881,0.008854,21324038.0
2025-04-26 19:10:00+09:00,0.008856,0.008877,0.008835,0.008841,3808536.0
2025-04-26 19:15:00+09:00,0.008844,0.00897,0.008827,0.008947,9508221.0
2025-04-26 19:20:00+09:00,0.008947,0.008947,0.008887,0.008909,3845981.0
2025-04-26 19:25:00+09:00,0.00891,0.008929,0.008891,0.008912,3777047.0
2025-04-26 19:30:00+09:00,0.008911,0.008929,0.008862,0.008893,9382277.0
2025-04-26 19:35:00+09:00,0.008894,0.008954,0.008891,0.00893,3624701.0
2025-04-26 19:40:00+09:00,0.008929,0.008939,0.008876,0.008882,4060626.0
2025-04-26 19:45:00+09:00,0.008883,0.008917,0.008872,0.008908,2663216.0
2025-04-26 19:50:00+09:00,0.008907,0.008936,0.008865,0.008872,2868960.0
2025-04-26 19:55:00+09:00,0.008875,0.008939,0.008873,0.008903,12164660.0
2025-04-26 20:00:00+09:00,0.008902,0.00892,0.008807,0.008865,4910700.0
2025-04-26 20:05:00+09:00,0.008864,0.008871,0.00881,0.008814,9032123.0
2025-04-26 20:10:00+09:00,0.008814,0.008859,0.008801,0.008804,5796166.0
2025-04-26 20:15:00+09:00,0.008806,0.008814,0.008712,0.008731,27298234.0
2025-04-26 20:20:00+09:00,0.008731,0.008748,0.008694,0.008745,12727963.0
2025-04-26 20:25:00+09:00,0.008744,0.008763,0.008712,0.00873,3793034.0
2025-04-26 20:30:00+09:00,0.008732,0.008762,0.008711,0.008737,9753156.0
2025-04-26 20:35:00+09:00,0.008736,0.008738,0.008584,0.00859,18019459.0
2025-04-26 20:40:00+09:00,0.00859,0.008644,0.008566,0.008627,17333739.0
2025-04-26 20:45:00+09:00,0.008626,0.008648,0.008536,0.008556,55389097.0
2025-04-26 20:50:00+09:00,0.008554,0.008567,0.0085,0.00853,19591165.0
2025-04-26 20:55:00+09:00,0.008531,0.008558,0.008521,0.008537,7336338.0
2025-04-26 21:00:00+09:00,0.008538,0.008602,0.008535,0.008578,6226059.0
2025-04-26 21:05:00+09:00,0.008579,0.008602,0.008561,0.008563,4781544.0
2025-04-26 21:10:00+09:00,0.008562,0.0086,0.008532,0.008599,8633534.0
2025-04-26 21:15:00+09:00,0.0086,0.008606,0.008566,0.008572,4657389.0
2025-04-26 21:20:00+09:00,0.008573,0.008573,0.008517,0.008537,4393023.0
2025-04-26 21:25:00+09:00,0.008542,0.008566,0.008526,0.008548,8248030.0
2025-04-26 21:30:00+09:00,0.008549,0.008571,0.008524,0.008533,4552299.0
2025-04-26 21:35:00+09:00,0.008532,0.008573,0.008513,0.008537,26132490.0
2025-04-26 21:40:00+09:00,0.008536,0.008573,0.008519,0.008527,4494505.0
2025-04-26 21:45:00+09:00,0.008527,0.008651,0.008513,0.008564,47551102.0
2025-04-26 21:50:00+09:00,0.008565,0.008581,0.008521,0.008539,3475590.0
2025-04-26 21:55:00+09:00,0.00854,0.008602,0.008537,0.008577,15454333.0
2025-04-26 22:00:00+09:00,0.008578,0.00863,0.008559,0.008623,13261799.0
2025-04-26 22:05:00+09:00,0.008622,0.008704,0.008586,0.008679,19433405.0
2025-04-26 22:10:00+09:00,0.008681,0.008685,0.00862,0.008675,7603040.0
2025-04-26 22:15:00+09:00,0.008676,0.008735,0.00867,0.008702,18550151.0
2025-04-26 22:20:00+09:00,0.008703,0.008708,0.008628,0.008671,9510576.0
2025-04-26 22:25:00+09:00,0.008671,0.00868,0.008639,0.008652,4933002.0
2025-04-26 22:30:00+09:00,0.008653,0.008657,0.008572,0.00858,9371980.0
2025-04-26 22:35:00+09:00,0.008577,0.008701,0.008567,0.008688,11033443.0
2025-04-26 22:40:00+09:00,0.008688,0.008689,0.008606,0.008608,4218217.0
2025-04-26 22:45:00+09:00,0.008608,0.008674,0.008557,0.008664,9255507.0
2025-04-26 22:50:00+09:00,0.008663,0.008691,0.008578,0.008596,8488602.0
2025-04-26 22:55:00+09:00,0.008599,0.008621,0.008563,0.00862,5137375.0
2025-04-26 23:00:00+09:00,0.008619,0.008628,0.008546,0.008549,10090540.0
2025-04-26 23:05:00+09:00,0.008548,0.008599,0.008523,0.008554,6829262.0
2025-04-26 23:10:00+09:00,0.008553,0.008595,0.008531,0.008585,8297062.0
2025-04-26 23:15:00+09:00,0.008587,0.008601,0.008545,0.008587,4771640.0
2025-04-26 23:20:00+09:00,0.008583,0.00862,0.008536,0.008594,8618035.0
2025-04-26 23:25:00+09:00,0.008595,0.008648,0.008583,0.008613,10491153.0
2025-04-26 23:30:00+09:00,0.008613,0.008671,0.008594,0.008657,3645593.0
2025-04-26 23:35:00+09:00,0.008655,0.008675,0.00863,0.008673,5884680.0
2025-04-26 23:40:00+09:00,0.008674,0.008702,0.008635,0.008692,9059752.0
2025-04-26 23:45:00+09:00,0.008691,0.008745,0.008657,0.008705,8764435.0
2025-04-26 23:50:00+09:00,0.008704,0.008709,0.008649,0.008658,5194683.0
2025-04-26 23:55:00+09:00,0.008657,0.008693,0.00865,0.008664,4498530.0
2025-04-27 00:00:00+09:00,0.008665,0.008681,0.008613,0.008627,4935316.0
2025-04-27 00:05:00+09:00,0.008626,0.008677,0.008616,0.008649,4500747.0
2025-04-27 00:10:00+09:00,0.008648,0.008675,0.008628,0.008649,4341297.0
2025-04-27 00:15:00+09:00,0.00865,0.008724,0.00865,0.00869,5710723.0
2025-04-27 00:20:00+09:00,0.008695,0.008712,0.008665,0.00869,4563212.0
2025-04-27 00:25:00+09:00,0.00869,0.00882,0.00869,0.008813,21064868.0
2025-04-27 00:30:00+09:00,0.008813,0.008897,0.008781,0.008827,18356923.0
2025-04-27 00:35:00+09:00,0.008828,0.008997,0.008813,0.00894,24092421.0
2025-04-27 00:40:00+09:00,0.008938,0.008968,0.008888,0.008896,7515179.0
2025-04-27 00:45:00+09:00,0.008895,0.00896,0.008885,0.00894,7322068.0
2025-04-27 00:50:00+09:00,0.008939,0.008973,0.008933,0.00897,7492947.0
2025-04-27 00:55:00+09:00,0.008971,0.00905,0.008969,0.009033,10173173.0
2025-04-27 01:00:00+09:00,0.009034,0.009039,0.008909,0.008961,13981167.0
2025-04-27 01:05:00+09:00,0.008961,0.00898,0.008936,0.008973,6947341.0
2025-04-27 01:10:00+09:00,0.008973,0.009029,0.008945,0.008983,7051501.0
2025-04-27 01:15:00+09:00,0.008984,0.009023,0.008939,0.009022,7227836.0
2025-04-27 01:20:00+09:00,0.009021,0.009174,0.008998,0.009156,45710972.0
2025-04-27 01:25:00+09:00,0.009156,0.009156,0.009015,0.009041,23810785.0
2025-04-27 01:30:00+09:00,0.009041,0.009051,0.008959,0.008998,17013260.0
2025-04-27 01:35:00+09:00,0.008998,0.009013,0.008956,0.008965,6013518.0
2025-04-27 01:40:00+09:00,0.008965,0.009009,0.00895,0.008981,7048442.0
2025-04-27 01:45:00+09:00,0.008979,0.009,0.008939,0.008994,10349894.0
2025-04-27 01:50:00+09:00,0.008993,0.009001,0.008959,0.008991,5850309.0
2025-04-27 01:55:00+09:00,0.008993,0.009068,0.00898,0.009048,13566929.0
2025-04-27 02:00:00+09:00,0.009047,0.009149,0.009023,0.009036,13604352.0
2025-04-27 02:05:00+09:00,0.009035,0.009122,0.009025,0.009073,9473881.0
2025-04-27 02:10:00+09:00,0.00907,0.009117,0.009044,0.00905,8582366.0
2025-04-27 02:15:00+09:00,0.009051,0.009087,0.00898,0.009006,13282206.0
2025-04-27 02:20:00+09:00,0.009007,0.009031,0.008953,0.00902,7814651.0
2025-04-27 02:25:00+09:00,0.009019,0.009056,0.008994,0.009048,6031179.0
2025-04-27 02:30:00+09:00,0.009047,0.009097,0.00903,0.009079,5558642.0
2025-04-27 02:35:00+09:00,0.009077,0.009126,0.009058,0.009104,8478142.0
2025-04-27 02:40:00+09:00,0.009106,0.009161,0.009082,0.009107,17223363.0
2025-04-27 02:45:00+09:00,0.009107,0.00912,0.009072,0.009085,6520136.0
2025-04-27 02:50:00+09:00,0.009082,0.009103,0.009036,0.009041,4441352.0
2025-04-27 02:55:00+09:00,0.009039,0.009055,0.009015,0.009031,5993936.0
2025-04-27 03:00:00+09:00,0.00903,0.009052,0.009003,0.009043,5009478.0
2025-04-27 03:05:00+09:00,0.009043,0.009148,0.009043,0.009143,8309357.0
2025-04-27 03:10:00+09:00,0.009145,0.009196,0.009118,0.009173,12939870.0
2025-04-27 03:15:00+09:00,0.009175,0.009209,0.009164,0.009169,7931817.0
2025-04-27 03:20:00+09:00,0.009171,0.009175,0.009082,0.009104,6624551.0
2025-04-27 03:25:00+09:00,0.009104,0.00916,0.0091,0.009148,3219864.0
2025-04-27 03:30:00+09:00,0.009148,0.009152,0.00906,0.009061,4439555.0
2025-04-27 03:35:00+09:00,0.009061,0.009134,0.009061,0.009101,7239313.0
2025-04-27 03:40:00+09:00,0.009102,0.009138,0.009085,0.009133,5343612.0
2025-04-27 03:45:00+09:00,0.009135,0.009205,0.009121,0.009129,10217308.0
2025-04-27 03:50:00+09:00,0.009128,0.00915,0.009084,0.009096,5653083.0
2025-04-27 03:55:00+09:00,0.009095,0.009154,0.009091,0.009127,5902865.0
2025-04-27 04:00:00+09:00,0.009129,0.009169,0.009096,0.009167,8045361.0
2025-04-27 04:05:00+09:00,0.009167,0.009171,0.009079,0.009079,5108351.0
2025-04-27 04:10:00+09:00,0.009078,0.009116,0.009043,0.009104,3974503.0
2025-04-27 04:15:00+09:00,0.009106,0.009136,0.009047,0.009047,2882720.0
2025-04-27 04:20:00+09:00,0.009048,0.009109,0.009043,0.009088,5565059.0
2025-04-27 04:25:00+09:00,0.00909,0.009276,0.009088,0.009274,18518893.0
2025-04-27 04:30:00+09:00,0.009274,0.009358,0.009196,0.009212,15114712.0
2025-04-27 04:35:00+09:00,0.009211,0.0094,0.009211,0.009345,23677812.0
2025-04-27 04:40:00+09:00,0.009344,0.009396,0.009311,0.009333,13224777.0
2025-04-27 04:45:00+09:00,0.009332,0.009332,0.009251,0.009274,8146321.0
2025-04-27 04:50:00+09:00,0.009274,0.009346,0.009232,0.009244,9142381.0
2025-04-27 04:55:00+09:00,0.009245,0.009282,0.009205,0.009242,13831273.0
2025-04-27 05:00:00+09:00,0.009239,0.009245,0.009116,0.009136,12000948.0
2025-04-27 05:05:00+09:00,0.009135,0.009166,0.009102,0.009114,6063897.0
2025-04-27 05:10:00+09:00,0.009112,0.009138,0.009063,0.009073,5927264.0
2025-04-27 05:15:00+09:00,0.009069,0.009182,0.009062,0.009179,6398856.0
2025-04-27 05:20:00+09:00,0.009179,0.009267,0.009172,0.009235,9419742.0
2025-04-27 05:25:00+09:00,0.009234,0.009267,0.009179,0.009252,7283453.0
2025-04-27 05:30:00+09:00,0.009251,0.009279,0.009188,0.009275,7875122.0
2025-04-27 05:35:00+09:00,0.009274,0.009339,0.009274,0.009339,10408143.0
2025-04-27 05:40:00+09:00,0.00934,0.00935,0.00924,0.009251,4810440.0
2025-04-27 05:45:00+09:00,0.009251,0.009306,0.0092,0.009268,4940501.0
2025-04-27 05:50:00+09:00,0.009269,0.009297,0.009214,0.009225,3789236.0
2025-04-27 05:55:00+09:00,0.009221,0.009264,0.009152,0.009153,13487066.0
2025-04-27 06:00:00+09:00,0.009152,0.009298,0.009146,0.009274,10452388.0
2025-04-27 06:05:00+09:00,0.009276,0.00938,0.009268,0.009367,11029605.0
2025-04-27 06:10:00+09:00,0.009367,0.009367,0.00925,0.009255,7800728.0
2025-04-27 06:15:00+09:00,0.009254,0.009312,0.009236,0.009257,3812369.0
2025-04-27 06:20:00+09:00,0.009257,0.009302,0.009195,0.009301,6291252.0
2025-04-27 06:25:00+09:00,0.0093,0.009353,0.009265,0.009282,4639487.0
2025-04-27 06:30:00+09:00,0.00928,0.009313,0.00922,0.009261,4753685.0
2025-04-27 06:35:00+09:00,0.009261,0.009269,0.009206,0.009222,3659618.0
2025-04-27 06:40:00+09:00,0.009223,0.009243,0.009196,0.009231,2056027.0
2025-04-27 06:45:00+09:00,0.009231,0.009305,0.009231,0.009258,6266203.0
2025-04-27 06:50:00+09:00,0.009258,0.009286,0.009208,0.009279,1873733.0
2025-04-27 06:55:00+09:00,0.009281,0.009283,0.009201,0.009213,5160130.0
2025-04-27 07:00:00+09:00,0.009216,0.009328,0.009192,0.009325,6111680.0
2025-04-27 07:05:00+09:00,0.009325,0.009347,0.009262,0.009332,6272280.0
2025-04-27 07:10:00+09:00,0.009332,0.009379,0.009284,0.00937,12588472.0
2025-04-27 07:15:00+09:00,0.009369,0.009414,0.009265,0.009279,14858846.0
2025-04-27 07:20:00+09:00,0.00928,0.009315,0.00926,0.009261,4005121.0
2025-04-27 07:25:00+09:00,0.009261,0.009297,0.009239,0.009288,4167395.0
2025-04-27 07:30:00+09:00,0.009288,0.009477,0.009288,0.009352,19421547.0
2025-04-27 07:35:00+09:00,0.009353,0.009489,0.009351,0.009398,10958809.0
2025-04-27 07:40:00+09:00,0.009399,0.00941,0.009296,0.009296,11583206.0
2025-04-27 07:45:00+09:00,0.009297,0.009407,0.009279,0.009373,12044294.0
2025-04-27 07:50:00+09:00,0.009372,0.009409,0.009334,0.00936,6425502.0
2025-04-27 07:55:00+09:00,0.009361,0.009367,0.009254,0.009273,13593400.0
2025-04-27 08:00:00+09:00,0.009269,0.009331,0.009233,0.009253,14279080.0
2025-04-27 08:05:00+09:00,0.009253,0.00929,0.009228,0.009233,4439221.0
2025-04-27 08:10:00+09:00,0.009233,0.009329,0.009228,0.009318,6157249.0
2025-04-27 08:15:00+09:00,0.009319,0.009425,0.009312,0.009398,9891626.0
2025-04-27 08:20:00+09:00,0.009395,0.009518,0.009392,0.009497,17137156.0
2025-04-27 08:25:00+09:00,0.009494,0.009597,0.009457,0.009587,19992200.0
2025-04-27 08:30:00+09:00,0.00959,0.009674,0.009459,0.009536,30517403.0
2025-04-27 08:35:00+09:00,0.009536,0.00962,0.009452,0.009524,16207537.0
2025-04-27 08:40:00+09:00,0.009521,0.009583,0.009464,0.00958,8737349.0
2025-04-27 08:45:00+09:00,0.009578,0.009642,0.009566,0.009623,8501378.0
2025-04-27 08:50:00+09:00,0.009622,0.009912,0.009615,0.00988,84753540.0
2025-04-27 08:55:00+09:00,0.009882,0.009959,0.009807,0.009834,21377372.0
2025-04-27 09:00:00+09:00,0.009836,0.009894,0.009684,0.009802,26114281.0
2025-04-27 09:05:00+09:00,0.009801,0.009804,0.009624,0.009661,22643118.0
2025-04-27 09:10:00+09:00,0.009657,0.009667,0.00945,0.0095,22099574.0
2025-04-27 09:15:00+09:00,0.009498,0.009557,0.009442,0.009524,14527747.0
2025-04-27 09:20:00+09:00,0.009526,0.009738,0.009475,0.009715,43211802.0
2025-04-27 09:25:00+09:00,0.009714,0.009858,0.00965,0.00975,36337969.0
2025-04-27 09:30:00+09:00,0.009749,0.0099,0.009567,0.009652,28510806.0
2025-04-27 09:35:00+09:00,0.009656,0.009658,0.009477,0.009648,15209411.0
2025-04-27 09:40:00+09:00,0.009647,0.00968,0.009493,0.009519,10481152.0
2025-04-27 09:45:00+09:00,0.009522,0.009541,0.009467,0.009486,9719254.0
2025-04-27 09:50:00+09:00,0.009488,0.009568,0.009452,0.009555,10288957.0
2025-04-27 09:55:00+09:00,0.009556,0.009636,0.009404,0.009419,37294202.0
2025-04-27 10:00:00+09:00,0.00942,0.009695,0.00942,0.009663,19402363.0
2025-04-27 10:05:00+09:00,0.009664,0.00976,0.009605,0.009654,14789786.0
2025-04-27 10:10:00+09:00,0.009655,0.009831,0.009607,0.009824,23665817.0
2025-04-27 10:15:00+09:00,0.009824,0.009899,0.009762,0.009827,32154738.0
2025-04-27 10:20:00+09:00,0.009827,0.009854,0.009651,0.009669,59491738.0
2025-04-27 10:25:00+09:00,0.009669,0.009732,0.009477,0.009524,38219327.0
2025-04-27 10:30:00+09:00,0.009524,0.009569,0.00944,0.00955,18218242.0
2025-04-27 10:35:00+09:00,0.009552,0.009679,0.009498,0.009546,17533424.0
2025-04-27 10:40:00+09:00,0.009549,0.009738,0.009536,0.009678,10782728.0
2025-04-27 10:45:00+09:00,0.009677,0.009695,0.009514,0.009617,20755890.0
2025-04-27 10:50:00+09:00,0.009618,0.009649,0.009404,0.009462,28566257.0
2025-04-27 10:55:00+09:00,0.009463,0.009499,0.009264,0.00934,30195562.0
2025-04-27 11:00:00+09:00,0.00934,0.009488,0.009268,0.009419,30298032.0
2025-04-27 11:05:00+09:00,0.009429,0.009509,0.009374,0.009485,27093282.0
2025-04-27 11:10:00+09:00,0.009487,0.009617,0.009451,0.009603,21804887.0
2025-04-27 11:15:00+09:00,0.009606,0.009625,0.009474,0.009485,17872360.0
2025-04-27 11:20:00+09:00,0.009486,0.009486,0.009339,0.009412,13861398.0
2025-04-27 11:25:00+09:00,0.009412,0.009463,0.00938,0.009393,7132792.0
2025-04-27 11:30:00+09:00,0.009393,0.009462,0.009383,0.00946,7214250.0
2025-04-27 11:35:00+09:00,0.009462,0.009529,0.009414,0.009422,14998562.0
2025-04-27 11:40:00+09:00,0.00942,0.009522,0.009401,0.009485,16457474.0
2025-04-27 11:45:00+09:00,0.009484,0.00958,0.009448,0.009557,22059035.0
2025-04-27 11:50:00+09:00,0.009556,0.009742,0.009546,0.009698,20097116.0
2025-04-27 11:55:00+09:00,0.009698,0.00975,0.009673,0.009704,15488815.0
2025-04-27 12:00:00+09:00,0.009705,0.009759,0.009673,0.009714,11614155.0
2025-04-27 12:05:00+09:00,0.009714,0.009786,0.00968,0.009704,12972552.0
2025-04-27 12:10:00+09:00,0.009702,0.009709,0.009572,0.009584,16409257.0
2025-04-27 12:15:00+09:00,0.009585,0.00963,0.009514,0.00953,13963051.0
2025-04-27 12:20:00+09:00,0.00953,0.009614,0.009486,0.009608,9312479.0
2025-04-27 12:25:00+09:00,0.009607,0.009655,0.009597,0.009603,6362162.0
2025-04-27 12:30:00+09:00,0.009603,0.009755,0.009578,0.009751,8848314.0
2025-04-27 12:35:00+09:00,0.009752,0.009798,0.009692,0.009787,10128175.0
2025-04-27 12:40:00+09:00,0.009788,0.009929,0.009784,0.009863,34485896.0
2025-04-27 12:45:00+09:00,0.009864,0.00998,0.009856,0.009939,27375135.0
2025-04-27 12:50:00+09:00,0.00994,0.010024,0.009863,0.009899,43352763.0
2025-04-27 12:55:00+09:00,0.009898,0.009967,0.009857,0.009898,22225211.0
2025-04-27 13:00:00+09:00,0.009898,0.009909,0.009785,0.009798,19699173.0
2025-04-27 13:05:00+09:00,0.009797,0.00982,0.009746,0.009764,8515511.0
2025-04-27 13:10:00+09:00,0.009764,0.009774,0.009686,0.009692,12037103.0
2025-04-27 13:15:00+09:00,0.009691,0.009754,0.009662,0.009753,9188686.0
2025-04-27 13:20:00+09:00,0.00975,0.00977,0.009708,0.009741,9330846.0
2025-04-27 13:25:00+09:00,0.009739,0.009755,0.00967,0.009713,6032766.0
2025-04-27 13:30:00+09:00,0.009713,0.009729,0.0095,0.009546,38735346.0
2025-04-27 13:35:00+09:00,0.009546,0.00958,0.009508,0.009534,13733855.0
2025-04-27 13:40:00+09:00,0.009534,0.009627,0.009514,0.009615,12511991.0
2025-04-27 13:45:00+09:00,0.009615,0.00964,0.009542,0.009553,7754278.0
2025-04-27 13:50:00+09:00,0.009553,0.009569,0.009441,0.009463,11840797.0
2025-04-27 13:55:00+09:00,0.009464,0.009508,0.009442,0.009475,6218158.0
2025-04-27 14:00:00+09:00,0.009475,0.00953,0.009441,0.00951,10043182.0
2025-04-27 14:05:00+09:00,0.009509,0.009563,0.009497,0.009497,8611218.0
2025-04-27 14:10:00+09:00,0.009496,0.009532,0.009449,0.009461,11228956.0
2025-04-27 14:15:00+09:00,0.009461,0.009522,0.009388,0.0094,29784569.0
2025-04-27 14:20:00+09:00,0.009399,0.009404,0.009277,0.009303,16060081.0
2025-04-27 14:25:00+09:00,0.009302,0.009331,0.009264,0.009286,12161567.0
2025-04-27 14:30:00+09:00,0.009284,0.009326,0.009271,0.0093,9548622.0
2025-04-27 14:35:00+09:00,0.009299,0.009416,0.00929,0.009402,11190696.0
2025-04-27 14:40:00+09:00,0.009401,0.009445,0.009395,0.009415,7921272.0
2025-04-27 14:45:00+09:00,0.009415,0.009549,0.009411,0.009549,7335008.0
2025-04-27 14:50:00+09:00,0.009547,0.00966,0.009513,0.009637,21368249.0
2025-04-27 14:55:00+09:00,0.009637,0.00966,0.009504,0.009512,6537988.0
2025-04-27 15:00:00+09:00,0.009512,0.0096,0.009477,0.00959,9405555.0
2025-04-27 15:05:00+09:00,0.009593,0.009676,0.00956,0.009673,9061702.0
2025-04-27 15:10:00+09:00,0.009674,0.009749,0.009633,0.009746,7565918.0
2025-04-27 15:15:00+09:00,0.009747,0.009778,0.009688,0.00971,15106037.0
2025-04-27 15:20:00+09:00,0.009712,0.0098,0.0097,0.009773,6880493.0
2025-04-27 15:25:00+09:00,0.009772,0.009823,0.009747,0.009791,6320311.0
2025-04-27 15:30:00+09:00,0.009791,0.009835,0.009706,0.009725,15541497.0
2025-04-27 15:35:00+09:00,0.009724,0.009737,0.009581,0.009596,12200578.0
2025-04-27 15:40:00+09:00,0.009596,0.009624,0.009576,0.009606,6228164.0
2025-04-27 15:45:00+09:00,0.009606,0.009662,0.009565,0.009621,11834344.0
2025-04-27 15:50:00+09:00,0.009624,0.009745,0.00958,0.009738,20684092.0
2025-04-27 15:55:00+09:00,0.009738,0.009741,0.009618,0.009641,6514891.0
2025-04-27 16:00:00+09:00,0.009644,0.009738,0.009619,0.009721,5907495.0
2025-04-27 16:05:00+09:00,0.009722,0.00973,0.009634,0.009655,9307536.0
2025-04-27 16:10:00+09:00,0.009654,0.009718,0.009643,0.009712,4474953.0
2025-04-27 16:15:00+09:00,0.009715,0.009896,0.009696,0.009861,28638480.0
2025-04-27 16:20:00+09:00,0.00986,0.009973,0.009827,0.009923,21443476.0
2025-04-27 16:25:00+09:00,0.009922,0.010185,0.00991,0.010146,55599921.0
2025-04-27 16:30:00+09:00,0.010144,0.010222,0.009943,0.010003,45007912.0
2025-04-27 16:35:00+09:00,0.010003,0.010018,0.009819,0.009889,23458658.0
2025-04-27 16:40:00+09:00,0.009888,0.009914,0.009782,0.009821,15189581.0
2025-04-27 16:45:00+09:00,0.009822,0.009825,0.009679,0.00974,20188804.0
2025-04-27 16:50:00+09:00,0.00974,0.009816,0.009685,0.009808,12155561.0
2025-04-27 16:55:00+09:00,0.009807,0.00988,0.009757,0.009808,12887257.0
2025-04-27 17:00:00+09:00,0.00981,0.009812,0.009685,0.009727,11775368.0
2025-04-27 17:05:00+09:00,0.009726,0.009811,0.009701,0.0098,6593184.0
2025-04-27 17:10:00+09:00,0.009799,0.009931,0.009766,0.009875,12200660.0
2025-04-27 17:15:00+09:00,0.009874,0.010077,0.009869,0.009984,22746958.0
2025-04-27 17:20:00+09:00,0.009989,0.010136,0.009943,0.010035,30171725.0
2025-04-27 17:25:00+09:00,0.010035,0.010084,0.009977,0.01007,11371812.0
2025-04-27 17:30:00+09:00,0.010072,0.010311,0.010053,0.01022,69701507.0
2025-04-27 17:35:00+09:00,0.01022,0.010267,0.01009,0.010136,41152163.0
2025-04-27 17:40:00+09:00,0.010138,0.010251,0.010114,0.010249,23883699.0
2025-04-27 17:45:00+09:00,0.010248,0.010383,0.010177,0.010286,71236059.0
2025-04-27 17:50:00+09:00,0.010286,0.010332,0.01018,0.010298,30922509.0
2025-04-27 17:55:00+09:00,0.010303,0.010592,0.010296,0.010544,69258604.0
2025-04-27 18:00:00+09:00,0.010538,0.010585,0.010363,0.010415,59871681.0
2025-04-27 18:05:00+09:00,0.010416,0.010493,0.010342,0.010438,32199088.0
2025-04-27 18:10:00+09:00,0.010438,0.010493,0.010285,0.010357,41532763.0
2025-04-27 18:15:00+09:00,0.010354,0.010472,0.010341,0.010434,23079859.0
2025-04-27 18:20:00+09:00,0.010433,0.010439,0.010156,0.010185,26521476.0
2025-04-27 18:25:00+09:00,0.010185,0.010375,0.01017,0.010365,23660669.0
2025-04-27 18:30:00+09:00,0.010364,0.010687,0.01034,0.01065,28895675.0
2025-04-27 18:35:00+09:00,0.010649,0.010826,0.010548,0.010802,51590981.0
2025-04-27 18:40:00+09:00,0.010801,0.010875,0.010743,0.010767,49894735.0
2025-04-27 18:45:00+09:00,0.01077,0.010837,0.010505,0.010534,57098026.0
2025-04-27 18:50:00+09:00,0.010537,0.010699,0.010469,0.010696,25098490.0
2025-04-27 18:55:00+09:00,0.01069,0.010761,0.01061,0.010699,25035918.0
2025-04-27 19:00:00+09:00,0.010697,0.010773,0.010589,0.010659,35145971.0
2025-04-27 19:05:00+09:00,0.010659,0.010712,0.010314,0.010383,116276259.0
2025-04-27 19:10:00+09:00,0.010384,0.010391,0.010181,0.01028,91667720.0
2025-04-27 19:15:00+09:00,0.010283,0.010419,0.010259,0.010348,46381525.0
2025-04-27 19:20:00+09:00,0.01035,0.010412,0.010293,0.010368,34035803.0
2025-04-27 19:25:00+09:00,0.01037,0.010385,0.01023,0.010259,20454480.0
2025-04-27 19:30:00+09:00,0.010257,0.010371,0.010226,0.010332,18454671.0
2025-04-27 19:35:00+09:00,0.010333,0.010342,0.010174,0.01022,19258336.0
2025-04-27 19:40:00+09:00,0.010217,0.0103,0.010164,0.010299,12795163.0
2025-04-27 19:45:00+09:00,0.0103,0.010308,0.010193,0.010225,9479697.0
2025-04-27 19:50:00+09:00,0.010226,0.010255,0.010173,0.010185,15671713.0
2025-04-27 19:55:00+09:00,0.010186,0.010212,0.010141,0.010159,12773109.0
2025-04-27 20:00:00+09:00,0.010159,0.010251,0.010126,0.010171,28237319.0
2025-04-27 20:05:00+09:00,0.010169,0.010267,0.010132,0.010175,31903428.0
2025-04-27 20:10:00+09:00,0.010175,0.01018,0.010082,0.010133,20872946.0
2025-04-27 20:15:00+09:00,0.010133,0.010149,0.01,0.010096,49303094.0
2025-04-27 20:20:00+09:00,0.010098,0.010372,0.010085,0.010371,36005142.0
2025-04-27 20:25:00+09:00,0.010373,0.010403,0.010185,0.010208,17728927.0
2025-04-27 20:30:00+09:00,0.010213,0.01037,0.010165,0.010332,17955134.0
2025-04-27 20:35:00+09:00,0.010333,0.010497,0.010288,0.01049,17859375.0
2025-04-27 20:40:00+09:00,0.010484,0.010524,0.01034,0.010463,24084714.0
2025-04-27 20:45:00+09:00,0.010465,0.010553,0.010405,0.010449,16877096.0
2025-04-27 20:50:00+09:00,0.01045,0.010611,0.010435,0.010489,27399883.0
2025-04-27 20:55:00+09:00,0.010488,0.01059,0.01048,0.01056,25978860.0
2025-04-27 21:00:00+09:00,0.010559,0.01058,0.010385,0.010407,22348390.0
2025-04-27 21:05:00+09:00,0.010404,0.010495,0.010308,0.010495,26101607.0
2025-04-27 21:10:00+09:00,0.010496,0.010547,0.010367,0.010438,27540252.0
2025-04-27 21:15:00+09:00,0.010432,0.010491,0.010399,0.010484,9427319.0
2025-04-27 21:20:00+09:00,0.01049,0.010584,0.010473,0.010493,21972705.0
2025-04-27 21:25:00+09:00,0.010489,0.010493,0.01041,0.010436,10337898.0
2025-04-27 21:30:00+09:00,0.010437,0.010439,0.010297,0.010378,23347426.0
2025-04-27 21:35:00+09:00,0.010376,0.010433,0.010331,0.010366,18256666.0
2025-04-27 21:40:00+09:00,0.010368,0.010566,0.01035,0.010404,48253953.0
2025-04-27 21:45:00+09:00,0.010404,0.010477,0.010281,0.01036,26952862.0
2025-04-27 21:50:00+09:00,0.01036,0.010424,0.010249,0.010249,19003925.0
2025-04-27 21:55:00+09:00,0.010249,0.010298,0.010178,0.010216,13299925.0
2025-04-27 22:00:00+09:00,0.010213,0.010267,0.010071,0.010082,28397859.0
2025-04-27 22:05:00+09:00,0.010079,0.010117,0.009739,0.009812,77156709.0
2025-04-27 22:10:00+09:00,0.009815,0.009851,0.009754,0.009818,36188858.0
2025-04-27 22:15:00+09:00,0.009821,0.009982,0.009724,0.009975,28461028.0
2025-04-27 22:20:00+09:00,0.009972,0.009978,0.009874,0.009897,15755326.0
2025-04-27 22:25:00+09:00,0.009897,0.01006,0.009897,0.010026,20387847.0
2025-04-27 22:30:00+09:00,0.010027,0.01019,0.009985,0.010127,21800682.0
2025-04-27 22:35:00+09:00,0.01013,0.010159,0.010035,0.010128,7117823.0
2025-04-27 22:40:00+09:00,0.010127,0.010214,0.010057,0.010176,42542056.0
2025-04-27 22:45:00+09:00,0.010175,0.01037,0.01017,0.010326,33282446.0
2025-04-27 22:50:00+09:00,0.010326,0.010338,0.010254,0.01032,14006801.0
2025-04-27 22:55:00+09:00,0.01032,0.010462,0.01032,0.010428,23161899.0
2025-04-27 23:00:00+09:00,0.010421,0.0105,0.010244,0.010295,32479715.0
2025-04-27 23:05:00+09:00,0.010293,0.010371,0.010268,0.01028,8699909.0
2025-04-27 23:10:00+09:00,0.010281,0.010316,0.010171,0.010199,17286146.0
2025-04-27 23:15:00+09:00,0.010201,0.010359,0.010175,0.010326,23482631.0
2025-04-27 23:20:00+09:00,0.010326,0.010379,0.010242,0.010368,30637042.0
2025-04-27 23:25:00+09:00,0.010367,0.010407,0.010303,0.010313,22327757.0
2025-04-27 23:30:00+09:00,0.010316,0.01034,0.010214,0.01024,7261353.0
2025-04-27 23:35:00+09:00,0.010242,0.010276,0.010166,0.010179,19694462.0
2025-04-27 23:40:00+09:00,0.01018,0.010195,0.010035,0.010097,49154337.0
2025-04-27 23:45:00+09:00,0.010095,0.010225,0.010084,0.010193,21982653.0
2025-04-27 23:50:00+09:00,0.010198,0.010198,0.010088,0.010152,21227667.0
2025-04-27 23:55:00+09:00,0.010152,0.010182,0.010113,0.010144,13658217.0
2025-04-28 00:00:00+09:00,0.010145,0.0103,0.010132,0.010285,13523621.0
2025-04-28 00:05:00+09:00,0.010286,0.010356,0.010168,0.010175,27179381.0
2025-04-28 00:10:00+09:00,0.010177,0.010286,0.010174,0.010236,9580872.0
2025-04-28 00:15:00+09:00,0.010237,0.010344,0.010237,0.010313,13599387.0
2025-04-28 00:20:00+09:00,0.010315,0.010436,0.010305,0.010364,26550317.0
2025-04-28 00:25:00+09:00,0.010361,0.010373,0.010209,0.010234,15951434.0
2025-04-28 00:30:00+09:00,0.010232,0.010337,0.010225,0.010273,16852685.0
2025-04-28 00:35:00+09:00,0.010272,0.010381,0.010269,0.010365,18154206.0
2025-04-28 00:40:00+09:00,0.010368,0.010433,0.010349,0.010394,16353042.0
2025-04-28 00:45:00+09:00,0.010391,0.01095,0.010387,0.010678,106218400.0
2025-04-28 00:50:00+09:00,0.010677,0.010703,0.010565,0.010614,30026181.0
2025-04-28 00:55:00+09:00,0.010615,0.010763,0.010611,0.010687,27294749.0
2025-04-28 01:00:00+09:00,0.010688,0.010789,0.010623,0.010779,29163866.0
2025-04-28 01:05:00+09:00,0.01078,0.011194,0.010773,0.011119,94823118.0
2025-04-28 01:10:00+09:00,0.011113,0.011184,0.01096,0.011162,49578824.0
2025-04-28 01:15:00+09:00,0.011167,0.011389,0.01095,0.011109,110333886.0
2025-04-28 01:20:00+09:00,0.011107,0.011187,0.011,0.011019,38984358.0
2025-04-28 01:25:00+09:00,0.011025,0.011039,0.010732,0.010949,72623260.0
2025-04-28 01:30:00+09:00,0.010951,0.011096,0.010903,0.010929,30634948.0
2025-04-28 01:35:00+09:00,0.010938,0.010957,0.010723,0.010913,34288523.0
2025-04-28 01:40:00+09:00,0.010914,0.011055,0.010913,0.01102,18300293.0
2025-04-28 01:45:00+09:00,0.011021,0.011183,0.011008,0.01111,42845250.0
2025-04-28 01:50:00+09:00,0.011111,0.011251,0.011081,0.011151,32579976.0
2025-04-28 01:55:00+09:00,0.011148,0.011194,0.010934,0.011179,38454482.0
2025-04-28 02:00:00+09:00,0.011179,0.011182,0.010998,0.011103,29194493.0
2025-04-28 02:05:00+09:00,0.011102,0.011111,0.010886,0.010936,36071579.0
2025-04-28 02:10:00+09:00,0.010934,0.011066,0.010884,0.011002,33388712.0
2025-04-28 02:15:00+09:00,0.011004,0.011036,0.010926,0.01102,30310953.0
2025-04-28 02:20:00+09:00,0.011021,0.011121,0.010907,0.010918,32264500.0
2025-04-28 02:25:00+09:00,0.010919,0.010992,0.010831,0.010942,25786752.0
2025-04-28 02:30:00+09:00,0.010939,0.010969,0.010851,0.01092,21433930.0
2025-04-28 02:35:00+09:00,0.010919,0.010962,0.0108,0.010834,19325812.0
2025-04-28 02:40:00+09:00,0.010834,0.01088,0.0108,0.010863,17653376.0
2025-04-28 02:45:00+09:00,0.010868,0.010884,0.010794,0.010816,14562485.0
2025-04-28 02:50:00+09:00,0.010816,0.010945,0.010785,0.01086,20718329.0
2025-04-28 02:55:00+09:00,0.010862,0.010964,0.01086,0.010921,14365067.0
2025-04-28 03:00:00+09:00,0.010921,0.010976,0.010848,0.01088,14418073.0
2025-04-28 03:05:00+09:00,0.010878,0.011116,0.010876,0.011074,26510284.0
2025-04-28 03:10:00+09:00,0.011078,0.011166,0.011028,0.011119,20409666.0
2025-04-28 03:15:00+09:00,0.011119,0.011368,0.011119,0.011338,28605723.0
2025-04-28 03:20:00+09:00,0.011337,0.011536,0.011271,0.011492,40165092.0
2025-04-28 03:25:00+09:00,0.01149,0.011557,0.011356,0.011356,46681753.0
2025-04-28 03:30:00+09:00,0.011356,0.011533,0.011307,0.011441,23192252.0
2025-04-28 03:35:00+09:00,0.011441,0.011471,0.011317,0.011375,17263046.0
2025-04-28 03:40:00+09:00,0.011372,0.01146,0.01134,0.011422,20694203.0
2025-04-28 03:45:00+09:00,0.01142,0.011464,0.011315,0.011344,25953979.0
2025-04-28 03:50:00+09:00,0.011347,0.011415,0.011264,0.011353,19426239.0
2025-04-28 03:55:00+09:00,0.011348,0.011413,0.011323,0.011335,8649542.0
2025-04-28 04:00:00+09:00,0.011333,0.011365,0.011165,0.011285,25148736.0
2025-04-28 04:05:00+09:00,0.011281,0.011417,0.01127,0.01128,15126712.0
2025-04-28 04:10:00+09:00,0.011279,0.011305,0.011099,0.01112,23400561.0
2025-04-28 04:15:00+09:00,0.011114,0.011211,0.011036,0.01109,23215358.0
2025-04-28 04:20:00+09:00,0.011088,0.011088,0.010931,0.011032,19185377.0
2025-04-28 04:25:00+09:00,0.011031,0.011105,0.01099,0.010999,10857933.0
2025-04-28 04:30:00+09:00,0.010998,0.011004,0.010853,0.010956,19572170.0
2025-04-28 04:35:00+09:00,0.010953,0.011178,0.010942,0.011172,10054473.0
2025-04-28 04:40:00+09:00,0.01117,0.01117,0.01109,0.011119,10448575.0
2025-04-28 04:45:00+09:00,0.011121,0.011212,0.011121,0.011143,13820371.0
2025-04-28 04:50:00+09:00,0.011143,0.011144,0.011032,0.011085,9733570.0
2025-04-28 04:55:00+09:00,0.01108,0.01108,0.010951,0.010991,9414556.0
2025-04-28 05:00:00+09:00,0.010989,0.010989,0.01089,0.010902,11472309.0
2025-04-28 05:05:00+09:00,0.0109,0.011076,0.010892,0.010988,10916687.0
2025-04-28 05:10:00+09:00,0.010988,0.011071,0.01097,0.011038,8615374.0
2025-04-28 05:15:00+09:00,0.011037,0.011116,0.011029,0.011116,7415389.0
2025-04-28 05:20:00+09:00,0.01112,0.011127,0.011005,0.011045,8191363.0
2025-04-28 05:25:00+09:00,0.011047,0.011132,0.011021,0.011126,7271683.0
2025-04-28 05:30:00+09:00,0.011128,0.011303,0.011128,0.011294,23005962.0
2025-04-28 05:35:00+09:00,0.011295,0.011393,0.01125,0.011317,16695164.0
2025-04-28 05:40:00+09:00,0.011314,0.011334,0.011225,0.011247,8159707.0
2025-04-28 05:45:00+09:00,0.011247,0.011252,0.011138,0.011236,16212150.0
2025-04-28 05:50:00+09:00,0.011235,0.011345,0.011208,0.011338,12992643.0
2025-04-28 05:55:00+09:00,0.01134,0.011426,0.011303,0.011394,16110685.0
2025-04-28 06:00:00+09:00,0.011393,0.011724,0.011349,0.011702,35249548.0
2025-04-28 06:05:00+09:00,0.011701,0.01205,0.011622,0.011796,90980507.0
2025-04-28 06:10:00+09:00,0.0118,0.011892,0.011707,0.011802,31048485.0
2025-04-28 06:15:00+09:00,0.011806,0.011891,0.011717,0.011721,30316293.0
2025-04-28 06:20:00+09:00,0.011725,0.011877,0.011723,0.011731,15801741.0
2025-04-28 06:25:00+09:00,0.011736,0.011876,0.011732,0.011803,13945107.0
2025-04-28 06:30:00+09:00,0.011806,0.011863,0.011741,0.011744,17794951.0
2025-04-28 06:35:00+09:00,0.011744,0.011799,0.011696,0.011774,21202260.0
2025-04-28 06:40:00+09:00,0.011772,0.01179,0.01169,0.011755,7987969.0
2025-04-28 06:45:00+09:00,0.011756,0.011771,0.011675,0.011692,7444104.0
2025-04-28 06:50:00+09:00,0.011691,0.01173,0.011677,0.011715,8445269.0
2025-04-28 06:55:00+09:00,0.011719,0.011891,0.011713,0.011889,14127367.0
2025-04-28 07:00:00+09:00,0.011889,0.01265,0.011883,0.012375,92289680.0
2025-04-28 07:05:00+09:00,0.012377,0.01265,0.012231,0.012506,53315867.0
2025-04-28 07:10:00+09:00,0.012508,0.01261,0.0124,0.012582,29933602.0
2025-04-28 07:15:00+09:00,0.012584,0.012675,0.012438,0.01252,38644569.0
2025-04-28 07:20:00+09:00,0.012521,0.012548,0.012333,0.012365,28320441.0
2025-04-28 07:25:00+09:00,0.012367,0.012407,0.012236,0.012334,30362330.0
2025-04-28 07:30:00+09:00,0.012328,0.012338,0.012059,0.012204,38664086.0
2025-04-28 07:35:00+09:00,0.012206,0.012368,0.012204,0.012305,19755402.0
2025-04-28 07:40:00+09:00,0.012301,0.012547,0.012301,0.012479,26942222.0
2025-04-28 07:45:00+09:00,0.012474,0.012618,0.012419,0.01256,42986854.0
2025-04-28 07:50:00+09:00,0.012551,0.013172,0.012538,0.012902,141299363.0
2025-04-28 07:55:00+09:00,0.012901,0.013182,0.012856,0.012869,124200016.0
2025-04-28 08:00:00+09:00,0.012866,0.013074,0.012789,0.012998,56762420.0
2025-04-28 08:05:00+09:00,0.013,0.013229,0.012937,0.0132,81489398.0
2025-04-28 08:10:00+09:00,0.013195,0.013204,0.012967,0.013097,60570779.0
2025-04-28 08:15:00+09:00,0.013097,0.013433,0.013063,0.013287,98018385.0
2025-04-28 08:20:00+09:00,0.013286,0.013369,0.012974,0.013067,90956632.0
2025-04-28 08:25:00+09:00,0.013057,0.013118,0.012847,0.0131,58823281.0
2025-04-28 08:30:00+09:00,0.0131,0.013125,0.012875,0.012994,30703692.0
2025-04-28 08:35:00+09:00,0.012994,0.013066,0.012909,0.013012,24179373.0
2025-04-28 08:40:00+09:00,0.013013,0.013054,0.012841,0.012863,19216239.0
2025-04-28 08:45:00+09:00,0.012862,0.013169,0.012855,0.013099,25823954.0
2025-04-28 08:50:00+09:00,0.013099,0.013132,0.012981,0.013093,24682437.0
2025-04-28 08:55:00+09:00,0.013092,0.013095,0.012733,0.012739,28706233.0
2025-04-28 09:00:00+09:00,0.012741,0.012783,0.012597,0.012745,56496058.0
2025-04-28 09:05:00+09:00,0.012749,0.012888,0.012653,0.012836,27006159.0
2025-04-28 09:10:00+09:00,0.012841,0.012928,0.012525,0.012638,37639739.0
2025-04-28 09:15:00+09:00,0.012632,0.012717,0.012537,0.012691,29294297.0
2025-04-28 09:20:00+09:00,0.012691,0.012804,0.012382,0.012402,46998154.0
2025-04-28 09:25:00+09:00,0.012403,0.012537,0.012336,0.012472,26086167.0
2025-04-28 09:30:00+09:00,0.012473,0.012575,0.012348,0.012385,30185592.0
2025-04-28 09:35:00+09:00,0.012384,0.012534,0.01237,0.012517,14383779.0
2025-04-28 09:40:00+09:00,0.012518,0.012606,0.01246,0.012551,18017828.0
2025-04-28 09:45:00+09:00,0.012552,0.01256,0.012143,0.012215,98395029.0
2025-04-28 09:50:00+09:00,0.012216,0.012298,0.012016,0.012227,101735592.0
2025-04-28 09:55:00+09:00,0.01223,0.012335,0.012172,0.012211,23250933.0
2025-04-28 10:00:00+09:00,0.012209,0.012364,0.012131,0.012287,42968152.0
2025-04-28 10:05:00+09:00,0.01229,0.012485,0.01229,0.012344,37595160.0
2025-04-28 10:10:00+09:00,0.012342,0.012468,0.012321,0.012441,18462201.0
2025-04-28 10:15:00+09:00,0.012442,0.012469,0.012225,0.012289,19330980.0
2025-04-28 10:20:00+09:00,0.012288,0.012392,0.012241,0.01233,19128338.0
2025-04-28 10:25:00+09:00,0.01233,0.012486,0.01233,0.012451,20690614.0
2025-04-28 10:30:00+09:00,0.01245,0.012487,0.012162,0.012189,24007313.0
2025-04-28 10:35:00+09:00,0.01219,0.012213,0.012043,0.012074,38904787.0
2025-04-28 10:40:00+09:00,0.012069,0.012095,0.011827,0.011947,51283183.0
2025-04-28 10:45:00+09:00,0.011945,0.012134,0.011909,0.012107,28479760.0
2025-04-28 10:50:00+09:00,0.012106,0.012191,0.012053,0.012137,21726626.0
2025-04-28 10:55:00+09:00,0.012136,0.012358,0.012132,0.01234,29580548.0
2025-04-28 11:00:00+09:00,0.012337,0.012363,0.012185,0.012254,26936652.0
2025-04-28 11:05:00+09:00,0.012251,0.012645,0.01225,0.012503,42852039.0
2025-04-28 11:10:00+09:00,0.012501,0.012574,0.012361,0.012527,64356473.0
2025-04-28 11:15:00+09:00,0.01253,0.012623,0.012437,0.01261,41247404.0
2025-04-28 11:20:00+09:00,0.012609,0.012727,0.012549,0.012616,36772560.0
2025-04-28 11:25:00+09:00,0.012612,0.012634,0.012521,0.012612,15665219.0
2025-04-28 11:30:00+09:00,0.012614,0.012616,0.012378,0.012442,25044367.0
2025-04-28 11:35:00+09:00,0.012442,0.01248,0.012261,0.012314,21841587.0
2025-04-28 11:40:00+09:00,0.012314,0.012354,0.012216,0.012276,15815863.0
2025-04-28 11:45:00+09:00,0.012274,0.012335,0.01224,0.012298,11154785.0
2025-04-28 11:50:00+09:00,0.012298,0.012309,0.012225,0.012234,6536947.0
2025-04-28 11:55:00+09:00,0.012235,0.012305,0.01219,0.012235,12388017.0
2025-04-28 12:00:00+09:00,0.012234,0.01224,0.012031,0.012066,22199448.0
2025-04-28 12:05:00+09:00,0.012067,0.012161,0.012067,0.012152,8420718.0
2025-04-28 12:10:00+09:00,0.01215,0.012288,0.012131,0.012246,15584441.0
2025-04-28 12:15:00+09:00,0.012247,0.012379,0.012241,0.012348,18982046.0
2025-04-28 12:20:00+09:00,0.012345,0.012413,0.012167,0.012245,62686042.0
2025-04-28 12:25:00+09:00,0.012241,0.012374,0.012223,0.012347,16683679.0
2025-04-28 12:30:00+09:00,0.012348,0.012508,0.012335,0.012431,19994992.0
2025-04-28 12:35:00+09:00,0.012433,0.012489,0.012392,0.012398,17831759.0
2025-04-28 12:40:00+09:00,0.0124,0.012412,0.012281,0.012329,12211117.0
2025-04-28 12:45:00+09:00,0.012339,0.012352,0.012103,0.012143,19498850.0
2025-04-28 12:50:00+09:00,0.012143,0.012243,0.012086,0.012223,9978257.0
2025-04-28 12:55:00+09:00,0.012222,0.012313,0.012193,0.012278,15685734.0
2025-04-28 13:00:00+09:00,0.012278,0.012286,0.012189,0.012232,9433289.0
2025-04-28 13:05:00+09:00,0.012232,0.012285,0.0121,0.012276,23077445.0
2025-04-28 13:10:00+09:00,0.012281,0.012572,0.012261,0.012467,59480305.0
2025-04-28 13:15:00+09:00,0.012466,0.012494,0.012321,0.012414,39134060.0
2025-04-28 13:20:00+09:00,0.012416,0.012717,0.012394,0.01251,66265252.0
2025-04-28 13:25:00+09:00,0.01251,0.012577,0.012446,0.012519,15610137.0
2025-04-28 13:30:00+09:00,0.012515,0.012526,0.012371,0.012405,11363577.0
2025-04-28 13:35:00+09:00,0.012399,0.01285,0.012393,0.012733,42451961.0
2025-04-28 13:40:00+09:00,0.012737,0.012761,0.012608,0.012611,24732549.0
2025-04-28 13:45:00+09:00,0.012608,0.012755,0.012603,0.012635,17440754.0
2025-04-28 13:50:00+09:00,0.012635,0.012844,0.012629,0.012762,43098293.0
2025-04-28 13:55:00+09:00,0.012758,0.012896,0.01273,0.012859,20452186.0
2025-04-28 14:00:00+09:00,0.01286,0.01305,0.012827,0.012995,36823916.0
2025-04-28 14:05:00+09:00,0.012993,0.013287,0.012982,0.013259,64219655.0
2025-04-28 14:10:00+09:00,0.013256,0.0137,0.013249,0.013635,92494172.0
2025-04-28 14:15:00+09:00,0.013637,0.013798,0.013375,0.013472,98783425.0
2025-04-28 14:20:00+09:00,0.013475,0.013585,0.013341,0.013484,53524744.0
2025-04-28 14:25:00+09:00,0.013484,0.013553,0.013306,0.013402,46118029.0
2025-04-28 14:30:00+09:00,0.013403,0.013693,0.013239,0.013475,124105725.0
2025-04-28 14:35:00+09:00,0.013475,0.013567,0.013329,0.013379,38848613.0
2025-04-28 14:40:00+09:00,0.013381,0.013637,0.013361,0.013579,30130885.0
2025-04-28 14:45:00+09:00,0.013573,0.013951,0.013568,0.013928,81594270.0
2025-04-28 14:50:00+09:00,0.013924,0.013999,0.013773,0.013846,65134162.0
2025-04-28 14:55:00+09:00,0.013843,0.014063,0.013801,0.013812,59411576.0
2025-04-28 15:00:00+09:00,0.013815,0.013978,0.013731,0.01377,63824278.0
2025-04-28 15:05:00+09:00,0.013775,0.014094,0.013735,0.01401,48007939.0
2025-04-28 15:10:00+09:00,0.01401,0.014053,0.013769,0.013794,42845234.0
2025-04-28 15:15:00+09:00,0.01379,0.013838,0.013669,0.013801,52171823.0
2025-04-28 15:20:00+09:00,0.013802,0.013972,0.013785,0.013892,32428007.0
2025-04-28 15:25:00+09:00,0.013892,0.013894,0.0137,0.013768,29117482.0
2025-04-28 15:30:00+09:00,0.013771,0.014146,0.013766,0.014086,56403802.0
2025-04-28 15:35:00+09:00,0.014086,0.014118,0.013992,0.014031,26593553.0
2025-04-28 15:40:00+09:00,0.014032,0.01419,0.013941,0.013951,40192905.0
2025-04-28 15:45:00+09:00,0.013954,0.013954,0.013782,0.013876,25290422.0
2025-04-28 15:50:00+09:00,0.013872,0.013903,0.013612,0.013714,65385793.0
2025-04-28 15:55:00+09:00,0.013715,0.013723,0.013464,0.01356,163543855.0
2025-04-28 16:00:00+09:00,0.01356,0.013655,0.013287,0.013333,140196713.0
2025-04-28 16:05:00+09:00,0.013328,0.013456,0.013158,0.013205,116709040.0
2025-04-28 16:10:00+09:00,0.013214,0.013406,0.01314,0.013395,56269007.0
2025-04-28 16:15:00+09:00,0.013394,0.013394,0.013163,0.013249,29142745.0
2025-04-28 16:20:00+09:00,0.013248,0.013363,0.013215,0.013301,17259486.0
2025-04-28 16:25:00+09:00,0.013299,0.013423,0.013167,0.013213,58939840.0
2025-04-28 16:30:00+09:00,0.013212,0.013327,0.013202,0.013245,23137465.0
2025-04-28 16:35:00+09:00,0.013243,0.013332,0.01322,0.013274,23494762.0
2025-04-28 16:40:00+09:00,0.013276,0.01335,0.013235,0.013348,24221073.0
2025-04-28 16:45:00+09:00,0.013351,0.013459,0.0133,0.013322,36259321.0
2025-04-28 16:50:00+09:00,0.013322,0.013525,0.0133,0.013427,37753851.0
2025-04-28 16:55:00+09:00,0.013425,0.013445,0.013334,0.013374,17834985.0
2025-04-28 17:00:00+09:00,0.013373,0.013383,0.013121,0.013202,24108271.0
2025-04-28 17:05:00+09:00,0.013199,0.013291,0.01313,0.013133,18291947.0
2025-04-28 17:10:00+09:00,0.01314,0.013185,0.012852,0.012885,44288390.0
2025-04-28 17:15:00+09:00,0.012894,0.012981,0.012763,0.012826,34822526.0
2025-04-28 17:20:00+09:00,0.012825,0.013089,0.012789,0.012979,32255349.0
2025-04-28 17:25:00+09:00,0.012981,0.013157,0.012978,0.01314,18952168.0
2025-04-28 17:30:00+09:00,0.013142,0.01322,0.013097,0.013139,23338667.0
2025-04-28 17:35:00+09:00,0.013139,0.013139,0.012957,0.012989,22231417.0
2025-04-28 17:40:00+09:00,0.012991,0.01306,0.012942,0.013049,14735936.0
2025-04-28 17:45:00+09:00,0.013051,0.013118,0.013037,0.013091,10904928.0
2025-04-28 17:50:00+09:00,0.013092,0.013094,0.012923,0.01294,14100892.0
2025-04-28 17:55:00+09:00,0.012938,0.013009,0.01287,0.012924,21419070.0
2025-04-28 18:00:00+09:00,0.012925,0.013074,0.012902,0.01303,18858269.0
2025-04-28 18:05:00+09:00,0.013037,0.01311,0.012957,0.013007,21579914.0
2025-04-28 18:10:00+09:00,0.013008,0.013097,0.013002,0.013067,16682503.0
2025-04-28 18:15:00+09:00,0.013063,0.013286,0.013018,0.013195,43839975.0
2025-04-28 18:20:00+09:00,0.013189,0.013282,0.013088,0.013135,25844101.0
2025-04-28 18:25:00+09:00,0.013139,0.013157,0.013013,0.01302,25447236.0
2025-04-28 18:30:00+09:00,0.01302,0.013023,0.012851,0.012901,23915979.0
2025-04-28 18:35:00+09:00,0.012902,0.013016,0.012829,0.013002,45964170.0
2025-04-28 18:40:00+09:00,0.013006,0.013019,0.01285,0.012908,40971498.0
2025-04-28 18:45:00+09:00,0.012907,0.013016,0.012846,0.013006,25269826.0
2025-04-28 18:50:00+09:00,0.013006,0.013127,0.013003,0.013105,27610364.0
2025-04-28 18:55:00+09:00,0.013101,0.01311,0.012954,0.012991,16349845.0
2025-04-28 19:00:00+09:00,0.012989,0.01299,0.01283,0.012885,20927960.0
2025-04-28 19:05:00+09:00,0.012885,0.012961,0.012765,0.012935,42543156.0
2025-04-28 19:10:00+09:00,0.012935,0.012988,0.012862,0.012922,21629626.0
2025-04-28 19:15:00+09:00,0.012922,0.012944,0.012409,0.012507,93605366.0
2025-04-28 19:20:00+09:00,0.012509,0.012567,0.012399,0.012425,53519325.0
2025-04-28 19:25:00+09:00,0.012424,0.01246,0.012345,0.012401,58979604.0
2025-04-28 19:30:00+09:00,0.012404,0.012574,0.012389,0.012574,38621538.0
2025-04-28 19:35:00+09:00,0.012573,0.012641,0.012528,0.012637,52712923.0
2025-04-28 19:40:00+09:00,0.012632,0.012773,0.01262,0.012723,44266366.0
2025-04-28 19:45:00+09:00,0.012721,0.012784,0.012663,0.012674,32234864.0
2025-04-28 19:50:00+09:00,0.012673,0.012717,0.012575,0.012593,23037482.0
2025-04-28 19:55:00+09:00,0.012593,0.012715,0.012579,0.012604,13997374.0
2025-04-28 20:00:00+09:00,0.012603,0.012613,0.012214,0.012226,53802832.0
2025-04-28 20:05:00+09:00,0.012223,0.012455,0.012202,0.012395,45342249.0
2025-04-28 20:10:00+09:00,0.012401,0.012406,0.012053,0.012248,182346801.0
2025-04-28 20:15:00+09:00,0.012249,0.01233,0.012204,0.012289,28214767.0
2025-04-28 20:20:00+09:00,0.012289,0.012396,0.012271,0.01237,17623903.0
2025-04-28 20:25:00+09:00,0.012368,0.012462,0.012368,0.012426,21035406.0
2025-04-28 20:30:00+09:00,0.01243,0.012448,0.012325,0.012358,15308513.0
2025-04-28 20:35:00+09:00,0.012357,0.012409,0.012294,0.012322,17534950.0
2025-04-28 20:40:00+09:00,0.012321,0.012365,0.012259,0.0123,11846455.0
2025-04-28 20:45:00+09:00,0.012303,0.012361,0.012221,0.012267,17365222.0
2025-04-28 20:50:00+09:00,0.012267,0.012331,0.012235,0.012271,9414796.0
2025-04-28 20:55:00+09:00,0.012269,0.012283,0.012174,0.012263,17928934.0
2025-04-28 21:00:00+09:00,0.012262,0.012338,0.012229,0.012265,19460754.0
2025-04-28 21:05:00+09:00,0.012266,0.012441,0.012243,0.012382,37233434.0
2025-04-28 21:10:00+09:00,0.012378,0.012464,0.012358,0.012443,24006272.0
2025-04-28 21:15:00+09:00,0.012442,0.012598,0.012438,0.012557,30709778.0
2025-04-28 21:20:00+09:00,0.012551,0.012573,0.012433,0.01244,28039659.0
2025-04-28 21:25:00+09:00,0.012436,0.012475,0.012361,0.012366,22449634.0
2025-04-28 21:30:00+09:00,0.012366,0.01245,0.012265,0.01236,20555735.0
2025-04-28 21:35:00+09:00,0.012358,0.012392,0.012325,0.012365,13723306.0
2025-04-28 21:40:00+09:00,0.012364,0.012443,0.012323,0.012399,13171194.0
2025-04-28 21:45:00+09:00,0.012396,0.012539,0.012389,0.012503,14933477.0
2025-04-28 21:50:00+09:00,0.012502,0.012541,0.012443,0.012464,10851723.0
2025-04-28 21:55:00+09:00,0.012458,0.012458,0.01234,0.0124,16293227.0
2025-04-28 22:00:00+09:00,0.012407,0.012525,0.012386,0.012499,19828098.0
2025-04-28 22:05:00+09:00,0.012499,0.012531,0.012381,0.012521,21472758.0
2025-04-28 22:10:00+09:00,0.012521,0.012655,0.012458,0.012632,32993861.0
2025-04-28 22:15:00+09:00,0.012631,0.012811,0.012623,0.012758,52815600.0
2025-04-28 22:20:00+09:00,0.012758,0.012758,0.012499,0.012572,35693379.0
2025-04-28 22:25:00+09:00,0.012574,0.012582,0.012429,0.012469,20262286.0
2025-04-28 22:30:00+09:00,0.012468,0.012496,0.012247,0.012279,35546837.0
2025-04-28 22:35:00+09:00,0.012286,0.012334,0.012235,0.01224,18554490.0
2025-04-28 22:40:00+09:00,0.012242,0.01245,0.012242,0.012377,15327973.0
2025-04-28 22:45:00+09:00,0.012379,0.012424,0.012267,0.012287,12784451.0
2025-04-28 22:50:00+09:00,0.012289,0.012341,0.012267,0.012291,12517002.0
2025-04-28 22:55:00+09:00,0.012291,0.012354,0.011755,0.011829,105341799.0
2025-04-28 23:00:00+09:00,0.011829,0.011998,0.011806,0.011956,106919055.0
2025-04-28 23:05:00+09:00,0.011957,0.012055,0.011913,0.012031,27530546.0
2025-04-28 23:10:00+09:00,0.01203,0.01206,0.011989,0.012033,15055258.0
2025-04-28 23:15:00+09:00,0.012032,0.012215,0.012032,0.012094,21390668.0
2025-04-28 23:20:00+09:00,0.012093,0.012148,0.011957,0.012011,19696101.0
2025-04-28 23:25:00+09:00,0.012011,0.01214,0.011993,0.012048,35608778.0
2025-04-28 23:30:00+09:00,0.012049,0.012076,0.011951,0.011958,24841846.0
2025-04-28 23:35:00+09:00,0.011958,0.01204,0.011958,0.011994,11808080.0
2025-04-28 23:40:00+09:00,0.011994,0.012115,0.011982,0.012081,14198082.0
2025-04-28 23:45:00+09:00,0.012081,0.012171,0.011982,0.012021,16709678.0
2025-04-28 23:50:00+09:00,0.012021,0.012062,0.011832,0.011927,50108261.0
2025-04-28 23:55:00+09:00,0.011924,0.011957,0.011821,0.011908,55013414.0
2025-04-29 00:00:00+09:00,0.011911,0.012041,0.011889,0.012036,23554380.0
2025-04-29 00:05:00+09:00,0.01204,0.012095,0.012,0.012057,20368793.0
2025-04-29 00:10:00+09:00,0.012058,0.012059,0.011936,0.011987,18436882.0
2025-04-29 00:15:00+09:00,0.011985,0.012009,0.011854,0.011926,23552021.0
2025-04-29 00:20:00+09:00,0.011926,0.012014,0.011892,0.011947,16489588.0
2025-04-29 00:25:00+09:00,0.011947,0.011948,0.01178,0.011887,29091226.0
2025-04-29 00:30:00+09:00,0.011888,0.01196,0.011656,0.011687,55002222.0
2025-04-29 00:35:00+09:00,0.011689,0.011824,0.011678,0.011745,24698909.0
2025-04-29 00:40:00+09:00,0.011747,0.011787,0.011704,0.011743,14544031.0
2025-04-29 00:45:00+09:00,0.011742,0.011766,0.011631,0.011631,21049964.0
2025-04-29 00:50:00+09:00,0.01163,0.011683,0.011484,0.011504,41879575.0
2025-04-29 00:55:00+09:00,0.011501,0.011592,0.011474,0.011574,31536170.0
2025-04-29 01:00:00+09:00,0.011572,0.011594,0.011414,0.011493,44601597.0
2025-04-29 01:05:00+09:00,0.011489,0.011516,0.011412,0.011473,18178002.0
2025-04-29 01:10:00+09:00,0.01147,0.011506,0.011385,0.011475,32783592.0
2025-04-29 01:15:00+09:00,0.011476,0.011527,0.011304,0.011333,50712359.0
2025-04-29 01:20:00+09:00,0.011332,0.011486,0.011301,0.011481,21443407.0
2025-04-29 01:25:00+09:00,0.01148,0.011639,0.01148,0.011616,33669623.0
2025-04-29 01:30:00+09:00,0.011609,0.011723,0.01151,0.011699,24995831.0
2025-04-29 01:35:00+09:00,0.0117,0.01179,0.011661,0.01173,39933346.0
2025-04-29 01:40:00+09:00,0.011727,0.011782,0.011693,0.011735,10295805.0
2025-04-29 01:45:00+09:00,0.011735,0.011863,0.011728,0.011791,20721419.0
2025-04-29 01:50:00+09:00,0.011787,0.011831,0.011757,0.01182,15325450.0
2025-04-29 01:55:00+09:00,0.011819,0.011841,0.011747,0.011825,14106102.0
2025-04-29 02:00:00+09:00,0.011822,0.011893,0.011765,0.011893,29371913.0
2025-04-29 02:05:00+09:00,0.011893,0.011982,0.011864,0.011963,25184887.0
2025-04-29 02:10:00+09:00,0.011959,0.011964,0.011862,0.011898,18610444.0
2025-04-29 02:15:00+09:00,0.0119,0.012093,0.01187,0.012066,28920327.0
2025-04-29 02:20:00+09:00,0.012063,0.012264,0.012027,0.012236,59094324.0
2025-04-29 02:25:00+09:00,0.012233,0.012342,0.012137,0.012309,60391035.0
2025-04-29 02:30:00+09:00,0.012314,0.01237,0.012103,0.012142,43469800.0
2025-04-29 02:35:00+09:00,0.01214,0.012204,0.012102,0.012173,19259362.0
2025-04-29 02:40:00+09:00,0.012171,0.012252,0.012152,0.01217,20052545.0
2025-04-29 02:45:00+09:00,0.012168,0.012185,0.012005,0.012023,17639742.0
2025-04-29 02:50:00+09:00,0.012026,0.012175,0.01201,0.012093,21433967.0
2025-04-29 02:55:00+09:00,0.012093,0.012145,0.012051,0.012135,7806222.0
2025-04-29 03:00:00+09:00,0.012134,0.012147,0.012029,0.012123,12097107.0
2025-04-29 03:05:00+09:00,0.012122,0.012122,0.011978,0.011989,14043237.0
2025-04-29 03:10:00+09:00,0.011988,0.012005,0.011907,0.011916,16417721.0
2025-04-29 03:15:00+09:00,0.011916,0.012037,0.011916,0.011991,14399559.0
2025-04-29 03:20:00+09:00,0.011992,0.012008,0.011941,0.011972,5858363.0
2025-04-29 03:25:00+09:00,0.011973,0.011991,0.011923,0.011954,7094780.0
2025-04-29 03:30:00+09:00,0.011954,0.011998,0.011866,0.011949,24207700.0
2025-04-29 03:35:00+09:00,0.011947,0.011957,0.011888,0.011946,24988790.0
2025-04-29 03:40:00+09:00,0.011945,0.012084,0.011915,0.01202,46681219.0
2025-04-29 03:45:00+09:00,0.012017,0.012146,0.012009,0.012075,31739711.0
2025-04-29 03:50:00+09:00,0.012075,0.012195,0.012075,0.012158,16427660.0
2025-04-29 03:55:00+09:00,0.012157,0.012204,0.012101,0.012138,11316688.0
2025-04-29 04:00:00+09:00,0.012137,0.012333,0.012065,0.012305,33245346.0
2025-04-29 04:05:00+09:00,0.012305,0.012312,0.012237,0.012294,50300454.0
2025-04-29 04:10:00+09:00,0.012296,0.012299,0.012154,0.012188,12479662.0
2025-04-29 04:15:00+09:00,0.012188,0.012201,0.012103,0.012187,12220482.0
2025-04-29 04:20:00+09:00,0.012185,0.012212,0.012104,0.012146,13118852.0
2025-04-29 04:25:00+09:00,0.012146,0.012147,0.012062,0.0121,7314582.0
2025-04-29 04:30:00+09:00,0.012104,0.012285,0.012088,0.012268,10549732.0
2025-04-29 04:35:00+09:00,0.012264,0.012287,0.012186,0.012258,13560399.0
2025-04-29 04:40:00+09:00,0.012258,0.012258,0.012158,0.012169,9449149.0
2025-04-29 04:45:00+09:00,0.012171,0.01225,0.012148,0.012209,11151904.0
2025-04-29 04:50:00+09:00,0.01221,0.012306,0.01221,0.012261,14617422.0
2025-04-29 04:55:00+09:00,0.01226,0.012452,0.01226,0.012427,26505088.0
2025-04-29 05:00:00+09:00,0.012425,0.012458,0.012191,0.012206,27325658.0
2025-04-29 05:05:00+09:00,0.01221,0.012236,0.012147,0.012214,12101942.0
2025-04-29 05:10:00+09:00,0.012215,0.012274,0.01219,0.01222,8431170.0
2025-04-29 05:15:00+09:00,0.012222,0.012353,0.012214,0.012351,11033029.0
2025-04-29 05:20:00+09:00,0.01235,0.012454,0.012336,0.01239,17397804.0
2025-04-29 05:25:00+09:00,0.012387,0.012398,0.012303,0.012382,14995090.0
2025-04-29 05:30:00+09:00,0.012383,0.012399,0.012269,0.012293,8949550.0
2025-04-29 05:35:00+09:00,0.012294,0.01241,0.012279,0.012387,7881794.0
2025-04-29 05:40:00+09:00,0.012387,0.012449,0.0123,0.012318,10286419.0
2025-04-29 05:45:00+09:00,0.012319,0.012355,0.012292,0.012321,7214461.0
2025-04-29 05:50:00+09:00,0.01232,0.012396,0.012302,0.012302,6349937.0
2025-04-29 05:55:00+09:00,0.012302,0.012315,0.012218,0.012228,12013838.0
2025-04-29 06:00:00+09:00,0.012229,0.012356,0.012228,0.01235,11747012.0
2025-04-29 06:05:00+09:00,0.012349,0.012355,0.012268,0.012293,8092595.0
2025-04-29 06:10:00+09:00,0.012296,0.01245,0.012267,0.012417,18211366.0
2025-04-29 06:15:00+09:00,0.012419,0.012421,0.012295,0.012334,8521239.0
2025-04-29 06:20:00+09:00,0.012335,0.012402,0.0123,0.012324,4220482.0
2025-04-29 06:25:00+09:00,0.012321,0.012383,0.012299,0.012375,4895379.0
2025-04-29 06:30:00+09:00,0.012377,0.012424,0.012301,0.012338,6790749.0
2025-04-29 06:35:00+09:00,0.012338,0.012366,0.012283,0.012322,5513761.0
2025-04-29 06:40:00+09:00,0.012319,0.01232,0.012206,0.012226,8569447.0
2025-04-29 06:45:00+09:00,0.012227,0.012243,0.012149,0.012234,4902970.0
2025-04-29 06:50:00+09:00,0.012234,0.01225,0.012131,0.012187,12504592.0
2025-04-29 06:55:00+09:00,0.012187,0.01222,0.012164,0.012199,3589197.0
2025-04-29 07:00:00+09:00,0.012194,0.012308,0.012159,0.012171,13388865.0
2025-04-29 07:05:00+09:00,0.012173,0.012257,0.012149,0.012168,6015439.0
2025-04-29 07:10:00+09:00,0.012168,0.012168,0.012011,0.012079,18891314.0
2025-04-29 07:15:00+09:00,0.012081,0.012096,0.011946,0.011955,21593183.0
2025-04-29 07:20:00+09:00,0.011956,0.012016,0.01195,0.01201,8753443.0
2025-04-29 07:25:00+09:00,0.01201,0.012027,0.011963,0.011968,4222437.0
2025-04-29 07:30:00+09:00,0.011967,0.012072,0.011956,0.012058,9161095.0
2025-04-29 07:35:00+09:00,0.012058,0.012074,0.012008,0.012008,4757144.0
2025-04-29 07:40:00+09:00,0.012008,0.012065,0.011995,0.012,4276579.0
2025-04-29 07:45:00+09:00,0.012003,0.012086,0.01198,0.012052,8957908.0
2025-04-29 07:50:00+09:00,0.012052,0.012121,0.012038,0.012105,6585248.0
2025-04-29 07:55:00+09:00,0.012102,0.012159,0.012072,0.012148,6684834.0
2025-04-29 08:00:00+09:00,0.012148,0.012184,0.012041,0.01206,12155590.0
2025-04-29 08:05:00+09:00,0.012059,0.012069,0.011971,0.011975,7370247.0
2025-04-29 08:10:00+09:00,0.011978,0.012021,0.011919,0.011923,13377342.0
2025-04-29 08:15:00+09:00,0.011923,0.012006,0.011861,0.011872,16390615.0
2025-04-29 08:20:00+09:00,0.011872,0.011903,0.011822,0.011859,12560182.0
2025-04-29 08:25:00+09:00,0.011859,0.011868,0.011777,0.011784,11488087.0
2025-04-29 08:30:00+09:00,0.011786,0.011921,0.01177,0.011906,7664727.0
2025-04-29 08:35:00+09:00,0.011905,0.012036,0.011893,0.012034,9878549.0
2025-04-29 08:40:00+09:00,0.012037,0.012127,0.011995,0.012057,12673306.0
2025-04-29 08:45:00+09:00,0.012057,0.012065,0.011981,0.012037,14478441.0
2025-04-29 08:50:00+09:00,0.012038,0.01207,0.012007,0.012028,9282847.0
2025-04-29 08:55:00+09:00,0.012029,0.012143,0.012029,0.01208,11247324.0
2025-04-29 09:00:00+09:00,0.01208,0.012194,0.012063,0.01212,18172721.0
2025-04-29 09:05:00+09:00,0.012119,0.012173,0.012099,0.012142,11862301.0
2025-04-29 09:10:00+09:00,0.01214,0.012199,0.012075,0.01219,10090046.0
2025-04-29 09:15:00+09:00,0.01219,0.012198,0.012044,0.012053,11516463.0
2025-04-29 09:20:00+09:00,0.012053,0.012184,0.012023,0.012173,10060310.0
2025-04-29 09:25:00+09:00,0.012177,0.012317,0.012154,0.012163,21992755.0
2025-04-29 09:30:00+09:00,0.012164,0.012187,0.012055,0.012084,9624019.0
2025-04-29 09:35:00+09:00,0.012082,0.012159,0.012073,0.012097,6183378.0
2025-04-29 09:40:00+09:00,0.012096,0.0121,0.011978,0.011985,13066534.0
2025-04-29 09:45:00+09:00,0.011986,0.011994,0.011884,0.011954,18956565.0
2025-04-29 09:50:00+09:00,0.011956,0.012003,0.011912,0.011982,7468546.0
2025-04-29 09:55:00+09:00,0.011979,0.011979,0.011812,0.011837,11760895.0
2025-04-29 10:00:00+09:00,0.011836,0.011967,0.011791,0.011963,9381229.0
2025-04-29 10:05:00+09:00,0.011963,0.012038,0.011963,0.011997,6873618.0
2025-04-29 10:10:00+09:00,0.011996,0.012054,0.011953,0.011975,6372912.0
2025-04-29 10:15:00+09:00,0.011976,0.011979,0.011791,0.011812,21016135.0
2025-04-29 10:20:00+09:00,0.011811,0.012022,0.011772,0.011913,20130323.0
2025-04-29 10:25:00+09:00,0.011914,0.012028,0.011901,0.011992,7495849.0
2025-04-29 10:30:00+09:00,0.011993,0.012057,0.011917,0.012034,12634843.0
2025-04-29 10:35:00+09:00,0.012029,0.012158,0.012029,0.012128,9805819.0
2025-04-29 10:40:00+09:00,0.012126,0.012155,0.012049,0.012085,23073916.0
2025-04-29 10:45:00+09:00,0.012089,0.012138,0.011962,0.011971,9861109.0
2025-04-29 10:50:00+09:00,0.011974,0.011983,0.011863,0.011868,4494163.0
2025-04-29 10:55:00+09:00,0.011867,0.01196,0.011854,0.011944,8927582.0
2025-04-29 11:00:00+09:00,0.011943,0.011972,0.011805,0.01183,12104428.0
2025-04-29 11:05:00+09:00,0.01183,0.011902,0.01182,0.011829,8380410.0
2025-04-29 11:10:00+09:00,0.011829,0.011866,0.0118,0.011836,8402954.0
2025-04-29 11:15:00+09:00,0.011838,0.011928,0.011809,0.01185,7277113.0
2025-04-29 11:20:00+09:00,0.011851,0.0119,0.011789,0.011799,7653952.0
2025-04-29 11:25:00+09:00,0.011799,0.011843,0.011778,0.011786,6585762.0
2025-04-29 11:30:00+09:00,0.011788,0.011808,0.01171,0.011807,14427042.0
2025-04-29 11:35:00+09:00,0.011807,0.011847,0.011735,0.011749,7029571.0
2025-04-29 11:40:00+09:00,0.011749,0.011811,0.011718,0.011743,5484533.0
2025-04-29 11:45:00+09:00,0.011744,0.011753,0.011648,0.011648,14852723.0
2025-04-29 11:50:00+09:00,0.011648,0.011702,0.011611,0.011674,10189943.0
2025-04-29 11:55:00+09:00,0.011676,0.011708,0.011654,0.011657,6934091.0
2025-04-29 12:00:00+09:00,0.011656,0.011728,0.011639,0.011684,8276044.0
2025-04-29 12:05:00+09:00,0.011682,0.011745,0.01165,0.011725,8103012.0
2025-04-29 12:10:00+09:00,0.011727,0.011756,0.011625,0.011638,7098256.0
2025-04-29 12:15:00+09:00,0.011641,0.011706,0.01159,0.011621,11934230.0
2025-04-29 12:20:00+09:00,0.011622,0.011708,0.011618,0.011706,5164989.0
2025-04-29 12:25:00+09:00,0.011705,0.011758,0.011694,0.011718,5249819.0
2025-04-29 12:30:00+09:00,0.011719,0.011728,0.011638,0.011702,14139265.0
2025-04-29 12:35:00+09:00,0.0117,0.011722,0.011659,0.011714,6895049.0
2025-04-29 12:40:00+09:00,0.011718,0.011755,0.011698,0.01171,4253363.0
2025-04-29 12:45:00+09:00,0.011711,0.011772,0.011687,0.011687,5364626.0
2025-04-29 12:50:00+09:00,0.011688,0.0117,0.011653,0.01166,4521572.0
2025-04-29 12:55:00+09:00,0.011661,0.011679,0.011628,0.011637,4577382.0
2025-04-29 13:00:00+09:00,0.011637,0.011659,0.011591,0.011642,7234765.0
2025-04-29 13:05:00+09:00,0.011644,0.011663,0.011535,0.011547,8604895.0
2025-04-29 13:10:00+09:00,0.011544,0.011594,0.011516,0.01153,9773319.0
2025-04-29 13:15:00+09:00,0.01153,0.011536,0.011455,0.011464,11249527.0
2025-04-29 13:20:00+09:00,0.011464,0.011515,0.011432,0.011437,8340943.0
2025-04-29 13:25:00+09:00,0.011434,0.011518,0.011425,0.011476,14697072.0
2025-04-29 13:30:00+09:00,0.011478,0.011572,0.011478,0.011509,7085132.0
2025-04-29 13:35:00+09:00,0.011511,0.011516,0.011359,0.011368,18602723.0
2025-04-29 13:40:00+09:00,0.011371,0.01138,0.011289,0.011321,24268485.0
2025-04-29 13:45:00+09:00,0.011323,0.011323,0.011151,0.01116,19671206.0
2025-04-29 13:50:00+09:00,0.01116,0.011162,0.011041,0.011136,52445028.0
2025-04-29 13:55:00+09:00,0.011138,0.011312,0.011096,0.011295,15958967.0
2025-04-29 14:00:00+09:00,0.011292,0.011317,0.011187,0.011213,13187453.0
2025-04-29 14:05:00+09:00,0.011215,0.011301,0.011168,0.011274,12645627.0
2025-04-29 14:10:00+09:00,0.011276,0.011287,0.011222,0.011253,11724731.0
2025-04-29 14:15:00+09:00,0.011252,0.011377,0.011244,0.011323,15022827.0
2025-04-29 14:20:00+09:00,0.011321,0.011505,0.011271,0.011488,62383876.0
2025-04-29 14:25:00+09:00,0.011488,0.011489,0.011391,0.011428,19602914.0
2025-04-29 14:30:00+09:00,0.011428,0.01159,0.011428,0.011516,23796724.0
2025-04-29 14:35:00+09:00,0.011516,0.011671,0.011486,0.011624,15249464.0
2025-04-29 14:40:00+09:00,0.011623,0.011682,0.011569,0.011601,15789189.0
2025-04-29 14:45:00+09:00,0.0116,0.011611,0.011496,0.011541,9184015.0
2025-04-29 14:50:00+09:00,0.011543,0.011599,0.011512,0.011573,8347998.0
2025-04-29 14:55:00+09:00,0.011574,0.011642,0.011536,0.011635,6751712.0
2025-04-29 15:00:00+09:00,0.011635,0.011657,0.011572,0.011606,11573779.0
2025-04-29 15:05:00+09:00,0.011606,0.011654,0.011567,0.011629,10678582.0
2025-04-29 15:10:00+09:00,0.011628,0.011757,0.0116,0.011757,24211503.0
2025-04-29 15:15:00+09:00,0.011751,0.0118,0.011663,0.011663,17846739.0
2025-04-29 15:20:00+09:00,0.011661,0.011736,0.011644,0.011673,10579883.0
2025-04-29 15:25:00+09:00,0.011672,0.011707,0.01154,0.011587,21768471.0
2025-04-29 15:30:00+09:00,0.011592,0.011696,0.011577,0.011666,8696649.0
2025-04-29 15:35:00+09:00,0.011668,0.01172,0.011638,0.011671,5416564.0
2025-04-29 15:40:00+09:00,0.011675,0.011743,0.011628,0.011633,6835041.0
2025-04-29 15:45:00+09:00,0.01164,0.011729,0.011636,0.011667,5769095.0
2025-04-29 15:50:00+09:00,0.011661,0.011754,0.011645,0.011736,11676399.0
2025-04-29 15:55:00+09:00,0.011735,0.011814,0.011663,0.011812,9935315.0
2025-04-29 16:00:00+09:00,0.011816,0.011819,0.011751,0.011778,11133299.0
2025-04-29 16:05:00+09:00,0.011782,0.011891,0.011761,0.011791,10655947.0
2025-04-29 16:10:00+09:00,0.011792,0.011817,0.011738,0.011765,7712993.0
2025-04-29 16:15:00+09:00,0.011763,0.011883,0.011734,0.011876,12103765.0
2025-04-29 16:20:00+09:00,0.011871,0.011951,0.011867,0.011899,15962550.0
2025-04-29 16:25:00+09:00,0.011896,0.011955,0.011891,0.011933,8736403.0
2025-04-29 16:30:00+09:00,0.01193,0.01193,0.011835,0.011848,8186314.0
2025-04-29 16:35:00+09:00,0.011848,0.011931,0.011815,0.011895,23633753.0
2025-04-29 16:40:00+09:00,0.011894,0.012066,0.011891,0.012039,33024329.0
2025-04-29 16:45:00+09:00,0.01204,0.012059,0.011963,0.012032,7927801.0
2025-04-29 16:50:00+09:00,0.012028,0.012209,0.012021,0.012169,33874411.0
2025-04-29 16:55:00+09:00,0.01217,0.012197,0.012103,0.012139,10971553.0
2025-04-29 17:00:00+09:00,0.012139,0.012198,0.01204,0.012093,17095896.0
2025-04-29 17:05:00+09:00,0.012093,0.012151,0.012053,0.012063,11230727.0
2025-04-29 17:10:00+09:00,0.012061,0.012158,0.012041,0.012087,9727058.0
2025-04-29 17:15:00+09:00,0.012087,0.012131,0.011991,0.012041,18108157.0
2025-04-29 17:20:00+09:00,0.01204,0.012082,0.011989,0.012038,15649586.0
2025-04-29 17:25:00+09:00,0.012041,0.012073,0.011972,0.012012,7486202.0
2025-04-29 17:30:00+09:00,0.012013,0.012028,0.011944,0.011954,7317089.0
2025-04-29 17:35:00+09:00,0.011957,0.011968,0.011885,0.011911,9658635.0
2025-04-29 17:40:00+09:00,0.011911,0.011994,0.011899,0.011979,8294388.0
2025-04-29 17:45:00+09:00,0.011979,0.012027,0.011943,0.012021,5537551.0
2025-04-29 17:50:00+09:00,0.012019,0.012115,0.012017,0.012104,10696698.0
2025-04-29 17:55:00+09:00,0.012105,0.012281,0.01209,0.012124,32060715.0
2025-04-29 18:00:00+09:00,0.012124,0.012124,0.011972,0.011975,12256741.0
2025-04-29 18:05:00+09:00,0.011974,0.012061,0.011966,0.011981,6747995.0
2025-04-29 18:10:00+09:00,0.011982,0.012041,0.011979,0.012032,6767015.0
2025-04-29 18:15:00+09:00,0.012033,0.012112,0.012031,0.012092,10623310.0
2025-04-29 18:20:00+09:00,0.012091,0.012173,0.012047,0.01213,7844017.0
2025-04-29 18:25:00+09:00,0.01213,0.012272,0.012081,0.012089,12292234.0
2025-04-29 18:30:00+09:00,0.012091,0.012108,0.011979,0.011988,8687132.0
2025-04-29 18:35:00+09:00,0.01199,0.012075,0.011956,0.011999,7964944.0
2025-04-29 18:40:00+09:00,0.011998,0.012041,0.011921,0.011959,12346785.0
2025-04-29 18:45:00+09:00,0.011961,0.012109,0.011956,0.012105,6334084.0
2025-04-29 18:50:00+09:00,0.012107,0.012123,0.012042,0.012077,8043870.0
2025-04-29 18:55:00+09:00,0.012076,0.01209,0.012012,0.012049,6471854.0
2025-04-29 19:00:00+09:00,0.012049,0.012099,0.011977,0.011977,9011373.0
2025-04-29 19:05:00+09:00,0.011983,0.012009,0.011958,0.011984,5489058.0
2025-04-29 19:10:00+09:00,0.011983,0.011983,0.011913,0.011939,9075311.0
2025-04-29 19:15:00+09:00,0.011939,0.011982,0.011831,0.011847,12272613.0
2025-04-29 19:20:00+09:00,0.011847,0.011904,0.011835,0.011841,9856871.0
2025-04-29 19:25:00+09:00,0.011842,0.011877,0.011763,0.01177,19756700.0
2025-04-29 19:30:00+09:00,0.011771,0.011821,0.011726,0.01181,12643104.0
2025-04-29 19:35:00+09:00,0.01181,0.01183,0.011693,0.011706,12787107.0
2025-04-29 19:40:00+09:00,0.01171,0.01171,0.011581,0.01163,34528837.0
2025-04-29 19:45:00+09:00,0.011631,0.011707,0.011573,0.011668,25254503.0
2025-04-29 19:50:00+09:00,0.011665,0.011834,0.011639,0.011832,21738195.0
2025-04-29 19:55:00+09:00,0.011832,0.011902,0.011819,0.011891,7939787.0
2025-04-29 20:00:00+09:00,0.01189,0.011982,0.011867,0.011972,11626790.0
2025-04-29 20:05:00+09:00,0.011974,0.01208,0.011955,0.011983,14877222.0
2025-04-29 20:10:00+09:00,0.011979,0.012036,0.011941,0.01197,5882092.0
2025-04-29 20:15:00+09:00,0.011971,0.011977,0.011869,0.011875,9598032.0
2025-04-29 20:20:00+09:00,0.011876,0.011931,0.011855,0.011903,5691265.0
2025-04-29 20:25:00+09:00,0.011904,0.012032,0.0119,0.012004,11302804.0
2025-04-29 20:30:00+09:00,0.011999,0.012009,0.011898,0.011928,5117065.0
2025-04-29 20:35:00+09:00,0.011928,0.012086,0.011922,0.012037,13666713.0
2025-04-29 20:40:00+09:00,0.012038,0.012133,0.012038,0.012102,12932728.0
2025-04-29 20:45:00+09:00,0.012103,0.012174,0.012029,0.01215,22713744.0
2025-04-29 20:50:00+09:00,0.012151,0.012167,0.012076,0.012102,8837833.0
2025-04-29 20:55:00+09:00,0.012102,0.0123,0.012102,0.012239,34962115.0
2025-04-29 21:00:00+09:00,0.012238,0.012337,0.012166,0.012248,18944238.0
2025-04-29 21:05:00+09:00,0.012247,0.012271,0.012181,0.012184,9163007.0
2025-04-29 21:10:00+09:00,0.012182,0.012208,0.012123,0.012127,7961439.0
2025-04-29 21:15:00+09:00,0.012128,0.012164,0.012016,0.01216,20287766.0
2025-04-29 21:20:00+09:00,0.01216,0.012208,0.012124,0.012152,6959240.0
2025-04-29 21:25:00+09:00,0.012151,0.012175,0.012048,0.012083,10262270.0
2025-04-29 21:30:00+09:00,0.012086,0.012121,0.012013,0.012099,6427732.0
2025-04-29 21:35:00+09:00,0.0121,0.012206,0.012054,0.012107,9621307.0
2025-04-29 21:40:00+09:00,0.01211,0.012184,0.012086,0.012099,6558126.0
2025-04-29 21:45:00+09:00,0.0121,0.012194,0.012089,0.012098,9903577.0
2025-04-29 21:50:00+09:00,0.012099,0.01212,0.012038,0.012051,9183002.0
2025-04-29 21:55:00+09:00,0.012049,0.012049,0.012,0.012,7514920.0
2025-04-29 22:00:00+09:00,0.011999,0.012009,0.011835,0.011936,40504975.0
2025-04-29 22:05:00+09:00,0.011937,0.011939,0.011742,0.011756,18693355.0
2025-04-29 22:10:00+09:00,0.011758,0.011857,0.011758,0.011811,7845424.0
2025-04-29 22:15:00+09:00,0.011811,0.011819,0.011704,0.011745,22523644.0
2025-04-29 22:20:00+09:00,0.011746,0.011806,0.011699,0.011723,5735309.0
2025-04-29 22:25:00+09:00,0.01172,0.011838,0.011719,0.011767,9321442.0
2025-04-29 22:30:00+09:00,0.011765,0.011798,0.011718,0.011759,4491709.0
2025-04-29 22:35:00+09:00,0.011753,0.011831,0.011715,0.01174,9829257.0
2025-04-29 22:40:00+09:00,0.011738,0.011831,0.01173,0.011783,8781968.0
2025-04-29 22:45:00+09:00,0.011782,0.011878,0.011754,0.011877,6251274.0
2025-04-29 22:50:00+09:00,0.011878,0.011893,0.011817,0.011833,7478955.0
2025-04-29 22:55:00+09:00,0.011832,0.011933,0.011802,0.011908,12281974.0
2025-04-29 23:00:00+09:00,0.011908,0.011982,0.011859,0.011977,14272359.0
2025-04-29 23:05:00+09:00,0.011977,0.012031,0.011931,0.011974,9328036.0
2025-04-29 23:10:00+09:00,0.011975,0.011978,0.01175,0.011891,20374992.0
2025-04-29 23:15:00+09:00,0.011892,0.011901,0.011778,0.01178,5973927.0
2025-04-29 23:20:00+09:00,0.011782,0.011879,0.011782,0.011821,7512983.0
2025-04-29 23:25:00+09:00,0.01182,0.01188,0.011802,0.011803,4337287.0
2025-04-29 23:30:00+09:00,0.011803,0.011803,0.011717,0.011739,9833766.0
2025-04-29 23:35:00+09:00,0.011738,0.011836,0.011676,0.011823,14430380.0
2025-04-29 23:40:00+09:00,0.011821,0.011878,0.011763,0.011847,8961925.0
2025-04-29 23:45:00+09:00,0.011846,0.011924,0.011821,0.011878,24492749.0
2025-04-29 23:50:00+09:00,0.011878,0.011878,0.011778,0.011794,7476124.0
2025-04-29 23:55:00+09:00,0.011797,0.011874,0.011795,0.011868,4818440.0
2025-04-30 00:00:00+09:00,0.011869,0.0119,0.011811,0.011832,4834063.0
2025-04-30 00:05:00+09:00,0.011842,0.011854,0.011787,0.011809,4841742.0
2025-04-30 00:10:00+09:00,0.011812,0.011954,0.01172,0.011725,15723260.0
2025-04-30 00:15:00+09:00,0.011726,0.011753,0.011629,0.011662,42087417.0
2025-04-30 00:20:00+09:00,0.011661,0.011711,0.011628,0.011653,10283692.0
2025-04-30 00:25:00+09:00,0.011644,0.011734,0.011629,0.011695,7020755.0
2025-04-30 00:30:00+09:00,0.011693,0.011693,0.011615,0.011641,6406384.0
2025-04-30 00:35:00+09:00,0.011642,0.011799,0.011606,0.011708,55808291.0
2025-04-30 00:40:00+09:00,0.011709,0.011871,0.011705,0.011835,7897992.0
2025-04-30 00:45:00+09:00,0.011835,0.011835,0.011722,0.011728,18693915.0
2025-04-30 00:50:00+09:00,0.011729,0.011753,0.011675,0.01173,14029721.0
2025-04-30 00:55:00+09:00,0.01173,0.011768,0.011679,0.011763,6862939.0
2025-04-30 01:00:00+09:00,0.011764,0.011777,0.011684,0.011729,13658015.0
2025-04-30 01:05:00+09:00,0.011731,0.011853,0.011697,0.011853,12631188.0
2025-04-30 01:10:00+09:00,0.011856,0.011907,0.011798,0.01186,36124035.0
2025-04-30 01:15:00+09:00,0.011862,0.011985,0.011842,0.011902,25047856.0
2025-04-30 01:20:00+09:00,0.011902,0.011907,0.01182,0.011855,8867746.0
2025-04-30 01:25:00+09:00,0.011854,0.011955,0.011816,0.011922,28774063.0
2025-04-30 01:30:00+09:00,0.011928,0.011944,0.011848,0.01189,9809134.0
2025-04-30 01:35:00+09:00,0.011889,0.011931,0.011743,0.011773,11630789.0
2025-04-30 01:40:00+09:00,0.011776,0.011805,0.011724,0.011743,9462660.0
2025-04-30 01:45:00+09:00,0.011746,0.011746,0.011585,0.0116,19287027.0
2025-04-30 01:50:00+09:00,0.011601,0.011669,0.011601,0.01161,4155272.0
2025-04-30 01:55:00+09:00,0.011614,0.011617,0.011542,0.011545,7490199.0
2025-04-30 02:00:00+09:00,0.011548,0.011598,0.011401,0.011466,29770421.0
2025-04-30 02:05:00+09:00,0.011467,0.011566,0.01145,0.011452,23657104.0
2025-04-30 02:10:00+09:00,0.011453,0.011551,0.0114,0.011512,16859006.0
2025-04-30 02:15:00+09:00,0.011511,0.011665,0.011496,0.011648,20474168.0
2025-04-30 02:20:00+09:00,0.011649,0.011779,0.011649,0.011698,14194152.0
2025-04-30 02:25:00+09:00,0.011693,0.011787,0.01167,0.011747,8236909.0
2025-04-30 02:30:00+09:00,0.011746,0.011777,0.011718,0.011762,5792628.0
2025-04-30 02:35:00+09:00,0.011768,0.011853,0.011768,0.011777,17112202.0
2025-04-30 02:40:00+09:00,0.011776,0.011824,0.011731,0.011765,12714912.0
2025-04-30 02:45:00+09:00,0.011767,0.011831,0.011711,0.011763,26446009.0
2025-04-30 02:50:00+09:00,0.011762,0.011762,0.011625,0.011681,22530545.0
2025-04-30 02:55:00+09:00,0.011678,0.011693,0.01156,0.011578,8531462.0
2025-04-30 03:00:00+09:00,0.011577,0.011625,0.011551,0.011615,6981628.0
2025-04-30 03:05:00+09:00,0.011614,0.011656,0.011592,0.011595,4860014.0
2025-04-30 03:10:00+09:00,0.011595,0.011634,0.011569,0.011601,4318428.0
2025-04-30 03:15:00+09:00,0.0116,0.011636,0.011584,0.011609,4227737.0
2025-04-30 03:20:00+09:00,0.011609,0.011641,0.011562,0.011576,4043328.0
2025-04-30 03:25:00+09:00,0.011577,0.011618,0.011557,0.011583,11991365.0
2025-04-30 03:30:00+09:00,0.011585,0.011641,0.011566,0.011616,7263127.0
2025-04-30 03:35:00+09:00,0.011613,0.011668,0.011586,0.011647,5252813.0
2025-04-30 03:40:00+09:00,0.01165,0.011729,0.011647,0.011703,10598209.0
2025-04-30 03:45:00+09:00,0.011703,0.011708,0.011618,0.011621,8117037.0
2025-04-30 03:50:00+09:00,0.01162,0.011622,0.011563,0.011592,5395214.0
2025-04-30 03:55:00+09:00,0.011594,0.011608,0.01156,0.011571,4385888.0
2025-04-30 04:00:00+09:00,0.01157,0.011635,0.011515,0.011605,17774143.0
2025-04-30 04:05:00+09:00,0.011605,0.01164,0.011577,0.011582,4309804.0
2025-04-30 04:10:00+09:00,0.011581,0.011601,0.01155,0.011591,4015011.0
2025-04-30 04:15:00+09:00,0.011591,0.011645,0.011563,0.011605,4054670.0
2025-04-30 04:20:00+09:00,0.011604,0.011703,0.011595,0.011686,8058650.0
2025-04-30 04:25:00+09:00,0.011685,0.011685,0.011576,0.011597,7285157.0
2025-04-30 04:30:00+09:00,0.011596,0.011664,0.011569,0.011647,5759613.0
2025-04-30 04:35:00+09:00,0.011648,0.011678,0.011593,0.011597,4324111.0
2025-04-30 04:40:00+09:00,0.011594,0.011641,0.011557,0.011592,6713462.0
2025-04-30 04:45:00+09:00,0.011593,0.011622,0.011546,0.011602,7765071.0
2025-04-30 04:50:00+09:00,0.011602,0.011621,0.01155,0.011556,3310971.0
2025-04-30 04:55:00+09:00,0.011557,0.011565,0.011534,0.011549,2199682.0
2025-04-30 05:00:00+09:00,0.011549,0.011698,0.011546,0.011681,7124110.0
2025-04-30 05:05:00+09:00,0.011682,0.011697,0.011548,0.011551,10593072.0
2025-04-30 05:10:00+09:00,0.011548,0.011583,0.011522,0.011567,9033123.0
2025-04-30 05:15:00+09:00,0.011567,0.011567,0.011479,0.011482,11996869.0
2025-04-30 05:20:00+09:00,0.011482,0.01154,0.011425,0.011509,13191470.0
2025-04-30 05:25:00+09:00,0.01151,0.011518,0.011462,0.011476,4482018.0
2025-04-30 05:30:00+09:00,0.011475,0.011477,0.011392,0.01141,7714721.0
2025-04-30 05:35:00+09:00,0.011409,0.011453,0.011382,0.011407,4489072.0
2025-04-30 05:40:00+09:00,0.011406,0.011422,0.011363,0.011408,8385927.0
2025-04-30 05:45:00+09:00,0.01141,0.01144,0.011372,0.011372,4194510.0
2025-04-30 05:50:00+09:00,0.011373,0.011444,0.011373,0.011442,3243343.0
2025-04-30 05:55:00+09:00,0.011441,0.011475,0.011434,0.011454,4012713.0
2025-04-30 06:00:00+09:00,0.011453,0.011464,0.01141,0.011427,3424210.0
2025-04-30 06:05:00+09:00,0.011426,0.011427,0.011191,0.01126,176958169.0
2025-04-30 06:10:00+09:00,0.01126,0.011273,0.011175,0.011271,16333393.0
2025-04-30 06:15:00+09:00,0.011271,0.011279,0.011184,0.011195,9115434.0
2025-04-30 06:20:00+09:00,0.011193,0.01122,0.011141,0.011209,13359197.0
2025-04-30 06:25:00+09:00,0.011209,0.01121,0.011151,0.011154,6210721.0
2025-04-30 06:30:00+09:00,0.011153,0.01116,0.0111,0.011131,20915244.0
2025-04-30 06:35:00+09:00,0.01113,0.011187,0.011106,0.011121,5771188.0
2025-04-30 06:40:00+09:00,0.011121,0.011143,0.01107,0.011094,11194217.0
2025-04-30 06:45:00+09:00,0.011095,0.011098,0.01096,0.011,15284558.0
2025-04-30 06:50:00+09:00,0.011,0.011071,0.011,0.01106,5596772.0
2025-04-30 06:55:00+09:00,0.011059,0.011105,0.01105,0.011064,5998305.0
2025-04-30 07:00:00+09:00,0.011065,0.01109,0.010988,0.011004,12388095.0
2025-04-30 07:05:00+09:00,0.011001,0.011011,0.010932,0.010977,10867643.0
2025-04-30 07:10:00+09:00,0.010978,0.01114,0.010978,0.011121,22735389.0
2025-04-30 07:15:00+09:00,0.01112,0.011252,0.011101,0.011141,25181864.0
2025-04-30 07:20:00+09:00,0.011138,0.011228,0.011122,0.011164,7335916.0
2025-04-30 07:25:00+09:00,0.011165,0.011184,0.011075,0.011109,6254494.0
2025-04-30 07:30:00+09:00,0.011108,0.011173,0.011073,0.011152,10341875.0
2025-04-30 07:35:00+09:00,0.011147,0.011158,0.011036,0.011089,11853976.0
2025-04-30 07:40:00+09:00,0.01109,0.011098,0.011019,0.011036,12488822.0
2025-04-30 07:45:00+09:00,0.011034,0.011055,0.011002,0.011012,3369219.0
2025-04-30 07:50:00+09:00,0.011014,0.011059,0.011,0.011055,2738538.0
2025-04-30 07:55:00+09:00,0.011054,0.011073,0.011036,0.011048,5815543.0
2025-04-30 08:00:00+09:00,0.011048,0.011144,0.011027,0.011127,5116668.0
2025-04-30 08:05:00+09:00,0.011126,0.011136,0.011078,0.011101,5809833.0
2025-04-30 08:10:00+09:00,0.011098,0.011162,0.011096,0.011128,13220531.0
2025-04-30 08:15:00+09:00,0.011131,0.011152,0.011059,0.011084,14799585.0
2025-04-30 08:20:00+09:00,0.011085,0.011144,0.011044,0.011066,12026295.0
2025-04-30 08:25:00+09:00,0.011066,0.011112,0.011056,0.011098,3914189.0
2025-04-30 08:30:00+09:00,0.011098,0.011115,0.011048,0.011101,8480625.0
2025-04-30 08:35:00+09:00,0.011101,0.011133,0.01106,0.011111,4346916.0
2025-04-30 08:40:00+09:00,0.011112,0.011228,0.011097,0.011221,11492286.0
2025-04-30 08:45:00+09:00,0.011222,0.011257,0.01117,0.011256,5184492.0
2025-04-30 08:50:00+09:00,0.011254,0.011263,0.011173,0.011173,2851018.0
2025-04-30 08:55:00+09:00,0.011172,0.011175,0.011107,0.011107,4141603.0
2025-04-30 09:00:00+09:00,0.011105,0.011134,0.011074,0.011134,6092339.0
2025-04-30 09:05:00+09:00,0.011134,0.011385,0.011128,0.01136,39607360.0
2025-04-30 09:10:00+09:00,0.011359,0.011362,0.011227,0.011311,45570385.0
2025-04-30 09:15:00+09:00,0.011309,0.011353,0.011288,0.011288,10680319.0
2025-04-30 09:20:00+09:00,0.011288,0.011428,0.011288,0.011398,12079633.0
2025-04-30 09:25:00+09:00,0.011399,0.011411,0.011303,0.011334,7240634.0
2025-04-30 09:30:00+09:00,0.011334,0.0114,0.011288,0.011394,6672413.0
2025-04-30 09:35:00+09:00,0.011394,0.011395,0.011312,0.011327,4595565.0
2025-04-30 09:40:00+09:00,0.011328,0.01144,0.011328,0.011416,12365383.0
2025-04-30 09:45:00+09:00,0.011414,0.01148,0.011392,0.011425,5942749.0
2025-04-30 09:50:00+09:00,0.011424,0.011431,0.011341,0.011357,4179973.0
2025-04-30 09:55:00+09:00,0.011357,0.011365,0.011324,0.011347,3035650.0
2025-04-30 10:00:00+09:00,0.011352,0.011412,0.011339,0.01139,4015306.0
2025-04-30 10:05:00+09:00,0.011392,0.011403,0.011303,0.011332,4946947.0
2025-04-30 10:10:00+09:00,0.011333,0.011367,0.011295,0.011355,3591677.0
2025-04-30 10:15:00+09:00,0.011353,0.011359,0.01127,0.01129,29947761.0
2025-04-30 10:20:00+09:00,0.011289,0.011335,0.011216,0.011239,8766146.0
2025-04-30 10:25:00+09:00,0.011238,0.011238,0.01117,0.011172,5452328.0
2025-04-30 10:30:00+09:00,0.011173,0.011176,0.011106,0.011176,9251098.0
2025-04-30 10:35:00+09:00,0.011174,0.011175,0.011027,0.011033,10155082.0
2025-04-30 10:40:00+09:00,0.011032,0.011078,0.011023,0.011029,7955617.0
2025-04-30 10:45:00+09:00,0.011025,0.011115,0.011015,0.011077,9419555.0
2025-04-30 10:50:00+09:00,0.011075,0.011113,0.011063,0.011077,3407834.0
2025-04-30 10:55:00+09:00,0.011075,0.011125,0.011075,0.011125,2315541.0
2025-04-30 11:00:00+09:00,0.011126,0.011128,0.011044,0.01105,3468343.0
2025-04-30 11:05:00+09:00,0.011048,0.011075,0.011024,0.01103,4355721.0
2025-04-30 11:10:00+09:00,0.01103,0.011055,0.010957,0.010962,9895552.0
2025-04-30 11:15:00+09:00,0.010963,0.010997,0.010956,0.010971,4650190.0
2025-04-30 11:20:00+09:00,0.01097,0.011013,0.01096,0.010962,4871208.0
2025-04-30 11:25:00+09:00,0.010962,0.010963,0.010819,0.010836,24145186.0
2025-04-30 11:30:00+09:00,0.010836,0.01087,0.010811,0.010815,5869631.0
2025-04-30 11:35:00+09:00,0.010813,0.010919,0.010788,0.010912,7324052.0
2025-04-30 11:40:00+09:00,0.010912,0.011037,0.010912,0.011026,15325999.0
2025-04-30 11:45:00+09:00,0.011025,0.01106,0.010978,0.011058,4191308.0
2025-04-30 11:50:00+09:00,0.011056,0.011056,0.010961,0.010969,3899652.0
2025-04-30 11:55:00+09:00,0.010968,0.010995,0.010951,0.010979,3120918.0
2025-04-30 12:00:00+09:00,0.01098,0.011029,0.01092,0.010931,4510192.0
2025-04-30 12:05:00+09:00,0.01093,0.010935,0.01083,0.01083,8810940.0
2025-04-30 12:10:00+09:00,0.010829,0.010888,0.010792,0.010827,33805090.0
2025-04-30 12:15:00+09:00,0.010829,0.010885,0.010786,0.01086,7290402.0
2025-04-30 12:20:00+09:00,0.010863,0.010867,0.010723,0.010762,18472205.0
2025-04-30 12:25:00+09:00,0.010764,0.010806,0.010673,0.010697,22888675.0
2025-04-30 12:30:00+09:00,0.010698,0.010762,0.010695,0.010757,6378879.0
2025-04-30 12:35:00+09:00,0.010761,0.010813,0.010756,0.010807,2333932.0
2025-04-30 12:40:00+09:00,0.010809,0.01093,0.010809,0.01093,10143823.0
2025-04-30 12:45:00+09:00,0.010928,0.010941,0.010836,0.010851,8495454.0
2025-04-30 12:50:00+09:00,0.010851,0.010882,0.010826,0.010878,5345225.0
2025-04-30 12:55:00+09:00,0.010878,0.010978,0.010877,0.010909,12215924.0
2025-04-30 13:00:00+09:00,0.010907,0.011033,0.010907,0.010955,9852486.0
2025-04-30 13:05:00+09:00,0.010957,0.011,0.010942,0.010946,4918502.0
2025-04-30 13:10:00+09:00,0.010945,0.010983,0.010917,0.010983,5645040.0
2025-04-30 13:15:00+09:00,0.010984,0.011053,0.010962,0.011031,15672755.0
2025-04-30 13:20:00+09:00,0.011021,0.01113,0.011008,0.011038,13936358.0
2025-04-30 13:25:00+09:00,0.011035,0.01107,0.010964,0.010972,5945325.0
2025-04-30 13:30:00+09:00,0.010974,0.011015,0.010919,0.010922,6216318.0
2025-04-30 13:35:00+09:00,0.010922,0.010967,0.010916,0.010962,3878087.0
2025-04-30 13:40:00+09:00,0.010964,0.010988,0.010924,0.010935,4035608.0
2025-04-30 13:45:00+09:00,0.010933,0.01101,0.010917,0.010989,15788729.0
2025-04-30 13:50:00+09:00,0.010989,0.011012,0.010973,0.010989,9932375.0
2025-04-30 13:55:00+09:00,0.01099,0.011063,0.01098,0.011059,5487246.0
2025-04-30 14:00:00+09:00,0.011059,0.011071,0.010967,0.010979,8715915.0
2025-04-30 14:05:00+09:00,0.010979,0.01101,0.010946,0.010978,4172343.0
2025-04-30 14:10:00+09:00,0.010977,0.010983,0.010905,0.010949,9968434.0
2025-04-30 14:15:00+09:00,0.01095,0.011052,0.01095,0.010979,9150684.0
2025-04-30 14:20:00+09:00,0.01098,0.01102,0.010971,0.011014,4217900.0
2025-04-30 14:25:00+09:00,0.011014,0.0111,0.011014,0.011055,8277340.0
2025-04-30 14:30:00+09:00,0.011056,0.011073,0.011001,0.011064,5095524.0
2025-04-30 14:35:00+09:00,0.011062,0.011064,0.010988,0.01103,8513249.0
2025-04-30 14:40:00+09:00,0.01103,0.011143,0.01103,0.01112,8054669.0
2025-04-30 14:45:00+09:00,0.011118,0.011235,0.011113,0.011143,20605475.0
2025-04-30 14:50:00+09:00,0.011144,0.011188,0.011133,0.011157,4227057.0
2025-04-30 14:55:00+09:00,0.011156,0.011228,0.01115,0.011177,3841956.0
2025-04-30 15:00:00+09:00,0.011178,0.011204,0.011125,0.011195,7457202.0
2025-04-30 15:05:00+09:00,0.011196,0.011256,0.011157,0.011179,7152082.0
2025-04-30 15:10:00+09:00,0.01118,0.01121,0.01115,0.01121,6747529.0
2025-04-30 15:15:00+09:00,0.011212,0.011259,0.011196,0.011198,7413173.0
2025-04-30 15:20:00+09:00,0.011196,0.0113,0.011157,0.011238,12186745.0
2025-04-30 15:25:00+09:00,0.011239,0.011367,0.011239,0.011342,7671462.0
2025-04-30 15:30:00+09:00,0.01134,0.01134,0.011244,0.011273,6567413.0
2025-04-30 15:35:00+09:00,0.011271,0.011286,0.011169,0.011172,7688471.0
2025-04-30 15:40:00+09:00,0.011174,0.011202,0.011152,0.011173,9761136.0
2025-04-30 15:45:00+09:00,0.011171,0.011234,0.011158,0.011196,3563201.0
2025-04-30 15:50:00+09:00,0.011195,0.011294,0.011194,0.011294,5265537.0
2025-04-30 15:55:00+09:00,0.011286,0.011295,0.011199,0.011215,9584919.0
2025-04-30 16:00:00+09:00,0.011213,0.011244,0.011129,0.011135,10599298.0
2025-04-30 16:05:00+09:00,0.011134,0.011213,0.011116,0.011197,9250776.0
2025-04-30 16:10:00+09:00,0.011196,0.011244,0.01118,0.011183,8873240.0
2025-04-30 16:15:00+09:00,0.011188,0.011219,0.011104,0.011104,5209801.0
2025-04-30 16:20:00+09:00,0.011104,0.011122,0.011039,0.011082,11804501.0
2025-04-30 16:25:00+09:00,0.011083,0.011136,0.011083,0.011112,2708736.0
2025-04-30 16:30:00+09:00,0.011113,0.011147,0.011073,0.011128,3944259.0
2025-04-30 16:35:00+09:00,0.011127,0.011128,0.011044,0.011081,5037611.0
2025-04-30 16:40:00+09:00,0.011079,0.011091,0.011053,0.011066,4382023.0
2025-04-30 16:45:00+09:00,0.011065,0.011068,0.011034,0.01104,5303614.0
2025-04-30 16:50:00+09:00,0.011043,0.011086,0.011013,0.011086,5462446.0
2025-04-30 16:55:00+09:00,0.011085,0.011085,0.011018,0.011049,2234135.0
2025-04-30 17:00:00+09:00,0.011048,0.011137,0.011045,0.011073,7387741.0
2025-04-30 17:05:00+09:00,0.011074,0.011094,0.011036,0.011058,3979536.0
2025-04-30 17:10:00+09:00,0.011059,0.01111,0.011052,0.011067,4042363.0
2025-04-30 17:15:00+09:00,0.011066,0.011087,0.010998,0.011023,8420456.0
2025-04-30 17:20:00+09:00,0.011023,0.011036,0.010955,0.010968,7696475.0
2025-04-30 17:25:00+09:00,0.010968,0.010968,0.010906,0.010919,8640285.0
2025-04-30 17:30:00+09:00,0.010922,0.010974,0.010922,0.010963,4144193.0
2025-04-30 17:35:00+09:00,0.010963,0.010988,0.01094,0.010948,2360911.0
2025-04-30 17:40:00+09:00,0.010948,0.010988,0.010899,0.010948,14657511.0
2025-04-30 17:45:00+09:00,0.010947,0.010955,0.010883,0.010886,7902557.0
2025-04-30 17:50:00+09:00,0.010883,0.010917,0.010842,0.010844,9854649.0
2025-04-30 17:55:00+09:00,0.010843,0.010884,0.01082,0.010878,4254051.0
2025-04-30 18:00:00+09:00,0.010878,0.010903,0.010852,0.010887,4819458.0
2025-04-30 18:05:00+09:00,0.010887,0.010906,0.01079,0.010797,10503059.0
2025-04-30 18:10:00+09:00,0.010795,0.010812,0.010745,0.0108,16089362.0
2025-04-30 18:15:00+09:00,0.010803,0.010858,0.010765,0.010801,21964811.0
2025-04-30 18:20:00+09:00,0.0108,0.010806,0.010734,0.010757,6445157.0
2025-04-30 18:25:00+09:00,0.010758,0.010784,0.010621,0.010776,24664845.0
2025-04-30 18:30:00+09:00,0.010779,0.010855,0.010748,0.010848,8193877.0
2025-04-30 18:35:00+09:00,0.010843,0.010843,0.010758,0.010764,4658881.0
2025-04-30 18:40:00+09:00,0.010764,0.010797,0.010734,0.010795,5795842.0
2025-04-30 18:45:00+09:00,0.010797,0.010834,0.010747,0.010806,8521997.0
2025-04-30 18:50:00+09:00,0.010806,0.010859,0.010784,0.010836,11461139.0
2025-04-30 18:55:00+09:00,0.010838,0.010839,0.010814,0.010819,3099900.0
2025-04-30 19:00:00+09:00,0.010818,0.010818,0.010737,0.010742,7877888.0
2025-04-30 19:05:00+09:00,0.010747,0.010747,0.010633,0.01069,13082958.0
2025-04-30 19:10:00+09:00,0.01069,0.01069,0.010641,0.010648,6045322.0
2025-04-30 19:15:00+09:00,0.010647,0.010647,0.010527,0.010542,13632301.0
2025-04-30 19:20:00+09:00,0.010544,0.010563,0.010532,0.01055,13903387.0
2025-04-30 19:25:00+09:00,0.010548,0.010581,0.010535,0.010562,9289426.0
2025-04-30 19:30:00+09:00,0.010563,0.010579,0.010508,0.010561,23893932.0
2025-04-30 19:35:00+09:00,0.01056,0.010598,0.010522,0.010581,6820975.0
2025-04-30 19:40:00+09:00,0.010583,0.010711,0.010577,0.010706,13355255.0
2025-04-30 19:45:00+09:00,0.010708,0.010759,0.010689,0.010713,12039188.0
2025-04-30 19:50:00+09:00,0.010713,0.010804,0.010713,0.010793,4575324.0
2025-04-30 19:55:00+09:00,0.010791,0.010848,0.010789,0.010816,9734555.0
2025-04-30 20:00:00+09:00,0.010816,0.010831,0.010757,0.010805,7677163.0
2025-04-30 20:05:00+09:00,0.010804,0.010825,0.010736,0.010736,4032024.0
2025-04-30 20:10:00+09:00,0.010737,0.0108,0.010726,0.010727,2451471.0
2025-04-30 20:15:00+09:00,0.010728,0.010824,0.010728,0.010791,4473903.0
2025-04-30 20:20:00+09:00,0.010789,0.010826,0.010775,0.010794,4840231.0
2025-04-30 20:25:00+09:00,0.010797,0.010806,0.010759,0.010769,2632779.0
2025-04-30 20:30:00+09:00,0.010768,0.010784,0.010724,0.01073,4392454.0
2025-04-30 20:35:00+09:00,0.010732,0.010769,0.010641,0.010667,16702272.0
2025-04-30 20:40:00+09:00,0.010668,0.010737,0.010667,0.010723,4000076.0
2025-04-30 20:45:00+09:00,0.010724,0.010728,0.010606,0.010611,8740674.0
2025-04-30 20:50:00+09:00,0.010612,0.010652,0.010612,0.010629,2317049.0
2025-04-30 20:55:00+09:00,0.010629,0.010635,0.01056,0.010572,6982941.0
2025-04-30 21:00:00+09:00,0.01057,0.010644,0.01057,0.010641,8160506.0
2025-04-30 21:05:00+09:00,0.010643,0.010688,0.010635,0.010672,12187928.0
2025-04-30 21:10:00+09:00,0.010673,0.010697,0.010646,0.010668,5714348.0
2025-04-30 21:15:00+09:00,0.010666,0.010713,0.010641,0.010646,6404177.0
2025-04-30 21:20:00+09:00,0.010645,0.010666,0.010597,0.010633,9496765.0
2025-04-30 21:25:00+09:00,0.010634,0.010636,0.010568,0.010574,8883302.0
2025-04-30 21:30:00+09:00,0.010575,0.010598,0.010482,0.01053,23525588.0
2025-04-30 21:35:00+09:00,0.010528,0.010532,0.010385,0.010403,23824026.0
2025-04-30 21:40:00+09:00,0.010398,0.010401,0.01029,0.01036,30002305.0
2025-04-30 21:45:00+09:00,0.010366,0.01042,0.010315,0.010339,11064290.0
2025-04-30 21:50:00+09:00,0.010338,0.010398,0.010328,0.010358,14894516.0
2025-04-30 21:55:00+09:00,0.010355,0.010414,0.010328,0.010402,9969891.0
2025-04-30 22:00:00+09:00,0.010403,0.010409,0.010344,0.010386,5081120.0
2025-04-30 22:05:00+09:00,0.010385,0.010395,0.010262,0.010275,14089240.0
2025-04-30 22:10:00+09:00,0.010276,0.010301,0.010215,0.010226,13824656.0
2025-04-30 22:15:00+09:00,0.010226,0.010309,0.010214,0.010222,19990242.0
2025-04-30 22:20:00+09:00,0.010224,0.010246,0.010189,0.010234,12394304.0
2025-04-30 22:25:00+09:00,0.010235,0.010285,0.010223,0.010275,11687944.0
2025-04-30 22:30:00+09:00,0.010275,0.010277,0.01014,0.010234,21147462.0
2025-04-30 22:35:00+09:00,0.010233,0.010249,0.009987,0.010005,156201178.0
2025-04-30 22:40:00+09:00,0.010005,0.010055,0.009898,0.009996,57922633.0
2025-04-30 22:45:00+09:00,0.009993,0.010028,0.009938,0.010003,18455918.0
2025-04-30 22:50:00+09:00,0.010002,0.010015,0.009926,0.009978,13703499.0
2025-04-30 22:55:00+09:00,0.009977,0.010035,0.009903,0.009945,14806776.0
2025-04-30 23:00:00+09:00,0.009943,0.010199,0.009942,0.010196,24714217.0
2025-04-30 23:05:00+09:00,0.010194,0.010266,0.010168,0.010244,24053899.0
2025-04-30 23:10:00+09:00,0.010245,0.010349,0.010223,0.010347,30239759.0
2025-04-30 23:15:00+09:00,0.010346,0.010434,0.010291,0.010426,19706118.0
2025-04-30 23:20:00+09:00,0.010424,0.010577,0.010403,0.010561,42214544.0
2025-04-30 23:25:00+09:00,0.01056,0.010625,0.010519,0.010618,41220957.0
2025-04-30 23:30:00+09:00,0.010616,0.010832,0.010573,0.010818,42914407.0
2025-04-30 23:35:00+09:00,0.010815,0.010815,0.010695,0.010797,22024295.0
2025-04-30 23:40:00+09:00,0.010799,0.010799,0.010642,0.010671,21077637.0
2025-04-30 23:45:00+09:00,0.010669,0.010743,0.01059,0.010601,26182928.0
2025-04-30 23:50:00+09:00,0.010603,0.010641,0.010555,0.0106,18957905.0
2025-04-30 23:55:00+09:00,0.010601,0.010641,0.010548,0.010569,21949537.0
2025-05-01 00:00:00+09:00,0.010566,0.010762,0.010563,0.010754,45932538.0
2025-05-01 00:05:00+09:00,0.010753,0.010767,0.010655,0.010685,21803294.0
2025-05-01 00:10:00+09:00,0.010689,0.010717,0.010623,0.01068,13441923.0
2025-05-01 00:15:00+09:00,0.01068,0.010804,0.010674,0.01078,26937239.0
2025-05-01 00:20:00+09:00,0.010779,0.01085,0.010723,0.010729,14525933.0
2025-05-01 00:25:00+09:00,0.010726,0.010789,0.010701,0.010713,25583122.0
2025-05-01 00:30:00+09:00,0.010713,0.010776,0.01066,0.010759,27935811.0
2025-05-01 00:35:00+09:00,0.010755,0.01077,0.010689,0.010695,22857572.0
2025-05-01 00:40:00+09:00,0.010694,0.010775,0.010683,0.010768,7844657.0
2025-05-01 00:45:00+09:00,0.010767,0.010839,0.010733,0.010824,8866561.0
2025-05-01 00:50:00+09:00,0.010825,0.01089,0.0108,0.010803,8741207.0
2025-05-01 00:55:00+09:00,0.010802,0.010885,0.010797,0.010868,26812609.0
2025-05-01 01:00:00+09:00,0.01087,0.01087,0.010802,0.010852,9250763.0
2025-05-01 01:05:00+09:00,0.01085,0.01085,0.01073,0.010766,12295266.0
2025-05-01 01:10:00+09:00,0.010767,0.010812,0.010743,0.010748,5911598.0
2025-05-01 01:15:00+09:00,0.010749,0.010756,0.010688,0.010706,13021329.0
2025-05-01 01:20:00+09:00,0.010708,0.010748,0.010688,0.010709,24586852.0
2025-05-01 01:25:00+09:00,0.010711,0.010764,0.010698,0.010722,6704915.0
2025-05-01 01:30:00+09:00,0.010723,0.010765,0.010709,0.010714,12740708.0
2025-05-01 01:35:00+09:00,0.010714,0.010838,0.010702,0.010811,12689062.0
2025-05-01 01:40:00+09:00,0.010811,0.010889,0.010793,0.010888,11677529.0
2025-05-01 01:45:00+09:00,0.010884,0.010956,0.010853,0.010864,13585330.0
2025-05-01 01:50:00+09:00,0.010864,0.010865,0.010797,0.010797,7017937.0
2025-05-01 01:55:00+09:00,0.010798,0.01082,0.010736,0.010748,5368577.0
2025-05-01 02:00:00+09:00,0.010747,0.010795,0.010695,0.010724,7428344.0
2025-05-01 02:05:00+09:00,0.010725,0.010737,0.010642,0.010657,19171441.0
2025-05-01 02:10:00+09:00,0.010656,0.010656,0.010557,0.010565,10845373.0
2025-05-01 02:15:00+09:00,0.010565,0.010576,0.010457,0.010457,12856269.0
2025-05-01 02:20:00+09:00,0.010459,0.010503,0.010436,0.010489,8609120.0
2025-05-01 02:25:00+09:00,0.010489,0.010575,0.010467,0.010553,15060949.0
2025-05-01 02:30:00+09:00,0.010551,0.010551,0.010485,0.010531,3784115.0
2025-05-01 02:35:00+09:00,0.010528,0.010635,0.010527,0.010568,5231060.0
2025-05-01 02:40:00+09:00,0.010565,0.01068,0.010565,0.010647,12185823.0
2025-05-01 02:45:00+09:00,0.010654,0.010666,0.010556,0.010564,6295089.0
2025-05-01 02:50:00+09:00,0.010565,0.010635,0.010558,0.010625,4262326.0
2025-05-01 02:55:00+09:00,0.010624,0.010683,0.010621,0.010638,6281065.0
2025-05-01 03:00:00+09:00,0.010636,0.010647,0.010598,0.010626,6366842.0
2025-05-01 03:05:00+09:00,0.010626,0.010746,0.010589,0.010695,17825180.0
2025-05-01 03:10:00+09:00,0.010694,0.010708,0.010613,0.010647,9755902.0
2025-05-01 03:15:00+09:00,0.010646,0.010698,0.010631,0.010692,5504879.0
2025-05-01 03:20:00+09:00,0.010692,0.010742,0.010679,0.010739,5810613.0
2025-05-01 03:25:00+09:00,0.010739,0.010795,0.010723,0.010773,7662545.0
2025-05-01 03:30:00+09:00,0.010773,0.010809,0.010707,0.010721,10179834.0
2025-05-01 03:35:00+09:00,0.010718,0.010756,0.01069,0.010747,7654880.0
2025-05-01 03:40:00+09:00,0.010746,0.010757,0.010664,0.01067,5212769.0
2025-05-01 03:45:00+09:00,0.010672,0.010712,0.01067,0.010703,2925761.0
2025-05-01 03:50:00+09:00,0.0107,0.010716,0.010675,0.01068,2485681.0
2025-05-01 03:55:00+09:00,0.010682,0.010697,0.01067,0.010681,3090087.0
2025-05-01 04:00:00+09:00,0.010682,0.010689,0.010587,0.010596,14790484.0
2025-05-01 04:05:00+09:00,0.010595,0.010631,0.010574,0.010596,3974253.0
2025-05-01 04:10:00+09:00,0.010596,0.010628,0.010582,0.010602,2687199.0
2025-05-01 04:15:00+09:00,0.010601,0.010644,0.010587,0.010611,4263013.0
2025-05-01 04:20:00+09:00,0.010614,0.010623,0.01055,0.010558,6357366.0
2025-05-01 04:25:00+09:00,0.010558,0.010591,0.010541,0.010563,5170331.0
2025-05-01 04:30:00+09:00,0.010564,0.010607,0.010542,0.010581,2941031.0
2025-05-01 04:35:00+09:00,0.010582,0.010637,0.010562,0.010569,4740810.0
2025-05-01 04:40:00+09:00,0.010568,0.010632,0.010562,0.010617,3638931.0
2025-05-01 04:45:00+09:00,0.010615,0.010665,0.010593,0.010661,8461903.0
2025-05-01 04:50:00+09:00,0.010662,0.010676,0.010629,0.010652,3633581.0
2025-05-01 04:55:00+09:00,0.010652,0.010719,0.010649,0.010671,5508266.0
2025-05-01 05:00:00+09:00,0.010672,0.010705,0.010647,0.010683,4603262.0
2025-05-01 05:05:00+09:00,0.010682,0.010949,0.010679,0.010835,43562509.0
2025-05-01 05:10:00+09:00,0.010838,0.01105,0.010834,0.011004,29835289.0
2025-05-01 05:15:00+09:00,0.011003,0.011024,0.010983,0.011002,9406873.0
2025-05-01 05:20:00+09:00,0.011003,0.01114,0.011002,0.011137,17692602.0
2025-05-01 05:25:00+09:00,0.011137,0.011213,0.0111,0.011208,18090279.0
2025-05-01 05:30:00+09:00,0.011207,0.011267,0.011125,0.011253,17655848.0
2025-05-01 05:35:00+09:00,0.011253,0.011295,0.011066,0.011082,27193395.0
2025-05-01 05:40:00+09:00,0.011083,0.01115,0.011044,0.01115,14998422.0
2025-05-01 05:45:00+09:00,0.01115,0.011166,0.011003,0.011017,9757519.0
2025-05-01 05:50:00+09:00,0.011018,0.011088,0.011002,0.011059,13623579.0
2025-05-01 05:55:00+09:00,0.011062,0.011066,0.010949,0.010973,17284474.0
2025-05-01 06:00:00+09:00,0.010972,0.011033,0.010939,0.011003,9996181.0
2025-05-01 06:05:00+09:00,0.011002,0.011047,0.010926,0.010949,14661176.0
2025-05-01 06:10:00+09:00,0.01095,0.010992,0.010903,0.010964,13584123.0
2025-05-01 06:15:00+09:00,0.010967,0.010993,0.010928,0.010942,9899923.0
2025-05-01 06:20:00+09:00,0.010943,0.010956,0.010874,0.010892,10457910.0
2025-05-01 06:25:00+09:00,0.010892,0.010925,0.01085,0.01087,10431253.0
2025-05-01 06:30:00+09:00,0.010876,0.010924,0.010852,0.010855,8180207.0
2025-05-01 06:35:00+09:00,0.010852,0.010868,0.010832,0.010836,4545364.0
2025-05-01 06:40:00+09:00,0.010836,0.010857,0.010825,0.010833,4602002.0
2025-05-01 06:45:00+09:00,0.010832,0.010832,0.010789,0.010816,5764222.0
2025-05-01 06:50:00+09:00,0.010816,0.010817,0.010701,0.010704,16183200.0
2025-05-01 06:55:00+09:00,0.010708,0.010726,0.010625,0.010662,16465834.0
2025-05-01 07:00:00+09:00,0.010666,0.010779,0.010666,0.010737,4936568.0
2025-05-01 07:05:00+09:00,0.010733,0.010733,0.010652,0.010662,5507708.0
2025-05-01 07:10:00+09:00,0.010662,0.010717,0.01064,0.010703,5867422.0
2025-05-01 07:15:00+09:00,0.0107,0.010728,0.01065,0.010715,5321030.0
2025-05-01 07:20:00+09:00,0.010715,0.010909,0.010696,0.010891,21306602.0
2025-05-01 07:25:00+09:00,0.010891,0.010934,0.010868,0.01088,20477476.0
2025-05-01 07:30:00+09:00,0.010881,0.010942,0.010843,0.010854,8838399.0
2025-05-01 07:35:00+09:00,0.010858,0.010865,0.010781,0.010795,9626226.0
2025-05-01 07:40:00+09:00,0.010795,0.010854,0.010781,0.010842,3567708.0
2025-05-01 07:45:00+09:00,0.01085,0.010899,0.010814,0.010837,4506654.0
2025-05-01 07:50:00+09:00,0.010839,0.010861,0.01078,0.01086,6237682.0
2025-05-01 07:55:00+09:00,0.010861,0.010868,0.010801,0.010812,2284884.0
2025-05-01 08:00:00+09:00,0.010813,0.010828,0.010715,0.010731,10932881.0
2025-05-01 08:05:00+09:00,0.010734,0.010894,0.010725,0.010868,6935741.0
2025-05-01 08:10:00+09:00,0.010877,0.010921,0.010867,0.010919,6966901.0
2025-05-01 08:15:00+09:00,0.010919,0.010966,0.010837,0.010868,9280990.0
2025-05-01 08:20:00+09:00,0.010871,0.010891,0.010835,0.01088,5999997.0
2025-05-01 08:25:00+09:00,0.010877,0.010912,0.010872,0.010881,3871577.0
2025-05-01 08:30:00+09:00,0.010883,0.011017,0.010883,0.011012,11438663.0
2025-05-01 08:35:00+09:00,0.011009,0.011099,0.010977,0.011097,8621922.0
2025-05-01 08:40:00+09:00,0.011098,0.011123,0.011018,0.011035,7865263.0
2025-05-01 08:45:00+09:00,0.011034,0.011053,0.010988,0.011036,5888634.0
2025-05-01 08:50:00+09:00,0.011035,0.011147,0.011028,0.011134,7078276.0
2025-05-01 08:55:00+09:00,0.011128,0.011149,0.011109,0.011131,4794644.0
2025-05-01 09:00:00+09:00,0.011131,0.011131,0.011051,0.011093,11796686.0
2025-05-01 09:05:00+09:00,0.011095,0.011224,0.011092,0.011174,22467585.0
2025-05-01 09:10:00+09:00,0.01117,0.011272,0.011169,0.011269,21760965.0
2025-05-01 09:15:00+09:00,0.011272,0.011349,0.011206,0.011333,15393444.0
2025-05-01 09:20:00+09:00,0.011332,0.011378,0.011227,0.011249,17935061.0
2025-05-01 09:25:00+09:00,0.011248,0.011272,0.011137,0.011143,12392170.0
2025-05-01 09:30:00+09:00,0.011148,0.011178,0.011018,0.011033,13559516.0
2025-05-01 09:35:00+09:00,0.011032,0.011039,0.010942,0.010965,9547878.0
2025-05-01 09:40:00+09:00,0.010963,0.011102,0.010963,0.011019,13588868.0
2025-05-01 09:45:00+09:00,0.011018,0.01115,0.011007,0.011149,6917180.0
2025-05-01 09:50:00+09:00,0.011151,0.011235,0.011118,0.011173,14189030.0
2025-05-01 09:55:00+09:00,0.011172,0.011241,0.011128,0.011235,9477038.0
2025-05-01 10:00:00+09:00,0.011236,0.011395,0.01122,0.011335,36541500.0
2025-05-01 10:05:00+09:00,0.011335,0.0115,0.011291,0.011427,25165847.0
2025-05-01 10:10:00+09:00,0.011429,0.011757,0.011419,0.011666,40287510.0
2025-05-01 10:15:00+09:00,0.011673,0.011756,0.011533,0.011634,46159651.0
2025-05-01 10:20:00+09:00,0.01163,0.011632,0.011325,0.011418,31888180.0
2025-05-01 10:25:00+09:00,0.011418,0.011621,0.011408,0.01146,32909217.0
2025-05-01 10:30:00+09:00,0.011459,0.011635,0.011457,0.011626,15776419.0
2025-05-01 10:35:00+09:00,0.011626,0.011637,0.011513,0.011561,13427564.0
2025-05-01 10:40:00+09:00,0.011559,0.011565,0.011408,0.01149,14884223.0
2025-05-01 10:45:00+09:00,0.011492,0.011632,0.01149,0.0116,12415813.0
2025-05-01 10:50:00+09:00,0.011599,0.011601,0.01146,0.01155,10082520.0
2025-05-01 10:55:00+09:00,0.011549,0.011549,0.011424,0.011483,9612878.0
2025-05-01 11:00:00+09:00,0.011484,0.011507,0.011377,0.011487,8972174.0
2025-05-01 11:05:00+09:00,0.011486,0.011623,0.01147,0.011529,11947905.0
2025-05-01 11:10:00+09:00,0.011529,0.011581,0.011454,0.011512,17577570.0
2025-05-01 11:15:00+09:00,0.01151,0.01171,0.011481,0.011682,14211180.0
2025-05-01 11:20:00+09:00,0.01168,0.011713,0.011576,0.011636,12041135.0
2025-05-01 11:25:00+09:00,0.011628,0.011632,0.011491,0.011542,19649915.0
2025-05-01 11:30:00+09:00,0.011541,0.011564,0.01146,0.011468,7347915.0
2025-05-01 11:35:00+09:00,0.011466,0.011639,0.011435,0.011442,16444274.0
2025-05-01 11:40:00+09:00,0.01144,0.011446,0.01131,0.011318,24936806.0
2025-05-01 11:45:00+09:00,0.011322,0.011355,0.011197,0.011229,21028470.0
2025-05-01 11:50:00+09:00,0.01123,0.01133,0.011222,0.01126,7484863.0
2025-05-01 11:55:00+09:00,0.011263,0.011302,0.01123,0.011295,5348449.0
2025-05-01 12:00:00+09:00,0.011295,0.011446,0.011287,0.011368,17333056.0
2025-05-01 12:05:00+09:00,0.011367,0.011376,0.011292,0.011303,6994702.0
2025-05-01 12:10:00+09:00,0.0113,0.011385,0.011291,0.011354,5274280.0
2025-05-01 12:15:00+09:00,0.011353,0.011371,0.011192,0.011212,12267344.0
2025-05-01 12:20:00+09:00,0.011213,0.011304,0.011198,0.01128,7140705.0
2025-05-01 12:25:00+09:00,0.011282,0.0114,0.011282,0.011339,11740169.0
2025-05-01 12:30:00+09:00,0.011341,0.01136,0.011196,0.011247,6282991.0
2025-05-01 12:35:00+09:00,0.011246,0.011301,0.01122,0.011251,3337087.0
2025-05-01 12:40:00+09:00,0.01125,0.01125,0.011172,0.011177,4096457.0
2025-05-01 12:45:00+09:00,0.011181,0.011221,0.011145,0.011194,8629105.0
2025-05-01 12:50:00+09:00,0.011191,0.011256,0.011146,0.011151,7325689.0
2025-05-01 12:55:00+09:00,0.011152,0.011226,0.011146,0.01122,2183410.0
2025-05-01 13:00:00+09:00,0.011221,0.01127,0.011211,0.011222,3080757.0
2025-05-01 13:05:00+09:00,0.011228,0.011274,0.011198,0.011261,2462507.0
2025-05-01 13:10:00+09:00,0.011261,0.011309,0.011227,0.011275,4466460.0
2025-05-01 13:15:00+09:00,0.011275,0.011406,0.011244,0.01138,13015046.0
2025-05-01 13:20:00+09:00,0.011381,0.011478,0.011373,0.011456,7769085.0
2025-05-01 13:25:00+09:00,0.011458,0.011496,0.011375,0.011382,7867916.0
2025-05-01 13:30:00+09:00,0.011381,0.01139,0.011291,0.011312,6045361.0
2025-05-01 13:35:00+09:00,0.011311,0.011391,0.011299,0.011349,4310897.0
2025-05-01 13:40:00+09:00,0.011348,0.011376,0.011283,0.011312,3252212.0
2025-05-01 13:45:00+09:00,0.011312,0.011312,0.011247,0.011256,5727042.0
2025-05-01 13:50:00+09:00,0.011248,0.011253,0.011157,0.011184,6758474.0
2025-05-01 13:55:00+09:00,0.011176,0.011253,0.011168,0.01117,5704878.0
2025-05-01 14:00:00+09:00,0.011175,0.011191,0.011095,0.011138,7698113.0
2025-05-01 14:05:00+09:00,0.011138,0.011179,0.01106,0.011174,7040614.0
2025-05-01 14:10:00+09:00,0.011172,0.011177,0.011091,0.011091,8506747.0
2025-05-01 14:15:00+09:00,0.011091,0.011132,0.011068,0.011081,5727664.0
2025-05-01 14:20:00+09:00,0.011081,0.011119,0.011065,0.011068,3239810.0
2025-05-01 14:25:00+09:00,0.011067,0.011165,0.011066,0.011163,3911785.0
2025-05-01 14:30:00+09:00,0.011164,0.011177,0.011078,0.011171,7390494.0
2025-05-01 14:35:00+09:00,0.011169,0.011257,0.011169,0.011233,9871462.0
2025-05-01 14:40:00+09:00,0.011231,0.011304,0.011204,0.011204,13755155.0
2025-05-01 14:45:00+09:00,0.011206,0.011275,0.011186,0.011255,7193074.0
2025-05-01 14:50:00+09:00,0.011258,0.011259,0.011153,0.011178,6936161.0
2025-05-01 14:55:00+09:00,0.01118,0.011213,0.011153,0.011153,3307651.0
2025-05-01 15:00:00+09:00,0.011153,0.011227,0.011115,0.011122,8104404.0
2025-05-01 15:05:00+09:00,0.011122,0.0112,0.011102,0.011135,9878685.0
2025-05-01 15:10:00+09:00,0.011131,0.011136,0.011093,0.011098,4423228.0
2025-05-01 15:15:00+09:00,0.011099,0.011169,0.011099,0.011156,5820268.0
2025-05-01 15:20:00+09:00,0.011158,0.011221,0.011158,0.011173,4033021.0
2025-05-01 15:25:00+09:00,0.011174,0.011296,0.011171,0.011261,10460729.0
2025-05-01 15:30:00+09:00,0.011261,0.011266,0.011195,0.011209,8869477.0
2025-05-01 15:35:00+09:00,0.011209,0.011239,0.011163,0.011172,12204698.0
2025-05-01 15:40:00+09:00,0.01117,0.011172,0.011096,0.011141,6143491.0
2025-05-01 15:45:00+09:00,0.011141,0.011185,0.011092,0.011185,5051292.0
2025-05-01 15:50:00+09:00,0.011185,0.011268,0.011183,0.011254,9136789.0
2025-05-01 15:55:00+09:00,0.011254,0.011316,0.011222,0.011239,22074671.0
2025-05-01 16:00:00+09:00,0.011239,0.011244,0.011156,0.011165,12624741.0
2025-05-01 16:05:00+09:00,0.011163,0.011273,0.011147,0.011252,6146781.0
2025-05-01 16:10:00+09:00,0.011251,0.011251,0.011204,0.011231,3350605.0
2025-05-01 16:15:00+09:00,0.01123,0.011257,0.011179,0.011207,15017330.0
2025-05-01 16:20:00+09:00,0.011204,0.011223,0.011169,0.011198,4907292.0
2025-05-01 16:25:00+09:00,0.011196,0.011196,0.011144,0.011144,6043680.0
2025-05-01 16:30:00+09:00,0.011144,0.011209,0.011133,0.011179,3572877.0
2025-05-01 16:35:00+09:00,0.01118,0.011194,0.011133,0.011144,2131734.0
2025-05-01 16:40:00+09:00,0.011143,0.01116,0.011119,0.011147,4288148.0
2025-05-01 16:45:00+09:00,0.011148,0.011168,0.0111,0.011115,8837610.0
2025-05-01 16:50:00+09:00,0.011118,0.011128,0.011089,0.011121,4413028.0
2025-05-01 16:55:00+09:00,0.011122,0.011183,0.011119,0.011155,3930004.0
2025-05-01 17:00:00+09:00,0.011154,0.011161,0.011085,0.011096,6755386.0
2025-05-01 17:05:00+09:00,0.011089,0.011097,0.011007,0.011025,13088378.0
2025-05-01 17:10:00+09:00,0.011025,0.011081,0.011016,0.011037,9692776.0
2025-05-01 17:15:00+09:00,0.011038,0.011085,0.011024,0.01108,4711671.0
2025-05-01 17:20:00+09:00,0.01108,0.011084,0.011013,0.011025,4737323.0
2025-05-01 17:25:00+09:00,0.011024,0.01104,0.010977,0.010988,8729118.0
2025-05-01 17:30:00+09:00,0.010989,0.011016,0.010916,0.01099,17745753.0
2025-05-01 17:35:00+09:00,0.010992,0.011014,0.010958,0.010958,2983444.0
2025-05-01 17:40:00+09:00,0.010958,0.011074,0.010934,0.011054,14456052.0
2025-05-01 17:45:00+09:00,0.011055,0.011056,0.010994,0.011005,4370489.0
2025-05-01 17:50:00+09:00,0.011012,0.011067,0.011012,0.011032,10843155.0
2025-05-01 17:55:00+09:00,0.01103,0.01103,0.010947,0.010972,9378757.0
2025-05-01 18:00:00+09:00,0.01097,0.010983,0.010851,0.010864,16234428.0
2025-05-01 18:05:00+09:00,0.010865,0.010905,0.010835,0.010845,6160255.0
2025-05-01 18:10:00+09:00,0.010846,0.010904,0.010828,0.010895,5140559.0
2025-05-01 18:15:00+09:00,0.010895,0.010964,0.010866,0.01096,5177517.0
2025-05-01 18:20:00+09:00,0.01096,0.01112,0.010953,0.011024,25873629.0
2025-05-01 18:25:00+09:00,0.011021,0.011021,0.010973,0.010993,5791406.0
2025-05-01 18:30:00+09:00,0.010994,0.011037,0.010965,0.011027,4412971.0
2025-05-01 18:35:00+09:00,0.011026,0.011075,0.011003,0.011075,3952725.0
2025-05-01 18:40:00+09:00,0.011076,0.011083,0.011034,0.011077,5976743.0
2025-05-01 18:45:00+09:00,0.011076,0.011117,0.011043,0.011076,6817833.0
2025-05-01 18:50:00+09:00,0.01108,0.011181,0.011051,0.011181,12120391.0
2025-05-01 18:55:00+09:00,0.011182,0.011189,0.011111,0.01113,5045297.0
2025-05-01 19:00:00+09:00,0.011132,0.011294,0.011132,0.011282,15017762.0
2025-05-01 19:05:00+09:00,0.011284,0.011379,0.011278,0.011357,14883059.0
2025-05-01 19:10:00+09:00,0.011357,0.011368,0.011247,0.011332,29753962.0
2025-05-01 19:15:00+09:00,0.011329,0.011424,0.011289,0.011423,18412192.0
2025-05-01 19:20:00+09:00,0.011425,0.011485,0.011378,0.011477,20539456.0
2025-05-01 19:25:00+09:00,0.011478,0.01162,0.01147,0.011611,25621168.0
2025-05-01 19:30:00+09:00,0.011609,0.011664,0.011509,0.011617,27300485.0
2025-05-01 19:35:00+09:00,0.011614,0.011736,0.011608,0.011705,41604851.0
2025-05-01 19:40:00+09:00,0.011703,0.011727,0.01165,0.011663,27852480.0
2025-05-01 19:45:00+09:00,0.011661,0.01168,0.011486,0.011509,27671158.0
2025-05-01 19:50:00+09:00,0.011513,0.011632,0.011503,0.011575,22977235.0
2025-05-01 19:55:00+09:00,0.011575,0.011615,0.011521,0.011559,14162540.0
2025-05-01 20:00:00+09:00,0.011564,0.011596,0.011408,0.011444,32572050.0
2025-05-01 20:05:00+09:00,0.011445,0.011467,0.011364,0.011408,13458245.0
2025-05-01 20:10:00+09:00,0.011406,0.011492,0.011387,0.01147,5223025.0
2025-05-01 20:15:00+09:00,0.011471,0.011504,0.011376,0.011422,9102504.0
2025-05-01 20:20:00+09:00,0.011425,0.011458,0.011344,0.011359,7749006.0
2025-05-01 20:25:00+09:00,0.01136,0.01138,0.011307,0.011324,8818329.0
2025-05-01 20:30:00+09:00,0.011332,0.011394,0.01127,0.011272,10468724.0
2025-05-01 20:35:00+09:00,0.011274,0.011367,0.011273,0.011316,11984086.0
2025-05-01 20:40:00+09:00,0.011318,0.011358,0.011291,0.0113,6481506.0
2025-05-01 20:45:00+09:00,0.011299,0.011384,0.011276,0.011326,13004307.0
2025-05-01 20:50:00+09:00,0.011324,0.011362,0.011316,0.011327,7595471.0
2025-05-01 20:55:00+09:00,0.011328,0.011368,0.011316,0.011331,8001117.0
2025-05-01 21:00:00+09:00,0.011332,0.01138,0.011264,0.011289,9251935.0
2025-05-01 21:05:00+09:00,0.011288,0.011386,0.011272,0.011376,17438153.0
2025-05-01 21:10:00+09:00,0.011376,0.011484,0.011347,0.011418,18293688.0
2025-05-01 21:15:00+09:00,0.011419,0.011438,0.011271,0.011274,13761514.0
2025-05-01 21:20:00+09:00,0.011282,0.011538,0.011282,0.011524,21273149.0
2025-05-01 21:25:00+09:00,0.011523,0.011569,0.011412,0.011484,20136373.0
2025-05-01 21:30:00+09:00,0.011477,0.011503,0.011423,0.011458,6769216.0
2025-05-01 21:35:00+09:00,0.011457,0.011579,0.01145,0.011498,9181089.0
2025-05-01 21:40:00+09:00,0.011497,0.011499,0.011423,0.011432,8502656.0
2025-05-01 21:45:00+09:00,0.011431,0.011438,0.011294,0.011324,15174635.0
2025-05-01 21:50:00+09:00,0.011323,0.011375,0.0113,0.011366,6467210.0
2025-05-01 21:55:00+09:00,0.011364,0.011364,0.011282,0.011315,8210514.0
2025-05-01 22:00:00+09:00,0.011316,0.011377,0.011295,0.011339,13279746.0
2025-05-01 22:05:00+09:00,0.011339,0.011339,0.011244,0.011277,15670023.0
2025-05-01 22:10:00+09:00,0.011277,0.011315,0.011235,0.011238,8872086.0
2025-05-01 22:15:00+09:00,0.011237,0.011253,0.011172,0.011198,22056144.0
2025-05-01 22:20:00+09:00,0.011197,0.011295,0.011189,0.011275,9544374.0
2025-05-01 22:25:00+09:00,0.011273,0.011327,0.011258,0.011264,11230939.0
2025-05-01 22:30:00+09:00,0.011264,0.011266,0.011157,0.01117,13729394.0
2025-05-01 22:35:00+09:00,0.011176,0.011211,0.011074,0.011092,15021332.0
2025-05-01 22:40:00+09:00,0.011094,0.011103,0.010993,0.011037,25917153.0
2025-05-01 22:45:00+09:00,0.011037,0.011053,0.010951,0.011038,14853527.0
2025-05-01 22:50:00+09:00,0.011039,0.011103,0.011023,0.011049,6868280.0
2025-05-01 22:55:00+09:00,0.011047,0.011084,0.011,0.011019,11620280.0
2025-05-01 23:00:00+09:00,0.011019,0.011118,0.011019,0.011082,21355218.0
2025-05-01 23:05:00+09:00,0.011081,0.011131,0.011044,0.011065,8371425.0
2025-05-01 23:10:00+09:00,0.011065,0.011121,0.011038,0.011094,8702818.0
2025-05-01 23:15:00+09:00,0.011095,0.011197,0.011095,0.011153,7492907.0
2025-05-01 23:20:00+09:00,0.011158,0.011299,0.011158,0.011203,10817597.0
2025-05-01 23:25:00+09:00,0.011204,0.01127,0.011149,0.011168,27889217.0
2025-05-01 23:30:00+09:00,0.011169,0.011207,0.011122,0.011159,8154399.0
2025-05-01 23:35:00+09:00,0.01116,0.011192,0.011144,0.011144,4110397.0
2025-05-01 23:40:00+09:00,0.011144,0.011169,0.011055,0.011063,10775756.0
2025-05-01 23:45:00+09:00,0.01106,0.011105,0.011038,0.011081,7610108.0
2025-05-01 23:50:00+09:00,0.011082,0.011139,0.011072,0.011099,12451734.0
2025-05-01 23:55:00+09:00,0.011098,0.011143,0.011073,0.011139,6491610.0
2025-05-02 00:00:00+09:00,0.011141,0.011163,0.011081,0.011128,13384449.0
2025-05-02 00:05:00+09:00,0.011129,0.011177,0.011069,0.011097,17713536.0
2025-05-02 00:10:00+09:00,0.011098,0.011231,0.011087,0.011168,17398377.0
2025-05-02 00:15:00+09:00,0.01117,0.011205,0.011118,0.011128,19638403.0
2025-05-02 00:20:00+09:00,0.011129,0.011165,0.011105,0.011117,4627499.0
2025-05-02 00:25:00+09:00,0.011118,0.011174,0.011118,0.011149,3487749.0
2025-05-02 00:30:00+09:00,0.01115,0.011157,0.010984,0.010986,27509874.0
2025-05-02 00:35:00+09:00,0.01099,0.011014,0.010972,0.010972,18096406.0
2025-05-02 00:40:00+09:00,0.010974,0.011011,0.010946,0.010983,12503534.0
2025-05-02 00:45:00+09:00,0.010982,0.011007,0.010922,0.010944,12433751.0
2025-05-02 00:50:00+09:00,0.010945,0.010999,0.01093,0.010958,4439562.0
2025-05-02 00:55:00+09:00,0.010958,0.010997,0.010927,0.010938,13640810.0
2025-05-02 01:00:00+09:00,0.010939,0.011015,0.010937,0.011009,4460441.0
2025-05-02 01:05:00+09:00,0.011009,0.011055,0.010989,0.011052,4442773.0
2025-05-02 01:10:00+09:00,0.011055,0.011059,0.010946,0.010972,9440729.0
2025-05-02 01:15:00+09:00,0.010972,0.010972,0.010848,0.010861,15095061.0
2025-05-02 01:20:00+09:00,0.010864,0.010968,0.010864,0.010915,8785278.0
2025-05-02 01:25:00+09:00,0.010917,0.010995,0.010903,0.01096,16771410.0
2025-05-02 01:30:00+09:00,0.010959,0.010996,0.010902,0.010934,8110704.0
2025-05-02 01:35:00+09:00,0.010935,0.010976,0.010888,0.010893,27635448.0
2025-05-02 01:40:00+09:00,0.010893,0.010938,0.010872,0.010923,14132954.0
2025-05-02 01:45:00+09:00,0.010922,0.010936,0.010823,0.01087,19661417.0
2025-05-02 01:50:00+09:00,0.01087,0.01087,0.010823,0.010846,7120113.0
2025-05-02 01:55:00+09:00,0.010844,0.010844,0.010763,0.0108,12388447.0
2025-05-02 02:00:00+09:00,0.0108,0.010892,0.010794,0.010867,8401812.0
2025-05-02 02:05:00+09:00,0.010872,0.010881,0.010831,0.010854,3356576.0
2025-05-02 02:10:00+09:00,0.010856,0.010863,0.010807,0.010814,2012595.0
2025-05-02 02:15:00+09:00,0.010815,0.010881,0.01081,0.010851,4569067.0
2025-05-02 02:20:00+09:00,0.010853,0.010862,0.010818,0.010822,2799183.0
2025-05-02 02:25:00+09:00,0.010821,0.010839,0.010795,0.010805,4065082.0
2025-05-02 02:30:00+09:00,0.010805,0.010844,0.010776,0.010826,5361809.0
2025-05-02 02:35:00+09:00,0.010824,0.010842,0.010747,0.010754,7726600.0
2025-05-02 02:40:00+09:00,0.010753,0.010816,0.010753,0.010796,5711390.0
2025-05-02 02:45:00+09:00,0.010797,0.010816,0.010759,0.010773,5160659.0
2025-05-02 02:50:00+09:00,0.010769,0.010892,0.010769,0.010887,5732842.0
2025-05-02 02:55:00+09:00,0.010886,0.010899,0.01085,0.01085,4553203.0
2025-05-02 03:00:00+09:00,0.010853,0.010987,0.010847,0.010977,6907704.0
2025-05-02 03:05:00+09:00,0.010977,0.011054,0.010959,0.010965,8607053.0
2025-05-02 03:10:00+09:00,0.010967,0.010988,0.010923,0.010938,7895516.0
2025-05-02 03:15:00+09:00,0.010938,0.01094,0.010883,0.010887,8063055.0
2025-05-02 03:20:00+09:00,0.010884,0.01097,0.010863,0.010968,12230230.0
2025-05-02 03:25:00+09:00,0.010967,0.011012,0.010961,0.010978,7718711.0
2025-05-02 03:30:00+09:00,0.010979,0.010985,0.010901,0.010912,10046745.0
2025-05-02 03:35:00+09:00,0.010912,0.010944,0.010906,0.010917,5327087.0
2025-05-02 03:40:00+09:00,0.010916,0.010929,0.01087,0.010883,7741670.0
2025-05-02 03:45:00+09:00,0.010883,0.010969,0.010883,0.010923,7367089.0
2025-05-02 03:50:00+09:00,0.010922,0.010936,0.010884,0.01093,11365978.0
2025-05-02 03:55:00+09:00,0.010929,0.01098,0.010899,0.01098,11588532.0
2025-05-02 04:00:00+09:00,0.010979,0.010979,0.010893,0.010957,5748518.0
2025-05-02 04:05:00+09:00,0.010957,0.010965,0.010861,0.010863,5652235.0
2025-05-02 04:10:00+09:00,0.010862,0.010862,0.010792,0.010806,14923976.0
2025-05-02 04:15:00+09:00,0.01081,0.010811,0.010761,0.010772,8986607.0
2025-05-02 04:20:00+09:00,0.010774,0.010784,0.010687,0.0107,11875682.0
2025-05-02 04:25:00+09:00,0.0107,0.010749,0.010694,0.010741,4765831.0
2025-05-02 04:30:00+09:00,0.010743,0.010873,0.010738,0.01086,5135700.0
2025-05-02 04:35:00+09:00,0.010859,0.010886,0.010843,0.010877,4789292.0
2025-05-02 04:40:00+09:00,0.010876,0.010881,0.010797,0.010815,2709748.0
2025-05-02 04:45:00+09:00,0.010812,0.010841,0.010769,0.010779,9373696.0
2025-05-02 04:50:00+09:00,0.01078,0.010793,0.0107,0.010792,10947869.0
2025-05-02 04:55:00+09:00,0.010791,0.010791,0.010734,0.010773,3136560.0
2025-05-02 05:00:00+09:00,0.010775,0.010796,0.010696,0.010705,4036201.0
2025-05-02 05:05:00+09:00,0.010707,0.010725,0.010653,0.010694,9562128.0
2025-05-02 05:10:00+09:00,0.010698,0.010709,0.010662,0.010689,2079146.0
2025-05-02 05:15:00+09:00,0.010687,0.010784,0.010679,0.010765,6507761.0
2025-05-02 05:20:00+09:00,0.010764,0.010816,0.010717,0.010723,16156561.0
2025-05-02 05:25:00+09:00,0.010726,0.01076,0.010705,0.010708,2420462.0
2025-05-02 05:30:00+09:00,0.01071,0.010744,0.010677,0.010697,4404342.0
2025-05-02 05:35:00+09:00,0.010697,0.010733,0.010688,0.010733,2485315.0
2025-05-02 05:40:00+09:00,0.010733,0.010742,0.010708,0.010714,1888989.0
2025-05-02 05:45:00+09:00,0.010716,0.010746,0.010699,0.010725,2859010.0
2025-05-02 05:50:00+09:00,0.010724,0.010751,0.010705,0.010751,2259389.0
2025-05-02 05:55:00+09:00,0.010752,0.010761,0.010722,0.010741,1932137.0
2025-05-02 06:00:00+09:00,0.010743,0.010798,0.010719,0.010786,2911608.0
2025-05-02 06:05:00+09:00,0.010788,0.010788,0.010732,0.010736,2066033.0
2025-05-02 06:10:00+09:00,0.010737,0.010803,0.010736,0.010795,2397037.0
2025-05-02 06:15:00+09:00,0.010788,0.010814,0.010717,0.010718,3470013.0
2025-05-02 06:20:00+09:00,0.010722,0.010739,0.010709,0.010718,3187459.0
2025-05-02 06:25:00+09:00,0.010719,0.010725,0.010694,0.010709,3685518.0
2025-05-02 06:30:00+09:00,0.010707,0.010729,0.010694,0.010704,2401322.0
2025-05-02 06:35:00+09:00,0.010706,0.010716,0.010696,0.010705,1607836.0
2025-05-02 06:40:00+09:00,0.010705,0.010798,0.010693,0.010784,19438608.0
2025-05-02 06:45:00+09:00,0.010784,0.010784,0.010712,0.010751,8640175.0
2025-05-02 06:50:00+09:00,0.010752,0.010771,0.010732,0.010732,8748754.0
2025-05-02 06:55:00+09:00,0.010731,0.010775,0.01072,0.010734,11856073.0
2025-05-02 07:00:00+09:00,0.010733,0.010762,0.010663,0.010702,12797446.0
2025-05-02 07:05:00+09:00,0.010703,0.010753,0.010689,0.010745,10001560.0
2025-05-02 07:10:00+09:00,0.010744,0.010809,0.010734,0.010804,3561672.0
2025-05-02 07:15:00+09:00,0.010805,0.010845,0.010782,0.010792,9942201.0
2025-05-02 07:20:00+09:00,0.010795,0.010804,0.010747,0.010748,3253109.0
2025-05-02 07:25:00+09:00,0.010747,0.010757,0.010709,0.010709,4269962.0
2025-05-02 07:30:00+09:00,0.01071,0.01075,0.010693,0.01074,3352675.0
2025-05-02 07:35:00+09:00,0.010737,0.010741,0.010675,0.010688,6376385.0
2025-05-02 07:40:00+09:00,0.010689,0.010762,0.010689,0.010757,4731202.0
2025-05-02 07:45:00+09:00,0.010756,0.010782,0.010734,0.010747,3252791.0
2025-05-02 07:50:00+09:00,0.010745,0.01076,0.01073,0.010748,1469855.0
2025-05-02 07:55:00+09:00,0.010748,0.010758,0.010711,0.010714,3054715.0
2025-05-02 08:00:00+09:00,0.010715,0.010721,0.010667,0.010675,4413993.0
2025-05-02 08:05:00+09:00,0.010674,0.010689,0.010653,0.010682,2755269.0
2025-05-02 08:10:00+09:00,0.010683,0.010696,0.010667,0.010673,1110913.0
2025-05-02 08:15:00+09:00,0.010672,0.010683,0.010637,0.010664,11654676.0
2025-05-02 08:20:00+09:00,0.010663,0.010663,0.0106,0.010641,10417827.0
2025-05-02 08:25:00+09:00,0.010642,0.010662,0.01064,0.010649,3468141.0
2025-05-02 08:30:00+09:00,0.010648,0.010648,0.010568,0.010579,5379781.0
2025-05-02 08:35:00+09:00,0.010578,0.01059,0.010496,0.010514,30991279.0
2025-05-02 08:40:00+09:00,0.010515,0.010534,0.0105,0.010517,8090866.0
2025-05-02 08:45:00+09:00,0.010518,0.010561,0.010504,0.01055,4685268.0
2025-05-02 08:50:00+09:00,0.01055,0.010594,0.010538,0.010587,3632469.0
2025-05-02 08:55:00+09:00,0.010589,0.010608,0.010572,0.010584,1932004.0
2025-05-02 09:00:00+09:00,0.010585,0.010633,0.010579,0.010598,3786237.0
2025-05-02 09:05:00+09:00,0.010599,0.010604,0.010518,0.010543,6119679.0
2025-05-02 09:10:00+09:00,0.010542,0.010562,0.010511,0.010528,4813022.0
2025-05-02 09:15:00+09:00,0.010531,0.010559,0.010478,0.010491,58052050.0
2025-05-02 09:20:00+09:00,0.010491,0.010507,0.010451,0.010467,12415520.0
2025-05-02 09:25:00+09:00,0.010466,0.010516,0.010466,0.010505,3767064.0
2025-05-02 09:30:00+09:00,0.010506,0.010575,0.010506,0.010574,6859717.0
2025-05-02 09:35:00+09:00,0.010574,0.010574,0.010516,0.010528,6693307.0
2025-05-02 09:40:00+09:00,0.010529,0.010535,0.010503,0.010527,2336044.0
2025-05-02 09:45:00+09:00,0.010529,0.010558,0.010517,0.010558,2581993.0
2025-05-02 09:50:00+09:00,0.010558,0.010577,0.010553,0.010571,4021999.0
2025-05-02 09:55:00+09:00,0.010575,0.010635,0.010575,0.010628,7359295.0
2025-05-02 10:00:00+09:00,0.010629,0.010685,0.010623,0.010673,5271332.0
2025-05-02 10:05:00+09:00,0.010672,0.010672,0.010596,0.010602,3793844.0
2025-05-02 10:10:00+09:00,0.010603,0.010635,0.010586,0.010603,2798688.0
2025-05-02 10:15:00+09:00,0.010602,0.010606,0.010545,0.01058,5820251.0
2025-05-02 10:20:00+09:00,0.010579,0.010632,0.010571,0.010604,3683347.0
2025-05-02 10:25:00+09:00,0.010601,0.010655,0.010601,0.010609,2695242.0
2025-05-02 10:30:00+09:00,0.010607,0.010607,0.010555,0.010558,6483891.0
2025-05-02 10:35:00+09:00,0.010557,0.010636,0.010552,0.010606,5009336.0
2025-05-02 10:40:00+09:00,0.010608,0.010613,0.01052,0.01052,9922277.0
2025-05-02 10:45:00+09:00,0.010521,0.010675,0.01052,0.010654,17402353.0
2025-05-02 10:50:00+09:00,0.010655,0.010747,0.010627,0.01072,13905345.0
2025-05-02 10:55:00+09:00,0.010721,0.010745,0.010707,0.010707,5135834.0
2025-05-02 11:00:00+09:00,0.010707,0.010778,0.010671,0.010772,4719043.0
2025-05-02 11:05:00+09:00,0.010771,0.010798,0.010735,0.010748,5736983.0
2025-05-02 11:10:00+09:00,0.010749,0.010749,0.010652,0.010674,6855381.0
2025-05-02 11:15:00+09:00,0.010675,0.010702,0.010631,0.010669,7221341.0
2025-05-02 11:20:00+09:00,0.010668,0.01069,0.010635,0.010636,5202879.0
2025-05-02 11:25:00+09:00,0.010634,0.010678,0.010604,0.010668,5189016.0
2025-05-02 11:30:00+09:00,0.01067,0.010739,0.01067,0.010727,6091030.0
2025-05-02 11:35:00+09:00,0.010726,0.010762,0.01068,0.010738,4658001.0
2025-05-02 11:40:00+09:00,0.010739,0.010767,0.010685,0.010703,7489026.0
2025-05-02 11:45:00+09:00,0.010702,0.010731,0.010688,0.010719,3480022.0
2025-05-02 11:50:00+09:00,0.010719,0.010745,0.010712,0.010723,5239631.0
2025-05-02 11:55:00+09:00,0.010723,0.010723,0.010683,0.010701,4888848.0
2025-05-02 12:00:00+09:00,0.010701,0.010723,0.010601,0.010617,16796238.0
2025-05-02 12:05:00+09:00,0.010615,0.010661,0.010606,0.010632,6994770.0
2025-05-02 12:10:00+09:00,0.010631,0.010679,0.010622,0.010677,4416383.0
2025-05-02 12:15:00+09:00,0.010676,0.010676,0.010566,0.010585,8468973.0
2025-05-02 12:20:00+09:00,0.010586,0.010615,0.010548,0.010615,4259331.0
2025-05-02 12:25:00+09:00,0.010614,0.010626,0.010579,0.010621,6760391.0
2025-05-02 12:30:00+09:00,0.010618,0.010696,0.01061,0.010696,4858476.0
2025-05-02 12:35:00+09:00,0.010697,0.010743,0.010682,0.010698,3829361.0
2025-05-02 12:40:00+09:00,0.010696,0.010697,0.010635,0.010642,3921832.0
2025-05-02 12:45:00+09:00,0.010643,0.0107,0.010636,0.010646,4645722.0
2025-05-02 12:50:00+09:00,0.010647,0.010705,0.010646,0.010693,1944515.0
2025-05-02 12:55:00+09:00,0.010693,0.010693,0.010647,0.010658,3075985.0
2025-05-02 13:00:00+09:00,0.010658,0.010674,0.010595,0.01064,10911978.0
2025-05-02 13:05:00+09:00,0.010641,0.010641,0.010562,0.010569,3495421.0
2025-05-02 13:10:00+09:00,0.010566,0.0106,0.010552,0.010557,6803965.0
2025-05-02 13:15:00+09:00,0.010557,0.010577,0.010532,0.010544,5770115.0
2025-05-02 13:20:00+09:00,0.010541,0.010545,0.010522,0.01054,3960001.0
2025-05-02 13:25:00+09:00,0.01054,0.010561,0.010501,0.010517,4665849.0
2025-05-02 13:30:00+09:00,0.010514,0.010603,0.010481,0.010505,14109611.0
2025-05-02 13:35:00+09:00,0.010505,0.01055,0.010503,0.010518,3776021.0
2025-05-02 13:40:00+09:00,0.010516,0.010548,0.010498,0.010528,5737603.0
2025-05-02 13:45:00+09:00,0.01053,0.010541,0.01047,0.01049,12355499.0
2025-05-02 13:50:00+09:00,0.010489,0.010541,0.010488,0.01053,9763641.0
2025-05-02 13:55:00+09:00,0.010529,0.010561,0.010507,0.01054,7405227.0
2025-05-02 14:00:00+09:00,0.010538,0.010627,0.010531,0.010615,5085031.0
2025-05-02 14:05:00+09:00,0.01062,0.01063,0.010581,0.010609,2611138.0
2025-05-02 14:10:00+09:00,0.010611,0.010659,0.010611,0.010657,4143701.0
2025-05-02 14:15:00+09:00,0.010659,0.010675,0.010612,0.010613,4073403.0
2025-05-02 14:20:00+09:00,0.010614,0.010621,0.010588,0.010611,3660567.0
2025-05-02 14:25:00+09:00,0.01061,0.010668,0.010574,0.010642,13131911.0
2025-05-02 14:30:00+09:00,0.010643,0.010687,0.010628,0.010639,4454467.0
2025-05-02 14:35:00+09:00,0.010641,0.010681,0.010619,0.010644,6002566.0
2025-05-02 14:40:00+09:00,0.010645,0.010671,0.010605,0.010608,2340772.0
2025-05-02 14:45:00+09:00,0.010608,0.010636,0.010592,0.010611,4808952.0
2025-05-02 14:50:00+09:00,0.01061,0.010619,0.010569,0.010583,4330633.0
2025-05-02 14:55:00+09:00,0.010585,0.010606,0.010553,0.010606,4789331.0
2025-05-02 15:00:00+09:00,0.010606,0.010609,0.010545,0.010547,2651332.0
2025-05-02 15:05:00+09:00,0.010547,0.01062,0.010526,0.010616,7590842.0
2025-05-02 15:10:00+09:00,0.010615,0.01063,0.010583,0.010608,5306558.0
2025-05-02 15:15:00+09:00,0.010607,0.010607,0.010555,0.010555,3704651.0
2025-05-02 15:20:00+09:00,0.010552,0.010571,0.010542,0.010548,1460599.0
2025-05-02 15:25:00+09:00,0.010548,0.010569,0.010541,0.010548,5544703.0
2025-05-02 15:30:00+09:00,0.010548,0.010556,0.010501,0.010504,4716806.0
2025-05-02 15:35:00+09:00,0.010504,0.010508,0.010457,0.010458,6429905.0
2025-05-02 15:40:00+09:00,0.010459,0.010459,0.010368,0.010388,14331235.0
2025-05-02 15:45:00+09:00,0.010387,0.010434,0.010375,0.010428,9952167.0
2025-05-02 15:50:00+09:00,0.010423,0.010472,0.01041,0.01047,6119767.0
2025-05-02 15:55:00+09:00,0.010469,0.010469,0.010432,0.01046,6278163.0
2025-05-02 16:00:00+09:00,0.01046,0.010519,0.010452,0.010501,4284591.0
2025-05-02 16:05:00+09:00,0.010503,0.010532,0.010468,0.010469,3008650.0
2025-05-02 16:10:00+09:00,0.01047,0.01047,0.010418,0.010435,8752692.0
2025-05-02 16:15:00+09:00,0.010435,0.01046,0.010409,0.010421,6787730.0
2025-05-02 16:20:00+09:00,0.010423,0.010441,0.010379,0.010412,4494661.0
2025-05-02 16:25:00+09:00,0.010412,0.010433,0.010327,0.010344,17031847.0
2025-05-02 16:30:00+09:00,0.010343,0.010352,0.010306,0.010328,7056390.0
2025-05-02 16:35:00+09:00,0.010328,0.01033,0.01017,0.010255,93965331.0
2025-05-02 16:40:00+09:00,0.010254,0.010289,0.010217,0.010279,8248914.0
2025-05-02 16:45:00+09:00,0.010276,0.010297,0.010232,0.010233,4761409.0
2025-05-02 16:50:00+09:00,0.010232,0.010289,0.01023,0.010273,6081286.0
2025-05-02 16:55:00+09:00,0.010272,0.010289,0.010237,0.010237,4368938.0
2025-05-02 17:00:00+09:00,0.010239,0.010293,0.010233,0.010268,4757594.0
2025-05-02 17:05:00+09:00,0.010273,0.010288,0.010264,0.010285,2501470.0
2025-05-02 17:10:00+09:00,0.010285,0.01034,0.010269,0.010319,8012101.0
2025-05-02 17:15:00+09:00,0.010317,0.010343,0.01026,0.010329,3950850.0
2025-05-02 17:20:00+09:00,0.01033,0.010364,0.010305,0.010361,4896235.0
2025-05-02 17:25:00+09:00,0.010361,0.010393,0.010351,0.010375,4662851.0
2025-05-02 17:30:00+09:00,0.010374,0.010393,0.01034,0.010362,4037390.0
2025-05-02 17:35:00+09:00,0.010361,0.010415,0.010344,0.010386,5007600.0
2025-05-02 17:40:00+09:00,0.010387,0.010405,0.01037,0.010405,3644631.0
2025-05-02 17:45:00+09:00,0.010406,0.010461,0.010368,0.010442,4344310.0
2025-05-02 17:50:00+09:00,0.010443,0.010562,0.010405,0.01051,24800152.0
2025-05-02 17:55:00+09:00,0.010508,0.010508,0.010463,0.010475,3165204.0
2025-05-02 18:00:00+09:00,0.010475,0.010507,0.010441,0.010495,5809137.0
2025-05-02 18:05:00+09:00,0.010494,0.010565,0.010493,0.010553,2824182.0
2025-05-02 18:10:00+09:00,0.010555,0.010567,0.010516,0.010555,4543647.0
2025-05-02 18:15:00+09:00,0.010554,0.010554,0.010503,0.010528,4595239.0
2025-05-02 18:20:00+09:00,0.010528,0.010542,0.01049,0.010519,6114537.0
2025-05-02 18:25:00+09:00,0.01052,0.010566,0.010492,0.010563,7478605.0
2025-05-02 18:30:00+09:00,0.010562,0.010562,0.010483,0.010485,3961390.0
2025-05-02 18:35:00+09:00,0.010485,0.010519,0.010483,0.01049,2019116.0
2025-05-02 18:40:00+09:00,0.010493,0.010518,0.010485,0.01051,1937502.0
2025-05-02 18:45:00+09:00,0.010509,0.010564,0.010498,0.01056,6045232.0
2025-05-02 18:50:00+09:00,0.01056,0.010594,0.010517,0.010517,5299702.0
2025-05-02 18:55:00+09:00,0.010516,0.010556,0.010514,0.010545,1651253.0
2025-05-02 19:00:00+09:00,0.010545,0.01062,0.010528,0.010597,15375267.0
2025-05-02 19:05:00+09:00,0.010597,0.010597,0.010563,0.010575,1378487.0
2025-05-02 19:10:00+09:00,0.010575,0.010614,0.010563,0.010602,3009597.0
2025-05-02 19:15:00+09:00,0.010601,0.010624,0.010554,0.010568,2831635.0
2025-05-02 19:20:00+09:00,0.010567,0.010598,0.010548,0.010576,9284276.0
2025-05-02 19:25:00+09:00,0.010575,0.01059,0.010537,0.010544,3487952.0
2025-05-02 19:30:00+09:00,0.010544,0.010583,0.010544,0.010555,5094250.0
2025-05-02 19:35:00+09:00,0.010554,0.010563,0.010512,0.010514,5015144.0
2025-05-02 19:40:00+09:00,0.010514,0.010554,0.010503,0.010551,2581602.0
2025-05-02 19:45:00+09:00,0.01055,0.010572,0.010527,0.010533,4638633.0
2025-05-02 19:50:00+09:00,0.010532,0.010532,0.010479,0.010489,6369281.0
2025-05-02 19:55:00+09:00,0.010485,0.010488,0.010444,0.01046,9528167.0
2025-05-02 20:00:00+09:00,0.010461,0.010474,0.010431,0.010458,5429766.0
2025-05-02 20:05:00+09:00,0.010457,0.01046,0.010412,0.010415,8207459.0
2025-05-02 20:10:00+09:00,0.010415,0.010432,0.010399,0.01041,2350105.0
2025-05-02 20:15:00+09:00,0.010409,0.010439,0.010404,0.010426,2977835.0
2025-05-02 20:20:00+09:00,0.010425,0.010465,0.010407,0.010448,4063042.0
2025-05-02 20:25:00+09:00,0.010447,0.010482,0.010432,0.010471,3247238.0
2025-05-02 20:30:00+09:00,0.010469,0.010474,0.010407,0.01041,4123022.0
2025-05-02 20:35:00+09:00,0.01041,0.010439,0.01041,0.010434,5334783.0
2025-05-02 20:40:00+09:00,0.010436,0.010448,0.010426,0.01043,2334806.0
2025-05-02 20:45:00+09:00,0.010429,0.010438,0.010398,0.010425,2646505.0
2025-05-02 20:50:00+09:00,0.010423,0.010453,0.010375,0.01038,7879296.0
2025-05-02 20:55:00+09:00,0.010379,0.010396,0.010375,0.010389,8185589.0
2025-05-02 21:00:00+09:00,0.010389,0.010392,0.010354,0.010359,7438372.0
2025-05-02 21:05:00+09:00,0.010361,0.010387,0.010345,0.010347,4145745.0
2025-05-02 21:10:00+09:00,0.010343,0.010345,0.010314,0.01033,6035918.0
2025-05-02 21:15:00+09:00,0.010329,0.010335,0.010284,0.010308,9579670.0
2025-05-02 21:20:00+09:00,0.010307,0.010316,0.010283,0.010293,4648166.0
2025-05-02 21:25:00+09:00,0.010292,0.010296,0.010279,0.010283,3818764.0
2025-05-02 21:30:00+09:00,0.010284,0.010431,0.010283,0.010307,25722120.0
2025-05-02 21:35:00+09:00,0.010308,0.010439,0.010308,0.010396,13508755.0
2025-05-02 21:40:00+09:00,0.0104,0.010406,0.010341,0.010353,4621073.0
2025-05-02 21:45:00+09:00,0.010357,0.010473,0.01035,0.010441,13629955.0
2025-05-02 21:50:00+09:00,0.010441,0.010485,0.010412,0.01043,6538336.0
2025-05-02 21:55:00+09:00,0.01043,0.010488,0.010422,0.010483,6638820.0
2025-05-02 22:00:00+09:00,0.010481,0.010518,0.010439,0.010446,5709879.0
2025-05-02 22:05:00+09:00,0.010447,0.010467,0.0104,0.010405,4783150.0
2025-05-02 22:10:00+09:00,0.010407,0.01047,0.010404,0.010437,4073304.0
2025-05-02 22:15:00+09:00,0.010435,0.010459,0.010423,0.010443,1831411.0
2025-05-02 22:20:00+09:00,0.010445,0.010473,0.010431,0.010443,3779987.0
2025-05-02 22:25:00+09:00,0.010444,0.010514,0.010437,0.010503,8444580.0
2025-05-02 22:30:00+09:00,0.010502,0.010559,0.010458,0.010459,15812508.0
2025-05-02 22:35:00+09:00,0.01046,0.010483,0.010435,0.010475,6734728.0
2025-05-02 22:40:00+09:00,0.010476,0.010534,0.010469,0.010499,5450300.0
2025-05-02 22:45:00+09:00,0.010501,0.010514,0.010461,0.010478,2585476.0
2025-05-02 22:50:00+09:00,0.010478,0.010487,0.010437,0.010463,4851487.0
2025-05-02 22:55:00+09:00,0.010461,0.010461,0.01039,0.010407,9531893.0
2025-05-02 23:00:00+09:00,0.010408,0.010456,0.010406,0.010444,4412981.0
2025-05-02 23:05:00+09:00,0.010446,0.010492,0.010444,0.010452,6143690.0
2025-05-02 23:10:00+09:00,0.01045,0.01045,0.010376,0.010378,7545541.0
2025-05-02 23:15:00+09:00,0.010379,0.010452,0.010346,0.010443,7068939.0
2025-05-02 23:20:00+09:00,0.010445,0.010538,0.010416,0.010516,22441704.0
2025-05-02 23:25:00+09:00,0.010518,0.010724,0.010517,0.010693,27131119.0
2025-05-02 23:30:00+09:00,0.010697,0.011007,0.010675,0.010854,45902357.0
2025-05-02 23:35:00+09:00,0.010855,0.011019,0.010855,0.010964,37528979.0
2025-05-02 23:40:00+09:00,0.010963,0.01104,0.010914,0.010991,31074871.0
2025-05-02 23:45:00+09:00,0.010988,0.011096,0.010921,0.010963,19949467.0
2025-05-02 23:50:00+09:00,0.010962,0.011092,0.010847,0.011091,26091748.0
2025-05-02 23:55:00+09:00,0.01109,0.01134,0.011075,0.011309,57662280.0
2025-05-03 00:00:00+09:00,0.011308,0.011642,0.011275,0.011345,109538879.0
2025-05-03 00:05:00+09:00,0.011341,0.011671,0.011324,0.011605,58247375.0
2025-05-03 00:10:00+09:00,0.011606,0.011624,0.011265,0.011364,60923167.0
2025-05-03 00:15:00+09:00,0.011364,0.011719,0.011356,0.011525,73285473.0
2025-05-03 00:20:00+09:00,0.011522,0.011644,0.011419,0.011613,47436190.0
2025-05-03 00:25:00+09:00,0.011614,0.011729,0.011564,0.011696,29376659.0
2025-05-03 00:30:00+09:00,0.011696,0.012115,0.011606,0.011985,82850109.0
2025-05-03 00:35:00+09:00,0.011984,0.012161,0.011818,0.011977,72932398.0
2025-05-03 00:40:00+09:00,0.011973,0.01228,0.011908,0.012156,88429122.0
2025-05-03 00:45:00+09:00,0.012156,0.012156,0.011921,0.012019,91798441.0
2025-05-03 00:50:00+09:00,0.01202,0.012171,0.011957,0.012008,67008138.0
2025-05-03 00:55:00+09:00,0.012007,0.012088,0.011965,0.012075,29470238.0
2025-05-03 01:00:00+09:00,0.01207,0.012077,0.011711,0.011872,88357117.0
2025-05-03 01:05:00+09:00,0.011876,0.012039,0.01185,0.011882,41463429.0
2025-05-03 01:10:00+09:00,0.011886,0.012051,0.011863,0.012047,22147618.0
2025-05-03 01:15:00+09:00,0.012047,0.012164,0.011889,0.011894,34776265.0
2025-05-03 01:20:00+09:00,0.01189,0.012686,0.011813,0.012527,203196867.0
2025-05-03 01:25:00+09:00,0.012533,0.012796,0.012367,0.012663,113224670.0
2025-05-03 01:30:00+09:00,0.012662,0.012763,0.012454,0.012533,97720376.0
2025-05-03 01:35:00+09:00,0.012534,0.012654,0.01248,0.012522,78403762.0
2025-05-03 01:40:00+09:00,0.012519,0.012543,0.012214,0.012307,106894412.0
2025-05-03 01:45:00+09:00,0.012309,0.012407,0.012214,0.012272,34722799.0
2025-05-03 01:50:00+09:00,0.012268,0.012419,0.012247,0.012286,21179057.0
2025-05-03 01:55:00+09:00,0.01228,0.012419,0.012274,0.012289,16542690.0
2025-05-03 02:00:00+09:00,0.012289,0.012394,0.012068,0.012144,42381054.0
2025-05-03 02:05:00+09:00,0.012141,0.012278,0.012116,0.012201,23621435.0
2025-05-03 02:10:00+09:00,0.012202,0.012353,0.012168,0.012252,17248093.0
2025-05-03 02:15:00+09:00,0.012254,0.012467,0.012254,0.012407,31150156.0
2025-05-03 02:20:00+09:00,0.012409,0.012461,0.01231,0.012319,15253568.0
2025-05-03 02:25:00+09:00,0.012316,0.012319,0.01217,0.012192,15818359.0
2025-05-03 02:30:00+09:00,0.012186,0.01223,0.011958,0.011973,49032264.0
2025-05-03 02:35:00+09:00,0.011977,0.012227,0.011977,0.012167,38892603.0
2025-05-03 02:40:00+09:00,0.012171,0.012329,0.012165,0.012277,19332872.0
2025-05-03 02:45:00+09:00,0.012278,0.012398,0.012176,0.012181,23990995.0
2025-05-03 02:50:00+09:00,0.012179,0.012236,0.012123,0.012174,11402834.0
2025-05-03 02:55:00+09:00,0.012173,0.012234,0.012148,0.012181,6664988.0
2025-05-03 03:00:00+09:00,0.012181,0.012365,0.012168,0.012322,32671710.0
2025-05-03 03:05:00+09:00,0.012322,0.012398,0.012252,0.012315,11678585.0
2025-05-03 03:10:00+09:00,0.012314,0.012459,0.012312,0.012428,9501483.0
2025-05-03 03:15:00+09:00,0.012424,0.012437,0.012322,0.012336,7945927.0
2025-05-03 03:20:00+09:00,0.012338,0.012366,0.012265,0.01234,8822236.0
2025-05-03 03:25:00+09:00,0.012336,0.012339,0.012177,0.012183,14251218.0
2025-05-03 03:30:00+09:00,0.012181,0.012225,0.012075,0.012195,21901601.0
2025-05-03 03:35:00+09:00,0.012196,0.012291,0.012145,0.012249,8210235.0
2025-05-03 03:40:00+09:00,0.012248,0.012322,0.012205,0.012218,10970098.0
2025-05-03 03:45:00+09:00,0.012221,0.012282,0.012193,0.012196,6625024.0
2025-05-03 03:50:00+09:00,0.012197,0.012261,0.012141,0.012246,9568574.0
2025-05-03 03:55:00+09:00,0.012243,0.012256,0.012152,0.01216,5461135.0
2025-05-03 04:00:00+09:00,0.012159,0.012244,0.012154,0.012224,11795378.0
2025-05-03 04:05:00+09:00,0.012226,0.012332,0.012214,0.012327,7170976.0
2025-05-03 04:10:00+09:00,0.012327,0.012337,0.012139,0.012147,18724677.0
2025-05-03 04:15:00+09:00,0.012156,0.012168,0.011997,0.012109,37829815.0
2025-05-03 04:20:00+09:00,0.01211,0.012145,0.012073,0.012102,12120099.0
2025-05-03 04:25:00+09:00,0.012104,0.012147,0.012075,0.012142,8304134.0
2025-05-03 04:30:00+09:00,0.01214,0.012257,0.012139,0.012238,19808961.0
2025-05-03 04:35:00+09:00,0.012239,0.012267,0.012131,0.012133,9776398.0
2025-05-03 04:40:00+09:00,0.012131,0.012157,0.012025,0.012057,11060715.0
2025-05-03 04:45:00+09:00,0.012057,0.012066,0.01186,0.011863,27962651.0
2025-05-03 04:50:00+09:00,0.011867,0.011965,0.011867,0.011908,15244134.0
2025-05-03 04:55:00+09:00,0.011909,0.011952,0.011867,0.011879,11151052.0
2025-05-03 05:00:00+09:00,0.01188,0.011986,0.011843,0.011946,12617949.0
2025-05-03 05:05:00+09:00,0.011945,0.012069,0.011937,0.012056,10323184.0
2025-05-03 05:10:00+09:00,0.012057,0.012129,0.01204,0.012104,9237510.0
2025-05-03 05:15:00+09:00,0.012105,0.012176,0.012039,0.012159,12108938.0
2025-05-03 05:20:00+09:00,0.012158,0.012282,0.012122,0.012258,11904592.0
2025-05-03 05:25:00+09:00,0.012257,0.012299,0.012207,0.012229,11562461.0
2025-05-03 05:30:00+09:00,0.012229,0.012237,0.012133,0.012168,13978928.0
2025-05-03 05:35:00+09:00,0.012164,0.01218,0.012086,0.012112,10470324.0
2025-05-03 05:40:00+09:00,0.012112,0.012112,0.012011,0.012022,8028128.0
2025-05-03 05:45:00+09:00,0.012022,0.012131,0.012012,0.012129,7372535.0
2025-05-03 05:50:00+09:00,0.012125,0.012125,0.012027,0.012037,5954609.0
2025-05-03 05:55:00+09:00,0.012037,0.012091,0.012003,0.012083,5922565.0
2025-05-03 06:00:00+09:00,0.012083,0.012175,0.012079,0.012111,11763283.0
2025-05-03 06:05:00+09:00,0.012112,0.012174,0.012108,0.012166,7796772.0
2025-05-03 06:10:00+09:00,0.012166,0.012204,0.01214,0.012199,5650776.0
2025-05-03 06:15:00+09:00,0.012191,0.012202,0.012119,0.012138,3549666.0
2025-05-03 06:20:00+09:00,0.012138,0.012138,0.012052,0.012058,5754561.0
2025-05-03 06:25:00+09:00,0.012057,0.012092,0.012018,0.012053,9493960.0
2025-05-03 06:30:00+09:00,0.012052,0.012068,0.012004,0.012013,4196310.0
2025-05-03 06:35:00+09:00,0.012013,0.012017,0.011909,0.011915,11869694.0
2025-05-03 06:40:00+09:00,0.011915,0.011977,0.011911,0.011963,4567963.0
2025-05-03 06:45:00+09:00,0.011963,0.01197,0.011896,0.011896,6378480.0
2025-05-03 06:50:00+09:00,0.011897,0.011911,0.011752,0.011802,22458645.0
2025-05-03 06:55:00+09:00,0.011802,0.011882,0.011755,0.011858,5868572.0
2025-05-03 07:00:00+09:00,0.011857,0.01191,0.011843,0.011845,7384898.0
2025-05-03 07:05:00+09:00,0.011847,0.011903,0.01179,0.011792,5250521.0
2025-05-03 07:10:00+09:00,0.011793,0.011858,0.011787,0.011819,9551441.0
2025-05-03 07:15:00+09:00,0.011821,0.011874,0.011812,0.011872,10900182.0
2025-05-03 07:20:00+09:00,0.011873,0.012041,0.011853,0.011999,22028032.0
2025-05-03 07:25:00+09:00,0.011999,0.012039,0.011981,0.012023,9650626.0
2025-05-03 07:30:00+09:00,0.012025,0.012057,0.011952,0.011974,10236549.0
2025-05-03 07:35:00+09:00,0.011972,0.012008,0.011957,0.011989,5578107.0
2025-05-03 07:40:00+09:00,0.011989,0.012061,0.011928,0.012031,16557841.0
2025-05-03 07:45:00+09:00,0.01203,0.01203,0.011957,0.011967,6382255.0
2025-05-03 07:50:00+09:00,0.011962,0.011981,0.011932,0.01195,6387800.0
2025-05-03 07:55:00+09:00,0.011949,0.011958,0.011884,0.011953,22622372.0
2025-05-03 08:00:00+09:00,0.011954,0.012018,0.011933,0.011988,39827406.0
2025-05-03 08:05:00+09:00,0.011987,0.011992,0.011861,0.011874,28210338.0
2025-05-03 08:10:00+09:00,0.011873,0.011907,0.011863,0.011863,6348888.0
2025-05-03 08:15:00+09:00,0.011862,0.011906,0.011842,0.011884,5035249.0
2025-05-03 08:20:00+09:00,0.011882,0.011949,0.011875,0.011893,8424258.0
2025-05-03 08:25:00+09:00,0.011893,0.011896,0.011782,0.011793,26363837.0
2025-05-03 08:30:00+09:00,0.011789,0.0118,0.011719,0.011796,22085640.0
2025-05-03 08:35:00+09:00,0.011797,0.01181,0.011762,0.011779,8123445.0
2025-05-03 08:40:00+09:00,0.011779,0.011865,0.01175,0.011774,20742161.0
2025-05-03 08:45:00+09:00,0.01177,0.011785,0.011652,0.01168,31428245.0
2025-05-03 08:50:00+09:00,0.011679,0.011811,0.011679,0.011796,13277833.0
2025-05-03 08:55:00+09:00,0.011796,0.011852,0.011783,0.011848,6164046.0
2025-05-03 09:00:00+09:00,0.011849,0.01199,0.011708,0.011964,22841282.0
2025-05-03 09:05:00+09:00,0.011963,0.012004,0.011842,0.01185,14161238.0
2025-05-03 09:10:00+09:00,0.011851,0.01195,0.011851,0.011869,9983815.0
2025-05-03 09:15:00+09:00,0.011869,0.011912,0.011837,0.011899,9892535.0
2025-05-03 09:20:00+09:00,0.011902,0.011902,0.011789,0.011792,5512975.0
2025-05-03 09:25:00+09:00,0.011796,0.011904,0.011788,0.0119,9004753.0
2025-05-03 09:30:00+09:00,0.0119,0.011947,0.011859,0.011947,10212780.0
2025-05-03 09:35:00+09:00,0.011948,0.011961,0.011861,0.011861,5909075.0
2025-05-03 09:40:00+09:00,0.011861,0.011861,0.011775,0.011811,10850108.0
2025-05-03 09:45:00+09:00,0.01181,0.011857,0.011751,0.011751,10444519.0
2025-05-03 09:50:00+09:00,0.01175,0.011804,0.01169,0.011694,15716695.0
2025-05-03 09:55:00+09:00,0.011693,0.011759,0.011693,0.011749,5729121.0
2025-05-03 10:00:00+09:00,0.011751,0.011859,0.011745,0.011796,12229283.0
2025-05-03 10:05:00+09:00,0.011797,0.011862,0.011695,0.0117,12293512.0
2025-05-03 10:10:00+09:00,0.011698,0.011714,0.011563,0.011614,23255260.0
2025-05-03 10:15:00+09:00,0.011615,0.011771,0.011578,0.011659,36579058.0
2025-05-03 10:20:00+09:00,0.011662,0.011758,0.011613,0.011746,26299746.0
2025-05-03 10:25:00+09:00,0.011745,0.011791,0.011704,0.011766,8075260.0
2025-05-03 10:30:00+09:00,0.011766,0.011778,0.011701,0.011723,9353037.0
2025-05-03 10:35:00+09:00,0.011722,0.011728,0.011667,0.01169,6510686.0
2025-05-03 10:40:00+09:00,0.011684,0.011684,0.011639,0.011659,10344982.0
2025-05-03 10:45:00+09:00,0.011658,0.0117,0.011632,0.011644,3360556.0
2025-05-03 10:50:00+09:00,0.011642,0.011653,0.011604,0.011626,5712748.0
2025-05-03 10:55:00+09:00,0.011628,0.011679,0.011597,0.011674,15619908.0
2025-05-03 11:00:00+09:00,0.011675,0.011676,0.011441,0.011469,32797738.0
2025-05-03 11:05:00+09:00,0.011475,0.011578,0.011462,0.01151,10740581.0
2025-05-03 11:10:00+09:00,0.011511,0.011618,0.011494,0.01161,8277747.0
2025-05-03 11:15:00+09:00,0.011613,0.011613,0.011511,0.011538,5999736.0
2025-05-03 11:20:00+09:00,0.011536,0.01167,0.01153,0.011667,6105470.0
2025-05-03 11:25:00+09:00,0.011668,0.011692,0.011613,0.011655,9625515.0
2025-05-03 11:30:00+09:00,0.011659,0.011661,0.011565,0.011638,6361308.0
2025-05-03 11:35:00+09:00,0.011635,0.011688,0.011603,0.011613,3239877.0
2025-05-03 11:40:00+09:00,0.011611,0.011631,0.011563,0.011569,3679925.0
2025-05-03 11:45:00+09:00,0.011568,0.0116,0.011549,0.011566,5546157.0
2025-05-03 11:50:00+09:00,0.011567,0.01163,0.011567,0.011606,3139380.0
2025-05-03 11:55:00+09:00,0.011607,0.011634,0.011566,0.01157,4505111.0
2025-05-03 12:00:00+09:00,0.011568,0.011704,0.011565,0.011674,7702476.0
2025-05-03 12:05:00+09:00,0.011676,0.011691,0.011638,0.011656,5498577.0
2025-05-03 12:10:00+09:00,0.01166,0.011696,0.011614,0.011614,4606397.0
2025-05-03 12:15:00+09:00,0.011613,0.01167,0.011608,0.011662,3603286.0
2025-05-03 12:20:00+09:00,0.011663,0.011694,0.01164,0.011651,3880433.0
2025-05-03 12:25:00+09:00,0.011651,0.011714,0.011649,0.011708,6273873.0
2025-05-03 12:30:00+09:00,0.01171,0.011711,0.011649,0.011692,9542290.0
2025-05-03 12:35:00+09:00,0.011692,0.011833,0.011682,0.011829,32571440.0
2025-05-03 12:40:00+09:00,0.01183,0.011832,0.011715,0.011728,8364545.0
2025-05-03 12:45:00+09:00,0.011728,0.011777,0.011728,0.011752,3302566.0
2025-05-03 12:50:00+09:00,0.011751,0.011828,0.011743,0.011768,8508161.0
2025-05-03 12:55:00+09:00,0.011769,0.01177,0.01166,0.011664,5971813.0
2025-05-03 13:00:00+09:00,0.011665,0.011665,0.011559,0.011565,16095269.0
2025-05-03 13:05:00+09:00,0.011564,0.011585,0.011533,0.011548,11259569.0
2025-05-03 13:10:00+09:00,0.011553,0.011579,0.011512,0.01152,8097207.0
2025-05-03 13:15:00+09:00,0.011521,0.011551,0.011477,0.011484,7807413.0
2025-05-03 13:20:00+09:00,0.011484,0.01152,0.011472,0.01148,4795527.0
2025-05-03 13:25:00+09:00,0.011479,0.01148,0.0114,0.011426,10513387.0
2025-05-03 13:30:00+09:00,0.011424,0.011507,0.01141,0.011483,6936466.0
2025-05-03 13:35:00+09:00,0.011482,0.011528,0.011463,0.011504,7743899.0
2025-05-03 13:40:00+09:00,0.011504,0.011504,0.011459,0.011477,3508496.0
2025-05-03 13:45:00+09:00,0.011479,0.011514,0.011448,0.011511,4652485.0
2025-05-03 13:50:00+09:00,0.011511,0.011522,0.011478,0.011499,4235008.0
2025-05-03 13:55:00+09:00,0.011503,0.011506,0.011441,0.011458,3674230.0
2025-05-03 14:00:00+09:00,0.011457,0.011458,0.011402,0.011445,8891910.0
2025-05-03 14:05:00+09:00,0.011446,0.011625,0.011446,0.011604,41759035.0
2025-05-03 14:10:00+09:00,0.011606,0.011706,0.011577,0.011702,55832888.0
2025-05-03 14:15:00+09:00,0.011702,0.011713,0.011641,0.011649,9474515.0
2025-05-03 14:20:00+09:00,0.01165,0.011672,0.011609,0.011644,7955420.0
2025-05-03 14:25:00+09:00,0.011643,0.011681,0.011622,0.011622,7360540.0
2025-05-03 14:30:00+09:00,0.011624,0.011664,0.011605,0.011635,8390686.0
2025-05-03 14:35:00+09:00,0.011635,0.011664,0.01161,0.01166,4357176.0
2025-05-03 14:40:00+09:00,0.01166,0.011793,0.011645,0.011758,11396114.0
2025-05-03 14:45:00+09:00,0.011758,0.011805,0.01174,0.011751,13234151.0
2025-05-03 14:50:00+09:00,0.011753,0.011756,0.011677,0.011714,6896136.0
2025-05-03 14:55:00+09:00,0.011712,0.011736,0.011692,0.011706,6584633.0
2025-05-03 15:00:00+09:00,0.011705,0.011823,0.011704,0.011818,9250043.0
2025-05-03 15:05:00+09:00,0.011818,0.011818,0.011696,0.011717,7016422.0
2025-05-03 15:10:00+09:00,0.011718,0.011775,0.011715,0.01174,4828012.0
2025-05-03 15:15:00+09:00,0.01174,0.01176,0.011653,0.011721,10784343.0
2025-05-03 15:20:00+09:00,0.011722,0.011727,0.011675,0.011675,6348647.0
2025-05-03 15:25:00+09:00,0.011676,0.011688,0.011641,0.011671,7201525.0
2025-05-03 15:30:00+09:00,0.01167,0.011702,0.011629,0.011695,5281418.0
2025-05-03 15:35:00+09:00,0.011693,0.011738,0.011665,0.011683,3873847.0
2025-05-03 15:40:00+09:00,0.011683,0.011783,0.011672,0.011783,8569057.0
2025-05-03 15:45:00+09:00,0.011784,0.011837,0.011764,0.011805,10339450.0
2025-05-03 15:50:00+09:00,0.011804,0.011805,0.011747,0.01175,6197500.0
2025-05-03 15:55:00+09:00,0.011752,0.011866,0.01174,0.011866,7967101.0
2025-05-03 16:00:00+09:00,0.011864,0.012007,0.011862,0.011993,28427164.0
2025-05-03 16:05:00+09:00,0.011991,0.011991,0.011767,0.011783,18608598.0
2025-05-03 16:10:00+09:00,0.011787,0.011841,0.011751,0.011786,12335450.0
2025-05-03 16:15:00+09:00,0.011787,0.011787,0.011693,0.011731,13595759.0
2025-05-03 16:20:00+09:00,0.011731,0.011731,0.011606,0.011635,17628825.0
2025-05-03 16:25:00+09:00,0.011635,0.011716,0.011624,0.01164,9098305.0
2025-05-03 16:30:00+09:00,0.01164,0.011666,0.0116,0.011656,16939681.0
2025-05-03 16:35:00+09:00,0.011656,0.011727,0.011638,0.011659,12811416.0
2025-05-03 16:40:00+09:00,0.01166,0.011722,0.011656,0.011718,10346412.0
2025-05-03 16:45:00+09:00,0.011719,0.011794,0.011699,0.011765,8526351.0
2025-05-03 16:50:00+09:00,0.011768,0.011803,0.011741,0.011762,9645145.0
2025-05-03 16:55:00+09:00,0.01176,0.011858,0.011748,0.011833,14042809.0
2025-05-03 17:00:00+09:00,0.011832,0.011898,0.01178,0.011867,12633999.0
2025-05-03 17:05:00+09:00,0.011868,0.01191,0.011838,0.011878,16170704.0
2025-05-03 17:10:00+09:00,0.01188,0.01192,0.011805,0.01185,18070270.0
2025-05-03 17:15:00+09:00,0.01185,0.011891,0.011775,0.011808,11526680.0
2025-05-03 17:20:00+09:00,0.011809,0.011824,0.011696,0.011702,11786962.0
2025-05-03 17:25:00+09:00,0.011703,0.011751,0.011662,0.011724,7810780.0
2025-05-03 17:30:00+09:00,0.011722,0.011722,0.011668,0.011693,4468024.0
2025-05-03 17:35:00+09:00,0.011694,0.011704,0.011641,0.011686,5986852.0
2025-05-03 17:40:00+09:00,0.01169,0.011752,0.011676,0.011708,4418792.0
2025-05-03 17:45:00+09:00,0.011707,0.011738,0.011646,0.011681,5714132.0
2025-05-03 17:50:00+09:00,0.011681,0.011761,0.011663,0.011754,9138410.0
2025-05-03 17:55:00+09:00,0.011752,0.01181,0.011747,0.0118,9780661.0
2025-05-03 18:00:00+09:00,0.011796,0.011863,0.01176,0.011841,11596990.0
2025-05-03 18:05:00+09:00,0.01184,0.011884,0.011787,0.011863,6899345.0
2025-05-03 18:10:00+09:00,0.011868,0.011888,0.01182,0.011853,15930441.0
2025-05-03 18:15:00+09:00,0.011853,0.011862,0.011756,0.011835,10862199.0
2025-05-03 18:20:00+09:00,0.011833,0.011908,0.011822,0.011897,7126637.0
2025-05-03 18:25:00+09:00,0.011896,0.011929,0.011807,0.011821,12527285.0
2025-05-03 18:30:00+09:00,0.01182,0.011857,0.011778,0.011828,11673937.0
2025-05-03 18:35:00+09:00,0.011828,0.011842,0.011775,0.011783,4195026.0
2025-05-03 18:40:00+09:00,0.011785,0.0118,0.011724,0.01174,9058280.0
2025-05-03 18:45:00+09:00,0.011743,0.011748,0.0117,0.0117,11066302.0
2025-05-03 18:50:00+09:00,0.0117,0.011709,0.011658,0.011663,7574419.0
2025-05-03 18:55:00+09:00,0.011662,0.011689,0.01162,0.011672,11157178.0
2025-05-03 19:00:00+09:00,0.011671,0.011712,0.01162,0.011712,8668871.0
2025-05-03 19:05:00+09:00,0.01171,0.011733,0.0116,0.011604,28704613.0
2025-05-03 19:10:00+09:00,0.011605,0.011614,0.01136,0.011395,71178240.0
2025-05-03 19:15:00+09:00,0.011394,0.011645,0.011325,0.011522,89093413.0
2025-05-03 19:20:00+09:00,0.011521,0.011551,0.01148,0.011495,9216432.0
2025-05-03 19:25:00+09:00,0.011494,0.011499,0.01144,0.01148,8176145.0
2025-05-03 19:30:00+09:00,0.011479,0.011548,0.011422,0.011547,7698074.0
2025-05-03 19:35:00+09:00,0.011546,0.011572,0.011486,0.011505,8655413.0
2025-05-03 19:40:00+09:00,0.011505,0.011556,0.011489,0.01149,5868462.0
2025-05-03 19:45:00+09:00,0.011491,0.011537,0.01145,0.011533,13388520.0
2025-05-03 19:50:00+09:00,0.011532,0.011557,0.011405,0.011423,12347068.0
2025-05-03 19:55:00+09:00,0.01142,0.011456,0.011403,0.011434,9014730.0
2025-05-03 20:00:00+09:00,0.011434,0.011444,0.011338,0.011354,12752860.0
2025-05-03 20:05:00+09:00,0.011361,0.011422,0.01134,0.011406,7844658.0
2025-05-03 20:10:00+09:00,0.011406,0.011459,0.011406,0.011433,5092307.0
2025-05-03 20:15:00+09:00,0.011431,0.011466,0.011397,0.011466,4615331.0
2025-05-03 20:20:00+09:00,0.011465,0.011634,0.011452,0.011588,15599284.0
2025-05-03 20:25:00+09:00,0.01158,0.01158,0.011514,0.011527,9934557.0
2025-05-03 20:30:00+09:00,0.011526,0.011607,0.011498,0.011582,10534513.0
2025-05-03 20:35:00+09:00,0.011581,0.011591,0.01151,0.01155,7524724.0
2025-05-03 20:40:00+09:00,0.011547,0.011569,0.011517,0.011535,6055859.0
2025-05-03 20:45:00+09:00,0.011534,0.011534,0.011291,0.011322,52175360.0
2025-05-03 20:50:00+09:00,0.011322,0.011342,0.011191,0.011268,37971296.0
2025-05-03 20:55:00+09:00,0.011264,0.011287,0.011136,0.011189,34587621.0
2025-05-03 21:00:00+09:00,0.011188,0.011264,0.011174,0.011246,14713028.0
2025-05-03 21:05:00+09:00,0.011246,0.011271,0.011157,0.011226,13037629.0
2025-05-03 21:10:00+09:00,0.011226,0.0113,0.011217,0.011286,13801218.0
2025-05-03 21:15:00+09:00,0.011283,0.011311,0.011249,0.011282,13964308.0
2025-05-03 21:20:00+09:00,0.011282,0.011285,0.011243,0.011261,4710684.0
2025-05-03 21:25:00+09:00,0.011262,0.011304,0.01126,0.011283,5659748.0
2025-05-03 21:30:00+09:00,0.01128,0.011314,0.011248,0.011263,5359571.0
2025-05-03 21:35:00+09:00,0.011263,0.011276,0.011235,0.011269,2721969.0
2025-05-03 21:40:00+09:00,0.01127,0.011349,0.01126,0.011322,17513299.0
2025-05-03 21:45:00+09:00,0.011325,0.011368,0.011293,0.011325,8856114.0
2025-05-03 21:50:00+09:00,0.011324,0.011341,0.011292,0.011323,2690673.0
2025-05-03 21:55:00+09:00,0.011325,0.011343,0.011297,0.011341,2991927.0
2025-05-03 22:00:00+09:00,0.011341,0.011343,0.01126,0.011268,3757814.0
2025-05-03 22:05:00+09:00,0.011267,0.011283,0.011242,0.011259,5895868.0
2025-05-03 22:10:00+09:00,0.011259,0.011275,0.011226,0.011261,7034828.0
2025-05-03 22:15:00+09:00,0.011261,0.011314,0.011253,0.011306,3973439.0
2025-05-03 22:20:00+09:00,0.011304,0.011314,0.01122,0.011262,7974934.0
2025-05-03 22:25:00+09:00,0.011264,0.011277,0.011225,0.011272,4572478.0
2025-05-03 22:30:00+09:00,0.011272,0.011284,0.011208,0.011277,9919465.0
2025-05-03 22:35:00+09:00,0.011277,0.011277,0.011235,0.011271,3336904.0
2025-05-03 22:40:00+09:00,0.011272,0.011279,0.011231,0.011251,3509216.0
2025-05-03 22:45:00+09:00,0.011251,0.011348,0.011236,0.011336,12119538.0
2025-05-03 22:50:00+09:00,0.011337,0.011337,0.011285,0.011315,6840641.0
2025-05-03 22:55:00+09:00,0.011315,0.011357,0.011304,0.011351,3881456.0
2025-05-03 23:00:00+09:00,0.011351,0.011431,0.011325,0.011399,30410934.0
2025-05-03 23:05:00+09:00,0.011399,0.011432,0.011354,0.011356,9379389.0
2025-05-03 23:10:00+09:00,0.011354,0.011354,0.01131,0.011338,14111101.0
2025-05-03 23:15:00+09:00,0.011338,0.011383,0.011331,0.011348,6027261.0
2025-05-03 23:20:00+09:00,0.01135,0.011366,0.011268,0.011291,14837421.0
2025-05-03 23:25:00+09:00,0.011291,0.011304,0.011245,0.011245,4577689.0
2025-05-03 23:30:00+09:00,0.011247,0.011273,0.011219,0.011263,3616262.0
2025-05-03 23:35:00+09:00,0.011266,0.01127,0.011214,0.011219,7436256.0
2025-05-03 23:40:00+09:00,0.011218,0.011229,0.01117,0.01121,10101441.0
2025-05-03 23:45:00+09:00,0.011211,0.011216,0.011126,0.011167,15051224.0
2025-05-03 23:50:00+09:00,0.011167,0.011214,0.011161,0.011206,7289100.0
2025-05-03 23:55:00+09:00,0.011206,0.011234,0.011172,0.011191,7420342.0
2025-05-04 00:00:00+09:00,0.011193,0.01129,0.011193,0.01126,7826957.0
2025-05-04 00:05:00+09:00,0.011261,0.011261,0.011196,0.011231,4367334.0
2025-05-04 00:10:00+09:00,0.01123,0.011233,0.011159,0.011159,8516181.0
2025-05-04 00:15:00+09:00,0.01116,0.011175,0.011088,0.011099,17230863.0
2025-05-04 00:20:00+09:00,0.011098,0.011108,0.011061,0.011095,10133129.0
2025-05-04 00:25:00+09:00,0.011095,0.011144,0.011086,0.011103,4092939.0
2025-05-04 00:30:00+09:00,0.011103,0.01118,0.011099,0.011169,8162241.0
2025-05-04 00:35:00+09:00,0.011167,0.011221,0.011151,0.011156,10419164.0
2025-05-04 00:40:00+09:00,0.011157,0.011245,0.011156,0.011232,4938207.0
2025-05-04 00:45:00+09:00,0.011233,0.011247,0.011158,0.01119,7926965.0
2025-05-04 00:50:00+09:00,0.01119,0.011207,0.011138,0.011141,5218085.0
2025-05-04 00:55:00+09:00,0.011142,0.011162,0.011107,0.011128,7094114.0
2025-05-04 01:00:00+09:00,0.011128,0.011141,0.010974,0.011042,68703946.0
2025-05-04 01:05:00+09:00,0.011042,0.011087,0.011026,0.011033,9021522.0
2025-05-04 01:10:00+09:00,0.011034,0.011051,0.011,0.011044,7358969.0
2025-05-04 01:15:00+09:00,0.011046,0.011057,0.011008,0.011041,6897125.0
2025-05-04 01:20:00+09:00,0.01104,0.011063,0.010998,0.011038,7764226.0
2025-05-04 01:25:00+09:00,0.011039,0.011065,0.011005,0.011017,5698041.0
2025-05-04 01:30:00+09:00,0.011017,0.011032,0.010941,0.010962,17922538.0
2025-05-04 01:35:00+09:00,0.01096,0.01096,0.010824,0.010863,27370098.0
2025-05-04 01:40:00+09:00,0.010863,0.010909,0.01083,0.010897,14239005.0
2025-05-04 01:45:00+09:00,0.010897,0.010898,0.010767,0.01081,84224044.0
2025-05-04 01:50:00+09:00,0.010812,0.010871,0.010801,0.010859,10780983.0
2025-05-04 01:55:00+09:00,0.010859,0.010906,0.010851,0.010875,8677879.0
2025-05-04 02:00:00+09:00,0.010874,0.010897,0.010781,0.010795,10093321.0
2025-05-04 02:05:00+09:00,0.010794,0.010816,0.010673,0.010764,19451778.0
2025-05-04 02:10:00+09:00,0.010764,0.010843,0.010741,0.010814,13037132.0
2025-05-04 02:15:00+09:00,0.010815,0.010841,0.010724,0.010738,16265133.0
2025-05-04 02:20:00+09:00,0.010741,0.010753,0.010621,0.010705,28082134.0
2025-05-04 02:25:00+09:00,0.010704,0.010746,0.010688,0.010708,6852214.0
2025-05-04 02:30:00+09:00,0.010707,0.010752,0.010691,0.010746,8377735.0
2025-05-04 02:35:00+09:00,0.010745,0.010745,0.010646,0.010675,11211755.0
2025-05-04 02:40:00+09:00,0.010675,0.010689,0.010643,0.01065,18287058.0
2025-05-04 02:45:00+09:00,0.010655,0.010711,0.010655,0.010695,8682059.0
2025-05-04 02:50:00+09:00,0.010694,0.010795,0.010651,0.010778,9655532.0
2025-05-04 02:55:00+09:00,0.010777,0.010821,0.010755,0.010798,6423166.0
2025-05-04 03:00:00+09:00,0.010797,0.010836,0.010782,0.0108,8255348.0
2025-05-04 03:05:00+09:00,0.010799,0.010832,0.010759,0.010829,5802897.0
2025-05-04 03:10:00+09:00,0.010828,0.010828,0.010765,0.010777,3316886.0
2025-05-04 03:15:00+09:00,0.010779,0.0108,0.010741,0.01075,3634437.0
2025-05-04 03:20:00+09:00,0.010751,0.010829,0.010751,0.010789,8251254.0
2025-05-04 03:25:00+09:00,0.010789,0.010803,0.010757,0.010776,4109619.0
2025-05-04 03:30:00+09:00,0.010775,0.010795,0.010742,0.010743,9620373.0
2025-05-04 03:35:00+09:00,0.010745,0.010774,0.010709,0.010712,9850381.0
2025-05-04 03:40:00+09:00,0.010715,0.010724,0.01065,0.010661,16016501.0
2025-05-04 03:45:00+09:00,0.010662,0.010715,0.01064,0.010708,6870365.0
2025-05-04 03:50:00+09:00,0.010708,0.010708,0.010656,0.010689,3872408.0
2025-05-04 03:55:00+09:00,0.010691,0.010738,0.01069,0.010698,2947781.0
2025-05-04 04:00:00+09:00,0.0107,0.010737,0.010681,0.010709,10731570.0
2025-05-04 04:05:00+09:00,0.010708,0.010711,0.010679,0.010695,1843625.0
2025-05-04 04:10:00+09:00,0.010694,0.010759,0.010599,0.010637,66429435.0
2025-05-04 04:15:00+09:00,0.010642,0.010706,0.010632,0.010706,5606078.0
2025-05-04 04:20:00+09:00,0.010704,0.010704,0.01063,0.01063,5617555.0
2025-05-04 04:25:00+09:00,0.010633,0.010717,0.010633,0.01071,5052466.0
2025-05-04 04:30:00+09:00,0.010714,0.010752,0.010695,0.010735,3521096.0
2025-05-04 04:35:00+09:00,0.010735,0.010777,0.010727,0.010773,6741479.0
2025-05-04 04:40:00+09:00,0.010773,0.010791,0.010754,0.010768,6795910.0
2025-05-04 04:45:00+09:00,0.010769,0.010795,0.010749,0.010789,4583194.0
2025-05-04 04:50:00+09:00,0.010791,0.010805,0.010766,0.01078,4748945.0
2025-05-04 04:55:00+09:00,0.010776,0.01078,0.010747,0.010752,4417873.0
2025-05-04 05:00:00+09:00,0.010752,0.010784,0.010698,0.010715,7056414.0
2025-05-04 05:05:00+09:00,0.010714,0.010757,0.010674,0.010681,3909847.0
2025-05-04 05:10:00+09:00,0.010682,0.010718,0.010679,0.010692,1959499.0
2025-05-04 05:15:00+09:00,0.010691,0.010704,0.010667,0.010684,2502713.0
2025-05-04 05:20:00+09:00,0.010683,0.010683,0.010629,0.010629,6524635.0
2025-05-04 05:25:00+09:00,0.01063,0.010679,0.010618,0.01066,2394026.0
2025-05-04 05:30:00+09:00,0.01066,0.010667,0.010641,0.010663,2352129.0
2025-05-04 05:35:00+09:00,0.010663,0.01067,0.010637,0.010648,2508317.0
2025-05-04 05:40:00+09:00,0.010647,0.010654,0.010625,0.010646,2899551.0
2025-05-04 05:45:00+09:00,0.010646,0.010647,0.010616,0.010638,7016824.0
2025-05-04 05:50:00+09:00,0.010636,0.010646,0.010611,0.010637,2318916.0
2025-05-04 05:55:00+09:00,0.010633,0.010637,0.010615,0.010634,2390000.0
2025-05-04 06:00:00+09:00,0.010632,0.010649,0.010571,0.010571,15029608.0
2025-05-04 06:05:00+09:00,0.010574,0.01058,0.0105,0.0105,38483039.0
2025-05-04 06:10:00+09:00,0.010502,0.010611,0.0105,0.010606,39868421.0
2025-05-04 06:15:00+09:00,0.010608,0.010636,0.010566,0.010628,3232461.0
2025-05-04 06:20:00+09:00,0.010626,0.010665,0.010614,0.010643,7503351.0
2025-05-04 06:25:00+09:00,0.010642,0.010655,0.010625,0.010644,5783584.0
2025-05-04 06:30:00+09:00,0.010641,0.010662,0.010621,0.010622,3321331.0
2025-05-04 06:35:00+09:00,0.010626,0.010626,0.010574,0.010583,6078932.0
2025-05-04 06:40:00+09:00,0.010581,0.01061,0.010574,0.010577,1335097.0
2025-05-04 06:45:00+09:00,0.010574,0.01058,0.010547,0.010562,2726347.0
2025-05-04 06:50:00+09:00,0.01056,0.010605,0.010556,0.010557,2296362.0
2025-05-04 06:55:00+09:00,0.010559,0.010563,0.010535,0.010548,6592521.0
2025-05-04 07:00:00+09:00,0.010548,0.010559,0.010485,0.010508,7951808.0
2025-05-04 07:05:00+09:00,0.010508,0.010551,0.010508,0.010524,3381951.0
2025-05-04 07:10:00+09:00,0.010524,0.010551,0.010513,0.010513,2829213.0
2025-05-04 07:15:00+09:00,0.010515,0.010522,0.010487,0.010507,2826064.0
2025-05-04 07:20:00+09:00,0.010506,0.010517,0.010484,0.010515,2687797.0
2025-05-04 07:25:00+09:00,0.010515,0.010518,0.010493,0.010518,1768934.0
2025-05-04 07:30:00+09:00,0.01052,0.010559,0.010499,0.010502,6005414.0
2025-05-04 07:35:00+09:00,0.010504,0.010531,0.010504,0.010531,1977006.0
2025-05-04 07:40:00+09:00,0.010531,0.010568,0.010525,0.010541,5601045.0
2025-05-04 07:45:00+09:00,0.01054,0.010569,0.010527,0.010569,1894683.0
2025-05-04 07:50:00+09:00,0.010568,0.010568,0.010493,0.010512,5285393.0
2025-05-04 07:55:00+09:00,0.010511,0.010515,0.010457,0.010506,13290637.0
2025-05-04 08:00:00+09:00,0.010506,0.01051,0.010447,0.010461,5893151.0
2025-05-04 08:05:00+09:00,0.010463,0.010493,0.010457,0.010484,1539624.0
2025-05-04 08:10:00+09:00,0.010485,0.010522,0.010484,0.010486,2513323.0
2025-05-04 08:15:00+09:00,0.010489,0.010517,0.01048,0.010489,2055025.0
2025-05-04 08:20:00+09:00,0.01049,0.010504,0.010455,0.010456,5350455.0
2025-05-04 08:25:00+09:00,0.010457,0.010465,0.010415,0.010433,7476841.0
2025-05-04 08:30:00+09:00,0.010433,0.010476,0.010427,0.010451,3283520.0
2025-05-04 08:35:00+09:00,0.01045,0.010459,0.010428,0.010456,3011689.0
2025-05-04 08:40:00+09:00,0.010455,0.010466,0.010439,0.010465,2069592.0
2025-05-04 08:45:00+09:00,0.010465,0.010466,0.010421,0.010427,2650817.0
2025-05-04 08:50:00+09:00,0.010425,0.010425,0.010382,0.010393,9443638.0
2025-05-04 08:55:00+09:00,0.010395,0.010401,0.010327,0.010379,9545877.0
2025-05-04 09:00:00+09:00,0.010378,0.01039,0.010328,0.010347,4323753.0
2025-05-04 09:05:00+09:00,0.01035,0.010406,0.01035,0.0104,3465839.0
2025-05-04 09:10:00+09:00,0.0104,0.010431,0.010384,0.010404,6349862.0
2025-05-04 09:15:00+09:00,0.010403,0.010566,0.010394,0.010564,13892621.0
2025-05-04 09:20:00+09:00,0.010562,0.010565,0.010481,0.010481,5949601.0
2025-05-04 09:25:00+09:00,0.010485,0.010505,0.010439,0.010451,6660236.0
2025-05-04 09:30:00+09:00,0.010452,0.010472,0.010398,0.010399,5860692.0
2025-05-04 09:35:00+09:00,0.010397,0.010397,0.01028,0.010327,17622564.0
2025-05-04 09:40:00+09:00,0.010326,0.010363,0.010318,0.010323,6203919.0
2025-05-04 09:45:00+09:00,0.010324,0.010346,0.010269,0.0103,6306365.0
2025-05-04 09:50:00+09:00,0.0103,0.010323,0.010289,0.010312,3052798.0
2025-05-04 09:55:00+09:00,0.010314,0.010342,0.01028,0.010295,6800550.0
2025-05-04 10:00:00+09:00,0.010293,0.010301,0.010219,0.010284,12341687.0
2025-05-04 10:05:00+09:00,0.010284,0.010296,0.01024,0.010296,5964030.0
2025-05-04 10:10:00+09:00,0.010296,0.010323,0.010282,0.010319,3946886.0
2025-05-04 10:15:00+09:00,0.01032,0.01032,0.010269,0.010292,3838242.0
2025-05-04 10:20:00+09:00,0.010293,0.01036,0.010292,0.010308,2394688.0
2025-05-04 10:25:00+09:00,0.010309,0.010336,0.0103,0.010303,1991318.0
2025-05-04 10:30:00+09:00,0.010303,0.010303,0.010245,0.010264,5220125.0
2025-05-04 10:35:00+09:00,0.010262,0.010291,0.010233,0.010234,6139458.0
2025-05-04 10:40:00+09:00,0.010239,0.010255,0.010183,0.010183,10669833.0
2025-05-04 10:45:00+09:00,0.010193,0.010221,0.010155,0.010189,7397193.0
2025-05-04 10:50:00+09:00,0.010189,0.010242,0.01018,0.010233,6452952.0
2025-05-04 10:55:00+09:00,0.010233,0.010292,0.010228,0.010253,12158951.0
2025-05-04 11:00:00+09:00,0.010253,0.010321,0.010217,0.010298,6061619.0
2025-05-04 11:05:00+09:00,0.010298,0.010358,0.010298,0.010314,9804558.0
2025-05-04 11:10:00+09:00,0.010313,0.01047,0.010291,0.010459,11972464.0
2025-05-04 11:15:00+09:00,0.010458,0.010474,0.010352,0.010385,10025331.0
2025-05-04 11:20:00+09:00,0.010387,0.010441,0.010373,0.010415,17989479.0
2025-05-04 11:25:00+09:00,0.01042,0.010435,0.010359,0.01037,3932992.0
2025-05-04 11:30:00+09:00,0.01037,0.01037,0.010273,0.010279,4892066.0
2025-05-04 11:35:00+09:00,0.010277,0.010287,0.010229,0.010235,5414471.0
2025-05-04 11:40:00+09:00,0.010236,0.010256,0.010198,0.010229,9844659.0
2025-05-04 11:45:00+09:00,0.01023,0.010304,0.010227,0.010239,7862868.0
2025-05-04 11:50:00+09:00,0.010242,0.010298,0.010234,0.010298,3321051.0
2025-05-04 11:55:00+09:00,0.010297,0.010318,0.010253,0.010253,4067416.0
2025-05-04 12:00:00+09:00,0.010252,0.010252,0.010157,0.010165,9016412.0
2025-05-04 12:05:00+09:00,0.010166,0.010179,0.010114,0.010125,6343413.0
2025-05-04 12:10:00+09:00,0.010126,0.010162,0.010076,0.010153,28162978.0
2025-05-04 12:15:00+09:00,0.010155,0.010175,0.010094,0.0101,7051940.0
2025-05-04 12:20:00+09:00,0.010103,0.010183,0.010098,0.010181,3752764.0
2025-05-04 12:25:00+09:00,0.010181,0.010186,0.010153,0.010182,5159651.0
2025-05-04 12:30:00+09:00,0.010182,0.010201,0.010147,0.010179,5221004.0
2025-05-04 12:35:00+09:00,0.01018,0.010238,0.010177,0.010198,6404556.0
2025-05-04 12:40:00+09:00,0.010197,0.010197,0.010133,0.010138,5949366.0
2025-05-04 12:45:00+09:00,0.010138,0.010147,0.0101,0.010105,6527572.0
2025-05-04 12:50:00+09:00,0.010106,0.010121,0.010081,0.010121,3490327.0
2025-05-04 12:55:00+09:00,0.010123,0.010131,0.010048,0.010078,9726956.0
2025-05-04 13:00:00+09:00,0.010077,0.01009,0.01003,0.010056,8768495.0
2025-05-04 13:05:00+09:00,0.010057,0.010117,0.010057,0.010115,3934601.0
2025-05-04 13:10:00+09:00,0.010115,0.010134,0.010098,0.01013,3075151.0
2025-05-04 13:15:00+09:00,0.010131,0.01018,0.010131,0.010138,6200442.0
2025-05-04 13:20:00+09:00,0.010138,0.010161,0.010119,0.010149,2747503.0
2025-05-04 13:25:00+09:00,0.010149,0.010156,0.010114,0.010119,2897777.0
2025-05-04 13:30:00+09:00,0.010119,0.010119,0.010063,0.010063,3630240.0
2025-05-04 13:35:00+09:00,0.010063,0.010078,0.010053,0.010073,4377681.0
2025-05-04 13:40:00+09:00,0.010074,0.010099,0.010048,0.010048,6442932.0
2025-05-04 13:45:00+09:00,0.010048,0.010086,0.010036,0.010056,4634199.0
2025-05-04 13:50:00+09:00,0.010056,0.010104,0.010045,0.010102,5625012.0
2025-05-04 13:55:00+09:00,0.010102,0.010102,0.010028,0.010029,3512975.0
2025-05-04 14:00:00+09:00,0.010029,0.010076,0.010004,0.01007,9587390.0
2025-05-04 14:05:00+09:00,0.01007,0.010074,0.01003,0.010067,4473492.0
2025-05-04 14:10:00+09:00,0.010065,0.010078,0.010018,0.010056,3955411.0
2025-05-04 14:15:00+09:00,0.010056,0.010082,0.010026,0.010033,9866448.0
2025-05-04 14:20:00+09:00,0.010032,0.010112,0.010029,0.010097,5130014.0
2025-05-04 14:25:00+09:00,0.010096,0.010156,0.010096,0.01014,8101755.0
2025-05-04 14:30:00+09:00,0.01014,0.010164,0.010114,0.010116,4715098.0
2025-05-04 14:35:00+09:00,0.010117,0.010131,0.010066,0.010102,4949448.0
2025-05-04 14:40:00+09:00,0.010103,0.010113,0.010087,0.010096,2702184.0
2025-05-04 14:45:00+09:00,0.010094,0.010147,0.010082,0.010144,8522538.0
2025-05-04 14:50:00+09:00,0.01014,0.010148,0.0101,0.010111,5360459.0
2025-05-04 14:55:00+09:00,0.010111,0.010156,0.010085,0.010085,7689496.0
2025-05-04 15:00:00+09:00,0.010084,0.010109,0.010038,0.010093,5181584.0
2025-05-04 15:05:00+09:00,0.010096,0.010145,0.010065,0.01008,12850007.0
2025-05-04 15:10:00+09:00,0.010079,0.010087,0.010028,0.010031,3601867.0
2025-05-04 15:15:00+09:00,0.010033,0.010078,0.01002,0.010033,4591734.0
2025-05-04 15:20:00+09:00,0.010031,0.010052,0.009981,0.009983,19145352.0
2025-05-04 15:25:00+09:00,0.009983,0.009999,0.009936,0.009985,11987336.0
2025-05-04 15:30:00+09:00,0.009984,0.01002,0.009956,0.010003,4764006.0
2025-05-04 15:35:00+09:00,0.010005,0.010023,0.009989,0.010015,9762492.0
2025-05-04 15:40:00+09:00,0.010014,0.010035,0.010002,0.010012,4207182.0
2025-05-04 15:45:00+09:00,0.010013,0.010096,0.010002,0.010088,6246828.0
2025-05-04 15:50:00+09:00,0.010087,0.010137,0.010084,0.0101,6244795.0
2025-05-04 15:55:00+09:00,0.0101,0.010166,0.0101,0.010161,4977974.0
2025-05-04 16:00:00+09:00,0.010161,0.010163,0.010101,0.010115,5331184.0
2025-05-04 16:05:00+09:00,0.010115,0.010117,0.010081,0.010108,5282955.0
2025-05-04 16:10:00+09:00,0.010107,0.010114,0.010071,0.010077,2847076.0
2025-05-04 16:15:00+09:00,0.010078,0.010078,0.010004,0.010014,5876517.0
2025-05-04 16:20:00+09:00,0.010011,0.010045,0.009985,0.00999,5323910.0
2025-05-04 16:25:00+09:00,0.009988,0.010027,0.009984,0.010023,4534135.0
2025-05-04 16:30:00+09:00,0.010022,0.010079,0.009991,0.009994,9188826.0
2025-05-04 16:35:00+09:00,0.009989,0.010007,0.009983,0.009986,2495608.0
2025-05-04 16:40:00+09:00,0.009987,0.010047,0.009987,0.010019,3424825.0
2025-05-04 16:45:00+09:00,0.01002,0.010053,0.010005,0.010022,3434146.0
2025-05-04 16:50:00+09:00,0.010025,0.01009,0.010023,0.010078,5077779.0
2025-05-04 16:55:00+09:00,0.010077,0.010102,0.010065,0.010102,2921378.0
2025-05-04 17:00:00+09:00,0.010103,0.010149,0.010098,0.01012,4864427.0
2025-05-04 17:05:00+09:00,0.010121,0.010121,0.010046,0.010048,4715228.0
2025-05-04 17:10:00+09:00,0.010048,0.010061,0.01003,0.010038,2030223.0
2025-05-04 17:15:00+09:00,0.010033,0.010037,0.009992,0.01002,2780387.0
2025-05-04 17:20:00+09:00,0.01002,0.010033,0.01,0.010022,3446677.0
2025-05-04 17:25:00+09:00,0.010019,0.010049,0.010019,0.010032,1627777.0
2025-05-04 17:30:00+09:00,0.010034,0.010035,0.009959,0.009968,8254017.0
2025-05-04 17:35:00+09:00,0.009968,0.010024,0.009964,0.009989,7351349.0
2025-05-04 17:40:00+09:00,0.00999,0.00999,0.009921,0.009921,4525434.0
2025-05-04 17:45:00+09:00,0.009922,0.009932,0.009875,0.009925,14810974.0
2025-05-04 17:50:00+09:00,0.009926,0.009928,0.009866,0.009896,3958268.0
2025-05-04 17:55:00+09:00,0.009895,0.009932,0.009892,0.009927,2407778.0
2025-05-04 18:00:00+09:00,0.009927,0.009927,0.009864,0.009881,17294472.0
2025-05-04 18:05:00+09:00,0.009882,0.009883,0.009808,0.009853,15731325.0
2025-05-04 18:10:00+09:00,0.009853,0.009871,0.009781,0.009789,6174484.0
2025-05-04 18:15:00+09:00,0.009789,0.009832,0.009738,0.009776,9069535.0
2025-05-04 18:20:00+09:00,0.009777,0.009834,0.009777,0.009814,3822228.0
2025-05-04 18:25:00+09:00,0.009812,0.009863,0.009806,0.009833,3014529.0
2025-05-04 18:30:00+09:00,0.009836,0.009843,0.009797,0.009797,5826592.0
2025-05-04 18:35:00+09:00,0.009796,0.009839,0.009749,0.009827,21255743.0
2025-05-04 18:40:00+09:00,0.009828,0.009828,0.009791,0.009815,2853167.0
2025-05-04 18:45:00+09:00,0.009815,0.009838,0.009793,0.009806,2224165.0
2025-05-04 18:50:00+09:00,0.009805,0.00986,0.009794,0.009846,4670691.0
2025-05-04 18:55:00+09:00,0.009847,0.009854,0.009795,0.009815,5011274.0
2025-05-04 19:00:00+09:00,0.009815,0.009852,0.009795,0.0098,3493134.0
2025-05-04 19:05:00+09:00,0.0098,0.009834,0.009789,0.009796,7980161.0
2025-05-04 19:10:00+09:00,0.009798,0.009828,0.00978,0.009826,2690159.0
2025-05-04 19:15:00+09:00,0.009823,0.009851,0.009821,0.009833,2595696.0
2025-05-04 19:20:00+09:00,0.009832,0.00988,0.009832,0.009862,3189802.0
2025-05-04 19:25:00+09:00,0.009863,0.009882,0.009843,0.00988,1264216.0
2025-05-04 19:30:00+09:00,0.009879,0.00989,0.009853,0.009877,2959838.0
2025-05-04 19:35:00+09:00,0.009879,0.009975,0.009879,0.009969,6469351.0
2025-05-04 19:40:00+09:00,0.009966,0.009974,0.009915,0.009927,4272528.0
2025-05-04 19:45:00+09:00,0.009927,0.009966,0.009927,0.00994,6175481.0
2025-05-04 19:50:00+09:00,0.00994,0.009949,0.009922,0.009929,1720553.0
2025-05-04 19:55:00+09:00,0.009927,0.009927,0.009875,0.009875,6566441.0
2025-05-04 20:00:00+09:00,0.009876,0.009932,0.009868,0.009931,3076011.0
2025-05-04 20:05:00+09:00,0.00993,0.010153,0.009929,0.010146,20810489.0
2025-05-04 20:10:00+09:00,0.010145,0.010248,0.010101,0.010235,43224553.0
2025-05-04 20:15:00+09:00,0.010231,0.010231,0.010169,0.010187,15690062.0
2025-05-04 20:20:00+09:00,0.010187,0.010218,0.010166,0.010188,7477036.0
2025-05-04 20:25:00+09:00,0.010189,0.010203,0.010129,0.01015,7175685.0
2025-05-04 20:30:00+09:00,0.010152,0.01018,0.010113,0.010139,6425882.0
2025-05-04 20:35:00+09:00,0.01014,0.0102,0.010135,0.010189,3722611.0
2025-05-04 20:40:00+09:00,0.010186,0.010283,0.010171,0.01027,16998680.0
2025-05-04 20:45:00+09:00,0.010269,0.010428,0.010261,0.010425,18606059.0
2025-05-04 20:50:00+09:00,0.010421,0.010461,0.010383,0.010455,11099081.0
2025-05-04 20:55:00+09:00,0.010454,0.010481,0.010416,0.010444,17196059.0
2025-05-04 21:00:00+09:00,0.010443,0.01051,0.010427,0.010432,24875335.0
2025-05-04 21:05:00+09:00,0.010432,0.010735,0.010413,0.010602,37987414.0
2025-05-04 21:10:00+09:00,0.010597,0.010607,0.010495,0.010559,17721107.0
2025-05-04 21:15:00+09:00,0.010558,0.010605,0.010468,0.010484,16163297.0
2025-05-04 21:20:00+09:00,0.010485,0.010536,0.010428,0.010512,12891279.0
2025-05-04 21:25:00+09:00,0.010514,0.010545,0.010471,0.01052,11258152.0
2025-05-04 21:30:00+09:00,0.01052,0.01052,0.010438,0.010442,9544822.0
2025-05-04 21:35:00+09:00,0.010442,0.01066,0.010417,0.010602,19352770.0
2025-05-04 21:40:00+09:00,0.010603,0.010698,0.010577,0.010628,23447127.0
2025-05-04 21:45:00+09:00,0.010625,0.010703,0.01056,0.010599,40617310.0
2025-05-04 21:50:00+09:00,0.0106,0.0106,0.0105,0.010517,9301363.0
2025-05-04 21:55:00+09:00,0.010518,0.01057,0.010508,0.010515,7842080.0
2025-05-04 22:00:00+09:00,0.010515,0.010524,0.010472,0.01048,7790721.0
2025-05-04 22:05:00+09:00,0.010477,0.010557,0.010449,0.010557,5095441.0
2025-05-04 22:10:00+09:00,0.010558,0.010602,0.010444,0.010459,24203040.0
2025-05-04 22:15:00+09:00,0.01046,0.010473,0.010415,0.010417,6471429.0
2025-05-04 22:20:00+09:00,0.010419,0.010427,0.010334,0.010339,22492357.0
2025-05-04 22:25:00+09:00,0.01034,0.010538,0.010336,0.01053,17595742.0
2025-05-04 22:30:00+09:00,0.010535,0.010574,0.010478,0.010508,16456885.0
2025-05-04 22:35:00+09:00,0.010507,0.010592,0.010465,0.010557,8855174.0
2025-05-04 22:40:00+09:00,0.010557,0.01057,0.010448,0.010473,6713416.0
2025-05-04 22:45:00+09:00,0.010471,0.010508,0.010422,0.010497,4337128.0
2025-05-04 22:50:00+09:00,0.010499,0.010546,0.010479,0.010532,7328237.0
2025-05-04 22:55:00+09:00,0.010533,0.010624,0.01053,0.010567,11563478.0
2025-05-04 23:00:00+09:00,0.010564,0.010573,0.010502,0.010541,6317040.0
2025-05-04 23:05:00+09:00,0.01054,0.010578,0.010496,0.010569,7573904.0
2025-05-04 23:10:00+09:00,0.010565,0.010655,0.010564,0.010597,12463933.0
2025-05-04 23:15:00+09:00,0.010596,0.010797,0.010592,0.010739,19300454.0
2025-05-04 23:20:00+09:00,0.010736,0.010814,0.010698,0.010789,18247496.0
2025-05-04 23:25:00+09:00,0.010784,0.011,0.010784,0.010976,29452874.0
2025-05-04 23:30:00+09:00,0.010985,0.011137,0.010948,0.011009,55576037.0
2025-05-04 23:35:00+09:00,0.011004,0.011011,0.010767,0.010782,23029629.0
2025-05-04 23:40:00+09:00,0.010787,0.010909,0.010787,0.010884,14014823.0
2025-05-04 23:45:00+09:00,0.010885,0.010893,0.010807,0.010851,5040175.0
2025-05-04 23:50:00+09:00,0.010849,0.010878,0.010796,0.010876,7258162.0
2025-05-04 23:55:00+09:00,0.010875,0.01088,0.010813,0.010813,6247789.0
2025-05-05 00:00:00+09:00,0.010813,0.01094,0.010811,0.010905,8895750.0
2025-05-05 00:05:00+09:00,0.010906,0.010907,0.01085,0.01089,5518560.0
2025-05-05 00:10:00+09:00,0.01089,0.010971,0.010856,0.010932,12016796.0
2025-05-05 00:15:00+09:00,0.01093,0.010954,0.010797,0.010799,13159261.0
2025-05-05 00:20:00+09:00,0.010804,0.010836,0.010736,0.010805,18672898.0
2025-05-05 00:25:00+09:00,0.010803,0.010815,0.010759,0.010806,4759479.0
2025-05-05 00:30:00+09:00,0.010807,0.010817,0.010733,0.010737,5819593.0
2025-05-05 00:35:00+09:00,0.010741,0.010788,0.010701,0.010718,7718092.0
2025-05-05 00:40:00+09:00,0.010718,0.010718,0.010592,0.010633,21389335.0
2025-05-05 00:45:00+09:00,0.010633,0.010781,0.010633,0.010779,9570805.0
2025-05-05 00:50:00+09:00,0.010781,0.010864,0.010771,0.010809,10170837.0
2025-05-05 00:55:00+09:00,0.01081,0.010859,0.010783,0.010849,3462635.0
2025-05-05 01:00:00+09:00,0.010847,0.011086,0.010838,0.011036,28616234.0
2025-05-05 01:05:00+09:00,0.011037,0.01104,0.01096,0.010991,12772400.0
2025-05-05 01:10:00+09:00,0.010992,0.011047,0.010959,0.011013,12818403.0
2025-05-05 01:15:00+09:00,0.011013,0.011024,0.010907,0.010953,9480664.0
2025-05-05 01:20:00+09:00,0.010957,0.01105,0.010901,0.011023,37435423.0
2025-05-05 01:25:00+09:00,0.011023,0.011023,0.010957,0.011012,8406910.0
2025-05-05 01:30:00+09:00,0.011015,0.011057,0.010872,0.010888,20100862.0
2025-05-05 01:35:00+09:00,0.010887,0.010952,0.010839,0.010922,18602684.0
2025-05-05 01:40:00+09:00,0.010921,0.010931,0.010746,0.010778,16653353.0
2025-05-05 01:45:00+09:00,0.010782,0.01083,0.010722,0.010751,17564336.0
2025-05-05 01:50:00+09:00,0.010747,0.010772,0.010715,0.010722,4415341.0
2025-05-05 01:55:00+09:00,0.010719,0.010743,0.010702,0.010705,4596744.0
2025-05-05 02:00:00+09:00,0.010705,0.010747,0.010674,0.010718,8746883.0
2025-05-05 02:05:00+09:00,0.010719,0.010745,0.010637,0.010639,7510391.0
2025-05-05 02:10:00+09:00,0.010639,0.010688,0.010595,0.010613,9899466.0
2025-05-05 02:15:00+09:00,0.010615,0.010657,0.010593,0.010621,7293592.0
2025-05-05 02:20:00+09:00,0.01062,0.010685,0.010604,0.010609,10662818.0
2025-05-05 02:25:00+09:00,0.010607,0.010627,0.010546,0.010563,11243027.0
2025-05-05 02:30:00+09:00,0.010564,0.010666,0.010529,0.010599,18538123.0
2025-05-05 02:35:00+09:00,0.010597,0.010638,0.010591,0.010617,5025043.0
2025-05-05 02:40:00+09:00,0.010617,0.010655,0.01061,0.010644,5392403.0
2025-05-05 02:45:00+09:00,0.010644,0.010773,0.010608,0.010741,19885658.0
2025-05-05 02:50:00+09:00,0.01074,0.010757,0.010707,0.010724,15257368.0
2025-05-05 02:55:00+09:00,0.010724,0.01079,0.01069,0.010788,3193098.0
2025-05-05 03:00:00+09:00,0.01079,0.010896,0.01079,0.010834,15090170.0
2025-05-05 03:05:00+09:00,0.010838,0.010957,0.010838,0.010854,21692973.0
2025-05-05 03:10:00+09:00,0.010861,0.010873,0.010753,0.010778,18745003.0
2025-05-05 03:15:00+09:00,0.010773,0.010825,0.010745,0.010781,6473122.0
2025-05-05 03:20:00+09:00,0.010781,0.010828,0.010758,0.010806,3123113.0
2025-05-05 03:25:00+09:00,0.010805,0.010819,0.010732,0.010785,4947654.0
2025-05-05 03:30:00+09:00,0.010785,0.010785,0.01069,0.010706,6627534.0
2025-05-05 03:35:00+09:00,0.010705,0.01072,0.010673,0.010695,3931779.0
2025-05-05 03:40:00+09:00,0.010694,0.010743,0.010682,0.010727,4731849.0
2025-05-05 03:45:00+09:00,0.010727,0.010792,0.010703,0.010732,6428534.0
2025-05-05 03:50:00+09:00,0.010732,0.010732,0.010653,0.010658,6847605.0
2025-05-05 03:55:00+09:00,0.010657,0.010674,0.010604,0.010642,8290117.0
2025-05-05 04:00:00+09:00,0.010641,0.010643,0.010564,0.010625,5421507.0
2025-05-05 04:05:00+09:00,0.010624,0.01064,0.010577,0.010602,4842868.0
2025-05-05 04:10:00+09:00,0.0106,0.010607,0.010545,0.010557,6742155.0
2025-05-05 04:15:00+09:00,0.010558,0.010565,0.010516,0.010532,6893923.0
2025-05-05 04:20:00+09:00,0.010534,0.010582,0.010486,0.010513,7060878.0
2025-05-05 04:25:00+09:00,0.010515,0.010537,0.0105,0.010501,1794055.0
2025-05-05 04:30:00+09:00,0.010501,0.010516,0.01046,0.010501,5293558.0
2025-05-05 04:35:00+09:00,0.0105,0.010603,0.010481,0.010592,9473173.0
2025-05-05 04:40:00+09:00,0.010592,0.010629,0.010576,0.010594,2460341.0
2025-05-05 04:45:00+09:00,0.010599,0.010667,0.010569,0.010597,6358265.0
2025-05-05 04:50:00+09:00,0.010596,0.010614,0.010546,0.010564,5061501.0
2025-05-05 04:55:00+09:00,0.010566,0.010589,0.01054,0.010549,3227808.0
2025-05-05 05:00:00+09:00,0.01055,0.010625,0.01055,0.010585,6061507.0
2025-05-05 05:05:00+09:00,0.010581,0.010653,0.010553,0.01065,7306982.0
2025-05-05 05:10:00+09:00,0.010645,0.010667,0.010611,0.010659,4525900.0
2025-05-05 05:15:00+09:00,0.010657,0.010666,0.010617,0.010652,2892865.0
2025-05-05 05:20:00+09:00,0.010651,0.01072,0.010641,0.010688,5711304.0
2025-05-05 05:25:00+09:00,0.010688,0.010862,0.010683,0.010856,14878915.0
2025-05-05 05:30:00+09:00,0.010855,0.010869,0.010761,0.01081,13284807.0
2025-05-05 05:35:00+09:00,0.01081,0.010962,0.010807,0.010953,10957620.0
2025-05-05 05:40:00+09:00,0.010952,0.010952,0.010824,0.010829,8194848.0
2025-05-05 05:45:00+09:00,0.01083,0.010857,0.010785,0.010812,7402420.0
2025-05-05 05:50:00+09:00,0.010813,0.010854,0.01078,0.010781,5755596.0
2025-05-05 05:55:00+09:00,0.010782,0.010837,0.01077,0.010817,6553627.0
2025-05-05 06:00:00+09:00,0.010818,0.010829,0.010768,0.010787,8206273.0
2025-05-05 06:05:00+09:00,0.010786,0.010823,0.010728,0.010729,5757700.0
2025-05-05 06:10:00+09:00,0.01073,0.01083,0.010728,0.010816,4595572.0
2025-05-05 06:15:00+09:00,0.010809,0.010809,0.010721,0.010738,4556997.0
2025-05-05 06:20:00+09:00,0.010733,0.010768,0.010722,0.010756,1895252.0
2025-05-05 06:25:00+09:00,0.010756,0.010767,0.010724,0.010739,2325998.0
2025-05-05 06:30:00+09:00,0.010736,0.010736,0.010709,0.010722,2956023.0
2025-05-05 06:35:00+09:00,0.010721,0.010721,0.010674,0.010701,4181172.0
2025-05-05 06:40:00+09:00,0.010699,0.010707,0.010676,0.010702,3350873.0
2025-05-05 06:45:00+09:00,0.010701,0.010701,0.010651,0.010651,2533669.0
2025-05-05 06:50:00+09:00,0.010651,0.010681,0.010647,0.010667,1703206.0
2025-05-05 06:55:00+09:00,0.010665,0.010692,0.010616,0.010658,6493635.0
2025-05-05 07:00:00+09:00,0.010655,0.010659,0.010542,0.010546,10363349.0
2025-05-05 07:05:00+09:00,0.010544,0.010595,0.010522,0.01053,6243072.0
2025-05-05 07:10:00+09:00,0.010528,0.010552,0.010475,0.010517,13113216.0
2025-05-05 07:15:00+09:00,0.010512,0.01057,0.010507,0.010521,3558568.0
2025-05-05 07:20:00+09:00,0.010522,0.010523,0.010455,0.010496,6124663.0
2025-05-05 07:25:00+09:00,0.010497,0.010531,0.010489,0.010514,2002343.0
2025-05-05 07:30:00+09:00,0.01051,0.01051,0.010411,0.010422,7534175.0
2025-05-05 07:35:00+09:00,0.010424,0.010467,0.010415,0.010442,15312972.0
2025-05-05 07:40:00+09:00,0.010442,0.010445,0.010366,0.010368,6871808.0
2025-05-05 07:45:00+09:00,0.010369,0.01043,0.010352,0.010424,5333755.0
2025-05-05 07:50:00+09:00,0.010423,0.010456,0.010391,0.010412,7948883.0
2025-05-05 07:55:00+09:00,0.010413,0.010496,0.010413,0.010449,8996887.0
2025-05-05 08:00:00+09:00,0.010449,0.010504,0.010435,0.010448,9164195.0
2025-05-05 08:05:00+09:00,0.01045,0.010452,0.010377,0.010403,11786556.0
2025-05-05 08:10:00+09:00,0.010404,0.010436,0.010367,0.010422,7324949.0
2025-05-05 08:15:00+09:00,0.010424,0.010436,0.010393,0.010427,2866380.0
2025-05-05 08:20:00+09:00,0.010427,0.010479,0.010414,0.010462,4376935.0
2025-05-05 08:25:00+09:00,0.010462,0.010464,0.010394,0.010434,8854059.0
2025-05-05 08:30:00+09:00,0.010435,0.010479,0.010401,0.01047,24028662.0
2025-05-05 08:35:00+09:00,0.010469,0.010489,0.010436,0.010455,2983400.0
2025-05-05 08:40:00+09:00,0.010452,0.010452,0.010398,0.010425,6833751.0
2025-05-05 08:45:00+09:00,0.010426,0.010537,0.010426,0.010518,15186042.0
2025-05-05 08:50:00+09:00,0.010517,0.010517,0.010454,0.010466,3718216.0
2025-05-05 08:55:00+09:00,0.010464,0.010473,0.010415,0.010445,9097565.0
2025-05-05 09:00:00+09:00,0.010444,0.010518,0.010435,0.010449,13448116.0
2025-05-05 09:05:00+09:00,0.010448,0.010478,0.010413,0.01044,9099571.0
2025-05-05 09:10:00+09:00,0.010441,0.010464,0.010417,0.010424,6724604.0
2025-05-05 09:15:00+09:00,0.010423,0.01049,0.010415,0.010486,3558524.0
2025-05-05 09:20:00+09:00,0.010486,0.010499,0.010462,0.010465,4713204.0
2025-05-05 09:25:00+09:00,0.010464,0.010568,0.01045,0.010561,8991524.0
2025-05-05 09:30:00+09:00,0.010561,0.010561,0.010408,0.010415,12287571.0
2025-05-05 09:35:00+09:00,0.01041,0.010436,0.01037,0.01038,7865039.0
2025-05-05 09:40:00+09:00,0.01038,0.010411,0.010352,0.010408,8715041.0
2025-05-05 09:45:00+09:00,0.010404,0.010493,0.010386,0.010453,9757160.0
2025-05-05 09:50:00+09:00,0.010456,0.010483,0.010446,0.010467,2188576.0
2025-05-05 09:55:00+09:00,0.010468,0.010524,0.010466,0.010492,7736502.0
2025-05-05 10:00:00+09:00,0.010493,0.010498,0.010406,0.010421,4983401.0
2025-05-05 10:05:00+09:00,0.010423,0.010431,0.010394,0.010394,4541206.0
2025-05-05 10:10:00+09:00,0.010394,0.010394,0.010332,0.010347,6675567.0
2025-05-05 10:15:00+09:00,0.010348,0.010373,0.010286,0.010314,13689263.0
2025-05-05 10:20:00+09:00,0.010316,0.010409,0.010316,0.01037,7268676.0
2025-05-05 10:25:00+09:00,0.010368,0.010425,0.010349,0.010356,5446820.0
2025-05-05 10:30:00+09:00,0.010355,0.010363,0.010254,0.010299,22176701.0
2025-05-05 10:35:00+09:00,0.010297,0.010297,0.010227,0.010231,8633827.0
2025-05-05 10:40:00+09:00,0.010233,0.010267,0.010209,0.010211,15699191.0
2025-05-05 10:45:00+09:00,0.010211,0.010215,0.010163,0.010167,9882349.0
2025-05-05 10:50:00+09:00,0.010168,0.01027,0.010144,0.010251,14986910.0
2025-05-05 10:55:00+09:00,0.01025,0.010257,0.010196,0.010218,8310030.0
2025-05-05 11:00:00+09:00,0.010217,0.010241,0.010179,0.010179,9138703.0
2025-05-05 11:05:00+09:00,0.01018,0.010187,0.010112,0.010124,14235163.0
2025-05-05 11:10:00+09:00,0.010132,0.010259,0.010115,0.010244,11844425.0
2025-05-05 11:15:00+09:00,0.01024,0.010375,0.01024,0.010344,19062674.0
2025-05-05 11:20:00+09:00,0.010344,0.010404,0.010321,0.010372,4647572.0
2025-05-05 11:25:00+09:00,0.010376,0.010463,0.010367,0.010463,9058830.0
2025-05-05 11:30:00+09:00,0.010463,0.010508,0.010455,0.010507,14378058.0
2025-05-05 11:35:00+09:00,0.010503,0.010543,0.010476,0.010496,9923263.0
2025-05-05 11:40:00+09:00,0.010496,0.01052,0.010471,0.010484,3161614.0
2025-05-05 11:45:00+09:00,0.010483,0.010622,0.010481,0.010575,21889581.0
2025-05-05 11:50:00+09:00,0.010576,0.010625,0.010518,0.01052,6953997.0
2025-05-05 11:55:00+09:00,0.010521,0.01062,0.01048,0.010603,12997368.0
2025-05-05 12:00:00+09:00,0.010601,0.010601,0.01054,0.010567,5627105.0
2025-05-05 12:05:00+09:00,0.010567,0.010581,0.010516,0.010541,8618836.0
2025-05-05 12:10:00+09:00,0.010541,0.010545,0.01049,0.010517,6941602.0
2025-05-05 12:15:00+09:00,0.010518,0.010532,0.01047,0.010484,7985395.0
2025-05-05 12:20:00+09:00,0.010484,0.010543,0.010474,0.010474,4653802.0
2025-05-05 12:25:00+09:00,0.010474,0.010479,0.010449,0.010458,3537053.0
2025-05-05 12:30:00+09:00,0.010459,0.010469,0.010418,0.010456,3407473.0
2025-05-05 12:35:00+09:00,0.010455,0.010457,0.010428,0.010442,4608445.0
2025-05-05 12:40:00+09:00,0.010443,0.01047,0.0104,0.01047,3102338.0
2025-05-05 12:45:00+09:00,0.010467,0.010467,0.010382,0.010406,5601778.0
2025-05-05 12:50:00+09:00,0.010406,0.010415,0.01038,0.010409,2042859.0
2025-05-05 12:55:00+09:00,0.010408,0.010422,0.010384,0.010405,1549733.0
2025-05-05 13:00:00+09:00,0.010407,0.010456,0.010401,0.010438,5148802.0
2025-05-05 13:05:00+09:00,0.010438,0.010473,0.010418,0.010436,5412790.0
2025-05-05 13:10:00+09:00,0.010437,0.010512,0.010423,0.010503,6159792.0
2025-05-05 13:15:00+09:00,0.010503,0.010578,0.010488,0.01057,9411233.0
2025-05-05 13:20:00+09:00,0.010569,0.01063,0.010549,0.010621,14134422.0
2025-05-05 13:25:00+09:00,0.010622,0.010699,0.010597,0.01069,11041756.0
2025-05-05 13:30:00+09:00,0.010689,0.010747,0.010656,0.010714,7039708.0
2025-05-05 13:35:00+09:00,0.010709,0.01077,0.010701,0.010724,6743020.0
2025-05-05 13:40:00+09:00,0.010724,0.010768,0.010707,0.010759,9804553.0
2025-05-05 13:45:00+09:00,0.010756,0.010759,0.010654,0.010662,10232418.0
2025-05-05 13:50:00+09:00,0.010663,0.010731,0.010632,0.010731,7543259.0
2025-05-05 13:55:00+09:00,0.01073,0.01073,0.010659,0.010708,7363857.0
2025-05-05 14:00:00+09:00,0.010704,0.010704,0.010643,0.010662,3469028.0
2025-05-05 14:05:00+09:00,0.010664,0.010863,0.010664,0.010848,11551631.0
2025-05-05 14:10:00+09:00,0.010846,0.010846,0.010747,0.01076,6119490.0
2025-05-05 14:15:00+09:00,0.010756,0.010814,0.010734,0.010813,14207442.0
2025-05-05 14:20:00+09:00,0.010813,0.01082,0.010736,0.010746,5189571.0
2025-05-05 14:25:00+09:00,0.010747,0.010776,0.010718,0.010726,4279589.0
2025-05-05 14:30:00+09:00,0.010726,0.010757,0.010689,0.010744,5292185.0
2025-05-05 14:35:00+09:00,0.010744,0.010747,0.010702,0.01072,2620438.0
2025-05-05 14:40:00+09:00,0.010723,0.010734,0.010669,0.010685,5110179.0
2025-05-05 14:45:00+09:00,0.010682,0.010734,0.010667,0.010704,4485894.0
2025-05-05 14:50:00+09:00,0.010705,0.010729,0.010668,0.010685,5914391.0
2025-05-05 14:55:00+09:00,0.010686,0.010729,0.010686,0.010698,2686190.0
2025-05-05 15:00:00+09:00,0.010698,0.010736,0.010674,0.0107,10795585.0
2025-05-05 15:05:00+09:00,0.0107,0.01073,0.010676,0.010724,5633082.0
2025-05-05 15:10:00+09:00,0.010724,0.01085,0.010724,0.010836,32676733.0
2025-05-05 15:15:00+09:00,0.010835,0.010899,0.010803,0.010886,11790826.0
2025-05-05 15:20:00+09:00,0.010885,0.010885,0.010739,0.010743,7662207.0
2025-05-05 15:25:00+09:00,0.010743,0.010763,0.010706,0.010722,6421862.0
2025-05-05 15:30:00+09:00,0.010722,0.01074,0.010701,0.010711,4140811.0
2025-05-05 15:35:00+09:00,0.010714,0.010847,0.01071,0.010831,7799030.0
2025-05-05 15:40:00+09:00,0.01083,0.010864,0.010794,0.010853,7008247.0
2025-05-05 15:45:00+09:00,0.010853,0.01091,0.010832,0.010898,15998974.0
2025-05-05 15:50:00+09:00,0.010898,0.010993,0.010896,0.010947,13740626.0
2025-05-05 15:55:00+09:00,0.010947,0.010992,0.010882,0.010905,13992215.0
2025-05-05 16:00:00+09:00,0.010903,0.010954,0.010885,0.010921,5813924.0
2025-05-05 16:05:00+09:00,0.010921,0.010933,0.010846,0.010866,6346417.0
2025-05-05 16:10:00+09:00,0.010866,0.011012,0.01084,0.011004,9866849.0
2025-05-05 16:15:00+09:00,0.011003,0.011008,0.010934,0.010953,8112377.0
2025-05-05 16:20:00+09:00,0.010951,0.011087,0.010925,0.011073,11312203.0
2025-05-05 16:25:00+09:00,0.011072,0.011079,0.01097,0.010979,20399527.0
2025-05-05 16:30:00+09:00,0.010979,0.011035,0.010928,0.010985,11559625.0
2025-05-05 16:35:00+09:00,0.010981,0.011062,0.010947,0.011025,7178548.0
2025-05-05 16:40:00+09:00,0.011027,0.011068,0.011,0.011,8221592.0
2025-05-05 16:45:00+09:00,0.011005,0.011076,0.010965,0.011035,10117804.0
2025-05-05 16:50:00+09:00,0.011031,0.011148,0.011006,0.011083,42631621.0
2025-05-05 16:55:00+09:00,0.011078,0.011098,0.01104,0.011076,13402785.0
2025-05-05 17:00:00+09:00,0.011074,0.011241,0.011053,0.011209,19134097.0
2025-05-05 17:05:00+09:00,0.01121,0.011221,0.011088,0.01109,9960020.0
2025-05-05 17:10:00+09:00,0.011092,0.011137,0.011083,0.011136,6735381.0
2025-05-05 17:15:00+09:00,0.011135,0.011183,0.011019,0.01103,19791868.0
2025-05-05 17:20:00+09:00,0.01103,0.011033,0.010931,0.010968,22684487.0
2025-05-05 17:25:00+09:00,0.01097,0.011018,0.01096,0.010978,5684668.0
2025-05-05 17:30:00+09:00,0.01098,0.011006,0.010926,0.010937,15259471.0
2025-05-05 17:35:00+09:00,0.010941,0.010968,0.010901,0.010906,7944777.0
2025-05-05 17:40:00+09:00,0.010909,0.010938,0.010876,0.010936,12692120.0
2025-05-05 17:45:00+09:00,0.010936,0.010957,0.010885,0.010906,5335756.0
2025-05-05 17:50:00+09:00,0.010906,0.010926,0.01089,0.010921,16050971.0
2025-05-05 17:55:00+09:00,0.010919,0.010937,0.0109,0.010905,7913586.0
2025-05-05 18:00:00+09:00,0.010906,0.010934,0.010837,0.010921,16917062.0
2025-05-05 18:05:00+09:00,0.010919,0.010995,0.010918,0.010962,8504612.0
2025-05-05 18:10:00+09:00,0.010964,0.011046,0.010952,0.011003,7044819.0
2025-05-05 18:15:00+09:00,0.011005,0.011006,0.010927,0.010971,5627219.0
2025-05-05 18:20:00+09:00,0.010972,0.011035,0.01095,0.011033,3181277.0
2025-05-05 18:25:00+09:00,0.011034,0.011211,0.011028,0.011129,87532087.0
2025-05-05 18:30:00+09:00,0.011127,0.011198,0.011097,0.01116,9434801.0
2025-05-05 18:35:00+09:00,0.011161,0.011219,0.011152,0.011169,15986920.0
2025-05-05 18:40:00+09:00,0.011165,0.011191,0.011142,0.011187,16478483.0
2025-05-05 18:45:00+09:00,0.011188,0.011219,0.011167,0.011198,10234323.0
2025-05-05 18:50:00+09:00,0.011194,0.011259,0.011156,0.011161,18131496.0
2025-05-05 18:55:00+09:00,0.011164,0.011187,0.011085,0.011106,9982738.0
2025-05-05 19:00:00+09:00,0.011105,0.011124,0.010977,0.010994,13787836.0
2025-05-05 19:05:00+09:00,0.010992,0.010992,0.010863,0.01087,13440533.0
2025-05-05 19:10:00+09:00,0.01087,0.010935,0.010829,0.010926,29013275.0
2025-05-05 19:15:00+09:00,0.010922,0.010942,0.01085,0.010938,20181348.0
2025-05-05 19:20:00+09:00,0.010939,0.01099,0.010927,0.010964,9132414.0
2025-05-05 19:25:00+09:00,0.010965,0.011032,0.010965,0.011004,9216733.0
2025-05-05 19:30:00+09:00,0.011007,0.01101,0.010891,0.010908,7360531.0
2025-05-05 19:35:00+09:00,0.010911,0.010916,0.010773,0.010786,38461975.0
2025-05-05 19:40:00+09:00,0.010787,0.010839,0.010771,0.010771,5780612.0
2025-05-05 19:45:00+09:00,0.010771,0.010805,0.010705,0.010751,19485976.0
2025-05-05 19:50:00+09:00,0.01075,0.01079,0.010705,0.010719,13064349.0
2025-05-05 19:55:00+09:00,0.010719,0.010743,0.010709,0.010733,6717586.0
2025-05-05 20:00:00+09:00,0.010732,0.010854,0.010726,0.010818,9680126.0
2025-05-05 20:05:00+09:00,0.01082,0.010892,0.01082,0.01085,7010270.0
2025-05-05 20:10:00+09:00,0.010851,0.010921,0.01084,0.010921,4724668.0
2025-05-05 20:15:00+09:00,0.010923,0.010972,0.010875,0.010891,6359874.0
2025-05-05 20:20:00+09:00,0.010891,0.0109,0.010773,0.010789,10361267.0
2025-05-05 20:25:00+09:00,0.010789,0.010807,0.010693,0.010725,13293700.0
2025-05-05 20:30:00+09:00,0.010726,0.01078,0.010691,0.010753,10531529.0
2025-05-05 20:35:00+09:00,0.010753,0.010779,0.010693,0.01071,6100551.0
2025-05-05 20:40:00+09:00,0.010713,0.010758,0.010698,0.010723,12231980.0
2025-05-05 20:45:00+09:00,0.010728,0.010784,0.010717,0.010721,6447040.0
2025-05-05 20:50:00+09:00,0.010725,0.010758,0.01071,0.010744,3454037.0
2025-05-05 20:55:00+09:00,0.010743,0.01076,0.010619,0.010638,20510192.0
2025-05-05 21:00:00+09:00,0.010644,0.010673,0.010564,0.010626,42365934.0
2025-05-05 21:05:00+09:00,0.010627,0.010786,0.010618,0.010735,16419807.0
2025-05-05 21:10:00+09:00,0.010733,0.010854,0.010731,0.010853,6129886.0
2025-05-05 21:15:00+09:00,0.010854,0.010869,0.010793,0.010826,7898601.0
2025-05-05 21:20:00+09:00,0.010821,0.010945,0.010795,0.010901,13367797.0
2025-05-05 21:25:00+09:00,0.010898,0.010898,0.010836,0.010876,9158371.0
2025-05-05 21:30:00+09:00,0.010878,0.010958,0.010878,0.010898,12692186.0
2025-05-05 21:35:00+09:00,0.010898,0.010997,0.010896,0.010988,8969412.0
2025-05-05 21:40:00+09:00,0.01099,0.010991,0.010883,0.010943,27889759.0
2025-05-05 21:45:00+09:00,0.010943,0.010972,0.010882,0.010928,27824547.0
2025-05-05 21:50:00+09:00,0.010929,0.010929,0.010842,0.010861,9031713.0
2025-05-05 21:55:00+09:00,0.010865,0.010923,0.010839,0.010914,7438315.0
2025-05-05 22:00:00+09:00,0.010914,0.011023,0.010903,0.011015,15957144.0
2025-05-05 22:05:00+09:00,0.011018,0.011114,0.01094,0.010961,17502549.0
2025-05-05 22:10:00+09:00,0.010959,0.011019,0.010957,0.010988,8744609.0
2025-05-05 22:15:00+09:00,0.010993,0.011022,0.010928,0.010986,11386862.0
2025-05-05 22:20:00+09:00,0.010985,0.01103,0.010943,0.010983,9214459.0
2025-05-05 22:25:00+09:00,0.010982,0.01101,0.010888,0.010895,11990396.0
2025-05-05 22:30:00+09:00,0.010896,0.010922,0.010848,0.010909,12372576.0
2025-05-05 22:35:00+09:00,0.01091,0.010986,0.010871,0.010876,8268860.0
2025-05-05 22:40:00+09:00,0.010876,0.010922,0.010786,0.010886,22618900.0
2025-05-05 22:45:00+09:00,0.010887,0.010964,0.01083,0.010873,10729011.0
2025-05-05 22:50:00+09:00,0.010874,0.010916,0.010846,0.010854,4020929.0
2025-05-05 22:55:00+09:00,0.010857,0.010981,0.01084,0.010963,19519301.0
2025-05-05 23:00:00+09:00,0.010962,0.011135,0.010962,0.011034,38883102.0
2025-05-05 23:05:00+09:00,0.011032,0.011053,0.010871,0.010947,26108909.0
2025-05-05 23:10:00+09:00,0.010944,0.010976,0.010871,0.010926,16072818.0
2025-05-05 23:15:00+09:00,0.010926,0.010937,0.01086,0.01091,8075392.0
2025-05-05 23:20:00+09:00,0.010909,0.010925,0.010775,0.010803,25459585.0
2025-05-05 23:25:00+09:00,0.0108,0.010883,0.01079,0.010883,8528131.0
2025-05-05 23:30:00+09:00,0.010883,0.010938,0.010851,0.010851,16566425.0
2025-05-05 23:35:00+09:00,0.010851,0.011017,0.010847,0.011009,12222896.0
2025-05-05 23:40:00+09:00,0.01101,0.011057,0.010975,0.011053,13250709.0
2025-05-05 23:45:00+09:00,0.011055,0.011118,0.011041,0.011069,12299599.0
2025-05-05 23:50:00+09:00,0.011068,0.0111,0.010949,0.010972,13973306.0
2025-05-05 23:55:00+09:00,0.010973,0.010982,0.010886,0.010927,17796682.0
2025-05-06 00:00:00+09:00,0.010926,0.010929,0.010825,0.010847,18389956.0
2025-05-06 00:05:00+09:00,0.010847,0.010871,0.01078,0.010782,14630597.0
2025-05-06 00:10:00+09:00,0.010786,0.010868,0.010765,0.01083,10817889.0
2025-05-06 00:15:00+09:00,0.010827,0.010828,0.010734,0.010769,8853893.0
2025-05-06 00:20:00+09:00,0.010766,0.010875,0.010761,0.010819,9063365.0
2025-05-06 00:25:00+09:00,0.010816,0.01087,0.010757,0.010836,9678483.0
2025-05-06 00:30:00+09:00,0.010838,0.01094,0.01083,0.01083,8574979.0
2025-05-06 00:35:00+09:00,0.010833,0.010902,0.010806,0.01085,3692330.0
2025-05-06 00:40:00+09:00,0.01085,0.010932,0.010832,0.01088,10434711.0
2025-05-06 00:45:00+09:00,0.010877,0.010877,0.01073,0.010745,7590557.0
2025-05-06 00:50:00+09:00,0.010745,0.010814,0.010745,0.010765,9066123.0
2025-05-06 00:55:00+09:00,0.010765,0.010765,0.010702,0.010734,8323102.0
2025-05-06 01:00:00+09:00,0.010735,0.010792,0.01069,0.010791,7383388.0
2025-05-06 01:05:00+09:00,0.010789,0.010815,0.010738,0.010738,4754924.0
2025-05-06 01:10:00+09:00,0.010736,0.010797,0.01071,0.010715,6425720.0
2025-05-06 01:15:00+09:00,0.010716,0.010866,0.010712,0.010819,8621286.0
2025-05-06 01:20:00+09:00,0.010817,0.010856,0.010764,0.010806,3600233.0
2025-05-06 01:25:00+09:00,0.010805,0.01082,0.010743,0.010783,4169472.0
2025-05-06 01:30:00+09:00,0.010785,0.010786,0.010715,0.010743,4308232.0
2025-05-06 01:35:00+09:00,0.010742,0.010818,0.010728,0.010767,5550713.0
2025-05-06 01:40:00+09:00,0.010768,0.010776,0.010697,0.010755,5593955.0
2025-05-06 01:45:00+09:00,0.010754,0.010771,0.010707,0.010714,5235986.0
2025-05-06 01:50:00+09:00,0.010716,0.010733,0.010631,0.01067,8398250.0
2025-05-06 01:55:00+09:00,0.01067,0.010712,0.010649,0.010685,8756147.0
2025-05-06 02:00:00+09:00,0.010685,0.010714,0.010632,0.010668,7069662.0
2025-05-06 02:05:00+09:00,0.010676,0.010679,0.010597,0.010649,24521871.0
2025-05-06 02:10:00+09:00,0.01065,0.010686,0.0106,0.010608,10811863.0
2025-05-06 02:15:00+09:00,0.01061,0.010662,0.010566,0.010649,14885010.0
2025-05-06 02:20:00+09:00,0.010649,0.010707,0.010634,0.010704,6020048.0
2025-05-06 02:25:00+09:00,0.010702,0.010727,0.010656,0.010669,10119398.0
2025-05-06 02:30:00+09:00,0.010667,0.010711,0.01065,0.010682,6054514.0
2025-05-06 02:35:00+09:00,0.010683,0.010775,0.010683,0.010766,9322114.0
2025-05-06 02:40:00+09:00,0.010767,0.010795,0.010731,0.010745,6416380.0
2025-05-06 02:45:00+09:00,0.010744,0.010845,0.010728,0.010819,10928983.0
2025-05-06 02:50:00+09:00,0.01082,0.010878,0.010806,0.010855,7184530.0
2025-05-06 02:55:00+09:00,0.010855,0.010855,0.010783,0.010811,3219415.0
2025-05-06 03:00:00+09:00,0.010815,0.010829,0.010723,0.010742,7981311.0
2025-05-06 03:05:00+09:00,0.010743,0.010778,0.010722,0.010745,5892858.0
2025-05-06 03:10:00+09:00,0.010744,0.010824,0.010733,0.010802,5163390.0
2025-05-06 03:15:00+09:00,0.010804,0.010867,0.010802,0.010816,5807787.0
2025-05-06 03:20:00+09:00,0.010818,0.010839,0.010793,0.010793,6113768.0
2025-05-06 03:25:00+09:00,0.010795,0.0108,0.010759,0.010797,3309304.0
2025-05-06 03:30:00+09:00,0.010797,0.01099,0.010792,0.010977,16266336.0
2025-05-06 03:35:00+09:00,0.010978,0.011123,0.010978,0.011074,52415205.0
2025-05-06 03:40:00+09:00,0.011074,0.011158,0.011059,0.011146,17535840.0
2025-05-06 03:45:00+09:00,0.011145,0.011199,0.011107,0.011135,19010848.0
2025-05-06 03:50:00+09:00,0.011134,0.011161,0.011055,0.011082,11271466.0
2025-05-06 03:55:00+09:00,0.011083,0.011134,0.011066,0.011071,7481822.0
2025-05-06 04:00:00+09:00,0.01107,0.01107,0.010965,0.011041,33247203.0
2025-05-06 04:05:00+09:00,0.01104,0.011066,0.010995,0.011015,5752531.0
2025-05-06 04:10:00+09:00,0.011014,0.011092,0.010996,0.011042,7380582.0
2025-05-06 04:15:00+09:00,0.011045,0.011122,0.011045,0.011121,8889515.0
2025-05-06 04:20:00+09:00,0.011119,0.011138,0.011033,0.011054,12615914.0
2025-05-06 04:25:00+09:00,0.011053,0.011092,0.010982,0.010982,8079636.0
2025-05-06 04:30:00+09:00,0.010981,0.011015,0.010954,0.010971,7898949.0
2025-05-06 04:35:00+09:00,0.010967,0.011,0.010944,0.010952,4599820.0
2025-05-06 04:40:00+09:00,0.010952,0.011003,0.010945,0.010981,3931633.0
2025-05-06 04:45:00+09:00,0.010981,0.010997,0.010947,0.010992,5144373.0
2025-05-06 04:50:00+09:00,0.010991,0.011051,0.010958,0.010995,25251481.0
2025-05-06 04:55:00+09:00,0.010995,0.01102,0.010969,0.010988,2727980.0
2025-05-06 05:00:00+09:00,0.010987,0.010999,0.010924,0.01094,8548459.0
2025-05-06 05:05:00+09:00,0.010943,0.010943,0.010882,0.010889,8623667.0
2025-05-06 05:10:00+09:00,0.010891,0.010926,0.010883,0.010884,5965365.0
2025-05-06 05:15:00+09:00,0.010885,0.01095,0.010864,0.010886,7934798.0
2025-05-06 05:20:00+09:00,0.010887,0.010887,0.010821,0.010836,19381196.0
2025-05-06 05:25:00+09:00,0.010835,0.010862,0.010787,0.0108,4179358.0
2025-05-06 05:30:00+09:00,0.010798,0.010798,0.010672,0.010676,10651849.0
2025-05-06 05:35:00+09:00,0.010678,0.010695,0.010642,0.010691,12053209.0
2025-05-06 05:40:00+09:00,0.010691,0.010713,0.010649,0.010712,4723027.0
2025-05-06 05:45:00+09:00,0.010713,0.010717,0.010641,0.01068,4101692.0
2025-05-06 05:50:00+09:00,0.010681,0.010748,0.010681,0.010748,3712445.0
2025-05-06 05:55:00+09:00,0.010746,0.010788,0.010739,0.010761,5723998.0
2025-05-06 06:00:00+09:00,0.010763,0.010876,0.010734,0.01084,6533877.0
2025-05-06 06:05:00+09:00,0.01084,0.010842,0.010788,0.010842,3238638.0
2025-05-06 06:10:00+09:00,0.010842,0.010923,0.010836,0.010922,10355983.0
2025-05-06 06:15:00+09:00,0.010923,0.010992,0.010894,0.010982,7089902.0
2025-05-06 06:20:00+09:00,0.010979,0.011082,0.010979,0.01105,30554112.0
2025-05-06 06:25:00+09:00,0.011052,0.011088,0.011028,0.011033,7798937.0
2025-05-06 06:30:00+09:00,0.011031,0.011032,0.01088,0.010904,9916385.0
2025-05-06 06:35:00+09:00,0.010902,0.010949,0.010889,0.010916,5649330.0
2025-05-06 06:40:00+09:00,0.010917,0.010925,0.010887,0.010887,1866968.0
2025-05-06 06:45:00+09:00,0.010889,0.01095,0.010862,0.010909,7527952.0
2025-05-06 06:50:00+09:00,0.010908,0.010949,0.010885,0.0109,1124612.0
2025-05-06 06:55:00+09:00,0.010901,0.010924,0.010819,0.01084,5196047.0
2025-05-06 07:00:00+09:00,0.010839,0.010941,0.010836,0.010877,4354737.0
2025-05-06 07:05:00+09:00,0.010877,0.010886,0.010835,0.010847,3020000.0
2025-05-06 07:10:00+09:00,0.01085,0.010873,0.010818,0.010853,3967855.0
2025-05-06 07:15:00+09:00,0.010849,0.010886,0.010773,0.010785,28111273.0
2025-05-06 07:20:00+09:00,0.010785,0.010785,0.010686,0.010686,5628931.0
2025-05-06 07:25:00+09:00,0.010685,0.010697,0.010625,0.010665,11051176.0
2025-05-06 07:30:00+09:00,0.010668,0.010724,0.010668,0.0107,10699924.0
2025-05-06 07:35:00+09:00,0.010699,0.010875,0.010686,0.010867,16277462.0
2025-05-06 07:40:00+09:00,0.010867,0.010913,0.010829,0.010874,8965691.0
2025-05-06 07:45:00+09:00,0.010874,0.0112,0.010839,0.011021,171700475.0
2025-05-06 07:50:00+09:00,0.011019,0.011045,0.010971,0.011025,11974514.0
2025-05-06 07:55:00+09:00,0.011024,0.01112,0.011012,0.011096,13234991.0
2025-05-06 08:00:00+09:00,0.011099,0.011257,0.011064,0.011232,29335319.0
2025-05-06 08:05:00+09:00,0.01123,0.011297,0.011189,0.011189,21043015.0
2025-05-06 08:10:00+09:00,0.011191,0.011231,0.011146,0.011147,9507575.0
2025-05-06 08:15:00+09:00,0.011147,0.01115,0.011075,0.011082,8081171.0
2025-05-06 08:20:00+09:00,0.011085,0.011221,0.011085,0.011156,7144426.0
2025-05-06 08:25:00+09:00,0.011157,0.011169,0.011032,0.011035,19951215.0
2025-05-06 08:30:00+09:00,0.011037,0.011098,0.011009,0.011019,17778653.0
2025-05-06 08:35:00+09:00,0.011026,0.011029,0.010943,0.010977,22051310.0
2025-05-06 08:40:00+09:00,0.010982,0.010984,0.010887,0.010894,4674205.0
2025-05-06 08:45:00+09:00,0.010894,0.010905,0.010853,0.010875,8956062.0
2025-05-06 08:50:00+09:00,0.010875,0.010904,0.010841,0.010901,5845475.0
2025-05-06 08:55:00+09:00,0.010896,0.010924,0.010845,0.010915,13398635.0
2025-05-06 09:00:00+09:00,0.010916,0.011011,0.010895,0.010946,16406611.0
2025-05-06 09:05:00+09:00,0.010948,0.010965,0.010877,0.010883,6470024.0
2025-05-06 09:10:00+09:00,0.010881,0.010984,0.010826,0.010964,16160552.0
2025-05-06 09:15:00+09:00,0.010966,0.010971,0.01088,0.010932,5823398.0
2025-05-06 09:20:00+09:00,0.010936,0.010938,0.01084,0.01087,8178598.0
2025-05-06 09:25:00+09:00,0.010868,0.010897,0.010833,0.010861,7862609.0
2025-05-06 09:30:00+09:00,0.010862,0.010914,0.010757,0.010771,22155335.0
2025-05-06 09:35:00+09:00,0.010768,0.010802,0.01073,0.010738,6402857.0
2025-05-06 09:40:00+09:00,0.010736,0.010774,0.010715,0.010754,11230901.0
2025-05-06 09:45:00+09:00,0.010753,0.010753,0.010709,0.010742,5263812.0
2025-05-06 09:50:00+09:00,0.010743,0.010952,0.010742,0.010941,22391221.0
2025-05-06 09:55:00+09:00,0.010942,0.011031,0.010914,0.011009,20518557.0
2025-05-06 10:00:00+09:00,0.01101,0.01115,0.010905,0.010906,33527980.0
2025-05-06 10:05:00+09:00,0.01091,0.011013,0.010821,0.01099,41669981.0
2025-05-06 10:10:00+09:00,0.010991,0.011111,0.010991,0.011102,32795359.0
2025-05-06 10:15:00+09:00,0.011102,0.01115,0.011052,0.011104,21941548.0
2025-05-06 10:20:00+09:00,0.011104,0.011189,0.011102,0.011111,17822209.0
2025-05-06 10:25:00+09:00,0.011113,0.011118,0.01102,0.01102,12064550.0
2025-05-06 10:30:00+09:00,0.011021,0.011048,0.010949,0.010984,17547235.0
2025-05-06 10:35:00+09:00,0.010984,0.010992,0.010921,0.010947,5852478.0
2025-05-06 10:40:00+09:00,0.010944,0.01098,0.010892,0.010905,8906061.0
2025-05-06 10:45:00+09:00,0.010905,0.010908,0.01084,0.010854,12390122.0
2025-05-06 10:50:00+09:00,0.010858,0.010933,0.010839,0.010858,20664284.0
2025-05-06 10:55:00+09:00,0.010855,0.010897,0.0108,0.010824,8181705.0
2025-05-06 11:00:00+09:00,0.010822,0.01084,0.01079,0.010837,8425785.0
2025-05-06 11:05:00+09:00,0.010837,0.010938,0.010829,0.010909,16886748.0
2025-05-06 11:10:00+09:00,0.010908,0.011055,0.0109,0.010983,22524189.0
2025-05-06 11:15:00+09:00,0.010982,0.010992,0.010908,0.010939,7845738.0
2025-05-06 11:20:00+09:00,0.01094,0.01098,0.010884,0.010911,8360080.0
2025-05-06 11:25:00+09:00,0.01091,0.010931,0.010855,0.010863,6080951.0
2025-05-06 11:30:00+09:00,0.010864,0.010984,0.010841,0.010912,7521334.0
2025-05-06 11:35:00+09:00,0.010915,0.01106,0.0109,0.011026,6638136.0
2025-05-06 11:40:00+09:00,0.011027,0.011062,0.010974,0.011052,13983315.0
2025-05-06 11:45:00+09:00,0.011055,0.011182,0.011055,0.01117,35784155.0
2025-05-06 11:50:00+09:00,0.011173,0.011257,0.011058,0.01107,23750328.0
2025-05-06 11:55:00+09:00,0.011067,0.01128,0.011053,0.011265,19317789.0
2025-05-06 12:00:00+09:00,0.011265,0.011303,0.011233,0.011277,21094594.0
2025-05-06 12:05:00+09:00,0.01128,0.011452,0.011277,0.01139,33459120.0
2025-05-06 12:10:00+09:00,0.011391,0.011398,0.011259,0.011302,20452405.0
2025-05-06 12:15:00+09:00,0.011303,0.011422,0.011283,0.011387,26527866.0
2025-05-06 12:20:00+09:00,0.011385,0.011414,0.011354,0.011401,21523311.0
2025-05-06 12:25:00+09:00,0.011399,0.011568,0.011367,0.011496,38049793.0
2025-05-06 12:30:00+09:00,0.0115,0.011587,0.01143,0.01153,16938320.0
2025-05-06 12:35:00+09:00,0.011531,0.011692,0.011531,0.011685,31468593.0
2025-05-06 12:40:00+09:00,0.011683,0.011878,0.011664,0.011816,75497757.0
2025-05-06 12:45:00+09:00,0.011815,0.011962,0.011785,0.011872,54451845.0
2025-05-06 12:50:00+09:00,0.011871,0.011935,0.011795,0.011835,37048166.0
2025-05-06 12:55:00+09:00,0.011837,0.011859,0.011612,0.011666,37805272.0
2025-05-06 13:00:00+09:00,0.011668,0.011679,0.011511,0.01163,41218767.0
2025-05-06 13:05:00+09:00,0.01163,0.0118,0.011602,0.011725,19791402.0
2025-05-06 13:10:00+09:00,0.011726,0.01179,0.011598,0.011757,23540532.0
2025-05-06 13:15:00+09:00,0.011761,0.012,0.011728,0.01189,34422350.0
2025-05-06 13:20:00+09:00,0.011891,0.012187,0.011879,0.012176,47135584.0
2025-05-06 13:25:00+09:00,0.012178,0.012249,0.011927,0.012012,46627863.0
2025-05-06 13:30:00+09:00,0.012008,0.012134,0.01194,0.011988,33799839.0
2025-05-06 13:35:00+09:00,0.011986,0.012013,0.011891,0.011924,15960656.0
2025-05-06 13:40:00+09:00,0.011921,0.011922,0.011782,0.011815,20278083.0
2025-05-06 13:45:00+09:00,0.011817,0.011849,0.011664,0.011733,25369611.0
2025-05-06 13:50:00+09:00,0.011733,0.011762,0.011684,0.011693,16859148.0
2025-05-06 13:55:00+09:00,0.011693,0.011723,0.011594,0.011637,19969938.0
2025-05-06 14:00:00+09:00,0.011637,0.0117,0.011587,0.011687,14002529.0
2025-05-06 14:05:00+09:00,0.011686,0.011801,0.011682,0.01179,18844116.0
2025-05-06 14:10:00+09:00,0.011786,0.011877,0.011764,0.01184,15167190.0
2025-05-06 14:15:00+09:00,0.011838,0.011863,0.011698,0.011762,16671069.0
2025-05-06 14:20:00+09:00,0.011763,0.011802,0.011665,0.011684,11746986.0
2025-05-06 14:25:00+09:00,0.011685,0.011694,0.011636,0.011649,6955162.0
2025-05-06 14:30:00+09:00,0.011649,0.011731,0.011627,0.011677,13399618.0
2025-05-06 14:35:00+09:00,0.011678,0.011787,0.011663,0.01173,11557105.0
2025-05-06 14:40:00+09:00,0.011728,0.011821,0.011696,0.011761,16594723.0
2025-05-06 14:45:00+09:00,0.01176,0.011821,0.011733,0.011779,11027781.0
2025-05-06 14:50:00+09:00,0.011777,0.011803,0.01173,0.011738,5756431.0
2025-05-06 14:55:00+09:00,0.011737,0.011796,0.011705,0.01178,6817449.0
2025-05-06 15:00:00+09:00,0.01178,0.012044,0.011763,0.012034,30915474.0
2025-05-06 15:05:00+09:00,0.012036,0.01204,0.011892,0.011921,19942284.0
2025-05-06 15:10:00+09:00,0.011923,0.012036,0.011904,0.012012,20785243.0
2025-05-06 15:15:00+09:00,0.012011,0.012084,0.011968,0.012002,16702830.0
2025-05-06 15:20:00+09:00,0.012004,0.012007,0.011905,0.011965,8702662.0
2025-05-06 15:25:00+09:00,0.011966,0.012043,0.011966,0.012012,10699679.0
2025-05-06 15:30:00+09:00,0.01201,0.012023,0.011851,0.011888,28070708.0
2025-05-06 15:35:00+09:00,0.011889,0.011929,0.011857,0.011902,9780157.0
2025-05-06 15:40:00+09:00,0.011897,0.011913,0.011778,0.011844,18138066.0
2025-05-06 15:45:00+09:00,0.011845,0.011952,0.011845,0.011881,14824669.0
2025-05-06 15:50:00+09:00,0.01188,0.011883,0.011818,0.011826,10394733.0
2025-05-06 15:55:00+09:00,0.011825,0.011908,0.011789,0.0119,9719941.0
2025-05-06 16:00:00+09:00,0.011898,0.012029,0.011888,0.01197,25160797.0
2025-05-06 16:05:00+09:00,0.01197,0.011976,0.011849,0.011915,20960166.0
2025-05-06 16:10:00+09:00,0.011916,0.012043,0.01191,0.011971,22025584.0
2025-05-06 16:15:00+09:00,0.011971,0.011981,0.011832,0.011863,20104384.0
2025-05-06 16:20:00+09:00,0.011864,0.011883,0.011685,0.011689,35246585.0
2025-05-06 16:25:00+09:00,0.011689,0.011725,0.01162,0.011655,24070561.0
2025-05-06 16:30:00+09:00,0.011655,0.011772,0.011632,0.011667,23777140.0
2025-05-06 16:35:00+09:00,0.011667,0.011738,0.01161,0.011616,10896080.0
2025-05-06 16:40:00+09:00,0.011619,0.011693,0.01158,0.011672,15254709.0
2025-05-06 16:45:00+09:00,0.011672,0.011676,0.01153,0.011554,20676626.0
2025-05-06 16:50:00+09:00,0.011553,0.01158,0.011534,0.011541,12257066.0
2025-05-06 16:55:00+09:00,0.011547,0.011572,0.011527,0.01154,7565339.0
2025-05-06 17:00:00+09:00,0.011539,0.0116,0.011464,0.011496,17317826.0
2025-05-06 17:05:00+09:00,0.011494,0.011502,0.01128,0.011375,45478372.0
2025-05-06 17:10:00+09:00,0.011376,0.011413,0.011314,0.011346,12518341.0
2025-05-06 17:15:00+09:00,0.011345,0.011355,0.011248,0.011304,22038163.0
2025-05-06 17:20:00+09:00,0.011304,0.011315,0.011221,0.011255,13686828.0
2025-05-06 17:25:00+09:00,0.011256,0.011259,0.011187,0.011249,11832029.0
2025-05-06 17:30:00+09:00,0.01125,0.011345,0.01125,0.011308,13964675.0
2025-05-06 17:35:00+09:00,0.011306,0.011356,0.011283,0.01134,10497437.0
2025-05-06 17:40:00+09:00,0.01134,0.011342,0.011279,0.011303,9370787.0
2025-05-06 17:45:00+09:00,0.011304,0.011309,0.011214,0.011226,10232078.0
2025-05-06 17:50:00+09:00,0.011228,0.011232,0.011094,0.011175,44524049.0
2025-05-06 17:55:00+09:00,0.011174,0.011199,0.011104,0.011155,13848635.0
2025-05-06 18:00:00+09:00,0.011153,0.011197,0.011085,0.011089,7197720.0
2025-05-06 18:05:00+09:00,0.011089,0.011149,0.011089,0.011101,4778906.0
2025-05-06 18:10:00+09:00,0.011102,0.011146,0.011043,0.011048,11248752.0
2025-05-06 18:15:00+09:00,0.011052,0.011091,0.011035,0.011066,6022199.0
2025-05-06 18:20:00+09:00,0.011065,0.011094,0.011015,0.011071,13898787.0
2025-05-06 18:25:00+09:00,0.011071,0.011102,0.011034,0.011044,8484413.0
2025-05-06 18:30:00+09:00,0.011045,0.011082,0.010969,0.011014,21072162.0
2025-05-06 18:35:00+09:00,0.011015,0.011035,0.010944,0.010981,17871608.0
2025-05-06 18:40:00+09:00,0.01098,0.011007,0.010926,0.010945,13039345.0
2025-05-06 18:45:00+09:00,0.010946,0.010971,0.010898,0.010959,8760359.0
2025-05-06 18:50:00+09:00,0.01096,0.011009,0.01092,0.010984,23734311.0
2025-05-06 18:55:00+09:00,0.010986,0.011003,0.0109,0.010918,9995640.0
2025-05-06 19:00:00+09:00,0.01092,0.01093,0.010846,0.010859,9026195.0
2025-05-06 19:05:00+09:00,0.01086,0.010878,0.010815,0.010858,12999719.0
2025-05-06 19:10:00+09:00,0.010861,0.010895,0.010837,0.010841,6635459.0
2025-05-06 19:15:00+09:00,0.01084,0.010901,0.010818,0.010894,9744825.0
2025-05-06 19:20:00+09:00,0.010897,0.010961,0.010846,0.010908,18920603.0
2025-05-06 19:25:00+09:00,0.010907,0.010985,0.010898,0.01097,11530442.0
2025-05-06 19:30:00+09:00,0.010968,0.010968,0.010904,0.010932,12839710.0
2025-05-06 19:35:00+09:00,0.010931,0.010931,0.010818,0.010838,10571145.0
2025-05-06 19:40:00+09:00,0.010839,0.010859,0.010751,0.010803,21890389.0
2025-05-06 19:45:00+09:00,0.010801,0.010851,0.010788,0.01085,12262685.0
2025-05-06 19:50:00+09:00,0.010849,0.010905,0.010836,0.010905,8357112.0
2025-05-06 19:55:00+09:00,0.010901,0.010907,0.010842,0.010842,4592974.0
2025-05-06 20:00:00+09:00,0.010842,0.010953,0.010833,0.010939,9886501.0
2025-05-06 20:05:00+09:00,0.010941,0.010944,0.010858,0.01088,3558632.0
2025-05-06 20:10:00+09:00,0.010879,0.010916,0.01086,0.010893,5411455.0
2025-05-06 20:15:00+09:00,0.010891,0.010968,0.010863,0.010944,7686725.0
2025-05-06 20:20:00+09:00,0.010943,0.011012,0.010886,0.010905,20878318.0
2025-05-06 20:25:00+09:00,0.0109,0.0109,0.010855,0.010888,6012579.0
2025-05-06 20:30:00+09:00,0.010889,0.010901,0.010813,0.010826,7691042.0
2025-05-06 20:35:00+09:00,0.010829,0.010832,0.010611,0.010634,56633792.0
2025-05-06 20:40:00+09:00,0.010635,0.010678,0.010514,0.01055,52391785.0
2025-05-06 20:45:00+09:00,0.010551,0.010561,0.010457,0.010508,22446587.0
2025-05-06 20:50:00+09:00,0.010512,0.010516,0.010427,0.010468,49304911.0
2025-05-06 20:55:00+09:00,0.010472,0.010495,0.010352,0.010409,95351764.0
2025-05-06 21:00:00+09:00,0.010411,0.010438,0.010352,0.010385,18373081.0
2025-05-06 21:05:00+09:00,0.010385,0.010522,0.010385,0.010466,30230589.0
2025-05-06 21:10:00+09:00,0.010467,0.010491,0.010437,0.010466,6981688.0
2025-05-06 21:15:00+09:00,0.010465,0.010583,0.01046,0.01058,14227254.0
2025-05-06 21:20:00+09:00,0.010572,0.010588,0.010469,0.010488,8409738.0
2025-05-06 21:25:00+09:00,0.010487,0.01052,0.010445,0.01052,6850451.0
2025-05-06 21:30:00+09:00,0.010522,0.010568,0.010507,0.01054,9517118.0
2025-05-06 21:35:00+09:00,0.010538,0.010639,0.010538,0.010625,11169051.0
2025-05-06 21:40:00+09:00,0.010624,0.010646,0.010557,0.010571,37658465.0
2025-05-06 21:45:00+09:00,0.010568,0.010654,0.010512,0.010649,21997343.0
2025-05-06 21:50:00+09:00,0.010648,0.010794,0.010621,0.01076,20254959.0
2025-05-06 21:55:00+09:00,0.010758,0.010776,0.010697,0.010712,11546621.0
2025-05-06 22:00:00+09:00,0.010714,0.010752,0.010639,0.010735,8693857.0
2025-05-06 22:05:00+09:00,0.010735,0.010735,0.010623,0.010643,7022531.0
2025-05-06 22:10:00+09:00,0.010645,0.010715,0.010625,0.010683,6982628.0
2025-05-06 22:15:00+09:00,0.01068,0.010718,0.010638,0.010691,7168443.0
2025-05-06 22:20:00+09:00,0.01069,0.01072,0.010659,0.010707,5275726.0
2025-05-06 22:25:00+09:00,0.010709,0.010721,0.010628,0.010631,4322802.0
2025-05-06 22:30:00+09:00,0.010631,0.010699,0.01063,0.010655,6621316.0
2025-05-06 22:35:00+09:00,0.010657,0.01072,0.010625,0.010705,9777923.0
2025-05-06 22:40:00+09:00,0.010705,0.010849,0.010697,0.010806,18284644.0
2025-05-06 22:45:00+09:00,0.010806,0.010808,0.010712,0.01073,9505455.0
2025-05-06 22:50:00+09:00,0.010728,0.010729,0.010664,0.010701,7461743.0
2025-05-06 22:55:00+09:00,0.010703,0.010754,0.010667,0.010671,5964982.0
2025-05-06 23:00:00+09:00,0.010673,0.010899,0.010664,0.010889,15847433.0
2025-05-06 23:05:00+09:00,0.010892,0.010941,0.010798,0.010935,20427206.0
2025-05-06 23:10:00+09:00,0.010932,0.011054,0.010917,0.010962,31436269.0
2025-05-06 23:15:00+09:00,0.010963,0.011167,0.010963,0.011146,37360025.0
2025-05-06 23:20:00+09:00,0.011148,0.011346,0.011147,0.011215,32572324.0
2025-05-06 23:25:00+09:00,0.011217,0.011228,0.011167,0.011187,12418397.0
2025-05-06 23:30:00+09:00,0.011188,0.011276,0.01114,0.011268,13689692.0
2025-05-06 23:35:00+09:00,0.011262,0.011324,0.011227,0.011307,17927125.0
2025-05-06 23:40:00+09:00,0.011306,0.011358,0.011219,0.011298,23400247.0
2025-05-06 23:45:00+09:00,0.0113,0.011461,0.011274,0.011425,27037677.0
2025-05-06 23:50:00+09:00,0.011421,0.01143,0.011213,0.011266,19595293.0
2025-05-06 23:55:00+09:00,0.011267,0.011282,0.011213,0.011263,7622626.0
2025-05-07 00:00:00+09:00,0.011261,0.011269,0.011134,0.011175,13539256.0
2025-05-07 00:05:00+09:00,0.011174,0.011182,0.01109,0.011122,16054125.0
2025-05-07 00:10:00+09:00,0.011122,0.011238,0.011106,0.011203,24575726.0
2025-05-07 00:15:00+09:00,0.011202,0.01129,0.011143,0.011272,10110931.0
2025-05-07 00:20:00+09:00,0.011272,0.011369,0.011255,0.01135,16060463.0
2025-05-07 00:25:00+09:00,0.011345,0.0114,0.011253,0.011268,9172285.0
2025-05-07 00:30:00+09:00,0.011268,0.011297,0.011194,0.01123,6661766.0
2025-05-07 00:35:00+09:00,0.011228,0.011324,0.011183,0.011225,16312809.0
2025-05-07 00:40:00+09:00,0.011224,0.011232,0.011086,0.011139,15404607.0
2025-05-07 00:45:00+09:00,0.011138,0.011153,0.011066,0.011097,13774414.0
2025-05-07 00:50:00+09:00,0.0111,0.011123,0.011036,0.011039,10355954.0
2025-05-07 00:55:00+09:00,0.01104,0.011092,0.011013,0.011044,8302702.0
2025-05-07 01:00:00+09:00,0.011047,0.011095,0.010983,0.011088,12185390.0
2025-05-07 01:05:00+09:00,0.011091,0.01115,0.011003,0.011003,13618404.0
2025-05-07 01:10:00+09:00,0.011006,0.011226,0.010986,0.0112,27019984.0
2025-05-07 01:15:00+09:00,0.0112,0.011256,0.011131,0.011153,20140189.0
2025-05-07 01:20:00+09:00,0.011154,0.01116,0.010988,0.011031,30658453.0
2025-05-07 01:25:00+09:00,0.011032,0.011108,0.011015,0.011096,14052054.0
2025-05-07 01:30:00+09:00,0.011098,0.011124,0.01101,0.011079,16766436.0
2025-05-07 01:35:00+09:00,0.011081,0.011115,0.011046,0.011052,4538896.0
2025-05-07 01:40:00+09:00,0.011051,0.011085,0.011024,0.011032,4166177.0
2025-05-07 01:45:00+09:00,0.011031,0.011068,0.010993,0.011003,10963851.0
2025-05-07 01:50:00+09:00,0.011006,0.011014,0.010937,0.010958,10567344.0
2025-05-07 01:55:00+09:00,0.010957,0.010975,0.010923,0.010966,7113218.0
2025-05-07 02:00:00+09:00,0.010973,0.011046,0.010933,0.010934,13835679.0
2025-05-07 02:05:00+09:00,0.010935,0.01102,0.010935,0.011013,5180505.0
2025-05-07 02:10:00+09:00,0.011013,0.011018,0.010958,0.010989,4809971.0
2025-05-07 02:15:00+09:00,0.010988,0.011029,0.010957,0.010994,5681371.0
2025-05-07 02:20:00+09:00,0.010995,0.011022,0.010935,0.010967,9392330.0
2025-05-07 02:25:00+09:00,0.01097,0.011048,0.010966,0.011033,7938228.0
2025-05-07 02:30:00+09:00,0.011032,0.011099,0.011024,0.011081,7439339.0
2025-05-07 02:35:00+09:00,0.01108,0.011124,0.011057,0.011076,5501602.0
2025-05-07 02:40:00+09:00,0.011077,0.011091,0.010996,0.011013,7729712.0
2025-05-07 02:45:00+09:00,0.011011,0.011039,0.010999,0.011033,2998057.0
2025-05-07 02:50:00+09:00,0.011034,0.011108,0.011034,0.011063,4485030.0
2025-05-07 02:55:00+09:00,0.011063,0.011096,0.011062,0.011092,3652951.0
2025-05-07 03:00:00+09:00,0.011092,0.011166,0.01109,0.011126,14431943.0
2025-05-07 03:05:00+09:00,0.011125,0.011257,0.011073,0.011239,18349665.0
2025-05-07 03:10:00+09:00,0.011238,0.011253,0.011171,0.011211,5104393.0
2025-05-07 03:15:00+09:00,0.011211,0.011267,0.011187,0.011217,6297471.0
2025-05-07 03:20:00+09:00,0.011216,0.011345,0.011203,0.011318,9271344.0
2025-05-07 03:25:00+09:00,0.011316,0.011349,0.011282,0.011346,10211991.0
2025-05-07 03:30:00+09:00,0.011342,0.011348,0.011242,0.011242,7000871.0
2025-05-07 03:35:00+09:00,0.01124,0.011244,0.011112,0.011173,18167243.0
2025-05-07 03:40:00+09:00,0.011169,0.01118,0.011105,0.011105,4511495.0
2025-05-07 03:45:00+09:00,0.011105,0.011127,0.011066,0.011104,5934678.0
2025-05-07 03:50:00+09:00,0.011102,0.011152,0.011072,0.011143,3330264.0
2025-05-07 03:55:00+09:00,0.01114,0.011218,0.011128,0.011218,10657417.0
2025-05-07 04:00:00+09:00,0.011218,0.011293,0.011195,0.0112,14603873.0
2025-05-07 04:05:00+09:00,0.011201,0.011231,0.011129,0.011131,9171434.0
2025-05-07 04:10:00+09:00,0.011131,0.011147,0.011093,0.01111,24524725.0
2025-05-07 04:15:00+09:00,0.011109,0.011117,0.011033,0.011051,11028026.0
2025-05-07 04:20:00+09:00,0.011049,0.011108,0.011039,0.011092,3228118.0
2025-05-07 04:25:00+09:00,0.011092,0.011178,0.011083,0.01117,12927781.0
2025-05-07 04:30:00+09:00,0.011168,0.011258,0.011125,0.011218,18413984.0
2025-05-07 04:35:00+09:00,0.011219,0.011257,0.011197,0.011216,4512462.0
2025-05-07 04:40:00+09:00,0.011217,0.011266,0.011184,0.011189,5091680.0
2025-05-07 04:45:00+09:00,0.01119,0.011217,0.011149,0.011158,4981503.0
2025-05-07 04:50:00+09:00,0.011159,0.011161,0.011075,0.011081,5390990.0
2025-05-07 04:55:00+09:00,0.011079,0.011106,0.01107,0.011104,8731496.0
2025-05-07 05:00:00+09:00,0.011107,0.011115,0.011031,0.011048,5211234.0
2025-05-07 05:05:00+09:00,0.011046,0.011056,0.011006,0.011045,9732497.0
2025-05-07 05:10:00+09:00,0.011042,0.011096,0.011034,0.011078,5053107.0
2025-05-07 05:15:00+09:00,0.011078,0.0111,0.011046,0.011099,5339176.0
2025-05-07 05:20:00+09:00,0.011097,0.0111,0.011022,0.01103,4498101.0
2025-05-07 05:25:00+09:00,0.01103,0.011059,0.011016,0.01103,4484913.0
2025-05-07 05:30:00+09:00,0.011031,0.011038,0.010869,0.010879,36137581.0
2025-05-07 05:35:00+09:00,0.010881,0.010891,0.010812,0.010839,16000655.0
2025-05-07 05:40:00+09:00,0.010841,0.010915,0.010827,0.01091,6899484.0
2025-05-07 05:45:00+09:00,0.010913,0.010969,0.010906,0.01093,9087509.0
2025-05-07 05:50:00+09:00,0.010929,0.010929,0.01086,0.010872,4328583.0
2025-05-07 05:55:00+09:00,0.010876,0.010912,0.01085,0.010856,4302508.0
2025-05-07 06:00:00+09:00,0.010856,0.010933,0.010855,0.0109,7812338.0
2025-05-07 06:05:00+09:00,0.010901,0.010945,0.010885,0.010933,5845169.0
2025-05-07 06:10:00+09:00,0.010934,0.011008,0.010913,0.010928,21736846.0
2025-05-07 06:15:00+09:00,0.01092,0.01095,0.010905,0.01095,4157983.0
2025-05-07 06:20:00+09:00,0.010949,0.010951,0.010867,0.010893,7416164.0
2025-05-07 06:25:00+09:00,0.01089,0.01089,0.010796,0.010799,10402558.0
2025-05-07 06:30:00+09:00,0.010805,0.010856,0.01078,0.010782,7487667.0
2025-05-07 06:35:00+09:00,0.01078,0.010792,0.010646,0.010724,20874952.0
2025-05-07 06:40:00+09:00,0.01072,0.010788,0.010702,0.010773,5104337.0
2025-05-07 06:45:00+09:00,0.01078,0.01084,0.01078,0.010836,7445806.0
2025-05-07 06:50:00+09:00,0.010837,0.010986,0.010837,0.010974,8821320.0
2025-05-07 06:55:00+09:00,0.010977,0.010992,0.01091,0.010948,4265756.0
2025-05-07 07:00:00+09:00,0.010943,0.01119,0.010939,0.011143,18326322.0
2025-05-07 07:05:00+09:00,0.011146,0.011186,0.011076,0.011124,9588537.0
2025-05-07 07:10:00+09:00,0.011126,0.011147,0.011009,0.011038,16824042.0
2025-05-07 07:15:00+09:00,0.011037,0.011115,0.011021,0.011077,11197415.0
2025-05-07 07:20:00+09:00,0.011078,0.011219,0.011078,0.0112,19271530.0
2025-05-07 07:25:00+09:00,0.011202,0.011307,0.011139,0.01124,28321933.0
2025-05-07 07:30:00+09:00,0.011245,0.011333,0.011228,0.011273,16165078.0
2025-05-07 07:35:00+09:00,0.011271,0.011289,0.01117,0.011178,15736220.0
2025-05-07 07:40:00+09:00,0.011181,0.011319,0.011181,0.01125,16695832.0
2025-05-07 07:45:00+09:00,0.011254,0.011285,0.01121,0.011257,12019059.0
2025-05-07 07:50:00+09:00,0.01126,0.011307,0.011228,0.011252,9909080.0
2025-05-07 07:55:00+09:00,0.011253,0.011312,0.011216,0.011295,5288870.0
2025-05-07 08:00:00+09:00,0.011295,0.011336,0.011237,0.011266,8918294.0
2025-05-07 08:05:00+09:00,0.011267,0.011277,0.0112,0.011236,10988673.0
2025-05-07 08:10:00+09:00,0.011236,0.011238,0.011153,0.011177,8073068.0
2025-05-07 08:15:00+09:00,0.011176,0.01125,0.011166,0.01123,18994286.0
2025-05-07 08:20:00+09:00,0.011231,0.011305,0.011215,0.011304,10486253.0
2025-05-07 08:25:00+09:00,0.011304,0.011357,0.011268,0.011273,11358320.0
2025-05-07 08:30:00+09:00,0.011271,0.01128,0.011171,0.011206,11026984.0
2025-05-07 08:35:00+09:00,0.011205,0.011345,0.011182,0.011343,17389395.0
2025-05-07 08:40:00+09:00,0.011342,0.011342,0.011273,0.011292,10670482.0
2025-05-07 08:45:00+09:00,0.011291,0.011373,0.011273,0.011344,63124625.0
2025-05-07 08:50:00+09:00,0.011344,0.011419,0.011303,0.01132,13100896.0
2025-05-07 08:55:00+09:00,0.011321,0.011381,0.011303,0.01137,9278903.0
2025-05-07 09:00:00+09:00,0.011374,0.011636,0.011374,0.011631,41428242.0
2025-05-07 09:05:00+09:00,0.011628,0.01184,0.011625,0.011817,41434584.0
2025-05-07 09:10:00+09:00,0.011817,0.011817,0.011532,0.011601,32745332.0
2025-05-07 09:15:00+09:00,0.011599,0.011714,0.011599,0.011676,16728187.0
2025-05-07 09:20:00+09:00,0.011676,0.011943,0.011641,0.011913,41562720.0
2025-05-07 09:25:00+09:00,0.011916,0.011966,0.011742,0.011749,27683364.0
2025-05-07 09:30:00+09:00,0.011749,0.011779,0.011627,0.011663,32700243.0
2025-05-07 09:35:00+09:00,0.011664,0.011767,0.011664,0.011664,15141652.0
2025-05-07 09:40:00+09:00,0.011663,0.01176,0.011647,0.01176,12078582.0
2025-05-07 09:45:00+09:00,0.01176,0.011883,0.011693,0.011867,14721450.0
2025-05-07 09:50:00+09:00,0.011868,0.01191,0.011774,0.011832,19487088.0
2025-05-07 09:55:00+09:00,0.011826,0.011876,0.011756,0.011793,11533198.0
2025-05-07 10:00:00+09:00,0.011791,0.011949,0.011791,0.011928,19553345.0
2025-05-07 10:05:00+09:00,0.011927,0.011966,0.011797,0.011816,13813457.0
2025-05-07 10:10:00+09:00,0.011815,0.012022,0.011809,0.011962,33489331.0
2025-05-07 10:15:00+09:00,0.011958,0.012073,0.011865,0.011939,22546471.0
2025-05-07 10:20:00+09:00,0.011943,0.01207,0.011863,0.011886,35775582.0
2025-05-07 10:25:00+09:00,0.011885,0.011971,0.011861,0.011951,20578593.0
2025-05-07 10:30:00+09:00,0.011951,0.011951,0.011822,0.011885,28889674.0
2025-05-07 10:35:00+09:00,0.011893,0.011948,0.011834,0.011864,18243825.0
2025-05-07 10:40:00+09:00,0.011869,0.012077,0.011869,0.012045,16378989.0
2025-05-07 10:45:00+09:00,0.012045,0.012056,0.011972,0.012014,21082536.0
2025-05-07 10:50:00+09:00,0.012013,0.01212,0.011986,0.012096,20363263.0
2025-05-07 10:55:00+09:00,0.012097,0.0123,0.012069,0.012197,92081722.0
2025-05-07 11:00:00+09:00,0.012193,0.012216,0.012045,0.012061,19487927.0
2025-05-07 11:05:00+09:00,0.012062,0.012104,0.011814,0.011816,18387730.0
2025-05-07 11:10:00+09:00,0.011812,0.011915,0.011772,0.011905,19774472.0
2025-05-07 11:15:00+09:00,0.011902,0.012039,0.011869,0.012018,10716799.0
2025-05-07 11:20:00+09:00,0.012019,0.01217,0.012019,0.012085,12419182.0
2025-05-07 11:25:00+09:00,0.012088,0.012124,0.012005,0.012101,24229689.0
2025-05-07 11:30:00+09:00,0.012104,0.012139,0.011905,0.011916,18015640.0
2025-05-07 11:35:00+09:00,0.011917,0.011954,0.011856,0.011867,19852988.0
2025-05-07 11:40:00+09:00,0.011865,0.011867,0.011709,0.011709,17537261.0
2025-05-07 11:45:00+09:00,0.011709,0.011787,0.011688,0.011709,27579020.0
2025-05-07 11:50:00+09:00,0.011707,0.011707,0.011541,0.011593,20422100.0
2025-05-07 11:55:00+09:00,0.011594,0.011628,0.011563,0.01158,10713816.0
2025-05-07 12:00:00+09:00,0.011579,0.011635,0.011518,0.011583,12778646.0
2025-05-07 12:05:00+09:00,0.011581,0.011687,0.011569,0.011579,6894344.0
2025-05-07 12:10:00+09:00,0.011581,0.011591,0.011494,0.011554,9933343.0
2025-05-07 12:15:00+09:00,0.011555,0.011558,0.011457,0.011494,7015400.0
2025-05-07 12:20:00+09:00,0.011495,0.011503,0.011377,0.011435,14555345.0
2025-05-07 12:25:00+09:00,0.011432,0.01153,0.011415,0.011478,5213928.0
2025-05-07 12:30:00+09:00,0.011479,0.011663,0.011415,0.011601,33493791.0
2025-05-07 12:35:00+09:00,0.011597,0.011613,0.011534,0.011567,7992269.0
2025-05-07 12:40:00+09:00,0.011567,0.011588,0.011511,0.011556,11605502.0
2025-05-07 12:45:00+09:00,0.01156,0.011605,0.011521,0.011573,11189023.0
2025-05-07 12:50:00+09:00,0.011571,0.011725,0.011568,0.011646,18036902.0
2025-05-07 12:55:00+09:00,0.011644,0.011644,0.011489,0.011514,23627112.0
2025-05-07 13:00:00+09:00,0.011514,0.011549,0.011456,0.01154,15508894.0
2025-05-07 13:05:00+09:00,0.011543,0.011556,0.011434,0.01145,7106625.0
2025-05-07 13:10:00+09:00,0.01145,0.011497,0.011436,0.01148,5241321.0
2025-05-07 13:15:00+09:00,0.011476,0.011509,0.011455,0.011475,4683290.0
2025-05-07 13:20:00+09:00,0.011477,0.01148,0.01141,0.011427,9631766.0
2025-05-07 13:25:00+09:00,0.011424,0.011431,0.011283,0.011318,14377569.0
2025-05-07 13:30:00+09:00,0.011319,0.01133,0.011213,0.011226,11769232.0
2025-05-07 13:35:00+09:00,0.011231,0.011366,0.011231,0.011356,7141587.0
2025-05-07 13:40:00+09:00,0.011356,0.011381,0.011318,0.011346,7713237.0
2025-05-07 13:45:00+09:00,0.011344,0.01137,0.011262,0.011271,5454177.0
2025-05-07 13:50:00+09:00,0.01127,0.011277,0.011202,0.011261,5374655.0
2025-05-07 13:55:00+09:00,0.011267,0.011294,0.011238,0.011288,2353734.0
2025-05-07 14:00:00+09:00,0.011285,0.01129,0.011195,0.011258,3324794.0
2025-05-07 14:05:00+09:00,0.011258,0.011258,0.01117,0.01125,16944838.0
2025-05-07 14:10:00+09:00,0.01125,0.011349,0.011245,0.011297,11777384.0
2025-05-07 14:15:00+09:00,0.011296,0.011296,0.0112,0.011256,9666272.0
2025-05-07 14:20:00+09:00,0.011256,0.011354,0.011256,0.011339,9282246.0
2025-05-07 14:25:00+09:00,0.011339,0.011365,0.011223,0.011237,18371031.0
2025-05-07 14:30:00+09:00,0.011237,0.011268,0.011168,0.011198,9685060.0
2025-05-07 14:35:00+09:00,0.011197,0.011204,0.011136,0.011164,5762763.0
2025-05-07 14:40:00+09:00,0.011164,0.01122,0.011123,0.011128,4102462.0
2025-05-07 14:45:00+09:00,0.011132,0.011148,0.011096,0.011105,10098805.0
2025-05-07 14:50:00+09:00,0.011104,0.01112,0.01106,0.011072,13469623.0
2025-05-07 14:55:00+09:00,0.011075,0.011138,0.011063,0.011117,6684011.0
2025-05-07 15:00:00+09:00,0.011115,0.011116,0.01105,0.011071,6572132.0
2025-05-07 15:05:00+09:00,0.01107,0.01114,0.01105,0.011115,10185007.0
2025-05-07 15:10:00+09:00,0.011114,0.011201,0.011108,0.011191,17548892.0
2025-05-07 15:15:00+09:00,0.011191,0.011213,0.011137,0.011204,22338422.0
2025-05-07 15:20:00+09:00,0.011203,0.011227,0.011083,0.011109,17311442.0
2025-05-07 15:25:00+09:00,0.011108,0.011111,0.010967,0.010998,36812365.0
2025-05-07 15:30:00+09:00,0.010998,0.011046,0.010943,0.011003,12846916.0
2025-05-07 15:35:00+09:00,0.011002,0.011081,0.010999,0.01103,7694904.0
2025-05-07 15:40:00+09:00,0.011028,0.011053,0.010971,0.010985,9428188.0
2025-05-07 15:45:00+09:00,0.010984,0.011031,0.010936,0.011031,11718583.0
2025-05-07 15:50:00+09:00,0.01103,0.011081,0.011027,0.011056,5011907.0
2025-05-07 15:55:00+09:00,0.011058,0.011098,0.011039,0.011057,7963726.0
2025-05-07 16:00:00+09:00,0.011057,0.011143,0.011037,0.011141,5933169.0
2025-05-07 16:05:00+09:00,0.011144,0.011313,0.011133,0.011302,17668315.0
2025-05-07 16:10:00+09:00,0.011303,0.011366,0.011297,0.011339,14516521.0
2025-05-07 16:15:00+09:00,0.011337,0.011349,0.011269,0.011308,13984709.0
2025-05-07 16:20:00+09:00,0.011309,0.011416,0.011297,0.011367,10992174.0
2025-05-07 16:25:00+09:00,0.011367,0.011445,0.011357,0.011441,15730419.0
2025-05-07 16:30:00+09:00,0.01144,0.011472,0.011365,0.011456,13226357.0
2025-05-07 16:35:00+09:00,0.011455,0.011477,0.011402,0.011438,10158192.0
2025-05-07 16:40:00+09:00,0.011437,0.011636,0.011437,0.011537,31435561.0
2025-05-07 16:45:00+09:00,0.011538,0.011549,0.011449,0.011476,21657273.0
2025-05-07 16:50:00+09:00,0.011476,0.011612,0.011459,0.011595,18881931.0
2025-05-07 16:55:00+09:00,0.011594,0.011741,0.011582,0.011721,19557043.0
2025-05-07 17:00:00+09:00,0.01172,0.011739,0.011521,0.011595,46878663.0
2025-05-07 17:05:00+09:00,0.011599,0.011828,0.011599,0.011749,46980422.0
2025-05-07 17:10:00+09:00,0.011745,0.011746,0.011663,0.011676,12709125.0
2025-05-07 17:15:00+09:00,0.011679,0.011759,0.011635,0.011753,18897004.0
2025-05-07 17:20:00+09:00,0.011752,0.011781,0.011663,0.011676,10966238.0
2025-05-07 17:25:00+09:00,0.011675,0.011706,0.011536,0.011538,10885268.0
2025-05-07 17:30:00+09:00,0.011538,0.011575,0.011465,0.011477,13674460.0
2025-05-07 17:35:00+09:00,0.01148,0.011569,0.011431,0.011527,28043443.0
2025-05-07 17:40:00+09:00,0.011527,0.011589,0.011501,0.011522,8505696.0
2025-05-07 17:45:00+09:00,0.011522,0.011627,0.011511,0.011558,14483772.0
2025-05-07 17:50:00+09:00,0.011559,0.011566,0.011424,0.011485,17769031.0
2025-05-07 17:55:00+09:00,0.011481,0.011493,0.011431,0.011444,5729281.0
2025-05-07 18:00:00+09:00,0.011448,0.011466,0.011419,0.011423,6543727.0
2025-05-07 18:05:00+09:00,0.011423,0.01148,0.011422,0.011441,4617052.0
2025-05-07 18:10:00+09:00,0.011441,0.011451,0.011385,0.011402,9019477.0
2025-05-07 18:15:00+09:00,0.011403,0.011418,0.011314,0.011321,9547763.0
2025-05-07 18:20:00+09:00,0.011323,0.011356,0.011297,0.011316,8417155.0
2025-05-07 18:25:00+09:00,0.011317,0.011361,0.011307,0.011337,6513298.0
2025-05-07 18:30:00+09:00,0.011336,0.011354,0.011303,0.011316,6630044.0
2025-05-07 18:35:00+09:00,0.011314,0.011387,0.011302,0.011376,6012090.0
2025-05-07 18:40:00+09:00,0.011374,0.011466,0.011357,0.011433,11159907.0
2025-05-07 18:45:00+09:00,0.011432,0.011505,0.011427,0.011463,18865202.0
2025-05-07 18:50:00+09:00,0.011462,0.011534,0.011429,0.011459,6887264.0
2025-05-07 18:55:00+09:00,0.011459,0.011461,0.011392,0.011406,8256528.0
2025-05-07 19:00:00+09:00,0.011409,0.011423,0.011287,0.011319,12769107.0
2025-05-07 19:05:00+09:00,0.011326,0.011349,0.011287,0.011297,4191011.0
2025-05-07 19:10:00+09:00,0.011296,0.011309,0.011251,0.011279,8369005.0
2025-05-07 19:15:00+09:00,0.011281,0.011282,0.011161,0.011183,16684495.0
2025-05-07 19:20:00+09:00,0.011184,0.01121,0.011134,0.011151,6838678.0
2025-05-07 19:25:00+09:00,0.011152,0.01117,0.011125,0.011149,5447402.0
2025-05-07 19:30:00+09:00,0.011148,0.011151,0.011086,0.011131,7688596.0
2025-05-07 19:35:00+09:00,0.011131,0.011278,0.011131,0.011277,11577566.0
2025-05-07 19:40:00+09:00,0.01127,0.011383,0.011268,0.011353,9983037.0
2025-05-07 19:45:00+09:00,0.011351,0.011351,0.011242,0.01125,10902327.0
2025-05-07 19:50:00+09:00,0.011252,0.011307,0.01123,0.011268,4338047.0
2025-05-07 19:55:00+09:00,0.011271,0.011303,0.011213,0.011236,5207920.0
2025-05-07 20:00:00+09:00,0.011242,0.011248,0.011137,0.011181,10577288.0
2025-05-07 20:05:00+09:00,0.011182,0.011182,0.011139,0.011167,3583011.0
2025-05-07 20:10:00+09:00,0.011164,0.011164,0.01112,0.011133,6564300.0
2025-05-07 20:15:00+09:00,0.011136,0.011138,0.011023,0.01107,22573924.0
2025-05-07 20:20:00+09:00,0.011069,0.011107,0.01106,0.011103,11684941.0
2025-05-07 20:25:00+09:00,0.011103,0.011173,0.011091,0.011145,11572946.0
2025-05-07 20:30:00+09:00,0.011146,0.011265,0.011146,0.011238,12019255.0
2025-05-07 20:35:00+09:00,0.011238,0.011238,0.011155,0.011166,5892829.0
2025-05-07 20:40:00+09:00,0.011166,0.011239,0.011162,0.011239,3167681.0
2025-05-07 20:45:00+09:00,0.011242,0.0113,0.011214,0.011238,17274330.0
2025-05-07 20:50:00+09:00,0.011241,0.011342,0.011236,0.011247,13592204.0
2025-05-07 20:55:00+09:00,0.011247,0.0113,0.011221,0.011262,20095213.0
2025-05-07 21:00:00+09:00,0.011265,0.011271,0.011191,0.011218,9816133.0
2025-05-07 21:05:00+09:00,0.011218,0.011218,0.011112,0.011157,23742380.0
2025-05-07 21:10:00+09:00,0.011158,0.011189,0.011137,0.011156,4090032.0
2025-05-07 21:15:00+09:00,0.011158,0.0112,0.011146,0.011184,3339887.0
2025-05-07 21:20:00+09:00,0.011187,0.011263,0.011187,0.011201,6611451.0
2025-05-07 21:25:00+09:00,0.011198,0.011244,0.011196,0.011225,6629359.0
2025-05-07 21:30:00+09:00,0.011228,0.011235,0.011132,0.011162,6580110.0
2025-05-07 21:35:00+09:00,0.011164,0.0112,0.011136,0.01115,10978603.0
2025-05-07 21:40:00+09:00,0.011148,0.011196,0.01114,0.011152,6325782.0
2025-05-07 21:45:00+09:00,0.011151,0.011191,0.011141,0.011175,3320049.0
2025-05-07 21:50:00+09:00,0.011174,0.011219,0.011103,0.011116,19156501.0
2025-05-07 21:55:00+09:00,0.011117,0.011142,0.011111,0.011116,4482484.0
2025-05-07 22:00:00+09:00,0.01112,0.011143,0.011075,0.011106,8967988.0
2025-05-07 22:05:00+09:00,0.011105,0.011118,0.011051,0.011057,5566139.0
2025-05-07 22:10:00+09:00,0.011058,0.011083,0.011031,0.011071,8407045.0
2025-05-07 22:15:00+09:00,0.011071,0.011103,0.011037,0.011063,6388861.0
2025-05-07 22:20:00+09:00,0.011066,0.011077,0.01103,0.011066,4840740.0
2025-05-07 22:25:00+09:00,0.011068,0.01107,0.011028,0.011066,6647554.0
2025-05-07 22:30:00+09:00,0.011066,0.011231,0.011055,0.011186,18044999.0
2025-05-07 22:35:00+09:00,0.011185,0.011187,0.011113,0.011186,9444419.0
2025-05-07 22:40:00+09:00,0.011185,0.011247,0.011159,0.011217,15409030.0
2025-05-07 22:45:00+09:00,0.011216,0.011238,0.011077,0.011093,28712298.0
2025-05-07 22:50:00+09:00,0.011093,0.011219,0.011087,0.01118,28958586.0
2025-05-07 22:55:00+09:00,0.01118,0.01118,0.011121,0.011131,11379181.0
2025-05-07 23:00:00+09:00,0.011131,0.011155,0.011084,0.011127,8750622.0
2025-05-07 23:05:00+09:00,0.011128,0.011213,0.011121,0.011182,16842502.0
2025-05-07 23:10:00+09:00,0.011183,0.011207,0.01115,0.011171,15376806.0
2025-05-07 23:15:00+09:00,0.011173,0.011229,0.011135,0.011211,14150893.0
2025-05-07 23:20:00+09:00,0.011212,0.011278,0.011162,0.011269,10792437.0
2025-05-07 23:25:00+09:00,0.011267,0.01127,0.011196,0.011228,9660565.0
2025-05-07 23:30:00+09:00,0.011227,0.011265,0.011158,0.011172,13000176.0
2025-05-07 23:35:00+09:00,0.011168,0.011175,0.010993,0.011006,39249317.0
2025-05-07 23:40:00+09:00,0.011002,0.011029,0.010916,0.010935,48294019.0
2025-05-07 23:45:00+09:00,0.010931,0.010931,0.010807,0.010835,32486725.0
2025-05-07 23:50:00+09:00,0.010833,0.010928,0.010803,0.010928,20884622.0
2025-05-07 23:55:00+09:00,0.010928,0.01099,0.01092,0.010943,26991671.0
2025-05-08 00:00:00+09:00,0.010943,0.010946,0.010684,0.010724,63109681.0
2025-05-08 00:05:00+09:00,0.010724,0.010724,0.010591,0.010669,56565079.0
2025-05-08 00:10:00+09:00,0.010669,0.010698,0.010535,0.010592,33837320.0
2025-05-08 00:15:00+09:00,0.010589,0.010632,0.010482,0.010563,22696838.0
2025-05-08 00:20:00+09:00,0.010563,0.010662,0.010563,0.010634,16944183.0
2025-05-08 00:25:00+09:00,0.010634,0.010639,0.01047,0.010494,18666457.0
2025-05-08 00:30:00+09:00,0.010493,0.010537,0.010469,0.010487,36319157.0
2025-05-08 00:35:00+09:00,0.010489,0.01054,0.010458,0.010534,10815484.0
2025-05-08 00:40:00+09:00,0.010534,0.010605,0.010525,0.010582,30241693.0
2025-05-08 00:45:00+09:00,0.010583,0.010612,0.010484,0.010485,30552150.0
2025-05-08 00:50:00+09:00,0.010487,0.010547,0.010461,0.010464,10977961.0
2025-05-08 00:55:00+09:00,0.010463,0.010527,0.010436,0.010487,30950195.0
2025-05-08 01:00:00+09:00,0.010486,0.010506,0.010425,0.010449,13800674.0
2025-05-08 01:05:00+09:00,0.010447,0.010456,0.010373,0.010388,16387694.0
2025-05-08 01:10:00+09:00,0.010387,0.01044,0.010353,0.010436,13882003.0
2025-05-08 01:15:00+09:00,0.010435,0.010435,0.010352,0.01041,8610003.0
2025-05-08 01:20:00+09:00,0.010412,0.010439,0.010335,0.01034,11369086.0
2025-05-08 01:25:00+09:00,0.01034,0.010345,0.010295,0.010328,25422259.0
2025-05-08 01:30:00+09:00,0.010327,0.010388,0.010297,0.010372,15389684.0
2025-05-08 01:35:00+09:00,0.01037,0.010379,0.010275,0.010361,30722988.0
2025-05-08 01:40:00+09:00,0.010361,0.010396,0.010327,0.010394,13846018.0
2025-05-08 01:45:00+09:00,0.010394,0.010748,0.010394,0.010692,68916246.0
2025-05-08 01:50:00+09:00,0.010691,0.010783,0.010668,0.010718,36315521.0
2025-05-08 01:55:00+09:00,0.010716,0.01076,0.010659,0.010677,25038149.0
2025-05-08 02:00:00+09:00,0.010678,0.010731,0.010522,0.010535,38625040.0
2025-05-08 02:05:00+09:00,0.010538,0.01055,0.010402,0.010411,26652476.0
2025-05-08 02:10:00+09:00,0.010411,0.010492,0.010364,0.01048,41521356.0
2025-05-08 02:15:00+09:00,0.01048,0.010492,0.010399,0.010401,15288884.0
2025-05-08 02:20:00+09:00,0.010401,0.010541,0.0104,0.010539,13523977.0
2025-05-08 02:25:00+09:00,0.010538,0.010609,0.0105,0.010508,19256920.0
2025-05-08 02:30:00+09:00,0.010507,0.010562,0.010481,0.010482,14482030.0
2025-05-08 02:35:00+09:00,0.010485,0.010491,0.010432,0.01044,12320124.0
2025-05-08 02:40:00+09:00,0.010439,0.010541,0.010412,0.010539,17754105.0
2025-05-08 02:45:00+09:00,0.010538,0.010688,0.010534,0.010664,21958974.0
2025-05-08 02:50:00+09:00,0.010662,0.010719,0.010488,0.010574,52860099.0
2025-05-08 02:55:00+09:00,0.010574,0.010646,0.010524,0.01064,14464232.0
2025-05-08 03:00:00+09:00,0.010642,0.010903,0.010608,0.010811,57193739.0
2025-05-08 03:05:00+09:00,0.01081,0.010822,0.010643,0.010706,21900135.0
2025-05-08 03:10:00+09:00,0.010704,0.010849,0.010678,0.010774,20163672.0
2025-05-08 03:15:00+09:00,0.010772,0.010879,0.010726,0.010869,9278970.0
2025-05-08 03:20:00+09:00,0.010873,0.010994,0.010836,0.010836,29963538.0
2025-05-08 03:25:00+09:00,0.010836,0.010963,0.010828,0.01096,18549415.0
2025-05-08 03:30:00+09:00,0.010958,0.011058,0.010915,0.010975,23407684.0
2025-05-08 03:35:00+09:00,0.010976,0.011033,0.010808,0.010839,43120353.0
2025-05-08 03:40:00+09:00,0.010838,0.010856,0.010742,0.01077,15101540.0
2025-05-08 03:45:00+09:00,0.010771,0.010777,0.010679,0.010728,16646794.0
2025-05-08 03:50:00+09:00,0.010729,0.01082,0.010707,0.010799,28981682.0
2025-05-08 03:55:00+09:00,0.010799,0.010937,0.010773,0.010913,13805123.0
2025-05-08 04:00:00+09:00,0.010915,0.010918,0.010793,0.010797,8633792.0
2025-05-08 04:05:00+09:00,0.010798,0.010826,0.010751,0.010803,8243828.0
2025-05-08 04:10:00+09:00,0.010802,0.01081,0.010744,0.010796,8492192.0
2025-05-08 04:15:00+09:00,0.010792,0.010812,0.010727,0.010778,9856843.0
2025-05-08 04:20:00+09:00,0.010778,0.010789,0.010664,0.010691,9340564.0
2025-05-08 04:25:00+09:00,0.010691,0.010691,0.010604,0.010607,8665829.0
2025-05-08 04:30:00+09:00,0.010607,0.010672,0.010596,0.010647,11044379.0
2025-05-08 04:35:00+09:00,0.010647,0.010706,0.010632,0.010688,5332262.0
2025-05-08 04:40:00+09:00,0.010687,0.010795,0.010649,0.01075,10683474.0
2025-05-08 04:45:00+09:00,0.010751,0.010784,0.010652,0.010656,5122297.0
2025-05-08 04:50:00+09:00,0.010655,0.010667,0.010604,0.010648,7337408.0
2025-05-08 04:55:00+09:00,0.010649,0.010686,0.01063,0.010639,4519271.0
2025-05-08 05:00:00+09:00,0.010639,0.010876,0.010633,0.010754,28360732.0
2025-05-08 05:05:00+09:00,0.010752,0.010808,0.010737,0.010763,7702521.0
2025-05-08 05:10:00+09:00,0.010763,0.010779,0.01072,0.010721,3736009.0
2025-05-08 05:15:00+09:00,0.010718,0.01075,0.01068,0.010693,5084289.0
2025-05-08 05:20:00+09:00,0.010691,0.01075,0.01067,0.01075,3529531.0
2025-05-08 05:25:00+09:00,0.010751,0.010762,0.01068,0.010688,4770906.0
2025-05-08 05:30:00+09:00,0.01069,0.010697,0.010632,0.010638,8478682.0
2025-05-08 05:35:00+09:00,0.010639,0.010679,0.010629,0.010633,2278085.0
2025-05-08 05:40:00+09:00,0.010635,0.010636,0.010581,0.010599,11821923.0
2025-05-08 05:45:00+09:00,0.0106,0.010635,0.010571,0.010627,15233640.0
2025-05-08 05:50:00+09:00,0.01063,0.010634,0.010587,0.010626,7807996.0
2025-05-08 05:55:00+09:00,0.010626,0.010817,0.010626,0.010817,24765334.0
2025-05-08 06:00:00+09:00,0.010814,0.010821,0.010729,0.010743,5264970.0
2025-05-08 06:05:00+09:00,0.010743,0.010784,0.010711,0.010757,4954452.0
2025-05-08 06:10:00+09:00,0.010758,0.010794,0.010713,0.010721,9068477.0
2025-05-08 06:15:00+09:00,0.010715,0.010754,0.010701,0.010748,4514583.0
2025-05-08 06:20:00+09:00,0.010751,0.01089,0.010748,0.010832,22493099.0
2025-05-08 06:25:00+09:00,0.010832,0.010897,0.010817,0.010887,4168951.0
2025-05-08 06:30:00+09:00,0.010896,0.011009,0.010896,0.010962,22659175.0
2025-05-08 06:35:00+09:00,0.010962,0.011004,0.01087,0.010885,5450630.0
2025-05-08 06:40:00+09:00,0.010887,0.010943,0.010883,0.010913,3420998.0
2025-05-08 06:45:00+09:00,0.010914,0.01094,0.010851,0.010905,7449239.0
2025-05-08 06:50:00+09:00,0.010904,0.010904,0.01083,0.010856,5115897.0
2025-05-08 06:55:00+09:00,0.010858,0.01095,0.010854,0.010904,5730960.0
2025-05-08 07:00:00+09:00,0.010905,0.010974,0.010875,0.010951,7557494.0
2025-05-08 07:05:00+09:00,0.01095,0.010999,0.010902,0.010961,7443909.0
2025-05-08 07:10:00+09:00,0.010963,0.011037,0.010938,0.010942,17061883.0
2025-05-08 07:15:00+09:00,0.010942,0.010958,0.010884,0.010902,8041631.0
2025-05-08 07:20:00+09:00,0.010902,0.010963,0.010895,0.010915,4002051.0
2025-05-08 07:25:00+09:00,0.010915,0.01104,0.01091,0.011024,17480082.0
2025-05-08 07:30:00+09:00,0.011023,0.011255,0.011018,0.011173,50153340.0
2025-05-08 07:35:00+09:00,0.011172,0.011252,0.011135,0.011224,11104413.0
2025-05-08 07:40:00+09:00,0.011225,0.011225,0.011122,0.011144,9861864.0
2025-05-08 07:45:00+09:00,0.011145,0.011196,0.011119,0.01115,12514943.0
2025-05-08 07:50:00+09:00,0.011151,0.011219,0.011137,0.011219,6453238.0
2025-05-08 07:55:00+09:00,0.011222,0.011228,0.011135,0.011171,6090481.0
2025-05-08 08:00:00+09:00,0.011173,0.011184,0.011094,0.011184,15855830.0
2025-05-08 08:05:00+09:00,0.011184,0.011214,0.011146,0.011199,8116856.0
2025-05-08 08:10:00+09:00,0.011199,0.011223,0.011127,0.01116,7750027.0
2025-05-08 08:15:00+09:00,0.011157,0.011196,0.01112,0.011154,9612468.0
2025-05-08 08:20:00+09:00,0.011156,0.011216,0.011149,0.011195,5355172.0
2025-05-08 08:25:00+09:00,0.011196,0.011271,0.011196,0.011237,26654463.0
2025-05-08 08:30:00+09:00,0.011239,0.011281,0.011224,0.011225,19446982.0
2025-05-08 08:35:00+09:00,0.011224,0.011347,0.011222,0.011263,33286240.0
2025-05-08 08:40:00+09:00,0.011263,0.011263,0.011163,0.011189,8852917.0
2025-05-08 08:45:00+09:00,0.011189,0.011246,0.011181,0.011222,7602614.0
2025-05-08 08:50:00+09:00,0.011224,0.011251,0.011184,0.011209,21961698.0
2025-05-08 08:55:00+09:00,0.011207,0.011254,0.0112,0.011239,12023646.0
2025-05-08 09:00:00+09:00,0.01124,0.011312,0.011226,0.011295,10811093.0
2025-05-08 09:05:00+09:00,0.011296,0.01143,0.011257,0.011407,12893348.0
2025-05-08 09:10:00+09:00,0.011403,0.011626,0.011403,0.011503,99136209.0
2025-05-08 09:15:00+09:00,0.011507,0.011658,0.011482,0.01164,21412541.0
2025-05-08 09:20:00+09:00,0.01164,0.01171,0.011625,0.011676,23310841.0
2025-05-08 09:25:00+09:00,0.011677,0.011753,0.011526,0.011528,22608586.0
2025-05-08 09:30:00+09:00,0.011528,0.011558,0.011404,0.011456,15865126.0
2025-05-08 09:35:00+09:00,0.011457,0.011497,0.011347,0.011469,18730269.0
2025-05-08 09:40:00+09:00,0.011469,0.01147,0.011391,0.011445,8369015.0
2025-05-08 09:45:00+09:00,0.011444,0.011501,0.011412,0.011451,6940542.0
2025-05-08 09:50:00+09:00,0.011451,0.011515,0.011445,0.011506,9614572.0
2025-05-08 09:55:00+09:00,0.011507,0.011677,0.011475,0.01165,19675199.0
2025-05-08 10:00:00+09:00,0.011649,0.011831,0.011645,0.011728,46548771.0
2025-05-08 10:05:00+09:00,0.01173,0.011792,0.011658,0.01167,34497802.0
2025-05-08 10:10:00+09:00,0.01167,0.011678,0.011485,0.011589,20275154.0
2025-05-08 10:15:00+09:00,0.01159,0.011618,0.011506,0.011572,14169402.0
2025-05-08 10:20:00+09:00,0.011572,0.01173,0.011567,0.011573,23018551.0
2025-05-08 10:25:00+09:00,0.011571,0.01162,0.011506,0.011506,8309512.0
2025-05-08 10:30:00+09:00,0.011508,0.011586,0.01144,0.011453,17091014.0
2025-05-08 10:35:00+09:00,0.011454,0.011504,0.011389,0.01142,17795002.0
2025-05-08 10:40:00+09:00,0.01142,0.011439,0.01132,0.011354,17966669.0
2025-05-08 10:45:00+09:00,0.011355,0.011448,0.011355,0.011415,13232857.0
2025-05-08 10:50:00+09:00,0.011413,0.011413,0.011312,0.011342,13485134.0
2025-05-08 10:55:00+09:00,0.011343,0.011389,0.011336,0.011374,8130606.0
2025-05-08 11:00:00+09:00,0.011376,0.011477,0.011354,0.011475,14724552.0
2025-05-08 11:05:00+09:00,0.011475,0.011539,0.011421,0.011518,17538184.0
2025-05-08 11:10:00+09:00,0.011516,0.011623,0.011509,0.011604,10197423.0
2025-05-08 11:15:00+09:00,0.011607,0.011728,0.011604,0.011619,21565251.0
2025-05-08 11:20:00+09:00,0.011621,0.011712,0.011519,0.011703,37766418.0
2025-05-08 11:25:00+09:00,0.011704,0.011844,0.011687,0.011842,44565061.0
2025-05-08 11:30:00+09:00,0.011837,0.011856,0.011754,0.011819,27228994.0
2025-05-08 11:35:00+09:00,0.01182,0.011854,0.01177,0.011777,24917646.0
2025-05-08 11:40:00+09:00,0.011781,0.011856,0.011746,0.011768,27555495.0
2025-05-08 11:45:00+09:00,0.011767,0.011888,0.011739,0.011856,15185078.0
2025-05-08 11:50:00+09:00,0.011857,0.011911,0.011789,0.011791,20894057.0
2025-05-08 11:55:00+09:00,0.011796,0.011827,0.011726,0.011784,18929568.0
2025-05-08 12:00:00+09:00,0.011783,0.011867,0.011695,0.011862,12614621.0
2025-05-08 12:05:00+09:00,0.011862,0.011982,0.011821,0.011917,22800045.0
2025-05-08 12:10:00+09:00,0.011916,0.011982,0.011835,0.011914,17956884.0
2025-05-08 12:15:00+09:00,0.011915,0.011947,0.01184,0.011859,13876759.0
2025-05-08 12:20:00+09:00,0.01186,0.011897,0.011721,0.011779,16429875.0
2025-05-08 12:25:00+09:00,0.011776,0.011855,0.011744,0.011835,12443827.0
2025-05-08 12:30:00+09:00,0.011834,0.011875,0.01175,0.011801,17118457.0
2025-05-08 12:35:00+09:00,0.011798,0.011821,0.011754,0.011792,11970394.0
2025-05-08 12:40:00+09:00,0.011791,0.011816,0.011763,0.011801,10901530.0
2025-05-08 12:45:00+09:00,0.0118,0.011837,0.011653,0.011653,34737016.0
2025-05-08 12:50:00+09:00,0.011653,0.011703,0.011625,0.011686,10537494.0
2025-05-08 12:55:00+09:00,0.011686,0.011721,0.01165,0.011672,11336788.0
2025-05-08 13:00:00+09:00,0.011673,0.011751,0.011654,0.011736,19575110.0
2025-05-08 13:05:00+09:00,0.011737,0.011809,0.011732,0.011788,10709614.0
2025-05-08 13:10:00+09:00,0.011787,0.011795,0.01172,0.011791,8907641.0
2025-05-08 13:15:00+09:00,0.01179,0.011984,0.011786,0.011945,26237320.0
2025-05-08 13:20:00+09:00,0.011945,0.011958,0.011824,0.011834,15613565.0
2025-05-08 13:25:00+09:00,0.011834,0.011909,0.011818,0.011869,11067580.0
2025-05-08 13:30:00+09:00,0.011868,0.011898,0.011821,0.011881,11024579.0
2025-05-08 13:35:00+09:00,0.011879,0.012,0.01185,0.011951,18309875.0
2025-05-08 13:40:00+09:00,0.011948,0.012036,0.011947,0.011992,26798718.0
2025-05-08 13:45:00+09:00,0.011993,0.012094,0.011968,0.011985,21467615.0
2025-05-08 13:50:00+09:00,0.011986,0.012037,0.011936,0.011938,16060806.0
2025-05-08 13:55:00+09:00,0.011937,0.012075,0.011936,0.012009,16472104.0
2025-05-08 14:00:00+09:00,0.012013,0.012117,0.011996,0.012105,25173174.0
2025-05-08 14:05:00+09:00,0.012104,0.012139,0.012012,0.012025,17149571.0
2025-05-08 14:10:00+09:00,0.012026,0.01215,0.012026,0.012144,14252058.0
2025-05-08 14:15:00+09:00,0.012143,0.012173,0.012024,0.012064,18896484.0
2025-05-08 14:20:00+09:00,0.012063,0.012194,0.011999,0.012132,29288243.0
2025-05-08 14:25:00+09:00,0.012133,0.01226,0.012119,0.012206,22885754.0
2025-05-08 14:30:00+09:00,0.012207,0.012215,0.012009,0.012009,45731348.0
2025-05-08 14:35:00+09:00,0.012009,0.012044,0.011963,0.012005,15956283.0
2025-05-08 14:40:00+09:00,0.012009,0.012166,0.011915,0.012121,56086022.0
2025-05-08 14:45:00+09:00,0.01212,0.012382,0.01211,0.012367,102158349.0
2025-05-08 14:50:00+09:00,0.012367,0.012529,0.012313,0.012485,32519734.0
2025-05-08 14:55:00+09:00,0.012479,0.012518,0.012394,0.012409,21386194.0
2025-05-08 15:00:00+09:00,0.012412,0.012633,0.012401,0.012564,29190027.0
2025-05-08 15:05:00+09:00,0.012557,0.012767,0.012543,0.012735,43188603.0
2025-05-08 15:10:00+09:00,0.012736,0.012859,0.01269,0.01284,62177628.0
2025-05-08 15:15:00+09:00,0.012841,0.012842,0.012629,0.012722,53183687.0
2025-05-08 15:20:00+09:00,0.012722,0.012783,0.01267,0.012698,25275089.0
2025-05-08 15:25:00+09:00,0.012702,0.012704,0.012505,0.012519,21380151.0
2025-05-08 15:30:00+09:00,0.012521,0.012766,0.012521,0.012673,36093917.0
2025-05-08 15:35:00+09:00,0.012678,0.012711,0.012615,0.012693,15075841.0
2025-05-08 15:40:00+09:00,0.012694,0.012734,0.012575,0.012582,21173021.0
2025-05-08 15:45:00+09:00,0.012579,0.01288,0.012567,0.012876,39692006.0
2025-05-08 15:50:00+09:00,0.012876,0.013121,0.012831,0.013037,84699658.0
2025-05-08 15:55:00+09:00,0.013038,0.013437,0.013032,0.013308,65242036.0
2025-05-08 16:00:00+09:00,0.013317,0.013394,0.013031,0.013113,91870530.0
2025-05-08 16:05:00+09:00,0.013108,0.013303,0.013092,0.013236,49279889.0
2025-05-08 16:10:00+09:00,0.013244,0.013361,0.013209,0.0133,47461442.0
2025-05-08 16:15:00+09:00,0.013306,0.013548,0.013242,0.013361,64547198.0
2025-05-08 16:20:00+09:00,0.013357,0.013464,0.013245,0.013248,33706931.0
2025-05-08 16:25:00+09:00,0.013249,0.013289,0.013105,0.013233,52400730.0
2025-05-08 16:30:00+09:00,0.01323,0.013435,0.013216,0.013346,56720046.0
2025-05-08 16:35:00+09:00,0.013346,0.013382,0.013217,0.013349,32949347.0
2025-05-08 16:40:00+09:00,0.013363,0.013372,0.013212,0.013309,28590447.0
2025-05-08 16:45:00+09:00,0.013306,0.0134,0.013208,0.013234,40356616.0
2025-05-08 16:50:00+09:00,0.013225,0.013301,0.013167,0.013284,19579499.0
2025-05-08 16:55:00+09:00,0.013288,0.013346,0.013215,0.013313,14134714.0
2025-05-08 17:00:00+09:00,0.013313,0.013558,0.013311,0.013445,34136476.0
2025-05-08 17:05:00+09:00,0.013439,0.013502,0.01333,0.013446,26848865.0
2025-05-08 17:10:00+09:00,0.013439,0.013584,0.013382,0.013541,35048062.0
2025-05-08 17:15:00+09:00,0.013543,0.013814,0.013473,0.013637,65609849.0
2025-05-08 17:20:00+09:00,0.013633,0.013855,0.013614,0.013798,34941616.0
2025-05-08 17:25:00+09:00,0.013792,0.013838,0.01367,0.013707,25464346.0
2025-05-08 17:30:00+09:00,0.013711,0.014039,0.013647,0.014027,65580913.0
2025-05-08 17:35:00+09:00,0.014035,0.014095,0.013946,0.014077,68788240.0
2025-05-08 17:40:00+09:00,0.01407,0.014291,0.013947,0.01405,132434906.0
2025-05-08 17:45:00+09:00,0.014053,0.014068,0.013874,0.013996,163267612.0
2025-05-08 17:50:00+09:00,0.013995,0.014151,0.013917,0.014142,53460939.0
2025-05-08 17:55:00+09:00,0.01414,0.014169,0.013942,0.014082,63412541.0
2025-05-08 18:00:00+09:00,0.014088,0.01422,0.014067,0.014085,52228657.0
2025-05-08 18:05:00+09:00,0.014086,0.014196,0.014048,0.014108,25043975.0
2025-05-08 18:10:00+09:00,0.014113,0.014313,0.014074,0.014209,87313264.0
2025-05-08 18:15:00+09:00,0.014208,0.014336,0.014054,0.014241,84407524.0
2025-05-08 18:20:00+09:00,0.014244,0.014302,0.01416,0.014188,55724359.0
2025-05-08 18:25:00+09:00,0.014193,0.014216,0.01396,0.014154,52121555.0
2025-05-08 18:30:00+09:00,0.014157,0.014165,0.013981,0.014095,50844418.0
2025-05-08 18:35:00+09:00,0.014098,0.01415,0.014049,0.014117,27889513.0
2025-05-08 18:40:00+09:00,0.014119,0.014135,0.013895,0.013965,51854587.0
2025-05-08 18:45:00+09:00,0.013969,0.01415,0.013969,0.014098,41496704.0
2025-05-08 18:50:00+09:00,0.014098,0.014192,0.014039,0.014063,61910561.0
2025-05-08 18:55:00+09:00,0.014063,0.014138,0.013964,0.01412,42915862.0
2025-05-08 19:00:00+09:00,0.014126,0.014349,0.014113,0.014317,53694919.0
2025-05-08 19:05:00+09:00,0.014323,0.014404,0.014268,0.01427,38043544.0
2025-05-08 19:10:00+09:00,0.014269,0.01438,0.01421,0.014338,34223638.0
2025-05-08 19:15:00+09:00,0.014338,0.014456,0.01427,0.014386,47843843.0
2025-05-08 19:20:00+09:00,0.014387,0.014414,0.014326,0.014356,18362688.0
2025-05-08 19:25:00+09:00,0.014356,0.014365,0.014189,0.014261,25613815.0
2025-05-08 19:30:00+09:00,0.014261,0.014298,0.014074,0.014105,40759888.0
2025-05-08 19:35:00+09:00,0.014107,0.014127,0.014001,0.014029,41801694.0
2025-05-08 19:40:00+09:00,0.01403,0.01434,0.014029,0.014321,27105047.0
2025-05-08 19:45:00+09:00,0.014325,0.014374,0.014273,0.014358,25322639.0
2025-05-08 19:50:00+09:00,0.014359,0.014461,0.01425,0.014443,26162741.0
2025-05-08 19:55:00+09:00,0.014445,0.014456,0.014282,0.014308,18957009.0
2025-05-08 20:00:00+09:00,0.014308,0.014327,0.014085,0.014092,34709040.0
2025-05-08 20:05:00+09:00,0.014097,0.014234,0.014043,0.014184,32352996.0
2025-05-08 20:10:00+09:00,0.014185,0.014215,0.013943,0.014042,43610836.0
2025-05-08 20:15:00+09:00,0.014041,0.014069,0.013923,0.013973,27266598.0
2025-05-08 20:20:00+09:00,0.013973,0.013992,0.013783,0.013873,57036865.0
2025-05-08 20:25:00+09:00,0.013879,0.014001,0.013879,0.013984,32337521.0
2025-05-08 20:30:00+09:00,0.013985,0.014085,0.013984,0.014003,31275897.0
2025-05-08 20:35:00+09:00,0.014008,0.014039,0.013931,0.013995,31915164.0
2025-05-08 20:40:00+09:00,0.013995,0.014047,0.013956,0.014039,17718487.0
2025-05-08 20:45:00+09:00,0.014043,0.014198,0.013992,0.01412,34101477.0
2025-05-08 20:50:00+09:00,0.014122,0.014188,0.014076,0.014121,18688728.0
2025-05-08 20:55:00+09:00,0.01412,0.014123,0.013996,0.014035,21088054.0
2025-05-08 21:00:00+09:00,0.014034,0.014101,0.013929,0.014084,29572110.0
2025-05-08 21:05:00+09:00,0.014084,0.0141,0.013981,0.013988,13331196.0
2025-05-08 21:10:00+09:00,0.013991,0.014017,0.013883,0.013891,21623052.0
2025-05-08 21:15:00+09:00,0.013891,0.014,0.013891,0.013954,24290268.0
2025-05-08 21:20:00+09:00,0.013953,0.014189,0.013953,0.014132,30654844.0
2025-05-08 21:25:00+09:00,0.014132,0.01433,0.014105,0.014319,31629779.0
2025-05-08 21:30:00+09:00,0.014312,0.014349,0.01422,0.014267,23791220.0
2025-05-08 21:35:00+09:00,0.014274,0.014323,0.014173,0.014191,22010417.0
2025-05-08 21:40:00+09:00,0.014192,0.014247,0.01414,0.0142,11757940.0
2025-05-08 21:45:00+09:00,0.014195,0.014268,0.01416,0.014166,10297826.0
2025-05-08 21:50:00+09:00,0.014163,0.014207,0.014077,0.014125,13462570.0
2025-05-08 21:55:00+09:00,0.014123,0.014144,0.014025,0.014053,20823414.0
2025-05-08 22:00:00+09:00,0.014056,0.014184,0.014005,0.01414,21043474.0
2025-05-08 22:05:00+09:00,0.01414,0.014166,0.013971,0.014079,21027773.0
2025-05-08 22:10:00+09:00,0.01408,0.014123,0.014012,0.014112,12703035.0
2025-05-08 22:15:00+09:00,0.01411,0.014232,0.014074,0.01421,10501262.0
2025-05-08 22:20:00+09:00,0.014205,0.014289,0.014188,0.014206,28161261.0
2025-05-08 22:25:00+09:00,0.014205,0.01424,0.014161,0.014205,14492048.0
2025-05-08 22:30:00+09:00,0.014208,0.014283,0.014146,0.01422,22815320.0
2025-05-08 22:35:00+09:00,0.014214,0.014405,0.014208,0.014227,43588000.0
2025-05-08 22:40:00+09:00,0.014228,0.014307,0.014171,0.014201,28999202.0
2025-05-08 22:45:00+09:00,0.014197,0.014219,0.014028,0.014034,22159027.0
2025-05-08 22:50:00+09:00,0.014031,0.014151,0.014031,0.014066,34145307.0
2025-05-08 22:55:00+09:00,0.01407,0.014117,0.014043,0.014113,14833245.0
2025-05-08 23:00:00+09:00,0.014108,0.014142,0.013998,0.014047,24150969.0
2025-05-08 23:05:00+09:00,0.01404,0.01404,0.013877,0.013918,29558803.0
2025-05-08 23:10:00+09:00,0.013916,0.013983,0.013881,0.013965,26539565.0
2025-05-08 23:15:00+09:00,0.013966,0.013966,0.013829,0.013848,29496556.0
2025-05-08 23:20:00+09:00,0.013849,0.013871,0.013648,0.013694,51772927.0
2025-05-08 23:25:00+09:00,0.013697,0.013926,0.01369,0.013901,21904563.0
2025-05-08 23:30:00+09:00,0.013904,0.014067,0.013858,0.014013,27721256.0
2025-05-08 23:35:00+09:00,0.014017,0.01407,0.013914,0.013916,15934319.0
2025-05-08 23:40:00+09:00,0.013916,0.013995,0.01385,0.013885,37516730.0
2025-05-08 23:45:00+09:00,0.013885,0.013903,0.013724,0.013813,32552538.0
2025-05-08 23:50:00+09:00,0.013809,0.013984,0.013779,0.0138,29429736.0
2025-05-08 23:55:00+09:00,0.013806,0.013822,0.013642,0.013657,38873700.0
2025-05-09 00:00:00+09:00,0.01366,0.013742,0.013579,0.013709,37928584.0
2025-05-09 00:05:00+09:00,0.013712,0.013925,0.013708,0.013917,25601842.0
2025-05-09 00:10:00+09:00,0.013918,0.013921,0.013818,0.013878,11543542.0
2025-05-09 00:15:00+09:00,0.013875,0.014021,0.013863,0.014011,23560735.0
2025-05-09 00:20:00+09:00,0.014012,0.014333,0.014012,0.014259,86058960.0
2025-05-09 00:25:00+09:00,0.014264,0.01431,0.014177,0.014247,37320863.0
2025-05-09 00:30:00+09:00,0.014246,0.014247,0.013957,0.014051,53648228.0
2025-05-09 00:35:00+09:00,0.014053,0.014117,0.013905,0.0141,42542015.0
2025-05-09 00:40:00+09:00,0.014102,0.014186,0.013935,0.013935,53133851.0
2025-05-09 00:45:00+09:00,0.013941,0.013996,0.01383,0.01389,38287510.0
2025-05-09 00:50:00+09:00,0.013886,0.013977,0.013832,0.013878,35778034.0
2025-05-09 00:55:00+09:00,0.013874,0.013936,0.013768,0.01391,19923746.0
2025-05-09 01:00:00+09:00,0.013909,0.014027,0.01385,0.013858,36381421.0
2025-05-09 01:05:00+09:00,0.013861,0.01411,0.013852,0.014077,40500013.0
2025-05-09 01:10:00+09:00,0.014072,0.014144,0.013977,0.014048,26598580.0
2025-05-09 01:15:00+09:00,0.014048,0.014189,0.014039,0.014176,29779577.0
2025-05-09 01:20:00+09:00,0.014168,0.014199,0.014,0.014019,27364800.0
2025-05-09 01:25:00+09:00,0.014015,0.014048,0.013909,0.013914,17854321.0
2025-05-09 01:30:00+09:00,0.013923,0.014116,0.013905,0.014076,18840449.0
2025-05-09 01:35:00+09:00,0.014075,0.014124,0.014041,0.014124,11439759.0
2025-05-09 01:40:00+09:00,0.014125,0.014161,0.014037,0.014074,12333694.0
2025-05-09 01:45:00+09:00,0.014068,0.014144,0.014031,0.014133,12519479.0
2025-05-09 01:50:00+09:00,0.014134,0.014175,0.013963,0.013996,16593710.0
2025-05-09 01:55:00+09:00,0.013996,0.014072,0.013931,0.014072,9466526.0
2025-05-09 02:00:00+09:00,0.014069,0.014081,0.013972,0.013987,6835237.0
2025-05-09 02:05:00+09:00,0.013983,0.014045,0.013951,0.014001,17257283.0
2025-05-09 02:10:00+09:00,0.014003,0.014077,0.013992,0.014044,9481695.0
2025-05-09 02:15:00+09:00,0.014045,0.014282,0.014019,0.014143,38737333.0
2025-05-09 02:20:00+09:00,0.014146,0.014299,0.014125,0.014273,18360650.0
2025-05-09 02:25:00+09:00,0.014274,0.014366,0.014174,0.0142,60202779.0
2025-05-09 02:30:00+09:00,0.014198,0.014251,0.014032,0.01408,20522470.0
2025-05-09 02:35:00+09:00,0.014076,0.014202,0.014024,0.014131,9900733.0
2025-05-09 02:40:00+09:00,0.01413,0.014133,0.014042,0.014079,8962113.0
2025-05-09 02:45:00+09:00,0.014081,0.014134,0.01397,0.01397,10898717.0
2025-05-09 02:50:00+09:00,0.013969,0.014098,0.013948,0.014065,12958483.0
2025-05-09 02:55:00+09:00,0.014064,0.014103,0.013998,0.014074,9768009.0
2025-05-09 03:00:00+09:00,0.01408,0.014102,0.013951,0.01398,20669994.0
2025-05-09 03:05:00+09:00,0.013978,0.014149,0.013974,0.014101,8955733.0
2025-05-09 03:10:00+09:00,0.014104,0.014227,0.014104,0.014144,20566783.0
2025-05-09 03:15:00+09:00,0.014145,0.014299,0.014145,0.014295,10756574.0
2025-05-09 03:20:00+09:00,0.014296,0.014389,0.014274,0.014351,23182798.0
2025-05-09 03:25:00+09:00,0.014351,0.014493,0.01434,0.014488,29667666.0
2025-05-09 03:30:00+09:00,0.014484,0.014487,0.01412,0.014144,37418768.0
2025-05-09 03:35:00+09:00,0.014151,0.014194,0.014132,0.014136,13880437.0
2025-05-09 03:40:00+09:00,0.014135,0.014177,0.014077,0.014123,12427826.0
2025-05-09 03:45:00+09:00,0.014118,0.014162,0.014027,0.014162,15225243.0
2025-05-09 03:50:00+09:00,0.014162,0.01425,0.014139,0.01425,26356641.0
2025-05-09 03:55:00+09:00,0.014249,0.014336,0.014224,0.014323,10199371.0
2025-05-09 04:00:00+09:00,0.014322,0.014364,0.014256,0.014329,27066345.0
2025-05-09 04:05:00+09:00,0.014329,0.014365,0.014261,0.014333,11085423.0
2025-05-09 04:10:00+09:00,0.014336,0.014389,0.014283,0.014373,12680052.0
2025-05-09 04:15:00+09:00,0.014376,0.014415,0.014186,0.014255,19425988.0
2025-05-09 04:20:00+09:00,0.014258,0.014439,0.01423,0.014269,21836978.0
2025-05-09 04:25:00+09:00,0.014269,0.014309,0.014131,0.014141,35434996.0
2025-05-09 04:30:00+09:00,0.014141,0.014148,0.014008,0.014014,16256094.0
2025-05-09 04:35:00+09:00,0.014011,0.014102,0.013971,0.01403,15319847.0
2025-05-09 04:40:00+09:00,0.014032,0.014074,0.014004,0.014021,5570382.0
2025-05-09 04:45:00+09:00,0.014019,0.014021,0.013952,0.013975,10405761.0
2025-05-09 04:50:00+09:00,0.013974,0.014036,0.013899,0.014036,28449857.0
2025-05-09 04:55:00+09:00,0.014033,0.014033,0.013953,0.013968,10286360.0
2025-05-09 05:00:00+09:00,0.013972,0.014078,0.01395,0.014055,32005961.0
2025-05-09 05:05:00+09:00,0.014055,0.01411,0.013953,0.013995,9686340.0
2025-05-09 05:10:00+09:00,0.013993,0.014024,0.013858,0.013874,20257870.0
2025-05-09 05:15:00+09:00,0.013872,0.013959,0.013787,0.013933,45984998.0
2025-05-09 05:20:00+09:00,0.013936,0.014082,0.013872,0.014058,19107851.0
2025-05-09 05:25:00+09:00,0.014052,0.014067,0.013973,0.014024,15400070.0
2025-05-09 05:30:00+09:00,0.014025,0.014193,0.013984,0.014176,19160425.0
2025-05-09 05:35:00+09:00,0.014168,0.014202,0.01405,0.014176,10420321.0
2025-05-09 05:40:00+09:00,0.014162,0.014167,0.013991,0.013995,12763774.0
2025-05-09 05:45:00+09:00,0.013992,0.014053,0.01395,0.014046,12353836.0
2025-05-09 05:50:00+09:00,0.014046,0.014257,0.014026,0.014257,37468161.0
2025-05-09 05:55:00+09:00,0.014252,0.0144,0.014189,0.014348,53636080.0
2025-05-09 06:00:00+09:00,0.014346,0.014363,0.014115,0.014204,24851949.0
2025-05-09 06:05:00+09:00,0.014205,0.014312,0.014105,0.014299,24519890.0
2025-05-09 06:10:00+09:00,0.014306,0.014306,0.014182,0.014234,14122477.0
2025-05-09 06:15:00+09:00,0.014233,0.014336,0.014167,0.014327,22128952.0
2025-05-09 06:20:00+09:00,0.014326,0.0145,0.014279,0.014323,40333549.0
2025-05-09 06:25:00+09:00,0.014324,0.014357,0.014167,0.014197,14475053.0
2025-05-09 06:30:00+09:00,0.014194,0.014324,0.014088,0.014298,19676791.0
2025-05-09 06:35:00+09:00,0.014299,0.014386,0.014229,0.014243,16817452.0
2025-05-09 06:40:00+09:00,0.014254,0.01427,0.01382,0.013959,32045237.0
2025-05-09 06:45:00+09:00,0.013965,0.014085,0.013962,0.01401,9307292.0
2025-05-09 06:50:00+09:00,0.014007,0.014032,0.013796,0.013812,17679501.0
2025-05-09 06:55:00+09:00,0.013813,0.013914,0.013797,0.013843,15191219.0
2025-05-09 07:00:00+09:00,0.013846,0.013882,0.013715,0.013767,11928084.0
2025-05-09 07:05:00+09:00,0.013778,0.013909,0.013727,0.01373,8043443.0
2025-05-09 07:10:00+09:00,0.013725,0.013774,0.013606,0.01368,31007043.0
2025-05-09 07:15:00+09:00,0.013677,0.013687,0.013477,0.013492,37255482.0
2025-05-09 07:20:00+09:00,0.013496,0.013642,0.013466,0.013574,19783712.0
2025-05-09 07:25:00+09:00,0.013561,0.013603,0.013468,0.013489,14204789.0
2025-05-09 07:30:00+09:00,0.013488,0.01353,0.01339,0.013435,24044224.0
2025-05-09 07:35:00+09:00,0.013434,0.013519,0.013378,0.013478,17987640.0
2025-05-09 07:40:00+09:00,0.01347,0.013608,0.013404,0.013607,22239589.0
2025-05-09 07:45:00+09:00,0.013608,0.013779,0.013596,0.013669,33607265.0
2025-05-09 07:50:00+09:00,0.013662,0.013747,0.013622,0.013674,13120294.0
2025-05-09 07:55:00+09:00,0.013676,0.013815,0.013661,0.013774,13530878.0
2025-05-09 08:00:00+09:00,0.013769,0.013782,0.013651,0.013658,20911981.0
2025-05-09 08:05:00+09:00,0.013659,0.013905,0.013659,0.013874,23654162.0
2025-05-09 08:10:00+09:00,0.013872,0.013985,0.013833,0.013945,24978386.0
2025-05-09 08:15:00+09:00,0.013944,0.01398,0.013879,0.013938,8970224.0
2025-05-09 08:20:00+09:00,0.013938,0.014014,0.013837,0.013849,14875009.0
2025-05-09 08:25:00+09:00,0.013851,0.013869,0.013743,0.013778,12864503.0
2025-05-09 08:30:00+09:00,0.013776,0.013847,0.013751,0.013823,12468826.0
2025-05-09 08:35:00+09:00,0.013823,0.013896,0.013812,0.01389,18796314.0
2025-05-09 08:40:00+09:00,0.01389,0.014062,0.01387,0.014043,29892970.0
2025-05-09 08:45:00+09:00,0.014043,0.014146,0.013937,0.014074,59391247.0
2025-05-09 08:50:00+09:00,0.01407,0.014134,0.014033,0.014122,16592577.0
2025-05-09 08:55:00+09:00,0.014121,0.014244,0.014102,0.01413,21278339.0
2025-05-09 09:00:00+09:00,0.014129,0.014129,0.013937,0.013981,16694251.0
2025-05-09 09:05:00+09:00,0.013978,0.013978,0.01383,0.013873,15710210.0
2025-05-09 09:10:00+09:00,0.013863,0.013922,0.013841,0.013922,8501905.0
2025-05-09 09:15:00+09:00,0.01392,0.013965,0.013876,0.013929,6687777.0
2025-05-09 09:20:00+09:00,0.013927,0.014148,0.013921,0.01401,20264713.0
2025-05-09 09:25:00+09:00,0.014009,0.014058,0.013967,0.014026,13936425.0
2025-05-09 09:30:00+09:00,0.014023,0.014032,0.013887,0.013908,9275887.0
2025-05-09 09:35:00+09:00,0.01391,0.014022,0.013897,0.013944,6882677.0
2025-05-09 09:40:00+09:00,0.013942,0.014013,0.01391,0.014011,12691772.0
2025-05-09 09:45:00+09:00,0.01401,0.014023,0.013901,0.013936,5703587.0
2025-05-09 09:50:00+09:00,0.013938,0.013993,0.013904,0.013967,14722642.0
2025-05-09 09:55:00+09:00,0.01396,0.014093,0.013957,0.013987,17411356.0
2025-05-09 10:00:00+09:00,0.013981,0.014109,0.013958,0.0141,10501824.0
2025-05-09 10:05:00+09:00,0.014098,0.014196,0.014044,0.014121,10492561.0
2025-05-09 10:10:00+09:00,0.014122,0.014249,0.014117,0.01424,17143497.0
2025-05-09 10:15:00+09:00,0.014242,0.014422,0.014232,0.014252,33163538.0
2025-05-09 10:20:00+09:00,0.014246,0.014255,0.01406,0.01409,18226797.0
2025-05-09 10:25:00+09:00,0.014095,0.014168,0.014049,0.014085,11179761.0
2025-05-09 10:30:00+09:00,0.014082,0.014095,0.013991,0.014052,15570332.0
2025-05-09 10:35:00+09:00,0.014049,0.014082,0.013951,0.01402,9000985.0
2025-05-09 10:40:00+09:00,0.014015,0.014021,0.013953,0.013953,12478775.0
2025-05-09 10:45:00+09:00,0.013957,0.013977,0.01389,0.013955,11585756.0
2025-05-09 10:50:00+09:00,0.013957,0.014012,0.013942,0.013983,10781798.0
2025-05-09 10:55:00+09:00,0.01398,0.014186,0.013975,0.014164,36707908.0
2025-05-09 11:00:00+09:00,0.01416,0.014297,0.014133,0.014245,12354483.0
2025-05-09 11:05:00+09:00,0.014246,0.014317,0.01417,0.014308,20104153.0
2025-05-09 11:10:00+09:00,0.014307,0.014335,0.014131,0.014169,49106645.0
2025-05-09 11:15:00+09:00,0.01417,0.014261,0.0141,0.014116,31360382.0
2025-05-09 11:20:00+09:00,0.014111,0.014119,0.014012,0.014079,19401807.0
2025-05-09 11:25:00+09:00,0.01408,0.01414,0.014001,0.014046,10985096.0
2025-05-09 11:30:00+09:00,0.014041,0.014156,0.014002,0.014136,8243657.0
2025-05-09 11:35:00+09:00,0.014135,0.014145,0.014043,0.014046,4138438.0
2025-05-09 11:40:00+09:00,0.01405,0.014089,0.013996,0.014057,6531568.0
2025-05-09 11:45:00+09:00,0.014054,0.014088,0.013984,0.014045,7891609.0
2025-05-09 11:50:00+09:00,0.014045,0.014058,0.013965,0.013976,5430932.0
2025-05-09 11:55:00+09:00,0.013976,0.014021,0.01393,0.014018,7443010.0
2025-05-09 12:00:00+09:00,0.014017,0.014019,0.013906,0.013979,8241121.0
2025-05-09 12:05:00+09:00,0.013979,0.014139,0.013974,0.014065,8545084.0
2025-05-09 12:10:00+09:00,0.014067,0.014225,0.014058,0.014185,12891318.0
2025-05-09 12:15:00+09:00,0.014186,0.014269,0.01403,0.014055,14159499.0
2025-05-09 12:20:00+09:00,0.014053,0.014212,0.014045,0.014169,7153656.0
2025-05-09 12:25:00+09:00,0.014171,0.014174,0.014018,0.014035,26265985.0
2025-05-09 12:30:00+09:00,0.014035,0.014076,0.013993,0.014047,9576131.0
2025-05-09 12:35:00+09:00,0.014047,0.014048,0.013817,0.013822,23411511.0
2025-05-09 12:40:00+09:00,0.013817,0.013864,0.01374,0.013757,26083216.0
2025-05-09 12:45:00+09:00,0.013762,0.013846,0.013728,0.013843,7537116.0
2025-05-09 12:50:00+09:00,0.013837,0.013893,0.013769,0.013778,6307825.0
2025-05-09 12:55:00+09:00,0.013767,0.013767,0.013545,0.013611,23696225.0
2025-05-09 13:00:00+09:00,0.013613,0.013725,0.013598,0.01367,10488792.0
2025-05-09 13:05:00+09:00,0.013666,0.01378,0.013665,0.01378,5144242.0
2025-05-09 13:10:00+09:00,0.013778,0.013846,0.013742,0.013831,5470406.0
2025-05-09 13:15:00+09:00,0.013829,0.01391,0.013793,0.013845,12507129.0
2025-05-09 13:20:00+09:00,0.013846,0.013941,0.013815,0.013815,12274841.0
2025-05-09 13:25:00+09:00,0.013816,0.013832,0.013777,0.013792,7001503.0
2025-05-09 13:30:00+09:00,0.013792,0.013794,0.013682,0.013768,11438378.0
2025-05-09 13:35:00+09:00,0.013767,0.013815,0.013669,0.013802,13585712.0
2025-05-09 13:40:00+09:00,0.013802,0.013882,0.01375,0.013855,14581895.0
2025-05-09 13:45:00+09:00,0.013861,0.013919,0.013814,0.013839,10534980.0
2025-05-09 13:50:00+09:00,0.013845,0.013868,0.013676,0.013716,18606157.0
2025-05-09 13:55:00+09:00,0.013713,0.013836,0.013634,0.013794,64410434.0
2025-05-09 14:00:00+09:00,0.013787,0.013859,0.013727,0.013799,18235082.0
2025-05-09 14:05:00+09:00,0.0138,0.013893,0.013768,0.013839,15059678.0
2025-05-09 14:10:00+09:00,0.013844,0.013857,0.013743,0.013762,7202590.0
2025-05-09 14:15:00+09:00,0.013758,0.01377,0.013681,0.013687,8225518.0
2025-05-09 14:20:00+09:00,0.013685,0.013702,0.013641,0.013701,5724414.0
2025-05-09 14:25:00+09:00,0.013704,0.013708,0.013625,0.013668,5927703.0
2025-05-09 14:30:00+09:00,0.013673,0.013765,0.013653,0.013708,5307477.0
2025-05-09 14:35:00+09:00,0.013712,0.013771,0.013685,0.013756,4500825.0
2025-05-09 14:40:00+09:00,0.013754,0.0138,0.013713,0.013774,10880016.0
2025-05-09 14:45:00+09:00,0.013779,0.01381,0.013713,0.01377,7289591.0
2025-05-09 14:50:00+09:00,0.013771,0.013829,0.013736,0.013829,6652082.0
2025-05-09 14:55:00+09:00,0.01383,0.013898,0.013801,0.013868,7389725.0
2025-05-09 15:00:00+09:00,0.013861,0.017017,0.013859,0.015202,924564891.0
2025-05-09 15:05:00+09:00,0.015191,0.01552,0.015,0.015448,254330998.0
2025-05-09 15:10:00+09:00,0.01545,0.015883,0.015406,0.015841,145220514.0
2025-05-09 15:15:00+09:00,0.015839,0.01597,0.015714,0.015822,123016474.0
2025-05-09 15:20:00+09:00,0.015823,0.016226,0.015686,0.015698,149634454.0
2025-05-09 15:25:00+09:00,0.015698,0.01579,0.015401,0.01563,132675026.0
2025-05-09 15:30:00+09:00,0.01562,0.015842,0.015608,0.015613,88409349.0
2025-05-09 15:35:00+09:00,0.01563,0.015767,0.01559,0.01566,78289184.0
2025-05-09 15:40:00+09:00,0.015654,0.015748,0.015574,0.015701,120214872.0
2025-05-09 15:45:00+09:00,0.0157,0.015765,0.015575,0.015656,86631486.0
2025-05-09 15:50:00+09:00,0.015657,0.0158,0.015643,0.015737,67148734.0
2025-05-09 15:55:00+09:00,0.015736,0.015827,0.015458,0.015517,79544698.0
2025-05-09 16:00:00+09:00,0.015514,0.015526,0.0153,0.015427,63758384.0
2025-05-09 16:05:00+09:00,0.015427,0.015484,0.015348,0.015443,43394854.0
2025-05-09 16:10:00+09:00,0.015435,0.01544,0.015193,0.015271,121949012.0
2025-05-09 16:15:00+09:00,0.015271,0.015439,0.015253,0.0154,95833351.0
2025-05-09 16:20:00+09:00,0.0154,0.015519,0.0153,0.015508,71354527.0
2025-05-09 16:25:00+09:00,0.015501,0.015588,0.015378,0.015436,85446447.0
2025-05-09 16:30:00+09:00,0.015436,0.015438,0.015259,0.015374,67791140.0
2025-05-09 16:35:00+09:00,0.015372,0.015582,0.015362,0.015507,47260005.0
2025-05-09 16:40:00+09:00,0.015505,0.015573,0.015375,0.015489,44310866.0
2025-05-09 16:45:00+09:00,0.015488,0.015501,0.015283,0.015326,36368719.0
2025-05-09 16:50:00+09:00,0.015326,0.015396,0.015041,0.015152,55075235.0
2025-05-09 16:55:00+09:00,0.015148,0.015206,0.0149,0.015055,83014059.0
2025-05-09 17:00:00+09:00,0.015053,0.015242,0.014981,0.015104,92419643.0
2025-05-09 17:05:00+09:00,0.015104,0.015274,0.015061,0.015153,55012601.0
2025-05-09 17:10:00+09:00,0.015155,0.015305,0.015072,0.015302,76118673.0
2025-05-09 17:15:00+09:00,0.015302,0.015401,0.015203,0.015381,87287912.0
2025-05-09 17:20:00+09:00,0.015382,0.015454,0.015212,0.015261,82794683.0
2025-05-09 17:25:00+09:00,0.015265,0.015377,0.015222,0.015253,73884259.0
2025-05-09 17:30:00+09:00,0.015254,0.015336,0.015114,0.015214,112114196.0
2025-05-09 17:35:00+09:00,0.015217,0.015268,0.01505,0.01505,93854848.0
2025-05-09 17:40:00+09:00,0.01505,0.015072,0.014813,0.014888,126625684.0
2025-05-09 17:45:00+09:00,0.014882,0.015148,0.014878,0.014996,98914365.0
2025-05-09 17:50:00+09:00,0.014995,0.015161,0.014926,0.014963,83303442.0
2025-05-09 17:55:00+09:00,0.01496,0.015073,0.014905,0.015028,62368011.0
2025-05-09 18:00:00+09:00,0.015026,0.01526,0.014959,0.015237,43906632.0
2025-05-09 18:05:00+09:00,0.015241,0.015837,0.0152,0.015375,323102341.0
2025-05-09 18:10:00+09:00,0.015374,0.015418,0.015066,0.015095,276815821.0
2025-05-09 18:15:00+09:00,0.015098,0.015137,0.014881,0.015004,95062278.0
2025-05-09 18:20:00+09:00,0.015009,0.015108,0.014862,0.015089,39985997.0
2025-05-09 18:25:00+09:00,0.015095,0.015146,0.014872,0.014991,52031959.0
2025-05-09 18:30:00+09:00,0.014994,0.015312,0.014982,0.015187,56497048.0
2025-05-09 18:35:00+09:00,0.015185,0.015481,0.015119,0.015281,90329285.0
2025-05-09 18:40:00+09:00,0.015282,0.01553,0.015185,0.015213,140545328.0
2025-05-09 18:45:00+09:00,0.015213,0.01553,0.015186,0.015446,93592128.0
2025-05-09 18:50:00+09:00,0.015446,0.015514,0.015142,0.015213,77977946.0
2025-05-09 18:55:00+09:00,0.015216,0.015224,0.015074,0.015155,29983069.0
2025-05-09 19:00:00+09:00,0.015162,0.015309,0.015135,0.015137,21721386.0
2025-05-09 19:05:00+09:00,0.015137,0.015339,0.015111,0.01523,26515575.0
2025-05-09 19:10:00+09:00,0.015231,0.015336,0.015186,0.015319,22285993.0
2025-05-09 19:15:00+09:00,0.015322,0.015417,0.015227,0.015251,32737496.0
2025-05-09 19:20:00+09:00,0.01525,0.015443,0.015222,0.015374,32952548.0
2025-05-09 19:25:00+09:00,0.015376,0.015453,0.015349,0.015401,25091298.0
2025-05-09 19:30:00+09:00,0.015402,0.015443,0.015222,0.015328,31973176.0
2025-05-09 19:35:00+09:00,0.01533,0.015344,0.015232,0.015234,22397668.0
2025-05-09 19:40:00+09:00,0.015232,0.015232,0.015075,0.015143,23484737.0
2025-05-09 19:45:00+09:00,0.015142,0.015208,0.015123,0.015204,24785863.0
2025-05-09 19:50:00+09:00,0.015204,0.015247,0.015139,0.015208,20995434.0
2025-05-09 19:55:00+09:00,0.015203,0.015399,0.015198,0.015397,36874852.0
2025-05-09 20:00:00+09:00,0.015397,0.015397,0.015208,0.015268,12265052.0
2025-05-09 20:05:00+09:00,0.015268,0.015499,0.015176,0.01542,30082032.0
2025-05-09 20:10:00+09:00,0.015417,0.015463,0.01537,0.015392,20195148.0
2025-05-09 20:15:00+09:00,0.015392,0.01541,0.015286,0.015291,27693794.0
2025-05-09 20:20:00+09:00,0.0153,0.015375,0.015264,0.015373,10869721.0
2025-05-09 20:25:00+09:00,0.015375,0.015387,0.01511,0.015163,36473751.0
2025-05-09 20:30:00+09:00,0.01516,0.015214,0.015087,0.015186,33464991.0
2025-05-09 20:35:00+09:00,0.015189,0.015236,0.015127,0.015172,9145752.0
2025-05-09 20:40:00+09:00,0.015172,0.015277,0.01515,0.01525,8859859.0
2025-05-09 20:45:00+09:00,0.015253,0.015264,0.015145,0.015148,8138931.0
2025-05-09 20:50:00+09:00,0.015152,0.015186,0.015116,0.01515,6624891.0
2025-05-09 20:55:00+09:00,0.01515,0.015165,0.015027,0.015046,10807394.0
2025-05-09 21:00:00+09:00,0.015044,0.015093,0.014869,0.014895,21184529.0
2025-05-09 21:05:00+09:00,0.014899,0.014942,0.014558,0.01464,37434139.0
2025-05-09 21:10:00+09:00,0.014641,0.014676,0.014572,0.014633,45619257.0
2025-05-09 21:15:00+09:00,0.014641,0.014705,0.01452,0.014681,24491530.0
2025-05-09 21:20:00+09:00,0.014682,0.014801,0.01466,0.014789,17922799.0
2025-05-09 21:25:00+09:00,0.014786,0.014813,0.014665,0.01473,24991708.0
2025-05-09 21:30:00+09:00,0.014725,0.014831,0.014694,0.014823,16144336.0
2025-05-09 21:35:00+09:00,0.014816,0.014816,0.014667,0.014741,12847734.0
2025-05-09 21:40:00+09:00,0.014737,0.014738,0.014603,0.014652,12362839.0
2025-05-09 21:45:00+09:00,0.014651,0.014681,0.014618,0.014659,18244752.0
2025-05-09 21:50:00+09:00,0.014652,0.014696,0.014625,0.014659,8984079.0
2025-05-09 21:55:00+09:00,0.01466,0.014676,0.014578,0.014609,15706051.0
2025-05-09 22:00:00+09:00,0.014607,0.014688,0.014558,0.014674,19910544.0
2025-05-09 22:05:00+09:00,0.014668,0.014805,0.014623,0.014709,20323501.0
2025-05-09 22:10:00+09:00,0.014709,0.014763,0.014705,0.014748,9475013.0
2025-05-09 22:15:00+09:00,0.014747,0.014767,0.014692,0.014737,6808264.0
2025-05-09 22:20:00+09:00,0.014737,0.014793,0.014701,0.014706,37031240.0
2025-05-09 22:25:00+09:00,0.014705,0.014876,0.014689,0.014851,13973754.0
2025-05-09 22:30:00+09:00,0.01485,0.014882,0.014694,0.014848,13109740.0
2025-05-09 22:35:00+09:00,0.014853,0.014998,0.014816,0.01495,28695853.0
2025-05-09 22:40:00+09:00,0.014952,0.015096,0.014829,0.015078,32612455.0
2025-05-09 22:45:00+09:00,0.015076,0.015285,0.014999,0.015148,60646045.0
2025-05-09 22:50:00+09:00,0.015148,0.01541,0.015054,0.015336,53931363.0
2025-05-09 22:55:00+09:00,0.015335,0.015353,0.015226,0.015252,25434423.0
2025-05-09 23:00:00+09:00,0.015248,0.015248,0.015017,0.015062,25918351.0
2025-05-09 23:05:00+09:00,0.015064,0.015125,0.015022,0.015122,10688968.0
2025-05-09 23:10:00+09:00,0.015125,0.015282,0.015086,0.015218,20358946.0
2025-05-09 23:15:00+09:00,0.015217,0.015364,0.015161,0.015199,39309827.0
2025-05-09 23:20:00+09:00,0.015194,0.015194,0.014974,0.014978,37255677.0
2025-05-09 23:25:00+09:00,0.014979,0.014979,0.014803,0.014821,35023838.0
2025-05-09 23:30:00+09:00,0.014823,0.01506,0.014797,0.014959,27485866.0
2025-05-09 23:35:00+09:00,0.014964,0.014967,0.01463,0.014646,34105791.0
2025-05-09 23:40:00+09:00,0.014644,0.014879,0.014606,0.014855,24991320.0
2025-05-09 23:45:00+09:00,0.014859,0.014876,0.014661,0.014776,10982893.0
2025-05-09 23:50:00+09:00,0.014788,0.014835,0.014731,0.01477,8305696.0
2025-05-09 23:55:00+09:00,0.014766,0.014883,0.014748,0.014846,9648793.0
2025-05-10 00:00:00+09:00,0.014848,0.014887,0.014754,0.014804,11392744.0
2025-05-10 00:05:00+09:00,0.014807,0.014904,0.014785,0.014793,9062553.0
2025-05-10 00:10:00+09:00,0.014793,0.014949,0.014754,0.014936,19618837.0
2025-05-10 00:15:00+09:00,0.014936,0.014959,0.014841,0.01488,6928097.0
2025-05-10 00:20:00+09:00,0.014872,0.014875,0.014332,0.014443,68658998.0
2025-05-10 00:25:00+09:00,0.01445,0.014521,0.014395,0.014509,28270085.0
2025-05-10 00:30:00+09:00,0.014505,0.014549,0.014423,0.014443,26691481.0
2025-05-10 00:35:00+09:00,0.014445,0.014542,0.014438,0.014514,9869639.0
2025-05-10 00:40:00+09:00,0.014514,0.014547,0.01445,0.014494,25876693.0
2025-05-10 00:45:00+09:00,0.014497,0.014545,0.014425,0.014478,25830330.0
2025-05-10 00:50:00+09:00,0.014478,0.014634,0.014475,0.014551,8058042.0
2025-05-10 00:55:00+09:00,0.014553,0.014593,0.014503,0.014512,19139065.0
2025-05-10 01:00:00+09:00,0.014513,0.014529,0.014331,0.014363,18522861.0
2025-05-10 01:05:00+09:00,0.014365,0.014405,0.014113,0.014126,56296275.0
2025-05-10 01:10:00+09:00,0.014129,0.014249,0.014,0.014231,53746239.0
2025-05-10 01:15:00+09:00,0.014232,0.014306,0.014192,0.014304,17205183.0
2025-05-10 01:20:00+09:00,0.014304,0.014322,0.014239,0.01427,9024508.0
2025-05-10 01:25:00+09:00,0.014262,0.014268,0.014187,0.014193,14464732.0
2025-05-10 01:30:00+09:00,0.014189,0.014244,0.014163,0.014214,13068217.0
2025-05-10 01:35:00+09:00,0.014211,0.014311,0.014158,0.014158,19810831.0
2025-05-10 01:40:00+09:00,0.014154,0.014197,0.014121,0.014159,8181304.0
2025-05-10 01:45:00+09:00,0.014167,0.014236,0.014083,0.014091,15709319.0
2025-05-10 01:50:00+09:00,0.014092,0.014144,0.014064,0.014116,15105558.0
2025-05-10 01:55:00+09:00,0.014119,0.014128,0.013885,0.013931,63757832.0
2025-05-10 02:00:00+09:00,0.013929,0.014044,0.013924,0.014008,17536976.0
2025-05-10 02:05:00+09:00,0.014011,0.014065,0.013944,0.014031,9902335.0
2025-05-10 02:10:00+09:00,0.01403,0.014092,0.014014,0.014089,12381214.0
2025-05-10 02:15:00+09:00,0.014091,0.014282,0.014088,0.014275,32273188.0
2025-05-10 02:20:00+09:00,0.014272,0.014291,0.014201,0.014201,12166554.0
2025-05-10 02:25:00+09:00,0.014205,0.014246,0.014172,0.014225,8791211.0
2025-05-10 02:30:00+09:00,0.014225,0.014259,0.014176,0.014232,5668859.0
2025-05-10 02:35:00+09:00,0.014233,0.014275,0.014208,0.014223,5862146.0
2025-05-10 02:40:00+09:00,0.014223,0.014327,0.014223,0.014282,19642076.0
2025-05-10 02:45:00+09:00,0.014282,0.014326,0.014249,0.014314,9894221.0
2025-05-10 02:50:00+09:00,0.014313,0.014372,0.014283,0.014355,8313236.0
2025-05-10 02:55:00+09:00,0.014355,0.014394,0.014337,0.01435,14123143.0
2025-05-10 03:00:00+09:00,0.014349,0.014412,0.014207,0.014212,13867168.0
2025-05-10 03:05:00+09:00,0.014217,0.014247,0.014186,0.014221,14491155.0
2025-05-10 03:10:00+09:00,0.014221,0.014299,0.014194,0.01424,7273723.0
2025-05-10 03:15:00+09:00,0.014241,0.014314,0.014221,0.014232,5602015.0
2025-05-10 03:20:00+09:00,0.014232,0.014275,0.014197,0.014197,16921373.0
2025-05-10 03:25:00+09:00,0.014197,0.014295,0.014181,0.01429,13067523.0
2025-05-10 03:30:00+09:00,0.01429,0.014374,0.014276,0.014331,24628409.0
2025-05-10 03:35:00+09:00,0.014327,0.014385,0.014324,0.014367,6838747.0
2025-05-10 03:40:00+09:00,0.014368,0.014414,0.014351,0.014404,14486004.0
2025-05-10 03:45:00+09:00,0.014406,0.014588,0.014377,0.014477,30813744.0
2025-05-10 03:50:00+09:00,0.014476,0.014538,0.014415,0.014476,11085799.0
2025-05-10 03:55:00+09:00,0.014477,0.014519,0.01445,0.014508,10647584.0
2025-05-10 04:00:00+09:00,0.014509,0.014562,0.014454,0.014562,14587693.0
2025-05-10 04:05:00+09:00,0.014565,0.014612,0.014519,0.014519,8898179.0
2025-05-10 04:10:00+09:00,0.014522,0.014532,0.014473,0.014478,6255246.0
2025-05-10 04:15:00+09:00,0.014475,0.014475,0.014298,0.014348,31431341.0
2025-05-10 04:20:00+09:00,0.01435,0.01435,0.014263,0.014295,8259527.0
2025-05-10 04:25:00+09:00,0.014296,0.014326,0.014252,0.014321,6116075.0
2025-05-10 04:30:00+09:00,0.014321,0.014327,0.014262,0.0143,6583453.0
2025-05-10 04:35:00+09:00,0.0143,0.014316,0.014266,0.014305,4524665.0
2025-05-10 04:40:00+09:00,0.014305,0.014323,0.01427,0.014311,3177531.0
2025-05-10 04:45:00+09:00,0.01431,0.014314,0.014254,0.014282,2578097.0
2025-05-10 04:50:00+09:00,0.014281,0.0143,0.014223,0.014244,6376839.0
2025-05-10 04:55:00+09:00,0.014246,0.014278,0.014205,0.014277,5962578.0
2025-05-10 05:00:00+09:00,0.014278,0.014315,0.0142,0.014314,5376367.0
2025-05-10 05:05:00+09:00,0.014315,0.01432,0.014237,0.014298,4496857.0
2025-05-10 05:10:00+09:00,0.014297,0.014428,0.014289,0.014416,21273716.0
2025-05-10 05:15:00+09:00,0.014418,0.014538,0.014412,0.014515,10109618.0
2025-05-10 05:20:00+09:00,0.014513,0.014578,0.014502,0.014526,10733045.0
2025-05-10 05:25:00+09:00,0.014526,0.014526,0.014388,0.014438,10218863.0
2025-05-10 05:30:00+09:00,0.014439,0.014466,0.014395,0.014397,5861015.0
2025-05-10 05:35:00+09:00,0.014395,0.014438,0.014352,0.014425,4812120.0
2025-05-10 05:40:00+09:00,0.014425,0.014438,0.014386,0.014417,2726095.0
2025-05-10 05:45:00+09:00,0.014416,0.01452,0.014379,0.014475,11510104.0
2025-05-10 05:50:00+09:00,0.014472,0.014539,0.014458,0.014523,7572317.0
2025-05-10 05:55:00+09:00,0.014521,0.014584,0.014486,0.014521,8656364.0
2025-05-10 06:00:00+09:00,0.014518,0.014671,0.014518,0.01466,12935938.0
2025-05-10 06:05:00+09:00,0.014663,0.014781,0.014658,0.014727,23889355.0
2025-05-10 06:10:00+09:00,0.014727,0.014736,0.014588,0.014629,14962729.0
2025-05-10 06:15:00+09:00,0.014626,0.014641,0.014477,0.014543,14179589.0
2025-05-10 06:20:00+09:00,0.01454,0.01454,0.014424,0.014437,8674762.0
2025-05-10 06:25:00+09:00,0.014437,0.014498,0.014394,0.014477,19018981.0
2025-05-10 06:30:00+09:00,0.01448,0.014597,0.014475,0.014597,8704644.0
2025-05-10 06:35:00+09:00,0.014597,0.014644,0.014515,0.014551,8202805.0
2025-05-10 06:40:00+09:00,0.014551,0.014612,0.014423,0.014461,17277626.0
2025-05-10 06:45:00+09:00,0.014462,0.014649,0.014436,0.014571,7159143.0
2025-05-10 06:50:00+09:00,0.01457,0.014693,0.01455,0.01466,12948738.0
2025-05-10 06:55:00+09:00,0.014668,0.014679,0.014587,0.014628,5313016.0
2025-05-10 07:00:00+09:00,0.014633,0.014921,0.014633,0.014791,20379955.0
2025-05-10 07:05:00+09:00,0.014792,0.014805,0.014634,0.014655,6905939.0
2025-05-10 07:10:00+09:00,0.014656,0.014707,0.014594,0.014602,11358380.0
2025-05-10 07:15:00+09:00,0.014599,0.014659,0.014511,0.014611,6883583.0
2025-05-10 07:20:00+09:00,0.014611,0.014648,0.014548,0.014635,5238838.0
2025-05-10 07:25:00+09:00,0.014632,0.014689,0.014619,0.014662,5213357.0
2025-05-10 07:30:00+09:00,0.014662,0.014683,0.014586,0.014678,4891032.0
2025-05-10 07:35:00+09:00,0.014677,0.01468,0.01457,0.014579,4735562.0
2025-05-10 07:40:00+09:00,0.014581,0.01462,0.014546,0.014606,4667621.0
2025-05-10 07:45:00+09:00,0.014605,0.014676,0.014585,0.014596,8437854.0
2025-05-10 07:50:00+09:00,0.014596,0.014619,0.014525,0.014545,4874041.0
2025-05-10 07:55:00+09:00,0.014545,0.014594,0.014506,0.014533,6754207.0
2025-05-10 08:00:00+09:00,0.014531,0.014654,0.014531,0.014624,5852312.0
2025-05-10 08:05:00+09:00,0.014624,0.014625,0.014515,0.014554,4641632.0
2025-05-10 08:10:00+09:00,0.014555,0.014656,0.014546,0.01461,3314527.0
2025-05-10 08:15:00+09:00,0.014606,0.014606,0.01452,0.014531,7273141.0
2025-05-10 08:20:00+09:00,0.01453,0.014537,0.014455,0.014484,9273364.0
2025-05-10 08:25:00+09:00,0.014488,0.014493,0.014416,0.014425,4532808.0
2025-05-10 08:30:00+09:00,0.014424,0.014481,0.014383,0.014459,7739481.0
2025-05-10 08:35:00+09:00,0.01446,0.014498,0.014426,0.014473,4116980.0
2025-05-10 08:40:00+09:00,0.014478,0.014483,0.014397,0.014411,9714591.0
2025-05-10 08:45:00+09:00,0.014413,0.014508,0.014404,0.014474,11838124.0
2025-05-10 08:50:00+09:00,0.014472,0.014472,0.014349,0.014371,11911223.0
2025-05-10 08:55:00+09:00,0.01437,0.014442,0.014361,0.014386,15637309.0
2025-05-10 09:00:00+09:00,0.014385,0.014437,0.014284,0.014348,40923258.0
2025-05-10 09:05:00+09:00,0.014345,0.014477,0.014342,0.014438,16445435.0
2025-05-10 09:10:00+09:00,0.014441,0.014479,0.014368,0.014386,17557571.0
2025-05-10 09:15:00+09:00,0.014385,0.014637,0.014381,0.014598,24539646.0
2025-05-10 09:20:00+09:00,0.014599,0.014607,0.014336,0.014355,36907284.0
2025-05-10 09:25:00+09:00,0.014355,0.014419,0.014279,0.014337,19509390.0
2025-05-10 09:30:00+09:00,0.014337,0.01436,0.014116,0.014149,35362804.0
2025-05-10 09:35:00+09:00,0.014143,0.014294,0.014139,0.014213,11434356.0
2025-05-10 09:40:00+09:00,0.014213,0.014258,0.014171,0.014182,12320582.0
2025-05-10 09:45:00+09:00,0.014184,0.014194,0.013951,0.014028,18431039.0
2025-05-10 09:50:00+09:00,0.01403,0.014117,0.014,0.014002,13616975.0
2025-05-10 09:55:00+09:00,0.014,0.014,0.013885,0.01395,29279042.0
2025-05-10 10:00:00+09:00,0.013953,0.014051,0.013934,0.013943,46342298.0
2025-05-10 10:05:00+09:00,0.013945,0.013995,0.013886,0.013936,40847881.0
2025-05-10 10:10:00+09:00,0.013936,0.01395,0.013773,0.013777,66240216.0
2025-05-10 10:15:00+09:00,0.013776,0.013942,0.013773,0.013861,38942199.0
2025-05-10 10:20:00+09:00,0.01386,0.01403,0.01385,0.01395,65846309.0
2025-05-10 10:25:00+09:00,0.013948,0.014041,0.013935,0.014018,31090978.0
2025-05-10 10:30:00+09:00,0.014019,0.014043,0.01394,0.013978,31475283.0
2025-05-10 10:35:00+09:00,0.01398,0.014017,0.013917,0.013936,8592802.0
2025-05-10 10:40:00+09:00,0.013932,0.01395,0.013814,0.013846,23085542.0
2025-05-10 10:45:00+09:00,0.013845,0.01395,0.013797,0.013812,39241314.0
2025-05-10 10:50:00+09:00,0.013812,0.013812,0.013663,0.013748,17509183.0
2025-05-10 10:55:00+09:00,0.013749,0.013895,0.013749,0.013782,19022602.0
2025-05-10 11:00:00+09:00,0.013786,0.0138,0.013702,0.013715,6947307.0
2025-05-10 11:05:00+09:00,0.013715,0.013923,0.013713,0.013921,21877695.0
2025-05-10 11:10:00+09:00,0.01392,0.013942,0.013831,0.013848,10613483.0
2025-05-10 11:15:00+09:00,0.013848,0.013882,0.013759,0.01377,7597364.0
2025-05-10 11:20:00+09:00,0.013769,0.01386,0.013749,0.013783,16309630.0
2025-05-10 11:25:00+09:00,0.013779,0.013908,0.013761,0.01387,13016702.0
2025-05-10 11:30:00+09:00,0.013868,0.013887,0.013754,0.013821,8365182.0
2025-05-10 11:35:00+09:00,0.013822,0.013849,0.013764,0.013827,14066977.0
2025-05-10 11:40:00+09:00,0.013829,0.013843,0.013751,0.013797,6627070.0
2025-05-10 11:45:00+09:00,0.013796,0.013847,0.013787,0.013801,4678231.0
2025-05-10 11:50:00+09:00,0.013801,0.013908,0.013793,0.013883,14698874.0
2025-05-10 11:55:00+09:00,0.013883,0.013896,0.013815,0.013847,5439057.0
2025-05-10 12:00:00+09:00,0.013844,0.013959,0.013588,0.013716,78882746.0
2025-05-10 12:05:00+09:00,0.013719,0.013786,0.013699,0.013733,27201601.0
2025-05-10 12:10:00+09:00,0.013731,0.01379,0.01371,0.013761,48725253.0
2025-05-10 12:15:00+09:00,0.01376,0.013865,0.01372,0.013787,23343025.0
2025-05-10 12:20:00+09:00,0.013785,0.013787,0.013695,0.013764,9983198.0
2025-05-10 12:25:00+09:00,0.013762,0.013769,0.013729,0.013755,4219100.0
2025-05-10 12:30:00+09:00,0.013755,0.013781,0.013711,0.013712,8095713.0
2025-05-10 12:35:00+09:00,0.013711,0.013826,0.013643,0.013652,82004341.0
2025-05-10 12:40:00+09:00,0.013654,0.01371,0.013612,0.013691,24930221.0
2025-05-10 12:45:00+09:00,0.01369,0.013694,0.013614,0.013646,8819832.0
2025-05-10 12:50:00+09:00,0.013647,0.013678,0.013625,0.013666,6186220.0
2025-05-10 12:55:00+09:00,0.013666,0.013692,0.013631,0.013678,8378567.0
2025-05-10 13:00:00+09:00,0.013678,0.013699,0.013586,0.013608,63785735.0
2025-05-10 13:05:00+09:00,0.013608,0.013681,0.013589,0.0136,41897726.0
2025-05-10 13:10:00+09:00,0.013599,0.013632,0.013573,0.013627,20796381.0
2025-05-10 13:15:00+09:00,0.013627,0.013627,0.013501,0.013518,25269421.0
2025-05-10 13:20:00+09:00,0.01351,0.01353,0.013424,0.013505,60340958.0
2025-05-10 13:25:00+09:00,0.013507,0.013585,0.013495,0.013558,18399144.0
2025-05-10 13:30:00+09:00,0.013557,0.01359,0.013528,0.01358,6471127.0
2025-05-10 13:35:00+09:00,0.013582,0.013603,0.013511,0.013537,5338523.0
2025-05-10 13:40:00+09:00,0.013537,0.013577,0.013507,0.013574,13522271.0
2025-05-10 13:45:00+09:00,0.013575,0.013727,0.013571,0.01369,19891609.0
2025-05-10 13:50:00+09:00,0.013697,0.013749,0.013678,0.013686,14474314.0
2025-05-10 13:55:00+09:00,0.013687,0.013728,0.013644,0.013716,10033907.0
2025-05-10 14:00:00+09:00,0.013716,0.01374,0.013666,0.013729,9689307.0
2025-05-10 14:05:00+09:00,0.013729,0.013806,0.013709,0.013801,10688727.0
2025-05-10 14:10:00+09:00,0.013801,0.013822,0.01368,0.013712,8510262.0
2025-05-10 14:15:00+09:00,0.013711,0.013766,0.013673,0.013685,7623847.0
2025-05-10 14:20:00+09:00,0.013686,0.013732,0.013654,0.013658,6554533.0
2025-05-10 14:25:00+09:00,0.013657,0.013707,0.013641,0.01368,5223485.0
2025-05-10 14:30:00+09:00,0.013679,0.013688,0.013612,0.013639,8338379.0
2025-05-10 14:35:00+09:00,0.01364,0.01372,0.013569,0.013632,22607955.0
2025-05-10 14:40:00+09:00,0.013631,0.013645,0.013612,0.013629,3994587.0
2025-05-10 14:45:00+09:00,0.01363,0.013678,0.013607,0.013677,4120224.0
2025-05-10 14:50:00+09:00,0.013675,0.0138,0.01364,0.013739,27080133.0
2025-05-10 14:55:00+09:00,0.013747,0.013908,0.013747,0.013875,26182835.0
2025-05-10 15:00:00+09:00,0.013877,0.013879,0.013733,0.013838,15962381.0
2025-05-10 15:05:00+09:00,0.013838,0.014081,0.013835,0.01402,76135698.0
2025-05-10 15:10:00+09:00,0.014019,0.014119,0.013955,0.014045,33504296.0
2025-05-10 15:15:00+09:00,0.014046,0.014051,0.013968,0.013969,14676651.0
2025-05-10 15:20:00+09:00,0.013968,0.013996,0.013869,0.013872,21470228.0
2025-05-10 15:25:00+09:00,0.013873,0.014007,0.013857,0.013939,33828732.0
2025-05-10 15:30:00+09:00,0.013941,0.013988,0.013903,0.013985,18412042.0
2025-05-10 15:35:00+09:00,0.013984,0.014038,0.013968,0.013991,15894218.0
2025-05-10 15:40:00+09:00,0.01399,0.014166,0.01398,0.014039,27443202.0
2025-05-10 15:45:00+09:00,0.014042,0.014093,0.013907,0.013907,21001230.0
2025-05-10 15:50:00+09:00,0.013911,0.013997,0.013894,0.013994,8986502.0
2025-05-10 15:55:00+09:00,0.013988,0.014025,0.013887,0.013948,18607571.0
2025-05-10 16:00:00+09:00,0.013945,0.014013,0.013909,0.013952,13425042.0
2025-05-10 16:05:00+09:00,0.013956,0.014127,0.013956,0.014113,13229778.0
2025-05-10 16:10:00+09:00,0.014111,0.014325,0.01409,0.014268,36952067.0
2025-05-10 16:15:00+09:00,0.01427,0.014311,0.014134,0.014165,20850787.0
2025-05-10 16:20:00+09:00,0.014165,0.014191,0.014061,0.014061,16632387.0
2025-05-10 16:25:00+09:00,0.014061,0.014119,0.013988,0.014103,11798206.0
2025-05-10 16:30:00+09:00,0.0141,0.014238,0.014068,0.014183,15680465.0
2025-05-10 16:35:00+09:00,0.014184,0.014222,0.014121,0.014211,13146566.0
2025-05-10 16:40:00+09:00,0.014215,0.01425,0.014145,0.014203,10399154.0
2025-05-10 16:45:00+09:00,0.014201,0.014231,0.014166,0.01417,7188886.0
2025-05-10 16:50:00+09:00,0.014168,0.014222,0.0141,0.014213,14248891.0
2025-05-10 16:55:00+09:00,0.014209,0.014386,0.014209,0.014331,15151118.0
2025-05-10 17:00:00+09:00,0.014334,0.014572,0.014285,0.014503,32088970.0
2025-05-10 17:05:00+09:00,0.014501,0.014632,0.014388,0.014391,28917277.0
2025-05-10 17:10:00+09:00,0.014391,0.014459,0.014313,0.014326,37067256.0
2025-05-10 17:15:00+09:00,0.014328,0.014426,0.014285,0.014311,17688398.0
2025-05-10 17:20:00+09:00,0.014312,0.014346,0.014222,0.014282,19262544.0
2025-05-10 17:25:00+09:00,0.014286,0.0144,0.01428,0.014371,14839760.0
2025-05-10 17:30:00+09:00,0.014372,0.014486,0.014372,0.014405,39111036.0
2025-05-10 17:35:00+09:00,0.014417,0.014432,0.01436,0.014365,10286956.0
2025-05-10 17:40:00+09:00,0.014361,0.014373,0.014256,0.01429,16333296.0
2025-05-10 17:45:00+09:00,0.014298,0.014306,0.0142,0.014206,9175184.0
2025-05-10 17:50:00+09:00,0.014207,0.014208,0.01397,0.014069,32236380.0
2025-05-10 17:55:00+09:00,0.014066,0.014166,0.014,0.014153,20059180.0
2025-05-10 18:00:00+09:00,0.014157,0.014158,0.013847,0.013931,33642690.0
2025-05-10 18:05:00+09:00,0.013933,0.014013,0.013913,0.013938,10830018.0
2025-05-10 18:10:00+09:00,0.013939,0.014001,0.013898,0.01398,8215393.0
2025-05-10 18:15:00+09:00,0.013981,0.014009,0.013959,0.014002,5067518.0
2025-05-10 18:20:00+09:00,0.014006,0.014053,0.013983,0.014016,16370534.0
2025-05-10 18:25:00+09:00,0.014014,0.014064,0.013997,0.014055,5775702.0
2025-05-10 18:30:00+09:00,0.014056,0.014066,0.013981,0.014004,9315233.0
2025-05-10 18:35:00+09:00,0.014001,0.014106,0.013975,0.014097,8542381.0
2025-05-10 18:40:00+09:00,0.014101,0.014128,0.013999,0.013999,7032151.0
2025-05-10 18:45:00+09:00,0.014,0.014088,0.013999,0.014072,6120971.0
2025-05-10 18:50:00+09:00,0.014074,0.014138,0.014067,0.014127,11681777.0
2025-05-10 18:55:00+09:00,0.014126,0.014164,0.014082,0.014106,16415500.0
2025-05-10 19:00:00+09:00,0.014104,0.014118,0.014032,0.014102,9807338.0
2025-05-10 19:05:00+09:00,0.014103,0.014142,0.014055,0.014108,4703010.0
2025-05-10 19:10:00+09:00,0.014109,0.014197,0.014087,0.014107,9966077.0
2025-05-10 19:15:00+09:00,0.014113,0.014131,0.014006,0.014049,7745113.0
2025-05-10 19:20:00+09:00,0.014054,0.014098,0.014054,0.014054,3980405.0
2025-05-10 19:25:00+09:00,0.014053,0.014108,0.013942,0.013985,20395263.0
2025-05-10 19:30:00+09:00,0.013983,0.014002,0.013933,0.013935,6015360.0
2025-05-10 19:35:00+09:00,0.013939,0.013947,0.013863,0.013874,15410306.0
2025-05-10 19:40:00+09:00,0.013872,0.013917,0.013736,0.013881,29549241.0
2025-05-10 19:45:00+09:00,0.013884,0.013924,0.013684,0.013805,29893239.0
2025-05-10 19:50:00+09:00,0.013803,0.013872,0.013686,0.013777,10963364.0
2025-05-10 19:55:00+09:00,0.01378,0.013794,0.013639,0.013677,10355247.0
2025-05-10 20:00:00+09:00,0.013677,0.013708,0.013586,0.013704,21430308.0
2025-05-10 20:05:00+09:00,0.013703,0.013805,0.013695,0.013798,12659616.0
2025-05-10 20:10:00+09:00,0.01379,0.013825,0.013764,0.013805,6809452.0
2025-05-10 20:15:00+09:00,0.01381,0.013813,0.013739,0.013779,8122872.0
2025-05-10 20:20:00+09:00,0.013775,0.0139,0.013754,0.0139,6615298.0
2025-05-10 20:25:00+09:00,0.0139,0.01394,0.013842,0.013857,8683041.0
2025-05-10 20:30:00+09:00,0.013857,0.013888,0.013808,0.013854,5409063.0
2025-05-10 20:35:00+09:00,0.013851,0.013874,0.01376,0.01377,13931731.0
2025-05-10 20:40:00+09:00,0.013766,0.013771,0.013608,0.013629,14835368.0
2025-05-10 20:45:00+09:00,0.01363,0.01373,0.013614,0.013722,19843274.0
2025-05-10 20:50:00+09:00,0.013723,0.013752,0.013682,0.013745,4023966.0
2025-05-10 20:55:00+09:00,0.013746,0.013748,0.013669,0.01367,4429061.0
2025-05-10 21:00:00+09:00,0.013674,0.0138,0.013649,0.013772,9237879.0
2025-05-10 21:05:00+09:00,0.013769,0.013815,0.013747,0.013782,13137099.0
2025-05-10 21:10:00+09:00,0.01378,0.013796,0.013732,0.013736,5462981.0
2025-05-10 21:15:00+09:00,0.013735,0.013806,0.013724,0.013806,5791146.0
2025-05-10 21:20:00+09:00,0.013808,0.013913,0.013773,0.013894,9937432.0
2025-05-10 21:25:00+09:00,0.01389,0.013967,0.013878,0.01391,7820324.0
2025-05-10 21:30:00+09:00,0.013907,0.01405,0.013907,0.014033,13839545.0
2025-05-10 21:35:00+09:00,0.014033,0.014059,0.013844,0.013873,14565806.0
2025-05-10 21:40:00+09:00,0.013872,0.01393,0.013807,0.013807,6265121.0
2025-05-10 21:45:00+09:00,0.013806,0.013855,0.013781,0.013836,4190651.0
2025-05-10 21:50:00+09:00,0.013832,0.013959,0.013832,0.01395,4917734.0
2025-05-10 21:55:00+09:00,0.013947,0.013974,0.013869,0.013918,5585308.0
2025-05-10 22:00:00+09:00,0.013916,0.013982,0.013907,0.013911,3661182.0
2025-05-10 22:05:00+09:00,0.013911,0.013922,0.013865,0.013885,4073495.0
2025-05-10 22:10:00+09:00,0.013885,0.013944,0.013871,0.01394,3557362.0
2025-05-10 22:15:00+09:00,0.013939,0.013948,0.013852,0.013864,4114809.0
2025-05-10 22:20:00+09:00,0.013864,0.013875,0.013831,0.013855,2842695.0
2025-05-10 22:25:00+09:00,0.013854,0.013939,0.013849,0.01388,3794396.0
2025-05-10 22:30:00+09:00,0.013879,0.013913,0.013848,0.013854,4757775.0
2025-05-10 22:35:00+09:00,0.013851,0.013903,0.013849,0.013885,6356114.0
2025-05-10 22:40:00+09:00,0.013881,0.013951,0.013855,0.01392,5763206.0
2025-05-10 22:45:00+09:00,0.01392,0.013993,0.01392,0.013943,6119782.0
2025-05-10 22:50:00+09:00,0.013945,0.013978,0.01392,0.01397,9195857.0
2025-05-10 22:55:00+09:00,0.01397,0.013994,0.013937,0.013981,10316559.0
2025-05-10 23:00:00+09:00,0.013979,0.014,0.013877,0.013894,8357527.0
2025-05-10 23:05:00+09:00,0.013893,0.013895,0.013832,0.013847,8038042.0
2025-05-10 23:10:00+09:00,0.013849,0.013939,0.013849,0.013907,3703523.0
2025-05-10 23:15:00+09:00,0.013906,0.013916,0.013848,0.013863,9756122.0
2025-05-10 23:20:00+09:00,0.013867,0.013975,0.013867,0.013915,6851961.0
2025-05-10 23:25:00+09:00,0.013918,0.013931,0.01388,0.013916,3859753.0
2025-05-10 23:30:00+09:00,0.013916,0.013934,0.013859,0.013895,3699550.0
2025-05-10 23:35:00+09:00,0.013896,0.013921,0.013875,0.013901,3792327.0
2025-05-10 23:40:00+09:00,0.013897,0.013911,0.013866,0.013904,4352209.0
2025-05-10 23:45:00+09:00,0.013904,0.013975,0.013893,0.013915,5542069.0
2025-05-10 23:50:00+09:00,0.013918,0.013932,0.013876,0.013905,4967530.0
2025-05-10 23:55:00+09:00,0.013906,0.013934,0.013882,0.013883,4272395.0
2025-05-11 00:00:00+09:00,0.013883,0.013895,0.013793,0.013796,13444807.0
2025-05-11 00:05:00+09:00,0.013794,0.013794,0.013673,0.013734,24590819.0
2025-05-11 00:10:00+09:00,0.013732,0.013784,0.013708,0.01371,6265869.0
2025-05-11 00:15:00+09:00,0.01371,0.013728,0.013645,0.013709,6910897.0
2025-05-11 00:20:00+09:00,0.013707,0.013744,0.013687,0.01369,8828016.0
2025-05-11 00:25:00+09:00,0.013685,0.013735,0.013663,0.013715,4153294.0
2025-05-11 00:30:00+09:00,0.013715,0.013728,0.013667,0.013693,6953004.0
2025-05-11 00:35:00+09:00,0.013692,0.013733,0.013618,0.013732,11715457.0
2025-05-11 00:40:00+09:00,0.013734,0.013796,0.013723,0.01379,5177813.0
2025-05-11 00:45:00+09:00,0.013785,0.013796,0.013682,0.013707,7094573.0
2025-05-11 00:50:00+09:00,0.013707,0.013707,0.013662,0.013684,8996319.0
2025-05-11 00:55:00+09:00,0.013684,0.013716,0.013619,0.01363,8347139.0
2025-05-11 01:00:00+09:00,0.01363,0.013747,0.01363,0.013697,7402924.0
2025-05-11 01:05:00+09:00,0.013695,0.013701,0.013639,0.01367,4964895.0
2025-05-11 01:10:00+09:00,0.013669,0.013686,0.013627,0.013667,5649871.0
2025-05-11 01:15:00+09:00,0.013666,0.013782,0.013639,0.01374,14827482.0
2025-05-11 01:20:00+09:00,0.013745,0.01378,0.013719,0.013722,4672588.0
2025-05-11 01:25:00+09:00,0.013721,0.013741,0.013703,0.013707,2248466.0
2025-05-11 01:30:00+09:00,0.013707,0.013813,0.0137,0.013807,4806180.0
2025-05-11 01:35:00+09:00,0.013808,0.013845,0.013775,0.013831,8722874.0
2025-05-11 01:40:00+09:00,0.013831,0.013832,0.013755,0.013766,5942477.0
2025-05-11 01:45:00+09:00,0.013768,0.013797,0.013725,0.013749,5591501.0
2025-05-11 01:50:00+09:00,0.01375,0.013829,0.013723,0.013824,7461083.0
2025-05-11 01:55:00+09:00,0.013825,0.013884,0.013812,0.013873,7690055.0
2025-05-11 02:00:00+09:00,0.013872,0.0139,0.013781,0.013892,12158147.0
2025-05-11 02:05:00+09:00,0.013898,0.013974,0.013886,0.013896,9049461.0
2025-05-11 02:10:00+09:00,0.013897,0.013964,0.013896,0.013938,6273362.0
2025-05-11 02:15:00+09:00,0.013941,0.014068,0.013935,0.014033,15729791.0
2025-05-11 02:20:00+09:00,0.014033,0.01411,0.01399,0.014045,11835733.0
2025-05-11 02:25:00+09:00,0.014046,0.014061,0.013984,0.013987,6746162.0
2025-05-11 02:30:00+09:00,0.013986,0.014108,0.013972,0.014077,12074943.0
2025-05-11 02:35:00+09:00,0.014082,0.014221,0.014011,0.014216,28046874.0
2025-05-11 02:40:00+09:00,0.014215,0.014218,0.014071,0.014127,18287767.0
2025-05-11 02:45:00+09:00,0.014124,0.014258,0.013929,0.01399,44157929.0
2025-05-11 02:50:00+09:00,0.013992,0.01409,0.013972,0.014071,6223965.0
2025-05-11 02:55:00+09:00,0.014072,0.014079,0.013933,0.013935,11995291.0
2025-05-11 03:00:00+09:00,0.013933,0.01405,0.013892,0.014037,6964832.0
2025-05-11 03:05:00+09:00,0.014039,0.014065,0.013991,0.014007,6079341.0
2025-05-11 03:10:00+09:00,0.014009,0.014034,0.013953,0.013984,6808456.0
2025-05-11 03:15:00+09:00,0.013985,0.014023,0.013963,0.013996,6069899.0
2025-05-11 03:20:00+09:00,0.013995,0.014053,0.013982,0.013988,6572845.0
2025-05-11 03:25:00+09:00,0.013987,0.013996,0.013918,0.013993,3913461.0
2025-05-11 03:30:00+09:00,0.013992,0.014033,0.013943,0.013949,3764997.0
2025-05-11 03:35:00+09:00,0.013949,0.013965,0.013848,0.013887,10003679.0
2025-05-11 03:40:00+09:00,0.013894,0.013928,0.013838,0.013904,3263722.0
2025-05-11 03:45:00+09:00,0.013903,0.013946,0.013884,0.013928,3343225.0
2025-05-11 03:50:00+09:00,0.013928,0.01397,0.013909,0.013921,4565206.0
2025-05-11 03:55:00+09:00,0.013924,0.013924,0.013854,0.01391,7175232.0
2025-05-11 04:00:00+09:00,0.013912,0.013921,0.013858,0.01387,2997817.0
2025-05-11 04:05:00+09:00,0.013873,0.013951,0.013853,0.013865,3869544.0
2025-05-11 04:10:00+09:00,0.013873,0.013914,0.013774,0.013786,10880045.0
2025-05-11 04:15:00+09:00,0.013792,0.013871,0.013774,0.013855,7045620.0
2025-05-11 04:20:00+09:00,0.013853,0.01391,0.013825,0.013837,3382783.0
2025-05-11 04:25:00+09:00,0.013837,0.01387,0.013794,0.013824,6232337.0
2025-05-11 04:30:00+09:00,0.013824,0.01393,0.013804,0.013869,15572358.0
2025-05-11 04:35:00+09:00,0.01387,0.013965,0.01382,0.013956,15098488.0
2025-05-11 04:40:00+09:00,0.013959,0.013967,0.01386,0.013877,4898329.0
2025-05-11 04:45:00+09:00,0.013874,0.013941,0.013864,0.013931,4890980.0
2025-05-11 04:50:00+09:00,0.01393,0.013981,0.013907,0.013953,5873166.0
2025-05-11 04:55:00+09:00,0.013955,0.013961,0.013887,0.013936,4166623.0
2025-05-11 05:00:00+09:00,0.013937,0.013979,0.013858,0.01387,9364224.0
2025-05-11 05:05:00+09:00,0.01387,0.0139,0.013768,0.013897,16019405.0
2025-05-11 05:10:00+09:00,0.013901,0.013979,0.013885,0.013959,5930960.0
2025-05-11 05:15:00+09:00,0.013959,0.014015,0.013917,0.013928,34628589.0
2025-05-11 05:20:00+09:00,0.013929,0.013939,0.013861,0.013875,6207570.0
2025-05-11 05:25:00+09:00,0.013877,0.01391,0.013837,0.013837,18098978.0
2025-05-11 05:30:00+09:00,0.013837,0.013858,0.013793,0.013793,7783809.0
2025-05-11 05:35:00+09:00,0.013793,0.013885,0.013789,0.013856,8684907.0
2025-05-11 05:40:00+09:00,0.013857,0.013875,0.013824,0.013827,9908362.0
2025-05-11 05:45:00+09:00,0.01383,0.01385,0.013782,0.013788,9373893.0
2025-05-11 05:50:00+09:00,0.013792,0.01382,0.013751,0.0138,8069091.0
2025-05-11 05:55:00+09:00,0.013799,0.013873,0.013747,0.013755,28445998.0
2025-05-11 06:00:00+09:00,0.013755,0.013871,0.013721,0.013818,8977319.0
2025-05-11 06:05:00+09:00,0.013813,0.013901,0.013779,0.013868,12952583.0
2025-05-11 06:10:00+09:00,0.01387,0.013921,0.013827,0.013905,4532096.0
2025-05-11 06:15:00+09:00,0.013907,0.013959,0.013874,0.013951,5586137.0
2025-05-11 06:20:00+09:00,0.013952,0.01397,0.013908,0.013941,4500352.0
2025-05-11 06:25:00+09:00,0.013942,0.013973,0.013917,0.013944,3791183.0
2025-05-11 06:30:00+09:00,0.013944,0.014025,0.013944,0.014018,10674446.0
2025-05-11 06:35:00+09:00,0.014019,0.014076,0.014008,0.014039,10474941.0
2025-05-11 06:40:00+09:00,0.014039,0.014086,0.014024,0.014029,6310287.0
2025-05-11 06:45:00+09:00,0.014031,0.014088,0.014023,0.014076,3296758.0
2025-05-11 06:50:00+09:00,0.014073,0.014093,0.01395,0.014023,6518185.0
2025-05-11 06:55:00+09:00,0.01403,0.014099,0.013949,0.014031,23915444.0
2025-05-11 07:00:00+09:00,0.014023,0.014036,0.013951,0.013968,7830364.0
2025-05-11 07:05:00+09:00,0.013975,0.013988,0.0139,0.013903,12468334.0
2025-05-11 07:10:00+09:00,0.013902,0.013967,0.0139,0.013958,18237558.0
2025-05-11 07:15:00+09:00,0.013958,0.013986,0.01391,0.013974,6563340.0
2025-05-11 07:20:00+09:00,0.013975,0.014036,0.013944,0.013959,4387964.0
2025-05-11 07:25:00+09:00,0.01396,0.01402,0.013934,0.01401,3219329.0
2025-05-11 07:30:00+09:00,0.014011,0.014072,0.013991,0.014043,5412912.0
2025-05-11 07:35:00+09:00,0.014046,0.014159,0.014002,0.014145,16956442.0
2025-05-11 07:40:00+09:00,0.014143,0.014291,0.014084,0.014201,24279849.0
2025-05-11 07:45:00+09:00,0.014203,0.014242,0.014101,0.014186,16147471.0
2025-05-11 07:50:00+09:00,0.014185,0.014229,0.014171,0.014208,5385415.0
2025-05-11 07:55:00+09:00,0.014209,0.01422,0.01415,0.014186,9472544.0
2025-05-11 08:00:00+09:00,0.014185,0.014206,0.014079,0.014101,9271951.0
2025-05-11 08:05:00+09:00,0.014102,0.01425,0.014094,0.014244,17152093.0
2025-05-11 08:10:00+09:00,0.014247,0.014514,0.014237,0.014503,39575448.0
2025-05-11 08:15:00+09:00,0.014506,0.01475,0.014505,0.014659,123825811.0
2025-05-11 08:20:00+09:00,0.014657,0.014668,0.014411,0.01456,26574784.0
2025-05-11 08:25:00+09:00,0.01456,0.014628,0.01447,0.014536,20587824.0
2025-05-11 08:30:00+09:00,0.01454,0.014732,0.014532,0.014699,27454557.0
2025-05-11 08:35:00+09:00,0.014702,0.014972,0.014678,0.014942,37589412.0
2025-05-11 08:40:00+09:00,0.014946,0.015147,0.014833,0.015116,43658873.0
2025-05-11 08:45:00+09:00,0.015119,0.015177,0.014989,0.015161,32677249.0
2025-05-11 08:50:00+09:00,0.015167,0.015212,0.015022,0.015145,31325729.0
2025-05-11 08:55:00+09:00,0.015134,0.015191,0.015102,0.01511,20801501.0
2025-05-11 09:00:00+09:00,0.015108,0.01537,0.01485,0.015224,67745698.0
2025-05-11 09:05:00+09:00,0.015221,0.015325,0.014907,0.014982,39463331.0
2025-05-11 09:10:00+09:00,0.014982,0.015034,0.014864,0.01491,26117722.0
2025-05-11 09:15:00+09:00,0.014904,0.014909,0.014539,0.014637,43024075.0
2025-05-11 09:20:00+09:00,0.014649,0.014652,0.014505,0.014568,44646217.0
2025-05-11 09:25:00+09:00,0.014573,0.014582,0.014279,0.014326,31801562.0
2025-05-11 09:30:00+09:00,0.014322,0.014607,0.014322,0.014511,38984129.0
2025-05-11 09:35:00+09:00,0.014507,0.014644,0.014427,0.014447,22692763.0
2025-05-11 09:40:00+09:00,0.014449,0.014593,0.014425,0.014515,11717447.0
2025-05-11 09:45:00+09:00,0.014517,0.014657,0.014488,0.014594,12233567.0
2025-05-11 09:50:00+09:00,0.014595,0.014673,0.014541,0.014583,11196352.0
2025-05-11 09:55:00+09:00,0.014576,0.014739,0.014575,0.014611,11767935.0
2025-05-11 10:00:00+09:00,0.01461,0.014654,0.014493,0.01463,6888180.0
2025-05-11 10:05:00+09:00,0.01464,0.014748,0.0146,0.014702,16727912.0
2025-05-11 10:10:00+09:00,0.0147,0.014783,0.014633,0.014738,7812291.0
2025-05-11 10:15:00+09:00,0.01474,0.014741,0.014608,0.01461,10222388.0
2025-05-11 10:20:00+09:00,0.014615,0.014683,0.014506,0.014536,10089892.0
2025-05-11 10:25:00+09:00,0.014534,0.014611,0.014522,0.014609,6505128.0
2025-05-11 10:30:00+09:00,0.014607,0.014751,0.014538,0.014729,14452060.0
2025-05-11 10:35:00+09:00,0.014729,0.014759,0.014603,0.014662,7985447.0
2025-05-11 10:40:00+09:00,0.014664,0.014681,0.014528,0.014589,3570880.0
2025-05-11 10:45:00+09:00,0.014577,0.014591,0.0144,0.014429,11796082.0
2025-05-11 10:50:00+09:00,0.014428,0.014448,0.014274,0.014379,19883048.0
2025-05-11 10:55:00+09:00,0.01438,0.014521,0.014361,0.014495,12316560.0
2025-05-11 11:00:00+09:00,0.014492,0.014569,0.014457,0.014553,7492092.0
2025-05-11 11:05:00+09:00,0.014555,0.01461,0.014494,0.014539,10009568.0
2025-05-11 11:10:00+09:00,0.014535,0.014578,0.014484,0.014518,6681161.0
2025-05-11 11:15:00+09:00,0.014513,0.014545,0.014441,0.014475,7724348.0
2025-05-11 11:20:00+09:00,0.014478,0.01453,0.014445,0.014519,7376961.0
2025-05-11 11:25:00+09:00,0.014516,0.014544,0.014432,0.014435,7558810.0
2025-05-11 11:30:00+09:00,0.014433,0.014484,0.014382,0.014484,12724742.0
2025-05-11 11:35:00+09:00,0.014488,0.014498,0.014398,0.014425,5419362.0
2025-05-11 11:40:00+09:00,0.014425,0.014504,0.014401,0.014417,7199171.0
2025-05-11 11:45:00+09:00,0.014415,0.014418,0.01431,0.014337,9510005.0
2025-05-11 11:50:00+09:00,0.014332,0.014333,0.014058,0.014087,20516488.0
2025-05-11 11:55:00+09:00,0.014084,0.014206,0.01408,0.014175,8909127.0
2025-05-11 12:00:00+09:00,0.014165,0.014205,0.014074,0.014074,11579877.0
2025-05-11 12:05:00+09:00,0.014076,0.014271,0.014058,0.014257,8048630.0
2025-05-11 12:10:00+09:00,0.014258,0.014295,0.014226,0.014252,7210685.0
2025-05-11 12:15:00+09:00,0.014254,0.014312,0.014183,0.014308,7039730.0
2025-05-11 12:20:00+09:00,0.014302,0.014348,0.014272,0.014307,5967063.0
2025-05-11 12:25:00+09:00,0.014314,0.014325,0.014263,0.014277,3986053.0
2025-05-11 12:30:00+09:00,0.014275,0.014301,0.014239,0.014291,3617032.0
2025-05-11 12:35:00+09:00,0.014287,0.014287,0.014109,0.014207,18135161.0
2025-05-11 12:40:00+09:00,0.014208,0.014358,0.014194,0.014344,14227668.0
2025-05-11 12:45:00+09:00,0.014343,0.014428,0.014272,0.014301,14830350.0
2025-05-11 12:50:00+09:00,0.014297,0.014343,0.014157,0.014212,29169834.0
2025-05-11 12:55:00+09:00,0.014213,0.014215,0.014155,0.014167,6883473.0
2025-05-11 13:00:00+09:00,0.014167,0.014236,0.014133,0.014235,6024141.0
2025-05-11 13:05:00+09:00,0.014227,0.014264,0.014165,0.014252,6317099.0
2025-05-11 13:10:00+09:00,0.014257,0.014334,0.014178,0.014199,15097080.0
2025-05-11 13:15:00+09:00,0.014203,0.014233,0.014121,0.014149,10209899.0
2025-05-11 13:20:00+09:00,0.014148,0.01415,0.01397,0.014022,27515468.0
2025-05-11 13:25:00+09:00,0.014029,0.014087,0.014029,0.014045,8817080.0
2025-05-11 13:30:00+09:00,0.014044,0.014063,0.01398,0.014038,8172968.0
2025-05-11 13:35:00+09:00,0.014037,0.014086,0.014011,0.014036,4123985.0
2025-05-11 13:40:00+09:00,0.014033,0.014089,0.013998,0.014079,5989838.0
2025-05-11 13:45:00+09:00,0.014083,0.014141,0.01406,0.014141,2267749.0
2025-05-11 13:50:00+09:00,0.014142,0.014143,0.014086,0.014118,3520648.0
2025-05-11 13:55:00+09:00,0.014112,0.014183,0.014105,0.014175,3478886.0
2025-05-11 14:00:00+09:00,0.014173,0.014226,0.014143,0.014224,5098524.0
2025-05-11 14:05:00+09:00,0.014221,0.014225,0.014149,0.014187,5769883.0
2025-05-11 14:10:00+09:00,0.014187,0.014215,0.014172,0.014172,3438808.0
2025-05-11 14:15:00+09:00,0.014168,0.014237,0.014151,0.014173,2497566.0
2025-05-11 14:20:00+09:00,0.014165,0.014202,0.014128,0.014163,4940373.0
2025-05-11 14:25:00+09:00,0.014166,0.014212,0.014119,0.014127,3446113.0
2025-05-11 14:30:00+09:00,0.014126,0.014221,0.014082,0.014209,7180514.0
2025-05-11 14:35:00+09:00,0.014207,0.014237,0.014159,0.014176,4214969.0
2025-05-11 14:40:00+09:00,0.01418,0.014181,0.014129,0.014139,5163577.0
2025-05-11 14:45:00+09:00,0.014144,0.014164,0.014076,0.014119,5658301.0
2025-05-11 14:50:00+09:00,0.01412,0.014158,0.014043,0.014078,4608408.0
2025-05-11 14:55:00+09:00,0.014084,0.014094,0.014036,0.014046,2744335.0
2025-05-11 15:00:00+09:00,0.014043,0.014048,0.013941,0.013997,10441275.0
2025-05-11 15:05:00+09:00,0.013999,0.014015,0.013887,0.014014,16851688.0
2025-05-11 15:10:00+09:00,0.014014,0.014061,0.01401,0.014052,6822242.0
2025-05-11 15:15:00+09:00,0.014052,0.014133,0.014052,0.014125,3300880.0
2025-05-11 15:20:00+09:00,0.014128,0.014148,0.014081,0.014143,2685910.0
2025-05-11 15:25:00+09:00,0.014148,0.014169,0.014129,0.014154,3629372.0
2025-05-11 15:30:00+09:00,0.01415,0.014159,0.014092,0.014137,2815160.0
2025-05-11 15:35:00+09:00,0.014134,0.014134,0.01401,0.014059,7379079.0
2025-05-11 15:40:00+09:00,0.014053,0.014053,0.0139,0.013947,9570158.0
2025-05-11 15:45:00+09:00,0.013942,0.013972,0.013849,0.013913,13566702.0
2025-05-11 15:50:00+09:00,0.013905,0.013973,0.0139,0.013952,5115471.0
2025-05-11 15:55:00+09:00,0.013958,0.014061,0.013953,0.014024,12641622.0
2025-05-11 16:00:00+09:00,0.014025,0.014028,0.013854,0.013858,21561267.0
2025-05-11 16:05:00+09:00,0.013864,0.013879,0.013704,0.013721,49144719.0
2025-05-11 16:10:00+09:00,0.013722,0.013828,0.01371,0.013806,17751217.0
2025-05-11 16:15:00+09:00,0.013814,0.013815,0.013694,0.013732,11574741.0
2025-05-11 16:20:00+09:00,0.013733,0.013843,0.013721,0.013824,5871109.0
2025-05-11 16:25:00+09:00,0.013828,0.013831,0.013744,0.013759,3950820.0
2025-05-11 16:30:00+09:00,0.013765,0.013795,0.013715,0.013743,9609206.0
2025-05-11 16:35:00+09:00,0.013748,0.013795,0.0136,0.01366,23888082.0
2025-05-11 16:40:00+09:00,0.01366,0.013666,0.013508,0.013537,24878137.0
2025-05-11 16:45:00+09:00,0.01354,0.013698,0.013535,0.013698,6752247.0
2025-05-11 16:50:00+09:00,0.0137,0.013705,0.013603,0.013647,12152745.0
2025-05-11 16:55:00+09:00,0.013662,0.01371,0.013636,0.013638,4136146.0
2025-05-11 17:00:00+09:00,0.013636,0.013733,0.013635,0.013666,6864542.0
2025-05-11 17:05:00+09:00,0.013667,0.013713,0.013618,0.013691,12197435.0
2025-05-11 17:10:00+09:00,0.013692,0.013696,0.013648,0.013677,10645647.0
2025-05-11 17:15:00+09:00,0.013677,0.013731,0.01365,0.013704,10199638.0
2025-05-11 17:20:00+09:00,0.013706,0.013795,0.013706,0.013738,7869850.0
2025-05-11 17:25:00+09:00,0.01374,0.013747,0.013694,0.013707,4116472.0
2025-05-11 17:30:00+09:00,0.013705,0.013708,0.013559,0.013593,12147536.0
2025-05-11 17:35:00+09:00,0.013599,0.013707,0.013591,0.013674,16052454.0
2025-05-11 17:40:00+09:00,0.013672,0.013751,0.013668,0.013704,4786834.0
2025-05-11 17:45:00+09:00,0.013704,0.01373,0.013625,0.013631,13071364.0
2025-05-11 17:50:00+09:00,0.013638,0.013666,0.01361,0.013656,6807655.0
2025-05-11 17:55:00+09:00,0.013656,0.01366,0.013612,0.013628,5021873.0
2025-05-11 18:00:00+09:00,0.013627,0.013712,0.013627,0.013709,14132612.0
2025-05-11 18:05:00+09:00,0.0137,0.013774,0.013691,0.013768,7227906.0
2025-05-11 18:10:00+09:00,0.013771,0.013845,0.013721,0.013821,27995337.0
2025-05-11 18:15:00+09:00,0.013823,0.013858,0.013728,0.013753,27876234.0
2025-05-11 18:20:00+09:00,0.013752,0.013799,0.013742,0.013747,9401040.0
2025-05-11 18:25:00+09:00,0.013744,0.013792,0.013714,0.013767,9874324.0
2025-05-11 18:30:00+09:00,0.013766,0.013789,0.013699,0.013736,13809611.0
2025-05-11 18:35:00+09:00,0.013728,0.013763,0.013682,0.013737,14334421.0
2025-05-11 18:40:00+09:00,0.013736,0.013775,0.013717,0.013773,13065790.0
2025-05-11 18:45:00+09:00,0.013773,0.013895,0.013772,0.013853,20161733.0
2025-05-11 18:50:00+09:00,0.013851,0.013864,0.01381,0.013837,7304219.0
2025-05-11 18:55:00+09:00,0.013835,0.013836,0.013781,0.013797,8023797.0
2025-05-11 19:00:00+09:00,0.013793,0.013793,0.013738,0.013753,4452817.0
2025-05-11 19:05:00+09:00,0.013756,0.013777,0.013719,0.013751,5627727.0
2025-05-11 19:10:00+09:00,0.013751,0.013764,0.013709,0.01373,3823937.0
2025-05-11 19:15:00+09:00,0.01373,0.013732,0.013666,0.013689,9555532.0
2025-05-11 19:20:00+09:00,0.013688,0.013774,0.013678,0.013762,4635597.0
2025-05-11 19:25:00+09:00,0.013767,0.013801,0.013742,0.013794,3905745.0
2025-05-11 19:30:00+09:00,0.013789,0.01385,0.013752,0.01385,1616081.0
2025-05-11 19:35:00+09:00,0.013852,0.013911,0.013819,0.013869,11750109.0
2025-05-11 19:40:00+09:00,0.013868,0.013887,0.013776,0.013794,8231730.0
2025-05-11 19:45:00+09:00,0.01379,0.013856,0.01378,0.013838,1963748.0
2025-05-11 19:50:00+09:00,0.013841,0.013874,0.01384,0.013871,2494342.0
2025-05-11 19:55:00+09:00,0.013868,0.01398,0.013868,0.013913,22201906.0
2025-05-11 20:00:00+09:00,0.013909,0.014004,0.013858,0.013983,11332317.0
2025-05-11 20:05:00+09:00,0.01398,0.013998,0.013915,0.013948,3891206.0
2025-05-11 20:10:00+09:00,0.013949,0.013966,0.013914,0.01395,4854697.0
2025-05-11 20:15:00+09:00,0.01395,0.014092,0.01395,0.014082,17965315.0
2025-05-11 20:20:00+09:00,0.014081,0.014108,0.013974,0.013995,14751289.0
2025-05-11 20:25:00+09:00,0.013997,0.014002,0.013928,0.013988,5388078.0
2025-05-11 20:30:00+09:00,0.013991,0.014035,0.01397,0.013994,4532214.0
2025-05-11 20:35:00+09:00,0.013997,0.01405,0.013974,0.013986,4179506.0
2025-05-11 20:40:00+09:00,0.013986,0.014028,0.013971,0.014005,3833487.0
2025-05-11 20:45:00+09:00,0.014002,0.014021,0.013974,0.014013,7060357.0
2025-05-11 20:50:00+09:00,0.014012,0.014043,0.013984,0.013984,9925630.0
2025-05-11 20:55:00+09:00,0.013991,0.014098,0.013975,0.014074,8558637.0
2025-05-11 21:00:00+09:00,0.014075,0.014143,0.01406,0.014074,12177210.0
2025-05-11 21:05:00+09:00,0.014075,0.01417,0.014059,0.014126,12541538.0
2025-05-11 21:10:00+09:00,0.01412,0.014169,0.014034,0.014037,7422312.0
2025-05-11 21:15:00+09:00,0.014038,0.01406,0.013992,0.013995,8400645.0
2025-05-11 21:20:00+09:00,0.013999,0.013999,0.013925,0.013962,9006904.0
2025-05-11 21:25:00+09:00,0.013961,0.014052,0.013942,0.014017,9906014.0
2025-05-11 21:30:00+09:00,0.01402,0.014099,0.013986,0.014088,6323216.0
2025-05-11 21:35:00+09:00,0.01409,0.014169,0.014068,0.014153,29958934.0
2025-05-11 21:40:00+09:00,0.014153,0.014178,0.014086,0.014134,17121872.0
2025-05-11 21:45:00+09:00,0.014131,0.014278,0.01413,0.01423,10002017.0
2025-05-11 21:50:00+09:00,0.014225,0.014277,0.014153,0.014261,9720564.0
2025-05-11 21:55:00+09:00,0.014261,0.014455,0.014184,0.014433,29462814.0
2025-05-11 22:00:00+09:00,0.014434,0.014525,0.014377,0.014472,17884928.0
2025-05-11 22:05:00+09:00,0.014471,0.014711,0.014443,0.014615,44080991.0
2025-05-11 22:10:00+09:00,0.014612,0.014633,0.014532,0.014606,12770042.0
2025-05-11 22:15:00+09:00,0.014604,0.014746,0.01445,0.014455,66040697.0
2025-05-11 22:20:00+09:00,0.014458,0.014491,0.014386,0.014392,17005513.0
2025-05-11 22:25:00+09:00,0.014396,0.014396,0.0142,0.014285,25318152.0
2025-05-11 22:30:00+09:00,0.014293,0.014338,0.014106,0.014216,48388842.0
2025-05-11 22:35:00+09:00,0.014215,0.014286,0.014169,0.014248,10126592.0
2025-05-11 22:40:00+09:00,0.014254,0.01426,0.014057,0.014099,9460481.0
2025-05-11 22:45:00+09:00,0.01409,0.014128,0.01389,0.013968,42328631.0
2025-05-11 22:50:00+09:00,0.013967,0.014051,0.013929,0.013951,13858268.0
2025-05-11 22:55:00+09:00,0.013947,0.013947,0.013814,0.013821,19488104.0
2025-05-11 23:00:00+09:00,0.013822,0.013966,0.013808,0.013966,17045539.0
2025-05-11 23:05:00+09:00,0.013963,0.013975,0.013898,0.013916,4066984.0
2025-05-11 23:10:00+09:00,0.013916,0.013953,0.013875,0.013941,9602511.0
2025-05-11 23:15:00+09:00,0.013941,0.013941,0.013811,0.013911,8829776.0
2025-05-11 23:20:00+09:00,0.013912,0.013955,0.013862,0.01395,10656079.0
2025-05-11 23:25:00+09:00,0.01395,0.013953,0.013853,0.013882,7989250.0
2025-05-11 23:30:00+09:00,0.013884,0.013967,0.013855,0.013943,7126297.0
2025-05-11 23:35:00+09:00,0.01394,0.01402,0.013908,0.014002,7820027.0
2025-05-11 23:40:00+09:00,0.013997,0.014012,0.013893,0.013953,9187511.0
2025-05-11 23:45:00+09:00,0.013954,0.013998,0.013895,0.013909,12316997.0
2025-05-11 23:50:00+09:00,0.01391,0.014008,0.013851,0.01388,32718092.0
2025-05-11 23:55:00+09:00,0.013878,0.013962,0.01385,0.013862,16602151.0
2025-05-12 00:00:00+09:00,0.013865,0.013965,0.013837,0.013965,6449648.0
2025-05-12 00:05:00+09:00,0.01397,0.014049,0.013966,0.013968,14318615.0
2025-05-12 00:10:00+09:00,0.013973,0.014076,0.013919,0.014055,11295829.0
2025-05-12 00:15:00+09:00,0.014057,0.014099,0.013996,0.01407,11093167.0
2025-05-12 00:20:00+09:00,0.014071,0.014092,0.013954,0.013964,12105885.0
2025-05-12 00:25:00+09:00,0.013977,0.014018,0.013879,0.013895,9063180.0
2025-05-12 00:30:00+09:00,0.013906,0.013946,0.013876,0.013911,6344450.0
2025-05-12 00:35:00+09:00,0.013912,0.013949,0.013816,0.013856,4163162.0
2025-05-12 00:40:00+09:00,0.01385,0.013857,0.01376,0.013774,33010634.0
2025-05-12 00:45:00+09:00,0.013773,0.013815,0.013579,0.013653,45409625.0
2025-05-12 00:50:00+09:00,0.013652,0.013696,0.013542,0.013573,15331514.0
2025-05-12 00:55:00+09:00,0.013576,0.013691,0.013504,0.013634,23750110.0
2025-05-12 01:00:00+09:00,0.013643,0.01371,0.013581,0.013582,6303928.0
2025-05-12 01:05:00+09:00,0.013589,0.013594,0.013397,0.013529,39225763.0
2025-05-12 01:10:00+09:00,0.01353,0.013598,0.013499,0.013596,6838234.0
2025-05-12 01:15:00+09:00,0.013594,0.013594,0.013363,0.0135,30730035.0
2025-05-12 01:20:00+09:00,0.013502,0.013589,0.013474,0.013589,7296619.0
2025-05-12 01:25:00+09:00,0.013591,0.013657,0.013559,0.01365,5331812.0
2025-05-12 01:30:00+09:00,0.01365,0.013702,0.013571,0.013573,17037870.0
2025-05-12 01:35:00+09:00,0.013572,0.0136,0.013539,0.013594,5132810.0
2025-05-12 01:40:00+09:00,0.013596,0.013617,0.013562,0.013589,6057239.0
2025-05-12 01:45:00+09:00,0.013583,0.013583,0.013523,0.013541,5250960.0
2025-05-12 01:50:00+09:00,0.013544,0.013565,0.01348,0.013527,6189164.0
2025-05-12 01:55:00+09:00,0.01353,0.013667,0.01353,0.013656,4190385.0
2025-05-12 02:00:00+09:00,0.013654,0.013704,0.013608,0.013673,10919332.0
2025-05-12 02:05:00+09:00,0.013672,0.013743,0.0136,0.013625,18945177.0
2025-05-12 02:10:00+09:00,0.013624,0.013643,0.013506,0.013633,38090174.0
2025-05-12 02:15:00+09:00,0.013634,0.013713,0.013575,0.013691,5348417.0
2025-05-12 02:20:00+09:00,0.013692,0.013739,0.01365,0.013652,4868847.0
2025-05-12 02:25:00+09:00,0.013651,0.013702,0.013617,0.013665,3963856.0
2025-05-12 02:30:00+09:00,0.013662,0.013771,0.01363,0.013771,6390540.0
2025-05-12 02:35:00+09:00,0.013771,0.013819,0.013724,0.013726,5519965.0
2025-05-12 02:40:00+09:00,0.013734,0.013763,0.01372,0.01373,3256332.0
2025-05-12 02:45:00+09:00,0.013732,0.013811,0.013696,0.013804,5825617.0
2025-05-12 02:50:00+09:00,0.013804,0.013905,0.013804,0.013905,10354818.0
2025-05-12 02:55:00+09:00,0.013899,0.013936,0.013876,0.013905,7588374.0
2025-05-12 03:00:00+09:00,0.013905,0.013958,0.013855,0.013896,8650985.0
2025-05-12 03:05:00+09:00,0.013895,0.013939,0.013875,0.013882,4299737.0
2025-05-12 03:10:00+09:00,0.013884,0.013929,0.013868,0.013886,2827438.0
2025-05-12 03:15:00+09:00,0.013884,0.013907,0.013802,0.013821,24687052.0
2025-05-12 03:20:00+09:00,0.013817,0.013903,0.013809,0.013868,13064039.0
2025-05-12 03:25:00+09:00,0.013864,0.013869,0.01372,0.013737,6740026.0
2025-05-12 03:30:00+09:00,0.013736,0.013736,0.013616,0.013638,5387287.0
2025-05-12 03:35:00+09:00,0.013639,0.01382,0.013617,0.013808,3897945.0
2025-05-12 03:40:00+09:00,0.013801,0.013921,0.013789,0.013837,6473441.0
2025-05-12 03:45:00+09:00,0.013837,0.013944,0.013827,0.013887,10047261.0
2025-05-12 03:50:00+09:00,0.013887,0.013977,0.013883,0.013944,12262618.0
2025-05-12 03:55:00+09:00,0.013944,0.013973,0.013797,0.013803,3369720.0
2025-05-12 04:00:00+09:00,0.013802,0.013841,0.013756,0.013814,5242023.0
2025-05-12 04:05:00+09:00,0.013811,0.013843,0.013753,0.013794,2562825.0
2025-05-12 04:10:00+09:00,0.013791,0.013854,0.013781,0.013853,1556395.0
2025-05-12 04:15:00+09:00,0.013854,0.013885,0.013814,0.013835,9812498.0
2025-05-12 04:20:00+09:00,0.013832,0.013863,0.01376,0.013767,3019288.0
2025-05-12 04:25:00+09:00,0.013766,0.013892,0.013762,0.013881,8399458.0
2025-05-12 04:30:00+09:00,0.013883,0.013945,0.01388,0.013919,2984485.0
2025-05-12 04:35:00+09:00,0.013917,0.013917,0.013803,0.013838,2170778.0
2025-05-12 04:40:00+09:00,0.013839,0.013856,0.013799,0.013809,2963130.0
2025-05-12 04:45:00+09:00,0.013812,0.013887,0.013812,0.013878,2282789.0
2025-05-12 04:50:00+09:00,0.013874,0.013895,0.013838,0.013845,2079110.0
2025-05-12 04:55:00+09:00,0.013849,0.013855,0.013799,0.013831,2507994.0
2025-05-12 05:00:00+09:00,0.013831,0.013846,0.013729,0.013772,7407554.0
2025-05-12 05:05:00+09:00,0.013768,0.013832,0.013749,0.013822,4087586.0
2025-05-12 05:10:00+09:00,0.013821,0.01388,0.013771,0.013862,3088683.0
2025-05-12 05:15:00+09:00,0.013862,0.013898,0.013844,0.013873,1711513.0
2025-05-12 05:20:00+09:00,0.013877,0.01391,0.013843,0.013878,1846085.0
2025-05-12 05:25:00+09:00,0.013883,0.0139,0.013802,0.013805,1983802.0
2025-05-12 05:30:00+09:00,0.013806,0.013837,0.013768,0.013837,4150100.0
2025-05-12 05:35:00+09:00,0.013838,0.013934,0.013836,0.013911,3570811.0
2025-05-12 05:40:00+09:00,0.01391,0.013961,0.013899,0.013951,4948847.0
2025-05-12 05:45:00+09:00,0.01395,0.013961,0.013901,0.013901,5642578.0
2025-05-12 05:50:00+09:00,0.013902,0.013965,0.013889,0.01393,2466178.0
2025-05-12 05:55:00+09:00,0.013932,0.014021,0.013913,0.01397,10202483.0
2025-05-12 06:00:00+09:00,0.013966,0.013981,0.013922,0.013945,3839405.0
2025-05-12 06:05:00+09:00,0.013948,0.01398,0.013856,0.013872,5136698.0
2025-05-12 06:10:00+09:00,0.013874,0.013929,0.013813,0.013922,4263539.0
2025-05-12 06:15:00+09:00,0.01392,0.014008,0.013891,0.01398,4070136.0
2025-05-12 06:20:00+09:00,0.013991,0.013996,0.013926,0.013974,9603831.0
2025-05-12 06:25:00+09:00,0.013973,0.01399,0.013937,0.013965,1733150.0
2025-05-12 06:30:00+09:00,0.013963,0.014002,0.013908,0.013925,2733395.0
2025-05-12 06:35:00+09:00,0.013927,0.013993,0.013888,0.013914,2814551.0
2025-05-12 06:40:00+09:00,0.013915,0.01393,0.013875,0.013905,2193888.0
2025-05-12 06:45:00+09:00,0.013898,0.013953,0.013854,0.013953,3335600.0
2025-05-12 06:50:00+09:00,0.013953,0.014015,0.013953,0.014012,3933652.0
2025-05-12 06:55:00+09:00,0.014012,0.014092,0.013977,0.014081,10691580.0
2025-05-12 07:00:00+09:00,0.014083,0.014219,0.014043,0.014046,27087749.0
2025-05-12 07:05:00+09:00,0.014047,0.014149,0.014012,0.014115,5521945.0
2025-05-12 07:10:00+09:00,0.014114,0.014202,0.014084,0.014156,7665164.0
2025-05-12 07:15:00+09:00,0.01415,0.014286,0.01415,0.014271,27195560.0
2025-05-12 07:20:00+09:00,0.014264,0.014306,0.014165,0.014175,12846900.0
2025-05-12 07:25:00+09:00,0.014171,0.014171,0.014067,0.014144,12483868.0
2025-05-12 07:30:00+09:00,0.014147,0.014259,0.014143,0.014178,12562621.0
2025-05-12 07:35:00+09:00,0.014172,0.014172,0.014011,0.014115,6567586.0
2025-05-12 07:40:00+09:00,0.014119,0.014137,0.014073,0.014096,3247730.0
2025-05-12 07:45:00+09:00,0.014093,0.014156,0.01409,0.014147,2277299.0
2025-05-12 07:50:00+09:00,0.014142,0.01419,0.014126,0.014152,2050049.0
2025-05-12 07:55:00+09:00,0.014153,0.01421,0.014139,0.014169,4995532.0
2025-05-12 08:00:00+09:00,0.014171,0.014252,0.014131,0.014159,10964847.0
2025-05-12 08:05:00+09:00,0.01416,0.014246,0.01414,0.014245,4058463.0
2025-05-12 08:10:00+09:00,0.014246,0.014268,0.014166,0.014236,3654886.0
2025-05-12 08:15:00+09:00,0.014241,0.014297,0.01421,0.014223,3055325.0
2025-05-12 08:20:00+09:00,0.014223,0.014225,0.014124,0.014143,3505102.0
2025-05-12 08:25:00+09:00,0.014125,0.014254,0.014123,0.014209,2119979.0
2025-05-12 08:30:00+09:00,0.01421,0.014246,0.014094,0.014106,4183629.0
2025-05-12 08:35:00+09:00,0.014108,0.014151,0.014071,0.01411,3292371.0
2025-05-12 08:40:00+09:00,0.01411,0.014113,0.014059,0.014098,3913080.0
2025-05-12 08:45:00+09:00,0.0141,0.014147,0.01407,0.014087,3316275.0
2025-05-12 08:50:00+09:00,0.014087,0.014133,0.014059,0.014068,2763488.0
2025-05-12 08:55:00+09:00,0.014072,0.01412,0.01403,0.014103,3875630.0
2025-05-12 09:00:00+09:00,0.0141,0.014138,0.013952,0.013971,24930166.0
2025-05-12 09:05:00+09:00,0.013974,0.014049,0.013962,0.014033,6311650.0
2025-05-12 09:10:00+09:00,0.014033,0.014192,0.014027,0.014184,8833450.0
2025-05-12 09:15:00+09:00,0.014179,0.014246,0.014111,0.014123,13741721.0
2025-05-12 09:20:00+09:00,0.014125,0.014327,0.014105,0.014232,12705003.0
2025-05-12 09:25:00+09:00,0.014229,0.014439,0.014228,0.014389,27223579.0
2025-05-12 09:30:00+09:00,0.014389,0.014478,0.014384,0.01443,12731068.0
2025-05-12 09:35:00+09:00,0.014429,0.014457,0.014283,0.01429,11423773.0
2025-05-12 09:40:00+09:00,0.01429,0.014399,0.014272,0.014361,9443418.0
2025-05-12 09:45:00+09:00,0.014365,0.014369,0.014272,0.014368,6743052.0
2025-05-12 09:50:00+09:00,0.01437,0.014443,0.014339,0.014434,8732961.0
2025-05-12 09:55:00+09:00,0.014436,0.014438,0.014309,0.014412,6034061.0
2025-05-12 10:00:00+09:00,0.01442,0.014487,0.01438,0.014473,9986916.0
2025-05-12 10:05:00+09:00,0.014467,0.014622,0.01446,0.014578,27228902.0
2025-05-12 10:10:00+09:00,0.014581,0.014614,0.014486,0.014505,12332487.0
2025-05-12 10:15:00+09:00,0.014505,0.01454,0.014337,0.014337,12156329.0
2025-05-12 10:20:00+09:00,0.014342,0.014346,0.014177,0.014187,12530253.0
2025-05-12 10:25:00+09:00,0.014184,0.014222,0.014092,0.014175,10169238.0
2025-05-12 10:30:00+09:00,0.014172,0.014182,0.013975,0.013986,19112316.0
2025-05-12 10:35:00+09:00,0.01399,0.013991,0.013757,0.013818,74311086.0
2025-05-12 10:40:00+09:00,0.013816,0.013948,0.013804,0.013945,11341397.0
2025-05-12 10:45:00+09:00,0.013944,0.013966,0.013854,0.013902,8414949.0
2025-05-12 10:50:00+09:00,0.013898,0.014096,0.013878,0.014093,11877061.0
2025-05-12 10:55:00+09:00,0.014092,0.014265,0.014071,0.014151,18312723.0
2025-05-12 11:00:00+09:00,0.01415,0.014375,0.014136,0.01437,9866260.0
2025-05-12 11:05:00+09:00,0.014368,0.014417,0.014282,0.014414,13586720.0
2025-05-12 11:10:00+09:00,0.014414,0.014455,0.014277,0.01432,13878209.0
2025-05-12 11:15:00+09:00,0.014326,0.014531,0.014256,0.014527,11412807.0
2025-05-12 11:20:00+09:00,0.01452,0.014558,0.014433,0.014443,15988195.0
2025-05-12 11:25:00+09:00,0.014443,0.014448,0.014247,0.014274,21434899.0
2025-05-12 11:30:00+09:00,0.014285,0.01453,0.014285,0.014513,12782590.0
2025-05-12 11:35:00+09:00,0.014505,0.014526,0.014385,0.014442,8149903.0
2025-05-12 11:40:00+09:00,0.014439,0.014475,0.014322,0.014386,17944478.0
2025-05-12 11:45:00+09:00,0.014391,0.014529,0.014391,0.014474,19658396.0
2025-05-12 11:50:00+09:00,0.014466,0.014536,0.014421,0.014455,34218067.0
2025-05-12 11:55:00+09:00,0.014459,0.014545,0.014388,0.01453,26716263.0
2025-05-12 12:00:00+09:00,0.014528,0.014606,0.014467,0.014596,11216763.0
2025-05-12 12:05:00+09:00,0.014594,0.014611,0.014423,0.01445,14154632.0
2025-05-12 12:10:00+09:00,0.014453,0.014571,0.014394,0.014529,7945988.0
2025-05-12 12:15:00+09:00,0.014532,0.014622,0.014511,0.014606,16683706.0
2025-05-12 12:20:00+09:00,0.014612,0.014717,0.014552,0.014706,26007768.0
2025-05-12 12:25:00+09:00,0.0147,0.014717,0.014422,0.014441,16672078.0
2025-05-12 12:30:00+09:00,0.014442,0.014589,0.014422,0.014562,9381024.0
2025-05-12 12:35:00+09:00,0.014563,0.014643,0.014493,0.014562,10033481.0
2025-05-12 12:40:00+09:00,0.014562,0.014613,0.014485,0.014494,8017855.0
2025-05-12 12:45:00+09:00,0.014492,0.014672,0.014482,0.014636,9006683.0
2025-05-12 12:50:00+09:00,0.014636,0.014739,0.014595,0.014674,15093976.0
2025-05-12 12:55:00+09:00,0.014676,0.01484,0.014649,0.014817,25631922.0
2025-05-12 13:00:00+09:00,0.014815,0.014844,0.014683,0.014754,33330952.0
2025-05-12 13:05:00+09:00,0.014755,0.014852,0.014725,0.014819,19562856.0
2025-05-12 13:10:00+09:00,0.014816,0.014948,0.014806,0.014914,22731165.0
2025-05-12 13:15:00+09:00,0.014915,0.014995,0.014844,0.014854,40602607.0
2025-05-12 13:20:00+09:00,0.014849,0.014856,0.0147,0.014703,14179470.0
2025-05-12 13:25:00+09:00,0.0147,0.0147,0.0145,0.014608,18266184.0
2025-05-12 13:30:00+09:00,0.014608,0.014698,0.014575,0.01462,16461072.0
2025-05-12 13:35:00+09:00,0.014616,0.01481,0.014613,0.014757,12757198.0
2025-05-12 13:40:00+09:00,0.014757,0.014785,0.014669,0.014696,7349065.0
2025-05-12 13:45:00+09:00,0.014698,0.014756,0.014675,0.014754,6244256.0
2025-05-12 13:50:00+09:00,0.014748,0.014871,0.014733,0.014871,13949852.0
2025-05-12 13:55:00+09:00,0.014869,0.014932,0.014803,0.014807,15914115.0
2025-05-12 14:00:00+09:00,0.014808,0.01482,0.014689,0.014764,10690487.0
2025-05-12 14:05:00+09:00,0.014763,0.014767,0.014556,0.014556,64836370.0
2025-05-12 14:10:00+09:00,0.014555,0.01458,0.014321,0.014445,23324692.0
2025-05-12 14:15:00+09:00,0.014446,0.014518,0.014295,0.014356,12802700.0
2025-05-12 14:20:00+09:00,0.014353,0.014365,0.01418,0.014241,26616191.0
2025-05-12 14:25:00+09:00,0.014241,0.014276,0.014174,0.01423,8490735.0
2025-05-12 14:30:00+09:00,0.014241,0.014351,0.014133,0.014172,17524996.0
2025-05-12 14:35:00+09:00,0.014172,0.014341,0.014168,0.014312,10377530.0
2025-05-12 14:40:00+09:00,0.014312,0.014385,0.014289,0.014365,5684525.0
2025-05-12 14:45:00+09:00,0.014363,0.014368,0.014269,0.014285,8392210.0
2025-05-12 14:50:00+09:00,0.014283,0.014324,0.014186,0.014201,9130510.0
2025-05-12 14:55:00+09:00,0.014201,0.014307,0.014197,0.014285,3135240.0
2025-05-12 15:00:00+09:00,0.014285,0.014296,0.014139,0.01422,5752322.0
2025-05-12 15:05:00+09:00,0.014225,0.014354,0.014217,0.014328,9715705.0
2025-05-12 15:10:00+09:00,0.014324,0.014324,0.014204,0.014226,2903339.0
2025-05-12 15:15:00+09:00,0.014223,0.014273,0.014164,0.014172,5676933.0
2025-05-12 15:20:00+09:00,0.014171,0.014293,0.014132,0.014288,22032390.0
2025-05-12 15:25:00+09:00,0.014289,0.014515,0.014288,0.014515,24943173.0
2025-05-12 15:30:00+09:00,0.014516,0.01457,0.014485,0.014488,7522603.0
2025-05-12 15:35:00+09:00,0.014489,0.014515,0.014416,0.014467,7698843.0
2025-05-12 15:40:00+09:00,0.014469,0.014475,0.014364,0.014364,17305243.0
2025-05-12 15:45:00+09:00,0.014363,0.014419,0.014296,0.014324,7296207.0
2025-05-12 15:50:00+09:00,0.014313,0.014355,0.014248,0.014249,7235208.0
2025-05-12 15:55:00+09:00,0.014247,0.014352,0.014245,0.014315,11525242.0
2025-05-12 16:00:00+09:00,0.014314,0.01462,0.014309,0.014578,52657604.0
2025-05-12 16:05:00+09:00,0.01458,0.014638,0.014354,0.014448,29161093.0
2025-05-12 16:10:00+09:00,0.01445,0.014666,0.01444,0.014663,15640886.0
2025-05-12 16:15:00+09:00,0.014663,0.014691,0.0144,0.014537,32426579.0
2025-05-12 16:20:00+09:00,0.014533,0.014832,0.01453,0.014822,37780082.0
2025-05-12 16:25:00+09:00,0.014825,0.014954,0.014769,0.014897,63788387.0
2025-05-12 16:30:00+09:00,0.014898,0.014951,0.014761,0.014801,24870595.0
2025-05-12 16:35:00+09:00,0.014803,0.014819,0.014608,0.014692,41177384.0
2025-05-12 16:40:00+09:00,0.01469,0.014755,0.014439,0.01456,105413753.0
2025-05-12 16:45:00+09:00,0.01456,0.014562,0.014197,0.014314,40796544.0
2025-05-12 16:50:00+09:00,0.014311,0.014381,0.014208,0.014232,14855340.0
2025-05-12 16:55:00+09:00,0.014228,0.014229,0.014057,0.014175,37469935.0
2025-05-12 17:00:00+09:00,0.014176,0.014197,0.014098,0.01417,18703158.0
2025-05-12 17:05:00+09:00,0.014169,0.014228,0.014096,0.01418,19344456.0
2025-05-12 17:10:00+09:00,0.014181,0.014183,0.014022,0.014118,21635848.0
2025-05-12 17:15:00+09:00,0.01412,0.014266,0.014105,0.014263,9132456.0
2025-05-12 17:20:00+09:00,0.01426,0.014262,0.014066,0.014092,9150345.0
2025-05-12 17:25:00+09:00,0.014092,0.014225,0.01407,0.014203,10822717.0
2025-05-12 17:30:00+09:00,0.0142,0.014296,0.014153,0.014264,9373047.0
2025-05-12 17:35:00+09:00,0.014263,0.014346,0.014234,0.014328,8217892.0
2025-05-12 17:40:00+09:00,0.014321,0.014468,0.014299,0.014451,27775658.0
2025-05-12 17:45:00+09:00,0.014453,0.014465,0.014297,0.014357,27060030.0
2025-05-12 17:50:00+09:00,0.014361,0.014476,0.014361,0.014465,7575111.0
2025-05-12 17:55:00+09:00,0.014464,0.014464,0.01434,0.014362,13450543.0
2025-05-12 18:00:00+09:00,0.014364,0.014508,0.01434,0.014393,17374732.0
2025-05-12 18:05:00+09:00,0.014397,0.014501,0.014397,0.014416,9783558.0
2025-05-12 18:10:00+09:00,0.014416,0.014467,0.014395,0.014448,12219958.0
2025-05-12 18:15:00+09:00,0.014452,0.01461,0.014451,0.014606,27610229.0
2025-05-12 18:20:00+09:00,0.014604,0.0148,0.014604,0.014752,53289355.0
2025-05-12 18:25:00+09:00,0.014752,0.014838,0.014709,0.014786,35839560.0
2025-05-12 18:30:00+09:00,0.014787,0.01487,0.014766,0.014847,25773436.0
2025-05-12 18:35:00+09:00,0.014846,0.0149,0.014786,0.01483,26930442.0
2025-05-12 18:40:00+09:00,0.014828,0.01485,0.014697,0.014768,35204865.0
2025-05-12 18:45:00+09:00,0.01477,0.014834,0.014639,0.014655,16944851.0
2025-05-12 18:50:00+09:00,0.014658,0.014711,0.01463,0.014635,12833220.0
2025-05-12 18:55:00+09:00,0.014632,0.014655,0.014535,0.014555,10728754.0
2025-05-12 19:00:00+09:00,0.014555,0.014621,0.014442,0.014485,22754632.0
2025-05-12 19:05:00+09:00,0.014485,0.014576,0.014423,0.014436,17992927.0
2025-05-12 19:10:00+09:00,0.014434,0.014504,0.01442,0.014438,4304274.0
2025-05-12 19:15:00+09:00,0.014435,0.014521,0.014421,0.014441,8432916.0
2025-05-12 19:20:00+09:00,0.014438,0.01448,0.014325,0.014341,24492247.0
2025-05-12 19:25:00+09:00,0.014339,0.01442,0.014293,0.014374,25427268.0
2025-05-12 19:30:00+09:00,0.014372,0.014428,0.014304,0.014416,21002127.0
2025-05-12 19:35:00+09:00,0.014414,0.01444,0.014339,0.014436,11175080.0
2025-05-12 19:40:00+09:00,0.014434,0.014438,0.01434,0.014357,8876527.0
2025-05-12 19:45:00+09:00,0.014352,0.014446,0.014325,0.014432,21853389.0
2025-05-12 19:50:00+09:00,0.014436,0.014553,0.014436,0.014534,36403755.0
2025-05-12 19:55:00+09:00,0.014539,0.014567,0.014476,0.014486,12864681.0
2025-05-12 20:00:00+09:00,0.014484,0.014555,0.014457,0.014457,10929583.0
2025-05-12 20:05:00+09:00,0.014457,0.014463,0.014411,0.014426,6329996.0
2025-05-12 20:10:00+09:00,0.014433,0.014518,0.014415,0.014486,8751098.0
2025-05-12 20:15:00+09:00,0.014481,0.014487,0.014317,0.014332,6852770.0
2025-05-12 20:20:00+09:00,0.014331,0.014351,0.01424,0.014327,15984979.0
2025-05-12 20:25:00+09:00,0.014328,0.01436,0.014301,0.01431,5823031.0
2025-05-12 20:30:00+09:00,0.014311,0.014334,0.014225,0.014311,8262535.0
2025-05-12 20:35:00+09:00,0.014313,0.014344,0.014246,0.014323,5394875.0
2025-05-12 20:40:00+09:00,0.014321,0.014321,0.014084,0.014093,31038067.0
2025-05-12 20:45:00+09:00,0.014092,0.014174,0.014069,0.014087,10920898.0
2025-05-12 20:50:00+09:00,0.014087,0.014112,0.013947,0.014009,28238145.0
2025-05-12 20:55:00+09:00,0.014009,0.014028,0.01396,0.013985,8679769.0
2025-05-12 21:00:00+09:00,0.013983,0.014048,0.013973,0.013991,13437398.0
2025-05-12 21:05:00+09:00,0.013991,0.013999,0.0139,0.013983,13598785.0
2025-05-12 21:10:00+09:00,0.013985,0.014027,0.013923,0.013992,11570510.0
2025-05-12 21:15:00+09:00,0.013993,0.013996,0.013912,0.013927,20048868.0
2025-05-12 21:20:00+09:00,0.013932,0.013936,0.013842,0.013919,25481678.0
2025-05-12 21:25:00+09:00,0.013918,0.013926,0.013819,0.013822,16694925.0
2025-05-12 21:30:00+09:00,0.01383,0.013908,0.013734,0.013894,17421151.0
2025-05-12 21:35:00+09:00,0.013894,0.014012,0.013889,0.013953,16945481.0
2025-05-12 21:40:00+09:00,0.013951,0.014026,0.013908,0.014001,18465759.0
2025-05-12 21:45:00+09:00,0.013995,0.014059,0.013968,0.014057,16037289.0
2025-05-12 21:50:00+09:00,0.014056,0.014109,0.014026,0.014093,7417811.0
2025-05-12 21:55:00+09:00,0.014092,0.014116,0.013989,0.013994,12110488.0
2025-05-12 22:00:00+09:00,0.013996,0.014016,0.01394,0.013958,10246154.0
2025-05-12 22:05:00+09:00,0.013957,0.013967,0.013824,0.013824,13500713.0
2025-05-12 22:10:00+09:00,0.013825,0.013995,0.013823,0.013942,20023241.0
2025-05-12 22:15:00+09:00,0.013936,0.013993,0.013864,0.013948,12533706.0
2025-05-12 22:20:00+09:00,0.013948,0.014002,0.013909,0.013941,12757423.0
2025-05-12 22:25:00+09:00,0.01394,0.014069,0.013913,0.014018,12869636.0
2025-05-12 22:30:00+09:00,0.014021,0.01411,0.013944,0.014012,18945233.0
2025-05-12 22:35:00+09:00,0.01401,0.014035,0.013859,0.013892,19750474.0
2025-05-12 22:40:00+09:00,0.013887,0.013945,0.013778,0.013854,14579853.0
2025-05-12 22:45:00+09:00,0.013855,0.013916,0.013825,0.013916,10358306.0
2025-05-12 22:50:00+09:00,0.013917,0.014274,0.013917,0.01411,47935679.0
2025-05-12 22:55:00+09:00,0.014108,0.014108,0.014028,0.014076,15825185.0
2025-05-12 23:00:00+09:00,0.014077,0.014096,0.013972,0.014073,13032011.0
2025-05-12 23:05:00+09:00,0.014078,0.01415,0.014057,0.014111,16980794.0
2025-05-12 23:10:00+09:00,0.014101,0.01412,0.014033,0.014076,7455079.0
2025-05-12 23:15:00+09:00,0.014075,0.014189,0.014048,0.014159,15167021.0
2025-05-12 23:20:00+09:00,0.014162,0.014193,0.013937,0.013937,25989153.0
2025-05-12 23:25:00+09:00,0.013936,0.013939,0.0136,0.013675,52147461.0
2025-05-12 23:30:00+09:00,0.013681,0.013812,0.013555,0.013763,38264949.0
2025-05-12 23:35:00+09:00,0.01376,0.013894,0.013725,0.013884,24702960.0
2025-05-12 23:40:00+09:00,0.013874,0.013939,0.013667,0.01382,90290049.0
2025-05-12 23:45:00+09:00,0.013815,0.01382,0.013692,0.013717,11043080.0
2025-05-12 23:50:00+09:00,0.013711,0.013731,0.01357,0.013598,16291253.0
2025-05-12 23:55:00+09:00,0.013598,0.013637,0.013541,0.01357,16521207.0
2025-05-13 00:00:00+09:00,0.013574,0.013688,0.013341,0.013395,40029661.0
2025-05-13 00:05:00+09:00,0.013393,0.013432,0.013237,0.013377,57432246.0
2025-05-13 00:10:00+09:00,0.013378,0.013466,0.013302,0.013452,17152240.0
2025-05-13 00:15:00+09:00,0.013456,0.013568,0.013382,0.013542,18961979.0
2025-05-13 00:20:00+09:00,0.013538,0.013577,0.013499,0.013512,12968865.0
2025-05-13 00:25:00+09:00,0.013511,0.013622,0.013509,0.01357,8659220.0
2025-05-13 00:30:00+09:00,0.013578,0.013619,0.01352,0.013557,7083284.0
2025-05-13 00:35:00+09:00,0.013556,0.013594,0.013461,0.013471,12040445.0
2025-05-13 00:40:00+09:00,0.013463,0.013631,0.01342,0.013467,21228146.0
2025-05-13 00:45:00+09:00,0.013465,0.013502,0.013366,0.013368,10804921.0
2025-05-13 00:50:00+09:00,0.013371,0.013456,0.013358,0.01344,10339998.0
2025-05-13 00:55:00+09:00,0.013444,0.013453,0.013311,0.01339,16049342.0
2025-05-13 01:00:00+09:00,0.013391,0.013501,0.013373,0.013397,19018478.0
2025-05-13 01:05:00+09:00,0.013392,0.013458,0.013352,0.013409,9526070.0
2025-05-13 01:10:00+09:00,0.01341,0.013483,0.013384,0.013483,7992315.0
2025-05-13 01:15:00+09:00,0.013483,0.013673,0.013476,0.01367,13422718.0
2025-05-13 01:20:00+09:00,0.013669,0.013704,0.013599,0.01364,15417493.0
2025-05-13 01:25:00+09:00,0.013638,0.013658,0.013551,0.013584,11728689.0
2025-05-13 01:30:00+09:00,0.013586,0.01364,0.013507,0.013582,25307338.0
2025-05-13 01:35:00+09:00,0.013584,0.013585,0.01344,0.013449,12721840.0
2025-05-13 01:40:00+09:00,0.013448,0.013533,0.013385,0.01352,21376788.0
2025-05-13 01:45:00+09:00,0.013521,0.013587,0.013517,0.013578,10476390.0
2025-05-13 01:50:00+09:00,0.013575,0.013638,0.013558,0.013635,4515458.0
2025-05-13 01:55:00+09:00,0.013636,0.01366,0.013593,0.013621,4498150.0
2025-05-13 02:00:00+09:00,0.013623,0.013758,0.013597,0.013758,6407410.0
2025-05-13 02:05:00+09:00,0.013758,0.013861,0.013752,0.013779,9899656.0
2025-05-13 02:10:00+09:00,0.013778,0.01382,0.013755,0.013802,5695167.0
2025-05-13 02:15:00+09:00,0.013805,0.013809,0.013627,0.013632,7450633.0
2025-05-13 02:20:00+09:00,0.013632,0.01365,0.013546,0.013617,8288486.0
2025-05-13 02:25:00+09:00,0.013619,0.013622,0.013513,0.013527,11647266.0
2025-05-13 02:30:00+09:00,0.013528,0.013558,0.013433,0.013517,11948812.0
2025-05-13 02:35:00+09:00,0.013516,0.013528,0.013434,0.013442,7457063.0
2025-05-13 02:40:00+09:00,0.013439,0.013458,0.013387,0.013403,8763773.0
2025-05-13 02:45:00+09:00,0.013402,0.013429,0.013252,0.013255,39347426.0
2025-05-13 02:50:00+09:00,0.013254,0.013347,0.013248,0.013326,9620706.0
2025-05-13 02:55:00+09:00,0.013325,0.013358,0.013285,0.013306,6411300.0
2025-05-13 03:00:00+09:00,0.013305,0.013386,0.013283,0.013376,25252188.0
2025-05-13 03:05:00+09:00,0.013377,0.013379,0.013099,0.013115,30261276.0
2025-05-13 03:10:00+09:00,0.01312,0.013198,0.013074,0.013121,19297640.0
2025-05-13 03:15:00+09:00,0.013122,0.013237,0.013102,0.013222,19624362.0
2025-05-13 03:20:00+09:00,0.013217,0.01322,0.0131,0.013112,10150659.0
2025-05-13 03:25:00+09:00,0.013117,0.013147,0.012905,0.012941,27989496.0
2025-05-13 03:30:00+09:00,0.012941,0.012965,0.0128,0.012864,33474273.0
2025-05-13 03:35:00+09:00,0.012871,0.012963,0.012843,0.01286,11188716.0
2025-05-13 03:40:00+09:00,0.012854,0.01296,0.012803,0.012816,12927621.0
2025-05-13 03:45:00+09:00,0.012818,0.0129,0.012539,0.012582,37161924.0
2025-05-13 03:50:00+09:00,0.012583,0.012926,0.012583,0.012891,27073572.0
2025-05-13 03:55:00+09:00,0.012889,0.013061,0.012887,0.012983,18629110.0
2025-05-13 04:00:00+09:00,0.012981,0.013173,0.012941,0.01311,16842725.0
2025-05-13 04:05:00+09:00,0.013115,0.013206,0.013098,0.013145,9747006.0
2025-05-13 04:10:00+09:00,0.013142,0.013161,0.01308,0.013116,9167571.0
2025-05-13 04:15:00+09:00,0.013117,0.013272,0.013108,0.013175,11230498.0
2025-05-13 04:20:00+09:00,0.013177,0.013194,0.013086,0.013095,8830098.0
2025-05-13 04:25:00+09:00,0.013101,0.013114,0.012996,0.013056,6881970.0
2025-05-13 04:30:00+09:00,0.013062,0.013187,0.013059,0.013117,6543640.0
2025-05-13 04:35:00+09:00,0.013114,0.013119,0.013063,0.01307,8651747.0
2025-05-13 04:40:00+09:00,0.013068,0.013107,0.013018,0.013093,4508298.0
2025-05-13 04:45:00+09:00,0.013092,0.013195,0.013092,0.013176,3635717.0
2025-05-13 04:50:00+09:00,0.013179,0.0132,0.013099,0.013101,5934885.0
2025-05-13 04:55:00+09:00,0.013104,0.013163,0.013092,0.013143,3426699.0
2025-05-13 05:00:00+09:00,0.013145,0.013193,0.013116,0.01314,1887983.0
2025-05-13 05:05:00+09:00,0.013144,0.013192,0.013075,0.013077,3862468.0
2025-05-13 05:10:00+09:00,0.013083,0.013151,0.013075,0.013146,2938634.0
2025-05-13 05:15:00+09:00,0.013148,0.013228,0.013139,0.013228,4413887.0
2025-05-13 05:20:00+09:00,0.013227,0.013267,0.0132,0.013253,3850858.0
2025-05-13 05:25:00+09:00,0.013251,0.01327,0.013218,0.013267,8973159.0
2025-05-13 05:30:00+09:00,0.013268,0.013304,0.013245,0.013281,4086565.0
2025-05-13 05:35:00+09:00,0.013277,0.013345,0.013262,0.013279,8177833.0
2025-05-13 05:40:00+09:00,0.013274,0.013321,0.013248,0.013284,5467985.0
2025-05-13 05:45:00+09:00,0.013285,0.01331,0.013239,0.013264,7033913.0
2025-05-13 05:50:00+09:00,0.013263,0.013407,0.013254,0.013394,5144159.0
2025-05-13 05:55:00+09:00,0.013398,0.013409,0.013357,0.01338,3725629.0
2025-05-13 06:00:00+09:00,0.013381,0.013406,0.013346,0.013384,2729684.0
2025-05-13 06:05:00+09:00,0.01338,0.013398,0.01331,0.013315,3370179.0
2025-05-13 06:10:00+09:00,0.013319,0.013341,0.013271,0.013292,4097151.0
2025-05-13 06:15:00+09:00,0.013287,0.013418,0.013265,0.013397,4690836.0
2025-05-13 06:20:00+09:00,0.013402,0.013408,0.013341,0.013368,3502302.0
2025-05-13 06:25:00+09:00,0.013369,0.01339,0.01335,0.013365,1116982.0
2025-05-13 06:30:00+09:00,0.013365,0.013388,0.013342,0.013388,1952766.0
2025-05-13 06:35:00+09:00,0.013385,0.013415,0.013362,0.013394,1978489.0
2025-05-13 06:40:00+09:00,0.013396,0.013413,0.013354,0.01339,2573102.0
2025-05-13 06:45:00+09:00,0.013383,0.013434,0.013376,0.013414,1957761.0
2025-05-13 06:50:00+09:00,0.013417,0.013453,0.013411,0.013448,594774.0
2025-05-13 06:55:00+09:00,0.013451,0.013474,0.013404,0.01341,2871357.0
2025-05-13 07:00:00+09:00,0.013414,0.013436,0.01336,0.013431,2440030.0
2025-05-13 07:05:00+09:00,0.013431,0.013468,0.0134,0.013418,4774949.0
2025-05-13 07:10:00+09:00,0.013413,0.013457,0.013408,0.013451,2871404.0
2025-05-13 07:15:00+09:00,0.013451,0.013496,0.013442,0.013472,4183968.0
2025-05-13 07:20:00+09:00,0.013473,0.0135,0.013436,0.013489,3859782.0
2025-05-13 07:25:00+09:00,0.013485,0.01352,0.013477,0.013498,3722174.0
2025-05-13 07:30:00+09:00,0.0135,0.013624,0.013479,0.013597,17048383.0
2025-05-13 07:35:00+09:00,0.013595,0.013687,0.013588,0.013667,8418619.0
2025-05-13 07:40:00+09:00,0.013667,0.013673,0.013619,0.01364,4707808.0
2025-05-13 07:45:00+09:00,0.013637,0.013742,0.013627,0.013742,4615173.0
2025-05-13 07:50:00+09:00,0.013741,0.013782,0.013663,0.013666,7518171.0
2025-05-13 07:55:00+09:00,0.013666,0.01367,0.01359,0.013608,4142283.0
2025-05-13 08:00:00+09:00,0.013607,0.013641,0.013588,0.013632,2550971.0
2025-05-13 08:05:00+09:00,0.01363,0.013666,0.013605,0.013629,14054650.0
2025-05-13 08:10:00+09:00,0.013625,0.013701,0.013622,0.013627,22660164.0
2025-05-13 08:15:00+09:00,0.013634,0.013786,0.013632,0.013785,9322250.0
2025-05-13 08:20:00+09:00,0.013786,0.01383,0.013767,0.01383,7741049.0
2025-05-13 08:25:00+09:00,0.013828,0.013868,0.013801,0.013801,5387625.0
2025-05-13 08:30:00+09:00,0.013799,0.013807,0.013694,0.013772,6099424.0
2025-05-13 08:35:00+09:00,0.013767,0.013801,0.013689,0.013689,8518207.0
2025-05-13 08:40:00+09:00,0.013694,0.013711,0.013613,0.01362,7966435.0
2025-05-13 08:45:00+09:00,0.013624,0.013703,0.013614,0.013692,4669769.0
2025-05-13 08:50:00+09:00,0.013698,0.013719,0.013666,0.013696,2387396.0
2025-05-13 08:55:00+09:00,0.013694,0.0137,0.013614,0.013672,9031763.0
2025-05-13 09:00:00+09:00,0.013678,0.01379,0.013658,0.013726,7692774.0
2025-05-13 09:05:00+09:00,0.013725,0.0138,0.013627,0.013641,8241581.0
2025-05-13 09:10:00+09:00,0.013645,0.013663,0.013559,0.013592,6741469.0
2025-05-13 09:15:00+09:00,0.013589,0.013692,0.013534,0.013661,3800477.0
2025-05-13 09:20:00+09:00,0.013663,0.013669,0.01352,0.013596,14574602.0
2025-05-13 09:25:00+09:00,0.013594,0.013604,0.0135,0.01356,7668618.0
2025-05-13 09:30:00+09:00,0.013567,0.013569,0.013485,0.013531,6518504.0
2025-05-13 09:35:00+09:00,0.013529,0.013574,0.01347,0.013573,6254870.0
2025-05-13 09:40:00+09:00,0.01357,0.013579,0.013485,0.013501,4420102.0
2025-05-13 09:45:00+09:00,0.013502,0.013646,0.013482,0.013635,5299016.0
2025-05-13 09:50:00+09:00,0.013635,0.013643,0.01356,0.013605,3351124.0
2025-05-13 09:55:00+09:00,0.013611,0.013613,0.013493,0.013515,2355920.0
2025-05-13 10:00:00+09:00,0.013513,0.013602,0.013508,0.013562,7590304.0
2025-05-13 10:05:00+09:00,0.013564,0.013588,0.013452,0.013458,3737649.0
2025-05-13 10:10:00+09:00,0.013455,0.013542,0.013377,0.013484,8524135.0
2025-05-13 10:15:00+09:00,0.013484,0.013618,0.013483,0.013575,6553022.0
2025-05-13 10:20:00+09:00,0.013572,0.013611,0.013493,0.013609,4279670.0
2025-05-13 10:25:00+09:00,0.013608,0.013624,0.01352,0.013545,3759194.0
2025-05-13 10:30:00+09:00,0.013547,0.013702,0.013506,0.013678,6563684.0
2025-05-13 10:35:00+09:00,0.013676,0.013676,0.013574,0.013654,9697683.0
2025-05-13 10:40:00+09:00,0.01365,0.013679,0.013558,0.013614,6934006.0
2025-05-13 10:45:00+09:00,0.013611,0.013654,0.013539,0.013627,4509526.0
2025-05-13 10:50:00+09:00,0.013633,0.013788,0.013619,0.013788,7309329.0
2025-05-13 10:55:00+09:00,0.013787,0.014017,0.013742,0.013986,23206053.0
2025-05-13 11:00:00+09:00,0.013974,0.014248,0.013876,0.013879,45448142.0
2025-05-13 11:05:00+09:00,0.013874,0.014091,0.013722,0.014004,25373486.0
2025-05-13 11:10:00+09:00,0.014009,0.014042,0.013755,0.01382,27548869.0
2025-05-13 11:15:00+09:00,0.013822,0.013921,0.013758,0.013803,13338996.0
2025-05-13 11:20:00+09:00,0.013806,0.013936,0.013734,0.013825,14715378.0
2025-05-13 11:25:00+09:00,0.013822,0.014156,0.013811,0.014131,15968290.0
2025-05-13 11:30:00+09:00,0.014133,0.014232,0.014003,0.014123,23877786.0
2025-05-13 11:35:00+09:00,0.014119,0.01426,0.014094,0.01415,21082789.0
2025-05-13 11:40:00+09:00,0.014149,0.014264,0.013894,0.0139,26113785.0
2025-05-13 11:45:00+09:00,0.013901,0.014046,0.013864,0.013897,23823050.0
2025-05-13 11:50:00+09:00,0.013892,0.013982,0.013784,0.013979,15425971.0
2025-05-13 11:55:00+09:00,0.013977,0.014024,0.01393,0.013933,6096302.0
2025-05-13 12:00:00+09:00,0.013938,0.014012,0.013876,0.0139,9359911.0
2025-05-13 12:05:00+09:00,0.013901,0.0141,0.013866,0.014042,25446106.0
2025-05-13 12:10:00+09:00,0.014042,0.014207,0.014021,0.014057,27734680.0
2025-05-13 12:15:00+09:00,0.014061,0.014061,0.013886,0.01393,10050429.0
2025-05-13 12:20:00+09:00,0.013931,0.013981,0.013835,0.013841,10465143.0
2025-05-13 12:25:00+09:00,0.013842,0.013944,0.013728,0.0138,14916109.0
2025-05-13 12:30:00+09:00,0.013799,0.013943,0.013781,0.013929,10092503.0
2025-05-13 12:35:00+09:00,0.013938,0.01395,0.013766,0.013771,9815757.0
2025-05-13 12:40:00+09:00,0.01377,0.01389,0.013759,0.013875,5344005.0
2025-05-13 12:45:00+09:00,0.013874,0.013875,0.013726,0.013765,18852755.0
2025-05-13 12:50:00+09:00,0.013762,0.013762,0.013609,0.013673,13249567.0
2025-05-13 12:55:00+09:00,0.013678,0.013704,0.013601,0.013602,13209367.0
2025-05-13 13:00:00+09:00,0.013602,0.013773,0.013574,0.013755,21867032.0
2025-05-13 13:05:00+09:00,0.013756,0.013766,0.013629,0.013656,4381514.0
2025-05-13 13:10:00+09:00,0.013654,0.013677,0.013455,0.013515,20815476.0
2025-05-13 13:15:00+09:00,0.013535,0.013654,0.013515,0.013653,9971708.0
2025-05-13 13:20:00+09:00,0.013655,0.013753,0.01363,0.013738,6077466.0
2025-05-13 13:25:00+09:00,0.013735,0.013787,0.013665,0.013754,22061842.0
2025-05-13 13:30:00+09:00,0.013749,0.013784,0.013637,0.013768,29494448.0
2025-05-13 13:35:00+09:00,0.013768,0.013893,0.013706,0.013884,12313042.0
2025-05-13 13:40:00+09:00,0.013884,0.013888,0.013814,0.013849,9055233.0
2025-05-13 13:45:00+09:00,0.013845,0.013955,0.013845,0.01388,5721647.0
2025-05-13 13:50:00+09:00,0.013878,0.013966,0.013852,0.013952,5221351.0
2025-05-13 13:55:00+09:00,0.013955,0.014004,0.013901,0.013934,10056324.0
2025-05-13 14:00:00+09:00,0.013925,0.013963,0.013861,0.013963,10153478.0
2025-05-13 14:05:00+09:00,0.013964,0.013991,0.013912,0.013943,4811871.0
2025-05-13 14:10:00+09:00,0.013947,0.014082,0.013947,0.014033,10828217.0
2025-05-13 14:15:00+09:00,0.014045,0.014045,0.013894,0.013898,6860405.0
2025-05-13 14:20:00+09:00,0.013899,0.013989,0.013866,0.013939,6557751.0
2025-05-13 14:25:00+09:00,0.013937,0.013948,0.013857,0.013871,3598755.0
2025-05-13 14:30:00+09:00,0.013868,0.013874,0.013716,0.013717,5852258.0
2025-05-13 14:35:00+09:00,0.013725,0.013751,0.013655,0.013671,5448821.0
2025-05-13 14:40:00+09:00,0.013671,0.013717,0.013633,0.013643,4505034.0
2025-05-13 14:45:00+09:00,0.013641,0.013699,0.013615,0.013617,18276292.0
2025-05-13 14:50:00+09:00,0.013619,0.013689,0.013583,0.013689,5417360.0
2025-05-13 14:55:00+09:00,0.013687,0.013773,0.013682,0.013753,11556408.0
2025-05-13 15:00:00+09:00,0.013757,0.013847,0.013757,0.013846,9982260.0
2025-05-13 15:05:00+09:00,0.013847,0.013879,0.013789,0.013849,5959449.0
2025-05-13 15:10:00+09:00,0.013848,0.014049,0.013847,0.014011,62586297.0
2025-05-13 15:15:00+09:00,0.014014,0.014124,0.013903,0.013923,22766366.0
2025-05-13 15:20:00+09:00,0.013924,0.013952,0.013819,0.013944,8268251.0
2025-05-13 15:25:00+09:00,0.013945,0.014045,0.013927,0.014045,6968155.0
2025-05-13 15:30:00+09:00,0.014049,0.014083,0.013928,0.014083,24351052.0
2025-05-13 15:35:00+09:00,0.014078,0.014124,0.014014,0.014075,11588428.0
2025-05-13 15:40:00+09:00,0.014075,0.014088,0.01396,0.01408,8865081.0
2025-05-13 15:45:00+09:00,0.014081,0.014326,0.014062,0.014229,70763887.0
2025-05-13 15:50:00+09:00,0.014227,0.014419,0.014199,0.014397,43357161.0
2025-05-13 15:55:00+09:00,0.014397,0.014515,0.014358,0.0145,32216471.0
2025-05-13 16:00:00+09:00,0.014497,0.014576,0.014393,0.01453,28690794.0
2025-05-13 16:05:00+09:00,0.014536,0.014739,0.014523,0.014727,35586833.0
2025-05-13 16:10:00+09:00,0.014727,0.014811,0.014611,0.01478,51014239.0
2025-05-13 16:15:00+09:00,0.014784,0.014882,0.014665,0.014678,35025070.0
2025-05-13 16:20:00+09:00,0.014687,0.014796,0.014554,0.014615,44914207.0
2025-05-13 16:25:00+09:00,0.014611,0.014686,0.014316,0.014361,48379082.0
2025-05-13 16:30:00+09:00,0.014358,0.014578,0.014337,0.014545,38849350.0
2025-05-13 16:35:00+09:00,0.014538,0.014656,0.014487,0.014559,34314760.0
2025-05-13 16:40:00+09:00,0.014561,0.014689,0.014547,0.014689,12975456.0
2025-05-13 16:45:00+09:00,0.014689,0.0147,0.014479,0.014507,17388265.0
2025-05-13 16:50:00+09:00,0.014501,0.014605,0.014475,0.014527,27922027.0
2025-05-13 16:55:00+09:00,0.014527,0.014592,0.014422,0.014592,20738557.0
2025-05-13 17:00:00+09:00,0.014591,0.01462,0.014464,0.014519,8544518.0
2025-05-13 17:05:00+09:00,0.014521,0.014541,0.01434,0.014358,16769029.0
2025-05-13 17:10:00+09:00,0.014364,0.014422,0.014298,0.014309,22266943.0
2025-05-13 17:15:00+09:00,0.014306,0.014306,0.014217,0.014218,11556457.0
2025-05-13 17:20:00+09:00,0.014217,0.014229,0.014094,0.014167,16234627.0
2025-05-13 17:25:00+09:00,0.014167,0.014167,0.014067,0.014067,6484274.0
2025-05-13 17:30:00+09:00,0.014068,0.014163,0.014061,0.014132,25141714.0
2025-05-13 17:35:00+09:00,0.014132,0.014272,0.014109,0.01418,32151023.0
2025-05-13 17:40:00+09:00,0.014183,0.014189,0.014097,0.014154,14920463.0
2025-05-13 17:45:00+09:00,0.014161,0.014225,0.014125,0.014187,6752630.0
2025-05-13 17:50:00+09:00,0.014189,0.014194,0.014081,0.014121,6864134.0
2025-05-13 17:55:00+09:00,0.014121,0.014133,0.014068,0.014106,4709969.0
2025-05-13 18:00:00+09:00,0.014106,0.014131,0.014001,0.014041,15310180.0
2025-05-13 18:05:00+09:00,0.01403,0.014046,0.013909,0.014045,26049341.0
2025-05-13 18:10:00+09:00,0.014036,0.01404,0.013903,0.013924,6089416.0
2025-05-13 18:15:00+09:00,0.01393,0.014104,0.013888,0.014101,31110828.0
2025-05-13 18:20:00+09:00,0.014098,0.014185,0.014057,0.01406,20580283.0
2025-05-13 18:25:00+09:00,0.014061,0.014197,0.014041,0.014083,34558743.0
2025-05-13 18:30:00+09:00,0.014082,0.014166,0.014027,0.014134,33182896.0
2025-05-13 18:35:00+09:00,0.014134,0.014189,0.014051,0.014076,16964347.0
2025-05-13 18:40:00+09:00,0.01407,0.014158,0.014018,0.014101,16226980.0
2025-05-13 18:45:00+09:00,0.014093,0.014333,0.014091,0.014238,50458351.0
2025-05-13 18:50:00+09:00,0.014237,0.014329,0.014188,0.014309,15126180.0
2025-05-13 18:55:00+09:00,0.014312,0.014334,0.014227,0.014248,8292072.0
2025-05-13 19:00:00+09:00,0.014258,0.014333,0.01424,0.014297,9167453.0
2025-05-13 19:05:00+09:00,0.014303,0.014386,0.014258,0.014301,19131216.0
2025-05-13 19:10:00+09:00,0.014299,0.014299,0.014155,0.014178,10266004.0
2025-05-13 19:15:00+09:00,0.014178,0.014197,0.013956,0.014059,22702665.0
2025-05-13 19:20:00+09:00,0.014058,0.014105,0.014023,0.014086,3570607.0
2025-05-13 19:25:00+09:00,0.014087,0.01417,0.01406,0.014159,11590168.0
2025-05-13 19:30:00+09:00,0.014159,0.014166,0.014032,0.014044,5046110.0
2025-05-13 19:35:00+09:00,0.014042,0.014197,0.014035,0.014176,17395354.0
2025-05-13 19:40:00+09:00,0.014172,0.014249,0.014161,0.014191,3876220.0
2025-05-13 19:45:00+09:00,0.01419,0.014265,0.014157,0.01424,11424692.0
2025-05-13 19:50:00+09:00,0.014238,0.014311,0.014238,0.01429,7383519.0
2025-05-13 19:55:00+09:00,0.014294,0.014396,0.014278,0.014355,9562113.0
2025-05-13 20:00:00+09:00,0.014354,0.014396,0.014329,0.014337,10781895.0
2025-05-13 20:05:00+09:00,0.014331,0.014349,0.014253,0.014263,5840755.0
2025-05-13 20:10:00+09:00,0.014261,0.014308,0.01424,0.014288,8746913.0
2025-05-13 20:15:00+09:00,0.014284,0.014294,0.014233,0.014253,8656370.0
2025-05-13 20:20:00+09:00,0.014252,0.014318,0.014233,0.014273,5862197.0
2025-05-13 20:25:00+09:00,0.01427,0.014274,0.014129,0.014152,10272531.0
2025-05-13 20:30:00+09:00,0.01415,0.014205,0.014117,0.014186,9701433.0
2025-05-13 20:35:00+09:00,0.014186,0.014273,0.014186,0.014233,7109175.0
2025-05-13 20:40:00+09:00,0.014233,0.014285,0.014176,0.014178,46637753.0
2025-05-13 20:45:00+09:00,0.01418,0.01418,0.014079,0.014131,11615727.0
2025-05-13 20:50:00+09:00,0.014133,0.014162,0.014065,0.014162,11465415.0
2025-05-13 20:55:00+09:00,0.014161,0.014211,0.014138,0.014178,8825475.0
2025-05-13 21:00:00+09:00,0.014174,0.014226,0.01412,0.014181,20973829.0
2025-05-13 21:05:00+09:00,0.014169,0.014193,0.014131,0.014136,3770648.0
2025-05-13 21:10:00+09:00,0.014136,0.014191,0.014066,0.014074,6807089.0
2025-05-13 21:15:00+09:00,0.014075,0.01413,0.014075,0.014104,17051237.0
2025-05-13 21:20:00+09:00,0.014102,0.014105,0.013963,0.013993,10896534.0
2025-05-13 21:25:00+09:00,0.013994,0.014052,0.013994,0.014006,7159513.0
2025-05-13 21:30:00+09:00,0.014013,0.014214,0.014012,0.014158,58637847.0
2025-05-13 21:35:00+09:00,0.014162,0.014216,0.014131,0.014166,18471949.0
2025-05-13 21:40:00+09:00,0.014156,0.014222,0.014087,0.014104,18407595.0
2025-05-13 21:45:00+09:00,0.014102,0.014175,0.014044,0.014166,10002005.0
2025-05-13 21:50:00+09:00,0.014164,0.014221,0.014153,0.014206,11008687.0
2025-05-13 21:55:00+09:00,0.014206,0.014273,0.014182,0.014261,17817809.0
2025-05-13 22:00:00+09:00,0.014265,0.014509,0.014265,0.014357,43115093.0
2025-05-13 22:05:00+09:00,0.014359,0.014386,0.01428,0.014296,19724624.0
2025-05-13 22:10:00+09:00,0.014292,0.014352,0.014256,0.014308,12710826.0
2025-05-13 22:15:00+09:00,0.014307,0.014475,0.014307,0.01443,19533330.0
2025-05-13 22:20:00+09:00,0.01443,0.014445,0.014311,0.014365,16770700.0
2025-05-13 22:25:00+09:00,0.014363,0.014448,0.014353,0.014397,20097542.0
2025-05-13 22:30:00+09:00,0.0144,0.014432,0.014313,0.014344,26760454.0
2025-05-13 22:35:00+09:00,0.014345,0.014352,0.014147,0.014152,19203885.0
2025-05-13 22:40:00+09:00,0.014151,0.014201,0.014028,0.014073,28204473.0
2025-05-13 22:45:00+09:00,0.014073,0.014078,0.013954,0.014009,26533169.0
2025-05-13 22:50:00+09:00,0.01401,0.014086,0.013998,0.014005,21489564.0
2025-05-13 22:55:00+09:00,0.014007,0.014027,0.013958,0.013972,10411870.0
2025-05-13 23:00:00+09:00,0.013972,0.014012,0.013833,0.01384,42540151.0
2025-05-13 23:05:00+09:00,0.013842,0.013842,0.013664,0.013667,28763089.0
2025-05-13 23:10:00+09:00,0.013665,0.013711,0.013577,0.013654,36918326.0
2025-05-13 23:15:00+09:00,0.013649,0.013729,0.013554,0.013724,20411133.0
2025-05-13 23:20:00+09:00,0.013723,0.013901,0.013722,0.013893,19802205.0
2025-05-13 23:25:00+09:00,0.013891,0.014005,0.013861,0.013946,37454231.0
2025-05-13 23:30:00+09:00,0.013946,0.013972,0.01387,0.013886,9702398.0
2025-05-13 23:35:00+09:00,0.01388,0.013938,0.013853,0.013919,4912908.0
2025-05-13 23:40:00+09:00,0.013921,0.013935,0.013784,0.01384,37236938.0
2025-05-13 23:45:00+09:00,0.01384,0.013876,0.013682,0.013719,10847932.0
2025-05-13 23:50:00+09:00,0.013717,0.013788,0.013702,0.013735,9123465.0
2025-05-13 23:55:00+09:00,0.013728,0.013771,0.013716,0.013769,4738793.0
2025-05-14 00:00:00+09:00,0.013775,0.01383,0.013734,0.013811,6545601.0
2025-05-14 00:05:00+09:00,0.013805,0.013902,0.013772,0.013897,15408395.0
2025-05-14 00:10:00+09:00,0.013897,0.013969,0.013889,0.013929,8039645.0
2025-05-14 00:15:00+09:00,0.013934,0.014037,0.01393,0.013995,12852980.0
2025-05-14 00:20:00+09:00,0.013989,0.014007,0.013917,0.013938,7277253.0
2025-05-14 00:25:00+09:00,0.013948,0.014065,0.013942,0.014036,8014143.0
2025-05-14 00:30:00+09:00,0.014035,0.014056,0.01388,0.013887,9080458.0
2025-05-14 00:35:00+09:00,0.01388,0.014083,0.013871,0.014082,25111707.0
2025-05-14 00:40:00+09:00,0.014083,0.014156,0.014055,0.014116,35084925.0
2025-05-14 00:45:00+09:00,0.014115,0.014149,0.014073,0.014113,48303996.0
2025-05-14 00:50:00+09:00,0.014112,0.014159,0.014049,0.014152,13649757.0
2025-05-14 00:55:00+09:00,0.01415,0.014162,0.014089,0.014125,5283136.0
2025-05-14 01:00:00+09:00,0.014125,0.014251,0.014119,0.014245,26134496.0
2025-05-14 01:05:00+09:00,0.014244,0.014321,0.014171,0.014307,20817845.0
2025-05-14 01:10:00+09:00,0.014306,0.0144,0.014274,0.014387,21710086.0
2025-05-14 01:15:00+09:00,0.014387,0.014407,0.014267,0.014275,20129930.0
2025-05-14 01:20:00+09:00,0.014272,0.014294,0.014211,0.014269,10364126.0
2025-05-14 01:25:00+09:00,0.014271,0.014277,0.014144,0.014154,15849249.0
2025-05-14 01:30:00+09:00,0.014154,0.014159,0.014092,0.014111,12015809.0
2025-05-14 01:35:00+09:00,0.014124,0.014194,0.014092,0.01416,11762230.0
2025-05-14 01:40:00+09:00,0.014158,0.014188,0.01413,0.014184,4091263.0
2025-05-14 01:45:00+09:00,0.014187,0.014261,0.014144,0.014228,10404597.0
2025-05-14 01:50:00+09:00,0.014224,0.01423,0.014166,0.014211,6043021.0
2025-05-14 01:55:00+09:00,0.014209,0.014223,0.014123,0.014135,6186349.0
2025-05-14 02:00:00+09:00,0.014138,0.014322,0.014132,0.014319,16262094.0
2025-05-14 02:05:00+09:00,0.01432,0.014342,0.014268,0.014297,6528082.0
2025-05-14 02:10:00+09:00,0.014295,0.01434,0.014245,0.014259,5882982.0
2025-05-14 02:15:00+09:00,0.014263,0.014326,0.014226,0.014301,11961653.0
2025-05-14 02:20:00+09:00,0.014301,0.014396,0.014289,0.014378,12624415.0
2025-05-14 02:25:00+09:00,0.01438,0.014398,0.01431,0.014395,7207561.0
2025-05-14 02:30:00+09:00,0.014396,0.0144,0.014281,0.014318,15132228.0
2025-05-14 02:35:00+09:00,0.014323,0.014337,0.014265,0.014308,7679394.0
2025-05-14 02:40:00+09:00,0.014308,0.014381,0.014308,0.014379,3735506.0
2025-05-14 02:45:00+09:00,0.014378,0.014492,0.014367,0.014444,22041127.0
2025-05-14 02:50:00+09:00,0.014439,0.014476,0.014272,0.014275,22516207.0
2025-05-14 02:55:00+09:00,0.014273,0.014299,0.014242,0.014277,4475836.0
2025-05-14 03:00:00+09:00,0.014276,0.014298,0.01424,0.014287,8537070.0
2025-05-14 03:05:00+09:00,0.014284,0.014296,0.014252,0.014256,5612012.0
2025-05-14 03:10:00+09:00,0.014258,0.014299,0.014242,0.014294,7225208.0
2025-05-14 03:15:00+09:00,0.014295,0.014302,0.014219,0.014262,8528889.0
2025-05-14 03:20:00+09:00,0.014262,0.014295,0.014247,0.01426,3315011.0
2025-05-14 03:25:00+09:00,0.014262,0.014297,0.014245,0.014258,6228486.0
2025-05-14 03:30:00+09:00,0.014255,0.014276,0.014216,0.014231,7433684.0
2025-05-14 03:35:00+09:00,0.014231,0.014242,0.01417,0.014182,6207970.0
2025-05-14 03:40:00+09:00,0.014181,0.014203,0.014098,0.014105,20255724.0
2025-05-14 03:45:00+09:00,0.014105,0.014277,0.0141,0.014251,28450788.0
2025-05-14 03:50:00+09:00,0.014248,0.014315,0.014132,0.014211,28680083.0
2025-05-14 03:55:00+09:00,0.01421,0.014267,0.014166,0.014261,6591749.0
2025-05-14 04:00:00+09:00,0.014261,0.014265,0.014205,0.014262,6827546.0
2025-05-14 04:05:00+09:00,0.014262,0.014263,0.014184,0.014217,10644315.0
2025-05-14 04:10:00+09:00,0.014223,0.014253,0.01418,0.014183,2867564.0
2025-05-14 04:15:00+09:00,0.014186,0.014269,0.014186,0.014269,5237229.0
2025-05-14 04:20:00+09:00,0.01427,0.014426,0.014266,0.014423,16884104.0
2025-05-14 04:25:00+09:00,0.014424,0.014557,0.014397,0.014443,36077352.0
2025-05-14 04:30:00+09:00,0.014443,0.014652,0.014443,0.014617,26185210.0
2025-05-14 04:35:00+09:00,0.014615,0.014695,0.014584,0.014628,26592833.0
2025-05-14 04:40:00+09:00,0.01463,0.014776,0.014609,0.014748,27666983.0
2025-05-14 04:45:00+09:00,0.01474,0.014775,0.014659,0.014673,19021832.0
2025-05-14 04:50:00+09:00,0.014676,0.01472,0.014389,0.014465,47985609.0
2025-05-14 04:55:00+09:00,0.014468,0.014508,0.01439,0.014462,14545388.0
2025-05-14 05:00:00+09:00,0.01446,0.014524,0.01443,0.014473,12107384.0
2025-05-14 05:05:00+09:00,0.014471,0.01448,0.014357,0.014388,18020339.0
2025-05-14 05:10:00+09:00,0.014388,0.014447,0.014377,0.014415,9218041.0
2025-05-14 05:15:00+09:00,0.014413,0.014426,0.014323,0.014356,6170587.0
2025-05-14 05:20:00+09:00,0.014356,0.014428,0.014332,0.014416,8589104.0
2025-05-14 05:25:00+09:00,0.014415,0.014428,0.014361,0.014391,3889564.0
2025-05-14 05:30:00+09:00,0.01439,0.014478,0.014386,0.014457,8696297.0
2025-05-14 05:35:00+09:00,0.014462,0.014546,0.014445,0.014542,6612006.0
2025-05-14 05:40:00+09:00,0.014547,0.014598,0.014527,0.01455,7460306.0
2025-05-14 05:45:00+09:00,0.014546,0.014608,0.014525,0.014551,5851265.0
2025-05-14 05:50:00+09:00,0.014554,0.014613,0.014525,0.014534,6111657.0
2025-05-14 05:55:00+09:00,0.014536,0.01469,0.014524,0.014688,6575271.0
2025-05-14 06:00:00+09:00,0.014685,0.014747,0.014649,0.014686,20211866.0
2025-05-14 06:05:00+09:00,0.014687,0.014766,0.014675,0.014766,16096840.0
2025-05-14 06:10:00+09:00,0.014766,0.01479,0.014583,0.014591,15197525.0
2025-05-14 06:15:00+09:00,0.014592,0.014662,0.014576,0.014603,11465991.0
2025-05-14 06:20:00+09:00,0.014606,0.01461,0.014501,0.014518,10438047.0
2025-05-14 06:25:00+09:00,0.014518,0.0146,0.014504,0.014552,5445799.0
2025-05-14 06:30:00+09:00,0.014552,0.0146,0.014508,0.014514,6916744.0
2025-05-14 06:35:00+09:00,0.014514,0.014514,0.014435,0.014466,7994303.0
2025-05-14 06:40:00+09:00,0.01447,0.014489,0.014404,0.014413,3945084.0
2025-05-14 06:45:00+09:00,0.014414,0.01446,0.014366,0.01446,7566055.0
2025-05-14 06:50:00+09:00,0.01446,0.014539,0.01446,0.014532,6406676.0
2025-05-14 06:55:00+09:00,0.014534,0.014567,0.014488,0.014567,6450555.0
2025-05-14 07:00:00+09:00,0.014567,0.014601,0.014491,0.014514,19595599.0
2025-05-14 07:05:00+09:00,0.014517,0.014518,0.014377,0.0144,9586258.0
2025-05-14 07:10:00+09:00,0.014397,0.014468,0.014349,0.014349,16313937.0
2025-05-14 07:15:00+09:00,0.01435,0.014463,0.014347,0.014463,6895207.0
2025-05-14 07:20:00+09:00,0.014456,0.014461,0.014359,0.014365,4746155.0
2025-05-14 07:25:00+09:00,0.014367,0.014372,0.014326,0.014348,4719716.0
2025-05-14 07:30:00+09:00,0.014348,0.014387,0.014295,0.014371,16714522.0
2025-05-14 07:35:00+09:00,0.014372,0.014398,0.014339,0.01438,9682428.0
2025-05-14 07:40:00+09:00,0.01438,0.014407,0.014358,0.014373,2586947.0
2025-05-14 07:45:00+09:00,0.014373,0.014421,0.014368,0.014395,3291387.0
2025-05-14 07:50:00+09:00,0.014397,0.014412,0.014344,0.014344,7247150.0
2025-05-14 07:55:00+09:00,0.014344,0.014348,0.014287,0.014319,10959930.0
2025-05-14 08:00:00+09:00,0.014318,0.014367,0.014288,0.01434,5257763.0
2025-05-14 08:05:00+09:00,0.014337,0.014337,0.014239,0.014325,12528060.0
2025-05-14 08:10:00+09:00,0.014327,0.014398,0.014303,0.014398,5374433.0
2025-05-14 08:15:00+09:00,0.0144,0.014521,0.014395,0.014498,9060570.0
2025-05-14 08:20:00+09:00,0.014496,0.014504,0.014397,0.014402,7683936.0
2025-05-14 08:25:00+09:00,0.014401,0.014416,0.014354,0.014364,4799670.0
2025-05-14 08:30:00+09:00,0.014366,0.014418,0.014344,0.014408,4873291.0
2025-05-14 08:35:00+09:00,0.014409,0.014465,0.014385,0.014406,10484617.0
2025-05-14 08:40:00+09:00,0.014402,0.014475,0.014394,0.014446,8737734.0
2025-05-14 08:45:00+09:00,0.014443,0.014458,0.014363,0.014368,7635695.0
2025-05-14 08:50:00+09:00,0.014365,0.014399,0.014321,0.014337,10567997.0
2025-05-14 08:55:00+09:00,0.01434,0.014372,0.014276,0.014295,5188166.0
2025-05-14 09:00:00+09:00,0.014294,0.014356,0.014252,0.014262,14239654.0
2025-05-14 09:05:00+09:00,0.014263,0.014265,0.014147,0.014156,16722507.0
2025-05-14 09:10:00+09:00,0.014154,0.014196,0.014123,0.014146,8526967.0
2025-05-14 09:15:00+09:00,0.014148,0.014149,0.014033,0.014074,30336277.0
2025-05-14 09:20:00+09:00,0.014071,0.014128,0.014066,0.014069,7240705.0
2025-05-14 09:25:00+09:00,0.014069,0.01407,0.013953,0.013991,19834070.0
2025-05-14 09:30:00+09:00,0.013993,0.013993,0.013901,0.013964,19360009.0
2025-05-14 09:35:00+09:00,0.013969,0.013998,0.013938,0.013972,4158511.0
2025-05-14 09:40:00+09:00,0.013971,0.013975,0.013924,0.013948,9705174.0
2025-05-14 09:45:00+09:00,0.013946,0.013946,0.013863,0.013904,16890892.0
2025-05-14 09:50:00+09:00,0.013906,0.01401,0.013906,0.013934,9426046.0
2025-05-14 09:55:00+09:00,0.013935,0.014012,0.013901,0.013997,7792719.0
2025-05-14 10:00:00+09:00,0.013997,0.014041,0.013936,0.013994,13496002.0
2025-05-14 10:05:00+09:00,0.013994,0.014,0.013903,0.01398,11794501.0
2025-05-14 10:10:00+09:00,0.013981,0.014049,0.013957,0.014048,10261112.0
2025-05-14 10:15:00+09:00,0.01405,0.014071,0.013986,0.013986,6999671.0
2025-05-14 10:20:00+09:00,0.013985,0.014028,0.013958,0.013972,6536064.0
2025-05-14 10:25:00+09:00,0.013975,0.014094,0.013954,0.013989,22402555.0
2025-05-14 10:30:00+09:00,0.013986,0.014046,0.013967,0.014,7294219.0
2025-05-14 10:35:00+09:00,0.013997,0.014018,0.013933,0.013998,7982238.0
2025-05-14 10:40:00+09:00,0.013996,0.014136,0.013995,0.014096,29806661.0
2025-05-14 10:45:00+09:00,0.014095,0.014157,0.014015,0.01406,20788738.0
2025-05-14 10:50:00+09:00,0.014054,0.014062,0.013916,0.013947,14779601.0
2025-05-14 10:55:00+09:00,0.01395,0.013997,0.013936,0.013971,3824510.0
2025-05-14 11:00:00+09:00,0.013971,0.013995,0.013896,0.013995,14648353.0
2025-05-14 11:05:00+09:00,0.013991,0.014008,0.013865,0.013874,13273836.0
2025-05-14 11:10:00+09:00,0.013873,0.013938,0.013781,0.013928,17852288.0
2025-05-14 11:15:00+09:00,0.01393,0.013989,0.013892,0.013982,5588426.0
2025-05-14 11:20:00+09:00,0.013981,0.014008,0.013957,0.013971,8428016.0
2025-05-14 11:25:00+09:00,0.01397,0.013993,0.013889,0.013908,8468078.0
2025-05-14 11:30:00+09:00,0.013911,0.013955,0.013887,0.013951,8628154.0
2025-05-14 11:35:00+09:00,0.013949,0.014041,0.013945,0.014038,6514102.0
2025-05-14 11:40:00+09:00,0.014038,0.014081,0.014032,0.014071,5786729.0
2025-05-14 11:45:00+09:00,0.01407,0.014102,0.013987,0.014002,13397794.0
2025-05-14 11:50:00+09:00,0.014003,0.014011,0.013977,0.013998,4959720.0
2025-05-14 11:55:00+09:00,0.013997,0.014074,0.013997,0.014044,5750601.0
2025-05-14 12:00:00+09:00,0.014041,0.014064,0.013949,0.013991,7748787.0
2025-05-14 12:05:00+09:00,0.013983,0.01399,0.013862,0.013921,11194702.0
2025-05-14 12:10:00+09:00,0.013921,0.013993,0.013911,0.013981,2712706.0
2025-05-14 12:15:00+09:00,0.01398,0.014003,0.01392,0.013944,4078475.0
2025-05-14 12:20:00+09:00,0.013942,0.013943,0.013886,0.01392,10459759.0
2025-05-14 12:25:00+09:00,0.013922,0.013949,0.013858,0.013902,7541932.0
2025-05-14 12:30:00+09:00,0.013905,0.013951,0.013885,0.013947,7353236.0
2025-05-14 12:35:00+09:00,0.013947,0.013961,0.013897,0.013904,3361988.0
2025-05-14 12:40:00+09:00,0.013904,0.013983,0.013903,0.013952,3426095.0
2025-05-14 12:45:00+09:00,0.013952,0.014009,0.013939,0.013998,3675431.0
2025-05-14 12:50:00+09:00,0.014,0.014041,0.013969,0.014021,7473091.0
2025-05-14 12:55:00+09:00,0.014015,0.01403,0.013986,0.014015,3314989.0
2025-05-14 13:00:00+09:00,0.014014,0.014014,0.013961,0.01398,4582383.0
2025-05-14 13:05:00+09:00,0.013976,0.014005,0.013949,0.013973,4701623.0
2025-05-14 13:10:00+09:00,0.013974,0.014046,0.013943,0.01404,7677333.0
2025-05-14 13:15:00+09:00,0.014041,0.014049,0.013963,0.014028,4452003.0
2025-05-14 13:20:00+09:00,0.014029,0.014042,0.013971,0.014023,2191992.0
2025-05-14 13:25:00+09:00,0.014026,0.014052,0.013987,0.013997,4582276.0
2025-05-14 13:30:00+09:00,0.013995,0.014021,0.013984,0.014013,2022376.0
2025-05-14 13:35:00+09:00,0.014007,0.014161,0.014007,0.014158,14080614.0
2025-05-14 13:40:00+09:00,0.014156,0.014156,0.014123,0.014127,4989717.0
2025-05-14 13:45:00+09:00,0.014125,0.014149,0.014093,0.014117,4011694.0
2025-05-14 13:50:00+09:00,0.014112,0.014157,0.014104,0.014142,3459708.0
2025-05-14 13:55:00+09:00,0.01414,0.014205,0.014137,0.014205,4956900.0
2025-05-14 14:00:00+09:00,0.014203,0.014286,0.014164,0.014283,16790775.0
2025-05-14 14:05:00+09:00,0.014285,0.014285,0.014209,0.014215,6770715.0
2025-05-14 14:10:00+09:00,0.014212,0.014212,0.014156,0.014158,3804215.0
2025-05-14 14:15:00+09:00,0.014156,0.014196,0.014152,0.014167,1841988.0
2025-05-14 14:20:00+09:00,0.014166,0.014199,0.014149,0.01419,3337919.0
2025-05-14 14:25:00+09:00,0.014189,0.014195,0.014161,0.014189,2628585.0
2025-05-14 14:30:00+09:00,0.014188,0.01427,0.014188,0.01426,7620779.0
2025-05-14 14:35:00+09:00,0.01426,0.01429,0.014252,0.014275,7883437.0
2025-05-14 14:40:00+09:00,0.014277,0.014278,0.014235,0.01426,7474991.0
2025-05-14 14:45:00+09:00,0.014259,0.014342,0.014232,0.014335,8978174.0
2025-05-14 14:50:00+09:00,0.014334,0.014388,0.014332,0.014388,11265631.0
2025-05-14 14:55:00+09:00,0.014386,0.014393,0.01435,0.014387,8414176.0
2025-05-14 15:00:00+09:00,0.014387,0.014425,0.014336,0.014425,6765210.0
2025-05-14 15:05:00+09:00,0.014425,0.014432,0.014361,0.014387,6844587.0
2025-05-14 15:10:00+09:00,0.01439,0.01439,0.014283,0.014304,6929944.0
2025-05-14 15:15:00+09:00,0.014306,0.014363,0.014286,0.014286,4129257.0
2025-05-14 15:20:00+09:00,0.014286,0.014286,0.014224,0.014255,5874184.0
2025-05-14 15:25:00+09:00,0.014253,0.014339,0.014253,0.014338,4185371.0
2025-05-14 15:30:00+09:00,0.014336,0.014367,0.014318,0.014319,3624129.0
2025-05-14 15:35:00+09:00,0.014322,0.014328,0.014292,0.014307,3468456.0
2025-05-14 15:40:00+09:00,0.014317,0.014374,0.014303,0.014339,3037087.0
2025-05-14 15:45:00+09:00,0.014336,0.014347,0.014249,0.01429,13804125.0
2025-05-14 15:50:00+09:00,0.014293,0.014317,0.014275,0.014298,4325686.0
2025-05-14 15:55:00+09:00,0.014291,0.014292,0.014245,0.014246,4134916.0
2025-05-14 16:00:00+09:00,0.014247,0.014248,0.014157,0.014164,5928058.0
2025-05-14 16:05:00+09:00,0.014165,0.014232,0.014165,0.014207,2935254.0
2025-05-14 16:10:00+09:00,0.014208,0.014238,0.0142,0.014221,1976497.0
2025-05-14 16:15:00+09:00,0.014222,0.014228,0.014154,0.014198,9717656.0
2025-05-14 16:20:00+09:00,0.0142,0.014219,0.014127,0.014129,5419406.0
2025-05-14 16:25:00+09:00,0.014128,0.014153,0.014062,0.014104,8262491.0
2025-05-14 16:30:00+09:00,0.014107,0.01412,0.014014,0.014063,5946206.0
2025-05-14 16:35:00+09:00,0.014063,0.014092,0.01402,0.014061,6346732.0
2025-05-14 16:40:00+09:00,0.01406,0.014112,0.014036,0.0141,9338187.0
2025-05-14 16:45:00+09:00,0.014097,0.014109,0.014028,0.014098,6144252.0
2025-05-14 16:50:00+09:00,0.014099,0.014151,0.014062,0.014125,6135710.0
2025-05-14 16:55:00+09:00,0.014124,0.014155,0.014077,0.014079,10999887.0
2025-05-14 17:00:00+09:00,0.01408,0.014161,0.014051,0.014092,7234822.0
2025-05-14 17:05:00+09:00,0.014094,0.014127,0.013982,0.014017,9612883.0
2025-05-14 17:10:00+09:00,0.014013,0.014027,0.013927,0.014009,13925541.0
2025-05-14 17:15:00+09:00,0.014011,0.014062,0.01398,0.014028,6263164.0
2025-05-14 17:20:00+09:00,0.014028,0.01407,0.014019,0.014053,3387393.0
2025-05-14 17:25:00+09:00,0.014054,0.014129,0.014025,0.014124,8725256.0
2025-05-14 17:30:00+09:00,0.014125,0.014153,0.014098,0.014134,6730993.0
2025-05-14 17:35:00+09:00,0.014137,0.014279,0.01411,0.014239,15540577.0
2025-05-14 17:40:00+09:00,0.014237,0.014282,0.014208,0.014251,9062501.0
2025-05-14 17:45:00+09:00,0.014245,0.014266,0.013888,0.013908,47680203.0
2025-05-14 17:50:00+09:00,0.013907,0.013912,0.013686,0.013765,38925356.0
2025-05-14 17:55:00+09:00,0.013766,0.013804,0.013617,0.013643,41884020.0
2025-05-14 18:00:00+09:00,0.013643,0.013823,0.013636,0.01368,30481517.0
2025-05-14 18:05:00+09:00,0.013679,0.013752,0.01367,0.013715,20326255.0
2025-05-14 18:10:00+09:00,0.013714,0.013752,0.013665,0.01371,15678517.0
2025-05-14 18:15:00+09:00,0.013715,0.013803,0.013688,0.013725,17217546.0
2025-05-14 18:20:00+09:00,0.013728,0.013804,0.013693,0.013798,11558712.0
2025-05-14 18:25:00+09:00,0.013802,0.013812,0.013761,0.013801,8118785.0
2025-05-14 18:30:00+09:00,0.0138,0.013819,0.013751,0.0138,4986510.0
2025-05-14 18:35:00+09:00,0.013797,0.013797,0.013732,0.013752,7594728.0
2025-05-14 18:40:00+09:00,0.013754,0.013811,0.013734,0.013755,5569750.0
2025-05-14 18:45:00+09:00,0.013755,0.013807,0.013748,0.013803,3954340.0
2025-05-14 18:50:00+09:00,0.013804,0.013808,0.013759,0.013779,3232219.0
2025-05-14 18:55:00+09:00,0.013778,0.0139,0.013778,0.013882,4535119.0
2025-05-14 19:00:00+09:00,0.013885,0.013905,0.013849,0.013898,4775625.0
2025-05-14 19:05:00+09:00,0.013896,0.013908,0.013861,0.013896,14566570.0
2025-05-14 19:10:00+09:00,0.013896,0.013944,0.013889,0.013939,8911239.0
2025-05-14 19:15:00+09:00,0.013935,0.013984,0.013869,0.013893,12135224.0
2025-05-14 19:20:00+09:00,0.01389,0.013928,0.013862,0.013927,4392199.0
2025-05-14 19:25:00+09:00,0.01393,0.013952,0.013904,0.013913,3537159.0
2025-05-14 19:30:00+09:00,0.013914,0.013966,0.013906,0.013918,8484771.0
2025-05-14 19:35:00+09:00,0.013916,0.013971,0.013906,0.013951,3749556.0
2025-05-14 19:40:00+09:00,0.013953,0.013978,0.01393,0.013932,4288540.0
2025-05-14 19:45:00+09:00,0.013933,0.01394,0.013891,0.013891,3651236.0
2025-05-14 19:50:00+09:00,0.01389,0.013941,0.013876,0.013912,2648915.0
2025-05-14 19:55:00+09:00,0.01391,0.013916,0.013858,0.013865,2317190.0
2025-05-14 20:00:00+09:00,0.013867,0.013923,0.013867,0.013915,2769717.0
2025-05-14 20:05:00+09:00,0.013913,0.013945,0.013908,0.013937,671405.0
2025-05-14 20:10:00+09:00,0.013937,0.013997,0.013905,0.013997,5148310.0
2025-05-14 20:15:00+09:00,0.013992,0.014,0.013966,0.013994,2327916.0
2025-05-14 20:20:00+09:00,0.013994,0.014037,0.013972,0.014034,3757223.0
2025-05-14 20:25:00+09:00,0.014036,0.014123,0.014036,0.014069,19499240.0
2025-05-14 20:30:00+09:00,0.014069,0.014143,0.014056,0.014133,6233487.0
2025-05-14 20:35:00+09:00,0.014132,0.014298,0.014131,0.01429,13292702.0
2025-05-14 20:40:00+09:00,0.014291,0.01433,0.01424,0.014302,19811400.0
2025-05-14 20:45:00+09:00,0.0143,0.014399,0.014262,0.014364,28450880.0
2025-05-14 20:50:00+09:00,0.014362,0.014425,0.014313,0.01435,19089217.0
2025-05-14 20:55:00+09:00,0.014349,0.0144,0.014329,0.014334,10524121.0
2025-05-14 21:00:00+09:00,0.014334,0.014423,0.014277,0.01428,15696636.0
2025-05-14 21:05:00+09:00,0.014284,0.014305,0.014247,0.014301,23134028.0
2025-05-14 21:10:00+09:00,0.0143,0.014329,0.014259,0.014288,6634386.0
2025-05-14 21:15:00+09:00,0.014293,0.014419,0.014285,0.014396,18174459.0
2025-05-14 21:20:00+09:00,0.014395,0.014421,0.014259,0.014269,15871171.0
2025-05-14 21:25:00+09:00,0.01427,0.01428,0.014232,0.014265,4858081.0
2025-05-14 21:30:00+09:00,0.014272,0.014333,0.014272,0.014294,5740609.0
2025-05-14 21:35:00+09:00,0.014295,0.014324,0.014238,0.01426,11444945.0
2025-05-14 21:40:00+09:00,0.014259,0.014275,0.014216,0.01425,10138478.0
2025-05-14 21:45:00+09:00,0.014249,0.014337,0.014224,0.014231,20440047.0
2025-05-14 21:50:00+09:00,0.014231,0.014353,0.0142,0.01428,27325674.0
2025-05-14 21:55:00+09:00,0.014277,0.014277,0.014179,0.014218,30638560.0
2025-05-14 22:00:00+09:00,0.014216,0.014226,0.014089,0.014121,13638928.0
2025-05-14 22:05:00+09:00,0.014121,0.014125,0.013988,0.014073,16107541.0
2025-05-14 22:10:00+09:00,0.014073,0.014108,0.014045,0.014096,7349357.0
2025-05-14 22:15:00+09:00,0.014095,0.014204,0.014085,0.014138,11471928.0
2025-05-14 22:20:00+09:00,0.014133,0.014272,0.014081,0.014271,18996131.0
2025-05-14 22:25:00+09:00,0.014272,0.014285,0.01421,0.014233,8786074.0
2025-05-14 22:30:00+09:00,0.01424,0.014338,0.014181,0.014335,16474701.0
2025-05-14 22:35:00+09:00,0.014338,0.014338,0.014106,0.01421,17640306.0
2025-05-14 22:40:00+09:00,0.014209,0.014256,0.014001,0.014029,22564990.0
2025-05-14 22:45:00+09:00,0.01403,0.014063,0.013879,0.013921,18110025.0
2025-05-14 22:50:00+09:00,0.013916,0.014111,0.013906,0.01408,15542404.0
2025-05-14 22:55:00+09:00,0.014083,0.01443,0.014032,0.01439,38182953.0
2025-05-14 23:00:00+09:00,0.014393,0.014413,0.014284,0.014395,31471841.0
2025-05-14 23:05:00+09:00,0.014396,0.014406,0.014234,0.014337,22627439.0
2025-05-14 23:10:00+09:00,0.014336,0.014338,0.014216,0.01423,12613097.0
2025-05-14 23:15:00+09:00,0.014234,0.014327,0.014155,0.014232,25864682.0
2025-05-14 23:20:00+09:00,0.014238,0.014363,0.014216,0.014308,23347993.0
2025-05-14 23:25:00+09:00,0.014309,0.014377,0.014291,0.014316,10735885.0
2025-05-14 23:30:00+09:00,0.01431,0.014484,0.014275,0.014357,62731090.0
2025-05-14 23:35:00+09:00,0.014352,0.014568,0.014314,0.014534,49606867.0
2025-05-14 23:40:00+09:00,0.014536,0.014545,0.014408,0.014428,25465430.0
2025-05-14 23:45:00+09:00,0.01443,0.014445,0.014221,0.014262,13157603.0
2025-05-14 23:50:00+09:00,0.014259,0.014485,0.014259,0.01441,17863216.0
2025-05-14 23:55:00+09:00,0.014413,0.014503,0.014395,0.014462,15147847.0
2025-05-15 00:00:00+09:00,0.014462,0.014466,0.01429,0.014322,14247075.0
2025-05-15 00:05:00+09:00,0.014321,0.014372,0.014265,0.014372,19663007.0
2025-05-15 00:10:00+09:00,0.014372,0.014554,0.014339,0.01447,29472654.0
2025-05-15 00:15:00+09:00,0.014464,0.014754,0.01446,0.014631,55171312.0
2025-05-15 00:20:00+09:00,0.014631,0.014654,0.014484,0.014643,36505276.0
2025-05-15 00:25:00+09:00,0.014643,0.015108,0.014565,0.01504,217153415.0
2025-05-15 00:30:00+09:00,0.015033,0.0156,0.014987,0.015586,190259698.0
2025-05-15 00:35:00+09:00,0.015584,0.015594,0.014504,0.014898,184638968.0
2025-05-15 00:40:00+09:00,0.014894,0.014902,0.014689,0.014824,115145667.0
2025-05-15 00:45:00+09:00,0.014821,0.015149,0.01481,0.015013,60245942.0
2025-05-15 00:50:00+09:00,0.015029,0.015155,0.014987,0.015142,47756112.0
2025-05-15 00:55:00+09:00,0.015145,0.015407,0.015066,0.015374,67566684.0
2025-05-15 01:00:00+09:00,0.01537,0.01537,0.015139,0.015225,70943478.0
2025-05-15 01:05:00+09:00,0.015222,0.015394,0.015205,0.015296,69658614.0
2025-05-15 01:10:00+09:00,0.015288,0.015573,0.015275,0.015562,98422335.0
2025-05-15 01:15:00+09:00,0.015558,0.015577,0.015243,0.015246,52774221.0
2025-05-15 01:20:00+09:00,0.015247,0.015309,0.015131,0.015224,39380426.0
2025-05-15 01:25:00+09:00,0.015227,0.01531,0.015158,0.015159,20186644.0
2025-05-15 01:30:00+09:00,0.015164,0.015352,0.014989,0.015342,50397072.0
2025-05-15 01:35:00+09:00,0.015343,0.015419,0.015231,0.01539,32578916.0
2025-05-15 01:40:00+09:00,0.01539,0.01545,0.015314,0.015337,34819253.0
2025-05-15 01:45:00+09:00,0.015341,0.015426,0.014952,0.01497,71893505.0
2025-05-15 01:50:00+09:00,0.014969,0.015025,0.014771,0.014836,51012435.0
2025-05-15 01:55:00+09:00,0.014838,0.014869,0.014733,0.014741,30179734.0
2025-05-15 02:00:00+09:00,0.014743,0.014863,0.014647,0.014746,40069404.0
2025-05-15 02:05:00+09:00,0.014737,0.014795,0.01462,0.014794,20587304.0
2025-05-15 02:10:00+09:00,0.014793,0.014887,0.014727,0.014887,31881664.0
2025-05-15 02:15:00+09:00,0.014887,0.014903,0.014759,0.014792,22005697.0
