timestamp,open,high,low,close,volume
2025-04-10 09:00:00+09:00,2.558,2.559,2.545,2.551,53908.9
2025-04-10 09:05:00+09:00,2.552,2.554,2.544,2.547,16724.05
2025-04-10 09:10:00+09:00,2.546,2.551,2.542,2.542,6313.09
2025-04-10 09:15:00+09:00,2.544,2.552,2.543,2.552,8528.67
2025-04-10 09:20:00+09:00,2.553,2.56,2.551,2.56,14704.41
2025-04-10 09:25:00+09:00,2.559,2.561,2.553,2.554,8331.04
2025-04-10 09:30:00+09:00,2.554,2.556,2.537,2.545,18854.61
2025-04-10 09:35:00+09:00,2.545,2.545,2.536,2.54,27554.01
2025-04-10 09:40:00+09:00,2.54,2.542,2.527,2.531,64597.95
2025-04-10 09:45:00+09:00,2.531,2.546,2.53,2.532,29348.85
2025-04-10 09:50:00+09:00,2.532,2.539,2.526,2.537,20500.12
2025-04-10 09:55:00+09:00,2.537,2.547,2.533,2.544,13260.19
2025-04-10 10:00:00+09:00,2.544,2.556,2.538,2.543,10172.08
2025-04-10 10:05:00+09:00,2.543,2.548,2.541,2.546,7415.58
2025-04-10 10:10:00+09:00,2.547,2.556,2.546,2.547,3913.46
2025-04-10 10:15:00+09:00,2.548,2.55,2.541,2.547,1592.59
2025-04-10 10:20:00+09:00,2.548,2.549,2.537,2.537,5766.52
2025-04-10 10:25:00+09:00,2.537,2.537,2.532,2.535,1895.49
2025-04-10 10:30:00+09:00,2.533,2.533,2.522,2.526,20765.64
2025-04-10 10:35:00+09:00,2.527,2.534,2.523,2.534,14043.26
2025-04-10 10:40:00+09:00,2.533,2.534,2.526,2.529,1604.97
2025-04-10 10:45:00+09:00,2.53,2.536,2.529,2.536,4888.23
2025-04-10 10:50:00+09:00,2.535,2.537,2.531,2.533,1176.06
2025-04-10 10:55:00+09:00,2.534,2.535,2.53,2.534,754.26
2025-04-10 11:00:00+09:00,2.535,2.54,2.533,2.537,3803.53
2025-04-10 11:05:00+09:00,2.536,2.536,2.528,2.534,3028.66
2025-04-10 11:10:00+09:00,2.535,2.542,2.534,2.542,2884.79
2025-04-10 11:15:00+09:00,2.542,2.542,2.538,2.541,2536.24
2025-04-10 11:20:00+09:00,2.541,2.543,2.536,2.543,1639.99
2025-04-10 11:25:00+09:00,2.544,2.545,2.54,2.543,4383.85
2025-04-10 11:30:00+09:00,2.543,2.55,2.541,2.547,12372.35
2025-04-10 11:35:00+09:00,2.548,2.551,2.547,2.55,2299.14
2025-04-10 11:40:00+09:00,2.551,2.555,2.548,2.549,4403.11
2025-04-10 11:45:00+09:00,2.55,2.55,2.536,2.538,14534.48
2025-04-10 11:50:00+09:00,2.54,2.544,2.539,2.544,2342.13
2025-04-10 11:55:00+09:00,2.543,2.548,2.53,2.53,6534.17
2025-04-10 12:00:00+09:00,2.53,2.539,2.529,2.535,31808.61
2025-04-10 12:05:00+09:00,2.535,2.542,2.535,2.538,10112.82
2025-04-10 12:10:00+09:00,2.538,2.538,2.515,2.516,12111.76
2025-04-10 12:15:00+09:00,2.515,2.522,2.498,2.5,26693.74
2025-04-10 12:20:00+09:00,2.499,2.504,2.494,2.498,23957.91
2025-04-10 12:25:00+09:00,2.497,2.5,2.49,2.499,12238.15
2025-04-10 12:30:00+09:00,2.5,2.502,2.485,2.497,13876.89
2025-04-10 12:35:00+09:00,2.497,2.513,2.494,2.513,9225.51
2025-04-10 12:40:00+09:00,2.513,2.513,2.501,2.505,21163.06
2025-04-10 12:45:00+09:00,2.505,2.512,2.498,2.5,5001.31
2025-04-10 12:50:00+09:00,2.499,2.508,2.499,2.506,3381.88
2025-04-10 12:55:00+09:00,2.505,2.515,2.505,2.515,3038.58
2025-04-10 13:00:00+09:00,2.515,2.515,2.507,2.512,4165.12
2025-04-10 13:05:00+09:00,2.512,2.516,2.502,2.51,6609.59
2025-04-10 13:10:00+09:00,2.509,2.516,2.508,2.512,2364.6
2025-04-10 13:15:00+09:00,2.512,2.513,2.51,2.51,2140.2
2025-04-10 13:20:00+09:00,2.511,2.512,2.504,2.509,6198.74
2025-04-10 13:25:00+09:00,2.51,2.51,2.498,2.498,8807.06
2025-04-10 13:30:00+09:00,2.498,2.498,2.488,2.491,3793.46
2025-04-10 13:35:00+09:00,2.491,2.498,2.484,2.497,21425.93
2025-04-10 13:40:00+09:00,2.497,2.505,2.497,2.5,7268.41
2025-04-10 13:45:00+09:00,2.5,2.522,2.5,2.522,23340.97
2025-04-10 13:50:00+09:00,2.521,2.523,2.513,2.518,6257.19
2025-04-10 13:55:00+09:00,2.517,2.525,2.516,2.525,12078.68
2025-04-10 14:00:00+09:00,2.525,2.53,2.519,2.524,5526.15
2025-04-10 14:05:00+09:00,2.525,2.537,2.525,2.537,13838.79
2025-04-10 14:10:00+09:00,2.537,2.541,2.534,2.538,6039.21
2025-04-10 14:15:00+09:00,2.539,2.543,2.533,2.533,6012.42
2025-04-10 14:20:00+09:00,2.536,2.543,2.528,2.542,19765.56
2025-04-10 14:25:00+09:00,2.541,2.544,2.54,2.541,7386.84
2025-04-10 14:30:00+09:00,2.54,2.544,2.538,2.539,15720.26
2025-04-10 14:35:00+09:00,2.539,2.542,2.53,2.533,16475.72
2025-04-10 14:40:00+09:00,2.533,2.539,2.533,2.538,2281.23
2025-04-10 14:45:00+09:00,2.537,2.537,2.533,2.535,2937.83
2025-04-10 14:50:00+09:00,2.534,2.535,2.531,2.532,1380.37
2025-04-10 14:55:00+09:00,2.533,2.537,2.53,2.535,1437.94
2025-04-10 15:00:00+09:00,2.535,2.545,2.534,2.54,8249.41
2025-04-10 15:05:00+09:00,2.539,2.547,2.539,2.546,2354.9
2025-04-10 15:10:00+09:00,2.547,2.551,2.54,2.54,8286.42
2025-04-10 15:15:00+09:00,2.54,2.55,2.539,2.548,3373.18
2025-04-10 15:20:00+09:00,2.547,2.549,2.543,2.545,6898.79
2025-04-10 15:25:00+09:00,2.546,2.55,2.541,2.544,15660.96
2025-04-10 15:30:00+09:00,2.543,2.543,2.537,2.538,2606.46
2025-04-10 15:35:00+09:00,2.539,2.542,2.535,2.537,1711.87
2025-04-10 15:40:00+09:00,2.537,2.537,2.521,2.523,18311.06
2025-04-10 15:45:00+09:00,2.524,2.528,2.521,2.527,19601.29
2025-04-10 15:50:00+09:00,2.527,2.537,2.527,2.537,4226.52
2025-04-10 15:55:00+09:00,2.536,2.539,2.533,2.533,1402.76
2025-04-10 16:00:00+09:00,2.535,2.542,2.535,2.539,23133.62
2025-04-10 16:05:00+09:00,2.538,2.538,2.528,2.529,11384.9
2025-04-10 16:10:00+09:00,2.529,2.539,2.529,2.537,7543.5
2025-04-10 16:15:00+09:00,2.537,2.552,2.537,2.552,10836.06
2025-04-10 16:20:00+09:00,2.551,2.565,2.551,2.565,30491.87
2025-04-10 16:25:00+09:00,2.565,2.566,2.56,2.562,37080.1
2025-04-10 16:30:00+09:00,2.563,2.564,2.541,2.547,43336.52
2025-04-10 16:35:00+09:00,2.547,2.565,2.545,2.548,37930.5
2025-04-10 16:40:00+09:00,2.548,2.563,2.548,2.555,34281.63
2025-04-10 16:45:00+09:00,2.555,2.567,2.555,2.567,29100.45
2025-04-10 16:50:00+09:00,2.568,2.58,2.565,2.58,24671.81
2025-04-10 16:55:00+09:00,2.58,2.582,2.54,2.541,208164.79
2025-04-10 17:00:00+09:00,2.541,2.548,2.527,2.527,32766.74
2025-04-10 17:05:00+09:00,2.526,2.544,2.523,2.544,18075.4
2025-04-10 17:10:00+09:00,2.545,2.549,2.539,2.539,3207.39
2025-04-10 17:15:00+09:00,2.541,2.545,2.533,2.538,2089.33
2025-04-10 17:20:00+09:00,2.539,2.542,2.535,2.54,3502.53
2025-04-10 17:25:00+09:00,2.541,2.543,2.533,2.533,2407.49
2025-04-10 17:30:00+09:00,2.533,2.533,2.512,2.516,23830.13
2025-04-10 17:35:00+09:00,2.517,2.522,2.515,2.518,4557.84
2025-04-10 17:40:00+09:00,2.518,2.523,2.514,2.522,18153.83
2025-04-10 17:45:00+09:00,2.522,2.522,2.511,2.514,8338.6
2025-04-10 17:50:00+09:00,2.515,2.518,2.509,2.515,15189.87
2025-04-10 17:55:00+09:00,2.514,2.517,2.512,2.517,9711.01
2025-04-10 18:00:00+09:00,2.516,2.523,2.51,2.513,10131.52
2025-04-10 18:05:00+09:00,2.515,2.517,2.51,2.514,2681.1
2025-04-10 18:10:00+09:00,2.515,2.526,2.513,2.526,15906.42
2025-04-10 18:15:00+09:00,2.526,2.535,2.526,2.535,5312.92
2025-04-10 18:20:00+09:00,2.535,2.536,2.531,2.531,4634.42
2025-04-10 18:25:00+09:00,2.532,2.536,2.529,2.535,28319.94
2025-04-10 18:30:00+09:00,2.535,2.544,2.535,2.544,4982.11
2025-04-10 18:35:00+09:00,2.544,2.544,2.532,2.532,2204.05
2025-04-10 18:40:00+09:00,2.533,2.534,2.527,2.527,10440.28
2025-04-10 18:45:00+09:00,2.527,2.53,2.523,2.528,3843.82
2025-04-10 18:50:00+09:00,2.528,2.537,2.528,2.537,3752.76
2025-04-10 18:55:00+09:00,2.538,2.541,2.535,2.539,5441.8
2025-04-10 19:00:00+09:00,2.539,2.539,2.533,2.536,8636.35
2025-04-10 19:05:00+09:00,2.536,2.536,2.528,2.532,3690.85
2025-04-10 19:10:00+09:00,2.531,2.533,2.527,2.529,5104.78
2025-04-10 19:15:00+09:00,2.529,2.532,2.514,2.514,8531.12
2025-04-10 19:20:00+09:00,2.514,2.514,2.509,2.513,8832.05
2025-04-10 19:25:00+09:00,2.513,2.52,2.499,2.503,313505.94
2025-04-10 19:30:00+09:00,2.503,2.515,2.5,2.511,164848.11
2025-04-10 19:35:00+09:00,2.51,2.516,2.506,2.515,54007.92
2025-04-10 19:40:00+09:00,2.515,2.516,2.505,2.507,22038.5
2025-04-10 19:45:00+09:00,2.507,2.513,2.506,2.509,16454.44
2025-04-10 19:50:00+09:00,2.511,2.518,2.511,2.514,5851.1
2025-04-10 19:55:00+09:00,2.514,2.52,2.514,2.519,2253.81
2025-04-10 20:00:00+09:00,2.52,2.524,2.516,2.518,3863.86
2025-04-10 20:05:00+09:00,2.519,2.523,2.515,2.523,4892.8
2025-04-10 20:10:00+09:00,2.523,2.528,2.508,2.508,19390.65
2025-04-10 20:15:00+09:00,2.51,2.511,2.503,2.507,5060.39
2025-04-10 20:20:00+09:00,2.508,2.517,2.508,2.511,2780.65
2025-04-10 20:25:00+09:00,2.511,2.513,2.507,2.51,6030.43
2025-04-10 20:30:00+09:00,2.51,2.521,2.509,2.518,4571.05
2025-04-10 20:35:00+09:00,2.519,2.528,2.519,2.526,4217.68
2025-04-10 20:40:00+09:00,2.526,2.528,2.524,2.525,4259.63
2025-04-10 20:45:00+09:00,2.525,2.526,2.517,2.517,3448.29
2025-04-10 20:50:00+09:00,2.517,2.52,2.515,2.52,1445.21
2025-04-10 20:55:00+09:00,2.52,2.526,2.52,2.525,7682.78
2025-04-10 21:00:00+09:00,2.524,2.547,2.521,2.537,54765.14
2025-04-10 21:05:00+09:00,2.537,2.548,2.533,2.539,43714.5
2025-04-10 21:10:00+09:00,2.54,2.548,2.537,2.547,6620.14
2025-04-10 21:15:00+09:00,2.547,2.556,2.542,2.554,13715.24
2025-04-10 21:20:00+09:00,2.556,2.558,2.548,2.551,18149.97
2025-04-10 21:25:00+09:00,2.55,2.59,2.55,2.575,104441.22
2025-04-10 21:30:00+09:00,2.576,2.589,2.556,2.564,113331.67
2025-04-10 21:35:00+09:00,2.564,2.575,2.551,2.574,21395.52
2025-04-10 21:40:00+09:00,2.575,2.575,2.561,2.564,20046.1
2025-04-10 21:45:00+09:00,2.563,2.564,2.542,2.543,29071.58
2025-04-10 21:50:00+09:00,2.542,2.543,2.53,2.543,13879.35
2025-04-10 21:55:00+09:00,2.544,2.545,2.534,2.542,19343.96
2025-04-10 22:00:00+09:00,2.542,2.547,2.534,2.536,8513.61
2025-04-10 22:05:00+09:00,2.536,2.538,2.526,2.535,5290.81
2025-04-10 22:10:00+09:00,2.536,2.55,2.535,2.542,38693.38
2025-04-10 22:15:00+09:00,2.54,2.563,2.54,2.56,7820.38
2025-04-10 22:20:00+09:00,2.56,2.565,2.557,2.562,5075.61
2025-04-10 22:25:00+09:00,2.564,2.567,2.549,2.55,16192.47
2025-04-10 22:30:00+09:00,2.55,2.557,2.533,2.54,39034.42
2025-04-10 22:35:00+09:00,2.54,2.542,2.517,2.525,46093.5
2025-04-10 22:40:00+09:00,2.524,2.526,2.505,2.509,21004.78
2025-04-10 22:45:00+09:00,2.508,2.534,2.506,2.534,20749.95
2025-04-10 22:50:00+09:00,2.533,2.543,2.526,2.53,14257.9
2025-04-10 22:55:00+09:00,2.531,2.531,2.521,2.524,2599.83
2025-04-10 23:00:00+09:00,2.524,2.53,2.514,2.528,22346.1
2025-04-10 23:05:00+09:00,2.527,2.533,2.517,2.523,8792.88
2025-04-10 23:10:00+09:00,2.522,2.526,2.511,2.518,17688.76
2025-04-10 23:15:00+09:00,2.519,2.528,2.519,2.524,12856.18
2025-04-10 23:20:00+09:00,2.525,2.545,2.525,2.544,21139.09
2025-04-10 23:25:00+09:00,2.545,2.548,2.538,2.543,16937.4
2025-04-10 23:30:00+09:00,2.544,2.565,2.544,2.563,27381.65
2025-04-10 23:35:00+09:00,2.562,2.582,2.561,2.569,31253.79
2025-04-10 23:40:00+09:00,2.57,2.58,2.569,2.575,10632.55
2025-04-10 23:45:00+09:00,2.576,2.58,2.566,2.567,20955.11
2025-04-10 23:50:00+09:00,2.567,2.567,2.56,2.567,10390.68
2025-04-10 23:55:00+09:00,2.567,2.567,2.553,2.557,4605.39
2025-04-11 00:00:00+09:00,2.558,2.564,2.544,2.544,13423.36
2025-04-11 00:05:00+09:00,2.544,2.552,2.538,2.549,18908.34
2025-04-11 00:10:00+09:00,2.548,2.55,2.528,2.53,13656.95
2025-04-11 00:15:00+09:00,2.529,2.53,2.51,2.518,24496.25
2025-04-11 00:20:00+09:00,2.517,2.517,2.505,2.508,15353.56
2025-04-11 00:25:00+09:00,2.509,2.509,2.492,2.494,42945.23
2025-04-11 00:30:00+09:00,2.495,2.499,2.466,2.475,58155.16
2025-04-11 00:35:00+09:00,2.475,2.475,2.452,2.455,45391.56
2025-04-11 00:40:00+09:00,2.456,2.471,2.449,2.46,33481.5
2025-04-11 00:45:00+09:00,2.459,2.463,2.442,2.444,27538.02
2025-04-11 00:50:00+09:00,2.443,2.467,2.439,2.467,42549.21
2025-04-11 00:55:00+09:00,2.468,2.468,2.451,2.455,51437.04
2025-04-11 01:00:00+09:00,2.454,2.468,2.447,2.465,67052.74
2025-04-11 01:05:00+09:00,2.466,2.496,2.459,2.489,50342.01
2025-04-11 01:10:00+09:00,2.488,2.491,2.477,2.477,35052.47
2025-04-11 01:15:00+09:00,2.477,2.483,2.46,2.468,15141.49
2025-04-11 01:20:00+09:00,2.467,2.467,2.446,2.467,23635.81
2025-04-11 01:25:00+09:00,2.468,2.468,2.449,2.456,13764.32
2025-04-11 01:30:00+09:00,2.456,2.477,2.456,2.475,147649.5
2025-04-11 01:35:00+09:00,2.475,2.488,2.466,2.481,15384.89
2025-04-11 01:40:00+09:00,2.481,2.482,2.465,2.467,7643.62
2025-04-11 01:45:00+09:00,2.467,2.481,2.456,2.479,26261.28
2025-04-11 01:50:00+09:00,2.478,2.489,2.475,2.478,9187.03
2025-04-11 01:55:00+09:00,2.478,2.483,2.472,2.481,13547.48
2025-04-11 02:00:00+09:00,2.481,2.491,2.462,2.462,83674.74
2025-04-11 02:05:00+09:00,2.461,2.461,2.441,2.443,125226.07
2025-04-11 02:10:00+09:00,2.443,2.452,2.435,2.452,122239.01
2025-04-11 02:15:00+09:00,2.453,2.459,2.446,2.459,9301.68
2025-04-11 02:20:00+09:00,2.459,2.462,2.447,2.461,10234.7
2025-04-11 02:25:00+09:00,2.462,2.47,2.461,2.467,6043.6
2025-04-11 02:30:00+09:00,2.465,2.468,2.456,2.457,9012.65
2025-04-11 02:35:00+09:00,2.457,2.471,2.457,2.459,31927.63
2025-04-11 02:40:00+09:00,2.46,2.468,2.457,2.468,13942.99
2025-04-11 02:45:00+09:00,2.47,2.475,2.458,2.462,18117.34
2025-04-11 02:50:00+09:00,2.463,2.471,2.461,2.471,4230.81
2025-04-11 02:55:00+09:00,2.471,2.479,2.471,2.472,11271.38
2025-04-11 03:00:00+09:00,2.472,2.48,2.469,2.475,7453.25
2025-04-11 03:05:00+09:00,2.474,2.481,2.464,2.468,22280.77
2025-04-11 03:10:00+09:00,2.469,2.47,2.463,2.463,20826.45
2025-04-11 03:15:00+09:00,2.462,2.472,2.46,2.469,8067.49
2025-04-11 03:20:00+09:00,2.469,2.479,2.469,2.475,8083.41
2025-04-11 03:25:00+09:00,2.474,2.484,2.472,2.478,15309.45
2025-04-11 03:30:00+09:00,2.478,2.488,2.473,2.48,6045.58
2025-04-11 03:35:00+09:00,2.479,2.481,2.464,2.468,178069.72
2025-04-11 03:40:00+09:00,2.468,2.473,2.462,2.47,38166.58
2025-04-11 03:45:00+09:00,2.47,2.47,2.456,2.457,13002.9
2025-04-11 03:50:00+09:00,2.458,2.46,2.449,2.453,4751.28
2025-04-11 03:55:00+09:00,2.453,2.46,2.449,2.457,12738.01
2025-04-11 04:00:00+09:00,2.457,2.464,2.452,2.453,10455.3
2025-04-11 04:05:00+09:00,2.452,2.452,2.443,2.444,10113.98
2025-04-11 04:10:00+09:00,2.445,2.447,2.441,2.447,4866.92
2025-04-11 04:15:00+09:00,2.446,2.449,2.442,2.447,4498.6
2025-04-11 04:20:00+09:00,2.446,2.449,2.437,2.438,24324.53
2025-04-11 04:25:00+09:00,2.439,2.45,2.436,2.437,27916.1
2025-04-11 04:30:00+09:00,2.438,2.447,2.438,2.445,2855.62
2025-04-11 04:35:00+09:00,2.445,2.45,2.443,2.444,6086.59
2025-04-11 04:40:00+09:00,2.444,2.448,2.431,2.437,20419.31
2025-04-11 04:45:00+09:00,2.437,2.445,2.437,2.445,8663.8
2025-04-11 04:50:00+09:00,2.444,2.46,2.442,2.459,7298.22
2025-04-11 04:55:00+09:00,2.458,2.468,2.453,2.456,16555.39
2025-04-11 05:00:00+09:00,2.456,2.461,2.451,2.451,2750.87
2025-04-11 05:05:00+09:00,2.45,2.458,2.449,2.457,5154.49
2025-04-11 05:10:00+09:00,2.458,2.46,2.45,2.453,7929.67
2025-04-11 05:15:00+09:00,2.453,2.453,2.443,2.447,14403.21
2025-04-11 05:20:00+09:00,2.447,2.449,2.442,2.446,5907.27
2025-04-11 05:25:00+09:00,2.447,2.447,2.442,2.445,1362.67
2025-04-11 05:30:00+09:00,2.446,2.458,2.446,2.451,2465.16
2025-04-11 05:35:00+09:00,2.452,2.461,2.452,2.457,4815.27
2025-04-11 05:40:00+09:00,2.456,2.458,2.452,2.456,1081.47
2025-04-11 05:45:00+09:00,2.456,2.461,2.453,2.46,9935.05
2025-04-11 05:50:00+09:00,2.46,2.469,2.457,2.465,7887.84
2025-04-11 05:55:00+09:00,2.465,2.465,2.454,2.457,2475.74
2025-04-11 06:00:00+09:00,2.457,2.46,2.455,2.46,3263.97
2025-04-11 06:05:00+09:00,2.46,2.467,2.46,2.467,581.73
2025-04-11 06:10:00+09:00,2.468,2.472,2.458,2.458,7815.73
2025-04-11 06:15:00+09:00,2.459,2.462,2.454,2.456,3523.13
2025-04-11 06:20:00+09:00,2.455,2.456,2.447,2.453,9007.75
2025-04-11 06:25:00+09:00,2.454,2.458,2.451,2.458,537.92
2025-04-11 06:30:00+09:00,2.459,2.469,2.459,2.463,5286.92
2025-04-11 06:35:00+09:00,2.463,2.466,2.459,2.466,7307.2
2025-04-11 06:40:00+09:00,2.465,2.468,2.456,2.459,7184.18
2025-04-11 06:45:00+09:00,2.459,2.459,2.451,2.452,6155.75
2025-04-11 06:50:00+09:00,2.451,2.454,2.449,2.454,10534.08
2025-04-11 06:55:00+09:00,2.453,2.455,2.449,2.452,1147.31
2025-04-11 07:00:00+09:00,2.452,2.457,2.444,2.457,2133.84
2025-04-11 07:05:00+09:00,2.457,2.459,2.452,2.458,2146.18
2025-04-11 07:10:00+09:00,2.459,2.463,2.457,2.457,1385.61
2025-04-11 07:15:00+09:00,2.459,2.47,2.459,2.465,1486.01
2025-04-11 07:20:00+09:00,2.464,2.472,2.464,2.469,1401.45
2025-04-11 07:25:00+09:00,2.468,2.468,2.463,2.464,622.48
2025-04-11 07:30:00+09:00,2.463,2.469,2.463,2.468,1118.8
2025-04-11 07:35:00+09:00,2.468,2.47,2.46,2.46,7799.59
2025-04-11 07:40:00+09:00,2.462,2.466,2.46,2.466,24939.81
2025-04-11 07:45:00+09:00,2.466,2.466,2.458,2.458,1933.81
2025-04-11 07:50:00+09:00,2.457,2.459,2.455,2.458,1720.29
2025-04-11 07:55:00+09:00,2.456,2.457,2.451,2.451,1221.64
2025-04-11 08:00:00+09:00,2.451,2.451,2.445,2.449,1148.83
2025-04-11 08:05:00+09:00,2.449,2.451,2.443,2.443,7791.28
2025-04-11 08:10:00+09:00,2.443,2.443,2.432,2.432,15075.52
2025-04-11 08:15:00+09:00,2.432,2.44,2.43,2.438,40165.86
2025-04-11 08:20:00+09:00,2.439,2.442,2.426,2.429,26758.08
2025-04-11 08:25:00+09:00,2.428,2.431,2.427,2.43,28337.83
2025-04-11 08:30:00+09:00,2.43,2.444,2.43,2.443,12584.95
2025-04-11 08:35:00+09:00,2.442,2.454,2.441,2.454,86603.09
2025-04-11 08:40:00+09:00,2.454,2.458,2.454,2.458,7416.31
2025-04-11 08:45:00+09:00,2.457,2.461,2.457,2.458,3799.66
2025-04-11 08:50:00+09:00,2.457,2.459,2.447,2.451,33457.75
2025-04-11 08:55:00+09:00,2.45,2.45,2.445,2.448,4967.57
2025-04-11 09:00:00+09:00,2.448,2.452,2.442,2.451,4462.07
2025-04-11 09:05:00+09:00,2.45,2.462,2.447,2.461,9179.83
2025-04-11 09:10:00+09:00,2.462,2.467,2.458,2.462,11135.72
2025-04-11 09:15:00+09:00,2.462,2.464,2.451,2.451,10731.55
2025-04-11 09:20:00+09:00,2.452,2.458,2.451,2.454,5519.21
2025-04-11 09:25:00+09:00,2.453,2.458,2.45,2.454,9054.1
2025-04-11 09:30:00+09:00,2.454,2.461,2.451,2.46,91782.54
2025-04-11 09:35:00+09:00,2.461,2.464,2.453,2.454,3873.41
2025-04-11 09:40:00+09:00,2.454,2.465,2.448,2.449,4046.82
2025-04-11 09:45:00+09:00,2.45,2.461,2.446,2.458,21533.26
2025-04-11 09:50:00+09:00,2.457,2.46,2.456,2.46,4209.07
2025-04-11 09:55:00+09:00,2.459,2.461,2.439,2.441,5524.58
2025-04-11 10:00:00+09:00,2.442,2.452,2.441,2.451,2149.75
2025-04-11 10:05:00+09:00,2.452,2.463,2.449,2.46,4991.12
2025-04-11 10:10:00+09:00,2.459,2.467,2.459,2.466,1871.58
2025-04-11 10:15:00+09:00,2.467,2.475,2.467,2.475,1623.33
2025-04-11 10:20:00+09:00,2.475,2.477,2.471,2.471,2790.96
2025-04-11 10:25:00+09:00,2.473,2.475,2.47,2.471,9825.05
2025-04-11 10:30:00+09:00,2.472,2.488,2.47,2.481,16834.04
2025-04-11 10:35:00+09:00,2.481,2.485,2.477,2.477,9811.33
2025-04-11 10:40:00+09:00,2.476,2.476,2.469,2.47,1920.69
2025-04-11 10:45:00+09:00,2.47,2.482,2.469,2.476,1836.73
2025-04-11 10:50:00+09:00,2.475,2.491,2.475,2.481,31881.39
2025-04-11 10:55:00+09:00,2.482,2.49,2.48,2.49,1742.65
2025-04-11 11:00:00+09:00,2.489,2.489,2.476,2.477,3925.47
2025-04-11 11:05:00+09:00,2.476,2.481,2.475,2.48,1896.66
2025-04-11 11:10:00+09:00,2.481,2.485,2.48,2.484,1213.12
2025-04-11 11:15:00+09:00,2.484,2.487,2.479,2.487,2902.85
2025-04-11 11:20:00+09:00,2.487,2.498,2.483,2.497,5208.87
2025-04-11 11:25:00+09:00,2.497,2.508,2.497,2.503,3948.73
2025-04-11 11:30:00+09:00,2.504,2.51,2.503,2.506,2871.33
2025-04-11 11:35:00+09:00,2.506,2.506,2.497,2.504,14976.11
2025-04-11 11:40:00+09:00,2.503,2.503,2.495,2.499,4274.13
2025-04-11 11:45:00+09:00,2.499,2.504,2.498,2.502,4456.65
2025-04-11 11:50:00+09:00,2.502,2.503,2.497,2.497,1613.71
2025-04-11 11:55:00+09:00,2.496,2.498,2.494,2.494,3478.77
2025-04-11 12:00:00+09:00,2.494,2.497,2.491,2.492,19323.09
2025-04-11 12:05:00+09:00,2.493,2.496,2.482,2.482,18565.55
2025-04-11 12:10:00+09:00,2.482,2.483,2.477,2.483,30933.23
2025-04-11 12:15:00+09:00,2.483,2.487,2.476,2.486,21490.54
2025-04-11 12:20:00+09:00,2.485,2.486,2.476,2.485,28679.39
2025-04-11 12:25:00+09:00,2.485,2.487,2.479,2.481,31900.28
2025-04-11 12:30:00+09:00,2.481,2.482,2.475,2.475,22837.35
2025-04-11 12:35:00+09:00,2.475,2.477,2.465,2.465,32231.25
2025-04-11 12:40:00+09:00,2.465,2.483,2.465,2.476,67432.38
2025-04-11 12:45:00+09:00,2.475,2.476,2.465,2.465,15380.71
2025-04-11 12:50:00+09:00,2.465,2.466,2.454,2.456,23253.04
2025-04-11 12:55:00+09:00,2.456,2.459,2.454,2.455,26466.84
2025-04-11 13:00:00+09:00,2.456,2.459,2.449,2.451,29099.61
2025-04-11 13:05:00+09:00,2.451,2.454,2.448,2.448,28217.67
2025-04-11 13:10:00+09:00,2.448,2.472,2.448,2.471,30229.66
2025-04-11 13:15:00+09:00,2.47,2.474,2.463,2.464,21667.69
2025-04-11 13:20:00+09:00,2.465,2.472,2.463,2.47,12343.7
2025-04-11 13:25:00+09:00,2.471,2.479,2.469,2.478,27476.65
2025-04-11 13:30:00+09:00,2.479,2.48,2.472,2.474,9719.61
2025-04-11 13:35:00+09:00,2.474,2.474,2.464,2.464,8708.08
2025-04-11 13:40:00+09:00,2.465,2.465,2.458,2.465,8353.32
2025-04-11 13:45:00+09:00,2.466,2.467,2.462,2.463,17971.82
2025-04-11 13:50:00+09:00,2.463,2.468,2.462,2.468,28019.02
2025-04-11 13:55:00+09:00,2.469,2.473,2.469,2.47,7902.76
2025-04-11 14:00:00+09:00,2.471,2.473,2.468,2.469,8807.52
2025-04-11 14:05:00+09:00,2.469,2.471,2.461,2.461,6258.62
2025-04-11 14:10:00+09:00,2.46,2.465,2.458,2.461,6140.13
2025-04-11 14:15:00+09:00,2.464,2.468,2.461,2.464,7519.37
2025-04-11 14:20:00+09:00,2.464,2.465,2.457,2.464,22124.38
2025-04-11 14:25:00+09:00,2.465,2.475,2.465,2.474,9643.35
2025-04-11 14:30:00+09:00,2.474,2.48,2.473,2.475,24013.47
2025-04-11 14:35:00+09:00,2.476,2.476,2.473,2.474,10171.28
2025-04-11 14:40:00+09:00,2.475,2.48,2.474,2.476,6820.74
2025-04-11 14:45:00+09:00,2.476,2.477,2.472,2.475,18272.56
2025-04-11 14:50:00+09:00,2.476,2.477,2.472,2.477,2671.86
2025-04-11 14:55:00+09:00,2.477,2.484,2.477,2.483,2003.91
2025-04-11 15:00:00+09:00,2.484,2.488,2.483,2.485,11036.9
2025-04-11 15:05:00+09:00,2.485,2.499,2.485,2.497,22132.76
2025-04-11 15:10:00+09:00,2.498,2.508,2.495,2.505,23687.07
2025-04-11 15:15:00+09:00,2.506,2.51,2.496,2.496,20781.78
2025-04-11 15:20:00+09:00,2.497,2.501,2.493,2.493,4810.7
2025-04-11 15:25:00+09:00,2.494,2.494,2.49,2.49,2132.41
2025-04-11 15:30:00+09:00,2.489,2.498,2.489,2.494,9847.22
2025-04-11 15:35:00+09:00,2.494,2.495,2.492,2.494,2469.03
2025-04-11 15:40:00+09:00,2.494,2.496,2.49,2.49,2564.41
2025-04-11 15:45:00+09:00,2.49,2.5,2.49,2.498,5860.97
2025-04-11 15:50:00+09:00,2.497,2.497,2.487,2.489,5678.69
2025-04-11 15:55:00+09:00,2.489,2.492,2.488,2.49,2990.37
2025-04-11 16:00:00+09:00,2.49,2.494,2.487,2.492,3197.12
2025-04-11 16:05:00+09:00,2.492,2.492,2.485,2.485,5447.61
2025-04-11 16:10:00+09:00,2.484,2.489,2.483,2.489,7161.45
2025-04-11 16:15:00+09:00,2.488,2.491,2.485,2.485,4633.55
2025-04-11 16:20:00+09:00,2.484,2.484,2.48,2.481,2149.78
2025-04-11 16:25:00+09:00,2.483,2.484,2.477,2.479,2233.07
2025-04-11 16:30:00+09:00,2.479,2.483,2.478,2.482,6390.58
2025-04-11 16:35:00+09:00,2.482,2.49,2.481,2.485,14777.04
2025-04-11 16:40:00+09:00,2.487,2.491,2.484,2.489,7829.31
2025-04-11 16:45:00+09:00,2.489,2.496,2.484,2.488,20075.34
2025-04-11 16:50:00+09:00,2.488,2.491,2.488,2.488,2774.96
2025-04-11 16:55:00+09:00,2.488,2.492,2.487,2.492,9219.85
2025-04-11 17:00:00+09:00,2.493,2.493,2.467,2.477,61913.85
2025-04-11 17:05:00+09:00,2.478,2.502,2.478,2.486,69307.87
2025-04-11 17:10:00+09:00,2.487,2.49,2.48,2.48,6992.98
2025-04-11 17:15:00+09:00,2.479,2.48,2.468,2.468,6099.79
2025-04-11 17:20:00+09:00,2.467,2.473,2.464,2.471,3128.3
2025-04-11 17:25:00+09:00,2.471,2.482,2.471,2.482,6921.27
2025-04-11 17:30:00+09:00,2.481,2.485,2.475,2.475,3091.89
2025-04-11 17:35:00+09:00,2.475,2.495,2.475,2.489,17985.17
2025-04-11 17:40:00+09:00,2.491,2.491,2.479,2.482,14566.51
2025-04-11 17:45:00+09:00,2.482,2.483,2.472,2.475,4304.34
2025-04-11 17:50:00+09:00,2.476,2.481,2.476,2.479,13653.38
2025-04-11 17:55:00+09:00,2.478,2.486,2.476,2.486,5295.04
2025-04-11 18:00:00+09:00,2.485,2.486,2.473,2.474,2577.23
2025-04-11 18:05:00+09:00,2.474,2.474,2.467,2.472,12286.95
2025-04-11 18:10:00+09:00,2.471,2.474,2.467,2.474,7222.88
2025-04-11 18:15:00+09:00,2.474,2.477,2.469,2.475,7020.99
2025-04-11 18:20:00+09:00,2.474,2.483,2.471,2.481,10089.37
2025-04-11 18:25:00+09:00,2.481,2.491,2.481,2.49,6773.69
2025-04-11 18:30:00+09:00,2.491,2.506,2.491,2.506,43189.85
2025-04-11 18:35:00+09:00,2.506,2.518,2.503,2.512,18270.82
2025-04-11 18:40:00+09:00,2.511,2.511,2.502,2.504,5769.15
2025-04-11 18:45:00+09:00,2.505,2.509,2.501,2.503,9389.87
2025-04-11 18:50:00+09:00,2.502,2.513,2.502,2.512,15607.08
2025-04-11 18:55:00+09:00,2.512,2.516,2.51,2.511,5673.33
2025-04-11 19:00:00+09:00,2.512,2.517,2.503,2.505,18065.58
2025-04-11 19:05:00+09:00,2.504,2.511,2.498,2.5,13824.68
2025-04-11 19:10:00+09:00,2.5,2.501,2.49,2.494,8658.88
2025-04-11 19:15:00+09:00,2.493,2.512,2.492,2.511,55625.38
2025-04-11 19:20:00+09:00,2.511,2.514,2.504,2.506,7092.88
2025-04-11 19:25:00+09:00,2.505,2.514,2.503,2.512,17530.9
2025-04-11 19:30:00+09:00,2.512,2.528,2.51,2.527,32021.65
2025-04-11 19:35:00+09:00,2.527,2.531,2.515,2.516,13296.39
2025-04-11 19:40:00+09:00,2.515,2.521,2.515,2.517,13348.5
2025-04-11 19:45:00+09:00,2.518,2.519,2.51,2.51,13775.12
2025-04-11 19:50:00+09:00,2.51,2.512,2.505,2.509,14349.55
2025-04-11 19:55:00+09:00,2.51,2.511,2.502,2.505,10355.08
2025-04-11 20:00:00+09:00,2.503,2.503,2.492,2.496,34528.72
2025-04-11 20:05:00+09:00,2.497,2.502,2.496,2.499,14347.74
2025-04-11 20:10:00+09:00,2.498,2.519,2.495,2.495,74952.88
2025-04-11 20:15:00+09:00,2.494,2.511,2.493,2.501,258574.84
2025-04-11 20:20:00+09:00,2.501,2.504,2.488,2.489,22746.77
2025-04-11 20:25:00+09:00,2.489,2.491,2.468,2.476,224104.06
2025-04-11 20:30:00+09:00,2.478,2.486,2.478,2.483,5201.93
2025-04-11 20:35:00+09:00,2.482,2.485,2.475,2.478,9000.62
2025-04-11 20:40:00+09:00,2.477,2.483,2.475,2.48,40620.63
2025-04-11 20:45:00+09:00,2.48,2.483,2.476,2.478,32363.44
2025-04-11 20:50:00+09:00,2.478,2.478,2.473,2.473,9818.42
2025-04-11 20:55:00+09:00,2.473,2.48,2.471,2.479,11940.48
2025-04-11 21:00:00+09:00,2.48,2.481,2.473,2.479,5232.02
2025-04-11 21:05:00+09:00,2.479,2.48,2.462,2.463,18272.88
2025-04-11 21:10:00+09:00,2.464,2.467,2.457,2.466,13229.63
2025-04-11 21:15:00+09:00,2.465,2.47,2.463,2.469,8043.98
2025-04-11 21:20:00+09:00,2.469,2.469,2.461,2.461,7370.53
2025-04-11 21:25:00+09:00,2.461,2.467,2.46,2.467,11776.78
2025-04-11 21:30:00+09:00,2.466,2.486,2.466,2.481,60166.64
2025-04-11 21:35:00+09:00,2.482,2.489,2.477,2.478,3979.58
2025-04-11 21:40:00+09:00,2.478,2.483,2.478,2.482,5939.96
2025-04-11 21:45:00+09:00,2.483,2.483,2.468,2.47,38691.6
2025-04-11 21:50:00+09:00,2.471,2.472,2.465,2.465,29870.26
2025-04-11 21:55:00+09:00,2.465,2.471,2.462,2.471,13880.08
2025-04-11 22:00:00+09:00,2.472,2.479,2.468,2.471,15124.04
2025-04-11 22:05:00+09:00,2.471,2.481,2.47,2.478,10518.36
2025-04-11 22:10:00+09:00,2.478,2.479,2.47,2.472,8908.17
2025-04-11 22:15:00+09:00,2.472,2.475,2.468,2.471,3347.48
2025-04-11 22:20:00+09:00,2.473,2.489,2.473,2.486,9843.77
2025-04-11 22:25:00+09:00,2.487,2.488,2.485,2.485,2713.65
2025-04-11 22:30:00+09:00,2.486,2.493,2.472,2.493,16354.89
2025-04-11 22:35:00+09:00,2.493,2.515,2.492,2.511,60296.08
2025-04-11 22:40:00+09:00,2.51,2.512,2.499,2.501,36210.99
2025-04-11 22:45:00+09:00,2.503,2.514,2.498,2.511,40253.01
2025-04-11 22:50:00+09:00,2.51,2.51,2.495,2.496,57213.03
2025-04-11 22:55:00+09:00,2.497,2.501,2.481,2.5,62922.45
2025-04-11 23:00:00+09:00,2.499,2.499,2.476,2.489,84256.87
2025-04-11 23:05:00+09:00,2.489,2.493,2.485,2.493,32048.57
2025-04-11 23:10:00+09:00,2.494,2.499,2.484,2.492,83543.0
2025-04-11 23:15:00+09:00,2.494,2.498,2.485,2.485,4987.43
2025-04-11 23:20:00+09:00,2.485,2.496,2.47,2.478,68733.55
2025-04-11 23:25:00+09:00,2.476,2.484,2.465,2.476,64552.69
2025-04-11 23:30:00+09:00,2.475,2.491,2.474,2.491,7346.1
2025-04-11 23:35:00+09:00,2.491,2.497,2.49,2.496,35838.58
2025-04-11 23:40:00+09:00,2.497,2.497,2.487,2.494,29220.11
2025-04-11 23:45:00+09:00,2.494,2.502,2.494,2.497,7365.69
2025-04-11 23:50:00+09:00,2.498,2.498,2.488,2.491,9093.31
2025-04-11 23:55:00+09:00,2.491,2.495,2.488,2.492,6219.35
2025-04-12 00:00:00+09:00,2.492,2.505,2.486,2.491,33726.75
2025-04-12 00:05:00+09:00,2.49,2.495,2.486,2.493,16891.53
2025-04-12 00:10:00+09:00,2.493,2.496,2.489,2.49,7060.62
2025-04-12 00:15:00+09:00,2.489,2.493,2.485,2.487,3444.09
2025-04-12 00:20:00+09:00,2.487,2.492,2.487,2.49,4066.98
2025-04-12 00:25:00+09:00,2.49,2.499,2.49,2.498,6396.41
2025-04-12 00:30:00+09:00,2.498,2.508,2.496,2.499,14562.34
2025-04-12 00:35:00+09:00,2.5,2.512,2.5,2.509,13418.8
2025-04-12 00:40:00+09:00,2.51,2.51,2.5,2.5,3927.61
2025-04-12 00:45:00+09:00,2.502,2.515,2.502,2.515,29153.16
2025-04-12 00:50:00+09:00,2.514,2.515,2.505,2.508,22313.74
2025-04-12 00:55:00+09:00,2.508,2.511,2.506,2.508,5547.64
2025-04-12 01:00:00+09:00,2.508,2.512,2.502,2.504,26908.91
2025-04-12 01:05:00+09:00,2.505,2.512,2.503,2.504,16002.17
2025-04-12 01:10:00+09:00,2.503,2.505,2.502,2.503,6853.69
2025-04-12 01:15:00+09:00,2.503,2.504,2.495,2.497,10134.51
2025-04-12 01:20:00+09:00,2.496,2.501,2.495,2.501,4426.14
2025-04-12 01:25:00+09:00,2.499,2.503,2.497,2.501,2781.26
2025-04-12 01:30:00+09:00,2.502,2.52,2.502,2.517,14206.26
2025-04-12 01:35:00+09:00,2.518,2.525,2.517,2.522,13694.05
2025-04-12 01:40:00+09:00,2.52,2.525,2.516,2.525,6559.95
2025-04-12 01:45:00+09:00,2.526,2.529,2.52,2.527,11442.93
2025-04-12 01:50:00+09:00,2.527,2.531,2.526,2.527,13511.15
2025-04-12 01:55:00+09:00,2.527,2.529,2.525,2.525,11204.99
2025-04-12 02:00:00+09:00,2.526,2.536,2.521,2.533,19237.48
2025-04-12 02:05:00+09:00,2.532,2.54,2.529,2.533,15348.12
2025-04-12 02:10:00+09:00,2.532,2.532,2.523,2.528,11274.14
2025-04-12 02:15:00+09:00,2.526,2.534,2.526,2.528,11454.41
2025-04-12 02:20:00+09:00,2.528,2.533,2.523,2.524,6053.18
2025-04-12 02:25:00+09:00,2.525,2.529,2.524,2.525,9925.63
2025-04-12 02:30:00+09:00,2.526,2.528,2.519,2.524,6008.8
2025-04-12 02:35:00+09:00,2.524,2.556,2.524,2.553,47434.65
2025-04-12 02:40:00+09:00,2.554,2.563,2.548,2.562,21683.9
2025-04-12 02:45:00+09:00,2.56,2.566,2.546,2.554,34132.82
2025-04-12 02:50:00+09:00,2.552,2.558,2.549,2.552,27417.88
2025-04-12 02:55:00+09:00,2.551,2.556,2.549,2.551,23138.14
2025-04-12 03:00:00+09:00,2.551,2.554,2.543,2.549,59390.55
2025-04-12 03:05:00+09:00,2.549,2.552,2.536,2.536,66327.28
2025-04-12 03:10:00+09:00,2.535,2.545,2.53,2.545,34516.57
2025-04-12 03:15:00+09:00,2.544,2.548,2.541,2.542,8102.04
2025-04-12 03:20:00+09:00,2.541,2.545,2.535,2.545,12700.26
2025-04-12 03:25:00+09:00,2.546,2.552,2.544,2.552,5324.75
2025-04-12 03:30:00+09:00,2.551,2.551,2.544,2.544,8296.67
2025-04-12 03:35:00+09:00,2.544,2.549,2.541,2.543,2442.28
2025-04-12 03:40:00+09:00,2.544,2.545,2.537,2.54,5109.14
2025-04-12 03:45:00+09:00,2.541,2.544,2.536,2.543,6966.58
2025-04-12 03:50:00+09:00,2.543,2.543,2.53,2.536,23547.06
2025-04-12 03:55:00+09:00,2.536,2.537,2.532,2.534,7021.92
2025-04-12 04:00:00+09:00,2.534,2.542,2.534,2.541,5203.83
2025-04-12 04:05:00+09:00,2.541,2.545,2.541,2.544,2052.94
2025-04-12 04:10:00+09:00,2.543,2.543,2.538,2.539,908.84
2025-04-12 04:15:00+09:00,2.54,2.541,2.536,2.538,4102.01
2025-04-12 04:20:00+09:00,2.538,2.54,2.536,2.539,2186.75
2025-04-12 04:25:00+09:00,2.538,2.541,2.523,2.528,41342.31
2025-04-12 04:30:00+09:00,2.528,2.532,2.528,2.531,5423.75
2025-04-12 04:35:00+09:00,2.531,2.534,2.53,2.532,6339.4
2025-04-12 04:40:00+09:00,2.533,2.533,2.529,2.531,3016.43
2025-04-12 04:45:00+09:00,2.532,2.532,2.524,2.529,5766.95
2025-04-12 04:50:00+09:00,2.529,2.535,2.527,2.534,9378.03
2025-04-12 04:55:00+09:00,2.534,2.535,2.532,2.533,3818.11
2025-04-12 05:00:00+09:00,2.532,2.532,2.525,2.53,6742.02
2025-04-12 05:05:00+09:00,2.529,2.529,2.527,2.529,2682.78
2025-04-12 05:10:00+09:00,2.528,2.532,2.528,2.53,1534.69
2025-04-12 05:15:00+09:00,2.53,2.53,2.525,2.526,6432.69
2025-04-12 05:20:00+09:00,2.525,2.534,2.524,2.534,2015.64
2025-04-12 05:25:00+09:00,2.535,2.542,2.533,2.541,11335.81
2025-04-12 05:30:00+09:00,2.541,2.545,2.54,2.542,5842.2
2025-04-12 05:35:00+09:00,2.542,2.543,2.54,2.54,755.45
2025-04-12 05:40:00+09:00,2.541,2.546,2.54,2.546,2482.16
2025-04-12 05:45:00+09:00,2.545,2.545,2.542,2.542,973.78
2025-04-12 05:50:00+09:00,2.543,2.544,2.539,2.541,6822.13
2025-04-12 05:55:00+09:00,2.541,2.545,2.541,2.545,4892.37
2025-04-12 06:00:00+09:00,2.545,2.556,2.545,2.553,6510.51
2025-04-12 06:05:00+09:00,2.554,2.561,2.554,2.559,6934.97
2025-04-12 06:10:00+09:00,2.56,2.573,2.56,2.566,7093.56
2025-04-12 06:15:00+09:00,2.565,2.568,2.562,2.564,6603.89
2025-04-12 06:20:00+09:00,2.565,2.585,2.565,2.575,43317.22
2025-04-12 06:25:00+09:00,2.576,2.576,2.557,2.558,6572.98
2025-04-12 06:30:00+09:00,2.558,2.558,2.551,2.551,8340.3
2025-04-12 06:35:00+09:00,2.551,2.551,2.541,2.546,7051.59
2025-04-12 06:40:00+09:00,2.545,2.553,2.544,2.551,6187.43
2025-04-12 06:45:00+09:00,2.552,2.555,2.552,2.553,1489.82
2025-04-12 06:50:00+09:00,2.553,2.579,2.553,2.579,15840.46
2025-04-12 06:55:00+09:00,2.578,2.588,2.568,2.572,23583.91
2025-04-12 07:00:00+09:00,2.572,2.608,2.572,2.586,45439.74
2025-04-12 07:05:00+09:00,2.587,2.587,2.539,2.545,100833.16
2025-04-12 07:10:00+09:00,2.546,2.551,2.54,2.551,15827.68
2025-04-12 07:15:00+09:00,2.549,2.549,2.539,2.54,6112.75
2025-04-12 07:20:00+09:00,2.54,2.545,2.535,2.545,5530.5
2025-04-12 07:25:00+09:00,2.545,2.546,2.542,2.546,1490.19
2025-04-12 07:30:00+09:00,2.546,2.547,2.539,2.541,11731.54
2025-04-12 07:35:00+09:00,2.541,2.546,2.538,2.546,2067.04
2025-04-12 07:40:00+09:00,2.545,2.548,2.541,2.547,4144.8
2025-04-12 07:45:00+09:00,2.547,2.55,2.547,2.547,627.12
2025-04-12 07:50:00+09:00,2.547,2.547,2.537,2.537,3719.31
2025-04-12 07:55:00+09:00,2.538,2.538,2.531,2.534,18048.26
2025-04-12 08:00:00+09:00,2.533,2.534,2.522,2.525,19868.53
2025-04-12 08:05:00+09:00,2.525,2.527,2.519,2.522,8204.88
2025-04-12 08:10:00+09:00,2.521,2.522,2.517,2.522,2465.36
2025-04-12 08:15:00+09:00,2.522,2.524,2.514,2.517,19320.37
2025-04-12 08:20:00+09:00,2.519,2.521,2.519,2.519,970.14
2025-04-12 08:25:00+09:00,2.518,2.519,2.508,2.509,9204.14
2025-04-12 08:30:00+09:00,2.51,2.518,2.51,2.518,2475.2
2025-04-12 08:35:00+09:00,2.518,2.521,2.516,2.519,925.4
2025-04-12 08:40:00+09:00,2.518,2.526,2.518,2.524,13096.37
2025-04-12 08:45:00+09:00,2.524,2.529,2.524,2.527,6894.34
2025-04-12 08:50:00+09:00,2.526,2.53,2.523,2.53,2007.63
2025-04-12 08:55:00+09:00,2.53,2.532,2.527,2.528,7074.2
2025-04-12 09:00:00+09:00,2.528,2.534,2.52,2.52,1888.88
2025-04-12 09:05:00+09:00,2.519,2.527,2.518,2.525,6590.59
2025-04-12 09:10:00+09:00,2.526,2.534,2.522,2.522,1756.03
2025-04-12 09:15:00+09:00,2.523,2.528,2.52,2.522,5380.91
2025-04-12 09:20:00+09:00,2.523,2.532,2.523,2.53,1286.18
2025-04-12 09:25:00+09:00,2.53,2.54,2.519,2.522,31140.72
2025-04-12 09:30:00+09:00,2.523,2.534,2.519,2.531,16598.83
2025-04-12 09:35:00+09:00,2.531,2.547,2.525,2.528,44476.83
2025-04-12 09:40:00+09:00,2.528,2.532,2.528,2.532,1386.2
2025-04-12 09:45:00+09:00,2.531,2.535,2.53,2.53,3145.47
2025-04-12 09:50:00+09:00,2.529,2.531,2.524,2.524,1290.19
2025-04-12 09:55:00+09:00,2.524,2.524,2.521,2.522,8893.49
2025-04-12 10:00:00+09:00,2.522,2.529,2.522,2.522,993.61
2025-04-12 10:05:00+09:00,2.521,2.525,2.517,2.524,3254.07
2025-04-12 10:10:00+09:00,2.523,2.525,2.52,2.524,1278.92
2025-04-12 10:15:00+09:00,2.523,2.524,2.517,2.517,11703.96
2025-04-12 10:20:00+09:00,2.516,2.517,2.511,2.512,4003.49
2025-04-12 10:25:00+09:00,2.511,2.513,2.51,2.512,2822.29
2025-04-12 10:30:00+09:00,2.512,2.513,2.51,2.512,3756.14
2025-04-12 10:35:00+09:00,2.512,2.519,2.512,2.519,13845.97
2025-04-12 10:40:00+09:00,2.518,2.519,2.516,2.516,1840.87
2025-04-12 10:45:00+09:00,2.516,2.519,2.514,2.514,4238.5
2025-04-12 10:50:00+09:00,2.514,2.515,2.511,2.515,2154.75
2025-04-12 10:55:00+09:00,2.515,2.517,2.514,2.516,495.84
2025-04-12 11:00:00+09:00,2.515,2.518,2.514,2.515,1578.64
2025-04-12 11:05:00+09:00,2.515,2.515,2.503,2.504,8385.21
2025-04-12 11:10:00+09:00,2.504,2.504,2.498,2.5,5943.06
2025-04-12 11:15:00+09:00,2.499,2.502,2.493,2.502,3571.05
2025-04-12 11:20:00+09:00,2.502,2.504,2.501,2.502,3379.45
2025-04-12 11:25:00+09:00,2.502,2.509,2.502,2.507,29770.32
2025-04-12 11:30:00+09:00,2.507,2.511,2.504,2.504,1644.46
2025-04-12 11:35:00+09:00,2.505,2.51,2.505,2.51,894.48
2025-04-12 11:40:00+09:00,2.509,2.514,2.508,2.513,2184.98
2025-04-12 11:45:00+09:00,2.513,2.514,2.511,2.511,6447.58
2025-04-12 11:50:00+09:00,2.511,2.511,2.504,2.507,1591.54
2025-04-12 11:55:00+09:00,2.505,2.507,2.501,2.502,3983.88
2025-04-12 12:00:00+09:00,2.501,2.505,2.493,2.495,7506.16
2025-04-12 12:05:00+09:00,2.495,2.503,2.495,2.503,224.65
2025-04-12 12:10:00+09:00,2.503,2.505,2.503,2.504,1347.62
2025-04-12 12:15:00+09:00,2.503,2.506,2.501,2.505,4180.79
2025-04-12 12:20:00+09:00,2.504,2.504,2.494,2.497,9449.93
2025-04-12 12:25:00+09:00,2.497,2.502,2.497,2.5,6433.28
2025-04-12 12:30:00+09:00,2.5,2.501,2.498,2.501,2406.38
2025-04-12 12:35:00+09:00,2.501,2.505,2.501,2.503,1429.31
2025-04-12 12:40:00+09:00,2.502,2.509,2.501,2.509,6344.61
2025-04-12 12:45:00+09:00,2.508,2.515,2.507,2.511,3902.37
2025-04-12 12:50:00+09:00,2.511,2.511,2.509,2.511,2739.99
2025-04-12 12:55:00+09:00,2.511,2.511,2.507,2.51,4099.08
2025-04-12 13:00:00+09:00,2.51,2.51,2.499,2.499,25268.93
2025-04-12 13:05:00+09:00,2.499,2.501,2.496,2.501,7021.59
2025-04-12 13:10:00+09:00,2.502,2.505,2.499,2.505,1896.23
2025-04-12 13:15:00+09:00,2.504,2.505,2.498,2.504,1140.04
2025-04-12 13:20:00+09:00,2.505,2.514,2.505,2.514,4150.71
2025-04-12 13:25:00+09:00,2.513,2.518,2.513,2.516,3815.48
2025-04-12 13:30:00+09:00,2.517,2.533,2.515,2.516,31713.2
2025-04-12 13:35:00+09:00,2.516,2.525,2.509,2.524,27559.97
2025-04-12 13:40:00+09:00,2.525,2.525,2.511,2.52,38997.89
2025-04-12 13:45:00+09:00,2.52,2.529,2.52,2.529,3855.8
2025-04-12 13:50:00+09:00,2.529,2.539,2.526,2.538,15213.95
2025-04-12 13:55:00+09:00,2.536,2.547,2.536,2.545,34739.02
2025-04-12 14:00:00+09:00,2.546,2.552,2.543,2.549,17001.31
2025-04-12 14:05:00+09:00,2.549,2.552,2.538,2.547,53521.7
2025-04-12 14:10:00+09:00,2.547,2.561,2.547,2.56,23729.9
2025-04-12 14:15:00+09:00,2.561,2.566,2.558,2.565,11934.39
2025-04-12 14:20:00+09:00,2.564,2.571,2.564,2.568,16034.45
2025-04-12 14:25:00+09:00,2.567,2.569,2.566,2.567,6419.19
2025-04-12 14:30:00+09:00,2.566,2.577,2.565,2.567,32102.33
2025-04-12 14:35:00+09:00,2.566,2.571,2.558,2.564,12260.82
2025-04-12 14:40:00+09:00,2.564,2.566,2.557,2.557,2833.23
2025-04-12 14:45:00+09:00,2.556,2.557,2.55,2.551,5888.55
2025-04-12 14:50:00+09:00,2.551,2.556,2.55,2.553,4561.26
2025-04-12 14:55:00+09:00,2.553,2.553,2.549,2.553,9927.63
2025-04-12 15:00:00+09:00,2.552,2.56,2.548,2.56,4006.19
2025-04-12 15:05:00+09:00,2.56,2.569,2.551,2.562,68370.12
2025-04-12 15:10:00+09:00,2.563,2.567,2.563,2.567,9794.4
2025-04-12 15:15:00+09:00,2.568,2.573,2.566,2.57,17953.96
2025-04-12 15:20:00+09:00,2.571,2.581,2.571,2.579,11665.32
2025-04-12 15:25:00+09:00,2.58,2.58,2.574,2.577,11524.99
2025-04-12 15:30:00+09:00,2.577,2.583,2.571,2.571,10985.01
2025-04-12 15:35:00+09:00,2.571,2.572,2.567,2.572,3534.32
2025-04-12 15:40:00+09:00,2.573,2.58,2.569,2.572,29463.63
2025-04-12 15:45:00+09:00,2.572,2.578,2.57,2.572,9880.27
2025-04-12 15:50:00+09:00,2.571,2.575,2.57,2.57,13905.75
2025-04-12 15:55:00+09:00,2.569,2.57,2.564,2.568,18736.49
2025-04-12 16:00:00+09:00,2.567,2.567,2.561,2.564,2277.79
2025-04-12 16:05:00+09:00,2.564,2.564,2.558,2.562,17817.48
2025-04-12 16:10:00+09:00,2.563,2.564,2.561,2.563,793.15
2025-04-12 16:15:00+09:00,2.564,2.57,2.564,2.567,12474.16
2025-04-12 16:20:00+09:00,2.566,2.566,2.561,2.565,3319.98
2025-04-12 16:25:00+09:00,2.564,2.574,2.563,2.564,33961.19
2025-04-12 16:30:00+09:00,2.565,2.571,2.565,2.568,4405.69
2025-04-12 16:35:00+09:00,2.569,2.574,2.568,2.568,9617.76
2025-04-12 16:40:00+09:00,2.569,2.572,2.567,2.569,9995.03
2025-04-12 16:45:00+09:00,2.569,2.569,2.556,2.563,21531.8
2025-04-12 16:50:00+09:00,2.563,2.566,2.56,2.564,1636.47
2025-04-12 16:55:00+09:00,2.563,2.571,2.56,2.571,35688.66
2025-04-12 17:00:00+09:00,2.571,2.575,2.56,2.574,32731.15
2025-04-12 17:05:00+09:00,2.573,2.585,2.573,2.585,18848.75
2025-04-12 17:10:00+09:00,2.584,2.595,2.584,2.591,34817.59
2025-04-12 17:15:00+09:00,2.59,2.592,2.58,2.58,46179.49
2025-04-12 17:20:00+09:00,2.58,2.581,2.572,2.572,14881.83
2025-04-12 17:25:00+09:00,2.572,2.578,2.57,2.578,7707.66
2025-04-12 17:30:00+09:00,2.577,2.578,2.57,2.575,9765.85
2025-04-12 17:35:00+09:00,2.574,2.58,2.574,2.58,8287.31
2025-04-12 17:40:00+09:00,2.58,2.587,2.58,2.584,13488.02
2025-04-12 17:45:00+09:00,2.585,2.591,2.58,2.581,9096.72
2025-04-12 17:50:00+09:00,2.58,2.585,2.58,2.585,8713.22
2025-04-12 17:55:00+09:00,2.585,2.585,2.579,2.584,14197.69
2025-04-12 18:00:00+09:00,2.584,2.598,2.584,2.595,42685.54
2025-04-12 18:05:00+09:00,2.596,2.599,2.594,2.594,22491.51
2025-04-12 18:10:00+09:00,2.595,2.598,2.58,2.581,50600.15
2025-04-12 18:15:00+09:00,2.582,2.582,2.575,2.578,10015.65
2025-04-12 18:20:00+09:00,2.58,2.582,2.579,2.579,5354.73
2025-04-12 18:25:00+09:00,2.58,2.582,2.575,2.575,7285.96
2025-04-12 18:30:00+09:00,2.576,2.582,2.576,2.581,10404.56
2025-04-12 18:35:00+09:00,2.581,2.587,2.575,2.581,40610.78
2025-04-12 18:40:00+09:00,2.58,2.587,2.58,2.587,19426.02
2025-04-12 18:45:00+09:00,2.587,2.589,2.582,2.584,12192.46
2025-04-12 18:50:00+09:00,2.585,2.59,2.575,2.576,11406.46
2025-04-12 18:55:00+09:00,2.575,2.578,2.575,2.576,3967.04
2025-04-12 19:00:00+09:00,2.575,2.575,2.57,2.574,6646.5
2025-04-12 19:05:00+09:00,2.573,2.577,2.569,2.573,7529.27
2025-04-12 19:10:00+09:00,2.575,2.579,2.566,2.571,15709.79
2025-04-12 19:15:00+09:00,2.571,2.576,2.571,2.572,6678.78
2025-04-12 19:20:00+09:00,2.571,2.574,2.569,2.571,7520.01
2025-04-12 19:25:00+09:00,2.571,2.574,2.571,2.573,4304.3
2025-04-12 19:30:00+09:00,2.571,2.573,2.564,2.564,5475.58
2025-04-12 19:35:00+09:00,2.563,2.567,2.561,2.565,5982.17
2025-04-12 19:40:00+09:00,2.565,2.565,2.557,2.559,4511.03
2025-04-12 19:45:00+09:00,2.558,2.562,2.556,2.561,3142.78
2025-04-12 19:50:00+09:00,2.561,2.562,2.557,2.56,5680.29
2025-04-12 19:55:00+09:00,2.56,2.56,2.555,2.555,23859.2
2025-04-12 20:00:00+09:00,2.556,2.567,2.556,2.567,9899.27
2025-04-12 20:05:00+09:00,2.567,2.568,2.567,2.567,1930.08
2025-04-12 20:10:00+09:00,2.567,2.574,2.567,2.574,3979.14
2025-04-12 20:15:00+09:00,2.574,2.577,2.569,2.577,7322.55
2025-04-12 20:20:00+09:00,2.577,2.578,2.573,2.574,5878.06
2025-04-12 20:25:00+09:00,2.573,2.574,2.572,2.573,1741.15
2025-04-12 20:30:00+09:00,2.573,2.573,2.564,2.564,9275.42
2025-04-12 20:35:00+09:00,2.563,2.563,2.56,2.561,8582.83
2025-04-12 20:40:00+09:00,2.561,2.562,2.56,2.561,4993.35
2025-04-12 20:45:00+09:00,2.561,2.562,2.559,2.561,1588.16
2025-04-12 20:50:00+09:00,2.561,2.563,2.56,2.563,901.42
2025-04-12 20:55:00+09:00,2.563,2.563,2.559,2.559,1482.65
2025-04-12 21:00:00+09:00,2.559,2.559,2.551,2.552,6106.27
2025-04-12 21:05:00+09:00,2.552,2.554,2.547,2.554,7699.34
2025-04-12 21:10:00+09:00,2.555,2.561,2.555,2.557,3643.16
2025-04-12 21:15:00+09:00,2.558,2.561,2.557,2.559,2587.93
2025-04-12 21:20:00+09:00,2.558,2.565,2.558,2.563,1849.94
2025-04-12 21:25:00+09:00,2.562,2.567,2.561,2.565,2548.19
2025-04-12 21:30:00+09:00,2.564,2.565,2.555,2.556,13536.51
2025-04-12 21:35:00+09:00,2.556,2.574,2.554,2.573,41243.21
2025-04-12 21:40:00+09:00,2.572,2.575,2.562,2.565,10034.99
2025-04-12 21:45:00+09:00,2.564,2.566,2.56,2.561,14414.32
2025-04-12 21:50:00+09:00,2.561,2.563,2.559,2.559,5027.08
2025-04-12 21:55:00+09:00,2.562,2.573,2.561,2.571,3861.81
2025-04-12 22:00:00+09:00,2.571,2.575,2.566,2.573,6425.3
2025-04-12 22:05:00+09:00,2.574,2.584,2.574,2.583,25855.49
2025-04-12 22:10:00+09:00,2.584,2.589,2.577,2.588,39840.13
2025-04-12 22:15:00+09:00,2.587,2.592,2.578,2.578,8788.23
2025-04-12 22:20:00+09:00,2.578,2.579,2.567,2.571,27197.66
2025-04-12 22:25:00+09:00,2.571,2.586,2.571,2.586,18538.72
2025-04-12 22:30:00+09:00,2.585,2.587,2.576,2.58,9982.19
2025-04-12 22:35:00+09:00,2.58,2.584,2.576,2.584,2824.05
2025-04-12 22:40:00+09:00,2.584,2.601,2.581,2.592,26204.45
2025-04-12 22:45:00+09:00,2.593,2.61,2.586,2.592,104982.49
2025-04-12 22:50:00+09:00,2.592,2.604,2.582,2.603,47946.81
2025-04-12 22:55:00+09:00,2.603,2.612,2.596,2.599,20228.91
2025-04-12 23:00:00+09:00,2.6,2.602,2.591,2.598,36712.7
2025-04-12 23:05:00+09:00,2.598,2.62,2.598,2.619,70712.84
2025-04-12 23:10:00+09:00,2.619,2.62,2.611,2.615,31755.36
2025-04-12 23:15:00+09:00,2.613,2.625,2.613,2.623,67213.67
2025-04-12 23:20:00+09:00,2.623,2.646,2.62,2.639,44046.12
2025-04-12 23:25:00+09:00,2.638,2.646,2.625,2.633,68851.34
2025-04-12 23:30:00+09:00,2.632,2.65,2.631,2.639,32399.89
2025-04-12 23:35:00+09:00,2.638,2.641,2.632,2.639,17651.41
2025-04-12 23:40:00+09:00,2.639,2.639,2.624,2.63,31999.35
2025-04-12 23:45:00+09:00,2.629,2.631,2.616,2.619,18979.26
2025-04-12 23:50:00+09:00,2.619,2.639,2.619,2.635,15053.06
2025-04-12 23:55:00+09:00,2.637,2.64,2.632,2.632,18432.85
2025-04-13 00:00:00+09:00,2.634,2.645,2.634,2.642,22140.01
2025-04-13 00:05:00+09:00,2.641,2.641,2.624,2.627,23223.23
2025-04-13 00:10:00+09:00,2.628,2.634,2.626,2.634,14192.74
2025-04-13 00:15:00+09:00,2.634,2.649,2.634,2.649,14858.12
2025-04-13 00:20:00+09:00,2.649,2.662,2.648,2.661,34288.72
2025-04-13 00:25:00+09:00,2.661,2.663,2.657,2.659,8658.06
2025-04-13 00:30:00+09:00,2.659,2.666,2.658,2.663,6041.26
2025-04-13 00:35:00+09:00,2.663,2.669,2.654,2.654,20621.6
2025-04-13 00:40:00+09:00,2.654,2.678,2.654,2.667,59484.67
2025-04-13 00:45:00+09:00,2.666,2.674,2.661,2.662,40987.58
2025-04-13 00:50:00+09:00,2.662,2.668,2.66,2.662,19522.21
2025-04-13 00:55:00+09:00,2.662,2.667,2.66,2.661,34929.16
2025-04-13 01:00:00+09:00,2.662,2.682,2.662,2.68,18632.79
2025-04-13 01:05:00+09:00,2.68,2.68,2.663,2.67,66471.66
2025-04-13 01:10:00+09:00,2.669,2.669,2.658,2.667,26880.07
2025-04-13 01:15:00+09:00,2.667,2.679,2.661,2.676,12274.39
2025-04-13 01:20:00+09:00,2.676,2.688,2.674,2.683,40627.35
2025-04-13 01:25:00+09:00,2.682,2.682,2.674,2.676,8916.86
2025-04-13 01:30:00+09:00,2.676,2.676,2.667,2.674,18872.4
2025-04-13 01:35:00+09:00,2.675,2.681,2.675,2.678,20076.4
2025-04-13 01:40:00+09:00,2.679,2.679,2.662,2.662,10431.86
2025-04-13 01:45:00+09:00,2.661,2.663,2.653,2.658,39832.6
2025-04-13 01:50:00+09:00,2.658,2.663,2.657,2.662,12849.18
2025-04-13 01:55:00+09:00,2.662,2.664,2.66,2.66,13343.85
2025-04-13 02:00:00+09:00,2.659,2.665,2.655,2.659,27165.98
2025-04-13 02:05:00+09:00,2.66,2.661,2.645,2.646,26372.17
2025-04-13 02:10:00+09:00,2.645,2.649,2.636,2.637,69877.88
2025-04-13 02:15:00+09:00,2.636,2.644,2.636,2.639,12435.55
2025-04-13 02:20:00+09:00,2.639,2.644,2.634,2.642,11404.45
2025-04-13 02:25:00+09:00,2.643,2.65,2.641,2.645,9753.77
2025-04-13 02:30:00+09:00,2.645,2.655,2.645,2.651,9790.97
2025-04-13 02:35:00+09:00,2.65,2.656,2.647,2.655,11928.33
2025-04-13 02:40:00+09:00,2.655,2.655,2.649,2.652,3645.14
2025-04-13 02:45:00+09:00,2.651,2.651,2.644,2.648,13187.35
2025-04-13 02:50:00+09:00,2.646,2.651,2.645,2.651,14039.1
2025-04-13 02:55:00+09:00,2.65,2.65,2.643,2.644,805.22
2025-04-13 03:00:00+09:00,2.643,2.65,2.641,2.647,6420.4
2025-04-13 03:05:00+09:00,2.647,2.647,2.64,2.646,5089.12
2025-04-13 03:10:00+09:00,2.647,2.649,2.645,2.648,3036.05
2025-04-13 03:15:00+09:00,2.648,2.657,2.648,2.654,12421.95
2025-04-13 03:20:00+09:00,2.653,2.658,2.651,2.658,2719.28
2025-04-13 03:25:00+09:00,2.658,2.661,2.655,2.661,1921.39
2025-04-13 03:30:00+09:00,2.662,2.662,2.654,2.656,12314.51
2025-04-13 03:35:00+09:00,2.657,2.659,2.652,2.656,5820.57
2025-04-13 03:40:00+09:00,2.657,2.662,2.656,2.659,4124.04
2025-04-13 03:45:00+09:00,2.66,2.667,2.654,2.661,37170.63
2025-04-13 03:50:00+09:00,2.66,2.661,2.658,2.66,11238.36
2025-04-13 03:55:00+09:00,2.66,2.664,2.658,2.658,13991.08
2025-04-13 04:00:00+09:00,2.657,2.657,2.648,2.65,24116.43
2025-04-13 04:05:00+09:00,2.651,2.652,2.646,2.647,21763.72
2025-04-13 04:10:00+09:00,2.646,2.646,2.641,2.643,22047.41
2025-04-13 04:15:00+09:00,2.643,2.648,2.635,2.644,53816.82
2025-04-13 04:20:00+09:00,2.644,2.645,2.638,2.639,35009.87
2025-04-13 04:25:00+09:00,2.639,2.641,2.629,2.633,43759.85
2025-04-13 04:30:00+09:00,2.633,2.634,2.623,2.625,32157.54
2025-04-13 04:35:00+09:00,2.625,2.628,2.618,2.62,18862.93
2025-04-13 04:40:00+09:00,2.619,2.619,2.605,2.617,64447.8
2025-04-13 04:45:00+09:00,2.617,2.619,2.615,2.619,22681.08
2025-04-13 04:50:00+09:00,2.619,2.619,2.611,2.613,25895.2
2025-04-13 04:55:00+09:00,2.613,2.615,2.611,2.614,18037.12
2025-04-13 05:00:00+09:00,2.615,2.616,2.61,2.614,28181.06
2025-04-13 05:05:00+09:00,2.615,2.618,2.609,2.609,38707.67
2025-04-13 05:10:00+09:00,2.608,2.61,2.6,2.609,63313.72
2025-04-13 05:15:00+09:00,2.61,2.616,2.603,2.603,35229.38
2025-04-13 05:20:00+09:00,2.603,2.606,2.599,2.602,23270.23
2025-04-13 05:25:00+09:00,2.601,2.605,2.601,2.604,25186.37
2025-04-13 05:30:00+09:00,2.605,2.632,2.605,2.632,120554.56
2025-04-13 05:35:00+09:00,2.631,2.645,2.621,2.643,20371.22
2025-04-13 05:40:00+09:00,2.643,2.66,2.637,2.647,50516.21
2025-04-13 05:45:00+09:00,2.647,2.647,2.633,2.638,9260.74
2025-04-13 05:50:00+09:00,2.638,2.64,2.634,2.636,16621.37
2025-04-13 05:55:00+09:00,2.636,2.654,2.636,2.649,21416.69
2025-04-13 06:00:00+09:00,2.649,2.654,2.642,2.647,15177.71
2025-04-13 06:05:00+09:00,2.647,2.656,2.646,2.648,9714.26
2025-04-13 06:10:00+09:00,2.648,2.664,2.647,2.657,8071.08
2025-04-13 06:15:00+09:00,2.657,2.662,2.648,2.66,6751.61
2025-04-13 06:20:00+09:00,2.661,2.661,2.651,2.652,6115.07
2025-04-13 06:25:00+09:00,2.653,2.662,2.648,2.656,45571.6
2025-04-13 06:30:00+09:00,2.658,2.665,2.651,2.661,27335.17
2025-04-13 06:35:00+09:00,2.66,2.663,2.653,2.66,14195.59
2025-04-13 06:40:00+09:00,2.662,2.666,2.662,2.664,3762.06
2025-04-13 06:45:00+09:00,2.663,2.664,2.661,2.663,4560.21
2025-04-13 06:50:00+09:00,2.664,2.669,2.664,2.668,10754.39
2025-04-13 06:55:00+09:00,2.667,2.667,2.653,2.656,13546.34
2025-04-13 07:00:00+09:00,2.655,2.663,2.652,2.66,6246.57
2025-04-13 07:05:00+09:00,2.66,2.675,2.657,2.667,17397.16
2025-04-13 07:10:00+09:00,2.666,2.667,2.663,2.666,11146.35
2025-04-13 07:15:00+09:00,2.667,2.673,2.666,2.672,2575.3
2025-04-13 07:20:00+09:00,2.673,2.673,2.661,2.663,17296.66
2025-04-13 07:25:00+09:00,2.662,2.663,2.656,2.656,2927.43
2025-04-13 07:30:00+09:00,2.656,2.657,2.649,2.654,3297.78
2025-04-13 07:35:00+09:00,2.655,2.659,2.653,2.656,7279.58
2025-04-13 07:40:00+09:00,2.655,2.658,2.653,2.658,1805.51
2025-04-13 07:45:00+09:00,2.657,2.657,2.649,2.649,8485.97
2025-04-13 07:50:00+09:00,2.649,2.649,2.643,2.644,15579.84
2025-04-13 07:55:00+09:00,2.644,2.645,2.638,2.645,6936.81
2025-04-13 08:00:00+09:00,2.645,2.648,2.644,2.646,2176.94
2025-04-13 08:05:00+09:00,2.645,2.648,2.644,2.645,4358.68
2025-04-13 08:10:00+09:00,2.645,2.645,2.632,2.633,11842.5
2025-04-13 08:15:00+09:00,2.633,2.644,2.633,2.643,8378.87
2025-04-13 08:20:00+09:00,2.644,2.644,2.63,2.634,2669.09
2025-04-13 08:25:00+09:00,2.635,2.637,2.629,2.632,10771.15
2025-04-13 08:30:00+09:00,2.633,2.634,2.628,2.631,3918.3
2025-04-13 08:35:00+09:00,2.632,2.639,2.632,2.639,8841.34
2025-04-13 08:40:00+09:00,2.638,2.643,2.638,2.643,2652.05
2025-04-13 08:45:00+09:00,2.642,2.645,2.639,2.639,2051.72
2025-04-13 08:50:00+09:00,2.638,2.64,2.637,2.639,898.12
2025-04-13 08:55:00+09:00,2.64,2.651,2.636,2.65,3470.47
2025-04-13 09:00:00+09:00,2.65,2.656,2.635,2.639,19401.01
2025-04-13 09:05:00+09:00,2.64,2.648,2.639,2.648,4442.18
2025-04-13 09:10:00+09:00,2.649,2.65,2.64,2.642,1960.54
2025-04-13 09:15:00+09:00,2.642,2.648,2.642,2.647,3011.68
2025-04-13 09:20:00+09:00,2.647,2.648,2.633,2.636,3693.16
2025-04-13 09:25:00+09:00,2.635,2.635,2.63,2.634,10656.19
2025-04-13 09:30:00+09:00,2.635,2.635,2.626,2.632,13664.16
2025-04-13 09:35:00+09:00,2.633,2.637,2.632,2.632,7781.01
2025-04-13 09:40:00+09:00,2.631,2.64,2.631,2.637,5335.15
2025-04-13 09:45:00+09:00,2.636,2.646,2.636,2.646,3076.7
2025-04-13 09:50:00+09:00,2.647,2.655,2.647,2.653,6069.07
2025-04-13 09:55:00+09:00,2.654,2.658,2.651,2.651,24826.85
2025-04-13 10:00:00+09:00,2.652,2.652,2.634,2.634,17595.38
2025-04-13 10:05:00+09:00,2.633,2.639,2.631,2.638,3576.39
2025-04-13 10:10:00+09:00,2.638,2.644,2.638,2.642,1279.74
2025-04-13 10:15:00+09:00,2.641,2.645,2.632,2.632,8305.79
2025-04-13 10:20:00+09:00,2.631,2.64,2.63,2.639,5482.93
2025-04-13 10:25:00+09:00,2.638,2.641,2.635,2.638,1555.38
2025-04-13 10:30:00+09:00,2.637,2.647,2.629,2.633,3745.08
2025-04-13 10:35:00+09:00,2.634,2.634,2.623,2.626,3678.85
2025-04-13 10:40:00+09:00,2.625,2.631,2.622,2.629,5929.75
2025-04-13 10:45:00+09:00,2.628,2.632,2.609,2.619,41989.33
2025-04-13 10:50:00+09:00,2.619,2.619,2.607,2.609,12182.99
2025-04-13 10:55:00+09:00,2.609,2.61,2.602,2.61,4360.94
2025-04-13 11:00:00+09:00,2.609,2.612,2.604,2.606,34191.52
2025-04-13 11:05:00+09:00,2.606,2.608,2.601,2.604,18680.38
2025-04-13 11:10:00+09:00,2.604,2.604,2.594,2.597,40162.94
2025-04-13 11:15:00+09:00,2.597,2.599,2.588,2.592,27608.81
2025-04-13 11:20:00+09:00,2.591,2.591,2.583,2.586,12588.81
2025-04-13 11:25:00+09:00,2.587,2.589,2.582,2.588,28579.89
2025-04-13 11:30:00+09:00,2.586,2.591,2.585,2.585,14263.63
2025-04-13 11:35:00+09:00,2.584,2.588,2.583,2.584,27300.27
2025-04-13 11:40:00+09:00,2.584,2.588,2.582,2.586,21593.05
2025-04-13 11:45:00+09:00,2.586,2.586,2.577,2.581,77474.32
2025-04-13 11:50:00+09:00,2.583,2.594,2.58,2.594,37962.69
2025-04-13 11:55:00+09:00,2.594,2.604,2.594,2.601,14403.23
2025-04-13 12:00:00+09:00,2.602,2.605,2.597,2.597,6635.24
2025-04-13 12:05:00+09:00,2.596,2.601,2.593,2.595,13601.36
2025-04-13 12:10:00+09:00,2.595,2.6,2.594,2.6,3677.86
2025-04-13 12:15:00+09:00,2.6,2.604,2.595,2.595,1223.42
2025-04-13 12:20:00+09:00,2.596,2.598,2.591,2.595,7330.19
2025-04-13 12:25:00+09:00,2.595,2.596,2.588,2.589,2578.44
2025-04-13 12:30:00+09:00,2.589,2.595,2.588,2.595,5482.77
2025-04-13 12:35:00+09:00,2.596,2.603,2.595,2.6,2797.14
2025-04-13 12:40:00+09:00,2.599,2.603,2.596,2.597,2649.88
2025-04-13 12:45:00+09:00,2.598,2.601,2.595,2.596,5279.04
2025-04-13 12:50:00+09:00,2.596,2.599,2.59,2.59,2676.84
2025-04-13 12:55:00+09:00,2.59,2.59,2.585,2.588,9299.18
2025-04-13 13:00:00+09:00,2.588,2.588,2.579,2.582,5176.17
2025-04-13 13:05:00+09:00,2.583,2.583,2.569,2.569,11860.44
2025-04-13 13:10:00+09:00,2.57,2.57,2.563,2.563,11644.27
2025-04-13 13:15:00+09:00,2.563,2.563,2.553,2.555,19892.1
2025-04-13 13:20:00+09:00,2.555,2.562,2.554,2.56,15572.52
2025-04-13 13:25:00+09:00,2.56,2.56,2.554,2.554,4318.34
2025-04-13 13:30:00+09:00,2.556,2.556,2.529,2.53,81661.56
2025-04-13 13:35:00+09:00,2.53,2.53,2.518,2.52,24873.4
2025-04-13 13:40:00+09:00,2.519,2.541,2.51,2.54,40092.75
2025-04-13 13:45:00+09:00,2.538,2.551,2.535,2.551,10457.33
2025-04-13 13:50:00+09:00,2.549,2.553,2.545,2.55,21202.05
2025-04-13 13:55:00+09:00,2.549,2.556,2.547,2.554,8030.86
2025-04-13 14:00:00+09:00,2.555,2.564,2.555,2.562,6917.23
2025-04-13 14:05:00+09:00,2.562,2.565,2.555,2.555,5740.17
2025-04-13 14:10:00+09:00,2.555,2.555,2.544,2.547,5925.81
2025-04-13 14:15:00+09:00,2.547,2.561,2.547,2.561,3244.77
2025-04-13 14:20:00+09:00,2.561,2.566,2.561,2.566,1354.89
2025-04-13 14:25:00+09:00,2.566,2.573,2.565,2.573,4776.62
2025-04-13 14:30:00+09:00,2.571,2.579,2.566,2.574,7343.59
2025-04-13 14:35:00+09:00,2.573,2.575,2.565,2.567,6098.1
2025-04-13 14:40:00+09:00,2.567,2.57,2.567,2.568,1478.47
2025-04-13 14:45:00+09:00,2.568,2.568,2.554,2.554,24615.09
2025-04-13 14:50:00+09:00,2.555,2.557,2.554,2.557,1231.49
2025-04-13 14:55:00+09:00,2.558,2.558,2.556,2.557,718.41
2025-04-13 15:00:00+09:00,2.556,2.56,2.554,2.558,8254.74
2025-04-13 15:05:00+09:00,2.557,2.561,2.557,2.56,5962.08
2025-04-13 15:10:00+09:00,2.56,2.56,2.553,2.555,21930.62
2025-04-13 15:15:00+09:00,2.556,2.558,2.548,2.55,8851.01
2025-04-13 15:20:00+09:00,2.551,2.552,2.547,2.552,21029.55
2025-04-13 15:25:00+09:00,2.553,2.557,2.553,2.555,5219.43
2025-04-13 15:30:00+09:00,2.555,2.573,2.552,2.57,30714.83
2025-04-13 15:35:00+09:00,2.571,2.573,2.553,2.557,35110.51
2025-04-13 15:40:00+09:00,2.557,2.56,2.552,2.559,5443.76
2025-04-13 15:45:00+09:00,2.56,2.565,2.559,2.564,3263.29
2025-04-13 15:50:00+09:00,2.564,2.565,2.561,2.561,3070.35
2025-04-13 15:55:00+09:00,2.561,2.561,2.556,2.556,1399.09
2025-04-13 16:00:00+09:00,2.557,2.562,2.553,2.562,1807.03
2025-04-13 16:05:00+09:00,2.562,2.566,2.558,2.563,2938.4
2025-04-13 16:10:00+09:00,2.563,2.567,2.559,2.567,7594.05
2025-04-13 16:15:00+09:00,2.567,2.567,2.563,2.565,2726.26
2025-04-13 16:20:00+09:00,2.566,2.566,2.558,2.56,2404.0
2025-04-13 16:25:00+09:00,2.561,2.564,2.559,2.564,583.93
2025-04-13 16:30:00+09:00,2.565,2.566,2.556,2.563,1219.01
2025-04-13 16:35:00+09:00,2.564,2.564,2.555,2.556,3107.48
2025-04-13 16:40:00+09:00,2.557,2.559,2.553,2.557,2302.55
2025-04-13 16:45:00+09:00,2.556,2.563,2.556,2.562,3230.11
2025-04-13 16:50:00+09:00,2.562,2.564,2.56,2.56,4713.07
2025-04-13 16:55:00+09:00,2.56,2.561,2.558,2.561,1485.43
2025-04-13 17:00:00+09:00,2.561,2.561,2.552,2.553,8242.49
2025-04-13 17:05:00+09:00,2.553,2.554,2.55,2.55,3681.37
2025-04-13 17:10:00+09:00,2.55,2.551,2.544,2.546,13629.8
2025-04-13 17:15:00+09:00,2.545,2.554,2.543,2.552,1671.66
2025-04-13 17:20:00+09:00,2.551,2.557,2.551,2.552,6794.69
2025-04-13 17:25:00+09:00,2.552,2.559,2.551,2.558,6239.9
2025-04-13 17:30:00+09:00,2.558,2.563,2.558,2.56,5662.79
2025-04-13 17:35:00+09:00,2.56,2.56,2.555,2.557,1565.96
2025-04-13 17:40:00+09:00,2.558,2.56,2.558,2.558,1277.51
2025-04-13 17:45:00+09:00,2.558,2.566,2.557,2.565,3510.07
2025-04-13 17:50:00+09:00,2.564,2.565,2.562,2.563,12866.66
2025-04-13 17:55:00+09:00,2.562,2.569,2.562,2.567,788.45
2025-04-13 18:00:00+09:00,2.568,2.568,2.561,2.565,4041.45
2025-04-13 18:05:00+09:00,2.566,2.569,2.564,2.565,19922.28
2025-04-13 18:10:00+09:00,2.566,2.566,2.562,2.564,4768.75
2025-04-13 18:15:00+09:00,2.563,2.563,2.558,2.558,12596.38
2025-04-13 18:20:00+09:00,2.559,2.565,2.559,2.564,19187.12
2025-04-13 18:25:00+09:00,2.564,2.572,2.563,2.571,3740.67
2025-04-13 18:30:00+09:00,2.571,2.571,2.564,2.565,6661.43
2025-04-13 18:35:00+09:00,2.565,2.568,2.562,2.568,47772.04
2025-04-13 18:40:00+09:00,2.567,2.573,2.567,2.572,9783.68
2025-04-13 18:45:00+09:00,2.571,2.576,2.569,2.575,15044.72
2025-04-13 18:50:00+09:00,2.575,2.584,2.575,2.583,26861.31
2025-04-13 18:55:00+09:00,2.582,2.591,2.582,2.589,8764.78
2025-04-13 19:00:00+09:00,2.589,2.594,2.584,2.586,8297.31
2025-04-13 19:05:00+09:00,2.585,2.588,2.582,2.585,7053.05
2025-04-13 19:10:00+09:00,2.584,2.588,2.584,2.588,6389.82
2025-04-13 19:15:00+09:00,2.587,2.588,2.58,2.581,10067.36
2025-04-13 19:20:00+09:00,2.582,2.584,2.579,2.579,41032.32
2025-04-13 19:25:00+09:00,2.579,2.579,2.567,2.568,11621.25
2025-04-13 19:30:00+09:00,2.567,2.569,2.56,2.569,5724.93
2025-04-13 19:35:00+09:00,2.569,2.575,2.569,2.574,4008.02
2025-04-13 19:40:00+09:00,2.574,2.579,2.571,2.572,13858.16
2025-04-13 19:45:00+09:00,2.573,2.585,2.572,2.585,7648.79
2025-04-13 19:50:00+09:00,2.583,2.588,2.583,2.584,2604.75
2025-04-13 19:55:00+09:00,2.584,2.585,2.582,2.585,1113.26
2025-04-13 20:00:00+09:00,2.585,2.586,2.579,2.579,3552.41
2025-04-13 20:05:00+09:00,2.579,2.579,2.573,2.576,8015.51
2025-04-13 20:10:00+09:00,2.576,2.58,2.574,2.574,3179.04
2025-04-13 20:15:00+09:00,2.574,2.574,2.548,2.549,39936.74
2025-04-13 20:20:00+09:00,2.55,2.552,2.543,2.55,17973.6
2025-04-13 20:25:00+09:00,2.549,2.559,2.549,2.555,9554.3
2025-04-13 20:30:00+09:00,2.554,2.558,2.545,2.549,10240.15
2025-04-13 20:35:00+09:00,2.55,2.555,2.55,2.555,2933.05
2025-04-13 20:40:00+09:00,2.556,2.558,2.555,2.557,2773.73
2025-04-13 20:45:00+09:00,2.558,2.56,2.547,2.548,7177.05
2025-04-13 20:50:00+09:00,2.548,2.557,2.547,2.557,3212.69
2025-04-13 20:55:00+09:00,2.556,2.56,2.555,2.557,16847.02
2025-04-13 21:00:00+09:00,2.557,2.561,2.552,2.553,5963.59
2025-04-13 21:05:00+09:00,2.553,2.557,2.551,2.555,2712.3
2025-04-13 21:10:00+09:00,2.557,2.563,2.557,2.563,633.59
2025-04-13 21:15:00+09:00,2.563,2.569,2.563,2.567,14584.43
2025-04-13 21:20:00+09:00,2.567,2.567,2.546,2.547,36825.9
2025-04-13 21:25:00+09:00,2.548,2.55,2.546,2.548,4906.28
2025-04-13 21:30:00+09:00,2.548,2.553,2.544,2.549,12909.52
2025-04-13 21:35:00+09:00,2.549,2.555,2.548,2.554,997.52
2025-04-13 21:40:00+09:00,2.554,2.556,2.55,2.55,4305.18
2025-04-13 21:45:00+09:00,2.549,2.553,2.549,2.552,8240.85
2025-04-13 21:50:00+09:00,2.551,2.558,2.551,2.558,5431.41
2025-04-13 21:55:00+09:00,2.557,2.557,2.55,2.55,8232.49
2025-04-13 22:00:00+09:00,2.552,2.559,2.551,2.551,5234.16
2025-04-13 22:05:00+09:00,2.551,2.554,2.548,2.553,1968.08
2025-04-13 22:10:00+09:00,2.554,2.562,2.554,2.561,836.38
2025-04-13 22:15:00+09:00,2.561,2.564,2.554,2.554,10732.48
2025-04-13 22:20:00+09:00,2.553,2.554,2.542,2.543,21369.15
2025-04-13 22:25:00+09:00,2.543,2.544,2.529,2.536,50852.89
2025-04-13 22:30:00+09:00,2.535,2.543,2.535,2.54,6953.07
2025-04-13 22:35:00+09:00,2.54,2.54,2.531,2.538,28692.03
2025-04-13 22:40:00+09:00,2.537,2.537,2.517,2.52,21229.06
2025-04-13 22:45:00+09:00,2.52,2.525,2.517,2.52,22944.84
2025-04-13 22:50:00+09:00,2.519,2.519,2.497,2.5,143240.86
2025-04-13 22:55:00+09:00,2.499,2.507,2.494,2.507,129748.27
2025-04-13 23:00:00+09:00,2.508,2.515,2.497,2.515,38191.47
2025-04-13 23:05:00+09:00,2.516,2.516,2.499,2.506,8528.46
2025-04-13 23:10:00+09:00,2.506,2.516,2.498,2.501,201529.18
2025-04-13 23:15:00+09:00,2.5,2.503,2.486,2.493,25929.31
2025-04-13 23:20:00+09:00,2.494,2.499,2.491,2.493,11358.59
2025-04-13 23:25:00+09:00,2.492,2.5,2.491,2.497,4031.21
2025-04-13 23:30:00+09:00,2.496,2.501,2.491,2.498,18787.62
2025-04-13 23:35:00+09:00,2.497,2.502,2.493,2.498,3276.29
2025-04-13 23:40:00+09:00,2.498,2.505,2.497,2.501,7598.2
2025-04-13 23:45:00+09:00,2.501,2.505,2.5,2.5,6831.15
2025-04-13 23:50:00+09:00,2.501,2.502,2.497,2.498,3019.47
2025-04-13 23:55:00+09:00,2.497,2.501,2.496,2.5,5683.4
2025-04-14 00:00:00+09:00,2.5,2.503,2.482,2.484,16962.68
2025-04-14 00:05:00+09:00,2.485,2.485,2.474,2.476,17836.29
2025-04-14 00:10:00+09:00,2.476,2.49,2.476,2.487,11777.15
2025-04-14 00:15:00+09:00,2.488,2.491,2.479,2.49,58209.68
2025-04-14 00:20:00+09:00,2.489,2.502,2.488,2.495,167355.93
2025-04-14 00:25:00+09:00,2.495,2.497,2.492,2.496,9665.97
2025-04-14 00:30:00+09:00,2.497,2.505,2.488,2.494,59856.33
2025-04-14 00:35:00+09:00,2.493,2.5,2.492,2.498,827.57
2025-04-14 00:40:00+09:00,2.497,2.498,2.489,2.491,19877.83
2025-04-14 00:45:00+09:00,2.491,2.494,2.49,2.494,8913.82
2025-04-14 00:50:00+09:00,2.494,2.498,2.494,2.497,1927.66
2025-04-14 00:55:00+09:00,2.496,2.499,2.495,2.499,1850.9
2025-04-14 01:00:00+09:00,2.498,2.511,2.498,2.51,32913.85
2025-04-14 01:05:00+09:00,2.509,2.509,2.501,2.504,9488.61
2025-04-14 01:10:00+09:00,2.503,2.505,2.499,2.505,2944.13
2025-04-14 01:15:00+09:00,2.504,2.513,2.504,2.513,8460.7
2025-04-14 01:20:00+09:00,2.512,2.521,2.51,2.52,17931.56
2025-04-14 01:25:00+09:00,2.519,2.524,2.517,2.517,6008.77
2025-04-14 01:30:00+09:00,2.517,2.522,2.516,2.52,9079.81
2025-04-14 01:35:00+09:00,2.521,2.522,2.511,2.513,25085.25
2025-04-14 01:40:00+09:00,2.513,2.515,2.511,2.511,5741.83
2025-04-14 01:45:00+09:00,2.511,2.515,2.507,2.508,2356.78
2025-04-14 01:50:00+09:00,2.509,2.512,2.508,2.512,2243.15
2025-04-14 01:55:00+09:00,2.512,2.518,2.512,2.515,11719.06
2025-04-14 02:00:00+09:00,2.516,2.521,2.51,2.521,18612.86
2025-04-14 02:05:00+09:00,2.521,2.526,2.521,2.526,6790.52
2025-04-14 02:10:00+09:00,2.527,2.529,2.524,2.529,5388.09
2025-04-14 02:15:00+09:00,2.53,2.538,2.517,2.533,151977.25
2025-04-14 02:20:00+09:00,2.533,2.549,2.533,2.547,171918.19
2025-04-14 02:25:00+09:00,2.546,2.546,2.535,2.537,8244.42
2025-04-14 02:30:00+09:00,2.538,2.542,2.529,2.532,22951.81
2025-04-14 02:35:00+09:00,2.532,2.541,2.531,2.538,3403.23
2025-04-14 02:40:00+09:00,2.538,2.553,2.538,2.552,9838.36
2025-04-14 02:45:00+09:00,2.552,2.565,2.549,2.564,41894.5
2025-04-14 02:50:00+09:00,2.564,2.576,2.564,2.573,13131.08
2025-04-14 02:55:00+09:00,2.574,2.577,2.567,2.567,7657.53
2025-04-14 03:00:00+09:00,2.567,2.573,2.56,2.573,69190.18
2025-04-14 03:05:00+09:00,2.574,2.585,2.568,2.584,87791.27
2025-04-14 03:10:00+09:00,2.584,2.585,2.577,2.578,11759.75
2025-04-14 03:15:00+09:00,2.577,2.577,2.561,2.569,17163.21
2025-04-14 03:20:00+09:00,2.57,2.571,2.562,2.562,7576.22
2025-04-14 03:25:00+09:00,2.561,2.567,2.56,2.563,5728.32
2025-04-14 03:30:00+09:00,2.564,2.57,2.561,2.566,21008.23
2025-04-14 03:35:00+09:00,2.566,2.578,2.566,2.575,13841.43
2025-04-14 03:40:00+09:00,2.574,2.574,2.564,2.566,3866.32
2025-04-14 03:45:00+09:00,2.565,2.568,2.557,2.56,7783.14
2025-04-14 03:50:00+09:00,2.56,2.562,2.552,2.56,16343.06
2025-04-14 03:55:00+09:00,2.559,2.559,2.551,2.553,12214.92
2025-04-14 04:00:00+09:00,2.553,2.553,2.531,2.538,30746.78
2025-04-14 04:05:00+09:00,2.538,2.54,2.525,2.526,10871.92
2025-04-14 04:10:00+09:00,2.526,2.528,2.522,2.526,17798.67
2025-04-14 04:15:00+09:00,2.525,2.528,2.516,2.521,8124.76
2025-04-14 04:20:00+09:00,2.521,2.524,2.513,2.521,15382.4
2025-04-14 04:25:00+09:00,2.521,2.522,2.507,2.511,89497.41
2025-04-14 04:30:00+09:00,2.511,2.515,2.501,2.503,19875.37
2025-04-14 04:35:00+09:00,2.502,2.508,2.446,2.45,114768.02
2025-04-14 04:40:00+09:00,2.451,2.458,2.42,2.44,202834.5
2025-04-14 04:45:00+09:00,2.437,2.457,2.429,2.456,165621.34
2025-04-14 04:50:00+09:00,2.458,2.463,2.442,2.455,17186.96
2025-04-14 04:55:00+09:00,2.455,2.461,2.45,2.458,18691.72
2025-04-14 05:00:00+09:00,2.457,2.473,2.443,2.471,33629.18
2025-04-14 05:05:00+09:00,2.471,2.479,2.463,2.464,21657.1
2025-04-14 05:10:00+09:00,2.465,2.485,2.461,2.475,39579.74
2025-04-14 05:15:00+09:00,2.474,2.484,2.474,2.478,22678.31
2025-04-14 05:20:00+09:00,2.478,2.482,2.473,2.475,4925.66
2025-04-14 05:25:00+09:00,2.475,2.476,2.47,2.471,2628.72
2025-04-14 05:30:00+09:00,2.47,2.472,2.456,2.458,14485.72
2025-04-14 05:35:00+09:00,2.457,2.457,2.434,2.434,24427.05
2025-04-14 05:40:00+09:00,2.435,2.44,2.423,2.432,33142.63
2025-04-14 05:45:00+09:00,2.432,2.433,2.423,2.433,27168.04
2025-04-14 05:50:00+09:00,2.433,2.438,2.421,2.426,13514.77
2025-04-14 05:55:00+09:00,2.424,2.429,2.417,2.422,6303.32
2025-04-14 06:00:00+09:00,2.422,2.422,2.398,2.4,52226.82
2025-04-14 06:05:00+09:00,2.4,2.413,2.395,2.409,13308.08
2025-04-14 06:10:00+09:00,2.409,2.414,2.404,2.413,22936.11
2025-04-14 06:15:00+09:00,2.413,2.417,2.407,2.417,8884.68
2025-04-14 06:20:00+09:00,2.418,2.425,2.412,2.421,8013.01
2025-04-14 06:25:00+09:00,2.42,2.422,2.408,2.412,6916.52
2025-04-14 06:30:00+09:00,2.412,2.42,2.403,2.403,8780.34
2025-04-14 06:35:00+09:00,2.402,2.402,2.38,2.386,26699.9
2025-04-14 06:40:00+09:00,2.387,2.396,2.387,2.394,7159.25
2025-04-14 06:45:00+09:00,2.395,2.403,2.395,2.403,3223.45
2025-04-14 06:50:00+09:00,2.404,2.416,2.404,2.413,8578.69
2025-04-14 06:55:00+09:00,2.414,2.424,2.406,2.409,17414.45
2025-04-14 07:00:00+09:00,2.41,2.423,2.403,2.411,27090.35
2025-04-14 07:05:00+09:00,2.412,2.413,2.401,2.406,4758.04
2025-04-14 07:10:00+09:00,2.407,2.408,2.397,2.397,9504.7
2025-04-14 07:15:00+09:00,2.396,2.405,2.396,2.401,3744.96
2025-04-14 07:20:00+09:00,2.401,2.405,2.399,2.404,3549.54
2025-04-14 07:25:00+09:00,2.405,2.409,2.404,2.408,4137.05
2025-04-14 07:30:00+09:00,2.407,2.41,2.396,2.4,7401.65
2025-04-14 07:35:00+09:00,2.399,2.401,2.395,2.396,6551.42
2025-04-14 07:40:00+09:00,2.397,2.405,2.396,2.396,6300.71
2025-04-14 07:45:00+09:00,2.396,2.396,2.389,2.396,10994.65
2025-04-14 07:50:00+09:00,2.396,2.404,2.396,2.399,25625.81
2025-04-14 07:55:00+09:00,2.398,2.402,2.392,2.393,4685.44
2025-04-14 08:00:00+09:00,2.393,2.403,2.386,2.396,11249.19
2025-04-14 08:05:00+09:00,2.395,2.407,2.395,2.407,6770.16
2025-04-14 08:10:00+09:00,2.408,2.419,2.408,2.409,8380.37
2025-04-14 08:15:00+09:00,2.41,2.414,2.407,2.41,8142.84
2025-04-14 08:20:00+09:00,2.409,2.409,2.4,2.408,13865.52
2025-04-14 08:25:00+09:00,2.407,2.414,2.406,2.414,3568.2
2025-04-14 08:30:00+09:00,2.414,2.418,2.41,2.414,2665.99
2025-04-14 08:35:00+09:00,2.414,2.415,2.405,2.409,4591.87
2025-04-14 08:40:00+09:00,2.409,2.41,2.402,2.41,4140.99
2025-04-14 08:45:00+09:00,2.41,2.419,2.41,2.419,1590.97
2025-04-14 08:50:00+09:00,2.418,2.423,2.418,2.422,1679.87
2025-04-14 08:55:00+09:00,2.422,2.425,2.417,2.418,5376.75
2025-04-14 09:00:00+09:00,2.419,2.428,2.417,2.418,45060.7
2025-04-14 09:05:00+09:00,2.418,2.434,2.416,2.431,3406.63
2025-04-14 09:10:00+09:00,2.431,2.44,2.429,2.439,10627.89
2025-04-14 09:15:00+09:00,2.439,2.447,2.437,2.446,6815.79
2025-04-14 09:20:00+09:00,2.447,2.478,2.447,2.472,49017.3
2025-04-14 09:25:00+09:00,2.471,2.483,2.461,2.481,36809.55
2025-04-14 09:30:00+09:00,2.48,2.48,2.464,2.465,11574.14
2025-04-14 09:35:00+09:00,2.466,2.471,2.459,2.471,6459.24
2025-04-14 09:40:00+09:00,2.472,2.479,2.472,2.475,3708.45
2025-04-14 09:45:00+09:00,2.475,2.479,2.463,2.465,5675.21
2025-04-14 09:50:00+09:00,2.464,2.469,2.462,2.464,2850.51
2025-04-14 09:55:00+09:00,2.463,2.463,2.454,2.46,11784.7
2025-04-14 10:00:00+09:00,2.459,2.47,2.459,2.464,2524.6
2025-04-14 10:05:00+09:00,2.462,2.468,2.452,2.466,4583.95
2025-04-14 10:10:00+09:00,2.466,2.466,2.457,2.459,1616.14
2025-04-14 10:15:00+09:00,2.459,2.464,2.457,2.459,1692.23
2025-04-14 10:20:00+09:00,2.461,2.47,2.461,2.47,4616.87
2025-04-14 10:25:00+09:00,2.47,2.475,2.467,2.475,3140.17
2025-04-14 10:30:00+09:00,2.475,2.482,2.47,2.474,5494.33
2025-04-14 10:35:00+09:00,2.475,2.483,2.475,2.478,2048.85
2025-04-14 10:40:00+09:00,2.478,2.478,2.472,2.476,2714.96
2025-04-14 10:45:00+09:00,2.475,2.478,2.468,2.468,1593.59
2025-04-14 10:50:00+09:00,2.47,2.471,2.457,2.462,7108.29
2025-04-14 10:55:00+09:00,2.463,2.472,2.461,2.472,3982.21
2025-04-14 11:00:00+09:00,2.472,2.476,2.467,2.472,2239.6
2025-04-14 11:05:00+09:00,2.471,2.49,2.47,2.479,7389.73
2025-04-14 11:10:00+09:00,2.479,2.482,2.468,2.473,2453.61
2025-04-14 11:15:00+09:00,2.473,2.475,2.469,2.474,5372.15
2025-04-14 11:20:00+09:00,2.475,2.492,2.475,2.492,5006.8
2025-04-14 11:25:00+09:00,2.491,2.517,2.491,2.517,19398.13
2025-04-14 11:30:00+09:00,2.516,2.557,2.516,2.547,141031.87
2025-04-14 11:35:00+09:00,2.547,2.553,2.529,2.531,134825.37
2025-04-14 11:40:00+09:00,2.53,2.548,2.526,2.534,221052.04
2025-04-14 11:45:00+09:00,2.533,2.556,2.533,2.546,10899.13
2025-04-14 11:50:00+09:00,2.545,2.545,2.533,2.535,6927.88
2025-04-14 11:55:00+09:00,2.534,2.538,2.532,2.534,3538.85
2025-04-14 12:00:00+09:00,2.535,2.538,2.517,2.521,25895.97
2025-04-14 12:05:00+09:00,2.521,2.522,2.503,2.504,11834.64
2025-04-14 12:10:00+09:00,2.505,2.506,2.498,2.503,9618.32
2025-04-14 12:15:00+09:00,2.503,2.507,2.498,2.507,2738.03
2025-04-14 12:20:00+09:00,2.507,2.512,2.502,2.503,1502.83
2025-04-14 12:25:00+09:00,2.501,2.507,2.5,2.507,3802.33
2025-04-14 12:30:00+09:00,2.507,2.513,2.503,2.511,3607.91
2025-04-14 12:35:00+09:00,2.51,2.517,2.494,2.497,9363.33
2025-04-14 12:40:00+09:00,2.497,2.507,2.493,2.506,6042.61
2025-04-14 12:45:00+09:00,2.506,2.508,2.495,2.495,3458.22
2025-04-14 12:50:00+09:00,2.495,2.496,2.484,2.489,3830.88
2025-04-14 12:55:00+09:00,2.49,2.493,2.488,2.493,3661.62
2025-04-14 13:00:00+09:00,2.493,2.495,2.489,2.495,5738.35
2025-04-14 13:05:00+09:00,2.495,2.495,2.484,2.484,2904.56
2025-04-14 13:10:00+09:00,2.484,2.484,2.478,2.484,3782.44
2025-04-14 13:15:00+09:00,2.484,2.491,2.479,2.489,3180.07
2025-04-14 13:20:00+09:00,2.488,2.495,2.485,2.489,2243.08
2025-04-14 13:25:00+09:00,2.489,2.496,2.473,2.48,22429.33
2025-04-14 13:30:00+09:00,2.481,2.491,2.479,2.489,43803.98
2025-04-14 13:35:00+09:00,2.489,2.504,2.489,2.504,11247.18
2025-04-14 13:40:00+09:00,2.504,2.507,2.503,2.506,8319.6
2025-04-14 13:45:00+09:00,2.505,2.519,2.504,2.517,7185.83
2025-04-14 13:50:00+09:00,2.516,2.518,2.511,2.516,27696.75
2025-04-14 13:55:00+09:00,2.516,2.521,2.515,2.516,6684.5
2025-04-14 14:00:00+09:00,2.516,2.52,2.512,2.514,13086.22
2025-04-14 14:05:00+09:00,2.515,2.519,2.505,2.512,18541.53
2025-04-14 14:10:00+09:00,2.511,2.518,2.511,2.512,4519.56
2025-04-14 14:15:00+09:00,2.511,2.511,2.505,2.507,4061.73
2025-04-14 14:20:00+09:00,2.507,2.51,2.504,2.509,2964.83
2025-04-14 14:25:00+09:00,2.51,2.512,2.509,2.51,1204.04
2025-04-14 14:30:00+09:00,2.51,2.512,2.498,2.498,2775.95
2025-04-14 14:35:00+09:00,2.498,2.498,2.487,2.492,13886.27
2025-04-14 14:40:00+09:00,2.491,2.495,2.483,2.483,5593.89
2025-04-14 14:45:00+09:00,2.484,2.486,2.479,2.483,4861.24
2025-04-14 14:50:00+09:00,2.483,2.491,2.479,2.491,2951.49
2025-04-14 14:55:00+09:00,2.492,2.492,2.487,2.49,2106.99
2025-04-14 15:00:00+09:00,2.489,2.489,2.478,2.479,7220.22
2025-04-14 15:05:00+09:00,2.478,2.478,2.468,2.471,9624.82
2025-04-14 15:10:00+09:00,2.471,2.479,2.471,2.473,9098.06
2025-04-14 15:15:00+09:00,2.472,2.479,2.471,2.477,1925.5
2025-04-14 15:20:00+09:00,2.477,2.48,2.472,2.474,14619.91
2025-04-14 15:25:00+09:00,2.474,2.474,2.462,2.464,4353.08
2025-04-14 15:30:00+09:00,2.464,2.467,2.46,2.463,1910.73
2025-04-14 15:35:00+09:00,2.465,2.475,2.463,2.472,2410.33
2025-04-14 15:40:00+09:00,2.473,2.475,2.471,2.472,6896.62
2025-04-14 15:45:00+09:00,2.473,2.478,2.472,2.472,5319.32
2025-04-14 15:50:00+09:00,2.473,2.473,2.46,2.462,6979.29
2025-04-14 15:55:00+09:00,2.46,2.461,2.456,2.456,4134.76
2025-04-14 16:00:00+09:00,2.456,2.457,2.447,2.449,14531.26
2025-04-14 16:05:00+09:00,2.45,2.453,2.442,2.451,29506.78
2025-04-14 16:10:00+09:00,2.451,2.456,2.433,2.433,5779.4
2025-04-14 16:15:00+09:00,2.433,2.445,2.424,2.443,31988.31
2025-04-14 16:20:00+09:00,2.442,2.451,2.438,2.445,3121.05
2025-04-14 16:25:00+09:00,2.445,2.452,2.445,2.452,4417.37
2025-04-14 16:30:00+09:00,2.453,2.459,2.449,2.449,5775.82
2025-04-14 16:35:00+09:00,2.448,2.459,2.446,2.457,11385.0
2025-04-14 16:40:00+09:00,2.458,2.459,2.453,2.454,388.86
2025-04-14 16:45:00+09:00,2.454,2.461,2.453,2.456,5543.32
2025-04-14 16:50:00+09:00,2.454,2.461,2.451,2.461,13035.54
2025-04-14 16:55:00+09:00,2.461,2.465,2.46,2.464,6000.78
2025-04-14 17:00:00+09:00,2.465,2.472,2.463,2.469,12944.45
2025-04-14 17:05:00+09:00,2.469,2.472,2.465,2.468,13885.76
2025-04-14 17:10:00+09:00,2.469,2.47,2.463,2.467,7319.73
2025-04-14 17:15:00+09:00,2.466,2.488,2.466,2.486,13218.27
2025-04-14 17:20:00+09:00,2.486,2.498,2.481,2.491,28237.54
2025-04-14 17:25:00+09:00,2.492,2.492,2.477,2.483,9243.35
2025-04-14 17:30:00+09:00,2.485,2.494,2.479,2.487,6606.08
2025-04-14 17:35:00+09:00,2.488,2.499,2.488,2.497,10256.54
2025-04-14 17:40:00+09:00,2.498,2.506,2.498,2.506,14644.69
2025-04-14 17:45:00+09:00,2.506,2.516,2.506,2.512,28314.6
2025-04-14 17:50:00+09:00,2.512,2.515,2.51,2.513,6100.09
2025-04-14 17:55:00+09:00,2.514,2.514,2.503,2.506,46757.29
2025-04-14 18:00:00+09:00,2.506,2.511,2.475,2.487,111311.64
2025-04-14 18:05:00+09:00,2.487,2.493,2.483,2.49,14297.68
2025-04-14 18:10:00+09:00,2.489,2.5,2.486,2.499,14714.89
2025-04-14 18:15:00+09:00,2.498,2.498,2.487,2.488,2535.61
2025-04-14 18:20:00+09:00,2.488,2.488,2.475,2.477,11945.66
2025-04-14 18:25:00+09:00,2.476,2.476,2.47,2.475,10825.92
2025-04-14 18:30:00+09:00,2.478,2.483,2.476,2.481,20558.48
2025-04-14 18:35:00+09:00,2.48,2.489,2.469,2.469,9295.52
2025-04-14 18:40:00+09:00,2.47,2.481,2.47,2.472,2618.78
2025-04-14 18:45:00+09:00,2.473,2.474,2.466,2.473,17893.22
2025-04-14 18:50:00+09:00,2.472,2.479,2.464,2.478,6344.26
2025-04-14 18:55:00+09:00,2.478,2.478,2.473,2.477,5023.95
2025-04-14 19:00:00+09:00,2.476,2.483,2.475,2.48,12405.2
2025-04-14 19:05:00+09:00,2.479,2.487,2.474,2.487,4298.66
2025-04-14 19:10:00+09:00,2.487,2.49,2.478,2.478,3456.59
2025-04-14 19:15:00+09:00,2.478,2.489,2.478,2.489,3620.54
2025-04-14 19:20:00+09:00,2.489,2.505,2.489,2.497,37766.14
2025-04-14 19:25:00+09:00,2.498,2.511,2.495,2.508,8367.4
2025-04-14 19:30:00+09:00,2.509,2.516,2.506,2.513,28208.81
2025-04-14 19:35:00+09:00,2.512,2.512,2.507,2.512,1914.86
2025-04-14 19:40:00+09:00,2.512,2.529,2.512,2.529,10359.77
2025-04-14 19:45:00+09:00,2.528,2.531,2.521,2.525,5496.08
2025-04-14 19:50:00+09:00,2.523,2.534,2.523,2.531,13310.62
2025-04-14 19:55:00+09:00,2.53,2.531,2.52,2.521,92968.07
2025-04-14 20:00:00+09:00,2.522,2.528,2.514,2.524,13604.26
2025-04-14 20:05:00+09:00,2.524,2.536,2.522,2.53,14754.53
2025-04-14 20:10:00+09:00,2.529,2.537,2.526,2.535,10375.92
2025-04-14 20:15:00+09:00,2.536,2.541,2.531,2.536,47845.66
2025-04-14 20:20:00+09:00,2.535,2.538,2.53,2.537,19426.54
2025-04-14 20:25:00+09:00,2.538,2.542,2.537,2.538,21152.56
2025-04-14 20:30:00+09:00,2.537,2.537,2.53,2.536,9121.51
2025-04-14 20:35:00+09:00,2.534,2.538,2.527,2.53,26648.44
2025-04-14 20:40:00+09:00,2.53,2.531,2.524,2.528,9861.43
2025-04-14 20:45:00+09:00,2.527,2.534,2.523,2.534,12514.91
2025-04-14 20:50:00+09:00,2.532,2.535,2.529,2.532,4814.18
2025-04-14 20:55:00+09:00,2.531,2.531,2.525,2.529,23004.47
2025-04-14 21:00:00+09:00,2.53,2.534,2.521,2.521,8620.23
2025-04-14 21:05:00+09:00,2.521,2.536,2.516,2.536,14289.91
2025-04-14 21:10:00+09:00,2.537,2.539,2.525,2.525,2282.63
2025-04-14 21:15:00+09:00,2.524,2.532,2.523,2.526,2568.9
2025-04-14 21:20:00+09:00,2.525,2.539,2.524,2.537,4373.23
2025-04-14 21:25:00+09:00,2.536,2.542,2.534,2.541,30651.84
2025-04-14 21:30:00+09:00,2.541,2.541,2.529,2.536,9824.65
2025-04-14 21:35:00+09:00,2.535,2.535,2.53,2.533,9864.37
2025-04-14 21:40:00+09:00,2.533,2.536,2.525,2.529,5154.33
2025-04-14 21:45:00+09:00,2.53,2.538,2.53,2.533,9130.26
2025-04-14 21:50:00+09:00,2.534,2.536,2.531,2.534,5430.92
2025-04-14 21:55:00+09:00,2.532,2.537,2.527,2.536,5245.09
2025-04-14 22:00:00+09:00,2.536,2.55,2.536,2.542,16888.8
2025-04-14 22:05:00+09:00,2.543,2.547,2.54,2.54,3330.59
2025-04-14 22:10:00+09:00,2.54,2.547,2.537,2.546,5758.94
2025-04-14 22:15:00+09:00,2.545,2.552,2.537,2.537,15859.55
2025-04-14 22:20:00+09:00,2.536,2.536,2.526,2.528,9575.35
2025-04-14 22:25:00+09:00,2.53,2.534,2.528,2.531,17103.78
2025-04-14 22:30:00+09:00,2.533,2.537,2.507,2.519,28539.79
2025-04-14 22:35:00+09:00,2.517,2.522,2.509,2.515,16038.47
2025-04-14 22:40:00+09:00,2.513,2.514,2.495,2.501,27070.36
2025-04-14 22:45:00+09:00,2.502,2.508,2.481,2.495,29129.81
2025-04-14 22:50:00+09:00,2.496,2.509,2.492,2.507,8815.85
2025-04-14 22:55:00+09:00,2.506,2.508,2.492,2.496,15411.17
2025-04-14 23:00:00+09:00,2.497,2.511,2.491,2.504,29002.52
2025-04-14 23:05:00+09:00,2.504,2.508,2.501,2.504,2722.27
2025-04-14 23:10:00+09:00,2.505,2.516,2.503,2.514,8398.31
2025-04-14 23:15:00+09:00,2.515,2.516,2.505,2.513,4379.1
2025-04-14 23:20:00+09:00,2.513,2.525,2.51,2.522,19057.18
2025-04-14 23:25:00+09:00,2.522,2.527,2.518,2.527,5122.94
2025-04-14 23:30:00+09:00,2.527,2.531,2.522,2.526,21529.16
2025-04-14 23:35:00+09:00,2.524,2.55,2.522,2.55,16547.18
2025-04-14 23:40:00+09:00,2.549,2.563,2.544,2.556,33567.98
2025-04-14 23:45:00+09:00,2.556,2.583,2.556,2.581,63995.09
2025-04-14 23:50:00+09:00,2.579,2.59,2.577,2.585,30728.97
2025-04-14 23:55:00+09:00,2.583,2.583,2.571,2.571,23627.76
2025-04-15 00:00:00+09:00,2.57,2.571,2.55,2.55,47869.33
2025-04-15 00:05:00+09:00,2.549,2.554,2.537,2.554,26271.24
2025-04-15 00:10:00+09:00,2.556,2.556,2.534,2.538,5924.72
2025-04-15 00:15:00+09:00,2.537,2.542,2.532,2.542,13334.0
2025-04-15 00:20:00+09:00,2.544,2.546,2.53,2.53,8480.03
2025-04-15 00:25:00+09:00,2.529,2.529,2.5,2.504,30219.37
2025-04-15 00:30:00+09:00,2.505,2.515,2.5,2.511,13260.05
2025-04-15 00:35:00+09:00,2.513,2.513,2.471,2.474,67273.41
2025-04-15 00:40:00+09:00,2.475,2.485,2.462,2.482,13647.24
2025-04-15 00:45:00+09:00,2.482,2.484,2.454,2.461,22690.38
2025-04-15 00:50:00+09:00,2.46,2.464,2.436,2.456,121589.51
2025-04-15 00:55:00+09:00,2.456,2.469,2.454,2.458,43149.33
2025-04-15 01:00:00+09:00,2.458,2.47,2.454,2.462,11293.12
2025-04-15 01:05:00+09:00,2.462,2.464,2.442,2.442,25313.64
2025-04-15 01:10:00+09:00,2.442,2.451,2.436,2.449,9999.64
2025-04-15 01:15:00+09:00,2.45,2.46,2.447,2.459,6759.14
2025-04-15 01:20:00+09:00,2.458,2.464,2.445,2.446,9065.63
2025-04-15 01:25:00+09:00,2.445,2.445,2.431,2.432,17454.9
2025-04-15 01:30:00+09:00,2.432,2.445,2.43,2.445,3272.96
2025-04-15 01:35:00+09:00,2.446,2.456,2.445,2.455,7092.14
2025-04-15 01:40:00+09:00,2.456,2.472,2.456,2.471,8313.01
2025-04-15 01:45:00+09:00,2.471,2.474,2.463,2.468,20156.1
2025-04-15 01:50:00+09:00,2.466,2.466,2.449,2.453,31451.65
2025-04-15 01:55:00+09:00,2.453,2.453,2.44,2.44,10424.8
2025-04-15 02:00:00+09:00,2.441,2.457,2.441,2.453,71038.76
2025-04-15 02:05:00+09:00,2.454,2.464,2.454,2.46,6318.82
2025-04-15 02:10:00+09:00,2.46,2.475,2.46,2.47,20111.63
2025-04-15 02:15:00+09:00,2.469,2.476,2.465,2.476,1481.57
2025-04-15 02:20:00+09:00,2.477,2.492,2.477,2.488,7549.44
2025-04-15 02:25:00+09:00,2.489,2.49,2.483,2.486,6001.22
2025-04-15 02:30:00+09:00,2.487,2.491,2.475,2.475,4476.37
2025-04-15 02:35:00+09:00,2.475,2.487,2.475,2.484,1790.38
2025-04-15 02:40:00+09:00,2.483,2.484,2.478,2.48,1357.05
2025-04-15 02:45:00+09:00,2.48,2.483,2.469,2.469,4983.42
2025-04-15 02:50:00+09:00,2.469,2.496,2.469,2.496,5332.64
2025-04-15 02:55:00+09:00,2.495,2.497,2.49,2.494,2077.16
2025-04-15 03:00:00+09:00,2.495,2.506,2.493,2.504,6449.19
2025-04-15 03:05:00+09:00,2.504,2.504,2.495,2.499,7456.93
2025-04-15 03:10:00+09:00,2.498,2.503,2.489,2.502,14362.9
2025-04-15 03:15:00+09:00,2.502,2.502,2.492,2.492,7044.78
2025-04-15 03:20:00+09:00,2.495,2.502,2.495,2.499,2634.13
2025-04-15 03:25:00+09:00,2.502,2.508,2.492,2.494,11086.5
2025-04-15 03:30:00+09:00,2.494,2.502,2.491,2.501,5563.96
2025-04-15 03:35:00+09:00,2.501,2.501,2.495,2.497,3030.47
2025-04-15 03:40:00+09:00,2.499,2.503,2.499,2.5,7919.61
2025-04-15 03:45:00+09:00,2.499,2.499,2.485,2.495,1688.8
2025-04-15 03:50:00+09:00,2.494,2.499,2.489,2.499,2897.14
2025-04-15 03:55:00+09:00,2.498,2.504,2.492,2.496,7027.53
2025-04-15 04:00:00+09:00,2.495,2.505,2.493,2.501,6414.1
2025-04-15 04:05:00+09:00,2.501,2.514,2.499,2.51,19614.97
2025-04-15 04:10:00+09:00,2.512,2.518,2.507,2.509,16257.16
2025-04-15 04:15:00+09:00,2.509,2.512,2.497,2.497,5177.58
2025-04-15 04:20:00+09:00,2.496,2.5,2.495,2.497,6324.01
2025-04-15 04:25:00+09:00,2.496,2.499,2.489,2.499,15564.71
2025-04-15 04:30:00+09:00,2.499,2.504,2.494,2.504,2157.2
2025-04-15 04:35:00+09:00,2.504,2.509,2.499,2.509,11976.44
2025-04-15 04:40:00+09:00,2.511,2.512,2.5,2.5,1799.49
2025-04-15 04:45:00+09:00,2.501,2.501,2.494,2.498,3373.48
2025-04-15 04:50:00+09:00,2.497,2.499,2.489,2.498,6560.43
2025-04-15 04:55:00+09:00,2.497,2.498,2.491,2.495,2291.98
2025-04-15 05:00:00+09:00,2.496,2.5,2.488,2.49,3206.58
2025-04-15 05:05:00+09:00,2.489,2.498,2.483,2.498,15969.68
2025-04-15 05:10:00+09:00,2.498,2.509,2.497,2.505,24792.29
2025-04-15 05:15:00+09:00,2.504,2.505,2.494,2.497,16588.39
2025-04-15 05:20:00+09:00,2.497,2.498,2.491,2.491,2702.77
2025-04-15 05:25:00+09:00,2.492,2.492,2.485,2.492,17830.94
2025-04-15 05:30:00+09:00,2.493,2.497,2.49,2.495,3884.24
2025-04-15 05:35:00+09:00,2.495,2.496,2.487,2.488,2963.88
2025-04-15 05:40:00+09:00,2.489,2.501,2.489,2.501,3023.64
2025-04-15 05:45:00+09:00,2.499,2.514,2.499,2.514,3987.58
2025-04-15 05:50:00+09:00,2.514,2.517,2.51,2.515,5337.63
2025-04-15 05:55:00+09:00,2.515,2.516,2.509,2.512,3770.72
2025-04-15 06:00:00+09:00,2.511,2.516,2.51,2.513,6458.13
2025-04-15 06:05:00+09:00,2.512,2.517,2.511,2.511,19823.42
2025-04-15 06:10:00+09:00,2.511,2.524,2.51,2.522,12729.29
2025-04-15 06:15:00+09:00,2.522,2.523,2.51,2.51,5606.49
2025-04-15 06:20:00+09:00,2.51,2.51,2.499,2.499,2440.7
2025-04-15 06:25:00+09:00,2.499,2.506,2.497,2.501,8757.4
2025-04-15 06:30:00+09:00,2.501,2.501,2.483,2.495,13118.14
2025-04-15 06:35:00+09:00,2.495,2.498,2.475,2.486,16072.95
2025-04-15 06:40:00+09:00,2.485,2.486,2.479,2.485,2230.63
2025-04-15 06:45:00+09:00,2.484,2.489,2.484,2.488,4052.37
2025-04-15 06:50:00+09:00,2.489,2.499,2.489,2.499,1041.37
2025-04-15 06:55:00+09:00,2.499,2.507,2.498,2.502,3311.4
2025-04-15 07:00:00+09:00,2.503,2.503,2.489,2.494,3206.87
2025-04-15 07:05:00+09:00,2.493,2.494,2.487,2.488,2474.53
2025-04-15 07:10:00+09:00,2.489,2.5,2.489,2.491,4986.77
2025-04-15 07:15:00+09:00,2.49,2.491,2.485,2.49,3610.8
2025-04-15 07:20:00+09:00,2.489,2.491,2.48,2.487,14097.78
2025-04-15 07:25:00+09:00,2.487,2.492,2.484,2.485,2866.51
2025-04-15 07:30:00+09:00,2.484,2.495,2.484,2.49,9401.5
2025-04-15 07:35:00+09:00,2.489,2.496,2.489,2.495,2418.8
2025-04-15 07:40:00+09:00,2.495,2.497,2.488,2.488,1359.97
2025-04-15 07:45:00+09:00,2.489,2.489,2.484,2.486,3057.56
2025-04-15 07:50:00+09:00,2.485,2.491,2.485,2.487,1344.99
2025-04-15 07:55:00+09:00,2.487,2.487,2.484,2.485,1785.01
2025-04-15 08:00:00+09:00,2.484,2.485,2.479,2.481,5878.43
2025-04-15 08:05:00+09:00,2.481,2.488,2.476,2.48,9579.45
2025-04-15 08:10:00+09:00,2.48,2.485,2.48,2.48,1457.86
2025-04-15 08:15:00+09:00,2.48,2.487,2.479,2.484,1687.26
2025-04-15 08:20:00+09:00,2.485,2.493,2.484,2.486,5664.38
2025-04-15 08:25:00+09:00,2.486,2.486,2.481,2.481,669.46
2025-04-15 08:30:00+09:00,2.482,2.482,2.475,2.481,7933.21
2025-04-15 08:35:00+09:00,2.481,2.487,2.481,2.484,462.26
2025-04-15 08:40:00+09:00,2.483,2.483,2.468,2.468,11046.86
2025-04-15 08:45:00+09:00,2.467,2.476,2.467,2.476,6922.89
2025-04-15 08:50:00+09:00,2.476,2.478,2.474,2.476,2684.51
2025-04-15 08:55:00+09:00,2.476,2.483,2.475,2.481,1110.99
2025-04-15 09:00:00+09:00,2.482,2.49,2.476,2.477,9330.65
2025-04-15 09:05:00+09:00,2.476,2.482,2.475,2.481,3776.16
2025-04-15 09:10:00+09:00,2.481,2.481,2.462,2.462,9636.97
2025-04-15 09:15:00+09:00,2.461,2.461,2.45,2.452,8457.07
2025-04-15 09:20:00+09:00,2.452,2.459,2.449,2.459,8442.25
2025-04-15 09:25:00+09:00,2.459,2.474,2.459,2.471,3316.85
2025-04-15 09:30:00+09:00,2.473,2.482,2.468,2.48,6286.66
2025-04-15 09:35:00+09:00,2.479,2.494,2.479,2.494,2720.57
2025-04-15 09:40:00+09:00,2.494,2.498,2.492,2.496,9830.96
2025-04-15 09:45:00+09:00,2.496,2.502,2.491,2.491,16346.09
2025-04-15 09:50:00+09:00,2.49,2.491,2.483,2.49,5365.02
2025-04-15 09:55:00+09:00,2.489,2.491,2.485,2.49,5920.37
2025-04-15 10:00:00+09:00,2.488,2.489,2.472,2.472,6938.74
2025-04-15 10:05:00+09:00,2.471,2.472,2.455,2.464,20280.99
2025-04-15 10:10:00+09:00,2.464,2.47,2.462,2.462,7656.02
2025-04-15 10:15:00+09:00,2.462,2.469,2.458,2.464,4714.35
2025-04-15 10:20:00+09:00,2.465,2.481,2.464,2.481,26872.73
2025-04-15 10:25:00+09:00,2.481,2.493,2.481,2.493,3325.93
2025-04-15 10:30:00+09:00,2.493,2.497,2.488,2.491,32855.95
2025-04-15 10:35:00+09:00,2.491,2.492,2.479,2.486,1945.15
2025-04-15 10:40:00+09:00,2.487,2.488,2.481,2.483,4825.23
2025-04-15 10:45:00+09:00,2.483,2.496,2.481,2.494,9779.83
2025-04-15 10:50:00+09:00,2.495,2.499,2.488,2.497,1825.13
2025-04-15 10:55:00+09:00,2.496,2.506,2.495,2.5,16852.99
2025-04-15 11:00:00+09:00,2.5,2.5,2.491,2.495,2686.26
2025-04-15 11:05:00+09:00,2.494,2.498,2.487,2.498,4584.85
2025-04-15 11:10:00+09:00,2.498,2.5,2.496,2.498,9423.86
2025-04-15 11:15:00+09:00,2.499,2.505,2.493,2.493,4926.67
2025-04-15 11:20:00+09:00,2.493,2.499,2.486,2.487,4168.72
2025-04-15 11:25:00+09:00,2.487,2.488,2.471,2.471,4637.26
2025-04-15 11:30:00+09:00,2.471,2.479,2.469,2.477,12799.87
2025-04-15 11:35:00+09:00,2.477,2.479,2.47,2.477,11667.64
2025-04-15 11:40:00+09:00,2.478,2.482,2.477,2.48,4446.17
2025-04-15 11:45:00+09:00,2.479,2.482,2.477,2.482,299.08
2025-04-15 11:50:00+09:00,2.481,2.487,2.479,2.487,982.68
2025-04-15 11:55:00+09:00,2.487,2.495,2.481,2.494,7073.81
2025-04-15 12:00:00+09:00,2.494,2.497,2.488,2.489,19455.25
2025-04-15 12:05:00+09:00,2.489,2.5,2.489,2.496,1776.22
2025-04-15 12:10:00+09:00,2.495,2.495,2.489,2.492,5914.82
2025-04-15 12:15:00+09:00,2.492,2.497,2.489,2.493,2081.08
2025-04-15 12:20:00+09:00,2.492,2.503,2.492,2.503,4322.32
2025-04-15 12:25:00+09:00,2.503,2.508,2.503,2.505,11284.66
2025-04-15 12:30:00+09:00,2.505,2.53,2.505,2.529,8585.57
2025-04-15 12:35:00+09:00,2.528,2.53,2.522,2.523,14042.86
2025-04-15 12:40:00+09:00,2.523,2.53,2.516,2.522,5275.88
2025-04-15 12:45:00+09:00,2.523,2.523,2.514,2.519,10855.76
2025-04-15 12:50:00+09:00,2.521,2.521,2.519,2.519,931.75
2025-04-15 12:55:00+09:00,2.519,2.523,2.518,2.521,1528.57
2025-04-15 13:00:00+09:00,2.52,2.528,2.516,2.517,2647.37
2025-04-15 13:05:00+09:00,2.515,2.515,2.51,2.514,5908.1
2025-04-15 13:10:00+09:00,2.514,2.514,2.506,2.507,969.26
2025-04-15 13:15:00+09:00,2.507,2.514,2.506,2.506,2412.86
2025-04-15 13:20:00+09:00,2.505,2.506,2.496,2.497,5459.97
2025-04-15 13:25:00+09:00,2.497,2.497,2.491,2.491,5922.05
2025-04-15 13:30:00+09:00,2.492,2.502,2.489,2.498,5327.54
2025-04-15 13:35:00+09:00,2.497,2.499,2.491,2.494,2925.19
2025-04-15 13:40:00+09:00,2.493,2.496,2.488,2.496,4994.69
2025-04-15 13:45:00+09:00,2.497,2.5,2.495,2.497,2702.14
2025-04-15 13:50:00+09:00,2.497,2.505,2.494,2.503,4927.18
2025-04-15 13:55:00+09:00,2.503,2.51,2.503,2.507,7732.99
2025-04-15 14:00:00+09:00,2.507,2.519,2.506,2.514,4956.62
2025-04-15 14:05:00+09:00,2.513,2.518,2.51,2.51,2283.01
2025-04-15 14:10:00+09:00,2.509,2.515,2.507,2.51,9340.48
2025-04-15 14:15:00+09:00,2.51,2.51,2.503,2.506,2448.66
2025-04-15 14:20:00+09:00,2.505,2.513,2.502,2.509,8687.31
2025-04-15 14:25:00+09:00,2.508,2.518,2.505,2.518,12137.63
2025-04-15 14:30:00+09:00,2.518,2.525,2.511,2.517,10923.14
2025-04-15 14:35:00+09:00,2.518,2.542,2.518,2.539,20189.12
2025-04-15 14:40:00+09:00,2.54,2.542,2.529,2.531,12893.5
2025-04-15 14:45:00+09:00,2.532,2.535,2.53,2.533,9058.55
2025-04-15 14:50:00+09:00,2.533,2.535,2.528,2.533,2744.84
2025-04-15 14:55:00+09:00,2.532,2.543,2.532,2.534,61809.31
2025-04-15 15:00:00+09:00,2.534,2.547,2.534,2.534,42490.87
2025-04-15 15:05:00+09:00,2.533,2.548,2.533,2.537,25953.63
2025-04-15 15:10:00+09:00,2.537,2.537,2.521,2.522,42276.71
2025-04-15 15:15:00+09:00,2.523,2.524,2.518,2.518,24870.18
2025-04-15 15:20:00+09:00,2.517,2.519,2.515,2.517,6202.25
2025-04-15 15:25:00+09:00,2.517,2.527,2.517,2.526,13971.41
2025-04-15 15:30:00+09:00,2.526,2.531,2.519,2.519,5377.98
2025-04-15 15:35:00+09:00,2.519,2.52,2.5,2.509,18195.33
2025-04-15 15:40:00+09:00,2.509,2.512,2.508,2.512,9536.33
2025-04-15 15:45:00+09:00,2.512,2.519,2.511,2.514,14158.58
2025-04-15 15:50:00+09:00,2.515,2.52,2.511,2.511,6525.97
2025-04-15 15:55:00+09:00,2.511,2.511,2.507,2.51,3311.88
2025-04-15 16:00:00+09:00,2.511,2.523,2.509,2.522,25026.82
2025-04-15 16:05:00+09:00,2.522,2.528,2.52,2.526,10649.93
2025-04-15 16:10:00+09:00,2.527,2.53,2.525,2.527,11584.84
2025-04-15 16:15:00+09:00,2.527,2.534,2.527,2.533,10852.66
2025-04-15 16:20:00+09:00,2.534,2.539,2.533,2.536,5884.25
2025-04-15 16:25:00+09:00,2.536,2.539,2.535,2.537,15121.44
2025-04-15 16:30:00+09:00,2.537,2.547,2.536,2.547,23257.36
2025-04-15 16:35:00+09:00,2.548,2.548,2.54,2.545,9376.04
2025-04-15 16:40:00+09:00,2.544,2.546,2.541,2.546,17649.09
2025-04-15 16:45:00+09:00,2.546,2.548,2.543,2.547,17774.83
2025-04-15 16:50:00+09:00,2.548,2.548,2.545,2.545,9394.19
2025-04-15 16:55:00+09:00,2.545,2.545,2.538,2.54,11114.49
2025-04-15 17:00:00+09:00,2.539,2.539,2.535,2.536,10470.17
2025-04-15 17:05:00+09:00,2.535,2.54,2.521,2.54,37320.66
2025-04-15 17:10:00+09:00,2.536,2.544,2.531,2.542,14562.47
2025-04-15 17:15:00+09:00,2.542,2.548,2.539,2.544,27875.01
2025-04-15 17:20:00+09:00,2.542,2.547,2.539,2.541,8603.41
2025-04-15 17:25:00+09:00,2.541,2.541,2.523,2.528,113651.96
2025-04-15 17:30:00+09:00,2.529,2.533,2.523,2.524,11057.29
2025-04-15 17:35:00+09:00,2.525,2.53,2.525,2.528,10098.79
2025-04-15 17:40:00+09:00,2.528,2.532,2.526,2.528,10549.75
2025-04-15 17:45:00+09:00,2.528,2.538,2.527,2.538,17348.67
2025-04-15 17:50:00+09:00,2.538,2.538,2.53,2.53,13223.03
2025-04-15 17:55:00+09:00,2.53,2.533,2.53,2.53,1206.0
2025-04-15 18:00:00+09:00,2.531,2.534,2.523,2.528,38561.98
2025-04-15 18:05:00+09:00,2.53,2.541,2.529,2.541,16744.74
2025-04-15 18:10:00+09:00,2.541,2.541,2.532,2.535,13433.32
2025-04-15 18:15:00+09:00,2.535,2.547,2.535,2.545,14259.23
2025-04-15 18:20:00+09:00,2.543,2.545,2.537,2.539,9247.13
2025-04-15 18:25:00+09:00,2.539,2.539,2.529,2.529,1032.79
2025-04-15 18:30:00+09:00,2.529,2.529,2.508,2.509,39157.56
2025-04-15 18:35:00+09:00,2.509,2.514,2.503,2.512,14901.49
2025-04-15 18:40:00+09:00,2.512,2.517,2.511,2.517,4964.9
2025-04-15 18:45:00+09:00,2.517,2.523,2.511,2.522,17043.16
2025-04-15 18:50:00+09:00,2.523,2.526,2.522,2.525,6285.06
2025-04-15 18:55:00+09:00,2.524,2.533,2.523,2.533,29365.57
2025-04-15 19:00:00+09:00,2.534,2.539,2.526,2.529,22923.85
2025-04-15 19:05:00+09:00,2.529,2.53,2.514,2.517,8398.27
2025-04-15 19:10:00+09:00,2.518,2.519,2.509,2.509,6577.7
2025-04-15 19:15:00+09:00,2.508,2.508,2.494,2.497,91172.74
2025-04-15 19:20:00+09:00,2.496,2.499,2.484,2.49,21747.21
2025-04-15 19:25:00+09:00,2.49,2.492,2.487,2.489,15696.77
2025-04-15 19:30:00+09:00,2.49,2.49,2.472,2.478,19953.36
2025-04-15 19:35:00+09:00,2.477,2.479,2.469,2.473,29024.13
2025-04-15 19:40:00+09:00,2.472,2.483,2.472,2.483,21623.48
2025-04-15 19:45:00+09:00,2.482,2.486,2.478,2.482,15205.29
2025-04-15 19:50:00+09:00,2.485,2.497,2.485,2.495,78694.09
2025-04-15 19:55:00+09:00,2.496,2.511,2.496,2.501,161445.19
2025-04-15 20:00:00+09:00,2.501,2.502,2.487,2.496,17239.71
2025-04-15 20:05:00+09:00,2.497,2.498,2.487,2.491,9191.06
2025-04-15 20:10:00+09:00,2.491,2.496,2.489,2.494,2845.48
2025-04-15 20:15:00+09:00,2.493,2.494,2.48,2.485,8525.44
2025-04-15 20:20:00+09:00,2.486,2.497,2.486,2.49,45703.65
2025-04-15 20:25:00+09:00,2.49,2.495,2.49,2.492,3937.95
2025-04-15 20:30:00+09:00,2.491,2.504,2.491,2.497,5200.37
2025-04-15 20:35:00+09:00,2.497,2.497,2.49,2.493,1806.65
2025-04-15 20:40:00+09:00,2.494,2.498,2.494,2.498,1622.26
2025-04-15 20:45:00+09:00,2.499,2.499,2.493,2.497,3719.29
2025-04-15 20:50:00+09:00,2.498,2.502,2.496,2.502,1829.94
2025-04-15 20:55:00+09:00,2.501,2.503,2.5,2.5,8032.15
2025-04-15 21:00:00+09:00,2.501,2.507,2.495,2.505,23810.49
2025-04-15 21:05:00+09:00,2.505,2.51,2.498,2.506,2221.09
2025-04-15 21:10:00+09:00,2.504,2.508,2.498,2.505,6359.42
2025-04-15 21:15:00+09:00,2.504,2.508,2.494,2.494,3273.64
2025-04-15 21:20:00+09:00,2.493,2.494,2.483,2.485,9880.88
2025-04-15 21:25:00+09:00,2.486,2.486,2.48,2.481,2638.25
2025-04-15 21:30:00+09:00,2.481,2.487,2.477,2.485,9320.51
2025-04-15 21:35:00+09:00,2.484,2.487,2.481,2.487,6647.45
2025-04-15 21:40:00+09:00,2.486,2.486,2.478,2.483,4360.94
2025-04-15 21:45:00+09:00,2.482,2.489,2.476,2.489,5866.51
2025-04-15 21:50:00+09:00,2.49,2.499,2.49,2.495,13799.19
2025-04-15 21:55:00+09:00,2.493,2.509,2.493,2.506,3423.64
2025-04-15 22:00:00+09:00,2.507,2.517,2.504,2.504,22410.76
2025-04-15 22:05:00+09:00,2.506,2.518,2.505,2.514,4247.02
2025-04-15 22:10:00+09:00,2.514,2.519,2.512,2.516,4077.24
2025-04-15 22:15:00+09:00,2.517,2.517,2.508,2.512,21145.24
2025-04-15 22:20:00+09:00,2.513,2.516,2.503,2.505,2783.66
2025-04-15 22:25:00+09:00,2.504,2.517,2.503,2.515,5608.44
2025-04-15 22:30:00+09:00,2.517,2.522,2.507,2.515,14219.85
2025-04-15 22:35:00+09:00,2.514,2.531,2.509,2.53,8654.58
2025-04-15 22:40:00+09:00,2.528,2.535,2.521,2.526,16301.97
2025-04-15 22:45:00+09:00,2.525,2.553,2.521,2.551,41272.27
2025-04-15 22:50:00+09:00,2.55,2.551,2.516,2.516,24068.31
2025-04-15 22:55:00+09:00,2.517,2.517,2.5,2.506,40816.68
2025-04-15 23:00:00+09:00,2.506,2.511,2.484,2.497,14668.44
2025-04-15 23:05:00+09:00,2.496,2.507,2.49,2.502,10960.23
2025-04-15 23:10:00+09:00,2.503,2.518,2.503,2.504,13150.95
2025-04-15 23:15:00+09:00,2.504,2.51,2.451,2.459,105069.23
2025-04-15 23:20:00+09:00,2.459,2.471,2.442,2.46,47038.5
2025-04-15 23:25:00+09:00,2.46,2.467,2.453,2.461,36250.24
2025-04-15 23:30:00+09:00,2.46,2.465,2.451,2.456,20081.01
2025-04-15 23:35:00+09:00,2.455,2.466,2.454,2.462,13836.21
2025-04-15 23:40:00+09:00,2.46,2.487,2.459,2.476,47343.28
2025-04-15 23:45:00+09:00,2.477,2.485,2.464,2.472,32179.37
2025-04-15 23:50:00+09:00,2.473,2.477,2.47,2.473,14063.95
2025-04-15 23:55:00+09:00,2.473,2.48,2.468,2.469,5892.67
2025-04-16 00:00:00+09:00,2.469,2.487,2.468,2.486,18779.83
2025-04-16 00:05:00+09:00,2.487,2.488,2.467,2.481,53486.38
2025-04-16 00:10:00+09:00,2.482,2.484,2.476,2.48,11757.07
2025-04-16 00:15:00+09:00,2.48,2.483,2.475,2.482,22940.01
2025-04-16 00:20:00+09:00,2.482,2.484,2.478,2.478,5163.39
2025-04-16 00:25:00+09:00,2.478,2.478,2.469,2.471,6764.22
2025-04-16 00:30:00+09:00,2.472,2.475,2.472,2.473,4263.06
2025-04-16 00:35:00+09:00,2.472,2.472,2.461,2.47,12977.52
2025-04-16 00:40:00+09:00,2.47,2.476,2.47,2.472,25391.96
2025-04-16 00:45:00+09:00,2.473,2.476,2.467,2.473,17903.94
2025-04-16 00:50:00+09:00,2.473,2.479,2.464,2.479,8420.04
2025-04-16 00:55:00+09:00,2.478,2.481,2.476,2.48,9835.38
2025-04-16 01:00:00+09:00,2.48,2.482,2.467,2.474,37634.46
2025-04-16 01:05:00+09:00,2.476,2.479,2.463,2.472,40968.08
2025-04-16 01:10:00+09:00,2.471,2.474,2.469,2.47,7991.19
2025-04-16 01:15:00+09:00,2.47,2.475,2.467,2.469,13423.0
2025-04-16 01:20:00+09:00,2.469,2.469,2.455,2.461,16407.72
2025-04-16 01:25:00+09:00,2.461,2.48,2.461,2.479,7505.41
2025-04-16 01:30:00+09:00,2.479,2.481,2.469,2.472,36769.86
2025-04-16 01:35:00+09:00,2.472,2.477,2.472,2.472,18180.72
2025-04-16 01:40:00+09:00,2.471,2.475,2.469,2.474,9828.31
2025-04-16 01:45:00+09:00,2.473,2.481,2.473,2.478,8219.38
2025-04-16 01:50:00+09:00,2.478,2.479,2.472,2.476,7014.51
2025-04-16 01:55:00+09:00,2.475,2.475,2.466,2.467,7370.08
2025-04-16 02:00:00+09:00,2.467,2.473,2.463,2.473,18010.18
2025-04-16 02:05:00+09:00,2.472,2.479,2.472,2.474,5074.0
2025-04-16 02:10:00+09:00,2.474,2.482,2.468,2.478,37475.12
2025-04-16 02:15:00+09:00,2.478,2.482,2.461,2.461,20496.04
2025-04-16 02:20:00+09:00,2.461,2.467,2.45,2.453,25292.11
2025-04-16 02:25:00+09:00,2.453,2.459,2.45,2.453,7449.5
2025-04-16 02:30:00+09:00,2.452,2.458,2.451,2.451,9610.32
2025-04-16 02:35:00+09:00,2.453,2.467,2.452,2.466,2693.84
2025-04-16 02:40:00+09:00,2.465,2.468,2.463,2.465,6180.83
2025-04-16 02:45:00+09:00,2.465,2.468,2.461,2.461,4872.93
2025-04-16 02:50:00+09:00,2.462,2.462,2.443,2.446,12528.25
2025-04-16 02:55:00+09:00,2.445,2.451,2.441,2.451,6726.88
2025-04-16 03:00:00+09:00,2.451,2.456,2.45,2.451,6386.36
2025-04-16 03:05:00+09:00,2.454,2.456,2.446,2.455,14377.52
2025-04-16 03:10:00+09:00,2.456,2.459,2.445,2.447,13947.81
2025-04-16 03:15:00+09:00,2.446,2.446,2.428,2.438,33354.36
2025-04-16 03:20:00+09:00,2.44,2.44,2.431,2.432,5665.7
2025-04-16 03:25:00+09:00,2.432,2.436,2.43,2.432,8945.51
2025-04-16 03:30:00+09:00,2.432,2.439,2.432,2.439,6444.49
2025-04-16 03:35:00+09:00,2.439,2.442,2.437,2.439,7628.18
2025-04-16 03:40:00+09:00,2.44,2.451,2.439,2.451,3506.93
2025-04-16 03:45:00+09:00,2.451,2.455,2.448,2.448,6046.94
2025-04-16 03:50:00+09:00,2.447,2.45,2.445,2.447,3011.58
2025-04-16 03:55:00+09:00,2.448,2.449,2.444,2.447,5662.99
2025-04-16 04:00:00+09:00,2.447,2.447,2.441,2.442,4870.74
2025-04-16 04:05:00+09:00,2.443,2.451,2.443,2.448,3152.44
2025-04-16 04:10:00+09:00,2.448,2.459,2.447,2.457,7397.1
2025-04-16 04:15:00+09:00,2.456,2.458,2.449,2.451,4820.31
2025-04-16 04:20:00+09:00,2.45,2.45,2.442,2.442,2148.17
2025-04-16 04:25:00+09:00,2.441,2.446,2.436,2.441,15689.57
2025-04-16 04:30:00+09:00,2.441,2.447,2.441,2.444,16212.03
2025-04-16 04:35:00+09:00,2.444,2.446,2.442,2.446,9017.34
2025-04-16 04:40:00+09:00,2.447,2.447,2.442,2.443,8873.57
2025-04-16 04:45:00+09:00,2.444,2.444,2.436,2.436,937.64
2025-04-16 04:50:00+09:00,2.436,2.448,2.436,2.447,32889.65
2025-04-16 04:55:00+09:00,2.447,2.451,2.446,2.447,3504.8
2025-04-16 05:00:00+09:00,2.447,2.456,2.446,2.453,8754.26
2025-04-16 05:05:00+09:00,2.454,2.468,2.454,2.464,8964.4
2025-04-16 05:10:00+09:00,2.464,2.469,2.463,2.469,3443.13
2025-04-16 05:15:00+09:00,2.469,2.474,2.469,2.472,4029.87
2025-04-16 05:20:00+09:00,2.471,2.473,2.467,2.469,8578.19
2025-04-16 05:25:00+09:00,2.469,2.472,2.467,2.47,12422.29
2025-04-16 05:30:00+09:00,2.47,2.478,2.468,2.475,16223.94
2025-04-16 05:35:00+09:00,2.476,2.481,2.475,2.475,3314.87
2025-04-16 05:40:00+09:00,2.475,2.478,2.473,2.475,9693.79
2025-04-16 05:45:00+09:00,2.474,2.475,2.464,2.464,5495.05
2025-04-16 05:50:00+09:00,2.463,2.463,2.44,2.441,52247.81
2025-04-16 05:55:00+09:00,2.441,2.45,2.438,2.446,17651.97
2025-04-16 06:00:00+09:00,2.447,2.458,2.443,2.453,20936.28
2025-04-16 06:05:00+09:00,2.454,2.461,2.452,2.452,3248.7
2025-04-16 06:10:00+09:00,2.451,2.457,2.449,2.449,7446.21
2025-04-16 06:15:00+09:00,2.449,2.456,2.444,2.456,11463.71
2025-04-16 06:20:00+09:00,2.456,2.466,2.455,2.457,29865.2
2025-04-16 06:25:00+09:00,2.456,2.459,2.453,2.459,5518.54
2025-04-16 06:30:00+09:00,2.458,2.47,2.458,2.47,4354.85
2025-04-16 06:35:00+09:00,2.47,2.478,2.464,2.474,5219.19
2025-04-16 06:40:00+09:00,2.473,2.474,2.469,2.472,4368.36
2025-04-16 06:45:00+09:00,2.473,2.474,2.47,2.472,2259.52
2025-04-16 06:50:00+09:00,2.473,2.474,2.468,2.469,6850.85
2025-04-16 06:55:00+09:00,2.469,2.48,2.469,2.477,3028.32
2025-04-16 07:00:00+09:00,2.475,2.479,2.467,2.478,4919.9
2025-04-16 07:05:00+09:00,2.476,2.479,2.465,2.465,1915.02
2025-04-16 07:10:00+09:00,2.465,2.467,2.463,2.463,6442.95
2025-04-16 07:15:00+09:00,2.463,2.468,2.463,2.463,960.43
2025-04-16 07:20:00+09:00,2.462,2.462,2.455,2.456,5015.81
2025-04-16 07:25:00+09:00,2.455,2.461,2.455,2.46,355.53
2025-04-16 07:30:00+09:00,2.461,2.463,2.455,2.456,1485.65
2025-04-16 07:35:00+09:00,2.457,2.461,2.453,2.456,1735.97
2025-04-16 07:40:00+09:00,2.456,2.458,2.456,2.457,686.29
2025-04-16 07:45:00+09:00,2.456,2.456,2.438,2.442,9338.0
2025-04-16 07:50:00+09:00,2.442,2.443,2.438,2.441,5934.8
2025-04-16 07:55:00+09:00,2.441,2.446,2.439,2.445,941.08
2025-04-16 08:00:00+09:00,2.445,2.446,2.441,2.445,6907.47
2025-04-16 08:05:00+09:00,2.445,2.448,2.44,2.446,2429.71
2025-04-16 08:10:00+09:00,2.444,2.453,2.443,2.453,1078.82
2025-04-16 08:15:00+09:00,2.453,2.453,2.434,2.438,6161.27
2025-04-16 08:20:00+09:00,2.437,2.453,2.436,2.448,7330.17
2025-04-16 08:25:00+09:00,2.447,2.452,2.439,2.441,20297.9
2025-04-16 08:30:00+09:00,2.442,2.445,2.438,2.443,1965.37
2025-04-16 08:35:00+09:00,2.442,2.444,2.437,2.437,2316.93
2025-04-16 08:40:00+09:00,2.438,2.441,2.429,2.432,11256.69
2025-04-16 08:45:00+09:00,2.433,2.438,2.43,2.43,3209.76
2025-04-16 08:50:00+09:00,2.429,2.429,2.426,2.429,2948.47
2025-04-16 08:55:00+09:00,2.43,2.44,2.43,2.438,4651.54
2025-04-16 09:00:00+09:00,2.437,2.44,2.43,2.43,7890.55
2025-04-16 09:05:00+09:00,2.431,2.433,2.427,2.43,3382.85
2025-04-16 09:10:00+09:00,2.429,2.429,2.405,2.411,35828.44
2025-04-16 09:15:00+09:00,2.408,2.411,2.394,2.396,16967.4
2025-04-16 09:20:00+09:00,2.397,2.426,2.397,2.426,14191.5
2025-04-16 09:25:00+09:00,2.426,2.436,2.425,2.435,8511.86
2025-04-16 09:30:00+09:00,2.435,2.442,2.434,2.439,4569.97
2025-04-16 09:35:00+09:00,2.438,2.438,2.426,2.433,4412.49
2025-04-16 09:40:00+09:00,2.433,2.433,2.419,2.419,1491.7
2025-04-16 09:45:00+09:00,2.421,2.431,2.421,2.431,2253.02
2025-04-16 09:50:00+09:00,2.432,2.435,2.43,2.431,1802.75
2025-04-16 09:55:00+09:00,2.432,2.432,2.418,2.42,1851.33
2025-04-16 10:00:00+09:00,2.419,2.428,2.415,2.422,1943.06
2025-04-16 10:05:00+09:00,2.422,2.439,2.42,2.438,9306.79
2025-04-16 10:10:00+09:00,2.439,2.44,2.434,2.435,12019.31
2025-04-16 10:15:00+09:00,2.436,2.449,2.432,2.448,3237.03
2025-04-16 10:20:00+09:00,2.448,2.462,2.444,2.462,6573.41
2025-04-16 10:25:00+09:00,2.462,2.464,2.459,2.461,2522.19
2025-04-16 10:30:00+09:00,2.46,2.46,2.441,2.443,9988.88
2025-04-16 10:35:00+09:00,2.444,2.449,2.441,2.443,2160.22
2025-04-16 10:40:00+09:00,2.445,2.45,2.442,2.447,8288.78
2025-04-16 10:45:00+09:00,2.447,2.463,2.447,2.46,3355.26
2025-04-16 10:50:00+09:00,2.458,2.458,2.452,2.453,1654.87
2025-04-16 10:55:00+09:00,2.453,2.453,2.45,2.45,8544.25
2025-04-16 11:00:00+09:00,2.451,2.454,2.446,2.451,3024.09
2025-04-16 11:05:00+09:00,2.45,2.455,2.446,2.454,2041.01
2025-04-16 11:10:00+09:00,2.453,2.454,2.449,2.454,3085.63
2025-04-16 11:15:00+09:00,2.453,2.458,2.443,2.443,5247.43
2025-04-16 11:20:00+09:00,2.444,2.45,2.444,2.45,1459.63
2025-04-16 11:25:00+09:00,2.449,2.452,2.446,2.446,7862.98
2025-04-16 11:30:00+09:00,2.447,2.448,2.441,2.444,3202.61
2025-04-16 11:35:00+09:00,2.445,2.448,2.433,2.433,6863.59
2025-04-16 11:40:00+09:00,2.432,2.432,2.429,2.431,2570.01
2025-04-16 11:45:00+09:00,2.431,2.437,2.43,2.436,4973.49
2025-04-16 11:50:00+09:00,2.434,2.436,2.43,2.432,978.28
2025-04-16 11:55:00+09:00,2.432,2.444,2.432,2.443,5599.84
2025-04-16 12:00:00+09:00,2.444,2.446,2.44,2.44,1570.32
2025-04-16 12:05:00+09:00,2.439,2.445,2.437,2.445,3581.53
2025-04-16 12:10:00+09:00,2.445,2.449,2.445,2.449,3023.84
2025-04-16 12:15:00+09:00,2.45,2.45,2.44,2.442,8039.79
2025-04-16 12:20:00+09:00,2.442,2.444,2.441,2.441,2151.75
2025-04-16 12:25:00+09:00,2.442,2.442,2.434,2.436,1289.0
2025-04-16 12:30:00+09:00,2.435,2.436,2.433,2.434,998.2
2025-04-16 12:35:00+09:00,2.435,2.44,2.435,2.439,3530.03
2025-04-16 12:40:00+09:00,2.438,2.438,2.432,2.436,1885.04
2025-04-16 12:45:00+09:00,2.435,2.436,2.433,2.435,1493.05
2025-04-16 12:50:00+09:00,2.435,2.435,2.43,2.435,5189.24
2025-04-16 12:55:00+09:00,2.435,2.435,2.431,2.431,666.01
2025-04-16 13:00:00+09:00,2.43,2.43,2.422,2.429,10520.43
2025-04-16 13:05:00+09:00,2.428,2.432,2.425,2.425,7011.61
2025-04-16 13:10:00+09:00,2.425,2.425,2.417,2.42,7339.69
2025-04-16 13:15:00+09:00,2.419,2.419,2.394,2.396,51274.14
2025-04-16 13:20:00+09:00,2.396,2.405,2.393,2.4,34466.13
2025-04-16 13:25:00+09:00,2.399,2.401,2.398,2.401,9198.43
2025-04-16 13:30:00+09:00,2.4,2.408,2.397,2.406,11979.03
2025-04-16 13:35:00+09:00,2.407,2.41,2.4,2.409,7091.42
2025-04-16 13:40:00+09:00,2.408,2.408,2.399,2.402,3115.73
2025-04-16 13:45:00+09:00,2.403,2.411,2.402,2.41,3342.36
2025-04-16 13:50:00+09:00,2.41,2.412,2.409,2.411,3714.21
2025-04-16 13:55:00+09:00,2.409,2.413,2.409,2.413,750.69
2025-04-16 14:00:00+09:00,2.412,2.416,2.41,2.415,3628.86
2025-04-16 14:05:00+09:00,2.416,2.419,2.414,2.415,2397.69
2025-04-16 14:10:00+09:00,2.415,2.427,2.415,2.422,21933.87
2025-04-16 14:15:00+09:00,2.423,2.424,2.414,2.414,3359.52
2025-04-16 14:20:00+09:00,2.413,2.414,2.356,2.368,151635.04
2025-04-16 14:25:00+09:00,2.369,2.378,2.365,2.376,17582.99
2025-04-16 14:30:00+09:00,2.376,2.378,2.366,2.372,14497.38
2025-04-16 14:35:00+09:00,2.372,2.381,2.369,2.381,9686.74
2025-04-16 14:40:00+09:00,2.381,2.381,2.372,2.374,20464.15
2025-04-16 14:45:00+09:00,2.373,2.382,2.372,2.377,7446.83
2025-04-16 14:50:00+09:00,2.377,2.38,2.37,2.38,6721.52
2025-04-16 14:55:00+09:00,2.379,2.379,2.37,2.371,16267.8
2025-04-16 15:00:00+09:00,2.371,2.376,2.359,2.371,22755.32
2025-04-16 15:05:00+09:00,2.371,2.373,2.358,2.361,5446.17
2025-04-16 15:10:00+09:00,2.361,2.377,2.36,2.376,12273.09
2025-04-16 15:15:00+09:00,2.376,2.382,2.374,2.374,6779.77
2025-04-16 15:20:00+09:00,2.374,2.382,2.372,2.379,3281.54
2025-04-16 15:25:00+09:00,2.378,2.378,2.363,2.366,9478.46
2025-04-16 15:30:00+09:00,2.365,2.369,2.364,2.364,6743.65
2025-04-16 15:35:00+09:00,2.365,2.367,2.348,2.355,32770.67
2025-04-16 15:40:00+09:00,2.356,2.357,2.344,2.348,13407.28
2025-04-16 15:45:00+09:00,2.348,2.352,2.341,2.349,9395.76
2025-04-16 15:50:00+09:00,2.349,2.353,2.346,2.352,14600.11
2025-04-16 15:55:00+09:00,2.353,2.353,2.35,2.351,4274.51
2025-04-16 16:00:00+09:00,2.351,2.353,2.335,2.337,20618.24
2025-04-16 16:05:00+09:00,2.336,2.339,2.334,2.334,12081.81
2025-04-16 16:10:00+09:00,2.334,2.334,2.329,2.331,19029.72
2025-04-16 16:15:00+09:00,2.331,2.331,2.325,2.327,61568.35
2025-04-16 16:20:00+09:00,2.327,2.328,2.319,2.32,23594.0
2025-04-16 16:25:00+09:00,2.32,2.323,2.316,2.322,32401.52
2025-04-16 16:30:00+09:00,2.322,2.325,2.312,2.316,42138.64
2025-04-16 16:35:00+09:00,2.315,2.315,2.259,2.271,314239.31
2025-04-16 16:40:00+09:00,2.27,2.298,2.265,2.297,42447.34
2025-04-16 16:45:00+09:00,2.298,2.298,2.276,2.287,34157.53
2025-04-16 16:50:00+09:00,2.286,2.291,2.283,2.29,13313.42
2025-04-16 16:55:00+09:00,2.289,2.29,2.281,2.29,18933.84
2025-04-16 17:00:00+09:00,2.289,2.291,2.279,2.282,12978.68
2025-04-16 17:05:00+09:00,2.282,2.298,2.282,2.287,36196.74
2025-04-16 17:10:00+09:00,2.287,2.287,2.271,2.276,23846.84
2025-04-16 17:15:00+09:00,2.274,2.284,2.271,2.28,24023.31
2025-04-16 17:20:00+09:00,2.279,2.283,2.276,2.283,9952.89
2025-04-16 17:25:00+09:00,2.284,2.308,2.284,2.293,111491.9
2025-04-16 17:30:00+09:00,2.295,2.318,2.295,2.31,42056.72
2025-04-16 17:35:00+09:00,2.312,2.318,2.308,2.316,25614.66
2025-04-16 17:40:00+09:00,2.315,2.326,2.313,2.317,18446.91
2025-04-16 17:45:00+09:00,2.316,2.319,2.31,2.313,17058.22
2025-04-16 17:50:00+09:00,2.313,2.318,2.304,2.305,14269.41
2025-04-16 17:55:00+09:00,2.306,2.328,2.297,2.308,85419.65
2025-04-16 18:00:00+09:00,2.31,2.312,2.291,2.295,76190.82
2025-04-16 18:05:00+09:00,2.296,2.299,2.292,2.294,19451.28
2025-04-16 18:10:00+09:00,2.294,2.296,2.288,2.293,13693.83
2025-04-16 18:15:00+09:00,2.294,2.301,2.293,2.298,36228.07
2025-04-16 18:20:00+09:00,2.297,2.299,2.289,2.291,14851.12
2025-04-16 18:25:00+09:00,2.291,2.292,2.285,2.289,15735.45
2025-04-16 18:30:00+09:00,2.289,2.291,2.28,2.286,22568.31
2025-04-16 18:35:00+09:00,2.287,2.292,2.287,2.29,13328.06
2025-04-16 18:40:00+09:00,2.289,2.289,2.279,2.279,22537.35
2025-04-16 18:45:00+09:00,2.28,2.284,2.263,2.268,72658.13
2025-04-16 18:50:00+09:00,2.269,2.28,2.269,2.28,10206.57
2025-04-16 18:55:00+09:00,2.279,2.28,2.272,2.273,4025.1
2025-04-16 19:00:00+09:00,2.272,2.282,2.271,2.281,7421.33
2025-04-16 19:05:00+09:00,2.28,2.281,2.269,2.274,12814.65
2025-04-16 19:10:00+09:00,2.273,2.28,2.272,2.278,5073.6
2025-04-16 19:15:00+09:00,2.277,2.286,2.273,2.286,27086.19
2025-04-16 19:20:00+09:00,2.286,2.29,2.281,2.286,15779.11
2025-04-16 19:25:00+09:00,2.285,2.29,2.283,2.287,19064.44
2025-04-16 19:30:00+09:00,2.287,2.288,2.281,2.282,20489.12
2025-04-16 19:35:00+09:00,2.282,2.286,2.281,2.282,13441.53
2025-04-16 19:40:00+09:00,2.283,2.284,2.28,2.282,12812.09
2025-04-16 19:45:00+09:00,2.282,2.288,2.281,2.287,21769.34
2025-04-16 19:50:00+09:00,2.286,2.296,2.285,2.292,20327.56
2025-04-16 19:55:00+09:00,2.291,2.295,2.291,2.295,18232.36
2025-04-16 20:00:00+09:00,2.294,2.298,2.287,2.296,21968.58
2025-04-16 20:05:00+09:00,2.295,2.301,2.293,2.298,8258.4
2025-04-16 20:10:00+09:00,2.297,2.299,2.292,2.295,12731.41
2025-04-16 20:15:00+09:00,2.294,2.297,2.288,2.295,14063.0
2025-04-16 20:20:00+09:00,2.296,2.296,2.28,2.281,39041.99
2025-04-16 20:25:00+09:00,2.28,2.289,2.277,2.288,22408.81
2025-04-16 20:30:00+09:00,2.288,2.29,2.285,2.285,32935.75
2025-04-16 20:35:00+09:00,2.284,2.284,2.279,2.284,9897.84
2025-04-16 20:40:00+09:00,2.284,2.297,2.284,2.295,10603.62
2025-04-16 20:45:00+09:00,2.295,2.309,2.295,2.306,28579.9
2025-04-16 20:50:00+09:00,2.307,2.308,2.298,2.302,9646.31
2025-04-16 20:55:00+09:00,2.304,2.304,2.299,2.302,18773.6
2025-04-16 21:00:00+09:00,2.302,2.305,2.295,2.3,18829.27
2025-04-16 21:05:00+09:00,2.301,2.301,2.292,2.298,27605.83
2025-04-16 21:10:00+09:00,2.297,2.297,2.284,2.284,30279.49
2025-04-16 21:15:00+09:00,2.285,2.293,2.285,2.29,17801.7
2025-04-16 21:20:00+09:00,2.291,2.299,2.289,2.295,21907.98
2025-04-16 21:25:00+09:00,2.295,2.303,2.294,2.294,26251.8
2025-04-16 21:30:00+09:00,2.294,2.299,2.288,2.288,34149.56
2025-04-16 21:35:00+09:00,2.288,2.291,2.278,2.279,29534.08
2025-04-16 21:40:00+09:00,2.279,2.279,2.269,2.272,35815.98
2025-04-16 21:45:00+09:00,2.273,2.273,2.265,2.267,10499.7
2025-04-16 21:50:00+09:00,2.267,2.272,2.265,2.27,21246.82
2025-04-16 21:55:00+09:00,2.271,2.276,2.266,2.266,10841.12
2025-04-16 22:00:00+09:00,2.266,2.273,2.265,2.273,12873.12
2025-04-16 22:05:00+09:00,2.273,2.275,2.267,2.272,18155.08
2025-04-16 22:10:00+09:00,2.272,2.273,2.268,2.269,16180.17
2025-04-16 22:15:00+09:00,2.269,2.274,2.254,2.255,42801.46
2025-04-16 22:20:00+09:00,2.255,2.267,2.255,2.265,20515.87
2025-04-16 22:25:00+09:00,2.266,2.269,2.263,2.269,9196.22
2025-04-16 22:30:00+09:00,2.269,2.279,2.262,2.276,31161.91
2025-04-16 22:35:00+09:00,2.275,2.287,2.273,2.287,23397.81
2025-04-16 22:40:00+09:00,2.285,2.288,2.276,2.279,15756.74
2025-04-16 22:45:00+09:00,2.279,2.284,2.267,2.281,25979.07
2025-04-16 22:50:00+09:00,2.279,2.284,2.265,2.268,21349.12
2025-04-16 22:55:00+09:00,2.268,2.274,2.264,2.264,20948.27
2025-04-16 23:00:00+09:00,2.264,2.279,2.263,2.278,29546.98
2025-04-16 23:05:00+09:00,2.277,2.288,2.277,2.285,24870.67
2025-04-16 23:10:00+09:00,2.286,2.289,2.277,2.277,29772.64
2025-04-16 23:15:00+09:00,2.279,2.283,2.274,2.283,14502.53
2025-04-16 23:20:00+09:00,2.283,2.303,2.282,2.302,25306.63
2025-04-16 23:25:00+09:00,2.303,2.308,2.301,2.302,22368.56
2025-04-16 23:30:00+09:00,2.302,2.316,2.3,2.315,28638.69
2025-04-16 23:35:00+09:00,2.316,2.323,2.301,2.305,48371.14
2025-04-16 23:40:00+09:00,2.304,2.318,2.303,2.318,18441.68
2025-04-16 23:45:00+09:00,2.318,2.319,2.304,2.304,15893.86
2025-04-16 23:50:00+09:00,2.304,2.315,2.297,2.306,37971.58
2025-04-16 23:55:00+09:00,2.306,2.308,2.294,2.303,20617.48
2025-04-17 00:00:00+09:00,2.303,2.307,2.299,2.302,15410.96
2025-04-17 00:05:00+09:00,2.303,2.303,2.292,2.298,6653.81
2025-04-17 00:10:00+09:00,2.299,2.311,2.297,2.303,25924.45
2025-04-17 00:15:00+09:00,2.303,2.309,2.297,2.307,42454.12
2025-04-17 00:20:00+09:00,2.306,2.32,2.302,2.316,16337.15
2025-04-17 00:25:00+09:00,2.318,2.336,2.318,2.323,73716.63
2025-04-17 00:30:00+09:00,2.324,2.326,2.309,2.313,20547.77
2025-04-17 00:35:00+09:00,2.314,2.322,2.313,2.313,6418.5
2025-04-17 00:40:00+09:00,2.312,2.317,2.303,2.307,35378.61
2025-04-17 00:45:00+09:00,2.308,2.309,2.303,2.303,11020.33
2025-04-17 00:50:00+09:00,2.303,2.307,2.298,2.298,14424.82
2025-04-17 00:55:00+09:00,2.298,2.302,2.295,2.297,21358.36
2025-04-17 01:00:00+09:00,2.298,2.306,2.297,2.305,12265.42
2025-04-17 01:05:00+09:00,2.305,2.311,2.293,2.308,18567.17
2025-04-17 01:10:00+09:00,2.307,2.311,2.296,2.296,18213.96
2025-04-17 01:15:00+09:00,2.296,2.302,2.293,2.295,23571.62
2025-04-17 01:20:00+09:00,2.296,2.297,2.275,2.283,32093.18
2025-04-17 01:25:00+09:00,2.284,2.288,2.28,2.281,5904.1
2025-04-17 01:30:00+09:00,2.282,2.289,2.282,2.288,12232.01
2025-04-17 01:35:00+09:00,2.287,2.287,2.264,2.266,23069.16
2025-04-17 01:40:00+09:00,2.265,2.276,2.264,2.275,14802.05
2025-04-17 01:45:00+09:00,2.274,2.275,2.266,2.273,34686.64
2025-04-17 01:50:00+09:00,2.273,2.288,2.272,2.286,27277.91
2025-04-17 01:55:00+09:00,2.287,2.297,2.287,2.291,13417.83
2025-04-17 02:00:00+09:00,2.291,2.305,2.291,2.305,23035.2
2025-04-17 02:05:00+09:00,2.305,2.307,2.296,2.297,12673.25
2025-04-17 02:10:00+09:00,2.297,2.299,2.293,2.297,7687.04
2025-04-17 02:15:00+09:00,2.296,2.314,2.296,2.314,15990.92
2025-04-17 02:20:00+09:00,2.315,2.327,2.312,2.316,20877.98
2025-04-17 02:25:00+09:00,2.318,2.322,2.314,2.317,9163.29
2025-04-17 02:30:00+09:00,2.317,2.328,2.293,2.295,139730.73
2025-04-17 02:35:00+09:00,2.295,2.311,2.293,2.293,16698.62
2025-04-17 02:40:00+09:00,2.294,2.294,2.269,2.282,44679.37
2025-04-17 02:45:00+09:00,2.281,2.281,2.254,2.261,59333.09
2025-04-17 02:50:00+09:00,2.262,2.262,2.235,2.246,125111.8
2025-04-17 02:55:00+09:00,2.245,2.249,2.225,2.233,91540.5
2025-04-17 03:00:00+09:00,2.233,2.248,2.227,2.248,111411.82
2025-04-17 03:05:00+09:00,2.248,2.259,2.236,2.249,26482.94
2025-04-17 03:10:00+09:00,2.25,2.269,2.25,2.259,43595.3
2025-04-17 03:15:00+09:00,2.26,2.26,2.245,2.254,16432.48
2025-04-17 03:20:00+09:00,2.252,2.278,2.249,2.274,21080.19
2025-04-17 03:25:00+09:00,2.273,2.293,2.272,2.291,26517.75
2025-04-17 03:30:00+09:00,2.291,2.292,2.274,2.284,25715.79
2025-04-17 03:35:00+09:00,2.285,2.285,2.265,2.267,12808.24
2025-04-17 03:40:00+09:00,2.268,2.274,2.257,2.268,16151.56
2025-04-17 03:45:00+09:00,2.269,2.271,2.26,2.265,16766.71
2025-04-17 03:50:00+09:00,2.266,2.276,2.261,2.272,23438.47
2025-04-17 03:55:00+09:00,2.272,2.282,2.272,2.276,10032.06
2025-04-17 04:00:00+09:00,2.277,2.284,2.274,2.274,9716.38
2025-04-17 04:05:00+09:00,2.276,2.284,2.269,2.274,19804.57
2025-04-17 04:10:00+09:00,2.273,2.287,2.267,2.284,11289.43
2025-04-17 04:15:00+09:00,2.284,2.286,2.273,2.275,17365.53
2025-04-17 04:20:00+09:00,2.274,2.276,2.264,2.265,11755.28
2025-04-17 04:25:00+09:00,2.265,2.267,2.264,2.264,15079.67
2025-04-17 04:30:00+09:00,2.265,2.269,2.258,2.266,14550.57
2025-04-17 04:35:00+09:00,2.265,2.274,2.264,2.274,13962.17
2025-04-17 04:40:00+09:00,2.274,2.285,2.27,2.283,5324.31
2025-04-17 04:45:00+09:00,2.283,2.303,2.282,2.303,13113.43
2025-04-17 04:50:00+09:00,2.304,2.321,2.304,2.318,58339.36
2025-04-17 04:55:00+09:00,2.317,2.328,2.309,2.317,58738.06
2025-04-17 05:00:00+09:00,2.316,2.325,2.315,2.325,17233.37
2025-04-17 05:05:00+09:00,2.325,2.334,2.325,2.334,30202.83
2025-04-17 05:10:00+09:00,2.334,2.337,2.325,2.332,19203.11
2025-04-17 05:15:00+09:00,2.332,2.336,2.33,2.333,11193.78
2025-04-17 05:20:00+09:00,2.335,2.342,2.328,2.329,16792.95
2025-04-17 05:25:00+09:00,2.33,2.335,2.327,2.327,12647.78
2025-04-17 05:30:00+09:00,2.328,2.335,2.327,2.327,10933.65
2025-04-17 05:35:00+09:00,2.326,2.326,2.314,2.319,18269.59
2025-04-17 05:40:00+09:00,2.319,2.319,2.306,2.308,9738.57
2025-04-17 05:45:00+09:00,2.307,2.307,2.291,2.291,21989.85
2025-04-17 05:50:00+09:00,2.292,2.296,2.287,2.288,10614.24
2025-04-17 05:55:00+09:00,2.288,2.289,2.275,2.283,18243.91
2025-04-17 06:00:00+09:00,2.283,2.298,2.275,2.289,63759.62
2025-04-17 06:05:00+09:00,2.287,2.298,2.285,2.291,22374.88
2025-04-17 06:10:00+09:00,2.29,2.29,2.283,2.289,4187.86
2025-04-17 06:15:00+09:00,2.289,2.299,2.287,2.299,6069.41
2025-04-17 06:20:00+09:00,2.3,2.305,2.296,2.305,6473.39
2025-04-17 06:25:00+09:00,2.306,2.314,2.303,2.306,10335.33
2025-04-17 06:30:00+09:00,2.308,2.312,2.298,2.3,8260.01
2025-04-17 06:35:00+09:00,2.301,2.301,2.292,2.296,5126.39
2025-04-17 06:40:00+09:00,2.295,2.296,2.291,2.296,6084.77
2025-04-17 06:45:00+09:00,2.296,2.306,2.295,2.304,22301.25
2025-04-17 06:50:00+09:00,2.305,2.306,2.302,2.305,3602.33
2025-04-17 06:55:00+09:00,2.306,2.32,2.306,2.31,13494.83
2025-04-17 07:00:00+09:00,2.311,2.312,2.305,2.308,13003.97
2025-04-17 07:05:00+09:00,2.31,2.316,2.302,2.302,1320.24
2025-04-17 07:10:00+09:00,2.301,2.31,2.301,2.307,1035.0
2025-04-17 07:15:00+09:00,2.307,2.308,2.302,2.303,5367.92
2025-04-17 07:20:00+09:00,2.303,2.304,2.298,2.301,3939.9
2025-04-17 07:25:00+09:00,2.301,2.304,2.294,2.296,5780.78
2025-04-17 07:30:00+09:00,2.296,2.301,2.295,2.298,1165.02
2025-04-17 07:35:00+09:00,2.297,2.306,2.296,2.305,8537.44
2025-04-17 07:40:00+09:00,2.306,2.308,2.305,2.307,3106.12
2025-04-17 07:45:00+09:00,2.307,2.308,2.306,2.308,3538.04
2025-04-17 07:50:00+09:00,2.307,2.307,2.301,2.302,5900.92
2025-04-17 07:55:00+09:00,2.301,2.304,2.3,2.301,5248.46
2025-04-17 08:00:00+09:00,2.301,2.301,2.295,2.295,7394.89
2025-04-17 08:05:00+09:00,2.295,2.295,2.287,2.289,7012.98
2025-04-17 08:10:00+09:00,2.29,2.291,2.286,2.287,1255.35
2025-04-17 08:15:00+09:00,2.287,2.289,2.283,2.285,5377.43
2025-04-17 08:20:00+09:00,2.284,2.286,2.279,2.279,6398.68
2025-04-17 08:25:00+09:00,2.278,2.281,2.278,2.279,3415.22
2025-04-17 08:30:00+09:00,2.278,2.278,2.266,2.269,31756.15
2025-04-17 08:35:00+09:00,2.268,2.27,2.263,2.266,5917.82
2025-04-17 08:40:00+09:00,2.265,2.275,2.265,2.269,36648.44
2025-04-17 08:45:00+09:00,2.27,2.28,2.27,2.28,6952.93
2025-04-17 08:50:00+09:00,2.28,2.282,2.278,2.282,4560.79
2025-04-17 08:55:00+09:00,2.282,2.283,2.278,2.281,1394.54
2025-04-17 09:00:00+09:00,2.282,2.285,2.271,2.276,101097.42
2025-04-17 09:05:00+09:00,2.276,2.277,2.268,2.273,4486.94
2025-04-17 09:10:00+09:00,2.274,2.281,2.273,2.273,4070.38
2025-04-17 09:15:00+09:00,2.275,2.279,2.265,2.265,7142.38
2025-04-17 09:20:00+09:00,2.264,2.27,2.259,2.268,17211.22
2025-04-17 09:25:00+09:00,2.269,2.283,2.269,2.281,8784.25
2025-04-17 09:30:00+09:00,2.282,2.287,2.278,2.279,3877.68
2025-04-17 09:35:00+09:00,2.28,2.289,2.279,2.286,8149.2
2025-04-17 09:40:00+09:00,2.285,2.289,2.278,2.28,4245.3
2025-04-17 09:45:00+09:00,2.28,2.285,2.279,2.279,3113.15
2025-04-17 09:50:00+09:00,2.281,2.285,2.277,2.282,3601.22
2025-04-17 09:55:00+09:00,2.281,2.287,2.279,2.287,3360.93
2025-04-17 10:00:00+09:00,2.287,2.287,2.278,2.281,3306.75
2025-04-17 10:05:00+09:00,2.282,2.295,2.282,2.295,1939.16
2025-04-17 10:10:00+09:00,2.295,2.299,2.289,2.295,84405.33
2025-04-17 10:15:00+09:00,2.296,2.305,2.296,2.297,6039.15
2025-04-17 10:20:00+09:00,2.297,2.299,2.29,2.294,1678.94
2025-04-17 10:25:00+09:00,2.295,2.299,2.294,2.298,973.08
2025-04-17 10:30:00+09:00,2.297,2.302,2.296,2.296,2186.28
2025-04-17 10:35:00+09:00,2.296,2.302,2.285,2.286,10908.64
2025-04-17 10:40:00+09:00,2.286,2.287,2.282,2.283,1284.71
2025-04-17 10:45:00+09:00,2.283,2.287,2.278,2.279,5739.54
2025-04-17 10:50:00+09:00,2.28,2.287,2.278,2.284,15339.53
2025-04-17 10:55:00+09:00,2.284,2.287,2.281,2.286,27408.28
2025-04-17 11:00:00+09:00,2.285,2.285,2.276,2.28,3035.84
2025-04-17 11:05:00+09:00,2.28,2.28,2.274,2.278,1753.96
2025-04-17 11:10:00+09:00,2.278,2.279,2.271,2.272,612.65
2025-04-17 11:15:00+09:00,2.271,2.271,2.265,2.265,5891.24
2025-04-17 11:20:00+09:00,2.266,2.267,2.264,2.265,2566.79
2025-04-17 11:25:00+09:00,2.266,2.273,2.266,2.273,1753.61
2025-04-17 11:30:00+09:00,2.272,2.274,2.259,2.262,6063.31
2025-04-17 11:35:00+09:00,2.261,2.263,2.259,2.262,16498.13
2025-04-17 11:40:00+09:00,2.26,2.264,2.26,2.261,5126.38
2025-04-17 11:45:00+09:00,2.262,2.27,2.262,2.266,3857.85
2025-04-17 11:50:00+09:00,2.265,2.267,2.261,2.264,1352.92
2025-04-17 11:55:00+09:00,2.264,2.267,2.263,2.267,581.73
2025-04-17 12:00:00+09:00,2.268,2.272,2.263,2.272,6443.28
2025-04-17 12:05:00+09:00,2.273,2.276,2.269,2.269,3860.25
2025-04-17 12:10:00+09:00,2.268,2.269,2.263,2.268,2377.52
2025-04-17 12:15:00+09:00,2.269,2.269,2.262,2.263,2104.02
2025-04-17 12:20:00+09:00,2.263,2.263,2.258,2.259,3216.42
2025-04-17 12:25:00+09:00,2.258,2.258,2.251,2.251,11942.05
2025-04-17 12:30:00+09:00,2.252,2.26,2.252,2.259,4271.01
2025-04-17 12:35:00+09:00,2.259,2.266,2.259,2.261,9092.15
2025-04-17 12:40:00+09:00,2.261,2.261,2.255,2.257,14698.65
2025-04-17 12:45:00+09:00,2.257,2.262,2.256,2.262,7038.85
2025-04-17 12:50:00+09:00,2.262,2.265,2.259,2.26,1792.22
2025-04-17 12:55:00+09:00,2.259,2.261,2.258,2.26,3489.13
2025-04-17 13:00:00+09:00,2.26,2.26,2.252,2.257,1726.08
2025-04-17 13:05:00+09:00,2.257,2.257,2.251,2.254,29295.69
2025-04-17 13:10:00+09:00,2.254,2.256,2.252,2.256,1453.43
2025-04-17 13:15:00+09:00,2.256,2.26,2.253,2.256,5402.77
2025-04-17 13:20:00+09:00,2.258,2.264,2.258,2.258,4333.37
2025-04-17 13:25:00+09:00,2.258,2.259,2.254,2.258,3826.71
2025-04-17 13:30:00+09:00,2.258,2.259,2.256,2.257,5842.59
2025-04-17 13:35:00+09:00,2.258,2.258,2.255,2.256,2418.56
2025-04-17 13:40:00+09:00,2.255,2.263,2.253,2.26,5775.14
2025-04-17 13:45:00+09:00,2.26,2.27,2.26,2.269,1444.51
2025-04-17 13:50:00+09:00,2.27,2.281,2.269,2.277,6222.55
2025-04-17 13:55:00+09:00,2.277,2.279,2.275,2.276,2873.42
2025-04-17 14:00:00+09:00,2.277,2.283,2.277,2.281,2938.58
2025-04-17 14:05:00+09:00,2.28,2.287,2.276,2.287,9768.37
2025-04-17 14:10:00+09:00,2.288,2.291,2.286,2.287,11167.25
2025-04-17 14:15:00+09:00,2.287,2.299,2.287,2.295,11086.55
2025-04-17 14:20:00+09:00,2.295,2.295,2.286,2.292,4163.83
2025-04-17 14:25:00+09:00,2.291,2.291,2.287,2.289,3379.98
2025-04-17 14:30:00+09:00,2.288,2.293,2.288,2.293,7383.33
2025-04-17 14:35:00+09:00,2.293,2.301,2.293,2.299,37191.4
2025-04-17 14:40:00+09:00,2.3,2.305,2.299,2.301,1921.68
2025-04-17 14:45:00+09:00,2.301,2.306,2.3,2.305,5461.68
2025-04-17 14:50:00+09:00,2.304,2.304,2.297,2.298,2692.9
2025-04-17 14:55:00+09:00,2.298,2.301,2.297,2.299,10700.21
2025-04-17 15:00:00+09:00,2.299,2.3,2.294,2.299,6898.15
2025-04-17 15:05:00+09:00,2.3,2.309,2.3,2.308,9511.14
2025-04-17 15:10:00+09:00,2.306,2.307,2.299,2.301,21470.31
2025-04-17 15:15:00+09:00,2.302,2.304,2.298,2.299,5908.18
2025-04-17 15:20:00+09:00,2.301,2.306,2.3,2.304,3290.39
2025-04-17 15:25:00+09:00,2.305,2.317,2.305,2.312,15988.28
2025-04-17 15:30:00+09:00,2.312,2.315,2.312,2.313,7702.46
2025-04-17 15:35:00+09:00,2.313,2.32,2.307,2.319,8082.79
2025-04-17 15:40:00+09:00,2.32,2.32,2.311,2.313,12750.15
2025-04-17 15:45:00+09:00,2.312,2.317,2.31,2.316,8951.89
2025-04-17 15:50:00+09:00,2.315,2.319,2.315,2.315,6241.8
2025-04-17 15:55:00+09:00,2.316,2.319,2.313,2.313,8922.31
2025-04-17 16:00:00+09:00,2.313,2.315,2.309,2.311,19632.01
2025-04-17 16:05:00+09:00,2.313,2.316,2.311,2.316,5449.09
2025-04-17 16:10:00+09:00,2.317,2.323,2.317,2.322,10687.48
2025-04-17 16:15:00+09:00,2.322,2.326,2.32,2.325,7426.37
2025-04-17 16:20:00+09:00,2.326,2.327,2.322,2.325,4800.69
2025-04-17 16:25:00+09:00,2.324,2.335,2.323,2.334,34362.41
2025-04-17 16:30:00+09:00,2.334,2.337,2.331,2.334,7404.15
2025-04-17 16:35:00+09:00,2.335,2.335,2.327,2.328,11131.77
2025-04-17 16:40:00+09:00,2.328,2.329,2.324,2.326,11599.21
2025-04-17 16:45:00+09:00,2.326,2.331,2.325,2.325,6214.44
2025-04-17 16:50:00+09:00,2.324,2.325,2.319,2.319,7489.29
2025-04-17 16:55:00+09:00,2.321,2.322,2.316,2.318,4580.01
2025-04-17 17:00:00+09:00,2.32,2.326,2.318,2.325,8725.76
2025-04-17 17:05:00+09:00,2.326,2.33,2.326,2.327,3366.89
2025-04-17 17:10:00+09:00,2.328,2.331,2.325,2.328,998.55
2025-04-17 17:15:00+09:00,2.327,2.328,2.321,2.323,6188.54
2025-04-17 17:20:00+09:00,2.322,2.322,2.315,2.316,6561.32
2025-04-17 17:25:00+09:00,2.317,2.319,2.314,2.317,6157.08
2025-04-17 17:30:00+09:00,2.317,2.319,2.314,2.316,5385.9
2025-04-17 17:35:00+09:00,2.315,2.316,2.313,2.314,3492.88
2025-04-17 17:40:00+09:00,2.313,2.313,2.306,2.306,9437.95
2025-04-17 17:45:00+09:00,2.308,2.312,2.304,2.305,12925.63
2025-04-17 17:50:00+09:00,2.304,2.304,2.296,2.297,14599.35
2025-04-17 17:55:00+09:00,2.297,2.297,2.293,2.294,5315.8
2025-04-17 18:00:00+09:00,2.295,2.305,2.293,2.297,47621.4
2025-04-17 18:05:00+09:00,2.297,2.307,2.297,2.307,3885.82
2025-04-17 18:10:00+09:00,2.306,2.307,2.303,2.305,5568.4
2025-04-17 18:15:00+09:00,2.305,2.305,2.298,2.303,15063.55
2025-04-17 18:20:00+09:00,2.303,2.308,2.302,2.305,5172.63
2025-04-17 18:25:00+09:00,2.304,2.305,2.298,2.299,4295.6
2025-04-17 18:30:00+09:00,2.299,2.303,2.297,2.303,21093.94
2025-04-17 18:35:00+09:00,2.304,2.309,2.303,2.309,9386.72
2025-04-17 18:40:00+09:00,2.309,2.314,2.309,2.314,19530.22
2025-04-17 18:45:00+09:00,2.313,2.314,2.31,2.311,4556.13
2025-04-17 18:50:00+09:00,2.31,2.311,2.306,2.306,7974.36
2025-04-17 18:55:00+09:00,2.305,2.305,2.301,2.302,7808.85
2025-04-17 19:00:00+09:00,2.304,2.304,2.296,2.296,9663.07
2025-04-17 19:05:00+09:00,2.298,2.303,2.296,2.3,1285.83
2025-04-17 19:10:00+09:00,2.3,2.301,2.284,2.285,14459.31
2025-04-17 19:15:00+09:00,2.285,2.288,2.279,2.281,7474.12
2025-04-17 19:20:00+09:00,2.28,2.289,2.28,2.287,3727.38
2025-04-17 19:25:00+09:00,2.287,2.291,2.286,2.291,2874.5
2025-04-17 19:30:00+09:00,2.29,2.29,2.288,2.29,3478.72
2025-04-17 19:35:00+09:00,2.29,2.291,2.283,2.285,8115.62
2025-04-17 19:40:00+09:00,2.285,2.285,2.276,2.278,6424.19
2025-04-17 19:45:00+09:00,2.279,2.281,2.274,2.279,8053.15
2025-04-17 19:50:00+09:00,2.278,2.282,2.277,2.281,6771.55
2025-04-17 19:55:00+09:00,2.281,2.281,2.278,2.278,1527.13
2025-04-17 20:00:00+09:00,2.279,2.287,2.279,2.285,9974.93
2025-04-17 20:05:00+09:00,2.286,2.286,2.283,2.283,5315.18
2025-04-17 20:10:00+09:00,2.283,2.284,2.275,2.278,6589.37
2025-04-17 20:15:00+09:00,2.278,2.289,2.278,2.289,10021.81
2025-04-17 20:20:00+09:00,2.29,2.294,2.289,2.294,3783.77
2025-04-17 20:25:00+09:00,2.294,2.297,2.294,2.297,6968.98
2025-04-17 20:30:00+09:00,2.298,2.305,2.295,2.304,20196.89
2025-04-17 20:35:00+09:00,2.305,2.31,2.303,2.306,17823.18
2025-04-17 20:40:00+09:00,2.307,2.313,2.304,2.309,13137.49
2025-04-17 20:45:00+09:00,2.31,2.311,2.305,2.309,16102.84
2025-04-17 20:50:00+09:00,2.308,2.312,2.304,2.312,6712.39
2025-04-17 20:55:00+09:00,2.313,2.313,2.309,2.311,2421.35
2025-04-17 21:00:00+09:00,2.311,2.322,2.307,2.314,52982.58
2025-04-17 21:05:00+09:00,2.314,2.321,2.314,2.319,2698.06
2025-04-17 21:10:00+09:00,2.318,2.321,2.314,2.321,4468.5
2025-04-17 21:15:00+09:00,2.321,2.323,2.318,2.32,17777.05
2025-04-17 21:20:00+09:00,2.319,2.324,2.319,2.323,4381.92
2025-04-17 21:25:00+09:00,2.323,2.33,2.323,2.328,8815.87
2025-04-17 21:30:00+09:00,2.33,2.331,2.322,2.325,16238.04
2025-04-17 21:35:00+09:00,2.325,2.328,2.323,2.323,14626.27
2025-04-17 21:40:00+09:00,2.325,2.334,2.325,2.333,3033.03
2025-04-17 21:45:00+09:00,2.333,2.336,2.329,2.336,9490.0
2025-04-17 21:50:00+09:00,2.335,2.344,2.335,2.343,14276.01
2025-04-17 21:55:00+09:00,2.343,2.36,2.339,2.353,88075.23
2025-04-17 22:00:00+09:00,2.353,2.361,2.343,2.344,57768.12
2025-04-17 22:05:00+09:00,2.344,2.356,2.326,2.331,116676.24
2025-04-17 22:10:00+09:00,2.331,2.335,2.32,2.322,20887.14
2025-04-17 22:15:00+09:00,2.321,2.326,2.316,2.323,34416.32
2025-04-17 22:20:00+09:00,2.323,2.339,2.321,2.331,11588.43
2025-04-17 22:25:00+09:00,2.33,2.33,2.324,2.329,6213.51
2025-04-17 22:30:00+09:00,2.329,2.331,2.311,2.314,15789.2
2025-04-17 22:35:00+09:00,2.312,2.313,2.303,2.306,73269.29
2025-04-17 22:40:00+09:00,2.305,2.321,2.304,2.315,13482.46
2025-04-17 22:45:00+09:00,2.314,2.316,2.311,2.313,4725.8
2025-04-17 22:50:00+09:00,2.313,2.323,2.312,2.32,7729.16
2025-04-17 22:55:00+09:00,2.319,2.319,2.311,2.313,1756.19
2025-04-17 23:00:00+09:00,2.312,2.313,2.301,2.302,8522.05
2025-04-17 23:05:00+09:00,2.302,2.302,2.286,2.287,21349.78
2025-04-17 23:10:00+09:00,2.287,2.296,2.284,2.292,12746.18
2025-04-17 23:15:00+09:00,2.291,2.297,2.282,2.285,5974.5
2025-04-17 23:20:00+09:00,2.285,2.289,2.28,2.284,15019.15
2025-04-17 23:25:00+09:00,2.285,2.29,2.279,2.281,53854.76
2025-04-17 23:30:00+09:00,2.281,2.285,2.268,2.272,27208.51
2025-04-17 23:35:00+09:00,2.271,2.271,2.265,2.27,24067.14
2025-04-17 23:40:00+09:00,2.267,2.286,2.267,2.286,10043.07
2025-04-17 23:45:00+09:00,2.287,2.294,2.285,2.291,10802.98
2025-04-17 23:50:00+09:00,2.291,2.295,2.286,2.29,15234.44
2025-04-17 23:55:00+09:00,2.292,2.294,2.283,2.283,24188.39
2025-04-18 00:00:00+09:00,2.283,2.294,2.283,2.29,11302.47
2025-04-18 00:05:00+09:00,2.289,2.316,2.289,2.31,49360.66
2025-04-18 00:10:00+09:00,2.309,2.319,2.308,2.311,12393.18
2025-04-18 00:15:00+09:00,2.311,2.315,2.302,2.312,17870.63
2025-04-18 00:20:00+09:00,2.311,2.313,2.302,2.307,24279.2
2025-04-18 00:25:00+09:00,2.308,2.309,2.298,2.302,12350.8
2025-04-18 00:30:00+09:00,2.306,2.311,2.304,2.307,2840.07
2025-04-18 00:35:00+09:00,2.308,2.32,2.306,2.318,9488.87
2025-04-18 00:40:00+09:00,2.317,2.318,2.31,2.31,6335.26
2025-04-18 00:45:00+09:00,2.311,2.313,2.307,2.31,3583.84
2025-04-18 00:50:00+09:00,2.311,2.321,2.311,2.318,6901.99
2025-04-18 00:55:00+09:00,2.318,2.321,2.318,2.32,4880.06
2025-04-18 01:00:00+09:00,2.32,2.322,2.309,2.309,6826.62
2025-04-18 01:05:00+09:00,2.311,2.333,2.311,2.327,69242.23
2025-04-18 01:10:00+09:00,2.327,2.328,2.315,2.323,23575.36
2025-04-18 01:15:00+09:00,2.324,2.339,2.324,2.339,29768.94
2025-04-18 01:20:00+09:00,2.338,2.356,2.332,2.354,29850.0
2025-04-18 01:25:00+09:00,2.355,2.36,2.352,2.358,23643.35
2025-04-18 01:30:00+09:00,2.357,2.359,2.349,2.359,17477.57
2025-04-18 01:35:00+09:00,2.359,2.368,2.346,2.347,44287.37
2025-04-18 01:40:00+09:00,2.347,2.35,2.342,2.347,11199.56
2025-04-18 01:45:00+09:00,2.347,2.352,2.345,2.351,10792.09
2025-04-18 01:50:00+09:00,2.351,2.352,2.34,2.349,51833.98
2025-04-18 01:55:00+09:00,2.349,2.354,2.347,2.352,7346.51
2025-04-18 02:00:00+09:00,2.353,2.355,2.345,2.347,4107.93
2025-04-18 02:05:00+09:00,2.348,2.36,2.341,2.357,22409.3
2025-04-18 02:10:00+09:00,2.357,2.363,2.355,2.355,5548.74
2025-04-18 02:15:00+09:00,2.355,2.359,2.351,2.352,6378.77
2025-04-18 02:20:00+09:00,2.353,2.355,2.346,2.35,9534.14
2025-04-18 02:25:00+09:00,2.351,2.356,2.35,2.353,12907.46
2025-04-18 02:30:00+09:00,2.354,2.355,2.347,2.352,35288.37
2025-04-18 02:35:00+09:00,2.352,2.356,2.35,2.353,5733.64
2025-04-18 02:40:00+09:00,2.352,2.354,2.345,2.354,6883.68
2025-04-18 02:45:00+09:00,2.353,2.363,2.353,2.358,13106.52
2025-04-18 02:50:00+09:00,2.358,2.361,2.356,2.358,7722.86
2025-04-18 02:55:00+09:00,2.358,2.36,2.351,2.351,34882.03
2025-04-18 03:00:00+09:00,2.351,2.354,2.348,2.352,29737.41
2025-04-18 03:05:00+09:00,2.352,2.36,2.352,2.357,11205.61
2025-04-18 03:10:00+09:00,2.358,2.364,2.358,2.359,8048.33
2025-04-18 03:15:00+09:00,2.358,2.368,2.356,2.368,13795.49
2025-04-18 03:20:00+09:00,2.366,2.373,2.366,2.366,12063.86
2025-04-18 03:25:00+09:00,2.366,2.368,2.358,2.359,10351.27
2025-04-18 03:30:00+09:00,2.36,2.367,2.36,2.362,7356.59
2025-04-18 03:35:00+09:00,2.362,2.366,2.362,2.366,10195.61
2025-04-18 03:40:00+09:00,2.367,2.367,2.361,2.361,4040.37
2025-04-18 03:45:00+09:00,2.362,2.366,2.351,2.354,21531.59
2025-04-18 03:50:00+09:00,2.353,2.36,2.35,2.357,13569.82
2025-04-18 03:55:00+09:00,2.356,2.356,2.344,2.344,2783.32
2025-04-18 04:00:00+09:00,2.343,2.35,2.343,2.348,7060.71
2025-04-18 04:05:00+09:00,2.348,2.351,2.344,2.346,1445.94
2025-04-18 04:10:00+09:00,2.345,2.346,2.332,2.333,7643.03
2025-04-18 04:15:00+09:00,2.334,2.335,2.314,2.314,39684.84
2025-04-18 04:20:00+09:00,2.314,2.315,2.304,2.315,10827.05
2025-04-18 04:25:00+09:00,2.314,2.317,2.307,2.307,9383.71
2025-04-18 04:30:00+09:00,2.308,2.313,2.298,2.3,16993.32
2025-04-18 04:35:00+09:00,2.3,2.313,2.298,2.311,10811.52
2025-04-18 04:40:00+09:00,2.31,2.316,2.309,2.311,2372.96
2025-04-18 04:45:00+09:00,2.31,2.322,2.308,2.31,46542.4
2025-04-18 04:50:00+09:00,2.309,2.319,2.306,2.319,7572.25
2025-04-18 04:55:00+09:00,2.317,2.319,2.313,2.317,7542.03
2025-04-18 05:00:00+09:00,2.316,2.33,2.316,2.328,6547.25
2025-04-18 05:05:00+09:00,2.327,2.335,2.324,2.331,10112.27
2025-04-18 05:10:00+09:00,2.331,2.335,2.33,2.335,5832.25
2025-04-18 05:15:00+09:00,2.335,2.335,2.327,2.33,1349.99
2025-04-18 05:20:00+09:00,2.331,2.338,2.331,2.337,745.52
2025-04-18 05:25:00+09:00,2.337,2.345,2.336,2.345,1987.64
2025-04-18 05:30:00+09:00,2.345,2.349,2.338,2.338,8502.35
2025-04-18 05:35:00+09:00,2.337,2.341,2.335,2.341,3977.47
2025-04-18 05:40:00+09:00,2.341,2.342,2.337,2.341,5289.43
2025-04-18 05:45:00+09:00,2.343,2.35,2.342,2.345,9005.5
2025-04-18 05:50:00+09:00,2.346,2.352,2.346,2.351,9344.34
2025-04-18 05:55:00+09:00,2.35,2.354,2.348,2.351,6151.86
2025-04-18 06:00:00+09:00,2.35,2.353,2.345,2.348,5162.94
2025-04-18 06:05:00+09:00,2.348,2.35,2.343,2.344,8285.02
2025-04-18 06:10:00+09:00,2.343,2.345,2.335,2.335,8285.19
2025-04-18 06:15:00+09:00,2.335,2.345,2.335,2.343,5235.82
2025-04-18 06:20:00+09:00,2.342,2.343,2.339,2.342,2803.18
2025-04-18 06:25:00+09:00,2.344,2.344,2.337,2.337,1568.96
2025-04-18 06:30:00+09:00,2.336,2.343,2.336,2.341,2320.69
2025-04-18 06:35:00+09:00,2.341,2.341,2.337,2.338,5176.62
2025-04-18 06:40:00+09:00,2.34,2.341,2.337,2.34,9735.03
2025-04-18 06:45:00+09:00,2.339,2.343,2.339,2.341,2884.65
2025-04-18 06:50:00+09:00,2.341,2.343,2.34,2.342,1160.92
2025-04-18 06:55:00+09:00,2.343,2.348,2.343,2.344,3552.47
2025-04-18 07:00:00+09:00,2.345,2.356,2.345,2.356,4604.25
2025-04-18 07:05:00+09:00,2.355,2.355,2.349,2.353,1828.12
2025-04-18 07:10:00+09:00,2.354,2.362,2.353,2.362,12863.31
2025-04-18 07:15:00+09:00,2.362,2.363,2.354,2.356,2544.35
2025-04-18 07:20:00+09:00,2.356,2.356,2.349,2.35,2875.5
2025-04-18 07:25:00+09:00,2.35,2.351,2.349,2.351,1726.73
2025-04-18 07:30:00+09:00,2.352,2.355,2.35,2.354,7953.76
2025-04-18 07:35:00+09:00,2.353,2.353,2.348,2.348,913.31
2025-04-18 07:40:00+09:00,2.347,2.35,2.347,2.348,836.25
2025-04-18 07:45:00+09:00,2.347,2.347,2.34,2.342,4233.74
2025-04-18 07:50:00+09:00,2.34,2.34,2.327,2.329,26766.54
2025-04-18 07:55:00+09:00,2.33,2.332,2.328,2.329,14283.47
2025-04-18 08:00:00+09:00,2.329,2.332,2.328,2.332,3030.97
2025-04-18 08:05:00+09:00,2.331,2.335,2.331,2.334,5423.05
2025-04-18 08:10:00+09:00,2.334,2.347,2.334,2.347,5133.53
2025-04-18 08:15:00+09:00,2.346,2.348,2.345,2.346,7106.53
2025-04-18 08:20:00+09:00,2.346,2.353,2.346,2.352,3718.2
2025-04-18 08:25:00+09:00,2.354,2.356,2.354,2.356,3190.88
2025-04-18 08:30:00+09:00,2.357,2.357,2.35,2.352,22076.32
2025-04-18 08:35:00+09:00,2.352,2.352,2.344,2.344,7277.49
2025-04-18 08:40:00+09:00,2.345,2.345,2.344,2.345,956.6
2025-04-18 08:45:00+09:00,2.344,2.345,2.339,2.339,4914.47
2025-04-18 08:50:00+09:00,2.339,2.347,2.339,2.347,2130.48
2025-04-18 08:55:00+09:00,2.346,2.351,2.346,2.351,1158.35
2025-04-18 09:00:00+09:00,2.351,2.356,2.347,2.347,2315.52
2025-04-18 09:05:00+09:00,2.346,2.352,2.345,2.352,2205.13
2025-04-18 09:10:00+09:00,2.352,2.357,2.345,2.345,2802.33
2025-04-18 09:15:00+09:00,2.346,2.346,2.334,2.335,8404.59
2025-04-18 09:20:00+09:00,2.336,2.34,2.332,2.335,6825.29
2025-04-18 09:25:00+09:00,2.335,2.342,2.335,2.341,9765.68
2025-04-18 09:30:00+09:00,2.342,2.346,2.337,2.337,3043.86
2025-04-18 09:35:00+09:00,2.338,2.341,2.336,2.336,1640.47
2025-04-18 09:40:00+09:00,2.336,2.338,2.333,2.336,2578.36
2025-04-18 09:45:00+09:00,2.335,2.343,2.334,2.334,16776.85
2025-04-18 09:50:00+09:00,2.333,2.334,2.331,2.331,1970.2
2025-04-18 09:55:00+09:00,2.332,2.335,2.327,2.334,7154.15
2025-04-18 10:00:00+09:00,2.334,2.346,2.33,2.344,10594.46
2025-04-18 10:05:00+09:00,2.344,2.353,2.344,2.351,4371.46
2025-04-18 10:10:00+09:00,2.352,2.363,2.352,2.36,6949.65
2025-04-18 10:15:00+09:00,2.36,2.367,2.36,2.366,7357.78
2025-04-18 10:20:00+09:00,2.365,2.366,2.361,2.365,10690.48
2025-04-18 10:25:00+09:00,2.366,2.368,2.362,2.368,10998.16
2025-04-18 10:30:00+09:00,2.368,2.368,2.36,2.364,15265.14
2025-04-18 10:35:00+09:00,2.362,2.363,2.354,2.354,4763.9
2025-04-18 10:40:00+09:00,2.355,2.357,2.352,2.354,7603.2
2025-04-18 10:45:00+09:00,2.355,2.363,2.355,2.363,1385.2
2025-04-18 10:50:00+09:00,2.362,2.362,2.348,2.349,21454.75
2025-04-18 10:55:00+09:00,2.35,2.357,2.35,2.357,2109.63
2025-04-18 11:00:00+09:00,2.356,2.359,2.353,2.356,3658.63
2025-04-18 11:05:00+09:00,2.355,2.356,2.342,2.342,714.71
2025-04-18 11:10:00+09:00,2.342,2.351,2.342,2.346,1423.07
2025-04-18 11:15:00+09:00,2.346,2.355,2.345,2.353,898.46
2025-04-18 11:20:00+09:00,2.353,2.364,2.353,2.362,6821.62
2025-04-18 11:25:00+09:00,2.365,2.368,2.364,2.368,3384.58
2025-04-18 11:30:00+09:00,2.368,2.369,2.364,2.367,9752.66
2025-04-18 11:35:00+09:00,2.366,2.371,2.364,2.369,8255.98
2025-04-18 11:40:00+09:00,2.367,2.374,2.367,2.374,11260.1
2025-04-18 11:45:00+09:00,2.374,2.375,2.366,2.375,3121.42
2025-04-18 11:50:00+09:00,2.375,2.378,2.37,2.37,8507.56
2025-04-18 11:55:00+09:00,2.371,2.375,2.369,2.369,5867.66
2025-04-18 12:00:00+09:00,2.369,2.371,2.357,2.358,2936.69
2025-04-18 12:05:00+09:00,2.357,2.358,2.354,2.354,4457.66
2025-04-18 12:10:00+09:00,2.355,2.36,2.355,2.357,2419.7
2025-04-18 12:15:00+09:00,2.357,2.36,2.351,2.354,4342.07
2025-04-18 12:20:00+09:00,2.355,2.36,2.353,2.354,16490.54
2025-04-18 12:25:00+09:00,2.354,2.354,2.35,2.354,2678.39
2025-04-18 12:30:00+09:00,2.353,2.365,2.352,2.365,5192.66
2025-04-18 12:35:00+09:00,2.365,2.373,2.363,2.37,2270.67
2025-04-18 12:40:00+09:00,2.369,2.372,2.367,2.372,2502.89
2025-04-18 12:45:00+09:00,2.372,2.373,2.365,2.365,13913.59
2025-04-18 12:50:00+09:00,2.366,2.374,2.366,2.371,6390.7
2025-04-18 12:55:00+09:00,2.371,2.372,2.368,2.371,1241.76
2025-04-18 13:00:00+09:00,2.372,2.375,2.367,2.367,2742.18
2025-04-18 13:05:00+09:00,2.368,2.371,2.366,2.367,1922.45
2025-04-18 13:10:00+09:00,2.367,2.372,2.365,2.365,4301.29
2025-04-18 13:15:00+09:00,2.365,2.37,2.364,2.368,1876.04
2025-04-18 13:20:00+09:00,2.368,2.376,2.368,2.374,4119.35
2025-04-18 13:25:00+09:00,2.375,2.386,2.374,2.385,11879.63
2025-04-18 13:30:00+09:00,2.385,2.387,2.374,2.374,20336.65
2025-04-18 13:35:00+09:00,2.374,2.379,2.373,2.377,2324.63
2025-04-18 13:40:00+09:00,2.376,2.382,2.374,2.382,2095.26
2025-04-18 13:45:00+09:00,2.382,2.39,2.378,2.389,10649.1
2025-04-18 13:50:00+09:00,2.389,2.397,2.385,2.385,16137.93
2025-04-18 13:55:00+09:00,2.385,2.386,2.377,2.377,34865.76
2025-04-18 14:00:00+09:00,2.378,2.379,2.364,2.364,26404.25
2025-04-18 14:05:00+09:00,2.365,2.365,2.355,2.356,12242.14
2025-04-18 14:10:00+09:00,2.357,2.357,2.349,2.353,37028.06
2025-04-18 14:15:00+09:00,2.354,2.359,2.351,2.351,3209.3
2025-04-18 14:20:00+09:00,2.35,2.354,2.346,2.35,1741.84
2025-04-18 14:25:00+09:00,2.35,2.355,2.348,2.351,23063.63
2025-04-18 14:30:00+09:00,2.351,2.355,2.347,2.354,23179.75
2025-04-18 14:35:00+09:00,2.354,2.358,2.351,2.358,2719.93
2025-04-18 14:40:00+09:00,2.358,2.362,2.358,2.358,2191.14
2025-04-18 14:45:00+09:00,2.357,2.359,2.355,2.359,11000.7
2025-04-18 14:50:00+09:00,2.359,2.362,2.356,2.358,4417.74
2025-04-18 14:55:00+09:00,2.358,2.365,2.358,2.365,4667.17
2025-04-18 15:00:00+09:00,2.366,2.37,2.362,2.363,4724.85
2025-04-18 15:05:00+09:00,2.364,2.364,2.356,2.362,19029.25
2025-04-18 15:10:00+09:00,2.363,2.368,2.363,2.366,4787.7
2025-04-18 15:15:00+09:00,2.366,2.371,2.363,2.364,5294.38
2025-04-18 15:20:00+09:00,2.364,2.368,2.363,2.368,2917.31
2025-04-18 15:25:00+09:00,2.368,2.368,2.364,2.367,1701.16
2025-04-18 15:30:00+09:00,2.366,2.368,2.359,2.359,2709.79
2025-04-18 15:35:00+09:00,2.36,2.365,2.359,2.36,9433.01
2025-04-18 15:40:00+09:00,2.36,2.37,2.36,2.37,13471.3
2025-04-18 15:45:00+09:00,2.37,2.38,2.369,2.379,12786.45
2025-04-18 15:50:00+09:00,2.378,2.386,2.375,2.385,16108.3
2025-04-18 15:55:00+09:00,2.386,2.39,2.386,2.388,2209.37
2025-04-18 16:00:00+09:00,2.388,2.39,2.386,2.388,4489.72
2025-04-18 16:05:00+09:00,2.39,2.39,2.381,2.382,3073.45
2025-04-18 16:10:00+09:00,2.382,2.392,2.38,2.388,8459.51
2025-04-18 16:15:00+09:00,2.387,2.395,2.381,2.381,31873.39
2025-04-18 16:20:00+09:00,2.381,2.381,2.373,2.379,12834.82
2025-04-18 16:25:00+09:00,2.378,2.39,2.378,2.39,6993.68
2025-04-18 16:30:00+09:00,2.389,2.4,2.387,2.398,15737.0
2025-04-18 16:35:00+09:00,2.398,2.399,2.392,2.393,5016.28
2025-04-18 16:40:00+09:00,2.394,2.395,2.39,2.393,5434.42
2025-04-18 16:45:00+09:00,2.394,2.395,2.387,2.393,3520.48
2025-04-18 16:50:00+09:00,2.395,2.397,2.392,2.395,5374.49
2025-04-18 16:55:00+09:00,2.395,2.402,2.395,2.402,10405.78
2025-04-18 17:00:00+09:00,2.402,2.405,2.393,2.393,11195.95
2025-04-18 17:05:00+09:00,2.394,2.404,2.393,2.399,8551.22
2025-04-18 17:10:00+09:00,2.399,2.408,2.399,2.406,6923.66
2025-04-18 17:15:00+09:00,2.405,2.414,2.403,2.404,31879.32
2025-04-18 17:20:00+09:00,2.404,2.411,2.402,2.411,4345.18
2025-04-18 17:25:00+09:00,2.411,2.42,2.411,2.418,21725.98
2025-04-18 17:30:00+09:00,2.418,2.42,2.411,2.415,19032.74
2025-04-18 17:35:00+09:00,2.415,2.428,2.414,2.421,45589.24
2025-04-18 17:40:00+09:00,2.422,2.426,2.421,2.424,8893.65
2025-04-18 17:45:00+09:00,2.424,2.424,2.416,2.422,10043.05
2025-04-18 17:50:00+09:00,2.423,2.425,2.416,2.416,9196.53
2025-04-18 17:55:00+09:00,2.416,2.42,2.413,2.42,3401.95
2025-04-18 18:00:00+09:00,2.42,2.42,2.407,2.41,31799.98
2025-04-18 18:05:00+09:00,2.41,2.414,2.406,2.414,9116.26
2025-04-18 18:10:00+09:00,2.412,2.416,2.409,2.412,27997.79
2025-04-18 18:15:00+09:00,2.412,2.421,2.412,2.42,7265.77
2025-04-18 18:20:00+09:00,2.42,2.422,2.416,2.417,4458.53
2025-04-18 18:25:00+09:00,2.417,2.42,2.415,2.415,631.77
2025-04-18 18:30:00+09:00,2.416,2.421,2.414,2.419,9283.3
2025-04-18 18:35:00+09:00,2.419,2.425,2.414,2.423,39723.51
2025-04-18 18:40:00+09:00,2.424,2.424,2.413,2.415,52213.96
2025-04-18 18:45:00+09:00,2.414,2.42,2.413,2.417,4087.71
2025-04-18 18:50:00+09:00,2.416,2.417,2.409,2.413,10973.34
2025-04-18 18:55:00+09:00,2.413,2.415,2.411,2.413,5551.99
2025-04-18 19:00:00+09:00,2.412,2.417,2.403,2.404,24555.49
2025-04-18 19:05:00+09:00,2.405,2.408,2.403,2.407,7370.3
2025-04-18 19:10:00+09:00,2.408,2.41,2.403,2.403,1907.48
2025-04-18 19:15:00+09:00,2.404,2.412,2.401,2.409,10948.69
2025-04-18 19:20:00+09:00,2.41,2.412,2.41,2.41,1182.83
2025-04-18 19:25:00+09:00,2.409,2.409,2.403,2.403,2138.14
2025-04-18 19:30:00+09:00,2.403,2.404,2.398,2.398,11209.03
2025-04-18 19:35:00+09:00,2.398,2.401,2.389,2.39,27318.28
2025-04-18 19:40:00+09:00,2.39,2.393,2.384,2.386,16735.58
2025-04-18 19:45:00+09:00,2.387,2.389,2.385,2.386,2430.24
2025-04-18 19:50:00+09:00,2.386,2.389,2.375,2.377,34415.9
2025-04-18 19:55:00+09:00,2.377,2.38,2.374,2.379,14702.93
2025-04-18 20:00:00+09:00,2.379,2.385,2.374,2.374,23358.85
2025-04-18 20:05:00+09:00,2.374,2.38,2.374,2.38,3847.8
2025-04-18 20:10:00+09:00,2.381,2.39,2.381,2.39,5723.9
2025-04-18 20:15:00+09:00,2.389,2.393,2.389,2.39,8436.64
2025-04-18 20:20:00+09:00,2.391,2.391,2.383,2.383,489.6
2025-04-18 20:25:00+09:00,2.384,2.386,2.379,2.384,21539.52
2025-04-18 20:30:00+09:00,2.384,2.385,2.379,2.381,1853.91
2025-04-18 20:35:00+09:00,2.381,2.387,2.38,2.387,20918.73
2025-04-18 20:40:00+09:00,2.387,2.387,2.38,2.381,1644.24
2025-04-18 20:45:00+09:00,2.382,2.386,2.378,2.384,3831.22
2025-04-18 20:50:00+09:00,2.385,2.389,2.385,2.389,3039.97
2025-04-18 20:55:00+09:00,2.39,2.392,2.39,2.392,1174.75
2025-04-18 21:00:00+09:00,2.392,2.392,2.383,2.385,5983.94
2025-04-18 21:05:00+09:00,2.385,2.385,2.379,2.379,4755.66
2025-04-18 21:10:00+09:00,2.379,2.381,2.378,2.379,11678.01
2025-04-18 21:15:00+09:00,2.379,2.38,2.372,2.378,15391.51
2025-04-18 21:20:00+09:00,2.378,2.385,2.378,2.384,19663.66
2025-04-18 21:25:00+09:00,2.384,2.388,2.383,2.388,2944.05
2025-04-18 21:30:00+09:00,2.388,2.398,2.386,2.396,17427.72
2025-04-18 21:35:00+09:00,2.395,2.397,2.392,2.392,31232.4
2025-04-18 21:40:00+09:00,2.391,2.395,2.39,2.393,4512.83
2025-04-18 21:45:00+09:00,2.393,2.394,2.388,2.388,11260.93
2025-04-18 21:50:00+09:00,2.389,2.389,2.386,2.388,3649.44
2025-04-18 21:55:00+09:00,2.386,2.388,2.385,2.386,1392.28
2025-04-18 22:00:00+09:00,2.386,2.386,2.382,2.383,7464.89
2025-04-18 22:05:00+09:00,2.383,2.384,2.378,2.384,2767.65
2025-04-18 22:10:00+09:00,2.384,2.387,2.38,2.381,5051.43
2025-04-18 22:15:00+09:00,2.381,2.391,2.381,2.388,1772.18
2025-04-18 22:20:00+09:00,2.389,2.391,2.387,2.389,3667.22
2025-04-18 22:25:00+09:00,2.389,2.392,2.387,2.387,501.07
2025-04-18 22:30:00+09:00,2.387,2.389,2.385,2.385,2614.07
2025-04-18 22:35:00+09:00,2.386,2.388,2.383,2.387,22491.59
2025-04-18 22:40:00+09:00,2.387,2.389,2.379,2.381,799.03
2025-04-18 22:45:00+09:00,2.381,2.387,2.378,2.386,3533.68
2025-04-18 22:50:00+09:00,2.386,2.389,2.386,2.387,1627.72
2025-04-18 22:55:00+09:00,2.388,2.392,2.388,2.392,11316.53
2025-04-18 23:00:00+09:00,2.392,2.4,2.39,2.4,10417.84
2025-04-18 23:05:00+09:00,2.399,2.399,2.387,2.387,2355.77
2025-04-18 23:10:00+09:00,2.386,2.387,2.379,2.379,18168.24
2025-04-18 23:15:00+09:00,2.379,2.379,2.37,2.378,18698.37
2025-04-18 23:20:00+09:00,2.378,2.384,2.378,2.383,2238.87
2025-04-18 23:25:00+09:00,2.384,2.385,2.381,2.383,6852.39
2025-04-18 23:30:00+09:00,2.383,2.383,2.373,2.376,6013.24
2025-04-18 23:35:00+09:00,2.378,2.383,2.377,2.381,7213.02
2025-04-18 23:40:00+09:00,2.38,2.383,2.378,2.383,4816.87
2025-04-18 23:45:00+09:00,2.383,2.383,2.376,2.376,4535.4
2025-04-18 23:50:00+09:00,2.376,2.377,2.368,2.375,63609.51
2025-04-18 23:55:00+09:00,2.375,2.381,2.368,2.379,113785.98
2025-04-19 00:00:00+09:00,2.379,2.379,2.37,2.37,2937.25
2025-04-19 00:05:00+09:00,2.369,2.369,2.355,2.359,15926.44
2025-04-19 00:10:00+09:00,2.36,2.365,2.358,2.363,19719.81
2025-04-19 00:15:00+09:00,2.362,2.366,2.362,2.366,3302.43
2025-04-19 00:20:00+09:00,2.367,2.367,2.362,2.366,4116.36
2025-04-19 00:25:00+09:00,2.366,2.366,2.36,2.362,3998.81
2025-04-19 00:30:00+09:00,2.362,2.366,2.358,2.358,9971.83
2025-04-19 00:35:00+09:00,2.36,2.366,2.36,2.361,461.4
2025-04-19 00:40:00+09:00,2.36,2.363,2.36,2.363,4164.39
2025-04-19 00:45:00+09:00,2.362,2.373,2.362,2.372,3032.4
2025-04-19 00:50:00+09:00,2.372,2.373,2.367,2.369,2642.06
2025-04-19 00:55:00+09:00,2.369,2.372,2.368,2.372,2885.66
2025-04-19 01:00:00+09:00,2.371,2.378,2.367,2.372,9879.03
2025-04-19 01:05:00+09:00,2.372,2.375,2.368,2.368,4392.01
2025-04-19 01:10:00+09:00,2.367,2.373,2.366,2.372,15722.04
2025-04-19 01:15:00+09:00,2.372,2.383,2.372,2.378,3853.35
2025-04-19 01:20:00+09:00,2.378,2.385,2.377,2.38,35126.75
2025-04-19 01:25:00+09:00,2.381,2.382,2.375,2.377,14446.36
2025-04-19 01:30:00+09:00,2.377,2.383,2.377,2.381,1854.14
2025-04-19 01:35:00+09:00,2.381,2.381,2.378,2.379,941.42
2025-04-19 01:40:00+09:00,2.38,2.381,2.376,2.38,7434.47
2025-04-19 01:45:00+09:00,2.38,2.381,2.372,2.374,1287.09
2025-04-19 01:50:00+09:00,2.375,2.377,2.374,2.377,1866.96
2025-04-19 01:55:00+09:00,2.377,2.382,2.376,2.381,1531.5
2025-04-19 02:00:00+09:00,2.382,2.385,2.38,2.385,6003.62
2025-04-19 02:05:00+09:00,2.385,2.389,2.384,2.385,3664.96
2025-04-19 02:10:00+09:00,2.385,2.389,2.384,2.385,7271.02
2025-04-19 02:15:00+09:00,2.384,2.39,2.384,2.388,1634.35
2025-04-19 02:20:00+09:00,2.389,2.39,2.386,2.387,4270.94
2025-04-19 02:25:00+09:00,2.387,2.387,2.38,2.384,25270.28
2025-04-19 02:30:00+09:00,2.385,2.395,2.385,2.394,4240.31
2025-04-19 02:35:00+09:00,2.394,2.396,2.391,2.394,7873.8
2025-04-19 02:40:00+09:00,2.395,2.397,2.392,2.395,5068.21
2025-04-19 02:45:00+09:00,2.395,2.399,2.392,2.392,5545.76
2025-04-19 02:50:00+09:00,2.392,2.398,2.392,2.395,2223.91
2025-04-19 02:55:00+09:00,2.396,2.396,2.392,2.394,9739.34
2025-04-19 03:00:00+09:00,2.395,2.395,2.383,2.388,3722.15
2025-04-19 03:05:00+09:00,2.388,2.391,2.384,2.384,20160.32
2025-04-19 03:10:00+09:00,2.384,2.389,2.384,2.389,1151.95
2025-04-19 03:15:00+09:00,2.388,2.392,2.387,2.392,3455.19
2025-04-19 03:20:00+09:00,2.39,2.391,2.385,2.391,3695.78
2025-04-19 03:25:00+09:00,2.39,2.393,2.39,2.391,1833.47
2025-04-19 03:30:00+09:00,2.392,2.392,2.383,2.384,8607.78
2025-04-19 03:35:00+09:00,2.383,2.383,2.38,2.382,11846.71
2025-04-19 03:40:00+09:00,2.382,2.384,2.381,2.383,3186.28
2025-04-19 03:45:00+09:00,2.381,2.381,2.376,2.378,3533.86
2025-04-19 03:50:00+09:00,2.378,2.384,2.378,2.384,11464.72
2025-04-19 03:55:00+09:00,2.384,2.387,2.384,2.386,1920.16
2025-04-19 04:00:00+09:00,2.387,2.387,2.383,2.383,6245.53
2025-04-19 04:05:00+09:00,2.382,2.388,2.381,2.388,2676.13
2025-04-19 04:10:00+09:00,2.388,2.391,2.388,2.39,2725.02
2025-04-19 04:15:00+09:00,2.391,2.394,2.388,2.393,579.5
2025-04-19 04:20:00+09:00,2.393,2.395,2.392,2.395,2405.72
2025-04-19 04:25:00+09:00,2.395,2.395,2.393,2.393,1445.41
2025-04-19 04:30:00+09:00,2.394,2.394,2.388,2.388,2825.44
2025-04-19 04:35:00+09:00,2.389,2.389,2.384,2.385,6585.85
2025-04-19 04:40:00+09:00,2.386,2.39,2.386,2.388,3625.01
2025-04-19 04:45:00+09:00,2.387,2.388,2.383,2.383,2300.63
2025-04-19 04:50:00+09:00,2.383,2.384,2.381,2.384,1203.32
2025-04-19 04:55:00+09:00,2.384,2.386,2.382,2.386,7207.18
2025-04-19 05:00:00+09:00,2.385,2.387,2.381,2.384,1878.37
2025-04-19 05:05:00+09:00,2.385,2.389,2.383,2.383,7939.98
2025-04-19 05:10:00+09:00,2.383,2.383,2.38,2.382,4127.1
2025-04-19 05:15:00+09:00,2.383,2.39,2.383,2.389,28530.76
2025-04-19 05:20:00+09:00,2.389,2.392,2.389,2.391,2736.95
2025-04-19 05:25:00+09:00,2.392,2.393,2.39,2.39,1233.23
2025-04-19 05:30:00+09:00,2.391,2.391,2.388,2.389,505.73
2025-04-19 05:35:00+09:00,2.387,2.387,2.382,2.382,2690.15
2025-04-19 05:40:00+09:00,2.382,2.382,2.377,2.381,2366.17
2025-04-19 05:45:00+09:00,2.382,2.383,2.379,2.383,15999.65
2025-04-19 05:50:00+09:00,2.382,2.385,2.382,2.383,960.71
2025-04-19 05:55:00+09:00,2.383,2.388,2.383,2.388,6839.04
2025-04-19 06:00:00+09:00,2.387,2.387,2.381,2.383,961.02
2025-04-19 06:05:00+09:00,2.383,2.391,2.383,2.388,25861.15
2025-04-19 06:10:00+09:00,2.388,2.389,2.383,2.383,7277.12
2025-04-19 06:15:00+09:00,2.383,2.388,2.381,2.387,5838.61
2025-04-19 06:20:00+09:00,2.387,2.391,2.385,2.388,3260.29
2025-04-19 06:25:00+09:00,2.389,2.39,2.38,2.382,10096.31
2025-04-19 06:30:00+09:00,2.382,2.397,2.382,2.396,5387.68
2025-04-19 06:35:00+09:00,2.396,2.396,2.387,2.389,14184.01
2025-04-19 06:40:00+09:00,2.39,2.395,2.389,2.394,4848.93
2025-04-19 06:45:00+09:00,2.394,2.4,2.394,2.398,10564.41
2025-04-19 06:50:00+09:00,2.399,2.401,2.397,2.397,4457.57
2025-04-19 06:55:00+09:00,2.397,2.401,2.394,2.397,1648.25
2025-04-19 07:00:00+09:00,2.399,2.399,2.39,2.392,1797.13
2025-04-19 07:05:00+09:00,2.392,2.393,2.385,2.39,2793.07
2025-04-19 07:10:00+09:00,2.39,2.393,2.389,2.389,2016.19
2025-04-19 07:15:00+09:00,2.389,2.389,2.381,2.383,1613.94
2025-04-19 07:20:00+09:00,2.384,2.388,2.383,2.386,4056.69
2025-04-19 07:25:00+09:00,2.385,2.386,2.383,2.383,662.63
2025-04-19 07:30:00+09:00,2.384,2.388,2.382,2.386,1574.9
2025-04-19 07:35:00+09:00,2.387,2.387,2.384,2.385,398.06
2025-04-19 07:40:00+09:00,2.386,2.389,2.385,2.386,713.32
2025-04-19 07:45:00+09:00,2.385,2.386,2.381,2.381,1702.67
2025-04-19 07:50:00+09:00,2.381,2.382,2.378,2.38,3553.38
2025-04-19 07:55:00+09:00,2.38,2.38,2.377,2.379,3372.0
2025-04-19 08:00:00+09:00,2.378,2.378,2.368,2.368,14340.02
2025-04-19 08:05:00+09:00,2.368,2.368,2.363,2.364,7265.92
2025-04-19 08:10:00+09:00,2.365,2.367,2.363,2.367,5952.95
2025-04-19 08:15:00+09:00,2.367,2.367,2.363,2.364,5316.27
2025-04-19 08:20:00+09:00,2.364,2.368,2.359,2.368,8427.25
2025-04-19 08:25:00+09:00,2.368,2.37,2.366,2.369,8876.21
2025-04-19 08:30:00+09:00,2.369,2.37,2.365,2.368,5212.53
2025-04-19 08:35:00+09:00,2.369,2.373,2.369,2.373,347.04
2025-04-19 08:40:00+09:00,2.374,2.38,2.374,2.38,511.97
2025-04-19 08:45:00+09:00,2.379,2.38,2.379,2.379,1639.8
2025-04-19 08:50:00+09:00,2.38,2.384,2.378,2.382,5201.48
2025-04-19 08:55:00+09:00,2.382,2.384,2.381,2.382,1366.23
2025-04-19 09:00:00+09:00,2.382,2.385,2.381,2.382,2939.42
2025-04-19 09:05:00+09:00,2.381,2.382,2.377,2.382,2316.76
2025-04-19 09:10:00+09:00,2.382,2.387,2.381,2.385,3684.78
2025-04-19 09:15:00+09:00,2.386,2.387,2.377,2.377,9233.96
2025-04-19 09:20:00+09:00,2.376,2.382,2.375,2.381,3478.17
2025-04-19 09:25:00+09:00,2.381,2.382,2.377,2.378,11839.02
2025-04-19 09:30:00+09:00,2.378,2.387,2.378,2.387,1491.62
2025-04-19 09:35:00+09:00,2.386,2.386,2.381,2.383,1627.81
2025-04-19 09:40:00+09:00,2.382,2.385,2.382,2.383,2785.0
2025-04-19 09:45:00+09:00,2.384,2.384,2.378,2.382,3994.65
2025-04-19 09:50:00+09:00,2.382,2.384,2.381,2.382,258.3
2025-04-19 09:55:00+09:00,2.381,2.383,2.38,2.38,7141.88
2025-04-19 10:00:00+09:00,2.381,2.383,2.378,2.381,1313.86
2025-04-19 10:05:00+09:00,2.383,2.39,2.383,2.388,3404.69
2025-04-19 10:10:00+09:00,2.389,2.391,2.388,2.391,3043.15
2025-04-19 10:15:00+09:00,2.391,2.394,2.39,2.39,1370.77
2025-04-19 10:20:00+09:00,2.389,2.391,2.386,2.389,3591.16
2025-04-19 10:25:00+09:00,2.389,2.391,2.389,2.389,1100.77
2025-04-19 10:30:00+09:00,2.389,2.395,2.388,2.389,13572.14
2025-04-19 10:35:00+09:00,2.388,2.393,2.387,2.393,3649.4
2025-04-19 10:40:00+09:00,2.393,2.397,2.392,2.394,6505.21
2025-04-19 10:45:00+09:00,2.394,2.394,2.389,2.392,4023.54
2025-04-19 10:50:00+09:00,2.392,2.394,2.388,2.393,1756.62
2025-04-19 10:55:00+09:00,2.393,2.396,2.392,2.395,1254.03
2025-04-19 11:00:00+09:00,2.395,2.397,2.394,2.396,2854.17
2025-04-19 11:05:00+09:00,2.397,2.404,2.395,2.404,6646.73
2025-04-19 11:10:00+09:00,2.404,2.417,2.404,2.407,9562.06
2025-04-19 11:15:00+09:00,2.408,2.41,2.399,2.402,3177.62
2025-04-19 11:20:00+09:00,2.403,2.407,2.402,2.405,9534.8
2025-04-19 11:25:00+09:00,2.406,2.411,2.405,2.411,2277.94
2025-04-19 11:30:00+09:00,2.411,2.412,2.407,2.409,1405.64
2025-04-19 11:35:00+09:00,2.409,2.412,2.408,2.408,3939.2
2025-04-19 11:40:00+09:00,2.409,2.415,2.409,2.409,11842.97
2025-04-19 11:45:00+09:00,2.409,2.412,2.408,2.411,1011.29
2025-04-19 11:50:00+09:00,2.411,2.411,2.407,2.409,1983.69
2025-04-19 11:55:00+09:00,2.409,2.41,2.407,2.408,852.96
2025-04-19 12:00:00+09:00,2.408,2.412,2.404,2.411,2347.32
2025-04-19 12:05:00+09:00,2.41,2.415,2.41,2.414,1290.5
2025-04-19 12:10:00+09:00,2.416,2.42,2.412,2.414,18207.62
2025-04-19 12:15:00+09:00,2.415,2.423,2.415,2.421,8074.4
2025-04-19 12:20:00+09:00,2.421,2.427,2.42,2.42,8461.49
2025-04-19 12:25:00+09:00,2.42,2.422,2.418,2.422,8533.46
2025-04-19 12:30:00+09:00,2.423,2.428,2.423,2.424,4734.66
2025-04-19 12:35:00+09:00,2.424,2.427,2.423,2.423,1444.57
2025-04-19 12:40:00+09:00,2.423,2.423,2.417,2.417,892.95
2025-04-19 12:45:00+09:00,2.417,2.422,2.417,2.421,659.0
2025-04-19 12:50:00+09:00,2.421,2.421,2.417,2.417,1133.34
2025-04-19 12:55:00+09:00,2.417,2.42,2.417,2.418,2218.57
2025-04-19 13:00:00+09:00,2.42,2.422,2.415,2.416,7223.03
2025-04-19 13:05:00+09:00,2.417,2.417,2.414,2.415,968.01
2025-04-19 13:10:00+09:00,2.416,2.419,2.415,2.415,2627.36
2025-04-19 13:15:00+09:00,2.415,2.416,2.412,2.414,941.66
2025-04-19 13:20:00+09:00,2.413,2.413,2.41,2.41,3803.3
2025-04-19 13:25:00+09:00,2.41,2.42,2.41,2.42,8569.88
2025-04-19 13:30:00+09:00,2.421,2.423,2.416,2.416,1917.23
2025-04-19 13:35:00+09:00,2.417,2.422,2.417,2.422,3364.71
2025-04-19 13:40:00+09:00,2.422,2.427,2.422,2.427,4026.21
2025-04-19 13:45:00+09:00,2.426,2.426,2.418,2.421,924.96
2025-04-19 13:50:00+09:00,2.421,2.422,2.414,2.414,2994.41
2025-04-19 13:55:00+09:00,2.415,2.417,2.415,2.417,831.95
2025-04-19 14:00:00+09:00,2.417,2.421,2.412,2.42,22843.94
2025-04-19 14:05:00+09:00,2.419,2.419,2.412,2.413,7965.62
2025-04-19 14:10:00+09:00,2.412,2.412,2.407,2.408,4729.31
2025-04-19 14:15:00+09:00,2.408,2.409,2.404,2.406,5014.64
2025-04-19 14:20:00+09:00,2.407,2.41,2.407,2.41,1893.34
2025-04-19 14:25:00+09:00,2.41,2.413,2.41,2.412,1248.67
2025-04-19 14:30:00+09:00,2.413,2.414,2.407,2.407,2063.45
2025-04-19 14:35:00+09:00,2.408,2.408,2.404,2.405,1229.14
2025-04-19 14:40:00+09:00,2.403,2.406,2.402,2.404,2611.01
2025-04-19 14:45:00+09:00,2.404,2.407,2.404,2.405,4410.18
2025-04-19 14:50:00+09:00,2.406,2.406,2.402,2.403,3479.59
2025-04-19 14:55:00+09:00,2.404,2.404,2.402,2.403,1290.56
2025-04-19 15:00:00+09:00,2.403,2.404,2.4,2.4,936.24
2025-04-19 15:05:00+09:00,2.399,2.403,2.398,2.403,3651.53
2025-04-19 15:10:00+09:00,2.403,2.403,2.4,2.402,5375.18
2025-04-19 15:15:00+09:00,2.402,2.404,2.398,2.404,4444.96
2025-04-19 15:20:00+09:00,2.404,2.409,2.404,2.408,4152.55
2025-04-19 15:25:00+09:00,2.409,2.409,2.406,2.406,283.17
2025-04-19 15:30:00+09:00,2.406,2.407,2.403,2.403,618.63
2025-04-19 15:35:00+09:00,2.403,2.404,2.401,2.401,468.25
2025-04-19 15:40:00+09:00,2.4,2.404,2.4,2.403,2481.28
2025-04-19 15:45:00+09:00,2.403,2.405,2.401,2.403,3117.85
2025-04-19 15:50:00+09:00,2.403,2.409,2.403,2.407,798.41
2025-04-19 15:55:00+09:00,2.408,2.409,2.406,2.406,2071.82
2025-04-19 16:00:00+09:00,2.407,2.413,2.407,2.413,2015.46
2025-04-19 16:05:00+09:00,2.414,2.414,2.411,2.411,1822.66
2025-04-19 16:10:00+09:00,2.41,2.413,2.409,2.413,2640.51
2025-04-19 16:15:00+09:00,2.413,2.416,2.413,2.416,3528.36
2025-04-19 16:20:00+09:00,2.415,2.422,2.414,2.421,15620.28
2025-04-19 16:25:00+09:00,2.42,2.426,2.42,2.423,17225.78
2025-04-19 16:30:00+09:00,2.423,2.426,2.423,2.426,4907.9
2025-04-19 16:35:00+09:00,2.426,2.431,2.424,2.431,9916.21
2025-04-19 16:40:00+09:00,2.43,2.432,2.427,2.428,2660.26
2025-04-19 16:45:00+09:00,2.428,2.43,2.424,2.425,14740.69
2025-04-19 16:50:00+09:00,2.424,2.426,2.423,2.425,3974.84
2025-04-19 16:55:00+09:00,2.424,2.425,2.422,2.424,1648.16
2025-04-19 17:00:00+09:00,2.424,2.428,2.419,2.421,18142.08
2025-04-19 17:05:00+09:00,2.422,2.422,2.418,2.419,3838.87
2025-04-19 17:10:00+09:00,2.418,2.419,2.409,2.409,6798.0
2025-04-19 17:15:00+09:00,2.411,2.411,2.402,2.404,4820.48
2025-04-19 17:20:00+09:00,2.404,2.405,2.398,2.401,7927.82
2025-04-19 17:25:00+09:00,2.399,2.406,2.395,2.396,51700.98
2025-04-19 17:30:00+09:00,2.397,2.407,2.391,2.391,62758.69
2025-04-19 17:35:00+09:00,2.392,2.396,2.389,2.396,12333.57
2025-04-19 17:40:00+09:00,2.397,2.4,2.39,2.39,66172.24
2025-04-19 17:45:00+09:00,2.391,2.396,2.391,2.391,16445.6
2025-04-19 17:50:00+09:00,2.392,2.393,2.385,2.387,8597.54
2025-04-19 17:55:00+09:00,2.388,2.389,2.385,2.386,5934.21
2025-04-19 18:00:00+09:00,2.385,2.388,2.384,2.386,13451.06
2025-04-19 18:05:00+09:00,2.386,2.388,2.385,2.387,8161.28
2025-04-19 18:10:00+09:00,2.387,2.39,2.385,2.385,3684.53
2025-04-19 18:15:00+09:00,2.386,2.386,2.375,2.375,16574.85
2025-04-19 18:20:00+09:00,2.376,2.378,2.357,2.362,179767.99
2025-04-19 18:25:00+09:00,2.362,2.363,2.349,2.357,57213.29
2025-04-19 18:30:00+09:00,2.357,2.357,2.346,2.353,32503.13
2025-04-19 18:35:00+09:00,2.354,2.389,2.35,2.379,158712.37
2025-04-19 18:40:00+09:00,2.379,2.389,2.378,2.383,15702.76
2025-04-19 18:45:00+09:00,2.383,2.388,2.379,2.387,17784.76
2025-04-19 18:50:00+09:00,2.386,2.386,2.379,2.38,16818.64
2025-04-19 18:55:00+09:00,2.38,2.381,2.376,2.379,3870.75
2025-04-19 19:00:00+09:00,2.377,2.377,2.373,2.376,5116.43
2025-04-19 19:05:00+09:00,2.377,2.384,2.377,2.383,2365.04
2025-04-19 19:10:00+09:00,2.384,2.39,2.384,2.388,6381.72
2025-04-19 19:15:00+09:00,2.387,2.39,2.382,2.388,5391.62
2025-04-19 19:20:00+09:00,2.387,2.389,2.381,2.381,2786.43
2025-04-19 19:25:00+09:00,2.381,2.384,2.379,2.384,14643.92
2025-04-19 19:30:00+09:00,2.382,2.383,2.375,2.377,3505.19
2025-04-19 19:35:00+09:00,2.377,2.381,2.377,2.381,1474.87
2025-04-19 19:40:00+09:00,2.381,2.382,2.378,2.381,793.64
2025-04-19 19:45:00+09:00,2.382,2.382,2.379,2.379,3477.72
2025-04-19 19:50:00+09:00,2.378,2.378,2.372,2.374,21292.07
2025-04-19 19:55:00+09:00,2.374,2.38,2.374,2.38,13287.28
2025-04-19 20:00:00+09:00,2.38,2.383,2.38,2.383,2957.41
2025-04-19 20:05:00+09:00,2.382,2.389,2.38,2.383,11805.46
2025-04-19 20:10:00+09:00,2.384,2.387,2.383,2.385,5894.63
2025-04-19 20:15:00+09:00,2.384,2.386,2.384,2.386,617.21
2025-04-19 20:20:00+09:00,2.385,2.385,2.383,2.384,2130.69
2025-04-19 20:25:00+09:00,2.384,2.387,2.382,2.387,1669.77
2025-04-19 20:30:00+09:00,2.387,2.391,2.386,2.391,6696.74
2025-04-19 20:35:00+09:00,2.391,2.392,2.385,2.386,3568.3
2025-04-19 20:40:00+09:00,2.387,2.388,2.385,2.387,1840.49
2025-04-19 20:45:00+09:00,2.385,2.387,2.382,2.387,13899.33
2025-04-19 20:50:00+09:00,2.387,2.388,2.384,2.384,2404.91
2025-04-19 20:55:00+09:00,2.386,2.389,2.384,2.388,7283.25
2025-04-19 21:00:00+09:00,2.389,2.392,2.382,2.382,4842.93
2025-04-19 21:05:00+09:00,2.383,2.389,2.383,2.389,2199.16
2025-04-19 21:10:00+09:00,2.39,2.39,2.383,2.384,2030.12
2025-04-19 21:15:00+09:00,2.384,2.387,2.384,2.385,1181.63
2025-04-19 21:20:00+09:00,2.384,2.384,2.377,2.378,22166.44
2025-04-19 21:25:00+09:00,2.378,2.379,2.373,2.379,8530.72
2025-04-19 21:30:00+09:00,2.379,2.38,2.378,2.379,743.34
2025-04-19 21:35:00+09:00,2.379,2.379,2.377,2.378,1888.77
2025-04-19 21:40:00+09:00,2.377,2.379,2.375,2.375,1179.4
2025-04-19 21:45:00+09:00,2.375,2.375,2.368,2.372,13157.22
2025-04-19 21:50:00+09:00,2.372,2.375,2.372,2.375,1296.25
2025-04-19 21:55:00+09:00,2.375,2.381,2.375,2.38,4784.9
2025-04-19 22:00:00+09:00,2.38,2.38,2.375,2.379,2601.19
2025-04-19 22:05:00+09:00,2.38,2.383,2.378,2.383,7294.72
2025-04-19 22:10:00+09:00,2.384,2.387,2.384,2.386,7120.76
2025-04-19 22:15:00+09:00,2.385,2.385,2.381,2.383,4207.75
2025-04-19 22:20:00+09:00,2.384,2.39,2.383,2.388,11168.35
2025-04-19 22:25:00+09:00,2.389,2.391,2.387,2.387,5253.78
2025-04-19 22:30:00+09:00,2.388,2.392,2.388,2.389,4429.14
2025-04-19 22:35:00+09:00,2.389,2.393,2.389,2.393,2460.17
2025-04-19 22:40:00+09:00,2.394,2.396,2.392,2.392,2575.28
2025-04-19 22:45:00+09:00,2.391,2.392,2.389,2.392,1283.05
2025-04-19 22:50:00+09:00,2.391,2.398,2.389,2.394,12031.34
2025-04-19 22:55:00+09:00,2.395,2.395,2.392,2.392,725.19
2025-04-19 23:00:00+09:00,2.392,2.393,2.383,2.384,16156.22
2025-04-19 23:05:00+09:00,2.384,2.395,2.384,2.392,5389.01
2025-04-19 23:10:00+09:00,2.392,2.393,2.388,2.388,5256.9
2025-04-19 23:15:00+09:00,2.388,2.394,2.387,2.393,11694.08
2025-04-19 23:20:00+09:00,2.393,2.393,2.386,2.388,8686.74
2025-04-19 23:25:00+09:00,2.389,2.391,2.388,2.39,6934.34
2025-04-19 23:30:00+09:00,2.391,2.394,2.39,2.391,2022.19
2025-04-19 23:35:00+09:00,2.391,2.393,2.389,2.389,3377.33
2025-04-19 23:40:00+09:00,2.39,2.396,2.389,2.396,4255.83
2025-04-19 23:45:00+09:00,2.396,2.397,2.391,2.396,7298.42
2025-04-19 23:50:00+09:00,2.397,2.398,2.395,2.396,3677.88
2025-04-19 23:55:00+09:00,2.396,2.398,2.396,2.397,2181.62
2025-04-20 00:00:00+09:00,2.398,2.401,2.396,2.399,6654.23
2025-04-20 00:05:00+09:00,2.4,2.404,2.4,2.403,3900.74
2025-04-20 00:10:00+09:00,2.404,2.409,2.403,2.408,8942.33
2025-04-20 00:15:00+09:00,2.408,2.411,2.405,2.411,8638.35
2025-04-20 00:20:00+09:00,2.412,2.419,2.411,2.417,4618.36
2025-04-20 00:25:00+09:00,2.417,2.421,2.416,2.42,4998.39
2025-04-20 00:30:00+09:00,2.42,2.423,2.412,2.414,19240.31
2025-04-20 00:35:00+09:00,2.414,2.418,2.407,2.414,164252.9
2025-04-20 00:40:00+09:00,2.413,2.416,2.41,2.415,7295.44
2025-04-20 00:45:00+09:00,2.415,2.415,2.402,2.412,22957.41
2025-04-20 00:50:00+09:00,2.412,2.412,2.407,2.407,8546.99
2025-04-20 00:55:00+09:00,2.408,2.414,2.408,2.413,2188.56
2025-04-20 01:00:00+09:00,2.412,2.423,2.412,2.422,4406.17
2025-04-20 01:05:00+09:00,2.422,2.428,2.422,2.427,9187.86
2025-04-20 01:10:00+09:00,2.426,2.426,2.419,2.422,8644.33
2025-04-20 01:15:00+09:00,2.421,2.423,2.418,2.42,2106.48
2025-04-20 01:20:00+09:00,2.421,2.426,2.42,2.425,39101.51
2025-04-20 01:25:00+09:00,2.425,2.426,2.416,2.416,7456.34
2025-04-20 01:30:00+09:00,2.416,2.416,2.407,2.409,8144.72
2025-04-20 01:35:00+09:00,2.409,2.412,2.406,2.41,2920.73
2025-04-20 01:40:00+09:00,2.41,2.412,2.409,2.409,4541.87
2025-04-20 01:45:00+09:00,2.41,2.411,2.397,2.397,8185.99
2025-04-20 01:50:00+09:00,2.399,2.417,2.399,2.415,97405.71
2025-04-20 01:55:00+09:00,2.415,2.42,2.415,2.419,6706.69
2025-04-20 02:00:00+09:00,2.42,2.431,2.419,2.431,7147.53
2025-04-20 02:05:00+09:00,2.431,2.438,2.427,2.427,23380.19
2025-04-20 02:10:00+09:00,2.427,2.427,2.416,2.418,45652.23
2025-04-20 02:15:00+09:00,2.418,2.422,2.417,2.422,8014.37
2025-04-20 02:20:00+09:00,2.423,2.427,2.42,2.425,8613.88
2025-04-20 02:25:00+09:00,2.426,2.427,2.424,2.426,474.05
2025-04-20 02:30:00+09:00,2.426,2.428,2.42,2.428,9859.3
2025-04-20 02:35:00+09:00,2.429,2.455,2.428,2.448,42390.3
2025-04-20 02:40:00+09:00,2.449,2.458,2.448,2.452,8938.52
2025-04-20 02:45:00+09:00,2.451,2.461,2.448,2.45,30611.65
2025-04-20 02:50:00+09:00,2.45,2.451,2.443,2.444,10112.26
2025-04-20 02:55:00+09:00,2.444,2.452,2.444,2.45,30089.05
2025-04-20 03:00:00+09:00,2.451,2.47,2.451,2.469,23733.63
2025-04-20 03:05:00+09:00,2.469,2.475,2.466,2.471,26198.95
2025-04-20 03:10:00+09:00,2.472,2.474,2.451,2.452,274036.4
2025-04-20 03:15:00+09:00,2.452,2.457,2.444,2.456,55984.24
2025-04-20 03:20:00+09:00,2.455,2.456,2.452,2.453,8230.96
2025-04-20 03:25:00+09:00,2.453,2.46,2.452,2.46,9074.83
2025-04-20 03:30:00+09:00,2.46,2.47,2.459,2.47,27268.04
2025-04-20 03:35:00+09:00,2.469,2.47,2.457,2.462,84510.32
2025-04-20 03:40:00+09:00,2.461,2.463,2.452,2.452,6801.29
2025-04-20 03:45:00+09:00,2.452,2.452,2.442,2.443,13899.22
2025-04-20 03:50:00+09:00,2.443,2.448,2.442,2.447,4638.09
2025-04-20 03:55:00+09:00,2.447,2.45,2.447,2.448,1225.49
2025-04-20 04:00:00+09:00,2.448,2.449,2.437,2.445,16371.18
2025-04-20 04:05:00+09:00,2.444,2.448,2.44,2.448,17906.83
2025-04-20 04:10:00+09:00,2.447,2.45,2.441,2.443,2642.92
2025-04-20 04:15:00+09:00,2.441,2.441,2.438,2.439,1589.89
2025-04-20 04:20:00+09:00,2.439,2.441,2.437,2.44,1837.2
2025-04-20 04:25:00+09:00,2.44,2.444,2.437,2.442,8874.01
2025-04-20 04:30:00+09:00,2.441,2.445,2.439,2.444,5871.71
2025-04-20 04:35:00+09:00,2.444,2.444,2.438,2.439,3095.18
2025-04-20 04:40:00+09:00,2.44,2.445,2.44,2.444,3381.23
2025-04-20 04:45:00+09:00,2.445,2.445,2.442,2.442,1324.71
2025-04-20 04:50:00+09:00,2.442,2.443,2.438,2.438,948.57
2025-04-20 04:55:00+09:00,2.439,2.442,2.439,2.442,4593.93
2025-04-20 05:00:00+09:00,2.443,2.446,2.436,2.438,10414.83
2025-04-20 05:05:00+09:00,2.439,2.445,2.439,2.443,1652.39
2025-04-20 05:10:00+09:00,2.442,2.442,2.432,2.436,20414.58
2025-04-20 05:15:00+09:00,2.436,2.442,2.434,2.44,2796.98
2025-04-20 05:20:00+09:00,2.441,2.447,2.44,2.443,11528.19
2025-04-20 05:25:00+09:00,2.442,2.447,2.441,2.446,1948.71
2025-04-20 05:30:00+09:00,2.446,2.447,2.444,2.444,4261.1
2025-04-20 05:35:00+09:00,2.443,2.446,2.44,2.443,7778.28
2025-04-20 05:40:00+09:00,2.443,2.451,2.443,2.451,2192.45
2025-04-20 05:45:00+09:00,2.45,2.453,2.447,2.453,10182.71
2025-04-20 05:50:00+09:00,2.451,2.457,2.45,2.456,8949.87
2025-04-20 05:55:00+09:00,2.455,2.458,2.452,2.452,8404.97
2025-04-20 06:00:00+09:00,2.454,2.457,2.452,2.456,7819.52
2025-04-20 06:05:00+09:00,2.456,2.461,2.454,2.454,29509.44
2025-04-20 06:10:00+09:00,2.454,2.466,2.454,2.461,7146.48
2025-04-20 06:15:00+09:00,2.463,2.467,2.462,2.462,4911.33
2025-04-20 06:20:00+09:00,2.462,2.468,2.462,2.465,5803.86
2025-04-20 06:25:00+09:00,2.464,2.464,2.461,2.462,5955.26
2025-04-20 06:30:00+09:00,2.461,2.469,2.458,2.467,22618.81
2025-04-20 06:35:00+09:00,2.468,2.469,2.461,2.461,6723.6
2025-04-20 06:40:00+09:00,2.461,2.463,2.457,2.46,13011.4
2025-04-20 06:45:00+09:00,2.459,2.47,2.458,2.469,12700.77
2025-04-20 06:50:00+09:00,2.468,2.471,2.467,2.47,4165.27
2025-04-20 06:55:00+09:00,2.47,2.471,2.469,2.471,2945.92
2025-04-20 07:00:00+09:00,2.471,2.48,2.47,2.475,10564.29
2025-04-20 07:05:00+09:00,2.475,2.491,2.475,2.483,19082.8
2025-04-20 07:10:00+09:00,2.483,2.498,2.482,2.492,38240.69
2025-04-20 07:15:00+09:00,2.491,2.491,2.481,2.487,5785.8
2025-04-20 07:20:00+09:00,2.487,2.487,2.483,2.483,5841.38
2025-04-20 07:25:00+09:00,2.485,2.489,2.485,2.489,1707.73
2025-04-20 07:30:00+09:00,2.489,2.492,2.487,2.491,4954.1
2025-04-20 07:35:00+09:00,2.491,2.494,2.486,2.491,4837.71
2025-04-20 07:40:00+09:00,2.491,2.499,2.491,2.496,4872.91
2025-04-20 07:45:00+09:00,2.496,2.498,2.487,2.487,13611.54
2025-04-20 07:50:00+09:00,2.487,2.494,2.487,2.494,10377.42
2025-04-20 07:55:00+09:00,2.494,2.497,2.491,2.494,3732.1
2025-04-20 08:00:00+09:00,2.495,2.496,2.492,2.493,1392.2
2025-04-20 08:05:00+09:00,2.492,2.493,2.486,2.486,4884.35
2025-04-20 08:10:00+09:00,2.486,2.486,2.477,2.48,31792.08
2025-04-20 08:15:00+09:00,2.479,2.483,2.476,2.483,5205.31
2025-04-20 08:20:00+09:00,2.485,2.486,2.481,2.481,1114.37
2025-04-20 08:25:00+09:00,2.482,2.488,2.482,2.488,18191.21
2025-04-20 08:30:00+09:00,2.488,2.49,2.485,2.486,2849.49
2025-04-20 08:35:00+09:00,2.484,2.49,2.483,2.486,7314.05
2025-04-20 08:40:00+09:00,2.486,2.492,2.486,2.489,4571.74
2025-04-20 08:45:00+09:00,2.489,2.489,2.483,2.483,9088.6
2025-04-20 08:50:00+09:00,2.483,2.486,2.48,2.486,4812.18
2025-04-20 08:55:00+09:00,2.485,2.486,2.48,2.481,21763.66
2025-04-20 09:00:00+09:00,2.481,2.485,2.475,2.475,7269.13
2025-04-20 09:05:00+09:00,2.475,2.48,2.474,2.479,3808.9
2025-04-20 09:10:00+09:00,2.478,2.488,2.475,2.485,17280.19
2025-04-20 09:15:00+09:00,2.486,2.496,2.486,2.492,13422.2
2025-04-20 09:20:00+09:00,2.491,2.496,2.489,2.495,2846.72
2025-04-20 09:25:00+09:00,2.494,2.494,2.489,2.494,609.93
2025-04-20 09:30:00+09:00,2.494,2.497,2.488,2.491,7252.94
2025-04-20 09:35:00+09:00,2.491,2.495,2.489,2.493,10511.16
2025-04-20 09:40:00+09:00,2.494,2.496,2.485,2.485,5629.83
2025-04-20 09:45:00+09:00,2.485,2.485,2.481,2.481,8428.77
2025-04-20 09:50:00+09:00,2.481,2.484,2.481,2.484,2089.86
2025-04-20 09:55:00+09:00,2.484,2.488,2.484,2.488,3426.64
2025-04-20 10:00:00+09:00,2.489,2.498,2.489,2.497,9545.58
2025-04-20 10:05:00+09:00,2.497,2.506,2.497,2.506,5219.16
2025-04-20 10:10:00+09:00,2.506,2.509,2.501,2.507,14109.92
2025-04-20 10:15:00+09:00,2.507,2.511,2.506,2.508,10074.23
2025-04-20 10:20:00+09:00,2.508,2.511,2.507,2.508,2901.25
2025-04-20 10:25:00+09:00,2.509,2.511,2.506,2.507,15642.54
2025-04-20 10:30:00+09:00,2.507,2.508,2.501,2.508,4859.63
2025-04-20 10:35:00+09:00,2.508,2.512,2.508,2.51,1517.0
2025-04-20 10:40:00+09:00,2.511,2.514,2.507,2.509,1402.64
2025-04-20 10:45:00+09:00,2.51,2.513,2.509,2.513,2720.09
2025-04-20 10:50:00+09:00,2.513,2.523,2.513,2.518,14822.06
2025-04-20 10:55:00+09:00,2.518,2.523,2.518,2.523,4213.45
2025-04-20 11:00:00+09:00,2.524,2.526,2.517,2.52,8362.85
2025-04-20 11:05:00+09:00,2.521,2.523,2.519,2.52,5451.77
2025-04-20 11:10:00+09:00,2.52,2.521,2.512,2.514,2861.71
2025-04-20 11:15:00+09:00,2.514,2.515,2.507,2.512,4228.63
2025-04-20 11:20:00+09:00,2.51,2.513,2.508,2.509,2003.16
2025-04-20 11:25:00+09:00,2.51,2.514,2.51,2.514,1031.12
2025-04-20 11:30:00+09:00,2.514,2.518,2.514,2.516,3441.2
2025-04-20 11:35:00+09:00,2.515,2.522,2.515,2.522,3530.98
2025-04-20 11:40:00+09:00,2.522,2.522,2.516,2.517,6264.6
2025-04-20 11:45:00+09:00,2.517,2.518,2.515,2.517,7649.08
2025-04-20 11:50:00+09:00,2.517,2.521,2.517,2.517,4227.28
2025-04-20 11:55:00+09:00,2.517,2.518,2.507,2.508,16039.32
2025-04-20 12:00:00+09:00,2.509,2.511,2.507,2.51,4676.94
2025-04-20 12:05:00+09:00,2.509,2.51,2.506,2.507,7559.54
2025-04-20 12:10:00+09:00,2.509,2.514,2.509,2.513,470.76
2025-04-20 12:15:00+09:00,2.514,2.518,2.514,2.517,4153.83
2025-04-20 12:20:00+09:00,2.518,2.519,2.516,2.518,2780.83
2025-04-20 12:25:00+09:00,2.519,2.521,2.517,2.517,8277.96
2025-04-20 12:30:00+09:00,2.518,2.521,2.504,2.509,5683.12
2025-04-20 12:35:00+09:00,2.51,2.51,2.507,2.507,4874.97
2025-04-20 12:40:00+09:00,2.507,2.509,2.507,2.508,2479.08
2025-04-20 12:45:00+09:00,2.508,2.514,2.508,2.511,1811.1
2025-04-20 12:50:00+09:00,2.512,2.52,2.511,2.519,4785.26
2025-04-20 12:55:00+09:00,2.519,2.523,2.518,2.52,623.89
2025-04-20 13:00:00+09:00,2.52,2.521,2.515,2.515,2421.26
2025-04-20 13:05:00+09:00,2.516,2.523,2.516,2.52,2866.33
2025-04-20 13:10:00+09:00,2.521,2.525,2.521,2.522,5559.44
2025-04-20 13:15:00+09:00,2.523,2.523,2.517,2.521,2966.0
2025-04-20 13:20:00+09:00,2.521,2.534,2.521,2.533,6934.18
2025-04-20 13:25:00+09:00,2.532,2.533,2.53,2.533,2893.33
2025-04-20 13:30:00+09:00,2.533,2.535,2.53,2.534,6446.65
2025-04-20 13:35:00+09:00,2.533,2.537,2.533,2.536,4520.1
2025-04-20 13:40:00+09:00,2.535,2.536,2.533,2.533,8648.66
2025-04-20 13:45:00+09:00,2.535,2.54,2.535,2.539,10698.92
2025-04-20 13:50:00+09:00,2.538,2.539,2.534,2.538,5098.83
2025-04-20 13:55:00+09:00,2.538,2.541,2.537,2.538,3125.06
2025-04-20 14:00:00+09:00,2.537,2.538,2.534,2.537,1964.55
2025-04-20 14:05:00+09:00,2.537,2.543,2.535,2.543,1631.42
2025-04-20 14:10:00+09:00,2.544,2.544,2.537,2.538,13054.87
2025-04-20 14:15:00+09:00,2.537,2.545,2.537,2.542,5191.59
2025-04-20 14:20:00+09:00,2.541,2.542,2.536,2.538,2545.33
2025-04-20 14:25:00+09:00,2.536,2.536,2.531,2.533,3000.64
2025-04-20 14:30:00+09:00,2.532,2.532,2.527,2.529,8086.28
2025-04-20 14:35:00+09:00,2.527,2.527,2.518,2.519,6545.53
2025-04-20 14:40:00+09:00,2.518,2.519,2.514,2.516,22062.32
2025-04-20 14:45:00+09:00,2.517,2.518,2.514,2.518,5779.9
2025-04-20 14:50:00+09:00,2.519,2.52,2.509,2.51,8190.85
2025-04-20 14:55:00+09:00,2.511,2.514,2.51,2.51,5432.33
2025-04-20 15:00:00+09:00,2.509,2.516,2.508,2.513,18419.47
2025-04-20 15:05:00+09:00,2.513,2.514,2.508,2.51,1814.59
2025-04-20 15:10:00+09:00,2.51,2.515,2.51,2.515,5116.84
2025-04-20 15:15:00+09:00,2.514,2.514,2.509,2.514,5006.59
2025-04-20 15:20:00+09:00,2.514,2.514,2.508,2.508,3470.79
2025-04-20 15:25:00+09:00,2.509,2.51,2.508,2.508,4938.52
2025-04-20 15:30:00+09:00,2.508,2.513,2.508,2.51,8390.08
2025-04-20 15:35:00+09:00,2.51,2.517,2.509,2.516,3909.88
2025-04-20 15:40:00+09:00,2.515,2.515,2.496,2.498,10118.13
2025-04-20 15:45:00+09:00,2.497,2.497,2.489,2.494,10845.22
2025-04-20 15:50:00+09:00,2.495,2.497,2.493,2.497,5315.55
2025-04-20 15:55:00+09:00,2.499,2.5,2.497,2.497,967.94
2025-04-20 16:00:00+09:00,2.498,2.5,2.492,2.492,2246.2
2025-04-20 16:05:00+09:00,2.491,2.494,2.489,2.492,11722.15
2025-04-20 16:10:00+09:00,2.492,2.492,2.484,2.489,24518.65
2025-04-20 16:15:00+09:00,2.489,2.49,2.476,2.479,19828.75
2025-04-20 16:20:00+09:00,2.478,2.484,2.473,2.481,13007.37
2025-04-20 16:25:00+09:00,2.482,2.486,2.479,2.484,11452.12
2025-04-20 16:30:00+09:00,2.484,2.491,2.484,2.486,15810.14
2025-04-20 16:35:00+09:00,2.486,2.488,2.479,2.481,27432.48
2025-04-20 16:40:00+09:00,2.481,2.482,2.477,2.479,18498.08
2025-04-20 16:45:00+09:00,2.479,2.482,2.475,2.481,20444.34
2025-04-20 16:50:00+09:00,2.481,2.482,2.477,2.48,4169.71
2025-04-20 16:55:00+09:00,2.48,2.481,2.479,2.48,2387.86
2025-04-20 17:00:00+09:00,2.48,2.482,2.476,2.476,4085.89
2025-04-20 17:05:00+09:00,2.476,2.477,2.467,2.472,16376.86
2025-04-20 17:10:00+09:00,2.473,2.484,2.473,2.484,8602.33
2025-04-20 17:15:00+09:00,2.485,2.486,2.482,2.482,2057.63
2025-04-20 17:20:00+09:00,2.483,2.485,2.482,2.484,2658.69
2025-04-20 17:25:00+09:00,2.485,2.485,2.479,2.48,3920.74
2025-04-20 17:30:00+09:00,2.48,2.48,2.469,2.469,4841.1
2025-04-20 17:35:00+09:00,2.468,2.47,2.463,2.467,10479.36
2025-04-20 17:40:00+09:00,2.467,2.468,2.465,2.466,9952.8
2025-04-20 17:45:00+09:00,2.465,2.466,2.461,2.464,4373.2
2025-04-20 17:50:00+09:00,2.463,2.465,2.455,2.455,15740.58
2025-04-20 17:55:00+09:00,2.455,2.463,2.455,2.46,7020.25
2025-04-20 18:00:00+09:00,2.46,2.462,2.458,2.462,4704.85
2025-04-20 18:05:00+09:00,2.461,2.469,2.461,2.469,6751.41
2025-04-20 18:10:00+09:00,2.469,2.469,2.467,2.467,6970.11
2025-04-20 18:15:00+09:00,2.466,2.466,2.461,2.464,4929.57
2025-04-20 18:20:00+09:00,2.465,2.47,2.465,2.469,3818.0
2025-04-20 18:25:00+09:00,2.468,2.468,2.463,2.463,1400.53
2025-04-20 18:30:00+09:00,2.463,2.467,2.462,2.465,3926.92
2025-04-20 18:35:00+09:00,2.464,2.468,2.464,2.467,3594.04
2025-04-20 18:40:00+09:00,2.467,2.469,2.464,2.466,4790.78
2025-04-20 18:45:00+09:00,2.466,2.468,2.459,2.461,5161.26
2025-04-20 18:50:00+09:00,2.46,2.481,2.46,2.479,196181.85
2025-04-20 18:55:00+09:00,2.48,2.484,2.479,2.484,2915.72
2025-04-20 19:00:00+09:00,2.483,2.488,2.481,2.485,13748.44
2025-04-20 19:05:00+09:00,2.485,2.486,2.475,2.485,10450.53
2025-04-20 19:10:00+09:00,2.485,2.49,2.485,2.486,3359.35
2025-04-20 19:15:00+09:00,2.486,2.488,2.481,2.481,4753.62
2025-04-20 19:20:00+09:00,2.481,2.486,2.48,2.485,1665.82
2025-04-20 19:25:00+09:00,2.485,2.488,2.48,2.481,6487.16
2025-04-20 19:30:00+09:00,2.479,2.49,2.479,2.482,21393.87
2025-04-20 19:35:00+09:00,2.482,2.485,2.473,2.474,24190.5
2025-04-20 19:40:00+09:00,2.475,2.477,2.464,2.468,20008.5
2025-04-20 19:45:00+09:00,2.468,2.468,2.458,2.465,11696.26
2025-04-20 19:50:00+09:00,2.464,2.465,2.446,2.447,29576.27
2025-04-20 19:55:00+09:00,2.448,2.457,2.445,2.455,53022.92
2025-04-20 20:00:00+09:00,2.453,2.461,2.453,2.461,5977.98
2025-04-20 20:05:00+09:00,2.46,2.46,2.454,2.454,11063.55
2025-04-20 20:10:00+09:00,2.454,2.461,2.444,2.46,22569.39
2025-04-20 20:15:00+09:00,2.46,2.461,2.455,2.459,14917.29
2025-04-20 20:20:00+09:00,2.458,2.459,2.446,2.447,7085.33
2025-04-20 20:25:00+09:00,2.446,2.448,2.439,2.446,19661.25
2025-04-20 20:30:00+09:00,2.447,2.448,2.437,2.448,13996.23
2025-04-20 20:35:00+09:00,2.448,2.451,2.443,2.443,7528.46
2025-04-20 20:40:00+09:00,2.443,2.445,2.44,2.442,3916.05
2025-04-20 20:45:00+09:00,2.442,2.443,2.436,2.441,8516.54
2025-04-20 20:50:00+09:00,2.441,2.447,2.441,2.445,3434.74
2025-04-20 20:55:00+09:00,2.447,2.454,2.447,2.453,2119.75
2025-04-20 21:00:00+09:00,2.451,2.456,2.451,2.455,5336.83
2025-04-20 21:05:00+09:00,2.455,2.466,2.455,2.46,7732.14
2025-04-20 21:10:00+09:00,2.459,2.464,2.458,2.464,3075.43
2025-04-20 21:15:00+09:00,2.464,2.466,2.462,2.464,4110.45
2025-04-20 21:20:00+09:00,2.464,2.468,2.462,2.466,6292.43
2025-04-20 21:25:00+09:00,2.466,2.469,2.464,2.467,2584.51
2025-04-20 21:30:00+09:00,2.466,2.47,2.463,2.469,3903.1
2025-04-20 21:35:00+09:00,2.469,2.47,2.465,2.465,3660.22
2025-04-20 21:40:00+09:00,2.464,2.466,2.463,2.465,1296.29
2025-04-20 21:45:00+09:00,2.465,2.468,2.46,2.461,9430.72
2025-04-20 21:50:00+09:00,2.46,2.46,2.457,2.458,3113.61
2025-04-20 21:55:00+09:00,2.459,2.46,2.457,2.459,6839.35
2025-04-20 22:00:00+09:00,2.458,2.46,2.454,2.458,4518.29
2025-04-20 22:05:00+09:00,2.457,2.457,2.45,2.45,18825.3
2025-04-20 22:10:00+09:00,2.451,2.451,2.443,2.444,10821.39
2025-04-20 22:15:00+09:00,2.443,2.447,2.442,2.444,3338.5
2025-04-20 22:20:00+09:00,2.445,2.451,2.445,2.451,5496.98
2025-04-20 22:25:00+09:00,2.451,2.454,2.451,2.454,11970.8
2025-04-20 22:30:00+09:00,2.453,2.454,2.451,2.452,6484.78
2025-04-20 22:35:00+09:00,2.453,2.464,2.453,2.464,1984.29
2025-04-20 22:40:00+09:00,2.464,2.467,2.464,2.465,2996.39
2025-04-20 22:45:00+09:00,2.465,2.465,2.46,2.46,1174.64
2025-04-20 22:50:00+09:00,2.459,2.459,2.455,2.457,3382.89
2025-04-20 22:55:00+09:00,2.458,2.462,2.458,2.46,743.07
2025-04-20 23:00:00+09:00,2.46,2.46,2.454,2.454,3951.06
2025-04-20 23:05:00+09:00,2.455,2.462,2.455,2.458,2046.49
2025-04-20 23:10:00+09:00,2.458,2.47,2.455,2.463,13064.42
2025-04-20 23:15:00+09:00,2.462,2.463,2.456,2.461,12018.73
2025-04-20 23:20:00+09:00,2.46,2.467,2.46,2.463,10305.29
2025-04-20 23:25:00+09:00,2.463,2.467,2.461,2.465,1492.66
2025-04-20 23:30:00+09:00,2.465,2.473,2.465,2.473,8488.6
2025-04-20 23:35:00+09:00,2.472,2.478,2.47,2.475,6408.04
2025-04-20 23:40:00+09:00,2.476,2.481,2.473,2.473,9797.46
2025-04-20 23:45:00+09:00,2.475,2.477,2.472,2.476,7246.54
2025-04-20 23:50:00+09:00,2.474,2.479,2.473,2.477,8444.7
2025-04-20 23:55:00+09:00,2.478,2.48,2.474,2.477,14673.76
2025-04-21 00:00:00+09:00,2.476,2.482,2.475,2.482,2268.16
2025-04-21 00:05:00+09:00,2.481,2.481,2.47,2.47,5653.08
2025-04-21 00:10:00+09:00,2.47,2.47,2.466,2.468,10930.37
2025-04-21 00:15:00+09:00,2.469,2.469,2.46,2.461,4103.9
2025-04-21 00:20:00+09:00,2.46,2.464,2.451,2.454,31977.9
2025-04-21 00:25:00+09:00,2.453,2.453,2.434,2.441,29011.29
2025-04-21 00:30:00+09:00,2.44,2.447,2.439,2.447,6440.35
2025-04-21 00:35:00+09:00,2.449,2.453,2.446,2.45,21904.87
2025-04-21 00:40:00+09:00,2.449,2.45,2.444,2.45,3536.05
2025-04-21 00:45:00+09:00,2.45,2.45,2.437,2.442,7733.32
2025-04-21 00:50:00+09:00,2.44,2.44,2.433,2.434,6785.56
2025-04-21 00:55:00+09:00,2.435,2.444,2.435,2.438,22208.31
2025-04-21 01:00:00+09:00,2.439,2.442,2.436,2.441,12699.7
2025-04-21 01:05:00+09:00,2.442,2.459,2.442,2.457,12108.65
2025-04-21 01:10:00+09:00,2.456,2.46,2.453,2.46,10507.18
2025-04-21 01:15:00+09:00,2.459,2.467,2.459,2.467,23460.46
2025-04-21 01:20:00+09:00,2.467,2.481,2.466,2.476,16436.79
2025-04-21 01:25:00+09:00,2.476,2.476,2.469,2.469,2312.42
2025-04-21 01:30:00+09:00,2.468,2.471,2.464,2.47,3756.18
2025-04-21 01:35:00+09:00,2.471,2.473,2.467,2.467,1722.5
2025-04-21 01:40:00+09:00,2.468,2.472,2.464,2.469,20831.98
2025-04-21 01:45:00+09:00,2.469,2.475,2.467,2.475,4383.69
2025-04-21 01:50:00+09:00,2.476,2.476,2.471,2.471,7011.35
2025-04-21 01:55:00+09:00,2.472,2.477,2.471,2.477,3897.85
2025-04-21 02:00:00+09:00,2.477,2.478,2.469,2.469,5832.86
2025-04-21 02:05:00+09:00,2.468,2.472,2.464,2.467,10301.69
2025-04-21 02:10:00+09:00,2.467,2.471,2.464,2.464,13249.87
2025-04-21 02:15:00+09:00,2.464,2.467,2.463,2.467,14692.95
2025-04-21 02:20:00+09:00,2.467,2.47,2.464,2.464,4893.83
2025-04-21 02:25:00+09:00,2.463,2.465,2.46,2.464,7072.12
2025-04-21 02:30:00+09:00,2.463,2.466,2.46,2.464,10937.31
2025-04-21 02:35:00+09:00,2.463,2.464,2.456,2.457,1731.09
2025-04-21 02:40:00+09:00,2.457,2.465,2.457,2.464,4906.38
2025-04-21 02:45:00+09:00,2.465,2.473,2.464,2.472,21541.84
2025-04-21 02:50:00+09:00,2.472,2.472,2.468,2.47,1779.99
2025-04-21 02:55:00+09:00,2.47,2.47,2.467,2.469,3687.67
2025-04-21 03:00:00+09:00,2.469,2.469,2.463,2.463,4244.01
2025-04-21 03:05:00+09:00,2.462,2.468,2.461,2.464,4611.94
2025-04-21 03:10:00+09:00,2.464,2.468,2.459,2.467,22515.24
2025-04-21 03:15:00+09:00,2.465,2.468,2.463,2.465,10493.22
2025-04-21 03:20:00+09:00,2.466,2.469,2.463,2.463,3802.66
2025-04-21 03:25:00+09:00,2.465,2.466,2.463,2.463,794.18
2025-04-21 03:30:00+09:00,2.463,2.464,2.458,2.458,6690.19
2025-04-21 03:35:00+09:00,2.457,2.457,2.452,2.454,4880.72
2025-04-21 03:40:00+09:00,2.454,2.456,2.451,2.456,1726.72
2025-04-21 03:45:00+09:00,2.457,2.457,2.451,2.454,11115.87
2025-04-21 03:50:00+09:00,2.456,2.459,2.454,2.455,11438.67
2025-04-21 03:55:00+09:00,2.456,2.456,2.452,2.455,520.24
2025-04-21 04:00:00+09:00,2.455,2.455,2.451,2.454,19281.74
2025-04-21 04:05:00+09:00,2.454,2.455,2.452,2.452,2095.46
2025-04-21 04:10:00+09:00,2.453,2.454,2.451,2.452,2041.82
2025-04-21 04:15:00+09:00,2.453,2.463,2.453,2.463,1224.55
2025-04-21 04:20:00+09:00,2.463,2.463,2.459,2.46,1743.24
2025-04-21 04:25:00+09:00,2.46,2.46,2.456,2.457,1855.61
2025-04-21 04:30:00+09:00,2.458,2.464,2.458,2.463,1167.52
2025-04-21 04:35:00+09:00,2.463,2.465,2.46,2.46,3388.8
2025-04-21 04:40:00+09:00,2.46,2.466,2.46,2.466,823.81
2025-04-21 04:45:00+09:00,2.467,2.469,2.465,2.469,5852.76
2025-04-21 04:50:00+09:00,2.469,2.477,2.469,2.475,15840.81
2025-04-21 04:55:00+09:00,2.475,2.481,2.475,2.481,4819.93
2025-04-21 05:00:00+09:00,2.481,2.49,2.478,2.489,12498.64
2025-04-21 05:05:00+09:00,2.488,2.498,2.487,2.498,8451.3
2025-04-21 05:10:00+09:00,2.498,2.499,2.491,2.498,12660.23
2025-04-21 05:15:00+09:00,2.498,2.513,2.496,2.511,21727.04
2025-04-21 05:20:00+09:00,2.511,2.513,2.502,2.502,12569.46
2025-04-21 05:25:00+09:00,2.503,2.509,2.496,2.507,8999.64
2025-04-21 05:30:00+09:00,2.508,2.509,2.498,2.5,12698.08
2025-04-21 05:35:00+09:00,2.501,2.503,2.498,2.502,2119.87
2025-04-21 05:40:00+09:00,2.501,2.508,2.499,2.506,7540.12
2025-04-21 05:45:00+09:00,2.506,2.508,2.498,2.499,15166.35
2025-04-21 05:50:00+09:00,2.499,2.501,2.492,2.494,9756.22
2025-04-21 05:55:00+09:00,2.494,2.498,2.491,2.497,2823.4
2025-04-21 06:00:00+09:00,2.498,2.5,2.49,2.492,16867.94
2025-04-21 06:05:00+09:00,2.491,2.494,2.489,2.489,9699.53
2025-04-21 06:10:00+09:00,2.489,2.489,2.486,2.486,4473.41
2025-04-21 06:15:00+09:00,2.485,2.495,2.482,2.491,22287.92
2025-04-21 06:20:00+09:00,2.49,2.495,2.49,2.491,5599.19
2025-04-21 06:25:00+09:00,2.491,2.494,2.489,2.494,21410.79
2025-04-21 06:30:00+09:00,2.494,2.504,2.493,2.504,4359.49
2025-04-21 06:35:00+09:00,2.505,2.51,2.503,2.506,3353.03
2025-04-21 06:40:00+09:00,2.506,2.508,2.503,2.507,2782.47
2025-04-21 06:45:00+09:00,2.507,2.51,2.507,2.51,831.15
2025-04-21 06:50:00+09:00,2.508,2.514,2.508,2.512,2135.58
2025-04-21 06:55:00+09:00,2.512,2.514,2.501,2.505,9021.35
2025-04-21 07:00:00+09:00,2.504,2.505,2.496,2.502,1967.74
2025-04-21 07:05:00+09:00,2.501,2.502,2.495,2.495,4711.25
2025-04-21 07:10:00+09:00,2.495,2.503,2.495,2.499,11254.9
2025-04-21 07:15:00+09:00,2.498,2.499,2.49,2.491,4751.93
2025-04-21 07:20:00+09:00,2.49,2.49,2.475,2.475,36343.64
2025-04-21 07:25:00+09:00,2.474,2.484,2.473,2.484,9959.0
2025-04-21 07:30:00+09:00,2.484,2.494,2.483,2.493,6960.9
2025-04-21 07:35:00+09:00,2.493,2.493,2.49,2.493,3145.03
2025-04-21 07:40:00+09:00,2.492,2.501,2.492,2.496,2148.35
2025-04-21 07:45:00+09:00,2.495,2.496,2.492,2.496,2166.13
2025-04-21 07:50:00+09:00,2.495,2.497,2.495,2.496,2346.68
2025-04-21 07:55:00+09:00,2.496,2.497,2.493,2.495,274.07
2025-04-21 08:00:00+09:00,2.496,2.511,2.496,2.51,11143.06
2025-04-21 08:05:00+09:00,2.51,2.516,2.509,2.515,9154.43
2025-04-21 08:10:00+09:00,2.516,2.524,2.514,2.524,9840.51
2025-04-21 08:15:00+09:00,2.524,2.53,2.521,2.523,11005.37
2025-04-21 08:20:00+09:00,2.524,2.527,2.516,2.518,8372.96
2025-04-21 08:25:00+09:00,2.517,2.517,2.513,2.513,4104.24
2025-04-21 08:30:00+09:00,2.512,2.517,2.511,2.516,5485.34
2025-04-21 08:35:00+09:00,2.516,2.519,2.513,2.513,1939.93
2025-04-21 08:40:00+09:00,2.513,2.521,2.512,2.521,1728.51
2025-04-21 08:45:00+09:00,2.52,2.528,2.52,2.528,3471.03
2025-04-21 08:50:00+09:00,2.529,2.531,2.527,2.531,3659.43
2025-04-21 08:55:00+09:00,2.532,2.533,2.531,2.532,5053.98
2025-04-21 09:00:00+09:00,2.533,2.534,2.521,2.527,6440.83
2025-04-21 09:05:00+09:00,2.527,2.531,2.523,2.528,13577.5
2025-04-21 09:10:00+09:00,2.529,2.532,2.524,2.525,8047.22
2025-04-21 09:15:00+09:00,2.525,2.535,2.524,2.535,10020.95
2025-04-21 09:20:00+09:00,2.535,2.538,2.533,2.534,4956.6
2025-04-21 09:25:00+09:00,2.533,2.562,2.533,2.557,37192.77
2025-04-21 09:30:00+09:00,2.558,2.591,2.558,2.59,82342.11
2025-04-21 09:35:00+09:00,2.589,2.591,2.557,2.564,36075.29
2025-04-21 09:40:00+09:00,2.563,2.577,2.562,2.571,203652.57
2025-04-21 09:45:00+09:00,2.572,2.583,2.568,2.572,22382.19
2025-04-21 09:50:00+09:00,2.573,2.575,2.561,2.563,20239.8
2025-04-21 09:55:00+09:00,2.564,2.564,2.548,2.554,7626.09
2025-04-21 10:00:00+09:00,2.554,2.566,2.554,2.559,16579.37
2025-04-21 10:05:00+09:00,2.56,2.563,2.553,2.554,12181.17
2025-04-21 10:10:00+09:00,2.553,2.555,2.545,2.549,19493.01
2025-04-21 10:15:00+09:00,2.55,2.558,2.548,2.553,12248.66
2025-04-21 10:20:00+09:00,2.554,2.556,2.549,2.553,5810.94
2025-04-21 10:25:00+09:00,2.552,2.556,2.55,2.554,10126.6
2025-04-21 10:30:00+09:00,2.554,2.557,2.551,2.553,5870.11
2025-04-21 10:35:00+09:00,2.552,2.558,2.551,2.551,6510.5
2025-04-21 10:40:00+09:00,2.551,2.555,2.547,2.55,24803.19
2025-04-21 10:45:00+09:00,2.551,2.567,2.549,2.567,15344.68
2025-04-21 10:50:00+09:00,2.567,2.571,2.558,2.558,15361.24
2025-04-21 10:55:00+09:00,2.559,2.565,2.559,2.562,3642.38
2025-04-21 11:00:00+09:00,2.563,2.567,2.548,2.55,5055.83
2025-04-21 11:05:00+09:00,2.551,2.564,2.551,2.556,7032.2
2025-04-21 11:10:00+09:00,2.557,2.557,2.551,2.552,1647.55
2025-04-21 11:15:00+09:00,2.554,2.555,2.547,2.554,3944.09
2025-04-21 11:20:00+09:00,2.553,2.559,2.552,2.557,16436.4
2025-04-21 11:25:00+09:00,2.556,2.565,2.555,2.562,7066.7
2025-04-21 11:30:00+09:00,2.563,2.578,2.563,2.566,8455.63
2025-04-21 11:35:00+09:00,2.566,2.567,2.556,2.56,14812.63
2025-04-21 11:40:00+09:00,2.56,2.562,2.551,2.558,23802.48
2025-04-21 11:45:00+09:00,2.559,2.562,2.557,2.559,8923.81
2025-04-21 11:50:00+09:00,2.56,2.568,2.56,2.562,9181.09
2025-04-21 11:55:00+09:00,2.562,2.562,2.553,2.553,5913.4
2025-04-21 12:00:00+09:00,2.554,2.558,2.55,2.555,26495.41
2025-04-21 12:05:00+09:00,2.554,2.554,2.54,2.541,15547.63
2025-04-21 12:10:00+09:00,2.54,2.542,2.536,2.537,23124.68
2025-04-21 12:15:00+09:00,2.537,2.541,2.536,2.541,22485.25
2025-04-21 12:20:00+09:00,2.541,2.541,2.529,2.534,22094.71
2025-04-21 12:25:00+09:00,2.535,2.535,2.529,2.529,14337.92
2025-04-21 12:30:00+09:00,2.53,2.535,2.53,2.532,23694.43
2025-04-21 12:35:00+09:00,2.532,2.54,2.532,2.54,27803.08
2025-04-21 12:40:00+09:00,2.539,2.545,2.539,2.54,3733.73
2025-04-21 12:45:00+09:00,2.54,2.547,2.539,2.539,11712.39
2025-04-21 12:50:00+09:00,2.538,2.54,2.537,2.54,1661.79
2025-04-21 12:55:00+09:00,2.54,2.542,2.537,2.541,24309.02
2025-04-21 13:00:00+09:00,2.541,2.548,2.54,2.54,25376.89
2025-04-21 13:05:00+09:00,2.539,2.539,2.534,2.537,11367.79
2025-04-21 13:10:00+09:00,2.537,2.537,2.533,2.537,10910.4
2025-04-21 13:15:00+09:00,2.536,2.536,2.527,2.532,4042.06
2025-04-21 13:20:00+09:00,2.533,2.539,2.533,2.539,2386.09
2025-04-21 13:25:00+09:00,2.539,2.539,2.537,2.538,3743.2
2025-04-21 13:30:00+09:00,2.537,2.542,2.533,2.542,5021.48
2025-04-21 13:35:00+09:00,2.543,2.549,2.542,2.545,4531.93
2025-04-21 13:40:00+09:00,2.545,2.55,2.543,2.549,5370.42
2025-04-21 13:45:00+09:00,2.549,2.558,2.548,2.556,6725.12
2025-04-21 13:50:00+09:00,2.556,2.563,2.555,2.563,6571.24
2025-04-21 13:55:00+09:00,2.562,2.564,2.558,2.558,6377.26
2025-04-21 14:00:00+09:00,2.558,2.562,2.557,2.56,5371.19
2025-04-21 14:05:00+09:00,2.559,2.56,2.555,2.557,3698.57
2025-04-21 14:10:00+09:00,2.558,2.56,2.556,2.559,1388.84
2025-04-21 14:15:00+09:00,2.558,2.564,2.557,2.562,12523.24
2025-04-21 14:20:00+09:00,2.561,2.561,2.554,2.557,11143.01
2025-04-21 14:25:00+09:00,2.557,2.56,2.553,2.559,5083.56
2025-04-21 14:30:00+09:00,2.559,2.564,2.559,2.564,34658.64
2025-04-21 14:35:00+09:00,2.564,2.564,2.562,2.562,3084.32
2025-04-21 14:40:00+09:00,2.564,2.565,2.563,2.563,2537.24
2025-04-21 14:45:00+09:00,2.564,2.578,2.564,2.575,15329.77
2025-04-21 14:50:00+09:00,2.577,2.583,2.573,2.573,21158.25
2025-04-21 14:55:00+09:00,2.574,2.575,2.57,2.571,16128.03
2025-04-21 15:00:00+09:00,2.572,2.574,2.567,2.568,3520.03
2025-04-21 15:05:00+09:00,2.566,2.576,2.564,2.574,5860.03
2025-04-21 15:10:00+09:00,2.575,2.577,2.573,2.574,10642.26
2025-04-21 15:15:00+09:00,2.574,2.586,2.574,2.585,8275.29
2025-04-21 15:20:00+09:00,2.585,2.585,2.578,2.579,11480.71
2025-04-21 15:25:00+09:00,2.579,2.58,2.575,2.578,14286.23
2025-04-21 15:30:00+09:00,2.579,2.581,2.573,2.577,12158.47
2025-04-21 15:35:00+09:00,2.577,2.577,2.571,2.575,6302.42
2025-04-21 15:40:00+09:00,2.576,2.583,2.576,2.583,2953.47
2025-04-21 15:45:00+09:00,2.584,2.592,2.583,2.587,8308.37
2025-04-21 15:50:00+09:00,2.586,2.587,2.584,2.585,2423.54
2025-04-21 15:55:00+09:00,2.585,2.589,2.583,2.588,3281.14
2025-04-21 16:00:00+09:00,2.589,2.593,2.584,2.589,9003.42
2025-04-21 16:05:00+09:00,2.589,2.591,2.579,2.582,21502.38
2025-04-21 16:10:00+09:00,2.581,2.583,2.576,2.582,7643.02
2025-04-21 16:15:00+09:00,2.582,2.586,2.578,2.585,10073.3
2025-04-21 16:20:00+09:00,2.585,2.593,2.584,2.592,3298.19
2025-04-21 16:25:00+09:00,2.592,2.593,2.583,2.586,5730.98
2025-04-21 16:30:00+09:00,2.587,2.596,2.585,2.59,9094.27
2025-04-21 16:35:00+09:00,2.59,2.601,2.59,2.601,38780.2
2025-04-21 16:40:00+09:00,2.6,2.6,2.594,2.596,11638.1
2025-04-21 16:45:00+09:00,2.597,2.6,2.596,2.598,3454.09
2025-04-21 16:50:00+09:00,2.598,2.602,2.597,2.599,5113.99
2025-04-21 16:55:00+09:00,2.599,2.606,2.596,2.606,17746.87
2025-04-21 17:00:00+09:00,2.606,2.613,2.6,2.61,9632.54
2025-04-21 17:05:00+09:00,2.609,2.612,2.604,2.606,4048.25
2025-04-21 17:10:00+09:00,2.605,2.606,2.595,2.598,34023.77
2025-04-21 17:15:00+09:00,2.599,2.603,2.593,2.6,21076.16
2025-04-21 17:20:00+09:00,2.599,2.606,2.599,2.605,3290.11
2025-04-21 17:25:00+09:00,2.606,2.607,2.603,2.606,6644.99
2025-04-21 17:30:00+09:00,2.606,2.619,2.606,2.611,22857.05
2025-04-21 17:35:00+09:00,2.612,2.629,2.612,2.628,22912.37
2025-04-21 17:40:00+09:00,2.627,2.632,2.619,2.621,20224.57
2025-04-21 17:45:00+09:00,2.62,2.626,2.614,2.625,11271.52
2025-04-21 17:50:00+09:00,2.625,2.628,2.62,2.623,5483.39
2025-04-21 17:55:00+09:00,2.622,2.625,2.619,2.625,10290.68
2025-04-21 18:00:00+09:00,2.625,2.626,2.622,2.622,5842.09
2025-04-21 18:05:00+09:00,2.621,2.63,2.621,2.628,9448.45
2025-04-21 18:10:00+09:00,2.629,2.629,2.617,2.617,13748.34
2025-04-21 18:15:00+09:00,2.619,2.62,2.608,2.613,6121.27
2025-04-21 18:20:00+09:00,2.611,2.619,2.61,2.618,11857.54
2025-04-21 18:25:00+09:00,2.618,2.63,2.617,2.624,82432.65
2025-04-21 18:30:00+09:00,2.624,2.624,2.609,2.611,13623.35
2025-04-21 18:35:00+09:00,2.611,2.613,2.601,2.604,12638.47
2025-04-21 18:40:00+09:00,2.604,2.606,2.596,2.6,7472.49
2025-04-21 18:45:00+09:00,2.601,2.607,2.601,2.604,4721.73
2025-04-21 18:50:00+09:00,2.603,2.606,2.601,2.605,4671.71
2025-04-21 18:55:00+09:00,2.604,2.604,2.601,2.604,4783.29
2025-04-21 19:00:00+09:00,2.605,2.61,2.603,2.604,8197.51
2025-04-21 19:05:00+09:00,2.604,2.605,2.603,2.604,13054.0
2025-04-21 19:10:00+09:00,2.603,2.612,2.602,2.612,3622.53
2025-04-21 19:15:00+09:00,2.613,2.616,2.609,2.609,7563.14
2025-04-21 19:20:00+09:00,2.609,2.613,2.604,2.604,6353.08
2025-04-21 19:25:00+09:00,2.604,2.605,2.601,2.602,9185.42
2025-04-21 19:30:00+09:00,2.603,2.603,2.595,2.596,13557.88
2025-04-21 19:35:00+09:00,2.596,2.607,2.596,2.607,13967.55
2025-04-21 19:40:00+09:00,2.608,2.61,2.606,2.608,3374.2
2025-04-21 19:45:00+09:00,2.607,2.612,2.604,2.612,10942.96
2025-04-21 19:50:00+09:00,2.613,2.619,2.612,2.616,5178.43
2025-04-21 19:55:00+09:00,2.617,2.618,2.612,2.612,2162.94
2025-04-21 20:00:00+09:00,2.613,2.619,2.611,2.614,1480.9
2025-04-21 20:05:00+09:00,2.613,2.614,2.608,2.608,9464.96
2025-04-21 20:10:00+09:00,2.608,2.611,2.607,2.608,16473.64
2025-04-21 20:15:00+09:00,2.607,2.608,2.589,2.594,28815.08
2025-04-21 20:20:00+09:00,2.594,2.6,2.591,2.594,15105.02
2025-04-21 20:25:00+09:00,2.593,2.612,2.59,2.61,23483.28
2025-04-21 20:30:00+09:00,2.611,2.611,2.6,2.605,7947.06
2025-04-21 20:35:00+09:00,2.605,2.609,2.6,2.601,4312.08
2025-04-21 20:40:00+09:00,2.601,2.603,2.599,2.603,7105.55
2025-04-21 20:45:00+09:00,2.603,2.61,2.603,2.609,2660.89
2025-04-21 20:50:00+09:00,2.61,2.612,2.605,2.61,7430.84
2025-04-21 20:55:00+09:00,2.61,2.612,2.608,2.61,4163.3
2025-04-21 21:00:00+09:00,2.61,2.62,2.61,2.611,64342.49
2025-04-21 21:05:00+09:00,2.611,2.611,2.605,2.61,13331.54
2025-04-21 21:10:00+09:00,2.611,2.621,2.609,2.621,7231.01
2025-04-21 21:15:00+09:00,2.621,2.622,2.611,2.616,11676.75
2025-04-21 21:20:00+09:00,2.616,2.618,2.612,2.612,22099.17
2025-04-21 21:25:00+09:00,2.613,2.619,2.613,2.617,8410.96
2025-04-21 21:30:00+09:00,2.617,2.621,2.615,2.616,4125.73
2025-04-21 21:35:00+09:00,2.617,2.622,2.616,2.619,5158.48
2025-04-21 21:40:00+09:00,2.618,2.618,2.607,2.608,5328.3
2025-04-21 21:45:00+09:00,2.607,2.611,2.603,2.605,8725.36
2025-04-21 21:50:00+09:00,2.605,2.607,2.6,2.601,8651.54
2025-04-21 21:55:00+09:00,2.601,2.601,2.587,2.591,37821.26
2025-04-21 22:00:00+09:00,2.591,2.598,2.591,2.598,12692.33
2025-04-21 22:05:00+09:00,2.599,2.608,2.598,2.6,11919.98
2025-04-21 22:10:00+09:00,2.599,2.61,2.599,2.608,14156.71
2025-04-21 22:15:00+09:00,2.608,2.612,2.602,2.602,11916.8
2025-04-21 22:20:00+09:00,2.603,2.612,2.6,2.612,9336.72
2025-04-21 22:25:00+09:00,2.613,2.614,2.608,2.611,25516.68
2025-04-21 22:30:00+09:00,2.612,2.615,2.603,2.608,15832.88
2025-04-21 22:35:00+09:00,2.604,2.612,2.595,2.611,17319.9
2025-04-21 22:40:00+09:00,2.61,2.611,2.597,2.6,2570.69
2025-04-21 22:45:00+09:00,2.599,2.601,2.592,2.6,17385.54
2025-04-21 22:50:00+09:00,2.6,2.607,2.597,2.598,8380.78
2025-04-21 22:55:00+09:00,2.598,2.598,2.586,2.587,14041.49
2025-04-21 23:00:00+09:00,2.586,2.599,2.582,2.594,15817.21
2025-04-21 23:05:00+09:00,2.595,2.597,2.59,2.594,12991.18
2025-04-21 23:10:00+09:00,2.593,2.601,2.593,2.597,10736.87
2025-04-21 23:15:00+09:00,2.598,2.603,2.59,2.602,11259.35
2025-04-21 23:20:00+09:00,2.603,2.622,2.601,2.611,56590.62
2025-04-21 23:25:00+09:00,2.612,2.622,2.611,2.618,18092.85
2025-04-21 23:30:00+09:00,2.618,2.622,2.607,2.619,25771.51
2025-04-21 23:35:00+09:00,2.619,2.625,2.614,2.624,22942.01
2025-04-21 23:40:00+09:00,2.624,2.629,2.614,2.614,10228.42
2025-04-21 23:45:00+09:00,2.616,2.622,2.596,2.596,15146.93
2025-04-21 23:50:00+09:00,2.597,2.615,2.596,2.613,21203.09
2025-04-21 23:55:00+09:00,2.612,2.618,2.609,2.617,6520.53
2025-04-22 00:00:00+09:00,2.616,2.618,2.612,2.617,8810.37
2025-04-22 00:05:00+09:00,2.618,2.618,2.606,2.618,9137.1
2025-04-22 00:10:00+09:00,2.618,2.619,2.603,2.605,16143.81
2025-04-22 00:15:00+09:00,2.604,2.614,2.603,2.613,8076.17
2025-04-22 00:20:00+09:00,2.613,2.613,2.604,2.607,21171.25
2025-04-22 00:25:00+09:00,2.608,2.615,2.607,2.612,3985.23
2025-04-22 00:30:00+09:00,2.612,2.613,2.605,2.607,9705.38
2025-04-22 00:35:00+09:00,2.607,2.613,2.605,2.613,8355.05
2025-04-22 00:40:00+09:00,2.613,2.613,2.594,2.596,12923.68
2025-04-22 00:45:00+09:00,2.597,2.6,2.588,2.598,27435.25
2025-04-22 00:50:00+09:00,2.598,2.6,2.594,2.6,5841.43
2025-04-22 00:55:00+09:00,2.6,2.606,2.596,2.606,10974.48
2025-04-22 01:00:00+09:00,2.607,2.61,2.593,2.595,11285.16
2025-04-22 01:05:00+09:00,2.595,2.599,2.587,2.599,7617.45
2025-04-22 01:10:00+09:00,2.599,2.612,2.599,2.609,11372.42
2025-04-22 01:15:00+09:00,2.608,2.609,2.594,2.598,2519.17
2025-04-22 01:20:00+09:00,2.598,2.604,2.593,2.604,3767.37
2025-04-22 01:25:00+09:00,2.604,2.604,2.579,2.585,34950.44
2025-04-22 01:30:00+09:00,2.585,2.591,2.584,2.587,7775.04
2025-04-22 01:35:00+09:00,2.587,2.592,2.585,2.585,6628.82
2025-04-22 01:40:00+09:00,2.586,2.586,2.579,2.579,13390.6
2025-04-22 01:45:00+09:00,2.58,2.58,2.566,2.575,46445.86
2025-04-22 01:50:00+09:00,2.574,2.576,2.558,2.559,19833.08
2025-04-22 01:55:00+09:00,2.558,2.56,2.547,2.558,210745.81
2025-04-22 02:00:00+09:00,2.558,2.558,2.538,2.538,44546.55
2025-04-22 02:05:00+09:00,2.537,2.544,2.52,2.54,58500.67
2025-04-22 02:10:00+09:00,2.539,2.548,2.536,2.544,16259.6
2025-04-22 02:15:00+09:00,2.542,2.553,2.532,2.549,13229.67
2025-04-22 02:20:00+09:00,2.549,2.549,2.535,2.538,15909.14
2025-04-22 02:25:00+09:00,2.539,2.553,2.539,2.546,17222.45
2025-04-22 02:30:00+09:00,2.545,2.554,2.541,2.551,10903.4
2025-04-22 02:35:00+09:00,2.55,2.559,2.542,2.554,5712.39
2025-04-22 02:40:00+09:00,2.555,2.563,2.553,2.557,23639.14
2025-04-22 02:45:00+09:00,2.556,2.561,2.553,2.555,2543.74
2025-04-22 02:50:00+09:00,2.555,2.561,2.554,2.56,8578.02
2025-04-22 02:55:00+09:00,2.56,2.56,2.552,2.559,6851.14
2025-04-22 03:00:00+09:00,2.558,2.564,2.548,2.557,12125.64
2025-04-22 03:05:00+09:00,2.56,2.562,2.549,2.555,11610.68
2025-04-22 03:10:00+09:00,2.555,2.557,2.548,2.548,9845.96
2025-04-22 03:15:00+09:00,2.548,2.552,2.545,2.547,37224.89
2025-04-22 03:20:00+09:00,2.546,2.547,2.536,2.537,28053.22
2025-04-22 03:25:00+09:00,2.536,2.537,2.528,2.53,45506.42
2025-04-22 03:30:00+09:00,2.53,2.536,2.523,2.531,38654.61
2025-04-22 03:35:00+09:00,2.53,2.541,2.53,2.533,29116.12
2025-04-22 03:40:00+09:00,2.533,2.533,2.524,2.531,19565.5
2025-04-22 03:45:00+09:00,2.532,2.538,2.532,2.538,13167.81
2025-04-22 03:50:00+09:00,2.537,2.544,2.536,2.543,8471.45
2025-04-22 03:55:00+09:00,2.544,2.544,2.536,2.54,6192.49
2025-04-22 04:00:00+09:00,2.538,2.547,2.533,2.546,12506.55
2025-04-22 04:05:00+09:00,2.547,2.553,2.547,2.551,9596.73
2025-04-22 04:10:00+09:00,2.552,2.56,2.552,2.559,13052.76
2025-04-22 04:15:00+09:00,2.559,2.563,2.556,2.563,11150.5
2025-04-22 04:20:00+09:00,2.564,2.572,2.563,2.572,16489.08
2025-04-22 04:25:00+09:00,2.572,2.573,2.566,2.57,9273.42
2025-04-22 04:30:00+09:00,2.571,2.573,2.566,2.569,2656.17
2025-04-22 04:35:00+09:00,2.57,2.576,2.568,2.574,6425.48
2025-04-22 04:40:00+09:00,2.575,2.575,2.57,2.572,2121.16
2025-04-22 04:45:00+09:00,2.572,2.573,2.561,2.561,7607.06
2025-04-22 04:50:00+09:00,2.561,2.576,2.56,2.576,12751.61
2025-04-22 04:55:00+09:00,2.577,2.581,2.565,2.57,62824.66
2025-04-22 05:00:00+09:00,2.569,2.57,2.562,2.562,6834.43
2025-04-22 05:05:00+09:00,2.564,2.57,2.562,2.564,2867.12
2025-04-22 05:10:00+09:00,2.565,2.571,2.564,2.571,49053.14
2025-04-22 05:15:00+09:00,2.572,2.575,2.563,2.563,21855.4
2025-04-22 05:20:00+09:00,2.564,2.569,2.564,2.566,25882.38
2025-04-22 05:25:00+09:00,2.565,2.565,2.557,2.557,21079.95
2025-04-22 05:30:00+09:00,2.557,2.561,2.555,2.56,11883.07
2025-04-22 05:35:00+09:00,2.56,2.562,2.558,2.561,6536.28
2025-04-22 05:40:00+09:00,2.562,2.564,2.559,2.563,13636.25
2025-04-22 05:45:00+09:00,2.562,2.565,2.56,2.56,6642.18
2025-04-22 05:50:00+09:00,2.559,2.562,2.558,2.559,1739.78
2025-04-22 05:55:00+09:00,2.558,2.559,2.555,2.559,17460.46
2025-04-22 06:00:00+09:00,2.559,2.56,2.551,2.553,1757.52
2025-04-22 06:05:00+09:00,2.553,2.561,2.553,2.561,4059.87
2025-04-22 06:10:00+09:00,2.561,2.569,2.56,2.564,9070.04
2025-04-22 06:15:00+09:00,2.564,2.565,2.552,2.554,2156.24
2025-04-22 06:20:00+09:00,2.554,2.554,2.549,2.549,6763.76
2025-04-22 06:25:00+09:00,2.548,2.558,2.547,2.551,10999.4
2025-04-22 06:30:00+09:00,2.553,2.555,2.548,2.555,4452.02
2025-04-22 06:35:00+09:00,2.556,2.562,2.556,2.56,3697.91
2025-04-22 06:40:00+09:00,2.56,2.56,2.556,2.558,8749.9
2025-04-22 06:45:00+09:00,2.558,2.565,2.558,2.565,7350.37
2025-04-22 06:50:00+09:00,2.564,2.574,2.564,2.568,23232.05
2025-04-22 06:55:00+09:00,2.568,2.573,2.563,2.563,8883.39
2025-04-22 07:00:00+09:00,2.563,2.568,2.561,2.564,8976.37
2025-04-22 07:05:00+09:00,2.564,2.566,2.56,2.562,3680.39
2025-04-22 07:10:00+09:00,2.563,2.564,2.559,2.563,8912.88
2025-04-22 07:15:00+09:00,2.563,2.563,2.554,2.556,10942.2
2025-04-22 07:20:00+09:00,2.557,2.565,2.557,2.565,7636.67
2025-04-22 07:25:00+09:00,2.566,2.569,2.564,2.568,8336.25
2025-04-22 07:30:00+09:00,2.568,2.575,2.568,2.575,9449.95
2025-04-22 07:35:00+09:00,2.576,2.583,2.575,2.579,16406.69
2025-04-22 07:40:00+09:00,2.581,2.583,2.58,2.581,10658.33
2025-04-22 07:45:00+09:00,2.58,2.581,2.574,2.575,4107.28
2025-04-22 07:50:00+09:00,2.575,2.576,2.566,2.567,9411.78
2025-04-22 07:55:00+09:00,2.567,2.568,2.563,2.564,7827.8
2025-04-22 08:00:00+09:00,2.565,2.565,2.551,2.551,5283.33
2025-04-22 08:05:00+09:00,2.552,2.553,2.544,2.549,12385.95
2025-04-22 08:10:00+09:00,2.549,2.557,2.549,2.553,2034.72
2025-04-22 08:15:00+09:00,2.553,2.553,2.549,2.55,1478.04
2025-04-22 08:20:00+09:00,2.549,2.553,2.548,2.553,2596.23
2025-04-22 08:25:00+09:00,2.553,2.553,2.551,2.553,3579.1
2025-04-22 08:30:00+09:00,2.553,2.559,2.553,2.553,25428.01
2025-04-22 08:35:00+09:00,2.552,2.558,2.551,2.558,1229.48
2025-04-22 08:40:00+09:00,2.558,2.558,2.551,2.557,23456.6
2025-04-22 08:45:00+09:00,2.555,2.561,2.549,2.561,5133.41
2025-04-22 08:50:00+09:00,2.561,2.565,2.56,2.565,4282.85
2025-04-22 08:55:00+09:00,2.566,2.567,2.563,2.563,4953.34
2025-04-22 09:00:00+09:00,2.563,2.566,2.554,2.554,6941.99
2025-04-22 09:05:00+09:00,2.554,2.559,2.55,2.55,2832.68
2025-04-22 09:10:00+09:00,2.549,2.553,2.544,2.547,6417.85
2025-04-22 09:15:00+09:00,2.547,2.555,2.547,2.555,4525.71
2025-04-22 09:20:00+09:00,2.556,2.563,2.555,2.561,1613.75
2025-04-22 09:25:00+09:00,2.561,2.565,2.558,2.559,14639.39
2025-04-22 09:30:00+09:00,2.558,2.567,2.553,2.553,29281.08
2025-04-22 09:35:00+09:00,2.554,2.555,2.531,2.554,72538.1
2025-04-22 09:40:00+09:00,2.555,2.565,2.551,2.563,26519.03
2025-04-22 09:45:00+09:00,2.563,2.563,2.548,2.557,19442.41
2025-04-22 09:50:00+09:00,2.558,2.561,2.555,2.56,2418.96
2025-04-22 09:55:00+09:00,2.561,2.567,2.557,2.567,13850.28
2025-04-22 10:00:00+09:00,2.565,2.565,2.557,2.561,5497.61
2025-04-22 10:05:00+09:00,2.56,2.575,2.558,2.572,28506.24
2025-04-22 10:10:00+09:00,2.573,2.58,2.571,2.573,22217.75
2025-04-22 10:15:00+09:00,2.573,2.599,2.573,2.595,20636.98
2025-04-22 10:20:00+09:00,2.596,2.605,2.591,2.592,10492.72
2025-04-22 10:25:00+09:00,2.593,2.597,2.588,2.594,790.76
2025-04-22 10:30:00+09:00,2.594,2.62,2.592,2.598,261539.39
2025-04-22 10:35:00+09:00,2.599,2.6,2.592,2.597,13356.57
2025-04-22 10:40:00+09:00,2.598,2.6,2.597,2.597,3945.85
2025-04-22 10:45:00+09:00,2.598,2.599,2.591,2.597,2987.3
2025-04-22 10:50:00+09:00,2.597,2.6,2.594,2.6,3066.31
2025-04-22 10:55:00+09:00,2.599,2.61,2.599,2.608,20179.22
2025-04-22 11:00:00+09:00,2.61,2.615,2.608,2.612,13666.18
2025-04-22 11:05:00+09:00,2.613,2.617,2.608,2.612,16734.58
2025-04-22 11:10:00+09:00,2.612,2.612,2.602,2.606,5449.67
2025-04-22 11:15:00+09:00,2.606,2.61,2.6,2.6,1249.36
2025-04-22 11:20:00+09:00,2.6,2.606,2.6,2.603,1135.52
2025-04-22 11:25:00+09:00,2.603,2.604,2.587,2.596,17972.77
2025-04-22 11:30:00+09:00,2.595,2.6,2.585,2.6,3727.78
2025-04-22 11:35:00+09:00,2.598,2.606,2.591,2.593,5474.73
2025-04-22 11:40:00+09:00,2.592,2.593,2.578,2.582,38263.95
2025-04-22 11:45:00+09:00,2.581,2.592,2.578,2.588,7387.03
2025-04-22 11:50:00+09:00,2.588,2.594,2.587,2.588,2698.85
2025-04-22 11:55:00+09:00,2.588,2.595,2.588,2.595,4061.97
2025-04-22 12:00:00+09:00,2.595,2.595,2.583,2.59,4198.51
2025-04-22 12:05:00+09:00,2.589,2.589,2.577,2.578,20104.9
2025-04-22 12:10:00+09:00,2.579,2.58,2.569,2.579,10027.56
2025-04-22 12:15:00+09:00,2.579,2.586,2.577,2.586,1605.74
2025-04-22 12:20:00+09:00,2.585,2.591,2.585,2.591,2898.72
2025-04-22 12:25:00+09:00,2.591,2.591,2.584,2.587,15603.57
2025-04-22 12:30:00+09:00,2.588,2.59,2.581,2.583,5025.78
2025-04-22 12:35:00+09:00,2.584,2.585,2.581,2.581,4439.45
2025-04-22 12:40:00+09:00,2.581,2.59,2.58,2.59,2550.99
2025-04-22 12:45:00+09:00,2.591,2.593,2.588,2.592,1239.41
2025-04-22 12:50:00+09:00,2.593,2.596,2.589,2.589,3463.0
2025-04-22 12:55:00+09:00,2.589,2.589,2.584,2.587,3951.43
2025-04-22 13:00:00+09:00,2.587,2.588,2.58,2.581,7034.3
2025-04-22 13:05:00+09:00,2.581,2.585,2.579,2.584,13240.57
2025-04-22 13:10:00+09:00,2.585,2.586,2.575,2.576,19645.29
2025-04-22 13:15:00+09:00,2.576,2.577,2.573,2.577,7598.04
2025-04-22 13:20:00+09:00,2.578,2.581,2.577,2.579,16226.23
2025-04-22 13:25:00+09:00,2.58,2.581,2.572,2.573,6711.46
2025-04-22 13:30:00+09:00,2.573,2.573,2.564,2.568,22537.94
2025-04-22 13:35:00+09:00,2.567,2.567,2.561,2.564,20168.84
2025-04-22 13:40:00+09:00,2.564,2.566,2.563,2.563,7861.71
2025-04-22 13:45:00+09:00,2.563,2.563,2.557,2.559,9534.37
2025-04-22 13:50:00+09:00,2.558,2.559,2.553,2.554,12413.86
2025-04-22 13:55:00+09:00,2.554,2.554,2.525,2.532,73811.01
2025-04-22 14:00:00+09:00,2.531,2.533,2.509,2.51,152499.69
2025-04-22 14:05:00+09:00,2.511,2.52,2.509,2.515,15097.44
2025-04-22 14:10:00+09:00,2.516,2.517,2.508,2.509,16379.03
2025-04-22 14:15:00+09:00,2.511,2.516,2.509,2.515,11588.39
2025-04-22 14:20:00+09:00,2.514,2.519,2.512,2.517,56975.49
2025-04-22 14:25:00+09:00,2.516,2.525,2.516,2.525,8654.57
2025-04-22 14:30:00+09:00,2.525,2.525,2.511,2.521,6245.86
2025-04-22 14:35:00+09:00,2.52,2.521,2.515,2.519,4812.36
2025-04-22 14:40:00+09:00,2.518,2.521,2.516,2.518,7970.7
2025-04-22 14:45:00+09:00,2.519,2.523,2.517,2.519,14442.09
2025-04-22 14:50:00+09:00,2.519,2.525,2.516,2.524,11975.69
2025-04-22 14:55:00+09:00,2.524,2.525,2.518,2.519,2341.69
2025-04-22 15:00:00+09:00,2.517,2.518,2.513,2.517,6519.98
2025-04-22 15:05:00+09:00,2.518,2.52,2.51,2.511,16032.31
2025-04-22 15:10:00+09:00,2.511,2.513,2.508,2.511,4914.8
2025-04-22 15:15:00+09:00,2.511,2.511,2.493,2.495,13068.83
2025-04-22 15:20:00+09:00,2.495,2.498,2.49,2.49,8348.64
2025-04-22 15:25:00+09:00,2.489,2.496,2.486,2.486,7864.34
2025-04-22 15:30:00+09:00,2.485,2.494,2.485,2.493,9655.17
2025-04-22 15:35:00+09:00,2.491,2.493,2.478,2.478,8904.28
2025-04-22 15:40:00+09:00,2.478,2.483,2.476,2.482,13076.34
2025-04-22 15:45:00+09:00,2.482,2.496,2.48,2.496,15544.61
2025-04-22 15:50:00+09:00,2.495,2.497,2.491,2.496,5860.83
2025-04-22 15:55:00+09:00,2.496,2.502,2.494,2.501,27112.72
2025-04-22 16:00:00+09:00,2.502,2.504,2.496,2.498,16851.86
2025-04-22 16:05:00+09:00,2.497,2.505,2.497,2.505,2282.29
2025-04-22 16:10:00+09:00,2.506,2.507,2.501,2.504,25971.47
2025-04-22 16:15:00+09:00,2.504,2.511,2.504,2.511,8603.82
2025-04-22 16:20:00+09:00,2.51,2.515,2.509,2.511,3450.57
2025-04-22 16:25:00+09:00,2.512,2.517,2.511,2.517,2748.61
2025-04-22 16:30:00+09:00,2.518,2.551,2.517,2.549,34548.99
2025-04-22 16:35:00+09:00,2.551,2.554,2.536,2.537,6327.2
2025-04-22 16:40:00+09:00,2.537,2.542,2.535,2.542,7986.63
2025-04-22 16:45:00+09:00,2.543,2.554,2.543,2.544,11887.39
2025-04-22 16:50:00+09:00,2.545,2.548,2.542,2.545,18697.53
2025-04-22 16:55:00+09:00,2.546,2.55,2.546,2.546,1589.7
2025-04-22 17:00:00+09:00,2.547,2.552,2.54,2.547,16309.62
2025-04-22 17:05:00+09:00,2.547,2.551,2.541,2.544,2549.04
2025-04-22 17:10:00+09:00,2.543,2.549,2.541,2.542,8677.2
2025-04-22 17:15:00+09:00,2.543,2.558,2.543,2.544,16709.36
2025-04-22 17:20:00+09:00,2.544,2.546,2.536,2.538,6728.47
2025-04-22 17:25:00+09:00,2.539,2.54,2.533,2.533,4006.9
2025-04-22 17:30:00+09:00,2.534,2.54,2.531,2.535,8204.94
2025-04-22 17:35:00+09:00,2.535,2.54,2.535,2.538,4321.36
2025-04-22 17:40:00+09:00,2.538,2.541,2.532,2.532,3347.28
2025-04-22 17:45:00+09:00,2.532,2.539,2.528,2.538,4994.4
2025-04-22 17:50:00+09:00,2.538,2.539,2.531,2.531,1704.3
2025-04-22 17:55:00+09:00,2.532,2.532,2.527,2.528,3197.28
2025-04-22 18:00:00+09:00,2.529,2.529,2.523,2.523,4008.31
2025-04-22 18:05:00+09:00,2.523,2.523,2.518,2.521,3964.35
2025-04-22 18:10:00+09:00,2.521,2.522,2.516,2.517,5504.8
2025-04-22 18:15:00+09:00,2.516,2.516,2.507,2.51,46924.5
2025-04-22 18:20:00+09:00,2.51,2.525,2.509,2.524,24823.23
2025-04-22 18:25:00+09:00,2.523,2.529,2.521,2.525,15659.42
2025-04-22 18:30:00+09:00,2.524,2.525,2.51,2.514,4328.13
2025-04-22 18:35:00+09:00,2.515,2.524,2.515,2.523,4369.82
2025-04-22 18:40:00+09:00,2.523,2.524,2.518,2.52,2377.85
2025-04-22 18:45:00+09:00,2.52,2.521,2.514,2.516,7333.29
2025-04-22 18:50:00+09:00,2.516,2.518,2.51,2.513,24975.72
2025-04-22 18:55:00+09:00,2.513,2.524,2.513,2.524,7258.72
2025-04-22 19:00:00+09:00,2.523,2.527,2.518,2.526,18169.19
2025-04-22 19:05:00+09:00,2.526,2.526,2.522,2.525,11851.03
2025-04-22 19:10:00+09:00,2.526,2.526,2.517,2.518,1709.1
2025-04-22 19:15:00+09:00,2.518,2.518,2.509,2.509,4696.08
2025-04-22 19:20:00+09:00,2.51,2.511,2.503,2.507,19046.19
2025-04-22 19:25:00+09:00,2.508,2.509,2.504,2.509,11133.23
2025-04-22 19:30:00+09:00,2.508,2.512,2.501,2.507,38308.5
2025-04-22 19:35:00+09:00,2.505,2.511,2.505,2.51,5829.8
2025-04-22 19:40:00+09:00,2.509,2.512,2.504,2.509,11980.95
2025-04-22 19:45:00+09:00,2.508,2.532,2.508,2.519,248054.5
2025-04-22 19:50:00+09:00,2.519,2.524,2.515,2.516,28734.01
2025-04-22 19:55:00+09:00,2.517,2.52,2.515,2.52,5999.43
2025-04-22 20:00:00+09:00,2.52,2.526,2.52,2.525,6116.46
2025-04-22 20:05:00+09:00,2.525,2.529,2.524,2.525,5058.71
2025-04-22 20:10:00+09:00,2.526,2.526,2.522,2.522,3732.13
2025-04-22 20:15:00+09:00,2.523,2.534,2.523,2.533,6834.77
2025-04-22 20:20:00+09:00,2.533,2.537,2.531,2.532,1336.17
2025-04-22 20:25:00+09:00,2.53,2.532,2.528,2.53,1783.23
2025-04-22 20:30:00+09:00,2.53,2.53,2.524,2.526,12566.12
2025-04-22 20:35:00+09:00,2.527,2.534,2.526,2.532,14074.56
2025-04-22 20:40:00+09:00,2.534,2.536,2.52,2.521,11763.42
2025-04-22 20:45:00+09:00,2.522,2.528,2.522,2.528,6382.87
2025-04-22 20:50:00+09:00,2.529,2.532,2.527,2.527,6820.5
2025-04-22 20:55:00+09:00,2.526,2.53,2.525,2.528,4129.86
2025-04-22 21:00:00+09:00,2.528,2.532,2.526,2.531,6950.33
2025-04-22 21:05:00+09:00,2.532,2.534,2.528,2.534,3957.26
2025-04-22 21:10:00+09:00,2.535,2.537,2.533,2.534,6242.08
2025-04-22 21:15:00+09:00,2.534,2.541,2.531,2.54,10334.94
2025-04-22 21:20:00+09:00,2.54,2.543,2.536,2.543,5023.6
2025-04-22 21:25:00+09:00,2.543,2.549,2.54,2.549,6914.64
2025-04-22 21:30:00+09:00,2.547,2.549,2.539,2.54,14975.46
2025-04-22 21:35:00+09:00,2.541,2.546,2.533,2.533,8597.71
2025-04-22 21:40:00+09:00,2.532,2.536,2.524,2.531,9582.04
2025-04-22 21:45:00+09:00,2.533,2.538,2.529,2.535,5592.67
2025-04-22 21:50:00+09:00,2.536,2.537,2.525,2.531,18477.81
2025-04-22 21:55:00+09:00,2.532,2.545,2.529,2.536,13195.08
2025-04-22 22:00:00+09:00,2.537,2.547,2.533,2.541,34168.15
2025-04-22 22:05:00+09:00,2.542,2.554,2.541,2.554,14798.1
2025-04-22 22:10:00+09:00,2.554,2.557,2.55,2.556,24270.68
2025-04-22 22:15:00+09:00,2.555,2.565,2.544,2.544,34328.25
2025-04-22 22:20:00+09:00,2.545,2.546,2.534,2.541,33850.75
2025-04-22 22:25:00+09:00,2.54,2.547,2.54,2.542,8394.23
2025-04-22 22:30:00+09:00,2.542,2.553,2.535,2.553,17366.98
2025-04-22 22:35:00+09:00,2.552,2.554,2.534,2.546,23344.74
2025-04-22 22:40:00+09:00,2.547,2.564,2.547,2.564,18237.05
2025-04-22 22:45:00+09:00,2.565,2.584,2.563,2.584,58687.39
2025-04-22 22:50:00+09:00,2.584,2.588,2.578,2.578,86838.28
2025-04-22 22:55:00+09:00,2.579,2.582,2.563,2.582,21698.08
2025-04-22 23:00:00+09:00,2.583,2.594,2.581,2.583,62329.6
2025-04-22 23:05:00+09:00,2.582,2.586,2.57,2.586,9036.12
2025-04-22 23:10:00+09:00,2.586,2.599,2.582,2.599,34169.87
2025-04-22 23:15:00+09:00,2.598,2.599,2.582,2.583,12991.55
2025-04-22 23:20:00+09:00,2.584,2.592,2.582,2.592,10568.09
2025-04-22 23:25:00+09:00,2.592,2.598,2.585,2.592,22366.11
2025-04-22 23:30:00+09:00,2.591,2.6,2.585,2.598,14894.81
2025-04-22 23:35:00+09:00,2.598,2.601,2.594,2.599,10141.25
2025-04-22 23:40:00+09:00,2.598,2.618,2.596,2.614,46220.08
2025-04-22 23:45:00+09:00,2.615,2.627,2.611,2.614,38220.36
2025-04-22 23:50:00+09:00,2.615,2.619,2.604,2.61,57064.39
2025-04-22 23:55:00+09:00,2.612,2.621,2.607,2.62,28618.36
2025-04-23 00:00:00+09:00,2.62,2.661,2.618,2.656,75559.85
2025-04-23 00:05:00+09:00,2.657,2.676,2.647,2.667,163178.6
2025-04-23 00:10:00+09:00,2.667,2.68,2.666,2.67,199729.41
2025-04-23 00:15:00+09:00,2.669,2.674,2.649,2.654,54395.11
2025-04-23 00:20:00+09:00,2.652,2.66,2.644,2.66,38167.36
2025-04-23 00:25:00+09:00,2.66,2.664,2.644,2.645,12374.4
2025-04-23 00:30:00+09:00,2.645,2.648,2.621,2.629,74830.08
2025-04-23 00:35:00+09:00,2.628,2.634,2.62,2.627,21958.56
2025-04-23 00:40:00+09:00,2.627,2.628,2.612,2.614,43510.31
2025-04-23 00:45:00+09:00,2.615,2.638,2.614,2.638,14180.47
2025-04-23 00:50:00+09:00,2.637,2.643,2.631,2.634,31367.14
2025-04-23 00:55:00+09:00,2.635,2.651,2.632,2.65,39692.88
2025-04-23 01:00:00+09:00,2.652,2.659,2.638,2.64,31313.85
2025-04-23 01:05:00+09:00,2.64,2.655,2.64,2.647,11273.76
2025-04-23 01:10:00+09:00,2.647,2.648,2.637,2.642,18492.3
2025-04-23 01:15:00+09:00,2.641,2.649,2.636,2.648,16247.16
2025-04-23 01:20:00+09:00,2.649,2.66,2.648,2.651,15234.86
2025-04-23 01:25:00+09:00,2.65,2.65,2.642,2.647,3408.36
2025-04-23 01:30:00+09:00,2.646,2.655,2.646,2.649,14992.54
2025-04-23 01:35:00+09:00,2.649,2.654,2.648,2.653,4833.76
2025-04-23 01:40:00+09:00,2.654,2.654,2.642,2.645,7555.67
2025-04-23 01:45:00+09:00,2.644,2.648,2.633,2.638,19142.11
2025-04-23 01:50:00+09:00,2.637,2.638,2.631,2.636,14571.78
2025-04-23 01:55:00+09:00,2.635,2.647,2.635,2.647,4941.4
2025-04-23 02:00:00+09:00,2.647,2.655,2.647,2.649,15484.14
2025-04-23 02:05:00+09:00,2.65,2.68,2.647,2.667,178649.55
2025-04-23 02:10:00+09:00,2.668,2.669,2.655,2.663,25372.52
2025-04-23 02:15:00+09:00,2.663,2.664,2.65,2.661,32081.04
2025-04-23 02:20:00+09:00,2.662,2.662,2.646,2.65,26279.76
2025-04-23 02:25:00+09:00,2.649,2.663,2.649,2.662,27586.86
2025-04-23 02:30:00+09:00,2.662,2.669,2.657,2.66,10424.36
2025-04-23 02:35:00+09:00,2.659,2.667,2.658,2.663,9647.22
2025-04-23 02:40:00+09:00,2.663,2.667,2.66,2.665,11216.47
2025-04-23 02:45:00+09:00,2.665,2.665,2.656,2.662,8373.28
2025-04-23 02:50:00+09:00,2.662,2.668,2.662,2.668,7783.28
2025-04-23 02:55:00+09:00,2.668,2.673,2.665,2.667,20843.92
2025-04-23 03:00:00+09:00,2.667,2.679,2.666,2.675,24678.11
2025-04-23 03:05:00+09:00,2.675,2.683,2.674,2.68,13918.76
2025-04-23 03:10:00+09:00,2.68,2.681,2.673,2.676,14140.91
2025-04-23 03:15:00+09:00,2.676,2.696,2.676,2.69,52787.16
2025-04-23 03:20:00+09:00,2.691,2.7,2.688,2.695,39262.29
2025-04-23 03:25:00+09:00,2.694,2.696,2.683,2.689,11104.94
2025-04-23 03:30:00+09:00,2.689,2.696,2.685,2.685,10061.07
2025-04-23 03:35:00+09:00,2.684,2.694,2.684,2.693,4192.65
2025-04-23 03:40:00+09:00,2.694,2.709,2.687,2.691,239745.6
2025-04-23 03:45:00+09:00,2.691,2.692,2.682,2.682,23351.59
2025-04-23 03:50:00+09:00,2.682,2.688,2.681,2.685,3117.13
2025-04-23 03:55:00+09:00,2.685,2.687,2.679,2.684,11966.88
2025-04-23 04:00:00+09:00,2.684,2.685,2.674,2.679,10696.66
2025-04-23 04:05:00+09:00,2.679,2.679,2.672,2.674,9468.59
2025-04-23 04:10:00+09:00,2.675,2.677,2.672,2.672,4418.46
2025-04-23 04:15:00+09:00,2.672,2.676,2.667,2.676,8175.55
2025-04-23 04:20:00+09:00,2.676,2.677,2.666,2.676,7623.74
2025-04-23 04:25:00+09:00,2.676,2.677,2.673,2.675,10843.34
2025-04-23 04:30:00+09:00,2.674,2.675,2.67,2.671,9108.47
2025-04-23 04:35:00+09:00,2.67,2.67,2.655,2.656,8187.42
2025-04-23 04:40:00+09:00,2.656,2.667,2.652,2.667,10891.25
2025-04-23 04:45:00+09:00,2.668,2.675,2.665,2.675,3459.34
2025-04-23 04:50:00+09:00,2.674,2.674,2.663,2.669,30967.42
2025-04-23 04:55:00+09:00,2.669,2.674,2.669,2.669,6214.32
2025-04-23 05:00:00+09:00,2.67,2.67,2.662,2.663,8765.25
2025-04-23 05:05:00+09:00,2.664,2.669,2.664,2.665,6405.68
2025-04-23 05:10:00+09:00,2.664,2.665,2.658,2.663,12144.27
2025-04-23 05:15:00+09:00,2.663,2.667,2.662,2.663,10445.89
2025-04-23 05:20:00+09:00,2.662,2.671,2.66,2.667,4975.33
2025-04-23 05:25:00+09:00,2.669,2.669,2.661,2.661,14095.6
2025-04-23 05:30:00+09:00,2.663,2.664,2.659,2.659,5651.58
2025-04-23 05:35:00+09:00,2.659,2.664,2.659,2.662,1912.42
2025-04-23 05:40:00+09:00,2.662,2.663,2.66,2.66,1993.54
2025-04-23 05:45:00+09:00,2.66,2.666,2.66,2.66,3740.68
2025-04-23 05:50:00+09:00,2.66,2.664,2.66,2.66,1985.96
2025-04-23 05:55:00+09:00,2.659,2.66,2.653,2.659,4899.35
2025-04-23 06:00:00+09:00,2.66,2.665,2.659,2.664,7381.24
2025-04-23 06:05:00+09:00,2.665,2.677,2.664,2.675,4786.53
2025-04-23 06:10:00+09:00,2.674,2.678,2.672,2.678,2322.97
2025-04-23 06:15:00+09:00,2.676,2.683,2.672,2.68,32988.92
2025-04-23 06:20:00+09:00,2.681,2.701,2.681,2.693,29254.27
2025-04-23 06:25:00+09:00,2.693,2.693,2.673,2.675,13094.11
2025-04-23 06:30:00+09:00,2.676,2.702,2.676,2.688,19223.39
2025-04-23 06:35:00+09:00,2.688,2.701,2.682,2.697,25854.89
2025-04-23 06:40:00+09:00,2.698,2.698,2.69,2.693,6382.29
2025-04-23 06:45:00+09:00,2.693,2.767,2.693,2.751,138727.36
2025-04-23 06:50:00+09:00,2.753,2.756,2.716,2.751,54449.63
2025-04-23 06:55:00+09:00,2.752,2.759,2.736,2.755,43327.94
2025-04-23 07:00:00+09:00,2.756,2.786,2.755,2.778,74016.39
2025-04-23 07:05:00+09:00,2.779,2.786,2.758,2.761,20825.61
2025-04-23 07:10:00+09:00,2.762,2.781,2.752,2.781,32721.94
2025-04-23 07:15:00+09:00,2.781,2.789,2.777,2.783,26601.77
2025-04-23 07:20:00+09:00,2.783,2.79,2.777,2.785,33558.6
2025-04-23 07:25:00+09:00,2.786,2.787,2.778,2.78,14490.76
2025-04-23 07:30:00+09:00,2.781,2.784,2.776,2.779,19188.12
2025-04-23 07:35:00+09:00,2.779,2.785,2.758,2.758,138113.06
2025-04-23 07:40:00+09:00,2.759,2.768,2.752,2.768,15997.16
2025-04-23 07:45:00+09:00,2.768,2.773,2.764,2.769,5145.45
2025-04-23 07:50:00+09:00,2.769,2.782,2.764,2.777,14762.81
2025-04-23 07:55:00+09:00,2.777,2.778,2.77,2.774,4085.75
2025-04-23 08:00:00+09:00,2.775,2.783,2.771,2.774,10849.34
2025-04-23 08:05:00+09:00,2.773,2.79,2.772,2.782,12920.04
2025-04-23 08:10:00+09:00,2.781,2.791,2.781,2.782,42737.55
2025-04-23 08:15:00+09:00,2.783,2.784,2.758,2.76,13003.64
2025-04-23 08:20:00+09:00,2.759,2.768,2.757,2.763,3676.48
2025-04-23 08:25:00+09:00,2.763,2.789,2.763,2.783,40740.93
2025-04-23 08:30:00+09:00,2.784,2.787,2.774,2.776,18868.97
2025-04-23 08:35:00+09:00,2.775,2.778,2.771,2.772,27144.79
2025-04-23 08:40:00+09:00,2.772,2.774,2.767,2.774,11803.46
2025-04-23 08:45:00+09:00,2.773,2.782,2.773,2.781,3137.26
2025-04-23 08:50:00+09:00,2.78,2.783,2.775,2.776,13824.55
2025-04-23 08:55:00+09:00,2.776,2.777,2.765,2.768,29856.76
2025-04-23 09:00:00+09:00,2.768,2.774,2.765,2.771,18357.82
2025-04-23 09:05:00+09:00,2.77,2.771,2.76,2.761,12519.57
2025-04-23 09:10:00+09:00,2.761,2.773,2.758,2.773,2758.06
2025-04-23 09:15:00+09:00,2.774,2.789,2.773,2.785,7441.52
2025-04-23 09:20:00+09:00,2.784,2.802,2.782,2.795,29762.33
2025-04-23 09:25:00+09:00,2.795,2.798,2.786,2.795,6998.0
2025-04-23 09:30:00+09:00,2.796,2.801,2.79,2.799,8620.77
2025-04-23 09:35:00+09:00,2.799,2.803,2.788,2.803,9966.58
2025-04-23 09:40:00+09:00,2.801,2.804,2.788,2.791,26667.55
2025-04-23 09:45:00+09:00,2.789,2.794,2.778,2.79,6423.74
2025-04-23 09:50:00+09:00,2.79,2.794,2.788,2.792,2887.0
2025-04-23 09:55:00+09:00,2.793,2.795,2.784,2.787,2944.24
2025-04-23 10:00:00+09:00,2.79,2.791,2.778,2.785,78645.69
2025-04-23 10:05:00+09:00,2.785,2.805,2.783,2.804,11113.04
2025-04-23 10:10:00+09:00,2.805,2.813,2.797,2.798,21071.87
2025-04-23 10:15:00+09:00,2.799,2.806,2.797,2.798,7337.03
2025-04-23 10:20:00+09:00,2.797,2.798,2.791,2.796,10531.43
2025-04-23 10:25:00+09:00,2.797,2.813,2.795,2.81,6498.29
2025-04-23 10:30:00+09:00,2.809,2.813,2.794,2.794,5454.7
2025-04-23 10:35:00+09:00,2.793,2.803,2.79,2.797,5299.66
2025-04-23 10:40:00+09:00,2.797,2.801,2.794,2.8,7353.58
2025-04-23 10:45:00+09:00,2.801,2.803,2.79,2.791,17124.98
2025-04-23 10:50:00+09:00,2.79,2.79,2.777,2.781,4248.47
2025-04-23 10:55:00+09:00,2.78,2.781,2.768,2.769,11667.13
2025-04-23 11:00:00+09:00,2.769,2.772,2.762,2.772,15319.95
2025-04-23 11:05:00+09:00,2.771,2.773,2.767,2.77,4740.43
2025-04-23 11:10:00+09:00,2.771,2.773,2.768,2.773,8103.7
2025-04-23 11:15:00+09:00,2.774,2.784,2.773,2.784,21153.75
2025-04-23 11:20:00+09:00,2.784,2.806,2.783,2.804,16111.1
2025-04-23 11:25:00+09:00,2.804,2.82,2.797,2.797,54967.72
2025-04-23 11:30:00+09:00,2.796,2.805,2.79,2.804,24053.03
2025-04-23 11:35:00+09:00,2.804,2.81,2.8,2.807,5584.46
2025-04-23 11:40:00+09:00,2.808,2.817,2.805,2.814,4924.39
2025-04-23 11:45:00+09:00,2.814,2.824,2.808,2.824,31449.01
2025-04-23 11:50:00+09:00,2.824,2.831,2.817,2.817,88169.46
2025-04-23 11:55:00+09:00,2.817,2.824,2.817,2.822,10976.42
2025-04-23 12:00:00+09:00,2.821,2.833,2.819,2.823,93356.27
2025-04-23 12:05:00+09:00,2.823,2.823,2.805,2.809,94734.14
2025-04-23 12:10:00+09:00,2.809,2.811,2.804,2.807,6953.17
2025-04-23 12:15:00+09:00,2.807,2.811,2.803,2.809,5503.55
2025-04-23 12:20:00+09:00,2.81,2.82,2.809,2.816,8003.41
2025-04-23 12:25:00+09:00,2.817,2.82,2.815,2.818,1915.06
2025-04-23 12:30:00+09:00,2.818,2.818,2.807,2.814,20760.56
2025-04-23 12:35:00+09:00,2.814,2.822,2.814,2.817,3662.12
2025-04-23 12:40:00+09:00,2.816,2.834,2.816,2.829,8300.6
2025-04-23 12:45:00+09:00,2.829,2.835,2.823,2.831,8952.43
2025-04-23 12:50:00+09:00,2.832,2.838,2.827,2.835,14033.75
2025-04-23 12:55:00+09:00,2.835,2.838,2.828,2.832,6578.24
2025-04-23 13:00:00+09:00,2.83,2.83,2.818,2.818,25662.76
2025-04-23 13:05:00+09:00,2.818,2.831,2.817,2.828,6502.78
2025-04-23 13:10:00+09:00,2.828,2.828,2.815,2.822,23451.54
2025-04-23 13:15:00+09:00,2.822,2.824,2.809,2.809,10780.07
2025-04-23 13:20:00+09:00,2.809,2.811,2.805,2.805,11057.13
2025-04-23 13:25:00+09:00,2.805,2.805,2.798,2.801,10949.62
2025-04-23 13:30:00+09:00,2.801,2.806,2.797,2.802,5048.38
2025-04-23 13:35:00+09:00,2.801,2.82,2.801,2.815,16220.12
2025-04-23 13:40:00+09:00,2.815,2.821,2.812,2.817,4378.39
2025-04-23 13:45:00+09:00,2.818,2.84,2.818,2.834,30893.3
2025-04-23 13:50:00+09:00,2.835,2.84,2.828,2.83,12044.59
2025-04-23 13:55:00+09:00,2.83,2.844,2.825,2.842,24606.5
2025-04-23 14:00:00+09:00,2.841,2.841,2.816,2.821,22927.2
2025-04-23 14:05:00+09:00,2.823,2.828,2.822,2.827,10154.99
2025-04-23 14:10:00+09:00,2.825,2.83,2.823,2.824,9256.28
2025-04-23 14:15:00+09:00,2.824,2.824,2.812,2.812,20892.36
2025-04-23 14:20:00+09:00,2.812,2.827,2.812,2.819,2515.75
2025-04-23 14:25:00+09:00,2.82,2.822,2.817,2.822,2895.33
2025-04-23 14:30:00+09:00,2.822,2.835,2.813,2.834,24769.53
2025-04-23 14:35:00+09:00,2.835,2.837,2.828,2.834,25211.92
2025-04-23 14:40:00+09:00,2.834,2.84,2.829,2.834,53870.32
2025-04-23 14:45:00+09:00,2.834,2.836,2.827,2.829,48247.04
2025-04-23 14:50:00+09:00,2.828,2.831,2.819,2.82,4149.57
2025-04-23 14:55:00+09:00,2.82,2.866,2.815,2.844,267304.59
2025-04-23 15:00:00+09:00,2.844,2.846,2.824,2.827,50780.76
2025-04-23 15:05:00+09:00,2.828,2.836,2.828,2.833,8091.73
2025-04-23 15:10:00+09:00,2.833,2.839,2.829,2.834,13787.56
2025-04-23 15:15:00+09:00,2.834,2.845,2.83,2.841,32861.03
2025-04-23 15:20:00+09:00,2.84,2.843,2.836,2.839,10889.83
2025-04-23 15:25:00+09:00,2.839,2.845,2.838,2.839,25581.1
2025-04-23 15:30:00+09:00,2.839,2.842,2.827,2.838,24628.55
2025-04-23 15:35:00+09:00,2.836,2.842,2.827,2.827,8926.06
2025-04-23 15:40:00+09:00,2.826,2.839,2.823,2.836,12882.57
2025-04-23 15:45:00+09:00,2.835,2.838,2.832,2.838,10600.41
2025-04-23 15:50:00+09:00,2.839,2.839,2.822,2.823,13502.82
2025-04-23 15:55:00+09:00,2.823,2.829,2.822,2.822,6710.93
2025-04-23 16:00:00+09:00,2.822,2.83,2.821,2.823,6505.94
2025-04-23 16:05:00+09:00,2.822,2.822,2.806,2.807,14506.98
2025-04-23 16:10:00+09:00,2.808,2.809,2.799,2.804,31627.7
2025-04-23 16:15:00+09:00,2.805,2.811,2.804,2.809,31351.79
2025-04-23 16:20:00+09:00,2.81,2.816,2.808,2.816,12347.79
2025-04-23 16:25:00+09:00,2.817,2.819,2.814,2.817,9450.49
2025-04-23 16:30:00+09:00,2.818,2.83,2.817,2.828,8310.16
2025-04-23 16:35:00+09:00,2.827,2.828,2.819,2.819,18130.87
2025-04-23 16:40:00+09:00,2.819,2.819,2.81,2.815,7812.53
2025-04-23 16:45:00+09:00,2.814,2.819,2.806,2.81,22557.93
2025-04-23 16:50:00+09:00,2.811,2.815,2.81,2.814,3274.28
2025-04-23 16:55:00+09:00,2.814,2.826,2.81,2.826,25416.7
2025-04-23 17:00:00+09:00,2.824,2.824,2.814,2.815,11182.5
2025-04-23 17:05:00+09:00,2.815,2.817,2.805,2.809,19865.28
2025-04-23 17:10:00+09:00,2.812,2.826,2.812,2.824,6859.33
2025-04-23 17:15:00+09:00,2.823,2.823,2.813,2.817,12419.84
2025-04-23 17:20:00+09:00,2.817,2.824,2.815,2.821,4397.59
2025-04-23 17:25:00+09:00,2.821,2.821,2.812,2.813,13016.73
2025-04-23 17:30:00+09:00,2.813,2.814,2.806,2.812,13216.67
2025-04-23 17:35:00+09:00,2.812,2.819,2.81,2.817,2064.09
2025-04-23 17:40:00+09:00,2.816,2.819,2.813,2.817,11553.61
2025-04-23 17:45:00+09:00,2.818,2.823,2.817,2.823,8304.62
2025-04-23 17:50:00+09:00,2.822,2.825,2.817,2.82,13265.1
2025-04-23 17:55:00+09:00,2.818,2.819,2.817,2.817,4961.81
2025-04-23 18:00:00+09:00,2.818,2.823,2.814,2.822,15319.75
2025-04-23 18:05:00+09:00,2.823,2.828,2.819,2.826,14279.65
2025-04-23 18:10:00+09:00,2.825,2.834,2.821,2.83,7920.72
2025-04-23 18:15:00+09:00,2.83,2.831,2.824,2.826,8759.2
2025-04-23 18:20:00+09:00,2.827,2.83,2.825,2.827,2588.37
2025-04-23 18:25:00+09:00,2.826,2.827,2.823,2.824,6876.71
2025-04-23 18:30:00+09:00,2.824,2.833,2.823,2.833,4454.84
2025-04-23 18:35:00+09:00,2.832,2.836,2.827,2.827,15825.64
2025-04-23 18:40:00+09:00,2.826,2.832,2.825,2.83,3232.71
2025-04-23 18:45:00+09:00,2.83,2.835,2.826,2.834,10280.24
2025-04-23 18:50:00+09:00,2.833,2.833,2.829,2.831,28924.87
2025-04-23 18:55:00+09:00,2.831,2.831,2.816,2.818,8644.41
2025-04-23 19:00:00+09:00,2.818,2.819,2.807,2.809,49180.83
2025-04-23 19:05:00+09:00,2.81,2.811,2.784,2.791,27185.12
2025-04-23 19:10:00+09:00,2.792,2.796,2.784,2.786,6877.06
2025-04-23 19:15:00+09:00,2.786,2.807,2.786,2.806,7740.05
2025-04-23 19:20:00+09:00,2.805,2.814,2.799,2.812,10438.83
2025-04-23 19:25:00+09:00,2.81,2.81,2.803,2.807,17699.58
2025-04-23 19:30:00+09:00,2.808,2.814,2.806,2.806,4587.93
2025-04-23 19:35:00+09:00,2.806,2.857,2.801,2.833,136705.7
2025-04-23 19:40:00+09:00,2.832,2.832,2.825,2.829,6593.78
2025-04-23 19:45:00+09:00,2.828,2.83,2.822,2.827,17655.39
2025-04-23 19:50:00+09:00,2.828,2.835,2.828,2.83,16372.11
2025-04-23 19:55:00+09:00,2.831,2.844,2.831,2.836,16342.49
2025-04-23 20:00:00+09:00,2.836,2.837,2.822,2.822,9093.04
2025-04-23 20:05:00+09:00,2.823,2.833,2.819,2.829,8993.91
2025-04-23 20:10:00+09:00,2.829,2.829,2.824,2.827,6971.73
2025-04-23 20:15:00+09:00,2.828,2.836,2.826,2.831,11496.58
2025-04-23 20:20:00+09:00,2.83,2.835,2.83,2.83,8082.95
2025-04-23 20:25:00+09:00,2.831,2.833,2.822,2.822,7234.08
2025-04-23 20:30:00+09:00,2.823,2.827,2.818,2.827,3670.58
2025-04-23 20:35:00+09:00,2.826,2.826,2.82,2.824,4023.59
2025-04-23 20:40:00+09:00,2.824,2.826,2.813,2.813,2553.1
2025-04-23 20:45:00+09:00,2.813,2.822,2.812,2.82,31097.54
2025-04-23 20:50:00+09:00,2.819,2.819,2.805,2.808,22961.22
2025-04-23 20:55:00+09:00,2.809,2.815,2.808,2.813,16972.42
2025-04-23 21:00:00+09:00,2.812,2.819,2.81,2.819,2564.62
2025-04-23 21:05:00+09:00,2.819,2.821,2.809,2.812,31295.02
2025-04-23 21:10:00+09:00,2.812,2.829,2.811,2.823,35685.08
2025-04-23 21:15:00+09:00,2.824,2.824,2.815,2.819,16077.54
2025-04-23 21:20:00+09:00,2.82,2.821,2.812,2.813,9831.48
2025-04-23 21:25:00+09:00,2.814,2.825,2.814,2.823,5934.64
2025-04-23 21:30:00+09:00,2.822,2.827,2.82,2.824,726.32
2025-04-23 21:35:00+09:00,2.824,2.829,2.821,2.823,15611.93
2025-04-23 21:40:00+09:00,2.824,2.833,2.822,2.833,25694.31
2025-04-23 21:45:00+09:00,2.834,2.842,2.832,2.837,28113.32
2025-04-23 21:50:00+09:00,2.836,2.843,2.835,2.84,4070.01
2025-04-23 21:55:00+09:00,2.84,2.848,2.84,2.846,8051.26
2025-04-23 22:00:00+09:00,2.845,2.849,2.84,2.842,9812.4
2025-04-23 22:05:00+09:00,2.844,2.862,2.844,2.86,18665.54
2025-04-23 22:10:00+09:00,2.86,2.875,2.859,2.873,46767.92
2025-04-23 22:15:00+09:00,2.873,2.881,2.866,2.872,102208.48
2025-04-23 22:20:00+09:00,2.872,2.875,2.868,2.871,9478.3
2025-04-23 22:25:00+09:00,2.872,2.873,2.861,2.869,25838.19
2025-04-23 22:30:00+09:00,2.87,2.881,2.858,2.859,24956.7
2025-04-23 22:35:00+09:00,2.859,2.862,2.81,2.818,245179.01
2025-04-23 22:40:00+09:00,2.817,2.843,2.816,2.823,37318.65
2025-04-23 22:45:00+09:00,2.824,2.847,2.822,2.841,19063.24
2025-04-23 22:50:00+09:00,2.839,2.842,2.82,2.82,21276.92
2025-04-23 22:55:00+09:00,2.819,2.819,2.789,2.796,77510.35
2025-04-23 23:00:00+09:00,2.797,2.826,2.793,2.826,73323.48
2025-04-23 23:05:00+09:00,2.827,2.827,2.814,2.822,23130.45
2025-04-23 23:10:00+09:00,2.821,2.837,2.819,2.833,38698.85
2025-04-23 23:15:00+09:00,2.831,2.832,2.787,2.794,50937.01
2025-04-23 23:20:00+09:00,2.794,2.817,2.786,2.811,50683.61
2025-04-23 23:25:00+09:00,2.812,2.824,2.811,2.814,19795.38
2025-04-23 23:30:00+09:00,2.815,2.816,2.802,2.809,16719.18
2025-04-23 23:35:00+09:00,2.81,2.82,2.806,2.815,5953.95
2025-04-23 23:40:00+09:00,2.815,2.833,2.812,2.831,118334.54
2025-04-23 23:45:00+09:00,2.831,2.836,2.821,2.827,14574.49
2025-04-23 23:50:00+09:00,2.825,2.825,2.81,2.812,18803.62
2025-04-23 23:55:00+09:00,2.814,2.824,2.813,2.815,7255.21
2025-04-24 00:00:00+09:00,2.815,2.832,2.8,2.818,51133.72
2025-04-24 00:05:00+09:00,2.819,2.825,2.804,2.808,19046.95
2025-04-24 00:10:00+09:00,2.809,2.811,2.801,2.803,19621.24
2025-04-24 00:15:00+09:00,2.802,2.808,2.783,2.794,191750.8
2025-04-24 00:20:00+09:00,2.793,2.804,2.772,2.789,56294.0
2025-04-24 00:25:00+09:00,2.79,2.794,2.768,2.78,52812.3
2025-04-24 00:30:00+09:00,2.78,2.804,2.775,2.799,34397.9
2025-04-24 00:35:00+09:00,2.8,2.819,2.798,2.812,30149.65
2025-04-24 00:40:00+09:00,2.811,2.814,2.792,2.794,11114.38
2025-04-24 00:45:00+09:00,2.795,2.798,2.774,2.777,68113.28
2025-04-24 00:50:00+09:00,2.778,2.791,2.775,2.791,24427.61
2025-04-24 00:55:00+09:00,2.789,2.802,2.787,2.802,19610.96
2025-04-24 01:00:00+09:00,2.803,2.803,2.783,2.791,14197.32
2025-04-24 01:05:00+09:00,2.79,2.803,2.775,2.777,210114.56
2025-04-24 01:10:00+09:00,2.778,2.785,2.777,2.783,8463.33
2025-04-24 01:15:00+09:00,2.784,2.787,2.763,2.766,12291.47
2025-04-24 01:20:00+09:00,2.765,2.767,2.742,2.75,33376.68
2025-04-24 01:25:00+09:00,2.751,2.769,2.75,2.766,20543.3
2025-04-24 01:30:00+09:00,2.766,2.775,2.762,2.773,14310.51
2025-04-24 01:35:00+09:00,2.773,2.805,2.773,2.797,79176.86
2025-04-24 01:40:00+09:00,2.796,2.798,2.79,2.794,5995.65
2025-04-24 01:45:00+09:00,2.795,2.798,2.79,2.793,7231.67
2025-04-24 01:50:00+09:00,2.792,2.806,2.792,2.804,16711.82
2025-04-24 01:55:00+09:00,2.805,2.81,2.8,2.801,16571.3
2025-04-24 02:00:00+09:00,2.802,2.817,2.792,2.812,79234.87
2025-04-24 02:05:00+09:00,2.814,2.827,2.813,2.824,15145.35
2025-04-24 02:10:00+09:00,2.824,2.828,2.82,2.823,22258.25
2025-04-24 02:15:00+09:00,2.824,2.826,2.819,2.824,10645.54
2025-04-24 02:20:00+09:00,2.825,2.828,2.821,2.827,17552.89
2025-04-24 02:25:00+09:00,2.829,2.83,2.821,2.825,17086.84
2025-04-24 02:30:00+09:00,2.826,2.829,2.815,2.815,9897.31
2025-04-24 02:35:00+09:00,2.815,2.82,2.809,2.816,16126.65
2025-04-24 02:40:00+09:00,2.816,2.817,2.807,2.814,13844.95
2025-04-24 02:45:00+09:00,2.813,2.813,2.803,2.804,3770.1
2025-04-24 02:50:00+09:00,2.805,2.822,2.804,2.822,9485.69
2025-04-24 02:55:00+09:00,2.822,2.826,2.82,2.822,10147.94
2025-04-24 03:00:00+09:00,2.823,2.831,2.821,2.828,9250.75
2025-04-24 03:05:00+09:00,2.827,2.841,2.827,2.84,18207.75
2025-04-24 03:10:00+09:00,2.841,2.855,2.84,2.84,112417.02
2025-04-24 03:15:00+09:00,2.841,2.85,2.841,2.848,5394.85
2025-04-24 03:20:00+09:00,2.848,2.854,2.839,2.841,22017.8
2025-04-24 03:25:00+09:00,2.839,2.839,2.826,2.826,3189.22
2025-04-24 03:30:00+09:00,2.827,2.836,2.821,2.827,14081.52
2025-04-24 03:35:00+09:00,2.829,2.831,2.819,2.824,4504.12
2025-04-24 03:40:00+09:00,2.823,2.823,2.815,2.815,8377.82
2025-04-24 03:45:00+09:00,2.815,2.828,2.815,2.826,3025.42
2025-04-24 03:50:00+09:00,2.825,2.825,2.818,2.819,2352.44
2025-04-24 03:55:00+09:00,2.818,2.822,2.817,2.818,3294.5
2025-04-24 04:00:00+09:00,2.818,2.822,2.808,2.808,5544.86
2025-04-24 04:05:00+09:00,2.809,2.816,2.806,2.807,7091.02
2025-04-24 04:10:00+09:00,2.806,2.808,2.794,2.799,14773.03
2025-04-24 04:15:00+09:00,2.798,2.808,2.797,2.803,10151.56
2025-04-24 04:20:00+09:00,2.804,2.806,2.794,2.799,11011.57
2025-04-24 04:25:00+09:00,2.799,2.8,2.787,2.789,23218.98
2025-04-24 04:30:00+09:00,2.789,2.793,2.767,2.772,51748.14
2025-04-24 04:35:00+09:00,2.774,2.778,2.768,2.775,4577.22
2025-04-24 04:40:00+09:00,2.774,2.782,2.772,2.781,12128.83
2025-04-24 04:45:00+09:00,2.782,2.783,2.775,2.778,15868.32
2025-04-24 04:50:00+09:00,2.779,2.783,2.766,2.782,16601.46
2025-04-24 04:55:00+09:00,2.782,2.789,2.78,2.784,6449.53
2025-04-24 05:00:00+09:00,2.784,2.791,2.783,2.788,7767.15
2025-04-24 05:05:00+09:00,2.787,2.791,2.781,2.783,3516.73
2025-04-24 05:10:00+09:00,2.783,2.792,2.783,2.786,6841.58
2025-04-24 05:15:00+09:00,2.787,2.799,2.786,2.799,11162.41
2025-04-24 05:20:00+09:00,2.8,2.806,2.798,2.798,9089.04
2025-04-24 05:25:00+09:00,2.799,2.804,2.799,2.8,4524.99
2025-04-24 05:30:00+09:00,2.801,2.813,2.801,2.806,32286.22
2025-04-24 05:35:00+09:00,2.807,2.809,2.802,2.802,14618.3
2025-04-24 05:40:00+09:00,2.805,2.805,2.797,2.798,3054.59
2025-04-24 05:45:00+09:00,2.798,2.806,2.796,2.8,11002.81
2025-04-24 05:50:00+09:00,2.802,2.806,2.8,2.806,10948.71
2025-04-24 05:55:00+09:00,2.804,2.804,2.798,2.799,16216.59
2025-04-24 06:00:00+09:00,2.798,2.8,2.795,2.799,5322.47
2025-04-24 06:05:00+09:00,2.799,2.803,2.799,2.8,681.65
2025-04-24 06:10:00+09:00,2.799,2.799,2.788,2.79,12394.75
2025-04-24 06:15:00+09:00,2.79,2.801,2.79,2.799,2574.21
2025-04-24 06:20:00+09:00,2.798,2.802,2.795,2.799,2946.77
2025-04-24 06:25:00+09:00,2.798,2.799,2.796,2.798,3277.23
2025-04-24 06:30:00+09:00,2.798,2.799,2.787,2.788,3065.14
2025-04-24 06:35:00+09:00,2.788,2.789,2.78,2.78,14661.32
2025-04-24 06:40:00+09:00,2.781,2.782,2.769,2.77,5195.75
2025-04-24 06:45:00+09:00,2.771,2.775,2.77,2.774,2451.64
2025-04-24 06:50:00+09:00,2.774,2.782,2.773,2.781,4796.54
2025-04-24 06:55:00+09:00,2.781,2.785,2.763,2.774,42658.88
2025-04-24 07:00:00+09:00,2.774,2.776,2.762,2.765,10974.78
2025-04-24 07:05:00+09:00,2.764,2.772,2.763,2.769,4566.46
2025-04-24 07:10:00+09:00,2.77,2.774,2.767,2.769,1718.15
2025-04-24 07:15:00+09:00,2.768,2.78,2.767,2.779,6953.12
2025-04-24 07:20:00+09:00,2.778,2.778,2.763,2.767,2859.33
2025-04-24 07:25:00+09:00,2.768,2.772,2.767,2.772,6933.97
2025-04-24 07:30:00+09:00,2.772,2.779,2.77,2.779,6469.26
2025-04-24 07:35:00+09:00,2.779,2.782,2.776,2.776,9101.88
2025-04-24 07:40:00+09:00,2.778,2.784,2.778,2.784,8513.84
2025-04-24 07:45:00+09:00,2.783,2.785,2.781,2.782,6473.84
2025-04-24 07:50:00+09:00,2.782,2.786,2.782,2.786,5549.42
2025-04-24 07:55:00+09:00,2.787,2.79,2.786,2.789,9140.68
2025-04-24 08:00:00+09:00,2.789,2.792,2.782,2.785,14524.75
2025-04-24 08:05:00+09:00,2.785,2.791,2.783,2.79,4736.98
2025-04-24 08:10:00+09:00,2.79,2.79,2.783,2.786,11703.4
2025-04-24 08:15:00+09:00,2.786,2.787,2.779,2.781,5317.31
2025-04-24 08:20:00+09:00,2.781,2.787,2.781,2.784,9651.07
2025-04-24 08:25:00+09:00,2.784,2.784,2.775,2.776,9704.6
2025-04-24 08:30:00+09:00,2.775,2.776,2.773,2.774,3288.4
2025-04-24 08:35:00+09:00,2.773,2.773,2.77,2.772,4701.36
2025-04-24 08:40:00+09:00,2.771,2.772,2.761,2.762,6639.54
2025-04-24 08:45:00+09:00,2.763,2.764,2.756,2.756,9057.33
2025-04-24 08:50:00+09:00,2.756,2.759,2.755,2.759,5908.75
2025-04-24 08:55:00+09:00,2.76,2.766,2.76,2.765,9915.64
2025-04-24 09:00:00+09:00,2.765,2.773,2.757,2.759,36974.91
2025-04-24 09:05:00+09:00,2.758,2.768,2.754,2.767,12483.84
2025-04-24 09:10:00+09:00,2.767,2.768,2.759,2.761,10009.84
2025-04-24 09:15:00+09:00,2.761,2.766,2.755,2.766,24732.58
2025-04-24 09:20:00+09:00,2.766,2.769,2.755,2.756,13229.95
2025-04-24 09:25:00+09:00,2.756,2.759,2.748,2.749,31873.24
2025-04-24 09:30:00+09:00,2.749,2.764,2.746,2.764,14472.81
2025-04-24 09:35:00+09:00,2.763,2.79,2.763,2.788,12339.66
2025-04-24 09:40:00+09:00,2.787,2.8,2.787,2.8,12917.34
2025-04-24 09:45:00+09:00,2.799,2.804,2.793,2.797,13439.95
2025-04-24 09:50:00+09:00,2.798,2.805,2.793,2.8,19792.82
2025-04-24 09:55:00+09:00,2.801,2.811,2.801,2.809,5915.8
2025-04-24 10:00:00+09:00,2.81,2.819,2.8,2.81,46054.07
2025-04-24 10:05:00+09:00,2.81,2.821,2.807,2.811,19191.82
2025-04-24 10:10:00+09:00,2.813,2.814,2.803,2.812,7204.8
2025-04-24 10:15:00+09:00,2.813,2.814,2.804,2.809,7030.67
2025-04-24 10:20:00+09:00,2.81,2.875,2.804,2.827,309905.74
2025-04-24 10:25:00+09:00,2.827,2.845,2.827,2.844,25527.13
2025-04-24 10:30:00+09:00,2.844,2.849,2.839,2.846,19185.58
2025-04-24 10:35:00+09:00,2.846,2.854,2.814,2.819,83284.39
2025-04-24 10:40:00+09:00,2.819,2.832,2.807,2.809,34080.67
2025-04-24 10:45:00+09:00,2.808,2.821,2.8,2.813,25686.59
2025-04-24 10:50:00+09:00,2.812,2.813,2.797,2.8,10724.02
2025-04-24 10:55:00+09:00,2.801,2.804,2.794,2.795,4835.29
2025-04-24 11:00:00+09:00,2.795,2.796,2.786,2.794,8226.97
2025-04-24 11:05:00+09:00,2.793,2.798,2.788,2.793,8383.65
2025-04-24 11:10:00+09:00,2.793,2.809,2.791,2.805,15709.72
2025-04-24 11:15:00+09:00,2.805,2.806,2.796,2.796,8766.8
2025-04-24 11:20:00+09:00,2.796,2.8,2.794,2.796,2379.33
2025-04-24 11:25:00+09:00,2.795,2.801,2.793,2.798,1325.34
2025-04-24 11:30:00+09:00,2.798,2.801,2.791,2.792,21406.89
2025-04-24 11:35:00+09:00,2.792,2.792,2.781,2.782,3205.31
2025-04-24 11:40:00+09:00,2.781,2.782,2.77,2.77,7028.35
2025-04-24 11:45:00+09:00,2.77,2.77,2.75,2.752,9143.9
2025-04-24 11:50:00+09:00,2.754,2.761,2.752,2.76,2808.0
2025-04-24 11:55:00+09:00,2.759,2.759,2.753,2.754,7978.25
2025-04-24 12:00:00+09:00,2.753,2.761,2.747,2.754,8143.79
2025-04-24 12:05:00+09:00,2.755,2.773,2.755,2.769,13547.92
2025-04-24 12:10:00+09:00,2.769,2.769,2.736,2.744,134928.25
2025-04-24 12:15:00+09:00,2.743,2.746,2.739,2.743,25181.86
2025-04-24 12:20:00+09:00,2.744,2.745,2.741,2.744,1840.69
2025-04-24 12:25:00+09:00,2.744,2.76,2.744,2.76,1558.32
2025-04-24 12:30:00+09:00,2.76,2.76,2.729,2.73,14995.66
2025-04-24 12:35:00+09:00,2.729,2.731,2.722,2.728,12010.47
2025-04-24 12:40:00+09:00,2.729,2.732,2.724,2.726,10041.3
2025-04-24 12:45:00+09:00,2.725,2.742,2.724,2.731,13628.31
2025-04-24 12:50:00+09:00,2.731,2.732,2.721,2.724,17283.28
2025-04-24 12:55:00+09:00,2.725,2.73,2.723,2.725,13818.83
2025-04-24 13:00:00+09:00,2.725,2.737,2.723,2.737,22592.84
2025-04-24 13:05:00+09:00,2.738,2.738,2.721,2.729,33016.24
2025-04-24 13:10:00+09:00,2.728,2.74,2.723,2.74,6755.74
2025-04-24 13:15:00+09:00,2.739,2.751,2.735,2.751,15355.41
2025-04-24 13:20:00+09:00,2.75,2.755,2.747,2.747,13045.34
2025-04-24 13:25:00+09:00,2.747,2.747,2.738,2.738,10769.93
2025-04-24 13:30:00+09:00,2.738,2.745,2.737,2.737,2942.37
2025-04-24 13:35:00+09:00,2.736,2.736,2.725,2.726,8273.63
2025-04-24 13:40:00+09:00,2.727,2.737,2.727,2.737,3594.69
2025-04-24 13:45:00+09:00,2.736,2.745,2.733,2.742,4179.97
2025-04-24 13:50:00+09:00,2.742,2.746,2.739,2.745,2469.69
2025-04-24 13:55:00+09:00,2.745,2.749,2.742,2.748,5022.58
2025-04-24 14:00:00+09:00,2.748,2.758,2.748,2.756,6803.37
2025-04-24 14:05:00+09:00,2.756,2.764,2.751,2.752,12505.1
2025-04-24 14:10:00+09:00,2.754,2.799,2.752,2.788,79526.73
2025-04-24 14:15:00+09:00,2.786,2.792,2.784,2.788,7904.33
2025-04-24 14:20:00+09:00,2.787,2.787,2.779,2.78,12213.27
2025-04-24 14:25:00+09:00,2.778,2.784,2.774,2.783,10499.71
2025-04-24 14:30:00+09:00,2.783,2.784,2.773,2.773,6021.3
2025-04-24 14:35:00+09:00,2.774,2.781,2.772,2.773,3470.19
2025-04-24 14:40:00+09:00,2.773,2.781,2.771,2.773,3706.26
2025-04-24 14:45:00+09:00,2.774,2.782,2.773,2.781,3011.04
2025-04-24 14:50:00+09:00,2.781,2.787,2.781,2.783,8951.93
2025-04-24 14:55:00+09:00,2.782,2.782,2.771,2.774,7737.34
2025-04-24 15:00:00+09:00,2.775,2.785,2.773,2.785,8722.15
2025-04-24 15:05:00+09:00,2.786,2.791,2.782,2.782,7177.33
2025-04-24 15:10:00+09:00,2.782,2.791,2.778,2.788,8335.8
2025-04-24 15:15:00+09:00,2.788,2.788,2.77,2.78,2535.16
2025-04-24 15:20:00+09:00,2.781,2.797,2.776,2.795,3956.59
2025-04-24 15:25:00+09:00,2.796,2.812,2.796,2.81,14736.68
2025-04-24 15:30:00+09:00,2.81,2.81,2.796,2.798,7143.86
2025-04-24 15:35:00+09:00,2.797,2.801,2.792,2.794,5721.38
2025-04-24 15:40:00+09:00,2.793,2.794,2.784,2.784,4723.17
2025-04-24 15:45:00+09:00,2.784,2.786,2.78,2.782,7396.08
2025-04-24 15:50:00+09:00,2.781,2.785,2.774,2.775,29742.86
2025-04-24 15:55:00+09:00,2.775,2.775,2.757,2.757,21448.21
2025-04-24 16:00:00+09:00,2.757,2.77,2.756,2.768,19617.3
2025-04-24 16:05:00+09:00,2.769,2.776,2.759,2.773,60607.34
2025-04-24 16:10:00+09:00,2.772,2.791,2.77,2.791,7547.22
2025-04-24 16:15:00+09:00,2.791,2.793,2.773,2.776,5199.9
2025-04-24 16:20:00+09:00,2.775,2.775,2.762,2.763,29160.19
2025-04-24 16:25:00+09:00,2.765,2.768,2.76,2.768,3922.77
2025-04-24 16:30:00+09:00,2.769,2.77,2.757,2.758,25431.19
2025-04-24 16:35:00+09:00,2.758,2.762,2.745,2.745,12924.19
2025-04-24 16:40:00+09:00,2.747,2.747,2.737,2.744,20001.47
2025-04-24 16:45:00+09:00,2.744,2.749,2.738,2.747,7848.7
2025-04-24 16:50:00+09:00,2.747,2.749,2.74,2.745,8112.55
2025-04-24 16:55:00+09:00,2.744,2.751,2.741,2.75,10556.03
2025-04-24 17:00:00+09:00,2.751,2.768,2.751,2.765,13048.99
2025-04-24 17:05:00+09:00,2.764,2.77,2.753,2.753,8941.84
2025-04-24 17:10:00+09:00,2.752,2.759,2.748,2.749,14967.76
2025-04-24 17:15:00+09:00,2.749,2.771,2.746,2.746,19497.28
2025-04-24 17:20:00+09:00,2.745,2.759,2.744,2.751,13714.92
2025-04-24 17:25:00+09:00,2.751,2.758,2.731,2.732,18556.08
2025-04-24 17:30:00+09:00,2.733,2.74,2.719,2.736,42012.92
2025-04-24 17:35:00+09:00,2.735,2.748,2.72,2.741,30145.63
2025-04-24 17:40:00+09:00,2.738,2.738,2.727,2.731,11258.08
2025-04-24 17:45:00+09:00,2.731,2.74,2.721,2.725,21203.79
2025-04-24 17:50:00+09:00,2.726,2.736,2.722,2.728,10074.02
2025-04-24 17:55:00+09:00,2.728,2.735,2.724,2.728,11247.64
2025-04-24 18:00:00+09:00,2.728,2.744,2.725,2.744,7279.78
2025-04-24 18:05:00+09:00,2.745,2.76,2.741,2.759,37402.87
2025-04-24 18:10:00+09:00,2.759,2.76,2.751,2.76,16565.33
2025-04-24 18:15:00+09:00,2.759,2.766,2.759,2.76,25790.4
2025-04-24 18:20:00+09:00,2.759,2.768,2.755,2.765,7580.23
2025-04-24 18:25:00+09:00,2.766,2.771,2.753,2.753,6086.83
2025-04-24 18:30:00+09:00,2.753,2.762,2.749,2.758,9627.72
2025-04-24 18:35:00+09:00,2.759,2.763,2.754,2.756,7618.96
2025-04-24 18:40:00+09:00,2.755,2.782,2.754,2.781,24974.63
2025-04-24 18:45:00+09:00,2.781,2.787,2.776,2.78,29536.15
2025-04-24 18:50:00+09:00,2.781,2.786,2.777,2.777,7843.76
2025-04-24 18:55:00+09:00,2.779,2.793,2.778,2.786,24831.22
2025-04-24 19:00:00+09:00,2.786,2.793,2.776,2.785,105441.61
2025-04-24 19:05:00+09:00,2.782,2.782,2.772,2.774,11110.22
2025-04-24 19:10:00+09:00,2.774,2.787,2.774,2.785,9818.87
2025-04-24 19:15:00+09:00,2.784,2.789,2.776,2.777,6010.23
2025-04-24 19:20:00+09:00,2.778,2.797,2.777,2.792,12283.67
2025-04-24 19:25:00+09:00,2.793,2.798,2.791,2.795,34129.04
2025-04-24 19:30:00+09:00,2.796,2.796,2.782,2.784,14487.73
2025-04-24 19:35:00+09:00,2.785,2.794,2.779,2.794,4770.72
2025-04-24 19:40:00+09:00,2.794,2.8,2.793,2.797,8334.87
2025-04-24 19:45:00+09:00,2.797,2.798,2.786,2.787,8919.41
2025-04-24 19:50:00+09:00,2.786,2.797,2.785,2.797,6904.26
2025-04-24 19:55:00+09:00,2.796,2.797,2.792,2.793,11163.25
2025-04-24 20:00:00+09:00,2.794,2.794,2.774,2.78,16044.01
2025-04-24 20:05:00+09:00,2.779,2.782,2.777,2.782,5238.55
2025-04-24 20:10:00+09:00,2.781,2.784,2.775,2.783,4480.37
2025-04-24 20:15:00+09:00,2.783,2.786,2.778,2.778,3116.73
2025-04-24 20:20:00+09:00,2.777,2.784,2.777,2.782,1619.76
2025-04-24 20:25:00+09:00,2.782,2.786,2.776,2.785,34404.72
2025-04-24 20:30:00+09:00,2.784,2.784,2.773,2.775,1725.32
2025-04-24 20:35:00+09:00,2.776,2.79,2.776,2.781,38961.2
2025-04-24 20:40:00+09:00,2.783,2.789,2.781,2.782,2071.66
2025-04-24 20:45:00+09:00,2.782,2.785,2.78,2.783,12801.62
2025-04-24 20:50:00+09:00,2.784,2.791,2.784,2.791,2968.76
2025-04-24 20:55:00+09:00,2.792,2.797,2.789,2.791,8887.3
2025-04-24 21:00:00+09:00,2.791,2.794,2.784,2.784,2740.03
2025-04-24 21:05:00+09:00,2.783,2.784,2.776,2.777,5389.67
2025-04-24 21:10:00+09:00,2.778,2.786,2.776,2.784,20856.4
2025-04-24 21:15:00+09:00,2.783,2.788,2.781,2.788,11311.65
2025-04-24 21:20:00+09:00,2.789,2.795,2.787,2.788,32308.08
2025-04-24 21:25:00+09:00,2.789,2.795,2.785,2.789,13800.39
2025-04-24 21:30:00+09:00,2.79,2.804,2.784,2.802,10822.42
2025-04-24 21:35:00+09:00,2.801,2.809,2.8,2.802,19380.25
2025-04-24 21:40:00+09:00,2.802,2.805,2.792,2.793,9650.93
2025-04-24 21:45:00+09:00,2.794,2.796,2.79,2.793,2511.92
2025-04-24 21:50:00+09:00,2.792,2.801,2.792,2.799,5257.89
2025-04-24 21:55:00+09:00,2.799,2.804,2.799,2.803,16754.46
2025-04-24 22:00:00+09:00,2.803,2.807,2.799,2.8,26849.23
2025-04-24 22:05:00+09:00,2.799,2.811,2.796,2.809,33755.78
2025-04-24 22:10:00+09:00,2.808,2.819,2.807,2.816,25620.67
2025-04-24 22:15:00+09:00,2.818,2.828,2.813,2.828,36947.44
2025-04-24 22:20:00+09:00,2.828,2.835,2.827,2.833,57940.13
2025-04-24 22:25:00+09:00,2.833,2.845,2.831,2.842,34276.76
2025-04-24 22:30:00+09:00,2.843,2.883,2.843,2.865,214327.21
2025-04-24 22:35:00+09:00,2.865,2.865,2.839,2.853,91541.42
2025-04-24 22:40:00+09:00,2.853,2.853,2.834,2.838,41857.14
2025-04-24 22:45:00+09:00,2.839,2.84,2.816,2.82,41407.27
2025-04-24 22:50:00+09:00,2.821,2.831,2.815,2.827,45849.76
2025-04-24 22:55:00+09:00,2.826,2.826,2.818,2.823,28348.79
2025-04-24 23:00:00+09:00,2.822,2.845,2.821,2.84,72255.53
2025-04-24 23:05:00+09:00,2.842,2.872,2.841,2.87,80746.1
2025-04-24 23:10:00+09:00,2.87,2.872,2.827,2.838,65452.3
2025-04-24 23:15:00+09:00,2.836,2.85,2.833,2.836,41975.08
2025-04-24 23:20:00+09:00,2.833,2.846,2.828,2.841,38397.8
2025-04-24 23:25:00+09:00,2.84,2.856,2.835,2.848,37712.42
2025-04-24 23:30:00+09:00,2.847,2.87,2.847,2.864,111927.72
2025-04-24 23:35:00+09:00,2.864,2.875,2.859,2.87,27913.05
2025-04-24 23:40:00+09:00,2.871,2.896,2.871,2.884,57274.06
2025-04-24 23:45:00+09:00,2.885,2.888,2.854,2.871,64166.0
2025-04-24 23:50:00+09:00,2.87,2.882,2.87,2.875,12423.23
2025-04-24 23:55:00+09:00,2.874,2.875,2.861,2.866,23116.17
2025-04-25 00:00:00+09:00,2.867,2.878,2.863,2.877,37647.36
2025-04-25 00:05:00+09:00,2.878,2.908,2.878,2.901,81166.12
2025-04-25 00:10:00+09:00,2.9,2.917,2.899,2.899,96102.99
2025-04-25 00:15:00+09:00,2.9,2.908,2.897,2.903,54321.13
2025-04-25 00:20:00+09:00,2.904,2.911,2.896,2.907,88362.51
2025-04-25 00:25:00+09:00,2.908,2.908,2.883,2.888,39744.71
2025-04-25 00:30:00+09:00,2.889,2.906,2.883,2.904,37461.34
2025-04-25 00:35:00+09:00,2.903,2.916,2.903,2.914,60061.11
2025-04-25 00:40:00+09:00,2.914,2.92,2.896,2.898,49498.33
2025-04-25 00:45:00+09:00,2.899,2.904,2.89,2.899,46806.59
2025-04-25 00:50:00+09:00,2.899,2.901,2.887,2.901,18988.47
2025-04-25 00:55:00+09:00,2.901,2.902,2.885,2.89,16462.96
2025-04-25 01:00:00+09:00,2.891,2.896,2.88,2.885,24919.92
2025-04-25 01:05:00+09:00,2.884,2.885,2.869,2.874,20206.41
2025-04-25 01:10:00+09:00,2.875,2.892,2.875,2.891,19988.97
2025-04-25 01:15:00+09:00,2.892,2.897,2.891,2.897,6181.4
2025-04-25 01:20:00+09:00,2.897,2.907,2.896,2.899,29205.42
2025-04-25 01:25:00+09:00,2.897,2.904,2.891,2.9,27565.6
2025-04-25 01:30:00+09:00,2.9,2.903,2.892,2.897,11137.69
2025-04-25 01:35:00+09:00,2.896,2.902,2.89,2.896,8370.67
2025-04-25 01:40:00+09:00,2.897,2.903,2.897,2.899,6895.83
2025-04-25 01:45:00+09:00,2.899,2.907,2.897,2.904,14408.6
2025-04-25 01:50:00+09:00,2.905,2.908,2.898,2.901,40319.54
2025-04-25 01:55:00+09:00,2.902,2.903,2.895,2.897,13828.42
2025-04-25 02:00:00+09:00,2.896,2.903,2.887,2.901,8674.4
2025-04-25 02:05:00+09:00,2.902,2.906,2.876,2.878,18265.63
2025-04-25 02:10:00+09:00,2.876,2.876,2.856,2.856,12066.05
2025-04-25 02:15:00+09:00,2.855,2.862,2.834,2.838,86451.51
2025-04-25 02:20:00+09:00,2.837,2.841,2.816,2.824,75994.75
2025-04-25 02:25:00+09:00,2.826,2.845,2.824,2.838,46045.81
2025-04-25 02:30:00+09:00,2.839,2.841,2.825,2.827,39009.86
2025-04-25 02:35:00+09:00,2.826,2.837,2.826,2.834,8476.15
2025-04-25 02:40:00+09:00,2.834,2.836,2.807,2.811,54363.29
2025-04-25 02:45:00+09:00,2.811,2.818,2.799,2.815,90246.89
2025-04-25 02:50:00+09:00,2.816,2.83,2.808,2.827,10337.56
2025-04-25 02:55:00+09:00,2.83,2.836,2.821,2.832,18502.98
2025-04-25 03:00:00+09:00,2.832,2.839,2.829,2.831,5738.45
2025-04-25 03:05:00+09:00,2.832,2.845,2.831,2.839,19143.94
2025-04-25 03:10:00+09:00,2.841,2.853,2.834,2.851,12841.66
2025-04-25 03:15:00+09:00,2.851,2.858,2.841,2.843,30260.3
2025-04-25 03:20:00+09:00,2.843,2.843,2.832,2.835,14171.51
2025-04-25 03:25:00+09:00,2.834,2.836,2.819,2.821,92328.0
2025-04-25 03:30:00+09:00,2.821,2.836,2.82,2.823,42439.13
2025-04-25 03:35:00+09:00,2.823,2.828,2.816,2.817,48010.82
2025-04-25 03:40:00+09:00,2.816,2.822,2.811,2.814,39179.49
2025-04-25 03:45:00+09:00,2.815,2.828,2.813,2.824,31978.46
2025-04-25 03:50:00+09:00,2.825,2.84,2.825,2.833,21155.11
2025-04-25 03:55:00+09:00,2.833,2.838,2.833,2.835,4916.92
2025-04-25 04:00:00+09:00,2.835,2.84,2.822,2.823,18698.37
2025-04-25 04:05:00+09:00,2.823,2.834,2.82,2.833,16045.83
2025-04-25 04:10:00+09:00,2.834,2.836,2.823,2.828,10480.74
2025-04-25 04:15:00+09:00,2.829,2.835,2.826,2.833,10094.51
2025-04-25 04:20:00+09:00,2.832,2.845,2.829,2.845,2434.81
2025-04-25 04:25:00+09:00,2.845,2.848,2.842,2.845,8292.9
2025-04-25 04:30:00+09:00,2.843,2.852,2.841,2.841,10927.75
2025-04-25 04:35:00+09:00,2.84,2.851,2.84,2.845,6938.72
2025-04-25 04:40:00+09:00,2.845,2.846,2.841,2.843,6783.42
2025-04-25 04:45:00+09:00,2.843,2.849,2.836,2.849,10947.05
2025-04-25 04:50:00+09:00,2.849,2.863,2.848,2.862,24104.15
2025-04-25 04:55:00+09:00,2.862,2.862,2.855,2.855,15909.74
2025-04-25 05:00:00+09:00,2.856,2.872,2.851,2.852,42854.68
2025-04-25 05:05:00+09:00,2.852,2.859,2.85,2.851,6718.04
2025-04-25 05:10:00+09:00,2.852,2.852,2.84,2.843,8236.9
2025-04-25 05:15:00+09:00,2.841,2.853,2.839,2.845,11944.21
2025-04-25 05:20:00+09:00,2.843,2.853,2.838,2.851,41250.37
2025-04-25 05:25:00+09:00,2.852,2.855,2.848,2.849,9023.89
2025-04-25 05:30:00+09:00,2.849,2.852,2.845,2.845,4726.54
2025-04-25 05:35:00+09:00,2.844,2.852,2.844,2.845,2183.36
2025-04-25 05:40:00+09:00,2.844,2.847,2.839,2.845,10560.36
2025-04-25 05:45:00+09:00,2.846,2.857,2.846,2.857,1284.68
2025-04-25 05:50:00+09:00,2.857,2.864,2.855,2.86,4339.71
2025-04-25 05:55:00+09:00,2.86,2.86,2.85,2.85,7725.5
2025-04-25 06:00:00+09:00,2.849,2.855,2.848,2.85,3095.96
2025-04-25 06:05:00+09:00,2.851,2.862,2.85,2.862,4047.28
2025-04-25 06:10:00+09:00,2.861,2.863,2.854,2.856,29016.92
2025-04-25 06:15:00+09:00,2.856,2.86,2.853,2.857,7150.2
2025-04-25 06:20:00+09:00,2.856,2.856,2.837,2.847,36728.11
2025-04-25 06:25:00+09:00,2.847,2.85,2.83,2.833,17499.26
2025-04-25 06:30:00+09:00,2.833,2.849,2.83,2.84,10361.5
2025-04-25 06:35:00+09:00,2.838,2.846,2.833,2.837,6186.99
2025-04-25 06:40:00+09:00,2.837,2.839,2.832,2.832,6282.97
2025-04-25 06:45:00+09:00,2.833,2.845,2.832,2.845,7646.22
2025-04-25 06:50:00+09:00,2.845,2.848,2.842,2.842,7298.74
2025-04-25 06:55:00+09:00,2.844,2.847,2.843,2.845,1935.6
2025-04-25 07:00:00+09:00,2.845,2.851,2.838,2.848,3689.93
2025-04-25 07:05:00+09:00,2.848,2.854,2.848,2.85,2416.13
2025-04-25 07:10:00+09:00,2.85,2.857,2.85,2.854,7982.93
2025-04-25 07:15:00+09:00,2.854,2.86,2.853,2.855,5626.14
2025-04-25 07:20:00+09:00,2.856,2.858,2.851,2.858,5834.64
2025-04-25 07:25:00+09:00,2.858,2.865,2.858,2.86,8110.54
2025-04-25 07:30:00+09:00,2.86,2.867,2.858,2.867,991.72
2025-04-25 07:35:00+09:00,2.867,2.869,2.864,2.865,5769.06
2025-04-25 07:40:00+09:00,2.864,2.864,2.856,2.857,9987.52
2025-04-25 07:45:00+09:00,2.855,2.855,2.849,2.85,31906.68
2025-04-25 07:50:00+09:00,2.848,2.848,2.835,2.837,8948.67
2025-04-25 07:55:00+09:00,2.837,2.845,2.837,2.843,6604.43
2025-04-25 08:00:00+09:00,2.843,2.844,2.833,2.836,5813.44
2025-04-25 08:05:00+09:00,2.836,2.847,2.834,2.845,3205.68
2025-04-25 08:10:00+09:00,2.844,2.848,2.844,2.847,1361.03
2025-04-25 08:15:00+09:00,2.846,2.85,2.846,2.849,2572.6
2025-04-25 08:20:00+09:00,2.85,2.853,2.845,2.852,7971.39
2025-04-25 08:25:00+09:00,2.852,2.864,2.85,2.864,6477.71
2025-04-25 08:30:00+09:00,2.864,2.872,2.859,2.868,16267.25
2025-04-25 08:35:00+09:00,2.87,2.871,2.857,2.857,2837.88
2025-04-25 08:40:00+09:00,2.858,2.869,2.857,2.869,8935.4
2025-04-25 08:45:00+09:00,2.869,2.873,2.864,2.871,3660.92
2025-04-25 08:50:00+09:00,2.871,2.873,2.868,2.868,6717.75
2025-04-25 08:55:00+09:00,2.867,2.871,2.866,2.871,4644.78
2025-04-25 09:00:00+09:00,2.871,2.878,2.869,2.874,5750.37
2025-04-25 09:05:00+09:00,2.875,2.876,2.861,2.865,6137.27
2025-04-25 09:10:00+09:00,2.864,2.864,2.858,2.863,8396.23
2025-04-25 09:15:00+09:00,2.861,2.868,2.855,2.867,5449.05
2025-04-25 09:20:00+09:00,2.868,2.874,2.864,2.873,1576.37
2025-04-25 09:25:00+09:00,2.872,2.886,2.869,2.885,12075.14
2025-04-25 09:30:00+09:00,2.886,2.889,2.878,2.887,8192.77
2025-04-25 09:35:00+09:00,2.886,2.893,2.886,2.887,4083.41
2025-04-25 09:40:00+09:00,2.887,2.895,2.887,2.892,2734.38
2025-04-25 09:45:00+09:00,2.891,2.892,2.871,2.885,19401.31
2025-04-25 09:50:00+09:00,2.885,2.886,2.882,2.882,4419.3
2025-04-25 09:55:00+09:00,2.882,2.884,2.876,2.877,1995.94
2025-04-25 10:00:00+09:00,2.877,2.88,2.869,2.876,2884.08
2025-04-25 10:05:00+09:00,2.876,2.892,2.869,2.891,9122.57
2025-04-25 10:10:00+09:00,2.892,2.91,2.892,2.906,45287.72
2025-04-25 10:15:00+09:00,2.907,2.911,2.881,2.885,19921.37
2025-04-25 10:20:00+09:00,2.884,2.886,2.875,2.879,7856.33
2025-04-25 10:25:00+09:00,2.879,2.879,2.866,2.867,3283.05
2025-04-25 10:30:00+09:00,2.868,2.876,2.862,2.87,11110.63
2025-04-25 10:35:00+09:00,2.872,2.885,2.872,2.879,2813.6
2025-04-25 10:40:00+09:00,2.879,2.881,2.873,2.877,3681.62
2025-04-25 10:45:00+09:00,2.877,2.883,2.869,2.87,4999.08
2025-04-25 10:50:00+09:00,2.869,2.873,2.868,2.869,5159.17
2025-04-25 10:55:00+09:00,2.868,2.868,2.852,2.855,17756.18
2025-04-25 11:00:00+09:00,2.855,2.866,2.855,2.865,14541.8
2025-04-25 11:05:00+09:00,2.863,2.863,2.841,2.841,22013.89
2025-04-25 11:10:00+09:00,2.84,2.85,2.84,2.843,2085.09
2025-04-25 11:15:00+09:00,2.842,2.844,2.835,2.837,7688.56
2025-04-25 11:20:00+09:00,2.837,2.841,2.829,2.829,19720.32
2025-04-25 11:25:00+09:00,2.829,2.83,2.818,2.82,23148.27
2025-04-25 11:30:00+09:00,2.821,2.822,2.808,2.808,41467.58
2025-04-25 11:35:00+09:00,2.808,2.814,2.807,2.808,12025.5
2025-04-25 11:40:00+09:00,2.807,2.81,2.796,2.802,66963.33
2025-04-25 11:45:00+09:00,2.801,2.811,2.796,2.8,7462.48
2025-04-25 11:50:00+09:00,2.799,2.799,2.786,2.791,35090.45
2025-04-25 11:55:00+09:00,2.792,2.793,2.773,2.78,37907.43
2025-04-25 12:00:00+09:00,2.78,2.783,2.772,2.779,19100.56
2025-04-25 12:05:00+09:00,2.779,2.783,2.772,2.778,14344.63
2025-04-25 12:10:00+09:00,2.779,2.779,2.767,2.768,5754.66
2025-04-25 12:15:00+09:00,2.768,2.778,2.767,2.772,24259.73
2025-04-25 12:20:00+09:00,2.773,2.774,2.754,2.76,32618.93
2025-04-25 12:25:00+09:00,2.76,2.76,2.732,2.734,70781.56
2025-04-25 12:30:00+09:00,2.735,2.752,2.735,2.751,27870.72
2025-04-25 12:35:00+09:00,2.751,2.755,2.747,2.753,12210.29
2025-04-25 12:40:00+09:00,2.754,2.756,2.743,2.748,21735.02
2025-04-25 12:45:00+09:00,2.748,2.791,2.745,2.788,91709.4
2025-04-25 12:50:00+09:00,2.788,2.8,2.782,2.794,17824.32
2025-04-25 12:55:00+09:00,2.795,2.795,2.785,2.795,4114.19
2025-04-25 13:00:00+09:00,2.795,2.797,2.788,2.793,16024.09
2025-04-25 13:05:00+09:00,2.792,2.803,2.79,2.799,11932.42
2025-04-25 13:10:00+09:00,2.799,2.821,2.799,2.818,52754.76
2025-04-25 13:15:00+09:00,2.817,2.817,2.799,2.799,13600.52
2025-04-25 13:20:00+09:00,2.799,2.809,2.799,2.806,4566.07
2025-04-25 13:25:00+09:00,2.805,2.805,2.791,2.792,5731.22
2025-04-25 13:30:00+09:00,2.792,2.798,2.783,2.793,8294.13
2025-04-25 13:35:00+09:00,2.794,2.802,2.791,2.802,5147.91
2025-04-25 13:40:00+09:00,2.8,2.814,2.8,2.814,3788.32
2025-04-25 13:45:00+09:00,2.814,2.814,2.805,2.81,6842.57
2025-04-25 13:50:00+09:00,2.81,2.81,2.803,2.805,4397.52
2025-04-25 13:55:00+09:00,2.805,2.809,2.803,2.808,4188.18
2025-04-25 14:00:00+09:00,2.808,2.825,2.801,2.823,39059.48
2025-04-25 14:05:00+09:00,2.821,2.841,2.82,2.84,86664.87
2025-04-25 14:10:00+09:00,2.839,2.84,2.833,2.835,21183.94
2025-04-25 14:15:00+09:00,2.834,2.839,2.817,2.825,57143.0
2025-04-25 14:20:00+09:00,2.825,2.83,2.824,2.826,5568.4
2025-04-25 14:25:00+09:00,2.825,2.835,2.823,2.835,9582.18
2025-04-25 14:30:00+09:00,2.835,2.842,2.835,2.837,8804.81
2025-04-25 14:35:00+09:00,2.838,2.84,2.833,2.837,4171.82
2025-04-25 14:40:00+09:00,2.837,2.841,2.834,2.841,7706.25
2025-04-25 14:45:00+09:00,2.842,2.846,2.834,2.838,11625.47
2025-04-25 14:50:00+09:00,2.837,2.838,2.83,2.831,3992.74
2025-04-25 14:55:00+09:00,2.832,2.839,2.832,2.837,2929.35
2025-04-25 15:00:00+09:00,2.837,2.844,2.83,2.842,31337.69
2025-04-25 15:05:00+09:00,2.843,2.854,2.843,2.852,14853.94
2025-04-25 15:10:00+09:00,2.853,2.863,2.852,2.862,13612.61
2025-04-25 15:15:00+09:00,2.863,2.864,2.858,2.859,27072.4
2025-04-25 15:20:00+09:00,2.858,2.869,2.855,2.865,10954.85
2025-04-25 15:25:00+09:00,2.865,2.88,2.863,2.877,19570.02
2025-04-25 15:30:00+09:00,2.877,2.887,2.876,2.882,11687.59
2025-04-25 15:35:00+09:00,2.884,2.885,2.869,2.87,22569.51
2025-04-25 15:40:00+09:00,2.872,2.889,2.872,2.888,14845.24
2025-04-25 15:45:00+09:00,2.888,2.888,2.877,2.886,17524.26
2025-04-25 15:50:00+09:00,2.887,2.902,2.885,2.897,46521.61
2025-04-25 15:55:00+09:00,2.896,2.896,2.887,2.888,13756.43
2025-04-25 16:00:00+09:00,2.887,2.899,2.887,2.895,18155.39
2025-04-25 16:05:00+09:00,2.895,2.914,2.895,2.909,80654.19
2025-04-25 16:10:00+09:00,2.91,2.916,2.898,2.898,20226.2
2025-04-25 16:15:00+09:00,2.898,2.905,2.891,2.896,15815.38
2025-04-25 16:20:00+09:00,2.896,2.896,2.873,2.873,39088.87
2025-04-25 16:25:00+09:00,2.873,2.889,2.871,2.882,21565.46
2025-04-25 16:30:00+09:00,2.881,2.891,2.869,2.871,20222.73
2025-04-25 16:35:00+09:00,2.872,2.883,2.872,2.883,6991.9
2025-04-25 16:40:00+09:00,2.884,2.891,2.883,2.887,12213.4
2025-04-25 16:45:00+09:00,2.888,2.894,2.881,2.881,19676.13
2025-04-25 16:50:00+09:00,2.883,2.899,2.883,2.897,10219.44
2025-04-25 16:55:00+09:00,2.896,2.903,2.894,2.898,47351.64
2025-04-25 17:00:00+09:00,2.898,2.9,2.891,2.896,5458.76
2025-04-25 17:05:00+09:00,2.898,2.904,2.894,2.902,12206.71
2025-04-25 17:10:00+09:00,2.901,2.902,2.889,2.892,8488.2
2025-04-25 17:15:00+09:00,2.892,2.902,2.891,2.901,23684.03
2025-04-25 17:20:00+09:00,2.901,2.91,2.899,2.909,10832.19
2025-04-25 17:25:00+09:00,2.91,2.927,2.907,2.913,95091.42
2025-04-25 17:30:00+09:00,2.913,2.913,2.895,2.896,33340.1
2025-04-25 17:35:00+09:00,2.896,2.908,2.896,2.905,7443.26
2025-04-25 17:40:00+09:00,2.905,2.91,2.898,2.907,5445.56
2025-04-25 17:45:00+09:00,2.907,2.919,2.904,2.91,37470.46
2025-04-25 17:50:00+09:00,2.911,2.923,2.909,2.922,38845.76
2025-04-25 17:55:00+09:00,2.922,2.926,2.914,2.916,44450.09
2025-04-25 18:00:00+09:00,2.916,2.92,2.906,2.911,41501.88
2025-04-25 18:05:00+09:00,2.912,2.914,2.9,2.902,23506.52
2025-04-25 18:10:00+09:00,2.901,2.913,2.896,2.912,37360.43
2025-04-25 18:15:00+09:00,2.911,2.912,2.898,2.906,14399.75
2025-04-25 18:20:00+09:00,2.907,2.913,2.907,2.909,12911.35
2025-04-25 18:25:00+09:00,2.909,2.909,2.902,2.904,11461.3
2025-04-25 18:30:00+09:00,2.903,2.914,2.902,2.914,12110.54
2025-04-25 18:35:00+09:00,2.915,2.917,2.908,2.909,18135.77
2025-04-25 18:40:00+09:00,2.908,2.914,2.906,2.91,13662.48
2025-04-25 18:45:00+09:00,2.911,2.922,2.909,2.921,30392.57
2025-04-25 18:50:00+09:00,2.922,2.924,2.913,2.92,33934.2
2025-04-25 18:55:00+09:00,2.919,2.927,2.915,2.915,30144.83
2025-04-25 19:00:00+09:00,2.915,2.918,2.892,2.895,49174.15
2025-04-25 19:05:00+09:00,2.895,2.899,2.876,2.889,124736.87
2025-04-25 19:10:00+09:00,2.888,2.893,2.884,2.886,33085.42
2025-04-25 19:15:00+09:00,2.886,2.893,2.877,2.89,53122.7
2025-04-25 19:20:00+09:00,2.89,2.89,2.869,2.884,49742.91
2025-04-25 19:25:00+09:00,2.883,2.886,2.873,2.875,28208.62
2025-04-25 19:30:00+09:00,2.874,2.884,2.87,2.884,28310.82
2025-04-25 19:35:00+09:00,2.883,2.887,2.863,2.865,29595.81
2025-04-25 19:40:00+09:00,2.865,2.875,2.864,2.875,13348.54
2025-04-25 19:45:00+09:00,2.874,2.882,2.869,2.869,24260.61
2025-04-25 19:50:00+09:00,2.869,2.875,2.868,2.873,14170.37
2025-04-25 19:55:00+09:00,2.872,2.886,2.872,2.881,22621.43
2025-04-25 20:00:00+09:00,2.882,2.898,2.882,2.896,19831.98
2025-04-25 20:05:00+09:00,2.896,2.915,2.895,2.911,34056.53
2025-04-25 20:10:00+09:00,2.91,2.911,2.903,2.91,19839.41
2025-04-25 20:15:00+09:00,2.91,2.916,2.903,2.91,35622.26
2025-04-25 20:20:00+09:00,2.91,2.923,2.909,2.923,19274.95
2025-04-25 20:25:00+09:00,2.923,2.927,2.919,2.925,16416.65
2025-04-25 20:30:00+09:00,2.925,2.926,2.911,2.911,38426.35
2025-04-25 20:35:00+09:00,2.912,2.925,2.912,2.922,37824.83
2025-04-25 20:40:00+09:00,2.923,2.931,2.919,2.922,28118.97
2025-04-25 20:45:00+09:00,2.923,2.926,2.917,2.921,25896.04
2025-04-25 20:50:00+09:00,2.92,2.923,2.915,2.919,22785.72
2025-04-25 20:55:00+09:00,2.919,2.928,2.919,2.924,43340.56
2025-04-25 21:00:00+09:00,2.925,2.926,2.909,2.912,90746.9
2025-04-25 21:05:00+09:00,2.913,2.917,2.907,2.915,28138.87
2025-04-25 21:10:00+09:00,2.914,2.931,2.911,2.925,50748.42
2025-04-25 21:15:00+09:00,2.924,2.934,2.915,2.915,65483.56
2025-04-25 21:20:00+09:00,2.915,2.915,2.9,2.9,74031.48
2025-04-25 21:25:00+09:00,2.901,2.901,2.878,2.88,60400.0
2025-04-25 21:30:00+09:00,2.881,2.897,2.877,2.886,19925.11
2025-04-25 21:35:00+09:00,2.886,2.892,2.883,2.887,18813.58
2025-04-25 21:40:00+09:00,2.886,2.896,2.884,2.889,19794.24
2025-04-25 21:45:00+09:00,2.89,2.89,2.868,2.871,33223.17
2025-04-25 21:50:00+09:00,2.871,2.871,2.836,2.845,113716.68
2025-04-25 21:55:00+09:00,2.846,2.855,2.846,2.847,25982.43
2025-04-25 22:00:00+09:00,2.848,2.863,2.842,2.863,34909.6
2025-04-25 22:05:00+09:00,2.862,2.867,2.843,2.852,30120.87
2025-04-25 22:10:00+09:00,2.852,2.861,2.849,2.861,17012.42
2025-04-25 22:15:00+09:00,2.86,2.863,2.854,2.861,11165.93
2025-04-25 22:20:00+09:00,2.86,2.862,2.848,2.852,21760.65
2025-04-25 22:25:00+09:00,2.852,2.858,2.839,2.841,19576.79
2025-04-25 22:30:00+09:00,2.842,2.859,2.833,2.859,112796.68
2025-04-25 22:35:00+09:00,2.859,2.874,2.856,2.867,80367.16
2025-04-25 22:40:00+09:00,2.868,2.875,2.852,2.855,58499.15
2025-04-25 22:45:00+09:00,2.856,2.87,2.856,2.868,26549.95
2025-04-25 22:50:00+09:00,2.868,2.868,2.846,2.855,23212.95
2025-04-25 22:55:00+09:00,2.855,2.861,2.852,2.855,8879.99
2025-04-25 23:00:00+09:00,2.855,2.868,2.855,2.862,58718.98
2025-04-25 23:05:00+09:00,2.862,2.88,2.862,2.876,13585.88
2025-04-25 23:10:00+09:00,2.876,2.887,2.868,2.885,40853.51
2025-04-25 23:15:00+09:00,2.885,2.887,2.867,2.871,32249.49
2025-04-25 23:20:00+09:00,2.872,2.872,2.849,2.863,23217.43
2025-04-25 23:25:00+09:00,2.862,2.862,2.846,2.856,15099.67
2025-04-25 23:30:00+09:00,2.857,2.867,2.847,2.866,9849.78
2025-04-25 23:35:00+09:00,2.865,2.865,2.858,2.865,11243.36
2025-04-25 23:40:00+09:00,2.864,2.88,2.864,2.88,32728.02
2025-04-25 23:45:00+09:00,2.879,2.894,2.874,2.887,98956.35
2025-04-25 23:50:00+09:00,2.887,2.893,2.877,2.893,62571.87
2025-04-25 23:55:00+09:00,2.893,2.9,2.883,2.89,75588.38
2025-04-26 00:00:00+09:00,2.892,2.895,2.881,2.89,37370.28
2025-04-26 00:05:00+09:00,2.889,2.893,2.882,2.883,28636.4
2025-04-26 00:10:00+09:00,2.882,2.894,2.882,2.891,42821.08
2025-04-26 00:15:00+09:00,2.89,2.893,2.877,2.879,27085.03
2025-04-26 00:20:00+09:00,2.879,2.882,2.871,2.88,40742.02
2025-04-26 00:25:00+09:00,2.878,2.88,2.85,2.85,92526.5
2025-04-26 00:30:00+09:00,2.85,2.863,2.849,2.853,62398.94
2025-04-26 00:35:00+09:00,2.855,2.855,2.82,2.821,39544.42
2025-04-26 00:40:00+09:00,2.821,2.839,2.821,2.835,29634.93
2025-04-26 00:45:00+09:00,2.835,2.847,2.831,2.834,14994.24
2025-04-26 00:50:00+09:00,2.835,2.847,2.832,2.846,26247.81
2025-04-26 00:55:00+09:00,2.846,2.848,2.842,2.845,19743.14
2025-04-26 01:00:00+09:00,2.846,2.862,2.846,2.851,24514.53
2025-04-26 01:05:00+09:00,2.85,2.85,2.836,2.848,26982.33
2025-04-26 01:10:00+09:00,2.849,2.85,2.831,2.831,15255.72
2025-04-26 01:15:00+09:00,2.832,2.835,2.815,2.826,36483.97
2025-04-26 01:20:00+09:00,2.825,2.847,2.823,2.843,35160.54
2025-04-26 01:25:00+09:00,2.843,2.853,2.843,2.853,17045.77
2025-04-26 01:30:00+09:00,2.853,2.855,2.845,2.852,17030.76
2025-04-26 01:35:00+09:00,2.853,2.862,2.852,2.861,24920.64
2025-04-26 01:40:00+09:00,2.863,2.87,2.862,2.869,23680.43
2025-04-26 01:45:00+09:00,2.871,2.871,2.853,2.856,11372.83
2025-04-26 01:50:00+09:00,2.857,2.863,2.85,2.852,18389.12
2025-04-26 01:55:00+09:00,2.852,2.86,2.852,2.859,6096.28
2025-04-26 02:00:00+09:00,2.86,2.875,2.857,2.875,11101.71
2025-04-26 02:05:00+09:00,2.874,2.879,2.871,2.875,17833.98
2025-04-26 02:10:00+09:00,2.875,2.878,2.867,2.871,13914.52
2025-04-26 02:15:00+09:00,2.871,2.873,2.864,2.871,7759.03
2025-04-26 02:20:00+09:00,2.871,2.881,2.871,2.879,16257.3
2025-04-26 02:25:00+09:00,2.879,2.883,2.871,2.871,5809.5
2025-04-26 02:30:00+09:00,2.87,2.87,2.851,2.863,21473.37
2025-04-26 02:35:00+09:00,2.862,2.862,2.826,2.83,55228.33
2025-04-26 02:40:00+09:00,2.83,2.844,2.825,2.837,18402.67
2025-04-26 02:45:00+09:00,2.837,2.837,2.818,2.826,40320.83
2025-04-26 02:50:00+09:00,2.827,2.835,2.823,2.826,10439.13
2025-04-26 02:55:00+09:00,2.827,2.828,2.82,2.822,11503.93
2025-04-26 03:00:00+09:00,2.824,2.836,2.824,2.833,8729.15
2025-04-26 03:05:00+09:00,2.832,2.832,2.818,2.825,6978.91
2025-04-26 03:10:00+09:00,2.824,2.827,2.815,2.827,14757.06
2025-04-26 03:15:00+09:00,2.827,2.833,2.821,2.832,9402.2
2025-04-26 03:20:00+09:00,2.832,2.841,2.829,2.839,9748.15
2025-04-26 03:25:00+09:00,2.839,2.85,2.839,2.849,7055.03
2025-04-26 03:30:00+09:00,2.849,2.849,2.842,2.843,18240.9
2025-04-26 03:35:00+09:00,2.843,2.865,2.842,2.86,70598.45
2025-04-26 03:40:00+09:00,2.859,2.869,2.859,2.863,4920.79
2025-04-26 03:45:00+09:00,2.863,2.864,2.85,2.852,6670.47
2025-04-26 03:50:00+09:00,2.853,2.855,2.842,2.842,7138.52
2025-04-26 03:55:00+09:00,2.841,2.841,2.829,2.832,35887.2
2025-04-26 04:00:00+09:00,2.833,2.836,2.824,2.825,35572.3
2025-04-26 04:05:00+09:00,2.825,2.833,2.824,2.833,12610.08
2025-04-26 04:10:00+09:00,2.833,2.833,2.819,2.819,7601.26
2025-04-26 04:15:00+09:00,2.821,2.83,2.82,2.828,2723.32
2025-04-26 04:20:00+09:00,2.828,2.828,2.822,2.822,5325.76
2025-04-26 04:25:00+09:00,2.823,2.835,2.822,2.83,11014.02
2025-04-26 04:30:00+09:00,2.83,2.833,2.823,2.823,3241.53
2025-04-26 04:35:00+09:00,2.822,2.827,2.816,2.827,10224.37
2025-04-26 04:40:00+09:00,2.827,2.834,2.825,2.834,3061.06
2025-04-26 04:45:00+09:00,2.835,2.835,2.825,2.83,2116.11
2025-04-26 04:50:00+09:00,2.831,2.844,2.831,2.844,7726.25
2025-04-26 04:55:00+09:00,2.842,2.845,2.838,2.845,2878.81
2025-04-26 05:00:00+09:00,2.845,2.846,2.835,2.839,3107.26
2025-04-26 05:05:00+09:00,2.839,2.85,2.838,2.85,5002.15
2025-04-26 05:10:00+09:00,2.851,2.851,2.843,2.846,3262.32
2025-04-26 05:15:00+09:00,2.846,2.851,2.842,2.85,6049.37
2025-04-26 05:20:00+09:00,2.849,2.851,2.834,2.837,6851.05
2025-04-26 05:25:00+09:00,2.837,2.847,2.837,2.845,12705.32
2025-04-26 05:30:00+09:00,2.845,2.851,2.844,2.849,3937.03
2025-04-26 05:35:00+09:00,2.849,2.85,2.838,2.85,20324.5
2025-04-26 05:40:00+09:00,2.85,2.853,2.846,2.846,5465.68
2025-04-26 05:45:00+09:00,2.847,2.86,2.847,2.859,7320.92
2025-04-26 05:50:00+09:00,2.858,2.868,2.858,2.86,5767.16
2025-04-26 05:55:00+09:00,2.859,2.866,2.859,2.86,7141.44
2025-04-26 06:00:00+09:00,2.86,2.875,2.859,2.873,28957.97
2025-04-26 06:05:00+09:00,2.872,2.883,2.869,2.881,25342.08
2025-04-26 06:10:00+09:00,2.88,2.888,2.879,2.888,15578.9
2025-04-26 06:15:00+09:00,2.888,2.89,2.874,2.877,34139.22
2025-04-26 06:20:00+09:00,2.877,2.878,2.866,2.866,6480.22
2025-04-26 06:25:00+09:00,2.866,2.868,2.862,2.862,1963.33
2025-04-26 06:30:00+09:00,2.862,2.873,2.856,2.871,6586.74
2025-04-26 06:35:00+09:00,2.871,2.872,2.86,2.861,3416.62
2025-04-26 06:40:00+09:00,2.862,2.872,2.859,2.868,14732.38
2025-04-26 06:45:00+09:00,2.868,2.869,2.841,2.841,5535.98
2025-04-26 06:50:00+09:00,2.841,2.852,2.837,2.85,27242.04
2025-04-26 06:55:00+09:00,2.85,2.854,2.842,2.852,12744.24
2025-04-26 07:00:00+09:00,2.852,2.866,2.852,2.866,5661.51
2025-04-26 07:05:00+09:00,2.866,2.87,2.864,2.867,1882.25
2025-04-26 07:10:00+09:00,2.866,2.868,2.863,2.868,3532.18
2025-04-26 07:15:00+09:00,2.867,2.879,2.863,2.878,8025.53
2025-04-26 07:20:00+09:00,2.879,2.88,2.875,2.878,11490.02
2025-04-26 07:25:00+09:00,2.878,2.884,2.878,2.88,5504.29
2025-04-26 07:30:00+09:00,2.88,2.89,2.88,2.89,6839.02
2025-04-26 07:35:00+09:00,2.89,2.895,2.887,2.889,16329.21
2025-04-26 07:40:00+09:00,2.888,2.893,2.886,2.893,6476.24
2025-04-26 07:45:00+09:00,2.893,2.893,2.884,2.889,6770.07
2025-04-26 07:50:00+09:00,2.888,2.89,2.882,2.886,3402.18
2025-04-26 07:55:00+09:00,2.886,2.886,2.88,2.883,1457.32
2025-04-26 08:00:00+09:00,2.882,2.885,2.876,2.88,6122.64
2025-04-26 08:05:00+09:00,2.879,2.891,2.876,2.891,3030.56
2025-04-26 08:10:00+09:00,2.89,2.891,2.877,2.877,4513.46
2025-04-26 08:15:00+09:00,2.877,2.877,2.868,2.873,1559.7
2025-04-26 08:20:00+09:00,2.872,2.872,2.865,2.866,5380.86
2025-04-26 08:25:00+09:00,2.866,2.872,2.865,2.872,920.74
2025-04-26 08:30:00+09:00,2.871,2.871,2.863,2.865,3743.48
2025-04-26 08:35:00+09:00,2.866,2.874,2.866,2.872,8850.7
2025-04-26 08:40:00+09:00,2.872,2.872,2.866,2.87,5709.94
2025-04-26 08:45:00+09:00,2.869,2.869,2.862,2.865,1292.32
2025-04-26 08:50:00+09:00,2.864,2.87,2.864,2.87,1900.53
2025-04-26 08:55:00+09:00,2.869,2.869,2.862,2.865,8055.86
2025-04-26 09:00:00+09:00,2.866,2.879,2.866,2.876,11280.96
2025-04-26 09:05:00+09:00,2.876,2.877,2.869,2.872,4423.85
2025-04-26 09:10:00+09:00,2.873,2.879,2.869,2.879,11837.49
2025-04-26 09:15:00+09:00,2.878,2.88,2.869,2.88,6724.49
2025-04-26 09:20:00+09:00,2.881,2.894,2.879,2.893,4362.08
2025-04-26 09:25:00+09:00,2.895,2.898,2.891,2.896,5938.49
2025-04-26 09:30:00+09:00,2.896,2.897,2.886,2.888,10759.2
2025-04-26 09:35:00+09:00,2.887,2.897,2.886,2.895,1570.63
2025-04-26 09:40:00+09:00,2.895,2.903,2.894,2.898,9574.96
2025-04-26 09:45:00+09:00,2.899,2.911,2.899,2.907,5696.5
2025-04-26 09:50:00+09:00,2.908,2.924,2.902,2.92,56748.37
2025-04-26 09:55:00+09:00,2.92,2.922,2.914,2.914,11758.51
2025-04-26 10:00:00+09:00,2.916,2.917,2.903,2.906,4400.87
2025-04-26 10:05:00+09:00,2.905,2.911,2.898,2.91,9043.57
2025-04-26 10:10:00+09:00,2.909,2.914,2.907,2.914,6398.77
2025-04-26 10:15:00+09:00,2.912,2.926,2.911,2.925,6000.14
2025-04-26 10:20:00+09:00,2.925,2.938,2.924,2.935,12577.01
2025-04-26 10:25:00+09:00,2.935,2.939,2.931,2.935,4369.89
2025-04-26 10:30:00+09:00,2.935,2.958,2.935,2.957,21112.79
2025-04-26 10:35:00+09:00,2.958,2.971,2.953,2.954,37421.77
2025-04-26 10:40:00+09:00,2.953,2.961,2.949,2.954,21865.18
2025-04-26 10:45:00+09:00,2.953,2.956,2.949,2.951,14268.75
2025-04-26 10:50:00+09:00,2.951,2.955,2.949,2.949,4273.88
2025-04-26 10:55:00+09:00,2.949,2.96,2.949,2.957,25076.51
2025-04-26 11:00:00+09:00,2.956,2.958,2.943,2.945,13570.9
2025-04-26 11:05:00+09:00,2.946,2.947,2.937,2.94,5875.84
2025-04-26 11:10:00+09:00,2.939,2.94,2.932,2.936,9866.91
2025-04-26 11:15:00+09:00,2.937,2.944,2.935,2.94,2886.25
2025-04-26 11:20:00+09:00,2.939,2.943,2.937,2.943,1812.76
2025-04-26 11:25:00+09:00,2.944,2.948,2.943,2.945,6616.1
2025-04-26 11:30:00+09:00,2.946,2.949,2.942,2.945,3970.75
2025-04-26 11:35:00+09:00,2.946,2.953,2.946,2.95,5653.52
2025-04-26 11:40:00+09:00,2.951,2.957,2.95,2.953,10045.32
2025-04-26 11:45:00+09:00,2.954,2.955,2.943,2.943,4245.81
2025-04-26 11:50:00+09:00,2.942,2.953,2.942,2.949,6834.81
2025-04-26 11:55:00+09:00,2.949,2.95,2.942,2.942,6907.23
2025-04-26 12:00:00+09:00,2.942,2.95,2.936,2.936,6193.15
2025-04-26 12:05:00+09:00,2.936,2.94,2.932,2.938,15208.71
2025-04-26 12:10:00+09:00,2.939,2.943,2.939,2.939,2168.06
2025-04-26 12:15:00+09:00,2.94,2.94,2.924,2.925,20353.65
2025-04-26 12:20:00+09:00,2.926,2.933,2.92,2.931,5428.84
2025-04-26 12:25:00+09:00,2.93,2.935,2.923,2.925,11383.83
2025-04-26 12:30:00+09:00,2.924,2.939,2.923,2.936,16074.46
2025-04-26 12:35:00+09:00,2.935,2.942,2.934,2.934,4383.31
2025-04-26 12:40:00+09:00,2.934,2.943,2.934,2.943,1826.88
2025-04-26 12:45:00+09:00,2.944,2.946,2.942,2.944,4083.12
2025-04-26 12:50:00+09:00,2.943,2.945,2.936,2.936,1832.02
2025-04-26 12:55:00+09:00,2.935,2.937,2.931,2.936,543.22
2025-04-26 13:00:00+09:00,2.936,2.938,2.931,2.932,1301.98
2025-04-26 13:05:00+09:00,2.933,2.941,2.933,2.94,3463.88
2025-04-26 13:10:00+09:00,2.939,2.949,2.937,2.948,58740.15
2025-04-26 13:15:00+09:00,2.948,2.948,2.931,2.939,48734.47
2025-04-26 13:20:00+09:00,2.938,2.942,2.938,2.94,3790.39
2025-04-26 13:25:00+09:00,2.939,2.939,2.934,2.937,1737.64
2025-04-26 13:30:00+09:00,2.936,2.936,2.924,2.924,15494.96
2025-04-26 13:35:00+09:00,2.924,2.924,2.907,2.91,14954.4
2025-04-26 13:40:00+09:00,2.91,2.924,2.91,2.924,19739.05
2025-04-26 13:45:00+09:00,2.924,2.927,2.92,2.923,8650.87
2025-04-26 13:50:00+09:00,2.923,2.923,2.907,2.912,14219.63
2025-04-26 13:55:00+09:00,2.911,2.911,2.906,2.907,4281.59
2025-04-26 14:00:00+09:00,2.907,2.914,2.907,2.91,3743.47
2025-04-26 14:05:00+09:00,2.909,2.911,2.897,2.899,24477.07
2025-04-26 14:10:00+09:00,2.898,2.907,2.894,2.903,5411.69
2025-04-26 14:15:00+09:00,2.904,2.909,2.898,2.9,2472.64
2025-04-26 14:20:00+09:00,2.901,2.91,2.901,2.907,2628.89
2025-04-26 14:25:00+09:00,2.906,2.909,2.893,2.909,8904.85
2025-04-26 14:30:00+09:00,2.908,2.914,2.907,2.911,14339.62
2025-04-26 14:35:00+09:00,2.911,2.916,2.906,2.906,4543.2
2025-04-26 14:40:00+09:00,2.907,2.919,2.907,2.919,2490.66
2025-04-26 14:45:00+09:00,2.917,2.922,2.916,2.917,5330.85
2025-04-26 14:50:00+09:00,2.916,2.923,2.916,2.923,3584.77
2025-04-26 14:55:00+09:00,2.923,2.923,2.914,2.916,5895.27
2025-04-26 15:00:00+09:00,2.915,2.925,2.915,2.923,1471.61
2025-04-26 15:05:00+09:00,2.924,2.926,2.921,2.924,1989.04
2025-04-26 15:10:00+09:00,2.923,2.934,2.923,2.933,3682.4
2025-04-26 15:15:00+09:00,2.934,2.938,2.932,2.936,7441.55
2025-04-26 15:20:00+09:00,2.937,2.943,2.936,2.939,13645.53
2025-04-26 15:25:00+09:00,2.94,2.94,2.935,2.935,3685.86
2025-04-26 15:30:00+09:00,2.935,2.941,2.932,2.941,10884.78
2025-04-26 15:35:00+09:00,2.941,2.945,2.937,2.941,16760.25
2025-04-26 15:40:00+09:00,2.941,2.953,2.941,2.952,17917.7
2025-04-26 15:45:00+09:00,2.953,2.965,2.947,2.965,12530.48
2025-04-26 15:50:00+09:00,2.964,2.97,2.959,2.959,20678.26
2025-04-26 15:55:00+09:00,2.958,2.958,2.949,2.949,3596.87
2025-04-26 16:00:00+09:00,2.951,2.962,2.951,2.959,4574.57
2025-04-26 16:05:00+09:00,2.959,2.96,2.954,2.958,5069.0
2025-04-26 16:10:00+09:00,2.958,2.971,2.957,2.968,10723.57
2025-04-26 16:15:00+09:00,2.969,2.972,2.964,2.972,20766.97
2025-04-26 16:20:00+09:00,2.972,2.973,2.962,2.969,11967.5
2025-04-26 16:25:00+09:00,2.97,2.97,2.965,2.965,6444.3
2025-04-26 16:30:00+09:00,2.965,2.966,2.954,2.962,17932.1
2025-04-26 16:35:00+09:00,2.962,2.97,2.96,2.96,3849.11
2025-04-26 16:40:00+09:00,2.96,2.961,2.952,2.957,14780.58
2025-04-26 16:45:00+09:00,2.956,2.956,2.945,2.953,15406.45
2025-04-26 16:50:00+09:00,2.953,2.961,2.953,2.96,5841.91
2025-04-26 16:55:00+09:00,2.96,2.962,2.942,2.947,7444.37
2025-04-26 17:00:00+09:00,2.946,2.957,2.945,2.955,10433.85
2025-04-26 17:05:00+09:00,2.954,2.962,2.952,2.958,9854.05
2025-04-26 17:10:00+09:00,2.958,2.958,2.942,2.954,13573.46
2025-04-26 17:15:00+09:00,2.955,2.965,2.952,2.96,34810.47
2025-04-26 17:20:00+09:00,2.961,2.965,2.957,2.963,8498.9
2025-04-26 17:25:00+09:00,2.965,2.981,2.964,2.968,30717.25
2025-04-26 17:30:00+09:00,2.968,2.968,2.946,2.947,11857.16
2025-04-26 17:35:00+09:00,2.946,2.948,2.931,2.933,25390.89
2025-04-26 17:40:00+09:00,2.932,2.933,2.913,2.919,38600.58
2025-04-26 17:45:00+09:00,2.918,2.926,2.907,2.924,17823.35
2025-04-26 17:50:00+09:00,2.924,2.924,2.901,2.901,17924.53
2025-04-26 17:55:00+09:00,2.901,2.914,2.9,2.914,14272.38
2025-04-26 18:00:00+09:00,2.915,2.918,2.891,2.893,53132.98
2025-04-26 18:05:00+09:00,2.893,2.911,2.893,2.907,16654.64
2025-04-26 18:10:00+09:00,2.907,2.911,2.902,2.911,4278.93
2025-04-26 18:15:00+09:00,2.91,2.91,2.903,2.907,11283.03
2025-04-26 18:20:00+09:00,2.908,2.913,2.907,2.91,20925.65
2025-04-26 18:25:00+09:00,2.91,2.914,2.901,2.903,28428.89
2025-04-26 18:30:00+09:00,2.904,2.904,2.886,2.89,9956.21
2025-04-26 18:35:00+09:00,2.889,2.893,2.88,2.891,16195.15
2025-04-26 18:40:00+09:00,2.891,2.894,2.883,2.89,8911.28
2025-04-26 18:45:00+09:00,2.889,2.895,2.888,2.895,5736.18
2025-04-26 18:50:00+09:00,2.896,2.9,2.893,2.898,5118.64
2025-04-26 18:55:00+09:00,2.898,2.904,2.898,2.904,3542.95
2025-04-26 19:00:00+09:00,2.904,2.911,2.896,2.911,5518.8
2025-04-26 19:05:00+09:00,2.912,2.922,2.912,2.922,19339.97
2025-04-26 19:10:00+09:00,2.921,2.923,2.912,2.912,5196.52
2025-04-26 19:15:00+09:00,2.912,2.915,2.904,2.907,9139.86
2025-04-26 19:20:00+09:00,2.907,2.916,2.904,2.916,6381.78
2025-04-26 19:25:00+09:00,2.914,2.916,2.905,2.907,7783.32
2025-04-26 19:30:00+09:00,2.906,2.91,2.902,2.903,5217.37
2025-04-26 19:35:00+09:00,2.902,2.907,2.9,2.907,6920.56
2025-04-26 19:40:00+09:00,2.907,2.916,2.907,2.916,3674.72
2025-04-26 19:45:00+09:00,2.914,2.915,2.905,2.905,2571.72
2025-04-26 19:50:00+09:00,2.907,2.912,2.904,2.91,9740.44
2025-04-26 19:55:00+09:00,2.911,2.913,2.904,2.904,2291.83
2025-04-26 20:00:00+09:00,2.904,2.91,2.896,2.908,15115.49
2025-04-26 20:05:00+09:00,2.908,2.914,2.9,2.9,5397.93
2025-04-26 20:10:00+09:00,2.901,2.901,2.89,2.892,14255.52
2025-04-26 20:15:00+09:00,2.892,2.905,2.878,2.883,261320.88
2025-04-26 20:20:00+09:00,2.882,2.882,2.871,2.875,33549.12
2025-04-26 20:25:00+09:00,2.875,2.879,2.869,2.873,20338.28
2025-04-26 20:30:00+09:00,2.873,2.879,2.872,2.876,7700.1
2025-04-26 20:35:00+09:00,2.877,2.878,2.857,2.858,21086.18
2025-04-26 20:40:00+09:00,2.858,2.859,2.839,2.847,39977.97
2025-04-26 20:45:00+09:00,2.847,2.855,2.841,2.85,16217.08
2025-04-26 20:50:00+09:00,2.851,2.851,2.834,2.844,21746.1
2025-04-26 20:55:00+09:00,2.845,2.852,2.844,2.849,7201.48
2025-04-26 21:00:00+09:00,2.849,2.86,2.849,2.857,11000.86
2025-04-26 21:05:00+09:00,2.857,2.862,2.847,2.86,13518.64
2025-04-26 21:10:00+09:00,2.86,2.866,2.855,2.855,6368.52
2025-04-26 21:15:00+09:00,2.857,2.862,2.856,2.857,6369.69
2025-04-26 21:20:00+09:00,2.856,2.86,2.851,2.855,7323.27
2025-04-26 21:25:00+09:00,2.855,2.869,2.851,2.869,18578.83
2025-04-26 21:30:00+09:00,2.868,2.868,2.853,2.853,3064.17
2025-04-26 21:35:00+09:00,2.852,2.857,2.848,2.85,5169.05
2025-04-26 21:40:00+09:00,2.85,2.853,2.847,2.847,10882.46
2025-04-26 21:45:00+09:00,2.847,2.855,2.845,2.848,2997.54
2025-04-26 21:50:00+09:00,2.848,2.85,2.84,2.846,5415.71
2025-04-26 21:55:00+09:00,2.846,2.852,2.845,2.845,4649.26
2025-04-26 22:00:00+09:00,2.845,2.857,2.843,2.854,2574.98
2025-04-26 22:05:00+09:00,2.855,2.857,2.848,2.85,2642.08
2025-04-26 22:10:00+09:00,2.849,2.852,2.844,2.852,10009.69
2025-04-26 22:15:00+09:00,2.851,2.853,2.845,2.853,8118.34
2025-04-26 22:20:00+09:00,2.853,2.853,2.842,2.847,3174.82
2025-04-26 22:25:00+09:00,2.846,2.846,2.833,2.833,11515.86
2025-04-26 22:30:00+09:00,2.834,2.834,2.819,2.825,21753.97
2025-04-26 22:35:00+09:00,2.824,2.837,2.822,2.837,5689.04
2025-04-26 22:40:00+09:00,2.837,2.838,2.817,2.818,12386.5
2025-04-26 22:45:00+09:00,2.817,2.823,2.803,2.822,50155.3
2025-04-26 22:50:00+09:00,2.823,2.823,2.812,2.818,6830.55
2025-04-26 22:55:00+09:00,2.819,2.835,2.816,2.835,10651.8
2025-04-26 23:00:00+09:00,2.834,2.837,2.824,2.826,14832.07
2025-04-26 23:05:00+09:00,2.823,2.833,2.822,2.825,5087.33
2025-04-26 23:10:00+09:00,2.826,2.836,2.826,2.835,13675.12
2025-04-26 23:15:00+09:00,2.836,2.836,2.817,2.824,5195.15
2025-04-26 23:20:00+09:00,2.824,2.827,2.815,2.827,9063.75
2025-04-26 23:25:00+09:00,2.827,2.836,2.826,2.836,7895.73
2025-04-26 23:30:00+09:00,2.836,2.846,2.835,2.846,15052.81
2025-04-26 23:35:00+09:00,2.845,2.855,2.843,2.855,8704.22
2025-04-26 23:40:00+09:00,2.855,2.861,2.853,2.86,17708.89
2025-04-26 23:45:00+09:00,2.859,2.866,2.854,2.864,18362.21
2025-04-26 23:50:00+09:00,2.862,2.862,2.853,2.855,18785.77
2025-04-26 23:55:00+09:00,2.855,2.857,2.852,2.853,8902.93
2025-04-27 00:00:00+09:00,2.853,2.864,2.852,2.864,7673.34
2025-04-27 00:05:00+09:00,2.864,2.878,2.861,2.873,14195.58
2025-04-27 00:10:00+09:00,2.873,2.877,2.87,2.87,12219.52
2025-04-27 00:15:00+09:00,2.869,2.882,2.867,2.868,10944.65
2025-04-27 00:20:00+09:00,2.868,2.873,2.865,2.872,10762.45
2025-04-27 00:25:00+09:00,2.871,2.883,2.871,2.882,10343.71
2025-04-27 00:30:00+09:00,2.882,2.883,2.874,2.877,4937.62
2025-04-27 00:35:00+09:00,2.878,2.883,2.876,2.879,3678.56
2025-04-27 00:40:00+09:00,2.879,2.891,2.879,2.882,53801.57
2025-04-27 00:45:00+09:00,2.882,2.89,2.879,2.89,14237.46
2025-04-27 00:50:00+09:00,2.891,2.897,2.89,2.894,9338.58
2025-04-27 00:55:00+09:00,2.895,2.899,2.891,2.891,9250.78
2025-04-27 01:00:00+09:00,2.893,2.899,2.887,2.899,11178.3
2025-04-27 01:05:00+09:00,2.897,2.898,2.879,2.879,8193.29
2025-04-27 01:10:00+09:00,2.879,2.886,2.876,2.886,12860.13
2025-04-27 01:15:00+09:00,2.885,2.893,2.879,2.885,6779.84
2025-04-27 01:20:00+09:00,2.886,2.89,2.88,2.889,6189.6
2025-04-27 01:25:00+09:00,2.889,2.889,2.878,2.879,4978.55
2025-04-27 01:30:00+09:00,2.878,2.882,2.873,2.875,2211.72
2025-04-27 01:35:00+09:00,2.876,2.877,2.864,2.865,3783.81
2025-04-27 01:40:00+09:00,2.866,2.866,2.854,2.859,13409.28
2025-04-27 01:45:00+09:00,2.857,2.87,2.854,2.87,9773.78
2025-04-27 01:50:00+09:00,2.869,2.874,2.863,2.867,6527.85
2025-04-27 01:55:00+09:00,2.869,2.875,2.868,2.875,5049.28
2025-04-27 02:00:00+09:00,2.873,2.878,2.873,2.878,5734.64
2025-04-27 02:05:00+09:00,2.878,2.879,2.873,2.877,3009.1
2025-04-27 02:10:00+09:00,2.877,2.877,2.866,2.866,3126.39
2025-04-27 02:15:00+09:00,2.866,2.878,2.864,2.876,13421.0
2025-04-27 02:20:00+09:00,2.875,2.878,2.871,2.878,1122.05
2025-04-27 02:25:00+09:00,2.879,2.889,2.878,2.885,2703.65
2025-04-27 02:30:00+09:00,2.885,2.892,2.885,2.891,1987.46
2025-04-27 02:35:00+09:00,2.891,2.893,2.884,2.887,3038.8
2025-04-27 02:40:00+09:00,2.886,2.89,2.886,2.89,2498.75
2025-04-27 02:45:00+09:00,2.89,2.892,2.887,2.889,1769.88
2025-04-27 02:50:00+09:00,2.888,2.888,2.883,2.884,3252.15
2025-04-27 02:55:00+09:00,2.883,2.885,2.877,2.881,1200.37
2025-04-27 03:00:00+09:00,2.879,2.879,2.873,2.877,1074.27
2025-04-27 03:05:00+09:00,2.878,2.885,2.878,2.885,6122.07
2025-04-27 03:10:00+09:00,2.885,2.885,2.871,2.871,5222.94
2025-04-27 03:15:00+09:00,2.871,2.878,2.87,2.877,2162.52
2025-04-27 03:20:00+09:00,2.877,2.884,2.877,2.884,1617.59
2025-04-27 03:25:00+09:00,2.882,2.887,2.881,2.882,1590.1
2025-04-27 03:30:00+09:00,2.882,2.882,2.875,2.88,1199.83
2025-04-27 03:35:00+09:00,2.879,2.879,2.873,2.874,1497.84
2025-04-27 03:40:00+09:00,2.874,2.876,2.872,2.874,1359.0
2025-04-27 03:45:00+09:00,2.875,2.881,2.875,2.881,4554.97
2025-04-27 03:50:00+09:00,2.881,2.881,2.872,2.872,6139.01
2025-04-27 03:55:00+09:00,2.872,2.872,2.867,2.867,3479.31
2025-04-27 04:00:00+09:00,2.866,2.874,2.865,2.874,1354.78
2025-04-27 04:05:00+09:00,2.873,2.874,2.862,2.862,11777.15
2025-04-27 04:10:00+09:00,2.861,2.867,2.86,2.866,5190.3
2025-04-27 04:15:00+09:00,2.865,2.869,2.863,2.868,6075.68
2025-04-27 04:20:00+09:00,2.867,2.869,2.865,2.869,3236.78
2025-04-27 04:25:00+09:00,2.87,2.877,2.87,2.875,3572.42
2025-04-27 04:30:00+09:00,2.875,2.875,2.865,2.872,5147.37
2025-04-27 04:35:00+09:00,2.871,2.88,2.871,2.879,8794.7
2025-04-27 04:40:00+09:00,2.878,2.879,2.873,2.878,1210.03
2025-04-27 04:45:00+09:00,2.876,2.884,2.873,2.879,6748.45
2025-04-27 04:50:00+09:00,2.878,2.884,2.877,2.881,1463.68
2025-04-27 04:55:00+09:00,2.883,2.89,2.882,2.887,2510.18
2025-04-27 05:00:00+09:00,2.888,2.9,2.888,2.891,32667.46
2025-04-27 05:05:00+09:00,2.891,2.897,2.887,2.891,8140.31
2025-04-27 05:10:00+09:00,2.891,2.894,2.883,2.884,2812.38
2025-04-27 05:15:00+09:00,2.882,2.885,2.879,2.881,820.7
2025-04-27 05:20:00+09:00,2.881,2.886,2.877,2.879,7671.07
2025-04-27 05:25:00+09:00,2.878,2.88,2.876,2.879,815.77
2025-04-27 05:30:00+09:00,2.88,2.884,2.88,2.882,3148.53
2025-04-27 05:35:00+09:00,2.882,2.884,2.877,2.884,12113.46
2025-04-27 05:40:00+09:00,2.883,2.884,2.882,2.882,1666.59
2025-04-27 05:45:00+09:00,2.882,2.888,2.881,2.885,2390.41
2025-04-27 05:50:00+09:00,2.885,2.887,2.876,2.876,2624.13
2025-04-27 05:55:00+09:00,2.876,2.879,2.872,2.873,15679.0
2025-04-27 06:00:00+09:00,2.873,2.883,2.873,2.882,4256.61
2025-04-27 06:05:00+09:00,2.882,2.882,2.878,2.879,3391.93
2025-04-27 06:10:00+09:00,2.88,2.884,2.879,2.884,12879.29
2025-04-27 06:15:00+09:00,2.883,2.888,2.878,2.878,3957.74
2025-04-27 06:20:00+09:00,2.877,2.885,2.874,2.885,2329.14
2025-04-27 06:25:00+09:00,2.885,2.888,2.885,2.885,2378.37
2025-04-27 06:30:00+09:00,2.883,2.886,2.881,2.884,854.67
2025-04-27 06:35:00+09:00,2.884,2.886,2.879,2.885,1999.69
2025-04-27 06:40:00+09:00,2.885,2.886,2.882,2.884,2584.11
2025-04-27 06:45:00+09:00,2.884,2.889,2.883,2.887,2392.5
2025-04-27 06:50:00+09:00,2.887,2.889,2.884,2.889,3021.13
2025-04-27 06:55:00+09:00,2.889,2.889,2.882,2.885,813.29
2025-04-27 07:00:00+09:00,2.886,2.897,2.886,2.893,7997.13
2025-04-27 07:05:00+09:00,2.893,2.906,2.892,2.902,17056.97
2025-04-27 07:10:00+09:00,2.903,2.908,2.898,2.907,7633.02
2025-04-27 07:15:00+09:00,2.906,2.911,2.901,2.906,5132.19
2025-04-27 07:20:00+09:00,2.905,2.907,2.9,2.901,3043.55
2025-04-27 07:25:00+09:00,2.901,2.902,2.894,2.895,2923.74
2025-04-27 07:30:00+09:00,2.894,2.899,2.892,2.892,10114.89
2025-04-27 07:35:00+09:00,2.892,2.906,2.891,2.903,10225.96
2025-04-27 07:40:00+09:00,2.903,2.909,2.9,2.908,1958.45
2025-04-27 07:45:00+09:00,2.908,2.911,2.904,2.909,29476.47
2025-04-27 07:50:00+09:00,2.909,2.913,2.903,2.903,5086.31
2025-04-27 07:55:00+09:00,2.904,2.912,2.904,2.911,14782.18
2025-04-27 08:00:00+09:00,2.911,2.914,2.905,2.905,16105.76
2025-04-27 08:05:00+09:00,2.905,2.914,2.904,2.914,4859.15
2025-04-27 08:10:00+09:00,2.913,2.914,2.909,2.909,6027.81
2025-04-27 08:15:00+09:00,2.908,2.916,2.905,2.915,432.94
2025-04-27 08:20:00+09:00,2.915,2.916,2.91,2.914,241.21
2025-04-27 08:25:00+09:00,2.915,2.919,2.914,2.919,2512.54
2025-04-27 08:30:00+09:00,2.918,2.923,2.914,2.923,15857.76
2025-04-27 08:35:00+09:00,2.924,2.93,2.92,2.926,16064.39
2025-04-27 08:40:00+09:00,2.927,2.936,2.927,2.935,10788.09
2025-04-27 08:45:00+09:00,2.934,2.945,2.933,2.944,37059.27
2025-04-27 08:50:00+09:00,2.943,2.948,2.939,2.947,8286.41
2025-04-27 08:55:00+09:00,2.948,2.95,2.946,2.947,7174.82
2025-04-27 09:00:00+09:00,2.947,2.959,2.945,2.95,29556.36
2025-04-27 09:05:00+09:00,2.95,2.96,2.938,2.946,27348.08
2025-04-27 09:10:00+09:00,2.947,2.954,2.933,2.934,30845.4
2025-04-27 09:15:00+09:00,2.935,2.954,2.932,2.952,9268.6
2025-04-27 09:20:00+09:00,2.951,2.953,2.93,2.934,8254.8
2025-04-27 09:25:00+09:00,2.933,2.935,2.927,2.935,5091.3
2025-04-27 09:30:00+09:00,2.934,2.938,2.92,2.927,8107.97
2025-04-27 09:35:00+09:00,2.929,2.934,2.925,2.933,17848.11
2025-04-27 09:40:00+09:00,2.933,2.935,2.925,2.935,12866.22
2025-04-27 09:45:00+09:00,2.935,2.935,2.917,2.919,22076.42
2025-04-27 09:50:00+09:00,2.92,2.928,2.918,2.925,2434.57
2025-04-27 09:55:00+09:00,2.924,2.93,2.922,2.925,2954.37
2025-04-27 10:00:00+09:00,2.925,2.927,2.909,2.909,26348.64
2025-04-27 10:05:00+09:00,2.909,2.912,2.901,2.906,3565.21
2025-04-27 10:10:00+09:00,2.905,2.912,2.895,2.907,18203.82
2025-04-27 10:15:00+09:00,2.908,2.911,2.886,2.886,15356.27
2025-04-27 10:20:00+09:00,2.885,2.887,2.856,2.862,41855.16
2025-04-27 10:25:00+09:00,2.862,2.874,2.856,2.873,5564.83
2025-04-27 10:30:00+09:00,2.871,2.872,2.841,2.844,20539.93
2025-04-27 10:35:00+09:00,2.842,2.864,2.842,2.861,7079.52
2025-04-27 10:40:00+09:00,2.861,2.869,2.857,2.864,3183.98
2025-04-27 10:45:00+09:00,2.865,2.867,2.848,2.856,2341.19
2025-04-27 10:50:00+09:00,2.854,2.86,2.845,2.852,5220.02
2025-04-27 10:55:00+09:00,2.853,2.856,2.833,2.836,9827.19
2025-04-27 11:00:00+09:00,2.837,2.854,2.831,2.848,11292.5
2025-04-27 11:05:00+09:00,2.847,2.857,2.847,2.855,3354.99
2025-04-27 11:10:00+09:00,2.856,2.862,2.855,2.862,2071.26
2025-04-27 11:15:00+09:00,2.863,2.864,2.85,2.861,2036.02
2025-04-27 11:20:00+09:00,2.862,2.864,2.856,2.862,2564.66
2025-04-27 11:25:00+09:00,2.861,2.866,2.86,2.864,1465.77
2025-04-27 11:30:00+09:00,2.864,2.868,2.86,2.865,3161.6
2025-04-27 11:35:00+09:00,2.866,2.874,2.866,2.871,5957.48
2025-04-27 11:40:00+09:00,2.87,2.874,2.868,2.874,3929.39
2025-04-27 11:45:00+09:00,2.874,2.878,2.864,2.864,10770.68
2025-04-27 11:50:00+09:00,2.864,2.882,2.864,2.882,5002.62
2025-04-27 11:55:00+09:00,2.882,2.887,2.882,2.884,9894.88
2025-04-27 12:00:00+09:00,2.885,2.908,2.885,2.908,5730.31
2025-04-27 12:05:00+09:00,2.908,2.911,2.903,2.91,5492.65
2025-04-27 12:10:00+09:00,2.91,2.911,2.905,2.905,4824.18
2025-04-27 12:15:00+09:00,2.903,2.914,2.903,2.907,3372.27
2025-04-27 12:20:00+09:00,2.906,2.912,2.895,2.9,1355.28
2025-04-27 12:25:00+09:00,2.899,2.899,2.891,2.899,6984.93
2025-04-27 12:30:00+09:00,2.9,2.911,2.895,2.91,11631.44
2025-04-27 12:35:00+09:00,2.91,2.912,2.905,2.907,1806.29
2025-04-27 12:40:00+09:00,2.906,2.906,2.895,2.895,1410.06
2025-04-27 12:45:00+09:00,2.894,2.898,2.891,2.891,1875.25
2025-04-27 12:50:00+09:00,2.89,2.894,2.888,2.892,5121.32
2025-04-27 12:55:00+09:00,2.892,2.901,2.892,2.899,3951.7
2025-04-27 13:00:00+09:00,2.899,2.905,2.896,2.898,3681.89
2025-04-27 13:05:00+09:00,2.898,2.905,2.891,2.905,644.76
2025-04-27 13:10:00+09:00,2.906,2.91,2.904,2.909,505.76
2025-04-27 13:15:00+09:00,2.909,2.909,2.896,2.902,612.95
2025-04-27 13:20:00+09:00,2.902,2.903,2.898,2.901,3751.71
2025-04-27 13:25:00+09:00,2.9,2.902,2.888,2.892,2572.91
2025-04-27 13:30:00+09:00,2.892,2.893,2.871,2.873,16102.23
2025-04-27 13:35:00+09:00,2.872,2.874,2.864,2.864,3601.38
2025-04-27 13:40:00+09:00,2.864,2.872,2.861,2.861,15660.02
2025-04-27 13:45:00+09:00,2.862,2.868,2.857,2.859,3215.65
2025-04-27 13:50:00+09:00,2.857,2.857,2.844,2.846,30108.81
2025-04-27 13:55:00+09:00,2.846,2.857,2.845,2.852,3536.83
2025-04-27 14:00:00+09:00,2.852,2.86,2.849,2.856,3203.4
2025-04-27 14:05:00+09:00,2.855,2.863,2.853,2.86,7706.69
2025-04-27 14:10:00+09:00,2.859,2.859,2.843,2.848,19591.81
2025-04-27 14:15:00+09:00,2.847,2.852,2.844,2.844,2339.46
2025-04-27 14:20:00+09:00,2.843,2.843,2.828,2.829,6972.48
2025-04-27 14:25:00+09:00,2.829,2.835,2.822,2.835,24265.6
2025-04-27 14:30:00+09:00,2.834,2.846,2.829,2.845,12133.62
2025-04-27 14:35:00+09:00,2.844,2.849,2.843,2.845,5275.58
2025-04-27 14:40:00+09:00,2.846,2.847,2.841,2.842,3697.41
2025-04-27 14:45:00+09:00,2.841,2.85,2.834,2.85,64108.11
2025-04-27 14:50:00+09:00,2.85,2.85,2.838,2.84,4963.23
2025-04-27 14:55:00+09:00,2.84,2.842,2.836,2.842,1362.44
2025-04-27 15:00:00+09:00,2.841,2.847,2.841,2.847,3036.64
2025-04-27 15:05:00+09:00,2.846,2.855,2.844,2.855,46474.97
2025-04-27 15:10:00+09:00,2.852,2.859,2.851,2.855,5089.02
2025-04-27 15:15:00+09:00,2.855,2.86,2.853,2.859,1561.56
2025-04-27 15:20:00+09:00,2.86,2.867,2.856,2.864,5635.13
2025-04-27 15:25:00+09:00,2.863,2.863,2.856,2.859,3419.19
2025-04-27 15:30:00+09:00,2.858,2.858,2.849,2.849,2077.04
2025-04-27 15:35:00+09:00,2.849,2.849,2.837,2.838,6127.84
2025-04-27 15:40:00+09:00,2.839,2.848,2.838,2.846,15798.9
2025-04-27 15:45:00+09:00,2.845,2.846,2.832,2.834,4564.65
2025-04-27 15:50:00+09:00,2.835,2.846,2.835,2.845,4850.05
2025-04-27 15:55:00+09:00,2.845,2.847,2.839,2.84,2863.29
2025-04-27 16:00:00+09:00,2.84,2.845,2.839,2.841,2533.95
2025-04-27 16:05:00+09:00,2.84,2.847,2.838,2.838,2276.33
2025-04-27 16:10:00+09:00,2.837,2.839,2.83,2.838,11598.78
2025-04-27 16:15:00+09:00,2.839,2.852,2.838,2.852,3423.93
2025-04-27 16:20:00+09:00,2.851,2.855,2.851,2.851,3189.83
2025-04-27 16:25:00+09:00,2.85,2.859,2.85,2.855,4468.34
2025-04-27 16:30:00+09:00,2.856,2.858,2.847,2.847,1391.0
2025-04-27 16:35:00+09:00,2.847,2.851,2.846,2.849,6857.26
2025-04-27 16:40:00+09:00,2.848,2.854,2.847,2.853,1558.24
2025-04-27 16:45:00+09:00,2.854,2.862,2.851,2.859,11001.38
2025-04-27 16:50:00+09:00,2.86,2.863,2.856,2.863,4812.77
2025-04-27 16:55:00+09:00,2.863,2.867,2.859,2.867,7905.56
2025-04-27 17:00:00+09:00,2.865,2.869,2.858,2.858,10300.9
2025-04-27 17:05:00+09:00,2.858,2.866,2.858,2.866,3341.1
2025-04-27 17:10:00+09:00,2.867,2.869,2.861,2.867,4757.48
2025-04-27 17:15:00+09:00,2.867,2.881,2.862,2.87,6915.94
2025-04-27 17:20:00+09:00,2.872,2.876,2.861,2.861,5608.75
2025-04-27 17:25:00+09:00,2.861,2.864,2.856,2.857,7453.62
2025-04-27 17:30:00+09:00,2.856,2.864,2.855,2.859,1987.18
2025-04-27 17:35:00+09:00,2.858,2.86,2.855,2.856,2661.16
2025-04-27 17:40:00+09:00,2.856,2.863,2.855,2.861,5989.2
2025-04-27 17:45:00+09:00,2.861,2.87,2.859,2.866,2239.19
2025-04-27 17:50:00+09:00,2.865,2.874,2.862,2.865,3123.53
2025-04-27 17:55:00+09:00,2.865,2.866,2.859,2.859,5466.87
2025-04-27 18:00:00+09:00,2.86,2.864,2.858,2.858,12185.83
2025-04-27 18:05:00+09:00,2.86,2.867,2.859,2.86,3926.96
2025-04-27 18:10:00+09:00,2.86,2.861,2.853,2.855,1268.59
2025-04-27 18:15:00+09:00,2.856,2.863,2.853,2.862,2400.37
2025-04-27 18:20:00+09:00,2.863,2.863,2.856,2.86,1492.15
2025-04-27 18:25:00+09:00,2.86,2.861,2.854,2.854,2767.11
2025-04-27 18:30:00+09:00,2.853,2.86,2.852,2.86,2243.55
2025-04-27 18:35:00+09:00,2.86,2.864,2.856,2.862,4006.8
2025-04-27 18:40:00+09:00,2.862,2.865,2.857,2.865,26212.05
2025-04-27 18:45:00+09:00,2.865,2.866,2.863,2.863,2814.43
2025-04-27 18:50:00+09:00,2.863,2.863,2.859,2.86,946.43
2025-04-27 18:55:00+09:00,2.86,2.864,2.86,2.86,3215.61
2025-04-27 19:00:00+09:00,2.86,2.861,2.852,2.855,12561.54
2025-04-27 19:05:00+09:00,2.855,2.856,2.848,2.856,2434.87
2025-04-27 19:10:00+09:00,2.855,2.858,2.852,2.856,3382.8
2025-04-27 19:15:00+09:00,2.855,2.857,2.85,2.85,3783.86
2025-04-27 19:20:00+09:00,2.85,2.85,2.84,2.841,24753.31
2025-04-27 19:25:00+09:00,2.841,2.842,2.832,2.833,8548.95
2025-04-27 19:30:00+09:00,2.834,2.842,2.834,2.84,10386.66
2025-04-27 19:35:00+09:00,2.839,2.841,2.831,2.832,7703.18
2025-04-27 19:40:00+09:00,2.833,2.839,2.831,2.836,6645.92
2025-04-27 19:45:00+09:00,2.836,2.842,2.834,2.84,10902.17
2025-04-27 19:50:00+09:00,2.841,2.845,2.841,2.842,6455.36
2025-04-27 19:55:00+09:00,2.84,2.843,2.829,2.842,23797.51
2025-04-27 20:00:00+09:00,2.842,2.846,2.838,2.838,7748.84
2025-04-27 20:05:00+09:00,2.838,2.845,2.837,2.838,5292.5
2025-04-27 20:10:00+09:00,2.838,2.845,2.838,2.845,6158.63
2025-04-27 20:15:00+09:00,2.844,2.845,2.838,2.841,2578.58
2025-04-27 20:20:00+09:00,2.842,2.842,2.83,2.832,4667.85
2025-04-27 20:25:00+09:00,2.832,2.836,2.832,2.832,2219.52
2025-04-27 20:30:00+09:00,2.833,2.839,2.826,2.837,10710.65
2025-04-27 20:35:00+09:00,2.836,2.844,2.834,2.835,9311.23
2025-04-27 20:40:00+09:00,2.836,2.836,2.826,2.827,7757.7
2025-04-27 20:45:00+09:00,2.827,2.833,2.826,2.831,4005.34
2025-04-27 20:50:00+09:00,2.831,2.848,2.831,2.844,16813.55
2025-04-27 20:55:00+09:00,2.844,2.855,2.844,2.851,15800.19
2025-04-27 21:00:00+09:00,2.85,2.852,2.845,2.845,4279.38
2025-04-27 21:05:00+09:00,2.846,2.852,2.843,2.848,2855.27
2025-04-27 21:10:00+09:00,2.849,2.85,2.831,2.833,7523.18
2025-04-27 21:15:00+09:00,2.832,2.843,2.832,2.843,5666.57
2025-04-27 21:20:00+09:00,2.842,2.845,2.841,2.844,9770.75
2025-04-27 21:25:00+09:00,2.843,2.843,2.835,2.835,4169.61
2025-04-27 21:30:00+09:00,2.835,2.835,2.824,2.83,13109.18
2025-04-27 21:35:00+09:00,2.829,2.843,2.828,2.836,12490.1
2025-04-27 21:40:00+09:00,2.836,2.842,2.833,2.838,15801.84
2025-04-27 21:45:00+09:00,2.838,2.861,2.835,2.841,11501.05
2025-04-27 21:50:00+09:00,2.84,2.851,2.839,2.849,23114.38
2025-04-27 21:55:00+09:00,2.848,2.848,2.815,2.821,17166.25
2025-04-27 22:00:00+09:00,2.822,2.833,2.819,2.82,7684.96
2025-04-27 22:05:00+09:00,2.82,2.82,2.777,2.796,91975.58
2025-04-27 22:10:00+09:00,2.795,2.813,2.795,2.808,12814.98
2025-04-27 22:15:00+09:00,2.808,2.813,2.796,2.81,8199.99
2025-04-27 22:20:00+09:00,2.811,2.814,2.803,2.803,3469.68
2025-04-27 22:25:00+09:00,2.802,2.807,2.797,2.807,5213.5
2025-04-27 22:30:00+09:00,2.807,2.818,2.807,2.816,6283.94
2025-04-27 22:35:00+09:00,2.817,2.822,2.815,2.822,5307.3
2025-04-27 22:40:00+09:00,2.82,2.828,2.817,2.822,5818.28
2025-04-27 22:45:00+09:00,2.822,2.835,2.821,2.825,5076.75
2025-04-27 22:50:00+09:00,2.826,2.826,2.817,2.822,2813.56
2025-04-27 22:55:00+09:00,2.822,2.836,2.822,2.834,11027.54
2025-04-27 23:00:00+09:00,2.834,2.836,2.82,2.822,6895.55
2025-04-27 23:05:00+09:00,2.822,2.83,2.822,2.827,8481.42
2025-04-27 23:10:00+09:00,2.827,2.83,2.822,2.825,13182.58
2025-04-27 23:15:00+09:00,2.825,2.85,2.825,2.849,33237.24
2025-04-27 23:20:00+09:00,2.848,2.854,2.844,2.849,25740.68
2025-04-27 23:25:00+09:00,2.849,2.856,2.844,2.847,10671.55
2025-04-27 23:30:00+09:00,2.847,2.859,2.847,2.854,27976.57
2025-04-27 23:35:00+09:00,2.854,2.862,2.85,2.86,19327.04
2025-04-27 23:40:00+09:00,2.86,2.861,2.854,2.858,5577.72
2025-04-27 23:45:00+09:00,2.858,2.861,2.846,2.853,4375.08
2025-04-27 23:50:00+09:00,2.853,2.853,2.841,2.841,8922.77
2025-04-27 23:55:00+09:00,2.84,2.842,2.836,2.841,13417.53
2025-04-28 00:00:00+09:00,2.841,2.844,2.836,2.837,3382.49
2025-04-28 00:05:00+09:00,2.838,2.838,2.822,2.828,20451.19
2025-04-28 00:10:00+09:00,2.827,2.831,2.825,2.827,18565.48
2025-04-28 00:15:00+09:00,2.826,2.84,2.825,2.838,10919.1
2025-04-28 00:20:00+09:00,2.839,2.845,2.837,2.839,1948.91
2025-04-28 00:25:00+09:00,2.84,2.841,2.823,2.823,2379.83
2025-04-28 00:30:00+09:00,2.822,2.829,2.82,2.827,7777.69
2025-04-28 00:35:00+09:00,2.828,2.829,2.817,2.819,7850.54
2025-04-28 00:40:00+09:00,2.819,2.828,2.819,2.824,5608.36
2025-04-28 00:45:00+09:00,2.825,2.833,2.824,2.833,4524.58
2025-04-28 00:50:00+09:00,2.833,2.838,2.829,2.831,10088.8
2025-04-28 00:55:00+09:00,2.831,2.833,2.826,2.826,2735.7
2025-04-28 01:00:00+09:00,2.827,2.835,2.822,2.832,1869.74
2025-04-28 01:05:00+09:00,2.832,2.833,2.823,2.829,3437.39
2025-04-28 01:10:00+09:00,2.829,2.833,2.826,2.829,2615.38
2025-04-28 01:15:00+09:00,2.828,2.828,2.809,2.813,8057.18
2025-04-28 01:20:00+09:00,2.812,2.82,2.812,2.817,1734.72
2025-04-28 01:25:00+09:00,2.817,2.817,2.81,2.81,6185.55
2025-04-28 01:30:00+09:00,2.809,2.816,2.8,2.8,36362.46
2025-04-28 01:35:00+09:00,2.8,2.813,2.797,2.813,14992.84
2025-04-28 01:40:00+09:00,2.813,2.822,2.812,2.821,7613.1
2025-04-28 01:45:00+09:00,2.821,2.828,2.821,2.826,4578.77
2025-04-28 01:50:00+09:00,2.826,2.83,2.812,2.812,3603.54
2025-04-28 01:55:00+09:00,2.812,2.813,2.8,2.811,5012.8
2025-04-28 02:00:00+09:00,2.81,2.814,2.805,2.814,7270.12
2025-04-28 02:05:00+09:00,2.813,2.819,2.811,2.815,5764.04
2025-04-28 02:10:00+09:00,2.816,2.827,2.814,2.823,6933.9
2025-04-28 02:15:00+09:00,2.822,2.831,2.821,2.822,6490.54
2025-04-28 02:20:00+09:00,2.823,2.827,2.821,2.822,3258.75
2025-04-28 02:25:00+09:00,2.822,2.822,2.817,2.817,1343.26
2025-04-28 02:30:00+09:00,2.818,2.82,2.816,2.818,2362.84
2025-04-28 02:35:00+09:00,2.82,2.822,2.816,2.817,7170.3
2025-04-28 02:40:00+09:00,2.817,2.829,2.817,2.829,2754.06
2025-04-28 02:45:00+09:00,2.829,2.83,2.823,2.828,2857.86
2025-04-28 02:50:00+09:00,2.828,2.83,2.824,2.824,869.72
2025-04-28 02:55:00+09:00,2.823,2.825,2.822,2.825,1764.13
2025-04-28 03:00:00+09:00,2.824,2.824,2.818,2.822,2033.14
2025-04-28 03:05:00+09:00,2.822,2.829,2.822,2.827,5129.81
2025-04-28 03:10:00+09:00,2.828,2.829,2.824,2.829,2306.22
2025-04-28 03:15:00+09:00,2.829,2.838,2.829,2.833,10455.65
2025-04-28 03:20:00+09:00,2.833,2.841,2.833,2.838,1295.07
2025-04-28 03:25:00+09:00,2.839,2.841,2.833,2.833,3742.86
2025-04-28 03:30:00+09:00,2.833,2.839,2.833,2.833,19076.62
2025-04-28 03:35:00+09:00,2.833,2.839,2.833,2.839,2234.06
2025-04-28 03:40:00+09:00,2.839,2.852,2.839,2.844,21990.47
2025-04-28 03:45:00+09:00,2.845,2.849,2.843,2.845,17652.7
2025-04-28 03:50:00+09:00,2.844,2.844,2.836,2.841,5419.82
2025-04-28 03:55:00+09:00,2.841,2.859,2.839,2.855,41652.07
2025-04-28 04:00:00+09:00,2.855,2.858,2.845,2.852,14453.92
2025-04-28 04:05:00+09:00,2.852,2.864,2.852,2.857,9875.43
2025-04-28 04:10:00+09:00,2.857,2.859,2.848,2.849,2327.81
2025-04-28 04:15:00+09:00,2.851,2.854,2.848,2.852,12440.79
2025-04-28 04:20:00+09:00,2.851,2.851,2.845,2.851,7321.53
2025-04-28 04:25:00+09:00,2.852,2.862,2.852,2.861,9832.23
2025-04-28 04:30:00+09:00,2.86,2.865,2.854,2.865,6314.29
2025-04-28 04:35:00+09:00,2.865,2.869,2.859,2.869,2260.67
2025-04-28 04:40:00+09:00,2.868,2.876,2.867,2.87,20627.58
2025-04-28 04:45:00+09:00,2.87,2.879,2.87,2.876,20984.27
2025-04-28 04:50:00+09:00,2.877,2.879,2.868,2.869,19528.53
2025-04-28 04:55:00+09:00,2.868,2.87,2.864,2.869,28226.82
2025-04-28 05:00:00+09:00,2.869,2.869,2.855,2.855,7843.34
2025-04-28 05:05:00+09:00,2.856,2.862,2.852,2.855,9600.03
2025-04-28 05:10:00+09:00,2.855,2.859,2.851,2.856,10466.27
2025-04-28 05:15:00+09:00,2.856,2.858,2.851,2.853,5260.65
2025-04-28 05:20:00+09:00,2.853,2.853,2.845,2.848,19052.56
2025-04-28 05:25:00+09:00,2.848,2.849,2.843,2.848,6854.65
2025-04-28 05:30:00+09:00,2.848,2.86,2.848,2.859,6928.49
2025-04-28 05:35:00+09:00,2.858,2.863,2.855,2.863,4774.49
2025-04-28 05:40:00+09:00,2.862,2.862,2.855,2.855,5459.2
2025-04-28 05:45:00+09:00,2.855,2.864,2.852,2.863,4030.81
2025-04-28 05:50:00+09:00,2.864,2.865,2.857,2.858,2401.36
2025-04-28 05:55:00+09:00,2.857,2.858,2.853,2.853,3783.86
2025-04-28 06:00:00+09:00,2.854,2.855,2.848,2.848,8456.08
2025-04-28 06:05:00+09:00,2.849,2.854,2.849,2.851,1122.62
2025-04-28 06:10:00+09:00,2.852,2.852,2.846,2.849,5428.65
2025-04-28 06:15:00+09:00,2.85,2.86,2.848,2.86,16763.05
2025-04-28 06:20:00+09:00,2.859,2.863,2.859,2.862,4370.75
2025-04-28 06:25:00+09:00,2.863,2.868,2.863,2.867,1369.43
2025-04-28 06:30:00+09:00,2.865,2.88,2.865,2.879,6818.69
2025-04-28 06:35:00+09:00,2.879,2.888,2.878,2.885,12196.47
2025-04-28 06:40:00+09:00,2.886,2.899,2.885,2.898,18459.47
2025-04-28 06:45:00+09:00,2.899,2.905,2.893,2.9,34515.51
2025-04-28 06:50:00+09:00,2.901,2.902,2.893,2.893,9022.95
2025-04-28 06:55:00+09:00,2.893,2.894,2.883,2.884,15751.72
2025-04-28 07:00:00+09:00,2.883,2.89,2.873,2.873,6162.18
2025-04-28 07:05:00+09:00,2.872,2.88,2.866,2.872,10174.94
2025-04-28 07:10:00+09:00,2.873,2.876,2.864,2.865,7803.18
2025-04-28 07:15:00+09:00,2.866,2.873,2.865,2.873,6542.29
2025-04-28 07:20:00+09:00,2.873,2.875,2.866,2.869,6521.06
2025-04-28 07:25:00+09:00,2.869,2.871,2.864,2.866,3733.11
2025-04-28 07:30:00+09:00,2.864,2.864,2.851,2.863,11010.39
2025-04-28 07:35:00+09:00,2.862,2.869,2.86,2.865,3315.13
2025-04-28 07:40:00+09:00,2.865,2.876,2.865,2.876,2613.69
2025-04-28 07:45:00+09:00,2.876,2.876,2.868,2.872,4391.98
2025-04-28 07:50:00+09:00,2.872,2.878,2.871,2.878,8472.6
2025-04-28 07:55:00+09:00,2.878,2.878,2.869,2.871,4595.74
2025-04-28 08:00:00+09:00,2.871,2.874,2.865,2.866,10857.41
2025-04-28 08:05:00+09:00,2.866,2.868,2.861,2.868,8628.14
2025-04-28 08:10:00+09:00,2.869,2.876,2.866,2.871,10185.74
2025-04-28 08:15:00+09:00,2.871,2.881,2.869,2.879,27682.37
2025-04-28 08:20:00+09:00,2.879,2.885,2.879,2.881,12188.34
2025-04-28 08:25:00+09:00,2.881,2.887,2.879,2.882,6786.63
2025-04-28 08:30:00+09:00,2.882,2.896,2.88,2.896,10801.2
2025-04-28 08:35:00+09:00,2.896,2.9,2.888,2.89,6800.09
2025-04-28 08:40:00+09:00,2.891,2.891,2.88,2.883,3634.05
2025-04-28 08:45:00+09:00,2.883,2.89,2.875,2.875,7730.38
2025-04-28 08:50:00+09:00,2.875,2.882,2.875,2.88,3117.22
2025-04-28 08:55:00+09:00,2.88,2.88,2.862,2.862,16009.18
2025-04-28 09:00:00+09:00,2.862,2.864,2.844,2.844,26438.8
2025-04-28 09:05:00+09:00,2.844,2.851,2.829,2.835,59554.84
2025-04-28 09:10:00+09:00,2.836,2.84,2.822,2.826,29641.77
2025-04-28 09:15:00+09:00,2.827,2.841,2.824,2.841,30696.47
2025-04-28 09:20:00+09:00,2.84,2.847,2.812,2.815,39111.82
2025-04-28 09:25:00+09:00,2.814,2.842,2.813,2.841,9637.24
2025-04-28 09:30:00+09:00,2.841,2.861,2.838,2.85,29227.08
2025-04-28 09:35:00+09:00,2.849,2.861,2.847,2.861,8688.67
2025-04-28 09:40:00+09:00,2.862,2.863,2.85,2.854,9032.47
2025-04-28 09:45:00+09:00,2.855,2.86,2.841,2.841,10699.25
2025-04-28 09:50:00+09:00,2.84,2.855,2.839,2.843,6237.81
2025-04-28 09:55:00+09:00,2.842,2.849,2.839,2.842,4749.73
2025-04-28 10:00:00+09:00,2.841,2.854,2.83,2.853,9270.54
2025-04-28 10:05:00+09:00,2.852,2.855,2.833,2.838,2927.72
2025-04-28 10:10:00+09:00,2.84,2.844,2.837,2.844,15465.74
2025-04-28 10:15:00+09:00,2.844,2.844,2.827,2.833,10194.31
2025-04-28 10:20:00+09:00,2.834,2.834,2.808,2.818,68482.58
2025-04-28 10:25:00+09:00,2.819,2.827,2.814,2.826,11968.75
2025-04-28 10:30:00+09:00,2.826,2.828,2.793,2.794,55569.17
2025-04-28 10:35:00+09:00,2.796,2.799,2.773,2.78,36152.71
2025-04-28 10:40:00+09:00,2.78,2.787,2.764,2.784,62196.51
2025-04-28 10:45:00+09:00,2.784,2.809,2.783,2.808,18225.46
2025-04-28 10:50:00+09:00,2.807,2.812,2.803,2.805,8648.14
2025-04-28 10:55:00+09:00,2.806,2.813,2.803,2.806,4572.79
2025-04-28 11:00:00+09:00,2.807,2.822,2.801,2.818,11835.24
2025-04-28 11:05:00+09:00,2.818,2.844,2.818,2.842,21732.74
2025-04-28 11:10:00+09:00,2.843,2.845,2.835,2.84,32033.95
2025-04-28 11:15:00+09:00,2.841,2.848,2.835,2.848,12513.81
2025-04-28 11:20:00+09:00,2.848,2.861,2.841,2.861,13543.27
2025-04-28 11:25:00+09:00,2.861,2.875,2.86,2.875,46629.65
2025-04-28 11:30:00+09:00,2.875,2.9,2.873,2.893,122775.45
2025-04-28 11:35:00+09:00,2.894,2.894,2.88,2.889,7532.91
2025-04-28 11:40:00+09:00,2.888,2.909,2.888,2.909,53957.93
2025-04-28 11:45:00+09:00,2.91,2.919,2.902,2.912,35815.58
2025-04-28 11:50:00+09:00,2.91,2.91,2.894,2.904,54531.88
2025-04-28 11:55:00+09:00,2.901,2.901,2.89,2.894,19709.51
2025-04-28 12:00:00+09:00,2.893,2.904,2.889,2.9,29475.79
2025-04-28 12:05:00+09:00,2.901,2.901,2.89,2.892,40896.41
2025-04-28 12:10:00+09:00,2.892,2.905,2.888,2.896,20446.5
2025-04-28 12:15:00+09:00,2.897,2.906,2.893,2.906,11172.71
2025-04-28 12:20:00+09:00,2.906,2.928,2.906,2.926,26223.61
2025-04-28 12:25:00+09:00,2.927,2.934,2.923,2.931,12135.98
2025-04-28 12:30:00+09:00,2.932,2.949,2.93,2.936,21647.1
2025-04-28 12:35:00+09:00,2.936,2.936,2.923,2.926,17189.79
2025-04-28 12:40:00+09:00,2.925,2.925,2.911,2.915,17112.37
2025-04-28 12:45:00+09:00,2.914,2.919,2.905,2.908,8214.7
2025-04-28 12:50:00+09:00,2.907,2.907,2.898,2.9,13002.96
2025-04-28 12:55:00+09:00,2.9,2.902,2.892,2.892,7290.43
2025-04-28 13:00:00+09:00,2.892,2.9,2.891,2.891,33472.53
2025-04-28 13:05:00+09:00,2.892,2.893,2.883,2.883,20975.71
2025-04-28 13:10:00+09:00,2.883,2.894,2.883,2.89,44130.09
2025-04-28 13:15:00+09:00,2.89,2.891,2.883,2.889,27794.26
2025-04-28 13:20:00+09:00,2.888,2.906,2.885,2.906,95457.01
2025-04-28 13:25:00+09:00,2.905,2.917,2.903,2.912,54013.53
2025-04-28 13:30:00+09:00,2.913,2.914,2.889,2.894,41209.91
2025-04-28 13:35:00+09:00,2.895,2.901,2.895,2.897,15434.0
2025-04-28 13:40:00+09:00,2.896,2.896,2.886,2.886,9788.16
2025-04-28 13:45:00+09:00,2.887,2.891,2.882,2.884,33128.98
2025-04-28 13:50:00+09:00,2.884,2.886,2.875,2.883,33460.62
2025-04-28 13:55:00+09:00,2.884,2.884,2.874,2.877,6587.08
2025-04-28 14:00:00+09:00,2.877,2.878,2.872,2.873,21490.63
2025-04-28 14:05:00+09:00,2.873,2.878,2.869,2.874,26643.66
2025-04-28 14:10:00+09:00,2.875,2.882,2.868,2.872,35489.98
2025-04-28 14:15:00+09:00,2.872,2.884,2.865,2.882,28601.58
2025-04-28 14:20:00+09:00,2.883,2.891,2.875,2.875,11987.13
2025-04-28 14:25:00+09:00,2.875,2.884,2.87,2.87,12371.44
2025-04-28 14:30:00+09:00,2.871,2.885,2.87,2.879,12242.48
2025-04-28 14:35:00+09:00,2.88,2.885,2.877,2.883,3475.33
2025-04-28 14:40:00+09:00,2.884,2.893,2.884,2.887,12109.61
2025-04-28 14:45:00+09:00,2.886,2.887,2.881,2.887,5645.26
2025-04-28 14:50:00+09:00,2.888,2.89,2.885,2.886,3805.28
2025-04-28 14:55:00+09:00,2.885,2.891,2.877,2.879,45310.92
2025-04-28 15:00:00+09:00,2.88,2.892,2.88,2.892,8595.73
2025-04-28 15:05:00+09:00,2.892,2.896,2.884,2.891,18288.45
2025-04-28 15:10:00+09:00,2.891,2.893,2.886,2.892,13097.95
2025-04-28 15:15:00+09:00,2.89,2.898,2.887,2.896,7934.08
2025-04-28 15:20:00+09:00,2.897,2.906,2.896,2.903,34984.28
2025-04-28 15:25:00+09:00,2.904,2.907,2.897,2.902,16451.58
2025-04-28 15:30:00+09:00,2.901,2.908,2.901,2.908,5352.81
2025-04-28 15:35:00+09:00,2.909,2.943,2.909,2.937,46742.86
2025-04-28 15:40:00+09:00,2.938,2.946,2.931,2.943,27673.48
2025-04-28 15:45:00+09:00,2.944,2.944,2.929,2.934,26856.19
2025-04-28 15:50:00+09:00,2.934,2.934,2.923,2.93,15930.78
2025-04-28 15:55:00+09:00,2.929,2.932,2.924,2.925,12751.5
2025-04-28 16:00:00+09:00,2.924,2.949,2.918,2.938,219135.49
2025-04-28 16:05:00+09:00,2.939,2.947,2.938,2.943,14675.26
2025-04-28 16:10:00+09:00,2.943,2.948,2.94,2.942,17347.28
2025-04-28 16:15:00+09:00,2.943,2.961,2.943,2.955,55662.96
2025-04-28 16:20:00+09:00,2.955,2.966,2.955,2.965,34471.09
2025-04-28 16:25:00+09:00,2.966,2.969,2.956,2.969,30476.23
2025-04-28 16:30:00+09:00,2.969,2.98,2.962,2.974,51908.46
2025-04-28 16:35:00+09:00,2.974,2.976,2.96,2.962,14675.03
2025-04-28 16:40:00+09:00,2.962,2.963,2.943,2.947,65416.83
2025-04-28 16:45:00+09:00,2.948,2.95,2.942,2.944,31746.83
2025-04-28 16:50:00+09:00,2.944,2.944,2.935,2.937,37671.03
2025-04-28 16:55:00+09:00,2.937,2.944,2.937,2.942,38118.22
2025-04-28 17:00:00+09:00,2.944,2.954,2.94,2.954,68773.65
2025-04-28 17:05:00+09:00,2.955,2.962,2.94,2.958,82017.69
2025-04-28 17:10:00+09:00,2.959,2.974,2.955,2.971,65451.77
2025-04-28 17:15:00+09:00,2.972,2.98,2.968,2.972,51634.74
2025-04-28 17:20:00+09:00,2.973,2.979,2.967,2.978,55816.9
2025-04-28 17:25:00+09:00,2.978,2.982,2.975,2.982,37740.79
2025-04-28 17:30:00+09:00,2.982,3.03,2.976,3.01,198618.57
2025-04-28 17:35:00+09:00,3.01,3.018,2.987,2.992,154208.84
2025-04-28 17:40:00+09:00,2.994,3.009,2.993,3.0,144306.56
2025-04-28 17:45:00+09:00,3.0,3.003,2.99,2.995,82378.17
2025-04-28 17:50:00+09:00,2.995,2.995,2.966,2.968,75730.77
2025-04-28 17:55:00+09:00,2.968,2.978,2.968,2.974,38115.67
2025-04-28 18:00:00+09:00,2.975,2.988,2.975,2.984,56034.47
2025-04-28 18:05:00+09:00,2.984,2.989,2.959,2.964,74262.03
2025-04-28 18:10:00+09:00,2.965,2.969,2.96,2.966,37681.15
2025-04-28 18:15:00+09:00,2.965,2.974,2.965,2.973,50392.26
2025-04-28 18:20:00+09:00,2.973,2.977,2.965,2.977,31239.3
2025-04-28 18:25:00+09:00,2.978,2.983,2.966,2.969,84164.12
2025-04-28 18:30:00+09:00,2.969,2.973,2.963,2.969,52577.28
2025-04-28 18:35:00+09:00,2.969,2.975,2.963,2.972,36897.84
2025-04-28 18:40:00+09:00,2.972,2.978,2.966,2.969,43502.79
2025-04-28 18:45:00+09:00,2.969,2.969,2.955,2.963,47371.0
2025-04-28 18:50:00+09:00,2.963,2.973,2.953,2.957,93119.34
2025-04-28 18:55:00+09:00,2.957,2.957,2.944,2.948,28060.52
2025-04-28 19:00:00+09:00,2.948,2.958,2.944,2.944,27708.09
2025-04-28 19:05:00+09:00,2.945,2.945,2.924,2.938,156821.04
2025-04-28 19:10:00+09:00,2.94,2.945,2.931,2.935,11823.4
2025-04-28 19:15:00+09:00,2.935,2.935,2.913,2.915,29830.42
2025-04-28 19:20:00+09:00,2.916,2.916,2.887,2.903,172537.01
2025-04-28 19:25:00+09:00,2.902,2.92,2.898,2.918,28680.5
2025-04-28 19:30:00+09:00,2.917,2.931,2.912,2.93,35080.48
2025-04-28 19:35:00+09:00,2.929,2.957,2.928,2.953,68093.9
2025-04-28 19:40:00+09:00,2.954,2.966,2.952,2.962,87213.85
2025-04-28 19:45:00+09:00,2.961,2.964,2.95,2.954,28519.97
2025-04-28 19:50:00+09:00,2.954,2.958,2.944,2.944,8275.3
2025-04-28 19:55:00+09:00,2.945,2.948,2.941,2.946,15531.33
2025-04-28 20:00:00+09:00,2.947,2.951,2.932,2.944,36269.25
2025-04-28 20:05:00+09:00,2.945,2.968,2.945,2.966,18821.77
2025-04-28 20:10:00+09:00,2.966,2.974,2.954,2.955,18819.49
2025-04-28 20:15:00+09:00,2.955,2.964,2.953,2.964,10930.53
2025-04-28 20:20:00+09:00,2.963,2.98,2.959,2.971,70212.55
2025-04-28 20:25:00+09:00,2.971,2.975,2.968,2.974,14707.79
2025-04-28 20:30:00+09:00,2.974,2.98,2.972,2.975,22362.27
2025-04-28 20:35:00+09:00,2.973,2.976,2.971,2.974,16418.01
2025-04-28 20:40:00+09:00,2.975,2.986,2.975,2.98,22395.8
2025-04-28 20:45:00+09:00,2.98,2.984,2.968,2.973,30633.91
2025-04-28 20:50:00+09:00,2.973,2.974,2.959,2.968,29060.85
2025-04-28 20:55:00+09:00,2.968,2.97,2.957,2.967,11516.35
2025-04-28 21:00:00+09:00,2.967,2.969,2.947,2.955,32556.91
2025-04-28 21:05:00+09:00,2.956,2.956,2.939,2.939,32574.17
2025-04-28 21:10:00+09:00,2.938,2.943,2.935,2.935,8928.62
2025-04-28 21:15:00+09:00,2.938,2.954,2.936,2.95,19837.42
2025-04-28 21:20:00+09:00,2.951,2.952,2.935,2.939,13404.77
2025-04-28 21:25:00+09:00,2.939,2.944,2.935,2.94,5304.72
2025-04-28 21:30:00+09:00,2.94,2.945,2.93,2.94,38312.39
2025-04-28 21:35:00+09:00,2.941,2.95,2.94,2.949,9383.74
2025-04-28 21:40:00+09:00,2.949,2.949,2.942,2.948,6630.82
2025-04-28 21:45:00+09:00,2.948,2.957,2.938,2.942,11214.72
2025-04-28 21:50:00+09:00,2.941,2.946,2.935,2.937,6465.4
2025-04-28 21:55:00+09:00,2.938,2.938,2.93,2.932,23701.61
2025-04-28 22:00:00+09:00,2.933,2.941,2.933,2.94,41314.81
2025-04-28 22:05:00+09:00,2.94,2.943,2.931,2.931,7736.02
2025-04-28 22:10:00+09:00,2.932,2.944,2.921,2.944,83407.38
2025-04-28 22:15:00+09:00,2.944,2.948,2.937,2.945,4844.07
2025-04-28 22:20:00+09:00,2.944,2.946,2.935,2.935,3755.14
2025-04-28 22:25:00+09:00,2.935,2.935,2.915,2.915,8526.74
2025-04-28 22:30:00+09:00,2.917,2.919,2.892,2.9,40238.8
2025-04-28 22:35:00+09:00,2.9,2.907,2.894,2.895,20507.38
2025-04-28 22:40:00+09:00,2.894,2.921,2.893,2.921,10054.64
2025-04-28 22:45:00+09:00,2.921,2.928,2.905,2.908,28270.77
2025-04-28 22:50:00+09:00,2.908,2.909,2.891,2.891,40875.66
2025-04-28 22:55:00+09:00,2.89,2.898,2.873,2.877,35976.55
2025-04-28 23:00:00+09:00,2.878,2.906,2.865,2.903,40190.95
2025-04-28 23:05:00+09:00,2.901,2.913,2.895,2.906,61416.52
2025-04-28 23:10:00+09:00,2.905,2.907,2.898,2.905,13611.98
2025-04-28 23:15:00+09:00,2.906,2.922,2.901,2.921,23068.87
2025-04-28 23:20:00+09:00,2.921,2.927,2.905,2.913,17603.35
2025-04-28 23:25:00+09:00,2.915,2.918,2.902,2.902,44867.48
2025-04-28 23:30:00+09:00,2.903,2.905,2.877,2.884,40580.53
2025-04-28 23:35:00+09:00,2.884,2.905,2.884,2.897,38158.42
2025-04-28 23:40:00+09:00,2.898,2.9,2.881,2.888,87828.87
2025-04-28 23:45:00+09:00,2.89,2.895,2.886,2.886,10955.22
2025-04-28 23:50:00+09:00,2.886,2.889,2.87,2.87,19436.35
2025-04-28 23:55:00+09:00,2.872,2.876,2.865,2.874,37120.42
2025-04-29 00:00:00+09:00,2.875,2.879,2.85,2.85,210642.81
2025-04-29 00:05:00+09:00,2.849,2.857,2.831,2.835,131108.23
2025-04-29 00:10:00+09:00,2.835,2.837,2.811,2.819,63828.31
2025-04-29 00:15:00+09:00,2.818,2.825,2.803,2.807,53584.51
2025-04-29 00:20:00+09:00,2.807,2.812,2.797,2.804,41434.83
2025-04-29 00:25:00+09:00,2.806,2.806,2.783,2.794,68248.45
2025-04-29 00:30:00+09:00,2.794,2.809,2.79,2.792,41999.44
2025-04-29 00:35:00+09:00,2.793,2.799,2.778,2.797,41913.81
2025-04-29 00:40:00+09:00,2.797,2.799,2.781,2.785,29003.99
2025-04-29 00:45:00+09:00,2.785,2.787,2.775,2.777,15039.41
2025-04-29 00:50:00+09:00,2.777,2.786,2.771,2.782,25487.94
2025-04-29 00:55:00+09:00,2.783,2.797,2.78,2.797,10073.65
2025-04-29 01:00:00+09:00,2.797,2.798,2.788,2.795,37437.54
2025-04-29 01:05:00+09:00,2.796,2.808,2.79,2.796,41268.09
2025-04-29 01:10:00+09:00,2.795,2.807,2.788,2.807,44321.44
2025-04-29 01:15:00+09:00,2.807,2.812,2.793,2.806,32479.89
2025-04-29 01:20:00+09:00,2.805,2.824,2.803,2.817,32046.11
2025-04-29 01:25:00+09:00,2.818,2.826,2.797,2.804,26954.23
2025-04-29 01:30:00+09:00,2.805,2.824,2.798,2.82,28187.62
2025-04-29 01:35:00+09:00,2.821,2.827,2.82,2.825,29619.89
2025-04-29 01:40:00+09:00,2.824,2.827,2.812,2.827,15345.85
2025-04-29 01:45:00+09:00,2.825,2.826,2.819,2.821,13074.83
2025-04-29 01:50:00+09:00,2.821,2.822,2.808,2.82,22759.71
2025-04-29 01:55:00+09:00,2.82,2.823,2.813,2.818,7145.59
2025-04-29 02:00:00+09:00,2.816,2.839,2.816,2.838,25314.7
2025-04-29 02:05:00+09:00,2.837,2.845,2.836,2.845,5231.21
2025-04-29 02:10:00+09:00,2.843,2.844,2.819,2.819,11240.92
2025-04-29 02:15:00+09:00,2.82,2.831,2.817,2.817,10570.66
2025-04-29 02:20:00+09:00,2.818,2.829,2.815,2.828,9843.06
2025-04-29 02:25:00+09:00,2.826,2.827,2.811,2.811,15611.73
2025-04-29 02:30:00+09:00,2.81,2.824,2.809,2.824,6130.84
2025-04-29 02:35:00+09:00,2.823,2.843,2.823,2.839,11051.11
2025-04-29 02:40:00+09:00,2.839,2.841,2.833,2.841,8974.47
2025-04-29 02:45:00+09:00,2.839,2.855,2.838,2.852,20937.29
2025-04-29 02:50:00+09:00,2.853,2.862,2.853,2.856,36587.69
2025-04-29 02:55:00+09:00,2.858,2.866,2.858,2.866,10586.59
2025-04-29 03:00:00+09:00,2.866,2.876,2.863,2.875,10551.06
2025-04-29 03:05:00+09:00,2.875,2.878,2.868,2.868,7943.23
2025-04-29 03:10:00+09:00,2.869,2.872,2.856,2.856,8409.55
2025-04-29 03:15:00+09:00,2.857,2.867,2.85,2.866,72303.36
2025-04-29 03:20:00+09:00,2.867,2.87,2.864,2.864,6887.95
2025-04-29 03:25:00+09:00,2.864,2.864,2.848,2.848,7659.87
2025-04-29 03:30:00+09:00,2.848,2.854,2.838,2.838,9349.13
2025-04-29 03:35:00+09:00,2.838,2.862,2.838,2.862,7389.98
2025-04-29 03:40:00+09:00,2.862,2.866,2.853,2.857,3710.34
2025-04-29 03:45:00+09:00,2.858,2.864,2.852,2.864,5559.79
2025-04-29 03:50:00+09:00,2.864,2.87,2.863,2.864,2966.98
2025-04-29 03:55:00+09:00,2.863,2.869,2.861,2.867,9257.41
2025-04-29 04:00:00+09:00,2.866,2.899,2.866,2.894,56711.49
2025-04-29 04:05:00+09:00,2.894,2.894,2.882,2.884,14905.49
2025-04-29 04:10:00+09:00,2.883,2.884,2.875,2.881,15146.27
2025-04-29 04:15:00+09:00,2.881,2.891,2.876,2.89,22043.11
2025-04-29 04:20:00+09:00,2.89,2.897,2.888,2.889,32612.0
2025-04-29 04:25:00+09:00,2.889,2.898,2.888,2.894,13545.39
2025-04-29 04:30:00+09:00,2.894,2.904,2.894,2.902,11848.65
2025-04-29 04:35:00+09:00,2.901,2.907,2.9,2.907,10886.93
2025-04-29 04:40:00+09:00,2.905,2.912,2.897,2.912,36693.14
2025-04-29 04:45:00+09:00,2.912,2.913,2.893,2.9,27605.97
2025-04-29 04:50:00+09:00,2.9,2.906,2.895,2.898,12473.12
2025-04-29 04:55:00+09:00,2.898,2.9,2.893,2.897,4277.9
2025-04-29 05:00:00+09:00,2.896,2.898,2.884,2.887,9672.87
2025-04-29 05:05:00+09:00,2.889,2.892,2.883,2.888,7544.57
2025-04-29 05:10:00+09:00,2.889,2.891,2.883,2.889,18263.2
2025-04-29 05:15:00+09:00,2.89,2.902,2.887,2.897,21571.8
2025-04-29 05:20:00+09:00,2.898,2.911,2.898,2.905,13116.78
2025-04-29 05:25:00+09:00,2.905,2.906,2.894,2.9,11587.65
2025-04-29 05:30:00+09:00,2.902,2.903,2.887,2.897,4372.01
2025-04-29 05:35:00+09:00,2.898,2.899,2.894,2.898,9566.74
2025-04-29 05:40:00+09:00,2.899,2.903,2.88,2.884,14679.44
2025-04-29 05:45:00+09:00,2.885,2.891,2.883,2.884,4007.63
2025-04-29 05:50:00+09:00,2.883,2.884,2.877,2.884,4660.14
2025-04-29 05:55:00+09:00,2.885,2.891,2.885,2.888,4958.44
2025-04-29 06:00:00+09:00,2.888,2.893,2.887,2.887,13601.09
2025-04-29 06:05:00+09:00,2.887,2.891,2.887,2.891,8843.09
2025-04-29 06:10:00+09:00,2.89,2.89,2.878,2.885,40895.96
2025-04-29 06:15:00+09:00,2.884,2.892,2.884,2.889,12539.37
2025-04-29 06:20:00+09:00,2.89,2.896,2.89,2.896,11682.92
2025-04-29 06:25:00+09:00,2.895,2.897,2.891,2.892,11798.21
2025-04-29 06:30:00+09:00,2.893,2.903,2.893,2.898,3820.53
2025-04-29 06:35:00+09:00,2.897,2.903,2.892,2.893,9219.76
2025-04-29 06:40:00+09:00,2.894,2.895,2.886,2.886,3446.39
2025-04-29 06:45:00+09:00,2.885,2.894,2.882,2.894,13249.02
2025-04-29 06:50:00+09:00,2.895,2.913,2.895,2.911,19555.28
2025-04-29 06:55:00+09:00,2.91,2.919,2.905,2.919,20273.06
2025-04-29 07:00:00+09:00,2.918,2.927,2.91,2.916,25875.2
2025-04-29 07:05:00+09:00,2.915,2.927,2.913,2.921,16323.67
2025-04-29 07:10:00+09:00,2.921,2.923,2.916,2.922,8121.89
2025-04-29 07:15:00+09:00,2.921,2.921,2.902,2.907,9677.95
2025-04-29 07:20:00+09:00,2.906,2.909,2.902,2.908,8705.34
2025-04-29 07:25:00+09:00,2.908,2.908,2.904,2.905,10221.49
2025-04-29 07:30:00+09:00,2.905,2.915,2.903,2.914,10055.63
2025-04-29 07:35:00+09:00,2.915,2.917,2.908,2.908,1773.26
2025-04-29 07:40:00+09:00,2.908,2.915,2.908,2.915,1978.78
2025-04-29 07:45:00+09:00,2.916,2.928,2.915,2.926,28576.88
2025-04-29 07:50:00+09:00,2.927,2.937,2.927,2.936,12760.89
2025-04-29 07:55:00+09:00,2.935,2.935,2.927,2.927,9549.62
2025-04-29 08:00:00+09:00,2.928,2.928,2.919,2.92,3240.91
2025-04-29 08:05:00+09:00,2.919,2.922,2.918,2.919,3388.11
2025-04-29 08:10:00+09:00,2.918,2.928,2.917,2.928,13514.14
2025-04-29 08:15:00+09:00,2.927,2.933,2.92,2.929,20467.07
2025-04-29 08:20:00+09:00,2.929,2.931,2.925,2.928,7686.77
2025-04-29 08:25:00+09:00,2.927,2.932,2.919,2.931,30112.52
2025-04-29 08:30:00+09:00,2.93,2.938,2.925,2.937,4344.44
2025-04-29 08:35:00+09:00,2.936,2.949,2.936,2.949,27695.52
2025-04-29 08:40:00+09:00,2.948,2.953,2.943,2.948,25387.14
2025-04-29 08:45:00+09:00,2.948,2.948,2.928,2.928,44419.03
2025-04-29 08:50:00+09:00,2.93,2.932,2.919,2.93,22099.38
2025-04-29 08:55:00+09:00,2.93,2.93,2.924,2.928,3107.99
2025-04-29 09:00:00+09:00,2.929,2.931,2.921,2.927,36062.22
2025-04-29 09:05:00+09:00,2.928,2.931,2.92,2.924,3806.46
2025-04-29 09:10:00+09:00,2.923,2.925,2.919,2.92,4983.61
2025-04-29 09:15:00+09:00,2.921,2.926,2.917,2.922,4279.57
2025-04-29 09:20:00+09:00,2.921,2.934,2.921,2.934,9034.01
2025-04-29 09:25:00+09:00,2.934,2.942,2.93,2.94,3256.85
2025-04-29 09:30:00+09:00,2.942,2.953,2.94,2.941,18622.46
2025-04-29 09:35:00+09:00,2.939,2.953,2.939,2.952,21443.22
2025-04-29 09:40:00+09:00,2.951,2.964,2.95,2.962,30851.25
2025-04-29 09:45:00+09:00,2.963,2.964,2.949,2.952,50861.42
2025-04-29 09:50:00+09:00,2.951,2.951,2.948,2.95,11709.68
2025-04-29 09:55:00+09:00,2.951,2.952,2.947,2.95,4858.3
2025-04-29 10:00:00+09:00,2.949,2.955,2.947,2.952,9755.22
2025-04-29 10:05:00+09:00,2.953,2.961,2.953,2.959,38428.23
2025-04-29 10:10:00+09:00,2.959,2.965,2.949,2.949,28035.25
2025-04-29 10:15:00+09:00,2.949,2.951,2.925,2.936,29743.94
2025-04-29 10:20:00+09:00,2.935,2.95,2.935,2.95,10939.02
2025-04-29 10:25:00+09:00,2.95,2.951,2.942,2.945,7487.85
2025-04-29 10:30:00+09:00,2.947,2.947,2.935,2.938,4345.79
2025-04-29 10:35:00+09:00,2.938,2.948,2.937,2.945,2638.56
2025-04-29 10:40:00+09:00,2.944,2.948,2.937,2.939,6058.72
2025-04-29 10:45:00+09:00,2.939,2.949,2.936,2.936,5399.27
2025-04-29 10:50:00+09:00,2.936,2.938,2.918,2.919,15262.12
2025-04-29 10:55:00+09:00,2.922,2.924,2.914,2.915,19238.75
2025-04-29 11:00:00+09:00,2.915,2.92,2.907,2.909,15601.25
2025-04-29 11:05:00+09:00,2.91,2.911,2.902,2.907,26892.72
2025-04-29 11:10:00+09:00,2.907,2.916,2.905,2.915,2275.17
2025-04-29 11:15:00+09:00,2.917,2.931,2.916,2.928,12027.97
2025-04-29 11:20:00+09:00,2.927,2.932,2.923,2.925,3526.97
2025-04-29 11:25:00+09:00,2.924,2.929,2.922,2.927,3631.68
2025-04-29 11:30:00+09:00,2.927,2.934,2.922,2.934,3484.11
2025-04-29 11:35:00+09:00,2.935,2.939,2.934,2.938,877.91
2025-04-29 11:40:00+09:00,2.937,2.938,2.93,2.933,2584.9
2025-04-29 11:45:00+09:00,2.932,2.937,2.929,2.929,10537.66
2025-04-29 11:50:00+09:00,2.929,2.937,2.929,2.935,14529.79
2025-04-29 11:55:00+09:00,2.936,2.938,2.933,2.937,18771.35
2025-04-29 12:00:00+09:00,2.937,2.939,2.93,2.936,12172.23
2025-04-29 12:05:00+09:00,2.936,2.937,2.93,2.934,3675.63
2025-04-29 12:10:00+09:00,2.935,2.937,2.924,2.931,16893.54
2025-04-29 12:15:00+09:00,2.932,2.937,2.931,2.934,8857.78
2025-04-29 12:20:00+09:00,2.935,2.941,2.934,2.939,27145.46
2025-04-29 12:25:00+09:00,2.938,2.941,2.938,2.939,3882.7
2025-04-29 12:30:00+09:00,2.938,2.941,2.936,2.936,23491.26
2025-04-29 12:35:00+09:00,2.935,2.937,2.931,2.935,3781.26
2025-04-29 12:40:00+09:00,2.935,2.935,2.932,2.934,2738.16
2025-04-29 12:45:00+09:00,2.935,2.944,2.935,2.942,6781.17
2025-04-29 12:50:00+09:00,2.943,2.945,2.937,2.941,14400.14
2025-04-29 12:55:00+09:00,2.942,2.943,2.936,2.937,7046.39
2025-04-29 13:00:00+09:00,2.938,2.94,2.927,2.928,5687.17
2025-04-29 13:05:00+09:00,2.928,2.937,2.927,2.937,3807.65
2025-04-29 13:10:00+09:00,2.935,2.947,2.935,2.94,29478.49
2025-04-29 13:15:00+09:00,2.941,2.944,2.933,2.933,5556.32
2025-04-29 13:20:00+09:00,2.935,2.943,2.929,2.929,8979.7
2025-04-29 13:25:00+09:00,2.929,2.936,2.929,2.931,7438.65
2025-04-29 13:30:00+09:00,2.931,2.933,2.929,2.93,7492.64
2025-04-29 13:35:00+09:00,2.93,2.932,2.925,2.927,7088.1
2025-04-29 13:40:00+09:00,2.928,2.928,2.905,2.914,22636.2
2025-04-29 13:45:00+09:00,2.914,2.914,2.893,2.895,40843.78
2025-04-29 13:50:00+09:00,2.895,2.899,2.89,2.898,8340.32
2025-04-29 13:55:00+09:00,2.898,2.898,2.891,2.895,13144.86
2025-04-29 14:00:00+09:00,2.895,2.899,2.885,2.89,15841.95
2025-04-29 14:05:00+09:00,2.891,2.905,2.891,2.905,8028.97
2025-04-29 14:10:00+09:00,2.904,2.904,2.889,2.891,8359.52
2025-04-29 14:15:00+09:00,2.891,2.898,2.889,2.895,42013.11
2025-04-29 14:20:00+09:00,2.895,2.9,2.888,2.9,9262.77
2025-04-29 14:25:00+09:00,2.9,2.902,2.899,2.902,3971.66
2025-04-29 14:30:00+09:00,2.901,2.913,2.899,2.91,12957.07
2025-04-29 14:35:00+09:00,2.91,2.91,2.907,2.907,3144.67
2025-04-29 14:40:00+09:00,2.906,2.907,2.903,2.904,5483.63
2025-04-29 14:45:00+09:00,2.903,2.908,2.903,2.903,3299.83
2025-04-29 14:50:00+09:00,2.903,2.904,2.898,2.898,6283.68
2025-04-29 14:55:00+09:00,2.897,2.904,2.897,2.901,10148.1
2025-04-29 15:00:00+09:00,2.902,2.911,2.899,2.91,7855.47
2025-04-29 15:05:00+09:00,2.911,2.921,2.911,2.92,8084.38
2025-04-29 15:10:00+09:00,2.919,2.919,2.911,2.913,4143.43
2025-04-29 15:15:00+09:00,2.913,2.93,2.913,2.929,13340.96
2025-04-29 15:20:00+09:00,2.929,2.941,2.929,2.94,25948.25
2025-04-29 15:25:00+09:00,2.941,2.944,2.934,2.935,21401.7
2025-04-29 15:30:00+09:00,2.934,2.943,2.933,2.94,29714.25
2025-04-29 15:35:00+09:00,2.94,2.94,2.931,2.931,7424.26
2025-04-29 15:40:00+09:00,2.93,2.933,2.923,2.925,5794.02
2025-04-29 15:45:00+09:00,2.924,2.936,2.924,2.932,11539.97
2025-04-29 15:50:00+09:00,2.933,2.943,2.933,2.941,10998.27
2025-04-29 15:55:00+09:00,2.94,2.942,2.937,2.938,5105.27
2025-04-29 16:00:00+09:00,2.938,2.942,2.931,2.939,10619.13
2025-04-29 16:05:00+09:00,2.94,2.942,2.929,2.933,24698.95
2025-04-29 16:10:00+09:00,2.933,2.938,2.933,2.936,3269.62
2025-04-29 16:15:00+09:00,2.937,2.949,2.937,2.949,6792.74
2025-04-29 16:20:00+09:00,2.949,2.96,2.948,2.958,11719.39
2025-04-29 16:25:00+09:00,2.957,2.963,2.954,2.963,9147.52
2025-04-29 16:30:00+09:00,2.963,2.965,2.952,2.955,5052.8
2025-04-29 16:35:00+09:00,2.956,2.957,2.948,2.954,14541.81
2025-04-29 16:40:00+09:00,2.953,2.957,2.948,2.952,12303.25
2025-04-29 16:45:00+09:00,2.952,2.958,2.95,2.956,7633.1
2025-04-29 16:50:00+09:00,2.957,2.961,2.956,2.957,2591.2
2025-04-29 16:55:00+09:00,2.956,2.961,2.953,2.956,10948.32
2025-04-29 17:00:00+09:00,2.956,2.959,2.944,2.945,7449.84
2025-04-29 17:05:00+09:00,2.947,2.955,2.946,2.955,4424.6
2025-04-29 17:10:00+09:00,2.955,2.956,2.952,2.955,3032.04
2025-04-29 17:15:00+09:00,2.955,2.969,2.955,2.967,28297.33
2025-04-29 17:20:00+09:00,2.966,2.967,2.946,2.947,13533.97
2025-04-29 17:25:00+09:00,2.946,2.949,2.943,2.944,5311.84
2025-04-29 17:30:00+09:00,2.944,2.944,2.932,2.935,4934.09
2025-04-29 17:35:00+09:00,2.936,2.939,2.935,2.938,5555.28
2025-04-29 17:40:00+09:00,2.937,2.939,2.936,2.936,2735.32
2025-04-29 17:45:00+09:00,2.938,2.947,2.938,2.944,7328.03
2025-04-29 17:50:00+09:00,2.944,2.944,2.938,2.94,6006.3
2025-04-29 17:55:00+09:00,2.941,2.955,2.94,2.953,12004.97
2025-04-29 18:00:00+09:00,2.953,2.954,2.944,2.944,6667.42
2025-04-29 18:05:00+09:00,2.944,2.945,2.928,2.932,5845.28
2025-04-29 18:10:00+09:00,2.932,2.934,2.927,2.927,8791.25
2025-04-29 18:15:00+09:00,2.928,2.939,2.927,2.939,14707.65
2025-04-29 18:20:00+09:00,2.939,2.941,2.926,2.928,8909.46
2025-04-29 18:25:00+09:00,2.927,2.933,2.926,2.928,9995.7
2025-04-29 18:30:00+09:00,2.928,2.928,2.915,2.92,25084.88
2025-04-29 18:35:00+09:00,2.92,2.922,2.91,2.916,20622.34
2025-04-29 18:40:00+09:00,2.914,2.917,2.91,2.91,9947.24
2025-04-29 18:45:00+09:00,2.911,2.913,2.908,2.908,15078.21
2025-04-29 18:50:00+09:00,2.909,2.914,2.909,2.914,7993.94
2025-04-29 18:55:00+09:00,2.915,2.921,2.915,2.921,10636.05
2025-04-29 19:00:00+09:00,2.92,2.92,2.91,2.914,15064.43
2025-04-29 19:05:00+09:00,2.914,2.92,2.906,2.907,20508.25
2025-04-29 19:10:00+09:00,2.906,2.912,2.905,2.908,26306.86
2025-04-29 19:15:00+09:00,2.907,2.915,2.902,2.905,23032.38
2025-04-29 19:20:00+09:00,2.906,2.906,2.901,2.902,9440.95
2025-04-29 19:25:00+09:00,2.902,2.907,2.902,2.902,14028.39
2025-04-29 19:30:00+09:00,2.901,2.901,2.888,2.889,49035.97
2025-04-29 19:35:00+09:00,2.889,2.891,2.887,2.887,17907.93
2025-04-29 19:40:00+09:00,2.887,2.887,2.865,2.874,41787.99
2025-04-29 19:45:00+09:00,2.875,2.875,2.859,2.866,11585.74
2025-04-29 19:50:00+09:00,2.865,2.876,2.861,2.875,39935.21
2025-04-29 19:55:00+09:00,2.876,2.881,2.864,2.864,29579.72
2025-04-29 20:00:00+09:00,2.865,2.872,2.863,2.869,7299.61
2025-04-29 20:05:00+09:00,2.868,2.878,2.866,2.877,6840.56
2025-04-29 20:10:00+09:00,2.876,2.88,2.873,2.88,13073.93
2025-04-29 20:15:00+09:00,2.879,2.884,2.873,2.88,13927.78
2025-04-29 20:20:00+09:00,2.88,2.883,2.875,2.875,10372.28
2025-04-29 20:25:00+09:00,2.874,2.88,2.873,2.877,6433.73
2025-04-29 20:30:00+09:00,2.878,2.879,2.866,2.869,6022.65
2025-04-29 20:35:00+09:00,2.87,2.877,2.869,2.87,6815.18
2025-04-29 20:40:00+09:00,2.87,2.875,2.868,2.875,2639.53
2025-04-29 20:45:00+09:00,2.876,2.88,2.873,2.875,9985.09
2025-04-29 20:50:00+09:00,2.874,2.876,2.872,2.873,8455.22
2025-04-29 20:55:00+09:00,2.873,2.873,2.864,2.865,8636.01
2025-04-29 21:00:00+09:00,2.864,2.865,2.858,2.859,11971.93
2025-04-29 21:05:00+09:00,2.86,2.869,2.859,2.868,6574.67
2025-04-29 21:10:00+09:00,2.867,2.867,2.856,2.858,4792.26
2025-04-29 21:15:00+09:00,2.857,2.857,2.849,2.854,17836.34
2025-04-29 21:20:00+09:00,2.853,2.854,2.833,2.838,19643.83
2025-04-29 21:25:00+09:00,2.836,2.847,2.836,2.842,8154.18
2025-04-29 21:30:00+09:00,2.841,2.841,2.833,2.836,10568.13
2025-04-29 21:35:00+09:00,2.836,2.846,2.835,2.844,22644.06
2025-04-29 21:40:00+09:00,2.844,2.846,2.843,2.843,10362.21
2025-04-29 21:45:00+09:00,2.845,2.845,2.837,2.84,4786.76
2025-04-29 21:50:00+09:00,2.839,2.847,2.836,2.838,20139.51
2025-04-29 21:55:00+09:00,2.838,2.843,2.836,2.842,5913.54
2025-04-29 22:00:00+09:00,2.841,2.849,2.838,2.845,19383.68
2025-04-29 22:05:00+09:00,2.846,2.852,2.846,2.85,6577.98
2025-04-29 22:10:00+09:00,2.851,2.851,2.839,2.842,10820.12
2025-04-29 22:15:00+09:00,2.842,2.842,2.818,2.829,45824.68
2025-04-29 22:20:00+09:00,2.829,2.842,2.828,2.841,17615.32
2025-04-29 22:25:00+09:00,2.842,2.848,2.838,2.848,10632.7
2025-04-29 22:30:00+09:00,2.848,2.867,2.845,2.86,15512.68
2025-04-29 22:35:00+09:00,2.859,2.859,2.839,2.84,15749.95
2025-04-29 22:40:00+09:00,2.841,2.849,2.841,2.844,18938.6
2025-04-29 22:45:00+09:00,2.843,2.85,2.843,2.845,15301.46
2025-04-29 22:50:00+09:00,2.845,2.853,2.845,2.853,8324.48
2025-04-29 22:55:00+09:00,2.853,2.853,2.84,2.842,17979.98
2025-04-29 23:00:00+09:00,2.84,2.852,2.829,2.851,50307.41
2025-04-29 23:05:00+09:00,2.852,2.864,2.852,2.859,18355.44
2025-04-29 23:10:00+09:00,2.858,2.863,2.841,2.863,49308.5
2025-04-29 23:15:00+09:00,2.863,2.863,2.85,2.855,71285.81
2025-04-29 23:20:00+09:00,2.854,2.865,2.853,2.859,30356.47
2025-04-29 23:25:00+09:00,2.859,2.864,2.854,2.86,10477.25
2025-04-29 23:30:00+09:00,2.861,2.866,2.853,2.863,5288.75
2025-04-29 23:35:00+09:00,2.861,2.877,2.861,2.873,25459.48
2025-04-29 23:40:00+09:00,2.873,2.879,2.867,2.871,16943.38
2025-04-29 23:45:00+09:00,2.87,2.871,2.863,2.863,7999.12
2025-04-29 23:50:00+09:00,2.863,2.863,2.856,2.856,4471.08
2025-04-29 23:55:00+09:00,2.855,2.869,2.855,2.863,8165.62
2025-04-30 00:00:00+09:00,2.863,2.867,2.857,2.857,56341.42
2025-04-30 00:05:00+09:00,2.859,2.86,2.853,2.854,6298.91
2025-04-30 00:10:00+09:00,2.854,2.858,2.848,2.851,17426.42
2025-04-30 00:15:00+09:00,2.852,2.854,2.833,2.836,26642.33
2025-04-30 00:20:00+09:00,2.835,2.848,2.833,2.842,18484.7
2025-04-30 00:25:00+09:00,2.841,2.847,2.836,2.844,32538.51
2025-04-30 00:30:00+09:00,2.844,2.845,2.826,2.83,31722.45
2025-04-30 00:35:00+09:00,2.83,2.84,2.826,2.84,3966.64
2025-04-30 00:40:00+09:00,2.841,2.847,2.841,2.847,1644.94
2025-04-30 00:45:00+09:00,2.845,2.845,2.835,2.835,6787.77
2025-04-30 00:50:00+09:00,2.835,2.835,2.828,2.828,4816.71
2025-04-30 00:55:00+09:00,2.829,2.833,2.814,2.819,35347.74
2025-04-30 01:00:00+09:00,2.82,2.822,2.8,2.811,77986.09
2025-04-30 01:05:00+09:00,2.811,2.817,2.806,2.814,15714.96
2025-04-30 01:10:00+09:00,2.813,2.822,2.813,2.821,4285.84
2025-04-30 01:15:00+09:00,2.82,2.82,2.813,2.816,15074.78
2025-04-30 01:20:00+09:00,2.815,2.832,2.814,2.826,30259.64
2025-04-30 01:25:00+09:00,2.826,2.834,2.826,2.834,14180.9
2025-04-30 01:30:00+09:00,2.834,2.84,2.832,2.839,23846.46
2025-04-30 01:35:00+09:00,2.841,2.844,2.83,2.831,15059.73
2025-04-30 01:40:00+09:00,2.83,2.843,2.826,2.843,12370.99
2025-04-30 01:45:00+09:00,2.842,2.842,2.823,2.825,8025.3
2025-04-30 01:50:00+09:00,2.825,2.829,2.823,2.823,10205.99
2025-04-30 01:55:00+09:00,2.822,2.822,2.816,2.82,27697.25
2025-04-30 02:00:00+09:00,2.819,2.82,2.799,2.811,28822.62
2025-04-30 02:05:00+09:00,2.809,2.812,2.805,2.805,10035.24
2025-04-30 02:10:00+09:00,2.804,2.817,2.801,2.815,10676.15
2025-04-30 02:15:00+09:00,2.814,2.823,2.813,2.813,28895.69
2025-04-30 02:20:00+09:00,2.813,2.822,2.812,2.819,7647.15
2025-04-30 02:25:00+09:00,2.82,2.826,2.819,2.825,4500.29
2025-04-30 02:30:00+09:00,2.825,2.829,2.821,2.829,28717.48
2025-04-30 02:35:00+09:00,2.827,2.837,2.826,2.83,28801.89
2025-04-30 02:40:00+09:00,2.831,2.831,2.826,2.828,9558.75
2025-04-30 02:45:00+09:00,2.827,2.835,2.821,2.835,19961.32
2025-04-30 02:50:00+09:00,2.834,2.835,2.826,2.832,17090.7
2025-04-30 02:55:00+09:00,2.833,2.836,2.822,2.823,12728.68
2025-04-30 03:00:00+09:00,2.824,2.829,2.824,2.829,8748.12
2025-04-30 03:05:00+09:00,2.83,2.833,2.822,2.823,9213.12
2025-04-30 03:10:00+09:00,2.822,2.827,2.82,2.821,15391.73
2025-04-30 03:15:00+09:00,2.821,2.839,2.821,2.833,23904.42
2025-04-30 03:20:00+09:00,2.832,2.834,2.826,2.831,3647.8
2025-04-30 03:25:00+09:00,2.832,2.84,2.832,2.835,8914.95
2025-04-30 03:30:00+09:00,2.836,2.84,2.832,2.833,11816.31
2025-04-30 03:35:00+09:00,2.833,2.839,2.833,2.834,4974.68
2025-04-30 03:40:00+09:00,2.833,2.838,2.832,2.838,2944.28
2025-04-30 03:45:00+09:00,2.837,2.837,2.83,2.832,5586.05
2025-04-30 03:50:00+09:00,2.831,2.832,2.82,2.828,9531.36
2025-04-30 03:55:00+09:00,2.828,2.829,2.822,2.823,5138.35
2025-04-30 04:00:00+09:00,2.823,2.825,2.82,2.822,5391.59
2025-04-30 04:05:00+09:00,2.822,2.832,2.822,2.827,8976.07
2025-04-30 04:10:00+09:00,2.827,2.828,2.821,2.821,4270.71
2025-04-30 04:15:00+09:00,2.821,2.83,2.817,2.828,17343.42
2025-04-30 04:20:00+09:00,2.829,2.835,2.829,2.835,12154.5
2025-04-30 04:25:00+09:00,2.835,2.837,2.823,2.823,21937.99
2025-04-30 04:30:00+09:00,2.823,2.825,2.798,2.799,78330.84
2025-04-30 04:35:00+09:00,2.798,2.798,2.783,2.793,73920.65
2025-04-30 04:40:00+09:00,2.793,2.796,2.789,2.791,21681.23
2025-04-30 04:45:00+09:00,2.79,2.8,2.787,2.8,28688.85
2025-04-30 04:50:00+09:00,2.8,2.802,2.791,2.796,23055.85
2025-04-30 04:55:00+09:00,2.795,2.796,2.786,2.787,16652.01
2025-04-30 05:00:00+09:00,2.788,2.799,2.788,2.796,10305.39
2025-04-30 05:05:00+09:00,2.796,2.798,2.788,2.792,13798.19
2025-04-30 05:10:00+09:00,2.79,2.791,2.78,2.785,44959.07
2025-04-30 05:15:00+09:00,2.786,2.786,2.774,2.783,68595.58
2025-04-30 05:20:00+09:00,2.783,2.785,2.779,2.78,3881.55
2025-04-30 05:25:00+09:00,2.778,2.781,2.777,2.778,11607.47
2025-04-30 05:30:00+09:00,2.779,2.781,2.757,2.768,104326.16
2025-04-30 05:35:00+09:00,2.766,2.778,2.765,2.777,14559.93
2025-04-30 05:40:00+09:00,2.776,2.777,2.77,2.771,12611.3
2025-04-30 05:45:00+09:00,2.771,2.776,2.765,2.767,38078.64
2025-04-30 05:50:00+09:00,2.766,2.77,2.759,2.761,21811.39
2025-04-30 05:55:00+09:00,2.761,2.766,2.76,2.76,17496.4
2025-04-30 06:00:00+09:00,2.76,2.76,2.743,2.756,58976.77
2025-04-30 06:05:00+09:00,2.757,2.758,2.739,2.739,23286.43
2025-04-30 06:10:00+09:00,2.739,2.744,2.73,2.731,83392.62
2025-04-30 06:15:00+09:00,2.732,2.744,2.73,2.737,30979.28
2025-04-30 06:20:00+09:00,2.738,2.745,2.732,2.742,74629.0
2025-04-30 06:25:00+09:00,2.741,2.742,2.733,2.739,36295.39
2025-04-30 06:30:00+09:00,2.738,2.742,2.735,2.74,9460.52
2025-04-30 06:35:00+09:00,2.74,2.755,2.739,2.752,80575.74
2025-04-30 06:40:00+09:00,2.752,2.753,2.742,2.743,18714.15
2025-04-30 06:45:00+09:00,2.742,2.743,2.73,2.733,63640.67
2025-04-30 06:50:00+09:00,2.732,2.742,2.729,2.74,14119.6
2025-04-30 06:55:00+09:00,2.739,2.755,2.739,2.753,36573.79
2025-04-30 07:00:00+09:00,2.751,2.751,2.735,2.742,7508.02
2025-04-30 07:05:00+09:00,2.74,2.74,2.731,2.732,19374.07
2025-04-30 07:10:00+09:00,2.732,2.742,2.731,2.742,12987.38
2025-04-30 07:15:00+09:00,2.741,2.75,2.738,2.738,15435.65
2025-04-30 07:20:00+09:00,2.738,2.74,2.733,2.733,12380.31
2025-04-30 07:25:00+09:00,2.735,2.74,2.721,2.726,29907.16
2025-04-30 07:30:00+09:00,2.725,2.731,2.722,2.728,5409.4
2025-04-30 07:35:00+09:00,2.729,2.732,2.713,2.717,28537.14
2025-04-30 07:40:00+09:00,2.717,2.717,2.706,2.707,20248.67
2025-04-30 07:45:00+09:00,2.706,2.716,2.706,2.716,16511.28
2025-04-30 07:50:00+09:00,2.715,2.725,2.714,2.724,11135.24
2025-04-30 07:55:00+09:00,2.724,2.724,2.707,2.71,14117.61
2025-04-30 08:00:00+09:00,2.709,2.711,2.702,2.71,13162.61
2025-04-30 08:05:00+09:00,2.709,2.709,2.695,2.698,46757.67
2025-04-30 08:10:00+09:00,2.697,2.702,2.69,2.691,23302.2
2025-04-30 08:15:00+09:00,2.691,2.703,2.683,2.692,119846.57
2025-04-30 08:20:00+09:00,2.693,2.698,2.689,2.698,16526.98
2025-04-30 08:25:00+09:00,2.697,2.703,2.694,2.703,11310.28
2025-04-30 08:30:00+09:00,2.704,2.714,2.701,2.714,12020.3
2025-04-30 08:35:00+09:00,2.714,2.722,2.71,2.721,15106.68
2025-04-30 08:40:00+09:00,2.72,2.731,2.716,2.727,30520.64
2025-04-30 08:45:00+09:00,2.729,2.738,2.725,2.738,16796.49
2025-04-30 08:50:00+09:00,2.738,2.744,2.735,2.744,5239.85
2025-04-30 08:55:00+09:00,2.743,2.743,2.737,2.737,8762.24
2025-04-30 09:00:00+09:00,2.737,2.746,2.724,2.731,30420.65
2025-04-30 09:05:00+09:00,2.73,2.749,2.729,2.747,12257.08
2025-04-30 09:10:00+09:00,2.746,2.752,2.743,2.746,18575.02
2025-04-30 09:15:00+09:00,2.746,2.751,2.738,2.738,11385.34
2025-04-30 09:20:00+09:00,2.737,2.75,2.736,2.742,5038.1
2025-04-30 09:25:00+09:00,2.743,2.746,2.738,2.742,13471.14
2025-04-30 09:30:00+09:00,2.742,2.76,2.738,2.756,21105.89
2025-04-30 09:35:00+09:00,2.757,2.763,2.755,2.757,3286.37
2025-04-30 09:40:00+09:00,2.758,2.762,2.756,2.757,11314.86
2025-04-30 09:45:00+09:00,2.757,2.764,2.756,2.761,8088.84
2025-04-30 09:50:00+09:00,2.763,2.763,2.749,2.753,2794.52
2025-04-30 09:55:00+09:00,2.752,2.753,2.748,2.752,2277.14
2025-04-30 10:00:00+09:00,2.752,2.755,2.745,2.745,9945.74
2025-04-30 10:05:00+09:00,2.747,2.749,2.737,2.739,31112.31
2025-04-30 10:10:00+09:00,2.738,2.739,2.729,2.732,5006.94
2025-04-30 10:15:00+09:00,2.732,2.738,2.725,2.737,4923.61
2025-04-30 10:20:00+09:00,2.738,2.744,2.737,2.741,4702.44
2025-04-30 10:25:00+09:00,2.74,2.74,2.732,2.733,13967.03
2025-04-30 10:30:00+09:00,2.733,2.733,2.723,2.728,3436.77
2025-04-30 10:35:00+09:00,2.729,2.73,2.722,2.722,6736.56
2025-04-30 10:40:00+09:00,2.722,2.722,2.714,2.714,3978.9
2025-04-30 10:45:00+09:00,2.713,2.716,2.705,2.705,8265.65
2025-04-30 10:50:00+09:00,2.705,2.721,2.704,2.72,4602.83
2025-04-30 10:55:00+09:00,2.72,2.729,2.72,2.729,7778.51
2025-04-30 11:00:00+09:00,2.727,2.729,2.721,2.728,7156.47
2025-04-30 11:05:00+09:00,2.727,2.734,2.725,2.734,5040.46
2025-04-30 11:10:00+09:00,2.733,2.737,2.73,2.736,2178.55
2025-04-30 11:15:00+09:00,2.735,2.747,2.734,2.747,3438.31
2025-04-30 11:20:00+09:00,2.747,2.754,2.747,2.752,4520.65
2025-04-30 11:25:00+09:00,2.751,2.752,2.74,2.74,3102.64
2025-04-30 11:30:00+09:00,2.74,2.74,2.729,2.735,4218.46
2025-04-30 11:35:00+09:00,2.733,2.743,2.733,2.743,6651.06
2025-04-30 11:40:00+09:00,2.743,2.752,2.742,2.752,3084.42
2025-04-30 11:45:00+09:00,2.753,2.754,2.747,2.747,5429.28
2025-04-30 11:50:00+09:00,2.746,2.751,2.739,2.739,14018.89
2025-04-30 11:55:00+09:00,2.738,2.74,2.735,2.739,8185.6
2025-04-30 12:00:00+09:00,2.739,2.74,2.735,2.738,1806.74
2025-04-30 12:05:00+09:00,2.737,2.74,2.735,2.739,11609.59
2025-04-30 12:10:00+09:00,2.738,2.741,2.734,2.741,6004.25
2025-04-30 12:15:00+09:00,2.739,2.742,2.734,2.738,7579.39
2025-04-30 12:20:00+09:00,2.739,2.744,2.737,2.737,6745.68
2025-04-30 12:25:00+09:00,2.737,2.738,2.73,2.73,2691.08
2025-04-30 12:30:00+09:00,2.731,2.739,2.729,2.739,5975.74
2025-04-30 12:35:00+09:00,2.74,2.742,2.736,2.737,3577.92
2025-04-30 12:40:00+09:00,2.736,2.739,2.733,2.734,3464.88
2025-04-30 12:45:00+09:00,2.735,2.75,2.733,2.746,10428.86
2025-04-30 12:50:00+09:00,2.746,2.752,2.743,2.752,2561.5
2025-04-30 12:55:00+09:00,2.753,2.759,2.752,2.753,22900.72
2025-04-30 13:00:00+09:00,2.754,2.758,2.748,2.748,15063.13
2025-04-30 13:05:00+09:00,2.748,2.75,2.746,2.748,11072.88
2025-04-30 13:10:00+09:00,2.747,2.748,2.744,2.746,2864.46
2025-04-30 13:15:00+09:00,2.747,2.754,2.747,2.752,2507.65
2025-04-30 13:20:00+09:00,2.753,2.756,2.751,2.755,4887.62
2025-04-30 13:25:00+09:00,2.755,2.759,2.75,2.754,3519.95
2025-04-30 13:30:00+09:00,2.755,2.761,2.753,2.759,4450.59
2025-04-30 13:35:00+09:00,2.758,2.765,2.757,2.764,12364.79
2025-04-30 13:40:00+09:00,2.765,2.773,2.765,2.773,10720.06
2025-04-30 13:45:00+09:00,2.773,2.78,2.771,2.773,9001.09
2025-04-30 13:50:00+09:00,2.773,2.775,2.77,2.772,1650.43
2025-04-30 13:55:00+09:00,2.773,2.774,2.77,2.773,2404.27
2025-04-30 14:00:00+09:00,2.774,2.774,2.763,2.763,10521.3
2025-04-30 14:05:00+09:00,2.763,2.765,2.759,2.763,3697.9
2025-04-30 14:10:00+09:00,2.763,2.764,2.75,2.751,11999.85
2025-04-30 14:15:00+09:00,2.752,2.752,2.745,2.749,8179.5
2025-04-30 14:20:00+09:00,2.749,2.754,2.748,2.754,2459.63
2025-04-30 14:25:00+09:00,2.754,2.755,2.743,2.744,10346.59
2025-04-30 14:30:00+09:00,2.745,2.756,2.745,2.752,10420.55
2025-04-30 14:35:00+09:00,2.752,2.752,2.745,2.748,3886.77
2025-04-30 14:40:00+09:00,2.749,2.751,2.745,2.745,1301.07
2025-04-30 14:45:00+09:00,2.745,2.745,2.737,2.743,10324.73
2025-04-30 14:50:00+09:00,2.743,2.75,2.743,2.749,2675.79
2025-04-30 14:55:00+09:00,2.749,2.752,2.748,2.751,11678.15
2025-04-30 15:00:00+09:00,2.751,2.752,2.746,2.747,2403.79
2025-04-30 15:05:00+09:00,2.747,2.75,2.744,2.747,3463.65
2025-04-30 15:10:00+09:00,2.747,2.759,2.745,2.759,3606.11
2025-04-30 15:15:00+09:00,2.757,2.767,2.756,2.767,8276.85
2025-04-30 15:20:00+09:00,2.767,2.773,2.764,2.768,8142.07
2025-04-30 15:25:00+09:00,2.768,2.775,2.768,2.774,11703.84
2025-04-30 15:30:00+09:00,2.774,2.785,2.774,2.781,15527.14
2025-04-30 15:35:00+09:00,2.781,2.785,2.768,2.773,27942.06
2025-04-30 15:40:00+09:00,2.773,2.774,2.76,2.765,21277.46
2025-04-30 15:45:00+09:00,2.765,2.771,2.761,2.769,15366.02
2025-04-30 15:50:00+09:00,2.77,2.776,2.769,2.775,10870.03
2025-04-30 15:55:00+09:00,2.774,2.774,2.767,2.767,6590.84
2025-04-30 16:00:00+09:00,2.767,2.773,2.766,2.768,6104.59
2025-04-30 16:05:00+09:00,2.767,2.768,2.755,2.758,9605.14
2025-04-30 16:10:00+09:00,2.757,2.769,2.757,2.769,4900.4
2025-04-30 16:15:00+09:00,2.769,2.775,2.768,2.768,9307.56
2025-04-30 16:20:00+09:00,2.768,2.77,2.761,2.763,3559.41
2025-04-30 16:25:00+09:00,2.764,2.775,2.764,2.775,2740.31
2025-04-30 16:30:00+09:00,2.773,2.774,2.752,2.756,19052.76
2025-04-30 16:35:00+09:00,2.755,2.755,2.744,2.75,13106.25
2025-04-30 16:40:00+09:00,2.749,2.749,2.74,2.741,13042.82
2025-04-30 16:45:00+09:00,2.741,2.743,2.727,2.737,31222.68
2025-04-30 16:50:00+09:00,2.736,2.745,2.733,2.745,6955.54
2025-04-30 16:55:00+09:00,2.746,2.748,2.741,2.744,12385.66
2025-04-30 17:00:00+09:00,2.743,2.752,2.742,2.747,13024.58
2025-04-30 17:05:00+09:00,2.747,2.751,2.742,2.748,8130.04
2025-04-30 17:10:00+09:00,2.749,2.768,2.749,2.766,7541.79
2025-04-30 17:15:00+09:00,2.766,2.769,2.752,2.752,9352.38
2025-04-30 17:20:00+09:00,2.754,2.754,2.746,2.747,10386.55
2025-04-30 17:25:00+09:00,2.747,2.747,2.734,2.736,9596.24
2025-04-30 17:30:00+09:00,2.737,2.743,2.733,2.738,12394.46
2025-04-30 17:35:00+09:00,2.739,2.74,2.734,2.737,36607.27
2025-04-30 17:40:00+09:00,2.737,2.74,2.734,2.739,7349.19
2025-04-30 17:45:00+09:00,2.738,2.741,2.735,2.74,2097.53
2025-04-30 17:50:00+09:00,2.741,2.749,2.739,2.747,5235.04
2025-04-30 17:55:00+09:00,2.747,2.748,2.739,2.739,5864.01
2025-04-30 18:00:00+09:00,2.741,2.749,2.741,2.749,4760.56
2025-04-30 18:05:00+09:00,2.748,2.751,2.746,2.747,5810.72
2025-04-30 18:10:00+09:00,2.747,2.752,2.744,2.747,27677.37
2025-04-30 18:15:00+09:00,2.748,2.755,2.748,2.755,7127.01
2025-04-30 18:20:00+09:00,2.756,2.761,2.756,2.761,11863.51
2025-04-30 18:25:00+09:00,2.761,2.765,2.76,2.764,31756.21
2025-04-30 18:30:00+09:00,2.765,2.77,2.765,2.766,15619.97
2025-04-30 18:35:00+09:00,2.767,2.769,2.759,2.759,11830.29
2025-04-30 18:40:00+09:00,2.76,2.772,2.76,2.764,11200.78
2025-04-30 18:45:00+09:00,2.765,2.766,2.757,2.759,13485.34
2025-04-30 18:50:00+09:00,2.758,2.772,2.757,2.772,6062.09
2025-04-30 18:55:00+09:00,2.77,2.771,2.768,2.771,9819.18
2025-04-30 19:00:00+09:00,2.771,2.771,2.757,2.762,20080.55
2025-04-30 19:05:00+09:00,2.759,2.765,2.758,2.762,5974.94
2025-04-30 19:10:00+09:00,2.761,2.768,2.759,2.767,8539.78
2025-04-30 19:15:00+09:00,2.767,2.767,2.754,2.754,5090.95
2025-04-30 19:20:00+09:00,2.756,2.757,2.75,2.753,6782.86
2025-04-30 19:25:00+09:00,2.752,2.754,2.751,2.754,6175.34
2025-04-30 19:30:00+09:00,2.754,2.755,2.75,2.753,7314.82
2025-04-30 19:35:00+09:00,2.753,2.763,2.752,2.76,17919.07
2025-04-30 19:40:00+09:00,2.759,2.762,2.758,2.762,9170.42
2025-04-30 19:45:00+09:00,2.762,2.769,2.762,2.768,4837.72
2025-04-30 19:50:00+09:00,2.768,2.771,2.768,2.77,2438.74
2025-04-30 19:55:00+09:00,2.769,2.772,2.763,2.764,11713.32
2025-04-30 20:00:00+09:00,2.763,2.769,2.763,2.767,2354.02
2025-04-30 20:05:00+09:00,2.768,2.773,2.768,2.773,11122.91
2025-04-30 20:10:00+09:00,2.771,2.774,2.77,2.771,2228.24
2025-04-30 20:15:00+09:00,2.771,2.778,2.77,2.773,10200.58
2025-04-30 20:20:00+09:00,2.774,2.778,2.772,2.773,6566.99
2025-04-30 20:25:00+09:00,2.773,2.776,2.767,2.773,19803.84
2025-04-30 20:30:00+09:00,2.774,2.779,2.771,2.779,12190.22
2025-04-30 20:35:00+09:00,2.778,2.783,2.778,2.778,15195.22
2025-04-30 20:40:00+09:00,2.779,2.779,2.768,2.769,11132.43
2025-04-30 20:45:00+09:00,2.768,2.77,2.761,2.768,19129.81
2025-04-30 20:50:00+09:00,2.768,2.773,2.767,2.767,7054.32
2025-04-30 20:55:00+09:00,2.767,2.772,2.766,2.77,12060.08
2025-04-30 21:00:00+09:00,2.77,2.774,2.768,2.772,8902.73
2025-04-30 21:05:00+09:00,2.773,2.778,2.766,2.767,20420.84
2025-04-30 21:10:00+09:00,2.766,2.766,2.758,2.762,12208.27
2025-04-30 21:15:00+09:00,2.761,2.764,2.752,2.757,20331.1
2025-04-30 21:20:00+09:00,2.756,2.76,2.743,2.748,16538.82
2025-04-30 21:25:00+09:00,2.749,2.755,2.744,2.745,6051.11
2025-04-30 21:30:00+09:00,2.746,2.748,2.715,2.728,50283.21
2025-04-30 21:35:00+09:00,2.728,2.728,2.705,2.706,39985.8
2025-04-30 21:40:00+09:00,2.706,2.714,2.7,2.711,43769.63
2025-04-30 21:45:00+09:00,2.711,2.715,2.683,2.694,41989.87
2025-04-30 21:50:00+09:00,2.693,2.709,2.693,2.708,10424.12
2025-04-30 21:55:00+09:00,2.708,2.711,2.699,2.706,16725.6
2025-04-30 22:00:00+09:00,2.706,2.706,2.687,2.7,39690.63
2025-04-30 22:05:00+09:00,2.7,2.701,2.666,2.674,51265.73
2025-04-30 22:10:00+09:00,2.673,2.684,2.653,2.654,73255.3
2025-04-30 22:15:00+09:00,2.653,2.687,2.649,2.678,58571.49
2025-04-30 22:20:00+09:00,2.681,2.69,2.679,2.69,16111.15
2025-04-30 22:25:00+09:00,2.69,2.7,2.69,2.698,20949.42
2025-04-30 22:30:00+09:00,2.697,2.697,2.675,2.691,22262.51
2025-04-30 22:35:00+09:00,2.691,2.692,2.651,2.651,25901.12
2025-04-30 22:40:00+09:00,2.651,2.66,2.632,2.657,92504.4
2025-04-30 22:45:00+09:00,2.656,2.663,2.641,2.658,24148.35
2025-04-30 22:50:00+09:00,2.658,2.659,2.632,2.638,76879.53
2025-04-30 22:55:00+09:00,2.638,2.639,2.615,2.615,188885.29
2025-04-30 23:00:00+09:00,2.614,2.655,2.611,2.646,71999.29
2025-04-30 23:05:00+09:00,2.645,2.656,2.642,2.654,31489.29
2025-04-30 23:10:00+09:00,2.653,2.658,2.642,2.658,29563.79
2025-04-30 23:15:00+09:00,2.657,2.661,2.647,2.661,22469.1
2025-04-30 23:20:00+09:00,2.66,2.678,2.655,2.678,26530.76
2025-04-30 23:25:00+09:00,2.678,2.682,2.67,2.68,13311.58
2025-04-30 23:30:00+09:00,2.68,2.693,2.674,2.681,62789.8
2025-04-30 23:35:00+09:00,2.681,2.682,2.653,2.662,61869.21
2025-04-30 23:40:00+09:00,2.661,2.677,2.654,2.673,9098.5
2025-04-30 23:45:00+09:00,2.672,2.674,2.665,2.669,11139.45
2025-04-30 23:50:00+09:00,2.669,2.671,2.655,2.661,25492.43
2025-04-30 23:55:00+09:00,2.662,2.673,2.657,2.665,176291.4
2025-05-01 00:00:00+09:00,2.668,2.679,2.663,2.668,6096.78
2025-05-01 00:05:00+09:00,2.667,2.673,2.663,2.671,8791.85
2025-05-01 00:10:00+09:00,2.671,2.681,2.669,2.678,4025.92
2025-05-01 00:15:00+09:00,2.679,2.698,2.679,2.693,5241.64
2025-05-01 00:20:00+09:00,2.692,2.694,2.675,2.675,8832.67
2025-05-01 00:25:00+09:00,2.674,2.677,2.667,2.677,6212.89
2025-05-01 00:30:00+09:00,2.677,2.684,2.671,2.684,7942.77
2025-05-01 00:35:00+09:00,2.683,2.685,2.676,2.684,10013.88
2025-05-01 00:40:00+09:00,2.683,2.69,2.679,2.69,19561.41
2025-05-01 00:45:00+09:00,2.69,2.69,2.681,2.687,4762.47
2025-05-01 00:50:00+09:00,2.688,2.689,2.68,2.686,6843.3
2025-05-01 00:55:00+09:00,2.684,2.684,2.678,2.682,11202.86
2025-05-01 01:00:00+09:00,2.682,2.683,2.67,2.683,5923.03
2025-05-01 01:05:00+09:00,2.682,2.684,2.669,2.669,8728.61
2025-05-01 01:10:00+09:00,2.668,2.675,2.662,2.667,25694.44
2025-05-01 01:15:00+09:00,2.668,2.672,2.659,2.663,8322.78
2025-05-01 01:20:00+09:00,2.664,2.668,2.66,2.66,9851.93
2025-05-01 01:25:00+09:00,2.659,2.667,2.651,2.667,9883.82
2025-05-01 01:30:00+09:00,2.666,2.67,2.664,2.665,7337.22
2025-05-01 01:35:00+09:00,2.665,2.684,2.662,2.684,21284.26
2025-05-01 01:40:00+09:00,2.684,2.693,2.683,2.688,10901.64
2025-05-01 01:45:00+09:00,2.688,2.693,2.686,2.691,14449.31
2025-05-01 01:50:00+09:00,2.69,2.693,2.679,2.681,14399.51
2025-05-01 01:55:00+09:00,2.682,2.69,2.682,2.688,8244.88
2025-05-01 02:00:00+09:00,2.687,2.698,2.687,2.691,57680.41
2025-05-01 02:05:00+09:00,2.691,2.691,2.672,2.676,26235.04
2025-05-01 02:10:00+09:00,2.674,2.674,2.665,2.671,6491.5
2025-05-01 02:15:00+09:00,2.672,2.684,2.672,2.682,8928.42
2025-05-01 02:20:00+09:00,2.682,2.687,2.676,2.679,12834.62
2025-05-01 02:25:00+09:00,2.679,2.692,2.677,2.689,9727.7
2025-05-01 02:30:00+09:00,2.689,2.692,2.68,2.681,3887.09
2025-05-01 02:35:00+09:00,2.682,2.696,2.681,2.688,4596.48
2025-05-01 02:40:00+09:00,2.689,2.706,2.687,2.706,17631.47
2025-05-01 02:45:00+09:00,2.706,2.706,2.697,2.699,10693.85
2025-05-01 02:50:00+09:00,2.7,2.712,2.7,2.708,19042.68
2025-05-01 02:55:00+09:00,2.707,2.708,2.701,2.706,4375.77
2025-05-01 03:00:00+09:00,2.706,2.713,2.702,2.713,8760.27
2025-05-01 03:05:00+09:00,2.713,2.73,2.711,2.723,39846.27
2025-05-01 03:10:00+09:00,2.723,2.732,2.719,2.723,14020.43
2025-05-01 03:15:00+09:00,2.723,2.734,2.722,2.725,13633.44
2025-05-01 03:20:00+09:00,2.726,2.73,2.719,2.723,15927.21
2025-05-01 03:25:00+09:00,2.723,2.729,2.706,2.706,39932.83
2025-05-01 03:30:00+09:00,2.706,2.712,2.705,2.705,16098.4
2025-05-01 03:35:00+09:00,2.704,2.707,2.697,2.698,17269.9
2025-05-01 03:40:00+09:00,2.697,2.7,2.69,2.699,5862.95
2025-05-01 03:45:00+09:00,2.698,2.707,2.698,2.707,2548.59
2025-05-01 03:50:00+09:00,2.705,2.708,2.704,2.704,5050.93
2025-05-01 03:55:00+09:00,2.704,2.705,2.696,2.698,3446.16
2025-05-01 04:00:00+09:00,2.698,2.701,2.694,2.697,7408.62
2025-05-01 04:05:00+09:00,2.698,2.71,2.698,2.707,8851.89
2025-05-01 04:10:00+09:00,2.706,2.708,2.7,2.707,3984.09
2025-05-01 04:15:00+09:00,2.708,2.71,2.701,2.701,2871.45
2025-05-01 04:20:00+09:00,2.701,2.71,2.695,2.695,10833.22
2025-05-01 04:25:00+09:00,2.695,2.697,2.685,2.692,5208.6
2025-05-01 04:30:00+09:00,2.692,2.702,2.69,2.696,12464.7
2025-05-01 04:35:00+09:00,2.697,2.7,2.686,2.686,5734.08
2025-05-01 04:40:00+09:00,2.688,2.693,2.686,2.692,3030.86
2025-05-01 04:45:00+09:00,2.694,2.712,2.694,2.712,6911.4
2025-05-01 04:50:00+09:00,2.71,2.714,2.697,2.697,165201.96
2025-05-01 04:55:00+09:00,2.697,2.709,2.689,2.689,109998.4
2025-05-01 05:00:00+09:00,2.69,2.707,2.687,2.704,25264.84
2025-05-01 05:05:00+09:00,2.703,2.712,2.701,2.711,22100.31
2025-05-01 05:10:00+09:00,2.711,2.722,2.71,2.72,17750.65
2025-05-01 05:15:00+09:00,2.721,2.725,2.713,2.714,39438.54
2025-05-01 05:20:00+09:00,2.714,2.723,2.711,2.722,10043.47
2025-05-01 05:25:00+09:00,2.721,2.722,2.716,2.716,8193.67
2025-05-01 05:30:00+09:00,2.716,2.718,2.707,2.712,7810.55
2025-05-01 05:35:00+09:00,2.712,2.716,2.702,2.702,20790.28
2025-05-01 05:40:00+09:00,2.702,2.705,2.696,2.705,5204.46
2025-05-01 05:45:00+09:00,2.704,2.704,2.699,2.7,11491.64
2025-05-01 05:50:00+09:00,2.701,2.71,2.701,2.703,9396.16
2025-05-01 05:55:00+09:00,2.703,2.704,2.696,2.697,10975.17
2025-05-01 06:00:00+09:00,2.697,2.704,2.696,2.698,7774.81
2025-05-01 06:05:00+09:00,2.697,2.707,2.697,2.703,6347.1
2025-05-01 06:10:00+09:00,2.703,2.706,2.699,2.702,17376.26
2025-05-01 06:15:00+09:00,2.703,2.709,2.703,2.709,2697.55
2025-05-01 06:20:00+09:00,2.71,2.712,2.697,2.699,37501.78
2025-05-01 06:25:00+09:00,2.699,2.701,2.693,2.701,9802.82
2025-05-01 06:30:00+09:00,2.701,2.708,2.691,2.691,15028.33
2025-05-01 06:35:00+09:00,2.691,2.703,2.691,2.695,4658.34
2025-05-01 06:40:00+09:00,2.695,2.699,2.691,2.698,6202.18
2025-05-01 06:45:00+09:00,2.698,2.698,2.691,2.691,6496.94
2025-05-01 06:50:00+09:00,2.691,2.692,2.682,2.686,23693.19
2025-05-01 06:55:00+09:00,2.685,2.685,2.667,2.676,14284.14
2025-05-01 07:00:00+09:00,2.675,2.69,2.673,2.689,23129.58
2025-05-01 07:05:00+09:00,2.69,2.694,2.687,2.693,10563.21
2025-05-01 07:10:00+09:00,2.693,2.693,2.682,2.689,2299.52
2025-05-01 07:15:00+09:00,2.689,2.692,2.686,2.69,7625.39
2025-05-01 07:20:00+09:00,2.689,2.693,2.687,2.687,7650.97
2025-05-01 07:25:00+09:00,2.689,2.689,2.684,2.684,12434.07
2025-05-01 07:30:00+09:00,2.684,2.691,2.683,2.683,4650.88
2025-05-01 07:35:00+09:00,2.682,2.684,2.676,2.677,6642.9
2025-05-01 07:40:00+09:00,2.677,2.684,2.677,2.684,4109.92
2025-05-01 07:45:00+09:00,2.684,2.687,2.68,2.682,6984.57
2025-05-01 07:50:00+09:00,2.682,2.686,2.68,2.683,2363.48
2025-05-01 07:55:00+09:00,2.681,2.687,2.672,2.673,27248.07
2025-05-01 08:00:00+09:00,2.674,2.674,2.662,2.663,20353.99
2025-05-01 08:05:00+09:00,2.664,2.695,2.664,2.692,262373.71
2025-05-01 08:10:00+09:00,2.692,2.697,2.692,2.697,5624.09
2025-05-01 08:15:00+09:00,2.698,2.699,2.686,2.688,8633.16
2025-05-01 08:20:00+09:00,2.688,2.689,2.682,2.686,5415.98
2025-05-01 08:25:00+09:00,2.686,2.692,2.686,2.691,6496.71
2025-05-01 08:30:00+09:00,2.692,2.696,2.688,2.695,13712.97
2025-05-01 08:35:00+09:00,2.695,2.696,2.685,2.688,40699.86
2025-05-01 08:40:00+09:00,2.688,2.688,2.68,2.681,17018.0
2025-05-01 08:45:00+09:00,2.681,2.685,2.68,2.683,2402.06
2025-05-01 08:50:00+09:00,2.683,2.688,2.683,2.683,1910.09
2025-05-01 08:55:00+09:00,2.683,2.689,2.681,2.688,3965.32
2025-05-01 09:00:00+09:00,2.689,2.692,2.68,2.692,13533.71
2025-05-01 09:05:00+09:00,2.693,2.703,2.693,2.698,10590.29
2025-05-01 09:10:00+09:00,2.697,2.704,2.697,2.702,4757.3
2025-05-01 09:15:00+09:00,2.703,2.704,2.696,2.701,1432.92
2025-05-01 09:20:00+09:00,2.702,2.708,2.702,2.705,6418.86
2025-05-01 09:25:00+09:00,2.706,2.713,2.705,2.707,13532.03
2025-05-01 09:30:00+09:00,2.707,2.711,2.704,2.71,3459.87
2025-05-01 09:35:00+09:00,2.709,2.717,2.709,2.716,5619.6
2025-05-01 09:40:00+09:00,2.715,2.717,2.713,2.713,1803.06
2025-05-01 09:45:00+09:00,2.714,2.724,2.713,2.722,5485.77
2025-05-01 09:50:00+09:00,2.721,2.727,2.721,2.725,4501.66
2025-05-01 09:55:00+09:00,2.724,2.724,2.712,2.715,20692.08
2025-05-01 10:00:00+09:00,2.714,2.733,2.713,2.731,19188.21
2025-05-01 10:05:00+09:00,2.732,2.751,2.729,2.75,25413.82
2025-05-01 10:10:00+09:00,2.748,2.752,2.741,2.743,11773.88
2025-05-01 10:15:00+09:00,2.742,2.749,2.734,2.735,17394.21
2025-05-01 10:20:00+09:00,2.737,2.739,2.727,2.727,5574.37
2025-05-01 10:25:00+09:00,2.727,2.728,2.724,2.728,2503.29
2025-05-01 10:30:00+09:00,2.728,2.729,2.723,2.727,1277.73
2025-05-01 10:35:00+09:00,2.727,2.734,2.725,2.728,9385.97
2025-05-01 10:40:00+09:00,2.727,2.732,2.722,2.731,6907.57
2025-05-01 10:45:00+09:00,2.731,2.731,2.725,2.728,8954.08
2025-05-01 10:50:00+09:00,2.727,2.735,2.727,2.735,1835.2
2025-05-01 10:55:00+09:00,2.734,2.739,2.733,2.737,2349.49
2025-05-01 11:00:00+09:00,2.738,2.74,2.726,2.728,5358.41
2025-05-01 11:05:00+09:00,2.727,2.739,2.727,2.734,4509.93
2025-05-01 11:10:00+09:00,2.734,2.735,2.712,2.713,50537.19
2025-05-01 11:15:00+09:00,2.714,2.724,2.714,2.721,3102.61
2025-05-01 11:20:00+09:00,2.72,2.721,2.717,2.721,4463.03
2025-05-01 11:25:00+09:00,2.72,2.726,2.72,2.725,6760.93
2025-05-01 11:30:00+09:00,2.726,2.726,2.719,2.723,10129.52
2025-05-01 11:35:00+09:00,2.724,2.726,2.715,2.717,7871.06
2025-05-01 11:40:00+09:00,2.718,2.718,2.707,2.712,5130.04
2025-05-01 11:45:00+09:00,2.711,2.711,2.705,2.706,1581.61
2025-05-01 11:50:00+09:00,2.706,2.713,2.703,2.703,7770.84
2025-05-01 11:55:00+09:00,2.704,2.705,2.695,2.699,5342.27
2025-05-01 12:00:00+09:00,2.699,2.707,2.698,2.706,2272.57
2025-05-01 12:05:00+09:00,2.706,2.708,2.705,2.706,2763.7
2025-05-01 12:10:00+09:00,2.705,2.708,2.701,2.703,7434.79
2025-05-01 12:15:00+09:00,2.703,2.705,2.695,2.695,2974.06
2025-05-01 12:20:00+09:00,2.694,2.702,2.694,2.702,1346.42
2025-05-01 12:25:00+09:00,2.701,2.703,2.701,2.703,797.61
2025-05-01 12:30:00+09:00,2.701,2.706,2.694,2.699,3920.48
2025-05-01 12:35:00+09:00,2.697,2.703,2.694,2.699,2570.49
2025-05-01 12:40:00+09:00,2.698,2.699,2.692,2.697,1111.73
2025-05-01 12:45:00+09:00,2.696,2.696,2.684,2.687,13491.97
2025-05-01 12:50:00+09:00,2.688,2.69,2.679,2.68,6074.78
2025-05-01 12:55:00+09:00,2.68,2.682,2.676,2.678,8234.54
2025-05-01 13:00:00+09:00,2.68,2.681,2.673,2.675,4555.73
2025-05-01 13:05:00+09:00,2.676,2.683,2.676,2.682,3215.38
2025-05-01 13:10:00+09:00,2.682,2.688,2.68,2.686,12564.11
2025-05-01 13:15:00+09:00,2.685,2.686,2.678,2.68,3016.48
2025-05-01 13:20:00+09:00,2.68,2.693,2.68,2.69,4065.12
2025-05-01 13:25:00+09:00,2.69,2.691,2.687,2.688,1724.34
2025-05-01 13:30:00+09:00,2.69,2.693,2.688,2.69,4712.47
2025-05-01 13:35:00+09:00,2.69,2.696,2.69,2.69,7287.96
2025-05-01 13:40:00+09:00,2.689,2.701,2.688,2.7,8861.72
2025-05-01 13:45:00+09:00,2.699,2.7,2.696,2.7,505.47
2025-05-01 13:50:00+09:00,2.698,2.7,2.695,2.699,2011.66
2025-05-01 13:55:00+09:00,2.7,2.705,2.7,2.702,7852.11
2025-05-01 14:00:00+09:00,2.703,2.707,2.696,2.697,3743.64
2025-05-01 14:05:00+09:00,2.697,2.703,2.695,2.703,1450.68
2025-05-01 14:10:00+09:00,2.703,2.71,2.703,2.71,5881.63
2025-05-01 14:15:00+09:00,2.709,2.713,2.706,2.707,2886.16
2025-05-01 14:20:00+09:00,2.707,2.743,2.705,2.732,193692.43
2025-05-01 14:25:00+09:00,2.732,2.749,2.732,2.737,39935.54
2025-05-01 14:30:00+09:00,2.736,2.739,2.733,2.737,12599.06
2025-05-01 14:35:00+09:00,2.736,2.739,2.73,2.73,18239.03
2025-05-01 14:40:00+09:00,2.731,2.76,2.731,2.753,98697.85
2025-05-01 14:45:00+09:00,2.754,2.759,2.748,2.751,23862.63
2025-05-01 14:50:00+09:00,2.75,2.753,2.746,2.747,10017.31
2025-05-01 14:55:00+09:00,2.748,2.752,2.743,2.749,18674.16
2025-05-01 15:00:00+09:00,2.749,2.751,2.741,2.741,10524.87
2025-05-01 15:05:00+09:00,2.741,2.743,2.735,2.737,5310.63
2025-05-01 15:10:00+09:00,2.737,2.738,2.731,2.733,7954.47
2025-05-01 15:15:00+09:00,2.734,2.737,2.733,2.735,4980.04
2025-05-01 15:20:00+09:00,2.735,2.741,2.732,2.74,7754.48
2025-05-01 15:25:00+09:00,2.741,2.745,2.735,2.736,9670.62
2025-05-01 15:30:00+09:00,2.737,2.738,2.732,2.735,6518.24
2025-05-01 15:35:00+09:00,2.736,2.739,2.73,2.731,2635.29
2025-05-01 15:40:00+09:00,2.731,2.731,2.72,2.722,7058.65
2025-05-01 15:45:00+09:00,2.721,2.728,2.718,2.725,15284.75
2025-05-01 15:50:00+09:00,2.726,2.731,2.726,2.731,4226.42
2025-05-01 15:55:00+09:00,2.732,2.733,2.729,2.73,1486.61
2025-05-01 16:00:00+09:00,2.729,2.729,2.72,2.727,5454.83
2025-05-01 16:05:00+09:00,2.725,2.736,2.725,2.734,3805.15
2025-05-01 16:10:00+09:00,2.733,2.742,2.731,2.739,15009.44
2025-05-01 16:15:00+09:00,2.738,2.738,2.733,2.736,7046.04
2025-05-01 16:20:00+09:00,2.736,2.742,2.735,2.742,1026.09
2025-05-01 16:25:00+09:00,2.742,2.746,2.739,2.739,9091.22
2025-05-01 16:30:00+09:00,2.738,2.752,2.738,2.751,4567.44
2025-05-01 16:35:00+09:00,2.751,2.755,2.749,2.752,13666.6
2025-05-01 16:40:00+09:00,2.751,2.755,2.749,2.753,3601.2
2025-05-01 16:45:00+09:00,2.752,2.757,2.749,2.751,6657.24
2025-05-01 16:50:00+09:00,2.75,2.756,2.75,2.75,3821.27
2025-05-01 16:55:00+09:00,2.751,2.753,2.749,2.751,9355.24
2025-05-01 17:00:00+09:00,2.75,2.756,2.747,2.747,16682.5
2025-05-01 17:05:00+09:00,2.747,2.75,2.746,2.749,5418.54
2025-05-01 17:10:00+09:00,2.75,2.76,2.75,2.759,7335.9
2025-05-01 17:15:00+09:00,2.759,2.767,2.759,2.766,6879.76
2025-05-01 17:20:00+09:00,2.766,2.772,2.766,2.767,16989.09
2025-05-01 17:25:00+09:00,2.767,2.771,2.763,2.771,8131.9
2025-05-01 17:30:00+09:00,2.77,2.774,2.76,2.767,15420.47
2025-05-01 17:35:00+09:00,2.768,2.773,2.76,2.761,28943.72
2025-05-01 17:40:00+09:00,2.761,2.764,2.76,2.761,3157.5
2025-05-01 17:45:00+09:00,2.762,2.768,2.761,2.768,3131.3
2025-05-01 17:50:00+09:00,2.768,2.777,2.767,2.775,6408.31
2025-05-01 17:55:00+09:00,2.776,2.776,2.771,2.773,4758.81
2025-05-01 18:00:00+09:00,2.774,2.774,2.764,2.769,26431.91
2025-05-01 18:05:00+09:00,2.768,2.769,2.763,2.763,3482.06
2025-05-01 18:10:00+09:00,2.763,2.768,2.761,2.765,14350.39
2025-05-01 18:15:00+09:00,2.764,2.769,2.762,2.764,9139.59
2025-05-01 18:20:00+09:00,2.765,2.77,2.762,2.764,12637.06
2025-05-01 18:25:00+09:00,2.763,2.763,2.756,2.757,4901.26
2025-05-01 18:30:00+09:00,2.758,2.758,2.749,2.756,20443.87
2025-05-01 18:35:00+09:00,2.757,2.766,2.756,2.766,21194.55
2025-05-01 18:40:00+09:00,2.766,2.766,2.762,2.763,9612.73
2025-05-01 18:45:00+09:00,2.764,2.768,2.763,2.766,4178.64
2025-05-01 18:50:00+09:00,2.767,2.774,2.764,2.772,17448.11
2025-05-01 18:55:00+09:00,2.773,2.776,2.762,2.763,10080.68
2025-05-01 19:00:00+09:00,2.762,2.766,2.742,2.744,125348.35
2025-05-01 19:05:00+09:00,2.745,2.754,2.745,2.748,6286.22
2025-05-01 19:10:00+09:00,2.748,2.756,2.747,2.756,8500.0
2025-05-01 19:15:00+09:00,2.757,2.781,2.757,2.779,36602.61
2025-05-01 19:20:00+09:00,2.779,2.779,2.75,2.761,233725.75
2025-05-01 19:25:00+09:00,2.762,2.775,2.762,2.775,24041.46
2025-05-01 19:30:00+09:00,2.775,2.779,2.759,2.762,27920.34
2025-05-01 19:35:00+09:00,2.762,2.765,2.753,2.759,11034.44
2025-05-01 19:40:00+09:00,2.759,2.763,2.756,2.762,16925.84
2025-05-01 19:45:00+09:00,2.761,2.762,2.743,2.745,35593.64
2025-05-01 19:50:00+09:00,2.745,2.758,2.745,2.758,8528.95
2025-05-01 19:55:00+09:00,2.758,2.762,2.757,2.762,8843.8
2025-05-01 20:00:00+09:00,2.761,2.77,2.761,2.769,22762.56
2025-05-01 20:05:00+09:00,2.768,2.768,2.761,2.763,21258.67
2025-05-01 20:10:00+09:00,2.763,2.769,2.76,2.766,32363.41
2025-05-01 20:15:00+09:00,2.765,2.766,2.761,2.761,7400.13
2025-05-01 20:20:00+09:00,2.762,2.764,2.758,2.76,18870.18
2025-05-01 20:25:00+09:00,2.759,2.762,2.745,2.749,49176.77
2025-05-01 20:30:00+09:00,2.75,2.753,2.745,2.745,12522.39
2025-05-01 20:35:00+09:00,2.746,2.752,2.746,2.752,20089.59
2025-05-01 20:40:00+09:00,2.753,2.765,2.753,2.764,14785.01
2025-05-01 20:45:00+09:00,2.763,2.771,2.763,2.766,43499.16
2025-05-01 20:50:00+09:00,2.765,2.768,2.759,2.759,28773.73
2025-05-01 20:55:00+09:00,2.76,2.766,2.76,2.765,4847.43
2025-05-01 21:00:00+09:00,2.765,2.766,2.76,2.761,17546.88
2025-05-01 21:05:00+09:00,2.76,2.765,2.76,2.764,3460.57
2025-05-01 21:10:00+09:00,2.765,2.771,2.763,2.767,5019.87
2025-05-01 21:15:00+09:00,2.766,2.766,2.746,2.747,9779.13
2025-05-01 21:20:00+09:00,2.747,2.759,2.747,2.759,7060.7
2025-05-01 21:25:00+09:00,2.759,2.761,2.75,2.75,36993.0
2025-05-01 21:30:00+09:00,2.749,2.755,2.745,2.754,7745.68
2025-05-01 21:35:00+09:00,2.753,2.756,2.75,2.753,33199.17
2025-05-01 21:40:00+09:00,2.752,2.761,2.748,2.759,17791.76
2025-05-01 21:45:00+09:00,2.758,2.759,2.748,2.757,7586.62
2025-05-01 21:50:00+09:00,2.757,2.763,2.754,2.763,4045.59
2025-05-01 21:55:00+09:00,2.763,2.769,2.76,2.769,11973.98
2025-05-01 22:00:00+09:00,2.768,2.768,2.76,2.762,6673.71
2025-05-01 22:05:00+09:00,2.762,2.766,2.76,2.766,6584.32
2025-05-01 22:10:00+09:00,2.766,2.772,2.762,2.764,46497.47
2025-05-01 22:15:00+09:00,2.763,2.764,2.749,2.753,20653.93
2025-05-01 22:20:00+09:00,2.754,2.76,2.754,2.758,4428.67
2025-05-01 22:25:00+09:00,2.758,2.762,2.755,2.762,8245.18
2025-05-01 22:30:00+09:00,2.761,2.761,2.743,2.743,18224.28
2025-05-01 22:35:00+09:00,2.742,2.745,2.731,2.733,25541.3
2025-05-01 22:40:00+09:00,2.734,2.737,2.724,2.737,39496.03
2025-05-01 22:45:00+09:00,2.738,2.74,2.724,2.739,14658.92
2025-05-01 22:50:00+09:00,2.738,2.74,2.722,2.723,14385.7
2025-05-01 22:55:00+09:00,2.722,2.723,2.705,2.707,40755.8
2025-05-01 23:00:00+09:00,2.707,2.728,2.707,2.728,56709.58
2025-05-01 23:05:00+09:00,2.728,2.738,2.725,2.729,10199.57
2025-05-01 23:10:00+09:00,2.728,2.733,2.722,2.732,11156.21
2025-05-01 23:15:00+09:00,2.733,2.738,2.729,2.73,11268.6
2025-05-01 23:20:00+09:00,2.731,2.738,2.731,2.733,7212.42
2025-05-01 23:25:00+09:00,2.734,2.745,2.732,2.744,16200.08
2025-05-01 23:30:00+09:00,2.744,2.745,2.733,2.738,7496.19
2025-05-01 23:35:00+09:00,2.739,2.746,2.737,2.744,4743.75
2025-05-01 23:40:00+09:00,2.745,2.75,2.739,2.739,6989.87
2025-05-01 23:45:00+09:00,2.739,2.749,2.739,2.749,5319.69
2025-05-01 23:50:00+09:00,2.749,2.754,2.747,2.753,11515.22
2025-05-01 23:55:00+09:00,2.753,2.769,2.753,2.767,37727.26
2025-05-02 00:00:00+09:00,2.768,2.769,2.753,2.76,17794.06
2025-05-02 00:05:00+09:00,2.76,2.763,2.755,2.763,9968.24
2025-05-02 00:10:00+09:00,2.763,2.778,2.763,2.776,34427.79
2025-05-02 00:15:00+09:00,2.776,2.777,2.746,2.752,24908.94
2025-05-02 00:20:00+09:00,2.753,2.754,2.747,2.751,13594.3
2025-05-02 00:25:00+09:00,2.752,2.756,2.749,2.75,14793.37
2025-05-02 00:30:00+09:00,2.75,2.752,2.73,2.733,28954.73
2025-05-02 00:35:00+09:00,2.733,2.74,2.731,2.736,11402.28
2025-05-02 00:40:00+09:00,2.736,2.74,2.731,2.733,11549.91
2025-05-02 00:45:00+09:00,2.733,2.738,2.731,2.732,8726.95
2025-05-02 00:50:00+09:00,2.733,2.735,2.729,2.732,15243.62
2025-05-02 00:55:00+09:00,2.731,2.731,2.722,2.725,15661.03
2025-05-02 01:00:00+09:00,2.726,2.737,2.726,2.737,12612.98
2025-05-02 01:05:00+09:00,2.736,2.745,2.735,2.744,8196.36
2025-05-02 01:10:00+09:00,2.744,2.744,2.738,2.74,7895.64
2025-05-02 01:15:00+09:00,2.739,2.739,2.728,2.732,40503.68
2025-05-02 01:20:00+09:00,2.731,2.738,2.729,2.73,28330.8
2025-05-02 01:25:00+09:00,2.729,2.744,2.729,2.736,54937.26
2025-05-02 01:30:00+09:00,2.736,2.747,2.733,2.745,19023.25
2025-05-02 01:35:00+09:00,2.746,2.75,2.74,2.75,12107.07
2025-05-02 01:40:00+09:00,2.75,2.757,2.745,2.753,60621.52
2025-05-02 01:45:00+09:00,2.753,2.753,2.734,2.735,14177.69
2025-05-02 01:50:00+09:00,2.735,2.736,2.716,2.721,45051.94
2025-05-02 01:55:00+09:00,2.721,2.727,2.718,2.722,4802.36
2025-05-02 02:00:00+09:00,2.723,2.733,2.722,2.731,9268.74
2025-05-02 02:05:00+09:00,2.732,2.736,2.728,2.734,9618.16
2025-05-02 02:10:00+09:00,2.734,2.734,2.725,2.726,9346.0
2025-05-02 02:15:00+09:00,2.727,2.739,2.727,2.736,11707.43
2025-05-02 02:20:00+09:00,2.736,2.737,2.728,2.728,52068.32
2025-05-02 02:25:00+09:00,2.728,2.728,2.707,2.71,40740.0
2025-05-02 02:30:00+09:00,2.71,2.72,2.709,2.716,12251.33
2025-05-02 02:35:00+09:00,2.718,2.718,2.689,2.691,70269.52
2025-05-02 02:40:00+09:00,2.69,2.693,2.683,2.693,41359.38
2025-05-02 02:45:00+09:00,2.693,2.697,2.687,2.695,17456.68
2025-05-02 02:50:00+09:00,2.696,2.703,2.696,2.703,28187.02
2025-05-02 02:55:00+09:00,2.704,2.708,2.702,2.705,20939.45
2025-05-02 03:00:00+09:00,2.704,2.708,2.693,2.695,17929.56
2025-05-02 03:05:00+09:00,2.693,2.698,2.692,2.693,11608.43
2025-05-02 03:10:00+09:00,2.693,2.694,2.68,2.685,30941.45
2025-05-02 03:15:00+09:00,2.684,2.691,2.681,2.687,10180.65
2025-05-02 03:20:00+09:00,2.686,2.686,2.677,2.681,9180.12
2025-05-02 03:25:00+09:00,2.681,2.682,2.672,2.674,9251.96
2025-05-02 03:30:00+09:00,2.674,2.684,2.673,2.682,16546.55
2025-05-02 03:35:00+09:00,2.682,2.689,2.68,2.687,12106.64
2025-05-02 03:40:00+09:00,2.688,2.694,2.688,2.692,15424.05
2025-05-02 03:45:00+09:00,2.693,2.699,2.689,2.692,50273.12
2025-05-02 03:50:00+09:00,2.694,2.696,2.689,2.69,11335.75
2025-05-02 03:55:00+09:00,2.689,2.693,2.688,2.691,4951.02
2025-05-02 04:00:00+09:00,2.692,2.697,2.687,2.696,7717.48
2025-05-02 04:05:00+09:00,2.695,2.695,2.685,2.69,7181.94
2025-05-02 04:10:00+09:00,2.689,2.689,2.676,2.68,17143.95
2025-05-02 04:15:00+09:00,2.68,2.69,2.678,2.69,7456.99
2025-05-02 04:20:00+09:00,2.691,2.697,2.687,2.688,3777.11
2025-05-02 04:25:00+09:00,2.688,2.697,2.688,2.695,9298.85
2025-05-02 04:30:00+09:00,2.695,2.699,2.69,2.69,44952.77
2025-05-02 04:35:00+09:00,2.689,2.696,2.689,2.692,2813.0
2025-05-02 04:40:00+09:00,2.693,2.693,2.679,2.681,3432.93
2025-05-02 04:45:00+09:00,2.679,2.694,2.678,2.693,13664.26
2025-05-02 04:50:00+09:00,2.692,2.692,2.684,2.691,5278.92
2025-05-02 04:55:00+09:00,2.69,2.69,2.68,2.684,12743.31
2025-05-02 05:00:00+09:00,2.685,2.687,2.672,2.674,11974.84
2025-05-02 05:05:00+09:00,2.674,2.68,2.673,2.68,6858.92
2025-05-02 05:10:00+09:00,2.68,2.697,2.678,2.694,9136.85
2025-05-02 05:15:00+09:00,2.694,2.708,2.694,2.705,13318.06
2025-05-02 05:20:00+09:00,2.706,2.711,2.703,2.709,14305.45
2025-05-02 05:25:00+09:00,2.709,2.713,2.705,2.705,3497.6
2025-05-02 05:30:00+09:00,2.706,2.711,2.693,2.694,43934.05
2025-05-02 05:35:00+09:00,2.694,2.697,2.684,2.697,8265.49
2025-05-02 05:40:00+09:00,2.697,2.712,2.697,2.706,29537.74
2025-05-02 05:45:00+09:00,2.705,2.715,2.695,2.696,36444.71
2025-05-02 05:50:00+09:00,2.695,2.707,2.695,2.707,14184.21
2025-05-02 05:55:00+09:00,2.706,2.709,2.701,2.701,5165.83
2025-05-02 06:00:00+09:00,2.7,2.71,2.698,2.707,16825.13
2025-05-02 06:05:00+09:00,2.709,2.711,2.706,2.706,9951.5
2025-05-02 06:10:00+09:00,2.707,2.716,2.707,2.708,11639.13
2025-05-02 06:15:00+09:00,2.709,2.709,2.698,2.708,19278.83
2025-05-02 06:20:00+09:00,2.708,2.708,2.702,2.703,3158.12
2025-05-02 06:25:00+09:00,2.702,2.706,2.702,2.704,3992.62
2025-05-02 06:30:00+09:00,2.703,2.704,2.696,2.697,4288.33
2025-05-02 06:35:00+09:00,2.698,2.7,2.691,2.7,4458.94
2025-05-02 06:40:00+09:00,2.7,2.703,2.697,2.703,3664.36
2025-05-02 06:45:00+09:00,2.704,2.708,2.7,2.701,6477.02
2025-05-02 06:50:00+09:00,2.701,2.701,2.695,2.696,3132.59
2025-05-02 06:55:00+09:00,2.696,2.698,2.688,2.689,3934.5
2025-05-02 07:00:00+09:00,2.69,2.695,2.679,2.683,14941.59
2025-05-02 07:05:00+09:00,2.684,2.692,2.682,2.689,7538.99
2025-05-02 07:10:00+09:00,2.687,2.694,2.685,2.694,2447.89
2025-05-02 07:15:00+09:00,2.694,2.694,2.689,2.69,6444.63
2025-05-02 07:20:00+09:00,2.689,2.691,2.686,2.686,5588.17
2025-05-02 07:25:00+09:00,2.685,2.686,2.682,2.686,2859.83
2025-05-02 07:30:00+09:00,2.686,2.686,2.665,2.668,31824.12
2025-05-02 07:35:00+09:00,2.669,2.673,2.643,2.66,74514.71
2025-05-02 07:40:00+09:00,2.66,2.66,2.648,2.648,20766.49
2025-05-02 07:45:00+09:00,2.648,2.655,2.647,2.649,18188.99
2025-05-02 07:50:00+09:00,2.649,2.656,2.649,2.656,6815.64
2025-05-02 07:55:00+09:00,2.656,2.658,2.654,2.656,6089.41
2025-05-02 08:00:00+09:00,2.657,2.658,2.63,2.633,34625.17
2025-05-02 08:05:00+09:00,2.635,2.641,2.63,2.64,13802.77
2025-05-02 08:10:00+09:00,2.639,2.642,2.636,2.641,3223.08
2025-05-02 08:15:00+09:00,2.642,2.644,2.639,2.643,9750.78
2025-05-02 08:20:00+09:00,2.644,2.647,2.641,2.647,15976.78
2025-05-02 08:25:00+09:00,2.648,2.653,2.648,2.648,22645.98
2025-05-02 08:30:00+09:00,2.647,2.647,2.624,2.629,30108.31
2025-05-02 08:35:00+09:00,2.628,2.628,2.609,2.614,45110.64
2025-05-02 08:40:00+09:00,2.615,2.62,2.61,2.618,4593.74
2025-05-02 08:45:00+09:00,2.619,2.628,2.614,2.628,28150.9
2025-05-02 08:50:00+09:00,2.625,2.632,2.625,2.631,8650.89
2025-05-02 08:55:00+09:00,2.631,2.635,2.631,2.633,15714.66
2025-05-02 09:00:00+09:00,2.633,2.645,2.632,2.644,23041.72
2025-05-02 09:05:00+09:00,2.644,2.645,2.625,2.632,3661.73
2025-05-02 09:10:00+09:00,2.633,2.641,2.633,2.635,9958.13
2025-05-02 09:15:00+09:00,2.636,2.642,2.634,2.64,7612.54
2025-05-02 09:20:00+09:00,2.639,2.642,2.632,2.641,5043.26
2025-05-02 09:25:00+09:00,2.64,2.652,2.639,2.649,11087.68
2025-05-02 09:30:00+09:00,2.65,2.656,2.649,2.651,5668.22
2025-05-02 09:35:00+09:00,2.652,2.652,2.637,2.638,10797.74
2025-05-02 09:40:00+09:00,2.637,2.642,2.636,2.639,8862.34
2025-05-02 09:45:00+09:00,2.64,2.65,2.638,2.65,6533.58
2025-05-02 09:50:00+09:00,2.651,2.655,2.649,2.654,3831.91
2025-05-02 09:55:00+09:00,2.655,2.664,2.655,2.664,5501.87
2025-05-02 10:00:00+09:00,2.664,2.669,2.659,2.668,14749.6
2025-05-02 10:05:00+09:00,2.668,2.669,2.656,2.661,11652.02
2025-05-02 10:10:00+09:00,2.662,2.663,2.654,2.661,12249.36
2025-05-02 10:15:00+09:00,2.662,2.667,2.657,2.665,4861.91
2025-05-02 10:20:00+09:00,2.666,2.67,2.66,2.661,5343.69
2025-05-02 10:25:00+09:00,2.659,2.659,2.651,2.651,3802.55
2025-05-02 10:30:00+09:00,2.65,2.651,2.645,2.645,3822.26
2025-05-02 10:35:00+09:00,2.645,2.649,2.645,2.647,5358.96
2025-05-02 10:40:00+09:00,2.646,2.646,2.637,2.643,3992.21
2025-05-02 10:45:00+09:00,2.642,2.651,2.639,2.641,42081.51
2025-05-02 10:50:00+09:00,2.64,2.651,2.64,2.651,3056.96
2025-05-02 10:55:00+09:00,2.652,2.66,2.652,2.657,5031.69
2025-05-02 11:00:00+09:00,2.656,2.664,2.65,2.664,1494.06
2025-05-02 11:05:00+09:00,2.665,2.665,2.652,2.656,3849.16
2025-05-02 11:10:00+09:00,2.657,2.66,2.652,2.657,8623.63
2025-05-02 11:15:00+09:00,2.658,2.658,2.649,2.657,5544.31
2025-05-02 11:20:00+09:00,2.656,2.663,2.654,2.654,11640.91
2025-05-02 11:25:00+09:00,2.654,2.658,2.653,2.653,2426.55
2025-05-02 11:30:00+09:00,2.654,2.664,2.654,2.664,2085.43
2025-05-02 11:35:00+09:00,2.665,2.669,2.662,2.669,4227.69
2025-05-02 11:40:00+09:00,2.669,2.669,2.66,2.664,2955.1
2025-05-02 11:45:00+09:00,2.664,2.672,2.664,2.668,5176.41
2025-05-02 11:50:00+09:00,2.67,2.672,2.666,2.668,7981.74
2025-05-02 11:55:00+09:00,2.668,2.673,2.667,2.669,4138.43
2025-05-02 12:00:00+09:00,2.67,2.679,2.669,2.677,5414.51
2025-05-02 12:05:00+09:00,2.677,2.678,2.667,2.673,8593.82
2025-05-02 12:10:00+09:00,2.674,2.678,2.669,2.673,3416.57
2025-05-02 12:15:00+09:00,2.674,2.675,2.657,2.657,6279.17
2025-05-02 12:20:00+09:00,2.657,2.658,2.653,2.658,14896.12
2025-05-02 12:25:00+09:00,2.657,2.657,2.653,2.657,4721.74
2025-05-02 12:30:00+09:00,2.656,2.661,2.655,2.656,3537.39
2025-05-02 12:35:00+09:00,2.657,2.662,2.656,2.658,6552.23
2025-05-02 12:40:00+09:00,2.657,2.66,2.654,2.656,2141.3
2025-05-02 12:45:00+09:00,2.656,2.661,2.654,2.654,8247.42
2025-05-02 12:50:00+09:00,2.655,2.66,2.653,2.658,16070.3
2025-05-02 12:55:00+09:00,2.657,2.657,2.651,2.653,3817.25
2025-05-02 13:00:00+09:00,2.653,2.659,2.649,2.659,21305.47
2025-05-02 13:05:00+09:00,2.659,2.66,2.647,2.649,6204.11
2025-05-02 13:10:00+09:00,2.649,2.651,2.641,2.641,5629.26
2025-05-02 13:15:00+09:00,2.641,2.646,2.641,2.644,5670.18
2025-05-02 13:20:00+09:00,2.645,2.652,2.645,2.648,9708.74
2025-05-02 13:25:00+09:00,2.648,2.648,2.636,2.64,15202.13
2025-05-02 13:30:00+09:00,2.64,2.64,2.632,2.633,2798.83
2025-05-02 13:35:00+09:00,2.633,2.637,2.626,2.629,11280.11
2025-05-02 13:40:00+09:00,2.628,2.629,2.624,2.628,11325.24
2025-05-02 13:45:00+09:00,2.628,2.633,2.624,2.631,21627.16
2025-05-02 13:50:00+09:00,2.633,2.636,2.627,2.629,4298.53
2025-05-02 13:55:00+09:00,2.63,2.633,2.629,2.63,2293.09
2025-05-02 14:00:00+09:00,2.63,2.634,2.627,2.631,6982.84
2025-05-02 14:05:00+09:00,2.632,2.639,2.631,2.634,8856.49
2025-05-02 14:10:00+09:00,2.633,2.636,2.63,2.63,6519.15
2025-05-02 14:15:00+09:00,2.632,2.632,2.615,2.617,32845.09
2025-05-02 14:20:00+09:00,2.617,2.625,2.614,2.624,8633.38
2025-05-02 14:25:00+09:00,2.625,2.632,2.621,2.632,3778.95
2025-05-02 14:30:00+09:00,2.632,2.637,2.63,2.631,5261.94
2025-05-02 14:35:00+09:00,2.631,2.634,2.626,2.631,2898.74
2025-05-02 14:40:00+09:00,2.632,2.635,2.632,2.635,8324.34
2025-05-02 14:45:00+09:00,2.634,2.639,2.632,2.638,3869.78
2025-05-02 14:50:00+09:00,2.638,2.638,2.624,2.632,9838.41
2025-05-02 14:55:00+09:00,2.632,2.639,2.632,2.638,3912.2
2025-05-02 15:00:00+09:00,2.637,2.64,2.634,2.638,5982.33
2025-05-02 15:05:00+09:00,2.636,2.643,2.634,2.643,7598.56
2025-05-02 15:10:00+09:00,2.643,2.646,2.64,2.644,4408.75
2025-05-02 15:15:00+09:00,2.644,2.645,2.637,2.637,6045.98
2025-05-02 15:20:00+09:00,2.636,2.648,2.633,2.642,22365.55
2025-05-02 15:25:00+09:00,2.64,2.65,2.64,2.649,5732.1
2025-05-02 15:30:00+09:00,2.649,2.65,2.64,2.642,5056.51
2025-05-02 15:35:00+09:00,2.641,2.642,2.623,2.625,45328.11
2025-05-02 15:40:00+09:00,2.625,2.626,2.62,2.62,6457.49
2025-05-02 15:45:00+09:00,2.62,2.63,2.618,2.63,5977.12
2025-05-02 15:50:00+09:00,2.628,2.631,2.626,2.628,16966.58
2025-05-02 15:55:00+09:00,2.626,2.634,2.626,2.634,9613.2
2025-05-02 16:00:00+09:00,2.632,2.636,2.628,2.628,7490.42
2025-05-02 16:05:00+09:00,2.628,2.632,2.627,2.629,11044.19
2025-05-02 16:10:00+09:00,2.629,2.633,2.626,2.629,14419.21
2025-05-02 16:15:00+09:00,2.629,2.636,2.625,2.633,9058.53
2025-05-02 16:20:00+09:00,2.632,2.632,2.628,2.628,2128.77
2025-05-02 16:25:00+09:00,2.628,2.631,2.625,2.625,3946.33
2025-05-02 16:30:00+09:00,2.627,2.63,2.619,2.625,3995.33
2025-05-02 16:35:00+09:00,2.623,2.624,2.611,2.615,19642.18
2025-05-02 16:40:00+09:00,2.614,2.614,2.565,2.591,236687.93
2025-05-02 16:45:00+09:00,2.592,2.595,2.584,2.59,40468.65
2025-05-02 16:50:00+09:00,2.59,2.596,2.59,2.596,15455.46
2025-05-02 16:55:00+09:00,2.595,2.596,2.588,2.593,18200.76
2025-05-02 17:00:00+09:00,2.593,2.602,2.592,2.597,13176.51
2025-05-02 17:05:00+09:00,2.597,2.605,2.595,2.604,12025.69
2025-05-02 17:10:00+09:00,2.604,2.609,2.604,2.609,8054.18
2025-05-02 17:15:00+09:00,2.609,2.617,2.603,2.617,9823.48
2025-05-02 17:20:00+09:00,2.616,2.616,2.607,2.615,5988.51
2025-05-02 17:25:00+09:00,2.614,2.615,2.609,2.612,3868.25
2025-05-02 17:30:00+09:00,2.61,2.612,2.606,2.61,5987.72
2025-05-02 17:35:00+09:00,2.611,2.621,2.611,2.62,16548.96
2025-05-02 17:40:00+09:00,2.62,2.62,2.613,2.613,5622.19
2025-05-02 17:45:00+09:00,2.614,2.618,2.613,2.617,5983.63
2025-05-02 17:50:00+09:00,2.616,2.621,2.614,2.62,7224.49
2025-05-02 17:55:00+09:00,2.62,2.624,2.618,2.623,25256.73
2025-05-02 18:00:00+09:00,2.621,2.621,2.61,2.61,15734.55
2025-05-02 18:05:00+09:00,2.611,2.628,2.611,2.627,40742.44
2025-05-02 18:10:00+09:00,2.626,2.629,2.624,2.624,21564.84
2025-05-02 18:15:00+09:00,2.624,2.625,2.618,2.619,7629.69
2025-05-02 18:20:00+09:00,2.618,2.621,2.614,2.621,11595.92
2025-05-02 18:25:00+09:00,2.619,2.621,2.615,2.618,7399.05
2025-05-02 18:30:00+09:00,2.618,2.618,2.612,2.613,4052.67
2025-05-02 18:35:00+09:00,2.613,2.614,2.609,2.611,7092.53
2025-05-02 18:40:00+09:00,2.61,2.615,2.606,2.608,17211.81
2025-05-02 18:45:00+09:00,2.607,2.617,2.607,2.616,6052.59
2025-05-02 18:50:00+09:00,2.617,2.617,2.609,2.609,3609.13
2025-05-02 18:55:00+09:00,2.61,2.611,2.608,2.608,5097.33
2025-05-02 19:00:00+09:00,2.608,2.617,2.608,2.617,5671.79
2025-05-02 19:05:00+09:00,2.617,2.62,2.617,2.618,9591.52
2025-05-02 19:10:00+09:00,2.618,2.618,2.612,2.614,8536.88
2025-05-02 19:15:00+09:00,2.614,2.614,2.612,2.612,2179.03
2025-05-02 19:20:00+09:00,2.611,2.613,2.599,2.599,12879.82
2025-05-02 19:25:00+09:00,2.599,2.601,2.595,2.601,8376.71
2025-05-02 19:30:00+09:00,2.601,2.611,2.601,2.608,13781.58
2025-05-02 19:35:00+09:00,2.608,2.61,2.604,2.604,7834.94
2025-05-02 19:40:00+09:00,2.603,2.606,2.601,2.603,26122.73
2025-05-02 19:45:00+09:00,2.604,2.607,2.598,2.607,33740.85
2025-05-02 19:50:00+09:00,2.605,2.605,2.593,2.594,6410.12
2025-05-02 19:55:00+09:00,2.594,2.598,2.593,2.598,14413.98
2025-05-02 20:00:00+09:00,2.599,2.604,2.597,2.604,6065.55
2025-05-02 20:05:00+09:00,2.603,2.607,2.598,2.604,4117.46
2025-05-02 20:10:00+09:00,2.604,2.61,2.604,2.607,1826.93
2025-05-02 20:15:00+09:00,2.607,2.611,2.607,2.61,6800.49
2025-05-02 20:20:00+09:00,2.611,2.617,2.608,2.617,19740.1
2025-05-02 20:25:00+09:00,2.615,2.616,2.608,2.612,7574.21
2025-05-02 20:30:00+09:00,2.612,2.615,2.606,2.606,8257.36
2025-05-02 20:35:00+09:00,2.606,2.609,2.605,2.609,4563.97
2025-05-02 20:40:00+09:00,2.611,2.611,2.603,2.609,13074.54
2025-05-02 20:45:00+09:00,2.61,2.61,2.599,2.604,7250.5
2025-05-02 20:50:00+09:00,2.606,2.606,2.597,2.598,20486.58
2025-05-02 20:55:00+09:00,2.597,2.6,2.594,2.598,9944.29
2025-05-02 21:00:00+09:00,2.598,2.6,2.592,2.595,17770.78
2025-05-02 21:05:00+09:00,2.595,2.605,2.595,2.602,8743.46
2025-05-02 21:10:00+09:00,2.602,2.602,2.587,2.589,13580.76
2025-05-02 21:15:00+09:00,2.588,2.597,2.582,2.594,19290.62
2025-05-02 21:20:00+09:00,2.593,2.6,2.593,2.595,17727.95
2025-05-02 21:25:00+09:00,2.593,2.594,2.582,2.585,19877.94
2025-05-02 21:30:00+09:00,2.586,2.613,2.571,2.577,90421.85
2025-05-02 21:35:00+09:00,2.577,2.599,2.577,2.599,17950.73
2025-05-02 21:40:00+09:00,2.598,2.602,2.588,2.6,12466.92
2025-05-02 21:45:00+09:00,2.601,2.61,2.598,2.607,20377.49
2025-05-02 21:50:00+09:00,2.608,2.62,2.608,2.62,12393.42
2025-05-02 21:55:00+09:00,2.62,2.627,2.619,2.627,10818.64
2025-05-02 22:00:00+09:00,2.626,2.629,2.615,2.618,29694.09
2025-05-02 22:05:00+09:00,2.618,2.624,2.617,2.621,11843.52
2025-05-02 22:10:00+09:00,2.621,2.626,2.619,2.621,7016.84
2025-05-02 22:15:00+09:00,2.619,2.622,2.613,2.622,9809.39
2025-05-02 22:20:00+09:00,2.623,2.625,2.615,2.618,8108.54
2025-05-02 22:25:00+09:00,2.618,2.619,2.612,2.613,10898.82
2025-05-02 22:30:00+09:00,2.614,2.628,2.613,2.619,13101.98
2025-05-02 22:35:00+09:00,2.62,2.622,2.612,2.619,6599.73
2025-05-02 22:40:00+09:00,2.62,2.625,2.619,2.624,4324.16
2025-05-02 22:45:00+09:00,2.625,2.63,2.618,2.621,4518.43
2025-05-02 22:50:00+09:00,2.622,2.624,2.618,2.624,4009.12
2025-05-02 22:55:00+09:00,2.625,2.632,2.625,2.631,12137.73
2025-05-02 23:00:00+09:00,2.629,2.638,2.627,2.636,11436.21
2025-05-02 23:05:00+09:00,2.636,2.645,2.631,2.633,8967.05
2025-05-02 23:10:00+09:00,2.634,2.636,2.619,2.621,13575.66
2025-05-02 23:15:00+09:00,2.62,2.63,2.618,2.629,3870.49
2025-05-02 23:20:00+09:00,2.63,2.635,2.626,2.635,11074.56
2025-05-02 23:25:00+09:00,2.633,2.634,2.627,2.629,12991.24
2025-05-02 23:30:00+09:00,2.628,2.637,2.626,2.637,7503.37
2025-05-02 23:35:00+09:00,2.638,2.659,2.638,2.656,49607.04
2025-05-02 23:40:00+09:00,2.656,2.66,2.638,2.641,18089.76
2025-05-02 23:45:00+09:00,2.641,2.648,2.639,2.646,9477.78
2025-05-02 23:50:00+09:00,2.646,2.652,2.644,2.649,6294.74
2025-05-02 23:55:00+09:00,2.65,2.655,2.647,2.651,32521.25
2025-05-03 00:00:00+09:00,2.651,2.659,2.647,2.648,27124.26
2025-05-03 00:05:00+09:00,2.648,2.65,2.64,2.64,4917.98
2025-05-03 00:10:00+09:00,2.641,2.643,2.632,2.632,18930.41
2025-05-03 00:15:00+09:00,2.632,2.633,2.625,2.628,13627.21
2025-05-03 00:20:00+09:00,2.628,2.628,2.618,2.618,8959.89
2025-05-03 00:25:00+09:00,2.618,2.618,2.603,2.613,19678.78
2025-05-03 00:30:00+09:00,2.613,2.626,2.607,2.626,16547.38
2025-05-03 00:35:00+09:00,2.625,2.631,2.624,2.63,15355.61
2025-05-03 00:40:00+09:00,2.631,2.632,2.629,2.63,929.76
2025-05-03 00:45:00+09:00,2.629,2.641,2.627,2.64,16482.45
2025-05-03 00:50:00+09:00,2.638,2.639,2.624,2.627,15809.3
2025-05-03 00:55:00+09:00,2.627,2.631,2.621,2.622,20655.65
2025-05-03 01:00:00+09:00,2.622,2.647,2.618,2.646,27728.63
2025-05-03 01:05:00+09:00,2.647,2.65,2.643,2.644,17256.18
2025-05-03 01:10:00+09:00,2.646,2.651,2.642,2.65,5682.69
2025-05-03 01:15:00+09:00,2.651,2.66,2.649,2.659,10302.91
2025-05-03 01:20:00+09:00,2.659,2.661,2.65,2.653,15812.72
2025-05-03 01:25:00+09:00,2.652,2.659,2.651,2.651,4517.07
2025-05-03 01:30:00+09:00,2.652,2.657,2.65,2.655,5503.7
2025-05-03 01:35:00+09:00,2.654,2.656,2.644,2.649,17378.68
2025-05-03 01:40:00+09:00,2.648,2.648,2.637,2.642,18716.15
2025-05-03 01:45:00+09:00,2.64,2.64,2.624,2.627,24980.28
2025-05-03 01:50:00+09:00,2.628,2.632,2.626,2.626,4578.68
2025-05-03 01:55:00+09:00,2.625,2.631,2.623,2.63,12481.72
2025-05-03 02:00:00+09:00,2.629,2.629,2.611,2.612,28231.49
2025-05-03 02:05:00+09:00,2.612,2.615,2.607,2.609,12972.27
2025-05-03 02:10:00+09:00,2.61,2.617,2.608,2.612,33922.92
2025-05-03 02:15:00+09:00,2.612,2.623,2.612,2.622,9254.95
2025-05-03 02:20:00+09:00,2.623,2.628,2.62,2.62,14329.48
2025-05-03 02:25:00+09:00,2.621,2.625,2.619,2.625,8058.59
2025-05-03 02:30:00+09:00,2.626,2.628,2.618,2.62,6487.94
2025-05-03 02:35:00+09:00,2.62,2.62,2.614,2.614,9067.26
2025-05-03 02:40:00+09:00,2.613,2.613,2.61,2.612,6954.74
2025-05-03 02:45:00+09:00,2.612,2.62,2.612,2.616,5411.52
2025-05-03 02:50:00+09:00,2.615,2.622,2.615,2.622,4756.58
2025-05-03 02:55:00+09:00,2.622,2.623,2.62,2.621,3638.4
2025-05-03 03:00:00+09:00,2.621,2.623,2.614,2.617,19409.62
2025-05-03 03:05:00+09:00,2.616,2.622,2.614,2.616,5622.77
2025-05-03 03:10:00+09:00,2.616,2.62,2.616,2.617,3790.05
2025-05-03 03:15:00+09:00,2.617,2.619,2.614,2.614,16498.31
2025-05-03 03:20:00+09:00,2.613,2.614,2.575,2.589,307250.56
2025-05-03 03:25:00+09:00,2.59,2.591,2.573,2.583,60488.61
2025-05-03 03:30:00+09:00,2.582,2.59,2.58,2.59,10785.61
2025-05-03 03:35:00+09:00,2.591,2.597,2.578,2.586,41569.71
2025-05-03 03:40:00+09:00,2.586,2.593,2.584,2.59,11739.42
2025-05-03 03:45:00+09:00,2.591,2.594,2.588,2.589,14204.22
2025-05-03 03:50:00+09:00,2.589,2.589,2.57,2.579,78428.9
2025-05-03 03:55:00+09:00,2.579,2.581,2.574,2.577,38601.08
2025-05-03 04:00:00+09:00,2.577,2.582,2.572,2.574,122396.47
2025-05-03 04:05:00+09:00,2.575,2.583,2.573,2.581,10584.64
2025-05-03 04:10:00+09:00,2.58,2.58,2.571,2.575,20939.04
2025-05-03 04:15:00+09:00,2.574,2.575,2.568,2.575,10043.61
2025-05-03 04:20:00+09:00,2.576,2.583,2.574,2.577,15162.15
2025-05-03 04:25:00+09:00,2.576,2.579,2.575,2.579,3593.79
2025-05-03 04:30:00+09:00,2.579,2.579,2.56,2.562,28063.25
2025-05-03 04:35:00+09:00,2.562,2.562,2.551,2.552,32265.9
2025-05-03 04:40:00+09:00,2.552,2.555,2.542,2.551,21451.19
2025-05-03 04:45:00+09:00,2.552,2.553,2.535,2.537,130870.67
2025-05-03 04:50:00+09:00,2.537,2.546,2.536,2.543,11917.46
2025-05-03 04:55:00+09:00,2.543,2.546,2.538,2.54,11100.71
2025-05-03 05:00:00+09:00,2.539,2.552,2.533,2.55,38063.76
2025-05-03 05:05:00+09:00,2.551,2.561,2.551,2.561,6963.36
2025-05-03 05:10:00+09:00,2.561,2.561,2.557,2.561,3758.91
2025-05-03 05:15:00+09:00,2.561,2.566,2.56,2.564,5430.19
2025-05-03 05:20:00+09:00,2.564,2.566,2.558,2.563,14755.4
2025-05-03 05:25:00+09:00,2.563,2.564,2.56,2.561,5483.81
2025-05-03 05:30:00+09:00,2.56,2.564,2.553,2.564,10138.91
2025-05-03 05:35:00+09:00,2.565,2.573,2.565,2.572,13517.56
2025-05-03 05:40:00+09:00,2.572,2.573,2.571,2.572,3294.07
2025-05-03 05:45:00+09:00,2.572,2.575,2.57,2.575,17772.96
2025-05-03 05:50:00+09:00,2.573,2.576,2.568,2.568,4198.56
2025-05-03 05:55:00+09:00,2.568,2.572,2.568,2.571,2500.64
2025-05-03 06:00:00+09:00,2.572,2.576,2.567,2.567,17391.9
2025-05-03 06:05:00+09:00,2.567,2.572,2.561,2.572,22160.93
2025-05-03 06:10:00+09:00,2.572,2.574,2.569,2.572,25361.78
2025-05-03 06:15:00+09:00,2.571,2.571,2.567,2.568,10193.36
2025-05-03 06:20:00+09:00,2.568,2.569,2.563,2.565,13420.94
2025-05-03 06:25:00+09:00,2.566,2.57,2.564,2.57,2166.24
2025-05-03 06:30:00+09:00,2.57,2.574,2.568,2.574,4885.44
2025-05-03 06:35:00+09:00,2.575,2.575,2.565,2.567,7911.98
2025-05-03 06:40:00+09:00,2.567,2.569,2.567,2.567,3324.66
2025-05-03 06:45:00+09:00,2.567,2.567,2.555,2.555,5780.18
2025-05-03 06:50:00+09:00,2.555,2.555,2.55,2.55,12021.75
2025-05-03 06:55:00+09:00,2.55,2.561,2.549,2.559,7538.06
2025-05-03 07:00:00+09:00,2.558,2.562,2.553,2.553,3107.13
2025-05-03 07:05:00+09:00,2.553,2.561,2.553,2.559,5475.85
2025-05-03 07:10:00+09:00,2.559,2.563,2.554,2.558,9987.17
2025-05-03 07:15:00+09:00,2.558,2.558,2.55,2.553,8824.23
2025-05-03 07:20:00+09:00,2.553,2.558,2.551,2.553,4278.58
2025-05-03 07:25:00+09:00,2.553,2.554,2.551,2.553,5649.57
2025-05-03 07:30:00+09:00,2.553,2.555,2.55,2.553,4566.15
2025-05-03 07:35:00+09:00,2.554,2.555,2.543,2.547,134327.48
2025-05-03 07:40:00+09:00,2.548,2.548,2.545,2.546,4226.61
2025-05-03 07:45:00+09:00,2.545,2.55,2.545,2.549,7238.91
2025-05-03 07:50:00+09:00,2.55,2.55,2.546,2.546,4030.93
2025-05-03 07:55:00+09:00,2.546,2.547,2.543,2.547,2377.35
2025-05-03 08:00:00+09:00,2.546,2.549,2.541,2.548,23374.92
2025-05-03 08:05:00+09:00,2.547,2.552,2.536,2.539,29581.92
2025-05-03 08:10:00+09:00,2.54,2.549,2.54,2.549,6771.23
2025-05-03 08:15:00+09:00,2.548,2.552,2.545,2.551,4051.87
2025-05-03 08:20:00+09:00,2.551,2.555,2.546,2.547,5053.29
2025-05-03 08:25:00+09:00,2.548,2.549,2.546,2.547,3747.37
2025-05-03 08:30:00+09:00,2.546,2.548,2.542,2.548,9037.19
2025-05-03 08:35:00+09:00,2.547,2.548,2.545,2.547,8630.33
2025-05-03 08:40:00+09:00,2.548,2.55,2.547,2.548,2191.55
2025-05-03 08:45:00+09:00,2.55,2.552,2.548,2.55,3364.61
2025-05-03 08:50:00+09:00,2.55,2.555,2.548,2.555,1456.14
2025-05-03 08:55:00+09:00,2.554,2.558,2.554,2.554,3586.18
2025-05-03 09:00:00+09:00,2.553,2.557,2.548,2.556,9429.14
2025-05-03 09:05:00+09:00,2.555,2.557,2.549,2.554,18897.64
2025-05-03 09:10:00+09:00,2.554,2.556,2.55,2.551,5867.92
2025-05-03 09:15:00+09:00,2.55,2.557,2.55,2.557,3778.52
2025-05-03 09:20:00+09:00,2.557,2.558,2.552,2.552,16780.62
2025-05-03 09:25:00+09:00,2.552,2.553,2.547,2.547,5533.77
2025-05-03 09:30:00+09:00,2.547,2.548,2.538,2.544,28231.88
2025-05-03 09:35:00+09:00,2.544,2.546,2.541,2.545,6755.89
2025-05-03 09:40:00+09:00,2.544,2.544,2.531,2.537,11790.48
2025-05-03 09:45:00+09:00,2.537,2.54,2.535,2.536,7643.23
2025-05-03 09:50:00+09:00,2.535,2.537,2.525,2.531,18439.64
2025-05-03 09:55:00+09:00,2.532,2.538,2.531,2.538,5378.27
2025-05-03 10:00:00+09:00,2.539,2.541,2.537,2.539,2926.12
2025-05-03 10:05:00+09:00,2.539,2.54,2.529,2.53,18890.71
2025-05-03 10:10:00+09:00,2.53,2.531,2.524,2.525,11242.58
2025-05-03 10:15:00+09:00,2.525,2.527,2.515,2.526,34595.4
2025-05-03 10:20:00+09:00,2.526,2.529,2.526,2.527,722.49
2025-05-03 10:25:00+09:00,2.527,2.53,2.525,2.528,4146.74
2025-05-03 10:30:00+09:00,2.528,2.528,2.52,2.52,5223.97
2025-05-03 10:35:00+09:00,2.52,2.53,2.52,2.528,8714.99
2025-05-03 10:40:00+09:00,2.527,2.527,2.521,2.524,4475.68
2025-05-03 10:45:00+09:00,2.524,2.527,2.522,2.524,1464.14
2025-05-03 10:50:00+09:00,2.523,2.532,2.521,2.531,22746.92
2025-05-03 10:55:00+09:00,2.531,2.532,2.526,2.532,3345.61
2025-05-03 11:00:00+09:00,2.53,2.536,2.53,2.531,3172.16
2025-05-03 11:05:00+09:00,2.53,2.538,2.53,2.537,6145.07
2025-05-03 11:10:00+09:00,2.537,2.541,2.537,2.54,4646.41
2025-05-03 11:15:00+09:00,2.539,2.54,2.533,2.538,833.56
2025-05-03 11:20:00+09:00,2.537,2.539,2.536,2.537,1618.05
2025-05-03 11:25:00+09:00,2.539,2.543,2.537,2.543,1298.07
2025-05-03 11:30:00+09:00,2.544,2.547,2.542,2.543,4415.42
2025-05-03 11:35:00+09:00,2.542,2.543,2.538,2.54,1677.24
2025-05-03 11:40:00+09:00,2.538,2.539,2.535,2.535,2396.69
2025-05-03 11:45:00+09:00,2.535,2.536,2.527,2.536,23894.65
2025-05-03 11:50:00+09:00,2.535,2.539,2.534,2.539,1173.71
2025-05-03 11:55:00+09:00,2.54,2.54,2.538,2.538,841.68
2025-05-03 12:00:00+09:00,2.538,2.546,2.537,2.544,6671.65
2025-05-03 12:05:00+09:00,2.546,2.548,2.545,2.548,1490.16
2025-05-03 12:10:00+09:00,2.547,2.547,2.541,2.541,2037.46
2025-05-03 12:15:00+09:00,2.541,2.542,2.538,2.538,1220.95
2025-05-03 12:20:00+09:00,2.538,2.538,2.533,2.537,830.4
2025-05-03 12:25:00+09:00,2.537,2.538,2.535,2.536,6187.22
2025-05-03 12:30:00+09:00,2.536,2.537,2.532,2.533,3806.33
2025-05-03 12:35:00+09:00,2.533,2.537,2.531,2.537,1427.49
2025-05-03 12:40:00+09:00,2.537,2.539,2.533,2.539,3132.99
2025-05-03 12:45:00+09:00,2.538,2.539,2.536,2.538,5064.74
2025-05-03 12:50:00+09:00,2.537,2.538,2.533,2.534,5515.46
2025-05-03 12:55:00+09:00,2.533,2.534,2.53,2.53,1070.92
2025-05-03 13:00:00+09:00,2.532,2.535,2.529,2.533,6447.61
2025-05-03 13:05:00+09:00,2.532,2.536,2.532,2.535,1111.48
2025-05-03 13:10:00+09:00,2.535,2.537,2.534,2.535,1762.09
2025-05-03 13:15:00+09:00,2.534,2.538,2.534,2.535,1217.63
2025-05-03 13:20:00+09:00,2.534,2.542,2.533,2.542,2540.26
2025-05-03 13:25:00+09:00,2.542,2.542,2.536,2.536,2588.92
2025-05-03 13:30:00+09:00,2.535,2.538,2.532,2.536,3274.09
2025-05-03 13:35:00+09:00,2.536,2.539,2.535,2.536,5318.15
2025-05-03 13:40:00+09:00,2.535,2.54,2.533,2.54,2150.22
2025-05-03 13:45:00+09:00,2.54,2.541,2.539,2.541,1943.44
2025-05-03 13:50:00+09:00,2.54,2.544,2.54,2.544,918.73
2025-05-03 13:55:00+09:00,2.544,2.544,2.541,2.544,1145.14
2025-05-03 14:00:00+09:00,2.544,2.546,2.54,2.542,4102.9
2025-05-03 14:05:00+09:00,2.542,2.543,2.538,2.538,2155.62
2025-05-03 14:10:00+09:00,2.54,2.54,2.536,2.537,5517.16
2025-05-03 14:15:00+09:00,2.538,2.542,2.538,2.542,1070.11
2025-05-03 14:20:00+09:00,2.543,2.543,2.538,2.539,284.68
2025-05-03 14:25:00+09:00,2.537,2.539,2.537,2.539,4791.02
2025-05-03 14:30:00+09:00,2.537,2.537,2.531,2.532,3785.79
2025-05-03 14:35:00+09:00,2.532,2.536,2.529,2.536,3928.58
2025-05-03 14:40:00+09:00,2.537,2.541,2.536,2.539,2196.8
2025-05-03 14:45:00+09:00,2.541,2.544,2.54,2.542,1843.13
2025-05-03 14:50:00+09:00,2.544,2.544,2.541,2.543,12313.52
2025-05-03 14:55:00+09:00,2.541,2.542,2.539,2.541,9918.75
2025-05-03 15:00:00+09:00,2.54,2.54,2.534,2.535,18309.78
2025-05-03 15:05:00+09:00,2.534,2.534,2.522,2.527,9767.2
2025-05-03 15:10:00+09:00,2.528,2.531,2.528,2.531,13662.51
2025-05-03 15:15:00+09:00,2.531,2.531,2.518,2.52,24139.39
2025-05-03 15:20:00+09:00,2.521,2.527,2.52,2.525,6873.15
2025-05-03 15:25:00+09:00,2.524,2.525,2.522,2.525,8988.97
2025-05-03 15:30:00+09:00,2.525,2.53,2.524,2.529,9421.8
2025-05-03 15:35:00+09:00,2.53,2.547,2.53,2.544,15700.1
2025-05-03 15:40:00+09:00,2.543,2.545,2.538,2.538,2740.84
2025-05-03 15:45:00+09:00,2.538,2.539,2.53,2.53,1276.49
2025-05-03 15:50:00+09:00,2.53,2.535,2.53,2.533,8309.68
2025-05-03 15:55:00+09:00,2.533,2.533,2.532,2.532,3279.66
2025-05-03 16:00:00+09:00,2.533,2.539,2.53,2.53,10560.75
2025-05-03 16:05:00+09:00,2.529,2.534,2.528,2.528,7396.07
2025-05-03 16:10:00+09:00,2.527,2.53,2.526,2.529,5897.24
2025-05-03 16:15:00+09:00,2.53,2.534,2.526,2.526,3437.71
2025-05-03 16:20:00+09:00,2.527,2.528,2.52,2.523,4313.46
2025-05-03 16:25:00+09:00,2.523,2.527,2.523,2.523,6496.46
2025-05-03 16:30:00+09:00,2.522,2.526,2.521,2.525,2077.81
2025-05-03 16:35:00+09:00,2.527,2.527,2.518,2.519,3438.08
2025-05-03 16:40:00+09:00,2.519,2.526,2.514,2.524,9182.1
2025-05-03 16:45:00+09:00,2.525,2.528,2.523,2.528,3479.76
2025-05-03 16:50:00+09:00,2.528,2.529,2.526,2.527,3255.06
2025-05-03 16:55:00+09:00,2.527,2.527,2.52,2.522,4051.03
2025-05-03 17:00:00+09:00,2.523,2.523,2.514,2.514,5030.39
2025-05-03 17:05:00+09:00,2.515,2.516,2.51,2.515,13282.08
2025-05-03 17:10:00+09:00,2.515,2.516,2.513,2.516,2583.85
2025-05-03 17:15:00+09:00,2.515,2.519,2.514,2.514,7424.97
2025-05-03 17:20:00+09:00,2.515,2.523,2.514,2.523,2308.12
2025-05-03 17:25:00+09:00,2.523,2.527,2.523,2.526,4743.11
2025-05-03 17:30:00+09:00,2.527,2.529,2.525,2.528,5685.81
2025-05-03 17:35:00+09:00,2.529,2.533,2.529,2.532,4358.32
2025-05-03 17:40:00+09:00,2.531,2.531,2.528,2.53,3587.26
2025-05-03 17:45:00+09:00,2.529,2.529,2.521,2.522,13122.52
2025-05-03 17:50:00+09:00,2.52,2.52,2.516,2.518,5213.7
2025-05-03 17:55:00+09:00,2.518,2.519,2.517,2.518,11299.0
2025-05-03 18:00:00+09:00,2.517,2.518,2.516,2.516,2744.78
2025-05-03 18:05:00+09:00,2.517,2.521,2.513,2.513,8259.9
2025-05-03 18:10:00+09:00,2.513,2.521,2.513,2.52,4742.91
2025-05-03 18:15:00+09:00,2.519,2.524,2.519,2.523,6245.06
2025-05-03 18:20:00+09:00,2.523,2.525,2.522,2.524,4759.96
2025-05-03 18:25:00+09:00,2.524,2.525,2.518,2.52,3113.93
2025-05-03 18:30:00+09:00,2.519,2.521,2.515,2.515,11338.54
2025-05-03 18:35:00+09:00,2.514,2.52,2.513,2.518,33303.6
2025-05-03 18:40:00+09:00,2.517,2.519,2.515,2.515,4577.22
2025-05-03 18:45:00+09:00,2.516,2.52,2.515,2.52,14789.44
2025-05-03 18:50:00+09:00,2.519,2.519,2.508,2.509,5065.86
2025-05-03 18:55:00+09:00,2.509,2.517,2.508,2.517,17455.8
2025-05-03 19:00:00+09:00,2.517,2.517,2.511,2.514,9347.97
2025-05-03 19:05:00+09:00,2.514,2.514,2.502,2.506,32722.27
2025-05-03 19:10:00+09:00,2.505,2.506,2.487,2.501,46129.13
2025-05-03 19:15:00+09:00,2.5,2.509,2.499,2.505,5415.65
2025-05-03 19:20:00+09:00,2.505,2.513,2.505,2.509,19464.8
2025-05-03 19:25:00+09:00,2.508,2.509,2.505,2.509,6910.21
2025-05-03 19:30:00+09:00,2.508,2.512,2.504,2.511,5349.22
2025-05-03 19:35:00+09:00,2.511,2.511,2.504,2.506,6831.06
2025-05-03 19:40:00+09:00,2.506,2.512,2.505,2.51,6244.37
2025-05-03 19:45:00+09:00,2.508,2.514,2.505,2.511,7495.38
2025-05-03 19:50:00+09:00,2.511,2.514,2.506,2.506,4756.64
2025-05-03 19:55:00+09:00,2.506,2.506,2.49,2.493,42028.52
2025-05-03 20:00:00+09:00,2.493,2.494,2.483,2.492,41034.88
2025-05-03 20:05:00+09:00,2.491,2.493,2.485,2.485,9681.8
2025-05-03 20:10:00+09:00,2.486,2.492,2.485,2.491,4878.68
2025-05-03 20:15:00+09:00,2.491,2.491,2.48,2.487,17327.67
2025-05-03 20:20:00+09:00,2.489,2.493,2.488,2.493,8277.36
2025-05-03 20:25:00+09:00,2.492,2.492,2.484,2.485,7848.31
2025-05-03 20:30:00+09:00,2.485,2.488,2.477,2.488,11111.54
2025-05-03 20:35:00+09:00,2.488,2.488,2.466,2.468,69579.18
2025-05-03 20:40:00+09:00,2.468,2.468,2.453,2.463,30625.42
2025-05-03 20:45:00+09:00,2.463,2.464,2.447,2.451,113536.31
2025-05-03 20:50:00+09:00,2.45,2.457,2.449,2.455,10122.21
2025-05-03 20:55:00+09:00,2.454,2.454,2.448,2.452,13155.24
2025-05-03 21:00:00+09:00,2.45,2.463,2.45,2.457,18406.42
2025-05-03 21:05:00+09:00,2.458,2.463,2.458,2.462,7395.98
2025-05-03 21:10:00+09:00,2.461,2.467,2.46,2.467,3851.29
2025-05-03 21:15:00+09:00,2.468,2.476,2.468,2.476,40214.37
2025-05-03 21:20:00+09:00,2.477,2.48,2.474,2.475,15565.54
2025-05-03 21:25:00+09:00,2.475,2.476,2.473,2.475,4720.8
2025-05-03 21:30:00+09:00,2.475,2.484,2.475,2.481,6070.3
2025-05-03 21:35:00+09:00,2.48,2.487,2.48,2.487,9525.8
2025-05-03 21:40:00+09:00,2.488,2.489,2.484,2.485,5613.8
2025-05-03 21:45:00+09:00,2.486,2.486,2.479,2.481,13072.43
2025-05-03 21:50:00+09:00,2.482,2.482,2.475,2.475,3897.8
2025-05-03 21:55:00+09:00,2.475,2.479,2.473,2.478,16734.26
2025-05-03 22:00:00+09:00,2.477,2.488,2.477,2.487,12853.78
2025-05-03 22:05:00+09:00,2.487,2.491,2.487,2.488,9207.75
2025-05-03 22:10:00+09:00,2.487,2.487,2.482,2.482,5513.91
2025-05-03 22:15:00+09:00,2.482,2.484,2.48,2.481,15192.59
2025-05-03 22:20:00+09:00,2.48,2.484,2.478,2.483,13711.4
2025-05-03 22:25:00+09:00,2.484,2.485,2.48,2.481,4191.4
2025-05-03 22:30:00+09:00,2.481,2.483,2.47,2.473,30766.56
2025-05-03 22:35:00+09:00,2.474,2.474,2.466,2.466,19441.43
2025-05-03 22:40:00+09:00,2.466,2.472,2.465,2.471,4315.79
2025-05-03 22:45:00+09:00,2.472,2.478,2.472,2.478,1838.39
2025-05-03 22:50:00+09:00,2.478,2.48,2.474,2.479,5069.99
2025-05-03 22:55:00+09:00,2.478,2.481,2.477,2.481,3278.13
2025-05-03 23:00:00+09:00,2.481,2.489,2.48,2.489,6087.38
2025-05-03 23:05:00+09:00,2.489,2.491,2.484,2.486,10409.39
2025-05-03 23:10:00+09:00,2.486,2.488,2.48,2.481,7527.32
2025-05-03 23:15:00+09:00,2.481,2.485,2.48,2.485,6010.25
2025-05-03 23:20:00+09:00,2.486,2.488,2.481,2.484,9772.92
2025-05-03 23:25:00+09:00,2.485,2.485,2.469,2.47,33960.49
2025-05-03 23:30:00+09:00,2.471,2.478,2.471,2.478,6156.09
2025-05-03 23:35:00+09:00,2.478,2.482,2.476,2.476,13112.76
2025-05-03 23:40:00+09:00,2.476,2.481,2.472,2.481,2263.34
2025-05-03 23:45:00+09:00,2.48,2.48,2.471,2.471,25083.05
2025-05-03 23:50:00+09:00,2.471,2.48,2.471,2.479,13785.34
2025-05-03 23:55:00+09:00,2.48,2.481,2.473,2.475,6267.92
2025-05-04 00:00:00+09:00,2.476,2.486,2.476,2.485,7335.19
2025-05-04 00:05:00+09:00,2.484,2.49,2.482,2.489,5223.69
2025-05-04 00:10:00+09:00,2.488,2.488,2.481,2.482,5383.06
2025-05-04 00:15:00+09:00,2.481,2.484,2.476,2.479,6902.49
2025-05-04 00:20:00+09:00,2.478,2.487,2.476,2.485,14777.3
2025-05-04 00:25:00+09:00,2.486,2.488,2.484,2.488,3659.95
2025-05-04 00:30:00+09:00,2.489,2.497,2.486,2.494,48403.22
2025-05-04 00:35:00+09:00,2.494,2.495,2.491,2.491,5755.22
2025-05-04 00:40:00+09:00,2.492,2.495,2.49,2.491,8686.58
2025-05-04 00:45:00+09:00,2.49,2.49,2.483,2.483,13061.67
2025-05-04 00:50:00+09:00,2.484,2.492,2.483,2.483,135520.55
2025-05-04 00:55:00+09:00,2.484,2.488,2.483,2.485,7212.71
2025-05-04 01:00:00+09:00,2.485,2.488,2.483,2.487,1568.45
2025-05-04 01:05:00+09:00,2.485,2.49,2.483,2.485,3494.61
2025-05-04 01:10:00+09:00,2.485,2.486,2.483,2.484,6923.07
2025-05-04 01:15:00+09:00,2.483,2.487,2.48,2.483,7439.11
2025-05-04 01:20:00+09:00,2.482,2.482,2.475,2.476,7196.16
2025-05-04 01:25:00+09:00,2.476,2.479,2.472,2.472,2648.66
2025-05-04 01:30:00+09:00,2.472,2.472,2.46,2.466,21285.34
2025-05-04 01:35:00+09:00,2.465,2.466,2.449,2.456,32574.42
2025-05-04 01:40:00+09:00,2.456,2.46,2.453,2.46,6414.1
2025-05-04 01:45:00+09:00,2.46,2.462,2.451,2.458,4269.96
2025-05-04 01:50:00+09:00,2.457,2.464,2.457,2.464,3383.1
2025-05-04 01:55:00+09:00,2.465,2.465,2.456,2.457,12597.57
2025-05-04 02:00:00+09:00,2.456,2.457,2.423,2.433,99426.35
2025-05-04 02:05:00+09:00,2.433,2.434,2.381,2.408,183559.85
2025-05-04 02:10:00+09:00,2.407,2.428,2.403,2.428,16434.72
2025-05-04 02:15:00+09:00,2.428,2.448,2.42,2.423,136585.92
2025-05-04 02:20:00+09:00,2.422,2.439,2.42,2.436,14758.49
2025-05-04 02:25:00+09:00,2.436,2.439,2.434,2.435,4720.57
2025-05-04 02:30:00+09:00,2.434,2.435,2.425,2.431,38142.97
2025-05-04 02:35:00+09:00,2.431,2.431,2.418,2.418,12418.1
2025-05-04 02:40:00+09:00,2.418,2.422,2.415,2.422,8428.34
2025-05-04 02:45:00+09:00,2.422,2.436,2.422,2.433,9589.51
2025-05-04 02:50:00+09:00,2.433,2.448,2.431,2.446,16577.7
2025-05-04 02:55:00+09:00,2.446,2.45,2.442,2.448,8806.62
2025-05-04 03:00:00+09:00,2.447,2.451,2.445,2.447,21608.98
2025-05-04 03:05:00+09:00,2.447,2.453,2.446,2.453,13230.11
2025-05-04 03:10:00+09:00,2.453,2.455,2.451,2.455,4460.92
2025-05-04 03:15:00+09:00,2.455,2.459,2.451,2.451,6022.71
2025-05-04 03:20:00+09:00,2.452,2.457,2.449,2.451,5945.72
2025-05-04 03:25:00+09:00,2.451,2.451,2.439,2.44,8984.61
2025-05-04 03:30:00+09:00,2.441,2.441,2.431,2.432,1745.11
2025-05-04 03:35:00+09:00,2.431,2.434,2.42,2.42,30576.52
2025-05-04 03:40:00+09:00,2.42,2.425,2.418,2.422,10018.63
2025-05-04 03:45:00+09:00,2.423,2.428,2.42,2.426,6720.22
2025-05-04 03:50:00+09:00,2.427,2.427,2.418,2.426,4337.44
2025-05-04 03:55:00+09:00,2.427,2.431,2.427,2.429,4088.93
2025-05-04 04:00:00+09:00,2.428,2.432,2.425,2.431,2665.48
2025-05-04 04:05:00+09:00,2.432,2.435,2.43,2.433,4290.12
2025-05-04 04:10:00+09:00,2.433,2.438,2.433,2.433,7345.18
2025-05-04 04:15:00+09:00,2.434,2.449,2.434,2.447,7563.48
2025-05-04 04:20:00+09:00,2.447,2.453,2.445,2.45,19646.39
2025-05-04 04:25:00+09:00,2.449,2.458,2.449,2.457,16521.46
2025-05-04 04:30:00+09:00,2.457,2.461,2.451,2.46,11929.24
2025-05-04 04:35:00+09:00,2.46,2.464,2.46,2.461,7968.46
2025-05-04 04:40:00+09:00,2.461,2.462,2.456,2.46,19800.13
2025-05-04 04:45:00+09:00,2.461,2.467,2.461,2.467,8011.37
2025-05-04 04:50:00+09:00,2.467,2.473,2.463,2.464,25099.81
2025-05-04 04:55:00+09:00,2.464,2.464,2.462,2.462,977.37
2025-05-04 05:00:00+09:00,2.463,2.465,2.459,2.462,6892.31
2025-05-04 05:05:00+09:00,2.462,2.465,2.462,2.464,6379.82
2025-05-04 05:10:00+09:00,2.464,2.468,2.463,2.464,817.48
2025-05-04 05:15:00+09:00,2.465,2.47,2.462,2.47,11473.34
2025-05-04 05:20:00+09:00,2.469,2.474,2.469,2.471,4159.6
2025-05-04 05:25:00+09:00,2.469,2.471,2.468,2.47,1614.85
2025-05-04 05:30:00+09:00,2.471,2.471,2.463,2.464,10214.9
2025-05-04 05:35:00+09:00,2.464,2.464,2.457,2.458,17439.1
2025-05-04 05:40:00+09:00,2.458,2.461,2.454,2.457,5552.82
2025-05-04 05:45:00+09:00,2.456,2.466,2.453,2.466,12419.74
2025-05-04 05:50:00+09:00,2.466,2.468,2.465,2.468,2226.66
2025-05-04 05:55:00+09:00,2.467,2.468,2.463,2.465,2173.82
2025-05-04 06:00:00+09:00,2.466,2.466,2.455,2.455,3732.12
2025-05-04 06:05:00+09:00,2.456,2.457,2.443,2.446,33584.98
2025-05-04 06:10:00+09:00,2.446,2.456,2.445,2.456,12055.17
2025-05-04 06:15:00+09:00,2.456,2.463,2.454,2.462,1180.52
2025-05-04 06:20:00+09:00,2.462,2.474,2.46,2.472,27367.15
2025-05-04 06:25:00+09:00,2.472,2.48,2.472,2.48,3813.21
2025-05-04 06:30:00+09:00,2.479,2.48,2.476,2.477,7530.39
2025-05-04 06:35:00+09:00,2.476,2.476,2.467,2.47,6554.46
2025-05-04 06:40:00+09:00,2.47,2.475,2.468,2.468,10254.51
2025-05-04 06:45:00+09:00,2.468,2.468,2.461,2.462,3462.36
2025-05-04 06:50:00+09:00,2.461,2.466,2.46,2.461,3978.03
2025-05-04 06:55:00+09:00,2.463,2.465,2.459,2.461,5281.07
2025-05-04 07:00:00+09:00,2.46,2.464,2.452,2.452,2724.77
2025-05-04 07:05:00+09:00,2.455,2.467,2.455,2.455,18558.99
2025-05-04 07:10:00+09:00,2.455,2.457,2.449,2.452,24043.65
2025-05-04 07:15:00+09:00,2.453,2.457,2.451,2.452,3012.55
2025-05-04 07:20:00+09:00,2.453,2.454,2.449,2.454,6597.61
2025-05-04 07:25:00+09:00,2.453,2.455,2.452,2.455,2048.35
2025-05-04 07:30:00+09:00,2.456,2.462,2.456,2.461,2585.7
2025-05-04 07:35:00+09:00,2.46,2.463,2.459,2.463,124.85
2025-05-04 07:40:00+09:00,2.462,2.466,2.46,2.463,17096.91
2025-05-04 07:45:00+09:00,2.462,2.464,2.46,2.464,475.92
2025-05-04 07:50:00+09:00,2.464,2.465,2.46,2.46,1200.11
2025-05-04 07:55:00+09:00,2.46,2.46,2.457,2.457,237.31
2025-05-04 08:00:00+09:00,2.457,2.457,2.453,2.454,525.97
2025-05-04 08:05:00+09:00,2.455,2.461,2.455,2.46,313.0
2025-05-04 08:10:00+09:00,2.461,2.463,2.457,2.457,4191.06
2025-05-04 08:15:00+09:00,2.458,2.46,2.456,2.459,5189.7
2025-05-04 08:20:00+09:00,2.46,2.462,2.457,2.459,1760.88
2025-05-04 08:25:00+09:00,2.458,2.461,2.441,2.445,30322.21
2025-05-04 08:30:00+09:00,2.443,2.453,2.442,2.453,9018.99
2025-05-04 08:35:00+09:00,2.452,2.456,2.45,2.456,1527.04
2025-05-04 08:40:00+09:00,2.456,2.459,2.456,2.457,2552.48
2025-05-04 08:45:00+09:00,2.458,2.46,2.453,2.454,4331.64
2025-05-04 08:50:00+09:00,2.454,2.455,2.448,2.455,4668.19
2025-05-04 08:55:00+09:00,2.453,2.453,2.448,2.45,1037.32
2025-05-04 09:00:00+09:00,2.448,2.455,2.444,2.454,8043.78
2025-05-04 09:05:00+09:00,2.454,2.455,2.451,2.453,872.55
2025-05-04 09:10:00+09:00,2.454,2.457,2.453,2.453,6818.75
2025-05-04 09:15:00+09:00,2.452,2.463,2.452,2.457,2969.55
2025-05-04 09:20:00+09:00,2.457,2.46,2.451,2.453,7939.87
2025-05-04 09:25:00+09:00,2.454,2.458,2.446,2.446,1225.01
2025-05-04 09:30:00+09:00,2.447,2.448,2.439,2.44,1451.85
2025-05-04 09:35:00+09:00,2.441,2.446,2.435,2.443,13646.17
2025-05-04 09:40:00+09:00,2.442,2.448,2.44,2.441,4474.65
2025-05-04 09:45:00+09:00,2.441,2.444,2.427,2.43,18554.86
2025-05-04 09:50:00+09:00,2.43,2.439,2.43,2.439,3618.33
2025-05-04 09:55:00+09:00,2.44,2.446,2.434,2.436,5466.72
2025-05-04 10:00:00+09:00,2.434,2.438,2.425,2.438,6808.49
2025-05-04 10:05:00+09:00,2.439,2.444,2.436,2.444,1402.28
2025-05-04 10:10:00+09:00,2.445,2.448,2.444,2.447,4553.28
2025-05-04 10:15:00+09:00,2.447,2.449,2.443,2.448,1126.66
2025-05-04 10:20:00+09:00,2.449,2.454,2.449,2.454,874.22
2025-05-04 10:25:00+09:00,2.454,2.457,2.453,2.453,2029.23
2025-05-04 10:30:00+09:00,2.453,2.453,2.441,2.444,30690.45
2025-05-04 10:35:00+09:00,2.446,2.449,2.44,2.44,438.27
2025-05-04 10:40:00+09:00,2.441,2.441,2.43,2.431,6479.11
2025-05-04 10:45:00+09:00,2.431,2.433,2.42,2.428,12139.07
2025-05-04 10:50:00+09:00,2.428,2.439,2.428,2.438,4699.42
2025-05-04 10:55:00+09:00,2.437,2.447,2.436,2.442,3838.62
2025-05-04 11:00:00+09:00,2.443,2.457,2.44,2.457,9498.11
2025-05-04 11:05:00+09:00,2.457,2.465,2.456,2.461,12444.57
2025-05-04 11:10:00+09:00,2.46,2.467,2.46,2.466,4262.52
2025-05-04 11:15:00+09:00,2.466,2.466,2.458,2.463,5929.89
2025-05-04 11:20:00+09:00,2.462,2.468,2.461,2.468,3105.96
2025-05-04 11:25:00+09:00,2.467,2.469,2.46,2.461,1707.01
2025-05-04 11:30:00+09:00,2.461,2.462,2.445,2.445,7133.42
2025-05-04 11:35:00+09:00,2.445,2.446,2.434,2.436,4005.07
2025-05-04 11:40:00+09:00,2.434,2.442,2.431,2.436,31505.65
2025-05-04 11:45:00+09:00,2.437,2.443,2.436,2.436,14462.76
2025-05-04 11:50:00+09:00,2.437,2.444,2.436,2.441,4750.48
2025-05-04 11:55:00+09:00,2.442,2.445,2.441,2.441,840.6
2025-05-04 12:00:00+09:00,2.44,2.44,2.43,2.431,9466.76
2025-05-04 12:05:00+09:00,2.43,2.43,2.424,2.428,2554.11
2025-05-04 12:10:00+09:00,2.429,2.432,2.427,2.429,550.18
2025-05-04 12:15:00+09:00,2.429,2.433,2.419,2.422,20939.29
2025-05-04 12:20:00+09:00,2.42,2.432,2.42,2.432,2203.27
2025-05-04 12:25:00+09:00,2.433,2.439,2.432,2.439,13657.33
2025-05-04 12:30:00+09:00,2.439,2.443,2.437,2.439,9361.63
2025-05-04 12:35:00+09:00,2.439,2.444,2.439,2.439,2785.71
2025-05-04 12:40:00+09:00,2.44,2.444,2.436,2.441,10283.01
2025-05-04 12:45:00+09:00,2.44,2.441,2.433,2.434,3769.28
2025-05-04 12:50:00+09:00,2.434,2.437,2.432,2.437,20261.29
2025-05-04 12:55:00+09:00,2.438,2.438,2.429,2.431,4140.67
2025-05-04 13:00:00+09:00,2.43,2.435,2.429,2.435,8185.85
2025-05-04 13:05:00+09:00,2.435,2.444,2.435,2.443,6675.83
2025-05-04 13:10:00+09:00,2.443,2.444,2.437,2.441,923.72
2025-05-04 13:15:00+09:00,2.441,2.447,2.438,2.438,2550.74
2025-05-04 13:20:00+09:00,2.437,2.439,2.436,2.437,2069.96
2025-05-04 13:25:00+09:00,2.436,2.439,2.434,2.437,2762.79
2025-05-04 13:30:00+09:00,2.438,2.438,2.43,2.432,2317.22
2025-05-04 13:35:00+09:00,2.431,2.435,2.427,2.434,5916.99
2025-05-04 13:40:00+09:00,2.432,2.435,2.43,2.433,1960.31
2025-05-04 13:45:00+09:00,2.433,2.439,2.432,2.434,1024.02
2025-05-04 13:50:00+09:00,2.433,2.44,2.432,2.439,1481.37
2025-05-04 13:55:00+09:00,2.438,2.44,2.434,2.435,2051.97
2025-05-04 14:00:00+09:00,2.434,2.449,2.434,2.449,2169.77
2025-05-04 14:05:00+09:00,2.45,2.453,2.446,2.446,2944.12
2025-05-04 14:10:00+09:00,2.445,2.449,2.442,2.442,1434.16
2025-05-04 14:15:00+09:00,2.443,2.443,2.437,2.44,4181.9
2025-05-04 14:20:00+09:00,2.442,2.451,2.442,2.451,3743.17
2025-05-04 14:25:00+09:00,2.451,2.455,2.449,2.454,3055.78
2025-05-04 14:30:00+09:00,2.454,2.456,2.451,2.452,7051.86
2025-05-04 14:35:00+09:00,2.453,2.456,2.453,2.456,671.18
2025-05-04 14:40:00+09:00,2.456,2.46,2.455,2.458,2657.67
2025-05-04 14:45:00+09:00,2.458,2.463,2.457,2.459,22187.4
2025-05-04 14:50:00+09:00,2.458,2.461,2.455,2.456,5073.59
2025-05-04 14:55:00+09:00,2.455,2.461,2.451,2.452,10411.0
2025-05-04 15:00:00+09:00,2.451,2.46,2.45,2.459,9063.69
2025-05-04 15:05:00+09:00,2.458,2.458,2.448,2.449,965.45
2025-05-04 15:10:00+09:00,2.449,2.449,2.433,2.436,13774.13
2025-05-04 15:15:00+09:00,2.438,2.441,2.428,2.431,14706.76
2025-05-04 15:20:00+09:00,2.431,2.433,2.425,2.425,23584.33
2025-05-04 15:25:00+09:00,2.425,2.429,2.422,2.427,16546.8
2025-05-04 15:30:00+09:00,2.427,2.428,2.423,2.428,2700.37
2025-05-04 15:35:00+09:00,2.429,2.436,2.429,2.435,3954.65
2025-05-04 15:40:00+09:00,2.434,2.435,2.428,2.434,5671.3
2025-05-04 15:45:00+09:00,2.434,2.445,2.434,2.443,13542.54
2025-05-04 15:50:00+09:00,2.443,2.448,2.442,2.442,4649.83
2025-05-04 15:55:00+09:00,2.443,2.445,2.441,2.442,3105.42
2025-05-04 16:00:00+09:00,2.443,2.444,2.435,2.435,4248.48
2025-05-04 16:05:00+09:00,2.435,2.438,2.432,2.438,3639.93
2025-05-04 16:10:00+09:00,2.438,2.443,2.437,2.443,3519.49
2025-05-04 16:15:00+09:00,2.443,2.444,2.434,2.436,1971.27
2025-05-04 16:20:00+09:00,2.436,2.437,2.43,2.43,711.45
2025-05-04 16:25:00+09:00,2.432,2.434,2.43,2.433,342.54
2025-05-04 16:30:00+09:00,2.433,2.435,2.425,2.426,14457.74
2025-05-04 16:35:00+09:00,2.426,2.427,2.422,2.424,21287.53
2025-05-04 16:40:00+09:00,2.423,2.428,2.423,2.425,6537.66
2025-05-04 16:45:00+09:00,2.426,2.429,2.425,2.426,5412.45
2025-05-04 16:50:00+09:00,2.425,2.434,2.425,2.43,25397.44
2025-05-04 16:55:00+09:00,2.43,2.431,2.425,2.431,13925.96
2025-05-04 17:00:00+09:00,2.431,2.431,2.427,2.428,3734.35
2025-05-04 17:05:00+09:00,2.429,2.429,2.424,2.424,5677.59
2025-05-04 17:10:00+09:00,2.424,2.429,2.424,2.427,15985.47
2025-05-04 17:15:00+09:00,2.426,2.426,2.418,2.424,13017.98
2025-05-04 17:20:00+09:00,2.423,2.43,2.422,2.422,10758.49
2025-05-04 17:25:00+09:00,2.421,2.425,2.414,2.425,31695.95
2025-05-04 17:30:00+09:00,2.426,2.426,2.414,2.415,5590.67
2025-05-04 17:35:00+09:00,2.415,2.42,2.411,2.415,13363.51
2025-05-04 17:40:00+09:00,2.415,2.415,2.399,2.405,18248.36
2025-05-04 17:45:00+09:00,2.404,2.41,2.402,2.408,16044.3
2025-05-04 17:50:00+09:00,2.408,2.411,2.402,2.409,15946.33
2025-05-04 17:55:00+09:00,2.41,2.414,2.409,2.413,2613.1
2025-05-04 18:00:00+09:00,2.412,2.417,2.408,2.417,9433.92
2025-05-04 18:05:00+09:00,2.418,2.418,2.406,2.418,12832.97
2025-05-04 18:10:00+09:00,2.417,2.417,2.409,2.409,5469.92
2025-05-04 18:15:00+09:00,2.41,2.412,2.395,2.403,32440.38
2025-05-04 18:20:00+09:00,2.403,2.408,2.395,2.397,20485.8
2025-05-04 18:25:00+09:00,2.396,2.401,2.394,2.396,17175.46
2025-05-04 18:30:00+09:00,2.396,2.406,2.395,2.404,6145.48
2025-05-04 18:35:00+09:00,2.403,2.406,2.398,2.406,3355.47
2025-05-04 18:40:00+09:00,2.405,2.407,2.4,2.405,4118.35
2025-05-04 18:45:00+09:00,2.407,2.409,2.403,2.404,2164.26
2025-05-04 18:50:00+09:00,2.404,2.409,2.4,2.407,7793.49
2025-05-04 18:55:00+09:00,2.407,2.408,2.402,2.407,5957.32
2025-05-04 19:00:00+09:00,2.406,2.413,2.404,2.408,14354.0
2025-05-04 19:05:00+09:00,2.409,2.415,2.409,2.413,8042.75
2025-05-04 19:10:00+09:00,2.413,2.413,2.406,2.407,39792.46
2025-05-04 19:15:00+09:00,2.407,2.413,2.404,2.404,7501.36
2025-05-04 19:20:00+09:00,2.403,2.41,2.402,2.41,15035.18
2025-05-04 19:25:00+09:00,2.41,2.415,2.406,2.415,2747.59
2025-05-04 19:30:00+09:00,2.415,2.416,2.411,2.413,3203.41
2025-05-04 19:35:00+09:00,2.414,2.424,2.414,2.421,14880.74
2025-05-04 19:40:00+09:00,2.421,2.424,2.42,2.422,5724.32
2025-05-04 19:45:00+09:00,2.423,2.424,2.419,2.419,2773.83
2025-05-04 19:50:00+09:00,2.419,2.421,2.415,2.419,2065.71
2025-05-04 19:55:00+09:00,2.419,2.419,2.416,2.418,20456.98
2025-05-04 20:00:00+09:00,2.417,2.419,2.403,2.411,27656.59
2025-05-04 20:05:00+09:00,2.411,2.418,2.41,2.418,15131.39
2025-05-04 20:10:00+09:00,2.417,2.425,2.416,2.421,25400.7
2025-05-04 20:15:00+09:00,2.42,2.425,2.419,2.423,9817.32
2025-05-04 20:20:00+09:00,2.421,2.426,2.42,2.424,1595.62
2025-05-04 20:25:00+09:00,2.424,2.426,2.422,2.424,12683.56
2025-05-04 20:30:00+09:00,2.424,2.426,2.421,2.421,6032.45
2025-05-04 20:35:00+09:00,2.42,2.422,2.416,2.418,6532.65
2025-05-04 20:40:00+09:00,2.419,2.423,2.418,2.423,4561.11
2025-05-04 20:45:00+09:00,2.423,2.424,2.419,2.42,7523.3
2025-05-04 20:50:00+09:00,2.418,2.418,2.41,2.411,4109.63
2025-05-04 20:55:00+09:00,2.413,2.415,2.412,2.414,261.72
2025-05-04 21:00:00+09:00,2.414,2.418,2.413,2.418,1708.89
2025-05-04 21:05:00+09:00,2.418,2.421,2.418,2.419,1946.37
2025-05-04 21:10:00+09:00,2.419,2.424,2.417,2.424,10361.92
2025-05-04 21:15:00+09:00,2.425,2.428,2.421,2.423,4541.43
2025-05-04 21:20:00+09:00,2.422,2.422,2.414,2.418,22996.88
2025-05-04 21:25:00+09:00,2.418,2.418,2.404,2.407,26371.56
2025-05-04 21:30:00+09:00,2.406,2.409,2.402,2.403,36813.66
2025-05-04 21:35:00+09:00,2.403,2.414,2.403,2.411,6404.73
2025-05-04 21:40:00+09:00,2.411,2.417,2.411,2.416,9471.05
2025-05-04 21:45:00+09:00,2.417,2.426,2.416,2.425,10705.56
2025-05-04 21:50:00+09:00,2.425,2.428,2.423,2.426,18296.46
2025-05-04 21:55:00+09:00,2.426,2.428,2.421,2.421,12353.57
2025-05-04 22:00:00+09:00,2.421,2.426,2.418,2.421,28633.58
2025-05-04 22:05:00+09:00,2.421,2.423,2.417,2.417,9669.69
2025-05-04 22:10:00+09:00,2.417,2.419,2.411,2.412,1750.42
2025-05-04 22:15:00+09:00,2.41,2.411,2.401,2.401,2710.33
2025-05-04 22:20:00+09:00,2.402,2.407,2.395,2.395,15260.15
2025-05-04 22:25:00+09:00,2.396,2.404,2.395,2.404,7394.52
2025-05-04 22:30:00+09:00,2.405,2.407,2.402,2.405,6030.55
2025-05-04 22:35:00+09:00,2.404,2.405,2.396,2.396,12720.64
2025-05-04 22:40:00+09:00,2.395,2.395,2.388,2.391,15412.76
2025-05-04 22:45:00+09:00,2.392,2.396,2.383,2.393,18689.57
2025-05-04 22:50:00+09:00,2.394,2.4,2.393,2.4,10374.19
2025-05-04 22:55:00+09:00,2.401,2.405,2.4,2.401,10229.81
2025-05-04 23:00:00+09:00,2.402,2.406,2.399,2.405,6551.68
2025-05-04 23:05:00+09:00,2.406,2.415,2.406,2.414,6784.88
2025-05-04 23:10:00+09:00,2.415,2.416,2.411,2.412,20135.91
2025-05-04 23:15:00+09:00,2.413,2.421,2.41,2.418,6186.1
2025-05-04 23:20:00+09:00,2.418,2.422,2.418,2.42,13454.31
2025-05-04 23:25:00+09:00,2.422,2.424,2.421,2.424,6223.7
2025-05-04 23:30:00+09:00,2.423,2.424,2.417,2.424,26799.52
2025-05-04 23:35:00+09:00,2.424,2.427,2.413,2.413,20922.13
2025-05-04 23:40:00+09:00,2.415,2.42,2.415,2.418,3930.43
2025-05-04 23:45:00+09:00,2.418,2.42,2.414,2.42,4662.6
2025-05-04 23:50:00+09:00,2.42,2.425,2.419,2.425,3988.45
2025-05-04 23:55:00+09:00,2.425,2.425,2.418,2.418,1816.04
2025-05-05 00:00:00+09:00,2.418,2.424,2.417,2.421,11282.19
2025-05-05 00:05:00+09:00,2.422,2.424,2.418,2.42,4730.89
2025-05-05 00:10:00+09:00,2.42,2.42,2.41,2.413,21128.64
2025-05-05 00:15:00+09:00,2.413,2.413,2.406,2.407,23518.17
2025-05-05 00:20:00+09:00,2.407,2.407,2.401,2.405,6591.17
2025-05-05 00:25:00+09:00,2.403,2.407,2.402,2.406,6436.28
2025-05-05 00:30:00+09:00,2.405,2.407,2.398,2.398,5524.46
2025-05-05 00:35:00+09:00,2.398,2.399,2.391,2.398,22863.24
2025-05-05 00:40:00+09:00,2.399,2.401,2.394,2.396,13999.38
2025-05-05 00:45:00+09:00,2.396,2.399,2.388,2.399,8908.14
2025-05-05 00:50:00+09:00,2.399,2.403,2.399,2.403,13331.17
2025-05-05 00:55:00+09:00,2.403,2.406,2.399,2.402,11224.85
2025-05-05 01:00:00+09:00,2.402,2.408,2.4,2.408,7106.67
2025-05-05 01:05:00+09:00,2.407,2.41,2.401,2.401,14130.48
2025-05-05 01:10:00+09:00,2.401,2.403,2.394,2.396,7757.06
2025-05-05 01:15:00+09:00,2.396,2.398,2.386,2.386,11248.09
2025-05-05 01:20:00+09:00,2.386,2.395,2.386,2.393,3005.94
2025-05-05 01:25:00+09:00,2.393,2.398,2.393,2.394,2419.46
2025-05-05 01:30:00+09:00,2.394,2.396,2.38,2.382,12946.45
2025-05-05 01:35:00+09:00,2.382,2.389,2.382,2.384,12992.16
2025-05-05 01:40:00+09:00,2.384,2.388,2.38,2.382,8977.97
2025-05-05 01:45:00+09:00,2.383,2.385,2.376,2.381,10252.03
2025-05-05 01:50:00+09:00,2.381,2.388,2.379,2.383,6002.32
2025-05-05 01:55:00+09:00,2.383,2.387,2.382,2.385,6123.76
2025-05-05 02:00:00+09:00,2.386,2.391,2.383,2.391,5672.88
2025-05-05 02:05:00+09:00,2.39,2.394,2.386,2.392,3200.2
2025-05-05 02:10:00+09:00,2.391,2.395,2.387,2.387,2249.12
2025-05-05 02:15:00+09:00,2.388,2.389,2.378,2.378,17392.05
2025-05-05 02:20:00+09:00,2.377,2.379,2.367,2.37,43481.89
2025-05-05 02:25:00+09:00,2.372,2.374,2.365,2.369,19288.01
2025-05-05 02:30:00+09:00,2.368,2.368,2.354,2.355,82258.69
2025-05-05 02:35:00+09:00,2.355,2.363,2.354,2.362,25884.23
2025-05-05 02:40:00+09:00,2.362,2.371,2.361,2.369,24342.25
2025-05-05 02:45:00+09:00,2.37,2.376,2.369,2.375,11345.94
2025-05-05 02:50:00+09:00,2.375,2.383,2.375,2.382,17377.35
2025-05-05 02:55:00+09:00,2.382,2.383,2.379,2.38,7003.06
2025-05-05 03:00:00+09:00,2.38,2.388,2.374,2.387,18740.39
2025-05-05 03:05:00+09:00,2.387,2.391,2.385,2.389,18045.52
2025-05-05 03:10:00+09:00,2.389,2.389,2.375,2.375,7231.16
2025-05-05 03:15:00+09:00,2.376,2.382,2.371,2.371,5434.05
2025-05-05 03:20:00+09:00,2.371,2.378,2.369,2.377,31702.46
2025-05-05 03:25:00+09:00,2.377,2.378,2.372,2.375,28621.68
2025-05-05 03:30:00+09:00,2.376,2.378,2.372,2.372,3519.67
2025-05-05 03:35:00+09:00,2.371,2.373,2.366,2.366,1040.19
2025-05-05 03:40:00+09:00,2.367,2.373,2.367,2.373,815.69
2025-05-05 03:45:00+09:00,2.371,2.373,2.367,2.367,5424.07
2025-05-05 03:50:00+09:00,2.368,2.368,2.364,2.367,3683.31
2025-05-05 03:55:00+09:00,2.368,2.369,2.361,2.362,3498.04
2025-05-05 04:00:00+09:00,2.362,2.366,2.357,2.366,3605.05
2025-05-05 04:05:00+09:00,2.366,2.369,2.366,2.369,11030.42
2025-05-05 04:10:00+09:00,2.368,2.368,2.36,2.361,5348.83
2025-05-05 04:15:00+09:00,2.36,2.365,2.357,2.363,10230.92
2025-05-05 04:20:00+09:00,2.364,2.364,2.36,2.364,1784.58
2025-05-05 04:25:00+09:00,2.363,2.367,2.363,2.366,4546.75
2025-05-05 04:30:00+09:00,2.365,2.37,2.363,2.37,830.15
2025-05-05 04:35:00+09:00,2.37,2.378,2.37,2.377,9211.26
2025-05-05 04:40:00+09:00,2.376,2.382,2.376,2.38,5377.91
2025-05-05 04:45:00+09:00,2.381,2.385,2.373,2.375,5421.64
2025-05-05 04:50:00+09:00,2.375,2.375,2.372,2.372,16888.1
2025-05-05 04:55:00+09:00,2.372,2.376,2.372,2.375,2709.07
2025-05-05 05:00:00+09:00,2.376,2.377,2.366,2.375,38797.78
2025-05-05 05:05:00+09:00,2.374,2.381,2.371,2.38,1178.55
2025-05-05 05:10:00+09:00,2.381,2.383,2.38,2.38,4921.0
2025-05-05 05:15:00+09:00,2.379,2.38,2.374,2.38,3953.05
2025-05-05 05:20:00+09:00,2.38,2.392,2.38,2.391,13606.78
2025-05-05 05:25:00+09:00,2.391,2.401,2.391,2.399,17921.77
2025-05-05 05:30:00+09:00,2.399,2.399,2.392,2.396,4270.28
2025-05-05 05:35:00+09:00,2.396,2.399,2.393,2.399,4046.87
2025-05-05 05:40:00+09:00,2.399,2.401,2.397,2.399,7110.82
2025-05-05 05:45:00+09:00,2.399,2.406,2.399,2.403,15007.54
2025-05-05 05:50:00+09:00,2.404,2.407,2.401,2.401,22684.7
2025-05-05 05:55:00+09:00,2.401,2.403,2.4,2.403,4523.63
2025-05-05 06:00:00+09:00,2.402,2.405,2.402,2.402,3334.66
2025-05-05 06:05:00+09:00,2.404,2.409,2.399,2.399,20233.31
2025-05-05 06:10:00+09:00,2.398,2.398,2.391,2.393,18132.06
2025-05-05 06:15:00+09:00,2.393,2.396,2.391,2.396,4219.28
2025-05-05 06:20:00+09:00,2.397,2.401,2.396,2.399,3468.11
2025-05-05 06:25:00+09:00,2.4,2.4,2.396,2.398,2718.83
2025-05-05 06:30:00+09:00,2.398,2.401,2.398,2.401,4798.53
2025-05-05 06:35:00+09:00,2.401,2.409,2.4,2.409,2841.72
2025-05-05 06:40:00+09:00,2.408,2.408,2.404,2.404,848.23
2025-05-05 06:45:00+09:00,2.404,2.404,2.401,2.402,4237.34
2025-05-05 06:50:00+09:00,2.402,2.404,2.4,2.404,1741.3
2025-05-05 06:55:00+09:00,2.404,2.404,2.4,2.401,1624.46
2025-05-05 07:00:00+09:00,2.401,2.401,2.38,2.384,30030.5
2025-05-05 07:05:00+09:00,2.384,2.395,2.373,2.38,57638.38
2025-05-05 07:10:00+09:00,2.381,2.385,2.374,2.38,4928.2
2025-05-05 07:15:00+09:00,2.379,2.386,2.375,2.375,4394.39
2025-05-05 07:20:00+09:00,2.376,2.378,2.371,2.377,1697.83
2025-05-05 07:25:00+09:00,2.378,2.381,2.378,2.379,3096.59
2025-05-05 07:30:00+09:00,2.378,2.381,2.362,2.363,36678.16
2025-05-05 07:35:00+09:00,2.363,2.379,2.362,2.378,10942.88
2025-05-05 07:40:00+09:00,2.378,2.382,2.377,2.377,8902.58
2025-05-05 07:45:00+09:00,2.377,2.386,2.375,2.384,11588.04
2025-05-05 07:50:00+09:00,2.384,2.384,2.376,2.376,13674.67
2025-05-05 07:55:00+09:00,2.377,2.385,2.376,2.38,9029.81
2025-05-05 08:00:00+09:00,2.38,2.385,2.373,2.376,8505.22
2025-05-05 08:05:00+09:00,2.376,2.378,2.37,2.376,7797.65
2025-05-05 08:10:00+09:00,2.378,2.383,2.377,2.383,8991.84
2025-05-05 08:15:00+09:00,2.382,2.384,2.378,2.381,3809.09
2025-05-05 08:20:00+09:00,2.381,2.384,2.377,2.377,7701.99
2025-05-05 08:25:00+09:00,2.376,2.378,2.373,2.378,5474.47
2025-05-05 08:30:00+09:00,2.377,2.382,2.366,2.382,18675.02
2025-05-05 08:35:00+09:00,2.382,2.393,2.381,2.387,3899.23
2025-05-05 08:40:00+09:00,2.387,2.387,2.373,2.378,13043.99
2025-05-05 08:45:00+09:00,2.379,2.386,2.379,2.383,9833.72
2025-05-05 08:50:00+09:00,2.384,2.39,2.384,2.388,1976.81
2025-05-05 08:55:00+09:00,2.389,2.391,2.386,2.389,7409.98
2025-05-05 09:00:00+09:00,2.389,2.401,2.389,2.396,12499.1
2025-05-05 09:05:00+09:00,2.394,2.399,2.391,2.398,7201.56
2025-05-05 09:10:00+09:00,2.396,2.399,2.393,2.396,2990.0
2025-05-05 09:15:00+09:00,2.396,2.403,2.395,2.395,18746.65
2025-05-05 09:20:00+09:00,2.396,2.399,2.395,2.397,3424.44
2025-05-05 09:25:00+09:00,2.397,2.408,2.395,2.407,8222.94
2025-05-05 09:30:00+09:00,2.408,2.409,2.399,2.401,3901.48
2025-05-05 09:35:00+09:00,2.401,2.408,2.401,2.402,5328.06
2025-05-05 09:40:00+09:00,2.402,2.405,2.399,2.401,1987.71
2025-05-05 09:45:00+09:00,2.401,2.404,2.4,2.403,10294.5
2025-05-05 09:50:00+09:00,2.403,2.408,2.402,2.405,5449.78
2025-05-05 09:55:00+09:00,2.406,2.407,2.403,2.403,8871.66
2025-05-05 10:00:00+09:00,2.403,2.405,2.397,2.398,10821.68
2025-05-05 10:05:00+09:00,2.397,2.397,2.39,2.393,16171.5
2025-05-05 10:10:00+09:00,2.393,2.399,2.39,2.398,4658.68
2025-05-05 10:15:00+09:00,2.399,2.403,2.387,2.389,4894.33
2025-05-05 10:20:00+09:00,2.389,2.397,2.389,2.395,3695.25
2025-05-05 10:25:00+09:00,2.393,2.396,2.387,2.388,8539.15
2025-05-05 10:30:00+09:00,2.387,2.387,2.354,2.367,86748.33
2025-05-05 10:35:00+09:00,2.367,2.377,2.365,2.372,5988.02
2025-05-05 10:40:00+09:00,2.371,2.374,2.364,2.37,10643.04
2025-05-05 10:45:00+09:00,2.369,2.373,2.364,2.364,9043.85
2025-05-05 10:50:00+09:00,2.366,2.377,2.363,2.374,4267.44
2025-05-05 10:55:00+09:00,2.374,2.374,2.367,2.368,5963.35
2025-05-05 11:00:00+09:00,2.369,2.377,2.366,2.375,16844.1
2025-05-05 11:05:00+09:00,2.375,2.378,2.37,2.375,12278.8
2025-05-05 11:10:00+09:00,2.376,2.397,2.376,2.396,127232.94
2025-05-05 11:15:00+09:00,2.398,2.405,2.39,2.403,129020.04
2025-05-05 11:20:00+09:00,2.403,2.408,2.402,2.403,17300.45
2025-05-05 11:25:00+09:00,2.405,2.411,2.403,2.411,17759.88
2025-05-05 11:30:00+09:00,2.41,2.416,2.409,2.413,9182.88
2025-05-05 11:35:00+09:00,2.413,2.417,2.411,2.415,6418.01
2025-05-05 11:40:00+09:00,2.417,2.421,2.416,2.417,12519.91
2025-05-05 11:45:00+09:00,2.416,2.419,2.414,2.418,10569.85
2025-05-05 11:50:00+09:00,2.418,2.419,2.411,2.411,10847.71
2025-05-05 11:55:00+09:00,2.411,2.414,2.409,2.414,8510.51
2025-05-05 12:00:00+09:00,2.413,2.422,2.412,2.417,13500.23
2025-05-05 12:05:00+09:00,2.418,2.418,2.409,2.41,7572.54
2025-05-05 12:10:00+09:00,2.41,2.411,2.403,2.408,4833.61
2025-05-05 12:15:00+09:00,2.408,2.409,2.402,2.407,8075.23
2025-05-05 12:20:00+09:00,2.406,2.411,2.403,2.403,14120.64
2025-05-05 12:25:00+09:00,2.403,2.404,2.399,2.404,10430.89
2025-05-05 12:30:00+09:00,2.404,2.408,2.403,2.405,2755.2
2025-05-05 12:35:00+09:00,2.405,2.408,2.404,2.408,3465.66
2025-05-05 12:40:00+09:00,2.406,2.412,2.403,2.41,3661.25
2025-05-05 12:45:00+09:00,2.409,2.409,2.402,2.404,2187.48
2025-05-05 12:50:00+09:00,2.403,2.404,2.398,2.404,21447.19
2025-05-05 12:55:00+09:00,2.404,2.406,2.4,2.4,6291.72
2025-05-05 13:00:00+09:00,2.401,2.409,2.401,2.408,3232.02
2025-05-05 13:05:00+09:00,2.407,2.41,2.399,2.399,2478.38
2025-05-05 13:10:00+09:00,2.399,2.405,2.394,2.404,6487.56
2025-05-05 13:15:00+09:00,2.405,2.409,2.405,2.407,582.22
2025-05-05 13:20:00+09:00,2.408,2.415,2.408,2.412,8941.57
2025-05-05 13:25:00+09:00,2.412,2.417,2.412,2.416,8720.87
2025-05-05 13:30:00+09:00,2.416,2.417,2.411,2.417,8187.25
2025-05-05 13:35:00+09:00,2.417,2.421,2.415,2.42,6603.65
2025-05-05 13:40:00+09:00,2.421,2.422,2.418,2.419,14184.62
2025-05-05 13:45:00+09:00,2.418,2.42,2.415,2.417,8640.78
2025-05-05 13:50:00+09:00,2.417,2.417,2.414,2.416,2614.33
2025-05-05 13:55:00+09:00,2.415,2.421,2.412,2.419,30560.65
2025-05-05 14:00:00+09:00,2.418,2.423,2.417,2.419,10251.48
2025-05-05 14:05:00+09:00,2.419,2.422,2.415,2.42,4692.14
2025-05-05 14:10:00+09:00,2.419,2.419,2.408,2.412,15897.77
2025-05-05 14:15:00+09:00,2.411,2.417,2.41,2.411,19869.13
2025-05-05 14:20:00+09:00,2.411,2.413,2.41,2.41,5475.31
2025-05-05 14:25:00+09:00,2.41,2.413,2.41,2.411,3241.25
2025-05-05 14:30:00+09:00,2.411,2.411,2.405,2.408,3147.36
2025-05-05 14:35:00+09:00,2.408,2.409,2.405,2.408,4624.08
2025-05-05 14:40:00+09:00,2.408,2.412,2.408,2.408,2871.93
2025-05-05 14:45:00+09:00,2.408,2.415,2.408,2.413,4740.98
2025-05-05 14:50:00+09:00,2.413,2.418,2.412,2.412,9719.91
2025-05-05 14:55:00+09:00,2.413,2.426,2.413,2.424,6305.51
2025-05-05 15:00:00+09:00,2.424,2.433,2.424,2.426,21871.32
2025-05-05 15:05:00+09:00,2.426,2.433,2.424,2.429,13164.8
2025-05-05 15:10:00+09:00,2.428,2.428,2.419,2.42,8714.28
2025-05-05 15:15:00+09:00,2.421,2.424,2.419,2.422,1279.86
2025-05-05 15:20:00+09:00,2.421,2.421,2.417,2.419,5185.33
2025-05-05 15:25:00+09:00,2.418,2.418,2.413,2.415,5659.24
2025-05-05 15:30:00+09:00,2.415,2.42,2.414,2.419,9881.78
2025-05-05 15:35:00+09:00,2.42,2.425,2.42,2.423,4471.8
2025-05-05 15:40:00+09:00,2.422,2.428,2.422,2.424,4464.94
2025-05-05 15:45:00+09:00,2.424,2.426,2.42,2.422,4898.39
2025-05-05 15:50:00+09:00,2.422,2.425,2.418,2.423,43299.68
2025-05-05 15:55:00+09:00,2.424,2.427,2.424,2.425,4950.47
2025-05-05 16:00:00+09:00,2.424,2.425,2.415,2.421,6787.12
2025-05-05 16:05:00+09:00,2.42,2.42,2.414,2.417,2301.9
2025-05-05 16:10:00+09:00,2.416,2.419,2.413,2.419,4696.19
2025-05-05 16:15:00+09:00,2.418,2.423,2.414,2.422,3925.02
2025-05-05 16:20:00+09:00,2.422,2.427,2.421,2.427,9047.67
2025-05-05 16:25:00+09:00,2.426,2.426,2.42,2.421,6392.59
2025-05-05 16:30:00+09:00,2.421,2.426,2.421,2.424,6237.05
2025-05-05 16:35:00+09:00,2.423,2.431,2.423,2.43,7395.35
2025-05-05 16:40:00+09:00,2.43,2.434,2.429,2.432,5853.28
2025-05-05 16:45:00+09:00,2.433,2.434,2.429,2.432,7411.13
2025-05-05 16:50:00+09:00,2.432,2.437,2.432,2.436,17816.13
2025-05-05 16:55:00+09:00,2.437,2.439,2.435,2.438,18726.44
2025-05-05 17:00:00+09:00,2.437,2.444,2.435,2.443,12393.98
2025-05-05 17:05:00+09:00,2.44,2.441,2.436,2.438,9788.98
2025-05-05 17:10:00+09:00,2.437,2.438,2.434,2.437,4093.84
2025-05-05 17:15:00+09:00,2.437,2.453,2.436,2.452,22807.23
2025-05-05 17:20:00+09:00,2.451,2.454,2.442,2.445,11355.8
2025-05-05 17:25:00+09:00,2.446,2.449,2.445,2.447,7881.09
2025-05-05 17:30:00+09:00,2.447,2.449,2.443,2.448,4330.15
2025-05-05 17:35:00+09:00,2.449,2.456,2.447,2.448,12872.8
2025-05-05 17:40:00+09:00,2.447,2.45,2.445,2.449,7988.79
2025-05-05 17:45:00+09:00,2.448,2.45,2.444,2.444,6239.37
2025-05-05 17:50:00+09:00,2.445,2.449,2.437,2.438,7735.07
2025-05-05 17:55:00+09:00,2.438,2.44,2.435,2.44,8375.56
2025-05-05 18:00:00+09:00,2.441,2.442,2.43,2.435,11380.25
2025-05-05 18:05:00+09:00,2.434,2.447,2.434,2.44,18006.71
2025-05-05 18:10:00+09:00,2.44,2.44,2.433,2.434,4870.8
2025-05-05 18:15:00+09:00,2.434,2.44,2.433,2.44,1387.03
2025-05-05 18:20:00+09:00,2.439,2.445,2.439,2.444,2699.65
2025-05-05 18:25:00+09:00,2.445,2.446,2.441,2.442,13243.7
2025-05-05 18:30:00+09:00,2.442,2.446,2.437,2.437,9312.82
2025-05-05 18:35:00+09:00,2.437,2.438,2.434,2.437,4547.67
2025-05-05 18:40:00+09:00,2.436,2.44,2.432,2.439,11483.9
2025-05-05 18:45:00+09:00,2.439,2.439,2.435,2.436,3711.44
2025-05-05 18:50:00+09:00,2.437,2.439,2.435,2.435,1354.99
2025-05-05 18:55:00+09:00,2.434,2.434,2.426,2.429,15034.78
2025-05-05 19:00:00+09:00,2.429,2.43,2.421,2.422,12213.63
2025-05-05 19:05:00+09:00,2.422,2.422,2.415,2.417,9537.6
2025-05-05 19:10:00+09:00,2.416,2.419,2.41,2.412,24090.39
2025-05-05 19:15:00+09:00,2.411,2.413,2.401,2.406,35145.38
2025-05-05 19:20:00+09:00,2.405,2.407,2.398,2.402,6454.46
2025-05-05 19:25:00+09:00,2.402,2.406,2.396,2.398,22690.26
2025-05-05 19:30:00+09:00,2.399,2.406,2.399,2.403,6925.2
2025-05-05 19:35:00+09:00,2.402,2.402,2.384,2.385,42610.84
2025-05-05 19:40:00+09:00,2.387,2.392,2.384,2.388,11891.45
2025-05-05 19:45:00+09:00,2.387,2.39,2.37,2.373,44600.03
2025-05-05 19:50:00+09:00,2.372,2.385,2.372,2.385,6586.85
2025-05-05 19:55:00+09:00,2.386,2.39,2.386,2.39,8849.52
2025-05-05 20:00:00+09:00,2.39,2.403,2.39,2.401,6261.13
2025-05-05 20:05:00+09:00,2.402,2.405,2.398,2.402,41668.53
2025-05-05 20:10:00+09:00,2.402,2.406,2.397,2.406,25338.35
2025-05-05 20:15:00+09:00,2.405,2.41,2.402,2.405,10007.06
2025-05-05 20:20:00+09:00,2.405,2.407,2.386,2.391,34255.97
2025-05-05 20:25:00+09:00,2.391,2.392,2.382,2.385,8952.4
2025-05-05 20:30:00+09:00,2.384,2.384,2.37,2.373,49541.46
2025-05-05 20:35:00+09:00,2.374,2.378,2.37,2.37,21489.06
2025-05-05 20:40:00+09:00,2.371,2.379,2.37,2.375,13788.98
2025-05-05 20:45:00+09:00,2.375,2.381,2.375,2.377,25637.65
2025-05-05 20:50:00+09:00,2.377,2.382,2.377,2.381,13897.25
2025-05-05 20:55:00+09:00,2.382,2.384,2.379,2.38,6760.14
2025-05-05 21:00:00+09:00,2.381,2.381,2.365,2.366,49077.54
2025-05-05 21:05:00+09:00,2.368,2.384,2.366,2.382,8476.7
2025-05-05 21:10:00+09:00,2.383,2.386,2.377,2.386,4206.79
2025-05-05 21:15:00+09:00,2.384,2.385,2.377,2.38,9139.95
2025-05-05 21:20:00+09:00,2.38,2.388,2.375,2.387,13791.97
2025-05-05 21:25:00+09:00,2.388,2.392,2.387,2.387,12978.53
2025-05-05 21:30:00+09:00,2.386,2.389,2.381,2.382,4098.96
2025-05-05 21:35:00+09:00,2.383,2.39,2.382,2.39,5149.74
2025-05-05 21:40:00+09:00,2.39,2.39,2.381,2.382,13599.24
2025-05-05 21:45:00+09:00,2.381,2.382,2.375,2.382,7549.52
2025-05-05 21:50:00+09:00,2.381,2.383,2.372,2.375,5625.93
2025-05-05 21:55:00+09:00,2.374,2.381,2.374,2.381,1809.52
2025-05-05 22:00:00+09:00,2.38,2.388,2.377,2.387,4980.74
2025-05-05 22:05:00+09:00,2.388,2.391,2.368,2.37,15664.03
2025-05-05 22:10:00+09:00,2.369,2.376,2.369,2.371,16119.42
2025-05-05 22:15:00+09:00,2.372,2.379,2.364,2.379,6248.1
2025-05-05 22:20:00+09:00,2.38,2.384,2.377,2.381,6539.58
2025-05-05 22:25:00+09:00,2.379,2.382,2.372,2.373,1438.12
2025-05-05 22:30:00+09:00,2.373,2.377,2.355,2.37,27598.12
2025-05-05 22:35:00+09:00,2.37,2.379,2.36,2.362,8741.14
2025-05-05 22:40:00+09:00,2.362,2.367,2.355,2.365,20937.83
2025-05-05 22:45:00+09:00,2.365,2.371,2.363,2.37,9597.0
2025-05-05 22:50:00+09:00,2.369,2.374,2.363,2.367,9038.17
2025-05-05 22:55:00+09:00,2.368,2.386,2.368,2.383,15815.44
2025-05-05 23:00:00+09:00,2.384,2.399,2.384,2.384,22120.38
2025-05-05 23:05:00+09:00,2.383,2.387,2.373,2.384,5684.87
2025-05-05 23:10:00+09:00,2.385,2.387,2.379,2.381,8693.24
2025-05-05 23:15:00+09:00,2.382,2.391,2.376,2.388,8290.31
2025-05-05 23:20:00+09:00,2.388,2.391,2.372,2.377,15605.26
2025-05-05 23:25:00+09:00,2.378,2.383,2.377,2.383,13816.27
2025-05-05 23:30:00+09:00,2.383,2.383,2.374,2.374,1741.41
2025-05-05 23:35:00+09:00,2.374,2.387,2.371,2.387,3272.24
2025-05-05 23:40:00+09:00,2.387,2.391,2.386,2.388,6652.44
2025-05-05 23:45:00+09:00,2.388,2.393,2.388,2.39,6617.34
2025-05-05 23:50:00+09:00,2.39,2.394,2.381,2.383,11056.75
2025-05-05 23:55:00+09:00,2.384,2.389,2.384,2.389,4941.23
2025-05-06 00:00:00+09:00,2.388,2.393,2.384,2.392,1850.73
2025-05-06 00:05:00+09:00,2.39,2.391,2.377,2.377,7555.61
2025-05-06 00:10:00+09:00,2.378,2.387,2.378,2.386,5687.42
2025-05-06 00:15:00+09:00,2.385,2.385,2.375,2.381,7986.59
2025-05-06 00:20:00+09:00,2.382,2.39,2.382,2.388,6257.09
2025-05-06 00:25:00+09:00,2.386,2.386,2.38,2.38,3253.88
2025-05-06 00:30:00+09:00,2.38,2.383,2.372,2.372,3241.07
2025-05-06 00:35:00+09:00,2.372,2.379,2.372,2.373,3600.23
2025-05-06 00:40:00+09:00,2.372,2.377,2.362,2.364,7062.36
2025-05-06 00:45:00+09:00,2.364,2.365,2.352,2.356,26654.78
2025-05-06 00:50:00+09:00,2.357,2.368,2.357,2.368,2846.85
2025-05-06 00:55:00+09:00,2.367,2.368,2.36,2.367,4734.82
2025-05-06 01:00:00+09:00,2.369,2.375,2.366,2.373,13001.61
2025-05-06 01:05:00+09:00,2.374,2.378,2.371,2.371,2539.87
2025-05-06 01:10:00+09:00,2.372,2.383,2.372,2.376,12600.88
2025-05-06 01:15:00+09:00,2.377,2.391,2.377,2.389,6500.14
2025-05-06 01:20:00+09:00,2.389,2.392,2.385,2.389,2504.59
2025-05-06 01:25:00+09:00,2.389,2.395,2.387,2.389,19069.42
2025-05-06 01:30:00+09:00,2.388,2.394,2.387,2.392,9410.91
2025-05-06 01:35:00+09:00,2.391,2.397,2.388,2.395,15328.81
2025-05-06 01:40:00+09:00,2.395,2.397,2.39,2.395,9657.79
2025-05-06 01:45:00+09:00,2.396,2.399,2.392,2.395,8431.76
2025-05-06 01:50:00+09:00,2.396,2.397,2.383,2.384,8458.97
2025-05-06 01:55:00+09:00,2.385,2.388,2.381,2.383,12931.06
2025-05-06 02:00:00+09:00,2.384,2.387,2.376,2.386,7685.48
2025-05-06 02:05:00+09:00,2.385,2.385,2.372,2.374,5188.58
2025-05-06 02:10:00+09:00,2.374,2.381,2.37,2.373,6742.33
2025-05-06 02:15:00+09:00,2.371,2.377,2.369,2.377,2980.35
2025-05-06 02:20:00+09:00,2.377,2.388,2.377,2.388,4478.03
2025-05-06 02:25:00+09:00,2.388,2.393,2.386,2.388,8954.05
2025-05-06 02:30:00+09:00,2.387,2.396,2.387,2.393,8124.53
2025-05-06 02:35:00+09:00,2.394,2.396,2.387,2.393,10435.1
2025-05-06 02:40:00+09:00,2.393,2.398,2.391,2.394,5298.91
2025-05-06 02:45:00+09:00,2.393,2.398,2.392,2.394,3535.08
2025-05-06 02:50:00+09:00,2.395,2.397,2.392,2.394,2980.15
2025-05-06 02:55:00+09:00,2.395,2.398,2.383,2.383,22806.22
2025-05-06 03:00:00+09:00,2.384,2.393,2.382,2.393,5636.67
2025-05-06 03:05:00+09:00,2.391,2.398,2.391,2.394,1179.36
2025-05-06 03:10:00+09:00,2.395,2.398,2.393,2.397,9555.49
2025-05-06 03:15:00+09:00,2.397,2.398,2.391,2.394,12343.2
2025-05-06 03:20:00+09:00,2.394,2.395,2.391,2.391,7533.4
2025-05-06 03:25:00+09:00,2.391,2.393,2.39,2.393,3490.16
2025-05-06 03:30:00+09:00,2.393,2.405,2.391,2.403,16769.7
2025-05-06 03:35:00+09:00,2.402,2.414,2.402,2.408,31085.22
2025-05-06 03:40:00+09:00,2.408,2.414,2.407,2.413,3052.29
2025-05-06 03:45:00+09:00,2.412,2.415,2.405,2.407,17281.26
2025-05-06 03:50:00+09:00,2.408,2.408,2.4,2.4,5127.77
2025-05-06 03:55:00+09:00,2.401,2.403,2.399,2.4,2836.47
2025-05-06 04:00:00+09:00,2.4,2.412,2.398,2.41,8862.63
2025-05-06 04:05:00+09:00,2.409,2.41,2.404,2.406,4152.33
2025-05-06 04:10:00+09:00,2.406,2.406,2.4,2.401,4963.08
2025-05-06 04:15:00+09:00,2.402,2.405,2.398,2.399,7641.13
2025-05-06 04:20:00+09:00,2.399,2.404,2.392,2.392,11764.83
2025-05-06 04:25:00+09:00,2.391,2.391,2.386,2.389,8004.39
2025-05-06 04:30:00+09:00,2.388,2.392,2.381,2.383,11450.8
2025-05-06 04:35:00+09:00,2.382,2.386,2.372,2.372,10739.12
2025-05-06 04:40:00+09:00,2.373,2.375,2.368,2.369,6446.54
2025-05-06 04:45:00+09:00,2.37,2.394,2.37,2.39,242869.85
2025-05-06 04:50:00+09:00,2.39,2.392,2.379,2.379,7152.55
2025-05-06 04:55:00+09:00,2.378,2.378,2.37,2.373,5802.98
2025-05-06 05:00:00+09:00,2.374,2.377,2.365,2.367,10659.29
2025-05-06 05:05:00+09:00,2.366,2.366,2.356,2.356,26346.57
2025-05-06 05:10:00+09:00,2.356,2.358,2.345,2.351,73655.02
2025-05-06 05:15:00+09:00,2.35,2.364,2.35,2.357,6863.86
2025-05-06 05:20:00+09:00,2.356,2.357,2.348,2.354,6194.64
2025-05-06 05:25:00+09:00,2.356,2.36,2.355,2.357,5252.24
2025-05-06 05:30:00+09:00,2.357,2.357,2.321,2.323,57994.7
2025-05-06 05:35:00+09:00,2.325,2.334,2.317,2.332,92274.65
2025-05-06 05:40:00+09:00,2.333,2.336,2.33,2.333,11717.67
2025-05-06 05:45:00+09:00,2.334,2.34,2.329,2.338,13542.99
2025-05-06 05:50:00+09:00,2.337,2.349,2.336,2.349,22393.03
2025-05-06 05:55:00+09:00,2.349,2.352,2.348,2.351,7033.32
2025-05-06 06:00:00+09:00,2.351,2.36,2.347,2.358,6442.81
2025-05-06 06:05:00+09:00,2.357,2.358,2.353,2.357,6108.69
2025-05-06 06:10:00+09:00,2.357,2.365,2.357,2.365,9342.35
2025-05-06 06:15:00+09:00,2.365,2.365,2.354,2.359,26603.73
2025-05-06 06:20:00+09:00,2.359,2.366,2.359,2.362,14614.5
2025-05-06 06:25:00+09:00,2.364,2.368,2.364,2.365,3357.23
2025-05-06 06:30:00+09:00,2.365,2.365,2.346,2.353,7649.78
2025-05-06 06:35:00+09:00,2.353,2.36,2.352,2.36,7391.56
2025-05-06 06:40:00+09:00,2.359,2.362,2.355,2.359,5071.53
2025-05-06 06:45:00+09:00,2.359,2.36,2.358,2.36,5830.75
2025-05-06 06:50:00+09:00,2.36,2.376,2.36,2.371,14992.91
2025-05-06 06:55:00+09:00,2.372,2.373,2.364,2.369,8194.29
2025-05-06 07:00:00+09:00,2.367,2.376,2.366,2.366,9429.52
2025-05-06 07:05:00+09:00,2.366,2.368,2.364,2.368,2237.58
2025-05-06 07:10:00+09:00,2.369,2.371,2.367,2.371,7572.83
2025-05-06 07:15:00+09:00,2.372,2.379,2.372,2.377,9985.54
2025-05-06 07:20:00+09:00,2.376,2.379,2.371,2.371,15470.56
2025-05-06 07:25:00+09:00,2.371,2.373,2.369,2.371,9375.17
2025-05-06 07:30:00+09:00,2.372,2.376,2.37,2.372,7610.6
2025-05-06 07:35:00+09:00,2.373,2.385,2.373,2.385,2592.48
2025-05-06 07:40:00+09:00,2.385,2.391,2.382,2.389,12133.99
2025-05-06 07:45:00+09:00,2.389,2.395,2.383,2.395,29571.15
2025-05-06 07:50:00+09:00,2.394,2.394,2.387,2.389,10131.33
2025-05-06 07:55:00+09:00,2.389,2.389,2.381,2.381,12292.85
2025-05-06 08:00:00+09:00,2.383,2.385,2.38,2.38,7399.36
2025-05-06 08:05:00+09:00,2.379,2.381,2.376,2.377,19271.81
2025-05-06 08:10:00+09:00,2.377,2.38,2.375,2.377,32450.87
2025-05-06 08:15:00+09:00,2.376,2.38,2.376,2.378,5890.78
2025-05-06 08:20:00+09:00,2.378,2.382,2.377,2.377,10528.02
2025-05-06 08:25:00+09:00,2.377,2.378,2.366,2.37,15541.09
2025-05-06 08:30:00+09:00,2.37,2.372,2.364,2.364,14217.76
2025-05-06 08:35:00+09:00,2.364,2.366,2.362,2.363,1239.83
2025-05-06 08:40:00+09:00,2.363,2.365,2.359,2.365,17807.82
2025-05-06 08:45:00+09:00,2.364,2.364,2.36,2.361,2558.77
2025-05-06 08:50:00+09:00,2.36,2.361,2.355,2.359,10610.85
2025-05-06 08:55:00+09:00,2.36,2.361,2.357,2.357,2260.36
2025-05-06 09:00:00+09:00,2.358,2.359,2.352,2.354,15728.13
2025-05-06 09:05:00+09:00,2.355,2.361,2.354,2.354,4955.6
2025-05-06 09:10:00+09:00,2.354,2.356,2.344,2.344,22065.27
2025-05-06 09:15:00+09:00,2.344,2.346,2.331,2.337,19602.27
2025-05-06 09:20:00+09:00,2.337,2.345,2.333,2.345,40595.23
2025-05-06 09:25:00+09:00,2.345,2.35,2.344,2.349,15308.02
2025-05-06 09:30:00+09:00,2.349,2.349,2.337,2.338,26574.41
2025-05-06 09:35:00+09:00,2.338,2.338,2.332,2.335,36648.56
2025-05-06 09:40:00+09:00,2.334,2.339,2.33,2.332,12456.24
2025-05-06 09:45:00+09:00,2.332,2.334,2.329,2.331,4431.23
2025-05-06 09:50:00+09:00,2.332,2.336,2.328,2.33,8745.64
2025-05-06 09:55:00+09:00,2.33,2.34,2.33,2.338,2440.21
2025-05-06 10:00:00+09:00,2.337,2.343,2.334,2.334,4744.68
2025-05-06 10:05:00+09:00,2.333,2.333,2.326,2.332,25028.91
2025-05-06 10:10:00+09:00,2.332,2.349,2.332,2.348,2843.12
2025-05-06 10:15:00+09:00,2.348,2.355,2.348,2.35,8455.37
2025-05-06 10:20:00+09:00,2.35,2.36,2.349,2.357,6311.42
2025-05-06 10:25:00+09:00,2.357,2.358,2.347,2.348,6111.4
2025-05-06 10:30:00+09:00,2.349,2.351,2.344,2.347,7106.04
2025-05-06 10:35:00+09:00,2.347,2.348,2.334,2.334,17092.66
2025-05-06 10:40:00+09:00,2.334,2.341,2.329,2.329,10693.84
2025-05-06 10:45:00+09:00,2.329,2.334,2.329,2.333,11034.55
2025-05-06 10:50:00+09:00,2.333,2.341,2.332,2.332,3667.91
2025-05-06 10:55:00+09:00,2.331,2.341,2.331,2.336,8091.7
2025-05-06 11:00:00+09:00,2.335,2.344,2.335,2.342,1500.36
2025-05-06 11:05:00+09:00,2.342,2.342,2.331,2.335,15963.85
2025-05-06 11:10:00+09:00,2.334,2.337,2.326,2.328,19529.47
2025-05-06 11:15:00+09:00,2.327,2.331,2.323,2.328,53649.24
2025-05-06 11:20:00+09:00,2.329,2.335,2.325,2.334,42200.38
2025-05-06 11:25:00+09:00,2.333,2.337,2.329,2.331,15752.64
2025-05-06 11:30:00+09:00,2.33,2.347,2.329,2.341,14299.38
2025-05-06 11:35:00+09:00,2.343,2.349,2.34,2.346,4063.61
2025-05-06 11:40:00+09:00,2.346,2.351,2.344,2.347,10867.37
2025-05-06 11:45:00+09:00,2.346,2.355,2.346,2.355,8306.94
2025-05-06 11:50:00+09:00,2.356,2.358,2.352,2.352,9905.63
2025-05-06 11:55:00+09:00,2.352,2.357,2.35,2.355,24893.75
2025-05-06 12:00:00+09:00,2.356,2.357,2.35,2.351,5644.94
2025-05-06 12:05:00+09:00,2.35,2.355,2.35,2.35,6691.7
2025-05-06 12:10:00+09:00,2.351,2.355,2.35,2.35,6000.05
2025-05-06 12:15:00+09:00,2.352,2.36,2.352,2.358,4239.97
2025-05-06 12:20:00+09:00,2.359,2.362,2.356,2.36,7082.26
2025-05-06 12:25:00+09:00,2.359,2.379,2.359,2.378,56718.88
2025-05-06 12:30:00+09:00,2.379,2.383,2.373,2.376,10545.27
2025-05-06 12:35:00+09:00,2.375,2.378,2.373,2.373,7198.49
2025-05-06 12:40:00+09:00,2.373,2.381,2.373,2.378,2495.55
2025-05-06 12:45:00+09:00,2.377,2.377,2.371,2.373,10814.94
2025-05-06 12:50:00+09:00,2.373,2.373,2.368,2.369,6624.57
2025-05-06 12:55:00+09:00,2.369,2.377,2.368,2.373,44633.68
2025-05-06 13:00:00+09:00,2.373,2.377,2.371,2.374,831.68
2025-05-06 13:05:00+09:00,2.373,2.378,2.372,2.373,1361.75
2025-05-06 13:10:00+09:00,2.372,2.375,2.37,2.371,6942.53
2025-05-06 13:15:00+09:00,2.371,2.382,2.371,2.381,5586.63
2025-05-06 13:20:00+09:00,2.382,2.386,2.382,2.386,11141.45
2025-05-06 13:25:00+09:00,2.387,2.387,2.38,2.381,13228.12
2025-05-06 13:30:00+09:00,2.381,2.385,2.377,2.384,6364.63
2025-05-06 13:35:00+09:00,2.382,2.382,2.377,2.377,6177.32
2025-05-06 13:40:00+09:00,2.379,2.38,2.375,2.377,2355.11
2025-05-06 13:45:00+09:00,2.377,2.381,2.375,2.376,2129.67
2025-05-06 13:50:00+09:00,2.376,2.376,2.372,2.374,548.18
2025-05-06 13:55:00+09:00,2.373,2.375,2.371,2.372,1961.95
2025-05-06 14:00:00+09:00,2.372,2.376,2.37,2.371,3584.26
2025-05-06 14:05:00+09:00,2.37,2.378,2.368,2.376,14396.04
2025-05-06 14:10:00+09:00,2.378,2.379,2.373,2.375,5795.61
2025-05-06 14:15:00+09:00,2.375,2.38,2.372,2.372,11025.72
2025-05-06 14:20:00+09:00,2.372,2.372,2.364,2.365,6834.6
2025-05-06 14:25:00+09:00,2.365,2.369,2.364,2.369,2577.61
2025-05-06 14:30:00+09:00,2.369,2.37,2.364,2.367,7356.05
2025-05-06 14:35:00+09:00,2.366,2.367,2.364,2.365,2243.92
2025-05-06 14:40:00+09:00,2.364,2.371,2.363,2.366,2863.28
2025-05-06 14:45:00+09:00,2.367,2.371,2.367,2.37,15323.44
2025-05-06 14:50:00+09:00,2.37,2.37,2.364,2.365,4513.42
2025-05-06 14:55:00+09:00,2.366,2.371,2.363,2.364,19851.34
2025-05-06 15:00:00+09:00,2.365,2.373,2.365,2.373,7224.02
2025-05-06 15:05:00+09:00,2.373,2.387,2.373,2.384,75784.73
2025-05-06 15:10:00+09:00,2.382,2.385,2.379,2.38,11221.49
2025-05-06 15:15:00+09:00,2.38,2.384,2.376,2.384,7681.6
2025-05-06 15:20:00+09:00,2.385,2.394,2.383,2.384,61206.33
2025-05-06 15:25:00+09:00,2.385,2.386,2.382,2.384,5770.86
2025-05-06 15:30:00+09:00,2.385,2.389,2.381,2.387,15576.46
2025-05-06 15:35:00+09:00,2.386,2.397,2.386,2.39,8387.4
2025-05-06 15:40:00+09:00,2.39,2.39,2.387,2.388,4943.54
2025-05-06 15:45:00+09:00,2.389,2.393,2.384,2.388,8035.82
2025-05-06 15:50:00+09:00,2.388,2.389,2.385,2.387,3166.2
2025-05-06 15:55:00+09:00,2.387,2.391,2.385,2.39,8822.74
2025-05-06 16:00:00+09:00,2.39,2.395,2.389,2.393,5482.65
2025-05-06 16:05:00+09:00,2.393,2.394,2.389,2.39,2764.27
2025-05-06 16:10:00+09:00,2.391,2.394,2.386,2.387,12654.5
2025-05-06 16:15:00+09:00,2.386,2.386,2.376,2.377,53850.02
2025-05-06 16:20:00+09:00,2.378,2.381,2.378,2.378,12213.1
2025-05-06 16:25:00+09:00,2.377,2.379,2.376,2.378,3040.5
2025-05-06 16:30:00+09:00,2.378,2.393,2.378,2.386,7900.7
2025-05-06 16:35:00+09:00,2.388,2.396,2.385,2.385,14405.58
2025-05-06 16:40:00+09:00,2.385,2.395,2.385,2.395,7146.12
2025-05-06 16:45:00+09:00,2.394,2.395,2.387,2.387,6048.81
2025-05-06 16:50:00+09:00,2.387,2.39,2.387,2.387,6440.09
2025-05-06 16:55:00+09:00,2.386,2.392,2.386,2.387,4048.12
2025-05-06 17:00:00+09:00,2.387,2.389,2.372,2.376,25195.06
2025-05-06 17:05:00+09:00,2.375,2.38,2.37,2.372,10268.56
2025-05-06 17:10:00+09:00,2.373,2.375,2.368,2.372,34285.95
2025-05-06 17:15:00+09:00,2.372,2.372,2.361,2.361,7255.33
2025-05-06 17:20:00+09:00,2.361,2.364,2.352,2.361,13686.61
2025-05-06 17:25:00+09:00,2.361,2.369,2.358,2.369,8006.89
2025-05-06 17:30:00+09:00,2.37,2.38,2.37,2.378,5141.65
2025-05-06 17:35:00+09:00,2.379,2.383,2.377,2.377,6076.7
2025-05-06 17:40:00+09:00,2.376,2.38,2.374,2.379,14223.46
2025-05-06 17:45:00+09:00,2.378,2.381,2.374,2.374,2870.11
2025-05-06 17:50:00+09:00,2.374,2.382,2.374,2.379,8213.55
2025-05-06 17:55:00+09:00,2.379,2.381,2.378,2.381,4825.75
2025-05-06 18:00:00+09:00,2.38,2.382,2.375,2.377,2687.8
2025-05-06 18:05:00+09:00,2.377,2.382,2.377,2.381,1881.21
2025-05-06 18:10:00+09:00,2.381,2.381,2.371,2.375,8072.31
2025-05-06 18:15:00+09:00,2.373,2.374,2.367,2.368,5641.55
2025-05-06 18:20:00+09:00,2.368,2.37,2.367,2.367,4334.17
2025-05-06 18:25:00+09:00,2.368,2.372,2.365,2.371,2749.93
2025-05-06 18:30:00+09:00,2.371,2.374,2.365,2.369,8080.51
2025-05-06 18:35:00+09:00,2.368,2.37,2.357,2.36,5863.57
2025-05-06 18:40:00+09:00,2.358,2.359,2.349,2.351,8711.3
2025-05-06 18:45:00+09:00,2.35,2.359,2.346,2.358,12706.49
2025-05-06 18:50:00+09:00,2.356,2.361,2.354,2.361,1810.7
2025-05-06 18:55:00+09:00,2.362,2.365,2.362,2.364,7429.51
2025-05-06 19:00:00+09:00,2.362,2.362,2.349,2.349,7102.33
2025-05-06 19:05:00+09:00,2.349,2.351,2.344,2.347,54465.92
2025-05-06 19:10:00+09:00,2.346,2.346,2.338,2.341,15482.14
2025-05-06 19:15:00+09:00,2.342,2.351,2.34,2.35,6776.14
2025-05-06 19:20:00+09:00,2.351,2.353,2.332,2.338,43442.09
2025-05-06 19:25:00+09:00,2.338,2.342,2.335,2.336,12586.04
2025-05-06 19:30:00+09:00,2.337,2.343,2.333,2.343,17634.6
2025-05-06 19:35:00+09:00,2.342,2.346,2.332,2.332,7909.61
2025-05-06 19:40:00+09:00,2.332,2.334,2.313,2.315,82100.56
2025-05-06 19:45:00+09:00,2.316,2.323,2.311,2.319,30291.63
2025-05-06 19:50:00+09:00,2.318,2.332,2.318,2.331,35271.02
2025-05-06 19:55:00+09:00,2.331,2.332,2.322,2.323,34912.36
2025-05-06 20:00:00+09:00,2.322,2.331,2.319,2.329,7923.17
2025-05-06 20:05:00+09:00,2.33,2.333,2.327,2.332,8442.38
2025-05-06 20:10:00+09:00,2.331,2.34,2.331,2.336,15509.59
2025-05-06 20:15:00+09:00,2.335,2.339,2.333,2.337,8589.94
2025-05-06 20:20:00+09:00,2.338,2.342,2.337,2.339,6499.48
2025-05-06 20:25:00+09:00,2.339,2.341,2.334,2.336,7899.71
2025-05-06 20:30:00+09:00,2.337,2.34,2.323,2.324,17106.09
2025-05-06 20:35:00+09:00,2.325,2.335,2.32,2.325,10085.21
2025-05-06 20:40:00+09:00,2.324,2.326,2.316,2.325,11878.97
2025-05-06 20:45:00+09:00,2.326,2.33,2.32,2.323,12258.83
2025-05-06 20:50:00+09:00,2.324,2.324,2.298,2.305,68149.05
2025-05-06 20:55:00+09:00,2.306,2.322,2.305,2.322,28608.08
2025-05-06 21:00:00+09:00,2.322,2.323,2.309,2.322,8153.47
2025-05-06 21:05:00+09:00,2.321,2.334,2.321,2.333,17957.34
2025-05-06 21:10:00+09:00,2.333,2.335,2.327,2.33,8525.47
2025-05-06 21:15:00+09:00,2.33,2.331,2.322,2.331,10852.63
2025-05-06 21:20:00+09:00,2.332,2.332,2.322,2.323,8596.42
2025-05-06 21:25:00+09:00,2.324,2.328,2.318,2.322,13091.02
2025-05-06 21:30:00+09:00,2.324,2.332,2.323,2.328,13879.2
2025-05-06 21:35:00+09:00,2.328,2.333,2.322,2.332,44493.36
2025-05-06 21:40:00+09:00,2.331,2.333,2.327,2.332,14858.17
2025-05-06 21:45:00+09:00,2.331,2.335,2.32,2.332,10929.53
2025-05-06 21:50:00+09:00,2.332,2.336,2.33,2.332,6208.23
2025-05-06 21:55:00+09:00,2.332,2.342,2.332,2.342,17478.69
2025-05-06 22:00:00+09:00,2.343,2.343,2.332,2.332,15321.44
2025-05-06 22:05:00+09:00,2.332,2.333,2.325,2.327,5673.09
2025-05-06 22:10:00+09:00,2.327,2.336,2.325,2.334,19907.72
2025-05-06 22:15:00+09:00,2.335,2.342,2.333,2.342,11004.19
2025-05-06 22:20:00+09:00,2.341,2.342,2.334,2.337,12836.07
2025-05-06 22:25:00+09:00,2.337,2.34,2.32,2.32,30614.35
2025-05-06 22:30:00+09:00,2.32,2.335,2.319,2.326,16845.29
2025-05-06 22:35:00+09:00,2.327,2.337,2.325,2.337,10389.2
2025-05-06 22:40:00+09:00,2.336,2.346,2.333,2.343,20451.94
2025-05-06 22:45:00+09:00,2.342,2.343,2.327,2.332,13096.21
2025-05-06 22:50:00+09:00,2.33,2.33,2.317,2.326,27798.48
2025-05-06 22:55:00+09:00,2.327,2.368,2.327,2.347,82556.9
2025-05-06 23:00:00+09:00,2.346,2.356,2.341,2.343,81054.75
2025-05-06 23:05:00+09:00,2.345,2.362,2.345,2.361,14926.05
2025-05-06 23:10:00+09:00,2.36,2.367,2.348,2.349,78218.94
2025-05-06 23:15:00+09:00,2.35,2.362,2.345,2.355,296508.19
2025-05-06 23:20:00+09:00,2.356,2.367,2.353,2.356,44676.49
2025-05-06 23:25:00+09:00,2.357,2.358,2.35,2.356,13339.6
2025-05-06 23:30:00+09:00,2.357,2.36,2.35,2.358,5892.56
2025-05-06 23:35:00+09:00,2.357,2.361,2.35,2.351,23746.62
2025-05-06 23:40:00+09:00,2.35,2.352,2.348,2.35,3615.3
2025-05-06 23:45:00+09:00,2.349,2.349,2.341,2.347,16004.46
2025-05-06 23:50:00+09:00,2.346,2.347,2.33,2.335,17234.55
2025-05-06 23:55:00+09:00,2.335,2.34,2.335,2.337,11911.99
2025-05-07 00:00:00+09:00,2.336,2.341,2.334,2.339,11133.46
2025-05-07 00:05:00+09:00,2.338,2.339,2.33,2.33,10422.87
2025-05-07 00:10:00+09:00,2.33,2.34,2.329,2.34,14299.47
2025-05-07 00:15:00+09:00,2.34,2.347,2.334,2.347,6361.28
2025-05-07 00:20:00+09:00,2.347,2.349,2.338,2.348,16491.27
2025-05-07 00:25:00+09:00,2.348,2.352,2.346,2.347,5628.54
2025-05-07 00:30:00+09:00,2.348,2.351,2.341,2.351,5407.38
2025-05-07 00:35:00+09:00,2.35,2.351,2.344,2.348,12436.81
2025-05-07 00:40:00+09:00,2.347,2.349,2.338,2.339,6479.07
2025-05-07 00:45:00+09:00,2.339,2.34,2.334,2.337,5313.88
2025-05-07 00:50:00+09:00,2.337,2.338,2.327,2.328,22606.84
2025-05-07 00:55:00+09:00,2.328,2.333,2.328,2.331,8512.93
2025-05-07 01:00:00+09:00,2.331,2.331,2.322,2.325,9003.84
2025-05-07 01:05:00+09:00,2.326,2.333,2.316,2.316,9430.82
2025-05-07 01:10:00+09:00,2.316,2.343,2.315,2.342,33280.12
2025-05-07 01:15:00+09:00,2.342,2.344,2.332,2.341,10748.61
2025-05-07 01:20:00+09:00,2.34,2.342,2.328,2.328,14200.96
2025-05-07 01:25:00+09:00,2.328,2.338,2.328,2.337,2844.06
2025-05-07 01:30:00+09:00,2.336,2.348,2.334,2.344,3226.08
2025-05-07 01:35:00+09:00,2.344,2.35,2.341,2.35,13425.34
2025-05-07 01:40:00+09:00,2.349,2.353,2.339,2.339,4358.02
2025-05-07 01:45:00+09:00,2.338,2.345,2.336,2.339,4200.25
2025-05-07 01:50:00+09:00,2.339,2.342,2.334,2.341,4730.13
2025-05-07 01:55:00+09:00,2.341,2.341,2.331,2.335,17400.73
2025-05-07 02:00:00+09:00,2.334,2.344,2.332,2.336,47405.35
2025-05-07 02:05:00+09:00,2.337,2.349,2.337,2.348,4824.83
2025-05-07 02:10:00+09:00,2.347,2.352,2.343,2.35,13133.03
2025-05-07 02:15:00+09:00,2.351,2.359,2.351,2.359,14487.36
2025-05-07 02:20:00+09:00,2.36,2.363,2.351,2.359,5708.34
2025-05-07 02:25:00+09:00,2.359,2.361,2.355,2.355,11713.71
2025-05-07 02:30:00+09:00,2.356,2.359,2.355,2.357,6065.58
2025-05-07 02:35:00+09:00,2.357,2.363,2.349,2.349,3561.74
2025-05-07 02:40:00+09:00,2.349,2.35,2.339,2.341,3530.81
2025-05-07 02:45:00+09:00,2.339,2.344,2.338,2.344,5095.38
2025-05-07 02:50:00+09:00,2.344,2.347,2.342,2.346,8961.99
2025-05-07 02:55:00+09:00,2.346,2.349,2.345,2.348,2756.28
2025-05-07 03:00:00+09:00,2.348,2.353,2.346,2.353,9140.54
2025-05-07 03:05:00+09:00,2.353,2.362,2.348,2.361,6551.99
2025-05-07 03:10:00+09:00,2.361,2.361,2.352,2.356,4352.47
2025-05-07 03:15:00+09:00,2.356,2.363,2.356,2.36,5930.54
2025-05-07 03:20:00+09:00,2.361,2.365,2.359,2.363,6722.1
2025-05-07 03:25:00+09:00,2.366,2.371,2.366,2.368,4736.19
2025-05-07 03:30:00+09:00,2.368,2.369,2.364,2.364,3958.32
2025-05-07 03:35:00+09:00,2.363,2.367,2.362,2.365,8886.24
2025-05-07 03:40:00+09:00,2.366,2.367,2.361,2.361,7874.43
2025-05-07 03:45:00+09:00,2.362,2.365,2.359,2.365,46924.66
2025-05-07 03:50:00+09:00,2.366,2.375,2.364,2.374,33764.1
2025-05-07 03:55:00+09:00,2.374,2.384,2.373,2.38,20006.23
2025-05-07 04:00:00+09:00,2.381,2.391,2.379,2.381,49547.92
2025-05-07 04:05:00+09:00,2.381,2.382,2.374,2.374,7879.26
2025-05-07 04:10:00+09:00,2.374,2.376,2.373,2.376,1917.27
2025-05-07 04:15:00+09:00,2.377,2.378,2.373,2.374,3866.86
2025-05-07 04:20:00+09:00,2.374,2.382,2.374,2.382,2715.51
2025-05-07 04:25:00+09:00,2.383,2.387,2.382,2.383,12535.03
2025-05-07 04:30:00+09:00,2.383,2.391,2.381,2.388,13066.61
2025-05-07 04:35:00+09:00,2.387,2.388,2.383,2.384,3923.73
2025-05-07 04:40:00+09:00,2.385,2.392,2.385,2.39,5070.55
2025-05-07 04:45:00+09:00,2.39,2.391,2.382,2.382,2887.5
2025-05-07 04:50:00+09:00,2.382,2.382,2.369,2.371,32370.01
2025-05-07 04:55:00+09:00,2.37,2.373,2.368,2.368,4638.98
2025-05-07 05:00:00+09:00,2.368,2.37,2.366,2.369,6197.06
2025-05-07 05:05:00+09:00,2.37,2.375,2.368,2.369,6228.4
2025-05-07 05:10:00+09:00,2.369,2.374,2.368,2.371,6012.91
2025-05-07 05:15:00+09:00,2.372,2.374,2.368,2.369,3130.42
2025-05-07 05:20:00+09:00,2.369,2.369,2.358,2.36,9933.77
2025-05-07 05:25:00+09:00,2.36,2.362,2.352,2.352,7935.41
2025-05-07 05:30:00+09:00,2.355,2.355,2.343,2.344,18452.53
2025-05-07 05:35:00+09:00,2.344,2.344,2.329,2.335,33624.22
2025-05-07 05:40:00+09:00,2.335,2.338,2.33,2.337,9620.55
2025-05-07 05:45:00+09:00,2.337,2.338,2.327,2.329,10162.85
2025-05-07 05:50:00+09:00,2.327,2.33,2.321,2.327,17219.58
2025-05-07 05:55:00+09:00,2.327,2.329,2.323,2.325,5410.49
2025-05-07 06:00:00+09:00,2.325,2.333,2.325,2.333,6244.2
2025-05-07 06:05:00+09:00,2.333,2.336,2.332,2.332,8699.32
2025-05-07 06:10:00+09:00,2.332,2.332,2.315,2.318,21899.35
2025-05-07 06:15:00+09:00,2.318,2.322,2.317,2.321,9793.45
2025-05-07 06:20:00+09:00,2.322,2.322,2.306,2.309,15035.27
2025-05-07 06:25:00+09:00,2.308,2.308,2.277,2.28,134037.98
2025-05-07 06:30:00+09:00,2.282,2.294,2.279,2.289,59201.41
2025-05-07 06:35:00+09:00,2.288,2.295,2.268,2.292,54073.4
2025-05-07 06:40:00+09:00,2.291,2.301,2.288,2.298,4666.49
2025-05-07 06:45:00+09:00,2.297,2.312,2.296,2.308,12625.36
2025-05-07 06:50:00+09:00,2.31,2.324,2.31,2.321,11544.71
2025-05-07 06:55:00+09:00,2.32,2.323,2.313,2.316,11418.16
2025-05-07 07:00:00+09:00,2.316,2.361,2.316,2.347,105253.71
2025-05-07 07:05:00+09:00,2.348,2.361,2.348,2.35,35728.26
2025-05-07 07:10:00+09:00,2.349,2.352,2.341,2.347,11331.96
2025-05-07 07:15:00+09:00,2.347,2.361,2.347,2.361,14653.25
2025-05-07 07:20:00+09:00,2.361,2.363,2.356,2.358,22714.6
2025-05-07 07:25:00+09:00,2.36,2.367,2.358,2.367,11264.09
2025-05-07 07:30:00+09:00,2.367,2.373,2.356,2.361,14661.0
2025-05-07 07:35:00+09:00,2.36,2.363,2.358,2.362,5224.67
2025-05-07 07:40:00+09:00,2.363,2.377,2.363,2.373,8733.87
2025-05-07 07:45:00+09:00,2.374,2.375,2.366,2.373,12382.6
2025-05-07 07:50:00+09:00,2.373,2.379,2.368,2.372,56183.23
2025-05-07 07:55:00+09:00,2.373,2.374,2.368,2.371,11748.28
2025-05-07 08:00:00+09:00,2.371,2.371,2.357,2.359,14387.72
2025-05-07 08:05:00+09:00,2.361,2.361,2.349,2.354,13958.8
2025-05-07 08:10:00+09:00,2.353,2.358,2.345,2.355,40117.71
2025-05-07 08:15:00+09:00,2.356,2.362,2.355,2.362,4833.24
2025-05-07 08:20:00+09:00,2.363,2.369,2.363,2.367,19159.89
2025-05-07 08:25:00+09:00,2.367,2.371,2.366,2.367,6506.34
2025-05-07 08:30:00+09:00,2.368,2.368,2.36,2.361,8849.56
2025-05-07 08:35:00+09:00,2.36,2.362,2.358,2.362,3056.33
2025-05-07 08:40:00+09:00,2.361,2.368,2.359,2.368,6165.66
2025-05-07 08:45:00+09:00,2.368,2.37,2.362,2.365,12334.13
2025-05-07 08:50:00+09:00,2.364,2.365,2.358,2.362,8834.87
2025-05-07 08:55:00+09:00,2.362,2.364,2.354,2.358,6621.22
2025-05-07 09:00:00+09:00,2.358,2.364,2.347,2.356,41776.28
2025-05-07 09:05:00+09:00,2.357,2.364,2.353,2.358,6064.56
2025-05-07 09:10:00+09:00,2.359,2.365,2.354,2.362,7133.14
2025-05-07 09:15:00+09:00,2.363,2.366,2.36,2.364,11994.36
2025-05-07 09:20:00+09:00,2.365,2.383,2.365,2.376,16223.41
2025-05-07 09:25:00+09:00,2.376,2.38,2.368,2.376,17616.35
2025-05-07 09:30:00+09:00,2.377,2.38,2.369,2.371,16702.82
2025-05-07 09:35:00+09:00,2.371,2.383,2.371,2.378,4605.64
2025-05-07 09:40:00+09:00,2.379,2.392,2.379,2.391,47571.34
2025-05-07 09:45:00+09:00,2.391,2.392,2.383,2.389,46884.52
2025-05-07 09:50:00+09:00,2.388,2.395,2.385,2.392,28330.04
2025-05-07 09:55:00+09:00,2.392,2.395,2.388,2.394,8151.44
2025-05-07 10:00:00+09:00,2.395,2.4,2.391,2.398,10103.22
2025-05-07 10:05:00+09:00,2.399,2.399,2.388,2.39,10553.07
2025-05-07 10:10:00+09:00,2.391,2.399,2.391,2.398,18545.4
2025-05-07 10:15:00+09:00,2.398,2.399,2.389,2.397,17541.46
2025-05-07 10:20:00+09:00,2.398,2.399,2.388,2.389,21166.92
2025-05-07 10:25:00+09:00,2.39,2.395,2.387,2.394,5846.16
2025-05-07 10:30:00+09:00,2.393,2.394,2.388,2.394,10595.61
2025-05-07 10:35:00+09:00,2.394,2.395,2.389,2.389,10641.29
2025-05-07 10:40:00+09:00,2.39,2.394,2.383,2.388,5283.04
2025-05-07 10:45:00+09:00,2.388,2.39,2.382,2.389,10343.03
2025-05-07 10:50:00+09:00,2.389,2.392,2.387,2.392,5342.73
2025-05-07 10:55:00+09:00,2.392,2.394,2.379,2.382,10602.86
2025-05-07 11:00:00+09:00,2.382,2.383,2.376,2.378,8210.92
2025-05-07 11:05:00+09:00,2.378,2.378,2.368,2.368,12424.72
2025-05-07 11:10:00+09:00,2.368,2.376,2.365,2.376,88930.04
2025-05-07 11:15:00+09:00,2.376,2.376,2.37,2.374,17100.56
2025-05-07 11:20:00+09:00,2.375,2.383,2.375,2.38,6742.73
2025-05-07 11:25:00+09:00,2.379,2.379,2.373,2.374,7413.31
2025-05-07 11:30:00+09:00,2.374,2.376,2.368,2.369,3207.42
2025-05-07 11:35:00+09:00,2.369,2.37,2.365,2.365,3967.82
2025-05-07 11:40:00+09:00,2.365,2.366,2.36,2.362,6004.43
2025-05-07 11:45:00+09:00,2.363,2.368,2.362,2.363,3665.8
2025-05-07 11:50:00+09:00,2.363,2.363,2.353,2.36,5827.0
2025-05-07 11:55:00+09:00,2.36,2.361,2.355,2.357,2248.5
2025-05-07 12:00:00+09:00,2.357,2.358,2.349,2.355,9541.24
2025-05-07 12:05:00+09:00,2.356,2.358,2.348,2.349,7382.65
2025-05-07 12:10:00+09:00,2.348,2.349,2.345,2.347,3051.99
2025-05-07 12:15:00+09:00,2.347,2.349,2.34,2.344,8589.43
2025-05-07 12:20:00+09:00,2.343,2.349,2.338,2.347,3819.01
2025-05-07 12:25:00+09:00,2.346,2.358,2.346,2.358,7713.31
2025-05-07 12:30:00+09:00,2.359,2.362,2.355,2.361,5876.06
2025-05-07 12:35:00+09:00,2.362,2.363,2.359,2.363,4715.8
2025-05-07 12:40:00+09:00,2.363,2.364,2.36,2.364,4596.72
2025-05-07 12:45:00+09:00,2.364,2.364,2.358,2.359,5595.64
2025-05-07 12:50:00+09:00,2.358,2.365,2.358,2.362,3282.99
2025-05-07 12:55:00+09:00,2.362,2.364,2.36,2.363,10773.64
2025-05-07 13:00:00+09:00,2.362,2.37,2.362,2.369,4036.02
2025-05-07 13:05:00+09:00,2.367,2.368,2.36,2.365,6988.72
2025-05-07 13:10:00+09:00,2.365,2.372,2.365,2.372,2836.3
2025-05-07 13:15:00+09:00,2.371,2.371,2.365,2.366,6861.26
2025-05-07 13:20:00+09:00,2.367,2.376,2.366,2.374,21087.09
2025-05-07 13:25:00+09:00,2.373,2.373,2.367,2.367,633.32
2025-05-07 13:30:00+09:00,2.367,2.367,2.359,2.36,18984.97
2025-05-07 13:35:00+09:00,2.36,2.364,2.359,2.364,8231.18
2025-05-07 13:40:00+09:00,2.364,2.364,2.362,2.364,1447.25
2025-05-07 13:45:00+09:00,2.364,2.365,2.356,2.356,1169.15
2025-05-07 13:50:00+09:00,2.357,2.364,2.356,2.364,1122.35
2025-05-07 13:55:00+09:00,2.363,2.365,2.361,2.362,4051.37
2025-05-07 14:00:00+09:00,2.361,2.361,2.356,2.358,3322.14
2025-05-07 14:05:00+09:00,2.358,2.362,2.356,2.361,2818.85
2025-05-07 14:10:00+09:00,2.361,2.363,2.36,2.361,686.08
2025-05-07 14:15:00+09:00,2.36,2.362,2.358,2.36,6870.08
2025-05-07 14:20:00+09:00,2.362,2.37,2.362,2.37,20718.52
2025-05-07 14:25:00+09:00,2.37,2.37,2.364,2.364,4336.7
2025-05-07 14:30:00+09:00,2.363,2.371,2.361,2.364,15285.59
2025-05-07 14:35:00+09:00,2.363,2.363,2.353,2.353,28207.82
2025-05-07 14:40:00+09:00,2.355,2.357,2.352,2.353,6331.3
2025-05-07 14:45:00+09:00,2.352,2.355,2.351,2.352,473.5
2025-05-07 14:50:00+09:00,2.351,2.352,2.347,2.348,6482.91
2025-05-07 14:55:00+09:00,2.348,2.352,2.348,2.35,3915.79
2025-05-07 15:00:00+09:00,2.352,2.354,2.349,2.354,3410.07
2025-05-07 15:05:00+09:00,2.355,2.36,2.355,2.355,12151.8
2025-05-07 15:10:00+09:00,2.356,2.361,2.356,2.36,2670.93
2025-05-07 15:15:00+09:00,2.36,2.36,2.355,2.357,9435.56
2025-05-07 15:20:00+09:00,2.356,2.356,2.348,2.348,4323.1
2025-05-07 15:25:00+09:00,2.349,2.35,2.34,2.343,5989.09
2025-05-07 15:30:00+09:00,2.343,2.343,2.335,2.341,9092.69
2025-05-07 15:35:00+09:00,2.342,2.345,2.341,2.342,6564.31
2025-05-07 15:40:00+09:00,2.341,2.346,2.341,2.341,6482.34
2025-05-07 15:45:00+09:00,2.34,2.345,2.337,2.345,5847.8
2025-05-07 15:50:00+09:00,2.344,2.351,2.344,2.351,2993.04
2025-05-07 15:55:00+09:00,2.352,2.352,2.348,2.349,9894.84
2025-05-07 16:00:00+09:00,2.349,2.354,2.349,2.353,3769.38
2025-05-07 16:05:00+09:00,2.354,2.362,2.354,2.36,8158.77
2025-05-07 16:10:00+09:00,2.361,2.364,2.361,2.363,3531.47
2025-05-07 16:15:00+09:00,2.364,2.368,2.364,2.367,6069.12
2025-05-07 16:20:00+09:00,2.367,2.371,2.367,2.371,9659.87
2025-05-07 16:25:00+09:00,2.37,2.377,2.37,2.376,7972.29
2025-05-07 16:30:00+09:00,2.377,2.38,2.373,2.38,7295.68
2025-05-07 16:35:00+09:00,2.381,2.381,2.372,2.374,9035.48
2025-05-07 16:40:00+09:00,2.374,2.383,2.374,2.382,4883.08
2025-05-07 16:45:00+09:00,2.382,2.385,2.377,2.377,7099.29
2025-05-07 16:50:00+09:00,2.378,2.378,2.373,2.377,2742.63
2025-05-07 16:55:00+09:00,2.376,2.382,2.375,2.381,3549.28
2025-05-07 17:00:00+09:00,2.382,2.382,2.368,2.371,35892.17
2025-05-07 17:05:00+09:00,2.371,2.375,2.37,2.373,12838.3
2025-05-07 17:10:00+09:00,2.373,2.374,2.368,2.372,32377.8
2025-05-07 17:15:00+09:00,2.373,2.383,2.373,2.381,11280.24
2025-05-07 17:20:00+09:00,2.38,2.385,2.38,2.384,4878.37
2025-05-07 17:25:00+09:00,2.383,2.385,2.382,2.384,6478.44
2025-05-07 17:30:00+09:00,2.383,2.389,2.382,2.389,8365.22
2025-05-07 17:35:00+09:00,2.389,2.392,2.388,2.39,6464.42
2025-05-07 17:40:00+09:00,2.39,2.393,2.388,2.39,16902.13
2025-05-07 17:45:00+09:00,2.391,2.393,2.387,2.39,38492.51
2025-05-07 17:50:00+09:00,2.389,2.389,2.382,2.385,16844.35
2025-05-07 17:55:00+09:00,2.385,2.388,2.382,2.386,15565.87
2025-05-07 18:00:00+09:00,2.385,2.393,2.383,2.388,46970.17
2025-05-07 18:05:00+09:00,2.387,2.39,2.385,2.385,6498.0
2025-05-07 18:10:00+09:00,2.385,2.386,2.383,2.384,4977.26
2025-05-07 18:15:00+09:00,2.384,2.385,2.379,2.38,19414.61
2025-05-07 18:20:00+09:00,2.38,2.383,2.378,2.379,21974.21
2025-05-07 18:25:00+09:00,2.381,2.383,2.381,2.383,4731.16
2025-05-07 18:30:00+09:00,2.383,2.39,2.382,2.39,21385.93
2025-05-07 18:35:00+09:00,2.391,2.396,2.388,2.395,41684.41
2025-05-07 18:40:00+09:00,2.395,2.4,2.394,2.398,32225.94
2025-05-07 18:45:00+09:00,2.398,2.401,2.396,2.397,34914.82
2025-05-07 18:50:00+09:00,2.396,2.4,2.396,2.399,21339.9
2025-05-07 18:55:00+09:00,2.399,2.403,2.396,2.403,18021.25
2025-05-07 19:00:00+09:00,2.403,2.413,2.403,2.411,56729.56
2025-05-07 19:05:00+09:00,2.41,2.414,2.405,2.41,24695.01
2025-05-07 19:10:00+09:00,2.41,2.415,2.41,2.412,27945.73
2025-05-07 19:15:00+09:00,2.411,2.412,2.405,2.406,12758.44
2025-05-07 19:20:00+09:00,2.407,2.41,2.406,2.407,9317.2
2025-05-07 19:25:00+09:00,2.407,2.407,2.399,2.4,34738.21
2025-05-07 19:30:00+09:00,2.399,2.4,2.392,2.399,24866.7
2025-05-07 19:35:00+09:00,2.399,2.403,2.394,2.401,42908.08
2025-05-07 19:40:00+09:00,2.401,2.411,2.4,2.411,9799.33
2025-05-07 19:45:00+09:00,2.411,2.411,2.404,2.407,13525.64
2025-05-07 19:50:00+09:00,2.408,2.418,2.408,2.415,10577.63
2025-05-07 19:55:00+09:00,2.414,2.415,2.408,2.412,12283.5
2025-05-07 20:00:00+09:00,2.411,2.414,2.402,2.407,11675.44
2025-05-07 20:05:00+09:00,2.406,2.411,2.404,2.406,17636.47
2025-05-07 20:10:00+09:00,2.405,2.406,2.4,2.403,14977.48
2025-05-07 20:15:00+09:00,2.404,2.404,2.396,2.4,12312.95
2025-05-07 20:20:00+09:00,2.399,2.401,2.395,2.399,11306.22
2025-05-07 20:25:00+09:00,2.399,2.399,2.395,2.398,10885.56
2025-05-07 20:30:00+09:00,2.398,2.403,2.397,2.402,6567.75
2025-05-07 20:35:00+09:00,2.403,2.408,2.403,2.408,5804.94
2025-05-07 20:40:00+09:00,2.408,2.414,2.408,2.413,13358.93
2025-05-07 20:45:00+09:00,2.412,2.416,2.409,2.413,12036.37
2025-05-07 20:50:00+09:00,2.411,2.416,2.41,2.413,10962.19
2025-05-07 20:55:00+09:00,2.415,2.422,2.415,2.422,9471.99
2025-05-07 21:00:00+09:00,2.422,2.425,2.413,2.413,10145.97
2025-05-07 21:05:00+09:00,2.413,2.413,2.403,2.404,22823.46
2025-05-07 21:10:00+09:00,2.403,2.409,2.403,2.403,3975.44
2025-05-07 21:15:00+09:00,2.402,2.407,2.401,2.407,5329.85
2025-05-07 21:20:00+09:00,2.408,2.413,2.406,2.407,6777.74
2025-05-07 21:25:00+09:00,2.406,2.408,2.403,2.405,10218.73
2025-05-07 21:30:00+09:00,2.406,2.407,2.393,2.393,7146.49
2025-05-07 21:35:00+09:00,2.394,2.396,2.388,2.388,18635.11
2025-05-07 21:40:00+09:00,2.389,2.392,2.385,2.387,6039.32
2025-05-07 21:45:00+09:00,2.388,2.388,2.38,2.384,11612.14
2025-05-07 21:50:00+09:00,2.384,2.394,2.384,2.394,7290.94
2025-05-07 21:55:00+09:00,2.394,2.397,2.393,2.394,1614.09
2025-05-07 22:00:00+09:00,2.395,2.395,2.387,2.392,10674.21
2025-05-07 22:05:00+09:00,2.39,2.39,2.38,2.381,12367.92
2025-05-07 22:10:00+09:00,2.382,2.386,2.38,2.38,5421.61
2025-05-07 22:15:00+09:00,2.381,2.385,2.38,2.383,7219.36
2025-05-07 22:20:00+09:00,2.383,2.393,2.381,2.391,9688.5
2025-05-07 22:25:00+09:00,2.392,2.393,2.388,2.393,9961.22
2025-05-07 22:30:00+09:00,2.393,2.403,2.393,2.4,7148.95
2025-05-07 22:35:00+09:00,2.398,2.401,2.39,2.401,11021.0
2025-05-07 22:40:00+09:00,2.401,2.408,2.4,2.407,4180.71
2025-05-07 22:45:00+09:00,2.406,2.406,2.387,2.389,11951.4
2025-05-07 22:50:00+09:00,2.39,2.398,2.39,2.395,9001.69
2025-05-07 22:55:00+09:00,2.395,2.4,2.395,2.398,8351.45
2025-05-07 23:00:00+09:00,2.396,2.399,2.393,2.399,3969.06
2025-05-07 23:05:00+09:00,2.398,2.403,2.395,2.396,6830.66
2025-05-07 23:10:00+09:00,2.397,2.404,2.396,2.396,25127.45
2025-05-07 23:15:00+09:00,2.397,2.399,2.392,2.394,7840.13
2025-05-07 23:20:00+09:00,2.395,2.405,2.392,2.405,3573.19
2025-05-07 23:25:00+09:00,2.405,2.408,2.403,2.406,22893.24
2025-05-07 23:30:00+09:00,2.404,2.41,2.398,2.4,27252.56
2025-05-07 23:35:00+09:00,2.4,2.401,2.396,2.396,3346.85
2025-05-07 23:40:00+09:00,2.396,2.396,2.392,2.392,6062.77
2025-05-07 23:45:00+09:00,2.391,2.391,2.383,2.383,5549.06
2025-05-07 23:50:00+09:00,2.382,2.384,2.377,2.384,8665.47
2025-05-07 23:55:00+09:00,2.383,2.386,2.382,2.386,4014.23
2025-05-08 00:00:00+09:00,2.385,2.387,2.377,2.387,5719.29
2025-05-08 00:05:00+09:00,2.387,2.39,2.381,2.386,5726.45
2025-05-08 00:10:00+09:00,2.386,2.392,2.383,2.385,7065.28
2025-05-08 00:15:00+09:00,2.384,2.388,2.384,2.384,16164.08
2025-05-08 00:20:00+09:00,2.384,2.39,2.382,2.388,2862.35
2025-05-08 00:25:00+09:00,2.388,2.392,2.378,2.383,27430.85
2025-05-08 00:30:00+09:00,2.382,2.392,2.381,2.384,3233.8
2025-05-08 00:35:00+09:00,2.385,2.39,2.378,2.387,3737.93
2025-05-08 00:40:00+09:00,2.389,2.393,2.389,2.39,5257.23
2025-05-08 00:45:00+09:00,2.39,2.39,2.371,2.371,36026.38
2025-05-08 00:50:00+09:00,2.371,2.377,2.371,2.375,2237.23
2025-05-08 00:55:00+09:00,2.374,2.375,2.371,2.372,6214.04
2025-05-08 01:00:00+09:00,2.372,2.373,2.36,2.364,32095.95
2025-05-08 01:05:00+09:00,2.362,2.363,2.355,2.361,52993.75
2025-05-08 01:10:00+09:00,2.359,2.371,2.358,2.369,5040.98
2025-05-08 01:15:00+09:00,2.369,2.369,2.358,2.361,10540.52
2025-05-08 01:20:00+09:00,2.36,2.362,2.355,2.357,5053.18
2025-05-08 01:25:00+09:00,2.357,2.362,2.349,2.35,17202.6
2025-05-08 01:30:00+09:00,2.348,2.355,2.345,2.353,15529.61
2025-05-08 01:35:00+09:00,2.353,2.353,2.343,2.346,9090.4
2025-05-08 01:40:00+09:00,2.348,2.353,2.348,2.353,4142.08
2025-05-08 01:45:00+09:00,2.353,2.366,2.351,2.365,12505.24
2025-05-08 01:50:00+09:00,2.365,2.37,2.364,2.37,27424.64
2025-05-08 01:55:00+09:00,2.369,2.374,2.369,2.374,4975.31
2025-05-08 02:00:00+09:00,2.374,2.379,2.372,2.372,9965.42
2025-05-08 02:05:00+09:00,2.371,2.373,2.364,2.364,2998.27
2025-05-08 02:10:00+09:00,2.364,2.371,2.363,2.371,4075.46
2025-05-08 02:15:00+09:00,2.37,2.374,2.366,2.367,6888.29
2025-05-08 02:20:00+09:00,2.366,2.378,2.366,2.378,1476.56
2025-05-08 02:25:00+09:00,2.378,2.38,2.374,2.378,5837.39
2025-05-08 02:30:00+09:00,2.377,2.384,2.376,2.383,8059.15
2025-05-08 02:35:00+09:00,2.382,2.382,2.373,2.379,12719.87
2025-05-08 02:40:00+09:00,2.378,2.382,2.372,2.382,22959.4
2025-05-08 02:45:00+09:00,2.381,2.392,2.38,2.38,11262.03
2025-05-08 02:50:00+09:00,2.381,2.385,2.365,2.378,15823.01
2025-05-08 02:55:00+09:00,2.377,2.387,2.371,2.387,36326.27
2025-05-08 03:00:00+09:00,2.387,2.406,2.38,2.404,114472.77
2025-05-08 03:05:00+09:00,2.402,2.402,2.365,2.37,34433.97
2025-05-08 03:10:00+09:00,2.369,2.392,2.366,2.392,46234.58
2025-05-08 03:15:00+09:00,2.391,2.404,2.386,2.404,30568.28
2025-05-08 03:20:00+09:00,2.404,2.415,2.404,2.408,36768.13
2025-05-08 03:25:00+09:00,2.408,2.418,2.406,2.406,31115.46
2025-05-08 03:30:00+09:00,2.406,2.427,2.402,2.423,21683.8
2025-05-08 03:35:00+09:00,2.423,2.425,2.415,2.419,24692.02
2025-05-08 03:40:00+09:00,2.42,2.422,2.396,2.397,17592.2
2025-05-08 03:45:00+09:00,2.398,2.401,2.381,2.387,25087.88
2025-05-08 03:50:00+09:00,2.386,2.397,2.384,2.396,8547.2
2025-05-08 03:55:00+09:00,2.398,2.41,2.398,2.404,7474.51
2025-05-08 04:00:00+09:00,2.404,2.408,2.396,2.397,13745.63
2025-05-08 04:05:00+09:00,2.396,2.405,2.391,2.402,21459.52
2025-05-08 04:10:00+09:00,2.401,2.402,2.393,2.393,13863.0
2025-05-08 04:15:00+09:00,2.393,2.401,2.389,2.401,4847.98
2025-05-08 04:20:00+09:00,2.402,2.403,2.379,2.382,13508.06
2025-05-08 04:25:00+09:00,2.382,2.382,2.376,2.377,6434.6
2025-05-08 04:30:00+09:00,2.377,2.386,2.376,2.378,9100.72
2025-05-08 04:35:00+09:00,2.379,2.389,2.379,2.385,6619.66
2025-05-08 04:40:00+09:00,2.386,2.41,2.383,2.4,12556.48
2025-05-08 04:45:00+09:00,2.401,2.404,2.391,2.391,8250.56
2025-05-08 04:50:00+09:00,2.39,2.4,2.381,2.398,25030.12
2025-05-08 04:55:00+09:00,2.398,2.402,2.393,2.393,9573.11
2025-05-08 05:00:00+09:00,2.394,2.402,2.39,2.402,18395.58
2025-05-08 05:05:00+09:00,2.403,2.406,2.4,2.403,14550.11
2025-05-08 05:10:00+09:00,2.404,2.409,2.404,2.407,7945.58
2025-05-08 05:15:00+09:00,2.406,2.408,2.399,2.399,13047.92
2025-05-08 05:20:00+09:00,2.399,2.403,2.395,2.396,7687.76
2025-05-08 05:25:00+09:00,2.396,2.399,2.392,2.399,2537.86
2025-05-08 05:30:00+09:00,2.399,2.403,2.394,2.395,7566.32
2025-05-08 05:35:00+09:00,2.396,2.4,2.394,2.394,1450.04
2025-05-08 05:40:00+09:00,2.394,2.395,2.388,2.395,5941.18
2025-05-08 05:45:00+09:00,2.395,2.403,2.394,2.401,7572.25
2025-05-08 05:50:00+09:00,2.402,2.402,2.397,2.4,5571.41
2025-05-08 05:55:00+09:00,2.401,2.414,2.401,2.414,11347.34
2025-05-08 06:00:00+09:00,2.414,2.415,2.406,2.409,11827.62
2025-05-08 06:05:00+09:00,2.408,2.413,2.405,2.413,8616.95
2025-05-08 06:10:00+09:00,2.414,2.426,2.414,2.425,13896.93
2025-05-08 06:15:00+09:00,2.424,2.425,2.42,2.423,2918.1
2025-05-08 06:20:00+09:00,2.422,2.431,2.42,2.43,53484.24
2025-05-08 06:25:00+09:00,2.431,2.435,2.428,2.435,20534.46
2025-05-08 06:30:00+09:00,2.434,2.435,2.415,2.419,34676.98
2025-05-08 06:35:00+09:00,2.418,2.419,2.405,2.407,49878.06
2025-05-08 06:40:00+09:00,2.408,2.421,2.408,2.417,23511.95
2025-05-08 06:45:00+09:00,2.418,2.428,2.418,2.422,13653.63
2025-05-08 06:50:00+09:00,2.422,2.425,2.417,2.421,21869.94
2025-05-08 06:55:00+09:00,2.422,2.427,2.418,2.423,10657.89
2025-05-08 07:00:00+09:00,2.423,2.435,2.421,2.434,3865.99
2025-05-08 07:05:00+09:00,2.435,2.442,2.432,2.442,15443.08
2025-05-08 07:10:00+09:00,2.441,2.447,2.436,2.439,19866.64
2025-05-08 07:15:00+09:00,2.441,2.445,2.44,2.443,7699.63
2025-05-08 07:20:00+09:00,2.443,2.447,2.443,2.446,9447.0
2025-05-08 07:25:00+09:00,2.446,2.449,2.445,2.446,5967.11
2025-05-08 07:30:00+09:00,2.446,2.451,2.439,2.449,12905.79
2025-05-08 07:35:00+09:00,2.448,2.452,2.447,2.452,10949.15
2025-05-08 07:40:00+09:00,2.451,2.453,2.449,2.451,7798.33
2025-05-08 07:45:00+09:00,2.451,2.457,2.449,2.452,14807.23
2025-05-08 07:50:00+09:00,2.455,2.456,2.453,2.455,5936.43
2025-05-08 07:55:00+09:00,2.455,2.461,2.454,2.454,6689.63
2025-05-08 08:00:00+09:00,2.455,2.456,2.447,2.456,11308.08
2025-05-08 08:05:00+09:00,2.456,2.459,2.454,2.456,4055.88
2025-05-08 08:10:00+09:00,2.457,2.462,2.454,2.456,9574.2
2025-05-08 08:15:00+09:00,2.455,2.455,2.449,2.453,8011.96
2025-05-08 08:20:00+09:00,2.453,2.454,2.45,2.45,4185.87
2025-05-08 08:25:00+09:00,2.451,2.452,2.444,2.444,3775.61
2025-05-08 08:30:00+09:00,2.446,2.448,2.439,2.439,7262.74
2025-05-08 08:35:00+09:00,2.438,2.441,2.436,2.438,7361.47
2025-05-08 08:40:00+09:00,2.438,2.439,2.435,2.439,4801.12
2025-05-08 08:45:00+09:00,2.44,2.444,2.437,2.443,3479.52
2025-05-08 08:50:00+09:00,2.443,2.444,2.44,2.44,1305.22
2025-05-08 08:55:00+09:00,2.439,2.442,2.438,2.438,3698.9
2025-05-08 09:00:00+09:00,2.438,2.447,2.438,2.444,13050.14
2025-05-08 09:05:00+09:00,2.445,2.447,2.439,2.445,6514.43
2025-05-08 09:10:00+09:00,2.447,2.448,2.439,2.442,6814.19
2025-05-08 09:15:00+09:00,2.442,2.447,2.441,2.447,1623.99
2025-05-08 09:20:00+09:00,2.447,2.449,2.442,2.448,14782.71
2025-05-08 09:25:00+09:00,2.448,2.448,2.443,2.447,13477.8
2025-05-08 09:30:00+09:00,2.446,2.447,2.433,2.433,5705.37
2025-05-08 09:35:00+09:00,2.432,2.435,2.427,2.431,23661.19
2025-05-08 09:40:00+09:00,2.43,2.431,2.427,2.427,1078.88
2025-05-08 09:45:00+09:00,2.427,2.43,2.423,2.429,6977.35
2025-05-08 09:50:00+09:00,2.43,2.435,2.43,2.435,2218.11
2025-05-08 09:55:00+09:00,2.434,2.457,2.432,2.452,9908.52
2025-05-08 10:00:00+09:00,2.452,2.472,2.452,2.463,38389.87
2025-05-08 10:05:00+09:00,2.463,2.473,2.461,2.466,26393.07
2025-05-08 10:10:00+09:00,2.467,2.47,2.46,2.467,12041.27
2025-05-08 10:15:00+09:00,2.466,2.469,2.455,2.462,5485.15
2025-05-08 10:20:00+09:00,2.464,2.476,2.458,2.47,195354.74
2025-05-08 10:25:00+09:00,2.469,2.478,2.467,2.47,20921.27
2025-05-08 10:30:00+09:00,2.47,2.471,2.459,2.463,4867.58
2025-05-08 10:35:00+09:00,2.462,2.467,2.461,2.462,2953.11
2025-05-08 10:40:00+09:00,2.462,2.462,2.456,2.457,7273.17
2025-05-08 10:45:00+09:00,2.458,2.462,2.454,2.458,7637.09
2025-05-08 10:50:00+09:00,2.458,2.458,2.45,2.452,18104.3
2025-05-08 10:55:00+09:00,2.451,2.454,2.449,2.45,8794.17
2025-05-08 11:00:00+09:00,2.451,2.458,2.451,2.456,7670.97
2025-05-08 11:05:00+09:00,2.457,2.458,2.452,2.452,3443.21
2025-05-08 11:10:00+09:00,2.453,2.463,2.453,2.459,1516.29
2025-05-08 11:15:00+09:00,2.46,2.465,2.459,2.459,13413.92
2025-05-08 11:20:00+09:00,2.461,2.467,2.459,2.467,5136.53
2025-05-08 11:25:00+09:00,2.467,2.478,2.466,2.478,13716.18
2025-05-08 11:30:00+09:00,2.478,2.482,2.475,2.476,13613.55
2025-05-08 11:35:00+09:00,2.475,2.476,2.467,2.468,10168.34
2025-05-08 11:40:00+09:00,2.469,2.475,2.465,2.474,27297.47
2025-05-08 11:45:00+09:00,2.473,2.479,2.473,2.478,5453.61
2025-05-08 11:50:00+09:00,2.478,2.479,2.473,2.473,3868.24
2025-05-08 11:55:00+09:00,2.472,2.473,2.465,2.468,6281.54
2025-05-08 12:00:00+09:00,2.468,2.47,2.464,2.468,5392.48
2025-05-08 12:05:00+09:00,2.468,2.482,2.468,2.479,30884.85
2025-05-08 12:10:00+09:00,2.478,2.484,2.478,2.484,7100.13
2025-05-08 12:15:00+09:00,2.483,2.49,2.482,2.487,12610.19
2025-05-08 12:20:00+09:00,2.488,2.494,2.487,2.494,15733.72
2025-05-08 12:25:00+09:00,2.493,2.498,2.483,2.488,14987.2
2025-05-08 12:30:00+09:00,2.489,2.489,2.478,2.478,6948.23
2025-05-08 12:35:00+09:00,2.478,2.489,2.478,2.487,9133.09
2025-05-08 12:40:00+09:00,2.487,2.497,2.486,2.497,6613.87
2025-05-08 12:45:00+09:00,2.498,2.503,2.485,2.491,16079.7
2025-05-08 12:50:00+09:00,2.49,2.495,2.483,2.493,11151.96
2025-05-08 12:55:00+09:00,2.492,2.502,2.491,2.499,25108.59
2025-05-08 13:00:00+09:00,2.499,2.513,2.499,2.513,22393.0
2025-05-08 13:05:00+09:00,2.513,2.525,2.513,2.525,24169.08
2025-05-08 13:10:00+09:00,2.525,2.534,2.522,2.531,38867.2
2025-05-08 13:15:00+09:00,2.531,2.537,2.528,2.536,16713.39
2025-05-08 13:20:00+09:00,2.536,2.538,2.529,2.531,32114.37
2025-05-08 13:25:00+09:00,2.532,2.535,2.525,2.534,15956.42
2025-05-08 13:30:00+09:00,2.535,2.536,2.523,2.528,38087.37
2025-05-08 13:35:00+09:00,2.528,2.531,2.524,2.528,9803.04
2025-05-08 13:40:00+09:00,2.529,2.535,2.523,2.523,14183.45
2025-05-08 13:45:00+09:00,2.525,2.531,2.522,2.53,23963.9
2025-05-08 13:50:00+09:00,2.531,2.531,2.518,2.522,27733.3
2025-05-08 13:55:00+09:00,2.522,2.527,2.519,2.527,8705.11
2025-05-08 14:00:00+09:00,2.528,2.536,2.525,2.535,13513.97
2025-05-08 14:05:00+09:00,2.536,2.536,2.521,2.522,15807.07
2025-05-08 14:10:00+09:00,2.521,2.521,2.515,2.517,4572.88
2025-05-08 14:15:00+09:00,2.517,2.518,2.505,2.505,43264.26
2025-05-08 14:20:00+09:00,2.506,2.509,2.502,2.502,40389.82
2025-05-08 14:25:00+09:00,2.502,2.51,2.5,2.51,17603.19
2025-05-08 14:30:00+09:00,2.509,2.514,2.507,2.51,16073.44
2025-05-08 14:35:00+09:00,2.511,2.513,2.509,2.51,3209.93
2025-05-08 14:40:00+09:00,2.511,2.518,2.511,2.518,1550.81
2025-05-08 14:45:00+09:00,2.517,2.518,2.514,2.514,4260.72
2025-05-08 14:50:00+09:00,2.514,2.516,2.505,2.507,8248.16
2025-05-08 14:55:00+09:00,2.508,2.51,2.507,2.509,2122.21
2025-05-08 15:00:00+09:00,2.508,2.512,2.506,2.512,21394.18
2025-05-08 15:05:00+09:00,2.512,2.513,2.507,2.512,16118.73
2025-05-08 15:10:00+09:00,2.512,2.514,2.511,2.513,6492.38
2025-05-08 15:15:00+09:00,2.514,2.514,2.506,2.513,7941.47
2025-05-08 15:20:00+09:00,2.514,2.517,2.512,2.514,2526.08
2025-05-08 15:25:00+09:00,2.515,2.516,2.511,2.512,12046.82
2025-05-08 15:30:00+09:00,2.512,2.516,2.507,2.508,6348.91
2025-05-08 15:35:00+09:00,2.509,2.512,2.509,2.512,3053.27
2025-05-08 15:40:00+09:00,2.513,2.519,2.513,2.518,8552.33
2025-05-08 15:45:00+09:00,2.518,2.519,2.514,2.519,4954.49
2025-05-08 15:50:00+09:00,2.519,2.524,2.519,2.523,9751.09
2025-05-08 15:55:00+09:00,2.523,2.529,2.522,2.528,6617.86
2025-05-08 16:00:00+09:00,2.529,2.529,2.525,2.529,12367.28
2025-05-08 16:05:00+09:00,2.529,2.534,2.527,2.532,8090.9
2025-05-08 16:10:00+09:00,2.532,2.534,2.531,2.534,8662.04
2025-05-08 16:15:00+09:00,2.533,2.534,2.53,2.534,5041.58
2025-05-08 16:20:00+09:00,2.534,2.547,2.534,2.537,58603.02
2025-05-08 16:25:00+09:00,2.536,3.074,2.53,2.756,3797730.03
2025-05-08 16:30:00+09:00,2.753,2.79,2.703,2.769,825595.35
2025-05-08 16:35:00+09:00,2.771,2.78,2.692,2.703,881391.84
2025-05-08 16:40:00+09:00,2.704,2.716,2.666,2.686,1294838.53
2025-05-08 16:45:00+09:00,2.687,2.691,2.66,2.671,478952.24
2025-05-08 16:50:00+09:00,2.67,2.714,2.665,2.694,259694.92
2025-05-08 16:55:00+09:00,2.693,2.714,2.687,2.71,302160.99
2025-05-08 17:00:00+09:00,2.709,2.726,2.696,2.722,179956.44
2025-05-08 17:05:00+09:00,2.724,2.729,2.704,2.706,207017.81
2025-05-08 17:10:00+09:00,2.706,2.718,2.702,2.711,244883.36
2025-05-08 17:15:00+09:00,2.712,2.731,2.706,2.716,288185.64
2025-05-08 17:20:00+09:00,2.716,2.727,2.693,2.694,154875.57
2025-05-08 17:25:00+09:00,2.694,2.702,2.682,2.698,119649.52
2025-05-08 17:30:00+09:00,2.699,2.701,2.675,2.681,248525.21
2025-05-08 17:35:00+09:00,2.681,2.698,2.674,2.696,226008.55
2025-05-08 17:40:00+09:00,2.696,2.714,2.695,2.708,303010.72
2025-05-08 17:45:00+09:00,2.708,2.718,2.702,2.711,215617.53
2025-05-08 17:50:00+09:00,2.709,2.716,2.702,2.709,326010.35
2025-05-08 17:55:00+09:00,2.709,2.71,2.692,2.703,98404.83
2025-05-08 18:00:00+09:00,2.704,2.721,2.7,2.704,192741.81
2025-05-08 18:05:00+09:00,2.705,2.724,2.699,2.722,581150.7
2025-05-08 18:10:00+09:00,2.722,2.735,2.718,2.727,155049.35
2025-05-08 18:15:00+09:00,2.727,2.731,2.704,2.705,349968.71
2025-05-08 18:20:00+09:00,2.705,2.71,2.68,2.694,120734.94
2025-05-08 18:25:00+09:00,2.694,2.734,2.691,2.722,208273.32
2025-05-08 18:30:00+09:00,2.722,2.732,2.712,2.719,215261.12
2025-05-08 18:35:00+09:00,2.718,2.733,2.714,2.73,163018.69
2025-05-08 18:40:00+09:00,2.731,2.742,2.725,2.731,143376.76
2025-05-08 18:45:00+09:00,2.732,2.746,2.731,2.741,147957.25
2025-05-08 18:50:00+09:00,2.742,2.742,2.687,2.703,254756.65
2025-05-08 18:55:00+09:00,2.702,2.711,2.701,2.706,84682.43
2025-05-08 19:00:00+09:00,2.705,2.707,2.675,2.68,188575.87
2025-05-08 19:05:00+09:00,2.68,2.723,2.674,2.71,540121.39
2025-05-08 19:10:00+09:00,2.708,2.719,2.693,2.7,175086.51
2025-05-08 19:15:00+09:00,2.7,2.706,2.686,2.701,433831.33
2025-05-08 19:20:00+09:00,2.701,2.708,2.687,2.695,208043.58
2025-05-08 19:25:00+09:00,2.694,2.703,2.686,2.693,385673.16
2025-05-08 19:30:00+09:00,2.693,2.695,2.658,2.663,129470.21
2025-05-08 19:35:00+09:00,2.664,2.667,2.649,2.659,370351.05
2025-05-08 19:40:00+09:00,2.658,2.662,2.642,2.643,63520.31
2025-05-08 19:45:00+09:00,2.644,2.649,2.633,2.645,63495.97
2025-05-08 19:50:00+09:00,2.645,2.648,2.64,2.643,63529.05
2025-05-08 19:55:00+09:00,2.643,2.664,2.641,2.649,141586.55
2025-05-08 20:00:00+09:00,2.648,2.652,2.624,2.624,186668.47
2025-05-08 20:05:00+09:00,2.624,2.626,2.608,2.614,231639.36
2025-05-08 20:10:00+09:00,2.613,2.617,2.606,2.61,195732.03
2025-05-08 20:15:00+09:00,2.61,2.619,2.605,2.614,113976.33
2025-05-08 20:20:00+09:00,2.614,2.625,2.607,2.625,65907.57
2025-05-08 20:25:00+09:00,2.624,2.64,2.624,2.638,61130.28
2025-05-08 20:30:00+09:00,2.638,2.644,2.62,2.628,109350.94
2025-05-08 20:35:00+09:00,2.628,2.629,2.621,2.623,78558.41
2025-05-08 20:40:00+09:00,2.623,2.627,2.614,2.615,68311.14
2025-05-08 20:45:00+09:00,2.615,2.625,2.612,2.622,59387.26
2025-05-08 20:50:00+09:00,2.622,2.626,2.615,2.626,158594.32
2025-05-08 20:55:00+09:00,2.626,2.633,2.623,2.631,71402.19
2025-05-08 21:00:00+09:00,2.631,2.646,2.631,2.645,195652.63
2025-05-08 21:05:00+09:00,2.645,2.647,2.62,2.629,107767.76
2025-05-08 21:10:00+09:00,2.629,2.629,2.622,2.622,44913.3
2025-05-08 21:15:00+09:00,2.623,2.626,2.615,2.621,102087.04
2025-05-08 21:20:00+09:00,2.621,2.632,2.621,2.627,104070.74
2025-05-08 21:25:00+09:00,2.627,2.629,2.609,2.615,115300.61
2025-05-08 21:30:00+09:00,2.615,2.619,2.6,2.615,152297.53
2025-05-08 21:35:00+09:00,2.615,2.62,2.59,2.593,99964.41
2025-05-08 21:40:00+09:00,2.592,2.597,2.584,2.594,114928.56
2025-05-08 21:45:00+09:00,2.594,2.604,2.592,2.604,83499.42
2025-05-08 21:50:00+09:00,2.604,2.608,2.596,2.603,172754.6
2025-05-08 21:55:00+09:00,2.603,2.604,2.594,2.598,97109.79
2025-05-08 22:00:00+09:00,2.598,2.606,2.594,2.601,136835.88
2025-05-08 22:05:00+09:00,2.601,2.602,2.591,2.599,141502.37
2025-05-08 22:10:00+09:00,2.599,2.604,2.592,2.598,73144.42
2025-05-08 22:15:00+09:00,2.598,2.609,2.596,2.608,57058.78
2025-05-08 22:20:00+09:00,2.608,2.616,2.607,2.609,79190.82
2025-05-08 22:25:00+09:00,2.609,2.62,2.608,2.613,82153.46
2025-05-08 22:30:00+09:00,2.613,2.62,2.599,2.603,58394.55
2025-05-08 22:35:00+09:00,2.603,2.611,2.589,2.593,109802.14
2025-05-08 22:40:00+09:00,2.593,2.609,2.589,2.607,301341.67
2025-05-08 22:45:00+09:00,2.607,2.61,2.581,2.587,274331.53
2025-05-08 22:50:00+09:00,2.587,2.593,2.581,2.587,172268.62
2025-05-08 22:55:00+09:00,2.587,2.597,2.586,2.592,44673.84
2025-05-08 23:00:00+09:00,2.592,2.592,2.576,2.586,50339.84
2025-05-08 23:05:00+09:00,2.586,2.587,2.563,2.572,75387.63
2025-05-08 23:10:00+09:00,2.572,2.578,2.564,2.566,49123.93
2025-05-08 23:15:00+09:00,2.567,2.575,2.566,2.573,61558.97
2025-05-08 23:20:00+09:00,2.574,2.578,2.567,2.578,27050.58
2025-05-08 23:25:00+09:00,2.577,2.588,2.577,2.585,85212.13
2025-05-08 23:30:00+09:00,2.585,2.598,2.581,2.588,124411.26
2025-05-08 23:35:00+09:00,2.589,2.59,2.573,2.581,83737.38
2025-05-08 23:40:00+09:00,2.581,2.583,2.576,2.582,85753.74
2025-05-08 23:45:00+09:00,2.581,2.592,2.577,2.59,74447.49
2025-05-08 23:50:00+09:00,2.59,2.601,2.587,2.597,116679.56
2025-05-08 23:55:00+09:00,2.597,2.598,2.579,2.589,58670.73
2025-05-09 00:00:00+09:00,2.588,2.596,2.582,2.592,83304.61
2025-05-09 00:05:00+09:00,2.592,2.611,2.592,2.611,90161.58
2025-05-09 00:10:00+09:00,2.611,2.618,2.601,2.615,118954.82
2025-05-09 00:15:00+09:00,2.614,2.628,2.61,2.622,55516.69
2025-05-09 00:20:00+09:00,2.621,2.648,2.62,2.645,129867.89
2025-05-09 00:25:00+09:00,2.645,2.652,2.635,2.635,116246.45
2025-05-09 00:30:00+09:00,2.636,2.645,2.625,2.644,147751.37
2025-05-09 00:35:00+09:00,2.645,2.66,2.645,2.66,155768.08
2025-05-09 00:40:00+09:00,2.66,2.686,2.656,2.666,188117.9
2025-05-09 00:45:00+09:00,2.667,2.681,2.656,2.673,200658.38
2025-05-09 00:50:00+09:00,2.672,2.678,2.64,2.655,176388.72
2025-05-09 00:55:00+09:00,2.655,2.662,2.642,2.652,156550.74
2025-05-09 01:00:00+09:00,2.652,2.668,2.646,2.651,179052.16
2025-05-09 01:05:00+09:00,2.651,2.666,2.651,2.666,68319.11
2025-05-09 01:10:00+09:00,2.666,2.686,2.666,2.681,134767.86
2025-05-09 01:15:00+09:00,2.681,2.694,2.677,2.689,117632.58
2025-05-09 01:20:00+09:00,2.69,2.696,2.677,2.686,182550.58
2025-05-09 01:25:00+09:00,2.687,2.687,2.667,2.671,90248.24
2025-05-09 01:30:00+09:00,2.67,2.688,2.668,2.688,59991.43
2025-05-09 01:35:00+09:00,2.688,2.714,2.688,2.711,126831.72
2025-05-09 01:40:00+09:00,2.711,2.735,2.707,2.725,120406.81
2025-05-09 01:45:00+09:00,2.724,2.743,2.707,2.732,167740.66
2025-05-09 01:50:00+09:00,2.731,2.75,2.717,2.718,170852.68
2025-05-09 01:55:00+09:00,2.718,2.728,2.713,2.727,63946.08
2025-05-09 02:00:00+09:00,2.727,2.733,2.718,2.73,72581.73
2025-05-09 02:05:00+09:00,2.73,2.772,2.73,2.76,158858.19
2025-05-09 02:10:00+09:00,2.761,2.772,2.733,2.733,112394.15
2025-05-09 02:15:00+09:00,2.733,2.743,2.727,2.737,64705.97
2025-05-09 02:20:00+09:00,2.738,2.74,2.718,2.726,66748.43
2025-05-09 02:25:00+09:00,2.727,2.733,2.722,2.727,51367.32
2025-05-09 02:30:00+09:00,2.727,2.731,2.701,2.702,75063.0
2025-05-09 02:35:00+09:00,2.702,2.704,2.687,2.702,145799.11
2025-05-09 02:40:00+09:00,2.702,2.702,2.681,2.693,81757.57
2025-05-09 02:45:00+09:00,2.694,2.697,2.676,2.679,60230.19
2025-05-09 02:50:00+09:00,2.679,2.69,2.679,2.689,24649.91
2025-05-09 02:55:00+09:00,2.689,2.691,2.682,2.688,36556.69
2025-05-09 03:00:00+09:00,2.688,2.697,2.682,2.692,45424.77
2025-05-09 03:05:00+09:00,2.692,2.702,2.688,2.7,20188.75
2025-05-09 03:10:00+09:00,2.701,2.714,2.7,2.702,33667.61
2025-05-09 03:15:00+09:00,2.702,2.712,2.701,2.711,79144.71
2025-05-09 03:20:00+09:00,2.712,2.716,2.703,2.703,43843.25
2025-05-09 03:25:00+09:00,2.702,2.704,2.689,2.699,53048.87
2025-05-09 03:30:00+09:00,2.699,2.704,2.686,2.688,26382.97
2025-05-09 03:35:00+09:00,2.689,2.703,2.689,2.693,52767.43
2025-05-09 03:40:00+09:00,2.693,2.697,2.688,2.69,28162.72
2025-05-09 03:45:00+09:00,2.69,2.697,2.686,2.693,78256.84
2025-05-09 03:50:00+09:00,2.692,2.692,2.683,2.686,20069.04
2025-05-09 03:55:00+09:00,2.686,2.693,2.684,2.685,34879.28
2025-05-09 04:00:00+09:00,2.685,2.688,2.678,2.687,24428.4
2025-05-09 04:05:00+09:00,2.687,2.688,2.663,2.685,80770.48
2025-05-09 04:10:00+09:00,2.686,2.693,2.683,2.69,26224.81
2025-05-09 04:15:00+09:00,2.691,2.693,2.681,2.688,15843.71
2025-05-09 04:20:00+09:00,2.688,2.707,2.683,2.685,113831.67
2025-05-09 04:25:00+09:00,2.686,2.695,2.685,2.691,50415.66
2025-05-09 04:30:00+09:00,2.691,2.694,2.688,2.688,34542.24
2025-05-09 04:35:00+09:00,2.688,2.691,2.682,2.688,21869.41
2025-05-09 04:40:00+09:00,2.689,2.695,2.687,2.695,21196.4
2025-05-09 04:45:00+09:00,2.693,2.697,2.69,2.693,24588.31
2025-05-09 04:50:00+09:00,2.692,2.703,2.686,2.701,49693.37
2025-05-09 04:55:00+09:00,2.701,2.711,2.694,2.707,71210.84
2025-05-09 05:00:00+09:00,2.708,2.713,2.7,2.707,52115.06
2025-05-09 05:05:00+09:00,2.708,2.708,2.696,2.7,45390.28
2025-05-09 05:10:00+09:00,2.701,2.706,2.693,2.693,18858.31
2025-05-09 05:15:00+09:00,2.694,2.7,2.691,2.695,41737.97
2025-05-09 05:20:00+09:00,2.695,2.697,2.691,2.696,26291.67
2025-05-09 05:25:00+09:00,2.695,2.715,2.695,2.711,67482.22
2025-05-09 05:30:00+09:00,2.712,2.727,2.712,2.727,50114.8
2025-05-09 05:35:00+09:00,2.727,2.753,2.72,2.752,58002.29
2025-05-09 05:40:00+09:00,2.752,2.765,2.745,2.757,64681.52
2025-05-09 05:45:00+09:00,2.757,2.764,2.746,2.754,77855.77
2025-05-09 05:50:00+09:00,2.754,2.779,2.753,2.768,103205.82
2025-05-09 05:55:00+09:00,2.769,2.788,2.769,2.788,100829.04
2025-05-09 06:00:00+09:00,2.787,2.789,2.761,2.767,60977.37
2025-05-09 06:05:00+09:00,2.767,2.768,2.742,2.763,100842.51
2025-05-09 06:10:00+09:00,2.764,2.773,2.759,2.765,50873.42
2025-05-09 06:15:00+09:00,2.765,2.783,2.765,2.771,59714.03
2025-05-09 06:20:00+09:00,2.771,2.81,2.771,2.787,140233.9
2025-05-09 06:25:00+09:00,2.784,2.79,2.764,2.767,108384.21
2025-05-09 06:30:00+09:00,2.768,2.779,2.756,2.772,68297.17
2025-05-09 06:35:00+09:00,2.772,2.777,2.763,2.767,33120.14
2025-05-09 06:40:00+09:00,2.768,2.772,2.726,2.746,98485.14
2025-05-09 06:45:00+09:00,2.746,2.763,2.745,2.75,56233.12
2025-05-09 06:50:00+09:00,2.751,2.751,2.728,2.739,101843.86
2025-05-09 06:55:00+09:00,2.739,2.755,2.738,2.743,42551.86
2025-05-09 07:00:00+09:00,2.743,2.745,2.721,2.73,41288.67
2025-05-09 07:05:00+09:00,2.73,2.736,2.71,2.711,56089.97
2025-05-09 07:10:00+09:00,2.712,2.723,2.701,2.717,65875.27
2025-05-09 07:15:00+09:00,2.718,2.722,2.708,2.713,45983.86
2025-05-09 07:20:00+09:00,2.713,2.72,2.711,2.717,49435.31
2025-05-09 07:25:00+09:00,2.717,2.721,2.712,2.72,32685.84
2025-05-09 07:30:00+09:00,2.719,2.727,2.717,2.719,41114.32
2025-05-09 07:35:00+09:00,2.719,2.738,2.719,2.738,20472.7
2025-05-09 07:40:00+09:00,2.738,2.741,2.729,2.734,24256.23
2025-05-09 07:45:00+09:00,2.734,2.735,2.716,2.719,39188.45
2025-05-09 07:50:00+09:00,2.719,2.733,2.718,2.731,17176.64
2025-05-09 07:55:00+09:00,2.732,2.733,2.723,2.728,24836.66
2025-05-09 08:00:00+09:00,2.728,2.73,2.705,2.71,92238.41
2025-05-09 08:05:00+09:00,2.71,2.718,2.708,2.717,22860.38
2025-05-09 08:10:00+09:00,2.717,2.724,2.716,2.716,41053.37
2025-05-09 08:15:00+09:00,2.715,2.729,2.713,2.726,25870.57
2025-05-09 08:20:00+09:00,2.727,2.745,2.727,2.74,36437.65
2025-05-09 08:25:00+09:00,2.741,2.742,2.73,2.73,22484.73
2025-05-09 08:30:00+09:00,2.729,2.739,2.728,2.733,17441.39
2025-05-09 08:35:00+09:00,2.733,2.742,2.731,2.734,58625.94
2025-05-09 08:40:00+09:00,2.734,2.738,2.732,2.734,26691.44
2025-05-09 08:45:00+09:00,2.734,2.748,2.734,2.735,23877.27
2025-05-09 08:50:00+09:00,2.735,2.739,2.733,2.739,18648.13
2025-05-09 08:55:00+09:00,2.739,2.747,2.738,2.742,18972.94
2025-05-09 09:00:00+09:00,2.743,2.754,2.733,2.745,94812.94
2025-05-09 09:05:00+09:00,2.746,2.747,2.715,2.72,59886.17
2025-05-09 09:10:00+09:00,2.721,2.723,2.704,2.71,53852.23
2025-05-09 09:15:00+09:00,2.71,2.718,2.704,2.715,36848.1
2025-05-09 09:20:00+09:00,2.715,2.724,2.708,2.713,21186.99
2025-05-09 09:25:00+09:00,2.714,2.715,2.707,2.714,18556.81
2025-05-09 09:30:00+09:00,2.714,2.722,2.71,2.712,25567.66
2025-05-09 09:35:00+09:00,2.711,2.726,2.705,2.722,36248.84
2025-05-09 09:40:00+09:00,2.721,2.732,2.72,2.732,25633.33
2025-05-09 09:45:00+09:00,2.732,2.752,2.731,2.75,38431.81
2025-05-09 09:50:00+09:00,2.75,2.758,2.75,2.752,34176.09
2025-05-09 09:55:00+09:00,2.752,2.753,2.732,2.735,25553.69
2025-05-09 10:00:00+09:00,2.735,2.739,2.729,2.732,26647.11
2025-05-09 10:05:00+09:00,2.733,2.752,2.733,2.751,53913.51
2025-05-09 10:10:00+09:00,2.751,2.771,2.749,2.77,39398.91
2025-05-09 10:15:00+09:00,2.772,2.783,2.769,2.778,44313.4
2025-05-09 10:20:00+09:00,2.777,2.777,2.764,2.767,32232.14
2025-05-09 10:25:00+09:00,2.766,2.77,2.756,2.767,24120.77
2025-05-09 10:30:00+09:00,2.766,2.769,2.745,2.75,21361.93
2025-05-09 10:35:00+09:00,2.749,2.755,2.734,2.736,115160.92
2025-05-09 10:40:00+09:00,2.737,2.741,2.733,2.74,63200.7
2025-05-09 10:45:00+09:00,2.739,2.74,2.72,2.727,126925.9
2025-05-09 10:50:00+09:00,2.728,2.736,2.719,2.734,71801.31
2025-05-09 10:55:00+09:00,2.735,2.742,2.731,2.733,36319.24
2025-05-09 11:00:00+09:00,2.733,2.736,2.72,2.731,75309.84
2025-05-09 11:05:00+09:00,2.73,2.731,2.718,2.731,54411.07
2025-05-09 11:10:00+09:00,2.731,2.733,2.726,2.731,34107.38
2025-05-09 11:15:00+09:00,2.731,2.745,2.728,2.737,49552.0
2025-05-09 11:20:00+09:00,2.736,2.737,2.724,2.727,43348.4
2025-05-09 11:25:00+09:00,2.727,2.736,2.724,2.732,30951.66
2025-05-09 11:30:00+09:00,2.732,2.739,2.729,2.732,44614.1
2025-05-09 11:35:00+09:00,2.733,2.74,2.726,2.726,34251.63
2025-05-09 11:40:00+09:00,2.726,2.747,2.725,2.745,38655.01
2025-05-09 11:45:00+09:00,2.744,2.745,2.732,2.743,36471.2
2025-05-09 11:50:00+09:00,2.743,2.747,2.733,2.738,49164.21
2025-05-09 11:55:00+09:00,2.739,2.745,2.736,2.741,27604.89
2025-05-09 12:00:00+09:00,2.741,2.748,2.735,2.739,23002.12
2025-05-09 12:05:00+09:00,2.74,2.766,2.738,2.763,89560.68
2025-05-09 12:10:00+09:00,2.763,2.771,2.758,2.758,46795.35
2025-05-09 12:15:00+09:00,2.759,2.768,2.749,2.765,33213.08
2025-05-09 12:20:00+09:00,2.765,2.776,2.763,2.773,34460.27
2025-05-09 12:25:00+09:00,2.772,2.773,2.763,2.766,50950.9
2025-05-09 12:30:00+09:00,2.765,2.768,2.758,2.766,56604.58
2025-05-09 12:35:00+09:00,2.765,2.765,2.74,2.74,44666.2
2025-05-09 12:40:00+09:00,2.74,2.74,2.73,2.733,47136.49
2025-05-09 12:45:00+09:00,2.733,2.742,2.727,2.731,48510.62
2025-05-09 12:50:00+09:00,2.731,2.738,2.726,2.727,60461.65
2025-05-09 12:55:00+09:00,2.727,2.727,2.703,2.709,90970.89
2025-05-09 13:00:00+09:00,2.709,2.717,2.707,2.712,55647.7
2025-05-09 13:05:00+09:00,2.712,2.723,2.709,2.722,42257.1
2025-05-09 13:10:00+09:00,2.723,2.73,2.713,2.725,41338.59
2025-05-09 13:15:00+09:00,2.724,2.726,2.715,2.722,40618.06
2025-05-09 13:20:00+09:00,2.721,2.723,2.712,2.712,62561.36
2025-05-09 13:25:00+09:00,2.712,2.714,2.707,2.707,45998.64
2025-05-09 13:30:00+09:00,2.707,2.708,2.685,2.691,134342.55
2025-05-09 13:35:00+09:00,2.691,2.694,2.658,2.676,129494.44
2025-05-09 13:40:00+09:00,2.676,2.68,2.67,2.676,37966.04
2025-05-09 13:45:00+09:00,2.677,2.686,2.676,2.686,57993.68
2025-05-09 13:50:00+09:00,2.686,2.689,2.679,2.689,48946.38
2025-05-09 13:55:00+09:00,2.689,2.692,2.676,2.677,40547.86
2025-05-09 14:00:00+09:00,2.677,2.681,2.667,2.671,57637.57
2025-05-09 14:05:00+09:00,2.671,2.683,2.667,2.681,63451.13
2025-05-09 14:10:00+09:00,2.681,2.688,2.679,2.686,41791.29
2025-05-09 14:15:00+09:00,2.685,2.691,2.679,2.682,43777.07
2025-05-09 14:20:00+09:00,2.682,2.683,2.672,2.673,46098.53
2025-05-09 14:25:00+09:00,2.673,2.675,2.663,2.672,57479.79
2025-05-09 14:30:00+09:00,2.673,2.68,2.669,2.679,50415.84
2025-05-09 14:35:00+09:00,2.68,2.684,2.675,2.683,50027.77
2025-05-09 14:40:00+09:00,2.683,2.689,2.68,2.687,33699.52
2025-05-09 14:45:00+09:00,2.688,2.7,2.686,2.699,62758.1
2025-05-09 14:50:00+09:00,2.699,2.71,2.696,2.71,78416.35
2025-05-09 14:55:00+09:00,2.71,2.717,2.706,2.716,63328.17
2025-05-09 15:00:00+09:00,2.716,2.717,2.695,2.698,70580.9
2025-05-09 15:05:00+09:00,2.698,2.7,2.685,2.689,85884.31
2025-05-09 15:10:00+09:00,2.689,2.705,2.686,2.699,97747.67
2025-05-09 15:15:00+09:00,2.699,2.709,2.698,2.709,116943.81
2025-05-09 15:20:00+09:00,2.709,2.722,2.709,2.715,177158.82
2025-05-09 15:25:00+09:00,2.716,2.727,2.715,2.725,114374.79
2025-05-09 15:30:00+09:00,2.724,2.736,2.721,2.723,161925.22
2025-05-09 15:35:00+09:00,2.723,2.723,2.709,2.709,157714.27
2025-05-09 15:40:00+09:00,2.709,2.713,2.7,2.712,158480.02
2025-05-09 15:45:00+09:00,2.711,2.729,2.709,2.722,116240.7
2025-05-09 15:50:00+09:00,2.722,2.73,2.722,2.728,106504.41
2025-05-09 15:55:00+09:00,2.728,2.731,2.717,2.724,99571.35
2025-05-09 16:00:00+09:00,2.724,2.745,2.721,2.739,221024.87
2025-05-09 16:05:00+09:00,2.739,2.754,2.734,2.754,156281.83
2025-05-09 16:10:00+09:00,2.754,2.754,2.744,2.748,116109.52
2025-05-09 16:15:00+09:00,2.749,2.766,2.737,2.762,152304.99
2025-05-09 16:20:00+09:00,2.762,2.785,2.747,2.765,255698.46
2025-05-09 16:25:00+09:00,2.764,2.765,2.754,2.76,127596.64
2025-05-09 16:30:00+09:00,2.76,2.761,2.746,2.757,182797.89
2025-05-09 16:35:00+09:00,2.758,2.771,2.757,2.77,118328.39
2025-05-09 16:40:00+09:00,2.77,2.81,2.768,2.81,210876.96
2025-05-09 16:45:00+09:00,2.81,2.85,2.807,2.842,339276.36
2025-05-09 16:50:00+09:00,2.842,2.88,2.807,2.833,635302.56
2025-05-09 16:55:00+09:00,2.834,2.852,2.814,2.852,222729.33
2025-05-09 17:00:00+09:00,2.851,2.88,2.844,2.877,286138.0
2025-05-09 17:05:00+09:00,2.878,2.901,2.868,2.891,329631.86
2025-05-09 17:10:00+09:00,2.891,2.896,2.856,2.868,125062.04
2025-05-09 17:15:00+09:00,2.867,2.884,2.865,2.881,60431.78
2025-05-09 17:20:00+09:00,2.881,2.907,2.877,2.903,104279.25
2025-05-09 17:25:00+09:00,2.905,2.931,2.901,2.907,161610.09
2025-05-09 17:30:00+09:00,2.907,2.934,2.895,2.925,146813.78
2025-05-09 17:35:00+09:00,2.924,2.935,2.894,2.896,224444.14
2025-05-09 17:40:00+09:00,2.895,2.9,2.802,2.81,699334.25
2025-05-09 17:45:00+09:00,2.81,2.865,2.81,2.834,174163.42
2025-05-09 17:50:00+09:00,2.833,2.854,2.827,2.833,108885.74
2025-05-09 17:55:00+09:00,2.833,2.841,2.814,2.835,136167.18
2025-05-09 18:00:00+09:00,2.836,2.889,2.835,2.885,114313.13
2025-05-09 18:05:00+09:00,2.886,2.908,2.839,2.843,157673.29
2025-05-09 18:10:00+09:00,2.843,2.849,2.815,2.831,160786.43
2025-05-09 18:15:00+09:00,2.832,2.842,2.807,2.839,89413.61
2025-05-09 18:20:00+09:00,2.84,2.843,2.81,2.83,114357.03
2025-05-09 18:25:00+09:00,2.83,2.831,2.797,2.807,160140.13
2025-05-09 18:30:00+09:00,2.808,2.836,2.802,2.829,81687.85
2025-05-09 18:35:00+09:00,2.829,2.838,2.814,2.834,36406.59
2025-05-09 18:40:00+09:00,2.834,2.839,2.816,2.824,86627.77
2025-05-09 18:45:00+09:00,2.825,2.843,2.815,2.816,67367.66
2025-05-09 18:50:00+09:00,2.815,2.816,2.794,2.81,122280.82
2025-05-09 18:55:00+09:00,2.811,2.83,2.811,2.827,31039.66
2025-05-09 19:00:00+09:00,2.827,2.842,2.821,2.822,45836.79
2025-05-09 19:05:00+09:00,2.822,2.827,2.819,2.822,55805.68
2025-05-09 19:10:00+09:00,2.822,2.847,2.821,2.84,88711.94
2025-05-09 19:15:00+09:00,2.841,2.846,2.828,2.83,45769.63
2025-05-09 19:20:00+09:00,2.829,2.833,2.805,2.832,100936.52
2025-05-09 19:25:00+09:00,2.832,2.861,2.832,2.853,65989.55
2025-05-09 19:30:00+09:00,2.853,2.858,2.833,2.855,52425.98
2025-05-09 19:35:00+09:00,2.854,2.871,2.847,2.867,45701.36
2025-05-09 19:40:00+09:00,2.867,2.876,2.859,2.874,58873.45
2025-05-09 19:45:00+09:00,2.873,2.884,2.866,2.883,31806.46
2025-05-09 19:50:00+09:00,2.883,2.902,2.882,2.899,65443.28
2025-05-09 19:55:00+09:00,2.9,2.915,2.892,2.901,86204.71
2025-05-09 20:00:00+09:00,2.901,2.902,2.881,2.891,62610.02
2025-05-09 20:05:00+09:00,2.891,2.908,2.882,2.908,82820.99
2025-05-09 20:10:00+09:00,2.908,2.919,2.902,2.912,62344.81
2025-05-09 20:15:00+09:00,2.913,2.932,2.91,2.924,49079.78
2025-05-09 20:20:00+09:00,2.925,2.935,2.921,2.928,78720.9
2025-05-09 20:25:00+09:00,2.929,2.93,2.839,2.862,412774.84
2025-05-09 20:30:00+09:00,2.864,2.887,2.853,2.88,83122.92
2025-05-09 20:35:00+09:00,2.88,2.891,2.866,2.885,86154.37
2025-05-09 20:40:00+09:00,2.885,2.924,2.878,2.924,54295.17
2025-05-09 20:45:00+09:00,2.924,2.929,2.911,2.918,142061.45
2025-05-09 20:50:00+09:00,2.919,2.931,2.912,2.925,95735.03
2025-05-09 20:55:00+09:00,2.924,2.949,2.924,2.938,149440.54
2025-05-09 21:00:00+09:00,2.938,2.942,2.903,2.917,102762.4
2025-05-09 21:05:00+09:00,2.918,2.927,2.877,2.886,87035.22
2025-05-09 21:10:00+09:00,2.887,2.904,2.874,2.885,69622.32
2025-05-09 21:15:00+09:00,2.886,2.903,2.877,2.901,34791.61
2025-05-09 21:20:00+09:00,2.901,2.931,2.9,2.919,82637.25
2025-05-09 21:25:00+09:00,2.92,2.924,2.909,2.918,39869.26
2025-05-09 21:30:00+09:00,2.916,2.93,2.91,2.921,30348.2
2025-05-09 21:35:00+09:00,2.922,2.927,2.916,2.922,34171.53
2025-05-09 21:40:00+09:00,2.923,2.925,2.908,2.92,23155.75
2025-05-09 21:45:00+09:00,2.921,2.936,2.912,2.934,50735.61
2025-05-09 21:50:00+09:00,2.935,2.974,2.933,2.97,151009.1
2025-05-09 21:55:00+09:00,2.97,2.971,2.953,2.956,105219.51
2025-05-09 22:00:00+09:00,2.957,2.979,2.953,2.957,171852.89
2025-05-09 22:05:00+09:00,2.957,2.975,2.952,2.953,50521.83
2025-05-09 22:10:00+09:00,2.953,2.978,2.953,2.969,45906.36
2025-05-09 22:15:00+09:00,2.968,2.973,2.948,2.962,101077.58
2025-05-09 22:20:00+09:00,2.962,2.973,2.951,2.96,32890.27
2025-05-09 22:25:00+09:00,2.96,2.973,2.957,2.973,16467.14
2025-05-09 22:30:00+09:00,2.973,2.974,2.937,2.97,71378.73
2025-05-09 22:35:00+09:00,2.97,2.982,2.96,2.981,75951.61
2025-05-09 22:40:00+09:00,2.981,2.983,2.963,2.97,81691.05
2025-05-09 22:45:00+09:00,2.969,2.98,2.966,2.974,78372.87
2025-05-09 22:50:00+09:00,2.973,2.978,2.96,2.964,79172.29
2025-05-09 22:55:00+09:00,2.963,2.969,2.957,2.964,70691.58
2025-05-09 23:00:00+09:00,2.966,2.966,2.93,2.933,169351.43
2025-05-09 23:05:00+09:00,2.933,2.945,2.911,2.942,187433.88
2025-05-09 23:10:00+09:00,2.942,2.951,2.941,2.944,38498.85
2025-05-09 23:15:00+09:00,2.944,2.962,2.929,2.93,47128.36
2025-05-09 23:20:00+09:00,2.928,2.939,2.908,2.909,90838.55
2025-05-09 23:25:00+09:00,2.909,2.909,2.884,2.89,194362.98
2025-05-09 23:30:00+09:00,2.89,2.912,2.886,2.904,86128.96
2025-05-09 23:35:00+09:00,2.905,2.908,2.85,2.862,259815.26
2025-05-09 23:40:00+09:00,2.863,2.892,2.848,2.89,56895.8
2025-05-09 23:45:00+09:00,2.891,2.893,2.86,2.875,39555.43
2025-05-09 23:50:00+09:00,2.875,2.884,2.871,2.876,29493.24
2025-05-09 23:55:00+09:00,2.876,2.884,2.874,2.877,24563.13
2025-05-10 00:00:00+09:00,2.878,2.885,2.868,2.877,66568.69
2025-05-10 00:05:00+09:00,2.879,2.894,2.879,2.888,40752.82
2025-05-10 00:10:00+09:00,2.887,2.902,2.883,2.901,26386.28
2025-05-10 00:15:00+09:00,2.901,2.909,2.894,2.906,26248.35
2025-05-10 00:20:00+09:00,2.906,2.906,2.852,2.861,38567.82
2025-05-10 00:25:00+09:00,2.862,2.874,2.851,2.872,34693.73
2025-05-10 00:30:00+09:00,2.872,2.875,2.851,2.868,67325.16
2025-05-10 00:35:00+09:00,2.87,2.872,2.853,2.863,43513.94
2025-05-10 00:40:00+09:00,2.864,2.865,2.847,2.861,45634.05
2025-05-10 00:45:00+09:00,2.863,2.87,2.844,2.852,87665.05
2025-05-10 00:50:00+09:00,2.852,2.879,2.852,2.869,42219.69
2025-05-10 00:55:00+09:00,2.868,2.873,2.861,2.873,20803.86
2025-05-10 01:00:00+09:00,2.874,2.877,2.86,2.864,22164.37
2025-05-10 01:05:00+09:00,2.864,2.865,2.83,2.836,133443.07
2025-05-10 01:10:00+09:00,2.837,2.865,2.833,2.862,50578.8
2025-05-10 01:15:00+09:00,2.863,2.884,2.851,2.884,37103.14
2025-05-10 01:20:00+09:00,2.884,2.895,2.881,2.891,57986.92
2025-05-10 01:25:00+09:00,2.89,2.894,2.875,2.88,30793.29
2025-05-10 01:30:00+09:00,2.88,2.893,2.878,2.886,19032.87
2025-05-10 01:35:00+09:00,2.887,2.916,2.887,2.898,33390.94
2025-05-10 01:40:00+09:00,2.897,2.911,2.896,2.903,32972.17
2025-05-10 01:45:00+09:00,2.903,2.913,2.892,2.893,29803.47
2025-05-10 01:50:00+09:00,2.892,2.892,2.861,2.873,55249.74
2025-05-10 01:55:00+09:00,2.874,2.875,2.85,2.858,28542.96
2025-05-10 02:00:00+09:00,2.859,2.886,2.854,2.881,41800.58
2025-05-10 02:05:00+09:00,2.882,2.912,2.877,2.91,87158.25
2025-05-10 02:10:00+09:00,2.912,2.916,2.906,2.906,18801.39
2025-05-10 02:15:00+09:00,2.907,2.927,2.906,2.921,43117.07
2025-05-10 02:20:00+09:00,2.921,2.933,2.916,2.923,67567.82
2025-05-10 02:25:00+09:00,2.924,2.929,2.912,2.927,95680.25
2025-05-10 02:30:00+09:00,2.928,2.93,2.918,2.923,30322.53
2025-05-10 02:35:00+09:00,2.921,2.932,2.92,2.926,40172.44
2025-05-10 02:40:00+09:00,2.926,2.937,2.92,2.929,29708.62
2025-05-10 02:45:00+09:00,2.929,2.943,2.929,2.942,36311.95
2025-05-10 02:50:00+09:00,2.943,2.944,2.933,2.942,30728.62
2025-05-10 02:55:00+09:00,2.941,2.95,2.938,2.946,38546.6
2025-05-10 03:00:00+09:00,2.945,2.951,2.933,2.937,43621.52
2025-05-10 03:05:00+09:00,2.939,2.96,2.939,2.948,41970.68
2025-05-10 03:10:00+09:00,2.949,2.95,2.93,2.931,31799.36
2025-05-10 03:15:00+09:00,2.932,2.935,2.911,2.923,47056.23
2025-05-10 03:20:00+09:00,2.924,2.93,2.917,2.921,17167.53
2025-05-10 03:25:00+09:00,2.921,2.93,2.919,2.925,8083.88
2025-05-10 03:30:00+09:00,2.926,2.932,2.922,2.925,18213.36
2025-05-10 03:35:00+09:00,2.926,2.929,2.916,2.925,12202.76
2025-05-10 03:40:00+09:00,2.925,2.932,2.922,2.924,8089.66
2025-05-10 03:45:00+09:00,2.925,2.936,2.921,2.93,74929.75
2025-05-10 03:50:00+09:00,2.931,2.937,2.928,2.928,7676.89
2025-05-10 03:55:00+09:00,2.929,2.93,2.922,2.926,10224.36
2025-05-10 04:00:00+09:00,2.928,2.94,2.928,2.94,10732.42
2025-05-10 04:05:00+09:00,2.941,2.941,2.926,2.937,19711.05
2025-05-10 04:10:00+09:00,2.937,2.937,2.917,2.918,22654.41
2025-05-10 04:15:00+09:00,2.917,2.919,2.906,2.917,50415.8
2025-05-10 04:20:00+09:00,2.916,2.925,2.908,2.914,12327.42
2025-05-10 04:25:00+09:00,2.914,2.928,2.914,2.926,11731.91
2025-05-10 04:30:00+09:00,2.926,2.938,2.924,2.938,10083.19
2025-05-10 04:35:00+09:00,2.937,2.938,2.93,2.934,9156.98
2025-05-10 04:40:00+09:00,2.935,2.935,2.923,2.923,7055.14
2025-05-10 04:45:00+09:00,2.924,2.93,2.921,2.926,7632.62
2025-05-10 04:50:00+09:00,2.927,2.929,2.916,2.928,18127.46
2025-05-10 04:55:00+09:00,2.927,2.927,2.917,2.926,12129.59
2025-05-10 05:00:00+09:00,2.925,2.929,2.916,2.927,19513.99
2025-05-10 05:05:00+09:00,2.926,2.929,2.917,2.929,38653.97
2025-05-10 05:10:00+09:00,2.93,2.93,2.916,2.919,15292.23
2025-05-10 05:15:00+09:00,2.92,2.939,2.919,2.936,36045.88
2025-05-10 05:20:00+09:00,2.937,2.947,2.936,2.946,23385.92
2025-05-10 05:25:00+09:00,2.947,2.952,2.94,2.947,47715.26
2025-05-10 05:30:00+09:00,2.947,2.948,2.937,2.942,21748.68
2025-05-10 05:35:00+09:00,2.941,2.943,2.932,2.935,9352.13
2025-05-10 05:40:00+09:00,2.936,2.945,2.935,2.943,22510.67
2025-05-10 05:45:00+09:00,2.943,2.949,2.935,2.946,23734.51
2025-05-10 05:50:00+09:00,2.947,2.954,2.947,2.951,35253.5
2025-05-10 05:55:00+09:00,2.951,2.96,2.948,2.958,35853.23
2025-05-10 06:00:00+09:00,2.959,2.962,2.951,2.951,36028.19
2025-05-10 06:05:00+09:00,2.951,2.962,2.95,2.958,43134.47
2025-05-10 06:10:00+09:00,2.958,2.962,2.95,2.951,50875.07
2025-05-10 06:15:00+09:00,2.952,2.979,2.951,2.974,94971.54
2025-05-10 06:20:00+09:00,2.975,2.978,2.958,2.958,70748.35
2025-05-10 06:25:00+09:00,2.958,2.975,2.954,2.97,47585.11
2025-05-10 06:30:00+09:00,2.969,2.984,2.964,2.971,111669.92
2025-05-10 06:35:00+09:00,2.971,3.015,2.971,3.008,175899.9
2025-05-10 06:40:00+09:00,3.009,3.04,3.008,3.025,110070.77
2025-05-10 06:45:00+09:00,3.024,3.039,3.019,3.027,93304.04
2025-05-10 06:50:00+09:00,3.026,3.03,3.02,3.028,48270.47
2025-05-10 06:55:00+09:00,3.028,3.031,3.019,3.031,65999.44
2025-05-10 07:00:00+09:00,3.032,3.05,3.029,3.03,127193.53
2025-05-10 07:05:00+09:00,3.03,3.05,3.03,3.043,129831.01
2025-05-10 07:10:00+09:00,3.042,3.048,3.032,3.039,46970.74
2025-05-10 07:15:00+09:00,3.038,3.051,3.017,3.04,100227.18
2025-05-10 07:20:00+09:00,3.042,3.093,3.042,3.078,222334.6
2025-05-10 07:25:00+09:00,3.079,3.09,3.069,3.075,76977.96
2025-05-10 07:30:00+09:00,3.075,3.087,3.059,3.083,106876.67
2025-05-10 07:35:00+09:00,3.084,3.084,3.049,3.065,39864.83
2025-05-10 07:40:00+09:00,3.063,3.063,3.041,3.054,29808.27
2025-05-10 07:45:00+09:00,3.054,3.063,3.037,3.041,53777.22
2025-05-10 07:50:00+09:00,3.042,3.051,3.039,3.046,23596.31
2025-05-10 07:55:00+09:00,3.046,3.061,3.046,3.056,35911.85
2025-05-10 08:00:00+09:00,3.055,3.076,3.052,3.075,62820.02
2025-05-10 08:05:00+09:00,3.074,3.075,3.06,3.063,20866.9
2025-05-10 08:10:00+09:00,3.063,3.088,3.062,3.084,32251.52
2025-05-10 08:15:00+09:00,3.086,3.089,3.075,3.081,26223.06
2025-05-10 08:20:00+09:00,3.081,3.081,3.07,3.081,29803.59
2025-05-10 08:25:00+09:00,3.082,3.084,3.075,3.077,23440.56
2025-05-10 08:30:00+09:00,3.076,3.076,3.062,3.068,45493.8
2025-05-10 08:35:00+09:00,3.07,3.073,3.048,3.055,64528.82
2025-05-10 08:40:00+09:00,3.055,3.06,3.046,3.048,33834.16
2025-05-10 08:45:00+09:00,3.049,3.061,3.045,3.061,27982.55
2025-05-10 08:50:00+09:00,3.061,3.066,3.057,3.059,15409.97
2025-05-10 08:55:00+09:00,3.06,3.062,3.056,3.058,14254.27
2025-05-10 09:00:00+09:00,3.057,3.067,3.045,3.064,45830.62
2025-05-10 09:05:00+09:00,3.063,3.085,3.062,3.084,30543.76
2025-05-10 09:10:00+09:00,3.085,3.099,3.079,3.096,44260.91
2025-05-10 09:15:00+09:00,3.096,3.126,3.094,3.126,71269.11
2025-05-10 09:20:00+09:00,3.125,3.14,3.115,3.125,68635.36
2025-05-10 09:25:00+09:00,3.125,3.161,3.115,3.144,151330.6
2025-05-10 09:30:00+09:00,3.143,3.149,3.101,3.103,70951.38
2025-05-10 09:35:00+09:00,3.101,3.145,3.101,3.127,81333.23
2025-05-10 09:40:00+09:00,3.127,3.132,3.118,3.12,32126.29
2025-05-10 09:45:00+09:00,3.119,3.119,3.062,3.081,47649.71
2025-05-10 09:50:00+09:00,3.082,3.09,3.053,3.054,42487.59
2025-05-10 09:55:00+09:00,3.053,3.06,3.029,3.044,77895.38
2025-05-10 10:00:00+09:00,3.045,3.066,3.04,3.059,43243.53
2025-05-10 10:05:00+09:00,3.06,3.062,3.032,3.045,34180.09
2025-05-10 10:10:00+09:00,3.045,3.057,3.025,3.027,52597.47
2025-05-10 10:15:00+09:00,3.025,3.044,3.024,3.032,56624.07
2025-05-10 10:20:00+09:00,3.033,3.068,3.032,3.058,35842.01
2025-05-10 10:25:00+09:00,3.058,3.066,3.055,3.06,45896.8
2025-05-10 10:30:00+09:00,3.06,3.067,3.044,3.063,37207.65
2025-05-10 10:35:00+09:00,3.064,3.068,3.044,3.055,30171.73
2025-05-10 10:40:00+09:00,3.055,3.06,3.034,3.036,139391.02
2025-05-10 10:45:00+09:00,3.036,3.055,3.017,3.022,72757.53
2025-05-10 10:50:00+09:00,3.023,3.023,2.987,3.004,106878.94
2025-05-10 10:55:00+09:00,3.004,3.016,2.995,3.0,78081.72
2025-05-10 11:00:00+09:00,3.0,3.01,2.993,2.997,19945.02
2025-05-10 11:05:00+09:00,2.997,3.019,2.996,3.018,15509.97
2025-05-10 11:10:00+09:00,3.019,3.023,3.01,3.017,16395.58
2025-05-10 11:15:00+09:00,3.017,3.022,2.997,3.009,17279.64
2025-05-10 11:20:00+09:00,3.008,3.025,3.006,3.023,22175.77
2025-05-10 11:25:00+09:00,3.024,3.04,3.022,3.036,31277.45
2025-05-10 11:30:00+09:00,3.037,3.043,3.022,3.043,46127.2
2025-05-10 11:35:00+09:00,3.042,3.052,3.031,3.037,41427.25
2025-05-10 11:40:00+09:00,3.037,3.041,3.022,3.026,12790.64
2025-05-10 11:45:00+09:00,3.026,3.035,3.023,3.029,18089.23
2025-05-10 11:50:00+09:00,3.028,3.028,3.021,3.021,13269.25
2025-05-10 11:55:00+09:00,3.023,3.031,3.018,3.022,10258.78
2025-05-10 12:00:00+09:00,3.022,3.028,3.016,3.016,9599.65
2025-05-10 12:05:00+09:00,3.016,3.026,3.007,3.014,14223.3
2025-05-10 12:10:00+09:00,3.015,3.02,3.012,3.015,10443.71
2025-05-10 12:15:00+09:00,3.016,3.024,3.011,3.013,10691.05
2025-05-10 12:20:00+09:00,3.012,3.022,3.006,3.02,11203.96
2025-05-10 12:25:00+09:00,3.022,3.026,3.012,3.024,8404.77
2025-05-10 12:30:00+09:00,3.025,3.026,3.014,3.017,23587.98
2025-05-10 12:35:00+09:00,3.016,3.029,3.009,3.013,42359.64
2025-05-10 12:40:00+09:00,3.012,3.02,3.007,3.015,12467.79
2025-05-10 12:45:00+09:00,3.016,3.022,3.012,3.015,16991.85
2025-05-10 12:50:00+09:00,3.015,3.028,3.011,3.022,30117.14
2025-05-10 12:55:00+09:00,3.022,3.035,3.021,3.032,7958.97
2025-05-10 13:00:00+09:00,3.032,3.032,3.022,3.028,16904.39
2025-05-10 13:05:00+09:00,3.029,3.033,3.01,3.013,11565.79
2025-05-10 13:10:00+09:00,3.014,3.022,3.011,3.019,15233.89
2025-05-10 13:15:00+09:00,3.019,3.026,3.009,3.015,18878.6
2025-05-10 13:20:00+09:00,3.015,3.021,3.007,3.021,8671.5
2025-05-10 13:25:00+09:00,3.02,3.025,3.016,3.016,29566.77
2025-05-10 13:30:00+09:00,3.016,3.023,3.008,3.016,11172.17
2025-05-10 13:35:00+09:00,3.016,3.025,3.016,3.022,15052.02
2025-05-10 13:40:00+09:00,3.023,3.033,3.02,3.033,9959.19
2025-05-10 13:45:00+09:00,3.033,3.054,3.032,3.052,35994.65
2025-05-10 13:50:00+09:00,3.052,3.065,3.051,3.061,60212.28
2025-05-10 13:55:00+09:00,3.061,3.062,3.048,3.054,23578.68
2025-05-10 14:00:00+09:00,3.055,3.068,3.053,3.063,13681.28
2025-05-10 14:05:00+09:00,3.063,3.085,3.058,3.076,90937.3
2025-05-10 14:10:00+09:00,3.077,3.083,3.069,3.073,40257.97
2025-05-10 14:15:00+09:00,3.073,3.095,3.069,3.069,60242.44
2025-05-10 14:20:00+09:00,3.068,3.08,3.067,3.067,24358.31
2025-05-10 14:25:00+09:00,3.066,3.075,3.062,3.074,11507.1
2025-05-10 14:30:00+09:00,3.074,3.086,3.068,3.081,45521.58
2025-05-10 14:35:00+09:00,3.081,3.086,3.072,3.076,30778.14
2025-05-10 14:40:00+09:00,3.076,3.093,3.072,3.092,17537.65
2025-05-10 14:45:00+09:00,3.093,3.109,3.085,3.109,39080.69
2025-05-10 14:50:00+09:00,3.11,3.126,3.109,3.125,53655.71
2025-05-10 14:55:00+09:00,3.125,3.133,3.121,3.127,33108.0
2025-05-10 15:00:00+09:00,3.128,3.144,3.114,3.125,68501.0
2025-05-10 15:05:00+09:00,3.125,3.165,3.125,3.161,70996.3
2025-05-10 15:10:00+09:00,3.161,3.187,3.161,3.181,103841.05
2025-05-10 15:15:00+09:00,3.182,3.199,3.173,3.194,107984.11
2025-05-10 15:20:00+09:00,3.194,3.197,3.174,3.175,52383.62
2025-05-10 15:25:00+09:00,3.175,3.19,3.171,3.19,62454.39
2025-05-10 15:30:00+09:00,3.191,3.21,3.185,3.199,77279.53
2025-05-10 15:35:00+09:00,3.199,3.203,3.186,3.186,45902.18
2025-05-10 15:40:00+09:00,3.188,3.21,3.188,3.204,33483.71
2025-05-10 15:45:00+09:00,3.204,3.219,3.162,3.166,79770.14
2025-05-10 15:50:00+09:00,3.166,3.184,3.153,3.183,63794.23
2025-05-10 15:55:00+09:00,3.183,3.19,3.174,3.186,40081.57
2025-05-10 16:00:00+09:00,3.186,3.192,3.173,3.188,52826.68
2025-05-10 16:05:00+09:00,3.188,3.231,3.186,3.228,140544.34
2025-05-10 16:10:00+09:00,3.229,3.257,3.219,3.251,84684.33
2025-05-10 16:15:00+09:00,3.25,3.256,3.222,3.236,65517.69
2025-05-10 16:20:00+09:00,3.235,3.237,3.196,3.198,130257.1
2025-05-10 16:25:00+09:00,3.196,3.206,3.179,3.2,74689.38
2025-05-10 16:30:00+09:00,3.2,3.202,3.175,3.186,101575.64
2025-05-10 16:35:00+09:00,3.186,3.19,3.172,3.182,76211.62
2025-05-10 16:40:00+09:00,3.182,3.183,3.169,3.176,46611.43
2025-05-10 16:45:00+09:00,3.176,3.184,3.165,3.183,59101.31
2025-05-10 16:50:00+09:00,3.184,3.2,3.172,3.196,41067.98
2025-05-10 16:55:00+09:00,3.197,3.22,3.193,3.212,111761.55
2025-05-10 17:00:00+09:00,3.212,3.212,3.192,3.21,79939.4
2025-05-10 17:05:00+09:00,3.211,3.23,3.205,3.206,121800.47
2025-05-10 17:10:00+09:00,3.207,3.215,3.199,3.205,39167.93
2025-05-10 17:15:00+09:00,3.206,3.218,3.199,3.207,39823.87
2025-05-10 17:20:00+09:00,3.208,3.23,3.198,3.223,103748.22
2025-05-10 17:25:00+09:00,3.224,3.231,3.216,3.227,28078.65
2025-05-10 17:30:00+09:00,3.228,3.228,3.213,3.214,35695.98
2025-05-10 17:35:00+09:00,3.213,3.232,3.203,3.223,63161.02
2025-05-10 17:40:00+09:00,3.222,3.229,3.21,3.225,22570.92
2025-05-10 17:45:00+09:00,3.225,3.232,3.214,3.214,15976.5
2025-05-10 17:50:00+09:00,3.214,3.215,3.167,3.188,149053.12
2025-05-10 17:55:00+09:00,3.19,3.21,3.187,3.208,53719.15
2025-05-10 18:00:00+09:00,3.208,3.21,3.167,3.178,83766.48
2025-05-10 18:05:00+09:00,3.179,3.187,3.171,3.185,93705.24
2025-05-10 18:10:00+09:00,3.184,3.224,3.174,3.224,221510.54
2025-05-10 18:15:00+09:00,3.224,3.255,3.219,3.252,64747.33
2025-05-10 18:20:00+09:00,3.254,3.285,3.249,3.259,115128.96
2025-05-10 18:25:00+09:00,3.259,3.26,3.227,3.235,79980.53
2025-05-10 18:30:00+09:00,3.236,3.254,3.234,3.248,47422.42
2025-05-10 18:35:00+09:00,3.249,3.263,3.249,3.257,59795.05
2025-05-10 18:40:00+09:00,3.258,3.263,3.197,3.198,283147.85
2025-05-10 18:45:00+09:00,3.199,3.246,3.194,3.235,94683.39
2025-05-10 18:50:00+09:00,3.234,3.241,3.227,3.228,37622.49
2025-05-10 18:55:00+09:00,3.228,3.237,3.226,3.23,19287.72
2025-05-10 19:00:00+09:00,3.229,3.229,3.213,3.221,39697.91
2025-05-10 19:05:00+09:00,3.22,3.232,3.215,3.221,15456.18
2025-05-10 19:10:00+09:00,3.221,3.228,3.2,3.201,55080.09
2025-05-10 19:15:00+09:00,3.203,3.212,3.191,3.2,21014.34
2025-05-10 19:20:00+09:00,3.2,3.209,3.194,3.194,19219.03
2025-05-10 19:25:00+09:00,3.193,3.202,3.181,3.184,33181.9
2025-05-10 19:30:00+09:00,3.184,3.199,3.184,3.189,45678.33
2025-05-10 19:35:00+09:00,3.19,3.192,3.177,3.181,49926.16
2025-05-10 19:40:00+09:00,3.181,3.193,3.178,3.181,46069.03
2025-05-10 19:45:00+09:00,3.181,3.183,3.157,3.17,45782.93
2025-05-10 19:50:00+09:00,3.17,3.186,3.165,3.173,31023.85
2025-05-10 19:55:00+09:00,3.172,3.172,3.131,3.132,95355.8
2025-05-10 20:00:00+09:00,3.132,3.144,3.121,3.133,118533.95
2025-05-10 20:05:00+09:00,3.132,3.149,3.132,3.149,41156.94
2025-05-10 20:10:00+09:00,3.147,3.153,3.137,3.143,51284.08
2025-05-10 20:15:00+09:00,3.143,3.145,3.117,3.124,32395.58
2025-05-10 20:20:00+09:00,3.125,3.136,3.12,3.131,19600.68
2025-05-10 20:25:00+09:00,3.132,3.138,3.118,3.126,53090.78
2025-05-10 20:30:00+09:00,3.126,3.127,3.102,3.111,55370.46
2025-05-10 20:35:00+09:00,3.11,3.11,3.092,3.094,71970.15
2025-05-10 20:40:00+09:00,3.094,3.095,3.068,3.081,80606.16
2025-05-10 20:45:00+09:00,3.081,3.105,3.081,3.105,53977.41
2025-05-10 20:50:00+09:00,3.105,3.109,3.093,3.099,64449.12
2025-05-10 20:55:00+09:00,3.099,3.099,3.092,3.093,19508.97
2025-05-10 21:00:00+09:00,3.093,3.112,3.093,3.11,34220.93
2025-05-10 21:05:00+09:00,3.11,3.12,3.11,3.117,29498.67
2025-05-10 21:10:00+09:00,3.118,3.132,3.113,3.124,80074.31
2025-05-10 21:15:00+09:00,3.125,3.13,3.115,3.127,33431.74
2025-05-10 21:20:00+09:00,3.127,3.139,3.123,3.13,32031.48
2025-05-10 21:25:00+09:00,3.131,3.137,3.127,3.133,26098.97
2025-05-10 21:30:00+09:00,3.133,3.145,3.129,3.133,21424.35
2025-05-10 21:35:00+09:00,3.133,3.137,3.121,3.122,22628.3
2025-05-10 21:40:00+09:00,3.121,3.126,3.103,3.105,24903.68
2025-05-10 21:45:00+09:00,3.104,3.114,3.102,3.107,25722.06
2025-05-10 21:50:00+09:00,3.107,3.127,3.106,3.124,35775.81
2025-05-10 21:55:00+09:00,3.125,3.125,3.115,3.118,20335.98
2025-05-10 22:00:00+09:00,3.118,3.144,3.118,3.136,26004.98
2025-05-10 22:05:00+09:00,3.134,3.151,3.134,3.147,34453.13
2025-05-10 22:10:00+09:00,3.146,3.167,3.146,3.162,66552.86
2025-05-10 22:15:00+09:00,3.162,3.162,3.142,3.148,51969.54
2025-05-10 22:20:00+09:00,3.149,3.166,3.149,3.158,66726.18
2025-05-10 22:25:00+09:00,3.159,3.173,3.159,3.169,36097.5
2025-05-10 22:30:00+09:00,3.168,3.179,3.168,3.175,37752.23
2025-05-10 22:35:00+09:00,3.174,3.19,3.174,3.182,37240.61
2025-05-10 22:40:00+09:00,3.182,3.196,3.181,3.19,29379.57
2025-05-10 22:45:00+09:00,3.191,3.201,3.189,3.197,39369.48
2025-05-10 22:50:00+09:00,3.196,3.198,3.179,3.196,22075.69
2025-05-10 22:55:00+09:00,3.196,3.196,3.179,3.187,9000.48
2025-05-10 23:00:00+09:00,3.186,3.203,3.186,3.191,29279.64
2025-05-10 23:05:00+09:00,3.192,3.195,3.18,3.19,16717.01
2025-05-10 23:10:00+09:00,3.191,3.207,3.189,3.2,35207.81
2025-05-10 23:15:00+09:00,3.2,3.205,3.187,3.189,28052.28
2025-05-10 23:20:00+09:00,3.191,3.203,3.187,3.201,22602.42
2025-05-10 23:25:00+09:00,3.2,3.2,3.184,3.189,16417.05
2025-05-10 23:30:00+09:00,3.189,3.2,3.184,3.195,12020.84
2025-05-10 23:35:00+09:00,3.195,3.216,3.19,3.209,39904.49
2025-05-10 23:40:00+09:00,3.209,3.209,3.191,3.199,24263.47
2025-05-10 23:45:00+09:00,3.198,3.211,3.196,3.201,32026.33
2025-05-10 23:50:00+09:00,3.202,3.202,3.192,3.197,22971.75
2025-05-10 23:55:00+09:00,3.198,3.199,3.19,3.193,12997.91
2025-05-11 00:00:00+09:00,3.193,3.193,3.169,3.187,51897.56
2025-05-11 00:05:00+09:00,3.186,3.186,3.162,3.17,97555.69
2025-05-11 00:10:00+09:00,3.17,3.173,3.154,3.163,48679.54
2025-05-11 00:15:00+09:00,3.164,3.164,3.145,3.159,32936.42
2025-05-11 00:20:00+09:00,3.157,3.161,3.138,3.141,45942.71
2025-05-11 00:25:00+09:00,3.139,3.149,3.134,3.146,30095.07
2025-05-11 00:30:00+09:00,3.146,3.155,3.145,3.146,13576.21
2025-05-11 00:35:00+09:00,3.146,3.148,3.127,3.139,61603.54
2025-05-11 00:40:00+09:00,3.138,3.145,3.134,3.142,26582.08
2025-05-11 00:45:00+09:00,3.141,3.147,3.133,3.137,18726.59
2025-05-11 00:50:00+09:00,3.137,3.137,3.123,3.13,37371.92
2025-05-11 00:55:00+09:00,3.13,3.137,3.127,3.13,13788.84
2025-05-11 01:00:00+09:00,3.13,3.136,3.115,3.125,31326.1
2025-05-11 01:05:00+09:00,3.125,3.129,3.12,3.123,41296.33
2025-05-11 01:10:00+09:00,3.122,3.14,3.122,3.135,24884.42
2025-05-11 01:15:00+09:00,3.136,3.165,3.131,3.153,60379.92
2025-05-11 01:20:00+09:00,3.154,3.166,3.151,3.151,27172.52
2025-05-11 01:25:00+09:00,3.15,3.156,3.135,3.135,30391.47
2025-05-11 01:30:00+09:00,3.136,3.154,3.134,3.154,25618.93
2025-05-11 01:35:00+09:00,3.155,3.175,3.151,3.172,41803.62
2025-05-11 01:40:00+09:00,3.172,3.172,3.151,3.151,29505.16
2025-05-11 01:45:00+09:00,3.151,3.156,3.142,3.156,19163.99
2025-05-11 01:50:00+09:00,3.156,3.161,3.151,3.157,11798.01
2025-05-11 01:55:00+09:00,3.158,3.169,3.154,3.168,12021.48
2025-05-11 02:00:00+09:00,3.167,3.176,3.162,3.173,51188.35
2025-05-11 02:05:00+09:00,3.175,3.184,3.175,3.181,32463.8
2025-05-11 02:10:00+09:00,3.181,3.19,3.176,3.176,19275.69
2025-05-11 02:15:00+09:00,3.177,3.189,3.172,3.186,17499.26
2025-05-11 02:20:00+09:00,3.188,3.196,3.184,3.188,18816.09
2025-05-11 02:25:00+09:00,3.188,3.188,3.176,3.182,15709.62
2025-05-11 02:30:00+09:00,3.181,3.196,3.181,3.196,24858.51
2025-05-11 02:35:00+09:00,3.196,3.201,3.182,3.2,22368.25
2025-05-11 02:40:00+09:00,3.2,3.2,3.175,3.178,21458.84
2025-05-11 02:45:00+09:00,3.178,3.182,3.132,3.14,157207.11
2025-05-11 02:50:00+09:00,3.14,3.159,3.139,3.154,42477.43
2025-05-11 02:55:00+09:00,3.154,3.154,3.137,3.145,66906.16
2025-05-11 03:00:00+09:00,3.145,3.16,3.138,3.157,39106.3
2025-05-11 03:05:00+09:00,3.155,3.159,3.151,3.153,21929.74
2025-05-11 03:10:00+09:00,3.153,3.158,3.146,3.15,14290.41
2025-05-11 03:15:00+09:00,3.152,3.165,3.15,3.162,19357.64
2025-05-11 03:20:00+09:00,3.162,3.164,3.151,3.156,14199.34
2025-05-11 03:25:00+09:00,3.156,3.161,3.144,3.159,24744.36
2025-05-11 03:30:00+09:00,3.16,3.161,3.145,3.158,55862.67
2025-05-11 03:35:00+09:00,3.158,3.158,3.141,3.151,40643.39
2025-05-11 03:40:00+09:00,3.15,3.158,3.143,3.158,10714.84
2025-05-11 03:45:00+09:00,3.157,3.165,3.152,3.163,18627.18
2025-05-11 03:50:00+09:00,3.162,3.176,3.158,3.175,28496.08
2025-05-11 03:55:00+09:00,3.175,3.176,3.166,3.173,10224.6
2025-05-11 04:00:00+09:00,3.173,3.182,3.168,3.179,20822.8
2025-05-11 04:05:00+09:00,3.18,3.185,3.169,3.169,33736.8
2025-05-11 04:10:00+09:00,3.171,3.175,3.155,3.164,35623.57
2025-05-11 04:15:00+09:00,3.165,3.165,3.151,3.16,21020.42
2025-05-11 04:20:00+09:00,3.161,3.165,3.157,3.16,11969.56
2025-05-11 04:25:00+09:00,3.16,3.168,3.158,3.159,5107.74
2025-05-11 04:30:00+09:00,3.159,3.182,3.154,3.18,14824.45
2025-05-11 04:35:00+09:00,3.181,3.191,3.176,3.189,23619.7
2025-05-11 04:40:00+09:00,3.19,3.192,3.182,3.185,10305.79
2025-05-11 04:45:00+09:00,3.184,3.196,3.181,3.189,22381.21
2025-05-11 04:50:00+09:00,3.188,3.188,3.182,3.183,18506.68
2025-05-11 04:55:00+09:00,3.183,3.186,3.176,3.179,9777.62
2025-05-11 05:00:00+09:00,3.179,3.183,3.168,3.173,10185.09
2025-05-11 05:05:00+09:00,3.173,3.173,3.15,3.171,35780.24
2025-05-11 05:10:00+09:00,3.172,3.188,3.172,3.187,48237.33
2025-05-11 05:15:00+09:00,3.188,3.198,3.188,3.193,20268.5
2025-05-11 05:20:00+09:00,3.194,3.199,3.191,3.199,18767.7
2025-05-11 05:25:00+09:00,3.199,3.206,3.197,3.198,26912.33
2025-05-11 05:30:00+09:00,3.198,3.214,3.197,3.209,69875.65
2025-05-11 05:35:00+09:00,3.209,3.229,3.209,3.228,67360.84
2025-05-11 05:40:00+09:00,3.228,3.235,3.219,3.229,66194.77
2025-05-11 05:45:00+09:00,3.227,3.237,3.226,3.235,26414.31
2025-05-11 05:50:00+09:00,3.235,3.236,3.223,3.234,24896.13
2025-05-11 05:55:00+09:00,3.234,3.234,3.208,3.209,19291.08
2025-05-11 06:00:00+09:00,3.208,3.228,3.204,3.214,34878.54
2025-05-11 06:05:00+09:00,3.216,3.219,3.208,3.218,17450.09
2025-05-11 06:10:00+09:00,3.218,3.235,3.213,3.229,22803.49
2025-05-11 06:15:00+09:00,3.229,3.236,3.221,3.231,12258.23
2025-05-11 06:20:00+09:00,3.23,3.232,3.222,3.232,15936.44
2025-05-11 06:25:00+09:00,3.231,3.239,3.228,3.237,7853.03
2025-05-11 06:30:00+09:00,3.238,3.252,3.237,3.243,21860.06
2025-05-11 06:35:00+09:00,3.243,3.264,3.243,3.26,39561.49
2025-05-11 06:40:00+09:00,3.261,3.262,3.239,3.245,12479.71
2025-05-11 06:45:00+09:00,3.245,3.259,3.245,3.256,20870.67
2025-05-11 06:50:00+09:00,3.255,3.255,3.236,3.252,21280.39
2025-05-11 06:55:00+09:00,3.252,3.272,3.252,3.264,44878.21
2025-05-11 07:00:00+09:00,3.263,3.271,3.25,3.252,20303.8
2025-05-11 07:05:00+09:00,3.253,3.268,3.25,3.256,23568.25
2025-05-11 07:10:00+09:00,3.257,3.264,3.25,3.262,28791.27
2025-05-11 07:15:00+09:00,3.261,3.277,3.25,3.27,90662.62
2025-05-11 07:20:00+09:00,3.272,3.291,3.27,3.275,113599.5
2025-05-11 07:25:00+09:00,3.275,3.299,3.274,3.29,51261.32
2025-05-11 07:30:00+09:00,3.29,3.306,3.29,3.304,66863.79
2025-05-11 07:35:00+09:00,3.304,3.327,3.302,3.314,91631.21
2025-05-11 07:40:00+09:00,3.313,3.322,3.308,3.318,29782.44
2025-05-11 07:45:00+09:00,3.317,3.317,3.291,3.302,72219.65
2025-05-11 07:50:00+09:00,3.301,3.321,3.299,3.319,32221.58
2025-05-11 07:55:00+09:00,3.32,3.336,3.319,3.327,48746.65
2025-05-11 08:00:00+09:00,3.327,3.351,3.327,3.343,82075.86
2025-05-11 08:05:00+09:00,3.345,3.356,3.337,3.34,42462.26
2025-05-11 08:10:00+09:00,3.343,3.35,3.333,3.337,43683.71
2025-05-11 08:15:00+09:00,3.338,3.364,3.336,3.346,89916.14
2025-05-11 08:20:00+09:00,3.346,3.353,3.325,3.35,84744.27
2025-05-11 08:25:00+09:00,3.349,3.351,3.332,3.333,40993.81
2025-05-11 08:30:00+09:00,3.333,3.335,3.312,3.328,60827.36
2025-05-11 08:35:00+09:00,3.329,3.361,3.328,3.358,56826.14
2025-05-11 08:40:00+09:00,3.358,3.364,3.346,3.356,53844.88
2025-05-11 08:45:00+09:00,3.356,3.364,3.343,3.359,27943.91
2025-05-11 08:50:00+09:00,3.359,3.362,3.345,3.349,23800.64
2025-05-11 08:55:00+09:00,3.348,3.353,3.336,3.342,28716.22
2025-05-11 09:00:00+09:00,3.34,3.357,3.316,3.355,86608.28
2025-05-11 09:05:00+09:00,3.354,3.385,3.352,3.381,116702.21
2025-05-11 09:10:00+09:00,3.38,3.38,3.336,3.336,102134.1
2025-05-11 09:15:00+09:00,3.336,3.34,3.258,3.277,325220.67
2025-05-11 09:20:00+09:00,3.278,3.281,3.257,3.263,50972.52
2025-05-11 09:25:00+09:00,3.265,3.266,3.193,3.199,282753.38
2025-05-11 09:30:00+09:00,3.199,3.245,3.199,3.243,106761.14
2025-05-11 09:35:00+09:00,3.242,3.245,3.222,3.225,92437.07
2025-05-11 09:40:00+09:00,3.226,3.256,3.224,3.251,32012.23
2025-05-11 09:45:00+09:00,3.252,3.265,3.251,3.258,27026.99
2025-05-11 09:50:00+09:00,3.258,3.27,3.24,3.244,52784.98
2025-05-11 09:55:00+09:00,3.244,3.26,3.243,3.258,36028.36
2025-05-11 10:00:00+09:00,3.258,3.261,3.231,3.256,44880.52
2025-05-11 10:05:00+09:00,3.257,3.268,3.248,3.264,17297.71
2025-05-11 10:10:00+09:00,3.264,3.281,3.261,3.272,21363.44
2025-05-11 10:15:00+09:00,3.272,3.277,3.26,3.273,35260.98
2025-05-11 10:20:00+09:00,3.275,3.28,3.25,3.254,25329.28
2025-05-11 10:25:00+09:00,3.253,3.283,3.252,3.283,13840.66
2025-05-11 10:30:00+09:00,3.283,3.304,3.267,3.304,45680.66
2025-05-11 10:35:00+09:00,3.304,3.306,3.284,3.291,54890.91
2025-05-11 10:40:00+09:00,3.292,3.307,3.279,3.303,72787.88
2025-05-11 10:45:00+09:00,3.301,3.301,3.273,3.283,59385.01
2025-05-11 10:50:00+09:00,3.284,3.285,3.243,3.271,112790.66
2025-05-11 10:55:00+09:00,3.271,3.272,3.248,3.264,25914.22
2025-05-11 11:00:00+09:00,3.266,3.268,3.246,3.258,23214.53
2025-05-11 11:05:00+09:00,3.257,3.276,3.25,3.275,25183.34
2025-05-11 11:10:00+09:00,3.274,3.277,3.263,3.275,19626.2
2025-05-11 11:15:00+09:00,3.276,3.298,3.275,3.298,23852.87
2025-05-11 11:20:00+09:00,3.299,3.316,3.295,3.315,70889.23
2025-05-11 11:25:00+09:00,3.314,3.314,3.294,3.304,14498.35
2025-05-11 11:30:00+09:00,3.302,3.311,3.295,3.31,31893.38
2025-05-11 11:35:00+09:00,3.311,3.334,3.308,3.331,41643.02
2025-05-11 11:40:00+09:00,3.332,3.339,3.316,3.322,46783.43
2025-05-11 11:45:00+09:00,3.322,3.33,3.308,3.311,42643.69
2025-05-11 11:50:00+09:00,3.31,3.31,3.262,3.27,45387.39
2025-05-11 11:55:00+09:00,3.27,3.298,3.267,3.297,20115.75
2025-05-11 12:00:00+09:00,3.296,3.298,3.27,3.27,18448.02
2025-05-11 12:05:00+09:00,3.269,3.296,3.265,3.294,28713.37
2025-05-11 12:10:00+09:00,3.295,3.305,3.287,3.305,15802.4
2025-05-11 12:15:00+09:00,3.305,3.345,3.3,3.343,28121.75
2025-05-11 12:20:00+09:00,3.343,3.348,3.329,3.33,15421.32
2025-05-11 12:25:00+09:00,3.331,3.353,3.331,3.347,22345.92
2025-05-11 12:30:00+09:00,3.347,3.347,3.329,3.334,13048.58
2025-05-11 12:35:00+09:00,3.333,3.338,3.323,3.331,13235.77
2025-05-11 12:40:00+09:00,3.332,3.367,3.328,3.359,51177.08
2025-05-11 12:45:00+09:00,3.359,3.365,3.335,3.34,51310.16
2025-05-11 12:50:00+09:00,3.34,3.345,3.32,3.322,44518.05
2025-05-11 12:55:00+09:00,3.321,3.332,3.312,3.326,22613.49
2025-05-11 13:00:00+09:00,3.326,3.339,3.323,3.334,43200.63
2025-05-11 13:05:00+09:00,3.335,3.345,3.325,3.337,21749.25
2025-05-11 13:10:00+09:00,3.338,3.347,3.312,3.316,49150.91
2025-05-11 13:15:00+09:00,3.317,3.338,3.315,3.331,23674.31
2025-05-11 13:20:00+09:00,3.33,3.332,3.321,3.323,44001.2
2025-05-11 13:25:00+09:00,3.322,3.326,3.316,3.318,19677.65
2025-05-11 13:30:00+09:00,3.319,3.322,3.295,3.301,38284.55
2025-05-11 13:35:00+09:00,3.303,3.309,3.29,3.293,18710.33
2025-05-11 13:40:00+09:00,3.295,3.31,3.295,3.305,23075.47
2025-05-11 13:45:00+09:00,3.305,3.339,3.305,3.333,42747.22
2025-05-11 13:50:00+09:00,3.332,3.36,3.327,3.358,70035.55
2025-05-11 13:55:00+09:00,3.358,3.36,3.347,3.354,35050.15
2025-05-11 14:00:00+09:00,3.355,3.361,3.349,3.359,15024.62
2025-05-11 14:05:00+09:00,3.358,3.36,3.343,3.345,21600.88
2025-05-11 14:10:00+09:00,3.345,3.359,3.343,3.35,38198.4
2025-05-11 14:15:00+09:00,3.35,3.352,3.339,3.341,17042.97
2025-05-11 14:20:00+09:00,3.341,3.347,3.332,3.336,9428.03
2025-05-11 14:25:00+09:00,3.334,3.34,3.32,3.324,25430.5
2025-05-11 14:30:00+09:00,3.323,3.323,3.305,3.313,17652.94
2025-05-11 14:35:00+09:00,3.313,3.315,3.3,3.303,13252.0
2025-05-11 14:40:00+09:00,3.304,3.312,3.299,3.308,57273.27
2025-05-11 14:45:00+09:00,3.308,3.314,3.295,3.296,9294.57
2025-05-11 14:50:00+09:00,3.296,3.296,3.275,3.281,62625.58
2025-05-11 14:55:00+09:00,3.281,3.285,3.268,3.268,16087.44
2025-05-11 15:00:00+09:00,3.269,3.271,3.25,3.262,42807.05
2025-05-11 15:05:00+09:00,3.261,3.264,3.242,3.262,24932.98
2025-05-11 15:10:00+09:00,3.262,3.262,3.236,3.246,36299.03
2025-05-11 15:15:00+09:00,3.247,3.268,3.247,3.266,34682.84
2025-05-11 15:20:00+09:00,3.266,3.266,3.255,3.266,30665.32
2025-05-11 15:25:00+09:00,3.267,3.269,3.257,3.262,25726.69
2025-05-11 15:30:00+09:00,3.261,3.262,3.247,3.254,11147.17
2025-05-11 15:35:00+09:00,3.256,3.256,3.233,3.237,26197.03
2025-05-11 15:40:00+09:00,3.236,3.236,3.212,3.222,60860.16
2025-05-11 15:45:00+09:00,3.222,3.232,3.195,3.205,151006.43
2025-05-11 15:50:00+09:00,3.205,3.215,3.195,3.198,70806.77
2025-05-11 15:55:00+09:00,3.199,3.211,3.198,3.203,57469.18
2025-05-11 16:00:00+09:00,3.204,3.207,3.17,3.171,119905.31
2025-05-11 16:05:00+09:00,3.171,3.173,3.144,3.154,150049.55
2025-05-11 16:10:00+09:00,3.155,3.182,3.155,3.179,58830.24
2025-05-11 16:15:00+09:00,3.18,3.184,3.16,3.171,55332.52
2025-05-11 16:20:00+09:00,3.17,3.183,3.163,3.183,26087.69
2025-05-11 16:25:00+09:00,3.183,3.186,3.163,3.17,31498.6
2025-05-11 16:30:00+09:00,3.169,3.187,3.167,3.173,95975.92
2025-05-11 16:35:00+09:00,3.174,3.178,3.15,3.151,155322.82
2025-05-11 16:40:00+09:00,3.152,3.156,3.105,3.111,153012.89
2025-05-11 16:45:00+09:00,3.111,3.148,3.108,3.141,66021.97
2025-05-11 16:50:00+09:00,3.141,3.147,3.13,3.146,27744.83
2025-05-11 16:55:00+09:00,3.147,3.155,3.139,3.141,32294.66
2025-05-11 17:00:00+09:00,3.141,3.166,3.14,3.163,24295.24
2025-05-11 17:05:00+09:00,3.163,3.173,3.148,3.17,38609.13
2025-05-11 17:10:00+09:00,3.17,3.176,3.167,3.169,16777.61
2025-05-11 17:15:00+09:00,3.17,3.174,3.163,3.166,27424.45
2025-05-11 17:20:00+09:00,3.166,3.166,3.158,3.158,11889.69
2025-05-11 17:25:00+09:00,3.157,3.159,3.141,3.142,28293.52
2025-05-11 17:30:00+09:00,3.143,3.143,3.11,3.122,54963.67
2025-05-11 17:35:00+09:00,3.123,3.141,3.123,3.13,39007.38
2025-05-11 17:40:00+09:00,3.131,3.143,3.129,3.136,17859.94
2025-05-11 17:45:00+09:00,3.135,3.141,3.123,3.129,101070.98
2025-05-11 17:50:00+09:00,3.128,3.133,3.123,3.126,29734.53
2025-05-11 17:55:00+09:00,3.125,3.134,3.123,3.129,11516.1
2025-05-11 18:00:00+09:00,3.13,3.141,3.13,3.135,14461.27
2025-05-11 18:05:00+09:00,3.136,3.158,3.136,3.157,23377.87
2025-05-11 18:10:00+09:00,3.157,3.165,3.154,3.164,15731.16
2025-05-11 18:15:00+09:00,3.165,3.17,3.152,3.168,42555.58
2025-05-11 18:20:00+09:00,3.168,3.172,3.164,3.169,10603.36
2025-05-11 18:25:00+09:00,3.169,3.179,3.168,3.174,39859.59
2025-05-11 18:30:00+09:00,3.173,3.178,3.172,3.176,16008.76
2025-05-11 18:35:00+09:00,3.177,3.177,3.169,3.172,20880.78
2025-05-11 18:40:00+09:00,3.172,3.179,3.172,3.176,26773.15
2025-05-11 18:45:00+09:00,3.176,3.187,3.173,3.184,15550.88
2025-05-11 18:50:00+09:00,3.183,3.193,3.182,3.187,21602.09
2025-05-11 18:55:00+09:00,3.187,3.187,3.17,3.17,20320.31
2025-05-11 19:00:00+09:00,3.17,3.181,3.168,3.181,8933.53
2025-05-11 19:05:00+09:00,3.181,3.189,3.179,3.188,9397.21
2025-05-11 19:10:00+09:00,3.188,3.188,3.169,3.183,70622.72
2025-05-11 19:15:00+09:00,3.181,3.181,3.163,3.17,12854.86
2025-05-11 19:20:00+09:00,3.17,3.183,3.168,3.177,8350.07
2025-05-11 19:25:00+09:00,3.178,3.178,3.172,3.178,11543.85
2025-05-11 19:30:00+09:00,3.178,3.189,3.176,3.187,13298.38
2025-05-11 19:35:00+09:00,3.186,3.199,3.18,3.194,63535.99
2025-05-11 19:40:00+09:00,3.194,3.195,3.181,3.181,10340.88
2025-05-11 19:45:00+09:00,3.182,3.197,3.181,3.197,8754.35
2025-05-11 19:50:00+09:00,3.198,3.213,3.198,3.203,55232.15
2025-05-11 19:55:00+09:00,3.203,3.208,3.198,3.205,17093.77
2025-05-11 20:00:00+09:00,3.205,3.225,3.2,3.211,33684.52
2025-05-11 20:05:00+09:00,3.212,3.213,3.201,3.203,15755.7
2025-05-11 20:10:00+09:00,3.204,3.205,3.197,3.199,28840.63
2025-05-11 20:15:00+09:00,3.199,3.208,3.195,3.199,51973.06
2025-05-11 20:20:00+09:00,3.199,3.203,3.189,3.189,13502.48
2025-05-11 20:25:00+09:00,3.188,3.194,3.18,3.191,28542.78
2025-05-11 20:30:00+09:00,3.193,3.198,3.188,3.188,6315.61
2025-05-11 20:35:00+09:00,3.188,3.188,3.176,3.177,14817.72
2025-05-11 20:40:00+09:00,3.178,3.19,3.177,3.188,15893.61
2025-05-11 20:45:00+09:00,3.187,3.193,3.183,3.192,25237.24
2025-05-11 20:50:00+09:00,3.192,3.198,3.181,3.182,16940.9
2025-05-11 20:55:00+09:00,3.182,3.195,3.18,3.19,20575.07
2025-05-11 21:00:00+09:00,3.189,3.202,3.189,3.197,103093.72
2025-05-11 21:05:00+09:00,3.196,3.217,3.196,3.211,32708.4
2025-05-11 21:10:00+09:00,3.212,3.221,3.207,3.211,130269.45
2025-05-11 21:15:00+09:00,3.211,3.217,3.199,3.205,27404.82
2025-05-11 21:20:00+09:00,3.204,3.207,3.198,3.203,8494.32
2025-05-11 21:25:00+09:00,3.201,3.211,3.2,3.208,17844.16
2025-05-11 21:30:00+09:00,3.208,3.221,3.199,3.216,67473.75
2025-05-11 21:35:00+09:00,3.215,3.228,3.212,3.223,49789.46
2025-05-11 21:40:00+09:00,3.221,3.221,3.205,3.214,17777.29
2025-05-11 21:45:00+09:00,3.213,3.223,3.207,3.217,25260.32
2025-05-11 21:50:00+09:00,3.217,3.223,3.212,3.217,21050.97
2025-05-11 21:55:00+09:00,3.217,3.224,3.208,3.221,34242.96
2025-05-11 22:00:00+09:00,3.221,3.24,3.22,3.24,33393.11
2025-05-11 22:05:00+09:00,3.24,3.247,3.228,3.241,34575.29
2025-05-11 22:10:00+09:00,3.242,3.246,3.235,3.245,21326.08
2025-05-11 22:15:00+09:00,3.246,3.252,3.228,3.233,33679.43
2025-05-11 22:20:00+09:00,3.233,3.233,3.206,3.212,44543.67
2025-05-11 22:25:00+09:00,3.212,3.216,3.195,3.2,94620.84
2025-05-11 22:30:00+09:00,3.2,3.2,3.175,3.19,81475.5
2025-05-11 22:35:00+09:00,3.189,3.196,3.183,3.196,20052.38
2025-05-11 22:40:00+09:00,3.196,3.197,3.167,3.176,43573.55
2025-05-11 22:45:00+09:00,3.176,3.184,3.169,3.173,23610.43
2025-05-11 22:50:00+09:00,3.173,3.191,3.173,3.179,28460.77
2025-05-11 22:55:00+09:00,3.181,3.181,3.14,3.146,91584.94
2025-05-11 23:00:00+09:00,3.146,3.175,3.146,3.17,60340.95
2025-05-11 23:05:00+09:00,3.17,3.177,3.157,3.171,13073.69
2025-05-11 23:10:00+09:00,3.172,3.184,3.163,3.171,70376.26
2025-05-11 23:15:00+09:00,3.17,3.179,3.157,3.177,27678.9
2025-05-11 23:20:00+09:00,3.178,3.188,3.165,3.185,18226.39
2025-05-11 23:25:00+09:00,3.185,3.19,3.172,3.175,41519.18
2025-05-11 23:30:00+09:00,3.175,3.187,3.17,3.181,12320.12
2025-05-11 23:35:00+09:00,3.18,3.192,3.176,3.192,10509.23
2025-05-11 23:40:00+09:00,3.192,3.199,3.187,3.198,38389.23
2025-05-11 23:45:00+09:00,3.198,3.199,3.18,3.181,28650.6
2025-05-11 23:50:00+09:00,3.181,3.181,3.169,3.173,14095.58
2025-05-11 23:55:00+09:00,3.174,3.182,3.174,3.175,8131.29
2025-05-12 00:00:00+09:00,3.175,3.204,3.173,3.204,33874.91
2025-05-12 00:05:00+09:00,3.205,3.219,3.205,3.217,21138.47
2025-05-12 00:10:00+09:00,3.216,3.227,3.209,3.223,16336.0
2025-05-12 00:15:00+09:00,3.224,3.235,3.218,3.223,49933.97
2025-05-12 00:20:00+09:00,3.223,3.223,3.204,3.204,21368.03
2025-05-12 00:25:00+09:00,3.205,3.208,3.198,3.201,15030.67
2025-05-12 00:30:00+09:00,3.201,3.207,3.196,3.206,28481.49
2025-05-12 00:35:00+09:00,3.207,3.214,3.198,3.204,15049.85
2025-05-12 00:40:00+09:00,3.204,3.204,3.192,3.194,16427.57
2025-05-12 00:45:00+09:00,3.193,3.197,3.173,3.177,32371.64
2025-05-12 00:50:00+09:00,3.179,3.188,3.141,3.145,73636.66
2025-05-12 00:55:00+09:00,3.145,3.172,3.137,3.161,60460.34
2025-05-12 01:00:00+09:00,3.161,3.175,3.146,3.148,23594.01
2025-05-12 01:05:00+09:00,3.148,3.148,3.108,3.123,104299.71
2025-05-12 01:10:00+09:00,3.125,3.139,3.116,3.139,53104.87
2025-05-12 01:15:00+09:00,3.138,3.138,3.104,3.131,79945.37
2025-05-12 01:20:00+09:00,3.132,3.164,3.13,3.162,67164.77
2025-05-12 01:25:00+09:00,3.162,3.177,3.159,3.172,66068.5
2025-05-12 01:30:00+09:00,3.172,3.181,3.162,3.163,24464.81
2025-05-12 01:35:00+09:00,3.162,3.172,3.16,3.166,17503.03
2025-05-12 01:40:00+09:00,3.168,3.175,3.166,3.173,24893.69
2025-05-12 01:45:00+09:00,3.173,3.174,3.161,3.165,17825.2
2025-05-12 01:50:00+09:00,3.165,3.166,3.148,3.163,109898.23
2025-05-12 01:55:00+09:00,3.165,3.181,3.165,3.179,10957.01
2025-05-12 02:00:00+09:00,3.178,3.193,3.172,3.181,25227.3
2025-05-12 02:05:00+09:00,3.18,3.184,3.172,3.179,18720.23
2025-05-12 02:10:00+09:00,3.179,3.179,3.155,3.177,15810.86
2025-05-12 02:15:00+09:00,3.176,3.202,3.17,3.195,39410.74
2025-05-12 02:20:00+09:00,3.195,3.204,3.185,3.185,34945.74
2025-05-12 02:25:00+09:00,3.184,3.199,3.181,3.198,8107.2
2025-05-12 02:30:00+09:00,3.198,3.223,3.195,3.219,23224.63
2025-05-12 02:35:00+09:00,3.22,3.231,3.212,3.212,69020.48
2025-05-12 02:40:00+09:00,3.212,3.221,3.21,3.215,15592.68
2025-05-12 02:45:00+09:00,3.215,3.233,3.205,3.233,24773.32
2025-05-12 02:50:00+09:00,3.234,3.234,3.216,3.22,21733.22
2025-05-12 02:55:00+09:00,3.218,3.218,3.2,3.205,17808.07
2025-05-12 03:00:00+09:00,3.206,3.206,3.195,3.196,9102.3
2025-05-12 03:05:00+09:00,3.194,3.195,3.176,3.187,56133.84
2025-05-12 03:10:00+09:00,3.187,3.187,3.181,3.185,6454.53
2025-05-12 03:15:00+09:00,3.185,3.199,3.182,3.197,10126.17
2025-05-12 03:20:00+09:00,3.197,3.199,3.19,3.193,3749.65
2025-05-12 03:25:00+09:00,3.192,3.196,3.182,3.183,6243.0
2025-05-12 03:30:00+09:00,3.182,3.184,3.166,3.18,27342.96
2025-05-12 03:35:00+09:00,3.179,3.209,3.176,3.207,22967.29
2025-05-12 03:40:00+09:00,3.207,3.224,3.207,3.208,59581.41
2025-05-12 03:45:00+09:00,3.208,3.228,3.207,3.224,40730.17
2025-05-12 03:50:00+09:00,3.225,3.231,3.224,3.224,24571.26
2025-05-12 03:55:00+09:00,3.226,3.23,3.209,3.214,52821.06
2025-05-12 04:00:00+09:00,3.214,3.217,3.207,3.212,25276.42
2025-05-12 04:05:00+09:00,3.212,3.219,3.206,3.213,22135.82
2025-05-12 04:10:00+09:00,3.214,3.227,3.214,3.222,21376.0
2025-05-12 04:15:00+09:00,3.221,3.225,3.212,3.212,13621.13
2025-05-12 04:20:00+09:00,3.213,3.217,3.205,3.206,21645.48
2025-05-12 04:25:00+09:00,3.206,3.213,3.203,3.212,23959.37
2025-05-12 04:30:00+09:00,3.212,3.225,3.211,3.221,13888.09
2025-05-12 04:35:00+09:00,3.22,3.221,3.212,3.221,6230.47
2025-05-12 04:40:00+09:00,3.222,3.224,3.204,3.21,48412.41
2025-05-12 04:45:00+09:00,3.211,3.22,3.211,3.217,6483.74
2025-05-12 04:50:00+09:00,3.217,3.217,3.203,3.203,12837.83
2025-05-12 04:55:00+09:00,3.203,3.208,3.201,3.205,16102.11
2025-05-12 05:00:00+09:00,3.206,3.214,3.185,3.188,30716.03
2025-05-12 05:05:00+09:00,3.189,3.197,3.188,3.193,10175.77
2025-05-12 05:10:00+09:00,3.192,3.2,3.187,3.196,14946.97
2025-05-12 05:15:00+09:00,3.197,3.202,3.192,3.201,9380.34
2025-05-12 05:20:00+09:00,3.2,3.202,3.188,3.189,6766.38
2025-05-12 05:25:00+09:00,3.188,3.201,3.187,3.189,7254.6
2025-05-12 05:30:00+09:00,3.19,3.194,3.181,3.194,24794.64
2025-05-12 05:35:00+09:00,3.193,3.201,3.19,3.19,12800.17
2025-05-12 05:40:00+09:00,3.189,3.19,3.181,3.182,11612.01
2025-05-12 05:45:00+09:00,3.183,3.184,3.173,3.181,11570.24
2025-05-12 05:50:00+09:00,3.181,3.186,3.178,3.183,7502.27
2025-05-12 05:55:00+09:00,3.184,3.196,3.183,3.196,9975.66
2025-05-12 06:00:00+09:00,3.195,3.2,3.194,3.196,15566.32
2025-05-12 06:05:00+09:00,3.197,3.2,3.189,3.191,12485.02
2025-05-12 06:10:00+09:00,3.191,3.21,3.191,3.198,19540.78
2025-05-12 06:15:00+09:00,3.197,3.206,3.195,3.202,9726.1
2025-05-12 06:20:00+09:00,3.201,3.203,3.189,3.201,19627.4
2025-05-12 06:25:00+09:00,3.203,3.208,3.198,3.198,2337.99
2025-05-12 06:30:00+09:00,3.198,3.209,3.196,3.206,5247.67
2025-05-12 06:35:00+09:00,3.207,3.209,3.198,3.204,9236.2
2025-05-12 06:40:00+09:00,3.203,3.203,3.193,3.195,12227.29
2025-05-12 06:45:00+09:00,3.194,3.206,3.193,3.206,6382.21
2025-05-12 06:50:00+09:00,3.206,3.215,3.205,3.213,11046.92
2025-05-12 06:55:00+09:00,3.214,3.222,3.213,3.219,5356.57
2025-05-12 07:00:00+09:00,3.219,3.23,3.194,3.194,61973.95
2025-05-12 07:05:00+09:00,3.195,3.205,3.183,3.196,21758.1
2025-05-12 07:10:00+09:00,3.196,3.198,3.186,3.195,9134.19
2025-05-12 07:15:00+09:00,3.196,3.197,3.184,3.196,8421.29
2025-05-12 07:20:00+09:00,3.196,3.207,3.193,3.195,11744.54
2025-05-12 07:25:00+09:00,3.194,3.197,3.184,3.193,17238.09
2025-05-12 07:30:00+09:00,3.193,3.205,3.191,3.195,6349.92
2025-05-12 07:35:00+09:00,3.193,3.194,3.174,3.181,18614.25
2025-05-12 07:40:00+09:00,3.181,3.184,3.171,3.172,4203.4
2025-05-12 07:45:00+09:00,3.174,3.182,3.161,3.182,38199.19
2025-05-12 07:50:00+09:00,3.18,3.188,3.178,3.18,7722.24
2025-05-12 07:55:00+09:00,3.18,3.192,3.18,3.192,5840.96
2025-05-12 08:00:00+09:00,3.192,3.204,3.19,3.203,4920.16
2025-05-12 08:05:00+09:00,3.204,3.215,3.204,3.215,6318.89
2025-05-12 08:10:00+09:00,3.215,3.218,3.206,3.211,6921.16
2025-05-12 08:15:00+09:00,3.212,3.225,3.212,3.225,7883.09
2025-05-12 08:20:00+09:00,3.223,3.231,3.22,3.221,18760.91
2025-05-12 08:25:00+09:00,3.221,3.227,3.217,3.218,10566.32
2025-05-12 08:30:00+09:00,3.217,3.218,3.201,3.205,8198.89
2025-05-12 08:35:00+09:00,3.203,3.204,3.195,3.203,8550.97
2025-05-12 08:40:00+09:00,3.205,3.215,3.199,3.214,9903.29
2025-05-12 08:45:00+09:00,3.215,3.217,3.203,3.203,7916.19
2025-05-12 08:50:00+09:00,3.203,3.209,3.201,3.201,3873.0
2025-05-12 08:55:00+09:00,3.201,3.212,3.196,3.211,8919.65
2025-05-12 09:00:00+09:00,3.212,3.218,3.204,3.204,9279.37
2025-05-12 09:05:00+09:00,3.205,3.212,3.199,3.202,3965.22
2025-05-12 09:10:00+09:00,3.201,3.203,3.184,3.203,13276.36
2025-05-12 09:15:00+09:00,3.202,3.213,3.197,3.197,17407.96
2025-05-12 09:20:00+09:00,3.196,3.221,3.195,3.213,14917.4
2025-05-12 09:25:00+09:00,3.214,3.231,3.214,3.228,17538.6
2025-05-12 09:30:00+09:00,3.229,3.249,3.229,3.24,55956.28
2025-05-12 09:35:00+09:00,3.24,3.249,3.228,3.231,64717.23
2025-05-12 09:40:00+09:00,3.23,3.237,3.217,3.217,14135.57
2025-05-12 09:45:00+09:00,3.217,3.221,3.206,3.221,10926.77
2025-05-12 09:50:00+09:00,3.222,3.229,3.216,3.229,2999.83
2025-05-12 09:55:00+09:00,3.229,3.234,3.228,3.23,9826.19
2025-05-12 10:00:00+09:00,3.232,3.254,3.227,3.248,15139.75
2025-05-12 10:05:00+09:00,3.249,3.275,3.247,3.268,85162.9
2025-05-12 10:10:00+09:00,3.269,3.276,3.252,3.252,32239.93
2025-05-12 10:15:00+09:00,3.253,3.258,3.23,3.232,25979.53
2025-05-12 10:20:00+09:00,3.232,3.232,3.211,3.211,28545.87
2025-05-12 10:25:00+09:00,3.21,3.21,3.192,3.206,36635.22
2025-05-12 10:30:00+09:00,3.206,3.206,3.178,3.18,17486.85
2025-05-12 10:35:00+09:00,3.18,3.18,3.15,3.161,100276.54
2025-05-12 10:40:00+09:00,3.162,3.182,3.159,3.182,16643.76
2025-05-12 10:45:00+09:00,3.183,3.186,3.174,3.184,19756.42
2025-05-12 10:50:00+09:00,3.183,3.198,3.18,3.198,18528.45
2025-05-12 10:55:00+09:00,3.198,3.21,3.196,3.197,12188.32
2025-05-12 11:00:00+09:00,3.198,3.227,3.197,3.226,23562.52
2025-05-12 11:05:00+09:00,3.225,3.226,3.21,3.226,5252.04
2025-05-12 11:10:00+09:00,3.227,3.23,3.204,3.209,11367.57
2025-05-12 11:15:00+09:00,3.207,3.239,3.199,3.238,12091.51
2025-05-12 11:20:00+09:00,3.239,3.244,3.227,3.23,12960.77
2025-05-12 11:25:00+09:00,3.229,3.229,3.215,3.22,8476.34
2025-05-12 11:30:00+09:00,3.221,3.239,3.221,3.231,11431.86
2025-05-12 11:35:00+09:00,3.231,3.238,3.221,3.226,6508.86
2025-05-12 11:40:00+09:00,3.225,3.225,3.209,3.216,3989.09
2025-05-12 11:45:00+09:00,3.218,3.231,3.213,3.213,2068.92
2025-05-12 11:50:00+09:00,3.212,3.216,3.204,3.216,14927.03
2025-05-12 11:55:00+09:00,3.216,3.22,3.2,3.219,21248.06
2025-05-12 12:00:00+09:00,3.219,3.222,3.205,3.211,7462.01
2025-05-12 12:05:00+09:00,3.21,3.21,3.191,3.198,24730.1
2025-05-12 12:10:00+09:00,3.197,3.219,3.186,3.213,33880.08
2025-05-12 12:15:00+09:00,3.214,3.22,3.198,3.219,7459.77
2025-05-12 12:20:00+09:00,3.219,3.235,3.219,3.233,9120.73
2025-05-12 12:25:00+09:00,3.234,3.241,3.219,3.222,47915.68
2025-05-12 12:30:00+09:00,3.222,3.229,3.218,3.227,17100.46
2025-05-12 12:35:00+09:00,3.227,3.23,3.212,3.22,5282.89
2025-05-12 12:40:00+09:00,3.219,3.227,3.216,3.218,13734.79
2025-05-12 12:45:00+09:00,3.217,3.227,3.211,3.221,11236.48
2025-05-12 12:50:00+09:00,3.22,3.225,3.213,3.22,3723.18
2025-05-12 12:55:00+09:00,3.22,3.232,3.216,3.23,3770.83
2025-05-12 13:00:00+09:00,3.231,3.236,3.22,3.221,4874.4
2025-05-12 13:05:00+09:00,3.221,3.231,3.219,3.225,9347.55
2025-05-12 13:10:00+09:00,3.225,3.241,3.222,3.237,13876.29
2025-05-12 13:15:00+09:00,3.236,3.248,3.236,3.243,18363.65
2025-05-12 13:20:00+09:00,3.244,3.254,3.239,3.246,63752.09
2025-05-12 13:25:00+09:00,3.246,3.246,3.215,3.227,11630.53
2025-05-12 13:30:00+09:00,3.226,3.235,3.21,3.222,22782.77
2025-05-12 13:35:00+09:00,3.222,3.24,3.222,3.237,11280.94
2025-05-12 13:40:00+09:00,3.238,3.241,3.23,3.235,8769.97
2025-05-12 13:45:00+09:00,3.235,3.245,3.231,3.245,9411.41
2025-05-12 13:50:00+09:00,3.245,3.266,3.245,3.261,16054.73
2025-05-12 13:55:00+09:00,3.262,3.27,3.242,3.242,43929.18
2025-05-12 14:00:00+09:00,3.243,3.251,3.237,3.246,11963.55
2025-05-12 14:05:00+09:00,3.245,3.245,3.236,3.236,10123.48
2025-05-12 14:10:00+09:00,3.237,3.238,3.206,3.22,32432.78
2025-05-12 14:15:00+09:00,3.22,3.227,3.207,3.217,11549.27
2025-05-12 14:20:00+09:00,3.218,3.218,3.189,3.209,56118.38
2025-05-12 14:25:00+09:00,3.206,3.214,3.192,3.208,16995.42
2025-05-12 14:30:00+09:00,3.207,3.219,3.184,3.191,104189.87
2025-05-12 14:35:00+09:00,3.191,3.219,3.191,3.211,72224.79
2025-05-12 14:40:00+09:00,3.212,3.219,3.21,3.214,14003.18
2025-05-12 14:45:00+09:00,3.215,3.221,3.211,3.213,11335.01
2025-05-12 14:50:00+09:00,3.213,3.216,3.194,3.195,26608.49
2025-05-12 14:55:00+09:00,3.195,3.203,3.192,3.202,23143.1
2025-05-12 15:00:00+09:00,3.203,3.205,3.185,3.202,30510.5
2025-05-12 15:05:00+09:00,3.202,3.217,3.202,3.208,22478.58
2025-05-12 15:10:00+09:00,3.208,3.213,3.203,3.212,45086.45
2025-05-12 15:15:00+09:00,3.213,3.214,3.195,3.213,15702.58
2025-05-12 15:20:00+09:00,3.212,3.233,3.211,3.232,25242.51
2025-05-12 15:25:00+09:00,3.234,3.244,3.232,3.239,15803.58
2025-05-12 15:30:00+09:00,3.24,3.247,3.23,3.23,32413.22
2025-05-12 15:35:00+09:00,3.23,3.234,3.223,3.226,15631.92
2025-05-12 15:40:00+09:00,3.225,3.236,3.222,3.236,21803.62
2025-05-12 15:45:00+09:00,3.237,3.248,3.237,3.245,13131.6
2025-05-12 15:50:00+09:00,3.246,3.247,3.236,3.244,9791.93
2025-05-12 15:55:00+09:00,3.245,3.257,3.245,3.253,21059.82
2025-05-12 16:00:00+09:00,3.253,3.305,3.253,3.303,173188.02
2025-05-12 16:05:00+09:00,3.302,3.315,3.28,3.298,118995.52
2025-05-12 16:10:00+09:00,3.299,3.321,3.299,3.321,84081.95
2025-05-12 16:15:00+09:00,3.32,3.331,3.303,3.321,72133.15
2025-05-12 16:20:00+09:00,3.32,3.351,3.319,3.349,65862.76
2025-05-12 16:25:00+09:00,3.35,3.37,3.339,3.361,75547.22
2025-05-12 16:30:00+09:00,3.36,3.38,3.344,3.356,79886.71
2025-05-12 16:35:00+09:00,3.356,3.356,3.333,3.337,54439.54
2025-05-12 16:40:00+09:00,3.336,3.342,3.299,3.312,87244.15
2025-05-12 16:45:00+09:00,3.313,3.315,3.253,3.274,135017.82
2025-05-12 16:50:00+09:00,3.273,3.295,3.271,3.284,62901.01
2025-05-12 16:55:00+09:00,3.283,3.283,3.254,3.272,23698.38
2025-05-12 17:00:00+09:00,3.273,3.28,3.254,3.26,34799.48
2025-05-12 17:05:00+09:00,3.258,3.263,3.245,3.253,45476.84
2025-05-12 17:10:00+09:00,3.252,3.252,3.21,3.233,60493.71
2025-05-12 17:15:00+09:00,3.232,3.265,3.226,3.261,33667.16
2025-05-12 17:20:00+09:00,3.262,3.263,3.22,3.229,83459.27
2025-05-12 17:25:00+09:00,3.231,3.246,3.227,3.242,19544.66
2025-05-12 17:30:00+09:00,3.241,3.275,3.235,3.272,179890.48
2025-05-12 17:35:00+09:00,3.272,3.272,3.257,3.272,161817.86
2025-05-12 17:40:00+09:00,3.271,3.303,3.268,3.301,28884.66
2025-05-12 17:45:00+09:00,3.302,3.32,3.285,3.311,50891.06
2025-05-12 17:50:00+09:00,3.313,3.324,3.31,3.319,31425.54
2025-05-12 17:55:00+09:00,3.318,3.325,3.31,3.32,51753.41
2025-05-12 18:00:00+09:00,3.32,3.331,3.301,3.308,30681.14
2025-05-12 18:05:00+09:00,3.308,3.33,3.308,3.315,26824.43
2025-05-12 18:10:00+09:00,3.316,3.323,3.296,3.296,47574.93
2025-05-12 18:15:00+09:00,3.296,3.314,3.296,3.304,30675.7
2025-05-12 18:20:00+09:00,3.306,3.311,3.289,3.296,38450.94
2025-05-12 18:25:00+09:00,3.296,3.309,3.288,3.304,24446.22
2025-05-12 18:30:00+09:00,3.303,3.303,3.277,3.284,41660.46
2025-05-12 18:35:00+09:00,3.283,3.286,3.275,3.285,16220.2
2025-05-12 18:40:00+09:00,3.285,3.285,3.264,3.28,28474.07
2025-05-12 18:45:00+09:00,3.281,3.285,3.255,3.258,21397.29
2025-05-12 18:50:00+09:00,3.258,3.269,3.257,3.261,44398.58
2025-05-12 18:55:00+09:00,3.26,3.264,3.252,3.257,13005.65
2025-05-12 19:00:00+09:00,3.257,3.265,3.238,3.243,51239.35
2025-05-12 19:05:00+09:00,3.244,3.259,3.228,3.23,76486.39
2025-05-12 19:10:00+09:00,3.228,3.243,3.226,3.238,27835.06
2025-05-12 19:15:00+09:00,3.239,3.252,3.234,3.236,17978.82
2025-05-12 19:20:00+09:00,3.236,3.248,3.233,3.233,21247.16
2025-05-12 19:25:00+09:00,3.232,3.253,3.232,3.252,24082.63
2025-05-12 19:30:00+09:00,3.25,3.251,3.231,3.245,23339.12
2025-05-12 19:35:00+09:00,3.245,3.259,3.238,3.259,21985.53
2025-05-12 19:40:00+09:00,3.259,3.259,3.242,3.244,8761.46
2025-05-12 19:45:00+09:00,3.243,3.256,3.237,3.252,11846.46
2025-05-12 19:50:00+09:00,3.253,3.255,3.243,3.248,19282.32
2025-05-12 19:55:00+09:00,3.248,3.257,3.248,3.252,10386.29
2025-05-12 20:00:00+09:00,3.251,3.26,3.245,3.249,21055.78
2025-05-12 20:05:00+09:00,3.249,3.255,3.245,3.252,13484.2
2025-05-12 20:10:00+09:00,3.252,3.255,3.241,3.249,42376.62
2025-05-12 20:15:00+09:00,3.247,3.248,3.228,3.231,47613.6
2025-05-12 20:20:00+09:00,3.232,3.232,3.21,3.225,43625.86
2025-05-12 20:25:00+09:00,3.226,3.242,3.225,3.233,18287.64
2025-05-12 20:30:00+09:00,3.233,3.239,3.221,3.239,26107.29
2025-05-12 20:35:00+09:00,3.239,3.252,3.239,3.248,8594.77
2025-05-12 20:40:00+09:00,3.248,3.249,3.22,3.22,13790.53
2025-05-12 20:45:00+09:00,3.22,3.23,3.212,3.214,26102.96
2025-05-12 20:50:00+09:00,3.214,3.218,3.168,3.196,211731.29
2025-05-12 20:55:00+09:00,3.196,3.196,3.175,3.183,131804.57
2025-05-12 21:00:00+09:00,3.182,3.197,3.181,3.189,48078.3
2025-05-12 21:05:00+09:00,3.19,3.198,3.175,3.197,105675.5
2025-05-12 21:10:00+09:00,3.196,3.209,3.193,3.209,31789.19
2025-05-12 21:15:00+09:00,3.209,3.212,3.198,3.212,23466.73
2025-05-12 21:20:00+09:00,3.212,3.221,3.206,3.214,16008.42
2025-05-12 21:25:00+09:00,3.214,3.217,3.197,3.199,15514.93
2025-05-12 21:30:00+09:00,3.2,3.208,3.186,3.206,60153.24
2025-05-12 21:35:00+09:00,3.207,3.219,3.203,3.218,15238.09
2025-05-12 21:40:00+09:00,3.217,3.231,3.212,3.227,38515.71
2025-05-12 21:45:00+09:00,3.227,3.234,3.219,3.233,19170.88
2025-05-12 21:50:00+09:00,3.234,3.245,3.234,3.242,15393.19
2025-05-12 21:55:00+09:00,3.243,3.244,3.228,3.229,31860.01
2025-05-12 22:00:00+09:00,3.23,3.245,3.23,3.239,16689.82
2025-05-12 22:05:00+09:00,3.238,3.238,3.213,3.217,22702.96
2025-05-12 22:10:00+09:00,3.219,3.253,3.217,3.252,38981.36
2025-05-12 22:15:00+09:00,3.253,3.266,3.24,3.246,39133.73
2025-05-12 22:20:00+09:00,3.246,3.25,3.239,3.243,20871.6
2025-05-12 22:25:00+09:00,3.242,3.257,3.24,3.249,11118.23
2025-05-12 22:30:00+09:00,3.248,3.266,3.229,3.248,47956.83
2025-05-12 22:35:00+09:00,3.247,3.252,3.212,3.219,24013.86
2025-05-12 22:40:00+09:00,3.219,3.23,3.194,3.215,52179.6
2025-05-12 22:45:00+09:00,3.215,3.225,3.208,3.225,21870.61
2025-05-12 22:50:00+09:00,3.226,3.262,3.226,3.245,34862.76
2025-05-12 22:55:00+09:00,3.244,3.245,3.234,3.239,17049.36
2025-05-12 23:00:00+09:00,3.24,3.252,3.229,3.251,16707.02
2025-05-12 23:05:00+09:00,3.252,3.257,3.245,3.247,15204.86
2025-05-12 23:10:00+09:00,3.245,3.249,3.237,3.238,14923.28
2025-05-12 23:15:00+09:00,3.237,3.255,3.233,3.245,19850.92
2025-05-12 23:20:00+09:00,3.244,3.249,3.211,3.211,28088.86
2025-05-12 23:25:00+09:00,3.21,3.217,3.132,3.149,257694.39
2025-05-12 23:30:00+09:00,3.15,3.178,3.109,3.167,292300.93
2025-05-12 23:35:00+09:00,3.167,3.188,3.157,3.188,53019.16
2025-05-12 23:40:00+09:00,3.188,3.203,3.186,3.194,35293.27
2025-05-12 23:45:00+09:00,3.192,3.192,3.163,3.171,34058.64
2025-05-12 23:50:00+09:00,3.171,3.173,3.135,3.139,63701.15
2025-05-12 23:55:00+09:00,3.137,3.16,3.136,3.141,26576.75
2025-05-13 00:00:00+09:00,3.142,3.159,3.07,3.083,249269.32
2025-05-13 00:05:00+09:00,3.084,3.127,3.081,3.111,135416.02
2025-05-13 00:10:00+09:00,3.111,3.131,3.092,3.128,61248.75
2025-05-13 00:15:00+09:00,3.126,3.146,3.11,3.138,29119.14
2025-05-13 00:20:00+09:00,3.137,3.147,3.126,3.132,37243.27
2025-05-13 00:25:00+09:00,3.132,3.15,3.131,3.14,26574.68
2025-05-13 00:30:00+09:00,3.138,3.152,3.132,3.143,19942.74
2025-05-13 00:35:00+09:00,3.142,3.147,3.125,3.127,43668.74
2025-05-13 00:40:00+09:00,3.126,3.134,3.117,3.125,47649.26
2025-05-13 00:45:00+09:00,3.125,3.133,3.109,3.109,40244.88
2025-05-13 00:50:00+09:00,3.109,3.135,3.109,3.131,37066.13
2025-05-13 00:55:00+09:00,3.131,3.135,3.105,3.113,36008.14
2025-05-13 01:00:00+09:00,3.114,3.126,3.103,3.11,62275.52
2025-05-13 01:05:00+09:00,3.108,3.123,3.095,3.113,55572.74
2025-05-13 01:10:00+09:00,3.115,3.132,3.106,3.132,29272.74
2025-05-13 01:15:00+09:00,3.133,3.15,3.129,3.149,20433.59
2025-05-13 01:20:00+09:00,3.149,3.172,3.143,3.171,32960.52
2025-05-13 01:25:00+09:00,3.171,3.172,3.159,3.162,26900.33
2025-05-13 01:30:00+09:00,3.161,3.178,3.161,3.164,19439.22
2025-05-13 01:35:00+09:00,3.163,3.163,3.138,3.14,12297.03
2025-05-13 01:40:00+09:00,3.138,3.17,3.137,3.169,31067.29
2025-05-13 01:45:00+09:00,3.17,3.19,3.17,3.188,64798.44
2025-05-13 01:50:00+09:00,3.188,3.193,3.184,3.193,17429.05
2025-05-13 01:55:00+09:00,3.193,3.199,3.181,3.181,21017.42
2025-05-13 02:00:00+09:00,3.182,3.197,3.173,3.197,18550.24
2025-05-13 02:05:00+09:00,3.198,3.21,3.198,3.203,35971.89
2025-05-13 02:10:00+09:00,3.203,3.213,3.203,3.209,20066.33
2025-05-13 02:15:00+09:00,3.208,3.217,3.2,3.21,28616.03
2025-05-13 02:20:00+09:00,3.211,3.211,3.18,3.193,20344.29
2025-05-13 02:25:00+09:00,3.195,3.209,3.19,3.206,14159.15
2025-05-13 02:30:00+09:00,3.206,3.215,3.198,3.202,19449.82
2025-05-13 02:35:00+09:00,3.202,3.204,3.183,3.183,13187.36
2025-05-13 02:40:00+09:00,3.184,3.184,3.161,3.161,18759.14
2025-05-13 02:45:00+09:00,3.161,3.169,3.128,3.135,61591.43
2025-05-13 02:50:00+09:00,3.132,3.151,3.12,3.15,63583.36
2025-05-13 02:55:00+09:00,3.152,3.158,3.14,3.153,17599.86
2025-05-13 03:00:00+09:00,3.154,3.175,3.151,3.172,13511.03
2025-05-13 03:05:00+09:00,3.173,3.174,3.125,3.126,74914.27
2025-05-13 03:10:00+09:00,3.126,3.149,3.119,3.135,25615.37
2025-05-13 03:15:00+09:00,3.135,3.178,3.134,3.173,54084.91
2025-05-13 03:20:00+09:00,3.172,3.172,3.131,3.143,60887.59
2025-05-13 03:25:00+09:00,3.142,3.15,3.096,3.11,90590.24
2025-05-13 03:30:00+09:00,3.108,3.131,3.096,3.109,80817.31
2025-05-13 03:35:00+09:00,3.108,3.127,3.098,3.111,40337.46
2025-05-13 03:40:00+09:00,3.111,3.123,3.054,3.073,144248.42
2025-05-13 03:45:00+09:00,3.074,3.093,3.007,3.014,248981.92
2025-05-13 03:50:00+09:00,3.015,3.086,3.015,3.08,113674.31
2025-05-13 03:55:00+09:00,3.079,3.107,3.078,3.086,48079.89
2025-05-13 04:00:00+09:00,3.087,3.141,3.087,3.131,152777.96
2025-05-13 04:05:00+09:00,3.131,3.145,3.127,3.143,26154.84
2025-05-13 04:10:00+09:00,3.143,3.143,3.124,3.127,104254.92
2025-05-13 04:15:00+09:00,3.128,3.151,3.128,3.142,61149.19
2025-05-13 04:20:00+09:00,3.142,3.156,3.134,3.144,20405.27
2025-05-13 04:25:00+09:00,3.144,3.144,3.126,3.135,24842.16
2025-05-13 04:30:00+09:00,3.136,3.157,3.134,3.154,24482.52
2025-05-13 04:35:00+09:00,3.154,3.157,3.142,3.145,18427.02
2025-05-13 04:40:00+09:00,3.144,3.146,3.129,3.137,14753.47
2025-05-13 04:45:00+09:00,3.137,3.149,3.136,3.148,14278.58
2025-05-13 04:50:00+09:00,3.148,3.149,3.133,3.135,12566.61
2025-05-13 04:55:00+09:00,3.133,3.143,3.13,3.137,23472.38
2025-05-13 05:00:00+09:00,3.137,3.146,3.125,3.128,21321.59
2025-05-13 05:05:00+09:00,3.128,3.138,3.116,3.119,14016.39
2025-05-13 05:10:00+09:00,3.119,3.124,3.116,3.119,22643.65
2025-05-13 05:15:00+09:00,3.12,3.13,3.112,3.13,19187.48
2025-05-13 05:20:00+09:00,3.13,3.139,3.12,3.138,22423.42
2025-05-13 05:25:00+09:00,3.138,3.146,3.136,3.141,23131.32
2025-05-13 05:30:00+09:00,3.143,3.159,3.137,3.159,13073.32
2025-05-13 05:35:00+09:00,3.157,3.169,3.152,3.167,23625.81
2025-05-13 05:40:00+09:00,3.168,3.172,3.154,3.154,10547.03
2025-05-13 05:45:00+09:00,3.155,3.159,3.14,3.144,12696.8
2025-05-13 05:50:00+09:00,3.144,3.168,3.142,3.166,24459.43
2025-05-13 05:55:00+09:00,3.165,3.165,3.151,3.151,6759.03
2025-05-13 06:00:00+09:00,3.151,3.174,3.147,3.163,53694.72
2025-05-13 06:05:00+09:00,3.162,3.163,3.153,3.163,15084.62
2025-05-13 06:10:00+09:00,3.162,3.17,3.156,3.17,12956.61
2025-05-13 06:15:00+09:00,3.17,3.185,3.164,3.179,45389.14
2025-05-13 06:20:00+09:00,3.178,3.185,3.173,3.181,11878.4
2025-05-13 06:25:00+09:00,3.18,3.18,3.161,3.161,13090.21
2025-05-13 06:30:00+09:00,3.161,3.174,3.161,3.174,7453.18
2025-05-13 06:35:00+09:00,3.172,3.178,3.169,3.175,14792.83
2025-05-13 06:40:00+09:00,3.177,3.178,3.164,3.17,5590.9
2025-05-13 06:45:00+09:00,3.171,3.171,3.162,3.162,6238.75
2025-05-13 06:50:00+09:00,3.163,3.173,3.16,3.173,3638.85
2025-05-13 06:55:00+09:00,3.173,3.184,3.173,3.179,5748.83
2025-05-13 07:00:00+09:00,3.18,3.193,3.165,3.193,39864.26
2025-05-13 07:05:00+09:00,3.194,3.203,3.187,3.189,67933.28
2025-05-13 07:10:00+09:00,3.189,3.197,3.188,3.19,4554.97
2025-05-13 07:15:00+09:00,3.19,3.192,3.173,3.174,11704.0
2025-05-13 07:20:00+09:00,3.174,3.184,3.174,3.179,12156.07
2025-05-13 07:25:00+09:00,3.178,3.187,3.174,3.174,7951.53
2025-05-13 07:30:00+09:00,3.175,3.189,3.173,3.189,9722.08
2025-05-13 07:35:00+09:00,3.19,3.195,3.184,3.186,11450.06
2025-05-13 07:40:00+09:00,3.186,3.191,3.178,3.182,17706.17
2025-05-13 07:45:00+09:00,3.181,3.187,3.178,3.185,17483.09
2025-05-13 07:50:00+09:00,3.185,3.185,3.174,3.176,6548.54
2025-05-13 07:55:00+09:00,3.175,3.175,3.166,3.166,6759.08
2025-05-13 08:00:00+09:00,3.167,3.175,3.166,3.173,2438.87
2025-05-13 08:05:00+09:00,3.174,3.174,3.162,3.17,12582.32
2025-05-13 08:10:00+09:00,3.171,3.178,3.171,3.172,7367.02
2025-05-13 08:15:00+09:00,3.173,3.181,3.173,3.179,5308.03
2025-05-13 08:20:00+09:00,3.181,3.193,3.181,3.188,9419.79
2025-05-13 08:25:00+09:00,3.186,3.196,3.184,3.194,4010.53
2025-05-13 08:30:00+09:00,3.193,3.193,3.177,3.179,4730.8
2025-05-13 08:35:00+09:00,3.178,3.181,3.169,3.169,36296.47
2025-05-13 08:40:00+09:00,3.17,3.177,3.17,3.171,14017.01
2025-05-13 08:45:00+09:00,3.17,3.175,3.167,3.172,5091.26
2025-05-13 08:50:00+09:00,3.171,3.172,3.164,3.167,3413.59
2025-05-13 08:55:00+09:00,3.166,3.171,3.161,3.169,10031.93
2025-05-13 09:00:00+09:00,3.168,3.169,3.148,3.15,14519.92
2025-05-13 09:05:00+09:00,3.152,3.166,3.15,3.152,13462.55
2025-05-13 09:10:00+09:00,3.152,3.156,3.137,3.143,13023.44
2025-05-13 09:15:00+09:00,3.142,3.152,3.131,3.15,10931.91
2025-05-13 09:20:00+09:00,3.149,3.15,3.134,3.146,9614.59
2025-05-13 09:25:00+09:00,3.147,3.15,3.129,3.145,12597.82
2025-05-13 09:30:00+09:00,3.146,3.148,3.131,3.138,12340.78
2025-05-13 09:35:00+09:00,3.139,3.146,3.126,3.141,8927.28
2025-05-13 09:40:00+09:00,3.14,3.14,3.118,3.119,5396.08
2025-05-13 09:45:00+09:00,3.12,3.139,3.12,3.137,19207.09
2025-05-13 09:50:00+09:00,3.137,3.138,3.12,3.133,81623.87
2025-05-13 09:55:00+09:00,3.132,3.132,3.107,3.11,20583.63
2025-05-13 10:00:00+09:00,3.11,3.119,3.106,3.119,11158.33
2025-05-13 10:05:00+09:00,3.119,3.122,3.091,3.093,82075.94
2025-05-13 10:10:00+09:00,3.092,3.097,3.075,3.086,19806.08
2025-05-13 10:15:00+09:00,3.088,3.1,3.082,3.091,8440.41
2025-05-13 10:20:00+09:00,3.091,3.099,3.076,3.098,26428.7
2025-05-13 10:25:00+09:00,3.099,3.099,3.077,3.077,12713.6
2025-05-13 10:30:00+09:00,3.076,3.09,3.065,3.088,20298.27
2025-05-13 10:35:00+09:00,3.087,3.087,3.057,3.059,18467.8
2025-05-13 10:40:00+09:00,3.059,3.061,3.043,3.056,26650.27
2025-05-13 10:45:00+09:00,3.055,3.074,3.049,3.071,16334.86
2025-05-13 10:50:00+09:00,3.072,3.081,3.07,3.081,7642.99
2025-05-13 10:55:00+09:00,3.081,3.084,3.069,3.07,5258.32
2025-05-13 11:00:00+09:00,3.07,3.087,3.055,3.059,13966.56
2025-05-13 11:05:00+09:00,3.058,3.069,3.035,3.056,61559.57
2025-05-13 11:10:00+09:00,3.057,3.061,3.015,3.017,72139.45
2025-05-13 11:15:00+09:00,3.016,3.037,3.005,3.01,96774.6
2025-05-13 11:20:00+09:00,3.01,3.02,2.992,3.02,83705.75
2025-05-13 11:25:00+09:00,3.02,3.038,3.02,3.037,13174.36
2025-05-13 11:30:00+09:00,3.036,3.037,3.006,3.014,23340.87
2025-05-13 11:35:00+09:00,3.013,3.027,3.009,3.016,16754.24
2025-05-13 11:40:00+09:00,3.015,3.027,3.01,3.011,15327.37
2025-05-13 11:45:00+09:00,3.012,3.024,3.003,3.015,13650.61
2025-05-13 11:50:00+09:00,3.014,3.021,3.004,3.019,7622.3
2025-05-13 11:55:00+09:00,3.02,3.02,3.01,3.01,7974.53
2025-05-13 12:00:00+09:00,3.011,3.022,3.001,3.005,8944.38
2025-05-13 12:05:00+09:00,3.004,3.017,3.003,3.014,11779.43
2025-05-13 12:10:00+09:00,3.015,3.026,3.015,3.022,12130.84
2025-05-13 12:15:00+09:00,3.021,3.024,3.009,3.014,14650.88
2025-05-13 12:20:00+09:00,3.015,3.021,2.982,2.985,17654.1
2025-05-13 12:25:00+09:00,2.983,2.99,2.959,2.971,61936.27
2025-05-13 12:30:00+09:00,2.971,2.987,2.969,2.986,28611.63
2025-05-13 12:35:00+09:00,2.987,2.991,2.977,2.978,17896.6
2025-05-13 12:40:00+09:00,2.978,2.989,2.978,2.986,18463.39
2025-05-13 12:45:00+09:00,2.985,2.985,2.97,2.972,10413.53
2025-05-13 12:50:00+09:00,2.971,2.978,2.96,2.978,28170.63
2025-05-13 12:55:00+09:00,2.979,2.983,2.973,2.973,10891.43
2025-05-13 13:00:00+09:00,2.972,2.981,2.967,2.977,24199.03
2025-05-13 13:05:00+09:00,2.978,2.984,2.973,2.983,13281.15
2025-05-13 13:10:00+09:00,2.983,2.985,2.963,2.968,61309.39
2025-05-13 13:15:00+09:00,2.969,2.996,2.967,2.996,25663.89
2025-05-13 13:20:00+09:00,2.995,3.018,2.995,3.014,78213.39
2025-05-13 13:25:00+09:00,3.013,3.024,3.006,3.016,15942.03
2025-05-13 13:30:00+09:00,3.016,3.031,3.015,3.03,15103.42
2025-05-13 13:35:00+09:00,3.03,3.037,3.022,3.037,8949.78
2025-05-13 13:40:00+09:00,3.037,3.048,3.031,3.041,6268.6
2025-05-13 13:45:00+09:00,3.041,3.048,3.034,3.036,23096.59
2025-05-13 13:50:00+09:00,3.035,3.055,3.035,3.052,7754.01
2025-05-13 13:55:00+09:00,3.051,3.061,3.049,3.053,12421.78
2025-05-13 14:00:00+09:00,3.053,3.059,3.049,3.054,16765.43
2025-05-13 14:05:00+09:00,3.057,3.064,3.053,3.06,13415.05
2025-05-13 14:10:00+09:00,3.059,3.074,3.058,3.066,21402.85
2025-05-13 14:15:00+09:00,3.065,3.069,3.056,3.062,7819.36
2025-05-13 14:20:00+09:00,3.061,3.066,3.053,3.062,12620.28
2025-05-13 14:25:00+09:00,3.063,3.063,3.052,3.058,12858.67
2025-05-13 14:30:00+09:00,3.059,3.062,3.039,3.04,12274.64
2025-05-13 14:35:00+09:00,3.039,3.047,3.039,3.045,8378.59
2025-05-13 14:40:00+09:00,3.046,3.053,3.046,3.052,10941.35
2025-05-13 14:45:00+09:00,3.053,3.067,3.053,3.065,9633.14
2025-05-13 14:50:00+09:00,3.065,3.078,3.064,3.078,7852.25
2025-05-13 14:55:00+09:00,3.078,3.089,3.078,3.086,8213.53
2025-05-13 15:00:00+09:00,3.086,3.093,3.084,3.086,8344.69
2025-05-13 15:05:00+09:00,3.087,3.092,3.086,3.092,4771.79
2025-05-13 15:10:00+09:00,3.092,3.12,3.091,3.118,50082.96
2025-05-13 15:15:00+09:00,3.117,3.123,3.098,3.106,13666.85
2025-05-13 15:20:00+09:00,3.105,3.114,3.092,3.113,10847.68
2025-05-13 15:25:00+09:00,3.112,3.121,3.102,3.112,26097.21
2025-05-13 15:30:00+09:00,3.111,3.119,3.107,3.119,39092.61
2025-05-13 15:35:00+09:00,3.12,3.128,3.117,3.119,26298.57
2025-05-13 15:40:00+09:00,3.119,3.122,3.117,3.119,18301.42
2025-05-13 15:45:00+09:00,3.119,3.13,3.11,3.124,20935.23
2025-05-13 15:50:00+09:00,3.124,3.127,3.111,3.113,10921.19
2025-05-13 15:55:00+09:00,3.113,3.122,3.112,3.113,5620.25
2025-05-13 16:00:00+09:00,3.112,3.132,3.109,3.131,12005.7
2025-05-13 16:05:00+09:00,3.131,3.144,3.124,3.137,14371.98
2025-05-13 16:10:00+09:00,3.137,3.148,3.136,3.137,7664.14
2025-05-13 16:15:00+09:00,3.136,3.161,3.131,3.143,71710.81
2025-05-13 16:20:00+09:00,3.143,3.157,3.141,3.144,14014.89
2025-05-13 16:25:00+09:00,3.144,3.158,3.144,3.154,15257.79
2025-05-13 16:30:00+09:00,3.155,3.171,3.142,3.166,103361.35
2025-05-13 16:35:00+09:00,3.166,3.168,3.157,3.161,34251.48
2025-05-13 16:40:00+09:00,3.16,3.169,3.159,3.163,13440.72
2025-05-13 16:45:00+09:00,3.164,3.178,3.163,3.177,21366.26
2025-05-13 16:50:00+09:00,3.177,3.187,3.159,3.159,26949.03
2025-05-13 16:55:00+09:00,3.16,3.167,3.15,3.157,40955.31
2025-05-13 17:00:00+09:00,3.157,3.174,3.154,3.173,23500.34
2025-05-13 17:05:00+09:00,3.172,3.178,3.161,3.169,43649.51
2025-05-13 17:10:00+09:00,3.168,3.18,3.164,3.177,14677.27
2025-05-13 17:15:00+09:00,3.176,3.181,3.158,3.159,14110.81
2025-05-13 17:20:00+09:00,3.159,3.165,3.147,3.154,62204.18
2025-05-13 17:25:00+09:00,3.153,3.156,3.141,3.151,27484.2
2025-05-13 17:30:00+09:00,3.151,3.16,3.151,3.157,11891.91
2025-05-13 17:35:00+09:00,3.158,3.166,3.157,3.157,29868.36
2025-05-13 17:40:00+09:00,3.157,3.169,3.148,3.151,25410.22
2025-05-13 17:45:00+09:00,3.151,3.18,3.15,3.176,24867.73
2025-05-13 17:50:00+09:00,3.177,3.177,3.162,3.175,33219.92
2025-05-13 17:55:00+09:00,3.175,3.188,3.172,3.18,7214.47
2025-05-13 18:00:00+09:00,3.18,3.206,3.18,3.187,66116.24
2025-05-13 18:05:00+09:00,3.186,3.204,3.184,3.203,28660.3
2025-05-13 18:10:00+09:00,3.204,3.204,3.189,3.199,35740.55
2025-05-13 18:15:00+09:00,3.198,3.231,3.196,3.221,75885.96
2025-05-13 18:20:00+09:00,3.221,3.23,3.216,3.219,24261.68
2025-05-13 18:25:00+09:00,3.219,3.233,3.217,3.225,41691.68
2025-05-13 18:30:00+09:00,3.227,3.238,3.21,3.221,35834.27
2025-05-13 18:35:00+09:00,3.221,3.227,3.215,3.217,42658.02
2025-05-13 18:40:00+09:00,3.217,3.221,3.203,3.206,21557.57
2025-05-13 18:45:00+09:00,3.207,3.222,3.204,3.219,22041.42
2025-05-13 18:50:00+09:00,3.218,3.224,3.215,3.216,12502.56
2025-05-13 18:55:00+09:00,3.216,3.219,3.204,3.209,12942.34
2025-05-13 19:00:00+09:00,3.209,3.213,3.19,3.191,25350.55
2025-05-13 19:05:00+09:00,3.192,3.202,3.183,3.186,23313.64
2025-05-13 19:10:00+09:00,3.185,3.192,3.175,3.179,19860.23
2025-05-13 19:15:00+09:00,3.179,3.182,3.172,3.182,23538.96
2025-05-13 19:20:00+09:00,3.182,3.194,3.182,3.192,9823.58
2025-05-13 19:25:00+09:00,3.192,3.192,3.184,3.184,4372.04
2025-05-13 19:30:00+09:00,3.186,3.186,3.17,3.171,13866.94
2025-05-13 19:35:00+09:00,3.172,3.175,3.165,3.167,20799.69
2025-05-13 19:40:00+09:00,3.169,3.175,3.165,3.166,6611.95
2025-05-13 19:45:00+09:00,3.168,3.168,3.158,3.158,18507.54
2025-05-13 19:50:00+09:00,3.158,3.175,3.158,3.165,20509.4
2025-05-13 19:55:00+09:00,3.165,3.168,3.159,3.159,10178.0
2025-05-13 20:00:00+09:00,3.16,3.165,3.159,3.161,12488.74
2025-05-13 20:05:00+09:00,3.16,3.161,3.153,3.156,8825.41
2025-05-13 20:10:00+09:00,3.154,3.16,3.151,3.152,14060.33
2025-05-13 20:15:00+09:00,3.153,3.169,3.152,3.165,9075.11
2025-05-13 20:20:00+09:00,3.165,3.207,3.165,3.207,77786.36
2025-05-13 20:25:00+09:00,3.207,3.214,3.188,3.193,26878.14
2025-05-13 20:30:00+09:00,3.192,3.211,3.186,3.201,29018.61
2025-05-13 20:35:00+09:00,3.201,3.208,3.198,3.2,17968.98
2025-05-13 20:40:00+09:00,3.201,3.203,3.191,3.194,29126.19
2025-05-13 20:45:00+09:00,3.193,3.193,3.177,3.181,13428.02
2025-05-13 20:50:00+09:00,3.181,3.182,3.167,3.175,8569.0
2025-05-13 20:55:00+09:00,3.175,3.178,3.168,3.169,6002.6
2025-05-13 21:00:00+09:00,3.17,3.173,3.161,3.164,12315.14
2025-05-13 21:05:00+09:00,3.164,3.166,3.151,3.152,8134.23
2025-05-13 21:10:00+09:00,3.152,3.157,3.139,3.15,33365.89
2025-05-13 21:15:00+09:00,3.15,3.159,3.14,3.143,19194.21
2025-05-13 21:20:00+09:00,3.144,3.145,3.116,3.124,55613.8
2025-05-13 21:25:00+09:00,3.125,3.153,3.125,3.146,34888.8
2025-05-13 21:30:00+09:00,3.147,3.203,3.145,3.186,217326.86
2025-05-13 21:35:00+09:00,3.186,3.2,3.175,3.193,49319.52
2025-05-13 21:40:00+09:00,3.193,3.2,3.182,3.189,42790.28
2025-05-13 21:45:00+09:00,3.188,3.19,3.164,3.185,29447.81
2025-05-13 21:50:00+09:00,3.185,3.195,3.183,3.186,21243.46
2025-05-13 21:55:00+09:00,3.186,3.194,3.18,3.19,9908.93
2025-05-13 22:00:00+09:00,3.19,3.222,3.19,3.205,32790.74
2025-05-13 22:05:00+09:00,3.205,3.218,3.2,3.204,9211.98
2025-05-13 22:10:00+09:00,3.205,3.214,3.196,3.201,18426.91
2025-05-13 22:15:00+09:00,3.2,3.235,3.2,3.223,54109.55
2025-05-13 22:20:00+09:00,3.224,3.234,3.22,3.228,48908.72
2025-05-13 22:25:00+09:00,3.227,3.231,3.221,3.225,17346.14
2025-05-13 22:30:00+09:00,3.226,3.234,3.217,3.227,31582.1
2025-05-13 22:35:00+09:00,3.227,3.244,3.215,3.223,80984.2
2025-05-13 22:40:00+09:00,3.224,3.23,3.21,3.219,21828.82
2025-05-13 22:45:00+09:00,3.218,3.218,3.191,3.201,35797.39
2025-05-13 22:50:00+09:00,3.202,3.227,3.202,3.227,14554.66
2025-05-13 22:55:00+09:00,3.228,3.228,3.207,3.208,40229.25
2025-05-13 23:00:00+09:00,3.207,3.222,3.194,3.195,18977.47
2025-05-13 23:05:00+09:00,3.196,3.209,3.184,3.186,15052.42
2025-05-13 23:10:00+09:00,3.185,3.192,3.175,3.19,26999.2
2025-05-13 23:15:00+09:00,3.191,3.203,3.171,3.201,20230.94
2025-05-13 23:20:00+09:00,3.201,3.216,3.198,3.216,27536.61
2025-05-13 23:25:00+09:00,3.215,3.221,3.205,3.216,26484.97
2025-05-13 23:30:00+09:00,3.217,3.217,3.203,3.204,21390.67
2025-05-13 23:35:00+09:00,3.205,3.207,3.19,3.201,18623.1
2025-05-13 23:40:00+09:00,3.2,3.203,3.187,3.191,14000.08
2025-05-13 23:45:00+09:00,3.192,3.208,3.157,3.171,39138.8
2025-05-13 23:50:00+09:00,3.172,3.18,3.171,3.178,20417.27
2025-05-13 23:55:00+09:00,3.178,3.186,3.178,3.179,22794.2
2025-05-14 00:00:00+09:00,3.178,3.19,3.172,3.182,18931.08
2025-05-14 00:05:00+09:00,3.181,3.197,3.176,3.197,9315.63
2025-05-14 00:10:00+09:00,3.196,3.22,3.196,3.205,48704.09
2025-05-14 00:15:00+09:00,3.205,3.214,3.203,3.209,16439.29
2025-05-14 00:20:00+09:00,3.209,3.211,3.2,3.211,47585.73
2025-05-14 00:25:00+09:00,3.212,3.22,3.21,3.214,27851.21
2025-05-14 00:30:00+09:00,3.213,3.217,3.194,3.195,41801.65
2025-05-14 00:35:00+09:00,3.194,3.203,3.178,3.203,25063.86
2025-05-14 00:40:00+09:00,3.204,3.21,3.2,3.205,10921.57
2025-05-14 00:45:00+09:00,3.205,3.216,3.201,3.215,13247.99
2025-05-14 00:50:00+09:00,3.215,3.226,3.214,3.222,59823.19
2025-05-14 00:55:00+09:00,3.222,3.224,3.21,3.221,10363.15
2025-05-14 01:00:00+09:00,3.221,3.222,3.213,3.216,8732.71
2025-05-14 01:05:00+09:00,3.216,3.24,3.216,3.24,20877.46
2025-05-14 01:10:00+09:00,3.241,3.265,3.238,3.261,117590.46
2025-05-14 01:15:00+09:00,3.262,3.263,3.241,3.248,36118.7
2025-05-14 01:20:00+09:00,3.249,3.265,3.246,3.262,27110.75
2025-05-14 01:25:00+09:00,3.262,3.272,3.259,3.265,32638.9
2025-05-14 01:30:00+09:00,3.267,3.276,3.257,3.263,20022.03
2025-05-14 01:35:00+09:00,3.263,3.287,3.259,3.274,98980.91
2025-05-14 01:40:00+09:00,3.274,3.274,3.254,3.257,44875.33
2025-05-14 01:45:00+09:00,3.257,3.268,3.257,3.268,27952.65
2025-05-14 01:50:00+09:00,3.267,3.267,3.241,3.256,55831.04
2025-05-14 01:55:00+09:00,3.255,3.263,3.251,3.259,45860.61
2025-05-14 02:00:00+09:00,3.258,3.269,3.253,3.264,14784.51
2025-05-14 02:05:00+09:00,3.266,3.275,3.262,3.269,20414.33
2025-05-14 02:10:00+09:00,3.268,3.268,3.252,3.261,36751.51
2025-05-14 02:15:00+09:00,3.261,3.268,3.256,3.265,27112.44
2025-05-14 02:20:00+09:00,3.266,3.283,3.266,3.281,18868.73
2025-05-14 02:25:00+09:00,3.28,3.285,3.267,3.272,30916.15
2025-05-14 02:30:00+09:00,3.272,3.277,3.266,3.274,13892.97
2025-05-14 02:35:00+09:00,3.275,3.277,3.251,3.264,22078.0
2025-05-14 02:40:00+09:00,3.264,3.277,3.263,3.268,16531.15
2025-05-14 02:45:00+09:00,3.268,3.283,3.266,3.273,19401.7
2025-05-14 02:50:00+09:00,3.274,3.279,3.261,3.261,22604.95
2025-05-14 02:55:00+09:00,3.262,3.266,3.255,3.264,13435.56
2025-05-14 03:00:00+09:00,3.263,3.274,3.26,3.273,12361.79
2025-05-14 03:05:00+09:00,3.272,3.279,3.27,3.27,24672.73
2025-05-14 03:10:00+09:00,3.271,3.286,3.271,3.279,41127.13
2025-05-14 03:15:00+09:00,3.278,3.297,3.273,3.288,33434.5
2025-05-14 03:20:00+09:00,3.287,3.301,3.285,3.3,49372.25
2025-05-14 03:25:00+09:00,3.299,3.338,3.295,3.308,111105.06
2025-05-14 03:30:00+09:00,3.309,3.336,3.309,3.329,46614.61
2025-05-14 03:35:00+09:00,3.328,3.328,3.303,3.304,29236.84
2025-05-14 03:40:00+09:00,3.304,3.314,3.296,3.298,31999.9
2025-05-14 03:45:00+09:00,3.297,3.323,3.297,3.314,16945.26
2025-05-14 03:50:00+09:00,3.316,3.33,3.313,3.327,34596.15
2025-05-14 03:55:00+09:00,3.328,3.339,3.324,3.337,22033.92
2025-05-14 04:00:00+09:00,3.337,3.337,3.316,3.325,38120.31
2025-05-14 04:05:00+09:00,3.324,3.333,3.318,3.324,43049.59
2025-05-14 04:10:00+09:00,3.324,3.35,3.324,3.337,75817.24
2025-05-14 04:15:00+09:00,3.337,3.352,3.336,3.352,24295.49
2025-05-14 04:20:00+09:00,3.351,3.362,3.345,3.353,70731.05
2025-05-14 04:25:00+09:00,3.354,3.361,3.35,3.355,65097.91
2025-05-14 04:30:00+09:00,3.355,3.363,3.344,3.345,48858.49
2025-05-14 04:35:00+09:00,3.344,3.374,3.344,3.361,91548.15
2025-05-14 04:40:00+09:00,3.36,3.366,3.353,3.362,62075.34
2025-05-14 04:45:00+09:00,3.364,3.364,3.353,3.353,52190.16
2025-05-14 04:50:00+09:00,3.354,3.358,3.282,3.311,239506.76
2025-05-14 04:55:00+09:00,3.313,3.321,3.293,3.309,52338.72
2025-05-14 05:00:00+09:00,3.308,3.312,3.294,3.304,33257.11
2025-05-14 05:05:00+09:00,3.302,3.302,3.269,3.282,98783.95
2025-05-14 05:10:00+09:00,3.283,3.293,3.283,3.284,26627.35
2025-05-14 05:15:00+09:00,3.283,3.293,3.273,3.293,30132.74
2025-05-14 05:20:00+09:00,3.293,3.309,3.288,3.309,31263.65
2025-05-14 05:25:00+09:00,3.309,3.313,3.301,3.306,14850.0
2025-05-14 05:30:00+09:00,3.306,3.316,3.298,3.313,24049.15
2025-05-14 05:35:00+09:00,3.315,3.318,3.304,3.317,22263.22
2025-05-14 05:40:00+09:00,3.317,3.325,3.311,3.321,18496.9
2025-05-14 05:45:00+09:00,3.32,3.334,3.319,3.331,19756.04
2025-05-14 05:50:00+09:00,3.331,3.339,3.324,3.332,28364.86
2025-05-14 05:55:00+09:00,3.332,3.336,3.325,3.332,14678.16
2025-05-14 06:00:00+09:00,3.333,3.337,3.325,3.33,16294.7
2025-05-14 06:05:00+09:00,3.33,3.341,3.327,3.334,13235.04
2025-05-14 06:10:00+09:00,3.335,3.339,3.317,3.319,26865.33
2025-05-14 06:15:00+09:00,3.32,3.333,3.319,3.33,35960.05
2025-05-14 06:20:00+09:00,3.33,3.335,3.316,3.319,24110.95
2025-05-14 06:25:00+09:00,3.319,3.328,3.316,3.32,22371.49
2025-05-14 06:30:00+09:00,3.321,3.333,3.319,3.326,10598.27
2025-05-14 06:35:00+09:00,3.326,3.327,3.302,3.306,31279.57
2025-05-14 06:40:00+09:00,3.306,3.308,3.294,3.298,37000.57
2025-05-14 06:45:00+09:00,3.298,3.32,3.298,3.32,11680.85
2025-05-14 06:50:00+09:00,3.32,3.325,3.32,3.32,12647.55
2025-05-14 06:55:00+09:00,3.321,3.326,3.317,3.326,14541.22
2025-05-14 07:00:00+09:00,3.324,3.335,3.313,3.315,38950.75
2025-05-14 07:05:00+09:00,3.316,3.318,3.299,3.304,11292.86
2025-05-14 07:10:00+09:00,3.306,3.316,3.298,3.299,46507.98
2025-05-14 07:15:00+09:00,3.297,3.313,3.296,3.313,18554.75
2025-05-14 07:20:00+09:00,3.313,3.326,3.31,3.32,22851.39
2025-05-14 07:25:00+09:00,3.321,3.33,3.317,3.329,8846.54
2025-05-14 07:30:00+09:00,3.329,3.335,3.32,3.333,10401.53
2025-05-14 07:35:00+09:00,3.334,3.342,3.333,3.339,10034.72
2025-05-14 07:40:00+09:00,3.339,3.339,3.326,3.326,17284.57
2025-05-14 07:45:00+09:00,3.326,3.333,3.324,3.325,11622.25
2025-05-14 07:50:00+09:00,3.325,3.327,3.315,3.318,17783.86
2025-05-14 07:55:00+09:00,3.317,3.317,3.307,3.308,7918.6
2025-05-14 08:00:00+09:00,3.31,3.314,3.299,3.302,9545.16
2025-05-14 08:05:00+09:00,3.301,3.301,3.28,3.3,30466.64
2025-05-14 08:10:00+09:00,3.301,3.308,3.296,3.308,13985.77
2025-05-14 08:15:00+09:00,3.308,3.32,3.308,3.316,27211.37
2025-05-14 08:20:00+09:00,3.316,3.316,3.301,3.303,22090.92
2025-05-14 08:25:00+09:00,3.302,3.31,3.302,3.309,14457.32
2025-05-14 08:30:00+09:00,3.308,3.325,3.307,3.322,9690.76
2025-05-14 08:35:00+09:00,3.321,3.331,3.319,3.32,9727.76
2025-05-14 08:40:00+09:00,3.32,3.328,3.32,3.328,27736.18
2025-05-14 08:45:00+09:00,3.329,3.33,3.316,3.316,10723.77
2025-05-14 08:50:00+09:00,3.315,3.321,3.313,3.319,7658.95
2025-05-14 08:55:00+09:00,3.319,3.323,3.309,3.316,15976.68
2025-05-14 09:00:00+09:00,3.317,3.325,3.308,3.311,17448.79
2025-05-14 09:05:00+09:00,3.31,3.326,3.31,3.32,21965.24
2025-05-14 09:10:00+09:00,3.32,3.332,3.317,3.326,6406.43
2025-05-14 09:15:00+09:00,3.325,3.329,3.317,3.323,5187.5
2025-05-14 09:20:00+09:00,3.325,3.349,3.325,3.328,33820.72
2025-05-14 09:25:00+09:00,3.328,3.329,3.317,3.324,29969.89
2025-05-14 09:30:00+09:00,3.323,3.366,3.316,3.362,52372.95
2025-05-14 09:35:00+09:00,3.364,3.379,3.359,3.369,43567.66
2025-05-14 09:40:00+09:00,3.369,3.369,3.35,3.352,33976.01
2025-05-14 09:45:00+09:00,3.352,3.358,3.338,3.346,20821.84
2025-05-14 09:50:00+09:00,3.348,3.353,3.338,3.347,16885.41
2025-05-14 09:55:00+09:00,3.345,3.353,3.341,3.351,18997.12
2025-05-14 10:00:00+09:00,3.35,3.369,3.35,3.356,21272.52
2025-05-14 10:05:00+09:00,3.356,3.37,3.349,3.369,18697.45
2025-05-14 10:10:00+09:00,3.37,3.4,3.361,3.396,122546.03
2025-05-14 10:15:00+09:00,3.395,3.399,3.374,3.375,23996.17
2025-05-14 10:20:00+09:00,3.375,3.382,3.362,3.378,36912.37
2025-05-14 10:25:00+09:00,3.377,3.38,3.367,3.38,11777.82
2025-05-14 10:30:00+09:00,3.38,3.401,3.375,3.387,43454.65
2025-05-14 10:35:00+09:00,3.387,3.4,3.377,3.398,69892.46
2025-05-14 10:40:00+09:00,3.398,3.402,3.389,3.397,15158.82
2025-05-14 10:45:00+09:00,3.397,3.401,3.358,3.363,54851.74
2025-05-14 10:50:00+09:00,3.363,3.363,3.326,3.335,123339.36
2025-05-14 10:55:00+09:00,3.334,3.35,3.334,3.336,20558.88
2025-05-14 11:00:00+09:00,3.336,3.337,3.307,3.324,54657.63
2025-05-14 11:05:00+09:00,3.323,3.326,3.284,3.287,60317.12
2025-05-14 11:10:00+09:00,3.287,3.305,3.279,3.3,74185.26
2025-05-14 11:15:00+09:00,3.301,3.33,3.294,3.329,64665.7
2025-05-14 11:20:00+09:00,3.329,3.331,3.298,3.301,27385.79
2025-05-14 11:25:00+09:00,3.3,3.303,3.287,3.292,26877.93
2025-05-14 11:30:00+09:00,3.293,3.31,3.287,3.307,27297.54
2025-05-14 11:35:00+09:00,3.308,3.315,3.306,3.312,7259.55
2025-05-14 11:40:00+09:00,3.312,3.324,3.312,3.323,9914.97
2025-05-14 11:45:00+09:00,3.323,3.324,3.309,3.312,19493.23
2025-05-14 11:50:00+09:00,3.311,3.313,3.292,3.296,23615.22
2025-05-14 11:55:00+09:00,3.297,3.308,3.297,3.304,15063.57
2025-05-14 12:00:00+09:00,3.303,3.312,3.289,3.3,17591.11
2025-05-14 12:05:00+09:00,3.299,3.3,3.276,3.291,59444.66
2025-05-14 12:10:00+09:00,3.29,3.304,3.289,3.3,10520.64
2025-05-14 12:15:00+09:00,3.3,3.306,3.286,3.286,39133.32
2025-05-14 12:20:00+09:00,3.286,3.288,3.277,3.286,17364.58
2025-05-14 12:25:00+09:00,3.286,3.295,3.278,3.288,14503.35
2025-05-14 12:30:00+09:00,3.287,3.301,3.281,3.298,13711.6
2025-05-14 12:35:00+09:00,3.299,3.306,3.296,3.3,26979.22
2025-05-14 12:40:00+09:00,3.3,3.315,3.3,3.314,16651.93
2025-05-14 12:45:00+09:00,3.313,3.319,3.305,3.312,6123.28
2025-05-14 12:50:00+09:00,3.311,3.316,3.306,3.316,15809.03
2025-05-14 12:55:00+09:00,3.314,3.314,3.304,3.312,8456.55
2025-05-14 13:00:00+09:00,3.313,3.313,3.292,3.293,38919.88
2025-05-14 13:05:00+09:00,3.293,3.302,3.291,3.296,9642.85
2025-05-14 13:10:00+09:00,3.296,3.303,3.291,3.297,9428.84
2025-05-14 13:15:00+09:00,3.298,3.299,3.282,3.295,19702.49
2025-05-14 13:20:00+09:00,3.295,3.303,3.285,3.298,23507.32
2025-05-14 13:25:00+09:00,3.3,3.307,3.292,3.294,9603.05
2025-05-14 13:30:00+09:00,3.294,3.305,3.292,3.305,30406.06
2025-05-14 13:35:00+09:00,3.305,3.333,3.303,3.332,14322.73
2025-05-14 13:40:00+09:00,3.331,3.342,3.325,3.326,27260.82
2025-05-14 13:45:00+09:00,3.325,3.328,3.317,3.318,18191.32
2025-05-14 13:50:00+09:00,3.318,3.321,3.311,3.311,14835.13
2025-05-14 13:55:00+09:00,3.311,3.318,3.304,3.317,26954.17
2025-05-14 14:00:00+09:00,3.318,3.328,3.315,3.318,76670.4
2025-05-14 14:05:00+09:00,3.317,3.319,3.301,3.303,32104.76
2025-05-14 14:10:00+09:00,3.302,3.304,3.29,3.29,26767.15
2025-05-14 14:15:00+09:00,3.289,3.306,3.289,3.305,49009.18
2025-05-14 14:20:00+09:00,3.307,3.309,3.3,3.305,32423.57
2025-05-14 14:25:00+09:00,3.303,3.303,3.295,3.299,19979.49
2025-05-14 14:30:00+09:00,3.299,3.307,3.298,3.302,7946.07
2025-05-14 14:35:00+09:00,3.301,3.311,3.301,3.311,10931.87
2025-05-14 14:40:00+09:00,3.311,3.315,3.306,3.311,13265.96
2025-05-14 14:45:00+09:00,3.311,3.325,3.308,3.325,11757.15
2025-05-14 14:50:00+09:00,3.325,3.333,3.323,3.327,11067.06
2025-05-14 14:55:00+09:00,3.328,3.329,3.311,3.313,22656.38
2025-05-14 15:00:00+09:00,3.313,3.32,3.312,3.315,6637.05
2025-05-14 15:05:00+09:00,3.316,3.318,3.301,3.306,10661.64
2025-05-14 15:10:00+09:00,3.307,3.307,3.297,3.301,14469.73
2025-05-14 15:15:00+09:00,3.302,3.306,3.289,3.289,22222.69
2025-05-14 15:20:00+09:00,3.29,3.291,3.279,3.283,33860.23
2025-05-14 15:25:00+09:00,3.283,3.29,3.283,3.29,9567.98
2025-05-14 15:30:00+09:00,3.289,3.293,3.285,3.291,25348.26
2025-05-14 15:35:00+09:00,3.292,3.296,3.288,3.288,7345.1
2025-05-14 15:40:00+09:00,3.289,3.298,3.286,3.296,10938.81
2025-05-14 15:45:00+09:00,3.295,3.296,3.278,3.292,15604.56
2025-05-14 15:50:00+09:00,3.292,3.294,3.289,3.289,11838.72
2025-05-14 15:55:00+09:00,3.288,3.293,3.286,3.288,10016.03
2025-05-14 16:00:00+09:00,3.29,3.29,3.268,3.271,28082.49
2025-05-14 16:05:00+09:00,3.272,3.286,3.271,3.277,38169.69
2025-05-14 16:10:00+09:00,3.277,3.282,3.27,3.281,24433.07
2025-05-14 16:15:00+09:00,3.282,3.284,3.25,3.264,91697.99
2025-05-14 16:20:00+09:00,3.264,3.269,3.253,3.256,20343.2
2025-05-14 16:25:00+09:00,3.257,3.26,3.232,3.236,127842.75
2025-05-14 16:30:00+09:00,3.237,3.247,3.223,3.246,54692.28
2025-05-14 16:35:00+09:00,3.247,3.25,3.236,3.246,29431.77
2025-05-14 16:40:00+09:00,3.245,3.253,3.241,3.25,9262.77
2025-05-14 16:45:00+09:00,3.249,3.253,3.239,3.251,34064.47
2025-05-14 16:50:00+09:00,3.25,3.251,3.24,3.242,32950.6
2025-05-14 16:55:00+09:00,3.241,3.243,3.231,3.231,36211.8
2025-05-14 17:00:00+09:00,3.231,3.245,3.219,3.231,43070.76
2025-05-14 17:05:00+09:00,3.234,3.24,3.2,3.211,79742.46
2025-05-14 17:10:00+09:00,3.211,3.214,3.195,3.214,64486.64
2025-05-14 17:15:00+09:00,3.213,3.222,3.206,3.217,43418.38
2025-05-14 17:20:00+09:00,3.217,3.23,3.216,3.226,14597.02
2025-05-14 17:25:00+09:00,3.225,3.233,3.22,3.23,32443.01
2025-05-14 17:30:00+09:00,3.231,3.233,3.215,3.224,18174.66
2025-05-14 17:35:00+09:00,3.223,3.238,3.217,3.234,20031.7
2025-05-14 17:40:00+09:00,3.235,3.237,3.229,3.233,11676.6
2025-05-14 17:45:00+09:00,3.234,3.234,3.206,3.208,20276.78
2025-05-14 17:50:00+09:00,3.206,3.207,3.17,3.181,160365.2
2025-05-14 17:55:00+09:00,3.182,3.196,3.149,3.151,190577.85
2025-05-14 18:00:00+09:00,3.153,3.192,3.153,3.169,139361.61
2025-05-14 18:05:00+09:00,3.167,3.18,3.159,3.176,37278.86
2025-05-14 18:10:00+09:00,3.176,3.184,3.175,3.18,18054.99
2025-05-14 18:15:00+09:00,3.179,3.185,3.174,3.178,31431.22
2025-05-14 18:20:00+09:00,3.179,3.18,3.166,3.18,40903.2
2025-05-14 18:25:00+09:00,3.181,3.188,3.178,3.186,14854.98
2025-05-14 18:30:00+09:00,3.185,3.192,3.18,3.185,22602.83
2025-05-14 18:35:00+09:00,3.183,3.183,3.177,3.178,8653.22
2025-05-14 18:40:00+09:00,3.179,3.186,3.177,3.178,31080.11
2025-05-14 18:45:00+09:00,3.179,3.196,3.179,3.196,31589.72
2025-05-14 18:50:00+09:00,3.195,3.197,3.182,3.183,10351.75
2025-05-14 18:55:00+09:00,3.182,3.195,3.18,3.193,6668.53
2025-05-14 19:00:00+09:00,3.191,3.198,3.188,3.193,19264.36
2025-05-14 19:05:00+09:00,3.194,3.205,3.19,3.203,75043.25
2025-05-14 19:10:00+09:00,3.204,3.205,3.198,3.203,24249.79
2025-05-14 19:15:00+09:00,3.203,3.217,3.197,3.201,25707.2
2025-05-14 19:20:00+09:00,3.201,3.212,3.193,3.202,35223.62
2025-05-14 19:25:00+09:00,3.202,3.214,3.202,3.204,24326.34
2025-05-14 19:30:00+09:00,3.204,3.206,3.196,3.198,45147.37
2025-05-14 19:35:00+09:00,3.196,3.2,3.19,3.193,22036.64
2025-05-14 19:40:00+09:00,3.193,3.198,3.188,3.194,17676.85
2025-05-14 19:45:00+09:00,3.194,3.194,3.18,3.18,13486.61
2025-05-14 19:50:00+09:00,3.182,3.183,3.175,3.18,13517.28
2025-05-14 19:55:00+09:00,3.181,3.185,3.174,3.175,9630.59
2025-05-14 20:00:00+09:00,3.175,3.19,3.175,3.187,5916.16
2025-05-14 20:05:00+09:00,3.187,3.195,3.187,3.194,4002.63
2025-05-14 20:10:00+09:00,3.193,3.205,3.19,3.204,10259.18
2025-05-14 20:15:00+09:00,3.203,3.203,3.192,3.197,15720.48
2025-05-14 20:20:00+09:00,3.197,3.204,3.192,3.202,16571.68
2025-05-14 20:25:00+09:00,3.202,3.206,3.195,3.196,18368.07
2025-05-14 20:30:00+09:00,3.197,3.203,3.193,3.202,15729.82
2025-05-14 20:35:00+09:00,3.203,3.217,3.198,3.217,23724.14
2025-05-14 20:40:00+09:00,3.217,3.218,3.208,3.212,8676.07
2025-05-14 20:45:00+09:00,3.212,3.214,3.205,3.206,11557.63
2025-05-14 20:50:00+09:00,3.206,3.21,3.197,3.197,8400.41
2025-05-14 20:55:00+09:00,3.197,3.201,3.195,3.199,7458.33
2025-05-14 21:00:00+09:00,3.199,3.199,3.186,3.188,19804.64
2025-05-14 21:05:00+09:00,3.189,3.194,3.186,3.186,6859.54
2025-05-14 21:10:00+09:00,3.185,3.193,3.184,3.188,5088.85
2025-05-14 21:15:00+09:00,3.188,3.192,3.185,3.19,22442.8
2025-05-14 21:20:00+09:00,3.191,3.194,3.182,3.187,26583.58
2025-05-14 21:25:00+09:00,3.186,3.186,3.177,3.177,11008.61
2025-05-14 21:30:00+09:00,3.177,3.179,3.168,3.168,16284.37
2025-05-14 21:35:00+09:00,3.167,3.169,3.158,3.16,22901.61
2025-05-14 21:40:00+09:00,3.159,3.16,3.153,3.157,12825.13
2025-05-14 21:45:00+09:00,3.157,3.16,3.138,3.146,38554.54
2025-05-14 21:50:00+09:00,3.148,3.158,3.146,3.149,19549.06
2025-05-14 21:55:00+09:00,3.149,3.149,3.13,3.146,29391.5
2025-05-14 22:00:00+09:00,3.147,3.149,3.121,3.132,84333.94
2025-05-14 22:05:00+09:00,3.131,3.144,3.12,3.143,44415.75
2025-05-14 22:10:00+09:00,3.143,3.154,3.143,3.151,16311.65
2025-05-14 22:15:00+09:00,3.151,3.156,3.141,3.145,27436.02
2025-05-14 22:20:00+09:00,3.145,3.15,3.136,3.146,7300.37
2025-05-14 22:25:00+09:00,3.146,3.149,3.137,3.146,5236.96
2025-05-14 22:30:00+09:00,3.147,3.17,3.143,3.159,24199.7
2025-05-14 22:35:00+09:00,3.16,3.162,3.132,3.148,22234.46
2025-05-14 22:40:00+09:00,3.149,3.154,3.116,3.119,25463.61
2025-05-14 22:45:00+09:00,3.121,3.125,3.096,3.106,78350.95
2025-05-14 22:50:00+09:00,3.107,3.133,3.105,3.131,49518.87
2025-05-14 22:55:00+09:00,3.131,3.141,3.123,3.141,13887.11
2025-05-14 23:00:00+09:00,3.142,3.142,3.124,3.139,20420.26
2025-05-14 23:05:00+09:00,3.138,3.139,3.121,3.126,39687.43
2025-05-14 23:10:00+09:00,3.126,3.126,3.106,3.106,26006.56
2025-05-14 23:15:00+09:00,3.107,3.108,3.086,3.096,45011.58
2025-05-14 23:20:00+09:00,3.097,3.106,3.085,3.099,26026.93
2025-05-14 23:25:00+09:00,3.101,3.107,3.095,3.101,15841.09
2025-05-14 23:30:00+09:00,3.101,3.108,3.096,3.101,14703.26
2025-05-14 23:35:00+09:00,3.099,3.111,3.097,3.107,26036.35
2025-05-14 23:40:00+09:00,3.107,3.116,3.102,3.104,37685.26
2025-05-14 23:45:00+09:00,3.104,3.105,3.085,3.088,40298.42
2025-05-14 23:50:00+09:00,3.087,3.099,3.082,3.098,36942.59
2025-05-14 23:55:00+09:00,3.099,3.101,3.086,3.087,22461.93
2025-05-15 00:00:00+09:00,3.087,3.088,3.061,3.064,47392.73
2025-05-15 00:05:00+09:00,3.065,3.086,3.062,3.084,26579.84
2025-05-15 00:10:00+09:00,3.085,3.098,3.083,3.093,20854.54
2025-05-15 00:15:00+09:00,3.092,3.092,3.073,3.073,19794.1
2025-05-15 00:20:00+09:00,3.073,3.073,3.047,3.058,63847.68
2025-05-15 00:25:00+09:00,3.06,3.071,3.059,3.069,16525.55
2025-05-15 00:30:00+09:00,3.069,3.076,3.056,3.076,26413.61
2025-05-15 00:35:00+09:00,3.075,3.083,3.067,3.083,24482.3
2025-05-15 00:40:00+09:00,3.081,3.081,3.07,3.073,21795.66
2025-05-15 00:45:00+09:00,3.073,3.077,3.067,3.071,22182.84
2025-05-15 00:50:00+09:00,3.072,3.076,3.061,3.07,30289.6
2025-05-15 00:55:00+09:00,3.071,3.082,3.069,3.082,22154.55
2025-05-15 01:00:00+09:00,3.082,3.089,3.078,3.085,36152.58
2025-05-15 01:05:00+09:00,3.085,3.095,3.078,3.087,25810.03
2025-05-15 01:10:00+09:00,3.087,3.1,3.087,3.1,19177.84
2025-05-15 01:15:00+09:00,3.1,3.101,3.079,3.079,21693.8
2025-05-15 01:20:00+09:00,3.079,3.081,3.065,3.075,23986.82
2025-05-15 01:25:00+09:00,3.076,3.082,3.063,3.067,15236.6
2025-05-15 01:30:00+09:00,3.068,3.076,3.058,3.073,26883.98
2025-05-15 01:35:00+09:00,3.074,3.081,3.064,3.072,10513.93
2025-05-15 01:40:00+09:00,3.073,3.08,3.059,3.064,50041.7
2025-05-15 01:45:00+09:00,3.065,3.071,3.035,3.038,43826.67
2025-05-15 01:50:00+09:00,3.038,3.053,3.034,3.053,76342.79
2025-05-15 01:55:00+09:00,3.052,3.063,3.051,3.062,14596.22
2025-05-15 02:00:00+09:00,3.061,3.065,3.048,3.053,18846.84
2025-05-15 02:05:00+09:00,3.05,3.062,3.041,3.056,18216.02
2025-05-15 02:10:00+09:00,3.056,3.056,3.023,3.035,75261.12
2025-05-15 02:15:00+09:00,3.038,3.038,3.025,3.031,55780.83
